/*--------------------------------*- C++ -*----------------------------------*\
  =========                 |
  \\      /  F ield         | OpenFOAM: The Open Source CFD Toolbox
   \\    /   O peration     | Website:  https://openfoam.org
    \\  /    A nd           | Version:  10
     \\/     M anipulation  |
\*---------------------------------------------------------------------------*/
FoamFile
{
    format      ascii;
    class       volScalarField;
    location    "0";
    object      thickness;
}
// * * * * * * * * * * * * * * * * * * * * * * * * * * * * * * * * * * * * * //

dimensions      [0 0 0 0 0 0 0];

internalField   uniform 0;

boundaryField
{
    front
    {
        type            fixedValue;
        value           uniform 0;
    }
    back
    {
        type            fixedValue;
        value           uniform 0;
    }
    inlet
    {
        type            fixedValue;
        value           uniform 0;
    }
    outlet
    {
        type            fixedValue;
        value           uniform 0;
    }
    lowerWall
    {
        type            fixedValue;
        value           nonuniform List<scalar> 
5433
(
0
0
0
0
0
0
0
0
0
0
2.49948
2.49972
2.4998
2.49987
2.49995
2.49999
2.5
2.5
2.5
2.5
2.5
2.5
2.5
2.5
2.5
2.5
2.5
2.5
2.49999
2.49995
2.49988
2.4998
2.49972
2.49948
2.49668
2.49783
2.49839
2.49894
2.4995
2.49983
2.49995
2.49998
2.49999
2.5
2.5
2.5
2.5
2.5
2.5
2.49999
2.49998
2.49996
2.49987
2.49957
2.499
2.49842
2.49784
2.49668
2.48277
2.48723
2.49004
2.49323
2.49651
2.49864
2.49952
2.49978
2.49988
2.49995
2.49999
2.5
2.5
2.49999
2.49996
2.49988
2.4998
2.49961
2.49893
2.49702
2.49369
2.49028
2.48733
2.48279
2.43
2.44293
2.45352
2.4673
2.48193
2.49196
2.49654
2.49815
2.49892
2.49951
2.49985
2.49997
2.49998
2.49988
2.49958
2.499
2.49832
2.49719
2.49371
2.48478
2.46979
2.45485
2.44352
2.43017
2.27524
2.30267
2.33323
2.37916
2.42917
2.46441
2.48173
2.48886
2.49309
2.49659
2.49881
2.4997
2.49978
2.49911
2.49714
2.4937
2.4899
2.48489
2.47212
2.44103
2.38909
2.33864
2.30535
2.27615
1.92344
1.96318
2.0322
2.15399
2.28726
2.37972
2.42696
2.44979
2.46691
2.48263
2.49331
2.49801
2.49854
2.49519
2.4858
2.47015
2.45408
2.4378
2.40427
2.32404
2.18307
2.04835
1.97254
1.9269
1.20433
1.22266
1.34822
1.72057
2.0061
2.18342
2.27328
2.3263
2.3793
2.43354
2.47247
2.49082
2.49342
2.48115
2.4474
2.3919
2.33859
2.29866
2.23846
2.09128
1.78405
1.40174
1.24913
1.21358
0.65021
0.625386
0.694901
1.08683
1.61573
1.83678
1.93864
2.02789
2.15872
2.30664
2.41606
2.46995
2.47924
2.44634
2.35369
2.19596
2.05214
1.97567
1.91443
1.76526
1.31433
1.05296
0.687752
0.636503
0.3125
0.3125
0.3125
0.72784
1.22851
1.28772
1.25243
1.35981
1.73535
2.06772
2.30911
2.42932
2.45377
2.38941
2.1965
1.82311
1.40589
1.2714
1.2833
1.36782
1.07103
0.720746
0.311771
0.268453
0.313352
0.242619
0.3125
0.710605
1.02837
1.00728
0.694872
0.743636
1.0961
1.75474
2.1768
2.38005
2.42679
2.3373
2.05774
1.41166
1.0578
0.699927
0.736697
0.937387
0.947346
0.682041
0.309577
0.242589
0.327134
0.3125
0.3125
0.91988
0.952025
0.696248
0.309203
0.25575
0.730892
1.49782
2.10249
2.35223
2.41254
2.31297
2.00244
1.30557
0.747038
0.309203
0.255725
0.711692
0.961613
0.80078
0.325557
0.287294
1.19293
1.18238
1.20328
1.25263
1.06999
0.826664
0.320094
0.274968
1.00593
1.65823
2.1209
2.35724
2.41276
2.31008
2.00524
1.37676
0.885769
0.354958
0.285563
0.797136
0.871231
0.828989
0.834829
0.865999
1.88931
1.84878
1.7039
1.41503
1.03742
0.822695
0.710793
0.834736
1.23348
1.73569
2.14637
2.3652
2.41496
2.31157
2.01611
1.51582
1.00613
0.732066
0.697891
0.707278
0.745655
0.59609
0.789583
1.04998
2.22625
2.14165
1.88423
1.29903
0.907435
0.57623
0.536801
0.610524
1.0075
1.65196
2.11007
2.35008
2.4083
2.30504
1.99775
1.37181
1.02496
0.609154
0.528526
0.522922
0.588099
0.312381
0.402668
1.0487
2.37314
2.25821
1.94273
1.25217
0.728021
0.3125
0.3125
0.3125
0.744366
1.4675
2.05786
2.32301
2.39213
2.28981
1.96876
1.27457
0.754416
0.370374
0.3125
0.3125
0.564354
0.336567
0.470884
1.20371
2.42099
2.29464
1.96501
1.25818
0.723661
0.3125
0.3125
0.3125
0.743834
1.45797
2.02789
2.28458
2.35148
2.25175
1.9384
1.25542
0.734627
0.358227
0.2671
0.31196
0.669256
1.00785
1.24883
1.61929
2.42147
2.29804
1.98166
1.31826
0.755187
0.37858
0.3125
0.3125
0.993781
1.57868
1.97289
2.17704
2.22566
2.13509
1.8646
1.28113
0.784338
0.284538
0.31248
0.735472
1.32837
1.72767
1.96444
2.37291
2.26195
1.97141
1.47201
0.965391
0.736588
0.709779
0.840236
1.16621
1.51828
1.75996
1.87991
1.90449
1.83957
1.65665
1.32308
0.870823
0.580505
0.633914
0.772287
1.08185
1.52758
1.91285
2.12839
2.22147
2.12999
1.86576
1.31993
1.01555
0.612405
0.56734
0.660675
0.911246
1.15255
1.17309
1.18726
1.19553
1.18589
1.15794
1.06143
0.960451
0.584721
0.525026
0.593923
0.96507
1.51609
1.88975
2.07811
1.87941
1.81749
1.61535
1.13739
0.729033
0.3125
0.3125
0.3125
0.664685
0.887254
0.671963
0.62284
0.627955
0.638276
0.719545
0.720164
0.662584
0.3125
0.3125
0.3125
0.730289
1.31338
1.65267
1.7863
1.18726
1.16124
1.12347
0.971244
0.692119
0.3125
0.3125
0.3125
0.532365
0.534423
0.3125
0.3125
0.312462
0.312462
0.3125
0.499488
0.541102
0.3125
0.3125
0.3125
0.715622
1.08214
1.11861
1.14654
0.649162
0.621327
0.663934
0.856826
0.807643
0.373095
0.3125
0.3125
0.477887
0.300841
0.3125
0.31246
0.3125
0.3125
0.31246
0.323106
0.361921
0.326638
0.3125
0.3125
0.855175
0.930419
0.663167
0.61767
0.3125
0.3125
0.3125
0.711543
1.06721
1.07723
1.0339
0.906124
0.713667
0.592189
0.3125
0.31246
0.440001
0.3125
0.31246
0.579074
0.878976
1.03998
1.09021
1.08434
0.953748
0.689322
0.311771
0.268454
0.3125
0.242601
0.31246
0.719506
1.23733
1.46207
1.47748
1.31634
0.972631
0.672511
0.3125
0.311968
0.312462
0.312478
0.3125
0.703212
1.20712
1.48569
1.56974
1.45415
1.06435
0.698594
0.309518
0.242584
0.62748
0.3125
0.327123
0.635836
0.3125
0.3125
0.897391
0.542109
0.3125
0.635538
0.286464
0.328229
0.3125
0.275595
0.3125
0.3125
0.312467
0.242619
0.531534
0.524491
0.3125
0.267328
0.273231
0.309552
0.260893
0.26607
0.242589
0.275597
0.3125
0.3125
0.312467
0.3125
0.3125
0.524521
0.531636
0.3125
0.690057
0.312743
0.327277
0.865979
0.551084
0.343702
0.273232
0.267241
0.309757
0.277995
0.264892
0.26831
0.3125
0.63007
0.623435
0.237517
0.240546
0.304045
0.531666
0.531664
0.2497
0.237509
0.242239
0.309089
0.534781
0.533462
0.259685
0.286398
0.563314
0.604776
0.28485
0.568042
0.560921
0.272562
0.555705
0.599607
0.523559
0.77935
0.60507
0.507867
0.689532
0.581562
0.617531
0.35542
0.333406
0.543148
0.3125
0.3125
0.544686
0.3125
0.3125
0.78797
0.576225
0.3125
0.541188
0.3125
0.372578
0.524993
0.3125
0.3125
0.567016
0.503595
0.3125
0.312492
0.337594
0.543951
0.326306
0.326687
0.251951
0.683437
0.665775
0.361337
0.3125
0.3125
0.3125
0.3125
0.3125
0.3125
0.585072
0.58686
0.3125
0.3125
0.300679
0.367289
0.3125
0.312266
0.270248
0.495156
0.511264
0.312476
0.361133
0.652003
0.645365
0.3125
0.3125
0.3125
0.3125
0.3125
0.3125
0.586914
0.585182
0.3125
0.295352
0.228288
0.309924
0.309959
0.281766
0.515321
0.527847
0.311974
0.324888
0.580226
0.567474
0.576454
0.786207
0.620669
0.312319
0.516298
0.440332
0.53662
0.646103
0.554401
0.57743
0.343186
0.328953
0.596669
0.357429
0.325744
0.790724
0.542791
0.367985
0.531273
0.3125
0.328492
0.538616
0.3125
0.3125
0.749919
0.518846
0.3125
0.3125
0.3125
0.3125
0.3125
0.3125
0.3125
0.532204
0.499876
0.3125
0.629536
0.3125
0.329753
0.623503
0.31248
0.3125
0.636133
0.320042
0.3125
0.673828
0.359389
0.3125
0.3125
0.3125
0.3125
0.3125
0.3125
0.3125
0.531807
0.525504
0.3125
0.3125
0.3125
0.3125
0.3125
0.3125
0.3125
0.490747
0.465602
0.3125
0.3125
0.312476
0.3125
0.31198
0.311975
0.3125
0.311976
0.31198
0.312462
0.3125
0.312476
0.312462
0.497269
0.402533
0.3125
0.510192
0.324025
0.340489
0.3125
0.3125
0.3125
0.3125
0.3125
0.3125
0.525429
0.531501
0.3125
0.625287
0.3125
0.327127
0.624105
0.3125
0.3125
0.788358
0.52547
0.3125
0.328228
0.663181
0.708465
0.3125
0.589294
0.612994
0.454385
0.583817
0.577764
0.295059
0.527453
0.589753
0.31196
0.311935
0.3125
0.317417
0.450131
0.31246
0.31248
0.354602
0.442742
0.311959
0.311935
0.3125
0.394393
0.469092
0.31246
0.3125
0.526992
0.502195
0.3125
0.606785
0.61114
0.3125
0.619018
0.611327
0.525053
0.784472
0.660097
0.622015
0.286464
0.327935
0.624235
0.284794
0.287414
0.3125
0.275393
0.3125
0.3125
0.312442
0.242601
0.531586
0.525415
0.312499
0.311935
0.31177
0.3125
0.446744
0.31248
0.312437
0.354574
0.312495
0.3125
0.311935
0.31196
0.3125
0.488429
0.520859
0.31246
0.267328
0.273225
0.309576
0.264734
0.264476
0.242584
0.273443
0.310037
0.3125
0.311916
0.311936
0.311951
0.525541
0.526852
0.31246
0.310096
0.310037
0.3125
0.311979
0.307938
0.311951
0.31231
0.308135
0.309975
0.312436
0.312459
0.310198
0.526117
0.531155
0.3125
0.273226
0.307468
0.309643
0.253789
0.228584
0.30997
0.88543
0.549987
0.874594
0.676924
0.323104
0.287414
0.3125
0.3125
0.3125
0.3125
0.311938
0.311936
0.3125
0.3125
0.3125
0.373657
0.373248
0.691479
0.268237
0.266019
0.30786
0.26803
0.285216
0.285244
0.3125
0.3125
0.314546
0.242615
0.306817
0.306814
0.3125
0.3125
0.3125
0.690531
0.312748
0.327227
0.908966
0.555314
0.343714
0.888512
0.550765
0.893043
0.373182
0.373413
0.688945
0.276035
0.266172
0.307872
0.242518
0.282468
0.282443
0.3125
0.62616
0.649521
0.3125
0.371134
0.373772
0.534162
0.83751
0.679796
0.372499
0.371491
0.700173
0.259144
0.215303
0.299977
0.309079
0.299975
0.215298
0.372633
0.372598
0.746339
0.259143
0.215307
0.299991
0.308916
0.281887
0.214468
0.532086
0.768711
0.897288
0.286982
0.37405
0.442409
0.28742
0.365062
0.365484
0.534989
0.77859
0.942417
0.274968
0.371558
0.441949
0.319692
0.438937
0.371568
0.274482
0.556985
0.625953
0.324728
0.431743
0.371442
0.656806
0.363755
0.591481
0.937025
0.836162
0.561222
0.67133
0.38043
0.75025
0.81048
0.591694
0.883937
0.312496
0.310151
0.307618
0.375851
0.374247
0.723323
0.3125
0.3125
0.3125
0.3125
0.3125
0.3125
0.369816
0.369784
0.3125
0.506437
0.500973
0.744926
0.3125
0.3125
0.370469
0.3125
0.302798
0.310072
0.3125
0.3125
0.3125
0.734617
0.934128
0.730884
0.374325
0.380554
0.730662
0.3125
0.3125
0.3125
0.3125
0.3125
0.3125
0.370085
0.370029
0.3125
0.481072
0.16582
0.71354
0.312365
0.287912
0.316487
0.276547
0.274587
0.246884
0.3125
0.312304
0.280035
0.327738
0.593465
0.644159
0.32575
0.415992
0.37481
0.371988
0.46349
0.380779
0.129233
0.238084
0.17746
0.801981
0.539964
0.873459
0.769456
0.533394
0.809828
0.373867
0.373857
0.703405
0.3125
0.3125
0.3125
0.3125
0.3125
0.3125
0.3125
0.32047
0.3125
0.826802
0.525275
0.700201
0.805883
0.530797
0.369797
0.373563
0.370622
0.602065
0.3125
0.3125
0.3125
0.3125
0.3125
0.3125
0.3125
0.3125
0.3125
0.373784
0.373791
0.690212
0.3125
0.3125
0.3125
0.3125
0.3125
0.3125
0.3125
0.3125
0.3125
0.587535
0.286869
0.47445
0.369143
0.354565
0.317937
0.3125
0.3125
0.3125
0.312462
0.298111
0.312494
0.312462
0.298095
0.298096
0.3125
0.312494
0.298125
0.3125
0.3125
0.3125
0.369267
0.361389
0.446334
0.3125
0.3125
0.3125
0.3125
0.3125
0.3125
0.3125
0.3125
0.3125
0.3125
0.371319
0.378898
0.324565
0.410985
0.372205
0.353203
0.368546
0.536643
0.31246
0.298076
0.319086
0.314435
0.314318
0.298067
0.3125
0.346011
0.347499
0.31246
0.298071
0.312495
0.312498
0.312495
0.298071
0.30752
0.31207
0.341045
0.462549
0.648783
0.515449
0.3125
0.374489
0.426411
0.3125
0.370594
0.372716
0.328828
0.446195
0.382595
0.829838
0.540791
0.806919
0.3125
0.3125
0.312551
0.3125
0.311935
0.311935
0.3125
0.3125
0.3125
0.371168
0.375512
0.656813
0.31246
0.298063
0.320358
0.3125
0.312495
0.298075
0.31246
0.29806
0.312495
0.3125
0.312495
0.298071
0.373608
0.37398
0.689221
0.26824
0.266043
0.307866
0.268324
0.285253
0.285246
0.312466
0.308391
0.3125
0.242595
0.282718
0.282767
0.3125
0.312495
0.298106
0.375673
0.375186
0.684841
0.3125
0.310167
0.320542
0.312462
0.297161
0.289039
0.312478
0.297155
0.297143
0.311966
0.289045
0.297173
0.3125
0.320553
0.310171
0.37526
0.375174
0.709344
0.275984
0.265873
0.293528
0.242507
0.279505
0.282709
0.3125
0.372814
0.374221
0.432693
0.377132
0.3125
0.3125
0.371754
0.377061
0.373881
0.371206
0.3125
0.384712
0.45349
0.329471
0.457756
0.381025
0.287144
0.312386
0.3125
0.3125
0.312467
0.3125
0.310966
0.3125
0.3125
0.3125
0.275566
0.310966
0.3125
0.306839
0.306847
0.242615
0.3125
0.3125
0.3125
0.269233
0.266718
0.266932
0.292343
0.266901
0.268491
0.307859
0.266129
0.275983
0.263825
0.269171
0.264792
0.282452
0.282441
0.242518
0.31096
0.3125
0.312467
0.3125
0.3125
0.312385
0.313353
0.3125
0.3125
0.3125
0.31096
0.27557
0.3125
0.312385
0.3125
0.311931
0.311932
0.3125
0.3125
0.3125
0.3125
0.288987
0.430609
0.482676
0.459953
0.385745
0.284701
0.511972
0.52883
0.368941
0.268498
0.266933
0.292363
0.266863
0.266733
0.269221
0.307859
0.266036
0.267278
0.264196
0.268553
0.271994
0.285236
0.285263
0.268465
0.376615
0.371653
0.3125
0.213388
0.213391
0.238919
0.240546
0.213388
0.213389
0.299847
0.215233
0.2497
0.215233
0.299844
0.304044
0.213252
0.213387
0.238918
0.241807
0.213396
0.213267
0.299992
0.215306
0.257304
0.214478
0.281889
0.309037
0.365491
0.366405
0.28623
0.368754
0.365938
0.286479
0.363765
0.363403
0.272562
0.3125
0.378081
0.457562
0.432053
0.374622
0.3125
0.3125
0.364027
0.363318
0.3125
0.363064
0.366222
0.36301
0.362544
0.3125
0.375123
0.460968
0.371809
0.3125
0.365365
0.362855
0.464507
0.374706
0.3125
0.362519
0.361917
0.3125
0.326149
0.4257
0.379712
0.3125
0.312014
0.312499
0.311367
0.31097
0.3125
0.288875
0.305771
0.305653
0.3125
0.386468
0.46428
0.3125
0.3125
0.3125
0.3125
0.3125
0.3125
0.3125
0.3125
0.3125
0.3125
0.3125
0.3125
0.3125
0.3125
0.3125
0.3125
0.3125
0.3125
0.3125
0.369955
0.370054
0.311928
0.3125
0.3125
0.312468
0.3125
0.309729
0.369963
0.3125
0.31249
0.3125
0.305899
0.3125
0.272917
0.289117
0.312493
0.301467
0.277613
0.248494
0.3125
0.3125
0.3125
0.462477
0.383961
0.312078
0.3125
0.3125
0.3125
0.3125
0.3125
0.3125
0.3125
0.3125
0.3125
0.3125
0.3125
0.3125
0.3125
0.3125
0.3125
0.3125
0.3125
0.3125
0.3125
0.369877
0.369924
0.261608
0.276016
0.311876
0.251521
0.268022
0.145582
0.246246
0.269982
0.268938
0.286549
0.307955
0.268
0.269848
0.268215
0.268977
0.308153
0.279957
0.312304
0.3125
0.417649
0.442259
0.343267
0.446484
0.379531
0.3125
0.327677
0.425306
0.478139
0.416165
0.374554
0.3125
0.505519
0.526363
0.372724
0.3125
0.364806
0.362356
0.439947
0.372614
0.3125
0.3125
0.362701
0.365618
0.361853
0.362024
0.3125
0.373042
0.437021
0.3281
0.3125
0.3125
0.3125
0.3125
0.3125
0.3125
0.3125
0.3125
0.3125
0.3125
0.3125
0.3125
0.3125
0.3125
0.3125
0.3125
0.3125
0.3125
0.3125
0.32047
0.3125
0.3125
0.373626
0.374264
0.453336
0.38065
0.3125
0.31248
0.371091
0.374136
0.373831
0.371014
0.3125
0.374991
0.37425
0.3125
0.378929
0.378686
0.3125
0.3125
0.3125
0.3125
0.3125
0.3125
0.3125
0.3125
0.3125
0.3125
0.3125
0.3125
0.3125
0.3125
0.3125
0.3125
0.3125
0.3125
0.3125
0.3125
0.3125
0.3125
0.3125
0.3125
0.3125
0.3125
0.3125
0.3125
0.3125
0.3125
0.3125
0.3125
0.3125
0.3125
0.3125
0.3125
0.3125
0.3125
0.3125
0.3125
0.3125
0.3125
0.3125
0.3125
0.3125
0.3125
0.312476
0.3125
0.3125
0.3125
0.3125
0.3125
0.279742
0.27974
0.311979
0.311974
0.279741
0.279735
0.312494
0.298113
0.312462
0.27977
0.279739
0.311975
0.311977
0.279745
0.27978
0.298096
0.298096
0.312462
0.3125
0.3125
0.3125
0.312476
0.3125
0.3125
0.29813
0.312494
0.3125
0.3125
0.3125
0.312498
0.312272
0.360612
0.402482
0.405522
0.359356
0.309765
0.3125
0.3125
0.3125
0.3125
0.3125
0.3125
0.3125
0.3125
0.3125
0.3125
0.3125
0.3125
0.3125
0.3125
0.3125
0.3125
0.3125
0.3125
0.3125
0.3125
0.3125
0.3125
0.372737
0.374016
0.432617
0.37707
0.3125
0.3125
0.371308
0.375854
0.373651
0.370942
0.3125
0.382793
0.446349
0.328841
0.370283
0.369288
0.3125
0.312481
0.3125
0.312273
0.27964
0.279644
0.311959
0.311935
0.279641
0.27963
0.319086
0.298076
0.31246
0.362924
0.341665
0.320722
0.298065
0.312494
0.3125
0.27964
0.27964
0.31196
0.311935
0.279643
0.279632
0.312495
0.298074
0.31246
0.298068
0.312495
0.3125
0.3125
0.312479
0.312057
0.372774
0.370905
0.3125
0.375643
0.37111
0.3125
0.453388
0.379868
0.287145
0.286415
0.37135
0.376379
0.372967
0.370648
0.287305
0.312386
0.3125
0.3125
0.312443
0.3125
0.310965
0.312551
0.3125
0.312499
0.3125
0.312386
0.3125
0.275364
0.310965
0.3125
0.306837
0.306838
0.242595
0.3125
0.3125
0.3125
0.279645
0.279623
0.311935
0.311959
0.279632
0.279644
0.320358
0.298066
0.31246
0.31248
0.322284
0.341931
0.298071
0.312495
0.3125
0.345175
0.345121
0.3125
0.279636
0.279623
0.311935
0.311769
0.279624
0.279629
0.312495
0.298059
0.312437
0.298066
0.312495
0.3125
0.269237
0.266736
0.266934
0.292363
0.266933
0.268497
0.307872
0.266174
0.276034
0.271846
0.268573
0.264454
0.282453
0.282477
0.242507
0.268759
0.289896
0.311922
0.312459
0.297208
0.270903
0.3125
0.309949
0.3125
0.279735
0.268719
0.273418
0.30796
0.269883
0.279743
0.288414
0.287438
0.309988
0.298107
0.312495
0.3125
0.271087
0.298188
0.312436
0.312459
0.298193
0.271088
0.320542
0.310168
0.3125
0.278909
0.27893
0.311977
0.30796
0.270931
0.270891
0.289043
0.289008
0.309991
0.279107
0.279082
0.31231
0.308158
0.270915
0.270922
0.288973
0.289005
0.310213
0.298198
0.271089
0.310085
0.310048
0.27111
0.2982
0.289028
0.289052
0.311954
0.310171
0.320553
0.3125
0.268689
0.267034
0.292346
0.267541
0.266994
0.269862
0.293532
0.265885
0.265715
0.255562
0.26131
0.268546
0.28909
0.254885
0.246811
0.287433
0.280918
0.304464
0.3125
0.3125
0.3125
0.3125
0.3125
0.3125
0.3125
0.3125
0.3125
1.04657
0.99431
0.71445
0.305933
0.29603
0.30988
0.275678
0.276028
0.26846
0.234375
0.242614
0.246512
0.3125
0.3125
0.3125
0.975283
0.958993
0.712386
0.872726
0.547286
0.833846
0.29429
0.287414
0.308103
0.234375
0.24258
0.239118
0.3125
0.377061
0.432644
0.3125
0.3125
0.3125
0.32927
0.450808
0.38402
0.300278
0.285563
0.304709
0.278763
0.259299
0.238122
1.0638
1.06378
0.73088
0.278675
0.258729
0.237972
0.948778
0.933963
0.707655
0.294212
0.309553
0.308064
0.285195
0.304029
0.300859
0.551844
0.81363
1.0256
0.305887
0.425858
0.495099
0.300279
0.309203
0.304707
0.513876
0.442111
0.329829
0.3125
0.3125
0.3125
0.3125
0.3125
0.3125
0.3125
0.3125
0.3125
0.3125
0.312499
0.312499
0.3125
0.3125
0.3125
0.486885
0.707781
0.617514
0.315056
0.431906
0.486412
0.3125
0.3125
0.3125
0.3125
0.3125
0.3125
0.3125
0.3125
0.3125
0.261554
0.254259
0.248875
0.312461
0.31179
0.30787
0.854959
0.965429
0.706621
0.464311
0.697156
0.89731
0.369567
0.506292
0.527809
0.3125
0.3125
0.3125
0.3125
0.3125
0.3125
0.252965
0.480106
0.873495
0.312017
0.345863
0.293993
0.3125
0.373393
0.365824
0.3125
0.3125
0.3125
0.3125
0.3125
0.3125
0.3125
0.3125
0.3125
0.84076
0.680193
0.603022
0.3125
0.3125
0.3125
0.3125
0.3125
0.3125
0.3125
0.3125
0.3125
1.05008
1.02021
0.720808
0.3125
0.3125
0.3125
0.3125
0.3125
0.3125
0.3125
0.3125
0.3125
0.3125
0.3125
0.3125
0.3125
0.3125
0.3125
0.3125
0.31246
0.311791
0.3125
0.31246
0.311791
0.3125
0.3125
0.3125
0.3125
0.3125
0.3125
0.3125
0.3125
0.3125
0.3125
0.3125
0.3125
0.997727
0.955932
0.711638
0.553097
0.834899
0.93071
0.369115
0.512606
0.529266
0.3125
0.3125
0.3125
0.356569
0.406392
0.329404
0.3125
0.312462
0.311791
0.3125
0.3125
0.3125
0.3125
0.3125
0.3125
0.3125
0.312462
0.311791
0.470336
0.490391
0.366046
0.3125
0.3125
0.3125
0.3125
0.3125
0.3125
0.3125
0.3125
0.3125
0.3125
0.3125
0.3125
0.955064
0.993617
0.715075
0.666937
0.840533
0.957624
0.3125
0.3125
0.3125
0.3125
0.312462
0.311791
0.3125
0.3125
0.3125
0.3125
0.312462
0.311791
0.66259
0.860124
0.661589
0.305934
0.296034
0.309881
0.275681
0.276033
0.268462
0.3125
0.3125
0.3125
0.234375
0.242597
0.239134
0.3125
0.312462
0.311787
1.01139
1.02257
0.722404
0.3125
0.3125
0.3125
0.312466
0.311963
0.308075
0.3125
0.31246
0.311788
0.3125
0.312443
0.311965
0.3125
0.3125
0.312461
0.959944
1.00636
0.720078
0.234375
0.242592
0.239132
0.3125
0.3125
0.3125
0.3125
0.3125
0.3125
0.3125
0.3125
0.3125
0.3125
0.3125
0.3125
0.286244
0.37361
0.374557
0.3125
0.3125
0.3125
0.305784
0.306838
0.280451
0.3125
0.3125
0.3125
0.3125
0.312386
0.3125
0.311831
0.31193
0.31247
0.246515
0.242617
0.234375
0.524949
0.373434
0.373845
0.373743
0.373614
0.524409
0.3125
0.3125
0.3125
0.266458
0.26617
0.267171
0.300732
0.282444
0.261179
0.308063
0.287295
0.294215
0.262652
0.265163
0.262978
0.268689
0.268382
0.263558
0.239114
0.242584
0.234375
0.280449
0.306839
0.305785
0.3125
0.3125
0.3125
0.3125
0.3125
0.3125
0.31247
0.311931
0.311832
0.3125
0.3125
0.3125
0.3125
0.3125
0.3125
0.524136
0.373636
0.373764
0.373906
0.37347
0.524716
0.3125
0.3125
0.3125
0.261191
0.282459
0.30073
0.267126
0.266132
0.26639
0.268337
0.276266
0.285839
0.267351
0.269271
0.264028
0.268369
0.275986
0.275594
0.3125
0.3125
0.3125
0.221836
0.214434
0.229415
0.234144
0.215226
0.222056
0.300881
0.274977
0.285202
0.525121
0.37054
0.372598
0.371592
0.370361
0.525123
0.235814
0.249696
0.262254
0.221803
0.214425
0.229411
0.234391
0.215308
0.222635
0.304695
0.285456
0.299497
0.532943
0.40144
0.373952
0.373945
0.401427
0.532908
0.238606
0.259144
0.281697
0.307869
0.307861
0.286323
0.307197
0.307815
0.286181
0.299972
0.299813
0.271716
0.3125
0.3125
0.3125
0.375659
0.366725
0.3125
0.3125
0.3125
0.3125
0.3125
0.3125
0.3125
0.3125
0.3125
0.3125
0.3125
0.361797
0.362002
0.36299
0.366684
0.3125
0.312438
0.312435
0.312492
0.480313
0.461755
0.330885
0.3125
0.3125
0.3125
0.3125
0.3125
0.3125
0.3125
0.3125
0.3125
0.3125
0.3125
0.3125
0.3125
0.3125
0.3125
0.3125
0.3125
0.3125
0.3125
0.3125
0.3125
0.3125
0.3125
0.3125
0.311469
0.311576
0.299832
0.3125
0.3125
0.3125
0.309092
0.309447
0.312435
0.261639
0.239175
0.253327
0.498604
0.369259
0.36934
0.371514
0.370105
0.503141
0.312499
0.3125
0.3125
0.3125
0.3125
0.3125
0.3125
0.3125
0.3125
0.3125
0.3125
0.3125
0.3125
0.3125
0.3125
0.3125
0.3125
0.3125
0.3125
0.3125
0.3125
0.3125
0.3125
0.3125
0.274663
0.287421
0.307257
0.124653
0.200586
0.261633
0.297283
0.283463
0.303921
0.308177
0.288676
0.297082
0.294251
0.302895
0.303686
0.520345
0.373083
0.372301
0.375203
0.373649
0.522757
0.307846
0.311791
0.312462
0.362298
0.357241
0.312136
0.324828
0.41682
0.442304
0.3125
0.3125
0.3125
0.3125
0.3125
0.3125
0.3125
0.3125
0.3125
0.3125
0.3125
0.3125
0.3125
0.3125
0.3125
0.3125
0.3125
0.3125
0.3125
0.3125
0.3125
0.3125
0.3125
0.3125
0.3125
0.3125
0.3125
0.3125
0.3125
0.3125
0.52383
0.405414
0.375526
0.370475
0.403858
0.516599
0.3125
0.3125
0.3125
0.3125
0.3125
0.3125
0.312329
0.312495
0.3125
0.3125
0.3125
0.3125
0.320042
0.406991
0.410894
0.3125
0.3125
0.3125
0.328193
0.434332
0.491741
0.3125
0.3125
0.3125
0.3125
0.3125
0.3125
0.3125
0.3125
0.3125
0.3125
0.3125
0.3125
0.3125
0.3125
0.3125
0.3125
0.3125
0.3125
0.3125
0.3125
0.3125
0.525563
0.388835
0.373959
0.3125
0.3125
0.3125
0.3125
0.3125
0.3125
0.3125
0.3125
0.3125
0.3125
0.3125
0.3125
0.3125
0.3125
0.3125
0.3125
0.3125
0.3125
0.3125
0.3125
0.3125
0.482096
0.365845
0.36776
0.361081
0.363823
0.473933
0.3125
0.3125
0.3125
0.3125
0.3125
0.3125
0.312307
0.312494
0.3125
0.3125
0.3125
0.3125
0.307892
0.29807
0.310171
0.310145
0.298054
0.307887
0.3125
0.3125
0.3125
0.307891
0.298067
0.31015
0.310175
0.298079
0.307891
0.311791
0.31246
0.3125
0.3125
0.3125
0.3125
0.312307
0.312494
0.3125
0.311791
0.31246
0.3125
0.464363
0.361322
0.367504
0.348006
0.353794
0.429324
0.3125
0.3125
0.3125
0.3125
0.3125
0.3125
0.3125
0.3125
0.3125
0.3125
0.3125
0.3125
0.3125
0.3125
0.3125
0.3125
0.3125
0.3125
0.3125
0.3125
0.3125
0.524434
0.373675
0.373882
0.373914
0.373486
0.524848
0.3125
0.3125
0.3125
0.3125
0.3125
0.3125
0.3125
0.3125
0.3125
0.3125
0.3125
0.3125
0.3125
0.3125
0.3125
0.436429
0.487934
0.358917
0.3125
0.3125
0.3125
0.308689
0.310231
0.302143
0.536103
0.381108
0.378841
0.307886
0.298128
0.310102
0.309899
0.298097
0.307881
0.3125
0.3125
0.3125
0.356871
0.348714
0.420465
0.311791
0.312462
0.3125
0.322287
0.349481
0.3124
0.307882
0.298115
0.310099
0.3099
0.298098
0.307881
0.40354
0.348281
0.346205
0.362128
0.354627
0.433676
0.311791
0.312462
0.3125
0.3125
0.3125
0.3125
0.515114
0.372746
0.373802
0.419007
0.373348
0.510578
0.3125
0.3125
0.3125
0.286245
0.37259
0.373174
0.286146
0.30782
0.307222
0.308105
0.309578
0.294289
0.3125
0.3125
0.3125
0.305417
0.306825
0.280444
0.3125
0.3125
0.3125
0.3125
0.3125
0.3125
0.311626
0.311925
0.31247
0.246515
0.242618
0.234375
0.524907
0.373512
0.373938
0.373892
0.37369
0.524468
0.312499
0.3125
0.3125
0.307882
0.298098
0.309899
0.309914
0.298122
0.30788
0.3125
0.3125
0.3125
0.411007
0.344036
0.355411
0.312329
0.312495
0.3125
0.311791
0.312462
0.3125
0.34377
0.410335
0.444725
0.312495
0.341814
0.322232
0.3125
0.3125
0.3125
0.307882
0.298098
0.309899
0.310079
0.298114
0.307881
0.3125
0.3125
0.3125
0.504324
0.370175
0.36683
0.373669
0.371959
0.512293
0.311791
0.312462
0.3125
0.266459
0.266172
0.267172
0.300729
0.282454
0.261184
0.308103
0.287419
0.294291
0.264254
0.269275
0.267266
0.239115
0.242585
0.234375
0.261303
0.283716
0.301538
0.310037
0.298137
0.298155
0.3125
0.3125
0.3125
0.307788
0.296577
0.309214
0.309795
0.297075
0.307799
0.308043
0.311764
0.312447
0.525051
0.373741
0.373912
0.373409
0.373483
0.524863
0.311785
0.312462
0.3125
0.298233
0.2982
0.309926
0.310037
0.298137
0.298155
0.3125
0.3125
0.3125
0.307888
0.298083
0.310167
0.307703
0.287844
0.289001
0.308044
0.311765
0.312447
0.30992
0.308139
0.31215
0.307733
0.287873
0.289187
0.299055
0.309903
0.31211
0.311787
0.307882
0.311766
0.311946
0.30787
0.311784
0.299398
0.310255
0.312181
0.533771
0.407688
0.375399
0.375491
0.407502
0.534238
0.312461
0.3125
0.3125
0.261223
0.28249
0.300729
0.302704
0.285612
0.28885
0.251962
0.246455
0.254661
0.242177
0.241881
0.231165
0.299075
0.309873
0.312106
0.300498
0.430852
0.484964
0.375666
0.377062
0.286679
0.3125
0.3125
0.3125
0.3125
0.3125
0.3125
0.3125
0.3125
0.3125
0.3125
0.3125
0.3125
0.31184
0.312468
0.312471
0.312471
0.312467
0.311838
0.3125
0.3125
0.3125
0.3125
0.3125
0.3125
0.3125
0.3125
0.3125
0.372738
0.522759
0.531252
0.522849
0.522032
0.372883
0.266156
0.275524
0.28518
0.267097
0.267776
0.265846
0.308055
0.287228
0.286341
0.268316
0.27597
0.275571
0.277221
0.29236
0.30419
0.3125
0.3125
0.3125
0.3125
0.3125
0.3125
0.246507
0.242614
0.234375
0.305758
0.275569
0.280426
0.280428
0.275567
0.305755
0.3125
0.3125
0.3125
0.3125
0.3125
0.3125
0.3125
0.3125
0.3125
0.288987
0.430502
0.482752
0.458963
0.385604
0.284702
0.512067
0.528833
0.368964
0.372563
0.519663
0.522362
0.530758
0.520382
0.372401
0.268463
0.268455
0.275685
0.267174
0.26733
0.26646
0.307892
0.286464
0.286358
0.239129
0.24258
0.234375
0.261177
0.273204
0.300712
0.374074
0.372719
0.3125
0.3125
0.3125
0.3125
0.370045
0.520999
0.530901
0.530911
0.521004
0.369869
0.238606
0.259684
0.281696
0.234372
0.242237
0.222635
0.300931
0.274484
0.271996
0.304693
0.285447
0.299437
0.222577
0.242195
0.234368
0.370621
0.525491
0.531794
0.531772
0.525496
0.370618
0.238605
0.259683
0.281696
0.234392
0.242237
0.222633
0.300932
0.274486
0.272023
0.303901
0.284585
0.299278
0.22199
0.238874
0.229662
0.30803
0.309762
0.296
0.308109
0.309579
0.29429
0.30086
0.304029
0.285195
0.364665
0.367216
0.273054
0.447863
0.544246
0.494292
0.312472
0.312397
0.312486
0.311647
0.311414
0.306384
0.374134
0.525292
0.531773
0.528111
0.52468
0.373859
0.3125
0.3125
0.3125
0.3125
0.3125
0.3125
0.3125
0.3125
0.3125
0.3125
0.3125
0.3125
0.3125
0.3125
0.3125
0.3125
0.3125
0.3125
0.3125
0.3125
0.3125
0.312491
0.312496
0.3125
0.304462
0.31125
0.310946
0.3125
0.3125
0.3125
0.3125
0.3125
0.3125
0.374185
0.525377
0.528309
0.540302
0.527619
0.375355
0.3125
0.3125
0.3125
0.3125
0.3125
0.3125
0.3125
0.3125
0.3125
0.3125
0.3125
0.3125
0.3125
0.3125
0.3125
0.311173
0.312005
0.312435
0.284365
0.305816
0.305036
0.279101
0.279003
0.273001
0.271537
0.277127
0.27632
0.3125
0.31246
0.3125
0.310048
0.311957
0.312477
0.425789
0.478013
0.357749
0.125127
0.37334
0.523676
0.53143
0.524853
0.52329
0.373538
0.3125
0.3125
0.3125
0.3125
0.3125
0.3125
0.3125
0.3125
0.3125
0.3125
0.3125
0.3125
0.3125
0.3125
0.3125
0.3125
0.3125
0.3125
0.3125
0.3125
0.3125
0.3125
0.3125
0.3125
0.517646
0.530365
0.373271
0.372089
0.514558
0.529594
0.503742
0.510062
0.371596
0.3125
0.3125
0.3125
0.3125
0.3125
0.3125
0.3125
0.3125
0.3125
0.3125
0.3125
0.3125
0.3125
0.3125
0.3125
0.3125
0.3125
0.3125
0.3125
0.3125
0.3125
0.3125
0.3125
0.3125
0.388362
0.520618
0.524323
0.530894
0.520997
0.372987
0.3125
0.3125
0.3125
0.3125
0.3125
0.3125
0.3125
0.3125
0.3125
0.3125
0.3125
0.3125
0.3125
0.3125
0.3125
0.3125
0.3125
0.3125
0.3125
0.3125
0.3125
0.312103
0.374352
0.370936
0.37811
0.479725
0.5049
0.429336
0.455891
0.359935
0.3125
0.3125
0.3125
0.3125
0.3125
0.3125
0.311791
0.31246
0.3125
0.310102
0.31196
0.307881
0.3125
0.312476
0.312308
0.311791
0.31246
0.3125
0.309899
0.311935
0.307881
0.307882
0.311935
0.309899
0.3125
0.3125
0.3125
0.312307
0.312476
0.3125
0.307882
0.311959
0.310101
0.3125
0.3125
0.3125
0.3125
0.3125
0.3125
0.3125
0.3125
0.3125
0.366851
0.48564
0.497488
0.466829
0.476918
0.364534
0.3125
0.3125
0.3125
0.3125
0.3125
0.3125
0.3125
0.3125
0.3125
0.3125
0.3125
0.3125
0.3125
0.3125
0.3125
0.3125
0.3125
0.3125
0.3125
0.3125
0.3125
0.3125
0.3125
0.3125
0.3125
0.3125
0.3125
0.3125
0.3125
0.3125
0.490683
0.470835
0.389736
0.311791
0.312462
0.3125
0.310153
0.311976
0.307891
0.307889
0.311976
0.310167
0.3125
0.3125
0.3125
0.311791
0.312462
0.3125
0.310171
0.311979
0.307888
0.312498
0.3125
0.3125
0.307891
0.31198
0.310171
0.30743
0.289835
0.289892
0.309904
0.299487
0.309665
0.3125
0.3125
0.3125
0.3125
0.3125
0.3125
0.3125
0.3125
0.3125
0.3125
0.3125
0.3125
0.311837
0.312467
0.312471
0.312471
0.312467
0.311837
0.3125
0.3125
0.3125
0.3125
0.3125
0.3125
0.3125
0.3125
0.3125
0.40451
0.517854
0.501425
0.523699
0.523532
0.406029
0.311791
0.312462
0.3125
0.310149
0.311975
0.307887
0.3125
0.3125
0.3125
0.312329
0.31248
0.3125
0.307892
0.31198
0.310172
0.311791
0.312462
0.3125
0.310167
0.311979
0.307888
0.3125
0.31248
0.312329
0.3125
0.3125
0.3125
0.312329
0.31248
0.3125
0.307892
0.31198
0.310171
0.372515
0.520952
0.53088
0.525192
0.520801
0.372827
0.266162
0.27553
0.285181
0.267125
0.267791
0.265858
0.308058
0.287239
0.286361
0.268384
0.275987
0.275598
0.304189
0.292346
0.277196
0.277224
0.292363
0.304191
0.311968
0.312479
0.3125
0.312167
0.312312
0.309947
0.3125
0.312495
0.31249
0.239138
0.242597
0.234375
0.300931
0.273226
0.261236
0.261225
0.273226
0.300943
0.3125
0.3125
0.3125
0.31233
0.31248
0.3125
0.307889
0.31198
0.310178
0.407141
0.52921
0.524839
0.528095
0.529508
0.406848
0.312461
0.3125
0.3125
0.312324
0.312479
0.311971
0.311787
0.312437
0.3125
0.309533
0.311752
0.307816
0.297288
0.309887
0.307925
0.311966
0.312466
0.3125
0.309688
0.311934
0.30799
0.307819
0.311927
0.309687
0.308074
0.311964
0.312466
0.30793
0.309892
0.297291
0.307989
0.311758
0.309536
0.3125
0.3125
0.3125
0.311972
0.312479
0.312324
0.268352
0.268056
0.275583
0.263662
0.264847
0.266183
0.239085
0.242592
0.234375
0.300931
0.273222
0.261175
0.261224
0.27322
0.300931
0.3125
0.3125
0.3125
0.3125
0.3125
0.3125
0.3125
0.3125
0.3125
0.297818
0.309956
0.308042
0.3125
0.3125
0.3125
0.312471
0.311935
0.311837
0.3125
0.3125
0.3125
0.3125
0.3125
0.3125
0.3125
0.3125
0.3125
0.280425
0.306812
0.305753
0.305788
0.275597
0.280452
0.280453
0.275602
0.305794
0.234375
0.242617
0.24651
0.3125
0.3125
0.3125
0.3125
0.3125
0.3125
0.3125
0.3125
0.3125
0.267062
0.266035
0.265797
0.277172
0.285227
0.304191
0.286325
0.286398
0.307867
0.266384
0.267241
0.267128
0.275597
0.26831
0.268363
0.263516
0.265679
0.266104
0.30073
0.273226
0.261182
0.261136
0.273227
0.300727
0.234375
0.242584
0.239069
0.311837
0.311935
0.312471
0.3125
0.3125
0.3125
0.3125
0.3125
0.3125
0.3125
0.3125
0.3125
0.305758
0.306817
0.280426
0.3125
0.3125
0.3125
0.311832
0.312467
0.31247
0.31247
0.312467
0.311833
0.3125
0.3125
0.3125
0.3125
0.3125
0.3125
0.3125
0.3125
0.3125
0.3125
0.3125
0.3125
0.300132
0.309036
0.303883
0.30419
0.285248
0.277224
0.265732
0.266016
0.267038
0.286298
0.286238
0.307846
0.26574
0.266877
0.267064
0.276162
0.267286
0.26524
0.293155
0.280203
0.260993
0.304192
0.292349
0.277181
0.275684
0.276042
0.26848
0.3125
0.3125
0.3125
0.229623
0.214477
0.22208
0.222056
0.215226
0.234144
0.271754
0.272573
0.299994
0.222056
0.240545
0.234166
0.262254
0.249696
0.235814
0.234166
0.240545
0.222056
0.285201
0.274976
0.30088
0.229621
0.214473
0.222078
0.222579
0.2153
0.234337
0.272022
0.274476
0.300933
0.222619
0.242202
0.234388
0.279069
0.259361
0.238431
0.229666
0.238924
0.222079
0.300131
0.284703
0.303906
0.286281
0.307856
0.307849
0.286378
0.307884
0.307902
0.271716
0.299813
0.299972
0.3125
0.3125
0.3125
0.312499
0.3125
0.3125
0.3125
0.3125
0.3125
0.3125
0.3125
0.3125
0.3125
0.3125
0.3125
0.3125
0.3125
0.3125
0.3125
0.3125
0.3125
0.312492
0.3125
0.3125
0.31242
0.312485
0.312419
0.3125
0.312498
0.312488
0.310308
0.312011
0.312273
0.3125
0.312448
0.312484
0.285078
0.257774
0.256911
0.301887
0.281445
0.295405
0.279362
0.277617
0.303116
0.3125
0.3125
0.3125
0.3125
0.3125
0.3125
0.3125
0.3125
0.3125
0.3125
0.3125
0.3125
0.3125
0.3125
0.3125
0.3125
0.3125
0.3125
0.3125
0.3125
0.3125
0.3125
0.3125
0.3125
0.3125
0.3125
0.3125
0.3125
0.3125
0.3125
0.3125
0.3125
0.3125
0.312499
0.312445
0.312245
0.3125
0.3125
0.3125
0.312495
0.3125
0.312499
0.3125
0.3125
0.312495
0.260289
0.296363
0.298692
0.244055
0.250659
0.283083
0.24953
0.234055
0.229255
0.3125
0.3125
0.3125
0.3125
0.3125
0.3125
0.312426
0.312472
0.31224
0.3125
0.3125
0.3125
0.3125
0.3125
0.3125
0.3125
0.3125
0.3125
0.3125
0.3125
0.3125
0.3125
0.3125
0.3125
0.3125
0.3125
0.3125
0.3125
0.3125
0.3125
0.3125
0.3125
0.3125
0.3125
0.3125
0.3125
0.309693
0.296448
0.307414
0.0728467
0.121428
0.0288686
0.164202
0.115154
0.226583
0.0229357
0.0558818
0.296211
0.275771
0.274471
0.287799
0.287677
0.307949
0.27116
0.278586
0.268559
0.308589
0.296361
0.289125
0.312477
0.311955
0.310046
0.3125
0.312461
0.3125
0.3125
0.3125
0.3125
0.3125
0.3125
0.3125
0.3125
0.3125
0.3125
0.3125
0.3125
0.3125
0.3125
0.3125
0.3125
0.3125
0.3125
0.3125
0.3125
0.3125
0.3125
0.3125
0.3125
0.3125
0.3125
0.3125
0.3125
0.3125
0.3125
0.3125
0.3125
0.3125
0.3125
0.3125
0.3125
0.3125
0.3125
0.3125
0.3125
0.3125
0.3125
0.3125
0.3125
0.3125
0.3125
0.3125
0.3125
0.3125
0.3125
0.3125
0.3125
0.3125
0.3125
0.3125
0.3125
0.3125
0.3125
0.3125
0.3125
0.3125
0.3125
0.312495
0.312329
0.3125
0.3125
0.3125
0.3125
0.3125
0.3125
0.3125
0.3125
0.3125
0.3125
0.3125
0.3125
0.3125
0.3125
0.3125
0.3125
0.3125
0.3125
0.3125
0.3125
0.3125
0.3125
0.3125
0.3125
0.3125
0.3125
0.3125
0.3125
0.3125
0.3125
0.3125
0.3125
0.3125
0.3125
0.3125
0.3125
0.3125
0.3125
0.3125
0.3125
0.3125
0.3125
0.3125
0.3125
0.3125
0.3125
0.3125
0.3125
0.3125
0.3125
0.3125
0.3125
0.3125
0.3125
0.3125
0.3125
0.3125
0.3125
0.3125
0.3125
0.3125
0.3125
0.3125
0.3125
0.3125
0.3125
0.3125
0.3125
0.3125
0.3125
0.3125
0.3125
0.3125
0.3125
0.3125
0.3125
0.3125
0.3125
0.3125
0.3125
0.3125
0.3125
0.312494
0.312307
0.3125
0.3125
0.3125
0.3125
0.3125
0.3125
0.3125
0.3125
0.3125
0.310171
0.298066
0.307887
0.307886
0.298053
0.310145
0.312308
0.312476
0.3125
0.307883
0.311961
0.310102
0.3125
0.31246
0.311791
0.310149
0.298063
0.307887
0.307892
0.29808
0.310172
0.309899
0.311935
0.307881
0.307881
0.311935
0.309898
0.3125
0.31246
0.311791
0.3125
0.3125
0.3125
0.3125
0.312494
0.312307
0.310102
0.31196
0.307886
0.3125
0.312476
0.312307
0.3125
0.3125
0.3125
0.3125
0.3125
0.3125
0.3125
0.3125
0.3125
0.3125
0.3125
0.3125
0.31248
0.3125
0.312493
0.299542
0.309904
0.312082
0.3125
0.3125
0.3125
0.3125
0.3125
0.3125
0.3125
0.3125
0.3125
0.3125
0.3125
0.3125
0.3125
0.3125
0.3125
0.3125
0.3125
0.3125
0.3125
0.3125
0.3125
0.3125
0.3125
0.3125
0.3125
0.3125
0.3125
0.3125
0.3125
0.3125
0.3125
0.3125
0.3125
0.3125
0.3125
0.3125
0.3125
0.3125
0.3125
0.3125
0.3125
0.3125
0.3125
0.3125
0.3125
0.3125
0.3125
0.3125
0.312489
0.312279
0.312117
0.3101
0.298124
0.307881
0.307881
0.298097
0.309898
0.307891
0.311976
0.310153
0.3125
0.312462
0.311791
0.310171
0.311979
0.307888
0.3125
0.31248
0.312328
0.3125
0.3125
0.3125
0.3101
0.298118
0.307884
0.307882
0.298099
0.309899
0.307892
0.31198
0.310172
0.3125
0.312462
0.311791
0.310171
0.311979
0.307888
0.3125
0.3125
0.3125
0.3125
0.3125
0.3125
0.31226
0.312493
0.3125
0.312486
0.312485
0.312045
0.3125
0.3125
0.3125
0.297819
0.309956
0.308042
0.307878
0.307875
0.286341
0.294217
0.309555
0.308069
0.3125
0.3125
0.3125
0.31247
0.311929
0.31163
0.3125
0.3125
0.3125
0.3125
0.3125
0.312499
0.3125
0.3125
0.3125
0.280422
0.306803
0.30539
0.305783
0.275595
0.28045
0.280447
0.275596
0.305784
0.234375
0.242618
0.246511
0.3125
0.3125
0.3125
0.3125
0.3125
0.3125
0.3125
0.3125
0.3125
0.309899
0.298096
0.307881
0.307882
0.298124
0.310079
0.30789
0.311976
0.31015
0.3125
0.312462
0.311791
0.3125
0.312495
0.312329
0.310171
0.311979
0.307887
0.3125
0.31248
0.312329
0.3125
0.3125
0.3125
0.3125
0.3125
0.3125
0.3099
0.298098
0.307882
0.307879
0.298111
0.309911
0.312329
0.31248
0.3125
0.307887
0.311979
0.310167
0.3125
0.312462
0.311791
0.310171
0.311979
0.307887
0.3125
0.31248
0.312329
0.3125
0.3125
0.3125
0.267063
0.266038
0.265801
0.277225
0.285247
0.304191
0.286362
0.286468
0.307892
0.266462
0.267335
0.26718
0.275685
0.268462
0.268465
0.300727
0.273225
0.261183
0.261214
0.273223
0.300725
0.234375
0.242585
0.23913
0.309215
0.296587
0.307966
0.311783
0.307869
0.311946
0.312495
0.3125
0.3125
0.311963
0.312479
0.312312
0.3125
0.3125
0.312461
0.301518
0.283714
0.261301
0.289105
0.288874
0.307933
0.307078
0.309518
0.297236
0.289119
0.30789
0.306858
0.312124
0.310043
0.299089
0.310178
0.31198
0.307888
0.3125
0.31248
0.31233
0.3125
0.3125
0.3125
0.311767
0.307882
0.311787
0.311784
0.30787
0.311946
0.311972
0.312479
0.312324
0.3125
0.3125
0.312461
0.310166
0.298079
0.307883
0.28905
0.287859
0.307709
0.307768
0.30955
0.29727
0.289199
0.307926
0.30775
0.312124
0.310041
0.299088
0.312151
0.308139
0.309921
0.289226
0.287885
0.30774
0.307738
0.307788
0.289164
0.289349
0.307927
0.307758
0.312163
0.31007
0.299409
0.309915
0.298182
0.298212
0.298182
0.298157
0.310046
0.307783
0.308118
0.289354
0.29728
0.309573
0.307767
0.312451
0.311792
0.30805
0.312324
0.312479
0.311972
0.3125
0.3125
0.3125
0.304188
0.285263
0.277202
0.267873
0.276375
0.284184
0.266004
0.264836
0.263678
0.274403
0.267692
0.266186
0.273613
0.258337
0.256912
0.272094
0.258125
0.266675
0.306845
0.307723
0.289109
0.282919
0.30773
0.306842
0.312088
0.309873
0.29305
0.3125
0.3125
0.3125
0.300278
0.285562
0.304709
0.3125
0.3125
0.3125
1.02849
1.09376
0.866829
0.3125
0.3125
0.3125
0.3125
0.3125
0.3125
0.286357
0.307875
0.307894
0.261232
0.246425
0.253413
0.308024
0.286984
0.296
0.266844
0.265682
0.263245
0.3125
0.3125
0.3125
0.3125
0.3125
0.3125
0.3125
0.3125
0.3125
0.373501
0.444391
0.529731
0.3125
0.3125
0.3125
0.312495
0.31249
0.312165
0.558982
0.459015
0.379668
0.373886
0.373735
0.525102
0.3125
0.312494
0.312329
0.444835
0.410783
0.343863
0.3125
0.3125
0.3125
0.3125
0.3125
0.3125
0.286357
0.307875
0.307894
0.31249
0.3125
0.3125
0.307588
0.286685
0.294999
0.308105
0.309577
0.294287
0.304184
0.292335
0.277157
0.300707
0.273203
0.261203
0.3125
0.3125
0.3125
0.271994
0.274474
0.30093
0.300924
0.299952
0.271999
0.540565
0.560704
0.462554
0.3125
0.3125
0.3125
0.381606
0.439861
0.418781
0.3125
0.31248
0.312329
0.312329
0.31248
0.312498
0.3125
0.3125
0.3125
0.532119
0.532436
0.405253
0.3125
0.3125
0.3125
0.27724
0.292369
0.304188
0.299992
0.272571
0.271753
0.3125
0.3125
0.3125
0.3125
0.3125
0.3125
0.3125
0.3125
0.3125
0.3125
0.3125
0.3125
0.3125
0.3125
0.3125
0.3125
0.3125
0.3125
0.312329
0.31248
0.3125
0.3125
0.31248
0.312329
0.3125
0.3125
0.3125
0.260981
0.28
0.291624
0.3125
0.3125
0.3125
0.312458
0.312084
0.311255
0.3125
0.3125
0.3125
0.307852
0.307862
0.286298
0.256899
0.258321
0.274935
0.266485
0.266169
0.267193
0.3125
0.3125
0.3125
0.3125
0.3125
0.3125
0.3125
0.3125
0.3125
0.312151
0.31249
0.312487
0.307852
0.307863
0.286298
0.3125
0.3125
0.31249
0.294167
0.309519
0.307578
0.300133
0.309036
0.303884
0.3125
0.3125
0.3125
0.271812
0.299741
0.299464
0.3125
0.3125
0.3125
0.294174
0.286694
0.307581
0.3125
0.3125
0.3125
0.278131
0.275118
0.265702
0.4055
0.532231
0.528383
0.523251
0.530279
0.576431
1.06447
1.05325
0.743816
1.05325
1.06448
0.744393
0.367254
0.373408
0.49678
0.3125
0.3125
0.3125
0.586128
0.506218
0.505202
0.507142
0.506876
0.586716
0.586814
0.507046
0.507216
0.505423
0.506427
0.586245
0.263244
0.265705
0.266783
0.3125
0.3125
0.3125
0.3125
0.3125
0.3125
0.507659
0.586831
0.585727
0.584119
0.586615
0.506811
0.312179
0.311768
0.307459
0.3125
0.3125
0.3125
0.3125
0.3125
0.3125
0.3125
0.3125
0.3125
0.422019
0.542877
0.572254
0.440843
0.480963
0.274988
0.244494
0.251598
0.249019
0.295425
0.307905
0.298117
0.512089
0.513858
0.585154
0.294926
0.300847
0.298109
0.493472
0.436163
0.368142
0.414356
0.460797
0.399347
0.43089
0.479396
0.534047
0.312493
0.3125
0.312497
0.3125
0.3125
0.3125
0.312493
0.312386
0.312497
0.302418
0.310966
0.31233
0.31233
0.31096
0.302409
0.312497
0.312385
0.312493
0.267295
0.266929
0.268089
0.266413
0.266729
0.267045
0.267282
0.269206
0.26804
0.264104
0.26848
0.267406
0.266443
0.26617
0.263545
0.267993
0.266776
0.267137
0.31233
0.310965
0.30241
0.312497
0.312386
0.312493
0.3125
0.3125
0.3125
0.312497
0.3125
0.312493
0.312493
0.312385
0.312497
0.3024
0.31096
0.312329
0.312493
0.3125
0.312497
0.3125
0.3125
0.3125
0.267422
0.268509
0.264123
0.268094
0.269243
0.267304
0.267052
0.266722
0.266411
0.26805
0.266908
0.267294
0.266848
0.267954
0.264726
0.264179
0.268362
0.267422
0.213501
0.213268
0.214526
0.214556
0.213273
0.213501
0.213516
0.213389
0.214528
0.214528
0.213389
0.213516
0.213476
0.213249
0.214426
0.214553
0.213267
0.213493
0.213509
0.213396
0.214631
0.214553
0.213388
0.213493
0.3125
0.3125
0.3125
0.3125
0.3125
0.3125
0.3125
0.3125
0.3125
0.3125
0.3125
0.3125
0.3125
0.3125
0.3125
0.3125
0.3125
0.3125
0.3125
0.3125
0.3125
0.3125
0.3125
0.3125
0.3125
0.3125
0.3125
0.3125
0.3125
0.3125
0.312496
0.3125
0.31243
0.3125
0.3125
0.3125
0.312498
0.312474
0.3125
0.304089
0.311972
0.31242
0.312158
0.312452
0.3125
0.311441
0.312178
0.310401
0.305156
0.298866
0.268516
0.312464
0.310052
0.311237
0.292335
0.260079
0.278329
0.3125
0.3125
0.3125
0.3125
0.3125
0.3125
0.3125
0.3125
0.3125
0.3125
0.3125
0.3125
0.3125
0.3125
0.3125
0.3125
0.3125
0.3125
0.3125
0.3125
0.3125
0.3125
0.3125
0.3125
0.3125
0.3125
0.3125
0.3125
0.3125
0.3125
0.3125
0.3125
0.3125
0.262799
0.268472
0.261037
0.293846
0.276652
0.262803
0.249487
0.213114
0.190441
0.275547
0.242788
0.255416
0.267964
0.268103
0.279172
0.265562
0.264133
0.267889
0.267679
0.269491
0.269717
0.278823
0.270421
0.267815
0.264295
0.290559
0.294025
0.298098
0.307886
0.295311
0.3125
0.3125
0.3125
0.3125
0.3125
0.3125
0.3125
0.3125
0.3125
0.3125
0.3125
0.3125
0.3125
0.3125
0.3125
0.3125
0.3125
0.3125
0.3125
0.3125
0.3125
0.3125
0.3125
0.3125
0.3125
0.3125
0.3125
0.3125
0.3125
0.3125
0.3125
0.3125
0.3125
0.3125
0.3125
0.3125
0.3125
0.3125
0.3125
0.3125
0.3125
0.3125
0.3125
0.3125
0.3125
0.3125
0.3125
0.3125
0.3125
0.3125
0.3125
0.3125
0.3125
0.3125
0.3125
0.3125
0.3125
0.3125
0.3125
0.3125
0.3125
0.3125
0.3125
0.3125
0.3125
0.3125
0.3125
0.3125
0.3125
0.3125
0.3125
0.3125
0.3125
0.3125
0.3125
0.3125
0.3125
0.3125
0.3125
0.3125
0.3125
0.3125
0.3125
0.3125
0.269696
0.279634
0.29527
0.295261
0.279627
0.269692
0.269687
0.279613
0.295261
0.295259
0.279611
0.269686
0.269714
0.279634
0.295272
0.29526
0.279623
0.269699
0.26971
0.279646
0.29527
0.295282
0.279654
0.269725
0.3125
0.3125
0.3125
0.3125
0.3125
0.3125
0.3125
0.3125
0.3125
0.3125
0.3125
0.3125
0.3125
0.3125
0.3125
0.3125
0.3125
0.3125
0.3125
0.3125
0.3125
0.3125
0.3125
0.3125
0.3125
0.3125
0.3125
0.3125
0.3125
0.3125
0.3125
0.3125
0.3125
0.3125
0.3125
0.3125
0.3125
0.312474
0.312499
0.31024
0.312081
0.312474
0.269718
0.279775
0.295277
0.295272
0.27977
0.269718
0.269708
0.279746
0.295269
0.295264
0.279743
0.269703
0.269709
0.279758
0.295272
0.29527
0.279758
0.26971
0.269708
0.279749
0.295273
0.295264
0.279744
0.269702
0.312493
0.3125
0.312497
0.3125
0.3125
0.3125
0.312493
0.312386
0.312497
0.302417
0.310965
0.31233
0.3125
0.3125
0.3125
0.312497
0.3125
0.312493
0.31233
0.31096
0.302409
0.312497
0.312385
0.312493
0.269708
0.279748
0.295273
0.29526
0.27974
0.269698
0.269709
0.279764
0.29527
0.295274
0.279769
0.269716
0.2697
0.279746
0.295271
0.295263
0.279741
0.269694
0.269696
0.279748
0.295266
0.295262
0.279744
0.269696
0.267302
0.266933
0.268092
0.266422
0.266735
0.267056
0.267302
0.269238
0.268093
0.264112
0.268498
0.267418
0.2675
0.268425
0.264199
0.264757
0.26803
0.267011
0.268051
0.269632
0.26428
0.297208
0.279029
0.271634
0.278968
0.29529
0.30783
0.280162
0.279947
0.269894
0.269707
0.278796
0.29524
0.264302
0.269637
0.267831
0.267988
0.270879
0.272006
0.295239
0.278894
0.269728
0.270075
0.279977
0.280209
0.30789
0.295347
0.279898
0.279909
0.295349
0.307894
0.28017
0.279953
0.270082
0.269708
0.279714
0.295242
0.295241
0.279713
0.269715
0.267987
0.269923
0.272002
0.271949
0.269905
0.267974
0.270702
0.288873
0.297134
0.297123
0.288865
0.270689
0.26804
0.26992
0.272008
0.271981
0.269913
0.268043
0.279908
0.295352
0.307894
0.280194
0.279967
0.270079
0.270099
0.279977
0.280205
0.307893
0.295352
0.27992
0.26761
0.268601
0.264215
0.268106
0.269311
0.267467
0.267437
0.268427
0.267117
0.271927
0.269686
0.267771
0.257518
0.26206
0.261112
0.263356
0.264298
0.258655
0.250143
0.250886
0.257133
0.24403
0.247245
0.248643
0.562285
0.59702
0.570439
0.3125
0.3125
0.3125
0.312497
0.3125
0.312493
0.3125
0.3125
0.3125
0.266833
0.264204
0.26327
0.261224
0.261968
0.265965
0.267285
0.266907
0.268115
0.263697
0.266308
0.266637
0.266777
0.266418
0.263884
0.268091
0.266942
0.267348
0.267142
0.266155
0.266423
0.312276
0.310094
0.308652
0.550432
0.590085
0.549222
0.537223
0.458316
0.563515
0.309657
0.312045
0.310143
)
;
    }
    upperWall
    {
        type            fixedValue;
        value           uniform 0;
    }
    combined
    {
        type            fixedValue;
        value           nonuniform List<scalar> 
24488
(
0
0
0
0
0
0
0
0
0
0
0
0
0
0
0
0
0
0
0
0
0
0
0
0
0
0
0
0
0
0
0
0
0
0
0
0
0
0
0
0
0
0
0
0
0
0
0
0
0
0
0
0
0
0
0
0
0
0
0
0
0
0
0
0
0
0
0
0
0
0
0
0
0
0
0
0
0
0
0
0
0
0
0
0
0
0
0
0
0
0
0
0
0
0
0
0
0
0
0
0
0
0
0
0
0
0
0
0
0
0
0
0
0
0
0
0
0
0
0
0
0
0
0
0
0
0
0
0
0
0
0
0
0
0
0
0
0
0
0
0
0
0
0
0
0
0
0
0
0
0
0
0
0
0
0
0
0
0
0
0
0
0
0
0
0
0
0
0
0
0
0
0
0
0
0
0
0
0
0
0
0
0
0
0
0
0
0
0
0
0
0
0
0
0
0
0
0
0
0
0
0
0
0
0
0
0
0
0
0
0
0
0
0
0
0
0
0
0
0
0
0
0
0
0
0
0
0
0
0
0
0
0
0
0
0
0
0
0
0
0
0
0
0
0
0
0
0
0
0
0
0
0
0
0
0
0
0
0
0
0
0
0
0
0
0
0
0
0
0
0
0
0
0
0
0
0
0
0
0
0
0
0
0
0
0
0
0
0
0
0
0
0
0
0
0
0
0
0
0
0
0
0
0
0
0
0
0
0
0
0
0
0
0
0
0
0
0
0
0
0
0
0
0
0
0
0
0
0
0
0
0
0
0
0
0
0
0
0
0
0
0
0
0
0
0
0
0
0
0
0
0
0
0
0
0
0
0
0
0
0
0
0
0
0
0
0
0
0
0
0
0
0
0
0
0
0
0
0
0
0
0
0
0
0
0
0
0
0
0
0
0
0
0
0
0
0
0
0
0
0
0
0
0
0
0
0
0
0
0
0
0
0
0
0
0
0
0
0
0
0
0
0
0
0
0
0
0
0
0
0
0
0
0
0
0
0
0
0
0
0
0
0
0
0
0
0
0
0
0
0
0
0
0
0
0
0
0
0
0
0
0
0
0
0
0
0
0
0
0
0
0
0
0
0
0
0
0
0
0
0
0
0
0
0
0
0
0
0
0
0
0
0
0
0
0
0
0
0
0
0
0
0
0
0
0
0
0
0
0
0
0
0
0
0
0
0
0
0
0
0
0
0
0
0
0
0
0
0
0
0
0
0
0
0
0
0
0
0
0
0
0
0
0
0
0
0
0
0
0
0
0
0
0
0
0
0
0
0
0
0
0
0
0
0
0
0
0
0
0
0
0
0
0
0
0
0
0
0
0
0
0
0
0
0
0
0
0
0
0
0
0
0
0
0
0
0
0
0
0
0
0
0
0
0
0
0
0
0
0
0
0
0
0
0
0
0
0
0
0
0
0
0
0
0
0
0
0
0
0
0
0
0
0
0
0
0
0
0
0
0
0
0
0
0
0
0
0
0
0
0
0
0
0
0
0
0
0
0
0
0
0
0
0
0
0
0
0
0
0
0
0
0
0
0
0
0
0
0
0
0
0
0
0
0
0
0
0
0
0
0
0
0
0
0
0
0
0
0
0
0
0
0
0
0
0
0
0
0
0
0
0
0
0
0
0
0
0
0
0
0
0
0
0
0
0
0
0
0
0
0
0
0
0
0
0
0
0
0
0
0
0
0
0
0
0
0
0
0
0
0
0
0
0
0
0
0
0
0
0
0
0
0
0
0
0
0
0
0
0
0
0
0
0
0
0
0
0
0
0
0
0
0
0
0
0
0
0
0
0
0
0
0
0
0
0
0
0
0
0
0
0
0
0
0
0
0
0
0
0
0
0
0
0
0
0
0
0
0
0
0
0
0
0
0
0
0
0
0
0
0
0
0
0
0
0
0
0
0
0
0
0
0
0
0
0
0
0
0
0
0
0
0
0
0
0
0
0
0
0
0
0
0
0
0
0
0
0
0
0
0
0
0
0
0
0
0
0
0
0
0
0
0
0
0
0
0
0
0
0
0
0
0
0
0
0
0
0
0
0
0
0
0
0
0
0
0
0
0
0
0
0
0
0
0
0
0
0
0
0
0
0
0
0
0
0
0
0
0
0
0
0
0
0
0
0
0
0
0
0
0
0
0
0
0
0
0
0
0
0
0
0
0
0
0
0
0
0
0
0
0
0
0
0
0
0
0
0
0
0
0
0
0
0
0
0
0
0
0
0
0
0
0
0
0
0
0
0
0
0
0
0
0
0
0
0
0
0
0
0
0
0
0
0
0
0
0
0
0
0
0
0
0
0
0
0
0
0
0
0
0
0
0
0
0
0
0
0
0
0
0
0
0
0
0
0
0
0
0
0
0
0
0
0
0
0
0
0
0
0
0
0
0
0
0
0
0
0
0
0
0
0
0
0
0
0
0
0
0
0
0
0
0
0
0
0
0
0
0
0
0
0
0
0
0
0
0
0
0
0
0
0
0
0
0
0
0
0
0
0
0
0
0
0
0
0
0
0
0
0
0
0
0
0
0
0
0
0
0
0
0
0
0
0
0
0
0
0
0
0
0
0
0
0
0
0
0
0
0
0
0
0
0
0
0
0
0
0
0
0
0
0
0
0
0
0
0
0
0
0
0
0
0
0
0
0
0
0
0
0
0
0
0
0
0
0
0
0
0
0
0
0
0
0
0
0
0
0
0
0
0
0
0
0
0
0
0
0
0
0
0
0
0
0
0
0
0
0
0
0
0
0
0
0
0
0
0
0
0
0
0
0
0
0
0
0
0
0
0
0
0
0
0
0
0
0
0
0
0
0
0
0
0
0
0
0
0
0
0
0
0
0
0
0
0
0
0
0
0
0
0
0
0
0
0
0
0
0
0
0
0
0
0
0
0
0
0
0
0
0
0
0
0
0
0
0
0
0
0
0
0
0
0
0
0
0
0
0
0
0
0
0
0
0
0
0
0
0
0
0
0
0
0
0
0
0
0
0
0
0
0
0
0
0
0
0
0
0
0
0
0
0
0
0
0
0
0
0
0
0
0
0
0
0
0
0
0
0
0
0
0
0
0
0
0
0
0
0
0
0
0
0
0
0
0
0
0
0
0
0
0
0
0
0
0
0
0
0
0
0
0
0
0
0
0
0
0
0
0
0
0
0
0
0
0
0
0
0
0
0
0
0
0
0
0
0
0
0
0
0
0
0
0
0
0
0
0
0
0
0
0
0
0
0
0
0
0
0
0
0
0
0
0
0
0
0
0
0
0
0
0
0
0
0
0
0
0
0
0
0
0
0
0
0
0
0
0
0
0
0
0
0
0
0
0
0
0
0
0
0
0
0
0
0
0
0
0
0
0
0
0
0
0
0
0
0
0
0
0
0
0
0
0
0
0
0
0
0
0
0
0
0
0
0
0
0
0
0
0
0
0
0
0
0
0
0
0
0
0
0
0
0
0
0
0
0
0
0
0
0
0
0
0
0
0
0
0
0
0
0
0
0
0
0
0
0
0
0
0
0
0
0
0
0
0
0
0
0
0
0
0
0
0
0
0
0
0
0
0
0
0
0
0
0
0
0
0
0
0
0
0
0
0
0
0
0
0
0
0
0
0
0
0
0
0
0
0
0
0
0
0
0
0
0
0
0
0
0
0
0
0
0
0
0
0
0
0
0
0
0
0
0
0
0
0
0
0
0
0
0
0
0
0
0
0
0
0
0
0
0
0
0
0
0
0
0
0
0
0
0
0
0
0
0
0
0
0
0
0
0
0
0
0
0
0
0
0
0
0
0
0
0
0
0
0
0
0
0
0
0
0
0
0
0
0
0
0
0
0
0
0
0
0
0
0
0
0
0
0
0
0
0
0
0
0
0
0
0
0
0
0
0
0
0
0
0
0
0
0
0
0
0
0
0
0
0
0
0
0
0
0
0
0
0
0
0
0
0
0
0
0
0
0
0
0
0
0
0
0
0
0
0
0
0
0
0
0
0
0
0
0
0
0
0
0
0
0
0
0
0
0
0
0
0
0
0
0
0
0
0
0
0
0
0
0
0
0
0
0
0
0
0
0
0
0
0
0
0
0
0
0
0
0
0
0
0
0
0
0
0
0
0
0
0
0
0
0
0
0
0
0
0
0
0
0
0
0
0
0
0
0
0
0
0
0
0
0
0
0
0
0
0
0
0
0
0
0
0
0
0
0
0
0
0
0
0
0
0
0
0
0
0
0
0
0
0
0
0
0
0
0
0
0
0
0
0
0
0
0
0
0
0
0
0
0
0
0
0
0
0
0
0
0
0
0
0
0
0
0
0
0
0
0
0
0
0
0
0
0
0
0
0
0
0
0
0
0
0
0
0
0
0
0
0
0
0
0
0
0
0
0
0
0
0
0
0
0
0
0
0
0
0
0
0
0
0
0
0
0
0
0
0
0
0
0
0
0
0
0
0
0
0
0
0
0
0
0
0
0
0
0
0
0
0
0
0
0
0
0
0
0
0
0
0
0
0
0
0
0
0
0
0
0
0
0
0
0
0
0
0
0
0
0
0
0
0
0
0
0
0
0
0
0
0
0
0
0
0
0
0
0
0
0
0
0
0
0
0
0
0
0
0
0
0
0
0
0
0
0
0
0
0
0
0
0
0
0
0
0
0
0
0
0
0
0
0
0
0
0
0
0
0
0
0
0
0
0
0
0
0
0
0
0
0
0
0
0
0
0
0
0
0
0
0
0
0
0
0
0
0
0
0
0
0
0
0
0
0
0
0
0
0
0
0
0
0
0
0
0
0
0
0
0
0
0
0
0
0
0
0
0
0
0
0
0
0
0
0
0
0
0
0
0
0
0
0
0
0
0
0
0
0
0
0
0
0
0
0
0
0
0
0
0
0
0
0
0
0
0
0
0
0
0
0
0
0
0
0
0
0
0
0
0
0
0
0
0
0
0
0
0
0
0
0
0
0
0
0
0
0
0
0
0
0
0
0
0
0
0
0
0
0
0
0
0
0
0
0
0
0
0
0
0
0
0
0
0
0
0
0
0
0
0
0
0
0
0
0
0
0
0
0
0
0
0
0
0
0
0
0
0
0
0
0
0
0
0
0
0
0
0
0
0
0
0
0
0
0
0
0
0
0
0
0
0
0
0
0
0
0
0
0
0
0
0
0
0
0
0
0
0
0
0
0
0
0
0
0
0
0
0
0
0
0
0
0
0
0
0
0
0
0
0
0
0
0
0
0
0
0
0
0
0
0
0
0
0
0
0
0
0
0
0
0
0
0
0
0
0
0
0
0
0
0
0
0
0
0
0
0
0
0
0
0
0
0
0
0
0
0
0
0
0
0
0
0
0
0
0
0
0
0
0
0
0
0
0
0
0
0
0
0
0
0
0
0
0
0
0
0
0
0
0
0
0
0
0
0
0
0
0
0
0
0
0
0
0
0
0
0
0
0
0
0
0
0
0
0
0
0
0
0
0
0
0
0
0
0
0
0
0
0
0
0
0
0
0
0
0
0
0
0
0
0
0
0
0
0
0
0
0
0
0
0
0
0
0
0
0
0
0
0
0
0
0
0
0
0
0
0
0
0
0
0
0
0
0
0
0
0
0
0
0
0
0
0
0
0
0
0
0
0
0
0
0
0
0
0
0
0
0
0
0
0
0
0
0
0
0
0
0
0
0
0
0
0
0
0
0
0
0
0
0
0
0
0
0
0
0
0
0
0
0
0
0
0
0
0
0
0
0
0
0
0
0
0
0
0
0
0
0
0
0
0
0
0
0
0
0
0
0
0
0
0
0
0
0
0
0
0
0
0
0
0
0
0
0
0
0
0
0
0
0
0
0
0
0
0
0
0
0
0
0
0
0
0
0
0
0
0
0
0
0
0
0
0
0
0
0
0
0
0
0
0
0
0
0
0
0
0
0
0
0
0
0
0
0
0
0
0
0
0
0
0
0
0
0
0
0
0
0
0
0
0
0
0
0
0
0
0
0
0
0
0
0
0
0
0
0
0
0
0
0
0
0
0
0
0
0
0
0
0
0
0
0
0
0
0
0
0
0
0
0
0
0
0
0
0
0
0
0
0
0
0
0
0
0
0
0
0
0
0
0
0
0
0
0
0
0
0
0
0
0
0
0
0
0
0
0
0
0
0
0
0
0
0
0
0
0
0
0
0
0
0
0
0
0
0
0
0
0
0
0
0
0
0
0
0
0
0
0
0
0
0
0
0
0
0
0
0
0
0
0
0
0
0
0
0
0
0
0
0
0
0
0
0
0
0
0
0
0
0
0
0
0
0
0
0
0
0
0
0
0
0
0
0
0
0
0
0
0
0
0
0
0
0
0
0
0
0
0
0
0
0
0
0
0
0
0
0
0
0
0
0
0
0
0
0
0
0
0
0
0
0
0
0
0
0
0
0
0
0
0
0
0
0
0
0
0
0
0
0
0
0
0
0
0
0
0
0
0
0
0
0
0
0
0
0
0
0
0
0
0
0
0
0
0
0
0
0
0
0
0
0
0
0
0
0
0
0
0
0
0
0
0
0
0
0
0
0
0
0
0
0
0
0
0
0
0
0
0
0
0
0
0
0
0
0
0
0
0
0
0
0
0
0
0
0
0
0
0
0
0
0
0
0
0
0
0
0
0
0
0
0
0
0
0
0
0
0
0
0
0
0
0
0
0
0
0
0
0
0
0
0
0
0
0
0
0
0
0
0
0
0
0
0
0
0
0
0
0
0
0
0
0
0
0
0
0
0
0
0
0
0
0
0
0
0
0
0
0
0
0
0
0
0
0
0
0
0
0
0
0
0
0
0
0
0
0
0
0
0
0
0
0
0
0
0
0
0
0
0
0
0
0
0
0
0
0
0
0
0
0
0
0
0
0
0
0
0
0
0
0
0
0
0
0
0
0
0
0
0
0
0
0
0
0
0
0
0
0
0
0
0
0
0
0
0
0
0
0
0
0
0
0
0
0
0
0
0
0
0
0
0
0
0
0
0
0
0
0
0
0
0
0
0
0
0
0
0
0
0
0
0
0
0
0
0
0
0
0
0
0
0
0
0
0
0
0
0
0
0
0
0
0
0
0
0
0
0
0
0
0
0
0
0
0
0
0
0
0
0
0
0
0
0
0
0
0
0
0
0
0
0
0
0
0
0
0
0
0
0
0
0
0
0
0
0
0
0
0
0
0
0
0
0
0
0
0
0
0
0
0
0
0
0
0
0
0
0
0
0
0
0
0
0
0
0
0
0
0
0
0
0
0
0
0
0
0
0
0
0
0
0
0
0
0
0
0
0
0
0
0
0
0
0
0
0
0
0
0
0
0
0
0
0
0
0
0
0
0
0
0
0
0
0
0
0
0
0
0
0
0
0
0
0
0
0
0
0
0
0
0
0
0
0
0
0
0
0
0
0
0
0
0
0
0
0
0
0
0
0
0
0
0
0
0
0
0
0
0
0
0
0
0
0
0
0
0
0
0
0
0
0
0
0
0
0
0
0
0
0
0
0
0
0
0
0
0
0
0
0
0
0
0
0
0
0
0
0
0
0
0
0
0
0
0
0
0
0
0
0
0
0
0
0
0
0
0
0
0
0
0
0
0
0
0
0
0
0
0
0
0
0
0
0
0
0
0
0
0
0
0
0
0
0
0
0
0
0
0
0
0
0
0
0
0
0
0
0
0
0
0
0
0
0
0
0
0
0
0
0
0
0
0
0
0
0
0
0
0
0
0
0
0
0
0
0
0
0
0
0
0
0
0
0
0
0
0
0
0
0
0
0
0
0
0
0
0
0
0
0
0
0
0
0
0
0
0
0
0
0
0
0
0
0
0
0
0
0
0
0
0
0
0
0
0
0
0
0
0
0
0
0
0
0
0
0
0
0
0
0
0
0
0
0
0
0
0
0
0
0
0
0
0
0
0
0
0
0
0
0
0
0
0
0
0
0
0
0
0
0
0
0
0
0
0
0
0
0
0
0
0
0
0
0
0
0
0
0
0
0
0
0
0
0
0
0
0
0
0
0
0
0
0
0
0
0
0
0
0
0
0
0
0
0
0
0
0
0
0
0
0
0
0
0
0
0
0
0
0
0
0
0
0
0
0
0
0
0
0
0
0
0
0
0
0
0
0
0
0
0
0
0
0
0
0
0
0
0
0
0
0
0
0
0
0
0
0
0
0
0
0
0
0
0
0
0
0
0
0
0
0
0
0
0
0
0
0
0
0
0
0
0
0
0
0
0
0
0
0
0
0
0
0
0
0
0
0
0
0
0
0
0
0
0
0
0
0
0
0
0
0
0
0
0
0
0
0
0
0
0
0
0
0
0
0
0
0
0
0
0
0
0
0
0
0
0
0
0
0
0
0
0
0
0
0
0
0
0
0
0
0
0
0
0
0
0
0
0
0
0
0
0
0
0
0
0
0
0
0
0
0
0
0
0
0
0
0
0
0
0
0
0
0
0
0
0
0
0
0
0
0
0
0
0
0
0
0
0
0
0
0
0
0
0
0
0
0
0
0
0
0
0
0
0
0
0
0
0
0
0
0
0
0
0
0
0
0
0
0
0
0
0
0
0
0
0
0
0
0
0
0
0
0
0
0
0
0
0
0
0
0
0
0
0
0
0
0
0
0
0
0
0
0
0
0
0
0
0
0
0
0
0
0
0
0
0
0
0
0
0
0
0
0
0
0
0
0
0
0
0
0
0
0
0
0
0
0
0
0
0
0
0
0
0
0
0
0
0
0
0
0
0
0
0
0
0
0
0
0
0
0
0
0
0
0
0
0
0
0
0
0
0
0
0
0
0
0
0
0
0
0
0
0
0
0
0
0
0
0
0
0
0
0
0
0
0
0
0
0
0
0
0
0
0
0
0
0
0
0
0
0
0
0
0
0
0
0
0
0
0
0
0
0
0
0
0
0
0
0
0
0
0
0
0
0
0
0
0
0
0
0
0
0
0
0
0
0
0
0
0
0
0
0
0
0
0
0
0
0
0
0
0
0
0
0
0
0
0
0
0
0
0
0
0
0
0
0
0
0
0
0
0
0
0
0
0
0
0
0
0
0
0
0
0
0
0
0
0
0
0
0
0
0
0
0
0
0
0
0
0
0
0
0
0
0
0
0
0
0
0
0
0
0
0
0
0
0
0
0
0
0
0
0
0
0
0
0
0
0
0
0
0
0
0
0
0
0
0
0
0
0
0
0
0
0
0
0
0
0
0
0
0
0
0
0
0
0
0
0
0
0
0
0
0
0
0
0
0
0
0
0
0
0
0
0
0
0
0
0
0
0
0
0
0
0
0
0
0
0
0
0
0
0
0
0
0
0
0
0
0
0
0
0
0
0
0
0
0
0
0
0
0
0
0
0
0
0
0
0
0
0
0
0
0
0
0
0
0
0
0
0
0
0
0
0
0
0
0
0
0
0
0
0
0
0
0
0
0
0
0
0
0
0
0
0
0
0
0
0
0
0
0
0
0
0
0
0
0
0
0
0
0
0
0
0
0
0
0
0
0
0
0
0
0
0
0
0
0
0
0
0
0
0
0
0
0
0
0
0
0
0
0
0
0
0
0
0
0
0
0
0
0
0
0
0
0
0
0
0
0
0
0
0
0
0
0
0
0
0
0
0
0
0
0
0
0
0
0
0
0
0
0
0
0
0
0
0
0
0
0
0
0
0
0
0
0
0
0
0
0
0
0
0
0
0
0
0
0
0
0
0
0
0
0
0
0
0
0
0
0
0
0
0
0
0
0
0
0
0
0
0
0
0
0
0
0
0
0
0
0
0
0
0
0
0
0
0
0
0
0
0
0
0
0
0
0
0
0
0
0
0
0
0
0
0
0
0
0
0
0
0
0
0
0
0
0
0
0
0
0
0
0
0
0
0
0
0
0
0
0
0
0
0
0
0
0
0
0
0
0
0
0
0
0
0
0
0
0
0
0
0
0
0
0
0
0
0
0
0
0
0
0
0
0
0
0
0
0
0
0
0
0
0
0
0
0
0
0
0
0
0
0
0
0
0
0
0
0
0
0
0
0
0
0
0
0
0
0
0
0
0
0
0
0
0
0
0
0
0
0
0
0
0
0
0
0
0
0
0
0
0
0
0
0
0
0
0
0
0
0
0
0
0
0
0
0
0
0
0
0
0
0
0
0
0
0
0
0
0
0
0
0
0
0
0
0
0
0
0
0
0
0
0
0
0
0
0
0
0
0
0
0
0
0
0
0
0
0
0
0
0
0
0
0
0
0
0
0
0
0
0
0
0
0
0
0
0
0
0
0
0
0
0
0
0
0
0
0
0
0
0
0
0
0
0
0
0
0
0
0
0
0
0
0
0
0
0
0
0
0
0
0
0
0
0
0
0
0
0
0
0
0
0
0
0
0
0
0
0
0
0
0
0
0
0
0
0
0
0
0
0
0
0
0
0
0
0
0
0
0
0
0
0
0
0
0
0
0
0
0
0
0
0
0
0
0
0
0
0
0
0
0
0
0
0
0
0
0
0
0
0
0
0
0
0
0
0
0
0
0
0
0
0
0
0
0
0
0
0
0
0
0
0
0
0
0
0
0
0
0
0
0
0
0
0
0
0
0
0
0
0
0
0
0
0
0
0
0
0
0
0
0
0
0
0
0
0
0
0
0
0
0
0
0
0
0
0
0
0
0
0
0
0
0
0
0
0
0
0
0
0
0
0
0
0
0
0
0
0
0
0
0
0
0
0
0
0
0
0
0
0
0
0
0
0
0
0
0
0
0
0
0
0
0
0
0
0
0
0
0
0
0
0
0
0
0
0
0
0
0
0
0
0
0
0
0
0
0
0
0
0
0
0
0
0
0
0
0
0
0
0
0
0
0
0
0
0
0
0
0
0
0
0
0
0
0
0
0
0
0
0
0
0
0
0
0
0
0
0
0
0
0
0
0
0
0
0
0
0
0
0
0
0
0
0
0
0
0
0
0
0
0
0
0
0
0
0
0
0
0
0
0
0
0
0
0
0
0
0
0
0
0
0
0
0
0
0
0
0
0
0
0
0
0
0
0
0
0
0
0
0
0
0
0
0
0
0
0
0
0
0
0
0
0
0
0
0
0
0
0
0
0
0
0
0
0
0
0
0
0
0
0
0
0
0
0
0
0
0
0
0
0
0
0
0
0
0
0
0
0
0
0
0
0
0
0
0
0
0
0
0
0
0
0
0
0
0
0
0
0
0
0
0
0
0
0
0
0
0
0
0
0
0
0
0
0
0
0
0
0
0
0
0
0
0
0
0
0
0
0
0
0
0
0
0
0
0
0
0
0
0
0
0
0
0
0
0
0
0
0
0
0
0
0
0
0
0
0
0
0
0
0
0
0
0
0
0
0
0
0
0
0
0
0
0
0
0
0
0
0
0
0
0
0
0
0
0
0
0
0
0
0
0
0
0
0
0
0
0
0
0
0
0
0
0
0
0
0
0
0
0
0
0
0
0
0
0
0
0
0
0
0
0
0
0
0
0
0
0
0
0
0
0
0
0
0
0
0
0
0
0
0
0
0
0
0
0
0
0
0
0
0
0
0
0
0
0
0
0
0
0
0
0
0
0
0
0
0
0
0
0
0
0
0
0
0
0
0
0
0
0
0
0
0
0
0
0
0
0
0
0
0
0
0
0
0
0
0
0
0
0
0
0
0
0
0
0
0
0
0
0
0
0
0
0
0
0
0
0
0
0
0
0
0
0
0
0
0
0
0
0
0
0
0
0
0
0
0
0
0
0
0
0
0
0
0
0
0
0
0
0
0
0
0
0
0
0
0
0
0
0
0
0
0
0
0
0
0
0
0
0
0
0
0
0
0
0
0
0
0
0
0
0
0
0
0
0
0
0
0
0
0
0
0
0
0
0
0
0
0
0
0
0
0
0
0
0
0
0
0
0
0
0
0
0
0
0
0
0
0
0
0
0
0
0
0
0
0
0
0
0
0
0
0
0
0
0
0
0
0
0
0
0
0
0
0
0
0
0
0
0
0
0
0
0
0
0
0
0
0
0
0
0
0
0
0
0
0
0
0
0
0
0
0
0
0
0
0
0
0
0
0
0
0
0
0
0
0
0
0
0
0
0
0
0
0
0
0
0
0
0
0
0
0
0
0
0
0
0
0
0
0
0
0
0
0
0
0
0
0
0
0
0
0
0
0
0
0
0
0
0
0
0
0
0
0
0
0
0
0
0
0
0
0
0
0
0
0
0
0
0
0
0
0
0
0
0
0
0
0
0
0
0
0
0
0
0
0
0
0
0
0
0
0
0
0
0
0
0
0
0
0
0
0
0
0
0
0
0
0
0
0
0
0
0
0
0
0
0
0
0
0
0
0
0
0
0
0
0
0
0
0
0
0
0
0
0
0
0
0
0
0
0
0
0
0
0
0
0
0
0
0
0
0
0
0
0
0
0
0
0
0
0
0
0
0
0
0
0
0
0
0
0
0
0
0
0
0
0
0
0
0
0
0
0
0
0
0
0
0
0
0
0
0
0
0
0
0
0
0
0
0
0
0
0
0
0
0
0
0
0
0
0
0
0
0
0
0
0
0
0
0
0
0
0
0
0
0
0
0
0
0
0
0
0
0
0
0
0
0
0
0
0
0
0
0
0
0
0
0
0
0
0
0
0
0
0
0
0
0
0
0
0
0
0
0
0
0
0
0
0
0
0
0
0
0
0
0
0
0
0
0
0
0
0
0
0
0
0
0
0
0
0
0
0
0
0
0
0
0
0
0
0
0
0
0
0
0
0
0
0
0
0
0
0
0
0
0
0
0
0
0
0
0
0
0
0
0
0
0
0
0
0
0
0
0
0
0
0
0
0
0
0
0
0
0
0
0
0
0
0
0
0
0
0
0
0
0
0
0
0
0
0
0
0
0
0
0
0
0
0
0
0
0
0
0
0
0
0
0
0
0
0
0
0
0
0
0
0
0
0
0
0
0
0
0
0
0
0
0
0
0
0
0
0
0
0
0
0
0
0
0
0
0
0
0
0
0
0
0
0
0
0
0
0
0
0
0
0
0
0
0
0.306616
0.308213
0.312259
0.311582
0.309106
0.440755
0.312281
0.312024
0.303613
0.424129
0.580972
0.135921
0.311239
0.311281
0.309244
0.3125
0.0226353
0.311077
0.3125
0.308608
0.30904
0.251141
0.0226823
0.3125
0.310979
0.312484
0.312463
0.3125
0.107976
0.3125
0.3125
0.312442
0.109545
0.32884
0.312426
0.3125
0.0235495
0.3125
0.31245
0.250653
0.0235965
0.312471
0.392292
0.0235518
0.398826
0.312329
0.168129
0.312576
0.238234
0.305261
0.288414
0.208179
0.305812
0.0792459
0.306164
0.306072
0.306065
0.118959
0.306221
0.0806504
0.0197834
0.305265
0.306084
0.306268
0.159707
0.306235
0.306263
0.162624
0.111846
0.306232
0.208895
0.0429838
0.3125
0.282549
0.3125
0.290257
0.0197508
0.205905
0.0844627
0.3125
0.3125
0.3125
0.3125
0.232792
0.0633013
0.310524
0.0649841
0.220131
0.0651001
0.0446361
0.0653851
0.0160809
0.0170153
0.311194
0.3124
0.311266
0.300278
0.310179
0.095424
0.0653255
0.3125
0.3125
0.0883015
0.31249
0.0872582
0.0629366
0.016295
0.3125
0.310521
0.311689
0.311169
0.312408
0.312498
0.104759
0.0573427
0.311169
0.312498
0.312495
0.0406733
0.0445487
0.221811
0.312487
0.217934
0.0840282
0.3125
0.3125
0.299508
0.066751
0.0606855
0.3125
0.0702145
0.267745
0.239207
0.0618599
0.215154
0.176391
0.088874
0.3125
0.3125
0.3125
0.3125
0.3125
0.3125
0.312478
0.3125
0.3125
0.3125
0.312409
0.0655901
0.303099
0.0658323
0.0660042
0.0632921
0.3125
0.3125
0.0984216
0.0654481
0.0622369
0.0163022
0.3125
0.311867
0.0653364
0.312474
0.0654517
0.0656076
0.0382225
0.312442
0.0654959
0.0536273
0.223957
0.0233053
0.0217316
0.3125
0.3125
0.0606855
0.3125
0.272244
0.367596
0.241343
0.0618599
0.215154
0.213259
0.0888736
0.3125
0.3125
0.312461
0.3125
0.3125
0.312488
0.306144
0.3125
0.3125
0.3064
0.229328
0.3125
0.0913672
0.305878
0.306565
0.0171123
0.3125
0.356926
0.30619
0.334677
0.464286
0.100511
0.241342
0.306444
0.262028
0.0722358
0.116455
0.388402
0.381357
0.31115
0.0529008
0.3125
0.3125
0.247894
0.0232343
0.021816
0.3125
0.310993
0.0527037
0.0231074
0.016103
0.311158
0.0528659
0.320043
0.0231909
0.0218309
0.3125
0.0166345
0.0477242
0.0600709
0.0483906
0.29246
0.0604998
0.0603065
0.0218973
0.021789
0.292459
0.0608838
0.0609558
0.298841
0.0218513
0.0218559
0.0471447
0.0543633
0.298836
0.298186
0.298288
0.101717
0.0870447
0.22521
0.0651311
0.259712
0.268408
0.294493
0.312416
0.297291
0.103596
0.18061
0.0232093
0.0588609
0.3125
0.3125
0.310935
0.312485
0.311837
0.309189
0.312339
0.312364
0.3125
0.0595379
0.3125
0.0218356
0.310131
0.306677
0.304899
0.0168109
0.3125
0.3125
0.096663
0.0893239
0.3125
0.31026
0.227824
0.203648
0.309008
0.312414
0.312357
0.291001
0.298094
0.303614
0.308264
0.308202
0.312228
0.222032
0.0594148
0.3125
0.3125
0.3125
0.3125
0.3125
0.0579818
0.309673
0.30493
0.305609
0.239939
0.218861
0.112576
0.0906285
0.312127
0.306806
0.306045
0.312455
0.312406
0.31242
0.3125
0.0894146
0.3125
0.3125
0.0892363
0.0859302
0.3125
0.312454
0.312416
0.31242
0.296158
0.302502
0.0417758
0.0897952
0.3125
0.3125
0.0434789
0.0509751
0.0241146
0.0586418
0.3125
0.3125
0.312408
0.312344
0.312369
0.3125
0.0593076
0.3125
0.3125
0.0977846
0.0893273
0.3125
0.312402
0.312424
0.312366
0.401191
0.418566
0.220159
0.0595913
0.0267567
0.0588712
0.312937
0.3125
0.312405
0.302583
0.305144
0.3125
0.0554214
0.395314
0.0890356
0.0815719
0.312409
0.298404
0.298414
0.108235
0.3125
0.048182
0.060797
0.0207616
0.020669
0.061145
0.163418
0.306146
0.172451
0.0465787
0.171747
0.25108
0.159749
0.0200209
0.0611715
0.0485636
0.208024
0.0822961
0.0600878
0.0574733
0.245072
0.138516
0.169896
0.291052
0.162653
0.0205368
0.169848
0.279937
0.141878
0.215424
0.0829033
0.0791705
0.0200247
0.0578448
0.171356
0.305196
0.170084
0.017827
0.3125
0.312499
0.0608391
0.0208029
0.0807102
0.0204148
0.0615258
0.0614865
0.171972
0.306218
0.172179
0.0595024
0.0194499
0.0148456
0.0163015
0.172287
0.306188
0.172058
0.164714
0.0672124
0.134664
0.172213
0.306069
0.171812
0.0154973
0.292348
0.292401
0.0194559
0.308901
0.0674406
0.293536
0.0705202
0.0198535
0.0187072
0.0155253
0.0165223
0.0542958
0.139315
0.279988
0.156878
0.294083
0.0689436
0.299509
0.0471602
0.157047
0.294038
0.0689641
0.299367
0.139375
0.279097
0.0199974
0.311477
0.312281
0.335153
0.3125
0.3125
0.296652
0.297717
0.296147
0.297666
0.309742
0.3125
0.309715
0.247
0.0168032
0.310543
0.214927
0.306033
0.282483
0.0655433
0.291881
0.106165
0.0159847
0.146939
0.291659
0.0642727
0.260846
0.0775567
0.286638
0.31241
0.285835
0.217114
0.215753
0.301151
0.312208
0.299729
0.0613539
0.260293
0.311336
0.0726427
0.288226
0.237779
0.250561
0.31227
0.307082
0.300435
0.286035
0.263853
0.218314
0.144367
0.21576
0.0802714
0.0822905
0.3125
0.3125
0.3125
0.3125
0.3125
0.307086
0.0859333
0.307383
0.312492
0.311669
0.311635
0.0157707
0.0588092
0.16863
0.0618585
0.156745
0.3125
0.222706
0.311768
0.221851
0.311164
0.312498
0.312498
0.312412
0.312498
0.3125
0.019629
0.0189109
0.0147549
0.0161347
0.3125
0.312498
0.3125
0.0187123
0.0217586
0.3105
0.219838
0.31173
0.3125
0.312392
0.312406
0.0835947
0.3125
0.3125
0.295907
0.0220652
0.0583642
0.0157844
0.292923
0.171509
0.304684
0.294333
0.162147
0.306722
0.216566
0.0674244
0.155826
0.063553
0.159168
0.16798
0.308198
0.30831
0.308555
0.311915
0.286546
0.291399
0.307081
0.0861365
0.307717
0.327857
0.281727
0.29506
0.290218
0.0810654
0.308685
0.0633606
0.261393
0.0500159
0.0840097
0.3125
0.3125
0.3125
0.3125
0.3125
0.3125
0.3125
0.3125
0.3125
0.3125
0.3125
0.288995
0.306784
0.28045
0.0444193
0.200728
0.296021
0.0689763
0.129234
0.154079
0.284823
0.145745
0.1777
0.29356
0.28641
0.290756
0.150653
0.298115
0.134262
0.276588
0.198075
0.0607696
0.176274
0.3125
0.3125
0.3125
0.3125
0.3125
0.309562
0.0851053
0.301543
0.292002
0.0648737
0.290821
0.0157851
0.0583589
0.156568
0.0618672
0.155812
0.3125
0.225082
0.306095
0.217255
0.0173159
0.0789012
0.312475
0.306867
0.306899
0.291855
0.065576
0.292068
0.312475
0.303454
0.306875
0.291977
0.0655701
0.292051
0.311813
0.211139
0.302517
0.3125
0.3125
0.3125
0.3125
0.3125
0.0583646
0.0157845
0.165251
0.269167
0.103553
0.216572
0.0674248
0.370606
0.385517
0.294954
0.385069
0.36364
0.472822
0.0840101
0.3125
0.3125
0.3125
0.3125
0.3125
0.3125
0.3125
0.3125
0.3125
0.3125
0.0500492
0.0443952
0.197846
0.0649454
0.177551
0.3125
0.3125
0.3125
0.3125
0.3125
0.044505
0.0638214
0.176248
0.306443
0.176122
0.3125
0.0637221
0.0439154
0.0158305
0.0617532
0.17692
0.291724
0.175265
0.3125
0.3125
0.3125
0.0638281
0.0445013
0.0913724
0.0477631
0.3125
0.213241
0.489179
0.175548
0.217164
0.0711008
0.176143
0.306589
0.178335
0.498044
0.536911
0.392792
0.0912989
0.465393
0.0988734
0.0851104
0.384679
0.388313
0.0804725
0.3125
0.3125
0.3125
0.3125
0.3125
0.311158
0.219474
0.302626
0.3125
0.0733115
0.250887
0.302538
0.218432
0.0726532
0.239614
0.0168909
0.245701
0.269839
0.0229618
0.261294
0.247931
0.302604
0.219502
0.270066
0.0231619
0.269935
0.3125
0.0435923
0.0188659
0.261735
0.26186
0.244937
0.264356
0.043474
0.0188346
0.272602
0.269322
0.25626
0.268591
0.0435112
0.0188497
0.0641881
0.0686827
0.284463
0.302317
0.284554
0.3022
0.240482
0.240075
0.272383
0.218561
0.312497
0.0500485
0.0202026
0.0704538
0.0701463
0.0706911
0.0701277
0.0791509
0.0786347
0.1365
0.0706899
0.0701256
0.069554
0.0702346
0.0637752
0.0682354
0.0674681
0.0536917
0.06376
0.0682292
0.0706919
0.0701271
0.0649216
0.053167
0.240468
0.240076
0.218554
0.272374
0.264333
0.270913
0.256162
0.266109
0.0216572
0.0763699
0.106373
0.242499
0.234375
0.244343
0.234375
0.272937
0.272765
0.25767
0.269885
0.2425
0.234375
0.234375
0.244345
0.27296
0.272765
0.25768
0.269894
0.117651
0.104757
0.312315
0.311244
0.311171
0.312353
0.0926968
0.0877306
0.312232
0.31124
0.311263
0.312244
0.0171828
0.126595
0.310872
0.312403
0.293481
0.16374
0.251733
0.247259
0.3125
0.3125
0.3125
0.3125
0.311319
0.312446
0.312447
0.308201
0.312356
0.312281
0.3125
0.3125
0.3125
0.12293
0.106983
0.31236
0.3112
0.31118
0.312387
0.312355
0.311144
0.311164
0.312359
0.311277
0.312272
0.312408
0.0154671
0.312394
0.31126
0.311058
0.312408
0.3125
0.3125
0.3125
0.3125
0.0930831
0.0883888
0.311958
0.307742
0.30875
0.311926
0.3125
0.3125
0.3125
0.310142
0.309366
0.307746
0.307927
0.312189
0.312023
0.3125
0.3125
0.3125
0.3125
0.3125
0.3125
0.3125
0.3125
0.3125
0.3125
0.3125
0.3125
0.3125
0.3125
0.3125
0.3125
0.3125
0.3125
0.3125
0.312233
0.311985
0.0930842
0.0889805
0.312486
0.312277
0.312406
0.31249
0.312484
0.312451
0.31245
0.312496
0.312497
0.3125
0.3125
0.3125
0.3125
0.312225
0.120883
0.122924
0.10796
0.311997
0.312347
0.312385
0.311913
0.3125
0.3125
0.3125
0.3125
0.3125
0.3125
0.3125
0.3125
0.0694252
0.0687453
0.0153611
0.0708204
0.0234495
0.0704386
0.3125
0.3125
0.3125
0.3125
0.0932624
0.0894739
0.312463
0.312495
0.312435
0.312498
0.3125
0.3125
0.3125
0.312495
0.312469
0.312498
0.123399
0.338376
0.3125
0.323691
0.3125
0.4643
0.337559
0.371808
0.408424
0.3125
0.3125
0.3125
0.3125
0.3125
0.3125
0.3125
0.3125
0.3125
0.382977
0.356575
0.0205958
0.0931419
0.089382
0.312406
0.312482
0.312436
0.31244
0.3125
0.3125
0.3125
0.3125
0.312492
0.312492
0.3125
0.3125
0.3125
0.3125
0.3125
0.3125
0.3125
0.3125
0.3125
0.3125
0.3125
0.3125
0.0932627
0.0894739
0.312463
0.312495
0.312435
0.312498
0.3125
0.3125
0.3125
0.312495
0.312489
0.312499
0.107485
0.276032
0.123969
0.34437
0.3125
0.3125
0.328108
0.352255
0.3125
0.3125
0.353438
0.112676
0.102072
0.3125
0.3125
0.3125
0.3125
0.312482
0.312439
0.312425
0.349794
0.472323
0.387106
0.227044
0.205696
0.312454
0.312496
0.312489
0.31248
0.355432
0.375436
0.464311
0.3125
0.113467
0.103143
0.31219
0.312355
0.312366
0.311979
0.420843
0.507672
0.540323
0.312369
0.311971
0.312018
0.205805
0.312576
0.3125
0.3125
0.139573
0.195127
0.26108
0.250383
0.221812
0.0717324
0.0854339
0.195048
0.261062
0.221776
0.25035
0.0706237
0.0817194
0.170845
0.210209
0.0831861
0.18996
0.265425
0.253791
0.220973
0.242238
0.276427
0.249445
0.272199
0.236953
0.289314
0.2679
0.254457
0.290132
0.306219
0.306322
0.289846
0.267371
0.288022
0.296802
0.249824
0.276064
0.302764
0.287271
0.0824686
0.305309
0.17132
0.261455
0.26183
0.264148
0.244877
0.146853
0.130961
0.202223
0.0798374
0.0435239
0.0188644
0.146778
0.130924
0.0798013
0.202176
0.289814
0.303669
0.288184
0.140013
0.132482
0.261598
0.264273
0.265328
0.244978
0.150746
0.146564
0.217748
0.0835391
0.309621
0.305963
0.299068
0.310874
0.234788
0.176252
0.181563
0.246034
0.23564
0.181544
0.182143
0.252736
0.0699748
0.0435299
0.0188684
0.0505214
0.0203822
0.0664395
0.0689584
0.171771
0.276537
0.142033
0.230528
0.293017
0.275084
0.266035
0.0198821
0.289599
0.305775
0.230489
0.293012
0.266026
0.275063
0.289552
0.305396
0.0769547
0.205485
0.081136
0.121464
0.0669279
0.185466
0.0247792
0.207677
0.214713
0.205078
0.209196
0.207681
0.21463
0.205078
0.209114
0.3125
0.3125
0.3125
0.3125
0.290034
0.306227
0.290009
0.0200655
0.299999
0.163854
0.284407
0.302266
0.302149
0.284498
0.0800151
0.0436696
0.131274
0.0189158
0.0800063
0.0436538
0.0189
0.131251
0.228154
0.228153
0.243887
0.217253
0.137538
0.0646879
0.283191
0.258892
0.170932
0.21058
0.0833694
0.166051
0.176559
0.219282
0.159659
0.0706793
0.0843646
0.225387
0.184792
0.182028
0.239042
0.227784
0.188796
0.249269
0.182773
0.290249
0.306123
0.290022
0.306203
0.227841
0.188873
0.182928
0.249298
0.227874
0.191786
0.250102
0.183491
0.290286
0.306145
0.290039
0.306235
0.236446
0.19861
0.205546
0.252804
0.236939
0.289304
0.267807
0.25446
0.267574
0.287655
0.296733
0.249789
0.172541
0.306254
0.172461
0.0712229
0.0703835
0.111104
0.0587856
0.0669092
0.0587464
0.0668297
0.070643
0.0700327
0.0728541
0.0705976
0.163727
0.0425396
0.0721504
0.309238
0.305932
0.298823
0.310832
0.0591842
0.0672933
0.263295
0.301144
0.263733
0.300616
0.290316
0.306142
0.290052
0.172418
0.306233
0.17229
0.0706368
0.0700216
0.0587289
0.066513
0.0588195
0.0669451
0.224096
0.15167
0.214724
0.0405874
0.0963496
0.0928732
0.305959
0.305705
0.282949
0.31076
0.0221679
0.262218
0.303232
0.271169
0.300716
0.290303
0.30614
0.290045
0.0826575
0.305226
0.170748
0.070478
0.0701588
0.143687
0.144196
0.207243
0.0820647
0.224163
0.173538
0.178847
0.234588
0.227779
0.188797
0.249266
0.182774
0.0449029
0.0201795
0.289556
0.30611
0.289646
0.305829
0.227836
0.188874
0.182927
0.249295
0.227462
0.185907
0.24819
0.182113
0.289057
0.306067
0.30564
0.289549
0.0415312
0.0509751
0.0189782
0.308281
0.308157
0.292679
0.311292
0.230746
0.179254
0.158202
0.247348
0.184432
0.0681886
0.0705014
0.184254
0.0501629
0.020229
0.0706445
0.0700343
0.0690233
0.0696714
0.207676
0.214713
0.209194
0.205078
0.207679
0.214735
0.205078
0.209217
0.3125
0.3125
0.3125
0.3125
0.3125
0.3125
0.3125
0.3125
0.0968755
0.0198865
0.0172822
0.159653
0.260222
0.223069
0.212658
0.228848
0.274473
0.252357
0.247934
0.0621533
0.0673811
0.0700282
0.08014
0.268783
0.293676
0.297753
0.258379
0.240504
0.240506
0.273016
0.218581
0.0172329
0.280987
0.0981799
0.219625
0.262818
0.243059
0.235775
0.236677
0.193
0.257545
0.183728
0.0687061
0.0698384
0.234495
0.19722
0.195535
0.258423
0.0614546
0.0613428
0.0801436
0.0459927
0.0712362
0.0146836
0.0734452
0.0878266
0.0196817
0.0507364
0.0711191
0.309598
0.3125
0.309634
0.234375
0.234375
0.234375
0.234375
0.262046
0.286457
0.297863
0.255293
0.3125
0.3125
0.3125
0.3125
0.3125
0.3125
0.3125
0.3125
0.26203
0.286449
0.255285
0.297846
0.234375
0.234375
0.234375
0.234375
0.309599
0.3125
0.309635
0.234375
0.234375
0.234375
0.234375
0.26204
0.286452
0.297852
0.25529
0.3125
0.3125
0.3125
0.3125
0.3125
0.3125
0.3125
0.3125
0.262027
0.286442
0.25528
0.29784
0.2595
0.299915
0.26361
0.290604
0.311703
0.30912
0.311747
0.309039
0.272741
0.272742
0.269734
0.25763
0.235796
0.235784
0.234372
0.239488
0.242503
0.234375
0.244339
0.234375
0.245762
0.247526
0.269816
0.234358
0.3125
0.3125
0.3125
0.309082
0.3125
0.309585
0.272742
0.272741
0.269738
0.257629
0.306086
0.305695
0.283296
0.310749
0.240287
0.237934
0.257593
0.234307
0.215748
0.191926
0.199786
0.213456
0.0941572
0.231766
0.0930427
0.255807
0.0162252
0.043176
0.312387
0.311287
0.312375
0.311255
0.178941
0.0652067
0.178665
0.0653842
0.103944
0.0950544
0.0467658
0.017025
0.291084
0.022595
0.198243
0.31221
0.31124
0.312248
0.3112
0.179241
0.0652861
0.178844
0.0655295
0.31178
0.305054
0.308432
0.310651
0.179318
0.0652646
0.0655504
0.178808
0.285939
0.226128
0.289895
0.177485
0.0653342
0.178731
0.201995
0.0654341
0.291231
0.178967
0.0651863
0.178529
0.0416694
0.0616694
0.207502
0.0467113
0.310642
0.312356
0.312054
0.312401
0.284888
0.284238
0.31107
0.312449
0.0172299
0.304583
0.262517
0.310945
0.312049
0.0861054
0.231127
0.0962939
0.234255
0.209622
0.176194
0.210871
0.0515769
0.105646
0.293869
0.309249
0.300539
0.3073
0.102866
0.0951244
0.3125
0.3125
0.3125
0.3125
0.3125
0.3125
0.3125
0.3125
0.3125
0.3125
0.3125
0.3125
0.3125
0.3125
0.225138
0.0926026
0.232886
0.312491
0.31249
0.312491
0.0841217
0.307222
0.306811
0.0413124
0.0606797
0.153731
0.3125
0.3125
0.3125
0.051412
0.290477
0.0952518
0.290699
0.0826555
0.30658
0.311937
0.308875
0.311694
0.219939
0.219689
0.312409
0.311244
0.312414
0.311216
0.312355
0.31114
0.312359
0.311157
0.31236
0.311154
0.312363
0.311175
0.311673
0.304235
0.308208
0.309849
0.311166
0.312358
0.312357
0.312408
0.312491
0.312493
0.3125
0.312498
0.3125
0.0768768
0.0420253
0.0706665
0.0528086
0.0410396
0.0560781
0.0493179
0.0419283
0.3125
0.312498
0.3125
0.0528585
0.0156084
0.286872
0.229154
0.291684
0.217249
0.311644
0.311644
0.3124
0.311272
0.312409
0.311104
0.0438917
0.0166174
0.209436
0.071229
0.108083
0.189209
0.3125
0.3125
0.3125
0.3125
0.3125
0.3125
0.3125
0.3125
0.3125
0.3125
0.3125
0.3125
0.3125
0.3125
0.3125
0.261107
0.308103
0.276956
0.152968
0.0163028
0.041336
0.312176
0.307936
0.31205
0.309041
0.0827508
0.0844572
0.312389
0.312491
0.31249
0.312396
0.0903877
0.0863554
0.312401
0.312492
0.312405
0.312492
0.0831949
0.0840712
0.0994076
0.103586
0.23313
0.232504
0.305783
0.248628
0.262718
0.269609
0.211322
0.0699245
0.171263
0.3125
0.3125
0.3125
0.3125
0.3125
0.3125
0.3125
0.3125
0.3125
0.3125
0.3125
0.3125
0.3125
0.3125
0.3125
0.3125
0.3125
0.3125
0.3125
0.3125
0.3125
0.3125
0.3125
0.3125
0.3125
0.3125
0.3125
0.3125
0.3125
0.3125
0.3125
0.3125
0.3125
0.3125
0.3125
0.3125
0.3125
0.3125
0.312174
0.31008
0.311978
0.311026
0.311707
0.309124
0.311749
0.309049
0.312499
0.3125
0.3125
0.3125
0.3125
0.3125
0.3125
0.3125
0.3125
0.311844
0.312324
0.311935
0.291988
0.0591299
0.265045
0.263726
0.30752
0.0185985
0.179003
0.0992539
0.100169
0.179897
0.100385
0.0195555
0.158583
0.174901
0.184203
0.312355
0.311866
0.312434
0.311426
0.0837349
0.0848426
0.312396
0.31249
0.312491
0.312403
0.103009
0.0963023
0.085164
0.0877108
0.3125
0.3125
0.3125
0.3125
0.3125
0.3125
0.3125
0.3125
0.3125
0.3125
0.3125
0.24087
0.107086
0.254835
0.179179
0.0654122
0.179109
0.160372
0.061999
0.159895
0.041337
0.0606904
0.15296
0.312263
0.021203
0.108082
0.103388
0.107971
0.0204966
0.308093
0.311936
0.308888
0.291186
0.0450433
0.203986
0.312183
0.312367
0.312066
0.312364
0.0204911
0.107861
0.0707262
0.0231541
0.3125
0.3125
0.3125
0.3125
0.114526
0.0258294
0.0714338
0.322041
0.124566
0.330725
0.121668
0.3125
0.3125
0.3125
0.3125
0.312234
0.311126
0.312254
0.310957
0.3125
0.3125
0.3125
0.3125
0.3124
0.311787
0.31236
0.312108
0.312474
0.312356
0.312356
0.179098
0.0652769
0.178829
0.292076
0.0656648
0.292144
0.0651992
0.0678208
0.0673403
0.0434296
0.0701074
0.312469
0.312212
0.312328
0.283082
0.065575
0.292068
0.0730798
0.0712588
0.0585167
0.0418781
0.260636
0.191296
0.257846
0.191545
0.255094
0.190795
0.18998
0.256203
0.0564723
0.0419471
0.288767
0.228996
0.291623
0.0709525
0.0197598
0.0708165
0.0155139
0.3125
0.3125
0.3125
0.3125
0.3125
0.3125
0.3125
0.3125
0.3125
0.3125
0.3125
0.3125
0.3125
0.3125
0.152968
0.0163029
0.0413362
0.312485
0.312495
0.312499
0.312444
0.0827509
0.0844572
0.312389
0.312491
0.31249
0.312396
0.0906671
0.0876159
0.301067
0.27827
0.305247
0.275308
0.169055
0.108449
0.250696
0.26288
0.269729
0.211323
0.0699245
0.171263
0.0840115
0.354721
0.3125
0.363002
0.3125
0.342016
0.3125
0.32508
0.3125
0.3125
0.3125
0.3125
0.3125
0.3125
0.3125
0.3125
0.3125
0.3125
0.3125
0.3125
0.3125
0.3125
0.3125
0.312174
0.310082
0.311979
0.311026
0.311744
0.309328
0.311864
0.309077
0.312499
0.352305
0.351587
0.3125
0.3125
0.3125
0.312499
0.3125
0.3125
0.020407
0.177654
0.25757
0.189666
0.312347
0.312477
0.312406
0.312419
0.084013
0.0880481
0.184201
0.0670668
0.182022
0.068297
0.102963
0.0962877
0.0477693
0.0175297
0.3125
0.3125
0.3125
0.3125
0.3125
0.3125
0.3125
0.3125
0.3125
0.3125
0.290761
0.306437
0.290762
0.123316
0.306188
0.175641
0.3125
0.3125
0.3125
0.176186
0.223581
0.121434
0.3125
0.3125
0.3125
0.3125
0.160042
0.175349
0.312394
0.311466
0.312365
0.311522
0.3124
0.311773
0.312354
0.31211
0.0417485
0.2483
0.168844
0.3125
0.3125
0.3125
0.3125
0.356515
0.3125
0.3125
0.3125
0.3125
0.3125
0.3125
0.3125
0.3125
0.3125
0.3125
0.3125
0.3125
0.3125
0.312485
0.312495
0.312499
0.312444
0.312388
0.312475
0.312489
0.312393
0.0905684
0.0875392
0.312395
0.312475
0.312395
0.31249
0.0829889
0.0842903
0.3125
0.3125
0.3125
0.544917
0.536537
0.601701
0.461845
0.147026
0.250697
0.26288
0.269734
0.214014
0.307088
0.188144
0.09531
0.388694
0.496234
0.496544
0.351804
0.3125
0.353198
0.3125
0.344288
0.310704
0.312231
0.328169
0.386784
0.481041
0.491861
0.281903
0.0217232
0.204499
0.134889
0.0212258
0.049013
0.090045
0.3125
0.3125
0.3125
0.3125
0.3125
0.3125
0.3125
0.3125
0.3125
0.3125
0.299423
0.259275
0.304324
0.1944
0.0528583
0.281794
0.3125
0.3125
0.3125
0.0207621
0.308743
0.312289
0.311365
0.281573
0.0217221
0.193067
0.425513
0.3125
0.312497
0.397347
0.0929911
0.0338672
0.312299
0.311329
0.312332
0.311132
0.187929
0.0770671
0.0693657
0.206371
0.107764
0.0705863
0.359267
0.375425
0.466496
0.3125
0.312244
0.312354
0.31198
0.312379
0.0906965
0.0880459
0.0206555
0.3125
0.345921
0.34357
0.3125
0.3125
0.3125
0.3125
0.0572207
0.0430012
0.0161391
0.0582216
0.051102
0.0604831
0.0611839
0.0216582
0.131061
0.14676
0.0798132
0.202216
0.0436155
0.0188891
0.131124
0.146873
0.202255
0.0799453
0.259065
0.187465
0.219857
0.24319
0.261682
0.261673
0.264498
0.244452
0.258985
0.18733
0.243136
0.21947
0.130828
0.146702
0.0797502
0.20205
0.0434846
0.0188452
0.130836
0.146651
0.202038
0.0797374
0.286307
0.260754
0.253979
0.298217
0.272698
0.269717
0.268791
0.256762
0.28646
0.262125
0.298426
0.254919
0.0591782
0.0669689
0.0427932
0.155279
0.0568337
0.11703
0.0602374
0.240508
0.240502
0.273017
0.218581
0.274296
0.306477
0.2964
0.298862
0.214736
0.207682
0.205078
0.209218
0.258479
0.297716
0.273024
0.0606457
0.0606582
0.241192
0.166618
0.241225
0.16664
0.265427
0.272694
0.292421
0.227953
0.214733
0.207681
0.209214
0.205078
0.258478
0.297715
0.273023
0.0637792
0.0682401
0.0587483
0.0665223
0.0706404
0.0700265
0.0587648
0.0668395
0.0649361
0.0531369
0.0222309
0.144012
0.143687
0.0820398
0.207145
0.0636072
0.0681145
0.173282
0.224039
0.234444
0.178643
0.0588066
0.0669317
0.0588029
0.0669147
0.201735
0.239468
0.208494
0.264529
0.0733673
0.0710795
0.194846
0.238867
0.262702
0.186287
0.188873
0.227839
0.182925
0.249297
0.0706407
0.0700269
0.188795
0.227789
0.24927
0.182771
0.0603768
0.188704
0.238298
0.185009
0.259408
0.0652739
0.053061
0.180741
0.220142
0.254033
0.154954
0.173557
0.224129
0.178859
0.234488
0.050183
0.0202395
0.144231
0.143693
0.207159
0.0821012
0.0710878
0.0702893
0.0587866
0.0669192
0.0706409
0.0700286
0.0601849
0.0603702
0.0587515
0.0668312
0.183829
0.220403
0.155808
0.255241
0.077407
0.0794636
0.136521
0.198492
0.239023
0.262352
0.20786
0.0587317
0.0665076
0.0587932
0.0669112
0.022246
0.240508
0.240502
0.273016
0.218581
0.214736
0.207679
0.205078
0.209217
0.041772
0.0187425
0.0220696
0.214728
0.207674
0.209207
0.205078
0.274279
0.306467
0.29639
0.074114
0.147199
0.185854
0.0572925
0.274818
0.263241
0.262164
0.26507
0.258701
0.235214
0.234505
0.2499
0.0214883
0.294524
0.247086
0.234375
0.262366
0.235756
0.278861
0.309039
0.298445
0.303766
0.234375
0.235355
0.234375
0.236736
0.234375
0.242499
0.244349
0.234375
0.261705
0.302454
0.275028
0.298287
0.234375
0.234375
0.234375
0.234375
0.262163
0.303612
0.278584
0.247085
0.234375
0.262365
0.235756
0.278859
0.309038
0.298444
0.303765
0.234375
0.235355
0.234375
0.236736
0.234375
0.2425
0.244342
0.234375
0.234375
0.234374
0.234374
0.234375
0.270463
0.260377
0.246009
0.294895
0.242499
0.234375
0.244343
0.234375
0.286502
0.26205
0.25531
0.297868
0.272968
0.272948
0.270047
0.257716
0.261628
0.30238
0.274962
0.261705
0.302452
0.275017
0.270463
0.260377
0.246009
0.294895
0.2425
0.234375
0.244345
0.234375
0.270466
0.260377
0.294895
0.246012
0.286566
0.262487
0.255352
0.298524
0.27298
0.272847
0.270059
0.257614
0.286555
0.262477
0.298515
0.255341
0.268256
0.297017
0.248645
0.305814
0.312168
0.307755
0.310726
0.310729
0.112368
0.102169
0.232946
0.288187
0.22412
0.293713
0.312245
0.311242
0.311268
0.312258
0.311333
0.306759
0.311319
0.306831
0.112739
0.274715
0.0581364
0.308661
0.302172
0.31245
0.312119
0.115288
0.307071
0.302959
0.290602
0.309768
0.3125
0.3125
0.3125
0.3125
0.3125
0.3125
0.308202
0.312353
0.312275
0.3125
0.3125
0.3125
0.274646
0.297203
0.250912
0.307438
0.0455015
0.0190274
0.311229
0.306887
0.311398
0.0563296
0.0417715
0.126498
0.263628
0.115747
0.279329
0.0216444
0.312021
0.30102
0.309587
0.307517
0.3125
0.3125
0.3125
0.3125
0.3125
0.3125
0.3125
0.3125
0.3125
0.3125
0.3125
0.3125
0.3125
0.3125
0.233712
0.288866
0.225215
0.294624
0.0901029
0.085383
0.311794
0.306222
0.309567
0.308769
0.312334
0.312476
0.312349
0.312404
0.10589
0.0990696
0.310759
0.307933
0.282125
0.20743
0.285791
0.307921
0.312201
0.312029
0.312349
0.312473
0.312362
0.108472
0.253145
0.093077
0.309226
0.310062
0.311977
0.312416
0.0249201
0.3125
0.3125
0.3125
0.3125
0.3125
0.3125
0.3125
0.3125
0.3125
0.3125
0.3125
0.3125
0.3125
0.3125
0.3125
0.3125
0.3125
0.3125
0.3125
0.3125
0.3125
0.3125
0.3125
0.3125
0.312496
0.3125
0.312499
0.3125
0.3125
0.3125
0.3125
0.3125
0.3125
0.3125
0.3125
0.3125
0.3125
0.0160841
0.312094
0.311471
0.310173
0.307932
0.0974194
0.252014
0.104707
0.233597
0.289237
0.226159
0.294092
0.0904344
0.0862866
0.312335
0.309391
0.312071
0.31084
0.128259
0.311422
0.306787
0.311416
0.312496
0.312497
0.3125
0.312459
0.312492
0.312496
0.127471
0.312268
0.309303
0.107367
0.274636
0.298911
0.252869
0.307431
0.108865
0.087473
0.312307
0.312494
0.312461
0.312463
0.309357
0.294584
0.308005
0.299721
0.3125
0.3125
0.3125
0.3125
0.3125
0.312499
0.3125
0.312499
0.01486
0.0548762
0.0404649
0.188221
0.253109
0.186925
0.254361
0.0699616
0.0699559
0.189338
0.259191
0.256249
0.18978
0.0738471
0.0714814
0.0671909
0.0700004
0.0597566
0.0423351
0.0506961
0.0670741
0.050973
0.069679
0.3125
0.3125
0.3125
0.3125
0.3125
0.3125
0.3125
0.3125
0.3125
0.3125
0.3125
0.234026
0.290725
0.227354
0.294823
0.312072
0.307995
0.311872
0.308971
0.0921143
0.0895572
0.312496
0.312496
0.3125
0.312447
0.312493
0.312496
0.312466
0.312493
0.312497
0.110741
0.256993
0.0937152
0.346838
0.3125
0.3125
0.350295
0.481004
0.373527
0.380988
0.46558
0.3125
0.340915
0.324933
0.3125
0.3125
0.3125
0.3125
0.3125
0.352308
0.353909
0.0187028
0.0462847
0.233712
0.290411
0.227133
0.294194
0.0904476
0.0862555
0.312246
0.309372
0.312058
0.310753
0.0245169
0.3125
0.3125
0.3125
0.3125
0.3125
0.3125
0.3125
0.3125
0.3125
0.3125
0.312491
0.312492
0.3125
0.312419
0.312486
0.312493
0.312434
0.312488
0.312494
0.024977
0.246058
0.460109
0.217113
0.517706
0.0453352
0.3125
0.312499
0.3125
0.3125
0.3125
0.3125
0.3125
0.3125
0.3125
0.3125
0.3125
0.3125
0.3125
0.3125
0.3125
0.3125
0.3125
0.3125
0.312071
0.307986
0.311871
0.30896
0.106004
0.0991038
0.3125
0.3125
0.3125
0.312491
0.312483
0.312499
0.312463
0.312493
0.312497
0.312428
0.312488
0.312494
0.112816
0.269066
0.100266
0.0249467
0.351943
0.312498
0.3125
0.351607
0.257791
0.248866
0.238002
0.26682
0.0538201
0.0570107
0.3125
0.3125
0.3125
0.3125
0.3125
0.3125
0.312483
0.312469
0.312451
0.311353
0.302745
0.310896
0.392531
0.3125
0.349813
0.0240983
0.526212
0.586951
0.491632
0.608842
0.35031
0.3125
0.3125
0.350423
0.418926
0.503225
0.537779
0.263105
0.2977
0.246951
0.305096
0.312081
0.308584
0.311943
0.309882
0.0916171
0.312397
0.312261
0.312177
0.309043
0.294212
0.308032
0.309328
0.294193
0.308177
0.165309
0.3125
0.3125
0.3125
0.057248
0.0430745
0.0161851
0.166121
0.155963
0.117488
0.218949
0.0523383
0.0200584
0.166033
0.155919
0.117365
0.218916
0.0520518
0.0200068
0.0488357
0.020058
0.150203
0.143344
0.0828616
0.215486
0.0216141
0.216051
0.165075
0.150705
0.23841
0.184387
0.0681727
0.0704746
0.18422
0.249562
0.170609
0.171787
0.248873
0.205924
0.0657056
0.104322
0.177519
0.238378
0.169552
0.247092
0.305719
0.290056
0.289635
0.171366
0.249778
0.249123
0.258926
0.187349
0.243095
0.219757
0.261403
0.261648
0.264291
0.244405
0.258849
0.187255
0.243061
0.219381
0.187465
0.259018
0.219555
0.243204
0.130943
0.146808
0.202196
0.0798134
0.0435086
0.0188492
0.130918
0.146776
0.202167
0.0797999
0.187332
0.258982
0.21947
0.243144
0.249417
0.170353
0.248115
0.258882
0.187267
0.243021
0.219507
0.261624
0.264545
0.265511
0.245034
0.258867
0.187204
0.242997
0.219475
0.190244
0.265751
0.221098
0.254754
0.304885
0.26252
0.301029
0.277654
0.306439
0.30507
0.282894
0.310644
0.302003
0.263754
0.300906
0.264306
0.249448
0.277367
0.251601
0.275359
0.251998
0.297175
0.261409
0.284565
0.0519582
0.0592072
0.0670208
0.0427294
0.155243
0.0568066
0.116937
0.0606304
0.196261
0.218747
0.165939
0.252414
0.0175444
0.24839
0.170709
0.196225
0.218748
0.165959
0.252392
0.248329
0.169767
0.228154
0.228153
0.243888
0.217253
0.214631
0.207681
0.205078
0.209115
0.207676
0.21473
0.205078
0.209213
0.207681
0.21463
0.209114
0.205078
0.31235
0.311014
0.312482
0.308977
0.249357
0.171235
0.249266
0.241169
0.166582
0.166604
0.241203
0.265434
0.272715
0.292426
0.227988
0.146982
0.245116
0.188382
0.202512
0.0606644
0.060677
0.146977
0.245091
0.188345
0.202494
0.214631
0.207682
0.205078
0.209115
0.162908
0.0494155
0.311818
0.311886
0.0501864
0.0202407
0.143687
0.144233
0.0821002
0.207153
0.0706897
0.070125
0.0606862
0.0613477
0.0588025
0.0669189
0.224132
0.173562
0.178867
0.234486
0.227851
0.188876
0.182933
0.249302
0.24989
0.17107
0.172163
0.24929
0.0691082
0.0697739
0.0606963
0.0613557
0.0587843
0.0668549
0.227784
0.188795
0.18277
0.24927
0.227488
0.186018
0.182282
0.248079
0.249925
0.171098
0.172188
0.249314
0.230541
0.179232
0.158106
0.247125
0.184399
0.0681773
0.0704839
0.184229
0.206309
0.0657835
0.104623
0.177638
0.249665
0.171083
0.249277
0.306131
0.290273
0.290026
0.171085
0.249905
0.249296
0.177815
0.16624
0.219774
0.160177
0.0710724
0.0702683
0.185768
0.225506
0.239465
0.182264
0.0587038
0.0664312
0.0587586
0.066896
0.0587708
0.0668409
0.0587964
0.0669602
0.302609
0.256203
0.290827
0.276254
0.306059
0.305726
0.282952
0.310678
0.299464
0.253799
0.289636
0.262314
0.0591854
0.0674047
0.2633
0.301172
0.263756
0.300623
0.24999
0.171144
0.249345
0.188789
0.227777
0.249266
0.18276
0.0706867
0.0701232
0.188871
0.227851
0.2493
0.18293
0.0587585
0.0668389
0.0588166
0.0669191
0.225204
0.160856
0.219054
0.104896
0.164402
0.187708
0.151986
0.184734
0.203692
0.29911
0.253647
0.288433
0.262316
0.307853
0.308189
0.29269
0.311332
0.300197
0.246884
0.286424
0.268468
0.0220326
0.262229
0.303259
0.271219
0.300725
0.249953
0.17111
0.249326
0.306105
0.290036
0.289982
0.171006
0.249569
0.249231
0.184827
0.225391
0.239056
0.182044
0.0704203
0.0712389
0.111125
0.176613
0.166062
0.219304
0.159684
0.166248
0.177846
0.160192
0.219817
0.0706904
0.0701277
0.0587978
0.0669128
0.22556
0.1858
0.182304
0.239522
0.227838
0.188871
0.182927
0.249294
0.0735029
0.0707904
0.0587692
0.0669783
0.227771
0.18879
0.182763
0.249262
0.228087
0.192856
0.183857
0.250659
0.247908
0.16997
0.169996
0.248323
0.0374924
0.0406775
0.0149393
0.300699
0.246929
0.286854
0.268485
0.309545
0.306008
0.298859
0.310946
0.302684
0.256027
0.289991
0.276228
0.236859
0.19993
0.206206
0.253482
0.236973
0.28934
0.267839
0.254492
0.0587636
0.0668413
0.0587612
0.0667778
0.24054
0.240176
0.272471
0.218637
0.274265
0.306426
0.296139
0.298853
0.214734
0.207679
0.205078
0.209214
0.207675
0.21473
0.209211
0.205078
0.207678
0.214731
0.205078
0.209211
0.31235
0.311014
0.308977
0.312482
0.31235
0.311006
0.312482
0.308976
0.0862686
0.0521515
0.0208681
0.150019
0.0166289
0.0385384
0.163156
0.201376
0.0411697
0.0181402
0.178078
0.0671535
0.0726595
0.179417
0.0500634
0.0206153
0.162842
0.20089
0.0517831
0.0199174
0.207091
0.0691896
0.105207
0.185826
0.21473
0.207674
0.205078
0.209212
0.297541
0.260355
0.263321
0.0701932
0.18852
0.189118
0.188728
0.225229
0.217479
0.197366
0.205343
0.190274
0.223036
0.197179
0.252509
0.26173
0.23731
0.27671
0.0628684
0.0589595
0.158209
0.208287
0.206595
0.155428
0.251206
0.275981
0.254879
0.27848
0.0617044
0.0601725
0.0383716
0.0214935
0.0858339
0.0200276
0.258488
0.298005
0.104004
0.185565
0.258478
0.297946
0.10405
0.18559
0.0843081
0.0199793
0.0521087
0.31235
0.33057
0.343924
0.234375
0.242499
0.244349
0.234375
0.261632
0.302384
0.274974
0.29819
0.234375
0.234375
0.234375
0.234375
0.235355
0.234375
0.236736
0.234375
0.260388
0.270469
0.246015
0.294908
0.312347
0.311992
0.310901
0.31247
0.312218
0.310652
0.309713
0.312331
0.234375
0.234375
0.246936
0.235756
0.234375
0.235355
0.234375
0.236736
0.260372
0.270461
0.246008
0.294892
0.235355
0.234375
0.236736
0.234375
0.312221
0.31067
0.309741
0.312333
0.3125
0.312576
0.234375
0.2425
0.244342
0.234375
0.261702
0.302452
0.275021
0.298284
0.234375
0.234375
0.234375
0.234375
0.235355
0.234375
0.236736
0.234375
0.260377
0.270463
0.246009
0.294895
0.312347
0.311992
0.3109
0.31247
0.312222
0.31067
0.309741
0.312334
0.234903
0.235036
0.234911
0.246487
0.234357
0.234371
0.234369
0.234367
0.260374
0.270464
0.24601
0.294891
0.245232
0.233734
0.234288
0.258298
0.286451
0.26204
0.297853
0.25529
0.272766
0.272822
0.269891
0.257571
0.286442
0.26203
0.297843
0.255281
0.234375
0.234375
0.234374
0.234375
0.270473
0.26039
0.294913
0.246015
0.242503
0.234375
0.244339
0.234375
0.258696
0.285629
0.254939
0.290825
0.312222
0.31067
0.312334
0.3125
0.3125
0.3125
0.310652
0.312218
0.312331
0.286453
0.26204
0.297853
0.25529
0.272773
0.272921
0.269909
0.257666
0.286447
0.26203
0.297843
0.255284
0.30166
0.264101
0.30095
0.264634
0.306074
0.299787
0.280323
0.310653
0.301689
0.264106
0.300957
0.26466
0.251829
0.283984
0.253433
0.282498
0.240638
0.279926
0.254053
0.250828
0.312342
0.308406
0.311349
0.310881
0.31136
0.306678
0.311344
0.306692
0.25379
0.291726
0.291761
0.25366
0.249615
0.29253
0.300384
0.234994
0.0969035
0.0861527
0.0669617
0.0785006
0.311883
0.306877
0.309255
0.310655
0.311291
0.306767
0.311325
0.306752
0.25404
0.291842
0.291897
0.253831
0.312135
0.311058
0.312244
0.310286
0.254158
0.291832
0.292006
0.253811
0.306262
0.311734
0.308209
0.249532
0.289989
0.253068
0.109637
0.253814
0.290348
0.253111
0.0649757
0.173931
0.177497
0.283799
0.239692
0.250087
0.0667199
0.30651
0.291483
0.308897
0.309622
0.307674
0.312436
0.31121
0.0681515
0.308965
0.307957
0.0966749
0.251888
0.0226185
0.311816
0.312184
0.0560467
0.268101
0.226015
0.273941
0.0782333
0.0802508
0.152982
0.106779
0.0714443
0.25937
0.23117
0.188958
0.277857
0.248156
0.291993
0.299855
0.23519
0.0964178
0.0878501
0.0845913
0.0852396
0.3125
0.3125
0.3125
0.3125
0.3125
0.3125
0.3125
0.3125
0.3125
0.3125
0.3125
0.288803
0.309523
0.293859
0.312491
0.312492
0.312491
0.202367
0.158491
0.196059
0.0619914
0.159649
0.15999
0.156866
0.194529
0.194894
0.3125
0.3125
0.3125
0.0562002
0.251321
0.197981
0.0865398
0.251506
0.0800438
0.287323
0.229539
0.291934
0.312381
0.308539
0.311902
0.310847
0.311164
0.312357
0.312357
0.312409
0.312493
0.312493
0.312498
0.3125
0.3125
0.3125
0.3125
0.3125
0.0358694
0.0372492
0.0148818
0.0512612
0.039669
0.0466497
0.0194136
0.0556354
0.0214152
0.040759
0.3125
0.3125
0.3125
0.0459903
0.0565256
0.0421087
0.0507494
0.30646
0.311926
0.308807
0.312472
0.312401
0.31249
0.312492
0.312403
0.312492
0.312085
0.302201
0.308723
0.30979
0.0567111
0.0510812
0.123453
0.260843
0.275137
0.113974
0.3125
0.3125
0.3125
0.3125
0.3125
0.3125
0.3125
0.3125
0.3125
0.3125
0.3125
0.3125
0.3125
0.3125
0.3125
0.3125
0.3125
0.3125
0.3125
0.3125
0.3125
0.3125
0.114278
0.124597
0.0619982
0.061773
0.235621
0.232245
0.235837
0.232202
0.0612127
0.0605893
0.312097
0.306963
0.309963
0.309804
0.0826074
0.083339
0.229001
0.286798
0.291624
0.221715
0.0884275
0.0850613
0.312402
0.312491
0.312405
0.312492
0.0831085
0.0835935
0.240446
0.298864
0.247804
0.108844
0.246475
0.22739
0.306349
0.291949
0.288591
0.0622009
0.163039
0.160308
0.156665
0.19763
0.194923
0.309301
0.31013
0.311938
0.312384
0.0907342
0.0863127
0.220789
0.189861
0.309134
0.286651
0.100922
0.242873
0.0839681
0.215173
0.0781803
0.30772
0.286799
0.0714607
0.3125
0.3125
0.3125
0.3125
0.3125
0.3125
0.3125
0.3125
0.3125
0.3125
0.3125
0.3125
0.3125
0.3125
0.3125
0.3125
0.3125
0.3125
0.3125
0.3125
0.3125
0.3125
0.3125
0.3125
0.3125
0.3125
0.3125
0.3125
0.3125
0.3125
0.3125
0.3125
0.3125
0.3125
0.3125
0.3125
0.3125
0.3125
0.3125
0.3125
0.3125
0.3125
0.3125
0.3125
0.3125
0.3125
0.3125
0.3125
0.3125
0.3125
0.3125
0.3125
0.3125
0.31243
0.312473
0.312489
0.312365
0.312049
0.309471
0.311849
0.310454
0.3125
0.3125
0.3125
0.3125
0.311715
0.309125
0.311751
0.309088
0.3125
0.3125
0.3125
0.3125
0.3125
0.3125
0.3125
0.3125
0.3125
0.30798
0.292166
0.30889
0.115557
0.302963
0.260926
0.0424764
0.251182
0.267613
0.239964
0.298559
0.08835
0.253911
0.296262
0.0804414
0.099813
0.22391
0.110474
0.31203
0.307212
0.309447
0.310786
0.312429
0.312492
0.312484
0.312417
0.0837874
0.08449
0.312399
0.312492
0.312405
0.312491
0.248415
0.29481
0.300149
0.23759
0.0964625
0.0878558
0.0845914
0.0852402
0.3125
0.3125
0.3125
0.296146
0.311316
0.302946
0.254118
0.291974
0.254065
0.194937
0.156263
0.194502
0.31207
0.309265
0.0503347
0.209656
0.249918
0.0954279
0.209604
0.0529725
0.289301
0.229731
0.292013
0.0475068
0.0678426
0.312293
0.309886
0.311888
0.312059
0.309191
0.294178
0.307995
0.298293
0.0531672
0.0727272
0.209477
0.259707
0.269887
0.18832
0.3125
0.3125
0.312497
0.3125
0.3125
0.361287
0.3125
0.35466
0.216059
0.260524
0.273577
0.18958
0.422183
0.434551
0.420219
0.435673
0.3125
0.3125
0.3125
0.3125
0.31244
0.312489
0.31249
0.312439
0.3123
0.312052
0.312381
0.311541
0.312427
0.312209
0.312423
0.312223
0.312474
0.312357
0.312357
0.253946
0.29185
0.253831
0.0653245
0.179378
0.178929
0.29191
0.254228
0.253921
0.0152442
0.0551297
0.0411026
0.057632
0.0408971
0.0594114
0.0202999
0.0420446
0.0653092
0.179359
0.178906
0.291899
0.254203
0.253906
0.193889
0.254596
0.256375
0.190926
0.0795432
0.0804803
0.144007
0.203919
0.272289
0.261248
0.23418
0.0661034
0.0689944
0.273268
0.205541
0.235023
0.262564
0.0155068
0.0594658
0.0424167
0.255514
0.195253
0.191443
0.257635
0.0564634
0.041931
0.307951
0.311781
0.308765
0.0197011
0.0676395
0.0394609
0.0702276
0.0231727
0.0594195
0.0424134
0.3125
0.3125
0.3125
0.3125
0.3125
0.3125
0.3125
0.3125
0.3125
0.3125
0.3125
0.3125
0.3125
0.3125
0.3125
0.3125
0.3125
0.3125
0.3125
0.3125
0.3125
0.3125
0.3125
0.3125
0.3125
0.312266
0.308612
0.31009
0.311966
0.312457
0.312493
0.312497
0.312416
0.312392
0.312491
0.312399
0.312491
0.229466
0.288857
0.291913
0.22416
0.279372
0.124868
0.277368
0.114719
0.124797
0.156699
0.385965
0.153266
0.0947695
0.0874089
0.162509
0.149463
0.0831588
0.352513
0.3125
0.351578
0.3125
0.354252
0.339288
0.40508
0.3125
0.3125
0.3125
0.3125
0.3125
0.3125
0.3125
0.3125
0.3125
0.3125
0.3125
0.3125
0.3125
0.3125
0.3125
0.3125
0.3125
0.3125
0.3125
0.3125
0.3125
0.3125
0.3125
0.3125
0.3125
0.0456801
0.019109
0.0996493
0.223899
0.110469
0.31205
0.308393
0.309509
0.311918
0.0836185
0.0843873
0.257243
0.292702
0.29322
0.255885
0.248317
0.294786
0.300052
0.237562
0.0960253
0.085952
0.0678391
0.0790299
0.3125
0.3125
0.3125
0.3125
0.3125
0.3125
0.3125
0.3125
0.3125
0.3125
0.3125
0.3125
0.3125
0.251622
0.176135
0.251543
0.3125
0.3125
0.3125
0.3125
0.399246
0.427898
0.3125
0.143514
0.111967
0.312488
0.312495
0.312499
0.312473
0.312408
0.312164
0.312429
0.311884
0.312432
0.31225
0.312441
0.312238
0.252884
0.177826
0.2533
0.303849
0.282361
0.28994
0.177569
0.248563
0.252603
0.3125
0.3125
0.3125
0.3125
0.3125
0.3125
0.3125
0.3125
0.3125
0.3125
0.3125
0.3125
0.3125
0.3125
0.3125
0.3125
0.3125
0.3125
0.3125
0.312457
0.312493
0.312497
0.312416
0.312392
0.312491
0.312399
0.312491
0.229327
0.288816
0.291864
0.22405
0.0884363
0.0849668
0.312398
0.312492
0.312403
0.312491
0.08285
0.0834095
0.3125
0.3125
0.3125
0.489365
0.242231
0.543538
0.11472
0.124802
0.176464
0.253007
0.25176
0.174007
0.448601
0.16353
0.0229857
0.0963248
0.0307803
0.151019
0.0871026
0.388623
0.485817
0.495464
0.348874
0.312484
0.350861
0.312426
0.388064
0.496167
0.495257
0.0210664
0.0557527
0.112936
0.121705
0.175625
0.134934
0.14676
0.149933
0.3125
0.3125
0.3125
0.3125
0.3125
0.3125
0.3125
0.3125
0.3125
0.309817
0.312176
0.311479
0.3125
0.3125
0.3125
0.0538631
0.298018
0.269086
0.305967
0.0206218
0.0534347
0.57346
0.588487
0.61387
0.528568
0.312424
0.312481
0.312441
0.312455
0.261859
0.305326
0.295949
0.279898
0.0986157
0.239444
0.0978022
0.352189
0.3125
0.350645
0.3125
0.312302
0.309772
0.311595
0.312066
0.229496
0.289662
0.29271
0.224895
0.0871969
0.0806498
0.0532949
0.0714082
0.3125
0.338783
0.341961
0.247513
0.264484
0.240428
0.23434
0.234356
0.234372
0.23513
0.236029
0.270466
0.260377
0.294895
0.246012
0.286491
0.262026
0.297845
0.255299
0.270464
0.260369
0.294891
0.246006
0.258458
0.28545
0.254899
0.289125
0.3125
0.351941
0.351725
0.28415
0.253459
0.284113
0.251984
0.234375
0.234375
0.234374
0.234375
0.245552
0.23797
0.262854
0.234355
0.236794
0.120051
0.148568
0.289055
0.300073
0.282975
0.188592
0.276517
0.257167
0.0156435
0.0376667
0.290036
0.305308
0.289017
0.146628
0.232069
0.22899
0.0706179
0.21052
0.189542
0.3125
0.3125
0.289082
0.300102
0.283022
0.290427
0.306265
0.290434
0.22176
0.142926
0.206021
0.290404
0.306258
0.2904
0.133169
0.143488
0.173777
0.189544
0.276951
0.257873
0.254046
0.242886
0.229435
0.254197
0.294484
0.258432
0.0440863
0.119855
0.144961
0.183386
0.228185
0.223157
0.3125
0.3125
0.3125
0.3125
0.3125
0.3125
0.3125
0.312499
0.3125
0.234368
0.234373
0.235069
0.235878
0.1712
0.0571288
0.15207
0.17809
0.062508
0.172554
0.122396
0.0592474
0.162216
0.0418255
0.0418388
0.10896
0.312397
0.311623
0.311575
0.171359
0.0709431
0.184148
0.3125
0.3125
0.3125
0.0840901
0.22278
0.217665
0.0421009
0.0423377
0.109363
0.311666
0.307113
0.306958
0.3125
0.312498
0.3125
0.140489
0.125464
0.178914
0.3125
0.312498
0.3125
0.216505
0.285297
0.284537
0.3125
0.3125
0.3125
0.180641
0.0601018
0.162611
0.156548
0.0558865
0.144258
0.188774
0.0783157
0.206636
0.26909
0.29759
0.298192
0.21063
0.237926
0.251278
0.190592
0.0556419
0.0677653
0.3125
0.3125
0.3125
0.3125
0.3125
0.3125
0.312496
0.312492
0.312497
0.3125
0.3125
0.3125
0.17939
0.0654374
0.178943
0.162434
0.0678767
0.170445
0.3125
0.3125
0.3125
0.0207361
0.0218823
0.0855859
0.0421174
0.0423565
0.109396
0.178733
0.0641847
0.175646
0.17944
0.0656474
0.179529
0.156424
0.06262
0.173406
0.0850243
0.0510206
0.14623
0.3125
0.3125
0.3125
0.156548
0.0558866
0.144258
0.315555
0.449645
0.372776
0.21063
0.237925
0.251278
0.211813
0.062795
0.072569
0.3125
0.3125
0.3125
0.312499
0.312496
0.312499
0.290659
0.304235
0.28904
0.3125
0.3125
0.3125
0.21125
0.288758
0.270568
0.290594
0.301797
0.285955
0.0435974
0.0487688
0.120378
0.3125
0.334749
0.3125
0.29038
0.30377
0.287214
0.277879
0.0964543
0.276387
0.233512
0.298916
0.287335
0.197407
0.0256246
0.0695734
0.154767
0.0589289
0.164995
0.3125
0.3125
0.3125
0.0854757
0.0511246
0.146525
0.154345
0.0588231
0.164672
0.0421129
0.041787
0.110087
0.154685
0.0589891
0.16506
0.0862414
0.0511236
0.146779
0.0485125
0.0206366
0.0579046
0.0605137
0.0608241
0.0574077
0.0200967
0.057809
0.0608169
0.258565
0.291198
0.257646
0.292579
0.0478541
0.0204288
0.0553615
0.0497927
0.246021
0.3125
0.3125
0.0477847
0.0201756
0.0485918
0.0206395
0.0612859
0.061304
0.0612862
0.0613038
0.0609402
0.0613076
0.258536
0.291117
0.257595
0.29253
0.0669371
0.124607
0.0463261
0.172631
0.24966
0.232438
0.242141
0.234375
0.0201723
0.0488453
0.0496701
0.140416
0.137558
0.0534884
0.0478388
0.0204166
0.0553615
0.0497929
0.252196
0.281359
0.298279
0.219173
0.310142
0.300486
0.308221
0.302582
0.250151
0.29192
0.298625
0.245056
0.272112
0.179883
0.299261
0.309747
0.141662
0.0585933
0.0242614
0.312202
0.312425
0.312458
0.3125
0.3125
0.3125
0.3125
0.22702
0.286399
0.290338
0.219908
0.311877
0.307356
0.308277
0.31174
0.117534
0.248189
0.264804
0.130321
0.227884
0.286983
0.290705
0.221304
0.312475
0.312498
0.312475
0.312498
0.312475
0.312498
0.312475
0.312498
0.312237
0.311143
0.310481
0.312327
0.3125
0.3125
0.3125
0.3125
0.285482
0.203392
0.281435
0.301246
0.231545
0.309343
0.310104
0.254599
0.0880334
0.109166
0.239984
0.288393
0.295809
0.224407
0.312012
0.307473
0.308888
0.311768
0.0425966
0.309525
0.309091
0.238885
0.0856576
0.0969944
0.311133
0.306755
0.31141
0.3125
0.3125
0.3125
0.3125
0.118609
0.310227
0.22623
0.286267
0.290172
0.21952
0.311935
0.307359
0.308315
0.311745
0.240706
0.283696
0.295305
0.221852
0.311372
0.30687
0.311376
0.306858
0.311369
0.30686
0.311373
0.306843
0.311375
0.307001
0.311399
0.306916
0.3125
0.3125
0.3125
0.3125
0.303639
0.233623
0.0159053
0.240049
0.288402
0.295847
0.224423
0.312053
0.307475
0.308916
0.311772
0.115875
0.358083
0.130824
0.315381
0.106037
0.358067
0.128256
0.32033
0.515072
0.591447
0.592389
0.514436
0.62349
0.616329
0.617633
0.62149
0.3125
0.3125
0.3125
0.3125
0.22623
0.286266
0.290172
0.219519
0.311935
0.307359
0.308315
0.311745
0.0396514
0.0152823
0.0631834
0.062831
0.3125
0.3125
0.3125
0.3125
0.424402
0.256516
0.253432
0.0877709
0.108973
0.22623
0.286266
0.290172
0.219519
0.311935
0.307359
0.308315
0.311745
0.3125
0.3125
0.3125
0.3125
0.225315
0.280864
0.289045
0.215221
0.310713
0.301658
0.307086
0.306036
0.250143
0.291918
0.298621
0.245051
0.224086
0.278349
0.288358
0.210965
0.309734
0.30002
0.306659
0.302461
0.0203071
0.0529114
0.0207744
0.0768732
0.0730155
0.138884
0.191275
0.280446
0.217652
0.258208
0.288707
0.300491
0.282517
0.305263
0.0768278
0.0730761
0.138901
0.0529417
0.0207804
0.288816
0.30007
0.305229
0.282459
0.189561
0.278109
0.257493
0.211984
0.0582475
0.048837
0.0529124
0.0207801
0.0733824
0.0729718
0.137878
0.188308
0.276738
0.208638
0.256855
0.288751
0.299846
0.282258
0.305296
0.210975
0.226333
0.228007
0.205466
0.210689
0.225381
0.202688
0.236729
0.290305
0.306283
0.306373
0.29007
0.281301
0.305542
0.28811
0.302778
0.0488039
0.058456
0.0529672
0.0207916
0.0529394
0.020792
0.0193236
0.0535412
0.0211154
0.209683
0.150653
0.167496
0.200863
0.209753
0.150698
0.200892
0.167563
0.0578335
0.0603802
0.151342
0.141962
0.0828753
0.215673
0.247603
0.163834
0.169913
0.240739
0.0484549
0.0205673
0.24789
0.163985
0.170217
0.240822
0.150067
0.141747
0.0824413
0.215118
0.0619415
0.0624878
0.229053
0.170304
0.160617
0.245533
0.251579
0.17332
0.174388
0.250428
0.0607198
0.0581362
0.0790786
0.188533
0.0698204
0.0199781
0.149419
0.0518475
0.060177
0.0468183
0.0181307
0.132647
0.131988
0.0526641
0.207762
0.124512
0.237728
0.0775593
0.20606
0.303346
0.276306
0.169523
0.237822
0.132645
0.132035
0.207783
0.0526894
0.0468404
0.0181418
0.300725
0.258584
0.16394
0.215678
0.0838476
0.192248
0.0204872
0.151388
0.226621
0.288847
0.26113
0.26597
0.191634
0.277251
0.255636
0.214118
0.261563
0.261568
0.239732
0.290848
0.261566
0.261567
0.290847
0.239732
0.3125
0.3125
0.3125
0.3125
0.3125
0.3125
0.3125
0.3125
0.0205402
0.0484032
0.3061
0.288658
0.289864
0.171386
0.247756
0.249186
0.0208444
0.0208588
0.257754
0.291035
0.257542
0.29135
0.312221
0.306696
0.307172
0.312207
0.31221
0.306637
0.306743
0.312207
0.154731
0.184865
0.160316
0.136738
0.055251
0.0497677
0.149278
0.140499
0.0820066
0.214007
0.231293
0.158489
0.149073
0.236246
0.0480742
0.0205744
0.231366
0.158721
0.149134
0.236494
0.150409
0.14103
0.0826007
0.214696
0.3125
0.30637
0.31178
0.312382
0.31246
0.0582778
0.0488954
0.0511492
0.0206959
0.0648904
0.0648864
0.108985
0.189282
0.279102
0.215534
0.256894
0.288664
0.30014
0.282072
0.30521
0.199996
0.148411
0.165657
0.191098
0.200356
0.14838
0.191131
0.165688
0.290399
0.306264
0.306269
0.290407
0.290364
0.306256
0.290394
0.306246
0.200395
0.148425
0.165806
0.191137
0.200319
0.148398
0.191109
0.165805
0.290372
0.306259
0.306253
0.290396
0.290391
0.306264
0.290403
0.306266
0.21165
0.216453
0.209919
0.201995
0.210531
0.222698
0.201792
0.236175
0.290448
0.306239
0.306295
0.290242
0.281562
0.305517
0.28833
0.302759
0.0615106
0.0614973
0.148401
0.200389
0.165799
0.191119
0.148338
0.200341
0.191095
0.165672
0.0568293
0.056376
0.13292
0.138354
0.0776151
0.205226
0.226108
0.160322
0.158098
0.232795
0.0565268
0.0465007
0.150637
0.210208
0.168147
0.200819
0.232207
0.22474
0.224753
0.232209
0.148312
0.199764
0.165008
0.191075
0.148436
0.199998
0.191109
0.165674
0.0603493
0.176363
0.0991506
0.155997
0.226569
0.211495
0.206511
0.234644
0.0511276
0.0206799
0.199749
0.148304
0.164991
0.191051
0.200347
0.148369
0.191116
0.165688
0.149863
0.247167
0.126319
0.238886
0.28744
0.291762
0.276694
0.303501
0.200386
0.148415
0.165801
0.191124
0.200254
0.148361
0.19109
0.165567
0.285432
0.2894
0.302748
0.270528
0.138929
0.243148
0.226763
0.122854
0.193502
0.0654349
0.10845
0.159587
0.170004
0.0616841
0.154358
0.0687402
0.0580155
0.0605933
0.150435
0.142099
0.0827102
0.215536
0.248032
0.164242
0.170388
0.241083
0.0612726
0.0612649
0.249751
0.172025
0.172038
0.249767
0.249707
0.172
0.171965
0.249752
0.0612735
0.0612663
0.249752
0.172026
0.172038
0.249768
0.24971
0.172002
0.171968
0.249753
0.05873
0.0499494
0.249927
0.171382
0.172133
0.249233
0.228839
0.166683
0.149261
0.244639
0.258404
0.291042
0.25754
0.258444
0.291055
0.257551
0.261561
0.261559
0.239729
0.290844
0.261564
0.261559
0.290844
0.23973
0.3125
0.3125
0.3125
0.3125
0.3125
0.3125
0.3125
0.3125
0.0376527
0.0181968
0.0467572
0.0170141
0.0589997
0.0691617
0.129955
0.114532
0.072469
0.203432
0.162758
0.208881
0.220224
0.228793
0.207524
0.147442
0.206123
0.18726
0.166089
0.199949
0.160306
0.0519459
0.0415722
0.188449
0.276857
0.209571
0.256298
0.279774
0.298798
0.279589
0.301692
0.280298
0.298998
0.301819
0.280386
0.189484
0.27678
0.257412
0.208857
0.258456
0.291085
0.257571
0.292419
0.312221
0.306666
0.307152
0.312206
0.312217
0.306655
0.307117
0.312204
0.181877
0.0678662
0.184082
0.223118
0.174083
0.220595
0.206595
0.178341
0.0560471
0.0681626
0.1445
0.171789
0.223378
0.217673
0.179837
0.21727
0.193357
0.191737
0.219556
0.159146
0.186084
0.207097
0.149767
0.0443819
0.0432356
0.0488168
0.0266179
0.0359663
0.0119342
0.0873016
0.0816263
0.213461
0.257274
0.217802
0.147471
0.235339
0.279708
0.301891
0.0201538
0.048226
0.138844
0.0540198
0.119766
0.147582
0.235508
0.279772
0.301865
0.0815539
0.213517
0.257155
0.215516
0.0552696
0.0498083
0.149361
0.140474
0.0819904
0.214014
0.231311
0.158513
0.14913
0.23625
0.0480742
0.0205744
0.231361
0.15872
0.149134
0.236488
0.150408
0.141029
0.0826006
0.214692
0.327955
0.312446
0.312247
0.326888
0.350871
0.234375
0.234375
0.234375
0.234375
0.234375
0.234375
0.234375
0.234375
0.3125
0.3125
0.3125
0.3125
0.3125
0.3125
0.3125
0.3125
0.234375
0.234375
0.234375
0.234375
0.234375
0.234375
0.234375
0.234375
0.3125
0.3125
0.3125
0.3125
0.3125
0.3125
0.3125
0.3125
0.3125
0.3125
0.312576
0.312576
0.234375
0.234375
0.234375
0.234375
0.234375
0.234375
0.234375
0.234375
0.3125
0.3125
0.3125
0.3125
0.3125
0.3125
0.3125
0.3125
0.234374
0.23437
0.234374
0.23437
0.234295
0.234353
0.234352
0.234297
0.312499
0.312492
0.312499
0.312491
0.312258
0.312452
0.312446
0.31228
0.235796
0.234374
0.234374
0.238065
0.234372
0.234373
0.234374
0.234369
0.260578
0.297566
0.261167
0.261265
0.297675
0.261236
0.260114
0.297389
0.261008
0.261226
0.297609
0.26118
0.234372
0.234373
0.234374
0.234368
0.234363
0.234306
0.234339
0.234348
0.231158
0.2337
0.234
0.228884
0.234918
0.137396
0.0958088
0.0475602
0.122181
0.0590223
0.0445586
0.161691
0.178546
0.0640362
0.175281
0.0652534
0.17901
0.064296
0.0654741
0.17585
0.122487
0.0592681
0.162281
0.0446546
0.122135
0.0591561
0.044539
0.16198
0.178876
0.0642096
0.175641
0.0654161
0.179804
0.0660588
0.0657835
0.180393
0.181484
0.0664417
0.181167
0.0666689
0.222868
0.280738
0.287579
0.310696
0.301548
0.306833
0.0423081
0.107297
0.0613315
0.310296
0.300598
0.308889
0.302571
0.152655
0.259705
0.193185
0.217975
0.234904
0.282004
0.281636
0.240266
0.239449
0.280894
0.294543
0.216954
0.235123
0.28214
0.281749
0.240513
0.152924
0.259962
0.193138
0.218321
0.311177
0.304328
0.309376
0.306751
0.210812
0.279153
0.240245
0.243556
0.255526
0.290363
0.292554
0.253509
0.312424
0.31169
0.311948
0.289376
0.307087
0.308233
0.0835151
0.214967
0.0822383
0.0826715
0.214776
0.0821124
0.305141
0.308279
0.0453515
0.165465
0.18783
0.230494
0.155901
0.189851
0.300301
0.256935
0.248304
0.129725
0.311628
0.305593
0.310309
0.303635
0.220564
0.281121
0.173791
0.274699
0.0982306
0.246053
0.235699
0.222309
0.268915
0.271775
0.20112
0.27994
0.21448
0.264203
0.290596
0.300964
0.285188
0.305833
0.311462
0.307526
0.311706
0.30698
0.219583
0.287931
0.28592
0.223692
0.3125
0.3125
0.3125
0.3125
0.3125
0.3125
0.3125
0.3125
0.3125
0.3125
0.3125
0.3125
0.3125
0.3125
0.0900959
0.221121
0.228399
0.308712
0.286997
0.291202
0.312401
0.311576
0.312394
0.312404
0.311587
0.312397
0.0409078
0.0539333
0.3125
0.3125
0.3125
0.3125
0.3125
0.3125
0.3125
0.3125
0.3125
0.3125
0.3125
0.3125
0.160513
0.156153
0.288585
0.250082
0.182409
0.290451
0.252103
0.212186
0.202378
0.3119
0.307215
0.308401
0.311712
0.215898
0.284778
0.216989
0.28414
0.311585
0.306729
0.311624
0.306527
0.226295
0.286888
0.289903
0.22101
0.31165
0.307048
0.311687
0.306868
0.218214
0.285854
0.21913
0.285304
0.311936
0.307491
0.308413
0.226814
0.287342
0.290277
0.216319
0.287417
0.224428
0.283883
0.311513
0.307131
0.306296
0.311632
0.3125
0.3125
0.312497
0.3125
0.3125
0.3125
0.3125
0.3125
0.3125
0.3125
0.3125
0.3125
0.3125
0.3125
0.3125
0.3125
0.3125
0.312499
0.3125
0.312499
0.312469
0.31249
0.312493
0.312451
0.312475
0.312498
0.312475
0.312475
0.312498
0.312475
0.253434
0.272893
0.292271
0.223632
0.0440578
0.0433397
0.15642
0.24205
0.15994
0.217134
0.174251
0.256366
0.203292
0.223616
0.144927
0.150674
0.111249
0.19891
0.151097
0.151638
0.20181
0.113102
0.225723
0.286456
0.289774
0.311915
0.307264
0.308285
0.118168
0.0614496
0.0441462
0.164469
0.215897
0.0982268
0.197641
0.129105
0.231082
0.148684
0.150334
0.22721
0.125316
0.100612
0.189185
0.0481666
0.311942
0.307358
0.308493
0.311738
0.217519
0.285434
0.218565
0.284774
0.3116
0.306883
0.311648
0.306658
0.312475
0.312498
0.312475
0.312498
0.3125
0.3125
0.3125
0.3125
0.3125
0.3125
0.3125
0.3125
0.312475
0.312498
0.312475
0.312498
0.3125
0.3125
0.3125
0.3125
0.3125
0.3125
0.3125
0.3125
0.261025
0.304894
0.300452
0.282923
0.312479
0.31189
0.312426
0.312308
0.307952
0.309039
0.299348
0.31134
0.3125
0.3125
0.3125
0.3125
0.3125
0.3125
0.3125
0.3125
0.303468
0.253719
0.265169
0.13217
0.116471
0.16097
0.161701
0.232108
0.235047
0.231769
0.235096
0.158564
0.160367
0.0538606
0.0409309
0.215568
0.285344
0.218491
0.283759
0.311528
0.306753
0.306322
0.311598
0.311614
0.306885
0.311649
0.306668
0.21653
0.285327
0.284548
0.218
0.3125
0.3125
0.3125
0.3125
0.3125
0.3125
0.3125
0.3125
0.3125
0.3125
0.3125
0.3125
0.0653531
0.228034
0.152054
0.301276
0.28224
0.26124
0.261142
0.301072
0.275577
0.242249
0.241515
0.253341
0.149848
0.116186
0.18928
0.0622196
0.0695703
0.310519
0.31177
0.221253
0.285094
0.285876
0.227899
0.311071
0.306645
0.307503
0.318261
0.296154
0.216353
0.302387
0.254145
0.177358
0.0721297
0.191808
0.220042
0.146036
0.0207565
0.312082
0.307678
0.309615
0.31178
0.216358
0.285381
0.21836
0.284314
0.311586
0.306865
0.311643
0.306555
0.226353
0.286998
0.290456
0.221028
0.31165
0.307068
0.311692
0.306867
0.218214
0.285873
0.219134
0.285304
0.3125
0.3125
0.3125
0.3125
0.3125
0.3125
0.3125
0.3125
0.3125
0.3125
0.3125
0.3125
0.3125
0.3125
0.3125
0.3125
0.3125
0.3125
0.3125
0.3125
0.3125
0.3125
0.3125
0.3125
0.3125
0.3125
0.3125
0.3125
0.3125
0.3125
0.312499
0.312492
0.312499
0.312491
0.312259
0.312452
0.312447
0.312281
0.3125
0.3125
0.3125
0.3125
0.3125
0.3125
0.59151
0.509633
0.51446
0.58598
0.590592
0.501902
0.513066
0.581031
0.453503
0.463869
0.366479
0.546125
0.457023
0.464117
0.367147
0.547625
0.590544
0.501889
0.512803
0.581403
0.59275
0.516346
0.515701
0.593077
0.593383
0.517129
0.517548
0.593424
0.501719
0.59048
0.512616
0.581348
0.616438
0.616342
0.622603
0.609161
0.376111
0.533066
0.383503
0.525343
0.501982
0.590667
0.513066
0.581487
0.616502
0.616398
0.622623
0.609237
0.618075
0.623854
0.623863
0.618042
0.617937
0.623834
0.623707
0.618078
0.311305
0.30608
0.31079
0.28861
0.301486
0.307126
0.0168836
0.121708
0.0462902
0.0767907
0.173267
0.0660283
0.15396
0.0759021
0.19138
0.113153
0.201722
0.139015
0.213088
0.221369
0.226117
0.294328
0.223692
0.142188
0.230873
0.300745
0.277487
0.0791942
0.210034
0.209872
0.255353
0.0655065
0.198997
0.131402
0.101067
0.217149
0.285709
0.219105
0.284576
0.311586
0.306939
0.306593
0.311654
0.311663
0.307529
0.311748
0.307003
0.219583
0.287928
0.285921
0.223688
0.3125
0.3125
0.3125
0.3125
0.3125
0.3125
0.3125
0.3125
0.3125
0.3125
0.3125
0.3125
0.3125
0.3125
0.0988003
0.217818
0.241218
0.30871
0.281573
0.295756
0.0654447
0.177792
0.179099
0.291879
0.252618
0.253968
0.0409317
0.0538589
0.3125
0.3125
0.3125
0.3125
0.3125
0.3125
0.3125
0.3125
0.3125
0.3125
0.3125
0.3125
0.309501
0.0882044
0.150189
0.155133
0.235317
0.23672
0.154619
0.234996
0.0848314
0.152045
0.311949
0.307189
0.308398
0.311712
0.215862
0.28472
0.216849
0.284123
0.311584
0.306715
0.311623
0.306523
0.22639
0.286894
0.28996
0.221022
0.311651
0.307048
0.311688
0.306868
0.218215
0.285855
0.219132
0.285305
0.310805
0.301793
0.307268
0.225874
0.281764
0.28914
0.0848045
0.0509202
0.021665
0.145985
0.154521
0.0589003
0.164846
0.0527992
0.176142
0.0815372
0.0625988
0.215177
0.295852
0.0980739
0.25511
0.112849
0.361394
0.393926
0.259206
0.36958
0.3125
0.357864
0.328622
0.3125
0.3125
0.312499
0.3125
0.312499
0.31247
0.312492
0.312493
0.312461
0.311357
0.306886
0.311362
0.311366
0.306897
0.311365
0.177685
0.250508
0.184708
0.241171
0.181313
0.252024
0.242658
0.188511
0.310457
0.30597
0.311141
0.311362
0.306729
0.31133
0.160989
0.162704
0.115376
0.226388
0.261975
0.183892
0.254723
0.19052
0.252572
0.181098
0.188037
0.243389
0.154305
0.160533
0.215919
0.11465
0.223542
0.278461
0.287965
0.309861
0.299965
0.306746
0.311042
0.302205
0.308655
0.306152
0.175706
0.266748
0.204775
0.230774
0.253343
0.286681
0.291178
0.249095
0.311379
0.306876
0.311378
0.306876
0.254291
0.292096
0.292068
0.254335
0.254321
0.292106
0.292097
0.254345
0.311376
0.306869
0.311376
0.306871
0.254207
0.292069
0.292027
0.254283
0.254305
0.29209
0.292085
0.254319
0.311442
0.307114
0.311431
0.30714
0.254575
0.292523
0.292236
0.255091
0.255841
0.292872
0.292903
0.255728
0.3125
0.3125
0.3125
0.3125
0.3125
0.3125
0.3125
0.3125
0.3125
0.3125
0.3125
0.3125
0.3125
0.3125
0.213727
0.17276
0.150363
0.245797
0.259082
0.18014
0.181899
0.256437
0.261504
0.181633
0.182554
0.25995
0.220341
0.176074
0.155889
0.250858
0.0538609
0.0409312
0.215569
0.285344
0.218491
0.283759
0.311528
0.306753
0.306322
0.311598
0.311613
0.306879
0.311648
0.306665
0.216514
0.285303
0.284538
0.217956
0.3125
0.3125
0.3125
0.3125
0.3125
0.3125
0.3125
0.3125
0.3125
0.3125
0.3125
0.3125
0.272618
0.291633
0.298012
0.113974
0.248071
0.262162
0.183567
0.266448
0.202723
0.245649
0.224986
0.280097
0.252077
0.255813
0.242299
0.241519
0.253375
0.14985
0.1162
0.40118
0.367622
0.226112
0.319218
0.358182
0.250753
0.356853
0.38916
0.433546
0.406245
0.31212
0.307682
0.30964
0.311784
0.216249
0.285389
0.218361
0.284292
0.311589
0.306869
0.311644
0.30656
0.226448
0.287003
0.290508
0.22104
0.311651
0.307069
0.311692
0.306871
0.218216
0.285874
0.219136
0.285307
0.595315
0.594419
0.576815
0.613693
0.61917
0.598956
0.600115
0.618273
0.623328
0.613692
0.616693
0.621958
0.596072
0.6036
0.580719
0.61596
0.3125
0.3125
0.3125
0.3125
0.3125
0.3125
0.3125
0.3125
0.3125
0.3125
0.3125
0.3125
0.3125
0.3125
0.312499
0.312494
0.312499
0.312492
0.312276
0.312461
0.312451
0.312319
0.602167
0.621413
0.608598
0.619771
0.624875
0.624025
0.62488
0.623998
0.3125
0.3125
0.3125
0.3125
0.3125
0.3125
0.105921
0.358068
0.128237
0.320224
0.493334
0.502003
0.439212
0.566059
0.580195
0.512873
0.491731
0.58566
0.115862
0.358047
0.130812
0.315349
0.580147
0.51283
0.491691
0.58563
0.493298
0.501965
0.439176
0.566042
0.0691632
0.199165
0.133935
0.101188
0.211553
0.238392
0.214314
0.255786
0.193733
0.151577
0.228961
0.0741207
0.181397
0.0655578
0.0667872
0.178128
0.124589
0.060484
0.164495
0.0457561
0.3125
0.3125
0.3125
0.3125
0.3125
0.3125
0.3125
0.3125
0.3125
0.3125
0.3125
0.3125
0.3125
0.3125
0.623488
0.616337
0.617628
0.62149
0.489232
0.585596
0.509613
0.561157
0.575126
0.609148
0.611529
0.580533
0.514969
0.59139
0.592379
0.514233
0.575153
0.609142
0.611535
0.580545
0.489138
0.585546
0.509447
0.561136
0.0582176
0.062738
0.3125
0.3125
0.3125
0.3125
0.3125
0.3125
0.3125
0.3125
0.3125
0.3125
0.3125
0.3125
0.311949
0.307189
0.308398
0.311712
0.215861
0.284719
0.216848
0.284123
0.311584
0.306715
0.311623
0.306523
0.22639
0.286894
0.28996
0.221022
0.311651
0.307048
0.311688
0.306868
0.218215
0.285855
0.219132
0.285304
0.354988
0.347174
0.310526
0.355819
0.312094
0.328474
0.305458
0.324746
0.295109
0.247949
0.258826
0.284483
0.182412
0.220505
0.158523
0.253621
0.0626089
0.057882
0.416791
0.55425
0.44229
0.534898
0.397763
0.546678
0.519663
0.444469
0.3125
0.312498
0.312499
0.312499
0.31247
0.312491
0.312493
0.312459
0.278436
0.305689
0.278796
0.305587
0.31242
0.311583
0.312421
0.311569
0.309746
0.29973
0.309746
0.299734
0.192502
0.267606
0.192448
0.267627
0.0414451
0.0557485
0.301832
0.310111
0.293144
0.311965
0.3125
0.312306
0.312489
0.312491
0.312281
0.308998
0.311795
0.311316
0.299535
0.299526
0.276468
0.307898
0.0521761
0.0564927
0.268714
0.194286
0.194469
0.268695
0.268743
0.194261
0.194282
0.268718
0.0506478
0.105061
0.0404496
0.131696
0.188441
0.138419
0.149993
0.173744
0.0609938
0.0517158
0.268023
0.190621
0.19306
0.26633
0.24629
0.18231
0.160367
0.260539
0.239303
0.174709
0.172032
0.24871
0.235175
0.170857
0.153384
0.247795
0.475654
0.479255
0.461587
0.528923
0.476556
0.423355
0.37193
0.514998
0.3125
0.3125
0.3125
0.3125
0.3125
0.3125
0.3125
0.3125
0.3125
0.3125
0.3125
0.3125
0.3125
0.3125
0.3125
0.3125
0.312499
0.312495
0.312499
0.312495
0.312426
0.312475
0.312415
0.312479
0.3125
0.3125
0.3125
0.3125
0.3125
0.3125
0.3125
0.3125
0.3125
0.3125
0.3125
0.3125
0.3125
0.3125
0.06274
0.0582155
0.217565
0.287685
0.224951
0.284509
0.311547
0.307257
0.306484
0.311663
0.311577
0.306894
0.311639
0.306521
0.216095
0.285468
0.284203
0.218345
0.3125
0.3125
0.3125
0.3125
0.3125
0.3125
0.3125
0.3125
0.3125
0.3125
0.3125
0.3125
0.518158
0.534453
0.57691
0.215864
0.437367
0.502664
0.242378
0.242776
0.253551
0.152373
0.116326
0.547201
0.416633
0.257736
0.358928
0.254636
0.0637879
0.385031
0.404102
0.278944
0.079157
0.311949
0.307189
0.308398
0.311712
0.215862
0.28472
0.216848
0.284123
0.311584
0.306715
0.311623
0.306523
0.22639
0.286894
0.28996
0.221022
0.311651
0.307048
0.311688
0.306868
0.218215
0.285855
0.219132
0.285305
0.613906
0.598849
0.594924
0.618266
0.619184
0.599617
0.599812
0.619063
0.619294
0.600071
0.600149
0.619287
0.618884
0.599885
0.598987
0.619233
0.619262
0.624036
0.619434
0.624
0.624985
0.624879
0.624988
0.624872
0.586272
0.619874
0.610732
0.610536
0.120395
0.0551933
0.0439087
0.151426
0.0924451
0.0498755
0.14106
0.0215676
0.148494
0.0543035
0.0565492
0.141352
0.0417225
0.0415955
0.108113
0.0160541
0.3125
0.3125
0.3125
0.3125
0.3125
0.3125
0.3125
0.3125
0.3125
0.3125
0.3125
0.3125
0.3125
0.3125
0.244407
0.282038
0.296759
0.310195
0.300738
0.308658
0.3125
0.3125
0.3125
0.3125
0.35533
0.3125
0.328292
0.3125
0.3125
0.3125
0.3125
0.3125
0.310787
0.301544
0.307235
0.306041
0.174233
0.26558
0.201872
0.230288
0.253483
0.286484
0.291209
0.24913
0.225404
0.281401
0.28876
0.216597
0.253754
0.28687
0.291368
0.249585
0.176157
0.266659
0.203952
0.231348
0.310253
0.300537
0.308606
0.249251
0.281134
0.297327
0.243847
0.118006
0.0889148
0.323055
0.340051
0.127051
0.347072
0.124968
0.181826
0.0661477
0.0666686
0.180623
0.181452
0.0664369
0.181143
0.0666594
0.0479259
0.239399
0.138179
0.0988675
0.311144
0.304328
0.309371
0.306744
0.210813
0.279153
0.240244
0.243558
0.255527
0.290365
0.292554
0.253512
0.615641
0.599091
0.598286
0.617628
0.613389
0.598856
0.596386
0.617279
0.310189
0.300734
0.308658
0.244458
0.282046
0.296772
0.0847975
0.0509467
0.0216833
0.146027
0.154677
0.0589235
0.164916
0.0528425
0.155016
0.0591078
0.0530096
0.165373
0.0853697
0.0511823
0.146676
0.0218149
0.399854
0.33166
0.292441
0.459243
0.388981
0.323904
0.265683
0.455847
0.309847
0.299899
0.306826
0.30248
0.152261
0.259158
0.19109
0.218129
0.235356
0.282041
0.281851
0.240611
0.224084
0.278855
0.288034
0.21219
0.235655
0.28249
0.282062
0.24114
0.153868
0.260261
0.192982
0.21923
0.229641
0.237759
0.186099
0.276466
0.29873
0.259603
0.263159
0.294869
0.280069
0.236719
0.219816
0.284724
0.228676
0.229093
0.18366
0.272726
0.362151
0.3125
0.35064
0.3125
0.3125
0.3125
0.3125
0.3125
0.251283
0.295767
0.256191
0.294209
0.312231
0.308874
0.311939
0.309114
0.363452
0.323013
0.312475
0.387423
0.32933
0.31884
0.281837
0.381768
0.457318
0.463848
0.367227
0.547392
0.578915
0.499882
0.503451
0.578943
0.30018
0.260808
0.267582
0.297572
0.296628
0.259052
0.258596
0.296906
0.492871
0.589795
0.511143
0.577281
0.616176
0.616096
0.622294
0.607924
0.615214
0.607944
0.610828
0.614373
0.609244
0.601913
0.591814
0.612566
0.22145
0.221403
0.166775
0.268985
0.29474
0.246464
0.255237
0.288634
0.304047
0.273302
0.274084
0.304476
0.273543
0.256893
0.208666
0.298697
0.246488
0.294938
0.25569
0.288644
0.308
0.308073
0.311269
0.303925
0.308378
0.311076
0.311786
0.305951
0.2649
0.307154
0.287058
0.29633
0.311472
0.312286
0.3125
0.3125
0.3125
0.321853
0.206897
0.0785469
0.134431
0.0201006
0.0451622
0.0179932
0.0430547
0.248452
0.164797
0.241669
0.277557
0.190857
0.258511
0.142746
0.151194
0.216335
0.149512
0.142319
0.215286
0.299833
0.289003
0.282537
0.164952
0.248552
0.241396
0.0166907
0.038714
0.0465438
0.189668
0.11064
0.0728736
0.18694
0.117646
0.249525
0.170706
0.248356
0.299835
0.257368
0.282676
0.164543
0.215337
0.241374
0.132414
0.131813
0.198162
0.259208
0.186881
0.24372
0.133797
0.148076
0.204415
0.0522089
0.0823087
0.149743
0.277667
0.282298
0.257414
0.141627
0.240686
0.214965
0.248516
0.164863
0.241732
0.277717
0.1913
0.258715
0.142893
0.151551
0.216527
0.250212
0.17253
0.250225
0.30626
0.290395
0.290423
0.172503
0.250149
0.250203
0.223621
0.15566
0.211546
0.0924898
0.104072
0.164796
0.130416
0.114233
0.177637
0.250151
0.172385
0.250142
0.306248
0.290327
0.290373
0.172339
0.250031
0.250098
0.106459
0.0539732
0.140612
0.138037
0.167767
0.179458
0.0603024
0.165573
0.152472
0.150183
0.142295
0.215766
0.299902
0.289021
0.282794
0.164597
0.248406
0.241487
0.194413
0.118317
0.189868
0.12475
0.0443322
0.147001
0.0732637
0.041728
0.129307
0.0415685
0.0729076
0.128427
0.236343
0.255045
0.227372
0.118562
0.196427
0.189554
0.145689
0.129954
0.194392
0.13721
0.109205
0.182721
0.124522
0.115741
0.178181
0.312209
0.309586
0.312208
0.3125
0.3125
0.3125
0.309592
0.312211
0.312208
0.312209
0.309587
0.312208
0.3125
0.3125
0.3125
0.309594
0.312211
0.312208
0.23437
0.234373
0.234369
0.234361
0.234374
0.234375
0.23513
0.23603
0.309518
0.312118
0.3122
0.3125
0.3125
0.3125
0.309573
0.312208
0.312207
0.234375
0.234375
0.234374
0.234375
0.234375
0.234375
0.235069
0.235878
0.235702
0.193163
0.199957
0.0424616
0.0423304
0.111361
0.118665
0.052478
0.140004
0.252983
0.286072
0.247216
0.0528195
0.0890792
0.150982
0.264062
0.159378
0.223904
0.174401
0.265695
0.230428
0.0642656
0.178932
0.175783
0.286546
0.253518
0.249206
0.0514294
0.10962
0.134434
0.0556286
0.164065
0.145703
0.153824
0.215402
0.182567
0.312398
0.311606
0.311576
0.306754
0.283755
0.306447
0.306604
0.283678
0.306435
0.221153
0.257576
0.242953
0.133332
0.188546
0.20594
0.2651
0.202614
0.247915
0.3125
0.3125
0.3125
0.3125
0.3125
0.3125
0.3125
0.3125
0.3125
0.0835422
0.217953
0.216883
0.287234
0.306596
0.284748
0.285169
0.306581
0.284491
0.0513476
0.107196
0.133314
0.0558678
0.156643
0.144262
0.14131
0.190885
0.175771
0.31167
0.307099
0.306971
0.286195
0.218925
0.285637
0.286085
0.218937
0.285659
0.3125
0.3125
0.3125
0.312498
0.3125
0.3125
0.3125
0.3125
0.3125
0.131201
0.126497
0.179318
0.0886491
0.102742
0.158156
0.122864
0.112472
0.169331
0.3125
0.3125
0.3125
0.312498
0.3125
0.3125
0.3125
0.3125
0.3125
0.216392
0.284985
0.284497
0.306876
0.311614
0.306666
0.306811
0.311617
0.306663
0.3125
0.3125
0.3125
0.3125
0.3125
0.3125
0.3125
0.3125
0.3125
0.190466
0.141144
0.175655
0.042357
0.0421184
0.109396
0.107224
0.0513672
0.133332
0.261398
0.272288
0.29258
0.2874
0.276194
0.298512
0.297442
0.298754
0.302753
0.210988
0.252311
0.258486
0.149221
0.175015
0.216999
0.215561
0.208929
0.239611
0.3125
0.3125
0.3125
0.3125
0.3125
0.3125
0.3125
0.3125
0.3125
0.3125
0.312497
0.312499
0.312499
0.3125
0.312499
0.3125
0.3125
0.3125
0.3125
0.3125
0.3125
0.3125
0.3125
0.3125
0.3125
0.3125
0.3125
0.489422
0.427187
0.562593
0.490628
0.597804
0.618217
0.591023
0.612147
0.254194
0.291237
0.253528
0.0642244
0.161861
0.175677
0.286377
0.229853
0.249054
0.196955
0.166905
0.203967
0.130749
0.183874
0.195118
0.193853
0.189845
0.217069
0.3125
0.3125
0.3125
0.3125
0.3125
0.3125
0.3125
0.3125
0.3125
0.0513671
0.107225
0.133332
0.0558882
0.156555
0.144261
0.141141
0.190466
0.175655
0.253368
0.286657
0.249172
0.0593266
0.123505
0.162499
0.26647
0.176021
0.230967
0.254268
0.292123
0.254351
0.0656671
0.179561
0.179572
0.292147
0.254378
0.254389
0.236867
0.289592
0.249443
0.0650512
0.179373
0.17831
0.291645
0.254223
0.253376
0.3125
0.3125
0.3125
0.3125
0.3125
0.3125
0.3125
0.3125
0.3125
0.190466
0.141144
0.175655
0.0423571
0.0421184
0.109397
0.107224
0.0513673
0.133332
0.284683
0.299408
0.320992
0.401569
0.142477
0.338942
0.258857
0.122337
0.289856
0.210988
0.252311
0.258487
0.149221
0.175015
0.216999
0.215562
0.208929
0.239611
0.3125
0.3125
0.3125
0.3125
0.3125
0.3125
0.3125
0.3125
0.3125
0.624419
0.62493
0.62411
0.624884
0.619245
0.600017
0.619118
0.599635
0.3125
0.312498
0.312499
0.3125
0.3125
0.3125
0.3125
0.3125
0.3125
0.252238
0.183784
0.253726
0.294406
0.226323
0.27752
0.205207
0.207053
0.251228
0.3125
0.3125
0.3125
0.3125
0.3125
0.3125
0.3125
0.3125
0.3125
0.178783
0.160792
0.231504
0.303769
0.290376
0.287213
0.172842
0.251042
0.247571
0.252013
0.173095
0.24769
0.283745
0.204184
0.265896
0.160037
0.174482
0.229329
0.0524031
0.10995
0.140114
0.139107
0.256123
0.194816
0.150104
0.234812
0.199802
0.3125
0.3125
0.3125
0.334595
0.3125
0.3125
0.3125
0.3125
0.3125
0.39887
0.491248
0.412233
0.0425548
0.0413949
0.167736
0.383939
0.107555
0.302379
0.219917
0.257522
0.274197
0.307069
0.293338
0.296569
0.226733
0.25854
0.27286
0.623656
0.624746
0.62093
0.624146
0.235198
0.283074
0.240768
0.0509856
0.0857403
0.146428
0.264171
0.156205
0.219556
0.3125
0.3125
0.3125
0.3125
0.3125
0.3125
0.3125
0.3125
0.3125
0.153562
0.260549
0.218651
0.0589771
0.154715
0.165054
0.28228
0.235164
0.240592
0.234799
0.2819
0.240152
0.0509489
0.0850509
0.146028
0.259596
0.152654
0.217899
0.285654
0.31201
0.308304
0.3125
0.3125
0.3125
0.3125
0.3125
0.3125
0.329442
0.3125
0.356366
0.3125
0.32651
0.3125
0.3125
0.3125
0.3125
0.3125
0.3125
0.3125
0.3125
0.3125
0.3125
0.3125
0.3125
0.3125
0.312401
0.3125
0.3125
0.3125
0.31239
0.312378
0.312499
0.3125
0.3125
0.3125
0.3125
0.318018
0.316561
0.33243
0.324548
0.3125
0.3125
0.3125
0.3125
0.3125
0.3125
0.3125
0.3125
0.3125
0.3125
0.3125
0.3125
0.3125
0.3125
0.3125
0.3125
0.314943
0.3125
0.36819
0.3125
0.34867
0.3125
0.3125
0.330192
0.3125
0.3125
0.3125
0.3125
0.3125
0.3125
0.3125
0.3125
0.3125
0.318549
0.356769
0.3125
0.312576
0.312561
0.388878
0.405062
0.385182
0.338378
0.3125
0.291149
0.310856
0.0854814
0.311251
0.3125
0.311088
0.311166
0.0588746
0.311166
0.0171889
0.0864172
0.3125
0.306335
0.104328
0.3125
0.3125
0.312473
0.3125
0.311254
0.312411
0.312474
0.0150928
0.312369
0.0874776
0.3125
0.145619
0.105366
0.373861
0.3125
0.3125
0.3125
0.222901
0.105365
0.388241
0.311138
0.3125
0.102756
0.311195
0.435797
0.311222
0.166995
0.3125
0.245029
0.139525
0.305344
0.301543
0.3125
0.3125
0.306132
0.0852889
0.297792
0.172469
0.3125
0.3125
0.0143039
0.0389164
0.0532171
0.303557
0.305877
0.0456371
0.015087
0.0796218
0.3125
0.291615
0.30178
0.3125
0.303597
0.277961
0.297757
0.172014
0.213332
0.053287
0.3125
0.3125
0.3125
0.3125
0.312499
0.264544
0.0646436
0.0644591
0.018328
0.310901
0.312408
0.309884
0.31175
0.3125
0.3125
0.100186
0.312491
0.0898111
0.149307
0.312413
0.226535
0.3125
0.306408
0.306417
0.0902251
0.309784
0.0661518
0.0664436
0.0422315
0.0159032
0.3125
0.3125
0.301508
0.0450303
0.309909
0.31168
0.3125
0.297223
0.018185
0.0575923
0.147123
0.312408
0.227
0.0436949
0.0906385
0.3125
0.3125
0.312497
0.3125
0.312489
0.312441
0.0655042
0.312178
0.311256
0.3125
0.3125
0.101349
0.0653853
0.253556
0.312353
0.181289
0.3125
0.31126
0.0574421
0.3125
0.3125
0.311934
0.311664
0.3125
0.267053
0.254914
0.312401
0.180826
0.214973
0.0575087
0.339204
0.32884
0.312486
0.31184
0.31201
0.3125
0.312576
0.151203
0.312442
0.181024
0.3125
0.0572763
0.3125
0.3125
0.31205
0.311674
0.3125
0.289239
0.0572061
0.149024
0.312395
0.258892
0.0435882
0.11484
0.312371
0.0535888
0.355074
0.3125
0.151187
0.0237275
0.0216198
0.312576
0.461702
0.392448
0.311879
0.0529026
0.32051
0.0232041
0.0217281
0.3125
0.0578543
0.0616328
0.0611811
0.0570155
0.0205635
0.29871
0.0608989
0.0604489
0.298546
0.019001
0.0540631
0.0612787
0.0613593
0.0614129
0.0612943
0.0598574
0.0471205
0.0613657
0.0611853
0.298706
0.0605064
0.0620758
0.0596662
0.298547
0.304507
0.290094
0.29421
0.308622
0.298913
0.298915
0.298283
0.298177
0.298287
0.29819
0.0869527
0.0836975
0.311127
0.291135
0.306658
0.251577
0.306393
0.254713
0.0830144
0.221385
0.218555
0.0859172
0.0843908
0.3125
0.3125
0.310694
0.312491
0.311747
0.0667085
0.0600061
0.3125
0.0571159
0.0639785
0.0690352
0.3125
0.0869636
0.0864085
0.31116
0.31242
0.312498
0.311153
0.312498
0.312498
0.311083
0.312498
0.312415
0.0850877
0.3125
0.3125
0.0589179
0.0620021
0.0625026
0.3125
0.306353
0.306251
0.310277
0.0594618
0.061024
0.120121
0.0885256
0.3125
0.3125
0.3125
0.3125
0.3125
0.3125
0.3125
0.3125
0.3125
0.3125
0.22451
0.214304
0.0982618
0.0795697
0.3125
0.3125
0.312061
0.306805
0.306019
0.0597655
0.0594519
0.3125
0.264382
0.255643
0.308628
0.294343
0.300385
0.0881863
0.0845328
0.312475
0.306735
0.306875
0.312475
0.306828
0.306867
0.31231
0.298532
0.29845
0.0808097
0.3125
0.3125
0.0615466
0.0698441
0.0669929
0.3125
0.0558102
0.0594622
0.0610244
0.17724
0.0885293
0.3125
0.3125
0.3125
0.374494
0.3125
0.3125
0.3125
0.0981967
0.0799402
0.3125
0.3125
0.0640974
0.0640176
0.3125
0.0172026
0.0168708
0.0640269
0.0636371
0.3125
0.3125
0.0172008
0.3125
0.0640296
0.0652416
0.305551
0.0887576
0.37101
0.388621
0.166737
0.107861
0.3125
0.3125
0.311222
0.298432
0.298501
0.3125
0.0862513
0.106256
0.0859436
0.293944
0.298139
0.283886
0.432355
0.102786
0.0862708
0.311182
0.298443
0.298354
0.108804
0.3125
0.0422181
0.0204338
0.0852318
0.0202062
0.0804671
0.0203386
0.0474561
0.0604111
0.0206133
0.0866992
0.0205922
0.0197061
0.0200685
0.0496985
0.0203608
0.0540932
0.01925
0.292348
0.292407
0.291213
0.291214
0.3125
0.308934
0.3125
0.30714
0.0577309
0.170579
0.305277
0.169798
0.0202661
0.0494994
0.104575
0.297677
0.104299
0.308901
0.30714
0.0161745
0.0462814
0.0703409
0.0658271
0.146305
0.124135
0.130897
0.0191567
0.3125
0.0603862
0.0203998
0.0199991
0.0176707
0.0614474
0.0613892
0.0194372
0.0603488
0.171128
0.304189
0.17117
0.0204755
0.0206338
0.0607284
0.0162965
0.0201282
0.298602
0.292565
0.292439
0.3125
0.308932
0.3125
0.308916
0.0676447
0.0596396
0.148998
0.0474954
0.167862
0.0625883
0.157767
0.0587235
0.046163
0.0606297
0.155009
0.0626778
0.157819
0.0561863
0.115482
0.0419254
0.0496323
0.0204936
0.0827274
0.0201282
0.308973
0.0197103
0.0697345
0.0682436
0.0478169
0.0621848
0.182475
0.308628
0.185863
0.0202761
0.049593
0.104547
0.297635
0.104463
0.0201584
0.0805302
0.0191709
0.303484
0.305596
0.313588
0.297711
0.297967
0.3125
0.309849
0.297675
0.297964
0.3125
0.30984
0.297715
0.297971
0.3125
0.30985
0.294165
0.29761
0.309741
0.3125
0.30971
0.309714
0.3125
0.309742
0.243792
0.281824
0.22136
0.0757097
0.222662
0.30605
0.216158
0.0750634
0.0163622
0.0613109
0.254358
0.0621702
0.166115
0.247065
0.312333
0.270357
0.22318
0.20078
0.151085
0.311201
0.18372
0.0914169
0.0729704
0.3125
0.3125
0.3125
0.3125
0.3125
0.308746
0.0895865
0.308073
0.312488
0.311706
0.311669
0.309711
0.18533
0.311351
0.312356
0.312399
0.312369
0.3125
0.0640167
0.0623555
0.248835
0.156087
0.176054
0.292396
0.171287
0.0936316
0.131885
0.175989
0.301979
0.183534
0.283564
0.204167
0.0732612
0.0853347
0.0851777
0.116203
0.304804
0.130364
0.0165548
0.0513068
0.311165
0.312498
0.312498
0.303956
0.0487187
0.295451
0.29226
0.0664338
0.291018
0.0427283
0.3125
0.3125
0.3125
0.3125
0.3125
0.3125
0.3125
0.3125
0.0628776
0.0625597
0.157828
0.16188
0.169344
0.181084
0.169898
0.175616
0.0571778
0.264865
0.0217705
0.167659
0.1813
0.169814
0.175753
0.154678
0.161785
0.237215
0.311808
0.226234
0.0853592
0.0854863
0.3125
0.3125
0.310213
0.281833
0.229497
0.141232
0.0746269
0.309619
0.184495
0.311325
0.312406
0.3124
0.312368
0.200571
0.0732283
0.3125
0.3125
0.3125
0.3125
0.3125
0.3125
0.3125
0.3125
0.3125
0.3125
0.3125
0.3125
0.3125
0.3125
0.312498
0.3125
0.3125
0.3125
0.3125
0.3125
0.3125
0.3125
0.0179705
0.296342
0.3068
0.282235
0.0445741
0.202563
0.0799547
0.0771283
0.259111
0.311706
0.22739
0.0582697
0.0833153
0.3125
0.3125
0.3125
0.3125
0.3125
0.3125
0.3125
0.310086
0.0852754
0.301726
0.291929
0.0648225
0.290766
0.312124
0.226614
0.311791
0.312388
0.312326
0.312396
0.3125
0.3024
0.294364
0.29476
0.0526178
0.250131
0.259628
0.0596627
0.279946
0.294808
0.28027
0.259616
0.058905
0.281957
0.0509365
0.259336
0.0831428
0.270294
0.0231761
0.270104
0.0711851
0.3125
0.3125
0.3125
0.3125
0.3125
0.0697227
0.0668689
0.0616169
0.226814
0.311736
0.221042
0.0872702
0.0844607
0.3125
0.3125
0.054607
0.016067
0.155827
0.063553
0.159168
0.312123
0.227002
0.311792
0.312405
0.312324
0.312397
0.195056
0.115904
0.083226
0.3125
0.3125
0.3125
0.3125
0.339347
0.11445
0.0788174
0.152921
0.311201
0.183431
0.0620191
0.0720203
0.3125
0.3125
0.3125
0.312937
0.3125
0.311731
0.184982
0.31135
0.312356
0.312326
0.312367
0.3125
0.0477663
0.0722093
0.0889998
0.046645
0.3125
0.3125
0.3125
0.33442
0.3125
0.3125
0.3125
0.239416
0.311811
0.226239
0.0853065
0.0854854
0.3125
0.271718
0.022312
0.311703
0.184755
0.31133
0.312407
0.312434
0.31237
0.311321
0.199135
0.0740361
0.318912
0.302839
0.247654
0.216545
0.304496
0.200354
0.0623977
0.313376
0.3125
0.3125
0.3125
0.3125
0.270137
0.0231897
0.270203
0.311725
0.176999
0.305405
0.277338
0.0244215
0.28243
0.3125
0.0610709
0.459686
0.390573
0.07332
0.226535
0.302497
0.21229
0.0719825
0.311391
0.248991
0.302807
0.312307
0.248087
0.302824
0.270075
0.0231613
0.269941
0.08143
0.0805749
0.3125
0.307591
0.291966
0.308821
0.30905
0.312024
0.310765
0.1219
0.0888114
0.10827
0.312069
0.311118
0.311128
0.31194
0.109233
0.105963
0.312248
0.311245
0.312395
0.312385
0.3125
0.3125
0.3125
0.3125
0.3125
0.3125
0.3125
0.0920617
0.0877662
0.311922
0.307809
0.308908
0.311781
0.3125
0.351461
0.311134
0.312319
0.312357
0.311148
0.312358
0.312363
0.0534923
0.311147
0.312358
0.312363
0.0923774
0.0904943
0.0883275
0.312359
0.311235
0.311251
0.312363
0.312359
0.311236
0.311252
0.312363
0.312333
0.311236
0.311234
0.312359
0.3125
0.3125
0.3125
0.3125
0.3125
0.3125
0.3125
0.308326
0.311789
0.312209
0.104841
0.11786
0.0956596
0.312151
0.307833
0.30891
0.31206
0.3125
0.3125
0.3125
0.3125
0.3125
0.3125
0.350017
0.122625
0.352626
0.120949
0.6242
0.624792
0.624292
0.624892
0.350329
0.120973
0.349669
0.121291
0.624987
0.624854
0.624857
0.624986
0.0295579
0.0890207
0.124247
0.364359
0.355738
0.129801
0.0295828
0.089109
0.124917
0.364719
0.357061
0.130144
0.312422
0.312474
0.312386
0.312385
0.3125
0.3125
0.3125
0.3125
0.3125
0.3125
0.3125
0.311242
0.312152
0.0914608
0.0884738
0.312464
0.312495
0.312441
0.312498
0.312469
0.312319
0.312358
0.312474
0.312355
0.312361
0.312309
0.311935
0.311725
0.105854
0.0903833
0.0976904
0.312374
0.312475
0.312476
0.312363
0.312373
0.312475
0.312476
0.312362
0.312371
0.312476
0.312476
0.312374
0.3125
0.3125
0.3125
0.3125
0.3125
0.3125
0.3125
0.0388836
0.037094
0.10631
0.0135968
0.174086
0.215972
0.251315
0.0859744
0.023285
0.125523
0.0146089
0.104963
0.117949
0.0967677
0.312485
0.312496
0.312449
0.312499
0.597436
0.38405
0.466526
0.533398
0.588562
0.487771
0.5509
0.624991
0.624994
0.62499
0.624999
0.3125
0.3125
0.3125
0.348587
0.119944
0.348562
0.119951
0.624731
0.624263
0.624327
0.624804
0.3125
0.3125
0.3125
0.3125
0.3125
0.3125
0.3125
0.0242477
0.069767
0.0401094
0.0914609
0.0884747
0.312464
0.312495
0.312441
0.312498
0.219473
0.0875346
0.234497
0.0807007
0.312054
0.312423
0.312013
0.312445
0.201323
0.0728702
0.20106
0.0729703
0.312072
0.312447
0.312057
0.312448
0.285918
0.100499
0.262834
0.110005
0.3125
0.3125
0.3125
0.3125
0.312449
0.31208
0.31207
0.312449
0.312449
0.312069
0.312069
0.312448
0.0295413
0.0889433
0.115684
0.330436
0.321791
0.117584
0.106922
0.301775
0.290278
0.110361
0.0936678
0.24638
0.247914
0.0926685
0.3125
0.3125
0.3125
0.3125
0.3125
0.3125
0.3125
0.0274084
0.236143
0.0914607
0.117948
0.0884751
0.312464
0.312495
0.312441
0.312498
0.602072
0.388188
0.495973
0.558048
0.601831
0.496605
0.55893
0.624999
0.62499
0.624989
0.624999
0.311118
0.311825
0.311655
0.3125
0.3125
0.3125
0.3125
0.3125
0.3125
0.3125
0.0914143
0.110343
0.0884653
0.312326
0.312471
0.312416
0.312366
0.310748
0.311983
0.311344
0.109246
0.10637
0.355477
0.456635
0.375534
0.423717
0.533124
0.551295
0.464528
0.545647
0.510983
0.3125
0.54857
0.311166
0.312069
0.311811
0.0384129
0.0912707
0.202555
0.0884241
0.311926
0.312316
0.312317
0.311776
0.17516
0.0604889
0.174839
0.0606431
0.31239
0.312115
0.312054
0.312447
0.515062
0.493032
0.376479
0.474497
0.354921
0.435772
0.494806
0.458329
0.466989
0.559357
0.506617
0.0180763
0.0519946
0.115505
0.313147
0.321441
0.113516
0.365121
0.125044
0.357115
0.130395
0.392406
0.39415
0.31248
0.457837
0.0461067
0.124901
0.364676
0.357025
0.130124
0.182419
0.0623215
0.178206
0.0651047
0.312498
0.312449
0.312471
0.312495
0.023037
0.0605805
0.175282
0.174976
0.060729
0.119946
0.216488
0.0821813
0.107738
0.0336371
0.0164544
0.0732185
0.0876948
0.289696
0.306113
0.289696
0.306071
0.289854
0.306135
0.306109
0.289762
0.0712708
0.0827632
0.0153469
0.0371466
0.189214
0.0458942
0.139582
0.10966
0.289827
0.303416
0.305903
0.284921
0.0444377
0.289497
0.288733
0.170052
0.219356
0.0831775
0.148885
0.174644
0.0807804
0.307098
0.3125
0.307113
0.306699
0.3125
0.306699
0.289757
0.306218
0.289855
0.0202717
0.300488
0.163627
0.0445858
0.268277
0.293729
0.257877
0.0804012
0.301216
0.14841
0.3125
0.3125
0.3125
0.3125
0.3125
0.3125
0.3125
0.3125
0.3125
0.3125
0.3125
0.3125
0.3125
0.3125
0.0352573
0.0977388
0.0539165
0.0725041
0.0702178
0.0800905
0.268505
0.293845
0.258181
0.297898
0.268506
0.293816
0.297871
0.258169
0.0710831
0.0597923
0.0808223
0.304859
0.306396
0.258938
0.290076
0.306111
0.29
0.16986
0.127239
0.0783699
0.0446045
0.0200739
0.188908
0.0457967
0.109473
0.140814
0.0153257
0.0371097
0.289601
0.306119
0.289713
0.0725282
0.295121
0.169276
0.0364379
0.0710545
0.0704362
0.0809523
0.289891
0.306184
0.289819
0.306161
0.290082
0.306184
0.306266
0.28984
0.290078
0.306197
0.289844
0.306283
0.290083
0.306186
0.306267
0.289844
0.290082
0.306201
0.289857
0.306284
0.290174
0.306202
0.306292
0.289885
0.236996
0.17723
0.223716
0.200238
0.307098
0.3125
0.307111
0.307167
0.3125
0.307127
0.167019
0.0203376
0.0178064
0.148757
0.213394
0.0822832
0.3125
0.3125
0.3125
0.3125
0.3125
0.3125
0.3125
0.3125
0.3125
0.3125
0.3125
0.3125
0.3125
0.3125
0.139952
0.305907
0.173671
0.268367
0.293727
0.258074
0.0804409
0.301177
0.148588
0.0706601
0.0819152
0.268467
0.293599
0.258128
0.297693
0.268459
0.293559
0.297645
0.258113
0.0710826
0.0598368
0.0808214
0.309585
0.3125
0.309634
0.3125
0.3125
0.3125
0.308939
0.3125
0.309573
0.3125
0.3125
0.3125
0.309116
0.3125
0.309599
0.297625
0.275784
0.304167
0.278895
0.0225654
0.199198
0.306553
0.311846
0.308751
0.174529
0.0633005
0.169633
0.043086
0.090034
0.160523
0.312178
0.311121
0.311958
0.311177
0.0206135
0.107866
0.0706796
0.0231484
0.105997
0.0967894
0.108038
0.0232027
0.0707285
0.0206515
0.312299
0.310271
0.31108
0.31223
0.0810493
0.0214274
0.0184271
0.179142
0.0618544
0.0657322
0.17059
0.312408
0.0465144
0.282808
0.308688
0.312374
0.31167
0.312143
0.0797249
0.312358
0.287735
0.277129
0.306119
0.312297
0.310473
0.311269
0.228659
0.200985
0.3125
0.3125
0.3125
0.3125
0.3125
0.3125
0.244052
0.109436
0.260488
0.312491
0.31249
0.312491
0.0857632
0.307513
0.307077
0.163382
0.0621328
0.160528
0.277461
0.133161
0.287408
0.312391
0.312492
0.31249
0.201731
0.311662
0.311347
0.3125
0.3125
0.3125
0.3125
0.3125
0.3125
0.3125
0.3125
0.3125
0.3125
0.3125
0.3125
0.3125
0.3125
0.3125
0.0220379
0.290715
0.306085
0.0854532
0.290707
0.306358
0.0867432
0.311964
0.307847
0.311808
0.308959
0.0829663
0.0843304
0.312396
0.312492
0.312491
0.312405
0.0910935
0.087586
0.312404
0.312492
0.312411
0.312492
0.0843118
0.0833699
0.0853942
0.302265
0.311987
0.308569
0.290596
0.0439924
0.161661
0.121257
0.113354
0.0431999
0.0163482
0.047031
0.0171992
0.311167
0.312358
0.312357
0.120329
0.130525
0.3125
0.312498
0.3125
0.180951
0.066582
0.181159
0.119865
0.0658691
0.284243
0.0563506
0.312499
0.312479
0.312498
0.0413855
0.31233
0.311238
0.312364
0.311199
0.0843933
0.083179
0.0872453
0.312394
0.31249
0.312491
0.3124
0.312362
0.311244
0.312366
0.311263
0.3125
0.312498
0.312498
0.312499
0.3125
0.312498
0.3125
0.312498
0.312362
0.311245
0.312366
0.311263
0.3125
0.312498
0.312498
0.3125
0.3125
0.312498
0.3125
0.312498
0.105122
0.0746676
0.154355
0.3125
0.312498
0.312498
0.3125
0.309178
0.310431
0.31166
0.305954
0.3125
0.3125
0.3125
0.3125
0.3125
0.3125
0.3125
0.3125
0.3125
0.284453
0.0167014
0.0518769
0.26225
0.307281
0.276829
0.228766
0.0165347
0.0513813
0.307705
0.312199
0.310936
0.311669
0.219963
0.220048
0.3125
0.3125
0.3125
0.3125
0.3125
0.3125
0.3125
0.3125
0.3125
0.3125
0.3125
0.3125
0.3125
0.3125
0.3125
0.3125
0.3125
0.3125
0.308379
0.308131
0.311792
0.261965
0.0184149
0.142133
0.159528
0.0620034
0.159905
0.274995
0.1296
0.283586
0.312399
0.312492
0.312491
0.201513
0.311664
0.311339
0.107137
0.276417
0.12407
0.31218
0.307871
0.312077
0.308966
0.083507
0.0840115
0.0863487
0.312394
0.312491
0.312491
0.312402
0.0910986
0.0875878
0.312402
0.312492
0.312407
0.312492
0.0843116
0.0835041
0.0853937
0.3125
0.3125
0.3125
0.3125
0.3125
0.3125
0.3125
0.3125
0.3125
0.3125
0.3125
0.3125
0.3125
0.3125
0.3125
0.3125
0.3125
0.3125
0.3125
0.312495
0.3125
0.3125
0.3125
0.3125
0.312499
0.3125
0.3125
0.3125
0.3125
0.3125
0.617688
0.623801
0.617797
0.623681
0.617641
0.623786
0.623495
0.617813
0.313208
0.0911216
0.103406
0.292742
0.33051
0.118879
0.111974
0.345379
0.617615
0.623785
0.617695
0.623666
0.617788
0.623795
0.623813
0.617698
0.617001
0.621599
0.623269
0.613626
0.624844
0.62484
0.624966
0.624717
0.308187
0.0779035
0.231328
0.105525
0.593757
0.522755
0.595177
0.518694
0.151373
0.0394221
0.214064
0.126958
0.0170807
0.0981917
0.624844
0.624842
0.624974
0.624714
0.308374
0.077957
0.231499
0.105597
0.593949
0.522971
0.595234
0.519203
0.624673
0.623506
0.624457
0.624061
0.594209
0.522841
0.519623
0.595187
0.591554
0.506867
0.515471
0.585024
0.124249
0.364266
0.12977
0.35578
0.0388436
0.124696
0.364904
0.130237
0.356587
0.124062
0.351174
0.353853
0.12576
0.274762
0.0461963
0.196916
0.110598
0.312104
0.312426
0.312328
0.201316
0.0514521
0.291943
0.0590713
0.265596
0.310341
0.312464
0.312127
0.31153
0.183271
0.216296
0.3125
0.3125
0.3125
0.3125
0.3125
0.3125
0.3125
0.3125
0.3125
0.0728332
0.0620149
0.284819
0.246253
0.109642
0.260742
0.179033
0.0653589
0.178978
0.0730757
0.0619865
0.284823
0.29974
0.273232
0.308215
0.312359
0.312485
0.312487
0.216402
0.311093
0.311581
0.3125
0.3125
0.3125
0.3125
0.3125
0.3125
0.3125
0.3125
0.3125
0.3125
0.3125
0.3125
0.3125
0.3125
0.3125
0.3125
0.3125
0.3125
0.31111
0.312188
0.0706438
0.0232686
0.0964496
0.0706507
0.0231991
0.312468
0.312495
0.312498
0.31244
0.0829642
0.0843319
0.312396
0.312492
0.312491
0.312405
0.0913086
0.0887834
0.312404
0.312492
0.312411
0.312492
0.084312
0.0723817
0.0853943
0.179214
0.0652669
0.178824
0.108282
0.0707007
0.191147
0.0528368
0.281736
0.3124
0.312474
0.312382
0.31243
0.0472233
0.0205511
0.0171862
0.179077
0.0652473
0.178769
0.0654433
0.312377
0.312476
0.312364
0.312477
0.179309
0.0652896
0.0655556
0.178847
0.179339
0.0653111
0.178894
0.065564
0.312375
0.312477
0.312377
0.312476
0.179184
0.0652729
0.0654895
0.178817
0.179323
0.0652902
0.178856
0.0655581
0.312301
0.311593
0.312253
0.311738
0.17932
0.0652662
0.06555
0.178813
0.179169
0.0618529
0.0657437
0.170584
0.3125
0.3125
0.3125
0.3125
0.3125
0.3125
0.159361
0.0510742
0.0551881
0.147177
0.286119
0.270259
0.287072
0.267343
0.292219
0.27615
0.288144
0.288903
0.168759
0.0608451
0.0585753
0.174709
0.308359
0.312127
0.309318
0.311644
0.222673
0.218456
0.3125
0.3125
0.3125
0.3125
0.3125
0.3125
0.3125
0.3125
0.3125
0.3125
0.3125
0.3125
0.3125
0.3125
0.3125
0.3125
0.3125
0.3125
0.0745827
0.203456
0.0778742
0.198036
0.151616
0.0220751
0.0432984
0.201196
0.0648976
0.0773756
0.181921
0.0588166
0.0407744
0.111792
0.0143207
0.038473
0.0419798
0.159528
0.0620033
0.159904
0.299522
0.275291
0.307743
0.312394
0.31249
0.31249
0.216497
0.311071
0.311582
0.312489
0.312495
0.312499
0.312449
0.0830159
0.0843397
0.312396
0.312492
0.312491
0.312405
0.0913134
0.0887854
0.312404
0.312492
0.312411
0.312492
0.0843121
0.0724163
0.0853942
0.553407
0.3125
0.406088
0.494288
0.357235
0.459929
0.570427
0.624061
0.6249
0.624196
0.624878
0.624691
0.624934
0.624961
0.624449
0.550181
0.3125
0.38278
0.472516
0.354915
0.455329
0.558099
0.624998
0.624991
0.624999
0.624987
0.540751
0.312497
0.334459
0.423096
0.345023
0.438996
0.531572
0.552089
0.473051
0.458235
0.558578
0.624974
0.624927
0.624973
0.624945
0.3125
0.3125
0.3125
0.347026
0.120745
0.349453
0.119976
0.608455
0.620578
0.604318
0.621488
0.608423
0.620572
0.621479
0.6043
0.346857
0.120652
0.119842
0.349383
0.307609
0.312372
0.310523
0.311267
0.207731
0.199775
0.3125
0.3125
0.3125
0.3125
0.313376
0.3125
0.62473
0.624265
0.624805
0.624328
0.290861
0.0690889
0.19947
0.100689
0.436336
0.152876
0.40364
0.2157
0.349129
0.120374
0.120325
0.34921
0.436418
0.152921
0.215661
0.40371
0.290786
0.0690742
0.100644
0.199452
0.279199
0.133198
0.287467
0.312401
0.312493
0.312491
0.200107
0.31109
0.311323
0.3125
0.3125
0.3125
0.3125
0.3125
0.3125
0.3125
0.3125
0.3125
0.3125
0.3125
0.3125
0.3125
0.3125
0.3125
0.0401928
0.0242457
0.0697676
0.312468
0.312495
0.312498
0.31244
0.0829638
0.0829086
0.0843312
0.312396
0.31249
0.312491
0.312403
0.0913086
0.0887835
0.312404
0.31249
0.312409
0.312492
0.0843119
0.0714293
0.0853931
0.262796
0.093169
0.248395
0.0972338
0.31226
0.3124
0.311651
0.312481
0.309471
0.312207
0.311657
0.31073
0.0699994
0.0707224
0.312499
0.312488
0.312495
0.312499
0.200858
0.0727294
0.200897
0.0726842
0.312496
0.312495
0.312495
0.312496
0.0709074
0.0708698
0.312055
0.312447
0.312055
0.312447
0.0708115
0.0710259
0.291436
0.306294
0.29145
0.312496
0.312495
0.312496
0.312496
0.243305
0.0952803
0.251365
0.0916275
0.3125
0.3125
0.3125
0.3125
0.0740024
0.0717316
0.312495
0.3125
0.3125
0.3125
0.305287
0.310256
0.302045
0.310983
0.30016
0.309922
0.309842
0.300561
0.300151
0.309842
0.300113
0.309854
0.158097
0.0625073
0.160642
0.0612121
0.300035
0.309831
0.309827
0.300068
0.279333
0.29695
0.302852
0.265764
0.211294
0.0684164
0.147858
0.170778
0.268142
0.288002
0.296915
0.250182
0.3125
0.3125
0.3125
0.3125
0.286005
0.0381608
0.187297
0.0914073
0.501918
0.468825
0.473781
0.482539
0.312472
0.312135
0.312456
0.31226
0.399466
0.451987
0.428848
0.44584
0.360085
0.397528
0.358735
0.400221
0.31245
0.312071
0.312449
0.312074
0.344863
0.389899
0.371969
0.354735
0.3125
0.310075
0.3125
0.310726
0.311989
0.30807
0.310212
0.311271
0.3125
0.309961
0.310496
0.3125
0.312409
0.30409
0.310201
0.311462
0.119864
0.336883
0.118951
0.341564
0.112699
0.307085
0.112042
0.309084
0.0939867
0.246661
0.0928359
0.248462
0.0952205
0.242072
0.249172
0.0936134
0.3125
0.3125
0.3125
0.3125
0.3125
0.3125
0.175653
0.229334
0.12331
0.309352
0.312358
0.311046
0.311669
0.219889
0.220047
0.3125
0.3125
0.3125
0.3125
0.3125
0.3125
0.3125
0.3125
0.3125
0.3125
0.3125
0.3125
0.3125
0.3125
0.3125
0.262892
0.304906
0.280818
0.254654
0.0167186
0.0523654
0.290809
0.306461
0.290814
0.276741
0.129641
0.28365
0.312398
0.312477
0.31249
0.202725
0.311997
0.311354
0.312468
0.312495
0.312498
0.31244
0.0829633
0.0843255
0.312395
0.312471
0.312489
0.312391
0.0913083
0.0887833
0.312403
0.312471
0.312397
0.31249
0.0843114
0.0926219
0.0853872
0.601086
0.558091
0.601722
0.557846
0.624018
0.624879
0.624025
0.624878
0.624035
0.62488
0.624881
0.624032
0.623284
0.62308
0.62437
0.621392
0.624999
0.624989
0.624999
0.624989
0.624985
0.624957
0.624981
0.624958
0.624357
0.623519
0.624544
0.623363
0.310469
0.312195
0.312322
0.311937
0.312453
0.312475
0.284883
0.021535
0.182943
0.312576
0.397716
0.3125
0.3125
0.3125
0.3125
0.108124
0.0707965
0.279173
0.133158
0.287403
0.112214
0.0764673
0.176168
0.0546919
0.287804
0.3125
0.3125
0.3125
0.3125
0.435567
0.385097
0.462824
0.371959
0.3125
0.3125
0.312576
0.3125
0.3125
0.3125
0.3125
0.312337
0.312472
0.312371
0.312417
0.046659
0.0169976
0.179255
0.0653386
0.178961
0.0655278
0.0912572
0.0887729
0.179513
0.0653962
0.0656545
0.179074
0.0474942
0.0196877
0.0173125
0.043284
0.051357
0.247749
0.311905
0.304912
0.308458
0.310552
0.0810498
0.0214275
0.0184273
0.179141
0.0618527
0.065732
0.170583
0.606356
0.431558
0.542613
0.576542
0.53214
0.578489
0.593783
0.597757
0.390325
0.500817
0.552668
0.498716
0.55735
0.585213
0.309818
0.312176
0.31148
0.281742
0.0218187
0.194413
0.308316
0.311857
0.309123
0.281776
0.0218498
0.192411
0.359278
0.460649
0.375526
0.537184
0.4667
0.510362
0.3125
0.545021
0.252947
0.0346465
0.150196
0.0823965
0.271197
0.0717452
0.0924044
0.208181
0.308566
0.358805
0.312419
0.107984
0.070639
0.205931
0.0528024
0.281794
0.307716
0.362055
0.312394
0.108014
0.070615
0.204624
0.0528014
0.281798
0.0271998
0.078388
0.311959
0.312321
0.311797
0.312323
0.0205404
0.0212844
0.108291
0.0709308
0.0232734
0.0911036
0.0887301
0.108406
0.0232807
0.0709764
0.0208646
0.0210719
0.16534
0.0594437
0.172707
0.0560006
0.308103
0.310894
0.30467
0.311659
0.301611
0.310193
0.310115
0.301781
0.165494
0.059922
0.0560688
0.173678
0.432809
0.415984
0.440749
0.409277
0.3125
0.3125
0.3125
0.3125
0.3125
0.3125
0.3125
0.312418
0.312243
0.312464
0.312324
0.147683
0.0195882
0.100788
0.0465697
0.354482
0.399291
0.360027
0.388437
0.182578
0.0621787
0.0651549
0.177931
0.399914
0.409097
0.428807
0.365716
0.233266
0.0330167
0.0735676
0.168759
0.3125
0.3125
0.3125
0.3125
0.3125
0.3125
0.3125
0.3125
0.109408
0.307426
0.111911
0.299614
0.0288921
0.0853651
0.331606
0.120418
0.348466
0.112468
0.574571
0.510428
0.503352
0.58152
0.311417
0.387119
0.312322
0.383706
0.308435
0.310771
0.311627
0.306658
0.598523
0.521599
0.551292
0.587447
0.277921
0.0366658
0.167049
0.0894166
0.593786
0.522904
0.595108
0.518964
0.312431
0.311776
0.312254
0.312145
0.593827
0.522783
0.519556
0.594935
0.588671
0.505941
0.514971
0.580465
0.124631
0.364842
0.130212
0.356385
0.124056
0.35103
0.353788
0.125744
0.163929
0.059936
0.173561
0.0556753
0.308867
0.311951
0.309169
0.311845
0.310459
0.31206
0.312215
0.309682
0.231177
0.0926824
0.0854577
0.245805
0.31243
0.312429
0.312489
0.312363
0.138949
0.0183182
0.0834797
0.0447036
0.296028
0.257562
0.29623
0.257215
0.257229
0.096374
0.100022
0.252514
0.296104
0.257628
0.257361
0.296257
0.149289
0.0195865
0.0493806
0.0866631
0.0604925
0.175191
0.0606837
0.17479
0.0233909
0.0603855
0.0609742
0.060147
0.0609764
0.0604291
0.0596332
0.0603732
0.0609613
0.0194626
0.0468392
0.0166953
0.274184
0.306424
0.296358
0.0608411
0.274262
0.273643
0.306422
0.306256
0.296131
0.295609
0.298849
0.0449891
0.021931
0.312496
0.312407
0.0606457
0.0613323
0.0606635
0.0613041
0.0606767
0.0613347
0.0606983
0.0606942
0.060722
0.0606747
0.0583494
0.0551634
0.060702
0.0606535
0.060523
0.0611974
0.0605288
0.061197
0.0605361
0.0612167
0.274295
0.274181
0.306422
0.306477
0.296356
0.2964
0.298862
0.0159442
0.0647401
0.274246
0.273643
0.306418
0.306256
0.296119
0.295608
0.298835
0.0219312
0.262231
0.304698
0.282219
0.262232
0.304698
0.282219
0.26164
0.302385
0.27497
0.298201
0.261701
0.302449
0.275018
0.261622
0.302378
0.274964
0.261704
0.302453
0.275024
0.261631
0.302384
0.274971
0.105317
0.0879222
0.311336
0.306738
0.311358
0.306758
0.0908045
0.0895083
0.0888
0.0836426
0.310636
0.312163
0.311639
0.291781
0.303678
0.307769
0.311198
0.306251
0.3107
0.299138
0.25801
0.303235
0.310983
0.304491
0.309301
0.252957
0.294168
0.299573
0.273703
0.298653
0.253385
0.307526
0.107558
0.0870202
0.0865158
0.312097
0.307906
0.31075
0.310827
0.309223
0.294462
0.308159
0.298472
0.256635
0.298531
0.250612
0.302454
0.10542
0.0201796
0.124405
0.122833
0.0861782
0.228789
0.0902897
0.024673
0.311682
0.312222
0.0900353
0.088002
0.0168851
0.29625
0.259855
0.24989
0.299033
0.3125
0.3125
0.3125
0.3125
0.3125
0.3125
0.3125
0.3125
0.3125
0.3125
0.3125
0.3125
0.3125
0.3125
0.3112
0.312133
0.312391
0.312476
0.312491
0.312475
0.0608268
0.0599709
0.3125
0.3125
0.3125
0.3125
0.3125
0.3125
0.3125
0.3125
0.3125
0.3125
0.3125
0.0160611
0.0639938
0.231667
0.288015
0.224036
0.292895
0.0893465
0.0851799
0.311795
0.306568
0.309735
0.308857
0.312319
0.312473
0.312318
0.312405
0.0906876
0.10976
0.0892034
0.091468
0.312357
0.311169
0.311174
0.312357
0.312476
0.312498
0.312478
0.312498
0.312358
0.311146
0.311162
0.312362
0.312357
0.311167
0.311167
0.312357
0.312476
0.312498
0.312476
0.312498
0.312359
0.311175
0.311186
0.312359
0.312475
0.312498
0.312475
0.312498
0.311145
0.312358
0.312362
0.312422
0.312492
0.312471
0.312476
0.312498
0.312475
0.127289
0.262337
0.115667
0.280196
0.0213658
0.311138
0.312354
0.312359
0.312476
0.312498
0.312476
0.312474
0.312498
0.312475
0.0240577
0.311132
0.312317
0.312357
0.312476
0.312498
0.312475
0.31242
0.312491
0.312471
0.311657
0.307528
0.311538
0.308499
0.232158
0.288421
0.224894
0.293116
0.0899192
0.0885053
0.0861129
0.312361
0.311267
0.311264
0.312361
0.312474
0.312498
0.312474
0.312498
0.312361
0.311267
0.311264
0.312361
0.312474
0.312498
0.312474
0.312498
0.312112
0.309253
0.311034
0.310177
0.312453
0.312497
0.312473
0.312483
0.3125
0.3125
0.3125
0.3125
0.3125
0.3125
0.0172729
0.0631393
0.3125
0.3125
0.3125
0.3125
0.3125
0.3125
0.3125
0.3125
0.3125
0.3125
0.3125
0.309137
0.31061
0.310805
0.311041
0.312098
0.0596882
0.0598491
0.11121
0.312383
0.250932
0.292832
0.235869
0.300923
0.0978964
0.105093
0.0880871
0.312103
0.307033
0.309796
0.309942
0.312366
0.312479
0.312369
0.312412
0.3125
0.3125
0.3125
0.3125
0.3125
0.3125
0.3125
0.3125
0.3125
0.3125
0.3125
0.3125
0.3125
0.3125
0.3125
0.3125
0.3125
0.3125
0.3125
0.3125
0.3125
0.3125
0.3125
0.3125
0.3125
0.3125
0.3125
0.3125
0.3125
0.3125
0.3125
0.3125
0.3125
0.3125
0.0691676
0.0695481
0.0239863
0.199684
0.10065
0.332737
0.115048
0.290845
0.121692
0.350811
0.121562
0.351004
0.120592
0.339
0.116886
0.348575
0.0295664
0.089043
0.077936
0.308337
0.105602
0.2314
0.12106
0.348022
0.119854
0.349954
0.121351
0.35132
0.121544
0.350727
0.515242
0.592871
0.516474
0.592538
0.348935
0.121035
0.120305
0.349832
0.51463
0.5922
0.592317
0.514747
0.620117
0.606936
0.621188
0.602215
0.624102
0.624764
0.624882
0.623961
0.61955
0.599121
0.599903
0.619283
0.515161
0.592159
0.514609
0.592471
0.350766
0.121689
0.121536
0.350991
0.515432
0.592467
0.592571
0.515463
0.624986
0.624853
0.624858
0.62498
0.624988
0.624871
0.624988
0.624866
0.624986
0.624854
0.62498
0.624862
0.0382104
0.288068
0.187739
0.0917395
0.119466
0.324692
0.345946
0.110678
0.0382946
0.28847
0.187979
0.0919325
0.122399
0.351734
0.352929
0.121676
0.0878283
0.230186
0.0911204
0.312413
0.311543
0.113437
0.0979294
0.312457
0.312493
0.312495
0.312419
0.3125
0.3125
0.3125
0.3125
0.3125
0.3125
0.3125
0.3125
0.3125
0.3125
0.3125
0.3125
0.3125
0.3125
0.3125
0.3125
0.3125
0.3125
0.312431
0.312325
0.312384
0.311348
0.306785
0.311334
0.0596567
0.0596578
0.3125
0.3125
0.3125
0.3125
0.3125
0.3125
0.3125
0.3125
0.3125
0.3125
0.3125
0.116339
0.280554
0.0229057
0.310946
0.311424
0.308267
0.298397
0.231019
0.289748
0.225692
0.292908
0.0887058
0.0849002
0.312086
0.308241
0.311918
0.309063
0.312444
0.312493
0.312496
0.312419
0.0908135
0.0888216
0.3125
0.355573
0.3125
0.331056
0.3125
0.3125
0.3125
0.3125
0.312475
0.312358
0.312362
0.311291
0.306772
0.311334
0.311364
0.306807
0.311349
0.312475
0.312359
0.312364
0.311347
0.306779
0.311339
0.311363
0.306801
0.311349
0.312309
0.311911
0.311735
0.309055
0.294375
0.307867
0.309021
0.294392
0.307886
0.252233
0.295081
0.239282
0.301255
0.0986838
0.0873764
0.0875605
0.312376
0.312476
0.312476
0.312377
0.311361
0.306763
0.311333
0.306822
0.312376
0.312476
0.312476
0.312376
0.311358
0.30676
0.311332
0.306807
0.312371
0.312479
0.312476
0.312397
0.311358
0.306763
0.311345
0.306832
0.3125
0.3125
0.3125
0.3125
0.3125
0.3125
0.0177171
0.012743
0.0366134
0.0614628
0.0463798
0.0535674
0.0688819
0.0645764
0.0648252
0.0646066
0.0683622
0.0648662
0.0901524
0.0853898
0.312445
0.312493
0.312496
0.312417
0.3125
0.3125
0.3125
0.3125
0.3125
0.3125
0.3125
0.3125
0.3125
0.3125
0.3125
0.0187743
0.103443
0.284783
0.240031
0.0596887
0.0598496
0.112458
0.251146
0.294736
0.238061
0.301071
0.0979368
0.105124
0.0880966
0.312278
0.308728
0.312004
0.310067
0.312457
0.312493
0.312497
0.312422
0.410288
0.3125
0.413172
0.340711
0.364938
0.324737
0.486227
0.435626
0.540939
0.445339
0.526353
0.533234
0.572647
0.499945
0.58859
0.544884
0.587177
0.53199
0.594234
0.3125
0.3125
0.3125
0.3125
0.3125
0.3125
0.3125
0.3125
0.3125
0.3125
0.3125
0.312496
0.3125
0.312499
0.3125
0.3125
0.3125
0.3125
0.617844
0.622924
0.614783
0.623679
0.597645
0.38454
0.467646
0.534068
0.48867
0.551472
0.588798
0.617901
0.622947
0.623691
0.614851
0.624894
0.62425
0.62491
0.624135
0.62499
0.624999
0.624999
0.624989
0.624883
0.624035
0.624059
0.624881
0.3125
0.3125
0.3125
0.3125
0.3125
0.3125
0.3125
0.3125
0.3125
0.0793416
0.0749051
0.0275682
0.215604
0.044498
0.160279
0.22808
0.113431
0.097977
0.311412
0.307013
0.311442
0.307011
0.3125
0.3125
0.3125
0.3125
0.3125
0.3125
0.3125
0.3125
0.3125
0.3125
0.51467
0.592279
0.514618
0.592361
0.349848
0.120829
0.120873
0.349576
0.623756
0.617666
0.623526
0.617785
0.62428
0.620211
0.624202
0.621175
0.0640495
0.0640782
0.3125
0.3125
0.3125
0.3125
0.3125
0.3125
0.3125
0.3125
0.3125
0.3125
0.3125
0.114799
0.101726
0.11312
0.0946286
0.231019
0.289748
0.225693
0.292908
0.0887055
0.0848996
0.312086
0.308241
0.311918
0.309063
0.312444
0.312493
0.312496
0.312419
0.0282266
0.0829808
0.0346253
0.240736
0.0801336
0.167169
0.0664389
0.199649
0.0733895
0.18676
0.0622421
0.169143
0.0586768
0.178122
0.3125
0.3125
0.3125
0.3125
0.292712
0.311956
0.302679
0.309989
0.208265
0.0738717
0.0757751
0.203395
0.28432
0.306141
0.307531
0.280186
0.309759
0.299756
0.30971
0.299794
0.312055
0.312447
0.312447
0.312055
0.309753
0.299736
0.299762
0.309748
0.0646057
0.0645472
0.278571
0.30555
0.278352
0.305614
0.203479
0.0767097
0.0739358
0.209708
0.280207
0.307688
0.306139
0.284964
0.309875
0.299875
0.309769
0.300379
0.312132
0.312472
0.312455
0.312259
0.310236
0.305265
0.301966
0.310979
0.0744512
0.0724916
0.0717425
0.0718966
0.0715171
0.0713234
0.0596553
0.0612166
0.0697304
0.0710113
0.346959
0.3125
0.318586
0.327296
0.308107
0.116485
0.116086
0.321056
0.388539
0.403906
0.352767
0.426431
0.3125
0.312495
0.3125
0.3125
0.3125
0.3125
0.3125
0.3125
0.3125
0.3125
0.3125
0.3125
0.312449
0.312073
0.312072
0.312449
0.312496
0.3125
0.312496
0.3125
0.312496
0.3125
0.312496
0.3125
0.312448
0.312031
0.312066
0.312442
0.312496
0.3125
0.312496
0.3125
0.312495
0.312495
0.312492
0.312499
0.0778412
0.307093
0.230965
0.105355
0.113664
0.310258
0.313959
0.112636
0.101382
0.256403
0.271533
0.096751
0.0940282
0.249439
0.248713
0.0943307
0.3125
0.3125
0.3125
0.3125
0.3125
0.3125
0.234027
0.290725
0.227354
0.294823
0.0901559
0.0854099
0.312444
0.312493
0.312496
0.312415
0.3125
0.3125
0.3125
0.3125
0.3125
0.3125
0.3125
0.3125
0.3125
0.3125
0.3125
0.0641099
0.0642272
0.115165
0.231019
0.289748
0.225694
0.292908
0.0887054
0.105153
0.0848997
0.312086
0.308241
0.311918
0.309062
0.312444
0.312493
0.312496
0.312419
0.433285
0.336586
0.451935
0.495951
0.371103
0.403023
0.52795
0.349574
0.444433
0.544412
0.3125
0.3125
0.350622
0.447046
0.541029
0.450271
0.547153
0.451741
0.546847
0.449617
0.546063
0.448992
0.546424
0.619456
0.624019
0.6194
0.624037
0.60229
0.388517
0.496856
0.55881
0.497299
0.559463
0.602176
0.619519
0.62405
0.62405
0.619511
0.624998
0.62498
0.624988
0.624986
0.624999
0.624999
0.625
0.624994
0.203645
0.101344
0.163943
0.085853
0.3125
0.3125
0.3125
0.3125
0.3125
0.3125
0.3125
0.3125
0.3125
0.3125
0.3125
0.3125
0.3125
0.3125
0.311166
0.312071
0.311814
0.309016
0.29436
0.307879
0.309228
0.294429
0.308034
0.3125
0.3125
0.3125
0.3125
0.317895
0.3125
0.3125
0.328987
0.3125
0.317895
0.328987
0.230907
0.289723
0.225672
0.292776
0.0883365
0.101108
0.0831929
0.311947
0.308216
0.311893
0.308923
0.311229
0.306723
0.311292
0.306693
0.11835
0.204697
0.105297
0.173425
0.312441
0.312485
0.312486
0.31244
0.311683
0.310625
0.312127
0.308121
0.308136
0.295117
0.308991
0.308959
0.293678
0.307312
0.292015
0.291513
0.304858
0.25665
0.298663
0.251141
0.302457
0.105415
0.02018
0.124402
0.456409
0.42187
0.550085
0.529014
0.510227
0.543228
0.548219
0.44741
0.544574
0.446848
0.545223
0.110394
0.101689
0.101147
0.0842377
0.30907
0.294244
0.308033
0.298204
0.350322
0.447461
0.3125
0.544589
0.3125
0.5453
0.350423
0.446853
0.0250401
0.0720824
0.118602
0.105343
0.311121
0.311825
0.311651
0.309213
0.294335
0.308008
0.308996
0.294258
0.307852
0.23068
0.289698
0.22561
0.292669
0.0876063
0.163795
0.0807037
0.311805
0.308207
0.311863
0.308871
0.308839
0.294219
0.307735
0.298296
0.0151592
0.0453154
0.040426
0.161057
0.0559918
0.118818
0.0776522
0.0772214
0.0203712
0.148104
0.0467562
0.109104
0.3125
0.324261
0.367972
0.368049
0.339162
0.372982
0.312576
0.439396
0.424624
0.395684
0.36134
0.3125
0.3125
0.3125
0.3125
0.3125
0.3125
0.3125
0.327521
0.257579
0.296102
0.257314
0.296238
0.175331
0.0606871
0.0607397
0.175212
0.257688
0.296255
0.296283
0.257592
0.311945
0.308949
0.311681
0.309262
0.31244
0.312497
0.312491
0.312471
0.312035
0.311153
0.30961
0.312266
0.397694
0.389425
0.327118
0.3125
0.411406
0.377478
0.3125
0.3125
0.0499266
0.202931
0.140761
0.0738141
0.116578
0.325297
0.328443
0.114341
0.0295644
0.0890575
0.0779084
0.308081
0.105477
0.231381
0.0770015
0.254166
0.0926739
0.211241
0.0663272
0.178979
0.0622804
0.187717
0.523022
0.593662
0.519407
0.595013
0.364216
0.123954
0.129862
0.355132
0.522508
0.593453
0.594948
0.518132
0.385271
0.312439
0.312451
0.379381
0.519152
0.598492
0.550191
0.586562
0.507342
0.573071
0.496629
0.580105
0.0367066
0.278229
0.167133
0.089565
0.122387
0.351713
0.352901
0.121668
0.0230646
0.0183666
0.139129
0.0448089
0.0835984
0.0670124
0.18174
0.0635106
0.188999
0.0694436
0.192218
0.0679958
0.194573
0.261455
0.29691
0.259494
0.297602
0.182233
0.062153
0.0650155
0.177837
0.261314
0.296784
0.297545
0.259196
0.312499
0.312497
0.312489
0.312499
0.312494
0.312428
0.312493
0.312428
0.312493
0.312338
0.312489
0.312416
0.0183437
0.13899
0.0835155
0.0447429
0.0594051
0.163674
0.172447
0.0555551
0.0604079
0.0609979
0.289808
0.30618
0.289788
0.306112
0.249113
0.170475
0.171352
0.248777
0.289874
0.306146
0.306082
0.289797
0.24919
0.170454
0.171359
0.248787
0.0722181
0.0527593
0.0604161
0.0609245
0.0698515
0.071258
0.0794999
0.0517762
0.0528613
0.0199323
0.289843
0.306206
0.289798
0.306172
0.249088
0.170475
0.171243
0.248769
0.071859
0.292827
0.254052
0.280719
0.168003
0.228328
0.243802
0.0603167
0.0608309
0.0532005
0.0203372
0.248837
0.170254
0.171001
0.248577
0.249107
0.170377
0.171291
0.248689
0.052434
0.0201322
0.016554
0.0383537
0.0589872
0.0620833
0.187101
0.072959
0.132964
0.117262
0.249738
0.165714
0.172968
0.242387
0.0421
0.248681
0.247661
0.0701087
0.0520388
0.0734304
0.0478498
0.0720317
0.0602626
0.083123
0.0530079
0.0486285
0.0203428
0.258661
0.297868
0.273141
0.292705
0.3125
0.3125
0.3125
0.311003
0.312347
0.312482
0.3125
0.3125
0.3125
0.3125
0.3125
0.3125
0.3125
0.312229
0.30861
0.308651
0.312221
0.30721
0.312343
0.312348
0.0605303
0.248776
0.170656
0.248872
0.0426294
0.206259
0.0687596
0.185015
0.293731
0.268086
0.257844
0.0687239
0.205964
0.18495
0.258657
0.297866
0.273139
0.292698
0.31235
0.312347
0.311005
0.310974
0.312482
0.312482
0.308975
0.312229
0.312221
0.30861
0.30865
0.307208
0.312343
0.312348
0.037128
0.110162
0.124275
0.019339
0.021942
0.0519611
0.0199877
0.206589
0.069007
0.104799
0.185479
0.206616
0.0690187
0.104805
0.185491
0.0525934
0.0483672
0.0202162
0.0605479
0.0610179
0.0715406
0.0516613
0.053071
0.019822
0.289854
0.306149
0.289877
0.306094
0.249192
0.170757
0.171414
0.248998
0.290283
0.306167
0.306246
0.289997
0.249893
0.170977
0.17214
0.249204
0.290259
0.306133
0.306218
0.290027
0.249858
0.171032
0.172089
0.249273
0.021699
0.290275
0.306128
0.30622
0.290018
0.249912
0.171061
0.172157
0.249285
0.0446798
0.0423514
0.0194092
0.0465651
0.0420512
0.0175206
0.186404
0.0727542
0.132285
0.117021
0.0165044
0.0382884
0.0361071
0.037563
0.0604097
0.306117
0.290208
0.290003
0.171049
0.249809
0.249266
0.248913
0.170389
0.248682
0.305846
0.288456
0.289539
0.170436
0.248527
0.248646
0.0376474
0.0602789
0.0608666
0.0423702
0.0176468
0.248825
0.170169
0.171057
0.248495
0.0604822
0.0610318
0.0525568
0.0522778
0.0202045
0.249217
0.170603
0.171439
0.248858
0.0605026
0.0611453
0.249532
0.170684
0.171795
0.248915
0.249479
0.170649
0.171701
0.248899
0.0605024
0.0611473
0.249533
0.170696
0.171796
0.248925
0.249484
0.170656
0.171706
0.248914
0.0215175
0.249667
0.170731
0.171885
0.24898
0.195577
0.0613076
0.101972
0.158983
0.27371
0.306277
0.295656
0.3125
0.3125
0.3125
0.311002
0.312347
0.312482
0.3125
0.3125
0.3125
0.310979
0.312347
0.312482
0.0649518
0.0378537
0.161756
0.0629294
0.166101
0.197295
0.161888
0.0628285
0.165617
0.197363
0.0219015
0.268442
0.293718
0.25825
0.297759
0.206562
0.0691061
0.104749
0.185654
0.0704328
0.0712704
0.0796107
0.0522712
0.0524315
0.0201236
0.274195
0.306428
0.296364
0.29872
0.31235
0.312347
0.311004
0.310974
0.308968
0.312482
0.312482
0.312347
0.31235
0.311003
0.311012
0.308935
0.312482
0.312482
0.0813512
0.311022
0.296313
0.301322
0.203472
0.260735
0.26843
0.0373746
0.206327
0.0688715
0.185254
0.293684
0.26819
0.257998
0.0688255
0.206141
0.185163
0.0718356
0.0523447
0.268555
0.206223
0.268569
0.206301
0.0713825
0.0521615
0.0219609
0.0520337
0.0199916
0.206597
0.0690079
0.104828
0.185472
0.206609
0.069018
0.104805
0.185482
0.0525933
0.0484031
0.0202162
0.3125
0.3125
0.3125
0.311056
0.312229
0.31236
0.261991
0.303468
0.278468
0.298622
0.3125
0.3125
0.3125
0.3125
0.3125
0.3125
0.3125
0.3125
0.3125
0.3125
0.3125
0.312222
0.310875
0.310843
0.312229
0.30979
0.312348
0.312343
0.3125
0.3125
0.3125
0.311057
0.312229
0.31236
0.261649
0.300423
0.297957
0.275728
0.3125
0.3125
0.3125
0.3125
0.312219
0.310652
0.309717
0.312331
0.311439
0.307422
0.309071
0.308905
0.312222
0.310669
0.312334
0.3125
0.3125
0.3125
0.31065
0.312218
0.312331
0.312218
0.310651
0.312331
0.3125
0.3125
0.3125
0.31067
0.312222
0.312333
0.0467376
0.0170357
0.0668687
0.0786475
0.293895
0.260773
0.303382
0.179303
0.0652794
0.0655569
0.178818
0.254098
0.291813
0.291931
0.253795
0.0220094
0.0566252
0.28727
0.229655
0.291877
0.0465911
0.0220614
0.0169715
0.0665704
0.0566436
0.0775436
0.311072
0.303773
0.306447
0.309801
0.17917
0.0618532
0.0657464
0.170582
0.253418
0.286171
0.291365
0.24532
0.0653912
0.179283
0.179008
0.291577
0.254075
0.253823
0.163937
0.161896
0.0594076
0.104169
0.023698
0.239657
0.222105
0.225949
0.0615762
0.161835
0.16334
0.189079
0.200648
0.210371
0.312342
0.308862
0.31189
0.31093
0.30928
0.294422
0.308158
0.298416
0.0534257
0.072739
0.209541
0.259741
0.270003
0.188265
0.252297
0.293274
0.301114
0.237347
0.0979751
0.0846551
0.209742
0.259809
0.270129
0.188355
0.0534878
0.0725179
0.312228
0.309341
0.311119
0.31109
0.311222
0.303916
0.306432
0.310418
0.136788
0.0455196
0.150765
0.0437671
0.253395
0.286217
0.291343
0.24534
0.311977
0.312202
0.0639724
0.299371
0.105327
0.296866
0.265155
0.305385
0.312224
0.0719157
0.0774109
0.0829903
0.0665727
0.0464952
0.0245514
0.279102
0.13389
0.28826
0.311222
0.311259
0.312122
0.307811
0.308839
0.281954
0.304384
0.298908
0.0851643
0.0837278
0.0877131
0.0794267
0.3125
0.3125
0.3125
0.3125
0.3125
0.3125
0.3125
0.3125
0.3125
0.3125
0.3125
0.3125
0.3125
0.3125
0.3125
0.3125
0.3125
0.3125
0.3125
0.3125
0.3125
0.3125
0.3125
0.3125
0.3125
0.3125
0.3125
0.31127
0.312424
0.312452
0.312479
0.312492
0.312484
0.297299
0.311985
0.306842
0.31249
0.312492
0.312491
0.312377
0.312478
0.312423
0.312391
0.312479
0.312422
0.305565
0.312292
0.310341
0.312378
0.312487
0.312489
0.312491
0.312384
0.31249
0.312488
0.312379
0.31249
0.3125
0.3125
0.3125
0.3125
0.3125
0.3125
0.3125
0.3125
0.3125
0.3125
0.3125
0.3125
0.3125
0.3125
0.3125
0.3125
0.3125
0.3125
0.3125
0.0639249
0.0428872
0.251464
0.175903
0.179085
0.102729
0.0769039
0.251427
0.176066
0.077432
0.31185
0.306631
0.309095
0.309759
0.31233
0.312473
0.312325
0.312402
0.0828558
0.0834749
0.312398
0.31249
0.312402
0.312491
0.230044
0.287785
0.292041
0.223679
0.0889512
0.0250099
0.0859085
0.312406
0.312491
0.312411
0.312492
0.0842907
0.0794312
0.0848051
0.312447
0.312492
0.312478
0.31242
0.0833638
0.0847451
0.088663
0.0826766
0.0847442
0.0846768
0.312385
0.312477
0.312489
0.312388
0.312389
0.312492
0.312399
0.312491
0.312357
0.311168
0.312357
0.311169
0.312475
0.312498
0.312475
0.312498
0.312499
0.312483
0.312488
0.312498
0.3125
0.312499
0.3125
0.312499
0.3125
0.3125
0.3125
0.3125
0.3125
0.3125
0.3125
0.3125
0.312359
0.311171
0.312358
0.311177
0.312476
0.312498
0.312476
0.312498
0.3125
0.3125
0.3125
0.3125
0.3125
0.3125
0.3125
0.3125
0.3125
0.3125
0.3125
0.3125
0.3125
0.3125
0.3125
0.3125
0.312168
0.310984
0.312329
0.310173
0.312169
0.312021
0.312366
0.311271
0.3125
0.3125
0.3125
0.3125
0.3125
0.3125
0.3125
0.3125
0.312395
0.311748
0.31233
0.312106
0.312427
0.312206
0.312422
0.312226
0.264113
0.125915
0.278559
0.0437955
0.0567119
0.27344
0.293223
0.30509
0.259908
0.108434
0.0899734
0.0558322
0.0503464
0.0671812
0.0793818
0.311122
0.312172
0.312391
0.310221
0.306724
0.311301
0.311166
0.312357
0.312357
0.269646
0.309579
0.284125
0.3125
0.3125
0.3125
0.312498
0.3125
0.3125
0.255179
0.292438
0.25532
0.0666289
0.180794
0.18122
0.292337
0.254614
0.25531
0.3125
0.312499
0.312499
0.0513997
0.311629
0.307497
0.311537
0.308262
0.204108
0.0707607
0.188405
0.101005
0.267205
0.294314
0.29718
0.259793
0.0219286
0.269911
0.294477
0.298151
0.260262
0.045229
0.0173121
0.0577507
0.0517623
0.311986
0.306944
0.309171
0.310665
0.312422
0.312491
0.312471
0.312415
0.0839595
0.0831019
0.0845281
0.312399
0.312492
0.312405
0.312492
0.312362
0.311268
0.312362
0.311268
0.312475
0.312498
0.312475
0.312498
0.3125
0.312499
0.3125
0.3125
0.3125
0.3125
0.3125
0.3125
0.312362
0.311268
0.312362
0.311268
0.312475
0.312498
0.312475
0.312498
0.3125
0.3125
0.3125
0.3125
0.3125
0.3125
0.3125
0.3125
0.249354
0.299015
0.298456
0.258983
0.156458
0.198811
0.236547
0.0792764
0.312499
0.3125
0.312494
0.3125
0.301057
0.260897
0.280163
0.292567
0.3125
0.3125
0.3125
0.3125
0.3125
0.3125
0.3125
0.3125
0.3125
0.3125
0.3125
0.3125
0.0632278
0.0467915
0.046122
0.235766
0.179792
0.170976
0.231743
0.0165203
0.114634
0.124505
0.235891
0.180183
0.170805
0.231747
0.0464146
0.0446727
0.312371
0.312478
0.312364
0.312407
0.312392
0.31249
0.312398
0.312491
0.293248
0.252264
0.301248
0.0841318
0.0842092
0.3125
0.3125
0.3125
0.3125
0.3125
0.3125
0.3125
0.3125
0.3125
0.3125
0.3125
0.3125
0.3125
0.3125
0.3125
0.3125
0.3125
0.3125
0.3125
0.3125
0.3125
0.3125
0.3125
0.3125
0.3125
0.310446
0.310184
0.31154
0.0735055
0.113749
0.12475
0.194033
0.156312
0.194525
0.312381
0.312477
0.312365
0.305301
0.312224
0.310068
0.312401
0.312491
0.312491
0.312491
0.312385
0.31249
0.312488
0.31238
0.31249
0.312377
0.0851341
0.0843368
0.261287
0.296958
0.100586
0.210308
0.284056
0.0199924
0.0522528
0.312191
0.307612
0.310889
0.309863
0.312377
0.312479
0.312375
0.312411
0.0831681
0.0831588
0.0843616
0.312398
0.312491
0.312404
0.312491
0.230126
0.288219
0.292988
0.223714
0.0889552
0.0859101
0.312406
0.312491
0.312411
0.312492
0.0842909
0.0794644
0.0848055
0.3125
0.3125
0.3125
0.3125
0.3125
0.3125
0.3125
0.3125
0.3125
0.3125
0.3125
0.3125
0.3125
0.3125
0.3125
0.3125
0.3125
0.3125
0.3125
0.3125
0.3125
0.3125
0.3125
0.3125
0.3125
0.3125
0.3125
0.3125
0.3125
0.3125
0.3125
0.3125
0.3125
0.3125
0.3125
0.3125
0.3125
0.3125
0.3125
0.3125
0.3125
0.3125
0.3125
0.3125
0.3125
0.3125
0.3125
0.3125
0.3125
0.3125
0.3125
0.3125
0.3125
0.3125
0.3125
0.3125
0.3125
0.3125
0.3125
0.3125
0.3125
0.3125
0.3125
0.121388
0.350469
0.121362
0.350544
0.120955
0.346326
0.119709
0.349727
0.59244
0.515259
0.515289
0.592509
0.0295651
0.0889936
0.0779308
0.308307
0.105589
0.231327
0.592468
0.515458
0.515478
0.592582
0.283513
0.0378467
0.186944
0.0895536
0.121149
0.348211
0.119974
0.349952
0.120482
0.338965
0.116891
0.348288
0.288108
0.0382406
0.0917918
0.187799
0.592183
0.514056
0.514739
0.592089
0.124082
0.351167
0.353879
0.125756
0.122811
0.352262
0.121972
0.353497
0.592413
0.513968
0.514964
0.592069
0.591548
0.50686
0.515473
0.585018
0.623804
0.617793
0.617806
0.623697
0.624843
0.624851
0.624967
0.624723
0.623795
0.61762
0.617752
0.623669
0.338697
0.120271
0.347941
0.116742
0.61803
0.623916
0.62374
0.618462
0.401034
0.558188
0.543552
0.435159
0.144219
0.142281
0.389138
0.534922
0.536977
0.38574
0.137856
0.0350512
0.141148
0.623799
0.617615
0.617785
0.623666
0.624845
0.624861
0.624976
0.624726
0.623804
0.617688
0.617811
0.623682
0.339007
0.120588
0.348564
0.116884
0.618081
0.623926
0.623752
0.618479
0.624865
0.624823
0.624952
0.624717
0.624672
0.623502
0.624457
0.62406
0.624864
0.624823
0.624952
0.624717
0.618246
0.623933
0.623893
0.618472
0.617005
0.621597
0.62327
0.613629
0.119794
0.330883
0.112094
0.347326
0.0358326
0.27014
0.0882409
0.154139
0.120134
0.331402
0.112342
0.348017
0.12276
0.352231
0.121912
0.353434
0.123038
0.264941
0.0539901
0.252312
0.253867
0.101605
0.309725
0.302482
0.3113
0.265198
0.070296
0.077155
0.0774527
0.112094
0.300915
0.281293
0.308944
0.312406
0.312491
0.312412
0.312492
0.312405
0.312492
0.312408
0.312492
0.0727263
0.0792147
0.3125
0.3125
0.3125
0.3125
0.3125
0.3125
0.3125
0.3125
0.3125
0.3125
0.3125
0.3125
0.3125
0.3125
0.3125
0.3125
0.3125
0.3125
0.3125
0.3125
0.3125
0.3125
0.3125
0.3125
0.3125
0.3125
0.3125
0.3125
0.3125
0.3125
0.3125
0.3125
0.3125
0.3125
0.3125
0.3125
0.3125
0.3125
0.3125
0.3125
0.3125
0.312445
0.312421
0.312448
0.299069
0.311984
0.30689
0.253981
0.291893
0.25393
0.061991
0.15954
0.159877
0.156258
0.194033
0.194487
0.312467
0.312493
0.312497
0.310075
0.312461
0.31208
0.312378
0.31249
0.312489
0.312483
0.312347
0.312486
0.312491
0.312377
0.312489
0.3125
0.3125
0.3125
0.3125
0.3125
0.3125
0.3125
0.3125
0.3125
0.3125
0.3125
0.312576
0.3125
0.3125
0.312576
0.312576
0.3125
0.312576
0.3125
0.3125
0.3125
0.3125
0.3125
0.3125
0.3125
0.309837
0.309002
0.308303
0.298284
0.0520374
0.188163
0.269965
0.237958
0.301834
0.082759
0.188167
0.270002
0.0715001
0.312117
0.308252
0.309248
0.311917
0.312445
0.312493
0.312496
0.312414
0.0828334
0.0833817
0.312398
0.312492
0.312403
0.312491
0.230428
0.289738
0.292313
0.226003
0.0890086
0.0859163
0.312407
0.312493
0.312412
0.312492
0.084291
0.0791235
0.0848062
0.3125
0.3125
0.3125
0.3125
0.327437
0.124919
0.129372
0.329016
0.405872
0.423906
0.382614
0.42868
0.3125
0.3125
0.3125
0.3125
0.3125
0.3125
0.3125
0.3125
0.3125
0.3125
0.3125
0.3125
0.312474
0.312357
0.312354
0.254085
0.291859
0.253842
0.20999
0.259754
0.1883
0.107945
0.0706588
0.259741
0.20965
0.18824
0.312267
0.309325
0.310948
0.31203
0.311367
0.306765
0.311355
0.306752
0.0676621
0.0530459
0.079443
0.253925
0.291819
0.29185
0.253777
0.312377
0.312476
0.312377
0.312477
0.311375
0.306785
0.311342
0.306853
0.254126
0.291836
0.291978
0.253828
0.254171
0.291871
0.292022
0.253875
0.312375
0.312476
0.312377
0.312476
0.311373
0.30678
0.311355
0.306847
0.254035
0.291828
0.291936
0.253809
0.254152
0.291856
0.292008
0.253848
0.312405
0.312474
0.312422
0.312424
0.311201
0.303772
0.306448
0.310024
0.254163
0.291835
0.292009
0.253818
0.253423
0.286168
0.291368
0.245323
0.3125
0.3125
0.3125
0.3125
0.3125
0.3125
0.3125
0.3125
0.3125
0.3125
0.3125
0.3125
0.3125
0.3125
0.3125
0.3125
0.0686671
0.0645384
0.0647333
0.0640598
0.0682001
0.0646802
0.14542
0.0355
0.050368
0.102424
0.259592
0.181817
0.182096
0.259674
0.0176389
0.0138467
0.039165
0.0628452
0.0463165
0.0559832
0.260999
0.181935
0.182434
0.260109
0.151521
0.0379484
0.108142
0.0528522
0.0826075
0.0833398
0.0885213
0.0850826
0.290199
0.231934
0.293231
0.312401
0.312492
0.312405
0.312492
0.312402
0.312492
0.312406
0.312492
0.0831865
0.0843935
0.0840454
0.0831071
0.0839397
0.0835976
0.3125
0.3125
0.3125
0.3125
0.3125
0.3125
0.313772
0.3125
0.3125
0.3125
0.313772
0.3125
0.3125
0.3125
0.3125
0.3125
0.3125
0.3125
0.313759
0.3125
0.31503
0.3125
0.31503
0.313759
0.3125
0.0767619
0.200387
0.293126
0.268555
0.0688627
0.0780843
0.153411
0.0626103
0.176399
0.0532936
0.194033
0.156313
0.194525
0.0622008
0.163039
0.160308
0.156666
0.19763
0.194923
0.310067
0.31246
0.312064
0.312398
0.312492
0.312491
0.312483
0.312347
0.312486
0.312491
0.312378
0.31249
0.164142
0.0891656
0.0869046
0.155568
0.151016
0.312353
0.309282
0.311002
0.312043
0.312461
0.312493
0.312497
0.312421
0.0830839
0.0843587
0.312398
0.312492
0.312405
0.312491
0.230508
0.290182
0.293219
0.226041
0.0890124
0.108939
0.0859178
0.312407
0.312493
0.312412
0.312492
0.0842913
0.0791551
0.0848067
0.45472
0.55711
0.468296
0.549638
0.450524
0.545078
0.448554
0.546788
0.543299
0.3125
0.438184
0.348424
0.448138
0.351476
0.527484
0.619524
0.604017
0.601242
0.620239
0.416758
0.414566
0.36734
0.490244
0.449995
0.566226
0.491385
0.536399
0.622939
0.609406
0.614812
0.621599
0.543023
0.3125
0.348451
0.438559
0.528894
0.351139
0.447452
0.3125
0.3125
0.3125
0.3125
0.3125
0.3125
0.3125
0.3125
0.3125
0.3125
0.3125
0.3125
0.3125
0.3125
0.31243
0.312473
0.312489
0.312365
0.31205
0.309471
0.31185
0.310454
0.3125
0.3125
0.3125
0.3125
0.3125
0.3125
0.3125
0.3125
0.311726
0.309124
0.311755
0.309087
0.624984
0.624685
0.624826
0.624958
0.624999
0.624999
0.625
0.624997
0.624984
0.624698
0.624828
0.624968
0.602289
0.62042
0.619843
0.604502
0.548518
0.450424
0.453112
0.546993
0.60085
0.619311
0.619451
0.600293
0.624985
0.624997
0.624989
0.624991
0.3125
0.3125
0.3125
0.0444071
0.160327
0.228039
0.335486
0.103566
0.299128
0.116036
0.563677
0.415076
0.448382
0.550348
0.079329
0.0748837
0.0275616
0.215568
0.563603
0.414997
0.448282
0.550303
0.335365
0.10352
0.299061
0.115946
0.311387
0.307009
0.31141
0.307136
0.0925731
0.0831828
0.280757
0.133928
0.288322
0.181859
0.0669099
0.0669565
0.181754
0.255834
0.29267
0.29271
0.255741
0.0734304
0.0760634
0.3125
0.3125
0.3125
0.3125
0.3125
0.3125
0.3125
0.3125
0.3125
0.3125
0.3125
0.3125
0.3125
0.3125
0.3125
0.3125
0.3125
0.3125
0.3125
0.3125
0.3125
0.3125
0.3125
0.3125
0.3125
0.3125
0.3125
0.3125
0.3125
0.623748
0.617625
0.617751
0.623517
0.62428
0.62021
0.624202
0.621174
0.332683
0.119695
0.346325
0.115004
0.558536
0.602686
0.606964
0.545042
0.514912
0.59241
0.592462
0.514933
0.349553
0.120591
0.120666
0.349186
0.558585
0.602693
0.606976
0.545074
0.332513
0.119525
0.114905
0.346032
0.306459
0.290804
0.290803
0.176197
0.251588
0.251602
0.30711
0.312361
0.310389
0.312379
0.312487
0.31249
0.312483
0.312345
0.312486
0.312489
0.312368
0.312489
0.3125
0.3125
0.3125
0.3125
0.3125
0.3125
0.3125
0.3125
0.3125
0.3125
0.3125
0.3125
0.3125
0.3125
0.3125
0.3125
0.3125
0.3125
0.3125
0.3125
0.3125
0.3125
0.113128
0.0947284
0.114815
0.101736
0.312117
0.308252
0.309248
0.311917
0.312445
0.312493
0.312496
0.312414
0.0828327
0.069585
0.083381
0.312398
0.312492
0.312403
0.312491
0.230428
0.289738
0.292313
0.226003
0.0890086
0.0859163
0.312407
0.312493
0.312412
0.312492
0.084291
0.0755834
0.0848062
0.0829836
0.211967
0.0789954
0.223512
0.0882227
0.25075
0.0907727
0.237824
0.261824
0.0728259
0.209362
0.0941583
0.310169
0.284367
0.294668
0.306886
0.0139325
0.039893
0.0375011
0.150092
0.0520228
0.108004
0.299519
0.274731
0.266038
0.303195
0.0670519
0.0583138
0.3125
0.3125
0.3125
0.3125
0.0793006
0.0671752
0.3125
0.3125
0.3125
0.34135
0.3125
0.3125
0.3125
0.3125
0.3125
0.3125
0.312499
0.3125
0.3125
0.3125
0.3125
0.3125
0.312488
0.312489
0.312287
0.312499
0.312498
0.312495
0.312496
0.312496
0.312454
0.311659
0.311908
0.312427
0.201005
0.0730473
0.201562
0.0727611
0.312496
0.312495
0.312496
0.312495
0.19282
0.26778
0.267803
0.192774
0.0708184
0.070694
0.192666
0.267623
0.267711
0.192475
0.312055
0.312447
0.312055
0.312447
0.0707168
0.0706793
0.312419
0.311561
0.311568
0.312419
0.312496
0.312498
0.312496
0.312498
0.312427
0.311931
0.311656
0.312457
0.233209
0.0814344
0.220534
0.0870999
0.3125
0.312499
0.3125
0.3125
0.197507
0.268218
0.269879
0.193987
0.0807842
0.0809167
0.145304
0.208034
0.286196
0.274902
0.238231
0.312471
0.312489
0.312396
0.312497
0.286252
0.208304
0.238291
0.275102
0.0716799
0.0717202
0.0584929
0.057603
0.0717073
0.0717136
0.268988
0.198298
0.195293
0.270363
0.26873
0.19419
0.194283
0.26865
0.192256
0.154917
0.152974
0.194558
0.0219661
0.0222113
0.0653111
0.0529314
0.268383
0.19393
0.193631
0.268516
0.22144
0.0748502
0.112563
0.196418
0.218834
0.158297
0.164879
0.201003
0.207529
0.0660896
0.105936
0.178176
0.3125
0.3125
0.3125
0.3125
0.3125
0.3125
0.3125
0.3125
0.3125
0.338297
0.3125
0.3125
0.323919
0.116168
0.329697
0.110802
0.420853
0.3125
0.336022
0.379138
0.312489
0.312471
0.312497
0.312396
0.312498
0.3125
0.312496
0.3125
0.312499
0.3125
0.3125
0.3125
0.332976
0.3125
0.3125
0.362955
0.3125
0.3125
0.3125
0.3125
0.31245
0.312074
0.31245
0.312075
0.312496
0.3125
0.312496
0.3125
0.312496
0.3125
0.312496
0.3125
0.3125
0.3125
0.3125
0.3125
0.3125
0.3125
0.3125
0.3125
0.312282
0.31186
0.312405
0.311333
0.312301
0.311806
0.312297
0.311928
0.312422
0.312478
0.312475
0.312424
0.3125
0.3125
0.3125
0.3125
0.312292
0.311647
0.312269
0.311646
0.119514
0.336121
0.116347
0.342966
0.11252
0.309177
0.112382
0.309168
0.0942885
0.250839
0.0948151
0.249247
0.0953075
0.250369
0.0947947
0.250957
0.3125
0.3125
0.3125
0.3125
0.3125
0.3125
0.3125
0.3125
0.3125
0.3125
0.3125
0.3125
0.3125
0.3125
0.3125
0.312266
0.308612
0.31009
0.311966
0.0841406
0.0829084
0.0890157
0.0829871
0.069583
0.0834327
0.295136
0.252466
0.301391
0.0841184
0.0842057
0.3125
0.3125
0.3125
0.3125
0.3125
0.3125
0.3125
0.3125
0.3125
0.3125
0.3125
0.3125
0.3125
0.3125
0.3125
0.3125
0.3125
0.3125
0.3125
0.116821
0.127975
0.251601
0.176253
0.251635
0.30646
0.291352
0.290848
0.306855
0.31234
0.310115
0.312401
0.312492
0.312491
0.312483
0.312407
0.312491
0.312489
0.312387
0.31249
0.175213
0.0635411
0.0884016
0.0872907
0.128294
0.312117
0.308252
0.309248
0.311917
0.312445
0.312493
0.312496
0.312414
0.0828328
0.0833812
0.312398
0.312492
0.312403
0.312491
0.230428
0.289738
0.292313
0.226003
0.0890084
0.0859163
0.312406
0.312493
0.312412
0.312492
0.0842912
0.0824396
0.0848064
0.449408
0.546859
0.451303
0.546219
0.351568
0.448823
0.54532
0.3125
0.351277
0.448227
0.3125
0.545755
0.597067
0.541146
0.579578
0.555038
0.619219
0.600126
0.599955
0.619258
0.436431
0.524409
0.537836
0.412723
0.444459
0.545432
0.447767
0.54346
0.619303
0.600252
0.60024
0.619294
0.617582
0.587619
0.595857
0.613645
0.624989
0.624867
0.624878
0.624978
0.624999
0.625
0.625
0.624999
0.624989
0.624881
0.624881
0.624989
0.601334
0.558189
0.601872
0.557131
0.624994
0.624998
0.624998
0.624994
0.624754
0.624943
0.624932
0.624824
0.622736
0.609268
0.616105
0.62031
0.0511555
0.0522283
0.307085
0.359895
0.312379
0.0467396
0.0170234
0.0667367
0.0778701
0.0556213
0.0551533
0.130597
0.12519
0.127204
0.129188
0.0264684
0.345585
0.223952
0.380202
0.0196902
0.0496851
0.3125
0.3125
0.3125
0.3125
0.3125
0.3125
0.3125
0.3125
0.312938
0.3125
0.3125
0.3125
0.312576
0.312576
0.3125
0.3125
0.3125
0.3125
0.3125
0.3125
0.3125
0.3125
0.3125
0.3125
0.3125
0.3125
0.3125
0.3125
0.3125
0.3125
0.3125
0.3125
0.3125
0.209813
0.259792
0.188438
0.108099
0.0708269
0.259857
0.209868
0.188502
0.310676
0.301271
0.310487
0.307098
0.312332
0.310346
0.217715
0.271712
0.201205
0.115842
0.0779431
0.274532
0.223834
0.204416
0.3125
0.3125
0.3125
0.3125
0.3125
0.3125
0.3125
0.3125
0.401535
0.34309
0.358882
0.358705
0.3125
0.3125
0.3125
0.3125
0.3125
0.3125
0.3125
0.311985
0.308227
0.309114
0.311893
0.311281
0.306737
0.311315
0.306719
0.0666424
0.0775065
0.254066
0.291873
0.291902
0.253929
0.230307
0.289713
0.292173
0.22598
0.0886066
0.0841386
0.254273
0.291908
0.291996
0.254015
0.0678107
0.0494356
0.0787935
0.420886
0.332997
0.312473
0.437094
0.133073
0.156214
0.305879
0.0937368
0.25071
0.113279
0.420644
0.35731
0.457518
0.33751
0.311201
0.303659
0.306425
0.309687
0.179135
0.06184
0.0657295
0.170555
0.253385
0.286117
0.291336
0.245289
0.209407
0.259305
0.188006
0.106674
0.0704933
0.25803
0.205664
0.187523
0.312127
0.309169
0.311103
0.310127
0.31107
0.303735
0.306395
0.309709
0.136789
0.0455204
0.150765
0.0437676
0.253391
0.286163
0.291331
0.245321
0.460448
0.535955
0.50956
0.544665
0.450065
0.544752
0.4473
0.545308
0.606296
0.431237
0.57577
0.540423
0.57829
0.531823
0.593552
0.597684
0.390146
0.498356
0.551887
0.584972
0.498345
0.557099
0.309359
0.294474
0.308178
0.298546
0.299432
0.259338
0.304338
0.0204621
0.0207632
0.0529485
0.0538667
0.0717585
0.108055
0.0707496
0.0231825
0.209807
0.259753
0.270186
0.188349
0.0881828
0.290096
0.231219
0.292912
0.108178
0.0232692
0.0707198
0.209823
0.259612
0.270069
0.188265
0.0207444
0.0536066
0.352179
0.450087
0.3125
0.544762
0.350637
0.447295
0.3125
0.545378
0.0356494
0.114323
0.0896702
0.267616
0.0684625
0.198535
0.0911725
0.250824
0.0339981
0.145069
0.0818571
0.311278
0.312206
0.31237
0.209658
0.259638
0.188165
0.107851
0.0705859
0.259551
0.209472
0.188063
0.311429
0.312388
0.312356
0.209685
0.259546
0.1881
0.107845
0.0705575
0.259469
0.209463
0.187993
0.311848
0.308218
0.309064
0.311863
0.308982
0.29429
0.30782
0.298397
0.0530267
0.0563901
0.0711453
0.210047
0.259931
0.270274
0.188688
0.230066
0.289687
0.292061
0.225916
0.0878158
0.0815332
0.210248
0.25996
0.270384
0.188766
0.0538852
0.055779
0.0722544
0.0534494
0.114298
0.0225649
0.163325
0.06327
0.179692
0.0631104
0.181375
0.144369
0.0191523
0.0945603
0.0459387
0.293763
0.224705
0.251075
0.282771
0.014846
0.044696
0.0388169
0.149634
0.0503559
0.11555
0.273399
0.204004
0.203245
0.273852
0.144177
0.0191246
0.09409
0.0459009
0.3125
0.3125
0.3125
0.3125
0.3125
0.3125
0.3125
0.3125
0.3125
0.3125
0.3125
0.3125
0.423245
0.389854
0.401711
0.403056
0.3125
0.3125
0.3125
0.3125
0.3125
0.3125
0.3125
0.311903
0.308846
0.308897
0.311868
0.312428
0.312494
0.312491
0.31243
0.311908
0.308917
0.308911
0.311914
0.166471
0.0596411
0.173191
0.0562914
0.312469
0.312494
0.312434
0.312497
0.261618
0.296849
0.297684
0.259316
0.184358
0.065658
0.0658359
0.186654
0.263292
0.301564
0.298543
0.26745
0.333292
0.312499
0.312496
0.3125
0.22572
0.0700221
0.199803
0.0771453
0.3125
0.3125
0.3125
0.3125
0.3125
0.3125
0.3125
0.3125
0.103087
0.248504
0.0911195
0.281604
0.0763328
0.297496
0.103628
0.222637
0.115638
0.30069
0.106709
0.331162
0.118716
0.337645
0.116416
0.342652
0.288454
0.0382677
0.187897
0.0919255
0.551738
0.429672
0.482396
0.48535
0.0613888
0.172542
0.175811
0.0608859
0.0612302
0.176709
0.0612328
0.176444
0.307363
0.346924
0.286277
0.376435
0.295525
0.251969
0.257067
0.291972
0.616668
0.615837
0.616954
0.61326
0.611703
0.612063
0.588982
0.620135
0.620368
0.617726
0.617715
0.622539
0.327169
0.119314
0.346023
0.111015
0.617823
0.620448
0.622569
0.617773
0.335025
0.31243
0.366674
0.312381
0.388214
0.493986
0.511534
0.378226
0.425951
0.558942
0.474327
0.534699
0.615922
0.616635
0.613092
0.616934
0.604364
0.568178
0.580503
0.596087
0.119857
0.327823
0.111336
0.347089
0.122755
0.352208
0.121906
0.353398
0.0609023
0.177328
0.0614866
0.175671
0.0595543
0.163742
0.0556321
0.172696
0.139138
0.0183576
0.0835913
0.0447906
0.296322
0.259642
0.257917
0.297205
0.0305336
0.0234753
0.169306
0.0564781
0.105728
0.301559
0.263325
0.269079
0.298921
0.194642
0.0275196
0.114624
0.0678591
0.311962
0.309019
0.309235
0.311872
0.312429
0.312423
0.312488
0.312361
0.311959
0.308983
0.309219
0.311864
0.163689
0.0598005
0.173242
0.0555715
0.308794
0.311902
0.311833
0.308895
0.313457
0.3125
0.3125
0.31239
0.251984
0.0883467
0.097708
0.234758
0.310526
0.311556
0.312493
0.301832
0.308854
0.311908
0.311899
0.308905
0.186382
0.0778964
0.213034
0.0658397
0.0593331
0.163514
0.05551
0.17228
0.0183618
0.139298
0.0447768
0.0840901
0.624884
0.624963
0.624956
0.624872
0.44634
0.44792
0.54392
0.539347
0.59977
0.545708
0.553904
0.595688
0.624992
0.624681
0.624943
0.624948
0.551653
0.312499
0.493488
0.405766
0.569986
0.456176
0.354882
0.624066
0.623649
0.624721
0.620946
0.546942
0.579068
0.595725
0.511892
0.624997
0.624991
0.624988
0.62498
0.454034
0.31205
0.388924
0.389307
0.3125
0.3125
0.3125
0.3125
0.219322
0.284632
0.263305
0.288782
0.300847
0.282855
0.279642
0.296809
0.278451
0.3125
0.3125
0.3125
0.3125
0.3125
0.3125
0.072465
0.217275
0.192152
0.172989
0.264272
0.249599
0.3125
0.3125
0.3125
0.3125
0.3125
0.3125
0.3125
0.3125
0.287477
0.292016
0.276911
0.108762
0.144426
0.190348
0.3125
0.3125
0.3125
0.3125
0.3125
0.3125
0.276843
0.247125
0.239117
0.279798
0.299224
0.279885
0.288795
0.30848
0.296577
0.255248
0.299631
0.281219
0.172949
0.263612
0.249487
0.186418
0.0829845
0.0689667
0.3125
0.3125
0.3125
0.3125
0.312499
0.3125
0.3125
0.312499
0.312499
0.176555
0.0624316
0.172179
0.0460069
0.0720318
0.129799
0.312393
0.311725
0.311566
0.311551
0.307693
0.306458
0.3125
0.3125
0.3125
0.0856676
0.22651
0.219943
0.216226
0.288099
0.283752
0.180177
0.0647363
0.176106
0.110595
0.0574674
0.152797
0.3125
0.3125
0.3125
0.124958
0.0530315
0.145098
0.311609
0.307087
0.306712
0.0510068
0.157883
0.0584253
0.160676
0.21641
0.288159
0.283815
0.119752
0.0165329
0.0453348
0.3125
0.3125
0.3125
0.312498
0.312495
0.312498
0.122682
0.352683
0.121449
0.349315
0.522823
0.518413
0.595154
0.593174
0.179212
0.0653186
0.178697
0.311288
0.30455
0.304881
0.3125
0.3125
0.3125
0.0208173
0.0219381
0.0857907
0.199935
0.272726
0.277025
0.3125
0.3125
0.3125
0.311581
0.30718
0.306631
0.250719
0.244762
0.239669
0.19987
0.272067
0.276894
0.195112
0.0850157
0.0748714
0.311633
0.309497
0.306854
0.3125
0.312576
0.3125
0.198457
0.272604
0.276365
0.3125
0.3125
0.3125
0.311609
0.30708
0.306711
0.156405
0.0571859
0.155616
0.229501
0.297588
0.288789
0.1194
0.0165089
0.0452658
0.624913
0.624948
0.624642
0.624262
0.157165
0.0590715
0.16541
0.3125
0.3125
0.3125
0.0835478
0.0510201
0.145838
0.154773
0.0590436
0.165188
0.0857527
0.050992
0.146428
0.0484248
0.0205259
0.0579476
0.0605553
0.0483101
0.0204629
0.0609453
0.0613027
0.0160886
0.0440825
0.0526764
0.0423606
0.258573
0.291213
0.257655
0.292591
0.0181516
0.0468518
0.060997
0.207499
0.0527091
0.132076
0.131395
0.0536742
0.3125
0.309803
0.311063
0.048121
0.0203464
0.0614274
0.0614352
0.0614092
0.0614036
0.0610957
0.0614367
0.0481301
0.0203462
0.0500018
0.0583139
0.258574
0.291232
0.257667
0.292592
0.043477
0.0675482
0.047769
0.0203859
0.0555582
0.0500469
0.30723
0.28667
0.302452
0.281892
0.261894
0.29775
0.261309
0.298487
0.261261
0.297678
0.261241
0.297712
0.261892
0.29775
0.261308
0.298484
0.261241
0.29767
0.261225
0.297686
0.249547
0.283387
0.297739
0.221966
0.310975
0.302023
0.308419
0.306131
0.227174
0.28122
0.289939
0.215943
0.311359
0.307031
0.311391
0.306918
0.146747
0.22487
0.0842852
0.0879639
0.310681
0.0579646
0.0439679
0.308486
0.307177
0.308818
0.309111
0.3125
0.3125
0.3125
0.3125
0.312013
0.312417
0.312436
0.0425503
0.0648418
0.3125
0.3125
0.255754
0.289891
0.300366
0.229065
0.312475
0.312498
0.312475
0.312498
0.312475
0.312498
0.312475
0.312498
0.312475
0.312497
0.312475
0.312498
0.117595
0.253794
0.266532
0.131844
0.310783
0.29743
0.30317
0.307861
0.3125
0.3125
0.3125
0.3125
0.0449536
0.06313
0.228494
0.286671
0.2915
0.22029
0.311885
0.307256
0.308269
0.311725
0.310451
0.309424
0.311761
0.257929
0.04438
0.0443889
0.0163312
0.311926
0.3125
0.3125
0.3125
0.3125
0.3125
0.3125
0.3125
0.3125
0.3125
0.3125
0.3125
0.3125
0.3125
0.312494
0.312497
0.312499
0.224667
0.0826197
0.0880209
0.311693
0.22892
0.287214
0.291399
0.221649
0.312084
0.307573
0.309418
0.311761
0.3125
0.3125
0.3125
0.3125
0.311039
0.306739
0.31133
0.26782
0.134752
0.308491
0.302544
0.253972
0.282177
0.298802
0.220856
0.31113
0.310772
0.312165
0.306353
0.3125
0.3125
0.3125
0.3125
0.3125
0.312499
0.312499
0.3125
0.3125
0.3125
0.3125
0.3125
0.228575
0.286676
0.291545
0.2203
0.311939
0.30726
0.308308
0.31173
0.0566565
0.178394
0.155309
0.0649702
0.274751
0.30151
0.288194
0.298806
0.259846
0.14557
0.0551875
0.0227761
0.0423791
0.0373661
0.3125
0.3125
0.3125
0.3125
0.3125
0.312494
0.312497
0.312499
0.2289
0.286045
0.291203
0.221367
0.310996
0.302033
0.30828
0.306314
0.3125
0.3125
0.3125
0.3125
0.225848
0.458027
0.483098
0.257327
0.3125
0.3125
0.3125
0.3125
0.3125
0.3125
0.3125
0.3125
0.228579
0.286683
0.291545
0.220327
0.311935
0.307215
0.308288
0.311721
0.271415
0.265779
0.0890063
0.0377312
0.237948
0.235601
0.250316
0.211151
0.0537673
0.0576911
0.3125
0.3125
0.3125
0.3125
0.492202
0.564752
0.593095
0.441579
0.311516
0.307081
0.311481
0.307251
0.245104
0.281098
0.29686
0.216708
0.309929
0.300002
0.307247
0.302435
0.124395
0.0970712
0.0579318
0.0605437
0.0631305
0.0442378
0.14997
0.141698
0.0822902
0.21516
0.247867
0.164037
0.170257
0.24086
0.048415
0.0205133
0.0630753
0.0441591
0.0524698
0.0473199
0.248017
0.164116
0.170341
0.240958
0.149542
0.141689
0.0822065
0.215032
0.0578349
0.0604536
0.0534467
0.0210629
0.14902
0.141419
0.0819881
0.214645
0.247859
0.163875
0.170138
0.240726
0.0587611
0.0500744
0.175306
0.0591684
0.0979588
0.154022
0.169987
0.0616845
0.0687133
0.154517
0.249849
0.171368
0.172075
0.249323
0.232915
0.166873
0.15021
0.245625
0.0730672
0.0729555
0.137682
0.0729948
0.0729945
0.137669
0.0529393
0.020792
0.0528738
0.0207595
0.073461
0.0729332
0.137898
0.224433
0.232294
0.232103
0.224799
0.22455
0.232302
0.232188
0.224821
0.193527
0.281736
0.220982
0.259068
0.288626
0.300748
0.282578
0.305305
0.288773
0.300173
0.305265
0.282423
0.190439
0.278621
0.257719
0.213456
0.254269
0.292763
0.250718
0.281509
0.290999
0.304122
0.289384
0.306297
0.0160519
0.0440247
0.0766601
0.0629976
0.148563
0.133034
0.287349
0.247005
0.0766459
0.0630174
0.0579435
0.048539
0.282729
0.240999
0.0724642
0.0734929
0.0533576
0.0537393
0.0449187
0.045281
0.0475897
0.0205786
0.0552021
0.0477617
0.181511
0.149948
0.12068
0.222651
0.150887
0.13951
0.0827351
0.212449
0.257761
0.291051
0.257551
0.291362
0.261562
0.261568
0.239733
0.290848
0.258404
0.291044
0.257541
0.258447
0.29106
0.257554
0.261566
0.261567
0.239732
0.290847
0.257658
0.290935
0.257475
0.257658
0.290935
0.257475
0.312221
0.306702
0.307177
0.312206
0.31221
0.306643
0.306748
0.312206
0.207477
0.0526836
0.132029
0.131395
0.0529417
0.072732
0.0181628
0.046874
0.0529552
0.0727198
0.0205773
0.0483948
0.306104
0.288598
0.289755
0.171026
0.247546
0.248916
0.0475696
0.0550139
0.3125
0.3125
0.3125
0.3125
0.3125
0.3125
0.3125
0.3125
0.0199044
0.0606168
0.163484
0.144424
0.189899
0.162125
0.179437
0.0782463
0.182231
0.188914
0.277117
0.209603
0.256797
0.279957
0.299094
0.279945
0.301891
0.28002
0.299267
0.301926
0.280189
0.190342
0.277679
0.257554
0.210756
0.312386
0.3125
0.312497
0.3125
0.31119
0.304824
0.307831
0.3125
0.312487
0.312497
0.312491
0.3125
0.312109
0.0577581
0.0604867
0.0511494
0.0206916
0.148587
0.140935
0.0815783
0.21411
0.247799
0.163649
0.170155
0.240427
0.0614261
0.0614361
0.199773
0.148346
0.165024
0.191091
0.200415
0.148446
0.165825
0.191165
0.250131
0.172397
0.172392
0.250152
0.250105
0.172391
0.172385
0.25014
0.061421
0.0614396
0.200357
0.148382
0.165693
0.191132
0.200323
0.148411
0.165704
0.191134
0.250083
0.172361
0.17233
0.250127
0.25013
0.172384
0.172399
0.250142
0.0589301
0.050246
0.193379
0.0654008
0.108378
0.159526
0.169974
0.0616656
0.068723
0.154324
0.250193
0.171752
0.172423
0.249703
0.233396
0.167305
0.150661
0.246063
0.148254
0.199664
0.164856
0.191013
0.148333
0.199955
0.165612
0.191037
0.0577534
0.0482063
0.148681
0.243791
0.125237
0.236199
0.251652
0.278565
0.26723
0.250281
0.150622
0.210194
0.168262
0.200791
0.232204
0.224716
0.232201
0.224739
0.148373
0.200366
0.165694
0.191138
0.0614217
0.0614008
0.148459
0.200416
0.165825
0.191166
0.0467657
0.0571988
0.060354
0.176358
0.0989892
0.156013
0.226578
0.211532
0.234684
0.206529
0.0511517
0.0206931
0.0486448
0.0581407
0.0648821
0.0648926
0.108992
0.0577404
0.0604029
0.2
0.148381
0.165653
0.191073
0.20039
0.148419
0.165803
0.191131
0.133881
0.139303
0.078175
0.20687
0.247141
0.163086
0.16985
0.238126
0.0217317
0.200331
0.148339
0.165667
0.19109
0.200342
0.148355
0.165856
0.191076
0.243426
0.147969
0.16547
0.226372
0.112294
0.0961638
0.043926
0.181377
0.211798
0.216437
0.210015
0.202042
0.210551
0.222691
0.236184
0.201816
0.190309
0.277877
0.210947
0.257927
0.288846
0.300165
0.282598
0.30533
0.290199
0.306322
0.306312
0.290217
0.290192
0.306323
0.290214
0.306319
0.2902
0.306322
0.306312
0.290218
0.290194
0.306323
0.290215
0.306319
0.29028
0.304931
0.306205
0.289513
0.26881
0.297929
0.284791
0.273654
0.258572
0.291232
0.257667
0.29259
0.261558
0.261563
0.239729
0.290843
0.261561
0.261562
0.239725
0.290843
0.258556
0.291189
0.25764
0.258467
0.291156
0.257617
0.312221
0.306709
0.307177
0.312206
0.312221
0.306709
0.307177
0.312206
0.0690601
0.022333
0.105212
0.170895
0.129898
0.0196721
0.1722
0.196294
0.154801
0.0624655
0.0174848
0.170909
0.115255
0.0917396
0.172242
0.128033
0.11559
0.0759002
0.164047
0.0487501
0.0204001
0.168758
0.183335
0.146589
0.0615661
0.0437888
0.136817
0.109424
0.0159303
0.0551794
0.0496978
0.148837
0.140203
0.0817795
0.213533
0.231088
0.158251
0.148898
0.235893
0.0481579
0.020577
0.0551985
0.0479112
0.231899
0.159183
0.149702
0.236942
0.150064
0.141243
0.0825244
0.214867
0.3125
0.3125
0.3125
0.3125
0.3125
0.3125
0.3125
0.3125
0.0561269
0.0208035
0.0181048
0.0378151
0.193463
0.122683
0.200584
0.0759203
0.0822114
0.229523
0.22849
0.232642
0.227513
0.160806
0.210198
0.157979
0.21156
0.0575137
0.0603909
0.251528
0.200663
0.261858
0.0475909
0.0550519
0.149544
0.191084
0.230421
0.279702
0.230562
0.279771
0.149335
0.146348
0.0193931
0.0504372
0.190491
0.189534
0.27804
0.212246
0.256989
0.279935
0.299151
0.27995
0.301761
0.279987
0.299132
0.301762
0.280158
0.190338
0.277609
0.257533
0.21075
0.312454
0.312453
0.312281
0.31244
0.312241
0.321088
0.31557
0.322437
0.326871
0.33777
0.346053
0.353578
0.377561
0.261235
0.297663
0.261231
0.297673
0.235355
0.235355
0.237716
0.234375
0.26126
0.297689
0.261248
0.261482
0.297757
0.261309
0.234375
0.234375
0.234375
0.234375
0.312217
0.309584
0.309747
0.312205
0.312207
0.309576
0.309583
0.312206
0.261402
0.297718
0.26128
0.297866
0.234375
0.234375
0.234375
0.234375
0.235355
0.235355
0.237716
0.234375
0.261235
0.297676
0.261239
0.261479
0.297752
0.261306
0.312209
0.309581
0.309596
0.312207
0.312207
0.309581
0.309608
0.312205
0.3125
0.3125
0.3125
0.3125
0.3125
0.3125
0.3125
0.3125
0.3125
0.3125
0.261256
0.297672
0.261236
0.297706
0.235355
0.235355
0.237716
0.234375
0.261263
0.297693
0.261252
0.261484
0.297761
0.261312
0.234375
0.234375
0.234375
0.234375
0.312217
0.309585
0.309747
0.312205
0.312209
0.30958
0.309596
0.312207
0.261277
0.297691
0.261242
0.2977
0.234374
0.234372
0.234375
0.234371
0.234306
0.234364
0.234339
0.234355
0.312208
0.309587
0.309591
0.312202
0.31198
0.30957
0.309446
0.312161
0.234375
0.234375
0.234375
0.234375
0.258251
0.296746
0.260428
0.261181
0.297418
0.261014
0.234374
0.234375
0.234375
0.234375
0.234374
0.234375
0.234375
0.234375
0.23437
0.234369
0.234373
0.234364
0.23389
0.234347
0.234281
0.234297
0.311119
0.302138
0.308941
0.306143
0.174314
0.265819
0.203305
0.229919
0.25319
0.286371
0.291092
0.248747
0.238161
0.28287
0.29435
0.219777
0.27756
0.29715
0.302389
0.245505
0.283134
0.296393
0.253582
0.286715
0.291287
0.249291
0.174776
0.266348
0.203455
0.230613
0.310822
0.301649
0.307471
0.306079
0.310775
0.301796
0.30731
0.225924
0.281495
0.289253
0.174075
0.265545
0.201899
0.230143
0.253448
0.286445
0.291193
0.249045
0.311393
0.307168
0.311423
0.307166
0.254569
0.292519
0.292231
0.255084
0.255834
0.292871
0.292899
0.255721
0.0428394
0.0566473
0.0850534
0.0509725
0.0217275
0.146087
0.154472
0.0588656
0.164772
0.0527689
0.154721
0.0589788
0.052882
0.165029
0.0852131
0.0510613
0.146339
0.0217618
0.145
0.0622314
0.0512139
0.171161
0.181208
0.0656659
0.179329
0.0665475
0.311107
0.12272
0.170449
0.233727
0.278987
0.103716
0.312373
0.311041
0.311373
0.266367
0.303285
0.304203
0.311369
0.310984
0.210514
0.0873339
0.216166
0.0830884
0.197892
0.0731818
0.210712
0.0796817
0.0628791
0.0651624
0.17328
0.159566
0.121075
0.22816
0.252482
0.172877
0.178065
0.24677
0.237754
0.288028
0.294807
0.223932
0.311782
0.304366
0.307468
0.153246
0.27413
0.280543
0.310992
0.306812
0.310126
0.306813
0.218669
0.285977
0.219714
0.285481
0.3125
0.3125
0.3125
0.3125
0.3125
0.3125
0.3125
0.3125
0.3125
0.3125
0.3125
0.3125
0.3125
0.3125
0.3125
0.3125
0.3125
0.3125
0.101007
0.227287
0.246485
0.310407
0.290118
0.2999
0.312404
0.311592
0.312394
0.312406
0.311604
0.312398
0.153937
0.275532
0.281003
0.311871
0.304963
0.30777
0.3125
0.3125
0.3125
0.3125
0.3125
0.3125
0.3125
0.3125
0.0636719
0.129391
0.244726
0.114958
0.218994
0.303803
0.27909
0.175177
0.243533
0.0958693
0.172545
0.305785
0.287849
0.177481
0.253277
0.220961
0.272279
0.187413
0.24932
0.216045
0.28551
0.218411
0.284171
0.311577
0.306919
0.306515
0.311651
0.311636
0.307138
0.311695
0.306822
0.218197
0.286274
0.285233
0.220058
0.312182
0.307922
0.310344
0.311805
0.215386
0.28525
0.218628
0.283627
0.311529
0.306752
0.31161
0.306298
0.312475
0.312498
0.312475
0.312498
0.3125
0.3125
0.3125
0.3125
0.3125
0.3125
0.3125
0.3125
0.312475
0.312498
0.312475
0.312498
0.3125
0.3125
0.3125
0.3125
0.3125
0.3125
0.3125
0.3125
0.312397
0.312491
0.312464
0.312461
0.3125
0.312499
0.3125
0.312499
0.312478
0.312495
0.312477
0.312495
0.310171
0.294377
0.303179
0.11619
0.251339
0.264725
0.116449
0.0577395
0.0435251
0.156316
0.122608
0.0582663
0.158644
0.0449027
0.134043
0.132553
0.0776214
0.191618
0.149482
0.142635
0.109048
0.198071
0.312475
0.312498
0.312475
0.312475
0.312498
0.312475
0.146044
0.120119
0.303785
0.257966
0.269288
0.310717
0.296337
0.303826
0.307111
0.158799
0.249627
0.162284
0.225706
0.271482
0.286505
0.297673
0.258738
0.11496
0.253181
0.263204
0.130966
0.279196
0.291779
0.300573
0.272966
0.163398
0.25387
0.164027
0.238015
0.218096
0.287066
0.222638
0.284908
0.311582
0.307177
0.306635
0.311663
0.3125
0.312498
0.312498
0.3125
0.3125
0.312498
0.3125
0.312498
0.3125
0.312498
0.312498
0.3125
0.3125
0.312498
0.3125
0.312498
0.312496
0.312492
0.312498
0.312458
0.311272
0.312443
0.312212
0.312225
0.3125
0.3125
0.3125
0.3125
0.3125
0.3125
0.3125
0.3125
0.3125
0.3125
0.3125
0.3125
0.3125
0.3125
0.3125
0.3125
0.3125
0.3125
0.3125
0.3125
0.3125
0.3125
0.3125
0.3125
0.0633116
0.120103
0.21212
0.213543
0.12226
0.171111
0.228819
0.2311
0.178938
0.0431863
0.293428
0.245263
0.262564
0.13055
0.11607
0.170663
0.227674
0.230776
0.179222
0.116826
0.210044
0.212712
0.12176
0.312013
0.307328
0.308938
0.311733
0.215398
0.284581
0.216717
0.283768
0.311548
0.306649
0.311603
0.306375
0.225607
0.286431
0.289726
0.219792
0.312101
0.307854
0.309735
0.241612
0.289133
0.296367
0.311616
0.306808
0.311643
0.306663
0.216401
0.284978
0.217244
0.284499
0.3125
0.3125
0.3125
0.3125
0.3125
0.3125
0.3125
0.3125
0.298795
0.293628
0.306541
0.28694
0.275123
0.300899
0.0773654
0.0748706
0.151521
0.274662
0.278433
0.311832
0.304783
0.307505
0.312195
0.218106
0.219251
0.308807
0.304122
0.243146
0.273229
0.197338
0.150942
0.171029
0.0770201
0.06496
0.082994
0.216823
0.286621
0.221372
0.28444
0.311573
0.307095
0.306545
0.311656
0.31163
0.307112
0.31168
0.306809
0.218194
0.286258
0.285221
0.220056
0.3125
0.3125
0.3125
0.3125
0.3125
0.3125
0.3125
0.3125
0.3125
0.3125
0.3125
0.3125
0.3125
0.3125
0.3125
0.3125
0.3125
0.3125
0.3125
0.3125
0.3125
0.3125
0.3125
0.3125
0.3125
0.3125
0.3125
0.3125
0.3125
0.3125
0.3125
0.3125
0.3125
0.3125
0.3125
0.3125
0.3125
0.3125
0.3125
0.3125
0.3125
0.3125
0.3125
0.3125
0.3125
0.3125
0.3125
0.3125
0.312387
0.312462
0.312479
0.312316
0.312499
0.312493
0.312499
0.312492
0.312263
0.312452
0.312279
0.312448
0.3125
0.3125
0.3125
0.3125
0.3125
0.3125
0.312496
0.312499
0.3125
0.3125
0.3125
0.3125
0.616702
0.616834
0.610933
0.622674
0.616022
0.611082
0.621426
0.607375
0.48411
0.57332
0.574392
0.473671
0.49731
0.589995
0.511032
0.5803
0.61635
0.616265
0.609123
0.622575
0.617886
0.623845
0.623831
0.617983
0.617933
0.623832
0.618063
0.623706
0.464012
0.457046
0.36708
0.547619
0.590653
0.497711
0.580488
0.512575
0.350779
0.4193
0.496888
0.28402
0.464225
0.457376
0.367348
0.547805
0.590871
0.498123
0.580677
0.513092
0.593476
0.516798
0.51742
0.593297
0.593392
0.517195
0.593474
0.517542
0.116538
0.133156
0.146513
0.214346
0.243434
0.242172
0.3114
0.306071
0.311017
0.295114
0.301736
0.308562
0.225908
0.277148
0.147336
0.0170305
0.122202
0.0467198
0.188634
0.078096
0.174202
0.066757
0.311972
0.307427
0.308693
0.311749
0.217279
0.285424
0.218518
0.284698
0.311602
0.30688
0.311647
0.306651
0.237831
0.288075
0.294913
0.223944
0.31215
0.307492
0.310218
0.258337
0.288711
0.300523
0.31165
0.307029
0.311671
0.306898
0.21867
0.285999
0.219716
0.285489
0.3125
0.3125
0.3125
0.3125
0.3125
0.3125
0.3125
0.3125
0.3125
0.3125
0.3125
0.3125
0.3125
0.3125
0.3125
0.3125
0.3125
0.3125
0.100111
0.218651
0.24471
0.309208
0.282398
0.298368
0.0653919
0.177674
0.178977
0.291823
0.252506
0.253853
0.25349
0.289416
0.30053
0.312196
0.307831
0.310385
0.3125
0.3125
0.3125
0.3125
0.3125
0.3125
0.3125
0.3125
0.303761
0.3015
0.0227782
0.150067
0.164662
0.219453
0.0530917
0.166645
0.281302
0.24142
0.294581
0.214517
0.0528526
0.164833
0.281666
0.240288
0.021685
0.145986
0.191633
0.217806
0.216041
0.285511
0.218413
0.284169
0.311577
0.306919
0.306515
0.311652
0.311636
0.307138
0.311695
0.306823
0.218197
0.286274
0.285233
0.220058
0.310288
0.300714
0.308953
0.302597
0.152327
0.259939
0.193356
0.217934
0.234905
0.282071
0.281597
0.240328
0.312499
0.312367
0.312468
0.330388
0.253835
0.306044
0.291607
0.284859
0.381247
0.325241
0.372383
0.32613
0.3125
0.3125
0.3125
0.3125
0.38688
0.326707
0.346787
0.347634
0.3125
0.3125
0.3125
0.3125
0.31245
0.312493
0.312491
0.312466
0.3125
0.312499
0.3125
0.312499
0.312478
0.312495
0.312477
0.312495
0.157078
0.15119
0.111423
0.213228
0.160092
0.151966
0.113347
0.214462
0.181293
0.260454
0.188224
0.25345
0.284036
0.283454
0.270623
0.282111
0.252693
0.181255
0.188479
0.24343
0.154295
0.16059
0.114643
0.215929
0.123055
0.0592414
0.0448444
0.162283
0.178718
0.0641681
0.175587
0.0653339
0.179507
0.0656631
0.0656507
0.179545
0.179524
0.0656644
0.17955
0.0656538
0.179397
0.0656326
0.0655951
0.179481
0.179513
0.0656526
0.179523
0.0656512
0.179804
0.0660547
0.0657811
0.180391
0.181481
0.0664366
0.181163
0.0666643
0.3125
0.3125
0.3125
0.3125
0.3125
0.3125
0.3125
0.3125
0.3125
0.3125
0.3125
0.3125
0.3125
0.3125
0.3125
0.3125
0.3125
0.3125
0.234265
0.248437
0.215986
0.269513
0.284847
0.259903
0.28143
0.264344
0.295066
0.302965
0.299826
0.294092
0.247127
0.292609
0.283077
0.255429
0.312052
0.30733
0.308964
0.311737
0.215398
0.284581
0.216718
0.283768
0.311548
0.30665
0.311603
0.306375
0.225752
0.286444
0.289799
0.219824
0.311965
0.307337
0.308501
0.227441
0.286886
0.29062
0.311616
0.306808
0.311643
0.306661
0.216397
0.284979
0.217249
0.284496
0.3125
0.3125
0.3125
0.3125
0.3125
0.3125
0.3125
0.3125
0.0710017
0.187084
0.0682537
0.192361
0.0546056
0.0419361
0.269838
0.295037
0.297825
0.260402
0.156211
0.130521
0.106335
0.204499
0.167767
0.101678
0.201553
0.0643757
0.254832
0.289425
0.300292
0.312196
0.307834
0.310377
0.409071
0.231203
0.204729
0.0687482
0.0735193
0.241565
0.365256
0.166853
0.0440394
0.0634427
0.383332
0.019622
0.21612
0.285516
0.218425
0.284202
0.311577
0.30692
0.306521
0.311652
0.311636
0.307138
0.311695
0.306823
0.218197
0.286274
0.285233
0.220058
0.602284
0.621344
0.608688
0.619093
0.623927
0.624306
0.623189
0.624812
0.624683
0.624217
0.624892
0.623818
0.601219
0.620336
0.619224
0.604301
0.3125
0.3125
0.3125
0.3125
0.3125
0.3125
0.3125
0.3125
0.3125
0.3125
0.3125
0.3125
0.312387
0.312462
0.312479
0.312317
0.312499
0.312493
0.312499
0.312492
0.312268
0.312453
0.312281
0.31245
0.597421
0.616181
0.61834
0.59194
0.624851
0.623431
0.623875
0.624754
0.510576
0.591587
0.514442
0.586754
0.612866
0.616546
0.610406
0.621744
0.612846
0.616567
0.621743
0.610403
0.510549
0.591648
0.586766
0.514507
0.311065
0.304454
0.308128
0.307124
0.214319
0.281004
0.217447
0.271841
0.262304
0.295872
0.294744
0.27426
0.236806
0.282576
0.293745
0.219333
0.311802
0.304355
0.307479
0.15321
0.27405
0.280546
0.255188
0.287338
0.291993
0.250803
0.176432
0.266953
0.2043
0.232128
0.3125
0.3125
0.3125
0.3125
0.3125
0.3125
0.3125
0.3125
0.3125
0.3125
0.3125
0.3125
0.3125
0.3125
0.3125
0.3125
0.3125
0.3125
0.42678
0.331347
0.291976
0.487397
0.478306
0.332312
0.498164
0.29956
0.478333
0.332323
0.299467
0.498196
0.426748
0.331379
0.487411
0.291984
0.153898
0.275388
0.281001
0.311889
0.304934
0.307779
0.3125
0.3125
0.3125
0.3125
0.3125
0.3125
0.3125
0.3125
0.216041
0.285509
0.218411
0.284169
0.311577
0.306918
0.306514
0.31165
0.311636
0.307136
0.311693
0.306822
0.218197
0.286272
0.285233
0.220055
0.33481
0.3125
0.311476
0.325497
0.312487
0.3125
0.3125
0.312499
0.306585
0.29926
0.309253
0.296409
0.190432
0.267305
0.264625
0.192402
0.3125
0.423958
0.413501
0.334172
0.38896
0.485189
0.340509
0.51439
0.38535
0.467743
0.367347
0.498044
0.312485
0.312497
0.312498
0.312482
0.3125
0.312499
0.3125
0.312499
0.312479
0.312496
0.312483
0.312496
0.278345
0.305555
0.278333
0.305563
0.31242
0.311564
0.311565
0.31242
0.309748
0.299765
0.30975
0.299744
0.192637
0.267785
0.267675
0.192943
0.307927
0.3125
0.312335
0.3125
0.3125
0.3125
0.3125
0.3125
0.312455
0.312455
0.312494
0.312221
0.309002
0.312281
0.311317
0.311796
0.300113
0.309847
0.30984
0.300129
0.300159
0.309853
0.300147
0.309857
0.0415277
0.0417578
0.0160473
0.108044
0.154834
0.0551562
0.142657
0.0598935
0.299911
0.309617
0.309802
0.299222
0.290372
0.308853
0.296703
0.306776
0.260719
0.293372
0.253419
0.283121
0.282135
0.30345
0.287754
0.302716
0.449735
0.458855
0.365256
0.528969
0.529841
0.490505
0.544421
0.492417
0.366219
0.40337
0.410264
0.361997
0.360465
0.401332
0.360786
0.400864
0.325225
0.315902
0.339126
0.3125
0.3125
0.312274
0.3125
0.311209
0.3125
0.311358
0.310935
0.312498
0.312469
0.311824
0.312491
0.311899
0.3125
0.3125
0.3125
0.3125
0.3125
0.3125
0.3125
0.3125
0.3125
0.3125
0.3125
0.3125
0.3125
0.3125
0.3125
0.3125
0.3125
0.3125
0.312052
0.30733
0.308964
0.311736
0.215943
0.284626
0.216849
0.283969
0.311551
0.306655
0.311603
0.306414
0.225615
0.286312
0.28973
0.219613
0.312138
0.307856
0.309759
0.241668
0.289136
0.2964
0.311584
0.306721
0.311624
0.306525
0.215892
0.284739
0.216891
0.284139
0.3125
0.3125
0.3125
0.3125
0.3125
0.3125
0.3125
0.3125
0.291782
0.249775
0.265928
0.132758
0.118605
0.151569
0.274764
0.278462
0.311862
0.304803
0.307519
0.454262
0.243623
0.277945
0.103811
0.0964849
0.176279
0.328689
0.170256
0.076813
0.0648352
0.224337
0.21604
0.285506
0.218403
0.284168
0.311576
0.306917
0.306514
0.311647
0.311636
0.307135
0.311689
0.306822
0.218196
0.286269
0.285232
0.220047
0.618504
0.62391
0.619296
0.623061
0.624005
0.624757
0.623894
0.624868
0.624034
0.624871
0.624879
0.624029
0.623817
0.624831
0.62399
0.624699
0.618685
0.623363
0.623853
0.616996
0.624975
0.624738
0.624844
0.624943
0.545446
0.579685
0.594993
0.511377
0.144217
0.113712
0.0608772
0.310326
0.302299
0.310081
0.315336
0.289957
0.306085
0.170863
0.234762
0.196464
0.212316
0.156986
0.197464
0.146986
0.197294
0.0409689
0.0158118
0.310992
0.302761
0.31073
0.215364
0.291759
0.344094
0.184461
0.140485
0.150208
0.173767
0.0511993
0.107121
0.0413426
0.13267
0.3125
0.3125
0.3125
0.3125
0.355218
0.3125
0.3125
0.3125
0.3125
0.3125
0.3125
0.3125
0.3125
0.3125
0.3125
0.3125
0.3125
0.3125
0.152152
0.267975
0.279494
0.310916
0.298704
0.306628
0.389966
0.340976
0.418704
0.326359
0.3125
0.3125
0.3125
0.3125
0.122279
0.0592053
0.0445946
0.162108
0.178897
0.0642363
0.175713
0.065419
0.179189
0.0643883
0.0655519
0.176095
0.123651
0.0594908
0.162878
0.0451069
0.565575
0.590577
0.606529
0.554299
0.347867
0.530001
0.405422
0.458901
0.476507
0.562006
0.537671
0.490678
0.311485
0.307167
0.311502
0.30716
0.256392
0.292641
0.293175
0.255313
0.255795
0.29285
0.292873
0.255687
0.145001
0.062232
0.0512143
0.171162
0.18121
0.0656667
0.179331
0.0665481
0.615655
0.599104
0.598339
0.617631
0.613405
0.598868
0.617283
0.59644
0.310261
0.300529
0.308662
0.302618
0.152043
0.259542
0.192048
0.217875
0.235127
0.282046
0.281768
0.240397
0.22319
0.278373
0.288209
0.210851
0.309877
0.300042
0.306925
0.224964
0.278931
0.288741
0.235416
0.282299
0.281902
0.240902
0.152845
0.259623
0.191637
0.218645
0.393077
0.33956
0.277392
0.46135
0.405156
0.34823
0.465186
0.306948
0.315339
0.290444
0.306288
0.310324
0.302391
0.310135
0.316743
0.290021
0.306135
0.310447
0.302295
0.310095
0.129308
0.11476
0.0850388
0.051058
0.0217438
0.146312
0.154968
0.0590293
0.165154
0.0529884
0.155183
0.0591858
0.0530491
0.165573
0.0858825
0.0513467
0.147105
0.0219293
0.248972
0.295155
0.255576
0.290938
0.309284
0.308402
0.305851
0.311525
0.303463
0.307833
0.310208
0.302812
0.248917
0.295266
0.289977
0.256274
0.367102
0.3125
0.370686
0.3125
0.3125
0.3125
0.3125
0.3125
0.237829
0.273989
0.204862
0.291411
0.34344
0.325328
0.322639
0.365707
0.44601
0.455776
0.450674
0.46546
0.371918
0.425791
0.446908
0.335162
0.498183
0.590522
0.513274
0.58028
0.603993
0.6139
0.606553
0.610564
0.309849
0.31196
0.312063
0.309235
0.30895
0.311925
0.309076
0.311854
0.442619
0.44283
0.333423
0.537899
0.590108
0.493358
0.577462
0.511909
0.593005
0.51671
0.517349
0.592668
0.591591
0.517046
0.592435
0.517261
0.246698
0.295063
0.255968
0.288745
0.308027
0.30811
0.303963
0.311279
0.311211
0.312437
0.312359
0.311587
0.300761
0.312478
0.310861
0.309372
0.221285
0.221277
0.166639
0.268887
0.294637
0.24631
0.288564
0.25496
0.294863
0.246716
0.255141
0.289571
0.229771
0.222571
0.27254
0.169543
0.306375
0.289253
0.283939
0.312465
0.3125
0.3125
0.3125
0.318189
0.325472
0.17909
0.14923
0.221207
0.276747
0.19135
0.254398
0.138715
0.15006
0.211277
0.0529871
0.0208436
0.247816
0.16415
0.241127
0.281171
0.193768
0.259192
0.142165
0.152015
0.216013
0.23104
0.158273
0.23561
0.266195
0.174205
0.250788
0.139866
0.144134
0.21169
0.312216
0.306643
0.312203
0.3125
0.3125
0.3125
0.306647
0.312216
0.312203
0.312206
0.306601
0.312203
0.3125
0.3125
0.3125
0.306601
0.312206
0.312203
0.0529584
0.0826395
0.150793
0.280204
0.282367
0.258269
0.141663
0.240542
0.215221
0.143401
0.139314
0.210857
0.295973
0.279264
0.277788
0.157772
0.230543
0.234982
0.247187
0.16317
0.238286
0.248498
0.150159
0.2396
0.139555
0.134156
0.207302
0.116216
0.132714
0.186948
0.257614
0.281781
0.256088
0.160217
0.244758
0.229089
0.312217
0.306642
0.312203
0.3125
0.3125
0.3125
0.306645
0.312216
0.312203
0.312221
0.306692
0.312206
0.3125
0.3125
0.3125
0.306681
0.312217
0.312204
0.239327
0.140187
0.207249
0.126467
0.0453055
0.150466
0.0784536
0.0427742
0.13445
0.231
0.158327
0.236068
0.278442
0.190382
0.257225
0.140595
0.149942
0.214151
0.212573
0.162912
0.239435
0.304818
0.290236
0.287998
0.16971
0.250666
0.247051
0.143454
0.139364
0.210889
0.295811
0.279318
0.277766
0.157849
0.230676
0.235035
0.312208
0.309581
0.312207
0.3125
0.3125
0.3125
0.309591
0.312211
0.312207
0.234375
0.234374
0.234374
0.234373
0.309448
0.312101
0.312195
0.3125
0.3125
0.3125
0.309546
0.312207
0.312205
0.234375
0.234375
0.234375
0.234375
0.309534
0.312122
0.312201
0.3125
0.3125
0.3125
0.309584
0.312209
0.312208
0.234375
0.234375
0.234375
0.234375
0.248232
0.283436
0.246107
0.0527724
0.0889359
0.15081
0.264061
0.159283
0.223641
0.0544026
0.113339
0.145347
0.111883
0.17487
0.176803
0.149962
0.202019
0.193286
0.312382
0.311256
0.311454
0.307448
0.284147
0.306484
0.304668
0.281512
0.305795
0.31143
0.304818
0.305713
0.289354
0.216971
0.284299
0.277682
0.21034
0.281334
0.3125
0.3125
0.3125
0.3125
0.3125
0.3125
0.3125
0.3125
0.3125
0.0848013
0.220555
0.218754
0.288668
0.306757
0.285593
0.286364
0.306733
0.285238
0.210376
0.278378
0.28139
0.307293
0.311506
0.306258
0.305126
0.31144
0.305746
0.253993
0.281564
0.247456
0.0592158
0.11778
0.160338
0.247369
0.158296
0.222581
0.139509
0.197365
0.201497
0.0638714
0.179021
0.172403
0.259566
0.250935
0.237345
0.3125
0.3125
0.3125
0.3125
0.3125
0.3125
0.3125
0.3125
0.3125
0.251813
0.249802
0.225257
0.0443454
0.0442585
0.118892
0.163374
0.0573687
0.159913
0.183775
0.234254
0.205221
0.0427208
0.0438909
0.115039
0.160208
0.056967
0.155778
0.311618
0.307035
0.306744
0.286176
0.217825
0.284953
0.286092
0.21796
0.285035
0.225158
0.271473
0.230774
0.0464099
0.0514851
0.128696
0.237093
0.077824
0.189509
0.210394
0.27814
0.281371
0.307303
0.31151
0.306275
0.305065
0.311441
0.305743
0.3125
0.3125
0.3125
0.3125
0.3125
0.3125
0.3125
0.3125
0.3125
0.3125
0.3125
0.3125
0.3125
0.3125
0.3125
0.3125
0.3125
0.3125
0.312499
0.312498
0.312499
0.312499
0.3125
0.3125
0.3125
0.3125
0.3125
0.101736
0.292335
0.116595
0.335287
0.592126
0.516183
0.586505
0.511347
0.623832
0.622986
0.618392
0.617311
0.485305
0.509739
0.563957
0.586765
0.254057
0.291153
0.253333
0.0640894
0.161792
0.175399
0.286339
0.229968
0.248844
0.311428
0.306351
0.305691
0.274411
0.200758
0.277745
0.283949
0.210034
0.28122
0.3125
0.3125
0.3125
0.3125
0.3125
0.3125
0.3125
0.3125
0.3125
0.0536967
0.193792
0.153462
0.0517211
0.17121
0.147756
0.260843
0.245543
0.219606
0.0539149
0.194266
0.153832
0.051773
0.171141
0.147867
0.261106
0.24548
0.219751
0.209916
0.284386
0.281182
0.303881
0.311211
0.304573
0.306553
0.311424
0.305677
0.152263
0.259169
0.218067
0.0589496
0.154633
0.164978
0.281997
0.235073
0.240465
0.3125
0.3125
0.3125
0.3125
0.3125
0.3125
0.3125
0.3125
0.3125
0.311598
0.306867
0.306649
0.287078
0.218092
0.284902
0.28538
0.217483
0.284751
0.217459
0.150972
0.21376
0.129741
0.0518645
0.161056
0.114519
0.0570209
0.156732
0.209941
0.284401
0.281175
0.303731
0.311207
0.304538
0.306557
0.311426
0.305677
0.623191
0.623799
0.624827
0.624681
0.449528
0.546245
0.448888
0.545541
0.617155
0.61865
0.598479
0.595077
0.311437
0.304782
0.305695
0.299396
0.206975
0.284925
0.277388
0.206432
0.280765
0.3125
0.3125
0.3125
0.312938
0.3125
0.3125
0.3125
0.3125
0.3125
0.204456
0.277658
0.278752
0.303856
0.311189
0.304419
0.304956
0.311331
0.305084
0.3125
0.3125
0.3125
0.3125
0.3125
0.3125
0.3125
0.3125
0.3125
0.251051
0.172846
0.247575
0.288759
0.211249
0.270567
0.160788
0.178779
0.231501
0.311618
0.307035
0.306743
0.286149
0.217806
0.284946
0.286091
0.217955
0.285033
0.221467
0.243252
0.217422
0.0437779
0.0443967
0.117742
0.163285
0.0577315
0.159107
0.21483
0.278641
0.283204
0.309339
0.311703
0.307448
0.305176
0.311508
0.306175
0.624996
0.624966
0.624981
0.624866
0.610427
0.616094
0.622957
0.621248
0.23874
0.283067
0.241141
0.0507451
0.0835085
0.145387
0.260063
0.147918
0.216906
0.3125
0.3125
0.3125
0.3125
0.3125
0.3125
0.3125
0.3125
0.3125
0.146669
0.253363
0.216003
0.0596707
0.160399
0.166901
0.282465
0.242864
0.242455
0.052403
0.118953
0.139327
0.0540792
0.148331
0.146031
0.191833
0.218692
0.19555
0.235092
0.282267
0.240577
0.0511328
0.0854811
0.146535
0.260553
0.153569
0.218654
0.235181
0.282162
0.240678
0.051195
0.0855245
0.146669
0.25977
0.153249
0.218642
0.15725
0.264754
0.220054
0.0589332
0.154537
0.164997
0.283156
0.234985
0.240796
0.156238
0.264187
0.219548
0.0589041
0.154538
0.164923
0.283035
0.234989
0.240691
0.286116
0.30864
0.308552
0.311695
0.3125
0.3125
0.3125
0.3125
0.3125
0.3125
0.3125
0.3125
0.3125
0.3125
0.3125
0.3125
0.3125
0.3125
0.3125
0.3125
0.3125
0.3125
0.3125
0.340466
0.3125
0.3125
0.3125
0.428614
0.384666
0.405696
0.319474
0.331079
0.3125
0.3125
0.3125
0.312551
0.3125
0.3125
0.314956
0.3125
0.3125
0.3125
0.3125
0.3125
0.3125
0.3125
0.3125
0.3125
0.3125
0.3125
0.3125
0.3125
0.3125
0.3125
0.3125
0.3125
0.3125
0.3125
0.3125
0.3125
0.3125
0.3125
0.3125
0.3125
0.3125
0.3125
0.3125
0.311801
0.311919
0.312433
0.312494
0.3125
0.312497
0.3125
0.3125
0.3125
0.312488
0.3125
0.3125
0.3125
0.312493
0.3125
0.31248
0.312494
0.3125
0.3125
0.3125
0.3125
0.3125
0.3125
0.3125
0.312499
0.3125
0.3125
0.3125
0.3125
0.3125
0.3125
0.312551
0.312561
0.3125
0.3125
0.334405
0.3125
0.3125
0.3125
0.3125
0.3125
0.3125
0.3125
0.3125
0.3125
0.3125
0.3125
0.3125
0.3125
0.3125
0.321874
0.3125
0.3125
0.371056
0.378111
0.41515
0.324886
0.349965
0.3125
0.3125
0.356425
0.3125
0.3125
0.3125
0.3125
0.3125
0.3125
0.3125
0.3125
0.3125
0.3125
0.3125
0.3125
0.3125
0.3125
0.3125
0.3125
0.3125
0.3125
0.3125
0.3125
0.3125
0.3125
0.3125
0.3125
0.3125
0.327015
0.33924
0.322908
0.359643
0.312576
0.354926
0.314956
0.338505
0.36539
0.3125
0.32825
0.320043
0.3125
0.371886
0.312129
0.124292
0.276669
0.312306
0.31233
0.123657
0.268767
0.296721
0.126172
0.279027
0.12678
0.28303
0.312345
0.312388
0.111632
0.25981
0.215355
0.0867911
0.276247
0.299294
0.170285
0.438164
0.181555
0.478023
)
;
    }
}


// ************************************************************************* //
