stid,name,lat,lon,date_time,wind_speed,wind_direction
0512W,Hofstra University South Campus,40.71308,-73.59826,2026-01-01T00:00:00Z,2.68,219.0
0512W,Hofstra University South Campus,40.71308,-73.59826,2026-01-01T00:10:00Z,0.895,225.0
0512W,Hofstra University South Campus,40.71308,-73.59826,2026-01-01T00:20:00Z,1.343,206.0
0512W,Hofstra University South Campus,40.71308,-73.59826,2026-01-01T00:30:00Z,2.233,184.0
0512W,Hofstra University South Campus,40.71308,-73.59826,2026-01-01T00:40:00Z,1.79,228.0
0512W,Hofstra University South Campus,40.71308,-73.59826,2026-01-01T00:50:00Z,1.79,192.0
0512W,Hofstra University South Campus,40.71308,-73.59826,2026-01-01T01:00:00Z,2.233,209.0
0512W,Hofstra University South Campus,40.71308,-73.59826,2026-01-01T01:10:00Z,2.233,196.0
0512W,Hofstra University South Campus,40.71308,-73.59826,2026-01-01T01:20:00Z,4.023,244.0
0512W,Hofstra University South Campus,40.71308,-73.59826,2026-01-01T01:30:00Z,2.233,221.0
0512W,Hofstra University South Campus,40.71308,-73.59826,2026-01-01T01:40:00Z,1.79,213.0
0512W,Hofstra University South Campus,40.71308,-73.59826,2026-01-01T01:50:00Z,1.79,192.0
0512W,Hofstra University South Campus,40.71308,-73.59826,2026-01-01T02:00:00Z,0.895,191.0
0512W,Hofstra University South Campus,40.71308,-73.59826,2026-01-01T02:10:00Z,2.233,186.0
0512W,Hofstra University South Campus,40.71308,-73.59826,2026-01-01T02:20:00Z,6.703,220.0
0512W,Hofstra University South Campus,40.71308,-73.59826,2026-01-01T02:30:00Z,4.471,223.0
0512W,Hofstra University South Campus,40.71308,-73.59826,2026-01-01T02:40:00Z,1.343,227.0
0512W,Hofstra University South Campus,40.71308,-73.59826,2026-01-01T02:50:00Z,3.128,230.0
0512W,Hofstra University South Campus,40.71308,-73.59826,2026-01-01T04:00:00Z,6.703,198.0
0512W,Hofstra University South Campus,40.71308,-73.59826,2026-01-01T04:10:00Z,4.471,190.0
0512W,Hofstra University South Campus,40.71308,-73.59826,2026-01-01T04:20:00Z,4.023,184.0
0512W,Hofstra University South Campus,40.71308,-73.59826,2026-01-01T04:30:00Z,2.233,176.0
0512W,Hofstra University South Campus,40.71308,-73.59826,2026-01-01T04:40:00Z,4.918,255.0
0512W,Hofstra University South Campus,40.71308,-73.59826,2026-01-01T04:50:00Z,3.575,178.0
0512W,Hofstra University South Campus,40.71308,-73.59826,2026-01-01T05:00:00Z,4.471,184.0
0512W,Hofstra University South Campus,40.71308,-73.59826,2026-01-01T05:10:00Z,4.471,198.0
0512W,Hofstra University South Campus,40.71308,-73.59826,2026-01-01T05:20:00Z,4.918,229.0
0512W,Hofstra University South Campus,40.71308,-73.59826,2026-01-01T05:30:00Z,3.575,187.0
0512W,Hofstra University South Campus,40.71308,-73.59826,2026-01-01T05:40:00Z,4.023,194.0
0512W,Hofstra University South Campus,40.71308,-73.59826,2026-01-01T05:50:00Z,4.918,198.0
0512W,Hofstra University South Campus,40.71308,-73.59826,2026-01-01T06:00:00Z,6.261,222.0
0512W,Hofstra University South Campus,40.71308,-73.59826,2026-01-01T06:10:00Z,6.261,214.0
0512W,Hofstra University South Campus,40.71308,-73.59826,2026-01-01T06:20:00Z,9.389,240.0
0512W,Hofstra University South Campus,40.71308,-73.59826,2026-01-01T06:40:00Z,4.023,196.0
0512W,Hofstra University South Campus,40.71308,-73.59826,2026-01-01T06:50:00Z,3.575,198.0
0512W,Hofstra University South Campus,40.71308,-73.59826,2026-01-01T07:00:00Z,2.68,211.0
0512W,Hofstra University South Campus,40.71308,-73.59826,2026-01-01T07:10:00Z,4.918,254.0
0512W,Hofstra University South Campus,40.71308,-73.59826,2026-01-01T07:20:00Z,4.471,209.0
0512W,Hofstra University South Campus,40.71308,-73.59826,2026-01-01T07:30:00Z,8.941,218.0
0512W,Hofstra University South Campus,40.71308,-73.59826,2026-01-01T07:40:00Z,5.366,232.0
0512W,Hofstra University South Campus,40.71308,-73.59826,2026-01-01T07:50:00Z,3.575,214.0
0512W,Hofstra University South Campus,40.71308,-73.59826,2026-01-01T08:10:00Z,4.023,213.0
0512W,Hofstra University South Campus,40.71308,-73.59826,2026-01-01T08:20:00Z,6.703,252.0
0512W,Hofstra University South Campus,40.71308,-73.59826,2026-01-01T08:30:00Z,4.023,227.0
0512W,Hofstra University South Campus,40.71308,-73.59826,2026-01-01T08:40:00Z,4.023,251.0
0512W,Hofstra University South Campus,40.71308,-73.59826,2026-01-01T08:50:00Z,2.233,216.0
0512W,Hofstra University South Campus,40.71308,-73.59826,2026-01-01T09:00:00Z,2.233,232.0
0512W,Hofstra University South Campus,40.71308,-73.59826,2026-01-01T09:10:00Z,3.128,202.0
0512W,Hofstra University South Campus,40.71308,-73.59826,2026-01-01T09:20:00Z,2.68,209.0
0512W,Hofstra University South Campus,40.71308,-73.59826,2026-01-01T09:30:00Z,4.023,186.0
0512W,Hofstra University South Campus,40.71308,-73.59826,2026-01-01T09:40:00Z,2.68,198.0
0512W,Hofstra University South Campus,40.71308,-73.59826,2026-01-01T09:50:00Z,3.575,204.0
0512W,Hofstra University South Campus,40.71308,-73.59826,2026-01-01T10:10:00Z,5.813,227.0
0512W,Hofstra University South Campus,40.71308,-73.59826,2026-01-01T10:20:00Z,4.471,191.0
0512W,Hofstra University South Campus,40.71308,-73.59826,2026-01-01T10:30:00Z,5.813,214.0
0512W,Hofstra University South Campus,40.71308,-73.59826,2026-01-01T10:40:00Z,4.023,190.0
0512W,Hofstra University South Campus,40.71308,-73.59826,2026-01-01T10:50:00Z,4.471,219.0
0512W,Hofstra University South Campus,40.71308,-73.59826,2026-01-01T11:00:00Z,4.918,223.0
0512W,Hofstra University South Campus,40.71308,-73.59826,2026-01-01T11:10:00Z,2.68,240.0
0512W,Hofstra University South Campus,40.71308,-73.59826,2026-01-01T11:20:00Z,5.813,269.0
0512W,Hofstra University South Campus,40.71308,-73.59826,2026-01-01T11:30:00Z,4.918,329.0
0512W,Hofstra University South Campus,40.71308,-73.59826,2026-01-01T11:40:00Z,2.68,316.0
0512W,Hofstra University South Campus,40.71308,-73.59826,2026-01-01T11:50:00Z,3.128,296.0
0512W,Hofstra University South Campus,40.71308,-73.59826,2026-01-01T12:00:00Z,2.233,325.0
0512W,Hofstra University South Campus,40.71308,-73.59826,2026-01-01T12:10:00Z,4.918,346.0
0512W,Hofstra University South Campus,40.71308,-73.59826,2026-01-01T12:20:00Z,5.366,299.0
0512W,Hofstra University South Campus,40.71308,-73.59826,2026-01-01T12:30:00Z,6.261,319.0
0512W,Hofstra University South Campus,40.71308,-73.59826,2026-01-01T12:40:00Z,3.128,302.0
0512W,Hofstra University South Campus,40.71308,-73.59826,2026-01-01T12:50:00Z,5.813,325.0
0512W,Hofstra University South Campus,40.71308,-73.59826,2026-01-01T13:00:00Z,7.151,320.0
0512W,Hofstra University South Campus,40.71308,-73.59826,2026-01-01T13:10:00Z,4.471,292.0
0512W,Hofstra University South Campus,40.71308,-73.59826,2026-01-01T13:20:00Z,6.261,345.0
0512W,Hofstra University South Campus,40.71308,-73.59826,2026-01-01T13:30:00Z,5.366,334.0
0512W,Hofstra University South Campus,40.71308,-73.59826,2026-01-01T13:40:00Z,5.813,311.0
0512W,Hofstra University South Campus,40.71308,-73.59826,2026-01-01T13:50:00Z,2.233,309.0
0512W,Hofstra University South Campus,40.71308,-73.59826,2026-01-01T14:00:00Z,5.366,320.0
0512W,Hofstra University South Campus,40.71308,-73.59826,2026-01-01T14:10:00Z,4.471,340.0
0512W,Hofstra University South Campus,40.71308,-73.59826,2026-01-01T14:20:00Z,8.493,317.0
0512W,Hofstra University South Campus,40.71308,-73.59826,2026-01-01T14:30:00Z,7.598,341.0
0512W,Hofstra University South Campus,40.71308,-73.59826,2026-01-01T14:40:00Z,5.813,16.0
0512W,Hofstra University South Campus,40.71308,-73.59826,2026-01-01T14:50:00Z,8.046,283.0
0512W,Hofstra University South Campus,40.71308,-73.59826,2026-01-01T15:00:00Z,4.471,360.0
0512W,Hofstra University South Campus,40.71308,-73.59826,2026-01-01T15:10:00Z,8.941,300.0
0512W,Hofstra University South Campus,40.71308,-73.59826,2026-01-01T15:20:00Z,6.703,327.0
0512W,Hofstra University South Campus,40.71308,-73.59826,2026-01-01T15:30:00Z,7.151,331.0
0512W,Hofstra University South Campus,40.71308,-73.59826,2026-01-01T15:40:00Z,5.813,326.0
0512W,Hofstra University South Campus,40.71308,-73.59826,2026-01-01T15:50:00Z,5.366,315.0
0512W,Hofstra University South Campus,40.71308,-73.59826,2026-01-01T16:00:00Z,3.575,325.0
0512W,Hofstra University South Campus,40.71308,-73.59826,2026-01-01T16:10:00Z,7.598,328.0
0512W,Hofstra University South Campus,40.71308,-73.59826,2026-01-01T16:20:00Z,2.233,300.0
0512W,Hofstra University South Campus,40.71308,-73.59826,2026-01-01T16:30:00Z,4.918,325.0
0512W,Hofstra University South Campus,40.71308,-73.59826,2026-01-01T16:40:00Z,6.261,317.0
0512W,Hofstra University South Campus,40.71308,-73.59826,2026-01-01T16:50:00Z,5.366,58.0
0512W,Hofstra University South Campus,40.71308,-73.59826,2026-01-01T17:00:00Z,6.261,303.0
0512W,Hofstra University South Campus,40.71308,-73.59826,2026-01-01T17:10:00Z,4.918,291.0
0512W,Hofstra University South Campus,40.71308,-73.59826,2026-01-01T17:20:00Z,5.366,306.0
0512W,Hofstra University South Campus,40.71308,-73.59826,2026-01-01T17:30:00Z,3.575,350.0
0512W,Hofstra University South Campus,40.71308,-73.59826,2026-01-01T17:40:00Z,9.836,327.0
0512W,Hofstra University South Campus,40.71308,-73.59826,2026-01-01T17:50:00Z,5.366,322.0
0512W,Hofstra University South Campus,40.71308,-73.59826,2026-01-01T18:00:00Z,8.493,341.0
0512W,Hofstra University South Campus,40.71308,-73.59826,2026-01-01T18:10:00Z,5.813,308.0
0512W,Hofstra University South Campus,40.71308,-73.59826,2026-01-01T18:20:00Z,7.151,317.0
0512W,Hofstra University South Campus,40.71308,-73.59826,2026-01-01T18:30:00Z,2.233,300.0
0512W,Hofstra University South Campus,40.71308,-73.59826,2026-01-01T18:40:00Z,5.366,321.0
0512W,Hofstra University South Campus,40.71308,-73.59826,2026-01-01T18:50:00Z,4.471,269.0
0512W,Hofstra University South Campus,40.71308,-73.59826,2026-01-01T19:00:00Z,3.575,260.0
0512W,Hofstra University South Campus,40.71308,-73.59826,2026-01-01T19:10:00Z,2.68,355.0
0512W,Hofstra University South Campus,40.71308,-73.59826,2026-01-01T19:20:00Z,6.703,321.0
0512W,Hofstra University South Campus,40.71308,-73.59826,2026-01-01T19:30:00Z,8.493,331.0
0512W,Hofstra University South Campus,40.71308,-73.59826,2026-01-01T19:40:00Z,5.813,313.0
0512W,Hofstra University South Campus,40.71308,-73.59826,2026-01-01T19:50:00Z,4.023,325.0
0512W,Hofstra University South Campus,40.71308,-73.59826,2026-01-01T20:00:00Z,5.366,311.0
0512W,Hofstra University South Campus,40.71308,-73.59826,2026-01-01T20:10:00Z,4.023,306.0
0512W,Hofstra University South Campus,40.71308,-73.59826,2026-01-01T20:20:00Z,5.813,254.0
0512W,Hofstra University South Campus,40.71308,-73.59826,2026-01-01T20:30:00Z,3.575,321.0
0512W,Hofstra University South Campus,40.71308,-73.59826,2026-01-01T20:40:00Z,7.598,284.0
0512W,Hofstra University South Campus,40.71308,-73.59826,2026-01-01T20:50:00Z,4.023,303.0
0512W,Hofstra University South Campus,40.71308,-73.59826,2026-01-01T21:00:00Z,12.516,333.0
0512W,Hofstra University South Campus,40.71308,-73.59826,2026-01-01T21:10:00Z,6.703,273.0
0512W,Hofstra University South Campus,40.71308,-73.59826,2026-01-01T21:20:00Z,4.471,323.0
0512W,Hofstra University South Campus,40.71308,-73.59826,2026-01-01T21:30:00Z,7.151,306.0
0512W,Hofstra University South Campus,40.71308,-73.59826,2026-01-01T21:40:00Z,4.471,298.0
0512W,Hofstra University South Campus,40.71308,-73.59826,2026-01-01T21:50:00Z,7.151,337.0
0512W,Hofstra University South Campus,40.71308,-73.59826,2026-01-01T22:00:00Z,2.233,319.0
0512W,Hofstra University South Campus,40.71308,-73.59826,2026-01-01T22:10:00Z,4.918,296.0
0512W,Hofstra University South Campus,40.71308,-73.59826,2026-01-01T22:20:00Z,6.261,304.0
0512W,Hofstra University South Campus,40.71308,-73.59826,2026-01-01T22:30:00Z,5.366,302.0
0512W,Hofstra University South Campus,40.71308,-73.59826,2026-01-01T22:40:00Z,2.233,317.0
0512W,Hofstra University South Campus,40.71308,-73.59826,2026-01-01T22:50:00Z,5.366,262.0
0512W,Hofstra University South Campus,40.71308,-73.59826,2026-01-01T23:00:00Z,3.575,324.0
0512W,Hofstra University South Campus,40.71308,-73.59826,2026-01-01T23:10:00Z,4.471,326.0
0512W,Hofstra University South Campus,40.71308,-73.59826,2026-01-01T23:20:00Z,4.023,340.0
0512W,Hofstra University South Campus,40.71308,-73.59826,2026-01-01T23:30:00Z,1.79,309.0
0512W,Hofstra University South Campus,40.71308,-73.59826,2026-01-01T23:40:00Z,2.68,334.0
0512W,Hofstra University South Campus,40.71308,-73.59826,2026-01-01T23:50:00Z,2.233,317.0
0512W,Hofstra University South Campus,40.71308,-73.59826,2026-01-02T00:00:00Z,5.366,323.0
0512W,Hofstra University South Campus,40.71308,-73.59826,2026-01-02T00:10:00Z,2.233,319.0
0512W,Hofstra University South Campus,40.71308,-73.59826,2026-01-02T00:20:00Z,4.023,308.0
0512W,Hofstra University South Campus,40.71308,-73.59826,2026-01-02T00:30:00Z,4.023,301.0
0512W,Hofstra University South Campus,40.71308,-73.59826,2026-01-02T00:40:00Z,3.128,302.0
0512W,Hofstra University South Campus,40.71308,-73.59826,2026-01-02T00:50:00Z,1.343,340.0
0512W,Hofstra University South Campus,40.71308,-73.59826,2026-01-02T01:00:00Z,1.343,315.0
0512W,Hofstra University South Campus,40.71308,-73.59826,2026-01-02T01:10:00Z,1.79,338.0
0512W,Hofstra University South Campus,40.71308,-73.59826,2026-01-02T01:20:00Z,1.343,317.0
0512W,Hofstra University South Campus,40.71308,-73.59826,2026-01-02T01:30:00Z,2.233,315.0
0512W,Hofstra University South Campus,40.71308,-73.59826,2026-01-02T01:40:00Z,1.343,318.0
0512W,Hofstra University South Campus,40.71308,-73.59826,2026-01-02T01:50:00Z,0.895,319.0
0512W,Hofstra University South Campus,40.71308,-73.59826,2026-01-02T02:00:00Z,1.343,10.0
0512W,Hofstra University South Campus,40.71308,-73.59826,2026-01-02T02:10:00Z,0.448,348.0
0512W,Hofstra University South Campus,40.71308,-73.59826,2026-01-02T02:20:00Z,1.343,326.0
0512W,Hofstra University South Campus,40.71308,-73.59826,2026-01-02T02:30:00Z,0.0,0.0
0512W,Hofstra University South Campus,40.71308,-73.59826,2026-01-02T02:40:00Z,0.895,304.0
0512W,Hofstra University South Campus,40.71308,-73.59826,2026-01-02T02:50:00Z,0.0,0.0
0512W,Hofstra University South Campus,40.71308,-73.59826,2026-01-02T03:00:00Z,0.0,0.0
0512W,Hofstra University South Campus,40.71308,-73.59826,2026-01-02T03:10:00Z,0.448,280.0
0512W,Hofstra University South Campus,40.71308,-73.59826,2026-01-02T03:20:00Z,0.895,202.0
0512W,Hofstra University South Campus,40.71308,-73.59826,2026-01-02T03:30:00Z,0.895,200.0
0512W,Hofstra University South Campus,40.71308,-73.59826,2026-01-02T03:40:00Z,1.343,192.0
0512W,Hofstra University South Campus,40.71308,-73.59826,2026-01-02T03:50:00Z,1.343,194.0
0512W,Hofstra University South Campus,40.71308,-73.59826,2026-01-02T04:00:00Z,0.448,188.0
0512W,Hofstra University South Campus,40.71308,-73.59826,2026-01-02T04:10:00Z,0.895,182.0
0512W,Hofstra University South Campus,40.71308,-73.59826,2026-01-02T04:20:00Z,1.343,242.0
0512W,Hofstra University South Campus,40.71308,-73.59826,2026-01-02T04:30:00Z,0.895,253.0
0512W,Hofstra University South Campus,40.71308,-73.59826,2026-01-02T04:40:00Z,1.79,241.0
0512W,Hofstra University South Campus,40.71308,-73.59826,2026-01-02T04:50:00Z,2.233,244.0
0512W,Hofstra University South Campus,40.71308,-73.59826,2026-01-02T05:00:00Z,4.023,236.0
0512W,Hofstra University South Campus,40.71308,-73.59826,2026-01-02T05:10:00Z,1.79,257.0
0512W,Hofstra University South Campus,40.71308,-73.59826,2026-01-02T05:20:00Z,1.343,242.0
0512W,Hofstra University South Campus,40.71308,-73.59826,2026-01-02T05:30:00Z,0.895,243.0
0512W,Hofstra University South Campus,40.71308,-73.59826,2026-01-02T05:40:00Z,3.575,239.0
0512W,Hofstra University South Campus,40.71308,-73.59826,2026-01-02T05:50:00Z,1.343,235.0
0512W,Hofstra University South Campus,40.71308,-73.59826,2026-01-02T06:00:00Z,3.128,254.0
0512W,Hofstra University South Campus,40.71308,-73.59826,2026-01-02T06:10:00Z,3.575,254.0
0512W,Hofstra University South Campus,40.71308,-73.59826,2026-01-02T06:20:00Z,1.79,213.0
0512W,Hofstra University South Campus,40.71308,-73.59826,2026-01-02T06:40:00Z,0.895,272.0
0512W,Hofstra University South Campus,40.71308,-73.59826,2026-01-02T06:50:00Z,1.79,350.0
0512W,Hofstra University South Campus,40.71308,-73.59826,2026-01-02T07:00:00Z,2.233,327.0
0512W,Hofstra University South Campus,40.71308,-73.59826,2026-01-02T07:10:00Z,1.343,269.0
0512W,Hofstra University South Campus,40.71308,-73.59826,2026-01-02T07:20:00Z,0.895,5.0
0512W,Hofstra University South Campus,40.71308,-73.59826,2026-01-02T07:30:00Z,3.128,310.0
0512W,Hofstra University South Campus,40.71308,-73.59826,2026-01-02T07:40:00Z,0.895,275.0
0512W,Hofstra University South Campus,40.71308,-73.59826,2026-01-02T07:50:00Z,3.128,271.0
0512W,Hofstra University South Campus,40.71308,-73.59826,2026-01-02T08:00:00Z,1.343,263.0
0512W,Hofstra University South Campus,40.71308,-73.59826,2026-01-02T08:10:00Z,3.128,244.0
0512W,Hofstra University South Campus,40.71308,-73.59826,2026-01-02T08:20:00Z,0.895,251.0
0512W,Hofstra University South Campus,40.71308,-73.59826,2026-01-02T08:30:00Z,1.79,260.0
0512W,Hofstra University South Campus,40.71308,-73.59826,2026-01-02T08:40:00Z,2.68,225.0
0512W,Hofstra University South Campus,40.71308,-73.59826,2026-01-02T08:50:00Z,2.233,250.0
0512W,Hofstra University South Campus,40.71308,-73.59826,2026-01-02T09:00:00Z,2.233,240.0
0512W,Hofstra University South Campus,40.71308,-73.59826,2026-01-02T09:10:00Z,0.448,260.0
0512W,Hofstra University South Campus,40.71308,-73.59826,2026-01-02T09:20:00Z,1.79,249.0
0512W,Hofstra University South Campus,40.71308,-73.59826,2026-01-02T09:30:00Z,3.128,225.0
0512W,Hofstra University South Campus,40.71308,-73.59826,2026-01-02T09:40:00Z,1.79,278.0
0512W,Hofstra University South Campus,40.71308,-73.59826,2026-01-02T09:50:00Z,3.575,244.0
0512W,Hofstra University South Campus,40.71308,-73.59826,2026-01-02T10:10:00Z,3.575,255.0
0512W,Hofstra University South Campus,40.71308,-73.59826,2026-01-02T10:20:00Z,2.233,315.0
0512W,Hofstra University South Campus,40.71308,-73.59826,2026-01-02T10:30:00Z,4.023,254.0
0512W,Hofstra University South Campus,40.71308,-73.59826,2026-01-02T10:40:00Z,1.79,229.0
0512W,Hofstra University South Campus,40.71308,-73.59826,2026-01-02T10:50:00Z,4.023,207.0
0512W,Hofstra University South Campus,40.71308,-73.59826,2026-01-02T11:00:00Z,2.233,235.0
0512W,Hofstra University South Campus,40.71308,-73.59826,2026-01-02T11:10:00Z,1.79,265.0
0512W,Hofstra University South Campus,40.71308,-73.59826,2026-01-02T11:20:00Z,1.79,290.0
0512W,Hofstra University South Campus,40.71308,-73.59826,2026-01-02T11:30:00Z,1.343,302.0
0512W,Hofstra University South Campus,40.71308,-73.59826,2026-01-02T11:40:00Z,3.575,246.0
0512W,Hofstra University South Campus,40.71308,-73.59826,2026-01-02T11:50:00Z,1.343,248.0
0512W,Hofstra University South Campus,40.71308,-73.59826,2026-01-02T12:00:00Z,1.79,298.0
0512W,Hofstra University South Campus,40.71308,-73.59826,2026-01-02T12:10:00Z,4.918,288.0
0512W,Hofstra University South Campus,40.71308,-73.59826,2026-01-02T12:20:00Z,1.343,270.0
0512W,Hofstra University South Campus,40.71308,-73.59826,2026-01-02T12:30:00Z,1.343,277.0
0512W,Hofstra University South Campus,40.71308,-73.59826,2026-01-02T12:40:00Z,2.233,241.0
0512W,Hofstra University South Campus,40.71308,-73.59826,2026-01-02T12:50:00Z,1.343,327.0
0512W,Hofstra University South Campus,40.71308,-73.59826,2026-01-02T13:00:00Z,1.343,267.0
0512W,Hofstra University South Campus,40.71308,-73.59826,2026-01-02T13:10:00Z,2.233,300.0
0512W,Hofstra University South Campus,40.71308,-73.59826,2026-01-02T13:20:00Z,2.233,307.0
0512W,Hofstra University South Campus,40.71308,-73.59826,2026-01-02T13:30:00Z,2.233,235.0
0512W,Hofstra University South Campus,40.71308,-73.59826,2026-01-02T13:40:00Z,1.79,221.0
0512W,Hofstra University South Campus,40.71308,-73.59826,2026-01-02T13:50:00Z,2.68,226.0
0512W,Hofstra University South Campus,40.71308,-73.59826,2026-01-02T14:00:00Z,1.343,229.0
0512W,Hofstra University South Campus,40.71308,-73.59826,2026-01-02T14:10:00Z,3.128,299.0
0512W,Hofstra University South Campus,40.71308,-73.59826,2026-01-02T14:20:00Z,1.79,269.0
0512W,Hofstra University South Campus,40.71308,-73.59826,2026-01-02T14:30:00Z,3.575,239.0
0512W,Hofstra University South Campus,40.71308,-73.59826,2026-01-02T14:40:00Z,1.79,280.0
0512W,Hofstra University South Campus,40.71308,-73.59826,2026-01-02T14:50:00Z,4.023,263.0
0512W,Hofstra University South Campus,40.71308,-73.59826,2026-01-02T15:00:00Z,2.68,266.0
0512W,Hofstra University South Campus,40.71308,-73.59826,2026-01-02T15:10:00Z,1.343,261.0
0512W,Hofstra University South Campus,40.71308,-73.59826,2026-01-02T15:20:00Z,2.233,252.0
0512W,Hofstra University South Campus,40.71308,-73.59826,2026-01-02T15:30:00Z,0.0,0.0
0512W,Hofstra University South Campus,40.71308,-73.59826,2026-01-02T15:40:00Z,1.343,263.0
0512W,Hofstra University South Campus,40.71308,-73.59826,2026-01-02T15:50:00Z,2.68,279.0
0512W,Hofstra University South Campus,40.71308,-73.59826,2026-01-02T16:00:00Z,1.79,296.0
0512W,Hofstra University South Campus,40.71308,-73.59826,2026-01-02T17:10:00Z,1.343,330.0
0512W,Hofstra University South Campus,40.71308,-73.59826,2026-01-02T17:20:00Z,5.366,243.0
0512W,Hofstra University South Campus,40.71308,-73.59826,2026-01-02T17:30:00Z,2.233,252.0
0512W,Hofstra University South Campus,40.71308,-73.59826,2026-01-02T17:40:00Z,1.79,273.0
0512W,Hofstra University South Campus,40.71308,-73.59826,2026-01-02T17:50:00Z,1.343,281.0
0512W,Hofstra University South Campus,40.71308,-73.59826,2026-01-02T18:00:00Z,0.0,0.0
0512W,Hofstra University South Campus,40.71308,-73.59826,2026-01-02T18:10:00Z,2.233,254.0
0512W,Hofstra University South Campus,40.71308,-73.59826,2026-01-02T18:20:00Z,5.813,226.0
0512W,Hofstra University South Campus,40.71308,-73.59826,2026-01-02T18:30:00Z,3.128,260.0
0512W,Hofstra University South Campus,40.71308,-73.59826,2026-01-02T18:40:00Z,2.233,238.0
0512W,Hofstra University South Campus,40.71308,-73.59826,2026-01-02T18:50:00Z,3.575,253.0
0512W,Hofstra University South Campus,40.71308,-73.59826,2026-01-02T19:00:00Z,1.343,286.0
0512W,Hofstra University South Campus,40.71308,-73.59826,2026-01-02T19:10:00Z,2.233,232.0
0512W,Hofstra University South Campus,40.71308,-73.59826,2026-01-02T19:20:00Z,3.575,290.0
0512W,Hofstra University South Campus,40.71308,-73.59826,2026-01-02T19:30:00Z,3.128,251.0
0512W,Hofstra University South Campus,40.71308,-73.59826,2026-01-02T19:40:00Z,1.343,280.0
0512W,Hofstra University South Campus,40.71308,-73.59826,2026-01-02T19:50:00Z,3.575,310.0
0512W,Hofstra University South Campus,40.71308,-73.59826,2026-01-02T20:00:00Z,0.895,226.0
0512W,Hofstra University South Campus,40.71308,-73.59826,2026-01-02T20:10:00Z,0.895,313.0
0512W,Hofstra University South Campus,40.71308,-73.59826,2026-01-02T20:20:00Z,3.128,262.0
0512W,Hofstra University South Campus,40.71308,-73.59826,2026-01-02T20:30:00Z,1.79,267.0
0512W,Hofstra University South Campus,40.71308,-73.59826,2026-01-02T20:40:00Z,0.448,281.0
0512W,Hofstra University South Campus,40.71308,-73.59826,2026-01-02T20:50:00Z,2.68,314.0
0512W,Hofstra University South Campus,40.71308,-73.59826,2026-01-02T21:00:00Z,4.918,248.0
0512W,Hofstra University South Campus,40.71308,-73.59826,2026-01-02T21:10:00Z,1.79,340.0
0512W,Hofstra University South Campus,40.71308,-73.59826,2026-01-02T21:20:00Z,3.128,245.0
0512W,Hofstra University South Campus,40.71308,-73.59826,2026-01-02T21:30:00Z,3.575,317.0
0512W,Hofstra University South Campus,40.71308,-73.59826,2026-01-02T21:40:00Z,0.895,292.0
0512W,Hofstra University South Campus,40.71308,-73.59826,2026-01-02T21:50:00Z,2.68,324.0
0512W,Hofstra University South Campus,40.71308,-73.59826,2026-01-02T22:00:00Z,4.471,278.0
0512W,Hofstra University South Campus,40.71308,-73.59826,2026-01-02T22:10:00Z,3.575,313.0
0512W,Hofstra University South Campus,40.71308,-73.59826,2026-01-02T22:20:00Z,2.233,355.0
0512W,Hofstra University South Campus,40.71308,-73.59826,2026-01-02T22:30:00Z,1.79,328.0
0512W,Hofstra University South Campus,40.71308,-73.59826,2026-01-02T22:40:00Z,2.233,312.0
0512W,Hofstra University South Campus,40.71308,-73.59826,2026-01-02T22:50:00Z,4.918,304.0
0512W,Hofstra University South Campus,40.71308,-73.59826,2026-01-02T23:00:00Z,3.575,311.0
0512W,Hofstra University South Campus,40.71308,-73.59826,2026-01-02T23:10:00Z,1.343,314.0
0512W,Hofstra University South Campus,40.71308,-73.59826,2026-01-02T23:20:00Z,2.233,290.0
0512W,Hofstra University South Campus,40.71308,-73.59826,2026-01-02T23:30:00Z,1.343,319.0
0512W,Hofstra University South Campus,40.71308,-73.59826,2026-01-02T23:40:00Z,1.79,325.0
0512W,Hofstra University South Campus,40.71308,-73.59826,2026-01-02T23:50:00Z,2.68,277.0
0512W,Hofstra University South Campus,40.71308,-73.59826,2026-01-03T00:00:00Z,3.575,301.0
0512W,Hofstra University South Campus,40.71308,-73.59826,2026-01-03T00:10:00Z,1.343,347.0
0512W,Hofstra University South Campus,40.71308,-73.59826,2026-01-03T00:20:00Z,0.895,303.0
0512W,Hofstra University South Campus,40.71308,-73.59826,2026-01-03T00:30:00Z,1.343,316.0
0512W,Hofstra University South Campus,40.71308,-73.59826,2026-01-03T00:40:00Z,1.343,313.0
0512W,Hofstra University South Campus,40.71308,-73.59826,2026-01-03T00:50:00Z,1.79,317.0
0512W,Hofstra University South Campus,40.71308,-73.59826,2026-01-03T01:00:00Z,1.343,323.0
0512W,Hofstra University South Campus,40.71308,-73.59826,2026-01-03T01:10:00Z,0.895,281.0
0512W,Hofstra University South Campus,40.71308,-73.59826,2026-01-03T01:20:00Z,0.895,313.0
0512W,Hofstra University South Campus,40.71308,-73.59826,2026-01-03T01:30:00Z,0.448,296.0
0512W,Hofstra University South Campus,40.71308,-73.59826,2026-01-03T01:40:00Z,0.0,0.0
0512W,Hofstra University South Campus,40.71308,-73.59826,2026-01-03T01:50:00Z,0.0,0.0
0512W,Hofstra University South Campus,40.71308,-73.59826,2026-01-03T02:00:00Z,2.68,265.0
0512W,Hofstra University South Campus,40.71308,-73.59826,2026-01-03T02:10:00Z,1.79,281.0
0512W,Hofstra University South Campus,40.71308,-73.59826,2026-01-03T02:20:00Z,3.128,305.0
0512W,Hofstra University South Campus,40.71308,-73.59826,2026-01-03T02:30:00Z,0.0,0.0
0512W,Hofstra University South Campus,40.71308,-73.59826,2026-01-03T02:40:00Z,0.895,292.0
0512W,Hofstra University South Campus,40.71308,-73.59826,2026-01-03T02:50:00Z,1.79,336.0
0512W,Hofstra University South Campus,40.71308,-73.59826,2026-01-03T03:00:00Z,1.79,344.0
0512W,Hofstra University South Campus,40.71308,-73.59826,2026-01-03T03:10:00Z,5.813,317.0
0512W,Hofstra University South Campus,40.71308,-73.59826,2026-01-03T03:20:00Z,4.023,343.0
0512W,Hofstra University South Campus,40.71308,-73.59826,2026-01-03T03:30:00Z,3.128,276.0
0512W,Hofstra University South Campus,40.71308,-73.59826,2026-01-03T03:40:00Z,3.575,319.0
0512W,Hofstra University South Campus,40.71308,-73.59826,2026-01-03T03:50:00Z,1.79,325.0
0512W,Hofstra University South Campus,40.71308,-73.59826,2026-01-03T04:00:00Z,6.261,299.0
0512W,Hofstra University South Campus,40.71308,-73.59826,2026-01-03T04:10:00Z,2.233,319.0
0512W,Hofstra University South Campus,40.71308,-73.59826,2026-01-03T04:20:00Z,5.366,317.0
0512W,Hofstra University South Campus,40.71308,-73.59826,2026-01-03T04:30:00Z,2.233,19.0
0512W,Hofstra University South Campus,40.71308,-73.59826,2026-01-03T04:40:00Z,4.471,348.0
0512W,Hofstra University South Campus,40.71308,-73.59826,2026-01-03T04:50:00Z,3.575,336.0
0512W,Hofstra University South Campus,40.71308,-73.59826,2026-01-03T05:00:00Z,2.233,321.0
0512W,Hofstra University South Campus,40.71308,-73.59826,2026-01-03T05:10:00Z,1.343,318.0
0512W,Hofstra University South Campus,40.71308,-73.59826,2026-01-03T05:20:00Z,2.233,336.0
0512W,Hofstra University South Campus,40.71308,-73.59826,2026-01-03T05:30:00Z,0.0,0.0
0512W,Hofstra University South Campus,40.71308,-73.59826,2026-01-03T05:40:00Z,1.343,315.0
0512W,Hofstra University South Campus,40.71308,-73.59826,2026-01-03T05:50:00Z,1.343,338.0
0512W,Hofstra University South Campus,40.71308,-73.59826,2026-01-03T06:00:00Z,2.68,275.0
0512W,Hofstra University South Campus,40.71308,-73.59826,2026-01-03T06:10:00Z,1.79,325.0
0512W,Hofstra University South Campus,40.71308,-73.59826,2026-01-03T06:20:00Z,1.343,310.0
0512W,Hofstra University South Campus,40.71308,-73.59826,2026-01-03T06:30:00Z,4.471,313.0
0512W,Hofstra University South Campus,40.71308,-73.59826,2026-01-03T06:40:00Z,2.68,267.0
0512W,Hofstra University South Campus,40.71308,-73.59826,2026-01-03T06:50:00Z,2.233,345.0
0512W,Hofstra University South Campus,40.71308,-73.59826,2026-01-03T07:00:00Z,2.68,313.0
0512W,Hofstra University South Campus,40.71308,-73.59826,2026-01-03T07:10:00Z,1.79,327.0
0512W,Hofstra University South Campus,40.71308,-73.59826,2026-01-03T07:20:00Z,3.128,307.0
0512W,Hofstra University South Campus,40.71308,-73.59826,2026-01-03T07:30:00Z,2.68,329.0
0512W,Hofstra University South Campus,40.71308,-73.59826,2026-01-03T07:40:00Z,4.023,325.0
0512W,Hofstra University South Campus,40.71308,-73.59826,2026-01-03T07:50:00Z,3.128,282.0
0512W,Hofstra University South Campus,40.71308,-73.59826,2026-01-03T08:10:00Z,0.895,321.0
0512W,Hofstra University South Campus,40.71308,-73.59826,2026-01-03T08:20:00Z,1.79,298.0
0512W,Hofstra University South Campus,40.71308,-73.59826,2026-01-03T08:30:00Z,2.68,327.0
0512W,Hofstra University South Campus,40.71308,-73.59826,2026-01-03T08:40:00Z,1.79,340.0
0512W,Hofstra University South Campus,40.71308,-73.59826,2026-01-03T08:50:00Z,0.895,303.0
0512W,Hofstra University South Campus,40.71308,-73.59826,2026-01-03T09:00:00Z,2.68,274.0
0512W,Hofstra University South Campus,40.71308,-73.59826,2026-01-03T09:10:00Z,2.68,281.0
0512W,Hofstra University South Campus,40.71308,-73.59826,2026-01-03T09:20:00Z,3.575,322.0
0512W,Hofstra University South Campus,40.71308,-73.59826,2026-01-03T09:30:00Z,1.79,290.0
0512W,Hofstra University South Campus,40.71308,-73.59826,2026-01-03T09:40:00Z,2.68,328.0
0512W,Hofstra University South Campus,40.71308,-73.59826,2026-01-03T09:50:00Z,5.813,315.0
0512W,Hofstra University South Campus,40.71308,-73.59826,2026-01-03T10:10:00Z,2.68,273.0
0512W,Hofstra University South Campus,40.71308,-73.59826,2026-01-03T10:20:00Z,2.233,255.0
0512W,Hofstra University South Campus,40.71308,-73.59826,2026-01-03T10:30:00Z,2.68,259.0
0512W,Hofstra University South Campus,40.71308,-73.59826,2026-01-03T10:40:00Z,0.895,267.0
0512W,Hofstra University South Campus,40.71308,-73.59826,2026-01-03T10:50:00Z,1.79,301.0
0512W,Hofstra University South Campus,40.71308,-73.59826,2026-01-03T11:00:00Z,0.448,260.0
0512W,Hofstra University South Campus,40.71308,-73.59826,2026-01-03T11:10:00Z,0.448,298.0
0512W,Hofstra University South Campus,40.71308,-73.59826,2026-01-03T11:20:00Z,0.0,0.0
0512W,Hofstra University South Campus,40.71308,-73.59826,2026-01-03T11:30:00Z,0.0,0.0
0512W,Hofstra University South Campus,40.71308,-73.59826,2026-01-03T11:40:00Z,0.448,242.0
0512W,Hofstra University South Campus,40.71308,-73.59826,2026-01-03T11:50:00Z,0.0,0.0
0512W,Hofstra University South Campus,40.71308,-73.59826,2026-01-03T12:00:00Z,1.343,287.0
0512W,Hofstra University South Campus,40.71308,-73.59826,2026-01-03T12:10:00Z,0.0,0.0
0512W,Hofstra University South Campus,40.71308,-73.59826,2026-01-03T12:20:00Z,0.895,340.0
0512W,Hofstra University South Campus,40.71308,-73.59826,2026-01-03T12:30:00Z,5.813,336.0
0512W,Hofstra University South Campus,40.71308,-73.59826,2026-01-03T12:40:00Z,1.79,321.0
0512W,Hofstra University South Campus,40.71308,-73.59826,2026-01-03T12:50:00Z,3.575,279.0
0512W,Hofstra University South Campus,40.71308,-73.59826,2026-01-03T13:00:00Z,2.233,317.0
0512W,Hofstra University South Campus,40.71308,-73.59826,2026-01-03T13:10:00Z,1.343,336.0
0512W,Hofstra University South Campus,40.71308,-73.59826,2026-01-03T13:20:00Z,1.79,264.0
0512W,Hofstra University South Campus,40.71308,-73.59826,2026-01-03T13:30:00Z,4.471,290.0
0512W,Hofstra University South Campus,40.71308,-73.59826,2026-01-03T13:40:00Z,2.233,296.0
0512W,Hofstra University South Campus,40.71308,-73.59826,2026-01-03T13:50:00Z,1.343,306.0
0512W,Hofstra University South Campus,40.71308,-73.59826,2026-01-03T14:00:00Z,3.575,350.0
0512W,Hofstra University South Campus,40.71308,-73.59826,2026-01-03T14:10:00Z,4.023,331.0
0512W,Hofstra University South Campus,40.71308,-73.59826,2026-01-03T14:20:00Z,4.471,316.0
0512W,Hofstra University South Campus,40.71308,-73.59826,2026-01-03T14:30:00Z,7.598,314.0
0512W,Hofstra University South Campus,40.71308,-73.59826,2026-01-03T14:40:00Z,2.68,337.0
0512W,Hofstra University South Campus,40.71308,-73.59826,2026-01-03T14:50:00Z,2.68,329.0
0512W,Hofstra University South Campus,40.71308,-73.59826,2026-01-03T15:00:00Z,1.343,344.0
0512W,Hofstra University South Campus,40.71308,-73.59826,2026-01-03T15:10:00Z,2.233,317.0
0512W,Hofstra University South Campus,40.71308,-73.59826,2026-01-03T15:20:00Z,4.023,340.0
0512W,Hofstra University South Campus,40.71308,-73.59826,2026-01-03T15:30:00Z,1.343,319.0
0512W,Hofstra University South Campus,40.71308,-73.59826,2026-01-03T15:40:00Z,2.233,293.0
0512W,Hofstra University South Campus,40.71308,-73.59826,2026-01-03T15:50:00Z,2.233,30.0
0512W,Hofstra University South Campus,40.71308,-73.59826,2026-01-03T16:00:00Z,2.68,322.0
0512W,Hofstra University South Campus,40.71308,-73.59826,2026-01-03T16:10:00Z,3.575,313.0
0512W,Hofstra University South Campus,40.71308,-73.59826,2026-01-03T16:20:00Z,5.366,291.0
0512W,Hofstra University South Campus,40.71308,-73.59826,2026-01-03T16:30:00Z,3.575,281.0
0512W,Hofstra University South Campus,40.71308,-73.59826,2026-01-03T16:40:00Z,2.233,60.0
0512W,Hofstra University South Campus,40.71308,-73.59826,2026-01-03T16:50:00Z,1.343,319.0
0512W,Hofstra University South Campus,40.71308,-73.59826,2026-01-03T17:00:00Z,2.233,334.0
0512W,Hofstra University South Campus,40.71308,-73.59826,2026-01-03T17:10:00Z,2.233,305.0
0512W,Hofstra University South Campus,40.71308,-73.59826,2026-01-03T17:20:00Z,0.895,273.0
0512W,Hofstra University South Campus,40.71308,-73.59826,2026-01-03T17:30:00Z,0.895,336.0
0512W,Hofstra University South Campus,40.71308,-73.59826,2026-01-03T17:40:00Z,1.79,331.0
0512W,Hofstra University South Campus,40.71308,-73.59826,2026-01-03T17:50:00Z,3.575,324.0
0512W,Hofstra University South Campus,40.71308,-73.59826,2026-01-03T18:00:00Z,3.128,261.0
0512W,Hofstra University South Campus,40.71308,-73.59826,2026-01-03T18:10:00Z,4.023,342.0
0512W,Hofstra University South Campus,40.71308,-73.59826,2026-01-03T18:20:00Z,3.575,312.0
0512W,Hofstra University South Campus,40.71308,-73.59826,2026-01-03T18:30:00Z,2.68,321.0
0512W,Hofstra University South Campus,40.71308,-73.59826,2026-01-03T18:40:00Z,2.233,14.0
0512W,Hofstra University South Campus,40.71308,-73.59826,2026-01-03T18:50:00Z,1.79,320.0
0512W,Hofstra University South Campus,40.71308,-73.59826,2026-01-03T19:00:00Z,3.575,325.0
0512W,Hofstra University South Campus,40.71308,-73.59826,2026-01-03T19:10:00Z,4.023,323.0
0512W,Hofstra University South Campus,40.71308,-73.59826,2026-01-03T19:20:00Z,3.575,322.0
0512W,Hofstra University South Campus,40.71308,-73.59826,2026-01-03T19:30:00Z,1.343,347.0
0512W,Hofstra University South Campus,40.71308,-73.59826,2026-01-03T19:40:00Z,2.233,305.0
0512W,Hofstra University South Campus,40.71308,-73.59826,2026-01-03T19:50:00Z,0.448,271.0
0512W,Hofstra University South Campus,40.71308,-73.59826,2026-01-03T20:00:00Z,1.79,222.0
0512W,Hofstra University South Campus,40.71308,-73.59826,2026-01-03T20:10:00Z,1.343,321.0
0512W,Hofstra University South Campus,40.71308,-73.59826,2026-01-03T20:20:00Z,2.68,321.0
0512W,Hofstra University South Campus,40.71308,-73.59826,2026-01-03T20:30:00Z,1.343,329.0
0512W,Hofstra University South Campus,40.71308,-73.59826,2026-01-03T20:40:00Z,0.448,315.0
0512W,Hofstra University South Campus,40.71308,-73.59826,2026-01-03T20:50:00Z,1.79,326.0
0512W,Hofstra University South Campus,40.71308,-73.59826,2026-01-03T21:00:00Z,0.895,300.0
0512W,Hofstra University South Campus,40.71308,-73.59826,2026-01-03T21:10:00Z,1.343,273.0
0512W,Hofstra University South Campus,40.71308,-73.59826,2026-01-03T21:20:00Z,0.895,311.0
0512W,Hofstra University South Campus,40.71308,-73.59826,2026-01-03T21:30:00Z,0.448,319.0
0512W,Hofstra University South Campus,40.71308,-73.59826,2026-01-03T21:40:00Z,1.343,296.0
0512W,Hofstra University South Campus,40.71308,-73.59826,2026-01-03T21:50:00Z,0.895,315.0
0512W,Hofstra University South Campus,40.71308,-73.59826,2026-01-03T22:00:00Z,0.448,315.0
0512W,Hofstra University South Campus,40.71308,-73.59826,2026-01-03T22:10:00Z,0.895,307.0
0512W,Hofstra University South Campus,40.71308,-73.59826,2026-01-03T22:20:00Z,0.0,0.0
0512W,Hofstra University South Campus,40.71308,-73.59826,2026-01-03T22:30:00Z,0.895,318.0
0512W,Hofstra University South Campus,40.71308,-73.59826,2026-01-03T22:40:00Z,0.0,0.0
0512W,Hofstra University South Campus,40.71308,-73.59826,2026-01-03T22:50:00Z,0.895,323.0
0512W,Hofstra University South Campus,40.71308,-73.59826,2026-01-03T23:00:00Z,0.895,327.0
0512W,Hofstra University South Campus,40.71308,-73.59826,2026-01-03T23:10:00Z,0.448,355.0
0512W,Hofstra University South Campus,40.71308,-73.59826,2026-01-03T23:20:00Z,0.0,0.0
0512W,Hofstra University South Campus,40.71308,-73.59826,2026-01-03T23:30:00Z,0.0,0.0
0512W,Hofstra University South Campus,40.71308,-73.59826,2026-01-03T23:40:00Z,0.0,0.0
0512W,Hofstra University South Campus,40.71308,-73.59826,2026-01-03T23:50:00Z,0.0,0.0
0512W,Hofstra University South Campus,40.71308,-73.59826,2026-01-04T00:00:00Z,0.448,329.0
0512W,Hofstra University South Campus,40.71308,-73.59826,2026-01-04T00:10:00Z,0.0,0.0
0512W,Hofstra University South Campus,40.71308,-73.59826,2026-01-04T00:20:00Z,0.448,323.0
0512W,Hofstra University South Campus,40.71308,-73.59826,2026-01-04T00:30:00Z,0.0,0.0
0512W,Hofstra University South Campus,40.71308,-73.59826,2026-01-04T00:40:00Z,0.0,0.0
0512W,Hofstra University South Campus,40.71308,-73.59826,2026-01-04T00:50:00Z,0.0,0.0
0512W,Hofstra University South Campus,40.71308,-73.59826,2026-01-04T01:00:00Z,0.0,0.0
0512W,Hofstra University South Campus,40.71308,-73.59826,2026-01-04T01:10:00Z,0.448,129.0
0512W,Hofstra University South Campus,40.71308,-73.59826,2026-01-04T01:20:00Z,0.448,128.0
0512W,Hofstra University South Campus,40.71308,-73.59826,2026-01-04T01:30:00Z,0.895,123.0
0512W,Hofstra University South Campus,40.71308,-73.59826,2026-01-04T01:40:00Z,0.448,99.0
0512W,Hofstra University South Campus,40.71308,-73.59826,2026-01-04T01:50:00Z,0.0,0.0
0512W,Hofstra University South Campus,40.71308,-73.59826,2026-01-04T02:00:00Z,0.895,165.0
0512W,Hofstra University South Campus,40.71308,-73.59826,2026-01-04T02:10:00Z,0.448,159.0
0512W,Hofstra University South Campus,40.71308,-73.59826,2026-01-04T02:20:00Z,0.0,0.0
0512W,Hofstra University South Campus,40.71308,-73.59826,2026-01-04T02:30:00Z,0.448,159.0
0512W,Hofstra University South Campus,40.71308,-73.59826,2026-01-04T02:40:00Z,0.448,161.0
0512W,Hofstra University South Campus,40.71308,-73.59826,2026-01-04T02:50:00Z,0.0,0.0
0512W,Hofstra University South Campus,40.71308,-73.59826,2026-01-04T03:00:00Z,0.0,0.0
0512W,Hofstra University South Campus,40.71308,-73.59826,2026-01-04T03:10:00Z,0.0,0.0
0512W,Hofstra University South Campus,40.71308,-73.59826,2026-01-04T03:20:00Z,1.343,329.0
0512W,Hofstra University South Campus,40.71308,-73.59826,2026-01-04T03:30:00Z,0.895,315.0
0512W,Hofstra University South Campus,40.71308,-73.59826,2026-01-04T03:40:00Z,1.343,330.0
0512W,Hofstra University South Campus,40.71308,-73.59826,2026-01-04T03:50:00Z,1.79,331.0
0512W,Hofstra University South Campus,40.71308,-73.59826,2026-01-04T04:00:00Z,2.233,338.0
0512W,Hofstra University South Campus,40.71308,-73.59826,2026-01-04T04:10:00Z,1.343,317.0
0512W,Hofstra University South Campus,40.71308,-73.59826,2026-01-04T04:20:00Z,1.343,323.0
0512W,Hofstra University South Campus,40.71308,-73.59826,2026-01-04T04:30:00Z,0.895,339.0
0512W,Hofstra University South Campus,40.71308,-73.59826,2026-01-04T04:40:00Z,0.895,348.0
0512W,Hofstra University South Campus,40.71308,-73.59826,2026-01-04T04:50:00Z,2.233,327.0
0512W,Hofstra University South Campus,40.71308,-73.59826,2026-01-04T05:00:00Z,1.79,355.0
0512W,Hofstra University South Campus,40.71308,-73.59826,2026-01-04T05:20:00Z,1.79,346.0
0512W,Hofstra University South Campus,40.71308,-73.59826,2026-01-04T05:30:00Z,2.68,340.0
0512W,Hofstra University South Campus,40.71308,-73.59826,2026-01-04T05:40:00Z,1.343,319.0
0512W,Hofstra University South Campus,40.71308,-73.59826,2026-01-04T05:50:00Z,0.448,337.0
0512W,Hofstra University South Campus,40.71308,-73.59826,2026-01-04T06:00:00Z,0.895,327.0
0512W,Hofstra University South Campus,40.71308,-73.59826,2026-01-04T06:10:00Z,0.448,327.0
0512W,Hofstra University South Campus,40.71308,-73.59826,2026-01-04T06:20:00Z,1.343,296.0
0512W,Hofstra University South Campus,40.71308,-73.59826,2026-01-04T06:40:00Z,1.79,316.0
0512W,Hofstra University South Campus,40.71308,-73.59826,2026-01-04T06:50:00Z,0.448,325.0
0512W,Hofstra University South Campus,40.71308,-73.59826,2026-01-04T07:00:00Z,1.79,349.0
0512W,Hofstra University South Campus,40.71308,-73.59826,2026-01-04T07:10:00Z,0.895,324.0
0512W,Hofstra University South Campus,40.71308,-73.59826,2026-01-04T07:20:00Z,2.233,316.0
0512W,Hofstra University South Campus,40.71308,-73.59826,2026-01-04T07:30:00Z,1.79,329.0
0512W,Hofstra University South Campus,40.71308,-73.59826,2026-01-04T07:40:00Z,1.343,344.0
0512W,Hofstra University South Campus,40.71308,-73.59826,2026-01-04T07:50:00Z,1.79,324.0
0512W,Hofstra University South Campus,40.71308,-73.59826,2026-01-04T08:00:00Z,1.343,345.0
0512W,Hofstra University South Campus,40.71308,-73.59826,2026-01-04T08:10:00Z,1.79,325.0
0512W,Hofstra University South Campus,40.71308,-73.59826,2026-01-04T08:20:00Z,1.343,317.0
0512W,Hofstra University South Campus,40.71308,-73.59826,2026-01-04T08:30:00Z,1.79,321.0
0512W,Hofstra University South Campus,40.71308,-73.59826,2026-01-04T08:40:00Z,1.343,341.0
0512W,Hofstra University South Campus,40.71308,-73.59826,2026-01-04T08:50:00Z,0.895,320.0
0512W,Hofstra University South Campus,40.71308,-73.59826,2026-01-04T09:00:00Z,1.343,305.0
0512W,Hofstra University South Campus,40.71308,-73.59826,2026-01-04T09:10:00Z,2.233,311.0
0512W,Hofstra University South Campus,40.71308,-73.59826,2026-01-04T09:20:00Z,2.233,312.0
0512W,Hofstra University South Campus,40.71308,-73.59826,2026-01-04T09:30:00Z,0.895,336.0
0512W,Hofstra University South Campus,40.71308,-73.59826,2026-01-04T09:40:00Z,2.68,316.0
0512W,Hofstra University South Campus,40.71308,-73.59826,2026-01-04T09:50:00Z,1.343,302.0
0512W,Hofstra University South Campus,40.71308,-73.59826,2026-01-04T10:10:00Z,1.79,348.0
0512W,Hofstra University South Campus,40.71308,-73.59826,2026-01-04T10:20:00Z,1.79,342.0
0512W,Hofstra University South Campus,40.71308,-73.59826,2026-01-04T10:30:00Z,1.343,341.0
0512W,Hofstra University South Campus,40.71308,-73.59826,2026-01-04T10:40:00Z,0.895,345.0
0512W,Hofstra University South Campus,40.71308,-73.59826,2026-01-04T10:50:00Z,1.79,17.0
0512W,Hofstra University South Campus,40.71308,-73.59826,2026-01-04T11:00:00Z,1.343,318.0
0512W,Hofstra University South Campus,40.71308,-73.59826,2026-01-04T11:10:00Z,2.233,349.0
0512W,Hofstra University South Campus,40.71308,-73.59826,2026-01-04T11:20:00Z,0.895,305.0
0512W,Hofstra University South Campus,40.71308,-73.59826,2026-01-04T11:30:00Z,2.233,333.0
0512W,Hofstra University South Campus,40.71308,-73.59826,2026-01-04T11:40:00Z,1.79,350.0
0512W,Hofstra University South Campus,40.71308,-73.59826,2026-01-04T11:50:00Z,1.343,331.0
0512W,Hofstra University South Campus,40.71308,-73.59826,2026-01-04T12:00:00Z,1.343,325.0
0512W,Hofstra University South Campus,40.71308,-73.59826,2026-01-04T12:10:00Z,1.79,311.0
0512W,Hofstra University South Campus,40.71308,-73.59826,2026-01-04T12:20:00Z,2.68,360.0
0512W,Hofstra University South Campus,40.71308,-73.59826,2026-01-04T12:30:00Z,0.448,327.0
0512W,Hofstra University South Campus,40.71308,-73.59826,2026-01-04T12:40:00Z,1.343,338.0
0512W,Hofstra University South Campus,40.71308,-73.59826,2026-01-04T12:50:00Z,1.79,319.0
0512W,Hofstra University South Campus,40.71308,-73.59826,2026-01-04T13:00:00Z,3.575,355.0
0512W,Hofstra University South Campus,40.71308,-73.59826,2026-01-04T13:10:00Z,0.0,0.0
0512W,Hofstra University South Campus,40.71308,-73.59826,2026-01-04T13:20:00Z,1.79,5.0
0512W,Hofstra University South Campus,40.71308,-73.59826,2026-01-04T13:30:00Z,2.233,337.0
0512W,Hofstra University South Campus,40.71308,-73.59826,2026-01-04T13:40:00Z,1.79,332.0
0512W,Hofstra University South Campus,40.71308,-73.59826,2026-01-04T13:50:00Z,0.895,5.0
0512W,Hofstra University South Campus,40.71308,-73.59826,2026-01-04T14:00:00Z,1.79,347.0
0512W,Hofstra University South Campus,40.71308,-73.59826,2026-01-04T14:10:00Z,1.79,345.0
0512W,Hofstra University South Campus,40.71308,-73.59826,2026-01-04T14:20:00Z,0.895,330.0
0512W,Hofstra University South Campus,40.71308,-73.59826,2026-01-04T14:30:00Z,2.233,327.0
0512W,Hofstra University South Campus,40.71308,-73.59826,2026-01-04T14:40:00Z,0.895,332.0
0512W,Hofstra University South Campus,40.71308,-73.59826,2026-01-04T14:50:00Z,2.233,11.0
0512W,Hofstra University South Campus,40.71308,-73.59826,2026-01-04T15:00:00Z,0.895,320.0
0512W,Hofstra University South Campus,40.71308,-73.59826,2026-01-04T15:10:00Z,2.233,344.0
0512W,Hofstra University South Campus,40.71308,-73.59826,2026-01-04T15:20:00Z,4.023,335.0
0512W,Hofstra University South Campus,40.71308,-73.59826,2026-01-04T15:30:00Z,3.575,313.0
0512W,Hofstra University South Campus,40.71308,-73.59826,2026-01-04T15:40:00Z,1.343,5.0
0512W,Hofstra University South Campus,40.71308,-73.59826,2026-01-04T15:50:00Z,1.343,311.0
0512W,Hofstra University South Campus,40.71308,-73.59826,2026-01-04T16:00:00Z,0.448,338.0
0512W,Hofstra University South Campus,40.71308,-73.59826,2026-01-04T16:10:00Z,0.448,299.0
0512W,Hofstra University South Campus,40.71308,-73.59826,2026-01-04T16:20:00Z,0.895,57.0
0512W,Hofstra University South Campus,40.71308,-73.59826,2026-01-04T16:30:00Z,0.448,310.0
0512W,Hofstra University South Campus,40.71308,-73.59826,2026-01-04T16:40:00Z,1.343,342.0
0512W,Hofstra University South Campus,40.71308,-73.59826,2026-01-04T16:50:00Z,1.79,81.0
0512W,Hofstra University South Campus,40.71308,-73.59826,2026-01-04T17:00:00Z,0.895,309.0
0512W,Hofstra University South Campus,40.71308,-73.59826,2026-01-04T17:10:00Z,0.448,191.0
0512W,Hofstra University South Campus,40.71308,-73.59826,2026-01-04T17:20:00Z,1.343,14.0
0512W,Hofstra University South Campus,40.71308,-73.59826,2026-01-04T17:30:00Z,0.895,351.0
0512W,Hofstra University South Campus,40.71308,-73.59826,2026-01-04T17:40:00Z,1.343,30.0
0512W,Hofstra University South Campus,40.71308,-73.59826,2026-01-04T17:50:00Z,2.68,342.0
0512W,Hofstra University South Campus,40.71308,-73.59826,2026-01-04T18:00:00Z,1.343,297.0
0512W,Hofstra University South Campus,40.71308,-73.59826,2026-01-04T18:10:00Z,1.343,316.0
0512W,Hofstra University South Campus,40.71308,-73.59826,2026-01-04T18:20:00Z,4.023,327.0
0512W,Hofstra University South Campus,40.71308,-73.59826,2026-01-04T18:30:00Z,2.233,346.0
0512W,Hofstra University South Campus,40.71308,-73.59826,2026-01-04T18:40:00Z,2.233,308.0
0512W,Hofstra University South Campus,40.71308,-73.59826,2026-01-04T18:50:00Z,1.79,324.0
0512W,Hofstra University South Campus,40.71308,-73.59826,2026-01-04T19:00:00Z,3.575,355.0
0512W,Hofstra University South Campus,40.71308,-73.59826,2026-01-04T19:10:00Z,1.343,265.0
0512W,Hofstra University South Campus,40.71308,-73.59826,2026-01-04T19:20:00Z,3.128,309.0
0512W,Hofstra University South Campus,40.71308,-73.59826,2026-01-04T19:30:00Z,0.895,287.0
0512W,Hofstra University South Campus,40.71308,-73.59826,2026-01-04T19:40:00Z,4.471,360.0
0512W,Hofstra University South Campus,40.71308,-73.59826,2026-01-04T19:50:00Z,1.79,40.0
0512W,Hofstra University South Campus,40.71308,-73.59826,2026-01-04T20:00:00Z,2.68,36.0
0512W,Hofstra University South Campus,40.71308,-73.59826,2026-01-04T20:10:00Z,4.471,341.0
0512W,Hofstra University South Campus,40.71308,-73.59826,2026-01-04T20:20:00Z,4.023,355.0
0512W,Hofstra University South Campus,40.71308,-73.59826,2026-01-04T20:30:00Z,1.79,346.0
0512W,Hofstra University South Campus,40.71308,-73.59826,2026-01-04T20:40:00Z,5.813,325.0
0512W,Hofstra University South Campus,40.71308,-73.59826,2026-01-04T20:50:00Z,4.918,313.0
0512W,Hofstra University South Campus,40.71308,-73.59826,2026-01-04T21:00:00Z,4.471,326.0
0512W,Hofstra University South Campus,40.71308,-73.59826,2026-01-04T21:10:00Z,3.575,5.0
0512W,Hofstra University South Campus,40.71308,-73.59826,2026-01-04T21:20:00Z,4.023,336.0
0512W,Hofstra University South Campus,40.71308,-73.59826,2026-01-04T21:30:00Z,1.343,333.0
0512W,Hofstra University South Campus,40.71308,-73.59826,2026-01-04T21:40:00Z,3.575,304.0
0512W,Hofstra University South Campus,40.71308,-73.59826,2026-01-04T21:50:00Z,2.233,308.0
0512W,Hofstra University South Campus,40.71308,-73.59826,2026-01-04T22:00:00Z,1.79,297.0
0512W,Hofstra University South Campus,40.71308,-73.59826,2026-01-04T22:10:00Z,3.575,339.0
0512W,Hofstra University South Campus,40.71308,-73.59826,2026-01-04T22:20:00Z,3.575,334.0
0512W,Hofstra University South Campus,40.71308,-73.59826,2026-01-04T22:30:00Z,2.68,345.0
0512W,Hofstra University South Campus,40.71308,-73.59826,2026-01-04T22:40:00Z,1.79,252.0
0512W,Hofstra University South Campus,40.71308,-73.59826,2026-01-04T22:50:00Z,2.233,305.0
0512W,Hofstra University South Campus,40.71308,-73.59826,2026-01-04T23:00:00Z,2.68,286.0
0512W,Hofstra University South Campus,40.71308,-73.59826,2026-01-04T23:10:00Z,1.343,288.0
0512W,Hofstra University South Campus,40.71308,-73.59826,2026-01-04T23:20:00Z,0.895,277.0
0512W,Hofstra University South Campus,40.71308,-73.59826,2026-01-04T23:30:00Z,1.343,282.0
0512W,Hofstra University South Campus,40.71308,-73.59826,2026-01-04T23:40:00Z,0.448,287.0
0512W,Hofstra University South Campus,40.71308,-73.59826,2026-01-04T23:50:00Z,0.895,234.0
0512W,Hofstra University South Campus,40.71308,-73.59826,2026-01-05T00:00:00Z,0.895,242.0
0512W,Hofstra University South Campus,40.71308,-73.59826,2026-01-05T00:10:00Z,2.233,227.0
0512W,Hofstra University South Campus,40.71308,-73.59826,2026-01-05T00:20:00Z,1.79,296.0
0512W,Hofstra University South Campus,40.71308,-73.59826,2026-01-05T00:30:00Z,1.79,315.0
0512W,Hofstra University South Campus,40.71308,-73.59826,2026-01-05T00:40:00Z,0.895,297.0
0512W,Hofstra University South Campus,40.71308,-73.59826,2026-01-05T00:50:00Z,0.895,273.0
0512W,Hofstra University South Campus,40.71308,-73.59826,2026-01-05T01:00:00Z,0.895,320.0
0512W,Hofstra University South Campus,40.71308,-73.59826,2026-01-05T01:10:00Z,1.343,245.0
0512W,Hofstra University South Campus,40.71308,-73.59826,2026-01-05T01:20:00Z,0.895,242.0
0512W,Hofstra University South Campus,40.71308,-73.59826,2026-01-05T01:30:00Z,2.233,254.0
0512W,Hofstra University South Campus,40.71308,-73.59826,2026-01-05T01:40:00Z,0.448,238.0
0512W,Hofstra University South Campus,40.71308,-73.59826,2026-01-05T01:50:00Z,3.128,252.0
0512W,Hofstra University South Campus,40.71308,-73.59826,2026-01-05T02:00:00Z,0.448,254.0
0512W,Hofstra University South Campus,40.71308,-73.59826,2026-01-05T02:10:00Z,2.233,244.0
0512W,Hofstra University South Campus,40.71308,-73.59826,2026-01-05T02:20:00Z,0.895,250.0
0512W,Hofstra University South Campus,40.71308,-73.59826,2026-01-05T02:30:00Z,1.79,274.0
0512W,Hofstra University South Campus,40.71308,-73.59826,2026-01-05T02:40:00Z,0.895,250.0
0512W,Hofstra University South Campus,40.71308,-73.59826,2026-01-05T02:50:00Z,1.343,298.0
0512W,Hofstra University South Campus,40.71308,-73.59826,2026-01-05T03:00:00Z,0.895,288.0
0512W,Hofstra University South Campus,40.71308,-73.59826,2026-01-05T03:10:00Z,0.448,296.0
0512W,Hofstra University South Campus,40.71308,-73.59826,2026-01-05T03:20:00Z,2.233,292.0
0512W,Hofstra University South Campus,40.71308,-73.59826,2026-01-05T03:30:00Z,1.343,294.0
0512W,Hofstra University South Campus,40.71308,-73.59826,2026-01-05T03:40:00Z,1.343,250.0
0512W,Hofstra University South Campus,40.71308,-73.59826,2026-01-05T03:50:00Z,0.0,0.0
0512W,Hofstra University South Campus,40.71308,-73.59826,2026-01-05T04:00:00Z,0.895,221.0
0512W,Hofstra University South Campus,40.71308,-73.59826,2026-01-05T04:10:00Z,1.79,202.0
0512W,Hofstra University South Campus,40.71308,-73.59826,2026-01-05T04:20:00Z,1.343,234.0
0512W,Hofstra University South Campus,40.71308,-73.59826,2026-01-05T04:30:00Z,1.343,248.0
0512W,Hofstra University South Campus,40.71308,-73.59826,2026-01-05T04:40:00Z,3.128,281.0
0512W,Hofstra University South Campus,40.71308,-73.59826,2026-01-05T04:50:00Z,2.68,326.0
0512W,Hofstra University South Campus,40.71308,-73.59826,2026-01-05T05:00:00Z,0.895,254.0
0512W,Hofstra University South Campus,40.71308,-73.59826,2026-01-05T05:10:00Z,3.575,256.0
0512W,Hofstra University South Campus,40.71308,-73.59826,2026-01-05T05:20:00Z,2.233,316.0
0512W,Hofstra University South Campus,40.71308,-73.59826,2026-01-05T05:30:00Z,2.233,325.0
0512W,Hofstra University South Campus,40.71308,-73.59826,2026-01-05T05:40:00Z,3.575,296.0
0512W,Hofstra University South Campus,40.71308,-73.59826,2026-01-05T05:50:00Z,3.575,292.0
0512W,Hofstra University South Campus,40.71308,-73.59826,2026-01-05T06:00:00Z,1.79,231.0
0512W,Hofstra University South Campus,40.71308,-73.59826,2026-01-05T06:10:00Z,1.79,302.0
0512W,Hofstra University South Campus,40.71308,-73.59826,2026-01-05T06:20:00Z,1.79,307.0
0512W,Hofstra University South Campus,40.71308,-73.59826,2026-01-05T06:30:00Z,3.575,271.0
0512W,Hofstra University South Campus,40.71308,-73.59826,2026-01-05T06:40:00Z,0.895,321.0
0512W,Hofstra University South Campus,40.71308,-73.59826,2026-01-05T06:50:00Z,1.79,323.0
0512W,Hofstra University South Campus,40.71308,-73.59826,2026-01-05T07:10:00Z,1.343,214.0
0512W,Hofstra University South Campus,40.71308,-73.59826,2026-01-05T07:20:00Z,1.79,257.0
0512W,Hofstra University South Campus,40.71308,-73.59826,2026-01-05T07:30:00Z,2.233,293.0
0512W,Hofstra University South Campus,40.71308,-73.59826,2026-01-05T07:40:00Z,2.233,308.0
0512W,Hofstra University South Campus,40.71308,-73.59826,2026-01-05T07:50:00Z,1.79,257.0
0512W,Hofstra University South Campus,40.71308,-73.59826,2026-01-05T08:00:00Z,0.448,268.0
0512W,Hofstra University South Campus,40.71308,-73.59826,2026-01-05T08:10:00Z,0.448,240.0
0512W,Hofstra University South Campus,40.71308,-73.59826,2026-01-05T08:20:00Z,0.895,279.0
0512W,Hofstra University South Campus,40.71308,-73.59826,2026-01-05T08:30:00Z,0.895,313.0
0512W,Hofstra University South Campus,40.71308,-73.59826,2026-01-05T08:40:00Z,0.895,231.0
0512W,Hofstra University South Campus,40.71308,-73.59826,2026-01-05T08:50:00Z,1.343,319.0
0512W,Hofstra University South Campus,40.71308,-73.59826,2026-01-05T09:00:00Z,0.448,222.0
0512W,Hofstra University South Campus,40.71308,-73.59826,2026-01-05T09:10:00Z,0.895,311.0
0512W,Hofstra University South Campus,40.71308,-73.59826,2026-01-05T09:20:00Z,1.343,232.0
0512W,Hofstra University South Campus,40.71308,-73.59826,2026-01-05T09:30:00Z,1.343,298.0
0512W,Hofstra University South Campus,40.71308,-73.59826,2026-01-05T09:40:00Z,0.895,262.0
0512W,Hofstra University South Campus,40.71308,-73.59826,2026-01-05T09:50:00Z,0.448,224.0
0512W,Hofstra University South Campus,40.71308,-73.59826,2026-01-05T10:10:00Z,0.895,243.0
0512W,Hofstra University South Campus,40.71308,-73.59826,2026-01-05T10:20:00Z,0.895,311.0
0512W,Hofstra University South Campus,40.71308,-73.59826,2026-01-05T10:30:00Z,0.0,0.0
0512W,Hofstra University South Campus,40.71308,-73.59826,2026-01-05T10:40:00Z,0.895,232.0
0512W,Hofstra University South Campus,40.71308,-73.59826,2026-01-05T10:50:00Z,0.448,271.0
0512W,Hofstra University South Campus,40.71308,-73.59826,2026-01-05T11:00:00Z,0.895,302.0
0512W,Hofstra University South Campus,40.71308,-73.59826,2026-01-05T11:10:00Z,0.895,225.0
0512W,Hofstra University South Campus,40.71308,-73.59826,2026-01-05T11:20:00Z,0.0,0.0
0512W,Hofstra University South Campus,40.71308,-73.59826,2026-01-05T11:30:00Z,0.895,49.0
0512W,Hofstra University South Campus,40.71308,-73.59826,2026-01-05T11:40:00Z,0.0,0.0
0512W,Hofstra University South Campus,40.71308,-73.59826,2026-01-05T11:50:00Z,0.0,0.0
0512W,Hofstra University South Campus,40.71308,-73.59826,2026-01-05T12:00:00Z,0.0,0.0
0512W,Hofstra University South Campus,40.71308,-73.59826,2026-01-05T12:10:00Z,0.0,0.0
0512W,Hofstra University South Campus,40.71308,-73.59826,2026-01-05T12:20:00Z,0.0,0.0
0512W,Hofstra University South Campus,40.71308,-73.59826,2026-01-05T12:30:00Z,0.0,0.0
0512W,Hofstra University South Campus,40.71308,-73.59826,2026-01-05T12:40:00Z,0.0,0.0
0512W,Hofstra University South Campus,40.71308,-73.59826,2026-01-05T12:50:00Z,0.895,121.0
0512W,Hofstra University South Campus,40.71308,-73.59826,2026-01-05T13:00:00Z,1.343,117.0
0512W,Hofstra University South Campus,40.71308,-73.59826,2026-01-05T13:10:00Z,0.895,111.0
0512W,Hofstra University South Campus,40.71308,-73.59826,2026-01-05T13:20:00Z,1.79,106.0
0512W,Hofstra University South Campus,40.71308,-73.59826,2026-01-05T13:30:00Z,1.343,111.0
0512W,Hofstra University South Campus,40.71308,-73.59826,2026-01-05T13:40:00Z,1.343,139.0
0512W,Hofstra University South Campus,40.71308,-73.59826,2026-01-05T13:50:00Z,0.895,109.0
0512W,Hofstra University South Campus,40.71308,-73.59826,2026-01-05T14:00:00Z,1.79,89.0
0512W,Hofstra University South Campus,40.71308,-73.59826,2026-01-05T14:10:00Z,2.68,100.0
0512W,Hofstra University South Campus,40.71308,-73.59826,2026-01-05T14:20:00Z,0.895,98.0
0512W,Hofstra University South Campus,40.71308,-73.59826,2026-01-05T14:30:00Z,1.79,126.0
0512W,Hofstra University South Campus,40.71308,-73.59826,2026-01-05T14:40:00Z,1.79,141.0
0512W,Hofstra University South Campus,40.71308,-73.59826,2026-01-05T14:50:00Z,1.343,113.0
0512W,Hofstra University South Campus,40.71308,-73.59826,2026-01-05T15:00:00Z,1.343,145.0
0512W,Hofstra University South Campus,40.71308,-73.59826,2026-01-05T15:10:00Z,1.79,170.0
0512W,Hofstra University South Campus,40.71308,-73.59826,2026-01-05T15:20:00Z,1.343,136.0
0512W,Hofstra University South Campus,40.71308,-73.59826,2026-01-05T15:30:00Z,1.343,154.0
0512W,Hofstra University South Campus,40.71308,-73.59826,2026-01-05T15:40:00Z,1.79,144.0
0512W,Hofstra University South Campus,40.71308,-73.59826,2026-01-05T15:50:00Z,0.895,169.0
0512W,Hofstra University South Campus,40.71308,-73.59826,2026-01-05T16:00:00Z,3.128,131.0
0512W,Hofstra University South Campus,40.71308,-73.59826,2026-01-05T16:10:00Z,2.233,160.0
0512W,Hofstra University South Campus,40.71308,-73.59826,2026-01-05T16:20:00Z,0.895,151.0
0512W,Hofstra University South Campus,40.71308,-73.59826,2026-01-05T16:30:00Z,3.575,139.0
0512W,Hofstra University South Campus,40.71308,-73.59826,2026-01-05T16:40:00Z,2.233,144.0
0512W,Hofstra University South Campus,40.71308,-73.59826,2026-01-05T16:50:00Z,0.895,142.0
0512W,Hofstra University South Campus,40.71308,-73.59826,2026-01-05T17:00:00Z,1.343,180.0
0512W,Hofstra University South Campus,40.71308,-73.59826,2026-01-05T17:10:00Z,2.68,195.0
0512W,Hofstra University South Campus,40.71308,-73.59826,2026-01-05T17:20:00Z,3.575,140.0
0512W,Hofstra University South Campus,40.71308,-73.59826,2026-01-05T17:30:00Z,2.233,178.0
0512W,Hofstra University South Campus,40.71308,-73.59826,2026-01-05T17:40:00Z,4.023,196.0
0512W,Hofstra University South Campus,40.71308,-73.59826,2026-01-05T17:50:00Z,1.79,126.0
0512W,Hofstra University South Campus,40.71308,-73.59826,2026-01-05T18:00:00Z,2.68,202.0
0512W,Hofstra University South Campus,40.71308,-73.59826,2026-01-05T18:10:00Z,4.023,198.0
0512W,Hofstra University South Campus,40.71308,-73.59826,2026-01-05T18:20:00Z,3.575,200.0
0512W,Hofstra University South Campus,40.71308,-73.59826,2026-01-05T18:30:00Z,3.128,169.0
0512W,Hofstra University South Campus,40.71308,-73.59826,2026-01-05T18:40:00Z,4.471,203.0
0512W,Hofstra University South Campus,40.71308,-73.59826,2026-01-05T18:50:00Z,3.575,173.0
0512W,Hofstra University South Campus,40.71308,-73.59826,2026-01-05T19:00:00Z,2.68,172.0
0512W,Hofstra University South Campus,40.71308,-73.59826,2026-01-05T19:10:00Z,3.575,190.0
0512W,Hofstra University South Campus,40.71308,-73.59826,2026-01-05T19:20:00Z,4.918,171.0
0512W,Hofstra University South Campus,40.71308,-73.59826,2026-01-05T19:30:00Z,3.575,175.0
0512W,Hofstra University South Campus,40.71308,-73.59826,2026-01-05T19:40:00Z,4.023,184.0
0512W,Hofstra University South Campus,40.71308,-73.59826,2026-01-05T19:50:00Z,2.68,155.0
0512W,Hofstra University South Campus,40.71308,-73.59826,2026-01-05T20:00:00Z,2.68,159.0
0512W,Hofstra University South Campus,40.71308,-73.59826,2026-01-05T20:10:00Z,4.023,188.0
0512W,Hofstra University South Campus,40.71308,-73.59826,2026-01-05T20:20:00Z,4.471,194.0
0512W,Hofstra University South Campus,40.71308,-73.59826,2026-01-05T20:30:00Z,1.79,136.0
0512W,Hofstra University South Campus,40.71308,-73.59826,2026-01-05T20:40:00Z,2.233,216.0
0512W,Hofstra University South Campus,40.71308,-73.59826,2026-01-05T20:50:00Z,3.575,150.0
0512W,Hofstra University South Campus,40.71308,-73.59826,2026-01-05T21:00:00Z,4.918,185.0
0512W,Hofstra University South Campus,40.71308,-73.59826,2026-01-05T21:10:00Z,4.023,129.0
0512W,Hofstra University South Campus,40.71308,-73.59826,2026-01-05T21:20:00Z,4.023,209.0
0512W,Hofstra University South Campus,40.71308,-73.59826,2026-01-05T21:30:00Z,4.471,202.0
0512W,Hofstra University South Campus,40.71308,-73.59826,2026-01-05T21:40:00Z,2.68,175.0
0512W,Hofstra University South Campus,40.71308,-73.59826,2026-01-05T21:50:00Z,3.128,209.0
0512W,Hofstra University South Campus,40.71308,-73.59826,2026-01-05T22:00:00Z,4.023,206.0
0512W,Hofstra University South Campus,40.71308,-73.59826,2026-01-05T22:10:00Z,2.233,150.0
0512W,Hofstra University South Campus,40.71308,-73.59826,2026-01-05T22:20:00Z,1.79,200.0
0512W,Hofstra University South Campus,40.71308,-73.59826,2026-01-05T22:30:00Z,4.471,198.0
0512W,Hofstra University South Campus,40.71308,-73.59826,2026-01-05T22:40:00Z,3.575,142.0
0512W,Hofstra University South Campus,40.71308,-73.59826,2026-01-05T22:50:00Z,0.895,213.0
0512W,Hofstra University South Campus,40.71308,-73.59826,2026-01-05T23:00:00Z,3.128,194.0
0512W,Hofstra University South Campus,40.71308,-73.59826,2026-01-05T23:10:00Z,3.575,181.0
0512W,Hofstra University South Campus,40.71308,-73.59826,2026-01-05T23:20:00Z,2.68,227.0
0512W,Hofstra University South Campus,40.71308,-73.59826,2026-01-05T23:30:00Z,4.023,219.0
0512W,Hofstra University South Campus,40.71308,-73.59826,2026-01-05T23:40:00Z,3.128,222.0
0512W,Hofstra University South Campus,40.71308,-73.59826,2026-01-05T23:50:00Z,1.79,203.0
0512W,Hofstra University South Campus,40.71308,-73.59826,2026-01-06T00:00:00Z,3.128,208.0
0512W,Hofstra University South Campus,40.71308,-73.59826,2026-01-06T00:10:00Z,2.233,167.0
0512W,Hofstra University South Campus,40.71308,-73.59826,2026-01-06T00:20:00Z,3.128,198.0
0512W,Hofstra University South Campus,40.71308,-73.59826,2026-01-06T00:30:00Z,1.343,198.0
0512W,Hofstra University South Campus,40.71308,-73.59826,2026-01-06T00:40:00Z,1.343,157.0
0512W,Hofstra University South Campus,40.71308,-73.59826,2026-01-06T00:50:00Z,1.343,186.0
0512W,Hofstra University South Campus,40.71308,-73.59826,2026-01-06T01:00:00Z,3.128,194.0
0512W,Hofstra University South Campus,40.71308,-73.59826,2026-01-06T01:10:00Z,1.343,214.0
0512W,Hofstra University South Campus,40.71308,-73.59826,2026-01-06T01:20:00Z,2.68,202.0
0512W,Hofstra University South Campus,40.71308,-73.59826,2026-01-06T01:30:00Z,1.343,173.0
0512W,Hofstra University South Campus,40.71308,-73.59826,2026-01-06T01:40:00Z,1.343,223.0
0512W,Hofstra University South Campus,40.71308,-73.59826,2026-01-06T01:50:00Z,1.79,208.0
0512W,Hofstra University South Campus,40.71308,-73.59826,2026-01-06T02:00:00Z,3.128,229.0
0512W,Hofstra University South Campus,40.71308,-73.59826,2026-01-06T02:10:00Z,1.343,229.0
0512W,Hofstra University South Campus,40.71308,-73.59826,2026-01-06T02:20:00Z,0.448,209.0
0512W,Hofstra University South Campus,40.71308,-73.59826,2026-01-06T02:30:00Z,0.448,180.0
0512W,Hofstra University South Campus,40.71308,-73.59826,2026-01-06T02:40:00Z,0.448,201.0
0512W,Hofstra University South Campus,40.71308,-73.59826,2026-01-06T02:50:00Z,0.448,218.0
0512W,Hofstra University South Campus,40.71308,-73.59826,2026-01-06T03:00:00Z,1.343,180.0
0512W,Hofstra University South Campus,40.71308,-73.59826,2026-01-06T03:10:00Z,1.343,186.0
0512W,Hofstra University South Campus,40.71308,-73.59826,2026-01-06T03:20:00Z,1.343,200.0
0512W,Hofstra University South Campus,40.71308,-73.59826,2026-01-06T03:30:00Z,2.233,224.0
0512W,Hofstra University South Campus,40.71308,-73.59826,2026-01-06T03:40:00Z,1.79,203.0
0512W,Hofstra University South Campus,40.71308,-73.59826,2026-01-06T03:50:00Z,1.343,234.0
0512W,Hofstra University South Campus,40.71308,-73.59826,2026-01-06T04:00:00Z,1.343,196.0
0512W,Hofstra University South Campus,40.71308,-73.59826,2026-01-06T04:10:00Z,1.343,167.0
0512W,Hofstra University South Campus,40.71308,-73.59826,2026-01-06T04:20:00Z,1.343,201.0
0512W,Hofstra University South Campus,40.71308,-73.59826,2026-01-06T04:30:00Z,2.233,191.0
0512W,Hofstra University South Campus,40.71308,-73.59826,2026-01-06T04:40:00Z,1.343,188.0
0512W,Hofstra University South Campus,40.71308,-73.59826,2026-01-06T04:50:00Z,1.343,191.0
0512W,Hofstra University South Campus,40.71308,-73.59826,2026-01-06T05:00:00Z,1.343,194.0
0512W,Hofstra University South Campus,40.71308,-73.59826,2026-01-06T05:10:00Z,1.79,207.0
0512W,Hofstra University South Campus,40.71308,-73.59826,2026-01-06T05:20:00Z,0.895,192.0
0512W,Hofstra University South Campus,40.71308,-73.59826,2026-01-06T05:30:00Z,1.343,196.0
0512W,Hofstra University South Campus,40.71308,-73.59826,2026-01-06T05:40:00Z,0.895,215.0
0512W,Hofstra University South Campus,40.71308,-73.59826,2026-01-06T05:50:00Z,0.895,205.0
0512W,Hofstra University South Campus,40.71308,-73.59826,2026-01-06T06:00:00Z,0.895,206.0
0512W,Hofstra University South Campus,40.71308,-73.59826,2026-01-06T06:10:00Z,0.0,0.0
0512W,Hofstra University South Campus,40.71308,-73.59826,2026-01-06T06:20:00Z,0.895,227.0
0512W,Hofstra University South Campus,40.71308,-73.59826,2026-01-06T06:30:00Z,0.448,226.0
0512W,Hofstra University South Campus,40.71308,-73.59826,2026-01-06T06:40:00Z,1.343,237.0
0512W,Hofstra University South Campus,40.71308,-73.59826,2026-01-06T06:50:00Z,1.343,249.0
0512W,Hofstra University South Campus,40.71308,-73.59826,2026-01-06T07:00:00Z,1.343,245.0
0512W,Hofstra University South Campus,40.71308,-73.59826,2026-01-06T07:10:00Z,2.233,257.0
0512W,Hofstra University South Campus,40.71308,-73.59826,2026-01-06T07:20:00Z,0.0,0.0
0512W,Hofstra University South Campus,40.71308,-73.59826,2026-01-06T07:30:00Z,0.895,228.0
0512W,Hofstra University South Campus,40.71308,-73.59826,2026-01-06T07:40:00Z,0.448,235.0
0512W,Hofstra University South Campus,40.71308,-73.59826,2026-01-06T07:50:00Z,0.0,0.0
0512W,Hofstra University South Campus,40.71308,-73.59826,2026-01-06T08:00:00Z,0.895,215.0
0512W,Hofstra University South Campus,40.71308,-73.59826,2026-01-06T08:10:00Z,1.343,220.0
0512W,Hofstra University South Campus,40.71308,-73.59826,2026-01-06T08:20:00Z,0.895,223.0
0512W,Hofstra University South Campus,40.71308,-73.59826,2026-01-06T08:30:00Z,0.0,0.0
0512W,Hofstra University South Campus,40.71308,-73.59826,2026-01-06T08:40:00Z,0.0,0.0
0512W,Hofstra University South Campus,40.71308,-73.59826,2026-01-06T08:50:00Z,0.0,0.0
0512W,Hofstra University South Campus,40.71308,-73.59826,2026-01-06T09:00:00Z,0.0,0.0
0512W,Hofstra University South Campus,40.71308,-73.59826,2026-01-06T09:10:00Z,0.0,0.0
0512W,Hofstra University South Campus,40.71308,-73.59826,2026-01-06T09:20:00Z,0.0,0.0
0512W,Hofstra University South Campus,40.71308,-73.59826,2026-01-06T09:30:00Z,0.0,0.0
0512W,Hofstra University South Campus,40.71308,-73.59826,2026-01-06T09:40:00Z,0.0,0.0
0512W,Hofstra University South Campus,40.71308,-73.59826,2026-01-06T09:50:00Z,0.0,0.0
0512W,Hofstra University South Campus,40.71308,-73.59826,2026-01-06T10:10:00Z,0.0,0.0
0512W,Hofstra University South Campus,40.71308,-73.59826,2026-01-06T10:20:00Z,0.0,0.0
0512W,Hofstra University South Campus,40.71308,-73.59826,2026-01-06T10:30:00Z,0.0,0.0
0512W,Hofstra University South Campus,40.71308,-73.59826,2026-01-06T10:40:00Z,0.0,0.0
0512W,Hofstra University South Campus,40.71308,-73.59826,2026-01-06T10:50:00Z,0.0,0.0
0512W,Hofstra University South Campus,40.71308,-73.59826,2026-01-06T11:00:00Z,0.0,0.0
0512W,Hofstra University South Campus,40.71308,-73.59826,2026-01-06T11:10:00Z,0.0,0.0
0512W,Hofstra University South Campus,40.71308,-73.59826,2026-01-06T11:20:00Z,0.0,0.0
0512W,Hofstra University South Campus,40.71308,-73.59826,2026-01-06T11:30:00Z,0.0,0.0
0512W,Hofstra University South Campus,40.71308,-73.59826,2026-01-06T11:40:00Z,0.0,0.0
0512W,Hofstra University South Campus,40.71308,-73.59826,2026-01-06T11:50:00Z,0.0,0.0
0512W,Hofstra University South Campus,40.71308,-73.59826,2026-01-06T12:00:00Z,0.0,0.0
0512W,Hofstra University South Campus,40.71308,-73.59826,2026-01-06T12:10:00Z,0.0,0.0
0512W,Hofstra University South Campus,40.71308,-73.59826,2026-01-06T12:20:00Z,0.0,0.0
0512W,Hofstra University South Campus,40.71308,-73.59826,2026-01-06T12:30:00Z,0.0,0.0
0512W,Hofstra University South Campus,40.71308,-73.59826,2026-01-06T12:40:00Z,0.0,0.0
0512W,Hofstra University South Campus,40.71308,-73.59826,2026-01-06T12:50:00Z,0.0,0.0
0512W,Hofstra University South Campus,40.71308,-73.59826,2026-01-06T13:00:00Z,0.0,0.0
0512W,Hofstra University South Campus,40.71308,-73.59826,2026-01-06T13:10:00Z,1.343,80.0
0512W,Hofstra University South Campus,40.71308,-73.59826,2026-01-06T13:20:00Z,0.0,0.0
0512W,Hofstra University South Campus,40.71308,-73.59826,2026-01-06T13:30:00Z,0.895,54.0
0512W,Hofstra University South Campus,40.71308,-73.59826,2026-01-06T13:40:00Z,0.0,0.0
0512W,Hofstra University South Campus,40.71308,-73.59826,2026-01-06T13:50:00Z,0.0,0.0
0512W,Hofstra University South Campus,40.71308,-73.59826,2026-01-06T14:00:00Z,0.0,0.0
0512W,Hofstra University South Campus,40.71308,-73.59826,2026-01-06T14:10:00Z,0.0,0.0
0512W,Hofstra University South Campus,40.71308,-73.59826,2026-01-06T14:20:00Z,0.448,40.0
0512W,Hofstra University South Campus,40.71308,-73.59826,2026-01-06T14:30:00Z,0.0,0.0
0512W,Hofstra University South Campus,40.71308,-73.59826,2026-01-06T14:40:00Z,0.0,0.0
0512W,Hofstra University South Campus,40.71308,-73.59826,2026-01-06T14:50:00Z,0.895,93.0
0512W,Hofstra University South Campus,40.71308,-73.59826,2026-01-06T15:00:00Z,0.448,140.0
0512W,Hofstra University South Campus,40.71308,-73.59826,2026-01-06T15:10:00Z,0.895,105.0
0512W,Hofstra University South Campus,40.71308,-73.59826,2026-01-06T15:20:00Z,0.448,104.0
0512W,Hofstra University South Campus,40.71308,-73.59826,2026-01-06T15:30:00Z,0.0,0.0
0512W,Hofstra University South Campus,40.71308,-73.59826,2026-01-06T15:40:00Z,0.895,56.0
0512W,Hofstra University South Campus,40.71308,-73.59826,2026-01-06T15:50:00Z,1.343,80.0
0512W,Hofstra University South Campus,40.71308,-73.59826,2026-01-06T16:00:00Z,1.79,55.0
0512W,Hofstra University South Campus,40.71308,-73.59826,2026-01-06T16:10:00Z,0.895,58.0
0512W,Hofstra University South Campus,40.71308,-73.59826,2026-01-06T16:20:00Z,2.233,86.0
0512W,Hofstra University South Campus,40.71308,-73.59826,2026-01-06T16:30:00Z,1.343,100.0
0512W,Hofstra University South Campus,40.71308,-73.59826,2026-01-06T16:40:00Z,1.79,77.0
0512W,Hofstra University South Campus,40.71308,-73.59826,2026-01-06T16:50:00Z,0.895,98.0
0512W,Hofstra University South Campus,40.71308,-73.59826,2026-01-06T17:00:00Z,1.79,95.0
0512W,Hofstra University South Campus,40.71308,-73.59826,2026-01-06T17:10:00Z,1.79,70.0
0512W,Hofstra University South Campus,40.71308,-73.59826,2026-01-06T17:20:00Z,1.79,76.0
0512W,Hofstra University South Campus,40.71308,-73.59826,2026-01-06T17:30:00Z,0.448,96.0
0512W,Hofstra University South Campus,40.71308,-73.59826,2026-01-06T17:40:00Z,0.448,113.0
0512W,Hofstra University South Campus,40.71308,-73.59826,2026-01-06T17:50:00Z,1.343,55.0
0512W,Hofstra University South Campus,40.71308,-73.59826,2026-01-06T18:00:00Z,1.343,86.0
0512W,Hofstra University South Campus,40.71308,-73.59826,2026-01-06T18:10:00Z,2.233,65.0
0512W,Hofstra University South Campus,40.71308,-73.59826,2026-01-06T18:20:00Z,1.79,122.0
0512W,Hofstra University South Campus,40.71308,-73.59826,2026-01-06T18:30:00Z,1.79,115.0
0512W,Hofstra University South Campus,40.71308,-73.59826,2026-01-06T18:40:00Z,1.79,98.0
0512W,Hofstra University South Campus,40.71308,-73.59826,2026-01-06T18:50:00Z,1.343,54.0
0512W,Hofstra University South Campus,40.71308,-73.59826,2026-01-06T19:00:00Z,3.128,112.0
0512W,Hofstra University South Campus,40.71308,-73.59826,2026-01-06T19:10:00Z,3.128,103.0
0512W,Hofstra University South Campus,40.71308,-73.59826,2026-01-06T19:20:00Z,1.79,150.0
0512W,Hofstra University South Campus,40.71308,-73.59826,2026-01-06T19:30:00Z,1.79,139.0
0512W,Hofstra University South Campus,40.71308,-73.59826,2026-01-06T19:40:00Z,4.023,144.0
0512W,Hofstra University South Campus,40.71308,-73.59826,2026-01-06T19:50:00Z,3.128,103.0
0512W,Hofstra University South Campus,40.71308,-73.59826,2026-01-06T20:00:00Z,2.68,142.0
0512W,Hofstra University South Campus,40.71308,-73.59826,2026-01-06T20:10:00Z,2.233,125.0
0512W,Hofstra University South Campus,40.71308,-73.59826,2026-01-06T20:20:00Z,4.471,108.0
0512W,Hofstra University South Campus,40.71308,-73.59826,2026-01-06T20:30:00Z,1.79,89.0
0512W,Hofstra University South Campus,40.71308,-73.59826,2026-01-06T20:40:00Z,1.79,94.0
0512W,Hofstra University South Campus,40.71308,-73.59826,2026-01-06T20:50:00Z,1.79,120.0
0512W,Hofstra University South Campus,40.71308,-73.59826,2026-01-06T21:00:00Z,1.79,138.0
0512W,Hofstra University South Campus,40.71308,-73.59826,2026-01-06T21:10:00Z,1.343,98.0
0512W,Hofstra University South Campus,40.71308,-73.59826,2026-01-06T21:20:00Z,1.79,55.0
0512W,Hofstra University South Campus,40.71308,-73.59826,2026-01-06T21:30:00Z,1.343,76.0
0512W,Hofstra University South Campus,40.71308,-73.59826,2026-01-06T21:40:00Z,2.233,86.0
0512W,Hofstra University South Campus,40.71308,-73.59826,2026-01-06T21:50:00Z,4.023,68.0
0512W,Hofstra University South Campus,40.71308,-73.59826,2026-01-06T22:00:00Z,0.895,103.0
0512W,Hofstra University South Campus,40.71308,-73.59826,2026-01-06T22:10:00Z,1.79,105.0
0512W,Hofstra University South Campus,40.71308,-73.59826,2026-01-06T22:20:00Z,1.79,81.0
0512W,Hofstra University South Campus,40.71308,-73.59826,2026-01-06T22:30:00Z,3.128,110.0
0512W,Hofstra University South Campus,40.71308,-73.59826,2026-01-06T22:40:00Z,1.343,50.0
0512W,Hofstra University South Campus,40.71308,-73.59826,2026-01-06T22:50:00Z,2.68,56.0
0512W,Hofstra University South Campus,40.71308,-73.59826,2026-01-06T23:00:00Z,2.233,80.0
0512W,Hofstra University South Campus,40.71308,-73.59826,2026-01-06T23:10:00Z,1.343,105.0
0512W,Hofstra University South Campus,40.71308,-73.59826,2026-01-06T23:20:00Z,1.79,95.0
0512W,Hofstra University South Campus,40.71308,-73.59826,2026-01-06T23:30:00Z,1.343,69.0
0512W,Hofstra University South Campus,40.71308,-73.59826,2026-01-06T23:40:00Z,2.68,44.0
0512W,Hofstra University South Campus,40.71308,-73.59826,2026-01-06T23:50:00Z,2.233,60.0
0512W,Hofstra University South Campus,40.71308,-73.59826,2026-01-07T00:00:00Z,3.128,81.0
0512W,Hofstra University South Campus,40.71308,-73.59826,2026-01-07T00:10:00Z,4.023,72.0
0512W,Hofstra University South Campus,40.71308,-73.59826,2026-01-07T00:20:00Z,4.471,67.0
0512W,Hofstra University South Campus,40.71308,-73.59826,2026-01-07T00:30:00Z,0.895,47.0
0512W,Hofstra University South Campus,40.71308,-73.59826,2026-01-07T00:40:00Z,1.343,53.0
0512W,Hofstra University South Campus,40.71308,-73.59826,2026-01-07T00:50:00Z,1.79,49.0
0512W,Hofstra University South Campus,40.71308,-73.59826,2026-01-07T01:00:00Z,0.895,46.0
0512W,Hofstra University South Campus,40.71308,-73.59826,2026-01-07T01:10:00Z,0.895,22.0
0512W,Hofstra University South Campus,40.71308,-73.59826,2026-01-07T01:20:00Z,1.343,27.0
0512W,Hofstra University South Campus,40.71308,-73.59826,2026-01-07T01:30:00Z,1.343,28.0
0512W,Hofstra University South Campus,40.71308,-73.59826,2026-01-07T01:40:00Z,1.79,59.0
0512W,Hofstra University South Campus,40.71308,-73.59826,2026-01-07T01:50:00Z,1.343,40.0
0512W,Hofstra University South Campus,40.71308,-73.59826,2026-01-07T02:00:00Z,1.343,46.0
0512W,Hofstra University South Campus,40.71308,-73.59826,2026-01-07T02:10:00Z,0.895,73.0
0512W,Hofstra University South Campus,40.71308,-73.59826,2026-01-07T02:20:00Z,0.448,69.0
0512W,Hofstra University South Campus,40.71308,-73.59826,2026-01-07T02:30:00Z,1.343,82.0
0512W,Hofstra University South Campus,40.71308,-73.59826,2026-01-07T02:40:00Z,0.895,47.0
0512W,Hofstra University South Campus,40.71308,-73.59826,2026-01-07T02:50:00Z,1.343,61.0
0512W,Hofstra University South Campus,40.71308,-73.59826,2026-01-07T03:00:00Z,0.895,355.0
0512W,Hofstra University South Campus,40.71308,-73.59826,2026-01-07T03:10:00Z,1.343,80.0
0512W,Hofstra University South Campus,40.71308,-73.59826,2026-01-07T03:20:00Z,2.68,92.0
0512W,Hofstra University South Campus,40.71308,-73.59826,2026-01-07T03:30:00Z,0.448,36.0
0512W,Hofstra University South Campus,40.71308,-73.59826,2026-01-07T03:40:00Z,0.0,0.0
0512W,Hofstra University South Campus,40.71308,-73.59826,2026-01-07T03:50:00Z,0.448,5.0
0512W,Hofstra University South Campus,40.71308,-73.59826,2026-01-07T04:00:00Z,1.343,28.0
0512W,Hofstra University South Campus,40.71308,-73.59826,2026-01-07T04:10:00Z,0.448,11.0
0512W,Hofstra University South Campus,40.71308,-73.59826,2026-01-07T04:20:00Z,1.79,24.0
0512W,Hofstra University South Campus,40.71308,-73.59826,2026-01-07T04:30:00Z,1.343,5.0
0512W,Hofstra University South Campus,40.71308,-73.59826,2026-01-07T04:40:00Z,1.79,51.0
0512W,Hofstra University South Campus,40.71308,-73.59826,2026-01-07T04:50:00Z,2.233,49.0
0512W,Hofstra University South Campus,40.71308,-73.59826,2026-01-07T05:00:00Z,0.448,25.0
0512W,Hofstra University South Campus,40.71308,-73.59826,2026-01-07T05:10:00Z,1.79,63.0
0512W,Hofstra University South Campus,40.71308,-73.59826,2026-01-07T05:20:00Z,1.343,20.0
0512W,Hofstra University South Campus,40.71308,-73.59826,2026-01-07T05:30:00Z,0.0,0.0
0512W,Hofstra University South Campus,40.71308,-73.59826,2026-01-07T05:40:00Z,1.79,324.0
0512W,Hofstra University South Campus,40.71308,-73.59826,2026-01-07T05:50:00Z,0.448,340.0
0512W,Hofstra University South Campus,40.71308,-73.59826,2026-01-07T06:00:00Z,0.448,338.0
0512W,Hofstra University South Campus,40.71308,-73.59826,2026-01-07T06:10:00Z,0.448,5.0
0512W,Hofstra University South Campus,40.71308,-73.59826,2026-01-07T06:20:00Z,0.0,0.0
0512W,Hofstra University South Campus,40.71308,-73.59826,2026-01-07T06:30:00Z,0.448,27.0
0512W,Hofstra University South Campus,40.71308,-73.59826,2026-01-07T06:40:00Z,1.343,52.0
0512W,Hofstra University South Campus,40.71308,-73.59826,2026-01-07T06:50:00Z,0.0,0.0
0512W,Hofstra University South Campus,40.71308,-73.59826,2026-01-07T07:00:00Z,0.0,0.0
0512W,Hofstra University South Campus,40.71308,-73.59826,2026-01-07T07:10:00Z,1.343,23.0
0512W,Hofstra University South Campus,40.71308,-73.59826,2026-01-07T07:20:00Z,0.895,11.0
0512W,Hofstra University South Campus,40.71308,-73.59826,2026-01-07T07:30:00Z,1.343,57.0
0512W,Hofstra University South Campus,40.71308,-73.59826,2026-01-07T07:40:00Z,0.448,24.0
0512W,Hofstra University South Campus,40.71308,-73.59826,2026-01-07T07:50:00Z,0.895,15.0
0512W,Hofstra University South Campus,40.71308,-73.59826,2026-01-07T08:00:00Z,1.343,5.0
0512W,Hofstra University South Campus,40.71308,-73.59826,2026-01-07T08:10:00Z,1.343,24.0
0512W,Hofstra University South Campus,40.71308,-73.59826,2026-01-07T08:20:00Z,0.448,22.0
0512W,Hofstra University South Campus,40.71308,-73.59826,2026-01-07T08:30:00Z,0.895,355.0
0512W,Hofstra University South Campus,40.71308,-73.59826,2026-01-07T08:40:00Z,1.343,333.0
0512W,Hofstra University South Campus,40.71308,-73.59826,2026-01-07T08:50:00Z,2.233,355.0
0512W,Hofstra University South Campus,40.71308,-73.59826,2026-01-07T09:00:00Z,0.895,319.0
0512W,Hofstra University South Campus,40.71308,-73.59826,2026-01-07T09:10:00Z,1.343,15.0
0512W,Hofstra University South Campus,40.71308,-73.59826,2026-01-07T09:20:00Z,1.343,44.0
0512W,Hofstra University South Campus,40.71308,-73.59826,2026-01-07T09:30:00Z,0.0,0.0
0512W,Hofstra University South Campus,40.71308,-73.59826,2026-01-07T09:40:00Z,0.895,340.0
0512W,Hofstra University South Campus,40.71308,-73.59826,2026-01-07T09:50:00Z,0.895,355.0
0512W,Hofstra University South Campus,40.71308,-73.59826,2026-01-07T10:10:00Z,0.0,0.0
0512W,Hofstra University South Campus,40.71308,-73.59826,2026-01-07T10:20:00Z,0.448,355.0
0512W,Hofstra University South Campus,40.71308,-73.59826,2026-01-07T10:30:00Z,0.895,350.0
0512W,Hofstra University South Campus,40.71308,-73.59826,2026-01-07T10:40:00Z,0.0,0.0
0512W,Hofstra University South Campus,40.71308,-73.59826,2026-01-07T10:50:00Z,0.448,60.0
0512W,Hofstra University South Campus,40.71308,-73.59826,2026-01-07T11:00:00Z,0.448,25.0
0512W,Hofstra University South Campus,40.71308,-73.59826,2026-01-07T11:10:00Z,0.448,17.0
0512W,Hofstra University South Campus,40.71308,-73.59826,2026-01-07T11:20:00Z,0.0,0.0
0512W,Hofstra University South Campus,40.71308,-73.59826,2026-01-07T11:30:00Z,0.0,0.0
0512W,Hofstra University South Campus,40.71308,-73.59826,2026-01-07T11:40:00Z,0.0,0.0
0512W,Hofstra University South Campus,40.71308,-73.59826,2026-01-07T11:50:00Z,0.895,179.0
0512W,Hofstra University South Campus,40.71308,-73.59826,2026-01-07T12:00:00Z,1.79,194.0
0512W,Hofstra University South Campus,40.71308,-73.59826,2026-01-07T12:10:00Z,1.343,182.0
0512W,Hofstra University South Campus,40.71308,-73.59826,2026-01-07T12:20:00Z,1.343,206.0
0512W,Hofstra University South Campus,40.71308,-73.59826,2026-01-07T12:30:00Z,1.343,211.0
0512W,Hofstra University South Campus,40.71308,-73.59826,2026-01-07T12:40:00Z,1.343,217.0
0512W,Hofstra University South Campus,40.71308,-73.59826,2026-01-07T12:50:00Z,0.895,178.0
0512W,Hofstra University South Campus,40.71308,-73.59826,2026-01-07T13:00:00Z,1.343,229.0
0512W,Hofstra University South Campus,40.71308,-73.59826,2026-01-07T13:10:00Z,2.233,221.0
0512W,Hofstra University South Campus,40.71308,-73.59826,2026-01-07T13:20:00Z,1.343,237.0
0512W,Hofstra University South Campus,40.71308,-73.59826,2026-01-07T13:30:00Z,2.68,230.0
0512W,Hofstra University South Campus,40.71308,-73.59826,2026-01-07T13:40:00Z,2.233,184.0
0512W,Hofstra University South Campus,40.71308,-73.59826,2026-01-07T13:50:00Z,1.79,236.0
0512W,Hofstra University South Campus,40.71308,-73.59826,2026-01-07T14:00:00Z,2.233,231.0
0512W,Hofstra University South Campus,40.71308,-73.59826,2026-01-07T14:10:00Z,1.343,238.0
0512W,Hofstra University South Campus,40.71308,-73.59826,2026-01-07T14:20:00Z,2.233,205.0
0512W,Hofstra University South Campus,40.71308,-73.59826,2026-01-07T14:30:00Z,1.79,221.0
0512W,Hofstra University South Campus,40.71308,-73.59826,2026-01-07T14:40:00Z,3.128,221.0
0512W,Hofstra University South Campus,40.71308,-73.59826,2026-01-07T14:50:00Z,2.68,213.0
0512W,Hofstra University South Campus,40.71308,-73.59826,2026-01-07T15:00:00Z,0.448,211.0
0512W,Hofstra University South Campus,40.71308,-73.59826,2026-01-07T15:10:00Z,1.343,242.0
0512W,Hofstra University South Campus,40.71308,-73.59826,2026-01-07T15:20:00Z,1.79,276.0
0512W,Hofstra University South Campus,40.71308,-73.59826,2026-01-07T15:30:00Z,2.68,234.0
0512W,Hofstra University South Campus,40.71308,-73.59826,2026-01-07T15:40:00Z,4.023,275.0
0512W,Hofstra University South Campus,40.71308,-73.59826,2026-01-07T15:50:00Z,1.79,307.0
0512W,Hofstra University South Campus,40.71308,-73.59826,2026-01-07T16:00:00Z,5.813,350.0
0512W,Hofstra University South Campus,40.71308,-73.59826,2026-01-07T16:10:00Z,2.68,312.0
0512W,Hofstra University South Campus,40.71308,-73.59826,2026-01-07T16:20:00Z,7.151,315.0
0512W,Hofstra University South Campus,40.71308,-73.59826,2026-01-07T16:30:00Z,3.128,246.0
0512W,Hofstra University South Campus,40.71308,-73.59826,2026-01-07T16:40:00Z,2.68,340.0
0512W,Hofstra University South Campus,40.71308,-73.59826,2026-01-07T16:50:00Z,4.471,332.0
0512W,Hofstra University South Campus,40.71308,-73.59826,2026-01-07T17:00:00Z,5.366,286.0
0512W,Hofstra University South Campus,40.71308,-73.59826,2026-01-07T17:10:00Z,3.128,300.0
0512W,Hofstra University South Campus,40.71308,-73.59826,2026-01-07T17:20:00Z,1.79,312.0
0512W,Hofstra University South Campus,40.71308,-73.59826,2026-01-07T17:30:00Z,7.151,309.0
0512W,Hofstra University South Campus,40.71308,-73.59826,2026-01-07T17:40:00Z,8.046,290.0
0512W,Hofstra University South Campus,40.71308,-73.59826,2026-01-07T17:50:00Z,4.471,329.0
0512W,Hofstra University South Campus,40.71308,-73.59826,2026-01-07T18:00:00Z,5.366,313.0
0512W,Hofstra University South Campus,40.71308,-73.59826,2026-01-07T18:10:00Z,3.575,265.0
0512W,Hofstra University South Campus,40.71308,-73.59826,2026-01-07T18:20:00Z,5.366,25.0
0512W,Hofstra University South Campus,40.71308,-73.59826,2026-01-07T18:30:00Z,3.128,300.0
0512W,Hofstra University South Campus,40.71308,-73.59826,2026-01-07T18:40:00Z,4.918,281.0
0512W,Hofstra University South Campus,40.71308,-73.59826,2026-01-07T18:50:00Z,2.233,329.0
0512W,Hofstra University South Campus,40.71308,-73.59826,2026-01-07T19:00:00Z,4.918,292.0
0512W,Hofstra University South Campus,40.71308,-73.59826,2026-01-07T19:10:00Z,4.918,346.0
0512W,Hofstra University South Campus,40.71308,-73.59826,2026-01-07T19:20:00Z,5.813,317.0
0512W,Hofstra University South Campus,40.71308,-73.59826,2026-01-07T19:30:00Z,3.575,271.0
0512W,Hofstra University South Campus,40.71308,-73.59826,2026-01-07T19:40:00Z,3.575,319.0
0512W,Hofstra University South Campus,40.71308,-73.59826,2026-01-07T19:50:00Z,2.233,335.0
0512W,Hofstra University South Campus,40.71308,-73.59826,2026-01-07T20:00:00Z,0.895,279.0
0512W,Hofstra University South Campus,40.71308,-73.59826,2026-01-07T20:10:00Z,5.366,316.0
0512W,Hofstra University South Campus,40.71308,-73.59826,2026-01-07T20:20:00Z,0.895,17.0
0512W,Hofstra University South Campus,40.71308,-73.59826,2026-01-07T20:30:00Z,1.79,314.0
0512W,Hofstra University South Campus,40.71308,-73.59826,2026-01-07T20:40:00Z,4.471,297.0
0512W,Hofstra University South Campus,40.71308,-73.59826,2026-01-07T20:50:00Z,6.703,309.0
0512W,Hofstra University South Campus,40.71308,-73.59826,2026-01-07T21:00:00Z,7.598,326.0
0512W,Hofstra University South Campus,40.71308,-73.59826,2026-01-07T21:10:00Z,4.918,298.0
0512W,Hofstra University South Campus,40.71308,-73.59826,2026-01-07T21:20:00Z,4.471,336.0
0512W,Hofstra University South Campus,40.71308,-73.59826,2026-01-07T21:30:00Z,5.813,338.0
0512W,Hofstra University South Campus,40.71308,-73.59826,2026-01-07T21:40:00Z,2.233,308.0
0512W,Hofstra University South Campus,40.71308,-73.59826,2026-01-07T21:50:00Z,1.343,340.0
0512W,Hofstra University South Campus,40.71308,-73.59826,2026-01-07T22:00:00Z,5.366,311.0
0512W,Hofstra University South Campus,40.71308,-73.59826,2026-01-07T22:10:00Z,6.261,334.0
0512W,Hofstra University South Campus,40.71308,-73.59826,2026-01-07T22:20:00Z,3.575,314.0
0512W,Hofstra University South Campus,40.71308,-73.59826,2026-01-07T22:30:00Z,2.233,327.0
0512W,Hofstra University South Campus,40.71308,-73.59826,2026-01-07T22:40:00Z,5.813,315.0
0512W,Hofstra University South Campus,40.71308,-73.59826,2026-01-07T23:00:00Z,4.471,329.0
0512W,Hofstra University South Campus,40.71308,-73.59826,2026-01-07T23:10:00Z,4.471,313.0
0512W,Hofstra University South Campus,40.71308,-73.59826,2026-01-07T23:20:00Z,1.343,342.0
0512W,Hofstra University South Campus,40.71308,-73.59826,2026-01-07T23:30:00Z,2.68,258.0
0512W,Hofstra University South Campus,40.71308,-73.59826,2026-01-07T23:50:00Z,5.366,312.0
0512W,Hofstra University South Campus,40.71308,-73.59826,2026-01-08T00:00:00Z,4.023,339.0
0512W,Hofstra University South Campus,40.71308,-73.59826,2026-01-08T00:10:00Z,4.023,271.0
0512W,Hofstra University South Campus,40.71308,-73.59826,2026-01-08T00:20:00Z,4.918,310.0
0512W,Hofstra University South Campus,40.71308,-73.59826,2026-01-08T00:30:00Z,4.023,318.0
0512W,Hofstra University South Campus,40.71308,-73.59826,2026-01-08T00:40:00Z,3.128,307.0
0512W,Hofstra University South Campus,40.71308,-73.59826,2026-01-08T00:50:00Z,3.575,312.0
0512W,Hofstra University South Campus,40.71308,-73.59826,2026-01-08T01:00:00Z,6.261,314.0
0512W,Hofstra University South Campus,40.71308,-73.59826,2026-01-08T01:10:00Z,5.813,335.0
0512W,Hofstra University South Campus,40.71308,-73.59826,2026-01-08T01:40:00Z,2.68,311.0
0512W,Hofstra University South Campus,40.71308,-73.59826,2026-01-08T01:50:00Z,6.261,316.0
0512W,Hofstra University South Campus,40.71308,-73.59826,2026-01-08T02:00:00Z,3.128,307.0
0512W,Hofstra University South Campus,40.71308,-73.59826,2026-01-08T02:10:00Z,4.023,355.0
0512W,Hofstra University South Campus,40.71308,-73.59826,2026-01-08T02:20:00Z,4.023,337.0
0512W,Hofstra University South Campus,40.71308,-73.59826,2026-01-08T02:30:00Z,4.471,329.0
0512W,Hofstra University South Campus,40.71308,-73.59826,2026-01-08T02:40:00Z,5.366,332.0
0512W,Hofstra University South Campus,40.71308,-73.59826,2026-01-08T02:50:00Z,4.918,296.0
0512W,Hofstra University South Campus,40.71308,-73.59826,2026-01-08T03:00:00Z,2.233,300.0
0512W,Hofstra University South Campus,40.71308,-73.59826,2026-01-08T03:10:00Z,1.79,338.0
0512W,Hofstra University South Campus,40.71308,-73.59826,2026-01-08T03:20:00Z,3.128,294.0
0512W,Hofstra University South Campus,40.71308,-73.59826,2026-01-08T03:30:00Z,2.68,319.0
0512W,Hofstra University South Campus,40.71308,-73.59826,2026-01-08T03:40:00Z,2.233,311.0
0512W,Hofstra University South Campus,40.71308,-73.59826,2026-01-08T03:50:00Z,2.68,278.0
0512W,Hofstra University South Campus,40.71308,-73.59826,2026-01-08T04:00:00Z,3.575,300.0
0512W,Hofstra University South Campus,40.71308,-73.59826,2026-01-08T04:10:00Z,8.046,316.0
0512W,Hofstra University South Campus,40.71308,-73.59826,2026-01-08T04:20:00Z,3.128,282.0
0512W,Hofstra University South Campus,40.71308,-73.59826,2026-01-08T04:30:00Z,1.343,311.0
0512W,Hofstra University South Campus,40.71308,-73.59826,2026-01-08T04:40:00Z,2.233,295.0
0512W,Hofstra University South Campus,40.71308,-73.59826,2026-01-08T04:50:00Z,2.68,281.0
0512W,Hofstra University South Campus,40.71308,-73.59826,2026-01-08T05:00:00Z,2.233,310.0
0512W,Hofstra University South Campus,40.71308,-73.59826,2026-01-08T05:10:00Z,0.895,343.0
0512W,Hofstra University South Campus,40.71308,-73.59826,2026-01-08T05:20:00Z,1.79,321.0
0512W,Hofstra University South Campus,40.71308,-73.59826,2026-01-08T05:30:00Z,3.575,314.0
0512W,Hofstra University South Campus,40.71308,-73.59826,2026-01-08T05:40:00Z,0.895,347.0
0512W,Hofstra University South Campus,40.71308,-73.59826,2026-01-08T05:50:00Z,0.0,0.0
0512W,Hofstra University South Campus,40.71308,-73.59826,2026-01-08T06:00:00Z,1.79,331.0
0512W,Hofstra University South Campus,40.71308,-73.59826,2026-01-08T06:10:00Z,1.343,324.0
0512W,Hofstra University South Campus,40.71308,-73.59826,2026-01-08T06:20:00Z,3.128,302.0
0512W,Hofstra University South Campus,40.71308,-73.59826,2026-01-08T06:30:00Z,2.68,339.0
0512W,Hofstra University South Campus,40.71308,-73.59826,2026-01-08T06:40:00Z,1.343,309.0
0512W,Hofstra University South Campus,40.71308,-73.59826,2026-01-08T06:50:00Z,1.79,292.0
0512W,Hofstra University South Campus,40.71308,-73.59826,2026-01-08T07:00:00Z,1.343,296.0
0512W,Hofstra University South Campus,40.71308,-73.59826,2026-01-08T07:10:00Z,2.233,329.0
0512W,Hofstra University South Campus,40.71308,-73.59826,2026-01-08T07:20:00Z,1.79,304.0
0512W,Hofstra University South Campus,40.71308,-73.59826,2026-01-08T07:30:00Z,0.895,330.0
0512W,Hofstra University South Campus,40.71308,-73.59826,2026-01-08T07:40:00Z,1.79,310.0
0512W,Hofstra University South Campus,40.71308,-73.59826,2026-01-08T07:50:00Z,2.68,272.0
0512W,Hofstra University South Campus,40.71308,-73.59826,2026-01-08T08:10:00Z,2.233,313.0
0512W,Hofstra University South Campus,40.71308,-73.59826,2026-01-08T08:20:00Z,2.233,302.0
0512W,Hofstra University South Campus,40.71308,-73.59826,2026-01-08T08:30:00Z,0.448,319.0
0512W,Hofstra University South Campus,40.71308,-73.59826,2026-01-08T08:40:00Z,0.448,340.0
0512W,Hofstra University South Campus,40.71308,-73.59826,2026-01-08T08:50:00Z,0.448,297.0
0512W,Hofstra University South Campus,40.71308,-73.59826,2026-01-08T09:00:00Z,1.343,325.0
0512W,Hofstra University South Campus,40.71308,-73.59826,2026-01-08T09:10:00Z,2.233,338.0
0512W,Hofstra University South Campus,40.71308,-73.59826,2026-01-08T09:20:00Z,1.79,346.0
0512W,Hofstra University South Campus,40.71308,-73.59826,2026-01-08T09:30:00Z,0.895,323.0
0512W,Hofstra University South Campus,40.71308,-73.59826,2026-01-08T09:40:00Z,0.0,0.0
0512W,Hofstra University South Campus,40.71308,-73.59826,2026-01-08T09:50:00Z,0.0,0.0
0512W,Hofstra University South Campus,40.71308,-73.59826,2026-01-08T10:10:00Z,0.895,319.0
0512W,Hofstra University South Campus,40.71308,-73.59826,2026-01-08T10:20:00Z,0.895,312.0
0512W,Hofstra University South Campus,40.71308,-73.59826,2026-01-08T10:30:00Z,1.79,310.0
0512W,Hofstra University South Campus,40.71308,-73.59826,2026-01-08T10:40:00Z,0.448,321.0
0512W,Hofstra University South Campus,40.71308,-73.59826,2026-01-08T10:50:00Z,2.233,332.0
0512W,Hofstra University South Campus,40.71308,-73.59826,2026-01-08T11:00:00Z,1.79,309.0
0512W,Hofstra University South Campus,40.71308,-73.59826,2026-01-08T11:10:00Z,1.343,322.0
0512W,Hofstra University South Campus,40.71308,-73.59826,2026-01-08T11:20:00Z,1.343,314.0
0512W,Hofstra University South Campus,40.71308,-73.59826,2026-01-08T11:30:00Z,1.79,333.0
0512W,Hofstra University South Campus,40.71308,-73.59826,2026-01-08T11:40:00Z,2.233,336.0
0512W,Hofstra University South Campus,40.71308,-73.59826,2026-01-08T11:50:00Z,1.79,19.0
0512W,Hofstra University South Campus,40.71308,-73.59826,2026-01-08T12:00:00Z,1.343,323.0
0512W,Hofstra University South Campus,40.71308,-73.59826,2026-01-08T12:10:00Z,0.895,297.0
0512W,Hofstra University South Campus,40.71308,-73.59826,2026-01-08T12:20:00Z,1.79,312.0
0512W,Hofstra University South Campus,40.71308,-73.59826,2026-01-08T12:30:00Z,1.343,317.0
0512W,Hofstra University South Campus,40.71308,-73.59826,2026-01-08T12:40:00Z,0.895,340.0
0512W,Hofstra University South Campus,40.71308,-73.59826,2026-01-08T12:50:00Z,0.0,0.0
0512W,Hofstra University South Campus,40.71308,-73.59826,2026-01-08T13:00:00Z,0.0,0.0
0512W,Hofstra University South Campus,40.71308,-73.59826,2026-01-08T13:10:00Z,0.0,0.0
0512W,Hofstra University South Campus,40.71308,-73.59826,2026-01-08T13:20:00Z,0.0,0.0
0512W,Hofstra University South Campus,40.71308,-73.59826,2026-01-08T13:30:00Z,0.0,0.0
0512W,Hofstra University South Campus,40.71308,-73.59826,2026-01-08T13:40:00Z,0.0,0.0
0512W,Hofstra University South Campus,40.71308,-73.59826,2026-01-08T13:50:00Z,0.895,113.0
0512W,Hofstra University South Campus,40.71308,-73.59826,2026-01-08T14:00:00Z,0.0,0.0
0512W,Hofstra University South Campus,40.71308,-73.59826,2026-01-08T14:10:00Z,0.448,217.0
0512W,Hofstra University South Campus,40.71308,-73.59826,2026-01-08T14:20:00Z,0.0,0.0
0512W,Hofstra University South Campus,40.71308,-73.59826,2026-01-08T14:30:00Z,0.895,309.0
0512W,Hofstra University South Campus,40.71308,-73.59826,2026-01-08T14:40:00Z,0.0,0.0
0512W,Hofstra University South Campus,40.71308,-73.59826,2026-01-08T14:50:00Z,1.343,5.0
0512W,Hofstra University South Campus,40.71308,-73.59826,2026-01-08T15:00:00Z,1.79,332.0
0512W,Hofstra University South Campus,40.71308,-73.59826,2026-01-08T15:10:00Z,1.343,331.0
0512W,Hofstra University South Campus,40.71308,-73.59826,2026-01-08T15:20:00Z,0.448,360.0
0512W,Hofstra University South Campus,40.71308,-73.59826,2026-01-08T15:30:00Z,1.343,9.0
0512W,Hofstra University South Campus,40.71308,-73.59826,2026-01-08T15:40:00Z,2.68,315.0
0512W,Hofstra University South Campus,40.71308,-73.59826,2026-01-08T15:50:00Z,1.343,342.0
0512W,Hofstra University South Campus,40.71308,-73.59826,2026-01-08T16:00:00Z,0.448,5.0
0512W,Hofstra University South Campus,40.71308,-73.59826,2026-01-08T16:10:00Z,1.343,67.0
0512W,Hofstra University South Campus,40.71308,-73.59826,2026-01-08T16:20:00Z,0.448,343.0
0512W,Hofstra University South Campus,40.71308,-73.59826,2026-01-08T16:30:00Z,1.79,36.0
0512W,Hofstra University South Campus,40.71308,-73.59826,2026-01-08T16:40:00Z,0.895,9.0
0512W,Hofstra University South Campus,40.71308,-73.59826,2026-01-08T16:50:00Z,2.68,312.0
0512W,Hofstra University South Campus,40.71308,-73.59826,2026-01-08T17:00:00Z,2.233,24.0
0512W,Hofstra University South Campus,40.71308,-73.59826,2026-01-08T17:10:00Z,1.343,360.0
0512W,Hofstra University South Campus,40.71308,-73.59826,2026-01-08T17:20:00Z,2.233,325.0
0512W,Hofstra University South Campus,40.71308,-73.59826,2026-01-08T17:30:00Z,2.233,339.0
0512W,Hofstra University South Campus,40.71308,-73.59826,2026-01-08T17:40:00Z,1.343,244.0
0512W,Hofstra University South Campus,40.71308,-73.59826,2026-01-08T17:50:00Z,1.343,346.0
0512W,Hofstra University South Campus,40.71308,-73.59826,2026-01-08T18:00:00Z,0.895,280.0
0512W,Hofstra University South Campus,40.71308,-73.59826,2026-01-08T18:10:00Z,1.79,281.0
0512W,Hofstra University South Campus,40.71308,-73.59826,2026-01-08T18:20:00Z,3.575,335.0
0512W,Hofstra University South Campus,40.71308,-73.59826,2026-01-08T18:30:00Z,1.343,315.0
0512W,Hofstra University South Campus,40.71308,-73.59826,2026-01-08T18:40:00Z,2.233,336.0
0512W,Hofstra University South Campus,40.71308,-73.59826,2026-01-08T18:50:00Z,1.343,325.0
0512W,Hofstra University South Campus,40.71308,-73.59826,2026-01-08T19:00:00Z,2.233,300.0
0512W,Hofstra University South Campus,40.71308,-73.59826,2026-01-08T19:10:00Z,3.575,344.0
0512W,Hofstra University South Campus,40.71308,-73.59826,2026-01-08T19:20:00Z,1.343,213.0
0512W,Hofstra University South Campus,40.71308,-73.59826,2026-01-08T19:30:00Z,1.79,12.0
0512W,Hofstra University South Campus,40.71308,-73.59826,2026-01-08T19:40:00Z,2.233,345.0
0512W,Hofstra University South Campus,40.71308,-73.59826,2026-01-08T19:50:00Z,0.895,30.0
0512W,Hofstra University South Campus,40.71308,-73.59826,2026-01-08T20:00:00Z,0.895,311.0
0512W,Hofstra University South Campus,40.71308,-73.59826,2026-01-08T20:10:00Z,1.79,299.0
0512W,Hofstra University South Campus,40.71308,-73.59826,2026-01-08T20:20:00Z,2.233,324.0
0512W,Hofstra University South Campus,40.71308,-73.59826,2026-01-08T20:30:00Z,0.895,304.0
0512W,Hofstra University South Campus,40.71308,-73.59826,2026-01-08T20:40:00Z,1.79,360.0
0512W,Hofstra University South Campus,40.71308,-73.59826,2026-01-08T20:50:00Z,0.895,340.0
0512W,Hofstra University South Campus,40.71308,-73.59826,2026-01-08T21:00:00Z,1.79,321.0
0512W,Hofstra University South Campus,40.71308,-73.59826,2026-01-08T21:10:00Z,1.343,355.0
0512W,Hofstra University South Campus,40.71308,-73.59826,2026-01-08T21:20:00Z,0.895,360.0
0512W,Hofstra University South Campus,40.71308,-73.59826,2026-01-08T21:30:00Z,1.343,335.0
0512W,Hofstra University South Campus,40.71308,-73.59826,2026-01-08T21:40:00Z,0.895,334.0
0512W,Hofstra University South Campus,40.71308,-73.59826,2026-01-08T21:50:00Z,0.895,323.0
0512W,Hofstra University South Campus,40.71308,-73.59826,2026-01-08T22:00:00Z,0.895,325.0
0512W,Hofstra University South Campus,40.71308,-73.59826,2026-01-08T22:10:00Z,0.448,323.0
0512W,Hofstra University South Campus,40.71308,-73.59826,2026-01-08T22:20:00Z,0.895,334.0
0512W,Hofstra University South Campus,40.71308,-73.59826,2026-01-08T22:30:00Z,0.895,336.0
0512W,Hofstra University South Campus,40.71308,-73.59826,2026-01-08T22:40:00Z,0.0,0.0
0512W,Hofstra University South Campus,40.71308,-73.59826,2026-01-08T22:50:00Z,0.448,340.0
0512W,Hofstra University South Campus,40.71308,-73.59826,2026-01-08T23:00:00Z,1.343,333.0
0512W,Hofstra University South Campus,40.71308,-73.59826,2026-01-08T23:10:00Z,0.448,345.0
0512W,Hofstra University South Campus,40.71308,-73.59826,2026-01-08T23:20:00Z,0.895,360.0
0512W,Hofstra University South Campus,40.71308,-73.59826,2026-01-08T23:30:00Z,0.448,355.0
0512W,Hofstra University South Campus,40.71308,-73.59826,2026-01-08T23:40:00Z,1.343,333.0
0512W,Hofstra University South Campus,40.71308,-73.59826,2026-01-08T23:50:00Z,0.448,355.0
0512W,Hofstra University South Campus,40.71308,-73.59826,2026-01-09T00:00:00Z,0.895,337.0
0512W,Hofstra University South Campus,40.71308,-73.59826,2026-01-09T00:10:00Z,0.0,0.0
0512W,Hofstra University South Campus,40.71308,-73.59826,2026-01-09T00:20:00Z,0.448,338.0
0512W,Hofstra University South Campus,40.71308,-73.59826,2026-01-09T00:30:00Z,0.0,0.0
0512W,Hofstra University South Campus,40.71308,-73.59826,2026-01-09T00:40:00Z,0.0,0.0
0512W,Hofstra University South Campus,40.71308,-73.59826,2026-01-09T00:50:00Z,0.0,0.0
0512W,Hofstra University South Campus,40.71308,-73.59826,2026-01-09T01:00:00Z,0.0,0.0
0512W,Hofstra University South Campus,40.71308,-73.59826,2026-01-09T01:10:00Z,0.0,0.0
0512W,Hofstra University South Campus,40.71308,-73.59826,2026-01-09T01:20:00Z,0.0,0.0
0512W,Hofstra University South Campus,40.71308,-73.59826,2026-01-09T01:30:00Z,0.0,0.0
0512W,Hofstra University South Campus,40.71308,-73.59826,2026-01-09T01:40:00Z,1.79,203.0
0512W,Hofstra University South Campus,40.71308,-73.59826,2026-01-09T01:50:00Z,0.895,234.0
0512W,Hofstra University South Campus,40.71308,-73.59826,2026-01-09T02:00:00Z,0.0,0.0
0512W,Hofstra University South Campus,40.71308,-73.59826,2026-01-09T02:10:00Z,0.448,223.0
0512W,Hofstra University South Campus,40.71308,-73.59826,2026-01-09T02:20:00Z,0.0,0.0
0512W,Hofstra University South Campus,40.71308,-73.59826,2026-01-09T02:30:00Z,0.0,0.0
0512W,Hofstra University South Campus,40.71308,-73.59826,2026-01-09T02:40:00Z,0.0,0.0
0512W,Hofstra University South Campus,40.71308,-73.59826,2026-01-09T02:50:00Z,0.0,0.0
0512W,Hofstra University South Campus,40.71308,-73.59826,2026-01-09T03:00:00Z,0.0,0.0
0512W,Hofstra University South Campus,40.71308,-73.59826,2026-01-09T03:10:00Z,0.0,0.0
0512W,Hofstra University South Campus,40.71308,-73.59826,2026-01-09T03:20:00Z,0.0,0.0
0512W,Hofstra University South Campus,40.71308,-73.59826,2026-01-09T03:30:00Z,0.0,0.0
0512W,Hofstra University South Campus,40.71308,-73.59826,2026-01-09T03:40:00Z,0.0,0.0
0512W,Hofstra University South Campus,40.71308,-73.59826,2026-01-09T03:50:00Z,0.0,0.0
0512W,Hofstra University South Campus,40.71308,-73.59826,2026-01-09T04:00:00Z,0.0,0.0
0512W,Hofstra University South Campus,40.71308,-73.59826,2026-01-09T04:10:00Z,0.0,0.0
0512W,Hofstra University South Campus,40.71308,-73.59826,2026-01-09T04:20:00Z,0.0,0.0
0512W,Hofstra University South Campus,40.71308,-73.59826,2026-01-09T04:30:00Z,0.0,0.0
0512W,Hofstra University South Campus,40.71308,-73.59826,2026-01-09T04:40:00Z,0.0,0.0
0512W,Hofstra University South Campus,40.71308,-73.59826,2026-01-09T04:50:00Z,0.895,82.0
0512W,Hofstra University South Campus,40.71308,-73.59826,2026-01-09T05:00:00Z,0.895,94.0
0512W,Hofstra University South Campus,40.71308,-73.59826,2026-01-09T05:10:00Z,1.343,96.0
0512W,Hofstra University South Campus,40.71308,-73.59826,2026-01-09T05:20:00Z,0.895,97.0
0512W,Hofstra University South Campus,40.71308,-73.59826,2026-01-09T05:30:00Z,0.448,83.0
0512W,Hofstra University South Campus,40.71308,-73.59826,2026-01-09T05:40:00Z,0.0,0.0
0512W,Hofstra University South Campus,40.71308,-73.59826,2026-01-09T05:50:00Z,0.0,0.0
0512W,Hofstra University South Campus,40.71308,-73.59826,2026-01-09T06:00:00Z,0.0,0.0
0512W,Hofstra University South Campus,40.71308,-73.59826,2026-01-09T06:10:00Z,1.343,83.0
0512W,Hofstra University South Campus,40.71308,-73.59826,2026-01-09T06:20:00Z,0.895,85.0
0512W,Hofstra University South Campus,40.71308,-73.59826,2026-01-09T06:40:00Z,0.895,93.0
0512W,Hofstra University South Campus,40.71308,-73.59826,2026-01-09T06:50:00Z,0.0,0.0
0512W,Hofstra University South Campus,40.71308,-73.59826,2026-01-09T07:00:00Z,0.0,0.0
0512W,Hofstra University South Campus,40.71308,-73.59826,2026-01-09T07:10:00Z,0.448,60.0
0512W,Hofstra University South Campus,40.71308,-73.59826,2026-01-09T07:20:00Z,0.0,0.0
0512W,Hofstra University South Campus,40.71308,-73.59826,2026-01-09T07:30:00Z,0.0,0.0
0512W,Hofstra University South Campus,40.71308,-73.59826,2026-01-09T07:40:00Z,0.895,74.0
0512W,Hofstra University South Campus,40.71308,-73.59826,2026-01-09T07:50:00Z,1.343,92.0
0512W,Hofstra University South Campus,40.71308,-73.59826,2026-01-09T08:10:00Z,0.0,0.0
0512W,Hofstra University South Campus,40.71308,-73.59826,2026-01-09T08:20:00Z,0.0,0.0
0512W,Hofstra University South Campus,40.71308,-73.59826,2026-01-09T08:30:00Z,0.0,0.0
0512W,Hofstra University South Campus,40.71308,-73.59826,2026-01-09T08:40:00Z,0.0,0.0
0512W,Hofstra University South Campus,40.71308,-73.59826,2026-01-09T08:50:00Z,0.0,0.0
0512W,Hofstra University South Campus,40.71308,-73.59826,2026-01-09T09:00:00Z,0.0,0.0
0512W,Hofstra University South Campus,40.71308,-73.59826,2026-01-09T09:10:00Z,0.0,0.0
0512W,Hofstra University South Campus,40.71308,-73.59826,2026-01-09T09:20:00Z,0.895,115.0
0512W,Hofstra University South Campus,40.71308,-73.59826,2026-01-09T09:30:00Z,0.0,0.0
0512W,Hofstra University South Campus,40.71308,-73.59826,2026-01-09T09:40:00Z,0.0,0.0
0512W,Hofstra University South Campus,40.71308,-73.59826,2026-01-09T09:50:00Z,0.0,0.0
0512W,Hofstra University South Campus,40.71308,-73.59826,2026-01-09T10:10:00Z,0.0,0.0
0512W,Hofstra University South Campus,40.71308,-73.59826,2026-01-09T10:20:00Z,0.0,0.0
0512W,Hofstra University South Campus,40.71308,-73.59826,2026-01-09T10:30:00Z,0.0,0.0
0512W,Hofstra University South Campus,40.71308,-73.59826,2026-01-09T10:40:00Z,0.448,71.0
0512W,Hofstra University South Campus,40.71308,-73.59826,2026-01-09T10:50:00Z,0.448,130.0
0512W,Hofstra University South Campus,40.71308,-73.59826,2026-01-09T11:00:00Z,0.448,175.0
0512W,Hofstra University South Campus,40.71308,-73.59826,2026-01-09T11:10:00Z,0.448,171.0
0512W,Hofstra University South Campus,40.71308,-73.59826,2026-01-09T11:20:00Z,0.895,123.0
0512W,Hofstra University South Campus,40.71308,-73.59826,2026-01-09T11:30:00Z,0.895,161.0
0512W,Hofstra University South Campus,40.71308,-73.59826,2026-01-09T11:40:00Z,0.448,150.0
0512W,Hofstra University South Campus,40.71308,-73.59826,2026-01-09T11:50:00Z,0.0,0.0
0512W,Hofstra University South Campus,40.71308,-73.59826,2026-01-09T12:00:00Z,0.0,0.0
0512W,Hofstra University South Campus,40.71308,-73.59826,2026-01-09T12:10:00Z,0.895,127.0
0512W,Hofstra University South Campus,40.71308,-73.59826,2026-01-09T12:20:00Z,0.448,96.0
0512W,Hofstra University South Campus,40.71308,-73.59826,2026-01-09T12:30:00Z,0.0,0.0
0512W,Hofstra University South Campus,40.71308,-73.59826,2026-01-09T12:40:00Z,0.0,0.0
0512W,Hofstra University South Campus,40.71308,-73.59826,2026-01-09T12:50:00Z,0.0,0.0
0512W,Hofstra University South Campus,40.71308,-73.59826,2026-01-09T13:00:00Z,0.0,0.0
0512W,Hofstra University South Campus,40.71308,-73.59826,2026-01-09T13:10:00Z,0.0,0.0
0512W,Hofstra University South Campus,40.71308,-73.59826,2026-01-09T13:20:00Z,0.0,0.0
0512W,Hofstra University South Campus,40.71308,-73.59826,2026-01-09T13:30:00Z,0.0,0.0
0512W,Hofstra University South Campus,40.71308,-73.59826,2026-01-09T13:40:00Z,0.895,159.0
0512W,Hofstra University South Campus,40.71308,-73.59826,2026-01-09T13:50:00Z,1.343,191.0
0512W,Hofstra University South Campus,40.71308,-73.59826,2026-01-09T14:00:00Z,2.233,158.0
0512W,Hofstra University South Campus,40.71308,-73.59826,2026-01-09T14:10:00Z,1.79,150.0
0512W,Hofstra University South Campus,40.71308,-73.59826,2026-01-09T14:20:00Z,4.023,192.0
0512W,Hofstra University South Campus,40.71308,-73.59826,2026-01-09T14:30:00Z,4.471,153.0
0512W,Hofstra University South Campus,40.71308,-73.59826,2026-01-09T14:40:00Z,4.023,199.0
0512W,Hofstra University South Campus,40.71308,-73.59826,2026-01-09T14:50:00Z,3.128,163.0
0512W,Hofstra University South Campus,40.71308,-73.59826,2026-01-09T15:00:00Z,4.918,161.0
0512W,Hofstra University South Campus,40.71308,-73.59826,2026-01-09T15:10:00Z,4.918,187.0
0512W,Hofstra University South Campus,40.71308,-73.59826,2026-01-09T15:20:00Z,4.471,145.0
0512W,Hofstra University South Campus,40.71308,-73.59826,2026-01-09T15:30:00Z,6.703,149.0
0512W,Hofstra University South Campus,40.71308,-73.59826,2026-01-09T15:40:00Z,5.366,167.0
0512W,Hofstra University South Campus,40.71308,-73.59826,2026-01-09T15:50:00Z,4.918,157.0
0512W,Hofstra University South Campus,40.71308,-73.59826,2026-01-09T16:00:00Z,4.023,190.0
0512W,Hofstra University South Campus,40.71308,-73.59826,2026-01-09T16:10:00Z,5.366,139.0
0512W,Hofstra University South Campus,40.71308,-73.59826,2026-01-09T16:50:00Z,4.471,170.0
0512W,Hofstra University South Campus,40.71308,-73.59826,2026-01-09T17:00:00Z,4.918,150.0
0512W,Hofstra University South Campus,40.71308,-73.59826,2026-01-09T17:10:00Z,7.151,158.0
0512W,Hofstra University South Campus,40.71308,-73.59826,2026-01-09T17:20:00Z,5.366,189.0
0512W,Hofstra University South Campus,40.71308,-73.59826,2026-01-09T17:30:00Z,7.151,167.0
0512W,Hofstra University South Campus,40.71308,-73.59826,2026-01-09T17:40:00Z,5.366,134.0
0512W,Hofstra University South Campus,40.71308,-73.59826,2026-01-09T17:50:00Z,6.261,184.0
0512W,Hofstra University South Campus,40.71308,-73.59826,2026-01-09T18:00:00Z,8.046,169.0
0512W,Hofstra University South Campus,40.71308,-73.59826,2026-01-09T18:10:00Z,8.046,149.0
0512W,Hofstra University South Campus,40.71308,-73.59826,2026-01-09T18:20:00Z,6.703,152.0
0512W,Hofstra University South Campus,40.71308,-73.59826,2026-01-09T18:30:00Z,3.575,190.0
0512W,Hofstra University South Campus,40.71308,-73.59826,2026-01-09T18:40:00Z,4.023,156.0
0512W,Hofstra University South Campus,40.71308,-73.59826,2026-01-09T18:50:00Z,6.703,146.0
0512W,Hofstra University South Campus,40.71308,-73.59826,2026-01-09T19:00:00Z,6.261,158.0
0512W,Hofstra University South Campus,40.71308,-73.59826,2026-01-09T19:10:00Z,4.918,140.0
0512W,Hofstra University South Campus,40.71308,-73.59826,2026-01-09T19:20:00Z,4.471,130.0
0512W,Hofstra University South Campus,40.71308,-73.59826,2026-01-09T19:30:00Z,4.471,115.0
0512W,Hofstra University South Campus,40.71308,-73.59826,2026-01-09T19:40:00Z,3.128,155.0
0512W,Hofstra University South Campus,40.71308,-73.59826,2026-01-09T19:50:00Z,3.128,161.0
0512W,Hofstra University South Campus,40.71308,-73.59826,2026-01-09T20:00:00Z,4.023,188.0
0512W,Hofstra University South Campus,40.71308,-73.59826,2026-01-09T20:10:00Z,5.366,163.0
0512W,Hofstra University South Campus,40.71308,-73.59826,2026-01-09T20:20:00Z,4.023,144.0
0512W,Hofstra University South Campus,40.71308,-73.59826,2026-01-09T20:30:00Z,4.471,142.0
0512W,Hofstra University South Campus,40.71308,-73.59826,2026-01-09T20:40:00Z,4.023,172.0
0512W,Hofstra University South Campus,40.71308,-73.59826,2026-01-09T20:50:00Z,3.128,139.0
0512W,Hofstra University South Campus,40.71308,-73.59826,2026-01-09T21:00:00Z,4.471,170.0
0512W,Hofstra University South Campus,40.71308,-73.59826,2026-01-09T21:10:00Z,3.575,171.0
0512W,Hofstra University South Campus,40.71308,-73.59826,2026-01-09T21:20:00Z,4.471,192.0
0512W,Hofstra University South Campus,40.71308,-73.59826,2026-01-09T21:30:00Z,2.68,142.0
0512W,Hofstra University South Campus,40.71308,-73.59826,2026-01-09T21:40:00Z,3.575,163.0
0512W,Hofstra University South Campus,40.71308,-73.59826,2026-01-09T21:50:00Z,4.471,163.0
0512W,Hofstra University South Campus,40.71308,-73.59826,2026-01-09T22:00:00Z,5.366,176.0
0512W,Hofstra University South Campus,40.71308,-73.59826,2026-01-09T22:10:00Z,4.023,160.0
0512W,Hofstra University South Campus,40.71308,-73.59826,2026-01-09T22:20:00Z,5.366,200.0
0512W,Hofstra University South Campus,40.71308,-73.59826,2026-01-09T22:30:00Z,2.68,179.0
0512W,Hofstra University South Campus,40.71308,-73.59826,2026-01-09T22:40:00Z,4.471,190.0
0512W,Hofstra University South Campus,40.71308,-73.59826,2026-01-09T22:50:00Z,3.128,163.0
0512W,Hofstra University South Campus,40.71308,-73.59826,2026-01-09T23:00:00Z,2.68,205.0
0512W,Hofstra University South Campus,40.71308,-73.59826,2026-01-09T23:10:00Z,4.918,173.0
0512W,Hofstra University South Campus,40.71308,-73.59826,2026-01-09T23:20:00Z,4.471,188.0
0512W,Hofstra University South Campus,40.71308,-73.59826,2026-01-09T23:30:00Z,3.575,179.0
0512W,Hofstra University South Campus,40.71308,-73.59826,2026-01-09T23:40:00Z,4.471,162.0
0512W,Hofstra University South Campus,40.71308,-73.59826,2026-01-09T23:50:00Z,8.046,180.0
0512W,Hofstra University South Campus,40.71308,-73.59826,2026-01-10T00:00:00Z,5.813,213.0
0512W,Hofstra University South Campus,40.71308,-73.59826,2026-01-10T00:10:00Z,3.575,182.0
0512W,Hofstra University South Campus,40.71308,-73.59826,2026-01-10T00:20:00Z,4.471,212.0
0512W,Hofstra University South Campus,40.71308,-73.59826,2026-01-10T00:30:00Z,4.918,225.0
0512W,Hofstra University South Campus,40.71308,-73.59826,2026-01-10T00:40:00Z,5.366,200.0
0512W,Hofstra University South Campus,40.71308,-73.59826,2026-01-10T00:50:00Z,3.128,187.0
0512W,Hofstra University South Campus,40.71308,-73.59826,2026-01-10T01:00:00Z,6.261,217.0
0512W,Hofstra University South Campus,40.71308,-73.59826,2026-01-10T01:10:00Z,3.575,192.0
0512W,Hofstra University South Campus,40.71308,-73.59826,2026-01-10T01:20:00Z,6.703,213.0
0512W,Hofstra University South Campus,40.71308,-73.59826,2026-01-10T01:30:00Z,4.918,169.0
0512W,Hofstra University South Campus,40.71308,-73.59826,2026-01-10T01:40:00Z,2.233,184.0
0512W,Hofstra University South Campus,40.71308,-73.59826,2026-01-10T01:50:00Z,3.128,182.0
0512W,Hofstra University South Campus,40.71308,-73.59826,2026-01-10T02:00:00Z,3.128,192.0
0512W,Hofstra University South Campus,40.71308,-73.59826,2026-01-10T02:10:00Z,2.233,190.0
0512W,Hofstra University South Campus,40.71308,-73.59826,2026-01-10T02:20:00Z,2.233,187.0
0512W,Hofstra University South Campus,40.71308,-73.59826,2026-01-10T02:30:00Z,2.68,207.0
0512W,Hofstra University South Campus,40.71308,-73.59826,2026-01-10T02:40:00Z,0.448,182.0
0512W,Hofstra University South Campus,40.71308,-73.59826,2026-01-10T02:50:00Z,1.79,216.0
0512W,Hofstra University South Campus,40.71308,-73.59826,2026-01-10T03:00:00Z,2.233,198.0
0512W,Hofstra University South Campus,40.71308,-73.59826,2026-01-10T03:10:00Z,0.895,222.0
0512W,Hofstra University South Campus,40.71308,-73.59826,2026-01-10T03:20:00Z,0.895,238.0
0512W,Hofstra University South Campus,40.71308,-73.59826,2026-01-10T03:30:00Z,0.895,247.0
0512W,Hofstra University South Campus,40.71308,-73.59826,2026-01-10T03:40:00Z,0.895,252.0
0512W,Hofstra University South Campus,40.71308,-73.59826,2026-01-10T03:50:00Z,1.343,252.0
0512W,Hofstra University South Campus,40.71308,-73.59826,2026-01-10T04:00:00Z,2.68,360.0
0512W,Hofstra University South Campus,40.71308,-73.59826,2026-01-10T04:10:00Z,4.023,251.0
0512W,Hofstra University South Campus,40.71308,-73.59826,2026-01-10T04:20:00Z,6.703,281.0
0512W,Hofstra University South Campus,40.71308,-73.59826,2026-01-10T04:30:00Z,0.895,251.0
0512W,Hofstra University South Campus,40.71308,-73.59826,2026-01-10T04:40:00Z,3.575,246.0
0512W,Hofstra University South Campus,40.71308,-73.59826,2026-01-10T04:50:00Z,2.233,251.0
0512W,Hofstra University South Campus,40.71308,-73.59826,2026-01-10T05:00:00Z,3.575,313.0
0512W,Hofstra University South Campus,40.71308,-73.59826,2026-01-10T05:10:00Z,2.233,293.0
0512W,Hofstra University South Campus,40.71308,-73.59826,2026-01-10T05:20:00Z,2.233,254.0
0512W,Hofstra University South Campus,40.71308,-73.59826,2026-01-10T05:30:00Z,2.233,257.0
0512W,Hofstra University South Campus,40.71308,-73.59826,2026-01-10T05:40:00Z,2.233,250.0
0512W,Hofstra University South Campus,40.71308,-73.59826,2026-01-10T05:50:00Z,1.79,313.0
0512W,Hofstra University South Campus,40.71308,-73.59826,2026-01-10T06:00:00Z,2.233,290.0
0512W,Hofstra University South Campus,40.71308,-73.59826,2026-01-10T06:10:00Z,2.68,334.0
0512W,Hofstra University South Campus,40.71308,-73.59826,2026-01-10T06:20:00Z,0.895,246.0
0512W,Hofstra University South Campus,40.71308,-73.59826,2026-01-10T06:30:00Z,1.343,253.0
0512W,Hofstra University South Campus,40.71308,-73.59826,2026-01-10T06:40:00Z,1.79,234.0
0512W,Hofstra University South Campus,40.71308,-73.59826,2026-01-10T06:50:00Z,0.448,284.0
0512W,Hofstra University South Campus,40.71308,-73.59826,2026-01-10T07:00:00Z,0.895,265.0
0512W,Hofstra University South Campus,40.71308,-73.59826,2026-01-10T07:10:00Z,0.895,250.0
0512W,Hofstra University South Campus,40.71308,-73.59826,2026-01-10T07:20:00Z,1.343,300.0
0512W,Hofstra University South Campus,40.71308,-73.59826,2026-01-10T07:30:00Z,3.575,331.0
0512W,Hofstra University South Campus,40.71308,-73.59826,2026-01-10T07:40:00Z,2.233,316.0
0512W,Hofstra University South Campus,40.71308,-73.59826,2026-01-10T07:50:00Z,2.233,344.0
0512W,Hofstra University South Campus,40.71308,-73.59826,2026-01-10T08:00:00Z,0.448,309.0
0512W,Hofstra University South Campus,40.71308,-73.59826,2026-01-10T08:10:00Z,1.343,342.0
0512W,Hofstra University South Campus,40.71308,-73.59826,2026-01-10T08:20:00Z,1.79,344.0
0512W,Hofstra University South Campus,40.71308,-73.59826,2026-01-10T08:30:00Z,1.343,314.0
0512W,Hofstra University South Campus,40.71308,-73.59826,2026-01-10T08:40:00Z,1.343,317.0
0512W,Hofstra University South Campus,40.71308,-73.59826,2026-01-10T08:50:00Z,2.233,348.0
0512W,Hofstra University South Campus,40.71308,-73.59826,2026-01-10T09:00:00Z,2.233,25.0
0512W,Hofstra University South Campus,40.71308,-73.59826,2026-01-10T09:10:00Z,2.68,351.0
0512W,Hofstra University South Campus,40.71308,-73.59826,2026-01-10T09:20:00Z,2.233,315.0
0512W,Hofstra University South Campus,40.71308,-73.59826,2026-01-10T09:30:00Z,0.448,303.0
0512W,Hofstra University South Campus,40.71308,-73.59826,2026-01-10T09:40:00Z,1.343,328.0
0512W,Hofstra University South Campus,40.71308,-73.59826,2026-01-10T09:50:00Z,0.895,340.0
0512W,Hofstra University South Campus,40.71308,-73.59826,2026-01-10T10:10:00Z,2.233,5.0
0512W,Hofstra University South Campus,40.71308,-73.59826,2026-01-10T10:20:00Z,2.68,320.0
0512W,Hofstra University South Campus,40.71308,-73.59826,2026-01-10T10:30:00Z,2.68,340.0
0512W,Hofstra University South Campus,40.71308,-73.59826,2026-01-10T10:40:00Z,3.128,310.0
0512W,Hofstra University South Campus,40.71308,-73.59826,2026-01-10T10:50:00Z,3.575,309.0
0512W,Hofstra University South Campus,40.71308,-73.59826,2026-01-10T11:00:00Z,1.343,340.0
0512W,Hofstra University South Campus,40.71308,-73.59826,2026-01-10T11:10:00Z,1.79,355.0
0512W,Hofstra University South Campus,40.71308,-73.59826,2026-01-10T11:20:00Z,1.343,343.0
0512W,Hofstra University South Campus,40.71308,-73.59826,2026-01-10T11:30:00Z,3.575,355.0
0512W,Hofstra University South Campus,40.71308,-73.59826,2026-01-10T11:40:00Z,0.448,338.0
0512W,Hofstra University South Campus,40.71308,-73.59826,2026-01-10T11:50:00Z,1.343,24.0
0512W,Hofstra University South Campus,40.71308,-73.59826,2026-01-10T12:00:00Z,1.343,331.0
0512W,Hofstra University South Campus,40.71308,-73.59826,2026-01-10T12:10:00Z,3.575,18.0
0512W,Hofstra University South Campus,40.71308,-73.59826,2026-01-10T12:20:00Z,1.343,28.0
0512W,Hofstra University South Campus,40.71308,-73.59826,2026-01-10T12:30:00Z,1.343,315.0
0512W,Hofstra University South Campus,40.71308,-73.59826,2026-01-10T12:40:00Z,1.79,65.0
0512W,Hofstra University South Campus,40.71308,-73.59826,2026-01-10T12:50:00Z,3.128,20.0
0512W,Hofstra University South Campus,40.71308,-73.59826,2026-01-10T13:00:00Z,4.471,32.0
0512W,Hofstra University South Campus,40.71308,-73.59826,2026-01-10T13:10:00Z,0.895,57.0
0512W,Hofstra University South Campus,40.71308,-73.59826,2026-01-10T13:20:00Z,1.343,61.0
0512W,Hofstra University South Campus,40.71308,-73.59826,2026-01-10T13:30:00Z,2.233,11.0
0512W,Hofstra University South Campus,40.71308,-73.59826,2026-01-10T13:40:00Z,2.233,16.0
0512W,Hofstra University South Campus,40.71308,-73.59826,2026-01-10T13:50:00Z,3.575,19.0
0512W,Hofstra University South Campus,40.71308,-73.59826,2026-01-10T14:00:00Z,1.343,338.0
0512W,Hofstra University South Campus,40.71308,-73.59826,2026-01-10T14:10:00Z,1.343,66.0
0512W,Hofstra University South Campus,40.71308,-73.59826,2026-01-10T14:20:00Z,1.79,27.0
0512W,Hofstra University South Campus,40.71308,-73.59826,2026-01-10T14:30:00Z,2.68,46.0
0512W,Hofstra University South Campus,40.71308,-73.59826,2026-01-10T14:40:00Z,0.895,40.0
0512W,Hofstra University South Campus,40.71308,-73.59826,2026-01-10T14:50:00Z,1.343,63.0
0512W,Hofstra University South Campus,40.71308,-73.59826,2026-01-10T15:00:00Z,0.895,69.0
0512W,Hofstra University South Campus,40.71308,-73.59826,2026-01-10T15:10:00Z,2.68,37.0
0512W,Hofstra University South Campus,40.71308,-73.59826,2026-01-10T15:20:00Z,2.233,74.0
0512W,Hofstra University South Campus,40.71308,-73.59826,2026-01-10T15:30:00Z,0.0,0.0
0512W,Hofstra University South Campus,40.71308,-73.59826,2026-01-10T15:40:00Z,0.448,26.0
0512W,Hofstra University South Campus,40.71308,-73.59826,2026-01-10T15:50:00Z,1.343,67.0
0512W,Hofstra University South Campus,40.71308,-73.59826,2026-01-10T16:00:00Z,0.895,58.0
0512W,Hofstra University South Campus,40.71308,-73.59826,2026-01-10T16:10:00Z,0.0,0.0
0512W,Hofstra University South Campus,40.71308,-73.59826,2026-01-10T16:20:00Z,1.343,65.0
0512W,Hofstra University South Campus,40.71308,-73.59826,2026-01-10T16:30:00Z,0.0,0.0
0512W,Hofstra University South Campus,40.71308,-73.59826,2026-01-10T16:40:00Z,0.448,5.0
0512W,Hofstra University South Campus,40.71308,-73.59826,2026-01-10T16:50:00Z,2.233,53.0
0512W,Hofstra University South Campus,40.71308,-73.59826,2026-01-10T17:00:00Z,0.895,53.0
0512W,Hofstra University South Campus,40.71308,-73.59826,2026-01-10T17:10:00Z,0.448,109.0
0512W,Hofstra University South Campus,40.71308,-73.59826,2026-01-10T17:20:00Z,0.895,51.0
0512W,Hofstra University South Campus,40.71308,-73.59826,2026-01-10T17:30:00Z,0.895,65.0
0512W,Hofstra University South Campus,40.71308,-73.59826,2026-01-10T17:40:00Z,0.895,101.0
0512W,Hofstra University South Campus,40.71308,-73.59826,2026-01-10T17:50:00Z,1.343,86.0
0512W,Hofstra University South Campus,40.71308,-73.59826,2026-01-10T18:00:00Z,2.68,113.0
0512W,Hofstra University South Campus,40.71308,-73.59826,2026-01-10T18:10:00Z,1.79,105.0
0512W,Hofstra University South Campus,40.71308,-73.59826,2026-01-10T18:20:00Z,1.79,86.0
0512W,Hofstra University South Campus,40.71308,-73.59826,2026-01-10T18:30:00Z,0.895,84.0
0512W,Hofstra University South Campus,40.71308,-73.59826,2026-01-10T18:40:00Z,1.79,79.0
0512W,Hofstra University South Campus,40.71308,-73.59826,2026-01-10T18:50:00Z,3.575,88.0
0512W,Hofstra University South Campus,40.71308,-73.59826,2026-01-10T19:00:00Z,0.895,86.0
0512W,Hofstra University South Campus,40.71308,-73.59826,2026-01-10T19:10:00Z,1.343,35.0
0512W,Hofstra University South Campus,40.71308,-73.59826,2026-01-10T19:20:00Z,0.0,0.0
0512W,Hofstra University South Campus,40.71308,-73.59826,2026-01-10T19:30:00Z,0.448,98.0
0512W,Hofstra University South Campus,40.71308,-73.59826,2026-01-10T19:40:00Z,0.895,118.0
0512W,Hofstra University South Campus,40.71308,-73.59826,2026-01-10T19:50:00Z,1.343,102.0
0512W,Hofstra University South Campus,40.71308,-73.59826,2026-01-10T20:00:00Z,0.448,51.0
0512W,Hofstra University South Campus,40.71308,-73.59826,2026-01-10T20:10:00Z,0.895,71.0
0512W,Hofstra University South Campus,40.71308,-73.59826,2026-01-10T20:20:00Z,0.895,80.0
0512W,Hofstra University South Campus,40.71308,-73.59826,2026-01-10T20:30:00Z,3.128,80.0
0512W,Hofstra University South Campus,40.71308,-73.59826,2026-01-10T20:40:00Z,2.233,80.0
0512W,Hofstra University South Campus,40.71308,-73.59826,2026-01-10T20:50:00Z,2.68,98.0
0512W,Hofstra University South Campus,40.71308,-73.59826,2026-01-10T21:00:00Z,3.575,105.0
0512W,Hofstra University South Campus,40.71308,-73.59826,2026-01-10T21:10:00Z,1.79,57.0
0512W,Hofstra University South Campus,40.71308,-73.59826,2026-01-10T21:20:00Z,1.79,90.0
0512W,Hofstra University South Campus,40.71308,-73.59826,2026-01-10T21:30:00Z,2.233,62.0
0512W,Hofstra University South Campus,40.71308,-73.59826,2026-01-10T21:40:00Z,1.79,80.0
0512W,Hofstra University South Campus,40.71308,-73.59826,2026-01-10T21:50:00Z,1.79,96.0
0512W,Hofstra University South Campus,40.71308,-73.59826,2026-01-10T22:00:00Z,1.343,71.0
0512W,Hofstra University South Campus,40.71308,-73.59826,2026-01-10T22:10:00Z,1.79,117.0
0512W,Hofstra University South Campus,40.71308,-73.59826,2026-01-10T22:20:00Z,1.79,96.0
0512W,Hofstra University South Campus,40.71308,-73.59826,2026-01-10T22:30:00Z,2.233,71.0
0512W,Hofstra University South Campus,40.71308,-73.59826,2026-01-10T22:40:00Z,1.79,101.0
0512W,Hofstra University South Campus,40.71308,-73.59826,2026-01-10T22:50:00Z,1.79,76.0
0512W,Hofstra University South Campus,40.71308,-73.59826,2026-01-10T23:00:00Z,2.233,65.0
0512W,Hofstra University South Campus,40.71308,-73.59826,2026-01-10T23:10:00Z,2.233,70.0
0512W,Hofstra University South Campus,40.71308,-73.59826,2026-01-10T23:20:00Z,2.68,108.0
0512W,Hofstra University South Campus,40.71308,-73.59826,2026-01-10T23:30:00Z,5.366,114.0
0512W,Hofstra University South Campus,40.71308,-73.59826,2026-01-10T23:40:00Z,4.023,93.0
0512W,Hofstra University South Campus,40.71308,-73.59826,2026-01-10T23:50:00Z,2.68,111.0
0512W,Hofstra University South Campus,40.71308,-73.59826,2026-01-11T00:00:00Z,4.471,100.0
0512W,Hofstra University South Campus,40.71308,-73.59826,2026-01-11T00:10:00Z,1.343,98.0
0512W,Hofstra University South Campus,40.71308,-73.59826,2026-01-11T00:20:00Z,4.023,107.0
0512W,Hofstra University South Campus,40.71308,-73.59826,2026-01-11T00:30:00Z,4.023,94.0
0512W,Hofstra University South Campus,40.71308,-73.59826,2026-01-11T00:40:00Z,4.918,80.0
0512W,Hofstra University South Campus,40.71308,-73.59826,2026-01-11T00:50:00Z,6.261,84.0
0512W,Hofstra University South Campus,40.71308,-73.59826,2026-01-11T01:00:00Z,6.261,97.0
0512W,Hofstra University South Campus,40.71308,-73.59826,2026-01-11T01:10:00Z,6.703,90.0
0512W,Hofstra University South Campus,40.71308,-73.59826,2026-01-11T01:20:00Z,2.233,40.0
0512W,Hofstra University South Campus,40.71308,-73.59826,2026-01-11T01:30:00Z,4.471,35.0
0512W,Hofstra University South Campus,40.71308,-73.59826,2026-01-11T01:40:00Z,3.128,57.0
0512W,Hofstra University South Campus,40.71308,-73.59826,2026-01-11T01:50:00Z,4.918,98.0
0512W,Hofstra University South Campus,40.71308,-73.59826,2026-01-11T02:00:00Z,3.128,111.0
0512W,Hofstra University South Campus,40.71308,-73.59826,2026-01-11T02:10:00Z,1.79,85.0
0512W,Hofstra University South Campus,40.71308,-73.59826,2026-01-11T02:20:00Z,4.023,96.0
0512W,Hofstra University South Campus,40.71308,-73.59826,2026-01-11T02:30:00Z,2.68,100.0
0512W,Hofstra University South Campus,40.71308,-73.59826,2026-01-11T02:40:00Z,2.233,87.0
0512W,Hofstra University South Campus,40.71308,-73.59826,2026-01-11T02:50:00Z,4.471,111.0
0512W,Hofstra University South Campus,40.71308,-73.59826,2026-01-11T03:00:00Z,1.79,96.0
0512W,Hofstra University South Campus,40.71308,-73.59826,2026-01-11T03:10:00Z,4.023,87.0
0512W,Hofstra University South Campus,40.71308,-73.59826,2026-01-11T03:20:00Z,1.343,68.0
0512W,Hofstra University South Campus,40.71308,-73.59826,2026-01-11T03:30:00Z,1.343,69.0
0512W,Hofstra University South Campus,40.71308,-73.59826,2026-01-11T03:40:00Z,1.343,92.0
0512W,Hofstra University South Campus,40.71308,-73.59826,2026-01-11T03:50:00Z,0.895,82.0
0512W,Hofstra University South Campus,40.71308,-73.59826,2026-01-11T04:00:00Z,3.575,81.0
0512W,Hofstra University South Campus,40.71308,-73.59826,2026-01-11T04:10:00Z,1.79,82.0
0512W,Hofstra University South Campus,40.71308,-73.59826,2026-01-11T04:20:00Z,1.343,103.0
0512W,Hofstra University South Campus,40.71308,-73.59826,2026-01-11T04:30:00Z,1.343,89.0
0512W,Hofstra University South Campus,40.71308,-73.59826,2026-01-11T04:40:00Z,0.895,29.0
0512W,Hofstra University South Campus,40.71308,-73.59826,2026-01-11T04:50:00Z,0.448,322.0
0512W,Hofstra University South Campus,40.71308,-73.59826,2026-01-11T05:00:00Z,1.343,5.0
0512W,Hofstra University South Campus,40.71308,-73.59826,2026-01-11T05:10:00Z,1.79,319.0
0512W,Hofstra University South Campus,40.71308,-73.59826,2026-01-11T05:20:00Z,1.79,348.0
0512W,Hofstra University South Campus,40.71308,-73.59826,2026-01-11T05:30:00Z,2.68,344.0
0512W,Hofstra University South Campus,40.71308,-73.59826,2026-01-11T05:40:00Z,2.233,323.0
0512W,Hofstra University South Campus,40.71308,-73.59826,2026-01-11T05:50:00Z,1.343,14.0
0512W,Hofstra University South Campus,40.71308,-73.59826,2026-01-11T06:00:00Z,0.895,331.0
0512W,Hofstra University South Campus,40.71308,-73.59826,2026-01-11T06:10:00Z,1.79,331.0
0512W,Hofstra University South Campus,40.71308,-73.59826,2026-01-11T06:20:00Z,1.79,328.0
0512W,Hofstra University South Campus,40.71308,-73.59826,2026-01-11T06:40:00Z,3.575,321.0
0512W,Hofstra University South Campus,40.71308,-73.59826,2026-01-11T06:50:00Z,4.023,339.0
0512W,Hofstra University South Campus,40.71308,-73.59826,2026-01-11T07:00:00Z,1.343,333.0
0512W,Hofstra University South Campus,40.71308,-73.59826,2026-01-11T07:10:00Z,0.895,5.0
0512W,Hofstra University South Campus,40.71308,-73.59826,2026-01-11T07:20:00Z,0.895,57.0
0512W,Hofstra University South Campus,40.71308,-73.59826,2026-01-11T07:30:00Z,1.343,355.0
0512W,Hofstra University South Campus,40.71308,-73.59826,2026-01-11T07:40:00Z,1.343,325.0
0512W,Hofstra University South Campus,40.71308,-73.59826,2026-01-11T07:50:00Z,1.79,336.0
0512W,Hofstra University South Campus,40.71308,-73.59826,2026-01-11T08:00:00Z,1.343,338.0
0512W,Hofstra University South Campus,40.71308,-73.59826,2026-01-11T08:10:00Z,0.895,306.0
0512W,Hofstra University South Campus,40.71308,-73.59826,2026-01-11T08:20:00Z,2.233,313.0
0512W,Hofstra University South Campus,40.71308,-73.59826,2026-01-11T08:30:00Z,1.343,323.0
0512W,Hofstra University South Campus,40.71308,-73.59826,2026-01-11T08:40:00Z,1.343,313.0
0512W,Hofstra University South Campus,40.71308,-73.59826,2026-01-11T08:50:00Z,2.233,341.0
0512W,Hofstra University South Campus,40.71308,-73.59826,2026-01-11T09:00:00Z,0.895,317.0
0512W,Hofstra University South Campus,40.71308,-73.59826,2026-01-11T09:10:00Z,1.343,198.0
0512W,Hofstra University South Campus,40.71308,-73.59826,2026-01-11T09:20:00Z,1.343,334.0
0512W,Hofstra University South Campus,40.71308,-73.59826,2026-01-11T09:30:00Z,1.79,295.0
0512W,Hofstra University South Campus,40.71308,-73.59826,2026-01-11T09:40:00Z,1.79,256.0
0512W,Hofstra University South Campus,40.71308,-73.59826,2026-01-11T09:50:00Z,0.895,257.0
0512W,Hofstra University South Campus,40.71308,-73.59826,2026-01-11T10:10:00Z,0.448,257.0
0512W,Hofstra University South Campus,40.71308,-73.59826,2026-01-11T10:20:00Z,1.343,307.0
0512W,Hofstra University South Campus,40.71308,-73.59826,2026-01-11T10:30:00Z,0.895,244.0
0512W,Hofstra University South Campus,40.71308,-73.59826,2026-01-11T10:40:00Z,0.448,254.0
0512W,Hofstra University South Campus,40.71308,-73.59826,2026-01-11T10:50:00Z,0.895,197.0
0512W,Hofstra University South Campus,40.71308,-73.59826,2026-01-11T11:00:00Z,0.448,182.0
0512W,Hofstra University South Campus,40.71308,-73.59826,2026-01-11T11:10:00Z,1.343,236.0
0512W,Hofstra University South Campus,40.71308,-73.59826,2026-01-11T11:20:00Z,0.448,229.0
0512W,Hofstra University South Campus,40.71308,-73.59826,2026-01-11T11:30:00Z,0.448,257.0
0512W,Hofstra University South Campus,40.71308,-73.59826,2026-01-11T11:40:00Z,1.343,217.0
0512W,Hofstra University South Campus,40.71308,-73.59826,2026-01-11T11:50:00Z,0.448,274.0
0512W,Hofstra University South Campus,40.71308,-73.59826,2026-01-11T12:00:00Z,0.448,185.0
0512W,Hofstra University South Campus,40.71308,-73.59826,2026-01-11T12:10:00Z,0.895,180.0
0512W,Hofstra University South Campus,40.71308,-73.59826,2026-01-11T12:20:00Z,1.343,187.0
0512W,Hofstra University South Campus,40.71308,-73.59826,2026-01-11T12:30:00Z,0.895,249.0
0512W,Hofstra University South Campus,40.71308,-73.59826,2026-01-11T12:40:00Z,1.79,303.0
0512W,Hofstra University South Campus,40.71308,-73.59826,2026-01-11T12:50:00Z,2.233,301.0
0512W,Hofstra University South Campus,40.71308,-73.59826,2026-01-11T13:00:00Z,0.895,236.0
0512W,Hofstra University South Campus,40.71308,-73.59826,2026-01-11T13:10:00Z,1.79,301.0
0512W,Hofstra University South Campus,40.71308,-73.59826,2026-01-11T13:20:00Z,1.79,260.0
0512W,Hofstra University South Campus,40.71308,-73.59826,2026-01-11T13:30:00Z,0.895,275.0
0512W,Hofstra University South Campus,40.71308,-73.59826,2026-01-11T13:40:00Z,1.343,279.0
0512W,Hofstra University South Campus,40.71308,-73.59826,2026-01-11T13:50:00Z,1.79,327.0
0512W,Hofstra University South Campus,40.71308,-73.59826,2026-01-11T14:00:00Z,1.343,263.0
0512W,Hofstra University South Campus,40.71308,-73.59826,2026-01-11T14:10:00Z,4.023,263.0
0512W,Hofstra University South Campus,40.71308,-73.59826,2026-01-11T14:20:00Z,2.233,300.0
0512W,Hofstra University South Campus,40.71308,-73.59826,2026-01-11T14:30:00Z,4.023,307.0
0512W,Hofstra University South Campus,40.71308,-73.59826,2026-01-11T14:40:00Z,2.68,5.0
0512W,Hofstra University South Campus,40.71308,-73.59826,2026-01-11T14:50:00Z,5.366,316.0
0512W,Hofstra University South Campus,40.71308,-73.59826,2026-01-11T15:00:00Z,3.575,360.0
0512W,Hofstra University South Campus,40.71308,-73.59826,2026-01-11T15:10:00Z,4.918,302.0
0512W,Hofstra University South Campus,40.71308,-73.59826,2026-01-11T15:20:00Z,6.261,312.0
0512W,Hofstra University South Campus,40.71308,-73.59826,2026-01-11T15:30:00Z,4.023,329.0
0512W,Hofstra University South Campus,40.71308,-73.59826,2026-01-11T15:40:00Z,1.343,308.0
0512W,Hofstra University South Campus,40.71308,-73.59826,2026-01-11T15:50:00Z,5.366,244.0
0512W,Hofstra University South Campus,40.71308,-73.59826,2026-01-11T16:00:00Z,5.813,336.0
0512W,Hofstra University South Campus,40.71308,-73.59826,2026-01-11T16:10:00Z,4.023,245.0
0512W,Hofstra University South Campus,40.71308,-73.59826,2026-01-11T16:20:00Z,4.471,316.0
0512W,Hofstra University South Campus,40.71308,-73.59826,2026-01-11T16:30:00Z,6.261,319.0
0512W,Hofstra University South Campus,40.71308,-73.59826,2026-01-11T16:40:00Z,7.151,319.0
0512W,Hofstra University South Campus,40.71308,-73.59826,2026-01-11T16:50:00Z,4.023,325.0
0512W,Hofstra University South Campus,40.71308,-73.59826,2026-01-11T17:00:00Z,5.366,320.0
0512W,Hofstra University South Campus,40.71308,-73.59826,2026-01-11T17:10:00Z,1.343,296.0
0512W,Hofstra University South Campus,40.71308,-73.59826,2026-01-11T17:20:00Z,1.79,255.0
0512W,Hofstra University South Campus,40.71308,-73.59826,2026-01-11T17:30:00Z,2.68,341.0
0512W,Hofstra University South Campus,40.71308,-73.59826,2026-01-11T17:40:00Z,3.575,267.0
0512W,Hofstra University South Campus,40.71308,-73.59826,2026-01-11T17:50:00Z,4.918,276.0
0512W,Hofstra University South Campus,40.71308,-73.59826,2026-01-11T18:00:00Z,3.128,294.0
0512W,Hofstra University South Campus,40.71308,-73.59826,2026-01-11T18:10:00Z,1.343,313.0
0512W,Hofstra University South Campus,40.71308,-73.59826,2026-01-11T18:20:00Z,4.023,309.0
0512W,Hofstra University South Campus,40.71308,-73.59826,2026-01-11T18:30:00Z,3.128,245.0
0512W,Hofstra University South Campus,40.71308,-73.59826,2026-01-11T18:40:00Z,2.233,302.0
0512W,Hofstra University South Campus,40.71308,-73.59826,2026-01-11T18:50:00Z,4.023,327.0
0512W,Hofstra University South Campus,40.71308,-73.59826,2026-01-11T19:00:00Z,0.895,328.0
0512W,Hofstra University South Campus,40.71308,-73.59826,2026-01-11T19:10:00Z,1.79,336.0
0512W,Hofstra University South Campus,40.71308,-73.59826,2026-01-11T19:20:00Z,1.79,297.0
0512W,Hofstra University South Campus,40.71308,-73.59826,2026-01-11T19:30:00Z,4.471,306.0
0512W,Hofstra University South Campus,40.71308,-73.59826,2026-01-11T19:40:00Z,5.813,261.0
0512W,Hofstra University South Campus,40.71308,-73.59826,2026-01-11T19:50:00Z,3.128,252.0
0512W,Hofstra University South Campus,40.71308,-73.59826,2026-01-11T20:00:00Z,6.261,280.0
0512W,Hofstra University South Campus,40.71308,-73.59826,2026-01-11T20:10:00Z,4.918,242.0
0512W,Hofstra University South Campus,40.71308,-73.59826,2026-01-11T20:20:00Z,4.023,291.0
0512W,Hofstra University South Campus,40.71308,-73.59826,2026-01-11T20:30:00Z,6.261,261.0
0512W,Hofstra University South Campus,40.71308,-73.59826,2026-01-11T20:40:00Z,5.366,287.0
0512W,Hofstra University South Campus,40.71308,-73.59826,2026-01-11T20:50:00Z,5.813,301.0
0512W,Hofstra University South Campus,40.71308,-73.59826,2026-01-11T21:00:00Z,5.813,312.0
0512W,Hofstra University South Campus,40.71308,-73.59826,2026-01-11T21:10:00Z,3.575,254.0
0512W,Hofstra University South Campus,40.71308,-73.59826,2026-01-11T21:20:00Z,4.023,294.0
0512W,Hofstra University South Campus,40.71308,-73.59826,2026-01-11T21:30:00Z,4.918,273.0
0512W,Hofstra University South Campus,40.71308,-73.59826,2026-01-11T21:40:00Z,8.046,296.0
0512W,Hofstra University South Campus,40.71308,-73.59826,2026-01-11T21:50:00Z,5.366,306.0
0512W,Hofstra University South Campus,40.71308,-73.59826,2026-01-11T22:00:00Z,2.233,326.0
0512W,Hofstra University South Campus,40.71308,-73.59826,2026-01-11T22:10:00Z,8.046,292.0
0512W,Hofstra University South Campus,40.71308,-73.59826,2026-01-11T22:20:00Z,4.918,236.0
0512W,Hofstra University South Campus,40.71308,-73.59826,2026-01-11T22:30:00Z,7.151,242.0
0512W,Hofstra University South Campus,40.71308,-73.59826,2026-01-11T22:40:00Z,7.151,334.0
0512W,Hofstra University South Campus,40.71308,-73.59826,2026-01-11T22:50:00Z,7.598,309.0
0512W,Hofstra University South Campus,40.71308,-73.59826,2026-01-11T23:00:00Z,8.493,319.0
0512W,Hofstra University South Campus,40.71308,-73.59826,2026-01-11T23:10:00Z,8.046,305.0
0512W,Hofstra University South Campus,40.71308,-73.59826,2026-01-11T23:20:00Z,3.575,348.0
0512W,Hofstra University South Campus,40.71308,-73.59826,2026-01-11T23:30:00Z,2.233,328.0
0512W,Hofstra University South Campus,40.71308,-73.59826,2026-01-11T23:40:00Z,5.366,236.0
0512W,Hofstra University South Campus,40.71308,-73.59826,2026-01-11T23:50:00Z,1.343,294.0
0512W,Hofstra University South Campus,40.71308,-73.59826,2026-01-12T00:00:00Z,5.366,304.0
0512W,Hofstra University South Campus,40.71308,-73.59826,2026-01-12T00:10:00Z,6.261,314.0
0512W,Hofstra University South Campus,40.71308,-73.59826,2026-01-12T00:20:00Z,3.128,290.0
0512W,Hofstra University South Campus,40.71308,-73.59826,2026-01-12T00:30:00Z,6.703,276.0
0512W,Hofstra University South Campus,40.71308,-73.59826,2026-01-12T00:40:00Z,3.128,288.0
0512W,Hofstra University South Campus,40.71308,-73.59826,2026-01-12T00:50:00Z,3.575,324.0
0512W,Hofstra University South Campus,40.71308,-73.59826,2026-01-12T01:00:00Z,4.918,295.0
0512W,Hofstra University South Campus,40.71308,-73.59826,2026-01-12T01:10:00Z,4.471,282.0
0512W,Hofstra University South Campus,40.71308,-73.59826,2026-01-12T01:20:00Z,9.389,274.0
0512W,Hofstra University South Campus,40.71308,-73.59826,2026-01-12T01:30:00Z,3.128,267.0
0512W,Hofstra University South Campus,40.71308,-73.59826,2026-01-12T01:40:00Z,2.68,286.0
0512W,Hofstra University South Campus,40.71308,-73.59826,2026-01-12T01:50:00Z,5.366,237.0
0512W,Hofstra University South Campus,40.71308,-73.59826,2026-01-12T02:00:00Z,4.918,323.0
0512W,Hofstra University South Campus,40.71308,-73.59826,2026-01-12T02:10:00Z,8.941,290.0
0512W,Hofstra University South Campus,40.71308,-73.59826,2026-01-12T02:20:00Z,2.68,278.0
0512W,Hofstra University South Campus,40.71308,-73.59826,2026-01-12T02:30:00Z,5.366,247.0
0512W,Hofstra University South Campus,40.71308,-73.59826,2026-01-12T02:40:00Z,7.151,302.0
0512W,Hofstra University South Campus,40.71308,-73.59826,2026-01-12T02:50:00Z,8.493,317.0
0512W,Hofstra University South Campus,40.71308,-73.59826,2026-01-12T03:00:00Z,1.79,331.0
0512W,Hofstra University South Campus,40.71308,-73.59826,2026-01-12T03:10:00Z,4.471,318.0
0512W,Hofstra University South Campus,40.71308,-73.59826,2026-01-12T03:20:00Z,3.575,270.0
0512W,Hofstra University South Campus,40.71308,-73.59826,2026-01-12T03:30:00Z,2.68,337.0
0512W,Hofstra University South Campus,40.71308,-73.59826,2026-01-12T03:40:00Z,4.918,253.0
0512W,Hofstra University South Campus,40.71308,-73.59826,2026-01-12T03:50:00Z,4.918,273.0
0512W,Hofstra University South Campus,40.71308,-73.59826,2026-01-12T04:00:00Z,2.68,223.0
0512W,Hofstra University South Campus,40.71308,-73.59826,2026-01-12T04:10:00Z,4.918,323.0
0512W,Hofstra University South Campus,40.71308,-73.59826,2026-01-12T04:20:00Z,4.471,338.0
0512W,Hofstra University South Campus,40.71308,-73.59826,2026-01-12T04:30:00Z,5.366,360.0
0512W,Hofstra University South Campus,40.71308,-73.59826,2026-01-12T04:40:00Z,5.813,11.0
0512W,Hofstra University South Campus,40.71308,-73.59826,2026-01-12T04:50:00Z,5.366,360.0
0512W,Hofstra University South Campus,40.71308,-73.59826,2026-01-12T05:00:00Z,4.023,332.0
0512W,Hofstra University South Campus,40.71308,-73.59826,2026-01-12T05:10:00Z,6.703,292.0
0512W,Hofstra University South Campus,40.71308,-73.59826,2026-01-12T05:20:00Z,5.813,317.0
0512W,Hofstra University South Campus,40.71308,-73.59826,2026-01-12T05:30:00Z,6.703,344.0
0512W,Hofstra University South Campus,40.71308,-73.59826,2026-01-12T05:40:00Z,0.895,316.0
0512W,Hofstra University South Campus,40.71308,-73.59826,2026-01-12T05:50:00Z,4.023,299.0
0512W,Hofstra University South Campus,40.71308,-73.59826,2026-01-12T06:00:00Z,7.151,298.0
0512W,Hofstra University South Campus,40.71308,-73.59826,2026-01-12T06:10:00Z,6.703,314.0
0512W,Hofstra University South Campus,40.71308,-73.59826,2026-01-12T06:20:00Z,10.284,329.0
0512W,Hofstra University South Campus,40.71308,-73.59826,2026-01-12T06:30:00Z,5.813,318.0
0512W,Hofstra University South Campus,40.71308,-73.59826,2026-01-12T06:40:00Z,3.575,355.0
0512W,Hofstra University South Campus,40.71308,-73.59826,2026-01-12T06:50:00Z,4.023,201.0
0512W,Hofstra University South Campus,40.71308,-73.59826,2026-01-12T07:10:00Z,4.918,274.0
0512W,Hofstra University South Campus,40.71308,-73.59826,2026-01-12T07:20:00Z,3.575,313.0
0512W,Hofstra University South Campus,40.71308,-73.59826,2026-01-12T07:30:00Z,4.471,334.0
0512W,Hofstra University South Campus,40.71308,-73.59826,2026-01-12T07:40:00Z,2.68,360.0
0512W,Hofstra University South Campus,40.71308,-73.59826,2026-01-12T07:50:00Z,2.233,249.0
0512W,Hofstra University South Campus,40.71308,-73.59826,2026-01-12T08:10:00Z,2.68,317.0
0512W,Hofstra University South Campus,40.71308,-73.59826,2026-01-12T08:20:00Z,1.79,236.0
0512W,Hofstra University South Campus,40.71308,-73.59826,2026-01-12T08:30:00Z,4.471,316.0
0512W,Hofstra University South Campus,40.71308,-73.59826,2026-01-12T08:40:00Z,4.471,301.0
0512W,Hofstra University South Campus,40.71308,-73.59826,2026-01-12T08:50:00Z,4.918,301.0
0512W,Hofstra University South Campus,40.71308,-73.59826,2026-01-12T09:00:00Z,5.813,316.0
0512W,Hofstra University South Campus,40.71308,-73.59826,2026-01-12T09:10:00Z,7.598,317.0
0512W,Hofstra University South Campus,40.71308,-73.59826,2026-01-12T09:20:00Z,6.261,331.0
0512W,Hofstra University South Campus,40.71308,-73.59826,2026-01-12T09:30:00Z,4.471,273.0
0512W,Hofstra University South Campus,40.71308,-73.59826,2026-01-12T09:40:00Z,6.261,318.0
0512W,Hofstra University South Campus,40.71308,-73.59826,2026-01-12T09:50:00Z,4.023,252.0
0512W,Hofstra University South Campus,40.71308,-73.59826,2026-01-12T10:10:00Z,4.471,272.0
0512W,Hofstra University South Campus,40.71308,-73.59826,2026-01-12T10:20:00Z,1.79,274.0
0512W,Hofstra University South Campus,40.71308,-73.59826,2026-01-12T10:30:00Z,3.575,307.0
0512W,Hofstra University South Campus,40.71308,-73.59826,2026-01-12T10:40:00Z,2.233,11.0
0512W,Hofstra University South Campus,40.71308,-73.59826,2026-01-12T10:50:00Z,3.575,284.0
0512W,Hofstra University South Campus,40.71308,-73.59826,2026-01-12T11:00:00Z,2.233,290.0
0512W,Hofstra University South Campus,40.71308,-73.59826,2026-01-12T11:10:00Z,2.233,242.0
0512W,Hofstra University South Campus,40.71308,-73.59826,2026-01-12T11:20:00Z,2.233,306.0
0512W,Hofstra University South Campus,40.71308,-73.59826,2026-01-12T11:30:00Z,2.68,327.0
0512W,Hofstra University South Campus,40.71308,-73.59826,2026-01-12T11:40:00Z,4.918,285.0
0512W,Hofstra University South Campus,40.71308,-73.59826,2026-01-12T11:50:00Z,1.79,300.0
0512W,Hofstra University South Campus,40.71308,-73.59826,2026-01-12T12:00:00Z,6.703,298.0
0512W,Hofstra University South Campus,40.71308,-73.59826,2026-01-12T12:10:00Z,6.261,270.0
0512W,Hofstra University South Campus,40.71308,-73.59826,2026-01-12T12:20:00Z,2.233,355.0
0512W,Hofstra University South Campus,40.71308,-73.59826,2026-01-12T12:30:00Z,4.918,290.0
0512W,Hofstra University South Campus,40.71308,-73.59826,2026-01-12T12:40:00Z,2.233,198.0
0512W,Hofstra University South Campus,40.71308,-73.59826,2026-01-12T12:50:00Z,4.023,293.0
0512W,Hofstra University South Campus,40.71308,-73.59826,2026-01-12T13:00:00Z,5.366,319.0
0512W,Hofstra University South Campus,40.71308,-73.59826,2026-01-12T13:10:00Z,1.79,294.0
0512W,Hofstra University South Campus,40.71308,-73.59826,2026-01-12T13:20:00Z,4.023,269.0
0512W,Hofstra University South Campus,40.71308,-73.59826,2026-01-12T13:30:00Z,4.471,244.0
0512W,Hofstra University South Campus,40.71308,-73.59826,2026-01-12T13:40:00Z,1.343,336.0
0512W,Hofstra University South Campus,40.71308,-73.59826,2026-01-12T13:50:00Z,0.448,259.0
0512W,Hofstra University South Campus,40.71308,-73.59826,2026-01-12T14:00:00Z,5.813,250.0
0512W,Hofstra University South Campus,40.71308,-73.59826,2026-01-12T14:10:00Z,3.575,286.0
0512W,Hofstra University South Campus,40.71308,-73.59826,2026-01-12T14:20:00Z,4.471,254.0
0512W,Hofstra University South Campus,40.71308,-73.59826,2026-01-12T14:30:00Z,4.471,259.0
0512W,Hofstra University South Campus,40.71308,-73.59826,2026-01-12T14:40:00Z,0.895,243.0
0512W,Hofstra University South Campus,40.71308,-73.59826,2026-01-12T14:50:00Z,1.79,257.0
0512W,Hofstra University South Campus,40.71308,-73.59826,2026-01-12T15:00:00Z,2.68,238.0
0512W,Hofstra University South Campus,40.71308,-73.59826,2026-01-12T15:10:00Z,5.366,247.0
0512W,Hofstra University South Campus,40.71308,-73.59826,2026-01-12T15:20:00Z,5.813,284.0
0512W,Hofstra University South Campus,40.71308,-73.59826,2026-01-12T15:30:00Z,6.261,238.0
0512W,Hofstra University South Campus,40.71308,-73.59826,2026-01-12T15:40:00Z,1.79,285.0
0512W,Hofstra University South Campus,40.71308,-73.59826,2026-01-12T15:50:00Z,5.366,189.0
0512W,Hofstra University South Campus,40.71308,-73.59826,2026-01-12T16:00:00Z,1.79,252.0
0512W,Hofstra University South Campus,40.71308,-73.59826,2026-01-12T16:10:00Z,4.023,198.0
0512W,Hofstra University South Campus,40.71308,-73.59826,2026-01-12T16:20:00Z,6.703,244.0
0512W,Hofstra University South Campus,40.71308,-73.59826,2026-01-12T16:30:00Z,4.023,250.0
0512W,Hofstra University South Campus,40.71308,-73.59826,2026-01-12T16:40:00Z,4.023,247.0
0512W,Hofstra University South Campus,40.71308,-73.59826,2026-01-12T16:50:00Z,6.703,245.0
0512W,Hofstra University South Campus,40.71308,-73.59826,2026-01-12T17:00:00Z,1.79,234.0
0512W,Hofstra University South Campus,40.71308,-73.59826,2026-01-12T17:10:00Z,3.128,246.0
0512W,Hofstra University South Campus,40.71308,-73.59826,2026-01-12T17:20:00Z,3.575,182.0
0512W,Hofstra University South Campus,40.71308,-73.59826,2026-01-12T17:30:00Z,2.233,190.0
0512W,Hofstra University South Campus,40.71308,-73.59826,2026-01-12T17:40:00Z,5.366,190.0
0512W,Hofstra University South Campus,40.71308,-73.59826,2026-01-12T17:50:00Z,7.598,233.0
0512W,Hofstra University South Campus,40.71308,-73.59826,2026-01-12T18:00:00Z,4.023,194.0
0512W,Hofstra University South Campus,40.71308,-73.59826,2026-01-12T18:10:00Z,4.918,222.0
0512W,Hofstra University South Campus,40.71308,-73.59826,2026-01-12T18:20:00Z,4.023,202.0
0512W,Hofstra University South Campus,40.71308,-73.59826,2026-01-12T18:30:00Z,4.471,253.0
0512W,Hofstra University South Campus,40.71308,-73.59826,2026-01-12T18:40:00Z,4.023,273.0
0512W,Hofstra University South Campus,40.71308,-73.59826,2026-01-12T18:50:00Z,6.261,241.0
0512W,Hofstra University South Campus,40.71308,-73.59826,2026-01-12T19:00:00Z,4.471,227.0
0512W,Hofstra University South Campus,40.71308,-73.59826,2026-01-12T19:10:00Z,3.128,202.0
0512W,Hofstra University South Campus,40.71308,-73.59826,2026-01-12T19:20:00Z,6.703,236.0
0512W,Hofstra University South Campus,40.71308,-73.59826,2026-01-12T19:30:00Z,5.366,242.0
0512W,Hofstra University South Campus,40.71308,-73.59826,2026-01-12T19:40:00Z,4.023,207.0
0512W,Hofstra University South Campus,40.71308,-73.59826,2026-01-12T19:50:00Z,6.261,203.0
0512W,Hofstra University South Campus,40.71308,-73.59826,2026-01-12T20:00:00Z,4.918,175.0
0512W,Hofstra University South Campus,40.71308,-73.59826,2026-01-12T20:10:00Z,3.575,229.0
0512W,Hofstra University South Campus,40.71308,-73.59826,2026-01-12T20:20:00Z,4.023,219.0
0512W,Hofstra University South Campus,40.71308,-73.59826,2026-01-12T20:30:00Z,2.68,221.0
0512W,Hofstra University South Campus,40.71308,-73.59826,2026-01-12T20:40:00Z,1.343,205.0
0512W,Hofstra University South Campus,40.71308,-73.59826,2026-01-12T20:50:00Z,4.023,174.0
0512W,Hofstra University South Campus,40.71308,-73.59826,2026-01-12T21:00:00Z,2.233,202.0
0512W,Hofstra University South Campus,40.71308,-73.59826,2026-01-12T21:10:00Z,1.343,193.0
0512W,Hofstra University South Campus,40.71308,-73.59826,2026-01-12T21:20:00Z,2.233,208.0
0512W,Hofstra University South Campus,40.71308,-73.59826,2026-01-12T21:30:00Z,4.023,210.0
0512W,Hofstra University South Campus,40.71308,-73.59826,2026-01-12T21:40:00Z,2.233,232.0
0512W,Hofstra University South Campus,40.71308,-73.59826,2026-01-12T21:50:00Z,1.343,232.0
0512W,Hofstra University South Campus,40.71308,-73.59826,2026-01-12T22:00:00Z,3.575,251.0
0512W,Hofstra University South Campus,40.71308,-73.59826,2026-01-12T22:10:00Z,3.575,222.0
0512W,Hofstra University South Campus,40.71308,-73.59826,2026-01-12T22:20:00Z,3.128,252.0
0512W,Hofstra University South Campus,40.71308,-73.59826,2026-01-12T22:30:00Z,1.79,240.0
0512W,Hofstra University South Campus,40.71308,-73.59826,2026-01-12T22:40:00Z,4.023,246.0
0512W,Hofstra University South Campus,40.71308,-73.59826,2026-01-12T22:50:00Z,3.575,223.0
0512W,Hofstra University South Campus,40.71308,-73.59826,2026-01-12T23:00:00Z,4.918,237.0
0512W,Hofstra University South Campus,40.71308,-73.59826,2026-01-12T23:10:00Z,2.68,219.0
0512W,Hofstra University South Campus,40.71308,-73.59826,2026-01-12T23:20:00Z,2.233,257.0
0512W,Hofstra University South Campus,40.71308,-73.59826,2026-01-12T23:30:00Z,1.343,210.0
0512W,Hofstra University South Campus,40.71308,-73.59826,2026-01-12T23:40:00Z,1.79,309.0
0512W,Hofstra University South Campus,40.71308,-73.59826,2026-01-12T23:50:00Z,1.79,263.0
0512W,Hofstra University South Campus,40.71308,-73.59826,2026-01-13T00:00:00Z,1.79,267.0
0512W,Hofstra University South Campus,40.71308,-73.59826,2026-01-13T00:10:00Z,1.79,258.0
0512W,Hofstra University South Campus,40.71308,-73.59826,2026-01-13T00:20:00Z,3.128,254.0
0512W,Hofstra University South Campus,40.71308,-73.59826,2026-01-13T00:30:00Z,3.575,229.0
0512W,Hofstra University South Campus,40.71308,-73.59826,2026-01-13T00:40:00Z,4.023,241.0
0512W,Hofstra University South Campus,40.71308,-73.59826,2026-01-13T00:50:00Z,1.79,186.0
0512W,Hofstra University South Campus,40.71308,-73.59826,2026-01-13T01:00:00Z,1.343,232.0
0512W,Hofstra University South Campus,40.71308,-73.59826,2026-01-13T01:10:00Z,2.233,242.0
0512W,Hofstra University South Campus,40.71308,-73.59826,2026-01-13T01:20:00Z,4.471,258.0
0512W,Hofstra University South Campus,40.71308,-73.59826,2026-01-13T01:30:00Z,0.895,283.0
0512W,Hofstra University South Campus,40.71308,-73.59826,2026-01-13T01:40:00Z,2.68,238.0
0512W,Hofstra University South Campus,40.71308,-73.59826,2026-01-13T01:50:00Z,1.79,252.0
0512W,Hofstra University South Campus,40.71308,-73.59826,2026-01-13T02:00:00Z,1.343,259.0
0512W,Hofstra University South Campus,40.71308,-73.59826,2026-01-13T02:10:00Z,4.023,258.0
0512W,Hofstra University South Campus,40.71308,-73.59826,2026-01-13T02:20:00Z,3.575,229.0
0512W,Hofstra University South Campus,40.71308,-73.59826,2026-01-13T02:30:00Z,3.575,244.0
0512W,Hofstra University South Campus,40.71308,-73.59826,2026-01-13T02:40:00Z,4.023,241.0
0512W,Hofstra University South Campus,40.71308,-73.59826,2026-01-13T02:50:00Z,3.128,249.0
0512W,Hofstra University South Campus,40.71308,-73.59826,2026-01-13T03:00:00Z,3.575,254.0
0512W,Hofstra University South Campus,40.71308,-73.59826,2026-01-13T03:10:00Z,2.68,229.0
0512W,Hofstra University South Campus,40.71308,-73.59826,2026-01-13T03:20:00Z,3.128,234.0
0512W,Hofstra University South Campus,40.71308,-73.59826,2026-01-13T03:30:00Z,1.343,234.0
0512W,Hofstra University South Campus,40.71308,-73.59826,2026-01-13T03:40:00Z,2.233,250.0
0512W,Hofstra University South Campus,40.71308,-73.59826,2026-01-13T03:50:00Z,1.79,233.0
0512W,Hofstra University South Campus,40.71308,-73.59826,2026-01-13T04:00:00Z,1.79,227.0
0512W,Hofstra University South Campus,40.71308,-73.59826,2026-01-13T04:10:00Z,2.233,219.0
0512W,Hofstra University South Campus,40.71308,-73.59826,2026-01-13T04:20:00Z,2.233,203.0
0512W,Hofstra University South Campus,40.71308,-73.59826,2026-01-13T04:30:00Z,0.448,226.0
0512W,Hofstra University South Campus,40.71308,-73.59826,2026-01-13T04:40:00Z,1.79,211.0
0512W,Hofstra University South Campus,40.71308,-73.59826,2026-01-13T04:50:00Z,2.68,221.0
0512W,Hofstra University South Campus,40.71308,-73.59826,2026-01-13T05:00:00Z,2.233,229.0
0512W,Hofstra University South Campus,40.71308,-73.59826,2026-01-13T05:10:00Z,1.343,232.0
0512W,Hofstra University South Campus,40.71308,-73.59826,2026-01-13T05:20:00Z,1.79,207.0
0512W,Hofstra University South Campus,40.71308,-73.59826,2026-01-13T05:30:00Z,1.343,211.0
0512W,Hofstra University South Campus,40.71308,-73.59826,2026-01-13T05:40:00Z,2.233,246.0
0512W,Hofstra University South Campus,40.71308,-73.59826,2026-01-13T05:50:00Z,0.895,233.0
0512W,Hofstra University South Campus,40.71308,-73.59826,2026-01-13T06:00:00Z,1.79,207.0
0512W,Hofstra University South Campus,40.71308,-73.59826,2026-01-13T06:10:00Z,1.79,217.0
0512W,Hofstra University South Campus,40.71308,-73.59826,2026-01-13T06:20:00Z,1.79,227.0
0512W,Hofstra University South Campus,40.71308,-73.59826,2026-01-13T06:40:00Z,0.895,234.0
0512W,Hofstra University South Campus,40.71308,-73.59826,2026-01-13T06:50:00Z,1.343,225.0
0512W,Hofstra University South Campus,40.71308,-73.59826,2026-01-13T07:00:00Z,2.233,240.0
0512W,Hofstra University South Campus,40.71308,-73.59826,2026-01-13T07:10:00Z,0.895,227.0
0512W,Hofstra University South Campus,40.71308,-73.59826,2026-01-13T07:20:00Z,1.79,211.0
0512W,Hofstra University South Campus,40.71308,-73.59826,2026-01-13T07:30:00Z,1.79,223.0
0512W,Hofstra University South Campus,40.71308,-73.59826,2026-01-13T07:40:00Z,2.233,202.0
0512W,Hofstra University South Campus,40.71308,-73.59826,2026-01-13T07:50:00Z,1.343,214.0
0512W,Hofstra University South Campus,40.71308,-73.59826,2026-01-13T08:00:00Z,2.233,223.0
0512W,Hofstra University South Campus,40.71308,-73.59826,2026-01-13T08:10:00Z,0.895,236.0
0512W,Hofstra University South Campus,40.71308,-73.59826,2026-01-13T08:20:00Z,0.895,231.0
0512W,Hofstra University South Campus,40.71308,-73.59826,2026-01-13T08:30:00Z,1.343,250.0
0512W,Hofstra University South Campus,40.71308,-73.59826,2026-01-13T08:40:00Z,0.895,227.0
0512W,Hofstra University South Campus,40.71308,-73.59826,2026-01-13T08:50:00Z,2.233,242.0
0512W,Hofstra University South Campus,40.71308,-73.59826,2026-01-13T09:00:00Z,1.343,244.0
0512W,Hofstra University South Campus,40.71308,-73.59826,2026-01-13T09:10:00Z,0.448,240.0
0512W,Hofstra University South Campus,40.71308,-73.59826,2026-01-13T09:20:00Z,1.343,246.0
0512W,Hofstra University South Campus,40.71308,-73.59826,2026-01-13T09:30:00Z,3.575,238.0
0512W,Hofstra University South Campus,40.71308,-73.59826,2026-01-13T09:40:00Z,0.895,244.0
0512W,Hofstra University South Campus,40.71308,-73.59826,2026-01-13T09:50:00Z,0.895,287.0
0512W,Hofstra University South Campus,40.71308,-73.59826,2026-01-13T10:10:00Z,3.128,260.0
0512W,Hofstra University South Campus,40.71308,-73.59826,2026-01-13T10:20:00Z,3.575,265.0
0512W,Hofstra University South Campus,40.71308,-73.59826,2026-01-13T10:30:00Z,2.233,240.0
0512W,Hofstra University South Campus,40.71308,-73.59826,2026-01-13T10:40:00Z,0.448,242.0
0512W,Hofstra University South Campus,40.71308,-73.59826,2026-01-13T10:50:00Z,0.895,232.0
0512W,Hofstra University South Campus,40.71308,-73.59826,2026-01-13T11:00:00Z,1.79,241.0
0512W,Hofstra University South Campus,40.71308,-73.59826,2026-01-13T11:10:00Z,0.895,242.0
0512W,Hofstra University South Campus,40.71308,-73.59826,2026-01-13T11:20:00Z,1.79,248.0
0512W,Hofstra University South Campus,40.71308,-73.59826,2026-01-13T11:30:00Z,1.79,221.0
0512W,Hofstra University South Campus,40.71308,-73.59826,2026-01-13T11:40:00Z,1.343,215.0
0512W,Hofstra University South Campus,40.71308,-73.59826,2026-01-13T11:50:00Z,1.79,252.0
0512W,Hofstra University South Campus,40.71308,-73.59826,2026-01-13T12:00:00Z,2.233,240.0
0512W,Hofstra University South Campus,40.71308,-73.59826,2026-01-13T12:10:00Z,1.343,206.0
0512W,Hofstra University South Campus,40.71308,-73.59826,2026-01-13T12:20:00Z,2.68,242.0
0512W,Hofstra University South Campus,40.71308,-73.59826,2026-01-13T12:30:00Z,1.79,226.0
0512W,Hofstra University South Campus,40.71308,-73.59826,2026-01-13T12:40:00Z,2.233,221.0
0512W,Hofstra University South Campus,40.71308,-73.59826,2026-01-13T12:50:00Z,2.68,238.0
0512W,Hofstra University South Campus,40.71308,-73.59826,2026-01-13T13:00:00Z,1.79,216.0
0512W,Hofstra University South Campus,40.71308,-73.59826,2026-01-13T13:10:00Z,0.895,229.0
0512W,Hofstra University South Campus,40.71308,-73.59826,2026-01-13T13:20:00Z,1.79,244.0
0512W,Hofstra University South Campus,40.71308,-73.59826,2026-01-13T13:30:00Z,2.68,242.0
0512W,Hofstra University South Campus,40.71308,-73.59826,2026-01-13T13:40:00Z,0.895,204.0
0512W,Hofstra University South Campus,40.71308,-73.59826,2026-01-13T13:50:00Z,1.343,191.0
0512W,Hofstra University South Campus,40.71308,-73.59826,2026-01-13T14:00:00Z,2.68,261.0
0512W,Hofstra University South Campus,40.71308,-73.59826,2026-01-13T14:10:00Z,0.895,242.0
0512W,Hofstra University South Campus,40.71308,-73.59826,2026-01-13T14:20:00Z,1.79,248.0
0512W,Hofstra University South Campus,40.71308,-73.59826,2026-01-13T14:30:00Z,1.343,197.0
0512W,Hofstra University South Campus,40.71308,-73.59826,2026-01-13T14:40:00Z,1.79,257.0
0512W,Hofstra University South Campus,40.71308,-73.59826,2026-01-13T14:50:00Z,1.79,313.0
0512W,Hofstra University South Campus,40.71308,-73.59826,2026-01-13T15:00:00Z,1.343,262.0
0512W,Hofstra University South Campus,40.71308,-73.59826,2026-01-13T15:10:00Z,4.471,164.0
0512W,Hofstra University South Campus,40.71308,-73.59826,2026-01-13T15:20:00Z,2.68,231.0
0512W,Hofstra University South Campus,40.71308,-73.59826,2026-01-13T15:30:00Z,1.79,217.0
0512W,Hofstra University South Campus,40.71308,-73.59826,2026-01-13T15:40:00Z,2.68,236.0
0512W,Hofstra University South Campus,40.71308,-73.59826,2026-01-13T15:50:00Z,2.68,227.0
0512W,Hofstra University South Campus,40.71308,-73.59826,2026-01-13T16:00:00Z,2.233,250.0
0512W,Hofstra University South Campus,40.71308,-73.59826,2026-01-13T16:10:00Z,1.79,257.0
0512W,Hofstra University South Campus,40.71308,-73.59826,2026-01-13T16:20:00Z,4.023,250.0
0512W,Hofstra University South Campus,40.71308,-73.59826,2026-01-13T16:30:00Z,2.68,182.0
0512W,Hofstra University South Campus,40.71308,-73.59826,2026-01-13T16:40:00Z,1.79,321.0
0512W,Hofstra University South Campus,40.71308,-73.59826,2026-01-13T16:50:00Z,4.023,207.0
0512W,Hofstra University South Campus,40.71308,-73.59826,2026-01-13T17:00:00Z,3.575,222.0
0512W,Hofstra University South Campus,40.71308,-73.59826,2026-01-13T17:10:00Z,2.233,219.0
0512W,Hofstra University South Campus,40.71308,-73.59826,2026-01-13T17:20:00Z,2.68,227.0
0512W,Hofstra University South Campus,40.71308,-73.59826,2026-01-13T17:30:00Z,3.575,244.0
0512W,Hofstra University South Campus,40.71308,-73.59826,2026-01-13T17:40:00Z,3.575,205.0
0512W,Hofstra University South Campus,40.71308,-73.59826,2026-01-13T17:50:00Z,4.471,146.0
0512W,Hofstra University South Campus,40.71308,-73.59826,2026-01-13T18:00:00Z,5.366,192.0
0512W,Hofstra University South Campus,40.71308,-73.59826,2026-01-13T18:10:00Z,3.575,197.0
0512W,Hofstra University South Campus,40.71308,-73.59826,2026-01-13T18:20:00Z,6.261,249.0
0512W,Hofstra University South Campus,40.71308,-73.59826,2026-01-13T18:30:00Z,1.79,252.0
0512W,Hofstra University South Campus,40.71308,-73.59826,2026-01-13T18:40:00Z,2.68,163.0
0512W,Hofstra University South Campus,40.71308,-73.59826,2026-01-13T18:50:00Z,5.366,191.0
0512W,Hofstra University South Campus,40.71308,-73.59826,2026-01-13T19:00:00Z,3.575,156.0
0512W,Hofstra University South Campus,40.71308,-73.59826,2026-01-13T19:10:00Z,4.918,141.0
0512W,Hofstra University South Campus,40.71308,-73.59826,2026-01-13T19:20:00Z,3.575,209.0
0512W,Hofstra University South Campus,40.71308,-73.59826,2026-01-13T19:30:00Z,4.023,199.0
0512W,Hofstra University South Campus,40.71308,-73.59826,2026-01-13T19:40:00Z,4.918,142.0
0512W,Hofstra University South Campus,40.71308,-73.59826,2026-01-13T19:50:00Z,2.68,168.0
0512W,Hofstra University South Campus,40.71308,-73.59826,2026-01-13T20:00:00Z,4.023,152.0
0512W,Hofstra University South Campus,40.71308,-73.59826,2026-01-13T20:10:00Z,5.813,171.0
0512W,Hofstra University South Campus,40.71308,-73.59826,2026-01-13T20:20:00Z,4.023,161.0
0512W,Hofstra University South Campus,40.71308,-73.59826,2026-01-13T20:30:00Z,4.918,182.0
0512W,Hofstra University South Campus,40.71308,-73.59826,2026-01-13T20:40:00Z,3.128,218.0
0512W,Hofstra University South Campus,40.71308,-73.59826,2026-01-13T20:50:00Z,8.493,178.0
0512W,Hofstra University South Campus,40.71308,-73.59826,2026-01-13T21:00:00Z,6.703,167.0
0512W,Hofstra University South Campus,40.71308,-73.59826,2026-01-13T21:10:00Z,3.575,150.0
0512W,Hofstra University South Campus,40.71308,-73.59826,2026-01-13T21:20:00Z,4.471,191.0
0512W,Hofstra University South Campus,40.71308,-73.59826,2026-01-13T21:30:00Z,5.366,182.0
0512W,Hofstra University South Campus,40.71308,-73.59826,2026-01-13T21:40:00Z,4.023,181.0
0512W,Hofstra University South Campus,40.71308,-73.59826,2026-01-13T21:50:00Z,5.813,209.0
0512W,Hofstra University South Campus,40.71308,-73.59826,2026-01-13T22:00:00Z,4.918,203.0
0512W,Hofstra University South Campus,40.71308,-73.59826,2026-01-13T22:10:00Z,3.575,159.0
0512W,Hofstra University South Campus,40.71308,-73.59826,2026-01-13T22:20:00Z,4.918,191.0
0512W,Hofstra University South Campus,40.71308,-73.59826,2026-01-13T22:30:00Z,4.471,169.0
0512W,Hofstra University South Campus,40.71308,-73.59826,2026-01-13T22:40:00Z,3.128,171.0
0512W,Hofstra University South Campus,40.71308,-73.59826,2026-01-13T22:50:00Z,4.918,163.0
0512W,Hofstra University South Campus,40.71308,-73.59826,2026-01-13T23:00:00Z,4.023,200.0
0512W,Hofstra University South Campus,40.71308,-73.59826,2026-01-13T23:10:00Z,6.261,178.0
0512W,Hofstra University South Campus,40.71308,-73.59826,2026-01-13T23:20:00Z,6.261,144.0
0512W,Hofstra University South Campus,40.71308,-73.59826,2026-01-13T23:30:00Z,3.575,205.0
0512W,Hofstra University South Campus,40.71308,-73.59826,2026-01-13T23:40:00Z,4.918,198.0
0512W,Hofstra University South Campus,40.71308,-73.59826,2026-01-13T23:50:00Z,8.941,227.0
0512W,Hofstra University South Campus,40.71308,-73.59826,2026-01-14T00:00:00Z,3.128,186.0
0512W,Hofstra University South Campus,40.71308,-73.59826,2026-01-14T00:10:00Z,5.366,179.0
0512W,Hofstra University South Campus,40.71308,-73.59826,2026-01-14T00:20:00Z,4.471,165.0
0512W,Hofstra University South Campus,40.71308,-73.59826,2026-01-14T00:30:00Z,5.813,220.0
0512W,Hofstra University South Campus,40.71308,-73.59826,2026-01-14T00:40:00Z,4.918,202.0
0512W,Hofstra University South Campus,40.71308,-73.59826,2026-01-14T00:50:00Z,3.128,214.0
0512W,Hofstra University South Campus,40.71308,-73.59826,2026-01-14T01:00:00Z,4.918,165.0
0512W,Hofstra University South Campus,40.71308,-73.59826,2026-01-14T01:10:00Z,4.918,171.0
0512W,Hofstra University South Campus,40.71308,-73.59826,2026-01-14T01:20:00Z,4.023,146.0
0512W,Hofstra University South Campus,40.71308,-73.59826,2026-01-14T01:30:00Z,4.918,170.0
0512W,Hofstra University South Campus,40.71308,-73.59826,2026-01-14T01:40:00Z,5.366,190.0
0512W,Hofstra University South Campus,40.71308,-73.59826,2026-01-14T01:50:00Z,7.151,205.0
0512W,Hofstra University South Campus,40.71308,-73.59826,2026-01-14T02:00:00Z,2.68,203.0
0512W,Hofstra University South Campus,40.71308,-73.59826,2026-01-14T02:10:00Z,2.68,187.0
0512W,Hofstra University South Campus,40.71308,-73.59826,2026-01-14T02:20:00Z,4.023,184.0
0512W,Hofstra University South Campus,40.71308,-73.59826,2026-01-14T02:30:00Z,4.023,199.0
0512W,Hofstra University South Campus,40.71308,-73.59826,2026-01-14T02:40:00Z,4.471,190.0
0512W,Hofstra University South Campus,40.71308,-73.59826,2026-01-14T02:50:00Z,2.68,156.0
0512W,Hofstra University South Campus,40.71308,-73.59826,2026-01-14T03:00:00Z,2.68,198.0
0512W,Hofstra University South Campus,40.71308,-73.59826,2026-01-14T03:10:00Z,4.023,202.0
0512W,Hofstra University South Campus,40.71308,-73.59826,2026-01-14T03:20:00Z,4.023,182.0
0512W,Hofstra University South Campus,40.71308,-73.59826,2026-01-14T03:30:00Z,4.471,154.0
0512W,Hofstra University South Campus,40.71308,-73.59826,2026-01-14T03:40:00Z,3.575,150.0
0512W,Hofstra University South Campus,40.71308,-73.59826,2026-01-14T03:50:00Z,3.128,207.0
0512W,Hofstra University South Campus,40.71308,-73.59826,2026-01-14T04:00:00Z,4.023,191.0
0512W,Hofstra University South Campus,40.71308,-73.59826,2026-01-14T04:10:00Z,4.023,184.0
0512W,Hofstra University South Campus,40.71308,-73.59826,2026-01-14T04:20:00Z,3.128,202.0
0512W,Hofstra University South Campus,40.71308,-73.59826,2026-01-14T04:30:00Z,4.023,198.0
0512W,Hofstra University South Campus,40.71308,-73.59826,2026-01-14T04:40:00Z,4.471,194.0
0512W,Hofstra University South Campus,40.71308,-73.59826,2026-01-14T04:50:00Z,4.023,190.0
0512W,Hofstra University South Campus,40.71308,-73.59826,2026-01-14T05:00:00Z,3.128,209.0
0512W,Hofstra University South Campus,40.71308,-73.59826,2026-01-14T05:10:00Z,3.128,201.0
0512W,Hofstra University South Campus,40.71308,-73.59826,2026-01-14T05:20:00Z,2.68,159.0
0512W,Hofstra University South Campus,40.71308,-73.59826,2026-01-14T05:30:00Z,4.023,198.0
0512W,Hofstra University South Campus,40.71308,-73.59826,2026-01-14T05:40:00Z,5.366,213.0
0512W,Hofstra University South Campus,40.71308,-73.59826,2026-01-14T05:50:00Z,2.233,163.0
0512W,Hofstra University South Campus,40.71308,-73.59826,2026-01-14T06:00:00Z,3.575,148.0
0512W,Hofstra University South Campus,40.71308,-73.59826,2026-01-14T06:10:00Z,3.128,154.0
0512W,Hofstra University South Campus,40.71308,-73.59826,2026-01-14T06:20:00Z,3.128,190.0
0512W,Hofstra University South Campus,40.71308,-73.59826,2026-01-14T06:30:00Z,4.471,205.0
0512W,Hofstra University South Campus,40.71308,-73.59826,2026-01-14T06:40:00Z,4.918,172.0
0512W,Hofstra University South Campus,40.71308,-73.59826,2026-01-14T06:50:00Z,3.575,207.0
0512W,Hofstra University South Campus,40.71308,-73.59826,2026-01-14T07:00:00Z,2.233,198.0
0512W,Hofstra University South Campus,40.71308,-73.59826,2026-01-14T07:10:00Z,3.128,181.0
0512W,Hofstra University South Campus,40.71308,-73.59826,2026-01-14T07:20:00Z,1.79,192.0
0512W,Hofstra University South Campus,40.71308,-73.59826,2026-01-14T07:30:00Z,2.233,200.0
0512W,Hofstra University South Campus,40.71308,-73.59826,2026-01-14T07:40:00Z,2.233,190.0
0512W,Hofstra University South Campus,40.71308,-73.59826,2026-01-14T07:50:00Z,1.79,168.0
0512W,Hofstra University South Campus,40.71308,-73.59826,2026-01-14T08:00:00Z,3.128,202.0
0512W,Hofstra University South Campus,40.71308,-73.59826,2026-01-14T08:10:00Z,3.128,180.0
0512W,Hofstra University South Campus,40.71308,-73.59826,2026-01-14T08:20:00Z,4.023,215.0
0512W,Hofstra University South Campus,40.71308,-73.59826,2026-01-14T08:30:00Z,3.128,205.0
0512W,Hofstra University South Campus,40.71308,-73.59826,2026-01-14T08:40:00Z,1.79,196.0
0512W,Hofstra University South Campus,40.71308,-73.59826,2026-01-14T08:50:00Z,1.79,169.0
0512W,Hofstra University South Campus,40.71308,-73.59826,2026-01-14T09:00:00Z,1.343,188.0
0512W,Hofstra University South Campus,40.71308,-73.59826,2026-01-14T09:10:00Z,0.895,179.0
0512W,Hofstra University South Campus,40.71308,-73.59826,2026-01-14T09:20:00Z,1.79,183.0
0512W,Hofstra University South Campus,40.71308,-73.59826,2026-01-14T09:30:00Z,0.448,168.0
0512W,Hofstra University South Campus,40.71308,-73.59826,2026-01-14T09:40:00Z,0.895,161.0
0512W,Hofstra University South Campus,40.71308,-73.59826,2026-01-14T09:50:00Z,0.895,157.0
0512W,Hofstra University South Campus,40.71308,-73.59826,2026-01-14T10:10:00Z,1.343,181.0
0512W,Hofstra University South Campus,40.71308,-73.59826,2026-01-14T10:20:00Z,0.895,182.0
0512W,Hofstra University South Campus,40.71308,-73.59826,2026-01-14T10:30:00Z,2.233,181.0
0512W,Hofstra University South Campus,40.71308,-73.59826,2026-01-14T10:40:00Z,2.233,158.0
0512W,Hofstra University South Campus,40.71308,-73.59826,2026-01-14T10:50:00Z,0.895,165.0
0512W,Hofstra University South Campus,40.71308,-73.59826,2026-01-14T11:00:00Z,1.79,192.0
0512W,Hofstra University South Campus,40.71308,-73.59826,2026-01-14T11:10:00Z,1.343,167.0
0512W,Hofstra University South Campus,40.71308,-73.59826,2026-01-14T11:20:00Z,1.343,173.0
0512W,Hofstra University South Campus,40.71308,-73.59826,2026-01-14T11:30:00Z,1.343,188.0
0512W,Hofstra University South Campus,40.71308,-73.59826,2026-01-14T11:40:00Z,2.68,194.0
0512W,Hofstra University South Campus,40.71308,-73.59826,2026-01-14T11:50:00Z,0.895,175.0
0512W,Hofstra University South Campus,40.71308,-73.59826,2026-01-14T12:00:00Z,0.448,184.0
0512W,Hofstra University South Campus,40.71308,-73.59826,2026-01-14T12:10:00Z,1.79,184.0
0512W,Hofstra University South Campus,40.71308,-73.59826,2026-01-14T12:20:00Z,1.343,193.0
0512W,Hofstra University South Campus,40.71308,-73.59826,2026-01-14T12:30:00Z,0.895,157.0
0512W,Hofstra University South Campus,40.71308,-73.59826,2026-01-14T12:40:00Z,1.343,198.0
0512W,Hofstra University South Campus,40.71308,-73.59826,2026-01-14T12:50:00Z,2.68,184.0
0512W,Hofstra University South Campus,40.71308,-73.59826,2026-01-14T13:00:00Z,2.68,205.0
0512W,Hofstra University South Campus,40.71308,-73.59826,2026-01-14T13:10:00Z,4.023,198.0
0512W,Hofstra University South Campus,40.71308,-73.59826,2026-01-14T13:30:00Z,2.233,188.0
0512W,Hofstra University South Campus,40.71308,-73.59826,2026-01-14T13:40:00Z,3.575,194.0
0512W,Hofstra University South Campus,40.71308,-73.59826,2026-01-14T13:50:00Z,4.471,200.0
0512W,Hofstra University South Campus,40.71308,-73.59826,2026-01-14T14:00:00Z,2.68,182.0
0512W,Hofstra University South Campus,40.71308,-73.59826,2026-01-14T14:10:00Z,4.471,194.0
0512W,Hofstra University South Campus,40.71308,-73.59826,2026-01-14T14:20:00Z,2.233,178.0
0512W,Hofstra University South Campus,40.71308,-73.59826,2026-01-14T14:30:00Z,4.471,209.0
0512W,Hofstra University South Campus,40.71308,-73.59826,2026-01-14T14:40:00Z,2.68,187.0
0512W,Hofstra University South Campus,40.71308,-73.59826,2026-01-14T14:50:00Z,3.128,186.0
0512W,Hofstra University South Campus,40.71308,-73.59826,2026-01-14T15:00:00Z,3.128,184.0
0512W,Hofstra University South Campus,40.71308,-73.59826,2026-01-14T15:10:00Z,2.233,192.0
0512W,Hofstra University South Campus,40.71308,-73.59826,2026-01-14T15:20:00Z,2.68,207.0
0512W,Hofstra University South Campus,40.71308,-73.59826,2026-01-14T15:30:00Z,1.79,135.0
0512W,Hofstra University South Campus,40.71308,-73.59826,2026-01-14T15:40:00Z,1.79,162.0
0512W,Hofstra University South Campus,40.71308,-73.59826,2026-01-14T15:50:00Z,3.128,191.0
0512W,Hofstra University South Campus,40.71308,-73.59826,2026-01-14T16:00:00Z,0.895,161.0
0512W,Hofstra University South Campus,40.71308,-73.59826,2026-01-14T16:10:00Z,2.68,180.0
0512W,Hofstra University South Campus,40.71308,-73.59826,2026-01-14T16:20:00Z,1.79,144.0
0512W,Hofstra University South Campus,40.71308,-73.59826,2026-01-14T16:30:00Z,4.023,146.0
0512W,Hofstra University South Campus,40.71308,-73.59826,2026-01-14T16:40:00Z,1.343,157.0
0512W,Hofstra University South Campus,40.71308,-73.59826,2026-01-14T16:50:00Z,1.79,163.0
0512W,Hofstra University South Campus,40.71308,-73.59826,2026-01-14T17:00:00Z,1.79,148.0
0512W,Hofstra University South Campus,40.71308,-73.59826,2026-01-14T17:10:00Z,1.343,156.0
0512W,Hofstra University South Campus,40.71308,-73.59826,2026-01-14T17:20:00Z,0.895,169.0
0512W,Hofstra University South Campus,40.71308,-73.59826,2026-01-14T17:30:00Z,0.895,170.0
0512W,Hofstra University South Campus,40.71308,-73.59826,2026-01-14T17:40:00Z,2.68,143.0
0512W,Hofstra University South Campus,40.71308,-73.59826,2026-01-14T17:50:00Z,1.343,130.0
0512W,Hofstra University South Campus,40.71308,-73.59826,2026-01-14T18:00:00Z,1.343,187.0
0512W,Hofstra University South Campus,40.71308,-73.59826,2026-01-14T18:10:00Z,2.233,146.0
0512W,Hofstra University South Campus,40.71308,-73.59826,2026-01-14T18:20:00Z,3.575,137.0
0512W,Hofstra University South Campus,40.71308,-73.59826,2026-01-14T18:30:00Z,0.895,175.0
0512W,Hofstra University South Campus,40.71308,-73.59826,2026-01-14T18:40:00Z,2.68,163.0
0512W,Hofstra University South Campus,40.71308,-73.59826,2026-01-14T18:50:00Z,0.895,150.0
0512W,Hofstra University South Campus,40.71308,-73.59826,2026-01-14T19:00:00Z,0.448,165.0
0512W,Hofstra University South Campus,40.71308,-73.59826,2026-01-14T19:10:00Z,0.0,0.0
0512W,Hofstra University South Campus,40.71308,-73.59826,2026-01-14T19:20:00Z,2.233,148.0
0512W,Hofstra University South Campus,40.71308,-73.59826,2026-01-14T19:30:00Z,0.895,158.0
0512W,Hofstra University South Campus,40.71308,-73.59826,2026-01-14T19:40:00Z,2.233,140.0
0512W,Hofstra University South Campus,40.71308,-73.59826,2026-01-14T19:50:00Z,1.343,158.0
0512W,Hofstra University South Campus,40.71308,-73.59826,2026-01-14T20:00:00Z,1.79,170.0
0512W,Hofstra University South Campus,40.71308,-73.59826,2026-01-14T20:10:00Z,4.023,137.0
0512W,Hofstra University South Campus,40.71308,-73.59826,2026-01-14T20:20:00Z,2.68,155.0
0512W,Hofstra University South Campus,40.71308,-73.59826,2026-01-14T20:30:00Z,2.68,207.0
0512W,Hofstra University South Campus,40.71308,-73.59826,2026-01-14T20:40:00Z,0.895,135.0
0512W,Hofstra University South Campus,40.71308,-73.59826,2026-01-14T20:50:00Z,1.79,147.0
0512W,Hofstra University South Campus,40.71308,-73.59826,2026-01-14T21:00:00Z,0.895,180.0
0512W,Hofstra University South Campus,40.71308,-73.59826,2026-01-14T21:10:00Z,1.343,139.0
0512W,Hofstra University South Campus,40.71308,-73.59826,2026-01-14T21:20:00Z,4.471,163.0
0512W,Hofstra University South Campus,40.71308,-73.59826,2026-01-14T21:30:00Z,1.79,136.0
0512W,Hofstra University South Campus,40.71308,-73.59826,2026-01-14T21:40:00Z,1.79,150.0
0512W,Hofstra University South Campus,40.71308,-73.59826,2026-01-14T21:50:00Z,0.448,79.0
0512W,Hofstra University South Campus,40.71308,-73.59826,2026-01-14T22:00:00Z,0.448,153.0
0512W,Hofstra University South Campus,40.71308,-73.59826,2026-01-14T22:10:00Z,1.343,121.0
0512W,Hofstra University South Campus,40.71308,-73.59826,2026-01-14T22:20:00Z,1.79,154.0
0512W,Hofstra University South Campus,40.71308,-73.59826,2026-01-14T22:30:00Z,1.79,135.0
0512W,Hofstra University South Campus,40.71308,-73.59826,2026-01-14T22:40:00Z,1.79,163.0
0512W,Hofstra University South Campus,40.71308,-73.59826,2026-01-14T22:50:00Z,2.233,151.0
0512W,Hofstra University South Campus,40.71308,-73.59826,2026-01-14T23:00:00Z,4.023,129.0
0512W,Hofstra University South Campus,40.71308,-73.59826,2026-01-14T23:10:00Z,4.023,118.0
0512W,Hofstra University South Campus,40.71308,-73.59826,2026-01-14T23:20:00Z,5.366,125.0
0512W,Hofstra University South Campus,40.71308,-73.59826,2026-01-14T23:30:00Z,4.023,116.0
0512W,Hofstra University South Campus,40.71308,-73.59826,2026-01-14T23:40:00Z,2.68,92.0
0512W,Hofstra University South Campus,40.71308,-73.59826,2026-01-14T23:50:00Z,3.575,143.0
0514W,Hofstra Soccer Stadium,40.71831,-73.59864,2026-01-01T00:00:00Z,1.79,261.0
0514W,Hofstra Soccer Stadium,40.71831,-73.59864,2026-01-01T00:10:00Z,1.343,228.0
0514W,Hofstra Soccer Stadium,40.71831,-73.59864,2026-01-01T00:20:00Z,2.68,227.0
0514W,Hofstra Soccer Stadium,40.71831,-73.59864,2026-01-01T00:30:00Z,2.233,213.0
0514W,Hofstra Soccer Stadium,40.71831,-73.59864,2026-01-01T00:40:00Z,1.343,209.0
0514W,Hofstra Soccer Stadium,40.71831,-73.59864,2026-01-01T00:50:00Z,2.233,256.0
0514W,Hofstra Soccer Stadium,40.71831,-73.59864,2026-01-01T01:00:00Z,1.79,225.0
0514W,Hofstra Soccer Stadium,40.71831,-73.59864,2026-01-01T01:10:00Z,1.343,188.0
0514W,Hofstra Soccer Stadium,40.71831,-73.59864,2026-01-01T01:20:00Z,0.448,204.0
0514W,Hofstra Soccer Stadium,40.71831,-73.59864,2026-01-01T01:30:00Z,2.233,227.0
0514W,Hofstra Soccer Stadium,40.71831,-73.59864,2026-01-01T01:40:00Z,1.79,233.0
0514W,Hofstra Soccer Stadium,40.71831,-73.59864,2026-01-01T01:50:00Z,1.79,232.0
0514W,Hofstra Soccer Stadium,40.71831,-73.59864,2026-01-01T02:00:00Z,1.343,213.0
0514W,Hofstra Soccer Stadium,40.71831,-73.59864,2026-01-01T02:10:00Z,1.79,205.0
0514W,Hofstra Soccer Stadium,40.71831,-73.59864,2026-01-01T02:20:00Z,3.128,221.0
0514W,Hofstra Soccer Stadium,40.71831,-73.59864,2026-01-01T02:30:00Z,3.575,200.0
0514W,Hofstra Soccer Stadium,40.71831,-73.59864,2026-01-01T02:40:00Z,1.343,225.0
0514W,Hofstra Soccer Stadium,40.71831,-73.59864,2026-01-01T02:50:00Z,2.68,223.0
0514W,Hofstra Soccer Stadium,40.71831,-73.59864,2026-01-01T04:00:00Z,2.233,244.0
0514W,Hofstra Soccer Stadium,40.71831,-73.59864,2026-01-01T04:10:00Z,3.575,211.0
0514W,Hofstra Soccer Stadium,40.71831,-73.59864,2026-01-01T04:20:00Z,3.128,209.0
0514W,Hofstra Soccer Stadium,40.71831,-73.59864,2026-01-01T04:30:00Z,2.68,221.0
0514W,Hofstra Soccer Stadium,40.71831,-73.59864,2026-01-01T04:40:00Z,3.128,246.0
0514W,Hofstra Soccer Stadium,40.71831,-73.59864,2026-01-01T04:50:00Z,3.575,208.0
0514W,Hofstra Soccer Stadium,40.71831,-73.59864,2026-01-01T05:00:00Z,5.366,167.0
0514W,Hofstra Soccer Stadium,40.71831,-73.59864,2026-01-01T05:10:00Z,2.233,188.0
0514W,Hofstra Soccer Stadium,40.71831,-73.59864,2026-01-01T05:20:00Z,2.233,233.0
0514W,Hofstra Soccer Stadium,40.71831,-73.59864,2026-01-01T05:30:00Z,4.918,182.0
0514W,Hofstra Soccer Stadium,40.71831,-73.59864,2026-01-01T05:40:00Z,3.575,184.0
0514W,Hofstra Soccer Stadium,40.71831,-73.59864,2026-01-01T05:50:00Z,4.471,203.0
0514W,Hofstra Soccer Stadium,40.71831,-73.59864,2026-01-01T06:00:00Z,2.68,221.0
0514W,Hofstra Soccer Stadium,40.71831,-73.59864,2026-01-01T06:10:00Z,1.79,246.0
0514W,Hofstra Soccer Stadium,40.71831,-73.59864,2026-01-01T06:20:00Z,4.471,203.0
0514W,Hofstra Soccer Stadium,40.71831,-73.59864,2026-01-01T06:40:00Z,3.575,244.0
0514W,Hofstra Soccer Stadium,40.71831,-73.59864,2026-01-01T06:50:00Z,4.471,238.0
0514W,Hofstra Soccer Stadium,40.71831,-73.59864,2026-01-01T07:00:00Z,4.471,227.0
0514W,Hofstra Soccer Stadium,40.71831,-73.59864,2026-01-01T07:10:00Z,2.233,257.0
0514W,Hofstra Soccer Stadium,40.71831,-73.59864,2026-01-01T07:20:00Z,3.575,228.0
0514W,Hofstra Soccer Stadium,40.71831,-73.59864,2026-01-01T07:30:00Z,2.68,282.0
0514W,Hofstra Soccer Stadium,40.71831,-73.59864,2026-01-01T07:40:00Z,3.128,250.0
0514W,Hofstra Soccer Stadium,40.71831,-73.59864,2026-01-01T07:50:00Z,1.79,206.0
0514W,Hofstra Soccer Stadium,40.71831,-73.59864,2026-01-01T08:10:00Z,3.128,206.0
0514W,Hofstra Soccer Stadium,40.71831,-73.59864,2026-01-01T08:20:00Z,2.233,246.0
0514W,Hofstra Soccer Stadium,40.71831,-73.59864,2026-01-01T08:30:00Z,2.68,218.0
0514W,Hofstra Soccer Stadium,40.71831,-73.59864,2026-01-01T08:40:00Z,1.79,233.0
0514W,Hofstra Soccer Stadium,40.71831,-73.59864,2026-01-01T08:50:00Z,1.79,256.0
0514W,Hofstra Soccer Stadium,40.71831,-73.59864,2026-01-01T09:00:00Z,3.128,217.0
0514W,Hofstra Soccer Stadium,40.71831,-73.59864,2026-01-01T09:10:00Z,0.895,247.0
0514W,Hofstra Soccer Stadium,40.71831,-73.59864,2026-01-01T09:20:00Z,0.448,198.0
0514W,Hofstra Soccer Stadium,40.71831,-73.59864,2026-01-01T09:30:00Z,1.343,202.0
0514W,Hofstra Soccer Stadium,40.71831,-73.59864,2026-01-01T09:40:00Z,1.79,238.0
0514W,Hofstra Soccer Stadium,40.71831,-73.59864,2026-01-01T09:50:00Z,1.79,221.0
0514W,Hofstra Soccer Stadium,40.71831,-73.59864,2026-01-01T10:10:00Z,2.233,229.0
0514W,Hofstra Soccer Stadium,40.71831,-73.59864,2026-01-01T10:20:00Z,3.575,200.0
0514W,Hofstra Soccer Stadium,40.71831,-73.59864,2026-01-01T10:30:00Z,1.343,243.0
0514W,Hofstra Soccer Stadium,40.71831,-73.59864,2026-01-01T10:40:00Z,4.471,250.0
0514W,Hofstra Soccer Stadium,40.71831,-73.59864,2026-01-01T10:50:00Z,1.79,238.0
0514W,Hofstra Soccer Stadium,40.71831,-73.59864,2026-01-01T11:00:00Z,4.918,219.0
0514W,Hofstra Soccer Stadium,40.71831,-73.59864,2026-01-01T11:10:00Z,4.918,246.0
0514W,Hofstra Soccer Stadium,40.71831,-73.59864,2026-01-01T11:20:00Z,4.471,243.0
0514W,Hofstra Soccer Stadium,40.71831,-73.59864,2026-01-01T11:30:00Z,5.813,304.0
0514W,Hofstra Soccer Stadium,40.71831,-73.59864,2026-01-01T11:40:00Z,6.261,304.0
0514W,Hofstra Soccer Stadium,40.71831,-73.59864,2026-01-01T11:50:00Z,4.471,304.0
0514W,Hofstra Soccer Stadium,40.71831,-73.59864,2026-01-01T12:00:00Z,6.261,300.0
0514W,Hofstra Soccer Stadium,40.71831,-73.59864,2026-01-01T12:10:00Z,2.68,311.0
0514W,Hofstra Soccer Stadium,40.71831,-73.59864,2026-01-01T12:20:00Z,4.918,314.0
0514W,Hofstra Soccer Stadium,40.71831,-73.59864,2026-01-01T12:30:00Z,5.366,305.0
0514W,Hofstra Soccer Stadium,40.71831,-73.59864,2026-01-01T12:40:00Z,5.366,292.0
0514W,Hofstra Soccer Stadium,40.71831,-73.59864,2026-01-01T12:50:00Z,3.575,302.0
0514W,Hofstra Soccer Stadium,40.71831,-73.59864,2026-01-01T13:00:00Z,4.471,284.0
0514W,Hofstra Soccer Stadium,40.71831,-73.59864,2026-01-01T13:10:00Z,5.366,309.0
0514W,Hofstra Soccer Stadium,40.71831,-73.59864,2026-01-01T13:20:00Z,11.621,296.0
0514W,Hofstra Soccer Stadium,40.71831,-73.59864,2026-01-01T13:30:00Z,5.813,298.0
0514W,Hofstra Soccer Stadium,40.71831,-73.59864,2026-01-01T13:40:00Z,6.703,279.0
0514W,Hofstra Soccer Stadium,40.71831,-73.59864,2026-01-01T13:50:00Z,6.703,313.0
0514W,Hofstra Soccer Stadium,40.71831,-73.59864,2026-01-01T14:00:00Z,5.366,316.0
0514W,Hofstra Soccer Stadium,40.71831,-73.59864,2026-01-01T14:10:00Z,4.023,299.0
0514W,Hofstra Soccer Stadium,40.71831,-73.59864,2026-01-01T14:20:00Z,6.703,279.0
0514W,Hofstra Soccer Stadium,40.71831,-73.59864,2026-01-01T14:30:00Z,6.261,304.0
0514W,Hofstra Soccer Stadium,40.71831,-73.59864,2026-01-01T14:40:00Z,6.703,332.0
0514W,Hofstra Soccer Stadium,40.71831,-73.59864,2026-01-01T14:50:00Z,4.023,300.0
0514W,Hofstra Soccer Stadium,40.71831,-73.59864,2026-01-01T15:00:00Z,6.261,284.0
0514W,Hofstra Soccer Stadium,40.71831,-73.59864,2026-01-01T15:10:00Z,8.046,296.0
0514W,Hofstra Soccer Stadium,40.71831,-73.59864,2026-01-01T15:20:00Z,10.284,302.0
0514W,Hofstra Soccer Stadium,40.71831,-73.59864,2026-01-01T15:30:00Z,5.366,306.0
0514W,Hofstra Soccer Stadium,40.71831,-73.59864,2026-01-01T15:40:00Z,5.813,285.0
0514W,Hofstra Soccer Stadium,40.71831,-73.59864,2026-01-01T15:50:00Z,6.261,325.0
0514W,Hofstra Soccer Stadium,40.71831,-73.59864,2026-01-01T16:00:00Z,9.836,303.0
0514W,Hofstra Soccer Stadium,40.71831,-73.59864,2026-01-01T16:10:00Z,4.918,299.0
0514W,Hofstra Soccer Stadium,40.71831,-73.59864,2026-01-01T16:20:00Z,4.471,317.0
0514W,Hofstra Soccer Stadium,40.71831,-73.59864,2026-01-01T16:30:00Z,4.918,321.0
0514W,Hofstra Soccer Stadium,40.71831,-73.59864,2026-01-01T16:40:00Z,5.813,320.0
0514W,Hofstra Soccer Stadium,40.71831,-73.59864,2026-01-01T16:50:00Z,3.128,307.0
0514W,Hofstra Soccer Stadium,40.71831,-73.59864,2026-01-01T17:00:00Z,8.046,295.0
0514W,Hofstra Soccer Stadium,40.71831,-73.59864,2026-01-01T17:10:00Z,4.918,298.0
0514W,Hofstra Soccer Stadium,40.71831,-73.59864,2026-01-01T17:20:00Z,5.366,319.0
0514W,Hofstra Soccer Stadium,40.71831,-73.59864,2026-01-01T17:30:00Z,8.493,308.0
0514W,Hofstra Soccer Stadium,40.71831,-73.59864,2026-01-01T17:40:00Z,4.023,312.0
0514W,Hofstra Soccer Stadium,40.71831,-73.59864,2026-01-01T17:50:00Z,2.233,288.0
0514W,Hofstra Soccer Stadium,40.71831,-73.59864,2026-01-01T18:00:00Z,4.471,301.0
0514W,Hofstra Soccer Stadium,40.71831,-73.59864,2026-01-01T18:10:00Z,10.284,277.0
0514W,Hofstra Soccer Stadium,40.71831,-73.59864,2026-01-01T18:20:00Z,5.366,303.0
0514W,Hofstra Soccer Stadium,40.71831,-73.59864,2026-01-01T18:30:00Z,8.941,305.0
0514W,Hofstra Soccer Stadium,40.71831,-73.59864,2026-01-01T18:40:00Z,4.023,304.0
0514W,Hofstra Soccer Stadium,40.71831,-73.59864,2026-01-01T18:50:00Z,7.598,302.0
0514W,Hofstra Soccer Stadium,40.71831,-73.59864,2026-01-01T19:00:00Z,5.813,316.0
0514W,Hofstra Soccer Stadium,40.71831,-73.59864,2026-01-01T19:10:00Z,4.471,266.0
0514W,Hofstra Soccer Stadium,40.71831,-73.59864,2026-01-01T19:20:00Z,3.575,323.0
0514W,Hofstra Soccer Stadium,40.71831,-73.59864,2026-01-01T19:30:00Z,4.471,301.0
0514W,Hofstra Soccer Stadium,40.71831,-73.59864,2026-01-01T19:40:00Z,4.471,312.0
0514W,Hofstra Soccer Stadium,40.71831,-73.59864,2026-01-01T19:50:00Z,2.233,313.0
0514W,Hofstra Soccer Stadium,40.71831,-73.59864,2026-01-01T20:00:00Z,8.941,317.0
0514W,Hofstra Soccer Stadium,40.71831,-73.59864,2026-01-01T20:10:00Z,8.941,270.0
0514W,Hofstra Soccer Stadium,40.71831,-73.59864,2026-01-01T20:20:00Z,5.366,306.0
0514W,Hofstra Soccer Stadium,40.71831,-73.59864,2026-01-01T20:30:00Z,3.575,319.0
0514W,Hofstra Soccer Stadium,40.71831,-73.59864,2026-01-01T20:40:00Z,5.366,324.0
0514W,Hofstra Soccer Stadium,40.71831,-73.59864,2026-01-01T20:50:00Z,2.68,311.0
0514W,Hofstra Soccer Stadium,40.71831,-73.59864,2026-01-01T21:00:00Z,4.471,274.0
0514W,Hofstra Soccer Stadium,40.71831,-73.59864,2026-01-01T21:10:00Z,3.575,325.0
0514W,Hofstra Soccer Stadium,40.71831,-73.59864,2026-01-01T21:20:00Z,7.151,279.0
0514W,Hofstra Soccer Stadium,40.71831,-73.59864,2026-01-01T21:30:00Z,4.918,317.0
0514W,Hofstra Soccer Stadium,40.71831,-73.59864,2026-01-01T21:40:00Z,7.151,273.0
0514W,Hofstra Soccer Stadium,40.71831,-73.59864,2026-01-01T21:50:00Z,4.918,310.0
0514W,Hofstra Soccer Stadium,40.71831,-73.59864,2026-01-01T22:00:00Z,4.471,280.0
0514W,Hofstra Soccer Stadium,40.71831,-73.59864,2026-01-01T22:10:00Z,7.598,311.0
0514W,Hofstra Soccer Stadium,40.71831,-73.59864,2026-01-01T22:20:00Z,4.918,300.0
0514W,Hofstra Soccer Stadium,40.71831,-73.59864,2026-01-01T22:30:00Z,3.128,295.0
0514W,Hofstra Soccer Stadium,40.71831,-73.59864,2026-01-01T22:40:00Z,2.233,296.0
0514W,Hofstra Soccer Stadium,40.71831,-73.59864,2026-01-01T22:50:00Z,3.128,281.0
0514W,Hofstra Soccer Stadium,40.71831,-73.59864,2026-01-01T23:00:00Z,2.233,320.0
0514W,Hofstra Soccer Stadium,40.71831,-73.59864,2026-01-01T23:10:00Z,3.575,296.0
0514W,Hofstra Soccer Stadium,40.71831,-73.59864,2026-01-01T23:20:00Z,2.233,304.0
0514W,Hofstra Soccer Stadium,40.71831,-73.59864,2026-01-01T23:30:00Z,3.575,331.0
0514W,Hofstra Soccer Stadium,40.71831,-73.59864,2026-01-01T23:40:00Z,1.343,304.0
0514W,Hofstra Soccer Stadium,40.71831,-73.59864,2026-01-01T23:50:00Z,0.895,309.0
0514W,Hofstra Soccer Stadium,40.71831,-73.59864,2026-01-02T00:00:00Z,3.575,308.0
0514W,Hofstra Soccer Stadium,40.71831,-73.59864,2026-01-02T00:10:00Z,1.79,292.0
0514W,Hofstra Soccer Stadium,40.71831,-73.59864,2026-01-02T00:20:00Z,1.79,316.0
0514W,Hofstra Soccer Stadium,40.71831,-73.59864,2026-01-02T00:30:00Z,2.233,300.0
0514W,Hofstra Soccer Stadium,40.71831,-73.59864,2026-01-02T00:40:00Z,1.343,312.0
0514W,Hofstra Soccer Stadium,40.71831,-73.59864,2026-01-02T00:50:00Z,0.895,318.0
0514W,Hofstra Soccer Stadium,40.71831,-73.59864,2026-01-02T01:00:00Z,3.575,304.0
0514W,Hofstra Soccer Stadium,40.71831,-73.59864,2026-01-02T01:10:00Z,0.448,313.0
0514W,Hofstra Soccer Stadium,40.71831,-73.59864,2026-01-02T01:20:00Z,0.448,300.0
0514W,Hofstra Soccer Stadium,40.71831,-73.59864,2026-01-02T01:30:00Z,2.233,292.0
0514W,Hofstra Soccer Stadium,40.71831,-73.59864,2026-01-02T01:40:00Z,0.895,288.0
0514W,Hofstra Soccer Stadium,40.71831,-73.59864,2026-01-02T01:50:00Z,0.448,299.0
0514W,Hofstra Soccer Stadium,40.71831,-73.59864,2026-01-02T02:00:00Z,0.448,306.0
0514W,Hofstra Soccer Stadium,40.71831,-73.59864,2026-01-02T02:10:00Z,0.448,306.0
0514W,Hofstra Soccer Stadium,40.71831,-73.59864,2026-01-02T02:20:00Z,0.0,0.0
0514W,Hofstra Soccer Stadium,40.71831,-73.59864,2026-01-02T02:30:00Z,0.0,0.0
0514W,Hofstra Soccer Stadium,40.71831,-73.59864,2026-01-02T02:40:00Z,0.0,0.0
0514W,Hofstra Soccer Stadium,40.71831,-73.59864,2026-01-02T02:50:00Z,0.0,0.0
0514W,Hofstra Soccer Stadium,40.71831,-73.59864,2026-01-02T03:00:00Z,0.0,0.0
0514W,Hofstra Soccer Stadium,40.71831,-73.59864,2026-01-02T03:10:00Z,0.0,0.0
0514W,Hofstra Soccer Stadium,40.71831,-73.59864,2026-01-02T03:20:00Z,0.0,0.0
0514W,Hofstra Soccer Stadium,40.71831,-73.59864,2026-01-02T03:30:00Z,0.0,0.0
0514W,Hofstra Soccer Stadium,40.71831,-73.59864,2026-01-02T03:40:00Z,0.448,296.0
0514W,Hofstra Soccer Stadium,40.71831,-73.59864,2026-01-02T03:50:00Z,0.0,0.0
0514W,Hofstra Soccer Stadium,40.71831,-73.59864,2026-01-02T04:00:00Z,0.448,261.0
0514W,Hofstra Soccer Stadium,40.71831,-73.59864,2026-01-02T04:10:00Z,0.0,0.0
0514W,Hofstra Soccer Stadium,40.71831,-73.59864,2026-01-02T04:20:00Z,0.448,250.0
0514W,Hofstra Soccer Stadium,40.71831,-73.59864,2026-01-02T04:30:00Z,0.448,271.0
0514W,Hofstra Soccer Stadium,40.71831,-73.59864,2026-01-02T04:40:00Z,1.343,229.0
0514W,Hofstra Soccer Stadium,40.71831,-73.59864,2026-01-02T04:50:00Z,1.79,271.0
0514W,Hofstra Soccer Stadium,40.71831,-73.59864,2026-01-02T05:00:00Z,1.79,258.0
0514W,Hofstra Soccer Stadium,40.71831,-73.59864,2026-01-02T05:10:00Z,1.343,248.0
0514W,Hofstra Soccer Stadium,40.71831,-73.59864,2026-01-02T05:20:00Z,3.128,261.0
0514W,Hofstra Soccer Stadium,40.71831,-73.59864,2026-01-02T05:30:00Z,2.68,264.0
0514W,Hofstra Soccer Stadium,40.71831,-73.59864,2026-01-02T05:40:00Z,1.79,260.0
0514W,Hofstra Soccer Stadium,40.71831,-73.59864,2026-01-02T05:50:00Z,1.343,267.0
0514W,Hofstra Soccer Stadium,40.71831,-73.59864,2026-01-02T06:00:00Z,1.79,273.0
0514W,Hofstra Soccer Stadium,40.71831,-73.59864,2026-01-02T06:10:00Z,2.68,281.0
0514W,Hofstra Soccer Stadium,40.71831,-73.59864,2026-01-02T06:20:00Z,3.575,266.0
0514W,Hofstra Soccer Stadium,40.71831,-73.59864,2026-01-02T06:40:00Z,1.79,294.0
0514W,Hofstra Soccer Stadium,40.71831,-73.59864,2026-01-02T06:50:00Z,1.343,273.0
0514W,Hofstra Soccer Stadium,40.71831,-73.59864,2026-01-02T07:00:00Z,1.343,294.0
0514W,Hofstra Soccer Stadium,40.71831,-73.59864,2026-01-02T07:10:00Z,3.575,296.0
0514W,Hofstra Soccer Stadium,40.71831,-73.59864,2026-01-02T07:20:00Z,3.128,290.0
0514W,Hofstra Soccer Stadium,40.71831,-73.59864,2026-01-02T07:30:00Z,2.233,292.0
0514W,Hofstra Soccer Stadium,40.71831,-73.59864,2026-01-02T07:40:00Z,1.343,277.0
0514W,Hofstra Soccer Stadium,40.71831,-73.59864,2026-01-02T07:50:00Z,2.233,302.0
0514W,Hofstra Soccer Stadium,40.71831,-73.59864,2026-01-02T08:00:00Z,1.343,304.0
0514W,Hofstra Soccer Stadium,40.71831,-73.59864,2026-01-02T08:10:00Z,0.895,288.0
0514W,Hofstra Soccer Stadium,40.71831,-73.59864,2026-01-02T08:20:00Z,1.343,265.0
0514W,Hofstra Soccer Stadium,40.71831,-73.59864,2026-01-02T08:30:00Z,1.343,284.0
0514W,Hofstra Soccer Stadium,40.71831,-73.59864,2026-01-02T08:40:00Z,1.79,279.0
0514W,Hofstra Soccer Stadium,40.71831,-73.59864,2026-01-02T08:50:00Z,1.79,267.0
0514W,Hofstra Soccer Stadium,40.71831,-73.59864,2026-01-02T09:00:00Z,2.68,269.0
0514W,Hofstra Soccer Stadium,40.71831,-73.59864,2026-01-02T09:10:00Z,1.79,271.0
0514W,Hofstra Soccer Stadium,40.71831,-73.59864,2026-01-02T09:20:00Z,0.895,262.0
0514W,Hofstra Soccer Stadium,40.71831,-73.59864,2026-01-02T09:30:00Z,1.343,243.0
0514W,Hofstra Soccer Stadium,40.71831,-73.59864,2026-01-02T09:40:00Z,1.343,257.0
0514W,Hofstra Soccer Stadium,40.71831,-73.59864,2026-01-02T09:50:00Z,2.68,268.0
0514W,Hofstra Soccer Stadium,40.71831,-73.59864,2026-01-02T10:10:00Z,1.79,267.0
0514W,Hofstra Soccer Stadium,40.71831,-73.59864,2026-01-02T10:20:00Z,1.79,265.0
0514W,Hofstra Soccer Stadium,40.71831,-73.59864,2026-01-02T10:30:00Z,1.343,252.0
0514W,Hofstra Soccer Stadium,40.71831,-73.59864,2026-01-02T10:40:00Z,1.79,279.0
0514W,Hofstra Soccer Stadium,40.71831,-73.59864,2026-01-02T10:50:00Z,0.895,260.0
0514W,Hofstra Soccer Stadium,40.71831,-73.59864,2026-01-02T11:00:00Z,1.79,306.0
0514W,Hofstra Soccer Stadium,40.71831,-73.59864,2026-01-02T11:10:00Z,1.79,240.0
0514W,Hofstra Soccer Stadium,40.71831,-73.59864,2026-01-02T11:20:00Z,4.023,265.0
0514W,Hofstra Soccer Stadium,40.71831,-73.59864,2026-01-02T11:30:00Z,3.128,258.0
0514W,Hofstra Soccer Stadium,40.71831,-73.59864,2026-01-02T11:40:00Z,1.343,279.0
0514W,Hofstra Soccer Stadium,40.71831,-73.59864,2026-01-02T11:50:00Z,1.79,260.0
0514W,Hofstra Soccer Stadium,40.71831,-73.59864,2026-01-02T12:00:00Z,2.68,281.0
0514W,Hofstra Soccer Stadium,40.71831,-73.59864,2026-01-02T12:10:00Z,1.343,300.0
0514W,Hofstra Soccer Stadium,40.71831,-73.59864,2026-01-02T12:20:00Z,1.79,294.0
0514W,Hofstra Soccer Stadium,40.71831,-73.59864,2026-01-02T12:30:00Z,3.128,265.0
0514W,Hofstra Soccer Stadium,40.71831,-73.59864,2026-01-02T12:40:00Z,3.575,260.0
0514W,Hofstra Soccer Stadium,40.71831,-73.59864,2026-01-02T12:50:00Z,1.79,277.0
0514W,Hofstra Soccer Stadium,40.71831,-73.59864,2026-01-02T13:00:00Z,3.128,263.0
0514W,Hofstra Soccer Stadium,40.71831,-73.59864,2026-01-02T13:10:00Z,3.128,255.0
0514W,Hofstra Soccer Stadium,40.71831,-73.59864,2026-01-02T13:20:00Z,0.448,296.0
0514W,Hofstra Soccer Stadium,40.71831,-73.59864,2026-01-02T13:30:00Z,2.233,252.0
0514W,Hofstra Soccer Stadium,40.71831,-73.59864,2026-01-02T13:40:00Z,4.023,265.0
0514W,Hofstra Soccer Stadium,40.71831,-73.59864,2026-01-02T13:50:00Z,4.023,254.0
0514W,Hofstra Soccer Stadium,40.71831,-73.59864,2026-01-02T14:00:00Z,1.79,257.0
0514W,Hofstra Soccer Stadium,40.71831,-73.59864,2026-01-02T14:10:00Z,3.575,254.0
0514W,Hofstra Soccer Stadium,40.71831,-73.59864,2026-01-02T14:20:00Z,2.68,240.0
0514W,Hofstra Soccer Stadium,40.71831,-73.59864,2026-01-02T14:30:00Z,3.128,265.0
0514W,Hofstra Soccer Stadium,40.71831,-73.59864,2026-01-02T14:40:00Z,4.471,261.0
0514W,Hofstra Soccer Stadium,40.71831,-73.59864,2026-01-02T14:50:00Z,2.68,259.0
0514W,Hofstra Soccer Stadium,40.71831,-73.59864,2026-01-02T15:00:00Z,4.471,271.0
0514W,Hofstra Soccer Stadium,40.71831,-73.59864,2026-01-02T15:10:00Z,3.128,290.0
0514W,Hofstra Soccer Stadium,40.71831,-73.59864,2026-01-02T15:20:00Z,3.128,292.0
0514W,Hofstra Soccer Stadium,40.71831,-73.59864,2026-01-02T15:30:00Z,3.575,298.0
0514W,Hofstra Soccer Stadium,40.71831,-73.59864,2026-01-02T15:40:00Z,1.79,244.0
0514W,Hofstra Soccer Stadium,40.71831,-73.59864,2026-01-02T15:50:00Z,2.233,295.0
0514W,Hofstra Soccer Stadium,40.71831,-73.59864,2026-01-02T16:00:00Z,1.343,319.0
0514W,Hofstra Soccer Stadium,40.71831,-73.59864,2026-01-02T17:10:00Z,4.023,262.0
0514W,Hofstra Soccer Stadium,40.71831,-73.59864,2026-01-02T17:20:00Z,3.128,265.0
0514W,Hofstra Soccer Stadium,40.71831,-73.59864,2026-01-02T17:30:00Z,3.128,263.0
0514W,Hofstra Soccer Stadium,40.71831,-73.59864,2026-01-02T17:40:00Z,0.895,263.0
0514W,Hofstra Soccer Stadium,40.71831,-73.59864,2026-01-02T17:50:00Z,1.343,276.0
0514W,Hofstra Soccer Stadium,40.71831,-73.59864,2026-01-02T18:00:00Z,1.343,244.0
0514W,Hofstra Soccer Stadium,40.71831,-73.59864,2026-01-02T18:10:00Z,3.128,257.0
0514W,Hofstra Soccer Stadium,40.71831,-73.59864,2026-01-02T18:20:00Z,4.023,259.0
0514W,Hofstra Soccer Stadium,40.71831,-73.59864,2026-01-02T18:30:00Z,3.575,279.0
0514W,Hofstra Soccer Stadium,40.71831,-73.59864,2026-01-02T18:40:00Z,3.575,270.0
0514W,Hofstra Soccer Stadium,40.71831,-73.59864,2026-01-02T18:50:00Z,4.471,248.0
0514W,Hofstra Soccer Stadium,40.71831,-73.59864,2026-01-02T19:00:00Z,1.343,251.0
0514W,Hofstra Soccer Stadium,40.71831,-73.59864,2026-01-02T19:10:00Z,2.233,223.0
0514W,Hofstra Soccer Stadium,40.71831,-73.59864,2026-01-02T19:20:00Z,1.343,274.0
0514W,Hofstra Soccer Stadium,40.71831,-73.59864,2026-01-02T19:30:00Z,0.895,305.0
0514W,Hofstra Soccer Stadium,40.71831,-73.59864,2026-01-02T19:40:00Z,4.471,269.0
0514W,Hofstra Soccer Stadium,40.71831,-73.59864,2026-01-02T19:50:00Z,2.68,275.0
0514W,Hofstra Soccer Stadium,40.71831,-73.59864,2026-01-02T20:00:00Z,2.233,316.0
0514W,Hofstra Soccer Stadium,40.71831,-73.59864,2026-01-02T20:10:00Z,2.68,277.0
0514W,Hofstra Soccer Stadium,40.71831,-73.59864,2026-01-02T20:20:00Z,4.918,266.0
0514W,Hofstra Soccer Stadium,40.71831,-73.59864,2026-01-02T20:30:00Z,1.343,275.0
0514W,Hofstra Soccer Stadium,40.71831,-73.59864,2026-01-02T20:40:00Z,3.128,277.0
0514W,Hofstra Soccer Stadium,40.71831,-73.59864,2026-01-02T20:50:00Z,4.023,250.0
0514W,Hofstra Soccer Stadium,40.71831,-73.59864,2026-01-02T21:00:00Z,2.68,278.0
0514W,Hofstra Soccer Stadium,40.71831,-73.59864,2026-01-02T21:10:00Z,2.233,304.0
0514W,Hofstra Soccer Stadium,40.71831,-73.59864,2026-01-02T21:20:00Z,1.79,321.0
0514W,Hofstra Soccer Stadium,40.71831,-73.59864,2026-01-02T21:30:00Z,3.128,300.0
0514W,Hofstra Soccer Stadium,40.71831,-73.59864,2026-01-02T21:40:00Z,1.79,289.0
0514W,Hofstra Soccer Stadium,40.71831,-73.59864,2026-01-02T21:50:00Z,2.68,312.0
0514W,Hofstra Soccer Stadium,40.71831,-73.59864,2026-01-02T22:00:00Z,2.233,324.0
0514W,Hofstra Soccer Stadium,40.71831,-73.59864,2026-01-02T22:10:00Z,6.703,295.0
0514W,Hofstra Soccer Stadium,40.71831,-73.59864,2026-01-02T22:20:00Z,4.471,292.0
0514W,Hofstra Soccer Stadium,40.71831,-73.59864,2026-01-02T22:30:00Z,4.918,310.0
0514W,Hofstra Soccer Stadium,40.71831,-73.59864,2026-01-02T22:40:00Z,3.575,313.0
0514W,Hofstra Soccer Stadium,40.71831,-73.59864,2026-01-02T22:50:00Z,4.023,289.0
0514W,Hofstra Soccer Stadium,40.71831,-73.59864,2026-01-02T23:00:00Z,1.343,313.0
0514W,Hofstra Soccer Stadium,40.71831,-73.59864,2026-01-02T23:10:00Z,1.79,287.0
0514W,Hofstra Soccer Stadium,40.71831,-73.59864,2026-01-02T23:20:00Z,2.68,269.0
0514W,Hofstra Soccer Stadium,40.71831,-73.59864,2026-01-02T23:30:00Z,4.471,298.0
0514W,Hofstra Soccer Stadium,40.71831,-73.59864,2026-01-02T23:40:00Z,1.79,294.0
0514W,Hofstra Soccer Stadium,40.71831,-73.59864,2026-01-02T23:50:00Z,4.471,292.0
0514W,Hofstra Soccer Stadium,40.71831,-73.59864,2026-01-03T00:00:00Z,6.261,315.0
0514W,Hofstra Soccer Stadium,40.71831,-73.59864,2026-01-03T00:10:00Z,3.128,292.0
0514W,Hofstra Soccer Stadium,40.71831,-73.59864,2026-01-03T00:20:00Z,2.233,244.0
0514W,Hofstra Soccer Stadium,40.71831,-73.59864,2026-01-03T00:30:00Z,2.233,306.0
0514W,Hofstra Soccer Stadium,40.71831,-73.59864,2026-01-03T00:40:00Z,1.343,300.0
0514W,Hofstra Soccer Stadium,40.71831,-73.59864,2026-01-03T00:50:00Z,1.79,303.0
0514W,Hofstra Soccer Stadium,40.71831,-73.59864,2026-01-03T01:00:00Z,0.895,263.0
0514W,Hofstra Soccer Stadium,40.71831,-73.59864,2026-01-03T01:10:00Z,0.895,265.0
0514W,Hofstra Soccer Stadium,40.71831,-73.59864,2026-01-03T01:20:00Z,0.895,301.0
0514W,Hofstra Soccer Stadium,40.71831,-73.59864,2026-01-03T01:30:00Z,0.895,296.0
0514W,Hofstra Soccer Stadium,40.71831,-73.59864,2026-01-03T01:40:00Z,0.448,284.0
0514W,Hofstra Soccer Stadium,40.71831,-73.59864,2026-01-03T01:50:00Z,0.448,279.0
0514W,Hofstra Soccer Stadium,40.71831,-73.59864,2026-01-03T02:00:00Z,2.68,258.0
0514W,Hofstra Soccer Stadium,40.71831,-73.59864,2026-01-03T02:10:00Z,2.233,311.0
0514W,Hofstra Soccer Stadium,40.71831,-73.59864,2026-01-03T02:20:00Z,0.448,298.0
0514W,Hofstra Soccer Stadium,40.71831,-73.59864,2026-01-03T02:30:00Z,2.233,310.0
0514W,Hofstra Soccer Stadium,40.71831,-73.59864,2026-01-03T02:40:00Z,1.79,264.0
0514W,Hofstra Soccer Stadium,40.71831,-73.59864,2026-01-03T02:50:00Z,0.895,285.0
0514W,Hofstra Soccer Stadium,40.71831,-73.59864,2026-01-03T03:00:00Z,4.023,289.0
0514W,Hofstra Soccer Stadium,40.71831,-73.59864,2026-01-03T03:10:00Z,4.023,294.0
0514W,Hofstra Soccer Stadium,40.71831,-73.59864,2026-01-03T03:20:00Z,3.128,280.0
0514W,Hofstra Soccer Stadium,40.71831,-73.59864,2026-01-03T03:30:00Z,1.79,323.0
0514W,Hofstra Soccer Stadium,40.71831,-73.59864,2026-01-03T03:40:00Z,2.233,292.0
0514W,Hofstra Soccer Stadium,40.71831,-73.59864,2026-01-03T03:50:00Z,2.233,307.0
0514W,Hofstra Soccer Stadium,40.71831,-73.59864,2026-01-03T04:00:00Z,0.895,338.0
0514W,Hofstra Soccer Stadium,40.71831,-73.59864,2026-01-03T04:10:00Z,1.79,300.0
0514W,Hofstra Soccer Stadium,40.71831,-73.59864,2026-01-03T04:20:00Z,4.471,325.0
0514W,Hofstra Soccer Stadium,40.71831,-73.59864,2026-01-03T04:30:00Z,4.471,281.0
0514W,Hofstra Soccer Stadium,40.71831,-73.59864,2026-01-03T04:40:00Z,1.79,324.0
0514W,Hofstra Soccer Stadium,40.71831,-73.59864,2026-01-03T04:50:00Z,3.128,288.0
0514W,Hofstra Soccer Stadium,40.71831,-73.59864,2026-01-03T05:00:00Z,1.343,321.0
0514W,Hofstra Soccer Stadium,40.71831,-73.59864,2026-01-03T05:10:00Z,1.79,298.0
0514W,Hofstra Soccer Stadium,40.71831,-73.59864,2026-01-03T05:20:00Z,1.79,305.0
0514W,Hofstra Soccer Stadium,40.71831,-73.59864,2026-01-03T05:30:00Z,1.79,301.0
0514W,Hofstra Soccer Stadium,40.71831,-73.59864,2026-01-03T05:40:00Z,1.343,259.0
0514W,Hofstra Soccer Stadium,40.71831,-73.59864,2026-01-03T05:50:00Z,0.448,290.0
0514W,Hofstra Soccer Stadium,40.71831,-73.59864,2026-01-03T06:00:00Z,1.343,321.0
0514W,Hofstra Soccer Stadium,40.71831,-73.59864,2026-01-03T06:10:00Z,3.575,315.0
0514W,Hofstra Soccer Stadium,40.71831,-73.59864,2026-01-03T06:20:00Z,1.79,294.0
0514W,Hofstra Soccer Stadium,40.71831,-73.59864,2026-01-03T06:30:00Z,1.343,296.0
0514W,Hofstra Soccer Stadium,40.71831,-73.59864,2026-01-03T06:40:00Z,2.68,286.0
0514W,Hofstra Soccer Stadium,40.71831,-73.59864,2026-01-03T06:50:00Z,1.343,300.0
0514W,Hofstra Soccer Stadium,40.71831,-73.59864,2026-01-03T07:00:00Z,4.471,290.0
0514W,Hofstra Soccer Stadium,40.71831,-73.59864,2026-01-03T07:10:00Z,2.68,259.0
0514W,Hofstra Soccer Stadium,40.71831,-73.59864,2026-01-03T07:20:00Z,2.233,246.0
0514W,Hofstra Soccer Stadium,40.71831,-73.59864,2026-01-03T07:30:00Z,3.128,300.0
0514W,Hofstra Soccer Stadium,40.71831,-73.59864,2026-01-03T07:40:00Z,5.813,297.0
0514W,Hofstra Soccer Stadium,40.71831,-73.59864,2026-01-03T07:50:00Z,4.023,286.0
0514W,Hofstra Soccer Stadium,40.71831,-73.59864,2026-01-03T08:10:00Z,0.895,274.0
0514W,Hofstra Soccer Stadium,40.71831,-73.59864,2026-01-03T08:20:00Z,2.233,318.0
0514W,Hofstra Soccer Stadium,40.71831,-73.59864,2026-01-03T08:30:00Z,4.918,292.0
0514W,Hofstra Soccer Stadium,40.71831,-73.59864,2026-01-03T08:40:00Z,1.343,298.0
0514W,Hofstra Soccer Stadium,40.71831,-73.59864,2026-01-03T08:50:00Z,1.79,300.0
0514W,Hofstra Soccer Stadium,40.71831,-73.59864,2026-01-03T09:00:00Z,1.79,263.0
0514W,Hofstra Soccer Stadium,40.71831,-73.59864,2026-01-03T09:10:00Z,1.79,297.0
0514W,Hofstra Soccer Stadium,40.71831,-73.59864,2026-01-03T09:20:00Z,3.575,265.0
0514W,Hofstra Soccer Stadium,40.71831,-73.59864,2026-01-03T09:30:00Z,1.343,287.0
0514W,Hofstra Soccer Stadium,40.71831,-73.59864,2026-01-03T09:40:00Z,1.343,279.0
0514W,Hofstra Soccer Stadium,40.71831,-73.59864,2026-01-03T09:50:00Z,4.471,254.0
0514W,Hofstra Soccer Stadium,40.71831,-73.59864,2026-01-03T10:10:00Z,3.128,287.0
0514W,Hofstra Soccer Stadium,40.71831,-73.59864,2026-01-03T10:20:00Z,1.343,254.0
0514W,Hofstra Soccer Stadium,40.71831,-73.59864,2026-01-03T10:30:00Z,1.79,284.0
0514W,Hofstra Soccer Stadium,40.71831,-73.59864,2026-01-03T10:40:00Z,1.343,301.0
0514W,Hofstra Soccer Stadium,40.71831,-73.59864,2026-01-03T10:50:00Z,1.79,299.0
0514W,Hofstra Soccer Stadium,40.71831,-73.59864,2026-01-03T11:00:00Z,0.895,284.0
0514W,Hofstra Soccer Stadium,40.71831,-73.59864,2026-01-03T11:10:00Z,3.575,280.0
0514W,Hofstra Soccer Stadium,40.71831,-73.59864,2026-01-03T11:20:00Z,0.448,277.0
0514W,Hofstra Soccer Stadium,40.71831,-73.59864,2026-01-03T11:30:00Z,1.79,267.0
0514W,Hofstra Soccer Stadium,40.71831,-73.59864,2026-01-03T11:40:00Z,4.471,267.0
0514W,Hofstra Soccer Stadium,40.71831,-73.59864,2026-01-03T11:50:00Z,1.343,300.0
0514W,Hofstra Soccer Stadium,40.71831,-73.59864,2026-01-03T12:00:00Z,2.233,289.0
0514W,Hofstra Soccer Stadium,40.71831,-73.59864,2026-01-03T12:10:00Z,3.128,301.0
0514W,Hofstra Soccer Stadium,40.71831,-73.59864,2026-01-03T12:20:00Z,3.128,288.0
0514W,Hofstra Soccer Stadium,40.71831,-73.59864,2026-01-03T12:30:00Z,2.233,289.0
0514W,Hofstra Soccer Stadium,40.71831,-73.59864,2026-01-03T12:40:00Z,3.128,284.0
0514W,Hofstra Soccer Stadium,40.71831,-73.59864,2026-01-03T12:50:00Z,0.895,277.0
0514W,Hofstra Soccer Stadium,40.71831,-73.59864,2026-01-03T13:00:00Z,1.343,304.0
0514W,Hofstra Soccer Stadium,40.71831,-73.59864,2026-01-03T13:10:00Z,3.128,258.0
0514W,Hofstra Soccer Stadium,40.71831,-73.59864,2026-01-03T13:20:00Z,3.128,304.0
0514W,Hofstra Soccer Stadium,40.71831,-73.59864,2026-01-03T13:30:00Z,1.79,300.0
0514W,Hofstra Soccer Stadium,40.71831,-73.59864,2026-01-03T13:40:00Z,1.79,294.0
0514W,Hofstra Soccer Stadium,40.71831,-73.59864,2026-01-03T13:50:00Z,2.233,319.0
0514W,Hofstra Soccer Stadium,40.71831,-73.59864,2026-01-03T14:00:00Z,1.79,288.0
0514W,Hofstra Soccer Stadium,40.71831,-73.59864,2026-01-03T14:10:00Z,1.343,314.0
0514W,Hofstra Soccer Stadium,40.71831,-73.59864,2026-01-03T14:20:00Z,1.343,304.0
0514W,Hofstra Soccer Stadium,40.71831,-73.59864,2026-01-03T14:30:00Z,7.151,304.0
0514W,Hofstra Soccer Stadium,40.71831,-73.59864,2026-01-03T14:40:00Z,4.023,313.0
0514W,Hofstra Soccer Stadium,40.71831,-73.59864,2026-01-03T14:50:00Z,3.128,301.0
0514W,Hofstra Soccer Stadium,40.71831,-73.59864,2026-01-03T15:00:00Z,4.023,302.0
0514W,Hofstra Soccer Stadium,40.71831,-73.59864,2026-01-03T15:10:00Z,3.128,306.0
0514W,Hofstra Soccer Stadium,40.71831,-73.59864,2026-01-03T15:20:00Z,3.128,297.0
0514W,Hofstra Soccer Stadium,40.71831,-73.59864,2026-01-03T15:30:00Z,3.128,304.0
0514W,Hofstra Soccer Stadium,40.71831,-73.59864,2026-01-03T15:40:00Z,2.233,300.0
0514W,Hofstra Soccer Stadium,40.71831,-73.59864,2026-01-03T15:50:00Z,5.366,300.0
0514W,Hofstra Soccer Stadium,40.71831,-73.59864,2026-01-03T16:00:00Z,4.471,304.0
0514W,Hofstra Soccer Stadium,40.71831,-73.59864,2026-01-03T16:10:00Z,2.233,304.0
0514W,Hofstra Soccer Stadium,40.71831,-73.59864,2026-01-03T16:20:00Z,4.471,291.0
0514W,Hofstra Soccer Stadium,40.71831,-73.59864,2026-01-03T16:30:00Z,3.575,302.0
0514W,Hofstra Soccer Stadium,40.71831,-73.59864,2026-01-03T16:40:00Z,4.918,294.0
0514W,Hofstra Soccer Stadium,40.71831,-73.59864,2026-01-03T16:50:00Z,2.233,288.0
0514W,Hofstra Soccer Stadium,40.71831,-73.59864,2026-01-03T17:00:00Z,1.79,313.0
0514W,Hofstra Soccer Stadium,40.71831,-73.59864,2026-01-03T17:10:00Z,2.68,259.0
0514W,Hofstra Soccer Stadium,40.71831,-73.59864,2026-01-03T17:20:00Z,2.233,295.0
0514W,Hofstra Soccer Stadium,40.71831,-73.59864,2026-01-03T17:30:00Z,3.128,306.0
0514W,Hofstra Soccer Stadium,40.71831,-73.59864,2026-01-03T17:40:00Z,0.448,327.0
0514W,Hofstra Soccer Stadium,40.71831,-73.59864,2026-01-03T17:50:00Z,2.233,323.0
0514W,Hofstra Soccer Stadium,40.71831,-73.59864,2026-01-03T18:00:00Z,1.343,320.0
0514W,Hofstra Soccer Stadium,40.71831,-73.59864,2026-01-03T18:10:00Z,3.575,294.0
0514W,Hofstra Soccer Stadium,40.71831,-73.59864,2026-01-03T18:20:00Z,1.79,309.0
0514W,Hofstra Soccer Stadium,40.71831,-73.59864,2026-01-03T18:30:00Z,0.895,284.0
0514W,Hofstra Soccer Stadium,40.71831,-73.59864,2026-01-03T18:40:00Z,4.471,299.0
0514W,Hofstra Soccer Stadium,40.71831,-73.59864,2026-01-03T18:50:00Z,0.895,315.0
0514W,Hofstra Soccer Stadium,40.71831,-73.59864,2026-01-03T19:00:00Z,2.233,299.0
0514W,Hofstra Soccer Stadium,40.71831,-73.59864,2026-01-03T19:10:00Z,3.575,302.0
0514W,Hofstra Soccer Stadium,40.71831,-73.59864,2026-01-03T19:20:00Z,1.79,324.0
0514W,Hofstra Soccer Stadium,40.71831,-73.59864,2026-01-03T19:30:00Z,3.575,300.0
0514W,Hofstra Soccer Stadium,40.71831,-73.59864,2026-01-03T19:40:00Z,1.343,308.0
0514W,Hofstra Soccer Stadium,40.71831,-73.59864,2026-01-03T19:50:00Z,3.128,292.0
0514W,Hofstra Soccer Stadium,40.71831,-73.59864,2026-01-03T20:00:00Z,0.895,312.0
0514W,Hofstra Soccer Stadium,40.71831,-73.59864,2026-01-03T20:10:00Z,2.68,314.0
0514W,Hofstra Soccer Stadium,40.71831,-73.59864,2026-01-03T20:20:00Z,1.79,286.0
0514W,Hofstra Soccer Stadium,40.71831,-73.59864,2026-01-03T20:30:00Z,1.343,271.0
0514W,Hofstra Soccer Stadium,40.71831,-73.59864,2026-01-03T20:40:00Z,0.895,283.0
0514W,Hofstra Soccer Stadium,40.71831,-73.59864,2026-01-03T20:50:00Z,0.448,308.0
0514W,Hofstra Soccer Stadium,40.71831,-73.59864,2026-01-03T21:00:00Z,0.448,305.0
0514W,Hofstra Soccer Stadium,40.71831,-73.59864,2026-01-03T21:10:00Z,1.343,306.0
0514W,Hofstra Soccer Stadium,40.71831,-73.59864,2026-01-03T21:20:00Z,1.79,317.0
0514W,Hofstra Soccer Stadium,40.71831,-73.59864,2026-01-03T21:30:00Z,0.0,0.0
0514W,Hofstra Soccer Stadium,40.71831,-73.59864,2026-01-03T21:40:00Z,0.448,278.0
0514W,Hofstra Soccer Stadium,40.71831,-73.59864,2026-01-03T21:50:00Z,0.448,290.0
0514W,Hofstra Soccer Stadium,40.71831,-73.59864,2026-01-03T22:00:00Z,0.895,297.0
0514W,Hofstra Soccer Stadium,40.71831,-73.59864,2026-01-03T22:10:00Z,0.0,0.0
0514W,Hofstra Soccer Stadium,40.71831,-73.59864,2026-01-03T22:20:00Z,0.0,0.0
0514W,Hofstra Soccer Stadium,40.71831,-73.59864,2026-01-03T22:30:00Z,0.895,290.0
0514W,Hofstra Soccer Stadium,40.71831,-73.59864,2026-01-03T22:40:00Z,0.0,0.0
0514W,Hofstra Soccer Stadium,40.71831,-73.59864,2026-01-03T22:50:00Z,0.0,0.0
0514W,Hofstra Soccer Stadium,40.71831,-73.59864,2026-01-03T23:00:00Z,0.448,306.0
0514W,Hofstra Soccer Stadium,40.71831,-73.59864,2026-01-03T23:10:00Z,0.0,0.0
0514W,Hofstra Soccer Stadium,40.71831,-73.59864,2026-01-03T23:20:00Z,0.0,0.0
0514W,Hofstra Soccer Stadium,40.71831,-73.59864,2026-01-03T23:30:00Z,0.0,0.0
0514W,Hofstra Soccer Stadium,40.71831,-73.59864,2026-01-03T23:40:00Z,0.0,0.0
0514W,Hofstra Soccer Stadium,40.71831,-73.59864,2026-01-03T23:50:00Z,0.0,0.0
0514W,Hofstra Soccer Stadium,40.71831,-73.59864,2026-01-04T00:00:00Z,0.0,0.0
0514W,Hofstra Soccer Stadium,40.71831,-73.59864,2026-01-04T00:10:00Z,0.0,0.0
0514W,Hofstra Soccer Stadium,40.71831,-73.59864,2026-01-04T00:20:00Z,0.0,0.0
0514W,Hofstra Soccer Stadium,40.71831,-73.59864,2026-01-04T00:30:00Z,0.0,0.0
0514W,Hofstra Soccer Stadium,40.71831,-73.59864,2026-01-04T00:40:00Z,0.0,0.0
0514W,Hofstra Soccer Stadium,40.71831,-73.59864,2026-01-04T00:50:00Z,0.0,0.0
0514W,Hofstra Soccer Stadium,40.71831,-73.59864,2026-01-04T01:00:00Z,0.0,0.0
0514W,Hofstra Soccer Stadium,40.71831,-73.59864,2026-01-04T01:10:00Z,0.0,0.0
0514W,Hofstra Soccer Stadium,40.71831,-73.59864,2026-01-04T01:20:00Z,0.895,320.0
0514W,Hofstra Soccer Stadium,40.71831,-73.59864,2026-01-04T01:30:00Z,0.448,320.0
0514W,Hofstra Soccer Stadium,40.71831,-73.59864,2026-01-04T01:40:00Z,0.0,0.0
0514W,Hofstra Soccer Stadium,40.71831,-73.59864,2026-01-04T01:50:00Z,0.0,0.0
0514W,Hofstra Soccer Stadium,40.71831,-73.59864,2026-01-04T02:00:00Z,0.0,0.0
0514W,Hofstra Soccer Stadium,40.71831,-73.59864,2026-01-04T02:10:00Z,0.0,0.0
0514W,Hofstra Soccer Stadium,40.71831,-73.59864,2026-01-04T02:20:00Z,0.0,0.0
0514W,Hofstra Soccer Stadium,40.71831,-73.59864,2026-01-04T02:30:00Z,0.0,0.0
0514W,Hofstra Soccer Stadium,40.71831,-73.59864,2026-01-04T02:40:00Z,0.0,0.0
0514W,Hofstra Soccer Stadium,40.71831,-73.59864,2026-01-04T02:50:00Z,0.0,0.0
0514W,Hofstra Soccer Stadium,40.71831,-73.59864,2026-01-04T03:00:00Z,0.0,0.0
0514W,Hofstra Soccer Stadium,40.71831,-73.59864,2026-01-04T03:10:00Z,0.0,0.0
0514W,Hofstra Soccer Stadium,40.71831,-73.59864,2026-01-04T03:20:00Z,0.0,0.0
0514W,Hofstra Soccer Stadium,40.71831,-73.59864,2026-01-04T03:30:00Z,0.0,0.0
0514W,Hofstra Soccer Stadium,40.71831,-73.59864,2026-01-04T03:40:00Z,0.0,0.0
0514W,Hofstra Soccer Stadium,40.71831,-73.59864,2026-01-04T03:50:00Z,0.0,0.0
0514W,Hofstra Soccer Stadium,40.71831,-73.59864,2026-01-04T04:00:00Z,0.448,328.0
0514W,Hofstra Soccer Stadium,40.71831,-73.59864,2026-01-04T04:10:00Z,0.448,328.0
0514W,Hofstra Soccer Stadium,40.71831,-73.59864,2026-01-04T04:20:00Z,0.0,0.0
0514W,Hofstra Soccer Stadium,40.71831,-73.59864,2026-01-04T04:30:00Z,0.895,328.0
0514W,Hofstra Soccer Stadium,40.71831,-73.59864,2026-01-04T04:40:00Z,0.0,0.0
0514W,Hofstra Soccer Stadium,40.71831,-73.59864,2026-01-04T04:50:00Z,0.448,309.0
0514W,Hofstra Soccer Stadium,40.71831,-73.59864,2026-01-04T05:00:00Z,0.0,0.0
0514W,Hofstra Soccer Stadium,40.71831,-73.59864,2026-01-04T05:20:00Z,0.895,288.0
0514W,Hofstra Soccer Stadium,40.71831,-73.59864,2026-01-04T05:30:00Z,1.343,304.0
0514W,Hofstra Soccer Stadium,40.71831,-73.59864,2026-01-04T05:40:00Z,0.895,295.0
0514W,Hofstra Soccer Stadium,40.71831,-73.59864,2026-01-04T05:50:00Z,0.895,315.0
0514W,Hofstra Soccer Stadium,40.71831,-73.59864,2026-01-04T06:00:00Z,1.343,319.0
0514W,Hofstra Soccer Stadium,40.71831,-73.59864,2026-01-04T06:10:00Z,0.448,307.0
0514W,Hofstra Soccer Stadium,40.71831,-73.59864,2026-01-04T06:20:00Z,1.79,302.0
0514W,Hofstra Soccer Stadium,40.71831,-73.59864,2026-01-04T06:40:00Z,1.343,320.0
0514W,Hofstra Soccer Stadium,40.71831,-73.59864,2026-01-04T06:50:00Z,0.448,326.0
0514W,Hofstra Soccer Stadium,40.71831,-73.59864,2026-01-04T07:00:00Z,0.895,318.0
0514W,Hofstra Soccer Stadium,40.71831,-73.59864,2026-01-04T07:10:00Z,1.343,345.0
0514W,Hofstra Soccer Stadium,40.71831,-73.59864,2026-01-04T07:20:00Z,0.895,323.0
0514W,Hofstra Soccer Stadium,40.71831,-73.59864,2026-01-04T07:30:00Z,0.895,355.0
0514W,Hofstra Soccer Stadium,40.71831,-73.59864,2026-01-04T07:40:00Z,0.895,333.0
0514W,Hofstra Soccer Stadium,40.71831,-73.59864,2026-01-04T07:50:00Z,1.343,340.0
0514W,Hofstra Soccer Stadium,40.71831,-73.59864,2026-01-04T08:00:00Z,0.448,342.0
0514W,Hofstra Soccer Stadium,40.71831,-73.59864,2026-01-04T08:10:00Z,0.448,309.0
0514W,Hofstra Soccer Stadium,40.71831,-73.59864,2026-01-04T08:20:00Z,0.0,0.0
0514W,Hofstra Soccer Stadium,40.71831,-73.59864,2026-01-04T08:30:00Z,0.448,333.0
0514W,Hofstra Soccer Stadium,40.71831,-73.59864,2026-01-04T08:40:00Z,0.0,0.0
0514W,Hofstra Soccer Stadium,40.71831,-73.59864,2026-01-04T08:50:00Z,0.895,299.0
0514W,Hofstra Soccer Stadium,40.71831,-73.59864,2026-01-04T09:00:00Z,0.448,302.0
0514W,Hofstra Soccer Stadium,40.71831,-73.59864,2026-01-04T09:10:00Z,0.895,302.0
0514W,Hofstra Soccer Stadium,40.71831,-73.59864,2026-01-04T09:20:00Z,0.895,313.0
0514W,Hofstra Soccer Stadium,40.71831,-73.59864,2026-01-04T09:30:00Z,0.895,301.0
0514W,Hofstra Soccer Stadium,40.71831,-73.59864,2026-01-04T09:40:00Z,0.0,0.0
0514W,Hofstra Soccer Stadium,40.71831,-73.59864,2026-01-04T09:50:00Z,0.0,0.0
0514W,Hofstra Soccer Stadium,40.71831,-73.59864,2026-01-04T10:10:00Z,0.895,326.0
0514W,Hofstra Soccer Stadium,40.71831,-73.59864,2026-01-04T10:20:00Z,0.895,315.0
0514W,Hofstra Soccer Stadium,40.71831,-73.59864,2026-01-04T10:30:00Z,1.343,315.0
0514W,Hofstra Soccer Stadium,40.71831,-73.59864,2026-01-04T10:40:00Z,0.448,311.0
0514W,Hofstra Soccer Stadium,40.71831,-73.59864,2026-01-04T10:50:00Z,1.79,305.0
0514W,Hofstra Soccer Stadium,40.71831,-73.59864,2026-01-04T11:00:00Z,0.0,0.0
0514W,Hofstra Soccer Stadium,40.71831,-73.59864,2026-01-04T11:10:00Z,0.895,323.0
0514W,Hofstra Soccer Stadium,40.71831,-73.59864,2026-01-04T11:20:00Z,1.343,296.0
0514W,Hofstra Soccer Stadium,40.71831,-73.59864,2026-01-04T11:30:00Z,0.0,0.0
0514W,Hofstra Soccer Stadium,40.71831,-73.59864,2026-01-04T11:40:00Z,0.0,0.0
0514W,Hofstra Soccer Stadium,40.71831,-73.59864,2026-01-04T11:50:00Z,0.895,333.0
0514W,Hofstra Soccer Stadium,40.71831,-73.59864,2026-01-04T12:00:00Z,1.343,323.0
0514W,Hofstra Soccer Stadium,40.71831,-73.59864,2026-01-04T12:10:00Z,1.343,313.0
0514W,Hofstra Soccer Stadium,40.71831,-73.59864,2026-01-04T12:20:00Z,2.233,321.0
0514W,Hofstra Soccer Stadium,40.71831,-73.59864,2026-01-04T12:30:00Z,0.448,321.0
0514W,Hofstra Soccer Stadium,40.71831,-73.59864,2026-01-04T12:40:00Z,0.448,333.0
0514W,Hofstra Soccer Stadium,40.71831,-73.59864,2026-01-04T12:50:00Z,1.79,345.0
0514W,Hofstra Soccer Stadium,40.71831,-73.59864,2026-01-04T13:00:00Z,1.343,307.0
0514W,Hofstra Soccer Stadium,40.71831,-73.59864,2026-01-04T13:10:00Z,1.343,344.0
0514W,Hofstra Soccer Stadium,40.71831,-73.59864,2026-01-04T13:20:00Z,2.233,360.0
0514W,Hofstra Soccer Stadium,40.71831,-73.59864,2026-01-04T13:30:00Z,1.343,24.0
0514W,Hofstra Soccer Stadium,40.71831,-73.59864,2026-01-04T13:40:00Z,0.0,0.0
0514W,Hofstra Soccer Stadium,40.71831,-73.59864,2026-01-04T13:50:00Z,0.448,314.0
0514W,Hofstra Soccer Stadium,40.71831,-73.59864,2026-01-04T14:00:00Z,0.448,351.0
0514W,Hofstra Soccer Stadium,40.71831,-73.59864,2026-01-04T14:10:00Z,0.0,0.0
0514W,Hofstra Soccer Stadium,40.71831,-73.59864,2026-01-04T14:20:00Z,1.343,297.0
0514W,Hofstra Soccer Stadium,40.71831,-73.59864,2026-01-04T14:30:00Z,0.0,0.0
0514W,Hofstra Soccer Stadium,40.71831,-73.59864,2026-01-04T14:40:00Z,0.895,26.0
0514W,Hofstra Soccer Stadium,40.71831,-73.59864,2026-01-04T14:50:00Z,0.895,336.0
0514W,Hofstra Soccer Stadium,40.71831,-73.59864,2026-01-04T15:00:00Z,0.895,312.0
0514W,Hofstra Soccer Stadium,40.71831,-73.59864,2026-01-04T15:10:00Z,0.448,298.0
0514W,Hofstra Soccer Stadium,40.71831,-73.59864,2026-01-04T15:20:00Z,0.448,286.0
0514W,Hofstra Soccer Stadium,40.71831,-73.59864,2026-01-04T15:30:00Z,0.448,336.0
0514W,Hofstra Soccer Stadium,40.71831,-73.59864,2026-01-04T15:40:00Z,0.0,0.0
0514W,Hofstra Soccer Stadium,40.71831,-73.59864,2026-01-04T15:50:00Z,1.343,347.0
0514W,Hofstra Soccer Stadium,40.71831,-73.59864,2026-01-04T16:00:00Z,1.343,260.0
0514W,Hofstra Soccer Stadium,40.71831,-73.59864,2026-01-04T16:10:00Z,0.448,308.0
0514W,Hofstra Soccer Stadium,40.71831,-73.59864,2026-01-04T16:20:00Z,0.895,58.0
0514W,Hofstra Soccer Stadium,40.71831,-73.59864,2026-01-04T16:30:00Z,0.895,32.0
0514W,Hofstra Soccer Stadium,40.71831,-73.59864,2026-01-04T16:40:00Z,0.448,307.0
0514W,Hofstra Soccer Stadium,40.71831,-73.59864,2026-01-04T16:50:00Z,0.0,0.0
0514W,Hofstra Soccer Stadium,40.71831,-73.59864,2026-01-04T17:00:00Z,1.343,297.0
0514W,Hofstra Soccer Stadium,40.71831,-73.59864,2026-01-04T17:10:00Z,0.895,305.0
0514W,Hofstra Soccer Stadium,40.71831,-73.59864,2026-01-04T17:20:00Z,0.0,0.0
0514W,Hofstra Soccer Stadium,40.71831,-73.59864,2026-01-04T17:30:00Z,0.895,287.0
0514W,Hofstra Soccer Stadium,40.71831,-73.59864,2026-01-04T17:40:00Z,0.0,0.0
0514W,Hofstra Soccer Stadium,40.71831,-73.59864,2026-01-04T17:50:00Z,2.233,297.0
0514W,Hofstra Soccer Stadium,40.71831,-73.59864,2026-01-04T18:00:00Z,1.79,304.0
0514W,Hofstra Soccer Stadium,40.71831,-73.59864,2026-01-04T18:10:00Z,1.343,304.0
0514W,Hofstra Soccer Stadium,40.71831,-73.59864,2026-01-04T18:20:00Z,1.343,309.0
0514W,Hofstra Soccer Stadium,40.71831,-73.59864,2026-01-04T18:30:00Z,0.448,326.0
0514W,Hofstra Soccer Stadium,40.71831,-73.59864,2026-01-04T18:40:00Z,3.128,284.0
0514W,Hofstra Soccer Stadium,40.71831,-73.59864,2026-01-04T18:50:00Z,3.128,295.0
0514W,Hofstra Soccer Stadium,40.71831,-73.59864,2026-01-04T19:00:00Z,4.023,242.0
0514W,Hofstra Soccer Stadium,40.71831,-73.59864,2026-01-04T19:10:00Z,4.471,298.0
0514W,Hofstra Soccer Stadium,40.71831,-73.59864,2026-01-04T19:20:00Z,2.233,298.0
0514W,Hofstra Soccer Stadium,40.71831,-73.59864,2026-01-04T19:30:00Z,1.79,277.0
0514W,Hofstra Soccer Stadium,40.71831,-73.59864,2026-01-04T19:40:00Z,4.023,311.0
0514W,Hofstra Soccer Stadium,40.71831,-73.59864,2026-01-04T19:50:00Z,2.68,339.0
0514W,Hofstra Soccer Stadium,40.71831,-73.59864,2026-01-04T20:00:00Z,3.575,292.0
0514W,Hofstra Soccer Stadium,40.71831,-73.59864,2026-01-04T20:10:00Z,1.79,285.0
0514W,Hofstra Soccer Stadium,40.71831,-73.59864,2026-01-04T20:20:00Z,3.575,301.0
0514W,Hofstra Soccer Stadium,40.71831,-73.59864,2026-01-04T20:30:00Z,4.471,284.0
0514W,Hofstra Soccer Stadium,40.71831,-73.59864,2026-01-04T20:40:00Z,2.233,308.0
0514W,Hofstra Soccer Stadium,40.71831,-73.59864,2026-01-04T20:50:00Z,3.575,299.0
0514W,Hofstra Soccer Stadium,40.71831,-73.59864,2026-01-04T21:00:00Z,1.79,309.0
0514W,Hofstra Soccer Stadium,40.71831,-73.59864,2026-01-04T21:10:00Z,4.023,351.0
0514W,Hofstra Soccer Stadium,40.71831,-73.59864,2026-01-04T21:20:00Z,5.366,302.0
0514W,Hofstra Soccer Stadium,40.71831,-73.59864,2026-01-04T21:30:00Z,1.79,321.0
0514W,Hofstra Soccer Stadium,40.71831,-73.59864,2026-01-04T21:40:00Z,0.448,302.0
0514W,Hofstra Soccer Stadium,40.71831,-73.59864,2026-01-04T21:50:00Z,5.366,342.0
0514W,Hofstra Soccer Stadium,40.71831,-73.59864,2026-01-04T22:00:00Z,3.128,306.0
0514W,Hofstra Soccer Stadium,40.71831,-73.59864,2026-01-04T22:10:00Z,4.471,329.0
0514W,Hofstra Soccer Stadium,40.71831,-73.59864,2026-01-04T22:20:00Z,4.023,313.0
0514W,Hofstra Soccer Stadium,40.71831,-73.59864,2026-01-04T22:30:00Z,2.68,324.0
0514W,Hofstra Soccer Stadium,40.71831,-73.59864,2026-01-04T22:40:00Z,1.343,304.0
0514W,Hofstra Soccer Stadium,40.71831,-73.59864,2026-01-04T22:50:00Z,4.471,291.0
0514W,Hofstra Soccer Stadium,40.71831,-73.59864,2026-01-04T23:00:00Z,1.79,305.0
0514W,Hofstra Soccer Stadium,40.71831,-73.59864,2026-01-04T23:10:00Z,1.343,299.0
0514W,Hofstra Soccer Stadium,40.71831,-73.59864,2026-01-04T23:20:00Z,0.895,278.0
0514W,Hofstra Soccer Stadium,40.71831,-73.59864,2026-01-04T23:30:00Z,1.79,251.0
0514W,Hofstra Soccer Stadium,40.71831,-73.59864,2026-01-04T23:40:00Z,0.0,0.0
0514W,Hofstra Soccer Stadium,40.71831,-73.59864,2026-01-04T23:50:00Z,1.343,250.0
0514W,Hofstra Soccer Stadium,40.71831,-73.59864,2026-01-05T00:00:00Z,0.448,242.0
0514W,Hofstra Soccer Stadium,40.71831,-73.59864,2026-01-05T00:10:00Z,0.895,235.0
0514W,Hofstra Soccer Stadium,40.71831,-73.59864,2026-01-05T00:20:00Z,0.448,281.0
0514W,Hofstra Soccer Stadium,40.71831,-73.59864,2026-01-05T00:30:00Z,0.448,276.0
0514W,Hofstra Soccer Stadium,40.71831,-73.59864,2026-01-05T00:40:00Z,0.895,281.0
0514W,Hofstra Soccer Stadium,40.71831,-73.59864,2026-01-05T00:50:00Z,1.343,273.0
0514W,Hofstra Soccer Stadium,40.71831,-73.59864,2026-01-05T01:00:00Z,1.79,257.0
0514W,Hofstra Soccer Stadium,40.71831,-73.59864,2026-01-05T01:10:00Z,0.895,266.0
0514W,Hofstra Soccer Stadium,40.71831,-73.59864,2026-01-05T01:20:00Z,1.343,267.0
0514W,Hofstra Soccer Stadium,40.71831,-73.59864,2026-01-05T01:30:00Z,1.79,255.0
0514W,Hofstra Soccer Stadium,40.71831,-73.59864,2026-01-05T01:40:00Z,0.895,271.0
0514W,Hofstra Soccer Stadium,40.71831,-73.59864,2026-01-05T01:50:00Z,1.343,273.0
0514W,Hofstra Soccer Stadium,40.71831,-73.59864,2026-01-05T02:00:00Z,2.68,267.0
0514W,Hofstra Soccer Stadium,40.71831,-73.59864,2026-01-05T02:10:00Z,2.68,265.0
0514W,Hofstra Soccer Stadium,40.71831,-73.59864,2026-01-05T02:20:00Z,1.343,280.0
0514W,Hofstra Soccer Stadium,40.71831,-73.59864,2026-01-05T02:30:00Z,0.895,269.0
0514W,Hofstra Soccer Stadium,40.71831,-73.59864,2026-01-05T02:40:00Z,0.895,273.0
0514W,Hofstra Soccer Stadium,40.71831,-73.59864,2026-01-05T02:50:00Z,1.343,294.0
0514W,Hofstra Soccer Stadium,40.71831,-73.59864,2026-01-05T03:00:00Z,1.79,281.0
0514W,Hofstra Soccer Stadium,40.71831,-73.59864,2026-01-05T03:10:00Z,1.343,269.0
0514W,Hofstra Soccer Stadium,40.71831,-73.59864,2026-01-05T03:20:00Z,1.343,311.0
0514W,Hofstra Soccer Stadium,40.71831,-73.59864,2026-01-05T03:30:00Z,1.79,273.0
0514W,Hofstra Soccer Stadium,40.71831,-73.59864,2026-01-05T03:40:00Z,0.895,259.0
0514W,Hofstra Soccer Stadium,40.71831,-73.59864,2026-01-05T03:50:00Z,0.0,0.0
0514W,Hofstra Soccer Stadium,40.71831,-73.59864,2026-01-05T04:00:00Z,0.448,200.0
0514W,Hofstra Soccer Stadium,40.71831,-73.59864,2026-01-05T04:10:00Z,0.895,186.0
0514W,Hofstra Soccer Stadium,40.71831,-73.59864,2026-01-05T04:20:00Z,1.343,250.0
0514W,Hofstra Soccer Stadium,40.71831,-73.59864,2026-01-05T04:30:00Z,1.343,272.0
0514W,Hofstra Soccer Stadium,40.71831,-73.59864,2026-01-05T04:40:00Z,0.895,265.0
0514W,Hofstra Soccer Stadium,40.71831,-73.59864,2026-01-05T04:50:00Z,1.79,304.0
0514W,Hofstra Soccer Stadium,40.71831,-73.59864,2026-01-05T05:00:00Z,3.128,290.0
0514W,Hofstra Soccer Stadium,40.71831,-73.59864,2026-01-05T05:10:00Z,2.233,254.0
0514W,Hofstra Soccer Stadium,40.71831,-73.59864,2026-01-05T05:20:00Z,1.343,278.0
0514W,Hofstra Soccer Stadium,40.71831,-73.59864,2026-01-05T05:30:00Z,2.68,277.0
0514W,Hofstra Soccer Stadium,40.71831,-73.59864,2026-01-05T05:40:00Z,4.023,270.0
0514W,Hofstra Soccer Stadium,40.71831,-73.59864,2026-01-05T05:50:00Z,2.68,313.0
0514W,Hofstra Soccer Stadium,40.71831,-73.59864,2026-01-05T06:00:00Z,1.343,286.0
0514W,Hofstra Soccer Stadium,40.71831,-73.59864,2026-01-05T06:10:00Z,1.79,264.0
0514W,Hofstra Soccer Stadium,40.71831,-73.59864,2026-01-05T06:20:00Z,1.343,295.0
0514W,Hofstra Soccer Stadium,40.71831,-73.59864,2026-01-05T06:30:00Z,0.895,308.0
0514W,Hofstra Soccer Stadium,40.71831,-73.59864,2026-01-05T06:40:00Z,1.79,289.0
0514W,Hofstra Soccer Stadium,40.71831,-73.59864,2026-01-05T06:50:00Z,0.895,292.0
0514W,Hofstra Soccer Stadium,40.71831,-73.59864,2026-01-05T07:10:00Z,1.343,236.0
0514W,Hofstra Soccer Stadium,40.71831,-73.59864,2026-01-05T07:20:00Z,0.448,277.0
0514W,Hofstra Soccer Stadium,40.71831,-73.59864,2026-01-05T07:30:00Z,0.895,277.0
0514W,Hofstra Soccer Stadium,40.71831,-73.59864,2026-01-05T07:40:00Z,0.448,284.0
0514W,Hofstra Soccer Stadium,40.71831,-73.59864,2026-01-05T07:50:00Z,0.448,248.0
0514W,Hofstra Soccer Stadium,40.71831,-73.59864,2026-01-05T08:00:00Z,2.68,263.0
0514W,Hofstra Soccer Stadium,40.71831,-73.59864,2026-01-05T08:10:00Z,0.895,240.0
0514W,Hofstra Soccer Stadium,40.71831,-73.59864,2026-01-05T08:20:00Z,1.79,268.0
0514W,Hofstra Soccer Stadium,40.71831,-73.59864,2026-01-05T08:30:00Z,0.895,271.0
0514W,Hofstra Soccer Stadium,40.71831,-73.59864,2026-01-05T08:40:00Z,0.448,263.0
0514W,Hofstra Soccer Stadium,40.71831,-73.59864,2026-01-05T08:50:00Z,0.895,284.0
0514W,Hofstra Soccer Stadium,40.71831,-73.59864,2026-01-05T09:00:00Z,1.343,278.0
0514W,Hofstra Soccer Stadium,40.71831,-73.59864,2026-01-05T09:10:00Z,0.895,295.0
0514W,Hofstra Soccer Stadium,40.71831,-73.59864,2026-01-05T09:20:00Z,1.343,255.0
0514W,Hofstra Soccer Stadium,40.71831,-73.59864,2026-01-05T09:30:00Z,0.895,281.0
0514W,Hofstra Soccer Stadium,40.71831,-73.59864,2026-01-05T09:40:00Z,0.448,273.0
0514W,Hofstra Soccer Stadium,40.71831,-73.59864,2026-01-05T09:50:00Z,0.448,268.0
0514W,Hofstra Soccer Stadium,40.71831,-73.59864,2026-01-05T10:10:00Z,0.448,229.0
0514W,Hofstra Soccer Stadium,40.71831,-73.59864,2026-01-05T10:20:00Z,0.895,279.0
0514W,Hofstra Soccer Stadium,40.71831,-73.59864,2026-01-05T10:30:00Z,0.448,235.0
0514W,Hofstra Soccer Stadium,40.71831,-73.59864,2026-01-05T10:40:00Z,0.895,279.0
0514W,Hofstra Soccer Stadium,40.71831,-73.59864,2026-01-05T10:50:00Z,0.448,265.0
0514W,Hofstra Soccer Stadium,40.71831,-73.59864,2026-01-05T11:00:00Z,0.895,279.0
0514W,Hofstra Soccer Stadium,40.71831,-73.59864,2026-01-05T11:10:00Z,0.0,0.0
0514W,Hofstra Soccer Stadium,40.71831,-73.59864,2026-01-05T11:20:00Z,0.0,0.0
0514W,Hofstra Soccer Stadium,40.71831,-73.59864,2026-01-05T11:30:00Z,0.0,0.0
0514W,Hofstra Soccer Stadium,40.71831,-73.59864,2026-01-05T11:40:00Z,0.0,0.0
0514W,Hofstra Soccer Stadium,40.71831,-73.59864,2026-01-05T11:50:00Z,0.0,0.0
0514W,Hofstra Soccer Stadium,40.71831,-73.59864,2026-01-05T12:00:00Z,0.0,0.0
0514W,Hofstra Soccer Stadium,40.71831,-73.59864,2026-01-05T12:10:00Z,0.0,0.0
0514W,Hofstra Soccer Stadium,40.71831,-73.59864,2026-01-05T12:20:00Z,0.0,0.0
0514W,Hofstra Soccer Stadium,40.71831,-73.59864,2026-01-05T12:30:00Z,0.0,0.0
0514W,Hofstra Soccer Stadium,40.71831,-73.59864,2026-01-05T12:40:00Z,0.448,61.0
0514W,Hofstra Soccer Stadium,40.71831,-73.59864,2026-01-05T12:50:00Z,1.343,130.0
0514W,Hofstra Soccer Stadium,40.71831,-73.59864,2026-01-05T13:00:00Z,0.448,112.0
0514W,Hofstra Soccer Stadium,40.71831,-73.59864,2026-01-05T13:10:00Z,0.895,116.0
0514W,Hofstra Soccer Stadium,40.71831,-73.59864,2026-01-05T13:20:00Z,1.343,113.0
0514W,Hofstra Soccer Stadium,40.71831,-73.59864,2026-01-05T13:30:00Z,0.895,83.0
0514W,Hofstra Soccer Stadium,40.71831,-73.59864,2026-01-05T13:40:00Z,1.79,107.0
0514W,Hofstra Soccer Stadium,40.71831,-73.59864,2026-01-05T13:50:00Z,0.448,59.0
0514W,Hofstra Soccer Stadium,40.71831,-73.59864,2026-01-05T14:00:00Z,0.0,0.0
0514W,Hofstra Soccer Stadium,40.71831,-73.59864,2026-01-05T14:10:00Z,2.233,77.0
0514W,Hofstra Soccer Stadium,40.71831,-73.59864,2026-01-05T14:20:00Z,1.79,113.0
0514W,Hofstra Soccer Stadium,40.71831,-73.59864,2026-01-05T14:30:00Z,1.79,107.0
0514W,Hofstra Soccer Stadium,40.71831,-73.59864,2026-01-05T14:50:00Z,1.343,118.0
0514W,Hofstra Soccer Stadium,40.71831,-73.59864,2026-01-05T15:00:00Z,1.79,116.0
0514W,Hofstra Soccer Stadium,40.71831,-73.59864,2026-01-05T15:10:00Z,2.68,108.0
0514W,Hofstra Soccer Stadium,40.71831,-73.59864,2026-01-05T15:20:00Z,1.343,148.0
0514W,Hofstra Soccer Stadium,40.71831,-73.59864,2026-01-05T15:30:00Z,0.895,163.0
0514W,Hofstra Soccer Stadium,40.71831,-73.59864,2026-01-05T15:40:00Z,0.895,148.0
0514W,Hofstra Soccer Stadium,40.71831,-73.59864,2026-01-05T15:50:00Z,3.128,140.0
0514W,Hofstra Soccer Stadium,40.71831,-73.59864,2026-01-05T16:00:00Z,1.79,122.0
0514W,Hofstra Soccer Stadium,40.71831,-73.59864,2026-01-05T16:10:00Z,2.68,165.0
0514W,Hofstra Soccer Stadium,40.71831,-73.59864,2026-01-05T16:20:00Z,0.895,120.0
0514W,Hofstra Soccer Stadium,40.71831,-73.59864,2026-01-05T16:30:00Z,1.79,134.0
0514W,Hofstra Soccer Stadium,40.71831,-73.59864,2026-01-05T16:40:00Z,1.79,150.0
0514W,Hofstra Soccer Stadium,40.71831,-73.59864,2026-01-05T16:50:00Z,0.895,143.0
0514W,Hofstra Soccer Stadium,40.71831,-73.59864,2026-01-05T17:00:00Z,1.79,126.0
0514W,Hofstra Soccer Stadium,40.71831,-73.59864,2026-01-05T17:10:00Z,3.575,115.0
0514W,Hofstra Soccer Stadium,40.71831,-73.59864,2026-01-05T17:20:00Z,1.343,138.0
0514W,Hofstra Soccer Stadium,40.71831,-73.59864,2026-01-05T17:30:00Z,2.68,192.0
0514W,Hofstra Soccer Stadium,40.71831,-73.59864,2026-01-05T17:40:00Z,5.366,169.0
0514W,Hofstra Soccer Stadium,40.71831,-73.59864,2026-01-05T17:50:00Z,0.895,153.0
0514W,Hofstra Soccer Stadium,40.71831,-73.59864,2026-01-05T18:00:00Z,2.68,151.0
0514W,Hofstra Soccer Stadium,40.71831,-73.59864,2026-01-05T18:10:00Z,2.233,209.0
0514W,Hofstra Soccer Stadium,40.71831,-73.59864,2026-01-05T18:20:00Z,2.233,184.0
0514W,Hofstra Soccer Stadium,40.71831,-73.59864,2026-01-05T18:30:00Z,4.471,148.0
0514W,Hofstra Soccer Stadium,40.71831,-73.59864,2026-01-05T18:40:00Z,3.128,196.0
0514W,Hofstra Soccer Stadium,40.71831,-73.59864,2026-01-05T18:50:00Z,0.895,159.0
0514W,Hofstra Soccer Stadium,40.71831,-73.59864,2026-01-05T19:00:00Z,0.448,222.0
0514W,Hofstra Soccer Stadium,40.71831,-73.59864,2026-01-05T19:10:00Z,3.575,178.0
0514W,Hofstra Soccer Stadium,40.71831,-73.59864,2026-01-05T19:20:00Z,2.68,164.0
0514W,Hofstra Soccer Stadium,40.71831,-73.59864,2026-01-05T19:30:00Z,2.233,138.0
0514W,Hofstra Soccer Stadium,40.71831,-73.59864,2026-01-05T19:40:00Z,1.79,148.0
0514W,Hofstra Soccer Stadium,40.71831,-73.59864,2026-01-05T19:50:00Z,2.233,138.0
0514W,Hofstra Soccer Stadium,40.71831,-73.59864,2026-01-05T20:00:00Z,0.895,153.0
0514W,Hofstra Soccer Stadium,40.71831,-73.59864,2026-01-05T20:10:00Z,4.471,175.0
0514W,Hofstra Soccer Stadium,40.71831,-73.59864,2026-01-05T20:20:00Z,1.79,163.0
0514W,Hofstra Soccer Stadium,40.71831,-73.59864,2026-01-05T20:30:00Z,1.79,206.0
0514W,Hofstra Soccer Stadium,40.71831,-73.59864,2026-01-05T20:40:00Z,0.895,190.0
0514W,Hofstra Soccer Stadium,40.71831,-73.59864,2026-01-05T20:50:00Z,3.575,189.0
0514W,Hofstra Soccer Stadium,40.71831,-73.59864,2026-01-05T21:00:00Z,4.023,159.0
0514W,Hofstra Soccer Stadium,40.71831,-73.59864,2026-01-05T21:10:00Z,2.233,138.0
0514W,Hofstra Soccer Stadium,40.71831,-73.59864,2026-01-05T21:20:00Z,3.575,190.0
0514W,Hofstra Soccer Stadium,40.71831,-73.59864,2026-01-05T21:30:00Z,2.68,207.0
0514W,Hofstra Soccer Stadium,40.71831,-73.59864,2026-01-05T21:40:00Z,1.343,178.0
0514W,Hofstra Soccer Stadium,40.71831,-73.59864,2026-01-05T21:50:00Z,2.233,184.0
0514W,Hofstra Soccer Stadium,40.71831,-73.59864,2026-01-05T22:00:00Z,2.233,150.0
0514W,Hofstra Soccer Stadium,40.71831,-73.59864,2026-01-05T22:10:00Z,3.575,176.0
0514W,Hofstra Soccer Stadium,40.71831,-73.59864,2026-01-05T22:20:00Z,1.343,167.0
0514W,Hofstra Soccer Stadium,40.71831,-73.59864,2026-01-05T22:30:00Z,2.68,212.0
0514W,Hofstra Soccer Stadium,40.71831,-73.59864,2026-01-05T22:40:00Z,0.895,144.0
0514W,Hofstra Soccer Stadium,40.71831,-73.59864,2026-01-05T22:50:00Z,3.128,186.0
0514W,Hofstra Soccer Stadium,40.71831,-73.59864,2026-01-05T23:00:00Z,0.895,211.0
0514W,Hofstra Soccer Stadium,40.71831,-73.59864,2026-01-05T23:10:00Z,1.343,215.0
0514W,Hofstra Soccer Stadium,40.71831,-73.59864,2026-01-05T23:20:00Z,1.343,213.0
0514W,Hofstra Soccer Stadium,40.71831,-73.59864,2026-01-05T23:30:00Z,1.79,176.0
0514W,Hofstra Soccer Stadium,40.71831,-73.59864,2026-01-05T23:40:00Z,2.233,228.0
0514W,Hofstra Soccer Stadium,40.71831,-73.59864,2026-01-05T23:50:00Z,1.343,219.0
0514W,Hofstra Soccer Stadium,40.71831,-73.59864,2026-01-06T00:00:00Z,2.68,217.0
0514W,Hofstra Soccer Stadium,40.71831,-73.59864,2026-01-06T00:10:00Z,2.233,216.0
0514W,Hofstra Soccer Stadium,40.71831,-73.59864,2026-01-06T00:20:00Z,0.895,214.0
0514W,Hofstra Soccer Stadium,40.71831,-73.59864,2026-01-06T00:30:00Z,0.448,201.0
0514W,Hofstra Soccer Stadium,40.71831,-73.59864,2026-01-06T00:40:00Z,2.233,210.0
0514W,Hofstra Soccer Stadium,40.71831,-73.59864,2026-01-06T00:50:00Z,0.895,223.0
0514W,Hofstra Soccer Stadium,40.71831,-73.59864,2026-01-06T01:00:00Z,0.895,208.0
0514W,Hofstra Soccer Stadium,40.71831,-73.59864,2026-01-06T01:10:00Z,1.343,182.0
0514W,Hofstra Soccer Stadium,40.71831,-73.59864,2026-01-06T01:20:00Z,0.0,0.0
0514W,Hofstra Soccer Stadium,40.71831,-73.59864,2026-01-06T01:30:00Z,1.343,222.0
0514W,Hofstra Soccer Stadium,40.71831,-73.59864,2026-01-06T01:40:00Z,2.233,237.0
0514W,Hofstra Soccer Stadium,40.71831,-73.59864,2026-01-06T01:50:00Z,0.448,220.0
0514W,Hofstra Soccer Stadium,40.71831,-73.59864,2026-01-06T02:00:00Z,0.448,246.0
0514W,Hofstra Soccer Stadium,40.71831,-73.59864,2026-01-06T02:10:00Z,0.448,213.0
0514W,Hofstra Soccer Stadium,40.71831,-73.59864,2026-01-06T02:20:00Z,0.0,0.0
0514W,Hofstra Soccer Stadium,40.71831,-73.59864,2026-01-06T02:30:00Z,0.448,243.0
0514W,Hofstra Soccer Stadium,40.71831,-73.59864,2026-01-06T02:40:00Z,0.448,250.0
0514W,Hofstra Soccer Stadium,40.71831,-73.59864,2026-01-06T02:50:00Z,0.895,198.0
0514W,Hofstra Soccer Stadium,40.71831,-73.59864,2026-01-06T03:00:00Z,0.448,238.0
0514W,Hofstra Soccer Stadium,40.71831,-73.59864,2026-01-06T03:10:00Z,0.448,233.0
0514W,Hofstra Soccer Stadium,40.71831,-73.59864,2026-01-06T03:20:00Z,0.895,198.0
0514W,Hofstra Soccer Stadium,40.71831,-73.59864,2026-01-06T03:30:00Z,0.895,212.0
0514W,Hofstra Soccer Stadium,40.71831,-73.59864,2026-01-06T03:40:00Z,0.0,0.0
0514W,Hofstra Soccer Stadium,40.71831,-73.59864,2026-01-06T03:50:00Z,0.0,0.0
0514W,Hofstra Soccer Stadium,40.71831,-73.59864,2026-01-06T04:00:00Z,0.0,0.0
0514W,Hofstra Soccer Stadium,40.71831,-73.59864,2026-01-06T04:10:00Z,0.0,0.0
0514W,Hofstra Soccer Stadium,40.71831,-73.59864,2026-01-06T04:20:00Z,0.448,202.0
0514W,Hofstra Soccer Stadium,40.71831,-73.59864,2026-01-06T04:30:00Z,0.0,0.0
0514W,Hofstra Soccer Stadium,40.71831,-73.59864,2026-01-06T04:40:00Z,1.343,193.0
0514W,Hofstra Soccer Stadium,40.71831,-73.59864,2026-01-06T04:50:00Z,0.448,198.0
0514W,Hofstra Soccer Stadium,40.71831,-73.59864,2026-01-06T05:00:00Z,0.0,0.0
0514W,Hofstra Soccer Stadium,40.71831,-73.59864,2026-01-06T05:10:00Z,1.343,211.0
0514W,Hofstra Soccer Stadium,40.71831,-73.59864,2026-01-06T05:20:00Z,0.895,202.0
0514W,Hofstra Soccer Stadium,40.71831,-73.59864,2026-01-06T05:30:00Z,0.0,0.0
0514W,Hofstra Soccer Stadium,40.71831,-73.59864,2026-01-06T05:40:00Z,0.0,0.0
0514W,Hofstra Soccer Stadium,40.71831,-73.59864,2026-01-06T05:50:00Z,0.448,206.0
0514W,Hofstra Soccer Stadium,40.71831,-73.59864,2026-01-06T06:00:00Z,0.0,0.0
0514W,Hofstra Soccer Stadium,40.71831,-73.59864,2026-01-06T06:10:00Z,0.448,236.0
0514W,Hofstra Soccer Stadium,40.71831,-73.59864,2026-01-06T06:20:00Z,0.448,213.0
0514W,Hofstra Soccer Stadium,40.71831,-73.59864,2026-01-06T06:30:00Z,0.895,249.0
0514W,Hofstra Soccer Stadium,40.71831,-73.59864,2026-01-06T06:40:00Z,0.448,250.0
0514W,Hofstra Soccer Stadium,40.71831,-73.59864,2026-01-06T06:50:00Z,0.448,249.0
0514W,Hofstra Soccer Stadium,40.71831,-73.59864,2026-01-06T07:00:00Z,0.448,241.0
0514W,Hofstra Soccer Stadium,40.71831,-73.59864,2026-01-06T07:10:00Z,0.448,254.0
0514W,Hofstra Soccer Stadium,40.71831,-73.59864,2026-01-06T07:20:00Z,0.0,0.0
0514W,Hofstra Soccer Stadium,40.71831,-73.59864,2026-01-06T07:30:00Z,0.0,0.0
0514W,Hofstra Soccer Stadium,40.71831,-73.59864,2026-01-06T07:40:00Z,0.0,0.0
0514W,Hofstra Soccer Stadium,40.71831,-73.59864,2026-01-06T07:50:00Z,0.0,0.0
0514W,Hofstra Soccer Stadium,40.71831,-73.59864,2026-01-06T08:00:00Z,0.0,0.0
0514W,Hofstra Soccer Stadium,40.71831,-73.59864,2026-01-06T08:10:00Z,0.0,0.0
0514W,Hofstra Soccer Stadium,40.71831,-73.59864,2026-01-06T08:20:00Z,0.0,0.0
0514W,Hofstra Soccer Stadium,40.71831,-73.59864,2026-01-06T08:30:00Z,0.0,0.0
0514W,Hofstra Soccer Stadium,40.71831,-73.59864,2026-01-06T08:40:00Z,0.0,0.0
0514W,Hofstra Soccer Stadium,40.71831,-73.59864,2026-01-06T08:50:00Z,0.0,0.0
0514W,Hofstra Soccer Stadium,40.71831,-73.59864,2026-01-06T09:00:00Z,0.0,0.0
0514W,Hofstra Soccer Stadium,40.71831,-73.59864,2026-01-06T09:10:00Z,0.0,0.0
0514W,Hofstra Soccer Stadium,40.71831,-73.59864,2026-01-06T09:20:00Z,0.0,0.0
0514W,Hofstra Soccer Stadium,40.71831,-73.59864,2026-01-06T09:30:00Z,0.0,0.0
0514W,Hofstra Soccer Stadium,40.71831,-73.59864,2026-01-06T09:40:00Z,0.0,0.0
0514W,Hofstra Soccer Stadium,40.71831,-73.59864,2026-01-06T09:50:00Z,0.0,0.0
0514W,Hofstra Soccer Stadium,40.71831,-73.59864,2026-01-06T10:10:00Z,0.0,0.0
0514W,Hofstra Soccer Stadium,40.71831,-73.59864,2026-01-06T10:20:00Z,0.0,0.0
0514W,Hofstra Soccer Stadium,40.71831,-73.59864,2026-01-06T10:30:00Z,0.0,0.0
0514W,Hofstra Soccer Stadium,40.71831,-73.59864,2026-01-06T10:40:00Z,0.0,0.0
0514W,Hofstra Soccer Stadium,40.71831,-73.59864,2026-01-06T10:50:00Z,0.0,0.0
0514W,Hofstra Soccer Stadium,40.71831,-73.59864,2026-01-06T11:00:00Z,0.0,0.0
0514W,Hofstra Soccer Stadium,40.71831,-73.59864,2026-01-06T11:10:00Z,0.0,0.0
0514W,Hofstra Soccer Stadium,40.71831,-73.59864,2026-01-06T11:20:00Z,0.0,0.0
0514W,Hofstra Soccer Stadium,40.71831,-73.59864,2026-01-06T11:30:00Z,0.0,0.0
0514W,Hofstra Soccer Stadium,40.71831,-73.59864,2026-01-06T11:40:00Z,0.0,0.0
0514W,Hofstra Soccer Stadium,40.71831,-73.59864,2026-01-06T11:50:00Z,0.0,0.0
0514W,Hofstra Soccer Stadium,40.71831,-73.59864,2026-01-06T12:00:00Z,0.0,0.0
0514W,Hofstra Soccer Stadium,40.71831,-73.59864,2026-01-06T12:10:00Z,0.0,0.0
0514W,Hofstra Soccer Stadium,40.71831,-73.59864,2026-01-06T12:20:00Z,0.0,0.0
0514W,Hofstra Soccer Stadium,40.71831,-73.59864,2026-01-06T12:30:00Z,0.0,0.0
0514W,Hofstra Soccer Stadium,40.71831,-73.59864,2026-01-06T12:40:00Z,0.0,0.0
0514W,Hofstra Soccer Stadium,40.71831,-73.59864,2026-01-06T12:50:00Z,0.0,0.0
0514W,Hofstra Soccer Stadium,40.71831,-73.59864,2026-01-06T13:00:00Z,0.0,0.0
0514W,Hofstra Soccer Stadium,40.71831,-73.59864,2026-01-06T13:10:00Z,0.448,253.0
0514W,Hofstra Soccer Stadium,40.71831,-73.59864,2026-01-06T13:20:00Z,0.0,0.0
0514W,Hofstra Soccer Stadium,40.71831,-73.59864,2026-01-06T13:30:00Z,0.448,253.0
0514W,Hofstra Soccer Stadium,40.71831,-73.59864,2026-01-06T13:40:00Z,0.0,0.0
0514W,Hofstra Soccer Stadium,40.71831,-73.59864,2026-01-06T13:50:00Z,0.0,0.0
0514W,Hofstra Soccer Stadium,40.71831,-73.59864,2026-01-06T14:00:00Z,0.0,0.0
0514W,Hofstra Soccer Stadium,40.71831,-73.59864,2026-01-06T14:10:00Z,0.448,26.0
0514W,Hofstra Soccer Stadium,40.71831,-73.59864,2026-01-06T14:20:00Z,0.448,19.0
0514W,Hofstra Soccer Stadium,40.71831,-73.59864,2026-01-06T14:30:00Z,0.448,19.0
0514W,Hofstra Soccer Stadium,40.71831,-73.59864,2026-01-06T14:40:00Z,0.0,0.0
0514W,Hofstra Soccer Stadium,40.71831,-73.59864,2026-01-06T14:50:00Z,0.895,53.0
0514W,Hofstra Soccer Stadium,40.71831,-73.59864,2026-01-06T15:00:00Z,0.448,109.0
0514W,Hofstra Soccer Stadium,40.71831,-73.59864,2026-01-06T15:10:00Z,1.343,61.0
0514W,Hofstra Soccer Stadium,40.71831,-73.59864,2026-01-06T15:20:00Z,0.0,0.0
0514W,Hofstra Soccer Stadium,40.71831,-73.59864,2026-01-06T15:30:00Z,0.895,92.0
0514W,Hofstra Soccer Stadium,40.71831,-73.59864,2026-01-06T15:40:00Z,1.343,51.0
0514W,Hofstra Soccer Stadium,40.71831,-73.59864,2026-01-06T15:50:00Z,2.233,41.0
0514W,Hofstra Soccer Stadium,40.71831,-73.59864,2026-01-06T16:00:00Z,0.448,82.0
0514W,Hofstra Soccer Stadium,40.71831,-73.59864,2026-01-06T16:10:00Z,1.79,42.0
0514W,Hofstra Soccer Stadium,40.71831,-73.59864,2026-01-06T16:20:00Z,0.895,58.0
0514W,Hofstra Soccer Stadium,40.71831,-73.59864,2026-01-06T16:30:00Z,1.343,79.0
0514W,Hofstra Soccer Stadium,40.71831,-73.59864,2026-01-06T16:40:00Z,1.343,103.0
0514W,Hofstra Soccer Stadium,40.71831,-73.59864,2026-01-06T16:50:00Z,1.79,132.0
0514W,Hofstra Soccer Stadium,40.71831,-73.59864,2026-01-06T17:00:00Z,1.343,98.0
0514W,Hofstra Soccer Stadium,40.71831,-73.59864,2026-01-06T17:10:00Z,0.895,93.0
0514W,Hofstra Soccer Stadium,40.71831,-73.59864,2026-01-06T17:20:00Z,0.448,97.0
0514W,Hofstra Soccer Stadium,40.71831,-73.59864,2026-01-06T17:30:00Z,0.895,56.0
0514W,Hofstra Soccer Stadium,40.71831,-73.59864,2026-01-06T17:40:00Z,2.233,66.0
0514W,Hofstra Soccer Stadium,40.71831,-73.59864,2026-01-06T17:50:00Z,0.895,51.0
0514W,Hofstra Soccer Stadium,40.71831,-73.59864,2026-01-06T18:00:00Z,1.79,14.0
0514W,Hofstra Soccer Stadium,40.71831,-73.59864,2026-01-06T18:10:00Z,1.343,65.0
0514W,Hofstra Soccer Stadium,40.71831,-73.59864,2026-01-06T18:20:00Z,1.343,67.0
0514W,Hofstra Soccer Stadium,40.71831,-73.59864,2026-01-06T18:30:00Z,2.233,83.0
0514W,Hofstra Soccer Stadium,40.71831,-73.59864,2026-01-06T18:40:00Z,2.68,92.0
0514W,Hofstra Soccer Stadium,40.71831,-73.59864,2026-01-06T18:50:00Z,2.68,111.0
0514W,Hofstra Soccer Stadium,40.71831,-73.59864,2026-01-06T19:00:00Z,3.128,97.0
0514W,Hofstra Soccer Stadium,40.71831,-73.59864,2026-01-06T19:10:00Z,2.233,74.0
0514W,Hofstra Soccer Stadium,40.71831,-73.59864,2026-01-06T19:20:00Z,2.233,81.0
0514W,Hofstra Soccer Stadium,40.71831,-73.59864,2026-01-06T19:30:00Z,4.023,95.0
0514W,Hofstra Soccer Stadium,40.71831,-73.59864,2026-01-06T19:40:00Z,2.68,105.0
0514W,Hofstra Soccer Stadium,40.71831,-73.59864,2026-01-06T19:50:00Z,3.575,115.0
0514W,Hofstra Soccer Stadium,40.71831,-73.59864,2026-01-06T20:00:00Z,4.471,94.0
0514W,Hofstra Soccer Stadium,40.71831,-73.59864,2026-01-06T20:10:00Z,3.128,111.0
0514W,Hofstra Soccer Stadium,40.71831,-73.59864,2026-01-06T20:20:00Z,3.128,102.0
0514W,Hofstra Soccer Stadium,40.71831,-73.59864,2026-01-06T20:30:00Z,1.343,89.0
0514W,Hofstra Soccer Stadium,40.71831,-73.59864,2026-01-06T20:40:00Z,1.79,113.0
0514W,Hofstra Soccer Stadium,40.71831,-73.59864,2026-01-06T20:50:00Z,1.343,81.0
0514W,Hofstra Soccer Stadium,40.71831,-73.59864,2026-01-06T21:00:00Z,3.575,109.0
0514W,Hofstra Soccer Stadium,40.71831,-73.59864,2026-01-06T21:10:00Z,3.128,88.0
0514W,Hofstra Soccer Stadium,40.71831,-73.59864,2026-01-06T21:20:00Z,1.79,34.0
0514W,Hofstra Soccer Stadium,40.71831,-73.59864,2026-01-06T21:30:00Z,1.343,76.0
0514W,Hofstra Soccer Stadium,40.71831,-73.59864,2026-01-06T21:40:00Z,3.575,68.0
0514W,Hofstra Soccer Stadium,40.71831,-73.59864,2026-01-06T21:50:00Z,0.895,77.0
0514W,Hofstra Soccer Stadium,40.71831,-73.59864,2026-01-06T22:00:00Z,1.79,73.0
0514W,Hofstra Soccer Stadium,40.71831,-73.59864,2026-01-06T22:10:00Z,3.128,98.0
0514W,Hofstra Soccer Stadium,40.71831,-73.59864,2026-01-06T22:20:00Z,1.79,83.0
0514W,Hofstra Soccer Stadium,40.71831,-73.59864,2026-01-06T22:30:00Z,3.128,87.0
0514W,Hofstra Soccer Stadium,40.71831,-73.59864,2026-01-06T22:40:00Z,2.233,81.0
0514W,Hofstra Soccer Stadium,40.71831,-73.59864,2026-01-06T22:50:00Z,3.128,92.0
0514W,Hofstra Soccer Stadium,40.71831,-73.59864,2026-01-06T23:00:00Z,2.68,65.0
0514W,Hofstra Soccer Stadium,40.71831,-73.59864,2026-01-06T23:10:00Z,1.343,105.0
0514W,Hofstra Soccer Stadium,40.71831,-73.59864,2026-01-06T23:20:00Z,1.343,69.0
0514W,Hofstra Soccer Stadium,40.71831,-73.59864,2026-01-06T23:30:00Z,0.895,111.0
0514W,Hofstra Soccer Stadium,40.71831,-73.59864,2026-01-06T23:40:00Z,0.448,95.0
0514W,Hofstra Soccer Stadium,40.71831,-73.59864,2026-01-06T23:50:00Z,3.128,115.0
0514W,Hofstra Soccer Stadium,40.71831,-73.59864,2026-01-07T00:00:00Z,2.68,103.0
0514W,Hofstra Soccer Stadium,40.71831,-73.59864,2026-01-07T00:10:00Z,3.575,70.0
0514W,Hofstra Soccer Stadium,40.71831,-73.59864,2026-01-07T00:20:00Z,0.895,57.0
0514W,Hofstra Soccer Stadium,40.71831,-73.59864,2026-01-07T00:30:00Z,2.68,68.0
0514W,Hofstra Soccer Stadium,40.71831,-73.59864,2026-01-07T00:40:00Z,1.79,49.0
0514W,Hofstra Soccer Stadium,40.71831,-73.59864,2026-01-07T00:50:00Z,1.79,51.0
0514W,Hofstra Soccer Stadium,40.71831,-73.59864,2026-01-07T01:00:00Z,2.233,68.0
0514W,Hofstra Soccer Stadium,40.71831,-73.59864,2026-01-07T01:10:00Z,0.448,49.0
0514W,Hofstra Soccer Stadium,40.71831,-73.59864,2026-01-07T01:20:00Z,2.233,62.0
0514W,Hofstra Soccer Stadium,40.71831,-73.59864,2026-01-07T01:30:00Z,1.343,71.0
0514W,Hofstra Soccer Stadium,40.71831,-73.59864,2026-01-07T01:40:00Z,1.79,35.0
0514W,Hofstra Soccer Stadium,40.71831,-73.59864,2026-01-07T01:50:00Z,3.128,42.0
0514W,Hofstra Soccer Stadium,40.71831,-73.59864,2026-01-07T02:00:00Z,1.79,49.0
0514W,Hofstra Soccer Stadium,40.71831,-73.59864,2026-01-07T02:10:00Z,1.343,44.0
0514W,Hofstra Soccer Stadium,40.71831,-73.59864,2026-01-07T02:20:00Z,1.343,37.0
0514W,Hofstra Soccer Stadium,40.71831,-73.59864,2026-01-07T02:30:00Z,0.895,17.0
0514W,Hofstra Soccer Stadium,40.71831,-73.59864,2026-01-07T02:40:00Z,0.895,26.0
0514W,Hofstra Soccer Stadium,40.71831,-73.59864,2026-01-07T02:50:00Z,1.79,67.0
0514W,Hofstra Soccer Stadium,40.71831,-73.59864,2026-01-07T03:00:00Z,1.343,78.0
0514W,Hofstra Soccer Stadium,40.71831,-73.59864,2026-01-07T03:10:00Z,0.448,100.0
0514W,Hofstra Soccer Stadium,40.71831,-73.59864,2026-01-07T03:20:00Z,3.128,79.0
0514W,Hofstra Soccer Stadium,40.71831,-73.59864,2026-01-07T03:30:00Z,1.343,13.0
0514W,Hofstra Soccer Stadium,40.71831,-73.59864,2026-01-07T03:40:00Z,0.448,324.0
0514W,Hofstra Soccer Stadium,40.71831,-73.59864,2026-01-07T03:50:00Z,0.448,11.0
0514W,Hofstra Soccer Stadium,40.71831,-73.59864,2026-01-07T04:00:00Z,1.343,53.0
0514W,Hofstra Soccer Stadium,40.71831,-73.59864,2026-01-07T04:10:00Z,0.895,30.0
0514W,Hofstra Soccer Stadium,40.71831,-73.59864,2026-01-07T04:20:00Z,1.343,33.0
0514W,Hofstra Soccer Stadium,40.71831,-73.59864,2026-01-07T04:30:00Z,1.343,45.0
0514W,Hofstra Soccer Stadium,40.71831,-73.59864,2026-01-07T04:40:00Z,2.68,35.0
0514W,Hofstra Soccer Stadium,40.71831,-73.59864,2026-01-07T04:50:00Z,1.79,44.0
0514W,Hofstra Soccer Stadium,40.71831,-73.59864,2026-01-07T05:00:00Z,1.79,32.0
0514W,Hofstra Soccer Stadium,40.71831,-73.59864,2026-01-07T05:10:00Z,0.895,49.0
0514W,Hofstra Soccer Stadium,40.71831,-73.59864,2026-01-07T05:20:00Z,1.79,33.0
0514W,Hofstra Soccer Stadium,40.71831,-73.59864,2026-01-07T05:30:00Z,0.448,43.0
0514W,Hofstra Soccer Stadium,40.71831,-73.59864,2026-01-07T05:40:00Z,0.448,274.0
0514W,Hofstra Soccer Stadium,40.71831,-73.59864,2026-01-07T05:50:00Z,0.0,0.0
0514W,Hofstra Soccer Stadium,40.71831,-73.59864,2026-01-07T06:00:00Z,0.448,328.0
0514W,Hofstra Soccer Stadium,40.71831,-73.59864,2026-01-07T06:10:00Z,0.0,0.0
0514W,Hofstra Soccer Stadium,40.71831,-73.59864,2026-01-07T06:20:00Z,0.895,44.0
0514W,Hofstra Soccer Stadium,40.71831,-73.59864,2026-01-07T06:30:00Z,0.448,44.0
0514W,Hofstra Soccer Stadium,40.71831,-73.59864,2026-01-07T06:40:00Z,0.448,36.0
0514W,Hofstra Soccer Stadium,40.71831,-73.59864,2026-01-07T06:50:00Z,0.448,9.0
0514W,Hofstra Soccer Stadium,40.71831,-73.59864,2026-01-07T07:00:00Z,0.895,17.0
0514W,Hofstra Soccer Stadium,40.71831,-73.59864,2026-01-07T07:10:00Z,0.895,12.0
0514W,Hofstra Soccer Stadium,40.71831,-73.59864,2026-01-07T07:20:00Z,0.448,5.0
0514W,Hofstra Soccer Stadium,40.71831,-73.59864,2026-01-07T07:30:00Z,0.448,36.0
0514W,Hofstra Soccer Stadium,40.71831,-73.59864,2026-01-07T07:40:00Z,0.448,5.0
0514W,Hofstra Soccer Stadium,40.71831,-73.59864,2026-01-07T07:50:00Z,0.895,343.0
0514W,Hofstra Soccer Stadium,40.71831,-73.59864,2026-01-07T08:00:00Z,1.343,13.0
0514W,Hofstra Soccer Stadium,40.71831,-73.59864,2026-01-07T08:10:00Z,0.895,360.0
0514W,Hofstra Soccer Stadium,40.71831,-73.59864,2026-01-07T08:20:00Z,0.448,16.0
0514W,Hofstra Soccer Stadium,40.71831,-73.59864,2026-01-07T08:30:00Z,0.448,15.0
0514W,Hofstra Soccer Stadium,40.71831,-73.59864,2026-01-07T08:40:00Z,0.895,349.0
0514W,Hofstra Soccer Stadium,40.71831,-73.59864,2026-01-07T08:50:00Z,0.895,339.0
0514W,Hofstra Soccer Stadium,40.71831,-73.59864,2026-01-07T09:00:00Z,0.895,320.0
0514W,Hofstra Soccer Stadium,40.71831,-73.59864,2026-01-07T09:10:00Z,0.0,0.0
0514W,Hofstra Soccer Stadium,40.71831,-73.59864,2026-01-07T09:20:00Z,0.895,24.0
0514W,Hofstra Soccer Stadium,40.71831,-73.59864,2026-01-07T09:30:00Z,0.895,39.0
0514W,Hofstra Soccer Stadium,40.71831,-73.59864,2026-01-07T09:40:00Z,0.0,0.0
0514W,Hofstra Soccer Stadium,40.71831,-73.59864,2026-01-07T09:50:00Z,0.448,30.0
0514W,Hofstra Soccer Stadium,40.71831,-73.59864,2026-01-07T10:10:00Z,0.895,52.0
0514W,Hofstra Soccer Stadium,40.71831,-73.59864,2026-01-07T10:20:00Z,0.448,28.0
0514W,Hofstra Soccer Stadium,40.71831,-73.59864,2026-01-07T10:30:00Z,0.448,11.0
0514W,Hofstra Soccer Stadium,40.71831,-73.59864,2026-01-07T10:40:00Z,0.448,5.0
0514W,Hofstra Soccer Stadium,40.71831,-73.59864,2026-01-07T10:50:00Z,0.448,15.0
0514W,Hofstra Soccer Stadium,40.71831,-73.59864,2026-01-07T11:00:00Z,0.895,5.0
0514W,Hofstra Soccer Stadium,40.71831,-73.59864,2026-01-07T11:10:00Z,0.448,51.0
0514W,Hofstra Soccer Stadium,40.71831,-73.59864,2026-01-07T11:20:00Z,0.0,0.0
0514W,Hofstra Soccer Stadium,40.71831,-73.59864,2026-01-07T11:30:00Z,0.0,0.0
0514W,Hofstra Soccer Stadium,40.71831,-73.59864,2026-01-07T11:40:00Z,0.0,0.0
0514W,Hofstra Soccer Stadium,40.71831,-73.59864,2026-01-07T11:50:00Z,0.0,0.0
0514W,Hofstra Soccer Stadium,40.71831,-73.59864,2026-01-07T12:00:00Z,0.0,0.0
0514W,Hofstra Soccer Stadium,40.71831,-73.59864,2026-01-07T12:10:00Z,0.0,0.0
0514W,Hofstra Soccer Stadium,40.71831,-73.59864,2026-01-07T12:20:00Z,0.895,240.0
0514W,Hofstra Soccer Stadium,40.71831,-73.59864,2026-01-07T12:30:00Z,0.895,233.0
0514W,Hofstra Soccer Stadium,40.71831,-73.59864,2026-01-07T12:40:00Z,0.0,0.0
0514W,Hofstra Soccer Stadium,40.71831,-73.59864,2026-01-07T12:50:00Z,0.0,0.0
0514W,Hofstra Soccer Stadium,40.71831,-73.59864,2026-01-07T13:00:00Z,1.343,233.0
0514W,Hofstra Soccer Stadium,40.71831,-73.59864,2026-01-07T13:10:00Z,1.343,214.0
0514W,Hofstra Soccer Stadium,40.71831,-73.59864,2026-01-07T13:20:00Z,2.233,215.0
0514W,Hofstra Soccer Stadium,40.71831,-73.59864,2026-01-07T13:30:00Z,2.233,238.0
0514W,Hofstra Soccer Stadium,40.71831,-73.59864,2026-01-07T13:40:00Z,0.448,246.0
0514W,Hofstra Soccer Stadium,40.71831,-73.59864,2026-01-07T13:50:00Z,1.343,223.0
0514W,Hofstra Soccer Stadium,40.71831,-73.59864,2026-01-07T14:00:00Z,0.895,265.0
0514W,Hofstra Soccer Stadium,40.71831,-73.59864,2026-01-07T14:10:00Z,0.895,212.0
0514W,Hofstra Soccer Stadium,40.71831,-73.59864,2026-01-07T14:20:00Z,1.343,219.0
0514W,Hofstra Soccer Stadium,40.71831,-73.59864,2026-01-07T14:30:00Z,1.343,213.0
0514W,Hofstra Soccer Stadium,40.71831,-73.59864,2026-01-07T14:40:00Z,1.79,231.0
0514W,Hofstra Soccer Stadium,40.71831,-73.59864,2026-01-07T14:50:00Z,1.79,228.0
0514W,Hofstra Soccer Stadium,40.71831,-73.59864,2026-01-07T15:00:00Z,0.895,238.0
0514W,Hofstra Soccer Stadium,40.71831,-73.59864,2026-01-07T15:10:00Z,0.895,261.0
0514W,Hofstra Soccer Stadium,40.71831,-73.59864,2026-01-07T15:20:00Z,0.895,301.0
0514W,Hofstra Soccer Stadium,40.71831,-73.59864,2026-01-07T15:30:00Z,4.471,268.0
0514W,Hofstra Soccer Stadium,40.71831,-73.59864,2026-01-07T15:40:00Z,1.79,284.0
0514W,Hofstra Soccer Stadium,40.71831,-73.59864,2026-01-07T15:50:00Z,7.151,290.0
0514W,Hofstra Soccer Stadium,40.71831,-73.59864,2026-01-07T16:00:00Z,2.233,289.0
0514W,Hofstra Soccer Stadium,40.71831,-73.59864,2026-01-07T16:10:00Z,7.151,238.0
0514W,Hofstra Soccer Stadium,40.71831,-73.59864,2026-01-07T16:20:00Z,3.575,300.0
0514W,Hofstra Soccer Stadium,40.71831,-73.59864,2026-01-07T16:30:00Z,4.918,252.0
0514W,Hofstra Soccer Stadium,40.71831,-73.59864,2026-01-07T16:40:00Z,3.575,315.0
0514W,Hofstra Soccer Stadium,40.71831,-73.59864,2026-01-07T16:50:00Z,3.575,305.0
0514W,Hofstra Soccer Stadium,40.71831,-73.59864,2026-01-07T17:00:00Z,3.575,269.0
0514W,Hofstra Soccer Stadium,40.71831,-73.59864,2026-01-07T17:10:00Z,6.261,300.0
0514W,Hofstra Soccer Stadium,40.71831,-73.59864,2026-01-07T17:20:00Z,4.023,298.0
0514W,Hofstra Soccer Stadium,40.71831,-73.59864,2026-01-07T17:30:00Z,4.471,306.0
0514W,Hofstra Soccer Stadium,40.71831,-73.59864,2026-01-07T17:40:00Z,3.128,299.0
0514W,Hofstra Soccer Stadium,40.71831,-73.59864,2026-01-07T17:50:00Z,4.918,327.0
0514W,Hofstra Soccer Stadium,40.71831,-73.59864,2026-01-07T18:00:00Z,5.366,284.0
0514W,Hofstra Soccer Stadium,40.71831,-73.59864,2026-01-07T18:10:00Z,2.233,296.0
0514W,Hofstra Soccer Stadium,40.71831,-73.59864,2026-01-07T18:20:00Z,7.151,263.0
0514W,Hofstra Soccer Stadium,40.71831,-73.59864,2026-01-07T18:30:00Z,5.366,307.0
0514W,Hofstra Soccer Stadium,40.71831,-73.59864,2026-01-07T18:40:00Z,3.128,309.0
0514W,Hofstra Soccer Stadium,40.71831,-73.59864,2026-01-07T18:50:00Z,3.128,292.0
0514W,Hofstra Soccer Stadium,40.71831,-73.59864,2026-01-07T19:00:00Z,4.918,315.0
0514W,Hofstra Soccer Stadium,40.71831,-73.59864,2026-01-07T19:10:00Z,4.023,297.0
0514W,Hofstra Soccer Stadium,40.71831,-73.59864,2026-01-07T19:20:00Z,4.023,315.0
0514W,Hofstra Soccer Stadium,40.71831,-73.59864,2026-01-07T19:30:00Z,4.918,260.0
0514W,Hofstra Soccer Stadium,40.71831,-73.59864,2026-01-07T19:40:00Z,3.575,309.0
0514W,Hofstra Soccer Stadium,40.71831,-73.59864,2026-01-07T19:50:00Z,3.128,269.0
0514W,Hofstra Soccer Stadium,40.71831,-73.59864,2026-01-07T20:00:00Z,4.023,298.0
0514W,Hofstra Soccer Stadium,40.71831,-73.59864,2026-01-07T20:10:00Z,1.343,293.0
0514W,Hofstra Soccer Stadium,40.71831,-73.59864,2026-01-07T20:20:00Z,1.79,279.0
0514W,Hofstra Soccer Stadium,40.71831,-73.59864,2026-01-07T20:30:00Z,3.575,298.0
0514W,Hofstra Soccer Stadium,40.71831,-73.59864,2026-01-07T20:40:00Z,4.471,326.0
0514W,Hofstra Soccer Stadium,40.71831,-73.59864,2026-01-07T20:50:00Z,6.703,327.0
0514W,Hofstra Soccer Stadium,40.71831,-73.59864,2026-01-07T21:00:00Z,8.046,290.0
0514W,Hofstra Soccer Stadium,40.71831,-73.59864,2026-01-07T21:10:00Z,2.68,318.0
0514W,Hofstra Soccer Stadium,40.71831,-73.59864,2026-01-07T21:20:00Z,5.366,283.0
0514W,Hofstra Soccer Stadium,40.71831,-73.59864,2026-01-07T21:30:00Z,4.023,252.0
0514W,Hofstra Soccer Stadium,40.71831,-73.59864,2026-01-07T21:40:00Z,5.813,284.0
0514W,Hofstra Soccer Stadium,40.71831,-73.59864,2026-01-07T21:50:00Z,1.79,295.0
0514W,Hofstra Soccer Stadium,40.71831,-73.59864,2026-01-07T22:00:00Z,4.023,291.0
0514W,Hofstra Soccer Stadium,40.71831,-73.59864,2026-01-07T22:10:00Z,4.023,290.0
0514W,Hofstra Soccer Stadium,40.71831,-73.59864,2026-01-07T22:20:00Z,2.233,318.0
0514W,Hofstra Soccer Stadium,40.71831,-73.59864,2026-01-07T22:30:00Z,2.68,326.0
0514W,Hofstra Soccer Stadium,40.71831,-73.59864,2026-01-07T22:40:00Z,4.918,322.0
0514W,Hofstra Soccer Stadium,40.71831,-73.59864,2026-01-07T23:00:00Z,6.703,314.0
0514W,Hofstra Soccer Stadium,40.71831,-73.59864,2026-01-07T23:10:00Z,2.233,340.0
0514W,Hofstra Soccer Stadium,40.71831,-73.59864,2026-01-07T23:20:00Z,2.233,302.0
0514W,Hofstra Soccer Stadium,40.71831,-73.59864,2026-01-07T23:30:00Z,4.918,309.0
0514W,Hofstra Soccer Stadium,40.71831,-73.59864,2026-01-07T23:50:00Z,2.233,299.0
0514W,Hofstra Soccer Stadium,40.71831,-73.59864,2026-01-08T00:00:00Z,1.79,315.0
0514W,Hofstra Soccer Stadium,40.71831,-73.59864,2026-01-08T00:10:00Z,3.128,300.0
0514W,Hofstra Soccer Stadium,40.71831,-73.59864,2026-01-08T00:20:00Z,3.575,319.0
0514W,Hofstra Soccer Stadium,40.71831,-73.59864,2026-01-08T00:30:00Z,5.813,288.0
0514W,Hofstra Soccer Stadium,40.71831,-73.59864,2026-01-08T00:40:00Z,2.233,294.0
0514W,Hofstra Soccer Stadium,40.71831,-73.59864,2026-01-08T00:50:00Z,5.366,294.0
0514W,Hofstra Soccer Stadium,40.71831,-73.59864,2026-01-08T01:00:00Z,4.918,302.0
0514W,Hofstra Soccer Stadium,40.71831,-73.59864,2026-01-08T01:10:00Z,3.128,306.0
0514W,Hofstra Soccer Stadium,40.71831,-73.59864,2026-01-08T01:40:00Z,3.575,288.0
0514W,Hofstra Soccer Stadium,40.71831,-73.59864,2026-01-08T01:50:00Z,3.128,288.0
0514W,Hofstra Soccer Stadium,40.71831,-73.59864,2026-01-08T02:00:00Z,1.343,316.0
0514W,Hofstra Soccer Stadium,40.71831,-73.59864,2026-01-08T02:10:00Z,2.68,315.0
0514W,Hofstra Soccer Stadium,40.71831,-73.59864,2026-01-08T02:20:00Z,3.128,299.0
0514W,Hofstra Soccer Stadium,40.71831,-73.59864,2026-01-08T02:30:00Z,5.366,309.0
0514W,Hofstra Soccer Stadium,40.71831,-73.59864,2026-01-08T02:40:00Z,5.813,309.0
0514W,Hofstra Soccer Stadium,40.71831,-73.59864,2026-01-08T02:50:00Z,7.151,296.0
0514W,Hofstra Soccer Stadium,40.71831,-73.59864,2026-01-08T03:00:00Z,6.261,292.0
0514W,Hofstra Soccer Stadium,40.71831,-73.59864,2026-01-08T03:10:00Z,4.918,324.0
0514W,Hofstra Soccer Stadium,40.71831,-73.59864,2026-01-08T03:20:00Z,3.128,298.0
0514W,Hofstra Soccer Stadium,40.71831,-73.59864,2026-01-08T03:30:00Z,1.79,318.0
0514W,Hofstra Soccer Stadium,40.71831,-73.59864,2026-01-08T03:40:00Z,1.79,292.0
0514W,Hofstra Soccer Stadium,40.71831,-73.59864,2026-01-08T03:50:00Z,1.79,273.0
0514W,Hofstra Soccer Stadium,40.71831,-73.59864,2026-01-08T04:00:00Z,1.79,315.0
0514W,Hofstra Soccer Stadium,40.71831,-73.59864,2026-01-08T04:10:00Z,4.471,297.0
0514W,Hofstra Soccer Stadium,40.71831,-73.59864,2026-01-08T04:20:00Z,4.023,310.0
0514W,Hofstra Soccer Stadium,40.71831,-73.59864,2026-01-08T04:30:00Z,1.343,305.0
0514W,Hofstra Soccer Stadium,40.71831,-73.59864,2026-01-08T04:40:00Z,1.343,297.0
0514W,Hofstra Soccer Stadium,40.71831,-73.59864,2026-01-08T04:50:00Z,0.448,290.0
0514W,Hofstra Soccer Stadium,40.71831,-73.59864,2026-01-08T05:00:00Z,2.233,306.0
0514W,Hofstra Soccer Stadium,40.71831,-73.59864,2026-01-08T05:10:00Z,0.895,292.0
0514W,Hofstra Soccer Stadium,40.71831,-73.59864,2026-01-08T05:20:00Z,0.448,307.0
0514W,Hofstra Soccer Stadium,40.71831,-73.59864,2026-01-08T05:30:00Z,0.448,319.0
0514W,Hofstra Soccer Stadium,40.71831,-73.59864,2026-01-08T05:40:00Z,0.448,313.0
0514W,Hofstra Soccer Stadium,40.71831,-73.59864,2026-01-08T05:50:00Z,0.895,307.0
0514W,Hofstra Soccer Stadium,40.71831,-73.59864,2026-01-08T06:00:00Z,0.0,0.0
0514W,Hofstra Soccer Stadium,40.71831,-73.59864,2026-01-08T06:10:00Z,0.895,296.0
0514W,Hofstra Soccer Stadium,40.71831,-73.59864,2026-01-08T06:20:00Z,0.895,292.0
0514W,Hofstra Soccer Stadium,40.71831,-73.59864,2026-01-08T06:30:00Z,1.79,314.0
0514W,Hofstra Soccer Stadium,40.71831,-73.59864,2026-01-08T06:40:00Z,2.233,323.0
0514W,Hofstra Soccer Stadium,40.71831,-73.59864,2026-01-08T06:50:00Z,0.895,260.0
0514W,Hofstra Soccer Stadium,40.71831,-73.59864,2026-01-08T07:00:00Z,0.895,281.0
0514W,Hofstra Soccer Stadium,40.71831,-73.59864,2026-01-08T07:10:00Z,0.895,283.0
0514W,Hofstra Soccer Stadium,40.71831,-73.59864,2026-01-08T07:20:00Z,1.343,294.0
0514W,Hofstra Soccer Stadium,40.71831,-73.59864,2026-01-08T07:30:00Z,1.343,294.0
0514W,Hofstra Soccer Stadium,40.71831,-73.59864,2026-01-08T07:40:00Z,0.448,287.0
0514W,Hofstra Soccer Stadium,40.71831,-73.59864,2026-01-08T07:50:00Z,0.895,279.0
0514W,Hofstra Soccer Stadium,40.71831,-73.59864,2026-01-08T08:10:00Z,1.343,285.0
0514W,Hofstra Soccer Stadium,40.71831,-73.59864,2026-01-08T08:20:00Z,0.895,300.0
0514W,Hofstra Soccer Stadium,40.71831,-73.59864,2026-01-08T08:30:00Z,0.895,305.0
0514W,Hofstra Soccer Stadium,40.71831,-73.59864,2026-01-08T08:40:00Z,1.79,355.0
0514W,Hofstra Soccer Stadium,40.71831,-73.59864,2026-01-08T08:50:00Z,1.343,292.0
0514W,Hofstra Soccer Stadium,40.71831,-73.59864,2026-01-08T09:00:00Z,0.895,306.0
0514W,Hofstra Soccer Stadium,40.71831,-73.59864,2026-01-08T09:10:00Z,1.343,289.0
0514W,Hofstra Soccer Stadium,40.71831,-73.59864,2026-01-08T09:20:00Z,1.343,303.0
0514W,Hofstra Soccer Stadium,40.71831,-73.59864,2026-01-08T09:30:00Z,1.343,313.0
0514W,Hofstra Soccer Stadium,40.71831,-73.59864,2026-01-08T09:40:00Z,0.895,290.0
0514W,Hofstra Soccer Stadium,40.71831,-73.59864,2026-01-08T09:50:00Z,0.0,0.0
0514W,Hofstra Soccer Stadium,40.71831,-73.59864,2026-01-08T10:10:00Z,0.0,0.0
0514W,Hofstra Soccer Stadium,40.71831,-73.59864,2026-01-08T10:20:00Z,0.895,307.0
0514W,Hofstra Soccer Stadium,40.71831,-73.59864,2026-01-08T10:30:00Z,1.79,308.0
0514W,Hofstra Soccer Stadium,40.71831,-73.59864,2026-01-08T10:40:00Z,1.79,295.0
0514W,Hofstra Soccer Stadium,40.71831,-73.59864,2026-01-08T10:50:00Z,1.79,294.0
0514W,Hofstra Soccer Stadium,40.71831,-73.59864,2026-01-08T11:00:00Z,1.343,299.0
0514W,Hofstra Soccer Stadium,40.71831,-73.59864,2026-01-08T11:10:00Z,1.79,289.0
0514W,Hofstra Soccer Stadium,40.71831,-73.59864,2026-01-08T11:20:00Z,1.343,294.0
0514W,Hofstra Soccer Stadium,40.71831,-73.59864,2026-01-08T11:30:00Z,2.233,298.0
0514W,Hofstra Soccer Stadium,40.71831,-73.59864,2026-01-08T11:40:00Z,0.895,303.0
0514W,Hofstra Soccer Stadium,40.71831,-73.59864,2026-01-08T11:50:00Z,1.343,301.0
0514W,Hofstra Soccer Stadium,40.71831,-73.59864,2026-01-08T12:00:00Z,0.0,0.0
0514W,Hofstra Soccer Stadium,40.71831,-73.59864,2026-01-08T12:10:00Z,0.448,294.0
0514W,Hofstra Soccer Stadium,40.71831,-73.59864,2026-01-08T12:20:00Z,0.448,296.0
0514W,Hofstra Soccer Stadium,40.71831,-73.59864,2026-01-08T12:30:00Z,1.343,295.0
0514W,Hofstra Soccer Stadium,40.71831,-73.59864,2026-01-08T12:40:00Z,2.233,293.0
0514W,Hofstra Soccer Stadium,40.71831,-73.59864,2026-01-08T12:50:00Z,0.0,0.0
0514W,Hofstra Soccer Stadium,40.71831,-73.59864,2026-01-08T13:00:00Z,0.0,0.0
0514W,Hofstra Soccer Stadium,40.71831,-73.59864,2026-01-08T13:10:00Z,0.0,0.0
0514W,Hofstra Soccer Stadium,40.71831,-73.59864,2026-01-08T13:20:00Z,0.0,0.0
0514W,Hofstra Soccer Stadium,40.71831,-73.59864,2026-01-08T13:30:00Z,0.0,0.0
0514W,Hofstra Soccer Stadium,40.71831,-73.59864,2026-01-08T13:40:00Z,0.0,0.0
0514W,Hofstra Soccer Stadium,40.71831,-73.59864,2026-01-08T13:50:00Z,0.895,119.0
0514W,Hofstra Soccer Stadium,40.71831,-73.59864,2026-01-08T14:00:00Z,0.448,284.0
0514W,Hofstra Soccer Stadium,40.71831,-73.59864,2026-01-08T14:10:00Z,0.448,287.0
0514W,Hofstra Soccer Stadium,40.71831,-73.59864,2026-01-08T14:20:00Z,0.0,0.0
0514W,Hofstra Soccer Stadium,40.71831,-73.59864,2026-01-08T14:30:00Z,1.343,305.0
0514W,Hofstra Soccer Stadium,40.71831,-73.59864,2026-01-08T14:40:00Z,0.895,286.0
0514W,Hofstra Soccer Stadium,40.71831,-73.59864,2026-01-08T14:50:00Z,1.343,281.0
0514W,Hofstra Soccer Stadium,40.71831,-73.59864,2026-01-08T15:00:00Z,1.343,323.0
0514W,Hofstra Soccer Stadium,40.71831,-73.59864,2026-01-08T15:10:00Z,1.343,21.0
0514W,Hofstra Soccer Stadium,40.71831,-73.59864,2026-01-08T15:20:00Z,1.343,289.0
0514W,Hofstra Soccer Stadium,40.71831,-73.59864,2026-01-08T15:30:00Z,4.471,287.0
0514W,Hofstra Soccer Stadium,40.71831,-73.59864,2026-01-08T15:40:00Z,1.343,294.0
0514W,Hofstra Soccer Stadium,40.71831,-73.59864,2026-01-08T15:50:00Z,1.343,67.0
0514W,Hofstra Soccer Stadium,40.71831,-73.59864,2026-01-08T16:00:00Z,1.343,26.0
0514W,Hofstra Soccer Stadium,40.71831,-73.59864,2026-01-08T16:10:00Z,1.343,289.0
0514W,Hofstra Soccer Stadium,40.71831,-73.59864,2026-01-08T16:20:00Z,1.79,299.0
0514W,Hofstra Soccer Stadium,40.71831,-73.59864,2026-01-08T16:30:00Z,1.343,298.0
0514W,Hofstra Soccer Stadium,40.71831,-73.59864,2026-01-08T16:40:00Z,0.895,336.0
0514W,Hofstra Soccer Stadium,40.71831,-73.59864,2026-01-08T16:50:00Z,0.448,352.0
0514W,Hofstra Soccer Stadium,40.71831,-73.59864,2026-01-08T17:00:00Z,1.343,273.0
0514W,Hofstra Soccer Stadium,40.71831,-73.59864,2026-01-08T17:10:00Z,1.79,293.0
0514W,Hofstra Soccer Stadium,40.71831,-73.59864,2026-01-08T17:20:00Z,1.343,293.0
0514W,Hofstra Soccer Stadium,40.71831,-73.59864,2026-01-08T17:30:00Z,2.68,319.0
0514W,Hofstra Soccer Stadium,40.71831,-73.59864,2026-01-08T17:40:00Z,1.79,313.0
0514W,Hofstra Soccer Stadium,40.71831,-73.59864,2026-01-08T17:50:00Z,4.023,264.0
0514W,Hofstra Soccer Stadium,40.71831,-73.59864,2026-01-08T18:00:00Z,2.68,259.0
0514W,Hofstra Soccer Stadium,40.71831,-73.59864,2026-01-08T18:10:00Z,2.68,284.0
0514W,Hofstra Soccer Stadium,40.71831,-73.59864,2026-01-08T18:20:00Z,4.023,294.0
0514W,Hofstra Soccer Stadium,40.71831,-73.59864,2026-01-08T18:30:00Z,2.233,311.0
0514W,Hofstra Soccer Stadium,40.71831,-73.59864,2026-01-08T18:40:00Z,1.343,257.0
0514W,Hofstra Soccer Stadium,40.71831,-73.59864,2026-01-08T18:50:00Z,3.575,295.0
0514W,Hofstra Soccer Stadium,40.71831,-73.59864,2026-01-08T19:00:00Z,1.343,293.0
0514W,Hofstra Soccer Stadium,40.71831,-73.59864,2026-01-08T19:10:00Z,1.79,271.0
0514W,Hofstra Soccer Stadium,40.71831,-73.59864,2026-01-08T19:20:00Z,2.68,275.0
0514W,Hofstra Soccer Stadium,40.71831,-73.59864,2026-01-08T19:30:00Z,0.448,298.0
0514W,Hofstra Soccer Stadium,40.71831,-73.59864,2026-01-08T19:40:00Z,0.895,292.0
0514W,Hofstra Soccer Stadium,40.71831,-73.59864,2026-01-08T19:50:00Z,2.233,305.0
0514W,Hofstra Soccer Stadium,40.71831,-73.59864,2026-01-08T20:00:00Z,0.895,308.0
0514W,Hofstra Soccer Stadium,40.71831,-73.59864,2026-01-08T20:10:00Z,3.128,290.0
0514W,Hofstra Soccer Stadium,40.71831,-73.59864,2026-01-08T20:20:00Z,0.0,0.0
0514W,Hofstra Soccer Stadium,40.71831,-73.59864,2026-01-08T20:30:00Z,0.448,327.0
0514W,Hofstra Soccer Stadium,40.71831,-73.59864,2026-01-08T20:40:00Z,1.79,300.0
0514W,Hofstra Soccer Stadium,40.71831,-73.59864,2026-01-08T20:50:00Z,0.895,5.0
0514W,Hofstra Soccer Stadium,40.71831,-73.59864,2026-01-08T21:00:00Z,2.233,292.0
0514W,Hofstra Soccer Stadium,40.71831,-73.59864,2026-01-08T21:10:00Z,0.448,301.0
0514W,Hofstra Soccer Stadium,40.71831,-73.59864,2026-01-08T21:20:00Z,0.0,0.0
0514W,Hofstra Soccer Stadium,40.71831,-73.59864,2026-01-08T21:30:00Z,0.0,0.0
0514W,Hofstra Soccer Stadium,40.71831,-73.59864,2026-01-08T21:40:00Z,0.0,0.0
0514W,Hofstra Soccer Stadium,40.71831,-73.59864,2026-01-08T21:50:00Z,0.895,316.0
0514W,Hofstra Soccer Stadium,40.71831,-73.59864,2026-01-08T22:00:00Z,0.0,0.0
0514W,Hofstra Soccer Stadium,40.71831,-73.59864,2026-01-08T22:10:00Z,0.0,0.0
0514W,Hofstra Soccer Stadium,40.71831,-73.59864,2026-01-08T22:20:00Z,0.0,0.0
0514W,Hofstra Soccer Stadium,40.71831,-73.59864,2026-01-08T22:30:00Z,0.0,0.0
0514W,Hofstra Soccer Stadium,40.71831,-73.59864,2026-01-08T22:40:00Z,0.0,0.0
0514W,Hofstra Soccer Stadium,40.71831,-73.59864,2026-01-08T22:50:00Z,0.0,0.0
0514W,Hofstra Soccer Stadium,40.71831,-73.59864,2026-01-08T23:00:00Z,0.0,0.0
0514W,Hofstra Soccer Stadium,40.71831,-73.59864,2026-01-08T23:10:00Z,0.0,0.0
0514W,Hofstra Soccer Stadium,40.71831,-73.59864,2026-01-08T23:20:00Z,0.0,0.0
0514W,Hofstra Soccer Stadium,40.71831,-73.59864,2026-01-08T23:30:00Z,0.0,0.0
0514W,Hofstra Soccer Stadium,40.71831,-73.59864,2026-01-08T23:40:00Z,0.0,0.0
0514W,Hofstra Soccer Stadium,40.71831,-73.59864,2026-01-08T23:50:00Z,0.0,0.0
0514W,Hofstra Soccer Stadium,40.71831,-73.59864,2026-01-09T00:00:00Z,0.0,0.0
0514W,Hofstra Soccer Stadium,40.71831,-73.59864,2026-01-09T00:10:00Z,0.0,0.0
0514W,Hofstra Soccer Stadium,40.71831,-73.59864,2026-01-09T00:20:00Z,0.0,0.0
0514W,Hofstra Soccer Stadium,40.71831,-73.59864,2026-01-09T00:30:00Z,0.0,0.0
0514W,Hofstra Soccer Stadium,40.71831,-73.59864,2026-01-09T00:40:00Z,0.0,0.0
0514W,Hofstra Soccer Stadium,40.71831,-73.59864,2026-01-09T00:50:00Z,0.448,360.0
0514W,Hofstra Soccer Stadium,40.71831,-73.59864,2026-01-09T01:00:00Z,0.448,273.0
0514W,Hofstra Soccer Stadium,40.71831,-73.59864,2026-01-09T01:10:00Z,0.0,0.0
0514W,Hofstra Soccer Stadium,40.71831,-73.59864,2026-01-09T01:20:00Z,0.0,0.0
0514W,Hofstra Soccer Stadium,40.71831,-73.59864,2026-01-09T01:30:00Z,0.0,0.0
0514W,Hofstra Soccer Stadium,40.71831,-73.59864,2026-01-09T01:40:00Z,0.0,0.0
0514W,Hofstra Soccer Stadium,40.71831,-73.59864,2026-01-09T01:50:00Z,0.0,0.0
0514W,Hofstra Soccer Stadium,40.71831,-73.59864,2026-01-09T02:00:00Z,0.0,0.0
0514W,Hofstra Soccer Stadium,40.71831,-73.59864,2026-01-09T02:10:00Z,0.0,0.0
0514W,Hofstra Soccer Stadium,40.71831,-73.59864,2026-01-09T02:20:00Z,0.0,0.0
0514W,Hofstra Soccer Stadium,40.71831,-73.59864,2026-01-09T02:30:00Z,0.0,0.0
0514W,Hofstra Soccer Stadium,40.71831,-73.59864,2026-01-09T02:40:00Z,0.0,0.0
0514W,Hofstra Soccer Stadium,40.71831,-73.59864,2026-01-09T02:50:00Z,0.0,0.0
0514W,Hofstra Soccer Stadium,40.71831,-73.59864,2026-01-09T03:00:00Z,0.0,0.0
0514W,Hofstra Soccer Stadium,40.71831,-73.59864,2026-01-09T03:10:00Z,0.0,0.0
0514W,Hofstra Soccer Stadium,40.71831,-73.59864,2026-01-09T03:20:00Z,0.0,0.0
0514W,Hofstra Soccer Stadium,40.71831,-73.59864,2026-01-09T03:30:00Z,0.0,0.0
0514W,Hofstra Soccer Stadium,40.71831,-73.59864,2026-01-09T03:40:00Z,0.0,0.0
0514W,Hofstra Soccer Stadium,40.71831,-73.59864,2026-01-09T03:50:00Z,0.0,0.0
0514W,Hofstra Soccer Stadium,40.71831,-73.59864,2026-01-09T04:00:00Z,0.0,0.0
0514W,Hofstra Soccer Stadium,40.71831,-73.59864,2026-01-09T04:10:00Z,0.0,0.0
0514W,Hofstra Soccer Stadium,40.71831,-73.59864,2026-01-09T04:20:00Z,0.0,0.0
0514W,Hofstra Soccer Stadium,40.71831,-73.59864,2026-01-09T04:30:00Z,0.0,0.0
0514W,Hofstra Soccer Stadium,40.71831,-73.59864,2026-01-09T04:40:00Z,0.448,79.0
0514W,Hofstra Soccer Stadium,40.71831,-73.59864,2026-01-09T04:50:00Z,0.0,0.0
0514W,Hofstra Soccer Stadium,40.71831,-73.59864,2026-01-09T05:00:00Z,0.0,0.0
0514W,Hofstra Soccer Stadium,40.71831,-73.59864,2026-01-09T05:10:00Z,0.0,0.0
0514W,Hofstra Soccer Stadium,40.71831,-73.59864,2026-01-09T05:20:00Z,0.0,0.0
0514W,Hofstra Soccer Stadium,40.71831,-73.59864,2026-01-09T05:30:00Z,0.0,0.0
0514W,Hofstra Soccer Stadium,40.71831,-73.59864,2026-01-09T05:40:00Z,0.0,0.0
0514W,Hofstra Soccer Stadium,40.71831,-73.59864,2026-01-09T05:50:00Z,0.0,0.0
0514W,Hofstra Soccer Stadium,40.71831,-73.59864,2026-01-09T06:00:00Z,0.0,0.0
0514W,Hofstra Soccer Stadium,40.71831,-73.59864,2026-01-09T06:10:00Z,0.448,108.0
0514W,Hofstra Soccer Stadium,40.71831,-73.59864,2026-01-09T06:20:00Z,0.0,0.0
0514W,Hofstra Soccer Stadium,40.71831,-73.59864,2026-01-09T06:40:00Z,0.0,0.0
0514W,Hofstra Soccer Stadium,40.71831,-73.59864,2026-01-09T06:50:00Z,0.0,0.0
0514W,Hofstra Soccer Stadium,40.71831,-73.59864,2026-01-09T07:00:00Z,0.0,0.0
0514W,Hofstra Soccer Stadium,40.71831,-73.59864,2026-01-09T07:10:00Z,0.895,88.0
0514W,Hofstra Soccer Stadium,40.71831,-73.59864,2026-01-09T07:20:00Z,0.0,0.0
0514W,Hofstra Soccer Stadium,40.71831,-73.59864,2026-01-09T07:30:00Z,0.0,0.0
0514W,Hofstra Soccer Stadium,40.71831,-73.59864,2026-01-09T07:40:00Z,0.895,72.0
0514W,Hofstra Soccer Stadium,40.71831,-73.59864,2026-01-09T07:50:00Z,0.0,0.0
0514W,Hofstra Soccer Stadium,40.71831,-73.59864,2026-01-09T08:00:00Z,0.0,0.0
0514W,Hofstra Soccer Stadium,40.71831,-73.59864,2026-01-09T08:10:00Z,0.448,102.0
0514W,Hofstra Soccer Stadium,40.71831,-73.59864,2026-01-09T08:20:00Z,0.0,0.0
0514W,Hofstra Soccer Stadium,40.71831,-73.59864,2026-01-09T08:30:00Z,0.0,0.0
0514W,Hofstra Soccer Stadium,40.71831,-73.59864,2026-01-09T08:40:00Z,0.0,0.0
0514W,Hofstra Soccer Stadium,40.71831,-73.59864,2026-01-09T08:50:00Z,0.0,0.0
0514W,Hofstra Soccer Stadium,40.71831,-73.59864,2026-01-09T09:00:00Z,0.0,0.0
0514W,Hofstra Soccer Stadium,40.71831,-73.59864,2026-01-09T09:10:00Z,0.0,0.0
0514W,Hofstra Soccer Stadium,40.71831,-73.59864,2026-01-09T09:20:00Z,0.448,105.0
0514W,Hofstra Soccer Stadium,40.71831,-73.59864,2026-01-09T09:30:00Z,0.0,0.0
0514W,Hofstra Soccer Stadium,40.71831,-73.59864,2026-01-09T09:40:00Z,0.0,0.0
0514W,Hofstra Soccer Stadium,40.71831,-73.59864,2026-01-09T09:50:00Z,0.0,0.0
0514W,Hofstra Soccer Stadium,40.71831,-73.59864,2026-01-09T10:10:00Z,0.0,0.0
0514W,Hofstra Soccer Stadium,40.71831,-73.59864,2026-01-09T10:20:00Z,0.0,0.0
0514W,Hofstra Soccer Stadium,40.71831,-73.59864,2026-01-09T10:30:00Z,0.0,0.0
0514W,Hofstra Soccer Stadium,40.71831,-73.59864,2026-01-09T10:40:00Z,0.0,0.0
0514W,Hofstra Soccer Stadium,40.71831,-73.59864,2026-01-09T10:50:00Z,0.0,0.0
0514W,Hofstra Soccer Stadium,40.71831,-73.59864,2026-01-09T11:00:00Z,0.0,0.0
0514W,Hofstra Soccer Stadium,40.71831,-73.59864,2026-01-09T11:10:00Z,0.895,103.0
0514W,Hofstra Soccer Stadium,40.71831,-73.59864,2026-01-09T11:20:00Z,0.448,121.0
0514W,Hofstra Soccer Stadium,40.71831,-73.59864,2026-01-09T11:30:00Z,0.0,0.0
0514W,Hofstra Soccer Stadium,40.71831,-73.59864,2026-01-09T11:40:00Z,0.0,0.0
0514W,Hofstra Soccer Stadium,40.71831,-73.59864,2026-01-09T11:50:00Z,0.0,0.0
0514W,Hofstra Soccer Stadium,40.71831,-73.59864,2026-01-09T12:00:00Z,0.895,112.0
0514W,Hofstra Soccer Stadium,40.71831,-73.59864,2026-01-09T12:10:00Z,0.0,0.0
0514W,Hofstra Soccer Stadium,40.71831,-73.59864,2026-01-09T12:20:00Z,0.0,0.0
0514W,Hofstra Soccer Stadium,40.71831,-73.59864,2026-01-09T12:30:00Z,0.0,0.0
0514W,Hofstra Soccer Stadium,40.71831,-73.59864,2026-01-09T12:40:00Z,0.0,0.0
0514W,Hofstra Soccer Stadium,40.71831,-73.59864,2026-01-09T12:50:00Z,0.0,0.0
0514W,Hofstra Soccer Stadium,40.71831,-73.59864,2026-01-09T13:00:00Z,0.0,0.0
0514W,Hofstra Soccer Stadium,40.71831,-73.59864,2026-01-09T13:10:00Z,0.895,109.0
0514W,Hofstra Soccer Stadium,40.71831,-73.59864,2026-01-09T13:20:00Z,0.0,0.0
0514W,Hofstra Soccer Stadium,40.71831,-73.59864,2026-01-09T13:30:00Z,0.895,109.0
0514W,Hofstra Soccer Stadium,40.71831,-73.59864,2026-01-09T13:40:00Z,1.343,134.0
0514W,Hofstra Soccer Stadium,40.71831,-73.59864,2026-01-09T13:50:00Z,1.343,146.0
0514W,Hofstra Soccer Stadium,40.71831,-73.59864,2026-01-09T14:00:00Z,0.895,196.0
0514W,Hofstra Soccer Stadium,40.71831,-73.59864,2026-01-09T14:10:00Z,2.68,164.0
0514W,Hofstra Soccer Stadium,40.71831,-73.59864,2026-01-09T14:20:00Z,2.68,184.0
0514W,Hofstra Soccer Stadium,40.71831,-73.59864,2026-01-09T14:30:00Z,2.68,158.0
0514W,Hofstra Soccer Stadium,40.71831,-73.59864,2026-01-09T14:40:00Z,4.023,143.0
0514W,Hofstra Soccer Stadium,40.71831,-73.59864,2026-01-09T14:50:00Z,1.343,173.0
0514W,Hofstra Soccer Stadium,40.71831,-73.59864,2026-01-09T15:00:00Z,5.813,146.0
0514W,Hofstra Soccer Stadium,40.71831,-73.59864,2026-01-09T15:10:00Z,5.366,175.0
0514W,Hofstra Soccer Stadium,40.71831,-73.59864,2026-01-09T15:20:00Z,5.813,146.0
0514W,Hofstra Soccer Stadium,40.71831,-73.59864,2026-01-09T15:30:00Z,6.703,134.0
0514W,Hofstra Soccer Stadium,40.71831,-73.59864,2026-01-09T15:40:00Z,4.471,164.0
0514W,Hofstra Soccer Stadium,40.71831,-73.59864,2026-01-09T15:50:00Z,6.261,138.0
0514W,Hofstra Soccer Stadium,40.71831,-73.59864,2026-01-09T16:00:00Z,3.128,197.0
0514W,Hofstra Soccer Stadium,40.71831,-73.59864,2026-01-09T16:10:00Z,3.128,168.0
0514W,Hofstra Soccer Stadium,40.71831,-73.59864,2026-01-09T16:30:00Z,6.703,166.0
0514W,Hofstra Soccer Stadium,40.71831,-73.59864,2026-01-09T16:40:00Z,5.366,126.0
0514W,Hofstra Soccer Stadium,40.71831,-73.59864,2026-01-09T16:50:00Z,6.703,168.0
0514W,Hofstra Soccer Stadium,40.71831,-73.59864,2026-01-09T17:00:00Z,3.128,163.0
0514W,Hofstra Soccer Stadium,40.71831,-73.59864,2026-01-09T17:10:00Z,5.813,158.0
0514W,Hofstra Soccer Stadium,40.71831,-73.59864,2026-01-09T17:20:00Z,3.128,155.0
0514W,Hofstra Soccer Stadium,40.71831,-73.59864,2026-01-09T17:30:00Z,7.151,171.0
0514W,Hofstra Soccer Stadium,40.71831,-73.59864,2026-01-09T17:40:00Z,4.918,180.0
0514W,Hofstra Soccer Stadium,40.71831,-73.59864,2026-01-09T17:50:00Z,7.151,175.0
0514W,Hofstra Soccer Stadium,40.71831,-73.59864,2026-01-09T18:00:00Z,4.471,144.0
0514W,Hofstra Soccer Stadium,40.71831,-73.59864,2026-01-09T18:10:00Z,3.575,136.0
0514W,Hofstra Soccer Stadium,40.71831,-73.59864,2026-01-09T18:20:00Z,5.813,144.0
0514W,Hofstra Soccer Stadium,40.71831,-73.59864,2026-01-09T18:30:00Z,2.233,151.0
0514W,Hofstra Soccer Stadium,40.71831,-73.59864,2026-01-09T18:40:00Z,4.918,136.0
0514W,Hofstra Soccer Stadium,40.71831,-73.59864,2026-01-09T18:50:00Z,4.023,142.0
0514W,Hofstra Soccer Stadium,40.71831,-73.59864,2026-01-09T19:00:00Z,1.79,139.0
0514W,Hofstra Soccer Stadium,40.71831,-73.59864,2026-01-09T19:10:00Z,3.575,167.0
0514W,Hofstra Soccer Stadium,40.71831,-73.59864,2026-01-09T19:20:00Z,3.128,128.0
0514W,Hofstra Soccer Stadium,40.71831,-73.59864,2026-01-09T19:30:00Z,3.575,171.0
0514W,Hofstra Soccer Stadium,40.71831,-73.59864,2026-01-09T19:40:00Z,2.68,155.0
0514W,Hofstra Soccer Stadium,40.71831,-73.59864,2026-01-09T19:50:00Z,3.575,156.0
0514W,Hofstra Soccer Stadium,40.71831,-73.59864,2026-01-09T20:00:00Z,3.128,155.0
0514W,Hofstra Soccer Stadium,40.71831,-73.59864,2026-01-09T20:10:00Z,4.023,218.0
0514W,Hofstra Soccer Stadium,40.71831,-73.59864,2026-01-09T20:20:00Z,2.233,149.0
0514W,Hofstra Soccer Stadium,40.71831,-73.59864,2026-01-09T20:30:00Z,2.68,144.0
0514W,Hofstra Soccer Stadium,40.71831,-73.59864,2026-01-09T20:40:00Z,1.343,145.0
0514W,Hofstra Soccer Stadium,40.71831,-73.59864,2026-01-09T20:50:00Z,2.233,150.0
0514W,Hofstra Soccer Stadium,40.71831,-73.59864,2026-01-09T21:00:00Z,3.575,173.0
0514W,Hofstra Soccer Stadium,40.71831,-73.59864,2026-01-09T21:10:00Z,4.023,178.0
0514W,Hofstra Soccer Stadium,40.71831,-73.59864,2026-01-09T21:20:00Z,2.233,171.0
0514W,Hofstra Soccer Stadium,40.71831,-73.59864,2026-01-09T21:30:00Z,2.68,168.0
0514W,Hofstra Soccer Stadium,40.71831,-73.59864,2026-01-09T21:40:00Z,1.343,130.0
0514W,Hofstra Soccer Stadium,40.71831,-73.59864,2026-01-09T21:50:00Z,3.575,162.0
0514W,Hofstra Soccer Stadium,40.71831,-73.59864,2026-01-09T22:00:00Z,1.343,174.0
0514W,Hofstra Soccer Stadium,40.71831,-73.59864,2026-01-09T22:10:00Z,4.023,192.0
0514W,Hofstra Soccer Stadium,40.71831,-73.59864,2026-01-09T22:20:00Z,4.023,142.0
0514W,Hofstra Soccer Stadium,40.71831,-73.59864,2026-01-09T22:30:00Z,2.233,183.0
0514W,Hofstra Soccer Stadium,40.71831,-73.59864,2026-01-09T22:40:00Z,2.68,161.0
0514W,Hofstra Soccer Stadium,40.71831,-73.59864,2026-01-09T22:50:00Z,2.68,165.0
0514W,Hofstra Soccer Stadium,40.71831,-73.59864,2026-01-09T23:00:00Z,3.575,167.0
0514W,Hofstra Soccer Stadium,40.71831,-73.59864,2026-01-09T23:10:00Z,2.233,196.0
0514W,Hofstra Soccer Stadium,40.71831,-73.59864,2026-01-09T23:20:00Z,3.128,181.0
0514W,Hofstra Soccer Stadium,40.71831,-73.59864,2026-01-09T23:30:00Z,1.343,209.0
0514W,Hofstra Soccer Stadium,40.71831,-73.59864,2026-01-09T23:40:00Z,1.79,155.0
0514W,Hofstra Soccer Stadium,40.71831,-73.59864,2026-01-09T23:50:00Z,3.575,182.0
0514W,Hofstra Soccer Stadium,40.71831,-73.59864,2026-01-10T00:00:00Z,1.79,170.0
0514W,Hofstra Soccer Stadium,40.71831,-73.59864,2026-01-10T00:10:00Z,1.79,194.0
0514W,Hofstra Soccer Stadium,40.71831,-73.59864,2026-01-10T00:20:00Z,5.813,163.0
0514W,Hofstra Soccer Stadium,40.71831,-73.59864,2026-01-10T00:30:00Z,4.471,166.0
0514W,Hofstra Soccer Stadium,40.71831,-73.59864,2026-01-10T00:40:00Z,3.575,197.0
0514W,Hofstra Soccer Stadium,40.71831,-73.59864,2026-01-10T00:50:00Z,4.023,188.0
0514W,Hofstra Soccer Stadium,40.71831,-73.59864,2026-01-10T01:00:00Z,1.79,220.0
0514W,Hofstra Soccer Stadium,40.71831,-73.59864,2026-01-10T01:10:00Z,3.128,221.0
0514W,Hofstra Soccer Stadium,40.71831,-73.59864,2026-01-10T01:20:00Z,3.128,175.0
0514W,Hofstra Soccer Stadium,40.71831,-73.59864,2026-01-10T01:30:00Z,2.233,194.0
0514W,Hofstra Soccer Stadium,40.71831,-73.59864,2026-01-10T01:40:00Z,1.343,223.0
0514W,Hofstra Soccer Stadium,40.71831,-73.59864,2026-01-10T01:50:00Z,0.895,205.0
0514W,Hofstra Soccer Stadium,40.71831,-73.59864,2026-01-10T02:00:00Z,0.895,210.0
0514W,Hofstra Soccer Stadium,40.71831,-73.59864,2026-01-10T02:10:00Z,1.79,241.0
0514W,Hofstra Soccer Stadium,40.71831,-73.59864,2026-01-10T02:20:00Z,2.233,233.0
0514W,Hofstra Soccer Stadium,40.71831,-73.59864,2026-01-10T02:30:00Z,1.343,211.0
0514W,Hofstra Soccer Stadium,40.71831,-73.59864,2026-01-10T02:40:00Z,0.448,252.0
0514W,Hofstra Soccer Stadium,40.71831,-73.59864,2026-01-10T02:50:00Z,1.343,242.0
0514W,Hofstra Soccer Stadium,40.71831,-73.59864,2026-01-10T03:00:00Z,0.0,0.0
0514W,Hofstra Soccer Stadium,40.71831,-73.59864,2026-01-10T03:10:00Z,0.0,0.0
0514W,Hofstra Soccer Stadium,40.71831,-73.59864,2026-01-10T03:20:00Z,0.0,0.0
0514W,Hofstra Soccer Stadium,40.71831,-73.59864,2026-01-10T03:30:00Z,0.895,277.0
0514W,Hofstra Soccer Stadium,40.71831,-73.59864,2026-01-10T03:40:00Z,0.895,277.0
0514W,Hofstra Soccer Stadium,40.71831,-73.59864,2026-01-10T03:50:00Z,0.895,279.0
0514W,Hofstra Soccer Stadium,40.71831,-73.59864,2026-01-10T04:00:00Z,0.448,286.0
0514W,Hofstra Soccer Stadium,40.71831,-73.59864,2026-01-10T04:10:00Z,3.575,333.0
0514W,Hofstra Soccer Stadium,40.71831,-73.59864,2026-01-10T04:20:00Z,3.575,238.0
0514W,Hofstra Soccer Stadium,40.71831,-73.59864,2026-01-10T04:30:00Z,4.023,269.0
0514W,Hofstra Soccer Stadium,40.71831,-73.59864,2026-01-10T04:40:00Z,4.471,326.0
0514W,Hofstra Soccer Stadium,40.71831,-73.59864,2026-01-10T04:50:00Z,4.471,263.0
0514W,Hofstra Soccer Stadium,40.71831,-73.59864,2026-01-10T05:00:00Z,2.68,273.0
0514W,Hofstra Soccer Stadium,40.71831,-73.59864,2026-01-10T05:10:00Z,1.79,286.0
0514W,Hofstra Soccer Stadium,40.71831,-73.59864,2026-01-10T05:20:00Z,1.79,259.0
0514W,Hofstra Soccer Stadium,40.71831,-73.59864,2026-01-10T05:30:00Z,3.575,263.0
0514W,Hofstra Soccer Stadium,40.71831,-73.59864,2026-01-10T05:40:00Z,1.79,270.0
0514W,Hofstra Soccer Stadium,40.71831,-73.59864,2026-01-10T05:50:00Z,2.68,276.0
0514W,Hofstra Soccer Stadium,40.71831,-73.59864,2026-01-10T06:00:00Z,0.895,279.0
0514W,Hofstra Soccer Stadium,40.71831,-73.59864,2026-01-10T06:10:00Z,0.895,293.0
0514W,Hofstra Soccer Stadium,40.71831,-73.59864,2026-01-10T06:20:00Z,2.68,268.0
0514W,Hofstra Soccer Stadium,40.71831,-73.59864,2026-01-10T06:30:00Z,2.68,273.0
0514W,Hofstra Soccer Stadium,40.71831,-73.59864,2026-01-10T06:40:00Z,4.023,269.0
0514W,Hofstra Soccer Stadium,40.71831,-73.59864,2026-01-10T06:50:00Z,0.448,304.0
0514W,Hofstra Soccer Stadium,40.71831,-73.59864,2026-01-10T07:00:00Z,0.895,261.0
0514W,Hofstra Soccer Stadium,40.71831,-73.59864,2026-01-10T07:10:00Z,3.128,250.0
0514W,Hofstra Soccer Stadium,40.71831,-73.59864,2026-01-10T07:20:00Z,1.343,302.0
0514W,Hofstra Soccer Stadium,40.71831,-73.59864,2026-01-10T07:30:00Z,0.895,316.0
0514W,Hofstra Soccer Stadium,40.71831,-73.59864,2026-01-10T07:40:00Z,1.343,326.0
0514W,Hofstra Soccer Stadium,40.71831,-73.59864,2026-01-10T07:50:00Z,2.233,300.0
0514W,Hofstra Soccer Stadium,40.71831,-73.59864,2026-01-10T08:00:00Z,3.128,297.0
0514W,Hofstra Soccer Stadium,40.71831,-73.59864,2026-01-10T08:20:00Z,3.575,290.0
0514W,Hofstra Soccer Stadium,40.71831,-73.59864,2026-01-10T08:30:00Z,0.448,316.0
0514W,Hofstra Soccer Stadium,40.71831,-73.59864,2026-01-10T08:40:00Z,1.343,302.0
0514W,Hofstra Soccer Stadium,40.71831,-73.59864,2026-01-10T08:50:00Z,1.79,299.0
0514W,Hofstra Soccer Stadium,40.71831,-73.59864,2026-01-10T09:00:00Z,1.343,306.0
0514W,Hofstra Soccer Stadium,40.71831,-73.59864,2026-01-10T09:10:00Z,0.895,304.0
0514W,Hofstra Soccer Stadium,40.71831,-73.59864,2026-01-10T09:20:00Z,0.895,316.0
0514W,Hofstra Soccer Stadium,40.71831,-73.59864,2026-01-10T09:30:00Z,0.448,292.0
0514W,Hofstra Soccer Stadium,40.71831,-73.59864,2026-01-10T09:40:00Z,1.343,305.0
0514W,Hofstra Soccer Stadium,40.71831,-73.59864,2026-01-10T09:50:00Z,0.895,299.0
0514W,Hofstra Soccer Stadium,40.71831,-73.59864,2026-01-10T10:10:00Z,0.448,304.0
0514W,Hofstra Soccer Stadium,40.71831,-73.59864,2026-01-10T10:20:00Z,1.343,312.0
0514W,Hofstra Soccer Stadium,40.71831,-73.59864,2026-01-10T10:30:00Z,0.895,303.0
0514W,Hofstra Soccer Stadium,40.71831,-73.59864,2026-01-10T10:40:00Z,1.343,302.0
0514W,Hofstra Soccer Stadium,40.71831,-73.59864,2026-01-10T10:50:00Z,1.343,343.0
0514W,Hofstra Soccer Stadium,40.71831,-73.59864,2026-01-10T11:00:00Z,0.895,341.0
0514W,Hofstra Soccer Stadium,40.71831,-73.59864,2026-01-10T11:10:00Z,0.895,321.0
0514W,Hofstra Soccer Stadium,40.71831,-73.59864,2026-01-10T11:20:00Z,3.575,5.0
0514W,Hofstra Soccer Stadium,40.71831,-73.59864,2026-01-10T11:30:00Z,1.343,323.0
0514W,Hofstra Soccer Stadium,40.71831,-73.59864,2026-01-10T11:40:00Z,0.895,327.0
0514W,Hofstra Soccer Stadium,40.71831,-73.59864,2026-01-10T11:50:00Z,1.343,344.0
0514W,Hofstra Soccer Stadium,40.71831,-73.59864,2026-01-10T12:00:00Z,0.895,324.0
0514W,Hofstra Soccer Stadium,40.71831,-73.59864,2026-01-10T12:10:00Z,0.895,9.0
0514W,Hofstra Soccer Stadium,40.71831,-73.59864,2026-01-10T12:20:00Z,1.79,21.0
0514W,Hofstra Soccer Stadium,40.71831,-73.59864,2026-01-10T12:30:00Z,1.343,355.0
0514W,Hofstra Soccer Stadium,40.71831,-73.59864,2026-01-10T12:40:00Z,0.895,21.0
0514W,Hofstra Soccer Stadium,40.71831,-73.59864,2026-01-10T12:50:00Z,1.79,29.0
0514W,Hofstra Soccer Stadium,40.71831,-73.59864,2026-01-10T13:00:00Z,1.79,346.0
0514W,Hofstra Soccer Stadium,40.71831,-73.59864,2026-01-10T13:10:00Z,2.233,344.0
0514W,Hofstra Soccer Stadium,40.71831,-73.59864,2026-01-10T13:20:00Z,0.895,334.0
0514W,Hofstra Soccer Stadium,40.71831,-73.59864,2026-01-10T13:30:00Z,0.895,5.0
0514W,Hofstra Soccer Stadium,40.71831,-73.59864,2026-01-10T13:40:00Z,2.233,37.0
0514W,Hofstra Soccer Stadium,40.71831,-73.59864,2026-01-10T13:50:00Z,4.023,26.0
0514W,Hofstra Soccer Stadium,40.71831,-73.59864,2026-01-10T14:00:00Z,1.343,9.0
0514W,Hofstra Soccer Stadium,40.71831,-73.59864,2026-01-10T14:10:00Z,1.79,37.0
0514W,Hofstra Soccer Stadium,40.71831,-73.59864,2026-01-10T14:20:00Z,1.79,53.0
0514W,Hofstra Soccer Stadium,40.71831,-73.59864,2026-01-10T14:30:00Z,1.79,50.0
0514W,Hofstra Soccer Stadium,40.71831,-73.59864,2026-01-10T14:40:00Z,1.343,51.0
0514W,Hofstra Soccer Stadium,40.71831,-73.59864,2026-01-10T14:50:00Z,0.895,38.0
0514W,Hofstra Soccer Stadium,40.71831,-73.59864,2026-01-10T15:00:00Z,1.343,67.0
0514W,Hofstra Soccer Stadium,40.71831,-73.59864,2026-01-10T15:10:00Z,0.895,28.0
0514W,Hofstra Soccer Stadium,40.71831,-73.59864,2026-01-10T15:20:00Z,1.343,80.0
0514W,Hofstra Soccer Stadium,40.71831,-73.59864,2026-01-10T15:30:00Z,0.0,0.0
0514W,Hofstra Soccer Stadium,40.71831,-73.59864,2026-01-10T15:40:00Z,2.68,57.0
0514W,Hofstra Soccer Stadium,40.71831,-73.59864,2026-01-10T15:50:00Z,0.0,0.0
0514W,Hofstra Soccer Stadium,40.71831,-73.59864,2026-01-10T16:00:00Z,1.343,45.0
0514W,Hofstra Soccer Stadium,40.71831,-73.59864,2026-01-10T16:10:00Z,1.79,46.0
0514W,Hofstra Soccer Stadium,40.71831,-73.59864,2026-01-10T16:20:00Z,1.79,36.0
0514W,Hofstra Soccer Stadium,40.71831,-73.59864,2026-01-10T16:30:00Z,1.79,18.0
0514W,Hofstra Soccer Stadium,40.71831,-73.59864,2026-01-10T16:40:00Z,0.448,39.0
0514W,Hofstra Soccer Stadium,40.71831,-73.59864,2026-01-10T16:50:00Z,0.895,89.0
0514W,Hofstra Soccer Stadium,40.71831,-73.59864,2026-01-10T17:00:00Z,2.233,44.0
0514W,Hofstra Soccer Stadium,40.71831,-73.59864,2026-01-10T17:10:00Z,0.895,43.0
0514W,Hofstra Soccer Stadium,40.71831,-73.59864,2026-01-10T17:20:00Z,0.895,43.0
0514W,Hofstra Soccer Stadium,40.71831,-73.59864,2026-01-10T17:30:00Z,1.343,61.0
0514W,Hofstra Soccer Stadium,40.71831,-73.59864,2026-01-10T17:40:00Z,0.895,86.0
0514W,Hofstra Soccer Stadium,40.71831,-73.59864,2026-01-10T17:50:00Z,0.895,103.0
0514W,Hofstra Soccer Stadium,40.71831,-73.59864,2026-01-10T18:00:00Z,1.79,88.0
0514W,Hofstra Soccer Stadium,40.71831,-73.59864,2026-01-10T18:10:00Z,1.343,65.0
0514W,Hofstra Soccer Stadium,40.71831,-73.59864,2026-01-10T18:20:00Z,0.0,0.0
0514W,Hofstra Soccer Stadium,40.71831,-73.59864,2026-01-10T18:30:00Z,1.343,99.0
0514W,Hofstra Soccer Stadium,40.71831,-73.59864,2026-01-10T18:40:00Z,1.343,109.0
0514W,Hofstra Soccer Stadium,40.71831,-73.59864,2026-01-10T18:50:00Z,0.895,112.0
0514W,Hofstra Soccer Stadium,40.71831,-73.59864,2026-01-10T19:00:00Z,0.895,114.0
0514W,Hofstra Soccer Stadium,40.71831,-73.59864,2026-01-10T19:10:00Z,0.895,60.0
0514W,Hofstra Soccer Stadium,40.71831,-73.59864,2026-01-10T19:20:00Z,0.895,69.0
0514W,Hofstra Soccer Stadium,40.71831,-73.59864,2026-01-10T19:30:00Z,1.343,113.0
0514W,Hofstra Soccer Stadium,40.71831,-73.59864,2026-01-10T19:40:00Z,1.343,112.0
0514W,Hofstra Soccer Stadium,40.71831,-73.59864,2026-01-10T19:50:00Z,0.895,76.0
0514W,Hofstra Soccer Stadium,40.71831,-73.59864,2026-01-10T20:00:00Z,1.79,71.0
0514W,Hofstra Soccer Stadium,40.71831,-73.59864,2026-01-10T20:10:00Z,0.448,132.0
0514W,Hofstra Soccer Stadium,40.71831,-73.59864,2026-01-10T20:20:00Z,2.68,43.0
0514W,Hofstra Soccer Stadium,40.71831,-73.59864,2026-01-10T20:30:00Z,1.343,85.0
0514W,Hofstra Soccer Stadium,40.71831,-73.59864,2026-01-10T20:40:00Z,4.471,93.0
0514W,Hofstra Soccer Stadium,40.71831,-73.59864,2026-01-10T20:50:00Z,1.343,88.0
0514W,Hofstra Soccer Stadium,40.71831,-73.59864,2026-01-10T21:00:00Z,1.343,90.0
0514W,Hofstra Soccer Stadium,40.71831,-73.59864,2026-01-10T21:10:00Z,1.79,71.0
0514W,Hofstra Soccer Stadium,40.71831,-73.59864,2026-01-10T21:20:00Z,4.023,86.0
0514W,Hofstra Soccer Stadium,40.71831,-73.59864,2026-01-10T21:30:00Z,1.343,63.0
0514W,Hofstra Soccer Stadium,40.71831,-73.59864,2026-01-10T21:40:00Z,2.233,81.0
0514W,Hofstra Soccer Stadium,40.71831,-73.59864,2026-01-10T21:50:00Z,3.128,94.0
0514W,Hofstra Soccer Stadium,40.71831,-73.59864,2026-01-10T22:00:00Z,2.233,45.0
0514W,Hofstra Soccer Stadium,40.71831,-73.59864,2026-01-10T22:10:00Z,2.68,101.0
0514W,Hofstra Soccer Stadium,40.71831,-73.59864,2026-01-10T22:20:00Z,3.128,78.0
0514W,Hofstra Soccer Stadium,40.71831,-73.59864,2026-01-10T22:30:00Z,3.128,78.0
0514W,Hofstra Soccer Stadium,40.71831,-73.59864,2026-01-10T22:40:00Z,1.79,59.0
0514W,Hofstra Soccer Stadium,40.71831,-73.59864,2026-01-10T22:50:00Z,2.68,95.0
0514W,Hofstra Soccer Stadium,40.71831,-73.59864,2026-01-10T23:00:00Z,3.128,78.0
0514W,Hofstra Soccer Stadium,40.71831,-73.59864,2026-01-10T23:10:00Z,0.448,82.0
0514W,Hofstra Soccer Stadium,40.71831,-73.59864,2026-01-10T23:20:00Z,4.918,100.0
0514W,Hofstra Soccer Stadium,40.71831,-73.59864,2026-01-10T23:30:00Z,1.343,92.0
0514W,Hofstra Soccer Stadium,40.71831,-73.59864,2026-01-10T23:40:00Z,2.233,71.0
0514W,Hofstra Soccer Stadium,40.71831,-73.59864,2026-01-10T23:50:00Z,4.023,101.0
0514W,Hofstra Soccer Stadium,40.71831,-73.59864,2026-01-11T00:00:00Z,1.79,67.0
0514W,Hofstra Soccer Stadium,40.71831,-73.59864,2026-01-11T00:10:00Z,5.813,111.0
0514W,Hofstra Soccer Stadium,40.71831,-73.59864,2026-01-11T00:20:00Z,2.68,90.0
0514W,Hofstra Soccer Stadium,40.71831,-73.59864,2026-01-11T00:30:00Z,2.68,57.0
0514W,Hofstra Soccer Stadium,40.71831,-73.59864,2026-01-11T00:40:00Z,4.471,121.0
0514W,Hofstra Soccer Stadium,40.71831,-73.59864,2026-01-11T00:50:00Z,4.918,107.0
0514W,Hofstra Soccer Stadium,40.71831,-73.59864,2026-01-11T01:00:00Z,4.023,64.0
0514W,Hofstra Soccer Stadium,40.71831,-73.59864,2026-01-11T01:10:00Z,4.471,98.0
0514W,Hofstra Soccer Stadium,40.71831,-73.59864,2026-01-11T01:20:00Z,2.68,57.0
0514W,Hofstra Soccer Stadium,40.71831,-73.59864,2026-01-11T01:30:00Z,3.575,70.0
0514W,Hofstra Soccer Stadium,40.71831,-73.59864,2026-01-11T01:40:00Z,2.233,57.0
0514W,Hofstra Soccer Stadium,40.71831,-73.59864,2026-01-11T01:50:00Z,4.471,73.0
0514W,Hofstra Soccer Stadium,40.71831,-73.59864,2026-01-11T02:00:00Z,3.575,92.0
0514W,Hofstra Soccer Stadium,40.71831,-73.59864,2026-01-11T02:10:00Z,4.023,63.0
0514W,Hofstra Soccer Stadium,40.71831,-73.59864,2026-01-11T02:20:00Z,5.366,86.0
0514W,Hofstra Soccer Stadium,40.71831,-73.59864,2026-01-11T02:30:00Z,2.68,101.0
0514W,Hofstra Soccer Stadium,40.71831,-73.59864,2026-01-11T02:40:00Z,1.79,125.0
0514W,Hofstra Soccer Stadium,40.71831,-73.59864,2026-01-11T02:50:00Z,1.343,107.0
0514W,Hofstra Soccer Stadium,40.71831,-73.59864,2026-01-11T03:00:00Z,1.79,98.0
0514W,Hofstra Soccer Stadium,40.71831,-73.59864,2026-01-11T03:10:00Z,0.448,82.0
0514W,Hofstra Soccer Stadium,40.71831,-73.59864,2026-01-11T03:20:00Z,0.895,80.0
0514W,Hofstra Soccer Stadium,40.71831,-73.59864,2026-01-11T03:30:00Z,1.79,125.0
0514W,Hofstra Soccer Stadium,40.71831,-73.59864,2026-01-11T03:40:00Z,1.79,53.0
0514W,Hofstra Soccer Stadium,40.71831,-73.59864,2026-01-11T03:50:00Z,0.895,70.0
0514W,Hofstra Soccer Stadium,40.71831,-73.59864,2026-01-11T04:00:00Z,1.79,98.0
0514W,Hofstra Soccer Stadium,40.71831,-73.59864,2026-01-11T04:10:00Z,1.343,96.0
0514W,Hofstra Soccer Stadium,40.71831,-73.59864,2026-01-11T04:20:00Z,1.79,114.0
0514W,Hofstra Soccer Stadium,40.71831,-73.59864,2026-01-11T04:30:00Z,0.895,5.0
0514W,Hofstra Soccer Stadium,40.71831,-73.59864,2026-01-11T04:40:00Z,0.895,36.0
0514W,Hofstra Soccer Stadium,40.71831,-73.59864,2026-01-11T04:50:00Z,0.448,15.0
0514W,Hofstra Soccer Stadium,40.71831,-73.59864,2026-01-11T05:00:00Z,0.895,9.0
0514W,Hofstra Soccer Stadium,40.71831,-73.59864,2026-01-11T05:10:00Z,0.895,277.0
0514W,Hofstra Soccer Stadium,40.71831,-73.59864,2026-01-11T05:20:00Z,0.448,321.0
0514W,Hofstra Soccer Stadium,40.71831,-73.59864,2026-01-11T05:40:00Z,1.343,325.0
0514W,Hofstra Soccer Stadium,40.71831,-73.59864,2026-01-11T05:50:00Z,0.895,302.0
0514W,Hofstra Soccer Stadium,40.71831,-73.59864,2026-01-11T06:00:00Z,2.233,299.0
0514W,Hofstra Soccer Stadium,40.71831,-73.59864,2026-01-11T06:10:00Z,1.79,317.0
0514W,Hofstra Soccer Stadium,40.71831,-73.59864,2026-01-11T06:20:00Z,0.895,327.0
0514W,Hofstra Soccer Stadium,40.71831,-73.59864,2026-01-11T06:40:00Z,0.895,314.0
0514W,Hofstra Soccer Stadium,40.71831,-73.59864,2026-01-11T06:50:00Z,1.79,317.0
0514W,Hofstra Soccer Stadium,40.71831,-73.59864,2026-01-11T07:00:00Z,1.343,292.0
0514W,Hofstra Soccer Stadium,40.71831,-73.59864,2026-01-11T07:10:00Z,0.0,0.0
0514W,Hofstra Soccer Stadium,40.71831,-73.59864,2026-01-11T07:20:00Z,0.448,296.0
0514W,Hofstra Soccer Stadium,40.71831,-73.59864,2026-01-11T07:30:00Z,0.448,329.0
0514W,Hofstra Soccer Stadium,40.71831,-73.59864,2026-01-11T07:40:00Z,0.895,281.0
0514W,Hofstra Soccer Stadium,40.71831,-73.59864,2026-01-11T07:50:00Z,0.448,303.0
0514W,Hofstra Soccer Stadium,40.71831,-73.59864,2026-01-11T08:00:00Z,0.895,313.0
0514W,Hofstra Soccer Stadium,40.71831,-73.59864,2026-01-11T08:10:00Z,1.79,288.0
0514W,Hofstra Soccer Stadium,40.71831,-73.59864,2026-01-11T08:20:00Z,1.343,313.0
0514W,Hofstra Soccer Stadium,40.71831,-73.59864,2026-01-11T08:30:00Z,1.79,294.0
0514W,Hofstra Soccer Stadium,40.71831,-73.59864,2026-01-11T08:40:00Z,3.128,298.0
0514W,Hofstra Soccer Stadium,40.71831,-73.59864,2026-01-11T08:50:00Z,1.79,263.0
0514W,Hofstra Soccer Stadium,40.71831,-73.59864,2026-01-11T09:00:00Z,1.343,261.0
0514W,Hofstra Soccer Stadium,40.71831,-73.59864,2026-01-11T09:10:00Z,0.895,168.0
0514W,Hofstra Soccer Stadium,40.71831,-73.59864,2026-01-11T09:20:00Z,1.343,274.0
0514W,Hofstra Soccer Stadium,40.71831,-73.59864,2026-01-11T09:30:00Z,0.448,255.0
0514W,Hofstra Soccer Stadium,40.71831,-73.59864,2026-01-11T09:40:00Z,1.343,267.0
0514W,Hofstra Soccer Stadium,40.71831,-73.59864,2026-01-11T09:50:00Z,1.343,265.0
0514W,Hofstra Soccer Stadium,40.71831,-73.59864,2026-01-11T10:10:00Z,0.0,0.0
0514W,Hofstra Soccer Stadium,40.71831,-73.59864,2026-01-11T10:20:00Z,0.0,0.0
0514W,Hofstra Soccer Stadium,40.71831,-73.59864,2026-01-11T10:30:00Z,0.895,285.0
0514W,Hofstra Soccer Stadium,40.71831,-73.59864,2026-01-11T10:40:00Z,1.79,265.0
0514W,Hofstra Soccer Stadium,40.71831,-73.59864,2026-01-11T10:50:00Z,0.0,0.0
0514W,Hofstra Soccer Stadium,40.71831,-73.59864,2026-01-11T11:00:00Z,1.343,218.0
0514W,Hofstra Soccer Stadium,40.71831,-73.59864,2026-01-11T11:10:00Z,0.895,305.0
0514W,Hofstra Soccer Stadium,40.71831,-73.59864,2026-01-11T11:20:00Z,0.448,267.0
0514W,Hofstra Soccer Stadium,40.71831,-73.59864,2026-01-11T11:30:00Z,0.895,272.0
0514W,Hofstra Soccer Stadium,40.71831,-73.59864,2026-01-11T11:40:00Z,0.895,263.0
0514W,Hofstra Soccer Stadium,40.71831,-73.59864,2026-01-11T11:50:00Z,0.448,267.0
0514W,Hofstra Soccer Stadium,40.71831,-73.59864,2026-01-11T12:00:00Z,0.0,0.0
0514W,Hofstra Soccer Stadium,40.71831,-73.59864,2026-01-11T12:10:00Z,0.448,263.0
0514W,Hofstra Soccer Stadium,40.71831,-73.59864,2026-01-11T12:20:00Z,0.0,0.0
0514W,Hofstra Soccer Stadium,40.71831,-73.59864,2026-01-11T12:30:00Z,0.895,226.0
0514W,Hofstra Soccer Stadium,40.71831,-73.59864,2026-01-11T12:40:00Z,1.343,295.0
0514W,Hofstra Soccer Stadium,40.71831,-73.59864,2026-01-11T12:50:00Z,3.128,261.0
0514W,Hofstra Soccer Stadium,40.71831,-73.59864,2026-01-11T13:00:00Z,2.233,256.0
0514W,Hofstra Soccer Stadium,40.71831,-73.59864,2026-01-11T13:10:00Z,3.128,254.0
0514W,Hofstra Soccer Stadium,40.71831,-73.59864,2026-01-11T13:20:00Z,1.343,274.0
0514W,Hofstra Soccer Stadium,40.71831,-73.59864,2026-01-11T13:30:00Z,1.343,271.0
0514W,Hofstra Soccer Stadium,40.71831,-73.59864,2026-01-11T13:40:00Z,0.895,275.0
0514W,Hofstra Soccer Stadium,40.71831,-73.59864,2026-01-11T13:50:00Z,0.448,292.0
0514W,Hofstra Soccer Stadium,40.71831,-73.59864,2026-01-11T14:00:00Z,1.79,306.0
0514W,Hofstra Soccer Stadium,40.71831,-73.59864,2026-01-11T14:10:00Z,1.343,278.0
0514W,Hofstra Soccer Stadium,40.71831,-73.59864,2026-01-11T14:20:00Z,1.343,271.0
0514W,Hofstra Soccer Stadium,40.71831,-73.59864,2026-01-11T14:30:00Z,4.918,286.0
0514W,Hofstra Soccer Stadium,40.71831,-73.59864,2026-01-11T14:40:00Z,2.233,317.0
0514W,Hofstra Soccer Stadium,40.71831,-73.59864,2026-01-11T14:50:00Z,5.366,258.0
0514W,Hofstra Soccer Stadium,40.71831,-73.59864,2026-01-11T15:00:00Z,4.471,294.0
0514W,Hofstra Soccer Stadium,40.71831,-73.59864,2026-01-11T15:10:00Z,5.813,323.0
0514W,Hofstra Soccer Stadium,40.71831,-73.59864,2026-01-11T15:20:00Z,4.471,294.0
0514W,Hofstra Soccer Stadium,40.71831,-73.59864,2026-01-11T15:30:00Z,3.128,280.0
0514W,Hofstra Soccer Stadium,40.71831,-73.59864,2026-01-11T15:40:00Z,4.023,291.0
0514W,Hofstra Soccer Stadium,40.71831,-73.59864,2026-01-11T15:50:00Z,4.471,293.0
0514W,Hofstra Soccer Stadium,40.71831,-73.59864,2026-01-11T16:00:00Z,5.813,316.0
0514W,Hofstra Soccer Stadium,40.71831,-73.59864,2026-01-11T16:10:00Z,3.575,340.0
0514W,Hofstra Soccer Stadium,40.71831,-73.59864,2026-01-11T16:20:00Z,2.68,261.0
0514W,Hofstra Soccer Stadium,40.71831,-73.59864,2026-01-11T16:30:00Z,3.575,304.0
0514W,Hofstra Soccer Stadium,40.71831,-73.59864,2026-01-11T16:40:00Z,6.261,296.0
0514W,Hofstra Soccer Stadium,40.71831,-73.59864,2026-01-11T16:50:00Z,4.471,296.0
0514W,Hofstra Soccer Stadium,40.71831,-73.59864,2026-01-11T17:00:00Z,1.343,301.0
0514W,Hofstra Soccer Stadium,40.71831,-73.59864,2026-01-11T17:10:00Z,3.128,292.0
0514W,Hofstra Soccer Stadium,40.71831,-73.59864,2026-01-11T17:20:00Z,1.343,318.0
0514W,Hofstra Soccer Stadium,40.71831,-73.59864,2026-01-11T17:30:00Z,3.575,302.0
0514W,Hofstra Soccer Stadium,40.71831,-73.59864,2026-01-11T17:40:00Z,0.895,276.0
0514W,Hofstra Soccer Stadium,40.71831,-73.59864,2026-01-11T17:50:00Z,2.233,303.0
0514W,Hofstra Soccer Stadium,40.71831,-73.59864,2026-01-11T18:00:00Z,4.023,268.0
0514W,Hofstra Soccer Stadium,40.71831,-73.59864,2026-01-11T18:10:00Z,3.575,312.0
0514W,Hofstra Soccer Stadium,40.71831,-73.59864,2026-01-11T18:20:00Z,1.79,305.0
0514W,Hofstra Soccer Stadium,40.71831,-73.59864,2026-01-11T18:30:00Z,4.023,259.0
0514W,Hofstra Soccer Stadium,40.71831,-73.59864,2026-01-11T18:40:00Z,4.023,302.0
0514W,Hofstra Soccer Stadium,40.71831,-73.59864,2026-01-11T18:50:00Z,4.023,307.0
0514W,Hofstra Soccer Stadium,40.71831,-73.59864,2026-01-11T19:00:00Z,3.575,297.0
0514W,Hofstra Soccer Stadium,40.71831,-73.59864,2026-01-11T19:10:00Z,1.79,290.0
0514W,Hofstra Soccer Stadium,40.71831,-73.59864,2026-01-11T19:20:00Z,3.128,244.0
0514W,Hofstra Soccer Stadium,40.71831,-73.59864,2026-01-11T19:30:00Z,0.895,298.0
0514W,Hofstra Soccer Stadium,40.71831,-73.59864,2026-01-11T19:40:00Z,6.703,262.0
0514W,Hofstra Soccer Stadium,40.71831,-73.59864,2026-01-11T19:50:00Z,6.703,314.0
0514W,Hofstra Soccer Stadium,40.71831,-73.59864,2026-01-11T20:00:00Z,4.023,283.0
0514W,Hofstra Soccer Stadium,40.71831,-73.59864,2026-01-11T20:10:00Z,5.813,279.0
0514W,Hofstra Soccer Stadium,40.71831,-73.59864,2026-01-11T20:20:00Z,4.023,290.0
0514W,Hofstra Soccer Stadium,40.71831,-73.59864,2026-01-11T20:30:00Z,4.918,299.0
0514W,Hofstra Soccer Stadium,40.71831,-73.59864,2026-01-11T20:40:00Z,4.918,314.0
0514W,Hofstra Soccer Stadium,40.71831,-73.59864,2026-01-11T20:50:00Z,4.918,257.0
0514W,Hofstra Soccer Stadium,40.71831,-73.59864,2026-01-11T21:00:00Z,4.023,284.0
0514W,Hofstra Soccer Stadium,40.71831,-73.59864,2026-01-11T21:10:00Z,1.79,301.0
0514W,Hofstra Soccer Stadium,40.71831,-73.59864,2026-01-11T21:20:00Z,8.493,292.0
0514W,Hofstra Soccer Stadium,40.71831,-73.59864,2026-01-11T21:30:00Z,6.703,297.0
0514W,Hofstra Soccer Stadium,40.71831,-73.59864,2026-01-11T21:40:00Z,5.366,325.0
0514W,Hofstra Soccer Stadium,40.71831,-73.59864,2026-01-11T21:50:00Z,3.128,251.0
0514W,Hofstra Soccer Stadium,40.71831,-73.59864,2026-01-11T22:00:00Z,6.261,296.0
0514W,Hofstra Soccer Stadium,40.71831,-73.59864,2026-01-11T22:10:00Z,3.575,298.0
0514W,Hofstra Soccer Stadium,40.71831,-73.59864,2026-01-11T22:20:00Z,4.471,291.0
0514W,Hofstra Soccer Stadium,40.71831,-73.59864,2026-01-11T22:30:00Z,4.918,262.0
0514W,Hofstra Soccer Stadium,40.71831,-73.59864,2026-01-11T22:40:00Z,4.918,314.0
0514W,Hofstra Soccer Stadium,40.71831,-73.59864,2026-01-11T22:50:00Z,6.261,310.0
0514W,Hofstra Soccer Stadium,40.71831,-73.59864,2026-01-11T23:00:00Z,6.703,309.0
0514W,Hofstra Soccer Stadium,40.71831,-73.59864,2026-01-11T23:10:00Z,11.621,300.0
0514W,Hofstra Soccer Stadium,40.71831,-73.59864,2026-01-11T23:20:00Z,4.023,339.0
0514W,Hofstra Soccer Stadium,40.71831,-73.59864,2026-01-11T23:30:00Z,4.023,300.0
0514W,Hofstra Soccer Stadium,40.71831,-73.59864,2026-01-11T23:40:00Z,5.366,254.0
0514W,Hofstra Soccer Stadium,40.71831,-73.59864,2026-01-11T23:50:00Z,6.261,270.0
0514W,Hofstra Soccer Stadium,40.71831,-73.59864,2026-01-12T00:00:00Z,3.575,288.0
0514W,Hofstra Soccer Stadium,40.71831,-73.59864,2026-01-12T00:10:00Z,5.366,293.0
0514W,Hofstra Soccer Stadium,40.71831,-73.59864,2026-01-12T00:20:00Z,4.023,247.0
0514W,Hofstra Soccer Stadium,40.71831,-73.59864,2026-01-12T00:30:00Z,3.575,279.0
0514W,Hofstra Soccer Stadium,40.71831,-73.59864,2026-01-12T00:40:00Z,2.233,306.0
0514W,Hofstra Soccer Stadium,40.71831,-73.59864,2026-01-12T00:50:00Z,3.575,289.0
0514W,Hofstra Soccer Stadium,40.71831,-73.59864,2026-01-12T01:00:00Z,4.471,309.0
0514W,Hofstra Soccer Stadium,40.71831,-73.59864,2026-01-12T01:10:00Z,6.703,292.0
0514W,Hofstra Soccer Stadium,40.71831,-73.59864,2026-01-12T01:20:00Z,5.366,254.0
0514W,Hofstra Soccer Stadium,40.71831,-73.59864,2026-01-12T01:30:00Z,3.128,300.0
0514W,Hofstra Soccer Stadium,40.71831,-73.59864,2026-01-12T01:40:00Z,4.918,279.0
0514W,Hofstra Soccer Stadium,40.71831,-73.59864,2026-01-12T01:50:00Z,4.918,287.0
0514W,Hofstra Soccer Stadium,40.71831,-73.59864,2026-01-12T02:00:00Z,8.046,254.0
0514W,Hofstra Soccer Stadium,40.71831,-73.59864,2026-01-12T02:10:00Z,4.023,254.0
0514W,Hofstra Soccer Stadium,40.71831,-73.59864,2026-01-12T02:20:00Z,4.918,267.0
0514W,Hofstra Soccer Stadium,40.71831,-73.59864,2026-01-12T02:30:00Z,4.471,276.0
0514W,Hofstra Soccer Stadium,40.71831,-73.59864,2026-01-12T02:40:00Z,7.598,302.0
0514W,Hofstra Soccer Stadium,40.71831,-73.59864,2026-01-12T02:50:00Z,6.261,306.0
0514W,Hofstra Soccer Stadium,40.71831,-73.59864,2026-01-12T03:00:00Z,3.575,313.0
0514W,Hofstra Soccer Stadium,40.71831,-73.59864,2026-01-12T03:10:00Z,5.366,277.0
0514W,Hofstra Soccer Stadium,40.71831,-73.59864,2026-01-12T03:20:00Z,4.023,300.0
0514W,Hofstra Soccer Stadium,40.71831,-73.59864,2026-01-12T03:30:00Z,5.813,249.0
0514W,Hofstra Soccer Stadium,40.71831,-73.59864,2026-01-12T03:40:00Z,5.813,271.0
0514W,Hofstra Soccer Stadium,40.71831,-73.59864,2026-01-12T03:50:00Z,6.261,276.0
0514W,Hofstra Soccer Stadium,40.71831,-73.59864,2026-01-12T04:00:00Z,5.366,309.0
0514W,Hofstra Soccer Stadium,40.71831,-73.59864,2026-01-12T04:10:00Z,8.941,291.0
0514W,Hofstra Soccer Stadium,40.71831,-73.59864,2026-01-12T04:20:00Z,4.918,269.0
0514W,Hofstra Soccer Stadium,40.71831,-73.59864,2026-01-12T04:30:00Z,4.918,309.0
0514W,Hofstra Soccer Stadium,40.71831,-73.59864,2026-01-12T04:40:00Z,7.151,300.0
0514W,Hofstra Soccer Stadium,40.71831,-73.59864,2026-01-12T04:50:00Z,5.813,248.0
0514W,Hofstra Soccer Stadium,40.71831,-73.59864,2026-01-12T05:00:00Z,7.598,293.0
0514W,Hofstra Soccer Stadium,40.71831,-73.59864,2026-01-12T05:10:00Z,5.366,298.0
0514W,Hofstra Soccer Stadium,40.71831,-73.59864,2026-01-12T05:20:00Z,6.703,291.0
0514W,Hofstra Soccer Stadium,40.71831,-73.59864,2026-01-12T05:30:00Z,6.261,327.0
0514W,Hofstra Soccer Stadium,40.71831,-73.59864,2026-01-12T05:40:00Z,4.023,302.0
0514W,Hofstra Soccer Stadium,40.71831,-73.59864,2026-01-12T05:50:00Z,4.471,338.0
0514W,Hofstra Soccer Stadium,40.71831,-73.59864,2026-01-12T06:00:00Z,8.493,300.0
0514W,Hofstra Soccer Stadium,40.71831,-73.59864,2026-01-12T06:10:00Z,5.366,298.0
0514W,Hofstra Soccer Stadium,40.71831,-73.59864,2026-01-12T06:20:00Z,4.023,312.0
0514W,Hofstra Soccer Stadium,40.71831,-73.59864,2026-01-12T06:30:00Z,5.366,299.0
0514W,Hofstra Soccer Stadium,40.71831,-73.59864,2026-01-12T06:40:00Z,5.813,257.0
0514W,Hofstra Soccer Stadium,40.71831,-73.59864,2026-01-12T06:50:00Z,5.813,257.0
0514W,Hofstra Soccer Stadium,40.71831,-73.59864,2026-01-12T07:10:00Z,4.023,313.0
0514W,Hofstra Soccer Stadium,40.71831,-73.59864,2026-01-12T07:20:00Z,4.023,297.0
0514W,Hofstra Soccer Stadium,40.71831,-73.59864,2026-01-12T07:30:00Z,2.233,321.0
0514W,Hofstra Soccer Stadium,40.71831,-73.59864,2026-01-12T07:40:00Z,5.813,312.0
0514W,Hofstra Soccer Stadium,40.71831,-73.59864,2026-01-12T07:50:00Z,3.575,311.0
0514W,Hofstra Soccer Stadium,40.71831,-73.59864,2026-01-12T08:10:00Z,4.023,307.0
0514W,Hofstra Soccer Stadium,40.71831,-73.59864,2026-01-12T08:20:00Z,4.918,315.0
0514W,Hofstra Soccer Stadium,40.71831,-73.59864,2026-01-12T08:30:00Z,4.471,290.0
0514W,Hofstra Soccer Stadium,40.71831,-73.59864,2026-01-12T08:40:00Z,4.023,275.0
0514W,Hofstra Soccer Stadium,40.71831,-73.59864,2026-01-12T08:50:00Z,4.023,278.0
0514W,Hofstra Soccer Stadium,40.71831,-73.59864,2026-01-12T09:00:00Z,3.128,298.0
0514W,Hofstra Soccer Stadium,40.71831,-73.59864,2026-01-12T09:10:00Z,5.366,265.0
0514W,Hofstra Soccer Stadium,40.71831,-73.59864,2026-01-12T09:20:00Z,7.151,288.0
0514W,Hofstra Soccer Stadium,40.71831,-73.59864,2026-01-12T09:30:00Z,4.023,296.0
0514W,Hofstra Soccer Stadium,40.71831,-73.59864,2026-01-12T09:40:00Z,8.941,263.0
0514W,Hofstra Soccer Stadium,40.71831,-73.59864,2026-01-12T09:50:00Z,4.918,284.0
0514W,Hofstra Soccer Stadium,40.71831,-73.59864,2026-01-12T10:10:00Z,5.366,336.0
0514W,Hofstra Soccer Stadium,40.71831,-73.59864,2026-01-12T10:20:00Z,1.79,297.0
0514W,Hofstra Soccer Stadium,40.71831,-73.59864,2026-01-12T10:30:00Z,9.389,250.0
0514W,Hofstra Soccer Stadium,40.71831,-73.59864,2026-01-12T10:40:00Z,8.493,307.0
0514W,Hofstra Soccer Stadium,40.71831,-73.59864,2026-01-12T10:50:00Z,6.261,316.0
0514W,Hofstra Soccer Stadium,40.71831,-73.59864,2026-01-12T11:00:00Z,2.233,304.0
0514W,Hofstra Soccer Stadium,40.71831,-73.59864,2026-01-12T11:10:00Z,1.79,270.0
0514W,Hofstra Soccer Stadium,40.71831,-73.59864,2026-01-12T11:20:00Z,3.575,277.0
0514W,Hofstra Soccer Stadium,40.71831,-73.59864,2026-01-12T11:30:00Z,1.79,276.0
0514W,Hofstra Soccer Stadium,40.71831,-73.59864,2026-01-12T11:40:00Z,2.233,298.0
0514W,Hofstra Soccer Stadium,40.71831,-73.59864,2026-01-12T11:50:00Z,2.233,328.0
0514W,Hofstra Soccer Stadium,40.71831,-73.59864,2026-01-12T12:00:00Z,3.128,294.0
0514W,Hofstra Soccer Stadium,40.71831,-73.59864,2026-01-12T12:10:00Z,5.366,271.0
0514W,Hofstra Soccer Stadium,40.71831,-73.59864,2026-01-12T12:20:00Z,4.023,292.0
0514W,Hofstra Soccer Stadium,40.71831,-73.59864,2026-01-12T12:30:00Z,1.343,290.0
0514W,Hofstra Soccer Stadium,40.71831,-73.59864,2026-01-12T12:40:00Z,4.471,241.0
0514W,Hofstra Soccer Stadium,40.71831,-73.59864,2026-01-12T12:50:00Z,4.918,252.0
0514W,Hofstra Soccer Stadium,40.71831,-73.59864,2026-01-12T13:00:00Z,6.261,276.0
0514W,Hofstra Soccer Stadium,40.71831,-73.59864,2026-01-12T13:10:00Z,4.023,295.0
0514W,Hofstra Soccer Stadium,40.71831,-73.59864,2026-01-12T13:20:00Z,7.151,261.0
0514W,Hofstra Soccer Stadium,40.71831,-73.59864,2026-01-12T13:30:00Z,5.366,274.0
0514W,Hofstra Soccer Stadium,40.71831,-73.59864,2026-01-12T13:40:00Z,1.79,284.0
0514W,Hofstra Soccer Stadium,40.71831,-73.59864,2026-01-12T13:50:00Z,1.79,264.0
0514W,Hofstra Soccer Stadium,40.71831,-73.59864,2026-01-12T14:00:00Z,3.128,270.0
0514W,Hofstra Soccer Stadium,40.71831,-73.59864,2026-01-12T14:10:00Z,0.895,257.0
0514W,Hofstra Soccer Stadium,40.71831,-73.59864,2026-01-12T14:20:00Z,3.128,253.0
0514W,Hofstra Soccer Stadium,40.71831,-73.59864,2026-01-12T14:30:00Z,3.128,252.0
0514W,Hofstra Soccer Stadium,40.71831,-73.59864,2026-01-12T14:40:00Z,1.343,277.0
0514W,Hofstra Soccer Stadium,40.71831,-73.59864,2026-01-12T14:50:00Z,3.575,269.0
0514W,Hofstra Soccer Stadium,40.71831,-73.59864,2026-01-12T15:00:00Z,4.918,269.0
0514W,Hofstra Soccer Stadium,40.71831,-73.59864,2026-01-12T15:10:00Z,4.471,275.0
0514W,Hofstra Soccer Stadium,40.71831,-73.59864,2026-01-12T15:20:00Z,5.366,256.0
0514W,Hofstra Soccer Stadium,40.71831,-73.59864,2026-01-12T15:30:00Z,3.575,269.0
0514W,Hofstra Soccer Stadium,40.71831,-73.59864,2026-01-12T15:40:00Z,2.68,265.0
0514W,Hofstra Soccer Stadium,40.71831,-73.59864,2026-01-12T15:50:00Z,3.575,260.0
0514W,Hofstra Soccer Stadium,40.71831,-73.59864,2026-01-12T16:00:00Z,1.79,281.0
0514W,Hofstra Soccer Stadium,40.71831,-73.59864,2026-01-12T16:10:00Z,1.79,283.0
0514W,Hofstra Soccer Stadium,40.71831,-73.59864,2026-01-12T16:20:00Z,1.79,266.0
0514W,Hofstra Soccer Stadium,40.71831,-73.59864,2026-01-12T16:30:00Z,3.128,257.0
0514W,Hofstra Soccer Stadium,40.71831,-73.59864,2026-01-12T16:40:00Z,1.343,301.0
0514W,Hofstra Soccer Stadium,40.71831,-73.59864,2026-01-12T16:50:00Z,2.68,277.0
0514W,Hofstra Soccer Stadium,40.71831,-73.59864,2026-01-12T17:00:00Z,0.895,251.0
0514W,Hofstra Soccer Stadium,40.71831,-73.59864,2026-01-12T17:10:00Z,3.128,249.0
0514W,Hofstra Soccer Stadium,40.71831,-73.59864,2026-01-12T17:20:00Z,3.128,207.0
0514W,Hofstra Soccer Stadium,40.71831,-73.59864,2026-01-12T17:30:00Z,3.128,294.0
0514W,Hofstra Soccer Stadium,40.71831,-73.59864,2026-01-12T17:40:00Z,2.233,234.0
0514W,Hofstra Soccer Stadium,40.71831,-73.59864,2026-01-12T17:50:00Z,4.471,232.0
0514W,Hofstra Soccer Stadium,40.71831,-73.59864,2026-01-12T18:00:00Z,3.128,244.0
0514W,Hofstra Soccer Stadium,40.71831,-73.59864,2026-01-12T18:10:00Z,1.79,257.0
0514W,Hofstra Soccer Stadium,40.71831,-73.59864,2026-01-12T18:20:00Z,4.918,225.0
0514W,Hofstra Soccer Stadium,40.71831,-73.59864,2026-01-12T18:30:00Z,3.575,288.0
0514W,Hofstra Soccer Stadium,40.71831,-73.59864,2026-01-12T18:40:00Z,4.918,232.0
0514W,Hofstra Soccer Stadium,40.71831,-73.59864,2026-01-12T18:50:00Z,2.233,247.0
0514W,Hofstra Soccer Stadium,40.71831,-73.59864,2026-01-12T19:00:00Z,1.79,259.0
0514W,Hofstra Soccer Stadium,40.71831,-73.59864,2026-01-12T19:10:00Z,2.233,231.0
0514W,Hofstra Soccer Stadium,40.71831,-73.59864,2026-01-12T19:20:00Z,1.79,199.0
0514W,Hofstra Soccer Stadium,40.71831,-73.59864,2026-01-12T19:30:00Z,3.575,182.0
0514W,Hofstra Soccer Stadium,40.71831,-73.59864,2026-01-12T19:40:00Z,2.233,250.0
0514W,Hofstra Soccer Stadium,40.71831,-73.59864,2026-01-12T19:50:00Z,1.79,284.0
0514W,Hofstra Soccer Stadium,40.71831,-73.59864,2026-01-12T20:00:00Z,4.471,215.0
0514W,Hofstra Soccer Stadium,40.71831,-73.59864,2026-01-12T20:10:00Z,4.023,226.0
0514W,Hofstra Soccer Stadium,40.71831,-73.59864,2026-01-12T20:20:00Z,2.233,236.0
0514W,Hofstra Soccer Stadium,40.71831,-73.59864,2026-01-12T20:30:00Z,5.366,207.0
0514W,Hofstra Soccer Stadium,40.71831,-73.59864,2026-01-12T20:40:00Z,4.023,219.0
0514W,Hofstra Soccer Stadium,40.71831,-73.59864,2026-01-12T20:50:00Z,3.128,233.0
0514W,Hofstra Soccer Stadium,40.71831,-73.59864,2026-01-12T21:00:00Z,3.128,252.0
0514W,Hofstra Soccer Stadium,40.71831,-73.59864,2026-01-12T21:10:00Z,3.575,229.0
0514W,Hofstra Soccer Stadium,40.71831,-73.59864,2026-01-12T21:20:00Z,1.343,227.0
0514W,Hofstra Soccer Stadium,40.71831,-73.59864,2026-01-12T21:30:00Z,2.233,231.0
0514W,Hofstra Soccer Stadium,40.71831,-73.59864,2026-01-12T21:40:00Z,1.79,223.0
0514W,Hofstra Soccer Stadium,40.71831,-73.59864,2026-01-12T21:50:00Z,3.128,273.0
0514W,Hofstra Soccer Stadium,40.71831,-73.59864,2026-01-12T22:00:00Z,3.128,258.0
0514W,Hofstra Soccer Stadium,40.71831,-73.59864,2026-01-12T22:10:00Z,2.233,207.0
0514W,Hofstra Soccer Stadium,40.71831,-73.59864,2026-01-12T22:20:00Z,1.79,264.0
0514W,Hofstra Soccer Stadium,40.71831,-73.59864,2026-01-12T22:30:00Z,4.023,246.0
0514W,Hofstra Soccer Stadium,40.71831,-73.59864,2026-01-12T22:40:00Z,2.233,236.0
0514W,Hofstra Soccer Stadium,40.71831,-73.59864,2026-01-12T22:50:00Z,1.343,250.0
0514W,Hofstra Soccer Stadium,40.71831,-73.59864,2026-01-12T23:00:00Z,1.343,247.0
0514W,Hofstra Soccer Stadium,40.71831,-73.59864,2026-01-12T23:10:00Z,1.343,240.0
0514W,Hofstra Soccer Stadium,40.71831,-73.59864,2026-01-12T23:20:00Z,3.128,247.0
0514W,Hofstra Soccer Stadium,40.71831,-73.59864,2026-01-12T23:30:00Z,1.343,240.0
0514W,Hofstra Soccer Stadium,40.71831,-73.59864,2026-01-12T23:40:00Z,1.343,263.0
0514W,Hofstra Soccer Stadium,40.71831,-73.59864,2026-01-12T23:50:00Z,1.343,233.0
0514W,Hofstra Soccer Stadium,40.71831,-73.59864,2026-01-13T00:00:00Z,1.343,228.0
0514W,Hofstra Soccer Stadium,40.71831,-73.59864,2026-01-13T00:10:00Z,2.68,266.0
0514W,Hofstra Soccer Stadium,40.71831,-73.59864,2026-01-13T00:20:00Z,0.895,240.0
0514W,Hofstra Soccer Stadium,40.71831,-73.59864,2026-01-13T00:30:00Z,3.575,265.0
0514W,Hofstra Soccer Stadium,40.71831,-73.59864,2026-01-13T00:40:00Z,0.895,264.0
0514W,Hofstra Soccer Stadium,40.71831,-73.59864,2026-01-13T00:50:00Z,1.343,232.0
0514W,Hofstra Soccer Stadium,40.71831,-73.59864,2026-01-13T01:00:00Z,1.343,238.0
0514W,Hofstra Soccer Stadium,40.71831,-73.59864,2026-01-13T01:10:00Z,1.343,234.0
0514W,Hofstra Soccer Stadium,40.71831,-73.59864,2026-01-13T01:20:00Z,2.68,286.0
0514W,Hofstra Soccer Stadium,40.71831,-73.59864,2026-01-13T01:30:00Z,0.895,281.0
0514W,Hofstra Soccer Stadium,40.71831,-73.59864,2026-01-13T01:40:00Z,0.895,265.0
0514W,Hofstra Soccer Stadium,40.71831,-73.59864,2026-01-13T01:50:00Z,1.79,265.0
0514W,Hofstra Soccer Stadium,40.71831,-73.59864,2026-01-13T02:00:00Z,1.343,281.0
0514W,Hofstra Soccer Stadium,40.71831,-73.59864,2026-01-13T02:10:00Z,3.128,301.0
0514W,Hofstra Soccer Stadium,40.71831,-73.59864,2026-01-13T02:20:00Z,1.79,274.0
0514W,Hofstra Soccer Stadium,40.71831,-73.59864,2026-01-13T02:30:00Z,3.575,242.0
0514W,Hofstra Soccer Stadium,40.71831,-73.59864,2026-01-13T02:40:00Z,0.895,262.0
0514W,Hofstra Soccer Stadium,40.71831,-73.59864,2026-01-13T02:50:00Z,3.128,280.0
0514W,Hofstra Soccer Stadium,40.71831,-73.59864,2026-01-13T03:00:00Z,1.79,266.0
0514W,Hofstra Soccer Stadium,40.71831,-73.59864,2026-01-13T03:10:00Z,2.233,238.0
0514W,Hofstra Soccer Stadium,40.71831,-73.59864,2026-01-13T03:20:00Z,1.79,273.0
0514W,Hofstra Soccer Stadium,40.71831,-73.59864,2026-01-13T03:30:00Z,1.343,230.0
0514W,Hofstra Soccer Stadium,40.71831,-73.59864,2026-01-13T03:40:00Z,1.343,231.0
0514W,Hofstra Soccer Stadium,40.71831,-73.59864,2026-01-13T03:50:00Z,0.895,248.0
0514W,Hofstra Soccer Stadium,40.71831,-73.59864,2026-01-13T04:00:00Z,0.448,247.0
0514W,Hofstra Soccer Stadium,40.71831,-73.59864,2026-01-13T04:10:00Z,1.343,259.0
0514W,Hofstra Soccer Stadium,40.71831,-73.59864,2026-01-13T04:20:00Z,1.343,235.0
0514W,Hofstra Soccer Stadium,40.71831,-73.59864,2026-01-13T04:30:00Z,0.895,241.0
0514W,Hofstra Soccer Stadium,40.71831,-73.59864,2026-01-13T04:40:00Z,2.233,225.0
0514W,Hofstra Soccer Stadium,40.71831,-73.59864,2026-01-13T04:50:00Z,0.895,227.0
0514W,Hofstra Soccer Stadium,40.71831,-73.59864,2026-01-13T05:00:00Z,1.79,234.0
0514W,Hofstra Soccer Stadium,40.71831,-73.59864,2026-01-13T05:10:00Z,1.79,246.0
0514W,Hofstra Soccer Stadium,40.71831,-73.59864,2026-01-13T05:20:00Z,0.0,0.0
0514W,Hofstra Soccer Stadium,40.71831,-73.59864,2026-01-13T05:30:00Z,0.895,250.0
0514W,Hofstra Soccer Stadium,40.71831,-73.59864,2026-01-13T05:40:00Z,1.79,234.0
0514W,Hofstra Soccer Stadium,40.71831,-73.59864,2026-01-13T05:50:00Z,0.895,235.0
0514W,Hofstra Soccer Stadium,40.71831,-73.59864,2026-01-13T06:00:00Z,0.895,262.0
0514W,Hofstra Soccer Stadium,40.71831,-73.59864,2026-01-13T06:10:00Z,0.895,262.0
0514W,Hofstra Soccer Stadium,40.71831,-73.59864,2026-01-13T06:20:00Z,0.895,245.0
0514W,Hofstra Soccer Stadium,40.71831,-73.59864,2026-01-13T06:40:00Z,0.895,231.0
0514W,Hofstra Soccer Stadium,40.71831,-73.59864,2026-01-13T06:50:00Z,0.0,0.0
0514W,Hofstra Soccer Stadium,40.71831,-73.59864,2026-01-13T07:00:00Z,0.0,0.0
0514W,Hofstra Soccer Stadium,40.71831,-73.59864,2026-01-13T07:10:00Z,0.895,238.0
0514W,Hofstra Soccer Stadium,40.71831,-73.59864,2026-01-13T07:20:00Z,0.895,234.0
0514W,Hofstra Soccer Stadium,40.71831,-73.59864,2026-01-13T07:30:00Z,1.343,230.0
0514W,Hofstra Soccer Stadium,40.71831,-73.59864,2026-01-13T07:40:00Z,0.0,0.0
0514W,Hofstra Soccer Stadium,40.71831,-73.59864,2026-01-13T07:50:00Z,2.233,248.0
0514W,Hofstra Soccer Stadium,40.71831,-73.59864,2026-01-13T08:00:00Z,0.448,259.0
0514W,Hofstra Soccer Stadium,40.71831,-73.59864,2026-01-13T08:10:00Z,0.895,234.0
0514W,Hofstra Soccer Stadium,40.71831,-73.59864,2026-01-13T08:20:00Z,0.0,0.0
0514W,Hofstra Soccer Stadium,40.71831,-73.59864,2026-01-13T08:30:00Z,0.448,228.0
0514W,Hofstra Soccer Stadium,40.71831,-73.59864,2026-01-13T08:40:00Z,1.79,246.0
0514W,Hofstra Soccer Stadium,40.71831,-73.59864,2026-01-13T08:50:00Z,0.448,263.0
0514W,Hofstra Soccer Stadium,40.71831,-73.59864,2026-01-13T09:00:00Z,0.448,264.0
0514W,Hofstra Soccer Stadium,40.71831,-73.59864,2026-01-13T09:10:00Z,0.895,263.0
0514W,Hofstra Soccer Stadium,40.71831,-73.59864,2026-01-13T09:20:00Z,0.895,252.0
0514W,Hofstra Soccer Stadium,40.71831,-73.59864,2026-01-13T09:30:00Z,1.343,260.0
0514W,Hofstra Soccer Stadium,40.71831,-73.59864,2026-01-13T09:40:00Z,0.448,261.0
0514W,Hofstra Soccer Stadium,40.71831,-73.59864,2026-01-13T09:50:00Z,0.895,285.0
0514W,Hofstra Soccer Stadium,40.71831,-73.59864,2026-01-13T10:10:00Z,1.79,267.0
0514W,Hofstra Soccer Stadium,40.71831,-73.59864,2026-01-13T10:20:00Z,2.233,244.0
0514W,Hofstra Soccer Stadium,40.71831,-73.59864,2026-01-13T10:30:00Z,0.895,284.0
0514W,Hofstra Soccer Stadium,40.71831,-73.59864,2026-01-13T10:40:00Z,1.79,272.0
0514W,Hofstra Soccer Stadium,40.71831,-73.59864,2026-01-13T10:50:00Z,0.895,259.0
0514W,Hofstra Soccer Stadium,40.71831,-73.59864,2026-01-13T11:00:00Z,0.895,252.0
0514W,Hofstra Soccer Stadium,40.71831,-73.59864,2026-01-13T11:10:00Z,1.343,257.0
0514W,Hofstra Soccer Stadium,40.71831,-73.59864,2026-01-13T11:20:00Z,0.448,258.0
0514W,Hofstra Soccer Stadium,40.71831,-73.59864,2026-01-13T11:30:00Z,1.343,251.0
0514W,Hofstra Soccer Stadium,40.71831,-73.59864,2026-01-13T11:40:00Z,1.343,261.0
0514W,Hofstra Soccer Stadium,40.71831,-73.59864,2026-01-13T11:50:00Z,0.895,253.0
0514W,Hofstra Soccer Stadium,40.71831,-73.59864,2026-01-13T12:00:00Z,1.343,263.0
0514W,Hofstra Soccer Stadium,40.71831,-73.59864,2026-01-13T12:10:00Z,1.343,254.0
0514W,Hofstra Soccer Stadium,40.71831,-73.59864,2026-01-13T12:20:00Z,0.895,225.0
0514W,Hofstra Soccer Stadium,40.71831,-73.59864,2026-01-13T12:30:00Z,0.895,226.0
0514W,Hofstra Soccer Stadium,40.71831,-73.59864,2026-01-13T12:40:00Z,0.895,254.0
0514W,Hofstra Soccer Stadium,40.71831,-73.59864,2026-01-13T12:50:00Z,1.343,230.0
0514W,Hofstra Soccer Stadium,40.71831,-73.59864,2026-01-13T13:00:00Z,0.895,237.0
0514W,Hofstra Soccer Stadium,40.71831,-73.59864,2026-01-13T13:10:00Z,1.343,253.0
0514W,Hofstra Soccer Stadium,40.71831,-73.59864,2026-01-13T13:20:00Z,2.233,226.0
0514W,Hofstra Soccer Stadium,40.71831,-73.59864,2026-01-13T13:30:00Z,0.895,270.0
0514W,Hofstra Soccer Stadium,40.71831,-73.59864,2026-01-13T13:40:00Z,0.0,0.0
0514W,Hofstra Soccer Stadium,40.71831,-73.59864,2026-01-13T13:50:00Z,0.448,257.0
0514W,Hofstra Soccer Stadium,40.71831,-73.59864,2026-01-13T14:00:00Z,0.448,261.0
0514W,Hofstra Soccer Stadium,40.71831,-73.59864,2026-01-13T14:10:00Z,2.233,234.0
0514W,Hofstra Soccer Stadium,40.71831,-73.59864,2026-01-13T14:20:00Z,2.68,265.0
0514W,Hofstra Soccer Stadium,40.71831,-73.59864,2026-01-13T14:30:00Z,1.79,254.0
0514W,Hofstra Soccer Stadium,40.71831,-73.59864,2026-01-13T14:40:00Z,2.233,243.0
0514W,Hofstra Soccer Stadium,40.71831,-73.59864,2026-01-13T14:50:00Z,1.343,264.0
0514W,Hofstra Soccer Stadium,40.71831,-73.59864,2026-01-13T15:00:00Z,1.79,259.0
0514W,Hofstra Soccer Stadium,40.71831,-73.59864,2026-01-13T15:10:00Z,1.79,240.0
0514W,Hofstra Soccer Stadium,40.71831,-73.59864,2026-01-13T15:20:00Z,2.68,263.0
0514W,Hofstra Soccer Stadium,40.71831,-73.59864,2026-01-13T15:30:00Z,1.79,295.0
0514W,Hofstra Soccer Stadium,40.71831,-73.59864,2026-01-13T15:40:00Z,0.895,240.0
0514W,Hofstra Soccer Stadium,40.71831,-73.59864,2026-01-13T15:50:00Z,1.79,258.0
0514W,Hofstra Soccer Stadium,40.71831,-73.59864,2026-01-13T16:00:00Z,0.895,224.0
0514W,Hofstra Soccer Stadium,40.71831,-73.59864,2026-01-13T16:10:00Z,4.471,262.0
0514W,Hofstra Soccer Stadium,40.71831,-73.59864,2026-01-13T16:20:00Z,1.79,261.0
0514W,Hofstra Soccer Stadium,40.71831,-73.59864,2026-01-13T16:30:00Z,1.343,269.0
0514W,Hofstra Soccer Stadium,40.71831,-73.59864,2026-01-13T16:40:00Z,2.233,288.0
0514W,Hofstra Soccer Stadium,40.71831,-73.59864,2026-01-13T16:50:00Z,3.575,257.0
0514W,Hofstra Soccer Stadium,40.71831,-73.59864,2026-01-13T17:00:00Z,2.233,254.0
0514W,Hofstra Soccer Stadium,40.71831,-73.59864,2026-01-13T17:10:00Z,1.79,241.0
0514W,Hofstra Soccer Stadium,40.71831,-73.59864,2026-01-13T17:20:00Z,0.895,190.0
0514W,Hofstra Soccer Stadium,40.71831,-73.59864,2026-01-13T17:30:00Z,0.448,284.0
0514W,Hofstra Soccer Stadium,40.71831,-73.59864,2026-01-13T17:40:00Z,3.575,184.0
0514W,Hofstra Soccer Stadium,40.71831,-73.59864,2026-01-13T17:50:00Z,1.343,138.0
0514W,Hofstra Soccer Stadium,40.71831,-73.59864,2026-01-13T18:00:00Z,2.68,165.0
0514W,Hofstra Soccer Stadium,40.71831,-73.59864,2026-01-13T18:10:00Z,1.79,239.0
0514W,Hofstra Soccer Stadium,40.71831,-73.59864,2026-01-13T18:20:00Z,1.79,251.0
0514W,Hofstra Soccer Stadium,40.71831,-73.59864,2026-01-13T18:30:00Z,2.233,256.0
0514W,Hofstra Soccer Stadium,40.71831,-73.59864,2026-01-13T18:40:00Z,2.233,218.0
0514W,Hofstra Soccer Stadium,40.71831,-73.59864,2026-01-13T18:50:00Z,4.918,183.0
0514W,Hofstra Soccer Stadium,40.71831,-73.59864,2026-01-13T19:00:00Z,4.918,174.0
0514W,Hofstra Soccer Stadium,40.71831,-73.59864,2026-01-13T19:10:00Z,3.575,157.0
0514W,Hofstra Soccer Stadium,40.71831,-73.59864,2026-01-13T19:20:00Z,3.128,140.0
0514W,Hofstra Soccer Stadium,40.71831,-73.59864,2026-01-13T19:30:00Z,3.128,194.0
0514W,Hofstra Soccer Stadium,40.71831,-73.59864,2026-01-13T19:40:00Z,4.023,157.0
0514W,Hofstra Soccer Stadium,40.71831,-73.59864,2026-01-13T19:50:00Z,5.813,153.0
0514W,Hofstra Soccer Stadium,40.71831,-73.59864,2026-01-13T20:00:00Z,3.128,166.0
0514W,Hofstra Soccer Stadium,40.71831,-73.59864,2026-01-13T20:10:00Z,3.128,180.0
0514W,Hofstra Soccer Stadium,40.71831,-73.59864,2026-01-13T20:20:00Z,4.918,140.0
0514W,Hofstra Soccer Stadium,40.71831,-73.59864,2026-01-13T20:30:00Z,1.343,145.0
0514W,Hofstra Soccer Stadium,40.71831,-73.59864,2026-01-13T20:40:00Z,3.128,141.0
0514W,Hofstra Soccer Stadium,40.71831,-73.59864,2026-01-13T20:50:00Z,4.918,188.0
0514W,Hofstra Soccer Stadium,40.71831,-73.59864,2026-01-13T21:00:00Z,4.471,119.0
0514W,Hofstra Soccer Stadium,40.71831,-73.59864,2026-01-13T21:10:00Z,4.918,187.0
0514W,Hofstra Soccer Stadium,40.71831,-73.59864,2026-01-13T21:20:00Z,0.448,188.0
0514W,Hofstra Soccer Stadium,40.71831,-73.59864,2026-01-13T21:30:00Z,5.813,186.0
0514W,Hofstra Soccer Stadium,40.71831,-73.59864,2026-01-13T21:40:00Z,2.68,221.0
0514W,Hofstra Soccer Stadium,40.71831,-73.59864,2026-01-13T21:50:00Z,3.575,205.0
0514W,Hofstra Soccer Stadium,40.71831,-73.59864,2026-01-13T22:00:00Z,2.233,178.0
0514W,Hofstra Soccer Stadium,40.71831,-73.59864,2026-01-13T22:10:00Z,3.128,193.0
0514W,Hofstra Soccer Stadium,40.71831,-73.59864,2026-01-13T22:20:00Z,4.471,166.0
0514W,Hofstra Soccer Stadium,40.71831,-73.59864,2026-01-13T22:30:00Z,3.575,149.0
0514W,Hofstra Soccer Stadium,40.71831,-73.59864,2026-01-13T22:40:00Z,0.895,148.0
0514W,Hofstra Soccer Stadium,40.71831,-73.59864,2026-01-13T22:50:00Z,3.575,152.0
0514W,Hofstra Soccer Stadium,40.71831,-73.59864,2026-01-13T23:00:00Z,0.448,159.0
0514W,Hofstra Soccer Stadium,40.71831,-73.59864,2026-01-13T23:10:00Z,3.575,161.0
0514W,Hofstra Soccer Stadium,40.71831,-73.59864,2026-01-13T23:20:00Z,3.575,156.0
0514W,Hofstra Soccer Stadium,40.71831,-73.59864,2026-01-13T23:30:00Z,4.471,187.0
0514W,Hofstra Soccer Stadium,40.71831,-73.59864,2026-01-13T23:40:00Z,2.233,204.0
0514W,Hofstra Soccer Stadium,40.71831,-73.59864,2026-01-13T23:50:00Z,2.68,201.0
0514W,Hofstra Soccer Stadium,40.71831,-73.59864,2026-01-14T00:00:00Z,3.128,171.0
0514W,Hofstra Soccer Stadium,40.71831,-73.59864,2026-01-14T00:10:00Z,2.68,209.0
0514W,Hofstra Soccer Stadium,40.71831,-73.59864,2026-01-14T00:20:00Z,3.575,163.0
0514W,Hofstra Soccer Stadium,40.71831,-73.59864,2026-01-14T00:30:00Z,4.918,173.0
0514W,Hofstra Soccer Stadium,40.71831,-73.59864,2026-01-14T00:40:00Z,0.895,165.0
0514W,Hofstra Soccer Stadium,40.71831,-73.59864,2026-01-14T00:50:00Z,1.79,144.0
0514W,Hofstra Soccer Stadium,40.71831,-73.59864,2026-01-14T01:00:00Z,1.343,173.0
0514W,Hofstra Soccer Stadium,40.71831,-73.59864,2026-01-14T01:10:00Z,4.023,211.0
0514W,Hofstra Soccer Stadium,40.71831,-73.59864,2026-01-14T01:20:00Z,3.575,143.0
0514W,Hofstra Soccer Stadium,40.71831,-73.59864,2026-01-14T01:30:00Z,1.343,145.0
0514W,Hofstra Soccer Stadium,40.71831,-73.59864,2026-01-14T01:40:00Z,4.918,201.0
0514W,Hofstra Soccer Stadium,40.71831,-73.59864,2026-01-14T01:50:00Z,2.68,167.0
0514W,Hofstra Soccer Stadium,40.71831,-73.59864,2026-01-14T02:00:00Z,2.233,194.0
0514W,Hofstra Soccer Stadium,40.71831,-73.59864,2026-01-14T02:10:00Z,1.343,204.0
0514W,Hofstra Soccer Stadium,40.71831,-73.59864,2026-01-14T02:20:00Z,0.895,153.0
0514W,Hofstra Soccer Stadium,40.71831,-73.59864,2026-01-14T02:30:00Z,3.128,221.0
0514W,Hofstra Soccer Stadium,40.71831,-73.59864,2026-01-14T02:40:00Z,3.128,175.0
0514W,Hofstra Soccer Stadium,40.71831,-73.59864,2026-01-14T02:50:00Z,1.343,145.0
0514W,Hofstra Soccer Stadium,40.71831,-73.59864,2026-01-14T03:00:00Z,2.233,191.0
0514W,Hofstra Soccer Stadium,40.71831,-73.59864,2026-01-14T03:10:00Z,4.023,238.0
0514W,Hofstra Soccer Stadium,40.71831,-73.59864,2026-01-14T03:20:00Z,3.575,181.0
0514W,Hofstra Soccer Stadium,40.71831,-73.59864,2026-01-14T03:30:00Z,2.68,156.0
0514W,Hofstra Soccer Stadium,40.71831,-73.59864,2026-01-14T03:40:00Z,2.68,174.0
0514W,Hofstra Soccer Stadium,40.71831,-73.59864,2026-01-14T03:50:00Z,1.343,166.0
0514W,Hofstra Soccer Stadium,40.71831,-73.59864,2026-01-14T04:00:00Z,0.448,148.0
0514W,Hofstra Soccer Stadium,40.71831,-73.59864,2026-01-14T04:10:00Z,2.233,136.0
0514W,Hofstra Soccer Stadium,40.71831,-73.59864,2026-01-14T04:20:00Z,1.79,144.0
0514W,Hofstra Soccer Stadium,40.71831,-73.59864,2026-01-14T04:30:00Z,2.233,225.0
0514W,Hofstra Soccer Stadium,40.71831,-73.59864,2026-01-14T04:40:00Z,1.343,209.0
0514W,Hofstra Soccer Stadium,40.71831,-73.59864,2026-01-14T04:50:00Z,4.023,186.0
0514W,Hofstra Soccer Stadium,40.71831,-73.59864,2026-01-14T05:00:00Z,5.366,198.0
0514W,Hofstra Soccer Stadium,40.71831,-73.59864,2026-01-14T05:10:00Z,0.895,172.0
0514W,Hofstra Soccer Stadium,40.71831,-73.59864,2026-01-14T05:20:00Z,3.128,202.0
0514W,Hofstra Soccer Stadium,40.71831,-73.59864,2026-01-14T05:30:00Z,3.575,192.0
0514W,Hofstra Soccer Stadium,40.71831,-73.59864,2026-01-14T05:40:00Z,0.895,213.0
0514W,Hofstra Soccer Stadium,40.71831,-73.59864,2026-01-14T05:50:00Z,1.79,164.0
0514W,Hofstra Soccer Stadium,40.71831,-73.59864,2026-01-14T06:00:00Z,2.233,200.0
0514W,Hofstra Soccer Stadium,40.71831,-73.59864,2026-01-14T06:10:00Z,2.233,174.0
0514W,Hofstra Soccer Stadium,40.71831,-73.59864,2026-01-14T06:20:00Z,1.343,200.0
0514W,Hofstra Soccer Stadium,40.71831,-73.59864,2026-01-14T06:30:00Z,2.233,219.0
0514W,Hofstra Soccer Stadium,40.71831,-73.59864,2026-01-14T06:40:00Z,3.128,187.0
0514W,Hofstra Soccer Stadium,40.71831,-73.59864,2026-01-14T06:50:00Z,1.343,180.0
0514W,Hofstra Soccer Stadium,40.71831,-73.59864,2026-01-14T07:00:00Z,0.895,217.0
0514W,Hofstra Soccer Stadium,40.71831,-73.59864,2026-01-14T07:10:00Z,2.68,173.0
0514W,Hofstra Soccer Stadium,40.71831,-73.59864,2026-01-14T07:20:00Z,1.343,154.0
0514W,Hofstra Soccer Stadium,40.71831,-73.59864,2026-01-14T07:30:00Z,1.343,185.0
0514W,Hofstra Soccer Stadium,40.71831,-73.59864,2026-01-14T07:40:00Z,2.233,176.0
0514W,Hofstra Soccer Stadium,40.71831,-73.59864,2026-01-14T07:50:00Z,0.895,159.0
0514W,Hofstra Soccer Stadium,40.71831,-73.59864,2026-01-14T08:00:00Z,0.895,195.0
0514W,Hofstra Soccer Stadium,40.71831,-73.59864,2026-01-14T08:10:00Z,3.128,196.0
0514W,Hofstra Soccer Stadium,40.71831,-73.59864,2026-01-14T08:20:00Z,0.895,149.0
0514W,Hofstra Soccer Stadium,40.71831,-73.59864,2026-01-14T08:30:00Z,0.895,161.0
0514W,Hofstra Soccer Stadium,40.71831,-73.59864,2026-01-14T08:40:00Z,0.895,148.0
0514W,Hofstra Soccer Stadium,40.71831,-73.59864,2026-01-14T08:50:00Z,0.448,164.0
0514W,Hofstra Soccer Stadium,40.71831,-73.59864,2026-01-14T09:00:00Z,1.343,182.0
0514W,Hofstra Soccer Stadium,40.71831,-73.59864,2026-01-14T09:10:00Z,0.448,166.0
0514W,Hofstra Soccer Stadium,40.71831,-73.59864,2026-01-14T09:20:00Z,0.448,163.0
0514W,Hofstra Soccer Stadium,40.71831,-73.59864,2026-01-14T10:10:00Z,0.448,154.0
0514W,Hofstra Soccer Stadium,40.71831,-73.59864,2026-01-14T10:20:00Z,1.343,198.0
0514W,Hofstra Soccer Stadium,40.71831,-73.59864,2026-01-14T10:30:00Z,1.343,148.0
0514W,Hofstra Soccer Stadium,40.71831,-73.59864,2026-01-14T10:40:00Z,1.343,156.0
0514W,Hofstra Soccer Stadium,40.71831,-73.59864,2026-01-14T10:50:00Z,0.0,0.0
0514W,Hofstra Soccer Stadium,40.71831,-73.59864,2026-01-14T11:00:00Z,1.343,149.0
0514W,Hofstra Soccer Stadium,40.71831,-73.59864,2026-01-14T11:10:00Z,1.79,190.0
0514W,Hofstra Soccer Stadium,40.71831,-73.59864,2026-01-14T11:20:00Z,0.448,155.0
0514W,Hofstra Soccer Stadium,40.71831,-73.59864,2026-01-14T11:50:00Z,0.448,171.0
0514W,Hofstra Soccer Stadium,40.71831,-73.59864,2026-01-14T12:00:00Z,0.895,146.0
0514W,Hofstra Soccer Stadium,40.71831,-73.59864,2026-01-14T12:10:00Z,0.895,168.0
0514W,Hofstra Soccer Stadium,40.71831,-73.59864,2026-01-14T12:20:00Z,2.233,159.0
0514W,Hofstra Soccer Stadium,40.71831,-73.59864,2026-01-14T12:30:00Z,0.895,196.0
0514W,Hofstra Soccer Stadium,40.71831,-73.59864,2026-01-14T12:40:00Z,0.448,161.0
0514W,Hofstra Soccer Stadium,40.71831,-73.59864,2026-01-14T12:50:00Z,0.895,201.0
0514W,Hofstra Soccer Stadium,40.71831,-73.59864,2026-01-14T13:00:00Z,2.233,173.0
0514W,Hofstra Soccer Stadium,40.71831,-73.59864,2026-01-14T13:10:00Z,2.233,182.0
0514W,Hofstra Soccer Stadium,40.71831,-73.59864,2026-01-14T13:30:00Z,0.895,198.0
0514W,Hofstra Soccer Stadium,40.71831,-73.59864,2026-01-14T13:40:00Z,2.68,167.0
0514W,Hofstra Soccer Stadium,40.71831,-73.59864,2026-01-14T13:50:00Z,1.343,206.0
0514W,Hofstra Soccer Stadium,40.71831,-73.59864,2026-01-14T14:00:00Z,2.68,180.0
0514W,Hofstra Soccer Stadium,40.71831,-73.59864,2026-01-14T14:10:00Z,3.575,150.0
0514W,Hofstra Soccer Stadium,40.71831,-73.59864,2026-01-14T14:20:00Z,0.0,0.0
0514W,Hofstra Soccer Stadium,40.71831,-73.59864,2026-01-14T14:30:00Z,4.023,180.0
0514W,Hofstra Soccer Stadium,40.71831,-73.59864,2026-01-14T14:40:00Z,2.68,203.0
0514W,Hofstra Soccer Stadium,40.71831,-73.59864,2026-01-14T14:50:00Z,2.68,178.0
0514W,Hofstra Soccer Stadium,40.71831,-73.59864,2026-01-14T15:00:00Z,1.79,168.0
0514W,Hofstra Soccer Stadium,40.71831,-73.59864,2026-01-14T15:10:00Z,1.79,192.0
0514W,Hofstra Soccer Stadium,40.71831,-73.59864,2026-01-14T15:20:00Z,1.79,142.0
0514W,Hofstra Soccer Stadium,40.71831,-73.59864,2026-01-14T15:30:00Z,1.343,146.0
0514W,Hofstra Soccer Stadium,40.71831,-73.59864,2026-01-14T15:40:00Z,1.79,193.0
0514W,Hofstra Soccer Stadium,40.71831,-73.59864,2026-01-14T15:50:00Z,0.895,161.0
0514W,Hofstra Soccer Stadium,40.71831,-73.59864,2026-01-14T16:00:00Z,1.343,204.0
0514W,Hofstra Soccer Stadium,40.71831,-73.59864,2026-01-14T16:10:00Z,1.79,144.0
0514W,Hofstra Soccer Stadium,40.71831,-73.59864,2026-01-14T16:20:00Z,1.79,147.0
0514W,Hofstra Soccer Stadium,40.71831,-73.59864,2026-01-14T16:30:00Z,2.233,178.0
0514W,Hofstra Soccer Stadium,40.71831,-73.59864,2026-01-14T16:40:00Z,0.448,162.0
0514W,Hofstra Soccer Stadium,40.71831,-73.59864,2026-01-14T16:50:00Z,2.68,159.0
0514W,Hofstra Soccer Stadium,40.71831,-73.59864,2026-01-14T17:00:00Z,0.895,160.0
0514W,Hofstra Soccer Stadium,40.71831,-73.59864,2026-01-14T17:10:00Z,0.0,0.0
0514W,Hofstra Soccer Stadium,40.71831,-73.59864,2026-01-14T17:20:00Z,1.343,252.0
0514W,Hofstra Soccer Stadium,40.71831,-73.59864,2026-01-14T17:30:00Z,1.79,159.0
0514W,Hofstra Soccer Stadium,40.71831,-73.59864,2026-01-14T17:40:00Z,0.448,146.0
0514W,Hofstra Soccer Stadium,40.71831,-73.59864,2026-01-14T17:50:00Z,1.79,140.0
0514W,Hofstra Soccer Stadium,40.71831,-73.59864,2026-01-14T18:00:00Z,3.128,124.0
0514W,Hofstra Soccer Stadium,40.71831,-73.59864,2026-01-14T18:10:00Z,4.023,132.0
0514W,Hofstra Soccer Stadium,40.71831,-73.59864,2026-01-14T18:20:00Z,2.233,123.0
0514W,Hofstra Soccer Stadium,40.71831,-73.59864,2026-01-14T18:30:00Z,2.233,179.0
0514W,Hofstra Soccer Stadium,40.71831,-73.59864,2026-01-14T18:40:00Z,1.343,173.0
0514W,Hofstra Soccer Stadium,40.71831,-73.59864,2026-01-14T18:50:00Z,0.895,194.0
0514W,Hofstra Soccer Stadium,40.71831,-73.59864,2026-01-14T19:00:00Z,1.79,128.0
0514W,Hofstra Soccer Stadium,40.71831,-73.59864,2026-01-14T19:10:00Z,0.895,146.0
0514W,Hofstra Soccer Stadium,40.71831,-73.59864,2026-01-14T19:20:00Z,1.79,133.0
0514W,Hofstra Soccer Stadium,40.71831,-73.59864,2026-01-14T19:30:00Z,0.448,152.0
0514W,Hofstra Soccer Stadium,40.71831,-73.59864,2026-01-14T19:40:00Z,0.895,159.0
0514W,Hofstra Soccer Stadium,40.71831,-73.59864,2026-01-14T19:50:00Z,0.895,153.0
0514W,Hofstra Soccer Stadium,40.71831,-73.59864,2026-01-14T20:00:00Z,1.79,149.0
0514W,Hofstra Soccer Stadium,40.71831,-73.59864,2026-01-14T20:10:00Z,3.128,164.0
0514W,Hofstra Soccer Stadium,40.71831,-73.59864,2026-01-14T20:20:00Z,1.343,134.0
0514W,Hofstra Soccer Stadium,40.71831,-73.59864,2026-01-14T20:30:00Z,0.895,146.0
0514W,Hofstra Soccer Stadium,40.71831,-73.59864,2026-01-14T20:40:00Z,1.79,139.0
0514W,Hofstra Soccer Stadium,40.71831,-73.59864,2026-01-14T20:50:00Z,0.448,129.0
0514W,Hofstra Soccer Stadium,40.71831,-73.59864,2026-01-14T21:00:00Z,0.448,168.0
0514W,Hofstra Soccer Stadium,40.71831,-73.59864,2026-01-14T21:10:00Z,0.0,0.0
0514W,Hofstra Soccer Stadium,40.71831,-73.59864,2026-01-14T21:20:00Z,2.233,134.0
0514W,Hofstra Soccer Stadium,40.71831,-73.59864,2026-01-14T21:30:00Z,0.448,164.0
0514W,Hofstra Soccer Stadium,40.71831,-73.59864,2026-01-14T21:40:00Z,0.448,127.0
0514W,Hofstra Soccer Stadium,40.71831,-73.59864,2026-01-14T21:50:00Z,1.343,98.0
0514W,Hofstra Soccer Stadium,40.71831,-73.59864,2026-01-14T22:00:00Z,1.79,111.0
0514W,Hofstra Soccer Stadium,40.71831,-73.59864,2026-01-14T22:10:00Z,1.79,112.0
0514W,Hofstra Soccer Stadium,40.71831,-73.59864,2026-01-14T22:20:00Z,0.0,0.0
0514W,Hofstra Soccer Stadium,40.71831,-73.59864,2026-01-14T22:30:00Z,1.79,136.0
0514W,Hofstra Soccer Stadium,40.71831,-73.59864,2026-01-14T22:40:00Z,0.895,150.0
0514W,Hofstra Soccer Stadium,40.71831,-73.59864,2026-01-14T22:50:00Z,3.575,110.0
0514W,Hofstra Soccer Stadium,40.71831,-73.59864,2026-01-14T23:00:00Z,2.68,110.0
0514W,Hofstra Soccer Stadium,40.71831,-73.59864,2026-01-14T23:10:00Z,2.68,111.0
0514W,Hofstra Soccer Stadium,40.71831,-73.59864,2026-01-14T23:20:00Z,4.471,128.0
0514W,Hofstra Soccer Stadium,40.71831,-73.59864,2026-01-14T23:30:00Z,3.575,139.0
0514W,Hofstra Soccer Stadium,40.71831,-73.59864,2026-01-14T23:40:00Z,3.128,109.0
0514W,Hofstra Soccer Stadium,40.71831,-73.59864,2026-01-14T23:50:00Z,0.448,149.0
0516W,Hofstra Student Garden,40.71923,-73.60202,2026-01-01T00:00:00Z,0.895,246.0
0516W,Hofstra Student Garden,40.71923,-73.60202,2026-01-01T00:10:00Z,0.895,281.0
0516W,Hofstra Student Garden,40.71923,-73.60202,2026-01-01T00:20:00Z,1.343,247.0
0516W,Hofstra Student Garden,40.71923,-73.60202,2026-01-01T00:30:00Z,3.575,265.0
0516W,Hofstra Student Garden,40.71923,-73.60202,2026-01-01T00:40:00Z,1.79,269.0
0516W,Hofstra Student Garden,40.71923,-73.60202,2026-01-01T00:50:00Z,2.233,246.0
0516W,Hofstra Student Garden,40.71923,-73.60202,2026-01-01T01:00:00Z,0.448,294.0
0516W,Hofstra Student Garden,40.71923,-73.60202,2026-01-01T01:10:00Z,1.343,261.0
0516W,Hofstra Student Garden,40.71923,-73.60202,2026-01-01T01:20:00Z,1.343,252.0
0516W,Hofstra Student Garden,40.71923,-73.60202,2026-01-01T01:30:00Z,4.471,245.0
0516W,Hofstra Student Garden,40.71923,-73.60202,2026-01-01T01:40:00Z,1.79,276.0
0516W,Hofstra Student Garden,40.71923,-73.60202,2026-01-01T01:50:00Z,1.79,248.0
0516W,Hofstra Student Garden,40.71923,-73.60202,2026-01-01T02:00:00Z,2.68,242.0
0516W,Hofstra Student Garden,40.71923,-73.60202,2026-01-01T02:10:00Z,1.79,239.0
0516W,Hofstra Student Garden,40.71923,-73.60202,2026-01-01T02:20:00Z,1.79,250.0
0516W,Hofstra Student Garden,40.71923,-73.60202,2026-01-01T02:30:00Z,3.128,244.0
0516W,Hofstra Student Garden,40.71923,-73.60202,2026-01-01T02:40:00Z,0.448,258.0
0516W,Hofstra Student Garden,40.71923,-73.60202,2026-01-01T02:50:00Z,0.895,254.0
0516W,Hofstra Student Garden,40.71923,-73.60202,2026-01-01T04:00:00Z,4.471,254.0
0516W,Hofstra Student Garden,40.71923,-73.60202,2026-01-01T04:10:00Z,2.68,269.0
0516W,Hofstra Student Garden,40.71923,-73.60202,2026-01-01T04:20:00Z,3.575,227.0
0516W,Hofstra Student Garden,40.71923,-73.60202,2026-01-01T04:30:00Z,1.343,245.0
0516W,Hofstra Student Garden,40.71923,-73.60202,2026-01-01T04:40:00Z,3.128,244.0
0516W,Hofstra Student Garden,40.71923,-73.60202,2026-01-01T04:50:00Z,3.128,219.0
0516W,Hofstra Student Garden,40.71923,-73.60202,2026-01-01T05:00:00Z,4.471,246.0
0516W,Hofstra Student Garden,40.71923,-73.60202,2026-01-01T05:10:00Z,1.79,242.0
0516W,Hofstra Student Garden,40.71923,-73.60202,2026-01-01T05:20:00Z,3.575,252.0
0516W,Hofstra Student Garden,40.71923,-73.60202,2026-01-01T05:30:00Z,3.128,261.0
0516W,Hofstra Student Garden,40.71923,-73.60202,2026-01-01T05:40:00Z,1.79,248.0
0516W,Hofstra Student Garden,40.71923,-73.60202,2026-01-01T05:50:00Z,3.128,254.0
0516W,Hofstra Student Garden,40.71923,-73.60202,2026-01-01T06:00:00Z,3.128,259.0
0516W,Hofstra Student Garden,40.71923,-73.60202,2026-01-01T06:10:00Z,5.366,253.0
0516W,Hofstra Student Garden,40.71923,-73.60202,2026-01-01T06:20:00Z,1.79,287.0
0516W,Hofstra Student Garden,40.71923,-73.60202,2026-01-01T06:40:00Z,4.023,242.0
0516W,Hofstra Student Garden,40.71923,-73.60202,2026-01-01T06:50:00Z,6.703,254.0
0516W,Hofstra Student Garden,40.71923,-73.60202,2026-01-01T07:00:00Z,1.343,254.0
0516W,Hofstra Student Garden,40.71923,-73.60202,2026-01-01T07:10:00Z,1.79,259.0
0516W,Hofstra Student Garden,40.71923,-73.60202,2026-01-01T07:20:00Z,0.895,282.0
0516W,Hofstra Student Garden,40.71923,-73.60202,2026-01-01T07:30:00Z,1.79,265.0
0516W,Hofstra Student Garden,40.71923,-73.60202,2026-01-01T07:40:00Z,1.343,282.0
0516W,Hofstra Student Garden,40.71923,-73.60202,2026-01-01T08:10:00Z,0.895,297.0
0516W,Hofstra Student Garden,40.71923,-73.60202,2026-01-01T08:20:00Z,0.895,272.0
0516W,Hofstra Student Garden,40.71923,-73.60202,2026-01-01T08:30:00Z,1.343,249.0
0516W,Hofstra Student Garden,40.71923,-73.60202,2026-01-01T08:40:00Z,1.79,264.0
0516W,Hofstra Student Garden,40.71923,-73.60202,2026-01-01T08:50:00Z,1.343,272.0
0516W,Hofstra Student Garden,40.71923,-73.60202,2026-01-01T09:00:00Z,3.128,251.0
0516W,Hofstra Student Garden,40.71923,-73.60202,2026-01-01T09:10:00Z,4.471,236.0
0516W,Hofstra Student Garden,40.71923,-73.60202,2026-01-01T09:20:00Z,0.895,285.0
0516W,Hofstra Student Garden,40.71923,-73.60202,2026-01-01T09:30:00Z,1.79,259.0
0516W,Hofstra Student Garden,40.71923,-73.60202,2026-01-01T09:40:00Z,1.79,286.0
0516W,Hofstra Student Garden,40.71923,-73.60202,2026-01-01T09:50:00Z,1.79,229.0
0516W,Hofstra Student Garden,40.71923,-73.60202,2026-01-01T10:10:00Z,0.895,274.0
0516W,Hofstra Student Garden,40.71923,-73.60202,2026-01-01T10:20:00Z,1.79,267.0
0516W,Hofstra Student Garden,40.71923,-73.60202,2026-01-01T10:30:00Z,2.68,259.0
0516W,Hofstra Student Garden,40.71923,-73.60202,2026-01-01T10:40:00Z,0.448,276.0
0516W,Hofstra Student Garden,40.71923,-73.60202,2026-01-01T10:50:00Z,1.343,273.0
0516W,Hofstra Student Garden,40.71923,-73.60202,2026-01-01T11:00:00Z,4.023,258.0
0516W,Hofstra Student Garden,40.71923,-73.60202,2026-01-01T11:10:00Z,1.343,279.0
0516W,Hofstra Student Garden,40.71923,-73.60202,2026-01-01T11:20:00Z,0.448,306.0
0516W,Hofstra Student Garden,40.71923,-73.60202,2026-01-01T11:30:00Z,4.471,40.0
0516W,Hofstra Student Garden,40.71923,-73.60202,2026-01-01T11:40:00Z,3.128,44.0
0516W,Hofstra Student Garden,40.71923,-73.60202,2026-01-01T11:50:00Z,3.128,20.0
0516W,Hofstra Student Garden,40.71923,-73.60202,2026-01-01T12:00:00Z,3.575,27.0
0516W,Hofstra Student Garden,40.71923,-73.60202,2026-01-01T12:10:00Z,0.895,22.0
0516W,Hofstra Student Garden,40.71923,-73.60202,2026-01-01T12:20:00Z,3.575,352.0
0516W,Hofstra Student Garden,40.71923,-73.60202,2026-01-01T12:30:00Z,2.68,34.0
0516W,Hofstra Student Garden,40.71923,-73.60202,2026-01-01T12:40:00Z,1.79,37.0
0516W,Hofstra Student Garden,40.71923,-73.60202,2026-01-01T12:50:00Z,1.79,45.0
0516W,Hofstra Student Garden,40.71923,-73.60202,2026-01-01T13:00:00Z,2.233,43.0
0516W,Hofstra Student Garden,40.71923,-73.60202,2026-01-01T13:10:00Z,1.343,262.0
0516W,Hofstra Student Garden,40.71923,-73.60202,2026-01-01T13:20:00Z,3.128,53.0
0516W,Hofstra Student Garden,40.71923,-73.60202,2026-01-01T13:30:00Z,1.343,24.0
0516W,Hofstra Student Garden,40.71923,-73.60202,2026-01-01T13:40:00Z,4.918,33.0
0516W,Hofstra Student Garden,40.71923,-73.60202,2026-01-01T13:50:00Z,2.68,24.0
0516W,Hofstra Student Garden,40.71923,-73.60202,2026-01-01T14:00:00Z,2.68,47.0
0516W,Hofstra Student Garden,40.71923,-73.60202,2026-01-01T14:10:00Z,3.575,62.0
0516W,Hofstra Student Garden,40.71923,-73.60202,2026-01-01T14:20:00Z,3.575,20.0
0516W,Hofstra Student Garden,40.71923,-73.60202,2026-01-01T14:30:00Z,1.79,61.0
0516W,Hofstra Student Garden,40.71923,-73.60202,2026-01-01T14:40:00Z,1.79,23.0
0516W,Hofstra Student Garden,40.71923,-73.60202,2026-01-01T14:50:00Z,1.79,28.0
0516W,Hofstra Student Garden,40.71923,-73.60202,2026-01-01T15:00:00Z,1.79,30.0
0516W,Hofstra Student Garden,40.71923,-73.60202,2026-01-01T15:10:00Z,2.68,360.0
0516W,Hofstra Student Garden,40.71923,-73.60202,2026-01-01T15:20:00Z,5.366,53.0
0516W,Hofstra Student Garden,40.71923,-73.60202,2026-01-01T15:30:00Z,5.813,30.0
0516W,Hofstra Student Garden,40.71923,-73.60202,2026-01-01T15:40:00Z,2.68,348.0
0516W,Hofstra Student Garden,40.71923,-73.60202,2026-01-01T15:50:00Z,2.68,53.0
0516W,Hofstra Student Garden,40.71923,-73.60202,2026-01-01T16:00:00Z,5.813,28.0
0516W,Hofstra Student Garden,40.71923,-73.60202,2026-01-01T16:10:00Z,4.471,55.0
0516W,Hofstra Student Garden,40.71923,-73.60202,2026-01-01T16:20:00Z,0.895,333.0
0516W,Hofstra Student Garden,40.71923,-73.60202,2026-01-01T16:30:00Z,1.79,344.0
0516W,Hofstra Student Garden,40.71923,-73.60202,2026-01-01T16:40:00Z,1.79,42.0
0516W,Hofstra Student Garden,40.71923,-73.60202,2026-01-01T16:50:00Z,0.895,43.0
0516W,Hofstra Student Garden,40.71923,-73.60202,2026-01-01T17:00:00Z,3.128,40.0
0516W,Hofstra Student Garden,40.71923,-73.60202,2026-01-01T17:10:00Z,1.79,27.0
0516W,Hofstra Student Garden,40.71923,-73.60202,2026-01-01T17:20:00Z,2.233,32.0
0516W,Hofstra Student Garden,40.71923,-73.60202,2026-01-01T17:30:00Z,1.79,61.0
0516W,Hofstra Student Garden,40.71923,-73.60202,2026-01-01T17:40:00Z,0.895,272.0
0516W,Hofstra Student Garden,40.71923,-73.60202,2026-01-01T17:50:00Z,1.79,40.0
0516W,Hofstra Student Garden,40.71923,-73.60202,2026-01-01T18:00:00Z,1.343,26.0
0516W,Hofstra Student Garden,40.71923,-73.60202,2026-01-01T18:10:00Z,2.233,48.0
0516W,Hofstra Student Garden,40.71923,-73.60202,2026-01-01T18:20:00Z,3.128,13.0
0516W,Hofstra Student Garden,40.71923,-73.60202,2026-01-01T18:30:00Z,3.128,285.0
0516W,Hofstra Student Garden,40.71923,-73.60202,2026-01-01T18:40:00Z,1.79,61.0
0516W,Hofstra Student Garden,40.71923,-73.60202,2026-01-01T18:50:00Z,0.448,82.0
0516W,Hofstra Student Garden,40.71923,-73.60202,2026-01-01T19:00:00Z,2.233,48.0
0516W,Hofstra Student Garden,40.71923,-73.60202,2026-01-01T19:10:00Z,1.343,290.0
0516W,Hofstra Student Garden,40.71923,-73.60202,2026-01-01T19:20:00Z,4.918,31.0
0516W,Hofstra Student Garden,40.71923,-73.60202,2026-01-01T19:30:00Z,2.233,28.0
0516W,Hofstra Student Garden,40.71923,-73.60202,2026-01-01T19:40:00Z,2.233,88.0
0516W,Hofstra Student Garden,40.71923,-73.60202,2026-01-01T19:50:00Z,2.68,62.0
0516W,Hofstra Student Garden,40.71923,-73.60202,2026-01-01T20:00:00Z,1.79,26.0
0516W,Hofstra Student Garden,40.71923,-73.60202,2026-01-01T20:10:00Z,1.343,305.0
0516W,Hofstra Student Garden,40.71923,-73.60202,2026-01-01T20:20:00Z,1.343,203.0
0516W,Hofstra Student Garden,40.71923,-73.60202,2026-01-01T20:30:00Z,0.448,12.0
0516W,Hofstra Student Garden,40.71923,-73.60202,2026-01-01T20:40:00Z,1.79,273.0
0516W,Hofstra Student Garden,40.71923,-73.60202,2026-01-01T20:50:00Z,1.79,308.0
0516W,Hofstra Student Garden,40.71923,-73.60202,2026-01-01T21:00:00Z,2.68,340.0
0516W,Hofstra Student Garden,40.71923,-73.60202,2026-01-01T21:10:00Z,0.448,19.0
0516W,Hofstra Student Garden,40.71923,-73.60202,2026-01-01T21:20:00Z,1.343,328.0
0516W,Hofstra Student Garden,40.71923,-73.60202,2026-01-01T21:30:00Z,4.471,34.0
0516W,Hofstra Student Garden,40.71923,-73.60202,2026-01-01T21:40:00Z,0.448,19.0
0516W,Hofstra Student Garden,40.71923,-73.60202,2026-01-01T21:50:00Z,1.343,26.0
0516W,Hofstra Student Garden,40.71923,-73.60202,2026-01-01T22:00:00Z,0.895,36.0
0516W,Hofstra Student Garden,40.71923,-73.60202,2026-01-01T22:10:00Z,1.343,51.0
0516W,Hofstra Student Garden,40.71923,-73.60202,2026-01-01T22:20:00Z,0.448,325.0
0516W,Hofstra Student Garden,40.71923,-73.60202,2026-01-01T22:30:00Z,0.895,23.0
0516W,Hofstra Student Garden,40.71923,-73.60202,2026-01-01T22:40:00Z,2.233,310.0
0516W,Hofstra Student Garden,40.71923,-73.60202,2026-01-01T22:50:00Z,1.79,26.0
0516W,Hofstra Student Garden,40.71923,-73.60202,2026-01-01T23:00:00Z,1.79,41.0
0516W,Hofstra Student Garden,40.71923,-73.60202,2026-01-01T23:10:00Z,2.233,37.0
0516W,Hofstra Student Garden,40.71923,-73.60202,2026-01-01T23:20:00Z,1.79,49.0
0516W,Hofstra Student Garden,40.71923,-73.60202,2026-01-01T23:30:00Z,1.343,33.0
0516W,Hofstra Student Garden,40.71923,-73.60202,2026-01-01T23:40:00Z,1.79,40.0
0516W,Hofstra Student Garden,40.71923,-73.60202,2026-01-01T23:50:00Z,1.343,46.0
0516W,Hofstra Student Garden,40.71923,-73.60202,2026-01-02T00:00:00Z,1.343,24.0
0516W,Hofstra Student Garden,40.71923,-73.60202,2026-01-02T00:10:00Z,1.343,36.0
0516W,Hofstra Student Garden,40.71923,-73.60202,2026-01-02T00:20:00Z,1.343,60.0
0516W,Hofstra Student Garden,40.71923,-73.60202,2026-01-02T00:30:00Z,0.0,0.0
0516W,Hofstra Student Garden,40.71923,-73.60202,2026-01-02T00:40:00Z,0.448,40.0
0516W,Hofstra Student Garden,40.71923,-73.60202,2026-01-02T00:50:00Z,0.448,42.0
0516W,Hofstra Student Garden,40.71923,-73.60202,2026-01-02T01:00:00Z,1.79,47.0
0516W,Hofstra Student Garden,40.71923,-73.60202,2026-01-02T01:10:00Z,0.0,0.0
0516W,Hofstra Student Garden,40.71923,-73.60202,2026-01-02T01:20:00Z,0.0,0.0
0516W,Hofstra Student Garden,40.71923,-73.60202,2026-01-02T01:30:00Z,0.895,35.0
0516W,Hofstra Student Garden,40.71923,-73.60202,2026-01-02T01:40:00Z,0.0,0.0
0516W,Hofstra Student Garden,40.71923,-73.60202,2026-01-02T01:50:00Z,0.0,0.0
0516W,Hofstra Student Garden,40.71923,-73.60202,2026-01-02T02:00:00Z,0.0,0.0
0516W,Hofstra Student Garden,40.71923,-73.60202,2026-01-02T02:10:00Z,0.0,0.0
0516W,Hofstra Student Garden,40.71923,-73.60202,2026-01-02T02:20:00Z,0.448,38.0
0516W,Hofstra Student Garden,40.71923,-73.60202,2026-01-02T02:30:00Z,0.0,0.0
0516W,Hofstra Student Garden,40.71923,-73.60202,2026-01-02T02:40:00Z,0.0,0.0
0516W,Hofstra Student Garden,40.71923,-73.60202,2026-01-02T02:50:00Z,0.0,0.0
0516W,Hofstra Student Garden,40.71923,-73.60202,2026-01-02T03:00:00Z,0.0,0.0
0516W,Hofstra Student Garden,40.71923,-73.60202,2026-01-02T03:10:00Z,0.0,0.0
0516W,Hofstra Student Garden,40.71923,-73.60202,2026-01-02T03:20:00Z,0.0,0.0
0516W,Hofstra Student Garden,40.71923,-73.60202,2026-01-02T03:30:00Z,0.0,0.0
0516W,Hofstra Student Garden,40.71923,-73.60202,2026-01-02T03:40:00Z,0.0,0.0
0516W,Hofstra Student Garden,40.71923,-73.60202,2026-01-02T03:50:00Z,0.895,286.0
0516W,Hofstra Student Garden,40.71923,-73.60202,2026-01-02T04:00:00Z,0.0,0.0
0516W,Hofstra Student Garden,40.71923,-73.60202,2026-01-02T04:10:00Z,0.0,0.0
0516W,Hofstra Student Garden,40.71923,-73.60202,2026-01-02T04:20:00Z,0.0,0.0
0516W,Hofstra Student Garden,40.71923,-73.60202,2026-01-02T04:30:00Z,0.0,0.0
0516W,Hofstra Student Garden,40.71923,-73.60202,2026-01-02T04:40:00Z,0.895,298.0
0516W,Hofstra Student Garden,40.71923,-73.60202,2026-01-02T04:50:00Z,0.448,304.0
0516W,Hofstra Student Garden,40.71923,-73.60202,2026-01-02T05:00:00Z,0.0,0.0
0516W,Hofstra Student Garden,40.71923,-73.60202,2026-01-02T05:10:00Z,0.448,304.0
0516W,Hofstra Student Garden,40.71923,-73.60202,2026-01-02T05:20:00Z,0.448,313.0
0516W,Hofstra Student Garden,40.71923,-73.60202,2026-01-02T05:30:00Z,0.895,314.0
0516W,Hofstra Student Garden,40.71923,-73.60202,2026-01-02T05:40:00Z,0.895,288.0
0516W,Hofstra Student Garden,40.71923,-73.60202,2026-01-02T05:50:00Z,0.448,259.0
0516W,Hofstra Student Garden,40.71923,-73.60202,2026-01-02T06:00:00Z,0.448,266.0
0516W,Hofstra Student Garden,40.71923,-73.60202,2026-01-02T06:10:00Z,0.0,0.0
0516W,Hofstra Student Garden,40.71923,-73.60202,2026-01-02T06:20:00Z,0.448,274.0
0516W,Hofstra Student Garden,40.71923,-73.60202,2026-01-02T06:40:00Z,0.895,215.0
0516W,Hofstra Student Garden,40.71923,-73.60202,2026-01-02T06:50:00Z,0.0,0.0
0516W,Hofstra Student Garden,40.71923,-73.60202,2026-01-02T07:00:00Z,0.0,0.0
0516W,Hofstra Student Garden,40.71923,-73.60202,2026-01-02T07:10:00Z,0.895,22.0
0516W,Hofstra Student Garden,40.71923,-73.60202,2026-01-02T07:20:00Z,0.895,23.0
0516W,Hofstra Student Garden,40.71923,-73.60202,2026-01-02T07:30:00Z,0.895,48.0
0516W,Hofstra Student Garden,40.71923,-73.60202,2026-01-02T07:40:00Z,0.0,0.0
0516W,Hofstra Student Garden,40.71923,-73.60202,2026-01-02T07:50:00Z,0.448,327.0
0516W,Hofstra Student Garden,40.71923,-73.60202,2026-01-02T08:00:00Z,0.448,303.0
0516W,Hofstra Student Garden,40.71923,-73.60202,2026-01-02T08:10:00Z,0.448,308.0
0516W,Hofstra Student Garden,40.71923,-73.60202,2026-01-02T08:20:00Z,0.0,0.0
0516W,Hofstra Student Garden,40.71923,-73.60202,2026-01-02T08:30:00Z,0.0,0.0
0516W,Hofstra Student Garden,40.71923,-73.60202,2026-01-02T08:40:00Z,0.448,302.0
0516W,Hofstra Student Garden,40.71923,-73.60202,2026-01-02T08:50:00Z,0.895,298.0
0516W,Hofstra Student Garden,40.71923,-73.60202,2026-01-02T09:00:00Z,0.0,0.0
0516W,Hofstra Student Garden,40.71923,-73.60202,2026-01-02T09:10:00Z,0.0,0.0
0516W,Hofstra Student Garden,40.71923,-73.60202,2026-01-02T09:20:00Z,0.895,286.0
0516W,Hofstra Student Garden,40.71923,-73.60202,2026-01-02T09:30:00Z,1.343,231.0
0516W,Hofstra Student Garden,40.71923,-73.60202,2026-01-02T09:40:00Z,0.448,264.0
0516W,Hofstra Student Garden,40.71923,-73.60202,2026-01-02T09:50:00Z,0.0,0.0
0516W,Hofstra Student Garden,40.71923,-73.60202,2026-01-02T10:10:00Z,0.895,269.0
0516W,Hofstra Student Garden,40.71923,-73.60202,2026-01-02T10:20:00Z,0.448,315.0
0516W,Hofstra Student Garden,40.71923,-73.60202,2026-01-02T10:30:00Z,1.343,294.0
0516W,Hofstra Student Garden,40.71923,-73.60202,2026-01-02T10:40:00Z,0.895,307.0
0516W,Hofstra Student Garden,40.71923,-73.60202,2026-01-02T10:50:00Z,1.343,292.0
0516W,Hofstra Student Garden,40.71923,-73.60202,2026-01-02T11:00:00Z,1.343,301.0
0516W,Hofstra Student Garden,40.71923,-73.60202,2026-01-02T11:10:00Z,0.448,279.0
0516W,Hofstra Student Garden,40.71923,-73.60202,2026-01-02T11:20:00Z,0.448,269.0
0516W,Hofstra Student Garden,40.71923,-73.60202,2026-01-02T11:30:00Z,0.0,0.0
0516W,Hofstra Student Garden,40.71923,-73.60202,2026-01-02T11:40:00Z,0.0,0.0
0516W,Hofstra Student Garden,40.71923,-73.60202,2026-01-02T11:50:00Z,0.448,336.0
0516W,Hofstra Student Garden,40.71923,-73.60202,2026-01-02T12:00:00Z,0.0,0.0
0516W,Hofstra Student Garden,40.71923,-73.60202,2026-01-02T12:10:00Z,0.448,248.0
0516W,Hofstra Student Garden,40.71923,-73.60202,2026-01-02T12:20:00Z,0.448,262.0
0516W,Hofstra Student Garden,40.71923,-73.60202,2026-01-02T12:30:00Z,0.895,270.0
0516W,Hofstra Student Garden,40.71923,-73.60202,2026-01-02T12:40:00Z,0.895,321.0
0516W,Hofstra Student Garden,40.71923,-73.60202,2026-01-02T12:50:00Z,0.448,316.0
0516W,Hofstra Student Garden,40.71923,-73.60202,2026-01-02T13:00:00Z,0.448,304.0
0516W,Hofstra Student Garden,40.71923,-73.60202,2026-01-02T13:10:00Z,0.895,309.0
0516W,Hofstra Student Garden,40.71923,-73.60202,2026-01-02T13:20:00Z,1.343,303.0
0516W,Hofstra Student Garden,40.71923,-73.60202,2026-01-02T13:30:00Z,0.0,0.0
0516W,Hofstra Student Garden,40.71923,-73.60202,2026-01-02T13:40:00Z,0.895,257.0
0516W,Hofstra Student Garden,40.71923,-73.60202,2026-01-02T13:50:00Z,0.895,261.0
0516W,Hofstra Student Garden,40.71923,-73.60202,2026-01-02T14:00:00Z,0.448,300.0
0516W,Hofstra Student Garden,40.71923,-73.60202,2026-01-02T14:10:00Z,0.895,292.0
0516W,Hofstra Student Garden,40.71923,-73.60202,2026-01-02T14:20:00Z,0.448,258.0
0516W,Hofstra Student Garden,40.71923,-73.60202,2026-01-02T14:30:00Z,0.448,294.0
0516W,Hofstra Student Garden,40.71923,-73.60202,2026-01-02T14:40:00Z,0.0,0.0
0516W,Hofstra Student Garden,40.71923,-73.60202,2026-01-02T14:50:00Z,0.0,0.0
0516W,Hofstra Student Garden,40.71923,-73.60202,2026-01-02T15:00:00Z,0.448,295.0
0516W,Hofstra Student Garden,40.71923,-73.60202,2026-01-02T15:10:00Z,0.448,284.0
0516W,Hofstra Student Garden,40.71923,-73.60202,2026-01-02T15:20:00Z,0.895,277.0
0516W,Hofstra Student Garden,40.71923,-73.60202,2026-01-02T15:30:00Z,0.0,0.0
0516W,Hofstra Student Garden,40.71923,-73.60202,2026-01-02T15:40:00Z,1.343,265.0
0516W,Hofstra Student Garden,40.71923,-73.60202,2026-01-02T15:50:00Z,0.895,302.0
0516W,Hofstra Student Garden,40.71923,-73.60202,2026-01-02T16:00:00Z,0.448,289.0
0516W,Hofstra Student Garden,40.71923,-73.60202,2026-01-02T17:10:00Z,0.0,0.0
0516W,Hofstra Student Garden,40.71923,-73.60202,2026-01-02T17:20:00Z,0.448,298.0
0516W,Hofstra Student Garden,40.71923,-73.60202,2026-01-02T17:30:00Z,0.0,0.0
0516W,Hofstra Student Garden,40.71923,-73.60202,2026-01-02T17:40:00Z,0.448,291.0
0516W,Hofstra Student Garden,40.71923,-73.60202,2026-01-02T17:50:00Z,0.448,293.0
0516W,Hofstra Student Garden,40.71923,-73.60202,2026-01-02T18:00:00Z,0.895,302.0
0516W,Hofstra Student Garden,40.71923,-73.60202,2026-01-02T18:10:00Z,0.448,296.0
0516W,Hofstra Student Garden,40.71923,-73.60202,2026-01-02T18:20:00Z,3.128,259.0
0516W,Hofstra Student Garden,40.71923,-73.60202,2026-01-02T18:30:00Z,0.895,281.0
0516W,Hofstra Student Garden,40.71923,-73.60202,2026-01-02T18:40:00Z,1.343,298.0
0516W,Hofstra Student Garden,40.71923,-73.60202,2026-01-02T18:50:00Z,1.79,262.0
0516W,Hofstra Student Garden,40.71923,-73.60202,2026-01-02T19:00:00Z,0.895,284.0
0516W,Hofstra Student Garden,40.71923,-73.60202,2026-01-02T19:10:00Z,0.448,265.0
0516W,Hofstra Student Garden,40.71923,-73.60202,2026-01-02T19:20:00Z,0.448,306.0
0516W,Hofstra Student Garden,40.71923,-73.60202,2026-01-02T19:30:00Z,0.895,286.0
0516W,Hofstra Student Garden,40.71923,-73.60202,2026-01-02T19:40:00Z,0.0,0.0
0516W,Hofstra Student Garden,40.71923,-73.60202,2026-01-02T19:50:00Z,0.448,295.0
0516W,Hofstra Student Garden,40.71923,-73.60202,2026-01-02T20:00:00Z,0.448,281.0
0516W,Hofstra Student Garden,40.71923,-73.60202,2026-01-02T20:10:00Z,0.895,309.0
0516W,Hofstra Student Garden,40.71923,-73.60202,2026-01-02T20:20:00Z,0.0,0.0
0516W,Hofstra Student Garden,40.71923,-73.60202,2026-01-02T20:30:00Z,1.79,273.0
0516W,Hofstra Student Garden,40.71923,-73.60202,2026-01-02T20:40:00Z,0.448,295.0
0516W,Hofstra Student Garden,40.71923,-73.60202,2026-01-02T20:50:00Z,0.895,300.0
0516W,Hofstra Student Garden,40.71923,-73.60202,2026-01-02T21:00:00Z,0.448,314.0
0516W,Hofstra Student Garden,40.71923,-73.60202,2026-01-02T21:10:00Z,0.0,0.0
0516W,Hofstra Student Garden,40.71923,-73.60202,2026-01-02T21:20:00Z,0.0,0.0
0516W,Hofstra Student Garden,40.71923,-73.60202,2026-01-02T21:30:00Z,0.0,0.0
0516W,Hofstra Student Garden,40.71923,-73.60202,2026-01-02T21:40:00Z,1.343,304.0
0516W,Hofstra Student Garden,40.71923,-73.60202,2026-01-02T21:50:00Z,0.448,9.0
0516W,Hofstra Student Garden,40.71923,-73.60202,2026-01-02T22:00:00Z,0.448,331.0
0516W,Hofstra Student Garden,40.71923,-73.60202,2026-01-02T22:10:00Z,1.343,29.0
0516W,Hofstra Student Garden,40.71923,-73.60202,2026-01-02T22:20:00Z,0.448,350.0
0516W,Hofstra Student Garden,40.71923,-73.60202,2026-01-02T22:30:00Z,0.0,0.0
0516W,Hofstra Student Garden,40.71923,-73.60202,2026-01-02T22:40:00Z,1.79,360.0
0516W,Hofstra Student Garden,40.71923,-73.60202,2026-01-02T22:50:00Z,0.448,360.0
0516W,Hofstra Student Garden,40.71923,-73.60202,2026-01-02T23:00:00Z,0.895,38.0
0516W,Hofstra Student Garden,40.71923,-73.60202,2026-01-02T23:10:00Z,0.448,5.0
0516W,Hofstra Student Garden,40.71923,-73.60202,2026-01-02T23:20:00Z,0.0,0.0
0516W,Hofstra Student Garden,40.71923,-73.60202,2026-01-02T23:30:00Z,0.448,19.0
0516W,Hofstra Student Garden,40.71923,-73.60202,2026-01-02T23:40:00Z,1.343,19.0
0516W,Hofstra Student Garden,40.71923,-73.60202,2026-01-02T23:50:00Z,1.343,34.0
0516W,Hofstra Student Garden,40.71923,-73.60202,2026-01-03T00:00:00Z,2.68,29.0
0516W,Hofstra Student Garden,40.71923,-73.60202,2026-01-03T00:10:00Z,0.895,45.0
0516W,Hofstra Student Garden,40.71923,-73.60202,2026-01-03T00:20:00Z,0.448,323.0
0516W,Hofstra Student Garden,40.71923,-73.60202,2026-01-03T00:30:00Z,0.448,36.0
0516W,Hofstra Student Garden,40.71923,-73.60202,2026-01-03T00:40:00Z,0.448,346.0
0516W,Hofstra Student Garden,40.71923,-73.60202,2026-01-03T00:50:00Z,0.448,31.0
0516W,Hofstra Student Garden,40.71923,-73.60202,2026-01-03T01:00:00Z,0.448,22.0
0516W,Hofstra Student Garden,40.71923,-73.60202,2026-01-03T01:10:00Z,0.0,0.0
0516W,Hofstra Student Garden,40.71923,-73.60202,2026-01-03T01:20:00Z,0.448,5.0
0516W,Hofstra Student Garden,40.71923,-73.60202,2026-01-03T01:30:00Z,0.0,0.0
0516W,Hofstra Student Garden,40.71923,-73.60202,2026-01-03T01:40:00Z,0.0,0.0
0516W,Hofstra Student Garden,40.71923,-73.60202,2026-01-03T01:50:00Z,0.0,0.0
0516W,Hofstra Student Garden,40.71923,-73.60202,2026-01-03T02:00:00Z,0.0,0.0
0516W,Hofstra Student Garden,40.71923,-73.60202,2026-01-03T02:10:00Z,0.0,0.0
0516W,Hofstra Student Garden,40.71923,-73.60202,2026-01-03T02:20:00Z,0.0,0.0
0516W,Hofstra Student Garden,40.71923,-73.60202,2026-01-03T02:30:00Z,0.0,0.0
0516W,Hofstra Student Garden,40.71923,-73.60202,2026-01-03T02:40:00Z,0.0,0.0
0516W,Hofstra Student Garden,40.71923,-73.60202,2026-01-03T02:50:00Z,0.0,0.0
0516W,Hofstra Student Garden,40.71923,-73.60202,2026-01-03T03:00:00Z,0.448,316.0
0516W,Hofstra Student Garden,40.71923,-73.60202,2026-01-03T03:10:00Z,0.895,51.0
0516W,Hofstra Student Garden,40.71923,-73.60202,2026-01-03T03:20:00Z,0.0,0.0
0516W,Hofstra Student Garden,40.71923,-73.60202,2026-01-03T03:30:00Z,0.895,27.0
0516W,Hofstra Student Garden,40.71923,-73.60202,2026-01-03T03:40:00Z,1.79,30.0
0516W,Hofstra Student Garden,40.71923,-73.60202,2026-01-03T03:50:00Z,0.895,334.0
0516W,Hofstra Student Garden,40.71923,-73.60202,2026-01-03T04:00:00Z,1.343,21.0
0516W,Hofstra Student Garden,40.71923,-73.60202,2026-01-03T04:10:00Z,0.895,36.0
0516W,Hofstra Student Garden,40.71923,-73.60202,2026-01-03T04:20:00Z,1.343,41.0
0516W,Hofstra Student Garden,40.71923,-73.60202,2026-01-03T04:30:00Z,1.343,17.0
0516W,Hofstra Student Garden,40.71923,-73.60202,2026-01-03T04:40:00Z,0.895,38.0
0516W,Hofstra Student Garden,40.71923,-73.60202,2026-01-03T04:50:00Z,0.895,29.0
0516W,Hofstra Student Garden,40.71923,-73.60202,2026-01-03T05:00:00Z,0.895,22.0
0516W,Hofstra Student Garden,40.71923,-73.60202,2026-01-03T05:10:00Z,0.448,34.0
0516W,Hofstra Student Garden,40.71923,-73.60202,2026-01-03T05:20:00Z,0.448,16.0
0516W,Hofstra Student Garden,40.71923,-73.60202,2026-01-03T05:30:00Z,0.895,29.0
0516W,Hofstra Student Garden,40.71923,-73.60202,2026-01-03T05:40:00Z,0.0,0.0
0516W,Hofstra Student Garden,40.71923,-73.60202,2026-01-03T05:50:00Z,0.0,0.0
0516W,Hofstra Student Garden,40.71923,-73.60202,2026-01-03T06:00:00Z,1.343,336.0
0516W,Hofstra Student Garden,40.71923,-73.60202,2026-01-03T06:10:00Z,0.895,34.0
0516W,Hofstra Student Garden,40.71923,-73.60202,2026-01-03T06:20:00Z,0.448,9.0
0516W,Hofstra Student Garden,40.71923,-73.60202,2026-01-03T06:30:00Z,0.0,0.0
0516W,Hofstra Student Garden,40.71923,-73.60202,2026-01-03T06:40:00Z,1.79,26.0
0516W,Hofstra Student Garden,40.71923,-73.60202,2026-01-03T06:50:00Z,0.895,5.0
0516W,Hofstra Student Garden,40.71923,-73.60202,2026-01-03T07:00:00Z,0.0,0.0
0516W,Hofstra Student Garden,40.71923,-73.60202,2026-01-03T07:10:00Z,0.0,0.0
0516W,Hofstra Student Garden,40.71923,-73.60202,2026-01-03T07:20:00Z,0.448,348.0
0516W,Hofstra Student Garden,40.71923,-73.60202,2026-01-03T07:30:00Z,1.343,28.0
0516W,Hofstra Student Garden,40.71923,-73.60202,2026-01-03T07:40:00Z,1.79,55.0
0516W,Hofstra Student Garden,40.71923,-73.60202,2026-01-03T07:50:00Z,0.895,360.0
0516W,Hofstra Student Garden,40.71923,-73.60202,2026-01-03T08:10:00Z,0.448,347.0
0516W,Hofstra Student Garden,40.71923,-73.60202,2026-01-03T08:20:00Z,0.0,0.0
0516W,Hofstra Student Garden,40.71923,-73.60202,2026-01-03T08:30:00Z,0.448,49.0
0516W,Hofstra Student Garden,40.71923,-73.60202,2026-01-03T08:40:00Z,0.0,0.0
0516W,Hofstra Student Garden,40.71923,-73.60202,2026-01-03T08:50:00Z,0.448,338.0
0516W,Hofstra Student Garden,40.71923,-73.60202,2026-01-03T09:00:00Z,0.448,333.0
0516W,Hofstra Student Garden,40.71923,-73.60202,2026-01-03T09:10:00Z,0.0,0.0
0516W,Hofstra Student Garden,40.71923,-73.60202,2026-01-03T09:20:00Z,0.448,291.0
0516W,Hofstra Student Garden,40.71923,-73.60202,2026-01-03T09:30:00Z,0.0,0.0
0516W,Hofstra Student Garden,40.71923,-73.60202,2026-01-03T09:40:00Z,0.448,21.0
0516W,Hofstra Student Garden,40.71923,-73.60202,2026-01-03T09:50:00Z,0.0,0.0
0516W,Hofstra Student Garden,40.71923,-73.60202,2026-01-03T10:10:00Z,0.0,0.0
0516W,Hofstra Student Garden,40.71923,-73.60202,2026-01-03T10:20:00Z,0.0,0.0
0516W,Hofstra Student Garden,40.71923,-73.60202,2026-01-03T10:30:00Z,0.448,313.0
0516W,Hofstra Student Garden,40.71923,-73.60202,2026-01-03T10:40:00Z,0.448,317.0
0516W,Hofstra Student Garden,40.71923,-73.60202,2026-01-03T10:50:00Z,0.0,0.0
0516W,Hofstra Student Garden,40.71923,-73.60202,2026-01-03T11:00:00Z,0.0,0.0
0516W,Hofstra Student Garden,40.71923,-73.60202,2026-01-03T11:10:00Z,0.448,343.0
0516W,Hofstra Student Garden,40.71923,-73.60202,2026-01-03T11:20:00Z,0.0,0.0
0516W,Hofstra Student Garden,40.71923,-73.60202,2026-01-03T11:30:00Z,0.0,0.0
0516W,Hofstra Student Garden,40.71923,-73.60202,2026-01-03T11:40:00Z,0.0,0.0
0516W,Hofstra Student Garden,40.71923,-73.60202,2026-01-03T11:50:00Z,0.0,0.0
0516W,Hofstra Student Garden,40.71923,-73.60202,2026-01-03T12:00:00Z,0.448,340.0
0516W,Hofstra Student Garden,40.71923,-73.60202,2026-01-03T12:10:00Z,0.0,0.0
0516W,Hofstra Student Garden,40.71923,-73.60202,2026-01-03T12:20:00Z,0.895,96.0
0516W,Hofstra Student Garden,40.71923,-73.60202,2026-01-03T12:30:00Z,0.895,51.0
0516W,Hofstra Student Garden,40.71923,-73.60202,2026-01-03T12:40:00Z,0.0,0.0
0516W,Hofstra Student Garden,40.71923,-73.60202,2026-01-03T12:50:00Z,0.0,0.0
0516W,Hofstra Student Garden,40.71923,-73.60202,2026-01-03T13:00:00Z,0.448,299.0
0516W,Hofstra Student Garden,40.71923,-73.60202,2026-01-03T13:10:00Z,0.448,315.0
0516W,Hofstra Student Garden,40.71923,-73.60202,2026-01-03T13:20:00Z,0.0,0.0
0516W,Hofstra Student Garden,40.71923,-73.60202,2026-01-03T13:30:00Z,0.0,0.0
0516W,Hofstra Student Garden,40.71923,-73.60202,2026-01-03T13:40:00Z,0.448,287.0
0516W,Hofstra Student Garden,40.71923,-73.60202,2026-01-03T13:50:00Z,1.343,34.0
0516W,Hofstra Student Garden,40.71923,-73.60202,2026-01-03T14:00:00Z,0.895,35.0
0516W,Hofstra Student Garden,40.71923,-73.60202,2026-01-03T14:10:00Z,2.68,22.0
0516W,Hofstra Student Garden,40.71923,-73.60202,2026-01-03T14:20:00Z,2.68,26.0
0516W,Hofstra Student Garden,40.71923,-73.60202,2026-01-03T14:30:00Z,1.343,18.0
0516W,Hofstra Student Garden,40.71923,-73.60202,2026-01-03T14:40:00Z,2.233,17.0
0516W,Hofstra Student Garden,40.71923,-73.60202,2026-01-03T14:50:00Z,0.895,53.0
0516W,Hofstra Student Garden,40.71923,-73.60202,2026-01-03T15:00:00Z,0.895,332.0
0516W,Hofstra Student Garden,40.71923,-73.60202,2026-01-03T15:10:00Z,2.233,59.0
0516W,Hofstra Student Garden,40.71923,-73.60202,2026-01-03T15:20:00Z,1.79,34.0
0516W,Hofstra Student Garden,40.71923,-73.60202,2026-01-03T15:30:00Z,0.448,5.0
0516W,Hofstra Student Garden,40.71923,-73.60202,2026-01-03T15:40:00Z,0.895,360.0
0516W,Hofstra Student Garden,40.71923,-73.60202,2026-01-03T15:50:00Z,0.895,40.0
0516W,Hofstra Student Garden,40.71923,-73.60202,2026-01-03T16:00:00Z,1.79,32.0
0516W,Hofstra Student Garden,40.71923,-73.60202,2026-01-03T16:10:00Z,0.895,309.0
0516W,Hofstra Student Garden,40.71923,-73.60202,2026-01-03T16:20:00Z,1.343,43.0
0516W,Hofstra Student Garden,40.71923,-73.60202,2026-01-03T16:30:00Z,0.895,63.0
0516W,Hofstra Student Garden,40.71923,-73.60202,2026-01-03T16:40:00Z,0.895,347.0
0516W,Hofstra Student Garden,40.71923,-73.60202,2026-01-03T16:50:00Z,0.448,36.0
0516W,Hofstra Student Garden,40.71923,-73.60202,2026-01-03T17:00:00Z,0.895,338.0
0516W,Hofstra Student Garden,40.71923,-73.60202,2026-01-03T17:10:00Z,0.448,40.0
0516W,Hofstra Student Garden,40.71923,-73.60202,2026-01-03T17:20:00Z,0.0,0.0
0516W,Hofstra Student Garden,40.71923,-73.60202,2026-01-03T17:30:00Z,0.895,38.0
0516W,Hofstra Student Garden,40.71923,-73.60202,2026-01-03T17:40:00Z,0.448,352.0
0516W,Hofstra Student Garden,40.71923,-73.60202,2026-01-03T17:50:00Z,0.895,360.0
0516W,Hofstra Student Garden,40.71923,-73.60202,2026-01-03T18:00:00Z,0.448,319.0
0516W,Hofstra Student Garden,40.71923,-73.60202,2026-01-03T18:10:00Z,0.448,30.0
0516W,Hofstra Student Garden,40.71923,-73.60202,2026-01-03T18:20:00Z,2.68,51.0
0516W,Hofstra Student Garden,40.71923,-73.60202,2026-01-03T18:30:00Z,0.448,350.0
0516W,Hofstra Student Garden,40.71923,-73.60202,2026-01-03T18:40:00Z,1.79,22.0
0516W,Hofstra Student Garden,40.71923,-73.60202,2026-01-03T18:50:00Z,0.448,321.0
0516W,Hofstra Student Garden,40.71923,-73.60202,2026-01-03T19:00:00Z,1.343,23.0
0516W,Hofstra Student Garden,40.71923,-73.60202,2026-01-03T19:10:00Z,1.343,42.0
0516W,Hofstra Student Garden,40.71923,-73.60202,2026-01-03T19:20:00Z,1.79,24.0
0516W,Hofstra Student Garden,40.71923,-73.60202,2026-01-03T19:30:00Z,0.448,44.0
0516W,Hofstra Student Garden,40.71923,-73.60202,2026-01-03T19:40:00Z,0.895,360.0
0516W,Hofstra Student Garden,40.71923,-73.60202,2026-01-03T19:50:00Z,0.0,0.0
0516W,Hofstra Student Garden,40.71923,-73.60202,2026-01-03T20:00:00Z,1.343,39.0
0516W,Hofstra Student Garden,40.71923,-73.60202,2026-01-03T20:10:00Z,0.895,29.0
0516W,Hofstra Student Garden,40.71923,-73.60202,2026-01-03T20:20:00Z,0.895,342.0
0516W,Hofstra Student Garden,40.71923,-73.60202,2026-01-03T20:30:00Z,0.895,51.0
0516W,Hofstra Student Garden,40.71923,-73.60202,2026-01-03T20:40:00Z,0.895,306.0
0516W,Hofstra Student Garden,40.71923,-73.60202,2026-01-03T20:50:00Z,0.0,0.0
0516W,Hofstra Student Garden,40.71923,-73.60202,2026-01-03T21:00:00Z,0.448,342.0
0516W,Hofstra Student Garden,40.71923,-73.60202,2026-01-03T21:10:00Z,0.0,0.0
0516W,Hofstra Student Garden,40.71923,-73.60202,2026-01-03T21:20:00Z,0.0,0.0
0516W,Hofstra Student Garden,40.71923,-73.60202,2026-01-03T21:30:00Z,0.0,0.0
0516W,Hofstra Student Garden,40.71923,-73.60202,2026-01-03T21:40:00Z,0.0,0.0
0516W,Hofstra Student Garden,40.71923,-73.60202,2026-01-03T21:50:00Z,0.0,0.0
0516W,Hofstra Student Garden,40.71923,-73.60202,2026-01-03T22:00:00Z,0.0,0.0
0516W,Hofstra Student Garden,40.71923,-73.60202,2026-01-03T22:10:00Z,0.0,0.0
0516W,Hofstra Student Garden,40.71923,-73.60202,2026-01-03T22:20:00Z,0.0,0.0
0516W,Hofstra Student Garden,40.71923,-73.60202,2026-01-03T22:30:00Z,0.895,32.0
0516W,Hofstra Student Garden,40.71923,-73.60202,2026-01-03T22:40:00Z,0.0,0.0
0516W,Hofstra Student Garden,40.71923,-73.60202,2026-01-03T22:50:00Z,0.0,0.0
0516W,Hofstra Student Garden,40.71923,-73.60202,2026-01-03T23:00:00Z,0.0,0.0
0516W,Hofstra Student Garden,40.71923,-73.60202,2026-01-03T23:10:00Z,0.0,0.0
0516W,Hofstra Student Garden,40.71923,-73.60202,2026-01-03T23:20:00Z,0.0,0.0
0516W,Hofstra Student Garden,40.71923,-73.60202,2026-01-03T23:30:00Z,0.0,0.0
0516W,Hofstra Student Garden,40.71923,-73.60202,2026-01-03T23:40:00Z,0.0,0.0
0516W,Hofstra Student Garden,40.71923,-73.60202,2026-01-03T23:50:00Z,0.0,0.0
0516W,Hofstra Student Garden,40.71923,-73.60202,2026-01-04T00:00:00Z,0.0,0.0
0516W,Hofstra Student Garden,40.71923,-73.60202,2026-01-04T00:10:00Z,0.0,0.0
0516W,Hofstra Student Garden,40.71923,-73.60202,2026-01-04T00:20:00Z,0.0,0.0
0516W,Hofstra Student Garden,40.71923,-73.60202,2026-01-04T00:30:00Z,0.0,0.0
0516W,Hofstra Student Garden,40.71923,-73.60202,2026-01-04T00:40:00Z,0.0,0.0
0516W,Hofstra Student Garden,40.71923,-73.60202,2026-01-04T00:50:00Z,0.0,0.0
0516W,Hofstra Student Garden,40.71923,-73.60202,2026-01-04T01:00:00Z,0.0,0.0
0516W,Hofstra Student Garden,40.71923,-73.60202,2026-01-04T01:10:00Z,0.0,0.0
0516W,Hofstra Student Garden,40.71923,-73.60202,2026-01-04T01:20:00Z,0.0,0.0
0516W,Hofstra Student Garden,40.71923,-73.60202,2026-01-04T01:30:00Z,0.0,0.0
0516W,Hofstra Student Garden,40.71923,-73.60202,2026-01-04T01:40:00Z,0.0,0.0
0516W,Hofstra Student Garden,40.71923,-73.60202,2026-01-04T01:50:00Z,0.0,0.0
0516W,Hofstra Student Garden,40.71923,-73.60202,2026-01-04T02:00:00Z,0.0,0.0
0516W,Hofstra Student Garden,40.71923,-73.60202,2026-01-04T02:10:00Z,0.0,0.0
0516W,Hofstra Student Garden,40.71923,-73.60202,2026-01-04T02:20:00Z,0.0,0.0
0516W,Hofstra Student Garden,40.71923,-73.60202,2026-01-04T02:30:00Z,0.0,0.0
0516W,Hofstra Student Garden,40.71923,-73.60202,2026-01-04T02:40:00Z,0.0,0.0
0516W,Hofstra Student Garden,40.71923,-73.60202,2026-01-04T02:50:00Z,0.0,0.0
0516W,Hofstra Student Garden,40.71923,-73.60202,2026-01-04T03:00:00Z,0.0,0.0
0516W,Hofstra Student Garden,40.71923,-73.60202,2026-01-04T03:10:00Z,0.0,0.0
0516W,Hofstra Student Garden,40.71923,-73.60202,2026-01-04T03:20:00Z,0.448,5.0
0516W,Hofstra Student Garden,40.71923,-73.60202,2026-01-04T03:30:00Z,0.0,0.0
0516W,Hofstra Student Garden,40.71923,-73.60202,2026-01-04T03:40:00Z,0.448,26.0
0516W,Hofstra Student Garden,40.71923,-73.60202,2026-01-04T03:50:00Z,0.895,29.0
0516W,Hofstra Student Garden,40.71923,-73.60202,2026-01-04T04:00:00Z,0.895,26.0
0516W,Hofstra Student Garden,40.71923,-73.60202,2026-01-04T04:10:00Z,0.448,27.0
0516W,Hofstra Student Garden,40.71923,-73.60202,2026-01-04T04:20:00Z,0.448,25.0
0516W,Hofstra Student Garden,40.71923,-73.60202,2026-01-04T04:30:00Z,0.448,23.0
0516W,Hofstra Student Garden,40.71923,-73.60202,2026-01-04T04:40:00Z,0.0,0.0
0516W,Hofstra Student Garden,40.71923,-73.60202,2026-01-04T04:50:00Z,0.448,24.0
0516W,Hofstra Student Garden,40.71923,-73.60202,2026-01-04T05:00:00Z,0.448,26.0
0516W,Hofstra Student Garden,40.71923,-73.60202,2026-01-04T05:30:00Z,0.448,17.0
0516W,Hofstra Student Garden,40.71923,-73.60202,2026-01-04T05:40:00Z,0.448,33.0
0516W,Hofstra Student Garden,40.71923,-73.60202,2026-01-04T05:50:00Z,0.448,33.0
0516W,Hofstra Student Garden,40.71923,-73.60202,2026-01-04T06:00:00Z,0.448,32.0
0516W,Hofstra Student Garden,40.71923,-73.60202,2026-01-04T06:10:00Z,0.895,37.0
0516W,Hofstra Student Garden,40.71923,-73.60202,2026-01-04T06:20:00Z,0.448,17.0
0516W,Hofstra Student Garden,40.71923,-73.60202,2026-01-04T06:40:00Z,1.343,23.0
0516W,Hofstra Student Garden,40.71923,-73.60202,2026-01-04T06:50:00Z,0.448,19.0
0516W,Hofstra Student Garden,40.71923,-73.60202,2026-01-04T07:10:00Z,1.343,23.0
0516W,Hofstra Student Garden,40.71923,-73.60202,2026-01-04T07:20:00Z,0.895,17.0
0516W,Hofstra Student Garden,40.71923,-73.60202,2026-01-04T07:30:00Z,0.448,38.0
0516W,Hofstra Student Garden,40.71923,-73.60202,2026-01-04T07:40:00Z,0.895,34.0
0516W,Hofstra Student Garden,40.71923,-73.60202,2026-01-04T07:50:00Z,0.448,38.0
0516W,Hofstra Student Garden,40.71923,-73.60202,2026-01-04T08:00:00Z,0.895,35.0
0516W,Hofstra Student Garden,40.71923,-73.60202,2026-01-04T08:10:00Z,1.343,26.0
0516W,Hofstra Student Garden,40.71923,-73.60202,2026-01-04T08:20:00Z,0.448,36.0
0516W,Hofstra Student Garden,40.71923,-73.60202,2026-01-04T08:30:00Z,0.895,35.0
0516W,Hofstra Student Garden,40.71923,-73.60202,2026-01-04T08:40:00Z,0.448,22.0
0516W,Hofstra Student Garden,40.71923,-73.60202,2026-01-04T08:50:00Z,0.0,0.0
0516W,Hofstra Student Garden,40.71923,-73.60202,2026-01-04T09:00:00Z,0.895,23.0
0516W,Hofstra Student Garden,40.71923,-73.60202,2026-01-04T09:10:00Z,0.0,0.0
0516W,Hofstra Student Garden,40.71923,-73.60202,2026-01-04T09:20:00Z,0.895,29.0
0516W,Hofstra Student Garden,40.71923,-73.60202,2026-01-04T09:30:00Z,0.895,35.0
0516W,Hofstra Student Garden,40.71923,-73.60202,2026-01-04T09:40:00Z,0.895,29.0
0516W,Hofstra Student Garden,40.71923,-73.60202,2026-01-04T09:50:00Z,0.895,40.0
0516W,Hofstra Student Garden,40.71923,-73.60202,2026-01-04T10:10:00Z,0.448,28.0
0516W,Hofstra Student Garden,40.71923,-73.60202,2026-01-04T10:20:00Z,0.895,35.0
0516W,Hofstra Student Garden,40.71923,-73.60202,2026-01-04T10:30:00Z,0.895,31.0
0516W,Hofstra Student Garden,40.71923,-73.60202,2026-01-04T10:40:00Z,1.343,26.0
0516W,Hofstra Student Garden,40.71923,-73.60202,2026-01-04T10:50:00Z,0.895,36.0
0516W,Hofstra Student Garden,40.71923,-73.60202,2026-01-04T11:00:00Z,0.895,38.0
0516W,Hofstra Student Garden,40.71923,-73.60202,2026-01-04T11:10:00Z,0.895,26.0
0516W,Hofstra Student Garden,40.71923,-73.60202,2026-01-04T11:20:00Z,0.895,27.0
0516W,Hofstra Student Garden,40.71923,-73.60202,2026-01-04T11:30:00Z,0.448,24.0
0516W,Hofstra Student Garden,40.71923,-73.60202,2026-01-04T11:40:00Z,0.895,35.0
0516W,Hofstra Student Garden,40.71923,-73.60202,2026-01-04T11:50:00Z,0.895,31.0
0516W,Hofstra Student Garden,40.71923,-73.60202,2026-01-04T12:00:00Z,0.895,5.0
0516W,Hofstra Student Garden,40.71923,-73.60202,2026-01-04T12:10:00Z,1.343,42.0
0516W,Hofstra Student Garden,40.71923,-73.60202,2026-01-04T12:20:00Z,1.79,15.0
0516W,Hofstra Student Garden,40.71923,-73.60202,2026-01-04T12:30:00Z,0.895,24.0
0516W,Hofstra Student Garden,40.71923,-73.60202,2026-01-04T12:40:00Z,0.895,18.0
0516W,Hofstra Student Garden,40.71923,-73.60202,2026-01-04T12:50:00Z,1.343,51.0
0516W,Hofstra Student Garden,40.71923,-73.60202,2026-01-04T13:00:00Z,0.895,5.0
0516W,Hofstra Student Garden,40.71923,-73.60202,2026-01-04T13:10:00Z,0.448,59.0
0516W,Hofstra Student Garden,40.71923,-73.60202,2026-01-04T13:20:00Z,0.895,30.0
0516W,Hofstra Student Garden,40.71923,-73.60202,2026-01-04T13:30:00Z,0.895,38.0
0516W,Hofstra Student Garden,40.71923,-73.60202,2026-01-04T13:40:00Z,0.895,19.0
0516W,Hofstra Student Garden,40.71923,-73.60202,2026-01-04T13:50:00Z,1.343,32.0
0516W,Hofstra Student Garden,40.71923,-73.60202,2026-01-04T14:00:00Z,1.79,23.0
0516W,Hofstra Student Garden,40.71923,-73.60202,2026-01-04T14:10:00Z,1.343,17.0
0516W,Hofstra Student Garden,40.71923,-73.60202,2026-01-04T14:20:00Z,0.895,46.0
0516W,Hofstra Student Garden,40.71923,-73.60202,2026-01-04T14:30:00Z,0.448,41.0
0516W,Hofstra Student Garden,40.71923,-73.60202,2026-01-04T14:40:00Z,0.895,44.0
0516W,Hofstra Student Garden,40.71923,-73.60202,2026-01-04T14:50:00Z,0.895,30.0
0516W,Hofstra Student Garden,40.71923,-73.60202,2026-01-04T15:00:00Z,1.343,32.0
0516W,Hofstra Student Garden,40.71923,-73.60202,2026-01-04T15:10:00Z,0.895,41.0
0516W,Hofstra Student Garden,40.71923,-73.60202,2026-01-04T15:20:00Z,0.895,49.0
0516W,Hofstra Student Garden,40.71923,-73.60202,2026-01-04T15:30:00Z,0.448,44.0
0516W,Hofstra Student Garden,40.71923,-73.60202,2026-01-04T15:40:00Z,0.895,32.0
0516W,Hofstra Student Garden,40.71923,-73.60202,2026-01-04T15:50:00Z,1.343,34.0
0516W,Hofstra Student Garden,40.71923,-73.60202,2026-01-04T16:00:00Z,1.79,45.0
0516W,Hofstra Student Garden,40.71923,-73.60202,2026-01-04T16:10:00Z,0.448,11.0
0516W,Hofstra Student Garden,40.71923,-73.60202,2026-01-04T16:20:00Z,0.448,28.0
0516W,Hofstra Student Garden,40.71923,-73.60202,2026-01-04T16:30:00Z,0.0,0.0
0516W,Hofstra Student Garden,40.71923,-73.60202,2026-01-04T16:40:00Z,0.895,44.0
0516W,Hofstra Student Garden,40.71923,-73.60202,2026-01-04T16:50:00Z,0.895,34.0
0516W,Hofstra Student Garden,40.71923,-73.60202,2026-01-04T17:00:00Z,0.895,53.0
0516W,Hofstra Student Garden,40.71923,-73.60202,2026-01-04T17:10:00Z,0.448,119.0
0516W,Hofstra Student Garden,40.71923,-73.60202,2026-01-04T17:20:00Z,1.343,40.0
0516W,Hofstra Student Garden,40.71923,-73.60202,2026-01-04T17:30:00Z,1.343,28.0
0516W,Hofstra Student Garden,40.71923,-73.60202,2026-01-04T17:40:00Z,0.448,204.0
0516W,Hofstra Student Garden,40.71923,-73.60202,2026-01-04T17:50:00Z,2.68,24.0
0516W,Hofstra Student Garden,40.71923,-73.60202,2026-01-04T18:00:00Z,2.233,22.0
0516W,Hofstra Student Garden,40.71923,-73.60202,2026-01-04T18:10:00Z,0.895,36.0
0516W,Hofstra Student Garden,40.71923,-73.60202,2026-01-04T18:20:00Z,1.79,51.0
0516W,Hofstra Student Garden,40.71923,-73.60202,2026-01-04T18:30:00Z,0.895,30.0
0516W,Hofstra Student Garden,40.71923,-73.60202,2026-01-04T18:40:00Z,1.79,28.0
0516W,Hofstra Student Garden,40.71923,-73.60202,2026-01-04T18:50:00Z,1.79,21.0
0516W,Hofstra Student Garden,40.71923,-73.60202,2026-01-04T19:00:00Z,2.233,46.0
0516W,Hofstra Student Garden,40.71923,-73.60202,2026-01-04T19:10:00Z,0.448,288.0
0516W,Hofstra Student Garden,40.71923,-73.60202,2026-01-04T19:20:00Z,0.895,317.0
0516W,Hofstra Student Garden,40.71923,-73.60202,2026-01-04T19:30:00Z,0.448,317.0
0516W,Hofstra Student Garden,40.71923,-73.60202,2026-01-04T19:40:00Z,1.79,360.0
0516W,Hofstra Student Garden,40.71923,-73.60202,2026-01-04T19:50:00Z,1.343,23.0
0516W,Hofstra Student Garden,40.71923,-73.60202,2026-01-04T20:00:00Z,0.895,5.0
0516W,Hofstra Student Garden,40.71923,-73.60202,2026-01-04T20:10:00Z,2.233,25.0
0516W,Hofstra Student Garden,40.71923,-73.60202,2026-01-04T20:20:00Z,3.575,17.0
0516W,Hofstra Student Garden,40.71923,-73.60202,2026-01-04T20:30:00Z,1.343,44.0
0516W,Hofstra Student Garden,40.71923,-73.60202,2026-01-04T20:40:00Z,2.233,45.0
0516W,Hofstra Student Garden,40.71923,-73.60202,2026-01-04T20:50:00Z,3.128,21.0
0516W,Hofstra Student Garden,40.71923,-73.60202,2026-01-04T21:00:00Z,2.233,34.0
0516W,Hofstra Student Garden,40.71923,-73.60202,2026-01-04T21:10:00Z,1.343,46.0
0516W,Hofstra Student Garden,40.71923,-73.60202,2026-01-04T21:20:00Z,0.895,27.0
0516W,Hofstra Student Garden,40.71923,-73.60202,2026-01-04T21:30:00Z,0.895,39.0
0516W,Hofstra Student Garden,40.71923,-73.60202,2026-01-04T21:40:00Z,0.448,36.0
0516W,Hofstra Student Garden,40.71923,-73.60202,2026-01-04T21:50:00Z,2.233,34.0
0516W,Hofstra Student Garden,40.71923,-73.60202,2026-01-04T22:00:00Z,1.79,25.0
0516W,Hofstra Student Garden,40.71923,-73.60202,2026-01-04T22:10:00Z,1.79,43.0
0516W,Hofstra Student Garden,40.71923,-73.60202,2026-01-04T22:20:00Z,1.343,5.0
0516W,Hofstra Student Garden,40.71923,-73.60202,2026-01-04T22:30:00Z,0.895,23.0
0516W,Hofstra Student Garden,40.71923,-73.60202,2026-01-04T22:40:00Z,0.895,318.0
0516W,Hofstra Student Garden,40.71923,-73.60202,2026-01-04T22:50:00Z,1.343,51.0
0516W,Hofstra Student Garden,40.71923,-73.60202,2026-01-04T23:00:00Z,0.448,52.0
0516W,Hofstra Student Garden,40.71923,-73.60202,2026-01-04T23:10:00Z,0.0,0.0
0516W,Hofstra Student Garden,40.71923,-73.60202,2026-01-04T23:20:00Z,0.0,0.0
0516W,Hofstra Student Garden,40.71923,-73.60202,2026-01-04T23:30:00Z,0.0,0.0
0516W,Hofstra Student Garden,40.71923,-73.60202,2026-01-04T23:40:00Z,0.0,0.0
0516W,Hofstra Student Garden,40.71923,-73.60202,2026-01-04T23:50:00Z,0.0,0.0
0516W,Hofstra Student Garden,40.71923,-73.60202,2026-01-05T00:00:00Z,0.448,292.0
0516W,Hofstra Student Garden,40.71923,-73.60202,2026-01-05T00:10:00Z,0.0,0.0
0516W,Hofstra Student Garden,40.71923,-73.60202,2026-01-05T00:20:00Z,0.0,0.0
0516W,Hofstra Student Garden,40.71923,-73.60202,2026-01-05T00:30:00Z,0.0,0.0
0516W,Hofstra Student Garden,40.71923,-73.60202,2026-01-05T00:40:00Z,0.0,0.0
0516W,Hofstra Student Garden,40.71923,-73.60202,2026-01-05T00:50:00Z,0.0,0.0
0516W,Hofstra Student Garden,40.71923,-73.60202,2026-01-05T01:00:00Z,0.0,0.0
0516W,Hofstra Student Garden,40.71923,-73.60202,2026-01-05T01:10:00Z,0.448,331.0
0516W,Hofstra Student Garden,40.71923,-73.60202,2026-01-05T01:20:00Z,0.448,325.0
0516W,Hofstra Student Garden,40.71923,-73.60202,2026-01-05T01:30:00Z,0.448,267.0
0516W,Hofstra Student Garden,40.71923,-73.60202,2026-01-05T01:40:00Z,0.0,0.0
0516W,Hofstra Student Garden,40.71923,-73.60202,2026-01-05T01:50:00Z,0.0,0.0
0516W,Hofstra Student Garden,40.71923,-73.60202,2026-01-05T02:00:00Z,0.0,0.0
0516W,Hofstra Student Garden,40.71923,-73.60202,2026-01-05T02:10:00Z,0.0,0.0
0516W,Hofstra Student Garden,40.71923,-73.60202,2026-01-05T02:20:00Z,0.0,0.0
0516W,Hofstra Student Garden,40.71923,-73.60202,2026-01-05T02:30:00Z,0.0,0.0
0516W,Hofstra Student Garden,40.71923,-73.60202,2026-01-05T02:40:00Z,0.0,0.0
0516W,Hofstra Student Garden,40.71923,-73.60202,2026-01-05T02:50:00Z,0.0,0.0
0516W,Hofstra Student Garden,40.71923,-73.60202,2026-01-05T03:00:00Z,0.0,0.0
0516W,Hofstra Student Garden,40.71923,-73.60202,2026-01-05T03:10:00Z,0.0,0.0
0516W,Hofstra Student Garden,40.71923,-73.60202,2026-01-05T03:20:00Z,0.0,0.0
0516W,Hofstra Student Garden,40.71923,-73.60202,2026-01-05T03:30:00Z,0.0,0.0
0516W,Hofstra Student Garden,40.71923,-73.60202,2026-01-05T03:40:00Z,0.0,0.0
0516W,Hofstra Student Garden,40.71923,-73.60202,2026-01-05T03:50:00Z,0.0,0.0
0516W,Hofstra Student Garden,40.71923,-73.60202,2026-01-05T04:00:00Z,0.895,248.0
0516W,Hofstra Student Garden,40.71923,-73.60202,2026-01-05T04:10:00Z,0.448,251.0
0516W,Hofstra Student Garden,40.71923,-73.60202,2026-01-05T04:20:00Z,0.0,0.0
0516W,Hofstra Student Garden,40.71923,-73.60202,2026-01-05T04:30:00Z,0.0,0.0
0516W,Hofstra Student Garden,40.71923,-73.60202,2026-01-05T04:40:00Z,0.0,0.0
0516W,Hofstra Student Garden,40.71923,-73.60202,2026-01-05T04:50:00Z,0.0,0.0
0516W,Hofstra Student Garden,40.71923,-73.60202,2026-01-05T05:00:00Z,0.0,0.0
0516W,Hofstra Student Garden,40.71923,-73.60202,2026-01-05T05:10:00Z,0.895,312.0
0516W,Hofstra Student Garden,40.71923,-73.60202,2026-01-05T05:20:00Z,0.895,299.0
0516W,Hofstra Student Garden,40.71923,-73.60202,2026-01-05T05:40:00Z,0.0,0.0
0516W,Hofstra Student Garden,40.71923,-73.60202,2026-01-05T05:50:00Z,0.0,0.0
0516W,Hofstra Student Garden,40.71923,-73.60202,2026-01-05T06:00:00Z,0.448,320.0
0516W,Hofstra Student Garden,40.71923,-73.60202,2026-01-05T06:10:00Z,0.0,0.0
0516W,Hofstra Student Garden,40.71923,-73.60202,2026-01-05T06:20:00Z,0.0,0.0
0516W,Hofstra Student Garden,40.71923,-73.60202,2026-01-05T06:30:00Z,0.0,0.0
0516W,Hofstra Student Garden,40.71923,-73.60202,2026-01-05T06:40:00Z,0.448,330.0
0516W,Hofstra Student Garden,40.71923,-73.60202,2026-01-05T06:50:00Z,0.0,0.0
0516W,Hofstra Student Garden,40.71923,-73.60202,2026-01-05T07:00:00Z,0.0,0.0
0516W,Hofstra Student Garden,40.71923,-73.60202,2026-01-05T07:10:00Z,0.0,0.0
0516W,Hofstra Student Garden,40.71923,-73.60202,2026-01-05T07:20:00Z,0.0,0.0
0516W,Hofstra Student Garden,40.71923,-73.60202,2026-01-05T07:30:00Z,0.0,0.0
0516W,Hofstra Student Garden,40.71923,-73.60202,2026-01-05T07:40:00Z,0.0,0.0
0516W,Hofstra Student Garden,40.71923,-73.60202,2026-01-05T07:50:00Z,0.0,0.0
0516W,Hofstra Student Garden,40.71923,-73.60202,2026-01-05T08:00:00Z,0.0,0.0
0516W,Hofstra Student Garden,40.71923,-73.60202,2026-01-05T08:10:00Z,0.0,0.0
0516W,Hofstra Student Garden,40.71923,-73.60202,2026-01-05T08:20:00Z,0.0,0.0
0516W,Hofstra Student Garden,40.71923,-73.60202,2026-01-05T08:30:00Z,0.0,0.0
0516W,Hofstra Student Garden,40.71923,-73.60202,2026-01-05T08:40:00Z,0.0,0.0
0516W,Hofstra Student Garden,40.71923,-73.60202,2026-01-05T08:50:00Z,0.0,0.0
0516W,Hofstra Student Garden,40.71923,-73.60202,2026-01-05T09:00:00Z,0.0,0.0
0516W,Hofstra Student Garden,40.71923,-73.60202,2026-01-05T09:10:00Z,0.448,302.0
0516W,Hofstra Student Garden,40.71923,-73.60202,2026-01-05T09:20:00Z,0.0,0.0
0516W,Hofstra Student Garden,40.71923,-73.60202,2026-01-05T09:30:00Z,0.448,302.0
0516W,Hofstra Student Garden,40.71923,-73.60202,2026-01-05T09:40:00Z,0.0,0.0
0516W,Hofstra Student Garden,40.71923,-73.60202,2026-01-05T09:50:00Z,0.0,0.0
0516W,Hofstra Student Garden,40.71923,-73.60202,2026-01-05T10:10:00Z,0.0,0.0
0516W,Hofstra Student Garden,40.71923,-73.60202,2026-01-05T10:20:00Z,0.0,0.0
0516W,Hofstra Student Garden,40.71923,-73.60202,2026-01-05T10:30:00Z,0.0,0.0
0516W,Hofstra Student Garden,40.71923,-73.60202,2026-01-05T10:40:00Z,0.0,0.0
0516W,Hofstra Student Garden,40.71923,-73.60202,2026-01-05T10:50:00Z,0.0,0.0
0516W,Hofstra Student Garden,40.71923,-73.60202,2026-01-05T11:00:00Z,0.0,0.0
0516W,Hofstra Student Garden,40.71923,-73.60202,2026-01-05T11:10:00Z,0.0,0.0
0516W,Hofstra Student Garden,40.71923,-73.60202,2026-01-05T11:20:00Z,0.448,284.0
0516W,Hofstra Student Garden,40.71923,-73.60202,2026-01-05T11:30:00Z,0.448,55.0
0516W,Hofstra Student Garden,40.71923,-73.60202,2026-01-05T11:40:00Z,0.895,78.0
0516W,Hofstra Student Garden,40.71923,-73.60202,2026-01-05T11:50:00Z,0.0,0.0
0516W,Hofstra Student Garden,40.71923,-73.60202,2026-01-05T12:00:00Z,0.448,119.0
0516W,Hofstra Student Garden,40.71923,-73.60202,2026-01-05T12:10:00Z,0.0,0.0
0516W,Hofstra Student Garden,40.71923,-73.60202,2026-01-05T12:20:00Z,0.448,150.0
0516W,Hofstra Student Garden,40.71923,-73.60202,2026-01-05T12:30:00Z,0.0,0.0
0516W,Hofstra Student Garden,40.71923,-73.60202,2026-01-05T12:40:00Z,0.448,127.0
0516W,Hofstra Student Garden,40.71923,-73.60202,2026-01-05T12:50:00Z,0.895,121.0
0516W,Hofstra Student Garden,40.71923,-73.60202,2026-01-05T13:00:00Z,1.343,145.0
0516W,Hofstra Student Garden,40.71923,-73.60202,2026-01-05T13:10:00Z,0.0,0.0
0516W,Hofstra Student Garden,40.71923,-73.60202,2026-01-05T13:20:00Z,0.895,102.0
0516W,Hofstra Student Garden,40.71923,-73.60202,2026-01-05T13:30:00Z,0.448,125.0
0516W,Hofstra Student Garden,40.71923,-73.60202,2026-01-05T13:40:00Z,0.0,0.0
0516W,Hofstra Student Garden,40.71923,-73.60202,2026-01-05T13:50:00Z,0.895,141.0
0516W,Hofstra Student Garden,40.71923,-73.60202,2026-01-05T14:00:00Z,0.448,111.0
0516W,Hofstra Student Garden,40.71923,-73.60202,2026-01-05T14:10:00Z,1.343,115.0
0516W,Hofstra Student Garden,40.71923,-73.60202,2026-01-05T14:20:00Z,0.895,100.0
0516W,Hofstra Student Garden,40.71923,-73.60202,2026-01-05T14:30:00Z,0.448,173.0
0516W,Hofstra Student Garden,40.71923,-73.60202,2026-01-05T14:40:00Z,0.895,123.0
0516W,Hofstra Student Garden,40.71923,-73.60202,2026-01-05T14:50:00Z,0.895,132.0
0516W,Hofstra Student Garden,40.71923,-73.60202,2026-01-05T15:00:00Z,0.895,148.0
0516W,Hofstra Student Garden,40.71923,-73.60202,2026-01-05T15:10:00Z,0.448,101.0
0516W,Hofstra Student Garden,40.71923,-73.60202,2026-01-05T15:20:00Z,0.895,235.0
0516W,Hofstra Student Garden,40.71923,-73.60202,2026-01-05T15:30:00Z,1.343,152.0
0516W,Hofstra Student Garden,40.71923,-73.60202,2026-01-05T15:40:00Z,0.895,152.0
0516W,Hofstra Student Garden,40.71923,-73.60202,2026-01-05T15:50:00Z,0.448,209.0
0516W,Hofstra Student Garden,40.71923,-73.60202,2026-01-05T16:00:00Z,0.0,0.0
0516W,Hofstra Student Garden,40.71923,-73.60202,2026-01-05T16:10:00Z,0.895,199.0
0516W,Hofstra Student Garden,40.71923,-73.60202,2026-01-05T16:20:00Z,0.895,173.0
0516W,Hofstra Student Garden,40.71923,-73.60202,2026-01-05T16:30:00Z,0.448,126.0
0516W,Hofstra Student Garden,40.71923,-73.60202,2026-01-05T16:40:00Z,1.343,227.0
0516W,Hofstra Student Garden,40.71923,-73.60202,2026-01-05T16:50:00Z,0.895,186.0
0516W,Hofstra Student Garden,40.71923,-73.60202,2026-01-05T17:00:00Z,1.343,148.0
0516W,Hofstra Student Garden,40.71923,-73.60202,2026-01-05T17:10:00Z,2.233,236.0
0516W,Hofstra Student Garden,40.71923,-73.60202,2026-01-05T17:20:00Z,0.448,213.0
0516W,Hofstra Student Garden,40.71923,-73.60202,2026-01-05T17:30:00Z,0.448,237.0
0516W,Hofstra Student Garden,40.71923,-73.60202,2026-01-05T17:40:00Z,1.79,240.0
0516W,Hofstra Student Garden,40.71923,-73.60202,2026-01-05T17:50:00Z,1.343,250.0
0516W,Hofstra Student Garden,40.71923,-73.60202,2026-01-05T18:00:00Z,2.233,246.0
0516W,Hofstra Student Garden,40.71923,-73.60202,2026-01-05T18:10:00Z,3.128,268.0
0516W,Hofstra Student Garden,40.71923,-73.60202,2026-01-05T18:20:00Z,3.128,250.0
0516W,Hofstra Student Garden,40.71923,-73.60202,2026-01-05T18:30:00Z,2.68,235.0
0516W,Hofstra Student Garden,40.71923,-73.60202,2026-01-05T18:40:00Z,1.343,238.0
0516W,Hofstra Student Garden,40.71923,-73.60202,2026-01-05T18:50:00Z,3.128,278.0
0516W,Hofstra Student Garden,40.71923,-73.60202,2026-01-05T19:00:00Z,0.895,257.0
0516W,Hofstra Student Garden,40.71923,-73.60202,2026-01-05T19:10:00Z,1.343,215.0
0516W,Hofstra Student Garden,40.71923,-73.60202,2026-01-05T19:20:00Z,0.895,206.0
0516W,Hofstra Student Garden,40.71923,-73.60202,2026-01-05T19:30:00Z,1.343,254.0
0516W,Hofstra Student Garden,40.71923,-73.60202,2026-01-05T19:40:00Z,3.128,280.0
0516W,Hofstra Student Garden,40.71923,-73.60202,2026-01-05T19:50:00Z,2.68,196.0
0516W,Hofstra Student Garden,40.71923,-73.60202,2026-01-05T20:00:00Z,1.79,232.0
0516W,Hofstra Student Garden,40.71923,-73.60202,2026-01-05T20:10:00Z,1.79,186.0
0516W,Hofstra Student Garden,40.71923,-73.60202,2026-01-05T20:20:00Z,1.343,213.0
0516W,Hofstra Student Garden,40.71923,-73.60202,2026-01-05T20:30:00Z,1.79,217.0
0516W,Hofstra Student Garden,40.71923,-73.60202,2026-01-05T20:40:00Z,1.343,235.0
0516W,Hofstra Student Garden,40.71923,-73.60202,2026-01-05T20:50:00Z,2.68,238.0
0516W,Hofstra Student Garden,40.71923,-73.60202,2026-01-05T21:00:00Z,1.343,246.0
0516W,Hofstra Student Garden,40.71923,-73.60202,2026-01-05T21:10:00Z,0.448,217.0
0516W,Hofstra Student Garden,40.71923,-73.60202,2026-01-05T21:20:00Z,2.68,160.0
0516W,Hofstra Student Garden,40.71923,-73.60202,2026-01-05T21:30:00Z,3.575,225.0
0516W,Hofstra Student Garden,40.71923,-73.60202,2026-01-05T21:40:00Z,1.79,252.0
0516W,Hofstra Student Garden,40.71923,-73.60202,2026-01-05T21:50:00Z,2.233,235.0
0516W,Hofstra Student Garden,40.71923,-73.60202,2026-01-05T22:00:00Z,1.343,230.0
0516W,Hofstra Student Garden,40.71923,-73.60202,2026-01-05T22:10:00Z,1.79,234.0
0516W,Hofstra Student Garden,40.71923,-73.60202,2026-01-05T22:20:00Z,2.233,246.0
0516W,Hofstra Student Garden,40.71923,-73.60202,2026-01-05T22:30:00Z,2.68,265.0
0516W,Hofstra Student Garden,40.71923,-73.60202,2026-01-05T22:40:00Z,0.895,242.0
0516W,Hofstra Student Garden,40.71923,-73.60202,2026-01-05T22:50:00Z,1.343,242.0
0516W,Hofstra Student Garden,40.71923,-73.60202,2026-01-05T23:00:00Z,1.343,223.0
0516W,Hofstra Student Garden,40.71923,-73.60202,2026-01-05T23:10:00Z,1.343,252.0
0516W,Hofstra Student Garden,40.71923,-73.60202,2026-01-05T23:20:00Z,1.79,268.0
0516W,Hofstra Student Garden,40.71923,-73.60202,2026-01-05T23:30:00Z,2.233,222.0
0516W,Hofstra Student Garden,40.71923,-73.60202,2026-01-05T23:40:00Z,1.343,229.0
0516W,Hofstra Student Garden,40.71923,-73.60202,2026-01-05T23:50:00Z,3.575,242.0
0516W,Hofstra Student Garden,40.71923,-73.60202,2026-01-06T00:00:00Z,2.68,276.0
0516W,Hofstra Student Garden,40.71923,-73.60202,2026-01-06T00:10:00Z,1.79,236.0
0516W,Hofstra Student Garden,40.71923,-73.60202,2026-01-06T00:20:00Z,1.343,216.0
0516W,Hofstra Student Garden,40.71923,-73.60202,2026-01-06T00:30:00Z,0.448,250.0
0516W,Hofstra Student Garden,40.71923,-73.60202,2026-01-06T00:40:00Z,1.79,261.0
0516W,Hofstra Student Garden,40.71923,-73.60202,2026-01-06T00:50:00Z,0.895,277.0
0516W,Hofstra Student Garden,40.71923,-73.60202,2026-01-06T01:00:00Z,1.343,238.0
0516W,Hofstra Student Garden,40.71923,-73.60202,2026-01-06T01:10:00Z,1.79,230.0
0516W,Hofstra Student Garden,40.71923,-73.60202,2026-01-06T01:20:00Z,1.343,255.0
0516W,Hofstra Student Garden,40.71923,-73.60202,2026-01-06T01:30:00Z,1.343,246.0
0516W,Hofstra Student Garden,40.71923,-73.60202,2026-01-06T01:40:00Z,0.895,252.0
0516W,Hofstra Student Garden,40.71923,-73.60202,2026-01-06T01:50:00Z,1.343,284.0
0516W,Hofstra Student Garden,40.71923,-73.60202,2026-01-06T02:00:00Z,0.895,213.0
0516W,Hofstra Student Garden,40.71923,-73.60202,2026-01-06T02:10:00Z,0.895,279.0
0516W,Hofstra Student Garden,40.71923,-73.60202,2026-01-06T02:20:00Z,0.895,279.0
0516W,Hofstra Student Garden,40.71923,-73.60202,2026-01-06T02:30:00Z,0.448,255.0
0516W,Hofstra Student Garden,40.71923,-73.60202,2026-01-06T02:40:00Z,0.448,265.0
0516W,Hofstra Student Garden,40.71923,-73.60202,2026-01-06T02:50:00Z,0.0,0.0
0516W,Hofstra Student Garden,40.71923,-73.60202,2026-01-06T03:00:00Z,0.448,254.0
0516W,Hofstra Student Garden,40.71923,-73.60202,2026-01-06T03:10:00Z,0.0,0.0
0516W,Hofstra Student Garden,40.71923,-73.60202,2026-01-06T03:20:00Z,0.448,247.0
0516W,Hofstra Student Garden,40.71923,-73.60202,2026-01-06T03:30:00Z,0.448,238.0
0516W,Hofstra Student Garden,40.71923,-73.60202,2026-01-06T03:40:00Z,0.895,257.0
0516W,Hofstra Student Garden,40.71923,-73.60202,2026-01-06T03:50:00Z,0.448,251.0
0516W,Hofstra Student Garden,40.71923,-73.60202,2026-01-06T04:00:00Z,0.448,231.0
0516W,Hofstra Student Garden,40.71923,-73.60202,2026-01-06T04:10:00Z,0.0,0.0
0516W,Hofstra Student Garden,40.71923,-73.60202,2026-01-06T04:20:00Z,0.448,239.0
0516W,Hofstra Student Garden,40.71923,-73.60202,2026-01-06T04:30:00Z,0.895,249.0
0516W,Hofstra Student Garden,40.71923,-73.60202,2026-01-06T04:40:00Z,0.895,265.0
0516W,Hofstra Student Garden,40.71923,-73.60202,2026-01-06T04:50:00Z,1.343,279.0
0516W,Hofstra Student Garden,40.71923,-73.60202,2026-01-06T05:00:00Z,0.448,224.0
0516W,Hofstra Student Garden,40.71923,-73.60202,2026-01-06T05:10:00Z,0.895,254.0
0516W,Hofstra Student Garden,40.71923,-73.60202,2026-01-06T05:20:00Z,0.448,256.0
0516W,Hofstra Student Garden,40.71923,-73.60202,2026-01-06T05:30:00Z,0.448,267.0
0516W,Hofstra Student Garden,40.71923,-73.60202,2026-01-06T05:40:00Z,0.448,262.0
0516W,Hofstra Student Garden,40.71923,-73.60202,2026-01-06T05:50:00Z,1.343,244.0
0516W,Hofstra Student Garden,40.71923,-73.60202,2026-01-06T06:00:00Z,0.0,0.0
0516W,Hofstra Student Garden,40.71923,-73.60202,2026-01-06T06:10:00Z,0.448,275.0
0516W,Hofstra Student Garden,40.71923,-73.60202,2026-01-06T06:20:00Z,0.0,0.0
0516W,Hofstra Student Garden,40.71923,-73.60202,2026-01-06T06:30:00Z,0.0,0.0
0516W,Hofstra Student Garden,40.71923,-73.60202,2026-01-06T06:40:00Z,0.0,0.0
0516W,Hofstra Student Garden,40.71923,-73.60202,2026-01-06T06:50:00Z,0.0,0.0
0516W,Hofstra Student Garden,40.71923,-73.60202,2026-01-06T07:00:00Z,0.448,279.0
0516W,Hofstra Student Garden,40.71923,-73.60202,2026-01-06T07:10:00Z,0.0,0.0
0516W,Hofstra Student Garden,40.71923,-73.60202,2026-01-06T07:20:00Z,0.0,0.0
0516W,Hofstra Student Garden,40.71923,-73.60202,2026-01-06T07:30:00Z,0.0,0.0
0516W,Hofstra Student Garden,40.71923,-73.60202,2026-01-06T07:40:00Z,0.0,0.0
0516W,Hofstra Student Garden,40.71923,-73.60202,2026-01-06T07:50:00Z,0.0,0.0
0516W,Hofstra Student Garden,40.71923,-73.60202,2026-01-06T08:00:00Z,0.0,0.0
0516W,Hofstra Student Garden,40.71923,-73.60202,2026-01-06T08:10:00Z,0.0,0.0
0516W,Hofstra Student Garden,40.71923,-73.60202,2026-01-06T08:20:00Z,0.0,0.0
0516W,Hofstra Student Garden,40.71923,-73.60202,2026-01-06T08:30:00Z,0.0,0.0
0516W,Hofstra Student Garden,40.71923,-73.60202,2026-01-06T08:40:00Z,0.0,0.0
0516W,Hofstra Student Garden,40.71923,-73.60202,2026-01-06T08:50:00Z,0.0,0.0
0516W,Hofstra Student Garden,40.71923,-73.60202,2026-01-06T09:00:00Z,0.0,0.0
0516W,Hofstra Student Garden,40.71923,-73.60202,2026-01-06T09:10:00Z,0.448,254.0
0516W,Hofstra Student Garden,40.71923,-73.60202,2026-01-06T09:20:00Z,0.0,0.0
0516W,Hofstra Student Garden,40.71923,-73.60202,2026-01-06T09:30:00Z,0.0,0.0
0516W,Hofstra Student Garden,40.71923,-73.60202,2026-01-06T09:40:00Z,0.448,175.0
0516W,Hofstra Student Garden,40.71923,-73.60202,2026-01-06T09:50:00Z,0.0,0.0
0516W,Hofstra Student Garden,40.71923,-73.60202,2026-01-06T10:10:00Z,0.0,0.0
0516W,Hofstra Student Garden,40.71923,-73.60202,2026-01-06T10:20:00Z,0.0,0.0
0516W,Hofstra Student Garden,40.71923,-73.60202,2026-01-06T10:30:00Z,0.0,0.0
0516W,Hofstra Student Garden,40.71923,-73.60202,2026-01-06T10:40:00Z,0.0,0.0
0516W,Hofstra Student Garden,40.71923,-73.60202,2026-01-06T10:50:00Z,0.0,0.0
0516W,Hofstra Student Garden,40.71923,-73.60202,2026-01-06T11:00:00Z,0.0,0.0
0516W,Hofstra Student Garden,40.71923,-73.60202,2026-01-06T11:10:00Z,0.0,0.0
0516W,Hofstra Student Garden,40.71923,-73.60202,2026-01-06T11:20:00Z,0.0,0.0
0516W,Hofstra Student Garden,40.71923,-73.60202,2026-01-06T11:30:00Z,0.0,0.0
0516W,Hofstra Student Garden,40.71923,-73.60202,2026-01-06T11:40:00Z,0.448,175.0
0516W,Hofstra Student Garden,40.71923,-73.60202,2026-01-06T11:50:00Z,0.0,0.0
0516W,Hofstra Student Garden,40.71923,-73.60202,2026-01-06T12:00:00Z,0.0,0.0
0516W,Hofstra Student Garden,40.71923,-73.60202,2026-01-06T12:10:00Z,0.0,0.0
0516W,Hofstra Student Garden,40.71923,-73.60202,2026-01-06T12:20:00Z,0.0,0.0
0516W,Hofstra Student Garden,40.71923,-73.60202,2026-01-06T12:30:00Z,0.0,0.0
0516W,Hofstra Student Garden,40.71923,-73.60202,2026-01-06T12:40:00Z,0.0,0.0
0516W,Hofstra Student Garden,40.71923,-73.60202,2026-01-06T12:50:00Z,0.0,0.0
0516W,Hofstra Student Garden,40.71923,-73.60202,2026-01-06T13:00:00Z,0.0,0.0
0516W,Hofstra Student Garden,40.71923,-73.60202,2026-01-06T13:10:00Z,0.895,150.0
0516W,Hofstra Student Garden,40.71923,-73.60202,2026-01-06T13:20:00Z,0.448,79.0
0516W,Hofstra Student Garden,40.71923,-73.60202,2026-01-06T13:30:00Z,0.448,79.0
0516W,Hofstra Student Garden,40.71923,-73.60202,2026-01-06T13:40:00Z,0.448,83.0
0516W,Hofstra Student Garden,40.71923,-73.60202,2026-01-06T13:50:00Z,0.0,0.0
0516W,Hofstra Student Garden,40.71923,-73.60202,2026-01-06T14:00:00Z,0.0,0.0
0516W,Hofstra Student Garden,40.71923,-73.60202,2026-01-06T14:10:00Z,0.0,0.0
0516W,Hofstra Student Garden,40.71923,-73.60202,2026-01-06T14:20:00Z,0.448,88.0
0516W,Hofstra Student Garden,40.71923,-73.60202,2026-01-06T14:30:00Z,0.448,78.0
0516W,Hofstra Student Garden,40.71923,-73.60202,2026-01-06T14:40:00Z,0.448,102.0
0516W,Hofstra Student Garden,40.71923,-73.60202,2026-01-06T14:50:00Z,0.448,120.0
0516W,Hofstra Student Garden,40.71923,-73.60202,2026-01-06T15:00:00Z,0.0,0.0
0516W,Hofstra Student Garden,40.71923,-73.60202,2026-01-06T15:10:00Z,0.448,61.0
0516W,Hofstra Student Garden,40.71923,-73.60202,2026-01-06T15:20:00Z,0.448,104.0
0516W,Hofstra Student Garden,40.71923,-73.60202,2026-01-06T15:30:00Z,0.448,108.0
0516W,Hofstra Student Garden,40.71923,-73.60202,2026-01-06T15:40:00Z,0.0,0.0
0516W,Hofstra Student Garden,40.71923,-73.60202,2026-01-06T15:50:00Z,0.895,107.0
0516W,Hofstra Student Garden,40.71923,-73.60202,2026-01-06T16:00:00Z,0.895,50.0
0516W,Hofstra Student Garden,40.71923,-73.60202,2026-01-06T16:10:00Z,1.343,102.0
0516W,Hofstra Student Garden,40.71923,-73.60202,2026-01-06T16:20:00Z,1.79,121.0
0516W,Hofstra Student Garden,40.71923,-73.60202,2026-01-06T16:30:00Z,0.895,110.0
0516W,Hofstra Student Garden,40.71923,-73.60202,2026-01-06T16:40:00Z,1.343,103.0
0516W,Hofstra Student Garden,40.71923,-73.60202,2026-01-06T16:50:00Z,0.895,96.0
0516W,Hofstra Student Garden,40.71923,-73.60202,2026-01-06T17:00:00Z,0.895,98.0
0516W,Hofstra Student Garden,40.71923,-73.60202,2026-01-06T17:10:00Z,0.895,102.0
0516W,Hofstra Student Garden,40.71923,-73.60202,2026-01-06T17:20:00Z,1.343,94.0
0516W,Hofstra Student Garden,40.71923,-73.60202,2026-01-06T17:30:00Z,0.0,0.0
0516W,Hofstra Student Garden,40.71923,-73.60202,2026-01-06T17:40:00Z,0.448,98.0
0516W,Hofstra Student Garden,40.71923,-73.60202,2026-01-06T17:50:00Z,1.343,98.0
0516W,Hofstra Student Garden,40.71923,-73.60202,2026-01-06T18:00:00Z,0.895,123.0
0516W,Hofstra Student Garden,40.71923,-73.60202,2026-01-06T18:10:00Z,1.79,90.0
0516W,Hofstra Student Garden,40.71923,-73.60202,2026-01-06T18:20:00Z,1.343,26.0
0516W,Hofstra Student Garden,40.71923,-73.60202,2026-01-06T18:30:00Z,0.895,91.0
0516W,Hofstra Student Garden,40.71923,-73.60202,2026-01-06T18:40:00Z,0.895,113.0
0516W,Hofstra Student Garden,40.71923,-73.60202,2026-01-06T18:50:00Z,0.895,48.0
0516W,Hofstra Student Garden,40.71923,-73.60202,2026-01-06T19:00:00Z,0.895,113.0
0516W,Hofstra Student Garden,40.71923,-73.60202,2026-01-06T19:10:00Z,0.895,104.0
0516W,Hofstra Student Garden,40.71923,-73.60202,2026-01-06T19:20:00Z,1.343,93.0
0516W,Hofstra Student Garden,40.71923,-73.60202,2026-01-06T19:30:00Z,1.79,103.0
0516W,Hofstra Student Garden,40.71923,-73.60202,2026-01-06T19:40:00Z,2.68,108.0
0516W,Hofstra Student Garden,40.71923,-73.60202,2026-01-06T19:50:00Z,1.79,119.0
0516W,Hofstra Student Garden,40.71923,-73.60202,2026-01-06T20:00:00Z,1.79,101.0
0516W,Hofstra Student Garden,40.71923,-73.60202,2026-01-06T20:10:00Z,0.448,103.0
0516W,Hofstra Student Garden,40.71923,-73.60202,2026-01-06T20:20:00Z,1.79,131.0
0516W,Hofstra Student Garden,40.71923,-73.60202,2026-01-06T20:30:00Z,0.895,88.0
0516W,Hofstra Student Garden,40.71923,-73.60202,2026-01-06T20:40:00Z,0.895,105.0
0516W,Hofstra Student Garden,40.71923,-73.60202,2026-01-06T20:50:00Z,1.79,100.0
0516W,Hofstra Student Garden,40.71923,-73.60202,2026-01-06T21:00:00Z,0.895,126.0
0516W,Hofstra Student Garden,40.71923,-73.60202,2026-01-06T21:10:00Z,1.343,111.0
0516W,Hofstra Student Garden,40.71923,-73.60202,2026-01-06T21:20:00Z,0.895,77.0
0516W,Hofstra Student Garden,40.71923,-73.60202,2026-01-06T21:30:00Z,0.448,61.0
0516W,Hofstra Student Garden,40.71923,-73.60202,2026-01-06T21:40:00Z,0.895,101.0
0516W,Hofstra Student Garden,40.71923,-73.60202,2026-01-06T21:50:00Z,0.895,92.0
0516W,Hofstra Student Garden,40.71923,-73.60202,2026-01-06T22:00:00Z,1.343,117.0
0516W,Hofstra Student Garden,40.71923,-73.60202,2026-01-06T22:10:00Z,1.343,134.0
0516W,Hofstra Student Garden,40.71923,-73.60202,2026-01-06T22:20:00Z,0.448,90.0
0516W,Hofstra Student Garden,40.71923,-73.60202,2026-01-06T22:30:00Z,0.895,101.0
0516W,Hofstra Student Garden,40.71923,-73.60202,2026-01-06T22:40:00Z,0.895,103.0
0516W,Hofstra Student Garden,40.71923,-73.60202,2026-01-06T22:50:00Z,0.448,103.0
0516W,Hofstra Student Garden,40.71923,-73.60202,2026-01-06T23:00:00Z,0.448,57.0
0516W,Hofstra Student Garden,40.71923,-73.60202,2026-01-06T23:10:00Z,2.68,115.0
0516W,Hofstra Student Garden,40.71923,-73.60202,2026-01-06T23:20:00Z,0.895,90.0
0516W,Hofstra Student Garden,40.71923,-73.60202,2026-01-06T23:30:00Z,0.448,103.0
0516W,Hofstra Student Garden,40.71923,-73.60202,2026-01-06T23:40:00Z,0.895,96.0
0516W,Hofstra Student Garden,40.71923,-73.60202,2026-01-06T23:50:00Z,2.68,94.0
0516W,Hofstra Student Garden,40.71923,-73.60202,2026-01-07T00:00:00Z,1.343,121.0
0516W,Hofstra Student Garden,40.71923,-73.60202,2026-01-07T00:10:00Z,1.343,98.0
0516W,Hofstra Student Garden,40.71923,-73.60202,2026-01-07T00:20:00Z,0.895,105.0
0516W,Hofstra Student Garden,40.71923,-73.60202,2026-01-07T00:30:00Z,0.895,49.0
0516W,Hofstra Student Garden,40.71923,-73.60202,2026-01-07T00:40:00Z,1.343,48.0
0516W,Hofstra Student Garden,40.71923,-73.60202,2026-01-07T00:50:00Z,0.448,97.0
0516W,Hofstra Student Garden,40.71923,-73.60202,2026-01-07T01:00:00Z,0.448,117.0
0516W,Hofstra Student Garden,40.71923,-73.60202,2026-01-07T01:10:00Z,0.448,54.0
0516W,Hofstra Student Garden,40.71923,-73.60202,2026-01-07T01:20:00Z,0.448,84.0
0516W,Hofstra Student Garden,40.71923,-73.60202,2026-01-07T01:30:00Z,0.895,53.0
0516W,Hofstra Student Garden,40.71923,-73.60202,2026-01-07T01:40:00Z,0.895,71.0
0516W,Hofstra Student Garden,40.71923,-73.60202,2026-01-07T01:50:00Z,1.343,51.0
0516W,Hofstra Student Garden,40.71923,-73.60202,2026-01-07T02:00:00Z,0.895,65.0
0516W,Hofstra Student Garden,40.71923,-73.60202,2026-01-07T02:10:00Z,0.448,59.0
0516W,Hofstra Student Garden,40.71923,-73.60202,2026-01-07T02:20:00Z,0.895,26.0
0516W,Hofstra Student Garden,40.71923,-73.60202,2026-01-07T02:30:00Z,0.895,33.0
0516W,Hofstra Student Garden,40.71923,-73.60202,2026-01-07T02:40:00Z,1.343,58.0
0516W,Hofstra Student Garden,40.71923,-73.60202,2026-01-07T02:50:00Z,1.343,57.0
0516W,Hofstra Student Garden,40.71923,-73.60202,2026-01-07T03:00:00Z,0.895,42.0
0516W,Hofstra Student Garden,40.71923,-73.60202,2026-01-07T03:10:00Z,0.895,94.0
0516W,Hofstra Student Garden,40.71923,-73.60202,2026-01-07T03:20:00Z,1.343,109.0
0516W,Hofstra Student Garden,40.71923,-73.60202,2026-01-07T03:30:00Z,1.343,32.0
0516W,Hofstra Student Garden,40.71923,-73.60202,2026-01-07T03:40:00Z,0.448,32.0
0516W,Hofstra Student Garden,40.71923,-73.60202,2026-01-07T03:50:00Z,0.448,340.0
0516W,Hofstra Student Garden,40.71923,-73.60202,2026-01-07T04:00:00Z,1.343,62.0
0516W,Hofstra Student Garden,40.71923,-73.60202,2026-01-07T04:10:00Z,0.448,300.0
0516W,Hofstra Student Garden,40.71923,-73.60202,2026-01-07T04:20:00Z,1.79,69.0
0516W,Hofstra Student Garden,40.71923,-73.60202,2026-01-07T04:30:00Z,1.343,67.0
0516W,Hofstra Student Garden,40.71923,-73.60202,2026-01-07T04:40:00Z,0.895,62.0
0516W,Hofstra Student Garden,40.71923,-73.60202,2026-01-07T04:50:00Z,0.895,92.0
0516W,Hofstra Student Garden,40.71923,-73.60202,2026-01-07T05:00:00Z,0.895,53.0
0516W,Hofstra Student Garden,40.71923,-73.60202,2026-01-07T05:10:00Z,0.448,89.0
0516W,Hofstra Student Garden,40.71923,-73.60202,2026-01-07T05:20:00Z,0.448,46.0
0516W,Hofstra Student Garden,40.71923,-73.60202,2026-01-07T05:30:00Z,0.448,301.0
0516W,Hofstra Student Garden,40.71923,-73.60202,2026-01-07T05:40:00Z,0.895,52.0
0516W,Hofstra Student Garden,40.71923,-73.60202,2026-01-07T05:50:00Z,0.895,355.0
0516W,Hofstra Student Garden,40.71923,-73.60202,2026-01-07T06:00:00Z,0.448,55.0
0516W,Hofstra Student Garden,40.71923,-73.60202,2026-01-07T06:10:00Z,0.895,40.0
0516W,Hofstra Student Garden,40.71923,-73.60202,2026-01-07T06:20:00Z,0.448,40.0
0516W,Hofstra Student Garden,40.71923,-73.60202,2026-01-07T06:30:00Z,0.448,40.0
0516W,Hofstra Student Garden,40.71923,-73.60202,2026-01-07T06:40:00Z,0.448,44.0
0516W,Hofstra Student Garden,40.71923,-73.60202,2026-01-07T06:50:00Z,0.448,44.0
0516W,Hofstra Student Garden,40.71923,-73.60202,2026-01-07T07:00:00Z,0.895,39.0
0516W,Hofstra Student Garden,40.71923,-73.60202,2026-01-07T07:10:00Z,0.448,39.0
0516W,Hofstra Student Garden,40.71923,-73.60202,2026-01-07T07:20:00Z,0.448,39.0
0516W,Hofstra Student Garden,40.71923,-73.60202,2026-01-07T07:30:00Z,0.0,0.0
0516W,Hofstra Student Garden,40.71923,-73.60202,2026-01-07T07:40:00Z,0.895,44.0
0516W,Hofstra Student Garden,40.71923,-73.60202,2026-01-07T07:50:00Z,1.343,47.0
0516W,Hofstra Student Garden,40.71923,-73.60202,2026-01-07T08:00:00Z,0.448,32.0
0516W,Hofstra Student Garden,40.71923,-73.60202,2026-01-07T08:10:00Z,0.895,48.0
0516W,Hofstra Student Garden,40.71923,-73.60202,2026-01-07T08:20:00Z,0.895,40.0
0516W,Hofstra Student Garden,40.71923,-73.60202,2026-01-07T08:30:00Z,0.895,34.0
0516W,Hofstra Student Garden,40.71923,-73.60202,2026-01-07T08:40:00Z,0.895,42.0
0516W,Hofstra Student Garden,40.71923,-73.60202,2026-01-07T08:50:00Z,1.343,44.0
0516W,Hofstra Student Garden,40.71923,-73.60202,2026-01-07T09:00:00Z,0.895,16.0
0516W,Hofstra Student Garden,40.71923,-73.60202,2026-01-07T09:10:00Z,0.448,44.0
0516W,Hofstra Student Garden,40.71923,-73.60202,2026-01-07T09:20:00Z,0.448,24.0
0516W,Hofstra Student Garden,40.71923,-73.60202,2026-01-07T09:30:00Z,0.448,24.0
0516W,Hofstra Student Garden,40.71923,-73.60202,2026-01-07T09:40:00Z,0.0,0.0
0516W,Hofstra Student Garden,40.71923,-73.60202,2026-01-07T09:50:00Z,0.448,45.0
0516W,Hofstra Student Garden,40.71923,-73.60202,2026-01-07T10:10:00Z,0.0,0.0
0516W,Hofstra Student Garden,40.71923,-73.60202,2026-01-07T10:20:00Z,1.343,22.0
0516W,Hofstra Student Garden,40.71923,-73.60202,2026-01-07T10:30:00Z,0.448,22.0
0516W,Hofstra Student Garden,40.71923,-73.60202,2026-01-07T10:40:00Z,0.0,0.0
0516W,Hofstra Student Garden,40.71923,-73.60202,2026-01-07T10:50:00Z,0.0,0.0
0516W,Hofstra Student Garden,40.71923,-73.60202,2026-01-07T11:00:00Z,0.895,22.0
0516W,Hofstra Student Garden,40.71923,-73.60202,2026-01-07T11:10:00Z,0.448,94.0
0516W,Hofstra Student Garden,40.71923,-73.60202,2026-01-07T11:20:00Z,0.0,0.0
0516W,Hofstra Student Garden,40.71923,-73.60202,2026-01-07T11:30:00Z,0.0,0.0
0516W,Hofstra Student Garden,40.71923,-73.60202,2026-01-07T11:40:00Z,0.0,0.0
0516W,Hofstra Student Garden,40.71923,-73.60202,2026-01-07T11:50:00Z,0.448,213.0
0516W,Hofstra Student Garden,40.71923,-73.60202,2026-01-07T12:00:00Z,0.0,0.0
0516W,Hofstra Student Garden,40.71923,-73.60202,2026-01-07T12:10:00Z,0.448,158.0
0516W,Hofstra Student Garden,40.71923,-73.60202,2026-01-07T12:20:00Z,0.0,0.0
0516W,Hofstra Student Garden,40.71923,-73.60202,2026-01-07T12:30:00Z,0.448,171.0
0516W,Hofstra Student Garden,40.71923,-73.60202,2026-01-07T12:40:00Z,0.448,255.0
0516W,Hofstra Student Garden,40.71923,-73.60202,2026-01-07T12:50:00Z,1.79,247.0
0516W,Hofstra Student Garden,40.71923,-73.60202,2026-01-07T13:00:00Z,0.448,213.0
0516W,Hofstra Student Garden,40.71923,-73.60202,2026-01-07T13:10:00Z,0.895,250.0
0516W,Hofstra Student Garden,40.71923,-73.60202,2026-01-07T13:20:00Z,0.895,279.0
0516W,Hofstra Student Garden,40.71923,-73.60202,2026-01-07T13:30:00Z,2.68,175.0
0516W,Hofstra Student Garden,40.71923,-73.60202,2026-01-07T13:40:00Z,1.79,253.0
0516W,Hofstra Student Garden,40.71923,-73.60202,2026-01-07T13:50:00Z,0.448,252.0
0516W,Hofstra Student Garden,40.71923,-73.60202,2026-01-07T14:00:00Z,1.79,251.0
0516W,Hofstra Student Garden,40.71923,-73.60202,2026-01-07T14:10:00Z,0.0,0.0
0516W,Hofstra Student Garden,40.71923,-73.60202,2026-01-07T14:20:00Z,1.343,246.0
0516W,Hofstra Student Garden,40.71923,-73.60202,2026-01-07T14:30:00Z,1.343,263.0
0516W,Hofstra Student Garden,40.71923,-73.60202,2026-01-07T14:40:00Z,0.448,244.0
0516W,Hofstra Student Garden,40.71923,-73.60202,2026-01-07T14:50:00Z,0.895,267.0
0516W,Hofstra Student Garden,40.71923,-73.60202,2026-01-07T15:00:00Z,0.448,279.0
0516W,Hofstra Student Garden,40.71923,-73.60202,2026-01-07T15:10:00Z,1.343,242.0
0516W,Hofstra Student Garden,40.71923,-73.60202,2026-01-07T15:20:00Z,0.895,281.0
0516W,Hofstra Student Garden,40.71923,-73.60202,2026-01-07T15:30:00Z,0.448,313.0
0516W,Hofstra Student Garden,40.71923,-73.60202,2026-01-07T15:40:00Z,0.448,327.0
0516W,Hofstra Student Garden,40.71923,-73.60202,2026-01-07T15:50:00Z,0.448,35.0
0516W,Hofstra Student Garden,40.71923,-73.60202,2026-01-07T16:00:00Z,0.895,123.0
0516W,Hofstra Student Garden,40.71923,-73.60202,2026-01-07T16:10:00Z,0.448,319.0
0516W,Hofstra Student Garden,40.71923,-73.60202,2026-01-07T16:20:00Z,0.895,22.0
0516W,Hofstra Student Garden,40.71923,-73.60202,2026-01-07T16:30:00Z,0.895,18.0
0516W,Hofstra Student Garden,40.71923,-73.60202,2026-01-07T16:40:00Z,0.448,360.0
0516W,Hofstra Student Garden,40.71923,-73.60202,2026-01-07T16:50:00Z,1.79,43.0
0516W,Hofstra Student Garden,40.71923,-73.60202,2026-01-07T17:00:00Z,2.68,5.0
0516W,Hofstra Student Garden,40.71923,-73.60202,2026-01-07T17:10:00Z,1.343,325.0
0516W,Hofstra Student Garden,40.71923,-73.60202,2026-01-07T17:20:00Z,0.895,42.0
0516W,Hofstra Student Garden,40.71923,-73.60202,2026-01-07T17:30:00Z,1.79,50.0
0516W,Hofstra Student Garden,40.71923,-73.60202,2026-01-07T17:40:00Z,1.79,273.0
0516W,Hofstra Student Garden,40.71923,-73.60202,2026-01-07T17:50:00Z,4.471,14.0
0516W,Hofstra Student Garden,40.71923,-73.60202,2026-01-07T18:00:00Z,1.343,41.0
0516W,Hofstra Student Garden,40.71923,-73.60202,2026-01-07T18:10:00Z,0.895,331.0
0516W,Hofstra Student Garden,40.71923,-73.60202,2026-01-07T18:20:00Z,1.79,28.0
0516W,Hofstra Student Garden,40.71923,-73.60202,2026-01-07T18:30:00Z,0.895,38.0
0516W,Hofstra Student Garden,40.71923,-73.60202,2026-01-07T18:40:00Z,0.895,302.0
0516W,Hofstra Student Garden,40.71923,-73.60202,2026-01-07T18:50:00Z,0.0,0.0
0516W,Hofstra Student Garden,40.71923,-73.60202,2026-01-07T19:00:00Z,0.895,195.0
0516W,Hofstra Student Garden,40.71923,-73.60202,2026-01-07T19:10:00Z,1.79,277.0
0516W,Hofstra Student Garden,40.71923,-73.60202,2026-01-07T19:20:00Z,0.895,292.0
0516W,Hofstra Student Garden,40.71923,-73.60202,2026-01-07T19:30:00Z,0.895,290.0
0516W,Hofstra Student Garden,40.71923,-73.60202,2026-01-07T19:40:00Z,0.448,5.0
0516W,Hofstra Student Garden,40.71923,-73.60202,2026-01-07T19:50:00Z,2.233,54.0
0516W,Hofstra Student Garden,40.71923,-73.60202,2026-01-07T20:00:00Z,0.448,16.0
0516W,Hofstra Student Garden,40.71923,-73.60202,2026-01-07T20:10:00Z,0.448,46.0
0516W,Hofstra Student Garden,40.71923,-73.60202,2026-01-07T20:20:00Z,0.895,44.0
0516W,Hofstra Student Garden,40.71923,-73.60202,2026-01-07T20:30:00Z,1.343,26.0
0516W,Hofstra Student Garden,40.71923,-73.60202,2026-01-07T20:40:00Z,0.448,340.0
0516W,Hofstra Student Garden,40.71923,-73.60202,2026-01-07T20:50:00Z,0.895,270.0
0516W,Hofstra Student Garden,40.71923,-73.60202,2026-01-07T21:00:00Z,1.79,63.0
0516W,Hofstra Student Garden,40.71923,-73.60202,2026-01-07T21:10:00Z,1.79,329.0
0516W,Hofstra Student Garden,40.71923,-73.60202,2026-01-07T21:20:00Z,4.471,348.0
0516W,Hofstra Student Garden,40.71923,-73.60202,2026-01-07T21:30:00Z,0.895,72.0
0516W,Hofstra Student Garden,40.71923,-73.60202,2026-01-07T21:40:00Z,1.343,34.0
0516W,Hofstra Student Garden,40.71923,-73.60202,2026-01-07T21:50:00Z,1.79,38.0
0516W,Hofstra Student Garden,40.71923,-73.60202,2026-01-07T22:00:00Z,1.343,52.0
0516W,Hofstra Student Garden,40.71923,-73.60202,2026-01-07T22:10:00Z,1.343,49.0
0516W,Hofstra Student Garden,40.71923,-73.60202,2026-01-07T22:20:00Z,1.343,15.0
0516W,Hofstra Student Garden,40.71923,-73.60202,2026-01-07T22:30:00Z,2.233,360.0
0516W,Hofstra Student Garden,40.71923,-73.60202,2026-01-07T22:40:00Z,5.366,44.0
0516W,Hofstra Student Garden,40.71923,-73.60202,2026-01-07T23:00:00Z,4.023,38.0
0516W,Hofstra Student Garden,40.71923,-73.60202,2026-01-07T23:10:00Z,1.79,46.0
0516W,Hofstra Student Garden,40.71923,-73.60202,2026-01-07T23:20:00Z,1.343,25.0
0516W,Hofstra Student Garden,40.71923,-73.60202,2026-01-07T23:30:00Z,1.79,36.0
0516W,Hofstra Student Garden,40.71923,-73.60202,2026-01-07T23:40:00Z,1.79,338.0
0516W,Hofstra Student Garden,40.71923,-73.60202,2026-01-07T23:50:00Z,0.895,40.0
0516W,Hofstra Student Garden,40.71923,-73.60202,2026-01-08T00:00:00Z,0.895,25.0
0516W,Hofstra Student Garden,40.71923,-73.60202,2026-01-08T00:10:00Z,0.448,24.0
0516W,Hofstra Student Garden,40.71923,-73.60202,2026-01-08T00:20:00Z,0.895,14.0
0516W,Hofstra Student Garden,40.71923,-73.60202,2026-01-08T00:30:00Z,1.343,36.0
0516W,Hofstra Student Garden,40.71923,-73.60202,2026-01-08T00:40:00Z,0.448,9.0
0516W,Hofstra Student Garden,40.71923,-73.60202,2026-01-08T00:50:00Z,0.895,347.0
0516W,Hofstra Student Garden,40.71923,-73.60202,2026-01-08T01:00:00Z,1.79,46.0
0516W,Hofstra Student Garden,40.71923,-73.60202,2026-01-08T01:10:00Z,0.895,53.0
0516W,Hofstra Student Garden,40.71923,-73.60202,2026-01-08T01:40:00Z,0.895,319.0
0516W,Hofstra Student Garden,40.71923,-73.60202,2026-01-08T01:50:00Z,1.79,38.0
0516W,Hofstra Student Garden,40.71923,-73.60202,2026-01-08T02:00:00Z,0.895,309.0
0516W,Hofstra Student Garden,40.71923,-73.60202,2026-01-08T02:10:00Z,1.79,44.0
0516W,Hofstra Student Garden,40.71923,-73.60202,2026-01-08T02:20:00Z,2.233,53.0
0516W,Hofstra Student Garden,40.71923,-73.60202,2026-01-08T02:30:00Z,1.343,28.0
0516W,Hofstra Student Garden,40.71923,-73.60202,2026-01-08T02:40:00Z,1.79,29.0
0516W,Hofstra Student Garden,40.71923,-73.60202,2026-01-08T02:50:00Z,0.448,32.0
0516W,Hofstra Student Garden,40.71923,-73.60202,2026-01-08T03:00:00Z,1.79,16.0
0516W,Hofstra Student Garden,40.71923,-73.60202,2026-01-08T03:10:00Z,2.233,28.0
0516W,Hofstra Student Garden,40.71923,-73.60202,2026-01-08T03:20:00Z,0.448,30.0
0516W,Hofstra Student Garden,40.71923,-73.60202,2026-01-08T03:30:00Z,2.68,29.0
0516W,Hofstra Student Garden,40.71923,-73.60202,2026-01-08T03:40:00Z,1.79,58.0
0516W,Hofstra Student Garden,40.71923,-73.60202,2026-01-08T03:50:00Z,0.895,34.0
0516W,Hofstra Student Garden,40.71923,-73.60202,2026-01-08T04:00:00Z,0.895,25.0
0516W,Hofstra Student Garden,40.71923,-73.60202,2026-01-08T04:10:00Z,1.79,24.0
0516W,Hofstra Student Garden,40.71923,-73.60202,2026-01-08T04:20:00Z,0.0,0.0
0516W,Hofstra Student Garden,40.71923,-73.60202,2026-01-08T04:30:00Z,0.0,0.0
0516W,Hofstra Student Garden,40.71923,-73.60202,2026-01-08T04:40:00Z,0.448,32.0
0516W,Hofstra Student Garden,40.71923,-73.60202,2026-01-08T04:50:00Z,0.0,0.0
0516W,Hofstra Student Garden,40.71923,-73.60202,2026-01-08T05:00:00Z,0.448,16.0
0516W,Hofstra Student Garden,40.71923,-73.60202,2026-01-08T05:10:00Z,0.448,22.0
0516W,Hofstra Student Garden,40.71923,-73.60202,2026-01-08T05:20:00Z,0.895,15.0
0516W,Hofstra Student Garden,40.71923,-73.60202,2026-01-08T05:30:00Z,0.895,38.0
0516W,Hofstra Student Garden,40.71923,-73.60202,2026-01-08T05:40:00Z,0.895,32.0
0516W,Hofstra Student Garden,40.71923,-73.60202,2026-01-08T05:50:00Z,0.448,28.0
0516W,Hofstra Student Garden,40.71923,-73.60202,2026-01-08T06:00:00Z,0.448,30.0
0516W,Hofstra Student Garden,40.71923,-73.60202,2026-01-08T06:10:00Z,0.0,0.0
0516W,Hofstra Student Garden,40.71923,-73.60202,2026-01-08T06:20:00Z,1.343,34.0
0516W,Hofstra Student Garden,40.71923,-73.60202,2026-01-08T06:30:00Z,0.895,32.0
0516W,Hofstra Student Garden,40.71923,-73.60202,2026-01-08T06:40:00Z,0.0,0.0
0516W,Hofstra Student Garden,40.71923,-73.60202,2026-01-08T06:50:00Z,0.0,0.0
0516W,Hofstra Student Garden,40.71923,-73.60202,2026-01-08T07:00:00Z,0.0,0.0
0516W,Hofstra Student Garden,40.71923,-73.60202,2026-01-08T07:10:00Z,0.0,0.0
0516W,Hofstra Student Garden,40.71923,-73.60202,2026-01-08T07:20:00Z,0.0,0.0
0516W,Hofstra Student Garden,40.71923,-73.60202,2026-01-08T07:30:00Z,0.0,0.0
0516W,Hofstra Student Garden,40.71923,-73.60202,2026-01-08T07:40:00Z,0.0,0.0
0516W,Hofstra Student Garden,40.71923,-73.60202,2026-01-08T07:50:00Z,0.0,0.0
0516W,Hofstra Student Garden,40.71923,-73.60202,2026-01-08T08:00:00Z,0.0,0.0
0516W,Hofstra Student Garden,40.71923,-73.60202,2026-01-08T08:10:00Z,0.0,0.0
0516W,Hofstra Student Garden,40.71923,-73.60202,2026-01-08T08:20:00Z,0.448,29.0
0516W,Hofstra Student Garden,40.71923,-73.60202,2026-01-08T08:30:00Z,0.895,34.0
0516W,Hofstra Student Garden,40.71923,-73.60202,2026-01-08T08:40:00Z,0.448,39.0
0516W,Hofstra Student Garden,40.71923,-73.60202,2026-01-08T08:50:00Z,0.0,0.0
0516W,Hofstra Student Garden,40.71923,-73.60202,2026-01-08T09:00:00Z,0.895,45.0
0516W,Hofstra Student Garden,40.71923,-73.60202,2026-01-08T09:10:00Z,0.895,27.0
0516W,Hofstra Student Garden,40.71923,-73.60202,2026-01-08T09:20:00Z,1.343,27.0
0516W,Hofstra Student Garden,40.71923,-73.60202,2026-01-08T09:30:00Z,0.448,19.0
0516W,Hofstra Student Garden,40.71923,-73.60202,2026-01-08T09:40:00Z,0.0,0.0
0516W,Hofstra Student Garden,40.71923,-73.60202,2026-01-08T09:50:00Z,0.0,0.0
0516W,Hofstra Student Garden,40.71923,-73.60202,2026-01-08T10:10:00Z,0.0,0.0
0516W,Hofstra Student Garden,40.71923,-73.60202,2026-01-08T10:20:00Z,0.448,24.0
0516W,Hofstra Student Garden,40.71923,-73.60202,2026-01-08T10:30:00Z,0.0,0.0
0516W,Hofstra Student Garden,40.71923,-73.60202,2026-01-08T10:40:00Z,0.448,24.0
0516W,Hofstra Student Garden,40.71923,-73.60202,2026-01-08T10:50:00Z,0.448,24.0
0516W,Hofstra Student Garden,40.71923,-73.60202,2026-01-08T11:00:00Z,0.0,0.0
0516W,Hofstra Student Garden,40.71923,-73.60202,2026-01-08T11:10:00Z,0.0,0.0
0516W,Hofstra Student Garden,40.71923,-73.60202,2026-01-08T11:20:00Z,1.343,37.0
0516W,Hofstra Student Garden,40.71923,-73.60202,2026-01-08T11:30:00Z,0.448,30.0
0516W,Hofstra Student Garden,40.71923,-73.60202,2026-01-08T11:40:00Z,0.895,35.0
0516W,Hofstra Student Garden,40.71923,-73.60202,2026-01-08T11:50:00Z,1.343,33.0
0516W,Hofstra Student Garden,40.71923,-73.60202,2026-01-08T12:00:00Z,0.0,0.0
0516W,Hofstra Student Garden,40.71923,-73.60202,2026-01-08T12:10:00Z,0.0,0.0
0516W,Hofstra Student Garden,40.71923,-73.60202,2026-01-08T12:20:00Z,0.0,0.0
0516W,Hofstra Student Garden,40.71923,-73.60202,2026-01-08T12:30:00Z,0.448,88.0
0516W,Hofstra Student Garden,40.71923,-73.60202,2026-01-08T12:40:00Z,0.0,0.0
0516W,Hofstra Student Garden,40.71923,-73.60202,2026-01-08T12:50:00Z,0.0,0.0
0516W,Hofstra Student Garden,40.71923,-73.60202,2026-01-08T13:00:00Z,0.0,0.0
0516W,Hofstra Student Garden,40.71923,-73.60202,2026-01-08T13:10:00Z,0.0,0.0
0516W,Hofstra Student Garden,40.71923,-73.60202,2026-01-08T13:20:00Z,0.448,115.0
0516W,Hofstra Student Garden,40.71923,-73.60202,2026-01-08T13:30:00Z,0.895,110.0
0516W,Hofstra Student Garden,40.71923,-73.60202,2026-01-08T13:40:00Z,0.0,0.0
0516W,Hofstra Student Garden,40.71923,-73.60202,2026-01-08T13:50:00Z,0.448,122.0
0516W,Hofstra Student Garden,40.71923,-73.60202,2026-01-08T14:00:00Z,0.448,28.0
0516W,Hofstra Student Garden,40.71923,-73.60202,2026-01-08T14:10:00Z,1.79,109.0
0516W,Hofstra Student Garden,40.71923,-73.60202,2026-01-08T14:20:00Z,0.0,0.0
0516W,Hofstra Student Garden,40.71923,-73.60202,2026-01-08T14:30:00Z,0.448,22.0
0516W,Hofstra Student Garden,40.71923,-73.60202,2026-01-08T14:40:00Z,0.895,17.0
0516W,Hofstra Student Garden,40.71923,-73.60202,2026-01-08T14:50:00Z,0.895,328.0
0516W,Hofstra Student Garden,40.71923,-73.60202,2026-01-08T15:00:00Z,0.448,350.0
0516W,Hofstra Student Garden,40.71923,-73.60202,2026-01-08T15:10:00Z,0.448,347.0
0516W,Hofstra Student Garden,40.71923,-73.60202,2026-01-08T15:20:00Z,0.895,32.0
0516W,Hofstra Student Garden,40.71923,-73.60202,2026-01-08T15:30:00Z,1.343,26.0
0516W,Hofstra Student Garden,40.71923,-73.60202,2026-01-08T15:40:00Z,0.895,67.0
0516W,Hofstra Student Garden,40.71923,-73.60202,2026-01-08T15:50:00Z,1.79,46.0
0516W,Hofstra Student Garden,40.71923,-73.60202,2026-01-08T16:00:00Z,0.895,5.0
0516W,Hofstra Student Garden,40.71923,-73.60202,2026-01-08T16:10:00Z,0.0,0.0
0516W,Hofstra Student Garden,40.71923,-73.60202,2026-01-08T16:20:00Z,1.343,38.0
0516W,Hofstra Student Garden,40.71923,-73.60202,2026-01-08T16:30:00Z,0.448,36.0
0516W,Hofstra Student Garden,40.71923,-73.60202,2026-01-08T16:40:00Z,1.79,39.0
0516W,Hofstra Student Garden,40.71923,-73.60202,2026-01-08T16:50:00Z,1.79,23.0
0516W,Hofstra Student Garden,40.71923,-73.60202,2026-01-08T17:00:00Z,1.343,30.0
0516W,Hofstra Student Garden,40.71923,-73.60202,2026-01-08T17:10:00Z,1.343,19.0
0516W,Hofstra Student Garden,40.71923,-73.60202,2026-01-08T17:20:00Z,0.448,130.0
0516W,Hofstra Student Garden,40.71923,-73.60202,2026-01-08T17:30:00Z,0.448,266.0
0516W,Hofstra Student Garden,40.71923,-73.60202,2026-01-08T17:40:00Z,0.448,321.0
0516W,Hofstra Student Garden,40.71923,-73.60202,2026-01-08T17:50:00Z,1.79,40.0
0516W,Hofstra Student Garden,40.71923,-73.60202,2026-01-08T18:00:00Z,0.448,326.0
0516W,Hofstra Student Garden,40.71923,-73.60202,2026-01-08T18:10:00Z,0.895,301.0
0516W,Hofstra Student Garden,40.71923,-73.60202,2026-01-08T18:20:00Z,1.343,43.0
0516W,Hofstra Student Garden,40.71923,-73.60202,2026-01-08T18:30:00Z,0.448,61.0
0516W,Hofstra Student Garden,40.71923,-73.60202,2026-01-08T18:40:00Z,0.895,53.0
0516W,Hofstra Student Garden,40.71923,-73.60202,2026-01-08T18:50:00Z,1.79,24.0
0516W,Hofstra Student Garden,40.71923,-73.60202,2026-01-08T19:00:00Z,0.0,0.0
0516W,Hofstra Student Garden,40.71923,-73.60202,2026-01-08T19:10:00Z,0.448,342.0
0516W,Hofstra Student Garden,40.71923,-73.60202,2026-01-08T19:20:00Z,0.448,302.0
0516W,Hofstra Student Garden,40.71923,-73.60202,2026-01-08T19:30:00Z,1.79,42.0
0516W,Hofstra Student Garden,40.71923,-73.60202,2026-01-08T19:40:00Z,0.448,59.0
0516W,Hofstra Student Garden,40.71923,-73.60202,2026-01-08T19:50:00Z,0.448,316.0
0516W,Hofstra Student Garden,40.71923,-73.60202,2026-01-08T20:00:00Z,0.895,339.0
0516W,Hofstra Student Garden,40.71923,-73.60202,2026-01-08T20:10:00Z,0.448,329.0
0516W,Hofstra Student Garden,40.71923,-73.60202,2026-01-08T20:20:00Z,0.448,282.0
0516W,Hofstra Student Garden,40.71923,-73.60202,2026-01-08T20:30:00Z,0.448,331.0
0516W,Hofstra Student Garden,40.71923,-73.60202,2026-01-08T20:40:00Z,0.895,35.0
0516W,Hofstra Student Garden,40.71923,-73.60202,2026-01-08T20:50:00Z,0.0,0.0
0516W,Hofstra Student Garden,40.71923,-73.60202,2026-01-08T21:00:00Z,0.448,15.0
0516W,Hofstra Student Garden,40.71923,-73.60202,2026-01-08T21:10:00Z,0.448,25.0
0516W,Hofstra Student Garden,40.71923,-73.60202,2026-01-08T21:20:00Z,0.895,13.0
0516W,Hofstra Student Garden,40.71923,-73.60202,2026-01-08T21:30:00Z,0.0,0.0
0516W,Hofstra Student Garden,40.71923,-73.60202,2026-01-08T21:40:00Z,0.0,0.0
0516W,Hofstra Student Garden,40.71923,-73.60202,2026-01-08T21:50:00Z,0.0,0.0
0516W,Hofstra Student Garden,40.71923,-73.60202,2026-01-08T22:00:00Z,0.0,0.0
0516W,Hofstra Student Garden,40.71923,-73.60202,2026-01-08T22:10:00Z,0.0,0.0
0516W,Hofstra Student Garden,40.71923,-73.60202,2026-01-08T22:20:00Z,0.0,0.0
0516W,Hofstra Student Garden,40.71923,-73.60202,2026-01-08T22:30:00Z,0.0,0.0
0516W,Hofstra Student Garden,40.71923,-73.60202,2026-01-08T22:40:00Z,0.0,0.0
0516W,Hofstra Student Garden,40.71923,-73.60202,2026-01-08T22:50:00Z,0.0,0.0
0516W,Hofstra Student Garden,40.71923,-73.60202,2026-01-08T23:00:00Z,0.0,0.0
0516W,Hofstra Student Garden,40.71923,-73.60202,2026-01-08T23:10:00Z,0.0,0.0
0516W,Hofstra Student Garden,40.71923,-73.60202,2026-01-08T23:20:00Z,0.0,0.0
0516W,Hofstra Student Garden,40.71923,-73.60202,2026-01-08T23:30:00Z,0.0,0.0
0516W,Hofstra Student Garden,40.71923,-73.60202,2026-01-08T23:40:00Z,0.0,0.0
0516W,Hofstra Student Garden,40.71923,-73.60202,2026-01-08T23:50:00Z,0.0,0.0
0516W,Hofstra Student Garden,40.71923,-73.60202,2026-01-09T00:00:00Z,0.0,0.0
0516W,Hofstra Student Garden,40.71923,-73.60202,2026-01-09T00:10:00Z,0.448,24.0
0516W,Hofstra Student Garden,40.71923,-73.60202,2026-01-09T00:20:00Z,0.0,0.0
0516W,Hofstra Student Garden,40.71923,-73.60202,2026-01-09T00:30:00Z,0.895,53.0
0516W,Hofstra Student Garden,40.71923,-73.60202,2026-01-09T00:40:00Z,0.0,0.0
0516W,Hofstra Student Garden,40.71923,-73.60202,2026-01-09T00:50:00Z,0.0,0.0
0516W,Hofstra Student Garden,40.71923,-73.60202,2026-01-09T01:00:00Z,0.0,0.0
0516W,Hofstra Student Garden,40.71923,-73.60202,2026-01-09T01:10:00Z,0.448,112.0
0516W,Hofstra Student Garden,40.71923,-73.60202,2026-01-09T01:20:00Z,0.0,0.0
0516W,Hofstra Student Garden,40.71923,-73.60202,2026-01-09T01:30:00Z,0.0,0.0
0516W,Hofstra Student Garden,40.71923,-73.60202,2026-01-09T01:40:00Z,0.895,227.0
0516W,Hofstra Student Garden,40.71923,-73.60202,2026-01-09T01:50:00Z,0.0,0.0
0516W,Hofstra Student Garden,40.71923,-73.60202,2026-01-09T02:00:00Z,0.0,0.0
0516W,Hofstra Student Garden,40.71923,-73.60202,2026-01-09T02:10:00Z,0.0,0.0
0516W,Hofstra Student Garden,40.71923,-73.60202,2026-01-09T02:20:00Z,0.0,0.0
0516W,Hofstra Student Garden,40.71923,-73.60202,2026-01-09T02:30:00Z,0.0,0.0
0516W,Hofstra Student Garden,40.71923,-73.60202,2026-01-09T02:40:00Z,0.0,0.0
0516W,Hofstra Student Garden,40.71923,-73.60202,2026-01-09T02:50:00Z,0.0,0.0
0516W,Hofstra Student Garden,40.71923,-73.60202,2026-01-09T03:00:00Z,0.0,0.0
0516W,Hofstra Student Garden,40.71923,-73.60202,2026-01-09T03:10:00Z,0.0,0.0
0516W,Hofstra Student Garden,40.71923,-73.60202,2026-01-09T03:20:00Z,0.0,0.0
0516W,Hofstra Student Garden,40.71923,-73.60202,2026-01-09T03:30:00Z,0.0,0.0
0516W,Hofstra Student Garden,40.71923,-73.60202,2026-01-09T03:40:00Z,0.895,263.0
0516W,Hofstra Student Garden,40.71923,-73.60202,2026-01-09T03:50:00Z,0.0,0.0
0516W,Hofstra Student Garden,40.71923,-73.60202,2026-01-09T04:00:00Z,0.448,336.0
0516W,Hofstra Student Garden,40.71923,-73.60202,2026-01-09T04:10:00Z,0.0,0.0
0516W,Hofstra Student Garden,40.71923,-73.60202,2026-01-09T04:20:00Z,0.0,0.0
0516W,Hofstra Student Garden,40.71923,-73.60202,2026-01-09T04:30:00Z,0.0,0.0
0516W,Hofstra Student Garden,40.71923,-73.60202,2026-01-09T04:40:00Z,0.0,0.0
0516W,Hofstra Student Garden,40.71923,-73.60202,2026-01-09T04:50:00Z,0.0,0.0
0516W,Hofstra Student Garden,40.71923,-73.60202,2026-01-09T05:00:00Z,0.448,351.0
0516W,Hofstra Student Garden,40.71923,-73.60202,2026-01-09T05:10:00Z,0.895,96.0
0516W,Hofstra Student Garden,40.71923,-73.60202,2026-01-09T05:20:00Z,0.895,102.0
0516W,Hofstra Student Garden,40.71923,-73.60202,2026-01-09T05:30:00Z,0.0,0.0
0516W,Hofstra Student Garden,40.71923,-73.60202,2026-01-09T05:40:00Z,0.0,0.0
0516W,Hofstra Student Garden,40.71923,-73.60202,2026-01-09T05:50:00Z,0.0,0.0
0516W,Hofstra Student Garden,40.71923,-73.60202,2026-01-09T06:00:00Z,0.0,0.0
0516W,Hofstra Student Garden,40.71923,-73.60202,2026-01-09T06:10:00Z,0.0,0.0
0516W,Hofstra Student Garden,40.71923,-73.60202,2026-01-09T06:20:00Z,0.448,113.0
0516W,Hofstra Student Garden,40.71923,-73.60202,2026-01-09T06:40:00Z,0.0,0.0
0516W,Hofstra Student Garden,40.71923,-73.60202,2026-01-09T06:50:00Z,0.0,0.0
0516W,Hofstra Student Garden,40.71923,-73.60202,2026-01-09T07:00:00Z,0.0,0.0
0516W,Hofstra Student Garden,40.71923,-73.60202,2026-01-09T07:10:00Z,0.0,0.0
0516W,Hofstra Student Garden,40.71923,-73.60202,2026-01-09T07:20:00Z,0.895,75.0
0516W,Hofstra Student Garden,40.71923,-73.60202,2026-01-09T07:30:00Z,0.0,0.0
0516W,Hofstra Student Garden,40.71923,-73.60202,2026-01-09T07:40:00Z,0.448,55.0
0516W,Hofstra Student Garden,40.71923,-73.60202,2026-01-09T07:50:00Z,0.895,105.0
0516W,Hofstra Student Garden,40.71923,-73.60202,2026-01-09T08:10:00Z,0.0,0.0
0516W,Hofstra Student Garden,40.71923,-73.60202,2026-01-09T08:20:00Z,0.0,0.0
0516W,Hofstra Student Garden,40.71923,-73.60202,2026-01-09T08:30:00Z,0.0,0.0
0516W,Hofstra Student Garden,40.71923,-73.60202,2026-01-09T08:40:00Z,0.0,0.0
0516W,Hofstra Student Garden,40.71923,-73.60202,2026-01-09T08:50:00Z,0.0,0.0
0516W,Hofstra Student Garden,40.71923,-73.60202,2026-01-09T09:00:00Z,0.0,0.0
0516W,Hofstra Student Garden,40.71923,-73.60202,2026-01-09T09:10:00Z,0.0,0.0
0516W,Hofstra Student Garden,40.71923,-73.60202,2026-01-09T09:20:00Z,0.448,86.0
0516W,Hofstra Student Garden,40.71923,-73.60202,2026-01-09T09:30:00Z,0.0,0.0
0516W,Hofstra Student Garden,40.71923,-73.60202,2026-01-09T09:40:00Z,0.0,0.0
0516W,Hofstra Student Garden,40.71923,-73.60202,2026-01-09T09:50:00Z,0.0,0.0
0516W,Hofstra Student Garden,40.71923,-73.60202,2026-01-09T10:10:00Z,0.0,0.0
0516W,Hofstra Student Garden,40.71923,-73.60202,2026-01-09T10:20:00Z,0.448,94.0
0516W,Hofstra Student Garden,40.71923,-73.60202,2026-01-09T10:30:00Z,0.0,0.0
0516W,Hofstra Student Garden,40.71923,-73.60202,2026-01-09T10:40:00Z,0.0,0.0
0516W,Hofstra Student Garden,40.71923,-73.60202,2026-01-09T10:50:00Z,0.0,0.0
0516W,Hofstra Student Garden,40.71923,-73.60202,2026-01-09T11:00:00Z,0.0,0.0
0516W,Hofstra Student Garden,40.71923,-73.60202,2026-01-09T11:10:00Z,0.0,0.0
0516W,Hofstra Student Garden,40.71923,-73.60202,2026-01-09T11:20:00Z,0.895,120.0
0516W,Hofstra Student Garden,40.71923,-73.60202,2026-01-09T11:30:00Z,0.448,192.0
0516W,Hofstra Student Garden,40.71923,-73.60202,2026-01-09T11:40:00Z,0.0,0.0
0516W,Hofstra Student Garden,40.71923,-73.60202,2026-01-09T11:50:00Z,0.0,0.0
0516W,Hofstra Student Garden,40.71923,-73.60202,2026-01-09T12:00:00Z,0.895,104.0
0516W,Hofstra Student Garden,40.71923,-73.60202,2026-01-09T12:10:00Z,0.895,96.0
0516W,Hofstra Student Garden,40.71923,-73.60202,2026-01-09T12:20:00Z,0.448,106.0
0516W,Hofstra Student Garden,40.71923,-73.60202,2026-01-09T12:30:00Z,0.0,0.0
0516W,Hofstra Student Garden,40.71923,-73.60202,2026-01-09T12:40:00Z,0.0,0.0
0516W,Hofstra Student Garden,40.71923,-73.60202,2026-01-09T12:50:00Z,0.0,0.0
0516W,Hofstra Student Garden,40.71923,-73.60202,2026-01-09T13:00:00Z,0.895,126.0
0516W,Hofstra Student Garden,40.71923,-73.60202,2026-01-09T13:10:00Z,0.0,0.0
0516W,Hofstra Student Garden,40.71923,-73.60202,2026-01-09T13:20:00Z,1.343,111.0
0516W,Hofstra Student Garden,40.71923,-73.60202,2026-01-09T13:30:00Z,0.895,126.0
0516W,Hofstra Student Garden,40.71923,-73.60202,2026-01-09T13:40:00Z,0.448,165.0
0516W,Hofstra Student Garden,40.71923,-73.60202,2026-01-09T13:50:00Z,0.448,190.0
0516W,Hofstra Student Garden,40.71923,-73.60202,2026-01-09T14:00:00Z,0.448,168.0
0516W,Hofstra Student Garden,40.71923,-73.60202,2026-01-09T14:10:00Z,0.448,196.0
0516W,Hofstra Student Garden,40.71923,-73.60202,2026-01-09T14:20:00Z,1.343,228.0
0516W,Hofstra Student Garden,40.71923,-73.60202,2026-01-09T14:30:00Z,1.343,194.0
0516W,Hofstra Student Garden,40.71923,-73.60202,2026-01-09T14:40:00Z,3.128,219.0
0516W,Hofstra Student Garden,40.71923,-73.60202,2026-01-09T14:50:00Z,1.79,178.0
0516W,Hofstra Student Garden,40.71923,-73.60202,2026-01-09T15:00:00Z,1.343,233.0
0516W,Hofstra Student Garden,40.71923,-73.60202,2026-01-09T15:10:00Z,1.343,236.0
0516W,Hofstra Student Garden,40.71923,-73.60202,2026-01-09T15:20:00Z,2.68,220.0
0516W,Hofstra Student Garden,40.71923,-73.60202,2026-01-09T15:30:00Z,1.79,209.0
0516W,Hofstra Student Garden,40.71923,-73.60202,2026-01-09T15:40:00Z,0.895,246.0
0516W,Hofstra Student Garden,40.71923,-73.60202,2026-01-09T15:50:00Z,1.79,230.0
0516W,Hofstra Student Garden,40.71923,-73.60202,2026-01-09T16:00:00Z,2.233,208.0
0516W,Hofstra Student Garden,40.71923,-73.60202,2026-01-09T16:10:00Z,1.79,171.0
0516W,Hofstra Student Garden,40.71923,-73.60202,2026-01-09T16:30:00Z,1.79,214.0
0516W,Hofstra Student Garden,40.71923,-73.60202,2026-01-09T16:40:00Z,3.575,240.0
0516W,Hofstra Student Garden,40.71923,-73.60202,2026-01-09T16:50:00Z,4.023,236.0
0516W,Hofstra Student Garden,40.71923,-73.60202,2026-01-09T17:00:00Z,3.128,252.0
0516W,Hofstra Student Garden,40.71923,-73.60202,2026-01-09T17:10:00Z,2.68,208.0
0516W,Hofstra Student Garden,40.71923,-73.60202,2026-01-09T17:20:00Z,3.575,219.0
0516W,Hofstra Student Garden,40.71923,-73.60202,2026-01-09T17:30:00Z,0.895,188.0
0516W,Hofstra Student Garden,40.71923,-73.60202,2026-01-09T17:40:00Z,3.575,277.0
0516W,Hofstra Student Garden,40.71923,-73.60202,2026-01-09T17:50:00Z,1.343,127.0
0516W,Hofstra Student Garden,40.71923,-73.60202,2026-01-09T18:00:00Z,4.023,198.0
0516W,Hofstra Student Garden,40.71923,-73.60202,2026-01-09T18:10:00Z,3.128,223.0
0516W,Hofstra Student Garden,40.71923,-73.60202,2026-01-09T18:20:00Z,3.575,233.0
0516W,Hofstra Student Garden,40.71923,-73.60202,2026-01-09T18:30:00Z,3.575,226.0
0516W,Hofstra Student Garden,40.71923,-73.60202,2026-01-09T18:40:00Z,1.343,238.0
0516W,Hofstra Student Garden,40.71923,-73.60202,2026-01-09T18:50:00Z,2.68,173.0
0516W,Hofstra Student Garden,40.71923,-73.60202,2026-01-09T19:00:00Z,2.68,279.0
0516W,Hofstra Student Garden,40.71923,-73.60202,2026-01-09T19:10:00Z,0.448,247.0
0516W,Hofstra Student Garden,40.71923,-73.60202,2026-01-09T19:20:00Z,4.023,246.0
0516W,Hofstra Student Garden,40.71923,-73.60202,2026-01-09T19:30:00Z,1.343,236.0
0516W,Hofstra Student Garden,40.71923,-73.60202,2026-01-09T19:40:00Z,3.575,207.0
0516W,Hofstra Student Garden,40.71923,-73.60202,2026-01-09T19:50:00Z,1.343,222.0
0516W,Hofstra Student Garden,40.71923,-73.60202,2026-01-09T20:00:00Z,2.68,213.0
0516W,Hofstra Student Garden,40.71923,-73.60202,2026-01-09T20:10:00Z,2.233,191.0
0516W,Hofstra Student Garden,40.71923,-73.60202,2026-01-09T20:20:00Z,2.233,162.0
0516W,Hofstra Student Garden,40.71923,-73.60202,2026-01-09T20:30:00Z,0.895,191.0
0516W,Hofstra Student Garden,40.71923,-73.60202,2026-01-09T20:40:00Z,0.895,225.0
0516W,Hofstra Student Garden,40.71923,-73.60202,2026-01-09T20:50:00Z,2.233,216.0
0516W,Hofstra Student Garden,40.71923,-73.60202,2026-01-09T21:00:00Z,1.79,148.0
0516W,Hofstra Student Garden,40.71923,-73.60202,2026-01-09T21:10:00Z,2.233,239.0
0516W,Hofstra Student Garden,40.71923,-73.60202,2026-01-09T21:20:00Z,0.448,178.0
0516W,Hofstra Student Garden,40.71923,-73.60202,2026-01-09T21:30:00Z,1.343,242.0
0516W,Hofstra Student Garden,40.71923,-73.60202,2026-01-09T21:40:00Z,1.343,201.0
0516W,Hofstra Student Garden,40.71923,-73.60202,2026-01-09T21:50:00Z,1.343,246.0
0516W,Hofstra Student Garden,40.71923,-73.60202,2026-01-09T22:00:00Z,1.343,227.0
0516W,Hofstra Student Garden,40.71923,-73.60202,2026-01-09T22:10:00Z,2.233,245.0
0516W,Hofstra Student Garden,40.71923,-73.60202,2026-01-09T22:20:00Z,0.895,211.0
0516W,Hofstra Student Garden,40.71923,-73.60202,2026-01-09T22:30:00Z,3.575,248.0
0516W,Hofstra Student Garden,40.71923,-73.60202,2026-01-09T22:40:00Z,2.68,228.0
0516W,Hofstra Student Garden,40.71923,-73.60202,2026-01-09T22:50:00Z,0.895,222.0
0516W,Hofstra Student Garden,40.71923,-73.60202,2026-01-09T23:00:00Z,2.233,256.0
0516W,Hofstra Student Garden,40.71923,-73.60202,2026-01-09T23:10:00Z,2.68,259.0
0516W,Hofstra Student Garden,40.71923,-73.60202,2026-01-09T23:20:00Z,1.343,294.0
0516W,Hofstra Student Garden,40.71923,-73.60202,2026-01-09T23:30:00Z,2.68,232.0
0516W,Hofstra Student Garden,40.71923,-73.60202,2026-01-09T23:40:00Z,3.128,276.0
0516W,Hofstra Student Garden,40.71923,-73.60202,2026-01-09T23:50:00Z,2.233,238.0
0516W,Hofstra Student Garden,40.71923,-73.60202,2026-01-10T00:00:00Z,3.128,248.0
0516W,Hofstra Student Garden,40.71923,-73.60202,2026-01-10T00:10:00Z,3.128,223.0
0516W,Hofstra Student Garden,40.71923,-73.60202,2026-01-10T00:20:00Z,4.023,248.0
0516W,Hofstra Student Garden,40.71923,-73.60202,2026-01-10T00:30:00Z,1.343,301.0
0516W,Hofstra Student Garden,40.71923,-73.60202,2026-01-10T00:40:00Z,2.233,253.0
0516W,Hofstra Student Garden,40.71923,-73.60202,2026-01-10T00:50:00Z,3.128,246.0
0516W,Hofstra Student Garden,40.71923,-73.60202,2026-01-10T01:00:00Z,2.68,232.0
0516W,Hofstra Student Garden,40.71923,-73.60202,2026-01-10T01:10:00Z,2.68,243.0
0516W,Hofstra Student Garden,40.71923,-73.60202,2026-01-10T01:20:00Z,2.68,240.0
0516W,Hofstra Student Garden,40.71923,-73.60202,2026-01-10T01:30:00Z,1.343,267.0
0516W,Hofstra Student Garden,40.71923,-73.60202,2026-01-10T01:40:00Z,1.343,259.0
0516W,Hofstra Student Garden,40.71923,-73.60202,2026-01-10T01:50:00Z,1.343,235.0
0516W,Hofstra Student Garden,40.71923,-73.60202,2026-01-10T02:00:00Z,1.343,284.0
0516W,Hofstra Student Garden,40.71923,-73.60202,2026-01-10T02:10:00Z,0.448,255.0
0516W,Hofstra Student Garden,40.71923,-73.60202,2026-01-10T02:20:00Z,1.79,246.0
0516W,Hofstra Student Garden,40.71923,-73.60202,2026-01-10T02:30:00Z,0.895,238.0
0516W,Hofstra Student Garden,40.71923,-73.60202,2026-01-10T02:40:00Z,0.448,259.0
0516W,Hofstra Student Garden,40.71923,-73.60202,2026-01-10T02:50:00Z,0.895,245.0
0516W,Hofstra Student Garden,40.71923,-73.60202,2026-01-10T03:00:00Z,0.448,262.0
0516W,Hofstra Student Garden,40.71923,-73.60202,2026-01-10T03:10:00Z,0.448,269.0
0516W,Hofstra Student Garden,40.71923,-73.60202,2026-01-10T03:20:00Z,0.0,0.0
0516W,Hofstra Student Garden,40.71923,-73.60202,2026-01-10T03:30:00Z,0.448,256.0
0516W,Hofstra Student Garden,40.71923,-73.60202,2026-01-10T03:40:00Z,0.0,0.0
0516W,Hofstra Student Garden,40.71923,-73.60202,2026-01-10T03:50:00Z,0.0,0.0
0516W,Hofstra Student Garden,40.71923,-73.60202,2026-01-10T04:00:00Z,0.0,0.0
0516W,Hofstra Student Garden,40.71923,-73.60202,2026-01-10T04:10:00Z,0.0,0.0
0516W,Hofstra Student Garden,40.71923,-73.60202,2026-01-10T04:20:00Z,0.0,0.0
0516W,Hofstra Student Garden,40.71923,-73.60202,2026-01-10T04:30:00Z,0.0,0.0
0516W,Hofstra Student Garden,40.71923,-73.60202,2026-01-10T04:40:00Z,0.895,232.0
0516W,Hofstra Student Garden,40.71923,-73.60202,2026-01-10T04:50:00Z,0.0,0.0
0516W,Hofstra Student Garden,40.71923,-73.60202,2026-01-10T05:00:00Z,0.895,291.0
0516W,Hofstra Student Garden,40.71923,-73.60202,2026-01-10T05:10:00Z,0.0,0.0
0516W,Hofstra Student Garden,40.71923,-73.60202,2026-01-10T05:20:00Z,0.448,294.0
0516W,Hofstra Student Garden,40.71923,-73.60202,2026-01-10T05:30:00Z,0.0,0.0
0516W,Hofstra Student Garden,40.71923,-73.60202,2026-01-10T05:40:00Z,0.448,305.0
0516W,Hofstra Student Garden,40.71923,-73.60202,2026-01-10T05:50:00Z,0.0,0.0
0516W,Hofstra Student Garden,40.71923,-73.60202,2026-01-10T06:00:00Z,0.448,305.0
0516W,Hofstra Student Garden,40.71923,-73.60202,2026-01-10T06:10:00Z,0.0,0.0
0516W,Hofstra Student Garden,40.71923,-73.60202,2026-01-10T06:20:00Z,0.0,0.0
0516W,Hofstra Student Garden,40.71923,-73.60202,2026-01-10T06:30:00Z,0.448,305.0
0516W,Hofstra Student Garden,40.71923,-73.60202,2026-01-10T06:40:00Z,0.448,305.0
0516W,Hofstra Student Garden,40.71923,-73.60202,2026-01-10T06:50:00Z,0.0,0.0
0516W,Hofstra Student Garden,40.71923,-73.60202,2026-01-10T07:00:00Z,0.0,0.0
0516W,Hofstra Student Garden,40.71923,-73.60202,2026-01-10T07:10:00Z,0.0,0.0
0516W,Hofstra Student Garden,40.71923,-73.60202,2026-01-10T07:20:00Z,0.448,21.0
0516W,Hofstra Student Garden,40.71923,-73.60202,2026-01-10T07:30:00Z,0.895,29.0
0516W,Hofstra Student Garden,40.71923,-73.60202,2026-01-10T08:00:00Z,1.79,42.0
0516W,Hofstra Student Garden,40.71923,-73.60202,2026-01-10T08:10:00Z,0.895,38.0
0516W,Hofstra Student Garden,40.71923,-73.60202,2026-01-10T08:20:00Z,0.895,35.0
0516W,Hofstra Student Garden,40.71923,-73.60202,2026-01-10T08:30:00Z,1.343,34.0
0516W,Hofstra Student Garden,40.71923,-73.60202,2026-01-10T08:40:00Z,0.895,45.0
0516W,Hofstra Student Garden,40.71923,-73.60202,2026-01-10T08:50:00Z,1.79,41.0
0516W,Hofstra Student Garden,40.71923,-73.60202,2026-01-10T09:00:00Z,1.343,40.0
0516W,Hofstra Student Garden,40.71923,-73.60202,2026-01-10T09:10:00Z,0.895,31.0
0516W,Hofstra Student Garden,40.71923,-73.60202,2026-01-10T09:20:00Z,0.895,41.0
0516W,Hofstra Student Garden,40.71923,-73.60202,2026-01-10T09:30:00Z,0.0,0.0
0516W,Hofstra Student Garden,40.71923,-73.60202,2026-01-10T09:40:00Z,0.448,26.0
0516W,Hofstra Student Garden,40.71923,-73.60202,2026-01-10T09:50:00Z,0.448,26.0
0516W,Hofstra Student Garden,40.71923,-73.60202,2026-01-10T10:10:00Z,0.895,36.0
0516W,Hofstra Student Garden,40.71923,-73.60202,2026-01-10T10:20:00Z,0.895,32.0
0516W,Hofstra Student Garden,40.71923,-73.60202,2026-01-10T10:30:00Z,0.895,17.0
0516W,Hofstra Student Garden,40.71923,-73.60202,2026-01-10T10:40:00Z,1.343,11.0
0516W,Hofstra Student Garden,40.71923,-73.60202,2026-01-10T10:50:00Z,1.343,30.0
0516W,Hofstra Student Garden,40.71923,-73.60202,2026-01-10T11:00:00Z,1.343,27.0
0516W,Hofstra Student Garden,40.71923,-73.60202,2026-01-10T11:10:00Z,0.895,5.0
0516W,Hofstra Student Garden,40.71923,-73.60202,2026-01-10T11:20:00Z,1.343,32.0
0516W,Hofstra Student Garden,40.71923,-73.60202,2026-01-10T11:30:00Z,1.343,28.0
0516W,Hofstra Student Garden,40.71923,-73.60202,2026-01-10T11:40:00Z,1.343,46.0
0516W,Hofstra Student Garden,40.71923,-73.60202,2026-01-10T11:50:00Z,1.343,52.0
0516W,Hofstra Student Garden,40.71923,-73.60202,2026-01-10T12:00:00Z,1.343,34.0
0516W,Hofstra Student Garden,40.71923,-73.60202,2026-01-10T12:10:00Z,1.343,49.0
0516W,Hofstra Student Garden,40.71923,-73.60202,2026-01-10T12:20:00Z,1.343,25.0
0516W,Hofstra Student Garden,40.71923,-73.60202,2026-01-10T12:30:00Z,2.68,36.0
0516W,Hofstra Student Garden,40.71923,-73.60202,2026-01-10T12:40:00Z,1.79,51.0
0516W,Hofstra Student Garden,40.71923,-73.60202,2026-01-10T12:50:00Z,1.343,24.0
0516W,Hofstra Student Garden,40.71923,-73.60202,2026-01-10T13:00:00Z,1.343,35.0
0516W,Hofstra Student Garden,40.71923,-73.60202,2026-01-10T13:10:00Z,1.343,13.0
0516W,Hofstra Student Garden,40.71923,-73.60202,2026-01-10T13:20:00Z,1.79,36.0
0516W,Hofstra Student Garden,40.71923,-73.60202,2026-01-10T13:30:00Z,1.79,25.0
0516W,Hofstra Student Garden,40.71923,-73.60202,2026-01-10T13:40:00Z,1.79,33.0
0516W,Hofstra Student Garden,40.71923,-73.60202,2026-01-10T13:50:00Z,0.895,36.0
0516W,Hofstra Student Garden,40.71923,-73.60202,2026-01-10T14:00:00Z,2.233,31.0
0516W,Hofstra Student Garden,40.71923,-73.60202,2026-01-10T14:10:00Z,1.343,23.0
0516W,Hofstra Student Garden,40.71923,-73.60202,2026-01-10T14:20:00Z,0.448,31.0
0516W,Hofstra Student Garden,40.71923,-73.60202,2026-01-10T14:30:00Z,0.895,67.0
0516W,Hofstra Student Garden,40.71923,-73.60202,2026-01-10T14:40:00Z,0.448,67.0
0516W,Hofstra Student Garden,40.71923,-73.60202,2026-01-10T14:50:00Z,1.343,60.0
0516W,Hofstra Student Garden,40.71923,-73.60202,2026-01-10T15:00:00Z,0.895,49.0
0516W,Hofstra Student Garden,40.71923,-73.60202,2026-01-10T15:10:00Z,0.448,109.0
0516W,Hofstra Student Garden,40.71923,-73.60202,2026-01-10T15:20:00Z,0.895,65.0
0516W,Hofstra Student Garden,40.71923,-73.60202,2026-01-10T15:30:00Z,0.448,46.0
0516W,Hofstra Student Garden,40.71923,-73.60202,2026-01-10T15:40:00Z,1.343,99.0
0516W,Hofstra Student Garden,40.71923,-73.60202,2026-01-10T15:50:00Z,0.448,78.0
0516W,Hofstra Student Garden,40.71923,-73.60202,2026-01-10T16:00:00Z,1.343,111.0
0516W,Hofstra Student Garden,40.71923,-73.60202,2026-01-10T16:10:00Z,0.895,38.0
0516W,Hofstra Student Garden,40.71923,-73.60202,2026-01-10T16:20:00Z,1.343,28.0
0516W,Hofstra Student Garden,40.71923,-73.60202,2026-01-10T16:30:00Z,0.895,51.0
0516W,Hofstra Student Garden,40.71923,-73.60202,2026-01-10T16:40:00Z,1.343,52.0
0516W,Hofstra Student Garden,40.71923,-73.60202,2026-01-10T16:50:00Z,1.79,114.0
0516W,Hofstra Student Garden,40.71923,-73.60202,2026-01-10T17:00:00Z,0.895,97.0
0516W,Hofstra Student Garden,40.71923,-73.60202,2026-01-10T17:10:00Z,0.895,63.0
0516W,Hofstra Student Garden,40.71923,-73.60202,2026-01-10T17:20:00Z,0.0,0.0
0516W,Hofstra Student Garden,40.71923,-73.60202,2026-01-10T17:30:00Z,0.448,55.0
0516W,Hofstra Student Garden,40.71923,-73.60202,2026-01-10T17:40:00Z,0.448,115.0
0516W,Hofstra Student Garden,40.71923,-73.60202,2026-01-10T17:50:00Z,0.895,109.0
0516W,Hofstra Student Garden,40.71923,-73.60202,2026-01-10T18:00:00Z,0.0,0.0
0516W,Hofstra Student Garden,40.71923,-73.60202,2026-01-10T18:10:00Z,0.895,103.0
0516W,Hofstra Student Garden,40.71923,-73.60202,2026-01-10T18:20:00Z,0.448,104.0
0516W,Hofstra Student Garden,40.71923,-73.60202,2026-01-10T18:30:00Z,0.0,0.0
0516W,Hofstra Student Garden,40.71923,-73.60202,2026-01-10T18:40:00Z,0.895,104.0
0516W,Hofstra Student Garden,40.71923,-73.60202,2026-01-10T18:50:00Z,0.895,107.0
0516W,Hofstra Student Garden,40.71923,-73.60202,2026-01-10T19:00:00Z,0.448,99.0
0516W,Hofstra Student Garden,40.71923,-73.60202,2026-01-10T19:10:00Z,0.448,82.0
0516W,Hofstra Student Garden,40.71923,-73.60202,2026-01-10T19:20:00Z,0.448,42.0
0516W,Hofstra Student Garden,40.71923,-73.60202,2026-01-10T19:30:00Z,0.448,113.0
0516W,Hofstra Student Garden,40.71923,-73.60202,2026-01-10T19:40:00Z,0.448,144.0
0516W,Hofstra Student Garden,40.71923,-73.60202,2026-01-10T19:50:00Z,0.895,61.0
0516W,Hofstra Student Garden,40.71923,-73.60202,2026-01-10T20:00:00Z,0.448,105.0
0516W,Hofstra Student Garden,40.71923,-73.60202,2026-01-10T20:10:00Z,0.895,87.0
0516W,Hofstra Student Garden,40.71923,-73.60202,2026-01-10T20:20:00Z,0.448,61.0
0516W,Hofstra Student Garden,40.71923,-73.60202,2026-01-10T20:30:00Z,1.343,124.0
0516W,Hofstra Student Garden,40.71923,-73.60202,2026-01-10T20:40:00Z,0.895,84.0
0516W,Hofstra Student Garden,40.71923,-73.60202,2026-01-10T20:50:00Z,1.79,112.0
0516W,Hofstra Student Garden,40.71923,-73.60202,2026-01-10T21:00:00Z,1.79,111.0
0516W,Hofstra Student Garden,40.71923,-73.60202,2026-01-10T21:10:00Z,0.895,92.0
0516W,Hofstra Student Garden,40.71923,-73.60202,2026-01-10T21:20:00Z,1.343,56.0
0516W,Hofstra Student Garden,40.71923,-73.60202,2026-01-10T21:30:00Z,1.343,88.0
0516W,Hofstra Student Garden,40.71923,-73.60202,2026-01-10T21:40:00Z,0.448,55.0
0516W,Hofstra Student Garden,40.71923,-73.60202,2026-01-10T21:50:00Z,1.343,117.0
0516W,Hofstra Student Garden,40.71923,-73.60202,2026-01-10T22:00:00Z,1.343,112.0
0516W,Hofstra Student Garden,40.71923,-73.60202,2026-01-10T22:10:00Z,0.895,101.0
0516W,Hofstra Student Garden,40.71923,-73.60202,2026-01-10T22:20:00Z,1.343,103.0
0516W,Hofstra Student Garden,40.71923,-73.60202,2026-01-10T22:30:00Z,0.895,68.0
0516W,Hofstra Student Garden,40.71923,-73.60202,2026-01-10T22:40:00Z,0.895,125.0
0516W,Hofstra Student Garden,40.71923,-73.60202,2026-01-10T22:50:00Z,1.343,100.0
0516W,Hofstra Student Garden,40.71923,-73.60202,2026-01-10T23:00:00Z,2.68,109.0
0516W,Hofstra Student Garden,40.71923,-73.60202,2026-01-10T23:10:00Z,0.895,106.0
0516W,Hofstra Student Garden,40.71923,-73.60202,2026-01-10T23:20:00Z,0.895,77.0
0516W,Hofstra Student Garden,40.71923,-73.60202,2026-01-10T23:30:00Z,0.448,51.0
0516W,Hofstra Student Garden,40.71923,-73.60202,2026-01-10T23:40:00Z,2.68,105.0
0516W,Hofstra Student Garden,40.71923,-73.60202,2026-01-10T23:50:00Z,0.895,97.0
0516W,Hofstra Student Garden,40.71923,-73.60202,2026-01-11T00:00:00Z,2.68,90.0
0516W,Hofstra Student Garden,40.71923,-73.60202,2026-01-11T00:10:00Z,1.79,140.0
0516W,Hofstra Student Garden,40.71923,-73.60202,2026-01-11T00:20:00Z,3.128,138.0
0516W,Hofstra Student Garden,40.71923,-73.60202,2026-01-11T00:30:00Z,1.343,103.0
0516W,Hofstra Student Garden,40.71923,-73.60202,2026-01-11T00:40:00Z,1.343,94.0
0516W,Hofstra Student Garden,40.71923,-73.60202,2026-01-11T00:50:00Z,1.79,106.0
0516W,Hofstra Student Garden,40.71923,-73.60202,2026-01-11T01:00:00Z,4.023,105.0
0516W,Hofstra Student Garden,40.71923,-73.60202,2026-01-11T01:10:00Z,0.895,118.0
0516W,Hofstra Student Garden,40.71923,-73.60202,2026-01-11T01:20:00Z,0.895,46.0
0516W,Hofstra Student Garden,40.71923,-73.60202,2026-01-11T01:30:00Z,1.343,94.0
0516W,Hofstra Student Garden,40.71923,-73.60202,2026-01-11T01:40:00Z,0.895,52.0
0516W,Hofstra Student Garden,40.71923,-73.60202,2026-01-11T01:50:00Z,1.79,109.0
0516W,Hofstra Student Garden,40.71923,-73.60202,2026-01-11T02:00:00Z,1.79,131.0
0516W,Hofstra Student Garden,40.71923,-73.60202,2026-01-11T02:10:00Z,1.79,128.0
0516W,Hofstra Student Garden,40.71923,-73.60202,2026-01-11T02:20:00Z,1.79,95.0
0516W,Hofstra Student Garden,40.71923,-73.60202,2026-01-11T02:30:00Z,1.79,122.0
0516W,Hofstra Student Garden,40.71923,-73.60202,2026-01-11T02:40:00Z,3.128,126.0
0516W,Hofstra Student Garden,40.71923,-73.60202,2026-01-11T02:50:00Z,0.895,97.0
0516W,Hofstra Student Garden,40.71923,-73.60202,2026-01-11T03:00:00Z,1.343,114.0
0516W,Hofstra Student Garden,40.71923,-73.60202,2026-01-11T03:10:00Z,0.895,105.0
0516W,Hofstra Student Garden,40.71923,-73.60202,2026-01-11T03:20:00Z,0.0,0.0
0516W,Hofstra Student Garden,40.71923,-73.60202,2026-01-11T03:30:00Z,0.895,105.0
0516W,Hofstra Student Garden,40.71923,-73.60202,2026-01-11T03:40:00Z,0.895,85.0
0516W,Hofstra Student Garden,40.71923,-73.60202,2026-01-11T03:50:00Z,1.343,115.0
0516W,Hofstra Student Garden,40.71923,-73.60202,2026-01-11T04:00:00Z,1.343,126.0
0516W,Hofstra Student Garden,40.71923,-73.60202,2026-01-11T04:10:00Z,1.343,103.0
0516W,Hofstra Student Garden,40.71923,-73.60202,2026-01-11T04:20:00Z,0.895,98.0
0516W,Hofstra Student Garden,40.71923,-73.60202,2026-01-11T04:30:00Z,0.895,103.0
0516W,Hofstra Student Garden,40.71923,-73.60202,2026-01-11T04:40:00Z,1.343,343.0
0516W,Hofstra Student Garden,40.71923,-73.60202,2026-01-11T04:50:00Z,0.448,352.0
0516W,Hofstra Student Garden,40.71923,-73.60202,2026-01-11T05:00:00Z,0.895,34.0
0516W,Hofstra Student Garden,40.71923,-73.60202,2026-01-11T05:10:00Z,0.448,31.0
0516W,Hofstra Student Garden,40.71923,-73.60202,2026-01-11T05:20:00Z,0.895,32.0
0516W,Hofstra Student Garden,40.71923,-73.60202,2026-01-11T05:40:00Z,0.448,41.0
0516W,Hofstra Student Garden,40.71923,-73.60202,2026-01-11T05:50:00Z,0.895,35.0
0516W,Hofstra Student Garden,40.71923,-73.60202,2026-01-11T06:00:00Z,0.895,34.0
0516W,Hofstra Student Garden,40.71923,-73.60202,2026-01-11T06:10:00Z,1.343,41.0
0516W,Hofstra Student Garden,40.71923,-73.60202,2026-01-11T06:20:00Z,0.448,35.0
0516W,Hofstra Student Garden,40.71923,-73.60202,2026-01-11T06:40:00Z,0.895,34.0
0516W,Hofstra Student Garden,40.71923,-73.60202,2026-01-11T06:50:00Z,1.343,25.0
0516W,Hofstra Student Garden,40.71923,-73.60202,2026-01-11T07:00:00Z,0.895,19.0
0516W,Hofstra Student Garden,40.71923,-73.60202,2026-01-11T07:10:00Z,1.343,24.0
0516W,Hofstra Student Garden,40.71923,-73.60202,2026-01-11T07:20:00Z,0.448,22.0
0516W,Hofstra Student Garden,40.71923,-73.60202,2026-01-11T07:30:00Z,0.895,22.0
0516W,Hofstra Student Garden,40.71923,-73.60202,2026-01-11T07:40:00Z,0.0,0.0
0516W,Hofstra Student Garden,40.71923,-73.60202,2026-01-11T07:50:00Z,0.0,0.0
0516W,Hofstra Student Garden,40.71923,-73.60202,2026-01-11T08:00:00Z,0.895,34.0
0516W,Hofstra Student Garden,40.71923,-73.60202,2026-01-11T08:10:00Z,0.895,27.0
0516W,Hofstra Student Garden,40.71923,-73.60202,2026-01-11T08:20:00Z,0.0,0.0
0516W,Hofstra Student Garden,40.71923,-73.60202,2026-01-11T08:30:00Z,0.448,44.0
0516W,Hofstra Student Garden,40.71923,-73.60202,2026-01-11T08:40:00Z,0.448,342.0
0516W,Hofstra Student Garden,40.71923,-73.60202,2026-01-11T08:50:00Z,0.895,25.0
0516W,Hofstra Student Garden,40.71923,-73.60202,2026-01-11T09:00:00Z,0.0,0.0
0516W,Hofstra Student Garden,40.71923,-73.60202,2026-01-11T09:10:00Z,0.448,203.0
0516W,Hofstra Student Garden,40.71923,-73.60202,2026-01-11T09:20:00Z,0.448,303.0
0516W,Hofstra Student Garden,40.71923,-73.60202,2026-01-11T09:30:00Z,0.448,279.0
0516W,Hofstra Student Garden,40.71923,-73.60202,2026-01-11T09:40:00Z,0.0,0.0
0516W,Hofstra Student Garden,40.71923,-73.60202,2026-01-11T09:50:00Z,0.0,0.0
0516W,Hofstra Student Garden,40.71923,-73.60202,2026-01-11T10:10:00Z,0.0,0.0
0516W,Hofstra Student Garden,40.71923,-73.60202,2026-01-11T10:20:00Z,0.0,0.0
0516W,Hofstra Student Garden,40.71923,-73.60202,2026-01-11T10:30:00Z,0.0,0.0
0516W,Hofstra Student Garden,40.71923,-73.60202,2026-01-11T10:40:00Z,0.0,0.0
0516W,Hofstra Student Garden,40.71923,-73.60202,2026-01-11T10:50:00Z,0.448,250.0
0516W,Hofstra Student Garden,40.71923,-73.60202,2026-01-11T11:00:00Z,0.895,254.0
0516W,Hofstra Student Garden,40.71923,-73.60202,2026-01-11T11:10:00Z,0.0,0.0
0516W,Hofstra Student Garden,40.71923,-73.60202,2026-01-11T11:20:00Z,0.0,0.0
0516W,Hofstra Student Garden,40.71923,-73.60202,2026-01-11T11:30:00Z,0.448,285.0
0516W,Hofstra Student Garden,40.71923,-73.60202,2026-01-11T11:40:00Z,0.895,249.0
0516W,Hofstra Student Garden,40.71923,-73.60202,2026-01-11T11:50:00Z,0.0,0.0
0516W,Hofstra Student Garden,40.71923,-73.60202,2026-01-11T12:00:00Z,0.0,0.0
0516W,Hofstra Student Garden,40.71923,-73.60202,2026-01-11T12:10:00Z,0.448,245.0
0516W,Hofstra Student Garden,40.71923,-73.60202,2026-01-11T12:20:00Z,0.448,245.0
0516W,Hofstra Student Garden,40.71923,-73.60202,2026-01-11T12:30:00Z,0.0,0.0
0516W,Hofstra Student Garden,40.71923,-73.60202,2026-01-11T12:40:00Z,0.0,0.0
0516W,Hofstra Student Garden,40.71923,-73.60202,2026-01-11T12:50:00Z,0.0,0.0
0516W,Hofstra Student Garden,40.71923,-73.60202,2026-01-11T13:00:00Z,0.0,0.0
0516W,Hofstra Student Garden,40.71923,-73.60202,2026-01-11T13:10:00Z,0.0,0.0
0516W,Hofstra Student Garden,40.71923,-73.60202,2026-01-11T13:20:00Z,0.895,245.0
0516W,Hofstra Student Garden,40.71923,-73.60202,2026-01-11T13:30:00Z,0.448,245.0
0516W,Hofstra Student Garden,40.71923,-73.60202,2026-01-11T13:40:00Z,0.448,245.0
0516W,Hofstra Student Garden,40.71923,-73.60202,2026-01-11T13:50:00Z,0.0,0.0
0516W,Hofstra Student Garden,40.71923,-73.60202,2026-01-11T14:00:00Z,0.0,0.0
0516W,Hofstra Student Garden,40.71923,-73.60202,2026-01-11T14:10:00Z,0.448,296.0
0516W,Hofstra Student Garden,40.71923,-73.60202,2026-01-11T14:20:00Z,0.448,308.0
0516W,Hofstra Student Garden,40.71923,-73.60202,2026-01-11T14:30:00Z,0.895,302.0
0516W,Hofstra Student Garden,40.71923,-73.60202,2026-01-11T14:40:00Z,1.79,42.0
0516W,Hofstra Student Garden,40.71923,-73.60202,2026-01-11T14:50:00Z,1.79,40.0
0516W,Hofstra Student Garden,40.71923,-73.60202,2026-01-11T15:00:00Z,1.79,22.0
0516W,Hofstra Student Garden,40.71923,-73.60202,2026-01-11T15:10:00Z,0.448,176.0
0516W,Hofstra Student Garden,40.71923,-73.60202,2026-01-11T15:20:00Z,0.448,301.0
0516W,Hofstra Student Garden,40.71923,-73.60202,2026-01-11T15:30:00Z,0.895,319.0
0516W,Hofstra Student Garden,40.71923,-73.60202,2026-01-11T15:40:00Z,0.895,303.0
0516W,Hofstra Student Garden,40.71923,-73.60202,2026-01-11T15:50:00Z,0.895,63.0
0516W,Hofstra Student Garden,40.71923,-73.60202,2026-01-11T16:00:00Z,1.343,16.0
0516W,Hofstra Student Garden,40.71923,-73.60202,2026-01-11T16:10:00Z,1.79,66.0
0516W,Hofstra Student Garden,40.71923,-73.60202,2026-01-11T16:20:00Z,0.448,314.0
0516W,Hofstra Student Garden,40.71923,-73.60202,2026-01-11T16:30:00Z,2.68,34.0
0516W,Hofstra Student Garden,40.71923,-73.60202,2026-01-11T16:40:00Z,0.895,44.0
0516W,Hofstra Student Garden,40.71923,-73.60202,2026-01-11T16:50:00Z,0.448,303.0
0516W,Hofstra Student Garden,40.71923,-73.60202,2026-01-11T17:00:00Z,2.68,36.0
0516W,Hofstra Student Garden,40.71923,-73.60202,2026-01-11T17:10:00Z,0.448,48.0
0516W,Hofstra Student Garden,40.71923,-73.60202,2026-01-11T17:20:00Z,0.448,259.0
0516W,Hofstra Student Garden,40.71923,-73.60202,2026-01-11T17:30:00Z,0.895,26.0
0516W,Hofstra Student Garden,40.71923,-73.60202,2026-01-11T17:40:00Z,0.448,325.0
0516W,Hofstra Student Garden,40.71923,-73.60202,2026-01-11T17:50:00Z,0.0,0.0
0516W,Hofstra Student Garden,40.71923,-73.60202,2026-01-11T18:00:00Z,0.448,332.0
0516W,Hofstra Student Garden,40.71923,-73.60202,2026-01-11T18:10:00Z,0.448,302.0
0516W,Hofstra Student Garden,40.71923,-73.60202,2026-01-11T18:20:00Z,0.448,281.0
0516W,Hofstra Student Garden,40.71923,-73.60202,2026-01-11T18:30:00Z,0.448,298.0
0516W,Hofstra Student Garden,40.71923,-73.60202,2026-01-11T18:40:00Z,1.343,46.0
0516W,Hofstra Student Garden,40.71923,-73.60202,2026-01-11T18:50:00Z,0.448,46.0
0516W,Hofstra Student Garden,40.71923,-73.60202,2026-01-11T19:00:00Z,0.895,25.0
0516W,Hofstra Student Garden,40.71923,-73.60202,2026-01-11T19:10:00Z,0.448,289.0
0516W,Hofstra Student Garden,40.71923,-73.60202,2026-01-11T19:20:00Z,0.448,42.0
0516W,Hofstra Student Garden,40.71923,-73.60202,2026-01-11T19:30:00Z,1.343,315.0
0516W,Hofstra Student Garden,40.71923,-73.60202,2026-01-11T19:40:00Z,0.895,290.0
0516W,Hofstra Student Garden,40.71923,-73.60202,2026-01-11T19:50:00Z,0.895,306.0
0516W,Hofstra Student Garden,40.71923,-73.60202,2026-01-11T20:00:00Z,0.448,310.0
0516W,Hofstra Student Garden,40.71923,-73.60202,2026-01-11T20:10:00Z,0.895,83.0
0516W,Hofstra Student Garden,40.71923,-73.60202,2026-01-11T20:20:00Z,0.895,301.0
0516W,Hofstra Student Garden,40.71923,-73.60202,2026-01-11T20:30:00Z,0.895,5.0
0516W,Hofstra Student Garden,40.71923,-73.60202,2026-01-11T20:40:00Z,0.448,64.0
0516W,Hofstra Student Garden,40.71923,-73.60202,2026-01-11T20:50:00Z,2.233,311.0
0516W,Hofstra Student Garden,40.71923,-73.60202,2026-01-11T21:00:00Z,1.343,328.0
0516W,Hofstra Student Garden,40.71923,-73.60202,2026-01-11T21:10:00Z,2.233,288.0
0516W,Hofstra Student Garden,40.71923,-73.60202,2026-01-11T21:20:00Z,1.343,54.0
0516W,Hofstra Student Garden,40.71923,-73.60202,2026-01-11T21:30:00Z,1.343,37.0
0516W,Hofstra Student Garden,40.71923,-73.60202,2026-01-11T21:40:00Z,1.79,46.0
0516W,Hofstra Student Garden,40.71923,-73.60202,2026-01-11T21:50:00Z,0.0,0.0
0516W,Hofstra Student Garden,40.71923,-73.60202,2026-01-11T22:00:00Z,0.895,24.0
0516W,Hofstra Student Garden,40.71923,-73.60202,2026-01-11T22:10:00Z,1.343,109.0
0516W,Hofstra Student Garden,40.71923,-73.60202,2026-01-11T22:20:00Z,1.79,331.0
0516W,Hofstra Student Garden,40.71923,-73.60202,2026-01-11T22:30:00Z,0.0,0.0
0516W,Hofstra Student Garden,40.71923,-73.60202,2026-01-11T22:40:00Z,0.895,49.0
0516W,Hofstra Student Garden,40.71923,-73.60202,2026-01-11T22:50:00Z,5.366,40.0
0516W,Hofstra Student Garden,40.71923,-73.60202,2026-01-11T23:00:00Z,1.343,335.0
0516W,Hofstra Student Garden,40.71923,-73.60202,2026-01-11T23:10:00Z,1.79,313.0
0516W,Hofstra Student Garden,40.71923,-73.60202,2026-01-11T23:20:00Z,0.448,342.0
0516W,Hofstra Student Garden,40.71923,-73.60202,2026-01-11T23:30:00Z,0.895,39.0
0516W,Hofstra Student Garden,40.71923,-73.60202,2026-01-11T23:40:00Z,0.448,237.0
0516W,Hofstra Student Garden,40.71923,-73.60202,2026-01-11T23:50:00Z,0.895,74.0
0516W,Hofstra Student Garden,40.71923,-73.60202,2026-01-12T00:00:00Z,2.233,38.0
0516W,Hofstra Student Garden,40.71923,-73.60202,2026-01-12T00:10:00Z,0.448,5.0
0516W,Hofstra Student Garden,40.71923,-73.60202,2026-01-12T00:20:00Z,0.448,13.0
0516W,Hofstra Student Garden,40.71923,-73.60202,2026-01-12T00:30:00Z,1.79,40.0
0516W,Hofstra Student Garden,40.71923,-73.60202,2026-01-12T00:40:00Z,0.448,347.0
0516W,Hofstra Student Garden,40.71923,-73.60202,2026-01-12T00:50:00Z,0.895,19.0
0516W,Hofstra Student Garden,40.71923,-73.60202,2026-01-12T01:00:00Z,0.448,273.0
0516W,Hofstra Student Garden,40.71923,-73.60202,2026-01-12T01:10:00Z,1.343,316.0
0516W,Hofstra Student Garden,40.71923,-73.60202,2026-01-12T01:20:00Z,1.343,327.0
0516W,Hofstra Student Garden,40.71923,-73.60202,2026-01-12T01:30:00Z,0.448,254.0
0516W,Hofstra Student Garden,40.71923,-73.60202,2026-01-12T01:40:00Z,0.448,61.0
0516W,Hofstra Student Garden,40.71923,-73.60202,2026-01-12T01:50:00Z,1.343,337.0
0516W,Hofstra Student Garden,40.71923,-73.60202,2026-01-12T02:00:00Z,0.448,270.0
0516W,Hofstra Student Garden,40.71923,-73.60202,2026-01-12T02:10:00Z,0.448,304.0
0516W,Hofstra Student Garden,40.71923,-73.60202,2026-01-12T02:20:00Z,0.0,0.0
0516W,Hofstra Student Garden,40.71923,-73.60202,2026-01-12T02:30:00Z,0.448,24.0
0516W,Hofstra Student Garden,40.71923,-73.60202,2026-01-12T02:40:00Z,0.448,223.0
0516W,Hofstra Student Garden,40.71923,-73.60202,2026-01-12T02:50:00Z,1.343,41.0
0516W,Hofstra Student Garden,40.71923,-73.60202,2026-01-12T03:00:00Z,1.343,39.0
0516W,Hofstra Student Garden,40.71923,-73.60202,2026-01-12T03:10:00Z,1.343,286.0
0516W,Hofstra Student Garden,40.71923,-73.60202,2026-01-12T03:20:00Z,0.0,0.0
0516W,Hofstra Student Garden,40.71923,-73.60202,2026-01-12T03:30:00Z,1.79,30.0
0516W,Hofstra Student Garden,40.71923,-73.60202,2026-01-12T03:40:00Z,1.343,315.0
0516W,Hofstra Student Garden,40.71923,-73.60202,2026-01-12T03:50:00Z,0.895,62.0
0516W,Hofstra Student Garden,40.71923,-73.60202,2026-01-12T04:00:00Z,1.79,284.0
0516W,Hofstra Student Garden,40.71923,-73.60202,2026-01-12T04:10:00Z,1.343,25.0
0516W,Hofstra Student Garden,40.71923,-73.60202,2026-01-12T04:20:00Z,1.79,311.0
0516W,Hofstra Student Garden,40.71923,-73.60202,2026-01-12T04:30:00Z,0.895,336.0
0516W,Hofstra Student Garden,40.71923,-73.60202,2026-01-12T04:40:00Z,1.79,33.0
0516W,Hofstra Student Garden,40.71923,-73.60202,2026-01-12T04:50:00Z,2.233,45.0
0516W,Hofstra Student Garden,40.71923,-73.60202,2026-01-12T05:00:00Z,2.233,61.0
0516W,Hofstra Student Garden,40.71923,-73.60202,2026-01-12T05:10:00Z,2.68,25.0
0516W,Hofstra Student Garden,40.71923,-73.60202,2026-01-12T05:20:00Z,1.343,5.0
0516W,Hofstra Student Garden,40.71923,-73.60202,2026-01-12T05:30:00Z,1.343,28.0
0516W,Hofstra Student Garden,40.71923,-73.60202,2026-01-12T05:40:00Z,0.448,306.0
0516W,Hofstra Student Garden,40.71923,-73.60202,2026-01-12T05:50:00Z,0.895,46.0
0516W,Hofstra Student Garden,40.71923,-73.60202,2026-01-12T06:00:00Z,1.79,336.0
0516W,Hofstra Student Garden,40.71923,-73.60202,2026-01-12T06:10:00Z,2.233,14.0
0516W,Hofstra Student Garden,40.71923,-73.60202,2026-01-12T06:20:00Z,1.79,42.0
0516W,Hofstra Student Garden,40.71923,-73.60202,2026-01-12T06:30:00Z,2.233,33.0
0516W,Hofstra Student Garden,40.71923,-73.60202,2026-01-12T06:40:00Z,0.0,0.0
0516W,Hofstra Student Garden,40.71923,-73.60202,2026-01-12T06:50:00Z,0.895,342.0
0516W,Hofstra Student Garden,40.71923,-73.60202,2026-01-12T07:10:00Z,0.895,285.0
0516W,Hofstra Student Garden,40.71923,-73.60202,2026-01-12T07:20:00Z,0.448,42.0
0516W,Hofstra Student Garden,40.71923,-73.60202,2026-01-12T07:30:00Z,3.128,40.0
0516W,Hofstra Student Garden,40.71923,-73.60202,2026-01-12T07:40:00Z,1.343,44.0
0516W,Hofstra Student Garden,40.71923,-73.60202,2026-01-12T07:50:00Z,1.343,34.0
0516W,Hofstra Student Garden,40.71923,-73.60202,2026-01-12T08:10:00Z,0.448,71.0
0516W,Hofstra Student Garden,40.71923,-73.60202,2026-01-12T08:20:00Z,0.0,0.0
0516W,Hofstra Student Garden,40.71923,-73.60202,2026-01-12T08:30:00Z,0.895,298.0
0516W,Hofstra Student Garden,40.71923,-73.60202,2026-01-12T08:40:00Z,0.0,0.0
0516W,Hofstra Student Garden,40.71923,-73.60202,2026-01-12T08:50:00Z,0.0,0.0
0516W,Hofstra Student Garden,40.71923,-73.60202,2026-01-12T09:00:00Z,0.448,53.0
0516W,Hofstra Student Garden,40.71923,-73.60202,2026-01-12T09:10:00Z,0.448,302.0
0516W,Hofstra Student Garden,40.71923,-73.60202,2026-01-12T09:20:00Z,0.895,304.0
0516W,Hofstra Student Garden,40.71923,-73.60202,2026-01-12T09:30:00Z,1.343,325.0
0516W,Hofstra Student Garden,40.71923,-73.60202,2026-01-12T09:40:00Z,1.343,289.0
0516W,Hofstra Student Garden,40.71923,-73.60202,2026-01-12T09:50:00Z,0.895,332.0
0516W,Hofstra Student Garden,40.71923,-73.60202,2026-01-12T10:10:00Z,0.448,169.0
0516W,Hofstra Student Garden,40.71923,-73.60202,2026-01-12T10:20:00Z,1.343,42.0
0516W,Hofstra Student Garden,40.71923,-73.60202,2026-01-12T10:30:00Z,1.343,28.0
0516W,Hofstra Student Garden,40.71923,-73.60202,2026-01-12T10:40:00Z,0.895,313.0
0516W,Hofstra Student Garden,40.71923,-73.60202,2026-01-12T10:50:00Z,0.448,325.0
0516W,Hofstra Student Garden,40.71923,-73.60202,2026-01-12T11:00:00Z,0.448,336.0
0516W,Hofstra Student Garden,40.71923,-73.60202,2026-01-12T11:10:00Z,0.0,0.0
0516W,Hofstra Student Garden,40.71923,-73.60202,2026-01-12T11:20:00Z,0.895,38.0
0516W,Hofstra Student Garden,40.71923,-73.60202,2026-01-12T11:30:00Z,0.448,38.0
0516W,Hofstra Student Garden,40.71923,-73.60202,2026-01-12T11:40:00Z,0.895,17.0
0516W,Hofstra Student Garden,40.71923,-73.60202,2026-01-12T11:50:00Z,0.448,302.0
0516W,Hofstra Student Garden,40.71923,-73.60202,2026-01-12T12:00:00Z,1.343,326.0
0516W,Hofstra Student Garden,40.71923,-73.60202,2026-01-12T12:10:00Z,0.448,315.0
0516W,Hofstra Student Garden,40.71923,-73.60202,2026-01-12T12:20:00Z,0.0,0.0
0516W,Hofstra Student Garden,40.71923,-73.60202,2026-01-12T12:30:00Z,0.0,0.0
0516W,Hofstra Student Garden,40.71923,-73.60202,2026-01-12T12:40:00Z,0.448,338.0
0516W,Hofstra Student Garden,40.71923,-73.60202,2026-01-12T12:50:00Z,0.895,223.0
0516W,Hofstra Student Garden,40.71923,-73.60202,2026-01-12T13:00:00Z,1.79,241.0
0516W,Hofstra Student Garden,40.71923,-73.60202,2026-01-12T13:10:00Z,0.895,336.0
0516W,Hofstra Student Garden,40.71923,-73.60202,2026-01-12T13:20:00Z,0.0,0.0
0516W,Hofstra Student Garden,40.71923,-73.60202,2026-01-12T13:30:00Z,0.448,284.0
0516W,Hofstra Student Garden,40.71923,-73.60202,2026-01-12T13:40:00Z,1.343,222.0
0516W,Hofstra Student Garden,40.71923,-73.60202,2026-01-12T13:50:00Z,0.895,287.0
0516W,Hofstra Student Garden,40.71923,-73.60202,2026-01-12T14:00:00Z,2.233,234.0
0516W,Hofstra Student Garden,40.71923,-73.60202,2026-01-12T14:10:00Z,1.343,126.0
0516W,Hofstra Student Garden,40.71923,-73.60202,2026-01-12T14:20:00Z,0.448,310.0
0516W,Hofstra Student Garden,40.71923,-73.60202,2026-01-12T14:30:00Z,0.895,255.0
0516W,Hofstra Student Garden,40.71923,-73.60202,2026-01-12T14:40:00Z,1.79,308.0
0516W,Hofstra Student Garden,40.71923,-73.60202,2026-01-12T14:50:00Z,0.895,303.0
0516W,Hofstra Student Garden,40.71923,-73.60202,2026-01-12T15:00:00Z,0.895,316.0
0516W,Hofstra Student Garden,40.71923,-73.60202,2026-01-12T15:10:00Z,0.448,222.0
0516W,Hofstra Student Garden,40.71923,-73.60202,2026-01-12T15:20:00Z,0.895,234.0
0516W,Hofstra Student Garden,40.71923,-73.60202,2026-01-12T15:30:00Z,1.343,257.0
0516W,Hofstra Student Garden,40.71923,-73.60202,2026-01-12T15:40:00Z,0.895,66.0
0516W,Hofstra Student Garden,40.71923,-73.60202,2026-01-12T15:50:00Z,0.895,261.0
0516W,Hofstra Student Garden,40.71923,-73.60202,2026-01-12T16:00:00Z,1.79,301.0
0516W,Hofstra Student Garden,40.71923,-73.60202,2026-01-12T16:10:00Z,0.895,308.0
0516W,Hofstra Student Garden,40.71923,-73.60202,2026-01-12T16:20:00Z,2.68,325.0
0516W,Hofstra Student Garden,40.71923,-73.60202,2026-01-12T16:30:00Z,0.448,281.0
0516W,Hofstra Student Garden,40.71923,-73.60202,2026-01-12T16:40:00Z,0.448,352.0
0516W,Hofstra Student Garden,40.71923,-73.60202,2026-01-12T16:50:00Z,0.895,303.0
0516W,Hofstra Student Garden,40.71923,-73.60202,2026-01-12T17:00:00Z,1.79,317.0
0516W,Hofstra Student Garden,40.71923,-73.60202,2026-01-12T17:10:00Z,0.448,313.0
0516W,Hofstra Student Garden,40.71923,-73.60202,2026-01-12T17:20:00Z,6.261,219.0
0516W,Hofstra Student Garden,40.71923,-73.60202,2026-01-12T17:30:00Z,4.023,250.0
0516W,Hofstra Student Garden,40.71923,-73.60202,2026-01-12T17:40:00Z,1.79,288.0
0516W,Hofstra Student Garden,40.71923,-73.60202,2026-01-12T17:50:00Z,4.023,255.0
0516W,Hofstra Student Garden,40.71923,-73.60202,2026-01-12T18:00:00Z,4.023,259.0
0516W,Hofstra Student Garden,40.71923,-73.60202,2026-01-12T18:10:00Z,5.813,240.0
0516W,Hofstra Student Garden,40.71923,-73.60202,2026-01-12T18:20:00Z,1.343,344.0
0516W,Hofstra Student Garden,40.71923,-73.60202,2026-01-12T18:30:00Z,1.343,281.0
0516W,Hofstra Student Garden,40.71923,-73.60202,2026-01-12T18:40:00Z,3.128,259.0
0516W,Hofstra Student Garden,40.71923,-73.60202,2026-01-12T18:50:00Z,3.128,275.0
0516W,Hofstra Student Garden,40.71923,-73.60202,2026-01-12T19:00:00Z,4.918,237.0
0516W,Hofstra Student Garden,40.71923,-73.60202,2026-01-12T19:10:00Z,0.895,261.0
0516W,Hofstra Student Garden,40.71923,-73.60202,2026-01-12T19:20:00Z,4.918,279.0
0516W,Hofstra Student Garden,40.71923,-73.60202,2026-01-12T19:30:00Z,3.128,284.0
0516W,Hofstra Student Garden,40.71923,-73.60202,2026-01-12T19:40:00Z,3.128,236.0
0516W,Hofstra Student Garden,40.71923,-73.60202,2026-01-12T19:50:00Z,0.895,267.0
0516W,Hofstra Student Garden,40.71923,-73.60202,2026-01-12T20:00:00Z,3.575,238.0
0516W,Hofstra Student Garden,40.71923,-73.60202,2026-01-12T20:10:00Z,2.68,284.0
0516W,Hofstra Student Garden,40.71923,-73.60202,2026-01-12T20:20:00Z,1.343,243.0
0516W,Hofstra Student Garden,40.71923,-73.60202,2026-01-12T20:30:00Z,1.79,252.0
0516W,Hofstra Student Garden,40.71923,-73.60202,2026-01-12T20:40:00Z,0.895,323.0
0516W,Hofstra Student Garden,40.71923,-73.60202,2026-01-12T20:50:00Z,2.233,242.0
0516W,Hofstra Student Garden,40.71923,-73.60202,2026-01-12T21:00:00Z,2.68,207.0
0516W,Hofstra Student Garden,40.71923,-73.60202,2026-01-12T21:10:00Z,1.79,257.0
0516W,Hofstra Student Garden,40.71923,-73.60202,2026-01-12T21:20:00Z,1.343,265.0
0516W,Hofstra Student Garden,40.71923,-73.60202,2026-01-12T21:30:00Z,0.895,294.0
0516W,Hofstra Student Garden,40.71923,-73.60202,2026-01-12T21:40:00Z,0.895,247.0
0516W,Hofstra Student Garden,40.71923,-73.60202,2026-01-12T21:50:00Z,0.448,286.0
0516W,Hofstra Student Garden,40.71923,-73.60202,2026-01-12T22:00:00Z,1.343,286.0
0516W,Hofstra Student Garden,40.71923,-73.60202,2026-01-12T22:10:00Z,0.895,286.0
0516W,Hofstra Student Garden,40.71923,-73.60202,2026-01-12T22:20:00Z,0.895,298.0
0516W,Hofstra Student Garden,40.71923,-73.60202,2026-01-12T22:30:00Z,0.0,0.0
0516W,Hofstra Student Garden,40.71923,-73.60202,2026-01-12T22:40:00Z,1.343,292.0
0516W,Hofstra Student Garden,40.71923,-73.60202,2026-01-12T22:50:00Z,0.448,258.0
0516W,Hofstra Student Garden,40.71923,-73.60202,2026-01-12T23:00:00Z,0.895,261.0
0516W,Hofstra Student Garden,40.71923,-73.60202,2026-01-12T23:10:00Z,1.343,246.0
0516W,Hofstra Student Garden,40.71923,-73.60202,2026-01-12T23:20:00Z,0.895,302.0
0516W,Hofstra Student Garden,40.71923,-73.60202,2026-01-12T23:30:00Z,0.0,0.0
0516W,Hofstra Student Garden,40.71923,-73.60202,2026-01-12T23:40:00Z,1.79,254.0
0516W,Hofstra Student Garden,40.71923,-73.60202,2026-01-12T23:50:00Z,0.448,306.0
0516W,Hofstra Student Garden,40.71923,-73.60202,2026-01-13T00:00:00Z,0.448,309.0
0516W,Hofstra Student Garden,40.71923,-73.60202,2026-01-13T00:10:00Z,0.448,271.0
0516W,Hofstra Student Garden,40.71923,-73.60202,2026-01-13T00:20:00Z,0.895,294.0
0516W,Hofstra Student Garden,40.71923,-73.60202,2026-01-13T00:30:00Z,1.343,294.0
0516W,Hofstra Student Garden,40.71923,-73.60202,2026-01-13T00:40:00Z,0.448,292.0
0516W,Hofstra Student Garden,40.71923,-73.60202,2026-01-13T00:50:00Z,0.448,298.0
0516W,Hofstra Student Garden,40.71923,-73.60202,2026-01-13T01:00:00Z,0.448,265.0
0516W,Hofstra Student Garden,40.71923,-73.60202,2026-01-13T01:10:00Z,1.343,293.0
0516W,Hofstra Student Garden,40.71923,-73.60202,2026-01-13T01:20:00Z,0.895,298.0
0516W,Hofstra Student Garden,40.71923,-73.60202,2026-01-13T01:30:00Z,0.0,0.0
0516W,Hofstra Student Garden,40.71923,-73.60202,2026-01-13T01:40:00Z,0.448,297.0
0516W,Hofstra Student Garden,40.71923,-73.60202,2026-01-13T01:50:00Z,0.448,292.0
0516W,Hofstra Student Garden,40.71923,-73.60202,2026-01-13T02:00:00Z,0.895,315.0
0516W,Hofstra Student Garden,40.71923,-73.60202,2026-01-13T02:10:00Z,0.448,290.0
0516W,Hofstra Student Garden,40.71923,-73.60202,2026-01-13T02:20:00Z,0.895,292.0
0516W,Hofstra Student Garden,40.71923,-73.60202,2026-01-13T02:30:00Z,0.448,263.0
0516W,Hofstra Student Garden,40.71923,-73.60202,2026-01-13T02:40:00Z,0.895,309.0
0516W,Hofstra Student Garden,40.71923,-73.60202,2026-01-13T02:50:00Z,0.0,0.0
0516W,Hofstra Student Garden,40.71923,-73.60202,2026-01-13T03:00:00Z,0.448,250.0
0516W,Hofstra Student Garden,40.71923,-73.60202,2026-01-13T03:10:00Z,0.895,283.0
0516W,Hofstra Student Garden,40.71923,-73.60202,2026-01-13T03:20:00Z,0.0,0.0
0516W,Hofstra Student Garden,40.71923,-73.60202,2026-01-13T03:30:00Z,0.0,0.0
0516W,Hofstra Student Garden,40.71923,-73.60202,2026-01-13T03:40:00Z,0.448,286.0
0516W,Hofstra Student Garden,40.71923,-73.60202,2026-01-13T03:50:00Z,0.448,260.0
0516W,Hofstra Student Garden,40.71923,-73.60202,2026-01-13T04:00:00Z,0.895,258.0
0516W,Hofstra Student Garden,40.71923,-73.60202,2026-01-13T04:10:00Z,0.448,246.0
0516W,Hofstra Student Garden,40.71923,-73.60202,2026-01-13T04:20:00Z,0.448,259.0
0516W,Hofstra Student Garden,40.71923,-73.60202,2026-01-13T04:30:00Z,0.895,306.0
0516W,Hofstra Student Garden,40.71923,-73.60202,2026-01-13T04:40:00Z,1.343,252.0
0516W,Hofstra Student Garden,40.71923,-73.60202,2026-01-13T04:50:00Z,0.895,263.0
0516W,Hofstra Student Garden,40.71923,-73.60202,2026-01-13T05:00:00Z,0.895,272.0
0516W,Hofstra Student Garden,40.71923,-73.60202,2026-01-13T05:10:00Z,0.448,275.0
0516W,Hofstra Student Garden,40.71923,-73.60202,2026-01-13T05:20:00Z,0.0,0.0
0516W,Hofstra Student Garden,40.71923,-73.60202,2026-01-13T05:30:00Z,0.0,0.0
0516W,Hofstra Student Garden,40.71923,-73.60202,2026-01-13T05:40:00Z,1.343,317.0
0516W,Hofstra Student Garden,40.71923,-73.60202,2026-01-13T05:50:00Z,0.0,0.0
0516W,Hofstra Student Garden,40.71923,-73.60202,2026-01-13T06:00:00Z,0.448,267.0
0516W,Hofstra Student Garden,40.71923,-73.60202,2026-01-13T06:10:00Z,0.895,244.0
0516W,Hofstra Student Garden,40.71923,-73.60202,2026-01-13T06:20:00Z,0.448,284.0
0516W,Hofstra Student Garden,40.71923,-73.60202,2026-01-13T06:40:00Z,0.448,254.0
0516W,Hofstra Student Garden,40.71923,-73.60202,2026-01-13T06:50:00Z,0.895,248.0
0516W,Hofstra Student Garden,40.71923,-73.60202,2026-01-13T07:00:00Z,0.448,251.0
0516W,Hofstra Student Garden,40.71923,-73.60202,2026-01-13T07:10:00Z,0.448,285.0
0516W,Hofstra Student Garden,40.71923,-73.60202,2026-01-13T07:20:00Z,1.79,254.0
0516W,Hofstra Student Garden,40.71923,-73.60202,2026-01-13T07:40:00Z,0.895,254.0
0516W,Hofstra Student Garden,40.71923,-73.60202,2026-01-13T07:50:00Z,0.448,267.0
0516W,Hofstra Student Garden,40.71923,-73.60202,2026-01-13T08:10:00Z,0.895,258.0
0516W,Hofstra Student Garden,40.71923,-73.60202,2026-01-13T08:20:00Z,0.0,0.0
0516W,Hofstra Student Garden,40.71923,-73.60202,2026-01-13T08:30:00Z,0.448,253.0
0516W,Hofstra Student Garden,40.71923,-73.60202,2026-01-13T08:40:00Z,0.0,0.0
0516W,Hofstra Student Garden,40.71923,-73.60202,2026-01-13T08:50:00Z,0.0,0.0
0516W,Hofstra Student Garden,40.71923,-73.60202,2026-01-13T09:00:00Z,0.0,0.0
0516W,Hofstra Student Garden,40.71923,-73.60202,2026-01-13T09:10:00Z,0.0,0.0
0516W,Hofstra Student Garden,40.71923,-73.60202,2026-01-13T09:20:00Z,0.448,280.0
0516W,Hofstra Student Garden,40.71923,-73.60202,2026-01-13T09:30:00Z,0.448,305.0
0516W,Hofstra Student Garden,40.71923,-73.60202,2026-01-13T09:40:00Z,0.448,307.0
0516W,Hofstra Student Garden,40.71923,-73.60202,2026-01-13T09:50:00Z,0.0,0.0
0516W,Hofstra Student Garden,40.71923,-73.60202,2026-01-13T10:10:00Z,0.0,0.0
0516W,Hofstra Student Garden,40.71923,-73.60202,2026-01-13T10:20:00Z,0.448,305.0
0516W,Hofstra Student Garden,40.71923,-73.60202,2026-01-13T10:30:00Z,0.0,0.0
0516W,Hofstra Student Garden,40.71923,-73.60202,2026-01-13T10:40:00Z,0.448,301.0
0516W,Hofstra Student Garden,40.71923,-73.60202,2026-01-13T10:50:00Z,0.895,288.0
0516W,Hofstra Student Garden,40.71923,-73.60202,2026-01-13T11:00:00Z,0.448,251.0
0516W,Hofstra Student Garden,40.71923,-73.60202,2026-01-13T11:10:00Z,0.0,0.0
0516W,Hofstra Student Garden,40.71923,-73.60202,2026-01-13T11:20:00Z,0.895,247.0
0516W,Hofstra Student Garden,40.71923,-73.60202,2026-01-13T11:30:00Z,0.0,0.0
0516W,Hofstra Student Garden,40.71923,-73.60202,2026-01-13T11:40:00Z,0.448,281.0
0516W,Hofstra Student Garden,40.71923,-73.60202,2026-01-13T11:50:00Z,0.895,244.0
0516W,Hofstra Student Garden,40.71923,-73.60202,2026-01-13T12:00:00Z,1.79,259.0
0516W,Hofstra Student Garden,40.71923,-73.60202,2026-01-13T12:10:00Z,0.0,0.0
0516W,Hofstra Student Garden,40.71923,-73.60202,2026-01-13T12:20:00Z,0.448,280.0
0516W,Hofstra Student Garden,40.71923,-73.60202,2026-01-13T12:30:00Z,0.448,253.0
0516W,Hofstra Student Garden,40.71923,-73.60202,2026-01-13T12:40:00Z,0.448,199.0
0516W,Hofstra Student Garden,40.71923,-73.60202,2026-01-13T12:50:00Z,0.0,0.0
0516W,Hofstra Student Garden,40.71923,-73.60202,2026-01-13T13:00:00Z,1.79,250.0
0516W,Hofstra Student Garden,40.71923,-73.60202,2026-01-13T13:10:00Z,0.0,0.0
0516W,Hofstra Student Garden,40.71923,-73.60202,2026-01-13T13:20:00Z,0.448,246.0
0516W,Hofstra Student Garden,40.71923,-73.60202,2026-01-13T13:30:00Z,0.0,0.0
0516W,Hofstra Student Garden,40.71923,-73.60202,2026-01-13T13:40:00Z,1.79,252.0
0516W,Hofstra Student Garden,40.71923,-73.60202,2026-01-13T13:50:00Z,1.343,257.0
0516W,Hofstra Student Garden,40.71923,-73.60202,2026-01-13T14:00:00Z,0.448,238.0
0516W,Hofstra Student Garden,40.71923,-73.60202,2026-01-13T14:10:00Z,0.895,239.0
0516W,Hofstra Student Garden,40.71923,-73.60202,2026-01-13T14:20:00Z,1.79,238.0
0516W,Hofstra Student Garden,40.71923,-73.60202,2026-01-13T14:30:00Z,0.895,311.0
0516W,Hofstra Student Garden,40.71923,-73.60202,2026-01-13T14:40:00Z,1.343,266.0
0516W,Hofstra Student Garden,40.71923,-73.60202,2026-01-13T14:50:00Z,0.0,0.0
0516W,Hofstra Student Garden,40.71923,-73.60202,2026-01-13T15:00:00Z,0.0,0.0
0516W,Hofstra Student Garden,40.71923,-73.60202,2026-01-13T15:10:00Z,0.448,225.0
0516W,Hofstra Student Garden,40.71923,-73.60202,2026-01-13T15:20:00Z,0.0,0.0
0516W,Hofstra Student Garden,40.71923,-73.60202,2026-01-13T15:30:00Z,0.895,298.0
0516W,Hofstra Student Garden,40.71923,-73.60202,2026-01-13T15:40:00Z,0.0,0.0
0516W,Hofstra Student Garden,40.71923,-73.60202,2026-01-13T15:50:00Z,1.343,255.0
0516W,Hofstra Student Garden,40.71923,-73.60202,2026-01-13T16:00:00Z,0.895,39.0
0516W,Hofstra Student Garden,40.71923,-73.60202,2026-01-13T16:10:00Z,0.448,314.0
0516W,Hofstra Student Garden,40.71923,-73.60202,2026-01-13T16:20:00Z,0.895,297.0
0516W,Hofstra Student Garden,40.71923,-73.60202,2026-01-13T16:30:00Z,0.895,237.0
0516W,Hofstra Student Garden,40.71923,-73.60202,2026-01-13T16:40:00Z,0.895,271.0
0516W,Hofstra Student Garden,40.71923,-73.60202,2026-01-13T16:50:00Z,3.128,248.0
0516W,Hofstra Student Garden,40.71923,-73.60202,2026-01-13T17:00:00Z,1.79,263.0
0516W,Hofstra Student Garden,40.71923,-73.60202,2026-01-13T17:10:00Z,1.79,259.0
0516W,Hofstra Student Garden,40.71923,-73.60202,2026-01-13T17:20:00Z,1.343,243.0
0516W,Hofstra Student Garden,40.71923,-73.60202,2026-01-13T17:30:00Z,1.79,223.0
0516W,Hofstra Student Garden,40.71923,-73.60202,2026-01-13T17:40:00Z,0.895,284.0
0516W,Hofstra Student Garden,40.71923,-73.60202,2026-01-13T17:50:00Z,2.68,225.0
0516W,Hofstra Student Garden,40.71923,-73.60202,2026-01-13T18:00:00Z,2.233,212.0
0516W,Hofstra Student Garden,40.71923,-73.60202,2026-01-13T18:10:00Z,2.233,234.0
0516W,Hofstra Student Garden,40.71923,-73.60202,2026-01-13T18:20:00Z,0.895,268.0
0516W,Hofstra Student Garden,40.71923,-73.60202,2026-01-13T18:30:00Z,1.343,261.0
0516W,Hofstra Student Garden,40.71923,-73.60202,2026-01-13T18:40:00Z,0.895,226.0
0516W,Hofstra Student Garden,40.71923,-73.60202,2026-01-13T18:50:00Z,2.233,158.0
0516W,Hofstra Student Garden,40.71923,-73.60202,2026-01-13T19:00:00Z,2.233,287.0
0516W,Hofstra Student Garden,40.71923,-73.60202,2026-01-13T19:10:00Z,2.68,173.0
0516W,Hofstra Student Garden,40.71923,-73.60202,2026-01-13T19:20:00Z,3.128,254.0
0516W,Hofstra Student Garden,40.71923,-73.60202,2026-01-13T19:30:00Z,1.79,238.0
0516W,Hofstra Student Garden,40.71923,-73.60202,2026-01-13T19:40:00Z,0.448,167.0
0516W,Hofstra Student Garden,40.71923,-73.60202,2026-01-13T19:50:00Z,3.128,212.0
0516W,Hofstra Student Garden,40.71923,-73.60202,2026-01-13T20:00:00Z,4.471,259.0
0516W,Hofstra Student Garden,40.71923,-73.60202,2026-01-13T20:10:00Z,1.79,246.0
0516W,Hofstra Student Garden,40.71923,-73.60202,2026-01-13T20:20:00Z,0.895,215.0
0516W,Hofstra Student Garden,40.71923,-73.60202,2026-01-13T20:30:00Z,2.233,253.0
0516W,Hofstra Student Garden,40.71923,-73.60202,2026-01-13T20:40:00Z,3.128,252.0
0516W,Hofstra Student Garden,40.71923,-73.60202,2026-01-13T20:50:00Z,1.79,186.0
0516W,Hofstra Student Garden,40.71923,-73.60202,2026-01-13T21:00:00Z,1.79,230.0
0516W,Hofstra Student Garden,40.71923,-73.60202,2026-01-13T21:10:00Z,1.79,201.0
0516W,Hofstra Student Garden,40.71923,-73.60202,2026-01-13T21:20:00Z,3.128,246.0
0516W,Hofstra Student Garden,40.71923,-73.60202,2026-01-13T21:30:00Z,0.895,190.0
0516W,Hofstra Student Garden,40.71923,-73.60202,2026-01-13T21:40:00Z,1.343,191.0
0516W,Hofstra Student Garden,40.71923,-73.60202,2026-01-13T21:50:00Z,1.343,213.0
0516W,Hofstra Student Garden,40.71923,-73.60202,2026-01-13T22:00:00Z,1.343,248.0
0516W,Hofstra Student Garden,40.71923,-73.60202,2026-01-13T22:10:00Z,1.79,257.0
0516W,Hofstra Student Garden,40.71923,-73.60202,2026-01-13T22:20:00Z,4.023,256.0
0516W,Hofstra Student Garden,40.71923,-73.60202,2026-01-13T22:30:00Z,3.575,257.0
0516W,Hofstra Student Garden,40.71923,-73.60202,2026-01-13T22:40:00Z,4.023,247.0
0516W,Hofstra Student Garden,40.71923,-73.60202,2026-01-13T22:50:00Z,1.79,250.0
0516W,Hofstra Student Garden,40.71923,-73.60202,2026-01-13T23:00:00Z,3.575,251.0
0516W,Hofstra Student Garden,40.71923,-73.60202,2026-01-13T23:10:00Z,2.68,260.0
0516W,Hofstra Student Garden,40.71923,-73.60202,2026-01-13T23:20:00Z,2.233,250.0
0516W,Hofstra Student Garden,40.71923,-73.60202,2026-01-13T23:30:00Z,3.128,296.0
0516W,Hofstra Student Garden,40.71923,-73.60202,2026-01-13T23:40:00Z,2.233,230.0
0516W,Hofstra Student Garden,40.71923,-73.60202,2026-01-13T23:50:00Z,4.023,244.0
0516W,Hofstra Student Garden,40.71923,-73.60202,2026-01-14T00:00:00Z,1.79,242.0
0516W,Hofstra Student Garden,40.71923,-73.60202,2026-01-14T00:10:00Z,0.895,203.0
0516W,Hofstra Student Garden,40.71923,-73.60202,2026-01-14T00:20:00Z,2.68,232.0
0516W,Hofstra Student Garden,40.71923,-73.60202,2026-01-14T00:30:00Z,2.233,236.0
0516W,Hofstra Student Garden,40.71923,-73.60202,2026-01-14T00:40:00Z,4.471,269.0
0516W,Hofstra Student Garden,40.71923,-73.60202,2026-01-14T00:50:00Z,2.233,223.0
0516W,Hofstra Student Garden,40.71923,-73.60202,2026-01-14T01:00:00Z,1.79,240.0
0516W,Hofstra Student Garden,40.71923,-73.60202,2026-01-14T01:10:00Z,2.233,232.0
0516W,Hofstra Student Garden,40.71923,-73.60202,2026-01-14T01:20:00Z,8.493,242.0
0516W,Hofstra Student Garden,40.71923,-73.60202,2026-01-14T01:30:00Z,1.79,229.0
0516W,Hofstra Student Garden,40.71923,-73.60202,2026-01-14T01:40:00Z,3.575,240.0
0516W,Hofstra Student Garden,40.71923,-73.60202,2026-01-14T01:50:00Z,2.68,279.0
0516W,Hofstra Student Garden,40.71923,-73.60202,2026-01-14T02:00:00Z,2.68,242.0
0516W,Hofstra Student Garden,40.71923,-73.60202,2026-01-14T02:10:00Z,3.128,246.0
0516W,Hofstra Student Garden,40.71923,-73.60202,2026-01-14T02:20:00Z,2.233,216.0
0516W,Hofstra Student Garden,40.71923,-73.60202,2026-01-14T02:30:00Z,2.233,252.0
0516W,Hofstra Student Garden,40.71923,-73.60202,2026-01-14T02:40:00Z,1.79,227.0
0516W,Hofstra Student Garden,40.71923,-73.60202,2026-01-14T02:50:00Z,2.68,208.0
0516W,Hofstra Student Garden,40.71923,-73.60202,2026-01-14T03:00:00Z,3.575,241.0
0516W,Hofstra Student Garden,40.71923,-73.60202,2026-01-14T03:10:00Z,2.68,219.0
0516W,Hofstra Student Garden,40.71923,-73.60202,2026-01-14T03:20:00Z,1.79,244.0
0516W,Hofstra Student Garden,40.71923,-73.60202,2026-01-14T03:30:00Z,1.79,215.0
0516W,Hofstra Student Garden,40.71923,-73.60202,2026-01-14T03:40:00Z,1.343,219.0
0516W,Hofstra Student Garden,40.71923,-73.60202,2026-01-14T03:50:00Z,3.128,209.0
0516W,Hofstra Student Garden,40.71923,-73.60202,2026-01-14T04:00:00Z,1.79,239.0
0516W,Hofstra Student Garden,40.71923,-73.60202,2026-01-14T04:10:00Z,2.68,213.0
0516W,Hofstra Student Garden,40.71923,-73.60202,2026-01-14T04:20:00Z,3.128,284.0
0516W,Hofstra Student Garden,40.71923,-73.60202,2026-01-14T04:30:00Z,3.575,250.0
0516W,Hofstra Student Garden,40.71923,-73.60202,2026-01-14T04:40:00Z,4.023,242.0
0516W,Hofstra Student Garden,40.71923,-73.60202,2026-01-14T04:50:00Z,2.68,271.0
0516W,Hofstra Student Garden,40.71923,-73.60202,2026-01-14T05:00:00Z,2.233,251.0
0516W,Hofstra Student Garden,40.71923,-73.60202,2026-01-14T05:10:00Z,2.233,211.0
0516W,Hofstra Student Garden,40.71923,-73.60202,2026-01-14T05:20:00Z,2.233,248.0
0516W,Hofstra Student Garden,40.71923,-73.60202,2026-01-14T05:30:00Z,1.79,279.0
0516W,Hofstra Student Garden,40.71923,-73.60202,2026-01-14T05:40:00Z,2.233,244.0
0516W,Hofstra Student Garden,40.71923,-73.60202,2026-01-14T05:50:00Z,1.79,215.0
0516W,Hofstra Student Garden,40.71923,-73.60202,2026-01-14T06:00:00Z,1.79,254.0
0516W,Hofstra Student Garden,40.71923,-73.60202,2026-01-14T06:10:00Z,1.79,225.0
0516W,Hofstra Student Garden,40.71923,-73.60202,2026-01-14T06:20:00Z,0.895,259.0
0516W,Hofstra Student Garden,40.71923,-73.60202,2026-01-14T06:30:00Z,1.343,246.0
0516W,Hofstra Student Garden,40.71923,-73.60202,2026-01-14T06:40:00Z,1.79,218.0
0516W,Hofstra Student Garden,40.71923,-73.60202,2026-01-14T06:50:00Z,3.128,267.0
0516W,Hofstra Student Garden,40.71923,-73.60202,2026-01-14T07:00:00Z,1.343,262.0
0516W,Hofstra Student Garden,40.71923,-73.60202,2026-01-14T07:10:00Z,1.343,235.0
0516W,Hofstra Student Garden,40.71923,-73.60202,2026-01-14T07:20:00Z,1.79,225.0
0516W,Hofstra Student Garden,40.71923,-73.60202,2026-01-14T07:30:00Z,0.895,229.0
0516W,Hofstra Student Garden,40.71923,-73.60202,2026-01-14T07:40:00Z,1.343,215.0
0516W,Hofstra Student Garden,40.71923,-73.60202,2026-01-14T07:50:00Z,1.343,262.0
0516W,Hofstra Student Garden,40.71923,-73.60202,2026-01-14T08:00:00Z,0.895,223.0
0516W,Hofstra Student Garden,40.71923,-73.60202,2026-01-14T08:10:00Z,1.79,248.0
0516W,Hofstra Student Garden,40.71923,-73.60202,2026-01-14T08:20:00Z,1.343,242.0
0516W,Hofstra Student Garden,40.71923,-73.60202,2026-01-14T08:30:00Z,1.343,255.0
0516W,Hofstra Student Garden,40.71923,-73.60202,2026-01-14T08:40:00Z,0.895,239.0
0516W,Hofstra Student Garden,40.71923,-73.60202,2026-01-14T08:50:00Z,0.895,229.0
0516W,Hofstra Student Garden,40.71923,-73.60202,2026-01-14T09:00:00Z,0.895,257.0
0516W,Hofstra Student Garden,40.71923,-73.60202,2026-01-14T09:10:00Z,0.0,0.0
0516W,Hofstra Student Garden,40.71923,-73.60202,2026-01-14T09:20:00Z,0.448,230.0
0516W,Hofstra Student Garden,40.71923,-73.60202,2026-01-14T09:40:00Z,0.0,0.0
0516W,Hofstra Student Garden,40.71923,-73.60202,2026-01-14T09:50:00Z,0.0,0.0
0516W,Hofstra Student Garden,40.71923,-73.60202,2026-01-14T10:10:00Z,0.895,234.0
0516W,Hofstra Student Garden,40.71923,-73.60202,2026-01-14T10:20:00Z,0.895,239.0
0516W,Hofstra Student Garden,40.71923,-73.60202,2026-01-14T10:30:00Z,0.448,250.0
0516W,Hofstra Student Garden,40.71923,-73.60202,2026-01-14T10:40:00Z,0.0,0.0
0516W,Hofstra Student Garden,40.71923,-73.60202,2026-01-14T10:50:00Z,0.0,0.0
0516W,Hofstra Student Garden,40.71923,-73.60202,2026-01-14T11:00:00Z,0.448,232.0
0516W,Hofstra Student Garden,40.71923,-73.60202,2026-01-14T11:10:00Z,0.448,234.0
0516W,Hofstra Student Garden,40.71923,-73.60202,2026-01-14T11:20:00Z,0.895,231.0
0516W,Hofstra Student Garden,40.71923,-73.60202,2026-01-14T11:30:00Z,0.0,0.0
0516W,Hofstra Student Garden,40.71923,-73.60202,2026-01-14T11:40:00Z,0.0,0.0
0516W,Hofstra Student Garden,40.71923,-73.60202,2026-01-14T11:50:00Z,0.448,202.0
0516W,Hofstra Student Garden,40.71923,-73.60202,2026-01-14T12:00:00Z,0.448,238.0
0516W,Hofstra Student Garden,40.71923,-73.60202,2026-01-14T12:10:00Z,0.448,200.0
0516W,Hofstra Student Garden,40.71923,-73.60202,2026-01-14T12:20:00Z,0.448,199.0
0516W,Hofstra Student Garden,40.71923,-73.60202,2026-01-14T12:30:00Z,0.0,0.0
0516W,Hofstra Student Garden,40.71923,-73.60202,2026-01-14T12:40:00Z,0.895,190.0
0516W,Hofstra Student Garden,40.71923,-73.60202,2026-01-14T12:50:00Z,0.448,202.0
0516W,Hofstra Student Garden,40.71923,-73.60202,2026-01-14T13:00:00Z,1.343,198.0
0516W,Hofstra Student Garden,40.71923,-73.60202,2026-01-14T13:10:00Z,2.233,213.0
0516W,Hofstra Student Garden,40.71923,-73.60202,2026-01-14T13:30:00Z,0.895,180.0
0516W,Hofstra Student Garden,40.71923,-73.60202,2026-01-14T13:40:00Z,1.79,247.0
0516W,Hofstra Student Garden,40.71923,-73.60202,2026-01-14T13:50:00Z,2.233,227.0
0516W,Hofstra Student Garden,40.71923,-73.60202,2026-01-14T14:00:00Z,0.895,209.0
0516W,Hofstra Student Garden,40.71923,-73.60202,2026-01-14T14:10:00Z,1.343,250.0
0516W,Hofstra Student Garden,40.71923,-73.60202,2026-01-14T14:20:00Z,1.343,173.0
0516W,Hofstra Student Garden,40.71923,-73.60202,2026-01-14T14:30:00Z,1.79,244.0
0516W,Hofstra Student Garden,40.71923,-73.60202,2026-01-14T14:40:00Z,0.895,254.0
0516W,Hofstra Student Garden,40.71923,-73.60202,2026-01-14T14:50:00Z,1.343,275.0
0516W,Hofstra Student Garden,40.71923,-73.60202,2026-01-14T15:00:00Z,0.895,209.0
0516W,Hofstra Student Garden,40.71923,-73.60202,2026-01-14T15:10:00Z,0.895,210.0
0516W,Hofstra Student Garden,40.71923,-73.60202,2026-01-14T15:20:00Z,0.895,243.0
0516W,Hofstra Student Garden,40.71923,-73.60202,2026-01-14T15:30:00Z,0.448,218.0
0516W,Hofstra Student Garden,40.71923,-73.60202,2026-01-14T15:40:00Z,0.895,273.0
0516W,Hofstra Student Garden,40.71923,-73.60202,2026-01-14T15:50:00Z,1.343,231.0
0516W,Hofstra Student Garden,40.71923,-73.60202,2026-01-14T16:00:00Z,1.343,242.0
0516W,Hofstra Student Garden,40.71923,-73.60202,2026-01-14T16:10:00Z,1.343,209.0
0516W,Hofstra Student Garden,40.71923,-73.60202,2026-01-14T16:20:00Z,1.79,217.0
0516W,Hofstra Student Garden,40.71923,-73.60202,2026-01-14T16:30:00Z,0.895,207.0
0516W,Hofstra Student Garden,40.71923,-73.60202,2026-01-14T16:40:00Z,0.895,163.0
0516W,Hofstra Student Garden,40.71923,-73.60202,2026-01-14T16:50:00Z,1.343,121.0
0516W,Hofstra Student Garden,40.71923,-73.60202,2026-01-14T17:00:00Z,0.895,194.0
0516W,Hofstra Student Garden,40.71923,-73.60202,2026-01-14T17:10:00Z,0.895,250.0
0516W,Hofstra Student Garden,40.71923,-73.60202,2026-01-14T17:20:00Z,1.343,201.0
0516W,Hofstra Student Garden,40.71923,-73.60202,2026-01-14T17:30:00Z,1.343,152.0
0516W,Hofstra Student Garden,40.71923,-73.60202,2026-01-14T17:40:00Z,0.895,155.0
0516W,Hofstra Student Garden,40.71923,-73.60202,2026-01-14T17:50:00Z,0.895,171.0
0516W,Hofstra Student Garden,40.71923,-73.60202,2026-01-14T18:00:00Z,0.895,124.0
0516W,Hofstra Student Garden,40.71923,-73.60202,2026-01-14T18:10:00Z,2.68,169.0
0516W,Hofstra Student Garden,40.71923,-73.60202,2026-01-14T18:20:00Z,1.79,191.0
0516W,Hofstra Student Garden,40.71923,-73.60202,2026-01-14T18:30:00Z,0.895,135.0
0516W,Hofstra Student Garden,40.71923,-73.60202,2026-01-14T18:40:00Z,0.448,211.0
0516W,Hofstra Student Garden,40.71923,-73.60202,2026-01-14T18:50:00Z,0.895,139.0
0516W,Hofstra Student Garden,40.71923,-73.60202,2026-01-14T19:00:00Z,0.448,229.0
0516W,Hofstra Student Garden,40.71923,-73.60202,2026-01-14T19:10:00Z,0.448,192.0
0516W,Hofstra Student Garden,40.71923,-73.60202,2026-01-14T19:20:00Z,0.448,175.0
0516W,Hofstra Student Garden,40.71923,-73.60202,2026-01-14T19:30:00Z,0.895,180.0
0516W,Hofstra Student Garden,40.71923,-73.60202,2026-01-14T19:40:00Z,0.895,165.0
0516W,Hofstra Student Garden,40.71923,-73.60202,2026-01-14T19:50:00Z,0.895,216.0
0516W,Hofstra Student Garden,40.71923,-73.60202,2026-01-14T20:00:00Z,0.895,135.0
0516W,Hofstra Student Garden,40.71923,-73.60202,2026-01-14T20:10:00Z,1.343,220.0
0516W,Hofstra Student Garden,40.71923,-73.60202,2026-01-14T20:20:00Z,2.233,146.0
0516W,Hofstra Student Garden,40.71923,-73.60202,2026-01-14T20:30:00Z,0.895,187.0
0516W,Hofstra Student Garden,40.71923,-73.60202,2026-01-14T20:40:00Z,0.448,188.0
0516W,Hofstra Student Garden,40.71923,-73.60202,2026-01-14T20:50:00Z,0.448,155.0
0516W,Hofstra Student Garden,40.71923,-73.60202,2026-01-14T21:00:00Z,0.448,177.0
0516W,Hofstra Student Garden,40.71923,-73.60202,2026-01-14T21:10:00Z,0.0,0.0
0516W,Hofstra Student Garden,40.71923,-73.60202,2026-01-14T21:20:00Z,0.895,224.0
0516W,Hofstra Student Garden,40.71923,-73.60202,2026-01-14T21:30:00Z,0.448,207.0
0516W,Hofstra Student Garden,40.71923,-73.60202,2026-01-14T21:40:00Z,0.895,133.0
0516W,Hofstra Student Garden,40.71923,-73.60202,2026-01-14T21:50:00Z,0.0,0.0
0516W,Hofstra Student Garden,40.71923,-73.60202,2026-01-14T22:00:00Z,1.343,116.0
0516W,Hofstra Student Garden,40.71923,-73.60202,2026-01-14T22:10:00Z,0.895,140.0
0516W,Hofstra Student Garden,40.71923,-73.60202,2026-01-14T22:20:00Z,0.448,114.0
0516W,Hofstra Student Garden,40.71923,-73.60202,2026-01-14T22:30:00Z,0.448,144.0
0516W,Hofstra Student Garden,40.71923,-73.60202,2026-01-14T22:40:00Z,1.343,207.0
0516W,Hofstra Student Garden,40.71923,-73.60202,2026-01-14T22:50:00Z,2.233,141.0
0516W,Hofstra Student Garden,40.71923,-73.60202,2026-01-14T23:00:00Z,0.448,153.0
0516W,Hofstra Student Garden,40.71923,-73.60202,2026-01-14T23:10:00Z,0.895,121.0
0516W,Hofstra Student Garden,40.71923,-73.60202,2026-01-14T23:20:00Z,1.343,101.0
0516W,Hofstra Student Garden,40.71923,-73.60202,2026-01-14T23:30:00Z,1.343,100.0
0516W,Hofstra Student Garden,40.71923,-73.60202,2026-01-14T23:40:00Z,0.448,177.0
0516W,Hofstra Student Garden,40.71923,-73.60202,2026-01-14T23:50:00Z,0.0,0.0
