/*--------------------------------*- C++ -*----------------------------------*\
  =========                 |
  \\      /  F ield         | OpenFOAM: The Open Source CFD Toolbox
   \\    /   O peration     | Website:  https://openfoam.org
    \\  /    A nd           | Version:  10
     \\/     M anipulation  |
\*---------------------------------------------------------------------------*/
FoamFile
{
    format      ascii;
    class       volScalarField;
    location    "0";
    object      thicknessFraction;
}
// * * * * * * * * * * * * * * * * * * * * * * * * * * * * * * * * * * * * * //

dimensions      [0 0 0 0 0 0 0];

internalField   uniform 0;

boundaryField
{
    front
    {
        type            fixedValue;
        value           uniform 0;
    }
    back
    {
        type            fixedValue;
        value           uniform 0;
    }
    inlet
    {
        type            fixedValue;
        value           uniform 0;
    }
    outlet
    {
        type            fixedValue;
        value           uniform 0;
    }
    lowerWall
    {
        type            fixedValue;
        value           nonuniform List<scalar> 
5433
(
0
0
0
0
0
0
0
0
0
0
0.499896
0.499943
0.49996
0.499975
0.499989
0.499997
0.499999
0.5
0.5
0.5
0.5
0.5
0.5
0.5
0.5
0.5
0.5
0.5
0.499998
0.499991
0.499976
0.499961
0.499943
0.499896
0.499336
0.499566
0.499677
0.499789
0.4999
0.499967
0.499991
0.499996
0.499998
0.499999
0.5
0.5
0.5
0.5
0.499999
0.499998
0.499996
0.499993
0.499974
0.499913
0.499801
0.499683
0.499568
0.499336
0.496553
0.497447
0.498008
0.498646
0.499302
0.499729
0.499904
0.499955
0.499975
0.49999
0.499997
0.5
0.5
0.499998
0.499991
0.499977
0.499959
0.499923
0.499786
0.499404
0.498738
0.498055
0.497465
0.496558
0.486
0.488587
0.490704
0.49346
0.496385
0.498392
0.499309
0.49963
0.499784
0.499901
0.49997
0.499994
0.499996
0.499977
0.499915
0.4998
0.499664
0.499438
0.498742
0.496955
0.493958
0.49097
0.488704
0.486034
0.455048
0.460533
0.466647
0.475832
0.485834
0.492883
0.496345
0.497772
0.498618
0.499319
0.499763
0.49994
0.499955
0.499822
0.499428
0.49874
0.49798
0.496979
0.494425
0.488207
0.477817
0.467727
0.46107
0.455229
0.384687
0.392636
0.406441
0.430797
0.457453
0.475945
0.485392
0.489958
0.493383
0.496527
0.498662
0.499601
0.499708
0.499037
0.497159
0.494031
0.490815
0.487559
0.480854
0.464807
0.436614
0.40967
0.394508
0.38538
0.344094
0.349332
0.385206
0.393273
0.401221
0.436684
0.454657
0.46526
0.475859
0.486708
0.494493
0.498164
0.498684
0.496231
0.48948
0.47838
0.467718
0.459731
0.447692
0.418257
0.407783
0.400496
0.356894
0.346738
0.371549
0.357363
0.397086
0.401291
0.369311
0.367355
0.387728
0.405578
0.431744
0.461328
0.483211
0.493991
0.495847
0.489267
0.470738
0.439191
0.410428
0.395133
0.382886
0.353052
0.375522
0.421184
0.393001
0.363716
0.5
0.5
0.5
0.415909
0.409503
0.367919
0.357836
0.388518
0.396652
0.413544
0.461823
0.485864
0.490753
0.477882
0.439299
0.41671
0.401683
0.363257
0.366658
0.312645
0.30601
0.411855
0.498834
0.429525
0.42974
0.38819
0.5
0.40606
0.411347
0.402913
0.39707
0.424935
0.404715
0.401082
0.435359
0.47601
0.485357
0.467461
0.411548
0.403332
0.423119
0.399958
0.42097
0.346112
0.315782
0.389738
0.495323
0.388142
0.448641
0.5
0.5
0.339648
0.317342
0.397856
0.494724
0.409199
0.417653
0.427948
0.420499
0.470446
0.482507
0.462595
0.400489
0.37302
0.426879
0.494724
0.409159
0.406681
0.384645
0.366071
0.446478
0.459671
0.340837
0.337822
0.343796
0.286316
0.305711
0.377903
0.438986
0.439949
0.371422
0.379024
0.424179
0.471447
0.482551
0.462015
0.401048
0.39336
0.404923
0.405666
0.456901
0.347841
0.348492
0.331596
0.333932
0.288666
0.377861
0.369756
0.34078
0.323436
0.345807
0.329078
0.284317
0.333894
0.328929
0.347137
0.429274
0.47304
0.482993
0.462314
0.403222
0.404219
0.402452
0.292827
0.279157
0.308631
0.340871
0.340623
0.360952
0.299996
0.44525
0.42833
0.376846
0.37115
0.414828
0.329274
0.306744
0.348871
0.372001
0.377591
0.422014
0.470016
0.48166
0.461008
0.39955
0.391944
0.409986
0.348088
0.302015
0.298812
0.470479
0.499809
0.368153
0.299628
0.474629
0.451641
0.388547
0.357764
0.416012
0.5
0.5
0.5
0.425352
0.419286
0.411573
0.464602
0.478425
0.457963
0.393752
0.364164
0.431095
0.423285
0.5
0.5
0.376236
0.307718
0.376707
0.343918
0.484199
0.458928
0.393002
0.35948
0.413521
0.5
0.5
0.5
0.425048
0.416563
0.405579
0.456915
0.470295
0.450349
0.38768
0.358691
0.419787
0.409402
0.42736
0.499136
0.382432
0.345549
0.356809
0.370122
0.484294
0.459607
0.396331
0.376646
0.431535
0.432663
0.5
0.5
0.366935
0.36084
0.394579
0.435407
0.445133
0.427018
0.37292
0.366036
0.358554
0.390224
0.499968
0.42027
0.379536
0.345534
0.392888
0.474583
0.452391
0.394282
0.392535
0.386157
0.294635
0.283912
0.336094
0.310989
0.303657
0.351992
0.375983
0.380899
0.367915
0.33133
0.352822
0.348329
0.232202
0.253566
0.308915
0.360616
0.349161
0.38257
0.425678
0.444294
0.425998
0.373153
0.377122
0.406221
0.349946
0.324194
0.377529
0.33646
0.3293
0.335169
0.339216
0.34158
0.338827
0.33084
0.353808
0.38418
0.334127
0.300015
0.339385
0.356334
0.346535
0.37795
0.415622
0.375881
0.363499
0.323071
0.324969
0.41659
0.5
0.5
0.5
0.37982
0.354902
0.383979
0.355909
0.358831
0.364729
0.411169
0.310224
0.378619
0.5
0.5
0.5
0.417308
0.375252
0.330533
0.357259
0.339218
0.331783
0.320992
0.323748
0.395497
0.5
0.5
0.5
0.425892
0.427539
0.5
0.5
0.499939
0.499939
0.5
0.342506
0.360735
0.5
0.5
0.5
0.408927
0.371018
0.319603
0.327583
0.37095
0.355044
0.379391
0.369094
0.369208
0.426394
0.5
0.5
0.38231
0.481346
0.5
0.499937
0.5
0.5
0.499937
0.369264
0.413624
0.44796
0.5
0.5
0.368383
0.372168
0.378953
0.352954
0.5
0.5
0.5
0.406596
0.365901
0.307781
0.295399
0.334569
0.40781
0.406072
0.5
0.499937
0.352001
0.5
0.499937
0.397079
0.324545
0.297136
0.311488
0.309812
0.317916
0.393898
0.498833
0.429526
0.5
0.388161
0.499935
0.411146
0.353524
0.292414
0.295496
0.300878
0.333473
0.384292
0.5
0.499149
0.499939
0.499965
0.5
0.401835
0.344892
0.297139
0.313948
0.29083
0.3041
0.399197
0.49523
0.388134
0.35856
0.5
0.448626
0.363335
0.5
0.5
0.410236
0.400327
0.5
0.363164
0.458343
0.450142
0.5
0.440953
0.5
0.5
0.499947
0.38819
0.425228
0.419593
0.5
0.427725
0.43717
0.495284
0.417428
0.425712
0.388142
0.440955
0.5
0.5
0.499947
0.5
0.5
0.419617
0.425309
0.5
0.394318
0.357421
0.448837
0.395876
0.406954
0.392802
0.43717
0.427586
0.495611
0.444793
0.423827
0.429296
0.5
0.36004
0.356249
0.380027
0.384874
0.486472
0.425333
0.425331
0.39952
0.380014
0.387582
0.494543
0.427825
0.426769
0.415496
0.458236
0.321894
0.345586
0.45576
0.324596
0.320526
0.436099
0.317546
0.342633
0.386628
0.356274
0.345754
0.37504
0.315215
0.332321
0.352875
0.406194
0.444541
0.31037
0.5
0.5
0.311249
0.5
0.5
0.360215
0.395126
0.5
0.30925
0.5
0.425804
0.299996
0.5
0.5
0.388811
0.402876
0.5
0.499987
0.308657
0.435161
0.447506
0.448028
0.345533
0.390535
0.380443
0.412956
0.5
0.5
0.5
0.5
0.5
0.5
0.468058
0.469488
0.5
0.5
0.481087
0.419758
0.5
0.499626
0.432397
0.396125
0.409011
0.499962
0.412723
0.372573
0.36878
0.5
0.5
0.5
0.5
0.5
0.5
0.469531
0.468145
0.5
0.472563
0.36526
0.495879
0.495935
0.450826
0.412257
0.422278
0.499159
0.445561
0.331558
0.324271
0.395283
0.359409
0.354668
0.49971
0.295027
0.251618
0.429296
0.369202
0.3168
0.32996
0.392213
0.451136
0.340954
0.40849
0.446734
0.361474
0.40083
0.420555
0.303584
0.5
0.450504
0.307781
0.5
0.5
0.34282
0.383148
0.5
0.5
0.5
0.5
0.5
0.5
0.5
0.425764
0.399901
0.5
0.359735
0.5
0.452233
0.356287
0.499967
0.5
0.363504
0.438915
0.5
0.385045
0.41073
0.5
0.5
0.5
0.5
0.5
0.5
0.5
0.425446
0.420403
0.5
0.5
0.5
0.5
0.5
0.5
0.5
0.392598
0.372482
0.5
0.5
0.499962
0.5
0.499168
0.49916
0.5
0.499161
0.499167
0.499939
0.5
0.499962
0.499939
0.397815
0.322026
0.5
0.291538
0.444378
0.38913
0.5
0.5
0.5
0.5
0.5
0.5
0.420343
0.425201
0.5
0.357307
0.5
0.448631
0.356632
0.5
0.5
0.360392
0.388039
0.5
0.450141
0.378961
0.404837
0.5
0.33674
0.350282
0.39147
0.389211
0.330151
0.472094
0.421962
0.471803
0.499136
0.499097
0.5
0.435314
0.360105
0.499937
0.499967
0.405259
0.354194
0.499134
0.499097
0.5
0.315514
0.375274
0.499937
0.5
0.421594
0.401756
0.5
0.346734
0.349223
0.5
0.353725
0.34933
0.387732
0.358616
0.377199
0.355437
0.458343
0.44974
0.356706
0.45567
0.459863
0.5
0.440629
0.5
0.5
0.499908
0.388161
0.425269
0.420332
0.499999
0.499096
0.498832
0.5
0.357395
0.499967
0.499899
0.405227
0.499992
0.5
0.499096
0.499136
0.5
0.390743
0.416687
0.499937
0.427725
0.43716
0.495322
0.423574
0.423162
0.388134
0.437508
0.496059
0.5
0.499065
0.499097
0.499122
0.420433
0.421482
0.499935
0.496154
0.496059
0.5
0.499166
0.4927
0.499122
0.499695
0.493017
0.49596
0.499898
0.499935
0.496317
0.420894
0.424924
0.5
0.437161
0.491948
0.495429
0.406062
0.365735
0.495952
0.404768
0.406144
0.399814
0.386814
0.369261
0.459863
0.5
0.5
0.5
0.5
0.4991
0.499097
0.5
0.5
0.5
0.427037
0.42657
0.395131
0.42918
0.425631
0.492576
0.428848
0.456346
0.45639
0.5
0.5
0.359482
0.388184
0.490908
0.490903
0.5
0.5
0.5
0.394589
0.357426
0.448768
0.415527
0.410078
0.392816
0.406177
0.406719
0.408248
0.426494
0.426758
0.393683
0.441656
0.425876
0.492596
0.388029
0.451948
0.451909
0.5
0.357805
0.371155
0.5
0.424153
0.427168
0.394458
0.382862
0.388455
0.425713
0.424561
0.400099
0.41463
0.344485
0.479963
0.494527
0.47996
0.344477
0.425866
0.425827
0.426479
0.414629
0.344491
0.479986
0.494266
0.386588
0.343149
0.392925
0.351411
0.358915
0.459171
0.427486
0.404488
0.459873
0.417213
0.417696
0.395069
0.355927
0.376967
0.439949
0.424637
0.404067
0.438435
0.401314
0.424649
0.439172
0.318277
0.357687
0.445341
0.394737
0.424505
0.375318
0.41572
0.405587
0.37481
0.382245
0.384838
0.383617
0.434777
0.428714
0.370505
0.405733
0.404085
0.499994
0.496241
0.492189
0.429544
0.427711
0.413327
0.5
0.5
0.5
0.5
0.5
0.5
0.422647
0.42261
0.5
0.40515
0.400778
0.425672
0.5
0.5
0.423393
0.5
0.484477
0.496116
0.5
0.5
0.5
0.419781
0.42703
0.417648
0.4278
0.434918
0.417521
0.5
0.5
0.5
0.5
0.5
0.5
0.422954
0.42289
0.5
0.384857
0.132656
0.407737
0.499783
0.46066
0.3617
0.442475
0.439339
0.395014
0.5
0.499687
0.448056
0.449469
0.339123
0.368091
0.446743
0.380336
0.428354
0.425129
0.423762
0.435176
0.147695
0.136048
0.101406
0.36662
0.398743
0.399295
0.351751
0.393891
0.370207
0.427276
0.427265
0.401946
0.5
0.5
0.5
0.5
0.5
0.5
0.5
0.439502
0.5
0.377967
0.387895
0.373441
0.368404
0.391973
0.422625
0.426929
0.423568
0.344037
0.5
0.5
0.5
0.5
0.5
0.5
0.5
0.5
0.5
0.427182
0.42719
0.394407
0.5
0.5
0.5
0.5
0.5
0.5
0.5
0.5
0.5
0.470028
0.458991
0.37956
0.421877
0.405217
0.436028
0.5
0.5
0.5
0.499939
0.476977
0.49999
0.499939
0.476953
0.476954
0.5
0.49999
0.476999
0.5
0.5
0.5
0.422019
0.413016
0.384534
0.5
0.5
0.5
0.5
0.5
0.5
0.5
0.5
0.5
0.5
0.424364
0.433026
0.445117
0.375758
0.425377
0.403661
0.421195
0.429314
0.499936
0.476921
0.437603
0.431225
0.431064
0.476908
0.5
0.395441
0.397141
0.499937
0.476913
0.499992
0.499996
0.499992
0.476914
0.492032
0.499313
0.389766
0.398504
0.346018
0.380639
0.5
0.427987
0.389861
0.5
0.423537
0.425961
0.450964
0.40795
0.437252
0.379354
0.399353
0.368877
0.5
0.5
0.428641
0.5
0.499096
0.499096
0.5
0.5
0.5
0.424192
0.429157
0.375322
0.499937
0.4769
0.439349
0.5
0.499992
0.47692
0.499937
0.476896
0.499992
0.5
0.499992
0.476913
0.426981
0.427406
0.39384
0.429183
0.425668
0.492586
0.429319
0.456405
0.456393
0.499945
0.493426
0.5
0.388152
0.452349
0.452428
0.5
0.499992
0.47697
0.429341
0.428784
0.391338
0.5
0.496267
0.439601
0.499939
0.475457
0.462463
0.499965
0.475449
0.475429
0.499146
0.462472
0.475477
0.5
0.439615
0.496273
0.428868
0.42877
0.405339
0.441575
0.425397
0.402553
0.388011
0.447209
0.452335
0.5
0.426073
0.427682
0.395605
0.431008
0.5
0.5
0.424862
0.430926
0.427293
0.424235
0.5
0.439671
0.414619
0.451846
0.418519
0.435457
0.459431
0.499817
0.5
0.5
0.499948
0.5
0.497545
0.5
0.5
0.5
0.440905
0.497546
0.5
0.490943
0.490954
0.388184
0.5
0.5
0.5
0.430772
0.426749
0.427092
0.467749
0.427042
0.429585
0.492574
0.425806
0.441573
0.422119
0.430674
0.423667
0.451923
0.451906
0.388029
0.497537
0.5
0.499948
0.5
0.5
0.499816
0.429741
0.5
0.5
0.5
0.497535
0.440911
0.5
0.499816
0.5
0.499089
0.49909
0.5
0.5
0.5
0.5
0.396326
0.393699
0.38614
0.420528
0.440852
0.455522
0.409578
0.423064
0.421647
0.429597
0.427093
0.46778
0.42698
0.426772
0.430754
0.492574
0.425657
0.427645
0.422713
0.429685
0.435191
0.456378
0.45642
0.429545
0.430418
0.424747
0.5
0.341422
0.341425
0.38227
0.384874
0.341421
0.341422
0.479755
0.344372
0.39952
0.344372
0.479751
0.48647
0.341203
0.341419
0.382268
0.386892
0.341434
0.341227
0.479987
0.344489
0.411687
0.343165
0.386591
0.494459
0.417704
0.418749
0.457969
0.421433
0.418215
0.458366
0.415732
0.415318
0.436099
0.5
0.432093
0.418342
0.39502
0.42814
0.5
0.5
0.416031
0.41522
0.5
0.41493
0.418539
0.414869
0.414336
0.5
0.428712
0.421456
0.424924
0.5
0.41756
0.414692
0.424692
0.428236
0.5
0.414308
0.413619
0.5
0.447291
0.389211
0.433956
0.5
0.499223
0.499998
0.498187
0.497552
0.5
0.462199
0.489234
0.489045
0.5
0.441677
0.424485
0.5
0.5
0.5
0.5
0.5
0.5
0.5
0.5
0.5
0.5
0.5
0.5
0.5
0.5
0.5
0.5
0.5
0.5
0.5
0.422806
0.422919
0.499085
0.5
0.5
0.499949
0.5
0.495567
0.422815
0.5
0.499985
0.5
0.489438
0.5
0.436666
0.462587
0.499988
0.482347
0.44418
0.397591
0.5
0.5
0.5
0.422836
0.438813
0.499325
0.5
0.5
0.5
0.5
0.5
0.5
0.5
0.5
0.5
0.5
0.5
0.5
0.5
0.5
0.5
0.5
0.5
0.5
0.5
0.422716
0.422771
0.418573
0.441626
0.499002
0.402434
0.428835
0.166379
0.393994
0.431971
0.430301
0.458479
0.492728
0.428801
0.431757
0.429144
0.430363
0.493044
0.447931
0.499686
0.5
0.381851
0.353807
0.392305
0.408214
0.43375
0.5
0.449385
0.388851
0.382511
0.380494
0.428062
0.5
0.404415
0.42109
0.42597
0.5
0.416921
0.414121
0.402237
0.425844
0.5
0.5
0.414515
0.417849
0.413546
0.413741
0.5
0.426333
0.399562
0.449966
0.5
0.5
0.5
0.5
0.5
0.5
0.5
0.5
0.5
0.5
0.5
0.5
0.5
0.5
0.5
0.5
0.5
0.5
0.5
0.439502
0.5
0.5
0.427001
0.42773
0.414479
0.435029
0.5
0.499967
0.424104
0.427584
0.427235
0.424016
0.5
0.428562
0.427714
0.5
0.433062
0.432784
0.5
0.5
0.5
0.5
0.5
0.5
0.5
0.5
0.5
0.5
0.5
0.5
0.5
0.5
0.5
0.5
0.5
0.5
0.5
0.5
0.5
0.5
0.5
0.5
0.5
0.5
0.5
0.5
0.5
0.5
0.5
0.5
0.5
0.5
0.5
0.5
0.5
0.5
0.5
0.5
0.5
0.5
0.5
0.5
0.5
0.5
0.499962
0.5
0.5
0.5
0.5
0.5
0.447588
0.447583
0.499166
0.499159
0.447585
0.447576
0.49999
0.476981
0.499939
0.447633
0.447582
0.49916
0.499163
0.447592
0.447648
0.476953
0.476953
0.499939
0.5
0.5
0.5
0.499962
0.5
0.5
0.477007
0.49999
0.5
0.5
0.5
0.499996
0.499635
0.412128
0.367984
0.370763
0.410693
0.495624
0.5
0.5
0.5
0.5
0.5
0.5
0.5
0.5
0.5
0.5
0.5
0.5
0.5
0.5
0.5
0.5
0.5
0.5
0.5
0.5
0.5
0.5
0.425986
0.427447
0.395536
0.430938
0.5
0.5
0.424352
0.429547
0.42703
0.423934
0.5
0.437477
0.40809
0.450982
0.423181
0.422043
0.5
0.49997
0.5
0.499637
0.447423
0.44743
0.499134
0.499095
0.447425
0.447408
0.437603
0.476922
0.499937
0.331816
0.31238
0.366539
0.476904
0.49999
0.5
0.447423
0.447424
0.499137
0.499096
0.447429
0.447411
0.499992
0.476919
0.499937
0.476908
0.499992
0.5
0.5
0.499967
0.499291
0.426027
0.423892
0.5
0.429306
0.424125
0.5
0.414526
0.434135
0.459432
0.458264
0.4244
0.430148
0.426248
0.423598
0.459688
0.499817
0.5
0.5
0.499908
0.5
0.497545
0.428641
0.5
0.499999
0.5
0.499817
0.5
0.440582
0.497543
0.5
0.490939
0.490941
0.388152
0.5
0.5
0.5
0.447432
0.447396
0.499096
0.499134
0.447411
0.44743
0.439349
0.476906
0.499937
0.499967
0.44199
0.390779
0.476913
0.499992
0.5
0.394486
0.394424
0.5
0.447417
0.447396
0.499097
0.49883
0.447399
0.447406
0.499992
0.476895
0.499899
0.476906
0.499992
0.5
0.43078
0.426777
0.427094
0.467782
0.427093
0.429595
0.492595
0.425878
0.441654
0.434954
0.429716
0.423127
0.451924
0.451964
0.388011
0.430015
0.463834
0.499076
0.499935
0.475534
0.433444
0.5
0.495918
0.5
0.447576
0.429951
0.437469
0.492735
0.431813
0.44759
0.461462
0.459901
0.495981
0.476972
0.499992
0.5
0.433739
0.4771
0.499898
0.499935
0.477109
0.43374
0.439601
0.496269
0.5
0.446255
0.446288
0.499163
0.492736
0.433489
0.433426
0.462468
0.462413
0.495986
0.446571
0.446532
0.499696
0.493052
0.433464
0.433475
0.462357
0.462408
0.496341
0.477116
0.433743
0.496136
0.496076
0.433777
0.47712
0.462445
0.462483
0.499126
0.496273
0.439615
0.5
0.429902
0.427254
0.467754
0.428065
0.427191
0.431779
0.402558
0.425417
0.425144
0.4089
0.418096
0.429674
0.462544
0.407816
0.394897
0.459892
0.449469
0.487143
0.5
0.5
0.5
0.5
0.5
0.5
0.5
0.5
0.5
0.418628
0.397724
0.408257
0.489493
0.473647
0.495809
0.441085
0.441645
0.429535
0.375
0.388182
0.394419
0.5
0.5
0.5
0.390113
0.383597
0.407078
0.398961
0.40415
0.381187
0.470863
0.459862
0.492965
0.375
0.388129
0.382588
0.5
0.430927
0.39556
0.5
0.5
0.5
0.451571
0.412168
0.43888
0.480445
0.4569
0.487535
0.446021
0.414878
0.380995
0.42552
0.425513
0.417646
0.44588
0.413966
0.380755
0.379511
0.373585
0.404374
0.47074
0.495285
0.492902
0.456311
0.486446
0.481374
0.407515
0.371945
0.410239
0.419502
0.389356
0.396079
0.480447
0.494724
0.487532
0.411101
0.404216
0.452337
0.5
0.5
0.5
0.5
0.5
0.5
0.5
0.5
0.5
0.5
0.499999
0.499999
0.5
0.5
0.5
0.333864
0.323557
0.352865
0.432076
0.394886
0.38913
0.5
0.5
0.5
0.5
0.5
0.5
0.5
0.5
0.5
0.418487
0.406815
0.3982
0.499937
0.498864
0.492592
0.341983
0.386172
0.403784
0.424513
0.398375
0.410199
0.422362
0.405034
0.422247
0.5
0.5
0.5
0.5
0.5
0.5
0.173462
0.219477
0.349398
0.499228
0.395272
0.268794
0.5
0.426735
0.418085
0.5
0.5
0.5
0.5
0.5
0.5
0.5
0.5
0.5
0.336304
0.388682
0.402015
0.5
0.5
0.5
0.5
0.5
0.5
0.5
0.5
0.5
0.420034
0.408083
0.41189
0.5
0.5
0.5
0.5
0.5
0.5
0.5
0.5
0.5
0.5
0.5
0.5
0.5
0.5
0.5
0.5
0.499937
0.498866
0.5
0.499936
0.498866
0.5
0.5
0.5
0.5
0.5
0.5
0.5
0.5
0.5
0.5
0.5
0.5
0.399091
0.382373
0.40665
0.408441
0.381668
0.372284
0.421846
0.410085
0.423413
0.5
0.5
0.5
0.407507
0.371558
0.451754
0.5
0.499939
0.498865
0.5
0.5
0.5
0.5
0.5
0.5
0.5
0.499939
0.498866
0.376269
0.392313
0.418338
0.5
0.5
0.5
0.5
0.5
0.5
0.5
0.5
0.5
0.5
0.5
0.5
0.382025
0.397447
0.408614
0.381107
0.336213
0.383049
0.5
0.5
0.5
0.5
0.499939
0.498866
0.5
0.5
0.5
0.5
0.499939
0.498866
0.378623
0.344049
0.378051
0.489494
0.473654
0.49581
0.44109
0.441653
0.429539
0.5
0.5
0.5
0.375
0.388156
0.382615
0.5
0.499939
0.49886
0.404555
0.409029
0.412802
0.5
0.5
0.5
0.499945
0.49914
0.49292
0.5
0.499936
0.498861
0.5
0.499908
0.499144
0.5
0.5
0.499937
0.383978
0.402543
0.411473
0.375
0.388146
0.382611
0.5
0.5
0.5
0.5
0.5
0.5
0.5
0.5
0.5
0.5
0.5
0.5
0.457991
0.426983
0.428065
0.5
0.5
0.5
0.489254
0.49094
0.448721
0.5
0.5
0.5
0.5
0.499818
0.5
0.49893
0.499089
0.499953
0.394424
0.388188
0.375
0.41996
0.426782
0.427252
0.427134
0.426988
0.419527
0.5
0.5
0.5
0.426332
0.425872
0.427474
0.481171
0.451911
0.417886
0.4929
0.459672
0.470744
0.420244
0.424261
0.420765
0.429903
0.429412
0.421692
0.382582
0.388134
0.375
0.448718
0.490942
0.489257
0.5
0.5
0.5
0.5
0.5
0.5
0.499953
0.49909
0.498932
0.5
0.5
0.5
0.5
0.5
0.5
0.419308
0.427012
0.427158
0.427321
0.426823
0.419773
0.5
0.5
0.5
0.417906
0.451935
0.481168
0.427402
0.425812
0.426223
0.429339
0.442026
0.457342
0.427762
0.430834
0.422445
0.42939
0.441578
0.44095
0.5
0.5
0.5
0.354937
0.343094
0.367063
0.37463
0.344361
0.355289
0.48141
0.439963
0.456323
0.420097
0.423474
0.425827
0.424676
0.423269
0.420098
0.377302
0.399513
0.419606
0.354885
0.343079
0.367057
0.375025
0.344494
0.356215
0.487513
0.456729
0.479195
0.426355
0.367031
0.427373
0.427366
0.367019
0.426326
0.38177
0.414631
0.450715
0.49259
0.492578
0.458117
0.491515
0.492504
0.45789
0.479955
0.479701
0.434746
0.5
0.5
0.5
0.429325
0.419114
0.5
0.5
0.5
0.5
0.5
0.5
0.5
0.5
0.5
0.5
0.5
0.413482
0.413716
0.414846
0.419068
0.5
0.499901
0.499896
0.499986
0.384251
0.369404
0.378154
0.5
0.5
0.5
0.5
0.5
0.5
0.5
0.5
0.5
0.5
0.5
0.5
0.5
0.5
0.5
0.5
0.5
0.5
0.5
0.5
0.5
0.5
0.5
0.5
0.498351
0.498521
0.479731
0.5
0.5
0.5
0.494548
0.495116
0.499896
0.418623
0.38268
0.405324
0.398883
0.42201
0.422103
0.424588
0.422977
0.402513
0.499999
0.5
0.5
0.5
0.5
0.5
0.5
0.5
0.5
0.5
0.5
0.5
0.5
0.5
0.5
0.5
0.5
0.5
0.5
0.5
0.5
0.5
0.5
0.5
0.439461
0.459873
0.491611
0.199445
0.320937
0.418614
0.475653
0.45354
0.486274
0.493083
0.461881
0.475331
0.470801
0.484632
0.485898
0.416276
0.426381
0.425486
0.428804
0.427027
0.418205
0.492554
0.498866
0.499939
0.414054
0.408275
0.499417
0.445479
0.381093
0.353843
0.5
0.5
0.5
0.5
0.5
0.5
0.5
0.5
0.5
0.5
0.5
0.5
0.5
0.5
0.5
0.5
0.5
0.5
0.5
0.5
0.5
0.5
0.5
0.5
0.5
0.5
0.5
0.5
0.5
0.5
0.419064
0.370664
0.429173
0.4234
0.369242
0.413279
0.5
0.5
0.5
0.5
0.5
0.5
0.499727
0.499992
0.5
0.5
0.5
0.5
0.438915
0.372106
0.375675
0.5
0.5
0.5
0.450093
0.397104
0.393393
0.5
0.5
0.5
0.5
0.5
0.5
0.5
0.5
0.5
0.5
0.5
0.5
0.5
0.5
0.5
0.5
0.5
0.5
0.5
0.5
0.5
0.420451
0.414757
0.427382
0.5
0.5
0.5
0.5
0.5
0.5
0.5
0.5
0.5
0.5
0.5
0.5
0.5
0.5
0.5
0.5
0.5
0.5
0.5
0.5
0.5
0.385677
0.418109
0.420297
0.412664
0.415797
0.379147
0.5
0.5
0.5
0.5
0.5
0.5
0.499692
0.49999
0.5
0.5
0.5
0.5
0.492626
0.476912
0.496274
0.496232
0.476886
0.492619
0.5
0.5
0.5
0.492625
0.476907
0.49624
0.49628
0.476926
0.492625
0.498866
0.499937
0.5
0.5
0.5
0.5
0.499691
0.49999
0.5
0.498865
0.499937
0.5
0.371491
0.41294
0.420005
0.397721
0.404335
0.343459
0.5
0.5
0.5
0.5
0.5
0.5
0.5
0.5
0.5
0.5
0.5
0.5
0.5
0.5
0.5
0.5
0.5
0.5
0.5
0.5
0.5
0.419547
0.427057
0.427294
0.42733
0.426841
0.419879
0.5
0.5
0.5
0.5
0.5
0.5
0.5
0.5
0.5
0.5
0.5
0.5
0.5
0.5
0.5
0.399021
0.390347
0.410191
0.5
0.5
0.5
0.493902
0.496369
0.483429
0.428883
0.435552
0.432961
0.492618
0.477005
0.496163
0.495839
0.476955
0.49261
0.5
0.5
0.5
0.407853
0.398531
0.336372
0.498866
0.499939
0.5
0.441993
0.37278
0.49984
0.492611
0.476985
0.496158
0.495839
0.476957
0.49261
0.322832
0.398036
0.395662
0.413861
0.405287
0.346941
0.498866
0.499939
0.5
0.5
0.5
0.5
0.412091
0.425995
0.427202
0.383092
0.426683
0.408462
0.5
0.5
0.5
0.457991
0.425817
0.426484
0.457834
0.492512
0.491555
0.492968
0.495325
0.470862
0.5
0.5
0.5
0.488667
0.49092
0.44871
0.5
0.5
0.5
0.5
0.5
0.5
0.498602
0.49908
0.499952
0.394423
0.388189
0.375
0.419925
0.426871
0.427358
0.427305
0.427075
0.419574
0.499999
0.5
0.5
0.492611
0.476956
0.495838
0.495862
0.476996
0.492608
0.5
0.5
0.5
0.328806
0.393184
0.406184
0.499726
0.499992
0.5
0.498865
0.499939
0.5
0.39288
0.328268
0.35578
0.499992
0.390645
0.441919
0.5
0.5
0.5
0.492611
0.476957
0.495839
0.496126
0.476982
0.49261
0.5
0.5
0.5
0.403459
0.423057
0.419234
0.42705
0.425096
0.409835
0.498865
0.499939
0.5
0.426335
0.425875
0.427475
0.481166
0.451927
0.417894
0.492965
0.459871
0.470866
0.422806
0.43084
0.427626
0.382584
0.388136
0.375
0.418084
0.453946
0.482461
0.496059
0.47702
0.477047
0.5
0.5
0.5
0.492461
0.474523
0.494742
0.495672
0.475321
0.492478
0.492868
0.498823
0.499915
0.420041
0.427133
0.427328
0.426753
0.426838
0.41989
0.498856
0.499939
0.5
0.477173
0.47712
0.495881
0.496059
0.477019
0.477048
0.5
0.5
0.5
0.492621
0.476933
0.496268
0.492324
0.46055
0.462402
0.49287
0.498823
0.499915
0.495871
0.493023
0.499441
0.492372
0.460597
0.462699
0.478489
0.495844
0.499375
0.498859
0.492612
0.498826
0.499114
0.492592
0.498854
0.479037
0.496407
0.499489
0.427017
0.372743
0.429027
0.429133
0.372573
0.427391
0.499937
0.5
0.5
0.417957
0.451984
0.481166
0.484327
0.45698
0.46216
0.403139
0.394329
0.407457
0.387483
0.38701
0.369863
0.47852
0.495797
0.49937
0.412111
0.393922
0.387971
0.429332
0.430928
0.458687
0.5
0.5
0.5
0.5
0.5
0.5
0.5
0.5
0.5
0.5
0.5
0.5
0.498943
0.499948
0.499954
0.499953
0.499948
0.498941
0.5
0.5
0.5
0.5
0.5
0.5
0.5
0.5
0.5
0.425986
0.418207
0.425002
0.418279
0.417626
0.426152
0.42585
0.440838
0.456287
0.427356
0.428442
0.425353
0.492888
0.459565
0.458146
0.429305
0.441552
0.440914
0.443553
0.467775
0.486704
0.5
0.5
0.5
0.5
0.5
0.5
0.394412
0.388182
0.375
0.489214
0.440911
0.448682
0.448685
0.440907
0.489208
0.5
0.5
0.5
0.5
0.5
0.5
0.5
0.5
0.5
0.396325
0.393601
0.386202
0.419623
0.44069
0.455523
0.409653
0.423066
0.421673
0.425786
0.41573
0.41789
0.424606
0.416306
0.425601
0.42954
0.429528
0.441095
0.427478
0.427728
0.426336
0.492627
0.458343
0.458172
0.382606
0.388129
0.375
0.417883
0.437126
0.48114
0.427513
0.425965
0.5
0.5
0.5
0.5
0.422908
0.416799
0.424721
0.424728
0.416803
0.422707
0.38177
0.415494
0.450714
0.374995
0.387579
0.356216
0.481489
0.439175
0.435193
0.487509
0.456715
0.4791
0.356123
0.387512
0.374989
0.423566
0.420392
0.425436
0.425417
0.420396
0.423563
0.381768
0.415492
0.450713
0.375028
0.387579
0.356213
0.481491
0.439177
0.435236
0.486242
0.455337
0.478845
0.355184
0.382198
0.367459
0.492848
0.495619
0.473601
0.492975
0.495327
0.470864
0.481375
0.486447
0.456312
0.41676
0.419675
0.436887
0.409475
0.435397
0.395434
0.499955
0.499836
0.499977
0.498635
0.498262
0.490214
0.427581
0.420234
0.425418
0.422489
0.419744
0.427267
0.5
0.5
0.5
0.5
0.5
0.5
0.5
0.5
0.5
0.5
0.5
0.5
0.5
0.5
0.5
0.5
0.5
0.5
0.5
0.5
0.5
0.499985
0.499993
0.5
0.487139
0.498
0.497513
0.5
0.5
0.5
0.5
0.5
0.5
0.42764
0.420302
0.422647
0.432241
0.422095
0.428977
0.5
0.5
0.5
0.5
0.5
0.5
0.5
0.5
0.5
0.5
0.5
0.5
0.5
0.5
0.5
0.497878
0.499208
0.499896
0.454984
0.489305
0.488058
0.446561
0.446405
0.436802
0.434458
0.443404
0.442113
0.5
0.499937
0.5
0.496077
0.499131
0.499963
0.389293
0.38241
0.408857
0.100101
0.426674
0.418941
0.425144
0.419883
0.418632
0.426901
0.5
0.5
0.5
0.5
0.5
0.5
0.5
0.5
0.5
0.5
0.5
0.5
0.5
0.5
0.5
0.5
0.5
0.5
0.5
0.5
0.5
0.5
0.5
0.5
0.414117
0.424292
0.426595
0.425245
0.411647
0.423675
0.402994
0.408049
0.424681
0.5
0.5
0.5
0.5
0.5
0.5
0.5
0.5
0.5
0.5
0.5
0.5
0.5
0.5
0.5
0.5
0.5
0.5
0.5
0.5
0.5
0.5
0.5
0.5
0.414253
0.416494
0.419458
0.424715
0.416798
0.426271
0.5
0.5
0.5
0.5
0.5
0.5
0.5
0.5
0.5
0.5
0.5
0.5
0.5
0.5
0.5
0.5
0.5
0.5
0.5
0.5
0.5
0.499364
0.427831
0.423927
0.403318
0.38378
0.40392
0.343469
0.364712
0.411355
0.5
0.5
0.5
0.5
0.5
0.5
0.498865
0.499937
0.5
0.496163
0.499136
0.492609
0.5
0.499962
0.499692
0.498866
0.499937
0.5
0.495838
0.499096
0.492609
0.492611
0.499096
0.495838
0.5
0.5
0.5
0.499692
0.499962
0.5
0.492611
0.499134
0.496161
0.5
0.5
0.5
0.5
0.5
0.5
0.5
0.5
0.5
0.419259
0.388512
0.39799
0.373463
0.381534
0.416611
0.5
0.5
0.5
0.5
0.5
0.5
0.5
0.5
0.5
0.5
0.5
0.5
0.5
0.5
0.5
0.5
0.5
0.5
0.5
0.5
0.5
0.5
0.5
0.5
0.5
0.5
0.5
0.5
0.5
0.5
0.392546
0.376668
0.35633
0.498865
0.499939
0.5
0.496245
0.499162
0.492625
0.492623
0.499161
0.496268
0.5
0.5
0.5
0.498866
0.499939
0.5
0.496273
0.499166
0.49262
0.499996
0.5
0.5
0.492626
0.499168
0.496274
0.491888
0.463736
0.463826
0.495846
0.479179
0.495463
0.5
0.5
0.5
0.5
0.5
0.5
0.5
0.5
0.5
0.5
0.5
0.5
0.498939
0.499947
0.499953
0.499953
0.499948
0.498939
0.5
0.5
0.5
0.5
0.5
0.5
0.5
0.5
0.5
0.369837
0.414283
0.40114
0.418959
0.418825
0.371227
0.498866
0.499939
0.5
0.496238
0.49916
0.492619
0.5
0.5
0.5
0.499727
0.499967
0.5
0.492628
0.499168
0.496275
0.498866
0.499939
0.5
0.496267
0.499166
0.49262
0.5
0.499967
0.499726
0.5
0.5
0.5
0.499727
0.499967
0.5
0.492626
0.499168
0.496274
0.425731
0.416762
0.424704
0.420153
0.416641
0.426088
0.425859
0.440848
0.45629
0.427399
0.428466
0.425372
0.492892
0.459582
0.458177
0.429415
0.441579
0.440957
0.486702
0.467754
0.443513
0.443558
0.467781
0.486705
0.499149
0.499966
0.5
0.499467
0.499699
0.495915
0.5
0.499992
0.499984
0.382622
0.388156
0.375
0.48149
0.437161
0.417977
0.417959
0.437161
0.481509
0.5
0.5
0.5
0.499728
0.499967
0.5
0.492623
0.499167
0.496285
0.372243
0.423368
0.419871
0.422476
0.423606
0.371976
0.499937
0.5
0.5
0.499718
0.499966
0.499154
0.498859
0.499899
0.5
0.495253
0.498803
0.492506
0.475661
0.495819
0.49268
0.499145
0.499946
0.5
0.495501
0.499094
0.492784
0.49251
0.499084
0.4955
0.492919
0.499143
0.499946
0.492687
0.495828
0.475665
0.492782
0.498812
0.495257
0.5
0.5
0.5
0.499156
0.499966
0.499719
0.429363
0.42889
0.440933
0.421859
0.423755
0.425892
0.382536
0.388146
0.375
0.481489
0.437156
0.417881
0.417958
0.437153
0.48149
0.5
0.5
0.5
0.5
0.5
0.5
0.5
0.5
0.5
0.476509
0.49593
0.492866
0.5
0.5
0.5
0.499953
0.499096
0.498939
0.5
0.5
0.5
0.5
0.5
0.5
0.5
0.5
0.5
0.44868
0.490899
0.489205
0.489261
0.440955
0.448723
0.448725
0.440963
0.48927
0.375
0.388188
0.394417
0.5
0.5
0.5
0.5
0.5
0.5
0.5
0.5
0.5
0.427299
0.425657
0.425276
0.443475
0.456363
0.486706
0.458119
0.458236
0.492587
0.426215
0.427586
0.427405
0.440956
0.429297
0.429381
0.421626
0.425087
0.425766
0.481167
0.437162
0.417891
0.417817
0.437163
0.481164
0.375
0.388134
0.38251
0.498939
0.499096
0.499953
0.5
0.5
0.5
0.5
0.5
0.5
0.5
0.5
0.5
0.489212
0.490907
0.448681
0.5
0.5
0.5
0.498931
0.499947
0.499953
0.499953
0.499947
0.498932
0.5
0.5
0.5
0.5
0.5
0.5
0.5
0.5
0.5
0.5
0.5
0.5
0.480211
0.494457
0.486213
0.486704
0.456396
0.443559
0.425172
0.425626
0.427261
0.458077
0.457981
0.492554
0.425184
0.427003
0.427302
0.441859
0.427658
0.424384
0.469049
0.448325
0.417589
0.486708
0.467758
0.44349
0.441095
0.441667
0.429568
0.5
0.5
0.5
0.367396
0.343163
0.355328
0.355289
0.344361
0.37463
0.434806
0.436116
0.47999
0.355289
0.384872
0.374666
0.419607
0.399514
0.377302
0.374666
0.384872
0.35529
0.456321
0.439961
0.481408
0.367393
0.343156
0.355325
0.356126
0.344479
0.374939
0.435235
0.439161
0.481492
0.356191
0.387523
0.375021
0.44651
0.414977
0.381489
0.367466
0.382278
0.355326
0.48021
0.455524
0.48625
0.458049
0.492569
0.492558
0.458204
0.492615
0.492643
0.434746
0.479701
0.479956
0.5
0.5
0.5
0.499998
0.5
0.5
0.5
0.5
0.5
0.5
0.5
0.5
0.5
0.5
0.5
0.5
0.5
0.5
0.5
0.5
0.5
0.499987
0.5
0.5
0.499873
0.499976
0.49987
0.5
0.499997
0.499981
0.496493
0.499217
0.499637
0.5
0.499916
0.499975
0.456124
0.412438
0.411057
0.48302
0.450312
0.472648
0.44698
0.444187
0.484985
0.5
0.5
0.5
0.5
0.5
0.5
0.5
0.5
0.5
0.5
0.5
0.5
0.5
0.5
0.5
0.5
0.5
0.5
0.5
0.5
0.5
0.5
0.5
0.5
0.5
0.5
0.5
0.5
0.5
0.5
0.5
0.5
0.5
0.499999
0.499912
0.499593
0.5
0.5
0.5
0.499991
0.499999
0.499999
0.5
0.5
0.499992
0.416463
0.474181
0.477907
0.390489
0.401054
0.452933
0.399247
0.374489
0.366808
0.5
0.5
0.5
0.5
0.5
0.5
0.499881
0.499955
0.499583
0.5
0.5
0.5
0.5
0.5
0.5
0.5
0.5
0.5
0.5
0.5
0.5
0.5
0.5
0.5
0.5
0.5
0.5
0.5
0.5
0.5
0.5
0.5
0.5
0.5
0.5
0.5
0.495509
0.474316
0.491862
0.116555
0.194284
0.0461898
0.262724
0.184247
0.362532
0.0366971
0.0894109
0.473937
0.441233
0.439153
0.460479
0.460283
0.492718
0.433856
0.445738
0.429695
0.493743
0.474178
0.462599
0.499963
0.499127
0.496073
0.5
0.499937
0.5
0.5
0.5
0.5
0.5
0.5
0.5
0.5
0.5
0.5
0.5
0.5
0.5
0.5
0.5
0.5
0.5
0.5
0.5
0.5
0.5
0.5
0.5
0.5
0.5
0.5
0.5
0.5
0.5
0.5
0.5
0.5
0.5
0.5
0.5
0.5
0.5
0.5
0.5
0.5
0.5
0.5
0.5
0.5
0.5
0.5
0.5
0.5
0.5
0.5
0.5
0.5
0.5
0.5
0.5
0.5
0.5
0.5
0.5
0.5
0.5
0.5
0.499992
0.499727
0.5
0.5
0.5
0.5
0.5
0.5
0.5
0.5
0.5
0.5
0.5
0.5
0.5
0.5
0.5
0.5
0.5
0.5
0.5
0.5
0.5
0.5
0.5
0.5
0.5
0.5
0.5
0.5
0.5
0.5
0.5
0.5
0.5
0.5
0.5
0.5
0.5
0.5
0.5
0.5
0.5
0.5
0.5
0.5
0.5
0.5
0.5
0.5
0.5
0.5
0.5
0.5
0.5
0.5
0.5
0.5
0.5
0.5
0.5
0.5
0.5
0.5
0.5
0.5
0.5
0.5
0.5
0.5
0.5
0.5
0.5
0.5
0.5
0.5
0.5
0.5
0.5
0.5
0.5
0.5
0.5
0.5
0.49999
0.499692
0.5
0.5
0.5
0.5
0.5
0.5
0.5
0.5
0.5
0.496273
0.476905
0.492618
0.492617
0.476885
0.496231
0.499692
0.499962
0.5
0.492613
0.499137
0.496164
0.5
0.499937
0.498866
0.496238
0.476901
0.492619
0.492627
0.476927
0.496276
0.495839
0.499097
0.49261
0.49261
0.499095
0.495837
0.5
0.499937
0.498866
0.5
0.5
0.5
0.5
0.49999
0.499691
0.496164
0.499136
0.492618
0.5
0.499962
0.499692
0.5
0.5
0.5
0.5
0.5
0.5
0.5
0.5
0.5
0.5
0.5
0.5
0.499968
0.5
0.499989
0.479267
0.495846
0.499331
0.5
0.5
0.5
0.5
0.5
0.5
0.5
0.5
0.5
0.5
0.5
0.5
0.5
0.5
0.5
0.5
0.5
0.5
0.5
0.5
0.5
0.5
0.5
0.5
0.5
0.5
0.5
0.5
0.5
0.5
0.5
0.5
0.5
0.5
0.5
0.5
0.5
0.5
0.5
0.5
0.5
0.5
0.5
0.5
0.5
0.5
0.5
0.5
0.499983
0.499646
0.499388
0.496161
0.476998
0.49261
0.49261
0.476955
0.495837
0.492626
0.499162
0.496245
0.5
0.499939
0.498866
0.496273
0.499167
0.49262
0.5
0.499967
0.499726
0.5
0.5
0.5
0.496161
0.476989
0.492615
0.492611
0.476958
0.495839
0.492628
0.499168
0.496275
0.5
0.499939
0.498866
0.496273
0.499167
0.49262
0.5
0.5
0.5
0.5
0.5
0.5
0.499615
0.499988
0.5
0.499978
0.499977
0.499272
0.5
0.5
0.5
0.47651
0.49593
0.492867
0.492605
0.492599
0.458145
0.470747
0.495288
0.49291
0.5
0.5
0.5
0.499952
0.499086
0.498609
0.5
0.5
0.5
0.5
0.5
0.499999
0.5
0.5
0.5
0.448675
0.490885
0.488623
0.489253
0.440951
0.44872
0.448716
0.440953
0.489255
0.375
0.388189
0.394418
0.5
0.5
0.5
0.5
0.5
0.5
0.5
0.5
0.5
0.495839
0.476954
0.492609
0.492611
0.476998
0.496127
0.492625
0.499161
0.49624
0.5
0.499939
0.498866
0.5
0.499992
0.499726
0.496273
0.499166
0.492619
0.5
0.499967
0.499727
0.5
0.5
0.5
0.5
0.5
0.5
0.49584
0.476957
0.492611
0.492606
0.476977
0.495857
0.499726
0.499967
0.5
0.492619
0.499166
0.496267
0.5
0.499939
0.498866
0.496273
0.499166
0.492619
0.5
0.499967
0.499727
0.5
0.5
0.5
0.4273
0.425661
0.425282
0.44356
0.456395
0.486706
0.458179
0.458349
0.492627
0.426338
0.427736
0.427487
0.441097
0.429538
0.429543
0.481163
0.437159
0.417892
0.417942
0.437157
0.48116
0.375
0.388136
0.382608
0.494744
0.474539
0.492746
0.498852
0.49259
0.499113
0.499992
0.5
0.5
0.499141
0.499966
0.499699
0.5
0.5
0.499937
0.482429
0.453943
0.418081
0.462568
0.462198
0.492692
0.491324
0.495229
0.475577
0.46259
0.492624
0.490973
0.499398
0.496069
0.478542
0.496285
0.499167
0.492621
0.5
0.499967
0.499728
0.5
0.5
0.5
0.498828
0.492611
0.498859
0.498855
0.492592
0.499113
0.499156
0.499966
0.499718
0.5
0.5
0.499937
0.496266
0.476926
0.492612
0.46248
0.460574
0.492334
0.492429
0.49528
0.475631
0.462718
0.492682
0.4924
0.499398
0.496066
0.478541
0.499441
0.493023
0.495873
0.462762
0.460616
0.492384
0.492381
0.492461
0.462663
0.462958
0.492683
0.492412
0.49946
0.496113
0.479055
0.495864
0.477091
0.47714
0.477091
0.477051
0.496073
0.492452
0.492988
0.462967
0.475648
0.495317
0.492428
0.499922
0.498868
0.492881
0.499719
0.499966
0.499156
0.5
0.5
0.5
0.486701
0.456421
0.443523
0.428597
0.4422
0.454694
0.425606
0.423738
0.421884
0.439046
0.428307
0.425898
0.43778
0.413339
0.411059
0.435351
0.413
0.42668
0.490951
0.492358
0.462574
0.452671
0.492368
0.490948
0.499341
0.495797
0.468879
0.5
0.5
0.5
0.480444
0.4569
0.487535
0.5
0.5
0.5
0.411398
0.437505
0.396265
0.5
0.5
0.5
0.5
0.5
0.5
0.458172
0.492599
0.49263
0.417971
0.394279
0.405461
0.492838
0.459174
0.473599
0.426951
0.425091
0.421191
0.5
0.5
0.5
0.5
0.5
0.5
0.5
0.5
0.5
0.426858
0.4063
0.423785
0.5
0.5
0.5
0.499992
0.499984
0.499465
0.447185
0.419671
0.433906
0.427299
0.427126
0.420082
0.5
0.49999
0.499726
0.355868
0.328626
0.392986
0.5
0.5
0.5
0.5
0.5
0.5
0.458172
0.4926
0.492631
0.499984
0.5
0.5
0.492141
0.458695
0.471998
0.492967
0.495323
0.470859
0.486694
0.467736
0.443451
0.481132
0.437125
0.417924
0.5
0.5
0.5
0.435191
0.439159
0.481487
0.481479
0.479923
0.435199
0.432452
0.448563
0.422906
0.5
0.5
0.5
0.348897
0.351889
0.335025
0.5
0.499967
0.499727
0.499727
0.499967
0.499996
0.5
0.5
0.5
0.425695
0.425949
0.370517
0.5
0.5
0.5
0.443585
0.46779
0.486702
0.479986
0.436114
0.434804
0.5
0.5
0.5
0.5
0.5
0.5
0.5
0.5
0.5
0.5
0.5
0.5
0.5
0.5
0.5
0.5
0.5
0.5
0.499727
0.499967
0.5
0.5
0.499967
0.499727
0.5
0.5
0.5
0.417569
0.448
0.466598
0.5
0.5
0.5
0.499932
0.499334
0.498008
0.5
0.5
0.5
0.492563
0.49258
0.458077
0.411039
0.413313
0.439895
0.426376
0.42587
0.427509
0.5
0.5
0.5
0.5
0.5
0.5
0.5
0.5
0.5
0.499442
0.499983
0.499978
0.492563
0.492581
0.458077
0.5
0.5
0.499984
0.470668
0.49523
0.492125
0.480212
0.494458
0.486215
0.5
0.5
0.5
0.4349
0.479586
0.479142
0.5
0.5
0.5
0.470678
0.45871
0.492129
0.5
0.5
0.5
0.44501
0.440189
0.425123
0.370743
0.425785
0.422707
0.418601
0.424223
0.461145
0.425789
0.421301
0.425038
0.4213
0.425791
0.425367
0.419719
0.426753
0.397424
0.5
0.5
0.5
0.468903
0.404974
0.404161
0.405714
0.405501
0.469373
0.469451
0.405637
0.405773
0.404338
0.405142
0.468996
0.421191
0.425128
0.426854
0.5
0.5
0.5
0.5
0.5
0.5
0.406127
0.469464
0.468581
0.467295
0.469292
0.405449
0.499486
0.498828
0.491935
0.5
0.5
0.5
0.5
0.5
0.5
0.5
0.5
0.5
0.337615
0.434302
0.457803
0.352674
0.38477
0.21999
0.39119
0.402556
0.39843
0.47268
0.492649
0.476987
0.409671
0.411086
0.468123
0.471882
0.481355
0.476974
0.394777
0.398777
0.420734
0.37884
0.368637
0.365117
0.393957
0.383517
0.427238
0.499989
0.5
0.499995
0.5
0.5
0.5
0.499989
0.499817
0.499995
0.483869
0.497545
0.499728
0.499728
0.497535
0.483854
0.499995
0.499816
0.499989
0.427672
0.427086
0.428943
0.426261
0.426767
0.427272
0.427651
0.430729
0.428865
0.422566
0.429568
0.42785
0.426308
0.425872
0.421672
0.428789
0.426842
0.42742
0.499728
0.497544
0.483856
0.499995
0.499817
0.499989
0.5
0.5
0.5
0.499995
0.5
0.499989
0.499989
0.499816
0.499995
0.483841
0.497535
0.499727
0.499989
0.5
0.499995
0.5
0.5
0.5
0.427875
0.429614
0.422597
0.428951
0.430789
0.427686
0.427283
0.426756
0.426257
0.428881
0.427053
0.42767
0.426957
0.428727
0.423562
0.422686
0.42938
0.427875
0.341601
0.341228
0.343241
0.34329
0.341237
0.341601
0.341625
0.341422
0.343244
0.343245
0.341422
0.341626
0.341561
0.341198
0.343082
0.343284
0.341227
0.341588
0.341614
0.341434
0.34341
0.343285
0.34142
0.341589
0.5
0.5
0.5
0.5
0.5
0.5
0.5
0.5
0.5
0.5
0.5
0.5
0.5
0.5
0.5
0.5
0.5
0.5
0.5
0.5
0.5
0.5
0.5
0.5
0.5
0.5
0.5
0.5
0.5
0.5
0.499994
0.5
0.499888
0.5
0.5
0.5
0.499996
0.499958
0.5
0.486542
0.499156
0.499872
0.499454
0.499923
0.5
0.498306
0.499485
0.496642
0.48825
0.478186
0.429626
0.499943
0.496083
0.49798
0.467736
0.416127
0.445326
0.5
0.5
0.5
0.5
0.5
0.5
0.5
0.5
0.5
0.5
0.5
0.5
0.5
0.5
0.5
0.5
0.5
0.5
0.5
0.5
0.5
0.5
0.5
0.5
0.5
0.5
0.5
0.5
0.5
0.5
0.5
0.5
0.5
0.420478
0.429555
0.417659
0.470154
0.442643
0.420484
0.399179
0.340982
0.304705
0.440875
0.388461
0.408666
0.428743
0.428965
0.446675
0.424899
0.422612
0.428622
0.428287
0.431186
0.431548
0.446116
0.432673
0.428505
0.422871
0.464895
0.47044
0.476956
0.492617
0.472498
0.5
0.5
0.5
0.5
0.5
0.5
0.5
0.5
0.5
0.5
0.5
0.5
0.5
0.5
0.5
0.5
0.5
0.5
0.5
0.5
0.5
0.5
0.5
0.5
0.5
0.5
0.5
0.5
0.5
0.5
0.5
0.5
0.5
0.5
0.5
0.5
0.5
0.5
0.5
0.5
0.5
0.5
0.5
0.5
0.5
0.5
0.5
0.5
0.5
0.5
0.5
0.5
0.5
0.5
0.5
0.5
0.5
0.5
0.5
0.5
0.5
0.5
0.5
0.5
0.5
0.5
0.5
0.5
0.5
0.5
0.5
0.5
0.5
0.5
0.5
0.5
0.5
0.5
0.5
0.5
0.5
0.5
0.5
0.5
0.431513
0.447414
0.472432
0.472417
0.447402
0.431507
0.4315
0.44738
0.472417
0.472414
0.447378
0.431497
0.431543
0.447414
0.472434
0.472416
0.447397
0.431519
0.431536
0.447434
0.472433
0.472451
0.447447
0.43156
0.5
0.5
0.5
0.5
0.5
0.5
0.5
0.5
0.5
0.5
0.5
0.5
0.5
0.5
0.5
0.5
0.5
0.5
0.5
0.5
0.5
0.5
0.5
0.5
0.5
0.5
0.5
0.5
0.5
0.5
0.5
0.5
0.5
0.5
0.5
0.5
0.5
0.499959
0.499999
0.496384
0.49933
0.499958
0.431549
0.44764
0.472444
0.472436
0.447632
0.431548
0.431533
0.447594
0.472431
0.472422
0.447588
0.431525
0.431535
0.447613
0.472436
0.472432
0.447613
0.431536
0.431532
0.447598
0.472437
0.472422
0.44759
0.431523
0.499989
0.5
0.499995
0.5
0.5
0.5
0.499989
0.499817
0.499995
0.483867
0.497544
0.499728
0.5
0.5
0.5
0.499995
0.5
0.499989
0.499728
0.497537
0.483854
0.499995
0.499816
0.499989
0.431533
0.447596
0.472437
0.472416
0.447584
0.431517
0.431535
0.447622
0.472432
0.472438
0.447631
0.431545
0.431519
0.447593
0.472433
0.472421
0.447585
0.43151
0.431513
0.447596
0.472426
0.472419
0.44759
0.431514
0.427683
0.427092
0.428947
0.426275
0.426777
0.42729
0.427683
0.43078
0.428949
0.422579
0.429596
0.427869
0.428
0.42948
0.422718
0.42361
0.428847
0.427218
0.428882
0.431411
0.422848
0.475533
0.446446
0.434615
0.44635
0.472464
0.492529
0.44826
0.447916
0.43183
0.431532
0.446074
0.472384
0.422883
0.431419
0.428529
0.428781
0.433407
0.43521
0.472383
0.446231
0.431565
0.432119
0.447963
0.448334
0.492624
0.472556
0.447836
0.447855
0.472558
0.49263
0.448273
0.447924
0.432132
0.431532
0.447543
0.472387
0.472386
0.447541
0.431544
0.428779
0.431876
0.435203
0.435118
0.431849
0.428758
0.433123
0.462197
0.475415
0.475398
0.462184
0.433103
0.428864
0.431873
0.435213
0.43517
0.431861
0.428868
0.447853
0.472563
0.49263
0.448311
0.447947
0.432126
0.432158
0.447964
0.448328
0.49263
0.472564
0.447873
0.428175
0.429762
0.422743
0.428969
0.430897
0.427948
0.427898
0.429483
0.427387
0.435083
0.431498
0.428433
0.412029
0.419295
0.41778
0.42137
0.422876
0.413848
0.400228
0.401418
0.411412
0.390447
0.395592
0.397829
0.449828
0.477616
0.456352
0.5
0.5
0.5
0.499995
0.5
0.499989
0.5
0.5
0.5
0.426933
0.422726
0.421232
0.417958
0.419148
0.425544
0.427656
0.427052
0.428984
0.421915
0.426093
0.426619
0.426844
0.426268
0.422214
0.428946
0.427107
0.427756
0.427428
0.425849
0.426277
0.499642
0.496151
0.493843
0.440346
0.472068
0.439377
0.429778
0.419031
0.450812
0.495451
0.499272
0.49623
)
;
    }
    upperWall
    {
        type            fixedValue;
        value           uniform 0;
    }
    combined
    {
        type            fixedValue;
        value           nonuniform List<scalar> 
24488
(
0
0
0
0
0
0
0
0
0
0
0
0
0
0
0
0
0
0
0
0
0
0
0
0
0
0
0
0
0
0
0
0
0
0
0
0
0
0
0
0
0
0
0
0
0
0
0
0
0
0
0
0
0
0
0
0
0
0
0
0
0
0
0
0
0
0
0
0
0
0
0
0
0
0
0
0
0
0
0
0
0
0
0
0
0
0
0
0
0
0
0
0
0
0
0
0
0
0
0
0
0
0
0
0
0
0
0
0
0
0
0
0
0
0
0
0
0
0
0
0
0
0
0
0
0
0
0
0
0
0
0
0
0
0
0
0
0
0
0
0
0
0
0
0
0
0
0
0
0
0
0
0
0
0
0
0
0
0
0
0
0
0
0
0
0
0
0
0
0
0
0
0
0
0
0
0
0
0
0
0
0
0
0
0
0
0
0
0
0
0
0
0
0
0
0
0
0
0
0
0
0
0
0
0
0
0
0
0
0
0
0
0
0
0
0
0
0
0
0
0
0
0
0
0
0
0
0
0
0
0
0
0
0
0
0
0
0
0
0
0
0
0
0
0
0
0
0
0
0
0
0
0
0
0
0
0
0
0
0
0
0
0
0
0
0
0
0
0
0
0
0
0
0
0
0
0
0
0
0
0
0
0
0
0
0
0
0
0
0
0
0
0
0
0
0
0
0
0
0
0
0
0
0
0
0
0
0
0
0
0
0
0
0
0
0
0
0
0
0
0
0
0
0
0
0
0
0
0
0
0
0
0
0
0
0
0
0
0
0
0
0
0
0
0
0
0
0
0
0
0
0
0
0
0
0
0
0
0
0
0
0
0
0
0
0
0
0
0
0
0
0
0
0
0
0
0
0
0
0
0
0
0
0
0
0
0
0
0
0
0
0
0
0
0
0
0
0
0
0
0
0
0
0
0
0
0
0
0
0
0
0
0
0
0
0
0
0
0
0
0
0
0
0
0
0
0
0
0
0
0
0
0
0
0
0
0
0
0
0
0
0
0
0
0
0
0
0
0
0
0
0
0
0
0
0
0
0
0
0
0
0
0
0
0
0
0
0
0
0
0
0
0
0
0
0
0
0
0
0
0
0
0
0
0
0
0
0
0
0
0
0
0
0
0
0
0
0
0
0
0
0
0
0
0
0
0
0
0
0
0
0
0
0
0
0
0
0
0
0
0
0
0
0
0
0
0
0
0
0
0
0
0
0
0
0
0
0
0
0
0
0
0
0
0
0
0
0
0
0
0
0
0
0
0
0
0
0
0
0
0
0
0
0
0
0
0
0
0
0
0
0
0
0
0
0
0
0
0
0
0
0
0
0
0
0
0
0
0
0
0
0
0
0
0
0
0
0
0
0
0
0
0
0
0
0
0
0
0
0
0
0
0
0
0
0
0
0
0
0
0
0
0
0
0
0
0
0
0
0
0
0
0
0
0
0
0
0
0
0
0
0
0
0
0
0
0
0
0
0
0
0
0
0
0
0
0
0
0
0
0
0
0
0
0
0
0
0
0
0
0
0
0
0
0
0
0
0
0
0
0
0
0
0
0
0
0
0
0
0
0
0
0
0
0
0
0
0
0
0
0
0
0
0
0
0
0
0
0
0
0
0
0
0
0
0
0
0
0
0
0
0
0
0
0
0
0
0
0
0
0
0
0
0
0
0
0
0
0
0
0
0
0
0
0
0
0
0
0
0
0
0
0
0
0
0
0
0
0
0
0
0
0
0
0
0
0
0
0
0
0
0
0
0
0
0
0
0
0
0
0
0
0
0
0
0
0
0
0
0
0
0
0
0
0
0
0
0
0
0
0
0
0
0
0
0
0
0
0
0
0
0
0
0
0
0
0
0
0
0
0
0
0
0
0
0
0
0
0
0
0
0
0
0
0
0
0
0
0
0
0
0
0
0
0
0
0
0
0
0
0
0
0
0
0
0
0
0
0
0
0
0
0
0
0
0
0
0
0
0
0
0
0
0
0
0
0
0
0
0
0
0
0
0
0
0
0
0
0
0
0
0
0
0
0
0
0
0
0
0
0
0
0
0
0
0
0
0
0
0
0
0
0
0
0
0
0
0
0
0
0
0
0
0
0
0
0
0
0
0
0
0
0
0
0
0
0
0
0
0
0
0
0
0
0
0
0
0
0
0
0
0
0
0
0
0
0
0
0
0
0
0
0
0
0
0
0
0
0
0
0
0
0
0
0
0
0
0
0
0
0
0
0
0
0
0
0
0
0
0
0
0
0
0
0
0
0
0
0
0
0
0
0
0
0
0
0
0
0
0
0
0
0
0
0
0
0
0
0
0
0
0
0
0
0
0
0
0
0
0
0
0
0
0
0
0
0
0
0
0
0
0
0
0
0
0
0
0
0
0
0
0
0
0
0
0
0
0
0
0
0
0
0
0
0
0
0
0
0
0
0
0
0
0
0
0
0
0
0
0
0
0
0
0
0
0
0
0
0
0
0
0
0
0
0
0
0
0
0
0
0
0
0
0
0
0
0
0
0
0
0
0
0
0
0
0
0
0
0
0
0
0
0
0
0
0
0
0
0
0
0
0
0
0
0
0
0
0
0
0
0
0
0
0
0
0
0
0
0
0
0
0
0
0
0
0
0
0
0
0
0
0
0
0
0
0
0
0
0
0
0
0
0
0
0
0
0
0
0
0
0
0
0
0
0
0
0
0
0
0
0
0
0
0
0
0
0
0
0
0
0
0
0
0
0
0
0
0
0
0
0
0
0
0
0
0
0
0
0
0
0
0
0
0
0
0
0
0
0
0
0
0
0
0
0
0
0
0
0
0
0
0
0
0
0
0
0
0
0
0
0
0
0
0
0
0
0
0
0
0
0
0
0
0
0
0
0
0
0
0
0
0
0
0
0
0
0
0
0
0
0
0
0
0
0
0
0
0
0
0
0
0
0
0
0
0
0
0
0
0
0
0
0
0
0
0
0
0
0
0
0
0
0
0
0
0
0
0
0
0
0
0
0
0
0
0
0
0
0
0
0
0
0
0
0
0
0
0
0
0
0
0
0
0
0
0
0
0
0
0
0
0
0
0
0
0
0
0
0
0
0
0
0
0
0
0
0
0
0
0
0
0
0
0
0
0
0
0
0
0
0
0
0
0
0
0
0
0
0
0
0
0
0
0
0
0
0
0
0
0
0
0
0
0
0
0
0
0
0
0
0
0
0
0
0
0
0
0
0
0
0
0
0
0
0
0
0
0
0
0
0
0
0
0
0
0
0
0
0
0
0
0
0
0
0
0
0
0
0
0
0
0
0
0
0
0
0
0
0
0
0
0
0
0
0
0
0
0
0
0
0
0
0
0
0
0
0
0
0
0
0
0
0
0
0
0
0
0
0
0
0
0
0
0
0
0
0
0
0
0
0
0
0
0
0
0
0
0
0
0
0
0
0
0
0
0
0
0
0
0
0
0
0
0
0
0
0
0
0
0
0
0
0
0
0
0
0
0
0
0
0
0
0
0
0
0
0
0
0
0
0
0
0
0
0
0
0
0
0
0
0
0
0
0
0
0
0
0
0
0
0
0
0
0
0
0
0
0
0
0
0
0
0
0
0
0
0
0
0
0
0
0
0
0
0
0
0
0
0
0
0
0
0
0
0
0
0
0
0
0
0
0
0
0
0
0
0
0
0
0
0
0
0
0
0
0
0
0
0
0
0
0
0
0
0
0
0
0
0
0
0
0
0
0
0
0
0
0
0
0
0
0
0
0
0
0
0
0
0
0
0
0
0
0
0
0
0
0
0
0
0
0
0
0
0
0
0
0
0
0
0
0
0
0
0
0
0
0
0
0
0
0
0
0
0
0
0
0
0
0
0
0
0
0
0
0
0
0
0
0
0
0
0
0
0
0
0
0
0
0
0
0
0
0
0
0
0
0
0
0
0
0
0
0
0
0
0
0
0
0
0
0
0
0
0
0
0
0
0
0
0
0
0
0
0
0
0
0
0
0
0
0
0
0
0
0
0
0
0
0
0
0
0
0
0
0
0
0
0
0
0
0
0
0
0
0
0
0
0
0
0
0
0
0
0
0
0
0
0
0
0
0
0
0
0
0
0
0
0
0
0
0
0
0
0
0
0
0
0
0
0
0
0
0
0
0
0
0
0
0
0
0
0
0
0
0
0
0
0
0
0
0
0
0
0
0
0
0
0
0
0
0
0
0
0
0
0
0
0
0
0
0
0
0
0
0
0
0
0
0
0
0
0
0
0
0
0
0
0
0
0
0
0
0
0
0
0
0
0
0
0
0
0
0
0
0
0
0
0
0
0
0
0
0
0
0
0
0
0
0
0
0
0
0
0
0
0
0
0
0
0
0
0
0
0
0
0
0
0
0
0
0
0
0
0
0
0
0
0
0
0
0
0
0
0
0
0
0
0
0
0
0
0
0
0
0
0
0
0
0
0
0
0
0
0
0
0
0
0
0
0
0
0
0
0
0
0
0
0
0
0
0
0
0
0
0
0
0
0
0
0
0
0
0
0
0
0
0
0
0
0
0
0
0
0
0
0
0
0
0
0
0
0
0
0
0
0
0
0
0
0
0
0
0
0
0
0
0
0
0
0
0
0
0
0
0
0
0
0
0
0
0
0
0
0
0
0
0
0
0
0
0
0
0
0
0
0
0
0
0
0
0
0
0
0
0
0
0
0
0
0
0
0
0
0
0
0
0
0
0
0
0
0
0
0
0
0
0
0
0
0
0
0
0
0
0
0
0
0
0
0
0
0
0
0
0
0
0
0
0
0
0
0
0
0
0
0
0
0
0
0
0
0
0
0
0
0
0
0
0
0
0
0
0
0
0
0
0
0
0
0
0
0
0
0
0
0
0
0
0
0
0
0
0
0
0
0
0
0
0
0
0
0
0
0
0
0
0
0
0
0
0
0
0
0
0
0
0
0
0
0
0
0
0
0
0
0
0
0
0
0
0
0
0
0
0
0
0
0
0
0
0
0
0
0
0
0
0
0
0
0
0
0
0
0
0
0
0
0
0
0
0
0
0
0
0
0
0
0
0
0
0
0
0
0
0
0
0
0
0
0
0
0
0
0
0
0
0
0
0
0
0
0
0
0
0
0
0
0
0
0
0
0
0
0
0
0
0
0
0
0
0
0
0
0
0
0
0
0
0
0
0
0
0
0
0
0
0
0
0
0
0
0
0
0
0
0
0
0
0
0
0
0
0
0
0
0
0
0
0
0
0
0
0
0
0
0
0
0
0
0
0
0
0
0
0
0
0
0
0
0
0
0
0
0
0
0
0
0
0
0
0
0
0
0
0
0
0
0
0
0
0
0
0
0
0
0
0
0
0
0
0
0
0
0
0
0
0
0
0
0
0
0
0
0
0
0
0
0
0
0
0
0
0
0
0
0
0
0
0
0
0
0
0
0
0
0
0
0
0
0
0
0
0
0
0
0
0
0
0
0
0
0
0
0
0
0
0
0
0
0
0
0
0
0
0
0
0
0
0
0
0
0
0
0
0
0
0
0
0
0
0
0
0
0
0
0
0
0
0
0
0
0
0
0
0
0
0
0
0
0
0
0
0
0
0
0
0
0
0
0
0
0
0
0
0
0
0
0
0
0
0
0
0
0
0
0
0
0
0
0
0
0
0
0
0
0
0
0
0
0
0
0
0
0
0
0
0
0
0
0
0
0
0
0
0
0
0
0
0
0
0
0
0
0
0
0
0
0
0
0
0
0
0
0
0
0
0
0
0
0
0
0
0
0
0
0
0
0
0
0
0
0
0
0
0
0
0
0
0
0
0
0
0
0
0
0
0
0
0
0
0
0
0
0
0
0
0
0
0
0
0
0
0
0
0
0
0
0
0
0
0
0
0
0
0
0
0
0
0
0
0
0
0
0
0
0
0
0
0
0
0
0
0
0
0
0
0
0
0
0
0
0
0
0
0
0
0
0
0
0
0
0
0
0
0
0
0
0
0
0
0
0
0
0
0
0
0
0
0
0
0
0
0
0
0
0
0
0
0
0
0
0
0
0
0
0
0
0
0
0
0
0
0
0
0
0
0
0
0
0
0
0
0
0
0
0
0
0
0
0
0
0
0
0
0
0
0
0
0
0
0
0
0
0
0
0
0
0
0
0
0
0
0
0
0
0
0
0
0
0
0
0
0
0
0
0
0
0
0
0
0
0
0
0
0
0
0
0
0
0
0
0
0
0
0
0
0
0
0
0
0
0
0
0
0
0
0
0
0
0
0
0
0
0
0
0
0
0
0
0
0
0
0
0
0
0
0
0
0
0
0
0
0
0
0
0
0
0
0
0
0
0
0
0
0
0
0
0
0
0
0
0
0
0
0
0
0
0
0
0
0
0
0
0
0
0
0
0
0
0
0
0
0
0
0
0
0
0
0
0
0
0
0
0
0
0
0
0
0
0
0
0
0
0
0
0
0
0
0
0
0
0
0
0
0
0
0
0
0
0
0
0
0
0
0
0
0
0
0
0
0
0
0
0
0
0
0
0
0
0
0
0
0
0
0
0
0
0
0
0
0
0
0
0
0
0
0
0
0
0
0
0
0
0
0
0
0
0
0
0
0
0
0
0
0
0
0
0
0
0
0
0
0
0
0
0
0
0
0
0
0
0
0
0
0
0
0
0
0
0
0
0
0
0
0
0
0
0
0
0
0
0
0
0
0
0
0
0
0
0
0
0
0
0
0
0
0
0
0
0
0
0
0
0
0
0
0
0
0
0
0
0
0
0
0
0
0
0
0
0
0
0
0
0
0
0
0
0
0
0
0
0
0
0
0
0
0
0
0
0
0
0
0
0
0
0
0
0
0
0
0
0
0
0
0
0
0
0
0
0
0
0
0
0
0
0
0
0
0
0
0
0
0
0
0
0
0
0
0
0
0
0
0
0
0
0
0
0
0
0
0
0
0
0
0
0
0
0
0
0
0
0
0
0
0
0
0
0
0
0
0
0
0
0
0
0
0
0
0
0
0
0
0
0
0
0
0
0
0
0
0
0
0
0
0
0
0
0
0
0
0
0
0
0
0
0
0
0
0
0
0
0
0
0
0
0
0
0
0
0
0
0
0
0
0
0
0
0
0
0
0
0
0
0
0
0
0
0
0
0
0
0
0
0
0
0
0
0
0
0
0
0
0
0
0
0
0
0
0
0
0
0
0
0
0
0
0
0
0
0
0
0
0
0
0
0
0
0
0
0
0
0
0
0
0
0
0
0
0
0
0
0
0
0
0
0
0
0
0
0
0
0
0
0
0
0
0
0
0
0
0
0
0
0
0
0
0
0
0
0
0
0
0
0
0
0
0
0
0
0
0
0
0
0
0
0
0
0
0
0
0
0
0
0
0
0
0
0
0
0
0
0
0
0
0
0
0
0
0
0
0
0
0
0
0
0
0
0
0
0
0
0
0
0
0
0
0
0
0
0
0
0
0
0
0
0
0
0
0
0
0
0
0
0
0
0
0
0
0
0
0
0
0
0
0
0
0
0
0
0
0
0
0
0
0
0
0
0
0
0
0
0
0
0
0
0
0
0
0
0
0
0
0
0
0
0
0
0
0
0
0
0
0
0
0
0
0
0
0
0
0
0
0
0
0
0
0
0
0
0
0
0
0
0
0
0
0
0
0
0
0
0
0
0
0
0
0
0
0
0
0
0
0
0
0
0
0
0
0
0
0
0
0
0
0
0
0
0
0
0
0
0
0
0
0
0
0
0
0
0
0
0
0
0
0
0
0
0
0
0
0
0
0
0
0
0
0
0
0
0
0
0
0
0
0
0
0
0
0
0
0
0
0
0
0
0
0
0
0
0
0
0
0
0
0
0
0
0
0
0
0
0
0
0
0
0
0
0
0
0
0
0
0
0
0
0
0
0
0
0
0
0
0
0
0
0
0
0
0
0
0
0
0
0
0
0
0
0
0
0
0
0
0
0
0
0
0
0
0
0
0
0
0
0
0
0
0
0
0
0
0
0
0
0
0
0
0
0
0
0
0
0
0
0
0
0
0
0
0
0
0
0
0
0
0
0
0
0
0
0
0
0
0
0
0
0
0
0
0
0
0
0
0
0
0
0
0
0
0
0
0
0
0
0
0
0
0
0
0
0
0
0
0
0
0
0
0
0
0
0
0
0
0
0
0
0
0
0
0
0
0
0
0
0
0
0
0
0
0
0
0
0
0
0
0
0
0
0
0
0
0
0
0
0
0
0
0
0
0
0
0
0
0
0
0
0
0
0
0
0
0
0
0
0
0
0
0
0
0
0
0
0
0
0
0
0
0
0
0
0
0
0
0
0
0
0
0
0
0
0
0
0
0
0
0
0
0
0
0
0
0
0
0
0
0
0
0
0
0
0
0
0
0
0
0
0
0
0
0
0
0
0
0
0
0
0
0
0
0
0
0
0
0
0
0
0
0
0
0
0
0
0
0
0
0
0
0
0
0
0
0
0
0
0
0
0
0
0
0
0
0
0
0
0
0
0
0
0
0
0
0
0
0
0
0
0
0
0
0
0
0
0
0
0
0
0
0
0
0
0
0
0
0
0
0
0
0
0
0
0
0
0
0
0
0
0
0
0
0
0
0
0
0
0
0
0
0
0
0
0
0
0
0
0
0
0
0
0
0
0
0
0
0
0
0
0
0
0
0
0
0
0
0
0
0
0
0
0
0
0
0
0
0
0
0
0
0
0
0
0
0
0
0
0
0
0
0
0
0
0
0
0
0
0
0
0
0
0
0
0
0
0
0
0
0
0
0
0
0
0
0
0
0
0
0
0
0
0
0
0
0
0
0
0
0
0
0
0
0
0
0
0
0
0
0
0
0
0
0
0
0
0
0
0
0
0
0
0
0
0
0
0
0
0
0
0
0
0
0
0
0
0
0
0
0
0
0
0
0
0
0
0
0
0
0
0
0
0
0
0
0
0
0
0
0
0
0
0
0
0
0
0
0
0
0
0
0
0
0
0
0
0
0
0
0
0
0
0
0
0
0
0
0
0
0
0
0
0
0
0
0
0
0
0
0
0
0
0
0
0
0
0
0
0
0
0
0
0
0
0
0
0
0
0
0
0
0
0
0
0
0
0
0
0
0
0
0
0
0
0
0
0
0
0
0
0
0
0
0
0
0
0
0
0
0
0
0
0
0
0
0
0
0
0
0
0
0
0
0
0
0
0
0
0
0
0
0
0
0
0
0
0
0
0
0
0
0
0
0
0
0
0
0
0
0
0
0
0
0
0
0
0
0
0
0
0
0
0
0
0
0
0
0
0
0
0
0
0
0
0
0
0
0
0
0
0
0
0
0
0
0
0
0
0
0
0
0
0
0
0
0
0
0
0
0
0
0
0
0
0
0
0
0
0
0
0
0
0
0
0
0
0
0
0
0
0
0
0
0
0
0
0
0
0
0
0
0
0
0
0
0
0
0
0
0
0
0
0
0
0
0
0
0
0
0
0
0
0
0
0
0
0
0
0
0
0
0
0
0
0
0
0
0
0
0
0
0
0
0
0
0
0
0
0
0
0
0
0
0
0
0
0
0
0
0
0
0
0
0
0
0
0
0
0
0
0
0
0
0
0
0
0
0
0
0
0
0
0
0
0
0
0
0
0
0
0
0
0
0
0
0
0
0
0
0
0
0
0
0
0
0
0
0
0
0
0
0
0
0
0
0
0
0
0
0
0
0
0
0
0
0
0
0
0
0
0
0
0
0
0
0
0
0
0
0
0
0
0
0
0
0
0
0
0
0
0
0
0
0
0
0
0
0
0
0
0
0
0
0
0
0
0
0
0
0
0
0
0
0
0
0
0
0
0
0
0
0
0
0
0
0
0
0
0
0
0
0
0
0
0
0
0
0
0
0
0
0
0
0
0
0
0
0
0
0
0
0
0
0
0
0
0
0
0
0
0
0
0
0
0
0
0
0
0
0
0
0
0
0
0
0
0
0
0
0
0
0
0
0
0
0
0
0
0
0
0
0
0
0
0
0
0
0
0
0
0
0
0
0
0
0
0
0
0
0
0
0
0
0
0
0
0
0
0
0
0
0
0
0
0
0
0
0
0
0
0
0
0
0
0
0
0
0
0
0
0
0
0
0
0
0
0
0
0
0
0
0
0
0
0
0
0
0
0
0
0
0
0
0
0
0
0
0
0
0
0
0
0
0
0
0
0
0
0
0
0
0
0
0
0
0
0
0
0
0
0
0
0
0
0
0
0
0
0
0
0
0
0
0
0
0
0
0
0
0
0
0
0
0
0
0
0
0
0
0
0
0
0
0
0
0
0
0
0
0
0
0
0
0
0
0
0
0
0
0
0
0
0
0
0
0
0
0
0
0
0
0
0
0
0
0
0
0
0
0
0
0
0
0
0
0
0
0
0
0
0
0
0
0
0
0
0
0
0
0
0
0
0
0
0
0
0
0
0
0
0
0
0
0
0
0
0
0
0
0
0
0
0
0
0
0
0
0
0
0
0
0
0
0
0
0
0
0
0
0
0
0
0
0
0
0
0
0
0
0
0
0
0
0
0
0
0
0
0
0
0
0
0
0
0
0
0
0
0
0
0
0
0
0
0
0
0
0
0
0
0
0
0
0
0
0
0
0
0
0
0
0
0
0
0
0
0
0
0
0
0
0
0
0
0
0
0
0
0
0
0
0
0
0
0
0
0
0
0
0
0
0
0
0
0
0
0
0
0
0
0
0
0
0
0
0
0
0
0
0
0
0
0
0
0
0
0
0
0
0
0
0
0
0
0
0
0
0
0
0
0
0
0
0
0
0
0
0
0
0
0
0
0
0
0
0
0
0
0
0
0
0
0
0
0
0
0
0
0
0
0
0
0
0
0
0
0
0
0
0
0
0
0
0
0
0
0
0
0
0
0
0
0
0
0
0
0
0
0
0
0
0
0
0
0
0
0
0
0
0
0
0
0
0
0
0
0
0
0
0
0
0
0
0
0
0
0
0
0
0
0
0
0
0
0
0
0
0
0
0
0
0
0
0
0
0
0
0
0
0
0
0
0
0
0
0
0
0
0
0
0
0
0
0
0
0
0
0
0
0
0
0
0
0
0
0
0
0
0
0
0
0
0
0
0
0
0
0
0
0
0
0
0
0
0
0
0
0
0
0
0
0
0
0
0
0
0
0
0
0
0
0
0
0
0
0
0
0
0
0
0
0
0
0
0
0
0
0
0
0
0
0
0
0
0
0
0
0
0
0
0
0
0
0
0
0
0
0
0
0
0
0
0
0
0
0
0
0
0
0
0
0
0
0
0
0
0
0
0
0
0
0
0
0
0
0
0
0
0
0
0
0
0
0
0
0
0
0
0
0
0
0
0
0
0
0
0
0
0
0
0
0
0
0
0
0
0
0
0
0
0
0
0
0
0
0
0
0
0
0
0
0
0
0
0
0
0
0
0
0
0
0
0
0
0
0
0
0
0
0
0
0
0
0
0
0
0
0
0
0
0
0
0
0
0
0
0
0
0
0
0
0
0
0
0
0
0
0
0
0
0
0
0
0
0
0
0
0
0
0
0
0
0
0
0
0
0
0
0
0
0
0
0
0
0
0
0
0
0
0
0
0
0
0
0
0
0
0
0
0
0
0
0
0
0
0
0
0
0
0
0
0
0
0
0
0
0
0
0
0
0
0
0
0
0
0
0
0
0
0
0
0
0
0
0
0
0
0
0
0
0
0
0
0
0
0
0
0
0
0
0
0
0
0
0
0
0
0
0
0
0
0
0
0
0
0
0
0
0
0
0
0
0
0
0
0
0
0
0
0
0
0
0
0
0
0
0
0
0
0
0
0
0
0
0
0
0
0
0
0
0
0
0
0
0
0
0
0
0
0
0
0
0
0
0
0
0
0
0
0
0
0
0
0
0
0
0
0
0
0
0
0
0
0
0
0
0
0
0
0
0
0
0
0
0
0
0
0
0
0
0
0
0
0
0
0
0
0
0
0
0
0
0
0
0
0
0
0
0
0
0
0
0
0
0
0
0
0
0
0
0
0
0
0
0
0
0
0
0
0
0
0
0
0
0
0
0
0
0
0
0
0
0
0
0
0
0
0
0
0
0
0
0
0
0
0
0
0
0
0
0
0
0
0
0
0
0
0
0
0
0
0
0
0
0
0
0
0
0
0
0
0
0
0
0
0
0
0
0
0
0
0
0
0
0
0
0
0
0
0
0
0
0
0
0
0
0
0
0
0
0
0
0
0
0
0
0
0
0
0
0
0
0
0
0
0
0
0
0
0
0
0
0
0
0
0
0
0
0
0
0
0
0
0
0
0
0
0
0
0
0
0
0
0
0
0
0
0
0
0
0
0
0
0
0
0
0
0
0
0
0
0
0
0
0
0
0
0
0
0
0
0
0
0
0
0
0
0
0
0
0
0
0
0
0
0
0
0
0
0
0
0
0
0
0
0
0
0
0
0
0
0
0
0
0
0
0
0
0
0
0
0
0
0
0
0
0
0
0
0
0
0
0
0
0
0
0
0
0
0
0
0
0
0
0
0
0
0
0
0
0
0
0
0
0
0
0
0
0
0
0
0
0
0
0
0
0
0
0
0
0
0
0
0
0
0
0
0
0
0
0
0
0
0
0
0
0
0
0
0
0
0
0
0
0
0
0
0
0
0
0
0
0
0
0
0
0
0
0
0
0
0
0
0
0
0
0
0
0
0
0
0
0
0
0
0
0
0
0
0
0
0
0
0
0
0
0
0
0
0
0
0
0
0
0
0
0
0
0
0
0
0
0
0
0
0
0
0
0
0
0
0
0
0
0
0
0
0
0
0
0
0
0
0
0
0
0
0
0
0
0
0
0
0
0
0
0
0
0
0
0
0
0
0
0
0
0
0
0
0
0
0
0
0
0
0
0
0
0
0
0
0
0
0
0
0
0
0
0
0
0
0
0
0
0
0
0
0
0
0
0
0
0
0
0
0
0
0
0
0
0
0
0
0
0
0
0
0
0
0
0
0
0
0
0
0
0
0
0
0
0
0
0
0
0
0
0
0
0.490586
0.493141
0.499614
0.498531
0.494569
0.705207
0.49965
0.499239
0.485781
0.678607
0.929555
0.217474
0.497983
0.49805
0.49479
0.5
0.0362164
0.497723
0.5
0.493773
0.494464
0.401826
0.0362917
0.5
0.497567
0.499975
0.499941
0.5
0.172761
0.5
0.5
0.499908
0.175271
0.526144
0.499881
0.5
0.0376792
0.5
0.499919
0.401045
0.0377543
0.499954
0.627666
0.0376829
0.638122
0.499726
0.269006
0.500122
0.381175
0.488418
0.461463
0.333086
0.489299
0.126793
0.489863
0.489715
0.489703
0.190334
0.489954
0.129041
0.0316535
0.488425
0.489734
0.490028
0.255531
0.489976
0.49002
0.260199
0.178954
0.489972
0.334232
0.068774
0.5
0.452078
0.5
0.464412
0.0316012
0.329448
0.13514
0.5
0.5
0.5
0.499999
0.372468
0.101282
0.496838
0.103975
0.35221
0.10416
0.0714177
0.104616
0.0257294
0.0272246
0.497911
0.49984
0.498026
0.480445
0.496286
0.152678
0.104521
0.5
0.5
0.141282
0.499984
0.139613
0.100699
0.0260719
0.5
0.496834
0.498702
0.497871
0.499853
0.499997
0.167614
0.0917482
0.497871
0.499997
0.499992
0.0650772
0.071278
0.354898
0.499978
0.348694
0.134445
0.5
0.5
0.479213
0.106802
0.0970968
0.5
0.112343
0.428392
0.382732
0.0989759
0.344247
0.282225
0.142198
0.5
0.5
0.5
0.5
0.5
0.5
0.499965
0.5
0.5
0.5
0.499855
0.104944
0.484959
0.105332
0.105607
0.101267
0.5
0.5
0.157475
0.104717
0.0995791
0.0260836
0.5
0.498987
0.104538
0.499959
0.104723
0.104972
0.0611559
0.499908
0.104793
0.0858037
0.358331
0.0372885
0.0347706
0.5
0.5
0.0970969
0.5
0.435591
0.588153
0.386149
0.0989759
0.344246
0.341215
0.142198
0.5
0.5
0.499937
0.5
0.5
0.49998
0.48983
0.5
0.5
0.490239
0.366924
0.5
0.146188
0.489405
0.490503
0.0273797
0.5
0.571082
0.489903
0.535483
0.742857
0.160817
0.386147
0.490311
0.419244
0.115577
0.186329
0.621443
0.610171
0.49784
0.0846414
0.5
0.5
0.39663
0.0371749
0.0349056
0.5
0.497588
0.084326
0.0369719
0.0257648
0.497852
0.0845855
0.512069
0.0371054
0.0349294
0.5
0.0266152
0.0763588
0.0961134
0.077425
0.467936
0.0967997
0.0964904
0.0350358
0.0348624
0.467935
0.0974141
0.0975293
0.478146
0.0349621
0.0349694
0.0754316
0.0869812
0.478138
0.477098
0.477261
0.162747
0.139271
0.360336
0.10421
0.415539
0.429453
0.471189
0.499866
0.475666
0.165754
0.288977
0.0371348
0.0941774
0.5
0.5
0.497496
0.499976
0.498939
0.494703
0.499743
0.499783
0.5
0.0952607
0.5
0.034937
0.49621
0.490682
0.487839
0.0268975
0.5
0.5
0.154661
0.142918
0.5
0.496416
0.364518
0.325837
0.494413
0.499863
0.499771
0.465601
0.476951
0.485783
0.493222
0.493123
0.499565
0.355251
0.0950636
0.5
0.5
0.5
0.5
0.5
0.0927709
0.495478
0.487889
0.488974
0.383903
0.350178
0.180122
0.145006
0.499403
0.49089
0.489672
0.499928
0.49985
0.499872
0.5
0.143063
0.5
0.5
0.142778
0.137488
0.5
0.499927
0.499866
0.499872
0.473852
0.484003
0.0668413
0.143672
0.5
0.5
0.0695663
0.0815601
0.0385834
0.093827
0.5
0.5
0.499853
0.499751
0.49979
0.5
0.0948922
0.5
0.5
0.156455
0.142924
0.5
0.499842
0.499878
0.499786
0.641906
0.669706
0.352254
0.0953461
0.0428107
0.0941939
0.5007
0.5
0.499849
0.484133
0.48823
0.5
0.0886742
0.632503
0.142457
0.130515
0.499855
0.477446
0.477463
0.173175
0.5
0.0770912
0.0972752
0.0332186
0.0330703
0.097832
0.261468
0.489833
0.275922
0.0745259
0.274795
0.401728
0.255598
0.0320334
0.0978744
0.0777018
0.332839
0.131674
0.0961404
0.0919573
0.392115
0.221626
0.271834
0.465683
0.260244
0.0328588
0.271757
0.447899
0.227005
0.344678
0.132645
0.126673
0.0320396
0.0925517
0.27417
0.488314
0.272134
0.0285232
0.5
0.499998
0.0973426
0.0332846
0.129136
0.0326637
0.0984413
0.0983784
0.275155
0.489949
0.275487
0.0952039
0.0311199
0.023753
0.0260824
0.275659
0.489901
0.275293
0.263543
0.10754
0.215463
0.27554
0.489711
0.274899
0.0247957
0.467757
0.467842
0.0311294
0.494242
0.107905
0.469658
0.112832
0.0317656
0.0299316
0.0248405
0.0264357
0.0868732
0.222904
0.447981
0.251004
0.470533
0.11031
0.479214
0.0754562
0.251276
0.470461
0.110343
0.478988
0.223
0.446555
0.0319959
0.498363
0.49965
0.536245
0.5
0.5
0.474643
0.476347
0.473835
0.476265
0.495587
0.5
0.495543
0.395199
0.0268852
0.496869
0.343883
0.489652
0.451973
0.104869
0.467009
0.169865
0.0255755
0.235102
0.466654
0.102836
0.417353
0.124091
0.45862
0.499857
0.457335
0.347383
0.345205
0.481842
0.499532
0.479567
0.0981662
0.416469
0.498138
0.116228
0.461162
0.380446
0.400897
0.499632
0.491332
0.480697
0.457655
0.422165
0.349303
0.230988
0.345216
0.128434
0.131665
0.5
0.5
0.5
0.5
0.5
0.491337
0.137493
0.491814
0.499987
0.498671
0.498615
0.0252332
0.0940947
0.269808
0.0989736
0.250792
0.5
0.356329
0.49883
0.354962
0.497863
0.499997
0.499997
0.499859
0.499997
0.5
0.0314064
0.0302574
0.0236078
0.0258156
0.5
0.499997
0.5
0.0299396
0.0348138
0.4968
0.351741
0.498768
0.5
0.499827
0.49985
0.133751
0.5
0.5
0.473451
0.0353042
0.0933827
0.025255
0.468677
0.274414
0.487494
0.470932
0.259435
0.490756
0.346506
0.107879
0.249322
0.101685
0.254669
0.268769
0.493116
0.493296
0.493688
0.499065
0.458474
0.466239
0.49133
0.137818
0.492348
0.524571
0.450764
0.472095
0.464349
0.129705
0.493895
0.101377
0.418229
0.0800254
0.134416
0.5
0.5
0.5
0.5
0.5
0.5
0.5
0.5
0.5
0.5
0.5
0.462392
0.490854
0.448721
0.0710709
0.321165
0.473634
0.110362
0.206774
0.246526
0.455716
0.233192
0.28432
0.469696
0.458256
0.465209
0.241044
0.476984
0.214819
0.442542
0.31692
0.0972313
0.282038
0.5
0.5
0.5
0.5
0.5
0.495298
0.136168
0.482469
0.467204
0.103798
0.465314
0.0252562
0.0933742
0.250508
0.0989875
0.2493
0.5
0.360131
0.489752
0.347609
0.0277054
0.126242
0.499959
0.490987
0.491039
0.466969
0.104922
0.467309
0.499959
0.485527
0.490999
0.467163
0.104912
0.467281
0.4989
0.337822
0.484027
0.5
0.5
0.5
0.5
0.5
0.0933833
0.0252552
0.264402
0.430667
0.165685
0.346516
0.10788
0.59297
0.616827
0.471926
0.616111
0.581825
0.756514
0.134416
0.5
0.5
0.5
0.5
0.5
0.5
0.5
0.5
0.5
0.5
0.0800787
0.0710323
0.316554
0.103913
0.284081
0.5
0.5
0.5
0.5
0.5
0.071208
0.102114
0.281996
0.490309
0.281795
0.5
0.101955
0.0702646
0.0253287
0.0988052
0.283072
0.466759
0.280425
0.5
0.5
0.5
0.102125
0.071202
0.146196
0.076421
0.5
0.341185
0.782686
0.280877
0.347462
0.113761
0.281829
0.490543
0.285335
0.796871
0.859057
0.628467
0.146078
0.744629
0.158197
0.136177
0.615486
0.621302
0.128756
0.5
0.5
0.5
0.5
0.5
0.497852
0.351158
0.484202
0.5
0.117298
0.401419
0.484061
0.349491
0.116245
0.383383
0.0270254
0.393122
0.431743
0.0367388
0.41807
0.396689
0.484167
0.351202
0.432105
0.0370591
0.431896
0.5
0.0697478
0.0301855
0.418777
0.418977
0.3919
0.422969
0.0695583
0.0301353
0.436163
0.430916
0.410015
0.429746
0.0696179
0.0301596
0.102701
0.109892
0.455141
0.483707
0.455287
0.48352
0.384771
0.384121
0.435813
0.349698
0.499996
0.0800775
0.0323241
0.112726
0.112234
0.113106
0.112204
0.126641
0.125815
0.2184
0.113104
0.112201
0.111286
0.112375
0.10204
0.109177
0.107949
0.0859067
0.102016
0.109167
0.113107
0.112203
0.103875
0.0850672
0.384749
0.384121
0.349687
0.435798
0.422932
0.433461
0.40986
0.425774
0.0346515
0.122192
0.170196
0.387999
0.375
0.390948
0.375
0.4367
0.436424
0.412273
0.431817
0.388
0.375
0.375
0.390952
0.436735
0.436425
0.412289
0.43183
0.188242
0.167611
0.499704
0.497991
0.497873
0.499765
0.148315
0.140369
0.499572
0.497985
0.49802
0.499591
0.0274924
0.202552
0.497395
0.499845
0.469569
0.261984
0.402773
0.395614
0.5
0.5
0.5
0.5
0.49811
0.499914
0.499916
0.493122
0.499769
0.49965
0.5
0.5
0.5
0.196688
0.171172
0.499775
0.49792
0.497887
0.499819
0.499769
0.497831
0.497862
0.499775
0.498043
0.499635
0.499853
0.0247474
0.499831
0.498015
0.497693
0.499853
0.5
0.5
0.5
0.5
0.148933
0.141422
0.499133
0.492387
0.494
0.499081
0.5
0.5
0.5
0.496227
0.494985
0.492394
0.492683
0.499502
0.499236
0.5
0.5
0.5
0.5
0.5
0.5
0.5
0.5
0.5
0.5
0.5
0.5
0.5
0.5
0.5
0.5
0.5
0.5
0.5
0.499573
0.499176
0.148935
0.142369
0.499977
0.499644
0.499849
0.499984
0.499974
0.499921
0.499919
0.499994
0.499995
0.5
0.5
0.5
0.5
0.49956
0.193413
0.196679
0.172736
0.499195
0.499756
0.499817
0.49906
0.5
0.5
0.5
0.5
0.5
0.5
0.5
0.5
0.11108
0.109992
0.0245778
0.113313
0.0375192
0.112702
0.5
0.5
0.5
0.5
0.14922
0.143158
0.499941
0.499992
0.499896
0.499996
0.5
0.5
0.5
0.499993
0.49995
0.499997
0.197438
0.541402
0.5
0.517906
0.5
0.74288
0.540095
0.594893
0.653479
0.5
0.5
0.5
0.5
0.5
0.5
0.5
0.5
0.5
0.612763
0.57052
0.0329533
0.149027
0.143011
0.499849
0.499971
0.499898
0.499903
0.5
0.5
0.5
0.5
0.499988
0.499988
0.499999
0.5
0.5
0.5
0.5
0.5
0.5
0.5
0.5
0.5
0.5
0.5
0.14922
0.143158
0.499941
0.499992
0.499896
0.499996
0.5
0.5
0.5
0.499992
0.499983
0.499999
0.171976
0.441652
0.198351
0.550991
0.5
0.5
0.524974
0.563608
0.5
0.5
0.565501
0.180282
0.163316
0.5
0.5
0.5
0.5
0.499971
0.499903
0.49988
0.55967
0.755717
0.61937
0.36327
0.329114
0.499927
0.499993
0.499983
0.499968
0.568691
0.600697
0.742897
0.5
0.181547
0.165029
0.499503
0.499768
0.499786
0.499167
0.673348
0.812275
0.864517
0.49979
0.499154
0.499228
0.329287
0.500122
0.5
0.5
0.223316
0.312203
0.417727
0.400614
0.3549
0.114772
0.136694
0.312076
0.4177
0.354842
0.40056
0.112998
0.130751
0.273352
0.336334
0.133098
0.303936
0.42468
0.406065
0.353557
0.387581
0.442283
0.399112
0.435518
0.379124
0.462903
0.42864
0.407131
0.464212
0.48995
0.490115
0.463754
0.427793
0.460835
0.474883
0.399718
0.441702
0.484423
0.459633
0.13195
0.488495
0.274111
0.418328
0.418928
0.422637
0.391803
0.234964
0.209537
0.323557
0.12774
0.0696383
0.0301831
0.234844
0.209479
0.127682
0.323481
0.463702
0.48587
0.461095
0.224022
0.211972
0.418556
0.422836
0.424525
0.391964
0.241193
0.234503
0.348398
0.133663
0.495393
0.489541
0.478509
0.497398
0.375662
0.282003
0.290501
0.393655
0.377024
0.290471
0.291428
0.404378
0.11196
0.0696478
0.0301895
0.0808343
0.0326115
0.106303
0.110333
0.274833
0.44246
0.227253
0.368844
0.468827
0.440135
0.425656
0.0318114
0.463358
0.48924
0.368783
0.468819
0.425642
0.4401
0.463283
0.488633
0.123128
0.328776
0.129818
0.194342
0.107085
0.296746
0.0396467
0.332284
0.343542
0.328125
0.334714
0.33229
0.343409
0.328125
0.334583
0.5
0.5
0.5
0.5
0.464054
0.489963
0.464014
0.0321048
0.479998
0.262166
0.455051
0.483626
0.483438
0.455197
0.128024
0.0698714
0.210039
0.0302653
0.12801
0.0698461
0.03024
0.210002
0.365046
0.365045
0.39022
0.347605
0.220061
0.103501
0.453105
0.414227
0.273491
0.336928
0.133391
0.265681
0.282495
0.350851
0.255454
0.113087
0.134983
0.36062
0.295668
0.291245
0.382468
0.364454
0.302073
0.39883
0.292437
0.464399
0.489797
0.464036
0.489925
0.364546
0.302197
0.292685
0.398876
0.364598
0.306858
0.400163
0.293585
0.464457
0.489832
0.464062
0.489976
0.378313
0.317775
0.328874
0.404486
0.379102
0.462887
0.428491
0.407136
0.428119
0.460248
0.474772
0.399663
0.276065
0.490006
0.275937
0.113957
0.112614
0.177767
0.0940569
0.107055
0.0939943
0.106928
0.113029
0.112052
0.116566
0.112956
0.261963
0.0680634
0.115441
0.494782
0.489492
0.478117
0.49733
0.0946946
0.107669
0.421271
0.48183
0.421972
0.480986
0.464506
0.489826
0.464083
0.275869
0.489973
0.275665
0.113019
0.112035
0.0939663
0.106421
0.0941113
0.107112
0.358554
0.242672
0.343559
0.0649398
0.154159
0.148597
0.489535
0.489128
0.452718
0.497216
0.0354687
0.419549
0.485171
0.433871
0.481146
0.464484
0.489823
0.464072
0.132252
0.488362
0.273197
0.112765
0.112254
0.229899
0.230713
0.331588
0.131303
0.35866
0.277661
0.286155
0.375341
0.364447
0.302075
0.398825
0.292439
0.0718447
0.0322873
0.463289
0.489776
0.463434
0.489326
0.364538
0.302198
0.292682
0.398871
0.363939
0.297451
0.397104
0.291381
0.462491
0.489708
0.489024
0.463279
0.06645
0.0815601
0.0303652
0.493249
0.493052
0.468287
0.498067
0.369194
0.286807
0.253123
0.395757
0.295092
0.109102
0.112802
0.294806
0.0802606
0.0323664
0.113031
0.112055
0.110437
0.111474
0.332282
0.343542
0.33471
0.328125
0.332287
0.343577
0.328125
0.334747
0.5
0.5
0.5
0.5
0.5
0.5
0.5
0.5
0.155001
0.0318184
0.0276516
0.255445
0.416355
0.35691
0.340252
0.366157
0.439157
0.403771
0.396695
0.0994452
0.10781
0.112045
0.128224
0.430052
0.469882
0.476405
0.413406
0.384807
0.38481
0.436826
0.349729
0.0275727
0.44958
0.157088
0.3514
0.420509
0.388894
0.377241
0.378683
0.3088
0.412072
0.293964
0.10993
0.111741
0.375193
0.315553
0.312856
0.413477
0.0983274
0.0981484
0.12823
0.0735884
0.113978
0.0234938
0.117512
0.140522
0.0314907
0.0811783
0.11379
0.495356
0.5
0.495415
0.375
0.375
0.375
0.375
0.419274
0.458331
0.47658
0.408468
0.5
0.5
0.5
0.5
0.5
0.5
0.5
0.5
0.419248
0.458319
0.408455
0.476554
0.375
0.375
0.375
0.375
0.495358
0.5
0.495416
0.375
0.375
0.375
0.375
0.419263
0.458323
0.476564
0.408464
0.5
0.5
0.5
0.5
0.5
0.5
0.5
0.5
0.419243
0.458307
0.408448
0.476543
0.4152
0.479864
0.421776
0.464966
0.498726
0.494592
0.498795
0.494462
0.436386
0.436387
0.431575
0.412207
0.377274
0.377254
0.374995
0.383181
0.388004
0.375
0.390943
0.375
0.393219
0.396041
0.431706
0.374973
0.5
0.5
0.5
0.494532
0.5
0.495335
0.436388
0.436386
0.431581
0.412207
0.489737
0.489113
0.453274
0.497199
0.384459
0.380695
0.412149
0.374891
0.345197
0.307082
0.319657
0.34153
0.150652
0.370826
0.148868
0.40929
0.0259603
0.0690815
0.49982
0.498059
0.4998
0.498008
0.286305
0.104331
0.285865
0.104615
0.166311
0.152087
0.0748253
0.02724
0.465734
0.036152
0.317188
0.499536
0.497985
0.499597
0.497921
0.286786
0.104458
0.28615
0.104847
0.498848
0.488086
0.493492
0.497042
0.286909
0.104423
0.104881
0.286093
0.457503
0.361805
0.463832
0.283977
0.104535
0.28597
0.323193
0.104695
0.46597
0.286347
0.104298
0.285646
0.066671
0.0986711
0.332004
0.074738
0.497028
0.499769
0.499286
0.499842
0.455821
0.454782
0.497713
0.499918
0.0275679
0.487332
0.420028
0.497512
0.499278
0.137769
0.369804
0.15407
0.374807
0.335396
0.281911
0.337394
0.0825231
0.169034
0.470191
0.494799
0.480862
0.49168
0.164586
0.152199
0.5
0.5
0.5
0.5
0.5
0.5
0.5
0.5
0.5
0.5
0.5
0.5
0.5
0.5
0.360221
0.148164
0.372617
0.499986
0.499984
0.499985
0.134595
0.491555
0.490897
0.0660998
0.0970875
0.245969
0.5
0.5
0.5
0.0822592
0.464762
0.152403
0.465118
0.132249
0.490529
0.499099
0.494199
0.49871
0.351902
0.351502
0.499855
0.49799
0.499863
0.497945
0.499768
0.497823
0.499775
0.497851
0.499775
0.497847
0.499781
0.497879
0.498676
0.486776
0.493132
0.495758
0.497865
0.499772
0.499772
0.499853
0.499985
0.499988
0.5
0.499997
0.5
0.123003
0.0672405
0.113066
0.0844937
0.0656634
0.089725
0.0789086
0.0670853
0.5
0.499997
0.5
0.0845737
0.0249735
0.458996
0.366646
0.466694
0.347599
0.49863
0.498631
0.49984
0.498035
0.499855
0.497767
0.0702267
0.0265878
0.335097
0.113966
0.172933
0.302735
0.5
0.5
0.5
0.5
0.5
0.5
0.5
0.5
0.5
0.5
0.5
0.5
0.5
0.5
0.5
0.417771
0.492965
0.443129
0.244749
0.0260845
0.0661376
0.499481
0.492697
0.49928
0.494466
0.132401
0.135132
0.499822
0.499985
0.499985
0.499834
0.14462
0.138169
0.499842
0.499987
0.499848
0.499986
0.133112
0.134514
0.159052
0.165738
0.373008
0.372007
0.489253
0.397804
0.420349
0.431374
0.338115
0.111879
0.27402
0.5
0.5
0.5
0.5
0.5
0.5
0.5
0.5
0.5
0.5
0.5
0.5
0.5
0.5
0.5
0.5
0.5
0.5
0.5
0.5
0.5
0.5
0.5
0.5
0.5
0.5
0.5
0.5
0.5
0.5
0.5
0.5
0.5
0.5
0.5
0.5
0.5
0.5
0.499478
0.496129
0.499165
0.497641
0.498732
0.494599
0.498799
0.494478
0.499998
0.5
0.5
0.5
0.5
0.5
0.5
0.5
0.5
0.49895
0.499718
0.499096
0.467182
0.0946079
0.424072
0.421961
0.492032
0.0297576
0.286405
0.158806
0.16027
0.287835
0.160616
0.0312887
0.253732
0.279842
0.294724
0.499768
0.498985
0.499895
0.498282
0.133976
0.135748
0.499834
0.499984
0.499986
0.499844
0.164815
0.154084
0.136262
0.140337
0.5
0.5
0.5
0.5
0.5
0.5
0.5
0.5
0.5
0.5
0.5
0.385393
0.171338
0.407736
0.286686
0.10466
0.286575
0.256596
0.0991983
0.255832
0.0661391
0.0971046
0.244736
0.499621
0.0339248
0.172932
0.165421
0.172754
0.0327946
0.492949
0.499097
0.49422
0.465898
0.0720693
0.326377
0.499493
0.499788
0.499305
0.499783
0.0327858
0.172577
0.113162
0.0370465
0.5
0.5
0.5
0.5
0.183242
0.0413271
0.114294
0.515266
0.199306
0.52916
0.194668
0.5
0.5
0.5
0.5
0.499575
0.497801
0.499607
0.497531
0.5
0.5
0.5
0.5
0.499841
0.49886
0.499776
0.499372
0.499959
0.49977
0.49977
0.286557
0.104443
0.286126
0.467322
0.105064
0.467431
0.104319
0.108513
0.107744
0.0694873
0.112172
0.499951
0.49954
0.499724
0.452932
0.10492
0.467309
0.116928
0.114014
0.0936268
0.067005
0.417018
0.306073
0.412554
0.306471
0.408151
0.305272
0.303967
0.409925
0.0903557
0.0671154
0.462028
0.366393
0.466596
0.113524
0.0316157
0.113306
0.0248223
0.5
0.5
0.5
0.5
0.5
0.5
0.5
0.5
0.5
0.5
0.5
0.5
0.5
0.5
0.244749
0.0260846
0.0661379
0.499976
0.499993
0.499999
0.499911
0.132401
0.135132
0.499822
0.499985
0.499985
0.499834
0.145067
0.140185
0.481707
0.445232
0.488395
0.440493
0.270489
0.173519
0.401114
0.420609
0.431566
0.338116
0.111879
0.274021
0.134418
0.567554
0.5
0.580802
0.5
0.547225
0.5
0.520128
0.5
0.5
0.5
0.5
0.5
0.5
0.5
0.5
0.5
0.5
0.5
0.5
0.5
0.5
0.5
0.499478
0.496131
0.499166
0.497642
0.498791
0.494925
0.498983
0.494523
0.499998
0.563688
0.56254
0.5
0.5
0.5
0.499999
0.5
0.5
0.0326513
0.284246
0.412113
0.303465
0.499755
0.499964
0.499849
0.499871
0.134421
0.140877
0.294722
0.107307
0.291236
0.109275
0.16474
0.15406
0.0764309
0.0280474
0.5
0.5
0.5
0.5
0.5
0.5
0.5
0.5
0.5
0.5
0.465218
0.4903
0.465219
0.197306
0.489902
0.281025
0.5
0.5
0.5
0.281897
0.35773
0.194294
0.5
0.5
0.5
0.5
0.256068
0.280558
0.499831
0.498345
0.499784
0.498435
0.499841
0.498837
0.499767
0.499376
0.0667975
0.39728
0.27015
0.5
0.5
0.5
0.5
0.570424
0.5
0.5
0.5
0.5
0.5
0.5
0.5
0.5
0.5
0.5
0.5
0.5
0.5
0.499976
0.499993
0.499999
0.499911
0.499822
0.499959
0.499982
0.499828
0.14491
0.140063
0.499832
0.49996
0.499832
0.499983
0.132782
0.134864
0.5
0.5
0.5
0.871868
0.858459
0.962722
0.738952
0.235241
0.401115
0.420609
0.431575
0.342422
0.49134
0.30103
0.152496
0.621911
0.793975
0.794471
0.562886
0.5
0.565116
0.5
0.550861
0.497126
0.49957
0.52507
0.618854
0.769666
0.786977
0.451045
0.0347571
0.327199
0.215823
0.0339613
0.0784208
0.144072
0.5
0.5
0.5
0.5
0.5
0.5
0.5
0.5
0.5
0.5
0.479078
0.41484
0.486918
0.31104
0.0845733
0.45087
0.5
0.5
0.5
0.0332194
0.493989
0.499662
0.498183
0.450516
0.0347554
0.308908
0.680821
0.499999
0.499996
0.635755
0.148786
0.0541875
0.499679
0.498126
0.499732
0.497812
0.300686
0.123307
0.110985
0.330194
0.172423
0.112938
0.574827
0.600679
0.746394
0.5
0.499591
0.499767
0.499168
0.499807
0.145114
0.140873
0.0330489
0.5
0.553474
0.549712
0.5
0.5
0.5
0.5
0.0915531
0.0688018
0.0258225
0.0931546
0.0817633
0.096773
0.0978942
0.0346531
0.209698
0.234815
0.127701
0.323546
0.0697848
0.0302226
0.209798
0.234997
0.323607
0.127912
0.414503
0.299944
0.351771
0.389104
0.418692
0.418677
0.423196
0.391123
0.414376
0.299728
0.389018
0.351152
0.209324
0.234722
0.1276
0.32328
0.0695753
0.0301523
0.209337
0.234641
0.32326
0.12758
0.458091
0.417206
0.406366
0.477147
0.436316
0.431547
0.430065
0.410819
0.458335
0.419401
0.477482
0.407871
0.0946852
0.10715
0.0684691
0.248446
0.090934
0.187248
0.0963798
0.384812
0.384804
0.436827
0.34973
0.438873
0.490363
0.474241
0.478179
0.343577
0.33229
0.328125
0.334749
0.413566
0.476345
0.436839
0.0970331
0.0970532
0.385908
0.266589
0.38596
0.266624
0.424683
0.43631
0.467874
0.364724
0.343573
0.33229
0.334742
0.328125
0.413565
0.476344
0.436838
0.102047
0.109184
0.0939972
0.106436
0.113025
0.112042
0.0940237
0.106943
0.103898
0.0850191
0.0355694
0.230419
0.229899
0.131264
0.331432
0.101772
0.108983
0.27725
0.358462
0.375111
0.285829
0.0940906
0.107091
0.0940846
0.107063
0.322776
0.383148
0.33359
0.423246
0.117388
0.113727
0.311754
0.382187
0.420324
0.298059
0.302196
0.364542
0.292681
0.398875
0.113025
0.112043
0.302072
0.364462
0.398832
0.292434
0.0966029
0.301927
0.381276
0.296014
0.415053
0.104438
0.0848976
0.289186
0.352228
0.406452
0.247927
0.277691
0.358606
0.286174
0.375181
0.0802928
0.0323833
0.230769
0.229908
0.331455
0.131362
0.11374
0.112463
0.0940585
0.107071
0.113025
0.112046
0.0962959
0.0965923
0.0940023
0.10693
0.294127
0.352644
0.249292
0.408386
0.123851
0.127142
0.218434
0.317588
0.382437
0.419764
0.332576
0.0939706
0.106412
0.0940691
0.107058
0.0355937
0.384812
0.384803
0.436825
0.349729
0.343577
0.332287
0.328125
0.334747
0.0668351
0.029988
0.0353114
0.343565
0.332278
0.334731
0.328125
0.438846
0.490347
0.474224
0.118582
0.235519
0.297367
0.0916679
0.439708
0.421185
0.419463
0.424112
0.413922
0.376342
0.375208
0.399839
0.0343813
0.471238
0.395337
0.375
0.419785
0.377209
0.446177
0.494462
0.477513
0.486026
0.375
0.376568
0.375
0.378777
0.375
0.387999
0.390958
0.375
0.418728
0.483926
0.440045
0.47726
0.375
0.375
0.375
0.375
0.419461
0.485779
0.445735
0.395336
0.375
0.419784
0.377209
0.446174
0.494461
0.477511
0.486023
0.375
0.376568
0.375
0.378777
0.375
0.388
0.390948
0.375
0.375
0.374998
0.374998
0.375
0.43274
0.416603
0.393615
0.471832
0.387999
0.375
0.390948
0.375
0.458403
0.419279
0.408496
0.476589
0.436748
0.436717
0.432075
0.412346
0.418606
0.483807
0.439939
0.418729
0.483922
0.440027
0.432741
0.416603
0.393615
0.471833
0.388
0.375
0.390952
0.375
0.432745
0.416603
0.471833
0.393619
0.458505
0.41998
0.408564
0.477639
0.436768
0.436555
0.432095
0.412183
0.458488
0.419964
0.477624
0.408546
0.42921
0.475228
0.397831
0.489302
0.499468
0.492408
0.497162
0.497166
0.17979
0.163471
0.372714
0.461099
0.358592
0.46994
0.499593
0.497987
0.498028
0.499613
0.498132
0.490815
0.498111
0.490929
0.180383
0.439543
0.0930183
0.493858
0.483475
0.499921
0.49939
0.18446
0.491314
0.484734
0.464964
0.495629
0.5
0.5
0.5
0.5
0.5
0.5
0.493124
0.499764
0.49964
0.5
0.5
0.5
0.439433
0.475524
0.401459
0.491901
0.0728024
0.0304439
0.497966
0.491019
0.498236
0.0901274
0.0668343
0.202397
0.421804
0.185196
0.446926
0.0346311
0.499234
0.481632
0.495339
0.492028
0.5
0.5
0.5
0.5
0.5
0.5
0.5
0.5
0.5
0.5
0.5
0.5
0.5
0.5
0.373939
0.462186
0.360344
0.471398
0.144165
0.136613
0.49887
0.489955
0.495307
0.49403
0.499734
0.499961
0.499758
0.499846
0.169423
0.158511
0.497214
0.492692
0.4514
0.331889
0.457266
0.492674
0.499521
0.499247
0.499758
0.499956
0.499779
0.173556
0.405032
0.148923
0.494762
0.496099
0.499164
0.499866
0.0398721
0.5
0.5
0.5
0.5
0.5
0.5
0.5
0.5
0.5
0.5
0.5
0.5
0.5
0.5
0.5
0.5
0.5
0.5
0.5
0.5
0.5
0.5
0.5
0.5
0.499993
0.499999
0.499998
0.5
0.5
0.5
0.5
0.5
0.5
0.5
0.5
0.5
0.5
0.0257345
0.49935
0.498353
0.496277
0.492692
0.155871
0.403222
0.167532
0.373754
0.46278
0.361854
0.470547
0.144695
0.138058
0.499736
0.495026
0.499313
0.497344
0.205215
0.498275
0.490859
0.498265
0.499993
0.499995
0.5
0.499934
0.499987
0.499994
0.203954
0.499629
0.494884
0.171787
0.439418
0.478258
0.40459
0.49189
0.174184
0.139957
0.499691
0.49999
0.499937
0.499941
0.494971
0.471334
0.492808
0.479554
0.5
0.5
0.5
0.5
0.5
0.499998
0.5
0.499998
0.023776
0.0878019
0.0647438
0.301153
0.404974
0.299081
0.406978
0.111939
0.111929
0.302941
0.414705
0.409998
0.303648
0.118155
0.11437
0.107505
0.112001
0.0956106
0.0677362
0.0811138
0.107319
0.0815568
0.111486
0.5
0.5
0.5
0.5
0.5
0.5
0.5
0.5
0.5
0.5
0.5
0.374442
0.465161
0.363767
0.471718
0.499315
0.492792
0.498995
0.494353
0.147383
0.143291
0.499993
0.499993
0.499999
0.499915
0.499989
0.499994
0.499946
0.499989
0.499995
0.177186
0.411189
0.149944
0.554941
0.5
0.5
0.560472
0.769607
0.597644
0.609581
0.744928
0.5
0.545465
0.519894
0.5
0.5
0.5
0.5
0.5
0.563693
0.566255
0.0299245
0.0740555
0.373939
0.464657
0.363412
0.47071
0.144716
0.138009
0.499593
0.494996
0.499293
0.497205
0.0392271
0.5
0.5
0.5
0.5
0.5
0.5
0.5
0.5
0.5
0.5
0.499985
0.499987
0.499999
0.499871
0.499978
0.499988
0.499895
0.499981
0.49999
0.0399631
0.393694
0.736174
0.347381
0.82833
0.0725364
0.5
0.499999
0.5
0.5
0.5
0.5
0.5
0.5
0.5
0.5
0.5
0.5
0.5
0.5
0.5
0.5
0.5
0.5
0.499313
0.492778
0.498993
0.494337
0.169606
0.158566
0.5
0.5
0.5
0.499985
0.499973
0.499998
0.499941
0.499989
0.499995
0.499885
0.499981
0.49999
0.180506
0.430506
0.160425
0.0399148
0.563109
0.499996
0.5
0.562571
0.412465
0.398185
0.380804
0.426912
0.0861122
0.0912171
0.5
0.5
0.5
0.5
0.5
0.5
0.499972
0.499951
0.499922
0.498165
0.484392
0.497434
0.62805
0.5
0.559701
0.0385573
0.841939
0.939122
0.786611
0.974147
0.560496
0.5
0.5
0.560677
0.670281
0.80516
0.860446
0.420968
0.476319
0.395122
0.488154
0.49933
0.493735
0.499108
0.495811
0.146587
0.499835
0.499618
0.499483
0.494469
0.470739
0.492851
0.494924
0.470709
0.493083
0.264494
0.5
0.5
0.5
0.0915969
0.0689192
0.0258961
0.265794
0.249541
0.18798
0.350319
0.0837413
0.0320935
0.265652
0.24947
0.187784
0.350265
0.083283
0.0320109
0.0781372
0.0320928
0.240324
0.22935
0.132578
0.344778
0.0345826
0.345681
0.26412
0.241128
0.381455
0.295019
0.109076
0.112759
0.294753
0.399299
0.272975
0.27486
0.398198
0.329479
0.105129
0.166916
0.28403
0.381405
0.271283
0.395347
0.489151
0.464089
0.463416
0.274186
0.399644
0.398597
0.414282
0.299758
0.388951
0.351611
0.418245
0.418637
0.422866
0.391048
0.414159
0.299608
0.388898
0.35101
0.299944
0.414429
0.351288
0.389127
0.209508
0.234893
0.323514
0.127702
0.0696138
0.0301586
0.209468
0.234841
0.323466
0.12768
0.299731
0.414371
0.351153
0.38903
0.399067
0.272565
0.396984
0.414211
0.299627
0.388834
0.351211
0.418599
0.423272
0.424817
0.392055
0.414187
0.299527
0.388795
0.35116
0.304391
0.425202
0.353756
0.407607
0.487816
0.420032
0.481646
0.444246
0.490302
0.488112
0.45263
0.497031
0.483204
0.422006
0.48145
0.42289
0.399116
0.443787
0.402562
0.440574
0.403197
0.47548
0.418255
0.455304
0.0831331
0.0947315
0.107233
0.0683671
0.24839
0.0908906
0.187099
0.0970086
0.314018
0.349996
0.265502
0.403862
0.0280711
0.397424
0.273134
0.31396
0.349996
0.265534
0.403827
0.397327
0.271627
0.365046
0.365045
0.39022
0.347605
0.34341
0.33229
0.328125
0.334584
0.332282
0.343567
0.328125
0.334741
0.33229
0.343409
0.334583
0.328125
0.49976
0.497622
0.499972
0.494363
0.398971
0.273977
0.398825
0.385871
0.266532
0.266566
0.385924
0.424695
0.436344
0.467882
0.364781
0.235171
0.392185
0.301412
0.32402
0.097063
0.0970831
0.235163
0.392146
0.301353
0.32399
0.34341
0.33229
0.328125
0.334584
0.260653
0.0790648
0.498909
0.499017
0.0802982
0.0323851
0.229899
0.230773
0.13136
0.331445
0.113104
0.1122
0.0970979
0.0981563
0.0940839
0.10707
0.358611
0.277699
0.286187
0.375178
0.364561
0.302201
0.292692
0.398883
0.399825
0.273713
0.275461
0.398865
0.110573
0.111638
0.0971141
0.0981691
0.0940549
0.106968
0.364455
0.302073
0.292431
0.398832
0.363981
0.297628
0.291651
0.396927
0.39988
0.273757
0.2755
0.398903
0.368866
0.286771
0.252969
0.395399
0.295038
0.109084
0.112774
0.294766
0.330094
0.105254
0.167398
0.28422
0.399463
0.273733
0.398843
0.48981
0.464437
0.464042
0.273737
0.399849
0.398874
0.284504
0.265984
0.351638
0.256284
0.113716
0.112429
0.297228
0.36081
0.383145
0.291623
0.0939261
0.10629
0.0940137
0.107034
0.0940333
0.106946
0.0940743
0.107136
0.484174
0.409925
0.465323
0.442007
0.489694
0.489161
0.452723
0.497084
0.479143
0.406079
0.463417
0.419703
0.0946966
0.107847
0.42128
0.481874
0.42201
0.480996
0.399984
0.27383
0.398952
0.302062
0.364444
0.398826
0.292415
0.113099
0.112197
0.302193
0.364562
0.39888
0.292688
0.0940136
0.106942
0.0941066
0.107071
0.360326
0.25737
0.350486
0.167834
0.263044
0.300333
0.243178
0.295574
0.325907
0.478576
0.405836
0.461492
0.419706
0.492564
0.493102
0.468305
0.49813
0.480316
0.395014
0.458278
0.429549
0.0352521
0.419567
0.485215
0.43395
0.481161
0.399924
0.273776
0.398921
0.489769
0.464058
0.463972
0.27361
0.39931
0.39877
0.295723
0.360625
0.382489
0.29127
0.112672
0.113982
0.177801
0.28258
0.265699
0.350886
0.255495
0.265996
0.284553
0.256307
0.351707
0.113105
0.112204
0.0940765
0.10706
0.360896
0.297281
0.291686
0.383235
0.364541
0.302194
0.292683
0.39887
0.117605
0.113265
0.0940308
0.107165
0.364434
0.302064
0.29242
0.398819
0.364938
0.308569
0.294171
0.401054
0.396653
0.271952
0.271993
0.397317
0.0599878
0.0650839
0.0239029
0.481119
0.395086
0.458967
0.429576
0.495272
0.489613
0.478174
0.497513
0.484294
0.409642
0.463986
0.441965
0.378975
0.319888
0.329929
0.405572
0.379157
0.462944
0.428543
0.407187
0.0940218
0.106946
0.094018
0.106845
0.384864
0.384282
0.435954
0.349819
0.438824
0.490282
0.473823
0.478165
0.343574
0.332286
0.328125
0.334743
0.33228
0.343567
0.334738
0.328125
0.332285
0.343569
0.328125
0.334737
0.49976
0.497622
0.494363
0.499972
0.49976
0.49761
0.499972
0.494362
0.13803
0.0834424
0.0333889
0.24003
0.0266063
0.0616614
0.26105
0.322201
0.0658715
0.0290243
0.284925
0.107446
0.116255
0.287067
0.0801014
0.0329845
0.260546
0.321425
0.082853
0.0318678
0.331346
0.110703
0.168331
0.297322
0.343568
0.332279
0.328125
0.334739
0.476066
0.416568
0.421314
0.112309
0.301632
0.302588
0.301964
0.360366
0.347967
0.315786
0.328549
0.304438
0.356858
0.315486
0.404014
0.418768
0.379696
0.442735
0.100589
0.0943353
0.253134
0.333259
0.330553
0.248685
0.401929
0.44157
0.407807
0.445569
0.0987271
0.096276
0.0613946
0.0343897
0.137334
0.0320442
0.413581
0.476808
0.166407
0.296904
0.413565
0.476714
0.166479
0.296945
0.134893
0.0319668
0.0833739
0.499761
0.528912
0.550278
0.375
0.387999
0.390958
0.375
0.418611
0.483814
0.439959
0.477103
0.375
0.375
0.375
0.375
0.376568
0.375
0.378777
0.375
0.416621
0.43275
0.393624
0.471853
0.499755
0.499187
0.497441
0.499952
0.499549
0.497043
0.495541
0.49973
0.375
0.375
0.395098
0.377209
0.375
0.376568
0.375
0.378777
0.416595
0.432738
0.393613
0.471827
0.376568
0.375
0.378777
0.375
0.499554
0.497072
0.495586
0.499733
0.5
0.500122
0.375
0.388
0.390948
0.375
0.418723
0.483923
0.440033
0.477254
0.375
0.375
0.375
0.375
0.376568
0.375
0.378777
0.375
0.416603
0.432741
0.393615
0.471832
0.499755
0.499187
0.497441
0.499952
0.499555
0.497072
0.495586
0.499734
0.375844
0.376057
0.375857
0.394379
0.374971
0.374993
0.37499
0.374987
0.416598
0.432742
0.393616
0.471826
0.392372
0.373975
0.37486
0.413277
0.458322
0.419263
0.476564
0.408464
0.436425
0.436516
0.431826
0.412114
0.458308
0.419248
0.476549
0.408449
0.375
0.375
0.374998
0.375
0.432757
0.416624
0.47186
0.393625
0.388004
0.375
0.390943
0.375
0.413914
0.457007
0.407902
0.465319
0.499555
0.497072
0.499734
0.5
0.5
0.5
0.497043
0.499549
0.49973
0.458325
0.419264
0.476565
0.408465
0.436436
0.436674
0.431854
0.412266
0.458315
0.419248
0.476549
0.408454
0.482655
0.422561
0.48152
0.423414
0.489718
0.479659
0.448517
0.497045
0.482702
0.422569
0.48153
0.423455
0.402926
0.454375
0.405493
0.451996
0.38502
0.447882
0.406485
0.401325
0.499748
0.49345
0.498159
0.49741
0.498175
0.490685
0.49815
0.490708
0.406064
0.466761
0.466817
0.405856
0.399384
0.468048
0.480615
0.37599
0.155046
0.137844
0.107139
0.125601
0.499014
0.491003
0.494809
0.497048
0.498066
0.490828
0.49812
0.490803
0.406465
0.466947
0.467035
0.40613
0.499416
0.497692
0.49959
0.496457
0.406653
0.466931
0.467209
0.406098
0.49002
0.498775
0.493135
0.399251
0.463982
0.404908
0.17542
0.406102
0.464556
0.404978
0.103961
0.27829
0.283994
0.454079
0.383508
0.40014
0.106752
0.490416
0.466373
0.494236
0.495396
0.492279
0.499898
0.497937
0.109042
0.494344
0.492731
0.15468
0.40302
0.0361896
0.498906
0.499494
0.0896747
0.428961
0.361625
0.438305
0.125173
0.128401
0.244771
0.170846
0.114311
0.414992
0.369872
0.302332
0.444571
0.397049
0.467188
0.479767
0.376305
0.154268
0.14056
0.135346
0.136383
0.5
0.5
0.5
0.5
0.5
0.5
0.5
0.5
0.5
0.5
0.5
0.462085
0.495237
0.470174
0.499986
0.499987
0.499986
0.323787
0.253585
0.313695
0.0991863
0.255438
0.255984
0.250986
0.311247
0.311831
0.5
0.5
0.5
0.0899203
0.402114
0.31677
0.138464
0.40241
0.12807
0.459717
0.367262
0.467094
0.499809
0.493662
0.499043
0.497355
0.497862
0.499772
0.499772
0.499855
0.499989
0.499989
0.499996
0.5
0.499999
0.499999
0.5
0.499999
0.057391
0.0595988
0.0238109
0.082018
0.0634705
0.0746395
0.0310618
0.0890166
0.0342643
0.0652145
0.5
0.5
0.5
0.0735845
0.0904409
0.0673739
0.081199
0.490336
0.499081
0.494091
0.499956
0.499841
0.499985
0.499988
0.499844
0.499987
0.499336
0.483521
0.493957
0.495664
0.0907378
0.0817299
0.197525
0.417349
0.440219
0.182359
0.5
0.5
0.5
0.5
0.5
0.5
0.5
0.5
0.5
0.5
0.5
0.5
0.5
0.5
0.5
0.5
0.5
0.5
0.5
0.5
0.5
0.5
0.182844
0.199356
0.0991971
0.0988368
0.376994
0.371592
0.377339
0.371523
0.0979403
0.096943
0.499356
0.491141
0.495941
0.495686
0.132172
0.133342
0.366401
0.458876
0.466599
0.354743
0.141484
0.136098
0.499844
0.499985
0.499847
0.499987
0.132974
0.13375
0.384713
0.478183
0.396486
0.17415
0.394359
0.363824
0.490159
0.467118
0.461746
0.0995214
0.260862
0.256492
0.250664
0.316208
0.311877
0.494881
0.496208
0.4991
0.499814
0.145175
0.1381
0.353263
0.303778
0.494615
0.458642
0.161475
0.388597
0.134349
0.344278
0.125088
0.492352
0.458878
0.114337
0.5
0.5
0.5
0.5
0.5
0.5
0.5
0.5
0.5
0.5
0.5
0.5
0.5
0.5
0.5
0.5
0.5
0.5
0.5
0.5
0.5
0.5
0.5
0.5
0.5
0.5
0.5
0.5
0.5
0.5
0.5
0.5
0.5
0.5
0.5
0.5
0.5
0.5
0.5
0.5
0.5
0.5
0.5
0.5
0.5
0.5
0.5
0.5
0.5
0.5
0.5
0.5
0.5
0.499889
0.499957
0.499982
0.499784
0.499279
0.495154
0.498958
0.496726
0.5
0.5
0.5
0.5
0.498744
0.494599
0.498802
0.494541
0.5
0.5
0.5
0.5
0.5
0.5
0.5
0.5
0.5
0.492769
0.467465
0.494225
0.184891
0.484741
0.417482
0.0679623
0.401891
0.428181
0.383943
0.477695
0.14136
0.406257
0.47402
0.128706
0.159701
0.358256
0.176758
0.499249
0.491539
0.495116
0.497258
0.499886
0.499987
0.499975
0.499866
0.13406
0.135184
0.499839
0.499987
0.499848
0.499986
0.397465
0.471696
0.480238
0.380144
0.15434
0.140569
0.135346
0.136384
0.5
0.5
0.5
0.473834
0.498106
0.484714
0.406589
0.467158
0.406504
0.3119
0.250021
0.311204
0.499312
0.494824
0.0805355
0.335449
0.399868
0.152685
0.335367
0.0847561
0.462882
0.36757
0.467221
0.0760109
0.108548
0.499669
0.495818
0.499021
0.499294
0.494706
0.470685
0.492792
0.477268
0.0850675
0.116363
0.335163
0.415532
0.431818
0.301312
0.5
0.499999
0.499995
0.5
0.5
0.578059
0.5
0.567455
0.345694
0.416839
0.437723
0.303327
0.675492
0.695282
0.67235
0.697077
0.5
0.5
0.5
0.5
0.499904
0.499982
0.499984
0.499903
0.49968
0.499283
0.49981
0.498466
0.499883
0.499534
0.499877
0.499557
0.499959
0.499771
0.499771
0.406313
0.46696
0.406129
0.104519
0.287005
0.286286
0.467057
0.406764
0.406273
0.0243907
0.0882075
0.0657641
0.0922111
0.0654353
0.0950583
0.0324798
0.0672713
0.104495
0.286975
0.286249
0.467039
0.406725
0.40625
0.310223
0.407353
0.410201
0.305481
0.127269
0.128768
0.230411
0.32627
0.435663
0.417997
0.374688
0.105765
0.110391
0.437229
0.328866
0.376036
0.420102
0.0248109
0.0951452
0.0678667
0.408823
0.312405
0.306308
0.412215
0.0903414
0.0670896
0.492722
0.498849
0.494024
0.0315218
0.108223
0.0631375
0.112364
0.0370762
0.0950712
0.0678614
0.5
0.5
0.5
0.5
0.5
0.5
0.5
0.5
0.5
0.5
0.5
0.5
0.5
0.5
0.5
0.5
0.5
0.5
0.5
0.5
0.5
0.5
0.5
0.5
0.5
0.499626
0.49378
0.496144
0.499145
0.499932
0.499988
0.499994
0.499866
0.499828
0.499986
0.499839
0.499985
0.367146
0.462172
0.467061
0.358656
0.446995
0.199788
0.443789
0.18355
0.199676
0.250718
0.617544
0.245225
0.151631
0.139854
0.260015
0.23914
0.133054
0.564021
0.5
0.562525
0.5
0.566803
0.542861
0.648127
0.5
0.5
0.5
0.5
0.5
0.5
0.5
0.5
0.5
0.5
0.5
0.5
0.5
0.5
0.5
0.5
0.5
0.5
0.5
0.5
0.5
0.5
0.5
0.5
0.5
0.0730882
0.0305744
0.159439
0.358239
0.17675
0.49928
0.493428
0.495214
0.499068
0.13379
0.13502
0.411588
0.468324
0.469152
0.409416
0.397307
0.471658
0.480083
0.380099
0.153641
0.137523
0.108543
0.126448
0.5
0.5
0.5
0.5
0.5
0.5
0.5
0.5
0.5
0.5
0.5
0.5
0.5
0.402596
0.281816
0.402469
0.5
0.5
0.5
0.5
0.638793
0.684636
0.5
0.229622
0.179147
0.499981
0.499992
0.499998
0.499957
0.499853
0.499462
0.499886
0.499015
0.499892
0.4996
0.499905
0.49958
0.404615
0.284522
0.40528
0.486158
0.451777
0.463904
0.284111
0.397701
0.404164
0.5
0.5
0.5
0.5
0.5
0.5
0.5
0.5
0.5
0.5
0.5
0.5
0.5
0.5
0.5
0.5
0.5
0.5
0.5
0.499932
0.499988
0.499994
0.499866
0.499827
0.499986
0.499838
0.499985
0.366923
0.462106
0.466982
0.35848
0.141498
0.135947
0.499836
0.499987
0.499845
0.499986
0.13256
0.133455
0.5
0.5
0.5
0.782984
0.387569
0.869661
0.183551
0.199683
0.282342
0.404812
0.402817
0.278411
0.717762
0.261648
0.0367771
0.15412
0.0492485
0.24163
0.139364
0.621797
0.777307
0.792743
0.558198
0.499975
0.561378
0.499882
0.620902
0.793868
0.792411
0.0337063
0.0892042
0.180697
0.194728
0.281
0.215895
0.234815
0.239893
0.5
0.5
0.5
0.5
0.5
0.5
0.5
0.5
0.5
0.495708
0.499482
0.498366
0.5
0.5
0.5
0.0861809
0.476829
0.430537
0.489547
0.0329949
0.0854955
0.917535
0.94158
0.982192
0.845709
0.499879
0.49997
0.499905
0.499928
0.418975
0.488522
0.473518
0.447837
0.157785
0.38311
0.156483
0.563502
0.5
0.561031
0.5
0.499683
0.495635
0.498553
0.499306
0.367193
0.46346
0.468336
0.359832
0.139515
0.12904
0.0852719
0.114253
0.5
0.542053
0.547138
0.396021
0.423175
0.384685
0.374944
0.374969
0.374994
0.376207
0.377646
0.432745
0.416604
0.471833
0.39362
0.458386
0.419242
0.476552
0.408478
0.432743
0.41659
0.471826
0.39361
0.413532
0.456719
0.407838
0.462599
0.5
0.563105
0.562761
0.45464
0.405534
0.454581
0.403174
0.375
0.375
0.374998
0.375
0.392884
0.380751
0.420567
0.374967
0.37887
0.192081
0.237708
0.462488
0.480117
0.45276
0.301747
0.442427
0.411467
0.0250295
0.0602668
0.464057
0.488493
0.462427
0.234605
0.371311
0.366384
0.112989
0.336833
0.303267
0.5
0.5
0.462531
0.480163
0.452835
0.464682
0.490024
0.464695
0.354816
0.228682
0.329634
0.464646
0.490013
0.46464
0.21307
0.229581
0.278043
0.30327
0.443122
0.412597
0.406473
0.388617
0.367095
0.406715
0.471175
0.413492
0.0705381
0.191768
0.231938
0.293418
0.365096
0.357051
0.5
0.5
0.5
0.5
0.5
0.5
0.5
0.499999
0.499999
0.374989
0.374998
0.376111
0.377405
0.273919
0.0914061
0.243312
0.284944
0.100013
0.276086
0.195833
0.0947959
0.259545
0.0669208
0.0669421
0.174336
0.499835
0.498597
0.49852
0.274174
0.113509
0.294637
0.5
0.5
0.5
0.134544
0.356448
0.348265
0.0673615
0.0677404
0.17498
0.498665
0.491381
0.491132
0.5
0.499997
0.5
0.224783
0.200743
0.286262
0.5
0.499997
0.5
0.346408
0.456474
0.455259
0.5
0.5
0.5
0.289026
0.0961628
0.260177
0.250476
0.0894185
0.230813
0.302038
0.125305
0.330618
0.430543
0.476144
0.477108
0.337008
0.380681
0.402044
0.304947
0.0890271
0.108425
0.5
0.5
0.5
0.5
0.5
0.5
0.499993
0.499988
0.499996
0.5
0.5
0.5
0.287025
0.1047
0.286309
0.259894
0.108603
0.272712
0.5
0.5
0.5
0.0331777
0.0350117
0.136937
0.0673879
0.0677704
0.175033
0.285973
0.102695
0.281033
0.287103
0.105036
0.287247
0.250279
0.100192
0.27745
0.136039
0.081633
0.233968
0.5
0.5
0.5
0.250476
0.0894186
0.230813
0.504888
0.719433
0.596441
0.337008
0.380681
0.402044
0.338902
0.100472
0.11611
0.5
0.5
0.5
0.499999
0.499994
0.499999
0.465054
0.486776
0.462464
0.5
0.5
0.5
0.338
0.462013
0.432909
0.464951
0.482875
0.457528
0.0697558
0.0780301
0.192604
0.5
0.535599
0.5
0.464608
0.486032
0.459543
0.444606
0.154327
0.442219
0.37362
0.478266
0.459736
0.315851
0.0409994
0.111317
0.247628
0.0942863
0.263991
0.5
0.5
0.5
0.136761
0.0817994
0.234439
0.246952
0.0941169
0.263475
0.0673807
0.0668592
0.176139
0.247496
0.0943826
0.264097
0.137986
0.0817977
0.234846
0.0776201
0.0330185
0.0926474
0.0968219
0.0973186
0.0918523
0.0321547
0.0924944
0.097307
0.413705
0.465916
0.412234
0.468127
0.0765666
0.0326861
0.0885784
0.0796684
0.393633
0.5
0.5
0.0764556
0.032281
0.0777469
0.0330233
0.0980574
0.0980865
0.098058
0.0980861
0.0975044
0.0980921
0.413658
0.465788
0.412151
0.468047
0.107099
0.199371
0.0741218
0.27621
0.399455
0.371901
0.387426
0.375
0.0322756
0.0781524
0.0794721
0.224666
0.220093
0.0855814
0.076542
0.0326666
0.0885784
0.0796686
0.403513
0.450175
0.477247
0.350677
0.496227
0.480778
0.493154
0.484131
0.400242
0.467072
0.4778
0.392089
0.435379
0.287813
0.478817
0.495595
0.226659
0.0937493
0.0388182
0.499522
0.49988
0.499932
0.5
0.5
0.5
0.5
0.363233
0.458238
0.464541
0.351852
0.499004
0.491769
0.493244
0.498785
0.188055
0.397103
0.423687
0.208513
0.364615
0.459173
0.465128
0.354086
0.49996
0.499997
0.49996
0.499997
0.49996
0.499997
0.49996
0.499997
0.499579
0.497829
0.496769
0.499723
0.5
0.5
0.5
0.5
0.456771
0.325427
0.450295
0.481994
0.370472
0.494949
0.496166
0.407358
0.140854
0.174666
0.383974
0.461429
0.473294
0.359052
0.49922
0.491957
0.494221
0.498829
0.0681546
0.495239
0.494545
0.382217
0.137052
0.155191
0.497812
0.490808
0.498257
0.5
0.5
0.5
0.5
0.189774
0.496363
0.361968
0.458027
0.464276
0.351232
0.499095
0.491774
0.493304
0.498793
0.38513
0.453914
0.472487
0.354963
0.498196
0.490992
0.498201
0.490973
0.49819
0.490976
0.498197
0.490949
0.4982
0.491202
0.498238
0.491066
0.5
0.5
0.5
0.5
0.485822
0.373796
0.0254484
0.384079
0.461443
0.473355
0.359077
0.499285
0.49196
0.494265
0.498835
0.1854
0.572932
0.209319
0.504609
0.169659
0.572908
0.20521
0.512529
0.824115
0.946316
0.947822
0.823097
0.997585
0.986126
0.988214
0.994384
0.5
0.5
0.5
0.5
0.361968
0.458026
0.464275
0.35123
0.499095
0.491774
0.493304
0.498793
0.0634422
0.0244517
0.101093
0.10053
0.5
0.5
0.5
0.5
0.679043
0.410425
0.405492
0.140433
0.174357
0.361967
0.458026
0.464275
0.35123
0.499095
0.491774
0.493304
0.498793
0.5
0.5
0.5
0.5
0.360504
0.449383
0.462472
0.344354
0.497141
0.482653
0.491338
0.489658
0.400228
0.467069
0.477794
0.392081
0.358538
0.445358
0.461373
0.337544
0.495574
0.480032
0.490655
0.483937
0.0324913
0.0846582
0.033239
0.122997
0.116825
0.222215
0.30604
0.448714
0.348243
0.413133
0.461931
0.480786
0.452028
0.48842
0.122924
0.116922
0.222242
0.0847068
0.0332486
0.462106
0.480112
0.488367
0.451935
0.303297
0.444974
0.411988
0.339175
0.0931961
0.0781391
0.0846599
0.0332482
0.117412
0.116755
0.220605
0.301293
0.442781
0.333821
0.410968
0.462002
0.479754
0.451613
0.488473
0.337559
0.362132
0.364812
0.328745
0.337102
0.36061
0.324301
0.378766
0.464487
0.490053
0.490196
0.464112
0.450081
0.488867
0.460976
0.484445
0.0780862
0.0935296
0.0847475
0.0332666
0.0847031
0.0332672
0.0309177
0.0856659
0.0337847
0.335493
0.241045
0.267994
0.32138
0.335604
0.241117
0.321428
0.268101
0.0925336
0.0966084
0.242148
0.227139
0.1326
0.345078
0.396165
0.262134
0.271861
0.385183
0.0775278
0.0329077
0.396624
0.262376
0.272348
0.385315
0.240107
0.226795
0.131906
0.34419
0.0991064
0.0999805
0.366484
0.272486
0.256987
0.392852
0.402526
0.277313
0.279021
0.400684
0.0971516
0.0930179
0.126526
0.301652
0.111713
0.031965
0.23907
0.0829561
0.0962833
0.0749093
0.0290092
0.212235
0.211181
0.0842626
0.332419
0.199219
0.380365
0.124095
0.329695
0.485354
0.442089
0.271237
0.380515
0.212231
0.211256
0.332453
0.0843031
0.0749446
0.0290268
0.48116
0.413734
0.262304
0.345085
0.134156
0.307597
0.0327795
0.24222
0.362594
0.462155
0.417808
0.425552
0.306615
0.443601
0.409017
0.342589
0.418501
0.418508
0.383571
0.465356
0.418506
0.418507
0.465355
0.383572
0.5
0.5
0.5
0.5
0.5
0.5
0.5
0.5
0.0328644
0.0774451
0.489759
0.461852
0.463783
0.274218
0.39641
0.398698
0.0333511
0.0333741
0.412406
0.465656
0.412068
0.466159
0.499554
0.490713
0.491476
0.49953
0.499537
0.490618
0.49079
0.49953
0.24757
0.295783
0.256505
0.218782
0.0884016
0.0796283
0.238844
0.224799
0.13121
0.342412
0.370069
0.253583
0.238516
0.377994
0.0769187
0.0329191
0.370186
0.253953
0.238614
0.37839
0.240654
0.225648
0.132161
0.343513
0.5
0.490191
0.498848
0.499811
0.499936
0.0932445
0.0782327
0.0818388
0.0331135
0.103825
0.103818
0.174376
0.302851
0.446562
0.344854
0.411031
0.461863
0.480224
0.451316
0.488335
0.319993
0.237458
0.265051
0.305757
0.320569
0.237408
0.305809
0.265102
0.464638
0.490022
0.490031
0.464651
0.464582
0.49001
0.46463
0.489993
0.320632
0.23748
0.265289
0.30582
0.320511
0.237437
0.305775
0.265288
0.464595
0.490014
0.490005
0.464634
0.464625
0.490022
0.464644
0.490025
0.338641
0.346326
0.33587
0.323193
0.336849
0.356317
0.322867
0.37788
0.464717
0.489982
0.490072
0.464387
0.450499
0.488826
0.461328
0.484414
0.0984169
0.0983957
0.237442
0.320622
0.265278
0.30579
0.237341
0.320546
0.305751
0.265075
0.0909268
0.0902017
0.212672
0.221366
0.124184
0.328362
0.361773
0.256515
0.252956
0.372472
0.0904429
0.0744011
0.241019
0.336333
0.269035
0.32131
0.371532
0.359584
0.359605
0.371534
0.237299
0.319623
0.264013
0.30572
0.237497
0.319997
0.305774
0.265078
0.0965588
0.28218
0.158641
0.249596
0.36251
0.338392
0.330418
0.37543
0.0818042
0.0330879
0.319599
0.237286
0.263985
0.305682
0.320555
0.237391
0.305785
0.265101
0.239781
0.395467
0.20211
0.382217
0.459904
0.466819
0.442711
0.485602
0.320617
0.237463
0.265282
0.305798
0.320407
0.237377
0.305744
0.264908
0.456691
0.463041
0.484397
0.432844
0.222287
0.389037
0.362821
0.196567
0.309604
0.104696
0.17352
0.255339
0.272007
0.0986945
0.246973
0.109984
0.0928248
0.0969493
0.240696
0.227359
0.132336
0.344857
0.396851
0.262787
0.272621
0.385733
0.0980361
0.0980239
0.399602
0.27524
0.275261
0.399628
0.399532
0.2752
0.275145
0.399603
0.0980376
0.0980262
0.399603
0.275241
0.275261
0.399629
0.399536
0.275203
0.275149
0.399605
0.093968
0.079919
0.399883
0.274212
0.275412
0.398772
0.366142
0.266692
0.238818
0.391423
0.413446
0.465667
0.412064
0.413511
0.465688
0.412081
0.418498
0.418495
0.383567
0.465351
0.418502
0.418494
0.465351
0.383568
0.5
0.5
0.5
0.5
0.5
0.5
0.5
0.5
0.0602443
0.0291148
0.0748115
0.0272226
0.0943994
0.110659
0.207928
0.183251
0.11595
0.325491
0.260412
0.33421
0.352358
0.366068
0.332038
0.235907
0.329796
0.299616
0.265742
0.319919
0.256489
0.0831134
0.0665155
0.301518
0.442971
0.335314
0.410077
0.447639
0.478077
0.447342
0.482707
0.448477
0.478397
0.48291
0.448617
0.303174
0.442849
0.411859
0.334171
0.413529
0.465735
0.412114
0.46787
0.499553
0.490665
0.491443
0.499529
0.499547
0.490649
0.491388
0.499527
0.291003
0.108586
0.294532
0.356989
0.278533
0.352952
0.330552
0.285346
0.0896754
0.10906
0.2312
0.274862
0.357405
0.348277
0.287738
0.347632
0.309371
0.30678
0.35129
0.254633
0.297734
0.331355
0.239627
0.0710111
0.069177
0.0781069
0.0425886
0.0575461
0.0190948
0.139683
0.130602
0.341537
0.411638
0.348484
0.235953
0.376542
0.447533
0.483025
0.0322461
0.0771615
0.222151
0.0864316
0.191625
0.23613
0.376813
0.447635
0.482984
0.130486
0.341627
0.411448
0.344825
0.0884313
0.0796934
0.238978
0.224758
0.131185
0.342423
0.370098
0.253622
0.238608
0.378
0.0769187
0.0329191
0.370178
0.253952
0.238614
0.378381
0.240652
0.225647
0.132161
0.343506
0.524727
0.499913
0.499595
0.52302
0.561394
0.375
0.375
0.375
0.375
0.375
0.375
0.375
0.375
0.5
0.5
0.5
0.5
0.5
0.5
0.5
0.5
0.375
0.375
0.375
0.375
0.375
0.375
0.375
0.375
0.5
0.5
0.5
0.5
0.5
0.5
0.5
0.5
0.5
0.5
0.500122
0.500122
0.375
0.375
0.375
0.375
0.375
0.375
0.375
0.375
0.5
0.5
0.5
0.5
0.5
0.5
0.5
0.5
0.374999
0.374992
0.374999
0.374992
0.374872
0.374964
0.374963
0.374875
0.499998
0.499987
0.499998
0.499986
0.499613
0.499923
0.499914
0.499648
0.377274
0.374998
0.374999
0.380903
0.374996
0.374997
0.374998
0.37499
0.416925
0.476105
0.417867
0.418023
0.476281
0.417978
0.416183
0.475822
0.417612
0.417962
0.476174
0.417888
0.374995
0.374997
0.374998
0.374989
0.374981
0.374889
0.374942
0.374956
0.369854
0.37392
0.3744
0.366214
0.375869
0.219833
0.153294
0.0760963
0.19549
0.0944357
0.0712938
0.258705
0.285673
0.102458
0.28045
0.104405
0.286416
0.102874
0.104759
0.28136
0.195979
0.094829
0.25965
0.0714474
0.195416
0.0946497
0.0712624
0.259169
0.286202
0.102735
0.281026
0.104666
0.287687
0.105694
0.105254
0.288629
0.290374
0.106307
0.289867
0.10667
0.356588
0.44918
0.460126
0.497114
0.482476
0.490932
0.067693
0.171675
0.0981304
0.496474
0.480956
0.494223
0.484113
0.244249
0.415528
0.309095
0.34876
0.375846
0.451207
0.450618
0.384425
0.383118
0.44943
0.471269
0.347126
0.376197
0.451424
0.450799
0.384821
0.244679
0.415939
0.309021
0.349313
0.497883
0.486925
0.495002
0.490802
0.337298
0.446644
0.384392
0.38969
0.408841
0.464581
0.468087
0.405615
0.499879
0.498704
0.499117
0.463002
0.491339
0.493173
0.133624
0.343947
0.131581
0.132274
0.343641
0.13138
0.488226
0.493246
0.0725624
0.264744
0.300528
0.368791
0.249441
0.303762
0.480481
0.411096
0.397286
0.207559
0.498604
0.488949
0.496495
0.485816
0.352903
0.449793
0.278065
0.439518
0.157169
0.393685
0.377118
0.355694
0.430264
0.43484
0.321792
0.447905
0.343169
0.422726
0.464953
0.481542
0.4563
0.489332
0.498339
0.492042
0.498729
0.491168
0.351333
0.460689
0.457471
0.357907
0.5
0.5
0.5
0.5
0.5
0.5
0.5
0.5
0.5
0.5
0.5
0.5
0.5
0.5
0.144153
0.353793
0.365438
0.49394
0.459196
0.465922
0.499842
0.498522
0.49983
0.499846
0.498539
0.499836
0.0654524
0.0862932
0.5
0.5
0.5
0.5
0.5
0.5
0.5
0.5
0.5
0.5
0.5
0.5
0.256821
0.249845
0.461736
0.400131
0.291855
0.464722
0.403365
0.339498
0.323805
0.499039
0.491544
0.493442
0.498739
0.345437
0.455645
0.347182
0.454624
0.498536
0.490766
0.498599
0.490443
0.362072
0.459021
0.463845
0.353617
0.498641
0.491277
0.4987
0.490988
0.349143
0.457366
0.350608
0.456487
0.499097
0.491986
0.493461
0.362903
0.459747
0.464443
0.346111
0.459867
0.359086
0.454213
0.49842
0.491409
0.490074
0.498611
0.5
0.499999
0.499994
0.5
0.5
0.5
0.5
0.5
0.5
0.5
0.5
0.5
0.5
0.5
0.5
0.5
0.5
0.499998
0.5
0.499998
0.49995
0.499984
0.499989
0.499922
0.499961
0.499997
0.499961
0.499961
0.499997
0.499961
0.405494
0.43663
0.467633
0.357811
0.0704925
0.0693435
0.250271
0.38728
0.255904
0.347414
0.278802
0.410186
0.325266
0.357786
0.231884
0.241078
0.177999
0.318256
0.241755
0.24262
0.322895
0.180964
0.361157
0.45833
0.463638
0.499064
0.491622
0.493256
0.189069
0.0983193
0.0706339
0.263151
0.345435
0.157163
0.316226
0.206567
0.369732
0.237894
0.240534
0.363535
0.200506
0.16098
0.302697
0.0770665
0.499107
0.491772
0.493589
0.49878
0.348031
0.456694
0.349703
0.455638
0.49856
0.491013
0.498637
0.490652
0.49996
0.499997
0.49996
0.499997
0.5
0.5
0.5
0.5
0.5
0.5
0.5
0.5
0.49996
0.499997
0.49996
0.499997
0.5
0.5
0.5
0.5
0.5
0.5
0.5
0.5
0.417639
0.487831
0.480724
0.452677
0.499967
0.499023
0.499882
0.499693
0.492723
0.494462
0.478956
0.498144
0.5
0.5
0.5
0.5
0.5
0.5
0.5
0.5
0.485549
0.405951
0.42427
0.211472
0.186353
0.257552
0.258721
0.371373
0.376075
0.37083
0.376154
0.253702
0.256588
0.0861769
0.0654895
0.344909
0.45655
0.349586
0.454015
0.498444
0.490805
0.490115
0.498557
0.498582
0.491016
0.498639
0.490668
0.346448
0.456523
0.455277
0.348801
0.5
0.5
0.5
0.5
0.5
0.5
0.5
0.5
0.5
0.5
0.5
0.5
0.104565
0.364854
0.243287
0.482042
0.451584
0.417984
0.417826
0.481715
0.440923
0.387598
0.386424
0.405346
0.239756
0.185897
0.302848
0.0995513
0.111312
0.496831
0.498833
0.354004
0.456151
0.457402
0.364639
0.497714
0.490632
0.492005
0.509218
0.473846
0.346165
0.48382
0.406632
0.283774
0.115407
0.306893
0.352068
0.233658
0.0332104
0.499331
0.492285
0.495385
0.498848
0.346173
0.45661
0.349375
0.454902
0.498538
0.490983
0.498629
0.490488
0.362165
0.459196
0.46473
0.353645
0.49864
0.491308
0.498707
0.490987
0.349142
0.457396
0.350614
0.456486
0.5
0.5
0.5
0.5
0.5
0.5
0.5
0.5
0.5
0.5
0.5
0.5
0.5
0.5
0.5
0.5
0.5
0.5
0.5
0.5
0.5
0.5
0.5
0.5
0.5
0.5
0.5
0.5
0.5
0.5
0.499998
0.499988
0.499998
0.499986
0.499615
0.499923
0.499915
0.499649
0.5
0.5
0.5
0.5
0.5
0.5
0.946417
0.815413
0.823135
0.937568
0.944947
0.803043
0.820905
0.929649
0.725604
0.742191
0.586367
0.8738
0.731237
0.742587
0.587436
0.8762
0.94487
0.803023
0.820485
0.930244
0.9484
0.826154
0.825122
0.948923
0.949412
0.827407
0.828077
0.949478
0.802751
0.944767
0.820185
0.930157
0.9863
0.986148
0.996165
0.974658
0.601778
0.852906
0.613605
0.840548
0.803171
0.945067
0.820905
0.930379
0.986403
0.986237
0.996197
0.97478
0.98892
0.998167
0.998181
0.988867
0.9887
0.998134
0.997931
0.988925
0.498088
0.489728
0.497264
0.461777
0.482377
0.491401
0.0270138
0.194732
0.0740644
0.122865
0.277227
0.105645
0.246337
0.121443
0.306208
0.181045
0.322756
0.222423
0.340941
0.354191
0.361786
0.470925
0.357907
0.227501
0.369397
0.481192
0.443979
0.126711
0.336054
0.335796
0.408564
0.10481
0.318395
0.210243
0.161708
0.347439
0.457135
0.350568
0.455321
0.498537
0.491103
0.490548
0.498646
0.498662
0.492046
0.498796
0.491204
0.351332
0.460685
0.457474
0.357901
0.5
0.5
0.5
0.5
0.5
0.5
0.5
0.5
0.5
0.5
0.5
0.5
0.5
0.5
0.15808
0.348509
0.385949
0.493935
0.450516
0.473209
0.104711
0.284468
0.286559
0.467007
0.404188
0.406349
0.0654907
0.0861743
0.5
0.5
0.5
0.5
0.5
0.5
0.5
0.5
0.5
0.5
0.5
0.5
0.495201
0.141127
0.240303
0.248213
0.376507
0.378752
0.24739
0.375994
0.13573
0.243272
0.499118
0.491503
0.493436
0.49874
0.34538
0.455552
0.346958
0.454597
0.498535
0.490744
0.498596
0.490436
0.362224
0.45903
0.463935
0.353636
0.498641
0.491277
0.4987
0.490988
0.349143
0.457367
0.350611
0.456487
0.497288
0.482869
0.491629
0.361398
0.450823
0.462624
0.135687
0.0814723
0.034664
0.233576
0.247234
0.0942405
0.263753
0.0844787
0.281828
0.13046
0.100158
0.344284
0.473363
0.156918
0.408175
0.180559
0.578231
0.630282
0.41473
0.591328
0.5
0.572583
0.525795
0.5
0.5
0.499998
0.5
0.499998
0.499952
0.499987
0.49999
0.499938
0.498172
0.491018
0.498179
0.498186
0.491035
0.498184
0.284296
0.400812
0.295533
0.385874
0.290101
0.403238
0.388253
0.301617
0.496732
0.489552
0.497825
0.49818
0.490767
0.498127
0.257582
0.260326
0.184602
0.36222
0.419159
0.294228
0.407557
0.304832
0.404115
0.289757
0.300858
0.389423
0.246888
0.256853
0.34547
0.183439
0.357668
0.445538
0.460744
0.495778
0.479944
0.490793
0.497667
0.483528
0.493847
0.489843
0.281129
0.426797
0.32764
0.369238
0.405348
0.458689
0.465885
0.398551
0.498206
0.491001
0.498204
0.491002
0.406866
0.467354
0.46731
0.406936
0.406913
0.46737
0.467356
0.406952
0.498201
0.490991
0.498202
0.490993
0.406731
0.467311
0.467243
0.406853
0.406889
0.467344
0.467337
0.406911
0.498307
0.491382
0.49829
0.491424
0.407319
0.468037
0.467578
0.408146
0.409346
0.468595
0.468644
0.409164
0.5
0.5
0.5
0.5
0.5
0.5
0.5
0.5
0.5
0.5
0.5
0.5
0.5
0.5
0.341963
0.276415
0.240582
0.393276
0.41453
0.288223
0.291039
0.410298
0.418406
0.290613
0.292086
0.41592
0.352546
0.281719
0.249422
0.401373
0.0861775
0.0654899
0.34491
0.45655
0.349586
0.454015
0.498444
0.490805
0.490115
0.498557
0.498581
0.491006
0.498637
0.490663
0.346422
0.456485
0.45526
0.34873
0.5
0.5
0.5
0.5
0.5
0.5
0.5
0.5
0.5
0.5
0.5
0.5
0.436189
0.466612
0.476819
0.182358
0.396914
0.419459
0.293708
0.426317
0.324357
0.393039
0.359977
0.448155
0.403323
0.409301
0.387679
0.386431
0.405401
0.239759
0.185919
0.641888
0.588195
0.36178
0.510749
0.573091
0.401205
0.570965
0.622656
0.693674
0.649992
0.499392
0.492291
0.495425
0.498854
0.345998
0.456623
0.349378
0.454867
0.498542
0.49099
0.498631
0.490496
0.362316
0.459205
0.464812
0.353664
0.498642
0.49131
0.498708
0.490993
0.349145
0.457399
0.350617
0.456492
0.952504
0.951071
0.922905
0.981909
0.990673
0.95833
0.960184
0.989237
0.997325
0.981907
0.986708
0.995133
0.953715
0.965759
0.92915
0.985536
0.5
0.5
0.5
0.5
0.5
0.5
0.5
0.5
0.5
0.5
0.5
0.5
0.5
0.5
0.499999
0.49999
0.499999
0.499988
0.499641
0.499938
0.499922
0.49971
0.963468
0.994261
0.973756
0.991634
0.9998
0.99844
0.999807
0.998397
0.5
0.5
0.5
0.5
0.5
0.5
0.169474
0.572909
0.205179
0.512358
0.789335
0.803205
0.702739
0.905694
0.928312
0.820596
0.78677
0.937056
0.185379
0.572875
0.209299
0.504558
0.928236
0.820528
0.786706
0.937008
0.789277
0.803143
0.702682
0.905667
0.110661
0.318664
0.214296
0.161901
0.338485
0.381428
0.342902
0.409258
0.309973
0.242523
0.366337
0.118593
0.290235
0.104893
0.10686
0.285005
0.199342
0.0967744
0.263192
0.0732097
0.5
0.5
0.5
0.5
0.5
0.5
0.5
0.5
0.5
0.5
0.5
0.5
0.5
0.5
0.997581
0.98614
0.988205
0.994384
0.782772
0.936954
0.81538
0.897851
0.920202
0.974636
0.978446
0.928853
0.82395
0.946224
0.947806
0.822773
0.920245
0.974627
0.978455
0.928873
0.78262
0.936873
0.815116
0.897817
0.0931482
0.100381
0.5
0.5
0.5
0.5
0.5
0.5
0.5
0.5
0.5
0.5
0.5
0.5
0.499118
0.491502
0.493436
0.49874
0.345378
0.455551
0.346957
0.454596
0.498535
0.490744
0.498596
0.490436
0.362224
0.45903
0.463935
0.353636
0.498641
0.491277
0.4987
0.490988
0.349143
0.457367
0.350611
0.456487
0.567981
0.555478
0.496841
0.56931
0.499351
0.525558
0.488732
0.519594
0.472174
0.396718
0.414122
0.455173
0.291859
0.352807
0.253637
0.405794
0.100174
0.0926113
0.666866
0.8868
0.707664
0.855838
0.636421
0.874685
0.83146
0.711151
0.5
0.499996
0.499998
0.499998
0.499952
0.499985
0.499989
0.499934
0.445497
0.489102
0.446073
0.488939
0.499872
0.498533
0.499874
0.49851
0.495594
0.479568
0.495594
0.479575
0.308004
0.428169
0.307916
0.428203
0.0663122
0.0891976
0.482932
0.496177
0.469031
0.499144
0.499999
0.499689
0.499983
0.499985
0.499649
0.494397
0.498872
0.498106
0.479257
0.479242
0.442349
0.492637
0.0834817
0.0903883
0.429942
0.310858
0.31115
0.429912
0.429988
0.310817
0.310852
0.429949
0.0810364
0.168098
0.0647194
0.210713
0.301506
0.221471
0.239989
0.277991
0.09759
0.0827453
0.428836
0.304994
0.308896
0.426128
0.394064
0.291696
0.256587
0.416862
0.382884
0.279535
0.275251
0.397936
0.37628
0.273372
0.245414
0.396472
0.761046
0.766809
0.738539
0.846277
0.762489
0.677367
0.595089
0.823996
0.5
0.5
0.5
0.5
0.5
0.5
0.5
0.5
0.5
0.5
0.5
0.5
0.5
0.5
0.5
0.5
0.499999
0.499991
0.499999
0.499993
0.499881
0.499961
0.499864
0.499966
0.5
0.5
0.5
0.5
0.5
0.5
0.5
0.5
0.5
0.5
0.5
0.5
0.5
0.5
0.100384
0.0931449
0.348104
0.460296
0.359921
0.455214
0.498476
0.491611
0.490375
0.498661
0.498523
0.491031
0.498623
0.490433
0.345751
0.456749
0.454725
0.349352
0.5
0.5
0.5
0.5
0.5
0.5
0.5
0.5
0.5
0.5
0.5
0.5
0.829052
0.855125
0.923055
0.345383
0.699787
0.804263
0.387805
0.388442
0.405682
0.243797
0.186121
0.875521
0.666613
0.412377
0.574285
0.407418
0.102061
0.616049
0.646564
0.44631
0.126651
0.499118
0.491502
0.493436
0.49874
0.345379
0.455551
0.346957
0.454597
0.498535
0.490744
0.498596
0.490436
0.362224
0.45903
0.463935
0.353636
0.498641
0.491277
0.4987
0.490989
0.349144
0.457368
0.350612
0.456487
0.98225
0.958158
0.951878
0.989226
0.990694
0.959387
0.9597
0.9905
0.99087
0.960114
0.960239
0.990859
0.990215
0.959815
0.95838
0.990773
0.990819
0.998458
0.991095
0.998399
0.999976
0.999806
0.999981
0.999796
0.938036
0.991798
0.977172
0.976858
0.192632
0.0883093
0.070254
0.242282
0.147912
0.0798009
0.225697
0.0345082
0.23759
0.0868856
0.0904788
0.226163
0.066756
0.0665528
0.172981
0.0256865
0.5
0.5
0.5
0.5
0.5
0.5
0.5
0.5
0.5
0.5
0.5
0.5
0.5
0.5
0.391052
0.45126
0.474815
0.496312
0.481181
0.493853
0.5
0.5
0.5
0.5
0.568528
0.5
0.525268
0.5
0.5
0.5
0.5
0.5
0.49726
0.48247
0.491577
0.489666
0.278773
0.424928
0.322995
0.36846
0.405572
0.458374
0.465934
0.398607
0.360647
0.450242
0.462015
0.346554
0.406007
0.458992
0.466189
0.399336
0.281851
0.426654
0.326323
0.370156
0.496404
0.480859
0.49377
0.398801
0.449814
0.475724
0.390155
0.188809
0.142264
0.516888
0.544082
0.203281
0.555315
0.199948
0.290921
0.105836
0.10667
0.288996
0.290324
0.106299
0.289829
0.106655
0.0766815
0.383038
0.221086
0.158188
0.49783
0.486924
0.494994
0.49079
0.3373
0.446645
0.384391
0.389693
0.408844
0.464584
0.468086
0.405619
0.985025
0.958546
0.957258
0.988204
0.981423
0.95817
0.954218
0.987647
0.496303
0.481174
0.493853
0.391133
0.451274
0.474835
0.135676
0.0815148
0.0346932
0.233644
0.247483
0.0942776
0.263865
0.084548
0.248026
0.0945724
0.0848154
0.264596
0.136591
0.0818917
0.234682
0.0349039
0.639767
0.530656
0.467906
0.734789
0.62237
0.518247
0.425094
0.729355
0.495755
0.479839
0.490922
0.483969
0.243618
0.414653
0.305743
0.349007
0.37657
0.451266
0.450962
0.384978
0.358535
0.446168
0.460854
0.339504
0.377049
0.451983
0.4513
0.385825
0.246188
0.416417
0.308772
0.350768
0.367426
0.380415
0.297758
0.442345
0.477968
0.415364
0.421054
0.471791
0.44811
0.37875
0.351706
0.455558
0.365882
0.36655
0.293856
0.436362
0.579441
0.5
0.561023
0.5
0.5
0.5
0.5
0.5
0.402053
0.473227
0.409906
0.470734
0.49957
0.494199
0.499103
0.494583
0.581524
0.516821
0.499961
0.619877
0.526927
0.510144
0.450939
0.610829
0.73171
0.742156
0.587563
0.875827
0.926264
0.799812
0.805522
0.926309
0.480287
0.417292
0.428131
0.476114
0.474605
0.414484
0.413753
0.47505
0.788594
0.943672
0.817829
0.92365
0.985881
0.985754
0.995671
0.972679
0.984343
0.97271
0.977326
0.982997
0.97479
0.963061
0.946902
0.980105
0.35432
0.354245
0.26684
0.430376
0.471584
0.394342
0.408379
0.461815
0.486475
0.437283
0.438535
0.487162
0.437669
0.411029
0.333866
0.477916
0.39438
0.471901
0.409105
0.461831
0.4928
0.492917
0.49803
0.48628
0.493405
0.497721
0.498858
0.489521
0.423841
0.491446
0.459292
0.474128
0.498355
0.499658
0.5
0.5
0.5
0.514965
0.331036
0.125675
0.21509
0.032161
0.0722594
0.0287891
0.0688876
0.397522
0.263675
0.38667
0.444091
0.30537
0.413617
0.228394
0.241911
0.346136
0.239218
0.22771
0.344458
0.479732
0.462405
0.45206
0.263924
0.397683
0.386233
0.0267051
0.0619424
0.0744701
0.303469
0.177023
0.116598
0.299105
0.188233
0.39924
0.27313
0.39737
0.479736
0.411789
0.452282
0.263269
0.344539
0.386199
0.211862
0.210901
0.31706
0.414733
0.29901
0.389953
0.214075
0.236922
0.327065
0.0835342
0.131694
0.239589
0.444267
0.451676
0.411862
0.226604
0.385098
0.343943
0.397626
0.26378
0.38677
0.444348
0.306081
0.413944
0.22863
0.242482
0.346444
0.40034
0.276049
0.400359
0.490016
0.464632
0.464677
0.276005
0.400239
0.400324
0.357793
0.249056
0.338474
0.147984
0.166516
0.263673
0.208666
0.182773
0.284218
0.400241
0.275816
0.400227
0.489997
0.464523
0.464596
0.275742
0.400049
0.400157
0.170334
0.0863572
0.22498
0.22086
0.268427
0.287132
0.0964838
0.264917
0.243955
0.240293
0.227671
0.345225
0.479843
0.462434
0.45247
0.263356
0.39745
0.386379
0.311061
0.189307
0.303788
0.1996
0.0709316
0.235201
0.117222
0.0667647
0.206891
0.0665095
0.116652
0.205484
0.378149
0.408072
0.363795
0.189699
0.314284
0.303286
0.233103
0.207926
0.311027
0.219536
0.174728
0.292353
0.199235
0.185186
0.28509
0.499535
0.495338
0.499533
0.5
0.5
0.5
0.495348
0.499537
0.499532
0.499535
0.495339
0.499532
0.5
0.5
0.5
0.49535
0.499537
0.499532
0.374992
0.374996
0.374991
0.374977
0.374999
0.375
0.376208
0.377649
0.495228
0.49939
0.49952
0.5
0.5
0.5
0.495317
0.499532
0.499531
0.375
0.375
0.374999
0.375
0.374999
0.375
0.376111
0.377405
0.377123
0.309061
0.319931
0.0679385
0.0677286
0.178178
0.189863
0.0839648
0.224007
0.404773
0.457716
0.395546
0.0845113
0.142527
0.241571
0.422499
0.255004
0.358247
0.279041
0.425113
0.368686
0.102825
0.286292
0.281252
0.458474
0.405628
0.39873
0.082287
0.175393
0.215094
0.0890057
0.262505
0.233125
0.246118
0.344643
0.292107
0.499836
0.498569
0.498521
0.490806
0.454009
0.490315
0.490566
0.453884
0.490296
0.353845
0.412122
0.388724
0.213331
0.301673
0.329504
0.42416
0.324182
0.396664
0.5
0.5
0.5
0.5
0.5
0.5
0.5
0.5
0.5
0.133667
0.348725
0.347013
0.459575
0.490554
0.455596
0.45627
0.49053
0.455185
0.0821561
0.171514
0.213302
0.0893884
0.250629
0.230819
0.226096
0.305416
0.281233
0.498672
0.491358
0.491153
0.457912
0.35028
0.457019
0.457736
0.350299
0.457055
0.5
0.5
0.5
0.499997
0.5
0.5
0.5
0.5
0.5
0.209921
0.202395
0.286909
0.141839
0.164387
0.253049
0.196583
0.179956
0.27093
0.5
0.5
0.5
0.499997
0.5
0.5
0.5
0.5
0.5
0.346227
0.455975
0.455195
0.491002
0.498582
0.490665
0.490898
0.498587
0.490661
0.5
0.5
0.5
0.5
0.5
0.5
0.5
0.5
0.5
0.304745
0.22583
0.281048
0.0677712
0.0673894
0.175034
0.171558
0.0821875
0.213332
0.418238
0.435661
0.468128
0.45984
0.441911
0.47762
0.475908
0.478007
0.484404
0.337581
0.403697
0.413578
0.238754
0.280024
0.347198
0.344898
0.334286
0.383377
0.5
0.5
0.5
0.5
0.5
0.5
0.5
0.5
0.5
0.499999
0.499995
0.499998
0.499998
0.5
0.499999
0.5
0.5
0.5
0.5
0.5
0.5
0.5
0.5
0.5
0.5
0.5
0.5
0.783075
0.683499
0.900149
0.785005
0.956487
0.989147
0.945636
0.979435
0.40671
0.465979
0.405645
0.102759
0.258977
0.281084
0.458204
0.367765
0.398487
0.315128
0.267047
0.326347
0.209199
0.294198
0.312189
0.310165
0.303752
0.347311
0.5
0.5
0.5
0.5
0.5
0.5
0.5
0.5
0.5
0.0821873
0.171559
0.213331
0.0894211
0.250489
0.230817
0.225826
0.304745
0.281048
0.405389
0.458651
0.398675
0.0949225
0.197608
0.259999
0.426352
0.281634
0.369547
0.406829
0.467397
0.406961
0.105067
0.287298
0.287315
0.467435
0.407004
0.407023
0.378987
0.463348
0.399109
0.104082
0.286997
0.285296
0.466632
0.406757
0.405402
0.5
0.5
0.5
0.5
0.5
0.5
0.5
0.5
0.5
0.304746
0.225831
0.281049
0.0677713
0.0673895
0.175034
0.171559
0.0821876
0.213332
0.455493
0.479053
0.513587
0.642511
0.227963
0.542307
0.414171
0.195739
0.463769
0.337581
0.403698
0.413578
0.238754
0.280024
0.347198
0.344899
0.334286
0.383377
0.5
0.5
0.5
0.5
0.5
0.5
0.5
0.5
0.5
0.99907
0.999887
0.998576
0.999814
0.990791
0.960026
0.990589
0.959415
0.5
0.499997
0.499999
0.5
0.5
0.5
0.5
0.5
0.5
0.40358
0.294055
0.405961
0.471049
0.362117
0.444031
0.328332
0.331285
0.401965
0.5
0.5
0.5
0.5
0.5
0.5
0.5
0.5
0.5
0.286054
0.257267
0.370406
0.486031
0.464602
0.459541
0.276547
0.401668
0.396114
0.40322
0.276952
0.396304
0.453992
0.326694
0.425434
0.25606
0.279171
0.366926
0.0838449
0.175921
0.224183
0.222571
0.409796
0.311706
0.240167
0.375699
0.319684
0.5
0.5
0.5
0.535352
0.5
0.5
0.5
0.5
0.5
0.638192
0.785997
0.659573
0.0680877
0.0662318
0.268377
0.614303
0.172088
0.483806
0.351867
0.412035
0.438715
0.49131
0.469341
0.47451
0.362772
0.413664
0.436576
0.997849
0.999594
0.993488
0.998634
0.376317
0.452918
0.38523
0.081577
0.137184
0.234285
0.422673
0.249928
0.35129
0.5
0.5
0.5
0.5
0.5
0.5
0.5
0.5
0.5
0.245699
0.416879
0.349842
0.0943634
0.247543
0.264087
0.451647
0.376263
0.384947
0.375679
0.45104
0.384243
0.0815182
0.136081
0.233644
0.415354
0.244246
0.348638
0.457047
0.499217
0.493287
0.5
0.5
0.5
0.5
0.5
0.5
0.527107
0.5
0.570186
0.5
0.522417
0.5
0.5
0.5
0.5
0.5
0.5
0.5
0.5
0.5
0.5
0.5
0.5
0.5
0.499841
0.5
0.5
0.5
0.499824
0.499804
0.499998
0.5
0.5
0.5
0.5
0.508828
0.506498
0.531887
0.519277
0.5
0.5
0.5
0.5
0.5
0.5
0.5
0.5
0.5
0.5
0.5
0.5
0.5
0.5
0.5
0.5
0.503909
0.5
0.589104
0.5
0.557873
0.5
0.5
0.528308
0.5
0.5
0.5
0.5
0.5
0.5
0.5
0.5
0.5
0.509678
0.570831
0.5
0.500122
0.500098
0.622204
0.648099
0.616292
0.541405
0.5
0.465838
0.49737
0.13677
0.498002
0.5
0.497742
0.497866
0.0941994
0.497866
0.0275022
0.138268
0.5
0.490135
0.166926
0.5
0.5
0.499957
0.5
0.498006
0.499858
0.499958
0.0241484
0.499791
0.139964
0.5
0.232991
0.168585
0.598177
0.5
0.5
0.5
0.356641
0.168583
0.621186
0.497821
0.5
0.16441
0.497912
0.697275
0.497955
0.267192
0.5
0.392047
0.22324
0.48855
0.482469
0.5
0.5
0.489812
0.136462
0.476467
0.275951
0.5
0.5
0.0228862
0.0622662
0.0851474
0.485691
0.489404
0.0730194
0.0241392
0.127395
0.5
0.466583
0.482848
0.5
0.485756
0.444738
0.476412
0.275222
0.341332
0.0852591
0.5
0.5
0.499999
0.5
0.499998
0.42327
0.10343
0.103135
0.0293248
0.497441
0.499853
0.495814
0.4988
0.5
0.5
0.160298
0.499985
0.143698
0.238892
0.49986
0.362457
0.5
0.490253
0.490267
0.14436
0.495655
0.105843
0.10631
0.0675703
0.0254452
0.5
0.5
0.482413
0.0720486
0.495854
0.498687
0.5
0.475556
0.0290959
0.0921477
0.235397
0.499853
0.363201
0.0699118
0.145022
0.5
0.5
0.499995
0.5
0.499983
0.499906
0.104807
0.499485
0.498009
0.5
0.5
0.162159
0.104616
0.40569
0.499765
0.290062
0.5
0.498016
0.0919074
0.5
0.5
0.499095
0.498662
0.5
0.427285
0.407863
0.499842
0.289322
0.343956
0.0920139
0.542727
0.526144
0.499978
0.498944
0.499215
0.5
0.500122
0.241925
0.499907
0.289638
0.5
0.0916421
0.5
0.5
0.49928
0.498679
0.5
0.462782
0.0915297
0.238439
0.499832
0.414226
0.0697412
0.183744
0.499793
0.0857422
0.568119
0.5
0.241899
0.0379639
0.0345918
0.500122
0.738723
0.627917
0.499006
0.0846441
0.512816
0.0371266
0.0347649
0.5
0.0925669
0.0986124
0.0978898
0.0912248
0.0329015
0.477935
0.0974383
0.0967183
0.477674
0.0304016
0.0865009
0.0980459
0.0981749
0.0982607
0.0980709
0.0957718
0.0753927
0.0981851
0.0978965
0.477929
0.0968103
0.0993213
0.0954659
0.477675
0.487211
0.46415
0.470735
0.493796
0.47826
0.478263
0.477253
0.477083
0.477259
0.477103
0.139124
0.133916
0.497804
0.465817
0.490653
0.402524
0.490228
0.407542
0.132823
0.354216
0.349688
0.137467
0.135025
0.5
0.5
0.497111
0.499986
0.498796
0.106734
0.0960098
0.5
0.0913855
0.102366
0.110456
0.5
0.139142
0.138254
0.497857
0.499871
0.499997
0.497845
0.499997
0.499997
0.497734
0.499997
0.499864
0.13614
0.5
0.5
0.0942687
0.0992034
0.100004
0.5
0.490164
0.490001
0.496443
0.0951389
0.0976384
0.192194
0.141641
0.5
0.5
0.5
0.5
0.5
0.5
0.5
0.5
0.5
0.5
0.359216
0.342886
0.157219
0.127311
0.5
0.5
0.499298
0.490888
0.489631
0.0956249
0.095123
0.5
0.423011
0.409029
0.493805
0.470949
0.480616
0.141098
0.135253
0.49996
0.490776
0.491001
0.49996
0.490924
0.490987
0.499696
0.477652
0.477521
0.129296
0.5
0.5
0.0984746
0.111751
0.107189
0.5
0.0892964
0.0951395
0.097639
0.283584
0.141647
0.5
0.5
0.5
0.59919
0.5
0.5
0.5
0.157115
0.127904
0.5
0.5
0.102556
0.102428
0.5
0.0275241
0.0269933
0.102443
0.101819
0.5
0.5
0.0275212
0.5
0.102447
0.104387
0.488881
0.142012
0.593617
0.621793
0.266778
0.172577
0.5
0.5
0.497956
0.477492
0.477602
0.5
0.138002
0.170009
0.13751
0.47031
0.477023
0.454217
0.691767
0.164458
0.138033
0.49789
0.477509
0.477366
0.174086
0.5
0.067549
0.032694
0.136371
0.03233
0.128747
0.0325417
0.0759298
0.0966577
0.0329812
0.138719
0.0329476
0.0315298
0.0321096
0.0795176
0.0325773
0.0865492
0.0307999
0.467757
0.467851
0.465942
0.465942
0.5
0.494294
0.5
0.491424
0.0923694
0.272926
0.488443
0.271677
0.0324258
0.079199
0.16732
0.476283
0.166879
0.494242
0.491424
0.0258792
0.0740502
0.112545
0.105323
0.234088
0.198616
0.209435
0.0306508
0.5
0.096618
0.0326397
0.0319986
0.0282731
0.0983158
0.0982227
0.0310995
0.096558
0.273806
0.486703
0.273872
0.0327607
0.0330142
0.0971654
0.0260744
0.0322051
0.477763
0.468104
0.467903
0.5
0.494292
0.5
0.494266
0.108232
0.0954234
0.238397
0.0759927
0.268579
0.100141
0.252427
0.0939577
0.0738607
0.0970075
0.248014
0.100284
0.25251
0.0898981
0.184771
0.0670806
0.0794117
0.0327898
0.132364
0.0322051
0.494356
0.0315366
0.111575
0.10919
0.0765071
0.0994956
0.291961
0.493805
0.297381
0.0324417
0.0793488
0.167275
0.476215
0.167142
0.0322534
0.128848
0.0306735
0.485575
0.488953
0.501742
0.476338
0.476748
0.5
0.495758
0.47628
0.476743
0.5
0.495744
0.476344
0.476753
0.5
0.495759
0.470664
0.476177
0.495586
0.5
0.495537
0.495542
0.5
0.495587
0.390067
0.450919
0.354175
0.121136
0.356259
0.48968
0.345854
0.120102
0.0261796
0.0980975
0.406972
0.0994722
0.265783
0.395303
0.499733
0.432572
0.357088
0.321247
0.241737
0.497921
0.293952
0.146267
0.116753
0.5
0.5
0.5
0.5
0.5
0.493994
0.143338
0.492917
0.499981
0.498729
0.498671
0.495538
0.296528
0.498162
0.49977
0.499838
0.49979
0.5
0.102427
0.0997689
0.398136
0.249739
0.281686
0.467833
0.27406
0.14981
0.211016
0.281583
0.483166
0.293654
0.453703
0.326667
0.117218
0.136536
0.136284
0.185924
0.487686
0.208583
0.0264877
0.0820909
0.497865
0.499997
0.499997
0.486329
0.07795
0.472722
0.467616
0.106294
0.465629
0.0683653
0.5
0.5
0.5
0.5
0.5
0.5
0.5
0.5
0.100604
0.100095
0.252526
0.259009
0.27095
0.289735
0.271837
0.280985
0.0914844
0.423784
0.0348328
0.268255
0.29008
0.271703
0.281204
0.247484
0.258856
0.379544
0.498892
0.361974
0.136575
0.136778
0.5
0.5
0.496341
0.450932
0.367195
0.225971
0.119403
0.495391
0.295192
0.49812
0.49985
0.49984
0.499788
0.320913
0.117165
0.5
0.5
0.5
0.5
0.5
0.5
0.5
0.5
0.5
0.5
0.5
0.499999
0.5
0.5
0.499997
0.5
0.5
0.5
0.5
0.5
0.5
0.5
0.0287528
0.474148
0.49088
0.451576
0.0713185
0.324101
0.127927
0.123405
0.414578
0.49873
0.363824
0.0932315
0.133304
0.5
0.5
0.5
0.5
0.5
0.5
0.5
0.496138
0.136441
0.482762
0.467087
0.103716
0.465226
0.499399
0.362583
0.498866
0.499821
0.499722
0.499834
0.5
0.48384
0.470983
0.471617
0.0841885
0.400209
0.415405
0.0954603
0.447913
0.471693
0.448432
0.415386
0.094248
0.451132
0.0814984
0.414938
0.133029
0.43247
0.0370818
0.432167
0.113896
0.5
0.5
0.5
0.5
0.5
0.111556
0.10699
0.098587
0.362902
0.498777
0.353668
0.139632
0.135137
0.5
0.5
0.0873712
0.0257071
0.249323
0.101685
0.254669
0.499397
0.363203
0.498867
0.499848
0.499719
0.499835
0.312089
0.185446
0.133162
0.5
0.5
0.5
0.5
0.542956
0.183121
0.126108
0.244673
0.497922
0.29349
0.0992306
0.115232
0.5
0.5
0.5
0.5007
0.5
0.49877
0.295971
0.498159
0.49977
0.499722
0.499787
0.5
0.0764261
0.115535
0.1424
0.0746321
0.5
0.5
0.5
0.535072
0.5
0.5
0.5
0.383066
0.498898
0.361982
0.13649
0.136777
0.5
0.434749
0.0356991
0.498724
0.295609
0.498128
0.499852
0.499894
0.499792
0.498114
0.318616
0.118458
0.51026
0.484542
0.396246
0.346472
0.487194
0.320567
0.0998364
0.501401
0.5
0.5
0.5
0.5
0.432219
0.0371036
0.432324
0.49876
0.283199
0.488649
0.443741
0.0390743
0.451888
0.5
0.0977135
0.735498
0.624917
0.117312
0.362455
0.483996
0.339665
0.115172
0.498225
0.398385
0.48449
0.499691
0.396939
0.484518
0.432119
0.037058
0.431906
0.130288
0.12892
0.5
0.492146
0.467145
0.494113
0.494481
0.499238
0.497223
0.19504
0.142098
0.173232
0.49931
0.497789
0.497805
0.499104
0.174773
0.169541
0.499597
0.497993
0.499832
0.499816
0.5
0.5
0.5
0.5
0.5
0.5
0.5
0.147299
0.140426
0.499075
0.492495
0.494253
0.49885
0.5
0.562337
0.497814
0.49971
0.499771
0.497837
0.499774
0.49978
0.0855877
0.497836
0.499773
0.49978
0.147804
0.144791
0.141324
0.499774
0.497976
0.498002
0.499781
0.499774
0.497977
0.498003
0.499781
0.499733
0.497977
0.497975
0.499775
0.5
0.5
0.5
0.5
0.5
0.5
0.5
0.493321
0.498862
0.499535
0.167745
0.188575
0.153055
0.499442
0.492533
0.494257
0.499295
0.5
0.5
0.5
0.5
0.5
0.5
0.560027
0.1962
0.564202
0.193518
0.99872
0.999667
0.998867
0.999827
0.560527
0.193557
0.55947
0.194066
0.999979
0.999766
0.999771
0.999978
0.0472926
0.142433
0.198796
0.582975
0.56918
0.207682
0.0473325
0.142574
0.199867
0.58355
0.571297
0.20823
0.499875
0.499959
0.499818
0.499815
0.5
0.5
0.5
0.5
0.5
0.5
0.5
0.497988
0.499443
0.146337
0.141558
0.499943
0.499993
0.499906
0.499996
0.499951
0.49971
0.499773
0.499959
0.499768
0.499778
0.499694
0.499096
0.49876
0.169367
0.144613
0.156305
0.499798
0.49996
0.499961
0.499781
0.499797
0.49996
0.499961
0.499779
0.499793
0.499961
0.499961
0.499799
0.5
0.5
0.5
0.5
0.5
0.5
0.5
0.0622138
0.0593504
0.170096
0.0217549
0.278538
0.345555
0.402104
0.137559
0.037256
0.200837
0.0233743
0.167941
0.188718
0.154828
0.499976
0.499993
0.499918
0.499999
0.955897
0.614481
0.746441
0.853437
0.9417
0.780434
0.881441
0.999985
0.999991
0.999985
0.999999
0.5
0.5
0.5
0.557739
0.19191
0.5577
0.191922
0.999569
0.99882
0.998922
0.999686
0.5
0.5
0.5
0.5
0.5
0.5
0.5
0.0387963
0.111627
0.064175
0.146337
0.141559
0.499943
0.499993
0.499906
0.499996
0.351157
0.140055
0.375195
0.129121
0.499286
0.499877
0.499221
0.499912
0.322116
0.116592
0.321696
0.116752
0.499315
0.499915
0.499291
0.499917
0.457469
0.160798
0.420535
0.176008
0.5
0.5
0.5
0.5
0.499918
0.499328
0.499313
0.499919
0.499918
0.499311
0.499311
0.499917
0.0472661
0.142309
0.185094
0.528697
0.514866
0.188134
0.171075
0.48284
0.464444
0.176577
0.149868
0.394207
0.396662
0.14827
0.5
0.5
0.5
0.5
0.5
0.5
0.5
0.0438535
0.377829
0.146337
0.188716
0.14156
0.499943
0.499993
0.499906
0.499996
0.963315
0.6211
0.793557
0.892877
0.962929
0.794568
0.894288
0.999999
0.999983
0.999983
0.999999
0.497788
0.49892
0.498648
0.5
0.5
0.5
0.5
0.5
0.5
0.5
0.146263
0.17655
0.141545
0.499721
0.499954
0.499866
0.499786
0.497197
0.499173
0.498151
0.174794
0.170192
0.568764
0.730616
0.600855
0.677947
0.852998
0.882072
0.743245
0.873036
0.817573
0.5
0.877711
0.497865
0.49931
0.498897
0.0614606
0.146033
0.324087
0.141479
0.499081
0.499705
0.499708
0.498841
0.280256
0.0967823
0.279743
0.097029
0.499825
0.499385
0.499287
0.499916
0.8241
0.78885
0.602367
0.759195
0.567873
0.697235
0.79169
0.733326
0.747183
0.894971
0.810588
0.0289221
0.0831913
0.184809
0.501035
0.514305
0.181626
0.584194
0.20007
0.571383
0.208632
0.627849
0.63064
0.499968
0.73254
0.0737706
0.199842
0.583481
0.571241
0.208199
0.29187
0.0997143
0.28513
0.104168
0.499996
0.499918
0.499953
0.499992
0.0368592
0.0969287
0.280452
0.279962
0.0971664
0.191914
0.346381
0.13149
0.172381
0.0538194
0.026327
0.11715
0.140312
0.463513
0.48978
0.463514
0.489714
0.463766
0.489816
0.489775
0.463619
0.114033
0.132421
0.0245551
0.0594346
0.302743
0.0734308
0.223331
0.175456
0.463723
0.485466
0.489444
0.455874
0.0711003
0.463195
0.461973
0.272083
0.350969
0.133084
0.238216
0.27943
0.129249
0.491357
0.5
0.491381
0.490718
0.5
0.490719
0.46361
0.489949
0.463769
0.0324347
0.48078
0.261804
0.0713373
0.429243
0.469967
0.412603
0.128642
0.481945
0.237456
0.5
0.5
0.5
0.5
0.5
0.5
0.5
0.5
0.5
0.5
0.5
0.5
0.5
0.5
0.0564118
0.156382
0.0862664
0.116007
0.112348
0.128145
0.429609
0.470152
0.41309
0.476637
0.429609
0.470105
0.476593
0.413071
0.113733
0.0956677
0.129316
0.487774
0.490233
0.414302
0.464122
0.489777
0.464
0.271777
0.203583
0.125392
0.0713672
0.0321183
0.302253
0.0732746
0.175157
0.225303
0.0245211
0.0593756
0.463361
0.48979
0.463541
0.116045
0.472194
0.270842
0.0583006
0.113687
0.112698
0.129524
0.463825
0.489894
0.463711
0.489858
0.46413
0.489895
0.490026
0.463744
0.464125
0.489915
0.463751
0.490053
0.464132
0.489898
0.490027
0.463751
0.464131
0.489922
0.463771
0.490055
0.464279
0.489923
0.490068
0.463817
0.379194
0.283568
0.357945
0.32038
0.491357
0.5
0.491378
0.491467
0.5
0.491403
0.26723
0.0325402
0.0284902
0.238011
0.341431
0.131653
0.5
0.5
0.5
0.5
0.5
0.5
0.5
0.5
0.5
0.5
0.5
0.5
0.5
0.5
0.223923
0.489452
0.277874
0.429386
0.469963
0.412918
0.128705
0.481882
0.237741
0.113056
0.131064
0.429547
0.469758
0.413005
0.476309
0.429535
0.469695
0.476231
0.412981
0.113732
0.0957389
0.129314
0.495336
0.5
0.495414
0.5
0.5
0.5
0.494302
0.5
0.495317
0.5
0.5
0.5
0.494586
0.5
0.495358
0.4762
0.441255
0.486667
0.446231
0.0361046
0.318717
0.490485
0.498953
0.494002
0.279247
0.101281
0.271413
0.0689375
0.144054
0.256838
0.499484
0.497794
0.499132
0.497884
0.0329816
0.172586
0.113087
0.0370374
0.169595
0.154863
0.17286
0.0371244
0.113166
0.0330424
0.499679
0.496433
0.497729
0.499568
0.129679
0.0342838
0.0294834
0.286628
0.098967
0.105171
0.272944
0.499852
0.074423
0.452493
0.493901
0.499798
0.498673
0.499429
0.12756
0.499773
0.460375
0.443406
0.48979
0.499675
0.496756
0.49803
0.365854
0.321576
0.5
0.5
0.5
0.5
0.5
0.5
0.390484
0.175097
0.416781
0.499985
0.499984
0.499985
0.137221
0.492021
0.491323
0.261411
0.0994125
0.256845
0.443938
0.213058
0.459852
0.499825
0.499987
0.499984
0.32277
0.498659
0.498156
0.5
0.5
0.5
0.5
0.5
0.5
0.5
0.5
0.5
0.5
0.5
0.5
0.5
0.5
0.5
0.0352606
0.465145
0.489736
0.136725
0.465131
0.490172
0.138789
0.499143
0.492555
0.498893
0.494334
0.132746
0.134929
0.499833
0.499987
0.499986
0.499847
0.14575
0.140138
0.499846
0.499988
0.499857
0.499987
0.134899
0.133392
0.136631
0.483623
0.49918
0.493711
0.464954
0.0703879
0.258658
0.194011
0.181367
0.0691199
0.0261572
0.0752496
0.0275187
0.497867
0.499772
0.499772
0.192526
0.20884
0.5
0.499997
0.5
0.289521
0.106531
0.289855
0.191783
0.105391
0.454789
0.090161
0.499998
0.499966
0.499997
0.0662168
0.499729
0.497982
0.499782
0.497918
0.135029
0.133086
0.139592
0.499831
0.499984
0.499986
0.49984
0.499779
0.49799
0.499785
0.498021
0.5
0.499996
0.499997
0.499999
0.5
0.499997
0.5
0.499997
0.49978
0.497992
0.499786
0.498021
0.5
0.499997
0.499997
0.5
0.5
0.499997
0.5
0.499997
0.168196
0.119468
0.246968
0.5
0.499997
0.499997
0.5
0.494684
0.49669
0.498655
0.489526
0.5
0.5
0.5
0.5
0.5
0.5
0.5
0.5
0.5
0.455125
0.0267223
0.083003
0.419599
0.491649
0.442927
0.366026
0.0264555
0.08221
0.492329
0.499518
0.497497
0.498671
0.35194
0.352077
0.5
0.5
0.5
0.5
0.5
0.5
0.5
0.5
0.5
0.5
0.5
0.5
0.5
0.5
0.5
0.5
0.5
0.5
0.493407
0.493009
0.498867
0.419144
0.0294639
0.227413
0.255245
0.0992055
0.255847
0.439992
0.20736
0.453737
0.499839
0.499987
0.499986
0.322421
0.498663
0.498142
0.171419
0.442267
0.198512
0.499488
0.492594
0.499323
0.494346
0.133611
0.134418
0.138158
0.499831
0.499986
0.499985
0.499842
0.145758
0.14014
0.499844
0.499987
0.499851
0.499986
0.134898
0.133607
0.13663
0.5
0.5
0.5
0.5
0.5
0.5
0.5
0.5
0.5
0.5
0.5
0.5
0.5
0.5
0.5
0.5
0.5
0.5
0.499999
0.499992
0.499999
0.5
0.5
0.5
0.499998
0.5
0.5
0.5
0.5
0.5
0.988301
0.998082
0.988475
0.997889
0.988225
0.998058
0.997592
0.988501
0.501133
0.145795
0.16545
0.468387
0.528815
0.190206
0.179158
0.552607
0.988185
0.998057
0.988312
0.997865
0.98846
0.998072
0.9981
0.988316
0.987202
0.994558
0.99723
0.981801
0.99975
0.999743
0.999946
0.999548
0.493099
0.124646
0.370125
0.16884
0.950012
0.836407
0.952284
0.82991
0.242197
0.0630754
0.342503
0.203132
0.0273291
0.157107
0.99975
0.999748
0.999959
0.999542
0.493398
0.124731
0.370398
0.168956
0.950318
0.836754
0.952375
0.830725
0.999477
0.99761
0.999132
0.998498
0.950735
0.836545
0.831397
0.9523
0.946487
0.810987
0.824754
0.936038
0.198798
0.582826
0.207633
0.569248
0.0621498
0.199513
0.583847
0.208379
0.570539
0.1985
0.561878
0.566165
0.201215
0.439619
0.0739141
0.315066
0.176957
0.499366
0.499882
0.499726
0.322106
0.0823234
0.46711
0.0945141
0.424954
0.496546
0.499942
0.499403
0.498448
0.293234
0.346074
0.5
0.5
0.5
0.5
0.5
0.5
0.5
0.5
0.5
0.116533
0.0992239
0.45571
0.394005
0.175427
0.417187
0.286453
0.104574
0.286365
0.116921
0.0991783
0.455717
0.479584
0.437171
0.493143
0.499774
0.499977
0.49998
0.346244
0.497749
0.498529
0.5
0.5
0.5
0.5
0.5
0.5
0.5
0.5
0.5
0.5
0.5
0.5
0.5
0.5
0.5
0.5
0.5
0.5
0.497777
0.4995
0.11303
0.0372297
0.154319
0.113041
0.0371185
0.499948
0.499992
0.499997
0.499905
0.132743
0.134931
0.499833
0.499987
0.499986
0.499847
0.146094
0.142053
0.499846
0.499988
0.499857
0.499987
0.134899
0.115811
0.136631
0.286742
0.104427
0.286118
0.173251
0.113121
0.305834
0.0845388
0.450777
0.499841
0.499958
0.499811
0.499888
0.0755572
0.0328817
0.0274979
0.286524
0.104396
0.28603
0.104709
0.499803
0.499961
0.499783
0.499963
0.286895
0.104463
0.104889
0.286155
0.286943
0.104498
0.286231
0.104902
0.499801
0.499963
0.499804
0.499962
0.286694
0.104437
0.104783
0.286107
0.286916
0.104464
0.28617
0.104893
0.499681
0.498548
0.499605
0.498781
0.286912
0.104426
0.10488
0.286101
0.28667
0.0989646
0.10519
0.272934
0.5
0.5
0.5
0.5
0.5
0.5
0.254977
0.0817188
0.088301
0.235483
0.457791
0.432414
0.459316
0.427748
0.467551
0.44184
0.461031
0.462245
0.270014
0.0973521
0.0937206
0.279534
0.493374
0.499403
0.494908
0.498631
0.356277
0.34953
0.5
0.5
0.5
0.5
0.5
0.5
0.5
0.5
0.5
0.5
0.5
0.5
0.5
0.5
0.5
0.5
0.5
0.5
0.119332
0.32553
0.124599
0.316857
0.242586
0.0353201
0.0692775
0.321913
0.103836
0.123801
0.291074
0.0941066
0.065239
0.178867
0.0229131
0.0615568
0.0671678
0.255245
0.0992053
0.255847
0.479235
0.440465
0.492388
0.49983
0.499985
0.499985
0.346395
0.497713
0.498531
0.499982
0.499993
0.499999
0.499919
0.132825
0.134943
0.499833
0.499987
0.499986
0.499847
0.146101
0.142057
0.499846
0.499988
0.499857
0.499987
0.134899
0.115866
0.136631
0.885451
0.5
0.64974
0.790861
0.571576
0.735887
0.912684
0.998497
0.99984
0.998714
0.999806
0.999505
0.999895
0.999938
0.999119
0.880289
0.5
0.612447
0.756026
0.567864
0.728526
0.892959
0.999998
0.999986
0.999999
0.99998
0.865202
0.499996
0.535135
0.676953
0.552036
0.702393
0.850515
0.883342
0.756882
0.733177
0.893724
0.999958
0.999883
0.999956
0.999912
0.5
0.5
0.5
0.555242
0.193192
0.559125
0.191961
0.973527
0.992925
0.966908
0.994381
0.973477
0.992916
0.994366
0.96688
0.554971
0.193043
0.191747
0.559012
0.492174
0.499794
0.496837
0.498027
0.33237
0.31964
0.5
0.5
0.5
0.5
0.501401
0.5
0.999569
0.998823
0.999687
0.998925
0.465378
0.110542
0.319153
0.161102
0.698138
0.244602
0.645824
0.34512
0.558606
0.192598
0.192519
0.558736
0.698269
0.244674
0.345058
0.645936
0.465257
0.110519
0.16103
0.319123
0.446718
0.213117
0.459948
0.499842
0.499989
0.499986
0.320171
0.497744
0.498117
0.5
0.5
0.5
0.5
0.5
0.5
0.5
0.5
0.5
0.5
0.5
0.5
0.5
0.5
0.5
0.0643085
0.0387931
0.111628
0.499948
0.499992
0.499997
0.499905
0.132742
0.132654
0.13493
0.499833
0.499984
0.499985
0.499844
0.146094
0.142054
0.499846
0.499985
0.499854
0.499987
0.134899
0.114287
0.136629
0.420474
0.14907
0.397432
0.155574
0.499617
0.499841
0.498642
0.499969
0.495154
0.499531
0.498651
0.497168
0.111999
0.113156
0.499999
0.499981
0.499992
0.499998
0.321373
0.116367
0.321436
0.116295
0.499993
0.499993
0.499993
0.499993
0.113452
0.113392
0.499287
0.499915
0.499288
0.499915
0.113298
0.113641
0.466298
0.49007
0.46632
0.499993
0.499993
0.499993
0.499993
0.389288
0.152448
0.402184
0.146604
0.5
0.5
0.5
0.5
0.118404
0.114771
0.499992
0.5
0.499999
0.5
0.48846
0.496409
0.483272
0.497574
0.480257
0.495875
0.495747
0.480898
0.480242
0.495748
0.480181
0.495767
0.252955
0.100012
0.257027
0.0979393
0.480056
0.49573
0.495723
0.480108
0.446933
0.475119
0.484563
0.425222
0.33807
0.109466
0.236574
0.273245
0.429028
0.460804
0.475063
0.400291
0.5
0.5
0.5
0.5
0.457608
0.0610573
0.299676
0.146252
0.803069
0.75012
0.758049
0.772062
0.499955
0.499416
0.499929
0.499615
0.639146
0.723179
0.686157
0.713344
0.576136
0.636044
0.573975
0.640353
0.499919
0.499314
0.499918
0.499319
0.551781
0.623839
0.595151
0.567576
0.5
0.496121
0.5
0.497161
0.499183
0.492912
0.49634
0.498033
0.5
0.495938
0.496793
0.5
0.499854
0.486544
0.496322
0.498339
0.191782
0.539012
0.190321
0.546503
0.180318
0.491336
0.179267
0.494535
0.150379
0.394658
0.148537
0.39754
0.152353
0.387316
0.398675
0.149781
0.5
0.5
0.5
0.5
0.5
0.5
0.281045
0.366934
0.197295
0.494962
0.499772
0.497674
0.498671
0.351822
0.352075
0.5
0.5
0.5
0.5
0.5
0.5
0.5
0.5
0.5
0.5
0.5
0.5
0.5
0.5
0.5
0.420627
0.487849
0.449309
0.407446
0.0267498
0.0837846
0.465295
0.490337
0.465302
0.442785
0.207426
0.45384
0.499837
0.499963
0.499984
0.32436
0.499195
0.498166
0.499948
0.499992
0.499997
0.499905
0.132741
0.134921
0.499832
0.499954
0.499983
0.499826
0.146093
0.142053
0.499844
0.499954
0.499835
0.499984
0.134898
0.148195
0.13662
0.961737
0.892945
0.962755
0.892553
0.998429
0.999807
0.99844
0.999805
0.998456
0.999809
0.999809
0.998452
0.997255
0.996928
0.998992
0.994227
0.999998
0.999983
0.999999
0.999982
0.999976
0.999931
0.99997
0.999933
0.998971
0.997631
0.999271
0.997381
0.49675
0.499512
0.499715
0.499098
0.499925
0.499961
0.455813
0.034456
0.292709
0.500122
0.636346
0.5
0.5
0.5
0.5
0.172999
0.113274
0.446676
0.213053
0.459845
0.179542
0.122348
0.281869
0.087507
0.460487
0.5
0.5
0.5
0.5
0.696907
0.616155
0.740519
0.595135
0.5
0.5
0.500122
0.5
0.5
0.5
0.5
0.499739
0.499955
0.499794
0.499867
0.0746544
0.0271961
0.286808
0.104542
0.286338
0.104845
0.146012
0.142037
0.28722
0.104634
0.105047
0.286519
0.0759908
0.0315003
0.0277
0.0692543
0.0821712
0.396399
0.499048
0.487859
0.493532
0.496883
0.12968
0.034284
0.0294837
0.286626
0.0989643
0.105171
0.272932
0.97017
0.690493
0.86818
0.922467
0.851425
0.925582
0.950052
0.956412
0.62452
0.801307
0.884268
0.797945
0.89176
0.93634
0.495709
0.499481
0.498367
0.450787
0.0349099
0.311061
0.493306
0.498972
0.494596
0.450842
0.0349597
0.307857
0.574845
0.737038
0.600841
0.859495
0.746721
0.81658
0.5
0.872033
0.404714
0.0554344
0.240314
0.131834
0.433916
0.114792
0.147847
0.333089
0.493706
0.574087
0.499871
0.172775
0.113022
0.32949
0.0844838
0.450871
0.492346
0.579287
0.499831
0.172822
0.112984
0.327398
0.0844823
0.450876
0.0435197
0.125421
0.499134
0.499713
0.498876
0.499716
0.0328647
0.034055
0.173266
0.113489
0.0372374
0.145766
0.141968
0.17345
0.0372492
0.113562
0.0333833
0.033715
0.264545
0.0951099
0.276332
0.0896009
0.492964
0.497431
0.487472
0.498654
0.482577
0.496308
0.496183
0.48285
0.26479
0.0958753
0.0897101
0.277884
0.692494
0.665575
0.705199
0.654843
0.5
0.5
0.5
0.5
0.5
0.5
0.5
0.499868
0.499588
0.499942
0.499719
0.236293
0.0313411
0.161261
0.0745114
0.567171
0.638866
0.576043
0.6215
0.292124
0.0994859
0.104248
0.28469
0.639863
0.654555
0.686092
0.585146
0.373226
0.0528266
0.117708
0.270015
0.5
0.5
0.5
0.5
0.5
0.5
0.5
0.5
0.175053
0.491881
0.179058
0.479382
0.0462273
0.136584
0.530569
0.192668
0.557546
0.179948
0.919313
0.816685
0.805364
0.930432
0.498267
0.619391
0.499715
0.61393
0.493495
0.497233
0.498604
0.490653
0.957636
0.834559
0.882067
0.939915
0.444674
0.0586653
0.267278
0.143066
0.950058
0.836647
0.952172
0.830343
0.49989
0.498842
0.499607
0.499432
0.950124
0.836452
0.83129
0.951897
0.941873
0.809505
0.823954
0.928744
0.199409
0.583747
0.208339
0.570216
0.19849
0.561647
0.56606
0.20119
0.262287
0.0958975
0.277697
0.0890805
0.494187
0.499122
0.49467
0.498952
0.496735
0.499295
0.499545
0.495492
0.369883
0.148292
0.136732
0.393287
0.499888
0.499886
0.499982
0.499781
0.222318
0.0293091
0.133568
0.0715258
0.473645
0.412099
0.473968
0.411545
0.411566
0.154198
0.160035
0.404022
0.473767
0.412206
0.411778
0.474011
0.238863
0.0313384
0.0790089
0.138661
0.0967879
0.280305
0.097094
0.279665
0.0374254
0.0966169
0.0975587
0.0962352
0.0975623
0.0966865
0.0954131
0.0965971
0.0975381
0.0311401
0.0749427
0.0267125
0.438694
0.490278
0.474173
0.0973458
0.438818
0.437829
0.490275
0.49001
0.47381
0.472975
0.478158
0.0719826
0.0350896
0.499994
0.499851
0.0970331
0.0981317
0.0970616
0.0980866
0.0970827
0.0981355
0.0971172
0.0971107
0.0971551
0.0970795
0.093359
0.0882615
0.0971232
0.0970456
0.0968368
0.0979158
0.0968461
0.0979153
0.0968577
0.0979467
0.438873
0.43869
0.490275
0.490362
0.47417
0.47424
0.478179
0.0255107
0.103584
0.438794
0.437829
0.490269
0.490009
0.47379
0.472972
0.478136
0.0350898
0.419569
0.487516
0.45155
0.419571
0.487517
0.45155
0.418624
0.483816
0.439951
0.477121
0.418722
0.483918
0.44003
0.418595
0.483804
0.439942
0.418726
0.483925
0.440038
0.418609
0.483814
0.439953
0.168508
0.140675
0.498137
0.490781
0.498173
0.490812
0.145287
0.143213
0.14208
0.133828
0.497017
0.499461
0.498622
0.46685
0.485884
0.49243
0.497917
0.490002
0.49712
0.47862
0.412816
0.485175
0.497572
0.487185
0.494882
0.404731
0.47067
0.479317
0.437925
0.477845
0.405415
0.492041
0.172093
0.139232
0.138425
0.499355
0.492649
0.497201
0.497323
0.494756
0.471138
0.493054
0.477554
0.410615
0.477649
0.400979
0.483927
0.168672
0.0322874
0.199047
0.196532
0.137885
0.366062
0.144464
0.0394767
0.498691
0.499556
0.144056
0.140803
0.0270162
0.474001
0.415768
0.399824
0.478452
0.5
0.5
0.5
0.5
0.5
0.5
0.5
0.5
0.5
0.5
0.5
0.5
0.5
0.5
0.497921
0.499413
0.499826
0.499962
0.499986
0.49996
0.0973229
0.0959535
0.5
0.5
0.5
0.5
0.5
0.5
0.5
0.5
0.5
0.5
0.5
0.0256978
0.10239
0.370667
0.460823
0.358458
0.468631
0.142954
0.136288
0.498872
0.490509
0.495576
0.494171
0.499711
0.499957
0.499709
0.499848
0.1451
0.175617
0.142725
0.146349
0.499772
0.497871
0.497879
0.499772
0.499961
0.499997
0.499965
0.499997
0.499772
0.497833
0.49786
0.499779
0.499771
0.497868
0.497867
0.499772
0.499961
0.499997
0.499961
0.499997
0.499775
0.49788
0.497898
0.499774
0.499959
0.499997
0.49996
0.499997
0.497832
0.499773
0.499779
0.499875
0.499987
0.499954
0.499961
0.499996
0.499961
0.203662
0.41974
0.185068
0.448314
0.0341853
0.497821
0.499767
0.499774
0.499961
0.499997
0.499961
0.499959
0.499997
0.49996
0.0384923
0.497812
0.499708
0.499771
0.499961
0.499996
0.499961
0.499871
0.499986
0.499953
0.498652
0.492045
0.498461
0.493598
0.371453
0.461473
0.35983
0.468986
0.143871
0.141608
0.137781
0.499778
0.498027
0.498023
0.499778
0.499959
0.499996
0.499959
0.499997
0.499778
0.498027
0.498023
0.499778
0.499959
0.499997
0.499959
0.499997
0.499379
0.494805
0.497655
0.496284
0.499925
0.499995
0.499957
0.499972
0.5
0.5
0.5
0.5
0.5
0.5
0.0276366
0.101023
0.5
0.5
0.5
0.5
0.5
0.5
0.5
0.5
0.5
0.5
0.5
0.49462
0.496977
0.497287
0.497666
0.499357
0.0955011
0.0957586
0.177936
0.499813
0.401491
0.468531
0.37739
0.481477
0.156634
0.168149
0.140939
0.499365
0.491253
0.495674
0.495907
0.499786
0.499966
0.499791
0.499859
0.5
0.5
0.5
0.5
0.5
0.5
0.5
0.5
0.5
0.5
0.5
0.5
0.5
0.5
0.5
0.5
0.5
0.5
0.5
0.5
0.5
0.5
0.5
0.5
0.5
0.5
0.5
0.5
0.5
0.5
0.5
0.5
0.5
0.5
0.110668
0.111277
0.0383781
0.319495
0.16104
0.53238
0.184076
0.465352
0.194706
0.561297
0.1945
0.561607
0.192948
0.542401
0.187018
0.55772
0.0473062
0.142469
0.124698
0.49334
0.168963
0.37024
0.193696
0.556835
0.191766
0.559927
0.194162
0.562112
0.19447
0.561164
0.824387
0.948593
0.826359
0.948062
0.558297
0.193655
0.192487
0.559732
0.823408
0.94752
0.947708
0.823596
0.992188
0.971098
0.9939
0.963544
0.998563
0.999623
0.99981
0.998338
0.99128
0.958594
0.959846
0.990852
0.824258
0.947455
0.823375
0.947954
0.561225
0.194702
0.194457
0.561586
0.824691
0.947948
0.948114
0.82474
0.999978
0.999766
0.999773
0.999968
0.99998
0.999794
0.99998
0.999786
0.999978
0.999767
0.999968
0.999779
0.0611366
0.460908
0.300382
0.146783
0.191146
0.519506
0.553514
0.177085
0.0612714
0.461552
0.300767
0.147092
0.195838
0.562775
0.564686
0.194681
0.140525
0.368298
0.145793
0.499861
0.498469
0.181499
0.156687
0.499931
0.499989
0.499992
0.49987
0.5
0.5
0.5
0.5
0.5
0.5
0.5
0.5
0.5
0.5
0.5
0.5
0.5
0.5
0.5
0.5
0.5
0.5
0.49989
0.49972
0.499814
0.498157
0.490855
0.498135
0.0954508
0.0954524
0.5
0.5
0.5
0.5
0.5
0.5
0.5
0.5
0.5
0.5
0.5
0.186142
0.448887
0.0366491
0.497514
0.498278
0.493227
0.477436
0.36963
0.463596
0.361107
0.468653
0.141929
0.13584
0.499337
0.493186
0.499069
0.4945
0.49991
0.499989
0.499993
0.49987
0.145302
0.142115
0.5
0.568916
0.5
0.52969
0.5
0.5
0.5
0.5
0.49996
0.499772
0.49978
0.498065
0.490835
0.498135
0.498182
0.490892
0.498158
0.49996
0.499775
0.499783
0.498156
0.490846
0.498143
0.498181
0.490882
0.498159
0.499694
0.499057
0.498776
0.494488
0.471
0.492588
0.494433
0.471028
0.492617
0.403573
0.47213
0.382852
0.482007
0.157894
0.139802
0.140097
0.499802
0.499962
0.499962
0.499803
0.498178
0.49082
0.498133
0.490915
0.499801
0.499962
0.499962
0.499802
0.498173
0.490815
0.498131
0.490891
0.499794
0.499966
0.499962
0.499835
0.498173
0.490821
0.498152
0.490931
0.5
0.5
0.5
0.5
0.5
0.5
0.0283474
0.0203889
0.0585814
0.0983404
0.0742077
0.0857079
0.110211
0.103322
0.10372
0.103371
0.10938
0.103786
0.144244
0.136624
0.499912
0.499989
0.499993
0.499867
0.5
0.5
0.5
0.5
0.5
0.5
0.5
0.5
0.5
0.5
0.5
0.0300389
0.165509
0.455653
0.38405
0.0955019
0.0957593
0.179932
0.401834
0.471577
0.380898
0.481714
0.156699
0.168198
0.140955
0.499645
0.493965
0.499207
0.496107
0.499931
0.499989
0.499995
0.499875
0.65646
0.5
0.661075
0.545137
0.5839
0.519579
0.777964
0.697002
0.865502
0.712542
0.842166
0.853175
0.916235
0.799911
0.941744
0.871815
0.939483
0.851183
0.950774
0.5
0.5
0.5
0.5
0.5
0.5
0.5
0.5
0.5
0.5
0.5
0.499993
0.499999
0.499998
0.5
0.5
0.5
0.5
0.988551
0.996679
0.983653
0.997887
0.956232
0.615265
0.748233
0.854508
0.781872
0.882355
0.942076
0.988642
0.996715
0.997906
0.983762
0.99983
0.9988
0.999857
0.998616
0.999984
0.999998
0.999999
0.999983
0.999813
0.998457
0.998495
0.999809
0.5
0.5
0.5
0.5
0.5
0.5
0.5
0.5
0.5
0.126947
0.119848
0.0441091
0.344966
0.0711968
0.256447
0.364929
0.181489
0.156763
0.498259
0.491221
0.498308
0.491218
0.5
0.5
0.5
0.5
0.5
0.5
0.5
0.5
0.5
0.5
0.823471
0.947646
0.823389
0.947778
0.559757
0.193326
0.193396
0.559322
0.998009
0.988266
0.997641
0.988456
0.998849
0.992337
0.998723
0.99388
0.102479
0.102525
0.5
0.5
0.5
0.5
0.5
0.5
0.5
0.5
0.5
0.5
0.5
0.183678
0.162761
0.180992
0.151406
0.36963
0.463597
0.361109
0.468653
0.141929
0.135839
0.499337
0.493186
0.499069
0.4945
0.49991
0.499989
0.499993
0.49987
0.0451625
0.132769
0.0554004
0.385177
0.128214
0.267471
0.106302
0.319439
0.117423
0.298816
0.0995874
0.270629
0.0938828
0.284995
0.5
0.5
0.5
0.5
0.468339
0.49913
0.484286
0.495982
0.333225
0.118195
0.12124
0.325432
0.454912
0.489825
0.492049
0.448298
0.495614
0.47961
0.495536
0.479671
0.499288
0.499915
0.499915
0.499288
0.495605
0.479578
0.479619
0.495596
0.103369
0.103275
0.445714
0.488881
0.445363
0.488982
0.325567
0.122736
0.118297
0.335533
0.448331
0.492302
0.489822
0.455943
0.4958
0.479801
0.49563
0.480607
0.49941
0.499955
0.499928
0.499614
0.496378
0.488424
0.483145
0.497566
0.119122
0.115987
0.114788
0.115035
0.114427
0.114117
0.0954485
0.0979466
0.111569
0.113618
0.555134
0.5
0.509737
0.523673
0.492971
0.186375
0.185737
0.51369
0.621662
0.64625
0.564428
0.682289
0.5
0.499992
0.499999
0.5
0.5
0.5
0.5
0.5
0.5
0.5
0.5
0.5
0.499919
0.499317
0.499315
0.499919
0.499993
0.5
0.499993
0.5
0.499993
0.5
0.499993
0.5
0.499917
0.49925
0.499306
0.499907
0.499993
0.5
0.499993
0.499999
0.499992
0.499992
0.499987
0.499998
0.124546
0.491349
0.369544
0.168568
0.181863
0.496413
0.502335
0.180217
0.162212
0.410245
0.434452
0.154802
0.150445
0.399102
0.397942
0.150929
0.5
0.5
0.5
0.5
0.5
0.5
0.374443
0.46516
0.363767
0.471717
0.144249
0.136656
0.499911
0.499989
0.499993
0.499865
0.5
0.5
0.5
0.5
0.5
0.5
0.5
0.5
0.5
0.5
0.5
0.102576
0.102763
0.184263
0.36963
0.463597
0.361111
0.468653
0.141929
0.168244
0.13584
0.499337
0.493186
0.499069
0.4945
0.49991
0.499989
0.499993
0.49987
0.693255
0.538537
0.723097
0.793521
0.593764
0.644837
0.844719
0.559318
0.711092
0.871059
0.5
0.5
0.560996
0.715274
0.865647
0.720433
0.875445
0.722786
0.874956
0.719387
0.8737
0.718388
0.874278
0.99113
0.99843
0.99104
0.998458
0.963664
0.621627
0.79497
0.894097
0.795678
0.89514
0.963482
0.99123
0.99848
0.998479
0.991217
0.999996
0.999968
0.999981
0.999978
0.999999
0.999999
1
0.999991
0.325832
0.16215
0.262309
0.137365
0.5
0.5
0.5
0.5
0.5
0.5
0.5
0.5
0.5
0.5
0.5
0.5
0.5
0.5
0.497866
0.499314
0.498902
0.494425
0.470975
0.492607
0.494766
0.471087
0.492854
0.5
0.5
0.5
0.5
0.508632
0.5
0.5
0.526379
0.5
0.508632
0.526379
0.369451
0.463557
0.361075
0.468441
0.141338
0.161773
0.133109
0.499116
0.493146
0.499029
0.494277
0.497966
0.490757
0.498067
0.490708
0.189359
0.327515
0.168476
0.277481
0.499906
0.499976
0.499977
0.499904
0.498692
0.497
0.499404
0.492994
0.493017
0.472188
0.494386
0.494334
0.469885
0.491699
0.467225
0.466421
0.487772
0.41064
0.477861
0.401825
0.483931
0.168664
0.0322881
0.199043
0.730255
0.674993
0.880136
0.846423
0.816364
0.869164
0.87715
0.715856
0.871318
0.714957
0.872356
0.176631
0.162702
0.161836
0.13478
0.494511
0.470791
0.492853
0.477126
0.560516
0.715938
0.5
0.871342
0.5
0.872481
0.560677
0.714966
0.0400641
0.115332
0.189763
0.168548
0.497793
0.49892
0.498642
0.49474
0.470937
0.492813
0.494393
0.470813
0.492563
0.369088
0.463517
0.360976
0.468271
0.14017
0.262072
0.129126
0.498888
0.493131
0.49898
0.494193
0.494142
0.470751
0.492377
0.477273
0.0242548
0.0725047
0.0646816
0.257692
0.0895868
0.190109
0.124243
0.123554
0.0325939
0.236966
0.0748099
0.174566
0.5
0.518818
0.588756
0.588878
0.542659
0.59677
0.500122
0.703033
0.679399
0.633095
0.578145
0.5
0.5
0.5
0.5
0.5
0.5
0.5
0.524033
0.412126
0.473763
0.411702
0.47398
0.28053
0.0970994
0.0971836
0.28034
0.4123
0.474008
0.474053
0.412148
0.499112
0.494318
0.498689
0.49482
0.499905
0.499995
0.499985
0.499953
0.499256
0.497844
0.495377
0.499626
0.636311
0.623079
0.523388
0.5
0.65825
0.603964
0.5
0.5
0.0798825
0.32469
0.225217
0.118103
0.186524
0.520475
0.52551
0.182946
0.047303
0.142492
0.124653
0.49293
0.168763
0.37021
0.123202
0.406666
0.148278
0.337985
0.106124
0.286367
0.0996487
0.300347
0.836836
0.949859
0.83105
0.952022
0.582746
0.198326
0.207779
0.568212
0.836013
0.949524
0.951917
0.829012
0.616434
0.499902
0.499921
0.60701
0.830643
0.957588
0.880305
0.938499
0.811748
0.916913
0.794606
0.928169
0.0587305
0.445167
0.267413
0.143304
0.19582
0.562741
0.564641
0.194669
0.0369033
0.0293866
0.222606
0.0716942
0.133757
0.10722
0.290783
0.101617
0.302399
0.11111
0.307549
0.108793
0.311316
0.418327
0.475056
0.41519
0.476164
0.291573
0.0994449
0.104025
0.284539
0.418102
0.474854
0.476072
0.414713
0.499998
0.499996
0.499982
0.499999
0.49999
0.499885
0.499989
0.499885
0.499989
0.499741
0.499982
0.499866
0.0293499
0.222384
0.133625
0.0715886
0.0950482
0.261879
0.275915
0.0888881
0.0966526
0.0975966
0.463694
0.489887
0.463661
0.489779
0.398581
0.272759
0.274163
0.398043
0.463798
0.489834
0.489731
0.463675
0.398704
0.272726
0.274175
0.39806
0.115549
0.0844149
0.0966657
0.0974792
0.111762
0.114013
0.1272
0.0828418
0.0845782
0.0318918
0.463749
0.489929
0.463676
0.489875
0.39854
0.272759
0.273989
0.398031
0.114974
0.468523
0.406484
0.449151
0.268804
0.365325
0.390083
0.0965067
0.0973294
0.0851208
0.0325396
0.398139
0.272407
0.273601
0.397723
0.398571
0.272603
0.274065
0.397902
0.0838944
0.0322115
0.0264864
0.0613659
0.0943795
0.0993333
0.299362
0.116734
0.212742
0.18762
0.399581
0.265142
0.276749
0.387819
0.06736
0.397889
0.396258
0.112174
0.0832621
0.117489
0.0765596
0.115251
0.0964201
0.132997
0.0848126
0.0778057
0.0325485
0.413858
0.476589
0.437026
0.468328
0.5
0.5
0.5
0.497605
0.499755
0.499971
0.5
0.5
0.5
0.5
0.5
0.5
0.5
0.499566
0.493777
0.493841
0.499554
0.491536
0.499749
0.499757
0.0968485
0.398041
0.27305
0.398196
0.068207
0.330014
0.110015
0.296024
0.469969
0.428938
0.412551
0.109958
0.329542
0.295921
0.413852
0.476585
0.437023
0.468317
0.49976
0.499755
0.497609
0.497559
0.499972
0.499971
0.494359
0.499567
0.499554
0.493776
0.49384
0.491532
0.499749
0.499757
0.0594048
0.17626
0.19884
0.0309424
0.0351072
0.0831378
0.0319803
0.330543
0.110411
0.167678
0.296766
0.330585
0.11043
0.167688
0.296785
0.0841494
0.0773874
0.0323459
0.0968766
0.0976287
0.114465
0.0826581
0.0849136
0.0317153
0.463767
0.489839
0.463803
0.489751
0.398707
0.273211
0.274263
0.398396
0.464453
0.489867
0.489993
0.463995
0.399828
0.273563
0.275424
0.398726
0.464415
0.489813
0.489949
0.464043
0.399773
0.273651
0.275342
0.398837
0.0347184
0.46444
0.489806
0.489953
0.464029
0.39986
0.273698
0.275451
0.398856
0.0714877
0.0677623
0.0310547
0.0745041
0.0672819
0.028033
0.298246
0.116407
0.211655
0.187234
0.026407
0.0612615
0.0577713
0.0601008
0.0966556
0.489787
0.464333
0.464004
0.273679
0.399695
0.398826
0.398261
0.272623
0.397891
0.489354
0.46153
0.463262
0.272697
0.397643
0.397833
0.0602359
0.0964463
0.0973866
0.0677923
0.0282349
0.39812
0.272271
0.273691
0.397592
0.0967715
0.097651
0.0840909
0.0836444
0.0323271
0.398747
0.272966
0.274303
0.398172
0.0968042
0.0978325
0.399251
0.273094
0.274872
0.398264
0.399166
0.273038
0.274721
0.398238
0.0968038
0.0978356
0.399253
0.273114
0.274873
0.39828
0.399175
0.273049
0.274729
0.398263
0.0344281
0.399467
0.27317
0.275016
0.398368
0.312924
0.0980922
0.163155
0.254372
0.437936
0.490043
0.47305
0.5
0.5
0.5
0.497604
0.499755
0.499971
0.5
0.5
0.5
0.497566
0.499755
0.499971
0.103923
0.0605658
0.25881
0.100687
0.265761
0.315672
0.259021
0.100526
0.264988
0.31578
0.0350424
0.429508
0.469949
0.4132
0.476415
0.330499
0.11057
0.167599
0.297046
0.112692
0.114033
0.127377
0.083634
0.0838905
0.0321977
0.438711
0.490285
0.474182
0.477952
0.49976
0.499755
0.497607
0.497559
0.494349
0.499972
0.499971
0.499755
0.49976
0.497604
0.49762
0.494297
0.499971
0.499972
0.130162
0.497636
0.4741
0.482116
0.325556
0.417176
0.429488
0.0597994
0.330123
0.110194
0.296407
0.469895
0.429104
0.412797
0.110121
0.329826
0.296261
0.114937
0.0837515
0.429688
0.329957
0.429711
0.330082
0.114212
0.0834583
0.0351375
0.0832539
0.0319865
0.330555
0.110413
0.167724
0.296756
0.330574
0.110429
0.167687
0.296771
0.0841493
0.0774449
0.0323459
0.5
0.5
0.5
0.49769
0.499567
0.499776
0.419186
0.485549
0.445549
0.477795
0.5
0.5
0.5
0.5
0.5
0.5
0.5
0.5
0.5
0.5
0.5
0.499555
0.4974
0.497348
0.499567
0.495663
0.499757
0.49975
0.5
0.5
0.5
0.49769
0.499567
0.499776
0.418639
0.480676
0.476731
0.441165
0.5
0.5
0.5
0.5
0.49955
0.497043
0.495547
0.49973
0.498303
0.491876
0.494514
0.494248
0.499555
0.497071
0.499734
0.5
0.5
0.5
0.49704
0.499549
0.49973
0.499549
0.497041
0.49973
0.5
0.5
0.5
0.497072
0.499555
0.499734
0.0747802
0.0272571
0.10699
0.125836
0.470233
0.417236
0.485411
0.286884
0.104447
0.104891
0.286109
0.406557
0.4669
0.46709
0.406072
0.035215
0.0906003
0.459632
0.367448
0.467003
0.0745457
0.0352982
0.0271544
0.106513
0.0906297
0.12407
0.497714
0.486037
0.490316
0.495682
0.286672
0.0989651
0.105194
0.272932
0.405468
0.457874
0.466184
0.392512
0.104626
0.286853
0.286413
0.466523
0.406521
0.406117
0.2623
0.259033
0.0950522
0.166671
0.0379168
0.383451
0.355368
0.361519
0.0985219
0.258935
0.261343
0.302527
0.321037
0.336594
0.499747
0.494178
0.499023
0.497487
0.494848
0.471075
0.493053
0.477466
0.0854811
0.116382
0.335266
0.415586
0.432004
0.301224
0.403676
0.469239
0.481782
0.379755
0.15676
0.135448
0.335587
0.415694
0.432207
0.301368
0.0855804
0.116029
0.499564
0.494946
0.49779
0.497743
0.497956
0.486266
0.490291
0.496669
0.218861
0.0728314
0.241224
0.0700274
0.405432
0.457947
0.466148
0.392543
0.499163
0.499523
0.102356
0.478993
0.168523
0.474985
0.424247
0.488617
0.499558
0.115065
0.123857
0.132785
0.106516
0.0743923
0.0392823
0.446563
0.214224
0.461216
0.497955
0.498015
0.499396
0.492497
0.494142
0.451126
0.487014
0.478253
0.136263
0.133965
0.140341
0.127083
0.5
0.5
0.5
0.5
0.5
0.5
0.5
0.5
0.5
0.5
0.5
0.5
0.5
0.5
0.5
0.5
0.5
0.5
0.5
0.5
0.5
0.5
0.5
0.5
0.5
0.5
0.5
0.498032
0.499879
0.499923
0.499966
0.499987
0.499975
0.475679
0.499175
0.490946
0.499984
0.499987
0.499986
0.499803
0.499964
0.499877
0.499826
0.499967
0.499876
0.488904
0.499667
0.496546
0.499804
0.499979
0.499983
0.499985
0.499814
0.499983
0.499981
0.499807
0.499983
0.5
0.5
0.5
0.5
0.5
0.5
0.5
0.5
0.5
0.5
0.5
0.5
0.5
0.5
0.5
0.5
0.5
0.5
0.5
0.10228
0.0686196
0.402343
0.281445
0.286536
0.164367
0.123046
0.402283
0.281706
0.123891
0.49896
0.49061
0.494552
0.495615
0.499728
0.499957
0.49972
0.499843
0.132569
0.13356
0.499836
0.499984
0.499843
0.499986
0.36807
0.460457
0.467266
0.357886
0.142322
0.0400158
0.137454
0.49985
0.499985
0.499857
0.499987
0.134865
0.12709
0.135688
0.499915
0.499987
0.499964
0.499872
0.133382
0.135592
0.141861
0.132283
0.135591
0.135483
0.499816
0.499962
0.499983
0.499821
0.499823
0.499987
0.499838
0.499985
0.499772
0.497869
0.499772
0.49787
0.499959
0.499997
0.49996
0.499997
0.499998
0.499972
0.499981
0.499997
0.5
0.499999
0.5
0.499999
0.5
0.5
0.5
0.5
0.5
0.5
0.5
0.5
0.499774
0.497873
0.499772
0.497884
0.499961
0.499997
0.499961
0.499997
0.5
0.5
0.5
0.5
0.5
0.5
0.5
0.5
0.5
0.5
0.5
0.5
0.5
0.5
0.5
0.5
0.499469
0.497575
0.499727
0.496277
0.499471
0.499233
0.499786
0.498034
0.5
0.5
0.5
0.5
0.5
0.5
0.5
0.5
0.499832
0.498797
0.499728
0.49937
0.499884
0.49953
0.499875
0.499561
0.422581
0.201464
0.445694
0.0700728
0.090739
0.437504
0.469157
0.488145
0.415852
0.173494
0.143957
0.0893315
0.0805542
0.10749
0.127011
0.497796
0.499476
0.499826
0.496354
0.490758
0.498082
0.497865
0.499771
0.499771
0.431434
0.495327
0.4546
0.5
0.5
0.5
0.499997
0.5
0.5
0.408287
0.467901
0.408511
0.106606
0.28927
0.289953
0.46774
0.407382
0.408496
0.5
0.499999
0.499999
0.0822394
0.498606
0.491995
0.49846
0.49322
0.326573
0.113217
0.301447
0.161609
0.427529
0.470903
0.475488
0.415669
0.0350857
0.431857
0.471163
0.477042
0.41642
0.0723664
0.0276993
0.0924011
0.0828197
0.499178
0.49111
0.494674
0.497063
0.499876
0.499986
0.499954
0.499864
0.134335
0.132963
0.135245
0.499838
0.499988
0.499849
0.499987
0.499778
0.498029
0.499778
0.498029
0.49996
0.499997
0.49996
0.499997
0.5
0.499999
0.5
0.499999
0.5
0.5
0.5
0.5
0.499779
0.498029
0.499779
0.498029
0.49996
0.499997
0.49996
0.499997
0.5
0.5
0.5
0.5
0.5
0.5
0.5
0.5
0.398966
0.478424
0.47753
0.414372
0.250333
0.318097
0.378476
0.126842
0.499998
0.499999
0.49999
0.5
0.481691
0.417435
0.448261
0.468108
0.5
0.5
0.5
0.5
0.5
0.5
0.5
0.5
0.5
0.5
0.5
0.5
0.101165
0.0748663
0.0737952
0.377226
0.287666
0.273562
0.370789
0.0264325
0.183415
0.199208
0.377425
0.288292
0.273289
0.370795
0.0742634
0.0714764
0.499793
0.499965
0.499782
0.499851
0.499828
0.499984
0.499837
0.499985
0.469196
0.403622
0.481997
0.134611
0.134735
0.5
0.5
0.5
0.5
0.5
0.5
0.5
0.5
0.5
0.5
0.5
0.5
0.5
0.5
0.5
0.5
0.5
0.5
0.5
0.5
0.5
0.5
0.5
0.5
0.5
0.496714
0.496295
0.498463
0.117609
0.181998
0.1996
0.310452
0.250099
0.31124
0.49981
0.499964
0.499783
0.488482
0.499558
0.496108
0.499842
0.499985
0.499986
0.499985
0.499816
0.499984
0.49998
0.499808
0.499984
0.499804
0.136215
0.134939
0.418059
0.475133
0.160937
0.336493
0.45449
0.0319879
0.0836045
0.499506
0.492179
0.497422
0.49578
0.499804
0.499966
0.4998
0.499858
0.133069
0.133054
0.134979
0.499836
0.499985
0.499846
0.499986
0.368201
0.46115
0.468781
0.357943
0.142328
0.137456
0.49985
0.499986
0.499858
0.499987
0.134865
0.127143
0.135689
0.5
0.5
0.5
0.5
0.5
0.5
0.5
0.5
0.5
0.5
0.5
0.5
0.5
0.5
0.5
0.5
0.5
0.5
0.5
0.5
0.5
0.5
0.5
0.5
0.5
0.5
0.5
0.5
0.5
0.5
0.5
0.5
0.5
0.5
0.5
0.5
0.5
0.5
0.5
0.5
0.5
0.5
0.5
0.5
0.5
0.5
0.5
0.5
0.5
0.5
0.5
0.5
0.5
0.5
0.5
0.5
0.5
0.5
0.5
0.5
0.5
0.5
0.5
0.19422
0.56075
0.194179
0.560871
0.193529
0.554121
0.191534
0.559563
0.947903
0.824415
0.824463
0.948014
0.0473041
0.14239
0.124689
0.493292
0.168942
0.370124
0.947949
0.824733
0.824764
0.948132
0.45362
0.0605547
0.299111
0.143286
0.193839
0.557138
0.191959
0.559923
0.192771
0.542344
0.187025
0.557261
0.460973
0.0611849
0.146867
0.300478
0.947493
0.82249
0.823583
0.947343
0.198532
0.561867
0.566206
0.201209
0.196498
0.563619
0.195155
0.565596
0.947861
0.822349
0.823942
0.94731
0.946477
0.810976
0.824758
0.936029
0.998086
0.988469
0.98849
0.997914
0.999749
0.999762
0.999947
0.999556
0.998071
0.988192
0.988403
0.997871
0.541915
0.192434
0.556706
0.186787
0.988847
0.998265
0.997985
0.989539
0.641655
0.893101
0.869683
0.696255
0.230751
0.227649
0.622621
0.855876
0.859164
0.617183
0.22057
0.056082
0.225837
0.998079
0.988184
0.988457
0.997866
0.999752
0.999777
0.999962
0.999561
0.998087
0.988301
0.988498
0.997892
0.54241
0.192941
0.557703
0.187015
0.98893
0.998281
0.998003
0.989567
0.999783
0.999717
0.999923
0.999547
0.999476
0.997604
0.999131
0.998495
0.999783
0.999717
0.999923
0.999547
0.989193
0.998292
0.998229
0.989555
0.987208
0.994555
0.997232
0.981806
0.19167
0.529412
0.179351
0.555721
0.0573321
0.432224
0.141185
0.246623
0.192214
0.530244
0.179746
0.556827
0.196416
0.563569
0.195058
0.565494
0.19686
0.423906
0.0863842
0.403698
0.406187
0.162568
0.49556
0.483971
0.498079
0.424317
0.112474
0.123448
0.123924
0.179351
0.481463
0.450069
0.494311
0.499849
0.499986
0.49986
0.499987
0.499849
0.499987
0.499853
0.499987
0.116362
0.126744
0.5
0.5
0.5
0.5
0.5
0.5
0.5
0.5
0.5
0.5
0.5
0.5
0.5
0.5
0.5
0.5
0.5
0.5
0.5
0.5
0.5
0.5
0.5
0.5
0.5
0.5
0.5
0.5
0.5
0.5
0.5
0.5
0.5
0.5
0.5
0.5
0.5
0.5
0.5
0.5
0.5
0.499911
0.499873
0.499916
0.47851
0.499174
0.491025
0.40637
0.467029
0.406288
0.0991857
0.255264
0.255804
0.250013
0.310453
0.311179
0.499946
0.499989
0.499995
0.49612
0.499938
0.499328
0.499804
0.499984
0.499983
0.499973
0.499755
0.499978
0.499986
0.499804
0.499983
0.5
0.5
0.5
0.5
0.5
0.5
0.5
0.5
0.5
0.5
0.5
0.500122
0.5
0.5
0.500122
0.500122
0.5
0.500122
0.5
0.5
0.5
0.5
0.5
0.5
0.5
0.49574
0.494403
0.493286
0.477254
0.0832598
0.301061
0.431943
0.380733
0.482935
0.132414
0.301067
0.432004
0.1144
0.499387
0.493202
0.494796
0.499067
0.499912
0.499988
0.499993
0.499862
0.132533
0.133411
0.499836
0.499987
0.499844
0.499986
0.368685
0.463581
0.467701
0.361605
0.142414
0.137466
0.49985
0.499988
0.499859
0.499987
0.134866
0.126598
0.13569
0.5
0.5
0.5
0.5
0.523898
0.199871
0.206995
0.526426
0.649396
0.67825
0.612183
0.685888
0.5
0.5
0.5
0.5
0.5
0.5
0.5
0.5
0.5
0.5
0.5
0.5
0.499958
0.499772
0.499766
0.406536
0.466975
0.406147
0.335984
0.415607
0.30128
0.172711
0.113054
0.415586
0.33544
0.301184
0.499628
0.49492
0.497517
0.499248
0.498187
0.490825
0.498168
0.490803
0.108259
0.0848734
0.127109
0.40628
0.46691
0.466961
0.406043
0.499803
0.499962
0.499803
0.499962
0.498201
0.490855
0.498148
0.490965
0.406601
0.466937
0.467165
0.406125
0.406674
0.466993
0.467235
0.4062
0.4998
0.499962
0.499803
0.499962
0.498197
0.490849
0.498169
0.490955
0.406456
0.466924
0.467097
0.406094
0.406643
0.466969
0.467213
0.406157
0.499848
0.499958
0.499875
0.499878
0.497921
0.486036
0.490317
0.496038
0.406661
0.466936
0.467215
0.406108
0.405477
0.457868
0.466189
0.392516
0.5
0.5
0.5
0.5
0.5
0.5
0.5
0.5
0.5
0.5
0.5
0.5
0.5
0.5
0.5
0.5
0.109867
0.103261
0.103573
0.102496
0.10912
0.103488
0.232673
0.0568
0.0805888
0.163878
0.415347
0.290907
0.291354
0.415478
0.0282222
0.0221547
0.062664
0.100552
0.0741064
0.0895732
0.417598
0.291096
0.291895
0.416174
0.242434
0.0607174
0.173028
0.0845635
0.132172
0.133344
0.141634
0.136132
0.464318
0.371094
0.469169
0.499842
0.499987
0.499848
0.499986
0.499844
0.499987
0.499849
0.499987
0.133098
0.13503
0.134473
0.132971
0.134304
0.133756
0.5
0.5
0.5
0.5
0.5
0.5
0.502035
0.5
0.5
0.5
0.502035
0.5
0.5
0.5
0.5
0.5
0.5
0.5
0.502014
0.5
0.504049
0.5
0.504049
0.502014
0.5
0.122819
0.320619
0.469001
0.429688
0.11018
0.124935
0.245457
0.100177
0.282238
0.0852698
0.310452
0.250101
0.31124
0.0995212
0.260862
0.256492
0.250666
0.316208
0.311877
0.496107
0.499936
0.499303
0.499837
0.499987
0.499986
0.499973
0.499756
0.499978
0.499986
0.499805
0.499983
0.262627
0.142665
0.139047
0.248909
0.241625
0.499765
0.494851
0.497603
0.499268
0.499937
0.499989
0.499995
0.499873
0.132934
0.134974
0.499837
0.499987
0.499848
0.499986
0.368813
0.464291
0.469151
0.361666
0.14242
0.174303
0.137469
0.499851
0.499988
0.49986
0.499987
0.134866
0.126648
0.135691
0.727552
0.891376
0.749274
0.87942
0.720839
0.872125
0.717686
0.87486
0.869278
0.5
0.701095
0.557478
0.717021
0.562362
0.843974
0.991238
0.966427
0.961987
0.992382
0.666813
0.663306
0.587744
0.78439
0.719993
0.905961
0.786216
0.858238
0.996702
0.975049
0.983699
0.994558
0.868836
0.5
0.557521
0.701694
0.846231
0.561822
0.715923
0.5
0.5
0.5
0.5
0.5
0.5
0.5
0.5
0.5
0.5
0.5
0.5
0.5
0.5
0.499889
0.499957
0.499982
0.499784
0.499279
0.495154
0.49896
0.496727
0.5
0.5
0.5
0.5
0.5
0.5
0.5
0.5
0.498762
0.494598
0.498807
0.494539
0.999974
0.999497
0.999722
0.999932
0.999998
0.999999
1
0.999995
0.999975
0.999516
0.999726
0.999949
0.963662
0.992672
0.991749
0.967203
0.877629
0.720679
0.72498
0.875189
0.96136
0.990897
0.991122
0.960468
0.999976
0.999996
0.999982
0.999986
0.5
0.5
0.5
0.0710514
0.256524
0.364862
0.536778
0.165706
0.478605
0.185658
0.901883
0.664122
0.717411
0.880556
0.126926
0.119814
0.0440986
0.344909
0.901765
0.663995
0.717252
0.880485
0.536584
0.165631
0.478498
0.185514
0.498219
0.491215
0.498256
0.491417
0.148117
0.133093
0.449211
0.214285
0.461316
0.290975
0.107056
0.10713
0.290807
0.409335
0.468273
0.468336
0.409186
0.117489
0.121701
0.5
0.5
0.5
0.5
0.5
0.5
0.5
0.5
0.5
0.5
0.5
0.5
0.5
0.5
0.5
0.5
0.5
0.5
0.5
0.5
0.5
0.5
0.5
0.5
0.5
0.5
0.5
0.5
0.5
0.997996
0.988199
0.988402
0.997627
0.998848
0.992336
0.998723
0.993879
0.532292
0.191512
0.55412
0.184006
0.893658
0.964297
0.971143
0.872067
0.823859
0.947856
0.947939
0.823893
0.559285
0.192946
0.193066
0.558697
0.893735
0.964309
0.971162
0.872118
0.532021
0.191239
0.183849
0.553651
0.490334
0.465287
0.465284
0.281916
0.40254
0.402563
0.491376
0.499778
0.496622
0.499807
0.49998
0.499983
0.499973
0.499752
0.499978
0.499982
0.499788
0.499982
0.5
0.5
0.5
0.5
0.5
0.5
0.5
0.5
0.5
0.5
0.5
0.5
0.5
0.5
0.5
0.5
0.5
0.5
0.5
0.5
0.5
0.5
0.181004
0.151565
0.183704
0.162778
0.499387
0.493203
0.494797
0.499067
0.499912
0.499988
0.499993
0.499862
0.132532
0.111336
0.13341
0.499836
0.499987
0.499844
0.499986
0.368685
0.463582
0.467701
0.361605
0.142414
0.137466
0.49985
0.499988
0.499859
0.499987
0.134866
0.120933
0.13569
0.132774
0.339147
0.126393
0.357619
0.141156
0.4012
0.145236
0.380518
0.418919
0.116521
0.334979
0.150653
0.49627
0.454987
0.47147
0.491018
0.022292
0.0638288
0.0600018
0.240148
0.0832365
0.172807
0.47923
0.43957
0.425661
0.485111
0.107283
0.0933021
0.5
0.5
0.5
0.5
0.126881
0.10748
0.5
0.5
0.5
0.54616
0.5
0.5
0.5
0.5
0.5
0.499999
0.499999
0.5
0.5
0.5
0.5
0.5
0.49998
0.499983
0.499659
0.499999
0.499996
0.499993
0.499993
0.499994
0.499927
0.498654
0.499052
0.499884
0.321607
0.116876
0.3225
0.116418
0.499993
0.499993
0.499993
0.499993
0.308513
0.428448
0.428484
0.308439
0.113309
0.11311
0.308265
0.428197
0.428337
0.30796
0.499287
0.499915
0.499287
0.499915
0.113147
0.113087
0.499871
0.498498
0.498509
0.499871
0.499994
0.499996
0.499994
0.499997
0.499883
0.49909
0.498649
0.499931
0.373134
0.130295
0.352855
0.13936
0.5
0.499999
0.5
0.5
0.316012
0.429148
0.431806
0.31038
0.129255
0.129467
0.232487
0.332854
0.457914
0.439843
0.381169
0.499954
0.499982
0.499833
0.499996
0.458004
0.333286
0.381265
0.440163
0.114688
0.114752
0.0935886
0.0921648
0.114732
0.114742
0.43038
0.317276
0.312469
0.432581
0.429969
0.310705
0.310853
0.42984
0.30761
0.247867
0.244759
0.311293
0.0351458
0.035538
0.104498
0.0846902
0.429413
0.310288
0.30981
0.429626
0.354304
0.11976
0.1801
0.314269
0.350134
0.253275
0.263807
0.321605
0.332046
0.105743
0.169497
0.285082
0.5
0.5
0.5
0.5
0.5
0.5
0.5
0.5
0.5
0.541276
0.5
0.5
0.518271
0.185869
0.527515
0.177282
0.673364
0.5
0.537636
0.60662
0.499982
0.499954
0.499996
0.499833
0.499996
0.5
0.499994
0.5
0.499999
0.5
0.5
0.5
0.532761
0.5
0.5
0.580728
0.5
0.5
0.5
0.5
0.499919
0.499319
0.499919
0.49932
0.499993
0.5
0.499993
0.5
0.499993
0.5
0.499993
0.5
0.5
0.5
0.5
0.5
0.5
0.5
0.5
0.5
0.499651
0.498976
0.499849
0.498133
0.499681
0.498889
0.499676
0.499085
0.499876
0.499964
0.499961
0.499878
0.5
0.5
0.5
0.5
0.499667
0.498636
0.49963
0.498634
0.191223
0.537793
0.186154
0.548745
0.180032
0.494684
0.179811
0.494669
0.150862
0.401342
0.151704
0.398796
0.152492
0.40059
0.151671
0.401531
0.5
0.5
0.5
0.5
0.5
0.5
0.5
0.5
0.5
0.5
0.5
0.5
0.5
0.5
0.5
0.499626
0.49378
0.496144
0.499145
0.134625
0.132653
0.142425
0.132779
0.111333
0.133492
0.472218
0.403946
0.482225
0.134589
0.134729
0.5
0.5
0.5
0.5
0.5
0.5
0.5
0.5
0.5
0.5
0.5
0.5
0.5
0.5
0.5
0.5
0.5
0.5
0.5
0.186914
0.204761
0.402562
0.282005
0.402616
0.490337
0.466163
0.465356
0.490968
0.499745
0.496184
0.499842
0.499987
0.499986
0.499973
0.499852
0.499985
0.499982
0.499819
0.499984
0.280342
0.101666
0.141443
0.139665
0.20527
0.499387
0.493203
0.494796
0.499067
0.499912
0.499988
0.499993
0.499862
0.132533
0.13341
0.499836
0.499987
0.499844
0.499986
0.368684
0.463581
0.4677
0.361605
0.142413
0.137466
0.49985
0.499988
0.499859
0.499987
0.134866
0.131903
0.13569
0.719052
0.874974
0.722085
0.873951
0.562509
0.718117
0.872512
0.5
0.562044
0.717163
0.5
0.873208
0.955308
0.865833
0.927325
0.88806
0.990751
0.960201
0.959928
0.990813
0.698289
0.839054
0.860538
0.660357
0.711134
0.87269
0.716428
0.869536
0.990885
0.960403
0.960384
0.990871
0.988132
0.940191
0.953372
0.981832
0.999982
0.999787
0.999805
0.999966
0.999999
0.999999
1
0.999999
0.999983
0.999809
0.999809
0.999983
0.962135
0.893102
0.962995
0.891409
0.999991
0.999997
0.999997
0.99999
0.999606
0.999909
0.999891
0.999719
0.996378
0.974829
0.985769
0.992496
0.0818487
0.0835653
0.491337
0.575832
0.499807
0.0747834
0.0272374
0.106779
0.124592
0.088994
0.0882453
0.208955
0.200304
0.203526
0.2067
0.0423494
0.552936
0.358323
0.608323
0.0315043
0.0794961
0.5
0.5
0.5
0.5
0.5
0.5
0.5
0.5
0.500701
0.5
0.5
0.5
0.500122
0.500122
0.5
0.5
0.5
0.5
0.5
0.5
0.5
0.5
0.5
0.5
0.5
0.5
0.5
0.5
0.5
0.5
0.5
0.5
0.5
0.335701
0.415668
0.301501
0.172959
0.113323
0.415771
0.335789
0.301603
0.497082
0.482033
0.496779
0.491357
0.499731
0.496554
0.348344
0.434739
0.321927
0.185347
0.124709
0.439251
0.358134
0.327066
0.5
0.5
0.5
0.5
0.5
0.5
0.5
0.5
0.642456
0.548944
0.574212
0.573928
0.5
0.5
0.5
0.5
0.5
0.5
0.5
0.499176
0.493164
0.494583
0.499029
0.498049
0.49078
0.498104
0.490751
0.106628
0.12401
0.406506
0.466997
0.467044
0.406287
0.368491
0.463541
0.467477
0.361568
0.141771
0.134622
0.406837
0.467053
0.467193
0.406423
0.108497
0.0790969
0.12607
0.673417
0.532795
0.499956
0.69935
0.212916
0.249942
0.489406
0.149979
0.401135
0.181246
0.673031
0.571696
0.73203
0.540016
0.497921
0.485855
0.49028
0.495499
0.286615
0.098944
0.105167
0.272889
0.405416
0.457787
0.466138
0.392462
0.335052
0.414887
0.300809
0.170678
0.112789
0.412848
0.329062
0.300037
0.499403
0.49467
0.497765
0.496204
0.497712
0.485975
0.490232
0.495535
0.218862
0.0728326
0.241224
0.0700282
0.405426
0.45786
0.46613
0.392513
0.736718
0.857529
0.815296
0.871463
0.720104
0.871603
0.71568
0.872493
0.970074
0.689979
0.921232
0.864677
0.925264
0.850916
0.949683
0.956294
0.624233
0.79737
0.883019
0.935956
0.797352
0.891359
0.494974
0.471159
0.493084
0.477674
0.479091
0.414941
0.48694
0.0327394
0.0332211
0.0847177
0.0861867
0.114814
0.172888
0.113199
0.037092
0.335692
0.415604
0.432298
0.301358
0.141093
0.464153
0.36995
0.468659
0.173085
0.0372308
0.113152
0.335716
0.415379
0.432111
0.301224
0.033191
0.0857705
0.563486
0.720139
0.5
0.87162
0.56102
0.715673
0.5
0.872604
0.057039
0.182916
0.143472
0.428186
0.10954
0.317657
0.145876
0.401318
0.054397
0.23211
0.130971
0.498045
0.499529
0.499792
0.335453
0.415421
0.301065
0.172562
0.112937
0.415282
0.335154
0.300901
0.498287
0.499821
0.49977
0.335496
0.415274
0.30096
0.172553
0.112892
0.415151
0.335141
0.300789
0.498957
0.493149
0.494503
0.498981
0.494372
0.470864
0.492511
0.477435
0.0848427
0.0902242
0.113832
0.336075
0.41589
0.432438
0.3019
0.368106
0.4635
0.467298
0.361466
0.140505
0.130453
0.336396
0.415936
0.432614
0.302025
0.0862163
0.0892464
0.115607
0.085519
0.182877
0.0361038
0.261321
0.101232
0.287507
0.100977
0.2902
0.23099
0.0306436
0.151296
0.0735019
0.47002
0.359528
0.40172
0.452433
0.0237535
0.0715136
0.062107
0.239414
0.0805695
0.184881
0.437439
0.326406
0.325192
0.438162
0.230683
0.0305994
0.150544
0.0734414
0.5
0.5
0.5
0.5
0.5
0.5
0.5
0.5
0.5
0.5
0.5
0.5
0.677192
0.623766
0.642737
0.64489
0.5
0.5
0.5
0.5
0.5
0.5
0.5
0.499045
0.494154
0.494235
0.498988
0.499885
0.49999
0.499986
0.499887
0.499054
0.494267
0.494258
0.499062
0.266353
0.0954258
0.277105
0.0900663
0.499951
0.499991
0.499895
0.499996
0.418589
0.474958
0.476295
0.414906
0.294972
0.105053
0.105337
0.298646
0.421267
0.482502
0.477668
0.42792
0.533267
0.499999
0.499993
0.5
0.361151
0.112035
0.319684
0.123432
0.5
0.5
0.5
0.5
0.5
0.5
0.5
0.5
0.164939
0.397607
0.145791
0.450567
0.122132
0.475994
0.165805
0.356219
0.185022
0.481104
0.170734
0.529858
0.189945
0.540232
0.186265
0.548243
0.461526
0.0612284
0.300636
0.147081
0.88278
0.687476
0.771833
0.77656
0.0982221
0.276068
0.281298
0.0974175
0.0979684
0.282735
0.0979725
0.282311
0.491781
0.555078
0.458043
0.602296
0.472839
0.403151
0.411307
0.467155
0.986668
0.98534
0.987126
0.981215
0.978724
0.979301
0.942371
0.992216
0.992589
0.988361
0.988343
0.996063
0.52347
0.190903
0.553636
0.177624
0.988516
0.992716
0.99611
0.988437
0.53604
0.499887
0.586678
0.499809
0.621142
0.790377
0.818454
0.605161
0.681521
0.894306
0.758924
0.855518
0.985475
0.986616
0.980947
0.987094
0.966982
0.909084
0.928804
0.95374
0.191772
0.524517
0.178137
0.555342
0.196408
0.563533
0.19505
0.565437
0.0974436
0.283725
0.0983785
0.281074
0.0952869
0.261987
0.0890113
0.276314
0.222621
0.0293721
0.133746
0.071665
0.474115
0.415427
0.412668
0.475527
0.0488538
0.0375605
0.27089
0.090365
0.169165
0.482494
0.421319
0.430526
0.478274
0.311428
0.0440313
0.183398
0.108575
0.499139
0.494431
0.494777
0.498995
0.499887
0.499877
0.499981
0.499778
0.499134
0.494373
0.494751
0.498983
0.261902
0.0956808
0.277186
0.0889143
0.49407
0.499043
0.498933
0.494233
0.501531
0.499999
0.499999
0.499824
0.403174
0.141355
0.156333
0.375613
0.496841
0.49849
0.499989
0.482931
0.494166
0.499053
0.499038
0.494249
0.298211
0.124634
0.340855
0.105343
0.094933
0.261623
0.088816
0.275648
0.029379
0.222876
0.0716429
0.134544
0.999814
0.999941
0.999929
0.999796
0.714144
0.716672
0.870273
0.862955
0.959632
0.873132
0.886247
0.953101
0.999988
0.999489
0.999908
0.999917
0.882646
0.499999
0.789581
0.649226
0.911977
0.729882
0.567811
0.998505
0.997839
0.999553
0.993513
0.875107
0.926508
0.95316
0.819027
0.999995
0.999986
0.999981
0.999968
0.726455
0.49928
0.622278
0.622891
0.5
0.5
0.5
0.5
0.350916
0.455411
0.421288
0.462051
0.481356
0.452569
0.447427
0.474895
0.445522
0.5
0.5
0.5
0.5
0.5
0.5
0.115944
0.347641
0.307443
0.276782
0.422835
0.399359
0.5
0.5
0.5
0.5
0.5
0.5
0.5
0.5
0.459963
0.467225
0.443057
0.174019
0.231081
0.304557
0.5
0.5
0.5
0.5
0.5
0.5
0.442949
0.3954
0.382587
0.447677
0.478758
0.447816
0.462072
0.493567
0.474524
0.408397
0.47941
0.44995
0.276718
0.421779
0.399178
0.298268
0.132775
0.110347
0.5
0.5
0.5
0.5
0.499999
0.499999
0.499999
0.499998
0.499999
0.282489
0.0998905
0.275486
0.073611
0.115251
0.207678
0.499829
0.498761
0.498506
0.498482
0.492308
0.490333
0.5
0.5
0.5
0.137068
0.362415
0.351909
0.345962
0.460958
0.454003
0.288284
0.103578
0.28177
0.176951
0.0919478
0.244476
0.5
0.5
0.5
0.199932
0.0848504
0.232157
0.498575
0.491339
0.49074
0.0816109
0.252612
0.0934805
0.257081
0.346256
0.461054
0.454103
0.191604
0.0264526
0.0725357
0.5
0.5
0.5
0.499996
0.499993
0.499997
0.196291
0.564292
0.194318
0.558903
0.836516
0.829461
0.952246
0.949078
0.286739
0.10451
0.285915
0.49806
0.48728
0.487809
0.5
0.5
0.5
0.0333076
0.035101
0.137265
0.319896
0.436362
0.44324
0.5
0.5
0.5
0.498529
0.491487
0.49061
0.40115
0.39162
0.383471
0.319792
0.435307
0.44303
0.31218
0.136025
0.119794
0.498612
0.495194
0.490967
0.5
0.500122
0.5
0.317531
0.436166
0.442183
0.5
0.5
0.5
0.498574
0.491328
0.490737
0.250248
0.0914975
0.248985
0.367202
0.47614
0.462062
0.19104
0.0264142
0.0724252
0.999861
0.999917
0.999428
0.998819
0.251464
0.0945143
0.264656
0.5
0.5
0.5
0.133677
0.0816322
0.233341
0.247637
0.0944698
0.2643
0.137204
0.0815872
0.234285
0.0774796
0.0328414
0.0927162
0.0968885
0.0772962
0.0327406
0.0975124
0.0980844
0.0257418
0.070532
0.0842822
0.0677769
0.413717
0.465941
0.412248
0.468146
0.0290426
0.0749629
0.0975952
0.331999
0.0843346
0.211322
0.210232
0.0858787
0.5
0.495685
0.497701
0.0769937
0.0325543
0.0982839
0.0982963
0.0982547
0.0982457
0.0977531
0.0982988
0.0770081
0.0325538
0.0800028
0.0933023
0.413718
0.465972
0.412268
0.468148
0.0695633
0.108077
0.0764304
0.0326174
0.0888931
0.080075
0.491569
0.458672
0.483924
0.451027
0.419031
0.476401
0.418094
0.477579
0.418018
0.476285
0.417985
0.476339
0.419028
0.4764
0.418093
0.477575
0.417986
0.476272
0.417961
0.476298
0.399276
0.453419
0.476383
0.355145
0.497561
0.483236
0.49347
0.48981
0.363478
0.449952
0.463902
0.345509
0.498174
0.491249
0.498226
0.491069
0.234796
0.359792
0.134856
0.140742
0.49709
0.0927434
0.0703486
0.493578
0.491483
0.494108
0.494578
0.5
0.5
0.5
0.5
0.49922
0.499867
0.499898
0.0680805
0.103747
0.5
0.5
0.409207
0.463825
0.480585
0.366504
0.499961
0.499997
0.49996
0.499997
0.499961
0.499997
0.49996
0.499997
0.499961
0.499995
0.49996
0.499997
0.188152
0.40607
0.426451
0.21095
0.497253
0.475888
0.485073
0.492578
0.5
0.5
0.5
0.5
0.0719258
0.101008
0.36559
0.458674
0.4664
0.352464
0.499016
0.491609
0.493231
0.49876
0.496722
0.495079
0.498817
0.412687
0.071008
0.0710222
0.0261298
0.499081
0.5
0.5
0.5
0.5
0.5
0.5
0.5
0.5
0.5
0.5
0.5
0.5
0.499999
0.499991
0.499995
0.499999
0.359467
0.132192
0.140833
0.498709
0.366271
0.459543
0.466239
0.354639
0.499334
0.492117
0.495068
0.498817
0.5
0.5
0.5
0.5
0.497663
0.490782
0.498128
0.428513
0.215604
0.493585
0.48407
0.406355
0.451483
0.478083
0.353369
0.497809
0.497235
0.499464
0.490165
0.5
0.5
0.5
0.5
0.5
0.499999
0.499998
0.5
0.5
0.5
0.5
0.5
0.36572
0.458682
0.466472
0.35248
0.499102
0.491616
0.493292
0.498768
0.0906503
0.285431
0.248495
0.103952
0.439602
0.482416
0.46111
0.47809
0.415754
0.232911
0.0883
0.0364418
0.0678066
0.0597857
0.5
0.5
0.5
0.5
0.499999
0.499991
0.499995
0.499999
0.366239
0.457672
0.465924
0.354187
0.497593
0.483253
0.493248
0.490102
0.5
0.5
0.5
0.5
0.361356
0.732844
0.772957
0.411723
0.5
0.499999
0.5
0.5
0.5
0.5
0.5
0.5
0.365727
0.458693
0.466473
0.352524
0.499096
0.491545
0.493261
0.498753
0.434263
0.425247
0.14241
0.06037
0.380717
0.376961
0.400505
0.337841
0.0860277
0.0923057
0.5
0.5
0.5
0.5
0.787523
0.903603
0.948952
0.706526
0.498425
0.491329
0.49837
0.491602
0.392167
0.449756
0.474976
0.346733
0.495887
0.480003
0.491596
0.483896
0.199033
0.155314
0.0926909
0.09687
0.101009
0.0707805
0.239952
0.226717
0.131664
0.344257
0.396586
0.262459
0.272411
0.385376
0.077464
0.0328212
0.10092
0.0706545
0.0839516
0.0757119
0.396827
0.262586
0.272546
0.385533
0.239268
0.226703
0.13153
0.344052
0.0925358
0.0967258
0.0855147
0.0337006
0.238431
0.226271
0.131181
0.343431
0.396575
0.262199
0.27222
0.385162
0.0940178
0.0801191
0.28049
0.0946694
0.156734
0.246435
0.271979
0.0986952
0.109941
0.247228
0.399759
0.274189
0.275319
0.398918
0.372664
0.266997
0.240336
0.393
0.116908
0.116729
0.220292
0.116792
0.116791
0.220271
0.0847029
0.0332673
0.0845981
0.0332152
0.117538
0.116693
0.220637
0.359093
0.371671
0.371364
0.359678
0.35928
0.371683
0.371501
0.359713
0.309643
0.450777
0.353571
0.414509
0.461802
0.481198
0.452125
0.488488
0.462036
0.480277
0.488425
0.451876
0.304703
0.445794
0.41235
0.34153
0.40683
0.468421
0.401149
0.450415
0.465598
0.486596
0.463015
0.490076
0.0256831
0.0704395
0.122656
0.100796
0.2377
0.212854
0.459758
0.395208
0.122633
0.100828
0.0927095
0.0776623
0.452366
0.385598
0.115943
0.117589
0.0853721
0.0859829
0.0718699
0.0724496
0.0761436
0.0329257
0.0883233
0.0764187
0.290418
0.239916
0.193088
0.356241
0.241419
0.223216
0.132376
0.339918
0.412418
0.465681
0.412082
0.466179
0.418499
0.418509
0.383573
0.465356
0.413446
0.46567
0.412066
0.413516
0.465695
0.412086
0.418506
0.418507
0.383571
0.465355
0.412252
0.465496
0.41196
0.412253
0.465496
0.41196
0.499553
0.490723
0.491483
0.49953
0.499536
0.490629
0.490797
0.49953
0.331963
0.0842937
0.211247
0.210232
0.0847067
0.116371
0.0290605
0.0749984
0.0847284
0.116352
0.0329237
0.0774317
0.489766
0.461757
0.463608
0.273641
0.396074
0.398265
0.0761114
0.0880223
0.5
0.5
0.5
0.5
0.5
0.5
0.5
0.5
0.031847
0.0969869
0.261574
0.231079
0.303838
0.2594
0.2871
0.125194
0.291569
0.302262
0.443388
0.335365
0.410875
0.447931
0.47855
0.447911
0.483026
0.448032
0.478828
0.483081
0.448303
0.304547
0.444286
0.412086
0.33721
0.499817
0.5
0.499995
0.5
0.497904
0.487718
0.492529
0.5
0.499979
0.499994
0.499985
0.5
0.499374
0.0924129
0.0967788
0.0818391
0.0331066
0.237739
0.225496
0.130525
0.342576
0.396478
0.261839
0.272247
0.384684
0.0982818
0.0982977
0.319637
0.237354
0.264039
0.305746
0.320663
0.237513
0.265321
0.305864
0.400209
0.275835
0.275828
0.400243
0.400168
0.275825
0.275816
0.400224
0.0982735
0.0983034
0.320572
0.23741
0.265109
0.305811
0.320517
0.237457
0.265126
0.305814
0.400132
0.275778
0.275728
0.400203
0.400207
0.275814
0.275838
0.400228
0.0942881
0.0803936
0.309407
0.104641
0.173406
0.255242
0.271959
0.0986649
0.109957
0.246918
0.400309
0.274803
0.275876
0.399524
0.373433
0.267688
0.241057
0.393702
0.237206
0.319462
0.263769
0.305621
0.237333
0.319928
0.264979
0.305659
0.0924054
0.07713
0.237889
0.390065
0.200379
0.377919
0.402643
0.445705
0.427569
0.40045
0.240995
0.336311
0.269219
0.321266
0.371526
0.359545
0.371521
0.359582
0.237396
0.320586
0.265111
0.30582
0.0982747
0.0982413
0.237535
0.320666
0.26532
0.305866
0.0748251
0.0915181
0.0965663
0.282172
0.158383
0.249621
0.362525
0.338451
0.375494
0.330447
0.0818426
0.0331089
0.0778318
0.0930251
0.103811
0.103828
0.174387
0.0923847
0.0966446
0.320001
0.237409
0.265045
0.305717
0.320625
0.23747
0.265284
0.30581
0.214209
0.222885
0.12508
0.330991
0.395426
0.260937
0.27176
0.381002
0.0347708
0.32053
0.237342
0.265067
0.305744
0.320547
0.237368
0.265369
0.305722
0.389482
0.236751
0.264752
0.362195
0.179671
0.153862
0.0702816
0.290203
0.338876
0.346299
0.336024
0.323268
0.336881
0.356305
0.377895
0.322905
0.304494
0.444602
0.337515
0.412682
0.462153
0.480264
0.452158
0.488528
0.464319
0.490114
0.490099
0.464348
0.464308
0.490117
0.464343
0.49011
0.464319
0.490115
0.490099
0.464348
0.46431
0.490117
0.464344
0.490111
0.464449
0.48789
0.489928
0.46322
0.430095
0.476687
0.455665
0.437846
0.413715
0.465971
0.412267
0.468145
0.418493
0.418501
0.383566
0.465349
0.418498
0.418499
0.383561
0.465348
0.41369
0.465903
0.412225
0.413547
0.465849
0.412187
0.499553
0.490734
0.491483
0.49953
0.499553
0.490734
0.491483
0.49953
0.110496
0.0357328
0.168339
0.273432
0.207837
0.0314753
0.27552
0.314071
0.247681
0.0999448
0.0279757
0.273454
0.184408
0.146783
0.275587
0.204853
0.184944
0.12144
0.262475
0.0780002
0.0326401
0.270012
0.293336
0.234542
0.0985057
0.0700621
0.218908
0.175078
0.0254884
0.0882871
0.0795166
0.23814
0.224325
0.130847
0.341653
0.369742
0.253202
0.238236
0.377428
0.0770526
0.0329231
0.0883176
0.0766579
0.371039
0.254693
0.239524
0.379107
0.240103
0.225989
0.132039
0.343788
0.5
0.5
0.5
0.5
0.5
0.5
0.5
0.5
0.089803
0.0332857
0.0289677
0.0605042
0.30954
0.196293
0.320935
0.121473
0.131538
0.367236
0.365584
0.372227
0.36402
0.25729
0.336318
0.252767
0.338496
0.092022
0.0966255
0.402445
0.321061
0.418973
0.0761454
0.0880831
0.23927
0.305735
0.368674
0.447524
0.368899
0.447633
0.238936
0.234157
0.031029
0.0806995
0.304786
0.303255
0.444864
0.339594
0.411183
0.447897
0.478642
0.44792
0.482817
0.44798
0.478612
0.482819
0.448253
0.304541
0.444174
0.412053
0.337201
0.499926
0.499925
0.499649
0.499903
0.499585
0.51374
0.504912
0.515899
0.522993
0.540432
0.553684
0.565724
0.604098
0.417975
0.476261
0.41797
0.476277
0.376568
0.376568
0.380345
0.375
0.418016
0.476302
0.417997
0.418371
0.476411
0.418095
0.375
0.375
0.375
0.375
0.499548
0.495334
0.495596
0.499528
0.499531
0.495321
0.495333
0.499529
0.418244
0.476349
0.418048
0.476586
0.375
0.375
0.375
0.375
0.376568
0.376568
0.380345
0.375
0.417975
0.476281
0.417983
0.418366
0.476403
0.41809
0.499534
0.49533
0.495354
0.499531
0.499531
0.495329
0.495373
0.499528
0.5
0.5
0.5
0.5
0.5
0.5
0.5
0.5
0.5
0.5
0.41801
0.476275
0.417978
0.476329
0.376568
0.376568
0.380345
0.375
0.418021
0.476309
0.418003
0.418375
0.476417
0.4181
0.375
0.375
0.375
0.375
0.499548
0.495336
0.495595
0.499529
0.499534
0.495328
0.495353
0.499531
0.418043
0.476306
0.417987
0.47632
0.374999
0.374996
0.374999
0.374993
0.37489
0.374982
0.374942
0.374968
0.499533
0.49534
0.495345
0.499523
0.499169
0.495311
0.495113
0.499458
0.375
0.375
0.375
0.375
0.413202
0.474794
0.416685
0.41789
0.475868
0.417622
0.374998
0.375
0.375
0.374999
0.374998
0.375
0.375
0.375
0.374992
0.37499
0.374997
0.374982
0.374223
0.374955
0.37485
0.374875
0.49779
0.483421
0.494305
0.489829
0.278903
0.425311
0.325288
0.36787
0.405104
0.458193
0.465747
0.397995
0.381057
0.452592
0.47096
0.351644
0.444095
0.47544
0.483823
0.392808
0.453014
0.474229
0.405732
0.458744
0.466059
0.398865
0.279642
0.426156
0.325528
0.368981
0.497315
0.482639
0.491953
0.489727
0.49724
0.482873
0.491696
0.361479
0.450392
0.462805
0.278519
0.424871
0.323038
0.368229
0.405517
0.458312
0.465909
0.398472
0.498228
0.491469
0.498277
0.491466
0.40731
0.468031
0.467569
0.408135
0.409335
0.468594
0.468638
0.409153
0.0685431
0.0906357
0.136085
0.081556
0.034764
0.233739
0.247155
0.0941849
0.263636
0.0844303
0.247554
0.094366
0.0846112
0.264047
0.136341
0.081698
0.234142
0.0348189
0.232001
0.0995702
0.0819422
0.273857
0.289933
0.105065
0.286926
0.106476
0.49777
0.196352
0.272719
0.373963
0.44638
0.165945
0.499796
0.497666
0.498197
0.426188
0.485256
0.486725
0.498191
0.497575
0.336823
0.139734
0.345865
0.132942
0.316627
0.117091
0.337139
0.127491
0.100607
0.10426
0.277249
0.255305
0.19372
0.365056
0.403971
0.276603
0.284904
0.394831
0.380406
0.460846
0.471691
0.358292
0.498851
0.486985
0.491949
0.245193
0.438608
0.448868
0.497587
0.490899
0.496202
0.4909
0.34987
0.457563
0.351542
0.45677
0.5
0.5
0.5
0.5
0.5
0.5
0.5
0.5
0.5
0.5
0.5
0.5
0.5
0.5
0.5
0.5
0.5
0.5
0.161611
0.363659
0.394377
0.496652
0.464189
0.479841
0.499847
0.498547
0.499831
0.49985
0.498566
0.499837
0.246299
0.440851
0.449605
0.498993
0.487941
0.492432
0.5
0.5
0.5
0.5
0.5
0.5
0.5
0.5
0.101875
0.207025
0.391562
0.183933
0.35039
0.486085
0.446544
0.280284
0.389653
0.153391
0.276073
0.489256
0.460559
0.28397
0.405243
0.353537
0.435646
0.299861
0.398912
0.345673
0.456817
0.349457
0.454674
0.498523
0.491071
0.490424
0.498642
0.498617
0.49142
0.498711
0.490916
0.349115
0.458039
0.456372
0.352092
0.499491
0.492675
0.496551
0.498888
0.344617
0.4564
0.349805
0.453803
0.498446
0.490803
0.498576
0.490078
0.49996
0.499997
0.49996
0.499997
0.5
0.5
0.5
0.5
0.5
0.5
0.5
0.5
0.499961
0.499997
0.499961
0.499997
0.5
0.5
0.5
0.5
0.5
0.5
0.5
0.5
0.499836
0.499986
0.499942
0.499938
0.5
0.499999
0.5
0.499999
0.499965
0.499992
0.499963
0.499993
0.496274
0.471003
0.485086
0.185903
0.402142
0.42356
0.186319
0.0923833
0.0696401
0.250106
0.196173
0.093226
0.253831
0.0718444
0.214469
0.212085
0.124194
0.306588
0.239172
0.228216
0.174477
0.316914
0.499961
0.499997
0.49996
0.49996
0.499997
0.49996
0.233671
0.192191
0.486056
0.412745
0.430861
0.497148
0.474139
0.486121
0.491378
0.254079
0.399403
0.259654
0.36113
0.434371
0.458408
0.476276
0.413981
0.183936
0.40509
0.421126
0.209546
0.446714
0.466846
0.480918
0.436746
0.261437
0.406192
0.262443
0.380823
0.348953
0.459306
0.356222
0.455853
0.498531
0.491483
0.490616
0.49866
0.5
0.499997
0.499997
0.5
0.5
0.499997
0.5
0.499997
0.5
0.499997
0.499997
0.5
0.5
0.499997
0.5
0.499997
0.499994
0.499986
0.499996
0.499932
0.498035
0.499909
0.499538
0.49956
0.5
0.5
0.5
0.5
0.5
0.5
0.5
0.5
0.5
0.5
0.5
0.5
0.5
0.5
0.5
0.5
0.5
0.5
0.5
0.5
0.5
0.5
0.5
0.5
0.101299
0.192165
0.339392
0.341669
0.195616
0.273778
0.366111
0.369761
0.286301
0.069098
0.469485
0.392421
0.420102
0.208879
0.185711
0.27306
0.364278
0.369242
0.286756
0.186921
0.33607
0.34034
0.194816
0.499221
0.491724
0.4943
0.498774
0.344637
0.45533
0.346748
0.454028
0.498477
0.490639
0.498565
0.4902
0.360972
0.45829
0.463562
0.351668
0.499361
0.492566
0.495576
0.386579
0.462613
0.474187
0.498585
0.490892
0.498628
0.49066
0.346242
0.455964
0.34759
0.455199
0.5
0.5
0.5
0.5
0.5
0.5
0.5
0.5
0.478072
0.469804
0.490466
0.459104
0.440197
0.481438
0.123785
0.119793
0.242433
0.439459
0.445493
0.498932
0.487652
0.492008
0.499512
0.348969
0.350802
0.49409
0.486595
0.389034
0.437166
0.315741
0.241507
0.273647
0.123232
0.103936
0.13279
0.346916
0.458594
0.354195
0.455104
0.498518
0.491352
0.490473
0.49865
0.498609
0.491379
0.498689
0.490894
0.349111
0.458013
0.456354
0.35209
0.5
0.5
0.5
0.5
0.5
0.5
0.5
0.5
0.5
0.5
0.5
0.5
0.5
0.5
0.5
0.5
0.5
0.5
0.5
0.5
0.5
0.5
0.5
0.5
0.5
0.5
0.5
0.5
0.5
0.5
0.5
0.5
0.5
0.5
0.5
0.5
0.5
0.5
0.5
0.5
0.5
0.5
0.5
0.5
0.5
0.5
0.5
0.5
0.499819
0.499939
0.499966
0.499706
0.499998
0.499988
0.499999
0.499987
0.49962
0.499924
0.499646
0.499917
0.5
0.5
0.5
0.5
0.5
0.5
0.499993
0.499999
0.499999
0.5
0.5
0.5
0.986724
0.986935
0.977493
0.996279
0.985635
0.977732
0.994282
0.9718
0.774577
0.917312
0.919027
0.757874
0.795696
0.943992
0.817652
0.928479
0.986161
0.986023
0.974597
0.996121
0.988617
0.998151
0.99813
0.988772
0.988693
0.99813
0.988901
0.99793
0.742419
0.731274
0.587329
0.87619
0.945045
0.796338
0.92878
0.820119
0.561246
0.67088
0.795021
0.454432
0.742759
0.731802
0.587757
0.876488
0.945393
0.796996
0.929083
0.820947
0.949562
0.826877
0.827873
0.949275
0.949428
0.827513
0.949558
0.828068
0.186461
0.213049
0.23442
0.342953
0.389494
0.387475
0.49824
0.489714
0.497628
0.472182
0.482777
0.4937
0.361452
0.443437
0.235737
0.0272488
0.195524
0.0747517
0.301815
0.124954
0.278723
0.106811
0.499154
0.491883
0.493909
0.498798
0.347646
0.456679
0.349629
0.455516
0.498563
0.491008
0.498635
0.490641
0.38053
0.46092
0.471861
0.35831
0.49944
0.491987
0.496349
0.413339
0.461937
0.480836
0.49864
0.491247
0.498674
0.491037
0.349871
0.457599
0.351546
0.456782
0.5
0.5
0.5
0.5
0.5
0.5
0.5
0.5
0.5
0.5
0.5
0.5
0.5
0.5
0.5
0.5
0.5
0.5
0.160178
0.349842
0.391536
0.494732
0.451837
0.47739
0.104627
0.284279
0.286363
0.466917
0.404009
0.406165
0.405584
0.463066
0.480848
0.499514
0.49253
0.496616
0.5
0.5
0.5
0.5
0.5
0.5
0.5
0.5
0.486018
0.482401
0.0364452
0.240108
0.263459
0.351125
0.0849468
0.266631
0.450083
0.386272
0.47133
0.343227
0.0845641
0.263733
0.450665
0.384461
0.034696
0.233577
0.306613
0.348489
0.345666
0.456818
0.349461
0.45467
0.498523
0.491071
0.490423
0.498642
0.498617
0.49142
0.498711
0.490916
0.349115
0.458039
0.456372
0.352093
0.496461
0.481143
0.494325
0.484156
0.243723
0.415902
0.30937
0.348694
0.375847
0.451313
0.450556
0.384525
0.499998
0.499788
0.499949
0.52862
0.406137
0.48967
0.466572
0.455774
0.609995
0.520385
0.595813
0.521808
0.5
0.5
0.5
0.5
0.619008
0.522732
0.554859
0.556214
0.5
0.5
0.5
0.5
0.499921
0.499989
0.499986
0.499946
0.5
0.499999
0.5
0.499999
0.499965
0.499992
0.499963
0.499992
0.251324
0.241903
0.178278
0.341164
0.256147
0.243145
0.181355
0.34314
0.290068
0.416727
0.301159
0.40552
0.454457
0.453526
0.432997
0.451378
0.404309
0.290008
0.301567
0.389487
0.246872
0.256944
0.183429
0.345486
0.196887
0.0947862
0.071751
0.259652
0.285949
0.102669
0.280939
0.104534
0.287211
0.105061
0.105041
0.287271
0.287238
0.105063
0.28728
0.105046
0.287035
0.105012
0.104952
0.28717
0.287221
0.105044
0.287237
0.105042
0.287686
0.105688
0.10525
0.288626
0.29037
0.106299
0.289861
0.106663
0.5
0.5
0.5
0.5
0.5
0.5
0.5
0.5
0.5
0.5
0.5
0.5
0.5
0.5
0.5
0.5
0.5
0.5
0.374824
0.397499
0.345578
0.431221
0.455755
0.415844
0.450287
0.42295
0.472106
0.484744
0.479722
0.470546
0.395403
0.468175
0.452923
0.408686
0.499284
0.491728
0.494343
0.49878
0.344637
0.45533
0.346749
0.454029
0.498477
0.490639
0.498566
0.4902
0.361204
0.458311
0.463678
0.351718
0.499144
0.491739
0.493602
0.363905
0.459018
0.464992
0.498585
0.490893
0.498629
0.490658
0.346236
0.455966
0.347598
0.455193
0.5
0.5
0.5
0.5
0.5
0.5
0.5
0.5
0.113603
0.299334
0.109206
0.307778
0.087369
0.0670978
0.431742
0.472059
0.47652
0.416643
0.249938
0.208834
0.170136
0.327199
0.268427
0.162684
0.322485
0.103001
0.407731
0.46308
0.480467
0.499514
0.492534
0.496603
0.654514
0.369925
0.327567
0.109997
0.117631
0.386504
0.58441
0.266964
0.0704631
0.101508
0.613331
0.0313951
0.345792
0.456825
0.349479
0.454723
0.498524
0.491073
0.490434
0.498643
0.498618
0.49142
0.498711
0.490917
0.349116
0.458039
0.456373
0.352092
0.963654
0.994151
0.9739
0.99055
0.998283
0.99889
0.997102
0.999699
0.999494
0.998747
0.999827
0.998109
0.96195
0.992538
0.990759
0.966882
0.5
0.5
0.5
0.5
0.5
0.5
0.5
0.5
0.5
0.5
0.5
0.5
0.499819
0.499939
0.499966
0.499707
0.499999
0.499988
0.499999
0.499987
0.49963
0.499925
0.499649
0.49992
0.955874
0.985889
0.989344
0.947103
0.999761
0.99749
0.9982
0.999607
0.816921
0.94654
0.823107
0.938806
0.980586
0.986474
0.97665
0.99479
0.980553
0.986507
0.994788
0.976645
0.816878
0.946636
0.938825
0.823211
0.497704
0.487127
0.493005
0.491399
0.34291
0.449606
0.347915
0.434945
0.419686
0.473395
0.47159
0.438816
0.378889
0.452121
0.469992
0.350933
0.498883
0.486969
0.491967
0.245137
0.43848
0.448874
0.408301
0.45974
0.467188
0.401285
0.282292
0.427125
0.326881
0.371404
0.5
0.5
0.5
0.5
0.5
0.5
0.5
0.5
0.5
0.5
0.5
0.5
0.5
0.5
0.5
0.5
0.5
0.5
0.682847
0.530155
0.467161
0.779835
0.765289
0.531699
0.797063
0.479296
0.765334
0.531716
0.479147
0.797113
0.682796
0.530206
0.779857
0.467175
0.246238
0.440621
0.449601
0.499023
0.487894
0.492446
0.5
0.5
0.5
0.5
0.5
0.5
0.5
0.5
0.345665
0.456815
0.349458
0.45467
0.498523
0.491068
0.490423
0.498639
0.498617
0.491417
0.498708
0.490916
0.349115
0.458035
0.456372
0.352089
0.535695
0.5
0.498362
0.520795
0.499978
0.5
0.499999
0.499998
0.490536
0.478817
0.494805
0.474254
0.304691
0.427688
0.4234
0.307843
0.5
0.678332
0.661601
0.534675
0.622336
0.776302
0.544815
0.823023
0.616561
0.748388
0.587754
0.79687
0.499975
0.499994
0.499996
0.499971
0.5
0.499999
0.5
0.499999
0.499967
0.499994
0.499972
0.499993
0.445352
0.488888
0.445332
0.4889
0.499872
0.498502
0.498505
0.499871
0.495596
0.479624
0.4956
0.47959
0.308219
0.428456
0.42828
0.308708
0.492684
0.5
0.499735
0.5
0.5
0.5
0.5
0.5
0.499928
0.499928
0.499991
0.499554
0.494403
0.499649
0.498107
0.498873
0.480181
0.495756
0.495744
0.480206
0.480255
0.495765
0.480235
0.495771
0.0664443
0.0668125
0.0256756
0.17287
0.247735
0.0882498
0.228251
0.0958296
0.479858
0.495387
0.495683
0.478756
0.464595
0.494165
0.474725
0.490841
0.417151
0.469395
0.40547
0.452993
0.451416
0.48552
0.460407
0.484346
0.719576
0.734168
0.584409
0.846351
0.847746
0.784808
0.871073
0.787867
0.58595
0.645391
0.656422
0.579195
0.576744
0.642131
0.577258
0.641382
0.520361
0.505444
0.542601
0.5
0.5
0.499638
0.5
0.497934
0.499999
0.498173
0.497497
0.499997
0.49995
0.498919
0.499986
0.499039
0.5
0.5
0.5
0.5
0.5
0.5
0.5
0.5
0.5
0.5
0.5
0.5
0.5
0.5
0.5
0.5
0.5
0.5
0.499283
0.491727
0.494342
0.498778
0.345508
0.455401
0.346959
0.45435
0.498481
0.490648
0.498564
0.490262
0.360984
0.4581
0.463568
0.351381
0.499421
0.492569
0.495614
0.386669
0.462617
0.474241
0.498534
0.490754
0.498598
0.49044
0.345428
0.455582
0.347025
0.454622
0.5
0.5
0.5
0.5
0.5
0.5
0.5
0.5
0.466852
0.399641
0.425485
0.212412
0.189768
0.24251
0.439623
0.44554
0.498979
0.487685
0.49203
0.72682
0.389797
0.444712
0.166098
0.154376
0.282047
0.525903
0.272409
0.122901
0.103736
0.358939
0.345664
0.45681
0.349445
0.45467
0.498522
0.491067
0.490423
0.498635
0.498617
0.491416
0.498703
0.490916
0.349114
0.458031
0.456372
0.352075
0.989607
0.998256
0.990874
0.996898
0.998408
0.999611
0.99823
0.999788
0.998455
0.999793
0.999807
0.998446
0.998107
0.99973
0.998384
0.999518
0.989896
0.997381
0.998165
0.987194
0.999961
0.999581
0.99975
0.999909
0.872713
0.927496
0.951989
0.818203
0.230747
0.181939
0.0974034
0.496522
0.483678
0.496129
0.504537
0.463931
0.489737
0.27338
0.375619
0.314343
0.339705
0.251178
0.315943
0.235177
0.31567
0.0655503
0.0252988
0.497588
0.484417
0.497167
0.344583
0.466815
0.550551
0.295137
0.224777
0.240332
0.278027
0.0819189
0.171393
0.0661482
0.212272
0.5
0.5
0.5
0.5
0.56835
0.5
0.5
0.5
0.5
0.5
0.5
0.5
0.5
0.5
0.5
0.5
0.5
0.5
0.243442
0.42876
0.447191
0.497465
0.477927
0.490605
0.623946
0.545562
0.669926
0.522174
0.5
0.5
0.5
0.5
0.195647
0.0947285
0.0713514
0.259372
0.286235
0.102778
0.281142
0.10467
0.286703
0.103021
0.104883
0.281752
0.197842
0.0951852
0.260605
0.072171
0.90492
0.944923
0.970447
0.886879
0.556588
0.848002
0.648675
0.734242
0.762412
0.899209
0.860274
0.785086
0.498376
0.491467
0.498403
0.491456
0.410227
0.468225
0.46908
0.4085
0.409273
0.468561
0.468597
0.4091
0.232002
0.0995712
0.0819429
0.27386
0.289936
0.105067
0.286929
0.106477
0.985047
0.958566
0.957343
0.988209
0.981449
0.958188
0.987652
0.954303
0.496418
0.480846
0.49386
0.484189
0.243268
0.415267
0.307277
0.3486
0.376203
0.451273
0.450829
0.384636
0.357103
0.445396
0.461134
0.337362
0.495804
0.480066
0.491079
0.359942
0.44629
0.461986
0.376666
0.451678
0.451044
0.385442
0.244552
0.415397
0.306619
0.349831
0.628923
0.543295
0.443827
0.73816
0.64825
0.557168
0.744298
0.491117
0.504543
0.464711
0.49006
0.496519
0.483826
0.496217
0.506789
0.464034
0.489817
0.496715
0.483672
0.496152
0.206894
0.183615
0.136062
0.0816928
0.0347901
0.234098
0.247949
0.0944468
0.264246
0.0847815
0.248293
0.0946972
0.0848785
0.264917
0.137412
0.0821547
0.235367
0.0350869
0.398355
0.472249
0.408922
0.465501
0.494854
0.493444
0.489362
0.49844
0.485541
0.492533
0.496333
0.4845
0.398267
0.472426
0.463963
0.410039
0.587363
0.5
0.593098
0.5
0.5
0.5
0.5
0.5
0.380526
0.438382
0.327779
0.466257
0.549503
0.520524
0.516222
0.585131
0.713616
0.729241
0.721078
0.744735
0.595068
0.681266
0.715053
0.536259
0.797093
0.944836
0.821238
0.928447
0.966389
0.982239
0.970485
0.976902
0.495759
0.499137
0.499301
0.494775
0.49432
0.499079
0.494522
0.498967
0.708191
0.708528
0.533477
0.860639
0.944173
0.789372
0.92394
0.819054
0.948808
0.826736
0.827758
0.948269
0.946545
0.827273
0.947895
0.827617
0.394717
0.4721
0.409549
0.461993
0.492843
0.492977
0.486341
0.498046
0.497938
0.4999
0.499774
0.498539
0.481218
0.499965
0.497377
0.494996
0.354056
0.354044
0.266623
0.430218
0.47142
0.394095
0.461702
0.407936
0.471781
0.394746
0.408225
0.463314
0.367634
0.356114
0.436064
0.271269
0.490199
0.462804
0.454303
0.499944
0.5
0.5
0.5
0.509102
0.520755
0.286544
0.238769
0.353932
0.442795
0.30616
0.407037
0.221944
0.240096
0.338044
0.0847793
0.0333498
0.396506
0.262641
0.385803
0.449873
0.310029
0.414706
0.227465
0.243224
0.345622
0.369664
0.253237
0.376977
0.425912
0.278728
0.401261
0.223786
0.230615
0.338704
0.499546
0.490629
0.499525
0.5
0.5
0.5
0.490635
0.499546
0.499525
0.499529
0.490561
0.499525
0.5
0.5
0.5
0.490561
0.499529
0.499525
0.0847334
0.132223
0.241268
0.448327
0.451788
0.41323
0.226662
0.384867
0.344354
0.229442
0.222902
0.337371
0.473557
0.446823
0.44446
0.252435
0.368869
0.375972
0.3955
0.261072
0.381258
0.397596
0.240254
0.38336
0.223289
0.214649
0.331683
0.185945
0.212343
0.299116
0.412183
0.45085
0.409741
0.256348
0.391613
0.366542
0.499546
0.490628
0.499525
0.5
0.5
0.5
0.490632
0.499546
0.499525
0.499553
0.490707
0.499529
0.5
0.5
0.5
0.490689
0.499547
0.499527
0.382923
0.224299
0.331598
0.202347
0.0724887
0.240746
0.125526
0.0684388
0.21512
0.369599
0.253323
0.377708
0.445507
0.304611
0.41156
0.224951
0.239907
0.342642
0.340117
0.260659
0.383097
0.487709
0.464378
0.460797
0.271536
0.401066
0.395282
0.229526
0.222982
0.337422
0.473298
0.446908
0.444425
0.252559
0.369082
0.376057
0.499532
0.49533
0.499531
0.5
0.5
0.5
0.495345
0.499537
0.499532
0.375
0.374999
0.374998
0.374997
0.495118
0.499362
0.499513
0.5
0.5
0.5
0.495273
0.499531
0.499528
0.375
0.375
0.375
0.375
0.495255
0.499395
0.499522
0.5
0.5
0.5
0.495334
0.499535
0.499532
0.375
0.375
0.375
0.375
0.397172
0.453498
0.393772
0.0844358
0.142297
0.241296
0.422498
0.254852
0.357826
0.0870442
0.181342
0.232556
0.179014
0.279793
0.282886
0.23994
0.323231
0.309258
0.499811
0.49801
0.498326
0.491916
0.454635
0.490375
0.487469
0.450419
0.489272
0.498288
0.487709
0.489141
0.462967
0.347154
0.454879
0.444291
0.336545
0.450134
0.5
0.5
0.5
0.5
0.5
0.5
0.5
0.5
0.5
0.135682
0.352889
0.350006
0.461869
0.490811
0.456949
0.458182
0.490773
0.45638
0.336602
0.445404
0.450225
0.491669
0.498409
0.490013
0.488202
0.498304
0.489194
0.406389
0.450502
0.395929
0.0947453
0.188449
0.25654
0.395791
0.253274
0.35613
0.223214
0.315784
0.322395
0.102194
0.286433
0.275845
0.415306
0.401496
0.379752
0.5
0.5
0.5
0.5
0.5
0.5
0.5
0.5
0.5
0.402901
0.399683
0.360411
0.0709526
0.0708135
0.190227
0.261399
0.09179
0.25586
0.29404
0.374806
0.328353
0.0683533
0.0702255
0.184062
0.256333
0.0911472
0.249245
0.498589
0.491256
0.49079
0.457882
0.34852
0.455925
0.457747
0.348736
0.456056
0.360253
0.434356
0.369239
0.0742559
0.0823761
0.205913
0.379349
0.124518
0.303215
0.336631
0.445023
0.450194
0.491685
0.498416
0.490039
0.488104
0.498306
0.489189
0.5
0.5
0.5
0.5
0.5
0.5
0.5
0.5
0.5
0.5
0.5
0.5
0.5
0.5
0.5
0.5
0.5
0.5
0.499999
0.499996
0.499999
0.499999
0.5
0.499999
0.5
0.5
0.5
0.162777
0.467737
0.186552
0.536459
0.947401
0.825892
0.938408
0.818155
0.998131
0.996777
0.989427
0.987698
0.776488
0.815583
0.902331
0.938823
0.406491
0.465845
0.405333
0.102543
0.258867
0.280639
0.458143
0.367948
0.39815
0.498284
0.490161
0.489106
0.439058
0.321213
0.444392
0.454318
0.336055
0.449953
0.5
0.5
0.5
0.5
0.5
0.5
0.5
0.5
0.5
0.0859147
0.310067
0.24554
0.0827538
0.273937
0.236409
0.417349
0.392868
0.35137
0.0862639
0.310825
0.246132
0.0828368
0.273825
0.236587
0.417769
0.392767
0.351602
0.335865
0.455018
0.44989
0.48621
0.497937
0.487317
0.490485
0.498279
0.489083
0.243622
0.41467
0.348907
0.0943194
0.247413
0.263964
0.451196
0.376117
0.384745
0.5
0.5
0.5
0.5
0.5
0.5
0.5
0.5
0.5
0.498557
0.490987
0.490639
0.459324
0.348947
0.455843
0.456608
0.347973
0.455601
0.347934
0.241556
0.342016
0.207586
0.0829832
0.257689
0.18323
0.0912334
0.250771
0.335906
0.455041
0.449879
0.485969
0.497931
0.487261
0.490491
0.498281
0.489083
0.997106
0.998078
0.999724
0.99949
0.719245
0.873992
0.718222
0.872866
0.987448
0.98984
0.957567
0.952124
0.4983
0.487651
0.489112
0.479034
0.33116
0.45588
0.44382
0.330291
0.449223
0.5
0.5
0.5
0.500701
0.5
0.5
0.5
0.5
0.5
0.327129
0.444253
0.446003
0.486169
0.497903
0.48707
0.48793
0.49813
0.488134
0.5
0.5
0.5
0.5
0.5
0.5
0.5
0.5
0.5
0.401682
0.276553
0.396119
0.462015
0.337998
0.432908
0.257261
0.286047
0.370402
0.498589
0.491256
0.490789
0.457839
0.348489
0.455914
0.457746
0.348728
0.456053
0.354347
0.389203
0.347875
0.0700446
0.0710347
0.188387
0.261257
0.0923704
0.254571
0.343728
0.445825
0.453126
0.494942
0.498725
0.491917
0.488281
0.498413
0.48988
0.999993
0.999945
0.99997
0.999786
0.976682
0.98575
0.996732
0.993996
0.381984
0.452907
0.385826
0.0811921
0.133614
0.23262
0.4161
0.236669
0.34705
0.5
0.5
0.5
0.5
0.5
0.5
0.5
0.5
0.5
0.23467
0.405381
0.345605
0.0954731
0.256639
0.267042
0.451944
0.388582
0.387928
0.0838448
0.190324
0.222923
0.0865267
0.23733
0.233649
0.306933
0.349908
0.31288
0.376147
0.451627
0.384923
0.0818124
0.13677
0.234456
0.416884
0.24571
0.349846
0.37629
0.451459
0.385085
0.0819119
0.136839
0.23467
0.415631
0.245198
0.349826
0.251601
0.423606
0.352086
0.0942931
0.247259
0.263995
0.45305
0.375977
0.385274
0.249981
0.422698
0.351277
0.0942465
0.247262
0.263877
0.452856
0.375983
0.385106
0.457786
0.493825
0.493684
0.498712
0.5
0.5
0.5
0.5
0.5
0.5
0.5
0.5
0.5
0.5
0.5
0.5
0.5
0.5
0.5
0.5
0.5
0.5
0.5
0.544745
0.5
0.5
0.5
0.685782
0.615466
0.649114
0.511158
0.529726
0.5
0.5
0.5
0.500081
0.5
0.5
0.50393
0.5
0.5
0.5
0.5
0.5
0.5
0.5
0.5
0.5
0.5
0.5
0.5
0.5
0.5
0.5
0.5
0.5
0.5
0.5
0.5
0.5
0.5
0.5
0.5
0.5
0.5
0.5
0.5
0.498882
0.499071
0.499893
0.499991
0.5
0.499995
0.5
0.5
0.5
0.499981
0.5
0.5
0.5
0.499989
0.499999
0.499968
0.49999
0.5
0.499999
0.5
0.5
0.5
0.5
0.5
0.499998
0.5
0.5
0.5
0.5
0.5
0.5
0.500081
0.500098
0.5
0.5
0.535048
0.5
0.5
0.5
0.5
0.5
0.5
0.5
0.5
0.5
0.5
0.5
0.5
0.5
0.5
0.514998
0.5
0.5
0.593689
0.604977
0.66424
0.519817
0.559944
0.5
0.5
0.570281
0.5
0.5
0.5
0.5
0.5
0.5
0.5
0.5
0.5
0.5
0.5
0.5
0.5
0.5
0.5
0.5
0.5
0.5
0.5
0.5
0.5
0.5
0.5
0.5
0.5
0.523223
0.542785
0.516653
0.575429
0.500122
0.567881
0.50393
0.541608
0.584625
0.5
0.5252
0.512069
0.5
0.595017
0.499406
0.198867
0.44267
0.499689
0.499728
0.197851
0.430026
0.474754
0.201875
0.446444
0.202848
0.452848
0.499752
0.49982
0.178611
0.415697
0.344568
0.138866
0.441995
0.478871
0.272456
0.701062
0.290489
0.764836
)
;
    }
}


// ************************************************************************* //
