/*--------------------------------*- C++ -*----------------------------------*\
  =========                 |
  \\      /  F ield         | OpenFOAM: The Open Source CFD Toolbox
   \\    /   O peration     | Website:  https://openfoam.org
    \\  /    A nd           | Version:  10
     \\/     M anipulation  |
\*---------------------------------------------------------------------------*/
FoamFile
{
    format      ascii;
    class       faceList;
    location    "constant/polyMesh";
    object      faces;
}
// * * * * * * * * * * * * * * * * * * * * * * * * * * * * * * * * * * * * * //


6878
(
4(1 19 475 457)
4(18 474 475 19)
4(456 457 475 474)
4(2 20 476 458)
4(19 475 476 20)
4(457 458 476 475)
4(3 21 477 459)
4(20 476 477 21)
4(458 459 477 476)
4(4 22 478 460)
4(21 477 478 22)
4(459 460 478 477)
4(5 23 479 461)
4(22 478 479 23)
4(460 461 479 478)
4(6 24 480 462)
4(23 479 480 24)
4(461 462 480 479)
4(7 25 481 463)
4(24 480 481 25)
4(462 463 481 480)
4(8 26 482 464)
4(25 481 482 26)
4(463 464 482 481)
4(9 27 483 465)
4(26 482 483 27)
4(464 465 483 482)
4(10 28 484 466)
4(27 483 484 28)
4(465 466 484 483)
4(11 29 485 467)
4(28 484 485 29)
4(466 467 485 484)
4(12 30 486 468)
4(29 485 486 30)
4(467 468 486 485)
4(13 31 487 469)
4(30 486 487 31)
4(468 469 487 486)
4(14 32 488 470)
4(31 487 488 32)
4(469 470 488 487)
4(15 33 489 471)
4(32 488 489 33)
4(470 471 489 488)
4(16 34 490 472)
4(33 489 490 34)
4(471 472 490 489)
4(34 490 491 35)
4(472 473 491 490)
4(19 37 493 475)
4(36 492 493 37)
4(474 475 493 492)
4(20 38 494 476)
4(37 493 494 38)
4(475 476 494 493)
4(21 39 495 477)
4(38 494 495 39)
4(476 477 495 494)
4(22 40 496 478)
4(39 495 496 40)
4(477 478 496 495)
4(23 41 497 479)
4(40 496 497 41)
4(478 479 497 496)
4(24 42 498 480)
4(41 497 498 42)
4(479 480 498 497)
4(25 43 499 481)
4(42 498 499 43)
4(480 481 499 498)
4(26 44 500 482)
4(43 499 500 44)
4(481 482 500 499)
4(27 45 501 483)
4(44 500 501 45)
4(482 483 501 500)
4(28 46 502 484)
4(45 501 502 46)
4(483 484 502 501)
4(29 47 503 485)
4(46 502 503 47)
4(484 485 503 502)
4(30 48 504 486)
4(47 503 504 48)
4(485 486 504 503)
4(31 49 505 487)
4(48 504 505 49)
4(486 487 505 504)
4(32 50 506 488)
4(49 505 506 50)
4(487 488 506 505)
4(33 51 507 489)
4(50 506 507 51)
4(488 489 507 506)
4(34 52 508 490)
4(51 507 508 52)
4(489 490 508 507)
4(52 508 509 53)
4(490 491 509 508)
4(37 55 511 493)
4(54 510 511 55)
4(492 493 511 510)
4(38 56 512 494)
4(55 511 512 56)
4(493 494 512 511)
4(39 57 513 495)
4(56 512 513 57)
4(494 495 513 512)
4(40 58 514 496)
4(57 513 514 58)
4(495 496 514 513)
4(41 59 515 497)
4(58 514 515 59)
4(496 497 515 514)
4(42 60 516 498)
4(59 515 516 60)
4(497 498 516 515)
4(43 61 517 499)
4(60 516 517 61)
4(498 499 517 516)
4(44 62 518 500)
4(61 517 518 62)
4(499 500 518 517)
4(45 63 519 501)
4(62 518 519 63)
4(500 501 519 518)
4(46 64 520 502)
4(63 519 520 64)
4(501 502 520 519)
4(47 65 521 503)
4(64 520 521 65)
4(502 503 521 520)
4(48 66 522 504)
4(65 521 522 66)
4(503 504 522 521)
4(49 67 523 505)
4(66 522 523 67)
4(504 505 523 522)
4(50 68 524 506)
4(67 523 524 68)
4(505 506 524 523)
4(51 69 525 507)
4(68 524 525 69)
4(506 507 525 524)
4(52 70 526 508)
4(69 525 526 70)
4(507 508 526 525)
4(70 526 527 71)
4(508 509 527 526)
4(55 73 529 511)
4(72 528 529 73)
4(510 511 529 528)
4(56 74 530 512)
4(73 529 530 74)
4(511 512 530 529)
4(57 75 531 513)
4(74 530 531 75)
4(512 513 531 530)
4(58 76 532 514)
4(75 531 532 76)
4(513 514 532 531)
4(59 77 533 515)
4(76 532 533 77)
4(514 515 533 532)
4(60 78 534 516)
4(77 533 534 78)
4(515 516 534 533)
4(61 79 535 517)
4(78 534 535 79)
4(516 517 535 534)
4(62 80 536 518)
4(79 535 536 80)
4(517 518 536 535)
4(63 81 537 519)
4(80 536 537 81)
4(518 519 537 536)
4(64 82 538 520)
4(81 537 538 82)
4(519 520 538 537)
4(65 83 539 521)
4(82 538 539 83)
4(520 521 539 538)
4(66 84 540 522)
4(83 539 540 84)
4(521 522 540 539)
4(67 85 541 523)
4(84 540 541 85)
4(522 523 541 540)
4(68 86 542 524)
4(85 541 542 86)
4(523 524 542 541)
4(69 87 543 525)
4(86 542 543 87)
4(524 525 543 542)
4(70 88 544 526)
4(87 543 544 88)
4(525 526 544 543)
4(88 544 545 89)
4(526 527 545 544)
4(73 91 547 529)
4(90 546 547 91)
4(528 529 547 546)
4(74 92 548 530)
4(91 547 548 92)
4(529 530 548 547)
4(75 93 549 531)
4(92 548 549 93)
4(530 531 549 548)
4(76 94 550 532)
4(93 549 550 94)
4(531 532 550 549)
4(77 95 551 533)
4(94 550 551 95)
4(532 533 551 550)
4(78 96 552 534)
4(95 551 552 96)
4(533 534 552 551)
4(79 97 553 535)
4(96 552 553 97)
4(534 535 553 552)
4(80 98 554 536)
4(97 553 554 98)
4(535 536 554 553)
4(81 99 555 537)
4(98 554 555 99)
4(536 537 555 554)
4(82 100 556 538)
4(99 555 556 100)
4(537 538 556 555)
4(83 101 557 539)
4(100 556 557 101)
4(538 539 557 556)
4(84 102 558 540)
4(101 557 558 102)
4(539 540 558 557)
4(85 103 559 541)
4(102 558 559 103)
4(540 541 559 558)
4(86 104 560 542)
4(103 559 560 104)
4(541 542 560 559)
4(87 105 561 543)
4(104 560 561 105)
4(542 543 561 560)
4(88 106 562 544)
4(105 561 562 106)
4(543 544 562 561)
4(106 562 563 107)
4(544 545 563 562)
4(91 109 565 547)
4(108 564 565 109)
4(546 547 565 564)
4(92 110 566 548)
4(109 565 566 110)
4(547 548 566 565)
4(93 111 567 549)
4(110 566 567 111)
4(548 549 567 566)
4(94 112 568 550)
4(111 567 568 112)
4(549 550 568 567)
4(95 113 569 551)
4(112 568 569 113)
4(550 551 569 568)
4(96 114 570 552)
4(113 569 570 114)
4(551 552 570 569)
4(97 115 571 553)
4(114 570 571 115)
4(552 553 571 570)
4(98 116 572 554)
4(115 571 572 116)
4(553 554 572 571)
4(99 117 573 555)
4(116 572 573 117)
4(554 555 573 572)
4(100 118 574 556)
4(117 573 574 118)
4(555 556 574 573)
4(101 119 575 557)
4(118 574 575 119)
4(556 557 575 574)
4(102 120 576 558)
4(119 575 576 120)
4(557 558 576 575)
4(103 121 577 559)
4(120 576 577 121)
4(558 559 577 576)
4(104 122 578 560)
4(121 577 578 122)
4(559 560 578 577)
4(105 123 579 561)
4(122 578 579 123)
4(560 561 579 578)
4(106 124 580 562)
4(123 579 580 124)
4(561 562 580 579)
4(124 580 581 125)
4(562 563 581 580)
4(109 127 583 565)
4(126 582 583 127)
4(564 565 583 582)
4(110 128 584 566)
4(127 583 584 128)
4(565 566 584 583)
4(111 129 585 567)
4(128 584 585 129)
4(566 567 585 584)
4(112 130 586 568)
4(129 585 586 130)
4(567 568 586 585)
4(113 131 587 569)
4(130 586 587 131)
4(568 569 587 586)
4(114 132 588 570)
4(131 587 588 132)
4(569 570 588 587)
4(115 133 589 571)
4(132 588 589 133)
4(570 571 589 588)
4(116 134 590 572)
4(133 589 590 134)
4(571 572 590 589)
4(117 135 591 573)
4(134 590 591 135)
4(572 573 591 590)
4(118 136 592 574)
4(135 591 592 136)
4(573 574 592 591)
4(119 137 593 575)
4(136 592 593 137)
4(574 575 593 592)
4(120 138 594 576)
4(137 593 594 138)
4(575 576 594 593)
4(121 139 595 577)
4(138 594 595 139)
4(576 577 595 594)
4(122 140 596 578)
4(139 595 596 140)
4(577 578 596 595)
4(123 141 597 579)
4(140 596 597 141)
4(578 579 597 596)
4(124 142 598 580)
4(141 597 598 142)
4(579 580 598 597)
4(142 598 599 143)
4(580 581 599 598)
4(127 145 601 583)
4(144 600 601 145)
4(582 583 601 600)
4(128 146 602 584)
4(145 601 602 146)
4(583 584 602 601)
4(129 147 603 585)
4(146 602 603 147)
4(584 585 603 602)
4(130 148 604 586)
4(147 603 604 148)
4(585 586 604 603)
4(131 149 605 587)
4(148 604 605 149)
4(586 587 605 604)
4(132 150 606 588)
4(149 605 606 150)
4(587 588 606 605)
4(133 151 607 589)
4(150 606 607 151)
4(588 589 607 606)
4(134 152 608 590)
4(151 607 608 152)
4(589 590 608 607)
4(135 153 609 591)
4(152 608 609 153)
4(590 591 609 608)
4(136 154 610 592)
4(153 609 610 154)
4(591 592 610 609)
4(137 155 611 593)
4(154 610 611 155)
4(592 593 611 610)
4(138 156 612 594)
4(155 611 612 156)
4(593 594 612 611)
4(139 157 613 595)
4(156 612 613 157)
4(594 595 613 612)
4(140 158 614 596)
4(157 613 614 158)
4(595 596 614 613)
4(141 159 615 597)
4(158 614 615 159)
4(596 597 615 614)
4(142 160 616 598)
4(159 615 616 160)
4(597 598 616 615)
4(160 616 617 161)
4(598 599 617 616)
4(145 163 619 601)
4(162 618 619 163)
4(600 601 619 618)
4(146 164 620 602)
4(163 619 620 164)
4(601 602 620 619)
4(147 165 621 603)
4(164 620 621 165)
4(602 603 621 620)
4(148 166 622 604)
4(165 621 622 166)
4(603 604 622 621)
4(149 167 623 605)
4(166 622 623 167)
4(604 605 623 622)
4(150 168 624 606)
4(167 623 624 168)
4(605 606 624 623)
4(151 169 625 607)
4(168 624 625 169)
4(606 607 625 624)
4(152 170 626 608)
4(169 625 626 170)
4(607 608 626 625)
4(153 171 627 609)
4(170 626 627 171)
4(608 609 627 626)
4(154 172 628 610)
4(171 627 628 172)
4(609 610 628 627)
4(155 173 629 611)
4(172 628 629 173)
4(610 611 629 628)
4(156 174 630 612)
4(173 629 630 174)
4(611 612 630 629)
4(157 175 631 613)
4(174 630 631 175)
4(612 613 631 630)
4(158 176 632 614)
4(175 631 632 176)
4(613 614 632 631)
4(159 177 633 615)
4(176 632 633 177)
4(614 615 633 632)
4(160 178 634 616)
4(177 633 634 178)
4(615 616 634 633)
4(178 634 635 179)
4(616 617 635 634)
4(163 181 637 619)
4(180 636 637 181)
4(618 619 637 636)
4(164 182 638 620)
4(181 637 638 182)
4(619 620 638 637)
4(165 183 639 621)
4(182 638 639 183)
4(620 621 639 638)
4(166 184 640 622)
4(183 639 640 184)
4(621 622 640 639)
4(167 185 641 623)
4(184 640 641 185)
4(622 623 641 640)
4(168 186 642 624)
4(185 641 642 186)
4(623 624 642 641)
4(169 187 643 625)
4(186 642 643 187)
4(624 625 643 642)
4(170 188 644 626)
4(187 643 644 188)
4(625 626 644 643)
4(171 189 645 627)
4(188 644 645 189)
4(626 627 645 644)
4(172 190 646 628)
4(189 645 646 190)
4(627 628 646 645)
4(173 191 647 629)
4(190 646 647 191)
4(628 629 647 646)
4(174 192 648 630)
4(191 647 648 192)
4(629 630 648 647)
4(175 193 649 631)
4(192 648 649 193)
4(630 631 649 648)
4(176 194 650 632)
4(193 649 650 194)
4(631 632 650 649)
4(177 195 651 633)
4(194 650 651 195)
4(632 633 651 650)
4(178 196 652 634)
4(195 651 652 196)
4(633 634 652 651)
4(196 652 653 197)
4(634 635 653 652)
4(181 199 655 637)
4(198 654 655 199)
4(636 637 655 654)
4(182 200 656 638)
4(199 655 656 200)
4(637 638 656 655)
4(183 201 657 639)
4(200 656 657 201)
4(638 639 657 656)
4(184 202 658 640)
4(201 657 658 202)
4(639 640 658 657)
4(185 203 659 641)
4(202 658 659 203)
4(640 641 659 658)
4(186 204 660 642)
4(203 659 660 204)
4(641 642 660 659)
4(187 205 661 643)
4(204 660 661 205)
4(642 643 661 660)
4(188 206 662 644)
4(205 661 662 206)
4(643 644 662 661)
4(189 207 663 645)
4(206 662 663 207)
4(644 645 663 662)
4(190 208 664 646)
4(207 663 664 208)
4(645 646 664 663)
4(191 209 665 647)
4(208 664 665 209)
4(646 647 665 664)
4(192 210 666 648)
4(209 665 666 210)
4(647 648 666 665)
4(193 211 667 649)
4(210 666 667 211)
4(648 649 667 666)
4(194 212 668 650)
4(211 667 668 212)
4(649 650 668 667)
4(195 213 669 651)
4(212 668 669 213)
4(650 651 669 668)
4(196 214 670 652)
4(213 669 670 214)
4(651 652 670 669)
4(214 670 671 215)
4(652 653 671 670)
4(199 217 673 655)
4(216 672 673 217)
4(654 655 673 672)
4(200 218 674 656)
4(217 673 674 218)
4(655 656 674 673)
4(201 219 675 657)
4(218 674 675 219)
4(656 657 675 674)
4(202 220 676 658)
4(219 675 676 220)
4(657 658 676 675)
4(203 221 677 659)
4(220 676 677 221)
4(658 659 677 676)
4(204 222 678 660)
4(221 677 678 222)
4(659 660 678 677)
4(205 223 679 661)
4(222 678 679 223)
4(660 661 679 678)
4(206 224 680 662)
4(223 679 680 224)
4(661 662 680 679)
4(207 225 681 663)
4(224 680 681 225)
4(662 663 681 680)
4(208 226 682 664)
4(225 681 682 226)
4(663 664 682 681)
4(209 227 683 665)
4(226 682 683 227)
4(664 665 683 682)
4(210 228 684 666)
4(227 683 684 228)
4(665 666 684 683)
4(211 229 685 667)
4(228 684 685 229)
4(666 667 685 684)
4(212 230 686 668)
4(229 685 686 230)
4(667 668 686 685)
4(213 231 687 669)
4(230 686 687 231)
4(668 669 687 686)
4(214 232 688 670)
4(231 687 688 232)
4(669 670 688 687)
4(232 688 689 233)
4(670 671 689 688)
4(217 235 691 673)
4(234 690 691 235)
4(672 673 691 690)
4(218 236 692 674)
4(235 691 692 236)
4(673 674 692 691)
4(219 237 693 675)
4(236 692 693 237)
4(674 675 693 692)
4(220 238 694 676)
4(237 693 694 238)
4(675 676 694 693)
4(221 239 695 677)
4(238 694 695 239)
4(676 677 695 694)
4(222 240 696 678)
4(239 695 696 240)
4(677 678 696 695)
4(223 241 697 679)
4(240 696 697 241)
4(678 679 697 696)
4(224 242 698 680)
4(241 697 698 242)
4(679 680 698 697)
4(225 243 699 681)
4(242 698 699 243)
4(680 681 699 698)
4(226 244 700 682)
4(243 699 700 244)
4(681 682 700 699)
4(227 245 701 683)
4(244 700 701 245)
4(682 683 701 700)
4(228 246 702 684)
4(245 701 702 246)
4(683 684 702 701)
4(229 247 703 685)
4(246 702 703 247)
4(684 685 703 702)
4(230 248 704 686)
4(247 703 704 248)
4(685 686 704 703)
4(231 249 705 687)
4(248 704 705 249)
4(686 687 705 704)
4(232 250 706 688)
4(249 705 706 250)
4(687 688 706 705)
4(250 706 707 251)
4(688 689 707 706)
4(235 253 709 691)
4(690 691 709 708)
4(236 254 710 692)
4(253 709 710 254)
4(691 692 710 709)
4(237 255 711 693)
4(254 710 711 255)
4(692 693 711 710)
4(238 256 712 694)
4(255 711 712 256)
4(693 694 712 711)
4(239 257 713 695)
4(256 712 713 257)
4(694 695 713 712)
4(240 258 714 696)
4(257 713 714 258)
4(695 696 714 713)
4(241 259 715 697)
4(258 714 715 259)
4(696 697 715 714)
4(242 260 716 698)
4(259 715 716 260)
4(697 698 716 715)
4(243 261 717 699)
4(260 716 717 261)
4(698 699 717 716)
4(244 262 718 700)
4(261 717 718 262)
4(699 700 718 717)
4(245 263 719 701)
4(262 718 719 263)
4(700 701 719 718)
4(246 264 720 702)
4(263 719 720 264)
4(701 702 720 719)
4(247 265 721 703)
4(264 720 721 265)
4(702 703 721 720)
4(248 266 722 704)
4(265 721 722 266)
4(703 704 722 721)
4(249 267 723 705)
4(266 722 723 267)
4(704 705 723 722)
4(250 268 724 706)
4(267 723 724 268)
4(705 706 724 723)
4(268 724 725 269)
4(706 707 725 724)
4(254 271 728 710)
4(270 727 728 271)
4(709 710 728 727)
4(255 272 729 711)
4(271 728 729 272)
4(710 711 729 728)
4(256 273 730 712)
4(272 729 730 273)
4(711 712 730 729)
4(257 274 731 713)
4(273 730 731 274)
4(712 713 731 730)
4(258 275 732 714)
4(274 731 732 275)
4(713 714 732 731)
4(259 276 733 715)
4(275 732 733 276)
4(714 715 733 732)
4(260 277 734 716)
4(276 733 734 277)
4(715 716 734 733)
4(261 278 735 717)
4(277 734 735 278)
4(716 717 735 734)
4(262 279 736 718)
4(278 735 736 279)
4(717 718 736 735)
4(263 280 737 719)
4(279 736 737 280)
4(718 719 737 736)
4(264 281 738 720)
4(280 737 738 281)
4(719 720 738 737)
4(265 282 739 721)
4(281 738 739 282)
4(720 721 739 738)
4(266 283 740 722)
4(282 739 740 283)
4(721 722 740 739)
4(267 284 741 723)
4(283 740 741 284)
4(722 723 741 740)
4(268 285 742 724)
4(284 741 742 285)
4(723 724 742 741)
4(285 742 743 286)
4(724 725 743 742)
4(271 288 746 728)
4(287 745 746 288)
4(727 728 746 745)
4(272 289 747 729)
4(288 746 747 289)
4(728 729 747 746)
4(273 290 748 730)
4(289 747 748 290)
4(729 730 748 747)
4(274 291 749 731)
4(290 748 749 291)
4(730 731 749 748)
4(275 292 750 732)
4(291 749 750 292)
4(731 732 750 749)
4(276 293 751 733)
4(292 750 751 293)
4(732 733 751 750)
4(277 294 752 734)
4(293 751 752 294)
4(733 734 752 751)
4(278 295 753 735)
4(294 752 753 295)
4(734 735 753 752)
4(279 296 754 736)
4(295 753 754 296)
4(735 736 754 753)
4(280 297 755 737)
4(296 754 755 297)
4(736 737 755 754)
4(281 298 756 738)
4(297 755 756 298)
4(737 738 756 755)
4(282 299 757 739)
4(298 756 757 299)
4(738 739 757 756)
4(283 300 758 740)
4(299 757 758 300)
4(739 740 758 757)
4(284 301 759 741)
4(300 758 759 301)
4(740 741 759 758)
4(285 302 760 742)
4(301 759 760 302)
4(741 742 760 759)
4(302 760 761 303)
4(742 743 761 760)
4(288 305 763 746)
4(304 762 763 305)
4(745 746 763 762)
4(289 306 764 747)
4(305 763 764 306)
4(746 747 764 763)
4(290 307 765 748)
4(306 764 765 307)
4(747 748 765 764)
4(291 308 766 749)
4(307 765 766 308)
4(748 749 766 765)
4(292 309 767 750)
4(308 766 767 309)
4(749 750 767 766)
4(293 310 768 751)
4(309 767 768 310)
4(750 751 768 767)
4(294 311 769 752)
4(310 768 769 311)
4(751 752 769 768)
4(295 312 770 753)
4(311 769 770 312)
4(752 753 770 769)
4(296 313 771 754)
4(312 770 771 313)
4(753 754 771 770)
4(297 314 772 755)
4(313 771 772 314)
4(754 755 772 771)
4(298 315 773 756)
4(314 772 773 315)
4(755 756 773 772)
4(299 316 774 757)
4(315 773 774 316)
4(756 757 774 773)
4(300 317 775 758)
4(316 774 775 317)
4(757 758 775 774)
4(301 318 776 759)
4(317 775 776 318)
4(758 759 776 775)
4(302 319 777 760)
4(318 776 777 319)
4(759 760 777 776)
4(319 777 778 320)
4(760 761 778 777)
4(305 322 780 763)
4(321 779 780 322)
4(762 763 780 779)
4(306 323 781 764)
4(322 780 781 323)
4(763 764 781 780)
4(307 324 782 765)
4(323 781 782 324)
4(764 765 782 781)
4(308 325 783 766)
4(324 782 783 325)
4(765 766 783 782)
4(309 326 784 767)
4(325 783 784 326)
4(766 767 784 783)
4(310 327 785 768)
4(326 784 785 327)
4(767 768 785 784)
4(311 328 786 769)
4(327 785 786 328)
4(768 769 786 785)
4(312 329 787 770)
4(328 786 787 329)
4(769 770 787 786)
4(313 330 788 771)
4(329 787 788 330)
4(770 771 788 787)
4(314 331 789 772)
4(330 788 789 331)
4(771 772 789 788)
4(315 332 790 773)
4(331 789 790 332)
4(772 773 790 789)
4(316 333 791 774)
4(332 790 791 333)
4(773 774 791 790)
4(317 334 792 775)
4(333 791 792 334)
4(774 775 792 791)
4(318 335 793 776)
4(334 792 793 335)
4(775 776 793 792)
4(319 336 794 777)
4(335 793 794 336)
4(776 777 794 793)
4(336 794 795 337)
4(777 778 795 794)
4(322 339 797 780)
4(338 796 797 339)
4(779 780 797 796)
4(323 340 798 781)
4(339 797 798 340)
4(780 781 798 797)
4(324 341 799 782)
4(340 798 799 341)
4(781 782 799 798)
4(325 342 800 783)
4(341 799 800 342)
4(782 783 800 799)
4(326 343 801 784)
4(342 800 801 343)
4(783 784 801 800)
4(327 344 802 785)
4(343 801 802 344)
4(784 785 802 801)
4(328 345 803 786)
4(344 802 803 345)
4(785 786 803 802)
4(329 346 804 787)
4(345 803 804 346)
4(786 787 804 803)
4(330 347 805 788)
4(346 804 805 347)
4(787 788 805 804)
4(331 348 806 789)
4(347 805 806 348)
4(788 789 806 805)
4(332 349 807 790)
4(348 806 807 349)
4(789 790 807 806)
4(333 350 808 791)
4(349 807 808 350)
4(790 791 808 807)
4(334 351 809 792)
4(350 808 809 351)
4(791 792 809 808)
4(335 352 810 793)
4(351 809 810 352)
4(792 793 810 809)
4(336 353 811 794)
4(352 810 811 353)
4(793 794 811 810)
4(353 811 812 354)
4(794 795 812 811)
4(339 356 814 797)
4(355 813 814 356)
4(796 797 814 813)
4(340 357 815 798)
4(356 814 815 357)
4(797 798 815 814)
4(341 358 816 799)
4(357 815 816 358)
4(798 799 816 815)
4(342 359 817 800)
4(358 816 817 359)
4(799 800 817 816)
4(343 360 818 801)
4(359 817 818 360)
4(800 801 818 817)
4(344 361 819 802)
4(360 818 819 361)
4(801 802 819 818)
4(345 362 820 803)
4(361 819 820 362)
4(802 803 820 819)
4(346 363 821 804)
4(362 820 821 363)
4(803 804 821 820)
4(347 364 822 805)
4(363 821 822 364)
4(804 805 822 821)
4(348 365 823 806)
4(364 822 823 365)
4(805 806 823 822)
4(349 366 824 807)
4(365 823 824 366)
4(806 807 824 823)
4(350 367 825 808)
4(366 824 825 367)
4(807 808 825 824)
4(351 368 826 809)
4(367 825 826 368)
4(808 809 826 825)
4(352 369 827 810)
4(368 826 827 369)
4(809 810 827 826)
4(353 370 828 811)
4(369 827 828 370)
4(810 811 828 827)
4(370 828 829 371)
4(811 812 829 828)
4(356 373 831 814)
4(372 830 831 373)
4(813 814 831 830)
4(357 374 832 815)
4(373 831 832 374)
4(814 815 832 831)
4(358 375 833 816)
4(374 832 833 375)
4(815 816 833 832)
4(359 376 834 817)
4(375 833 834 376)
4(816 817 834 833)
4(360 377 835 818)
4(376 834 835 377)
4(817 818 835 834)
4(361 378 836 819)
4(377 835 836 378)
4(818 819 836 835)
4(362 379 837 820)
4(378 836 837 379)
4(819 820 837 836)
4(363 380 838 821)
4(379 837 838 380)
4(820 821 838 837)
4(364 381 839 822)
4(380 838 839 381)
4(821 822 839 838)
4(365 382 840 823)
4(381 839 840 382)
4(822 823 840 839)
4(366 383 841 824)
4(382 840 841 383)
4(823 824 841 840)
4(367 384 842 825)
4(383 841 842 384)
4(824 825 842 841)
4(368 385 843 826)
4(384 842 843 385)
4(825 826 843 842)
4(369 386 844 827)
4(385 843 844 386)
4(826 827 844 843)
4(370 387 845 828)
4(386 844 845 387)
4(827 828 845 844)
4(387 845 846 388)
4(828 829 846 845)
4(373 390 848 831)
4(389 847 848 390)
4(830 831 848 847)
4(374 391 849 832)
4(390 848 849 391)
4(831 832 849 848)
4(375 392 850 833)
4(391 849 850 392)
4(832 833 850 849)
4(376 393 851 834)
4(392 850 851 393)
4(833 834 851 850)
4(377 394 852 835)
4(393 851 852 394)
4(834 835 852 851)
4(378 395 853 836)
4(394 852 853 395)
4(835 836 853 852)
4(379 396 854 837)
4(395 853 854 396)
4(836 837 854 853)
4(380 397 855 838)
4(396 854 855 397)
4(837 838 855 854)
4(381 398 856 839)
4(397 855 856 398)
4(838 839 856 855)
4(382 399 857 840)
4(398 856 857 399)
4(839 840 857 856)
4(383 400 858 841)
4(399 857 858 400)
4(840 841 858 857)
4(384 401 859 842)
4(400 858 859 401)
4(841 842 859 858)
4(385 402 860 843)
4(401 859 860 402)
4(842 843 860 859)
4(386 403 861 844)
4(402 860 861 403)
4(843 844 861 860)
4(387 404 862 845)
4(403 861 862 404)
4(844 845 862 861)
4(404 862 863 405)
4(845 846 863 862)
4(390 407 865 848)
4(406 864 865 407)
4(847 848 865 864)
4(391 408 866 849)
4(407 865 866 408)
4(848 849 866 865)
4(392 409 867 850)
4(408 866 867 409)
4(849 850 867 866)
4(393 410 868 851)
4(409 867 868 410)
4(850 851 868 867)
4(394 411 869 852)
4(410 868 869 411)
4(851 852 869 868)
4(395 412 870 853)
4(411 869 870 412)
4(852 853 870 869)
4(396 413 871 854)
4(412 870 871 413)
4(853 854 871 870)
4(397 414 872 855)
4(413 871 872 414)
4(854 855 872 871)
4(398 415 873 856)
4(414 872 873 415)
4(855 856 873 872)
4(399 416 874 857)
4(415 873 874 416)
4(856 857 874 873)
4(400 417 875 858)
4(416 874 875 417)
4(857 858 875 874)
4(401 418 876 859)
4(417 875 876 418)
4(858 859 876 875)
4(402 419 877 860)
4(418 876 877 419)
4(859 860 877 876)
4(403 420 878 861)
4(419 877 878 420)
4(860 861 878 877)
4(404 421 879 862)
4(420 878 879 421)
4(861 862 879 878)
4(421 879 880 422)
4(862 863 880 879)
4(407 424 882 865)
4(423 881 882 424)
4(864 865 882 881)
4(408 425 883 866)
4(424 882 883 425)
4(865 866 883 882)
4(409 426 884 867)
4(425 883 884 426)
4(866 867 884 883)
4(410 427 885 868)
4(426 884 885 427)
4(867 868 885 884)
4(411 428 886 869)
4(427 885 886 428)
4(868 869 886 885)
4(412 429 887 870)
4(428 886 887 429)
4(869 870 887 886)
4(413 430 888 871)
4(429 887 888 430)
4(870 871 888 887)
4(414 431 889 872)
4(430 888 889 431)
4(871 872 889 888)
4(415 432 890 873)
4(431 889 890 432)
4(872 873 890 889)
4(416 433 891 874)
4(432 890 891 433)
4(873 874 891 890)
4(417 434 892 875)
4(433 891 892 434)
4(874 875 892 891)
4(418 435 893 876)
4(434 892 893 435)
4(875 876 893 892)
4(419 436 894 877)
4(435 893 894 436)
4(876 877 894 893)
4(420 437 895 878)
4(436 894 895 437)
4(877 878 895 894)
4(421 438 896 879)
4(437 895 896 438)
4(878 879 896 895)
4(879 880 897 896)
4(424 441 899 882)
4(881 882 899 898)
4(425 442 900 883)
4(882 883 900 899)
4(426 443 901 884)
4(883 884 901 900)
4(427 444 902 885)
4(884 885 902 901)
4(428 445 903 886)
4(885 886 903 902)
4(429 446 904 887)
4(886 887 904 903)
4(430 447 905 888)
4(887 888 905 904)
4(431 448 906 889)
4(888 889 906 905)
4(432 449 907 890)
4(889 890 907 906)
4(433 450 908 891)
4(890 891 908 907)
4(434 451 909 892)
4(891 892 909 908)
4(435 452 910 893)
4(892 893 910 909)
4(436 453 911 894)
4(893 894 911 910)
4(437 454 912 895)
4(894 895 912 911)
4(895 896 913 912)
4(457 475 934 916)
4(474 933 934 475)
4(915 916 934 933)
4(458 476 935 917)
4(475 934 935 476)
4(916 917 935 934)
4(459 477 936 918)
4(476 935 936 477)
4(917 918 936 935)
4(460 478 937 919)
4(477 936 937 478)
4(918 919 937 936)
4(461 479 938 920)
4(478 937 938 479)
4(919 920 938 937)
4(462 480 939 921)
4(479 938 939 480)
4(920 921 939 938)
4(463 481 940 922)
4(480 939 940 481)
4(921 922 940 939)
4(464 482 941 923)
4(481 940 941 482)
4(922 923 941 940)
4(465 483 942 924)
4(482 941 942 483)
4(923 924 942 941)
4(466 484 943 925)
4(483 942 943 484)
4(924 925 943 942)
4(467 485 944 926)
4(484 943 944 485)
4(925 926 944 943)
4(468 486 945 927)
4(485 944 945 486)
4(926 927 945 944)
4(469 487 946 928)
4(486 945 946 487)
4(927 928 946 945)
4(470 488 947 929)
4(487 946 947 488)
4(928 929 947 946)
4(471 489 948 930)
4(488 947 948 489)
4(929 930 948 947)
4(472 490 949 931)
4(489 948 949 490)
4(930 931 949 948)
4(490 949 950 491)
4(931 932 950 949)
4(475 493 952 934)
4(492 951 952 493)
4(933 934 952 951)
4(476 494 953 935)
4(493 952 953 494)
4(934 935 953 952)
4(477 495 954 936)
4(494 953 954 495)
4(935 936 954 953)
4(478 496 955 937)
4(495 954 955 496)
4(936 937 955 954)
4(479 497 956 938)
4(496 955 956 497)
4(937 938 956 955)
4(480 498 957 939)
4(497 956 957 498)
4(938 939 957 956)
4(481 499 958 940)
4(498 957 958 499)
4(939 940 958 957)
4(482 500 959 941)
4(499 958 959 500)
4(940 941 959 958)
4(483 501 960 942)
4(500 959 960 501)
4(941 942 960 959)
4(484 502 961 943)
4(501 960 961 502)
4(942 943 961 960)
4(485 503 962 944)
4(502 961 962 503)
4(943 944 962 961)
4(486 504 963 945)
4(503 962 963 504)
4(944 945 963 962)
4(487 505 964 946)
4(504 963 964 505)
4(945 946 964 963)
4(488 506 965 947)
4(505 964 965 506)
4(946 947 965 964)
4(489 507 966 948)
4(506 965 966 507)
4(947 948 966 965)
4(490 508 967 949)
4(507 966 967 508)
4(948 949 967 966)
4(508 967 968 509)
4(949 950 968 967)
4(493 511 970 952)
4(510 969 970 511)
4(951 952 970 969)
4(494 512 971 953)
4(511 970 971 512)
4(952 953 971 970)
4(495 513 972 954)
4(512 971 972 513)
4(953 954 972 971)
4(496 514 973 955)
4(513 972 973 514)
4(954 955 973 972)
4(497 515 974 956)
4(514 973 974 515)
4(955 956 974 973)
4(498 516 975 957)
4(515 974 975 516)
4(956 957 975 974)
4(499 517 976 958)
4(516 975 976 517)
4(957 958 976 975)
4(500 518 977 959)
4(517 976 977 518)
4(958 959 977 976)
4(501 519 978 960)
4(518 977 978 519)
4(959 960 978 977)
4(502 520 979 961)
4(519 978 979 520)
4(960 961 979 978)
4(503 521 980 962)
4(520 979 980 521)
4(961 962 980 979)
4(504 522 981 963)
4(521 980 981 522)
4(962 963 981 980)
4(505 523 982 964)
4(522 981 982 523)
4(963 964 982 981)
4(506 524 983 965)
4(523 982 983 524)
4(964 965 983 982)
4(507 525 984 966)
4(524 983 984 525)
4(965 966 984 983)
4(508 526 985 967)
4(525 984 985 526)
4(966 967 985 984)
4(526 985 986 527)
4(967 968 986 985)
4(511 529 988 970)
4(528 987 988 529)
4(969 970 988 987)
4(512 530 989 971)
4(529 988 989 530)
4(970 971 989 988)
4(513 531 990 972)
4(530 989 990 531)
4(971 972 990 989)
4(514 532 991 973)
4(531 990 991 532)
4(972 973 991 990)
4(515 533 992 974)
4(532 991 992 533)
4(973 974 992 991)
4(516 534 993 975)
4(533 992 993 534)
4(974 975 993 992)
4(517 535 994 976)
4(534 993 994 535)
4(975 976 994 993)
4(518 536 995 977)
4(535 994 995 536)
4(976 977 995 994)
4(519 537 996 978)
4(536 995 996 537)
4(977 978 996 995)
4(520 538 997 979)
4(537 996 997 538)
4(978 979 997 996)
4(521 539 998 980)
4(538 997 998 539)
4(979 980 998 997)
4(522 540 999 981)
4(539 998 999 540)
4(980 981 999 998)
4(523 541 1000 982)
4(540 999 1000 541)
4(981 982 1000 999)
4(524 542 1001 983)
4(541 1000 1001 542)
4(982 983 1001 1000)
4(525 543 1002 984)
4(542 1001 1002 543)
4(983 984 1002 1001)
4(526 544 1003 985)
4(543 1002 1003 544)
4(984 985 1003 1002)
4(544 1003 1004 545)
4(985 986 1004 1003)
4(529 547 1006 988)
4(546 1005 1006 547)
4(987 988 1006 1005)
4(530 548 1007 989)
4(547 1006 1007 548)
4(988 989 1007 1006)
4(531 549 1008 990)
4(548 1007 1008 549)
4(989 990 1008 1007)
4(532 550 1009 991)
4(549 1008 1009 550)
4(990 991 1009 1008)
4(533 551 1010 992)
4(550 1009 1010 551)
4(991 992 1010 1009)
4(534 552 1011 993)
4(551 1010 1011 552)
4(992 993 1011 1010)
4(535 553 1012 994)
4(552 1011 1012 553)
4(993 994 1012 1011)
4(536 554 1013 995)
4(553 1012 1013 554)
4(994 995 1013 1012)
4(537 555 1014 996)
4(554 1013 1014 555)
4(995 996 1014 1013)
4(538 556 1015 997)
4(555 1014 1015 556)
4(996 997 1015 1014)
4(539 557 1016 998)
4(556 1015 1016 557)
4(997 998 1016 1015)
4(540 558 1017 999)
4(557 1016 1017 558)
4(998 999 1017 1016)
4(541 559 1018 1000)
4(558 1017 1018 559)
4(999 1000 1018 1017)
4(542 560 1019 1001)
4(559 1018 1019 560)
4(1000 1001 1019 1018)
4(543 561 1020 1002)
4(560 1019 1020 561)
4(1001 1002 1020 1019)
4(544 562 1021 1003)
4(561 1020 1021 562)
4(1002 1003 1021 1020)
4(562 1021 1022 563)
4(1003 1004 1022 1021)
4(547 565 1024 1006)
4(564 1023 1024 565)
4(1005 1006 1024 1023)
4(548 566 1025 1007)
4(565 1024 1025 566)
4(1006 1007 1025 1024)
4(549 567 1026 1008)
4(566 1025 1026 567)
4(1007 1008 1026 1025)
4(550 568 1027 1009)
4(567 1026 1027 568)
4(1008 1009 1027 1026)
4(551 569 1028 1010)
4(568 1027 1028 569)
4(1009 1010 1028 1027)
4(552 570 1029 1011)
4(569 1028 1029 570)
4(1010 1011 1029 1028)
4(553 571 1030 1012)
4(570 1029 1030 571)
4(1011 1012 1030 1029)
4(554 572 1031 1013)
4(571 1030 1031 572)
4(1012 1013 1031 1030)
4(555 573 1032 1014)
4(572 1031 1032 573)
4(1013 1014 1032 1031)
4(556 574 1033 1015)
4(573 1032 1033 574)
4(1014 1015 1033 1032)
4(557 575 1034 1016)
4(574 1033 1034 575)
4(1015 1016 1034 1033)
4(558 576 1035 1017)
4(575 1034 1035 576)
4(1016 1017 1035 1034)
4(559 577 1036 1018)
4(576 1035 1036 577)
4(1017 1018 1036 1035)
4(560 578 1037 1019)
4(577 1036 1037 578)
4(1018 1019 1037 1036)
4(561 579 1038 1020)
4(578 1037 1038 579)
4(1019 1020 1038 1037)
4(562 580 1039 1021)
4(579 1038 1039 580)
4(1020 1021 1039 1038)
4(580 1039 1040 581)
4(1021 1022 1040 1039)
4(565 583 1042 1024)
4(582 1041 1042 583)
4(1023 1024 1042 1041)
4(566 584 1043 1025)
4(583 1042 1043 584)
4(1024 1025 1043 1042)
4(567 585 1044 1026)
4(584 1043 1044 585)
4(1025 1026 1044 1043)
4(568 586 1045 1027)
4(585 1044 1045 586)
4(1026 1027 1045 1044)
4(569 587 1046 1028)
4(586 1045 1046 587)
4(1027 1028 1046 1045)
4(570 588 1047 1029)
4(587 1046 1047 588)
4(1028 1029 1047 1046)
4(571 589 1048 1030)
4(588 1047 1048 589)
4(1029 1030 1048 1047)
4(572 590 1049 1031)
4(589 1048 1049 590)
4(1030 1031 1049 1048)
4(573 591 1050 1032)
4(590 1049 1050 591)
4(1031 1032 1050 1049)
4(574 592 1051 1033)
4(591 1050 1051 592)
4(1032 1033 1051 1050)
4(575 593 1052 1034)
4(592 1051 1052 593)
4(1033 1034 1052 1051)
4(576 594 1053 1035)
4(593 1052 1053 594)
4(1034 1035 1053 1052)
4(577 595 1054 1036)
4(594 1053 1054 595)
4(1035 1036 1054 1053)
4(578 596 1055 1037)
4(595 1054 1055 596)
4(1036 1037 1055 1054)
4(579 597 1056 1038)
4(596 1055 1056 597)
4(1037 1038 1056 1055)
4(580 598 1057 1039)
4(597 1056 1057 598)
4(1038 1039 1057 1056)
4(598 1057 1058 599)
4(1039 1040 1058 1057)
4(583 601 1060 1042)
4(600 1059 1060 601)
4(1041 1042 1060 1059)
4(584 602 1061 1043)
4(601 1060 1061 602)
4(1042 1043 1061 1060)
4(585 603 1062 1044)
4(602 1061 1062 603)
4(1043 1044 1062 1061)
4(586 604 1063 1045)
4(603 1062 1063 604)
4(1044 1045 1063 1062)
4(587 605 1064 1046)
4(604 1063 1064 605)
4(1045 1046 1064 1063)
4(588 606 1065 1047)
4(605 1064 1065 606)
4(1046 1047 1065 1064)
4(589 607 1066 1048)
4(606 1065 1066 607)
4(1047 1048 1066 1065)
4(590 608 1067 1049)
4(607 1066 1067 608)
4(1048 1049 1067 1066)
4(591 609 1068 1050)
4(608 1067 1068 609)
4(1049 1050 1068 1067)
4(592 610 1069 1051)
4(609 1068 1069 610)
4(1050 1051 1069 1068)
4(593 611 1070 1052)
4(610 1069 1070 611)
4(1051 1052 1070 1069)
4(594 612 1071 1053)
4(611 1070 1071 612)
4(1052 1053 1071 1070)
4(595 613 1072 1054)
4(612 1071 1072 613)
4(1053 1054 1072 1071)
4(596 614 1073 1055)
4(613 1072 1073 614)
4(1054 1055 1073 1072)
4(597 615 1074 1056)
4(614 1073 1074 615)
4(1055 1056 1074 1073)
4(598 616 1075 1057)
4(615 1074 1075 616)
4(1056 1057 1075 1074)
4(616 1075 1076 617)
4(1057 1058 1076 1075)
4(601 619 1078 1060)
4(618 1077 1078 619)
4(1059 1060 1078 1077)
4(602 620 1079 1061)
4(619 1078 1079 620)
4(1060 1061 1079 1078)
4(603 621 1080 1062)
4(620 1079 1080 621)
4(1061 1062 1080 1079)
4(604 622 1081 1063)
4(621 1080 1081 622)
4(1062 1063 1081 1080)
4(605 623 1082 1064)
4(622 1081 1082 623)
4(1063 1064 1082 1081)
4(606 624 1083 1065)
4(623 1082 1083 624)
4(1064 1065 1083 1082)
4(607 625 1084 1066)
4(624 1083 1084 625)
4(1065 1066 1084 1083)
4(608 626 1085 1067)
4(625 1084 1085 626)
4(1066 1067 1085 1084)
4(609 627 1086 1068)
4(626 1085 1086 627)
4(1067 1068 1086 1085)
4(610 628 1087 1069)
4(627 1086 1087 628)
4(1068 1069 1087 1086)
4(611 629 1088 1070)
4(628 1087 1088 629)
4(1069 1070 1088 1087)
4(612 630 1089 1071)
4(629 1088 1089 630)
4(1070 1071 1089 1088)
4(613 631 1090 1072)
4(630 1089 1090 631)
4(1071 1072 1090 1089)
4(614 632 1091 1073)
4(631 1090 1091 632)
4(1072 1073 1091 1090)
4(615 633 1092 1074)
4(632 1091 1092 633)
4(1073 1074 1092 1091)
4(616 634 1093 1075)
4(633 1092 1093 634)
4(1074 1075 1093 1092)
4(634 1093 1094 635)
4(1075 1076 1094 1093)
4(619 637 1096 1078)
4(636 1095 1096 637)
4(1077 1078 1096 1095)
4(620 638 1097 1079)
4(637 1096 1097 638)
4(1078 1079 1097 1096)
4(621 639 1098 1080)
4(638 1097 1098 639)
4(1079 1080 1098 1097)
4(622 640 1099 1081)
4(639 1098 1099 640)
4(1080 1081 1099 1098)
4(623 641 1100 1082)
4(640 1099 1100 641)
4(1081 1082 1100 1099)
4(624 642 1101 1083)
4(641 1100 1101 642)
4(1082 1083 1101 1100)
4(625 643 1102 1084)
4(642 1101 1102 643)
4(1083 1084 1102 1101)
4(626 644 1103 1085)
4(643 1102 1103 644)
4(1084 1085 1103 1102)
4(627 645 1104 1086)
4(644 1103 1104 645)
4(1085 1086 1104 1103)
4(628 646 1105 1087)
4(645 1104 1105 646)
4(1086 1087 1105 1104)
4(629 647 1106 1088)
4(646 1105 1106 647)
4(1087 1088 1106 1105)
4(630 648 1107 1089)
4(647 1106 1107 648)
4(1088 1089 1107 1106)
4(631 649 1108 1090)
4(648 1107 1108 649)
4(1089 1090 1108 1107)
4(632 650 1109 1091)
4(649 1108 1109 650)
4(1090 1091 1109 1108)
4(633 651 1110 1092)
4(650 1109 1110 651)
4(1091 1092 1110 1109)
4(634 652 1111 1093)
4(651 1110 1111 652)
4(1092 1093 1111 1110)
4(652 1111 1112 653)
4(1093 1094 1112 1111)
4(637 655 1114 1096)
4(654 1113 1114 655)
4(1095 1096 1114 1113)
4(638 656 1115 1097)
4(655 1114 1115 656)
4(1096 1097 1115 1114)
4(639 657 1116 1098)
4(656 1115 1116 657)
4(1097 1098 1116 1115)
4(640 658 1117 1099)
4(657 1116 1117 658)
4(1098 1099 1117 1116)
4(641 659 1118 1100)
4(658 1117 1118 659)
4(1099 1100 1118 1117)
4(642 660 1119 1101)
4(659 1118 1119 660)
4(1100 1101 1119 1118)
4(643 661 1120 1102)
4(660 1119 1120 661)
4(1101 1102 1120 1119)
4(644 662 1121 1103)
4(661 1120 1121 662)
4(1102 1103 1121 1120)
4(645 663 1122 1104)
4(662 1121 1122 663)
4(1103 1104 1122 1121)
4(646 664 1123 1105)
4(663 1122 1123 664)
4(1104 1105 1123 1122)
4(647 665 1124 1106)
4(664 1123 1124 665)
4(1105 1106 1124 1123)
4(648 666 1125 1107)
4(665 1124 1125 666)
4(1106 1107 1125 1124)
4(649 667 1126 1108)
4(666 1125 1126 667)
4(1107 1108 1126 1125)
4(650 668 1127 1109)
4(667 1126 1127 668)
4(1108 1109 1127 1126)
4(651 669 1128 1110)
4(668 1127 1128 669)
4(1109 1110 1128 1127)
4(652 670 1129 1111)
4(669 1128 1129 670)
4(1110 1111 1129 1128)
4(670 1129 1130 671)
4(1111 1112 1130 1129)
4(655 673 1132 1114)
4(672 1131 1132 673)
4(1113 1114 1132 1131)
4(656 674 1133 1115)
4(673 1132 1133 674)
4(1114 1115 1133 1132)
4(657 675 1134 1116)
4(674 1133 1134 675)
4(1115 1116 1134 1133)
4(658 676 1135 1117)
4(675 1134 1135 676)
4(1116 1117 1135 1134)
4(659 677 1136 1118)
4(676 1135 1136 677)
4(1117 1118 1136 1135)
4(660 678 1137 1119)
4(677 1136 1137 678)
4(1118 1119 1137 1136)
4(661 679 1138 1120)
4(678 1137 1138 679)
4(1119 1120 1138 1137)
4(662 680 1139 1121)
4(679 1138 1139 680)
4(1120 1121 1139 1138)
4(663 681 1140 1122)
4(680 1139 1140 681)
4(1121 1122 1140 1139)
4(664 682 1141 1123)
4(681 1140 1141 682)
4(1122 1123 1141 1140)
4(665 683 1142 1124)
4(682 1141 1142 683)
4(1123 1124 1142 1141)
4(666 684 1143 1125)
4(683 1142 1143 684)
4(1124 1125 1143 1142)
4(667 685 1144 1126)
4(684 1143 1144 685)
4(1125 1126 1144 1143)
4(668 686 1145 1127)
4(685 1144 1145 686)
4(1126 1127 1145 1144)
4(669 687 1146 1128)
4(686 1145 1146 687)
4(1127 1128 1146 1145)
4(670 688 1147 1129)
4(687 1146 1147 688)
4(1128 1129 1147 1146)
4(688 1147 1148 689)
4(1129 1130 1148 1147)
4(673 691 1150 1132)
4(690 1149 1150 691)
4(1131 1132 1150 1149)
4(674 692 1151 1133)
4(691 1150 1151 692)
4(1132 1133 1151 1150)
4(675 693 1152 1134)
4(692 1151 1152 693)
4(1133 1134 1152 1151)
4(676 694 1153 1135)
4(693 1152 1153 694)
4(1134 1135 1153 1152)
4(677 695 1154 1136)
4(694 1153 1154 695)
4(1135 1136 1154 1153)
4(678 696 1155 1137)
4(695 1154 1155 696)
4(1136 1137 1155 1154)
4(679 697 1156 1138)
4(696 1155 1156 697)
4(1137 1138 1156 1155)
4(680 698 1157 1139)
4(697 1156 1157 698)
4(1138 1139 1157 1156)
4(681 699 1158 1140)
4(698 1157 1158 699)
4(1139 1140 1158 1157)
4(682 700 1159 1141)
4(699 1158 1159 700)
4(1140 1141 1159 1158)
4(683 701 1160 1142)
4(700 1159 1160 701)
4(1141 1142 1160 1159)
4(684 702 1161 1143)
4(701 1160 1161 702)
4(1142 1143 1161 1160)
4(685 703 1162 1144)
4(702 1161 1162 703)
4(1143 1144 1162 1161)
4(686 704 1163 1145)
4(703 1162 1163 704)
4(1144 1145 1163 1162)
4(687 705 1164 1146)
4(704 1163 1164 705)
4(1145 1146 1164 1163)
4(688 706 1165 1147)
4(705 1164 1165 706)
4(1146 1147 1165 1164)
4(706 1165 1166 707)
4(1147 1148 1166 1165)
4(691 709 1168 1150)
4(708 1167 1168 709)
4(1149 1150 1168 1167)
4(692 710 1169 1151)
4(709 1168 1169 710)
4(1150 1151 1169 1168)
4(693 711 1170 1152)
4(710 1169 1170 711)
4(1151 1152 1170 1169)
4(694 712 1171 1153)
4(711 1170 1171 712)
4(1152 1153 1171 1170)
4(695 713 1172 1154)
4(712 1171 1172 713)
4(1153 1154 1172 1171)
4(696 714 1173 1155)
4(713 1172 1173 714)
4(1154 1155 1173 1172)
4(697 715 1174 1156)
4(714 1173 1174 715)
4(1155 1156 1174 1173)
4(698 716 1175 1157)
4(715 1174 1175 716)
4(1156 1157 1175 1174)
4(699 717 1176 1158)
4(716 1175 1176 717)
4(1157 1158 1176 1175)
4(700 718 1177 1159)
4(717 1176 1177 718)
4(1158 1159 1177 1176)
4(701 719 1178 1160)
4(718 1177 1178 719)
4(1159 1160 1178 1177)
4(702 720 1179 1161)
4(719 1178 1179 720)
4(1160 1161 1179 1178)
4(703 721 1180 1162)
4(720 1179 1180 721)
4(1161 1162 1180 1179)
4(704 722 1181 1163)
4(721 1180 1181 722)
4(1162 1163 1181 1180)
4(705 723 1182 1164)
4(722 1181 1182 723)
4(1163 1164 1182 1181)
4(706 724 1183 1165)
4(723 1182 1183 724)
4(1164 1165 1183 1182)
4(724 1183 1184 725)
4(1165 1166 1184 1183)
4(709 727 1186 1168)
4(726 1185 1186 727)
4(1167 1168 1186 1185)
4(710 728 1187 1169)
4(727 1186 1187 728)
4(1168 1169 1187 1186)
4(711 729 1188 1170)
4(728 1187 1188 729)
4(1169 1170 1188 1187)
4(712 730 1189 1171)
4(729 1188 1189 730)
4(1170 1171 1189 1188)
4(713 731 1190 1172)
4(730 1189 1190 731)
4(1171 1172 1190 1189)
4(714 732 1191 1173)
4(731 1190 1191 732)
4(1172 1173 1191 1190)
4(715 733 1192 1174)
4(732 1191 1192 733)
4(1173 1174 1192 1191)
4(716 734 1193 1175)
4(733 1192 1193 734)
4(1174 1175 1193 1192)
4(717 735 1194 1176)
4(734 1193 1194 735)
4(1175 1176 1194 1193)
4(718 736 1195 1177)
4(735 1194 1195 736)
4(1176 1177 1195 1194)
4(719 737 1196 1178)
4(736 1195 1196 737)
4(1177 1178 1196 1195)
4(720 738 1197 1179)
4(737 1196 1197 738)
4(1178 1179 1197 1196)
4(721 739 1198 1180)
4(738 1197 1198 739)
4(1179 1180 1198 1197)
4(722 740 1199 1181)
4(739 1198 1199 740)
4(1180 1181 1199 1198)
4(723 741 1200 1182)
4(740 1199 1200 741)
4(1181 1182 1200 1199)
4(724 742 1201 1183)
4(741 1200 1201 742)
4(1182 1183 1201 1200)
4(742 1201 1202 743)
4(1183 1184 1202 1201)
4(727 745 1204 1186)
4(1185 1186 1204 1203)
4(728 746 1205 1187)
4(745 1204 1205 746)
4(1186 1187 1205 1204)
4(729 747 1206 1188)
4(746 1205 1206 747)
4(1187 1188 1206 1205)
4(730 748 1207 1189)
4(747 1206 1207 748)
4(1188 1189 1207 1206)
4(731 749 1208 1190)
4(748 1207 1208 749)
4(1189 1190 1208 1207)
4(732 750 1209 1191)
4(749 1208 1209 750)
4(1190 1191 1209 1208)
4(733 751 1210 1192)
4(750 1209 1210 751)
4(1191 1192 1210 1209)
4(734 752 1211 1193)
4(751 1210 1211 752)
4(1192 1193 1211 1210)
4(735 753 1212 1194)
4(752 1211 1212 753)
4(1193 1194 1212 1211)
4(736 754 1213 1195)
4(753 1212 1213 754)
4(1194 1195 1213 1212)
4(737 755 1214 1196)
4(754 1213 1214 755)
4(1195 1196 1214 1213)
4(738 756 1215 1197)
4(755 1214 1215 756)
4(1196 1197 1215 1214)
4(739 757 1216 1198)
4(756 1215 1216 757)
4(1197 1198 1216 1215)
4(740 758 1217 1199)
4(757 1216 1217 758)
4(1198 1199 1217 1216)
4(741 759 1218 1200)
4(758 1217 1218 759)
4(1199 1200 1218 1217)
4(742 760 1219 1201)
4(759 1218 1219 760)
4(1200 1201 1219 1218)
4(760 1219 1220 761)
4(1201 1202 1220 1219)
4(746 763 1223 1205)
4(762 1222 1223 763)
4(1204 1205 1223 1222)
4(747 764 1224 1206)
4(763 1223 1224 764)
4(1205 1206 1224 1223)
4(748 765 1225 1207)
4(764 1224 1225 765)
4(1206 1207 1225 1224)
4(749 766 1226 1208)
4(765 1225 1226 766)
4(1207 1208 1226 1225)
4(750 767 1227 1209)
4(766 1226 1227 767)
4(1208 1209 1227 1226)
4(751 768 1228 1210)
4(767 1227 1228 768)
4(1209 1210 1228 1227)
4(752 769 1229 1211)
4(768 1228 1229 769)
4(1210 1211 1229 1228)
4(753 770 1230 1212)
4(769 1229 1230 770)
4(1211 1212 1230 1229)
4(754 771 1231 1213)
4(770 1230 1231 771)
4(1212 1213 1231 1230)
4(755 772 1232 1214)
4(771 1231 1232 772)
4(1213 1214 1232 1231)
4(756 773 1233 1215)
4(772 1232 1233 773)
4(1214 1215 1233 1232)
4(757 774 1234 1216)
4(773 1233 1234 774)
4(1215 1216 1234 1233)
4(758 775 1235 1217)
4(774 1234 1235 775)
4(1216 1217 1235 1234)
4(759 776 1236 1218)
4(775 1235 1236 776)
4(1217 1218 1236 1235)
4(760 777 1237 1219)
4(776 1236 1237 777)
4(1218 1219 1237 1236)
4(777 1237 1238 778)
4(1219 1220 1238 1237)
4(763 780 1240 1223)
4(779 1239 1240 780)
4(1222 1223 1240 1239)
4(764 781 1241 1224)
4(780 1240 1241 781)
4(1223 1224 1241 1240)
4(765 782 1242 1225)
4(781 1241 1242 782)
4(1224 1225 1242 1241)
4(766 783 1243 1226)
4(782 1242 1243 783)
4(1225 1226 1243 1242)
4(767 784 1244 1227)
4(783 1243 1244 784)
4(1226 1227 1244 1243)
4(768 785 1245 1228)
4(784 1244 1245 785)
4(1227 1228 1245 1244)
4(769 786 1246 1229)
4(785 1245 1246 786)
4(1228 1229 1246 1245)
4(770 787 1247 1230)
4(786 1246 1247 787)
4(1229 1230 1247 1246)
4(771 788 1248 1231)
4(787 1247 1248 788)
4(1230 1231 1248 1247)
4(772 789 1249 1232)
4(788 1248 1249 789)
4(1231 1232 1249 1248)
4(773 790 1250 1233)
4(789 1249 1250 790)
4(1232 1233 1250 1249)
4(774 791 1251 1234)
4(790 1250 1251 791)
4(1233 1234 1251 1250)
4(775 792 1252 1235)
4(791 1251 1252 792)
4(1234 1235 1252 1251)
4(776 793 1253 1236)
4(792 1252 1253 793)
4(1235 1236 1253 1252)
4(777 794 1254 1237)
4(793 1253 1254 794)
4(1236 1237 1254 1253)
4(794 1254 1255 795)
4(1237 1238 1255 1254)
4(780 797 1257 1240)
4(796 1256 1257 797)
4(1239 1240 1257 1256)
4(781 798 1258 1241)
4(797 1257 1258 798)
4(1240 1241 1258 1257)
4(782 799 1259 1242)
4(798 1258 1259 799)
4(1241 1242 1259 1258)
4(783 800 1260 1243)
4(799 1259 1260 800)
4(1242 1243 1260 1259)
4(784 801 1261 1244)
4(800 1260 1261 801)
4(1243 1244 1261 1260)
4(785 802 1262 1245)
4(801 1261 1262 802)
4(1244 1245 1262 1261)
4(786 803 1263 1246)
4(802 1262 1263 803)
4(1245 1246 1263 1262)
4(787 804 1264 1247)
4(803 1263 1264 804)
4(1246 1247 1264 1263)
4(788 805 1265 1248)
4(804 1264 1265 805)
4(1247 1248 1265 1264)
4(789 806 1266 1249)
4(805 1265 1266 806)
4(1248 1249 1266 1265)
4(790 807 1267 1250)
4(806 1266 1267 807)
4(1249 1250 1267 1266)
4(791 808 1268 1251)
4(807 1267 1268 808)
4(1250 1251 1268 1267)
4(792 809 1269 1252)
4(808 1268 1269 809)
4(1251 1252 1269 1268)
4(793 810 1270 1253)
4(809 1269 1270 810)
4(1252 1253 1270 1269)
4(794 811 1271 1254)
4(810 1270 1271 811)
4(1253 1254 1271 1270)
4(811 1271 1272 812)
4(1254 1255 1272 1271)
4(797 814 1274 1257)
4(813 1273 1274 814)
4(1256 1257 1274 1273)
4(798 815 1275 1258)
4(814 1274 1275 815)
4(1257 1258 1275 1274)
4(799 816 1276 1259)
4(815 1275 1276 816)
4(1258 1259 1276 1275)
4(800 817 1277 1260)
4(816 1276 1277 817)
4(1259 1260 1277 1276)
4(801 818 1278 1261)
4(817 1277 1278 818)
4(1260 1261 1278 1277)
4(802 819 1279 1262)
4(818 1278 1279 819)
4(1261 1262 1279 1278)
4(803 820 1280 1263)
4(819 1279 1280 820)
4(1262 1263 1280 1279)
4(804 821 1281 1264)
4(820 1280 1281 821)
4(1263 1264 1281 1280)
4(805 822 1282 1265)
4(821 1281 1282 822)
4(1264 1265 1282 1281)
4(806 823 1283 1266)
4(822 1282 1283 823)
4(1265 1266 1283 1282)
4(807 824 1284 1267)
4(823 1283 1284 824)
4(1266 1267 1284 1283)
4(808 825 1285 1268)
4(824 1284 1285 825)
4(1267 1268 1285 1284)
4(809 826 1286 1269)
4(825 1285 1286 826)
4(1268 1269 1286 1285)
4(810 827 1287 1270)
4(826 1286 1287 827)
4(1269 1270 1287 1286)
4(811 828 1288 1271)
4(827 1287 1288 828)
4(1270 1271 1288 1287)
4(828 1288 1289 829)
4(1271 1272 1289 1288)
4(814 831 1291 1274)
4(830 1290 1291 831)
4(1273 1274 1291 1290)
4(815 832 1292 1275)
4(831 1291 1292 832)
4(1274 1275 1292 1291)
4(816 833 1293 1276)
4(832 1292 1293 833)
4(1275 1276 1293 1292)
4(817 834 1294 1277)
4(833 1293 1294 834)
4(1276 1277 1294 1293)
4(818 835 1295 1278)
4(834 1294 1295 835)
4(1277 1278 1295 1294)
4(819 836 1296 1279)
4(835 1295 1296 836)
4(1278 1279 1296 1295)
4(820 837 1297 1280)
4(836 1296 1297 837)
4(1279 1280 1297 1296)
4(821 838 1298 1281)
4(837 1297 1298 838)
4(1280 1281 1298 1297)
4(822 839 1299 1282)
4(838 1298 1299 839)
4(1281 1282 1299 1298)
4(823 840 1300 1283)
4(839 1299 1300 840)
4(1282 1283 1300 1299)
4(824 841 1301 1284)
4(840 1300 1301 841)
4(1283 1284 1301 1300)
4(825 842 1302 1285)
4(841 1301 1302 842)
4(1284 1285 1302 1301)
4(826 843 1303 1286)
4(842 1302 1303 843)
4(1285 1286 1303 1302)
4(827 844 1304 1287)
4(843 1303 1304 844)
4(1286 1287 1304 1303)
4(828 845 1305 1288)
4(844 1304 1305 845)
4(1287 1288 1305 1304)
4(845 1305 1306 846)
4(1288 1289 1306 1305)
4(831 848 1308 1291)
4(847 1307 1308 848)
4(1290 1291 1308 1307)
4(832 849 1309 1292)
4(848 1308 1309 849)
4(1291 1292 1309 1308)
4(833 850 1310 1293)
4(849 1309 1310 850)
4(1292 1293 1310 1309)
4(834 851 1311 1294)
4(850 1310 1311 851)
4(1293 1294 1311 1310)
4(835 852 1312 1295)
4(851 1311 1312 852)
4(1294 1295 1312 1311)
4(836 853 1313 1296)
4(852 1312 1313 853)
4(1295 1296 1313 1312)
4(837 854 1314 1297)
4(853 1313 1314 854)
4(1296 1297 1314 1313)
4(838 855 1315 1298)
4(854 1314 1315 855)
4(1297 1298 1315 1314)
4(839 856 1316 1299)
4(855 1315 1316 856)
4(1298 1299 1316 1315)
4(840 857 1317 1300)
4(856 1316 1317 857)
4(1299 1300 1317 1316)
4(841 858 1318 1301)
4(857 1317 1318 858)
4(1300 1301 1318 1317)
4(842 859 1319 1302)
4(858 1318 1319 859)
4(1301 1302 1319 1318)
4(843 860 1320 1303)
4(859 1319 1320 860)
4(1302 1303 1320 1319)
4(844 861 1321 1304)
4(860 1320 1321 861)
4(1303 1304 1321 1320)
4(845 862 1322 1305)
4(861 1321 1322 862)
4(1304 1305 1322 1321)
4(862 1322 1323 863)
4(1305 1306 1323 1322)
4(848 865 1325 1308)
4(864 1324 1325 865)
4(1307 1308 1325 1324)
4(849 866 1326 1309)
4(865 1325 1326 866)
4(1308 1309 1326 1325)
4(850 867 1327 1310)
4(866 1326 1327 867)
4(1309 1310 1327 1326)
4(851 868 1328 1311)
4(867 1327 1328 868)
4(1310 1311 1328 1327)
4(852 869 1329 1312)
4(868 1328 1329 869)
4(1311 1312 1329 1328)
4(853 870 1330 1313)
4(869 1329 1330 870)
4(1312 1313 1330 1329)
4(854 871 1331 1314)
4(870 1330 1331 871)
4(1313 1314 1331 1330)
4(855 872 1332 1315)
4(871 1331 1332 872)
4(1314 1315 1332 1331)
4(856 873 1333 1316)
4(872 1332 1333 873)
4(1315 1316 1333 1332)
4(857 874 1334 1317)
4(873 1333 1334 874)
4(1316 1317 1334 1333)
4(858 875 1335 1318)
4(874 1334 1335 875)
4(1317 1318 1335 1334)
4(859 876 1336 1319)
4(875 1335 1336 876)
4(1318 1319 1336 1335)
4(860 877 1337 1320)
4(876 1336 1337 877)
4(1319 1320 1337 1336)
4(861 878 1338 1321)
4(877 1337 1338 878)
4(1320 1321 1338 1337)
4(862 879 1339 1322)
4(878 1338 1339 879)
4(1321 1322 1339 1338)
4(879 1339 1340 880)
4(1322 1323 1340 1339)
4(865 882 1342 1325)
4(881 1341 1342 882)
4(1324 1325 1342 1341)
4(866 883 1343 1326)
4(882 1342 1343 883)
4(1325 1326 1343 1342)
4(867 884 1344 1327)
4(883 1343 1344 884)
4(1326 1327 1344 1343)
4(868 885 1345 1328)
4(884 1344 1345 885)
4(1327 1328 1345 1344)
4(869 886 1346 1329)
4(885 1345 1346 886)
4(1328 1329 1346 1345)
4(870 887 1347 1330)
4(886 1346 1347 887)
4(1329 1330 1347 1346)
4(871 888 1348 1331)
4(887 1347 1348 888)
4(1330 1331 1348 1347)
4(872 889 1349 1332)
4(888 1348 1349 889)
4(1331 1332 1349 1348)
4(873 890 1350 1333)
4(889 1349 1350 890)
4(1332 1333 1350 1349)
4(874 891 1351 1334)
4(890 1350 1351 891)
4(1333 1334 1351 1350)
4(875 892 1352 1335)
4(891 1351 1352 892)
4(1334 1335 1352 1351)
4(876 893 1353 1336)
4(892 1352 1353 893)
4(1335 1336 1353 1352)
4(877 894 1354 1337)
4(893 1353 1354 894)
4(1336 1337 1354 1353)
4(878 895 1355 1338)
4(894 1354 1355 895)
4(1337 1338 1355 1354)
4(879 896 1356 1339)
4(895 1355 1356 896)
4(1338 1339 1356 1355)
4(896 1356 1357 897)
4(1339 1340 1357 1356)
4(882 899 1359 1342)
4(1341 1342 1359 1358)
4(883 900 1360 1343)
4(1342 1343 1360 1359)
4(884 901 1361 1344)
4(1343 1344 1361 1360)
4(885 902 1362 1345)
4(1344 1345 1362 1361)
4(886 903 1363 1346)
4(1345 1346 1363 1362)
4(887 904 1364 1347)
4(1346 1347 1364 1363)
4(888 905 1365 1348)
4(1347 1348 1365 1364)
4(889 906 1366 1349)
4(1348 1349 1366 1365)
4(890 907 1367 1350)
4(1349 1350 1367 1366)
4(891 908 1368 1351)
4(1350 1351 1368 1367)
4(892 909 1369 1352)
4(1351 1352 1369 1368)
4(893 910 1370 1353)
4(1352 1353 1370 1369)
4(894 911 1371 1354)
4(1353 1354 1371 1370)
4(895 912 1372 1355)
4(1354 1355 1372 1371)
4(896 913 1373 1356)
4(1355 1356 1373 1372)
4(1356 1357 1374 1373)
4(916 934 1394 1376)
4(933 1393 1394 934)
4(1375 1376 1394 1393)
4(917 935 1395 1377)
4(934 1394 1395 935)
4(1376 1377 1395 1394)
4(918 936 1396 1378)
4(935 1395 1396 936)
4(1377 1378 1396 1395)
4(919 937 1397 1379)
4(936 1396 1397 937)
4(1378 1379 1397 1396)
4(920 938 1398 1380)
4(937 1397 1398 938)
4(1379 1380 1398 1397)
4(921 939 1399 1381)
4(938 1398 1399 939)
4(1380 1381 1399 1398)
4(922 940 1400 1382)
4(939 1399 1400 940)
4(1381 1382 1400 1399)
4(923 941 1401 1383)
4(940 1400 1401 941)
4(1382 1383 1401 1400)
4(924 942 1402 1384)
4(941 1401 1402 942)
4(1383 1384 1402 1401)
4(925 943 1403 1385)
4(942 1402 1403 943)
4(1384 1385 1403 1402)
4(926 944 1404 1386)
4(943 1403 1404 944)
4(1385 1386 1404 1403)
4(927 945 1405 1387)
4(944 1404 1405 945)
4(1386 1387 1405 1404)
4(928 946 1406 1388)
4(945 1405 1406 946)
4(1387 1388 1406 1405)
4(929 947 1407 1389)
4(946 1406 1407 947)
4(1388 1389 1407 1406)
4(930 948 1408 1390)
4(947 1407 1408 948)
4(1389 1390 1408 1407)
4(931 949 1409 1391)
4(948 1408 1409 949)
4(1390 1391 1409 1408)
4(949 1409 1410 950)
4(1391 1392 1410 1409)
4(934 952 1412 1394)
4(951 1411 1412 952)
4(1393 1394 1412 1411)
4(935 953 1413 1395)
4(952 1412 1413 953)
4(1394 1395 1413 1412)
4(936 954 1414 1396)
4(953 1413 1414 954)
4(1395 1396 1414 1413)
4(937 955 1415 1397)
4(954 1414 1415 955)
4(1396 1397 1415 1414)
4(938 956 1416 1398)
4(955 1415 1416 956)
4(1397 1398 1416 1415)
4(939 957 1417 1399)
4(956 1416 1417 957)
4(1398 1399 1417 1416)
4(940 958 1418 1400)
4(957 1417 1418 958)
4(1399 1400 1418 1417)
4(941 959 1419 1401)
4(958 1418 1419 959)
4(1400 1401 1419 1418)
4(942 960 1420 1402)
4(959 1419 1420 960)
4(1401 1402 1420 1419)
4(943 961 1421 1403)
4(960 1420 1421 961)
4(1402 1403 1421 1420)
4(944 962 1422 1404)
4(961 1421 1422 962)
4(1403 1404 1422 1421)
4(945 963 1423 1405)
4(962 1422 1423 963)
4(1404 1405 1423 1422)
4(946 964 1424 1406)
4(963 1423 1424 964)
4(1405 1406 1424 1423)
4(947 965 1425 1407)
4(964 1424 1425 965)
4(1406 1407 1425 1424)
4(948 966 1426 1408)
4(965 1425 1426 966)
4(1407 1408 1426 1425)
4(949 967 1427 1409)
4(966 1426 1427 967)
4(1408 1409 1427 1426)
4(967 1427 1428 968)
4(1409 1410 1428 1427)
4(952 970 1430 1412)
4(969 1429 1430 970)
4(1411 1412 1430 1429)
4(953 971 1431 1413)
4(970 1430 1431 971)
4(1412 1413 1431 1430)
4(954 972 1432 1414)
4(971 1431 1432 972)
4(1413 1414 1432 1431)
4(955 973 1433 1415)
4(972 1432 1433 973)
4(1414 1415 1433 1432)
4(956 974 1434 1416)
4(973 1433 1434 974)
4(1415 1416 1434 1433)
4(957 975 1435 1417)
4(974 1434 1435 975)
4(1416 1417 1435 1434)
4(958 976 1436 1418)
4(975 1435 1436 976)
4(1417 1418 1436 1435)
4(959 977 1437 1419)
4(976 1436 1437 977)
4(1418 1419 1437 1436)
4(960 978 1438 1420)
4(977 1437 1438 978)
4(1419 1420 1438 1437)
4(961 979 1439 1421)
4(978 1438 1439 979)
4(1420 1421 1439 1438)
4(962 980 1440 1422)
4(979 1439 1440 980)
4(1421 1422 1440 1439)
4(963 981 1441 1423)
4(980 1440 1441 981)
4(1422 1423 1441 1440)
4(964 982 1442 1424)
4(981 1441 1442 982)
4(1423 1424 1442 1441)
4(965 983 1443 1425)
4(982 1442 1443 983)
4(1424 1425 1443 1442)
4(966 984 1444 1426)
4(983 1443 1444 984)
4(1425 1426 1444 1443)
4(967 985 1445 1427)
4(984 1444 1445 985)
4(1426 1427 1445 1444)
4(985 1445 1446 986)
4(1427 1428 1446 1445)
4(970 988 1448 1430)
4(987 1447 1448 988)
4(1429 1430 1448 1447)
4(971 989 1449 1431)
4(988 1448 1449 989)
4(1430 1431 1449 1448)
4(972 990 1450 1432)
4(989 1449 1450 990)
4(1431 1432 1450 1449)
4(973 991 1451 1433)
4(990 1450 1451 991)
4(1432 1433 1451 1450)
4(974 992 1452 1434)
4(991 1451 1452 992)
4(1433 1434 1452 1451)
4(975 993 1453 1435)
4(992 1452 1453 993)
4(1434 1435 1453 1452)
4(976 994 1454 1436)
4(993 1453 1454 994)
4(1435 1436 1454 1453)
4(977 995 1455 1437)
4(994 1454 1455 995)
4(1436 1437 1455 1454)
4(978 996 1456 1438)
4(995 1455 1456 996)
4(1437 1438 1456 1455)
4(979 997 1457 1439)
4(996 1456 1457 997)
4(1438 1439 1457 1456)
4(980 998 1458 1440)
4(997 1457 1458 998)
4(1439 1440 1458 1457)
4(981 999 1459 1441)
4(998 1458 1459 999)
4(1440 1441 1459 1458)
4(982 1000 1460 1442)
4(999 1459 1460 1000)
4(1441 1442 1460 1459)
4(983 1001 1461 1443)
4(1000 1460 1461 1001)
4(1442 1443 1461 1460)
4(984 1002 1462 1444)
4(1001 1461 1462 1002)
4(1443 1444 1462 1461)
4(985 1003 1463 1445)
4(1002 1462 1463 1003)
4(1444 1445 1463 1462)
4(1003 1463 1464 1004)
4(1445 1446 1464 1463)
4(988 1006 1466 1448)
4(1005 1465 1466 1006)
4(1447 1448 1466 1465)
4(989 1007 1467 1449)
4(1006 1466 1467 1007)
4(1448 1449 1467 1466)
4(990 1008 1468 1450)
4(1007 1467 1468 1008)
4(1449 1450 1468 1467)
4(991 1009 1469 1451)
4(1008 1468 1469 1009)
4(1450 1451 1469 1468)
4(992 1010 1470 1452)
4(1009 1469 1470 1010)
4(1451 1452 1470 1469)
4(993 1011 1471 1453)
4(1010 1470 1471 1011)
4(1452 1453 1471 1470)
4(994 1012 1472 1454)
4(1011 1471 1472 1012)
4(1453 1454 1472 1471)
4(995 1013 1473 1455)
4(1012 1472 1473 1013)
4(1454 1455 1473 1472)
4(996 1014 1474 1456)
4(1013 1473 1474 1014)
4(1455 1456 1474 1473)
4(997 1015 1475 1457)
4(1014 1474 1475 1015)
4(1456 1457 1475 1474)
4(998 1016 1476 1458)
4(1015 1475 1476 1016)
4(1457 1458 1476 1475)
4(999 1017 1477 1459)
4(1016 1476 1477 1017)
4(1458 1459 1477 1476)
4(1000 1018 1478 1460)
4(1017 1477 1478 1018)
4(1459 1460 1478 1477)
4(1001 1019 1479 1461)
4(1018 1478 1479 1019)
4(1460 1461 1479 1478)
4(1002 1020 1480 1462)
4(1019 1479 1480 1020)
4(1461 1462 1480 1479)
4(1003 1021 1481 1463)
4(1020 1480 1481 1021)
4(1462 1463 1481 1480)
4(1021 1481 1482 1022)
4(1463 1464 1482 1481)
4(1006 1024 1484 1466)
4(1023 1483 1484 1024)
4(1465 1466 1484 1483)
4(1007 1025 1485 1467)
4(1024 1484 1485 1025)
4(1466 1467 1485 1484)
4(1008 1026 1486 1468)
4(1025 1485 1486 1026)
4(1467 1468 1486 1485)
4(1009 1027 1487 1469)
4(1026 1486 1487 1027)
4(1468 1469 1487 1486)
4(1010 1028 1488 1470)
4(1027 1487 1488 1028)
4(1469 1470 1488 1487)
4(1011 1029 1489 1471)
4(1028 1488 1489 1029)
4(1470 1471 1489 1488)
4(1012 1030 1490 1472)
4(1029 1489 1490 1030)
4(1471 1472 1490 1489)
4(1013 1031 1491 1473)
4(1030 1490 1491 1031)
4(1472 1473 1491 1490)
4(1014 1032 1492 1474)
4(1031 1491 1492 1032)
4(1473 1474 1492 1491)
4(1015 1033 1493 1475)
4(1032 1492 1493 1033)
4(1474 1475 1493 1492)
4(1016 1034 1494 1476)
4(1033 1493 1494 1034)
4(1475 1476 1494 1493)
4(1017 1035 1495 1477)
4(1034 1494 1495 1035)
4(1476 1477 1495 1494)
4(1018 1036 1496 1478)
4(1035 1495 1496 1036)
4(1477 1478 1496 1495)
4(1019 1037 1497 1479)
4(1036 1496 1497 1037)
4(1478 1479 1497 1496)
4(1020 1038 1498 1480)
4(1037 1497 1498 1038)
4(1479 1480 1498 1497)
4(1021 1039 1499 1481)
4(1038 1498 1499 1039)
4(1480 1481 1499 1498)
4(1039 1499 1500 1040)
4(1481 1482 1500 1499)
4(1024 1042 1502 1484)
4(1041 1501 1502 1042)
4(1483 1484 1502 1501)
4(1025 1043 1503 1485)
4(1042 1502 1503 1043)
4(1484 1485 1503 1502)
4(1026 1044 1504 1486)
4(1043 1503 1504 1044)
4(1485 1486 1504 1503)
4(1027 1045 1505 1487)
4(1044 1504 1505 1045)
4(1486 1487 1505 1504)
4(1028 1046 1506 1488)
4(1045 1505 1506 1046)
4(1487 1488 1506 1505)
4(1029 1047 1507 1489)
4(1046 1506 1507 1047)
4(1488 1489 1507 1506)
4(1030 1048 1508 1490)
4(1047 1507 1508 1048)
4(1489 1490 1508 1507)
4(1031 1049 1509 1491)
4(1048 1508 1509 1049)
4(1490 1491 1509 1508)
4(1032 1050 1510 1492)
4(1049 1509 1510 1050)
4(1491 1492 1510 1509)
4(1033 1051 1511 1493)
4(1050 1510 1511 1051)
4(1492 1493 1511 1510)
4(1034 1052 1512 1494)
4(1051 1511 1512 1052)
4(1493 1494 1512 1511)
4(1035 1053 1513 1495)
4(1052 1512 1513 1053)
4(1494 1495 1513 1512)
4(1036 1054 1514 1496)
4(1053 1513 1514 1054)
4(1495 1496 1514 1513)
4(1037 1055 1515 1497)
4(1054 1514 1515 1055)
4(1496 1497 1515 1514)
4(1038 1056 1516 1498)
4(1055 1515 1516 1056)
4(1497 1498 1516 1515)
4(1039 1057 1517 1499)
4(1056 1516 1517 1057)
4(1498 1499 1517 1516)
4(1057 1517 1518 1058)
4(1499 1500 1518 1517)
4(1042 1060 1520 1502)
4(1059 1519 1520 1060)
4(1501 1502 1520 1519)
4(1043 1061 1521 1503)
4(1060 1520 1521 1061)
4(1502 1503 1521 1520)
4(1044 1062 1522 1504)
4(1061 1521 1522 1062)
4(1503 1504 1522 1521)
4(1045 1063 1523 1505)
4(1062 1522 1523 1063)
4(1504 1505 1523 1522)
4(1046 1064 1524 1506)
4(1063 1523 1524 1064)
4(1505 1506 1524 1523)
4(1047 1065 1525 1507)
4(1064 1524 1525 1065)
4(1506 1507 1525 1524)
4(1048 1066 1526 1508)
4(1065 1525 1526 1066)
4(1507 1508 1526 1525)
4(1049 1067 1527 1509)
4(1066 1526 1527 1067)
4(1508 1509 1527 1526)
4(1050 1068 1528 1510)
4(1067 1527 1528 1068)
4(1509 1510 1528 1527)
4(1051 1069 1529 1511)
4(1068 1528 1529 1069)
4(1510 1511 1529 1528)
4(1052 1070 1530 1512)
4(1069 1529 1530 1070)
4(1511 1512 1530 1529)
4(1053 1071 1531 1513)
4(1070 1530 1531 1071)
4(1512 1513 1531 1530)
4(1054 1072 1532 1514)
4(1071 1531 1532 1072)
4(1513 1514 1532 1531)
4(1055 1073 1533 1515)
4(1072 1532 1533 1073)
4(1514 1515 1533 1532)
4(1056 1074 1534 1516)
4(1073 1533 1534 1074)
4(1515 1516 1534 1533)
4(1057 1075 1535 1517)
4(1074 1534 1535 1075)
4(1516 1517 1535 1534)
4(1075 1535 1536 1076)
4(1517 1518 1536 1535)
4(1060 1078 1538 1520)
4(1077 1537 1538 1078)
4(1519 1520 1538 1537)
4(1061 1079 1539 1521)
4(1078 1538 1539 1079)
4(1520 1521 1539 1538)
4(1062 1080 1540 1522)
4(1079 1539 1540 1080)
4(1521 1522 1540 1539)
4(1063 1081 1541 1523)
4(1080 1540 1541 1081)
4(1522 1523 1541 1540)
4(1064 1082 1542 1524)
4(1081 1541 1542 1082)
4(1523 1524 1542 1541)
4(1065 1083 1543 1525)
4(1082 1542 1543 1083)
4(1524 1525 1543 1542)
4(1066 1084 1544 1526)
4(1083 1543 1544 1084)
4(1525 1526 1544 1543)
4(1067 1085 1545 1527)
4(1084 1544 1545 1085)
4(1526 1527 1545 1544)
4(1068 1086 1546 1528)
4(1085 1545 1546 1086)
4(1527 1528 1546 1545)
4(1069 1087 1547 1529)
4(1086 1546 1547 1087)
4(1528 1529 1547 1546)
4(1070 1088 1548 1530)
4(1087 1547 1548 1088)
4(1529 1530 1548 1547)
4(1071 1089 1549 1531)
4(1088 1548 1549 1089)
4(1530 1531 1549 1548)
4(1072 1090 1550 1532)
4(1089 1549 1550 1090)
4(1531 1532 1550 1549)
4(1073 1091 1551 1533)
4(1090 1550 1551 1091)
4(1532 1533 1551 1550)
4(1074 1092 1552 1534)
4(1091 1551 1552 1092)
4(1533 1534 1552 1551)
4(1075 1093 1553 1535)
4(1092 1552 1553 1093)
4(1534 1535 1553 1552)
4(1093 1553 1554 1094)
4(1535 1536 1554 1553)
4(1078 1096 1556 1538)
4(1095 1555 1556 1096)
4(1537 1538 1556 1555)
4(1079 1097 1557 1539)
4(1096 1556 1557 1097)
4(1538 1539 1557 1556)
4(1080 1098 1558 1540)
4(1097 1557 1558 1098)
4(1539 1540 1558 1557)
4(1081 1099 1559 1541)
4(1098 1558 1559 1099)
4(1540 1541 1559 1558)
4(1082 1100 1560 1542)
4(1099 1559 1560 1100)
4(1541 1542 1560 1559)
4(1083 1101 1561 1543)
4(1100 1560 1561 1101)
4(1542 1543 1561 1560)
4(1084 1102 1562 1544)
4(1101 1561 1562 1102)
4(1543 1544 1562 1561)
4(1085 1103 1563 1545)
4(1102 1562 1563 1103)
4(1544 1545 1563 1562)
4(1086 1104 1564 1546)
4(1103 1563 1564 1104)
4(1545 1546 1564 1563)
4(1087 1105 1565 1547)
4(1104 1564 1565 1105)
4(1546 1547 1565 1564)
4(1088 1106 1566 1548)
4(1105 1565 1566 1106)
4(1547 1548 1566 1565)
4(1089 1107 1567 1549)
4(1106 1566 1567 1107)
4(1548 1549 1567 1566)
4(1090 1108 1568 1550)
4(1107 1567 1568 1108)
4(1549 1550 1568 1567)
4(1091 1109 1569 1551)
4(1108 1568 1569 1109)
4(1550 1551 1569 1568)
4(1092 1110 1570 1552)
4(1109 1569 1570 1110)
4(1551 1552 1570 1569)
4(1093 1111 1571 1553)
4(1110 1570 1571 1111)
4(1552 1553 1571 1570)
4(1111 1571 1572 1112)
4(1553 1554 1572 1571)
4(1096 1114 1574 1556)
4(1113 1573 1574 1114)
4(1555 1556 1574 1573)
4(1097 1115 1575 1557)
4(1114 1574 1575 1115)
4(1556 1557 1575 1574)
4(1098 1116 1576 1558)
4(1115 1575 1576 1116)
4(1557 1558 1576 1575)
4(1099 1117 1577 1559)
4(1116 1576 1577 1117)
4(1558 1559 1577 1576)
4(1100 1118 1578 1560)
4(1117 1577 1578 1118)
4(1559 1560 1578 1577)
4(1101 1119 1579 1561)
4(1118 1578 1579 1119)
4(1560 1561 1579 1578)
4(1102 1120 1580 1562)
4(1119 1579 1580 1120)
4(1561 1562 1580 1579)
4(1103 1121 1581 1563)
4(1120 1580 1581 1121)
4(1562 1563 1581 1580)
4(1104 1122 1582 1564)
4(1121 1581 1582 1122)
4(1563 1564 1582 1581)
4(1105 1123 1583 1565)
4(1122 1582 1583 1123)
4(1564 1565 1583 1582)
4(1106 1124 1584 1566)
4(1123 1583 1584 1124)
4(1565 1566 1584 1583)
4(1107 1125 1585 1567)
4(1124 1584 1585 1125)
4(1566 1567 1585 1584)
4(1108 1126 1586 1568)
4(1125 1585 1586 1126)
4(1567 1568 1586 1585)
4(1109 1127 1587 1569)
4(1126 1586 1587 1127)
4(1568 1569 1587 1586)
4(1110 1128 1588 1570)
4(1127 1587 1588 1128)
4(1569 1570 1588 1587)
4(1111 1129 1589 1571)
4(1128 1588 1589 1129)
4(1570 1571 1589 1588)
4(1129 1589 1590 1130)
4(1571 1572 1590 1589)
4(1114 1132 1592 1574)
4(1131 1591 1592 1132)
4(1573 1574 1592 1591)
4(1115 1133 1593 1575)
4(1132 1592 1593 1133)
4(1574 1575 1593 1592)
4(1116 1134 1594 1576)
4(1133 1593 1594 1134)
4(1575 1576 1594 1593)
4(1117 1135 1595 1577)
4(1134 1594 1595 1135)
4(1576 1577 1595 1594)
4(1118 1136 1596 1578)
4(1135 1595 1596 1136)
4(1577 1578 1596 1595)
4(1119 1137 1597 1579)
4(1136 1596 1597 1137)
4(1578 1579 1597 1596)
4(1120 1138 1598 1580)
4(1137 1597 1598 1138)
4(1579 1580 1598 1597)
4(1121 1139 1599 1581)
4(1138 1598 1599 1139)
4(1580 1581 1599 1598)
4(1122 1140 1600 1582)
4(1139 1599 1600 1140)
4(1581 1582 1600 1599)
4(1123 1141 1601 1583)
4(1140 1600 1601 1141)
4(1582 1583 1601 1600)
4(1124 1142 1602 1584)
4(1141 1601 1602 1142)
4(1583 1584 1602 1601)
4(1125 1143 1603 1585)
4(1142 1602 1603 1143)
4(1584 1585 1603 1602)
4(1126 1144 1604 1586)
4(1143 1603 1604 1144)
4(1585 1586 1604 1603)
4(1127 1145 1605 1587)
4(1144 1604 1605 1145)
4(1586 1587 1605 1604)
4(1128 1146 1606 1588)
4(1145 1605 1606 1146)
4(1587 1588 1606 1605)
4(1129 1147 1607 1589)
4(1146 1606 1607 1147)
4(1588 1589 1607 1606)
4(1147 1607 1608 1148)
4(1589 1590 1608 1607)
4(1132 1150 1610 1592)
4(1149 1609 1610 1150)
4(1591 1592 1610 1609)
4(1133 1151 1611 1593)
4(1150 1610 1611 1151)
4(1592 1593 1611 1610)
4(1134 1152 1612 1594)
4(1151 1611 1612 1152)
4(1593 1594 1612 1611)
4(1135 1153 1613 1595)
4(1152 1612 1613 1153)
4(1594 1595 1613 1612)
4(1136 1154 1614 1596)
4(1153 1613 1614 1154)
4(1595 1596 1614 1613)
4(1137 1155 1615 1597)
4(1154 1614 1615 1155)
4(1596 1597 1615 1614)
4(1138 1156 1616 1598)
4(1155 1615 1616 1156)
4(1597 1598 1616 1615)
4(1139 1157 1617 1599)
4(1156 1616 1617 1157)
4(1598 1599 1617 1616)
4(1140 1158 1618 1600)
4(1157 1617 1618 1158)
4(1599 1600 1618 1617)
4(1141 1159 1619 1601)
4(1158 1618 1619 1159)
4(1600 1601 1619 1618)
4(1142 1160 1620 1602)
4(1159 1619 1620 1160)
4(1601 1602 1620 1619)
4(1143 1161 1621 1603)
4(1160 1620 1621 1161)
4(1602 1603 1621 1620)
4(1144 1162 1622 1604)
4(1161 1621 1622 1162)
4(1603 1604 1622 1621)
4(1145 1163 1623 1605)
4(1162 1622 1623 1163)
4(1604 1605 1623 1622)
4(1146 1164 1624 1606)
4(1163 1623 1624 1164)
4(1605 1606 1624 1623)
4(1147 1165 1625 1607)
4(1164 1624 1625 1165)
4(1606 1607 1625 1624)
4(1165 1625 1626 1166)
4(1607 1608 1626 1625)
4(1150 1168 1628 1610)
4(1167 1627 1628 1168)
4(1609 1610 1628 1627)
4(1151 1169 1629 1611)
4(1168 1628 1629 1169)
4(1610 1611 1629 1628)
4(1152 1170 1630 1612)
4(1169 1629 1630 1170)
4(1611 1612 1630 1629)
4(1153 1171 1631 1613)
4(1170 1630 1631 1171)
4(1612 1613 1631 1630)
4(1154 1172 1632 1614)
4(1171 1631 1632 1172)
4(1613 1614 1632 1631)
4(1155 1173 1633 1615)
4(1172 1632 1633 1173)
4(1614 1615 1633 1632)
4(1156 1174 1634 1616)
4(1173 1633 1634 1174)
4(1615 1616 1634 1633)
4(1157 1175 1635 1617)
4(1174 1634 1635 1175)
4(1616 1617 1635 1634)
4(1158 1176 1636 1618)
4(1175 1635 1636 1176)
4(1617 1618 1636 1635)
4(1159 1177 1637 1619)
4(1176 1636 1637 1177)
4(1618 1619 1637 1636)
4(1160 1178 1638 1620)
4(1177 1637 1638 1178)
4(1619 1620 1638 1637)
4(1161 1179 1639 1621)
4(1178 1638 1639 1179)
4(1620 1621 1639 1638)
4(1162 1180 1640 1622)
4(1179 1639 1640 1180)
4(1621 1622 1640 1639)
4(1163 1181 1641 1623)
4(1180 1640 1641 1181)
4(1622 1623 1641 1640)
4(1164 1182 1642 1624)
4(1181 1641 1642 1182)
4(1623 1624 1642 1641)
4(1165 1183 1643 1625)
4(1182 1642 1643 1183)
4(1624 1625 1643 1642)
4(1183 1643 1644 1184)
4(1625 1626 1644 1643)
4(1168 1186 1646 1628)
4(1185 1645 1646 1186)
4(1627 1628 1646 1645)
4(1169 1187 1647 1629)
4(1186 1646 1647 1187)
4(1628 1629 1647 1646)
4(1170 1188 1648 1630)
4(1187 1647 1648 1188)
4(1629 1630 1648 1647)
4(1171 1189 1649 1631)
4(1188 1648 1649 1189)
4(1630 1631 1649 1648)
4(1172 1190 1650 1632)
4(1189 1649 1650 1190)
4(1631 1632 1650 1649)
4(1173 1191 1651 1633)
4(1190 1650 1651 1191)
4(1632 1633 1651 1650)
4(1174 1192 1652 1634)
4(1191 1651 1652 1192)
4(1633 1634 1652 1651)
4(1175 1193 1653 1635)
4(1192 1652 1653 1193)
4(1634 1635 1653 1652)
4(1176 1194 1654 1636)
4(1193 1653 1654 1194)
4(1635 1636 1654 1653)
4(1177 1195 1655 1637)
4(1194 1654 1655 1195)
4(1636 1637 1655 1654)
4(1178 1196 1656 1638)
4(1195 1655 1656 1196)
4(1637 1638 1656 1655)
4(1179 1197 1657 1639)
4(1196 1656 1657 1197)
4(1638 1639 1657 1656)
4(1180 1198 1658 1640)
4(1197 1657 1658 1198)
4(1639 1640 1658 1657)
4(1181 1199 1659 1641)
4(1198 1658 1659 1199)
4(1640 1641 1659 1658)
4(1182 1200 1660 1642)
4(1199 1659 1660 1200)
4(1641 1642 1660 1659)
4(1183 1201 1661 1643)
4(1200 1660 1661 1201)
4(1642 1643 1661 1660)
4(1201 1661 1662 1202)
4(1643 1644 1662 1661)
4(1186 1204 1664 1646)
4(1203 1663 1664 1204)
4(1645 1646 1664 1663)
4(1187 1205 1665 1647)
4(1204 1664 1665 1205)
4(1646 1647 1665 1664)
4(1188 1206 1666 1648)
4(1205 1665 1666 1206)
4(1647 1648 1666 1665)
4(1189 1207 1667 1649)
4(1206 1666 1667 1207)
4(1648 1649 1667 1666)
4(1190 1208 1668 1650)
4(1207 1667 1668 1208)
4(1649 1650 1668 1667)
4(1191 1209 1669 1651)
4(1208 1668 1669 1209)
4(1650 1651 1669 1668)
4(1192 1210 1670 1652)
4(1209 1669 1670 1210)
4(1651 1652 1670 1669)
4(1193 1211 1671 1653)
4(1210 1670 1671 1211)
4(1652 1653 1671 1670)
4(1194 1212 1672 1654)
4(1211 1671 1672 1212)
4(1653 1654 1672 1671)
4(1195 1213 1673 1655)
4(1212 1672 1673 1213)
4(1654 1655 1673 1672)
4(1196 1214 1674 1656)
4(1213 1673 1674 1214)
4(1655 1656 1674 1673)
4(1197 1215 1675 1657)
4(1214 1674 1675 1215)
4(1656 1657 1675 1674)
4(1198 1216 1676 1658)
4(1215 1675 1676 1216)
4(1657 1658 1676 1675)
4(1199 1217 1677 1659)
4(1216 1676 1677 1217)
4(1658 1659 1677 1676)
4(1200 1218 1678 1660)
4(1217 1677 1678 1218)
4(1659 1660 1678 1677)
4(1201 1219 1679 1661)
4(1218 1678 1679 1219)
4(1660 1661 1679 1678)
4(1219 1679 1680 1220)
4(1661 1662 1680 1679)
4(1204 1222 1682 1664)
4(1663 1664 1682 1681)
4(1205 1223 1683 1665)
4(1222 1682 1683 1223)
4(1664 1665 1683 1682)
4(1206 1224 1684 1666)
4(1223 1683 1684 1224)
4(1665 1666 1684 1683)
4(1207 1225 1685 1667)
4(1224 1684 1685 1225)
4(1666 1667 1685 1684)
4(1208 1226 1686 1668)
4(1225 1685 1686 1226)
4(1667 1668 1686 1685)
4(1209 1227 1687 1669)
4(1226 1686 1687 1227)
4(1668 1669 1687 1686)
4(1210 1228 1688 1670)
4(1227 1687 1688 1228)
4(1669 1670 1688 1687)
4(1211 1229 1689 1671)
4(1228 1688 1689 1229)
4(1670 1671 1689 1688)
4(1212 1230 1690 1672)
4(1229 1689 1690 1230)
4(1671 1672 1690 1689)
4(1213 1231 1691 1673)
4(1230 1690 1691 1231)
4(1672 1673 1691 1690)
4(1214 1232 1692 1674)
4(1231 1691 1692 1232)
4(1673 1674 1692 1691)
4(1215 1233 1693 1675)
4(1232 1692 1693 1233)
4(1674 1675 1693 1692)
4(1216 1234 1694 1676)
4(1233 1693 1694 1234)
4(1675 1676 1694 1693)
4(1217 1235 1695 1677)
4(1234 1694 1695 1235)
4(1676 1677 1695 1694)
4(1218 1236 1696 1678)
4(1235 1695 1696 1236)
4(1677 1678 1696 1695)
4(1219 1237 1697 1679)
4(1236 1696 1697 1237)
4(1678 1679 1697 1696)
4(1237 1697 1698 1238)
4(1679 1680 1698 1697)
4(1223 1240 1701 1683)
4(1239 1700 1701 1240)
4(1682 1683 1701 1700)
4(1224 1241 1702 1684)
4(1240 1701 1702 1241)
4(1683 1684 1702 1701)
4(1225 1242 1703 1685)
4(1241 1702 1703 1242)
4(1684 1685 1703 1702)
4(1226 1243 1704 1686)
4(1242 1703 1704 1243)
4(1685 1686 1704 1703)
4(1227 1244 1705 1687)
4(1243 1704 1705 1244)
4(1686 1687 1705 1704)
4(1228 1245 1706 1688)
4(1244 1705 1706 1245)
4(1687 1688 1706 1705)
4(1229 1246 1707 1689)
4(1245 1706 1707 1246)
4(1688 1689 1707 1706)
4(1230 1247 1708 1690)
4(1246 1707 1708 1247)
4(1689 1690 1708 1707)
4(1231 1248 1709 1691)
4(1247 1708 1709 1248)
4(1690 1691 1709 1708)
4(1232 1249 1710 1692)
4(1248 1709 1710 1249)
4(1691 1692 1710 1709)
4(1233 1250 1711 1693)
4(1249 1710 1711 1250)
4(1692 1693 1711 1710)
4(1234 1251 1712 1694)
4(1250 1711 1712 1251)
4(1693 1694 1712 1711)
4(1235 1252 1713 1695)
4(1251 1712 1713 1252)
4(1694 1695 1713 1712)
4(1236 1253 1714 1696)
4(1252 1713 1714 1253)
4(1695 1696 1714 1713)
4(1237 1254 1715 1697)
4(1253 1714 1715 1254)
4(1696 1697 1715 1714)
4(1254 1715 1716 1255)
4(1697 1698 1716 1715)
4(1240 1257 1718 1701)
4(1256 1717 1718 1257)
4(1700 1701 1718 1717)
4(1241 1258 1719 1702)
4(1257 1718 1719 1258)
4(1701 1702 1719 1718)
4(1242 1259 1720 1703)
4(1258 1719 1720 1259)
4(1702 1703 1720 1719)
4(1243 1260 1721 1704)
4(1259 1720 1721 1260)
4(1703 1704 1721 1720)
4(1244 1261 1722 1705)
4(1260 1721 1722 1261)
4(1704 1705 1722 1721)
4(1245 1262 1723 1706)
4(1261 1722 1723 1262)
4(1705 1706 1723 1722)
4(1246 1263 1724 1707)
4(1262 1723 1724 1263)
4(1706 1707 1724 1723)
4(1247 1264 1725 1708)
4(1263 1724 1725 1264)
4(1707 1708 1725 1724)
4(1248 1265 1726 1709)
4(1264 1725 1726 1265)
4(1708 1709 1726 1725)
4(1249 1266 1727 1710)
4(1265 1726 1727 1266)
4(1709 1710 1727 1726)
4(1250 1267 1728 1711)
4(1266 1727 1728 1267)
4(1710 1711 1728 1727)
4(1251 1268 1729 1712)
4(1267 1728 1729 1268)
4(1711 1712 1729 1728)
4(1252 1269 1730 1713)
4(1268 1729 1730 1269)
4(1712 1713 1730 1729)
4(1253 1270 1731 1714)
4(1269 1730 1731 1270)
4(1713 1714 1731 1730)
4(1254 1271 1732 1715)
4(1270 1731 1732 1271)
4(1714 1715 1732 1731)
4(1271 1732 1733 1272)
4(1715 1716 1733 1732)
4(1257 1274 1735 1718)
4(1273 1734 1735 1274)
4(1717 1718 1735 1734)
4(1258 1275 1736 1719)
4(1274 1735 1736 1275)
4(1718 1719 1736 1735)
4(1259 1276 1737 1720)
4(1275 1736 1737 1276)
4(1719 1720 1737 1736)
4(1260 1277 1738 1721)
4(1276 1737 1738 1277)
4(1720 1721 1738 1737)
4(1261 1278 1739 1722)
4(1277 1738 1739 1278)
4(1721 1722 1739 1738)
4(1262 1279 1740 1723)
4(1278 1739 1740 1279)
4(1722 1723 1740 1739)
4(1263 1280 1741 1724)
4(1279 1740 1741 1280)
4(1723 1724 1741 1740)
4(1264 1281 1742 1725)
4(1280 1741 1742 1281)
4(1724 1725 1742 1741)
4(1265 1282 1743 1726)
4(1281 1742 1743 1282)
4(1725 1726 1743 1742)
4(1266 1283 1744 1727)
4(1282 1743 1744 1283)
4(1726 1727 1744 1743)
4(1267 1284 1745 1728)
4(1283 1744 1745 1284)
4(1727 1728 1745 1744)
4(1268 1285 1746 1729)
4(1284 1745 1746 1285)
4(1728 1729 1746 1745)
4(1269 1286 1747 1730)
4(1285 1746 1747 1286)
4(1729 1730 1747 1746)
4(1270 1287 1748 1731)
4(1286 1747 1748 1287)
4(1730 1731 1748 1747)
4(1271 1288 1749 1732)
4(1287 1748 1749 1288)
4(1731 1732 1749 1748)
4(1288 1749 1750 1289)
4(1732 1733 1750 1749)
4(1274 1291 1752 1735)
4(1290 1751 1752 1291)
4(1734 1735 1752 1751)
4(1275 1292 1753 1736)
4(1291 1752 1753 1292)
4(1735 1736 1753 1752)
4(1276 1293 1754 1737)
4(1292 1753 1754 1293)
4(1736 1737 1754 1753)
4(1277 1294 1755 1738)
4(1293 1754 1755 1294)
4(1737 1738 1755 1754)
4(1278 1295 1756 1739)
4(1294 1755 1756 1295)
4(1738 1739 1756 1755)
4(1279 1296 1757 1740)
4(1295 1756 1757 1296)
4(1739 1740 1757 1756)
4(1280 1297 1758 1741)
4(1296 1757 1758 1297)
4(1740 1741 1758 1757)
4(1281 1298 1759 1742)
4(1297 1758 1759 1298)
4(1741 1742 1759 1758)
4(1282 1299 1760 1743)
4(1298 1759 1760 1299)
4(1742 1743 1760 1759)
4(1283 1300 1761 1744)
4(1299 1760 1761 1300)
4(1743 1744 1761 1760)
4(1284 1301 1762 1745)
4(1300 1761 1762 1301)
4(1744 1745 1762 1761)
4(1285 1302 1763 1746)
4(1301 1762 1763 1302)
4(1745 1746 1763 1762)
4(1286 1303 1764 1747)
4(1302 1763 1764 1303)
4(1746 1747 1764 1763)
4(1287 1304 1765 1748)
4(1303 1764 1765 1304)
4(1747 1748 1765 1764)
4(1288 1305 1766 1749)
4(1304 1765 1766 1305)
4(1748 1749 1766 1765)
4(1305 1766 1767 1306)
4(1749 1750 1767 1766)
4(1291 1308 1769 1752)
4(1307 1768 1769 1308)
4(1751 1752 1769 1768)
4(1292 1309 1770 1753)
4(1308 1769 1770 1309)
4(1752 1753 1770 1769)
4(1293 1310 1771 1754)
4(1309 1770 1771 1310)
4(1753 1754 1771 1770)
4(1294 1311 1772 1755)
4(1310 1771 1772 1311)
4(1754 1755 1772 1771)
4(1295 1312 1773 1756)
4(1311 1772 1773 1312)
4(1755 1756 1773 1772)
4(1296 1313 1774 1757)
4(1312 1773 1774 1313)
4(1756 1757 1774 1773)
4(1297 1314 1775 1758)
4(1313 1774 1775 1314)
4(1757 1758 1775 1774)
4(1298 1315 1776 1759)
4(1314 1775 1776 1315)
4(1758 1759 1776 1775)
4(1299 1316 1777 1760)
4(1315 1776 1777 1316)
4(1759 1760 1777 1776)
4(1300 1317 1778 1761)
4(1316 1777 1778 1317)
4(1760 1761 1778 1777)
4(1301 1318 1779 1762)
4(1317 1778 1779 1318)
4(1761 1762 1779 1778)
4(1302 1319 1780 1763)
4(1318 1779 1780 1319)
4(1762 1763 1780 1779)
4(1303 1320 1781 1764)
4(1319 1780 1781 1320)
4(1763 1764 1781 1780)
4(1304 1321 1782 1765)
4(1320 1781 1782 1321)
4(1764 1765 1782 1781)
4(1305 1322 1783 1766)
4(1321 1782 1783 1322)
4(1765 1766 1783 1782)
4(1322 1783 1784 1323)
4(1766 1767 1784 1783)
4(1308 1325 1786 1769)
4(1324 1785 1786 1325)
4(1768 1769 1786 1785)
4(1309 1326 1787 1770)
4(1325 1786 1787 1326)
4(1769 1770 1787 1786)
4(1310 1327 1788 1771)
4(1326 1787 1788 1327)
4(1770 1771 1788 1787)
4(1311 1328 1789 1772)
4(1327 1788 1789 1328)
4(1771 1772 1789 1788)
4(1312 1329 1790 1773)
4(1328 1789 1790 1329)
4(1772 1773 1790 1789)
4(1313 1330 1791 1774)
4(1329 1790 1791 1330)
4(1773 1774 1791 1790)
4(1314 1331 1792 1775)
4(1330 1791 1792 1331)
4(1774 1775 1792 1791)
4(1315 1332 1793 1776)
4(1331 1792 1793 1332)
4(1775 1776 1793 1792)
4(1316 1333 1794 1777)
4(1332 1793 1794 1333)
4(1776 1777 1794 1793)
4(1317 1334 1795 1778)
4(1333 1794 1795 1334)
4(1777 1778 1795 1794)
4(1318 1335 1796 1779)
4(1334 1795 1796 1335)
4(1778 1779 1796 1795)
4(1319 1336 1797 1780)
4(1335 1796 1797 1336)
4(1779 1780 1797 1796)
4(1320 1337 1798 1781)
4(1336 1797 1798 1337)
4(1780 1781 1798 1797)
4(1321 1338 1799 1782)
4(1337 1798 1799 1338)
4(1781 1782 1799 1798)
4(1322 1339 1800 1783)
4(1338 1799 1800 1339)
4(1782 1783 1800 1799)
4(1339 1800 1801 1340)
4(1783 1784 1801 1800)
4(1325 1342 1803 1786)
4(1341 1802 1803 1342)
4(1785 1786 1803 1802)
4(1326 1343 1804 1787)
4(1342 1803 1804 1343)
4(1786 1787 1804 1803)
4(1327 1344 1805 1788)
4(1343 1804 1805 1344)
4(1787 1788 1805 1804)
4(1328 1345 1806 1789)
4(1344 1805 1806 1345)
4(1788 1789 1806 1805)
4(1329 1346 1807 1790)
4(1345 1806 1807 1346)
4(1789 1790 1807 1806)
4(1330 1347 1808 1791)
4(1346 1807 1808 1347)
4(1790 1791 1808 1807)
4(1331 1348 1809 1792)
4(1347 1808 1809 1348)
4(1791 1792 1809 1808)
4(1332 1349 1810 1793)
4(1348 1809 1810 1349)
4(1792 1793 1810 1809)
4(1333 1350 1811 1794)
4(1349 1810 1811 1350)
4(1793 1794 1811 1810)
4(1334 1351 1812 1795)
4(1350 1811 1812 1351)
4(1794 1795 1812 1811)
4(1335 1352 1813 1796)
4(1351 1812 1813 1352)
4(1795 1796 1813 1812)
4(1336 1353 1814 1797)
4(1352 1813 1814 1353)
4(1796 1797 1814 1813)
4(1337 1354 1815 1798)
4(1353 1814 1815 1354)
4(1797 1798 1815 1814)
4(1338 1355 1816 1799)
4(1354 1815 1816 1355)
4(1798 1799 1816 1815)
4(1339 1356 1817 1800)
4(1355 1816 1817 1356)
4(1799 1800 1817 1816)
4(1356 1817 1818 1357)
4(1800 1801 1818 1817)
4(1342 1359 1820 1803)
4(1802 1803 1820 1819)
4(1343 1360 1821 1804)
4(1803 1804 1821 1820)
4(1344 1361 1822 1805)
4(1804 1805 1822 1821)
4(1345 1362 1823 1806)
4(1805 1806 1823 1822)
4(1346 1363 1824 1807)
4(1806 1807 1824 1823)
4(1347 1364 1825 1808)
4(1807 1808 1825 1824)
4(1348 1365 1826 1809)
4(1808 1809 1826 1825)
4(1349 1366 1827 1810)
4(1809 1810 1827 1826)
4(1350 1367 1828 1811)
4(1810 1811 1828 1827)
4(1351 1368 1829 1812)
4(1811 1812 1829 1828)
4(1352 1369 1830 1813)
4(1812 1813 1830 1829)
4(1353 1370 1831 1814)
4(1813 1814 1831 1830)
4(1354 1371 1832 1815)
4(1814 1815 1832 1831)
4(1355 1372 1833 1816)
4(1815 1816 1833 1832)
4(1356 1373 1834 1817)
4(1816 1817 1834 1833)
4(1817 1818 1835 1834)
4(1376 1394 1855 1837)
4(1393 1854 1855 1394)
4(1836 1837 1855 1854)
4(1377 1395 1856 1838)
4(1394 1855 1856 1395)
4(1837 1838 1856 1855)
4(1378 1396 1857 1839)
4(1395 1856 1857 1396)
4(1838 1839 1857 1856)
4(1379 1397 1858 1840)
4(1396 1857 1858 1397)
4(1839 1840 1858 1857)
4(1380 1398 1859 1841)
4(1397 1858 1859 1398)
4(1840 1841 1859 1858)
4(1381 1399 1860 1842)
4(1398 1859 1860 1399)
4(1841 1842 1860 1859)
4(1382 1400 1861 1843)
4(1399 1860 1861 1400)
4(1842 1843 1861 1860)
4(1383 1401 1862 1844)
4(1400 1861 1862 1401)
4(1843 1844 1862 1861)
4(1384 1402 1863 1845)
4(1401 1862 1863 1402)
4(1844 1845 1863 1862)
4(1385 1403 1864 1846)
4(1402 1863 1864 1403)
4(1845 1846 1864 1863)
4(1386 1404 1865 1847)
4(1403 1864 1865 1404)
4(1846 1847 1865 1864)
4(1387 1405 1866 1848)
4(1404 1865 1866 1405)
4(1847 1848 1866 1865)
4(1388 1406 1867 1849)
4(1405 1866 1867 1406)
4(1848 1849 1867 1866)
4(1389 1407 1868 1850)
4(1406 1867 1868 1407)
4(1849 1850 1868 1867)
4(1390 1408 1869 1851)
4(1407 1868 1869 1408)
4(1850 1851 1869 1868)
4(1391 1409 1870 1852)
4(1408 1869 1870 1409)
4(1851 1852 1870 1869)
4(1409 1870 1871 1410)
4(1852 1853 1871 1870)
4(1394 1412 1873 1855)
4(1411 1872 1873 1412)
4(1854 1855 1873 1872)
4(1395 1413 1874 1856)
4(1412 1873 1874 1413)
4(1855 1856 1874 1873)
4(1396 1414 1875 1857)
4(1413 1874 1875 1414)
4(1856 1857 1875 1874)
4(1397 1415 1876 1858)
4(1414 1875 1876 1415)
4(1857 1858 1876 1875)
4(1398 1416 1877 1859)
4(1415 1876 1877 1416)
4(1858 1859 1877 1876)
4(1399 1417 1878 1860)
4(1416 1877 1878 1417)
4(1859 1860 1878 1877)
4(1400 1418 1879 1861)
4(1417 1878 1879 1418)
4(1860 1861 1879 1878)
4(1401 1419 1880 1862)
4(1418 1879 1880 1419)
4(1861 1862 1880 1879)
4(1402 1420 1881 1863)
4(1419 1880 1881 1420)
4(1862 1863 1881 1880)
4(1403 1421 1882 1864)
4(1420 1881 1882 1421)
4(1863 1864 1882 1881)
4(1404 1422 1883 1865)
4(1421 1882 1883 1422)
4(1864 1865 1883 1882)
4(1405 1423 1884 1866)
4(1422 1883 1884 1423)
4(1865 1866 1884 1883)
4(1406 1424 1885 1867)
4(1423 1884 1885 1424)
4(1866 1867 1885 1884)
4(1407 1425 1886 1868)
4(1424 1885 1886 1425)
4(1867 1868 1886 1885)
4(1408 1426 1887 1869)
4(1425 1886 1887 1426)
4(1868 1869 1887 1886)
4(1409 1427 1888 1870)
4(1426 1887 1888 1427)
4(1869 1870 1888 1887)
4(1427 1888 1889 1428)
4(1870 1871 1889 1888)
4(1412 1430 1891 1873)
4(1429 1890 1891 1430)
4(1872 1873 1891 1890)
4(1413 1431 1892 1874)
4(1430 1891 1892 1431)
4(1873 1874 1892 1891)
4(1414 1432 1893 1875)
4(1431 1892 1893 1432)
4(1874 1875 1893 1892)
4(1415 1433 1894 1876)
4(1432 1893 1894 1433)
4(1875 1876 1894 1893)
4(1416 1434 1895 1877)
4(1433 1894 1895 1434)
4(1876 1877 1895 1894)
4(1417 1435 1896 1878)
4(1434 1895 1896 1435)
4(1877 1878 1896 1895)
4(1418 1436 1897 1879)
4(1435 1896 1897 1436)
4(1878 1879 1897 1896)
4(1419 1437 1898 1880)
4(1436 1897 1898 1437)
4(1879 1880 1898 1897)
4(1420 1438 1899 1881)
4(1437 1898 1899 1438)
4(1880 1881 1899 1898)
4(1421 1439 1900 1882)
4(1438 1899 1900 1439)
4(1881 1882 1900 1899)
4(1422 1440 1901 1883)
4(1439 1900 1901 1440)
4(1882 1883 1901 1900)
4(1423 1441 1902 1884)
4(1440 1901 1902 1441)
4(1883 1884 1902 1901)
4(1424 1442 1903 1885)
4(1441 1902 1903 1442)
4(1884 1885 1903 1902)
4(1425 1443 1904 1886)
4(1442 1903 1904 1443)
4(1885 1886 1904 1903)
4(1426 1444 1905 1887)
4(1443 1904 1905 1444)
4(1886 1887 1905 1904)
4(1427 1445 1906 1888)
4(1444 1905 1906 1445)
4(1887 1888 1906 1905)
4(1445 1906 1907 1446)
4(1888 1889 1907 1906)
4(1430 1448 1909 1891)
4(1447 1908 1909 1448)
4(1890 1891 1909 1908)
4(1431 1449 1910 1892)
4(1448 1909 1910 1449)
4(1891 1892 1910 1909)
4(1432 1450 1911 1893)
4(1449 1910 1911 1450)
4(1892 1893 1911 1910)
4(1433 1451 1912 1894)
4(1450 1911 1912 1451)
4(1893 1894 1912 1911)
4(1434 1452 1913 1895)
4(1451 1912 1913 1452)
4(1894 1895 1913 1912)
4(1435 1453 1914 1896)
4(1452 1913 1914 1453)
4(1895 1896 1914 1913)
4(1436 1454 1915 1897)
4(1453 1914 1915 1454)
4(1896 1897 1915 1914)
4(1437 1455 1916 1898)
4(1454 1915 1916 1455)
4(1897 1898 1916 1915)
4(1438 1456 1917 1899)
4(1455 1916 1917 1456)
4(1898 1899 1917 1916)
4(1439 1457 1918 1900)
4(1456 1917 1918 1457)
4(1899 1900 1918 1917)
4(1440 1458 1919 1901)
4(1457 1918 1919 1458)
4(1900 1901 1919 1918)
4(1441 1459 1920 1902)
4(1458 1919 1920 1459)
4(1901 1902 1920 1919)
4(1442 1460 1921 1903)
4(1459 1920 1921 1460)
4(1902 1903 1921 1920)
4(1443 1461 1922 1904)
4(1460 1921 1922 1461)
4(1903 1904 1922 1921)
4(1444 1462 1923 1905)
4(1461 1922 1923 1462)
4(1904 1905 1923 1922)
4(1445 1463 1924 1906)
4(1462 1923 1924 1463)
4(1905 1906 1924 1923)
4(1463 1924 1925 1464)
4(1906 1907 1925 1924)
4(1448 1466 1927 1909)
4(1465 1926 1927 1466)
4(1908 1909 1927 1926)
4(1449 1467 1928 1910)
4(1466 1927 1928 1467)
4(1909 1910 1928 1927)
4(1450 1468 1929 1911)
4(1467 1928 1929 1468)
4(1910 1911 1929 1928)
4(1451 1469 1930 1912)
4(1468 1929 1930 1469)
4(1911 1912 1930 1929)
4(1452 1470 1931 1913)
4(1469 1930 1931 1470)
4(1912 1913 1931 1930)
4(1453 1471 1932 1914)
4(1470 1931 1932 1471)
4(1913 1914 1932 1931)
4(1454 1472 1933 1915)
4(1471 1932 1933 1472)
4(1914 1915 1933 1932)
4(1455 1473 1934 1916)
4(1472 1933 1934 1473)
4(1915 1916 1934 1933)
4(1456 1474 1935 1917)
4(1473 1934 1935 1474)
4(1916 1917 1935 1934)
4(1457 1475 1936 1918)
4(1474 1935 1936 1475)
4(1917 1918 1936 1935)
4(1458 1476 1937 1919)
4(1475 1936 1937 1476)
4(1918 1919 1937 1936)
4(1459 1477 1938 1920)
4(1476 1937 1938 1477)
4(1919 1920 1938 1937)
4(1460 1478 1939 1921)
4(1477 1938 1939 1478)
4(1920 1921 1939 1938)
4(1461 1479 1940 1922)
4(1478 1939 1940 1479)
4(1921 1922 1940 1939)
4(1462 1480 1941 1923)
4(1479 1940 1941 1480)
4(1922 1923 1941 1940)
4(1463 1481 1942 1924)
4(1480 1941 1942 1481)
4(1923 1924 1942 1941)
4(1481 1942 1943 1482)
4(1924 1925 1943 1942)
4(1466 1484 1945 1927)
4(1483 1944 1945 1484)
4(1926 1927 1945 1944)
4(1467 1485 1946 1928)
4(1484 1945 1946 1485)
4(1927 1928 1946 1945)
4(1468 1486 1947 1929)
4(1485 1946 1947 1486)
4(1928 1929 1947 1946)
4(1469 1487 1948 1930)
4(1486 1947 1948 1487)
4(1929 1930 1948 1947)
4(1470 1488 1949 1931)
4(1487 1948 1949 1488)
4(1930 1931 1949 1948)
4(1471 1489 1950 1932)
4(1488 1949 1950 1489)
4(1931 1932 1950 1949)
4(1472 1490 1951 1933)
4(1489 1950 1951 1490)
4(1932 1933 1951 1950)
4(1473 1491 1952 1934)
4(1490 1951 1952 1491)
4(1933 1934 1952 1951)
4(1474 1492 1953 1935)
4(1491 1952 1953 1492)
4(1934 1935 1953 1952)
4(1475 1493 1954 1936)
4(1492 1953 1954 1493)
4(1935 1936 1954 1953)
4(1476 1494 1955 1937)
4(1493 1954 1955 1494)
4(1936 1937 1955 1954)
4(1477 1495 1956 1938)
4(1494 1955 1956 1495)
4(1937 1938 1956 1955)
4(1478 1496 1957 1939)
4(1495 1956 1957 1496)
4(1938 1939 1957 1956)
4(1479 1497 1958 1940)
4(1496 1957 1958 1497)
4(1939 1940 1958 1957)
4(1480 1498 1959 1941)
4(1497 1958 1959 1498)
4(1940 1941 1959 1958)
4(1481 1499 1960 1942)
4(1498 1959 1960 1499)
4(1941 1942 1960 1959)
4(1499 1960 1961 1500)
4(1942 1943 1961 1960)
4(1484 1502 1963 1945)
4(1501 1962 1963 1502)
4(1944 1945 1963 1962)
4(1485 1503 1964 1946)
4(1502 1963 1964 1503)
4(1945 1946 1964 1963)
4(1486 1504 1965 1947)
4(1503 1964 1965 1504)
4(1946 1947 1965 1964)
4(1487 1505 1966 1948)
4(1504 1965 1966 1505)
4(1947 1948 1966 1965)
4(1488 1506 1967 1949)
4(1505 1966 1967 1506)
4(1948 1949 1967 1966)
4(1489 1507 1968 1950)
4(1506 1967 1968 1507)
4(1949 1950 1968 1967)
4(1490 1508 1969 1951)
4(1507 1968 1969 1508)
4(1950 1951 1969 1968)
4(1491 1509 1970 1952)
4(1508 1969 1970 1509)
4(1951 1952 1970 1969)
4(1492 1510 1971 1953)
4(1509 1970 1971 1510)
4(1952 1953 1971 1970)
4(1493 1511 1972 1954)
4(1510 1971 1972 1511)
4(1953 1954 1972 1971)
4(1494 1512 1973 1955)
4(1511 1972 1973 1512)
4(1954 1955 1973 1972)
4(1495 1513 1974 1956)
4(1512 1973 1974 1513)
4(1955 1956 1974 1973)
4(1496 1514 1975 1957)
4(1513 1974 1975 1514)
4(1956 1957 1975 1974)
4(1497 1515 1976 1958)
4(1514 1975 1976 1515)
4(1957 1958 1976 1975)
4(1498 1516 1977 1959)
4(1515 1976 1977 1516)
4(1958 1959 1977 1976)
4(1499 1517 1978 1960)
4(1516 1977 1978 1517)
4(1959 1960 1978 1977)
4(1517 1978 1979 1518)
4(1960 1961 1979 1978)
4(1502 1520 1981 1963)
4(1519 1980 1981 1520)
4(1962 1963 1981 1980)
4(1503 1521 1982 1964)
4(1520 1981 1982 1521)
4(1963 1964 1982 1981)
4(1504 1522 1983 1965)
4(1521 1982 1983 1522)
4(1964 1965 1983 1982)
4(1505 1523 1984 1966)
4(1522 1983 1984 1523)
4(1965 1966 1984 1983)
4(1506 1524 1985 1967)
4(1523 1984 1985 1524)
4(1966 1967 1985 1984)
4(1507 1525 1986 1968)
4(1524 1985 1986 1525)
4(1967 1968 1986 1985)
4(1508 1526 1987 1969)
4(1525 1986 1987 1526)
4(1968 1969 1987 1986)
4(1509 1527 1988 1970)
4(1526 1987 1988 1527)
4(1969 1970 1988 1987)
4(1510 1528 1989 1971)
4(1527 1988 1989 1528)
4(1970 1971 1989 1988)
4(1511 1529 1990 1972)
4(1528 1989 1990 1529)
4(1971 1972 1990 1989)
4(1512 1530 1991 1973)
4(1529 1990 1991 1530)
4(1972 1973 1991 1990)
4(1513 1531 1992 1974)
4(1530 1991 1992 1531)
4(1973 1974 1992 1991)
4(1514 1532 1993 1975)
4(1531 1992 1993 1532)
4(1974 1975 1993 1992)
4(1515 1533 1994 1976)
4(1532 1993 1994 1533)
4(1975 1976 1994 1993)
4(1516 1534 1995 1977)
4(1533 1994 1995 1534)
4(1976 1977 1995 1994)
4(1517 1535 1996 1978)
4(1534 1995 1996 1535)
4(1977 1978 1996 1995)
4(1535 1996 1997 1536)
4(1978 1979 1997 1996)
4(1520 1538 1999 1981)
4(1537 1998 1999 1538)
4(1980 1981 1999 1998)
4(1521 1539 2000 1982)
4(1538 1999 2000 1539)
4(1981 1982 2000 1999)
4(1522 1540 2001 1983)
4(1539 2000 2001 1540)
4(1982 1983 2001 2000)
4(1523 1541 2002 1984)
4(1540 2001 2002 1541)
4(1983 1984 2002 2001)
4(1524 1542 2003 1985)
4(1541 2002 2003 1542)
4(1984 1985 2003 2002)
4(1525 1543 2004 1986)
4(1542 2003 2004 1543)
4(1985 1986 2004 2003)
4(1526 1544 2005 1987)
4(1543 2004 2005 1544)
4(1986 1987 2005 2004)
4(1527 1545 2006 1988)
4(1544 2005 2006 1545)
4(1987 1988 2006 2005)
4(1528 1546 2007 1989)
4(1545 2006 2007 1546)
4(1988 1989 2007 2006)
4(1529 1547 2008 1990)
4(1546 2007 2008 1547)
4(1989 1990 2008 2007)
4(1530 1548 2009 1991)
4(1547 2008 2009 1548)
4(1990 1991 2009 2008)
4(1531 1549 2010 1992)
4(1548 2009 2010 1549)
4(1991 1992 2010 2009)
4(1532 1550 2011 1993)
4(1549 2010 2011 1550)
4(1992 1993 2011 2010)
4(1533 1551 2012 1994)
4(1550 2011 2012 1551)
4(1993 1994 2012 2011)
4(1534 1552 2013 1995)
4(1551 2012 2013 1552)
4(1994 1995 2013 2012)
4(1535 1553 2014 1996)
4(1552 2013 2014 1553)
4(1995 1996 2014 2013)
4(1553 2014 2015 1554)
4(1996 1997 2015 2014)
4(1538 1556 2017 1999)
4(1555 2016 2017 1556)
4(1998 1999 2017 2016)
4(1539 1557 2018 2000)
4(1556 2017 2018 1557)
4(1999 2000 2018 2017)
4(1540 1558 2019 2001)
4(1557 2018 2019 1558)
4(2000 2001 2019 2018)
4(1541 1559 2020 2002)
4(1558 2019 2020 1559)
4(2001 2002 2020 2019)
4(1542 1560 2021 2003)
4(1559 2020 2021 1560)
4(2002 2003 2021 2020)
4(1543 1561 2022 2004)
4(1560 2021 2022 1561)
4(2003 2004 2022 2021)
4(1544 1562 2023 2005)
4(1561 2022 2023 1562)
4(2004 2005 2023 2022)
4(1545 1563 2024 2006)
4(1562 2023 2024 1563)
4(2005 2006 2024 2023)
4(1546 1564 2025 2007)
4(1563 2024 2025 1564)
4(2006 2007 2025 2024)
4(1547 1565 2026 2008)
4(1564 2025 2026 1565)
4(2007 2008 2026 2025)
4(1548 1566 2027 2009)
4(1565 2026 2027 1566)
4(2008 2009 2027 2026)
4(1549 1567 2028 2010)
4(1566 2027 2028 1567)
4(2009 2010 2028 2027)
4(1550 1568 2029 2011)
4(1567 2028 2029 1568)
4(2010 2011 2029 2028)
4(1551 1569 2030 2012)
4(1568 2029 2030 1569)
4(2011 2012 2030 2029)
4(1552 1570 2031 2013)
4(1569 2030 2031 1570)
4(2012 2013 2031 2030)
4(1553 1571 2032 2014)
4(1570 2031 2032 1571)
4(2013 2014 2032 2031)
4(1571 2032 2033 1572)
4(2014 2015 2033 2032)
4(1556 1574 2035 2017)
4(1573 2034 2035 1574)
4(2016 2017 2035 2034)
4(1557 1575 2036 2018)
4(1574 2035 2036 1575)
4(2017 2018 2036 2035)
4(1558 1576 2037 2019)
4(1575 2036 2037 1576)
4(2018 2019 2037 2036)
4(1559 1577 2038 2020)
4(1576 2037 2038 1577)
4(2019 2020 2038 2037)
4(1560 1578 2039 2021)
4(1577 2038 2039 1578)
4(2020 2021 2039 2038)
4(1561 1579 2040 2022)
4(1578 2039 2040 1579)
4(2021 2022 2040 2039)
4(1562 1580 2041 2023)
4(1579 2040 2041 1580)
4(2022 2023 2041 2040)
4(1563 1581 2042 2024)
4(1580 2041 2042 1581)
4(2023 2024 2042 2041)
4(1564 1582 2043 2025)
4(1581 2042 2043 1582)
4(2024 2025 2043 2042)
4(1565 1583 2044 2026)
4(1582 2043 2044 1583)
4(2025 2026 2044 2043)
4(1566 1584 2045 2027)
4(1583 2044 2045 1584)
4(2026 2027 2045 2044)
4(1567 1585 2046 2028)
4(1584 2045 2046 1585)
4(2027 2028 2046 2045)
4(1568 1586 2047 2029)
4(1585 2046 2047 1586)
4(2028 2029 2047 2046)
4(1569 1587 2048 2030)
4(1586 2047 2048 1587)
4(2029 2030 2048 2047)
4(1570 1588 2049 2031)
4(1587 2048 2049 1588)
4(2030 2031 2049 2048)
4(1571 1589 2050 2032)
4(1588 2049 2050 1589)
4(2031 2032 2050 2049)
4(1589 2050 2051 1590)
4(2032 2033 2051 2050)
4(1574 1592 2053 2035)
4(1591 2052 2053 1592)
4(2034 2035 2053 2052)
4(1575 1593 2054 2036)
4(1592 2053 2054 1593)
4(2035 2036 2054 2053)
4(1576 1594 2055 2037)
4(1593 2054 2055 1594)
4(2036 2037 2055 2054)
4(1577 1595 2056 2038)
4(1594 2055 2056 1595)
4(2037 2038 2056 2055)
4(1578 1596 2057 2039)
4(1595 2056 2057 1596)
4(2038 2039 2057 2056)
4(1579 1597 2058 2040)
4(1596 2057 2058 1597)
4(2039 2040 2058 2057)
4(1580 1598 2059 2041)
4(1597 2058 2059 1598)
4(2040 2041 2059 2058)
4(1581 1599 2060 2042)
4(1598 2059 2060 1599)
4(2041 2042 2060 2059)
4(1582 1600 2061 2043)
4(1599 2060 2061 1600)
4(2042 2043 2061 2060)
4(1583 1601 2062 2044)
4(1600 2061 2062 1601)
4(2043 2044 2062 2061)
4(1584 1602 2063 2045)
4(1601 2062 2063 1602)
4(2044 2045 2063 2062)
4(1585 1603 2064 2046)
4(1602 2063 2064 1603)
4(2045 2046 2064 2063)
4(1586 1604 2065 2047)
4(1603 2064 2065 1604)
4(2046 2047 2065 2064)
4(1587 1605 2066 2048)
4(1604 2065 2066 1605)
4(2047 2048 2066 2065)
4(1588 1606 2067 2049)
4(1605 2066 2067 1606)
4(2048 2049 2067 2066)
4(1589 1607 2068 2050)
4(1606 2067 2068 1607)
4(2049 2050 2068 2067)
4(1607 2068 2069 1608)
4(2050 2051 2069 2068)
4(1592 1610 2071 2053)
4(1609 2070 2071 1610)
4(2052 2053 2071 2070)
4(1593 1611 2072 2054)
4(1610 2071 2072 1611)
4(2053 2054 2072 2071)
4(1594 1612 2073 2055)
4(1611 2072 2073 1612)
4(2054 2055 2073 2072)
4(1595 1613 2074 2056)
4(1612 2073 2074 1613)
4(2055 2056 2074 2073)
4(1596 1614 2075 2057)
4(1613 2074 2075 1614)
4(2056 2057 2075 2074)
4(1597 1615 2076 2058)
4(1614 2075 2076 1615)
4(2057 2058 2076 2075)
4(1598 1616 2077 2059)
4(1615 2076 2077 1616)
4(2058 2059 2077 2076)
4(1599 1617 2078 2060)
4(1616 2077 2078 1617)
4(2059 2060 2078 2077)
4(1600 1618 2079 2061)
4(1617 2078 2079 1618)
4(2060 2061 2079 2078)
4(1601 1619 2080 2062)
4(1618 2079 2080 1619)
4(2061 2062 2080 2079)
4(1602 1620 2081 2063)
4(1619 2080 2081 1620)
4(2062 2063 2081 2080)
4(1603 1621 2082 2064)
4(1620 2081 2082 1621)
4(2063 2064 2082 2081)
4(1604 1622 2083 2065)
4(1621 2082 2083 1622)
4(2064 2065 2083 2082)
4(1605 1623 2084 2066)
4(1622 2083 2084 1623)
4(2065 2066 2084 2083)
4(1606 1624 2085 2067)
4(1623 2084 2085 1624)
4(2066 2067 2085 2084)
4(1607 1625 2086 2068)
4(1624 2085 2086 1625)
4(2067 2068 2086 2085)
4(1625 2086 2087 1626)
4(2068 2069 2087 2086)
4(1610 1628 2089 2071)
4(1627 2088 2089 1628)
4(2070 2071 2089 2088)
4(1611 1629 2090 2072)
4(1628 2089 2090 1629)
4(2071 2072 2090 2089)
4(1612 1630 2091 2073)
4(1629 2090 2091 1630)
4(2072 2073 2091 2090)
4(1613 1631 2092 2074)
4(1630 2091 2092 1631)
4(2073 2074 2092 2091)
4(1614 1632 2093 2075)
4(1631 2092 2093 1632)
4(2074 2075 2093 2092)
4(1615 1633 2094 2076)
4(1632 2093 2094 1633)
4(2075 2076 2094 2093)
4(1616 1634 2095 2077)
4(1633 2094 2095 1634)
4(2076 2077 2095 2094)
4(1617 1635 2096 2078)
4(1634 2095 2096 1635)
4(2077 2078 2096 2095)
4(1618 1636 2097 2079)
4(1635 2096 2097 1636)
4(2078 2079 2097 2096)
4(1619 1637 2098 2080)
4(1636 2097 2098 1637)
4(2079 2080 2098 2097)
4(1620 1638 2099 2081)
4(1637 2098 2099 1638)
4(2080 2081 2099 2098)
4(1621 1639 2100 2082)
4(1638 2099 2100 1639)
4(2081 2082 2100 2099)
4(1622 1640 2101 2083)
4(1639 2100 2101 1640)
4(2082 2083 2101 2100)
4(1623 1641 2102 2084)
4(1640 2101 2102 1641)
4(2083 2084 2102 2101)
4(1624 1642 2103 2085)
4(1641 2102 2103 1642)
4(2084 2085 2103 2102)
4(1625 1643 2104 2086)
4(1642 2103 2104 1643)
4(2085 2086 2104 2103)
4(1643 2104 2105 1644)
4(2086 2087 2105 2104)
4(1628 1646 2107 2089)
4(1645 2106 2107 1646)
4(2088 2089 2107 2106)
4(1629 1647 2108 2090)
4(1646 2107 2108 1647)
4(2089 2090 2108 2107)
4(1630 1648 2109 2091)
4(1647 2108 2109 1648)
4(2090 2091 2109 2108)
4(1631 1649 2110 2092)
4(1648 2109 2110 1649)
4(2091 2092 2110 2109)
4(1632 1650 2111 2093)
4(1649 2110 2111 1650)
4(2092 2093 2111 2110)
4(1633 1651 2112 2094)
4(1650 2111 2112 1651)
4(2093 2094 2112 2111)
4(1634 1652 2113 2095)
4(1651 2112 2113 1652)
4(2094 2095 2113 2112)
4(1635 1653 2114 2096)
4(1652 2113 2114 1653)
4(2095 2096 2114 2113)
4(1636 1654 2115 2097)
4(1653 2114 2115 1654)
4(2096 2097 2115 2114)
4(1637 1655 2116 2098)
4(1654 2115 2116 1655)
4(2097 2098 2116 2115)
4(1638 1656 2117 2099)
4(1655 2116 2117 1656)
4(2098 2099 2117 2116)
4(1639 1657 2118 2100)
4(1656 2117 2118 1657)
4(2099 2100 2118 2117)
4(1640 1658 2119 2101)
4(1657 2118 2119 1658)
4(2100 2101 2119 2118)
4(1641 1659 2120 2102)
4(1658 2119 2120 1659)
4(2101 2102 2120 2119)
4(1642 1660 2121 2103)
4(1659 2120 2121 1660)
4(2102 2103 2121 2120)
4(1643 1661 2122 2104)
4(1660 2121 2122 1661)
4(2103 2104 2122 2121)
4(1661 2122 2123 1662)
4(2104 2105 2123 2122)
4(1646 1664 2125 2107)
4(1663 2124 2125 1664)
4(2106 2107 2125 2124)
4(1647 1665 2126 2108)
4(1664 2125 2126 1665)
4(2107 2108 2126 2125)
4(1648 1666 2127 2109)
4(1665 2126 2127 1666)
4(2108 2109 2127 2126)
4(1649 1667 2128 2110)
4(1666 2127 2128 1667)
4(2109 2110 2128 2127)
4(1650 1668 2129 2111)
4(1667 2128 2129 1668)
4(2110 2111 2129 2128)
4(1651 1669 2130 2112)
4(1668 2129 2130 1669)
4(2111 2112 2130 2129)
4(1652 1670 2131 2113)
4(1669 2130 2131 1670)
4(2112 2113 2131 2130)
4(1653 1671 2132 2114)
4(1670 2131 2132 1671)
4(2113 2114 2132 2131)
4(1654 1672 2133 2115)
4(1671 2132 2133 1672)
4(2114 2115 2133 2132)
4(1655 1673 2134 2116)
4(1672 2133 2134 1673)
4(2115 2116 2134 2133)
4(1656 1674 2135 2117)
4(1673 2134 2135 1674)
4(2116 2117 2135 2134)
4(1657 1675 2136 2118)
4(1674 2135 2136 1675)
4(2117 2118 2136 2135)
4(1658 1676 2137 2119)
4(1675 2136 2137 1676)
4(2118 2119 2137 2136)
4(1659 1677 2138 2120)
4(1676 2137 2138 1677)
4(2119 2120 2138 2137)
4(1660 1678 2139 2121)
4(1677 2138 2139 1678)
4(2120 2121 2139 2138)
4(1661 1679 2140 2122)
4(1678 2139 2140 1679)
4(2121 2122 2140 2139)
4(1679 2140 2141 1680)
4(2122 2123 2141 2140)
4(1664 1682 2143 2125)
4(1681 2142 2143 1682)
4(2124 2125 2143 2142)
4(1665 1683 2144 2126)
4(1682 2143 2144 1683)
4(2125 2126 2144 2143)
4(1666 1684 2145 2127)
4(1683 2144 2145 1684)
4(2126 2127 2145 2144)
4(1667 1685 2146 2128)
4(1684 2145 2146 1685)
4(2127 2128 2146 2145)
4(1668 1686 2147 2129)
4(1685 2146 2147 1686)
4(2128 2129 2147 2146)
4(1669 1687 2148 2130)
4(1686 2147 2148 1687)
4(2129 2130 2148 2147)
4(1670 1688 2149 2131)
4(1687 2148 2149 1688)
4(2130 2131 2149 2148)
4(1671 1689 2150 2132)
4(1688 2149 2150 1689)
4(2131 2132 2150 2149)
4(1672 1690 2151 2133)
4(1689 2150 2151 1690)
4(2132 2133 2151 2150)
4(1673 1691 2152 2134)
4(1690 2151 2152 1691)
4(2133 2134 2152 2151)
4(1674 1692 2153 2135)
4(1691 2152 2153 1692)
4(2134 2135 2153 2152)
4(1675 1693 2154 2136)
4(1692 2153 2154 1693)
4(2135 2136 2154 2153)
4(1676 1694 2155 2137)
4(1693 2154 2155 1694)
4(2136 2137 2155 2154)
4(1677 1695 2156 2138)
4(1694 2155 2156 1695)
4(2137 2138 2156 2155)
4(1678 1696 2157 2139)
4(1695 2156 2157 1696)
4(2138 2139 2157 2156)
4(1679 1697 2158 2140)
4(1696 2157 2158 1697)
4(2139 2140 2158 2157)
4(1697 2158 2159 1698)
4(2140 2141 2159 2158)
4(1682 1700 2161 2143)
4(2142 2143 2161 2160)
4(1683 1701 2162 2144)
4(1700 2161 2162 1701)
4(2143 2144 2162 2161)
4(1684 1702 2163 2145)
4(1701 2162 2163 1702)
4(2144 2145 2163 2162)
4(1685 1703 2164 2146)
4(1702 2163 2164 1703)
4(2145 2146 2164 2163)
4(1686 1704 2165 2147)
4(1703 2164 2165 1704)
4(2146 2147 2165 2164)
4(1687 1705 2166 2148)
4(1704 2165 2166 1705)
4(2147 2148 2166 2165)
4(1688 1706 2167 2149)
4(1705 2166 2167 1706)
4(2148 2149 2167 2166)
4(1689 1707 2168 2150)
4(1706 2167 2168 1707)
4(2149 2150 2168 2167)
4(1690 1708 2169 2151)
4(1707 2168 2169 1708)
4(2150 2151 2169 2168)
4(1691 1709 2170 2152)
4(1708 2169 2170 1709)
4(2151 2152 2170 2169)
4(1692 1710 2171 2153)
4(1709 2170 2171 1710)
4(2152 2153 2171 2170)
4(1693 1711 2172 2154)
4(1710 2171 2172 1711)
4(2153 2154 2172 2171)
4(1694 1712 2173 2155)
4(1711 2172 2173 1712)
4(2154 2155 2173 2172)
4(1695 1713 2174 2156)
4(1712 2173 2174 1713)
4(2155 2156 2174 2173)
4(1696 1714 2175 2157)
4(1713 2174 2175 1714)
4(2156 2157 2175 2174)
4(1697 1715 2176 2158)
4(1714 2175 2176 1715)
4(2157 2158 2176 2175)
4(1715 2176 2177 1716)
4(2158 2159 2177 2176)
4(1701 1718 2180 2162)
4(1717 2179 2180 1718)
4(2161 2162 2180 2179)
4(1702 1719 2181 2163)
4(1718 2180 2181 1719)
4(2162 2163 2181 2180)
4(1703 1720 2182 2164)
4(1719 2181 2182 1720)
4(2163 2164 2182 2181)
4(1704 1721 2183 2165)
4(1720 2182 2183 1721)
4(2164 2165 2183 2182)
4(1705 1722 2184 2166)
4(1721 2183 2184 1722)
4(2165 2166 2184 2183)
4(1706 1723 2185 2167)
4(1722 2184 2185 1723)
4(2166 2167 2185 2184)
4(1707 1724 2186 2168)
4(1723 2185 2186 1724)
4(2167 2168 2186 2185)
4(1708 1725 2187 2169)
4(1724 2186 2187 1725)
4(2168 2169 2187 2186)
4(1709 1726 2188 2170)
4(1725 2187 2188 1726)
4(2169 2170 2188 2187)
4(1710 1727 2189 2171)
4(1726 2188 2189 1727)
4(2170 2171 2189 2188)
4(1711 1728 2190 2172)
4(1727 2189 2190 1728)
4(2171 2172 2190 2189)
4(1712 1729 2191 2173)
4(1728 2190 2191 1729)
4(2172 2173 2191 2190)
4(1713 1730 2192 2174)
4(1729 2191 2192 1730)
4(2173 2174 2192 2191)
4(1714 1731 2193 2175)
4(1730 2192 2193 1731)
4(2174 2175 2193 2192)
4(1715 1732 2194 2176)
4(1731 2193 2194 1732)
4(2175 2176 2194 2193)
4(1732 2194 2195 1733)
4(2176 2177 2195 2194)
4(1718 1735 2197 2180)
4(1734 2196 2197 1735)
4(2179 2180 2197 2196)
4(1719 1736 2198 2181)
4(1735 2197 2198 1736)
4(2180 2181 2198 2197)
4(1720 1737 2199 2182)
4(1736 2198 2199 1737)
4(2181 2182 2199 2198)
4(1721 1738 2200 2183)
4(1737 2199 2200 1738)
4(2182 2183 2200 2199)
4(1722 1739 2201 2184)
4(1738 2200 2201 1739)
4(2183 2184 2201 2200)
4(1723 1740 2202 2185)
4(1739 2201 2202 1740)
4(2184 2185 2202 2201)
4(1724 1741 2203 2186)
4(1740 2202 2203 1741)
4(2185 2186 2203 2202)
4(1725 1742 2204 2187)
4(1741 2203 2204 1742)
4(2186 2187 2204 2203)
4(1726 1743 2205 2188)
4(1742 2204 2205 1743)
4(2187 2188 2205 2204)
4(1727 1744 2206 2189)
4(1743 2205 2206 1744)
4(2188 2189 2206 2205)
4(1728 1745 2207 2190)
4(1744 2206 2207 1745)
4(2189 2190 2207 2206)
4(1729 1746 2208 2191)
4(1745 2207 2208 1746)
4(2190 2191 2208 2207)
4(1730 1747 2209 2192)
4(1746 2208 2209 1747)
4(2191 2192 2209 2208)
4(1731 1748 2210 2193)
4(1747 2209 2210 1748)
4(2192 2193 2210 2209)
4(1732 1749 2211 2194)
4(1748 2210 2211 1749)
4(2193 2194 2211 2210)
4(1749 2211 2212 1750)
4(2194 2195 2212 2211)
4(1735 1752 2214 2197)
4(1751 2213 2214 1752)
4(2196 2197 2214 2213)
4(1736 1753 2215 2198)
4(1752 2214 2215 1753)
4(2197 2198 2215 2214)
4(1737 1754 2216 2199)
4(1753 2215 2216 1754)
4(2198 2199 2216 2215)
4(1738 1755 2217 2200)
4(1754 2216 2217 1755)
4(2199 2200 2217 2216)
4(1739 1756 2218 2201)
4(1755 2217 2218 1756)
4(2200 2201 2218 2217)
4(1740 1757 2219 2202)
4(1756 2218 2219 1757)
4(2201 2202 2219 2218)
4(1741 1758 2220 2203)
4(1757 2219 2220 1758)
4(2202 2203 2220 2219)
4(1742 1759 2221 2204)
4(1758 2220 2221 1759)
4(2203 2204 2221 2220)
4(1743 1760 2222 2205)
4(1759 2221 2222 1760)
4(2204 2205 2222 2221)
4(1744 1761 2223 2206)
4(1760 2222 2223 1761)
4(2205 2206 2223 2222)
4(1745 1762 2224 2207)
4(1761 2223 2224 1762)
4(2206 2207 2224 2223)
4(1746 1763 2225 2208)
4(1762 2224 2225 1763)
4(2207 2208 2225 2224)
4(1747 1764 2226 2209)
4(1763 2225 2226 1764)
4(2208 2209 2226 2225)
4(1748 1765 2227 2210)
4(1764 2226 2227 1765)
4(2209 2210 2227 2226)
4(1749 1766 2228 2211)
4(1765 2227 2228 1766)
4(2210 2211 2228 2227)
4(1766 2228 2229 1767)
4(2211 2212 2229 2228)
4(1752 1769 2231 2214)
4(1768 2230 2231 1769)
4(2213 2214 2231 2230)
4(1753 1770 2232 2215)
4(1769 2231 2232 1770)
4(2214 2215 2232 2231)
4(1754 1771 2233 2216)
4(1770 2232 2233 1771)
4(2215 2216 2233 2232)
4(1755 1772 2234 2217)
4(1771 2233 2234 1772)
4(2216 2217 2234 2233)
4(1756 1773 2235 2218)
4(1772 2234 2235 1773)
4(2217 2218 2235 2234)
4(1757 1774 2236 2219)
4(1773 2235 2236 1774)
4(2218 2219 2236 2235)
4(1758 1775 2237 2220)
4(1774 2236 2237 1775)
4(2219 2220 2237 2236)
4(1759 1776 2238 2221)
4(1775 2237 2238 1776)
4(2220 2221 2238 2237)
4(1760 1777 2239 2222)
4(1776 2238 2239 1777)
4(2221 2222 2239 2238)
4(1761 1778 2240 2223)
4(1777 2239 2240 1778)
4(2222 2223 2240 2239)
4(1762 1779 2241 2224)
4(1778 2240 2241 1779)
4(2223 2224 2241 2240)
4(1763 1780 2242 2225)
4(1779 2241 2242 1780)
4(2224 2225 2242 2241)
4(1764 1781 2243 2226)
4(1780 2242 2243 1781)
4(2225 2226 2243 2242)
4(1765 1782 2244 2227)
4(1781 2243 2244 1782)
4(2226 2227 2244 2243)
4(1766 1783 2245 2228)
4(1782 2244 2245 1783)
4(2227 2228 2245 2244)
4(1783 2245 2246 1784)
4(2228 2229 2246 2245)
4(1769 1786 2248 2231)
4(1785 2247 2248 1786)
4(2230 2231 2248 2247)
4(1770 1787 2249 2232)
4(1786 2248 2249 1787)
4(2231 2232 2249 2248)
4(1771 1788 2250 2233)
4(1787 2249 2250 1788)
4(2232 2233 2250 2249)
4(1772 1789 2251 2234)
4(1788 2250 2251 1789)
4(2233 2234 2251 2250)
4(1773 1790 2252 2235)
4(1789 2251 2252 1790)
4(2234 2235 2252 2251)
4(1774 1791 2253 2236)
4(1790 2252 2253 1791)
4(2235 2236 2253 2252)
4(1775 1792 2254 2237)
4(1791 2253 2254 1792)
4(2236 2237 2254 2253)
4(1776 1793 2255 2238)
4(1792 2254 2255 1793)
4(2237 2238 2255 2254)
4(1777 1794 2256 2239)
4(1793 2255 2256 1794)
4(2238 2239 2256 2255)
4(1778 1795 2257 2240)
4(1794 2256 2257 1795)
4(2239 2240 2257 2256)
4(1779 1796 2258 2241)
4(1795 2257 2258 1796)
4(2240 2241 2258 2257)
4(1780 1797 2259 2242)
4(1796 2258 2259 1797)
4(2241 2242 2259 2258)
4(1781 1798 2260 2243)
4(1797 2259 2260 1798)
4(2242 2243 2260 2259)
4(1782 1799 2261 2244)
4(1798 2260 2261 1799)
4(2243 2244 2261 2260)
4(1783 1800 2262 2245)
4(1799 2261 2262 1800)
4(2244 2245 2262 2261)
4(1800 2262 2263 1801)
4(2245 2246 2263 2262)
4(1786 1803 2265 2248)
4(1802 2264 2265 1803)
4(2247 2248 2265 2264)
4(1787 1804 2266 2249)
4(1803 2265 2266 1804)
4(2248 2249 2266 2265)
4(1788 1805 2267 2250)
4(1804 2266 2267 1805)
4(2249 2250 2267 2266)
4(1789 1806 2268 2251)
4(1805 2267 2268 1806)
4(2250 2251 2268 2267)
4(1790 1807 2269 2252)
4(1806 2268 2269 1807)
4(2251 2252 2269 2268)
4(1791 1808 2270 2253)
4(1807 2269 2270 1808)
4(2252 2253 2270 2269)
4(1792 1809 2271 2254)
4(1808 2270 2271 1809)
4(2253 2254 2271 2270)
4(1793 1810 2272 2255)
4(1809 2271 2272 1810)
4(2254 2255 2272 2271)
4(1794 1811 2273 2256)
4(1810 2272 2273 1811)
4(2255 2256 2273 2272)
4(1795 1812 2274 2257)
4(1811 2273 2274 1812)
4(2256 2257 2274 2273)
4(1796 1813 2275 2258)
4(1812 2274 2275 1813)
4(2257 2258 2275 2274)
4(1797 1814 2276 2259)
4(1813 2275 2276 1814)
4(2258 2259 2276 2275)
4(1798 1815 2277 2260)
4(1814 2276 2277 1815)
4(2259 2260 2277 2276)
4(1799 1816 2278 2261)
4(1815 2277 2278 1816)
4(2260 2261 2278 2277)
4(1800 1817 2279 2262)
4(1816 2278 2279 1817)
4(2261 2262 2279 2278)
4(1817 2279 2280 1818)
4(2262 2263 2280 2279)
4(1803 1820 2282 2265)
4(2264 2265 2282 2281)
4(1804 1821 2283 2266)
4(2265 2266 2283 2282)
4(1805 1822 2284 2267)
4(2266 2267 2284 2283)
4(1806 1823 2285 2268)
4(2267 2268 2285 2284)
4(1807 1824 2286 2269)
4(2268 2269 2286 2285)
4(1808 1825 2287 2270)
4(2269 2270 2287 2286)
4(1809 1826 2288 2271)
4(2270 2271 2288 2287)
4(1810 1827 2289 2272)
4(2271 2272 2289 2288)
4(1811 1828 2290 2273)
4(2272 2273 2290 2289)
4(1812 1829 2291 2274)
4(2273 2274 2291 2290)
4(1813 1830 2292 2275)
4(2274 2275 2292 2291)
4(1814 1831 2293 2276)
4(2275 2276 2293 2292)
4(1815 1832 2294 2277)
4(2276 2277 2294 2293)
4(1816 1833 2295 2278)
4(2277 2278 2295 2294)
4(1817 1834 2296 2279)
4(2278 2279 2296 2295)
4(2279 2280 2297 2296)
4(1837 1855 2317 2299)
4(1854 2316 2317 1855)
4(1838 1856 2318 2300)
4(1855 2317 2318 1856)
4(1839 1857 2319 2301)
4(1856 2318 2319 1857)
4(1840 1858 2320 2302)
4(1857 2319 2320 1858)
4(1841 1859 2321 2303)
4(1858 2320 2321 1859)
4(1842 1860 2322 2304)
4(1859 2321 2322 1860)
4(1843 1861 2323 2305)
4(1860 2322 2323 1861)
4(1844 1862 2324 2306)
4(1861 2323 2324 1862)
4(1845 1863 2325 2307)
4(1862 2324 2325 1863)
4(1846 1864 2326 2308)
4(1863 2325 2326 1864)
4(1847 1865 2327 2309)
4(1864 2326 2327 1865)
4(1848 1866 2328 2310)
4(1865 2327 2328 1866)
4(1849 1867 2329 2311)
4(1866 2328 2329 1867)
4(1850 1868 2330 2312)
4(1867 2329 2330 1868)
4(1851 1869 2331 2313)
4(1868 2330 2331 1869)
4(1852 1870 2332 2314)
4(1869 2331 2332 1870)
4(1870 2332 2333 1871)
4(1855 1873 2335 2317)
4(1872 2334 2335 1873)
4(1856 1874 2336 2318)
4(1873 2335 2336 1874)
4(1857 1875 2337 2319)
4(1874 2336 2337 1875)
4(1858 1876 2338 2320)
4(1875 2337 2338 1876)
4(1859 1877 2339 2321)
4(1876 2338 2339 1877)
4(1860 1878 2340 2322)
4(1877 2339 2340 1878)
4(1861 1879 2341 2323)
4(1878 2340 2341 1879)
4(1862 1880 2342 2324)
4(1879 2341 2342 1880)
4(1863 1881 2343 2325)
4(1880 2342 2343 1881)
4(1864 1882 2344 2326)
4(1881 2343 2344 1882)
4(1865 1883 2345 2327)
4(1882 2344 2345 1883)
4(1866 1884 2346 2328)
4(1883 2345 2346 1884)
4(1867 1885 2347 2329)
4(1884 2346 2347 1885)
4(1868 1886 2348 2330)
4(1885 2347 2348 1886)
4(1869 1887 2349 2331)
4(1886 2348 2349 1887)
4(1870 1888 2350 2332)
4(1887 2349 2350 1888)
4(1888 2350 2351 1889)
4(1873 1891 2353 2335)
4(1890 2352 2353 1891)
4(1874 1892 2354 2336)
4(1891 2353 2354 1892)
4(1875 1893 2355 2337)
4(1892 2354 2355 1893)
4(1876 1894 2356 2338)
4(1893 2355 2356 1894)
4(1877 1895 2357 2339)
4(1894 2356 2357 1895)
4(1878 1896 2358 2340)
4(1895 2357 2358 1896)
4(1879 1897 2359 2341)
4(1896 2358 2359 1897)
4(1880 1898 2360 2342)
4(1897 2359 2360 1898)
4(1881 1899 2361 2343)
4(1898 2360 2361 1899)
4(1882 1900 2362 2344)
4(1899 2361 2362 1900)
4(1883 1901 2363 2345)
4(1900 2362 2363 1901)
4(1884 1902 2364 2346)
4(1901 2363 2364 1902)
4(1885 1903 2365 2347)
4(1902 2364 2365 1903)
4(1886 1904 2366 2348)
4(1903 2365 2366 1904)
4(1887 1905 2367 2349)
4(1904 2366 2367 1905)
4(1888 1906 2368 2350)
4(1905 2367 2368 1906)
4(1906 2368 2369 1907)
4(1891 1909 2371 2353)
4(1908 2370 2371 1909)
4(1892 1910 2372 2354)
4(1909 2371 2372 1910)
4(1893 1911 2373 2355)
4(1910 2372 2373 1911)
4(1894 1912 2374 2356)
4(1911 2373 2374 1912)
4(1895 1913 2375 2357)
4(1912 2374 2375 1913)
4(1896 1914 2376 2358)
4(1913 2375 2376 1914)
4(1897 1915 2377 2359)
4(1914 2376 2377 1915)
4(1898 1916 2378 2360)
4(1915 2377 2378 1916)
4(1899 1917 2379 2361)
4(1916 2378 2379 1917)
4(1900 1918 2380 2362)
4(1917 2379 2380 1918)
4(1901 1919 2381 2363)
4(1918 2380 2381 1919)
4(1902 1920 2382 2364)
4(1919 2381 2382 1920)
4(1903 1921 2383 2365)
4(1920 2382 2383 1921)
4(1904 1922 2384 2366)
4(1921 2383 2384 1922)
4(1905 1923 2385 2367)
4(1922 2384 2385 1923)
4(1906 1924 2386 2368)
4(1923 2385 2386 1924)
4(1924 2386 2387 1925)
4(1909 1927 2389 2371)
4(1926 2388 2389 1927)
4(1910 1928 2390 2372)
4(1927 2389 2390 1928)
4(1911 1929 2391 2373)
4(1928 2390 2391 1929)
4(1912 1930 2392 2374)
4(1929 2391 2392 1930)
4(1913 1931 2393 2375)
4(1930 2392 2393 1931)
4(1914 1932 2394 2376)
4(1931 2393 2394 1932)
4(1915 1933 2395 2377)
4(1932 2394 2395 1933)
4(1916 1934 2396 2378)
4(1933 2395 2396 1934)
4(1917 1935 2397 2379)
4(1934 2396 2397 1935)
4(1918 1936 2398 2380)
4(1935 2397 2398 1936)
4(1919 1937 2399 2381)
4(1936 2398 2399 1937)
4(1920 1938 2400 2382)
4(1937 2399 2400 1938)
4(1921 1939 2401 2383)
4(1938 2400 2401 1939)
4(1922 1940 2402 2384)
4(1939 2401 2402 1940)
4(1923 1941 2403 2385)
4(1940 2402 2403 1941)
4(1924 1942 2404 2386)
4(1941 2403 2404 1942)
4(1942 2404 2405 1943)
4(1927 1945 2407 2389)
4(1944 2406 2407 1945)
4(1928 1946 2408 2390)
4(1945 2407 2408 1946)
4(1929 1947 2409 2391)
4(1946 2408 2409 1947)
4(1930 1948 2410 2392)
4(1947 2409 2410 1948)
4(1931 1949 2411 2393)
4(1948 2410 2411 1949)
4(1932 1950 2412 2394)
4(1949 2411 2412 1950)
4(1933 1951 2413 2395)
4(1950 2412 2413 1951)
4(1934 1952 2414 2396)
4(1951 2413 2414 1952)
4(1935 1953 2415 2397)
4(1952 2414 2415 1953)
4(1936 1954 2416 2398)
4(1953 2415 2416 1954)
4(1937 1955 2417 2399)
4(1954 2416 2417 1955)
4(1938 1956 2418 2400)
4(1955 2417 2418 1956)
4(1939 1957 2419 2401)
4(1956 2418 2419 1957)
4(1940 1958 2420 2402)
4(1957 2419 2420 1958)
4(1941 1959 2421 2403)
4(1958 2420 2421 1959)
4(1942 1960 2422 2404)
4(1959 2421 2422 1960)
4(1960 2422 2423 1961)
4(1945 1963 2425 2407)
4(1962 2424 2425 1963)
4(1946 1964 2426 2408)
4(1963 2425 2426 1964)
4(1947 1965 2427 2409)
4(1964 2426 2427 1965)
4(1948 1966 2428 2410)
4(1965 2427 2428 1966)
4(1949 1967 2429 2411)
4(1966 2428 2429 1967)
4(1950 1968 2430 2412)
4(1967 2429 2430 1968)
4(1951 1969 2431 2413)
4(1968 2430 2431 1969)
4(1952 1970 2432 2414)
4(1969 2431 2432 1970)
4(1953 1971 2433 2415)
4(1970 2432 2433 1971)
4(1954 1972 2434 2416)
4(1971 2433 2434 1972)
4(1955 1973 2435 2417)
4(1972 2434 2435 1973)
4(1956 1974 2436 2418)
4(1973 2435 2436 1974)
4(1957 1975 2437 2419)
4(1974 2436 2437 1975)
4(1958 1976 2438 2420)
4(1975 2437 2438 1976)
4(1959 1977 2439 2421)
4(1976 2438 2439 1977)
4(1960 1978 2440 2422)
4(1977 2439 2440 1978)
4(1978 2440 2441 1979)
4(1963 1981 2443 2425)
4(1980 2442 2443 1981)
4(1964 1982 2444 2426)
4(1981 2443 2444 1982)
4(1965 1983 2445 2427)
4(1982 2444 2445 1983)
4(1966 1984 2446 2428)
4(1983 2445 2446 1984)
4(1967 1985 2447 2429)
4(1984 2446 2447 1985)
4(1968 1986 2448 2430)
4(1985 2447 2448 1986)
4(1969 1987 2449 2431)
4(1986 2448 2449 1987)
4(1970 1988 2450 2432)
4(1987 2449 2450 1988)
4(1971 1989 2451 2433)
4(1988 2450 2451 1989)
4(1972 1990 2452 2434)
4(1989 2451 2452 1990)
4(1973 1991 2453 2435)
4(1990 2452 2453 1991)
4(1974 1992 2454 2436)
4(1991 2453 2454 1992)
4(1975 1993 2455 2437)
4(1992 2454 2455 1993)
4(1976 1994 2456 2438)
4(1993 2455 2456 1994)
4(1977 1995 2457 2439)
4(1994 2456 2457 1995)
4(1978 1996 2458 2440)
4(1995 2457 2458 1996)
4(1996 2458 2459 1997)
4(1981 1999 2461 2443)
4(1998 2460 2461 1999)
4(1982 2000 2462 2444)
4(1999 2461 2462 2000)
4(1983 2001 2463 2445)
4(2000 2462 2463 2001)
4(1984 2002 2464 2446)
4(2001 2463 2464 2002)
4(1985 2003 2465 2447)
4(2002 2464 2465 2003)
4(1986 2004 2466 2448)
4(2003 2465 2466 2004)
4(1987 2005 2467 2449)
4(2004 2466 2467 2005)
4(1988 2006 2468 2450)
4(2005 2467 2468 2006)
4(1989 2007 2469 2451)
4(2006 2468 2469 2007)
4(1990 2008 2470 2452)
4(2007 2469 2470 2008)
4(1991 2009 2471 2453)
4(2008 2470 2471 2009)
4(1992 2010 2472 2454)
4(2009 2471 2472 2010)
4(1993 2011 2473 2455)
4(2010 2472 2473 2011)
4(1994 2012 2474 2456)
4(2011 2473 2474 2012)
4(1995 2013 2475 2457)
4(2012 2474 2475 2013)
4(1996 2014 2476 2458)
4(2013 2475 2476 2014)
4(2014 2476 2477 2015)
4(1999 2017 2479 2461)
4(2016 2478 2479 2017)
4(2000 2018 2480 2462)
4(2017 2479 2480 2018)
4(2001 2019 2481 2463)
4(2018 2480 2481 2019)
4(2002 2020 2482 2464)
4(2019 2481 2482 2020)
4(2003 2021 2483 2465)
4(2020 2482 2483 2021)
4(2004 2022 2484 2466)
4(2021 2483 2484 2022)
4(2005 2023 2485 2467)
4(2022 2484 2485 2023)
4(2006 2024 2486 2468)
4(2023 2485 2486 2024)
4(2007 2025 2487 2469)
4(2024 2486 2487 2025)
4(2008 2026 2488 2470)
4(2025 2487 2488 2026)
4(2009 2027 2489 2471)
4(2026 2488 2489 2027)
4(2010 2028 2490 2472)
4(2027 2489 2490 2028)
4(2011 2029 2491 2473)
4(2028 2490 2491 2029)
4(2012 2030 2492 2474)
4(2029 2491 2492 2030)
4(2013 2031 2493 2475)
4(2030 2492 2493 2031)
4(2014 2032 2494 2476)
4(2031 2493 2494 2032)
4(2032 2494 2495 2033)
4(2017 2035 2497 2479)
4(2034 2496 2497 2035)
4(2018 2036 2498 2480)
4(2035 2497 2498 2036)
4(2019 2037 2499 2481)
4(2036 2498 2499 2037)
4(2020 2038 2500 2482)
4(2037 2499 2500 2038)
4(2021 2039 2501 2483)
4(2038 2500 2501 2039)
4(2022 2040 2502 2484)
4(2039 2501 2502 2040)
4(2023 2041 2503 2485)
4(2040 2502 2503 2041)
4(2024 2042 2504 2486)
4(2041 2503 2504 2042)
4(2025 2043 2505 2487)
4(2042 2504 2505 2043)
4(2026 2044 2506 2488)
4(2043 2505 2506 2044)
4(2027 2045 2507 2489)
4(2044 2506 2507 2045)
4(2028 2046 2508 2490)
4(2045 2507 2508 2046)
4(2029 2047 2509 2491)
4(2046 2508 2509 2047)
4(2030 2048 2510 2492)
4(2047 2509 2510 2048)
4(2031 2049 2511 2493)
4(2048 2510 2511 2049)
4(2032 2050 2512 2494)
4(2049 2511 2512 2050)
4(2050 2512 2513 2051)
4(2035 2053 2515 2497)
4(2052 2514 2515 2053)
4(2036 2054 2516 2498)
4(2053 2515 2516 2054)
4(2037 2055 2517 2499)
4(2054 2516 2517 2055)
4(2038 2056 2518 2500)
4(2055 2517 2518 2056)
4(2039 2057 2519 2501)
4(2056 2518 2519 2057)
4(2040 2058 2520 2502)
4(2057 2519 2520 2058)
4(2041 2059 2521 2503)
4(2058 2520 2521 2059)
4(2042 2060 2522 2504)
4(2059 2521 2522 2060)
4(2043 2061 2523 2505)
4(2060 2522 2523 2061)
4(2044 2062 2524 2506)
4(2061 2523 2524 2062)
4(2045 2063 2525 2507)
4(2062 2524 2525 2063)
4(2046 2064 2526 2508)
4(2063 2525 2526 2064)
4(2047 2065 2527 2509)
4(2064 2526 2527 2065)
4(2048 2066 2528 2510)
4(2065 2527 2528 2066)
4(2049 2067 2529 2511)
4(2066 2528 2529 2067)
4(2050 2068 2530 2512)
4(2067 2529 2530 2068)
4(2068 2530 2531 2069)
4(2053 2071 2533 2515)
4(2070 2532 2533 2071)
4(2054 2072 2534 2516)
4(2071 2533 2534 2072)
4(2055 2073 2535 2517)
4(2072 2534 2535 2073)
4(2056 2074 2536 2518)
4(2073 2535 2536 2074)
4(2057 2075 2537 2519)
4(2074 2536 2537 2075)
4(2058 2076 2538 2520)
4(2075 2537 2538 2076)
4(2059 2077 2539 2521)
4(2076 2538 2539 2077)
4(2060 2078 2540 2522)
4(2077 2539 2540 2078)
4(2061 2079 2541 2523)
4(2078 2540 2541 2079)
4(2062 2080 2542 2524)
4(2079 2541 2542 2080)
4(2063 2081 2543 2525)
4(2080 2542 2543 2081)
4(2064 2082 2544 2526)
4(2081 2543 2544 2082)
4(2065 2083 2545 2527)
4(2082 2544 2545 2083)
4(2066 2084 2546 2528)
4(2083 2545 2546 2084)
4(2067 2085 2547 2529)
4(2084 2546 2547 2085)
4(2068 2086 2548 2530)
4(2085 2547 2548 2086)
4(2086 2548 2549 2087)
4(2071 2089 2551 2533)
4(2088 2550 2551 2089)
4(2072 2090 2552 2534)
4(2089 2551 2552 2090)
4(2073 2091 2553 2535)
4(2090 2552 2553 2091)
4(2074 2092 2554 2536)
4(2091 2553 2554 2092)
4(2075 2093 2555 2537)
4(2092 2554 2555 2093)
4(2076 2094 2556 2538)
4(2093 2555 2556 2094)
4(2077 2095 2557 2539)
4(2094 2556 2557 2095)
4(2078 2096 2558 2540)
4(2095 2557 2558 2096)
4(2079 2097 2559 2541)
4(2096 2558 2559 2097)
4(2080 2098 2560 2542)
4(2097 2559 2560 2098)
4(2081 2099 2561 2543)
4(2098 2560 2561 2099)
4(2082 2100 2562 2544)
4(2099 2561 2562 2100)
4(2083 2101 2563 2545)
4(2100 2562 2563 2101)
4(2084 2102 2564 2546)
4(2101 2563 2564 2102)
4(2085 2103 2565 2547)
4(2102 2564 2565 2103)
4(2086 2104 2566 2548)
4(2103 2565 2566 2104)
4(2104 2566 2567 2105)
4(2089 2107 2569 2551)
4(2106 2568 2569 2107)
4(2090 2108 2570 2552)
4(2107 2569 2570 2108)
4(2091 2109 2571 2553)
4(2108 2570 2571 2109)
4(2092 2110 2572 2554)
4(2109 2571 2572 2110)
4(2093 2111 2573 2555)
4(2110 2572 2573 2111)
4(2094 2112 2574 2556)
4(2111 2573 2574 2112)
4(2095 2113 2575 2557)
4(2112 2574 2575 2113)
4(2096 2114 2576 2558)
4(2113 2575 2576 2114)
4(2097 2115 2577 2559)
4(2114 2576 2577 2115)
4(2098 2116 2578 2560)
4(2115 2577 2578 2116)
4(2099 2117 2579 2561)
4(2116 2578 2579 2117)
4(2100 2118 2580 2562)
4(2117 2579 2580 2118)
4(2101 2119 2581 2563)
4(2118 2580 2581 2119)
4(2102 2120 2582 2564)
4(2119 2581 2582 2120)
4(2103 2121 2583 2565)
4(2120 2582 2583 2121)
4(2104 2122 2584 2566)
4(2121 2583 2584 2122)
4(2122 2584 2585 2123)
4(2107 2125 2587 2569)
4(2124 2586 2587 2125)
4(2108 2126 2588 2570)
4(2125 2587 2588 2126)
4(2109 2127 2589 2571)
4(2126 2588 2589 2127)
4(2110 2128 2590 2572)
4(2127 2589 2590 2128)
4(2111 2129 2591 2573)
4(2128 2590 2591 2129)
4(2112 2130 2592 2574)
4(2129 2591 2592 2130)
4(2113 2131 2593 2575)
4(2130 2592 2593 2131)
4(2114 2132 2594 2576)
4(2131 2593 2594 2132)
4(2115 2133 2595 2577)
4(2132 2594 2595 2133)
4(2116 2134 2596 2578)
4(2133 2595 2596 2134)
4(2117 2135 2597 2579)
4(2134 2596 2597 2135)
4(2118 2136 2598 2580)
4(2135 2597 2598 2136)
4(2119 2137 2599 2581)
4(2136 2598 2599 2137)
4(2120 2138 2600 2582)
4(2137 2599 2600 2138)
4(2121 2139 2601 2583)
4(2138 2600 2601 2139)
4(2122 2140 2602 2584)
4(2139 2601 2602 2140)
4(2140 2602 2603 2141)
4(2125 2143 2605 2587)
4(2142 2604 2605 2143)
4(2126 2144 2606 2588)
4(2143 2605 2606 2144)
4(2127 2145 2607 2589)
4(2144 2606 2607 2145)
4(2128 2146 2608 2590)
4(2145 2607 2608 2146)
4(2129 2147 2609 2591)
4(2146 2608 2609 2147)
4(2130 2148 2610 2592)
4(2147 2609 2610 2148)
4(2131 2149 2611 2593)
4(2148 2610 2611 2149)
4(2132 2150 2612 2594)
4(2149 2611 2612 2150)
4(2133 2151 2613 2595)
4(2150 2612 2613 2151)
4(2134 2152 2614 2596)
4(2151 2613 2614 2152)
4(2135 2153 2615 2597)
4(2152 2614 2615 2153)
4(2136 2154 2616 2598)
4(2153 2615 2616 2154)
4(2137 2155 2617 2599)
4(2154 2616 2617 2155)
4(2138 2156 2618 2600)
4(2155 2617 2618 2156)
4(2139 2157 2619 2601)
4(2156 2618 2619 2157)
4(2140 2158 2620 2602)
4(2157 2619 2620 2158)
4(2158 2620 2621 2159)
4(2143 2161 2623 2605)
4(2160 2622 2623 2161)
4(2144 2162 2624 2606)
4(2161 2623 2624 2162)
4(2145 2163 2625 2607)
4(2162 2624 2625 2163)
4(2146 2164 2626 2608)
4(2163 2625 2626 2164)
4(2147 2165 2627 2609)
4(2164 2626 2627 2165)
4(2148 2166 2628 2610)
4(2165 2627 2628 2166)
4(2149 2167 2629 2611)
4(2166 2628 2629 2167)
4(2150 2168 2630 2612)
4(2167 2629 2630 2168)
4(2151 2169 2631 2613)
4(2168 2630 2631 2169)
4(2152 2170 2632 2614)
4(2169 2631 2632 2170)
4(2153 2171 2633 2615)
4(2170 2632 2633 2171)
4(2154 2172 2634 2616)
4(2171 2633 2634 2172)
4(2155 2173 2635 2617)
4(2172 2634 2635 2173)
4(2156 2174 2636 2618)
4(2173 2635 2636 2174)
4(2157 2175 2637 2619)
4(2174 2636 2637 2175)
4(2158 2176 2638 2620)
4(2175 2637 2638 2176)
4(2176 2638 2639 2177)
4(2161 2179 2641 2623)
4(2162 2180 2642 2624)
4(2179 2641 2642 2180)
4(2163 2181 2643 2625)
4(2180 2642 2643 2181)
4(2164 2182 2644 2626)
4(2181 2643 2644 2182)
4(2165 2183 2645 2627)
4(2182 2644 2645 2183)
4(2166 2184 2646 2628)
4(2183 2645 2646 2184)
4(2167 2185 2647 2629)
4(2184 2646 2647 2185)
4(2168 2186 2648 2630)
4(2185 2647 2648 2186)
4(2169 2187 2649 2631)
4(2186 2648 2649 2187)
4(2170 2188 2650 2632)
4(2187 2649 2650 2188)
4(2171 2189 2651 2633)
4(2188 2650 2651 2189)
4(2172 2190 2652 2634)
4(2189 2651 2652 2190)
4(2173 2191 2653 2635)
4(2190 2652 2653 2191)
4(2174 2192 2654 2636)
4(2191 2653 2654 2192)
4(2175 2193 2655 2637)
4(2192 2654 2655 2193)
4(2176 2194 2656 2638)
4(2193 2655 2656 2194)
4(2194 2656 2657 2195)
4(2180 2197 2659 2642)
4(2196 2658 2659 2197)
4(2181 2198 2660 2643)
4(2197 2659 2660 2198)
4(2182 2199 2661 2644)
4(2198 2660 2661 2199)
4(2183 2200 2662 2645)
4(2199 2661 2662 2200)
4(2184 2201 2663 2646)
4(2200 2662 2663 2201)
4(2185 2202 2664 2647)
4(2201 2663 2664 2202)
4(2186 2203 2665 2648)
4(2202 2664 2665 2203)
4(2187 2204 2666 2649)
4(2203 2665 2666 2204)
4(2188 2205 2667 2650)
4(2204 2666 2667 2205)
4(2189 2206 2668 2651)
4(2205 2667 2668 2206)
4(2190 2207 2669 2652)
4(2206 2668 2669 2207)
4(2191 2208 2670 2653)
4(2207 2669 2670 2208)
4(2192 2209 2671 2654)
4(2208 2670 2671 2209)
4(2193 2210 2672 2655)
4(2209 2671 2672 2210)
4(2194 2211 2673 2656)
4(2210 2672 2673 2211)
4(2211 2673 2674 2212)
4(2197 2214 2676 2659)
4(2213 2675 2676 2214)
4(2198 2215 2677 2660)
4(2214 2676 2677 2215)
4(2199 2216 2678 2661)
4(2215 2677 2678 2216)
4(2200 2217 2679 2662)
4(2216 2678 2679 2217)
4(2201 2218 2680 2663)
4(2217 2679 2680 2218)
4(2202 2219 2681 2664)
4(2218 2680 2681 2219)
4(2203 2220 2682 2665)
4(2219 2681 2682 2220)
4(2204 2221 2683 2666)
4(2220 2682 2683 2221)
4(2205 2222 2684 2667)
4(2221 2683 2684 2222)
4(2206 2223 2685 2668)
4(2222 2684 2685 2223)
4(2207 2224 2686 2669)
4(2223 2685 2686 2224)
4(2208 2225 2687 2670)
4(2224 2686 2687 2225)
4(2209 2226 2688 2671)
4(2225 2687 2688 2226)
4(2210 2227 2689 2672)
4(2226 2688 2689 2227)
4(2211 2228 2690 2673)
4(2227 2689 2690 2228)
4(2228 2690 2691 2229)
4(2214 2231 2693 2676)
4(2230 2692 2693 2231)
4(2215 2232 2694 2677)
4(2231 2693 2694 2232)
4(2216 2233 2695 2678)
4(2232 2694 2695 2233)
4(2217 2234 2696 2679)
4(2233 2695 2696 2234)
4(2218 2235 2697 2680)
4(2234 2696 2697 2235)
4(2219 2236 2698 2681)
4(2235 2697 2698 2236)
4(2220 2237 2699 2682)
4(2236 2698 2699 2237)
4(2221 2238 2700 2683)
4(2237 2699 2700 2238)
4(2222 2239 2701 2684)
4(2238 2700 2701 2239)
4(2223 2240 2702 2685)
4(2239 2701 2702 2240)
4(2224 2241 2703 2686)
4(2240 2702 2703 2241)
4(2225 2242 2704 2687)
4(2241 2703 2704 2242)
4(2226 2243 2705 2688)
4(2242 2704 2705 2243)
4(2227 2244 2706 2689)
4(2243 2705 2706 2244)
4(2228 2245 2707 2690)
4(2244 2706 2707 2245)
4(2245 2707 2708 2246)
4(2231 2248 2710 2693)
4(2247 2709 2710 2248)
4(2232 2249 2711 2694)
4(2248 2710 2711 2249)
4(2233 2250 2712 2695)
4(2249 2711 2712 2250)
4(2234 2251 2713 2696)
4(2250 2712 2713 2251)
4(2235 2252 2714 2697)
4(2251 2713 2714 2252)
4(2236 2253 2715 2698)
4(2252 2714 2715 2253)
4(2237 2254 2716 2699)
4(2253 2715 2716 2254)
4(2238 2255 2717 2700)
4(2254 2716 2717 2255)
4(2239 2256 2718 2701)
4(2255 2717 2718 2256)
4(2240 2257 2719 2702)
4(2256 2718 2719 2257)
4(2241 2258 2720 2703)
4(2257 2719 2720 2258)
4(2242 2259 2721 2704)
4(2258 2720 2721 2259)
4(2243 2260 2722 2705)
4(2259 2721 2722 2260)
4(2244 2261 2723 2706)
4(2260 2722 2723 2261)
4(2245 2262 2724 2707)
4(2261 2723 2724 2262)
4(2262 2724 2725 2263)
4(2248 2265 2727 2710)
4(2264 2726 2727 2265)
4(2249 2266 2728 2711)
4(2265 2727 2728 2266)
4(2250 2267 2729 2712)
4(2266 2728 2729 2267)
4(2251 2268 2730 2713)
4(2267 2729 2730 2268)
4(2252 2269 2731 2714)
4(2268 2730 2731 2269)
4(2253 2270 2732 2715)
4(2269 2731 2732 2270)
4(2254 2271 2733 2716)
4(2270 2732 2733 2271)
4(2255 2272 2734 2717)
4(2271 2733 2734 2272)
4(2256 2273 2735 2718)
4(2272 2734 2735 2273)
4(2257 2274 2736 2719)
4(2273 2735 2736 2274)
4(2258 2275 2737 2720)
4(2274 2736 2737 2275)
4(2259 2276 2738 2721)
4(2275 2737 2738 2276)
4(2260 2277 2739 2722)
4(2276 2738 2739 2277)
4(2261 2278 2740 2723)
4(2277 2739 2740 2278)
4(2262 2279 2741 2724)
4(2278 2740 2741 2279)
4(2279 2741 2742 2280)
4(2265 2282 2744 2727)
4(2266 2283 2745 2728)
4(2267 2284 2746 2729)
4(2268 2285 2747 2730)
4(2269 2286 2748 2731)
4(2270 2287 2749 2732)
4(2271 2288 2750 2733)
4(2272 2289 2751 2734)
4(2273 2290 2752 2735)
4(2274 2291 2753 2736)
4(2275 2292 2754 2737)
4(2276 2293 2755 2738)
4(2277 2294 2756 2739)
4(2278 2295 2757 2740)
4(2279 2296 2758 2741)
4(0 1 457 456)
4(456 457 916 915)
4(915 916 1376 1375)
4(1375 1376 1837 1836)
4(1836 1837 2299 2298)
4(1 2 458 457)
4(457 458 917 916)
4(916 917 1377 1376)
4(1376 1377 1838 1837)
4(1837 1838 2300 2299)
4(2 3 459 458)
4(458 459 918 917)
4(917 918 1378 1377)
4(1377 1378 1839 1838)
4(1838 1839 2301 2300)
4(3 4 460 459)
4(459 460 919 918)
4(918 919 1379 1378)
4(1378 1379 1840 1839)
4(1839 1840 2302 2301)
4(4 5 461 460)
4(460 461 920 919)
4(919 920 1380 1379)
4(1379 1380 1841 1840)
4(1840 1841 2303 2302)
4(5 6 462 461)
4(461 462 921 920)
4(920 921 1381 1380)
4(1380 1381 1842 1841)
4(1841 1842 2304 2303)
4(6 7 463 462)
4(462 463 922 921)
4(921 922 1382 1381)
4(1381 1382 1843 1842)
4(1842 1843 2305 2304)
4(7 8 464 463)
4(463 464 923 922)
4(922 923 1383 1382)
4(1382 1383 1844 1843)
4(1843 1844 2306 2305)
4(8 9 465 464)
4(464 465 924 923)
4(923 924 1384 1383)
4(1383 1384 1845 1844)
4(1844 1845 2307 2306)
4(9 10 466 465)
4(465 466 925 924)
4(924 925 1385 1384)
4(1384 1385 1846 1845)
4(1845 1846 2308 2307)
4(10 11 467 466)
4(466 467 926 925)
4(925 926 1386 1385)
4(1385 1386 1847 1846)
4(1846 1847 2309 2308)
4(11 12 468 467)
4(467 468 927 926)
4(926 927 1387 1386)
4(1386 1387 1848 1847)
4(1847 1848 2310 2309)
4(12 13 469 468)
4(468 469 928 927)
4(927 928 1388 1387)
4(1387 1388 1849 1848)
4(1848 1849 2311 2310)
4(13 14 470 469)
4(469 470 929 928)
4(928 929 1389 1388)
4(1388 1389 1850 1849)
4(1849 1850 2312 2311)
4(14 15 471 470)
4(470 471 930 929)
4(929 930 1390 1389)
4(1389 1390 1851 1850)
4(1850 1851 2313 2312)
4(15 16 472 471)
4(471 472 931 930)
4(930 931 1391 1390)
4(1390 1391 1852 1851)
4(1851 1852 2314 2313)
4(16 17 473 472)
4(472 473 932 931)
4(931 932 1392 1391)
4(1391 1392 1853 1852)
4(1852 1853 2315 2314)
4(0 18 19 1)
4(18 36 37 19)
4(36 54 55 37)
4(54 72 73 55)
4(72 90 91 73)
4(90 108 109 91)
4(108 126 127 109)
4(126 144 145 127)
4(144 162 163 145)
4(162 180 181 163)
4(180 198 199 181)
4(198 216 217 199)
4(216 234 235 217)
4(234 252 253 235)
4(1 19 20 2)
4(19 37 38 20)
4(37 55 56 38)
4(55 73 74 56)
4(73 91 92 74)
4(91 109 110 92)
4(109 127 128 110)
4(127 145 146 128)
4(145 163 164 146)
4(163 181 182 164)
4(181 199 200 182)
4(199 217 218 200)
4(217 235 236 218)
4(235 253 254 236)
4(253 270 271 254)
4(270 287 288 271)
4(287 304 305 288)
4(304 321 322 305)
4(321 338 339 322)
4(338 355 356 339)
4(355 372 373 356)
4(372 389 390 373)
4(389 406 407 390)
4(406 423 424 407)
4(423 440 441 424)
4(2 20 21 3)
4(20 38 39 21)
4(38 56 57 39)
4(56 74 75 57)
4(74 92 93 75)
4(92 110 111 93)
4(110 128 129 111)
4(128 146 147 129)
4(146 164 165 147)
4(164 182 183 165)
4(182 200 201 183)
4(200 218 219 201)
4(218 236 237 219)
4(236 254 255 237)
4(254 271 272 255)
4(271 288 289 272)
4(288 305 306 289)
4(305 322 323 306)
4(322 339 340 323)
4(339 356 357 340)
4(356 373 374 357)
4(373 390 391 374)
4(390 407 408 391)
4(407 424 425 408)
4(424 441 442 425)
4(3 21 22 4)
4(21 39 40 22)
4(39 57 58 40)
4(57 75 76 58)
4(75 93 94 76)
4(93 111 112 94)
4(111 129 130 112)
4(129 147 148 130)
4(147 165 166 148)
4(165 183 184 166)
4(183 201 202 184)
4(201 219 220 202)
4(219 237 238 220)
4(237 255 256 238)
4(255 272 273 256)
4(272 289 290 273)
4(289 306 307 290)
4(306 323 324 307)
4(323 340 341 324)
4(340 357 358 341)
4(357 374 375 358)
4(374 391 392 375)
4(391 408 409 392)
4(408 425 426 409)
4(425 442 443 426)
4(4 22 23 5)
4(22 40 41 23)
4(40 58 59 41)
4(58 76 77 59)
4(76 94 95 77)
4(94 112 113 95)
4(112 130 131 113)
4(130 148 149 131)
4(148 166 167 149)
4(166 184 185 167)
4(184 202 203 185)
4(202 220 221 203)
4(220 238 239 221)
4(238 256 257 239)
4(256 273 274 257)
4(273 290 291 274)
4(290 307 308 291)
4(307 324 325 308)
4(324 341 342 325)
4(341 358 359 342)
4(358 375 376 359)
4(375 392 393 376)
4(392 409 410 393)
4(409 426 427 410)
4(426 443 444 427)
4(5 23 24 6)
4(23 41 42 24)
4(41 59 60 42)
4(59 77 78 60)
4(77 95 96 78)
4(95 113 114 96)
4(113 131 132 114)
4(131 149 150 132)
4(149 167 168 150)
4(167 185 186 168)
4(185 203 204 186)
4(203 221 222 204)
4(221 239 240 222)
4(239 257 258 240)
4(257 274 275 258)
4(274 291 292 275)
4(291 308 309 292)
4(308 325 326 309)
4(325 342 343 326)
4(342 359 360 343)
4(359 376 377 360)
4(376 393 394 377)
4(393 410 411 394)
4(410 427 428 411)
4(427 444 445 428)
4(6 24 25 7)
4(24 42 43 25)
4(42 60 61 43)
4(60 78 79 61)
4(78 96 97 79)
4(96 114 115 97)
4(114 132 133 115)
4(132 150 151 133)
4(150 168 169 151)
4(168 186 187 169)
4(186 204 205 187)
4(204 222 223 205)
4(222 240 241 223)
4(240 258 259 241)
4(258 275 276 259)
4(275 292 293 276)
4(292 309 310 293)
4(309 326 327 310)
4(326 343 344 327)
4(343 360 361 344)
4(360 377 378 361)
4(377 394 395 378)
4(394 411 412 395)
4(411 428 429 412)
4(428 445 446 429)
4(7 25 26 8)
4(25 43 44 26)
4(43 61 62 44)
4(61 79 80 62)
4(79 97 98 80)
4(97 115 116 98)
4(115 133 134 116)
4(133 151 152 134)
4(151 169 170 152)
4(169 187 188 170)
4(187 205 206 188)
4(205 223 224 206)
4(223 241 242 224)
4(241 259 260 242)
4(259 276 277 260)
4(276 293 294 277)
4(293 310 311 294)
4(310 327 328 311)
4(327 344 345 328)
4(344 361 362 345)
4(361 378 379 362)
4(378 395 396 379)
4(395 412 413 396)
4(412 429 430 413)
4(429 446 447 430)
4(8 26 27 9)
4(26 44 45 27)
4(44 62 63 45)
4(62 80 81 63)
4(80 98 99 81)
4(98 116 117 99)
4(116 134 135 117)
4(134 152 153 135)
4(152 170 171 153)
4(170 188 189 171)
4(188 206 207 189)
4(206 224 225 207)
4(224 242 243 225)
4(242 260 261 243)
4(260 277 278 261)
4(277 294 295 278)
4(294 311 312 295)
4(311 328 329 312)
4(328 345 346 329)
4(345 362 363 346)
4(362 379 380 363)
4(379 396 397 380)
4(396 413 414 397)
4(413 430 431 414)
4(430 447 448 431)
4(9 27 28 10)
4(27 45 46 28)
4(45 63 64 46)
4(63 81 82 64)
4(81 99 100 82)
4(99 117 118 100)
4(117 135 136 118)
4(135 153 154 136)
4(153 171 172 154)
4(171 189 190 172)
4(189 207 208 190)
4(207 225 226 208)
4(225 243 244 226)
4(243 261 262 244)
4(261 278 279 262)
4(278 295 296 279)
4(295 312 313 296)
4(312 329 330 313)
4(329 346 347 330)
4(346 363 364 347)
4(363 380 381 364)
4(380 397 398 381)
4(397 414 415 398)
4(414 431 432 415)
4(431 448 449 432)
4(10 28 29 11)
4(28 46 47 29)
4(46 64 65 47)
4(64 82 83 65)
4(82 100 101 83)
4(100 118 119 101)
4(118 136 137 119)
4(136 154 155 137)
4(154 172 173 155)
4(172 190 191 173)
4(190 208 209 191)
4(208 226 227 209)
4(226 244 245 227)
4(244 262 263 245)
4(262 279 280 263)
4(279 296 297 280)
4(296 313 314 297)
4(313 330 331 314)
4(330 347 348 331)
4(347 364 365 348)
4(364 381 382 365)
4(381 398 399 382)
4(398 415 416 399)
4(415 432 433 416)
4(432 449 450 433)
4(11 29 30 12)
4(29 47 48 30)
4(47 65 66 48)
4(65 83 84 66)
4(83 101 102 84)
4(101 119 120 102)
4(119 137 138 120)
4(137 155 156 138)
4(155 173 174 156)
4(173 191 192 174)
4(191 209 210 192)
4(209 227 228 210)
4(227 245 246 228)
4(245 263 264 246)
4(263 280 281 264)
4(280 297 298 281)
4(297 314 315 298)
4(314 331 332 315)
4(331 348 349 332)
4(348 365 366 349)
4(365 382 383 366)
4(382 399 400 383)
4(399 416 417 400)
4(416 433 434 417)
4(433 450 451 434)
4(12 30 31 13)
4(30 48 49 31)
4(48 66 67 49)
4(66 84 85 67)
4(84 102 103 85)
4(102 120 121 103)
4(120 138 139 121)
4(138 156 157 139)
4(156 174 175 157)
4(174 192 193 175)
4(192 210 211 193)
4(210 228 229 211)
4(228 246 247 229)
4(246 264 265 247)
4(264 281 282 265)
4(281 298 299 282)
4(298 315 316 299)
4(315 332 333 316)
4(332 349 350 333)
4(349 366 367 350)
4(366 383 384 367)
4(383 400 401 384)
4(400 417 418 401)
4(417 434 435 418)
4(434 451 452 435)
4(13 31 32 14)
4(31 49 50 32)
4(49 67 68 50)
4(67 85 86 68)
4(85 103 104 86)
4(103 121 122 104)
4(121 139 140 122)
4(139 157 158 140)
4(157 175 176 158)
4(175 193 194 176)
4(193 211 212 194)
4(211 229 230 212)
4(229 247 248 230)
4(247 265 266 248)
4(265 282 283 266)
4(282 299 300 283)
4(299 316 317 300)
4(316 333 334 317)
4(333 350 351 334)
4(350 367 368 351)
4(367 384 385 368)
4(384 401 402 385)
4(401 418 419 402)
4(418 435 436 419)
4(435 452 453 436)
4(14 32 33 15)
4(32 50 51 33)
4(50 68 69 51)
4(68 86 87 69)
4(86 104 105 87)
4(104 122 123 105)
4(122 140 141 123)
4(140 158 159 141)
4(158 176 177 159)
4(176 194 195 177)
4(194 212 213 195)
4(212 230 231 213)
4(230 248 249 231)
4(248 266 267 249)
4(266 283 284 267)
4(283 300 301 284)
4(300 317 318 301)
4(317 334 335 318)
4(334 351 352 335)
4(351 368 369 352)
4(368 385 386 369)
4(385 402 403 386)
4(402 419 420 403)
4(419 436 437 420)
4(436 453 454 437)
4(15 33 34 16)
4(33 51 52 34)
4(51 69 70 52)
4(69 87 88 70)
4(87 105 106 88)
4(105 123 124 106)
4(123 141 142 124)
4(141 159 160 142)
4(159 177 178 160)
4(177 195 196 178)
4(195 213 214 196)
4(213 231 232 214)
4(231 249 250 232)
4(249 267 268 250)
4(267 284 285 268)
4(284 301 302 285)
4(301 318 319 302)
4(318 335 336 319)
4(335 352 353 336)
4(352 369 370 353)
4(369 386 387 370)
4(386 403 404 387)
4(403 420 421 404)
4(420 437 438 421)
4(437 454 455 438)
4(16 34 35 17)
4(34 52 53 35)
4(52 70 71 53)
4(70 88 89 71)
4(88 106 107 89)
4(106 124 125 107)
4(124 142 143 125)
4(142 160 161 143)
4(160 178 179 161)
4(178 196 197 179)
4(196 214 215 197)
4(214 232 233 215)
4(232 250 251 233)
4(250 268 269 251)
4(268 285 286 269)
4(285 302 303 286)
4(302 319 320 303)
4(319 336 337 320)
4(336 353 354 337)
4(353 370 371 354)
4(370 387 388 371)
4(387 404 405 388)
4(404 421 422 405)
4(421 438 439 422)
4(2298 2299 2317 2316)
4(2316 2317 2335 2334)
4(2334 2335 2353 2352)
4(2352 2353 2371 2370)
4(2370 2371 2389 2388)
4(2388 2389 2407 2406)
4(2406 2407 2425 2424)
4(2424 2425 2443 2442)
4(2442 2443 2461 2460)
4(2460 2461 2479 2478)
4(2478 2479 2497 2496)
4(2496 2497 2515 2514)
4(2514 2515 2533 2532)
4(2532 2533 2551 2550)
4(2550 2551 2569 2568)
4(2568 2569 2587 2586)
4(2586 2587 2605 2604)
4(2604 2605 2623 2622)
4(2622 2623 2641 2640)
4(2299 2300 2318 2317)
4(2317 2318 2336 2335)
4(2335 2336 2354 2353)
4(2353 2354 2372 2371)
4(2371 2372 2390 2389)
4(2389 2390 2408 2407)
4(2407 2408 2426 2425)
4(2425 2426 2444 2443)
4(2443 2444 2462 2461)
4(2461 2462 2480 2479)
4(2479 2480 2498 2497)
4(2497 2498 2516 2515)
4(2515 2516 2534 2533)
4(2533 2534 2552 2551)
4(2551 2552 2570 2569)
4(2569 2570 2588 2587)
4(2587 2588 2606 2605)
4(2605 2606 2624 2623)
4(2623 2624 2642 2641)
4(2641 2642 2659 2658)
4(2658 2659 2676 2675)
4(2675 2676 2693 2692)
4(2692 2693 2710 2709)
4(2709 2710 2727 2726)
4(2726 2727 2744 2743)
4(2300 2301 2319 2318)
4(2318 2319 2337 2336)
4(2336 2337 2355 2354)
4(2354 2355 2373 2372)
4(2372 2373 2391 2390)
4(2390 2391 2409 2408)
4(2408 2409 2427 2426)
4(2426 2427 2445 2444)
4(2444 2445 2463 2462)
4(2462 2463 2481 2480)
4(2480 2481 2499 2498)
4(2498 2499 2517 2516)
4(2516 2517 2535 2534)
4(2534 2535 2553 2552)
4(2552 2553 2571 2570)
4(2570 2571 2589 2588)
4(2588 2589 2607 2606)
4(2606 2607 2625 2624)
4(2624 2625 2643 2642)
4(2642 2643 2660 2659)
4(2659 2660 2677 2676)
4(2676 2677 2694 2693)
4(2693 2694 2711 2710)
4(2710 2711 2728 2727)
4(2727 2728 2745 2744)
4(2301 2302 2320 2319)
4(2319 2320 2338 2337)
4(2337 2338 2356 2355)
4(2355 2356 2374 2373)
4(2373 2374 2392 2391)
4(2391 2392 2410 2409)
4(2409 2410 2428 2427)
4(2427 2428 2446 2445)
4(2445 2446 2464 2463)
4(2463 2464 2482 2481)
4(2481 2482 2500 2499)
4(2499 2500 2518 2517)
4(2517 2518 2536 2535)
4(2535 2536 2554 2553)
4(2553 2554 2572 2571)
4(2571 2572 2590 2589)
4(2589 2590 2608 2607)
4(2607 2608 2626 2625)
4(2625 2626 2644 2643)
4(2643 2644 2661 2660)
4(2660 2661 2678 2677)
4(2677 2678 2695 2694)
4(2694 2695 2712 2711)
4(2711 2712 2729 2728)
4(2728 2729 2746 2745)
4(2302 2303 2321 2320)
4(2320 2321 2339 2338)
4(2338 2339 2357 2356)
4(2356 2357 2375 2374)
4(2374 2375 2393 2392)
4(2392 2393 2411 2410)
4(2410 2411 2429 2428)
4(2428 2429 2447 2446)
4(2446 2447 2465 2464)
4(2464 2465 2483 2482)
4(2482 2483 2501 2500)
4(2500 2501 2519 2518)
4(2518 2519 2537 2536)
4(2536 2537 2555 2554)
4(2554 2555 2573 2572)
4(2572 2573 2591 2590)
4(2590 2591 2609 2608)
4(2608 2609 2627 2626)
4(2626 2627 2645 2644)
4(2644 2645 2662 2661)
4(2661 2662 2679 2678)
4(2678 2679 2696 2695)
4(2695 2696 2713 2712)
4(2712 2713 2730 2729)
4(2729 2730 2747 2746)
4(2303 2304 2322 2321)
4(2321 2322 2340 2339)
4(2339 2340 2358 2357)
4(2357 2358 2376 2375)
4(2375 2376 2394 2393)
4(2393 2394 2412 2411)
4(2411 2412 2430 2429)
4(2429 2430 2448 2447)
4(2447 2448 2466 2465)
4(2465 2466 2484 2483)
4(2483 2484 2502 2501)
4(2501 2502 2520 2519)
4(2519 2520 2538 2537)
4(2537 2538 2556 2555)
4(2555 2556 2574 2573)
4(2573 2574 2592 2591)
4(2591 2592 2610 2609)
4(2609 2610 2628 2627)
4(2627 2628 2646 2645)
4(2645 2646 2663 2662)
4(2662 2663 2680 2679)
4(2679 2680 2697 2696)
4(2696 2697 2714 2713)
4(2713 2714 2731 2730)
4(2730 2731 2748 2747)
4(2304 2305 2323 2322)
4(2322 2323 2341 2340)
4(2340 2341 2359 2358)
4(2358 2359 2377 2376)
4(2376 2377 2395 2394)
4(2394 2395 2413 2412)
4(2412 2413 2431 2430)
4(2430 2431 2449 2448)
4(2448 2449 2467 2466)
4(2466 2467 2485 2484)
4(2484 2485 2503 2502)
4(2502 2503 2521 2520)
4(2520 2521 2539 2538)
4(2538 2539 2557 2556)
4(2556 2557 2575 2574)
4(2574 2575 2593 2592)
4(2592 2593 2611 2610)
4(2610 2611 2629 2628)
4(2628 2629 2647 2646)
4(2646 2647 2664 2663)
4(2663 2664 2681 2680)
4(2680 2681 2698 2697)
4(2697 2698 2715 2714)
4(2714 2715 2732 2731)
4(2731 2732 2749 2748)
4(2305 2306 2324 2323)
4(2323 2324 2342 2341)
4(2341 2342 2360 2359)
4(2359 2360 2378 2377)
4(2377 2378 2396 2395)
4(2395 2396 2414 2413)
4(2413 2414 2432 2431)
4(2431 2432 2450 2449)
4(2449 2450 2468 2467)
4(2467 2468 2486 2485)
4(2485 2486 2504 2503)
4(2503 2504 2522 2521)
4(2521 2522 2540 2539)
4(2539 2540 2558 2557)
4(2557 2558 2576 2575)
4(2575 2576 2594 2593)
4(2593 2594 2612 2611)
4(2611 2612 2630 2629)
4(2629 2630 2648 2647)
4(2647 2648 2665 2664)
4(2664 2665 2682 2681)
4(2681 2682 2699 2698)
4(2698 2699 2716 2715)
4(2715 2716 2733 2732)
4(2732 2733 2750 2749)
4(2306 2307 2325 2324)
4(2324 2325 2343 2342)
4(2342 2343 2361 2360)
4(2360 2361 2379 2378)
4(2378 2379 2397 2396)
4(2396 2397 2415 2414)
4(2414 2415 2433 2432)
4(2432 2433 2451 2450)
4(2450 2451 2469 2468)
4(2468 2469 2487 2486)
4(2486 2487 2505 2504)
4(2504 2505 2523 2522)
4(2522 2523 2541 2540)
4(2540 2541 2559 2558)
4(2558 2559 2577 2576)
4(2576 2577 2595 2594)
4(2594 2595 2613 2612)
4(2612 2613 2631 2630)
4(2630 2631 2649 2648)
4(2648 2649 2666 2665)
4(2665 2666 2683 2682)
4(2682 2683 2700 2699)
4(2699 2700 2717 2716)
4(2716 2717 2734 2733)
4(2733 2734 2751 2750)
4(2307 2308 2326 2325)
4(2325 2326 2344 2343)
4(2343 2344 2362 2361)
4(2361 2362 2380 2379)
4(2379 2380 2398 2397)
4(2397 2398 2416 2415)
4(2415 2416 2434 2433)
4(2433 2434 2452 2451)
4(2451 2452 2470 2469)
4(2469 2470 2488 2487)
4(2487 2488 2506 2505)
4(2505 2506 2524 2523)
4(2523 2524 2542 2541)
4(2541 2542 2560 2559)
4(2559 2560 2578 2577)
4(2577 2578 2596 2595)
4(2595 2596 2614 2613)
4(2613 2614 2632 2631)
4(2631 2632 2650 2649)
4(2649 2650 2667 2666)
4(2666 2667 2684 2683)
4(2683 2684 2701 2700)
4(2700 2701 2718 2717)
4(2717 2718 2735 2734)
4(2734 2735 2752 2751)
4(2308 2309 2327 2326)
4(2326 2327 2345 2344)
4(2344 2345 2363 2362)
4(2362 2363 2381 2380)
4(2380 2381 2399 2398)
4(2398 2399 2417 2416)
4(2416 2417 2435 2434)
4(2434 2435 2453 2452)
4(2452 2453 2471 2470)
4(2470 2471 2489 2488)
4(2488 2489 2507 2506)
4(2506 2507 2525 2524)
4(2524 2525 2543 2542)
4(2542 2543 2561 2560)
4(2560 2561 2579 2578)
4(2578 2579 2597 2596)
4(2596 2597 2615 2614)
4(2614 2615 2633 2632)
4(2632 2633 2651 2650)
4(2650 2651 2668 2667)
4(2667 2668 2685 2684)
4(2684 2685 2702 2701)
4(2701 2702 2719 2718)
4(2718 2719 2736 2735)
4(2735 2736 2753 2752)
4(2309 2310 2328 2327)
4(2327 2328 2346 2345)
4(2345 2346 2364 2363)
4(2363 2364 2382 2381)
4(2381 2382 2400 2399)
4(2399 2400 2418 2417)
4(2417 2418 2436 2435)
4(2435 2436 2454 2453)
4(2453 2454 2472 2471)
4(2471 2472 2490 2489)
4(2489 2490 2508 2507)
4(2507 2508 2526 2525)
4(2525 2526 2544 2543)
4(2543 2544 2562 2561)
4(2561 2562 2580 2579)
4(2579 2580 2598 2597)
4(2597 2598 2616 2615)
4(2615 2616 2634 2633)
4(2633 2634 2652 2651)
4(2651 2652 2669 2668)
4(2668 2669 2686 2685)
4(2685 2686 2703 2702)
4(2702 2703 2720 2719)
4(2719 2720 2737 2736)
4(2736 2737 2754 2753)
4(2310 2311 2329 2328)
4(2328 2329 2347 2346)
4(2346 2347 2365 2364)
4(2364 2365 2383 2382)
4(2382 2383 2401 2400)
4(2400 2401 2419 2418)
4(2418 2419 2437 2436)
4(2436 2437 2455 2454)
4(2454 2455 2473 2472)
4(2472 2473 2491 2490)
4(2490 2491 2509 2508)
4(2508 2509 2527 2526)
4(2526 2527 2545 2544)
4(2544 2545 2563 2562)
4(2562 2563 2581 2580)
4(2580 2581 2599 2598)
4(2598 2599 2617 2616)
4(2616 2617 2635 2634)
4(2634 2635 2653 2652)
4(2652 2653 2670 2669)
4(2669 2670 2687 2686)
4(2686 2687 2704 2703)
4(2703 2704 2721 2720)
4(2720 2721 2738 2737)
4(2737 2738 2755 2754)
4(2311 2312 2330 2329)
4(2329 2330 2348 2347)
4(2347 2348 2366 2365)
4(2365 2366 2384 2383)
4(2383 2384 2402 2401)
4(2401 2402 2420 2419)
4(2419 2420 2438 2437)
4(2437 2438 2456 2455)
4(2455 2456 2474 2473)
4(2473 2474 2492 2491)
4(2491 2492 2510 2509)
4(2509 2510 2528 2527)
4(2527 2528 2546 2545)
4(2545 2546 2564 2563)
4(2563 2564 2582 2581)
4(2581 2582 2600 2599)
4(2599 2600 2618 2617)
4(2617 2618 2636 2635)
4(2635 2636 2654 2653)
4(2653 2654 2671 2670)
4(2670 2671 2688 2687)
4(2687 2688 2705 2704)
4(2704 2705 2722 2721)
4(2721 2722 2739 2738)
4(2738 2739 2756 2755)
4(2312 2313 2331 2330)
4(2330 2331 2349 2348)
4(2348 2349 2367 2366)
4(2366 2367 2385 2384)
4(2384 2385 2403 2402)
4(2402 2403 2421 2420)
4(2420 2421 2439 2438)
4(2438 2439 2457 2456)
4(2456 2457 2475 2474)
4(2474 2475 2493 2492)
4(2492 2493 2511 2510)
4(2510 2511 2529 2528)
4(2528 2529 2547 2546)
4(2546 2547 2565 2564)
4(2564 2565 2583 2582)
4(2582 2583 2601 2600)
4(2600 2601 2619 2618)
4(2618 2619 2637 2636)
4(2636 2637 2655 2654)
4(2654 2655 2672 2671)
4(2671 2672 2689 2688)
4(2688 2689 2706 2705)
4(2705 2706 2723 2722)
4(2722 2723 2740 2739)
4(2739 2740 2757 2756)
4(2313 2314 2332 2331)
4(2331 2332 2350 2349)
4(2349 2350 2368 2367)
4(2367 2368 2386 2385)
4(2385 2386 2404 2403)
4(2403 2404 2422 2421)
4(2421 2422 2440 2439)
4(2439 2440 2458 2457)
4(2457 2458 2476 2475)
4(2475 2476 2494 2493)
4(2493 2494 2512 2511)
4(2511 2512 2530 2529)
4(2529 2530 2548 2547)
4(2547 2548 2566 2565)
4(2565 2566 2584 2583)
4(2583 2584 2602 2601)
4(2601 2602 2620 2619)
4(2619 2620 2638 2637)
4(2637 2638 2656 2655)
4(2655 2656 2673 2672)
4(2672 2673 2690 2689)
4(2689 2690 2707 2706)
4(2706 2707 2724 2723)
4(2723 2724 2741 2740)
4(2740 2741 2758 2757)
4(2314 2315 2333 2332)
4(2332 2333 2351 2350)
4(2350 2351 2369 2368)
4(2368 2369 2387 2386)
4(2386 2387 2405 2404)
4(2404 2405 2423 2422)
4(2422 2423 2441 2440)
4(2440 2441 2459 2458)
4(2458 2459 2477 2476)
4(2476 2477 2495 2494)
4(2494 2495 2513 2512)
4(2512 2513 2531 2530)
4(2530 2531 2549 2548)
4(2548 2549 2567 2566)
4(2566 2567 2585 2584)
4(2584 2585 2603 2602)
4(2602 2603 2621 2620)
4(2620 2621 2639 2638)
4(2638 2639 2657 2656)
4(2656 2657 2674 2673)
4(2673 2674 2691 2690)
4(2690 2691 2708 2707)
4(2707 2708 2725 2724)
4(2724 2725 2742 2741)
4(2741 2742 2759 2758)
4(0 456 474 18)
4(18 474 492 36)
4(36 492 510 54)
4(54 510 528 72)
4(72 528 546 90)
4(90 546 564 108)
4(108 564 582 126)
4(126 582 600 144)
4(144 600 618 162)
4(162 618 636 180)
4(180 636 654 198)
4(198 654 672 216)
4(216 672 690 234)
4(234 690 708 252)
4(252 708 709 253)
4(253 709 727 270)
4(708 726 727 709)
4(270 727 745 287)
4(726 744 745 727)
4(287 745 762 304)
4(304 762 779 321)
4(321 779 796 338)
4(338 796 813 355)
4(355 813 830 372)
4(372 830 847 389)
4(389 847 864 406)
4(406 864 881 423)
4(423 881 898 440)
4(456 915 933 474)
4(474 933 951 492)
4(492 951 969 510)
4(510 969 987 528)
4(528 987 1005 546)
4(546 1005 1023 564)
4(564 1023 1041 582)
4(582 1041 1059 600)
4(600 1059 1077 618)
4(618 1077 1095 636)
4(636 1095 1113 654)
4(654 1113 1131 672)
4(672 1131 1149 690)
4(690 1149 1167 708)
4(708 1167 1185 726)
4(726 1185 1203 744)
4(744 1203 1204 745)
4(745 1204 1222 762)
4(1203 1221 1222 1204)
4(762 1222 1239 779)
4(779 1239 1256 796)
4(796 1256 1273 813)
4(813 1273 1290 830)
4(830 1290 1307 847)
4(847 1307 1324 864)
4(864 1324 1341 881)
4(881 1341 1358 898)
4(915 1375 1393 933)
4(933 1393 1411 951)
4(951 1411 1429 969)
4(969 1429 1447 987)
4(987 1447 1465 1005)
4(1005 1465 1483 1023)
4(1023 1483 1501 1041)
4(1041 1501 1519 1059)
4(1059 1519 1537 1077)
4(1077 1537 1555 1095)
4(1095 1555 1573 1113)
4(1113 1573 1591 1131)
4(1131 1591 1609 1149)
4(1149 1609 1627 1167)
4(1167 1627 1645 1185)
4(1185 1645 1663 1203)
4(1203 1663 1681 1221)
4(1221 1681 1682 1222)
4(1222 1682 1700 1239)
4(1681 1699 1700 1682)
4(1239 1700 1717 1256)
4(1256 1717 1734 1273)
4(1273 1734 1751 1290)
4(1290 1751 1768 1307)
4(1307 1768 1785 1324)
4(1324 1785 1802 1341)
4(1341 1802 1819 1358)
4(1375 1836 1854 1393)
4(1393 1854 1872 1411)
4(1411 1872 1890 1429)
4(1429 1890 1908 1447)
4(1447 1908 1926 1465)
4(1465 1926 1944 1483)
4(1483 1944 1962 1501)
4(1501 1962 1980 1519)
4(1519 1980 1998 1537)
4(1537 1998 2016 1555)
4(1555 2016 2034 1573)
4(1573 2034 2052 1591)
4(1591 2052 2070 1609)
4(1609 2070 2088 1627)
4(1627 2088 2106 1645)
4(1645 2106 2124 1663)
4(1663 2124 2142 1681)
4(1681 2142 2160 1699)
4(1699 2160 2161 1700)
4(1700 2161 2179 1717)
4(2160 2178 2179 2161)
4(1717 2179 2196 1734)
4(1734 2196 2213 1751)
4(1751 2213 2230 1768)
4(1768 2230 2247 1785)
4(1785 2247 2264 1802)
4(1802 2264 2281 1819)
4(1836 2298 2316 1854)
4(1854 2316 2334 1872)
4(1872 2334 2352 1890)
4(1890 2352 2370 1908)
4(1908 2370 2388 1926)
4(1926 2388 2406 1944)
4(1944 2406 2424 1962)
4(1962 2424 2442 1980)
4(1980 2442 2460 1998)
4(1998 2460 2478 2016)
4(2016 2478 2496 2034)
4(2034 2496 2514 2052)
4(2052 2514 2532 2070)
4(2070 2532 2550 2088)
4(2088 2550 2568 2106)
4(2106 2568 2586 2124)
4(2124 2586 2604 2142)
4(2142 2604 2622 2160)
4(2160 2622 2640 2178)
4(2178 2640 2641 2179)
4(2179 2641 2658 2196)
4(2196 2658 2675 2213)
4(2213 2675 2692 2230)
4(2230 2692 2709 2247)
4(2247 2709 2726 2264)
4(2264 2726 2743 2281)
4(17 35 491 473)
4(35 53 509 491)
4(53 71 527 509)
4(71 89 545 527)
4(89 107 563 545)
4(107 125 581 563)
4(125 143 599 581)
4(143 161 617 599)
4(161 179 635 617)
4(179 197 653 635)
4(197 215 671 653)
4(215 233 689 671)
4(233 251 707 689)
4(251 269 725 707)
4(269 286 743 725)
4(286 303 761 743)
4(303 320 778 761)
4(320 337 795 778)
4(337 354 812 795)
4(354 371 829 812)
4(371 388 846 829)
4(388 405 863 846)
4(405 422 880 863)
4(422 439 897 880)
4(473 491 950 932)
4(491 509 968 950)
4(509 527 986 968)
4(527 545 1004 986)
4(545 563 1022 1004)
4(563 581 1040 1022)
4(581 599 1058 1040)
4(599 617 1076 1058)
4(617 635 1094 1076)
4(635 653 1112 1094)
4(653 671 1130 1112)
4(671 689 1148 1130)
4(689 707 1166 1148)
4(707 725 1184 1166)
4(725 743 1202 1184)
4(743 761 1220 1202)
4(761 778 1238 1220)
4(778 795 1255 1238)
4(795 812 1272 1255)
4(812 829 1289 1272)
4(829 846 1306 1289)
4(846 863 1323 1306)
4(863 880 1340 1323)
4(880 897 1357 1340)
4(897 914 1374 1357)
4(932 950 1410 1392)
4(950 968 1428 1410)
4(968 986 1446 1428)
4(986 1004 1464 1446)
4(1004 1022 1482 1464)
4(1022 1040 1500 1482)
4(1040 1058 1518 1500)
4(1058 1076 1536 1518)
4(1076 1094 1554 1536)
4(1094 1112 1572 1554)
4(1112 1130 1590 1572)
4(1130 1148 1608 1590)
4(1148 1166 1626 1608)
4(1166 1184 1644 1626)
4(1184 1202 1662 1644)
4(1202 1220 1680 1662)
4(1220 1238 1698 1680)
4(1238 1255 1716 1698)
4(1255 1272 1733 1716)
4(1272 1289 1750 1733)
4(1289 1306 1767 1750)
4(1306 1323 1784 1767)
4(1323 1340 1801 1784)
4(1340 1357 1818 1801)
4(1357 1374 1835 1818)
4(1392 1410 1871 1853)
4(1410 1428 1889 1871)
4(1428 1446 1907 1889)
4(1446 1464 1925 1907)
4(1464 1482 1943 1925)
4(1482 1500 1961 1943)
4(1500 1518 1979 1961)
4(1518 1536 1997 1979)
4(1536 1554 2015 1997)
4(1554 1572 2033 2015)
4(1572 1590 2051 2033)
4(1590 1608 2069 2051)
4(1608 1626 2087 2069)
4(1626 1644 2105 2087)
4(1644 1662 2123 2105)
4(1662 1680 2141 2123)
4(1680 1698 2159 2141)
4(1698 1716 2177 2159)
4(1716 1733 2195 2177)
4(1733 1750 2212 2195)
4(1750 1767 2229 2212)
4(1767 1784 2246 2229)
4(1784 1801 2263 2246)
4(1801 1818 2280 2263)
4(1818 1835 2297 2280)
4(1853 1871 2333 2315)
4(1871 1889 2351 2333)
4(1889 1907 2369 2351)
4(1907 1925 2387 2369)
4(1925 1943 2405 2387)
4(1943 1961 2423 2405)
4(1961 1979 2441 2423)
4(1979 1997 2459 2441)
4(1997 2015 2477 2459)
4(2015 2033 2495 2477)
4(2033 2051 2513 2495)
4(2051 2069 2531 2513)
4(2069 2087 2549 2531)
4(2087 2105 2567 2549)
4(2105 2123 2585 2567)
4(2123 2141 2603 2585)
4(2141 2159 2621 2603)
4(2159 2177 2639 2621)
4(2177 2195 2657 2639)
4(2195 2212 2674 2657)
4(2212 2229 2691 2674)
4(2229 2246 2708 2691)
4(2246 2263 2725 2708)
4(2263 2280 2742 2725)
4(2280 2297 2759 2742)
4(438 896 897 439)
4(440 898 899 441)
4(441 899 900 442)
4(442 900 901 443)
4(443 901 902 444)
4(444 902 903 445)
4(445 903 904 446)
4(446 904 905 447)
4(447 905 906 448)
4(448 906 907 449)
4(449 907 908 450)
4(450 908 909 451)
4(451 909 910 452)
4(452 910 911 453)
4(453 911 912 454)
4(438 455 913 896)
4(454 912 913 455)
4(896 913 914 897)
4(898 1358 1359 899)
4(899 1359 1360 900)
4(900 1360 1361 901)
4(901 1361 1362 902)
4(902 1362 1363 903)
4(903 1363 1364 904)
4(904 1364 1365 905)
4(905 1365 1366 906)
4(906 1366 1367 907)
4(907 1367 1368 908)
4(908 1368 1369 909)
4(909 1369 1370 910)
4(910 1370 1371 911)
4(911 1371 1372 912)
4(912 1372 1373 913)
4(913 1373 1374 914)
4(1358 1819 1820 1359)
4(1359 1820 1821 1360)
4(1360 1821 1822 1361)
4(1361 1822 1823 1362)
4(1362 1823 1824 1363)
4(1363 1824 1825 1364)
4(1364 1825 1826 1365)
4(1365 1826 1827 1366)
4(1366 1827 1828 1367)
4(1367 1828 1829 1368)
4(1368 1829 1830 1369)
4(1369 1830 1831 1370)
4(1370 1831 1832 1371)
4(1371 1832 1833 1372)
4(1372 1833 1834 1373)
4(1373 1834 1835 1374)
4(1819 2281 2282 1820)
4(1820 2282 2283 1821)
4(1821 2283 2284 1822)
4(1822 2284 2285 1823)
4(1823 2285 2286 1824)
4(1824 2286 2287 1825)
4(1825 2287 2288 1826)
4(1826 2288 2289 1827)
4(1827 2289 2290 1828)
4(1828 2290 2291 1829)
4(1829 2291 2292 1830)
4(1830 2292 2293 1831)
4(1831 2293 2294 1832)
4(1832 2294 2295 1833)
4(1833 2295 2296 1834)
4(1834 2296 2297 1835)
4(2281 2743 2744 2282)
4(2282 2744 2745 2283)
4(2283 2745 2746 2284)
4(2284 2746 2747 2285)
4(2285 2747 2748 2286)
4(2286 2748 2749 2287)
4(2287 2749 2750 2288)
4(2288 2750 2751 2289)
4(2289 2751 2752 2290)
4(2290 2752 2753 2291)
4(2291 2753 2754 2292)
4(2292 2754 2755 2293)
4(2293 2755 2756 2294)
4(2294 2756 2757 2295)
4(2295 2757 2758 2296)
4(2296 2758 2759 2297)
)


// ************************************************************************* //
