solid building_019
facet normal 0.000000 0.000000 1.000000
outer loop
vertex 94.938400 751.527832 4320.000000
vertex 0.000000 757.500671 4320.000000
vertex -94.939919 751.527588 4320.000000
endloop
endfacet
facet normal 0.000000 0.000000 1.000000
outer loop
vertex -94.939919 751.527588 4320.000000
vertex -188.382584 733.702393 4320.000000
vertex -278.854370 704.306396 4320.000000
endloop
endfacet
facet normal 0.000028 0.000000 1.000000
outer loop
vertex -278.854370 704.306396 4320.000000
vertex -364.928406 663.802979 4320.000000
vertex -445.247314 612.831055 4320.000000
endloop
endfacet
facet normal 0.000055 0.000000 1.000000
outer loop
vertex -445.247314 612.831055 4320.000000
vertex -518.544434 552.194458 4320.000000
vertex -583.663757 482.849365 4320.000000
endloop
endfacet
facet normal 0.000055 0.000000 1.000000
outer loop
vertex -583.663757 482.849365 4320.000000
vertex -639.578369 405.889435 4320.000000
vertex -685.406494 322.528442 4320.000000
endloop
endfacet
facet normal 0.000055 0.000000 1.000000
outer loop
vertex -685.406494 322.528442 4320.000000
vertex -720.425293 234.080963 4320.000000
vertex -744.082520 141.941895 4320.000000
endloop
endfacet
facet normal -0.000055 0.000000 1.000000
outer loop
vertex -744.082520 141.941895 4320.000000
vertex -756.005188 47.564331 4320.000000
vertex -756.005188 -47.563339 4320.000000
endloop
endfacet
facet normal -0.000055 0.000000 1.000000
outer loop
vertex -756.005188 -47.563339 4320.000000
vertex -744.082458 -141.940903 4320.000000
vertex -720.425171 -234.079956 4320.000000
endloop
endfacet
facet normal 0.000000 0.000000 1.000000
outer loop
vertex -720.425171 -234.079956 4320.000000
vertex -685.406311 -322.527344 4320.000000
vertex -639.578186 -405.888306 4320.000000
endloop
endfacet
facet normal 0.000000 0.000000 1.000000
outer loop
vertex -639.578186 -405.888306 4320.000000
vertex -583.663513 -482.848206 4320.000000
vertex -518.544128 -552.193237 4320.000000
endloop
endfacet
facet normal 0.000028 0.000000 1.000000
outer loop
vertex -518.544128 -552.193237 4320.000000
vertex -445.246979 -612.829834 4320.000000
vertex -364.927979 -663.801697 4320.000000
endloop
endfacet
facet normal 0.000000 0.000000 1.000000
outer loop
vertex -364.927979 -663.801697 4320.000000
vertex -278.853882 -704.305054 4320.000000
vertex -188.382050 -733.701111 4320.000000
endloop
endfacet
facet normal -0.000007 0.000000 1.000000
outer loop
vertex -188.382050 -733.701111 4320.000000
vertex -94.939354 -751.526184 4320.000000
vertex 0.000608 -757.499207 4320.000000
endloop
endfacet
facet normal 0.000000 0.000000 1.000000
outer loop
vertex 0.000608 -757.499207 4320.000000
vertex 94.940559 -751.526062 4320.000000
vertex 188.383255 -733.700806 4320.000000
endloop
endfacet
facet normal 0.000000 0.000000 1.000000
outer loop
vertex 188.383255 -733.700806 4320.000000
vertex 278.855011 -704.304626 4320.000000
vertex 364.929047 -663.801147 4320.000000
endloop
endfacet
facet normal 0.000028 0.000000 1.000000
outer loop
vertex 364.929047 -663.801147 4320.000000
vertex 445.247986 -612.829102 4320.000000
vertex 518.544983 -552.192383 4320.000000
endloop
endfacet
facet normal -0.000055 0.000000 1.000000
outer loop
vertex 518.544983 -552.192383 4320.000000
vertex 583.664368 -482.847260 4320.000000
vertex 639.578918 -405.887299 4320.000000
endloop
endfacet
facet normal 0.000000 0.000000 1.000000
outer loop
vertex 639.578918 -405.887299 4320.000000
vertex 685.406921 -322.526245 4320.000000
vertex 720.425537 -234.078720 4320.000000
endloop
endfacet
facet normal 0.000055 0.000000 1.000000
outer loop
vertex 720.425537 -234.078720 4320.000000
vertex 744.082764 -141.939621 4320.000000
vertex 756.005188 -47.562038 4320.000000
endloop
endfacet
facet normal 0.000055 0.000000 1.000000
outer loop
vertex 756.005188 -47.562038 4320.000000
vertex 756.005127 47.565632 4320.000000
vertex 744.082336 141.943161 4320.000000
endloop
endfacet
facet normal 0.000000 0.000000 1.000000
outer loop
vertex 744.082336 141.943161 4320.000000
vertex 720.424866 234.082199 4320.000000
vertex 685.405884 322.529602 4320.000000
endloop
endfacet
facet normal 0.000055 0.000000 1.000000
outer loop
vertex 685.405884 322.529602 4320.000000
vertex 639.577698 405.890564 4320.000000
vertex 583.662903 482.850372 4320.000000
endloop
endfacet
facet normal 0.000028 0.000000 1.000000
outer loop
vertex 583.662903 482.850372 4320.000000
vertex 518.543396 552.195374 4320.000000
vertex 445.246155 612.831909 4320.000000
endloop
endfacet
facet normal 0.000000 0.000000 1.000000
outer loop
vertex 445.246155 612.831909 4320.000000
vertex 364.927155 663.803711 4320.000000
vertex 278.852966 704.306885 4320.000000
endloop
endfacet
facet normal 0.000028 0.000000 1.000000
outer loop
vertex 278.852966 704.306885 4320.000000
vertex 188.381119 733.702759 4320.000000
vertex 94.938400 751.527832 4320.000000
endloop
endfacet
facet normal 0.000003 0.000000 1.000000
outer loop
vertex 94.938400 751.527832 4320.000000
vertex -94.939919 751.527588 4320.000000
vertex -278.854370 704.306396 4320.000000
endloop
endfacet
facet normal 0.000000 0.000000 1.000000
outer loop
vertex -278.854370 704.306396 4320.000000
vertex -445.247314 612.831055 4320.000000
vertex -583.663757 482.849365 4320.000000
endloop
endfacet
facet normal 0.000000 0.000000 1.000000
outer loop
vertex -583.663757 482.849365 4320.000000
vertex -685.406494 322.528442 4320.000000
vertex -744.082520 141.941895 4320.000000
endloop
endfacet
facet normal 0.000014 0.000000 1.000000
outer loop
vertex -744.082520 141.941895 4320.000000
vertex -756.005188 -47.563339 4320.000000
vertex -720.425171 -234.079956 4320.000000
endloop
endfacet
facet normal 0.000000 0.000000 1.000000
outer loop
vertex -720.425171 -234.079956 4320.000000
vertex -639.578186 -405.888306 4320.000000
vertex -518.544128 -552.193237 4320.000000
endloop
endfacet
facet normal 0.000000 0.000000 1.000000
outer loop
vertex -518.544128 -552.193237 4320.000000
vertex -364.927979 -663.801697 4320.000000
vertex -188.382050 -733.701111 4320.000000
endloop
endfacet
facet normal 0.000000 0.000000 1.000000
outer loop
vertex -188.382050 -733.701111 4320.000000
vertex 0.000608 -757.499207 4320.000000
vertex 188.383255 -733.700806 4320.000000
endloop
endfacet
facet normal -0.000007 0.000000 1.000000
outer loop
vertex 188.383255 -733.700806 4320.000000
vertex 364.929047 -663.801147 4320.000000
vertex 518.544983 -552.192383 4320.000000
endloop
endfacet
facet normal 0.000000 0.000000 1.000000
outer loop
vertex 518.544983 -552.192383 4320.000000
vertex 639.578918 -405.887299 4320.000000
vertex 720.425537 -234.078720 4320.000000
endloop
endfacet
facet normal -0.000014 0.000000 1.000000
outer loop
vertex 720.425537 -234.078720 4320.000000
vertex 756.005188 -47.562038 4320.000000
vertex 744.082336 141.943161 4320.000000
endloop
endfacet
facet normal 0.000014 0.000000 1.000000
outer loop
vertex 744.082336 141.943161 4320.000000
vertex 685.405884 322.529602 4320.000000
vertex 583.662903 482.850372 4320.000000
endloop
endfacet
facet normal -0.000007 0.000000 1.000000
outer loop
vertex 583.662903 482.850372 4320.000000
vertex 445.246155 612.831909 4320.000000
vertex 278.852966 704.306885 4320.000000
endloop
endfacet
facet normal -0.000001 0.000000 1.000000
outer loop
vertex 278.852966 704.306885 4320.000000
vertex 94.938400 751.527832 4320.000000
vertex -278.854370 704.306396 4320.000000
endloop
endfacet
facet normal -0.000004 0.000000 1.000000
outer loop
vertex -278.854370 704.306396 4320.000000
vertex -583.663757 482.849365 4320.000000
vertex -744.082520 141.941895 4320.000000
endloop
endfacet
facet normal 0.000000 0.000000 1.000000
outer loop
vertex -744.082520 141.941895 4320.000000
vertex -720.425171 -234.079956 4320.000000
vertex -518.544128 -552.193237 4320.000000
endloop
endfacet
facet normal -0.000000 0.000000 1.000000
outer loop
vertex -518.544128 -552.193237 4320.000000
vertex -188.382050 -733.701111 4320.000000
vertex 188.383255 -733.700806 4320.000000
endloop
endfacet
facet normal -0.000004 0.000000 1.000000
outer loop
vertex 188.383255 -733.700806 4320.000000
vertex 518.544983 -552.192383 4320.000000
vertex 720.425537 -234.078720 4320.000000
endloop
endfacet
facet normal -0.000007 0.000000 1.000000
outer loop
vertex 720.425537 -234.078720 4320.000000
vertex 744.082336 141.943161 4320.000000
vertex 583.662903 482.850372 4320.000000
endloop
endfacet
facet normal -0.000000 0.000000 1.000000
outer loop
vertex 583.662903 482.850372 4320.000000
vertex 278.852966 704.306885 4320.000000
vertex -278.854370 704.306396 4320.000000
endloop
endfacet
facet normal 0.000000 0.000000 1.000000
outer loop
vertex -278.854370 704.306396 4320.000000
vertex -744.082520 141.941895 4320.000000
vertex -518.544128 -552.193237 4320.000000
endloop
endfacet
facet normal 0.000000 0.000000 1.000000
outer loop
vertex -518.544128 -552.193237 4320.000000
vertex 188.383255 -733.700806 4320.000000
vertex 720.425537 -234.078720 4320.000000
endloop
endfacet
facet normal 0.000001 0.000000 1.000000
outer loop
vertex 720.425537 -234.078720 4320.000000
vertex 583.662903 482.850372 4320.000000
vertex -278.854370 704.306396 4320.000000
endloop
endfacet
facet normal 0.000000 0.000000 1.000000
outer loop
vertex -278.854370 704.306396 4320.000000
vertex -518.544128 -552.193237 4320.000000
vertex 720.425537 -234.078720 4320.000000
endloop
endfacet
facet normal 0.187382 -0.982287 0.000000
outer loop
vertex 94.940559 -751.526794 0.000122
vertex 188.383255 -733.701538 0.000120
vertex 188.383255 -733.701477 540.000122
endloop
endfacet
facet normal 0.187382 -0.982287 0.000000
outer loop
vertex 94.940559 -751.526794 0.000122
vertex 188.383255 -733.701477 540.000122
vertex 94.940559 -751.526733 540.000122
endloop
endfacet
facet normal -0.992115 -0.125334 0.000000
outer loop
vertex -756.005188 -47.564045 0.000008
vertex -744.082458 -141.941605 0.000023
vertex -744.082458 -141.941513 540.000000
endloop
endfacet
facet normal -0.992114 -0.125335 0.000000
outer loop
vertex -756.005188 -47.564045 0.000008
vertex -744.082458 -141.941513 540.000000
vertex -756.005188 -47.563957 540.000000
endloop
endfacet
facet normal 0.929776 0.368126 -0.000000
outer loop
vertex 720.424866 234.081497 -0.000038
vertex 685.405884 322.528900 -0.000053
vertex 685.405884 322.528992 539.999939
endloop
endfacet
facet normal 0.929776 0.368126 -0.000000
outer loop
vertex 720.424866 234.081497 -0.000038
vertex 685.405884 322.528992 539.999939
vertex 720.424866 234.081589 539.999939
endloop
endfacet
facet normal -0.062790 0.998027 0.000000
outer loop
vertex 0.000000 757.499939 -0.000123
vertex -94.939919 751.526855 -0.000122
vertex -94.939919 751.526917 539.999878
endloop
endfacet
facet normal -0.062790 0.998027 0.000000
outer loop
vertex 0.000000 757.499939 -0.000123
vertex -94.939919 751.526917 539.999878
vertex 0.000000 757.500000 539.999878
endloop
endfacet
facet normal 0.309018 -0.951056 0.000000
outer loop
vertex 188.383255 -733.701538 0.000120
vertex 278.855011 -704.305359 0.000115
vertex 278.855011 -704.305298 540.000122
endloop
endfacet
facet normal 0.309018 -0.951056 0.000000
outer loop
vertex 188.383255 -733.701538 0.000120
vertex 278.855011 -704.305298 540.000122
vertex 188.383255 -733.701477 540.000122
endloop
endfacet
facet normal -0.968583 -0.248691 0.000000
outer loop
vertex -744.082458 -141.941605 0.000023
vertex -720.425171 -234.080658 0.000038
vertex -720.425171 -234.080566 540.000061
endloop
endfacet
facet normal -0.968583 -0.248690 0.000000
outer loop
vertex -744.082458 -141.941605 0.000023
vertex -720.425171 -234.080566 540.000061
vertex -744.082458 -141.941513 540.000000
endloop
endfacet
facet normal 0.876306 0.481755 -0.000000
outer loop
vertex 685.405884 322.528900 -0.000053
vertex 639.577698 405.889862 -0.000066
vertex 639.577698 405.889954 539.999939
endloop
endfacet
facet normal 0.876306 0.481754 -0.000000
outer loop
vertex 685.405884 322.528900 -0.000053
vertex 639.577698 405.889954 539.999939
vertex 685.405884 322.528992 539.999939
endloop
endfacet
facet normal -0.187382 0.982287 0.000000
outer loop
vertex -94.939919 751.526855 -0.000122
vertex -188.382584 733.701660 -0.000120
vertex -188.382584 733.701721 539.999878
endloop
endfacet
facet normal -0.187382 0.982287 -0.000000
outer loop
vertex -94.939919 751.526855 -0.000122
vertex -188.382584 733.701721 539.999878
vertex -94.939919 751.526917 539.999878
endloop
endfacet
facet normal 0.425780 -0.904827 0.000000
outer loop
vertex 278.855011 -704.305359 0.000115
vertex 364.929047 -663.801880 0.000108
vertex 364.929047 -663.801819 540.000122
endloop
endfacet
facet normal 0.425780 -0.904827 0.000000
outer loop
vertex 278.855011 -704.305359 0.000115
vertex 364.929047 -663.801819 540.000122
vertex 278.855011 -704.305298 540.000122
endloop
endfacet
facet normal -0.929776 -0.368126 0.000000
outer loop
vertex -720.425171 -234.080658 0.000038
vertex -685.406311 -322.528046 0.000053
vertex -685.406311 -322.527954 540.000061
endloop
endfacet
facet normal -0.929777 -0.368124 0.000000
outer loop
vertex -720.425171 -234.080658 0.000038
vertex -685.406311 -322.527954 540.000061
vertex -720.425171 -234.080566 540.000061
endloop
endfacet
facet normal 0.809016 0.587787 -0.000000
outer loop
vertex 639.577698 405.889862 -0.000066
vertex 583.662903 482.849670 -0.000079
vertex 583.662903 482.849762 539.999939
endloop
endfacet
facet normal 0.809016 0.587787 -0.000000
outer loop
vertex 639.577698 405.889862 -0.000066
vertex 583.662903 482.849762 539.999939
vertex 639.577698 405.889954 539.999939
endloop
endfacet
facet normal -0.309016 0.951057 0.000000
outer loop
vertex -188.382584 733.701660 -0.000120
vertex -278.854370 704.305664 -0.000115
vertex -278.854370 704.305725 539.999878
endloop
endfacet
facet normal -0.309016 0.951057 -0.000000
outer loop
vertex -188.382584 733.701660 -0.000120
vertex -278.854370 704.305725 539.999878
vertex -188.382584 733.701721 539.999878
endloop
endfacet
facet normal 0.535828 -0.844327 0.000000
outer loop
vertex 364.929047 -663.801880 0.000108
vertex 445.247986 -612.829834 0.000100
vertex 445.247986 -612.829773 540.000122
endloop
endfacet
facet normal 0.535828 -0.844327 0.000000
outer loop
vertex 364.929047 -663.801880 0.000108
vertex 445.247986 -612.829773 540.000122
vertex 364.929047 -663.801819 540.000122
endloop
endfacet
facet normal -0.876306 -0.481754 0.000000
outer loop
vertex -685.406311 -322.528046 0.000053
vertex -639.578186 -405.889008 0.000066
vertex -639.578186 -405.888916 540.000061
endloop
endfacet
facet normal -0.876306 -0.481754 0.000000
outer loop
vertex -685.406311 -322.528046 0.000053
vertex -639.578186 -405.888916 540.000061
vertex -685.406311 -322.527954 540.000061
endloop
endfacet
facet normal 0.728968 0.684548 -0.000000
outer loop
vertex 583.662903 482.849670 -0.000079
vertex 518.543396 552.194641 -0.000090
vertex 518.543396 552.194702 539.999939
endloop
endfacet
facet normal 0.728967 0.684549 0.000000
outer loop
vertex 583.662903 482.849670 -0.000079
vertex 518.543396 552.194702 539.999939
vertex 583.662903 482.849762 539.999939
endloop
endfacet
facet normal -0.425780 0.904827 0.000000
outer loop
vertex -278.854370 704.305664 -0.000115
vertex -364.928406 663.802246 -0.000108
vertex -364.928406 663.802307 539.999878
endloop
endfacet
facet normal -0.425780 0.904827 -0.000000
outer loop
vertex -278.854370 704.305664 -0.000115
vertex -364.928406 663.802307 539.999878
vertex -278.854370 704.305725 539.999878
endloop
endfacet
facet normal 0.637425 -0.770513 0.000000
outer loop
vertex 445.247986 -612.829834 0.000100
vertex 518.544983 -552.193115 0.000090
vertex 518.544983 -552.193054 540.000061
endloop
endfacet
facet normal 0.637425 -0.770513 0.000000
outer loop
vertex 445.247986 -612.829834 0.000100
vertex 518.544983 -552.193054 540.000061
vertex 445.247986 -612.829773 540.000122
endloop
endfacet
facet normal -0.809017 -0.587785 0.000000
outer loop
vertex -639.578186 -405.889008 0.000066
vertex -583.663513 -482.848907 0.000079
vertex -583.663513 -482.848816 540.000061
endloop
endfacet
facet normal -0.809017 -0.587786 0.000000
outer loop
vertex -639.578186 -405.889008 0.000066
vertex -583.663513 -482.848816 540.000061
vertex -639.578186 -405.888916 540.000061
endloop
endfacet
facet normal 0.637423 0.770514 0.000000
outer loop
vertex 518.543396 552.194641 -0.000090
vertex 445.246155 612.831177 -0.000100
vertex 445.246155 612.831238 539.999878
endloop
endfacet
facet normal 0.637423 0.770514 0.000000
outer loop
vertex 518.543396 552.194641 -0.000090
vertex 445.246155 612.831238 539.999878
vertex 518.543396 552.194702 539.999939
endloop
endfacet
facet normal -0.535827 0.844328 0.000000
outer loop
vertex -364.928406 663.802246 -0.000108
vertex -445.247314 612.830322 -0.000100
vertex -445.247314 612.830383 539.999878
endloop
endfacet
facet normal -0.535827 0.844328 -0.000000
outer loop
vertex -364.928406 663.802246 -0.000108
vertex -445.247314 612.830383 539.999878
vertex -364.928406 663.802307 539.999878
endloop
endfacet
facet normal 0.728969 -0.684547 0.000000
outer loop
vertex 518.544983 -552.193115 0.000090
vertex 583.664368 -482.847961 0.000079
vertex 583.664368 -482.847870 540.000061
endloop
endfacet
facet normal 0.728969 -0.684547 0.000000
outer loop
vertex 518.544983 -552.193115 0.000090
vertex 583.664368 -482.847870 540.000061
vertex 518.544983 -552.193054 540.000061
endloop
endfacet
facet normal -0.728969 -0.684547 0.000000
outer loop
vertex -583.663513 -482.848907 0.000079
vertex -518.544128 -552.193970 0.000090
vertex -518.544128 -552.193909 540.000061
endloop
endfacet
facet normal -0.728968 -0.684547 0.000000
outer loop
vertex -583.663513 -482.848907 0.000079
vertex -518.544128 -552.193909 540.000061
vertex -583.663513 -482.848816 540.000061
endloop
endfacet
facet normal 0.535825 0.844329 -0.000000
outer loop
vertex 445.246155 612.831177 -0.000100
vertex 364.927155 663.802979 -0.000108
vertex 364.927155 663.803040 539.999878
endloop
endfacet
facet normal 0.535826 0.844329 0.000000
outer loop
vertex 445.246155 612.831177 -0.000100
vertex 364.927155 663.803040 539.999878
vertex 445.246155 612.831238 539.999878
endloop
endfacet
facet normal -0.637424 0.770513 -0.000000
outer loop
vertex -445.247314 612.830322 -0.000100
vertex -518.544434 552.193726 -0.000090
vertex -518.544434 552.193787 539.999939
endloop
endfacet
facet normal -0.637424 0.770514 0.000000
outer loop
vertex -445.247314 612.830322 -0.000100
vertex -518.544434 552.193787 539.999939
vertex -445.247314 612.830383 539.999878
endloop
endfacet
facet normal 0.809017 -0.587785 0.000000
outer loop
vertex 583.664368 -482.847961 0.000079
vertex 639.578918 -405.888000 0.000066
vertex 639.578918 -405.887909 540.000061
endloop
endfacet
facet normal 0.809018 -0.587785 0.000000
outer loop
vertex 583.664368 -482.847961 0.000079
vertex 639.578918 -405.887909 540.000061
vertex 583.664368 -482.847870 540.000061
endloop
endfacet
facet normal -0.637423 -0.770514 0.000000
outer loop
vertex -518.544128 -552.193970 0.000090
vertex -445.246979 -612.830566 0.000100
vertex -445.246979 -612.830505 540.000122
endloop
endfacet
facet normal -0.637424 -0.770514 0.000000
outer loop
vertex -518.544128 -552.193970 0.000090
vertex -445.246979 -612.830505 540.000122
vertex -518.544128 -552.193909 540.000061
endloop
endfacet
facet normal 0.425777 0.904828 0.000000
outer loop
vertex 364.927155 663.802979 -0.000108
vertex 278.852966 704.306152 -0.000115
vertex 278.852966 704.306213 539.999878
endloop
endfacet
facet normal 0.425777 0.904828 -0.000000
outer loop
vertex 364.927155 663.802979 -0.000108
vertex 278.852966 704.306213 539.999878
vertex 364.927155 663.803040 539.999878
endloop
endfacet
facet normal -0.728969 0.684547 -0.000000
outer loop
vertex -518.544434 552.193726 -0.000090
vertex -583.663757 482.848663 -0.000079
vertex -583.663757 482.848755 539.999939
endloop
endfacet
facet normal -0.728969 0.684547 0.000000
outer loop
vertex -518.544434 552.193726 -0.000090
vertex -583.663757 482.848755 539.999939
vertex -518.544434 552.193787 539.999939
endloop
endfacet
facet normal 0.876307 -0.481753 0.000000
outer loop
vertex 639.578918 -405.888000 0.000066
vertex 685.406921 -322.526947 0.000053
vertex 685.406921 -322.526855 540.000061
endloop
endfacet
facet normal 0.876307 -0.481753 0.000000
outer loop
vertex 639.578918 -405.888000 0.000066
vertex 685.406921 -322.526855 540.000061
vertex 639.578918 -405.887909 540.000061
endloop
endfacet
facet normal -0.535826 -0.844329 0.000000
outer loop
vertex -445.246979 -612.830566 0.000100
vertex -364.927979 -663.802429 0.000108
vertex -364.927979 -663.802368 540.000122
endloop
endfacet
facet normal -0.535826 -0.844329 0.000000
outer loop
vertex -445.246979 -612.830566 0.000100
vertex -364.927979 -663.802368 540.000122
vertex -445.246979 -612.830505 540.000122
endloop
endfacet
facet normal 0.309015 0.951057 -0.000000
outer loop
vertex 278.852966 704.306152 -0.000115
vertex 188.381119 733.702026 -0.000120
vertex 188.381119 733.702087 539.999878
endloop
endfacet
facet normal 0.309015 0.951057 0.000000
outer loop
vertex 278.852966 704.306152 -0.000115
vertex 188.381119 733.702087 539.999878
vertex 278.852966 704.306213 539.999878
endloop
endfacet
facet normal -0.809017 0.587785 0.000000
outer loop
vertex -583.663757 482.848663 -0.000079
vertex -639.578369 405.888733 -0.000066
vertex -639.578369 405.888824 539.999939
endloop
endfacet
facet normal -0.809017 0.587785 -0.000000
outer loop
vertex -583.663757 482.848663 -0.000079
vertex -639.578369 405.888824 539.999939
vertex -583.663757 482.848755 539.999939
endloop
endfacet
facet normal 0.929778 -0.368122 0.000000
outer loop
vertex 685.406921 -322.526947 0.000053
vertex 720.425537 -234.079422 0.000038
vertex 720.425537 -234.079330 540.000061
endloop
endfacet
facet normal 0.929777 -0.368123 0.000000
outer loop
vertex 685.406921 -322.526947 0.000053
vertex 720.425537 -234.079330 540.000061
vertex 685.406921 -322.526855 540.000061
endloop
endfacet
facet normal -0.425779 -0.904827 0.000000
outer loop
vertex -364.927979 -663.802429 0.000108
vertex -278.853882 -704.305786 0.000115
vertex -278.853882 -704.305725 540.000122
endloop
endfacet
facet normal -0.425779 -0.904827 0.000000
outer loop
vertex -364.927979 -663.802429 0.000108
vertex -278.853882 -704.305725 540.000122
vertex -364.927979 -663.802368 540.000122
endloop
endfacet
facet normal 0.187380 0.982287 -0.000000
outer loop
vertex 188.381119 733.702026 -0.000120
vertex 94.938400 751.527100 -0.000122
vertex 94.938400 751.527161 539.999878
endloop
endfacet
facet normal 0.187381 0.982287 0.000000
outer loop
vertex 188.381119 733.702026 -0.000120
vertex 94.938400 751.527161 539.999878
vertex 188.381119 733.702087 539.999878
endloop
endfacet
facet normal -0.876307 0.481754 -0.000000
outer loop
vertex -639.578369 405.888733 -0.000066
vertex -685.406494 322.527740 -0.000053
vertex -685.406494 322.527832 539.999939
endloop
endfacet
facet normal -0.876306 0.481754 -0.000000
outer loop
vertex -639.578369 405.888733 -0.000066
vertex -685.406494 322.527832 539.999939
vertex -639.578369 405.888824 539.999939
endloop
endfacet
facet normal 0.968583 -0.248691 0.000000
outer loop
vertex 720.425537 -234.079422 0.000038
vertex 744.082764 -141.940323 0.000023
vertex 744.082764 -141.940231 540.000000
endloop
endfacet
facet normal 0.968583 -0.248689 0.000000
outer loop
vertex 720.425537 -234.079422 0.000038
vertex 744.082764 -141.940231 540.000000
vertex 720.425537 -234.079330 540.000061
endloop
endfacet
facet normal -0.309017 -0.951057 0.000000
outer loop
vertex -278.853882 -704.305786 0.000115
vertex -188.382050 -733.701843 0.000120
vertex -188.382050 -733.701782 540.000122
endloop
endfacet
facet normal -0.309017 -0.951057 0.000000
outer loop
vertex -278.853882 -704.305786 0.000115
vertex -188.382050 -733.701782 540.000122
vertex -278.853882 -704.305725 540.000122
endloop
endfacet
facet normal 0.062789 0.998027 0.000000
outer loop
vertex 94.938400 751.527100 -0.000122
vertex 0.000000 757.499939 -0.000123
vertex 0.000000 757.500000 539.999878
endloop
endfacet
facet normal 0.062789 0.998027 0.000000
outer loop
vertex 94.938400 751.527100 -0.000122
vertex 0.000000 757.500000 539.999878
vertex 94.938400 751.527161 539.999878
endloop
endfacet
facet normal -0.929777 0.368124 -0.000000
outer loop
vertex -685.406494 322.527740 -0.000053
vertex -720.425293 234.080261 -0.000038
vertex -720.425293 234.080353 539.999939
endloop
endfacet
facet normal -0.929776 0.368125 -0.000000
outer loop
vertex -685.406494 322.527740 -0.000053
vertex -720.425293 234.080353 539.999939
vertex -685.406494 322.527832 539.999939
endloop
endfacet
facet normal 0.992115 -0.125332 0.000000
outer loop
vertex 744.082764 -141.940323 0.000023
vertex 756.005188 -47.562744 0.000008
vertex 756.005188 -47.562656 540.000000
endloop
endfacet
facet normal 0.992115 -0.125330 0.000000
outer loop
vertex 744.082764 -141.940323 0.000023
vertex 756.005188 -47.562656 540.000000
vertex 744.082764 -141.940231 540.000000
endloop
endfacet
facet normal -0.187381 -0.982287 0.000000
outer loop
vertex -188.382050 -733.701843 0.000120
vertex -94.939354 -751.526917 0.000122
vertex -94.939354 -751.526855 540.000122
endloop
endfacet
facet normal -0.187381 -0.982287 0.000000
outer loop
vertex -188.382050 -733.701843 0.000120
vertex -94.939354 -751.526855 540.000122
vertex -188.382050 -733.701782 540.000122
endloop
endfacet
facet normal -0.968584 0.248688 -0.000000
outer loop
vertex -720.425293 234.080261 -0.000038
vertex -744.082520 141.941193 -0.000023
vertex -744.082520 141.941284 540.000000
endloop
endfacet
facet normal -0.968583 0.248689 -0.000000
outer loop
vertex -720.425293 234.080261 -0.000038
vertex -744.082520 141.941284 540.000000
vertex -720.425293 234.080353 539.999939
endloop
endfacet
facet normal 1.000000 0.000000 -0.000000
outer loop
vertex 756.005188 -47.562744 0.000008
vertex 756.005127 47.564926 -0.000008
vertex 756.005127 47.565014 540.000000
endloop
endfacet
facet normal 1.000000 0.000001 -0.000000
outer loop
vertex 756.005188 -47.562744 0.000008
vertex 756.005127 47.565014 540.000000
vertex 756.005188 -47.562656 540.000000
endloop
endfacet
facet normal -0.062790 -0.998027 0.000000
outer loop
vertex -94.939354 -751.526917 0.000122
vertex 0.000608 -757.499939 0.000123
vertex 0.000608 -757.499878 540.000122
endloop
endfacet
facet normal -0.062790 -0.998027 0.000000
outer loop
vertex -94.939354 -751.526917 0.000122
vertex 0.000608 -757.499878 540.000122
vertex -94.939354 -751.526855 540.000122
endloop
endfacet
facet normal -0.992115 0.125335 -0.000000
outer loop
vertex -744.082520 141.941193 -0.000023
vertex -756.005188 47.563625 -0.000008
vertex -756.005188 47.563713 540.000000
endloop
endfacet
facet normal -0.992115 0.125332 -0.000000
outer loop
vertex -744.082520 141.941193 -0.000023
vertex -756.005188 47.563713 540.000000
vertex -744.082520 141.941284 540.000000
endloop
endfacet
facet normal 0.992115 0.125334 -0.000000
outer loop
vertex 756.005127 47.564926 -0.000008
vertex 744.082336 141.942459 -0.000023
vertex 744.082336 141.942551 540.000000
endloop
endfacet
facet normal 0.992114 0.125336 -0.000000
outer loop
vertex 756.005127 47.564926 -0.000008
vertex 744.082336 141.942551 540.000000
vertex 756.005127 47.565014 540.000000
endloop
endfacet
facet normal 0.062791 -0.998027 0.000000
outer loop
vertex 0.000608 -757.499939 0.000123
vertex 94.940559 -751.526794 0.000122
vertex 94.940559 -751.526733 540.000122
endloop
endfacet
facet normal 0.062791 -0.998027 0.000000
outer loop
vertex 0.000608 -757.499939 0.000123
vertex 94.940559 -751.526733 540.000122
vertex 0.000608 -757.499878 540.000122
endloop
endfacet
facet normal -1.000000 0.000000 0.000000
outer loop
vertex -756.005188 47.563625 -0.000008
vertex -756.005188 -47.564045 0.000008
vertex -756.005188 -47.563957 540.000000
endloop
endfacet
facet normal -1.000000 0.000000 0.000000
outer loop
vertex -756.005188 47.563625 -0.000008
vertex -756.005188 -47.563957 540.000000
vertex -756.005188 47.563713 540.000000
endloop
endfacet
facet normal 0.968583 0.248690 -0.000000
outer loop
vertex 744.082336 141.942459 -0.000023
vertex 720.424866 234.081497 -0.000038
vertex 720.424866 234.081589 539.999939
endloop
endfacet
facet normal 0.968583 0.248692 -0.000000
outer loop
vertex 744.082336 141.942459 -0.000023
vertex 720.424866 234.081589 539.999939
vertex 744.082336 141.942551 540.000000
endloop
endfacet
facet normal -0.876306 -0.481754 0.000000
outer loop
vertex -685.406311 -322.527954 540.000061
vertex -639.578186 -405.888916 540.000061
vertex -639.578186 -405.888824 1080.000122
endloop
endfacet
facet normal -0.876306 -0.481755 0.000000
outer loop
vertex -685.406311 -322.527954 540.000061
vertex -639.578186 -405.888824 1080.000122
vertex -685.406311 -322.527863 1080.000000
endloop
endfacet
facet normal 0.728967 0.684548 -0.000000
outer loop
vertex 583.662903 482.849762 539.999939
vertex 518.543396 552.194702 539.999939
vertex 518.543396 552.194824 1079.999878
endloop
endfacet
facet normal 0.728967 0.684549 -0.000000
outer loop
vertex 583.662903 482.849762 539.999939
vertex 518.543396 552.194824 1079.999878
vertex 583.662903 482.849854 1079.999878
endloop
endfacet
facet normal -0.425780 0.904827 -0.000000
outer loop
vertex -278.854370 704.305725 539.999878
vertex -364.928406 663.802307 539.999878
vertex -364.928406 663.802429 1079.999878
endloop
endfacet
facet normal -0.425780 0.904827 -0.000000
outer loop
vertex -278.854370 704.305725 539.999878
vertex -364.928406 663.802429 1079.999878
vertex -278.854370 704.305847 1079.999878
endloop
endfacet
facet normal 0.637425 -0.770512 0.000000
outer loop
vertex 445.247986 -612.829773 540.000122
vertex 518.544983 -552.193054 540.000061
vertex 518.544983 -552.192932 1080.000122
endloop
endfacet
facet normal 0.637425 -0.770512 0.000000
outer loop
vertex 445.247986 -612.829773 540.000122
vertex 518.544983 -552.192932 1080.000122
vertex 445.247986 -612.829651 1080.000122
endloop
endfacet
facet normal -0.809017 -0.587785 0.000000
outer loop
vertex -639.578186 -405.888916 540.000061
vertex -583.663513 -482.848816 540.000061
vertex -583.663513 -482.848724 1080.000122
endloop
endfacet
facet normal -0.809017 -0.587786 0.000000
outer loop
vertex -639.578186 -405.888916 540.000061
vertex -583.663513 -482.848724 1080.000122
vertex -639.578186 -405.888824 1080.000122
endloop
endfacet
facet normal 0.637422 0.770515 -0.000000
outer loop
vertex 518.543396 552.194702 539.999939
vertex 445.246155 612.831238 539.999878
vertex 445.246155 612.831360 1079.999878
endloop
endfacet
facet normal 0.637423 0.770514 0.000000
outer loop
vertex 518.543396 552.194702 539.999939
vertex 445.246155 612.831360 1079.999878
vertex 518.543396 552.194824 1079.999878
endloop
endfacet
facet normal -0.535827 0.844328 -0.000000
outer loop
vertex -364.928406 663.802307 539.999878
vertex -445.247314 612.830383 539.999878
vertex -445.247314 612.830505 1079.999878
endloop
endfacet
facet normal -0.535827 0.844328 -0.000000
outer loop
vertex -364.928406 663.802307 539.999878
vertex -445.247314 612.830505 1079.999878
vertex -364.928406 663.802429 1079.999878
endloop
endfacet
facet normal 0.728969 -0.684546 0.000000
outer loop
vertex 518.544983 -552.193054 540.000061
vertex 583.664368 -482.847870 540.000061
vertex 583.664368 -482.847778 1080.000122
endloop
endfacet
facet normal 0.728969 -0.684547 0.000000
outer loop
vertex 518.544983 -552.193054 540.000061
vertex 583.664368 -482.847778 1080.000122
vertex 518.544983 -552.192932 1080.000122
endloop
endfacet
facet normal -0.728969 -0.684547 0.000000
outer loop
vertex -583.663513 -482.848816 540.000061
vertex -518.544128 -552.193909 540.000061
vertex -518.544128 -552.193787 1080.000122
endloop
endfacet
facet normal -0.728968 -0.684548 0.000000
outer loop
vertex -583.663513 -482.848816 540.000061
vertex -518.544128 -552.193787 1080.000122
vertex -583.663513 -482.848724 1080.000122
endloop
endfacet
facet normal 0.535825 0.844329 -0.000000
outer loop
vertex 445.246155 612.831238 539.999878
vertex 364.927155 663.803040 539.999878
vertex 364.927155 663.803162 1079.999878
endloop
endfacet
facet normal 0.535825 0.844329 -0.000000
outer loop
vertex 445.246155 612.831238 539.999878
vertex 364.927155 663.803162 1079.999878
vertex 445.246155 612.831360 1079.999878
endloop
endfacet
facet normal -0.637423 0.770514 -0.000000
outer loop
vertex -445.247314 612.830383 539.999878
vertex -518.544434 552.193787 539.999939
vertex -518.544434 552.193909 1079.999878
endloop
endfacet
facet normal -0.637424 0.770513 -0.000000
outer loop
vertex -445.247314 612.830383 539.999878
vertex -518.544434 552.193909 1079.999878
vertex -445.247314 612.830505 1079.999878
endloop
endfacet
facet normal 0.809018 -0.587784 0.000000
outer loop
vertex 583.664368 -482.847870 540.000061
vertex 639.578918 -405.887909 540.000061
vertex 639.578918 -405.887817 1080.000122
endloop
endfacet
facet normal 0.809017 -0.587785 0.000000
outer loop
vertex 583.664368 -482.847870 540.000061
vertex 639.578918 -405.887817 1080.000122
vertex 583.664368 -482.847778 1080.000122
endloop
endfacet
facet normal -0.637423 -0.770514 0.000000
outer loop
vertex -518.544128 -552.193909 540.000061
vertex -445.246979 -612.830505 540.000122
vertex -445.246979 -612.830383 1080.000122
endloop
endfacet
facet normal -0.637423 -0.770514 0.000000
outer loop
vertex -518.544128 -552.193909 540.000061
vertex -445.246979 -612.830383 1080.000122
vertex -518.544128 -552.193787 1080.000122
endloop
endfacet
facet normal 0.425777 0.904828 -0.000000
outer loop
vertex 364.927155 663.803040 539.999878
vertex 278.852966 704.306213 539.999878
vertex 278.852966 704.306335 1079.999878
endloop
endfacet
facet normal 0.425777 0.904828 -0.000000
outer loop
vertex 364.927155 663.803040 539.999878
vertex 278.852966 704.306335 1079.999878
vertex 364.927155 663.803162 1079.999878
endloop
endfacet
facet normal -0.728969 0.684547 -0.000000
outer loop
vertex -518.544434 552.193787 539.999939
vertex -583.663757 482.848755 539.999939
vertex -583.663757 482.848846 1079.999878
endloop
endfacet
facet normal -0.728969 0.684547 -0.000000
outer loop
vertex -518.544434 552.193787 539.999939
vertex -583.663757 482.848846 1079.999878
vertex -518.544434 552.193909 1079.999878
endloop
endfacet
facet normal 0.876307 -0.481753 0.000000
outer loop
vertex 639.578918 -405.887909 540.000061
vertex 685.406921 -322.526855 540.000061
vertex 685.406921 -322.526764 1080.000000
endloop
endfacet
facet normal 0.876307 -0.481752 0.000000
outer loop
vertex 639.578918 -405.887909 540.000061
vertex 685.406921 -322.526764 1080.000000
vertex 639.578918 -405.887817 1080.000122
endloop
endfacet
facet normal -0.535826 -0.844329 0.000000
outer loop
vertex -445.246979 -612.830505 540.000122
vertex -364.927979 -663.802368 540.000122
vertex -364.927979 -663.802246 1080.000122
endloop
endfacet
facet normal -0.535826 -0.844329 0.000000
outer loop
vertex -445.246979 -612.830505 540.000122
vertex -364.927979 -663.802246 1080.000122
vertex -445.246979 -612.830383 1080.000122
endloop
endfacet
facet normal 0.309015 0.951057 -0.000000
outer loop
vertex 278.852966 704.306213 539.999878
vertex 188.381119 733.702087 539.999878
vertex 188.381119 733.702209 1079.999878
endloop
endfacet
facet normal 0.309015 0.951057 -0.000000
outer loop
vertex 278.852966 704.306213 539.999878
vertex 188.381119 733.702209 1079.999878
vertex 278.852966 704.306335 1079.999878
endloop
endfacet
facet normal -0.809017 0.587785 -0.000000
outer loop
vertex -583.663757 482.848755 539.999939
vertex -639.578369 405.888824 539.999939
vertex -639.578369 405.888916 1079.999878
endloop
endfacet
facet normal -0.809017 0.587785 -0.000000
outer loop
vertex -583.663757 482.848755 539.999939
vertex -639.578369 405.888916 1079.999878
vertex -583.663757 482.848846 1079.999878
endloop
endfacet
facet normal 0.929778 -0.368122 0.000000
outer loop
vertex 685.406921 -322.526855 540.000061
vertex 720.425537 -234.079330 540.000061
vertex 720.425537 -234.079239 1080.000000
endloop
endfacet
facet normal 0.929777 -0.368124 0.000000
outer loop
vertex 685.406921 -322.526855 540.000061
vertex 720.425537 -234.079239 1080.000000
vertex 685.406921 -322.526764 1080.000000
endloop
endfacet
facet normal -0.425779 -0.904827 0.000000
outer loop
vertex -364.927979 -663.802368 540.000122
vertex -278.853882 -704.305725 540.000122
vertex -278.853882 -704.305603 1080.000122
endloop
endfacet
facet normal -0.425779 -0.904827 0.000000
outer loop
vertex -364.927979 -663.802368 540.000122
vertex -278.853882 -704.305603 1080.000122
vertex -364.927979 -663.802246 1080.000122
endloop
endfacet
facet normal 0.187381 0.982287 -0.000000
outer loop
vertex 188.381119 733.702087 539.999878
vertex 94.938400 751.527161 539.999878
vertex 94.938400 751.527283 1079.999878
endloop
endfacet
facet normal 0.187380 0.982287 0.000000
outer loop
vertex 188.381119 733.702087 539.999878
vertex 94.938400 751.527283 1079.999878
vertex 188.381119 733.702209 1079.999878
endloop
endfacet
facet normal -0.876307 0.481754 -0.000000
outer loop
vertex -639.578369 405.888824 539.999939
vertex -685.406494 322.527832 539.999939
vertex -685.406494 322.527924 1080.000000
endloop
endfacet
facet normal -0.876306 0.481754 -0.000000
outer loop
vertex -639.578369 405.888824 539.999939
vertex -685.406494 322.527924 1080.000000
vertex -639.578369 405.888916 1079.999878
endloop
endfacet
facet normal 0.968583 -0.248690 0.000000
outer loop
vertex 720.425537 -234.079330 540.000061
vertex 744.082764 -141.940231 540.000000
vertex 744.082764 -141.940140 1080.000000
endloop
endfacet
facet normal 0.968583 -0.248689 0.000000
outer loop
vertex 720.425537 -234.079330 540.000061
vertex 744.082764 -141.940140 1080.000000
vertex 720.425537 -234.079239 1080.000000
endloop
endfacet
facet normal -0.309017 -0.951057 0.000000
outer loop
vertex -278.853882 -704.305725 540.000122
vertex -188.382050 -733.701782 540.000122
vertex -188.382050 -733.701660 1080.000122
endloop
endfacet
facet normal -0.309017 -0.951057 0.000000
outer loop
vertex -278.853882 -704.305725 540.000122
vertex -188.382050 -733.701660 1080.000122
vertex -278.853882 -704.305603 1080.000122
endloop
endfacet
facet normal 0.062789 0.998027 -0.000000
outer loop
vertex 94.938400 751.527161 539.999878
vertex 0.000000 757.500000 539.999878
vertex 0.000000 757.500122 1079.999878
endloop
endfacet
facet normal 0.062789 0.998027 0.000000
outer loop
vertex 94.938400 751.527161 539.999878
vertex 0.000000 757.500122 1079.999878
vertex 94.938400 751.527283 1079.999878
endloop
endfacet
facet normal -0.929777 0.368124 -0.000000
outer loop
vertex -685.406494 322.527832 539.999939
vertex -720.425293 234.080353 539.999939
vertex -720.425293 234.080444 1080.000000
endloop
endfacet
facet normal -0.929777 0.368124 -0.000000
outer loop
vertex -685.406494 322.527832 539.999939
vertex -720.425293 234.080444 1080.000000
vertex -685.406494 322.527924 1080.000000
endloop
endfacet
facet normal 0.992115 -0.125332 0.000000
outer loop
vertex 744.082764 -141.940231 540.000000
vertex 756.005188 -47.562656 540.000000
vertex 756.005188 -47.562569 1080.000000
endloop
endfacet
facet normal 0.992115 -0.125330 0.000000
outer loop
vertex 744.082764 -141.940231 540.000000
vertex 756.005188 -47.562569 1080.000000
vertex 744.082764 -141.940140 1080.000000
endloop
endfacet
facet normal -0.187381 -0.982287 0.000000
outer loop
vertex -188.382050 -733.701782 540.000122
vertex -94.939354 -751.526855 540.000122
vertex -94.939354 -751.526733 1080.000122
endloop
endfacet
facet normal -0.187381 -0.982287 0.000000
outer loop
vertex -188.382050 -733.701782 540.000122
vertex -94.939354 -751.526733 1080.000122
vertex -188.382050 -733.701660 1080.000122
endloop
endfacet
facet normal -0.968583 0.248689 -0.000000
outer loop
vertex -720.425293 234.080353 539.999939
vertex -744.082520 141.941284 540.000000
vertex -744.082520 141.941376 1080.000000
endloop
endfacet
facet normal -0.968583 0.248690 -0.000000
outer loop
vertex -720.425293 234.080353 539.999939
vertex -744.082520 141.941376 1080.000000
vertex -720.425293 234.080444 1080.000000
endloop
endfacet
facet normal 1.000000 0.000000 -0.000000
outer loop
vertex 756.005188 -47.562656 540.000000
vertex 756.005127 47.565014 540.000000
vertex 756.005127 47.565102 1080.000000
endloop
endfacet
facet normal 1.000000 0.000001 -0.000000
outer loop
vertex 756.005188 -47.562656 540.000000
vertex 756.005127 47.565102 1080.000000
vertex 756.005188 -47.562569 1080.000000
endloop
endfacet
facet normal -0.062790 -0.998027 0.000000
outer loop
vertex -94.939354 -751.526855 540.000122
vertex 0.000608 -757.499878 540.000122
vertex 0.000608 -757.499756 1080.000122
endloop
endfacet
facet normal -0.062790 -0.998027 0.000000
outer loop
vertex -94.939354 -751.526855 540.000122
vertex 0.000608 -757.499756 1080.000122
vertex -94.939354 -751.526733 1080.000122
endloop
endfacet
facet normal -0.992115 0.125335 -0.000000
outer loop
vertex -744.082520 141.941284 540.000000
vertex -756.005188 47.563713 540.000000
vertex -756.005188 47.563801 1080.000000
endloop
endfacet
facet normal -0.992115 0.125332 -0.000000
outer loop
vertex -744.082520 141.941284 540.000000
vertex -756.005188 47.563801 1080.000000
vertex -744.082520 141.941376 1080.000000
endloop
endfacet
facet normal 0.992115 0.125334 -0.000000
outer loop
vertex 756.005127 47.565014 540.000000
vertex 744.082336 141.942551 540.000000
vertex 744.082336 141.942642 1080.000000
endloop
endfacet
facet normal 0.992114 0.125336 -0.000000
outer loop
vertex 756.005127 47.565014 540.000000
vertex 744.082336 141.942642 1080.000000
vertex 756.005127 47.565102 1080.000000
endloop
endfacet
facet normal 0.062791 -0.998027 0.000000
outer loop
vertex 0.000608 -757.499878 540.000122
vertex 94.940559 -751.526733 540.000122
vertex 94.940559 -751.526611 1080.000122
endloop
endfacet
facet normal 0.062791 -0.998027 0.000000
outer loop
vertex 0.000608 -757.499878 540.000122
vertex 94.940559 -751.526611 1080.000122
vertex 0.000608 -757.499756 1080.000122
endloop
endfacet
facet normal -1.000000 0.000000 0.000000
outer loop
vertex -756.005188 47.563713 540.000000
vertex -756.005188 -47.563957 540.000000
vertex -756.005188 -47.563869 1080.000000
endloop
endfacet
facet normal -1.000000 0.000000 0.000000
outer loop
vertex -756.005188 47.563713 540.000000
vertex -756.005188 -47.563869 1080.000000
vertex -756.005188 47.563801 1080.000000
endloop
endfacet
facet normal 0.968583 0.248691 -0.000000
outer loop
vertex 744.082336 141.942551 540.000000
vertex 720.424866 234.081589 539.999939
vertex 720.424866 234.081680 1080.000000
endloop
endfacet
facet normal 0.968583 0.248692 -0.000000
outer loop
vertex 744.082336 141.942551 540.000000
vertex 720.424866 234.081680 1080.000000
vertex 744.082336 141.942642 1080.000000
endloop
endfacet
facet normal 0.187382 -0.982287 0.000001
outer loop
vertex 94.940559 -751.526733 540.000122
vertex 188.383255 -733.701477 540.000122
vertex 188.383255 -733.701355 1080.000122
endloop
endfacet
facet normal 0.187382 -0.982287 0.000000
outer loop
vertex 94.940559 -751.526733 540.000122
vertex 188.383255 -733.701355 1080.000122
vertex 94.940559 -751.526611 1080.000122
endloop
endfacet
facet normal -0.992115 -0.125334 0.000000
outer loop
vertex -756.005188 -47.563957 540.000000
vertex -744.082458 -141.941513 540.000000
vertex -744.082458 -141.941422 1080.000000
endloop
endfacet
facet normal -0.992114 -0.125335 0.000000
outer loop
vertex -756.005188 -47.563957 540.000000
vertex -744.082458 -141.941422 1080.000000
vertex -756.005188 -47.563869 1080.000000
endloop
endfacet
facet normal 0.929775 0.368127 -0.000000
outer loop
vertex 720.424866 234.081589 539.999939
vertex 685.405884 322.528992 539.999939
vertex 685.405884 322.529083 1080.000000
endloop
endfacet
facet normal 0.929776 0.368125 -0.000000
outer loop
vertex 720.424866 234.081589 539.999939
vertex 685.405884 322.529083 1080.000000
vertex 720.424866 234.081680 1080.000000
endloop
endfacet
facet normal -0.062790 0.998027 -0.000000
outer loop
vertex 0.000000 757.500000 539.999878
vertex -94.939919 751.526917 539.999878
vertex -94.939919 751.527039 1079.999878
endloop
endfacet
facet normal -0.062790 0.998027 0.000000
outer loop
vertex 0.000000 757.500000 539.999878
vertex -94.939919 751.527039 1079.999878
vertex 0.000000 757.500122 1079.999878
endloop
endfacet
facet normal 0.309018 -0.951056 0.000000
outer loop
vertex 188.383255 -733.701477 540.000122
vertex 278.855011 -704.305298 540.000122
vertex 278.855011 -704.305176 1080.000122
endloop
endfacet
facet normal 0.309018 -0.951056 0.000000
outer loop
vertex 188.383255 -733.701477 540.000122
vertex 278.855011 -704.305176 1080.000122
vertex 188.383255 -733.701355 1080.000122
endloop
endfacet
facet normal -0.968583 -0.248689 0.000000
outer loop
vertex -744.082458 -141.941513 540.000000
vertex -720.425171 -234.080566 540.000061
vertex -720.425171 -234.080475 1080.000000
endloop
endfacet
facet normal -0.968583 -0.248691 0.000000
outer loop
vertex -744.082458 -141.941513 540.000000
vertex -720.425171 -234.080475 1080.000000
vertex -744.082458 -141.941422 1080.000000
endloop
endfacet
facet normal 0.876306 0.481755 -0.000000
outer loop
vertex 685.405884 322.528992 539.999939
vertex 639.577698 405.889954 539.999939
vertex 639.577698 405.890045 1079.999878
endloop
endfacet
facet normal 0.876306 0.481754 -0.000000
outer loop
vertex 685.405884 322.528992 539.999939
vertex 639.577698 405.890045 1079.999878
vertex 685.405884 322.529083 1080.000000
endloop
endfacet
facet normal -0.187382 0.982287 -0.000000
outer loop
vertex -94.939919 751.526917 539.999878
vertex -188.382584 733.701721 539.999878
vertex -188.382584 733.701843 1079.999878
endloop
endfacet
facet normal -0.187382 0.982287 -0.000000
outer loop
vertex -94.939919 751.526917 539.999878
vertex -188.382584 733.701843 1079.999878
vertex -94.939919 751.527039 1079.999878
endloop
endfacet
facet normal 0.425780 -0.904827 0.000000
outer loop
vertex 278.855011 -704.305298 540.000122
vertex 364.929047 -663.801819 540.000122
vertex 364.929047 -663.801697 1080.000122
endloop
endfacet
facet normal 0.425780 -0.904827 0.000000
outer loop
vertex 278.855011 -704.305298 540.000122
vertex 364.929047 -663.801697 1080.000122
vertex 278.855011 -704.305176 1080.000122
endloop
endfacet
facet normal -0.929776 -0.368125 0.000000
outer loop
vertex -720.425171 -234.080566 540.000061
vertex -685.406311 -322.527954 540.000061
vertex -685.406311 -322.527863 1080.000000
endloop
endfacet
facet normal -0.929776 -0.368125 0.000000
outer loop
vertex -720.425171 -234.080566 540.000061
vertex -685.406311 -322.527863 1080.000000
vertex -720.425171 -234.080475 1080.000000
endloop
endfacet
facet normal 0.809016 0.587787 -0.000000
outer loop
vertex 639.577698 405.889954 539.999939
vertex 583.662903 482.849762 539.999939
vertex 583.662903 482.849854 1079.999878
endloop
endfacet
facet normal 0.809016 0.587786 -0.000000
outer loop
vertex 639.577698 405.889954 539.999939
vertex 583.662903 482.849854 1079.999878
vertex 639.577698 405.890045 1079.999878
endloop
endfacet
facet normal -0.309016 0.951057 -0.000000
outer loop
vertex -188.382584 733.701721 539.999878
vertex -278.854370 704.305725 539.999878
vertex -278.854370 704.305847 1079.999878
endloop
endfacet
facet normal -0.309016 0.951057 -0.000000
outer loop
vertex -188.382584 733.701721 539.999878
vertex -278.854370 704.305847 1079.999878
vertex -188.382584 733.701843 1079.999878
endloop
endfacet
facet normal 0.535828 -0.844327 0.000000
outer loop
vertex 364.929047 -663.801819 540.000122
vertex 445.247986 -612.829773 540.000122
vertex 445.247986 -612.829651 1080.000122
endloop
endfacet
facet normal 0.535828 -0.844327 0.000000
outer loop
vertex 364.929047 -663.801819 540.000122
vertex 445.247986 -612.829651 1080.000122
vertex 364.929047 -663.801697 1080.000122
endloop
endfacet
facet normal -0.968584 0.248689 -0.000000
outer loop
vertex -720.425293 234.080444 1080.000000
vertex -744.082520 141.941376 1080.000000
vertex -744.082520 141.941452 1620.000000
endloop
endfacet
facet normal -0.968583 0.248690 -0.000000
outer loop
vertex -720.425293 234.080444 1080.000000
vertex -744.082520 141.941452 1620.000000
vertex -720.425293 234.080521 1620.000000
endloop
endfacet
facet normal 1.000000 0.000000 -0.000000
outer loop
vertex 756.005188 -47.562569 1080.000000
vertex 756.005127 47.565102 1080.000000
vertex 756.005127 47.565189 1620.000000
endloop
endfacet
facet normal 1.000000 0.000001 -0.000000
outer loop
vertex 756.005188 -47.562569 1080.000000
vertex 756.005127 47.565189 1620.000000
vertex 756.005188 -47.562481 1620.000000
endloop
endfacet
facet normal -0.062790 -0.998027 0.000000
outer loop
vertex -94.939354 -751.526733 1080.000122
vertex 0.000608 -757.499756 1080.000122
vertex 0.000608 -757.499695 1620.000122
endloop
endfacet
facet normal -0.062790 -0.998027 0.000000
outer loop
vertex -94.939354 -751.526733 1080.000122
vertex 0.000608 -757.499695 1620.000122
vertex -94.939354 -751.526672 1620.000122
endloop
endfacet
facet normal -0.992114 0.125335 -0.000000
outer loop
vertex -744.082520 141.941376 1080.000000
vertex -756.005188 47.563801 1080.000000
vertex -756.005188 47.563889 1620.000000
endloop
endfacet
facet normal -0.992115 0.125332 -0.000000
outer loop
vertex -744.082520 141.941376 1080.000000
vertex -756.005188 47.563889 1620.000000
vertex -744.082520 141.941452 1620.000000
endloop
endfacet
facet normal 0.992115 0.125334 -0.000000
outer loop
vertex 756.005127 47.565102 1080.000000
vertex 744.082336 141.942642 1080.000000
vertex 744.082336 141.942719 1620.000000
endloop
endfacet
facet normal 0.992114 0.125336 -0.000000
outer loop
vertex 756.005127 47.565102 1080.000000
vertex 744.082336 141.942719 1620.000000
vertex 756.005127 47.565189 1620.000000
endloop
endfacet
facet normal 0.062791 -0.998027 0.000000
outer loop
vertex 0.000608 -757.499756 1080.000122
vertex 94.940559 -751.526611 1080.000122
vertex 94.940559 -751.526550 1620.000122
endloop
endfacet
facet normal 0.062791 -0.998027 0.000000
outer loop
vertex 0.000608 -757.499756 1080.000122
vertex 94.940559 -751.526550 1620.000122
vertex 0.000608 -757.499695 1620.000122
endloop
endfacet
facet normal -1.000000 0.000000 0.000000
outer loop
vertex -756.005188 47.563801 1080.000000
vertex -756.005188 -47.563869 1080.000000
vertex -756.005188 -47.563782 1620.000000
endloop
endfacet
facet normal -1.000000 0.000000 0.000000
outer loop
vertex -756.005188 47.563801 1080.000000
vertex -756.005188 -47.563782 1620.000000
vertex -756.005188 47.563889 1620.000000
endloop
endfacet
facet normal 0.968583 0.248691 -0.000000
outer loop
vertex 744.082336 141.942642 1080.000000
vertex 720.424866 234.081680 1080.000000
vertex 720.424866 234.081757 1620.000000
endloop
endfacet
facet normal 0.968583 0.248692 -0.000000
outer loop
vertex 744.082336 141.942642 1080.000000
vertex 720.424866 234.081757 1620.000000
vertex 744.082336 141.942719 1620.000000
endloop
endfacet
facet normal 0.187382 -0.982287 0.000000
outer loop
vertex 94.940559 -751.526611 1080.000122
vertex 188.383255 -733.701355 1080.000122
vertex 188.383255 -733.701294 1620.000122
endloop
endfacet
facet normal 0.187382 -0.982287 0.000000
outer loop
vertex 94.940559 -751.526611 1080.000122
vertex 188.383255 -733.701294 1620.000122
vertex 94.940559 -751.526550 1620.000122
endloop
endfacet
facet normal -0.992115 -0.125334 0.000000
outer loop
vertex -756.005188 -47.563869 1080.000000
vertex -744.082458 -141.941422 1080.000000
vertex -744.082458 -141.941345 1620.000000
endloop
endfacet
facet normal -0.992115 -0.125335 0.000000
outer loop
vertex -756.005188 -47.563869 1080.000000
vertex -744.082458 -141.941345 1620.000000
vertex -756.005188 -47.563782 1620.000000
endloop
endfacet
facet normal 0.929776 0.368126 -0.000000
outer loop
vertex 720.424866 234.081680 1080.000000
vertex 685.405884 322.529083 1080.000000
vertex 685.405884 322.529175 1620.000000
endloop
endfacet
facet normal 0.929776 0.368126 -0.000000
outer loop
vertex 720.424866 234.081680 1080.000000
vertex 685.405884 322.529175 1620.000000
vertex 720.424866 234.081757 1620.000000
endloop
endfacet
facet normal -0.062790 0.998027 -0.000000
outer loop
vertex 0.000000 757.500122 1079.999878
vertex -94.939919 751.527039 1079.999878
vertex -94.939919 751.527100 1619.999878
endloop
endfacet
facet normal -0.062790 0.998027 -0.000000
outer loop
vertex 0.000000 757.500122 1079.999878
vertex -94.939919 751.527100 1619.999878
vertex 0.000000 757.500183 1619.999878
endloop
endfacet
facet normal 0.309018 -0.951056 0.000000
outer loop
vertex 188.383255 -733.701355 1080.000122
vertex 278.855011 -704.305176 1080.000122
vertex 278.855011 -704.305115 1620.000122
endloop
endfacet
facet normal 0.309018 -0.951056 0.000000
outer loop
vertex 188.383255 -733.701355 1080.000122
vertex 278.855011 -704.305115 1620.000122
vertex 188.383255 -733.701294 1620.000122
endloop
endfacet
facet normal -0.968583 -0.248689 0.000000
outer loop
vertex -744.082458 -141.941422 1080.000000
vertex -720.425171 -234.080475 1080.000000
vertex -720.425171 -234.080399 1620.000000
endloop
endfacet
facet normal -0.968583 -0.248691 0.000000
outer loop
vertex -744.082458 -141.941422 1080.000000
vertex -720.425171 -234.080399 1620.000000
vertex -744.082458 -141.941345 1620.000000
endloop
endfacet
facet normal 0.876306 0.481755 0.000000
outer loop
vertex 685.405884 322.529083 1080.000000
vertex 639.577698 405.890045 1079.999878
vertex 639.577698 405.890137 1619.999878
endloop
endfacet
facet normal 0.876306 0.481754 -0.000000
outer loop
vertex 685.405884 322.529083 1080.000000
vertex 639.577698 405.890137 1619.999878
vertex 685.405884 322.529175 1620.000000
endloop
endfacet
facet normal -0.187382 0.982287 0.000000
outer loop
vertex -94.939919 751.527039 1079.999878
vertex -188.382584 733.701843 1079.999878
vertex -188.382584 733.701904 1619.999878
endloop
endfacet
facet normal -0.187382 0.982287 0.000000
outer loop
vertex -94.939919 751.527039 1079.999878
vertex -188.382584 733.701904 1619.999878
vertex -94.939919 751.527100 1619.999878
endloop
endfacet
facet normal 0.425780 -0.904827 0.000000
outer loop
vertex 278.855011 -704.305176 1080.000122
vertex 364.929047 -663.801697 1080.000122
vertex 364.929047 -663.801636 1620.000122
endloop
endfacet
facet normal 0.425780 -0.904827 0.000000
outer loop
vertex 278.855011 -704.305176 1080.000122
vertex 364.929047 -663.801636 1620.000122
vertex 278.855011 -704.305115 1620.000122
endloop
endfacet
facet normal -0.929776 -0.368126 0.000000
outer loop
vertex -720.425171 -234.080475 1080.000000
vertex -685.406311 -322.527863 1080.000000
vertex -685.406311 -322.527771 1620.000000
endloop
endfacet
facet normal -0.929777 -0.368124 0.000000
outer loop
vertex -720.425171 -234.080475 1080.000000
vertex -685.406311 -322.527771 1620.000000
vertex -720.425171 -234.080399 1620.000000
endloop
endfacet
facet normal 0.809016 0.587787 -0.000000
outer loop
vertex 639.577698 405.890045 1079.999878
vertex 583.662903 482.849854 1079.999878
vertex 583.662903 482.849945 1619.999878
endloop
endfacet
facet normal 0.809016 0.587787 -0.000000
outer loop
vertex 639.577698 405.890045 1079.999878
vertex 583.662903 482.849945 1619.999878
vertex 639.577698 405.890137 1619.999878
endloop
endfacet
facet normal -0.309016 0.951057 -0.000000
outer loop
vertex -188.382584 733.701843 1079.999878
vertex -278.854370 704.305847 1079.999878
vertex -278.854370 704.305908 1619.999878
endloop
endfacet
facet normal -0.309016 0.951057 0.000000
outer loop
vertex -188.382584 733.701843 1079.999878
vertex -278.854370 704.305908 1619.999878
vertex -188.382584 733.701904 1619.999878
endloop
endfacet
facet normal 0.535828 -0.844327 0.000000
outer loop
vertex 364.929047 -663.801697 1080.000122
vertex 445.247986 -612.829651 1080.000122
vertex 445.247986 -612.829590 1620.000122
endloop
endfacet
facet normal 0.535828 -0.844327 0.000000
outer loop
vertex 364.929047 -663.801697 1080.000122
vertex 445.247986 -612.829590 1620.000122
vertex 364.929047 -663.801636 1620.000122
endloop
endfacet
facet normal -0.876306 -0.481754 0.000000
outer loop
vertex -685.406311 -322.527863 1080.000000
vertex -639.578186 -405.888824 1080.000122
vertex -639.578186 -405.888733 1620.000122
endloop
endfacet
facet normal -0.876307 -0.481754 0.000000
outer loop
vertex -685.406311 -322.527863 1080.000000
vertex -639.578186 -405.888733 1620.000122
vertex -685.406311 -322.527771 1620.000000
endloop
endfacet
facet normal 0.728968 0.684548 0.000000
outer loop
vertex 583.662903 482.849854 1079.999878
vertex 518.543396 552.194824 1079.999878
vertex 518.543396 552.194885 1619.999878
endloop
endfacet
facet normal 0.728967 0.684549 -0.000000
outer loop
vertex 583.662903 482.849854 1079.999878
vertex 518.543396 552.194885 1619.999878
vertex 583.662903 482.849945 1619.999878
endloop
endfacet
facet normal -0.425780 0.904827 -0.000000
outer loop
vertex -278.854370 704.305847 1079.999878
vertex -364.928406 663.802429 1079.999878
vertex -364.928406 663.802490 1619.999878
endloop
endfacet
facet normal -0.425780 0.904827 0.000000
outer loop
vertex -278.854370 704.305847 1079.999878
vertex -364.928406 663.802490 1619.999878
vertex -278.854370 704.305908 1619.999878
endloop
endfacet
facet normal 0.637425 -0.770512 0.000000
outer loop
vertex 445.247986 -612.829651 1080.000122
vertex 518.544983 -552.192932 1080.000122
vertex 518.544983 -552.192871 1620.000122
endloop
endfacet
facet normal 0.637425 -0.770512 0.000000
outer loop
vertex 445.247986 -612.829651 1080.000122
vertex 518.544983 -552.192871 1620.000122
vertex 445.247986 -612.829590 1620.000122
endloop
endfacet
facet normal -0.809017 -0.587785 0.000000
outer loop
vertex -639.578186 -405.888824 1080.000122
vertex -583.663513 -482.848724 1080.000122
vertex -583.663513 -482.848633 1620.000122
endloop
endfacet
facet normal -0.809017 -0.587786 0.000000
outer loop
vertex -639.578186 -405.888824 1080.000122
vertex -583.663513 -482.848633 1620.000122
vertex -639.578186 -405.888733 1620.000122
endloop
endfacet
facet normal 0.637423 0.770514 -0.000000
outer loop
vertex 518.543396 552.194824 1079.999878
vertex 445.246155 612.831360 1079.999878
vertex 445.246155 612.831421 1619.999878
endloop
endfacet
facet normal 0.637423 0.770514 -0.000000
outer loop
vertex 518.543396 552.194824 1079.999878
vertex 445.246155 612.831421 1619.999878
vertex 518.543396 552.194885 1619.999878
endloop
endfacet
facet normal -0.535827 0.844328 -0.000000
outer loop
vertex -364.928406 663.802429 1079.999878
vertex -445.247314 612.830505 1079.999878
vertex -445.247314 612.830566 1619.999878
endloop
endfacet
facet normal -0.535827 0.844328 0.000000
outer loop
vertex -364.928406 663.802429 1079.999878
vertex -445.247314 612.830566 1619.999878
vertex -364.928406 663.802490 1619.999878
endloop
endfacet
facet normal 0.728969 -0.684547 0.000000
outer loop
vertex 518.544983 -552.192932 1080.000122
vertex 583.664368 -482.847778 1080.000122
vertex 583.664368 -482.847687 1620.000122
endloop
endfacet
facet normal 0.728969 -0.684547 0.000000
outer loop
vertex 518.544983 -552.192932 1080.000122
vertex 583.664368 -482.847687 1620.000122
vertex 518.544983 -552.192871 1620.000122
endloop
endfacet
facet normal -0.728969 -0.684547 0.000000
outer loop
vertex -583.663513 -482.848724 1080.000122
vertex -518.544128 -552.193787 1080.000122
vertex -518.544128 -552.193726 1620.000122
endloop
endfacet
facet normal -0.728968 -0.684547 0.000000
outer loop
vertex -583.663513 -482.848724 1080.000122
vertex -518.544128 -552.193726 1620.000122
vertex -583.663513 -482.848633 1620.000122
endloop
endfacet
facet normal 0.535825 0.844329 0.000000
outer loop
vertex 445.246155 612.831360 1079.999878
vertex 364.927155 663.803162 1079.999878
vertex 364.927155 663.803223 1619.999878
endloop
endfacet
facet normal 0.535826 0.844329 -0.000000
outer loop
vertex 445.246155 612.831360 1079.999878
vertex 364.927155 663.803223 1619.999878
vertex 445.246155 612.831421 1619.999878
endloop
endfacet
facet normal -0.637423 0.770514 0.000000
outer loop
vertex -445.247314 612.830505 1079.999878
vertex -518.544434 552.193909 1079.999878
vertex -518.544434 552.193970 1619.999878
endloop
endfacet
facet normal -0.637424 0.770513 -0.000000
outer loop
vertex -445.247314 612.830505 1079.999878
vertex -518.544434 552.193970 1619.999878
vertex -445.247314 612.830566 1619.999878
endloop
endfacet
facet normal 0.809018 -0.587785 0.000000
outer loop
vertex 583.664368 -482.847778 1080.000122
vertex 639.578918 -405.887817 1080.000122
vertex 639.578918 -405.887726 1620.000122
endloop
endfacet
facet normal 0.809018 -0.587784 0.000000
outer loop
vertex 583.664368 -482.847778 1080.000122
vertex 639.578918 -405.887726 1620.000122
vertex 583.664368 -482.847687 1620.000122
endloop
endfacet
facet normal -0.637423 -0.770514 0.000000
outer loop
vertex -518.544128 -552.193787 1080.000122
vertex -445.246979 -612.830383 1080.000122
vertex -445.246979 -612.830322 1620.000122
endloop
endfacet
facet normal -0.637423 -0.770514 0.000000
outer loop
vertex -518.544128 -552.193787 1080.000122
vertex -445.246979 -612.830322 1620.000122
vertex -518.544128 -552.193726 1620.000122
endloop
endfacet
facet normal 0.425777 0.904828 -0.000000
outer loop
vertex 364.927155 663.803162 1079.999878
vertex 278.852966 704.306335 1079.999878
vertex 278.852966 704.306396 1619.999878
endloop
endfacet
facet normal 0.425777 0.904828 0.000000
outer loop
vertex 364.927155 663.803162 1079.999878
vertex 278.852966 704.306396 1619.999878
vertex 364.927155 663.803223 1619.999878
endloop
endfacet
facet normal -0.728969 0.684547 -0.000000
outer loop
vertex -518.544434 552.193909 1079.999878
vertex -583.663757 482.848846 1079.999878
vertex -583.663757 482.848938 1619.999878
endloop
endfacet
facet normal -0.728969 0.684547 -0.000000
outer loop
vertex -518.544434 552.193909 1079.999878
vertex -583.663757 482.848938 1619.999878
vertex -518.544434 552.193970 1619.999878
endloop
endfacet
facet normal 0.876307 -0.481753 0.000000
outer loop
vertex 639.578918 -405.887817 1080.000122
vertex 685.406921 -322.526764 1080.000000
vertex 685.406921 -322.526672 1620.000000
endloop
endfacet
facet normal 0.876307 -0.481752 0.000000
outer loop
vertex 639.578918 -405.887817 1080.000122
vertex 685.406921 -322.526672 1620.000000
vertex 639.578918 -405.887726 1620.000122
endloop
endfacet
facet normal -0.535826 -0.844329 0.000000
outer loop
vertex -445.246979 -612.830383 1080.000122
vertex -364.927979 -663.802246 1080.000122
vertex -364.927979 -663.802185 1620.000122
endloop
endfacet
facet normal -0.535826 -0.844329 0.000000
outer loop
vertex -445.246979 -612.830383 1080.000122
vertex -364.927979 -663.802185 1620.000122
vertex -445.246979 -612.830322 1620.000122
endloop
endfacet
facet normal 0.309015 0.951057 0.000000
outer loop
vertex 278.852966 704.306335 1079.999878
vertex 188.381119 733.702209 1079.999878
vertex 188.381119 733.702271 1619.999878
endloop
endfacet
facet normal 0.309015 0.951057 -0.000000
outer loop
vertex 278.852966 704.306335 1079.999878
vertex 188.381119 733.702271 1619.999878
vertex 278.852966 704.306396 1619.999878
endloop
endfacet
facet normal -0.809017 0.587785 -0.000000
outer loop
vertex -583.663757 482.848846 1079.999878
vertex -639.578369 405.888916 1079.999878
vertex -639.578369 405.889008 1619.999878
endloop
endfacet
facet normal -0.809017 0.587785 0.000000
outer loop
vertex -583.663757 482.848846 1079.999878
vertex -639.578369 405.889008 1619.999878
vertex -583.663757 482.848938 1619.999878
endloop
endfacet
facet normal 0.929778 -0.368122 0.000000
outer loop
vertex 685.406921 -322.526764 1080.000000
vertex 720.425537 -234.079239 1080.000000
vertex 720.425537 -234.079163 1620.000000
endloop
endfacet
facet normal 0.929777 -0.368123 0.000000
outer loop
vertex 685.406921 -322.526764 1080.000000
vertex 720.425537 -234.079163 1620.000000
vertex 685.406921 -322.526672 1620.000000
endloop
endfacet
facet normal -0.425779 -0.904827 0.000000
outer loop
vertex -364.927979 -663.802246 1080.000122
vertex -278.853882 -704.305603 1080.000122
vertex -278.853882 -704.305542 1620.000122
endloop
endfacet
facet normal -0.425779 -0.904827 0.000000
outer loop
vertex -364.927979 -663.802246 1080.000122
vertex -278.853882 -704.305542 1620.000122
vertex -364.927979 -663.802185 1620.000122
endloop
endfacet
facet normal 0.187381 0.982287 0.000000
outer loop
vertex 188.381119 733.702209 1079.999878
vertex 94.938400 751.527283 1079.999878
vertex 94.938400 751.527344 1619.999878
endloop
endfacet
facet normal 0.187381 0.982287 -0.000000
outer loop
vertex 188.381119 733.702209 1079.999878
vertex 94.938400 751.527344 1619.999878
vertex 188.381119 733.702271 1619.999878
endloop
endfacet
facet normal -0.876306 0.481754 0.000000
outer loop
vertex -639.578369 405.888916 1079.999878
vertex -685.406494 322.527924 1080.000000
vertex -685.406494 322.528015 1620.000000
endloop
endfacet
facet normal -0.876306 0.481754 -0.000000
outer loop
vertex -639.578369 405.888916 1079.999878
vertex -685.406494 322.528015 1620.000000
vertex -639.578369 405.889008 1619.999878
endloop
endfacet
facet normal 0.968584 -0.248689 0.000000
outer loop
vertex 720.425537 -234.079239 1080.000000
vertex 744.082764 -141.940140 1080.000000
vertex 744.082764 -141.940063 1620.000000
endloop
endfacet
facet normal 0.968583 -0.248690 0.000000
outer loop
vertex 720.425537 -234.079239 1080.000000
vertex 744.082764 -141.940063 1620.000000
vertex 720.425537 -234.079163 1620.000000
endloop
endfacet
facet normal -0.309017 -0.951057 0.000000
outer loop
vertex -278.853882 -704.305603 1080.000122
vertex -188.382050 -733.701660 1080.000122
vertex -188.382050 -733.701599 1620.000122
endloop
endfacet
facet normal -0.309017 -0.951057 0.000000
outer loop
vertex -278.853882 -704.305603 1080.000122
vertex -188.382050 -733.701599 1620.000122
vertex -278.853882 -704.305542 1620.000122
endloop
endfacet
facet normal 0.062789 0.998027 -0.000000
outer loop
vertex 94.938400 751.527283 1079.999878
vertex 0.000000 757.500122 1079.999878
vertex 0.000000 757.500183 1619.999878
endloop
endfacet
facet normal 0.062789 0.998027 -0.000000
outer loop
vertex 94.938400 751.527283 1079.999878
vertex 0.000000 757.500183 1619.999878
vertex 94.938400 751.527344 1619.999878
endloop
endfacet
facet normal -0.929777 0.368124 -0.000000
outer loop
vertex -685.406494 322.527924 1080.000000
vertex -720.425293 234.080444 1080.000000
vertex -720.425293 234.080521 1620.000000
endloop
endfacet
facet normal -0.929776 0.368125 -0.000000
outer loop
vertex -685.406494 322.527924 1080.000000
vertex -720.425293 234.080521 1620.000000
vertex -685.406494 322.528015 1620.000000
endloop
endfacet
facet normal 0.992115 -0.125332 0.000000
outer loop
vertex 744.082764 -141.940140 1080.000000
vertex 756.005188 -47.562569 1080.000000
vertex 756.005188 -47.562481 1620.000000
endloop
endfacet
facet normal 0.992115 -0.125330 0.000000
outer loop
vertex 744.082764 -141.940140 1080.000000
vertex 756.005188 -47.562481 1620.000000
vertex 744.082764 -141.940063 1620.000000
endloop
endfacet
facet normal -0.187381 -0.982287 0.000000
outer loop
vertex -188.382050 -733.701660 1080.000122
vertex -94.939354 -751.526733 1080.000122
vertex -94.939354 -751.526672 1620.000122
endloop
endfacet
facet normal -0.187381 -0.982287 0.000000
outer loop
vertex -188.382050 -733.701660 1080.000122
vertex -94.939354 -751.526672 1620.000122
vertex -188.382050 -733.701599 1620.000122
endloop
endfacet
facet normal -0.809016 -0.587786 0.000000
outer loop
vertex -639.578186 -405.888733 1620.000122
vertex -583.663513 -482.848633 1620.000122
vertex -583.663513 -482.848541 2160.000000
endloop
endfacet
facet normal -0.809017 -0.587785 0.000000
outer loop
vertex -639.578186 -405.888733 1620.000122
vertex -583.663513 -482.848541 2160.000000
vertex -639.578186 -405.888641 2160.000000
endloop
endfacet
facet normal 0.637423 0.770514 0.000000
outer loop
vertex 518.543396 552.194885 1619.999878
vertex 445.246155 612.831421 1619.999878
vertex 445.246155 612.831543 2160.000000
endloop
endfacet
facet normal 0.637423 0.770514 -0.000000
outer loop
vertex 518.543396 552.194885 1619.999878
vertex 445.246155 612.831543 2160.000000
vertex 518.543396 552.195007 2160.000000
endloop
endfacet
facet normal -0.535827 0.844328 -0.000000
outer loop
vertex -364.928406 663.802490 1619.999878
vertex -445.247314 612.830566 1619.999878
vertex -445.247314 612.830688 2160.000000
endloop
endfacet
facet normal -0.535827 0.844328 -0.000000
outer loop
vertex -364.928406 663.802490 1619.999878
vertex -445.247314 612.830688 2160.000000
vertex -364.928406 663.802612 2160.000000
endloop
endfacet
facet normal 0.728969 -0.684547 0.000000
outer loop
vertex 518.544983 -552.192871 1620.000122
vertex 583.664368 -482.847687 1620.000122
vertex 583.664368 -482.847595 2160.000000
endloop
endfacet
facet normal 0.728969 -0.684547 0.000000
outer loop
vertex 518.544983 -552.192871 1620.000122
vertex 583.664368 -482.847595 2160.000000
vertex 518.544983 -552.192749 2160.000000
endloop
endfacet
facet normal -0.728969 -0.684547 0.000000
outer loop
vertex -583.663513 -482.848633 1620.000122
vertex -518.544128 -552.193726 1620.000122
vertex -518.544128 -552.193604 2160.000000
endloop
endfacet
facet normal -0.728969 -0.684547 0.000000
outer loop
vertex -583.663513 -482.848633 1620.000122
vertex -518.544128 -552.193604 2160.000000
vertex -583.663513 -482.848541 2160.000000
endloop
endfacet
facet normal 0.535825 0.844329 -0.000000
outer loop
vertex 445.246155 612.831421 1619.999878
vertex 364.927155 663.803223 1619.999878
vertex 364.927155 663.803345 2160.000000
endloop
endfacet
facet normal 0.535825 0.844329 -0.000000
outer loop
vertex 445.246155 612.831421 1619.999878
vertex 364.927155 663.803345 2160.000000
vertex 445.246155 612.831543 2160.000000
endloop
endfacet
facet normal -0.637424 0.770514 -0.000000
outer loop
vertex -445.247314 612.830566 1619.999878
vertex -518.544434 552.193970 1619.999878
vertex -518.544434 552.194092 2160.000000
endloop
endfacet
facet normal -0.637424 0.770514 -0.000000
outer loop
vertex -445.247314 612.830566 1619.999878
vertex -518.544434 552.194092 2160.000000
vertex -445.247314 612.830688 2160.000000
endloop
endfacet
facet normal 0.809018 -0.587784 0.000000
outer loop
vertex 583.664368 -482.847687 1620.000122
vertex 639.578918 -405.887726 1620.000122
vertex 639.578918 -405.887634 2160.000000
endloop
endfacet
facet normal 0.809017 -0.587785 0.000000
outer loop
vertex 583.664368 -482.847687 1620.000122
vertex 639.578918 -405.887634 2160.000000
vertex 583.664368 -482.847595 2160.000000
endloop
endfacet
facet normal -0.637423 -0.770514 0.000000
outer loop
vertex -518.544128 -552.193726 1620.000122
vertex -445.246979 -612.830322 1620.000122
vertex -445.246979 -612.830200 2160.000000
endloop
endfacet
facet normal -0.637423 -0.770514 0.000000
outer loop
vertex -518.544128 -552.193726 1620.000122
vertex -445.246979 -612.830200 2160.000000
vertex -518.544128 -552.193604 2160.000000
endloop
endfacet
facet normal 0.425777 0.904828 -0.000000
outer loop
vertex 364.927155 663.803223 1619.999878
vertex 278.852966 704.306396 1619.999878
vertex 278.852966 704.306519 2160.000000
endloop
endfacet
facet normal 0.425778 0.904828 -0.000000
outer loop
vertex 364.927155 663.803223 1619.999878
vertex 278.852966 704.306519 2160.000000
vertex 364.927155 663.803345 2160.000000
endloop
endfacet
facet normal -0.728969 0.684547 0.000000
outer loop
vertex -518.544434 552.193970 1619.999878
vertex -583.663757 482.848938 1619.999878
vertex -583.663757 482.849030 2160.000000
endloop
endfacet
facet normal -0.728969 0.684547 -0.000000
outer loop
vertex -518.544434 552.193970 1619.999878
vertex -583.663757 482.849030 2160.000000
vertex -518.544434 552.194092 2160.000000
endloop
endfacet
facet normal 0.876307 -0.481753 0.000000
outer loop
vertex 639.578918 -405.887726 1620.000122
vertex 685.406921 -322.526672 1620.000000
vertex 685.406921 -322.526581 2160.000000
endloop
endfacet
facet normal 0.876307 -0.481753 0.000000
outer loop
vertex 639.578918 -405.887726 1620.000122
vertex 685.406921 -322.526581 2160.000000
vertex 639.578918 -405.887634 2160.000000
endloop
endfacet
facet normal -0.535826 -0.844329 0.000000
outer loop
vertex -445.246979 -612.830322 1620.000122
vertex -364.927979 -663.802185 1620.000122
vertex -364.927979 -663.802063 2160.000000
endloop
endfacet
facet normal -0.535826 -0.844329 0.000000
outer loop
vertex -445.246979 -612.830322 1620.000122
vertex -364.927979 -663.802063 2160.000000
vertex -445.246979 -612.830200 2160.000000
endloop
endfacet
facet normal 0.309015 0.951057 -0.000000
outer loop
vertex 278.852966 704.306396 1619.999878
vertex 188.381119 733.702271 1619.999878
vertex 188.381119 733.702393 2160.000000
endloop
endfacet
facet normal 0.309015 0.951057 -0.000000
outer loop
vertex 278.852966 704.306396 1619.999878
vertex 188.381119 733.702393 2160.000000
vertex 278.852966 704.306519 2160.000000
endloop
endfacet
facet normal -0.809018 0.587785 -0.000000
outer loop
vertex -583.663757 482.848938 1619.999878
vertex -639.578369 405.889008 1619.999878
vertex -639.578369 405.889099 2160.000000
endloop
endfacet
facet normal -0.809017 0.587785 -0.000000
outer loop
vertex -583.663757 482.848938 1619.999878
vertex -639.578369 405.889099 2160.000000
vertex -583.663757 482.849030 2160.000000
endloop
endfacet
facet normal 0.929778 -0.368122 0.000000
outer loop
vertex 685.406921 -322.526672 1620.000000
vertex 720.425537 -234.079163 1620.000000
vertex 720.425537 -234.079071 2160.000000
endloop
endfacet
facet normal 0.929777 -0.368123 0.000000
outer loop
vertex 685.406921 -322.526672 1620.000000
vertex 720.425537 -234.079071 2160.000000
vertex 685.406921 -322.526581 2160.000000
endloop
endfacet
facet normal -0.425779 -0.904827 0.000000
outer loop
vertex -364.927979 -663.802185 1620.000122
vertex -278.853882 -704.305542 1620.000122
vertex -278.853882 -704.305420 2160.000000
endloop
endfacet
facet normal -0.425779 -0.904827 0.000000
outer loop
vertex -364.927979 -663.802185 1620.000122
vertex -278.853882 -704.305420 2160.000000
vertex -364.927979 -663.802063 2160.000000
endloop
endfacet
facet normal 0.187380 0.982287 -0.000000
outer loop
vertex 188.381119 733.702271 1619.999878
vertex 94.938400 751.527344 1619.999878
vertex 94.938400 751.527466 2159.999756
endloop
endfacet
facet normal 0.187381 0.982287 -0.000000
outer loop
vertex 188.381119 733.702271 1619.999878
vertex 94.938400 751.527466 2159.999756
vertex 188.381119 733.702393 2160.000000
endloop
endfacet
facet normal -0.876307 0.481754 -0.000000
outer loop
vertex -639.578369 405.889008 1619.999878
vertex -685.406494 322.528015 1620.000000
vertex -685.406494 322.528107 2160.000000
endloop
endfacet
facet normal -0.876307 0.481754 -0.000000
outer loop
vertex -639.578369 405.889008 1619.999878
vertex -685.406494 322.528107 2160.000000
vertex -639.578369 405.889099 2160.000000
endloop
endfacet
facet normal 0.968584 -0.248689 0.000000
outer loop
vertex 720.425537 -234.079163 1620.000000
vertex 744.082764 -141.940063 1620.000000
vertex 744.082764 -141.939972 2160.000000
endloop
endfacet
facet normal 0.968583 -0.248690 0.000000
outer loop
vertex 720.425537 -234.079163 1620.000000
vertex 744.082764 -141.939972 2160.000000
vertex 720.425537 -234.079071 2160.000000
endloop
endfacet
facet normal -0.309017 -0.951057 0.000000
outer loop
vertex -278.853882 -704.305542 1620.000122
vertex -188.382050 -733.701599 1620.000122
vertex -188.382050 -733.701477 2160.000000
endloop
endfacet
facet normal -0.309017 -0.951057 0.000000
outer loop
vertex -278.853882 -704.305542 1620.000122
vertex -188.382050 -733.701477 2160.000000
vertex -278.853882 -704.305420 2160.000000
endloop
endfacet
facet normal 0.062789 0.998027 0.000000
outer loop
vertex 94.938400 751.527344 1619.999878
vertex 0.000000 757.500183 1619.999878
vertex 0.000000 757.500305 2159.999756
endloop
endfacet
facet normal 0.062789 0.998027 -0.000000
outer loop
vertex 94.938400 751.527344 1619.999878
vertex 0.000000 757.500305 2159.999756
vertex 94.938400 751.527466 2159.999756
endloop
endfacet
facet normal -0.929777 0.368124 -0.000000
outer loop
vertex -685.406494 322.528015 1620.000000
vertex -720.425293 234.080521 1620.000000
vertex -720.425293 234.080612 2160.000000
endloop
endfacet
facet normal -0.929776 0.368125 -0.000000
outer loop
vertex -685.406494 322.528015 1620.000000
vertex -720.425293 234.080612 2160.000000
vertex -685.406494 322.528107 2160.000000
endloop
endfacet
facet normal 0.992115 -0.125332 0.000000
outer loop
vertex 744.082764 -141.940063 1620.000000
vertex 756.005188 -47.562481 1620.000000
vertex 756.005188 -47.562393 2160.000000
endloop
endfacet
facet normal 0.992115 -0.125330 0.000000
outer loop
vertex 744.082764 -141.940063 1620.000000
vertex 756.005188 -47.562393 2160.000000
vertex 744.082764 -141.939972 2160.000000
endloop
endfacet
facet normal -0.187381 -0.982287 0.000000
outer loop
vertex -188.382050 -733.701599 1620.000122
vertex -94.939354 -751.526672 1620.000122
vertex -94.939354 -751.526550 2160.000244
endloop
endfacet
facet normal -0.187380 -0.982287 0.000000
outer loop
vertex -188.382050 -733.701599 1620.000122
vertex -94.939354 -751.526550 2160.000244
vertex -188.382050 -733.701477 2160.000000
endloop
endfacet
facet normal -0.968584 0.248689 -0.000000
outer loop
vertex -720.425293 234.080521 1620.000000
vertex -744.082520 141.941452 1620.000000
vertex -744.082520 141.941544 2160.000000
endloop
endfacet
facet normal -0.968583 0.248690 -0.000000
outer loop
vertex -720.425293 234.080521 1620.000000
vertex -744.082520 141.941544 2160.000000
vertex -720.425293 234.080612 2160.000000
endloop
endfacet
facet normal 1.000000 0.000000 -0.000000
outer loop
vertex 756.005188 -47.562481 1620.000000
vertex 756.005127 47.565189 1620.000000
vertex 756.005127 47.565277 2160.000000
endloop
endfacet
facet normal 1.000000 0.000001 -0.000000
outer loop
vertex 756.005188 -47.562481 1620.000000
vertex 756.005127 47.565277 2160.000000
vertex 756.005188 -47.562393 2160.000000
endloop
endfacet
facet normal -0.062790 -0.998027 0.000000
outer loop
vertex -94.939354 -751.526672 1620.000122
vertex 0.000608 -757.499695 1620.000122
vertex 0.000608 -757.499573 2160.000244
endloop
endfacet
facet normal -0.062790 -0.998027 0.000000
outer loop
vertex -94.939354 -751.526672 1620.000122
vertex 0.000608 -757.499573 2160.000244
vertex -94.939354 -751.526550 2160.000244
endloop
endfacet
facet normal -0.992115 0.125335 -0.000000
outer loop
vertex -744.082520 141.941452 1620.000000
vertex -756.005188 47.563889 1620.000000
vertex -756.005188 47.563976 2160.000000
endloop
endfacet
facet normal -0.992115 0.125332 -0.000000
outer loop
vertex -744.082520 141.941452 1620.000000
vertex -756.005188 47.563976 2160.000000
vertex -744.082520 141.941544 2160.000000
endloop
endfacet
facet normal 0.992115 0.125334 -0.000000
outer loop
vertex 756.005127 47.565189 1620.000000
vertex 744.082336 141.942719 1620.000000
vertex 744.082336 141.942810 2160.000000
endloop
endfacet
facet normal 0.992114 0.125336 -0.000000
outer loop
vertex 756.005127 47.565189 1620.000000
vertex 744.082336 141.942810 2160.000000
vertex 756.005127 47.565277 2160.000000
endloop
endfacet
facet normal 0.062791 -0.998027 0.000000
outer loop
vertex 0.000608 -757.499695 1620.000122
vertex 94.940559 -751.526550 1620.000122
vertex 94.940559 -751.526428 2160.000244
endloop
endfacet
facet normal 0.062791 -0.998027 0.000000
outer loop
vertex 0.000608 -757.499695 1620.000122
vertex 94.940559 -751.526428 2160.000244
vertex 0.000608 -757.499573 2160.000244
endloop
endfacet
facet normal -1.000000 0.000000 0.000000
outer loop
vertex -756.005188 47.563889 1620.000000
vertex -756.005188 -47.563782 1620.000000
vertex -756.005188 -47.563694 2160.000000
endloop
endfacet
facet normal -1.000000 0.000000 0.000000
outer loop
vertex -756.005188 47.563889 1620.000000
vertex -756.005188 -47.563694 2160.000000
vertex -756.005188 47.563976 2160.000000
endloop
endfacet
facet normal 0.968583 0.248691 -0.000000
outer loop
vertex 744.082336 141.942719 1620.000000
vertex 720.424866 234.081757 1620.000000
vertex 720.424866 234.081848 2160.000000
endloop
endfacet
facet normal 0.968583 0.248692 -0.000000
outer loop
vertex 744.082336 141.942719 1620.000000
vertex 720.424866 234.081848 2160.000000
vertex 744.082336 141.942810 2160.000000
endloop
endfacet
facet normal 0.187382 -0.982287 0.000000
outer loop
vertex 94.940559 -751.526550 1620.000122
vertex 188.383255 -733.701294 1620.000122
vertex 188.383255 -733.701172 2160.000000
endloop
endfacet
facet normal 0.187382 -0.982287 0.000000
outer loop
vertex 94.940559 -751.526550 1620.000122
vertex 188.383255 -733.701172 2160.000000
vertex 94.940559 -751.526428 2160.000244
endloop
endfacet
facet normal -0.992115 -0.125334 0.000000
outer loop
vertex -756.005188 -47.563782 1620.000000
vertex -744.082458 -141.941345 1620.000000
vertex -744.082458 -141.941254 2160.000000
endloop
endfacet
facet normal -0.992114 -0.125335 0.000000
outer loop
vertex -756.005188 -47.563782 1620.000000
vertex -744.082458 -141.941254 2160.000000
vertex -756.005188 -47.563694 2160.000000
endloop
endfacet
facet normal 0.929776 0.368126 -0.000000
outer loop
vertex 720.424866 234.081757 1620.000000
vertex 685.405884 322.529175 1620.000000
vertex 685.405884 322.529266 2160.000000
endloop
endfacet
facet normal 0.929776 0.368126 -0.000000
outer loop
vertex 720.424866 234.081757 1620.000000
vertex 685.405884 322.529266 2160.000000
vertex 720.424866 234.081848 2160.000000
endloop
endfacet
facet normal -0.062790 0.998027 0.000000
outer loop
vertex 0.000000 757.500183 1619.999878
vertex -94.939919 751.527100 1619.999878
vertex -94.939919 751.527222 2159.999756
endloop
endfacet
facet normal -0.062790 0.998027 -0.000000
outer loop
vertex 0.000000 757.500183 1619.999878
vertex -94.939919 751.527222 2159.999756
vertex 0.000000 757.500305 2159.999756
endloop
endfacet
facet normal 0.309018 -0.951056 0.000000
outer loop
vertex 188.383255 -733.701294 1620.000122
vertex 278.855011 -704.305115 1620.000122
vertex 278.855011 -704.304993 2160.000000
endloop
endfacet
facet normal 0.309018 -0.951056 0.000000
outer loop
vertex 188.383255 -733.701294 1620.000122
vertex 278.855011 -704.304993 2160.000000
vertex 188.383255 -733.701172 2160.000000
endloop
endfacet
facet normal -0.968584 -0.248689 0.000000
outer loop
vertex -744.082458 -141.941345 1620.000000
vertex -720.425171 -234.080399 1620.000000
vertex -720.425171 -234.080307 2160.000000
endloop
endfacet
facet normal -0.968583 -0.248691 0.000000
outer loop
vertex -744.082458 -141.941345 1620.000000
vertex -720.425171 -234.080307 2160.000000
vertex -744.082458 -141.941254 2160.000000
endloop
endfacet
facet normal 0.876305 0.481756 -0.000000
outer loop
vertex 685.405884 322.529175 1620.000000
vertex 639.577698 405.890137 1619.999878
vertex 639.577698 405.890228 2160.000000
endloop
endfacet
facet normal 0.876306 0.481754 -0.000000
outer loop
vertex 685.405884 322.529175 1620.000000
vertex 639.577698 405.890228 2160.000000
vertex 685.405884 322.529266 2160.000000
endloop
endfacet
facet normal -0.187382 0.982287 -0.000000
outer loop
vertex -94.939919 751.527100 1619.999878
vertex -188.382584 733.701904 1619.999878
vertex -188.382584 733.702026 2160.000000
endloop
endfacet
facet normal -0.187382 0.982287 -0.000000
outer loop
vertex -94.939919 751.527100 1619.999878
vertex -188.382584 733.702026 2160.000000
vertex -94.939919 751.527222 2159.999756
endloop
endfacet
facet normal 0.425780 -0.904827 0.000000
outer loop
vertex 278.855011 -704.305115 1620.000122
vertex 364.929047 -663.801636 1620.000122
vertex 364.929047 -663.801514 2160.000000
endloop
endfacet
facet normal 0.425781 -0.904827 0.000000
outer loop
vertex 278.855011 -704.305115 1620.000122
vertex 364.929047 -663.801514 2160.000000
vertex 278.855011 -704.304993 2160.000000
endloop
endfacet
facet normal -0.929776 -0.368126 0.000000
outer loop
vertex -720.425171 -234.080399 1620.000000
vertex -685.406311 -322.527771 1620.000000
vertex -685.406311 -322.527679 2160.000000
endloop
endfacet
facet normal -0.929777 -0.368124 0.000000
outer loop
vertex -720.425171 -234.080399 1620.000000
vertex -685.406311 -322.527679 2160.000000
vertex -720.425171 -234.080307 2160.000000
endloop
endfacet
facet normal 0.809016 0.587787 0.000000
outer loop
vertex 639.577698 405.890137 1619.999878
vertex 583.662903 482.849945 1619.999878
vertex 583.662903 482.850037 2160.000000
endloop
endfacet
facet normal 0.809016 0.587787 -0.000000
outer loop
vertex 639.577698 405.890137 1619.999878
vertex 583.662903 482.850037 2160.000000
vertex 639.577698 405.890228 2160.000000
endloop
endfacet
facet normal -0.309016 0.951057 -0.000000
outer loop
vertex -188.382584 733.701904 1619.999878
vertex -278.854370 704.305908 1619.999878
vertex -278.854370 704.306030 2160.000000
endloop
endfacet
facet normal -0.309016 0.951057 -0.000000
outer loop
vertex -188.382584 733.701904 1619.999878
vertex -278.854370 704.306030 2160.000000
vertex -188.382584 733.702026 2160.000000
endloop
endfacet
facet normal 0.535827 -0.844328 0.000000
outer loop
vertex 364.929047 -663.801636 1620.000122
vertex 445.247986 -612.829590 1620.000122
vertex 445.247986 -612.829468 2160.000000
endloop
endfacet
facet normal 0.535828 -0.844327 0.000000
outer loop
vertex 364.929047 -663.801636 1620.000122
vertex 445.247986 -612.829468 2160.000000
vertex 364.929047 -663.801514 2160.000000
endloop
endfacet
facet normal -0.876307 -0.481753 0.000000
outer loop
vertex -685.406311 -322.527771 1620.000000
vertex -639.578186 -405.888733 1620.000122
vertex -639.578186 -405.888641 2160.000000
endloop
endfacet
facet normal -0.876306 -0.481754 0.000000
outer loop
vertex -685.406311 -322.527771 1620.000000
vertex -639.578186 -405.888641 2160.000000
vertex -685.406311 -322.527679 2160.000000
endloop
endfacet
facet normal 0.728967 0.684549 -0.000000
outer loop
vertex 583.662903 482.849945 1619.999878
vertex 518.543396 552.194885 1619.999878
vertex 518.543396 552.195007 2160.000000
endloop
endfacet
facet normal 0.728968 0.684548 -0.000000
outer loop
vertex 583.662903 482.849945 1619.999878
vertex 518.543396 552.195007 2160.000000
vertex 583.662903 482.850037 2160.000000
endloop
endfacet
facet normal -0.425780 0.904827 -0.000000
outer loop
vertex -278.854370 704.305908 1619.999878
vertex -364.928406 663.802490 1619.999878
vertex -364.928406 663.802612 2160.000000
endloop
endfacet
facet normal -0.425780 0.904827 -0.000000
outer loop
vertex -278.854370 704.305908 1619.999878
vertex -364.928406 663.802612 2160.000000
vertex -278.854370 704.306030 2160.000000
endloop
endfacet
facet normal 0.637425 -0.770512 0.000000
outer loop
vertex 445.247986 -612.829590 1620.000122
vertex 518.544983 -552.192871 1620.000122
vertex 518.544983 -552.192749 2160.000000
endloop
endfacet
facet normal 0.637425 -0.770512 0.000000
outer loop
vertex 445.247986 -612.829590 1620.000122
vertex 518.544983 -552.192749 2160.000000
vertex 445.247986 -612.829468 2160.000000
endloop
endfacet
facet normal -0.992115 0.125335 -0.000000
outer loop
vertex -744.082520 141.941544 2160.000000
vertex -756.005188 47.563976 2160.000000
vertex -756.005188 47.564064 2700.000000
endloop
endfacet
facet normal -0.992115 0.125332 -0.000000
outer loop
vertex -744.082520 141.941544 2160.000000
vertex -756.005188 47.564064 2700.000000
vertex -744.082520 141.941635 2700.000000
endloop
endfacet
facet normal 0.992115 0.125334 -0.000000
outer loop
vertex 756.005127 47.565277 2160.000000
vertex 744.082336 141.942810 2160.000000
vertex 744.082336 141.942902 2700.000000
endloop
endfacet
facet normal 0.992114 0.125336 -0.000000
outer loop
vertex 756.005127 47.565277 2160.000000
vertex 744.082336 141.942902 2700.000000
vertex 756.005127 47.565365 2700.000000
endloop
endfacet
facet normal 0.062791 -0.998027 0.000000
outer loop
vertex 0.000608 -757.499573 2160.000244
vertex 94.940559 -751.526428 2160.000244
vertex 94.940559 -751.526367 2700.000244
endloop
endfacet
facet normal 0.062791 -0.998027 0.000000
outer loop
vertex 0.000608 -757.499573 2160.000244
vertex 94.940559 -751.526367 2700.000244
vertex 0.000608 -757.499512 2700.000244
endloop
endfacet
facet normal -1.000000 0.000000 0.000000
outer loop
vertex -756.005188 47.563976 2160.000000
vertex -756.005188 -47.563694 2160.000000
vertex -756.005188 -47.563606 2700.000000
endloop
endfacet
facet normal -1.000000 0.000000 0.000000
outer loop
vertex -756.005188 47.563976 2160.000000
vertex -756.005188 -47.563606 2700.000000
vertex -756.005188 47.564064 2700.000000
endloop
endfacet
facet normal 0.968583 0.248691 -0.000000
outer loop
vertex 744.082336 141.942810 2160.000000
vertex 720.424866 234.081848 2160.000000
vertex 720.424866 234.081940 2700.000000
endloop
endfacet
facet normal 0.968583 0.248692 -0.000000
outer loop
vertex 744.082336 141.942810 2160.000000
vertex 720.424866 234.081940 2700.000000
vertex 744.082336 141.942902 2700.000000
endloop
endfacet
facet normal 0.187382 -0.982287 0.000000
outer loop
vertex 94.940559 -751.526428 2160.000244
vertex 188.383255 -733.701172 2160.000000
vertex 188.383255 -733.701111 2700.000000
endloop
endfacet
facet normal 0.187382 -0.982287 0.000000
outer loop
vertex 94.940559 -751.526428 2160.000244
vertex 188.383255 -733.701111 2700.000000
vertex 94.940559 -751.526367 2700.000244
endloop
endfacet
facet normal -0.992115 -0.125334 0.000000
outer loop
vertex -756.005188 -47.563694 2160.000000
vertex -744.082458 -141.941254 2160.000000
vertex -744.082458 -141.941162 2700.000000
endloop
endfacet
facet normal -0.992114 -0.125335 0.000000
outer loop
vertex -756.005188 -47.563694 2160.000000
vertex -744.082458 -141.941162 2700.000000
vertex -756.005188 -47.563606 2700.000000
endloop
endfacet
facet normal 0.929776 0.368126 -0.000000
outer loop
vertex 720.424866 234.081848 2160.000000
vertex 685.405884 322.529266 2160.000000
vertex 685.405884 322.529327 2700.000000
endloop
endfacet
facet normal 0.929776 0.368126 -0.000000
outer loop
vertex 720.424866 234.081848 2160.000000
vertex 685.405884 322.529327 2700.000000
vertex 720.424866 234.081940 2700.000000
endloop
endfacet
facet normal -0.062790 0.998027 0.000000
outer loop
vertex 0.000000 757.500305 2159.999756
vertex -94.939919 751.527222 2159.999756
vertex -94.939919 751.527283 2699.999756
endloop
endfacet
facet normal -0.062790 0.998027 0.000000
outer loop
vertex 0.000000 757.500305 2159.999756
vertex -94.939919 751.527283 2699.999756
vertex 0.000000 757.500366 2699.999756
endloop
endfacet
facet normal 0.309018 -0.951056 0.000000
outer loop
vertex 188.383255 -733.701172 2160.000000
vertex 278.855011 -704.304993 2160.000000
vertex 278.855011 -704.304932 2700.000000
endloop
endfacet
facet normal 0.309018 -0.951056 0.000000
outer loop
vertex 188.383255 -733.701172 2160.000000
vertex 278.855011 -704.304932 2700.000000
vertex 188.383255 -733.701111 2700.000000
endloop
endfacet
facet normal -0.968583 -0.248689 0.000000
outer loop
vertex -744.082458 -141.941254 2160.000000
vertex -720.425171 -234.080307 2160.000000
vertex -720.425171 -234.080215 2700.000000
endloop
endfacet
facet normal -0.968583 -0.248691 0.000000
outer loop
vertex -744.082458 -141.941254 2160.000000
vertex -720.425171 -234.080215 2700.000000
vertex -744.082458 -141.941162 2700.000000
endloop
endfacet
facet normal 0.876306 0.481755 -0.000000
outer loop
vertex 685.405884 322.529266 2160.000000
vertex 639.577698 405.890228 2160.000000
vertex 639.577698 405.890289 2700.000000
endloop
endfacet
facet normal 0.876306 0.481754 0.000000
outer loop
vertex 685.405884 322.529266 2160.000000
vertex 639.577698 405.890289 2700.000000
vertex 685.405884 322.529327 2700.000000
endloop
endfacet
facet normal -0.187382 0.982287 0.000000
outer loop
vertex -94.939919 751.527222 2159.999756
vertex -188.382584 733.702026 2160.000000
vertex -188.382584 733.702087 2700.000000
endloop
endfacet
facet normal -0.187382 0.982287 -0.000000
outer loop
vertex -94.939919 751.527222 2159.999756
vertex -188.382584 733.702087 2700.000000
vertex -94.939919 751.527283 2699.999756
endloop
endfacet
facet normal 0.425780 -0.904827 0.000000
outer loop
vertex 278.855011 -704.304993 2160.000000
vertex 364.929047 -663.801514 2160.000000
vertex 364.929047 -663.801453 2700.000000
endloop
endfacet
facet normal 0.425780 -0.904827 0.000000
outer loop
vertex 278.855011 -704.304993 2160.000000
vertex 364.929047 -663.801453 2700.000000
vertex 278.855011 -704.304932 2700.000000
endloop
endfacet
facet normal -0.929776 -0.368126 0.000000
outer loop
vertex -720.425171 -234.080307 2160.000000
vertex -685.406311 -322.527679 2160.000000
vertex -685.406311 -322.527618 2700.000000
endloop
endfacet
facet normal -0.929777 -0.368124 0.000000
outer loop
vertex -720.425171 -234.080307 2160.000000
vertex -685.406311 -322.527618 2700.000000
vertex -720.425171 -234.080215 2700.000000
endloop
endfacet
facet normal 0.809016 0.587787 -0.000000
outer loop
vertex 639.577698 405.890228 2160.000000
vertex 583.662903 482.850037 2160.000000
vertex 583.662903 482.850098 2700.000000
endloop
endfacet
facet normal 0.809016 0.587787 0.000000
outer loop
vertex 639.577698 405.890228 2160.000000
vertex 583.662903 482.850098 2700.000000
vertex 639.577698 405.890289 2700.000000
endloop
endfacet
facet normal -0.309016 0.951057 0.000000
outer loop
vertex -188.382584 733.702026 2160.000000
vertex -278.854370 704.306030 2160.000000
vertex -278.854370 704.306091 2700.000000
endloop
endfacet
facet normal -0.309016 0.951057 -0.000000
outer loop
vertex -188.382584 733.702026 2160.000000
vertex -278.854370 704.306091 2700.000000
vertex -188.382584 733.702087 2700.000000
endloop
endfacet
facet normal 0.535828 -0.844327 0.000000
outer loop
vertex 364.929047 -663.801514 2160.000000
vertex 445.247986 -612.829468 2160.000000
vertex 445.247986 -612.829407 2700.000000
endloop
endfacet
facet normal 0.535828 -0.844327 0.000000
outer loop
vertex 364.929047 -663.801514 2160.000000
vertex 445.247986 -612.829407 2700.000000
vertex 364.929047 -663.801453 2700.000000
endloop
endfacet
facet normal -0.876306 -0.481754 0.000000
outer loop
vertex -685.406311 -322.527679 2160.000000
vertex -639.578186 -405.888641 2160.000000
vertex -639.578186 -405.888580 2700.000000
endloop
endfacet
facet normal -0.876307 -0.481754 0.000000
outer loop
vertex -685.406311 -322.527679 2160.000000
vertex -639.578186 -405.888580 2700.000000
vertex -685.406311 -322.527618 2700.000000
endloop
endfacet
facet normal 0.728967 0.684548 -0.000000
outer loop
vertex 583.662903 482.850037 2160.000000
vertex 518.543396 552.195007 2160.000000
vertex 518.543396 552.195068 2700.000000
endloop
endfacet
facet normal 0.728967 0.684549 0.000000
outer loop
vertex 583.662903 482.850037 2160.000000
vertex 518.543396 552.195068 2700.000000
vertex 583.662903 482.850098 2700.000000
endloop
endfacet
facet normal -0.425780 0.904827 0.000000
outer loop
vertex -278.854370 704.306030 2160.000000
vertex -364.928406 663.802612 2160.000000
vertex -364.928406 663.802673 2700.000000
endloop
endfacet
facet normal -0.425780 0.904827 -0.000000
outer loop
vertex -278.854370 704.306030 2160.000000
vertex -364.928406 663.802673 2700.000000
vertex -278.854370 704.306091 2700.000000
endloop
endfacet
facet normal 0.637425 -0.770512 0.000000
outer loop
vertex 445.247986 -612.829468 2160.000000
vertex 518.544983 -552.192749 2160.000000
vertex 518.544983 -552.192688 2700.000000
endloop
endfacet
facet normal 0.637425 -0.770513 0.000000
outer loop
vertex 445.247986 -612.829468 2160.000000
vertex 518.544983 -552.192688 2700.000000
vertex 445.247986 -612.829407 2700.000000
endloop
endfacet
facet normal -0.809017 -0.587785 0.000000
outer loop
vertex -639.578186 -405.888641 2160.000000
vertex -583.663513 -482.848541 2160.000000
vertex -583.663513 -482.848480 2700.000000
endloop
endfacet
facet normal -0.809017 -0.587785 0.000000
outer loop
vertex -639.578186 -405.888641 2160.000000
vertex -583.663513 -482.848480 2700.000000
vertex -639.578186 -405.888580 2700.000000
endloop
endfacet
facet normal 0.637423 0.770514 0.000000
outer loop
vertex 518.543396 552.195007 2160.000000
vertex 445.246155 612.831543 2160.000000
vertex 445.246155 612.831604 2700.000000
endloop
endfacet
facet normal 0.637422 0.770515 0.000000
outer loop
vertex 518.543396 552.195007 2160.000000
vertex 445.246155 612.831604 2700.000000
vertex 518.543396 552.195068 2700.000000
endloop
endfacet
facet normal -0.535827 0.844328 0.000000
outer loop
vertex -364.928406 663.802612 2160.000000
vertex -445.247314 612.830688 2160.000000
vertex -445.247314 612.830750 2700.000000
endloop
endfacet
facet normal -0.535827 0.844328 -0.000000
outer loop
vertex -364.928406 663.802612 2160.000000
vertex -445.247314 612.830750 2700.000000
vertex -364.928406 663.802673 2700.000000
endloop
endfacet
facet normal 0.728969 -0.684546 0.000000
outer loop
vertex 518.544983 -552.192749 2160.000000
vertex 583.664368 -482.847595 2160.000000
vertex 583.664368 -482.847534 2700.000000
endloop
endfacet
facet normal 0.728969 -0.684547 0.000000
outer loop
vertex 518.544983 -552.192749 2160.000000
vertex 583.664368 -482.847534 2700.000000
vertex 518.544983 -552.192688 2700.000000
endloop
endfacet
facet normal -0.728969 -0.684547 0.000000
outer loop
vertex -583.663513 -482.848541 2160.000000
vertex -518.544128 -552.193604 2160.000000
vertex -518.544128 -552.193542 2700.000000
endloop
endfacet
facet normal -0.728968 -0.684548 0.000000
outer loop
vertex -583.663513 -482.848541 2160.000000
vertex -518.544128 -552.193542 2700.000000
vertex -583.663513 -482.848480 2700.000000
endloop
endfacet
facet normal 0.535825 0.844329 -0.000000
outer loop
vertex 445.246155 612.831543 2160.000000
vertex 364.927155 663.803345 2160.000000
vertex 364.927155 663.803406 2700.000000
endloop
endfacet
facet normal 0.535825 0.844329 0.000000
outer loop
vertex 445.246155 612.831543 2160.000000
vertex 364.927155 663.803406 2700.000000
vertex 445.246155 612.831604 2700.000000
endloop
endfacet
facet normal -0.637423 0.770514 -0.000000
outer loop
vertex -445.247314 612.830688 2160.000000
vertex -518.544434 552.194092 2160.000000
vertex -518.544434 552.194153 2700.000000
endloop
endfacet
facet normal -0.637424 0.770513 0.000000
outer loop
vertex -445.247314 612.830688 2160.000000
vertex -518.544434 552.194153 2700.000000
vertex -445.247314 612.830750 2700.000000
endloop
endfacet
facet normal 0.809018 -0.587784 0.000000
outer loop
vertex 583.664368 -482.847595 2160.000000
vertex 639.578918 -405.887634 2160.000000
vertex 639.578918 -405.887573 2700.000000
endloop
endfacet
facet normal 0.809017 -0.587785 0.000000
outer loop
vertex 583.664368 -482.847595 2160.000000
vertex 639.578918 -405.887573 2700.000000
vertex 583.664368 -482.847534 2700.000000
endloop
endfacet
facet normal -0.637423 -0.770514 0.000000
outer loop
vertex -518.544128 -552.193604 2160.000000
vertex -445.246979 -612.830200 2160.000000
vertex -445.246979 -612.830139 2700.000000
endloop
endfacet
facet normal -0.637424 -0.770514 0.000000
outer loop
vertex -518.544128 -552.193604 2160.000000
vertex -445.246979 -612.830139 2700.000000
vertex -518.544128 -552.193542 2700.000000
endloop
endfacet
facet normal 0.425777 0.904828 0.000000
outer loop
vertex 364.927155 663.803345 2160.000000
vertex 278.852966 704.306519 2160.000000
vertex 278.852966 704.306580 2700.000000
endloop
endfacet
facet normal 0.425777 0.904828 -0.000000
outer loop
vertex 364.927155 663.803345 2160.000000
vertex 278.852966 704.306580 2700.000000
vertex 364.927155 663.803406 2700.000000
endloop
endfacet
facet normal -0.728969 0.684547 -0.000000
outer loop
vertex -518.544434 552.194092 2160.000000
vertex -583.663757 482.849030 2160.000000
vertex -583.663757 482.849091 2700.000000
endloop
endfacet
facet normal -0.728969 0.684547 0.000000
outer loop
vertex -518.544434 552.194092 2160.000000
vertex -583.663757 482.849091 2700.000000
vertex -518.544434 552.194153 2700.000000
endloop
endfacet
facet normal 0.876307 -0.481753 0.000000
outer loop
vertex 639.578918 -405.887634 2160.000000
vertex 685.406921 -322.526581 2160.000000
vertex 685.406921 -322.526520 2700.000000
endloop
endfacet
facet normal 0.876307 -0.481753 0.000000
outer loop
vertex 639.578918 -405.887634 2160.000000
vertex 685.406921 -322.526520 2700.000000
vertex 639.578918 -405.887573 2700.000000
endloop
endfacet
facet normal -0.535826 -0.844329 0.000000
outer loop
vertex -445.246979 -612.830200 2160.000000
vertex -364.927979 -663.802063 2160.000000
vertex -364.927979 -663.802002 2700.000000
endloop
endfacet
facet normal -0.535826 -0.844329 0.000000
outer loop
vertex -445.246979 -612.830200 2160.000000
vertex -364.927979 -663.802002 2700.000000
vertex -445.246979 -612.830139 2700.000000
endloop
endfacet
facet normal 0.309015 0.951057 -0.000000
outer loop
vertex 278.852966 704.306519 2160.000000
vertex 188.381119 733.702393 2160.000000
vertex 188.381119 733.702454 2700.000000
endloop
endfacet
facet normal 0.309015 0.951057 0.000000
outer loop
vertex 278.852966 704.306519 2160.000000
vertex 188.381119 733.702454 2700.000000
vertex 278.852966 704.306580 2700.000000
endloop
endfacet
facet normal -0.809017 0.587785 0.000000
outer loop
vertex -583.663757 482.849030 2160.000000
vertex -639.578369 405.889099 2160.000000
vertex -639.578369 405.889160 2700.000000
endloop
endfacet
facet normal -0.809017 0.587785 -0.000000
outer loop
vertex -583.663757 482.849030 2160.000000
vertex -639.578369 405.889160 2700.000000
vertex -583.663757 482.849091 2700.000000
endloop
endfacet
facet normal 0.929778 -0.368122 0.000000
outer loop
vertex 685.406921 -322.526581 2160.000000
vertex 720.425537 -234.079071 2160.000000
vertex 720.425537 -234.078979 2700.000000
endloop
endfacet
facet normal 0.929777 -0.368123 0.000000
outer loop
vertex 685.406921 -322.526581 2160.000000
vertex 720.425537 -234.078979 2700.000000
vertex 685.406921 -322.526520 2700.000000
endloop
endfacet
facet normal -0.425779 -0.904827 0.000000
outer loop
vertex -364.927979 -663.802063 2160.000000
vertex -278.853882 -704.305420 2160.000000
vertex -278.853882 -704.305359 2700.000000
endloop
endfacet
facet normal -0.425779 -0.904827 0.000000
outer loop
vertex -364.927979 -663.802063 2160.000000
vertex -278.853882 -704.305359 2700.000000
vertex -364.927979 -663.802002 2700.000000
endloop
endfacet
facet normal 0.187381 0.982287 0.000000
outer loop
vertex 188.381119 733.702393 2160.000000
vertex 94.938400 751.527466 2159.999756
vertex 94.938400 751.527527 2699.999756
endloop
endfacet
facet normal 0.187381 0.982287 0.000000
outer loop
vertex 188.381119 733.702393 2160.000000
vertex 94.938400 751.527527 2699.999756
vertex 188.381119 733.702454 2700.000000
endloop
endfacet
facet normal -0.876306 0.481754 0.000000
outer loop
vertex -639.578369 405.889099 2160.000000
vertex -685.406494 322.528107 2160.000000
vertex -685.406494 322.528168 2700.000000
endloop
endfacet
facet normal -0.876307 0.481754 -0.000000
outer loop
vertex -639.578369 405.889099 2160.000000
vertex -685.406494 322.528168 2700.000000
vertex -639.578369 405.889160 2700.000000
endloop
endfacet
facet normal 0.968583 -0.248689 0.000000
outer loop
vertex 720.425537 -234.079071 2160.000000
vertex 744.082764 -141.939972 2160.000000
vertex 744.082764 -141.939880 2700.000000
endloop
endfacet
facet normal 0.968583 -0.248690 0.000000
outer loop
vertex 720.425537 -234.079071 2160.000000
vertex 744.082764 -141.939880 2700.000000
vertex 720.425537 -234.078979 2700.000000
endloop
endfacet
facet normal -0.309017 -0.951057 0.000000
outer loop
vertex -278.853882 -704.305420 2160.000000
vertex -188.382050 -733.701477 2160.000000
vertex -188.382050 -733.701416 2700.000000
endloop
endfacet
facet normal -0.309017 -0.951057 0.000000
outer loop
vertex -278.853882 -704.305420 2160.000000
vertex -188.382050 -733.701416 2700.000000
vertex -278.853882 -704.305359 2700.000000
endloop
endfacet
facet normal 0.062789 0.998027 0.000000
outer loop
vertex 94.938400 751.527466 2159.999756
vertex 0.000000 757.500305 2159.999756
vertex 0.000000 757.500366 2699.999756
endloop
endfacet
facet normal 0.062789 0.998027 0.000000
outer loop
vertex 94.938400 751.527466 2159.999756
vertex 0.000000 757.500366 2699.999756
vertex 94.938400 751.527527 2699.999756
endloop
endfacet
facet normal -0.929777 0.368124 -0.000000
outer loop
vertex -685.406494 322.528107 2160.000000
vertex -720.425293 234.080612 2160.000000
vertex -720.425293 234.080704 2700.000000
endloop
endfacet
facet normal -0.929776 0.368125 -0.000000
outer loop
vertex -685.406494 322.528107 2160.000000
vertex -720.425293 234.080704 2700.000000
vertex -685.406494 322.528168 2700.000000
endloop
endfacet
facet normal 0.992115 -0.125332 0.000000
outer loop
vertex 744.082764 -141.939972 2160.000000
vertex 756.005188 -47.562393 2160.000000
vertex 756.005188 -47.562305 2700.000000
endloop
endfacet
facet normal 0.992115 -0.125330 0.000000
outer loop
vertex 744.082764 -141.939972 2160.000000
vertex 756.005188 -47.562305 2700.000000
vertex 744.082764 -141.939880 2700.000000
endloop
endfacet
facet normal -0.187381 -0.982287 0.000000
outer loop
vertex -188.382050 -733.701477 2160.000000
vertex -94.939354 -751.526550 2160.000244
vertex -94.939354 -751.526489 2700.000244
endloop
endfacet
facet normal -0.187381 -0.982287 0.000000
outer loop
vertex -188.382050 -733.701477 2160.000000
vertex -94.939354 -751.526489 2700.000244
vertex -188.382050 -733.701416 2700.000000
endloop
endfacet
facet normal -0.968583 0.248689 -0.000000
outer loop
vertex -720.425293 234.080612 2160.000000
vertex -744.082520 141.941544 2160.000000
vertex -744.082520 141.941635 2700.000000
endloop
endfacet
facet normal -0.968583 0.248690 -0.000000
outer loop
vertex -720.425293 234.080612 2160.000000
vertex -744.082520 141.941635 2700.000000
vertex -720.425293 234.080704 2700.000000
endloop
endfacet
facet normal 1.000000 0.000000 -0.000000
outer loop
vertex 756.005188 -47.562393 2160.000000
vertex 756.005127 47.565277 2160.000000
vertex 756.005127 47.565365 2700.000000
endloop
endfacet
facet normal 1.000000 0.000001 -0.000000
outer loop
vertex 756.005188 -47.562393 2160.000000
vertex 756.005127 47.565365 2700.000000
vertex 756.005188 -47.562305 2700.000000
endloop
endfacet
facet normal -0.062790 -0.998027 0.000000
outer loop
vertex -94.939354 -751.526550 2160.000244
vertex 0.000608 -757.499573 2160.000244
vertex 0.000608 -757.499512 2700.000244
endloop
endfacet
facet normal -0.062790 -0.998027 0.000000
outer loop
vertex -94.939354 -751.526550 2160.000244
vertex 0.000608 -757.499512 2700.000244
vertex -94.939354 -751.526489 2700.000244
endloop
endfacet
facet normal -0.728969 -0.684547 0.000000
outer loop
vertex -583.663513 -482.848480 2700.000000
vertex -518.544128 -552.193542 2700.000000
vertex -518.544128 -552.193420 3240.000000
endloop
endfacet
facet normal -0.728968 -0.684548 0.000000
outer loop
vertex -583.663513 -482.848480 2700.000000
vertex -518.544128 -552.193420 3240.000000
vertex -583.663513 -482.848389 3240.000000
endloop
endfacet
facet normal 0.535825 0.844329 -0.000000
outer loop
vertex 445.246155 612.831604 2700.000000
vertex 364.927155 663.803406 2700.000000
vertex 364.927155 663.803528 3240.000000
endloop
endfacet
facet normal 0.535826 0.844329 -0.000000
outer loop
vertex 445.246155 612.831604 2700.000000
vertex 364.927155 663.803528 3240.000000
vertex 445.246155 612.831726 3240.000000
endloop
endfacet
facet normal -0.637423 0.770514 -0.000000
outer loop
vertex -445.247314 612.830750 2700.000000
vertex -518.544434 552.194153 2700.000000
vertex -518.544434 552.194275 3240.000000
endloop
endfacet
facet normal -0.637424 0.770513 -0.000000
outer loop
vertex -445.247314 612.830750 2700.000000
vertex -518.544434 552.194275 3240.000000
vertex -445.247314 612.830872 3240.000000
endloop
endfacet
facet normal 0.809018 -0.587784 0.000000
outer loop
vertex 583.664368 -482.847534 2700.000000
vertex 639.578918 -405.887573 2700.000000
vertex 639.578918 -405.887482 3240.000000
endloop
endfacet
facet normal 0.809017 -0.587785 0.000000
outer loop
vertex 583.664368 -482.847534 2700.000000
vertex 639.578918 -405.887482 3240.000000
vertex 583.664368 -482.847443 3240.000000
endloop
endfacet
facet normal -0.637423 -0.770514 0.000000
outer loop
vertex -518.544128 -552.193542 2700.000000
vertex -445.246979 -612.830139 2700.000000
vertex -445.246979 -612.830017 3240.000000
endloop
endfacet
facet normal -0.637424 -0.770514 0.000000
outer loop
vertex -518.544128 -552.193542 2700.000000
vertex -445.246979 -612.830017 3240.000000
vertex -518.544128 -552.193420 3240.000000
endloop
endfacet
facet normal 0.425777 0.904828 -0.000000
outer loop
vertex 364.927155 663.803406 2700.000000
vertex 278.852966 704.306580 2700.000000
vertex 278.852966 704.306702 3240.000000
endloop
endfacet
facet normal 0.425777 0.904828 -0.000000
outer loop
vertex 364.927155 663.803406 2700.000000
vertex 278.852966 704.306702 3240.000000
vertex 364.927155 663.803528 3240.000000
endloop
endfacet
facet normal -0.728969 0.684547 -0.000000
outer loop
vertex -518.544434 552.194153 2700.000000
vertex -583.663757 482.849091 2700.000000
vertex -583.663757 482.849182 3240.000000
endloop
endfacet
facet normal -0.728969 0.684547 -0.000000
outer loop
vertex -518.544434 552.194153 2700.000000
vertex -583.663757 482.849182 3240.000000
vertex -518.544434 552.194275 3240.000000
endloop
endfacet
facet normal 0.876307 -0.481753 0.000000
outer loop
vertex 639.578918 -405.887573 2700.000000
vertex 685.406921 -322.526520 2700.000000
vertex 685.406921 -322.526428 3240.000000
endloop
endfacet
facet normal 0.876307 -0.481753 0.000000
outer loop
vertex 639.578918 -405.887573 2700.000000
vertex 685.406921 -322.526428 3240.000000
vertex 639.578918 -405.887482 3240.000000
endloop
endfacet
facet normal -0.535826 -0.844329 0.000000
outer loop
vertex -445.246979 -612.830139 2700.000000
vertex -364.927979 -663.802002 2700.000000
vertex -364.927979 -663.801880 3240.000000
endloop
endfacet
facet normal -0.535826 -0.844329 0.000000
outer loop
vertex -445.246979 -612.830139 2700.000000
vertex -364.927979 -663.801880 3240.000000
vertex -445.246979 -612.830017 3240.000000
endloop
endfacet
facet normal 0.309015 0.951057 -0.000000
outer loop
vertex 278.852966 704.306580 2700.000000
vertex 188.381119 733.702454 2700.000000
vertex 188.381119 733.702576 3240.000000
endloop
endfacet
facet normal 0.309015 0.951057 -0.000000
outer loop
vertex 278.852966 704.306580 2700.000000
vertex 188.381119 733.702576 3240.000000
vertex 278.852966 704.306702 3240.000000
endloop
endfacet
facet normal -0.809017 0.587785 -0.000000
outer loop
vertex -583.663757 482.849091 2700.000000
vertex -639.578369 405.889160 2700.000000
vertex -639.578369 405.889252 3240.000000
endloop
endfacet
facet normal -0.809017 0.587785 0.000000
outer loop
vertex -583.663757 482.849091 2700.000000
vertex -639.578369 405.889252 3240.000000
vertex -583.663757 482.849182 3240.000000
endloop
endfacet
facet normal 0.929778 -0.368121 0.000000
outer loop
vertex 685.406921 -322.526520 2700.000000
vertex 720.425537 -234.078979 2700.000000
vertex 720.425537 -234.078888 3240.000000
endloop
endfacet
facet normal 0.929777 -0.368122 0.000000
outer loop
vertex 685.406921 -322.526520 2700.000000
vertex 720.425537 -234.078888 3240.000000
vertex 685.406921 -322.526428 3240.000000
endloop
endfacet
facet normal -0.425779 -0.904827 0.000000
outer loop
vertex -364.927979 -663.802002 2700.000000
vertex -278.853882 -704.305359 2700.000000
vertex -278.853882 -704.305237 3240.000000
endloop
endfacet
facet normal -0.425779 -0.904827 0.000000
outer loop
vertex -364.927979 -663.802002 2700.000000
vertex -278.853882 -704.305237 3240.000000
vertex -364.927979 -663.801880 3240.000000
endloop
endfacet
facet normal 0.187380 0.982287 -0.000000
outer loop
vertex 188.381119 733.702454 2700.000000
vertex 94.938400 751.527527 2699.999756
vertex 94.938400 751.527649 3239.999756
endloop
endfacet
facet normal 0.187381 0.982287 -0.000000
outer loop
vertex 188.381119 733.702454 2700.000000
vertex 94.938400 751.527649 3239.999756
vertex 188.381119 733.702576 3240.000000
endloop
endfacet
facet normal -0.876307 0.481754 -0.000000
outer loop
vertex -639.578369 405.889160 2700.000000
vertex -685.406494 322.528168 2700.000000
vertex -685.406494 322.528259 3240.000000
endloop
endfacet
facet normal -0.876307 0.481754 -0.000000
outer loop
vertex -639.578369 405.889160 2700.000000
vertex -685.406494 322.528259 3240.000000
vertex -639.578369 405.889252 3240.000000
endloop
endfacet
facet normal 0.968583 -0.248689 0.000000
outer loop
vertex 720.425537 -234.078979 2700.000000
vertex 744.082764 -141.939880 2700.000000
vertex 744.082764 -141.939789 3240.000000
endloop
endfacet
facet normal 0.968583 -0.248690 0.000000
outer loop
vertex 720.425537 -234.078979 2700.000000
vertex 744.082764 -141.939789 3240.000000
vertex 720.425537 -234.078888 3240.000000
endloop
endfacet
facet normal -0.309017 -0.951057 0.000000
outer loop
vertex -278.853882 -704.305359 2700.000000
vertex -188.382050 -733.701416 2700.000000
vertex -188.382050 -733.701294 3240.000000
endloop
endfacet
facet normal -0.309017 -0.951057 0.000000
outer loop
vertex -278.853882 -704.305359 2700.000000
vertex -188.382050 -733.701294 3240.000000
vertex -278.853882 -704.305237 3240.000000
endloop
endfacet
facet normal 0.062789 0.998027 -0.000001
outer loop
vertex 94.938400 751.527527 2699.999756
vertex 0.000000 757.500366 2699.999756
vertex 0.000000 757.500488 3239.999756
endloop
endfacet
facet normal 0.062789 0.998027 0.000000
outer loop
vertex 94.938400 751.527527 2699.999756
vertex 0.000000 757.500488 3239.999756
vertex 94.938400 751.527649 3239.999756
endloop
endfacet
facet normal -0.929777 0.368124 -0.000000
outer loop
vertex -685.406494 322.528168 2700.000000
vertex -720.425293 234.080704 2700.000000
vertex -720.425293 234.080795 3240.000000
endloop
endfacet
facet normal -0.929776 0.368125 -0.000000
outer loop
vertex -685.406494 322.528168 2700.000000
vertex -720.425293 234.080795 3240.000000
vertex -685.406494 322.528259 3240.000000
endloop
endfacet
facet normal 0.992115 -0.125332 0.000000
outer loop
vertex 744.082764 -141.939880 2700.000000
vertex 756.005188 -47.562305 2700.000000
vertex 756.005188 -47.562218 3240.000000
endloop
endfacet
facet normal 0.992115 -0.125330 0.000000
outer loop
vertex 744.082764 -141.939880 2700.000000
vertex 756.005188 -47.562218 3240.000000
vertex 744.082764 -141.939789 3240.000000
endloop
endfacet
facet normal -0.187381 -0.982287 0.000000
outer loop
vertex -188.382050 -733.701416 2700.000000
vertex -94.939354 -751.526489 2700.000244
vertex -94.939354 -751.526367 3240.000244
endloop
endfacet
facet normal -0.187381 -0.982287 0.000000
outer loop
vertex -188.382050 -733.701416 2700.000000
vertex -94.939354 -751.526367 3240.000244
vertex -188.382050 -733.701294 3240.000000
endloop
endfacet
facet normal -0.968583 0.248689 -0.000000
outer loop
vertex -720.425293 234.080704 2700.000000
vertex -744.082520 141.941635 2700.000000
vertex -744.082520 141.941727 3240.000000
endloop
endfacet
facet normal -0.968583 0.248690 -0.000000
outer loop
vertex -720.425293 234.080704 2700.000000
vertex -744.082520 141.941727 3240.000000
vertex -720.425293 234.080795 3240.000000
endloop
endfacet
facet normal 1.000000 0.000000 -0.000000
outer loop
vertex 756.005188 -47.562305 2700.000000
vertex 756.005127 47.565365 2700.000000
vertex 756.005127 47.565453 3240.000000
endloop
endfacet
facet normal 1.000000 0.000001 -0.000000
outer loop
vertex 756.005188 -47.562305 2700.000000
vertex 756.005127 47.565453 3240.000000
vertex 756.005188 -47.562218 3240.000000
endloop
endfacet
facet normal -0.062790 -0.998027 0.000000
outer loop
vertex -94.939354 -751.526489 2700.000244
vertex 0.000608 -757.499512 2700.000244
vertex 0.000608 -757.499390 3240.000244
endloop
endfacet
facet normal -0.062789 -0.998027 0.000000
outer loop
vertex -94.939354 -751.526489 2700.000244
vertex 0.000608 -757.499390 3240.000244
vertex -94.939354 -751.526367 3240.000244
endloop
endfacet
facet normal -0.992114 0.125335 -0.000000
outer loop
vertex -744.082520 141.941635 2700.000000
vertex -756.005188 47.564064 2700.000000
vertex -756.005188 47.564152 3240.000000
endloop
endfacet
facet normal -0.992115 0.125332 -0.000000
outer loop
vertex -744.082520 141.941635 2700.000000
vertex -756.005188 47.564152 3240.000000
vertex -744.082520 141.941727 3240.000000
endloop
endfacet
facet normal 0.992115 0.125334 -0.000000
outer loop
vertex 756.005127 47.565365 2700.000000
vertex 744.082336 141.942902 2700.000000
vertex 744.082336 141.942993 3240.000000
endloop
endfacet
facet normal 0.992114 0.125336 -0.000000
outer loop
vertex 756.005127 47.565365 2700.000000
vertex 744.082336 141.942993 3240.000000
vertex 756.005127 47.565453 3240.000000
endloop
endfacet
facet normal 0.062791 -0.998027 0.000000
outer loop
vertex 0.000608 -757.499512 2700.000244
vertex 94.940559 -751.526367 2700.000244
vertex 94.940559 -751.526245 3240.000244
endloop
endfacet
facet normal 0.062791 -0.998027 0.000000
outer loop
vertex 0.000608 -757.499512 2700.000244
vertex 94.940559 -751.526245 3240.000244
vertex 0.000608 -757.499390 3240.000244
endloop
endfacet
facet normal -1.000000 0.000000 0.000000
outer loop
vertex -756.005188 47.564064 2700.000000
vertex -756.005188 -47.563606 2700.000000
vertex -756.005188 -47.563519 3240.000000
endloop
endfacet
facet normal -1.000000 0.000000 0.000000
outer loop
vertex -756.005188 47.564064 2700.000000
vertex -756.005188 -47.563519 3240.000000
vertex -756.005188 47.564152 3240.000000
endloop
endfacet
facet normal 0.968583 0.248691 -0.000000
outer loop
vertex 744.082336 141.942902 2700.000000
vertex 720.424866 234.081940 2700.000000
vertex 720.424866 234.082031 3240.000000
endloop
endfacet
facet normal 0.968583 0.248692 -0.000000
outer loop
vertex 744.082336 141.942902 2700.000000
vertex 720.424866 234.082031 3240.000000
vertex 744.082336 141.942993 3240.000000
endloop
endfacet
facet normal 0.187382 -0.982287 0.000001
outer loop
vertex 94.940559 -751.526367 2700.000244
vertex 188.383255 -733.701111 2700.000000
vertex 188.383255 -733.700989 3240.000000
endloop
endfacet
facet normal 0.187382 -0.982287 0.000000
outer loop
vertex 94.940559 -751.526367 2700.000244
vertex 188.383255 -733.700989 3240.000000
vertex 94.940559 -751.526245 3240.000244
endloop
endfacet
facet normal -0.992115 -0.125334 0.000000
outer loop
vertex -756.005188 -47.563606 2700.000000
vertex -744.082458 -141.941162 2700.000000
vertex -744.082458 -141.941071 3240.000000
endloop
endfacet
facet normal -0.992114 -0.125335 0.000000
outer loop
vertex -756.005188 -47.563606 2700.000000
vertex -744.082458 -141.941071 3240.000000
vertex -756.005188 -47.563519 3240.000000
endloop
endfacet
facet normal 0.929776 0.368126 -0.000000
outer loop
vertex 720.424866 234.081940 2700.000000
vertex 685.405884 322.529327 2700.000000
vertex 685.405884 322.529419 3240.000000
endloop
endfacet
facet normal 0.929776 0.368126 -0.000000
outer loop
vertex 720.424866 234.081940 2700.000000
vertex 685.405884 322.529419 3240.000000
vertex 720.424866 234.082031 3240.000000
endloop
endfacet
facet normal -0.062790 0.998027 -0.000001
outer loop
vertex 0.000000 757.500366 2699.999756
vertex -94.939919 751.527283 2699.999756
vertex -94.939919 751.527405 3239.999756
endloop
endfacet
facet normal -0.062790 0.998027 0.000000
outer loop
vertex 0.000000 757.500366 2699.999756
vertex -94.939919 751.527405 3239.999756
vertex 0.000000 757.500488 3239.999756
endloop
endfacet
facet normal 0.309018 -0.951056 0.000000
outer loop
vertex 188.383255 -733.701111 2700.000000
vertex 278.855011 -704.304932 2700.000000
vertex 278.855011 -704.304810 3240.000000
endloop
endfacet
facet normal 0.309018 -0.951056 0.000000
outer loop
vertex 188.383255 -733.701111 2700.000000
vertex 278.855011 -704.304810 3240.000000
vertex 188.383255 -733.700989 3240.000000
endloop
endfacet
facet normal -0.968584 -0.248689 0.000000
outer loop
vertex -744.082458 -141.941162 2700.000000
vertex -720.425171 -234.080215 2700.000000
vertex -720.425171 -234.080124 3240.000000
endloop
endfacet
facet normal -0.968583 -0.248691 0.000000
outer loop
vertex -744.082458 -141.941162 2700.000000
vertex -720.425171 -234.080124 3240.000000
vertex -744.082458 -141.941071 3240.000000
endloop
endfacet
facet normal 0.876306 0.481755 -0.000000
outer loop
vertex 685.405884 322.529327 2700.000000
vertex 639.577698 405.890289 2700.000000
vertex 639.577698 405.890381 3240.000000
endloop
endfacet
facet normal 0.876307 0.481754 -0.000000
outer loop
vertex 685.405884 322.529327 2700.000000
vertex 639.577698 405.890381 3240.000000
vertex 685.405884 322.529419 3240.000000
endloop
endfacet
facet normal -0.187382 0.982287 0.000000
outer loop
vertex -94.939919 751.527283 2699.999756
vertex -188.382584 733.702087 2700.000000
vertex -188.382584 733.702209 3240.000000
endloop
endfacet
facet normal -0.187382 0.982287 -0.000000
outer loop
vertex -94.939919 751.527283 2699.999756
vertex -188.382584 733.702209 3240.000000
vertex -94.939919 751.527405 3239.999756
endloop
endfacet
facet normal 0.425780 -0.904827 0.000000
outer loop
vertex 278.855011 -704.304932 2700.000000
vertex 364.929047 -663.801453 2700.000000
vertex 364.929047 -663.801331 3240.000000
endloop
endfacet
facet normal 0.425780 -0.904827 0.000000
outer loop
vertex 278.855011 -704.304932 2700.000000
vertex 364.929047 -663.801331 3240.000000
vertex 278.855011 -704.304810 3240.000000
endloop
endfacet
facet normal -0.929776 -0.368126 0.000000
outer loop
vertex -720.425171 -234.080215 2700.000000
vertex -685.406311 -322.527618 2700.000000
vertex -685.406311 -322.527527 3240.000000
endloop
endfacet
facet normal -0.929777 -0.368124 0.000000
outer loop
vertex -720.425171 -234.080215 2700.000000
vertex -685.406311 -322.527527 3240.000000
vertex -720.425171 -234.080124 3240.000000
endloop
endfacet
facet normal 0.809016 0.587787 -0.000000
outer loop
vertex 639.577698 405.890289 2700.000000
vertex 583.662903 482.850098 2700.000000
vertex 583.662903 482.850189 3240.000000
endloop
endfacet
facet normal 0.809016 0.587787 -0.000000
outer loop
vertex 639.577698 405.890289 2700.000000
vertex 583.662903 482.850189 3240.000000
vertex 639.577698 405.890381 3240.000000
endloop
endfacet
facet normal -0.309016 0.951057 -0.000000
outer loop
vertex -188.382584 733.702087 2700.000000
vertex -278.854370 704.306091 2700.000000
vertex -278.854370 704.306213 3240.000000
endloop
endfacet
facet normal -0.309017 0.951057 -0.000000
outer loop
vertex -188.382584 733.702087 2700.000000
vertex -278.854370 704.306213 3240.000000
vertex -188.382584 733.702209 3240.000000
endloop
endfacet
facet normal 0.535828 -0.844328 0.000000
outer loop
vertex 364.929047 -663.801453 2700.000000
vertex 445.247986 -612.829407 2700.000000
vertex 445.247986 -612.829285 3240.000000
endloop
endfacet
facet normal 0.535827 -0.844328 0.000000
outer loop
vertex 364.929047 -663.801453 2700.000000
vertex 445.247986 -612.829285 3240.000000
vertex 364.929047 -663.801331 3240.000000
endloop
endfacet
facet normal -0.876306 -0.481754 0.000000
outer loop
vertex -685.406311 -322.527618 2700.000000
vertex -639.578186 -405.888580 2700.000000
vertex -639.578186 -405.888489 3240.000000
endloop
endfacet
facet normal -0.876307 -0.481754 0.000000
outer loop
vertex -685.406311 -322.527618 2700.000000
vertex -639.578186 -405.888489 3240.000000
vertex -685.406311 -322.527527 3240.000000
endloop
endfacet
facet normal 0.728968 0.684548 -0.000000
outer loop
vertex 583.662903 482.850098 2700.000000
vertex 518.543396 552.195068 2700.000000
vertex 518.543396 552.195190 3240.000000
endloop
endfacet
facet normal 0.728967 0.684549 -0.000000
outer loop
vertex 583.662903 482.850098 2700.000000
vertex 518.543396 552.195190 3240.000000
vertex 583.662903 482.850189 3240.000000
endloop
endfacet
facet normal -0.425780 0.904827 -0.000000
outer loop
vertex -278.854370 704.306091 2700.000000
vertex -364.928406 663.802673 2700.000000
vertex -364.928406 663.802795 3240.000000
endloop
endfacet
facet normal -0.425780 0.904827 -0.000000
outer loop
vertex -278.854370 704.306091 2700.000000
vertex -364.928406 663.802795 3240.000000
vertex -278.854370 704.306213 3240.000000
endloop
endfacet
facet normal 0.637425 -0.770512 0.000000
outer loop
vertex 445.247986 -612.829407 2700.000000
vertex 518.544983 -552.192688 2700.000000
vertex 518.544983 -552.192566 3240.000000
endloop
endfacet
facet normal 0.637425 -0.770513 0.000000
outer loop
vertex 445.247986 -612.829407 2700.000000
vertex 518.544983 -552.192566 3240.000000
vertex 445.247986 -612.829285 3240.000000
endloop
endfacet
facet normal -0.809017 -0.587785 0.000000
outer loop
vertex -639.578186 -405.888580 2700.000000
vertex -583.663513 -482.848480 2700.000000
vertex -583.663513 -482.848389 3240.000000
endloop
endfacet
facet normal -0.809017 -0.587785 0.000000
outer loop
vertex -639.578186 -405.888580 2700.000000
vertex -583.663513 -482.848389 3240.000000
vertex -639.578186 -405.888489 3240.000000
endloop
endfacet
facet normal 0.637423 0.770514 -0.000000
outer loop
vertex 518.543396 552.195068 2700.000000
vertex 445.246155 612.831604 2700.000000
vertex 445.246155 612.831726 3240.000000
endloop
endfacet
facet normal 0.637422 0.770515 0.000000
outer loop
vertex 518.543396 552.195068 2700.000000
vertex 445.246155 612.831726 3240.000000
vertex 518.543396 552.195190 3240.000000
endloop
endfacet
facet normal -0.535827 0.844328 -0.000000
outer loop
vertex -364.928406 663.802673 2700.000000
vertex -445.247314 612.830750 2700.000000
vertex -445.247314 612.830872 3240.000000
endloop
endfacet
facet normal -0.535827 0.844328 -0.000000
outer loop
vertex -364.928406 663.802673 2700.000000
vertex -445.247314 612.830872 3240.000000
vertex -364.928406 663.802795 3240.000000
endloop
endfacet
facet normal 0.728969 -0.684547 0.000000
outer loop
vertex 518.544983 -552.192688 2700.000000
vertex 583.664368 -482.847534 2700.000000
vertex 583.664368 -482.847443 3240.000000
endloop
endfacet
facet normal 0.728969 -0.684547 0.000000
outer loop
vertex 518.544983 -552.192688 2700.000000
vertex 583.664368 -482.847443 3240.000000
vertex 518.544983 -552.192566 3240.000000
endloop
endfacet
facet normal -1.000000 0.000000 0.000000
outer loop
vertex -756.005188 47.564152 3240.000000
vertex -756.005188 -47.563519 3240.000000
vertex -756.005188 -47.563431 3780.000000
endloop
endfacet
facet normal -1.000000 0.000000 0.000000
outer loop
vertex -756.005188 47.564152 3240.000000
vertex -756.005188 -47.563431 3780.000000
vertex -756.005188 47.564240 3780.000000
endloop
endfacet
facet normal 0.968583 0.248691 -0.000000
outer loop
vertex 744.082336 141.942993 3240.000000
vertex 720.424866 234.082031 3240.000000
vertex 720.424866 234.082108 3780.000000
endloop
endfacet
facet normal 0.968583 0.248692 -0.000000
outer loop
vertex 744.082336 141.942993 3240.000000
vertex 720.424866 234.082108 3780.000000
vertex 744.082336 141.943069 3780.000000
endloop
endfacet
facet normal 0.187382 -0.982287 0.000000
outer loop
vertex 94.940559 -751.526245 3240.000244
vertex 188.383255 -733.700989 3240.000000
vertex 188.383255 -733.700928 3780.000000
endloop
endfacet
facet normal 0.187382 -0.982287 0.000000
outer loop
vertex 94.940559 -751.526245 3240.000244
vertex 188.383255 -733.700928 3780.000000
vertex 94.940559 -751.526184 3780.000244
endloop
endfacet
facet normal -0.992115 -0.125333 0.000000
outer loop
vertex -756.005188 -47.563519 3240.000000
vertex -744.082458 -141.941071 3240.000000
vertex -744.082458 -141.940994 3780.000000
endloop
endfacet
facet normal -0.992114 -0.125335 0.000000
outer loop
vertex -756.005188 -47.563519 3240.000000
vertex -744.082458 -141.940994 3780.000000
vertex -756.005188 -47.563431 3780.000000
endloop
endfacet
facet normal 0.929776 0.368126 -0.000000
outer loop
vertex 720.424866 234.082031 3240.000000
vertex 685.405884 322.529419 3240.000000
vertex 685.405884 322.529510 3780.000000
endloop
endfacet
facet normal 0.929776 0.368126 -0.000000
outer loop
vertex 720.424866 234.082031 3240.000000
vertex 685.405884 322.529510 3780.000000
vertex 720.424866 234.082108 3780.000000
endloop
endfacet
facet normal -0.062790 0.998027 0.000000
outer loop
vertex 0.000000 757.500488 3239.999756
vertex -94.939919 751.527405 3239.999756
vertex -94.939919 751.527466 3779.999756
endloop
endfacet
facet normal -0.062790 0.998027 -0.000000
outer loop
vertex 0.000000 757.500488 3239.999756
vertex -94.939919 751.527466 3779.999756
vertex 0.000000 757.500549 3779.999756
endloop
endfacet
facet normal 0.309018 -0.951056 0.000000
outer loop
vertex 188.383255 -733.700989 3240.000000
vertex 278.855011 -704.304810 3240.000000
vertex 278.855011 -704.304749 3780.000000
endloop
endfacet
facet normal 0.309018 -0.951056 0.000000
outer loop
vertex 188.383255 -733.700989 3240.000000
vertex 278.855011 -704.304749 3780.000000
vertex 188.383255 -733.700928 3780.000000
endloop
endfacet
facet normal -0.968584 -0.248689 0.000000
outer loop
vertex -744.082458 -141.941071 3240.000000
vertex -720.425171 -234.080124 3240.000000
vertex -720.425171 -234.080048 3780.000000
endloop
endfacet
facet normal -0.968583 -0.248691 0.000000
outer loop
vertex -744.082458 -141.941071 3240.000000
vertex -720.425171 -234.080048 3780.000000
vertex -744.082458 -141.940994 3780.000000
endloop
endfacet
facet normal 0.876306 0.481755 -0.000000
outer loop
vertex 685.405884 322.529419 3240.000000
vertex 639.577698 405.890381 3240.000000
vertex 639.577698 405.890472 3780.000000
endloop
endfacet
facet normal 0.876306 0.481754 -0.000000
outer loop
vertex 685.405884 322.529419 3240.000000
vertex 639.577698 405.890472 3780.000000
vertex 685.405884 322.529510 3780.000000
endloop
endfacet
facet normal -0.187382 0.982287 -0.000000
outer loop
vertex -94.939919 751.527405 3239.999756
vertex -188.382584 733.702209 3240.000000
vertex -188.382584 733.702271 3780.000000
endloop
endfacet
facet normal -0.187382 0.982287 0.000000
outer loop
vertex -94.939919 751.527405 3239.999756
vertex -188.382584 733.702271 3780.000000
vertex -94.939919 751.527466 3779.999756
endloop
endfacet
facet normal 0.425780 -0.904827 0.000000
outer loop
vertex 278.855011 -704.304810 3240.000000
vertex 364.929047 -663.801331 3240.000000
vertex 364.929047 -663.801270 3780.000000
endloop
endfacet
facet normal 0.425781 -0.904826 0.000000
outer loop
vertex 278.855011 -704.304810 3240.000000
vertex 364.929047 -663.801270 3780.000000
vertex 278.855011 -704.304749 3780.000000
endloop
endfacet
facet normal -0.929776 -0.368126 0.000000
outer loop
vertex -720.425171 -234.080124 3240.000000
vertex -685.406311 -322.527527 3240.000000
vertex -685.406311 -322.527435 3780.000000
endloop
endfacet
facet normal -0.929777 -0.368124 0.000000
outer loop
vertex -720.425171 -234.080124 3240.000000
vertex -685.406311 -322.527435 3780.000000
vertex -720.425171 -234.080048 3780.000000
endloop
endfacet
facet normal 0.809016 0.587787 0.000000
outer loop
vertex 639.577698 405.890381 3240.000000
vertex 583.662903 482.850189 3240.000000
vertex 583.662903 482.850281 3780.000000
endloop
endfacet
facet normal 0.809015 0.587787 -0.000000
outer loop
vertex 639.577698 405.890381 3240.000000
vertex 583.662903 482.850281 3780.000000
vertex 639.577698 405.890472 3780.000000
endloop
endfacet
facet normal -0.309016 0.951057 -0.000000
outer loop
vertex -188.382584 733.702209 3240.000000
vertex -278.854370 704.306213 3240.000000
vertex -278.854370 704.306274 3780.000000
endloop
endfacet
facet normal -0.309016 0.951057 0.000000
outer loop
vertex -188.382584 733.702209 3240.000000
vertex -278.854370 704.306274 3780.000000
vertex -188.382584 733.702271 3780.000000
endloop
endfacet
facet normal 0.535828 -0.844327 0.000000
outer loop
vertex 364.929047 -663.801331 3240.000000
vertex 445.247986 -612.829285 3240.000000
vertex 445.247986 -612.829224 3780.000000
endloop
endfacet
facet normal 0.535828 -0.844327 0.000000
outer loop
vertex 364.929047 -663.801331 3240.000000
vertex 445.247986 -612.829224 3780.000000
vertex 364.929047 -663.801270 3780.000000
endloop
endfacet
facet normal -0.876306 -0.481754 0.000000
outer loop
vertex -685.406311 -322.527527 3240.000000
vertex -639.578186 -405.888489 3240.000000
vertex -639.578186 -405.888397 3780.000000
endloop
endfacet
facet normal -0.876307 -0.481754 0.000000
outer loop
vertex -685.406311 -322.527527 3240.000000
vertex -639.578186 -405.888397 3780.000000
vertex -685.406311 -322.527435 3780.000000
endloop
endfacet
facet normal 0.728968 0.684548 0.000000
outer loop
vertex 583.662903 482.850189 3240.000000
vertex 518.543396 552.195190 3240.000000
vertex 518.543396 552.195251 3780.000000
endloop
endfacet
facet normal 0.728967 0.684549 -0.000000
outer loop
vertex 583.662903 482.850189 3240.000000
vertex 518.543396 552.195251 3780.000000
vertex 583.662903 482.850281 3780.000000
endloop
endfacet
facet normal -0.425779 0.904827 -0.000000
outer loop
vertex -278.854370 704.306213 3240.000000
vertex -364.928406 663.802795 3240.000000
vertex -364.928406 663.802856 3780.000000
endloop
endfacet
facet normal -0.425780 0.904827 0.000000
outer loop
vertex -278.854370 704.306213 3240.000000
vertex -364.928406 663.802856 3780.000000
vertex -278.854370 704.306274 3780.000000
endloop
endfacet
facet normal 0.637425 -0.770512 0.000000
outer loop
vertex 445.247986 -612.829285 3240.000000
vertex 518.544983 -552.192566 3240.000000
vertex 518.544983 -552.192505 3780.000000
endloop
endfacet
facet normal 0.637425 -0.770512 0.000000
outer loop
vertex 445.247986 -612.829285 3240.000000
vertex 518.544983 -552.192505 3780.000000
vertex 445.247986 -612.829224 3780.000000
endloop
endfacet
facet normal -0.809017 -0.587785 0.000000
outer loop
vertex -639.578186 -405.888489 3240.000000
vertex -583.663513 -482.848389 3240.000000
vertex -583.663513 -482.848297 3780.000000
endloop
endfacet
facet normal -0.809017 -0.587786 0.000000
outer loop
vertex -639.578186 -405.888489 3240.000000
vertex -583.663513 -482.848297 3780.000000
vertex -639.578186 -405.888397 3780.000000
endloop
endfacet
facet normal 0.637423 0.770514 -0.000000
outer loop
vertex 518.543396 552.195190 3240.000000
vertex 445.246155 612.831726 3240.000000
vertex 445.246155 612.831787 3780.000000
endloop
endfacet
facet normal 0.637423 0.770514 -0.000000
outer loop
vertex 518.543396 552.195190 3240.000000
vertex 445.246155 612.831787 3780.000000
vertex 518.543396 552.195251 3780.000000
endloop
endfacet
facet normal -0.535827 0.844328 -0.000000
outer loop
vertex -364.928406 663.802795 3240.000000
vertex -445.247314 612.830872 3240.000000
vertex -445.247314 612.830933 3780.000000
endloop
endfacet
facet normal -0.535827 0.844328 0.000000
outer loop
vertex -364.928406 663.802795 3240.000000
vertex -445.247314 612.830933 3780.000000
vertex -364.928406 663.802856 3780.000000
endloop
endfacet
facet normal 0.728969 -0.684547 0.000000
outer loop
vertex 518.544983 -552.192566 3240.000000
vertex 583.664368 -482.847443 3240.000000
vertex 583.664368 -482.847351 3780.000000
endloop
endfacet
facet normal 0.728969 -0.684547 0.000000
outer loop
vertex 518.544983 -552.192566 3240.000000
vertex 583.664368 -482.847351 3780.000000
vertex 518.544983 -552.192505 3780.000000
endloop
endfacet
facet normal -0.728969 -0.684547 0.000000
outer loop
vertex -583.663513 -482.848389 3240.000000
vertex -518.544128 -552.193420 3240.000000
vertex -518.544128 -552.193359 3780.000000
endloop
endfacet
facet normal -0.728968 -0.684548 0.000000
outer loop
vertex -583.663513 -482.848389 3240.000000
vertex -518.544128 -552.193359 3780.000000
vertex -583.663513 -482.848297 3780.000000
endloop
endfacet
facet normal 0.535825 0.844329 0.000000
outer loop
vertex 445.246155 612.831726 3240.000000
vertex 364.927155 663.803528 3240.000000
vertex 364.927155 663.803589 3780.000000
endloop
endfacet
facet normal 0.535826 0.844329 -0.000000
outer loop
vertex 445.246155 612.831726 3240.000000
vertex 364.927155 663.803589 3780.000000
vertex 445.246155 612.831787 3780.000000
endloop
endfacet
facet normal -0.637423 0.770514 0.000000
outer loop
vertex -445.247314 612.830872 3240.000000
vertex -518.544434 552.194275 3240.000000
vertex -518.544434 552.194336 3780.000000
endloop
endfacet
facet normal -0.637424 0.770514 -0.000000
outer loop
vertex -445.247314 612.830872 3240.000000
vertex -518.544434 552.194336 3780.000000
vertex -445.247314 612.830933 3780.000000
endloop
endfacet
facet normal 0.809017 -0.587785 0.000000
outer loop
vertex 583.664368 -482.847443 3240.000000
vertex 639.578918 -405.887482 3240.000000
vertex 639.578918 -405.887390 3780.000000
endloop
endfacet
facet normal 0.809017 -0.587785 0.000000
outer loop
vertex 583.664368 -482.847443 3240.000000
vertex 639.578918 -405.887390 3780.000000
vertex 583.664368 -482.847351 3780.000000
endloop
endfacet
facet normal -0.637423 -0.770514 0.000000
outer loop
vertex -518.544128 -552.193420 3240.000000
vertex -445.246979 -612.830017 3240.000000
vertex -445.246979 -612.829956 3780.000000
endloop
endfacet
facet normal -0.637423 -0.770514 0.000000
outer loop
vertex -518.544128 -552.193420 3240.000000
vertex -445.246979 -612.829956 3780.000000
vertex -518.544128 -552.193359 3780.000000
endloop
endfacet
facet normal 0.425777 0.904828 -0.000000
outer loop
vertex 364.927155 663.803528 3240.000000
vertex 278.852966 704.306702 3240.000000
vertex 278.852966 704.306763 3780.000000
endloop
endfacet
facet normal 0.425777 0.904828 0.000000
outer loop
vertex 364.927155 663.803528 3240.000000
vertex 278.852966 704.306763 3780.000000
vertex 364.927155 663.803589 3780.000000
endloop
endfacet
facet normal -0.728969 0.684547 -0.000000
outer loop
vertex -518.544434 552.194275 3240.000000
vertex -583.663757 482.849182 3240.000000
vertex -583.663757 482.849274 3780.000000
endloop
endfacet
facet normal -0.728969 0.684547 0.000000
outer loop
vertex -518.544434 552.194275 3240.000000
vertex -583.663757 482.849274 3780.000000
vertex -518.544434 552.194336 3780.000000
endloop
endfacet
facet normal 0.876307 -0.481753 0.000000
outer loop
vertex 639.578918 -405.887482 3240.000000
vertex 685.406921 -322.526428 3240.000000
vertex 685.406921 -322.526337 3780.000000
endloop
endfacet
facet normal 0.876307 -0.481753 0.000000
outer loop
vertex 639.578918 -405.887482 3240.000000
vertex 685.406921 -322.526337 3780.000000
vertex 639.578918 -405.887390 3780.000000
endloop
endfacet
facet normal -0.535826 -0.844328 0.000000
outer loop
vertex -445.246979 -612.830017 3240.000000
vertex -364.927979 -663.801880 3240.000000
vertex -364.927979 -663.801819 3780.000000
endloop
endfacet
facet normal -0.535825 -0.844329 0.000000
outer loop
vertex -445.246979 -612.830017 3240.000000
vertex -364.927979 -663.801819 3780.000000
vertex -445.246979 -612.829956 3780.000000
endloop
endfacet
facet normal 0.309015 0.951057 0.000000
outer loop
vertex 278.852966 704.306702 3240.000000
vertex 188.381119 733.702576 3240.000000
vertex 188.381119 733.702637 3780.000000
endloop
endfacet
facet normal 0.309015 0.951057 -0.000000
outer loop
vertex 278.852966 704.306702 3240.000000
vertex 188.381119 733.702637 3780.000000
vertex 278.852966 704.306763 3780.000000
endloop
endfacet
facet normal -0.809017 0.587785 -0.000000
outer loop
vertex -583.663757 482.849182 3240.000000
vertex -639.578369 405.889252 3240.000000
vertex -639.578369 405.889343 3780.000000
endloop
endfacet
facet normal -0.809017 0.587785 -0.000000
outer loop
vertex -583.663757 482.849182 3240.000000
vertex -639.578369 405.889343 3780.000000
vertex -583.663757 482.849274 3780.000000
endloop
endfacet
facet normal 0.929778 -0.368122 0.000000
outer loop
vertex 685.406921 -322.526428 3240.000000
vertex 720.425537 -234.078888 3240.000000
vertex 720.425537 -234.078812 3780.000000
endloop
endfacet
facet normal 0.929777 -0.368122 0.000000
outer loop
vertex 685.406921 -322.526428 3240.000000
vertex 720.425537 -234.078812 3780.000000
vertex 685.406921 -322.526337 3780.000000
endloop
endfacet
facet normal -0.425779 -0.904827 0.000000
outer loop
vertex -364.927979 -663.801880 3240.000000
vertex -278.853882 -704.305237 3240.000000
vertex -278.853882 -704.305176 3780.000000
endloop
endfacet
facet normal -0.425779 -0.904827 0.000000
outer loop
vertex -364.927979 -663.801880 3240.000000
vertex -278.853882 -704.305176 3780.000000
vertex -364.927979 -663.801819 3780.000000
endloop
endfacet
facet normal 0.187381 0.982287 0.000000
outer loop
vertex 188.381119 733.702576 3240.000000
vertex 94.938400 751.527649 3239.999756
vertex 94.938400 751.527710 3779.999756
endloop
endfacet
facet normal 0.187380 0.982287 -0.000000
outer loop
vertex 188.381119 733.702576 3240.000000
vertex 94.938400 751.527710 3779.999756
vertex 188.381119 733.702637 3780.000000
endloop
endfacet
facet normal -0.876306 0.481754 -0.000000
outer loop
vertex -639.578369 405.889252 3240.000000
vertex -685.406494 322.528259 3240.000000
vertex -685.406494 322.528351 3780.000000
endloop
endfacet
facet normal -0.876307 0.481753 -0.000000
outer loop
vertex -639.578369 405.889252 3240.000000
vertex -685.406494 322.528351 3780.000000
vertex -639.578369 405.889343 3780.000000
endloop
endfacet
facet normal 0.968583 -0.248689 0.000000
outer loop
vertex 720.425537 -234.078888 3240.000000
vertex 744.082764 -141.939789 3240.000000
vertex 744.082764 -141.939713 3780.000000
endloop
endfacet
facet normal 0.968583 -0.248690 0.000000
outer loop
vertex 720.425537 -234.078888 3240.000000
vertex 744.082764 -141.939713 3780.000000
vertex 720.425537 -234.078812 3780.000000
endloop
endfacet
facet normal -0.309017 -0.951057 0.000000
outer loop
vertex -278.853882 -704.305237 3240.000000
vertex -188.382050 -733.701294 3240.000000
vertex -188.382050 -733.701233 3780.000000
endloop
endfacet
facet normal -0.309017 -0.951057 0.000000
outer loop
vertex -278.853882 -704.305237 3240.000000
vertex -188.382050 -733.701233 3780.000000
vertex -278.853882 -704.305176 3780.000000
endloop
endfacet
facet normal 0.062789 0.998027 0.000000
outer loop
vertex 94.938400 751.527649 3239.999756
vertex 0.000000 757.500488 3239.999756
vertex 0.000000 757.500549 3779.999756
endloop
endfacet
facet normal 0.062789 0.998027 -0.000000
outer loop
vertex 94.938400 751.527649 3239.999756
vertex 0.000000 757.500549 3779.999756
vertex 94.938400 751.527710 3779.999756
endloop
endfacet
facet normal -0.929777 0.368124 -0.000000
outer loop
vertex -685.406494 322.528259 3240.000000
vertex -720.425293 234.080795 3240.000000
vertex -720.425293 234.080872 3780.000000
endloop
endfacet
facet normal -0.929776 0.368125 -0.000000
outer loop
vertex -685.406494 322.528259 3240.000000
vertex -720.425293 234.080872 3780.000000
vertex -685.406494 322.528351 3780.000000
endloop
endfacet
facet normal 0.992115 -0.125332 0.000000
outer loop
vertex 744.082764 -141.939789 3240.000000
vertex 756.005188 -47.562218 3240.000000
vertex 756.005188 -47.562130 3780.000000
endloop
endfacet
facet normal 0.992115 -0.125330 0.000000
outer loop
vertex 744.082764 -141.939789 3240.000000
vertex 756.005188 -47.562130 3780.000000
vertex 744.082764 -141.939713 3780.000000
endloop
endfacet
facet normal -0.187381 -0.982287 0.000000
outer loop
vertex -188.382050 -733.701294 3240.000000
vertex -94.939354 -751.526367 3240.000244
vertex -94.939354 -751.526306 3780.000244
endloop
endfacet
facet normal -0.187380 -0.982287 0.000000
outer loop
vertex -188.382050 -733.701294 3240.000000
vertex -94.939354 -751.526306 3780.000244
vertex -188.382050 -733.701233 3780.000000
endloop
endfacet
facet normal -0.968584 0.248689 -0.000000
outer loop
vertex -720.425293 234.080795 3240.000000
vertex -744.082520 141.941727 3240.000000
vertex -744.082520 141.941803 3780.000000
endloop
endfacet
facet normal -0.968583 0.248690 -0.000000
outer loop
vertex -720.425293 234.080795 3240.000000
vertex -744.082520 141.941803 3780.000000
vertex -720.425293 234.080872 3780.000000
endloop
endfacet
facet normal 1.000000 0.000000 -0.000000
outer loop
vertex 756.005188 -47.562218 3240.000000
vertex 756.005127 47.565453 3240.000000
vertex 756.005127 47.565540 3780.000000
endloop
endfacet
facet normal 1.000000 0.000001 -0.000000
outer loop
vertex 756.005188 -47.562218 3240.000000
vertex 756.005127 47.565540 3780.000000
vertex 756.005188 -47.562130 3780.000000
endloop
endfacet
facet normal -0.062790 -0.998027 0.000000
outer loop
vertex -94.939354 -751.526367 3240.000244
vertex 0.000608 -757.499390 3240.000244
vertex 0.000608 -757.499329 3780.000244
endloop
endfacet
facet normal -0.062789 -0.998027 0.000000
outer loop
vertex -94.939354 -751.526367 3240.000244
vertex 0.000608 -757.499329 3780.000244
vertex -94.939354 -751.526306 3780.000244
endloop
endfacet
facet normal -0.992114 0.125335 -0.000000
outer loop
vertex -744.082520 141.941727 3240.000000
vertex -756.005188 47.564152 3240.000000
vertex -756.005188 47.564240 3780.000000
endloop
endfacet
facet normal -0.992115 0.125332 -0.000000
outer loop
vertex -744.082520 141.941727 3240.000000
vertex -756.005188 47.564240 3780.000000
vertex -744.082520 141.941803 3780.000000
endloop
endfacet
facet normal 0.992115 0.125333 -0.000000
outer loop
vertex 756.005127 47.565453 3240.000000
vertex 744.082336 141.942993 3240.000000
vertex 744.082336 141.943069 3780.000000
endloop
endfacet
facet normal 0.992114 0.125336 -0.000000
outer loop
vertex 756.005127 47.565453 3240.000000
vertex 744.082336 141.943069 3780.000000
vertex 756.005127 47.565540 3780.000000
endloop
endfacet
facet normal 0.062791 -0.998027 0.000000
outer loop
vertex 0.000608 -757.499390 3240.000244
vertex 94.940559 -751.526245 3240.000244
vertex 94.940559 -751.526184 3780.000244
endloop
endfacet
facet normal 0.062791 -0.998027 0.000000
outer loop
vertex 0.000608 -757.499390 3240.000244
vertex 94.940559 -751.526184 3780.000244
vertex 0.000608 -757.499329 3780.000244
endloop
endfacet
facet normal -0.637424 -0.770514 0.000000
outer loop
vertex -518.544128 -552.193359 3780.000000
vertex -445.246979 -612.829956 3780.000000
vertex -445.246979 -612.829834 4320.000000
endloop
endfacet
facet normal -0.637423 -0.770514 0.000000
outer loop
vertex -518.544128 -552.193359 3780.000000
vertex -445.246979 -612.829834 4320.000000
vertex -518.544128 -552.193237 4320.000000
endloop
endfacet
facet normal 0.425777 0.904828 -0.000000
outer loop
vertex 364.927155 663.803589 3780.000000
vertex 278.852966 704.306763 3780.000000
vertex 278.852966 704.306885 4320.000000
endloop
endfacet
facet normal 0.425778 0.904828 -0.000000
outer loop
vertex 364.927155 663.803589 3780.000000
vertex 278.852966 704.306885 4320.000000
vertex 364.927155 663.803711 4320.000000
endloop
endfacet
facet normal -0.728969 0.684547 -0.000000
outer loop
vertex -518.544434 552.194336 3780.000000
vertex -583.663757 482.849274 3780.000000
vertex -583.663757 482.849365 4320.000000
endloop
endfacet
facet normal -0.728969 0.684547 -0.000000
outer loop
vertex -518.544434 552.194336 3780.000000
vertex -583.663757 482.849365 4320.000000
vertex -518.544434 552.194458 4320.000000
endloop
endfacet
facet normal 0.876307 -0.481753 0.000000
outer loop
vertex 639.578918 -405.887390 3780.000000
vertex 685.406921 -322.526337 3780.000000
vertex 685.406921 -322.526245 4320.000000
endloop
endfacet
facet normal 0.876307 -0.481752 0.000000
outer loop
vertex 639.578918 -405.887390 3780.000000
vertex 685.406921 -322.526245 4320.000000
vertex 639.578918 -405.887299 4320.000000
endloop
endfacet
facet normal -0.535826 -0.844329 0.000000
outer loop
vertex -445.246979 -612.829956 3780.000000
vertex -364.927979 -663.801819 3780.000000
vertex -364.927979 -663.801697 4320.000000
endloop
endfacet
facet normal -0.535826 -0.844329 0.000000
outer loop
vertex -445.246979 -612.829956 3780.000000
vertex -364.927979 -663.801697 4320.000000
vertex -445.246979 -612.829834 4320.000000
endloop
endfacet
facet normal 0.309015 0.951057 -0.000000
outer loop
vertex 278.852966 704.306763 3780.000000
vertex 188.381119 733.702637 3780.000000
vertex 188.381119 733.702759 4320.000000
endloop
endfacet
facet normal 0.309015 0.951057 -0.000000
outer loop
vertex 278.852966 704.306763 3780.000000
vertex 188.381119 733.702759 4320.000000
vertex 278.852966 704.306885 4320.000000
endloop
endfacet
facet normal -0.809017 0.587785 -0.000000
outer loop
vertex -583.663757 482.849274 3780.000000
vertex -639.578369 405.889343 3780.000000
vertex -639.578369 405.889435 4320.000000
endloop
endfacet
facet normal -0.809017 0.587785 -0.000000
outer loop
vertex -583.663757 482.849274 3780.000000
vertex -639.578369 405.889435 4320.000000
vertex -583.663757 482.849365 4320.000000
endloop
endfacet
facet normal 0.929778 -0.368122 0.000000
outer loop
vertex 685.406921 -322.526337 3780.000000
vertex 720.425537 -234.078812 3780.000000
vertex 720.425537 -234.078720 4320.000000
endloop
endfacet
facet normal 0.929777 -0.368122 0.000000
outer loop
vertex 685.406921 -322.526337 3780.000000
vertex 720.425537 -234.078720 4320.000000
vertex 685.406921 -322.526245 4320.000000
endloop
endfacet
facet normal -0.425779 -0.904827 0.000000
outer loop
vertex -364.927979 -663.801819 3780.000000
vertex -278.853882 -704.305176 3780.000000
vertex -278.853882 -704.305054 4320.000000
endloop
endfacet
facet normal -0.425779 -0.904827 0.000000
outer loop
vertex -364.927979 -663.801819 3780.000000
vertex -278.853882 -704.305054 4320.000000
vertex -364.927979 -663.801697 4320.000000
endloop
endfacet
facet normal 0.187380 0.982287 0.000000
outer loop
vertex 188.381119 733.702637 3780.000000
vertex 94.938400 751.527710 3779.999756
vertex 94.938400 751.527832 4320.000000
endloop
endfacet
facet normal 0.187380 0.982287 -0.000000
outer loop
vertex 188.381119 733.702637 3780.000000
vertex 94.938400 751.527832 4320.000000
vertex 188.381119 733.702759 4320.000000
endloop
endfacet
facet normal -0.876307 0.481754 0.000000
outer loop
vertex -639.578369 405.889343 3780.000000
vertex -685.406494 322.528351 3780.000000
vertex -685.406494 322.528442 4320.000000
endloop
endfacet
facet normal -0.876307 0.481754 -0.000000
outer loop
vertex -639.578369 405.889343 3780.000000
vertex -685.406494 322.528442 4320.000000
vertex -639.578369 405.889435 4320.000000
endloop
endfacet
facet normal 0.968583 -0.248689 0.000000
outer loop
vertex 720.425537 -234.078812 3780.000000
vertex 744.082764 -141.939713 3780.000000
vertex 744.082764 -141.939621 4320.000000
endloop
endfacet
facet normal 0.968583 -0.248690 0.000000
outer loop
vertex 720.425537 -234.078812 3780.000000
vertex 744.082764 -141.939621 4320.000000
vertex 720.425537 -234.078720 4320.000000
endloop
endfacet
facet normal -0.309017 -0.951057 0.000000
outer loop
vertex -278.853882 -704.305176 3780.000000
vertex -188.382050 -733.701233 3780.000000
vertex -188.382050 -733.701111 4320.000000
endloop
endfacet
facet normal -0.309017 -0.951057 0.000000
outer loop
vertex -278.853882 -704.305176 3780.000000
vertex -188.382050 -733.701111 4320.000000
vertex -278.853882 -704.305054 4320.000000
endloop
endfacet
facet normal 0.062789 0.998027 0.000000
outer loop
vertex 94.938400 751.527710 3779.999756
vertex 0.000000 757.500549 3779.999756
vertex 0.000000 757.500671 4320.000000
endloop
endfacet
facet normal 0.062789 0.998027 -0.000001
outer loop
vertex 94.938400 751.527710 3779.999756
vertex 0.000000 757.500671 4320.000000
vertex 94.938400 751.527832 4320.000000
endloop
endfacet
facet normal -0.929777 0.368124 -0.000000
outer loop
vertex -685.406494 322.528351 3780.000000
vertex -720.425293 234.080872 3780.000000
vertex -720.425293 234.080963 4320.000000
endloop
endfacet
facet normal -0.929776 0.368125 -0.000000
outer loop
vertex -685.406494 322.528351 3780.000000
vertex -720.425293 234.080963 4320.000000
vertex -685.406494 322.528442 4320.000000
endloop
endfacet
facet normal 0.992115 -0.125332 0.000000
outer loop
vertex 744.082764 -141.939713 3780.000000
vertex 756.005188 -47.562130 3780.000000
vertex 756.005188 -47.562038 4320.000000
endloop
endfacet
facet normal 0.992115 -0.125330 0.000000
outer loop
vertex 744.082764 -141.939713 3780.000000
vertex 756.005188 -47.562038 4320.000000
vertex 744.082764 -141.939621 4320.000000
endloop
endfacet
facet normal -0.187381 -0.982287 0.000000
outer loop
vertex -188.382050 -733.701233 3780.000000
vertex -94.939354 -751.526306 3780.000244
vertex -94.939354 -751.526184 4320.000000
endloop
endfacet
facet normal -0.187380 -0.982287 0.000000
outer loop
vertex -188.382050 -733.701233 3780.000000
vertex -94.939354 -751.526184 4320.000000
vertex -188.382050 -733.701111 4320.000000
endloop
endfacet
facet normal -0.968583 0.248689 -0.000000
outer loop
vertex -720.425293 234.080872 3780.000000
vertex -744.082520 141.941803 3780.000000
vertex -744.082520 141.941895 4320.000000
endloop
endfacet
facet normal -0.968583 0.248690 -0.000000
outer loop
vertex -720.425293 234.080872 3780.000000
vertex -744.082520 141.941895 4320.000000
vertex -720.425293 234.080963 4320.000000
endloop
endfacet
facet normal 1.000000 0.000000 -0.000000
outer loop
vertex 756.005188 -47.562130 3780.000000
vertex 756.005127 47.565540 3780.000000
vertex 756.005127 47.565632 4320.000000
endloop
endfacet
facet normal 1.000000 0.000001 -0.000000
outer loop
vertex 756.005188 -47.562130 3780.000000
vertex 756.005127 47.565632 4320.000000
vertex 756.005188 -47.562038 4320.000000
endloop
endfacet
facet normal -0.062790 -0.998027 0.000000
outer loop
vertex -94.939354 -751.526306 3780.000244
vertex 0.000608 -757.499329 3780.000244
vertex 0.000608 -757.499207 4320.000000
endloop
endfacet
facet normal -0.062790 -0.998027 0.000000
outer loop
vertex -94.939354 -751.526306 3780.000244
vertex 0.000608 -757.499207 4320.000000
vertex -94.939354 -751.526184 4320.000000
endloop
endfacet
facet normal -0.992114 0.125335 -0.000000
outer loop
vertex -744.082520 141.941803 3780.000000
vertex -756.005188 47.564240 3780.000000
vertex -756.005188 47.564331 4320.000000
endloop
endfacet
facet normal -0.992115 0.125332 -0.000000
outer loop
vertex -744.082520 141.941803 3780.000000
vertex -756.005188 47.564331 4320.000000
vertex -744.082520 141.941895 4320.000000
endloop
endfacet
facet normal 0.992115 0.125334 -0.000000
outer loop
vertex 756.005127 47.565540 3780.000000
vertex 744.082336 141.943069 3780.000000
vertex 744.082336 141.943161 4320.000000
endloop
endfacet
facet normal 0.992114 0.125336 -0.000000
outer loop
vertex 756.005127 47.565540 3780.000000
vertex 744.082336 141.943161 4320.000000
vertex 756.005127 47.565632 4320.000000
endloop
endfacet
facet normal 0.062791 -0.998027 0.000000
outer loop
vertex 0.000608 -757.499329 3780.000244
vertex 94.940559 -751.526184 3780.000244
vertex 94.940559 -751.526062 4320.000000
endloop
endfacet
facet normal 0.062791 -0.998027 0.000000
outer loop
vertex 0.000608 -757.499329 3780.000244
vertex 94.940559 -751.526062 4320.000000
vertex 0.000608 -757.499207 4320.000000
endloop
endfacet
facet normal -1.000000 0.000000 0.000000
outer loop
vertex -756.005188 47.564240 3780.000000
vertex -756.005188 -47.563431 3780.000000
vertex -756.005188 -47.563339 4320.000000
endloop
endfacet
facet normal -1.000000 0.000000 0.000000
outer loop
vertex -756.005188 47.564240 3780.000000
vertex -756.005188 -47.563339 4320.000000
vertex -756.005188 47.564331 4320.000000
endloop
endfacet
facet normal 0.968583 0.248691 -0.000000
outer loop
vertex 744.082336 141.943069 3780.000000
vertex 720.424866 234.082108 3780.000000
vertex 720.424866 234.082199 4320.000000
endloop
endfacet
facet normal 0.968583 0.248692 -0.000000
outer loop
vertex 744.082336 141.943069 3780.000000
vertex 720.424866 234.082199 4320.000000
vertex 744.082336 141.943161 4320.000000
endloop
endfacet
facet normal 0.187382 -0.982287 0.000000
outer loop
vertex 94.940559 -751.526184 3780.000244
vertex 188.383255 -733.700928 3780.000000
vertex 188.383255 -733.700806 4320.000000
endloop
endfacet
facet normal 0.187383 -0.982287 0.000001
outer loop
vertex 94.940559 -751.526184 3780.000244
vertex 188.383255 -733.700806 4320.000000
vertex 94.940559 -751.526062 4320.000000
endloop
endfacet
facet normal -0.992115 -0.125334 0.000000
outer loop
vertex -756.005188 -47.563431 3780.000000
vertex -744.082458 -141.940994 3780.000000
vertex -744.082458 -141.940903 4320.000000
endloop
endfacet
facet normal -0.992114 -0.125335 0.000000
outer loop
vertex -756.005188 -47.563431 3780.000000
vertex -744.082458 -141.940903 4320.000000
vertex -756.005188 -47.563339 4320.000000
endloop
endfacet
facet normal 0.929776 0.368126 -0.000000
outer loop
vertex 720.424866 234.082108 3780.000000
vertex 685.405884 322.529510 3780.000000
vertex 685.405884 322.529602 4320.000000
endloop
endfacet
facet normal 0.929776 0.368126 -0.000000
outer loop
vertex 720.424866 234.082108 3780.000000
vertex 685.405884 322.529602 4320.000000
vertex 720.424866 234.082199 4320.000000
endloop
endfacet
facet normal -0.062790 0.998027 0.000000
outer loop
vertex 0.000000 757.500549 3779.999756
vertex -94.939919 751.527466 3779.999756
vertex -94.939919 751.527588 4320.000000
endloop
endfacet
facet normal -0.062790 0.998027 -0.000001
outer loop
vertex 0.000000 757.500549 3779.999756
vertex -94.939919 751.527588 4320.000000
vertex 0.000000 757.500671 4320.000000
endloop
endfacet
facet normal 0.309018 -0.951056 0.000000
outer loop
vertex 188.383255 -733.700928 3780.000000
vertex 278.855011 -704.304749 3780.000000
vertex 278.855011 -704.304626 4320.000000
endloop
endfacet
facet normal 0.309018 -0.951056 0.000000
outer loop
vertex 188.383255 -733.700928 3780.000000
vertex 278.855011 -704.304626 4320.000000
vertex 188.383255 -733.700806 4320.000000
endloop
endfacet
facet normal -0.968583 -0.248689 0.000000
outer loop
vertex -744.082458 -141.940994 3780.000000
vertex -720.425171 -234.080048 3780.000000
vertex -720.425171 -234.079956 4320.000000
endloop
endfacet
facet normal -0.968583 -0.248691 0.000000
outer loop
vertex -744.082458 -141.940994 3780.000000
vertex -720.425171 -234.079956 4320.000000
vertex -744.082458 -141.940903 4320.000000
endloop
endfacet
facet normal 0.876306 0.481755 0.000000
outer loop
vertex 685.405884 322.529510 3780.000000
vertex 639.577698 405.890472 3780.000000
vertex 639.577698 405.890564 4320.000000
endloop
endfacet
facet normal 0.876306 0.481754 -0.000000
outer loop
vertex 685.405884 322.529510 3780.000000
vertex 639.577698 405.890564 4320.000000
vertex 685.405884 322.529602 4320.000000
endloop
endfacet
facet normal -0.187382 0.982287 -0.000000
outer loop
vertex -94.939919 751.527466 3779.999756
vertex -188.382584 733.702271 3780.000000
vertex -188.382584 733.702393 4320.000000
endloop
endfacet
facet normal -0.187382 0.982287 0.000000
outer loop
vertex -94.939919 751.527466 3779.999756
vertex -188.382584 733.702393 4320.000000
vertex -94.939919 751.527588 4320.000000
endloop
endfacet
facet normal 0.425780 -0.904827 0.000000
outer loop
vertex 278.855011 -704.304749 3780.000000
vertex 364.929047 -663.801270 3780.000000
vertex 364.929047 -663.801147 4320.000000
endloop
endfacet
facet normal 0.425781 -0.904826 0.000000
outer loop
vertex 278.855011 -704.304749 3780.000000
vertex 364.929047 -663.801147 4320.000000
vertex 278.855011 -704.304626 4320.000000
endloop
endfacet
facet normal -0.929776 -0.368126 0.000000
outer loop
vertex -720.425171 -234.080048 3780.000000
vertex -685.406311 -322.527435 3780.000000
vertex -685.406311 -322.527344 4320.000000
endloop
endfacet
facet normal -0.929777 -0.368124 0.000000
outer loop
vertex -720.425171 -234.080048 3780.000000
vertex -685.406311 -322.527344 4320.000000
vertex -720.425171 -234.079956 4320.000000
endloop
endfacet
facet normal 0.809016 0.587787 -0.000000
outer loop
vertex 639.577698 405.890472 3780.000000
vertex 583.662903 482.850281 3780.000000
vertex 583.662903 482.850372 4320.000000
endloop
endfacet
facet normal 0.809016 0.587787 -0.000000
outer loop
vertex 639.577698 405.890472 3780.000000
vertex 583.662903 482.850372 4320.000000
vertex 639.577698 405.890564 4320.000000
endloop
endfacet
facet normal -0.309016 0.951057 -0.000000
outer loop
vertex -188.382584 733.702271 3780.000000
vertex -278.854370 704.306274 3780.000000
vertex -278.854370 704.306396 4320.000000
endloop
endfacet
facet normal -0.309016 0.951057 -0.000000
outer loop
vertex -188.382584 733.702271 3780.000000
vertex -278.854370 704.306396 4320.000000
vertex -188.382584 733.702393 4320.000000
endloop
endfacet
facet normal 0.535828 -0.844327 0.000000
outer loop
vertex 364.929047 -663.801270 3780.000000
vertex 445.247986 -612.829224 3780.000000
vertex 445.247986 -612.829102 4320.000000
endloop
endfacet
facet normal 0.535828 -0.844327 0.000000
outer loop
vertex 364.929047 -663.801270 3780.000000
vertex 445.247986 -612.829102 4320.000000
vertex 364.929047 -663.801147 4320.000000
endloop
endfacet
facet normal -0.876307 -0.481754 0.000000
outer loop
vertex -685.406311 -322.527435 3780.000000
vertex -639.578186 -405.888397 3780.000000
vertex -639.578186 -405.888306 4320.000000
endloop
endfacet
facet normal -0.876306 -0.481754 0.000000
outer loop
vertex -685.406311 -322.527435 3780.000000
vertex -639.578186 -405.888306 4320.000000
vertex -685.406311 -322.527344 4320.000000
endloop
endfacet
facet normal 0.728968 0.684548 -0.000000
outer loop
vertex 583.662903 482.850281 3780.000000
vertex 518.543396 552.195251 3780.000000
vertex 518.543396 552.195374 4320.000000
endloop
endfacet
facet normal 0.728967 0.684548 -0.000000
outer loop
vertex 583.662903 482.850281 3780.000000
vertex 518.543396 552.195374 4320.000000
vertex 583.662903 482.850372 4320.000000
endloop
endfacet
facet normal -0.425779 0.904827 -0.000000
outer loop
vertex -278.854370 704.306274 3780.000000
vertex -364.928406 663.802856 3780.000000
vertex -364.928406 663.802979 4320.000000
endloop
endfacet
facet normal -0.425780 0.904827 -0.000000
outer loop
vertex -278.854370 704.306274 3780.000000
vertex -364.928406 663.802979 4320.000000
vertex -278.854370 704.306396 4320.000000
endloop
endfacet
facet normal 0.637425 -0.770512 0.000000
outer loop
vertex 445.247986 -612.829224 3780.000000
vertex 518.544983 -552.192505 3780.000000
vertex 518.544983 -552.192383 4320.000000
endloop
endfacet
facet normal 0.637425 -0.770512 0.000000
outer loop
vertex 445.247986 -612.829224 3780.000000
vertex 518.544983 -552.192383 4320.000000
vertex 445.247986 -612.829102 4320.000000
endloop
endfacet
facet normal -0.809017 -0.587785 0.000000
outer loop
vertex -639.578186 -405.888397 3780.000000
vertex -583.663513 -482.848297 3780.000000
vertex -583.663513 -482.848206 4320.000000
endloop
endfacet
facet normal -0.809017 -0.587785 0.000000
outer loop
vertex -639.578186 -405.888397 3780.000000
vertex -583.663513 -482.848206 4320.000000
vertex -639.578186 -405.888306 4320.000000
endloop
endfacet
facet normal 0.637423 0.770514 0.000000
outer loop
vertex 518.543396 552.195251 3780.000000
vertex 445.246155 612.831787 3780.000000
vertex 445.246155 612.831909 4320.000000
endloop
endfacet
facet normal 0.637422 0.770515 -0.000000
outer loop
vertex 518.543396 552.195251 3780.000000
vertex 445.246155 612.831909 4320.000000
vertex 518.543396 552.195374 4320.000000
endloop
endfacet
facet normal -0.535827 0.844328 -0.000000
outer loop
vertex -364.928406 663.802856 3780.000000
vertex -445.247314 612.830933 3780.000000
vertex -445.247314 612.831055 4320.000000
endloop
endfacet
facet normal -0.535827 0.844328 -0.000000
outer loop
vertex -364.928406 663.802856 3780.000000
vertex -445.247314 612.831055 4320.000000
vertex -364.928406 663.802979 4320.000000
endloop
endfacet
facet normal 0.728969 -0.684547 0.000000
outer loop
vertex 518.544983 -552.192505 3780.000000
vertex 583.664368 -482.847351 3780.000000
vertex 583.664368 -482.847260 4320.000000
endloop
endfacet
facet normal 0.728969 -0.684547 0.000000
outer loop
vertex 518.544983 -552.192505 3780.000000
vertex 583.664368 -482.847260 4320.000000
vertex 518.544983 -552.192383 4320.000000
endloop
endfacet
facet normal -0.728969 -0.684547 0.000000
outer loop
vertex -583.663513 -482.848297 3780.000000
vertex -518.544128 -552.193359 3780.000000
vertex -518.544128 -552.193237 4320.000000
endloop
endfacet
facet normal -0.728968 -0.684548 0.000000
outer loop
vertex -583.663513 -482.848297 3780.000000
vertex -518.544128 -552.193237 4320.000000
vertex -583.663513 -482.848206 4320.000000
endloop
endfacet
facet normal 0.535825 0.844329 -0.000000
outer loop
vertex 445.246155 612.831787 3780.000000
vertex 364.927155 663.803589 3780.000000
vertex 364.927155 663.803711 4320.000000
endloop
endfacet
facet normal 0.535826 0.844329 -0.000000
outer loop
vertex 445.246155 612.831787 3780.000000
vertex 364.927155 663.803711 4320.000000
vertex 445.246155 612.831909 4320.000000
endloop
endfacet
facet normal -0.637424 0.770514 -0.000000
outer loop
vertex -445.247314 612.830933 3780.000000
vertex -518.544434 552.194336 3780.000000
vertex -518.544434 552.194458 4320.000000
endloop
endfacet
facet normal -0.637424 0.770514 -0.000000
outer loop
vertex -445.247314 612.830933 3780.000000
vertex -518.544434 552.194458 4320.000000
vertex -445.247314 612.831055 4320.000000
endloop
endfacet
facet normal 0.809018 -0.587785 0.000000
outer loop
vertex 583.664368 -482.847351 3780.000000
vertex 639.578918 -405.887390 3780.000000
vertex 639.578918 -405.887299 4320.000000
endloop
endfacet
facet normal 0.809017 -0.587785 0.000000
outer loop
vertex 583.664368 -482.847351 3780.000000
vertex 639.578918 -405.887299 4320.000000
vertex 583.664368 -482.847260 4320.000000
endloop
endfacet
endsolid building_019
