solid building_002
facet normal 0.000000 0.000000 1.000000
outer loop
vertex 93.998421 496.057983 3200.000000
vertex 0.000000 500.000519 3200.000000
vertex -93.999931 496.057892 3200.000000
endloop
endfacet
facet normal 0.000000 0.000000 1.000000
outer loop
vertex -93.999931 496.057892 3200.000000
vertex -186.517441 484.292114 3200.000000
vertex -276.093445 464.888763 3200.000000
endloop
endfacet
facet normal 0.000000 0.000000 1.000000
outer loop
vertex -276.093445 464.888763 3200.000000
vertex -361.315308 438.153839 3200.000000
vertex -440.838928 404.509003 3200.000000
endloop
endfacet
facet normal 0.000042 0.000000 1.000000
outer loop
vertex -440.838928 404.509003 3200.000000
vertex -513.410339 364.484833 3200.000000
vertex -577.884949 318.712524 3200.000000
endloop
endfacet
facet normal 0.000000 0.000000 1.000000
outer loop
vertex -577.884949 318.712524 3200.000000
vertex -633.245972 267.913879 3200.000000
vertex -678.620361 212.890121 3200.000000
endloop
endfacet
facet normal 0.000000 0.000000 1.000000
outer loop
vertex -678.620361 212.890121 3200.000000
vertex -713.292419 154.508942 3200.000000
vertex -736.715454 93.691078 3200.000000
endloop
endfacet
facet normal 0.000042 0.000000 1.000000
outer loop
vertex -736.715454 93.691078 3200.000000
vertex -748.520081 31.395655 3200.000000
vertex -748.520081 -31.394892 3200.000000
endloop
endfacet
facet normal -0.000042 0.000000 1.000000
outer loop
vertex -748.520081 -31.394892 3200.000000
vertex -736.715393 -93.690315 3200.000000
vertex -713.292297 -154.508179 3200.000000
endloop
endfacet
facet normal 0.000000 0.000000 1.000000
outer loop
vertex -713.292297 -154.508179 3200.000000
vertex -678.620178 -212.889297 3200.000000
vertex -633.245789 -267.913025 3200.000000
endloop
endfacet
facet normal -0.000042 0.000000 1.000000
outer loop
vertex -633.245789 -267.913025 3200.000000
vertex -577.884705 -318.711670 3200.000000
vertex -513.410095 -364.483978 3200.000000
endloop
endfacet
facet normal 0.000000 0.000000 1.000000
outer loop
vertex -513.410095 -364.483978 3200.000000
vertex -440.838623 -404.508118 3200.000000
vertex -361.314880 -438.152924 3200.000000
endloop
endfacet
facet normal 0.000011 0.000000 1.000000
outer loop
vertex -361.314880 -438.152924 3200.000000
vertex -276.092957 -464.887848 3200.000000
vertex -186.516891 -484.291138 3200.000000
endloop
endfacet
facet normal 0.000000 0.000000 1.000000
outer loop
vertex -186.516891 -484.291138 3200.000000
vertex -93.999367 -496.056885 3200.000000
vertex 0.000602 -499.999481 3200.000000
endloop
endfacet
facet normal 0.000000 0.000000 1.000000
outer loop
vertex 0.000602 -499.999481 3200.000000
vertex 94.000565 -496.056793 3200.000000
vertex 186.518082 -484.290924 3200.000000
endloop
endfacet
facet normal 0.000021 0.000000 1.000000
outer loop
vertex 186.518082 -484.290924 3200.000000
vertex 276.094086 -464.887543 3200.000000
vertex 361.315948 -438.152557 3200.000000
endloop
endfacet
facet normal 0.000021 0.000000 1.000000
outer loop
vertex 361.315948 -438.152557 3200.000000
vertex 440.839600 -404.507629 3200.000000
vertex 513.410950 -364.483398 3200.000000
endloop
endfacet
facet normal 0.000042 0.000000 1.000000
outer loop
vertex 513.410950 -364.483398 3200.000000
vertex 577.885498 -318.711029 3200.000000
vertex 633.246460 -267.912384 3200.000000
endloop
endfacet
facet normal 0.000000 0.000000 1.000000
outer loop
vertex 633.246460 -267.912384 3200.000000
vertex 678.620667 -212.888550 3200.000000
vertex 713.292664 -154.507355 3200.000000
endloop
endfacet
facet normal 0.000000 0.000000 1.000000
outer loop
vertex 713.292664 -154.507355 3200.000000
vertex 736.715637 -93.689468 3200.000000
vertex 748.520081 -31.394033 3200.000000
endloop
endfacet
facet normal -0.000042 0.000000 1.000000
outer loop
vertex 748.520081 -31.394033 3200.000000
vertex 748.520020 31.396517 3200.000000
vertex 736.715271 93.691925 3200.000000
endloop
endfacet
facet normal 0.000000 0.000000 1.000000
outer loop
vertex 736.715271 93.691925 3200.000000
vertex 713.291992 154.509766 3200.000000
vertex 678.619751 212.890900 3200.000000
endloop
endfacet
facet normal 0.000000 0.000000 1.000000
outer loop
vertex 678.619751 212.890900 3200.000000
vertex 633.245300 267.914612 3200.000000
vertex 577.884094 318.713196 3200.000000
endloop
endfacet
facet normal 0.000021 0.000000 1.000000
outer loop
vertex 577.884094 318.713196 3200.000000
vertex 513.409363 364.485443 3200.000000
vertex 440.837830 404.509552 3200.000000
endloop
endfacet
facet normal 0.000000 0.000000 1.000000
outer loop
vertex 440.837830 404.509552 3200.000000
vertex 361.314026 438.154297 3200.000000
vertex 276.092072 464.889130 3200.000000
endloop
endfacet
facet normal -0.000011 0.000000 1.000000
outer loop
vertex 276.092072 464.889130 3200.000000
vertex 186.515976 484.292358 3200.000000
vertex 93.998421 496.057983 3200.000000
endloop
endfacet
facet normal 0.000003 0.000000 1.000000
outer loop
vertex 93.998421 496.057983 3200.000000
vertex -93.999931 496.057892 3200.000000
vertex -276.093445 464.888763 3200.000000
endloop
endfacet
facet normal -0.000011 0.000000 1.000000
outer loop
vertex -276.093445 464.888763 3200.000000
vertex -440.838928 404.509003 3200.000000
vertex -577.884949 318.712524 3200.000000
endloop
endfacet
facet normal 0.000000 0.000000 1.000000
outer loop
vertex -577.884949 318.712524 3200.000000
vertex -678.620361 212.890121 3200.000000
vertex -736.715454 93.691078 3200.000000
endloop
endfacet
facet normal 0.000000 0.000000 1.000000
outer loop
vertex -736.715454 93.691078 3200.000000
vertex -748.520081 -31.394892 3200.000000
vertex -713.292297 -154.508179 3200.000000
endloop
endfacet
facet normal 0.000000 0.000000 1.000000
outer loop
vertex -713.292297 -154.508179 3200.000000
vertex -633.245789 -267.913025 3200.000000
vertex -513.410095 -364.483978 3200.000000
endloop
endfacet
facet normal 0.000000 0.000000 1.000000
outer loop
vertex -513.410095 -364.483978 3200.000000
vertex -361.314880 -438.152924 3200.000000
vertex -186.516891 -484.291138 3200.000000
endloop
endfacet
facet normal 0.000000 0.000000 1.000000
outer loop
vertex -186.516891 -484.291138 3200.000000
vertex 0.000602 -499.999481 3200.000000
vertex 186.518082 -484.290924 3200.000000
endloop
endfacet
facet normal 0.000000 0.000000 1.000000
outer loop
vertex 186.518082 -484.290924 3200.000000
vertex 361.315948 -438.152557 3200.000000
vertex 513.410950 -364.483398 3200.000000
endloop
endfacet
facet normal -0.000011 0.000000 1.000000
outer loop
vertex 513.410950 -364.483398 3200.000000
vertex 633.246460 -267.912384 3200.000000
vertex 713.292664 -154.507355 3200.000000
endloop
endfacet
facet normal 0.000000 0.000000 1.000000
outer loop
vertex 713.292664 -154.507355 3200.000000
vertex 748.520081 -31.394033 3200.000000
vertex 736.715271 93.691925 3200.000000
endloop
endfacet
facet normal 0.000000 0.000000 1.000000
outer loop
vertex 736.715271 93.691925 3200.000000
vertex 678.619751 212.890900 3200.000000
vertex 577.884094 318.713196 3200.000000
endloop
endfacet
facet normal 0.000000 0.000000 1.000000
outer loop
vertex 577.884094 318.713196 3200.000000
vertex 440.837830 404.509552 3200.000000
vertex 276.092072 464.889130 3200.000000
endloop
endfacet
facet normal 0.000000 0.000000 1.000000
outer loop
vertex 276.092072 464.889130 3200.000000
vertex 93.998421 496.057983 3200.000000
vertex -276.093445 464.888763 3200.000000
endloop
endfacet
facet normal 0.000000 0.000000 1.000000
outer loop
vertex -276.093445 464.888763 3200.000000
vertex -577.884949 318.712524 3200.000000
vertex -736.715454 93.691078 3200.000000
endloop
endfacet
facet normal 0.000003 0.000000 1.000000
outer loop
vertex -736.715454 93.691078 3200.000000
vertex -713.292297 -154.508179 3200.000000
vertex -513.410095 -364.483978 3200.000000
endloop
endfacet
facet normal 0.000000 0.000000 1.000000
outer loop
vertex -513.410095 -364.483978 3200.000000
vertex -186.516891 -484.291138 3200.000000
vertex 186.518082 -484.290924 3200.000000
endloop
endfacet
facet normal -0.000003 0.000000 1.000000
outer loop
vertex 186.518082 -484.290924 3200.000000
vertex 513.410950 -364.483398 3200.000000
vertex 713.292664 -154.507355 3200.000000
endloop
endfacet
facet normal 0.000000 0.000000 1.000000
outer loop
vertex 713.292664 -154.507355 3200.000000
vertex 736.715271 93.691925 3200.000000
vertex 577.884094 318.713196 3200.000000
endloop
endfacet
facet normal -0.000000 0.000000 1.000000
outer loop
vertex 577.884094 318.713196 3200.000000
vertex 276.092072 464.889130 3200.000000
vertex -276.093445 464.888763 3200.000000
endloop
endfacet
facet normal 0.000000 0.000000 1.000000
outer loop
vertex -276.093445 464.888763 3200.000000
vertex -736.715454 93.691078 3200.000000
vertex -513.410095 -364.483978 3200.000000
endloop
endfacet
facet normal 0.000000 0.000000 1.000000
outer loop
vertex -513.410095 -364.483978 3200.000000
vertex 186.518082 -484.290924 3200.000000
vertex 713.292664 -154.507355 3200.000000
endloop
endfacet
facet normal 0.000000 0.000000 1.000000
outer loop
vertex 713.292664 -154.507355 3200.000000
vertex 577.884094 318.713196 3200.000000
vertex -276.093445 464.888763 3200.000000
endloop
endfacet
facet normal -0.000000 0.000000 1.000000
outer loop
vertex -276.093445 464.888763 3200.000000
vertex -513.410095 -364.483978 3200.000000
vertex 713.292664 -154.507355 3200.000000
endloop
endfacet
facet normal 0.578883 -0.815410 0.000000
outer loop
vertex 513.410950 -364.483917 0.000059
vertex 577.885498 -318.711548 0.000052
vertex 577.885498 -318.711487 400.000061
endloop
endfacet
facet normal 0.578884 -0.815410 0.000000
outer loop
vertex 513.410950 -364.483917 0.000059
vertex 577.885498 -318.711487 400.000061
vertex 513.410950 -364.483856 400.000061
endloop
endfacet
facet normal -0.578883 -0.815411 0.000000
outer loop
vertex -577.884705 -318.712189 0.000052
vertex -513.410095 -364.484497 0.000059
vertex -513.410095 -364.484436 400.000061
endloop
endfacet
facet normal -0.578883 -0.815411 0.000000
outer loop
vertex -577.884705 -318.712189 0.000052
vertex -513.410095 -364.484436 400.000061
vertex -577.884705 -318.712128 400.000061
endloop
endfacet
facet normal 0.389640 0.920967 0.000000
outer loop
vertex 440.837830 404.509033 -0.000066
vertex 361.314026 438.153778 -0.000071
vertex 361.314026 438.153839 399.999939
endloop
endfacet
facet normal 0.389641 0.920967 -0.000000
outer loop
vertex 440.837830 404.509033 -0.000066
vertex 361.314026 438.153839 399.999939
vertex 440.837830 404.509094 399.999939
endloop
endfacet
facet normal -0.482937 0.875655 -0.000000
outer loop
vertex -440.838928 404.508484 -0.000066
vertex -513.410339 364.484314 -0.000059
vertex -513.410339 364.484375 399.999939
endloop
endfacet
facet normal -0.482937 0.875655 -0.000000
outer loop
vertex -440.838928 404.508484 -0.000066
vertex -513.410339 364.484375 399.999939
vertex -440.838928 404.508545 399.999939
endloop
endfacet
facet normal 0.676094 -0.736816 0.000000
outer loop
vertex 577.885498 -318.711548 0.000052
vertex 633.246460 -267.912903 0.000044
vertex 633.246460 -267.912842 400.000031
endloop
endfacet
facet normal 0.676094 -0.736815 0.000000
outer loop
vertex 577.885498 -318.711548 0.000052
vertex 633.246460 -267.912842 400.000031
vertex 577.885498 -318.711487 400.000061
endloop
endfacet
facet normal -0.482936 -0.875656 0.000000
outer loop
vertex -513.410095 -364.484497 0.000059
vertex -440.838623 -404.508636 0.000066
vertex -440.838623 -404.508575 400.000061
endloop
endfacet
facet normal -0.482936 -0.875656 0.000000
outer loop
vertex -513.410095 -364.484497 0.000059
vertex -440.838623 -404.508575 400.000061
vertex -513.410095 -364.484436 400.000061
endloop
endfacet
facet normal 0.299325 0.954151 -0.000000
outer loop
vertex 361.314026 438.153778 -0.000071
vertex 276.092072 464.888611 -0.000076
vertex 276.092072 464.888672 399.999939
endloop
endfacet
facet normal 0.299325 0.954151 0.000000
outer loop
vertex 361.314026 438.153778 -0.000071
vertex 276.092072 464.888672 399.999939
vertex 361.314026 438.153839 399.999939
endloop
endfacet
facet normal -0.578883 0.815411 -0.000000
outer loop
vertex -513.410339 364.484314 -0.000059
vertex -577.884949 318.712006 -0.000052
vertex -577.884949 318.712067 399.999939
endloop
endfacet
facet normal -0.578883 0.815411 0.000000
outer loop
vertex -513.410339 364.484314 -0.000059
vertex -577.884949 318.712067 399.999939
vertex -513.410339 364.484375 399.999939
endloop
endfacet
facet normal 0.771514 -0.636212 0.000000
outer loop
vertex 633.246460 -267.912903 0.000044
vertex 678.620667 -212.889069 0.000035
vertex 678.620667 -212.889008 400.000031
endloop
endfacet
facet normal 0.771513 -0.636213 0.000000
outer loop
vertex 633.246460 -267.912903 0.000044
vertex 678.620667 -212.889008 400.000031
vertex 633.246460 -267.912842 400.000031
endloop
endfacet
facet normal -0.389641 -0.920967 0.000000
outer loop
vertex -440.838623 -404.508636 0.000066
vertex -361.314880 -438.153442 0.000071
vertex -361.314880 -438.153381 400.000061
endloop
endfacet
facet normal -0.389641 -0.920967 0.000000
outer loop
vertex -440.838623 -404.508636 0.000066
vertex -361.314880 -438.153381 400.000061
vertex -440.838623 -404.508575 400.000061
endloop
endfacet
facet normal 0.211702 0.977334 -0.000000
outer loop
vertex 276.092072 464.888611 -0.000076
vertex 186.515976 484.291840 -0.000079
vertex 186.515976 484.291901 399.999908
endloop
endfacet
facet normal 0.211702 0.977334 0.000000
outer loop
vertex 276.092072 464.888611 -0.000076
vertex 186.515976 484.291901 399.999908
vertex 276.092072 464.888672 399.999939
endloop
endfacet
facet normal -0.676094 0.736816 -0.000000
outer loop
vertex -577.884949 318.712006 -0.000052
vertex -633.245972 267.913361 -0.000044
vertex -633.245972 267.913422 399.999969
endloop
endfacet
facet normal -0.676094 0.736815 -0.000000
outer loop
vertex -577.884949 318.712006 -0.000052
vertex -633.245972 267.913422 399.999969
vertex -577.884949 318.712067 399.999939
endloop
endfacet
facet normal 0.859802 -0.510628 0.000000
outer loop
vertex 678.620667 -212.889069 0.000035
vertex 713.292664 -154.507874 0.000025
vertex 713.292664 -154.507812 400.000031
endloop
endfacet
facet normal 0.859803 -0.510626 0.000000
outer loop
vertex 678.620667 -212.889069 0.000035
vertex 713.292664 -154.507812 400.000031
vertex 678.620667 -212.889008 400.000031
endloop
endfacet
facet normal -0.299326 -0.954151 0.000000
outer loop
vertex -361.314880 -438.153442 0.000071
vertex -276.092957 -464.888367 0.000076
vertex -276.092957 -464.888306 400.000061
endloop
endfacet
facet normal -0.299326 -0.954151 0.000000
outer loop
vertex -361.314880 -438.153442 0.000071
vertex -276.092957 -464.888306 400.000061
vertex -361.314880 -438.153381 400.000061
endloop
endfacet
facet normal 0.126156 0.992010 0.000000
outer loop
vertex 186.515976 484.291840 -0.000079
vertex 93.998421 496.057465 -0.000081
vertex 93.998421 496.057526 399.999908
endloop
endfacet
facet normal 0.126156 0.992010 -0.000000
outer loop
vertex 186.515976 484.291840 -0.000079
vertex 93.998421 496.057526 399.999908
vertex 186.515976 484.291901 399.999908
endloop
endfacet
facet normal -0.771512 0.636214 -0.000000
outer loop
vertex -633.245972 267.913361 -0.000044
vertex -678.620361 212.889603 -0.000035
vertex -678.620361 212.889664 399.999969
endloop
endfacet
facet normal -0.771512 0.636215 -0.000000
outer loop
vertex -633.245972 267.913361 -0.000044
vertex -678.620361 212.889664 399.999969
vertex -633.245972 267.913422 399.999969
endloop
endfacet
facet normal 0.933184 -0.359400 0.000000
outer loop
vertex 713.292664 -154.507874 0.000025
vertex 736.715637 -93.689987 0.000015
vertex 736.715637 -93.689919 400.000031
endloop
endfacet
facet normal 0.933184 -0.359400 0.000000
outer loop
vertex 713.292664 -154.507874 0.000025
vertex 736.715637 -93.689919 400.000031
vertex 713.292664 -154.507812 400.000031
endloop
endfacet
facet normal -0.211703 -0.977334 0.000000
outer loop
vertex -276.092957 -464.888367 0.000076
vertex -186.516891 -484.291656 0.000079
vertex -186.516891 -484.291595 400.000092
endloop
endfacet
facet normal -0.211703 -0.977334 0.000000
outer loop
vertex -276.092957 -464.888367 0.000076
vertex -186.516891 -484.291595 400.000092
vertex -276.092957 -464.888306 400.000061
endloop
endfacet
facet normal 0.041906 0.999122 0.000000
outer loop
vertex 93.998421 496.057465 -0.000081
vertex 0.000000 500.000000 -0.000081
vertex 0.000000 500.000061 399.999908
endloop
endfacet
facet normal 0.041906 0.999122 -0.000000
outer loop
vertex 93.998421 496.057465 -0.000081
vertex 0.000000 500.000061 399.999908
vertex 93.998421 496.057526 399.999908
endloop
endfacet
facet normal -0.859802 0.510628 -0.000000
outer loop
vertex -678.620361 212.889603 -0.000035
vertex -713.292419 154.508423 -0.000025
vertex -713.292419 154.508484 399.999969
endloop
endfacet
facet normal -0.859802 0.510628 -0.000000
outer loop
vertex -678.620361 212.889603 -0.000035
vertex -713.292419 154.508484 399.999969
vertex -678.620361 212.889664 399.999969
endloop
endfacet
facet normal 0.982516 -0.186180 0.000000
outer loop
vertex 736.715637 -93.689987 0.000015
vertex 748.520081 -31.394554 0.000005
vertex 748.520081 -31.394489 400.000000
endloop
endfacet
facet normal 0.982516 -0.186179 0.000000
outer loop
vertex 736.715637 -93.689987 0.000015
vertex 748.520081 -31.394489 400.000000
vertex 736.715637 -93.689919 400.000031
endloop
endfacet
facet normal -0.126157 -0.992010 0.000000
outer loop
vertex -186.516891 -484.291656 0.000079
vertex -93.999367 -496.057404 0.000081
vertex -93.999367 -496.057343 400.000092
endloop
endfacet
facet normal -0.126157 -0.992010 0.000000
outer loop
vertex -186.516891 -484.291656 0.000079
vertex -93.999367 -496.057343 400.000092
vertex -186.516891 -484.291595 400.000092
endloop
endfacet
facet normal -0.933183 0.359402 -0.000000
outer loop
vertex -713.292419 154.508423 -0.000025
vertex -736.715454 93.690559 -0.000015
vertex -736.715454 93.690628 399.999969
endloop
endfacet
facet normal -0.933184 0.359400 -0.000000
outer loop
vertex -713.292419 154.508423 -0.000025
vertex -736.715454 93.690628 399.999969
vertex -713.292419 154.508484 399.999969
endloop
endfacet
facet normal 1.000000 0.000000 -0.000000
outer loop
vertex 748.520081 -31.394554 0.000005
vertex 748.520020 31.395996 -0.000005
vertex 748.520020 31.396061 400.000000
endloop
endfacet
facet normal 1.000000 0.000002 -0.000000
outer loop
vertex 748.520081 -31.394554 0.000005
vertex 748.520020 31.396061 400.000000
vertex 748.520081 -31.394489 400.000000
endloop
endfacet
facet normal -0.041906 -0.999122 0.000000
outer loop
vertex -93.999367 -496.057404 0.000081
vertex 0.000602 -500.000000 0.000081
vertex 0.000602 -499.999939 400.000092
endloop
endfacet
facet normal -0.041906 -0.999122 0.000000
outer loop
vertex -93.999367 -496.057404 0.000081
vertex 0.000602 -499.999939 400.000092
vertex -93.999367 -496.057343 400.000092
endloop
endfacet
facet normal -0.982516 0.186177 -0.000000
outer loop
vertex -736.715454 93.690559 -0.000015
vertex -748.520081 31.395134 -0.000005
vertex -748.520081 31.395199 400.000000
endloop
endfacet
facet normal -0.982515 0.186183 -0.000000
outer loop
vertex -736.715454 93.690559 -0.000015
vertex -748.520081 31.395199 400.000000
vertex -736.715454 93.690628 399.999969
endloop
endfacet
facet normal 0.982515 0.186184 -0.000000
outer loop
vertex 748.520020 31.395996 -0.000005
vertex 736.715271 93.691406 -0.000015
vertex 736.715271 93.691475 399.999969
endloop
endfacet
facet normal 0.982516 0.186180 -0.000000
outer loop
vertex 748.520020 31.395996 -0.000005
vertex 736.715271 93.691475 399.999969
vertex 748.520020 31.396061 400.000000
endloop
endfacet
facet normal 0.041907 -0.999122 0.000000
outer loop
vertex 0.000602 -500.000000 0.000081
vertex 94.000565 -496.057312 0.000081
vertex 94.000565 -496.057251 400.000092
endloop
endfacet
facet normal 0.041907 -0.999122 0.000000
outer loop
vertex 0.000602 -500.000000 0.000081
vertex 94.000565 -496.057251 400.000092
vertex 0.000602 -499.999939 400.000092
endloop
endfacet
facet normal -1.000000 0.000000 0.000000
outer loop
vertex -748.520081 31.395134 -0.000005
vertex -748.520081 -31.395412 0.000005
vertex -748.520081 -31.395348 400.000000
endloop
endfacet
facet normal -1.000000 0.000000 0.000000
outer loop
vertex -748.520081 31.395134 -0.000005
vertex -748.520081 -31.395348 400.000000
vertex -748.520081 31.395199 400.000000
endloop
endfacet
facet normal 0.933182 0.359404 -0.000000
outer loop
vertex 736.715271 93.691406 -0.000015
vertex 713.291992 154.509247 -0.000025
vertex 713.291992 154.509308 399.999969
endloop
endfacet
facet normal 0.933183 0.359402 -0.000000
outer loop
vertex 736.715271 93.691406 -0.000015
vertex 713.291992 154.509308 399.999969
vertex 736.715271 93.691475 399.999969
endloop
endfacet
facet normal 0.126158 -0.992010 0.000000
outer loop
vertex 94.000565 -496.057312 0.000081
vertex 186.518082 -484.291443 0.000079
vertex 186.518082 -484.291382 400.000092
endloop
endfacet
facet normal 0.126158 -0.992010 0.000000
outer loop
vertex 94.000565 -496.057312 0.000081
vertex 186.518082 -484.291382 400.000092
vertex 94.000565 -496.057251 400.000092
endloop
endfacet
facet normal -0.982515 -0.186184 0.000000
outer loop
vertex -748.520081 -31.395412 0.000005
vertex -736.715393 -93.690834 0.000015
vertex -736.715393 -93.690765 400.000031
endloop
endfacet
facet normal -0.982515 -0.186181 0.000000
outer loop
vertex -748.520081 -31.395412 0.000005
vertex -736.715393 -93.690765 400.000031
vertex -748.520081 -31.395348 400.000000
endloop
endfacet
facet normal 0.859801 0.510630 -0.000000
outer loop
vertex 713.291992 154.509247 -0.000025
vertex 678.619751 212.890381 -0.000035
vertex 678.619751 212.890442 399.999969
endloop
endfacet
facet normal 0.859800 0.510632 -0.000000
outer loop
vertex 713.291992 154.509247 -0.000025
vertex 678.619751 212.890442 399.999969
vertex 713.291992 154.509308 399.999969
endloop
endfacet
facet normal -0.041906 0.999122 0.000000
outer loop
vertex 0.000000 500.000000 -0.000081
vertex -93.999931 496.057373 -0.000081
vertex -93.999931 496.057434 399.999908
endloop
endfacet
facet normal -0.041906 0.999122 -0.000000
outer loop
vertex 0.000000 500.000000 -0.000081
vertex -93.999931 496.057434 399.999908
vertex 0.000000 500.000061 399.999908
endloop
endfacet
facet normal 0.211704 -0.977334 0.000000
outer loop
vertex 186.518082 -484.291443 0.000079
vertex 276.094086 -464.888062 0.000076
vertex 276.094086 -464.888000 400.000061
endloop
endfacet
facet normal 0.211704 -0.977334 0.000000
outer loop
vertex 186.518082 -484.291443 0.000079
vertex 276.094086 -464.888000 400.000061
vertex 186.518082 -484.291382 400.000092
endloop
endfacet
facet normal -0.933183 -0.359402 0.000000
outer loop
vertex -736.715393 -93.690834 0.000015
vertex -713.292297 -154.508698 0.000025
vertex -713.292297 -154.508636 400.000031
endloop
endfacet
facet normal -0.933183 -0.359402 0.000000
outer loop
vertex -736.715393 -93.690834 0.000015
vertex -713.292297 -154.508636 400.000031
vertex -736.715393 -93.690765 400.000031
endloop
endfacet
facet normal 0.771512 0.636214 -0.000000
outer loop
vertex 678.619751 212.890381 -0.000035
vertex 633.245300 267.914093 -0.000044
vertex 633.245300 267.914154 399.999969
endloop
endfacet
facet normal 0.771511 0.636216 -0.000000
outer loop
vertex 678.619751 212.890381 -0.000035
vertex 633.245300 267.914154 399.999969
vertex 678.619751 212.890442 399.999969
endloop
endfacet
facet normal -0.126157 0.992010 0.000000
outer loop
vertex -93.999931 496.057373 -0.000081
vertex -186.517441 484.291595 -0.000079
vertex -186.517441 484.291656 399.999908
endloop
endfacet
facet normal -0.126157 0.992010 -0.000000
outer loop
vertex -93.999931 496.057373 -0.000081
vertex -186.517441 484.291656 399.999908
vertex -93.999931 496.057434 399.999908
endloop
endfacet
facet normal 0.299327 -0.954151 0.000000
outer loop
vertex 276.094086 -464.888062 0.000076
vertex 361.315948 -438.153076 0.000071
vertex 361.315948 -438.153015 400.000061
endloop
endfacet
facet normal 0.299327 -0.954151 0.000000
outer loop
vertex 276.094086 -464.888062 0.000076
vertex 361.315948 -438.153015 400.000061
vertex 276.094086 -464.888000 400.000061
endloop
endfacet
facet normal -0.859800 -0.510630 0.000000
outer loop
vertex -713.292297 -154.508698 0.000025
vertex -678.620178 -212.889816 0.000035
vertex -678.620178 -212.889755 400.000031
endloop
endfacet
facet normal -0.859801 -0.510629 0.000000
outer loop
vertex -713.292297 -154.508698 0.000025
vertex -678.620178 -212.889755 400.000031
vertex -713.292297 -154.508636 400.000031
endloop
endfacet
facet normal 0.676093 0.736816 -0.000000
outer loop
vertex 633.245300 267.914093 -0.000044
vertex 577.884094 318.712677 -0.000052
vertex 577.884094 318.712738 399.999939
endloop
endfacet
facet normal 0.676092 0.736817 -0.000000
outer loop
vertex 633.245300 267.914093 -0.000044
vertex 577.884094 318.712738 399.999939
vertex 633.245300 267.914154 399.999969
endloop
endfacet
facet normal -0.211704 0.977334 -0.000000
outer loop
vertex -186.517441 484.291595 -0.000079
vertex -276.093445 464.888245 -0.000076
vertex -276.093445 464.888306 399.999939
endloop
endfacet
facet normal -0.211704 0.977334 0.000000
outer loop
vertex -186.517441 484.291595 -0.000079
vertex -276.093445 464.888306 399.999939
vertex -186.517441 484.291656 399.999908
endloop
endfacet
facet normal 0.389643 -0.920966 0.000000
outer loop
vertex 361.315948 -438.153076 0.000071
vertex 440.839600 -404.508148 0.000066
vertex 440.839600 -404.508087 400.000061
endloop
endfacet
facet normal 0.389643 -0.920966 0.000000
outer loop
vertex 361.315948 -438.153076 0.000071
vertex 440.839600 -404.508087 400.000061
vertex 361.315948 -438.153015 400.000061
endloop
endfacet
facet normal -0.771512 -0.636214 0.000000
outer loop
vertex -678.620178 -212.889816 0.000035
vertex -633.245789 -267.913544 0.000044
vertex -633.245789 -267.913483 400.000031
endloop
endfacet
facet normal -0.771512 -0.636214 0.000000
outer loop
vertex -678.620178 -212.889816 0.000035
vertex -633.245789 -267.913483 400.000031
vertex -678.620178 -212.889755 400.000031
endloop
endfacet
facet normal 0.578882 0.815412 0.000000
outer loop
vertex 577.884094 318.712677 -0.000052
vertex 513.409363 364.484924 -0.000059
vertex 513.409363 364.484985 399.999939
endloop
endfacet
facet normal 0.578881 0.815412 -0.000000
outer loop
vertex 577.884094 318.712677 -0.000052
vertex 513.409363 364.484985 399.999939
vertex 577.884094 318.712738 399.999939
endloop
endfacet
facet normal -0.299326 0.954151 -0.000000
outer loop
vertex -276.093445 464.888245 -0.000076
vertex -361.315308 438.153320 -0.000071
vertex -361.315308 438.153381 399.999939
endloop
endfacet
facet normal -0.299326 0.954151 -0.000000
outer loop
vertex -276.093445 464.888245 -0.000076
vertex -361.315308 438.153381 399.999939
vertex -276.093445 464.888306 399.999939
endloop
endfacet
facet normal 0.482937 -0.875655 0.000000
outer loop
vertex 440.839600 -404.508148 0.000066
vertex 513.410950 -364.483917 0.000059
vertex 513.410950 -364.483856 400.000061
endloop
endfacet
facet normal 0.482937 -0.875655 0.000000
outer loop
vertex 440.839600 -404.508148 0.000066
vertex 513.410950 -364.483856 400.000061
vertex 440.839600 -404.508087 400.000061
endloop
endfacet
facet normal -0.676093 -0.736817 0.000000
outer loop
vertex -633.245789 -267.913544 0.000044
vertex -577.884705 -318.712189 0.000052
vertex -577.884705 -318.712128 400.000061
endloop
endfacet
facet normal -0.676093 -0.736816 0.000000
outer loop
vertex -633.245789 -267.913544 0.000044
vertex -577.884705 -318.712128 400.000061
vertex -633.245789 -267.913483 400.000031
endloop
endfacet
facet normal 0.482935 0.875656 -0.000000
outer loop
vertex 513.409363 364.484924 -0.000059
vertex 440.837830 404.509033 -0.000066
vertex 440.837830 404.509094 399.999939
endloop
endfacet
facet normal 0.482935 0.875656 -0.000000
outer loop
vertex 513.409363 364.484924 -0.000059
vertex 440.837830 404.509094 399.999939
vertex 513.409363 364.484985 399.999939
endloop
endfacet
facet normal -0.389642 0.920966 -0.000000
outer loop
vertex -361.315308 438.153320 -0.000071
vertex -440.838928 404.508484 -0.000066
vertex -440.838928 404.508545 399.999939
endloop
endfacet
facet normal -0.389642 0.920966 0.000000
outer loop
vertex -361.315308 438.153320 -0.000071
vertex -440.838928 404.508545 399.999939
vertex -361.315308 438.153381 399.999939
endloop
endfacet
facet normal 0.126156 0.992010 -0.000000
outer loop
vertex 186.515976 484.291901 399.999908
vertex 93.998421 496.057526 399.999908
vertex 93.998421 496.057587 799.999939
endloop
endfacet
facet normal 0.126156 0.992010 -0.000000
outer loop
vertex 186.515976 484.291901 399.999908
vertex 93.998421 496.057587 799.999939
vertex 186.515976 484.291962 799.999939
endloop
endfacet
facet normal -0.771512 0.636214 -0.000000
outer loop
vertex -633.245972 267.913422 399.999969
vertex -678.620361 212.889664 399.999969
vertex -678.620361 212.889740 799.999939
endloop
endfacet
facet normal -0.771512 0.636214 -0.000000
outer loop
vertex -633.245972 267.913422 399.999969
vertex -678.620361 212.889740 799.999939
vertex -633.245972 267.913483 799.999939
endloop
endfacet
facet normal 0.933184 -0.359400 0.000000
outer loop
vertex 713.292664 -154.507812 400.000031
vertex 736.715637 -93.689919 400.000031
vertex 736.715637 -93.689857 800.000000
endloop
endfacet
facet normal 0.933184 -0.359400 0.000000
outer loop
vertex 713.292664 -154.507812 400.000031
vertex 736.715637 -93.689857 800.000000
vertex 713.292664 -154.507736 800.000000
endloop
endfacet
facet normal -0.211703 -0.977334 0.000000
outer loop
vertex -276.092957 -464.888306 400.000061
vertex -186.516891 -484.291595 400.000092
vertex -186.516891 -484.291534 800.000061
endloop
endfacet
facet normal -0.211703 -0.977334 0.000000
outer loop
vertex -276.092957 -464.888306 400.000061
vertex -186.516891 -484.291534 800.000061
vertex -276.092957 -464.888245 800.000061
endloop
endfacet
facet normal 0.041906 0.999121 0.000000
outer loop
vertex 93.998421 496.057526 399.999908
vertex 0.000000 500.000061 399.999908
vertex 0.000000 500.000122 799.999939
endloop
endfacet
facet normal 0.041906 0.999121 -0.000000
outer loop
vertex 93.998421 496.057526 399.999908
vertex 0.000000 500.000122 799.999939
vertex 93.998421 496.057587 799.999939
endloop
endfacet
facet normal -0.859802 0.510628 -0.000000
outer loop
vertex -678.620361 212.889664 399.999969
vertex -713.292419 154.508484 399.999969
vertex -713.292419 154.508560 800.000000
endloop
endfacet
facet normal -0.859801 0.510629 -0.000000
outer loop
vertex -678.620361 212.889664 399.999969
vertex -713.292419 154.508560 800.000000
vertex -678.620361 212.889740 799.999939
endloop
endfacet
facet normal 0.982516 -0.186177 0.000000
outer loop
vertex 736.715637 -93.689919 400.000031
vertex 748.520081 -31.394489 400.000000
vertex 748.520081 -31.394424 800.000000
endloop
endfacet
facet normal 0.982516 -0.186180 0.000000
outer loop
vertex 736.715637 -93.689919 400.000031
vertex 748.520081 -31.394424 800.000000
vertex 736.715637 -93.689857 800.000000
endloop
endfacet
facet normal -0.126157 -0.992010 0.000000
outer loop
vertex -186.516891 -484.291595 400.000092
vertex -93.999367 -496.057343 400.000092
vertex -93.999367 -496.057281 800.000061
endloop
endfacet
facet normal -0.126157 -0.992010 0.000000
outer loop
vertex -186.516891 -484.291595 400.000092
vertex -93.999367 -496.057281 800.000061
vertex -186.516891 -484.291534 800.000061
endloop
endfacet
facet normal -0.933183 0.359402 -0.000000
outer loop
vertex -713.292419 154.508484 399.999969
vertex -736.715454 93.690628 399.999969
vertex -736.715454 93.690689 800.000000
endloop
endfacet
facet normal -0.933184 0.359400 -0.000000
outer loop
vertex -713.292419 154.508484 399.999969
vertex -736.715454 93.690689 800.000000
vertex -713.292419 154.508560 800.000000
endloop
endfacet
facet normal 1.000000 0.000000 -0.000000
outer loop
vertex 748.520081 -31.394489 400.000000
vertex 748.520020 31.396061 400.000000
vertex 748.520020 31.396126 800.000000
endloop
endfacet
facet normal 1.000000 0.000002 -0.000000
outer loop
vertex 748.520081 -31.394489 400.000000
vertex 748.520020 31.396126 800.000000
vertex 748.520081 -31.394424 800.000000
endloop
endfacet
facet normal -0.041906 -0.999122 0.000000
outer loop
vertex -93.999367 -496.057343 400.000092
vertex 0.000602 -499.999939 400.000092
vertex 0.000602 -499.999878 800.000061
endloop
endfacet
facet normal -0.041906 -0.999122 0.000000
outer loop
vertex -93.999367 -496.057343 400.000092
vertex 0.000602 -499.999878 800.000061
vertex -93.999367 -496.057281 800.000061
endloop
endfacet
facet normal -0.982516 0.186180 -0.000000
outer loop
vertex -736.715454 93.690628 399.999969
vertex -748.520081 31.395199 400.000000
vertex -748.520081 31.395264 800.000000
endloop
endfacet
facet normal -0.982515 0.186182 -0.000000
outer loop
vertex -736.715454 93.690628 399.999969
vertex -748.520081 31.395264 800.000000
vertex -736.715454 93.690689 800.000000
endloop
endfacet
facet normal 0.982515 0.186184 -0.000000
outer loop
vertex 748.520020 31.396061 400.000000
vertex 736.715271 93.691475 399.999969
vertex 736.715271 93.691536 800.000000
endloop
endfacet
facet normal 0.982515 0.186182 -0.000000
outer loop
vertex 748.520020 31.396061 400.000000
vertex 736.715271 93.691536 800.000000
vertex 748.520020 31.396126 800.000000
endloop
endfacet
facet normal 0.041907 -0.999122 0.000000
outer loop
vertex 0.000602 -499.999939 400.000092
vertex 94.000565 -496.057251 400.000092
vertex 94.000565 -496.057190 800.000061
endloop
endfacet
facet normal 0.041907 -0.999122 0.000000
outer loop
vertex 0.000602 -499.999939 400.000092
vertex 94.000565 -496.057190 800.000061
vertex 0.000602 -499.999878 800.000061
endloop
endfacet
facet normal -1.000000 0.000000 0.000000
outer loop
vertex -748.520081 31.395199 400.000000
vertex -748.520081 -31.395348 400.000000
vertex -748.520081 -31.395283 800.000000
endloop
endfacet
facet normal -1.000000 0.000000 0.000000
outer loop
vertex -748.520081 31.395199 400.000000
vertex -748.520081 -31.395283 800.000000
vertex -748.520081 31.395264 800.000000
endloop
endfacet
facet normal 0.933181 0.359406 -0.000000
outer loop
vertex 736.715271 93.691475 399.999969
vertex 713.291992 154.509308 399.999969
vertex 713.291992 154.509384 800.000000
endloop
endfacet
facet normal 0.933183 0.359402 -0.000000
outer loop
vertex 736.715271 93.691475 399.999969
vertex 713.291992 154.509384 800.000000
vertex 736.715271 93.691536 800.000000
endloop
endfacet
facet normal 0.126158 -0.992010 0.000000
outer loop
vertex 94.000565 -496.057251 400.000092
vertex 186.518082 -484.291382 400.000092
vertex 186.518082 -484.291321 800.000061
endloop
endfacet
facet normal 0.126158 -0.992010 0.000000
outer loop
vertex 94.000565 -496.057251 400.000092
vertex 186.518082 -484.291321 800.000061
vertex 94.000565 -496.057190 800.000061
endloop
endfacet
facet normal -0.982515 -0.186182 0.000000
outer loop
vertex -748.520081 -31.395348 400.000000
vertex -736.715393 -93.690765 400.000031
vertex -736.715393 -93.690704 800.000000
endloop
endfacet
facet normal -0.982515 -0.186182 0.000000
outer loop
vertex -748.520081 -31.395348 400.000000
vertex -736.715393 -93.690704 800.000000
vertex -748.520081 -31.395283 800.000000
endloop
endfacet
facet normal 0.859801 0.510630 -0.000000
outer loop
vertex 713.291992 154.509308 399.999969
vertex 678.619751 212.890442 399.999969
vertex 678.619751 212.890518 799.999939
endloop
endfacet
facet normal 0.859800 0.510631 -0.000000
outer loop
vertex 713.291992 154.509308 399.999969
vertex 678.619751 212.890518 799.999939
vertex 713.291992 154.509384 800.000000
endloop
endfacet
facet normal -0.041906 0.999122 -0.000000
outer loop
vertex 0.000000 500.000061 399.999908
vertex -93.999931 496.057434 399.999908
vertex -93.999931 496.057495 799.999939
endloop
endfacet
facet normal -0.041906 0.999122 0.000000
outer loop
vertex 0.000000 500.000061 399.999908
vertex -93.999931 496.057495 799.999939
vertex 0.000000 500.000122 799.999939
endloop
endfacet
facet normal 0.211704 -0.977334 0.000000
outer loop
vertex 186.518082 -484.291382 400.000092
vertex 276.094086 -464.888000 400.000061
vertex 276.094086 -464.887939 800.000061
endloop
endfacet
facet normal 0.211704 -0.977334 0.000000
outer loop
vertex 186.518082 -484.291382 400.000092
vertex 276.094086 -464.887939 800.000061
vertex 186.518082 -484.291321 800.000061
endloop
endfacet
facet normal -0.933183 -0.359402 0.000000
outer loop
vertex -736.715393 -93.690765 400.000031
vertex -713.292297 -154.508636 400.000031
vertex -713.292297 -154.508560 800.000000
endloop
endfacet
facet normal -0.933184 -0.359400 0.000000
outer loop
vertex -736.715393 -93.690765 400.000031
vertex -713.292297 -154.508560 800.000000
vertex -736.715393 -93.690704 800.000000
endloop
endfacet
facet normal 0.771512 0.636214 -0.000000
outer loop
vertex 678.619751 212.890442 399.999969
vertex 633.245300 267.914154 399.999969
vertex 633.245300 267.914215 799.999939
endloop
endfacet
facet normal 0.771511 0.636216 -0.000000
outer loop
vertex 678.619751 212.890442 399.999969
vertex 633.245300 267.914215 799.999939
vertex 678.619751 212.890518 799.999939
endloop
endfacet
facet normal -0.126157 0.992010 0.000000
outer loop
vertex -93.999931 496.057434 399.999908
vertex -186.517441 484.291656 399.999908
vertex -186.517441 484.291718 799.999939
endloop
endfacet
facet normal -0.126157 0.992010 -0.000000
outer loop
vertex -93.999931 496.057434 399.999908
vertex -186.517441 484.291718 799.999939
vertex -93.999931 496.057495 799.999939
endloop
endfacet
facet normal 0.299327 -0.954151 0.000000
outer loop
vertex 276.094086 -464.888000 400.000061
vertex 361.315948 -438.153015 400.000061
vertex 361.315948 -438.152954 800.000061
endloop
endfacet
facet normal 0.299327 -0.954151 0.000000
outer loop
vertex 276.094086 -464.888000 400.000061
vertex 361.315948 -438.152954 800.000061
vertex 276.094086 -464.887939 800.000061
endloop
endfacet
facet normal -0.859801 -0.510630 0.000000
outer loop
vertex -713.292297 -154.508636 400.000031
vertex -678.620178 -212.889755 400.000031
vertex -678.620178 -212.889679 800.000061
endloop
endfacet
facet normal -0.859801 -0.510629 0.000000
outer loop
vertex -713.292297 -154.508636 400.000031
vertex -678.620178 -212.889679 800.000061
vertex -713.292297 -154.508560 800.000000
endloop
endfacet
facet normal 0.676092 0.736817 -0.000000
outer loop
vertex 633.245300 267.914154 399.999969
vertex 577.884094 318.712738 399.999939
vertex 577.884094 318.712799 799.999939
endloop
endfacet
facet normal 0.676092 0.736817 -0.000000
outer loop
vertex 633.245300 267.914154 399.999969
vertex 577.884094 318.712799 799.999939
vertex 633.245300 267.914215 799.999939
endloop
endfacet
facet normal -0.211704 0.977334 -0.000000
outer loop
vertex -186.517441 484.291656 399.999908
vertex -276.093445 464.888306 399.999939
vertex -276.093445 464.888367 799.999939
endloop
endfacet
facet normal -0.211704 0.977334 0.000000
outer loop
vertex -186.517441 484.291656 399.999908
vertex -276.093445 464.888367 799.999939
vertex -186.517441 484.291718 799.999939
endloop
endfacet
facet normal 0.389643 -0.920966 0.000000
outer loop
vertex 361.315948 -438.153015 400.000061
vertex 440.839600 -404.508087 400.000061
vertex 440.839600 -404.508026 800.000061
endloop
endfacet
facet normal 0.389643 -0.920966 0.000000
outer loop
vertex 361.315948 -438.153015 400.000061
vertex 440.839600 -404.508026 800.000061
vertex 361.315948 -438.152954 800.000061
endloop
endfacet
facet normal -0.771512 -0.636215 0.000000
outer loop
vertex -678.620178 -212.889755 400.000031
vertex -633.245789 -267.913483 400.000031
vertex -633.245789 -267.913422 800.000061
endloop
endfacet
facet normal -0.771512 -0.636214 0.000000
outer loop
vertex -678.620178 -212.889755 400.000031
vertex -633.245789 -267.913422 800.000061
vertex -678.620178 -212.889679 800.000061
endloop
endfacet
facet normal 0.578882 0.815412 0.000000
outer loop
vertex 577.884094 318.712738 399.999939
vertex 513.409363 364.484985 399.999939
vertex 513.409363 364.485046 799.999939
endloop
endfacet
facet normal 0.578881 0.815412 -0.000000
outer loop
vertex 577.884094 318.712738 399.999939
vertex 513.409363 364.485046 799.999939
vertex 577.884094 318.712799 799.999939
endloop
endfacet
facet normal -0.299326 0.954151 0.000000
outer loop
vertex -276.093445 464.888306 399.999939
vertex -361.315308 438.153381 399.999939
vertex -361.315308 438.153442 799.999939
endloop
endfacet
facet normal -0.299326 0.954151 -0.000000
outer loop
vertex -276.093445 464.888306 399.999939
vertex -361.315308 438.153442 799.999939
vertex -276.093445 464.888367 799.999939
endloop
endfacet
facet normal 0.482937 -0.875655 0.000000
outer loop
vertex 440.839600 -404.508087 400.000061
vertex 513.410950 -364.483856 400.000061
vertex 513.410950 -364.483795 800.000061
endloop
endfacet
facet normal 0.482937 -0.875655 0.000000
outer loop
vertex 440.839600 -404.508087 400.000061
vertex 513.410950 -364.483795 800.000061
vertex 440.839600 -404.508026 800.000061
endloop
endfacet
facet normal -0.676093 -0.736816 0.000000
outer loop
vertex -633.245789 -267.913483 400.000031
vertex -577.884705 -318.712128 400.000061
vertex -577.884705 -318.712067 800.000061
endloop
endfacet
facet normal -0.676093 -0.736816 0.000000
outer loop
vertex -633.245789 -267.913483 400.000031
vertex -577.884705 -318.712067 800.000061
vertex -633.245789 -267.913422 800.000061
endloop
endfacet
facet normal 0.482935 0.875656 -0.000000
outer loop
vertex 513.409363 364.484985 399.999939
vertex 440.837830 404.509094 399.999939
vertex 440.837830 404.509155 799.999939
endloop
endfacet
facet normal 0.482935 0.875656 -0.000000
outer loop
vertex 513.409363 364.484985 399.999939
vertex 440.837830 404.509155 799.999939
vertex 513.409363 364.485046 799.999939
endloop
endfacet
facet normal -0.389642 0.920966 -0.000000
outer loop
vertex -361.315308 438.153381 399.999939
vertex -440.838928 404.508545 399.999939
vertex -440.838928 404.508606 799.999939
endloop
endfacet
facet normal -0.389642 0.920966 -0.000000
outer loop
vertex -361.315308 438.153381 399.999939
vertex -440.838928 404.508606 799.999939
vertex -361.315308 438.153442 799.999939
endloop
endfacet
facet normal 0.578883 -0.815411 0.000000
outer loop
vertex 513.410950 -364.483856 400.000061
vertex 577.885498 -318.711487 400.000061
vertex 577.885498 -318.711426 800.000061
endloop
endfacet
facet normal 0.578884 -0.815410 0.000000
outer loop
vertex 513.410950 -364.483856 400.000061
vertex 577.885498 -318.711426 800.000061
vertex 513.410950 -364.483795 800.000061
endloop
endfacet
facet normal -0.578883 -0.815411 0.000000
outer loop
vertex -577.884705 -318.712128 400.000061
vertex -513.410095 -364.484436 400.000061
vertex -513.410095 -364.484375 800.000061
endloop
endfacet
facet normal -0.578883 -0.815411 0.000000
outer loop
vertex -577.884705 -318.712128 400.000061
vertex -513.410095 -364.484375 800.000061
vertex -577.884705 -318.712067 800.000061
endloop
endfacet
facet normal 0.389640 0.920967 0.000000
outer loop
vertex 440.837830 404.509094 399.999939
vertex 361.314026 438.153839 399.999939
vertex 361.314026 438.153900 799.999939
endloop
endfacet
facet normal 0.389641 0.920967 -0.000000
outer loop
vertex 440.837830 404.509094 399.999939
vertex 361.314026 438.153900 799.999939
vertex 440.837830 404.509155 799.999939
endloop
endfacet
facet normal -0.482937 0.875655 -0.000000
outer loop
vertex -440.838928 404.508545 399.999939
vertex -513.410339 364.484375 399.999939
vertex -513.410339 364.484436 799.999939
endloop
endfacet
facet normal -0.482937 0.875655 -0.000000
outer loop
vertex -440.838928 404.508545 399.999939
vertex -513.410339 364.484436 799.999939
vertex -440.838928 404.508606 799.999939
endloop
endfacet
facet normal 0.676094 -0.736816 0.000000
outer loop
vertex 577.885498 -318.711487 400.000061
vertex 633.246460 -267.912842 400.000031
vertex 633.246460 -267.912781 800.000061
endloop
endfacet
facet normal 0.676094 -0.736815 0.000000
outer loop
vertex 577.885498 -318.711487 400.000061
vertex 633.246460 -267.912781 800.000061
vertex 577.885498 -318.711426 800.000061
endloop
endfacet
facet normal -0.482936 -0.875656 0.000000
outer loop
vertex -513.410095 -364.484436 400.000061
vertex -440.838623 -404.508575 400.000061
vertex -440.838623 -404.508514 800.000061
endloop
endfacet
facet normal -0.482936 -0.875656 0.000000
outer loop
vertex -513.410095 -364.484436 400.000061
vertex -440.838623 -404.508514 800.000061
vertex -513.410095 -364.484375 800.000061
endloop
endfacet
facet normal 0.299325 0.954151 -0.000000
outer loop
vertex 361.314026 438.153839 399.999939
vertex 276.092072 464.888672 399.999939
vertex 276.092072 464.888733 799.999939
endloop
endfacet
facet normal 0.299325 0.954151 0.000000
outer loop
vertex 361.314026 438.153839 399.999939
vertex 276.092072 464.888733 799.999939
vertex 361.314026 438.153900 799.999939
endloop
endfacet
facet normal -0.578883 0.815411 -0.000000
outer loop
vertex -513.410339 364.484375 399.999939
vertex -577.884949 318.712067 399.999939
vertex -577.884949 318.712128 799.999939
endloop
endfacet
facet normal -0.578883 0.815411 0.000000
outer loop
vertex -513.410339 364.484375 399.999939
vertex -577.884949 318.712128 799.999939
vertex -513.410339 364.484436 799.999939
endloop
endfacet
facet normal 0.771515 -0.636211 0.000000
outer loop
vertex 633.246460 -267.912842 400.000031
vertex 678.620667 -212.889008 400.000031
vertex 678.620667 -212.888931 800.000061
endloop
endfacet
facet normal 0.771513 -0.636213 0.000000
outer loop
vertex 633.246460 -267.912842 400.000031
vertex 678.620667 -212.888931 800.000061
vertex 633.246460 -267.912781 800.000061
endloop
endfacet
facet normal -0.389641 -0.920967 0.000000
outer loop
vertex -440.838623 -404.508575 400.000061
vertex -361.314880 -438.153381 400.000061
vertex -361.314880 -438.153320 800.000061
endloop
endfacet
facet normal -0.389641 -0.920967 0.000000
outer loop
vertex -440.838623 -404.508575 400.000061
vertex -361.314880 -438.153320 800.000061
vertex -440.838623 -404.508514 800.000061
endloop
endfacet
facet normal 0.211702 0.977334 -0.000000
outer loop
vertex 276.092072 464.888672 399.999939
vertex 186.515976 484.291901 399.999908
vertex 186.515976 484.291962 799.999939
endloop
endfacet
facet normal 0.211702 0.977334 0.000000
outer loop
vertex 276.092072 464.888672 399.999939
vertex 186.515976 484.291962 799.999939
vertex 276.092072 464.888733 799.999939
endloop
endfacet
facet normal -0.676093 0.736816 -0.000000
outer loop
vertex -577.884949 318.712067 399.999939
vertex -633.245972 267.913422 399.999969
vertex -633.245972 267.913483 799.999939
endloop
endfacet
facet normal -0.676094 0.736815 -0.000000
outer loop
vertex -577.884949 318.712067 399.999939
vertex -633.245972 267.913483 799.999939
vertex -577.884949 318.712128 799.999939
endloop
endfacet
facet normal 0.859803 -0.510626 0.000000
outer loop
vertex 678.620667 -212.889008 400.000031
vertex 713.292664 -154.507812 400.000031
vertex 713.292664 -154.507736 800.000000
endloop
endfacet
facet normal 0.859801 -0.510629 0.000000
outer loop
vertex 678.620667 -212.889008 400.000031
vertex 713.292664 -154.507736 800.000000
vertex 678.620667 -212.888931 800.000061
endloop
endfacet
facet normal -0.299326 -0.954151 0.000000
outer loop
vertex -361.314880 -438.153381 400.000061
vertex -276.092957 -464.888306 400.000061
vertex -276.092957 -464.888245 800.000061
endloop
endfacet
facet normal -0.299326 -0.954151 0.000000
outer loop
vertex -361.314880 -438.153381 400.000061
vertex -276.092957 -464.888245 800.000061
vertex -361.314880 -438.153320 800.000061
endloop
endfacet
facet normal -0.859800 -0.510630 0.000000
outer loop
vertex -713.292297 -154.508560 800.000000
vertex -678.620178 -212.889679 800.000061
vertex -678.620178 -212.889618 1200.000000
endloop
endfacet
facet normal -0.859801 -0.510629 0.000000
outer loop
vertex -713.292297 -154.508560 800.000000
vertex -678.620178 -212.889618 1200.000000
vertex -713.292297 -154.508499 1200.000000
endloop
endfacet
facet normal 0.676092 0.736817 -0.000000
outer loop
vertex 633.245300 267.914215 799.999939
vertex 577.884094 318.712799 799.999939
vertex 577.884094 318.712860 1200.000000
endloop
endfacet
facet normal 0.676092 0.736817 -0.000000
outer loop
vertex 633.245300 267.914215 799.999939
vertex 577.884094 318.712860 1200.000000
vertex 633.245300 267.914276 1200.000000
endloop
endfacet
facet normal -0.211703 0.977334 -0.000000
outer loop
vertex -186.517441 484.291718 799.999939
vertex -276.093445 464.888367 799.999939
vertex -276.093445 464.888428 1199.999878
endloop
endfacet
facet normal -0.211704 0.977334 0.000000
outer loop
vertex -186.517441 484.291718 799.999939
vertex -276.093445 464.888428 1199.999878
vertex -186.517441 484.291779 1199.999878
endloop
endfacet
facet normal 0.389643 -0.920966 0.000000
outer loop
vertex 361.315948 -438.152954 800.000061
vertex 440.839600 -404.508026 800.000061
vertex 440.839600 -404.507965 1200.000122
endloop
endfacet
facet normal 0.389643 -0.920966 0.000000
outer loop
vertex 361.315948 -438.152954 800.000061
vertex 440.839600 -404.507965 1200.000122
vertex 361.315948 -438.152893 1200.000122
endloop
endfacet
facet normal -0.771512 -0.636214 0.000000
outer loop
vertex -678.620178 -212.889679 800.000061
vertex -633.245789 -267.913422 800.000061
vertex -633.245789 -267.913361 1200.000000
endloop
endfacet
facet normal -0.771512 -0.636214 0.000000
outer loop
vertex -678.620178 -212.889679 800.000061
vertex -633.245789 -267.913361 1200.000000
vertex -678.620178 -212.889618 1200.000000
endloop
endfacet
facet normal 0.578882 0.815411 0.000000
outer loop
vertex 577.884094 318.712799 799.999939
vertex 513.409363 364.485046 799.999939
vertex 513.409363 364.485107 1200.000000
endloop
endfacet
facet normal 0.578881 0.815412 -0.000000
outer loop
vertex 577.884094 318.712799 799.999939
vertex 513.409363 364.485107 1200.000000
vertex 577.884094 318.712860 1200.000000
endloop
endfacet
facet normal -0.299326 0.954151 -0.000000
outer loop
vertex -276.093445 464.888367 799.999939
vertex -361.315308 438.153442 799.999939
vertex -361.315308 438.153503 1199.999878
endloop
endfacet
facet normal -0.299326 0.954151 0.000000
outer loop
vertex -276.093445 464.888367 799.999939
vertex -361.315308 438.153503 1199.999878
vertex -276.093445 464.888428 1199.999878
endloop
endfacet
facet normal 0.482937 -0.875655 0.000000
outer loop
vertex 440.839600 -404.508026 800.000061
vertex 513.410950 -364.483795 800.000061
vertex 513.410950 -364.483734 1200.000000
endloop
endfacet
facet normal 0.482937 -0.875655 0.000000
outer loop
vertex 440.839600 -404.508026 800.000061
vertex 513.410950 -364.483734 1200.000000
vertex 440.839600 -404.507965 1200.000122
endloop
endfacet
facet normal -0.676093 -0.736816 0.000000
outer loop
vertex -633.245789 -267.913422 800.000061
vertex -577.884705 -318.712067 800.000061
vertex -577.884705 -318.712006 1200.000000
endloop
endfacet
facet normal -0.676093 -0.736816 0.000000
outer loop
vertex -633.245789 -267.913422 800.000061
vertex -577.884705 -318.712006 1200.000000
vertex -633.245789 -267.913361 1200.000000
endloop
endfacet
facet normal 0.482935 0.875656 -0.000000
outer loop
vertex 513.409363 364.485046 799.999939
vertex 440.837830 404.509155 799.999939
vertex 440.837830 404.509216 1199.999878
endloop
endfacet
facet normal 0.482935 0.875656 -0.000000
outer loop
vertex 513.409363 364.485046 799.999939
vertex 440.837830 404.509216 1199.999878
vertex 513.409363 364.485107 1200.000000
endloop
endfacet
facet normal -0.389642 0.920966 0.000000
outer loop
vertex -361.315308 438.153442 799.999939
vertex -440.838928 404.508606 799.999939
vertex -440.838928 404.508667 1199.999878
endloop
endfacet
facet normal -0.389642 0.920966 -0.000000
outer loop
vertex -361.315308 438.153442 799.999939
vertex -440.838928 404.508667 1199.999878
vertex -361.315308 438.153503 1199.999878
endloop
endfacet
facet normal 0.578884 -0.815410 0.000000
outer loop
vertex 513.410950 -364.483795 800.000061
vertex 577.885498 -318.711426 800.000061
vertex 577.885498 -318.711365 1200.000000
endloop
endfacet
facet normal 0.578884 -0.815410 0.000000
outer loop
vertex 513.410950 -364.483795 800.000061
vertex 577.885498 -318.711365 1200.000000
vertex 513.410950 -364.483734 1200.000000
endloop
endfacet
facet normal -0.578883 -0.815411 0.000000
outer loop
vertex -577.884705 -318.712067 800.000061
vertex -513.410095 -364.484375 800.000061
vertex -513.410095 -364.484314 1200.000000
endloop
endfacet
facet normal -0.578883 -0.815411 0.000000
outer loop
vertex -577.884705 -318.712067 800.000061
vertex -513.410095 -364.484314 1200.000000
vertex -577.884705 -318.712006 1200.000000
endloop
endfacet
facet normal 0.389641 0.920967 0.000000
outer loop
vertex 440.837830 404.509155 799.999939
vertex 361.314026 438.153900 799.999939
vertex 361.314026 438.153961 1199.999878
endloop
endfacet
facet normal 0.389641 0.920967 -0.000000
outer loop
vertex 440.837830 404.509155 799.999939
vertex 361.314026 438.153961 1199.999878
vertex 440.837830 404.509216 1199.999878
endloop
endfacet
facet normal -0.482936 0.875656 -0.000000
outer loop
vertex -440.838928 404.508606 799.999939
vertex -513.410339 364.484436 799.999939
vertex -513.410339 364.484497 1200.000000
endloop
endfacet
facet normal -0.482937 0.875655 -0.000000
outer loop
vertex -440.838928 404.508606 799.999939
vertex -513.410339 364.484497 1200.000000
vertex -440.838928 404.508667 1199.999878
endloop
endfacet
facet normal 0.676094 -0.736815 0.000000
outer loop
vertex 577.885498 -318.711426 800.000061
vertex 633.246460 -267.912781 800.000061
vertex 633.246460 -267.912720 1200.000000
endloop
endfacet
facet normal 0.676094 -0.736816 0.000000
outer loop
vertex 577.885498 -318.711426 800.000061
vertex 633.246460 -267.912720 1200.000000
vertex 577.885498 -318.711365 1200.000000
endloop
endfacet
facet normal -0.482936 -0.875656 0.000000
outer loop
vertex -513.410095 -364.484375 800.000061
vertex -440.838623 -404.508514 800.000061
vertex -440.838623 -404.508453 1200.000122
endloop
endfacet
facet normal -0.482936 -0.875656 0.000000
outer loop
vertex -513.410095 -364.484375 800.000061
vertex -440.838623 -404.508453 1200.000122
vertex -513.410095 -364.484314 1200.000000
endloop
endfacet
facet normal 0.299325 0.954151 -0.000000
outer loop
vertex 361.314026 438.153900 799.999939
vertex 276.092072 464.888733 799.999939
vertex 276.092072 464.888794 1199.999878
endloop
endfacet
facet normal 0.299325 0.954151 0.000000
outer loop
vertex 361.314026 438.153900 799.999939
vertex 276.092072 464.888794 1199.999878
vertex 361.314026 438.153961 1199.999878
endloop
endfacet
facet normal -0.578883 0.815411 -0.000000
outer loop
vertex -513.410339 364.484436 799.999939
vertex -577.884949 318.712128 799.999939
vertex -577.884949 318.712189 1200.000000
endloop
endfacet
facet normal -0.578883 0.815411 0.000000
outer loop
vertex -513.410339 364.484436 799.999939
vertex -577.884949 318.712189 1200.000000
vertex -513.410339 364.484497 1200.000000
endloop
endfacet
facet normal 0.771515 -0.636211 0.000000
outer loop
vertex 633.246460 -267.912781 800.000061
vertex 678.620667 -212.888931 800.000061
vertex 678.620667 -212.888870 1200.000000
endloop
endfacet
facet normal 0.771514 -0.636213 0.000000
outer loop
vertex 633.246460 -267.912781 800.000061
vertex 678.620667 -212.888870 1200.000000
vertex 633.246460 -267.912720 1200.000000
endloop
endfacet
facet normal -0.389641 -0.920967 0.000000
outer loop
vertex -440.838623 -404.508514 800.000061
vertex -361.314880 -438.153320 800.000061
vertex -361.314880 -438.153259 1200.000122
endloop
endfacet
facet normal -0.389641 -0.920967 0.000000
outer loop
vertex -440.838623 -404.508514 800.000061
vertex -361.314880 -438.153259 1200.000122
vertex -440.838623 -404.508453 1200.000122
endloop
endfacet
facet normal 0.211702 0.977334 -0.000000
outer loop
vertex 276.092072 464.888733 799.999939
vertex 186.515976 484.291962 799.999939
vertex 186.515976 484.292023 1199.999878
endloop
endfacet
facet normal 0.211702 0.977334 0.000000
outer loop
vertex 276.092072 464.888733 799.999939
vertex 186.515976 484.292023 1199.999878
vertex 276.092072 464.888794 1199.999878
endloop
endfacet
facet normal -0.676093 0.736816 -0.000000
outer loop
vertex -577.884949 318.712128 799.999939
vertex -633.245972 267.913483 799.999939
vertex -633.245972 267.913544 1200.000000
endloop
endfacet
facet normal -0.676094 0.736815 -0.000000
outer loop
vertex -577.884949 318.712128 799.999939
vertex -633.245972 267.913544 1200.000000
vertex -577.884949 318.712189 1200.000000
endloop
endfacet
facet normal 0.859802 -0.510628 0.000000
outer loop
vertex 678.620667 -212.888931 800.000061
vertex 713.292664 -154.507736 800.000000
vertex 713.292664 -154.507675 1200.000000
endloop
endfacet
facet normal 0.859802 -0.510628 0.000000
outer loop
vertex 678.620667 -212.888931 800.000061
vertex 713.292664 -154.507675 1200.000000
vertex 678.620667 -212.888870 1200.000000
endloop
endfacet
facet normal -0.299326 -0.954151 0.000000
outer loop
vertex -361.314880 -438.153320 800.000061
vertex -276.092957 -464.888245 800.000061
vertex -276.092957 -464.888184 1200.000122
endloop
endfacet
facet normal -0.299326 -0.954151 0.000000
outer loop
vertex -361.314880 -438.153320 800.000061
vertex -276.092957 -464.888184 1200.000122
vertex -361.314880 -438.153259 1200.000122
endloop
endfacet
facet normal 0.126156 0.992010 0.000000
outer loop
vertex 186.515976 484.291962 799.999939
vertex 93.998421 496.057587 799.999939
vertex 93.998421 496.057648 1199.999878
endloop
endfacet
facet normal 0.126156 0.992010 -0.000000
outer loop
vertex 186.515976 484.291962 799.999939
vertex 93.998421 496.057648 1199.999878
vertex 186.515976 484.292023 1199.999878
endloop
endfacet
facet normal -0.771512 0.636214 -0.000000
outer loop
vertex -633.245972 267.913483 799.999939
vertex -678.620361 212.889740 799.999939
vertex -678.620361 212.889801 1200.000000
endloop
endfacet
facet normal -0.771512 0.636215 -0.000000
outer loop
vertex -633.245972 267.913483 799.999939
vertex -678.620361 212.889801 1200.000000
vertex -633.245972 267.913544 1200.000000
endloop
endfacet
facet normal 0.933184 -0.359400 0.000000
outer loop
vertex 713.292664 -154.507736 800.000000
vertex 736.715637 -93.689857 800.000000
vertex 736.715637 -93.689789 1200.000000
endloop
endfacet
facet normal 0.933184 -0.359400 0.000000
outer loop
vertex 713.292664 -154.507736 800.000000
vertex 736.715637 -93.689789 1200.000000
vertex 713.292664 -154.507675 1200.000000
endloop
endfacet
facet normal -0.211703 -0.977334 0.000000
outer loop
vertex -276.092957 -464.888245 800.000061
vertex -186.516891 -484.291534 800.000061
vertex -186.516891 -484.291473 1200.000122
endloop
endfacet
facet normal -0.211703 -0.977334 0.000000
outer loop
vertex -276.092957 -464.888245 800.000061
vertex -186.516891 -484.291473 1200.000122
vertex -276.092957 -464.888184 1200.000122
endloop
endfacet
facet normal 0.041906 0.999122 0.000000
outer loop
vertex 93.998421 496.057587 799.999939
vertex 0.000000 500.000122 799.999939
vertex 0.000000 500.000183 1199.999878
endloop
endfacet
facet normal 0.041906 0.999122 -0.000000
outer loop
vertex 93.998421 496.057587 799.999939
vertex 0.000000 500.000183 1199.999878
vertex 93.998421 496.057648 1199.999878
endloop
endfacet
facet normal -0.859803 0.510626 -0.000000
outer loop
vertex -678.620361 212.889740 799.999939
vertex -713.292419 154.508560 800.000000
vertex -713.292419 154.508621 1200.000000
endloop
endfacet
facet normal -0.859801 0.510630 -0.000000
outer loop
vertex -678.620361 212.889740 799.999939
vertex -713.292419 154.508621 1200.000000
vertex -678.620361 212.889801 1200.000000
endloop
endfacet
facet normal 0.982516 -0.186177 0.000000
outer loop
vertex 736.715637 -93.689857 800.000000
vertex 748.520081 -31.394424 800.000000
vertex 748.520081 -31.394358 1200.000000
endloop
endfacet
facet normal 0.982516 -0.186179 0.000000
outer loop
vertex 736.715637 -93.689857 800.000000
vertex 748.520081 -31.394358 1200.000000
vertex 736.715637 -93.689789 1200.000000
endloop
endfacet
facet normal -0.126157 -0.992010 0.000000
outer loop
vertex -186.516891 -484.291534 800.000061
vertex -93.999367 -496.057281 800.000061
vertex -93.999367 -496.057220 1200.000122
endloop
endfacet
facet normal -0.126157 -0.992010 0.000000
outer loop
vertex -186.516891 -484.291534 800.000061
vertex -93.999367 -496.057220 1200.000122
vertex -186.516891 -484.291473 1200.000122
endloop
endfacet
facet normal -0.933183 0.359402 -0.000000
outer loop
vertex -713.292419 154.508560 800.000000
vertex -736.715454 93.690689 800.000000
vertex -736.715454 93.690758 1200.000000
endloop
endfacet
facet normal -0.933184 0.359400 -0.000000
outer loop
vertex -713.292419 154.508560 800.000000
vertex -736.715454 93.690758 1200.000000
vertex -713.292419 154.508621 1200.000000
endloop
endfacet
facet normal 1.000000 0.000000 -0.000000
outer loop
vertex 748.520081 -31.394424 800.000000
vertex 748.520020 31.396126 800.000000
vertex 748.520020 31.396193 1200.000000
endloop
endfacet
facet normal 1.000000 0.000002 -0.000000
outer loop
vertex 748.520081 -31.394424 800.000000
vertex 748.520020 31.396193 1200.000000
vertex 748.520081 -31.394358 1200.000000
endloop
endfacet
facet normal -0.041906 -0.999122 0.000000
outer loop
vertex -93.999367 -496.057281 800.000061
vertex 0.000602 -499.999878 800.000061
vertex 0.000602 -499.999817 1200.000122
endloop
endfacet
facet normal -0.041906 -0.999122 0.000000
outer loop
vertex -93.999367 -496.057281 800.000061
vertex 0.000602 -499.999817 1200.000122
vertex -93.999367 -496.057220 1200.000122
endloop
endfacet
facet normal -0.982516 0.186180 -0.000000
outer loop
vertex -736.715454 93.690689 800.000000
vertex -748.520081 31.395264 800.000000
vertex -748.520081 31.395330 1200.000000
endloop
endfacet
facet normal -0.982515 0.186182 -0.000000
outer loop
vertex -736.715454 93.690689 800.000000
vertex -748.520081 31.395330 1200.000000
vertex -736.715454 93.690758 1200.000000
endloop
endfacet
facet normal 0.982515 0.186184 -0.000000
outer loop
vertex 748.520020 31.396126 800.000000
vertex 736.715271 93.691536 800.000000
vertex 736.715271 93.691605 1200.000000
endloop
endfacet
facet normal 0.982515 0.186182 -0.000000
outer loop
vertex 748.520020 31.396126 800.000000
vertex 736.715271 93.691605 1200.000000
vertex 748.520020 31.396193 1200.000000
endloop
endfacet
facet normal 0.041907 -0.999122 0.000000
outer loop
vertex 0.000602 -499.999878 800.000061
vertex 94.000565 -496.057190 800.000061
vertex 94.000565 -496.057129 1200.000122
endloop
endfacet
facet normal 0.041907 -0.999122 0.000000
outer loop
vertex 0.000602 -499.999878 800.000061
vertex 94.000565 -496.057129 1200.000122
vertex 0.000602 -499.999817 1200.000122
endloop
endfacet
facet normal -1.000000 0.000000 0.000000
outer loop
vertex -748.520081 31.395264 800.000000
vertex -748.520081 -31.395283 800.000000
vertex -748.520081 -31.395216 1200.000000
endloop
endfacet
facet normal -1.000000 0.000000 0.000000
outer loop
vertex -748.520081 31.395264 800.000000
vertex -748.520081 -31.395216 1200.000000
vertex -748.520081 31.395330 1200.000000
endloop
endfacet
facet normal 0.933182 0.359404 -0.000000
outer loop
vertex 736.715271 93.691536 800.000000
vertex 713.291992 154.509384 800.000000
vertex 713.291992 154.509445 1200.000000
endloop
endfacet
facet normal 0.933183 0.359402 -0.000000
outer loop
vertex 736.715271 93.691536 800.000000
vertex 713.291992 154.509445 1200.000000
vertex 736.715271 93.691605 1200.000000
endloop
endfacet
facet normal 0.126158 -0.992010 0.000000
outer loop
vertex 94.000565 -496.057190 800.000061
vertex 186.518082 -484.291321 800.000061
vertex 186.518082 -484.291260 1200.000122
endloop
endfacet
facet normal 0.126158 -0.992010 0.000000
outer loop
vertex 94.000565 -496.057190 800.000061
vertex 186.518082 -484.291260 1200.000122
vertex 94.000565 -496.057129 1200.000122
endloop
endfacet
facet normal -0.982515 -0.186182 0.000000
outer loop
vertex -748.520081 -31.395283 800.000000
vertex -736.715393 -93.690704 800.000000
vertex -736.715393 -93.690636 1200.000000
endloop
endfacet
facet normal -0.982515 -0.186182 0.000000
outer loop
vertex -748.520081 -31.395283 800.000000
vertex -736.715393 -93.690636 1200.000000
vertex -748.520081 -31.395216 1200.000000
endloop
endfacet
facet normal 0.859801 0.510630 -0.000000
outer loop
vertex 713.291992 154.509384 800.000000
vertex 678.619751 212.890518 799.999939
vertex 678.619751 212.890579 1200.000000
endloop
endfacet
facet normal 0.859799 0.510632 -0.000000
outer loop
vertex 713.291992 154.509384 800.000000
vertex 678.619751 212.890579 1200.000000
vertex 713.291992 154.509445 1200.000000
endloop
endfacet
facet normal -0.041906 0.999122 -0.000000
outer loop
vertex 0.000000 500.000122 799.999939
vertex -93.999931 496.057495 799.999939
vertex -93.999931 496.057556 1199.999878
endloop
endfacet
facet normal -0.041906 0.999122 -0.000000
outer loop
vertex 0.000000 500.000122 799.999939
vertex -93.999931 496.057556 1199.999878
vertex 0.000000 500.000183 1199.999878
endloop
endfacet
facet normal 0.211704 -0.977334 0.000000
outer loop
vertex 186.518082 -484.291321 800.000061
vertex 276.094086 -464.887939 800.000061
vertex 276.094086 -464.887878 1200.000122
endloop
endfacet
facet normal 0.211704 -0.977334 0.000000
outer loop
vertex 186.518082 -484.291321 800.000061
vertex 276.094086 -464.887878 1200.000122
vertex 186.518082 -484.291260 1200.000122
endloop
endfacet
facet normal -0.933183 -0.359402 0.000000
outer loop
vertex -736.715393 -93.690704 800.000000
vertex -713.292297 -154.508560 800.000000
vertex -713.292297 -154.508499 1200.000000
endloop
endfacet
facet normal -0.933183 -0.359402 0.000000
outer loop
vertex -736.715393 -93.690704 800.000000
vertex -713.292297 -154.508499 1200.000000
vertex -736.715393 -93.690636 1200.000000
endloop
endfacet
facet normal 0.771512 0.636214 -0.000000
outer loop
vertex 678.619751 212.890518 799.999939
vertex 633.245300 267.914215 799.999939
vertex 633.245300 267.914276 1200.000000
endloop
endfacet
facet normal 0.771511 0.636216 -0.000000
outer loop
vertex 678.619751 212.890518 799.999939
vertex 633.245300 267.914276 1200.000000
vertex 678.619751 212.890579 1200.000000
endloop
endfacet
facet normal -0.126157 0.992010 0.000000
outer loop
vertex -93.999931 496.057495 799.999939
vertex -186.517441 484.291718 799.999939
vertex -186.517441 484.291779 1199.999878
endloop
endfacet
facet normal -0.126158 0.992010 -0.000000
outer loop
vertex -93.999931 496.057495 799.999939
vertex -186.517441 484.291779 1199.999878
vertex -93.999931 496.057556 1199.999878
endloop
endfacet
facet normal 0.299327 -0.954151 0.000000
outer loop
vertex 276.094086 -464.887939 800.000061
vertex 361.315948 -438.152954 800.000061
vertex 361.315948 -438.152893 1200.000122
endloop
endfacet
facet normal 0.299327 -0.954151 0.000000
outer loop
vertex 276.094086 -464.887939 800.000061
vertex 361.315948 -438.152893 1200.000122
vertex 276.094086 -464.887878 1200.000122
endloop
endfacet
facet normal 0.041906 0.999122 -0.000000
outer loop
vertex 93.998421 496.057648 1199.999878
vertex 0.000000 500.000183 1199.999878
vertex 0.000000 500.000275 1599.999878
endloop
endfacet
facet normal 0.041906 0.999122 0.000000
outer loop
vertex 93.998421 496.057648 1199.999878
vertex 0.000000 500.000275 1599.999878
vertex 93.998421 496.057739 1599.999878
endloop
endfacet
facet normal -0.859802 0.510628 -0.000000
outer loop
vertex -678.620361 212.889801 1200.000000
vertex -713.292419 154.508621 1200.000000
vertex -713.292419 154.508682 1600.000000
endloop
endfacet
facet normal -0.859802 0.510628 -0.000000
outer loop
vertex -678.620361 212.889801 1200.000000
vertex -713.292419 154.508682 1600.000000
vertex -678.620361 212.889862 1600.000000
endloop
endfacet
facet normal 0.982516 -0.186177 0.000000
outer loop
vertex 736.715637 -93.689789 1200.000000
vertex 748.520081 -31.394358 1200.000000
vertex 748.520081 -31.394293 1600.000000
endloop
endfacet
facet normal 0.982516 -0.186180 0.000000
outer loop
vertex 736.715637 -93.689789 1200.000000
vertex 748.520081 -31.394293 1600.000000
vertex 736.715637 -93.689728 1600.000000
endloop
endfacet
facet normal -0.126157 -0.992010 0.000000
outer loop
vertex -186.516891 -484.291473 1200.000122
vertex -93.999367 -496.057220 1200.000122
vertex -93.999367 -496.057129 1600.000122
endloop
endfacet
facet normal -0.126157 -0.992010 0.000000
outer loop
vertex -186.516891 -484.291473 1200.000122
vertex -93.999367 -496.057129 1600.000122
vertex -186.516891 -484.291382 1600.000122
endloop
endfacet
facet normal -0.933183 0.359402 -0.000000
outer loop
vertex -713.292419 154.508621 1200.000000
vertex -736.715454 93.690758 1200.000000
vertex -736.715454 93.690819 1600.000000
endloop
endfacet
facet normal -0.933184 0.359400 -0.000000
outer loop
vertex -713.292419 154.508621 1200.000000
vertex -736.715454 93.690819 1600.000000
vertex -713.292419 154.508682 1600.000000
endloop
endfacet
facet normal 1.000000 0.000000 -0.000000
outer loop
vertex 748.520081 -31.394358 1200.000000
vertex 748.520020 31.396193 1200.000000
vertex 748.520020 31.396257 1600.000000
endloop
endfacet
facet normal 1.000000 0.000002 -0.000000
outer loop
vertex 748.520081 -31.394358 1200.000000
vertex 748.520020 31.396257 1600.000000
vertex 748.520081 -31.394293 1600.000000
endloop
endfacet
facet normal -0.041906 -0.999122 0.000000
outer loop
vertex -93.999367 -496.057220 1200.000122
vertex 0.000602 -499.999817 1200.000122
vertex 0.000602 -499.999725 1600.000122
endloop
endfacet
facet normal -0.041906 -0.999122 0.000000
outer loop
vertex -93.999367 -496.057220 1200.000122
vertex 0.000602 -499.999725 1600.000122
vertex -93.999367 -496.057129 1600.000122
endloop
endfacet
facet normal -0.982516 0.186180 -0.000000
outer loop
vertex -736.715454 93.690758 1200.000000
vertex -748.520081 31.395330 1200.000000
vertex -748.520081 31.395395 1600.000000
endloop
endfacet
facet normal -0.982515 0.186182 -0.000000
outer loop
vertex -736.715454 93.690758 1200.000000
vertex -748.520081 31.395395 1600.000000
vertex -736.715454 93.690819 1600.000000
endloop
endfacet
facet normal 0.982515 0.186184 -0.000000
outer loop
vertex 748.520020 31.396193 1200.000000
vertex 736.715271 93.691605 1200.000000
vertex 736.715271 93.691666 1600.000000
endloop
endfacet
facet normal 0.982515 0.186182 -0.000000
outer loop
vertex 748.520020 31.396193 1200.000000
vertex 736.715271 93.691666 1600.000000
vertex 748.520020 31.396257 1600.000000
endloop
endfacet
facet normal 0.041907 -0.999122 0.000000
outer loop
vertex 0.000602 -499.999817 1200.000122
vertex 94.000565 -496.057129 1200.000122
vertex 94.000565 -496.057037 1600.000122
endloop
endfacet
facet normal 0.041907 -0.999122 0.000000
outer loop
vertex 0.000602 -499.999817 1200.000122
vertex 94.000565 -496.057037 1600.000122
vertex 0.000602 -499.999725 1600.000122
endloop
endfacet
facet normal -1.000000 0.000000 0.000000
outer loop
vertex -748.520081 31.395330 1200.000000
vertex -748.520081 -31.395216 1200.000000
vertex -748.520081 -31.395151 1600.000000
endloop
endfacet
facet normal -1.000000 0.000000 0.000000
outer loop
vertex -748.520081 31.395330 1200.000000
vertex -748.520081 -31.395151 1600.000000
vertex -748.520081 31.395395 1600.000000
endloop
endfacet
facet normal 0.933182 0.359404 -0.000000
outer loop
vertex 736.715271 93.691605 1200.000000
vertex 713.291992 154.509445 1200.000000
vertex 713.291992 154.509506 1600.000000
endloop
endfacet
facet normal 0.933183 0.359402 -0.000000
outer loop
vertex 736.715271 93.691605 1200.000000
vertex 713.291992 154.509506 1600.000000
vertex 736.715271 93.691666 1600.000000
endloop
endfacet
facet normal 0.126158 -0.992010 0.000000
outer loop
vertex 94.000565 -496.057129 1200.000122
vertex 186.518082 -484.291260 1200.000122
vertex 186.518082 -484.291168 1600.000122
endloop
endfacet
facet normal 0.126159 -0.992010 0.000000
outer loop
vertex 94.000565 -496.057129 1200.000122
vertex 186.518082 -484.291168 1600.000122
vertex 94.000565 -496.057037 1600.000122
endloop
endfacet
facet normal -0.982515 -0.186182 0.000000
outer loop
vertex -748.520081 -31.395216 1200.000000
vertex -736.715393 -93.690636 1200.000000
vertex -736.715393 -93.690575 1600.000000
endloop
endfacet
facet normal -0.982515 -0.186182 0.000000
outer loop
vertex -748.520081 -31.395216 1200.000000
vertex -736.715393 -93.690575 1600.000000
vertex -748.520081 -31.395151 1600.000000
endloop
endfacet
facet normal 0.859801 0.510630 -0.000000
outer loop
vertex 713.291992 154.509445 1200.000000
vertex 678.619751 212.890579 1200.000000
vertex 678.619751 212.890640 1600.000000
endloop
endfacet
facet normal 0.859799 0.510632 -0.000000
outer loop
vertex 713.291992 154.509445 1200.000000
vertex 678.619751 212.890640 1600.000000
vertex 713.291992 154.509506 1600.000000
endloop
endfacet
facet normal -0.041906 0.999122 -0.000000
outer loop
vertex 0.000000 500.000183 1199.999878
vertex -93.999931 496.057556 1199.999878
vertex -93.999931 496.057648 1599.999878
endloop
endfacet
facet normal -0.041906 0.999122 -0.000000
outer loop
vertex 0.000000 500.000183 1199.999878
vertex -93.999931 496.057648 1599.999878
vertex 0.000000 500.000275 1599.999878
endloop
endfacet
facet normal 0.211704 -0.977334 0.000000
outer loop
vertex 186.518082 -484.291260 1200.000122
vertex 276.094086 -464.887878 1200.000122
vertex 276.094086 -464.887787 1600.000122
endloop
endfacet
facet normal 0.211704 -0.977334 0.000000
outer loop
vertex 186.518082 -484.291260 1200.000122
vertex 276.094086 -464.887787 1600.000122
vertex 186.518082 -484.291168 1600.000122
endloop
endfacet
facet normal -0.933183 -0.359402 0.000000
outer loop
vertex -736.715393 -93.690636 1200.000000
vertex -713.292297 -154.508499 1200.000000
vertex -713.292297 -154.508438 1600.000000
endloop
endfacet
facet normal -0.933183 -0.359402 0.000000
outer loop
vertex -736.715393 -93.690636 1200.000000
vertex -713.292297 -154.508438 1600.000000
vertex -736.715393 -93.690575 1600.000000
endloop
endfacet
facet normal 0.771512 0.636215 -0.000000
outer loop
vertex 678.619751 212.890579 1200.000000
vertex 633.245300 267.914276 1200.000000
vertex 633.245300 267.914368 1600.000000
endloop
endfacet
facet normal 0.771511 0.636216 -0.000000
outer loop
vertex 678.619751 212.890579 1200.000000
vertex 633.245300 267.914368 1600.000000
vertex 678.619751 212.890640 1600.000000
endloop
endfacet
facet normal -0.126157 0.992010 0.000000
outer loop
vertex -93.999931 496.057556 1199.999878
vertex -186.517441 484.291779 1199.999878
vertex -186.517441 484.291870 1599.999878
endloop
endfacet
facet normal -0.126157 0.992010 -0.000000
outer loop
vertex -93.999931 496.057556 1199.999878
vertex -186.517441 484.291870 1599.999878
vertex -93.999931 496.057648 1599.999878
endloop
endfacet
facet normal 0.299327 -0.954151 0.000000
outer loop
vertex 276.094086 -464.887878 1200.000122
vertex 361.315948 -438.152893 1200.000122
vertex 361.315948 -438.152802 1600.000122
endloop
endfacet
facet normal 0.299327 -0.954151 0.000000
outer loop
vertex 276.094086 -464.887878 1200.000122
vertex 361.315948 -438.152802 1600.000122
vertex 276.094086 -464.887787 1600.000122
endloop
endfacet
facet normal -0.859801 -0.510630 0.000000
outer loop
vertex -713.292297 -154.508499 1200.000000
vertex -678.620178 -212.889618 1200.000000
vertex -678.620178 -212.889557 1600.000000
endloop
endfacet
facet normal -0.859801 -0.510629 0.000000
outer loop
vertex -713.292297 -154.508499 1200.000000
vertex -678.620178 -212.889557 1600.000000
vertex -713.292297 -154.508438 1600.000000
endloop
endfacet
facet normal 0.676092 0.736817 -0.000000
outer loop
vertex 633.245300 267.914276 1200.000000
vertex 577.884094 318.712860 1200.000000
vertex 577.884094 318.712952 1600.000000
endloop
endfacet
facet normal 0.676091 0.736818 -0.000000
outer loop
vertex 633.245300 267.914276 1200.000000
vertex 577.884094 318.712952 1600.000000
vertex 633.245300 267.914368 1600.000000
endloop
endfacet
facet normal -0.211704 0.977334 -0.000000
outer loop
vertex -186.517441 484.291779 1199.999878
vertex -276.093445 464.888428 1199.999878
vertex -276.093445 464.888519 1599.999878
endloop
endfacet
facet normal -0.211703 0.977334 -0.000000
outer loop
vertex -186.517441 484.291779 1199.999878
vertex -276.093445 464.888519 1599.999878
vertex -186.517441 484.291870 1599.999878
endloop
endfacet
facet normal 0.389643 -0.920966 0.000000
outer loop
vertex 361.315948 -438.152893 1200.000122
vertex 440.839600 -404.507965 1200.000122
vertex 440.839600 -404.507874 1600.000122
endloop
endfacet
facet normal 0.389643 -0.920966 0.000000
outer loop
vertex 361.315948 -438.152893 1200.000122
vertex 440.839600 -404.507874 1600.000122
vertex 361.315948 -438.152802 1600.000122
endloop
endfacet
facet normal -0.771512 -0.636214 0.000000
outer loop
vertex -678.620178 -212.889618 1200.000000
vertex -633.245789 -267.913361 1200.000000
vertex -633.245789 -267.913269 1600.000000
endloop
endfacet
facet normal -0.771512 -0.636215 0.000000
outer loop
vertex -678.620178 -212.889618 1200.000000
vertex -633.245789 -267.913269 1600.000000
vertex -678.620178 -212.889557 1600.000000
endloop
endfacet
facet normal 0.578882 0.815412 -0.000000
outer loop
vertex 577.884094 318.712860 1200.000000
vertex 513.409363 364.485107 1200.000000
vertex 513.409363 364.485199 1600.000000
endloop
endfacet
facet normal 0.578881 0.815412 -0.000000
outer loop
vertex 577.884094 318.712860 1200.000000
vertex 513.409363 364.485199 1600.000000
vertex 577.884094 318.712952 1600.000000
endloop
endfacet
facet normal -0.299326 0.954151 -0.000000
outer loop
vertex -276.093445 464.888428 1199.999878
vertex -361.315308 438.153503 1199.999878
vertex -361.315308 438.153595 1599.999878
endloop
endfacet
facet normal -0.299326 0.954151 -0.000000
outer loop
vertex -276.093445 464.888428 1199.999878
vertex -361.315308 438.153595 1599.999878
vertex -276.093445 464.888519 1599.999878
endloop
endfacet
facet normal 0.482937 -0.875655 0.000000
outer loop
vertex 440.839600 -404.507965 1200.000122
vertex 513.410950 -364.483734 1200.000000
vertex 513.410950 -364.483643 1600.000000
endloop
endfacet
facet normal 0.482938 -0.875655 0.000000
outer loop
vertex 440.839600 -404.507965 1200.000122
vertex 513.410950 -364.483643 1600.000000
vertex 440.839600 -404.507874 1600.000122
endloop
endfacet
facet normal -0.676093 -0.736816 0.000000
outer loop
vertex -633.245789 -267.913361 1200.000000
vertex -577.884705 -318.712006 1200.000000
vertex -577.884705 -318.711914 1600.000000
endloop
endfacet
facet normal -0.676093 -0.736816 0.000000
outer loop
vertex -633.245789 -267.913361 1200.000000
vertex -577.884705 -318.711914 1600.000000
vertex -633.245789 -267.913269 1600.000000
endloop
endfacet
facet normal 0.482935 0.875656 -0.000000
outer loop
vertex 513.409363 364.485107 1200.000000
vertex 440.837830 404.509216 1199.999878
vertex 440.837830 404.509308 1599.999878
endloop
endfacet
facet normal 0.482935 0.875656 -0.000000
outer loop
vertex 513.409363 364.485107 1200.000000
vertex 440.837830 404.509308 1599.999878
vertex 513.409363 364.485199 1600.000000
endloop
endfacet
facet normal -0.389642 0.920966 -0.000000
outer loop
vertex -361.315308 438.153503 1199.999878
vertex -440.838928 404.508667 1199.999878
vertex -440.838928 404.508759 1599.999878
endloop
endfacet
facet normal -0.389642 0.920966 -0.000000
outer loop
vertex -361.315308 438.153503 1199.999878
vertex -440.838928 404.508759 1599.999878
vertex -361.315308 438.153595 1599.999878
endloop
endfacet
facet normal 0.578883 -0.815410 0.000000
outer loop
vertex 513.410950 -364.483734 1200.000000
vertex 577.885498 -318.711365 1200.000000
vertex 577.885498 -318.711273 1600.000000
endloop
endfacet
facet normal 0.578884 -0.815410 0.000000
outer loop
vertex 513.410950 -364.483734 1200.000000
vertex 577.885498 -318.711273 1600.000000
vertex 513.410950 -364.483643 1600.000000
endloop
endfacet
facet normal -0.578883 -0.815411 0.000000
outer loop
vertex -577.884705 -318.712006 1200.000000
vertex -513.410095 -364.484314 1200.000000
vertex -513.410095 -364.484222 1600.000000
endloop
endfacet
facet normal -0.578883 -0.815411 0.000000
outer loop
vertex -577.884705 -318.712006 1200.000000
vertex -513.410095 -364.484222 1600.000000
vertex -577.884705 -318.711914 1600.000000
endloop
endfacet
facet normal 0.389640 0.920967 -0.000000
outer loop
vertex 440.837830 404.509216 1199.999878
vertex 361.314026 438.153961 1199.999878
vertex 361.314026 438.154053 1599.999878
endloop
endfacet
facet normal 0.389641 0.920967 -0.000000
outer loop
vertex 440.837830 404.509216 1199.999878
vertex 361.314026 438.154053 1599.999878
vertex 440.837830 404.509308 1599.999878
endloop
endfacet
facet normal -0.482936 0.875656 -0.000000
outer loop
vertex -440.838928 404.508667 1199.999878
vertex -513.410339 364.484497 1200.000000
vertex -513.410339 364.484589 1600.000000
endloop
endfacet
facet normal -0.482937 0.875655 -0.000000
outer loop
vertex -440.838928 404.508667 1199.999878
vertex -513.410339 364.484589 1600.000000
vertex -440.838928 404.508759 1599.999878
endloop
endfacet
facet normal 0.676094 -0.736815 0.000000
outer loop
vertex 577.885498 -318.711365 1200.000000
vertex 633.246460 -267.912720 1200.000000
vertex 633.246460 -267.912628 1600.000000
endloop
endfacet
facet normal 0.676094 -0.736815 0.000000
outer loop
vertex 577.885498 -318.711365 1200.000000
vertex 633.246460 -267.912628 1600.000000
vertex 577.885498 -318.711273 1600.000000
endloop
endfacet
facet normal -0.482936 -0.875656 0.000000
outer loop
vertex -513.410095 -364.484314 1200.000000
vertex -440.838623 -404.508453 1200.000122
vertex -440.838623 -404.508362 1600.000122
endloop
endfacet
facet normal -0.482936 -0.875656 0.000000
outer loop
vertex -513.410095 -364.484314 1200.000000
vertex -440.838623 -404.508362 1600.000122
vertex -513.410095 -364.484222 1600.000000
endloop
endfacet
facet normal 0.299325 0.954151 -0.000000
outer loop
vertex 361.314026 438.153961 1199.999878
vertex 276.092072 464.888794 1199.999878
vertex 276.092072 464.888885 1599.999878
endloop
endfacet
facet normal 0.299325 0.954151 -0.000000
outer loop
vertex 361.314026 438.153961 1199.999878
vertex 276.092072 464.888885 1599.999878
vertex 361.314026 438.154053 1599.999878
endloop
endfacet
facet normal -0.578883 0.815411 -0.000000
outer loop
vertex -513.410339 364.484497 1200.000000
vertex -577.884949 318.712189 1200.000000
vertex -577.884949 318.712280 1600.000000
endloop
endfacet
facet normal -0.578883 0.815411 -0.000000
outer loop
vertex -513.410339 364.484497 1200.000000
vertex -577.884949 318.712280 1600.000000
vertex -513.410339 364.484589 1600.000000
endloop
endfacet
facet normal 0.771514 -0.636212 0.000000
outer loop
vertex 633.246460 -267.912720 1200.000000
vertex 678.620667 -212.888870 1200.000000
vertex 678.620667 -212.888809 1600.000000
endloop
endfacet
facet normal 0.771513 -0.636213 0.000000
outer loop
vertex 633.246460 -267.912720 1200.000000
vertex 678.620667 -212.888809 1600.000000
vertex 633.246460 -267.912628 1600.000000
endloop
endfacet
facet normal -0.389642 -0.920967 0.000000
outer loop
vertex -440.838623 -404.508453 1200.000122
vertex -361.314880 -438.153259 1200.000122
vertex -361.314880 -438.153168 1600.000122
endloop
endfacet
facet normal -0.389641 -0.920967 0.000000
outer loop
vertex -440.838623 -404.508453 1200.000122
vertex -361.314880 -438.153168 1600.000122
vertex -440.838623 -404.508362 1600.000122
endloop
endfacet
facet normal 0.211702 0.977334 -0.000000
outer loop
vertex 276.092072 464.888794 1199.999878
vertex 186.515976 484.292023 1199.999878
vertex 186.515976 484.292114 1599.999878
endloop
endfacet
facet normal 0.211702 0.977334 -0.000000
outer loop
vertex 276.092072 464.888794 1199.999878
vertex 186.515976 484.292114 1599.999878
vertex 276.092072 464.888885 1599.999878
endloop
endfacet
facet normal -0.676093 0.736816 -0.000000
outer loop
vertex -577.884949 318.712189 1200.000000
vertex -633.245972 267.913544 1200.000000
vertex -633.245972 267.913635 1600.000000
endloop
endfacet
facet normal -0.676094 0.736815 -0.000000
outer loop
vertex -577.884949 318.712189 1200.000000
vertex -633.245972 267.913635 1600.000000
vertex -577.884949 318.712280 1600.000000
endloop
endfacet
facet normal 0.859802 -0.510628 0.000000
outer loop
vertex 678.620667 -212.888870 1200.000000
vertex 713.292664 -154.507675 1200.000000
vertex 713.292664 -154.507614 1600.000000
endloop
endfacet
facet normal 0.859803 -0.510626 0.000000
outer loop
vertex 678.620667 -212.888870 1200.000000
vertex 713.292664 -154.507614 1600.000000
vertex 678.620667 -212.888809 1600.000000
endloop
endfacet
facet normal -0.299326 -0.954151 0.000000
outer loop
vertex -361.314880 -438.153259 1200.000122
vertex -276.092957 -464.888184 1200.000122
vertex -276.092957 -464.888092 1600.000122
endloop
endfacet
facet normal -0.299326 -0.954151 0.000000
outer loop
vertex -361.314880 -438.153259 1200.000122
vertex -276.092957 -464.888092 1600.000122
vertex -361.314880 -438.153168 1600.000122
endloop
endfacet
facet normal 0.126156 0.992010 -0.000000
outer loop
vertex 186.515976 484.292023 1199.999878
vertex 93.998421 496.057648 1199.999878
vertex 93.998421 496.057739 1599.999878
endloop
endfacet
facet normal 0.126156 0.992010 -0.000000
outer loop
vertex 186.515976 484.292023 1199.999878
vertex 93.998421 496.057739 1599.999878
vertex 186.515976 484.292114 1599.999878
endloop
endfacet
facet normal -0.771512 0.636214 -0.000000
outer loop
vertex -633.245972 267.913544 1200.000000
vertex -678.620361 212.889801 1200.000000
vertex -678.620361 212.889862 1600.000000
endloop
endfacet
facet normal -0.771512 0.636215 -0.000000
outer loop
vertex -633.245972 267.913544 1200.000000
vertex -678.620361 212.889862 1600.000000
vertex -633.245972 267.913635 1600.000000
endloop
endfacet
facet normal 0.933184 -0.359400 0.000000
outer loop
vertex 713.292664 -154.507675 1200.000000
vertex 736.715637 -93.689789 1200.000000
vertex 736.715637 -93.689728 1600.000000
endloop
endfacet
facet normal 0.933184 -0.359400 0.000000
outer loop
vertex 713.292664 -154.507675 1200.000000
vertex 736.715637 -93.689728 1600.000000
vertex 713.292664 -154.507614 1600.000000
endloop
endfacet
facet normal -0.211703 -0.977334 0.000000
outer loop
vertex -276.092957 -464.888184 1200.000122
vertex -186.516891 -484.291473 1200.000122
vertex -186.516891 -484.291382 1600.000122
endloop
endfacet
facet normal -0.211703 -0.977334 0.000000
outer loop
vertex -276.092957 -464.888184 1200.000122
vertex -186.516891 -484.291382 1600.000122
vertex -276.092957 -464.888092 1600.000122
endloop
endfacet
facet normal -0.771512 -0.636215 0.000000
outer loop
vertex -678.620178 -212.889557 1600.000000
vertex -633.245789 -267.913269 1600.000000
vertex -633.245789 -267.913208 2000.000000
endloop
endfacet
facet normal -0.771512 -0.636215 0.000000
outer loop
vertex -678.620178 -212.889557 1600.000000
vertex -633.245789 -267.913208 2000.000000
vertex -678.620178 -212.889496 2000.000000
endloop
endfacet
facet normal 0.578882 0.815411 -0.000000
outer loop
vertex 577.884094 318.712952 1600.000000
vertex 513.409363 364.485199 1600.000000
vertex 513.409363 364.485260 2000.000000
endloop
endfacet
facet normal 0.578881 0.815412 0.000000
outer loop
vertex 577.884094 318.712952 1600.000000
vertex 513.409363 364.485260 2000.000000
vertex 577.884094 318.713013 2000.000000
endloop
endfacet
facet normal -0.299326 0.954151 -0.000000
outer loop
vertex -276.093445 464.888519 1599.999878
vertex -361.315308 438.153595 1599.999878
vertex -361.315308 438.153656 1999.999878
endloop
endfacet
facet normal -0.299326 0.954151 -0.000000
outer loop
vertex -276.093445 464.888519 1599.999878
vertex -361.315308 438.153656 1999.999878
vertex -276.093445 464.888580 1999.999878
endloop
endfacet
facet normal 0.482937 -0.875655 0.000000
outer loop
vertex 440.839600 -404.507874 1600.000122
vertex 513.410950 -364.483643 1600.000000
vertex 513.410950 -364.483582 2000.000000
endloop
endfacet
facet normal 0.482937 -0.875655 0.000000
outer loop
vertex 440.839600 -404.507874 1600.000122
vertex 513.410950 -364.483582 2000.000000
vertex 440.839600 -404.507812 2000.000122
endloop
endfacet
facet normal -0.676093 -0.736816 0.000000
outer loop
vertex -633.245789 -267.913269 1600.000000
vertex -577.884705 -318.711914 1600.000000
vertex -577.884705 -318.711853 2000.000000
endloop
endfacet
facet normal -0.676093 -0.736816 0.000000
outer loop
vertex -633.245789 -267.913269 1600.000000
vertex -577.884705 -318.711853 2000.000000
vertex -633.245789 -267.913208 2000.000000
endloop
endfacet
facet normal 0.482935 0.875656 -0.000000
outer loop
vertex 513.409363 364.485199 1600.000000
vertex 440.837830 404.509308 1599.999878
vertex 440.837830 404.509369 1999.999878
endloop
endfacet
facet normal 0.482935 0.875656 -0.000000
outer loop
vertex 513.409363 364.485199 1600.000000
vertex 440.837830 404.509369 1999.999878
vertex 513.409363 364.485260 2000.000000
endloop
endfacet
facet normal -0.389642 0.920966 0.000000
outer loop
vertex -361.315308 438.153595 1599.999878
vertex -440.838928 404.508759 1599.999878
vertex -440.838928 404.508820 1999.999878
endloop
endfacet
facet normal -0.389643 0.920966 -0.000000
outer loop
vertex -361.315308 438.153595 1599.999878
vertex -440.838928 404.508820 1999.999878
vertex -361.315308 438.153656 1999.999878
endloop
endfacet
facet normal 0.578883 -0.815410 0.000000
outer loop
vertex 513.410950 -364.483643 1600.000000
vertex 577.885498 -318.711273 1600.000000
vertex 577.885498 -318.711212 2000.000000
endloop
endfacet
facet normal 0.578884 -0.815410 0.000000
outer loop
vertex 513.410950 -364.483643 1600.000000
vertex 577.885498 -318.711212 2000.000000
vertex 513.410950 -364.483582 2000.000000
endloop
endfacet
facet normal -0.578883 -0.815411 0.000000
outer loop
vertex -577.884705 -318.711914 1600.000000
vertex -513.410095 -364.484222 1600.000000
vertex -513.410095 -364.484161 2000.000000
endloop
endfacet
facet normal -0.578883 -0.815411 0.000000
outer loop
vertex -577.884705 -318.711914 1600.000000
vertex -513.410095 -364.484161 2000.000000
vertex -577.884705 -318.711853 2000.000000
endloop
endfacet
facet normal 0.389641 0.920967 -0.000000
outer loop
vertex 440.837830 404.509308 1599.999878
vertex 361.314026 438.154053 1599.999878
vertex 361.314026 438.154114 1999.999878
endloop
endfacet
facet normal 0.389641 0.920967 0.000000
outer loop
vertex 440.837830 404.509308 1599.999878
vertex 361.314026 438.154114 1999.999878
vertex 440.837830 404.509369 1999.999878
endloop
endfacet
facet normal -0.482936 0.875656 -0.000000
outer loop
vertex -440.838928 404.508759 1599.999878
vertex -513.410339 364.484589 1600.000000
vertex -513.410339 364.484650 2000.000000
endloop
endfacet
facet normal -0.482937 0.875655 -0.000000
outer loop
vertex -440.838928 404.508759 1599.999878
vertex -513.410339 364.484650 2000.000000
vertex -440.838928 404.508820 1999.999878
endloop
endfacet
facet normal 0.676094 -0.736815 0.000000
outer loop
vertex 577.885498 -318.711273 1600.000000
vertex 633.246460 -267.912628 1600.000000
vertex 633.246460 -267.912567 2000.000000
endloop
endfacet
facet normal 0.676094 -0.736815 0.000000
outer loop
vertex 577.885498 -318.711273 1600.000000
vertex 633.246460 -267.912567 2000.000000
vertex 577.885498 -318.711212 2000.000000
endloop
endfacet
facet normal -0.482936 -0.875656 0.000000
outer loop
vertex -513.410095 -364.484222 1600.000000
vertex -440.838623 -404.508362 1600.000122
vertex -440.838623 -404.508301 2000.000122
endloop
endfacet
facet normal -0.482936 -0.875656 0.000000
outer loop
vertex -513.410095 -364.484222 1600.000000
vertex -440.838623 -404.508301 2000.000122
vertex -513.410095 -364.484161 2000.000000
endloop
endfacet
facet normal 0.299325 0.954151 0.000000
outer loop
vertex 361.314026 438.154053 1599.999878
vertex 276.092072 464.888885 1599.999878
vertex 276.092072 464.888947 1999.999878
endloop
endfacet
facet normal 0.299325 0.954151 -0.000000
outer loop
vertex 361.314026 438.154053 1599.999878
vertex 276.092072 464.888947 1999.999878
vertex 361.314026 438.154114 1999.999878
endloop
endfacet
facet normal -0.578883 0.815411 0.000000
outer loop
vertex -513.410339 364.484589 1600.000000
vertex -577.884949 318.712280 1600.000000
vertex -577.884949 318.712341 2000.000000
endloop
endfacet
facet normal -0.578883 0.815411 -0.000000
outer loop
vertex -513.410339 364.484589 1600.000000
vertex -577.884949 318.712341 2000.000000
vertex -513.410339 364.484650 2000.000000
endloop
endfacet
facet normal 0.771514 -0.636212 0.000000
outer loop
vertex 633.246460 -267.912628 1600.000000
vertex 678.620667 -212.888809 1600.000000
vertex 678.620667 -212.888748 2000.000000
endloop
endfacet
facet normal 0.771513 -0.636213 0.000000
outer loop
vertex 633.246460 -267.912628 1600.000000
vertex 678.620667 -212.888748 2000.000000
vertex 633.246460 -267.912567 2000.000000
endloop
endfacet
facet normal -0.389641 -0.920967 0.000000
outer loop
vertex -440.838623 -404.508362 1600.000122
vertex -361.314880 -438.153168 1600.000122
vertex -361.314880 -438.153107 2000.000122
endloop
endfacet
facet normal -0.389642 -0.920967 0.000000
outer loop
vertex -440.838623 -404.508362 1600.000122
vertex -361.314880 -438.153107 2000.000122
vertex -440.838623 -404.508301 2000.000122
endloop
endfacet
facet normal 0.211702 0.977334 0.000000
outer loop
vertex 276.092072 464.888885 1599.999878
vertex 186.515976 484.292114 1599.999878
vertex 186.515976 484.292175 1999.999878
endloop
endfacet
facet normal 0.211702 0.977334 -0.000000
outer loop
vertex 276.092072 464.888885 1599.999878
vertex 186.515976 484.292175 1999.999878
vertex 276.092072 464.888947 1999.999878
endloop
endfacet
facet normal -0.676093 0.736816 -0.000000
outer loop
vertex -577.884949 318.712280 1600.000000
vertex -633.245972 267.913635 1600.000000
vertex -633.245972 267.913696 2000.000000
endloop
endfacet
facet normal -0.676094 0.736815 -0.000000
outer loop
vertex -577.884949 318.712280 1600.000000
vertex -633.245972 267.913696 2000.000000
vertex -577.884949 318.712341 2000.000000
endloop
endfacet
facet normal 0.859802 -0.510628 0.000000
outer loop
vertex 678.620667 -212.888809 1600.000000
vertex 713.292664 -154.507614 1600.000000
vertex 713.292664 -154.507553 2000.000000
endloop
endfacet
facet normal 0.859803 -0.510626 0.000000
outer loop
vertex 678.620667 -212.888809 1600.000000
vertex 713.292664 -154.507553 2000.000000
vertex 678.620667 -212.888748 2000.000000
endloop
endfacet
facet normal -0.299326 -0.954151 0.000000
outer loop
vertex -361.314880 -438.153168 1600.000122
vertex -276.092957 -464.888092 1600.000122
vertex -276.092957 -464.888031 2000.000122
endloop
endfacet
facet normal -0.299326 -0.954151 0.000000
outer loop
vertex -361.314880 -438.153168 1600.000122
vertex -276.092957 -464.888031 2000.000122
vertex -361.314880 -438.153107 2000.000122
endloop
endfacet
facet normal 0.126156 0.992010 -0.000000
outer loop
vertex 186.515976 484.292114 1599.999878
vertex 93.998421 496.057739 1599.999878
vertex 93.998421 496.057800 1999.999878
endloop
endfacet
facet normal 0.126156 0.992010 -0.000000
outer loop
vertex 186.515976 484.292114 1599.999878
vertex 93.998421 496.057800 1999.999878
vertex 186.515976 484.292175 1999.999878
endloop
endfacet
facet normal -0.771512 0.636214 -0.000000
outer loop
vertex -633.245972 267.913635 1600.000000
vertex -678.620361 212.889862 1600.000000
vertex -678.620361 212.889923 2000.000000
endloop
endfacet
facet normal -0.771512 0.636215 -0.000000
outer loop
vertex -633.245972 267.913635 1600.000000
vertex -678.620361 212.889923 2000.000000
vertex -633.245972 267.913696 2000.000000
endloop
endfacet
facet normal 0.933184 -0.359400 0.000000
outer loop
vertex 713.292664 -154.507614 1600.000000
vertex 736.715637 -93.689728 1600.000000
vertex 736.715637 -93.689659 2000.000000
endloop
endfacet
facet normal 0.933184 -0.359400 0.000000
outer loop
vertex 713.292664 -154.507614 1600.000000
vertex 736.715637 -93.689659 2000.000000
vertex 713.292664 -154.507553 2000.000000
endloop
endfacet
facet normal -0.211703 -0.977334 0.000000
outer loop
vertex -276.092957 -464.888092 1600.000122
vertex -186.516891 -484.291382 1600.000122
vertex -186.516891 -484.291321 2000.000122
endloop
endfacet
facet normal -0.211703 -0.977334 0.000000
outer loop
vertex -276.092957 -464.888092 1600.000122
vertex -186.516891 -484.291321 2000.000122
vertex -276.092957 -464.888031 2000.000122
endloop
endfacet
facet normal 0.041906 0.999122 -0.000000
outer loop
vertex 93.998421 496.057739 1599.999878
vertex 0.000000 500.000275 1599.999878
vertex 0.000000 500.000336 1999.999878
endloop
endfacet
facet normal 0.041906 0.999122 0.000000
outer loop
vertex 93.998421 496.057739 1599.999878
vertex 0.000000 500.000336 1999.999878
vertex 93.998421 496.057800 1999.999878
endloop
endfacet
facet normal -0.859802 0.510628 -0.000000
outer loop
vertex -678.620361 212.889862 1600.000000
vertex -713.292419 154.508682 1600.000000
vertex -713.292419 154.508743 2000.000000
endloop
endfacet
facet normal -0.859802 0.510628 -0.000000
outer loop
vertex -678.620361 212.889862 1600.000000
vertex -713.292419 154.508743 2000.000000
vertex -678.620361 212.889923 2000.000000
endloop
endfacet
facet normal 0.982516 -0.186177 0.000000
outer loop
vertex 736.715637 -93.689728 1600.000000
vertex 748.520081 -31.394293 1600.000000
vertex 748.520081 -31.394228 2000.000000
endloop
endfacet
facet normal 0.982516 -0.186180 0.000000
outer loop
vertex 736.715637 -93.689728 1600.000000
vertex 748.520081 -31.394228 2000.000000
vertex 736.715637 -93.689659 2000.000000
endloop
endfacet
facet normal -0.126157 -0.992010 0.000000
outer loop
vertex -186.516891 -484.291382 1600.000122
vertex -93.999367 -496.057129 1600.000122
vertex -93.999367 -496.057068 2000.000122
endloop
endfacet
facet normal -0.126157 -0.992010 0.000000
outer loop
vertex -186.516891 -484.291382 1600.000122
vertex -93.999367 -496.057068 2000.000122
vertex -186.516891 -484.291321 2000.000122
endloop
endfacet
facet normal -0.933183 0.359402 -0.000000
outer loop
vertex -713.292419 154.508682 1600.000000
vertex -736.715454 93.690819 1600.000000
vertex -736.715454 93.690887 2000.000000
endloop
endfacet
facet normal -0.933184 0.359400 -0.000000
outer loop
vertex -713.292419 154.508682 1600.000000
vertex -736.715454 93.690887 2000.000000
vertex -713.292419 154.508743 2000.000000
endloop
endfacet
facet normal 1.000000 0.000000 -0.000000
outer loop
vertex 748.520081 -31.394293 1600.000000
vertex 748.520020 31.396257 1600.000000
vertex 748.520020 31.396322 2000.000000
endloop
endfacet
facet normal 1.000000 0.000002 -0.000000
outer loop
vertex 748.520081 -31.394293 1600.000000
vertex 748.520020 31.396322 2000.000000
vertex 748.520081 -31.394228 2000.000000
endloop
endfacet
facet normal -0.041906 -0.999122 0.000000
outer loop
vertex -93.999367 -496.057129 1600.000122
vertex 0.000602 -499.999725 1600.000122
vertex 0.000602 -499.999664 2000.000122
endloop
endfacet
facet normal -0.041906 -0.999122 0.000000
outer loop
vertex -93.999367 -496.057129 1600.000122
vertex 0.000602 -499.999664 2000.000122
vertex -93.999367 -496.057068 2000.000122
endloop
endfacet
facet normal -0.982516 0.186180 -0.000000
outer loop
vertex -736.715454 93.690819 1600.000000
vertex -748.520081 31.395395 1600.000000
vertex -748.520081 31.395460 2000.000000
endloop
endfacet
facet normal -0.982515 0.186182 -0.000000
outer loop
vertex -736.715454 93.690819 1600.000000
vertex -748.520081 31.395460 2000.000000
vertex -736.715454 93.690887 2000.000000
endloop
endfacet
facet normal 0.982515 0.186184 -0.000000
outer loop
vertex 748.520020 31.396257 1600.000000
vertex 736.715271 93.691666 1600.000000
vertex 736.715271 93.691734 2000.000000
endloop
endfacet
facet normal 0.982515 0.186182 -0.000000
outer loop
vertex 748.520020 31.396257 1600.000000
vertex 736.715271 93.691734 2000.000000
vertex 748.520020 31.396322 2000.000000
endloop
endfacet
facet normal 0.041907 -0.999122 0.000000
outer loop
vertex 0.000602 -499.999725 1600.000122
vertex 94.000565 -496.057037 1600.000122
vertex 94.000565 -496.056976 2000.000122
endloop
endfacet
facet normal 0.041907 -0.999122 0.000000
outer loop
vertex 0.000602 -499.999725 1600.000122
vertex 94.000565 -496.056976 2000.000122
vertex 0.000602 -499.999664 2000.000122
endloop
endfacet
facet normal -1.000000 0.000000 0.000000
outer loop
vertex -748.520081 31.395395 1600.000000
vertex -748.520081 -31.395151 1600.000000
vertex -748.520081 -31.395086 2000.000000
endloop
endfacet
facet normal -1.000000 0.000000 0.000000
outer loop
vertex -748.520081 31.395395 1600.000000
vertex -748.520081 -31.395086 2000.000000
vertex -748.520081 31.395460 2000.000000
endloop
endfacet
facet normal 0.933182 0.359404 -0.000000
outer loop
vertex 736.715271 93.691666 1600.000000
vertex 713.291992 154.509506 1600.000000
vertex 713.291992 154.509567 2000.000000
endloop
endfacet
facet normal 0.933183 0.359402 -0.000000
outer loop
vertex 736.715271 93.691666 1600.000000
vertex 713.291992 154.509567 2000.000000
vertex 736.715271 93.691734 2000.000000
endloop
endfacet
facet normal 0.126158 -0.992010 0.000000
outer loop
vertex 94.000565 -496.057037 1600.000122
vertex 186.518082 -484.291168 1600.000122
vertex 186.518082 -484.291107 2000.000122
endloop
endfacet
facet normal 0.126158 -0.992010 0.000000
outer loop
vertex 94.000565 -496.057037 1600.000122
vertex 186.518082 -484.291107 2000.000122
vertex 94.000565 -496.056976 2000.000122
endloop
endfacet
facet normal -0.982515 -0.186182 0.000000
outer loop
vertex -748.520081 -31.395151 1600.000000
vertex -736.715393 -93.690575 1600.000000
vertex -736.715393 -93.690506 2000.000000
endloop
endfacet
facet normal -0.982515 -0.186182 0.000000
outer loop
vertex -748.520081 -31.395151 1600.000000
vertex -736.715393 -93.690506 2000.000000
vertex -748.520081 -31.395086 2000.000000
endloop
endfacet
facet normal 0.859801 0.510630 -0.000000
outer loop
vertex 713.291992 154.509506 1600.000000
vertex 678.619751 212.890640 1600.000000
vertex 678.619751 212.890701 2000.000000
endloop
endfacet
facet normal 0.859799 0.510632 -0.000000
outer loop
vertex 713.291992 154.509506 1600.000000
vertex 678.619751 212.890701 2000.000000
vertex 713.291992 154.509567 2000.000000
endloop
endfacet
facet normal -0.041906 0.999122 -0.000000
outer loop
vertex 0.000000 500.000275 1599.999878
vertex -93.999931 496.057648 1599.999878
vertex -93.999931 496.057709 1999.999878
endloop
endfacet
facet normal -0.041906 0.999122 -0.000000
outer loop
vertex 0.000000 500.000275 1599.999878
vertex -93.999931 496.057709 1999.999878
vertex 0.000000 500.000336 1999.999878
endloop
endfacet
facet normal 0.211704 -0.977334 0.000000
outer loop
vertex 186.518082 -484.291168 1600.000122
vertex 276.094086 -464.887787 1600.000122
vertex 276.094086 -464.887726 2000.000122
endloop
endfacet
facet normal 0.211704 -0.977334 0.000000
outer loop
vertex 186.518082 -484.291168 1600.000122
vertex 276.094086 -464.887726 2000.000122
vertex 186.518082 -484.291107 2000.000122
endloop
endfacet
facet normal -0.933183 -0.359402 0.000000
outer loop
vertex -736.715393 -93.690575 1600.000000
vertex -713.292297 -154.508438 1600.000000
vertex -713.292297 -154.508377 2000.000000
endloop
endfacet
facet normal -0.933183 -0.359402 0.000000
outer loop
vertex -736.715393 -93.690575 1600.000000
vertex -713.292297 -154.508377 2000.000000
vertex -736.715393 -93.690506 2000.000000
endloop
endfacet
facet normal 0.771512 0.636214 -0.000000
outer loop
vertex 678.619751 212.890640 1600.000000
vertex 633.245300 267.914368 1600.000000
vertex 633.245300 267.914429 2000.000000
endloop
endfacet
facet normal 0.771511 0.636216 -0.000000
outer loop
vertex 678.619751 212.890640 1600.000000
vertex 633.245300 267.914429 2000.000000
vertex 678.619751 212.890701 2000.000000
endloop
endfacet
facet normal -0.126157 0.992010 -0.000000
outer loop
vertex -93.999931 496.057648 1599.999878
vertex -186.517441 484.291870 1599.999878
vertex -186.517441 484.291931 1999.999878
endloop
endfacet
facet normal -0.126157 0.992010 0.000000
outer loop
vertex -93.999931 496.057648 1599.999878
vertex -186.517441 484.291931 1999.999878
vertex -93.999931 496.057709 1999.999878
endloop
endfacet
facet normal 0.299327 -0.954151 0.000000
outer loop
vertex 276.094086 -464.887787 1600.000122
vertex 361.315948 -438.152802 1600.000122
vertex 361.315948 -438.152740 2000.000122
endloop
endfacet
facet normal 0.299327 -0.954151 0.000000
outer loop
vertex 276.094086 -464.887787 1600.000122
vertex 361.315948 -438.152740 2000.000122
vertex 276.094086 -464.887726 2000.000122
endloop
endfacet
facet normal -0.859801 -0.510630 0.000000
outer loop
vertex -713.292297 -154.508438 1600.000000
vertex -678.620178 -212.889557 1600.000000
vertex -678.620178 -212.889496 2000.000000
endloop
endfacet
facet normal -0.859801 -0.510629 0.000000
outer loop
vertex -713.292297 -154.508438 1600.000000
vertex -678.620178 -212.889496 2000.000000
vertex -713.292297 -154.508377 2000.000000
endloop
endfacet
facet normal 0.676092 0.736817 -0.000000
outer loop
vertex 633.245300 267.914368 1600.000000
vertex 577.884094 318.712952 1600.000000
vertex 577.884094 318.713013 2000.000000
endloop
endfacet
facet normal 0.676092 0.736817 -0.000000
outer loop
vertex 633.245300 267.914368 1600.000000
vertex 577.884094 318.713013 2000.000000
vertex 633.245300 267.914429 2000.000000
endloop
endfacet
facet normal -0.211703 0.977334 0.000000
outer loop
vertex -186.517441 484.291870 1599.999878
vertex -276.093445 464.888519 1599.999878
vertex -276.093445 464.888580 1999.999878
endloop
endfacet
facet normal -0.211704 0.977334 -0.000000
outer loop
vertex -186.517441 484.291870 1599.999878
vertex -276.093445 464.888580 1999.999878
vertex -186.517441 484.291931 1999.999878
endloop
endfacet
facet normal 0.389643 -0.920966 0.000000
outer loop
vertex 361.315948 -438.152802 1600.000122
vertex 440.839600 -404.507874 1600.000122
vertex 440.839600 -404.507812 2000.000122
endloop
endfacet
facet normal 0.389643 -0.920966 0.000000
outer loop
vertex 361.315948 -438.152802 1600.000122
vertex 440.839600 -404.507812 2000.000122
vertex 361.315948 -438.152740 2000.000122
endloop
endfacet
facet normal -0.933183 0.359402 -0.000000
outer loop
vertex -713.292419 154.508743 2000.000000
vertex -736.715454 93.690887 2000.000000
vertex -736.715454 93.690948 2400.000000
endloop
endfacet
facet normal -0.933183 0.359400 -0.000000
outer loop
vertex -713.292419 154.508743 2000.000000
vertex -736.715454 93.690948 2400.000000
vertex -713.292419 154.508820 2400.000000
endloop
endfacet
facet normal 1.000000 0.000000 -0.000000
outer loop
vertex 748.520081 -31.394228 2000.000000
vertex 748.520020 31.396322 2000.000000
vertex 748.520020 31.396387 2400.000000
endloop
endfacet
facet normal 1.000000 0.000002 -0.000000
outer loop
vertex 748.520081 -31.394228 2000.000000
vertex 748.520020 31.396387 2400.000000
vertex 748.520081 -31.394163 2400.000000
endloop
endfacet
facet normal -0.041906 -0.999122 0.000000
outer loop
vertex -93.999367 -496.057068 2000.000122
vertex 0.000602 -499.999664 2000.000122
vertex 0.000602 -499.999603 2400.000000
endloop
endfacet
facet normal -0.041906 -0.999122 0.000000
outer loop
vertex -93.999367 -496.057068 2000.000122
vertex 0.000602 -499.999603 2400.000000
vertex -93.999367 -496.057007 2400.000000
endloop
endfacet
facet normal -0.982516 0.186180 -0.000000
outer loop
vertex -736.715454 93.690887 2000.000000
vertex -748.520081 31.395460 2000.000000
vertex -748.520081 31.395525 2400.000000
endloop
endfacet
facet normal -0.982515 0.186182 -0.000000
outer loop
vertex -736.715454 93.690887 2000.000000
vertex -748.520081 31.395525 2400.000000
vertex -736.715454 93.690948 2400.000000
endloop
endfacet
facet normal 0.982515 0.186184 -0.000000
outer loop
vertex 748.520020 31.396322 2000.000000
vertex 736.715271 93.691734 2000.000000
vertex 736.715271 93.691795 2400.000000
endloop
endfacet
facet normal 0.982515 0.186182 -0.000000
outer loop
vertex 748.520020 31.396322 2000.000000
vertex 736.715271 93.691795 2400.000000
vertex 748.520020 31.396387 2400.000000
endloop
endfacet
facet normal 0.041907 -0.999122 0.000000
outer loop
vertex 0.000602 -499.999664 2000.000122
vertex 94.000565 -496.056976 2000.000122
vertex 94.000565 -496.056915 2400.000000
endloop
endfacet
facet normal 0.041907 -0.999122 0.000000
outer loop
vertex 0.000602 -499.999664 2000.000122
vertex 94.000565 -496.056915 2400.000000
vertex 0.000602 -499.999603 2400.000000
endloop
endfacet
facet normal -1.000000 0.000000 0.000000
outer loop
vertex -748.520081 31.395460 2000.000000
vertex -748.520081 -31.395086 2000.000000
vertex -748.520081 -31.395021 2400.000000
endloop
endfacet
facet normal -1.000000 0.000000 0.000000
outer loop
vertex -748.520081 31.395460 2000.000000
vertex -748.520081 -31.395021 2400.000000
vertex -748.520081 31.395525 2400.000000
endloop
endfacet
facet normal 0.933182 0.359404 -0.000000
outer loop
vertex 736.715271 93.691734 2000.000000
vertex 713.291992 154.509567 2000.000000
vertex 713.291992 154.509644 2400.000000
endloop
endfacet
facet normal 0.933183 0.359402 -0.000000
outer loop
vertex 736.715271 93.691734 2000.000000
vertex 713.291992 154.509644 2400.000000
vertex 736.715271 93.691795 2400.000000
endloop
endfacet
facet normal 0.126158 -0.992010 0.000000
outer loop
vertex 94.000565 -496.056976 2000.000122
vertex 186.518082 -484.291107 2000.000122
vertex 186.518082 -484.291046 2400.000000
endloop
endfacet
facet normal 0.126158 -0.992010 0.000000
outer loop
vertex 94.000565 -496.056976 2000.000122
vertex 186.518082 -484.291046 2400.000000
vertex 94.000565 -496.056915 2400.000000
endloop
endfacet
facet normal -0.982515 -0.186182 0.000000
outer loop
vertex -748.520081 -31.395086 2000.000000
vertex -736.715393 -93.690506 2000.000000
vertex -736.715393 -93.690445 2400.000000
endloop
endfacet
facet normal -0.982515 -0.186182 0.000000
outer loop
vertex -748.520081 -31.395086 2000.000000
vertex -736.715393 -93.690445 2400.000000
vertex -748.520081 -31.395021 2400.000000
endloop
endfacet
facet normal 0.859801 0.510630 -0.000000
outer loop
vertex 713.291992 154.509567 2000.000000
vertex 678.619751 212.890701 2000.000000
vertex 678.619751 212.890778 2400.000000
endloop
endfacet
facet normal 0.859799 0.510632 -0.000000
outer loop
vertex 713.291992 154.509567 2000.000000
vertex 678.619751 212.890778 2400.000000
vertex 713.291992 154.509644 2400.000000
endloop
endfacet
facet normal -0.041906 0.999122 0.000000
outer loop
vertex 0.000000 500.000336 1999.999878
vertex -93.999931 496.057709 1999.999878
vertex -93.999931 496.057770 2400.000000
endloop
endfacet
facet normal -0.041906 0.999122 -0.000000
outer loop
vertex 0.000000 500.000336 1999.999878
vertex -93.999931 496.057770 2400.000000
vertex 0.000000 500.000397 2400.000000
endloop
endfacet
facet normal 0.211704 -0.977334 0.000000
outer loop
vertex 186.518082 -484.291107 2000.000122
vertex 276.094086 -464.887726 2000.000122
vertex 276.094086 -464.887665 2400.000000
endloop
endfacet
facet normal 0.211704 -0.977334 0.000000
outer loop
vertex 186.518082 -484.291107 2000.000122
vertex 276.094086 -464.887665 2400.000000
vertex 186.518082 -484.291046 2400.000000
endloop
endfacet
facet normal -0.933183 -0.359402 0.000000
outer loop
vertex -736.715393 -93.690506 2000.000000
vertex -713.292297 -154.508377 2000.000000
vertex -713.292297 -154.508301 2400.000000
endloop
endfacet
facet normal -0.933183 -0.359402 0.000000
outer loop
vertex -736.715393 -93.690506 2000.000000
vertex -713.292297 -154.508301 2400.000000
vertex -736.715393 -93.690445 2400.000000
endloop
endfacet
facet normal 0.771512 0.636214 -0.000000
outer loop
vertex 678.619751 212.890701 2000.000000
vertex 633.245300 267.914429 2000.000000
vertex 633.245300 267.914490 2400.000000
endloop
endfacet
facet normal 0.771511 0.636216 -0.000000
outer loop
vertex 678.619751 212.890701 2000.000000
vertex 633.245300 267.914490 2400.000000
vertex 678.619751 212.890778 2400.000000
endloop
endfacet
facet normal -0.126157 0.992010 -0.000000
outer loop
vertex -93.999931 496.057709 1999.999878
vertex -186.517441 484.291931 1999.999878
vertex -186.517441 484.291992 2400.000000
endloop
endfacet
facet normal -0.126157 0.992010 0.000000
outer loop
vertex -93.999931 496.057709 1999.999878
vertex -186.517441 484.291992 2400.000000
vertex -93.999931 496.057770 2400.000000
endloop
endfacet
facet normal 0.299327 -0.954151 0.000000
outer loop
vertex 276.094086 -464.887726 2000.000122
vertex 361.315948 -438.152740 2000.000122
vertex 361.315948 -438.152679 2400.000000
endloop
endfacet
facet normal 0.299327 -0.954151 0.000000
outer loop
vertex 276.094086 -464.887726 2000.000122
vertex 361.315948 -438.152679 2400.000000
vertex 276.094086 -464.887665 2400.000000
endloop
endfacet
facet normal -0.859801 -0.510630 0.000000
outer loop
vertex -713.292297 -154.508377 2000.000000
vertex -678.620178 -212.889496 2000.000000
vertex -678.620178 -212.889420 2400.000000
endloop
endfacet
facet normal -0.859802 -0.510628 0.000000
outer loop
vertex -713.292297 -154.508377 2000.000000
vertex -678.620178 -212.889420 2400.000000
vertex -713.292297 -154.508301 2400.000000
endloop
endfacet
facet normal 0.676092 0.736817 -0.000000
outer loop
vertex 633.245300 267.914429 2000.000000
vertex 577.884094 318.713013 2000.000000
vertex 577.884094 318.713074 2400.000000
endloop
endfacet
facet normal 0.676092 0.736817 -0.000000
outer loop
vertex 633.245300 267.914429 2000.000000
vertex 577.884094 318.713074 2400.000000
vertex 633.245300 267.914490 2400.000000
endloop
endfacet
facet normal -0.211704 0.977334 0.000000
outer loop
vertex -186.517441 484.291931 1999.999878
vertex -276.093445 464.888580 1999.999878
vertex -276.093445 464.888641 2400.000000
endloop
endfacet
facet normal -0.211703 0.977334 -0.000000
outer loop
vertex -186.517441 484.291931 1999.999878
vertex -276.093445 464.888641 2400.000000
vertex -186.517441 484.291992 2400.000000
endloop
endfacet
facet normal 0.389643 -0.920966 0.000000
outer loop
vertex 361.315948 -438.152740 2000.000122
vertex 440.839600 -404.507812 2000.000122
vertex 440.839600 -404.507751 2400.000000
endloop
endfacet
facet normal 0.389643 -0.920966 0.000000
outer loop
vertex 361.315948 -438.152740 2000.000122
vertex 440.839600 -404.507751 2400.000000
vertex 361.315948 -438.152679 2400.000000
endloop
endfacet
facet normal -0.771512 -0.636214 0.000000
outer loop
vertex -678.620178 -212.889496 2000.000000
vertex -633.245789 -267.913208 2000.000000
vertex -633.245789 -267.913147 2400.000000
endloop
endfacet
facet normal -0.771513 -0.636214 0.000000
outer loop
vertex -678.620178 -212.889496 2000.000000
vertex -633.245789 -267.913147 2400.000000
vertex -678.620178 -212.889420 2400.000000
endloop
endfacet
facet normal 0.578882 0.815411 -0.000000
outer loop
vertex 577.884094 318.713013 2000.000000
vertex 513.409363 364.485260 2000.000000
vertex 513.409363 364.485321 2400.000000
endloop
endfacet
facet normal 0.578881 0.815412 0.000000
outer loop
vertex 577.884094 318.713013 2000.000000
vertex 513.409363 364.485321 2400.000000
vertex 577.884094 318.713074 2400.000000
endloop
endfacet
facet normal -0.299326 0.954151 0.000000
outer loop
vertex -276.093445 464.888580 1999.999878
vertex -361.315308 438.153656 1999.999878
vertex -361.315308 438.153717 2400.000000
endloop
endfacet
facet normal -0.299326 0.954151 -0.000000
outer loop
vertex -276.093445 464.888580 1999.999878
vertex -361.315308 438.153717 2400.000000
vertex -276.093445 464.888641 2400.000000
endloop
endfacet
facet normal 0.482938 -0.875655 0.000000
outer loop
vertex 440.839600 -404.507812 2000.000122
vertex 513.410950 -364.483582 2000.000000
vertex 513.410950 -364.483521 2400.000000
endloop
endfacet
facet normal 0.482937 -0.875655 0.000000
outer loop
vertex 440.839600 -404.507812 2000.000122
vertex 513.410950 -364.483521 2400.000000
vertex 440.839600 -404.507751 2400.000000
endloop
endfacet
facet normal -0.676093 -0.736816 0.000000
outer loop
vertex -633.245789 -267.913208 2000.000000
vertex -577.884705 -318.711853 2000.000000
vertex -577.884705 -318.711792 2400.000000
endloop
endfacet
facet normal -0.676093 -0.736816 0.000000
outer loop
vertex -633.245789 -267.913208 2000.000000
vertex -577.884705 -318.711792 2400.000000
vertex -633.245789 -267.913147 2400.000000
endloop
endfacet
facet normal 0.482935 0.875656 -0.000000
outer loop
vertex 513.409363 364.485260 2000.000000
vertex 440.837830 404.509369 1999.999878
vertex 440.837830 404.509430 2400.000000
endloop
endfacet
facet normal 0.482935 0.875656 -0.000000
outer loop
vertex 513.409363 364.485260 2000.000000
vertex 440.837830 404.509430 2400.000000
vertex 513.409363 364.485321 2400.000000
endloop
endfacet
facet normal -0.389642 0.920966 -0.000000
outer loop
vertex -361.315308 438.153656 1999.999878
vertex -440.838928 404.508820 1999.999878
vertex -440.838928 404.508881 2400.000000
endloop
endfacet
facet normal -0.389642 0.920966 0.000000
outer loop
vertex -361.315308 438.153656 1999.999878
vertex -440.838928 404.508881 2400.000000
vertex -361.315308 438.153717 2400.000000
endloop
endfacet
facet normal 0.578883 -0.815411 0.000000
outer loop
vertex 513.410950 -364.483582 2000.000000
vertex 577.885498 -318.711212 2000.000000
vertex 577.885498 -318.711151 2400.000000
endloop
endfacet
facet normal 0.578884 -0.815410 0.000000
outer loop
vertex 513.410950 -364.483582 2000.000000
vertex 577.885498 -318.711151 2400.000000
vertex 513.410950 -364.483521 2400.000000
endloop
endfacet
facet normal -0.578883 -0.815411 0.000000
outer loop
vertex -577.884705 -318.711853 2000.000000
vertex -513.410095 -364.484161 2000.000000
vertex -513.410095 -364.484100 2400.000000
endloop
endfacet
facet normal -0.578883 -0.815411 0.000000
outer loop
vertex -577.884705 -318.711853 2000.000000
vertex -513.410095 -364.484100 2400.000000
vertex -577.884705 -318.711792 2400.000000
endloop
endfacet
facet normal 0.389641 0.920967 -0.000000
outer loop
vertex 440.837830 404.509369 1999.999878
vertex 361.314026 438.154114 1999.999878
vertex 361.314026 438.154175 2400.000000
endloop
endfacet
facet normal 0.389641 0.920967 0.000000
outer loop
vertex 440.837830 404.509369 1999.999878
vertex 361.314026 438.154175 2400.000000
vertex 440.837830 404.509430 2400.000000
endloop
endfacet
facet normal -0.482936 0.875656 -0.000000
outer loop
vertex -440.838928 404.508820 1999.999878
vertex -513.410339 364.484650 2000.000000
vertex -513.410339 364.484711 2400.000000
endloop
endfacet
facet normal -0.482937 0.875655 -0.000000
outer loop
vertex -440.838928 404.508820 1999.999878
vertex -513.410339 364.484711 2400.000000
vertex -440.838928 404.508881 2400.000000
endloop
endfacet
facet normal 0.676094 -0.736815 0.000000
outer loop
vertex 577.885498 -318.711212 2000.000000
vertex 633.246460 -267.912567 2000.000000
vertex 633.246460 -267.912506 2400.000000
endloop
endfacet
facet normal 0.676094 -0.736815 0.000000
outer loop
vertex 577.885498 -318.711212 2000.000000
vertex 633.246460 -267.912506 2400.000000
vertex 577.885498 -318.711151 2400.000000
endloop
endfacet
facet normal -0.482936 -0.875656 0.000000
outer loop
vertex -513.410095 -364.484161 2000.000000
vertex -440.838623 -404.508301 2000.000122
vertex -440.838623 -404.508240 2400.000000
endloop
endfacet
facet normal -0.482937 -0.875655 0.000000
outer loop
vertex -513.410095 -364.484161 2000.000000
vertex -440.838623 -404.508240 2400.000000
vertex -513.410095 -364.484100 2400.000000
endloop
endfacet
facet normal 0.299325 0.954151 0.000000
outer loop
vertex 361.314026 438.154114 1999.999878
vertex 276.092072 464.888947 1999.999878
vertex 276.092072 464.889008 2400.000000
endloop
endfacet
facet normal 0.299325 0.954151 -0.000000
outer loop
vertex 361.314026 438.154114 1999.999878
vertex 276.092072 464.889008 2400.000000
vertex 361.314026 438.154175 2400.000000
endloop
endfacet
facet normal -0.578883 0.815411 0.000000
outer loop
vertex -513.410339 364.484650 2000.000000
vertex -577.884949 318.712341 2000.000000
vertex -577.884949 318.712402 2400.000000
endloop
endfacet
facet normal -0.578883 0.815411 -0.000000
outer loop
vertex -513.410339 364.484650 2000.000000
vertex -577.884949 318.712402 2400.000000
vertex -513.410339 364.484711 2400.000000
endloop
endfacet
facet normal 0.771514 -0.636213 0.000000
outer loop
vertex 633.246460 -267.912567 2000.000000
vertex 678.620667 -212.888748 2000.000000
vertex 678.620667 -212.888672 2400.000000
endloop
endfacet
facet normal 0.771513 -0.636213 0.000000
outer loop
vertex 633.246460 -267.912567 2000.000000
vertex 678.620667 -212.888672 2400.000000
vertex 633.246460 -267.912506 2400.000000
endloop
endfacet
facet normal -0.389641 -0.920967 0.000000
outer loop
vertex -440.838623 -404.508301 2000.000122
vertex -361.314880 -438.153107 2000.000122
vertex -361.314880 -438.153046 2400.000000
endloop
endfacet
facet normal -0.389642 -0.920967 0.000000
outer loop
vertex -440.838623 -404.508301 2000.000122
vertex -361.314880 -438.153046 2400.000000
vertex -440.838623 -404.508240 2400.000000
endloop
endfacet
facet normal 0.211702 0.977334 0.000000
outer loop
vertex 276.092072 464.888947 1999.999878
vertex 186.515976 484.292175 1999.999878
vertex 186.515976 484.292236 2400.000000
endloop
endfacet
facet normal 0.211702 0.977334 -0.000000
outer loop
vertex 276.092072 464.888947 1999.999878
vertex 186.515976 484.292236 2400.000000
vertex 276.092072 464.889008 2400.000000
endloop
endfacet
facet normal -0.676093 0.736816 -0.000000
outer loop
vertex -577.884949 318.712341 2000.000000
vertex -633.245972 267.913696 2000.000000
vertex -633.245972 267.913757 2400.000000
endloop
endfacet
facet normal -0.676094 0.736815 -0.000000
outer loop
vertex -577.884949 318.712341 2000.000000
vertex -633.245972 267.913757 2400.000000
vertex -577.884949 318.712402 2400.000000
endloop
endfacet
facet normal 0.859802 -0.510628 0.000000
outer loop
vertex 678.620667 -212.888748 2000.000000
vertex 713.292664 -154.507553 2000.000000
vertex 713.292664 -154.507477 2400.000000
endloop
endfacet
facet normal 0.859803 -0.510626 0.000000
outer loop
vertex 678.620667 -212.888748 2000.000000
vertex 713.292664 -154.507477 2400.000000
vertex 678.620667 -212.888672 2400.000000
endloop
endfacet
facet normal -0.299326 -0.954151 0.000000
outer loop
vertex -361.314880 -438.153107 2000.000122
vertex -276.092957 -464.888031 2000.000122
vertex -276.092957 -464.887970 2400.000000
endloop
endfacet
facet normal -0.299326 -0.954151 0.000000
outer loop
vertex -361.314880 -438.153107 2000.000122
vertex -276.092957 -464.887970 2400.000000
vertex -361.314880 -438.153046 2400.000000
endloop
endfacet
facet normal 0.126156 0.992010 0.000000
outer loop
vertex 186.515976 484.292175 1999.999878
vertex 93.998421 496.057800 1999.999878
vertex 93.998421 496.057861 2400.000000
endloop
endfacet
facet normal 0.126156 0.992010 -0.000000
outer loop
vertex 186.515976 484.292175 1999.999878
vertex 93.998421 496.057861 2400.000000
vertex 186.515976 484.292236 2400.000000
endloop
endfacet
facet normal -0.771513 0.636214 -0.000000
outer loop
vertex -633.245972 267.913696 2000.000000
vertex -678.620361 212.889923 2000.000000
vertex -678.620361 212.889999 2400.000000
endloop
endfacet
facet normal -0.771512 0.636215 -0.000000
outer loop
vertex -633.245972 267.913696 2000.000000
vertex -678.620361 212.889999 2400.000000
vertex -633.245972 267.913757 2400.000000
endloop
endfacet
facet normal 0.933184 -0.359400 0.000000
outer loop
vertex 713.292664 -154.507553 2000.000000
vertex 736.715637 -93.689659 2000.000000
vertex 736.715637 -93.689598 2400.000000
endloop
endfacet
facet normal 0.933184 -0.359400 0.000000
outer loop
vertex 713.292664 -154.507553 2000.000000
vertex 736.715637 -93.689598 2400.000000
vertex 713.292664 -154.507477 2400.000000
endloop
endfacet
facet normal -0.211703 -0.977334 0.000000
outer loop
vertex -276.092957 -464.888031 2000.000122
vertex -186.516891 -484.291321 2000.000122
vertex -186.516891 -484.291260 2400.000000
endloop
endfacet
facet normal -0.211703 -0.977334 0.000000
outer loop
vertex -276.092957 -464.888031 2000.000122
vertex -186.516891 -484.291260 2400.000000
vertex -276.092957 -464.887970 2400.000000
endloop
endfacet
facet normal 0.041906 0.999122 -0.000000
outer loop
vertex 93.998421 496.057800 1999.999878
vertex 0.000000 500.000336 1999.999878
vertex 0.000000 500.000397 2400.000000
endloop
endfacet
facet normal 0.041906 0.999122 0.000000
outer loop
vertex 93.998421 496.057800 1999.999878
vertex 0.000000 500.000397 2400.000000
vertex 93.998421 496.057861 2400.000000
endloop
endfacet
facet normal -0.859802 0.510628 -0.000000
outer loop
vertex -678.620361 212.889923 2000.000000
vertex -713.292419 154.508743 2000.000000
vertex -713.292419 154.508820 2400.000000
endloop
endfacet
facet normal -0.859802 0.510628 -0.000000
outer loop
vertex -678.620361 212.889923 2000.000000
vertex -713.292419 154.508820 2400.000000
vertex -678.620361 212.889999 2400.000000
endloop
endfacet
facet normal 0.982516 -0.186177 0.000000
outer loop
vertex 736.715637 -93.689659 2000.000000
vertex 748.520081 -31.394228 2000.000000
vertex 748.520081 -31.394163 2400.000000
endloop
endfacet
facet normal 0.982516 -0.186179 0.000000
outer loop
vertex 736.715637 -93.689659 2000.000000
vertex 748.520081 -31.394163 2400.000000
vertex 736.715637 -93.689598 2400.000000
endloop
endfacet
facet normal -0.126157 -0.992010 0.000000
outer loop
vertex -186.516891 -484.291321 2000.000122
vertex -93.999367 -496.057068 2000.000122
vertex -93.999367 -496.057007 2400.000000
endloop
endfacet
facet normal -0.126157 -0.992010 0.000000
outer loop
vertex -186.516891 -484.291321 2000.000122
vertex -93.999367 -496.057007 2400.000000
vertex -186.516891 -484.291260 2400.000000
endloop
endfacet
facet normal -0.676093 -0.736816 0.000000
outer loop
vertex -633.245789 -267.913147 2400.000000
vertex -577.884705 -318.711792 2400.000000
vertex -577.884705 -318.711731 2800.000000
endloop
endfacet
facet normal -0.676093 -0.736816 0.000000
outer loop
vertex -633.245789 -267.913147 2400.000000
vertex -577.884705 -318.711731 2800.000000
vertex -633.245789 -267.913086 2800.000000
endloop
endfacet
facet normal 0.482935 0.875656 -0.000000
outer loop
vertex 513.409363 364.485321 2400.000000
vertex 440.837830 404.509430 2400.000000
vertex 440.837830 404.509491 2800.000000
endloop
endfacet
facet normal 0.482935 0.875656 -0.000000
outer loop
vertex 513.409363 364.485321 2400.000000
vertex 440.837830 404.509491 2800.000000
vertex 513.409363 364.485382 2800.000000
endloop
endfacet
facet normal -0.389642 0.920966 -0.000000
outer loop
vertex -361.315308 438.153717 2400.000000
vertex -440.838928 404.508881 2400.000000
vertex -440.838928 404.508942 2800.000000
endloop
endfacet
facet normal -0.389642 0.920966 -0.000000
outer loop
vertex -361.315308 438.153717 2400.000000
vertex -440.838928 404.508942 2800.000000
vertex -361.315308 438.153778 2800.000000
endloop
endfacet
facet normal 0.578883 -0.815410 0.000000
outer loop
vertex 513.410950 -364.483521 2400.000000
vertex 577.885498 -318.711151 2400.000000
vertex 577.885498 -318.711090 2800.000000
endloop
endfacet
facet normal 0.578883 -0.815410 0.000000
outer loop
vertex 513.410950 -364.483521 2400.000000
vertex 577.885498 -318.711090 2800.000000
vertex 513.410950 -364.483459 2800.000000
endloop
endfacet
facet normal -0.578883 -0.815411 0.000000
outer loop
vertex -577.884705 -318.711792 2400.000000
vertex -513.410095 -364.484100 2400.000000
vertex -513.410095 -364.484039 2800.000000
endloop
endfacet
facet normal -0.578883 -0.815411 0.000000
outer loop
vertex -577.884705 -318.711792 2400.000000
vertex -513.410095 -364.484039 2800.000000
vertex -577.884705 -318.711731 2800.000000
endloop
endfacet
facet normal 0.389640 0.920967 -0.000000
outer loop
vertex 440.837830 404.509430 2400.000000
vertex 361.314026 438.154175 2400.000000
vertex 361.314026 438.154236 2800.000000
endloop
endfacet
facet normal 0.389641 0.920967 0.000000
outer loop
vertex 440.837830 404.509430 2400.000000
vertex 361.314026 438.154236 2800.000000
vertex 440.837830 404.509491 2800.000000
endloop
endfacet
facet normal -0.482936 0.875655 -0.000000
outer loop
vertex -440.838928 404.508881 2400.000000
vertex -513.410339 364.484711 2400.000000
vertex -513.410339 364.484772 2800.000000
endloop
endfacet
facet normal -0.482937 0.875655 -0.000000
outer loop
vertex -440.838928 404.508881 2400.000000
vertex -513.410339 364.484772 2800.000000
vertex -440.838928 404.508942 2800.000000
endloop
endfacet
facet normal 0.676094 -0.736815 0.000000
outer loop
vertex 577.885498 -318.711151 2400.000000
vertex 633.246460 -267.912506 2400.000000
vertex 633.246460 -267.912445 2800.000000
endloop
endfacet
facet normal 0.676094 -0.736815 0.000000
outer loop
vertex 577.885498 -318.711151 2400.000000
vertex 633.246460 -267.912445 2800.000000
vertex 577.885498 -318.711090 2800.000000
endloop
endfacet
facet normal -0.482936 -0.875656 0.000000
outer loop
vertex -513.410095 -364.484100 2400.000000
vertex -440.838623 -404.508240 2400.000000
vertex -440.838623 -404.508179 2800.000000
endloop
endfacet
facet normal -0.482937 -0.875655 0.000000
outer loop
vertex -513.410095 -364.484100 2400.000000
vertex -440.838623 -404.508179 2800.000000
vertex -513.410095 -364.484039 2800.000000
endloop
endfacet
facet normal 0.299325 0.954151 0.000000
outer loop
vertex 361.314026 438.154175 2400.000000
vertex 276.092072 464.889008 2400.000000
vertex 276.092072 464.889069 2800.000000
endloop
endfacet
facet normal 0.299325 0.954151 -0.000000
outer loop
vertex 361.314026 438.154175 2400.000000
vertex 276.092072 464.889069 2800.000000
vertex 361.314026 438.154236 2800.000000
endloop
endfacet
facet normal -0.578883 0.815411 0.000000
outer loop
vertex -513.410339 364.484711 2400.000000
vertex -577.884949 318.712402 2400.000000
vertex -577.884949 318.712463 2800.000000
endloop
endfacet
facet normal -0.578883 0.815411 -0.000000
outer loop
vertex -513.410339 364.484711 2400.000000
vertex -577.884949 318.712463 2800.000000
vertex -513.410339 364.484772 2800.000000
endloop
endfacet
facet normal 0.771514 -0.636212 0.000000
outer loop
vertex 633.246460 -267.912506 2400.000000
vertex 678.620667 -212.888672 2400.000000
vertex 678.620667 -212.888611 2800.000000
endloop
endfacet
facet normal 0.771513 -0.636213 0.000000
outer loop
vertex 633.246460 -267.912506 2400.000000
vertex 678.620667 -212.888611 2800.000000
vertex 633.246460 -267.912445 2800.000000
endloop
endfacet
facet normal -0.389641 -0.920967 0.000000
outer loop
vertex -440.838623 -404.508240 2400.000000
vertex -361.314880 -438.153046 2400.000000
vertex -361.314880 -438.152985 2800.000000
endloop
endfacet
facet normal -0.389641 -0.920967 0.000000
outer loop
vertex -440.838623 -404.508240 2400.000000
vertex -361.314880 -438.152985 2800.000000
vertex -440.838623 -404.508179 2800.000000
endloop
endfacet
facet normal 0.211702 0.977334 0.000000
outer loop
vertex 276.092072 464.889008 2400.000000
vertex 186.515976 484.292236 2400.000000
vertex 186.515976 484.292297 2800.000000
endloop
endfacet
facet normal 0.211702 0.977334 -0.000000
outer loop
vertex 276.092072 464.889008 2400.000000
vertex 186.515976 484.292297 2800.000000
vertex 276.092072 464.889069 2800.000000
endloop
endfacet
facet normal -0.676093 0.736816 -0.000000
outer loop
vertex -577.884949 318.712402 2400.000000
vertex -633.245972 267.913757 2400.000000
vertex -633.245972 267.913818 2800.000000
endloop
endfacet
facet normal -0.676094 0.736815 -0.000000
outer loop
vertex -577.884949 318.712402 2400.000000
vertex -633.245972 267.913818 2800.000000
vertex -577.884949 318.712463 2800.000000
endloop
endfacet
facet normal 0.859802 -0.510628 0.000000
outer loop
vertex 678.620667 -212.888672 2400.000000
vertex 713.292664 -154.507477 2400.000000
vertex 713.292664 -154.507416 2800.000000
endloop
endfacet
facet normal 0.859803 -0.510626 0.000000
outer loop
vertex 678.620667 -212.888672 2400.000000
vertex 713.292664 -154.507416 2800.000000
vertex 678.620667 -212.888611 2800.000000
endloop
endfacet
facet normal -0.299326 -0.954151 0.000000
outer loop
vertex -361.314880 -438.153046 2400.000000
vertex -276.092957 -464.887970 2400.000000
vertex -276.092957 -464.887909 2800.000000
endloop
endfacet
facet normal -0.299327 -0.954151 0.000000
outer loop
vertex -361.314880 -438.153046 2400.000000
vertex -276.092957 -464.887909 2800.000000
vertex -361.314880 -438.152985 2800.000000
endloop
endfacet
facet normal 0.126156 0.992010 -0.000000
outer loop
vertex 186.515976 484.292236 2400.000000
vertex 93.998421 496.057861 2400.000000
vertex 93.998421 496.057922 2800.000000
endloop
endfacet
facet normal 0.126156 0.992010 -0.000000
outer loop
vertex 186.515976 484.292236 2400.000000
vertex 93.998421 496.057922 2800.000000
vertex 186.515976 484.292297 2800.000000
endloop
endfacet
facet normal -0.771513 0.636214 -0.000000
outer loop
vertex -633.245972 267.913757 2400.000000
vertex -678.620361 212.889999 2400.000000
vertex -678.620361 212.890060 2800.000000
endloop
endfacet
facet normal -0.771512 0.636215 -0.000000
outer loop
vertex -633.245972 267.913757 2400.000000
vertex -678.620361 212.890060 2800.000000
vertex -633.245972 267.913818 2800.000000
endloop
endfacet
facet normal 0.933184 -0.359400 0.000000
outer loop
vertex 713.292664 -154.507477 2400.000000
vertex 736.715637 -93.689598 2400.000000
vertex 736.715637 -93.689529 2800.000000
endloop
endfacet
facet normal 0.933184 -0.359400 0.000000
outer loop
vertex 713.292664 -154.507477 2400.000000
vertex 736.715637 -93.689529 2800.000000
vertex 713.292664 -154.507416 2800.000000
endloop
endfacet
facet normal -0.211703 -0.977334 0.000000
outer loop
vertex -276.092957 -464.887970 2400.000000
vertex -186.516891 -484.291260 2400.000000
vertex -186.516891 -484.291199 2800.000000
endloop
endfacet
facet normal -0.211703 -0.977334 0.000000
outer loop
vertex -276.092957 -464.887970 2400.000000
vertex -186.516891 -484.291199 2800.000000
vertex -276.092957 -464.887909 2800.000000
endloop
endfacet
facet normal 0.041906 0.999122 -0.000000
outer loop
vertex 93.998421 496.057861 2400.000000
vertex 0.000000 500.000397 2400.000000
vertex 0.000000 500.000458 2800.000000
endloop
endfacet
facet normal 0.041906 0.999122 0.000000
outer loop
vertex 93.998421 496.057861 2400.000000
vertex 0.000000 500.000458 2800.000000
vertex 93.998421 496.057922 2800.000000
endloop
endfacet
facet normal -0.859802 0.510628 -0.000000
outer loop
vertex -678.620361 212.889999 2400.000000
vertex -713.292419 154.508820 2400.000000
vertex -713.292419 154.508881 2800.000000
endloop
endfacet
facet normal -0.859802 0.510628 -0.000000
outer loop
vertex -678.620361 212.889999 2400.000000
vertex -713.292419 154.508881 2800.000000
vertex -678.620361 212.890060 2800.000000
endloop
endfacet
facet normal 0.982516 -0.186177 0.000000
outer loop
vertex 736.715637 -93.689598 2400.000000
vertex 748.520081 -31.394163 2400.000000
vertex 748.520081 -31.394098 2800.000000
endloop
endfacet
facet normal 0.982516 -0.186179 0.000000
outer loop
vertex 736.715637 -93.689598 2400.000000
vertex 748.520081 -31.394098 2800.000000
vertex 736.715637 -93.689529 2800.000000
endloop
endfacet
facet normal -0.126157 -0.992010 0.000000
outer loop
vertex -186.516891 -484.291260 2400.000000
vertex -93.999367 -496.057007 2400.000000
vertex -93.999367 -496.056946 2800.000000
endloop
endfacet
facet normal -0.126157 -0.992010 0.000000
outer loop
vertex -186.516891 -484.291260 2400.000000
vertex -93.999367 -496.056946 2800.000000
vertex -186.516891 -484.291199 2800.000000
endloop
endfacet
facet normal -0.933183 0.359402 -0.000000
outer loop
vertex -713.292419 154.508820 2400.000000
vertex -736.715454 93.690948 2400.000000
vertex -736.715454 93.691017 2800.000000
endloop
endfacet
facet normal -0.933184 0.359400 -0.000000
outer loop
vertex -713.292419 154.508820 2400.000000
vertex -736.715454 93.691017 2800.000000
vertex -713.292419 154.508881 2800.000000
endloop
endfacet
facet normal 1.000000 0.000000 -0.000000
outer loop
vertex 748.520081 -31.394163 2400.000000
vertex 748.520020 31.396387 2400.000000
vertex 748.520020 31.396452 2800.000000
endloop
endfacet
facet normal 1.000000 0.000002 -0.000000
outer loop
vertex 748.520081 -31.394163 2400.000000
vertex 748.520020 31.396452 2800.000000
vertex 748.520081 -31.394098 2800.000000
endloop
endfacet
facet normal -0.041906 -0.999122 0.000000
outer loop
vertex -93.999367 -496.057007 2400.000000
vertex 0.000602 -499.999603 2400.000000
vertex 0.000602 -499.999542 2800.000000
endloop
endfacet
facet normal -0.041906 -0.999122 0.000000
outer loop
vertex -93.999367 -496.057007 2400.000000
vertex 0.000602 -499.999542 2800.000000
vertex -93.999367 -496.056946 2800.000000
endloop
endfacet
facet normal -0.982516 0.186180 -0.000000
outer loop
vertex -736.715454 93.690948 2400.000000
vertex -748.520081 31.395525 2400.000000
vertex -748.520081 31.395590 2800.000000
endloop
endfacet
facet normal -0.982515 0.186182 -0.000000
outer loop
vertex -736.715454 93.690948 2400.000000
vertex -748.520081 31.395590 2800.000000
vertex -736.715454 93.691017 2800.000000
endloop
endfacet
facet normal 0.982515 0.186184 -0.000000
outer loop
vertex 748.520020 31.396387 2400.000000
vertex 736.715271 93.691795 2400.000000
vertex 736.715271 93.691864 2800.000000
endloop
endfacet
facet normal 0.982515 0.186182 -0.000000
outer loop
vertex 748.520020 31.396387 2400.000000
vertex 736.715271 93.691864 2800.000000
vertex 748.520020 31.396452 2800.000000
endloop
endfacet
facet normal 0.041907 -0.999122 0.000000
outer loop
vertex 0.000602 -499.999603 2400.000000
vertex 94.000565 -496.056915 2400.000000
vertex 94.000565 -496.056854 2800.000000
endloop
endfacet
facet normal 0.041907 -0.999122 0.000000
outer loop
vertex 0.000602 -499.999603 2400.000000
vertex 94.000565 -496.056854 2800.000000
vertex 0.000602 -499.999542 2800.000000
endloop
endfacet
facet normal -1.000000 0.000000 0.000000
outer loop
vertex -748.520081 31.395525 2400.000000
vertex -748.520081 -31.395021 2400.000000
vertex -748.520081 -31.394957 2800.000000
endloop
endfacet
facet normal -1.000000 0.000000 0.000000
outer loop
vertex -748.520081 31.395525 2400.000000
vertex -748.520081 -31.394957 2800.000000
vertex -748.520081 31.395590 2800.000000
endloop
endfacet
facet normal 0.933182 0.359404 -0.000000
outer loop
vertex 736.715271 93.691795 2400.000000
vertex 713.291992 154.509644 2400.000000
vertex 713.291992 154.509705 2800.000000
endloop
endfacet
facet normal 0.933183 0.359402 -0.000000
outer loop
vertex 736.715271 93.691795 2400.000000
vertex 713.291992 154.509705 2800.000000
vertex 736.715271 93.691864 2800.000000
endloop
endfacet
facet normal 0.126158 -0.992010 0.000000
outer loop
vertex 94.000565 -496.056915 2400.000000
vertex 186.518082 -484.291046 2400.000000
vertex 186.518082 -484.290985 2800.000000
endloop
endfacet
facet normal 0.126158 -0.992010 0.000000
outer loop
vertex 94.000565 -496.056915 2400.000000
vertex 186.518082 -484.290985 2800.000000
vertex 94.000565 -496.056854 2800.000000
endloop
endfacet
facet normal -0.982515 -0.186182 0.000000
outer loop
vertex -748.520081 -31.395021 2400.000000
vertex -736.715393 -93.690445 2400.000000
vertex -736.715393 -93.690376 2800.000000
endloop
endfacet
facet normal -0.982515 -0.186182 0.000000
outer loop
vertex -748.520081 -31.395021 2400.000000
vertex -736.715393 -93.690376 2800.000000
vertex -748.520081 -31.394957 2800.000000
endloop
endfacet
facet normal 0.859801 0.510630 -0.000000
outer loop
vertex 713.291992 154.509644 2400.000000
vertex 678.619751 212.890778 2400.000000
vertex 678.619751 212.890839 2800.000000
endloop
endfacet
facet normal 0.859799 0.510632 -0.000000
outer loop
vertex 713.291992 154.509644 2400.000000
vertex 678.619751 212.890839 2800.000000
vertex 713.291992 154.509705 2800.000000
endloop
endfacet
facet normal -0.041906 0.999122 -0.000000
outer loop
vertex 0.000000 500.000397 2400.000000
vertex -93.999931 496.057770 2400.000000
vertex -93.999931 496.057831 2800.000000
endloop
endfacet
facet normal -0.041906 0.999122 -0.000000
outer loop
vertex 0.000000 500.000397 2400.000000
vertex -93.999931 496.057831 2800.000000
vertex 0.000000 500.000458 2800.000000
endloop
endfacet
facet normal 0.211704 -0.977334 0.000000
outer loop
vertex 186.518082 -484.291046 2400.000000
vertex 276.094086 -464.887665 2400.000000
vertex 276.094086 -464.887604 2800.000000
endloop
endfacet
facet normal 0.211704 -0.977334 0.000000
outer loop
vertex 186.518082 -484.291046 2400.000000
vertex 276.094086 -464.887604 2800.000000
vertex 186.518082 -484.290985 2800.000000
endloop
endfacet
facet normal -0.933183 -0.359402 0.000000
outer loop
vertex -736.715393 -93.690445 2400.000000
vertex -713.292297 -154.508301 2400.000000
vertex -713.292297 -154.508240 2800.000000
endloop
endfacet
facet normal -0.933183 -0.359402 0.000000
outer loop
vertex -736.715393 -93.690445 2400.000000
vertex -713.292297 -154.508240 2800.000000
vertex -736.715393 -93.690376 2800.000000
endloop
endfacet
facet normal 0.771512 0.636214 -0.000000
outer loop
vertex 678.619751 212.890778 2400.000000
vertex 633.245300 267.914490 2400.000000
vertex 633.245300 267.914551 2800.000000
endloop
endfacet
facet normal 0.771511 0.636216 -0.000000
outer loop
vertex 678.619751 212.890778 2400.000000
vertex 633.245300 267.914551 2800.000000
vertex 678.619751 212.890839 2800.000000
endloop
endfacet
facet normal -0.126157 0.992010 -0.000000
outer loop
vertex -93.999931 496.057770 2400.000000
vertex -186.517441 484.291992 2400.000000
vertex -186.517441 484.292053 2800.000000
endloop
endfacet
facet normal -0.126157 0.992010 0.000000
outer loop
vertex -93.999931 496.057770 2400.000000
vertex -186.517441 484.292053 2800.000000
vertex -93.999931 496.057831 2800.000000
endloop
endfacet
facet normal 0.299327 -0.954151 0.000000
outer loop
vertex 276.094086 -464.887665 2400.000000
vertex 361.315948 -438.152679 2400.000000
vertex 361.315948 -438.152618 2800.000000
endloop
endfacet
facet normal 0.299327 -0.954151 0.000000
outer loop
vertex 276.094086 -464.887665 2400.000000
vertex 361.315948 -438.152618 2800.000000
vertex 276.094086 -464.887604 2800.000000
endloop
endfacet
facet normal -0.859800 -0.510630 0.000000
outer loop
vertex -713.292297 -154.508301 2400.000000
vertex -678.620178 -212.889420 2400.000000
vertex -678.620178 -212.889359 2800.000000
endloop
endfacet
facet normal -0.859801 -0.510629 0.000000
outer loop
vertex -713.292297 -154.508301 2400.000000
vertex -678.620178 -212.889359 2800.000000
vertex -713.292297 -154.508240 2800.000000
endloop
endfacet
facet normal 0.676093 0.736817 -0.000000
outer loop
vertex 633.245300 267.914490 2400.000000
vertex 577.884094 318.713074 2400.000000
vertex 577.884094 318.713135 2800.000000
endloop
endfacet
facet normal 0.676091 0.736818 -0.000000
outer loop
vertex 633.245300 267.914490 2400.000000
vertex 577.884094 318.713135 2800.000000
vertex 633.245300 267.914551 2800.000000
endloop
endfacet
facet normal -0.211704 0.977334 0.000000
outer loop
vertex -186.517441 484.291992 2400.000000
vertex -276.093445 464.888641 2400.000000
vertex -276.093445 464.888702 2800.000000
endloop
endfacet
facet normal -0.211703 0.977334 -0.000000
outer loop
vertex -186.517441 484.291992 2400.000000
vertex -276.093445 464.888702 2800.000000
vertex -186.517441 484.292053 2800.000000
endloop
endfacet
facet normal 0.389643 -0.920966 0.000000
outer loop
vertex 361.315948 -438.152679 2400.000000
vertex 440.839600 -404.507751 2400.000000
vertex 440.839600 -404.507690 2800.000000
endloop
endfacet
facet normal 0.389643 -0.920966 0.000000
outer loop
vertex 361.315948 -438.152679 2400.000000
vertex 440.839600 -404.507690 2800.000000
vertex 361.315948 -438.152618 2800.000000
endloop
endfacet
facet normal -0.771512 -0.636215 0.000000
outer loop
vertex -678.620178 -212.889420 2400.000000
vertex -633.245789 -267.913147 2400.000000
vertex -633.245789 -267.913086 2800.000000
endloop
endfacet
facet normal -0.771512 -0.636214 0.000000
outer loop
vertex -678.620178 -212.889420 2400.000000
vertex -633.245789 -267.913086 2800.000000
vertex -678.620178 -212.889359 2800.000000
endloop
endfacet
facet normal 0.578882 0.815411 -0.000000
outer loop
vertex 577.884094 318.713074 2400.000000
vertex 513.409363 364.485321 2400.000000
vertex 513.409363 364.485382 2800.000000
endloop
endfacet
facet normal 0.578881 0.815412 0.000000
outer loop
vertex 577.884094 318.713074 2400.000000
vertex 513.409363 364.485382 2800.000000
vertex 577.884094 318.713135 2800.000000
endloop
endfacet
facet normal -0.299326 0.954151 -0.000000
outer loop
vertex -276.093445 464.888641 2400.000000
vertex -361.315308 438.153717 2400.000000
vertex -361.315308 438.153778 2800.000000
endloop
endfacet
facet normal -0.299327 0.954151 0.000000
outer loop
vertex -276.093445 464.888641 2400.000000
vertex -361.315308 438.153778 2800.000000
vertex -276.093445 464.888702 2800.000000
endloop
endfacet
facet normal 0.482937 -0.875655 0.000000
outer loop
vertex 440.839600 -404.507751 2400.000000
vertex 513.410950 -364.483521 2400.000000
vertex 513.410950 -364.483459 2800.000000
endloop
endfacet
facet normal 0.482937 -0.875655 0.000000
outer loop
vertex 440.839600 -404.507751 2400.000000
vertex 513.410950 -364.483459 2800.000000
vertex 440.839600 -404.507690 2800.000000
endloop
endfacet
facet normal -0.982516 0.186179 -0.000000
outer loop
vertex -736.715454 93.691017 2800.000000
vertex -748.520081 31.395590 2800.000000
vertex -748.520081 31.395655 3200.000000
endloop
endfacet
facet normal -0.982515 0.186182 -0.000000
outer loop
vertex -736.715454 93.691017 2800.000000
vertex -748.520081 31.395655 3200.000000
vertex -736.715454 93.691078 3200.000000
endloop
endfacet
facet normal 0.982515 0.186185 -0.000000
outer loop
vertex 748.520020 31.396452 2800.000000
vertex 736.715271 93.691864 2800.000000
vertex 736.715271 93.691925 3200.000000
endloop
endfacet
facet normal 0.982515 0.186182 -0.000000
outer loop
vertex 748.520020 31.396452 2800.000000
vertex 736.715271 93.691925 3200.000000
vertex 748.520020 31.396517 3200.000000
endloop
endfacet
facet normal 0.041907 -0.999122 0.000000
outer loop
vertex 0.000602 -499.999542 2800.000000
vertex 94.000565 -496.056854 2800.000000
vertex 94.000565 -496.056793 3200.000000
endloop
endfacet
facet normal 0.041907 -0.999122 0.000000
outer loop
vertex 0.000602 -499.999542 2800.000000
vertex 94.000565 -496.056793 3200.000000
vertex 0.000602 -499.999481 3200.000000
endloop
endfacet
facet normal -1.000000 0.000000 0.000000
outer loop
vertex -748.520081 31.395590 2800.000000
vertex -748.520081 -31.394957 2800.000000
vertex -748.520081 -31.394892 3200.000000
endloop
endfacet
facet normal -1.000000 0.000000 0.000000
outer loop
vertex -748.520081 31.395590 2800.000000
vertex -748.520081 -31.394892 3200.000000
vertex -748.520081 31.395655 3200.000000
endloop
endfacet
facet normal 0.933182 0.359404 -0.000000
outer loop
vertex 736.715271 93.691864 2800.000000
vertex 713.291992 154.509705 2800.000000
vertex 713.291992 154.509766 3200.000000
endloop
endfacet
facet normal 0.933183 0.359402 -0.000000
outer loop
vertex 736.715271 93.691864 2800.000000
vertex 713.291992 154.509766 3200.000000
vertex 736.715271 93.691925 3200.000000
endloop
endfacet
facet normal 0.126158 -0.992010 0.000000
outer loop
vertex 94.000565 -496.056854 2800.000000
vertex 186.518082 -484.290985 2800.000000
vertex 186.518082 -484.290924 3200.000000
endloop
endfacet
facet normal 0.126159 -0.992010 0.000000
outer loop
vertex 94.000565 -496.056854 2800.000000
vertex 186.518082 -484.290924 3200.000000
vertex 94.000565 -496.056793 3200.000000
endloop
endfacet
facet normal -0.982515 -0.186182 0.000000
outer loop
vertex -748.520081 -31.394957 2800.000000
vertex -736.715393 -93.690376 2800.000000
vertex -736.715393 -93.690315 3200.000000
endloop
endfacet
facet normal -0.982515 -0.186182 0.000000
outer loop
vertex -748.520081 -31.394957 2800.000000
vertex -736.715393 -93.690315 3200.000000
vertex -748.520081 -31.394892 3200.000000
endloop
endfacet
facet normal 0.859800 0.510630 -0.000000
outer loop
vertex 713.291992 154.509705 2800.000000
vertex 678.619751 212.890839 2800.000000
vertex 678.619751 212.890900 3200.000000
endloop
endfacet
facet normal 0.859800 0.510632 -0.000000
outer loop
vertex 713.291992 154.509705 2800.000000
vertex 678.619751 212.890900 3200.000000
vertex 713.291992 154.509766 3200.000000
endloop
endfacet
facet normal -0.041906 0.999122 0.000000
outer loop
vertex 0.000000 500.000458 2800.000000
vertex -93.999931 496.057831 2800.000000
vertex -93.999931 496.057892 3200.000000
endloop
endfacet
facet normal -0.041906 0.999122 -0.000000
outer loop
vertex 0.000000 500.000458 2800.000000
vertex -93.999931 496.057892 3200.000000
vertex 0.000000 500.000519 3200.000000
endloop
endfacet
facet normal 0.211704 -0.977334 0.000000
outer loop
vertex 186.518082 -484.290985 2800.000000
vertex 276.094086 -464.887604 2800.000000
vertex 276.094086 -464.887543 3200.000000
endloop
endfacet
facet normal 0.211704 -0.977334 0.000000
outer loop
vertex 186.518082 -484.290985 2800.000000
vertex 276.094086 -464.887543 3200.000000
vertex 186.518082 -484.290924 3200.000000
endloop
endfacet
facet normal -0.933183 -0.359402 0.000000
outer loop
vertex -736.715393 -93.690376 2800.000000
vertex -713.292297 -154.508240 2800.000000
vertex -713.292297 -154.508179 3200.000000
endloop
endfacet
facet normal -0.933183 -0.359402 0.000000
outer loop
vertex -736.715393 -93.690376 2800.000000
vertex -713.292297 -154.508179 3200.000000
vertex -736.715393 -93.690315 3200.000000
endloop
endfacet
facet normal 0.771512 0.636215 -0.000000
outer loop
vertex 678.619751 212.890839 2800.000000
vertex 633.245300 267.914551 2800.000000
vertex 633.245300 267.914612 3200.000000
endloop
endfacet
facet normal 0.771511 0.636216 -0.000000
outer loop
vertex 678.619751 212.890839 2800.000000
vertex 633.245300 267.914612 3200.000000
vertex 678.619751 212.890900 3200.000000
endloop
endfacet
facet normal -0.126157 0.992010 -0.000000
outer loop
vertex -93.999931 496.057831 2800.000000
vertex -186.517441 484.292053 2800.000000
vertex -186.517441 484.292114 3200.000000
endloop
endfacet
facet normal -0.126157 0.992010 0.000000
outer loop
vertex -93.999931 496.057831 2800.000000
vertex -186.517441 484.292114 3200.000000
vertex -93.999931 496.057892 3200.000000
endloop
endfacet
facet normal 0.299327 -0.954151 0.000000
outer loop
vertex 276.094086 -464.887604 2800.000000
vertex 361.315948 -438.152618 2800.000000
vertex 361.315948 -438.152557 3200.000000
endloop
endfacet
facet normal 0.299327 -0.954151 0.000000
outer loop
vertex 276.094086 -464.887604 2800.000000
vertex 361.315948 -438.152557 3200.000000
vertex 276.094086 -464.887543 3200.000000
endloop
endfacet
facet normal -0.859801 -0.510630 0.000000
outer loop
vertex -713.292297 -154.508240 2800.000000
vertex -678.620178 -212.889359 2800.000000
vertex -678.620178 -212.889297 3200.000000
endloop
endfacet
facet normal -0.859801 -0.510629 0.000000
outer loop
vertex -713.292297 -154.508240 2800.000000
vertex -678.620178 -212.889297 3200.000000
vertex -713.292297 -154.508179 3200.000000
endloop
endfacet
facet normal 0.676093 0.736817 -0.000000
outer loop
vertex 633.245300 267.914551 2800.000000
vertex 577.884094 318.713135 2800.000000
vertex 577.884094 318.713196 3200.000000
endloop
endfacet
facet normal 0.676092 0.736817 -0.000000
outer loop
vertex 633.245300 267.914551 2800.000000
vertex 577.884094 318.713196 3200.000000
vertex 633.245300 267.914612 3200.000000
endloop
endfacet
facet normal -0.211704 0.977334 0.000000
outer loop
vertex -186.517441 484.292053 2800.000000
vertex -276.093445 464.888702 2800.000000
vertex -276.093445 464.888763 3200.000000
endloop
endfacet
facet normal -0.211703 0.977334 -0.000000
outer loop
vertex -186.517441 484.292053 2800.000000
vertex -276.093445 464.888763 3200.000000
vertex -186.517441 484.292114 3200.000000
endloop
endfacet
facet normal 0.389643 -0.920966 0.000000
outer loop
vertex 361.315948 -438.152618 2800.000000
vertex 440.839600 -404.507690 2800.000000
vertex 440.839600 -404.507629 3200.000000
endloop
endfacet
facet normal 0.389642 -0.920966 0.000000
outer loop
vertex 361.315948 -438.152618 2800.000000
vertex 440.839600 -404.507629 3200.000000
vertex 361.315948 -438.152557 3200.000000
endloop
endfacet
facet normal -0.771512 -0.636214 0.000000
outer loop
vertex -678.620178 -212.889359 2800.000000
vertex -633.245789 -267.913086 2800.000000
vertex -633.245789 -267.913025 3200.000000
endloop
endfacet
facet normal -0.771512 -0.636215 0.000000
outer loop
vertex -678.620178 -212.889359 2800.000000
vertex -633.245789 -267.913025 3200.000000
vertex -678.620178 -212.889297 3200.000000
endloop
endfacet
facet normal 0.578882 0.815412 -0.000000
outer loop
vertex 577.884094 318.713135 2800.000000
vertex 513.409363 364.485382 2800.000000
vertex 513.409363 364.485443 3200.000000
endloop
endfacet
facet normal 0.578881 0.815412 0.000000
outer loop
vertex 577.884094 318.713135 2800.000000
vertex 513.409363 364.485443 3200.000000
vertex 577.884094 318.713196 3200.000000
endloop
endfacet
facet normal -0.299326 0.954151 -0.000000
outer loop
vertex -276.093445 464.888702 2800.000000
vertex -361.315308 438.153778 2800.000000
vertex -361.315308 438.153839 3200.000000
endloop
endfacet
facet normal -0.299326 0.954151 -0.000000
outer loop
vertex -276.093445 464.888702 2800.000000
vertex -361.315308 438.153839 3200.000000
vertex -276.093445 464.888763 3200.000000
endloop
endfacet
facet normal 0.482938 -0.875655 0.000000
outer loop
vertex 440.839600 -404.507690 2800.000000
vertex 513.410950 -364.483459 2800.000000
vertex 513.410950 -364.483398 3200.000000
endloop
endfacet
facet normal 0.482937 -0.875655 0.000000
outer loop
vertex 440.839600 -404.507690 2800.000000
vertex 513.410950 -364.483398 3200.000000
vertex 440.839600 -404.507629 3200.000000
endloop
endfacet
facet normal -0.676093 -0.736816 0.000000
outer loop
vertex -633.245789 -267.913086 2800.000000
vertex -577.884705 -318.711731 2800.000000
vertex -577.884705 -318.711670 3200.000000
endloop
endfacet
facet normal -0.676093 -0.736816 0.000000
outer loop
vertex -633.245789 -267.913086 2800.000000
vertex -577.884705 -318.711670 3200.000000
vertex -633.245789 -267.913025 3200.000000
endloop
endfacet
facet normal 0.482935 0.875656 -0.000000
outer loop
vertex 513.409363 364.485382 2800.000000
vertex 440.837830 404.509491 2800.000000
vertex 440.837830 404.509552 3200.000000
endloop
endfacet
facet normal 0.482935 0.875656 -0.000000
outer loop
vertex 513.409363 364.485382 2800.000000
vertex 440.837830 404.509552 3200.000000
vertex 513.409363 364.485443 3200.000000
endloop
endfacet
facet normal -0.389642 0.920966 0.000000
outer loop
vertex -361.315308 438.153778 2800.000000
vertex -440.838928 404.508942 2800.000000
vertex -440.838928 404.509003 3200.000000
endloop
endfacet
facet normal -0.389642 0.920966 -0.000000
outer loop
vertex -361.315308 438.153778 2800.000000
vertex -440.838928 404.509003 3200.000000
vertex -361.315308 438.153839 3200.000000
endloop
endfacet
facet normal 0.578883 -0.815410 0.000000
outer loop
vertex 513.410950 -364.483459 2800.000000
vertex 577.885498 -318.711090 2800.000000
vertex 577.885498 -318.711029 3200.000000
endloop
endfacet
facet normal 0.578883 -0.815410 0.000000
outer loop
vertex 513.410950 -364.483459 2800.000000
vertex 577.885498 -318.711029 3200.000000
vertex 513.410950 -364.483398 3200.000000
endloop
endfacet
facet normal -0.578882 -0.815411 0.000000
outer loop
vertex -577.884705 -318.711731 2800.000000
vertex -513.410095 -364.484039 2800.000000
vertex -513.410095 -364.483978 3200.000000
endloop
endfacet
facet normal -0.578883 -0.815411 0.000000
outer loop
vertex -577.884705 -318.711731 2800.000000
vertex -513.410095 -364.483978 3200.000000
vertex -577.884705 -318.711670 3200.000000
endloop
endfacet
facet normal 0.389640 0.920967 -0.000000
outer loop
vertex 440.837830 404.509491 2800.000000
vertex 361.314026 438.154236 2800.000000
vertex 361.314026 438.154297 3200.000000
endloop
endfacet
facet normal 0.389641 0.920967 0.000000
outer loop
vertex 440.837830 404.509491 2800.000000
vertex 361.314026 438.154297 3200.000000
vertex 440.837830 404.509552 3200.000000
endloop
endfacet
facet normal -0.482937 0.875655 -0.000000
outer loop
vertex -440.838928 404.508942 2800.000000
vertex -513.410339 364.484772 2800.000000
vertex -513.410339 364.484833 3200.000000
endloop
endfacet
facet normal -0.482937 0.875655 -0.000000
outer loop
vertex -440.838928 404.508942 2800.000000
vertex -513.410339 364.484833 3200.000000
vertex -440.838928 404.509003 3200.000000
endloop
endfacet
facet normal 0.676095 -0.736815 0.000000
outer loop
vertex 577.885498 -318.711090 2800.000000
vertex 633.246460 -267.912445 2800.000000
vertex 633.246460 -267.912384 3200.000000
endloop
endfacet
facet normal 0.676094 -0.736815 0.000000
outer loop
vertex 577.885498 -318.711090 2800.000000
vertex 633.246460 -267.912384 3200.000000
vertex 577.885498 -318.711029 3200.000000
endloop
endfacet
facet normal -0.482936 -0.875656 0.000000
outer loop
vertex -513.410095 -364.484039 2800.000000
vertex -440.838623 -404.508179 2800.000000
vertex -440.838623 -404.508118 3200.000000
endloop
endfacet
facet normal -0.482937 -0.875655 0.000000
outer loop
vertex -513.410095 -364.484039 2800.000000
vertex -440.838623 -404.508118 3200.000000
vertex -513.410095 -364.483978 3200.000000
endloop
endfacet
facet normal 0.299325 0.954151 0.000000
outer loop
vertex 361.314026 438.154236 2800.000000
vertex 276.092072 464.889069 2800.000000
vertex 276.092072 464.889130 3200.000000
endloop
endfacet
facet normal 0.299325 0.954151 -0.000000
outer loop
vertex 361.314026 438.154236 2800.000000
vertex 276.092072 464.889130 3200.000000
vertex 361.314026 438.154297 3200.000000
endloop
endfacet
facet normal -0.578882 0.815411 0.000000
outer loop
vertex -513.410339 364.484772 2800.000000
vertex -577.884949 318.712463 2800.000000
vertex -577.884949 318.712524 3200.000000
endloop
endfacet
facet normal -0.578883 0.815411 -0.000000
outer loop
vertex -513.410339 364.484772 2800.000000
vertex -577.884949 318.712524 3200.000000
vertex -513.410339 364.484833 3200.000000
endloop
endfacet
facet normal 0.771514 -0.636212 0.000000
outer loop
vertex 633.246460 -267.912445 2800.000000
vertex 678.620667 -212.888611 2800.000000
vertex 678.620667 -212.888550 3200.000000
endloop
endfacet
facet normal 0.771513 -0.636213 0.000000
outer loop
vertex 633.246460 -267.912445 2800.000000
vertex 678.620667 -212.888550 3200.000000
vertex 633.246460 -267.912384 3200.000000
endloop
endfacet
facet normal -0.389642 -0.920967 0.000000
outer loop
vertex -440.838623 -404.508179 2800.000000
vertex -361.314880 -438.152985 2800.000000
vertex -361.314880 -438.152924 3200.000000
endloop
endfacet
facet normal -0.389641 -0.920967 0.000000
outer loop
vertex -440.838623 -404.508179 2800.000000
vertex -361.314880 -438.152924 3200.000000
vertex -440.838623 -404.508118 3200.000000
endloop
endfacet
facet normal 0.211702 0.977334 0.000000
outer loop
vertex 276.092072 464.889069 2800.000000
vertex 186.515976 484.292297 2800.000000
vertex 186.515976 484.292358 3200.000000
endloop
endfacet
facet normal 0.211702 0.977334 -0.000000
outer loop
vertex 276.092072 464.889069 2800.000000
vertex 186.515976 484.292358 3200.000000
vertex 276.092072 464.889130 3200.000000
endloop
endfacet
facet normal -0.676093 0.736816 -0.000000
outer loop
vertex -577.884949 318.712463 2800.000000
vertex -633.245972 267.913818 2800.000000
vertex -633.245972 267.913879 3200.000000
endloop
endfacet
facet normal -0.676094 0.736815 -0.000000
outer loop
vertex -577.884949 318.712463 2800.000000
vertex -633.245972 267.913879 3200.000000
vertex -577.884949 318.712524 3200.000000
endloop
endfacet
facet normal 0.859802 -0.510628 0.000000
outer loop
vertex 678.620667 -212.888611 2800.000000
vertex 713.292664 -154.507416 2800.000000
vertex 713.292664 -154.507355 3200.000000
endloop
endfacet
facet normal 0.859803 -0.510626 0.000000
outer loop
vertex 678.620667 -212.888611 2800.000000
vertex 713.292664 -154.507355 3200.000000
vertex 678.620667 -212.888550 3200.000000
endloop
endfacet
facet normal -0.299326 -0.954151 0.000000
outer loop
vertex -361.314880 -438.152985 2800.000000
vertex -276.092957 -464.887909 2800.000000
vertex -276.092957 -464.887848 3200.000000
endloop
endfacet
facet normal -0.299326 -0.954151 0.000000
outer loop
vertex -361.314880 -438.152985 2800.000000
vertex -276.092957 -464.887848 3200.000000
vertex -361.314880 -438.152924 3200.000000
endloop
endfacet
facet normal 0.126156 0.992010 0.000000
outer loop
vertex 186.515976 484.292297 2800.000000
vertex 93.998421 496.057922 2800.000000
vertex 93.998421 496.057983 3200.000000
endloop
endfacet
facet normal 0.126156 0.992010 -0.000000
outer loop
vertex 186.515976 484.292297 2800.000000
vertex 93.998421 496.057983 3200.000000
vertex 186.515976 484.292358 3200.000000
endloop
endfacet
facet normal -0.771513 0.636214 -0.000000
outer loop
vertex -633.245972 267.913818 2800.000000
vertex -678.620361 212.890060 2800.000000
vertex -678.620361 212.890121 3200.000000
endloop
endfacet
facet normal -0.771512 0.636215 -0.000000
outer loop
vertex -633.245972 267.913818 2800.000000
vertex -678.620361 212.890121 3200.000000
vertex -633.245972 267.913879 3200.000000
endloop
endfacet
facet normal 0.933184 -0.359400 0.000000
outer loop
vertex 713.292664 -154.507416 2800.000000
vertex 736.715637 -93.689529 2800.000000
vertex 736.715637 -93.689468 3200.000000
endloop
endfacet
facet normal 0.933184 -0.359400 0.000000
outer loop
vertex 713.292664 -154.507416 2800.000000
vertex 736.715637 -93.689468 3200.000000
vertex 713.292664 -154.507355 3200.000000
endloop
endfacet
facet normal -0.211703 -0.977334 0.000000
outer loop
vertex -276.092957 -464.887909 2800.000000
vertex -186.516891 -484.291199 2800.000000
vertex -186.516891 -484.291138 3200.000000
endloop
endfacet
facet normal -0.211703 -0.977334 0.000000
outer loop
vertex -276.092957 -464.887909 2800.000000
vertex -186.516891 -484.291138 3200.000000
vertex -276.092957 -464.887848 3200.000000
endloop
endfacet
facet normal 0.041906 0.999122 -0.000000
outer loop
vertex 93.998421 496.057922 2800.000000
vertex 0.000000 500.000458 2800.000000
vertex 0.000000 500.000519 3200.000000
endloop
endfacet
facet normal 0.041906 0.999122 0.000000
outer loop
vertex 93.998421 496.057922 2800.000000
vertex 0.000000 500.000519 3200.000000
vertex 93.998421 496.057983 3200.000000
endloop
endfacet
facet normal -0.859802 0.510628 -0.000000
outer loop
vertex -678.620361 212.890060 2800.000000
vertex -713.292419 154.508881 2800.000000
vertex -713.292419 154.508942 3200.000000
endloop
endfacet
facet normal -0.859802 0.510628 -0.000000
outer loop
vertex -678.620361 212.890060 2800.000000
vertex -713.292419 154.508942 3200.000000
vertex -678.620361 212.890121 3200.000000
endloop
endfacet
facet normal 0.982516 -0.186177 0.000000
outer loop
vertex 736.715637 -93.689529 2800.000000
vertex 748.520081 -31.394098 2800.000000
vertex 748.520081 -31.394033 3200.000000
endloop
endfacet
facet normal 0.982516 -0.186179 0.000000
outer loop
vertex 736.715637 -93.689529 2800.000000
vertex 748.520081 -31.394033 3200.000000
vertex 736.715637 -93.689468 3200.000000
endloop
endfacet
facet normal -0.126157 -0.992010 0.000000
outer loop
vertex -186.516891 -484.291199 2800.000000
vertex -93.999367 -496.056946 2800.000000
vertex -93.999367 -496.056885 3200.000000
endloop
endfacet
facet normal -0.126157 -0.992010 0.000000
outer loop
vertex -186.516891 -484.291199 2800.000000
vertex -93.999367 -496.056885 3200.000000
vertex -186.516891 -484.291138 3200.000000
endloop
endfacet
facet normal -0.933183 0.359402 -0.000000
outer loop
vertex -713.292419 154.508881 2800.000000
vertex -736.715454 93.691017 2800.000000
vertex -736.715454 93.691078 3200.000000
endloop
endfacet
facet normal -0.933183 0.359400 -0.000000
outer loop
vertex -713.292419 154.508881 2800.000000
vertex -736.715454 93.691078 3200.000000
vertex -713.292419 154.508942 3200.000000
endloop
endfacet
facet normal 1.000000 0.000000 -0.000000
outer loop
vertex 748.520081 -31.394098 2800.000000
vertex 748.520020 31.396452 2800.000000
vertex 748.520020 31.396517 3200.000000
endloop
endfacet
facet normal 1.000000 0.000002 -0.000000
outer loop
vertex 748.520081 -31.394098 2800.000000
vertex 748.520020 31.396517 3200.000000
vertex 748.520081 -31.394033 3200.000000
endloop
endfacet
facet normal -0.041906 -0.999122 0.000000
outer loop
vertex -93.999367 -496.056946 2800.000000
vertex 0.000602 -499.999542 2800.000000
vertex 0.000602 -499.999481 3200.000000
endloop
endfacet
facet normal -0.041906 -0.999122 0.000000
outer loop
vertex -93.999367 -496.056946 2800.000000
vertex 0.000602 -499.999481 3200.000000
vertex -93.999367 -496.056885 3200.000000
endloop
endfacet
endsolid building_002
