solid building_031
facet normal -0.987689 0.156432 -0.000000
outer loop
vertex -733.610718 155.933746 -0.000025
vertex -745.891418 78.396309 -0.000013
vertex -745.891418 78.396355 300.000000
endloop
endfacet
facet normal -0.987688 0.156435 -0.000000
outer loop
vertex -733.610718 155.933746 -0.000025
vertex -745.891418 78.396355 300.000000
vertex -733.610718 155.933792 299.999969
endloop
endfacet
facet normal 0.629323 0.777144 -0.000000
outer loop
vertex 501.850067 557.356750 -0.000091
vertex 440.841309 606.761047 -0.000099
vertex 440.841309 606.761108 299.999908
endloop
endfacet
facet normal 0.629324 0.777143 0.000000
outer loop
vertex 501.850067 557.356750 -0.000091
vertex 440.841309 606.761108 299.999908
vertex 501.850067 557.356812 299.999908
endloop
endfacet
facet normal 0.838670 -0.544640 0.000000
outer loop
vertex 606.761841 -440.840210 0.000072
vertex 649.518127 -375.001465 0.000061
vertex 649.518127 -375.001404 300.000061
endloop
endfacet
facet normal 0.838670 -0.544641 0.000000
outer loop
vertex 606.761841 -440.840210 0.000072
vertex 649.518127 -375.001404 300.000061
vertex 606.761841 -440.840149 300.000061
endloop
endfacet
facet normal 0.707109 0.707104 -0.000000
outer loop
vertex 557.360474 501.845917 -0.000082
vertex 501.850067 557.356750 -0.000091
vertex 501.850067 557.356812 299.999908
endloop
endfacet
facet normal 0.707109 0.707104 0.000000
outer loop
vertex 557.360474 501.845917 -0.000082
vertex 501.850067 557.356812 299.999908
vertex 557.360474 501.845978 299.999908
endloop
endfacet
facet normal -0.052336 0.998629 -0.000000
outer loop
vertex 0.000000 750.000000 -0.000122
vertex -78.396347 745.891418 -0.000122
vertex -78.396347 745.891479 299.999878
endloop
endfacet
facet normal -0.052336 0.998629 -0.000000
outer loop
vertex 0.000000 750.000000 -0.000122
vertex -78.396347 745.891479 299.999878
vertex 0.000000 750.000061 299.999878
endloop
endfacet
facet normal -0.965925 0.258821 -0.000000
outer loop
vertex -713.292419 231.762726 -0.000038
vertex -733.610718 155.933746 -0.000025
vertex -733.610718 155.933792 299.999969
endloop
endfacet
facet normal -0.965926 0.258819 -0.000000
outer loop
vertex -713.292419 231.762726 -0.000038
vertex -733.610718 155.933792 299.999969
vertex -713.292419 231.762772 299.999969
endloop
endfacet
facet normal -0.453991 -0.891006 0.000000
outer loop
vertex -375.000366 -649.518860 0.000106
vertex -305.052917 -685.158936 0.000112
vertex -305.052917 -685.158875 300.000122
endloop
endfacet
facet normal -0.453991 -0.891006 0.000000
outer loop
vertex -375.000366 -649.518860 0.000106
vertex -305.052917 -685.158875 300.000122
vertex -375.000366 -649.518799 300.000092
endloop
endfacet
facet normal 0.777144 -0.629323 0.000000
outer loop
vertex 557.357605 -501.849091 0.000082
vertex 606.761841 -440.840210 0.000072
vertex 606.761841 -440.840149 300.000061
endloop
endfacet
facet normal 0.777145 -0.629322 0.000000
outer loop
vertex 557.357605 -501.849091 0.000082
vertex 606.761841 -440.840149 300.000061
vertex 557.357605 -501.849030 300.000092
endloop
endfacet
facet normal 0.777149 0.629317 0.000000
outer loop
vertex 606.764343 440.836792 -0.000072
vertex 557.360474 501.845917 -0.000082
vertex 557.360474 501.845978 299.999908
endloop
endfacet
facet normal 0.777148 0.629317 -0.000000
outer loop
vertex 606.764343 440.836792 -0.000072
vertex 557.360474 501.845978 299.999908
vertex 606.764343 440.836853 299.999939
endloop
endfacet
facet normal -0.933581 0.358367 -0.000000
outer loop
vertex -685.159119 305.052460 -0.000050
vertex -713.292419 231.762726 -0.000038
vertex -713.292419 231.762772 299.999969
endloop
endfacet
facet normal -0.933580 0.358368 -0.000000
outer loop
vertex -685.159119 305.052460 -0.000050
vertex -713.292419 231.762772 299.999969
vertex -685.159119 305.052521 299.999939
endloop
endfacet
facet normal -0.544639 -0.838670 0.000000
outer loop
vertex -440.839233 -606.762573 0.000099
vertex -375.000366 -649.518860 0.000106
vertex -375.000366 -649.518799 300.000092
endloop
endfacet
facet normal -0.544639 -0.838670 0.000000
outer loop
vertex -440.839233 -606.762573 0.000099
vertex -375.000366 -649.518799 300.000092
vertex -440.839233 -606.762512 300.000092
endloop
endfacet
facet normal 0.707106 -0.707108 0.000000
outer loop
vertex 501.846893 -557.359619 0.000091
vertex 557.357605 -501.849091 0.000082
vertex 557.357605 -501.849030 300.000092
endloop
endfacet
facet normal 0.707105 -0.707108 0.000000
outer loop
vertex 501.846893 -557.359619 0.000091
vertex 557.357605 -501.849030 300.000092
vertex 501.846893 -557.359558 300.000092
endloop
endfacet
facet normal 0.838672 0.544636 0.000000
outer loop
vertex 649.520325 374.997772 -0.000061
vertex 606.764343 440.836792 -0.000072
vertex 606.764343 440.836853 299.999939
endloop
endfacet
facet normal 0.838673 0.544635 -0.000000
outer loop
vertex 649.520325 374.997772 -0.000061
vertex 606.764343 440.836853 299.999939
vertex 649.520325 374.997833 299.999939
endloop
endfacet
facet normal -0.891007 0.453990 -0.000000
outer loop
vertex -649.519104 374.999969 -0.000061
vertex -685.159119 305.052460 -0.000050
vertex -685.159119 305.052521 299.999939
endloop
endfacet
facet normal -0.891007 0.453990 -0.000000
outer loop
vertex -649.519104 374.999969 -0.000061
vertex -685.159119 305.052521 299.999939
vertex -649.519104 375.000031 299.999939
endloop
endfacet
facet normal -0.629321 -0.777146 0.000000
outer loop
vertex -501.848114 -557.358459 0.000091
vertex -440.839233 -606.762573 0.000099
vertex -440.839233 -606.762512 300.000092
endloop
endfacet
facet normal -0.629321 -0.777145 0.000000
outer loop
vertex -501.848114 -557.358459 0.000091
vertex -440.839233 -606.762512 300.000092
vertex -501.848114 -557.358398 300.000092
endloop
endfacet
facet normal 0.629319 -0.777147 0.000000
outer loop
vertex 440.837860 -606.763550 0.000099
vertex 501.846893 -557.359619 0.000091
vertex 501.846893 -557.359558 300.000092
endloop
endfacet
facet normal 0.629319 -0.777147 0.000000
outer loop
vertex 440.837860 -606.763550 0.000099
vertex 501.846893 -557.359558 300.000092
vertex 440.837860 -606.763489 300.000092
endloop
endfacet
facet normal 0.891008 0.453988 -0.000000
outer loop
vertex 685.160034 305.050201 -0.000050
vertex 649.520325 374.997772 -0.000061
vertex 649.520325 374.997833 299.999939
endloop
endfacet
facet normal 0.891008 0.453987 -0.000000
outer loop
vertex 685.160034 305.050201 -0.000050
vertex 649.520325 374.997833 299.999939
vertex 685.160034 305.050262 299.999939
endloop
endfacet
facet normal -0.838670 0.544639 -0.000000
outer loop
vertex -606.762756 440.838928 -0.000072
vertex -649.519104 374.999969 -0.000061
vertex -649.519104 375.000031 299.999939
endloop
endfacet
facet normal -0.838670 0.544639 0.000000
outer loop
vertex -606.762756 440.838928 -0.000072
vertex -649.519104 375.000031 299.999939
vertex -606.762756 440.838989 299.999939
endloop
endfacet
facet normal -0.707107 -0.707107 0.000000
outer loop
vertex -557.358704 -501.847900 0.000082
vertex -501.848114 -557.358459 0.000091
vertex -501.848114 -557.358398 300.000092
endloop
endfacet
facet normal -0.707106 -0.707107 0.000000
outer loop
vertex -557.358704 -501.847900 0.000082
vertex -501.848114 -557.358398 300.000092
vertex -557.358704 -501.847839 300.000092
endloop
endfacet
facet normal 0.544637 -0.838672 0.000000
outer loop
vertex 374.998901 -649.519653 0.000106
vertex 440.837860 -606.763550 0.000099
vertex 440.837860 -606.763489 300.000092
endloop
endfacet
facet normal 0.544637 -0.838672 0.000000
outer loop
vertex 374.998901 -649.519653 0.000106
vertex 440.837860 -606.763489 300.000092
vertex 374.998901 -649.519592 300.000092
endloop
endfacet
facet normal 0.933582 0.358365 -0.000000
outer loop
vertex 713.293152 231.760468 -0.000038
vertex 685.160034 305.050201 -0.000050
vertex 685.160034 305.050262 299.999939
endloop
endfacet
facet normal 0.933581 0.358367 -0.000000
outer loop
vertex 713.293152 231.760468 -0.000038
vertex 685.160034 305.050262 299.999939
vertex 713.293152 231.760513 299.999969
endloop
endfacet
facet normal -0.777146 0.629320 0.000000
outer loop
vertex -557.358643 501.847931 -0.000082
vertex -606.762756 440.838928 -0.000072
vertex -606.762756 440.838989 299.999939
endloop
endfacet
facet normal -0.777146 0.629320 -0.000000
outer loop
vertex -557.358643 501.847931 -0.000082
vertex -606.762756 440.838989 299.999939
vertex -557.358643 501.847992 299.999908
endloop
endfacet
facet normal -0.777146 -0.629321 0.000000
outer loop
vertex -606.762756 -440.838898 0.000072
vertex -557.358704 -501.847900 0.000082
vertex -557.358704 -501.847839 300.000092
endloop
endfacet
facet normal -0.777146 -0.629320 0.000000
outer loop
vertex -606.762756 -440.838898 0.000072
vertex -557.358704 -501.847839 300.000092
vertex -606.762756 -440.838837 300.000061
endloop
endfacet
facet normal 0.453989 -0.891007 0.000000
outer loop
vertex 305.051422 -685.159546 0.000112
vertex 374.998901 -649.519653 0.000106
vertex 374.998901 -649.519592 300.000092
endloop
endfacet
facet normal 0.453990 -0.891007 0.000000
outer loop
vertex 305.051422 -685.159546 0.000112
vertex 374.998901 -649.519592 300.000092
vertex 305.051422 -685.159485 300.000122
endloop
endfacet
facet normal 0.965927 0.258816 -0.000000
outer loop
vertex 733.611206 155.931503 -0.000025
vertex 713.293152 231.760468 -0.000038
vertex 713.293152 231.760513 299.999969
endloop
endfacet
facet normal 0.965926 0.258817 -0.000000
outer loop
vertex 733.611206 155.931503 -0.000025
vertex 713.293152 231.760513 299.999969
vertex 733.611206 155.931549 299.999969
endloop
endfacet
facet normal -0.707106 0.707107 0.000000
outer loop
vertex -501.847961 557.358582 -0.000091
vertex -557.358643 501.847931 -0.000082
vertex -557.358643 501.847992 299.999908
endloop
endfacet
facet normal -0.707107 0.707107 -0.000000
outer loop
vertex -501.847961 557.358582 -0.000091
vertex -557.358643 501.847992 299.999908
vertex -501.847961 557.358643 299.999908
endloop
endfacet
facet normal -0.838671 -0.544639 0.000000
outer loop
vertex -649.519043 -375.000031 0.000061
vertex -606.762756 -440.838898 0.000072
vertex -606.762756 -440.838837 300.000061
endloop
endfacet
facet normal -0.838670 -0.544640 0.000000
outer loop
vertex -649.519043 -375.000031 0.000061
vertex -606.762756 -440.838837 300.000061
vertex -649.519043 -374.999969 300.000061
endloop
endfacet
facet normal 0.358367 -0.933581 0.000000
outer loop
vertex 231.761703 -713.292725 0.000116
vertex 305.051422 -685.159546 0.000112
vertex 305.051422 -685.159485 300.000122
endloop
endfacet
facet normal 0.358367 -0.933581 0.000000
outer loop
vertex 231.761703 -713.292725 0.000116
vertex 305.051422 -685.159485 300.000122
vertex 231.761703 -713.292664 300.000122
endloop
endfacet
facet normal 0.987689 0.156432 -0.000000
outer loop
vertex 745.891663 78.394142 -0.000013
vertex 733.611206 155.931503 -0.000025
vertex 733.611206 155.931549 299.999969
endloop
endfacet
facet normal 0.987689 0.156430 -0.000000
outer loop
vertex 745.891663 78.394142 -0.000013
vertex 733.611206 155.931549 299.999969
vertex 745.891663 78.394188 300.000000
endloop
endfacet
facet normal 0.052338 0.998629 0.000000
outer loop
vertex 78.399681 745.891052 -0.000122
vertex 0.000000 750.000000 -0.000122
vertex 0.000000 750.000061 299.999878
endloop
endfacet
facet normal 0.052338 0.998629 0.000000
outer loop
vertex 78.399681 745.891052 -0.000122
vertex 0.000000 750.000061 299.999878
vertex 78.399681 745.891113 299.999878
endloop
endfacet
facet normal -0.629321 0.777146 0.000000
outer loop
vertex -440.838928 606.762756 -0.000099
vertex -501.847961 557.358582 -0.000091
vertex -501.847961 557.358643 299.999908
endloop
endfacet
facet normal -0.629321 0.777146 -0.000000
outer loop
vertex -440.838928 606.762756 -0.000099
vertex -501.847961 557.358643 299.999908
vertex -440.838928 606.762817 299.999908
endloop
endfacet
facet normal -0.891007 -0.453990 0.000000
outer loop
vertex -685.159058 -305.052521 0.000050
vertex -649.519043 -375.000031 0.000061
vertex -649.519043 -374.999969 300.000061
endloop
endfacet
facet normal -0.891007 -0.453990 0.000000
outer loop
vertex -685.159058 -305.052521 0.000050
vertex -649.519043 -374.999969 300.000061
vertex -685.159058 -305.052460 300.000061
endloop
endfacet
facet normal 0.258818 -0.965926 0.000000
outer loop
vertex 155.932800 -733.610901 0.000120
vertex 231.761703 -713.292725 0.000116
vertex 231.761703 -713.292664 300.000122
endloop
endfacet
facet normal 0.258818 -0.965926 0.000000
outer loop
vertex 155.932800 -733.610901 0.000120
vertex 231.761703 -713.292664 300.000122
vertex 155.932800 -733.610840 300.000122
endloop
endfacet
facet normal 0.998630 0.052333 -0.000000
outer loop
vertex 750.000000 -0.002137 0.000000
vertex 745.891663 78.394142 -0.000013
vertex 745.891663 78.394188 300.000000
endloop
endfacet
facet normal 0.998630 0.052334 -0.000000
outer loop
vertex 750.000000 -0.002137 0.000000
vertex 745.891663 78.394188 300.000000
vertex 750.000000 -0.002088 300.000000
endloop
endfacet
facet normal 0.156439 0.987688 -0.000001
outer loop
vertex 155.936981 733.609985 -0.000120
vertex 78.399681 745.891052 -0.000122
vertex 78.399681 745.891113 299.999878
endloop
endfacet
facet normal 0.156439 0.987688 -0.000000
outer loop
vertex 155.936981 733.609985 -0.000120
vertex 78.399681 745.891113 299.999878
vertex 155.936981 733.610046 299.999878
endloop
endfacet
facet normal -0.544639 0.838671 -0.000000
outer loop
vertex -375.000000 649.519043 -0.000106
vertex -440.838928 606.762756 -0.000099
vertex -440.838928 606.762817 299.999908
endloop
endfacet
facet normal -0.544639 0.838671 -0.000000
outer loop
vertex -375.000000 649.519043 -0.000106
vertex -440.838928 606.762817 299.999908
vertex -375.000000 649.519104 299.999908
endloop
endfacet
facet normal -0.933580 -0.358368 0.000000
outer loop
vertex -713.292358 -231.762772 0.000038
vertex -685.159058 -305.052521 0.000050
vertex -685.159058 -305.052460 300.000061
endloop
endfacet
facet normal -0.933581 -0.358368 0.000000
outer loop
vertex -713.292358 -231.762772 0.000038
vertex -685.159058 -305.052460 300.000061
vertex -713.292358 -231.762726 300.000031
endloop
endfacet
facet normal 0.156433 -0.987689 0.000000
outer loop
vertex 78.395432 -745.891479 0.000122
vertex 155.932800 -733.610901 0.000120
vertex 155.932800 -733.610840 300.000122
endloop
endfacet
facet normal 0.156433 -0.987689 0.000000
outer loop
vertex 78.395432 -745.891479 0.000122
vertex 155.932800 -733.610840 300.000122
vertex 78.395432 -745.891418 300.000122
endloop
endfacet
facet normal 0.998630 -0.052337 0.000000
outer loop
vertex 745.891235 -78.398384 0.000013
vertex 750.000000 -0.002137 0.000000
vertex 750.000000 -0.002088 300.000000
endloop
endfacet
facet normal 0.998629 -0.052338 0.000000
outer loop
vertex 745.891235 -78.398384 0.000013
vertex 750.000000 -0.002088 300.000000
vertex 745.891235 -78.398338 300.000000
endloop
endfacet
facet normal 0.258822 0.965925 -0.000000
outer loop
vertex 231.765762 713.291443 -0.000116
vertex 155.936981 733.609985 -0.000120
vertex 155.936981 733.610046 299.999878
endloop
endfacet
facet normal 0.258822 0.965925 -0.000001
outer loop
vertex 231.765762 713.291443 -0.000116
vertex 155.936981 733.610046 299.999878
vertex 231.765762 713.291504 299.999878
endloop
endfacet
facet normal -0.453991 0.891006 -0.000001
outer loop
vertex -305.052490 685.159058 -0.000112
vertex -375.000000 649.519043 -0.000106
vertex -375.000000 649.519104 299.999908
endloop
endfacet
facet normal -0.453990 0.891007 0.000000
outer loop
vertex -305.052490 685.159058 -0.000112
vertex -375.000000 649.519104 299.999908
vertex -305.052490 685.159119 299.999878
endloop
endfacet
facet normal -0.965926 -0.258819 0.000000
outer loop
vertex -733.610718 -155.933823 0.000025
vertex -713.292358 -231.762772 0.000038
vertex -713.292358 -231.762726 300.000031
endloop
endfacet
facet normal -0.965926 -0.258819 0.000000
outer loop
vertex -733.610718 -155.933823 0.000025
vertex -713.292358 -231.762726 300.000031
vertex -733.610718 -155.933777 300.000031
endloop
endfacet
facet normal 0.052335 -0.998630 0.000001
outer loop
vertex -0.000829 -750.000000 0.000122
vertex 78.395432 -745.891479 0.000122
vertex 78.395432 -745.891418 300.000122
endloop
endfacet
facet normal 0.052335 -0.998630 0.000000
outer loop
vertex -0.000829 -750.000000 0.000122
vertex 78.395432 -745.891418 300.000122
vertex -0.000829 -749.999939 300.000122
endloop
endfacet
facet normal 0.987688 -0.156439 0.000000
outer loop
vertex 733.610291 -155.935699 0.000025
vertex 745.891235 -78.398384 0.000013
vertex 745.891235 -78.398338 300.000000
endloop
endfacet
facet normal 0.987688 -0.156437 0.000000
outer loop
vertex 733.610291 -155.935699 0.000025
vertex 745.891235 -78.398338 300.000000
vertex 733.610291 -155.935654 300.000031
endloop
endfacet
facet normal 0.358372 0.933579 -0.000000
outer loop
vertex 305.055328 685.157837 -0.000112
vertex 231.765762 713.291443 -0.000116
vertex 231.765762 713.291504 299.999878
endloop
endfacet
facet normal 0.358372 0.933579 -0.000001
outer loop
vertex 305.055328 685.157837 -0.000112
vertex 231.765762 713.291504 299.999878
vertex 305.055328 685.157898 299.999878
endloop
endfacet
facet normal -0.358369 0.933580 -0.000000
outer loop
vertex -231.762741 713.292419 -0.000116
vertex -305.052490 685.159058 -0.000112
vertex -305.052490 685.159119 299.999878
endloop
endfacet
facet normal -0.358368 0.933580 -0.000000
outer loop
vertex -231.762741 713.292419 -0.000116
vertex -305.052490 685.159119 299.999878
vertex -231.762741 713.292480 299.999878
endloop
endfacet
facet normal -0.987688 -0.156436 0.000000
outer loop
vertex -745.891418 -78.396385 0.000013
vertex -733.610718 -155.933823 0.000025
vertex -733.610718 -155.933777 300.000031
endloop
endfacet
facet normal -0.987689 -0.156433 0.000000
outer loop
vertex -745.891418 -78.396385 0.000013
vertex -733.610718 -155.933777 300.000031
vertex -745.891418 -78.396339 300.000000
endloop
endfacet
facet normal -0.052337 -0.998630 0.000000
outer loop
vertex -78.397087 -745.891357 0.000122
vertex -0.000829 -750.000000 0.000122
vertex -0.000829 -749.999939 300.000122
endloop
endfacet
facet normal -0.052337 -0.998630 0.000000
outer loop
vertex -78.397087 -745.891357 0.000122
vertex -0.000829 -749.999939 300.000122
vertex -78.397087 -745.891296 300.000122
endloop
endfacet
facet normal 0.965925 -0.258821 0.000000
outer loop
vertex 713.291809 -231.764526 0.000038
vertex 733.610291 -155.935699 0.000025
vertex 733.610291 -155.935654 300.000031
endloop
endfacet
facet normal 0.965925 -0.258821 0.000000
outer loop
vertex 713.291809 -231.764526 0.000038
vertex 733.610291 -155.935654 300.000031
vertex 713.291809 -231.764481 300.000031
endloop
endfacet
facet normal 0.453995 0.891004 -0.000001
outer loop
vertex 375.002563 649.517578 -0.000106
vertex 305.055328 685.157837 -0.000112
vertex 305.055328 685.157898 299.999878
endloop
endfacet
facet normal 0.453994 0.891005 0.000000
outer loop
vertex 375.002563 649.517578 -0.000106
vertex 305.055328 685.157898 299.999878
vertex 375.002563 649.517639 299.999908
endloop
endfacet
facet normal -0.258819 0.965926 -0.000000
outer loop
vertex -155.933777 733.610718 -0.000120
vertex -231.762741 713.292419 -0.000116
vertex -231.762741 713.292480 299.999878
endloop
endfacet
facet normal -0.258819 0.965926 -0.000000
outer loop
vertex -155.933777 733.610718 -0.000120
vertex -231.762741 713.292480 299.999878
vertex -155.933777 733.610779 299.999878
endloop
endfacet
facet normal -0.998630 -0.052334 0.000000
outer loop
vertex -750.000000 -0.000033 0.000000
vertex -745.891418 -78.396385 0.000013
vertex -745.891418 -78.396339 300.000000
endloop
endfacet
facet normal -0.998629 -0.052337 0.000000
outer loop
vertex -750.000000 -0.000033 0.000000
vertex -745.891418 -78.396339 300.000000
vertex -750.000000 0.000016 300.000000
endloop
endfacet
facet normal -0.156436 -0.987688 0.000000
outer loop
vertex -155.934402 -733.610535 0.000120
vertex -78.397087 -745.891357 0.000122
vertex -78.397087 -745.891296 300.000122
endloop
endfacet
facet normal -0.156436 -0.987688 0.000000
outer loop
vertex -155.934402 -733.610535 0.000120
vertex -78.397087 -745.891296 300.000122
vertex -155.934402 -733.610474 300.000122
endloop
endfacet
facet normal 0.933580 -0.358370 0.000000
outer loop
vertex 685.158325 -305.054108 0.000050
vertex 713.291809 -231.764526 0.000038
vertex 713.291809 -231.764481 300.000031
endloop
endfacet
facet normal 0.933579 -0.358372 0.000000
outer loop
vertex 685.158325 -305.054108 0.000050
vertex 713.291809 -231.764481 300.000031
vertex 685.158325 -305.054047 300.000061
endloop
endfacet
facet normal 0.544642 0.838669 -0.000000
outer loop
vertex 440.841309 606.761047 -0.000099
vertex 375.002563 649.517578 -0.000106
vertex 375.002563 649.517639 299.999908
endloop
endfacet
facet normal 0.544642 0.838669 -0.000000
outer loop
vertex 440.841309 606.761047 -0.000099
vertex 375.002563 649.517639 299.999908
vertex 440.841309 606.761108 299.999908
endloop
endfacet
facet normal -0.156434 0.987688 0.000000
outer loop
vertex -78.396347 745.891418 -0.000122
vertex -155.933777 733.610718 -0.000120
vertex -155.933777 733.610779 299.999878
endloop
endfacet
facet normal -0.156434 0.987688 0.000000
outer loop
vertex -78.396347 745.891418 -0.000122
vertex -155.933777 733.610779 299.999878
vertex -78.396347 745.891479 299.999878
endloop
endfacet
facet normal -0.998629 0.052338 -0.000000
outer loop
vertex -745.891418 78.396309 -0.000013
vertex -750.000000 -0.000033 0.000000
vertex -750.000000 0.000016 300.000000
endloop
endfacet
facet normal -0.998630 0.052335 -0.000000
outer loop
vertex -745.891418 78.396309 -0.000013
vertex -750.000000 0.000016 300.000000
vertex -745.891418 78.396355 300.000000
endloop
endfacet
facet normal -0.258819 -0.965926 0.000000
outer loop
vertex -231.763275 -713.292236 0.000116
vertex -155.934402 -733.610535 0.000120
vertex -155.934402 -733.610474 300.000122
endloop
endfacet
facet normal -0.258819 -0.965926 0.000000
outer loop
vertex -231.763275 -713.292236 0.000116
vertex -155.934402 -733.610474 300.000122
vertex -231.763275 -713.292175 300.000122
endloop
endfacet
facet normal 0.000000 0.000000 1.000000
outer loop
vertex 78.399681 745.891785 4500.000000
vertex 0.000000 750.000732 4500.000000
vertex -78.396347 745.892151 4500.000000
endloop
endfacet
facet normal 0.000000 0.000000 1.000000
outer loop
vertex -78.396347 745.892151 4500.000000
vertex -155.933777 733.611450 4500.000000
vertex -231.762741 713.293152 4500.000000
endloop
endfacet
facet normal 0.000000 0.000000 1.000000
outer loop
vertex -231.762741 713.293152 4500.000000
vertex -305.052490 685.159790 4500.000000
vertex -375.000000 649.519775 4500.000000
endloop
endfacet
facet normal 0.000049 0.000000 1.000000
outer loop
vertex -375.000000 649.519775 4500.000000
vertex -440.838928 606.763489 4500.000000
vertex -501.847961 557.359314 4500.000000
endloop
endfacet
facet normal 0.000000 0.000000 1.000000
outer loop
vertex -501.847961 557.359314 4500.000000
vertex -557.358643 501.848663 4500.000000
vertex -606.762756 440.839661 4500.000000
endloop
endfacet
facet normal -0.000097 0.000000 1.000000
outer loop
vertex -606.762756 440.839661 4500.000000
vertex -649.519104 375.000702 4500.000000
vertex -685.159119 305.053192 4500.000000
endloop
endfacet
facet normal 0.000097 0.000000 1.000000
outer loop
vertex -685.159119 305.053192 4500.000000
vertex -713.292419 231.763458 4500.000000
vertex -733.610718 155.934479 4500.000000
endloop
endfacet
facet normal 0.000000 0.000000 1.000000
outer loop
vertex -733.610718 155.934479 4500.000000
vertex -745.891418 78.397041 4500.000000
vertex -750.000000 0.000700 4500.000000
endloop
endfacet
facet normal 0.000000 0.000000 1.000000
outer loop
vertex -750.000000 0.000700 4500.000000
vertex -745.891418 -78.395653 4500.000000
vertex -733.610718 -155.933090 4500.000000
endloop
endfacet
facet normal 0.000097 0.000000 1.000000
outer loop
vertex -733.610718 -155.933090 4500.000000
vertex -713.292358 -231.762039 4500.000000
vertex -685.159058 -305.051788 4500.000000
endloop
endfacet
facet normal 0.000000 0.000000 1.000000
outer loop
vertex -685.159058 -305.051788 4500.000000
vertex -649.519043 -374.999298 4500.000000
vertex -606.762756 -440.838165 4500.000000
endloop
endfacet
facet normal 0.000049 0.000000 1.000000
outer loop
vertex -606.762756 -440.838165 4500.000000
vertex -557.358704 -501.847168 4500.000000
vertex -501.848114 -557.357727 4500.000000
endloop
endfacet
facet normal 0.000000 0.000000 1.000000
outer loop
vertex -501.848114 -557.357727 4500.000000
vertex -440.839233 -606.761841 4500.000000
vertex -375.000366 -649.518127 4500.000000
endloop
endfacet
facet normal 0.000024 0.000000 1.000000
outer loop
vertex -375.000366 -649.518127 4500.000000
vertex -305.052917 -685.158203 4500.000000
vertex -231.763275 -713.291504 4500.000000
endloop
endfacet
facet normal 0.000000 0.000000 1.000000
outer loop
vertex -231.763275 -713.291504 4500.000000
vertex -155.934402 -733.609802 4500.000000
vertex -78.397087 -745.890625 4500.000000
endloop
endfacet
facet normal 0.000000 0.000000 1.000000
outer loop
vertex -78.397087 -745.890625 4500.000000
vertex -0.000829 -749.999268 4500.000000
vertex 78.395432 -745.890747 4500.000000
endloop
endfacet
facet normal -0.000049 0.000000 1.000000
outer loop
vertex 78.395432 -745.890747 4500.000000
vertex 155.932800 -733.610168 4500.000000
vertex 231.761703 -713.291992 4500.000000
endloop
endfacet
facet normal -0.000049 0.000000 1.000000
outer loop
vertex 231.761703 -713.291992 4500.000000
vertex 305.051422 -685.158813 4500.000000
vertex 374.998901 -649.518921 4500.000000
endloop
endfacet
facet normal 0.000000 0.000000 1.000000
outer loop
vertex 374.998901 -649.518921 4500.000000
vertex 440.837860 -606.762817 4500.000000
vertex 501.846893 -557.358887 4500.000000
endloop
endfacet
facet normal -0.000097 0.000000 1.000000
outer loop
vertex 501.846893 -557.358887 4500.000000
vertex 557.357605 -501.848358 4500.000000
vertex 606.761841 -440.839478 4500.000000
endloop
endfacet
facet normal 0.000000 0.000000 1.000000
outer loop
vertex 606.761841 -440.839478 4500.000000
vertex 649.518127 -375.000732 4500.000000
vertex 685.158325 -305.053375 4500.000000
endloop
endfacet
facet normal -0.000097 0.000000 1.000000
outer loop
vertex 685.158325 -305.053375 4500.000000
vertex 713.291809 -231.763794 4500.000000
vertex 733.610291 -155.934967 4500.000000
endloop
endfacet
facet normal 0.000097 0.000000 1.000000
outer loop
vertex 733.610291 -155.934967 4500.000000
vertex 745.891235 -78.397652 4500.000000
vertex 750.000000 -0.001404 4500.000000
endloop
endfacet
facet normal 0.000000 0.000000 1.000000
outer loop
vertex 750.000000 -0.001404 4500.000000
vertex 745.891663 78.394875 4500.000000
vertex 733.611206 155.932236 4500.000000
endloop
endfacet
facet normal -0.000097 0.000000 1.000000
outer loop
vertex 733.611206 155.932236 4500.000000
vertex 713.293152 231.761200 4500.000000
vertex 685.160034 305.050934 4500.000000
endloop
endfacet
facet normal 0.000097 0.000000 1.000000
outer loop
vertex 685.160034 305.050934 4500.000000
vertex 649.520325 374.998505 4500.000000
vertex 606.764343 440.837524 4500.000000
endloop
endfacet
facet normal 0.000000 0.000000 1.000000
outer loop
vertex 606.764343 440.837524 4500.000000
vertex 557.360474 501.846649 4500.000000
vertex 501.850067 557.357483 4500.000000
endloop
endfacet
facet normal -0.000049 0.000000 1.000000
outer loop
vertex 501.850067 557.357483 4500.000000
vertex 440.841309 606.761780 4500.000000
vertex 375.002563 649.518311 4500.000000
endloop
endfacet
facet normal 0.000024 0.000000 1.000000
outer loop
vertex 375.002563 649.518311 4500.000000
vertex 305.055328 685.158569 4500.000000
vertex 231.765762 713.292175 4500.000000
endloop
endfacet
facet normal 0.000036 0.000000 1.000000
outer loop
vertex 231.765762 713.292175 4500.000000
vertex 155.936981 733.610718 4500.000000
vertex 78.399681 745.891785 4500.000000
endloop
endfacet
facet normal 0.000006 0.000000 1.000000
outer loop
vertex 78.399681 745.891785 4500.000000
vertex -78.396347 745.892151 4500.000000
vertex -231.762741 713.293152 4500.000000
endloop
endfacet
facet normal 0.000000 0.000000 1.000000
outer loop
vertex -231.762741 713.293152 4500.000000
vertex -375.000000 649.519775 4500.000000
vertex -501.847961 557.359314 4500.000000
endloop
endfacet
facet normal 0.000024 0.000000 1.000000
outer loop
vertex -501.847961 557.359314 4500.000000
vertex -606.762756 440.839661 4500.000000
vertex -685.159119 305.053192 4500.000000
endloop
endfacet
facet normal -0.000024 0.000000 1.000000
outer loop
vertex -685.159119 305.053192 4500.000000
vertex -733.610718 155.934479 4500.000000
vertex -750.000000 0.000700 4500.000000
endloop
endfacet
facet normal -0.000024 0.000000 1.000000
outer loop
vertex -750.000000 0.000700 4500.000000
vertex -733.610718 -155.933090 4500.000000
vertex -685.159058 -305.051788 4500.000000
endloop
endfacet
facet normal -0.000024 0.000000 1.000000
outer loop
vertex -685.159058 -305.051788 4500.000000
vertex -606.762756 -440.838165 4500.000000
vertex -501.848114 -557.357727 4500.000000
endloop
endfacet
facet normal 0.000000 0.000000 1.000000
outer loop
vertex -501.848114 -557.357727 4500.000000
vertex -375.000366 -649.518127 4500.000000
vertex -231.763275 -713.291504 4500.000000
endloop
endfacet
facet normal 0.000001 0.000000 1.000000
outer loop
vertex -231.763275 -713.291504 4500.000000
vertex -78.397087 -745.890625 4500.000000
vertex 78.395432 -745.890747 4500.000000
endloop
endfacet
facet normal 0.000000 0.000000 1.000000
outer loop
vertex 78.395432 -745.890747 4500.000000
vertex 231.761703 -713.291992 4500.000000
vertex 374.998901 -649.518921 4500.000000
endloop
endfacet
facet normal 0.000024 0.000000 1.000000
outer loop
vertex 374.998901 -649.518921 4500.000000
vertex 501.846893 -557.358887 4500.000000
vertex 606.761841 -440.839478 4500.000000
endloop
endfacet
facet normal 0.000000 0.000000 1.000000
outer loop
vertex 606.761841 -440.839478 4500.000000
vertex 685.158325 -305.053375 4500.000000
vertex 733.610291 -155.934967 4500.000000
endloop
endfacet
facet normal -0.000024 0.000000 1.000000
outer loop
vertex 733.610291 -155.934967 4500.000000
vertex 750.000000 -0.001404 4500.000000
vertex 733.611206 155.932236 4500.000000
endloop
endfacet
facet normal -0.000024 0.000000 1.000000
outer loop
vertex 733.611206 155.932236 4500.000000
vertex 685.160034 305.050934 4500.000000
vertex 606.764343 440.837524 4500.000000
endloop
endfacet
facet normal 0.000012 0.000000 1.000000
outer loop
vertex 606.764343 440.837524 4500.000000
vertex 501.850067 557.357483 4500.000000
vertex 375.002563 649.518311 4500.000000
endloop
endfacet
facet normal -0.000012 0.000000 1.000000
outer loop
vertex 375.002563 649.518311 4500.000000
vertex 231.765762 713.292175 4500.000000
vertex 78.399681 745.891785 4500.000000
endloop
endfacet
facet normal 0.000000 0.000000 1.000000
outer loop
vertex 78.399681 745.891785 4500.000000
vertex -231.762741 713.293152 4500.000000
vertex -501.847961 557.359314 4500.000000
endloop
endfacet
facet normal -0.000013 0.000000 1.000000
outer loop
vertex -501.847961 557.359314 4500.000000
vertex -685.159119 305.053192 4500.000000
vertex -750.000000 0.000700 4500.000000
endloop
endfacet
facet normal 0.000013 0.000000 1.000000
outer loop
vertex -750.000000 0.000700 4500.000000
vertex -685.159058 -305.051788 4500.000000
vertex -501.848114 -557.357727 4500.000000
endloop
endfacet
facet normal 0.000002 0.000000 1.000000
outer loop
vertex -501.848114 -557.357727 4500.000000
vertex -231.763275 -713.291504 4500.000000
vertex 78.395432 -745.890747 4500.000000
endloop
endfacet
facet normal 0.000000 0.000000 1.000000
outer loop
vertex 78.395432 -745.890747 4500.000000
vertex 374.998901 -649.518921 4500.000000
vertex 606.761841 -440.839478 4500.000000
endloop
endfacet
facet normal 0.000006 0.000000 1.000000
outer loop
vertex 606.761841 -440.839478 4500.000000
vertex 733.610291 -155.934967 4500.000000
vertex 733.611206 155.932236 4500.000000
endloop
endfacet
facet normal -0.000003 0.000000 1.000000
outer loop
vertex 733.611206 155.932236 4500.000000
vertex 606.764343 440.837524 4500.000000
vertex 375.002563 649.518311 4500.000000
endloop
endfacet
facet normal 0.000000 0.000000 1.000000
outer loop
vertex 375.002563 649.518311 4500.000000
vertex 78.399681 745.891785 4500.000000
vertex -501.847961 557.359314 4500.000000
endloop
endfacet
facet normal 0.000002 0.000000 1.000000
outer loop
vertex -501.847961 557.359314 4500.000000
vertex -750.000000 0.000700 4500.000000
vertex -501.848114 -557.357727 4500.000000
endloop
endfacet
facet normal 0.000000 0.000000 1.000000
outer loop
vertex -501.848114 -557.357727 4500.000000
vertex 78.395432 -745.890747 4500.000000
vertex 606.761841 -440.839478 4500.000000
endloop
endfacet
facet normal 0.000000 0.000000 1.000000
outer loop
vertex 606.761841 -440.839478 4500.000000
vertex 733.611206 155.932236 4500.000000
vertex 375.002563 649.518311 4500.000000
endloop
endfacet
facet normal 0.000000 0.000000 1.000000
outer loop
vertex 375.002563 649.518311 4500.000000
vertex -501.847961 557.359314 4500.000000
vertex -501.848114 -557.357727 4500.000000
endloop
endfacet
facet normal 0.000000 0.000000 1.000000
outer loop
vertex -501.848114 -557.357727 4500.000000
vertex 606.761841 -440.839478 4500.000000
vertex 375.002563 649.518311 4500.000000
endloop
endfacet
facet normal -0.358369 -0.933580 0.000000
outer loop
vertex -305.052917 -685.158936 0.000112
vertex -231.763275 -713.292236 0.000116
vertex -231.763275 -713.292175 300.000122
endloop
endfacet
facet normal -0.358368 -0.933580 0.000000
outer loop
vertex -305.052917 -685.158936 0.000112
vertex -231.763275 -713.292175 300.000122
vertex -305.052917 -685.158875 300.000122
endloop
endfacet
facet normal 0.891006 -0.453992 0.000000
outer loop
vertex 649.518127 -375.001465 0.000061
vertex 685.158325 -305.054108 0.000050
vertex 685.158325 -305.054047 300.000061
endloop
endfacet
facet normal 0.891005 -0.453994 0.000000
outer loop
vertex 649.518127 -375.001465 0.000061
vertex 685.158325 -305.054047 300.000061
vertex 649.518127 -375.001404 300.000061
endloop
endfacet
facet normal -0.544639 0.838671 0.000000
outer loop
vertex -375.000000 649.519104 299.999908
vertex -440.838928 606.762817 299.999908
vertex -440.838928 606.762878 599.999878
endloop
endfacet
facet normal -0.544639 0.838671 0.000000
outer loop
vertex -375.000000 649.519104 299.999908
vertex -440.838928 606.762878 599.999878
vertex -375.000000 649.519165 599.999878
endloop
endfacet
facet normal -0.933580 -0.358368 0.000000
outer loop
vertex -713.292358 -231.762726 300.000031
vertex -685.159058 -305.052460 300.000061
vertex -685.159058 -305.052429 600.000061
endloop
endfacet
facet normal -0.933580 -0.358368 0.000000
outer loop
vertex -713.292358 -231.762726 300.000031
vertex -685.159058 -305.052429 600.000061
vertex -713.292358 -231.762680 600.000061
endloop
endfacet
facet normal 0.156433 -0.987689 0.000000
outer loop
vertex 78.395432 -745.891418 300.000122
vertex 155.932800 -733.610840 300.000122
vertex 155.932800 -733.610779 600.000122
endloop
endfacet
facet normal 0.156433 -0.987689 0.000000
outer loop
vertex 78.395432 -745.891418 300.000122
vertex 155.932800 -733.610779 600.000122
vertex 78.395432 -745.891357 600.000122
endloop
endfacet
facet normal 0.998629 -0.052338 0.000000
outer loop
vertex 745.891235 -78.398338 300.000000
vertex 750.000000 -0.002088 300.000000
vertex 750.000000 -0.002039 600.000000
endloop
endfacet
facet normal 0.998629 -0.052338 0.000000
outer loop
vertex 745.891235 -78.398338 300.000000
vertex 750.000000 -0.002039 600.000000
vertex 745.891235 -78.398285 600.000000
endloop
endfacet
facet normal 0.258822 0.965925 0.000000
outer loop
vertex 231.765762 713.291504 299.999878
vertex 155.936981 733.610046 299.999878
vertex 155.936981 733.610107 599.999878
endloop
endfacet
facet normal 0.258823 0.965925 0.000000
outer loop
vertex 231.765762 713.291504 299.999878
vertex 155.936981 733.610107 599.999878
vertex 231.765762 713.291565 599.999878
endloop
endfacet
facet normal -0.453990 0.891007 0.000000
outer loop
vertex -305.052490 685.159119 299.999878
vertex -375.000000 649.519104 299.999908
vertex -375.000000 649.519165 599.999878
endloop
endfacet
facet normal -0.453990 0.891007 -0.000000
outer loop
vertex -305.052490 685.159119 299.999878
vertex -375.000000 649.519165 599.999878
vertex -305.052490 685.159180 599.999878
endloop
endfacet
facet normal -0.965926 -0.258819 0.000000
outer loop
vertex -733.610718 -155.933777 300.000031
vertex -713.292358 -231.762726 300.000031
vertex -713.292358 -231.762680 600.000061
endloop
endfacet
facet normal -0.965926 -0.258819 0.000000
outer loop
vertex -733.610718 -155.933777 300.000031
vertex -713.292358 -231.762680 600.000061
vertex -733.610718 -155.933731 600.000000
endloop
endfacet
facet normal 0.052335 -0.998630 0.000000
outer loop
vertex -0.000829 -749.999939 300.000122
vertex 78.395432 -745.891418 300.000122
vertex 78.395432 -745.891357 600.000122
endloop
endfacet
facet normal 0.052335 -0.998630 0.000000
outer loop
vertex -0.000829 -749.999939 300.000122
vertex 78.395432 -745.891357 600.000122
vertex -0.000829 -749.999878 600.000122
endloop
endfacet
facet normal 0.987688 -0.156439 0.000000
outer loop
vertex 733.610291 -155.935654 300.000031
vertex 745.891235 -78.398338 300.000000
vertex 745.891235 -78.398285 600.000000
endloop
endfacet
facet normal 0.987688 -0.156437 0.000000
outer loop
vertex 733.610291 -155.935654 300.000031
vertex 745.891235 -78.398285 600.000000
vertex 733.610291 -155.935608 600.000000
endloop
endfacet
facet normal 0.358372 0.933579 0.000000
outer loop
vertex 305.055328 685.157898 299.999878
vertex 231.765762 713.291504 299.999878
vertex 231.765762 713.291565 599.999878
endloop
endfacet
facet normal 0.358372 0.933579 0.000000
outer loop
vertex 305.055328 685.157898 299.999878
vertex 231.765762 713.291565 599.999878
vertex 305.055328 685.157959 599.999878
endloop
endfacet
facet normal -0.358369 0.933580 0.000000
outer loop
vertex -231.762741 713.292480 299.999878
vertex -305.052490 685.159119 299.999878
vertex -305.052490 685.159180 599.999878
endloop
endfacet
facet normal -0.358369 0.933580 0.000000
outer loop
vertex -231.762741 713.292480 299.999878
vertex -305.052490 685.159180 599.999878
vertex -231.762741 713.292542 599.999878
endloop
endfacet
facet normal -0.987688 -0.156436 0.000000
outer loop
vertex -745.891418 -78.396339 300.000000
vertex -733.610718 -155.933777 300.000031
vertex -733.610718 -155.933731 600.000000
endloop
endfacet
facet normal -0.987688 -0.156433 0.000000
outer loop
vertex -745.891418 -78.396339 300.000000
vertex -733.610718 -155.933731 600.000000
vertex -745.891418 -78.396286 600.000000
endloop
endfacet
facet normal -0.052337 -0.998630 0.000000
outer loop
vertex -78.397087 -745.891296 300.000122
vertex -0.000829 -749.999939 300.000122
vertex -0.000829 -749.999878 600.000122
endloop
endfacet
facet normal -0.052337 -0.998630 0.000000
outer loop
vertex -78.397087 -745.891296 300.000122
vertex -0.000829 -749.999878 600.000122
vertex -78.397087 -745.891235 600.000122
endloop
endfacet
facet normal 0.965925 -0.258821 0.000000
outer loop
vertex 713.291809 -231.764481 300.000031
vertex 733.610291 -155.935654 300.000031
vertex 733.610291 -155.935608 600.000000
endloop
endfacet
facet normal 0.965925 -0.258822 0.000000
outer loop
vertex 713.291809 -231.764481 300.000031
vertex 733.610291 -155.935608 600.000000
vertex 713.291809 -231.764435 600.000061
endloop
endfacet
facet normal 0.453994 0.891004 0.000000
outer loop
vertex 375.002563 649.517639 299.999908
vertex 305.055328 685.157898 299.999878
vertex 305.055328 685.157959 599.999878
endloop
endfacet
facet normal 0.453994 0.891005 -0.000000
outer loop
vertex 375.002563 649.517639 299.999908
vertex 305.055328 685.157959 599.999878
vertex 375.002563 649.517700 599.999878
endloop
endfacet
facet normal -0.258819 0.965926 0.000000
outer loop
vertex -155.933777 733.610779 299.999878
vertex -231.762741 713.292480 299.999878
vertex -231.762741 713.292542 599.999878
endloop
endfacet
facet normal -0.258819 0.965926 0.000000
outer loop
vertex -155.933777 733.610779 299.999878
vertex -231.762741 713.292542 599.999878
vertex -155.933777 733.610840 599.999878
endloop
endfacet
facet normal -0.998629 -0.052335 0.000000
outer loop
vertex -750.000000 0.000016 300.000000
vertex -745.891418 -78.396339 300.000000
vertex -745.891418 -78.396286 600.000000
endloop
endfacet
facet normal -0.998629 -0.052337 0.000000
outer loop
vertex -750.000000 0.000016 300.000000
vertex -745.891418 -78.396286 600.000000
vertex -750.000000 0.000065 600.000000
endloop
endfacet
facet normal -0.156436 -0.987688 0.000000
outer loop
vertex -155.934402 -733.610474 300.000122
vertex -78.397087 -745.891296 300.000122
vertex -78.397087 -745.891235 600.000122
endloop
endfacet
facet normal -0.156436 -0.987688 0.000000
outer loop
vertex -155.934402 -733.610474 300.000122
vertex -78.397087 -745.891235 600.000122
vertex -155.934402 -733.610413 600.000122
endloop
endfacet
facet normal 0.933580 -0.358370 0.000000
outer loop
vertex 685.158325 -305.054047 300.000061
vertex 713.291809 -231.764481 300.000031
vertex 713.291809 -231.764435 600.000061
endloop
endfacet
facet normal 0.933579 -0.358371 0.000000
outer loop
vertex 685.158325 -305.054047 300.000061
vertex 713.291809 -231.764435 600.000061
vertex 685.158325 -305.054016 600.000061
endloop
endfacet
facet normal 0.544642 0.838669 0.000000
outer loop
vertex 440.841309 606.761108 299.999908
vertex 375.002563 649.517639 299.999908
vertex 375.002563 649.517700 599.999878
endloop
endfacet
facet normal 0.544642 0.838668 0.000000
outer loop
vertex 440.841309 606.761108 299.999908
vertex 375.002563 649.517700 599.999878
vertex 440.841309 606.761169 599.999878
endloop
endfacet
facet normal -0.156434 0.987688 -0.000000
outer loop
vertex -78.396347 745.891479 299.999878
vertex -155.933777 733.610779 299.999878
vertex -155.933777 733.610840 599.999878
endloop
endfacet
facet normal -0.156434 0.987688 -0.000001
outer loop
vertex -78.396347 745.891479 299.999878
vertex -155.933777 733.610840 599.999878
vertex -78.396347 745.891541 599.999878
endloop
endfacet
facet normal -0.998629 0.052337 -0.000000
outer loop
vertex -745.891418 78.396355 300.000000
vertex -750.000000 0.000016 300.000000
vertex -750.000000 0.000065 600.000000
endloop
endfacet
facet normal -0.998630 0.052335 -0.000000
outer loop
vertex -745.891418 78.396355 300.000000
vertex -750.000000 0.000065 600.000000
vertex -745.891418 78.396408 600.000000
endloop
endfacet
facet normal -0.258819 -0.965926 0.000000
outer loop
vertex -231.763275 -713.292175 300.000122
vertex -155.934402 -733.610474 300.000122
vertex -155.934402 -733.610413 600.000122
endloop
endfacet
facet normal -0.258819 -0.965926 0.000000
outer loop
vertex -231.763275 -713.292175 300.000122
vertex -155.934402 -733.610413 600.000122
vertex -231.763275 -713.292114 600.000122
endloop
endfacet
facet normal 0.891006 -0.453992 0.000000
outer loop
vertex 649.518127 -375.001404 300.000061
vertex 685.158325 -305.054047 300.000061
vertex 685.158325 -305.054016 600.000061
endloop
endfacet
facet normal 0.891005 -0.453994 0.000000
outer loop
vertex 649.518127 -375.001404 300.000061
vertex 685.158325 -305.054016 600.000061
vertex 649.518127 -375.001373 600.000061
endloop
endfacet
facet normal 0.629323 0.777144 0.000000
outer loop
vertex 501.850067 557.356812 299.999908
vertex 440.841309 606.761108 299.999908
vertex 440.841309 606.761169 599.999878
endloop
endfacet
facet normal 0.629324 0.777143 -0.000000
outer loop
vertex 501.850067 557.356812 299.999908
vertex 440.841309 606.761169 599.999878
vertex 501.850067 557.356873 599.999939
endloop
endfacet
facet normal -0.052336 0.998629 0.000000
outer loop
vertex 0.000000 750.000061 299.999878
vertex -78.396347 745.891479 299.999878
vertex -78.396347 745.891541 599.999878
endloop
endfacet
facet normal -0.052336 0.998629 0.000000
outer loop
vertex 0.000000 750.000061 299.999878
vertex -78.396347 745.891541 599.999878
vertex 0.000000 750.000122 599.999878
endloop
endfacet
facet normal -0.987689 0.156432 -0.000000
outer loop
vertex -733.610718 155.933792 299.999969
vertex -745.891418 78.396355 300.000000
vertex -745.891418 78.396408 600.000000
endloop
endfacet
facet normal -0.987688 0.156436 -0.000000
outer loop
vertex -733.610718 155.933792 299.999969
vertex -745.891418 78.396408 600.000000
vertex -733.610718 155.933838 600.000000
endloop
endfacet
facet normal -0.358369 -0.933580 0.000000
outer loop
vertex -305.052917 -685.158875 300.000122
vertex -231.763275 -713.292175 300.000122
vertex -231.763275 -713.292114 600.000122
endloop
endfacet
facet normal -0.358368 -0.933580 0.000000
outer loop
vertex -305.052917 -685.158875 300.000122
vertex -231.763275 -713.292114 600.000122
vertex -305.052917 -685.158813 600.000122
endloop
endfacet
facet normal 0.838670 -0.544640 0.000000
outer loop
vertex 606.761841 -440.840149 300.000061
vertex 649.518127 -375.001404 300.000061
vertex 649.518127 -375.001373 600.000061
endloop
endfacet
facet normal 0.838670 -0.544641 0.000000
outer loop
vertex 606.761841 -440.840149 300.000061
vertex 649.518127 -375.001373 600.000061
vertex 606.761841 -440.840118 600.000061
endloop
endfacet
facet normal 0.707109 0.707105 -0.000000
outer loop
vertex 557.360474 501.845978 299.999908
vertex 501.850067 557.356812 299.999908
vertex 501.850067 557.356873 599.999939
endloop
endfacet
facet normal 0.707110 0.707103 0.000000
outer loop
vertex 557.360474 501.845978 299.999908
vertex 501.850067 557.356873 599.999939
vertex 557.360474 501.846008 599.999939
endloop
endfacet
facet normal -0.965926 0.258819 -0.000000
outer loop
vertex -713.292419 231.762772 299.999969
vertex -733.610718 155.933792 299.999969
vertex -733.610718 155.933838 600.000000
endloop
endfacet
facet normal -0.965926 0.258818 -0.000000
outer loop
vertex -713.292419 231.762772 299.999969
vertex -733.610718 155.933838 600.000000
vertex -713.292419 231.762817 599.999939
endloop
endfacet
facet normal -0.453991 -0.891006 0.000000
outer loop
vertex -375.000366 -649.518799 300.000092
vertex -305.052917 -685.158875 300.000122
vertex -305.052917 -685.158813 600.000122
endloop
endfacet
facet normal -0.453991 -0.891006 0.000000
outer loop
vertex -375.000366 -649.518799 300.000092
vertex -305.052917 -685.158813 600.000122
vertex -375.000366 -649.518738 600.000122
endloop
endfacet
facet normal 0.777144 -0.629322 0.000000
outer loop
vertex 557.357605 -501.849030 300.000092
vertex 606.761841 -440.840149 300.000061
vertex 606.761841 -440.840118 600.000061
endloop
endfacet
facet normal 0.777145 -0.629322 0.000000
outer loop
vertex 557.357605 -501.849030 300.000092
vertex 606.761841 -440.840118 600.000061
vertex 557.357605 -501.848999 600.000061
endloop
endfacet
facet normal 0.777148 0.629318 0.000000
outer loop
vertex 606.764343 440.836853 299.999939
vertex 557.360474 501.845978 299.999908
vertex 557.360474 501.846008 599.999939
endloop
endfacet
facet normal 0.777148 0.629318 0.000000
outer loop
vertex 606.764343 440.836853 299.999939
vertex 557.360474 501.846008 599.999939
vertex 606.764343 440.836884 599.999939
endloop
endfacet
facet normal -0.933581 0.358367 0.000000
outer loop
vertex -685.159119 305.052521 299.999939
vertex -713.292419 231.762772 299.999969
vertex -713.292419 231.762817 599.999939
endloop
endfacet
facet normal -0.933580 0.358368 -0.000000
outer loop
vertex -685.159119 305.052521 299.999939
vertex -713.292419 231.762817 599.999939
vertex -685.159119 305.052551 599.999939
endloop
endfacet
facet normal -0.544639 -0.838670 0.000000
outer loop
vertex -440.839233 -606.762512 300.000092
vertex -375.000366 -649.518799 300.000092
vertex -375.000366 -649.518738 600.000122
endloop
endfacet
facet normal -0.544639 -0.838670 0.000000
outer loop
vertex -440.839233 -606.762512 300.000092
vertex -375.000366 -649.518738 600.000122
vertex -440.839233 -606.762451 600.000122
endloop
endfacet
facet normal 0.707106 -0.707108 0.000000
outer loop
vertex 501.846893 -557.359558 300.000092
vertex 557.357605 -501.849030 300.000092
vertex 557.357605 -501.848999 600.000061
endloop
endfacet
facet normal 0.707105 -0.707108 0.000000
outer loop
vertex 501.846893 -557.359558 300.000092
vertex 557.357605 -501.848999 600.000061
vertex 501.846893 -557.359497 600.000061
endloop
endfacet
facet normal 0.838672 0.544636 0.000000
outer loop
vertex 649.520325 374.997833 299.999939
vertex 606.764343 440.836853 299.999939
vertex 606.764343 440.836884 599.999939
endloop
endfacet
facet normal 0.838673 0.544635 0.000000
outer loop
vertex 649.520325 374.997833 299.999939
vertex 606.764343 440.836884 599.999939
vertex 649.520325 374.997864 599.999939
endloop
endfacet
facet normal -0.891007 0.453990 -0.000000
outer loop
vertex -649.519104 375.000031 299.999939
vertex -685.159119 305.052521 299.999939
vertex -685.159119 305.052551 599.999939
endloop
endfacet
facet normal -0.891007 0.453990 0.000000
outer loop
vertex -649.519104 375.000031 299.999939
vertex -685.159119 305.052551 599.999939
vertex -649.519104 375.000061 599.999939
endloop
endfacet
facet normal -0.629321 -0.777146 0.000000
outer loop
vertex -501.848114 -557.358398 300.000092
vertex -440.839233 -606.762512 300.000092
vertex -440.839233 -606.762451 600.000122
endloop
endfacet
facet normal -0.629321 -0.777145 0.000000
outer loop
vertex -501.848114 -557.358398 300.000092
vertex -440.839233 -606.762451 600.000122
vertex -501.848114 -557.358337 600.000061
endloop
endfacet
facet normal 0.629319 -0.777147 0.000000
outer loop
vertex 440.837860 -606.763489 300.000092
vertex 501.846893 -557.359558 300.000092
vertex 501.846893 -557.359497 600.000061
endloop
endfacet
facet normal 0.629319 -0.777147 0.000000
outer loop
vertex 440.837860 -606.763489 300.000092
vertex 501.846893 -557.359497 600.000061
vertex 440.837860 -606.763428 600.000122
endloop
endfacet
facet normal 0.891008 0.453988 0.000000
outer loop
vertex 685.160034 305.050262 299.999939
vertex 649.520325 374.997833 299.999939
vertex 649.520325 374.997864 599.999939
endloop
endfacet
facet normal 0.891008 0.453987 -0.000000
outer loop
vertex 685.160034 305.050262 299.999939
vertex 649.520325 374.997864 599.999939
vertex 685.160034 305.050293 599.999939
endloop
endfacet
facet normal -0.838670 0.544639 0.000000
outer loop
vertex -606.762756 440.838989 299.999939
vertex -649.519104 375.000031 299.999939
vertex -649.519104 375.000061 599.999939
endloop
endfacet
facet normal -0.838670 0.544639 -0.000000
outer loop
vertex -606.762756 440.838989 299.999939
vertex -649.519104 375.000061 599.999939
vertex -606.762756 440.839020 599.999939
endloop
endfacet
facet normal -0.707107 -0.707107 0.000000
outer loop
vertex -557.358704 -501.847839 300.000092
vertex -501.848114 -557.358398 300.000092
vertex -501.848114 -557.358337 600.000061
endloop
endfacet
facet normal -0.707106 -0.707107 0.000000
outer loop
vertex -557.358704 -501.847839 300.000092
vertex -501.848114 -557.358337 600.000061
vertex -557.358704 -501.847809 600.000061
endloop
endfacet
facet normal 0.544637 -0.838672 0.000000
outer loop
vertex 374.998901 -649.519592 300.000092
vertex 440.837860 -606.763489 300.000092
vertex 440.837860 -606.763428 600.000122
endloop
endfacet
facet normal 0.544637 -0.838672 0.000000
outer loop
vertex 374.998901 -649.519592 300.000092
vertex 440.837860 -606.763428 600.000122
vertex 374.998901 -649.519531 600.000122
endloop
endfacet
facet normal 0.933582 0.358365 0.000000
outer loop
vertex 713.293152 231.760513 299.999969
vertex 685.160034 305.050262 299.999939
vertex 685.160034 305.050293 599.999939
endloop
endfacet
facet normal 0.933581 0.358366 -0.000000
outer loop
vertex 713.293152 231.760513 299.999969
vertex 685.160034 305.050293 599.999939
vertex 713.293152 231.760559 599.999939
endloop
endfacet
facet normal -0.777146 0.629321 0.000000
outer loop
vertex -557.358643 501.847992 299.999908
vertex -606.762756 440.838989 299.999939
vertex -606.762756 440.839020 599.999939
endloop
endfacet
facet normal -0.777146 0.629320 0.000000
outer loop
vertex -557.358643 501.847992 299.999908
vertex -606.762756 440.839020 599.999939
vertex -557.358643 501.848022 599.999939
endloop
endfacet
facet normal -0.777146 -0.629320 0.000000
outer loop
vertex -606.762756 -440.838837 300.000061
vertex -557.358704 -501.847839 300.000092
vertex -557.358704 -501.847809 600.000061
endloop
endfacet
facet normal -0.777146 -0.629320 0.000000
outer loop
vertex -606.762756 -440.838837 300.000061
vertex -557.358704 -501.847809 600.000061
vertex -606.762756 -440.838806 600.000061
endloop
endfacet
facet normal 0.453989 -0.891007 0.000000
outer loop
vertex 305.051422 -685.159485 300.000122
vertex 374.998901 -649.519592 300.000092
vertex 374.998901 -649.519531 600.000122
endloop
endfacet
facet normal 0.453989 -0.891007 0.000000
outer loop
vertex 305.051422 -685.159485 300.000122
vertex 374.998901 -649.519531 600.000122
vertex 305.051422 -685.159424 600.000122
endloop
endfacet
facet normal 0.965927 0.258816 -0.000000
outer loop
vertex 733.611206 155.931549 299.999969
vertex 713.293152 231.760513 299.999969
vertex 713.293152 231.760559 599.999939
endloop
endfacet
facet normal 0.965926 0.258817 -0.000000
outer loop
vertex 733.611206 155.931549 299.999969
vertex 713.293152 231.760559 599.999939
vertex 733.611206 155.931595 600.000000
endloop
endfacet
facet normal -0.707106 0.707107 0.000000
outer loop
vertex -501.847961 557.358643 299.999908
vertex -557.358643 501.847992 299.999908
vertex -557.358643 501.848022 599.999939
endloop
endfacet
facet normal -0.707107 0.707106 -0.000000
outer loop
vertex -501.847961 557.358643 299.999908
vertex -557.358643 501.848022 599.999939
vertex -501.847961 557.358704 599.999939
endloop
endfacet
facet normal -0.838671 -0.544639 0.000000
outer loop
vertex -649.519043 -374.999969 300.000061
vertex -606.762756 -440.838837 300.000061
vertex -606.762756 -440.838806 600.000061
endloop
endfacet
facet normal -0.838670 -0.544640 0.000000
outer loop
vertex -649.519043 -374.999969 300.000061
vertex -606.762756 -440.838806 600.000061
vertex -649.519043 -374.999939 600.000061
endloop
endfacet
facet normal 0.358367 -0.933581 0.000000
outer loop
vertex 231.761703 -713.292664 300.000122
vertex 305.051422 -685.159485 300.000122
vertex 305.051422 -685.159424 600.000122
endloop
endfacet
facet normal 0.358367 -0.933581 0.000000
outer loop
vertex 231.761703 -713.292664 300.000122
vertex 305.051422 -685.159424 600.000122
vertex 231.761703 -713.292603 600.000122
endloop
endfacet
facet normal 0.987689 0.156431 -0.000000
outer loop
vertex 745.891663 78.394188 300.000000
vertex 733.611206 155.931549 299.999969
vertex 733.611206 155.931595 600.000000
endloop
endfacet
facet normal 0.987689 0.156431 -0.000000
outer loop
vertex 745.891663 78.394188 300.000000
vertex 733.611206 155.931595 600.000000
vertex 745.891663 78.394241 600.000000
endloop
endfacet
facet normal 0.052338 0.998629 -0.000001
outer loop
vertex 78.399681 745.891113 299.999878
vertex 0.000000 750.000061 299.999878
vertex 0.000000 750.000122 599.999878
endloop
endfacet
facet normal 0.052338 0.998629 -0.000000
outer loop
vertex 78.399681 745.891113 299.999878
vertex 0.000000 750.000122 599.999878
vertex 78.399681 745.891174 599.999878
endloop
endfacet
facet normal -0.629321 0.777146 -0.000000
outer loop
vertex -440.838928 606.762817 299.999908
vertex -501.847961 557.358643 299.999908
vertex -501.847961 557.358704 599.999939
endloop
endfacet
facet normal -0.629321 0.777146 0.000000
outer loop
vertex -440.838928 606.762817 299.999908
vertex -501.847961 557.358704 599.999939
vertex -440.838928 606.762878 599.999878
endloop
endfacet
facet normal -0.891007 -0.453990 0.000000
outer loop
vertex -685.159058 -305.052460 300.000061
vertex -649.519043 -374.999969 300.000061
vertex -649.519043 -374.999939 600.000061
endloop
endfacet
facet normal -0.891007 -0.453990 0.000000
outer loop
vertex -685.159058 -305.052460 300.000061
vertex -649.519043 -374.999939 600.000061
vertex -685.159058 -305.052429 600.000061
endloop
endfacet
facet normal 0.258818 -0.965926 0.000000
outer loop
vertex 155.932800 -733.610840 300.000122
vertex 231.761703 -713.292664 300.000122
vertex 231.761703 -713.292603 600.000122
endloop
endfacet
facet normal 0.258818 -0.965926 0.000000
outer loop
vertex 155.932800 -733.610840 300.000122
vertex 231.761703 -713.292603 600.000122
vertex 155.932800 -733.610779 600.000122
endloop
endfacet
facet normal 0.998630 0.052332 -0.000000
outer loop
vertex 750.000000 -0.002088 300.000000
vertex 745.891663 78.394188 300.000000
vertex 745.891663 78.394241 600.000000
endloop
endfacet
facet normal 0.998630 0.052334 -0.000000
outer loop
vertex 750.000000 -0.002088 300.000000
vertex 745.891663 78.394241 600.000000
vertex 750.000000 -0.002039 600.000000
endloop
endfacet
facet normal 0.156439 0.987688 0.000000
outer loop
vertex 155.936981 733.610046 299.999878
vertex 78.399681 745.891113 299.999878
vertex 78.399681 745.891174 599.999878
endloop
endfacet
facet normal 0.156439 0.987688 0.000000
outer loop
vertex 155.936981 733.610046 299.999878
vertex 78.399681 745.891174 599.999878
vertex 155.936981 733.610107 599.999878
endloop
endfacet
facet normal -0.629321 0.777146 0.000000
outer loop
vertex -440.838928 606.762878 599.999878
vertex -501.847961 557.358704 599.999939
vertex -501.847961 557.358704 899.999939
endloop
endfacet
facet normal -0.629320 0.777146 0.000000
outer loop
vertex -440.838928 606.762878 599.999878
vertex -501.847961 557.358704 899.999939
vertex -440.838928 606.762878 899.999878
endloop
endfacet
facet normal 0.052338 0.998629 0.000000
outer loop
vertex 78.399681 745.891174 599.999878
vertex 0.000000 750.000122 599.999878
vertex 0.000000 750.000122 899.999878
endloop
endfacet
facet normal 0.052338 0.998629 0.000000
outer loop
vertex 78.399681 745.891174 599.999878
vertex 0.000000 750.000122 899.999878
vertex 78.399681 745.891174 899.999878
endloop
endfacet
facet normal 0.358367 -0.933581 0.000000
outer loop
vertex 231.761703 -713.292603 600.000122
vertex 305.051422 -685.159424 600.000122
vertex 305.051422 -685.159424 900.000122
endloop
endfacet
facet normal 0.358367 -0.933581 0.000000
outer loop
vertex 231.761703 -713.292603 600.000122
vertex 305.051422 -685.159424 900.000122
vertex 231.761703 -713.292603 900.000122
endloop
endfacet
facet normal -0.707106 0.707107 0.000000
outer loop
vertex -501.847961 557.358704 599.999939
vertex -557.358643 501.848022 599.999939
vertex -557.358643 501.848083 899.999939
endloop
endfacet
facet normal -0.707107 0.707107 0.000000
outer loop
vertex -501.847961 557.358704 599.999939
vertex -557.358643 501.848083 899.999939
vertex -501.847961 557.358704 899.999939
endloop
endfacet
facet normal 0.453989 -0.891007 0.000000
outer loop
vertex 305.051422 -685.159424 600.000122
vertex 374.998901 -649.519531 600.000122
vertex 374.998901 -649.519531 900.000122
endloop
endfacet
facet normal 0.453989 -0.891007 0.000000
outer loop
vertex 305.051422 -685.159424 600.000122
vertex 374.998901 -649.519531 900.000122
vertex 305.051422 -685.159424 900.000122
endloop
endfacet
facet normal -0.777146 0.629321 -0.000000
outer loop
vertex -557.358643 501.848022 599.999939
vertex -606.762756 440.839020 599.999939
vertex -606.762756 440.839081 899.999939
endloop
endfacet
facet normal -0.777146 0.629320 0.000000
outer loop
vertex -557.358643 501.848022 599.999939
vertex -606.762756 440.839081 899.999939
vertex -557.358643 501.848083 899.999939
endloop
endfacet
facet normal 0.544637 -0.838672 0.000000
outer loop
vertex 374.998901 -649.519531 600.000122
vertex 440.837860 -606.763428 600.000122
vertex 440.837860 -606.763428 900.000122
endloop
endfacet
facet normal 0.544637 -0.838672 0.000000
outer loop
vertex 374.998901 -649.519531 600.000122
vertex 440.837860 -606.763428 900.000122
vertex 374.998901 -649.519531 900.000122
endloop
endfacet
facet normal -0.838670 0.544639 0.000000
outer loop
vertex -606.762756 440.839020 599.999939
vertex -649.519104 375.000061 599.999939
vertex -649.519104 375.000122 899.999939
endloop
endfacet
facet normal -0.838670 0.544639 -0.000000
outer loop
vertex -606.762756 440.839020 599.999939
vertex -649.519104 375.000122 899.999939
vertex -606.762756 440.839081 899.999939
endloop
endfacet
facet normal 0.629319 -0.777147 0.000000
outer loop
vertex 440.837860 -606.763428 600.000122
vertex 501.846893 -557.359497 600.000061
vertex 501.846893 -557.359497 900.000061
endloop
endfacet
facet normal 0.629319 -0.777147 0.000000
outer loop
vertex 440.837860 -606.763428 600.000122
vertex 501.846893 -557.359497 900.000061
vertex 440.837860 -606.763428 900.000122
endloop
endfacet
facet normal -0.891007 0.453990 -0.000000
outer loop
vertex -649.519104 375.000061 599.999939
vertex -685.159119 305.052551 599.999939
vertex -685.159119 305.052612 899.999939
endloop
endfacet
facet normal -0.891007 0.453990 -0.000000
outer loop
vertex -649.519104 375.000061 599.999939
vertex -685.159119 305.052612 899.999939
vertex -649.519104 375.000122 899.999939
endloop
endfacet
facet normal 0.707105 -0.707108 0.000000
outer loop
vertex 501.846893 -557.359497 600.000061
vertex 557.357605 -501.848999 600.000061
vertex 557.357605 -501.848938 900.000061
endloop
endfacet
facet normal 0.707106 -0.707108 0.000000
outer loop
vertex 501.846893 -557.359497 600.000061
vertex 557.357605 -501.848938 900.000061
vertex 501.846893 -557.359497 900.000061
endloop
endfacet
facet normal -0.933581 0.358367 -0.000000
outer loop
vertex -685.159119 305.052551 599.999939
vertex -713.292419 231.762817 599.999939
vertex -713.292419 231.762878 899.999939
endloop
endfacet
facet normal -0.933580 0.358368 -0.000000
outer loop
vertex -685.159119 305.052551 599.999939
vertex -713.292419 231.762878 899.999939
vertex -685.159119 305.052612 899.999939
endloop
endfacet
facet normal 0.777144 -0.629322 0.000000
outer loop
vertex 557.357605 -501.848999 600.000061
vertex 606.761841 -440.840118 600.000061
vertex 606.761841 -440.840057 900.000061
endloop
endfacet
facet normal 0.777145 -0.629322 0.000000
outer loop
vertex 557.357605 -501.848999 600.000061
vertex 606.761841 -440.840057 900.000061
vertex 557.357605 -501.848938 900.000061
endloop
endfacet
facet normal -0.965925 0.258821 -0.000000
outer loop
vertex -713.292419 231.762817 599.999939
vertex -733.610718 155.933838 600.000000
vertex -733.610718 155.933899 900.000000
endloop
endfacet
facet normal -0.965926 0.258818 -0.000000
outer loop
vertex -713.292419 231.762817 599.999939
vertex -733.610718 155.933899 900.000000
vertex -713.292419 231.762878 899.999939
endloop
endfacet
facet normal 0.838670 -0.544640 0.000000
outer loop
vertex 606.761841 -440.840118 600.000061
vertex 649.518127 -375.001373 600.000061
vertex 649.518127 -375.001312 900.000061
endloop
endfacet
facet normal 0.838670 -0.544641 0.000000
outer loop
vertex 606.761841 -440.840118 600.000061
vertex 649.518127 -375.001312 900.000061
vertex 606.761841 -440.840057 900.000061
endloop
endfacet
facet normal -0.987689 0.156433 -0.000000
outer loop
vertex -733.610718 155.933838 600.000000
vertex -745.891418 78.396408 600.000000
vertex -745.891418 78.396454 900.000000
endloop
endfacet
facet normal -0.987688 0.156435 -0.000000
outer loop
vertex -733.610718 155.933838 600.000000
vertex -745.891418 78.396454 900.000000
vertex -733.610718 155.933899 900.000000
endloop
endfacet
facet normal 0.891006 -0.453992 0.000000
outer loop
vertex 649.518127 -375.001373 600.000061
vertex 685.158325 -305.054016 600.000061
vertex 685.158325 -305.053955 900.000061
endloop
endfacet
facet normal 0.891005 -0.453994 0.000000
outer loop
vertex 649.518127 -375.001373 600.000061
vertex 685.158325 -305.053955 900.000061
vertex 649.518127 -375.001312 900.000061
endloop
endfacet
facet normal -0.998629 0.052337 -0.000000
outer loop
vertex -745.891418 78.396408 600.000000
vertex -750.000000 0.000065 600.000000
vertex -750.000000 0.000114 900.000000
endloop
endfacet
facet normal -0.998630 0.052336 -0.000000
outer loop
vertex -745.891418 78.396408 600.000000
vertex -750.000000 0.000114 900.000000
vertex -745.891418 78.396454 900.000000
endloop
endfacet
facet normal 0.933580 -0.358370 0.000000
outer loop
vertex 685.158325 -305.054016 600.000061
vertex 713.291809 -231.764435 600.000061
vertex 713.291809 -231.764374 900.000061
endloop
endfacet
facet normal 0.933579 -0.358371 0.000000
outer loop
vertex 685.158325 -305.054016 600.000061
vertex 713.291809 -231.764374 900.000061
vertex 685.158325 -305.053955 900.000061
endloop
endfacet
facet normal -0.998629 -0.052335 0.000000
outer loop
vertex -750.000000 0.000065 600.000000
vertex -745.891418 -78.396286 600.000000
vertex -745.891418 -78.396240 900.000000
endloop
endfacet
facet normal -0.998629 -0.052337 0.000000
outer loop
vertex -750.000000 0.000065 600.000000
vertex -745.891418 -78.396240 900.000000
vertex -750.000000 0.000114 900.000000
endloop
endfacet
facet normal 0.965925 -0.258822 0.000000
outer loop
vertex 713.291809 -231.764435 600.000061
vertex 733.610291 -155.935608 600.000000
vertex 733.610291 -155.935547 900.000000
endloop
endfacet
facet normal 0.965925 -0.258821 0.000000
outer loop
vertex 713.291809 -231.764435 600.000061
vertex 733.610291 -155.935547 900.000000
vertex 713.291809 -231.764374 900.000061
endloop
endfacet
facet normal -0.987688 -0.156435 0.000000
outer loop
vertex -745.891418 -78.396286 600.000000
vertex -733.610718 -155.933731 600.000000
vertex -733.610718 -155.933670 900.000000
endloop
endfacet
facet normal -0.987689 -0.156433 0.000000
outer loop
vertex -745.891418 -78.396286 600.000000
vertex -733.610718 -155.933670 900.000000
vertex -745.891418 -78.396240 900.000000
endloop
endfacet
facet normal 0.987688 -0.156439 0.000000
outer loop
vertex 733.610291 -155.935608 600.000000
vertex 745.891235 -78.398285 600.000000
vertex 745.891235 -78.398239 900.000000
endloop
endfacet
facet normal 0.987688 -0.156436 0.000000
outer loop
vertex 733.610291 -155.935608 600.000000
vertex 745.891235 -78.398239 900.000000
vertex 733.610291 -155.935547 900.000000
endloop
endfacet
facet normal -0.965926 -0.258819 0.000000
outer loop
vertex -733.610718 -155.933731 600.000000
vertex -713.292358 -231.762680 600.000061
vertex -713.292358 -231.762619 900.000061
endloop
endfacet
facet normal -0.965925 -0.258820 0.000000
outer loop
vertex -733.610718 -155.933731 600.000000
vertex -713.292358 -231.762619 900.000061
vertex -733.610718 -155.933670 900.000000
endloop
endfacet
facet normal 0.998629 -0.052338 0.000000
outer loop
vertex 745.891235 -78.398285 600.000000
vertex 750.000000 -0.002039 600.000000
vertex 750.000000 -0.001990 900.000000
endloop
endfacet
facet normal 0.998629 -0.052338 0.000000
outer loop
vertex 745.891235 -78.398285 600.000000
vertex 750.000000 -0.001990 900.000000
vertex 745.891235 -78.398239 900.000000
endloop
endfacet
facet normal -0.933580 -0.358368 0.000000
outer loop
vertex -713.292358 -231.762680 600.000061
vertex -685.159058 -305.052429 600.000061
vertex -685.159058 -305.052368 900.000061
endloop
endfacet
facet normal -0.933581 -0.358367 0.000000
outer loop
vertex -713.292358 -231.762680 600.000061
vertex -685.159058 -305.052368 900.000061
vertex -713.292358 -231.762619 900.000061
endloop
endfacet
facet normal 0.998630 0.052332 -0.000000
outer loop
vertex 750.000000 -0.002039 600.000000
vertex 745.891663 78.394241 600.000000
vertex 745.891663 78.394287 900.000000
endloop
endfacet
facet normal 0.998630 0.052334 -0.000000
outer loop
vertex 750.000000 -0.002039 600.000000
vertex 745.891663 78.394287 900.000000
vertex 750.000000 -0.001990 900.000000
endloop
endfacet
facet normal -0.891007 -0.453990 0.000000
outer loop
vertex -685.159058 -305.052429 600.000061
vertex -649.519043 -374.999939 600.000061
vertex -649.519043 -374.999878 900.000061
endloop
endfacet
facet normal -0.891007 -0.453990 0.000000
outer loop
vertex -685.159058 -305.052429 600.000061
vertex -649.519043 -374.999878 900.000061
vertex -685.159058 -305.052368 900.000061
endloop
endfacet
facet normal 0.987689 0.156432 -0.000000
outer loop
vertex 745.891663 78.394241 600.000000
vertex 733.611206 155.931595 600.000000
vertex 733.611206 155.931656 900.000000
endloop
endfacet
facet normal 0.987689 0.156431 -0.000000
outer loop
vertex 745.891663 78.394241 600.000000
vertex 733.611206 155.931656 900.000000
vertex 745.891663 78.394287 900.000000
endloop
endfacet
facet normal -0.838671 -0.544639 0.000000
outer loop
vertex -649.519043 -374.999939 600.000061
vertex -606.762756 -440.838806 600.000061
vertex -606.762756 -440.838745 900.000061
endloop
endfacet
facet normal -0.838670 -0.544640 0.000000
outer loop
vertex -649.519043 -374.999939 600.000061
vertex -606.762756 -440.838745 900.000061
vertex -649.519043 -374.999878 900.000061
endloop
endfacet
facet normal 0.965927 0.258814 -0.000000
outer loop
vertex 733.611206 155.931595 600.000000
vertex 713.293152 231.760559 599.999939
vertex 713.293152 231.760620 899.999939
endloop
endfacet
facet normal 0.965926 0.258817 -0.000000
outer loop
vertex 733.611206 155.931595 600.000000
vertex 713.293152 231.760620 899.999939
vertex 733.611206 155.931656 900.000000
endloop
endfacet
facet normal -0.777146 -0.629320 0.000000
outer loop
vertex -606.762756 -440.838806 600.000061
vertex -557.358704 -501.847809 600.000061
vertex -557.358704 -501.847748 900.000061
endloop
endfacet
facet normal -0.777146 -0.629320 0.000000
outer loop
vertex -606.762756 -440.838806 600.000061
vertex -557.358704 -501.847748 900.000061
vertex -606.762756 -440.838745 900.000061
endloop
endfacet
facet normal 0.933582 0.358365 -0.000000
outer loop
vertex 713.293152 231.760559 599.999939
vertex 685.160034 305.050293 599.999939
vertex 685.160034 305.050354 899.999939
endloop
endfacet
facet normal 0.933581 0.358367 -0.000000
outer loop
vertex 713.293152 231.760559 599.999939
vertex 685.160034 305.050354 899.999939
vertex 713.293152 231.760620 899.999939
endloop
endfacet
facet normal -0.707107 -0.707107 0.000000
outer loop
vertex -557.358704 -501.847809 600.000061
vertex -501.848114 -557.358337 600.000061
vertex -501.848114 -557.358337 900.000061
endloop
endfacet
facet normal -0.707107 -0.707107 0.000000
outer loop
vertex -557.358704 -501.847809 600.000061
vertex -501.848114 -557.358337 900.000061
vertex -557.358704 -501.847748 900.000061
endloop
endfacet
facet normal 0.891008 0.453988 -0.000000
outer loop
vertex 685.160034 305.050293 599.999939
vertex 649.520325 374.997864 599.999939
vertex 649.520325 374.997925 899.999939
endloop
endfacet
facet normal 0.891008 0.453987 -0.000000
outer loop
vertex 685.160034 305.050293 599.999939
vertex 649.520325 374.997925 899.999939
vertex 685.160034 305.050354 899.999939
endloop
endfacet
facet normal -0.629321 -0.777146 0.000000
outer loop
vertex -501.848114 -557.358337 600.000061
vertex -440.839233 -606.762451 600.000122
vertex -440.839233 -606.762451 900.000122
endloop
endfacet
facet normal -0.629321 -0.777145 0.000000
outer loop
vertex -501.848114 -557.358337 600.000061
vertex -440.839233 -606.762451 900.000122
vertex -501.848114 -557.358337 900.000061
endloop
endfacet
facet normal 0.838672 0.544636 -0.000000
outer loop
vertex 649.520325 374.997864 599.999939
vertex 606.764343 440.836884 599.999939
vertex 606.764343 440.836945 899.999939
endloop
endfacet
facet normal 0.838673 0.544635 0.000000
outer loop
vertex 649.520325 374.997864 599.999939
vertex 606.764343 440.836945 899.999939
vertex 649.520325 374.997925 899.999939
endloop
endfacet
facet normal -0.544639 -0.838670 0.000000
outer loop
vertex -440.839233 -606.762451 600.000122
vertex -375.000366 -649.518738 600.000122
vertex -375.000366 -649.518738 900.000122
endloop
endfacet
facet normal -0.544639 -0.838670 0.000000
outer loop
vertex -440.839233 -606.762451 600.000122
vertex -375.000366 -649.518738 900.000122
vertex -440.839233 -606.762451 900.000122
endloop
endfacet
facet normal 0.777148 0.629318 -0.000000
outer loop
vertex 606.764343 440.836884 599.999939
vertex 557.360474 501.846008 599.999939
vertex 557.360474 501.846069 899.999939
endloop
endfacet
facet normal 0.777148 0.629318 0.000000
outer loop
vertex 606.764343 440.836884 599.999939
vertex 557.360474 501.846069 899.999939
vertex 606.764343 440.836945 899.999939
endloop
endfacet
facet normal -0.453991 -0.891006 0.000000
outer loop
vertex -375.000366 -649.518738 600.000122
vertex -305.052917 -685.158813 600.000122
vertex -305.052917 -685.158813 900.000122
endloop
endfacet
facet normal -0.453991 -0.891006 0.000000
outer loop
vertex -375.000366 -649.518738 600.000122
vertex -305.052917 -685.158813 900.000122
vertex -375.000366 -649.518738 900.000122
endloop
endfacet
facet normal 0.707110 0.707104 0.000000
outer loop
vertex 557.360474 501.846008 599.999939
vertex 501.850067 557.356873 599.999939
vertex 501.850067 557.356873 899.999939
endloop
endfacet
facet normal 0.707109 0.707104 0.000000
outer loop
vertex 557.360474 501.846008 599.999939
vertex 501.850067 557.356873 899.999939
vertex 557.360474 501.846069 899.999939
endloop
endfacet
facet normal -0.358369 -0.933580 0.000000
outer loop
vertex -305.052917 -685.158813 600.000122
vertex -231.763275 -713.292114 600.000122
vertex -231.763275 -713.292114 900.000122
endloop
endfacet
facet normal -0.358368 -0.933580 0.000000
outer loop
vertex -305.052917 -685.158813 600.000122
vertex -231.763275 -713.292114 900.000122
vertex -305.052917 -685.158813 900.000122
endloop
endfacet
facet normal -0.052336 0.998629 0.000000
outer loop
vertex 0.000000 750.000122 599.999878
vertex -78.396347 745.891541 599.999878
vertex -78.396347 745.891541 899.999878
endloop
endfacet
facet normal -0.052336 0.998629 0.000000
outer loop
vertex 0.000000 750.000122 599.999878
vertex -78.396347 745.891541 899.999878
vertex 0.000000 750.000122 899.999878
endloop
endfacet
facet normal 0.629323 0.777144 0.000000
outer loop
vertex 501.850067 557.356873 599.999939
vertex 440.841309 606.761169 599.999878
vertex 440.841309 606.761169 899.999878
endloop
endfacet
facet normal 0.629324 0.777143 0.000000
outer loop
vertex 501.850067 557.356873 599.999939
vertex 440.841309 606.761169 899.999878
vertex 501.850067 557.356873 899.999939
endloop
endfacet
facet normal -0.258819 -0.965926 0.000000
outer loop
vertex -231.763275 -713.292114 600.000122
vertex -155.934402 -733.610413 600.000122
vertex -155.934402 -733.610413 900.000122
endloop
endfacet
facet normal -0.258819 -0.965926 0.000000
outer loop
vertex -231.763275 -713.292114 600.000122
vertex -155.934402 -733.610413 900.000122
vertex -231.763275 -713.292114 900.000122
endloop
endfacet
facet normal -0.156434 0.987688 0.000000
outer loop
vertex -78.396347 745.891541 599.999878
vertex -155.933777 733.610840 599.999878
vertex -155.933777 733.610840 899.999878
endloop
endfacet
facet normal -0.156434 0.987688 0.000000
outer loop
vertex -78.396347 745.891541 599.999878
vertex -155.933777 733.610840 899.999878
vertex -78.396347 745.891541 899.999878
endloop
endfacet
facet normal 0.544642 0.838669 0.000000
outer loop
vertex 440.841309 606.761169 599.999878
vertex 375.002563 649.517700 599.999878
vertex 375.002563 649.517700 899.999878
endloop
endfacet
facet normal 0.544642 0.838669 0.000000
outer loop
vertex 440.841309 606.761169 599.999878
vertex 375.002563 649.517700 899.999878
vertex 440.841309 606.761169 899.999878
endloop
endfacet
facet normal -0.156436 -0.987688 0.000000
outer loop
vertex -155.934402 -733.610413 600.000122
vertex -78.397087 -745.891235 600.000122
vertex -78.397087 -745.891235 900.000122
endloop
endfacet
facet normal -0.156436 -0.987688 0.000000
outer loop
vertex -155.934402 -733.610413 600.000122
vertex -78.397087 -745.891235 900.000122
vertex -155.934402 -733.610413 900.000122
endloop
endfacet
facet normal -0.258819 0.965926 0.000000
outer loop
vertex -155.933777 733.610840 599.999878
vertex -231.762741 713.292542 599.999878
vertex -231.762741 713.292542 899.999878
endloop
endfacet
facet normal -0.258819 0.965926 0.000000
outer loop
vertex -155.933777 733.610840 599.999878
vertex -231.762741 713.292542 899.999878
vertex -155.933777 733.610840 899.999878
endloop
endfacet
facet normal 0.453994 0.891004 0.000000
outer loop
vertex 375.002563 649.517700 599.999878
vertex 305.055328 685.157959 599.999878
vertex 305.055328 685.157959 899.999878
endloop
endfacet
facet normal 0.453994 0.891005 0.000000
outer loop
vertex 375.002563 649.517700 599.999878
vertex 305.055328 685.157959 899.999878
vertex 375.002563 649.517700 899.999878
endloop
endfacet
facet normal -0.052337 -0.998630 0.000000
outer loop
vertex -78.397087 -745.891235 600.000122
vertex -0.000829 -749.999878 600.000122
vertex -0.000829 -749.999878 900.000122
endloop
endfacet
facet normal -0.052337 -0.998630 0.000000
outer loop
vertex -78.397087 -745.891235 600.000122
vertex -0.000829 -749.999878 900.000122
vertex -78.397087 -745.891235 900.000122
endloop
endfacet
facet normal -0.358369 0.933580 0.000000
outer loop
vertex -231.762741 713.292542 599.999878
vertex -305.052490 685.159180 599.999878
vertex -305.052490 685.159180 899.999878
endloop
endfacet
facet normal -0.358368 0.933580 0.000000
outer loop
vertex -231.762741 713.292542 599.999878
vertex -305.052490 685.159180 899.999878
vertex -231.762741 713.292542 899.999878
endloop
endfacet
facet normal 0.358372 0.933579 0.000000
outer loop
vertex 305.055328 685.157959 599.999878
vertex 231.765762 713.291565 599.999878
vertex 231.765762 713.291565 899.999878
endloop
endfacet
facet normal 0.358372 0.933579 0.000000
outer loop
vertex 305.055328 685.157959 599.999878
vertex 231.765762 713.291565 899.999878
vertex 305.055328 685.157959 899.999878
endloop
endfacet
facet normal 0.052335 -0.998630 0.000000
outer loop
vertex -0.000829 -749.999878 600.000122
vertex 78.395432 -745.891357 600.000122
vertex 78.395432 -745.891357 900.000122
endloop
endfacet
facet normal 0.052335 -0.998630 0.000000
outer loop
vertex -0.000829 -749.999878 600.000122
vertex 78.395432 -745.891357 900.000122
vertex -0.000829 -749.999878 900.000122
endloop
endfacet
facet normal -0.453990 0.891007 0.000000
outer loop
vertex -305.052490 685.159180 599.999878
vertex -375.000000 649.519165 599.999878
vertex -375.000000 649.519165 899.999878
endloop
endfacet
facet normal -0.453990 0.891007 0.000000
outer loop
vertex -305.052490 685.159180 599.999878
vertex -375.000000 649.519165 899.999878
vertex -305.052490 685.159180 899.999878
endloop
endfacet
facet normal 0.258822 0.965925 0.000000
outer loop
vertex 231.765762 713.291565 599.999878
vertex 155.936981 733.610107 599.999878
vertex 155.936981 733.610107 899.999878
endloop
endfacet
facet normal 0.258823 0.965925 0.000000
outer loop
vertex 231.765762 713.291565 599.999878
vertex 155.936981 733.610107 899.999878
vertex 231.765762 713.291565 899.999878
endloop
endfacet
facet normal 0.156433 -0.987689 0.000000
outer loop
vertex 78.395432 -745.891357 600.000122
vertex 155.932800 -733.610779 600.000122
vertex 155.932800 -733.610779 900.000122
endloop
endfacet
facet normal 0.156433 -0.987689 0.000000
outer loop
vertex 78.395432 -745.891357 600.000122
vertex 155.932800 -733.610779 900.000122
vertex 78.395432 -745.891357 900.000122
endloop
endfacet
facet normal -0.544639 0.838671 0.000000
outer loop
vertex -375.000000 649.519165 599.999878
vertex -440.838928 606.762878 599.999878
vertex -440.838928 606.762878 899.999878
endloop
endfacet
facet normal -0.544639 0.838671 0.000000
outer loop
vertex -375.000000 649.519165 599.999878
vertex -440.838928 606.762878 899.999878
vertex -375.000000 649.519165 899.999878
endloop
endfacet
facet normal 0.156439 0.987688 0.000000
outer loop
vertex 155.936981 733.610107 599.999878
vertex 78.399681 745.891174 599.999878
vertex 78.399681 745.891174 899.999878
endloop
endfacet
facet normal 0.156439 0.987688 0.000000
outer loop
vertex 155.936981 733.610107 599.999878
vertex 78.399681 745.891174 899.999878
vertex 155.936981 733.610107 899.999878
endloop
endfacet
facet normal 0.258818 -0.965926 0.000000
outer loop
vertex 155.932800 -733.610779 600.000122
vertex 231.761703 -713.292603 600.000122
vertex 231.761703 -713.292603 900.000122
endloop
endfacet
facet normal 0.258818 -0.965926 0.000000
outer loop
vertex 155.932800 -733.610779 600.000122
vertex 231.761703 -713.292603 900.000122
vertex 155.932800 -733.610779 900.000122
endloop
endfacet
facet normal -0.965925 -0.258821 0.000000
outer loop
vertex -733.610718 -155.933670 900.000000
vertex -713.292358 -231.762619 900.000061
vertex -713.292358 -231.762573 1200.000000
endloop
endfacet
facet normal -0.965926 -0.258819 0.000000
outer loop
vertex -733.610718 -155.933670 900.000000
vertex -713.292358 -231.762573 1200.000000
vertex -733.610718 -155.933624 1200.000000
endloop
endfacet
facet normal 0.998630 -0.052338 0.000000
outer loop
vertex 745.891235 -78.398239 900.000000
vertex 750.000000 -0.001990 900.000000
vertex 750.000000 -0.001941 1200.000000
endloop
endfacet
facet normal 0.998629 -0.052338 0.000000
outer loop
vertex 745.891235 -78.398239 900.000000
vertex 750.000000 -0.001941 1200.000000
vertex 745.891235 -78.398186 1200.000000
endloop
endfacet
facet normal -0.933580 -0.358369 0.000000
outer loop
vertex -713.292358 -231.762619 900.000061
vertex -685.159058 -305.052368 900.000061
vertex -685.159058 -305.052338 1200.000000
endloop
endfacet
facet normal -0.933581 -0.358367 0.000000
outer loop
vertex -713.292358 -231.762619 900.000061
vertex -685.159058 -305.052338 1200.000000
vertex -713.292358 -231.762573 1200.000000
endloop
endfacet
facet normal 0.998630 0.052332 -0.000000
outer loop
vertex 750.000000 -0.001990 900.000000
vertex 745.891663 78.394287 900.000000
vertex 745.891663 78.394341 1200.000000
endloop
endfacet
facet normal 0.998630 0.052334 -0.000000
outer loop
vertex 750.000000 -0.001990 900.000000
vertex 745.891663 78.394341 1200.000000
vertex 750.000000 -0.001941 1200.000000
endloop
endfacet
facet normal -0.891007 -0.453990 0.000000
outer loop
vertex -685.159058 -305.052368 900.000061
vertex -649.519043 -374.999878 900.000061
vertex -649.519043 -374.999847 1200.000122
endloop
endfacet
facet normal -0.891007 -0.453990 0.000000
outer loop
vertex -685.159058 -305.052368 900.000061
vertex -649.519043 -374.999847 1200.000122
vertex -685.159058 -305.052338 1200.000000
endloop
endfacet
facet normal 0.987689 0.156432 -0.000000
outer loop
vertex 745.891663 78.394287 900.000000
vertex 733.611206 155.931656 900.000000
vertex 733.611206 155.931702 1200.000000
endloop
endfacet
facet normal 0.987689 0.156431 -0.000000
outer loop
vertex 745.891663 78.394287 900.000000
vertex 733.611206 155.931702 1200.000000
vertex 745.891663 78.394341 1200.000000
endloop
endfacet
facet normal -0.838671 -0.544639 0.000000
outer loop
vertex -649.519043 -374.999878 900.000061
vertex -606.762756 -440.838745 900.000061
vertex -606.762756 -440.838715 1200.000122
endloop
endfacet
facet normal -0.838670 -0.544640 0.000000
outer loop
vertex -649.519043 -374.999878 900.000061
vertex -606.762756 -440.838715 1200.000122
vertex -649.519043 -374.999847 1200.000122
endloop
endfacet
facet normal 0.965927 0.258816 -0.000000
outer loop
vertex 733.611206 155.931656 900.000000
vertex 713.293152 231.760620 899.999939
vertex 713.293152 231.760666 1200.000000
endloop
endfacet
facet normal 0.965926 0.258817 -0.000000
outer loop
vertex 733.611206 155.931656 900.000000
vertex 713.293152 231.760666 1200.000000
vertex 733.611206 155.931702 1200.000000
endloop
endfacet
facet normal -0.777146 -0.629320 0.000000
outer loop
vertex -606.762756 -440.838745 900.000061
vertex -557.358704 -501.847748 900.000061
vertex -557.358704 -501.847717 1200.000122
endloop
endfacet
facet normal -0.777146 -0.629320 0.000000
outer loop
vertex -606.762756 -440.838745 900.000061
vertex -557.358704 -501.847717 1200.000122
vertex -606.762756 -440.838715 1200.000122
endloop
endfacet
facet normal 0.933581 0.358366 -0.000000
outer loop
vertex 713.293152 231.760620 899.999939
vertex 685.160034 305.050354 899.999939
vertex 685.160034 305.050385 1200.000000
endloop
endfacet
facet normal 0.933581 0.358366 0.000000
outer loop
vertex 713.293152 231.760620 899.999939
vertex 685.160034 305.050385 1200.000000
vertex 713.293152 231.760666 1200.000000
endloop
endfacet
facet normal -0.707107 -0.707106 0.000000
outer loop
vertex -557.358704 -501.847748 900.000061
vertex -501.848114 -557.358337 900.000061
vertex -501.848114 -557.358276 1200.000122
endloop
endfacet
facet normal -0.707106 -0.707107 0.000000
outer loop
vertex -557.358704 -501.847748 900.000061
vertex -501.848114 -557.358276 1200.000122
vertex -557.358704 -501.847717 1200.000122
endloop
endfacet
facet normal 0.891008 0.453987 -0.000000
outer loop
vertex 685.160034 305.050354 899.999939
vertex 649.520325 374.997925 899.999939
vertex 649.520325 374.997955 1199.999878
endloop
endfacet
facet normal 0.891009 0.453986 0.000000
outer loop
vertex 685.160034 305.050354 899.999939
vertex 649.520325 374.997955 1199.999878
vertex 685.160034 305.050385 1200.000000
endloop
endfacet
facet normal -0.629321 -0.777146 0.000000
outer loop
vertex -501.848114 -557.358337 900.000061
vertex -440.839233 -606.762451 900.000122
vertex -440.839233 -606.762390 1200.000122
endloop
endfacet
facet normal -0.629321 -0.777145 0.000000
outer loop
vertex -501.848114 -557.358337 900.000061
vertex -440.839233 -606.762390 1200.000122
vertex -501.848114 -557.358276 1200.000122
endloop
endfacet
facet normal 0.838673 0.544635 0.000000
outer loop
vertex 649.520325 374.997925 899.999939
vertex 606.764343 440.836945 899.999939
vertex 606.764343 440.836975 1199.999878
endloop
endfacet
facet normal 0.838672 0.544636 -0.000000
outer loop
vertex 649.520325 374.997925 899.999939
vertex 606.764343 440.836975 1199.999878
vertex 649.520325 374.997955 1199.999878
endloop
endfacet
facet normal -0.544639 -0.838670 0.000000
outer loop
vertex -440.839233 -606.762451 900.000122
vertex -375.000366 -649.518738 900.000122
vertex -375.000366 -649.518677 1200.000122
endloop
endfacet
facet normal -0.544639 -0.838670 0.000000
outer loop
vertex -440.839233 -606.762451 900.000122
vertex -375.000366 -649.518677 1200.000122
vertex -440.839233 -606.762390 1200.000122
endloop
endfacet
facet normal 0.777149 0.629317 -0.000000
outer loop
vertex 606.764343 440.836945 899.999939
vertex 557.360474 501.846069 899.999939
vertex 557.360474 501.846100 1199.999878
endloop
endfacet
facet normal 0.777148 0.629318 0.000000
outer loop
vertex 606.764343 440.836945 899.999939
vertex 557.360474 501.846100 1199.999878
vertex 606.764343 440.836975 1199.999878
endloop
endfacet
facet normal -0.453991 -0.891006 0.000000
outer loop
vertex -375.000366 -649.518738 900.000122
vertex -305.052917 -685.158813 900.000122
vertex -305.052917 -685.158752 1200.000122
endloop
endfacet
facet normal -0.453991 -0.891006 0.000000
outer loop
vertex -375.000366 -649.518738 900.000122
vertex -305.052917 -685.158752 1200.000122
vertex -375.000366 -649.518677 1200.000122
endloop
endfacet
facet normal 0.707109 0.707104 -0.000000
outer loop
vertex 557.360474 501.846069 899.999939
vertex 501.850067 557.356873 899.999939
vertex 501.850067 557.356934 1199.999878
endloop
endfacet
facet normal 0.707109 0.707104 0.000000
outer loop
vertex 557.360474 501.846069 899.999939
vertex 501.850067 557.356934 1199.999878
vertex 557.360474 501.846100 1199.999878
endloop
endfacet
facet normal -0.358369 -0.933580 0.000000
outer loop
vertex -305.052917 -685.158813 900.000122
vertex -231.763275 -713.292114 900.000122
vertex -231.763275 -713.292053 1200.000122
endloop
endfacet
facet normal -0.358368 -0.933580 0.000000
outer loop
vertex -305.052917 -685.158813 900.000122
vertex -231.763275 -713.292053 1200.000122
vertex -305.052917 -685.158752 1200.000122
endloop
endfacet
facet normal -0.052336 0.998629 -0.000000
outer loop
vertex 0.000000 750.000122 899.999878
vertex -78.396347 745.891541 899.999878
vertex -78.396347 745.891602 1199.999878
endloop
endfacet
facet normal -0.052336 0.998629 -0.000000
outer loop
vertex 0.000000 750.000122 899.999878
vertex -78.396347 745.891602 1199.999878
vertex 0.000000 750.000183 1199.999878
endloop
endfacet
facet normal 0.629323 0.777144 -0.000000
outer loop
vertex 501.850067 557.356873 899.999939
vertex 440.841309 606.761169 899.999878
vertex 440.841309 606.761230 1199.999878
endloop
endfacet
facet normal 0.629324 0.777143 0.000000
outer loop
vertex 501.850067 557.356873 899.999939
vertex 440.841309 606.761230 1199.999878
vertex 501.850067 557.356934 1199.999878
endloop
endfacet
facet normal -0.258819 -0.965926 0.000000
outer loop
vertex -231.763275 -713.292114 900.000122
vertex -155.934402 -733.610413 900.000122
vertex -155.934402 -733.610352 1200.000122
endloop
endfacet
facet normal -0.258819 -0.965926 0.000000
outer loop
vertex -231.763275 -713.292114 900.000122
vertex -155.934402 -733.610352 1200.000122
vertex -231.763275 -713.292053 1200.000122
endloop
endfacet
facet normal -0.156434 0.987688 0.000000
outer loop
vertex -78.396347 745.891541 899.999878
vertex -155.933777 733.610840 899.999878
vertex -155.933777 733.610901 1199.999878
endloop
endfacet
facet normal -0.156434 0.987688 0.000000
outer loop
vertex -78.396347 745.891541 899.999878
vertex -155.933777 733.610901 1199.999878
vertex -78.396347 745.891602 1199.999878
endloop
endfacet
facet normal 0.544642 0.838668 -0.000000
outer loop
vertex 440.841309 606.761169 899.999878
vertex 375.002563 649.517700 899.999878
vertex 375.002563 649.517761 1199.999878
endloop
endfacet
facet normal 0.544642 0.838669 -0.000000
outer loop
vertex 440.841309 606.761169 899.999878
vertex 375.002563 649.517761 1199.999878
vertex 440.841309 606.761230 1199.999878
endloop
endfacet
facet normal -0.156436 -0.987688 0.000001
outer loop
vertex -155.934402 -733.610413 900.000122
vertex -78.397087 -745.891235 900.000122
vertex -78.397087 -745.891174 1200.000122
endloop
endfacet
facet normal -0.156436 -0.987688 0.000000
outer loop
vertex -155.934402 -733.610413 900.000122
vertex -78.397087 -745.891174 1200.000122
vertex -155.934402 -733.610352 1200.000122
endloop
endfacet
facet normal -0.258819 0.965926 -0.000000
outer loop
vertex -155.933777 733.610840 899.999878
vertex -231.762741 713.292542 899.999878
vertex -231.762741 713.292603 1199.999878
endloop
endfacet
facet normal -0.258819 0.965926 -0.000000
outer loop
vertex -155.933777 733.610840 899.999878
vertex -231.762741 713.292603 1199.999878
vertex -155.933777 733.610901 1199.999878
endloop
endfacet
facet normal 0.453994 0.891004 -0.000000
outer loop
vertex 375.002563 649.517700 899.999878
vertex 305.055328 685.157959 899.999878
vertex 305.055328 685.158020 1199.999878
endloop
endfacet
facet normal 0.453994 0.891005 0.000000
outer loop
vertex 375.002563 649.517700 899.999878
vertex 305.055328 685.158020 1199.999878
vertex 375.002563 649.517761 1199.999878
endloop
endfacet
facet normal -0.052337 -0.998630 0.000000
outer loop
vertex -78.397087 -745.891235 900.000122
vertex -0.000829 -749.999878 900.000122
vertex -0.000829 -749.999817 1200.000122
endloop
endfacet
facet normal -0.052337 -0.998630 0.000001
outer loop
vertex -78.397087 -745.891235 900.000122
vertex -0.000829 -749.999817 1200.000122
vertex -78.397087 -745.891174 1200.000122
endloop
endfacet
facet normal -0.358369 0.933580 -0.000000
outer loop
vertex -231.762741 713.292542 899.999878
vertex -305.052490 685.159180 899.999878
vertex -305.052490 685.159241 1199.999878
endloop
endfacet
facet normal -0.358368 0.933580 -0.000000
outer loop
vertex -231.762741 713.292542 899.999878
vertex -305.052490 685.159241 1199.999878
vertex -231.762741 713.292603 1199.999878
endloop
endfacet
facet normal 0.358372 0.933579 -0.000000
outer loop
vertex 305.055328 685.157959 899.999878
vertex 231.765762 713.291565 899.999878
vertex 231.765762 713.291626 1199.999878
endloop
endfacet
facet normal 0.358372 0.933579 -0.000000
outer loop
vertex 305.055328 685.157959 899.999878
vertex 231.765762 713.291626 1199.999878
vertex 305.055328 685.158020 1199.999878
endloop
endfacet
facet normal 0.052335 -0.998630 0.000000
outer loop
vertex -0.000829 -749.999878 900.000122
vertex 78.395432 -745.891357 900.000122
vertex 78.395432 -745.891296 1200.000122
endloop
endfacet
facet normal 0.052335 -0.998630 0.000000
outer loop
vertex -0.000829 -749.999878 900.000122
vertex 78.395432 -745.891296 1200.000122
vertex -0.000829 -749.999817 1200.000122
endloop
endfacet
facet normal -0.453990 0.891007 -0.000000
outer loop
vertex -305.052490 685.159180 899.999878
vertex -375.000000 649.519165 899.999878
vertex -375.000000 649.519226 1199.999878
endloop
endfacet
facet normal -0.453990 0.891007 0.000000
outer loop
vertex -305.052490 685.159180 899.999878
vertex -375.000000 649.519226 1199.999878
vertex -305.052490 685.159241 1199.999878
endloop
endfacet
facet normal 0.258822 0.965925 -0.000000
outer loop
vertex 231.765762 713.291565 899.999878
vertex 155.936981 733.610107 899.999878
vertex 155.936981 733.610168 1199.999878
endloop
endfacet
facet normal 0.258823 0.965925 -0.000000
outer loop
vertex 231.765762 713.291565 899.999878
vertex 155.936981 733.610168 1199.999878
vertex 231.765762 713.291626 1199.999878
endloop
endfacet
facet normal 0.156433 -0.987689 0.000001
outer loop
vertex 78.395432 -745.891357 900.000122
vertex 155.932800 -733.610779 900.000122
vertex 155.932800 -733.610718 1200.000122
endloop
endfacet
facet normal 0.156433 -0.987689 0.000000
outer loop
vertex 78.395432 -745.891357 900.000122
vertex 155.932800 -733.610718 1200.000122
vertex 78.395432 -745.891296 1200.000122
endloop
endfacet
facet normal -0.544639 0.838671 -0.000000
outer loop
vertex -375.000000 649.519165 899.999878
vertex -440.838928 606.762878 899.999878
vertex -440.838928 606.762939 1199.999878
endloop
endfacet
facet normal -0.544639 0.838670 -0.000000
outer loop
vertex -375.000000 649.519165 899.999878
vertex -440.838928 606.762939 1199.999878
vertex -375.000000 649.519226 1199.999878
endloop
endfacet
facet normal 0.156439 0.987688 -0.000000
outer loop
vertex 155.936981 733.610107 899.999878
vertex 78.399681 745.891174 899.999878
vertex 78.399681 745.891235 1199.999878
endloop
endfacet
facet normal 0.156439 0.987688 -0.000000
outer loop
vertex 155.936981 733.610107 899.999878
vertex 78.399681 745.891235 1199.999878
vertex 155.936981 733.610168 1199.999878
endloop
endfacet
facet normal 0.258818 -0.965926 0.000000
outer loop
vertex 155.932800 -733.610779 900.000122
vertex 231.761703 -713.292603 900.000122
vertex 231.761703 -713.292542 1200.000122
endloop
endfacet
facet normal 0.258818 -0.965926 0.000000
outer loop
vertex 155.932800 -733.610779 900.000122
vertex 231.761703 -713.292542 1200.000122
vertex 155.932800 -733.610718 1200.000122
endloop
endfacet
facet normal -0.629321 0.777146 0.000000
outer loop
vertex -440.838928 606.762878 899.999878
vertex -501.847961 557.358704 899.999939
vertex -501.847961 557.358765 1199.999878
endloop
endfacet
facet normal -0.629321 0.777146 -0.000000
outer loop
vertex -440.838928 606.762878 899.999878
vertex -501.847961 557.358765 1199.999878
vertex -440.838928 606.762939 1199.999878
endloop
endfacet
facet normal 0.052338 0.998629 0.000000
outer loop
vertex 78.399681 745.891174 899.999878
vertex 0.000000 750.000122 899.999878
vertex 0.000000 750.000183 1199.999878
endloop
endfacet
facet normal 0.052338 0.998629 0.000000
outer loop
vertex 78.399681 745.891174 899.999878
vertex 0.000000 750.000183 1199.999878
vertex 78.399681 745.891235 1199.999878
endloop
endfacet
facet normal 0.358367 -0.933581 0.000000
outer loop
vertex 231.761703 -713.292603 900.000122
vertex 305.051422 -685.159424 900.000122
vertex 305.051422 -685.159363 1200.000122
endloop
endfacet
facet normal 0.358367 -0.933581 0.000000
outer loop
vertex 231.761703 -713.292603 900.000122
vertex 305.051422 -685.159363 1200.000122
vertex 231.761703 -713.292542 1200.000122
endloop
endfacet
facet normal -0.707106 0.707108 0.000000
outer loop
vertex -501.847961 557.358704 899.999939
vertex -557.358643 501.848083 899.999939
vertex -557.358643 501.848114 1199.999878
endloop
endfacet
facet normal -0.707107 0.707107 -0.000000
outer loop
vertex -501.847961 557.358704 899.999939
vertex -557.358643 501.848114 1199.999878
vertex -501.847961 557.358765 1199.999878
endloop
endfacet
facet normal 0.453989 -0.891007 0.000000
outer loop
vertex 305.051422 -685.159424 900.000122
vertex 374.998901 -649.519531 900.000122
vertex 374.998901 -649.519470 1200.000122
endloop
endfacet
facet normal 0.453989 -0.891007 0.000000
outer loop
vertex 305.051422 -685.159424 900.000122
vertex 374.998901 -649.519470 1200.000122
vertex 305.051422 -685.159363 1200.000122
endloop
endfacet
facet normal -0.777146 0.629321 -0.000000
outer loop
vertex -557.358643 501.848083 899.999939
vertex -606.762756 440.839081 899.999939
vertex -606.762756 440.839111 1199.999878
endloop
endfacet
facet normal -0.777146 0.629320 -0.000000
outer loop
vertex -557.358643 501.848083 899.999939
vertex -606.762756 440.839111 1199.999878
vertex -557.358643 501.848114 1199.999878
endloop
endfacet
facet normal 0.544637 -0.838672 0.000000
outer loop
vertex 374.998901 -649.519531 900.000122
vertex 440.837860 -606.763428 900.000122
vertex 440.837860 -606.763367 1200.000122
endloop
endfacet
facet normal 0.544637 -0.838672 0.000000
outer loop
vertex 374.998901 -649.519531 900.000122
vertex 440.837860 -606.763367 1200.000122
vertex 374.998901 -649.519470 1200.000122
endloop
endfacet
facet normal -0.838670 0.544639 0.000000
outer loop
vertex -606.762756 440.839081 899.999939
vertex -649.519104 375.000122 899.999939
vertex -649.519104 375.000153 1199.999878
endloop
endfacet
facet normal -0.838671 0.544638 0.000000
outer loop
vertex -606.762756 440.839081 899.999939
vertex -649.519104 375.000153 1199.999878
vertex -606.762756 440.839111 1199.999878
endloop
endfacet
facet normal 0.629319 -0.777147 0.000000
outer loop
vertex 440.837860 -606.763428 900.000122
vertex 501.846893 -557.359497 900.000061
vertex 501.846893 -557.359436 1200.000122
endloop
endfacet
facet normal 0.629318 -0.777148 0.000000
outer loop
vertex 440.837860 -606.763428 900.000122
vertex 501.846893 -557.359436 1200.000122
vertex 440.837860 -606.763367 1200.000122
endloop
endfacet
facet normal -0.891007 0.453990 0.000000
outer loop
vertex -649.519104 375.000122 899.999939
vertex -685.159119 305.052612 899.999939
vertex -685.159119 305.052643 1200.000000
endloop
endfacet
facet normal -0.891007 0.453991 -0.000000
outer loop
vertex -649.519104 375.000122 899.999939
vertex -685.159119 305.052643 1200.000000
vertex -649.519104 375.000153 1199.999878
endloop
endfacet
facet normal 0.707106 -0.707108 0.000000
outer loop
vertex 501.846893 -557.359497 900.000061
vertex 557.357605 -501.848938 900.000061
vertex 557.357605 -501.848907 1200.000122
endloop
endfacet
facet normal 0.707106 -0.707108 0.000000
outer loop
vertex 501.846893 -557.359497 900.000061
vertex 557.357605 -501.848907 1200.000122
vertex 501.846893 -557.359436 1200.000122
endloop
endfacet
facet normal -0.933580 0.358368 -0.000000
outer loop
vertex -685.159119 305.052612 899.999939
vertex -713.292419 231.762878 899.999939
vertex -713.292419 231.762924 1200.000000
endloop
endfacet
facet normal -0.933581 0.358367 0.000000
outer loop
vertex -685.159119 305.052612 899.999939
vertex -713.292419 231.762924 1200.000000
vertex -685.159119 305.052643 1200.000000
endloop
endfacet
facet normal 0.777144 -0.629323 0.000000
outer loop
vertex 557.357605 -501.848938 900.000061
vertex 606.761841 -440.840057 900.000061
vertex 606.761841 -440.840027 1200.000122
endloop
endfacet
facet normal 0.777145 -0.629322 0.000000
outer loop
vertex 557.357605 -501.848938 900.000061
vertex 606.761841 -440.840027 1200.000122
vertex 557.357605 -501.848907 1200.000122
endloop
endfacet
facet normal -0.965926 0.258820 -0.000000
outer loop
vertex -713.292419 231.762878 899.999939
vertex -733.610718 155.933899 900.000000
vertex -733.610718 155.933945 1200.000000
endloop
endfacet
facet normal -0.965926 0.258818 -0.000000
outer loop
vertex -713.292419 231.762878 899.999939
vertex -733.610718 155.933945 1200.000000
vertex -713.292419 231.762924 1200.000000
endloop
endfacet
facet normal 0.838670 -0.544640 0.000000
outer loop
vertex 606.761841 -440.840057 900.000061
vertex 649.518127 -375.001312 900.000061
vertex 649.518127 -375.001282 1200.000122
endloop
endfacet
facet normal 0.838670 -0.544641 0.000000
outer loop
vertex 606.761841 -440.840057 900.000061
vertex 649.518127 -375.001282 1200.000122
vertex 606.761841 -440.840027 1200.000122
endloop
endfacet
facet normal -0.987688 0.156433 -0.000000
outer loop
vertex -733.610718 155.933899 900.000000
vertex -745.891418 78.396454 900.000000
vertex -745.891418 78.396507 1200.000000
endloop
endfacet
facet normal -0.987688 0.156435 -0.000000
outer loop
vertex -733.610718 155.933899 900.000000
vertex -745.891418 78.396507 1200.000000
vertex -733.610718 155.933945 1200.000000
endloop
endfacet
facet normal 0.891006 -0.453992 0.000000
outer loop
vertex 649.518127 -375.001312 900.000061
vertex 685.158325 -305.053955 900.000061
vertex 685.158325 -305.053925 1200.000000
endloop
endfacet
facet normal 0.891005 -0.453993 0.000000
outer loop
vertex 649.518127 -375.001312 900.000061
vertex 685.158325 -305.053925 1200.000000
vertex 649.518127 -375.001282 1200.000122
endloop
endfacet
facet normal -0.998630 0.052337 -0.000000
outer loop
vertex -745.891418 78.396454 900.000000
vertex -750.000000 0.000114 900.000000
vertex -750.000000 0.000163 1200.000000
endloop
endfacet
facet normal -0.998630 0.052335 -0.000000
outer loop
vertex -745.891418 78.396454 900.000000
vertex -750.000000 0.000163 1200.000000
vertex -745.891418 78.396507 1200.000000
endloop
endfacet
facet normal 0.933580 -0.358370 0.000000
outer loop
vertex 685.158325 -305.053955 900.000061
vertex 713.291809 -231.764374 900.000061
vertex 713.291809 -231.764328 1200.000000
endloop
endfacet
facet normal 0.933579 -0.358371 0.000000
outer loop
vertex 685.158325 -305.053955 900.000061
vertex 713.291809 -231.764328 1200.000000
vertex 685.158325 -305.053925 1200.000000
endloop
endfacet
facet normal -0.998629 -0.052335 0.000000
outer loop
vertex -750.000000 0.000114 900.000000
vertex -745.891418 -78.396240 900.000000
vertex -745.891418 -78.396187 1200.000000
endloop
endfacet
facet normal -0.998629 -0.052337 0.000000
outer loop
vertex -750.000000 0.000114 900.000000
vertex -745.891418 -78.396187 1200.000000
vertex -750.000000 0.000163 1200.000000
endloop
endfacet
facet normal 0.965925 -0.258822 0.000000
outer loop
vertex 713.291809 -231.764374 900.000061
vertex 733.610291 -155.935547 900.000000
vertex 733.610291 -155.935501 1200.000000
endloop
endfacet
facet normal 0.965925 -0.258821 0.000000
outer loop
vertex 713.291809 -231.764374 900.000061
vertex 733.610291 -155.935501 1200.000000
vertex 713.291809 -231.764328 1200.000000
endloop
endfacet
facet normal -0.987688 -0.156435 0.000000
outer loop
vertex -745.891418 -78.396240 900.000000
vertex -733.610718 -155.933670 900.000000
vertex -733.610718 -155.933624 1200.000000
endloop
endfacet
facet normal -0.987688 -0.156433 0.000000
outer loop
vertex -745.891418 -78.396240 900.000000
vertex -733.610718 -155.933624 1200.000000
vertex -745.891418 -78.396187 1200.000000
endloop
endfacet
facet normal 0.987688 -0.156439 0.000000
outer loop
vertex 733.610291 -155.935547 900.000000
vertex 745.891235 -78.398239 900.000000
vertex 745.891235 -78.398186 1200.000000
endloop
endfacet
facet normal 0.987688 -0.156436 0.000000
outer loop
vertex 733.610291 -155.935547 900.000000
vertex 745.891235 -78.398186 1200.000000
vertex 733.610291 -155.935501 1200.000000
endloop
endfacet
facet normal -0.156436 -0.987688 0.000000
outer loop
vertex -155.934402 -733.610352 1200.000122
vertex -78.397087 -745.891174 1200.000122
vertex -78.397087 -745.891113 1500.000122
endloop
endfacet
facet normal -0.156436 -0.987688 0.000000
outer loop
vertex -155.934402 -733.610352 1200.000122
vertex -78.397087 -745.891113 1500.000122
vertex -155.934402 -733.610291 1500.000122
endloop
endfacet
facet normal -0.258819 0.965926 0.000000
outer loop
vertex -155.933777 733.610901 1199.999878
vertex -231.762741 713.292603 1199.999878
vertex -231.762741 713.292664 1499.999878
endloop
endfacet
facet normal -0.258819 0.965926 0.000000
outer loop
vertex -155.933777 733.610901 1199.999878
vertex -231.762741 713.292664 1499.999878
vertex -155.933777 733.610962 1499.999878
endloop
endfacet
facet normal 0.453994 0.891004 0.000000
outer loop
vertex 375.002563 649.517761 1199.999878
vertex 305.055328 685.158020 1199.999878
vertex 305.055328 685.158081 1499.999878
endloop
endfacet
facet normal 0.453994 0.891005 -0.000000
outer loop
vertex 375.002563 649.517761 1199.999878
vertex 305.055328 685.158081 1499.999878
vertex 375.002563 649.517822 1499.999878
endloop
endfacet
facet normal -0.052337 -0.998630 0.000000
outer loop
vertex -78.397087 -745.891174 1200.000122
vertex -0.000829 -749.999817 1200.000122
vertex -0.000829 -749.999756 1500.000122
endloop
endfacet
facet normal -0.052337 -0.998630 0.000000
outer loop
vertex -78.397087 -745.891174 1200.000122
vertex -0.000829 -749.999756 1500.000122
vertex -78.397087 -745.891113 1500.000122
endloop
endfacet
facet normal -0.358369 0.933580 0.000000
outer loop
vertex -231.762741 713.292603 1199.999878
vertex -305.052490 685.159241 1199.999878
vertex -305.052490 685.159302 1499.999878
endloop
endfacet
facet normal -0.358368 0.933580 0.000000
outer loop
vertex -231.762741 713.292603 1199.999878
vertex -305.052490 685.159302 1499.999878
vertex -231.762741 713.292664 1499.999878
endloop
endfacet
facet normal 0.358372 0.933579 0.000000
outer loop
vertex 305.055328 685.158020 1199.999878
vertex 231.765762 713.291626 1199.999878
vertex 231.765762 713.291687 1499.999878
endloop
endfacet
facet normal 0.358372 0.933579 0.000000
outer loop
vertex 305.055328 685.158020 1199.999878
vertex 231.765762 713.291687 1499.999878
vertex 305.055328 685.158081 1499.999878
endloop
endfacet
facet normal 0.052335 -0.998630 0.000000
outer loop
vertex -0.000829 -749.999817 1200.000122
vertex 78.395432 -745.891296 1200.000122
vertex 78.395432 -745.891235 1500.000122
endloop
endfacet
facet normal 0.052335 -0.998630 0.000000
outer loop
vertex -0.000829 -749.999817 1200.000122
vertex 78.395432 -745.891235 1500.000122
vertex -0.000829 -749.999756 1500.000122
endloop
endfacet
facet normal -0.453990 0.891007 0.000000
outer loop
vertex -305.052490 685.159241 1199.999878
vertex -375.000000 649.519226 1199.999878
vertex -375.000000 649.519287 1499.999878
endloop
endfacet
facet normal -0.453990 0.891007 -0.000000
outer loop
vertex -305.052490 685.159241 1199.999878
vertex -375.000000 649.519287 1499.999878
vertex -305.052490 685.159302 1499.999878
endloop
endfacet
facet normal 0.258822 0.965925 0.000000
outer loop
vertex 231.765762 713.291626 1199.999878
vertex 155.936981 733.610168 1199.999878
vertex 155.936981 733.610229 1499.999878
endloop
endfacet
facet normal 0.258823 0.965925 0.000000
outer loop
vertex 231.765762 713.291626 1199.999878
vertex 155.936981 733.610229 1499.999878
vertex 231.765762 713.291687 1499.999878
endloop
endfacet
facet normal 0.156433 -0.987689 0.000000
outer loop
vertex 78.395432 -745.891296 1200.000122
vertex 155.932800 -733.610718 1200.000122
vertex 155.932800 -733.610657 1500.000122
endloop
endfacet
facet normal 0.156433 -0.987689 0.000000
outer loop
vertex 78.395432 -745.891296 1200.000122
vertex 155.932800 -733.610657 1500.000122
vertex 78.395432 -745.891235 1500.000122
endloop
endfacet
facet normal -0.544639 0.838671 0.000000
outer loop
vertex -375.000000 649.519226 1199.999878
vertex -440.838928 606.762939 1199.999878
vertex -440.838928 606.763000 1499.999878
endloop
endfacet
facet normal -0.544639 0.838670 0.000000
outer loop
vertex -375.000000 649.519226 1199.999878
vertex -440.838928 606.763000 1499.999878
vertex -375.000000 649.519287 1499.999878
endloop
endfacet
facet normal 0.156439 0.987688 0.000000
outer loop
vertex 155.936981 733.610168 1199.999878
vertex 78.399681 745.891235 1199.999878
vertex 78.399681 745.891296 1499.999878
endloop
endfacet
facet normal 0.156439 0.987688 0.000000
outer loop
vertex 155.936981 733.610168 1199.999878
vertex 78.399681 745.891296 1499.999878
vertex 155.936981 733.610229 1499.999878
endloop
endfacet
facet normal 0.258818 -0.965926 0.000000
outer loop
vertex 155.932800 -733.610718 1200.000122
vertex 231.761703 -713.292542 1200.000122
vertex 231.761703 -713.292480 1500.000122
endloop
endfacet
facet normal 0.258818 -0.965926 0.000001
outer loop
vertex 155.932800 -733.610718 1200.000122
vertex 231.761703 -713.292480 1500.000122
vertex 155.932800 -733.610657 1500.000122
endloop
endfacet
facet normal -0.629320 0.777146 -0.000000
outer loop
vertex -440.838928 606.762939 1199.999878
vertex -501.847961 557.358765 1199.999878
vertex -501.847961 557.358826 1499.999878
endloop
endfacet
facet normal -0.629320 0.777146 0.000000
outer loop
vertex -440.838928 606.762939 1199.999878
vertex -501.847961 557.358826 1499.999878
vertex -440.838928 606.763000 1499.999878
endloop
endfacet
facet normal 0.052338 0.998629 -0.000000
outer loop
vertex 78.399681 745.891235 1199.999878
vertex 0.000000 750.000183 1199.999878
vertex 0.000000 750.000244 1499.999878
endloop
endfacet
facet normal 0.052338 0.998629 -0.000000
outer loop
vertex 78.399681 745.891235 1199.999878
vertex 0.000000 750.000244 1499.999878
vertex 78.399681 745.891296 1499.999878
endloop
endfacet
facet normal 0.358367 -0.933581 0.000000
outer loop
vertex 231.761703 -713.292542 1200.000122
vertex 305.051422 -685.159363 1200.000122
vertex 305.051422 -685.159302 1500.000122
endloop
endfacet
facet normal 0.358367 -0.933581 0.000000
outer loop
vertex 231.761703 -713.292542 1200.000122
vertex 305.051422 -685.159302 1500.000122
vertex 231.761703 -713.292480 1500.000122
endloop
endfacet
facet normal -0.707106 0.707107 0.000000
outer loop
vertex -501.847961 557.358765 1199.999878
vertex -557.358643 501.848114 1199.999878
vertex -557.358643 501.848175 1499.999878
endloop
endfacet
facet normal -0.707107 0.707107 -0.000000
outer loop
vertex -501.847961 557.358765 1199.999878
vertex -557.358643 501.848175 1499.999878
vertex -501.847961 557.358826 1499.999878
endloop
endfacet
facet normal 0.453989 -0.891007 0.000000
outer loop
vertex 305.051422 -685.159363 1200.000122
vertex 374.998901 -649.519470 1200.000122
vertex 374.998901 -649.519409 1500.000122
endloop
endfacet
facet normal 0.453989 -0.891007 0.000000
outer loop
vertex 305.051422 -685.159363 1200.000122
vertex 374.998901 -649.519409 1500.000122
vertex 305.051422 -685.159302 1500.000122
endloop
endfacet
facet normal -0.777146 0.629321 0.000000
outer loop
vertex -557.358643 501.848114 1199.999878
vertex -606.762756 440.839111 1199.999878
vertex -606.762756 440.839172 1499.999878
endloop
endfacet
facet normal -0.777146 0.629320 -0.000000
outer loop
vertex -557.358643 501.848114 1199.999878
vertex -606.762756 440.839172 1499.999878
vertex -557.358643 501.848175 1499.999878
endloop
endfacet
facet normal 0.544637 -0.838672 0.000000
outer loop
vertex 374.998901 -649.519470 1200.000122
vertex 440.837860 -606.763367 1200.000122
vertex 440.837860 -606.763306 1500.000122
endloop
endfacet
facet normal 0.544637 -0.838672 0.000000
outer loop
vertex 374.998901 -649.519470 1200.000122
vertex 440.837860 -606.763306 1500.000122
vertex 374.998901 -649.519409 1500.000122
endloop
endfacet
facet normal -0.838670 0.544639 -0.000000
outer loop
vertex -606.762756 440.839111 1199.999878
vertex -649.519104 375.000153 1199.999878
vertex -649.519104 375.000214 1499.999878
endloop
endfacet
facet normal -0.838670 0.544639 0.000000
outer loop
vertex -606.762756 440.839111 1199.999878
vertex -649.519104 375.000214 1499.999878
vertex -606.762756 440.839172 1499.999878
endloop
endfacet
facet normal 0.629319 -0.777147 0.000000
outer loop
vertex 440.837860 -606.763367 1200.000122
vertex 501.846893 -557.359436 1200.000122
vertex 501.846893 -557.359375 1500.000122
endloop
endfacet
facet normal 0.629318 -0.777148 0.000000
outer loop
vertex 440.837860 -606.763367 1200.000122
vertex 501.846893 -557.359375 1500.000122
vertex 440.837860 -606.763306 1500.000122
endloop
endfacet
facet normal -0.891007 0.453990 -0.000000
outer loop
vertex -649.519104 375.000153 1199.999878
vertex -685.159119 305.052643 1200.000000
vertex -685.159119 305.052704 1500.000000
endloop
endfacet
facet normal -0.891007 0.453990 -0.000000
outer loop
vertex -649.519104 375.000153 1199.999878
vertex -685.159119 305.052704 1500.000000
vertex -649.519104 375.000214 1499.999878
endloop
endfacet
facet normal 0.707106 -0.707108 0.000000
outer loop
vertex 501.846893 -557.359436 1200.000122
vertex 557.357605 -501.848907 1200.000122
vertex 557.357605 -501.848846 1500.000122
endloop
endfacet
facet normal 0.707106 -0.707108 0.000000
outer loop
vertex 501.846893 -557.359436 1200.000122
vertex 557.357605 -501.848846 1500.000122
vertex 501.846893 -557.359375 1500.000122
endloop
endfacet
facet normal -0.933581 0.358367 -0.000000
outer loop
vertex -685.159119 305.052643 1200.000000
vertex -713.292419 231.762924 1200.000000
vertex -713.292419 231.762970 1500.000000
endloop
endfacet
facet normal -0.933580 0.358368 -0.000000
outer loop
vertex -685.159119 305.052643 1200.000000
vertex -713.292419 231.762970 1500.000000
vertex -685.159119 305.052704 1500.000000
endloop
endfacet
facet normal 0.777144 -0.629322 0.000000
outer loop
vertex 557.357605 -501.848907 1200.000122
vertex 606.761841 -440.840027 1200.000122
vertex 606.761841 -440.839966 1500.000122
endloop
endfacet
facet normal 0.777145 -0.629321 0.000000
outer loop
vertex 557.357605 -501.848907 1200.000122
vertex 606.761841 -440.839966 1500.000122
vertex 557.357605 -501.848846 1500.000122
endloop
endfacet
facet normal -0.965926 0.258819 -0.000000
outer loop
vertex -713.292419 231.762924 1200.000000
vertex -733.610718 155.933945 1200.000000
vertex -733.610718 155.933990 1500.000000
endloop
endfacet
facet normal -0.965926 0.258819 -0.000000
outer loop
vertex -713.292419 231.762924 1200.000000
vertex -733.610718 155.933990 1500.000000
vertex -713.292419 231.762970 1500.000000
endloop
endfacet
facet normal 0.838670 -0.544639 0.000000
outer loop
vertex 606.761841 -440.840027 1200.000122
vertex 649.518127 -375.001282 1200.000122
vertex 649.518127 -375.001221 1500.000122
endloop
endfacet
facet normal 0.838670 -0.544641 0.000000
outer loop
vertex 606.761841 -440.840027 1200.000122
vertex 649.518127 -375.001221 1500.000122
vertex 606.761841 -440.839966 1500.000122
endloop
endfacet
facet normal -0.987689 0.156433 -0.000000
outer loop
vertex -733.610718 155.933945 1200.000000
vertex -745.891418 78.396507 1200.000000
vertex -745.891418 78.396553 1500.000000
endloop
endfacet
facet normal -0.987688 0.156435 -0.000000
outer loop
vertex -733.610718 155.933945 1200.000000
vertex -745.891418 78.396553 1500.000000
vertex -733.610718 155.933990 1500.000000
endloop
endfacet
facet normal 0.891005 -0.453993 0.000000
outer loop
vertex 649.518127 -375.001282 1200.000122
vertex 685.158325 -305.053925 1200.000000
vertex 685.158325 -305.053864 1500.000000
endloop
endfacet
facet normal 0.891005 -0.453993 0.000000
outer loop
vertex 649.518127 -375.001282 1200.000122
vertex 685.158325 -305.053864 1500.000000
vertex 649.518127 -375.001221 1500.000122
endloop
endfacet
facet normal -0.998629 0.052337 -0.000000
outer loop
vertex -745.891418 78.396507 1200.000000
vertex -750.000000 0.000163 1200.000000
vertex -750.000000 0.000212 1500.000000
endloop
endfacet
facet normal -0.998629 0.052336 -0.000000
outer loop
vertex -745.891418 78.396507 1200.000000
vertex -750.000000 0.000212 1500.000000
vertex -745.891418 78.396553 1500.000000
endloop
endfacet
facet normal 0.933580 -0.358370 0.000000
outer loop
vertex 685.158325 -305.053925 1200.000000
vertex 713.291809 -231.764328 1200.000000
vertex 713.291809 -231.764282 1500.000000
endloop
endfacet
facet normal 0.933579 -0.358371 0.000000
outer loop
vertex 685.158325 -305.053925 1200.000000
vertex 713.291809 -231.764282 1500.000000
vertex 685.158325 -305.053864 1500.000000
endloop
endfacet
facet normal -0.998629 -0.052335 0.000000
outer loop
vertex -750.000000 0.000163 1200.000000
vertex -745.891418 -78.396187 1200.000000
vertex -745.891418 -78.396141 1500.000000
endloop
endfacet
facet normal -0.998630 -0.052337 0.000000
outer loop
vertex -750.000000 0.000163 1200.000000
vertex -745.891418 -78.396141 1500.000000
vertex -750.000000 0.000212 1500.000000
endloop
endfacet
facet normal 0.965925 -0.258822 0.000000
outer loop
vertex 713.291809 -231.764328 1200.000000
vertex 733.610291 -155.935501 1200.000000
vertex 733.610291 -155.935455 1500.000000
endloop
endfacet
facet normal 0.965925 -0.258821 0.000000
outer loop
vertex 713.291809 -231.764328 1200.000000
vertex 733.610291 -155.935455 1500.000000
vertex 713.291809 -231.764282 1500.000000
endloop
endfacet
facet normal -0.987688 -0.156435 0.000000
outer loop
vertex -745.891418 -78.396187 1200.000000
vertex -733.610718 -155.933624 1200.000000
vertex -733.610718 -155.933578 1500.000000
endloop
endfacet
facet normal -0.987688 -0.156433 0.000000
outer loop
vertex -745.891418 -78.396187 1200.000000
vertex -733.610718 -155.933578 1500.000000
vertex -745.891418 -78.396141 1500.000000
endloop
endfacet
facet normal 0.987688 -0.156439 0.000000
outer loop
vertex 733.610291 -155.935501 1200.000000
vertex 745.891235 -78.398186 1200.000000
vertex 745.891235 -78.398140 1500.000000
endloop
endfacet
facet normal 0.987688 -0.156436 0.000000
outer loop
vertex 733.610291 -155.935501 1200.000000
vertex 745.891235 -78.398140 1500.000000
vertex 733.610291 -155.935455 1500.000000
endloop
endfacet
facet normal -0.965925 -0.258821 0.000000
outer loop
vertex -733.610718 -155.933624 1200.000000
vertex -713.292358 -231.762573 1200.000000
vertex -713.292358 -231.762527 1500.000000
endloop
endfacet
facet normal -0.965926 -0.258819 0.000000
outer loop
vertex -733.610718 -155.933624 1200.000000
vertex -713.292358 -231.762527 1500.000000
vertex -733.610718 -155.933578 1500.000000
endloop
endfacet
facet normal 0.998630 -0.052338 0.000000
outer loop
vertex 745.891235 -78.398186 1200.000000
vertex 750.000000 -0.001941 1200.000000
vertex 750.000000 -0.001892 1500.000000
endloop
endfacet
facet normal 0.998629 -0.052338 0.000000
outer loop
vertex 745.891235 -78.398186 1200.000000
vertex 750.000000 -0.001892 1500.000000
vertex 745.891235 -78.398140 1500.000000
endloop
endfacet
facet normal -0.933580 -0.358368 0.000000
outer loop
vertex -713.292358 -231.762573 1200.000000
vertex -685.159058 -305.052338 1200.000000
vertex -685.159058 -305.052277 1500.000000
endloop
endfacet
facet normal -0.933581 -0.358367 0.000000
outer loop
vertex -713.292358 -231.762573 1200.000000
vertex -685.159058 -305.052277 1500.000000
vertex -713.292358 -231.762527 1500.000000
endloop
endfacet
facet normal 0.998630 0.052332 -0.000000
outer loop
vertex 750.000000 -0.001941 1200.000000
vertex 745.891663 78.394341 1200.000000
vertex 745.891663 78.394386 1500.000000
endloop
endfacet
facet normal 0.998630 0.052334 -0.000000
outer loop
vertex 750.000000 -0.001941 1200.000000
vertex 745.891663 78.394386 1500.000000
vertex 750.000000 -0.001892 1500.000000
endloop
endfacet
facet normal -0.891007 -0.453990 0.000000
outer loop
vertex -685.159058 -305.052338 1200.000000
vertex -649.519043 -374.999847 1200.000122
vertex -649.519043 -374.999786 1500.000122
endloop
endfacet
facet normal -0.891007 -0.453990 0.000000
outer loop
vertex -685.159058 -305.052338 1200.000000
vertex -649.519043 -374.999786 1500.000122
vertex -685.159058 -305.052277 1500.000000
endloop
endfacet
facet normal 0.987689 0.156432 -0.000000
outer loop
vertex 745.891663 78.394341 1200.000000
vertex 733.611206 155.931702 1200.000000
vertex 733.611206 155.931747 1500.000000
endloop
endfacet
facet normal 0.987689 0.156431 -0.000000
outer loop
vertex 745.891663 78.394341 1200.000000
vertex 733.611206 155.931747 1500.000000
vertex 745.891663 78.394386 1500.000000
endloop
endfacet
facet normal -0.838671 -0.544639 0.000000
outer loop
vertex -649.519043 -374.999847 1200.000122
vertex -606.762756 -440.838715 1200.000122
vertex -606.762756 -440.838654 1500.000122
endloop
endfacet
facet normal -0.838670 -0.544640 0.000000
outer loop
vertex -649.519043 -374.999847 1200.000122
vertex -606.762756 -440.838654 1500.000122
vertex -649.519043 -374.999786 1500.000122
endloop
endfacet
facet normal 0.965927 0.258814 -0.000000
outer loop
vertex 733.611206 155.931702 1200.000000
vertex 713.293152 231.760666 1200.000000
vertex 713.293152 231.760712 1500.000000
endloop
endfacet
facet normal 0.965926 0.258817 -0.000000
outer loop
vertex 733.611206 155.931702 1200.000000
vertex 713.293152 231.760712 1500.000000
vertex 733.611206 155.931747 1500.000000
endloop
endfacet
facet normal -0.777146 -0.629320 0.000000
outer loop
vertex -606.762756 -440.838715 1200.000122
vertex -557.358704 -501.847717 1200.000122
vertex -557.358704 -501.847656 1500.000122
endloop
endfacet
facet normal -0.777146 -0.629320 0.000000
outer loop
vertex -606.762756 -440.838715 1200.000122
vertex -557.358704 -501.847656 1500.000122
vertex -606.762756 -440.838654 1500.000122
endloop
endfacet
facet normal 0.933582 0.358365 -0.000000
outer loop
vertex 713.293152 231.760666 1200.000000
vertex 685.160034 305.050385 1200.000000
vertex 685.160034 305.050446 1500.000000
endloop
endfacet
facet normal 0.933581 0.358367 -0.000000
outer loop
vertex 713.293152 231.760666 1200.000000
vertex 685.160034 305.050446 1500.000000
vertex 713.293152 231.760712 1500.000000
endloop
endfacet
facet normal -0.707107 -0.707107 0.000000
outer loop
vertex -557.358704 -501.847717 1200.000122
vertex -501.848114 -557.358276 1200.000122
vertex -501.848114 -557.358215 1500.000122
endloop
endfacet
facet normal -0.707106 -0.707107 0.000000
outer loop
vertex -557.358704 -501.847717 1200.000122
vertex -501.848114 -557.358215 1500.000122
vertex -557.358704 -501.847656 1500.000122
endloop
endfacet
facet normal 0.891008 0.453988 -0.000000
outer loop
vertex 685.160034 305.050385 1200.000000
vertex 649.520325 374.997955 1199.999878
vertex 649.520325 374.998016 1499.999878
endloop
endfacet
facet normal 0.891009 0.453986 -0.000000
outer loop
vertex 685.160034 305.050385 1200.000000
vertex 649.520325 374.998016 1499.999878
vertex 685.160034 305.050446 1500.000000
endloop
endfacet
facet normal -0.629321 -0.777146 0.000000
outer loop
vertex -501.848114 -557.358276 1200.000122
vertex -440.839233 -606.762390 1200.000122
vertex -440.839233 -606.762329 1500.000122
endloop
endfacet
facet normal -0.629321 -0.777145 0.000000
outer loop
vertex -501.848114 -557.358276 1200.000122
vertex -440.839233 -606.762329 1500.000122
vertex -501.848114 -557.358215 1500.000122
endloop
endfacet
facet normal 0.838672 0.544636 0.000000
outer loop
vertex 649.520325 374.997955 1199.999878
vertex 606.764343 440.836975 1199.999878
vertex 606.764343 440.837036 1499.999878
endloop
endfacet
facet normal 0.838673 0.544635 -0.000000
outer loop
vertex 649.520325 374.997955 1199.999878
vertex 606.764343 440.837036 1499.999878
vertex 649.520325 374.998016 1499.999878
endloop
endfacet
facet normal -0.544639 -0.838670 0.000000
outer loop
vertex -440.839233 -606.762390 1200.000122
vertex -375.000366 -649.518677 1200.000122
vertex -375.000366 -649.518616 1500.000122
endloop
endfacet
facet normal -0.544639 -0.838670 0.000000
outer loop
vertex -440.839233 -606.762390 1200.000122
vertex -375.000366 -649.518616 1500.000122
vertex -440.839233 -606.762329 1500.000122
endloop
endfacet
facet normal 0.777148 0.629318 0.000000
outer loop
vertex 606.764343 440.836975 1199.999878
vertex 557.360474 501.846100 1199.999878
vertex 557.360474 501.846161 1499.999878
endloop
endfacet
facet normal 0.777148 0.629317 -0.000000
outer loop
vertex 606.764343 440.836975 1199.999878
vertex 557.360474 501.846161 1499.999878
vertex 606.764343 440.837036 1499.999878
endloop
endfacet
facet normal -0.453991 -0.891006 0.000001
outer loop
vertex -375.000366 -649.518677 1200.000122
vertex -305.052917 -685.158752 1200.000122
vertex -305.052917 -685.158691 1500.000122
endloop
endfacet
facet normal -0.453991 -0.891006 0.000000
outer loop
vertex -375.000366 -649.518677 1200.000122
vertex -305.052917 -685.158691 1500.000122
vertex -375.000366 -649.518616 1500.000122
endloop
endfacet
facet normal 0.707110 0.707104 -0.000000
outer loop
vertex 557.360474 501.846100 1199.999878
vertex 501.850067 557.356934 1199.999878
vertex 501.850067 557.356995 1499.999878
endloop
endfacet
facet normal 0.707109 0.707104 0.000000
outer loop
vertex 557.360474 501.846100 1199.999878
vertex 501.850067 557.356995 1499.999878
vertex 557.360474 501.846161 1499.999878
endloop
endfacet
facet normal -0.358369 -0.933580 0.000000
outer loop
vertex -305.052917 -685.158752 1200.000122
vertex -231.763275 -713.292053 1200.000122
vertex -231.763275 -713.291992 1500.000122
endloop
endfacet
facet normal -0.358368 -0.933580 0.000000
outer loop
vertex -305.052917 -685.158752 1200.000122
vertex -231.763275 -713.291992 1500.000122
vertex -305.052917 -685.158691 1500.000122
endloop
endfacet
facet normal -0.052336 0.998629 0.000000
outer loop
vertex 0.000000 750.000183 1199.999878
vertex -78.396347 745.891602 1199.999878
vertex -78.396347 745.891663 1499.999878
endloop
endfacet
facet normal -0.052336 0.998629 0.000000
outer loop
vertex 0.000000 750.000183 1199.999878
vertex -78.396347 745.891663 1499.999878
vertex 0.000000 750.000244 1499.999878
endloop
endfacet
facet normal 0.629323 0.777144 0.000000
outer loop
vertex 501.850067 557.356934 1199.999878
vertex 440.841309 606.761230 1199.999878
vertex 440.841309 606.761292 1499.999878
endloop
endfacet
facet normal 0.629324 0.777143 -0.000000
outer loop
vertex 501.850067 557.356934 1199.999878
vertex 440.841309 606.761292 1499.999878
vertex 501.850067 557.356995 1499.999878
endloop
endfacet
facet normal -0.258819 -0.965926 0.000000
outer loop
vertex -231.763275 -713.292053 1200.000122
vertex -155.934402 -733.610352 1200.000122
vertex -155.934402 -733.610291 1500.000122
endloop
endfacet
facet normal -0.258819 -0.965926 0.000000
outer loop
vertex -231.763275 -713.292053 1200.000122
vertex -155.934402 -733.610291 1500.000122
vertex -231.763275 -713.291992 1500.000122
endloop
endfacet
facet normal -0.156434 0.987688 -0.000000
outer loop
vertex -78.396347 745.891602 1199.999878
vertex -155.933777 733.610901 1199.999878
vertex -155.933777 733.610962 1499.999878
endloop
endfacet
facet normal -0.156434 0.987688 -0.000000
outer loop
vertex -78.396347 745.891602 1199.999878
vertex -155.933777 733.610962 1499.999878
vertex -78.396347 745.891663 1499.999878
endloop
endfacet
facet normal 0.544642 0.838669 0.000000
outer loop
vertex 440.841309 606.761230 1199.999878
vertex 375.002563 649.517761 1199.999878
vertex 375.002563 649.517822 1499.999878
endloop
endfacet
facet normal 0.544642 0.838669 0.000000
outer loop
vertex 440.841309 606.761230 1199.999878
vertex 375.002563 649.517822 1499.999878
vertex 440.841309 606.761292 1499.999878
endloop
endfacet
facet normal 0.838670 -0.544640 0.000000
outer loop
vertex 606.761841 -440.839966 1500.000122
vertex 649.518127 -375.001221 1500.000122
vertex 649.518127 -375.001160 1800.000122
endloop
endfacet
facet normal 0.838670 -0.544641 0.000000
outer loop
vertex 606.761841 -440.839966 1500.000122
vertex 649.518127 -375.001160 1800.000122
vertex 606.761841 -440.839905 1800.000122
endloop
endfacet
facet normal -0.987689 0.156433 -0.000000
outer loop
vertex -733.610718 155.933990 1500.000000
vertex -745.891418 78.396553 1500.000000
vertex -745.891418 78.396599 1800.000000
endloop
endfacet
facet normal -0.987688 0.156435 -0.000000
outer loop
vertex -733.610718 155.933990 1500.000000
vertex -745.891418 78.396599 1800.000000
vertex -733.610718 155.934036 1800.000000
endloop
endfacet
facet normal 0.891005 -0.453993 0.000000
outer loop
vertex 649.518127 -375.001221 1500.000122
vertex 685.158325 -305.053864 1500.000000
vertex 685.158325 -305.053802 1800.000000
endloop
endfacet
facet normal 0.891005 -0.453993 0.000000
outer loop
vertex 649.518127 -375.001221 1500.000122
vertex 685.158325 -305.053802 1800.000000
vertex 649.518127 -375.001160 1800.000122
endloop
endfacet
facet normal -0.998629 0.052337 -0.000000
outer loop
vertex -745.891418 78.396553 1500.000000
vertex -750.000000 0.000212 1500.000000
vertex -750.000000 0.000260 1800.000000
endloop
endfacet
facet normal -0.998629 0.052336 -0.000000
outer loop
vertex -745.891418 78.396553 1500.000000
vertex -750.000000 0.000260 1800.000000
vertex -745.891418 78.396599 1800.000000
endloop
endfacet
facet normal 0.933580 -0.358370 0.000000
outer loop
vertex 685.158325 -305.053864 1500.000000
vertex 713.291809 -231.764282 1500.000000
vertex 713.291809 -231.764236 1800.000000
endloop
endfacet
facet normal 0.933579 -0.358371 0.000000
outer loop
vertex 685.158325 -305.053864 1500.000000
vertex 713.291809 -231.764236 1800.000000
vertex 685.158325 -305.053802 1800.000000
endloop
endfacet
facet normal -0.998630 -0.052335 0.000000
outer loop
vertex -750.000000 0.000212 1500.000000
vertex -745.891418 -78.396141 1500.000000
vertex -745.891418 -78.396095 1800.000000
endloop
endfacet
facet normal -0.998629 -0.052337 0.000000
outer loop
vertex -750.000000 0.000212 1500.000000
vertex -745.891418 -78.396095 1800.000000
vertex -750.000000 0.000260 1800.000000
endloop
endfacet
facet normal 0.965925 -0.258822 0.000000
outer loop
vertex 713.291809 -231.764282 1500.000000
vertex 733.610291 -155.935455 1500.000000
vertex 733.610291 -155.935410 1800.000000
endloop
endfacet
facet normal 0.965925 -0.258821 0.000000
outer loop
vertex 713.291809 -231.764282 1500.000000
vertex 733.610291 -155.935410 1800.000000
vertex 713.291809 -231.764236 1800.000000
endloop
endfacet
facet normal -0.987688 -0.156435 0.000000
outer loop
vertex -745.891418 -78.396141 1500.000000
vertex -733.610718 -155.933578 1500.000000
vertex -733.610718 -155.933533 1800.000000
endloop
endfacet
facet normal -0.987688 -0.156433 0.000000
outer loop
vertex -745.891418 -78.396141 1500.000000
vertex -733.610718 -155.933533 1800.000000
vertex -745.891418 -78.396095 1800.000000
endloop
endfacet
facet normal 0.987688 -0.156439 0.000000
outer loop
vertex 733.610291 -155.935455 1500.000000
vertex 745.891235 -78.398140 1500.000000
vertex 745.891235 -78.398094 1800.000000
endloop
endfacet
facet normal 0.987688 -0.156436 0.000000
outer loop
vertex 733.610291 -155.935455 1500.000000
vertex 745.891235 -78.398094 1800.000000
vertex 733.610291 -155.935410 1800.000000
endloop
endfacet
facet normal -0.965925 -0.258821 0.000000
outer loop
vertex -733.610718 -155.933578 1500.000000
vertex -713.292358 -231.762527 1500.000000
vertex -713.292358 -231.762482 1800.000000
endloop
endfacet
facet normal -0.965926 -0.258819 0.000000
outer loop
vertex -733.610718 -155.933578 1500.000000
vertex -713.292358 -231.762482 1800.000000
vertex -733.610718 -155.933533 1800.000000
endloop
endfacet
facet normal 0.998629 -0.052338 0.000000
outer loop
vertex 745.891235 -78.398140 1500.000000
vertex 750.000000 -0.001892 1500.000000
vertex 750.000000 -0.001844 1800.000000
endloop
endfacet
facet normal 0.998629 -0.052338 0.000000
outer loop
vertex 745.891235 -78.398140 1500.000000
vertex 750.000000 -0.001844 1800.000000
vertex 745.891235 -78.398094 1800.000000
endloop
endfacet
facet normal -0.933580 -0.358368 0.000000
outer loop
vertex -713.292358 -231.762527 1500.000000
vertex -685.159058 -305.052277 1500.000000
vertex -685.159058 -305.052216 1800.000000
endloop
endfacet
facet normal -0.933581 -0.358367 0.000000
outer loop
vertex -713.292358 -231.762527 1500.000000
vertex -685.159058 -305.052216 1800.000000
vertex -713.292358 -231.762482 1800.000000
endloop
endfacet
facet normal 0.998630 0.052332 -0.000000
outer loop
vertex 750.000000 -0.001892 1500.000000
vertex 745.891663 78.394386 1500.000000
vertex 745.891663 78.394432 1800.000000
endloop
endfacet
facet normal 0.998630 0.052334 -0.000000
outer loop
vertex 750.000000 -0.001892 1500.000000
vertex 745.891663 78.394432 1800.000000
vertex 750.000000 -0.001844 1800.000000
endloop
endfacet
facet normal -0.891007 -0.453990 0.000000
outer loop
vertex -685.159058 -305.052277 1500.000000
vertex -649.519043 -374.999786 1500.000122
vertex -649.519043 -374.999725 1800.000122
endloop
endfacet
facet normal -0.891007 -0.453990 0.000000
outer loop
vertex -685.159058 -305.052277 1500.000000
vertex -649.519043 -374.999725 1800.000122
vertex -685.159058 -305.052216 1800.000000
endloop
endfacet
facet normal 0.987689 0.156432 -0.000000
outer loop
vertex 745.891663 78.394386 1500.000000
vertex 733.611206 155.931747 1500.000000
vertex 733.611206 155.931793 1800.000000
endloop
endfacet
facet normal 0.987689 0.156431 -0.000000
outer loop
vertex 745.891663 78.394386 1500.000000
vertex 733.611206 155.931793 1800.000000
vertex 745.891663 78.394432 1800.000000
endloop
endfacet
facet normal -0.838671 -0.544639 0.000000
outer loop
vertex -649.519043 -374.999786 1500.000122
vertex -606.762756 -440.838654 1500.000122
vertex -606.762756 -440.838593 1800.000122
endloop
endfacet
facet normal -0.838670 -0.544640 0.000000
outer loop
vertex -649.519043 -374.999786 1500.000122
vertex -606.762756 -440.838593 1800.000122
vertex -649.519043 -374.999725 1800.000122
endloop
endfacet
facet normal 0.965927 0.258814 -0.000000
outer loop
vertex 733.611206 155.931747 1500.000000
vertex 713.293152 231.760712 1500.000000
vertex 713.293152 231.760757 1800.000000
endloop
endfacet
facet normal 0.965926 0.258817 -0.000000
outer loop
vertex 733.611206 155.931747 1500.000000
vertex 713.293152 231.760757 1800.000000
vertex 733.611206 155.931793 1800.000000
endloop
endfacet
facet normal -0.777146 -0.629320 0.000000
outer loop
vertex -606.762756 -440.838654 1500.000122
vertex -557.358704 -501.847656 1500.000122
vertex -557.358704 -501.847595 1800.000122
endloop
endfacet
facet normal -0.777146 -0.629320 0.000000
outer loop
vertex -606.762756 -440.838654 1500.000122
vertex -557.358704 -501.847595 1800.000122
vertex -606.762756 -440.838593 1800.000122
endloop
endfacet
facet normal 0.933582 0.358365 -0.000000
outer loop
vertex 713.293152 231.760712 1500.000000
vertex 685.160034 305.050446 1500.000000
vertex 685.160034 305.050507 1800.000000
endloop
endfacet
facet normal 0.933581 0.358367 -0.000000
outer loop
vertex 713.293152 231.760712 1500.000000
vertex 685.160034 305.050507 1800.000000
vertex 713.293152 231.760757 1800.000000
endloop
endfacet
facet normal -0.707107 -0.707106 0.000000
outer loop
vertex -557.358704 -501.847656 1500.000122
vertex -501.848114 -557.358215 1500.000122
vertex -501.848114 -557.358154 1800.000122
endloop
endfacet
facet normal -0.707106 -0.707107 0.000000
outer loop
vertex -557.358704 -501.847656 1500.000122
vertex -501.848114 -557.358154 1800.000122
vertex -557.358704 -501.847595 1800.000122
endloop
endfacet
facet normal 0.891008 0.453988 -0.000000
outer loop
vertex 685.160034 305.050446 1500.000000
vertex 649.520325 374.998016 1499.999878
vertex 649.520325 374.998077 1799.999878
endloop
endfacet
facet normal 0.891009 0.453987 -0.000000
outer loop
vertex 685.160034 305.050446 1500.000000
vertex 649.520325 374.998077 1799.999878
vertex 685.160034 305.050507 1800.000000
endloop
endfacet
facet normal -0.629321 -0.777146 0.000000
outer loop
vertex -501.848114 -557.358215 1500.000122
vertex -440.839233 -606.762329 1500.000122
vertex -440.839233 -606.762268 1800.000122
endloop
endfacet
facet normal -0.629321 -0.777145 0.000000
outer loop
vertex -501.848114 -557.358215 1500.000122
vertex -440.839233 -606.762268 1800.000122
vertex -501.848114 -557.358154 1800.000122
endloop
endfacet
facet normal 0.838672 0.544636 0.000000
outer loop
vertex 649.520325 374.998016 1499.999878
vertex 606.764343 440.837036 1499.999878
vertex 606.764343 440.837097 1799.999878
endloop
endfacet
facet normal 0.838673 0.544635 -0.000000
outer loop
vertex 649.520325 374.998016 1499.999878
vertex 606.764343 440.837097 1799.999878
vertex 649.520325 374.998077 1799.999878
endloop
endfacet
facet normal -0.544640 -0.838670 0.000000
outer loop
vertex -440.839233 -606.762329 1500.000122
vertex -375.000366 -649.518616 1500.000122
vertex -375.000366 -649.518555 1800.000122
endloop
endfacet
facet normal -0.544639 -0.838671 0.000000
outer loop
vertex -440.839233 -606.762329 1500.000122
vertex -375.000366 -649.518555 1800.000122
vertex -440.839233 -606.762268 1800.000122
endloop
endfacet
facet normal 0.777148 0.629318 0.000000
outer loop
vertex 606.764343 440.837036 1499.999878
vertex 557.360474 501.846161 1499.999878
vertex 557.360474 501.846222 1799.999878
endloop
endfacet
facet normal 0.777148 0.629318 -0.000000
outer loop
vertex 606.764343 440.837036 1499.999878
vertex 557.360474 501.846222 1799.999878
vertex 606.764343 440.837097 1799.999878
endloop
endfacet
facet normal -0.453991 -0.891006 0.000000
outer loop
vertex -375.000366 -649.518616 1500.000122
vertex -305.052917 -685.158691 1500.000122
vertex -305.052917 -685.158630 1800.000122
endloop
endfacet
facet normal -0.453991 -0.891006 0.000000
outer loop
vertex -375.000366 -649.518616 1500.000122
vertex -305.052917 -685.158630 1800.000122
vertex -375.000366 -649.518555 1800.000122
endloop
endfacet
facet normal 0.707109 0.707104 -0.000000
outer loop
vertex 557.360474 501.846161 1499.999878
vertex 501.850067 557.356995 1499.999878
vertex 501.850067 557.357056 1799.999878
endloop
endfacet
facet normal 0.707109 0.707104 0.000000
outer loop
vertex 557.360474 501.846161 1499.999878
vertex 501.850067 557.357056 1799.999878
vertex 557.360474 501.846222 1799.999878
endloop
endfacet
facet normal -0.358369 -0.933580 0.000000
outer loop
vertex -305.052917 -685.158691 1500.000122
vertex -231.763275 -713.291992 1500.000122
vertex -231.763275 -713.291931 1800.000122
endloop
endfacet
facet normal -0.358368 -0.933580 0.000000
outer loop
vertex -305.052917 -685.158691 1500.000122
vertex -231.763275 -713.291931 1800.000122
vertex -305.052917 -685.158630 1800.000122
endloop
endfacet
facet normal -0.052336 0.998629 -0.000001
outer loop
vertex 0.000000 750.000244 1499.999878
vertex -78.396347 745.891663 1499.999878
vertex -78.396347 745.891724 1799.999878
endloop
endfacet
facet normal -0.052336 0.998629 -0.000000
outer loop
vertex 0.000000 750.000244 1499.999878
vertex -78.396347 745.891724 1799.999878
vertex 0.000000 750.000305 1799.999878
endloop
endfacet
facet normal 0.629323 0.777144 -0.000000
outer loop
vertex 501.850067 557.356995 1499.999878
vertex 440.841309 606.761292 1499.999878
vertex 440.841309 606.761353 1799.999878
endloop
endfacet
facet normal 0.629324 0.777143 0.000000
outer loop
vertex 501.850067 557.356995 1499.999878
vertex 440.841309 606.761353 1799.999878
vertex 501.850067 557.357056 1799.999878
endloop
endfacet
facet normal -0.258819 -0.965926 0.000001
outer loop
vertex -231.763275 -713.291992 1500.000122
vertex -155.934402 -733.610291 1500.000122
vertex -155.934402 -733.610229 1800.000122
endloop
endfacet
facet normal -0.258819 -0.965926 0.000000
outer loop
vertex -231.763275 -713.291992 1500.000122
vertex -155.934402 -733.610229 1800.000122
vertex -231.763275 -713.291931 1800.000122
endloop
endfacet
facet normal -0.156434 0.987688 0.000000
outer loop
vertex -78.396347 745.891663 1499.999878
vertex -155.933777 733.610962 1499.999878
vertex -155.933777 733.611023 1799.999878
endloop
endfacet
facet normal -0.156434 0.987688 0.000000
outer loop
vertex -78.396347 745.891663 1499.999878
vertex -155.933777 733.611023 1799.999878
vertex -78.396347 745.891724 1799.999878
endloop
endfacet
facet normal 0.544642 0.838668 -0.000000
outer loop
vertex 440.841309 606.761292 1499.999878
vertex 375.002563 649.517822 1499.999878
vertex 375.002563 649.517883 1799.999878
endloop
endfacet
facet normal 0.544642 0.838669 -0.000000
outer loop
vertex 440.841309 606.761292 1499.999878
vertex 375.002563 649.517883 1799.999878
vertex 440.841309 606.761353 1799.999878
endloop
endfacet
facet normal -0.156436 -0.987688 0.000000
outer loop
vertex -155.934402 -733.610291 1500.000122
vertex -78.397087 -745.891113 1500.000122
vertex -78.397087 -745.891052 1800.000122
endloop
endfacet
facet normal -0.156436 -0.987688 0.000000
outer loop
vertex -155.934402 -733.610291 1500.000122
vertex -78.397087 -745.891052 1800.000122
vertex -155.934402 -733.610229 1800.000122
endloop
endfacet
facet normal -0.258819 0.965926 -0.000001
outer loop
vertex -155.933777 733.610962 1499.999878
vertex -231.762741 713.292664 1499.999878
vertex -231.762741 713.292725 1799.999878
endloop
endfacet
facet normal -0.258819 0.965926 -0.000000
outer loop
vertex -155.933777 733.610962 1499.999878
vertex -231.762741 713.292725 1799.999878
vertex -155.933777 733.611023 1799.999878
endloop
endfacet
facet normal 0.453994 0.891004 -0.000000
outer loop
vertex 375.002563 649.517822 1499.999878
vertex 305.055328 685.158081 1499.999878
vertex 305.055328 685.158142 1799.999878
endloop
endfacet
facet normal 0.453994 0.891005 0.000000
outer loop
vertex 375.002563 649.517822 1499.999878
vertex 305.055328 685.158142 1799.999878
vertex 375.002563 649.517883 1799.999878
endloop
endfacet
facet normal -0.052337 -0.998630 0.000000
outer loop
vertex -78.397087 -745.891113 1500.000122
vertex -0.000829 -749.999756 1500.000122
vertex -0.000829 -749.999695 1800.000122
endloop
endfacet
facet normal -0.052337 -0.998630 0.000000
outer loop
vertex -78.397087 -745.891113 1500.000122
vertex -0.000829 -749.999695 1800.000122
vertex -78.397087 -745.891052 1800.000122
endloop
endfacet
facet normal -0.358369 0.933580 -0.000000
outer loop
vertex -231.762741 713.292664 1499.999878
vertex -305.052490 685.159302 1499.999878
vertex -305.052490 685.159363 1799.999878
endloop
endfacet
facet normal -0.358368 0.933580 -0.000001
outer loop
vertex -231.762741 713.292664 1499.999878
vertex -305.052490 685.159363 1799.999878
vertex -231.762741 713.292725 1799.999878
endloop
endfacet
facet normal 0.358372 0.933579 -0.000000
outer loop
vertex 305.055328 685.158081 1499.999878
vertex 231.765762 713.291687 1499.999878
vertex 231.765762 713.291748 1799.999878
endloop
endfacet
facet normal 0.358372 0.933579 -0.000000
outer loop
vertex 305.055328 685.158081 1499.999878
vertex 231.765762 713.291748 1799.999878
vertex 305.055328 685.158142 1799.999878
endloop
endfacet
facet normal 0.052335 -0.998630 0.000000
outer loop
vertex -0.000829 -749.999756 1500.000122
vertex 78.395432 -745.891235 1500.000122
vertex 78.395432 -745.891174 1800.000122
endloop
endfacet
facet normal 0.052335 -0.998630 0.000000
outer loop
vertex -0.000829 -749.999756 1500.000122
vertex 78.395432 -745.891174 1800.000122
vertex -0.000829 -749.999695 1800.000122
endloop
endfacet
facet normal -0.453990 0.891007 -0.000000
outer loop
vertex -305.052490 685.159302 1499.999878
vertex -375.000000 649.519287 1499.999878
vertex -375.000000 649.519348 1799.999878
endloop
endfacet
facet normal -0.453990 0.891007 0.000000
outer loop
vertex -305.052490 685.159302 1499.999878
vertex -375.000000 649.519348 1799.999878
vertex -305.052490 685.159363 1799.999878
endloop
endfacet
facet normal 0.258822 0.965925 -0.000000
outer loop
vertex 231.765762 713.291687 1499.999878
vertex 155.936981 733.610229 1499.999878
vertex 155.936981 733.610291 1799.999878
endloop
endfacet
facet normal 0.258823 0.965925 -0.000000
outer loop
vertex 231.765762 713.291687 1499.999878
vertex 155.936981 733.610291 1799.999878
vertex 231.765762 713.291748 1799.999878
endloop
endfacet
facet normal 0.156433 -0.987689 0.000000
outer loop
vertex 78.395432 -745.891235 1500.000122
vertex 155.932800 -733.610657 1500.000122
vertex 155.932800 -733.610596 1800.000122
endloop
endfacet
facet normal 0.156433 -0.987689 0.000000
outer loop
vertex 78.395432 -745.891235 1500.000122
vertex 155.932800 -733.610596 1800.000122
vertex 78.395432 -745.891174 1800.000122
endloop
endfacet
facet normal -0.544639 0.838671 -0.000000
outer loop
vertex -375.000000 649.519287 1499.999878
vertex -440.838928 606.763000 1499.999878
vertex -440.838928 606.763062 1799.999878
endloop
endfacet
facet normal -0.544639 0.838670 -0.000000
outer loop
vertex -375.000000 649.519287 1499.999878
vertex -440.838928 606.763062 1799.999878
vertex -375.000000 649.519348 1799.999878
endloop
endfacet
facet normal 0.156439 0.987688 -0.000000
outer loop
vertex 155.936981 733.610229 1499.999878
vertex 78.399681 745.891296 1499.999878
vertex 78.399681 745.891357 1799.999878
endloop
endfacet
facet normal 0.156439 0.987688 -0.000001
outer loop
vertex 155.936981 733.610229 1499.999878
vertex 78.399681 745.891357 1799.999878
vertex 155.936981 733.610291 1799.999878
endloop
endfacet
facet normal 0.258818 -0.965926 0.000000
outer loop
vertex 155.932800 -733.610657 1500.000122
vertex 231.761703 -713.292480 1500.000122
vertex 231.761703 -713.292419 1800.000122
endloop
endfacet
facet normal 0.258818 -0.965926 0.000000
outer loop
vertex 155.932800 -733.610657 1500.000122
vertex 231.761703 -713.292419 1800.000122
vertex 155.932800 -733.610596 1800.000122
endloop
endfacet
facet normal -0.629320 0.777146 0.000000
outer loop
vertex -440.838928 606.763000 1499.999878
vertex -501.847961 557.358826 1499.999878
vertex -501.847961 557.358887 1799.999878
endloop
endfacet
facet normal -0.629320 0.777146 -0.000000
outer loop
vertex -440.838928 606.763000 1499.999878
vertex -501.847961 557.358887 1799.999878
vertex -440.838928 606.763062 1799.999878
endloop
endfacet
facet normal 0.052338 0.998629 0.000000
outer loop
vertex 78.399681 745.891296 1499.999878
vertex 0.000000 750.000244 1499.999878
vertex 0.000000 750.000305 1799.999878
endloop
endfacet
facet normal 0.052338 0.998629 0.000000
outer loop
vertex 78.399681 745.891296 1499.999878
vertex 0.000000 750.000305 1799.999878
vertex 78.399681 745.891357 1799.999878
endloop
endfacet
facet normal 0.358366 -0.933581 0.000001
outer loop
vertex 231.761703 -713.292480 1500.000122
vertex 305.051422 -685.159302 1500.000122
vertex 305.051422 -685.159241 1800.000122
endloop
endfacet
facet normal 0.358367 -0.933581 0.000000
outer loop
vertex 231.761703 -713.292480 1500.000122
vertex 305.051422 -685.159241 1800.000122
vertex 231.761703 -713.292419 1800.000122
endloop
endfacet
facet normal -0.707106 0.707107 0.000000
outer loop
vertex -501.847961 557.358826 1499.999878
vertex -557.358643 501.848175 1499.999878
vertex -557.358643 501.848236 1799.999878
endloop
endfacet
facet normal -0.707107 0.707107 -0.000000
outer loop
vertex -501.847961 557.358826 1499.999878
vertex -557.358643 501.848236 1799.999878
vertex -501.847961 557.358887 1799.999878
endloop
endfacet
facet normal 0.453989 -0.891007 0.000000
outer loop
vertex 305.051422 -685.159302 1500.000122
vertex 374.998901 -649.519409 1500.000122
vertex 374.998901 -649.519348 1800.000122
endloop
endfacet
facet normal 0.453989 -0.891007 0.000000
outer loop
vertex 305.051422 -685.159302 1500.000122
vertex 374.998901 -649.519348 1800.000122
vertex 305.051422 -685.159241 1800.000122
endloop
endfacet
facet normal -0.777146 0.629321 0.000000
outer loop
vertex -557.358643 501.848175 1499.999878
vertex -606.762756 440.839172 1499.999878
vertex -606.762756 440.839233 1799.999878
endloop
endfacet
facet normal -0.777146 0.629320 -0.000000
outer loop
vertex -557.358643 501.848175 1499.999878
vertex -606.762756 440.839233 1799.999878
vertex -557.358643 501.848236 1799.999878
endloop
endfacet
facet normal 0.544637 -0.838672 0.000000
outer loop
vertex 374.998901 -649.519409 1500.000122
vertex 440.837860 -606.763306 1500.000122
vertex 440.837860 -606.763245 1800.000122
endloop
endfacet
facet normal 0.544637 -0.838672 0.000000
outer loop
vertex 374.998901 -649.519409 1500.000122
vertex 440.837860 -606.763245 1800.000122
vertex 374.998901 -649.519348 1800.000122
endloop
endfacet
facet normal -0.838670 0.544639 -0.000000
outer loop
vertex -606.762756 440.839172 1499.999878
vertex -649.519104 375.000214 1499.999878
vertex -649.519104 375.000275 1799.999878
endloop
endfacet
facet normal -0.838670 0.544639 0.000000
outer loop
vertex -606.762756 440.839172 1499.999878
vertex -649.519104 375.000275 1799.999878
vertex -606.762756 440.839233 1799.999878
endloop
endfacet
facet normal 0.629319 -0.777147 0.000000
outer loop
vertex 440.837860 -606.763306 1500.000122
vertex 501.846893 -557.359375 1500.000122
vertex 501.846893 -557.359314 1800.000122
endloop
endfacet
facet normal 0.629318 -0.777148 0.000000
outer loop
vertex 440.837860 -606.763306 1500.000122
vertex 501.846893 -557.359314 1800.000122
vertex 440.837860 -606.763245 1800.000122
endloop
endfacet
facet normal -0.891007 0.453990 -0.000000
outer loop
vertex -649.519104 375.000214 1499.999878
vertex -685.159119 305.052704 1500.000000
vertex -685.159119 305.052765 1800.000000
endloop
endfacet
facet normal -0.891007 0.453990 -0.000000
outer loop
vertex -649.519104 375.000214 1499.999878
vertex -685.159119 305.052765 1800.000000
vertex -649.519104 375.000275 1799.999878
endloop
endfacet
facet normal 0.707105 -0.707108 0.000000
outer loop
vertex 501.846893 -557.359375 1500.000122
vertex 557.357605 -501.848846 1500.000122
vertex 557.357605 -501.848785 1800.000122
endloop
endfacet
facet normal 0.707106 -0.707108 0.000000
outer loop
vertex 501.846893 -557.359375 1500.000122
vertex 557.357605 -501.848785 1800.000122
vertex 501.846893 -557.359314 1800.000122
endloop
endfacet
facet normal -0.933581 0.358367 -0.000000
outer loop
vertex -685.159119 305.052704 1500.000000
vertex -713.292419 231.762970 1500.000000
vertex -713.292419 231.763016 1800.000000
endloop
endfacet
facet normal -0.933580 0.358368 -0.000000
outer loop
vertex -685.159119 305.052704 1500.000000
vertex -713.292419 231.763016 1800.000000
vertex -685.159119 305.052765 1800.000000
endloop
endfacet
facet normal 0.777144 -0.629322 0.000000
outer loop
vertex 557.357605 -501.848846 1500.000122
vertex 606.761841 -440.839966 1500.000122
vertex 606.761841 -440.839905 1800.000122
endloop
endfacet
facet normal 0.777145 -0.629321 0.000000
outer loop
vertex 557.357605 -501.848846 1500.000122
vertex 606.761841 -440.839905 1800.000122
vertex 557.357605 -501.848785 1800.000122
endloop
endfacet
facet normal -0.965926 0.258819 -0.000000
outer loop
vertex -713.292419 231.762970 1500.000000
vertex -733.610718 155.933990 1500.000000
vertex -733.610718 155.934036 1800.000000
endloop
endfacet
facet normal -0.965926 0.258819 -0.000000
outer loop
vertex -713.292419 231.762970 1500.000000
vertex -733.610718 155.934036 1800.000000
vertex -713.292419 231.763016 1800.000000
endloop
endfacet
facet normal 0.838673 0.544636 0.000000
outer loop
vertex 649.520325 374.998077 1799.999878
vertex 606.764343 440.837097 1799.999878
vertex 606.764343 440.837128 2100.000000
endloop
endfacet
facet normal 0.838673 0.544635 0.000000
outer loop
vertex 649.520325 374.998077 1799.999878
vertex 606.764343 440.837128 2100.000000
vertex 649.520325 374.998108 2100.000000
endloop
endfacet
facet normal -0.544639 -0.838670 0.000000
outer loop
vertex -440.839233 -606.762268 1800.000122
vertex -375.000366 -649.518555 1800.000122
vertex -375.000366 -649.518494 2100.000000
endloop
endfacet
facet normal -0.544639 -0.838670 0.000000
outer loop
vertex -440.839233 -606.762268 1800.000122
vertex -375.000366 -649.518494 2100.000000
vertex -440.839233 -606.762207 2100.000000
endloop
endfacet
facet normal 0.777149 0.629317 0.000000
outer loop
vertex 606.764343 440.837097 1799.999878
vertex 557.360474 501.846222 1799.999878
vertex 557.360474 501.846252 2100.000000
endloop
endfacet
facet normal 0.777148 0.629318 0.000000
outer loop
vertex 606.764343 440.837097 1799.999878
vertex 557.360474 501.846252 2100.000000
vertex 606.764343 440.837128 2100.000000
endloop
endfacet
facet normal -0.453991 -0.891006 0.000000
outer loop
vertex -375.000366 -649.518555 1800.000122
vertex -305.052917 -685.158630 1800.000122
vertex -305.052917 -685.158569 2100.000000
endloop
endfacet
facet normal -0.453991 -0.891006 0.000000
outer loop
vertex -375.000366 -649.518555 1800.000122
vertex -305.052917 -685.158569 2100.000000
vertex -375.000366 -649.518494 2100.000000
endloop
endfacet
facet normal 0.707109 0.707105 -0.000000
outer loop
vertex 557.360474 501.846222 1799.999878
vertex 501.850067 557.357056 1799.999878
vertex 501.850067 557.357117 2100.000000
endloop
endfacet
facet normal 0.707110 0.707103 0.000000
outer loop
vertex 557.360474 501.846222 1799.999878
vertex 501.850067 557.357117 2100.000000
vertex 557.360474 501.846252 2100.000000
endloop
endfacet
facet normal -0.358368 -0.933580 0.000001
outer loop
vertex -305.052917 -685.158630 1800.000122
vertex -231.763275 -713.291931 1800.000122
vertex -231.763275 -713.291870 2100.000000
endloop
endfacet
facet normal -0.358369 -0.933580 0.000000
outer loop
vertex -305.052917 -685.158630 1800.000122
vertex -231.763275 -713.291870 2100.000000
vertex -305.052917 -685.158569 2100.000000
endloop
endfacet
facet normal -0.052336 0.998630 0.000000
outer loop
vertex 0.000000 750.000305 1799.999878
vertex -78.396347 745.891724 1799.999878
vertex -78.396347 745.891785 2100.000000
endloop
endfacet
facet normal -0.052336 0.998630 0.000000
outer loop
vertex 0.000000 750.000305 1799.999878
vertex -78.396347 745.891785 2100.000000
vertex 0.000000 750.000366 2099.999756
endloop
endfacet
facet normal 0.629324 0.777143 0.000000
outer loop
vertex 501.850067 557.357056 1799.999878
vertex 440.841309 606.761353 1799.999878
vertex 440.841309 606.761414 2100.000000
endloop
endfacet
facet normal 0.629323 0.777144 -0.000000
outer loop
vertex 501.850067 557.357056 1799.999878
vertex 440.841309 606.761414 2100.000000
vertex 501.850067 557.357117 2100.000000
endloop
endfacet
facet normal -0.258819 -0.965926 0.000000
outer loop
vertex -231.763275 -713.291931 1800.000122
vertex -155.934402 -733.610229 1800.000122
vertex -155.934402 -733.610168 2100.000000
endloop
endfacet
facet normal -0.258819 -0.965926 0.000000
outer loop
vertex -231.763275 -713.291931 1800.000122
vertex -155.934402 -733.610168 2100.000000
vertex -231.763275 -713.291870 2100.000000
endloop
endfacet
facet normal -0.156434 0.987688 -0.000000
outer loop
vertex -78.396347 745.891724 1799.999878
vertex -155.933777 733.611023 1799.999878
vertex -155.933777 733.611084 2100.000000
endloop
endfacet
facet normal -0.156434 0.987688 -0.000000
outer loop
vertex -78.396347 745.891724 1799.999878
vertex -155.933777 733.611084 2100.000000
vertex -78.396347 745.891785 2100.000000
endloop
endfacet
facet normal 0.544642 0.838669 0.000000
outer loop
vertex 440.841309 606.761353 1799.999878
vertex 375.002563 649.517883 1799.999878
vertex 375.002563 649.517944 2100.000000
endloop
endfacet
facet normal 0.544642 0.838669 0.000000
outer loop
vertex 440.841309 606.761353 1799.999878
vertex 375.002563 649.517944 2100.000000
vertex 440.841309 606.761414 2100.000000
endloop
endfacet
facet normal -0.156436 -0.987688 0.000000
outer loop
vertex -155.934402 -733.610229 1800.000122
vertex -78.397087 -745.891052 1800.000122
vertex -78.397087 -745.890991 2100.000000
endloop
endfacet
facet normal -0.156436 -0.987688 0.000000
outer loop
vertex -155.934402 -733.610229 1800.000122
vertex -78.397087 -745.890991 2100.000000
vertex -155.934402 -733.610168 2100.000000
endloop
endfacet
facet normal -0.258819 0.965926 0.000000
outer loop
vertex -155.933777 733.611023 1799.999878
vertex -231.762741 713.292725 1799.999878
vertex -231.762741 713.292786 2100.000000
endloop
endfacet
facet normal -0.258819 0.965926 0.000000
outer loop
vertex -155.933777 733.611023 1799.999878
vertex -231.762741 713.292786 2100.000000
vertex -155.933777 733.611084 2100.000000
endloop
endfacet
facet normal 0.453995 0.891005 0.000000
outer loop
vertex 375.002563 649.517883 1799.999878
vertex 305.055328 685.158142 1799.999878
vertex 305.055328 685.158203 2100.000000
endloop
endfacet
facet normal 0.453994 0.891005 -0.000000
outer loop
vertex 375.002563 649.517883 1799.999878
vertex 305.055328 685.158203 2100.000000
vertex 375.002563 649.517944 2100.000000
endloop
endfacet
facet normal -0.052337 -0.998629 0.000000
outer loop
vertex -78.397087 -745.891052 1800.000122
vertex -0.000829 -749.999695 1800.000122
vertex -0.000829 -749.999634 2100.000244
endloop
endfacet
facet normal -0.052337 -0.998630 0.000000
outer loop
vertex -78.397087 -745.891052 1800.000122
vertex -0.000829 -749.999634 2100.000244
vertex -78.397087 -745.890991 2100.000000
endloop
endfacet
facet normal -0.358369 0.933580 0.000000
outer loop
vertex -231.762741 713.292725 1799.999878
vertex -305.052490 685.159363 1799.999878
vertex -305.052490 685.159424 2100.000000
endloop
endfacet
facet normal -0.358368 0.933580 0.000000
outer loop
vertex -231.762741 713.292725 1799.999878
vertex -305.052490 685.159424 2100.000000
vertex -231.762741 713.292786 2100.000000
endloop
endfacet
facet normal 0.358372 0.933579 0.000000
outer loop
vertex 305.055328 685.158142 1799.999878
vertex 231.765762 713.291748 1799.999878
vertex 231.765762 713.291809 2100.000000
endloop
endfacet
facet normal 0.358372 0.933579 0.000000
outer loop
vertex 305.055328 685.158142 1799.999878
vertex 231.765762 713.291809 2100.000000
vertex 305.055328 685.158203 2100.000000
endloop
endfacet
facet normal 0.052335 -0.998630 0.000000
outer loop
vertex -0.000829 -749.999695 1800.000122
vertex 78.395432 -745.891174 1800.000122
vertex 78.395432 -745.891113 2100.000000
endloop
endfacet
facet normal 0.052335 -0.998630 0.000001
outer loop
vertex -0.000829 -749.999695 1800.000122
vertex 78.395432 -745.891113 2100.000000
vertex -0.000829 -749.999634 2100.000244
endloop
endfacet
facet normal -0.453990 0.891007 0.000000
outer loop
vertex -305.052490 685.159363 1799.999878
vertex -375.000000 649.519348 1799.999878
vertex -375.000000 649.519409 2100.000000
endloop
endfacet
facet normal -0.453990 0.891007 -0.000000
outer loop
vertex -305.052490 685.159363 1799.999878
vertex -375.000000 649.519409 2100.000000
vertex -305.052490 685.159424 2100.000000
endloop
endfacet
facet normal 0.258822 0.965925 0.000000
outer loop
vertex 231.765762 713.291748 1799.999878
vertex 155.936981 733.610291 1799.999878
vertex 155.936981 733.610352 2100.000000
endloop
endfacet
facet normal 0.258822 0.965925 0.000000
outer loop
vertex 231.765762 713.291748 1799.999878
vertex 155.936981 733.610352 2100.000000
vertex 231.765762 713.291809 2100.000000
endloop
endfacet
facet normal 0.156433 -0.987689 0.000000
outer loop
vertex 78.395432 -745.891174 1800.000122
vertex 155.932800 -733.610596 1800.000122
vertex 155.932800 -733.610535 2100.000000
endloop
endfacet
facet normal 0.156433 -0.987689 0.000000
outer loop
vertex 78.395432 -745.891174 1800.000122
vertex 155.932800 -733.610535 2100.000000
vertex 78.395432 -745.891113 2100.000000
endloop
endfacet
facet normal -0.544639 0.838671 0.000000
outer loop
vertex -375.000000 649.519348 1799.999878
vertex -440.838928 606.763062 1799.999878
vertex -440.838928 606.763123 2100.000000
endloop
endfacet
facet normal -0.544639 0.838671 0.000000
outer loop
vertex -375.000000 649.519348 1799.999878
vertex -440.838928 606.763123 2100.000000
vertex -375.000000 649.519409 2100.000000
endloop
endfacet
facet normal 0.156439 0.987688 0.000000
outer loop
vertex 155.936981 733.610291 1799.999878
vertex 78.399681 745.891357 1799.999878
vertex 78.399681 745.891418 2100.000000
endloop
endfacet
facet normal 0.156439 0.987688 0.000000
outer loop
vertex 155.936981 733.610291 1799.999878
vertex 78.399681 745.891418 2100.000000
vertex 155.936981 733.610352 2100.000000
endloop
endfacet
facet normal 0.258818 -0.965926 0.000000
outer loop
vertex 155.932800 -733.610596 1800.000122
vertex 231.761703 -713.292419 1800.000122
vertex 231.761703 -713.292358 2100.000000
endloop
endfacet
facet normal 0.258818 -0.965926 0.000000
outer loop
vertex 155.932800 -733.610596 1800.000122
vertex 231.761703 -713.292358 2100.000000
vertex 155.932800 -733.610535 2100.000000
endloop
endfacet
facet normal -0.629321 0.777146 -0.000000
outer loop
vertex -440.838928 606.763062 1799.999878
vertex -501.847961 557.358887 1799.999878
vertex -501.847961 557.358948 2100.000000
endloop
endfacet
facet normal -0.629320 0.777146 0.000000
outer loop
vertex -440.838928 606.763062 1799.999878
vertex -501.847961 557.358948 2100.000000
vertex -440.838928 606.763123 2100.000000
endloop
endfacet
facet normal 0.052338 0.998630 -0.000001
outer loop
vertex 78.399681 745.891357 1799.999878
vertex 0.000000 750.000305 1799.999878
vertex 0.000000 750.000366 2099.999756
endloop
endfacet
facet normal 0.052339 0.998629 -0.000000
outer loop
vertex 78.399681 745.891357 1799.999878
vertex 0.000000 750.000366 2099.999756
vertex 78.399681 745.891418 2100.000000
endloop
endfacet
facet normal 0.358366 -0.933581 0.000000
outer loop
vertex 231.761703 -713.292419 1800.000122
vertex 305.051422 -685.159241 1800.000122
vertex 305.051422 -685.159180 2100.000000
endloop
endfacet
facet normal 0.358367 -0.933581 0.000000
outer loop
vertex 231.761703 -713.292419 1800.000122
vertex 305.051422 -685.159180 2100.000000
vertex 231.761703 -713.292358 2100.000000
endloop
endfacet
facet normal -0.707107 0.707107 0.000000
outer loop
vertex -501.847961 557.358887 1799.999878
vertex -557.358643 501.848236 1799.999878
vertex -557.358643 501.848267 2100.000000
endloop
endfacet
facet normal -0.707107 0.707106 -0.000000
outer loop
vertex -501.847961 557.358887 1799.999878
vertex -557.358643 501.848267 2100.000000
vertex -501.847961 557.358948 2100.000000
endloop
endfacet
facet normal 0.453988 -0.891008 0.000001
outer loop
vertex 305.051422 -685.159241 1800.000122
vertex 374.998901 -649.519348 1800.000122
vertex 374.998901 -649.519287 2100.000000
endloop
endfacet
facet normal 0.453990 -0.891007 0.000000
outer loop
vertex 305.051422 -685.159241 1800.000122
vertex 374.998901 -649.519287 2100.000000
vertex 305.051422 -685.159180 2100.000000
endloop
endfacet
facet normal -0.777145 0.629321 0.000000
outer loop
vertex -557.358643 501.848236 1799.999878
vertex -606.762756 440.839233 1799.999878
vertex -606.762756 440.839264 2100.000000
endloop
endfacet
facet normal -0.777146 0.629320 0.000000
outer loop
vertex -557.358643 501.848236 1799.999878
vertex -606.762756 440.839264 2100.000000
vertex -557.358643 501.848267 2100.000000
endloop
endfacet
facet normal 0.544637 -0.838672 0.000000
outer loop
vertex 374.998901 -649.519348 1800.000122
vertex 440.837860 -606.763245 1800.000122
vertex 440.837860 -606.763184 2100.000000
endloop
endfacet
facet normal 0.544637 -0.838672 0.000000
outer loop
vertex 374.998901 -649.519348 1800.000122
vertex 440.837860 -606.763184 2100.000000
vertex 374.998901 -649.519287 2100.000000
endloop
endfacet
facet normal -0.838670 0.544639 -0.000000
outer loop
vertex -606.762756 440.839233 1799.999878
vertex -649.519104 375.000275 1799.999878
vertex -649.519104 375.000305 2100.000000
endloop
endfacet
facet normal -0.838670 0.544639 0.000000
outer loop
vertex -606.762756 440.839233 1799.999878
vertex -649.519104 375.000305 2100.000000
vertex -606.762756 440.839264 2100.000000
endloop
endfacet
facet normal 0.629319 -0.777147 0.000000
outer loop
vertex 440.837860 -606.763245 1800.000122
vertex 501.846893 -557.359314 1800.000122
vertex 501.846893 -557.359253 2100.000000
endloop
endfacet
facet normal 0.629319 -0.777147 0.000000
outer loop
vertex 440.837860 -606.763245 1800.000122
vertex 501.846893 -557.359253 2100.000000
vertex 440.837860 -606.763184 2100.000000
endloop
endfacet
facet normal -0.891007 0.453990 -0.000000
outer loop
vertex -649.519104 375.000275 1799.999878
vertex -685.159119 305.052765 1800.000000
vertex -685.159119 305.052795 2100.000000
endloop
endfacet
facet normal -0.891007 0.453990 0.000000
outer loop
vertex -649.519104 375.000275 1799.999878
vertex -685.159119 305.052795 2100.000000
vertex -649.519104 375.000305 2100.000000
endloop
endfacet
facet normal 0.707105 -0.707108 0.000000
outer loop
vertex 501.846893 -557.359314 1800.000122
vertex 557.357605 -501.848785 1800.000122
vertex 557.357605 -501.848755 2100.000000
endloop
endfacet
facet normal 0.707105 -0.707108 0.000000
outer loop
vertex 501.846893 -557.359314 1800.000122
vertex 557.357605 -501.848755 2100.000000
vertex 501.846893 -557.359253 2100.000000
endloop
endfacet
facet normal -0.933581 0.358367 0.000000
outer loop
vertex -685.159119 305.052765 1800.000000
vertex -713.292419 231.763016 1800.000000
vertex -713.292419 231.763062 2100.000000
endloop
endfacet
facet normal -0.933580 0.358369 -0.000000
outer loop
vertex -685.159119 305.052765 1800.000000
vertex -713.292419 231.763062 2100.000000
vertex -685.159119 305.052795 2100.000000
endloop
endfacet
facet normal 0.777144 -0.629323 0.000000
outer loop
vertex 557.357605 -501.848785 1800.000122
vertex 606.761841 -440.839905 1800.000122
vertex 606.761841 -440.839874 2100.000000
endloop
endfacet
facet normal 0.777145 -0.629321 0.000000
outer loop
vertex 557.357605 -501.848785 1800.000122
vertex 606.761841 -440.839874 2100.000000
vertex 557.357605 -501.848755 2100.000000
endloop
endfacet
facet normal -0.965926 0.258819 -0.000000
outer loop
vertex -713.292419 231.763016 1800.000000
vertex -733.610718 155.934036 1800.000000
vertex -733.610718 155.934082 2100.000000
endloop
endfacet
facet normal -0.965926 0.258819 -0.000000
outer loop
vertex -713.292419 231.763016 1800.000000
vertex -733.610718 155.934082 2100.000000
vertex -713.292419 231.763062 2100.000000
endloop
endfacet
facet normal 0.838670 -0.544640 0.000000
outer loop
vertex 606.761841 -440.839905 1800.000122
vertex 649.518127 -375.001160 1800.000122
vertex 649.518127 -375.001129 2100.000000
endloop
endfacet
facet normal 0.838670 -0.544640 0.000000
outer loop
vertex 606.761841 -440.839905 1800.000122
vertex 649.518127 -375.001129 2100.000000
vertex 606.761841 -440.839874 2100.000000
endloop
endfacet
facet normal -0.987689 0.156433 -0.000000
outer loop
vertex -733.610718 155.934036 1800.000000
vertex -745.891418 78.396599 1800.000000
vertex -745.891418 78.396652 2100.000000
endloop
endfacet
facet normal -0.987688 0.156435 -0.000000
outer loop
vertex -733.610718 155.934036 1800.000000
vertex -745.891418 78.396652 2100.000000
vertex -733.610718 155.934082 2100.000000
endloop
endfacet
facet normal 0.891005 -0.453993 0.000000
outer loop
vertex 649.518127 -375.001160 1800.000122
vertex 685.158325 -305.053802 1800.000000
vertex 685.158325 -305.053772 2100.000000
endloop
endfacet
facet normal 0.891005 -0.453993 0.000000
outer loop
vertex 649.518127 -375.001160 1800.000122
vertex 685.158325 -305.053772 2100.000000
vertex 649.518127 -375.001129 2100.000000
endloop
endfacet
facet normal -0.998630 0.052337 -0.000000
outer loop
vertex -745.891418 78.396599 1800.000000
vertex -750.000000 0.000260 1800.000000
vertex -750.000000 0.000309 2100.000000
endloop
endfacet
facet normal -0.998630 0.052335 -0.000000
outer loop
vertex -745.891418 78.396599 1800.000000
vertex -750.000000 0.000309 2100.000000
vertex -745.891418 78.396652 2100.000000
endloop
endfacet
facet normal 0.933580 -0.358370 0.000000
outer loop
vertex 685.158325 -305.053802 1800.000000
vertex 713.291809 -231.764236 1800.000000
vertex 713.291809 -231.764191 2100.000000
endloop
endfacet
facet normal 0.933579 -0.358371 0.000000
outer loop
vertex 685.158325 -305.053802 1800.000000
vertex 713.291809 -231.764191 2100.000000
vertex 685.158325 -305.053772 2100.000000
endloop
endfacet
facet normal -0.998630 -0.052336 0.000000
outer loop
vertex -750.000000 0.000260 1800.000000
vertex -745.891418 -78.396095 1800.000000
vertex -745.891418 -78.396042 2100.000000
endloop
endfacet
facet normal -0.998630 -0.052337 0.000000
outer loop
vertex -750.000000 0.000260 1800.000000
vertex -745.891418 -78.396042 2100.000000
vertex -750.000000 0.000309 2100.000000
endloop
endfacet
facet normal 0.965925 -0.258822 0.000000
outer loop
vertex 713.291809 -231.764236 1800.000000
vertex 733.610291 -155.935410 1800.000000
vertex 733.610291 -155.935364 2100.000000
endloop
endfacet
facet normal 0.965925 -0.258821 0.000000
outer loop
vertex 713.291809 -231.764236 1800.000000
vertex 733.610291 -155.935364 2100.000000
vertex 713.291809 -231.764191 2100.000000
endloop
endfacet
facet normal -0.987688 -0.156435 0.000000
outer loop
vertex -745.891418 -78.396095 1800.000000
vertex -733.610718 -155.933533 1800.000000
vertex -733.610718 -155.933487 2100.000000
endloop
endfacet
facet normal -0.987689 -0.156433 0.000000
outer loop
vertex -745.891418 -78.396095 1800.000000
vertex -733.610718 -155.933487 2100.000000
vertex -745.891418 -78.396042 2100.000000
endloop
endfacet
facet normal 0.987688 -0.156439 0.000000
outer loop
vertex 733.610291 -155.935410 1800.000000
vertex 745.891235 -78.398094 1800.000000
vertex 745.891235 -78.398041 2100.000000
endloop
endfacet
facet normal 0.987688 -0.156436 0.000000
outer loop
vertex 733.610291 -155.935410 1800.000000
vertex 745.891235 -78.398041 2100.000000
vertex 733.610291 -155.935364 2100.000000
endloop
endfacet
facet normal -0.965925 -0.258821 0.000000
outer loop
vertex -733.610718 -155.933533 1800.000000
vertex -713.292358 -231.762482 1800.000000
vertex -713.292358 -231.762436 2100.000000
endloop
endfacet
facet normal -0.965926 -0.258819 0.000000
outer loop
vertex -733.610718 -155.933533 1800.000000
vertex -713.292358 -231.762436 2100.000000
vertex -733.610718 -155.933487 2100.000000
endloop
endfacet
facet normal 0.998629 -0.052338 0.000000
outer loop
vertex 745.891235 -78.398094 1800.000000
vertex 750.000000 -0.001844 1800.000000
vertex 750.000000 -0.001795 2100.000000
endloop
endfacet
facet normal 0.998629 -0.052338 0.000000
outer loop
vertex 745.891235 -78.398094 1800.000000
vertex 750.000000 -0.001795 2100.000000
vertex 745.891235 -78.398041 2100.000000
endloop
endfacet
facet normal -0.933580 -0.358368 0.000000
outer loop
vertex -713.292358 -231.762482 1800.000000
vertex -685.159058 -305.052216 1800.000000
vertex -685.159058 -305.052185 2100.000000
endloop
endfacet
facet normal -0.933581 -0.358367 0.000000
outer loop
vertex -713.292358 -231.762482 1800.000000
vertex -685.159058 -305.052185 2100.000000
vertex -713.292358 -231.762436 2100.000000
endloop
endfacet
facet normal 0.998630 0.052332 -0.000000
outer loop
vertex 750.000000 -0.001844 1800.000000
vertex 745.891663 78.394432 1800.000000
vertex 745.891663 78.394485 2100.000000
endloop
endfacet
facet normal 0.998630 0.052334 -0.000000
outer loop
vertex 750.000000 -0.001844 1800.000000
vertex 745.891663 78.394485 2100.000000
vertex 750.000000 -0.001795 2100.000000
endloop
endfacet
facet normal -0.891007 -0.453990 0.000000
outer loop
vertex -685.159058 -305.052216 1800.000000
vertex -649.519043 -374.999725 1800.000122
vertex -649.519043 -374.999695 2100.000000
endloop
endfacet
facet normal -0.891007 -0.453990 0.000000
outer loop
vertex -685.159058 -305.052216 1800.000000
vertex -649.519043 -374.999695 2100.000000
vertex -685.159058 -305.052185 2100.000000
endloop
endfacet
facet normal 0.987689 0.156432 -0.000000
outer loop
vertex 745.891663 78.394432 1800.000000
vertex 733.611206 155.931793 1800.000000
vertex 733.611206 155.931839 2100.000000
endloop
endfacet
facet normal 0.987689 0.156431 -0.000000
outer loop
vertex 745.891663 78.394432 1800.000000
vertex 733.611206 155.931839 2100.000000
vertex 745.891663 78.394485 2100.000000
endloop
endfacet
facet normal -0.838671 -0.544639 0.000000
outer loop
vertex -649.519043 -374.999725 1800.000122
vertex -606.762756 -440.838593 1800.000122
vertex -606.762756 -440.838562 2100.000000
endloop
endfacet
facet normal -0.838670 -0.544640 0.000000
outer loop
vertex -649.519043 -374.999725 1800.000122
vertex -606.762756 -440.838562 2100.000000
vertex -649.519043 -374.999695 2100.000000
endloop
endfacet
facet normal 0.965927 0.258815 -0.000000
outer loop
vertex 733.611206 155.931793 1800.000000
vertex 713.293152 231.760757 1800.000000
vertex 713.293152 231.760803 2100.000000
endloop
endfacet
facet normal 0.965926 0.258817 -0.000000
outer loop
vertex 733.611206 155.931793 1800.000000
vertex 713.293152 231.760803 2100.000000
vertex 733.611206 155.931839 2100.000000
endloop
endfacet
facet normal -0.777147 -0.629320 0.000000
outer loop
vertex -606.762756 -440.838593 1800.000122
vertex -557.358704 -501.847595 1800.000122
vertex -557.358704 -501.847565 2100.000000
endloop
endfacet
facet normal -0.777146 -0.629320 0.000000
outer loop
vertex -606.762756 -440.838593 1800.000122
vertex -557.358704 -501.847565 2100.000000
vertex -606.762756 -440.838562 2100.000000
endloop
endfacet
facet normal 0.933582 0.358365 0.000000
outer loop
vertex 713.293152 231.760757 1800.000000
vertex 685.160034 305.050507 1800.000000
vertex 685.160034 305.050537 2100.000000
endloop
endfacet
facet normal 0.933581 0.358367 -0.000000
outer loop
vertex 713.293152 231.760757 1800.000000
vertex 685.160034 305.050537 2100.000000
vertex 713.293152 231.760803 2100.000000
endloop
endfacet
facet normal -0.707107 -0.707107 0.000000
outer loop
vertex -557.358704 -501.847595 1800.000122
vertex -501.848114 -557.358154 1800.000122
vertex -501.848114 -557.358093 2100.000000
endloop
endfacet
facet normal -0.707106 -0.707107 0.000000
outer loop
vertex -557.358704 -501.847595 1800.000122
vertex -501.848114 -557.358093 2100.000000
vertex -557.358704 -501.847565 2100.000000
endloop
endfacet
facet normal 0.891008 0.453987 0.000000
outer loop
vertex 685.160034 305.050507 1800.000000
vertex 649.520325 374.998077 1799.999878
vertex 649.520325 374.998108 2100.000000
endloop
endfacet
facet normal 0.891009 0.453986 -0.000000
outer loop
vertex 685.160034 305.050507 1800.000000
vertex 649.520325 374.998108 2100.000000
vertex 685.160034 305.050537 2100.000000
endloop
endfacet
facet normal -0.629321 -0.777146 0.000000
outer loop
vertex -501.848114 -557.358154 1800.000122
vertex -440.839233 -606.762268 1800.000122
vertex -440.839233 -606.762207 2100.000000
endloop
endfacet
facet normal -0.629321 -0.777145 0.000000
outer loop
vertex -501.848114 -557.358154 1800.000122
vertex -440.839233 -606.762207 2100.000000
vertex -501.848114 -557.358093 2100.000000
endloop
endfacet
facet normal 0.544637 -0.838672 0.000000
outer loop
vertex 374.998901 -649.519287 2100.000000
vertex 440.837860 -606.763184 2100.000000
vertex 440.837860 -606.763184 2400.000000
endloop
endfacet
facet normal 0.544637 -0.838672 0.000000
outer loop
vertex 374.998901 -649.519287 2100.000000
vertex 440.837860 -606.763184 2400.000000
vertex 374.998901 -649.519287 2400.000000
endloop
endfacet
facet normal -0.838670 0.544639 0.000000
outer loop
vertex -606.762756 440.839264 2100.000000
vertex -649.519104 375.000305 2100.000000
vertex -649.519104 375.000366 2400.000000
endloop
endfacet
facet normal -0.838670 0.544639 -0.000000
outer loop
vertex -606.762756 440.839264 2100.000000
vertex -649.519104 375.000366 2400.000000
vertex -606.762756 440.839325 2400.000000
endloop
endfacet
facet normal 0.629319 -0.777147 0.000000
outer loop
vertex 440.837860 -606.763184 2100.000000
vertex 501.846893 -557.359253 2100.000000
vertex 501.846893 -557.359253 2400.000000
endloop
endfacet
facet normal 0.629319 -0.777147 0.000000
outer loop
vertex 440.837860 -606.763184 2100.000000
vertex 501.846893 -557.359253 2400.000000
vertex 440.837860 -606.763184 2400.000000
endloop
endfacet
facet normal -0.891007 0.453990 -0.000000
outer loop
vertex -649.519104 375.000305 2100.000000
vertex -685.159119 305.052795 2100.000000
vertex -685.159119 305.052856 2400.000000
endloop
endfacet
facet normal -0.891007 0.453990 -0.000000
outer loop
vertex -649.519104 375.000305 2100.000000
vertex -685.159119 305.052856 2400.000000
vertex -649.519104 375.000366 2400.000000
endloop
endfacet
facet normal 0.707105 -0.707108 0.000000
outer loop
vertex 501.846893 -557.359253 2100.000000
vertex 557.357605 -501.848755 2100.000000
vertex 557.357605 -501.848694 2400.000000
endloop
endfacet
facet normal 0.707106 -0.707108 0.000000
outer loop
vertex 501.846893 -557.359253 2100.000000
vertex 557.357605 -501.848694 2400.000000
vertex 501.846893 -557.359253 2400.000000
endloop
endfacet
facet normal -0.933581 0.358367 -0.000000
outer loop
vertex -685.159119 305.052795 2100.000000
vertex -713.292419 231.763062 2100.000000
vertex -713.292419 231.763123 2400.000000
endloop
endfacet
facet normal -0.933580 0.358369 -0.000000
outer loop
vertex -685.159119 305.052795 2100.000000
vertex -713.292419 231.763123 2400.000000
vertex -685.159119 305.052856 2400.000000
endloop
endfacet
facet normal 0.777145 -0.629322 0.000000
outer loop
vertex 557.357605 -501.848755 2100.000000
vertex 606.761841 -440.839874 2100.000000
vertex 606.761841 -440.839813 2400.000000
endloop
endfacet
facet normal 0.777145 -0.629322 0.000000
outer loop
vertex 557.357605 -501.848755 2100.000000
vertex 606.761841 -440.839813 2400.000000
vertex 557.357605 -501.848694 2400.000000
endloop
endfacet
facet normal -0.965926 0.258819 -0.000000
outer loop
vertex -713.292419 231.763062 2100.000000
vertex -733.610718 155.934082 2100.000000
vertex -733.610718 155.934143 2400.000000
endloop
endfacet
facet normal -0.965926 0.258819 -0.000000
outer loop
vertex -713.292419 231.763062 2100.000000
vertex -733.610718 155.934143 2400.000000
vertex -713.292419 231.763123 2400.000000
endloop
endfacet
facet normal 0.838670 -0.544640 0.000000
outer loop
vertex 606.761841 -440.839874 2100.000000
vertex 649.518127 -375.001129 2100.000000
vertex 649.518127 -375.001068 2400.000000
endloop
endfacet
facet normal 0.838670 -0.544641 0.000000
outer loop
vertex 606.761841 -440.839874 2100.000000
vertex 649.518127 -375.001068 2400.000000
vertex 606.761841 -440.839813 2400.000000
endloop
endfacet
facet normal -0.987689 0.156433 -0.000000
outer loop
vertex -733.610718 155.934082 2100.000000
vertex -745.891418 78.396652 2100.000000
vertex -745.891418 78.396698 2400.000000
endloop
endfacet
facet normal -0.987688 0.156434 -0.000000
outer loop
vertex -733.610718 155.934082 2100.000000
vertex -745.891418 78.396698 2400.000000
vertex -733.610718 155.934143 2400.000000
endloop
endfacet
facet normal 0.891006 -0.453992 0.000000
outer loop
vertex 649.518127 -375.001129 2100.000000
vertex 685.158325 -305.053772 2100.000000
vertex 685.158325 -305.053711 2400.000000
endloop
endfacet
facet normal 0.891005 -0.453994 0.000000
outer loop
vertex 649.518127 -375.001129 2100.000000
vertex 685.158325 -305.053711 2400.000000
vertex 649.518127 -375.001068 2400.000000
endloop
endfacet
facet normal -0.998629 0.052337 -0.000000
outer loop
vertex -745.891418 78.396652 2100.000000
vertex -750.000000 0.000309 2100.000000
vertex -750.000000 0.000358 2400.000000
endloop
endfacet
facet normal -0.998630 0.052335 -0.000000
outer loop
vertex -745.891418 78.396652 2100.000000
vertex -750.000000 0.000358 2400.000000
vertex -745.891418 78.396698 2400.000000
endloop
endfacet
facet normal 0.933579 -0.358371 0.000000
outer loop
vertex 685.158325 -305.053772 2100.000000
vertex 713.291809 -231.764191 2100.000000
vertex 713.291809 -231.764130 2400.000000
endloop
endfacet
facet normal 0.933579 -0.358371 0.000000
outer loop
vertex 685.158325 -305.053772 2100.000000
vertex 713.291809 -231.764130 2400.000000
vertex 685.158325 -305.053711 2400.000000
endloop
endfacet
facet normal -0.998630 -0.052336 0.000000
outer loop
vertex -750.000000 0.000309 2100.000000
vertex -745.891418 -78.396042 2100.000000
vertex -745.891418 -78.395996 2400.000000
endloop
endfacet
facet normal -0.998629 -0.052337 0.000000
outer loop
vertex -750.000000 0.000309 2100.000000
vertex -745.891418 -78.395996 2400.000000
vertex -750.000000 0.000358 2400.000000
endloop
endfacet
facet normal 0.965925 -0.258822 0.000000
outer loop
vertex 713.291809 -231.764191 2100.000000
vertex 733.610291 -155.935364 2100.000000
vertex 733.610291 -155.935303 2400.000000
endloop
endfacet
facet normal 0.965925 -0.258821 0.000000
outer loop
vertex 713.291809 -231.764191 2100.000000
vertex 733.610291 -155.935303 2400.000000
vertex 713.291809 -231.764130 2400.000000
endloop
endfacet
facet normal -0.987688 -0.156435 0.000000
outer loop
vertex -745.891418 -78.396042 2100.000000
vertex -733.610718 -155.933487 2100.000000
vertex -733.610718 -155.933426 2400.000000
endloop
endfacet
facet normal -0.987689 -0.156433 0.000000
outer loop
vertex -745.891418 -78.396042 2100.000000
vertex -733.610718 -155.933426 2400.000000
vertex -745.891418 -78.395996 2400.000000
endloop
endfacet
facet normal 0.987688 -0.156439 0.000000
outer loop
vertex 733.610291 -155.935364 2100.000000
vertex 745.891235 -78.398041 2100.000000
vertex 745.891235 -78.397995 2400.000000
endloop
endfacet
facet normal 0.987688 -0.156436 0.000000
outer loop
vertex 733.610291 -155.935364 2100.000000
vertex 745.891235 -78.397995 2400.000000
vertex 733.610291 -155.935303 2400.000000
endloop
endfacet
facet normal -0.965925 -0.258821 0.000000
outer loop
vertex -733.610718 -155.933487 2100.000000
vertex -713.292358 -231.762436 2100.000000
vertex -713.292358 -231.762375 2400.000000
endloop
endfacet
facet normal -0.965926 -0.258819 0.000000
outer loop
vertex -733.610718 -155.933487 2100.000000
vertex -713.292358 -231.762375 2400.000000
vertex -733.610718 -155.933426 2400.000000
endloop
endfacet
facet normal 0.998629 -0.052338 0.000000
outer loop
vertex 745.891235 -78.398041 2100.000000
vertex 750.000000 -0.001795 2100.000000
vertex 750.000000 -0.001746 2400.000000
endloop
endfacet
facet normal 0.998629 -0.052338 0.000000
outer loop
vertex 745.891235 -78.398041 2100.000000
vertex 750.000000 -0.001746 2400.000000
vertex 745.891235 -78.397995 2400.000000
endloop
endfacet
facet normal -0.933580 -0.358368 0.000000
outer loop
vertex -713.292358 -231.762436 2100.000000
vertex -685.159058 -305.052185 2100.000000
vertex -685.159058 -305.052124 2400.000000
endloop
endfacet
facet normal -0.933581 -0.358367 0.000000
outer loop
vertex -713.292358 -231.762436 2100.000000
vertex -685.159058 -305.052124 2400.000000
vertex -713.292358 -231.762375 2400.000000
endloop
endfacet
facet normal 0.998630 0.052332 -0.000000
outer loop
vertex 750.000000 -0.001795 2100.000000
vertex 745.891663 78.394485 2100.000000
vertex 745.891663 78.394531 2400.000000
endloop
endfacet
facet normal 0.998630 0.052334 -0.000000
outer loop
vertex 750.000000 -0.001795 2100.000000
vertex 745.891663 78.394531 2400.000000
vertex 750.000000 -0.001746 2400.000000
endloop
endfacet
facet normal -0.891007 -0.453990 0.000000
outer loop
vertex -685.159058 -305.052185 2100.000000
vertex -649.519043 -374.999695 2100.000000
vertex -649.519043 -374.999634 2400.000000
endloop
endfacet
facet normal -0.891007 -0.453990 0.000000
outer loop
vertex -685.159058 -305.052185 2100.000000
vertex -649.519043 -374.999634 2400.000000
vertex -685.159058 -305.052124 2400.000000
endloop
endfacet
facet normal 0.987689 0.156432 -0.000000
outer loop
vertex 745.891663 78.394485 2100.000000
vertex 733.611206 155.931839 2100.000000
vertex 733.611206 155.931900 2400.000000
endloop
endfacet
facet normal 0.987689 0.156431 -0.000000
outer loop
vertex 745.891663 78.394485 2100.000000
vertex 733.611206 155.931900 2400.000000
vertex 745.891663 78.394531 2400.000000
endloop
endfacet
facet normal -0.838671 -0.544639 0.000000
outer loop
vertex -649.519043 -374.999695 2100.000000
vertex -606.762756 -440.838562 2100.000000
vertex -606.762756 -440.838501 2400.000000
endloop
endfacet
facet normal -0.838670 -0.544640 0.000000
outer loop
vertex -649.519043 -374.999695 2100.000000
vertex -606.762756 -440.838501 2400.000000
vertex -649.519043 -374.999634 2400.000000
endloop
endfacet
facet normal 0.965927 0.258814 -0.000000
outer loop
vertex 733.611206 155.931839 2100.000000
vertex 713.293152 231.760803 2100.000000
vertex 713.293152 231.760864 2400.000000
endloop
endfacet
facet normal 0.965926 0.258817 -0.000000
outer loop
vertex 733.611206 155.931839 2100.000000
vertex 713.293152 231.760864 2400.000000
vertex 733.611206 155.931900 2400.000000
endloop
endfacet
facet normal -0.777146 -0.629320 0.000000
outer loop
vertex -606.762756 -440.838562 2100.000000
vertex -557.358704 -501.847565 2100.000000
vertex -557.358704 -501.847504 2400.000000
endloop
endfacet
facet normal -0.777146 -0.629320 0.000000
outer loop
vertex -606.762756 -440.838562 2100.000000
vertex -557.358704 -501.847504 2400.000000
vertex -606.762756 -440.838501 2400.000000
endloop
endfacet
facet normal 0.933582 0.358365 -0.000000
outer loop
vertex 713.293152 231.760803 2100.000000
vertex 685.160034 305.050537 2100.000000
vertex 685.160034 305.050598 2400.000000
endloop
endfacet
facet normal 0.933581 0.358367 -0.000000
outer loop
vertex 713.293152 231.760803 2100.000000
vertex 685.160034 305.050598 2400.000000
vertex 713.293152 231.760864 2400.000000
endloop
endfacet
facet normal -0.707107 -0.707107 0.000000
outer loop
vertex -557.358704 -501.847565 2100.000000
vertex -501.848114 -557.358093 2100.000000
vertex -501.848114 -557.358093 2400.000000
endloop
endfacet
facet normal -0.707107 -0.707107 0.000000
outer loop
vertex -557.358704 -501.847565 2100.000000
vertex -501.848114 -557.358093 2400.000000
vertex -557.358704 -501.847504 2400.000000
endloop
endfacet
facet normal 0.891008 0.453988 -0.000000
outer loop
vertex 685.160034 305.050537 2100.000000
vertex 649.520325 374.998108 2100.000000
vertex 649.520325 374.998169 2400.000000
endloop
endfacet
facet normal 0.891009 0.453986 -0.000000
outer loop
vertex 685.160034 305.050537 2100.000000
vertex 649.520325 374.998169 2400.000000
vertex 685.160034 305.050598 2400.000000
endloop
endfacet
facet normal -0.629321 -0.777146 0.000000
outer loop
vertex -501.848114 -557.358093 2100.000000
vertex -440.839233 -606.762207 2100.000000
vertex -440.839233 -606.762207 2400.000000
endloop
endfacet
facet normal -0.629321 -0.777145 0.000000
outer loop
vertex -501.848114 -557.358093 2100.000000
vertex -440.839233 -606.762207 2400.000000
vertex -501.848114 -557.358093 2400.000000
endloop
endfacet
facet normal 0.838673 0.544636 -0.000000
outer loop
vertex 649.520325 374.998108 2100.000000
vertex 606.764343 440.837128 2100.000000
vertex 606.764343 440.837189 2400.000000
endloop
endfacet
facet normal 0.838673 0.544636 0.000000
outer loop
vertex 649.520325 374.998108 2100.000000
vertex 606.764343 440.837189 2400.000000
vertex 649.520325 374.998169 2400.000000
endloop
endfacet
facet normal -0.544639 -0.838670 0.000000
outer loop
vertex -440.839233 -606.762207 2100.000000
vertex -375.000366 -649.518494 2100.000000
vertex -375.000366 -649.518494 2400.000000
endloop
endfacet
facet normal -0.544639 -0.838671 0.000000
outer loop
vertex -440.839233 -606.762207 2100.000000
vertex -375.000366 -649.518494 2400.000000
vertex -440.839233 -606.762207 2400.000000
endloop
endfacet
facet normal 0.777148 0.629318 -0.000000
outer loop
vertex 606.764343 440.837128 2100.000000
vertex 557.360474 501.846252 2100.000000
vertex 557.360474 501.846313 2400.000000
endloop
endfacet
facet normal 0.777148 0.629317 0.000000
outer loop
vertex 606.764343 440.837128 2100.000000
vertex 557.360474 501.846313 2400.000000
vertex 606.764343 440.837189 2400.000000
endloop
endfacet
facet normal -0.453992 -0.891006 0.000000
outer loop
vertex -375.000366 -649.518494 2100.000000
vertex -305.052917 -685.158569 2100.000000
vertex -305.052917 -685.158569 2400.000000
endloop
endfacet
facet normal -0.453991 -0.891006 0.000000
outer loop
vertex -375.000366 -649.518494 2100.000000
vertex -305.052917 -685.158569 2400.000000
vertex -375.000366 -649.518494 2400.000000
endloop
endfacet
facet normal 0.707110 0.707104 0.000000
outer loop
vertex 557.360474 501.846252 2100.000000
vertex 501.850067 557.357117 2100.000000
vertex 501.850067 557.357117 2400.000000
endloop
endfacet
facet normal 0.707109 0.707105 0.000000
outer loop
vertex 557.360474 501.846252 2100.000000
vertex 501.850067 557.357117 2400.000000
vertex 557.360474 501.846313 2400.000000
endloop
endfacet
facet normal -0.358369 -0.933580 0.000000
outer loop
vertex -305.052917 -685.158569 2100.000000
vertex -231.763275 -713.291870 2100.000000
vertex -231.763275 -713.291870 2400.000000
endloop
endfacet
facet normal -0.358368 -0.933580 0.000000
outer loop
vertex -305.052917 -685.158569 2100.000000
vertex -231.763275 -713.291870 2400.000000
vertex -305.052917 -685.158569 2400.000000
endloop
endfacet
facet normal -0.052336 0.998629 0.000000
outer loop
vertex 0.000000 750.000366 2099.999756
vertex -78.396347 745.891785 2100.000000
vertex -78.396347 745.891785 2400.000000
endloop
endfacet
facet normal -0.052336 0.998629 0.000000
outer loop
vertex 0.000000 750.000366 2099.999756
vertex -78.396347 745.891785 2400.000000
vertex 0.000000 750.000366 2399.999756
endloop
endfacet
facet normal 0.629323 0.777144 0.000000
outer loop
vertex 501.850067 557.357117 2100.000000
vertex 440.841309 606.761414 2100.000000
vertex 440.841309 606.761414 2400.000000
endloop
endfacet
facet normal 0.629324 0.777143 0.000000
outer loop
vertex 501.850067 557.357117 2100.000000
vertex 440.841309 606.761414 2400.000000
vertex 501.850067 557.357117 2400.000000
endloop
endfacet
facet normal -0.258819 -0.965926 0.000000
outer loop
vertex -231.763275 -713.291870 2100.000000
vertex -155.934402 -733.610168 2100.000000
vertex -155.934402 -733.610168 2400.000000
endloop
endfacet
facet normal -0.258819 -0.965926 0.000000
outer loop
vertex -231.763275 -713.291870 2100.000000
vertex -155.934402 -733.610168 2400.000000
vertex -231.763275 -713.291870 2400.000000
endloop
endfacet
facet normal -0.156434 0.987688 0.000000
outer loop
vertex -78.396347 745.891785 2100.000000
vertex -155.933777 733.611084 2100.000000
vertex -155.933777 733.611084 2400.000000
endloop
endfacet
facet normal -0.156434 0.987688 0.000000
outer loop
vertex -78.396347 745.891785 2100.000000
vertex -155.933777 733.611084 2400.000000
vertex -78.396347 745.891785 2400.000000
endloop
endfacet
facet normal 0.544642 0.838668 0.000000
outer loop
vertex 440.841309 606.761414 2100.000000
vertex 375.002563 649.517944 2100.000000
vertex 375.002563 649.517944 2400.000000
endloop
endfacet
facet normal 0.544642 0.838669 0.000000
outer loop
vertex 440.841309 606.761414 2100.000000
vertex 375.002563 649.517944 2400.000000
vertex 440.841309 606.761414 2400.000000
endloop
endfacet
facet normal -0.156436 -0.987688 0.000000
outer loop
vertex -155.934402 -733.610168 2100.000000
vertex -78.397087 -745.890991 2100.000000
vertex -78.397087 -745.890991 2400.000000
endloop
endfacet
facet normal -0.156436 -0.987688 0.000000
outer loop
vertex -155.934402 -733.610168 2100.000000
vertex -78.397087 -745.890991 2400.000000
vertex -155.934402 -733.610168 2400.000000
endloop
endfacet
facet normal -0.258819 0.965926 0.000000
outer loop
vertex -155.933777 733.611084 2100.000000
vertex -231.762741 713.292786 2100.000000
vertex -231.762741 713.292786 2400.000000
endloop
endfacet
facet normal -0.258819 0.965926 0.000000
outer loop
vertex -155.933777 733.611084 2100.000000
vertex -231.762741 713.292786 2400.000000
vertex -155.933777 733.611084 2400.000000
endloop
endfacet
facet normal 0.453994 0.891004 0.000000
outer loop
vertex 375.002563 649.517944 2100.000000
vertex 305.055328 685.158203 2100.000000
vertex 305.055328 685.158203 2400.000000
endloop
endfacet
facet normal 0.453994 0.891005 0.000000
outer loop
vertex 375.002563 649.517944 2100.000000
vertex 305.055328 685.158203 2400.000000
vertex 375.002563 649.517944 2400.000000
endloop
endfacet
facet normal -0.052337 -0.998630 0.000000
outer loop
vertex -78.397087 -745.890991 2100.000000
vertex -0.000829 -749.999634 2100.000244
vertex -0.000829 -749.999634 2400.000244
endloop
endfacet
facet normal -0.052337 -0.998630 0.000000
outer loop
vertex -78.397087 -745.890991 2100.000000
vertex -0.000829 -749.999634 2400.000244
vertex -78.397087 -745.890991 2400.000000
endloop
endfacet
facet normal -0.358369 0.933580 0.000000
outer loop
vertex -231.762741 713.292786 2100.000000
vertex -305.052490 685.159424 2100.000000
vertex -305.052490 685.159424 2400.000000
endloop
endfacet
facet normal -0.358369 0.933580 0.000000
outer loop
vertex -231.762741 713.292786 2100.000000
vertex -305.052490 685.159424 2400.000000
vertex -231.762741 713.292786 2400.000000
endloop
endfacet
facet normal 0.358372 0.933579 0.000000
outer loop
vertex 305.055328 685.158203 2100.000000
vertex 231.765762 713.291809 2100.000000
vertex 231.765762 713.291809 2400.000000
endloop
endfacet
facet normal 0.358372 0.933579 0.000000
outer loop
vertex 305.055328 685.158203 2100.000000
vertex 231.765762 713.291809 2400.000000
vertex 305.055328 685.158203 2400.000000
endloop
endfacet
facet normal 0.052335 -0.998630 0.000000
outer loop
vertex -0.000829 -749.999634 2100.000244
vertex 78.395432 -745.891113 2100.000000
vertex 78.395432 -745.891113 2400.000000
endloop
endfacet
facet normal 0.052335 -0.998630 0.000000
outer loop
vertex -0.000829 -749.999634 2100.000244
vertex 78.395432 -745.891113 2400.000000
vertex -0.000829 -749.999634 2400.000244
endloop
endfacet
facet normal -0.453990 0.891007 0.000000
outer loop
vertex -305.052490 685.159424 2100.000000
vertex -375.000000 649.519409 2100.000000
vertex -375.000000 649.519409 2400.000000
endloop
endfacet
facet normal -0.453990 0.891007 0.000000
outer loop
vertex -305.052490 685.159424 2100.000000
vertex -375.000000 649.519409 2400.000000
vertex -305.052490 685.159424 2400.000000
endloop
endfacet
facet normal 0.258822 0.965925 0.000000
outer loop
vertex 231.765762 713.291809 2100.000000
vertex 155.936981 733.610352 2100.000000
vertex 155.936981 733.610352 2400.000000
endloop
endfacet
facet normal 0.258823 0.965925 0.000000
outer loop
vertex 231.765762 713.291809 2100.000000
vertex 155.936981 733.610352 2400.000000
vertex 231.765762 713.291809 2400.000000
endloop
endfacet
facet normal 0.156433 -0.987689 0.000000
outer loop
vertex 78.395432 -745.891113 2100.000000
vertex 155.932800 -733.610535 2100.000000
vertex 155.932800 -733.610535 2400.000000
endloop
endfacet
facet normal 0.156433 -0.987689 0.000000
outer loop
vertex 78.395432 -745.891113 2100.000000
vertex 155.932800 -733.610535 2400.000000
vertex 78.395432 -745.891113 2400.000000
endloop
endfacet
facet normal -0.544639 0.838670 0.000000
outer loop
vertex -375.000000 649.519409 2100.000000
vertex -440.838928 606.763123 2100.000000
vertex -440.838928 606.763123 2400.000000
endloop
endfacet
facet normal -0.544639 0.838671 0.000000
outer loop
vertex -375.000000 649.519409 2100.000000
vertex -440.838928 606.763123 2400.000000
vertex -375.000000 649.519409 2400.000000
endloop
endfacet
facet normal 0.156439 0.987688 0.000000
outer loop
vertex 155.936981 733.610352 2100.000000
vertex 78.399681 745.891418 2100.000000
vertex 78.399681 745.891418 2400.000000
endloop
endfacet
facet normal 0.156439 0.987688 0.000000
outer loop
vertex 155.936981 733.610352 2100.000000
vertex 78.399681 745.891418 2400.000000
vertex 155.936981 733.610352 2400.000000
endloop
endfacet
facet normal 0.258818 -0.965926 0.000000
outer loop
vertex 155.932800 -733.610535 2100.000000
vertex 231.761703 -713.292358 2100.000000
vertex 231.761703 -713.292358 2400.000000
endloop
endfacet
facet normal 0.258818 -0.965926 0.000000
outer loop
vertex 155.932800 -733.610535 2100.000000
vertex 231.761703 -713.292358 2400.000000
vertex 155.932800 -733.610535 2400.000000
endloop
endfacet
facet normal -0.629320 0.777146 0.000000
outer loop
vertex -440.838928 606.763123 2100.000000
vertex -501.847961 557.358948 2100.000000
vertex -501.847961 557.358948 2400.000000
endloop
endfacet
facet normal -0.629320 0.777146 0.000000
outer loop
vertex -440.838928 606.763123 2100.000000
vertex -501.847961 557.358948 2400.000000
vertex -440.838928 606.763123 2400.000000
endloop
endfacet
facet normal 0.052338 0.998629 0.000000
outer loop
vertex 78.399681 745.891418 2100.000000
vertex 0.000000 750.000366 2099.999756
vertex 0.000000 750.000366 2399.999756
endloop
endfacet
facet normal 0.052338 0.998629 0.000000
outer loop
vertex 78.399681 745.891418 2100.000000
vertex 0.000000 750.000366 2399.999756
vertex 78.399681 745.891418 2400.000000
endloop
endfacet
facet normal 0.358367 -0.933581 0.000000
outer loop
vertex 231.761703 -713.292358 2100.000000
vertex 305.051422 -685.159180 2100.000000
vertex 305.051422 -685.159180 2400.000000
endloop
endfacet
facet normal 0.358366 -0.933581 0.000000
outer loop
vertex 231.761703 -713.292358 2100.000000
vertex 305.051422 -685.159180 2400.000000
vertex 231.761703 -713.292358 2400.000000
endloop
endfacet
facet normal -0.707107 0.707107 0.000000
outer loop
vertex -501.847961 557.358948 2100.000000
vertex -557.358643 501.848267 2100.000000
vertex -557.358643 501.848328 2400.000000
endloop
endfacet
facet normal -0.707106 0.707107 0.000000
outer loop
vertex -501.847961 557.358948 2100.000000
vertex -557.358643 501.848328 2400.000000
vertex -501.847961 557.358948 2400.000000
endloop
endfacet
facet normal 0.453989 -0.891007 0.000000
outer loop
vertex 305.051422 -685.159180 2100.000000
vertex 374.998901 -649.519287 2100.000000
vertex 374.998901 -649.519287 2400.000000
endloop
endfacet
facet normal 0.453989 -0.891007 0.000000
outer loop
vertex 305.051422 -685.159180 2100.000000
vertex 374.998901 -649.519287 2400.000000
vertex 305.051422 -685.159180 2400.000000
endloop
endfacet
facet normal -0.777146 0.629321 -0.000000
outer loop
vertex -557.358643 501.848267 2100.000000
vertex -606.762756 440.839264 2100.000000
vertex -606.762756 440.839325 2400.000000
endloop
endfacet
facet normal -0.777146 0.629320 0.000000
outer loop
vertex -557.358643 501.848267 2100.000000
vertex -606.762756 440.839325 2400.000000
vertex -557.358643 501.848328 2400.000000
endloop
endfacet
facet normal 0.987689 0.156432 -0.000000
outer loop
vertex 745.891663 78.394531 2400.000000
vertex 733.611206 155.931900 2400.000000
vertex 733.611206 155.931946 2700.000000
endloop
endfacet
facet normal 0.987689 0.156431 -0.000000
outer loop
vertex 745.891663 78.394531 2400.000000
vertex 733.611206 155.931946 2700.000000
vertex 745.891663 78.394585 2700.000000
endloop
endfacet
facet normal -0.838671 -0.544639 0.000000
outer loop
vertex -649.519043 -374.999634 2400.000000
vertex -606.762756 -440.838501 2400.000000
vertex -606.762756 -440.838470 2700.000000
endloop
endfacet
facet normal -0.838670 -0.544640 0.000000
outer loop
vertex -649.519043 -374.999634 2400.000000
vertex -606.762756 -440.838470 2700.000000
vertex -649.519043 -374.999603 2700.000000
endloop
endfacet
facet normal 0.965927 0.258815 -0.000000
outer loop
vertex 733.611206 155.931900 2400.000000
vertex 713.293152 231.760864 2400.000000
vertex 713.293152 231.760910 2700.000000
endloop
endfacet
facet normal 0.965926 0.258817 -0.000000
outer loop
vertex 733.611206 155.931900 2400.000000
vertex 713.293152 231.760910 2700.000000
vertex 733.611206 155.931946 2700.000000
endloop
endfacet
facet normal -0.777146 -0.629320 0.000000
outer loop
vertex -606.762756 -440.838501 2400.000000
vertex -557.358704 -501.847504 2400.000000
vertex -557.358704 -501.847473 2700.000000
endloop
endfacet
facet normal -0.777147 -0.629320 0.000000
outer loop
vertex -606.762756 -440.838501 2400.000000
vertex -557.358704 -501.847473 2700.000000
vertex -606.762756 -440.838470 2700.000000
endloop
endfacet
facet normal 0.933582 0.358365 -0.000000
outer loop
vertex 713.293152 231.760864 2400.000000
vertex 685.160034 305.050598 2400.000000
vertex 685.160034 305.050629 2700.000000
endloop
endfacet
facet normal 0.933580 0.358368 0.000000
outer loop
vertex 713.293152 231.760864 2400.000000
vertex 685.160034 305.050629 2700.000000
vertex 713.293152 231.760910 2700.000000
endloop
endfacet
facet normal -0.707107 -0.707107 0.000000
outer loop
vertex -557.358704 -501.847504 2400.000000
vertex -501.848114 -557.358093 2400.000000
vertex -501.848114 -557.358032 2700.000000
endloop
endfacet
facet normal -0.707107 -0.707107 0.000000
outer loop
vertex -557.358704 -501.847504 2400.000000
vertex -501.848114 -557.358032 2700.000000
vertex -557.358704 -501.847473 2700.000000
endloop
endfacet
facet normal 0.891008 0.453988 -0.000000
outer loop
vertex 685.160034 305.050598 2400.000000
vertex 649.520325 374.998169 2400.000000
vertex 649.520325 374.998199 2700.000000
endloop
endfacet
facet normal 0.891008 0.453987 0.000000
outer loop
vertex 685.160034 305.050598 2400.000000
vertex 649.520325 374.998199 2700.000000
vertex 685.160034 305.050629 2700.000000
endloop
endfacet
facet normal -0.629321 -0.777146 0.000000
outer loop
vertex -501.848114 -557.358093 2400.000000
vertex -440.839233 -606.762207 2400.000000
vertex -440.839233 -606.762146 2700.000000
endloop
endfacet
facet normal -0.629321 -0.777145 0.000000
outer loop
vertex -501.848114 -557.358093 2400.000000
vertex -440.839233 -606.762146 2700.000000
vertex -501.848114 -557.358032 2700.000000
endloop
endfacet
facet normal 0.838673 0.544636 -0.000000
outer loop
vertex 649.520325 374.998169 2400.000000
vertex 606.764343 440.837189 2400.000000
vertex 606.764343 440.837219 2700.000000
endloop
endfacet
facet normal 0.838673 0.544635 0.000000
outer loop
vertex 649.520325 374.998169 2400.000000
vertex 606.764343 440.837219 2700.000000
vertex 649.520325 374.998199 2700.000000
endloop
endfacet
facet normal -0.544639 -0.838670 0.000000
outer loop
vertex -440.839233 -606.762207 2400.000000
vertex -375.000366 -649.518494 2400.000000
vertex -375.000366 -649.518433 2700.000000
endloop
endfacet
facet normal -0.544639 -0.838670 0.000000
outer loop
vertex -440.839233 -606.762207 2400.000000
vertex -375.000366 -649.518433 2700.000000
vertex -440.839233 -606.762146 2700.000000
endloop
endfacet
facet normal 0.777148 0.629318 -0.000000
outer loop
vertex 606.764343 440.837189 2400.000000
vertex 557.360474 501.846313 2400.000000
vertex 557.360474 501.846344 2700.000000
endloop
endfacet
facet normal 0.777148 0.629317 -0.000000
outer loop
vertex 606.764343 440.837189 2400.000000
vertex 557.360474 501.846344 2700.000000
vertex 606.764343 440.837219 2700.000000
endloop
endfacet
facet normal -0.453991 -0.891006 0.000000
outer loop
vertex -375.000366 -649.518494 2400.000000
vertex -305.052917 -685.158569 2400.000000
vertex -305.052917 -685.158508 2700.000000
endloop
endfacet
facet normal -0.453991 -0.891006 0.000000
outer loop
vertex -375.000366 -649.518494 2400.000000
vertex -305.052917 -685.158508 2700.000000
vertex -375.000366 -649.518433 2700.000000
endloop
endfacet
facet normal 0.707109 0.707104 -0.000000
outer loop
vertex 557.360474 501.846313 2400.000000
vertex 501.850067 557.357117 2400.000000
vertex 501.850067 557.357178 2700.000000
endloop
endfacet
facet normal 0.707109 0.707104 0.000000
outer loop
vertex 557.360474 501.846313 2400.000000
vertex 501.850067 557.357178 2700.000000
vertex 557.360474 501.846344 2700.000000
endloop
endfacet
facet normal -0.358368 -0.933580 0.000000
outer loop
vertex -305.052917 -685.158569 2400.000000
vertex -231.763275 -713.291870 2400.000000
vertex -231.763275 -713.291809 2700.000000
endloop
endfacet
facet normal -0.358369 -0.933580 0.000000
outer loop
vertex -305.052917 -685.158569 2400.000000
vertex -231.763275 -713.291809 2700.000000
vertex -305.052917 -685.158508 2700.000000
endloop
endfacet
facet normal -0.052336 0.998629 -0.000000
outer loop
vertex 0.000000 750.000366 2399.999756
vertex -78.396347 745.891785 2400.000000
vertex -78.396347 745.891846 2700.000000
endloop
endfacet
facet normal -0.052336 0.998629 -0.000000
outer loop
vertex 0.000000 750.000366 2399.999756
vertex -78.396347 745.891846 2700.000000
vertex 0.000000 750.000427 2699.999756
endloop
endfacet
facet normal 0.629322 0.777144 -0.000000
outer loop
vertex 501.850067 557.357117 2400.000000
vertex 440.841309 606.761414 2400.000000
vertex 440.841309 606.761475 2700.000000
endloop
endfacet
facet normal 0.629324 0.777143 0.000000
outer loop
vertex 501.850067 557.357117 2400.000000
vertex 440.841309 606.761475 2700.000000
vertex 501.850067 557.357178 2700.000000
endloop
endfacet
facet normal -0.258819 -0.965926 0.000000
outer loop
vertex -231.763275 -713.291870 2400.000000
vertex -155.934402 -733.610168 2400.000000
vertex -155.934402 -733.610107 2700.000000
endloop
endfacet
facet normal -0.258819 -0.965926 0.000000
outer loop
vertex -231.763275 -713.291870 2400.000000
vertex -155.934402 -733.610107 2700.000000
vertex -231.763275 -713.291809 2700.000000
endloop
endfacet
facet normal -0.156434 0.987688 0.000000
outer loop
vertex -78.396347 745.891785 2400.000000
vertex -155.933777 733.611084 2400.000000
vertex -155.933777 733.611145 2700.000000
endloop
endfacet
facet normal -0.156434 0.987688 0.000000
outer loop
vertex -78.396347 745.891785 2400.000000
vertex -155.933777 733.611145 2700.000000
vertex -78.396347 745.891846 2700.000000
endloop
endfacet
facet normal 0.544642 0.838668 -0.000000
outer loop
vertex 440.841309 606.761414 2400.000000
vertex 375.002563 649.517944 2400.000000
vertex 375.002563 649.518005 2700.000000
endloop
endfacet
facet normal 0.544642 0.838669 -0.000000
outer loop
vertex 440.841309 606.761414 2400.000000
vertex 375.002563 649.518005 2700.000000
vertex 440.841309 606.761475 2700.000000
endloop
endfacet
facet normal -0.156436 -0.987688 0.000000
outer loop
vertex -155.934402 -733.610168 2400.000000
vertex -78.397087 -745.890991 2400.000000
vertex -78.397087 -745.890930 2700.000000
endloop
endfacet
facet normal -0.156436 -0.987688 0.000001
outer loop
vertex -155.934402 -733.610168 2400.000000
vertex -78.397087 -745.890930 2700.000000
vertex -155.934402 -733.610107 2700.000000
endloop
endfacet
facet normal -0.258819 0.965926 -0.000000
outer loop
vertex -155.933777 733.611084 2400.000000
vertex -231.762741 713.292786 2400.000000
vertex -231.762741 713.292847 2700.000000
endloop
endfacet
facet normal -0.258819 0.965926 -0.000000
outer loop
vertex -155.933777 733.611084 2400.000000
vertex -231.762741 713.292847 2700.000000
vertex -155.933777 733.611145 2700.000000
endloop
endfacet
facet normal 0.453994 0.891005 -0.000000
outer loop
vertex 375.002563 649.517944 2400.000000
vertex 305.055328 685.158203 2400.000000
vertex 305.055328 685.158264 2700.000000
endloop
endfacet
facet normal 0.453994 0.891005 0.000000
outer loop
vertex 375.002563 649.517944 2400.000000
vertex 305.055328 685.158264 2700.000000
vertex 375.002563 649.518005 2700.000000
endloop
endfacet
facet normal -0.052337 -0.998630 0.000000
outer loop
vertex -78.397087 -745.890991 2400.000000
vertex -0.000829 -749.999634 2400.000244
vertex -0.000829 -749.999573 2700.000244
endloop
endfacet
facet normal -0.052337 -0.998630 0.000001
outer loop
vertex -78.397087 -745.890991 2400.000000
vertex -0.000829 -749.999573 2700.000244
vertex -78.397087 -745.890930 2700.000000
endloop
endfacet
facet normal -0.358368 0.933580 -0.000000
outer loop
vertex -231.762741 713.292786 2400.000000
vertex -305.052490 685.159424 2400.000000
vertex -305.052490 685.159485 2700.000000
endloop
endfacet
facet normal -0.358369 0.933580 -0.000000
outer loop
vertex -231.762741 713.292786 2400.000000
vertex -305.052490 685.159485 2700.000000
vertex -231.762741 713.292847 2700.000000
endloop
endfacet
facet normal 0.358372 0.933579 -0.000000
outer loop
vertex 305.055328 685.158203 2400.000000
vertex 231.765762 713.291809 2400.000000
vertex 231.765762 713.291870 2700.000000
endloop
endfacet
facet normal 0.358372 0.933579 -0.000000
outer loop
vertex 305.055328 685.158203 2400.000000
vertex 231.765762 713.291870 2700.000000
vertex 305.055328 685.158264 2700.000000
endloop
endfacet
facet normal 0.052335 -0.998630 0.000000
outer loop
vertex -0.000829 -749.999634 2400.000244
vertex 78.395432 -745.891113 2400.000000
vertex 78.395432 -745.891052 2700.000000
endloop
endfacet
facet normal 0.052335 -0.998630 0.000000
outer loop
vertex -0.000829 -749.999634 2400.000244
vertex 78.395432 -745.891052 2700.000000
vertex -0.000829 -749.999573 2700.000244
endloop
endfacet
facet normal -0.453991 0.891006 -0.000000
outer loop
vertex -305.052490 685.159424 2400.000000
vertex -375.000000 649.519409 2400.000000
vertex -375.000000 649.519470 2700.000000
endloop
endfacet
facet normal -0.453990 0.891007 0.000000
outer loop
vertex -305.052490 685.159424 2400.000000
vertex -375.000000 649.519470 2700.000000
vertex -305.052490 685.159485 2700.000000
endloop
endfacet
facet normal 0.258822 0.965925 -0.000000
outer loop
vertex 231.765762 713.291809 2400.000000
vertex 155.936981 733.610352 2400.000000
vertex 155.936981 733.610413 2700.000000
endloop
endfacet
facet normal 0.258823 0.965925 -0.000001
outer loop
vertex 231.765762 713.291809 2400.000000
vertex 155.936981 733.610413 2700.000000
vertex 231.765762 713.291870 2700.000000
endloop
endfacet
facet normal 0.156433 -0.987689 0.000001
outer loop
vertex 78.395432 -745.891113 2400.000000
vertex 155.932800 -733.610535 2400.000000
vertex 155.932800 -733.610474 2700.000000
endloop
endfacet
facet normal 0.156433 -0.987689 0.000000
outer loop
vertex 78.395432 -745.891113 2400.000000
vertex 155.932800 -733.610474 2700.000000
vertex 78.395432 -745.891052 2700.000000
endloop
endfacet
facet normal -0.544639 0.838670 -0.000000
outer loop
vertex -375.000000 649.519409 2400.000000
vertex -440.838928 606.763123 2400.000000
vertex -440.838928 606.763184 2700.000000
endloop
endfacet
facet normal -0.544639 0.838670 -0.000000
outer loop
vertex -375.000000 649.519409 2400.000000
vertex -440.838928 606.763184 2700.000000
vertex -375.000000 649.519470 2700.000000
endloop
endfacet
facet normal 0.156439 0.987688 -0.000000
outer loop
vertex 155.936981 733.610352 2400.000000
vertex 78.399681 745.891418 2400.000000
vertex 78.399681 745.891479 2700.000000
endloop
endfacet
facet normal 0.156439 0.987688 -0.000000
outer loop
vertex 155.936981 733.610352 2400.000000
vertex 78.399681 745.891479 2700.000000
vertex 155.936981 733.610413 2700.000000
endloop
endfacet
facet normal 0.258818 -0.965926 0.000000
outer loop
vertex 155.932800 -733.610535 2400.000000
vertex 231.761703 -713.292358 2400.000000
vertex 231.761703 -713.292297 2700.000000
endloop
endfacet
facet normal 0.258818 -0.965926 0.000000
outer loop
vertex 155.932800 -733.610535 2400.000000
vertex 231.761703 -713.292297 2700.000000
vertex 155.932800 -733.610474 2700.000000
endloop
endfacet
facet normal -0.629321 0.777146 0.000000
outer loop
vertex -440.838928 606.763123 2400.000000
vertex -501.847961 557.358948 2400.000000
vertex -501.847961 557.359009 2700.000000
endloop
endfacet
facet normal -0.629320 0.777146 -0.000000
outer loop
vertex -440.838928 606.763123 2400.000000
vertex -501.847961 557.359009 2700.000000
vertex -440.838928 606.763184 2700.000000
endloop
endfacet
facet normal 0.052338 0.998629 0.000000
outer loop
vertex 78.399681 745.891418 2400.000000
vertex 0.000000 750.000366 2399.999756
vertex 0.000000 750.000427 2699.999756
endloop
endfacet
facet normal 0.052338 0.998629 0.000000
outer loop
vertex 78.399681 745.891418 2400.000000
vertex 0.000000 750.000427 2699.999756
vertex 78.399681 745.891479 2700.000000
endloop
endfacet
facet normal 0.358367 -0.933581 0.000000
outer loop
vertex 231.761703 -713.292358 2400.000000
vertex 305.051422 -685.159180 2400.000000
vertex 305.051422 -685.159119 2700.000000
endloop
endfacet
facet normal 0.358367 -0.933581 0.000000
outer loop
vertex 231.761703 -713.292358 2400.000000
vertex 305.051422 -685.159119 2700.000000
vertex 231.761703 -713.292297 2700.000000
endloop
endfacet
facet normal -0.707106 0.707107 0.000000
outer loop
vertex -501.847961 557.358948 2400.000000
vertex -557.358643 501.848328 2400.000000
vertex -557.358643 501.848358 2700.000000
endloop
endfacet
facet normal -0.707107 0.707107 -0.000000
outer loop
vertex -501.847961 557.358948 2400.000000
vertex -557.358643 501.848358 2700.000000
vertex -501.847961 557.359009 2700.000000
endloop
endfacet
facet normal 0.453989 -0.891007 0.000000
outer loop
vertex 305.051422 -685.159180 2400.000000
vertex 374.998901 -649.519287 2400.000000
vertex 374.998901 -649.519226 2700.000000
endloop
endfacet
facet normal 0.453989 -0.891007 0.000000
outer loop
vertex 305.051422 -685.159180 2400.000000
vertex 374.998901 -649.519226 2700.000000
vertex 305.051422 -685.159119 2700.000000
endloop
endfacet
facet normal -0.777145 0.629321 0.000000
outer loop
vertex -557.358643 501.848328 2400.000000
vertex -606.762756 440.839325 2400.000000
vertex -606.762756 440.839355 2700.000000
endloop
endfacet
facet normal -0.777147 0.629320 -0.000000
outer loop
vertex -557.358643 501.848328 2400.000000
vertex -606.762756 440.839355 2700.000000
vertex -557.358643 501.848358 2700.000000
endloop
endfacet
facet normal 0.544637 -0.838672 0.000000
outer loop
vertex 374.998901 -649.519287 2400.000000
vertex 440.837860 -606.763184 2400.000000
vertex 440.837860 -606.763123 2700.000000
endloop
endfacet
facet normal 0.544637 -0.838672 0.000000
outer loop
vertex 374.998901 -649.519287 2400.000000
vertex 440.837860 -606.763123 2700.000000
vertex 374.998901 -649.519226 2700.000000
endloop
endfacet
facet normal -0.838670 0.544639 0.000000
outer loop
vertex -606.762756 440.839325 2400.000000
vertex -649.519104 375.000366 2400.000000
vertex -649.519104 375.000397 2700.000000
endloop
endfacet
facet normal -0.838670 0.544639 0.000000
outer loop
vertex -606.762756 440.839325 2400.000000
vertex -649.519104 375.000397 2700.000000
vertex -606.762756 440.839355 2700.000000
endloop
endfacet
facet normal 0.629319 -0.777147 0.000000
outer loop
vertex 440.837860 -606.763184 2400.000000
vertex 501.846893 -557.359253 2400.000000
vertex 501.846893 -557.359192 2700.000000
endloop
endfacet
facet normal 0.629318 -0.777148 0.000000
outer loop
vertex 440.837860 -606.763184 2400.000000
vertex 501.846893 -557.359192 2700.000000
vertex 440.837860 -606.763123 2700.000000
endloop
endfacet
facet normal -0.891007 0.453990 0.000000
outer loop
vertex -649.519104 375.000366 2400.000000
vertex -685.159119 305.052856 2400.000000
vertex -685.159119 305.052887 2700.000000
endloop
endfacet
facet normal -0.891007 0.453990 -0.000000
outer loop
vertex -649.519104 375.000366 2400.000000
vertex -685.159119 305.052887 2700.000000
vertex -649.519104 375.000397 2700.000000
endloop
endfacet
facet normal 0.707106 -0.707108 0.000000
outer loop
vertex 501.846893 -557.359253 2400.000000
vertex 557.357605 -501.848694 2400.000000
vertex 557.357605 -501.848663 2700.000000
endloop
endfacet
facet normal 0.707106 -0.707108 0.000000
outer loop
vertex 501.846893 -557.359253 2400.000000
vertex 557.357605 -501.848663 2700.000000
vertex 501.846893 -557.359192 2700.000000
endloop
endfacet
facet normal -0.933581 0.358367 -0.000000
outer loop
vertex -685.159119 305.052856 2400.000000
vertex -713.292419 231.763123 2400.000000
vertex -713.292419 231.763168 2700.000000
endloop
endfacet
facet normal -0.933580 0.358369 0.000000
outer loop
vertex -685.159119 305.052856 2400.000000
vertex -713.292419 231.763168 2700.000000
vertex -685.159119 305.052887 2700.000000
endloop
endfacet
facet normal 0.777144 -0.629322 0.000000
outer loop
vertex 557.357605 -501.848694 2400.000000
vertex 606.761841 -440.839813 2400.000000
vertex 606.761841 -440.839783 2700.000000
endloop
endfacet
facet normal 0.777145 -0.629321 0.000000
outer loop
vertex 557.357605 -501.848694 2400.000000
vertex 606.761841 -440.839783 2700.000000
vertex 557.357605 -501.848663 2700.000000
endloop
endfacet
facet normal -0.965926 0.258819 -0.000000
outer loop
vertex -713.292419 231.763123 2400.000000
vertex -733.610718 155.934143 2400.000000
vertex -733.610718 155.934189 2700.000000
endloop
endfacet
facet normal -0.965926 0.258819 -0.000000
outer loop
vertex -713.292419 231.763123 2400.000000
vertex -733.610718 155.934189 2700.000000
vertex -713.292419 231.763168 2700.000000
endloop
endfacet
facet normal 0.838670 -0.544640 0.000000
outer loop
vertex 606.761841 -440.839813 2400.000000
vertex 649.518127 -375.001068 2400.000000
vertex 649.518127 -375.001038 2700.000000
endloop
endfacet
facet normal 0.838670 -0.544641 0.000000
outer loop
vertex 606.761841 -440.839813 2400.000000
vertex 649.518127 -375.001038 2700.000000
vertex 606.761841 -440.839783 2700.000000
endloop
endfacet
facet normal -0.987689 0.156433 -0.000000
outer loop
vertex -733.610718 155.934143 2400.000000
vertex -745.891418 78.396698 2400.000000
vertex -745.891418 78.396751 2700.000000
endloop
endfacet
facet normal -0.987688 0.156434 -0.000000
outer loop
vertex -733.610718 155.934143 2400.000000
vertex -745.891418 78.396751 2700.000000
vertex -733.610718 155.934189 2700.000000
endloop
endfacet
facet normal 0.891006 -0.453992 0.000000
outer loop
vertex 649.518127 -375.001068 2400.000000
vertex 685.158325 -305.053711 2400.000000
vertex 685.158325 -305.053680 2700.000000
endloop
endfacet
facet normal 0.891005 -0.453994 0.000000
outer loop
vertex 649.518127 -375.001068 2400.000000
vertex 685.158325 -305.053680 2700.000000
vertex 649.518127 -375.001038 2700.000000
endloop
endfacet
facet normal -0.998629 0.052337 -0.000000
outer loop
vertex -745.891418 78.396698 2400.000000
vertex -750.000000 0.000358 2400.000000
vertex -750.000000 0.000407 2700.000000
endloop
endfacet
facet normal -0.998630 0.052335 -0.000000
outer loop
vertex -745.891418 78.396698 2400.000000
vertex -750.000000 0.000407 2700.000000
vertex -745.891418 78.396751 2700.000000
endloop
endfacet
facet normal 0.933580 -0.358370 0.000000
outer loop
vertex 685.158325 -305.053711 2400.000000
vertex 713.291809 -231.764130 2400.000000
vertex 713.291809 -231.764084 2700.000000
endloop
endfacet
facet normal 0.933579 -0.358371 0.000000
outer loop
vertex 685.158325 -305.053711 2400.000000
vertex 713.291809 -231.764084 2700.000000
vertex 685.158325 -305.053680 2700.000000
endloop
endfacet
facet normal -0.998630 -0.052336 0.000000
outer loop
vertex -750.000000 0.000358 2400.000000
vertex -745.891418 -78.395996 2400.000000
vertex -745.891418 -78.395943 2700.000000
endloop
endfacet
facet normal -0.998629 -0.052337 0.000000
outer loop
vertex -750.000000 0.000358 2400.000000
vertex -745.891418 -78.395943 2700.000000
vertex -750.000000 0.000407 2700.000000
endloop
endfacet
facet normal 0.965925 -0.258822 0.000000
outer loop
vertex 713.291809 -231.764130 2400.000000
vertex 733.610291 -155.935303 2400.000000
vertex 733.610291 -155.935257 2700.000000
endloop
endfacet
facet normal 0.965925 -0.258821 0.000000
outer loop
vertex 713.291809 -231.764130 2400.000000
vertex 733.610291 -155.935257 2700.000000
vertex 713.291809 -231.764084 2700.000000
endloop
endfacet
facet normal -0.987688 -0.156435 0.000000
outer loop
vertex -745.891418 -78.395996 2400.000000
vertex -733.610718 -155.933426 2400.000000
vertex -733.610718 -155.933380 2700.000000
endloop
endfacet
facet normal -0.987689 -0.156433 0.000000
outer loop
vertex -745.891418 -78.395996 2400.000000
vertex -733.610718 -155.933380 2700.000000
vertex -745.891418 -78.395943 2700.000000
endloop
endfacet
facet normal 0.987688 -0.156439 0.000000
outer loop
vertex 733.610291 -155.935303 2400.000000
vertex 745.891235 -78.397995 2400.000000
vertex 745.891235 -78.397942 2700.000000
endloop
endfacet
facet normal 0.987688 -0.156436 0.000000
outer loop
vertex 733.610291 -155.935303 2400.000000
vertex 745.891235 -78.397942 2700.000000
vertex 733.610291 -155.935257 2700.000000
endloop
endfacet
facet normal -0.965925 -0.258821 0.000000
outer loop
vertex -733.610718 -155.933426 2400.000000
vertex -713.292358 -231.762375 2400.000000
vertex -713.292358 -231.762329 2700.000000
endloop
endfacet
facet normal -0.965926 -0.258819 0.000000
outer loop
vertex -733.610718 -155.933426 2400.000000
vertex -713.292358 -231.762329 2700.000000
vertex -733.610718 -155.933380 2700.000000
endloop
endfacet
facet normal 0.998629 -0.052338 0.000000
outer loop
vertex 745.891235 -78.397995 2400.000000
vertex 750.000000 -0.001746 2400.000000
vertex 750.000000 -0.001697 2700.000000
endloop
endfacet
facet normal 0.998629 -0.052338 0.000000
outer loop
vertex 745.891235 -78.397995 2400.000000
vertex 750.000000 -0.001697 2700.000000
vertex 745.891235 -78.397942 2700.000000
endloop
endfacet
facet normal -0.933580 -0.358368 0.000000
outer loop
vertex -713.292358 -231.762375 2400.000000
vertex -685.159058 -305.052124 2400.000000
vertex -685.159058 -305.052094 2700.000000
endloop
endfacet
facet normal -0.933581 -0.358367 0.000000
outer loop
vertex -713.292358 -231.762375 2400.000000
vertex -685.159058 -305.052094 2700.000000
vertex -713.292358 -231.762329 2700.000000
endloop
endfacet
facet normal 0.998630 0.052332 -0.000000
outer loop
vertex 750.000000 -0.001746 2400.000000
vertex 745.891663 78.394531 2400.000000
vertex 745.891663 78.394585 2700.000000
endloop
endfacet
facet normal 0.998630 0.052334 -0.000000
outer loop
vertex 750.000000 -0.001746 2400.000000
vertex 745.891663 78.394585 2700.000000
vertex 750.000000 -0.001697 2700.000000
endloop
endfacet
facet normal -0.891007 -0.453990 0.000000
outer loop
vertex -685.159058 -305.052124 2400.000000
vertex -649.519043 -374.999634 2400.000000
vertex -649.519043 -374.999603 2700.000000
endloop
endfacet
facet normal -0.891007 -0.453990 0.000000
outer loop
vertex -685.159058 -305.052124 2400.000000
vertex -649.519043 -374.999603 2700.000000
vertex -685.159058 -305.052094 2700.000000
endloop
endfacet
facet normal 0.258822 0.965925 0.000000
outer loop
vertex 231.765762 713.291870 2700.000000
vertex 155.936981 733.610413 2700.000000
vertex 155.936981 733.610474 3000.000000
endloop
endfacet
facet normal 0.258823 0.965925 0.000000
outer loop
vertex 231.765762 713.291870 2700.000000
vertex 155.936981 733.610474 3000.000000
vertex 231.765762 713.291931 3000.000000
endloop
endfacet
facet normal 0.156433 -0.987689 0.000000
outer loop
vertex 78.395432 -745.891052 2700.000000
vertex 155.932800 -733.610474 2700.000000
vertex 155.932800 -733.610413 3000.000000
endloop
endfacet
facet normal 0.156433 -0.987689 0.000000
outer loop
vertex 78.395432 -745.891052 2700.000000
vertex 155.932800 -733.610413 3000.000000
vertex 78.395432 -745.890991 3000.000000
endloop
endfacet
facet normal -0.544639 0.838671 0.000000
outer loop
vertex -375.000000 649.519470 2700.000000
vertex -440.838928 606.763184 2700.000000
vertex -440.838928 606.763245 3000.000000
endloop
endfacet
facet normal -0.544639 0.838670 0.000000
outer loop
vertex -375.000000 649.519470 2700.000000
vertex -440.838928 606.763245 3000.000000
vertex -375.000000 649.519531 3000.000000
endloop
endfacet
facet normal 0.156439 0.987688 0.000000
outer loop
vertex 155.936981 733.610413 2700.000000
vertex 78.399681 745.891479 2700.000000
vertex 78.399681 745.891541 3000.000000
endloop
endfacet
facet normal 0.156439 0.987688 0.000000
outer loop
vertex 155.936981 733.610413 2700.000000
vertex 78.399681 745.891541 3000.000000
vertex 155.936981 733.610474 3000.000000
endloop
endfacet
facet normal 0.258818 -0.965926 0.000000
outer loop
vertex 155.932800 -733.610474 2700.000000
vertex 231.761703 -713.292297 2700.000000
vertex 231.761703 -713.292236 3000.000000
endloop
endfacet
facet normal 0.258818 -0.965926 0.000000
outer loop
vertex 155.932800 -733.610474 2700.000000
vertex 231.761703 -713.292236 3000.000000
vertex 155.932800 -733.610413 3000.000000
endloop
endfacet
facet normal -0.629321 0.777146 -0.000000
outer loop
vertex -440.838928 606.763184 2700.000000
vertex -501.847961 557.359009 2700.000000
vertex -501.847961 557.359070 3000.000000
endloop
endfacet
facet normal -0.629321 0.777145 0.000000
outer loop
vertex -440.838928 606.763184 2700.000000
vertex -501.847961 557.359070 3000.000000
vertex -440.838928 606.763245 3000.000000
endloop
endfacet
facet normal 0.052338 0.998629 -0.000000
outer loop
vertex 78.399681 745.891479 2700.000000
vertex 0.000000 750.000427 2699.999756
vertex 0.000000 750.000488 2999.999756
endloop
endfacet
facet normal 0.052338 0.998629 -0.000000
outer loop
vertex 78.399681 745.891479 2700.000000
vertex 0.000000 750.000488 2999.999756
vertex 78.399681 745.891541 3000.000000
endloop
endfacet
facet normal 0.358366 -0.933581 0.000000
outer loop
vertex 231.761703 -713.292297 2700.000000
vertex 305.051422 -685.159119 2700.000000
vertex 305.051422 -685.159058 3000.000000
endloop
endfacet
facet normal 0.358367 -0.933581 0.000000
outer loop
vertex 231.761703 -713.292297 2700.000000
vertex 305.051422 -685.159058 3000.000000
vertex 231.761703 -713.292236 3000.000000
endloop
endfacet
facet normal -0.707107 0.707107 0.000000
outer loop
vertex -501.847961 557.359009 2700.000000
vertex -557.358643 501.848358 2700.000000
vertex -557.358643 501.848419 3000.000000
endloop
endfacet
facet normal -0.707107 0.707107 -0.000000
outer loop
vertex -501.847961 557.359009 2700.000000
vertex -557.358643 501.848419 3000.000000
vertex -501.847961 557.359070 3000.000000
endloop
endfacet
facet normal 0.453989 -0.891007 0.000000
outer loop
vertex 305.051422 -685.159119 2700.000000
vertex 374.998901 -649.519226 2700.000000
vertex 374.998901 -649.519165 3000.000000
endloop
endfacet
facet normal 0.453989 -0.891007 0.000000
outer loop
vertex 305.051422 -685.159119 2700.000000
vertex 374.998901 -649.519165 3000.000000
vertex 305.051422 -685.159058 3000.000000
endloop
endfacet
facet normal -0.777145 0.629321 0.000000
outer loop
vertex -557.358643 501.848358 2700.000000
vertex -606.762756 440.839355 2700.000000
vertex -606.762756 440.839417 3000.000000
endloop
endfacet
facet normal -0.777147 0.629320 -0.000000
outer loop
vertex -557.358643 501.848358 2700.000000
vertex -606.762756 440.839417 3000.000000
vertex -557.358643 501.848419 3000.000000
endloop
endfacet
facet normal 0.544637 -0.838672 0.000000
outer loop
vertex 374.998901 -649.519226 2700.000000
vertex 440.837860 -606.763123 2700.000000
vertex 440.837860 -606.763062 3000.000000
endloop
endfacet
facet normal 0.544637 -0.838672 0.000000
outer loop
vertex 374.998901 -649.519226 2700.000000
vertex 440.837860 -606.763062 3000.000000
vertex 374.998901 -649.519165 3000.000000
endloop
endfacet
facet normal -0.838670 0.544639 -0.000000
outer loop
vertex -606.762756 440.839355 2700.000000
vertex -649.519104 375.000397 2700.000000
vertex -649.519104 375.000458 3000.000000
endloop
endfacet
facet normal -0.838670 0.544639 0.000000
outer loop
vertex -606.762756 440.839355 2700.000000
vertex -649.519104 375.000458 3000.000000
vertex -606.762756 440.839417 3000.000000
endloop
endfacet
facet normal 0.629319 -0.777147 0.000000
outer loop
vertex 440.837860 -606.763123 2700.000000
vertex 501.846893 -557.359192 2700.000000
vertex 501.846893 -557.359131 3000.000000
endloop
endfacet
facet normal 0.629319 -0.777147 0.000000
outer loop
vertex 440.837860 -606.763123 2700.000000
vertex 501.846893 -557.359131 3000.000000
vertex 440.837860 -606.763062 3000.000000
endloop
endfacet
facet normal -0.891007 0.453990 -0.000000
outer loop
vertex -649.519104 375.000397 2700.000000
vertex -685.159119 305.052887 2700.000000
vertex -685.159119 305.052948 3000.000000
endloop
endfacet
facet normal -0.891007 0.453990 -0.000000
outer loop
vertex -649.519104 375.000397 2700.000000
vertex -685.159119 305.052948 3000.000000
vertex -649.519104 375.000458 3000.000000
endloop
endfacet
facet normal 0.707106 -0.707108 0.000000
outer loop
vertex 501.846893 -557.359192 2700.000000
vertex 557.357605 -501.848663 2700.000000
vertex 557.357605 -501.848602 3000.000000
endloop
endfacet
facet normal 0.707105 -0.707109 0.000000
outer loop
vertex 501.846893 -557.359192 2700.000000
vertex 557.357605 -501.848602 3000.000000
vertex 501.846893 -557.359131 3000.000000
endloop
endfacet
facet normal -0.933581 0.358367 -0.000000
outer loop
vertex -685.159119 305.052887 2700.000000
vertex -713.292419 231.763168 2700.000000
vertex -713.292419 231.763214 3000.000000
endloop
endfacet
facet normal -0.933580 0.358368 -0.000000
outer loop
vertex -685.159119 305.052887 2700.000000
vertex -713.292419 231.763214 3000.000000
vertex -685.159119 305.052948 3000.000000
endloop
endfacet
facet normal 0.777144 -0.629323 0.000000
outer loop
vertex 557.357605 -501.848663 2700.000000
vertex 606.761841 -440.839783 2700.000000
vertex 606.761841 -440.839722 3000.000000
endloop
endfacet
facet normal 0.777145 -0.629322 0.000000
outer loop
vertex 557.357605 -501.848663 2700.000000
vertex 606.761841 -440.839722 3000.000000
vertex 557.357605 -501.848602 3000.000000
endloop
endfacet
facet normal -0.965926 0.258819 -0.000000
outer loop
vertex -713.292419 231.763168 2700.000000
vertex -733.610718 155.934189 2700.000000
vertex -733.610718 155.934235 3000.000000
endloop
endfacet
facet normal -0.965926 0.258819 -0.000000
outer loop
vertex -713.292419 231.763168 2700.000000
vertex -733.610718 155.934235 3000.000000
vertex -713.292419 231.763214 3000.000000
endloop
endfacet
facet normal 0.838670 -0.544640 0.000000
outer loop
vertex 606.761841 -440.839783 2700.000000
vertex 649.518127 -375.001038 2700.000000
vertex 649.518127 -375.000977 3000.000000
endloop
endfacet
facet normal 0.838670 -0.544641 0.000000
outer loop
vertex 606.761841 -440.839783 2700.000000
vertex 649.518127 -375.000977 3000.000000
vertex 606.761841 -440.839722 3000.000000
endloop
endfacet
facet normal -0.987688 0.156433 -0.000000
outer loop
vertex -733.610718 155.934189 2700.000000
vertex -745.891418 78.396751 2700.000000
vertex -745.891418 78.396797 3000.000000
endloop
endfacet
facet normal -0.987688 0.156434 -0.000000
outer loop
vertex -733.610718 155.934189 2700.000000
vertex -745.891418 78.396797 3000.000000
vertex -733.610718 155.934235 3000.000000
endloop
endfacet
facet normal 0.891006 -0.453992 0.000000
outer loop
vertex 649.518127 -375.001038 2700.000000
vertex 685.158325 -305.053680 2700.000000
vertex 685.158325 -305.053619 3000.000000
endloop
endfacet
facet normal 0.891005 -0.453994 0.000000
outer loop
vertex 649.518127 -375.001038 2700.000000
vertex 685.158325 -305.053619 3000.000000
vertex 649.518127 -375.000977 3000.000000
endloop
endfacet
facet normal -0.998630 0.052337 -0.000000
outer loop
vertex -745.891418 78.396751 2700.000000
vertex -750.000000 0.000407 2700.000000
vertex -750.000000 0.000456 3000.000000
endloop
endfacet
facet normal -0.998630 0.052335 -0.000000
outer loop
vertex -745.891418 78.396751 2700.000000
vertex -750.000000 0.000456 3000.000000
vertex -745.891418 78.396797 3000.000000
endloop
endfacet
facet normal 0.933580 -0.358370 0.000000
outer loop
vertex 685.158325 -305.053680 2700.000000
vertex 713.291809 -231.764084 2700.000000
vertex 713.291809 -231.764038 3000.000000
endloop
endfacet
facet normal 0.933579 -0.358371 0.000000
outer loop
vertex 685.158325 -305.053680 2700.000000
vertex 713.291809 -231.764038 3000.000000
vertex 685.158325 -305.053619 3000.000000
endloop
endfacet
facet normal -0.998630 -0.052336 0.000000
outer loop
vertex -750.000000 0.000407 2700.000000
vertex -745.891418 -78.395943 2700.000000
vertex -745.891418 -78.395897 3000.000000
endloop
endfacet
facet normal -0.998630 -0.052337 0.000000
outer loop
vertex -750.000000 0.000407 2700.000000
vertex -745.891418 -78.395897 3000.000000
vertex -750.000000 0.000456 3000.000000
endloop
endfacet
facet normal 0.965925 -0.258822 0.000000
outer loop
vertex 713.291809 -231.764084 2700.000000
vertex 733.610291 -155.935257 2700.000000
vertex 733.610291 -155.935211 3000.000000
endloop
endfacet
facet normal 0.965925 -0.258821 0.000000
outer loop
vertex 713.291809 -231.764084 2700.000000
vertex 733.610291 -155.935211 3000.000000
vertex 713.291809 -231.764038 3000.000000
endloop
endfacet
facet normal -0.987688 -0.156435 0.000000
outer loop
vertex -745.891418 -78.395943 2700.000000
vertex -733.610718 -155.933380 2700.000000
vertex -733.610718 -155.933334 3000.000000
endloop
endfacet
facet normal -0.987689 -0.156433 0.000000
outer loop
vertex -745.891418 -78.395943 2700.000000
vertex -733.610718 -155.933334 3000.000000
vertex -745.891418 -78.395897 3000.000000
endloop
endfacet
facet normal 0.987688 -0.156439 0.000000
outer loop
vertex 733.610291 -155.935257 2700.000000
vertex 745.891235 -78.397942 2700.000000
vertex 745.891235 -78.397896 3000.000000
endloop
endfacet
facet normal 0.987688 -0.156436 0.000000
outer loop
vertex 733.610291 -155.935257 2700.000000
vertex 745.891235 -78.397896 3000.000000
vertex 733.610291 -155.935211 3000.000000
endloop
endfacet
facet normal -0.965926 -0.258820 0.000000
outer loop
vertex -733.610718 -155.933380 2700.000000
vertex -713.292358 -231.762329 2700.000000
vertex -713.292358 -231.762283 3000.000000
endloop
endfacet
facet normal -0.965926 -0.258819 0.000000
outer loop
vertex -733.610718 -155.933380 2700.000000
vertex -713.292358 -231.762283 3000.000000
vertex -733.610718 -155.933334 3000.000000
endloop
endfacet
facet normal 0.998629 -0.052338 0.000000
outer loop
vertex 745.891235 -78.397942 2700.000000
vertex 750.000000 -0.001697 2700.000000
vertex 750.000000 -0.001648 3000.000000
endloop
endfacet
facet normal 0.998629 -0.052338 0.000000
outer loop
vertex 745.891235 -78.397942 2700.000000
vertex 750.000000 -0.001648 3000.000000
vertex 745.891235 -78.397896 3000.000000
endloop
endfacet
facet normal -0.933580 -0.358368 0.000000
outer loop
vertex -713.292358 -231.762329 2700.000000
vertex -685.159058 -305.052094 2700.000000
vertex -685.159058 -305.052032 3000.000000
endloop
endfacet
facet normal -0.933581 -0.358367 0.000000
outer loop
vertex -713.292358 -231.762329 2700.000000
vertex -685.159058 -305.052032 3000.000000
vertex -713.292358 -231.762283 3000.000000
endloop
endfacet
facet normal 0.998630 0.052332 -0.000000
outer loop
vertex 750.000000 -0.001697 2700.000000
vertex 745.891663 78.394585 2700.000000
vertex 745.891663 78.394630 3000.000000
endloop
endfacet
facet normal 0.998630 0.052334 -0.000000
outer loop
vertex 750.000000 -0.001697 2700.000000
vertex 745.891663 78.394630 3000.000000
vertex 750.000000 -0.001648 3000.000000
endloop
endfacet
facet normal -0.891007 -0.453990 0.000000
outer loop
vertex -685.159058 -305.052094 2700.000000
vertex -649.519043 -374.999603 2700.000000
vertex -649.519043 -374.999542 3000.000000
endloop
endfacet
facet normal -0.891007 -0.453990 0.000000
outer loop
vertex -685.159058 -305.052094 2700.000000
vertex -649.519043 -374.999542 3000.000000
vertex -685.159058 -305.052032 3000.000000
endloop
endfacet
facet normal 0.987689 0.156432 -0.000000
outer loop
vertex 745.891663 78.394585 2700.000000
vertex 733.611206 155.931946 2700.000000
vertex 733.611206 155.931992 3000.000000
endloop
endfacet
facet normal 0.987689 0.156431 -0.000000
outer loop
vertex 745.891663 78.394585 2700.000000
vertex 733.611206 155.931992 3000.000000
vertex 745.891663 78.394630 3000.000000
endloop
endfacet
facet normal -0.838671 -0.544639 0.000000
outer loop
vertex -649.519043 -374.999603 2700.000000
vertex -606.762756 -440.838470 2700.000000
vertex -606.762756 -440.838409 3000.000000
endloop
endfacet
facet normal -0.838670 -0.544640 0.000000
outer loop
vertex -649.519043 -374.999603 2700.000000
vertex -606.762756 -440.838409 3000.000000
vertex -649.519043 -374.999542 3000.000000
endloop
endfacet
facet normal 0.965927 0.258815 -0.000000
outer loop
vertex 733.611206 155.931946 2700.000000
vertex 713.293152 231.760910 2700.000000
vertex 713.293152 231.760956 3000.000000
endloop
endfacet
facet normal 0.965926 0.258817 -0.000000
outer loop
vertex 733.611206 155.931946 2700.000000
vertex 713.293152 231.760956 3000.000000
vertex 733.611206 155.931992 3000.000000
endloop
endfacet
facet normal -0.777146 -0.629320 0.000000
outer loop
vertex -606.762756 -440.838470 2700.000000
vertex -557.358704 -501.847473 2700.000000
vertex -557.358704 -501.847412 3000.000000
endloop
endfacet
facet normal -0.777147 -0.629320 0.000000
outer loop
vertex -606.762756 -440.838470 2700.000000
vertex -557.358704 -501.847412 3000.000000
vertex -606.762756 -440.838409 3000.000000
endloop
endfacet
facet normal 0.933582 0.358365 -0.000000
outer loop
vertex 713.293152 231.760910 2700.000000
vertex 685.160034 305.050629 2700.000000
vertex 685.160034 305.050690 3000.000000
endloop
endfacet
facet normal 0.933581 0.358367 -0.000000
outer loop
vertex 713.293152 231.760910 2700.000000
vertex 685.160034 305.050690 3000.000000
vertex 713.293152 231.760956 3000.000000
endloop
endfacet
facet normal -0.707107 -0.707107 0.000000
outer loop
vertex -557.358704 -501.847473 2700.000000
vertex -501.848114 -557.358032 2700.000000
vertex -501.848114 -557.357971 3000.000000
endloop
endfacet
facet normal -0.707106 -0.707107 0.000000
outer loop
vertex -557.358704 -501.847473 2700.000000
vertex -501.848114 -557.357971 3000.000000
vertex -557.358704 -501.847412 3000.000000
endloop
endfacet
facet normal 0.891008 0.453988 -0.000000
outer loop
vertex 685.160034 305.050629 2700.000000
vertex 649.520325 374.998199 2700.000000
vertex 649.520325 374.998260 3000.000000
endloop
endfacet
facet normal 0.891009 0.453986 -0.000000
outer loop
vertex 685.160034 305.050629 2700.000000
vertex 649.520325 374.998260 3000.000000
vertex 685.160034 305.050690 3000.000000
endloop
endfacet
facet normal -0.629320 -0.777146 0.000000
outer loop
vertex -501.848114 -557.358032 2700.000000
vertex -440.839233 -606.762146 2700.000000
vertex -440.839233 -606.762085 3000.000000
endloop
endfacet
facet normal -0.629322 -0.777145 0.000000
outer loop
vertex -501.848114 -557.358032 2700.000000
vertex -440.839233 -606.762085 3000.000000
vertex -501.848114 -557.357971 3000.000000
endloop
endfacet
facet normal 0.838672 0.544637 0.000000
outer loop
vertex 649.520325 374.998199 2700.000000
vertex 606.764343 440.837219 2700.000000
vertex 606.764343 440.837280 3000.000000
endloop
endfacet
facet normal 0.838673 0.544635 -0.000000
outer loop
vertex 649.520325 374.998199 2700.000000
vertex 606.764343 440.837280 3000.000000
vertex 649.520325 374.998260 3000.000000
endloop
endfacet
facet normal -0.544639 -0.838670 0.000000
outer loop
vertex -440.839233 -606.762146 2700.000000
vertex -375.000366 -649.518433 2700.000000
vertex -375.000366 -649.518372 3000.000000
endloop
endfacet
facet normal -0.544639 -0.838670 0.000000
outer loop
vertex -440.839233 -606.762146 2700.000000
vertex -375.000366 -649.518372 3000.000000
vertex -440.839233 -606.762085 3000.000000
endloop
endfacet
facet normal 0.777148 0.629318 0.000000
outer loop
vertex 606.764343 440.837219 2700.000000
vertex 557.360474 501.846344 2700.000000
vertex 557.360474 501.846405 3000.000000
endloop
endfacet
facet normal 0.777148 0.629317 -0.000000
outer loop
vertex 606.764343 440.837219 2700.000000
vertex 557.360474 501.846405 3000.000000
vertex 606.764343 440.837280 3000.000000
endloop
endfacet
facet normal -0.453991 -0.891006 0.000000
outer loop
vertex -375.000366 -649.518433 2700.000000
vertex -305.052917 -685.158508 2700.000000
vertex -305.052917 -685.158447 3000.000000
endloop
endfacet
facet normal -0.453992 -0.891006 0.000000
outer loop
vertex -375.000366 -649.518433 2700.000000
vertex -305.052917 -685.158447 3000.000000
vertex -375.000366 -649.518372 3000.000000
endloop
endfacet
facet normal 0.707109 0.707104 -0.000000
outer loop
vertex 557.360474 501.846344 2700.000000
vertex 501.850067 557.357178 2700.000000
vertex 501.850067 557.357239 3000.000000
endloop
endfacet
facet normal 0.707109 0.707104 0.000000
outer loop
vertex 557.360474 501.846344 2700.000000
vertex 501.850067 557.357239 3000.000000
vertex 557.360474 501.846405 3000.000000
endloop
endfacet
facet normal -0.358369 -0.933580 0.000000
outer loop
vertex -305.052917 -685.158508 2700.000000
vertex -231.763275 -713.291809 2700.000000
vertex -231.763275 -713.291748 3000.000000
endloop
endfacet
facet normal -0.358369 -0.933580 0.000000
outer loop
vertex -305.052917 -685.158508 2700.000000
vertex -231.763275 -713.291748 3000.000000
vertex -305.052917 -685.158447 3000.000000
endloop
endfacet
facet normal -0.052336 0.998629 0.000000
outer loop
vertex 0.000000 750.000427 2699.999756
vertex -78.396347 745.891846 2700.000000
vertex -78.396347 745.891907 3000.000000
endloop
endfacet
facet normal -0.052336 0.998629 0.000000
outer loop
vertex 0.000000 750.000427 2699.999756
vertex -78.396347 745.891907 3000.000000
vertex 0.000000 750.000488 2999.999756
endloop
endfacet
facet normal 0.629323 0.777144 0.000000
outer loop
vertex 501.850067 557.357178 2700.000000
vertex 440.841309 606.761475 2700.000000
vertex 440.841309 606.761536 3000.000000
endloop
endfacet
facet normal 0.629324 0.777143 0.000000
outer loop
vertex 501.850067 557.357178 2700.000000
vertex 440.841309 606.761536 3000.000000
vertex 501.850067 557.357239 3000.000000
endloop
endfacet
facet normal -0.258819 -0.965926 0.000000
outer loop
vertex -231.763275 -713.291809 2700.000000
vertex -155.934402 -733.610107 2700.000000
vertex -155.934402 -733.610046 3000.000000
endloop
endfacet
facet normal -0.258819 -0.965926 0.000000
outer loop
vertex -231.763275 -713.291809 2700.000000
vertex -155.934402 -733.610046 3000.000000
vertex -231.763275 -713.291748 3000.000000
endloop
endfacet
facet normal -0.156434 0.987688 -0.000001
outer loop
vertex -78.396347 745.891846 2700.000000
vertex -155.933777 733.611145 2700.000000
vertex -155.933777 733.611206 3000.000000
endloop
endfacet
facet normal -0.156434 0.987688 -0.000000
outer loop
vertex -78.396347 745.891846 2700.000000
vertex -155.933777 733.611206 3000.000000
vertex -78.396347 745.891907 3000.000000
endloop
endfacet
facet normal 0.544642 0.838668 0.000000
outer loop
vertex 440.841309 606.761475 2700.000000
vertex 375.002563 649.518005 2700.000000
vertex 375.002563 649.518066 3000.000000
endloop
endfacet
facet normal 0.544642 0.838669 0.000000
outer loop
vertex 440.841309 606.761475 2700.000000
vertex 375.002563 649.518066 3000.000000
vertex 440.841309 606.761536 3000.000000
endloop
endfacet
facet normal -0.156436 -0.987688 0.000000
outer loop
vertex -155.934402 -733.610107 2700.000000
vertex -78.397087 -745.890930 2700.000000
vertex -78.397087 -745.890869 3000.000000
endloop
endfacet
facet normal -0.156436 -0.987688 0.000000
outer loop
vertex -155.934402 -733.610107 2700.000000
vertex -78.397087 -745.890869 3000.000000
vertex -155.934402 -733.610046 3000.000000
endloop
endfacet
facet normal -0.258819 0.965926 0.000000
outer loop
vertex -155.933777 733.611145 2700.000000
vertex -231.762741 713.292847 2700.000000
vertex -231.762741 713.292908 3000.000000
endloop
endfacet
facet normal -0.258819 0.965926 0.000000
outer loop
vertex -155.933777 733.611145 2700.000000
vertex -231.762741 713.292908 3000.000000
vertex -155.933777 733.611206 3000.000000
endloop
endfacet
facet normal 0.453995 0.891004 0.000000
outer loop
vertex 375.002563 649.518005 2700.000000
vertex 305.055328 685.158264 2700.000000
vertex 305.055328 685.158325 3000.000000
endloop
endfacet
facet normal 0.453994 0.891005 -0.000000
outer loop
vertex 375.002563 649.518005 2700.000000
vertex 305.055328 685.158325 3000.000000
vertex 375.002563 649.518066 3000.000000
endloop
endfacet
facet normal -0.052337 -0.998630 0.000000
outer loop
vertex -78.397087 -745.890930 2700.000000
vertex -0.000829 -749.999573 2700.000244
vertex -0.000829 -749.999512 3000.000244
endloop
endfacet
facet normal -0.052337 -0.998630 0.000000
outer loop
vertex -78.397087 -745.890930 2700.000000
vertex -0.000829 -749.999512 3000.000244
vertex -78.397087 -745.890869 3000.000000
endloop
endfacet
facet normal -0.358368 0.933580 0.000000
outer loop
vertex -231.762741 713.292847 2700.000000
vertex -305.052490 685.159485 2700.000000
vertex -305.052490 685.159546 3000.000000
endloop
endfacet
facet normal -0.358369 0.933580 0.000000
outer loop
vertex -231.762741 713.292847 2700.000000
vertex -305.052490 685.159546 3000.000000
vertex -231.762741 713.292908 3000.000000
endloop
endfacet
facet normal 0.358372 0.933579 0.000000
outer loop
vertex 305.055328 685.158264 2700.000000
vertex 231.765762 713.291870 2700.000000
vertex 231.765762 713.291931 3000.000000
endloop
endfacet
facet normal 0.358372 0.933579 0.000000
outer loop
vertex 305.055328 685.158264 2700.000000
vertex 231.765762 713.291931 3000.000000
vertex 305.055328 685.158325 3000.000000
endloop
endfacet
facet normal 0.052335 -0.998630 0.000000
outer loop
vertex -0.000829 -749.999573 2700.000244
vertex 78.395432 -745.891052 2700.000000
vertex 78.395432 -745.890991 3000.000000
endloop
endfacet
facet normal 0.052335 -0.998630 0.000000
outer loop
vertex -0.000829 -749.999573 2700.000244
vertex 78.395432 -745.890991 3000.000000
vertex -0.000829 -749.999512 3000.000244
endloop
endfacet
facet normal -0.453990 0.891007 0.000000
outer loop
vertex -305.052490 685.159485 2700.000000
vertex -375.000000 649.519470 2700.000000
vertex -375.000000 649.519531 3000.000000
endloop
endfacet
facet normal -0.453991 0.891006 -0.000000
outer loop
vertex -305.052490 685.159485 2700.000000
vertex -375.000000 649.519531 3000.000000
vertex -305.052490 685.159546 3000.000000
endloop
endfacet
facet normal 0.965925 -0.258822 0.000000
outer loop
vertex 713.291809 -231.764038 3000.000000
vertex 733.610291 -155.935211 3000.000000
vertex 733.610291 -155.935165 3300.000000
endloop
endfacet
facet normal 0.965925 -0.258821 0.000000
outer loop
vertex 713.291809 -231.764038 3000.000000
vertex 733.610291 -155.935165 3300.000000
vertex 713.291809 -231.763992 3300.000000
endloop
endfacet
facet normal -0.987688 -0.156435 0.000000
outer loop
vertex -745.891418 -78.395897 3000.000000
vertex -733.610718 -155.933334 3000.000000
vertex -733.610718 -155.933289 3300.000000
endloop
endfacet
facet normal -0.987689 -0.156433 0.000000
outer loop
vertex -745.891418 -78.395897 3000.000000
vertex -733.610718 -155.933289 3300.000000
vertex -745.891418 -78.395851 3300.000000
endloop
endfacet
facet normal 0.987688 -0.156439 0.000000
outer loop
vertex 733.610291 -155.935211 3000.000000
vertex 745.891235 -78.397896 3000.000000
vertex 745.891235 -78.397850 3300.000000
endloop
endfacet
facet normal 0.987688 -0.156436 0.000000
outer loop
vertex 733.610291 -155.935211 3000.000000
vertex 745.891235 -78.397850 3300.000000
vertex 733.610291 -155.935165 3300.000000
endloop
endfacet
facet normal -0.965925 -0.258821 0.000000
outer loop
vertex -733.610718 -155.933334 3000.000000
vertex -713.292358 -231.762283 3000.000000
vertex -713.292358 -231.762238 3300.000000
endloop
endfacet
facet normal -0.965926 -0.258819 0.000000
outer loop
vertex -733.610718 -155.933334 3000.000000
vertex -713.292358 -231.762238 3300.000000
vertex -733.610718 -155.933289 3300.000000
endloop
endfacet
facet normal 0.998629 -0.052338 0.000000
outer loop
vertex 745.891235 -78.397896 3000.000000
vertex 750.000000 -0.001648 3000.000000
vertex 750.000000 -0.001599 3300.000000
endloop
endfacet
facet normal 0.998629 -0.052338 0.000000
outer loop
vertex 745.891235 -78.397896 3000.000000
vertex 750.000000 -0.001599 3300.000000
vertex 745.891235 -78.397850 3300.000000
endloop
endfacet
facet normal -0.933580 -0.358368 0.000000
outer loop
vertex -713.292358 -231.762283 3000.000000
vertex -685.159058 -305.052032 3000.000000
vertex -685.159058 -305.051971 3300.000000
endloop
endfacet
facet normal -0.933581 -0.358367 0.000000
outer loop
vertex -713.292358 -231.762283 3000.000000
vertex -685.159058 -305.051971 3300.000000
vertex -713.292358 -231.762238 3300.000000
endloop
endfacet
facet normal 0.998630 0.052332 -0.000000
outer loop
vertex 750.000000 -0.001648 3000.000000
vertex 745.891663 78.394630 3000.000000
vertex 745.891663 78.394676 3300.000000
endloop
endfacet
facet normal 0.998630 0.052334 -0.000000
outer loop
vertex 750.000000 -0.001648 3000.000000
vertex 745.891663 78.394676 3300.000000
vertex 750.000000 -0.001599 3300.000000
endloop
endfacet
facet normal -0.891007 -0.453990 0.000000
outer loop
vertex -685.159058 -305.052032 3000.000000
vertex -649.519043 -374.999542 3000.000000
vertex -649.519043 -374.999481 3300.000000
endloop
endfacet
facet normal -0.891007 -0.453990 0.000000
outer loop
vertex -685.159058 -305.052032 3000.000000
vertex -649.519043 -374.999481 3300.000000
vertex -685.159058 -305.051971 3300.000000
endloop
endfacet
facet normal 0.987689 0.156432 -0.000000
outer loop
vertex 745.891663 78.394630 3000.000000
vertex 733.611206 155.931992 3000.000000
vertex 733.611206 155.932037 3300.000000
endloop
endfacet
facet normal 0.987689 0.156431 -0.000000
outer loop
vertex 745.891663 78.394630 3000.000000
vertex 733.611206 155.932037 3300.000000
vertex 745.891663 78.394676 3300.000000
endloop
endfacet
facet normal -0.838671 -0.544639 0.000000
outer loop
vertex -649.519043 -374.999542 3000.000000
vertex -606.762756 -440.838409 3000.000000
vertex -606.762756 -440.838348 3300.000000
endloop
endfacet
facet normal -0.838670 -0.544639 0.000000
outer loop
vertex -649.519043 -374.999542 3000.000000
vertex -606.762756 -440.838348 3300.000000
vertex -649.519043 -374.999481 3300.000000
endloop
endfacet
facet normal 0.965927 0.258814 -0.000000
outer loop
vertex 733.611206 155.931992 3000.000000
vertex 713.293152 231.760956 3000.000000
vertex 713.293152 231.761002 3300.000000
endloop
endfacet
facet normal 0.965926 0.258817 -0.000000
outer loop
vertex 733.611206 155.931992 3000.000000
vertex 713.293152 231.761002 3300.000000
vertex 733.611206 155.932037 3300.000000
endloop
endfacet
facet normal -0.777146 -0.629320 0.000000
outer loop
vertex -606.762756 -440.838409 3000.000000
vertex -557.358704 -501.847412 3000.000000
vertex -557.358704 -501.847351 3300.000000
endloop
endfacet
facet normal -0.777146 -0.629320 0.000000
outer loop
vertex -606.762756 -440.838409 3000.000000
vertex -557.358704 -501.847351 3300.000000
vertex -606.762756 -440.838348 3300.000000
endloop
endfacet
facet normal 0.933582 0.358365 -0.000000
outer loop
vertex 713.293152 231.760956 3000.000000
vertex 685.160034 305.050690 3000.000000
vertex 685.160034 305.050751 3300.000000
endloop
endfacet
facet normal 0.933581 0.358367 -0.000000
outer loop
vertex 713.293152 231.760956 3000.000000
vertex 685.160034 305.050751 3300.000000
vertex 713.293152 231.761002 3300.000000
endloop
endfacet
facet normal -0.707107 -0.707107 0.000000
outer loop
vertex -557.358704 -501.847412 3000.000000
vertex -501.848114 -557.357971 3000.000000
vertex -501.848114 -557.357910 3300.000000
endloop
endfacet
facet normal -0.707107 -0.707107 0.000000
outer loop
vertex -557.358704 -501.847412 3000.000000
vertex -501.848114 -557.357910 3300.000000
vertex -557.358704 -501.847351 3300.000000
endloop
endfacet
facet normal 0.891008 0.453988 -0.000000
outer loop
vertex 685.160034 305.050690 3000.000000
vertex 649.520325 374.998260 3000.000000
vertex 649.520325 374.998322 3300.000000
endloop
endfacet
facet normal 0.891008 0.453987 -0.000000
outer loop
vertex 685.160034 305.050690 3000.000000
vertex 649.520325 374.998322 3300.000000
vertex 685.160034 305.050751 3300.000000
endloop
endfacet
facet normal -0.629321 -0.777146 0.000000
outer loop
vertex -501.848114 -557.357971 3000.000000
vertex -440.839233 -606.762085 3000.000000
vertex -440.839233 -606.762024 3300.000000
endloop
endfacet
facet normal -0.629322 -0.777145 0.000000
outer loop
vertex -501.848114 -557.357971 3000.000000
vertex -440.839233 -606.762024 3300.000000
vertex -501.848114 -557.357910 3300.000000
endloop
endfacet
facet normal 0.838672 0.544636 0.000000
outer loop
vertex 649.520325 374.998260 3000.000000
vertex 606.764343 440.837280 3000.000000
vertex 606.764343 440.837341 3300.000000
endloop
endfacet
facet normal 0.838673 0.544636 -0.000000
outer loop
vertex 649.520325 374.998260 3000.000000
vertex 606.764343 440.837341 3300.000000
vertex 649.520325 374.998322 3300.000000
endloop
endfacet
facet normal -0.544639 -0.838670 0.000000
outer loop
vertex -440.839233 -606.762085 3000.000000
vertex -375.000366 -649.518372 3000.000000
vertex -375.000366 -649.518311 3300.000000
endloop
endfacet
facet normal -0.544640 -0.838670 0.000000
outer loop
vertex -440.839233 -606.762085 3000.000000
vertex -375.000366 -649.518311 3300.000000
vertex -440.839233 -606.762024 3300.000000
endloop
endfacet
facet normal 0.777148 0.629318 0.000000
outer loop
vertex 606.764343 440.837280 3000.000000
vertex 557.360474 501.846405 3000.000000
vertex 557.360474 501.846466 3300.000000
endloop
endfacet
facet normal 0.777148 0.629318 -0.000000
outer loop
vertex 606.764343 440.837280 3000.000000
vertex 557.360474 501.846466 3300.000000
vertex 606.764343 440.837341 3300.000000
endloop
endfacet
facet normal -0.453991 -0.891006 0.000000
outer loop
vertex -375.000366 -649.518372 3000.000000
vertex -305.052917 -685.158447 3000.000000
vertex -305.052917 -685.158386 3300.000000
endloop
endfacet
facet normal -0.453991 -0.891006 0.000000
outer loop
vertex -375.000366 -649.518372 3000.000000
vertex -305.052917 -685.158386 3300.000000
vertex -375.000366 -649.518311 3300.000000
endloop
endfacet
facet normal 0.707109 0.707104 -0.000000
outer loop
vertex 557.360474 501.846405 3000.000000
vertex 501.850067 557.357239 3000.000000
vertex 501.850067 557.357300 3300.000000
endloop
endfacet
facet normal 0.707109 0.707104 0.000000
outer loop
vertex 557.360474 501.846405 3000.000000
vertex 501.850067 557.357300 3300.000000
vertex 557.360474 501.846466 3300.000000
endloop
endfacet
facet normal -0.358368 -0.933580 0.000000
outer loop
vertex -305.052917 -685.158447 3000.000000
vertex -231.763275 -713.291748 3000.000000
vertex -231.763275 -713.291687 3300.000000
endloop
endfacet
facet normal -0.358368 -0.933580 0.000000
outer loop
vertex -305.052917 -685.158447 3000.000000
vertex -231.763275 -713.291687 3300.000000
vertex -305.052917 -685.158386 3300.000000
endloop
endfacet
facet normal -0.052336 0.998629 -0.000001
outer loop
vertex 0.000000 750.000488 2999.999756
vertex -78.396347 745.891907 3000.000000
vertex -78.396347 745.891968 3300.000000
endloop
endfacet
facet normal -0.052336 0.998629 -0.000000
outer loop
vertex 0.000000 750.000488 2999.999756
vertex -78.396347 745.891968 3300.000000
vertex 0.000000 750.000549 3299.999756
endloop
endfacet
facet normal 0.629323 0.777144 -0.000000
outer loop
vertex 501.850067 557.357239 3000.000000
vertex 440.841309 606.761536 3000.000000
vertex 440.841309 606.761597 3300.000000
endloop
endfacet
facet normal 0.629324 0.777143 0.000000
outer loop
vertex 501.850067 557.357239 3000.000000
vertex 440.841309 606.761597 3300.000000
vertex 501.850067 557.357300 3300.000000
endloop
endfacet
facet normal -0.258819 -0.965926 0.000000
outer loop
vertex -231.763275 -713.291748 3000.000000
vertex -155.934402 -733.610046 3000.000000
vertex -155.934402 -733.609985 3300.000000
endloop
endfacet
facet normal -0.258819 -0.965926 0.000000
outer loop
vertex -231.763275 -713.291748 3000.000000
vertex -155.934402 -733.609985 3300.000000
vertex -231.763275 -713.291687 3300.000000
endloop
endfacet
facet normal -0.156434 0.987688 0.000000
outer loop
vertex -78.396347 745.891907 3000.000000
vertex -155.933777 733.611206 3000.000000
vertex -155.933777 733.611267 3300.000000
endloop
endfacet
facet normal -0.156434 0.987688 0.000000
outer loop
vertex -78.396347 745.891907 3000.000000
vertex -155.933777 733.611267 3300.000000
vertex -78.396347 745.891968 3300.000000
endloop
endfacet
facet normal 0.544642 0.838669 -0.000000
outer loop
vertex 440.841309 606.761536 3000.000000
vertex 375.002563 649.518066 3000.000000
vertex 375.002563 649.518127 3300.000000
endloop
endfacet
facet normal 0.544641 0.838669 -0.000000
outer loop
vertex 440.841309 606.761536 3000.000000
vertex 375.002563 649.518127 3300.000000
vertex 440.841309 606.761597 3300.000000
endloop
endfacet
facet normal -0.156436 -0.987688 0.000000
outer loop
vertex -155.934402 -733.610046 3000.000000
vertex -78.397087 -745.890869 3000.000000
vertex -78.397087 -745.890808 3300.000000
endloop
endfacet
facet normal -0.156436 -0.987688 0.000000
outer loop
vertex -155.934402 -733.610046 3000.000000
vertex -78.397087 -745.890808 3300.000000
vertex -155.934402 -733.609985 3300.000000
endloop
endfacet
facet normal -0.258819 0.965926 -0.000000
outer loop
vertex -155.933777 733.611206 3000.000000
vertex -231.762741 713.292908 3000.000000
vertex -231.762741 713.292969 3300.000000
endloop
endfacet
facet normal -0.258819 0.965926 -0.000001
outer loop
vertex -155.933777 733.611206 3000.000000
vertex -231.762741 713.292969 3300.000000
vertex -155.933777 733.611267 3300.000000
endloop
endfacet
facet normal 0.453995 0.891004 -0.000000
outer loop
vertex 375.002563 649.518066 3000.000000
vertex 305.055328 685.158325 3000.000000
vertex 305.055328 685.158386 3300.000000
endloop
endfacet
facet normal 0.453994 0.891005 0.000000
outer loop
vertex 375.002563 649.518066 3000.000000
vertex 305.055328 685.158386 3300.000000
vertex 375.002563 649.518127 3300.000000
endloop
endfacet
facet normal -0.052337 -0.998630 0.000000
outer loop
vertex -78.397087 -745.890869 3000.000000
vertex -0.000829 -749.999512 3000.000244
vertex -0.000829 -749.999451 3300.000244
endloop
endfacet
facet normal -0.052337 -0.998630 0.000000
outer loop
vertex -78.397087 -745.890869 3000.000000
vertex -0.000829 -749.999451 3300.000244
vertex -78.397087 -745.890808 3300.000000
endloop
endfacet
facet normal -0.358369 0.933580 -0.000000
outer loop
vertex -231.762741 713.292908 3000.000000
vertex -305.052490 685.159546 3000.000000
vertex -305.052490 685.159607 3300.000000
endloop
endfacet
facet normal -0.358368 0.933580 -0.000000
outer loop
vertex -231.762741 713.292908 3000.000000
vertex -305.052490 685.159607 3300.000000
vertex -231.762741 713.292969 3300.000000
endloop
endfacet
facet normal 0.358372 0.933579 -0.000001
outer loop
vertex 305.055328 685.158325 3000.000000
vertex 231.765762 713.291931 3000.000000
vertex 231.765762 713.291992 3300.000000
endloop
endfacet
facet normal 0.358372 0.933579 -0.000000
outer loop
vertex 305.055328 685.158325 3000.000000
vertex 231.765762 713.291992 3300.000000
vertex 305.055328 685.158386 3300.000000
endloop
endfacet
facet normal 0.052335 -0.998630 0.000000
outer loop
vertex -0.000829 -749.999512 3000.000244
vertex 78.395432 -745.890991 3000.000000
vertex 78.395432 -745.890930 3300.000000
endloop
endfacet
facet normal 0.052335 -0.998630 0.000000
outer loop
vertex -0.000829 -749.999512 3000.000244
vertex 78.395432 -745.890930 3300.000000
vertex -0.000829 -749.999451 3300.000244
endloop
endfacet
facet normal -0.453990 0.891007 -0.000000
outer loop
vertex -305.052490 685.159546 3000.000000
vertex -375.000000 649.519531 3000.000000
vertex -375.000000 649.519592 3300.000000
endloop
endfacet
facet normal -0.453990 0.891007 0.000000
outer loop
vertex -305.052490 685.159546 3000.000000
vertex -375.000000 649.519592 3300.000000
vertex -305.052490 685.159607 3300.000000
endloop
endfacet
facet normal 0.258822 0.965925 -0.000000
outer loop
vertex 231.765762 713.291931 3000.000000
vertex 155.936981 733.610474 3000.000000
vertex 155.936981 733.610535 3300.000000
endloop
endfacet
facet normal 0.258822 0.965925 -0.000000
outer loop
vertex 231.765762 713.291931 3000.000000
vertex 155.936981 733.610535 3300.000000
vertex 231.765762 713.291992 3300.000000
endloop
endfacet
facet normal 0.156433 -0.987689 0.000000
outer loop
vertex 78.395432 -745.890991 3000.000000
vertex 155.932800 -733.610413 3000.000000
vertex 155.932800 -733.610352 3300.000000
endloop
endfacet
facet normal 0.156433 -0.987689 0.000000
outer loop
vertex 78.395432 -745.890991 3000.000000
vertex 155.932800 -733.610352 3300.000000
vertex 78.395432 -745.890930 3300.000000
endloop
endfacet
facet normal -0.544639 0.838671 -0.000000
outer loop
vertex -375.000000 649.519531 3000.000000
vertex -440.838928 606.763245 3000.000000
vertex -440.838928 606.763306 3300.000000
endloop
endfacet
facet normal -0.544640 0.838670 -0.000000
outer loop
vertex -375.000000 649.519531 3000.000000
vertex -440.838928 606.763306 3300.000000
vertex -375.000000 649.519592 3300.000000
endloop
endfacet
facet normal 0.156439 0.987688 -0.000000
outer loop
vertex 155.936981 733.610474 3000.000000
vertex 78.399681 745.891541 3000.000000
vertex 78.399681 745.891602 3300.000000
endloop
endfacet
facet normal 0.156439 0.987688 -0.000001
outer loop
vertex 155.936981 733.610474 3000.000000
vertex 78.399681 745.891602 3300.000000
vertex 155.936981 733.610535 3300.000000
endloop
endfacet
facet normal 0.258818 -0.965926 0.000000
outer loop
vertex 155.932800 -733.610413 3000.000000
vertex 231.761703 -713.292236 3000.000000
vertex 231.761703 -713.292175 3300.000000
endloop
endfacet
facet normal 0.258818 -0.965926 0.000000
outer loop
vertex 155.932800 -733.610413 3000.000000
vertex 231.761703 -713.292175 3300.000000
vertex 155.932800 -733.610352 3300.000000
endloop
endfacet
facet normal -0.629320 0.777146 0.000000
outer loop
vertex -440.838928 606.763245 3000.000000
vertex -501.847961 557.359070 3000.000000
vertex -501.847961 557.359131 3300.000000
endloop
endfacet
facet normal -0.629321 0.777145 -0.000000
outer loop
vertex -440.838928 606.763245 3000.000000
vertex -501.847961 557.359131 3300.000000
vertex -440.838928 606.763306 3300.000000
endloop
endfacet
facet normal 0.052338 0.998629 0.000000
outer loop
vertex 78.399681 745.891541 3000.000000
vertex 0.000000 750.000488 2999.999756
vertex 0.000000 750.000549 3299.999756
endloop
endfacet
facet normal 0.052338 0.998629 0.000000
outer loop
vertex 78.399681 745.891541 3000.000000
vertex 0.000000 750.000549 3299.999756
vertex 78.399681 745.891602 3300.000000
endloop
endfacet
facet normal 0.358366 -0.933581 0.000000
outer loop
vertex 231.761703 -713.292236 3000.000000
vertex 305.051422 -685.159058 3000.000000
vertex 305.051422 -685.158997 3300.000000
endloop
endfacet
facet normal 0.358367 -0.933581 0.000000
outer loop
vertex 231.761703 -713.292236 3000.000000
vertex 305.051422 -685.158997 3300.000000
vertex 231.761703 -713.292175 3300.000000
endloop
endfacet
facet normal -0.707106 0.707107 0.000000
outer loop
vertex -501.847961 557.359070 3000.000000
vertex -557.358643 501.848419 3000.000000
vertex -557.358643 501.848480 3300.000000
endloop
endfacet
facet normal -0.707107 0.707107 -0.000000
outer loop
vertex -501.847961 557.359070 3000.000000
vertex -557.358643 501.848480 3300.000000
vertex -501.847961 557.359131 3300.000000
endloop
endfacet
facet normal 0.453989 -0.891007 0.000000
outer loop
vertex 305.051422 -685.159058 3000.000000
vertex 374.998901 -649.519165 3000.000000
vertex 374.998901 -649.519104 3300.000000
endloop
endfacet
facet normal 0.453990 -0.891007 0.000000
outer loop
vertex 305.051422 -685.159058 3000.000000
vertex 374.998901 -649.519104 3300.000000
vertex 305.051422 -685.158997 3300.000000
endloop
endfacet
facet normal -0.777146 0.629321 0.000000
outer loop
vertex -557.358643 501.848419 3000.000000
vertex -606.762756 440.839417 3000.000000
vertex -606.762756 440.839478 3300.000000
endloop
endfacet
facet normal -0.777146 0.629320 -0.000000
outer loop
vertex -557.358643 501.848419 3000.000000
vertex -606.762756 440.839478 3300.000000
vertex -557.358643 501.848480 3300.000000
endloop
endfacet
facet normal 0.544637 -0.838672 0.000000
outer loop
vertex 374.998901 -649.519165 3000.000000
vertex 440.837860 -606.763062 3000.000000
vertex 440.837860 -606.763000 3300.000000
endloop
endfacet
facet normal 0.544637 -0.838672 0.000000
outer loop
vertex 374.998901 -649.519165 3000.000000
vertex 440.837860 -606.763000 3300.000000
vertex 374.998901 -649.519104 3300.000000
endloop
endfacet
facet normal -0.838670 0.544639 -0.000000
outer loop
vertex -606.762756 440.839417 3000.000000
vertex -649.519104 375.000458 3000.000000
vertex -649.519104 375.000519 3300.000000
endloop
endfacet
facet normal -0.838670 0.544639 0.000000
outer loop
vertex -606.762756 440.839417 3000.000000
vertex -649.519104 375.000519 3300.000000
vertex -606.762756 440.839478 3300.000000
endloop
endfacet
facet normal 0.629319 -0.777147 0.000000
outer loop
vertex 440.837860 -606.763062 3000.000000
vertex 501.846893 -557.359131 3000.000000
vertex 501.846893 -557.359070 3300.000000
endloop
endfacet
facet normal 0.629318 -0.777148 0.000000
outer loop
vertex 440.837860 -606.763062 3000.000000
vertex 501.846893 -557.359070 3300.000000
vertex 440.837860 -606.763000 3300.000000
endloop
endfacet
facet normal -0.891007 0.453990 -0.000000
outer loop
vertex -649.519104 375.000458 3000.000000
vertex -685.159119 305.052948 3000.000000
vertex -685.159119 305.053009 3300.000000
endloop
endfacet
facet normal -0.891007 0.453990 -0.000000
outer loop
vertex -649.519104 375.000458 3000.000000
vertex -685.159119 305.053009 3300.000000
vertex -649.519104 375.000519 3300.000000
endloop
endfacet
facet normal 0.707106 -0.707108 0.000000
outer loop
vertex 501.846893 -557.359131 3000.000000
vertex 557.357605 -501.848602 3000.000000
vertex 557.357605 -501.848541 3300.000000
endloop
endfacet
facet normal 0.707106 -0.707108 0.000000
outer loop
vertex 501.846893 -557.359131 3000.000000
vertex 557.357605 -501.848541 3300.000000
vertex 501.846893 -557.359070 3300.000000
endloop
endfacet
facet normal -0.933581 0.358367 -0.000000
outer loop
vertex -685.159119 305.052948 3000.000000
vertex -713.292419 231.763214 3000.000000
vertex -713.292419 231.763260 3300.000000
endloop
endfacet
facet normal -0.933580 0.358368 -0.000000
outer loop
vertex -685.159119 305.052948 3000.000000
vertex -713.292419 231.763260 3300.000000
vertex -685.159119 305.053009 3300.000000
endloop
endfacet
facet normal 0.777145 -0.629322 0.000000
outer loop
vertex 557.357605 -501.848602 3000.000000
vertex 606.761841 -440.839722 3000.000000
vertex 606.761841 -440.839661 3300.000000
endloop
endfacet
facet normal 0.777145 -0.629322 0.000000
outer loop
vertex 557.357605 -501.848602 3000.000000
vertex 606.761841 -440.839661 3300.000000
vertex 557.357605 -501.848541 3300.000000
endloop
endfacet
facet normal -0.965926 0.258819 -0.000000
outer loop
vertex -713.292419 231.763214 3000.000000
vertex -733.610718 155.934235 3000.000000
vertex -733.610718 155.934280 3300.000000
endloop
endfacet
facet normal -0.965926 0.258819 -0.000000
outer loop
vertex -713.292419 231.763214 3000.000000
vertex -733.610718 155.934280 3300.000000
vertex -713.292419 231.763260 3300.000000
endloop
endfacet
facet normal 0.838670 -0.544640 0.000000
outer loop
vertex 606.761841 -440.839722 3000.000000
vertex 649.518127 -375.000977 3000.000000
vertex 649.518127 -375.000916 3300.000000
endloop
endfacet
facet normal 0.838670 -0.544641 0.000000
outer loop
vertex 606.761841 -440.839722 3000.000000
vertex 649.518127 -375.000916 3300.000000
vertex 606.761841 -440.839661 3300.000000
endloop
endfacet
facet normal -0.987689 0.156433 -0.000000
outer loop
vertex -733.610718 155.934235 3000.000000
vertex -745.891418 78.396797 3000.000000
vertex -745.891418 78.396843 3300.000000
endloop
endfacet
facet normal -0.987688 0.156434 -0.000000
outer loop
vertex -733.610718 155.934235 3000.000000
vertex -745.891418 78.396843 3300.000000
vertex -733.610718 155.934280 3300.000000
endloop
endfacet
facet normal 0.891006 -0.453992 0.000000
outer loop
vertex 649.518127 -375.000977 3000.000000
vertex 685.158325 -305.053619 3000.000000
vertex 685.158325 -305.053558 3300.000000
endloop
endfacet
facet normal 0.891005 -0.453994 0.000000
outer loop
vertex 649.518127 -375.000977 3000.000000
vertex 685.158325 -305.053558 3300.000000
vertex 649.518127 -375.000916 3300.000000
endloop
endfacet
facet normal -0.998630 0.052337 -0.000000
outer loop
vertex -745.891418 78.396797 3000.000000
vertex -750.000000 0.000456 3000.000000
vertex -750.000000 0.000505 3300.000000
endloop
endfacet
facet normal -0.998630 0.052335 -0.000000
outer loop
vertex -745.891418 78.396797 3000.000000
vertex -750.000000 0.000505 3300.000000
vertex -745.891418 78.396843 3300.000000
endloop
endfacet
facet normal 0.933580 -0.358370 0.000000
outer loop
vertex 685.158325 -305.053619 3000.000000
vertex 713.291809 -231.764038 3000.000000
vertex 713.291809 -231.763992 3300.000000
endloop
endfacet
facet normal 0.933579 -0.358372 0.000000
outer loop
vertex 685.158325 -305.053619 3000.000000
vertex 713.291809 -231.763992 3300.000000
vertex 685.158325 -305.053558 3300.000000
endloop
endfacet
facet normal -0.998630 -0.052335 0.000000
outer loop
vertex -750.000000 0.000456 3000.000000
vertex -745.891418 -78.395897 3000.000000
vertex -745.891418 -78.395851 3300.000000
endloop
endfacet
facet normal -0.998630 -0.052337 0.000000
outer loop
vertex -750.000000 0.000456 3000.000000
vertex -745.891418 -78.395851 3300.000000
vertex -750.000000 0.000505 3300.000000
endloop
endfacet
facet normal 0.629322 0.777145 0.000000
outer loop
vertex 501.850067 557.357300 3300.000000
vertex 440.841309 606.761597 3300.000000
vertex 440.841309 606.761658 3600.000000
endloop
endfacet
facet normal 0.629324 0.777143 -0.000000
outer loop
vertex 501.850067 557.357300 3300.000000
vertex 440.841309 606.761658 3600.000000
vertex 501.850067 557.357361 3600.000000
endloop
endfacet
facet normal -0.258820 -0.965926 0.000000
outer loop
vertex -231.763275 -713.291687 3300.000000
vertex -155.934402 -733.609985 3300.000000
vertex -155.934402 -733.609924 3600.000000
endloop
endfacet
facet normal -0.258819 -0.965926 0.000000
outer loop
vertex -231.763275 -713.291687 3300.000000
vertex -155.934402 -733.609924 3600.000000
vertex -231.763275 -713.291626 3600.000000
endloop
endfacet
facet normal -0.156434 0.987688 -0.000000
outer loop
vertex -78.396347 745.891968 3300.000000
vertex -155.933777 733.611267 3300.000000
vertex -155.933777 733.611328 3600.000000
endloop
endfacet
facet normal -0.156434 0.987688 -0.000000
outer loop
vertex -78.396347 745.891968 3300.000000
vertex -155.933777 733.611328 3600.000000
vertex -78.396347 745.892029 3600.000000
endloop
endfacet
facet normal 0.544642 0.838669 0.000000
outer loop
vertex 440.841309 606.761597 3300.000000
vertex 375.002563 649.518127 3300.000000
vertex 375.002563 649.518188 3600.000000
endloop
endfacet
facet normal 0.544642 0.838668 0.000000
outer loop
vertex 440.841309 606.761597 3300.000000
vertex 375.002563 649.518188 3600.000000
vertex 440.841309 606.761658 3600.000000
endloop
endfacet
facet normal -0.156436 -0.987688 0.000000
outer loop
vertex -155.934402 -733.609985 3300.000000
vertex -78.397087 -745.890808 3300.000000
vertex -78.397087 -745.890747 3600.000000
endloop
endfacet
facet normal -0.156436 -0.987688 0.000000
outer loop
vertex -155.934402 -733.609985 3300.000000
vertex -78.397087 -745.890747 3600.000000
vertex -155.934402 -733.609924 3600.000000
endloop
endfacet
facet normal -0.258819 0.965926 0.000000
outer loop
vertex -155.933777 733.611267 3300.000000
vertex -231.762741 713.292969 3300.000000
vertex -231.762741 713.293030 3600.000000
endloop
endfacet
facet normal -0.258819 0.965926 0.000000
outer loop
vertex -155.933777 733.611267 3300.000000
vertex -231.762741 713.293030 3600.000000
vertex -155.933777 733.611328 3600.000000
endloop
endfacet
facet normal 0.453994 0.891004 0.000000
outer loop
vertex 375.002563 649.518127 3300.000000
vertex 305.055328 685.158386 3300.000000
vertex 305.055328 685.158447 3600.000000
endloop
endfacet
facet normal 0.453994 0.891005 -0.000000
outer loop
vertex 375.002563 649.518127 3300.000000
vertex 305.055328 685.158447 3600.000000
vertex 375.002563 649.518188 3600.000000
endloop
endfacet
facet normal -0.052337 -0.998630 0.000000
outer loop
vertex -78.397087 -745.890808 3300.000000
vertex -0.000829 -749.999451 3300.000244
vertex -0.000829 -749.999390 3600.000244
endloop
endfacet
facet normal -0.052337 -0.998630 0.000000
outer loop
vertex -78.397087 -745.890808 3300.000000
vertex -0.000829 -749.999390 3600.000244
vertex -78.397087 -745.890747 3600.000000
endloop
endfacet
facet normal -0.358369 0.933580 0.000000
outer loop
vertex -231.762741 713.292969 3300.000000
vertex -305.052490 685.159607 3300.000000
vertex -305.052490 685.159668 3600.000000
endloop
endfacet
facet normal -0.358368 0.933580 0.000000
outer loop
vertex -231.762741 713.292969 3300.000000
vertex -305.052490 685.159668 3600.000000
vertex -231.762741 713.293030 3600.000000
endloop
endfacet
facet normal 0.358372 0.933579 0.000000
outer loop
vertex 305.055328 685.158386 3300.000000
vertex 231.765762 713.291992 3300.000000
vertex 231.765762 713.292053 3600.000000
endloop
endfacet
facet normal 0.358372 0.933579 0.000000
outer loop
vertex 305.055328 685.158386 3300.000000
vertex 231.765762 713.292053 3600.000000
vertex 305.055328 685.158447 3600.000000
endloop
endfacet
facet normal 0.052335 -0.998630 0.000000
outer loop
vertex -0.000829 -749.999451 3300.000244
vertex 78.395432 -745.890930 3300.000000
vertex 78.395432 -745.890869 3600.000000
endloop
endfacet
facet normal 0.052335 -0.998630 0.000001
outer loop
vertex -0.000829 -749.999451 3300.000244
vertex 78.395432 -745.890869 3600.000000
vertex -0.000829 -749.999390 3600.000244
endloop
endfacet
facet normal -0.453991 0.891006 0.000000
outer loop
vertex -305.052490 685.159607 3300.000000
vertex -375.000000 649.519592 3300.000000
vertex -375.000000 649.519653 3600.000000
endloop
endfacet
facet normal -0.453990 0.891007 -0.000000
outer loop
vertex -305.052490 685.159607 3300.000000
vertex -375.000000 649.519653 3600.000000
vertex -305.052490 685.159668 3600.000000
endloop
endfacet
facet normal 0.258822 0.965925 0.000000
outer loop
vertex 231.765762 713.291992 3300.000000
vertex 155.936981 733.610535 3300.000000
vertex 155.936981 733.610596 3600.000000
endloop
endfacet
facet normal 0.258823 0.965925 0.000000
outer loop
vertex 231.765762 713.291992 3300.000000
vertex 155.936981 733.610596 3600.000000
vertex 231.765762 713.292053 3600.000000
endloop
endfacet
facet normal 0.156433 -0.987689 0.000000
outer loop
vertex 78.395432 -745.890930 3300.000000
vertex 155.932800 -733.610352 3300.000000
vertex 155.932800 -733.610291 3600.000000
endloop
endfacet
facet normal 0.156433 -0.987689 0.000000
outer loop
vertex 78.395432 -745.890930 3300.000000
vertex 155.932800 -733.610291 3600.000000
vertex 78.395432 -745.890869 3600.000000
endloop
endfacet
facet normal -0.544639 0.838670 0.000000
outer loop
vertex -375.000000 649.519592 3300.000000
vertex -440.838928 606.763306 3300.000000
vertex -440.838928 606.763367 3600.000000
endloop
endfacet
facet normal -0.544639 0.838671 0.000000
outer loop
vertex -375.000000 649.519592 3300.000000
vertex -440.838928 606.763367 3600.000000
vertex -375.000000 649.519653 3600.000000
endloop
endfacet
facet normal 0.156439 0.987688 0.000000
outer loop
vertex 155.936981 733.610535 3300.000000
vertex 78.399681 745.891602 3300.000000
vertex 78.399681 745.891663 3600.000000
endloop
endfacet
facet normal 0.156439 0.987688 0.000000
outer loop
vertex 155.936981 733.610535 3300.000000
vertex 78.399681 745.891663 3600.000000
vertex 155.936981 733.610596 3600.000000
endloop
endfacet
facet normal 0.258818 -0.965926 0.000001
outer loop
vertex 155.932800 -733.610352 3300.000000
vertex 231.761703 -713.292175 3300.000000
vertex 231.761703 -713.292114 3600.000000
endloop
endfacet
facet normal 0.258818 -0.965926 0.000000
outer loop
vertex 155.932800 -733.610352 3300.000000
vertex 231.761703 -713.292114 3600.000000
vertex 155.932800 -733.610291 3600.000000
endloop
endfacet
facet normal -0.629320 0.777146 -0.000000
outer loop
vertex -440.838928 606.763306 3300.000000
vertex -501.847961 557.359131 3300.000000
vertex -501.847961 557.359192 3600.000000
endloop
endfacet
facet normal -0.629321 0.777145 0.000000
outer loop
vertex -440.838928 606.763306 3300.000000
vertex -501.847961 557.359192 3600.000000
vertex -440.838928 606.763367 3600.000000
endloop
endfacet
facet normal 0.052338 0.998629 -0.000000
outer loop
vertex 78.399681 745.891602 3300.000000
vertex 0.000000 750.000549 3299.999756
vertex 0.000000 750.000610 3599.999756
endloop
endfacet
facet normal 0.052338 0.998629 -0.000001
outer loop
vertex 78.399681 745.891602 3300.000000
vertex 0.000000 750.000610 3599.999756
vertex 78.399681 745.891663 3600.000000
endloop
endfacet
facet normal 0.358367 -0.933581 0.000000
outer loop
vertex 231.761703 -713.292175 3300.000000
vertex 305.051422 -685.158997 3300.000000
vertex 305.051422 -685.158936 3600.000000
endloop
endfacet
facet normal 0.358367 -0.933581 0.000000
outer loop
vertex 231.761703 -713.292175 3300.000000
vertex 305.051422 -685.158936 3600.000000
vertex 231.761703 -713.292114 3600.000000
endloop
endfacet
facet normal -0.707107 0.707107 0.000000
outer loop
vertex -501.847961 557.359131 3300.000000
vertex -557.358643 501.848480 3300.000000
vertex -557.358643 501.848511 3600.000000
endloop
endfacet
facet normal -0.707107 0.707106 -0.000000
outer loop
vertex -501.847961 557.359131 3300.000000
vertex -557.358643 501.848511 3600.000000
vertex -501.847961 557.359192 3600.000000
endloop
endfacet
facet normal 0.453989 -0.891007 0.000000
outer loop
vertex 305.051422 -685.158997 3300.000000
vertex 374.998901 -649.519104 3300.000000
vertex 374.998901 -649.519043 3600.000000
endloop
endfacet
facet normal 0.453989 -0.891007 0.000000
outer loop
vertex 305.051422 -685.158997 3300.000000
vertex 374.998901 -649.519043 3600.000000
vertex 305.051422 -685.158936 3600.000000
endloop
endfacet
facet normal -0.777146 0.629321 0.000000
outer loop
vertex -557.358643 501.848480 3300.000000
vertex -606.762756 440.839478 3300.000000
vertex -606.762756 440.839508 3600.000000
endloop
endfacet
facet normal -0.777146 0.629320 0.000000
outer loop
vertex -557.358643 501.848480 3300.000000
vertex -606.762756 440.839508 3600.000000
vertex -557.358643 501.848511 3600.000000
endloop
endfacet
facet normal 0.544637 -0.838672 0.000000
outer loop
vertex 374.998901 -649.519104 3300.000000
vertex 440.837860 -606.763000 3300.000000
vertex 440.837860 -606.762939 3600.000000
endloop
endfacet
facet normal 0.544637 -0.838672 0.000000
outer loop
vertex 374.998901 -649.519104 3300.000000
vertex 440.837860 -606.762939 3600.000000
vertex 374.998901 -649.519043 3600.000000
endloop
endfacet
facet normal -0.838670 0.544639 -0.000000
outer loop
vertex -606.762756 440.839478 3300.000000
vertex -649.519104 375.000519 3300.000000
vertex -649.519104 375.000549 3600.000000
endloop
endfacet
facet normal -0.838670 0.544639 -0.000000
outer loop
vertex -606.762756 440.839478 3300.000000
vertex -649.519104 375.000549 3600.000000
vertex -606.762756 440.839508 3600.000000
endloop
endfacet
facet normal 0.629319 -0.777147 0.000000
outer loop
vertex 440.837860 -606.763000 3300.000000
vertex 501.846893 -557.359070 3300.000000
vertex 501.846893 -557.359009 3600.000000
endloop
endfacet
facet normal 0.629319 -0.777147 0.000000
outer loop
vertex 440.837860 -606.763000 3300.000000
vertex 501.846893 -557.359009 3600.000000
vertex 440.837860 -606.762939 3600.000000
endloop
endfacet
facet normal -0.891007 0.453990 -0.000000
outer loop
vertex -649.519104 375.000519 3300.000000
vertex -685.159119 305.053009 3300.000000
vertex -685.159119 305.053040 3600.000000
endloop
endfacet
facet normal -0.891007 0.453990 0.000000
outer loop
vertex -649.519104 375.000519 3300.000000
vertex -685.159119 305.053040 3600.000000
vertex -649.519104 375.000549 3600.000000
endloop
endfacet
facet normal 0.707105 -0.707109 0.000000
outer loop
vertex 501.846893 -557.359070 3300.000000
vertex 557.357605 -501.848541 3300.000000
vertex 557.357605 -501.848511 3600.000000
endloop
endfacet
facet normal 0.707106 -0.707108 0.000000
outer loop
vertex 501.846893 -557.359070 3300.000000
vertex 557.357605 -501.848511 3600.000000
vertex 501.846893 -557.359009 3600.000000
endloop
endfacet
facet normal -0.933581 0.358367 0.000000
outer loop
vertex -685.159119 305.053009 3300.000000
vertex -713.292419 231.763260 3300.000000
vertex -713.292419 231.763306 3600.000000
endloop
endfacet
facet normal -0.933580 0.358369 -0.000000
outer loop
vertex -685.159119 305.053009 3300.000000
vertex -713.292419 231.763306 3600.000000
vertex -685.159119 305.053040 3600.000000
endloop
endfacet
facet normal 0.777144 -0.629322 0.000000
outer loop
vertex 557.357605 -501.848541 3300.000000
vertex 606.761841 -440.839661 3300.000000
vertex 606.761841 -440.839630 3600.000000
endloop
endfacet
facet normal 0.777145 -0.629322 0.000000
outer loop
vertex 557.357605 -501.848541 3300.000000
vertex 606.761841 -440.839630 3600.000000
vertex 557.357605 -501.848511 3600.000000
endloop
endfacet
facet normal -0.965926 0.258819 -0.000000
outer loop
vertex -713.292419 231.763260 3300.000000
vertex -733.610718 155.934280 3300.000000
vertex -733.610718 155.934326 3600.000000
endloop
endfacet
facet normal -0.965926 0.258820 -0.000000
outer loop
vertex -713.292419 231.763260 3300.000000
vertex -733.610718 155.934326 3600.000000
vertex -713.292419 231.763306 3600.000000
endloop
endfacet
facet normal 0.838670 -0.544639 0.000000
outer loop
vertex 606.761841 -440.839661 3300.000000
vertex 649.518127 -375.000916 3300.000000
vertex 649.518127 -375.000885 3600.000000
endloop
endfacet
facet normal 0.838670 -0.544641 0.000000
outer loop
vertex 606.761841 -440.839661 3300.000000
vertex 649.518127 -375.000885 3600.000000
vertex 606.761841 -440.839630 3600.000000
endloop
endfacet
facet normal -0.987689 0.156433 -0.000000
outer loop
vertex -733.610718 155.934280 3300.000000
vertex -745.891418 78.396843 3300.000000
vertex -745.891418 78.396896 3600.000000
endloop
endfacet
facet normal -0.987688 0.156434 -0.000000
outer loop
vertex -733.610718 155.934280 3300.000000
vertex -745.891418 78.396896 3600.000000
vertex -733.610718 155.934326 3600.000000
endloop
endfacet
facet normal 0.891006 -0.453992 0.000000
outer loop
vertex 649.518127 -375.000916 3300.000000
vertex 685.158325 -305.053558 3300.000000
vertex 685.158325 -305.053528 3600.000000
endloop
endfacet
facet normal 0.891005 -0.453994 0.000000
outer loop
vertex 649.518127 -375.000916 3300.000000
vertex 685.158325 -305.053528 3600.000000
vertex 649.518127 -375.000885 3600.000000
endloop
endfacet
facet normal -0.998630 0.052337 -0.000000
outer loop
vertex -745.891418 78.396843 3300.000000
vertex -750.000000 0.000505 3300.000000
vertex -750.000000 0.000554 3600.000000
endloop
endfacet
facet normal -0.998630 0.052336 -0.000000
outer loop
vertex -745.891418 78.396843 3300.000000
vertex -750.000000 0.000554 3600.000000
vertex -745.891418 78.396896 3600.000000
endloop
endfacet
facet normal 0.933580 -0.358370 0.000000
outer loop
vertex 685.158325 -305.053558 3300.000000
vertex 713.291809 -231.763992 3300.000000
vertex 713.291809 -231.763947 3600.000000
endloop
endfacet
facet normal 0.933579 -0.358371 0.000000
outer loop
vertex 685.158325 -305.053558 3300.000000
vertex 713.291809 -231.763947 3600.000000
vertex 685.158325 -305.053528 3600.000000
endloop
endfacet
facet normal -0.998630 -0.052335 0.000000
outer loop
vertex -750.000000 0.000505 3300.000000
vertex -745.891418 -78.395851 3300.000000
vertex -745.891418 -78.395798 3600.000000
endloop
endfacet
facet normal -0.998630 -0.052337 0.000000
outer loop
vertex -750.000000 0.000505 3300.000000
vertex -745.891418 -78.395798 3600.000000
vertex -750.000000 0.000554 3600.000000
endloop
endfacet
facet normal 0.965925 -0.258822 0.000000
outer loop
vertex 713.291809 -231.763992 3300.000000
vertex 733.610291 -155.935165 3300.000000
vertex 733.610291 -155.935120 3600.000000
endloop
endfacet
facet normal 0.965925 -0.258821 0.000000
outer loop
vertex 713.291809 -231.763992 3300.000000
vertex 733.610291 -155.935120 3600.000000
vertex 713.291809 -231.763947 3600.000000
endloop
endfacet
facet normal -0.987688 -0.156435 0.000000
outer loop
vertex -745.891418 -78.395851 3300.000000
vertex -733.610718 -155.933289 3300.000000
vertex -733.610718 -155.933243 3600.000000
endloop
endfacet
facet normal -0.987689 -0.156433 0.000000
outer loop
vertex -745.891418 -78.395851 3300.000000
vertex -733.610718 -155.933243 3600.000000
vertex -745.891418 -78.395798 3600.000000
endloop
endfacet
facet normal 0.987688 -0.156438 0.000000
outer loop
vertex 733.610291 -155.935165 3300.000000
vertex 745.891235 -78.397850 3300.000000
vertex 745.891235 -78.397797 3600.000000
endloop
endfacet
facet normal 0.987688 -0.156436 0.000000
outer loop
vertex 733.610291 -155.935165 3300.000000
vertex 745.891235 -78.397797 3600.000000
vertex 733.610291 -155.935120 3600.000000
endloop
endfacet
facet normal -0.965925 -0.258821 0.000000
outer loop
vertex -733.610718 -155.933289 3300.000000
vertex -713.292358 -231.762238 3300.000000
vertex -713.292358 -231.762192 3600.000000
endloop
endfacet
facet normal -0.965926 -0.258819 0.000000
outer loop
vertex -733.610718 -155.933289 3300.000000
vertex -713.292358 -231.762192 3600.000000
vertex -733.610718 -155.933243 3600.000000
endloop
endfacet
facet normal 0.998629 -0.052338 0.000000
outer loop
vertex 745.891235 -78.397850 3300.000000
vertex 750.000000 -0.001599 3300.000000
vertex 750.000000 -0.001550 3600.000000
endloop
endfacet
facet normal 0.998629 -0.052338 0.000000
outer loop
vertex 745.891235 -78.397850 3300.000000
vertex 750.000000 -0.001550 3600.000000
vertex 745.891235 -78.397797 3600.000000
endloop
endfacet
facet normal -0.933580 -0.358368 0.000000
outer loop
vertex -713.292358 -231.762238 3300.000000
vertex -685.159058 -305.051971 3300.000000
vertex -685.159058 -305.051941 3600.000000
endloop
endfacet
facet normal -0.933581 -0.358367 0.000000
outer loop
vertex -713.292358 -231.762238 3300.000000
vertex -685.159058 -305.051941 3600.000000
vertex -713.292358 -231.762192 3600.000000
endloop
endfacet
facet normal 0.998630 0.052332 -0.000000
outer loop
vertex 750.000000 -0.001599 3300.000000
vertex 745.891663 78.394676 3300.000000
vertex 745.891663 78.394730 3600.000000
endloop
endfacet
facet normal 0.998630 0.052334 -0.000000
outer loop
vertex 750.000000 -0.001599 3300.000000
vertex 745.891663 78.394730 3600.000000
vertex 750.000000 -0.001550 3600.000000
endloop
endfacet
facet normal -0.891007 -0.453990 0.000000
outer loop
vertex -685.159058 -305.051971 3300.000000
vertex -649.519043 -374.999481 3300.000000
vertex -649.519043 -374.999451 3600.000000
endloop
endfacet
facet normal -0.891007 -0.453990 0.000000
outer loop
vertex -685.159058 -305.051971 3300.000000
vertex -649.519043 -374.999451 3600.000000
vertex -685.159058 -305.051941 3600.000000
endloop
endfacet
facet normal 0.987689 0.156432 -0.000000
outer loop
vertex 745.891663 78.394676 3300.000000
vertex 733.611206 155.932037 3300.000000
vertex 733.611206 155.932083 3600.000000
endloop
endfacet
facet normal 0.987689 0.156431 -0.000000
outer loop
vertex 745.891663 78.394676 3300.000000
vertex 733.611206 155.932083 3600.000000
vertex 745.891663 78.394730 3600.000000
endloop
endfacet
facet normal -0.838670 -0.544639 0.000000
outer loop
vertex -649.519043 -374.999481 3300.000000
vertex -606.762756 -440.838348 3300.000000
vertex -606.762756 -440.838318 3600.000000
endloop
endfacet
facet normal -0.838670 -0.544640 0.000000
outer loop
vertex -649.519043 -374.999481 3300.000000
vertex -606.762756 -440.838318 3600.000000
vertex -649.519043 -374.999451 3600.000000
endloop
endfacet
facet normal 0.965927 0.258814 -0.000000
outer loop
vertex 733.611206 155.932037 3300.000000
vertex 713.293152 231.761002 3300.000000
vertex 713.293152 231.761047 3600.000000
endloop
endfacet
facet normal 0.965926 0.258817 -0.000000
outer loop
vertex 733.611206 155.932037 3300.000000
vertex 713.293152 231.761047 3600.000000
vertex 733.611206 155.932083 3600.000000
endloop
endfacet
facet normal -0.777147 -0.629320 0.000000
outer loop
vertex -606.762756 -440.838348 3300.000000
vertex -557.358704 -501.847351 3300.000000
vertex -557.358704 -501.847321 3600.000000
endloop
endfacet
facet normal -0.777146 -0.629320 0.000000
outer loop
vertex -606.762756 -440.838348 3300.000000
vertex -557.358704 -501.847321 3600.000000
vertex -606.762756 -440.838318 3600.000000
endloop
endfacet
facet normal 0.933582 0.358365 0.000000
outer loop
vertex 713.293152 231.761002 3300.000000
vertex 685.160034 305.050751 3300.000000
vertex 685.160034 305.050781 3600.000000
endloop
endfacet
facet normal 0.933581 0.358367 -0.000000
outer loop
vertex 713.293152 231.761002 3300.000000
vertex 685.160034 305.050781 3600.000000
vertex 713.293152 231.761047 3600.000000
endloop
endfacet
facet normal -0.707107 -0.707106 0.000000
outer loop
vertex -557.358704 -501.847351 3300.000000
vertex -501.848114 -557.357910 3300.000000
vertex -501.848114 -557.357849 3600.000000
endloop
endfacet
facet normal -0.707106 -0.707107 0.000000
outer loop
vertex -557.358704 -501.847351 3300.000000
vertex -501.848114 -557.357849 3600.000000
vertex -557.358704 -501.847321 3600.000000
endloop
endfacet
facet normal 0.891008 0.453988 0.000000
outer loop
vertex 685.160034 305.050751 3300.000000
vertex 649.520325 374.998322 3300.000000
vertex 649.520325 374.998352 3600.000000
endloop
endfacet
facet normal 0.891009 0.453986 -0.000000
outer loop
vertex 685.160034 305.050751 3300.000000
vertex 649.520325 374.998352 3600.000000
vertex 685.160034 305.050781 3600.000000
endloop
endfacet
facet normal -0.629321 -0.777146 0.000000
outer loop
vertex -501.848114 -557.357910 3300.000000
vertex -440.839233 -606.762024 3300.000000
vertex -440.839233 -606.761963 3600.000000
endloop
endfacet
facet normal -0.629322 -0.777145 0.000000
outer loop
vertex -501.848114 -557.357910 3300.000000
vertex -440.839233 -606.761963 3600.000000
vertex -501.848114 -557.357849 3600.000000
endloop
endfacet
facet normal 0.838672 0.544636 0.000000
outer loop
vertex 649.520325 374.998322 3300.000000
vertex 606.764343 440.837341 3300.000000
vertex 606.764343 440.837372 3600.000000
endloop
endfacet
facet normal 0.838673 0.544635 0.000000
outer loop
vertex 649.520325 374.998322 3300.000000
vertex 606.764343 440.837372 3600.000000
vertex 649.520325 374.998352 3600.000000
endloop
endfacet
facet normal -0.544639 -0.838670 0.000000
outer loop
vertex -440.839233 -606.762024 3300.000000
vertex -375.000366 -649.518311 3300.000000
vertex -375.000366 -649.518250 3600.000000
endloop
endfacet
facet normal -0.544639 -0.838671 0.000000
outer loop
vertex -440.839233 -606.762024 3300.000000
vertex -375.000366 -649.518250 3600.000000
vertex -440.839233 -606.761963 3600.000000
endloop
endfacet
facet normal 0.777148 0.629318 0.000000
outer loop
vertex 606.764343 440.837341 3300.000000
vertex 557.360474 501.846466 3300.000000
vertex 557.360474 501.846497 3600.000000
endloop
endfacet
facet normal 0.777148 0.629317 0.000000
outer loop
vertex 606.764343 440.837341 3300.000000
vertex 557.360474 501.846497 3600.000000
vertex 606.764343 440.837372 3600.000000
endloop
endfacet
facet normal -0.453991 -0.891006 0.000000
outer loop
vertex -375.000366 -649.518311 3300.000000
vertex -305.052917 -685.158386 3300.000000
vertex -305.052917 -685.158325 3600.000000
endloop
endfacet
facet normal -0.453992 -0.891006 0.000000
outer loop
vertex -375.000366 -649.518311 3300.000000
vertex -305.052917 -685.158325 3600.000000
vertex -375.000366 -649.518250 3600.000000
endloop
endfacet
facet normal 0.707110 0.707104 -0.000000
outer loop
vertex 557.360474 501.846466 3300.000000
vertex 501.850067 557.357300 3300.000000
vertex 501.850067 557.357361 3600.000000
endloop
endfacet
facet normal 0.707109 0.707104 0.000000
outer loop
vertex 557.360474 501.846466 3300.000000
vertex 501.850067 557.357361 3600.000000
vertex 557.360474 501.846497 3600.000000
endloop
endfacet
facet normal -0.358369 -0.933580 0.000000
outer loop
vertex -305.052917 -685.158386 3300.000000
vertex -231.763275 -713.291687 3300.000000
vertex -231.763275 -713.291626 3600.000000
endloop
endfacet
facet normal -0.358368 -0.933580 0.000000
outer loop
vertex -305.052917 -685.158386 3300.000000
vertex -231.763275 -713.291626 3600.000000
vertex -305.052917 -685.158325 3600.000000
endloop
endfacet
facet normal -0.052336 0.998629 0.000000
outer loop
vertex 0.000000 750.000549 3299.999756
vertex -78.396347 745.891968 3300.000000
vertex -78.396347 745.892029 3600.000000
endloop
endfacet
facet normal -0.052336 0.998629 0.000000
outer loop
vertex 0.000000 750.000549 3299.999756
vertex -78.396347 745.892029 3600.000000
vertex 0.000000 750.000610 3599.999756
endloop
endfacet
facet normal 0.777144 -0.629322 0.000000
outer loop
vertex 557.357605 -501.848511 3600.000000
vertex 606.761841 -440.839630 3600.000000
vertex 606.761841 -440.839569 3900.000000
endloop
endfacet
facet normal 0.777145 -0.629321 0.000000
outer loop
vertex 557.357605 -501.848511 3600.000000
vertex 606.761841 -440.839569 3900.000000
vertex 557.357605 -501.848450 3900.000000
endloop
endfacet
facet normal -0.965926 0.258819 -0.000000
outer loop
vertex -713.292419 231.763306 3600.000000
vertex -733.610718 155.934326 3600.000000
vertex -733.610718 155.934387 3900.000000
endloop
endfacet
facet normal -0.965926 0.258819 -0.000000
outer loop
vertex -713.292419 231.763306 3600.000000
vertex -733.610718 155.934387 3900.000000
vertex -713.292419 231.763367 3900.000000
endloop
endfacet
facet normal 0.838670 -0.544640 0.000000
outer loop
vertex 606.761841 -440.839630 3600.000000
vertex 649.518127 -375.000885 3600.000000
vertex 649.518127 -375.000824 3900.000000
endloop
endfacet
facet normal 0.838670 -0.544640 0.000000
outer loop
vertex 606.761841 -440.839630 3600.000000
vertex 649.518127 -375.000824 3900.000000
vertex 606.761841 -440.839569 3900.000000
endloop
endfacet
facet normal -0.987689 0.156433 -0.000000
outer loop
vertex -733.610718 155.934326 3600.000000
vertex -745.891418 78.396896 3600.000000
vertex -745.891418 78.396942 3900.000000
endloop
endfacet
facet normal -0.987688 0.156434 -0.000000
outer loop
vertex -733.610718 155.934326 3600.000000
vertex -745.891418 78.396942 3900.000000
vertex -733.610718 155.934387 3900.000000
endloop
endfacet
facet normal 0.891006 -0.453992 0.000000
outer loop
vertex 649.518127 -375.000885 3600.000000
vertex 685.158325 -305.053528 3600.000000
vertex 685.158325 -305.053467 3900.000000
endloop
endfacet
facet normal 0.891005 -0.453994 0.000000
outer loop
vertex 649.518127 -375.000885 3600.000000
vertex 685.158325 -305.053467 3900.000000
vertex 649.518127 -375.000824 3900.000000
endloop
endfacet
facet normal -0.998630 0.052337 -0.000000
outer loop
vertex -745.891418 78.396896 3600.000000
vertex -750.000000 0.000554 3600.000000
vertex -750.000000 0.000603 3900.000000
endloop
endfacet
facet normal -0.998630 0.052335 -0.000000
outer loop
vertex -745.891418 78.396896 3600.000000
vertex -750.000000 0.000603 3900.000000
vertex -745.891418 78.396942 3900.000000
endloop
endfacet
facet normal 0.933580 -0.358370 0.000000
outer loop
vertex 685.158325 -305.053528 3600.000000
vertex 713.291809 -231.763947 3600.000000
vertex 713.291809 -231.763885 3900.000000
endloop
endfacet
facet normal 0.933579 -0.358371 0.000000
outer loop
vertex 685.158325 -305.053528 3600.000000
vertex 713.291809 -231.763885 3900.000000
vertex 685.158325 -305.053467 3900.000000
endloop
endfacet
facet normal -0.998630 -0.052335 0.000000
outer loop
vertex -750.000000 0.000554 3600.000000
vertex -745.891418 -78.395798 3600.000000
vertex -745.891418 -78.395752 3900.000000
endloop
endfacet
facet normal -0.998630 -0.052337 0.000000
outer loop
vertex -750.000000 0.000554 3600.000000
vertex -745.891418 -78.395752 3900.000000
vertex -750.000000 0.000603 3900.000000
endloop
endfacet
facet normal 0.965925 -0.258822 0.000000
outer loop
vertex 713.291809 -231.763947 3600.000000
vertex 733.610291 -155.935120 3600.000000
vertex 733.610291 -155.935059 3900.000000
endloop
endfacet
facet normal 0.965925 -0.258821 0.000000
outer loop
vertex 713.291809 -231.763947 3600.000000
vertex 733.610291 -155.935059 3900.000000
vertex 713.291809 -231.763885 3900.000000
endloop
endfacet
facet normal -0.987688 -0.156435 0.000000
outer loop
vertex -745.891418 -78.395798 3600.000000
vertex -733.610718 -155.933243 3600.000000
vertex -733.610718 -155.933182 3900.000000
endloop
endfacet
facet normal -0.987689 -0.156433 0.000000
outer loop
vertex -745.891418 -78.395798 3600.000000
vertex -733.610718 -155.933182 3900.000000
vertex -745.891418 -78.395752 3900.000000
endloop
endfacet
facet normal 0.987688 -0.156439 0.000000
outer loop
vertex 733.610291 -155.935120 3600.000000
vertex 745.891235 -78.397797 3600.000000
vertex 745.891235 -78.397751 3900.000000
endloop
endfacet
facet normal 0.987688 -0.156436 0.000000
outer loop
vertex 733.610291 -155.935120 3600.000000
vertex 745.891235 -78.397751 3900.000000
vertex 733.610291 -155.935059 3900.000000
endloop
endfacet
facet normal -0.965926 -0.258820 0.000000
outer loop
vertex -733.610718 -155.933243 3600.000000
vertex -713.292358 -231.762192 3600.000000
vertex -713.292358 -231.762131 3900.000000
endloop
endfacet
facet normal -0.965926 -0.258819 0.000000
outer loop
vertex -733.610718 -155.933243 3600.000000
vertex -713.292358 -231.762131 3900.000000
vertex -733.610718 -155.933182 3900.000000
endloop
endfacet
facet normal 0.998629 -0.052338 0.000000
outer loop
vertex 745.891235 -78.397797 3600.000000
vertex 750.000000 -0.001550 3600.000000
vertex 750.000000 -0.001501 3900.000000
endloop
endfacet
facet normal 0.998629 -0.052338 0.000000
outer loop
vertex 745.891235 -78.397797 3600.000000
vertex 750.000000 -0.001501 3900.000000
vertex 745.891235 -78.397751 3900.000000
endloop
endfacet
facet normal -0.933581 -0.358368 0.000000
outer loop
vertex -713.292358 -231.762192 3600.000000
vertex -685.159058 -305.051941 3600.000000
vertex -685.159058 -305.051880 3900.000000
endloop
endfacet
facet normal -0.933581 -0.358367 0.000000
outer loop
vertex -713.292358 -231.762192 3600.000000
vertex -685.159058 -305.051880 3900.000000
vertex -713.292358 -231.762131 3900.000000
endloop
endfacet
facet normal 0.998630 0.052332 -0.000000
outer loop
vertex 750.000000 -0.001550 3600.000000
vertex 745.891663 78.394730 3600.000000
vertex 745.891663 78.394775 3900.000000
endloop
endfacet
facet normal 0.998630 0.052334 -0.000000
outer loop
vertex 750.000000 -0.001550 3600.000000
vertex 745.891663 78.394775 3900.000000
vertex 750.000000 -0.001501 3900.000000
endloop
endfacet
facet normal -0.891007 -0.453990 0.000000
outer loop
vertex -685.159058 -305.051941 3600.000000
vertex -649.519043 -374.999451 3600.000000
vertex -649.519043 -374.999390 3900.000000
endloop
endfacet
facet normal -0.891007 -0.453990 0.000000
outer loop
vertex -685.159058 -305.051941 3600.000000
vertex -649.519043 -374.999390 3900.000000
vertex -685.159058 -305.051880 3900.000000
endloop
endfacet
facet normal 0.987689 0.156432 -0.000000
outer loop
vertex 745.891663 78.394730 3600.000000
vertex 733.611206 155.932083 3600.000000
vertex 733.611206 155.932144 3900.000000
endloop
endfacet
facet normal 0.987689 0.156431 -0.000000
outer loop
vertex 745.891663 78.394730 3600.000000
vertex 733.611206 155.932144 3900.000000
vertex 745.891663 78.394775 3900.000000
endloop
endfacet
facet normal -0.838670 -0.544639 0.000000
outer loop
vertex -649.519043 -374.999451 3600.000000
vertex -606.762756 -440.838318 3600.000000
vertex -606.762756 -440.838257 3900.000000
endloop
endfacet
facet normal -0.838670 -0.544640 0.000000
outer loop
vertex -649.519043 -374.999451 3600.000000
vertex -606.762756 -440.838257 3900.000000
vertex -649.519043 -374.999390 3900.000000
endloop
endfacet
facet normal 0.965927 0.258815 -0.000000
outer loop
vertex 733.611206 155.932083 3600.000000
vertex 713.293152 231.761047 3600.000000
vertex 713.293152 231.761108 3900.000000
endloop
endfacet
facet normal 0.965926 0.258817 -0.000000
outer loop
vertex 733.611206 155.932083 3600.000000
vertex 713.293152 231.761108 3900.000000
vertex 733.611206 155.932144 3900.000000
endloop
endfacet
facet normal -0.777146 -0.629320 0.000000
outer loop
vertex -606.762756 -440.838318 3600.000000
vertex -557.358704 -501.847321 3600.000000
vertex -557.358704 -501.847260 3900.000000
endloop
endfacet
facet normal -0.777146 -0.629320 0.000000
outer loop
vertex -606.762756 -440.838318 3600.000000
vertex -557.358704 -501.847260 3900.000000
vertex -606.762756 -440.838257 3900.000000
endloop
endfacet
facet normal 0.933582 0.358365 -0.000000
outer loop
vertex 713.293152 231.761047 3600.000000
vertex 685.160034 305.050781 3600.000000
vertex 685.160034 305.050842 3900.000000
endloop
endfacet
facet normal 0.933581 0.358367 -0.000000
outer loop
vertex 713.293152 231.761047 3600.000000
vertex 685.160034 305.050842 3900.000000
vertex 713.293152 231.761108 3900.000000
endloop
endfacet
facet normal -0.707107 -0.707107 0.000000
outer loop
vertex -557.358704 -501.847321 3600.000000
vertex -501.848114 -557.357849 3600.000000
vertex -501.848114 -557.357849 3900.000000
endloop
endfacet
facet normal -0.707106 -0.707107 0.000000
outer loop
vertex -557.358704 -501.847321 3600.000000
vertex -501.848114 -557.357849 3900.000000
vertex -557.358704 -501.847260 3900.000000
endloop
endfacet
facet normal 0.891008 0.453987 -0.000000
outer loop
vertex 685.160034 305.050781 3600.000000
vertex 649.520325 374.998352 3600.000000
vertex 649.520325 374.998413 3900.000000
endloop
endfacet
facet normal 0.891008 0.453987 -0.000000
outer loop
vertex 685.160034 305.050781 3600.000000
vertex 649.520325 374.998413 3900.000000
vertex 685.160034 305.050842 3900.000000
endloop
endfacet
facet normal -0.629320 -0.777146 0.000000
outer loop
vertex -501.848114 -557.357849 3600.000000
vertex -440.839233 -606.761963 3600.000000
vertex -440.839233 -606.761963 3900.000000
endloop
endfacet
facet normal -0.629322 -0.777145 0.000000
outer loop
vertex -501.848114 -557.357849 3600.000000
vertex -440.839233 -606.761963 3900.000000
vertex -501.848114 -557.357849 3900.000000
endloop
endfacet
facet normal 0.838672 0.544636 -0.000000
outer loop
vertex 649.520325 374.998352 3600.000000
vertex 606.764343 440.837372 3600.000000
vertex 606.764343 440.837433 3900.000000
endloop
endfacet
facet normal 0.838673 0.544635 0.000000
outer loop
vertex 649.520325 374.998352 3600.000000
vertex 606.764343 440.837433 3900.000000
vertex 649.520325 374.998413 3900.000000
endloop
endfacet
facet normal -0.544640 -0.838670 0.000000
outer loop
vertex -440.839233 -606.761963 3600.000000
vertex -375.000366 -649.518250 3600.000000
vertex -375.000366 -649.518250 3900.000000
endloop
endfacet
facet normal -0.544639 -0.838671 0.000000
outer loop
vertex -440.839233 -606.761963 3600.000000
vertex -375.000366 -649.518250 3900.000000
vertex -440.839233 -606.761963 3900.000000
endloop
endfacet
facet normal 0.777149 0.629317 -0.000000
outer loop
vertex 606.764343 440.837372 3600.000000
vertex 557.360474 501.846497 3600.000000
vertex 557.360474 501.846558 3900.000000
endloop
endfacet
facet normal 0.777148 0.629317 0.000000
outer loop
vertex 606.764343 440.837372 3600.000000
vertex 557.360474 501.846558 3900.000000
vertex 606.764343 440.837433 3900.000000
endloop
endfacet
facet normal -0.453991 -0.891006 0.000000
outer loop
vertex -375.000366 -649.518250 3600.000000
vertex -305.052917 -685.158325 3600.000000
vertex -305.052917 -685.158325 3900.000000
endloop
endfacet
facet normal -0.453992 -0.891006 0.000000
outer loop
vertex -375.000366 -649.518250 3600.000000
vertex -305.052917 -685.158325 3900.000000
vertex -375.000366 -649.518250 3900.000000
endloop
endfacet
facet normal 0.707109 0.707104 0.000000
outer loop
vertex 557.360474 501.846497 3600.000000
vertex 501.850067 557.357361 3600.000000
vertex 501.850067 557.357361 3900.000000
endloop
endfacet
facet normal 0.707109 0.707104 0.000000
outer loop
vertex 557.360474 501.846497 3600.000000
vertex 501.850067 557.357361 3900.000000
vertex 557.360474 501.846558 3900.000000
endloop
endfacet
facet normal -0.358368 -0.933580 0.000000
outer loop
vertex -305.052917 -685.158325 3600.000000
vertex -231.763275 -713.291626 3600.000000
vertex -231.763275 -713.291626 3900.000000
endloop
endfacet
facet normal -0.358369 -0.933580 0.000000
outer loop
vertex -305.052917 -685.158325 3600.000000
vertex -231.763275 -713.291626 3900.000000
vertex -305.052917 -685.158325 3900.000000
endloop
endfacet
facet normal -0.052336 0.998629 0.000000
outer loop
vertex 0.000000 750.000610 3599.999756
vertex -78.396347 745.892029 3600.000000
vertex -78.396347 745.892029 3900.000000
endloop
endfacet
facet normal -0.052336 0.998629 0.000000
outer loop
vertex 0.000000 750.000610 3599.999756
vertex -78.396347 745.892029 3900.000000
vertex 0.000000 750.000610 3899.999756
endloop
endfacet
facet normal 0.629322 0.777144 0.000000
outer loop
vertex 501.850067 557.357361 3600.000000
vertex 440.841309 606.761658 3600.000000
vertex 440.841309 606.761658 3900.000000
endloop
endfacet
facet normal 0.629324 0.777143 0.000000
outer loop
vertex 501.850067 557.357361 3600.000000
vertex 440.841309 606.761658 3900.000000
vertex 501.850067 557.357361 3900.000000
endloop
endfacet
facet normal -0.258819 -0.965926 0.000000
outer loop
vertex -231.763275 -713.291626 3600.000000
vertex -155.934402 -733.609924 3600.000000
vertex -155.934402 -733.609924 3900.000000
endloop
endfacet
facet normal -0.258820 -0.965926 0.000000
outer loop
vertex -231.763275 -713.291626 3600.000000
vertex -155.934402 -733.609924 3900.000000
vertex -231.763275 -713.291626 3900.000000
endloop
endfacet
facet normal -0.156434 0.987688 0.000000
outer loop
vertex -78.396347 745.892029 3600.000000
vertex -155.933777 733.611328 3600.000000
vertex -155.933777 733.611328 3900.000000
endloop
endfacet
facet normal -0.156434 0.987688 0.000000
outer loop
vertex -78.396347 745.892029 3600.000000
vertex -155.933777 733.611328 3900.000000
vertex -78.396347 745.892029 3900.000000
endloop
endfacet
facet normal 0.544641 0.838669 0.000000
outer loop
vertex 440.841309 606.761658 3600.000000
vertex 375.002563 649.518188 3600.000000
vertex 375.002563 649.518188 3900.000000
endloop
endfacet
facet normal 0.544642 0.838668 0.000000
outer loop
vertex 440.841309 606.761658 3600.000000
vertex 375.002563 649.518188 3900.000000
vertex 440.841309 606.761658 3900.000000
endloop
endfacet
facet normal -0.156436 -0.987688 0.000000
outer loop
vertex -155.934402 -733.609924 3600.000000
vertex -78.397087 -745.890747 3600.000000
vertex -78.397087 -745.890747 3900.000000
endloop
endfacet
facet normal -0.156436 -0.987688 0.000000
outer loop
vertex -155.934402 -733.609924 3600.000000
vertex -78.397087 -745.890747 3900.000000
vertex -155.934402 -733.609924 3900.000000
endloop
endfacet
facet normal -0.258819 0.965926 0.000000
outer loop
vertex -155.933777 733.611328 3600.000000
vertex -231.762741 713.293030 3600.000000
vertex -231.762741 713.293030 3900.000000
endloop
endfacet
facet normal -0.258819 0.965926 0.000000
outer loop
vertex -155.933777 733.611328 3600.000000
vertex -231.762741 713.293030 3900.000000
vertex -155.933777 733.611328 3900.000000
endloop
endfacet
facet normal 0.453994 0.891004 0.000000
outer loop
vertex 375.002563 649.518188 3600.000000
vertex 305.055328 685.158447 3600.000000
vertex 305.055328 685.158447 3900.000000
endloop
endfacet
facet normal 0.453995 0.891004 0.000000
outer loop
vertex 375.002563 649.518188 3600.000000
vertex 305.055328 685.158447 3900.000000
vertex 375.002563 649.518188 3900.000000
endloop
endfacet
facet normal -0.052337 -0.998630 0.000000
outer loop
vertex -78.397087 -745.890747 3600.000000
vertex -0.000829 -749.999390 3600.000244
vertex -0.000829 -749.999390 3900.000244
endloop
endfacet
facet normal -0.052337 -0.998630 0.000000
outer loop
vertex -78.397087 -745.890747 3600.000000
vertex -0.000829 -749.999390 3900.000244
vertex -78.397087 -745.890747 3900.000000
endloop
endfacet
facet normal -0.358369 0.933580 0.000000
outer loop
vertex -231.762741 713.293030 3600.000000
vertex -305.052490 685.159668 3600.000000
vertex -305.052490 685.159668 3900.000000
endloop
endfacet
facet normal -0.358368 0.933580 0.000000
outer loop
vertex -231.762741 713.293030 3600.000000
vertex -305.052490 685.159668 3900.000000
vertex -231.762741 713.293030 3900.000000
endloop
endfacet
facet normal 0.358372 0.933579 0.000000
outer loop
vertex 305.055328 685.158447 3600.000000
vertex 231.765762 713.292053 3600.000000
vertex 231.765762 713.292053 3900.000000
endloop
endfacet
facet normal 0.358372 0.933579 0.000000
outer loop
vertex 305.055328 685.158447 3600.000000
vertex 231.765762 713.292053 3900.000000
vertex 305.055328 685.158447 3900.000000
endloop
endfacet
facet normal 0.052335 -0.998630 0.000000
outer loop
vertex -0.000829 -749.999390 3600.000244
vertex 78.395432 -745.890869 3600.000000
vertex 78.395432 -745.890869 3900.000000
endloop
endfacet
facet normal 0.052335 -0.998630 0.000000
outer loop
vertex -0.000829 -749.999390 3600.000244
vertex 78.395432 -745.890869 3900.000000
vertex -0.000829 -749.999390 3900.000244
endloop
endfacet
facet normal -0.453991 0.891006 0.000000
outer loop
vertex -305.052490 685.159668 3600.000000
vertex -375.000000 649.519653 3600.000000
vertex -375.000000 649.519653 3900.000000
endloop
endfacet
facet normal -0.453990 0.891007 0.000000
outer loop
vertex -305.052490 685.159668 3600.000000
vertex -375.000000 649.519653 3900.000000
vertex -305.052490 685.159668 3900.000000
endloop
endfacet
facet normal 0.258822 0.965925 0.000000
outer loop
vertex 231.765762 713.292053 3600.000000
vertex 155.936981 733.610596 3600.000000
vertex 155.936981 733.610596 3900.000000
endloop
endfacet
facet normal 0.258823 0.965925 0.000000
outer loop
vertex 231.765762 713.292053 3600.000000
vertex 155.936981 733.610596 3900.000000
vertex 231.765762 713.292053 3900.000000
endloop
endfacet
facet normal 0.156433 -0.987689 0.000000
outer loop
vertex 78.395432 -745.890869 3600.000000
vertex 155.932800 -733.610291 3600.000000
vertex 155.932800 -733.610291 3900.000000
endloop
endfacet
facet normal 0.156433 -0.987689 0.000000
outer loop
vertex 78.395432 -745.890869 3600.000000
vertex 155.932800 -733.610291 3900.000000
vertex 78.395432 -745.890869 3900.000000
endloop
endfacet
facet normal -0.544640 0.838670 0.000000
outer loop
vertex -375.000000 649.519653 3600.000000
vertex -440.838928 606.763367 3600.000000
vertex -440.838928 606.763367 3900.000000
endloop
endfacet
facet normal -0.544639 0.838671 0.000000
outer loop
vertex -375.000000 649.519653 3600.000000
vertex -440.838928 606.763367 3900.000000
vertex -375.000000 649.519653 3900.000000
endloop
endfacet
facet normal 0.156439 0.987688 0.000000
outer loop
vertex 155.936981 733.610596 3600.000000
vertex 78.399681 745.891663 3600.000000
vertex 78.399681 745.891663 3900.000000
endloop
endfacet
facet normal 0.156439 0.987688 0.000000
outer loop
vertex 155.936981 733.610596 3600.000000
vertex 78.399681 745.891663 3900.000000
vertex 155.936981 733.610596 3900.000000
endloop
endfacet
facet normal 0.258818 -0.965926 0.000000
outer loop
vertex 155.932800 -733.610291 3600.000000
vertex 231.761703 -713.292114 3600.000000
vertex 231.761703 -713.292114 3900.000000
endloop
endfacet
facet normal 0.258818 -0.965926 0.000000
outer loop
vertex 155.932800 -733.610291 3600.000000
vertex 231.761703 -713.292114 3900.000000
vertex 155.932800 -733.610291 3900.000000
endloop
endfacet
facet normal -0.629320 0.777146 0.000000
outer loop
vertex -440.838928 606.763367 3600.000000
vertex -501.847961 557.359192 3600.000000
vertex -501.847961 557.359192 3900.000000
endloop
endfacet
facet normal -0.629320 0.777146 0.000000
outer loop
vertex -440.838928 606.763367 3600.000000
vertex -501.847961 557.359192 3900.000000
vertex -440.838928 606.763367 3900.000000
endloop
endfacet
facet normal 0.052338 0.998629 0.000000
outer loop
vertex 78.399681 745.891663 3600.000000
vertex 0.000000 750.000610 3599.999756
vertex 0.000000 750.000610 3899.999756
endloop
endfacet
facet normal 0.052338 0.998629 0.000000
outer loop
vertex 78.399681 745.891663 3600.000000
vertex 0.000000 750.000610 3899.999756
vertex 78.399681 745.891663 3900.000000
endloop
endfacet
facet normal 0.358367 -0.933581 0.000000
outer loop
vertex 231.761703 -713.292114 3600.000000
vertex 305.051422 -685.158936 3600.000000
vertex 305.051422 -685.158936 3900.000000
endloop
endfacet
facet normal 0.358367 -0.933581 0.000000
outer loop
vertex 231.761703 -713.292114 3600.000000
vertex 305.051422 -685.158936 3900.000000
vertex 231.761703 -713.292114 3900.000000
endloop
endfacet
facet normal -0.707107 0.707107 0.000000
outer loop
vertex -501.847961 557.359192 3600.000000
vertex -557.358643 501.848511 3600.000000
vertex -557.358643 501.848572 3900.000000
endloop
endfacet
facet normal -0.707107 0.707107 0.000000
outer loop
vertex -501.847961 557.359192 3600.000000
vertex -557.358643 501.848572 3900.000000
vertex -501.847961 557.359192 3900.000000
endloop
endfacet
facet normal 0.453989 -0.891007 0.000000
outer loop
vertex 305.051422 -685.158936 3600.000000
vertex 374.998901 -649.519043 3600.000000
vertex 374.998901 -649.519043 3900.000000
endloop
endfacet
facet normal 0.453989 -0.891007 0.000000
outer loop
vertex 305.051422 -685.158936 3600.000000
vertex 374.998901 -649.519043 3900.000000
vertex 305.051422 -685.158936 3900.000000
endloop
endfacet
facet normal -0.777146 0.629321 -0.000000
outer loop
vertex -557.358643 501.848511 3600.000000
vertex -606.762756 440.839508 3600.000000
vertex -606.762756 440.839569 3900.000000
endloop
endfacet
facet normal -0.777146 0.629320 0.000000
outer loop
vertex -557.358643 501.848511 3600.000000
vertex -606.762756 440.839569 3900.000000
vertex -557.358643 501.848572 3900.000000
endloop
endfacet
facet normal 0.544638 -0.838672 0.000000
outer loop
vertex 374.998901 -649.519043 3600.000000
vertex 440.837860 -606.762939 3600.000000
vertex 440.837860 -606.762939 3900.000000
endloop
endfacet
facet normal 0.544637 -0.838672 0.000000
outer loop
vertex 374.998901 -649.519043 3600.000000
vertex 440.837860 -606.762939 3900.000000
vertex 374.998901 -649.519043 3900.000000
endloop
endfacet
facet normal -0.838670 0.544640 0.000000
outer loop
vertex -606.762756 440.839508 3600.000000
vertex -649.519104 375.000549 3600.000000
vertex -649.519104 375.000610 3900.000000
endloop
endfacet
facet normal -0.838670 0.544639 -0.000000
outer loop
vertex -606.762756 440.839508 3600.000000
vertex -649.519104 375.000610 3900.000000
vertex -606.762756 440.839569 3900.000000
endloop
endfacet
facet normal 0.629319 -0.777147 0.000000
outer loop
vertex 440.837860 -606.762939 3600.000000
vertex 501.846893 -557.359009 3600.000000
vertex 501.846893 -557.359009 3900.000000
endloop
endfacet
facet normal 0.629319 -0.777147 0.000000
outer loop
vertex 440.837860 -606.762939 3600.000000
vertex 501.846893 -557.359009 3900.000000
vertex 440.837860 -606.762939 3900.000000
endloop
endfacet
facet normal -0.891007 0.453990 -0.000000
outer loop
vertex -649.519104 375.000549 3600.000000
vertex -685.159119 305.053040 3600.000000
vertex -685.159119 305.053101 3900.000000
endloop
endfacet
facet normal -0.891007 0.453990 -0.000000
outer loop
vertex -649.519104 375.000549 3600.000000
vertex -685.159119 305.053101 3900.000000
vertex -649.519104 375.000610 3900.000000
endloop
endfacet
facet normal 0.707105 -0.707108 0.000000
outer loop
vertex 501.846893 -557.359009 3600.000000
vertex 557.357605 -501.848511 3600.000000
vertex 557.357605 -501.848450 3900.000000
endloop
endfacet
facet normal 0.707106 -0.707107 0.000000
outer loop
vertex 501.846893 -557.359009 3600.000000
vertex 557.357605 -501.848450 3900.000000
vertex 501.846893 -557.359009 3900.000000
endloop
endfacet
facet normal -0.933581 0.358367 -0.000000
outer loop
vertex -685.159119 305.053040 3600.000000
vertex -713.292419 231.763306 3600.000000
vertex -713.292419 231.763367 3900.000000
endloop
endfacet
facet normal -0.933580 0.358368 -0.000000
outer loop
vertex -685.159119 305.053040 3600.000000
vertex -713.292419 231.763367 3900.000000
vertex -685.159119 305.053101 3900.000000
endloop
endfacet
facet normal 0.891008 0.453988 -0.000000
outer loop
vertex 685.160034 305.050842 3900.000000
vertex 649.520325 374.998413 3900.000000
vertex 649.520325 374.998444 4200.000000
endloop
endfacet
facet normal 0.891009 0.453986 0.000000
outer loop
vertex 685.160034 305.050842 3900.000000
vertex 649.520325 374.998444 4200.000000
vertex 685.160034 305.050873 4200.000000
endloop
endfacet
facet normal -0.629320 -0.777146 0.000000
outer loop
vertex -501.848114 -557.357849 3900.000000
vertex -440.839233 -606.761963 3900.000000
vertex -440.839233 -606.761902 4200.000000
endloop
endfacet
facet normal -0.629322 -0.777145 0.000000
outer loop
vertex -501.848114 -557.357849 3900.000000
vertex -440.839233 -606.761902 4200.000000
vertex -501.848114 -557.357788 4200.000000
endloop
endfacet
facet normal 0.838673 0.544636 -0.000000
outer loop
vertex 649.520325 374.998413 3900.000000
vertex 606.764343 440.837433 3900.000000
vertex 606.764343 440.837463 4200.000000
endloop
endfacet
facet normal 0.838673 0.544636 -0.000000
outer loop
vertex 649.520325 374.998413 3900.000000
vertex 606.764343 440.837463 4200.000000
vertex 649.520325 374.998444 4200.000000
endloop
endfacet
facet normal -0.544640 -0.838670 0.000000
outer loop
vertex -440.839233 -606.761963 3900.000000
vertex -375.000366 -649.518250 3900.000000
vertex -375.000366 -649.518188 4200.000000
endloop
endfacet
facet normal -0.544639 -0.838671 0.000000
outer loop
vertex -440.839233 -606.761963 3900.000000
vertex -375.000366 -649.518188 4200.000000
vertex -440.839233 -606.761902 4200.000000
endloop
endfacet
facet normal 0.777148 0.629318 -0.000000
outer loop
vertex 606.764343 440.837433 3900.000000
vertex 557.360474 501.846558 3900.000000
vertex 557.360474 501.846588 4200.000000
endloop
endfacet
facet normal 0.777148 0.629317 -0.000000
outer loop
vertex 606.764343 440.837433 3900.000000
vertex 557.360474 501.846588 4200.000000
vertex 606.764343 440.837463 4200.000000
endloop
endfacet
facet normal -0.453991 -0.891006 0.000000
outer loop
vertex -375.000366 -649.518250 3900.000000
vertex -305.052917 -685.158325 3900.000000
vertex -305.052917 -685.158264 4200.000000
endloop
endfacet
facet normal -0.453990 -0.891007 0.000000
outer loop
vertex -375.000366 -649.518250 3900.000000
vertex -305.052917 -685.158264 4200.000000
vertex -375.000366 -649.518188 4200.000000
endloop
endfacet
facet normal 0.707110 0.707104 -0.000000
outer loop
vertex 557.360474 501.846558 3900.000000
vertex 501.850067 557.357361 3900.000000
vertex 501.850067 557.357422 4200.000000
endloop
endfacet
facet normal 0.707109 0.707104 0.000000
outer loop
vertex 557.360474 501.846558 3900.000000
vertex 501.850067 557.357422 4200.000000
vertex 557.360474 501.846588 4200.000000
endloop
endfacet
facet normal -0.358368 -0.933580 0.000000
outer loop
vertex -305.052917 -685.158325 3900.000000
vertex -231.763275 -713.291626 3900.000000
vertex -231.763275 -713.291565 4200.000000
endloop
endfacet
facet normal -0.358368 -0.933580 0.000000
outer loop
vertex -305.052917 -685.158325 3900.000000
vertex -231.763275 -713.291565 4200.000000
vertex -305.052917 -685.158264 4200.000000
endloop
endfacet
facet normal -0.052336 0.998629 -0.000000
outer loop
vertex 0.000000 750.000610 3899.999756
vertex -78.396347 745.892029 3900.000000
vertex -78.396347 745.892090 4200.000000
endloop
endfacet
facet normal -0.052336 0.998630 -0.000000
outer loop
vertex 0.000000 750.000610 3899.999756
vertex -78.396347 745.892090 4200.000000
vertex 0.000000 750.000671 4200.000000
endloop
endfacet
facet normal 0.629323 0.777143 -0.000000
outer loop
vertex 501.850067 557.357361 3900.000000
vertex 440.841309 606.761658 3900.000000
vertex 440.841309 606.761719 4200.000000
endloop
endfacet
facet normal 0.629324 0.777143 0.000000
outer loop
vertex 501.850067 557.357361 3900.000000
vertex 440.841309 606.761719 4200.000000
vertex 501.850067 557.357422 4200.000000
endloop
endfacet
facet normal -0.258819 -0.965926 0.000001
outer loop
vertex -231.763275 -713.291626 3900.000000
vertex -155.934402 -733.609924 3900.000000
vertex -155.934402 -733.609863 4200.000000
endloop
endfacet
facet normal -0.258819 -0.965926 0.000000
outer loop
vertex -231.763275 -713.291626 3900.000000
vertex -155.934402 -733.609863 4200.000000
vertex -231.763275 -713.291565 4200.000000
endloop
endfacet
facet normal -0.156434 0.987688 0.000000
outer loop
vertex -78.396347 745.892029 3900.000000
vertex -155.933777 733.611328 3900.000000
vertex -155.933777 733.611389 4200.000000
endloop
endfacet
facet normal -0.156434 0.987688 0.000000
outer loop
vertex -78.396347 745.892029 3900.000000
vertex -155.933777 733.611389 4200.000000
vertex -78.396347 745.892090 4200.000000
endloop
endfacet
facet normal 0.544643 0.838668 -0.000000
outer loop
vertex 440.841309 606.761658 3900.000000
vertex 375.002563 649.518188 3900.000000
vertex 375.002563 649.518250 4200.000000
endloop
endfacet
facet normal 0.544641 0.838669 -0.000000
outer loop
vertex 440.841309 606.761658 3900.000000
vertex 375.002563 649.518250 4200.000000
vertex 440.841309 606.761719 4200.000000
endloop
endfacet
facet normal -0.156436 -0.987688 0.000000
outer loop
vertex -155.934402 -733.609924 3900.000000
vertex -78.397087 -745.890747 3900.000000
vertex -78.397087 -745.890686 4200.000000
endloop
endfacet
facet normal -0.156436 -0.987688 0.000001
outer loop
vertex -155.934402 -733.609924 3900.000000
vertex -78.397087 -745.890686 4200.000000
vertex -155.934402 -733.609863 4200.000000
endloop
endfacet
facet normal -0.258819 0.965926 -0.000000
outer loop
vertex -155.933777 733.611328 3900.000000
vertex -231.762741 713.293030 3900.000000
vertex -231.762741 713.293091 4200.000000
endloop
endfacet
facet normal -0.258819 0.965926 -0.000000
outer loop
vertex -155.933777 733.611328 3900.000000
vertex -231.762741 713.293091 4200.000000
vertex -155.933777 733.611389 4200.000000
endloop
endfacet
facet normal 0.453994 0.891005 -0.000000
outer loop
vertex 375.002563 649.518188 3900.000000
vertex 305.055328 685.158447 3900.000000
vertex 305.055328 685.158508 4200.000000
endloop
endfacet
facet normal 0.453995 0.891004 0.000000
outer loop
vertex 375.002563 649.518188 3900.000000
vertex 305.055328 685.158508 4200.000000
vertex 375.002563 649.518250 4200.000000
endloop
endfacet
facet normal -0.052337 -0.998630 0.000000
outer loop
vertex -78.397087 -745.890747 3900.000000
vertex -0.000829 -749.999390 3900.000244
vertex -0.000829 -749.999329 4200.000000
endloop
endfacet
facet normal -0.052337 -0.998630 0.000001
outer loop
vertex -78.397087 -745.890747 3900.000000
vertex -0.000829 -749.999329 4200.000000
vertex -78.397087 -745.890686 4200.000000
endloop
endfacet
facet normal -0.358369 0.933580 -0.000000
outer loop
vertex -231.762741 713.293030 3900.000000
vertex -305.052490 685.159668 3900.000000
vertex -305.052490 685.159729 4200.000000
endloop
endfacet
facet normal -0.358368 0.933580 -0.000000
outer loop
vertex -231.762741 713.293030 3900.000000
vertex -305.052490 685.159729 4200.000000
vertex -231.762741 713.293091 4200.000000
endloop
endfacet
facet normal 0.358372 0.933579 -0.000000
outer loop
vertex 305.055328 685.158447 3900.000000
vertex 231.765762 713.292053 3900.000000
vertex 231.765762 713.292114 4200.000000
endloop
endfacet
facet normal 0.358372 0.933579 -0.000000
outer loop
vertex 305.055328 685.158447 3900.000000
vertex 231.765762 713.292114 4200.000000
vertex 305.055328 685.158508 4200.000000
endloop
endfacet
facet normal 0.052335 -0.998630 0.000000
outer loop
vertex -0.000829 -749.999390 3900.000244
vertex 78.395432 -745.890869 3900.000000
vertex 78.395432 -745.890808 4200.000000
endloop
endfacet
facet normal 0.052335 -0.998630 0.000000
outer loop
vertex -0.000829 -749.999390 3900.000244
vertex 78.395432 -745.890808 4200.000000
vertex -0.000829 -749.999329 4200.000000
endloop
endfacet
facet normal -0.453990 0.891007 -0.000000
outer loop
vertex -305.052490 685.159668 3900.000000
vertex -375.000000 649.519653 3900.000000
vertex -375.000000 649.519714 4200.000000
endloop
endfacet
facet normal -0.453990 0.891007 0.000000
outer loop
vertex -305.052490 685.159668 3900.000000
vertex -375.000000 649.519714 4200.000000
vertex -305.052490 685.159729 4200.000000
endloop
endfacet
facet normal 0.258823 0.965925 -0.000000
outer loop
vertex 231.765762 713.292053 3900.000000
vertex 155.936981 733.610596 3900.000000
vertex 155.936981 733.610657 4200.000000
endloop
endfacet
facet normal 0.258823 0.965925 -0.000000
outer loop
vertex 231.765762 713.292053 3900.000000
vertex 155.936981 733.610657 4200.000000
vertex 231.765762 713.292114 4200.000000
endloop
endfacet
facet normal 0.156433 -0.987689 0.000000
outer loop
vertex 78.395432 -745.890869 3900.000000
vertex 155.932800 -733.610291 3900.000000
vertex 155.932800 -733.610229 4200.000000
endloop
endfacet
facet normal 0.156433 -0.987689 0.000001
outer loop
vertex 78.395432 -745.890869 3900.000000
vertex 155.932800 -733.610229 4200.000000
vertex 78.395432 -745.890808 4200.000000
endloop
endfacet
facet normal -0.544639 0.838670 -0.000000
outer loop
vertex -375.000000 649.519653 3900.000000
vertex -440.838928 606.763367 3900.000000
vertex -440.838928 606.763428 4200.000000
endloop
endfacet
facet normal -0.544639 0.838671 -0.000000
outer loop
vertex -375.000000 649.519653 3900.000000
vertex -440.838928 606.763428 4200.000000
vertex -375.000000 649.519714 4200.000000
endloop
endfacet
facet normal 0.156439 0.987688 -0.000000
outer loop
vertex 155.936981 733.610596 3900.000000
vertex 78.399681 745.891663 3900.000000
vertex 78.399681 745.891724 4200.000000
endloop
endfacet
facet normal 0.156439 0.987688 -0.000000
outer loop
vertex 155.936981 733.610596 3900.000000
vertex 78.399681 745.891724 4200.000000
vertex 155.936981 733.610657 4200.000000
endloop
endfacet
facet normal 0.258817 -0.965926 0.000000
outer loop
vertex 155.932800 -733.610291 3900.000000
vertex 231.761703 -713.292114 3900.000000
vertex 231.761703 -713.292053 4200.000000
endloop
endfacet
facet normal 0.258818 -0.965926 0.000000
outer loop
vertex 155.932800 -733.610291 3900.000000
vertex 231.761703 -713.292053 4200.000000
vertex 155.932800 -733.610229 4200.000000
endloop
endfacet
facet normal -0.629320 0.777146 0.000000
outer loop
vertex -440.838928 606.763367 3900.000000
vertex -501.847961 557.359192 3900.000000
vertex -501.847961 557.359253 4200.000000
endloop
endfacet
facet normal -0.629320 0.777146 -0.000000
outer loop
vertex -440.838928 606.763367 3900.000000
vertex -501.847961 557.359253 4200.000000
vertex -440.838928 606.763428 4200.000000
endloop
endfacet
facet normal 0.052338 0.998629 0.000000
outer loop
vertex 78.399681 745.891663 3900.000000
vertex 0.000000 750.000610 3899.999756
vertex 0.000000 750.000671 4200.000000
endloop
endfacet
facet normal 0.052338 0.998629 0.000000
outer loop
vertex 78.399681 745.891663 3900.000000
vertex 0.000000 750.000671 4200.000000
vertex 78.399681 745.891724 4200.000000
endloop
endfacet
facet normal 0.358366 -0.933581 0.000000
outer loop
vertex 231.761703 -713.292114 3900.000000
vertex 305.051422 -685.158936 3900.000000
vertex 305.051422 -685.158875 4200.000000
endloop
endfacet
facet normal 0.358367 -0.933581 0.000000
outer loop
vertex 231.761703 -713.292114 3900.000000
vertex 305.051422 -685.158875 4200.000000
vertex 231.761703 -713.292053 4200.000000
endloop
endfacet
facet normal -0.707106 0.707107 0.000000
outer loop
vertex -501.847961 557.359192 3900.000000
vertex -557.358643 501.848572 3900.000000
vertex -557.358643 501.848602 4200.000000
endloop
endfacet
facet normal -0.707107 0.707107 -0.000000
outer loop
vertex -501.847961 557.359192 3900.000000
vertex -557.358643 501.848602 4200.000000
vertex -501.847961 557.359253 4200.000000
endloop
endfacet
facet normal 0.453989 -0.891007 0.000000
outer loop
vertex 305.051422 -685.158936 3900.000000
vertex 374.998901 -649.519043 3900.000000
vertex 374.998901 -649.518982 4200.000000
endloop
endfacet
facet normal 0.453989 -0.891007 0.000000
outer loop
vertex 305.051422 -685.158936 3900.000000
vertex 374.998901 -649.518982 4200.000000
vertex 305.051422 -685.158875 4200.000000
endloop
endfacet
facet normal -0.777146 0.629320 0.000000
outer loop
vertex -557.358643 501.848572 3900.000000
vertex -606.762756 440.839569 3900.000000
vertex -606.762756 440.839600 4200.000000
endloop
endfacet
facet normal -0.777146 0.629320 -0.000000
outer loop
vertex -557.358643 501.848572 3900.000000
vertex -606.762756 440.839600 4200.000000
vertex -557.358643 501.848602 4200.000000
endloop
endfacet
facet normal 0.544638 -0.838671 0.000000
outer loop
vertex 374.998901 -649.519043 3900.000000
vertex 440.837860 -606.762939 3900.000000
vertex 440.837860 -606.762878 4200.000000
endloop
endfacet
facet normal 0.544638 -0.838672 0.000000
outer loop
vertex 374.998901 -649.519043 3900.000000
vertex 440.837860 -606.762878 4200.000000
vertex 374.998901 -649.518982 4200.000000
endloop
endfacet
facet normal -0.838670 0.544639 0.000000
outer loop
vertex -606.762756 440.839569 3900.000000
vertex -649.519104 375.000610 3900.000000
vertex -649.519104 375.000641 4200.000000
endloop
endfacet
facet normal -0.838670 0.544639 0.000000
outer loop
vertex -606.762756 440.839569 3900.000000
vertex -649.519104 375.000641 4200.000000
vertex -606.762756 440.839600 4200.000000
endloop
endfacet
facet normal 0.629320 -0.777147 0.000000
outer loop
vertex 440.837860 -606.762939 3900.000000
vertex 501.846893 -557.359009 3900.000000
vertex 501.846893 -557.358948 4200.000000
endloop
endfacet
facet normal 0.629319 -0.777147 0.000000
outer loop
vertex 440.837860 -606.762939 3900.000000
vertex 501.846893 -557.358948 4200.000000
vertex 440.837860 -606.762878 4200.000000
endloop
endfacet
facet normal -0.891007 0.453990 0.000000
outer loop
vertex -649.519104 375.000610 3900.000000
vertex -685.159119 305.053101 3900.000000
vertex -685.159119 305.053131 4200.000000
endloop
endfacet
facet normal -0.891007 0.453990 -0.000000
outer loop
vertex -649.519104 375.000610 3900.000000
vertex -685.159119 305.053131 4200.000000
vertex -649.519104 375.000641 4200.000000
endloop
endfacet
facet normal 0.707105 -0.707108 0.000000
outer loop
vertex 501.846893 -557.359009 3900.000000
vertex 557.357605 -501.848450 3900.000000
vertex 557.357605 -501.848419 4200.000000
endloop
endfacet
facet normal 0.707106 -0.707108 0.000000
outer loop
vertex 501.846893 -557.359009 3900.000000
vertex 557.357605 -501.848419 4200.000000
vertex 501.846893 -557.358948 4200.000000
endloop
endfacet
facet normal -0.933581 0.358367 -0.000000
outer loop
vertex -685.159119 305.053101 3900.000000
vertex -713.292419 231.763367 3900.000000
vertex -713.292419 231.763412 4200.000000
endloop
endfacet
facet normal -0.933580 0.358369 0.000000
outer loop
vertex -685.159119 305.053101 3900.000000
vertex -713.292419 231.763412 4200.000000
vertex -685.159119 305.053131 4200.000000
endloop
endfacet
facet normal 0.777144 -0.629322 0.000000
outer loop
vertex 557.357605 -501.848450 3900.000000
vertex 606.761841 -440.839569 3900.000000
vertex 606.761841 -440.839539 4200.000000
endloop
endfacet
facet normal 0.777145 -0.629322 0.000000
outer loop
vertex 557.357605 -501.848450 3900.000000
vertex 606.761841 -440.839539 4200.000000
vertex 557.357605 -501.848419 4200.000000
endloop
endfacet
facet normal -0.965926 0.258819 -0.000000
outer loop
vertex -713.292419 231.763367 3900.000000
vertex -733.610718 155.934387 3900.000000
vertex -733.610718 155.934433 4200.000000
endloop
endfacet
facet normal -0.965926 0.258819 -0.000000
outer loop
vertex -713.292419 231.763367 3900.000000
vertex -733.610718 155.934433 4200.000000
vertex -713.292419 231.763412 4200.000000
endloop
endfacet
facet normal 0.838670 -0.544640 0.000000
outer loop
vertex 606.761841 -440.839569 3900.000000
vertex 649.518127 -375.000824 3900.000000
vertex 649.518127 -375.000793 4200.000000
endloop
endfacet
facet normal 0.838670 -0.544641 0.000000
outer loop
vertex 606.761841 -440.839569 3900.000000
vertex 649.518127 -375.000793 4200.000000
vertex 606.761841 -440.839539 4200.000000
endloop
endfacet
facet normal -0.987689 0.156433 -0.000000
outer loop
vertex -733.610718 155.934387 3900.000000
vertex -745.891418 78.396942 3900.000000
vertex -745.891418 78.396996 4200.000000
endloop
endfacet
facet normal -0.987688 0.156434 -0.000000
outer loop
vertex -733.610718 155.934387 3900.000000
vertex -745.891418 78.396996 4200.000000
vertex -733.610718 155.934433 4200.000000
endloop
endfacet
facet normal 0.891006 -0.453992 0.000000
outer loop
vertex 649.518127 -375.000824 3900.000000
vertex 685.158325 -305.053467 3900.000000
vertex 685.158325 -305.053436 4200.000000
endloop
endfacet
facet normal 0.891005 -0.453993 0.000000
outer loop
vertex 649.518127 -375.000824 3900.000000
vertex 685.158325 -305.053436 4200.000000
vertex 649.518127 -375.000793 4200.000000
endloop
endfacet
facet normal -0.998629 0.052337 -0.000000
outer loop
vertex -745.891418 78.396942 3900.000000
vertex -750.000000 0.000603 3900.000000
vertex -750.000000 0.000651 4200.000000
endloop
endfacet
facet normal -0.998630 0.052336 -0.000000
outer loop
vertex -745.891418 78.396942 3900.000000
vertex -750.000000 0.000651 4200.000000
vertex -745.891418 78.396996 4200.000000
endloop
endfacet
facet normal 0.933580 -0.358370 0.000000
outer loop
vertex 685.158325 -305.053467 3900.000000
vertex 713.291809 -231.763885 3900.000000
vertex 713.291809 -231.763840 4200.000000
endloop
endfacet
facet normal 0.933579 -0.358371 0.000000
outer loop
vertex 685.158325 -305.053467 3900.000000
vertex 713.291809 -231.763840 4200.000000
vertex 685.158325 -305.053436 4200.000000
endloop
endfacet
facet normal -0.998630 -0.052335 0.000000
outer loop
vertex -750.000000 0.000603 3900.000000
vertex -745.891418 -78.395752 3900.000000
vertex -745.891418 -78.395699 4200.000000
endloop
endfacet
facet normal -0.998630 -0.052337 0.000000
outer loop
vertex -750.000000 0.000603 3900.000000
vertex -745.891418 -78.395699 4200.000000
vertex -750.000000 0.000651 4200.000000
endloop
endfacet
facet normal 0.965925 -0.258822 0.000000
outer loop
vertex 713.291809 -231.763885 3900.000000
vertex 733.610291 -155.935059 3900.000000
vertex 733.610291 -155.935013 4200.000000
endloop
endfacet
facet normal 0.965925 -0.258821 0.000000
outer loop
vertex 713.291809 -231.763885 3900.000000
vertex 733.610291 -155.935013 4200.000000
vertex 713.291809 -231.763840 4200.000000
endloop
endfacet
facet normal -0.987688 -0.156434 0.000000
outer loop
vertex -745.891418 -78.395752 3900.000000
vertex -733.610718 -155.933182 3900.000000
vertex -733.610718 -155.933136 4200.000000
endloop
endfacet
facet normal -0.987689 -0.156433 0.000000
outer loop
vertex -745.891418 -78.395752 3900.000000
vertex -733.610718 -155.933136 4200.000000
vertex -745.891418 -78.395699 4200.000000
endloop
endfacet
facet normal 0.987688 -0.156439 0.000000
outer loop
vertex 733.610291 -155.935059 3900.000000
vertex 745.891235 -78.397751 3900.000000
vertex 745.891235 -78.397697 4200.000000
endloop
endfacet
facet normal 0.987688 -0.156436 0.000000
outer loop
vertex 733.610291 -155.935059 3900.000000
vertex 745.891235 -78.397697 4200.000000
vertex 733.610291 -155.935013 4200.000000
endloop
endfacet
facet normal -0.965925 -0.258821 0.000000
outer loop
vertex -733.610718 -155.933182 3900.000000
vertex -713.292358 -231.762131 3900.000000
vertex -713.292358 -231.762085 4200.000000
endloop
endfacet
facet normal -0.965926 -0.258819 0.000000
outer loop
vertex -733.610718 -155.933182 3900.000000
vertex -713.292358 -231.762085 4200.000000
vertex -733.610718 -155.933136 4200.000000
endloop
endfacet
facet normal 0.998630 -0.052338 0.000000
outer loop
vertex 745.891235 -78.397751 3900.000000
vertex 750.000000 -0.001501 3900.000000
vertex 750.000000 -0.001453 4200.000000
endloop
endfacet
facet normal 0.998629 -0.052338 0.000000
outer loop
vertex 745.891235 -78.397751 3900.000000
vertex 750.000000 -0.001453 4200.000000
vertex 745.891235 -78.397697 4200.000000
endloop
endfacet
facet normal -0.933580 -0.358368 0.000000
outer loop
vertex -713.292358 -231.762131 3900.000000
vertex -685.159058 -305.051880 3900.000000
vertex -685.159058 -305.051849 4200.000000
endloop
endfacet
facet normal -0.933580 -0.358368 0.000000
outer loop
vertex -713.292358 -231.762131 3900.000000
vertex -685.159058 -305.051849 4200.000000
vertex -713.292358 -231.762085 4200.000000
endloop
endfacet
facet normal 0.998630 0.052332 -0.000000
outer loop
vertex 750.000000 -0.001501 3900.000000
vertex 745.891663 78.394775 3900.000000
vertex 745.891663 78.394829 4200.000000
endloop
endfacet
facet normal 0.998630 0.052334 -0.000000
outer loop
vertex 750.000000 -0.001501 3900.000000
vertex 745.891663 78.394829 4200.000000
vertex 750.000000 -0.001453 4200.000000
endloop
endfacet
facet normal -0.891007 -0.453990 0.000000
outer loop
vertex -685.159058 -305.051880 3900.000000
vertex -649.519043 -374.999390 3900.000000
vertex -649.519043 -374.999359 4200.000000
endloop
endfacet
facet normal -0.891007 -0.453990 0.000000
outer loop
vertex -685.159058 -305.051880 3900.000000
vertex -649.519043 -374.999359 4200.000000
vertex -685.159058 -305.051849 4200.000000
endloop
endfacet
facet normal 0.987689 0.156432 -0.000000
outer loop
vertex 745.891663 78.394775 3900.000000
vertex 733.611206 155.932144 3900.000000
vertex 733.611206 155.932190 4200.000000
endloop
endfacet
facet normal 0.987689 0.156431 -0.000000
outer loop
vertex 745.891663 78.394775 3900.000000
vertex 733.611206 155.932190 4200.000000
vertex 745.891663 78.394829 4200.000000
endloop
endfacet
facet normal -0.838671 -0.544639 0.000000
outer loop
vertex -649.519043 -374.999390 3900.000000
vertex -606.762756 -440.838257 3900.000000
vertex -606.762756 -440.838226 4200.000000
endloop
endfacet
facet normal -0.838670 -0.544639 0.000000
outer loop
vertex -649.519043 -374.999390 3900.000000
vertex -606.762756 -440.838226 4200.000000
vertex -649.519043 -374.999359 4200.000000
endloop
endfacet
facet normal 0.965927 0.258814 -0.000000
outer loop
vertex 733.611206 155.932144 3900.000000
vertex 713.293152 231.761108 3900.000000
vertex 713.293152 231.761154 4200.000000
endloop
endfacet
facet normal 0.965926 0.258817 -0.000000
outer loop
vertex 733.611206 155.932144 3900.000000
vertex 713.293152 231.761154 4200.000000
vertex 733.611206 155.932190 4200.000000
endloop
endfacet
facet normal -0.777147 -0.629320 0.000000
outer loop
vertex -606.762756 -440.838257 3900.000000
vertex -557.358704 -501.847260 3900.000000
vertex -557.358704 -501.847229 4200.000000
endloop
endfacet
facet normal -0.777146 -0.629320 0.000000
outer loop
vertex -606.762756 -440.838257 3900.000000
vertex -557.358704 -501.847229 4200.000000
vertex -606.762756 -440.838226 4200.000000
endloop
endfacet
facet normal 0.933581 0.358366 -0.000000
outer loop
vertex 713.293152 231.761108 3900.000000
vertex 685.160034 305.050842 3900.000000
vertex 685.160034 305.050873 4200.000000
endloop
endfacet
facet normal 0.933581 0.358367 0.000000
outer loop
vertex 713.293152 231.761108 3900.000000
vertex 685.160034 305.050873 4200.000000
vertex 713.293152 231.761154 4200.000000
endloop
endfacet
facet normal -0.707107 -0.707106 0.000000
outer loop
vertex -557.358704 -501.847260 3900.000000
vertex -501.848114 -557.357849 3900.000000
vertex -501.848114 -557.357788 4200.000000
endloop
endfacet
facet normal -0.707106 -0.707107 0.000000
outer loop
vertex -557.358704 -501.847260 3900.000000
vertex -501.848114 -557.357788 4200.000000
vertex -557.358704 -501.847229 4200.000000
endloop
endfacet
facet normal 0.156433 -0.987689 0.000000
outer loop
vertex 78.395432 -745.890808 4200.000000
vertex 155.932800 -733.610229 4200.000000
vertex 155.932800 -733.610168 4500.000000
endloop
endfacet
facet normal 0.156433 -0.987689 0.000000
outer loop
vertex 78.395432 -745.890808 4200.000000
vertex 155.932800 -733.610168 4500.000000
vertex 78.395432 -745.890747 4500.000000
endloop
endfacet
facet normal -0.707106 0.707107 0.000000
outer loop
vertex -501.847961 557.359253 4200.000000
vertex -557.358643 501.848602 4200.000000
vertex -557.358643 501.848663 4500.000000
endloop
endfacet
facet normal -0.707107 0.707107 -0.000000
outer loop
vertex -501.847961 557.359253 4200.000000
vertex -557.358643 501.848663 4500.000000
vertex -501.847961 557.359314 4500.000000
endloop
endfacet
facet normal 0.156439 0.987688 0.000000
outer loop
vertex 155.936981 733.610657 4200.000000
vertex 78.399681 745.891724 4200.000000
vertex 78.399681 745.891785 4500.000000
endloop
endfacet
facet normal 0.156439 0.987688 0.000000
outer loop
vertex 155.936981 733.610657 4200.000000
vertex 78.399681 745.891785 4500.000000
vertex 155.936981 733.610718 4500.000000
endloop
endfacet
facet normal 0.258818 -0.965926 0.000000
outer loop
vertex 155.932800 -733.610229 4200.000000
vertex 231.761703 -713.292053 4200.000000
vertex 231.761703 -713.291992 4500.000000
endloop
endfacet
facet normal 0.258818 -0.965926 0.000000
outer loop
vertex 155.932800 -733.610229 4200.000000
vertex 231.761703 -713.291992 4500.000000
vertex 155.932800 -733.610168 4500.000000
endloop
endfacet
facet normal -0.777146 0.629320 0.000000
outer loop
vertex -557.358643 501.848602 4200.000000
vertex -606.762756 440.839600 4200.000000
vertex -606.762756 440.839661 4500.000000
endloop
endfacet
facet normal -0.777146 0.629320 -0.000000
outer loop
vertex -557.358643 501.848602 4200.000000
vertex -606.762756 440.839661 4500.000000
vertex -557.358643 501.848663 4500.000000
endloop
endfacet
facet normal 0.052338 0.998629 -0.000000
outer loop
vertex 78.399681 745.891724 4200.000000
vertex 0.000000 750.000671 4200.000000
vertex 0.000000 750.000732 4500.000000
endloop
endfacet
facet normal 0.052339 0.998629 -0.000000
outer loop
vertex 78.399681 745.891724 4200.000000
vertex 0.000000 750.000732 4500.000000
vertex 78.399681 745.891785 4500.000000
endloop
endfacet
facet normal 0.358367 -0.933581 0.000000
outer loop
vertex 231.761703 -713.292053 4200.000000
vertex 305.051422 -685.158875 4200.000000
vertex 305.051422 -685.158813 4500.000000
endloop
endfacet
facet normal 0.358367 -0.933581 0.000001
outer loop
vertex 231.761703 -713.292053 4200.000000
vertex 305.051422 -685.158813 4500.000000
vertex 231.761703 -713.291992 4500.000000
endloop
endfacet
facet normal -0.838671 0.544639 -0.000000
outer loop
vertex -606.762756 440.839600 4200.000000
vertex -649.519104 375.000641 4200.000000
vertex -649.519104 375.000702 4500.000000
endloop
endfacet
facet normal -0.838670 0.544639 0.000000
outer loop
vertex -606.762756 440.839600 4200.000000
vertex -649.519104 375.000702 4500.000000
vertex -606.762756 440.839661 4500.000000
endloop
endfacet
facet normal 0.453989 -0.891007 0.000000
outer loop
vertex 305.051422 -685.158875 4200.000000
vertex 374.998901 -649.518982 4200.000000
vertex 374.998901 -649.518921 4500.000000
endloop
endfacet
facet normal 0.453989 -0.891007 0.000000
outer loop
vertex 305.051422 -685.158875 4200.000000
vertex 374.998901 -649.518921 4500.000000
vertex 305.051422 -685.158813 4500.000000
endloop
endfacet
facet normal -0.891007 0.453990 -0.000000
outer loop
vertex -649.519104 375.000641 4200.000000
vertex -685.159119 305.053131 4200.000000
vertex -685.159119 305.053192 4500.000000
endloop
endfacet
facet normal -0.891007 0.453990 -0.000000
outer loop
vertex -649.519104 375.000641 4200.000000
vertex -685.159119 305.053192 4500.000000
vertex -649.519104 375.000702 4500.000000
endloop
endfacet
facet normal 0.544637 -0.838672 0.000000
outer loop
vertex 374.998901 -649.518982 4200.000000
vertex 440.837860 -606.762878 4200.000000
vertex 440.837860 -606.762817 4500.000000
endloop
endfacet
facet normal 0.544638 -0.838672 0.000000
outer loop
vertex 374.998901 -649.518982 4200.000000
vertex 440.837860 -606.762817 4500.000000
vertex 374.998901 -649.518921 4500.000000
endloop
endfacet
facet normal -0.933581 0.358368 -0.000000
outer loop
vertex -685.159119 305.053131 4200.000000
vertex -713.292419 231.763412 4200.000000
vertex -713.292419 231.763458 4500.000000
endloop
endfacet
facet normal -0.933581 0.358367 -0.000000
outer loop
vertex -685.159119 305.053131 4200.000000
vertex -713.292419 231.763458 4500.000000
vertex -685.159119 305.053192 4500.000000
endloop
endfacet
facet normal 0.629319 -0.777147 0.000000
outer loop
vertex 440.837860 -606.762878 4200.000000
vertex 501.846893 -557.358948 4200.000000
vertex 501.846893 -557.358887 4500.000000
endloop
endfacet
facet normal 0.629319 -0.777147 0.000000
outer loop
vertex 440.837860 -606.762878 4200.000000
vertex 501.846893 -557.358887 4500.000000
vertex 440.837860 -606.762817 4500.000000
endloop
endfacet
facet normal -0.965926 0.258819 -0.000000
outer loop
vertex -713.292419 231.763412 4200.000000
vertex -733.610718 155.934433 4200.000000
vertex -733.610718 155.934479 4500.000000
endloop
endfacet
facet normal -0.965926 0.258819 -0.000000
outer loop
vertex -713.292419 231.763412 4200.000000
vertex -733.610718 155.934479 4500.000000
vertex -713.292419 231.763458 4500.000000
endloop
endfacet
facet normal 0.707106 -0.707108 0.000000
outer loop
vertex 501.846893 -557.358948 4200.000000
vertex 557.357605 -501.848419 4200.000000
vertex 557.357605 -501.848358 4500.000000
endloop
endfacet
facet normal 0.707106 -0.707108 0.000000
outer loop
vertex 501.846893 -557.358948 4200.000000
vertex 557.357605 -501.848358 4500.000000
vertex 501.846893 -557.358887 4500.000000
endloop
endfacet
facet normal -0.987689 0.156433 -0.000000
outer loop
vertex -733.610718 155.934433 4200.000000
vertex -745.891418 78.396996 4200.000000
vertex -745.891418 78.397041 4500.000000
endloop
endfacet
facet normal -0.987688 0.156434 -0.000000
outer loop
vertex -733.610718 155.934433 4200.000000
vertex -745.891418 78.397041 4500.000000
vertex -733.610718 155.934479 4500.000000
endloop
endfacet
facet normal 0.777145 -0.629322 0.000000
outer loop
vertex 557.357605 -501.848419 4200.000000
vertex 606.761841 -440.839539 4200.000000
vertex 606.761841 -440.839478 4500.000000
endloop
endfacet
facet normal 0.777144 -0.629322 0.000000
outer loop
vertex 557.357605 -501.848419 4200.000000
vertex 606.761841 -440.839478 4500.000000
vertex 557.357605 -501.848358 4500.000000
endloop
endfacet
facet normal -0.998630 0.052337 -0.000000
outer loop
vertex -745.891418 78.396996 4200.000000
vertex -750.000000 0.000651 4200.000000
vertex -750.000000 0.000700 4500.000000
endloop
endfacet
facet normal -0.998630 0.052335 -0.000000
outer loop
vertex -745.891418 78.396996 4200.000000
vertex -750.000000 0.000700 4500.000000
vertex -745.891418 78.397041 4500.000000
endloop
endfacet
facet normal -0.998630 -0.052336 0.000000
outer loop
vertex -750.000000 0.000651 4200.000000
vertex -745.891418 -78.395699 4200.000000
vertex -745.891418 -78.395653 4500.000000
endloop
endfacet
facet normal -0.998630 -0.052337 0.000000
outer loop
vertex -750.000000 0.000651 4200.000000
vertex -745.891418 -78.395653 4500.000000
vertex -750.000000 0.000700 4500.000000
endloop
endfacet
facet normal 0.838671 -0.544639 0.000000
outer loop
vertex 606.761841 -440.839539 4200.000000
vertex 649.518127 -375.000793 4200.000000
vertex 649.518127 -375.000732 4500.000000
endloop
endfacet
facet normal 0.838669 -0.544642 0.000000
outer loop
vertex 606.761841 -440.839539 4200.000000
vertex 649.518127 -375.000732 4500.000000
vertex 606.761841 -440.839478 4500.000000
endloop
endfacet
facet normal -0.987688 -0.156435 0.000000
outer loop
vertex -745.891418 -78.395699 4200.000000
vertex -733.610718 -155.933136 4200.000000
vertex -733.610718 -155.933090 4500.000000
endloop
endfacet
facet normal -0.987689 -0.156433 0.000000
outer loop
vertex -745.891418 -78.395699 4200.000000
vertex -733.610718 -155.933090 4500.000000
vertex -745.891418 -78.395653 4500.000000
endloop
endfacet
facet normal 0.891006 -0.453992 0.000000
outer loop
vertex 649.518127 -375.000793 4200.000000
vertex 685.158325 -305.053436 4200.000000
vertex 685.158325 -305.053375 4500.000000
endloop
endfacet
facet normal 0.891004 -0.453995 0.000000
outer loop
vertex 649.518127 -375.000793 4200.000000
vertex 685.158325 -305.053375 4500.000000
vertex 649.518127 -375.000732 4500.000000
endloop
endfacet
facet normal 0.933579 -0.358371 0.000000
outer loop
vertex 685.158325 -305.053436 4200.000000
vertex 713.291809 -231.763840 4200.000000
vertex 713.291809 -231.763794 4500.000000
endloop
endfacet
facet normal 0.933579 -0.358371 0.000000
outer loop
vertex 685.158325 -305.053436 4200.000000
vertex 713.291809 -231.763794 4500.000000
vertex 685.158325 -305.053375 4500.000000
endloop
endfacet
facet normal -0.965925 -0.258821 0.000000
outer loop
vertex -733.610718 -155.933136 4200.000000
vertex -713.292358 -231.762085 4200.000000
vertex -713.292358 -231.762039 4500.000000
endloop
endfacet
facet normal -0.965926 -0.258819 0.000000
outer loop
vertex -733.610718 -155.933136 4200.000000
vertex -713.292358 -231.762039 4500.000000
vertex -733.610718 -155.933090 4500.000000
endloop
endfacet
facet normal 0.965925 -0.258822 0.000000
outer loop
vertex 713.291809 -231.763840 4200.000000
vertex 733.610291 -155.935013 4200.000000
vertex 733.610291 -155.934967 4500.000000
endloop
endfacet
facet normal 0.965925 -0.258821 0.000000
outer loop
vertex 713.291809 -231.763840 4200.000000
vertex 733.610291 -155.934967 4500.000000
vertex 713.291809 -231.763794 4500.000000
endloop
endfacet
facet normal 0.987688 -0.156438 0.000000
outer loop
vertex 733.610291 -155.935013 4200.000000
vertex 745.891235 -78.397697 4200.000000
vertex 745.891235 -78.397652 4500.000000
endloop
endfacet
facet normal 0.987688 -0.156437 0.000000
outer loop
vertex 733.610291 -155.935013 4200.000000
vertex 745.891235 -78.397652 4500.000000
vertex 733.610291 -155.934967 4500.000000
endloop
endfacet
facet normal 0.998629 -0.052338 0.000000
outer loop
vertex 745.891235 -78.397697 4200.000000
vertex 750.000000 -0.001453 4200.000000
vertex 750.000000 -0.001404 4500.000000
endloop
endfacet
facet normal 0.998629 -0.052338 0.000000
outer loop
vertex 745.891235 -78.397697 4200.000000
vertex 750.000000 -0.001404 4500.000000
vertex 745.891235 -78.397652 4500.000000
endloop
endfacet
facet normal -0.933581 -0.358368 0.000000
outer loop
vertex -713.292358 -231.762085 4200.000000
vertex -685.159058 -305.051849 4200.000000
vertex -685.159058 -305.051788 4500.000000
endloop
endfacet
facet normal -0.933581 -0.358367 0.000000
outer loop
vertex -713.292358 -231.762085 4200.000000
vertex -685.159058 -305.051788 4500.000000
vertex -713.292358 -231.762039 4500.000000
endloop
endfacet
facet normal 0.998630 0.052332 -0.000000
outer loop
vertex 750.000000 -0.001453 4200.000000
vertex 745.891663 78.394829 4200.000000
vertex 745.891663 78.394875 4500.000000
endloop
endfacet
facet normal 0.998630 0.052334 -0.000000
outer loop
vertex 750.000000 -0.001453 4200.000000
vertex 745.891663 78.394875 4500.000000
vertex 750.000000 -0.001404 4500.000000
endloop
endfacet
facet normal -0.891007 -0.453990 0.000000
outer loop
vertex -685.159058 -305.051849 4200.000000
vertex -649.519043 -374.999359 4200.000000
vertex -649.519043 -374.999298 4500.000000
endloop
endfacet
facet normal -0.891007 -0.453990 0.000000
outer loop
vertex -685.159058 -305.051849 4200.000000
vertex -649.519043 -374.999298 4500.000000
vertex -685.159058 -305.051788 4500.000000
endloop
endfacet
facet normal 0.987689 0.156432 -0.000000
outer loop
vertex 745.891663 78.394829 4200.000000
vertex 733.611206 155.932190 4200.000000
vertex 733.611206 155.932236 4500.000000
endloop
endfacet
facet normal 0.987689 0.156431 -0.000000
outer loop
vertex 745.891663 78.394829 4200.000000
vertex 733.611206 155.932236 4500.000000
vertex 745.891663 78.394875 4500.000000
endloop
endfacet
facet normal -0.838671 -0.544639 0.000000
outer loop
vertex -649.519043 -374.999359 4200.000000
vertex -606.762756 -440.838226 4200.000000
vertex -606.762756 -440.838165 4500.000000
endloop
endfacet
facet normal -0.838670 -0.544639 0.000000
outer loop
vertex -649.519043 -374.999359 4200.000000
vertex -606.762756 -440.838165 4500.000000
vertex -649.519043 -374.999298 4500.000000
endloop
endfacet
facet normal 0.965927 0.258815 -0.000000
outer loop
vertex 733.611206 155.932190 4200.000000
vertex 713.293152 231.761154 4200.000000
vertex 713.293152 231.761200 4500.000000
endloop
endfacet
facet normal 0.965926 0.258817 -0.000000
outer loop
vertex 733.611206 155.932190 4200.000000
vertex 713.293152 231.761200 4500.000000
vertex 733.611206 155.932236 4500.000000
endloop
endfacet
facet normal -0.777147 -0.629320 0.000000
outer loop
vertex -606.762756 -440.838226 4200.000000
vertex -557.358704 -501.847229 4200.000000
vertex -557.358704 -501.847168 4500.000000
endloop
endfacet
facet normal -0.777146 -0.629320 0.000000
outer loop
vertex -606.762756 -440.838226 4200.000000
vertex -557.358704 -501.847168 4500.000000
vertex -606.762756 -440.838165 4500.000000
endloop
endfacet
facet normal 0.933582 0.358365 -0.000000
outer loop
vertex 713.293152 231.761154 4200.000000
vertex 685.160034 305.050873 4200.000000
vertex 685.160034 305.050934 4500.000000
endloop
endfacet
facet normal 0.933581 0.358367 -0.000000
outer loop
vertex 713.293152 231.761154 4200.000000
vertex 685.160034 305.050934 4500.000000
vertex 713.293152 231.761200 4500.000000
endloop
endfacet
facet normal -0.707107 -0.707106 0.000000
outer loop
vertex -557.358704 -501.847229 4200.000000
vertex -501.848114 -557.357788 4200.000000
vertex -501.848114 -557.357727 4500.000000
endloop
endfacet
facet normal -0.707106 -0.707107 0.000000
outer loop
vertex -557.358704 -501.847229 4200.000000
vertex -501.848114 -557.357727 4500.000000
vertex -557.358704 -501.847168 4500.000000
endloop
endfacet
facet normal 0.891007 0.453989 -0.000000
outer loop
vertex 685.160034 305.050873 4200.000000
vertex 649.520325 374.998444 4200.000000
vertex 649.520325 374.998505 4500.000000
endloop
endfacet
facet normal 0.891008 0.453987 -0.000000
outer loop
vertex 685.160034 305.050873 4200.000000
vertex 649.520325 374.998505 4500.000000
vertex 685.160034 305.050934 4500.000000
endloop
endfacet
facet normal -0.629320 -0.777146 0.000000
outer loop
vertex -501.848114 -557.357788 4200.000000
vertex -440.839233 -606.761902 4200.000000
vertex -440.839233 -606.761841 4500.000000
endloop
endfacet
facet normal -0.629322 -0.777145 0.000000
outer loop
vertex -501.848114 -557.357788 4200.000000
vertex -440.839233 -606.761841 4500.000000
vertex -501.848114 -557.357727 4500.000000
endloop
endfacet
facet normal 0.838673 0.544636 0.000000
outer loop
vertex 649.520325 374.998444 4200.000000
vertex 606.764343 440.837463 4200.000000
vertex 606.764343 440.837524 4500.000000
endloop
endfacet
facet normal 0.838673 0.544636 -0.000000
outer loop
vertex 649.520325 374.998444 4200.000000
vertex 606.764343 440.837524 4500.000000
vertex 649.520325 374.998505 4500.000000
endloop
endfacet
facet normal -0.544639 -0.838671 0.000000
outer loop
vertex -440.839233 -606.761902 4200.000000
vertex -375.000366 -649.518188 4200.000000
vertex -375.000366 -649.518127 4500.000000
endloop
endfacet
facet normal -0.544640 -0.838670 0.000000
outer loop
vertex -440.839233 -606.761902 4200.000000
vertex -375.000366 -649.518127 4500.000000
vertex -440.839233 -606.761841 4500.000000
endloop
endfacet
facet normal -0.052336 0.998629 0.000000
outer loop
vertex 0.000000 750.000671 4200.000000
vertex -78.396347 745.892090 4200.000000
vertex -78.396347 745.892151 4500.000000
endloop
endfacet
facet normal -0.052336 0.998629 0.000000
outer loop
vertex 0.000000 750.000671 4200.000000
vertex -78.396347 745.892151 4500.000000
vertex 0.000000 750.000732 4500.000000
endloop
endfacet
facet normal 0.777148 0.629317 0.000000
outer loop
vertex 606.764343 440.837463 4200.000000
vertex 557.360474 501.846588 4200.000000
vertex 557.360474 501.846649 4500.000000
endloop
endfacet
facet normal 0.777147 0.629319 -0.000000
outer loop
vertex 606.764343 440.837463 4200.000000
vertex 557.360474 501.846649 4500.000000
vertex 606.764343 440.837524 4500.000000
endloop
endfacet
facet normal -0.156434 0.987688 -0.000000
outer loop
vertex -78.396347 745.892090 4200.000000
vertex -155.933777 733.611389 4200.000000
vertex -155.933777 733.611450 4500.000000
endloop
endfacet
facet normal -0.156434 0.987688 -0.000001
outer loop
vertex -78.396347 745.892090 4200.000000
vertex -155.933777 733.611450 4500.000000
vertex -78.396347 745.892151 4500.000000
endloop
endfacet
facet normal -0.453992 -0.891006 0.000000
outer loop
vertex -375.000366 -649.518188 4200.000000
vertex -305.052917 -685.158264 4200.000000
vertex -305.052917 -685.158203 4500.000000
endloop
endfacet
facet normal -0.453992 -0.891006 0.000000
outer loop
vertex -375.000366 -649.518188 4200.000000
vertex -305.052917 -685.158203 4500.000000
vertex -375.000366 -649.518127 4500.000000
endloop
endfacet
facet normal 0.707109 0.707104 -0.000000
outer loop
vertex 557.360474 501.846588 4200.000000
vertex 501.850067 557.357422 4200.000000
vertex 501.850067 557.357483 4500.000000
endloop
endfacet
facet normal 0.707109 0.707104 0.000000
outer loop
vertex 557.360474 501.846588 4200.000000
vertex 501.850067 557.357483 4500.000000
vertex 557.360474 501.846649 4500.000000
endloop
endfacet
facet normal -0.258819 0.965926 0.000000
outer loop
vertex -155.933777 733.611389 4200.000000
vertex -231.762741 713.293091 4200.000000
vertex -231.762741 713.293152 4500.000000
endloop
endfacet
facet normal -0.258819 0.965926 0.000000
outer loop
vertex -155.933777 733.611389 4200.000000
vertex -231.762741 713.293152 4500.000000
vertex -155.933777 733.611450 4500.000000
endloop
endfacet
facet normal -0.358369 -0.933580 0.000001
outer loop
vertex -305.052917 -685.158264 4200.000000
vertex -231.763275 -713.291565 4200.000000
vertex -231.763275 -713.291504 4500.000000
endloop
endfacet
facet normal -0.358368 -0.933580 0.000000
outer loop
vertex -305.052917 -685.158264 4200.000000
vertex -231.763275 -713.291504 4500.000000
vertex -305.052917 -685.158203 4500.000000
endloop
endfacet
facet normal 0.629322 0.777144 0.000000
outer loop
vertex 501.850067 557.357422 4200.000000
vertex 440.841309 606.761719 4200.000000
vertex 440.841309 606.761780 4500.000000
endloop
endfacet
facet normal 0.629325 0.777143 -0.000000
outer loop
vertex 501.850067 557.357422 4200.000000
vertex 440.841309 606.761780 4500.000000
vertex 501.850067 557.357483 4500.000000
endloop
endfacet
facet normal -0.358369 0.933580 0.000000
outer loop
vertex -231.762741 713.293091 4200.000000
vertex -305.052490 685.159729 4200.000000
vertex -305.052490 685.159790 4500.000000
endloop
endfacet
facet normal -0.358368 0.933580 0.000000
outer loop
vertex -231.762741 713.293091 4200.000000
vertex -305.052490 685.159790 4500.000000
vertex -231.762741 713.293152 4500.000000
endloop
endfacet
facet normal -0.258820 -0.965926 0.000000
outer loop
vertex -231.763275 -713.291565 4200.000000
vertex -155.934402 -733.609863 4200.000000
vertex -155.934402 -733.609802 4500.000000
endloop
endfacet
facet normal -0.258819 -0.965926 0.000000
outer loop
vertex -231.763275 -713.291565 4200.000000
vertex -155.934402 -733.609802 4500.000000
vertex -231.763275 -713.291504 4500.000000
endloop
endfacet
facet normal 0.544642 0.838668 0.000000
outer loop
vertex 440.841309 606.761719 4200.000000
vertex 375.002563 649.518250 4200.000000
vertex 375.002563 649.518311 4500.000000
endloop
endfacet
facet normal 0.544642 0.838668 0.000000
outer loop
vertex 440.841309 606.761719 4200.000000
vertex 375.002563 649.518311 4500.000000
vertex 440.841309 606.761780 4500.000000
endloop
endfacet
facet normal -0.156436 -0.987688 0.000000
outer loop
vertex -155.934402 -733.609863 4200.000000
vertex -78.397087 -745.890686 4200.000000
vertex -78.397087 -745.890625 4500.000000
endloop
endfacet
facet normal -0.156436 -0.987688 0.000000
outer loop
vertex -155.934402 -733.609863 4200.000000
vertex -78.397087 -745.890625 4500.000000
vertex -155.934402 -733.609802 4500.000000
endloop
endfacet
facet normal -0.453990 0.891007 0.000000
outer loop
vertex -305.052490 685.159729 4200.000000
vertex -375.000000 649.519714 4200.000000
vertex -375.000000 649.519775 4500.000000
endloop
endfacet
facet normal -0.453990 0.891007 -0.000001
outer loop
vertex -305.052490 685.159729 4200.000000
vertex -375.000000 649.519775 4500.000000
vertex -305.052490 685.159790 4500.000000
endloop
endfacet
facet normal 0.453994 0.891005 0.000000
outer loop
vertex 375.002563 649.518250 4200.000000
vertex 305.055328 685.158508 4200.000000
vertex 305.055328 685.158569 4500.000000
endloop
endfacet
facet normal 0.453995 0.891004 -0.000001
outer loop
vertex 375.002563 649.518250 4200.000000
vertex 305.055328 685.158569 4500.000000
vertex 375.002563 649.518311 4500.000000
endloop
endfacet
facet normal -0.052337 -0.998630 0.000000
outer loop
vertex -78.397087 -745.890686 4200.000000
vertex -0.000829 -749.999329 4200.000000
vertex -0.000829 -749.999268 4500.000000
endloop
endfacet
facet normal -0.052337 -0.998630 0.000000
outer loop
vertex -78.397087 -745.890686 4200.000000
vertex -0.000829 -749.999268 4500.000000
vertex -78.397087 -745.890625 4500.000000
endloop
endfacet
facet normal -0.544639 0.838671 0.000000
outer loop
vertex -375.000000 649.519714 4200.000000
vertex -440.838928 606.763428 4200.000000
vertex -440.838928 606.763489 4500.000000
endloop
endfacet
facet normal -0.544640 0.838670 0.000000
outer loop
vertex -375.000000 649.519714 4200.000000
vertex -440.838928 606.763489 4500.000000
vertex -375.000000 649.519775 4500.000000
endloop
endfacet
facet normal 0.358372 0.933579 0.000000
outer loop
vertex 305.055328 685.158508 4200.000000
vertex 231.765762 713.292114 4200.000000
vertex 231.765762 713.292175 4500.000000
endloop
endfacet
facet normal 0.358372 0.933579 0.000000
outer loop
vertex 305.055328 685.158508 4200.000000
vertex 231.765762 713.292175 4500.000000
vertex 305.055328 685.158569 4500.000000
endloop
endfacet
facet normal 0.052335 -0.998630 0.000000
outer loop
vertex -0.000829 -749.999329 4200.000000
vertex 78.395432 -745.890808 4200.000000
vertex 78.395432 -745.890747 4500.000000
endloop
endfacet
facet normal 0.052335 -0.998630 0.000000
outer loop
vertex -0.000829 -749.999329 4200.000000
vertex 78.395432 -745.890747 4500.000000
vertex -0.000829 -749.999268 4500.000000
endloop
endfacet
facet normal -0.629320 0.777146 -0.000000
outer loop
vertex -440.838928 606.763428 4200.000000
vertex -501.847961 557.359253 4200.000000
vertex -501.847961 557.359314 4500.000000
endloop
endfacet
facet normal -0.629320 0.777146 0.000000
outer loop
vertex -440.838928 606.763428 4200.000000
vertex -501.847961 557.359314 4500.000000
vertex -440.838928 606.763489 4500.000000
endloop
endfacet
facet normal 0.258822 0.965925 0.000000
outer loop
vertex 231.765762 713.292114 4200.000000
vertex 155.936981 733.610657 4200.000000
vertex 155.936981 733.610718 4500.000000
endloop
endfacet
facet normal 0.258823 0.965925 0.000000
outer loop
vertex 231.765762 713.292114 4200.000000
vertex 155.936981 733.610718 4500.000000
vertex 231.765762 713.292175 4500.000000
endloop
endfacet
endsolid building_031
