# vtk DataFile Version 2.0
tracks
ASCII
DATASET POLYDATA
POINTS 2520 float
-1.001 -0.05 0.0011 -1.6008 -0.05 0.0011 -2.2006 -0.05 0.0011 -2.8004 -0.05
0.0011 -3.4002 -0.05 0.0011 -4 -0.05 0.0011 -4.8 -0.05 0.0011
-5.6 -0.05 0.0011 -6.4 -0.05 0.0011 -7.2 -0.05 0.0011 -8
-0.05 0.0011 -8.8 -0.05 0.0011 -9.6 -0.05 0.0011 -10.4 -0.05
0.0011 -11.2 -0.05 0.0011 -12 -0.05 0.0011 -12.8 -0.05 0.0011
-13.6 -0.05 0.0011 -14.4 -0.05 0.0011 -15.2 -0.05 0.0011 -16
-0.05 0.0011 -16.8 -0.05 0.0011 -17.6 -0.05 0.0011 -18.4 -0.05
0.0011 -19.2 -0.05 0.0011 -20 -0.05 0.0011 -20.8 -0.05 0.0011
-21.6 -0.05 0.0011 -22.4 -0.05 0.0011 -23.2 -0.05 0.0011 -24
-0.05 0.0011 -24.8 -0.05 0.0011 -25.6 -0.05 0.0011 -26.4 -0.05
0.0011 -27.2 -0.05 0.0011 -28 -0.05 0.0011 -28.8 -0.05 0.0011
-29.6 -0.05 0.0011 -30.4 -0.05 0.0011 -31.2 -0.05 0.0011 -32
-0.05 0.0011 -32.8 -0.05 0.0011 -33.6 -0.05 0.0011 -34.4 -0.05
0.0011 -35.2 -0.05 0.0011 -36 -0.05 0.0011 -36.8 -0.05 0.0011
-37.6 -0.05 0.0011 -38.4 -0.05 0.0011 -39.2 -0.05 0.0011 -40
-0.05 0.0011 -40.8 -0.05 0.0011 -41.6 -0.05 0.0011 -42.4 -0.05
0.0011 -43.2 -0.05 0.0011 -44 -0.05 0.0011 -44.8 -0.05 0.0011
-45.6 -0.05 0.0011 -46.4 -0.05 0.0011 -47.2 -0.05 0.0011 -48
-0.05 0.0011 -48.8 -0.05 0.0011 -49.6 -0.05 0.0011 -50.4 -0.05
0.0011 -51.2 -0.05 0.0011 -52 -0.05 0.0011 -52.8 -0.05 0.0011
-53.6 -0.05 0.0011 -54.4 -0.05 0.0011 -55.2 -0.05 0.0011 -56
-0.05 0.0011 -56.8 -0.05 0.0011 -57.6 -0.05 0.0011 -58.4 -0.05
0.0011 -59.2 -0.05 0.0011 -60 -0.05 0.0011 -60.8 -0.05 0.0011
-61.6 -0.05 0.0011 -62.4 -0.05 0.0011 -63.2 -0.05 0.0011 -64
-0.05 0.0011 -64.8 -0.05 0.0011 -65.6 -0.05 0.0011 -66.4 -0.05
0.0011 -67.2 -0.05 0.0011 -68 -0.05 0.0011 -68.8 -0.05 0.0011
-69.6 -0.05 0.0011 -70.4 -0.05 0.0011 -71.2 -0.05 0.0011 -72
-0.05 0.0011 -72.8 -0.05 0.0011 -73.6 -0.05 0.0011 -74.4 -0.05
0.0011 -75.2 -0.05 0.0011 -76 -0.05 0.0011 -76.8 -0.05 0.0011
-77.6 -0.05 0.0011 -78.4 -0.05 0.0011 -79.2 -0.05 0.0011 -80
-0.05 0.0011 -80.8 -0.05 0.0011 -81.6 -0.05 0.0011 -82.4 -0.05
0.0011 -83.2 -0.05 0.0011 -84 -0.05 0.0011 -84.8 -0.05 0.0011
-85.6 -0.05 0.0011 -86.4 -0.05 0.0011 -87.2 -0.05 0.0011 -88
-0.05 0.0011 -88.8 -0.05 0.0011 -89.6 -0.05 0.0011 -90.4 -0.05
0.0011 -91.2 -0.05 0.0011 -92 -0.05 0.0011 -92.8 -0.05 0.0011
-93.6 -0.05 0.0011 -94.4 -0.05 0.0011 -95.2 -0.05 0.0011 -96
-0.05 0.0011 -96.8 -0.05 0.0011 -97.6 -0.05 0.0011 -98.4 -0.05
0.0011 -99.2 -0.05 0.00110001 -100 -0.05 0.00110001 -1.001 -0.05 0.0537316
-1.6008 -0.05 0.0537316 -2.2006 -0.05 0.0537316 -2.8004 -0.05 0.0537316 -3.4002
-0.05 0.0537316 -4 -0.05 0.0537316 -4.8 -0.05 0.0537316 -5.6 -0.05
0.0537316 -6.4 -0.0499999 0.0537316 -7.2 -0.0499999 0.0537316 -8 -0.0499999 0.0537316
-8.8 -0.0499999 0.0537316 -9.6 -0.0499999 0.0537316 -10.4 -0.0499999 0.0537316 -11.2
-0.0499999 0.0537316 -12 -0.0499999 0.0537316 -12.8 -0.0499999 0.0537316 -13.6 -0.0499999
0.0537316 -14.4 -0.0499999 0.0537316 -15.2 -0.0499999 0.0537316 -16 -0.0499998 0.0537316
-16.8 -0.0499998 0.0537316 -17.6 -0.0499998 0.0537316 -18.4 -0.0499998 0.0537316 -19.2
-0.0499998 0.0537316 -20 -0.0499998 0.0537316 -20.8 -0.0499998 0.0537316 -21.6 -0.0499998
0.0537316 -22.4 -0.0499998 0.0537316 -23.2 -0.0499998 0.0537316 -24 -0.0499998 0.0537316
-24.8 -0.0499998 0.0537316 -25.6 -0.0499998 0.0537316 -26.4 -0.0499998 0.0537316 -27.2
-0.0499998 0.0537316 -28 -0.0499998 0.0537316 -28.8 -0.0499997 0.0537316 -29.6 -0.0499997
0.0537316 -30.4 -0.0499997 0.0537316 -31.2 -0.0499997 0.0537316 -32 -0.0499997 0.0537316
-32.8 -0.0499997 0.0537316 -33.6 -0.0499997 0.0537316 -34.4 -0.0499997 0.0537316 -35.2
-0.0499997 0.0537316 -36 -0.0499997 0.0537316 -36.8 -0.0499997 0.0537316 -37.6 -0.0499997
0.0537316 -38.4 -0.0499997 0.0537316 -39.2 -0.0499997 0.0537316 -40 -0.0499997 0.0537316
-40.8 -0.0499997 0.0537316 -41.6 -0.0499997 0.0537316 -42.4 -0.0499997 0.0537316 -43.2
-0.0499997 0.0537316 -44 -0.0499997 0.0537316 -44.8 -0.0499997 0.0537316 -45.6 -0.0499996
0.0537316 -46.4 -0.0499996 0.0537316 -47.2 -0.0499996 0.0537316 -48 -0.0499996 0.0537316
-48.8 -0.0499996 0.0537316 -49.6 -0.0499996 0.0537316 -50.4 -0.0499996 0.0537316 -51.2
-0.0499996 0.0537316 -52 -0.0499996 0.0537316 -52.8 -0.0499996 0.0537316 -53.6 -0.0499996
0.0537316 -54.4 -0.0499996 0.0537316 -55.2 -0.0499996 0.0537316 -56 -0.0499996 0.0537316
-56.8 -0.0499996 0.0537316 -57.6 -0.0499996 0.0537316 -58.4 -0.0499996 0.0537316 -59.2
-0.0499996 0.0537316 -60 -0.0499996 0.0537316 -60.8 -0.0499996 0.0537316 -61.6 -0.0499996
0.0537316 -62.4 -0.0499996 0.0537316 -63.2 -0.0499996 0.0537316 -64 -0.0499996 0.0537316
-64.8 -0.0499996 0.0537316 -65.6 -0.0499996 0.0537316 -66.4 -0.0499996 0.0537316 -67.2
-0.0499996 0.0537316 -68 -0.0499996 0.0537316 -68.8 -0.0499996 0.0537316 -69.6 -0.0499996
0.0537316 -70.4 -0.0499996 0.0537316 -71.2 -0.0499996 0.0537316 -72 -0.0499996 0.0537316
-72.8 -0.0499996 0.0537316 -73.6 -0.0499996 0.0537316 -74.4 -0.0499996 0.0537316 -75.2
-0.0499996 0.0537316 -76 -0.0499996 0.0537316 -76.8 -0.0499996 0.0537316 -77.6 -0.0499996
0.0537316 -78.4 -0.0499996 0.0537316 -79.2 -0.0499996 0.0537316 -80 -0.0499996 0.0537316
-80.8 -0.0499996 0.0537316 -81.6 -0.0499996 0.0537316 -82.4 -0.0499996 0.0537316 -83.2
-0.0499996 0.0537316 -84 -0.0499996 0.0537316 -84.8 -0.0499996 0.0537316 -85.6 -0.0499996
0.0537316 -86.4 -0.0499996 0.0537316 -87.2 -0.0499996 0.0537316 -88 -0.0499996 0.0537316
-88.8 -0.0499996 0.0537316 -89.6 -0.0499996 0.0537316 -90.4 -0.0499996 0.0537316 -91.2
-0.0499996 0.0537316 -92 -0.0499996 0.0537316 -92.8 -0.0499996 0.0537316 -93.6 -0.0499996
0.0537316 -94.4 -0.0499996 0.0537316 -95.2 -0.0499996 0.0537316 -96 -0.0499996 0.0537316
-96.8 -0.0499996 0.0537316 -97.6 -0.0499996 0.0537316 -98.4 -0.0499996 0.0537316 -99.2
-0.0499996 0.0537316 -100 -0.0499996 0.0537317 -1.001 -0.05 0.106363 -1.6008 -0.05
0.106363 -2.2006 -0.05 0.106363 -2.8004 -0.05 0.106363 -3.4002 -0.05 0.106363
-4 -0.0499999 0.106363 -4.8 -0.0499999 0.106363 -5.6 -0.0499999 0.106363 -6.4
-0.0499999 0.106363 -7.2 -0.0499999 0.106363 -8 -0.0499999 0.106363 -8.8 -0.0499999
0.106363 -9.6 -0.0499999 0.106363 -10.4 -0.0499998 0.106363 -11.2 -0.0499998 0.106363
-12 -0.0499998 0.106363 -12.8 -0.0499998 0.106363 -13.6 -0.0499998 0.106363 -14.4
-0.0499998 0.106363 -15.2 -0.0499998 0.106363 -16 -0.0499997 0.106363 -16.8 -0.0499997
0.106363 -17.6 -0.0499997 0.106363 -18.4 -0.0499997 0.106363 -19.2 -0.0499997 0.106363
-20 -0.0499997 0.106363 -20.8 -0.0499997 0.106363 -21.6 -0.0499997 0.106363 -22.4
-0.0499997 0.106363 -23.2 -0.0499996 0.106363 -24 -0.0499996 0.106363 -24.8 -0.0499996
0.106363 -25.6 -0.0499996 0.106363 -26.4 -0.0499996 0.106363 -27.2 -0.0499996 0.106363
-28 -0.0499996 0.106363 -28.8 -0.0499996 0.106363 -29.6 -0.0499996 0.106363 -30.4
-0.0499996 0.106363 -31.2 -0.0499995 0.106363 -32 -0.0499995 0.106363 -32.8 -0.0499995
0.106363 -33.6 -0.0499995 0.106363 -34.4 -0.0499995 0.106363 -35.2 -0.0499995 0.106363
-36 -0.0499995 0.106363 -36.8 -0.0499995 0.106363 -37.6 -0.0499995 0.106363 -38.4
-0.0499995 0.106363 -39.2 -0.0499995 0.106363 -40 -0.0499995 0.106363 -40.8 -0.0499995
0.106363 -41.6 -0.0499994 0.106363 -42.4 -0.0499994 0.106363 -43.2 -0.0499994 0.106363
-44 -0.0499994 0.106363 -44.8 -0.0499994 0.106363 -45.6 -0.0499994 0.106363 -46.4
-0.0499994 0.106363 -47.2 -0.0499994 0.106363 -48 -0.0499994 0.106363 -48.8 -0.0499994
0.106363 -49.6 -0.0499994 0.106363 -50.4 -0.0499994 0.106363 -51.2 -0.0499994 0.106363
-52 -0.0499994 0.106363 -52.8 -0.0499994 0.106363 -53.6 -0.0499993 0.106363 -54.4
-0.0499993 0.106363 -55.2 -0.0499993 0.106363 -56 -0.0499993 0.106363 -56.8 -0.0499993
0.106363 -57.6 -0.0499993 0.106363 -58.4 -0.0499993 0.106363 -59.2 -0.0499993 0.106363
-60 -0.0499993 0.106363 -60.8 -0.0499993 0.106363 -61.6 -0.0499993 0.106363 -62.4
-0.0499993 0.106363 -63.2 -0.0499993 0.106363 -64 -0.0499993 0.106363 -64.8 -0.0499993
0.106363 -65.6 -0.0499993 0.106363 -66.4 -0.0499993 0.106363 -67.2 -0.0499993 0.106363
-68 -0.0499993 0.106363 -68.8 -0.0499993 0.106363 -69.6 -0.0499993 0.106363 -70.4
-0.0499993 0.106363 -71.2 -0.0499993 0.106363 -72 -0.0499993 0.106363 -72.8 -0.0499993
0.106363 -73.6 -0.0499993 0.106363 -74.4 -0.0499993 0.106363 -75.2 -0.0499993 0.106363
-76 -0.0499993 0.106363 -76.8 -0.0499993 0.106363 -77.6 -0.0499993 0.106363 -78.4
-0.0499993 0.106363 -79.2 -0.0499993 0.106363 -80 -0.0499993 0.106363 -80.8 -0.0499993
0.106363 -81.6 -0.0499993 0.106363 -82.4 -0.0499993 0.106363 -83.2 -0.0499993 0.106363
-84 -0.0499993 0.106363 -84.8 -0.0499993 0.106363 -85.6 -0.0499993 0.106363 -86.4
-0.0499993 0.106363 -87.2 -0.0499993 0.106363 -88 -0.0499993 0.106363 -88.8 -0.0499993
0.106363 -89.6 -0.0499993 0.106363 -90.4 -0.0499993 0.106363 -91.2 -0.0499993 0.106363
-92 -0.0499993 0.106363 -92.8 -0.0499993 0.106363 -93.6 -0.0499993 0.106363 -94.4
-0.0499993 0.106363 -95.2 -0.0499993 0.106363 -96 -0.0499993 0.106363 -96.8 -0.0499993
0.106363 -97.6 -0.0499993 0.106363 -98.4 -0.0499993 0.106363 -99.2 -0.0499993 0.106363
-100 -0.0499993 0.106363 -1.001 -0.05 0.158995 -1.6008 -0.05 0.158995 -2.2006
-0.05 0.158995 -2.8004 -0.05 0.158995 -3.4002 -0.0499999 0.158995 -4 -0.0499999
0.158995 -4.8 -0.0499999 0.158995 -5.6 -0.0499999 0.158995 -6.4 -0.0499999 0.158995
-7.2 -0.0499998 0.158995 -8 -0.0499998 0.158995 -8.8 -0.0499998 0.158995 -9.6
-0.0499998 0.158995 -10.4 -0.0499998 0.158995 -11.2 -0.0499998 0.158995 -12 -0.0499997
0.158995 -12.8 -0.0499997 0.158995 -13.6 -0.0499997 0.158995 -14.4 -0.0499997 0.158995
-15.2 -0.0499997 0.158995 -16 -0.0499997 0.158995 -16.8 -0.0499996 0.158995 -17.6
-0.0499996 0.158995 -18.4 -0.0499996 0.158995 -19.2 -0.0499996 0.158995 -20 -0.0499996
0.158995 -20.8 -0.0499996 0.158995 -21.6 -0.0499995 0.158995 -22.4 -0.0499995 0.158995
-23.2 -0.0499995 0.158995 -24 -0.0499995 0.158995 -24.8 -0.0499995 0.158995 -25.6
-0.0499995 0.158995 -26.4 -0.0499995 0.158995 -27.2 -0.0499994 0.158995 -28 -0.0499994
0.158995 -28.8 -0.0499994 0.158995 -29.6 -0.0499994 0.158995 -30.4 -0.0499994 0.158995
-31.2 -0.0499994 0.158995 -32 -0.0499994 0.158995 -32.8 -0.0499994 0.158995 -33.6
-0.0499993 0.158995 -34.4 -0.0499993 0.158995 -35.2 -0.0499993 0.158995 -36 -0.0499993
0.158995 -36.8 -0.0499993 0.158995 -37.6 -0.0499993 0.158995 -38.4 -0.0499993 0.158995
-39.2 -0.0499993 0.158995 -40 -0.0499993 0.158995 -40.8 -0.0499993 0.158995 -41.6
-0.0499992 0.158995 -42.4 -0.0499992 0.158995 -43.2 -0.0499992 0.158995 -44 -0.0499992
0.158995 -44.8 -0.0499992 0.158995 -45.6 -0.0499992 0.158995 -46.4 -0.0499992 0.158995
-47.2 -0.0499992 0.158995 -48 -0.0499992 0.158995 -48.8 -0.0499992 0.158995 -49.6
-0.0499991 0.158995 -50.4 -0.0499991 0.158995 -51.2 -0.0499991 0.158995 -52 -0.0499991
0.158995 -52.8 -0.0499991 0.158995 -53.6 -0.0499991 0.158995 -54.4 -0.0499991 0.158995
-55.2 -0.0499991 0.158995 -56 -0.0499991 0.158995 -56.8 -0.0499991 0.158995 -57.6
-0.0499991 0.158995 -58.4 -0.0499991 0.158995 -59.2 -0.0499991 0.158995 -60 -0.0499991
0.158995 -60.8 -0.0499991 0.158995 -61.6 -0.049999 0.158995 -62.4 -0.049999 0.158995
-63.2 -0.049999 0.158995 -64 -0.049999 0.158995 -64.8 -0.049999 0.158995 -65.6
-0.049999 0.158995 -66.4 -0.049999 0.158995 -67.2 -0.049999 0.158995 -68 -0.049999
0.158995 -68.8 -0.049999 0.158995 -69.6 -0.049999 0.158995 -70.4 -0.049999 0.158995
-71.2 -0.049999 0.158995 -72 -0.049999 0.158995 -72.8 -0.049999 0.158995 -73.6
-0.049999 0.158995 -74.4 -0.049999 0.158995 -75.2 -0.049999 0.158995 -76 -0.049999
0.158995 -76.8 -0.049999 0.158995 -77.6 -0.049999 0.158995 -78.4 -0.049999 0.158995
-79.2 -0.049999 0.158995 -80 -0.049999 0.158995 -80.8 -0.049999 0.158995 -81.6
-0.049999 0.158995 -82.4 -0.049999 0.158995 -83.2 -0.049999 0.158995 -84 -0.049999
0.158995 -84.8 -0.049999 0.158995 -85.6 -0.049999 0.158995 -86.4 -0.049999 0.158995
-87.2 -0.049999 0.158995 -88 -0.049999 0.158995 -88.8 -0.049999 0.158995 -89.6
-0.049999 0.158995 -90.4 -0.049999 0.158995 -91.2 -0.049999 0.158995 -92 -0.049999
0.158995 -92.8 -0.049999 0.158995 -93.6 -0.049999 0.158995 -94.4 -0.049999 0.158995
-95.2 -0.049999 0.158995 -96 -0.049999 0.158995 -96.8 -0.049999 0.158995 -97.6
-0.049999 0.158995 -98.4 -0.049999 0.158995 -99.2 -0.049999 0.158995 -100 -0.0499991
0.158995 -1.001 -0.05 0.211626 -1.6008 -0.05 0.211626 -2.2006 -0.05 0.211626
-2.8004 -0.0499999 0.211626 -3.4002 -0.0499999 0.211626 -4 -0.0499999 0.211626 -4.8
-0.0499999 0.211626 -5.6 -0.0499999 0.211626 -6.4 -0.0499998 0.211626 -7.2 -0.0499998
0.211626 -8 -0.0499998 0.211626 -8.8 -0.0499998 0.211626 -9.6 -0.0499997 0.211626
-10.4 -0.0499997 0.211626 -11.2 -0.0499997 0.211626 -12 -0.0499997 0.211626 -12.8
-0.0499997 0.211626 -13.6 -0.0499996 0.211626 -14.4 -0.0499996 0.211626 -15.2 -0.0499996
0.211626 -16 -0.0499996 0.211626 -16.8 -0.0499995 0.211626 -17.6 -0.0499995 0.211626
-18.4 -0.0499995 0.211626 -19.2 -0.0499995 0.211626 -20 -0.0499995 0.211626 -20.8
-0.0499994 0.211626 -21.6 -0.0499994 0.211626 -22.4 -0.0499994 0.211626 -23.2 -0.0499994
0.211626 -24 -0.0499994 0.211626 -24.8 -0.0499994 0.211626 -25.6 -0.0499993 0.211626
-26.4 -0.0499993 0.211626 -27.2 -0.0499993 0.211626 -28 -0.0499993 0.211626 -28.8
-0.0499993 0.211626 -29.6 -0.0499993 0.211626 -30.4 -0.0499992 0.211626 -31.2 -0.0499992
0.211626 -32 -0.0499992 0.211626 -32.8 -0.0499992 0.211626 -33.6 -0.0499992 0.211626
-34.4 -0.0499992 0.211626 -35.2 -0.0499991 0.211626 -36 -0.0499991 0.211626 -36.8
-0.0499991 0.211626 -37.6 -0.0499991 0.211626 -38.4 -0.0499991 0.211626 -39.2 -0.0499991
0.211626 -40 -0.0499991 0.211626 -40.8 -0.0499991 0.211626 -41.6 -0.049999 0.211626
-42.4 -0.049999 0.211626 -43.2 -0.049999 0.211626 -44 -0.049999 0.211626 -44.8
-0.049999 0.211626 -45.6 -0.049999 0.211626 -46.4 -0.049999 0.211626 -47.2 -0.049999
0.211626 -48 -0.0499989 0.211626 -48.8 -0.0499989 0.211626 -49.6 -0.0499989 0.211626
-50.4 -0.0499989 0.211626 -51.2 -0.0499989 0.211626 -52 -0.0499989 0.211626 -52.8
-0.0499989 0.211626 -53.6 -0.0499989 0.211626 -54.4 -0.0499989 0.211626 -55.2 -0.0499989
0.211626 -56 -0.0499988 0.211626 -56.8 -0.0499988 0.211626 -57.6 -0.0499988 0.211626
-58.4 -0.0499988 0.211626 -59.2 -0.0499988 0.211626 -60 -0.0499988 0.211626 -60.8
-0.0499988 0.211626 -61.6 -0.0499988 0.211626 -62.4 -0.0499988 0.211626 -63.2 -0.0499988
0.211626 -64 -0.0499988 0.211626 -64.8 -0.0499988 0.211626 -65.6 -0.0499988 0.211626
-66.4 -0.0499988 0.211626 -67.2 -0.0499987 0.211626 -68 -0.0499987 0.211626 -68.8
-0.0499987 0.211626 -69.6 -0.0499987 0.211626 -70.4 -0.0499987 0.211626 -71.2 -0.0499987
0.211626 -72 -0.0499987 0.211626 -72.8 -0.0499987 0.211626 -73.6 -0.0499987 0.211626
-74.4 -0.0499987 0.211626 -75.2 -0.0499987 0.211626 -76 -0.0499987 0.211626 -76.8
-0.0499987 0.211626 -77.6 -0.0499987 0.211626 -78.4 -0.0499987 0.211626 -79.2 -0.0499987
0.211626 -80 -0.0499987 0.211626 -80.8 -0.0499987 0.211626 -81.6 -0.0499987 0.211626
-82.4 -0.0499987 0.211626 -83.2 -0.0499987 0.211626 -84 -0.0499987 0.211626 -84.8
-0.0499987 0.211626 -85.6 -0.0499987 0.211626 -86.4 -0.0499987 0.211627 -87.2 -0.0499987
0.211627 -88 -0.0499987 0.211627 -88.8 -0.0499987 0.211627 -89.6 -0.0499987 0.211627
-90.4 -0.0499987 0.211627 -91.2 -0.0499987 0.211627 -92 -0.0499987 0.211627 -92.8
-0.0499987 0.211627 -93.6 -0.0499988 0.211627 -94.4 -0.0499988 0.211627 -95.2 -0.0499988
0.211627 -96 -0.0499988 0.211627 -96.8 -0.0499988 0.211627 -97.6 -0.0499988 0.211627
-98.4 -0.0499988 0.211627 -99.2 -0.0499988 0.211627 -100 -0.0499988 0.211627 -1.001
-0.05 0.264258 -1.6008 -0.05 0.264258 -2.2006 -0.05 0.264258 -2.8004 -0.0499999
0.264258 -3.4002 -0.0499999 0.264258 -4 -0.0499999 0.264258 -4.8 -0.0499999 0.264258
-5.6 -0.0499998 0.264258 -6.4 -0.0499998 0.264258 -7.2 -0.0499998 0.264258 -8
-0.0499997 0.264258 -8.8 -0.0499997 0.264258 -9.6 -0.0499997 0.264258 -10.4 -0.0499997
0.264258 -11.2 -0.0499996 0.264258 -12 -0.0499996 0.264258 -12.8 -0.0499996 0.264258
-13.6 -0.0499996 0.264258 -14.4 -0.0499995 0.264258 -15.2 -0.0499995 0.264258 -16
-0.0499995 0.264258 -16.8 -0.0499995 0.264258 -17.6 -0.0499994 0.264258 -18.4 -0.0499994
0.264258 -19.2 -0.0499994 0.264258 -20 -0.0499994 0.264258 -20.8 -0.0499993 0.264258
-21.6 -0.0499993 0.264258 -22.4 -0.0499993 0.264258 -23.2 -0.0499993 0.264258 -24
-0.0499992 0.264258 -24.8 -0.0499992 0.264258 -25.6 -0.0499992 0.264258 -26.4 -0.0499992
0.264258 -27.2 -0.0499992 0.264258 -28 -0.0499991 0.264258 -28.8 -0.0499991 0.264258
-29.6 -0.0499991 0.264258 -30.4 -0.0499991 0.264258 -31.2 -0.0499991 0.264258 -32
-0.049999 0.264258 -32.8 -0.049999 0.264258 -33.6 -0.049999 0.264258 -34.4 -0.049999
0.264258 -35.2 -0.049999 0.264258 -36 -0.0499989 0.264258 -36.8 -0.0499989 0.264258
-37.6 -0.0499989 0.264258 -38.4 -0.0499989 0.264258 -39.2 -0.0499989 0.264258 -40
-0.0499989 0.264258 -40.8 -0.0499988 0.264258 -41.6 -0.0499988 0.264258 -42.4 -0.0499988
0.264258 -43.2 -0.0499988 0.264258 -44 -0.0499988 0.264258 -44.8 -0.0499988 0.264258
-45.6 -0.0499988 0.264258 -46.4 -0.0499987 0.264258 -47.2 -0.0499987 0.264258 -48
-0.0499987 0.264258 -48.8 -0.0499987 0.264258 -49.6 -0.0499987 0.264258 -50.4 -0.0499987
0.264258 -51.2 -0.0499987 0.264258 -52 -0.0499987 0.264258 -52.8 -0.0499986 0.264258
-53.6 -0.0499986 0.264258 -54.4 -0.0499986 0.264258 -55.2 -0.0499986 0.264258 -56
-0.0499986 0.264258 -56.8 -0.0499986 0.264258 -57.6 -0.0499986 0.264258 -58.4 -0.0499986
0.264258 -59.2 -0.0499986 0.264258 -60 -0.0499986 0.264258 -60.8 -0.0499985 0.264258
-61.6 -0.0499985 0.264258 -62.4 -0.0499985 0.264258 -63.2 -0.0499985 0.264258 -64
-0.0499985 0.264258 -64.8 -0.0499985 0.264258 -65.6 -0.0499985 0.264258 -66.4 -0.0499985
0.264258 -67.2 -0.0499985 0.264258 -68 -0.0499985 0.264258 -68.8 -0.0499985 0.264258
-69.6 -0.0499985 0.264258 -70.4 -0.0499985 0.264258 -71.2 -0.0499985 0.264258 -72
-0.0499985 0.264258 -72.8 -0.0499985 0.264258 -73.6 -0.0499985 0.264258 -74.4 -0.0499984
0.264258 -75.2 -0.0499984 0.264258 -76 -0.0499984 0.264258 -76.8 -0.0499984 0.264258
-77.6 -0.0499984 0.264258 -78.4 -0.0499984 0.264258 -79.2 -0.0499984 0.264258 -80
-0.0499984 0.264258 -80.8 -0.0499984 0.264258 -81.6 -0.0499984 0.264258 -82.4 -0.0499984
0.264258 -83.2 -0.0499984 0.264258 -84 -0.0499984 0.264258 -84.8 -0.0499984 0.264258
-85.6 -0.0499985 0.264258 -86.4 -0.0499985 0.264258 -87.2 -0.0499985 0.264258 -88
-0.0499985 0.264258 -88.8 -0.0499985 0.264258 -89.6 -0.0499985 0.264258 -90.4 -0.0499985
0.264258 -91.2 -0.0499985 0.264258 -92 -0.0499985 0.264258 -92.8 -0.0499985 0.264258
-93.6 -0.0499985 0.264258 -94.4 -0.0499985 0.264258 -95.2 -0.0499985 0.264258 -96
-0.0499985 0.264258 -96.8 -0.0499985 0.264258 -97.6 -0.0499985 0.264258 -98.4 -0.0499985
0.264258 -99.2 -0.0499985 0.264258 -100 -0.0499985 0.264258 -1.001 -0.05 0.316889
-1.6008 -0.05 0.316889 -2.2006 -0.0499999 0.316889 -2.8004 -0.0499999 0.316889 -3.4002
-0.0499999 0.316889 -4 -0.0499999 0.316889 -4.8 -0.0499998 0.316889 -5.6 -0.0499998
0.316889 -6.4 -0.0499998 0.316889 -7.2 -0.0499997 0.316889 -8 -0.0499997 0.316889
-8.8 -0.0499997 0.316889 -9.6 -0.0499996 0.316889 -10.4 -0.0499996 0.316889 -11.2
-0.0499996 0.316889 -12 -0.0499995 0.316889 -12.8 -0.0499995 0.316889 -13.6 -0.0499995
0.316889 -14.4 -0.0499994 0.31689 -15.2 -0.0499994 0.31689 -16 -0.0499994 0.31689
-16.8 -0.0499994 0.31689 -17.6 -0.0499993 0.31689 -18.4 -0.0499993 0.31689 -19.2
-0.0499993 0.31689 -20 -0.0499992 0.31689 -20.8 -0.0499992 0.31689 -21.6 -0.0499992
0.31689 -22.4 -0.0499992 0.31689 -23.2 -0.0499991 0.31689 -24 -0.0499991 0.31689
-24.8 -0.0499991 0.31689 -25.6 -0.0499991 0.31689 -26.4 -0.049999 0.31689 -27.2
-0.049999 0.31689 -28 -0.049999 0.31689 -28.8 -0.049999 0.31689 -29.6 -0.0499989
0.31689 -30.4 -0.0499989 0.31689 -31.2 -0.0499989 0.31689 -32 -0.0499989 0.31689
-32.8 -0.0499988 0.31689 -33.6 -0.0499988 0.31689 -34.4 -0.0499988 0.31689 -35.2
-0.0499988 0.31689 -36 -0.0499988 0.31689 -36.8 -0.0499987 0.31689 -37.6 -0.0499987
0.31689 -38.4 -0.0499987 0.31689 -39.2 -0.0499987 0.31689 -40 -0.0499987 0.31689
-40.8 -0.0499986 0.31689 -41.6 -0.0499986 0.31689 -42.4 -0.0499986 0.31689 -43.2
-0.0499986 0.31689 -44 -0.0499986 0.31689 -44.8 -0.0499986 0.31689 -45.6 -0.0499985
0.31689 -46.4 -0.0499985 0.31689 -47.2 -0.0499985 0.31689 -48 -0.0499985 0.31689
-48.8 -0.0499985 0.31689 -49.6 -0.0499985 0.31689 -50.4 -0.0499985 0.31689 -51.2
-0.0499984 0.31689 -52 -0.0499984 0.31689 -52.8 -0.0499984 0.31689 -53.6 -0.0499984
0.31689 -54.4 -0.0499984 0.31689 -55.2 -0.0499984 0.31689 -56 -0.0499984 0.31689
-56.8 -0.0499983 0.31689 -57.6 -0.0499983 0.31689 -58.4 -0.0499983 0.31689 -59.2
-0.0499983 0.31689 -60 -0.0499983 0.31689 -60.8 -0.0499983 0.31689 -61.6 -0.0499983
0.31689 -62.4 -0.0499983 0.31689 -63.2 -0.0499983 0.31689 -64 -0.0499982 0.31689
-64.8 -0.0499982 0.31689 -65.6 -0.0499982 0.31689 -66.4 -0.0499982 0.31689 -67.2
-0.0499982 0.31689 -68 -0.0499982 0.31689 -68.8 -0.0499982 0.31689 -69.6 -0.0499982
0.31689 -70.4 -0.0499982 0.31689 -71.2 -0.0499982 0.31689 -72 -0.0499982 0.31689
-72.8 -0.0499982 0.31689 -73.6 -0.0499982 0.31689 -74.4 -0.0499982 0.31689 -75.2
-0.0499982 0.31689 -76 -0.0499982 0.31689 -76.8 -0.0499982 0.31689 -77.6 -0.0499982
0.31689 -78.4 -0.0499982 0.31689 -79.2 -0.0499982 0.31689 -80 -0.0499982 0.31689
-80.8 -0.0499982 0.31689 -81.6 -0.0499982 0.31689 -82.4 -0.0499982 0.31689 -83.2
-0.0499982 0.31689 -84 -0.0499982 0.31689 -84.8 -0.0499982 0.31689 -85.6 -0.0499982
0.31689 -86.4 -0.0499982 0.31689 -87.2 -0.0499982 0.31689 -88 -0.0499982 0.31689
-88.8 -0.0499982 0.31689 -89.6 -0.0499982 0.31689 -90.4 -0.0499982 0.31689 -91.2
-0.0499982 0.31689 -92 -0.0499982 0.31689 -92.8 -0.0499982 0.31689 -93.6 -0.0499982
0.31689 -94.4 -0.0499982 0.31689 -95.2 -0.0499982 0.31689 -96 -0.0499982 0.31689
-96.8 -0.0499982 0.31689 -97.6 -0.0499982 0.31689 -98.4 -0.0499982 0.31689 -99.2
-0.0499982 0.31689 -100 -0.0499983 0.31689 -1.001 -0.05 0.369521 -1.6008 -0.05
0.369521 -2.2006 -0.0499999 0.369521 -2.8004 -0.0499999 0.369521 -3.4002 -0.0499999 0.369521
-4 -0.0499998 0.369521 -4.8 -0.0499998 0.369521 -5.6 -0.0499998 0.369521 -6.4
-0.0499997 0.369521 -7.2 -0.0499997 0.369521 -8 -0.0499997 0.369521 -8.8 -0.0499996
0.369521 -9.6 -0.0499996 0.369521 -10.4 -0.0499995 0.369521 -11.2 -0.0499995 0.369521
-12 -0.0499995 0.369521 -12.8 -0.0499994 0.369521 -13.6 -0.0499994 0.369521 -14.4
-0.0499994 0.369521 -15.2 -0.0499993 0.369521 -16 -0.0499993 0.369521 -16.8 -0.0499993
0.369521 -17.6 -0.0499992 0.369521 -18.4 -0.0499992 0.369521 -19.2 -0.0499992 0.369521
-20 -0.0499991 0.369521 -20.8 -0.0499991 0.369521 -21.6 -0.0499991 0.369521 -22.4
-0.049999 0.369521 -23.2 -0.049999 0.369521 -24 -0.049999 0.369521 -24.8 -0.0499989
0.369521 -25.6 -0.0499989 0.369521 -26.4 -0.0499989 0.369521 -27.2 -0.0499989 0.369521
-28 -0.0499988 0.369521 -28.8 -0.0499988 0.369521 -29.6 -0.0499988 0.369521 -30.4
-0.0499987 0.369521 -31.2 -0.0499987 0.369521 -32 -0.0499987 0.369521 -32.8 -0.0499987
0.369521 -33.6 -0.0499986 0.369521 -34.4 -0.0499986 0.369521 -35.2 -0.0499986 0.369521
-36 -0.0499986 0.369521 -36.8 -0.0499986 0.369521 -37.6 -0.0499985 0.369521 -38.4
-0.0499985 0.369521 -39.2 -0.0499985 0.369521 -40 -0.0499985 0.369521 -40.8 -0.0499984
0.369521 -41.6 -0.0499984 0.369521 -42.4 -0.0499984 0.369521 -43.2 -0.0499984 0.369521
-44 -0.0499984 0.369521 -44.8 -0.0499983 0.369521 -45.6 -0.0499983 0.369521 -46.4
-0.0499983 0.369521 -47.2 -0.0499983 0.369521 -48 -0.0499983 0.369521 -48.8 -0.0499983
0.369521 -49.6 -0.0499982 0.369521 -50.4 -0.0499982 0.369521 -51.2 -0.0499982 0.369521
-52 -0.0499982 0.369521 -52.8 -0.0499982 0.369521 -53.6 -0.0499982 0.369521 -54.4
-0.0499981 0.369521 -55.2 -0.0499981 0.369521 -56 -0.0499981 0.369521 -56.8 -0.0499981
0.369521 -57.6 -0.0499981 0.369521 -58.4 -0.0499981 0.369521 -59.2 -0.0499981 0.369521
-60 -0.049998 0.369521 -60.8 -0.049998 0.369521 -61.6 -0.049998 0.369521 -62.4
-0.049998 0.369521 -63.2 -0.049998 0.369521 -64 -0.049998 0.369521 -64.8 -0.049998
0.369521 -65.6 -0.049998 0.369521 -66.4 -0.049998 0.369521 -67.2 -0.049998 0.369521
-68 -0.0499979 0.369521 -68.8 -0.0499979 0.369521 -69.6 -0.0499979 0.369521 -70.4
-0.0499979 0.369521 -71.2 -0.0499979 0.369521 -72 -0.0499979 0.369521 -72.8 -0.0499979
0.369521 -73.6 -0.0499979 0.369521 -74.4 -0.0499979 0.369521 -75.2 -0.0499979 0.369521
-76 -0.0499979 0.369521 -76.8 -0.0499979 0.369521 -77.6 -0.0499979 0.369521 -78.4
-0.0499979 0.369521 -79.2 -0.0499979 0.369521 -80 -0.0499979 0.369521 -80.8 -0.0499979
0.369521 -81.6 -0.0499979 0.369521 -82.4 -0.0499979 0.369521 -83.2 -0.0499979 0.369521
-84 -0.0499979 0.369521 -84.8 -0.0499979 0.369521 -85.6 -0.0499979 0.369521 -86.4
-0.0499979 0.369521 -87.2 -0.0499979 0.369521 -88 -0.0499979 0.369521 -88.8 -0.0499979
0.369521 -89.6 -0.0499979 0.369521 -90.4 -0.0499979 0.369521 -91.2 -0.0499979 0.369521
-92 -0.0499979 0.369521 -92.8 -0.0499979 0.369521 -93.6 -0.0499979 0.369521 -94.4
-0.049998 0.369521 -95.2 -0.049998 0.369521 -96 -0.049998 0.369521 -96.8 -0.049998
0.369521 -97.6 -0.049998 0.369521 -98.4 -0.049998 0.369521 -99.2 -0.049998 0.369521
-100 -0.049998 0.369521 -1.001 -0.05 0.422153 -1.6008 -0.05 0.422153 -2.2006
-0.0499999 0.422153 -2.8004 -0.0499999 0.422153 -3.4002 -0.0499999 0.422153 -4 -0.0499998
0.422153 -4.8 -0.0499998 0.422153 -5.6 -0.0499997 0.422153 -6.4 -0.0499997 0.422153
-7.2 -0.0499997 0.422153 -8 -0.0499996 0.422153 -8.8 -0.0499996 0.422153 -9.6
-0.0499995 0.422153 -10.4 -0.0499995 0.422153 -11.2 -0.0499994 0.422153 -12 -0.0499994
0.422153 -12.8 -0.0499994 0.422153 -13.6 -0.0499993 0.422153 -14.4 -0.0499993 0.422153
-15.2 -0.0499992 0.422153 -16 -0.0499992 0.422153 -16.8 -0.0499992 0.422153 -17.6
-0.0499991 0.422153 -18.4 -0.0499991 0.422153 -19.2 -0.0499991 0.422153 -20 -0.049999
0.422153 -20.8 -0.049999 0.422153 -21.6 -0.0499989 0.422153 -22.4 -0.0499989 0.422153
-23.2 -0.0499989 0.422153 -24 -0.0499988 0.422153 -24.8 -0.0499988 0.422153 -25.6
-0.0499988 0.422153 -26.4 -0.0499987 0.422153 -27.2 -0.0499987 0.422153 -28 -0.0499987
0.422153 -28.8 -0.0499986 0.422153 -29.6 -0.0499986 0.422153 -30.4 -0.0499986 0.422153
-31.2 -0.0499986 0.422153 -32 -0.0499985 0.422153 -32.8 -0.0499985 0.422153 -33.6
-0.0499985 0.422153 -34.4 -0.0499984 0.422153 -35.2 -0.0499984 0.422153 -36 -0.0499984
0.422153 -36.8 -0.0499984 0.422153 -37.6 -0.0499983 0.422153 -38.4 -0.0499983 0.422153
-39.2 -0.0499983 0.422153 -40 -0.0499983 0.422153 -40.8 -0.0499982 0.422153 -41.6
-0.0499982 0.422153 -42.4 -0.0499982 0.422153 -43.2 -0.0499982 0.422153 -44 -0.0499982
0.422153 -44.8 -0.0499981 0.422153 -45.6 -0.0499981 0.422153 -46.4 -0.0499981 0.422153
-47.2 -0.0499981 0.422153 -48 -0.049998 0.422153 -48.8 -0.049998 0.422153 -49.6
-0.049998 0.422153 -50.4 -0.049998 0.422153 -51.2 -0.049998 0.422153 -52 -0.0499979
0.422153 -52.8 -0.0499979 0.422153 -53.6 -0.0499979 0.422153 -54.4 -0.0499979 0.422153
-55.2 -0.0499979 0.422153 -56 -0.0499979 0.422153 -56.8 -0.0499979 0.422153 -57.6
-0.0499978 0.422153 -58.4 -0.0499978 0.422153 -59.2 -0.0499978 0.422153 -60 -0.0499978
0.422153 -60.8 -0.0499978 0.422153 -61.6 -0.0499978 0.422153 -62.4 -0.0499978 0.422153
-63.2 -0.0499977 0.422153 -64 -0.0499977 0.422153 -64.8 -0.0499977 0.422153 -65.6
-0.0499977 0.422153 -66.4 -0.0499977 0.422153 -67.2 -0.0499977 0.422153 -68 -0.0499977
0.422153 -68.8 -0.0499977 0.422153 -69.6 -0.0499977 0.422153 -70.4 -0.0499977 0.422153
-71.2 -0.0499977 0.422153 -72 -0.0499976 0.422153 -72.8 -0.0499976 0.422153 -73.6
-0.0499976 0.422153 -74.4 -0.0499976 0.422153 -75.2 -0.0499976 0.422153 -76 -0.0499976
0.422153 -76.8 -0.0499976 0.422153 -77.6 -0.0499976 0.422153 -78.4 -0.0499976 0.422153
-79.2 -0.0499976 0.422153 -80 -0.0499976 0.422153 -80.8 -0.0499976 0.422153 -81.6
-0.0499976 0.422153 -82.4 -0.0499976 0.422153 -83.2 -0.0499976 0.422153 -84 -0.0499976
0.422153 -84.8 -0.0499976 0.422153 -85.6 -0.0499976 0.422153 -86.4 -0.0499976 0.422153
-87.2 -0.0499976 0.422153 -88 -0.0499976 0.422153 -88.8 -0.0499976 0.422153 -89.6
-0.0499977 0.422153 -90.4 -0.0499977 0.422153 -91.2 -0.0499977 0.422153 -92 -0.0499977
0.422153 -92.8 -0.0499977 0.422153 -93.6 -0.0499977 0.422153 -94.4 -0.0499977 0.422153
-95.2 -0.0499977 0.422153 -96 -0.0499977 0.422153 -96.8 -0.0499977 0.422153 -97.6
-0.0499977 0.422153 -98.4 -0.0499977 0.422153 -99.2 -0.0499977 0.422153 -100 -0.0499977
0.422153 -1.001 -0.05 0.474784 -1.6008 -0.05 0.474784 -2.2006 -0.0499999 0.474784
-2.8004 -0.0499999 0.474784 -3.4002 -0.0499998 0.474784 -4 -0.0499998 0.474784 -4.8
-0.0499998 0.474784 -5.6 -0.0499997 0.474784 -6.4 -0.0499997 0.474784 -7.2 -0.0499996
0.474784 -8 -0.0499996 0.474784 -8.8 -0.0499995 0.474784 -9.6 -0.0499995 0.474784
-10.4 -0.0499994 0.474784 -11.2 -0.0499994 0.474784 -12 -0.0499993 0.474784 -12.8
-0.0499993 0.474784 -13.6 -0.0499992 0.474784 -14.4 -0.0499992 0.474784 -15.2 -0.0499992
0.474784 -16 -0.0499991 0.474784 -16.8 -0.0499991 0.474784 -17.6 -0.049999 0.474784
-18.4 -0.049999 0.474784 -19.2 -0.0499989 0.474784 -20 -0.0499989 0.474784 -20.8
-0.0499989 0.474784 -21.6 -0.0499988 0.474784 -22.4 -0.0499988 0.474784 -23.2 -0.0499987
0.474784 -24 -0.0499987 0.474784 -24.8 -0.0499987 0.474784 -25.6 -0.0499986 0.474784
-26.4 -0.0499986 0.474784 -27.2 -0.0499986 0.474784 -28 -0.0499985 0.474784 -28.8
-0.0499985 0.474784 -29.6 -0.0499985 0.474784 -30.4 -0.0499984 0.474784 -31.2 -0.0499984
0.474784 -32 -0.0499984 0.474784 -32.8 -0.0499983 0.474784 -33.6 -0.0499983 0.474784
-34.4 -0.0499983 0.474784 -35.2 -0.0499982 0.474784 -36 -0.0499982 0.474784 -36.8
-0.0499982 0.474784 -37.6 -0.0499982 0.474784 -38.4 -0.0499981 0.474784 -39.2 -0.0499981
0.474784 -40 -0.0499981 0.474784 -40.8 -0.049998 0.474784 -41.6 -0.049998 0.474784
-42.4 -0.049998 0.474784 -43.2 -0.049998 0.474784 -44 -0.0499979 0.474784 -44.8
-0.0499979 0.474784 -45.6 -0.0499979 0.474784 -46.4 -0.0499979 0.474784 -47.2 -0.0499978
0.474784 -48 -0.0499978 0.474784 -48.8 -0.0499978 0.474784 -49.6 -0.0499978 0.474784
-50.4 -0.0499978 0.474784 -51.2 -0.0499977 0.474784 -52 -0.0499977 0.474784 -52.8
-0.0499977 0.474784 -53.6 -0.0499977 0.474784 -54.4 -0.0499977 0.474784 -55.2 -0.0499976
0.474784 -56 -0.0499976 0.474784 -56.8 -0.0499976 0.474784 -57.6 -0.0499976 0.474784
-58.4 -0.0499976 0.474784 -59.2 -0.0499976 0.474784 -60 -0.0499975 0.474784 -60.8
-0.0499975 0.474784 -61.6 -0.0499975 0.474784 -62.4 -0.0499975 0.474784 -63.2 -0.0499975
0.474784 -64 -0.0499975 0.474784 -64.8 -0.0499975 0.474784 -65.6 -0.0499974 0.474784
-66.4 -0.0499974 0.474784 -67.2 -0.0499974 0.474784 -68 -0.0499974 0.474784 -68.8
-0.0499974 0.474784 -69.6 -0.0499974 0.474784 -70.4 -0.0499974 0.474784 -71.2 -0.0499974
0.474784 -72 -0.0499974 0.474784 -72.8 -0.0499974 0.474784 -73.6 -0.0499974 0.474784
-74.4 -0.0499974 0.474785 -75.2 -0.0499974 0.474785 -76 -0.0499973 0.474785 -76.8
-0.0499973 0.474785 -77.6 -0.0499973 0.474785 -78.4 -0.0499973 0.474785 -79.2 -0.0499973
0.474785 -80 -0.0499973 0.474785 -80.8 -0.0499973 0.474785 -81.6 -0.0499973 0.474785
-82.4 -0.0499973 0.474785 -83.2 -0.0499973 0.474785 -84 -0.0499973 0.474785 -84.8
-0.0499974 0.474785 -85.6 -0.0499974 0.474785 -86.4 -0.0499974 0.474785 -87.2 -0.0499974
0.474785 -88 -0.0499974 0.474785 -88.8 -0.0499974 0.474785 -89.6 -0.0499974 0.474785
-90.4 -0.0499974 0.474785 -91.2 -0.0499974 0.474785 -92 -0.0499974 0.474785 -92.8
-0.0499974 0.474785 -93.6 -0.0499974 0.474785 -94.4 -0.0499974 0.474785 -95.2 -0.0499974
0.474785 -96 -0.0499974 0.474785 -96.8 -0.0499974 0.474785 -97.6 -0.0499974 0.474785
-98.4 -0.0499974 0.474785 -99.2 -0.0499974 0.474785 -100 -0.0499975 0.474785 -1.001
-0.05 0.527416 -1.6008 -0.05 0.527416 -2.2006 -0.0499999 0.527416 -2.8004 -0.0499999
0.527416 -3.4002 -0.0499998 0.527416 -4 -0.0499998 0.527416 -4.8 -0.0499997 0.527416
-5.6 -0.0499997 0.527416 -6.4 -0.0499996 0.527416 -7.2 -0.0499996 0.527416 -8
-0.0499995 0.527416 -8.8 -0.0499995 0.527416 -9.6 -0.0499994 0.527416 -10.4 -0.0499994
0.527416 -11.2 -0.0499993 0.527416 -12 -0.0499993 0.527416 -12.8 -0.0499992 0.527416
-13.6 -0.0499992 0.527416 -14.4 -0.0499991 0.527416 -15.2 -0.0499991 0.527416 -16
-0.049999 0.527416 -16.8 -0.049999 0.527416 -17.6 -0.0499989 0.527416 -18.4 -0.0499989
0.527416 -19.2 -0.0499988 0.527416 -20 -0.0499988 0.527416 -20.8 -0.0499987 0.527416
-21.6 -0.0499987 0.527416 -22.4 -0.0499987 0.527416 -23.2 -0.0499986 0.527416 -24
-0.0499986 0.527416 -24.8 -0.0499985 0.527416 -25.6 -0.0499985 0.527416 -26.4 -0.0499985
0.527416 -27.2 -0.0499984 0.527416 -28 -0.0499984 0.527416 -28.8 -0.0499983 0.527416
-29.6 -0.0499983 0.527416 -30.4 -0.0499983 0.527416 -31.2 -0.0499982 0.527416 -32
-0.0499982 0.527416 -32.8 -0.0499982 0.527416 -33.6 -0.0499981 0.527416 -34.4 -0.0499981
0.527416 -35.2 -0.0499981 0.527416 -36 -0.049998 0.527416 -36.8 -0.049998 0.527416
-37.6 -0.049998 0.527416 -38.4 -0.0499979 0.527416 -39.2 -0.0499979 0.527416 -40
-0.0499979 0.527416 -40.8 -0.0499978 0.527416 -41.6 -0.0499978 0.527416 -42.4 -0.0499978
0.527416 -43.2 -0.0499978 0.527416 -44 -0.0499977 0.527416 -44.8 -0.0499977 0.527416
-45.6 -0.0499977 0.527416 -46.4 -0.0499977 0.527416 -47.2 -0.0499976 0.527416 -48
-0.0499976 0.527416 -48.8 -0.0499976 0.527416 -49.6 -0.0499976 0.527416 -50.4 -0.0499975
0.527416 -51.2 -0.0499975 0.527416 -52 -0.0499975 0.527416 -52.8 -0.0499975 0.527416
-53.6 -0.0499974 0.527416 -54.4 -0.0499974 0.527416 -55.2 -0.0499974 0.527416 -56
-0.0499974 0.527416 -56.8 -0.0499974 0.527416 -57.6 -0.0499973 0.527416 -58.4 -0.0499973
0.527416 -59.2 -0.0499973 0.527416 -60 -0.0499973 0.527416 -60.8 -0.0499973 0.527416
-61.6 -0.0499973 0.527416 -62.4 -0.0499972 0.527416 -63.2 -0.0499972 0.527416 -64
-0.0499972 0.527416 -64.8 -0.0499972 0.527416 -65.6 -0.0499972 0.527416 -66.4 -0.0499972
0.527416 -67.2 -0.0499972 0.527416 -68 -0.0499971 0.527416 -68.8 -0.0499971 0.527416
-69.6 -0.0499971 0.527416 -70.4 -0.0499971 0.527416 -71.2 -0.0499971 0.527416 -72
-0.0499971 0.527416 -72.8 -0.0499971 0.527416 -73.6 -0.0499971 0.527416 -74.4 -0.0499971
0.527416 -75.2 -0.0499971 0.527416 -76 -0.0499971 0.527416 -76.8 -0.0499971 0.527416
-77.6 -0.0499971 0.527416 -78.4 -0.0499971 0.527416 -79.2 -0.0499971 0.527416 -80
-0.0499971 0.527416 -80.8 -0.0499971 0.527416 -81.6 -0.0499971 0.527416 -82.4 -0.0499971
0.527416 -83.2 -0.0499971 0.527416 -84 -0.0499971 0.527416 -84.8 -0.0499971 0.527416
-85.6 -0.0499971 0.527416 -86.4 -0.0499971 0.527416 -87.2 -0.0499971 0.527416 -88
-0.0499971 0.527416 -88.8 -0.0499971 0.527416 -89.6 -0.0499971 0.527416 -90.4 -0.0499971
0.527416 -91.2 -0.0499971 0.527416 -92 -0.0499971 0.527416 -92.8 -0.0499971 0.527416
-93.6 -0.0499971 0.527416 -94.4 -0.0499971 0.527416 -95.2 -0.0499972 0.527416 -96
-0.0499972 0.527416 -96.8 -0.0499972 0.527416 -97.6 -0.0499972 0.527416 -98.4 -0.0499972
0.527416 -99.2 -0.0499972 0.527416 -100 -0.0499972 0.527416 -1.001 -0.05 0.580047
-1.6008 -0.05 0.580047 -2.2006 -0.0499999 0.580047 -2.8004 -0.0499999 0.580047 -3.4002
-0.0499998 0.580047 -4 -0.0499998 0.580047 -4.8 -0.0499997 0.580047 -5.6 -0.0499997
0.580047 -6.4 -0.0499996 0.580047 -7.2 -0.0499995 0.580047 -8 -0.0499995 0.580047
-8.8 -0.0499994 0.580047 -9.6 -0.0499994 0.580047 -10.4 -0.0499993 0.580047 -11.2
-0.0499992 0.580047 -12 -0.0499992 0.580047 -12.8 -0.0499991 0.580047 -13.6 -0.0499991
0.580047 -14.4 -0.049999 0.580047 -15.2 -0.049999 0.580047 -16 -0.0499989 0.580047
-16.8 -0.0499989 0.580047 -17.6 -0.0499988 0.580047 -18.4 -0.0499988 0.580047 -19.2
-0.0499987 0.580047 -20 -0.0499987 0.580047 -20.8 -0.0499986 0.580047 -21.6 -0.0499986
0.580047 -22.4 -0.0499985 0.580047 -23.2 -0.0499985 0.580047 -24 -0.0499984 0.580047
-24.8 -0.0499984 0.580047 -25.6 -0.0499984 0.580047 -26.4 -0.0499983 0.580047 -27.2
-0.0499983 0.580048 -28 -0.0499982 0.580048 -28.8 -0.0499982 0.580048 -29.6 -0.0499981
0.580048 -30.4 -0.0499981 0.580048 -31.2 -0.0499981 0.580048 -32 -0.049998 0.580048
-32.8 -0.049998 0.580048 -33.6 -0.049998 0.580048 -34.4 -0.0499979 0.580048 -35.2
-0.0499979 0.580048 -36 -0.0499978 0.580048 -36.8 -0.0499978 0.580048 -37.6 -0.0499978
0.580048 -38.4 -0.0499977 0.580048 -39.2 -0.0499977 0.580048 -40 -0.0499977 0.580048
-40.8 -0.0499976 0.580048 -41.6 -0.0499976 0.580048 -42.4 -0.0499976 0.580048 -43.2
-0.0499975 0.580048 -44 -0.0499975 0.580048 -44.8 -0.0499975 0.580048 -45.6 -0.0499975
0.580048 -46.4 -0.0499974 0.580048 -47.2 -0.0499974 0.580048 -48 -0.0499974 0.580048
-48.8 -0.0499973 0.580048 -49.6 -0.0499973 0.580048 -50.4 -0.0499973 0.580048 -51.2
-0.0499973 0.580048 -52 -0.0499972 0.580048 -52.8 -0.0499972 0.580048 -53.6 -0.0499972
0.580048 -54.4 -0.0499972 0.580048 -55.2 -0.0499972 0.580048 -56 -0.0499971 0.580048
-56.8 -0.0499971 0.580048 -57.6 -0.0499971 0.580048 -58.4 -0.0499971 0.580048 -59.2
-0.0499971 0.580048 -60 -0.049997 0.580048 -60.8 -0.049997 0.580048 -61.6 -0.049997
0.580048 -62.4 -0.049997 0.580048 -63.2 -0.049997 0.580048 -64 -0.0499969 0.580048
-64.8 -0.0499969 0.580048 -65.6 -0.0499969 0.580048 -66.4 -0.0499969 0.580048 -67.2
-0.0499969 0.580048 -68 -0.0499969 0.580048 -68.8 -0.0499969 0.580048 -69.6 -0.0499969
0.580048 -70.4 -0.0499968 0.580048 -71.2 -0.0499968 0.580048 -72 -0.0499968 0.580048
-72.8 -0.0499968 0.580048 -73.6 -0.0499968 0.580048 -74.4 -0.0499968 0.580048 -75.2
-0.0499968 0.580048 -76 -0.0499968 0.580048 -76.8 -0.0499968 0.580048 -77.6 -0.0499968
0.580048 -78.4 -0.0499968 0.580048 -79.2 -0.0499968 0.580048 -80 -0.0499968 0.580048
-80.8 -0.0499968 0.580048 -81.6 -0.0499968 0.580048 -82.4 -0.0499968 0.580048 -83.2
-0.0499968 0.580048 -84 -0.0499968 0.580048 -84.8 -0.0499968 0.580048 -85.6 -0.0499968
0.580048 -86.4 -0.0499968 0.580048 -87.2 -0.0499968 0.580048 -88 -0.0499968 0.580048
-88.8 -0.0499968 0.580048 -89.6 -0.0499968 0.580048 -90.4 -0.0499968 0.580048 -91.2
-0.0499968 0.580048 -92 -0.0499969 0.580048 -92.8 -0.0499969 0.580048 -93.6 -0.0499969
0.580048 -94.4 -0.0499969 0.580048 -95.2 -0.0499969 0.580048 -96 -0.0499969 0.580048
-96.8 -0.0499969 0.580048 -97.6 -0.0499969 0.580048 -98.4 -0.0499969 0.580048 -99.2
-0.0499969 0.580048 -100 -0.0499969 0.580048 -1.001 -0.05 0.632679 -1.6008 -0.0499999
0.632679 -2.2006 -0.0499999 0.632679 -2.8004 -0.0499998 0.632679 -3.4002 -0.0499998 0.632679
-4 -0.0499997 0.632679 -4.8 -0.0499997 0.632679 -5.6 -0.0499996 0.632679 -6.4
-0.0499996 0.632679 -7.2 -0.0499995 0.632679 -8 -0.0499994 0.632679 -8.8 -0.0499994
0.632679 -9.6 -0.0499993 0.632679 -10.4 -0.0499992 0.632679 -11.2 -0.0499992 0.632679
-12 -0.0499991 0.632679 -12.8 -0.0499991 0.632679 -13.6 -0.049999 0.632679 -14.4
-0.049999 0.632679 -15.2 -0.0499989 0.632679 -16 -0.0499988 0.632679 -16.8 -0.0499988
0.632679 -17.6 -0.0499987 0.632679 -18.4 -0.0499987 0.632679 -19.2 -0.0499986 0.632679
-20 -0.0499986 0.632679 -20.8 -0.0499985 0.632679 -21.6 -0.0499985 0.632679 -22.4
-0.0499984 0.632679 -23.2 -0.0499984 0.632679 -24 -0.0499983 0.632679 -24.8 -0.0499983
0.632679 -25.6 -0.0499982 0.632679 -26.4 -0.0499982 0.632679 -27.2 -0.0499981 0.632679
-28 -0.0499981 0.632679 -28.8 -0.049998 0.632679 -29.6 -0.049998 0.632679 -30.4
-0.0499979 0.632679 -31.2 -0.0499979 0.632679 -32 -0.0499979 0.632679 -32.8 -0.0499978
0.632679 -33.6 -0.0499978 0.632679 -34.4 -0.0499977 0.632679 -35.2 -0.0499977 0.632679
-36 -0.0499977 0.632679 -36.8 -0.0499976 0.632679 -37.6 -0.0499976 0.632679 -38.4
-0.0499975 0.632679 -39.2 -0.0499975 0.632679 -40 -0.0499975 0.632679 -40.8 -0.0499974
0.632679 -41.6 -0.0499974 0.632679 -42.4 -0.0499974 0.632679 -43.2 -0.0499973 0.632679
-44 -0.0499973 0.632679 -44.8 -0.0499973 0.632679 -45.6 -0.0499972 0.632679 -46.4
-0.0499972 0.632679 -47.2 -0.0499972 0.632679 -48 -0.0499972 0.632679 -48.8 -0.0499971
0.632679 -49.6 -0.0499971 0.632679 -50.4 -0.0499971 0.632679 -51.2 -0.049997 0.632679
-52 -0.049997 0.632679 -52.8 -0.049997 0.632679 -53.6 -0.049997 0.632679 -54.4
-0.0499969 0.632679 -55.2 -0.0499969 0.632679 -56 -0.0499969 0.632679 -56.8 -0.0499969
0.632679 -57.6 -0.0499968 0.632679 -58.4 -0.0499968 0.632679 -59.2 -0.0499968 0.632679
-60 -0.0499968 0.632679 -60.8 -0.0499968 0.632679 -61.6 -0.0499967 0.632679 -62.4
-0.0499967 0.632679 -63.2 -0.0499967 0.632679 -64 -0.0499967 0.632679 -64.8 -0.0499967
0.632679 -65.6 -0.0499967 0.632679 -66.4 -0.0499966 0.632679 -67.2 -0.0499966 0.632679
-68 -0.0499966 0.632679 -68.8 -0.0499966 0.632679 -69.6 -0.0499966 0.632679 -70.4
-0.0499966 0.632679 -71.2 -0.0499966 0.632679 -72 -0.0499966 0.632679 -72.8 -0.0499966
0.632679 -73.6 -0.0499965 0.632679 -74.4 -0.0499965 0.632679 -75.2 -0.0499965 0.632679
-76 -0.0499965 0.632679 -76.8 -0.0499965 0.632679 -77.6 -0.0499965 0.632679 -78.4
-0.0499965 0.632679 -79.2 -0.0499965 0.632679 -80 -0.0499965 0.632679 -80.8 -0.0499965
0.632679 -81.6 -0.0499965 0.632679 -82.4 -0.0499965 0.632679 -83.2 -0.0499965 0.632679
-84 -0.0499965 0.632679 -84.8 -0.0499965 0.63268 -85.6 -0.0499965 0.63268 -86.4
-0.0499965 0.63268 -87.2 -0.0499965 0.63268 -88 -0.0499966 0.63268 -88.8 -0.0499966
0.63268 -89.6 -0.0499966 0.63268 -90.4 -0.0499966 0.63268 -91.2 -0.0499966 0.63268
-92 -0.0499966 0.63268 -92.8 -0.0499966 0.63268 -93.6 -0.0499966 0.63268 -94.4
-0.0499966 0.63268 -95.2 -0.0499966 0.63268 -96 -0.0499966 0.63268 -96.8 -0.0499966
0.63268 -97.6 -0.0499966 0.63268 -98.4 -0.0499966 0.63268 -99.2 -0.0499967 0.63268
-100 -0.0499967 0.63268 -1.001 -0.05 0.685311 -1.6008 -0.0499999 0.685311 -2.2006
-0.0499999 0.685311 -2.8004 -0.0499998 0.685311 -3.4002 -0.0499998 0.685311 -4 -0.0499997
0.685311 -4.8 -0.0499997 0.685311 -5.6 -0.0499996 0.685311 -6.4 -0.0499995 0.685311
-7.2 -0.0499995 0.685311 -8 -0.0499994 0.685311 -8.8 -0.0499993 0.685311 -9.6
-0.0499993 0.685311 -10.4 -0.0499992 0.685311 -11.2 -0.0499991 0.685311 -12 -0.0499991
0.685311 -12.8 -0.049999 0.685311 -13.6 -0.0499989 0.685311 -14.4 -0.0499989 0.685311
-15.2 -0.0499988 0.685311 -16 -0.0499987 0.685311 -16.8 -0.0499987 0.685311 -17.6
-0.0499986 0.685311 -18.4 -0.0499986 0.685311 -19.2 -0.0499985 0.685311 -20 -0.0499985
0.685311 -20.8 -0.0499984 0.685311 -21.6 -0.0499983 0.685311 -22.4 -0.0499983 0.685311
-23.2 -0.0499982 0.685311 -24 -0.0499982 0.685311 -24.8 -0.0499981 0.685311 -25.6
-0.0499981 0.685311 -26.4 -0.049998 0.685311 -27.2 -0.049998 0.685311 -28 -0.0499979
0.685311 -28.8 -0.0499979 0.685311 -29.6 -0.0499978 0.685311 -30.4 -0.0499978 0.685311
-31.2 -0.0499977 0.685311 -32 -0.0499977 0.685311 -32.8 -0.0499976 0.685311 -33.6
-0.0499976 0.685311 -34.4 -0.0499976 0.685311 -35.2 -0.0499975 0.685311 -36 -0.0499975
0.685311 -36.8 -0.0499974 0.685311 -37.6 -0.0499974 0.685311 -38.4 -0.0499974 0.685311
-39.2 -0.0499973 0.685311 -40 -0.0499973 0.685311 -40.8 -0.0499972 0.685311 -41.6
-0.0499972 0.685311 -42.4 -0.0499972 0.685311 -43.2 -0.0499971 0.685311 -44 -0.0499971
0.685311 -44.8 -0.0499971 0.685311 -45.6 -0.049997 0.685311 -46.4 -0.049997 0.685311
-47.2 -0.049997 0.685311 -48 -0.0499969 0.685311 -48.8 -0.0499969 0.685311 -49.6
-0.0499969 0.685311 -50.4 -0.0499968 0.685311 -51.2 -0.0499968 0.685311 -52 -0.0499968
0.685311 -52.8 -0.0499968 0.685311 -53.6 -0.0499967 0.685311 -54.4 -0.0499967 0.685311
-55.2 -0.0499967 0.685311 -56 -0.0499966 0.685311 -56.8 -0.0499966 0.685311 -57.6
-0.0499966 0.685311 -58.4 -0.0499966 0.685311 -59.2 -0.0499965 0.685311 -60 -0.0499965
0.685311 -60.8 -0.0499965 0.685311 -61.6 -0.0499965 0.685311 -62.4 -0.0499965 0.685311
-63.2 -0.0499964 0.685311 -64 -0.0499964 0.685311 -64.8 -0.0499964 0.685311 -65.6
-0.0499964 0.685311 -66.4 -0.0499964 0.685311 -67.2 -0.0499964 0.685311 -68 -0.0499963
0.685311 -68.8 -0.0499963 0.685311 -69.6 -0.0499963 0.685311 -70.4 -0.0499963 0.685311
-71.2 -0.0499963 0.685311 -72 -0.0499963 0.685311 -72.8 -0.0499963 0.685311 -73.6
-0.0499963 0.685311 -74.4 -0.0499963 0.685311 -75.2 -0.0499963 0.685311 -76 -0.0499963
0.685311 -76.8 -0.0499962 0.685311 -77.6 -0.0499962 0.685311 -78.4 -0.0499962 0.685311
-79.2 -0.0499962 0.685311 -80 -0.0499962 0.685311 -80.8 -0.0499962 0.685311 -81.6
-0.0499962 0.685311 -82.4 -0.0499962 0.685311 -83.2 -0.0499962 0.685311 -84 -0.0499962
0.685311 -84.8 -0.0499963 0.685311 -85.6 -0.0499963 0.685311 -86.4 -0.0499963 0.685311
-87.2 -0.0499963 0.685311 -88 -0.0499963 0.685311 -88.8 -0.0499963 0.685311 -89.6
-0.0499963 0.685311 -90.4 -0.0499963 0.685311 -91.2 -0.0499963 0.685311 -92 -0.0499963
0.685311 -92.8 -0.0499963 0.685311 -93.6 -0.0499963 0.685311 -94.4 -0.0499963 0.685311
-95.2 -0.0499963 0.685311 -96 -0.0499964 0.685311 -96.8 -0.0499964 0.685311 -97.6
-0.0499964 0.685311 -98.4 -0.0499964 0.685311 -99.2 -0.0499964 0.685311 -100 -0.0499964
0.685311 -1.001 -0.05 0.737942 -1.6008 -0.0499999 0.737942 -2.2006 -0.0499999 0.737942
-2.8004 -0.0499998 0.737942 -3.4002 -0.0499998 0.737942 -4 -0.0499997 0.737942 -4.8
-0.0499996 0.737942 -5.6 -0.0499996 0.737942 -6.4 -0.0499995 0.737942 -7.2 -0.0499994
0.737942 -8 -0.0499993 0.737942 -8.8 -0.0499993 0.737942 -9.6 -0.0499992 0.737942
-10.4 -0.0499991 0.737942 -11.2 -0.0499991 0.737942 -12 -0.049999 0.737942 -12.8
-0.0499989 0.737942 -13.6 -0.0499989 0.737942 -14.4 -0.0499988 0.737942 -15.2 -0.0499987
0.737942 -16 -0.0499987 0.737942 -16.8 -0.0499986 0.737942 -17.6 -0.0499985 0.737942
-18.4 -0.0499985 0.737942 -19.2 -0.0499984 0.737942 -20 -0.0499983 0.737942 -20.8
-0.0499983 0.737942 -21.6 -0.0499982 0.737942 -22.4 -0.0499982 0.737942 -23.2 -0.0499981
0.737942 -24 -0.049998 0.737942 -24.8 -0.049998 0.737942 -25.6 -0.0499979 0.737942
-26.4 -0.0499979 0.737942 -27.2 -0.0499978 0.737942 -28 -0.0499978 0.737942 -28.8
-0.0499977 0.737942 -29.6 -0.0499977 0.737942 -30.4 -0.0499976 0.737942 -31.2 -0.0499976
0.737942 -32 -0.0499975 0.737942 -32.8 -0.0499975 0.737942 -33.6 -0.0499974 0.737942
-34.4 -0.0499974 0.737942 -35.2 -0.0499973 0.737942 -36 -0.0499973 0.737942 -36.8
-0.0499972 0.737942 -37.6 -0.0499972 0.737942 -38.4 -0.0499972 0.737942 -39.2 -0.0499971
0.737942 -40 -0.0499971 0.737942 -40.8 -0.049997 0.737942 -41.6 -0.049997 0.737942
-42.4 -0.049997 0.737942 -43.2 -0.0499969 0.737942 -44 -0.0499969 0.737942 -44.8
-0.0499968 0.737942 -45.6 -0.0499968 0.737942 -46.4 -0.0499968 0.737942 -47.2 -0.0499967
0.737942 -48 -0.0499967 0.737942 -48.8 -0.0499967 0.737942 -49.6 -0.0499966 0.737942
-50.4 -0.0499966 0.737942 -51.2 -0.0499966 0.737942 -52 -0.0499965 0.737942 -52.8
-0.0499965 0.737942 -53.6 -0.0499965 0.737942 -54.4 -0.0499965 0.737942 -55.2 -0.0499964
0.737942 -56 -0.0499964 0.737942 -56.8 -0.0499964 0.737942 -57.6 -0.0499963 0.737942
-58.4 -0.0499963 0.737942 -59.2 -0.0499963 0.737942 -60 -0.0499963 0.737942 -60.8
-0.0499962 0.737942 -61.6 -0.0499962 0.737942 -62.4 -0.0499962 0.737942 -63.2 -0.0499962
0.737943 -64 -0.0499962 0.737943 -64.8 -0.0499961 0.737943 -65.6 -0.0499961 0.737943
-66.4 -0.0499961 0.737943 -67.2 -0.0499961 0.737943 -68 -0.0499961 0.737943 -68.8
-0.0499961 0.737943 -69.6 -0.0499961 0.737943 -70.4 -0.049996 0.737943 -71.2 -0.049996
0.737943 -72 -0.049996 0.737943 -72.8 -0.049996 0.737943 -73.6 -0.049996 0.737943
-74.4 -0.049996 0.737943 -75.2 -0.049996 0.737943 -76 -0.049996 0.737943 -76.8
-0.049996 0.737943 -77.6 -0.049996 0.737943 -78.4 -0.049996 0.737943 -79.2 -0.049996
0.737943 -80 -0.049996 0.737943 -80.8 -0.049996 0.737943 -81.6 -0.049996 0.737943
-82.4 -0.049996 0.737943 -83.2 -0.049996 0.737943 -84 -0.049996 0.737943 -84.8
-0.049996 0.737943 -85.6 -0.049996 0.737943 -86.4 -0.049996 0.737943 -87.2 -0.049996
0.737943 -88 -0.049996 0.737943 -88.8 -0.049996 0.737943 -89.6 -0.049996 0.737943
-90.4 -0.049996 0.737943 -91.2 -0.049996 0.737943 -92 -0.049996 0.737943 -92.8
-0.0499961 0.737943 -93.6 -0.0499961 0.737943 -94.4 -0.0499961 0.737943 -95.2 -0.0499961
0.737943 -96 -0.0499961 0.737943 -96.8 -0.0499961 0.737943 -97.6 -0.0499961 0.737943
-98.4 -0.0499961 0.737943 -99.2 -0.0499961 0.737943 -100 -0.0499961 0.737943 -1.001
-0.05 0.790574 -1.6008 -0.0499999 0.790574 -2.2006 -0.0499999 0.790574 -2.8004 -0.0499998
0.790574 -3.4002 -0.0499997 0.790574 -4 -0.0499997 0.790574 -4.8 -0.0499996 0.790574
-5.6 -0.0499995 0.790574 -6.4 -0.0499995 0.790574 -7.2 -0.0499994 0.790574 -8
-0.0499993 0.790574 -8.8 -0.0499992 0.790574 -9.6 -0.0499991 0.790574 -10.4 -0.0499991
0.790574 -11.2 -0.049999 0.790574 -12 -0.0499989 0.790574 -12.8 -0.0499988 0.790574
-13.6 -0.0499988 0.790574 -14.4 -0.0499987 0.790574 -15.2 -0.0499986 0.790574 -16
-0.0499986 0.790574 -16.8 -0.0499985 0.790574 -17.6 -0.0499984 0.790574 -18.4 -0.0499984
0.790574 -19.2 -0.0499983 0.790574 -20 -0.0499982 0.790574 -20.8 -0.0499982 0.790574
-21.6 -0.0499981 0.790574 -22.4 -0.049998 0.790574 -23.2 -0.049998 0.790574 -24
-0.0499979 0.790574 -24.8 -0.0499979 0.790574 -25.6 -0.0499978 0.790574 -26.4 -0.0499977
0.790574 -27.2 -0.0499977 0.790574 -28 -0.0499976 0.790574 -28.8 -0.0499976 0.790574
-29.6 -0.0499975 0.790574 -30.4 -0.0499975 0.790574 -31.2 -0.0499974 0.790574 -32
-0.0499973 0.790574 -32.8 -0.0499973 0.790574 -33.6 -0.0499973 0.790574 -34.4 -0.0499972
0.790574 -35.2 -0.0499972 0.790574 -36 -0.0499971 0.790574 -36.8 -0.0499971 0.790574
-37.6 -0.049997 0.790574 -38.4 -0.049997 0.790574 -39.2 -0.0499969 0.790574 -40
-0.0499969 0.790574 -40.8 -0.0499968 0.790574 -41.6 -0.0499968 0.790574 -42.4 -0.0499968
0.790574 -43.2 -0.0499967 0.790574 -44 -0.0499967 0.790574 -44.8 -0.0499966 0.790574
-45.6 -0.0499966 0.790574 -46.4 -0.0499966 0.790574 -47.2 -0.0499965 0.790574 -48
-0.0499965 0.790574 -48.8 -0.0499964 0.790574 -49.6 -0.0499964 0.790574 -50.4 -0.0499964
0.790574 -51.2 -0.0499963 0.790574 -52 -0.0499963 0.790574 -52.8 -0.0499963 0.790574
-53.6 -0.0499962 0.790574 -54.4 -0.0499962 0.790574 -55.2 -0.0499962 0.790574 -56
-0.0499962 0.790574 -56.8 -0.0499961 0.790574 -57.6 -0.0499961 0.790574 -58.4 -0.0499961
0.790574 -59.2 -0.049996 0.790574 -60 -0.049996 0.790574 -60.8 -0.049996 0.790574
-61.6 -0.049996 0.790574 -62.4 -0.049996 0.790574 -63.2 -0.0499959 0.790574 -64
-0.0499959 0.790574 -64.8 -0.0499959 0.790574 -65.6 -0.0499959 0.790574 -66.4 -0.0499959
0.790574 -67.2 -0.0499958 0.790574 -68 -0.0499958 0.790574 -68.8 -0.0499958 0.790574
-69.6 -0.0499958 0.790574 -70.4 -0.0499958 0.790574 -71.2 -0.0499958 0.790574 -72
-0.0499957 0.790574 -72.8 -0.0499957 0.790574 -73.6 -0.0499957 0.790574 -74.4 -0.0499957
0.790574 -75.2 -0.0499957 0.790574 -76 -0.0499957 0.790574 -76.8 -0.0499957 0.790574
-77.6 -0.0499957 0.790574 -78.4 -0.0499957 0.790574 -79.2 -0.0499957 0.790574 -80
-0.0499957 0.790574 -80.8 -0.0499957 0.790574 -81.6 -0.0499957 0.790574 -82.4 -0.0499957
0.790574 -83.2 -0.0499957 0.790574 -84 -0.0499957 0.790574 -84.8 -0.0499957 0.790574
-85.6 -0.0499957 0.790574 -86.4 -0.0499957 0.790574 -87.2 -0.0499957 0.790574 -88
-0.0499957 0.790574 -88.8 -0.0499957 0.790574 -89.6 -0.0499958 0.790574 -90.4 -0.0499958
0.790574 -91.2 -0.0499958 0.790574 -92 -0.0499958 0.790575 -92.8 -0.0499958 0.790575
-93.6 -0.0499958 0.790575 -94.4 -0.0499958 0.790575 -95.2 -0.0499958 0.790575 -96
-0.0499958 0.790575 -96.8 -0.0499958 0.790575 -97.6 -0.0499958 0.790575 -98.4 -0.0499958
0.790575 -99.2 -0.0499959 0.790575 -100 -0.0499959 0.790575 -1.001 -0.05 0.843205
-1.6008 -0.0499999 0.843205 -2.2006 -0.0499999 0.843205 -2.8004 -0.0499998 0.843205 -3.4002
-0.0499997 0.843205 -4 -0.0499997 0.843205 -4.8 -0.0499996 0.843205 -5.6 -0.0499995
0.843205 -6.4 -0.0499994 0.843205 -7.2 -0.0499993 0.843205 -8 -0.0499992 0.843205
-8.8 -0.0499992 0.843205 -9.6 -0.0499991 0.843205 -10.4 -0.049999 0.843205 -11.2
-0.0499989 0.843205 -12 -0.0499988 0.843205 -12.8 -0.0499988 0.843205 -13.6 -0.0499987
0.843205 -14.4 -0.0499986 0.843205 -15.2 -0.0499985 0.843205 -16 -0.0499985 0.843205
-16.8 -0.0499984 0.843205 -17.6 -0.0499983 0.843205 -18.4 -0.0499983 0.843205 -19.2
-0.0499982 0.843205 -20 -0.0499981 0.843205 -20.8 -0.049998 0.843205 -21.6 -0.049998
0.843205 -22.4 -0.0499979 0.843205 -23.2 -0.0499978 0.843205 -24 -0.0499978 0.843205
-24.8 -0.0499977 0.843205 -25.6 -0.0499977 0.843205 -26.4 -0.0499976 0.843205 -27.2
-0.0499975 0.843206 -28 -0.0499975 0.843206 -28.8 -0.0499974 0.843206 -29.6 -0.0499973
0.843206 -30.4 -0.0499973 0.843206 -31.2 -0.0499972 0.843206 -32 -0.0499972 0.843206
-32.8 -0.0499971 0.843206 -33.6 -0.0499971 0.843206 -34.4 -0.049997 0.843206 -35.2
-0.049997 0.843206 -36 -0.0499969 0.843206 -36.8 -0.0499969 0.843206 -37.6 -0.0499968
0.843206 -38.4 -0.0499968 0.843206 -39.2 -0.0499967 0.843206 -40 -0.0499967 0.843206
-40.8 -0.0499966 0.843206 -41.6 -0.0499966 0.843206 -42.4 -0.0499965 0.843206 -43.2
-0.0499965 0.843206 -44 -0.0499965 0.843206 -44.8 -0.0499964 0.843206 -45.6 -0.0499964
0.843206 -46.4 -0.0499963 0.843206 -47.2 -0.0499963 0.843206 -48 -0.0499963 0.843206
-48.8 -0.0499962 0.843206 -49.6 -0.0499962 0.843206 -50.4 -0.0499961 0.843206 -51.2
-0.0499961 0.843206 -52 -0.0499961 0.843206 -52.8 -0.049996 0.843206 -53.6 -0.049996
0.843206 -54.4 -0.049996 0.843206 -55.2 -0.0499959 0.843206 -56 -0.0499959 0.843206
-56.8 -0.0499959 0.843206 -57.6 -0.0499959 0.843206 -58.4 -0.0499958 0.843206 -59.2
-0.0499958 0.843206 -60 -0.0499958 0.843206 -60.8 -0.0499957 0.843206 -61.6 -0.0499957
0.843206 -62.4 -0.0499957 0.843206 -63.2 -0.0499957 0.843206 -64 -0.0499956 0.843206
-64.8 -0.0499956 0.843206 -65.6 -0.0499956 0.843206 -66.4 -0.0499956 0.843206 -67.2
-0.0499956 0.843206 -68 -0.0499955 0.843206 -68.8 -0.0499955 0.843206 -69.6 -0.0499955
0.843206 -70.4 -0.0499955 0.843206 -71.2 -0.0499955 0.843206 -72 -0.0499955 0.843206
-72.8 -0.0499955 0.843206 -73.6 -0.0499955 0.843206 -74.4 -0.0499955 0.843206 -75.2
-0.0499954 0.843206 -76 -0.0499954 0.843206 -76.8 -0.0499954 0.843206 -77.6 -0.0499954
0.843206 -78.4 -0.0499954 0.843206 -79.2 -0.0499954 0.843206 -80 -0.0499954 0.843206
-80.8 -0.0499954 0.843206 -81.6 -0.0499954 0.843206 -82.4 -0.0499954 0.843206 -83.2
-0.0499954 0.843206 -84 -0.0499954 0.843206 -84.8 -0.0499954 0.843206 -85.6 -0.0499954
0.843206 -86.4 -0.0499954 0.843206 -87.2 -0.0499955 0.843206 -88 -0.0499955 0.843206
-88.8 -0.0499955 0.843206 -89.6 -0.0499955 0.843206 -90.4 -0.0499955 0.843206 -91.2
-0.0499955 0.843206 -92 -0.0499955 0.843206 -92.8 -0.0499955 0.843206 -93.6 -0.0499955
0.843206 -94.4 -0.0499955 0.843206 -95.2 -0.0499955 0.843206 -96 -0.0499956 0.843206
-96.8 -0.0499956 0.843206 -97.6 -0.0499956 0.843206 -98.4 -0.0499956 0.843206 -99.2
-0.0499956 0.843206 -100 -0.0499956 0.843206 -1.001 -0.05 0.895837 -1.6008 -0.0499999
0.895837 -2.2006 -0.0499999 0.895837 -2.8004 -0.0499998 0.895837 -3.4002 -0.0499997 0.895837
-4 -0.0499996 0.895837 -4.8 -0.0499996 0.895837 -5.6 -0.0499995 0.895837 -6.4
-0.0499994 0.895837 -7.2 -0.0499993 0.895837 -8 -0.0499992 0.895837 -8.8 -0.0499991
0.895837 -9.6 -0.049999 0.895837 -10.4 -0.049999 0.895837 -11.2 -0.0499989 0.895837
-12 -0.0499988 0.895837 -12.8 -0.0499987 0.895837 -13.6 -0.0499986 0.895837 -14.4
-0.0499985 0.895837 -15.2 -0.0499985 0.895837 -16 -0.0499984 0.895837 -16.8 -0.0499983
0.895837 -17.6 -0.0499982 0.895837 -18.4 -0.0499982 0.895837 -19.2 -0.0499981 0.895837
-20 -0.049998 0.895837 -20.8 -0.0499979 0.895837 -21.6 -0.0499979 0.895837 -22.4
-0.0499978 0.895837 -23.2 -0.0499977 0.895837 -24 -0.0499976 0.895837 -24.8 -0.0499976
0.895837 -25.6 -0.0499975 0.895837 -26.4 -0.0499974 0.895837 -27.2 -0.0499974 0.895837
-28 -0.0499973 0.895837 -28.8 -0.0499973 0.895837 -29.6 -0.0499972 0.895837 -30.4
-0.0499971 0.895837 -31.2 -0.0499971 0.895837 -32 -0.049997 0.895837 -32.8 -0.049997
0.895837 -33.6 -0.0499969 0.895837 -34.4 -0.0499968 0.895837 -35.2 -0.0499968 0.895837
-36 -0.0499967 0.895837 -36.8 -0.0499967 0.895837 -37.6 -0.0499966 0.895837 -38.4
-0.0499966 0.895837 -39.2 -0.0499965 0.895837 -40 -0.0499965 0.895837 -40.8 -0.0499964
0.895837 -41.6 -0.0499964 0.895837 -42.4 -0.0499963 0.895837 -43.2 -0.0499963 0.895837
-44 -0.0499962 0.895837 -44.8 -0.0499962 0.895837 -45.6 -0.0499962 0.895837 -46.4
-0.0499961 0.895837 -47.2 -0.0499961 0.895837 -48 -0.049996 0.895837 -48.8 -0.049996
0.895837 -49.6 -0.049996 0.895837 -50.4 -0.0499959 0.895837 -51.2 -0.0499959 0.895837
-52 -0.0499958 0.895837 -52.8 -0.0499958 0.895837 -53.6 -0.0499958 0.895837 -54.4
-0.0499957 0.895837 -55.2 -0.0499957 0.895837 -56 -0.0499957 0.895837 -56.8 -0.0499956
0.895837 -57.6 -0.0499956 0.895837 -58.4 -0.0499956 0.895837 -59.2 -0.0499955 0.895837
-60 -0.0499955 0.895837 -60.8 -0.0499955 0.895837 -61.6 -0.0499955 0.895837 -62.4
-0.0499954 0.895837 -63.2 -0.0499954 0.895837 -64 -0.0499954 0.895837 -64.8 -0.0499954
0.895837 -65.6 -0.0499953 0.895837 -66.4 -0.0499953 0.895837 -67.2 -0.0499953 0.895837
-68 -0.0499953 0.895837 -68.8 -0.0499953 0.895837 -69.6 -0.0499953 0.895837 -70.4
-0.0499952 0.895837 -71.2 -0.0499952 0.895837 -72 -0.0499952 0.895837 -72.8 -0.0499952
0.895837 -73.6 -0.0499952 0.895837 -74.4 -0.0499952 0.895837 -75.2 -0.0499952 0.895837
-76 -0.0499952 0.895837 -76.8 -0.0499952 0.895837 -77.6 -0.0499952 0.895837 -78.4
-0.0499952 0.895837 -79.2 -0.0499951 0.895837 -80 -0.0499951 0.895837 -80.8 -0.0499951
0.895838 -81.6 -0.0499951 0.895838 -82.4 -0.0499951 0.895838 -83.2 -0.0499952 0.895838
-84 -0.0499952 0.895838 -84.8 -0.0499952 0.895838 -85.6 -0.0499952 0.895838 -86.4
-0.0499952 0.895838 -87.2 -0.0499952 0.895838 -88 -0.0499952 0.895838 -88.8 -0.0499952
0.895838 -89.6 -0.0499952 0.895838 -90.4 -0.0499952 0.895838 -91.2 -0.0499952 0.895838
-92 -0.0499952 0.895838 -92.8 -0.0499952 0.895838 -93.6 -0.0499953 0.895838 -94.4
-0.0499953 0.895838 -95.2 -0.0499953 0.895838 -96 -0.0499953 0.895838 -96.8 -0.0499953
0.895838 -97.6 -0.0499953 0.895838 -98.4 -0.0499953 0.895838 -99.2 -0.0499953 0.895838
-100 -0.0499953 0.895838 -1.001 -0.05 0.948468 -1.6008 -0.0499999 0.948468 -2.2006
-0.0499999 0.948468 -2.8004 -0.0499998 0.948468 -3.4002 -0.0499997 0.948468 -4 -0.0499996
0.948468 -4.8 -0.0499995 0.948468 -5.6 -0.0499994 0.948468 -6.4 -0.0499993 0.948468
-7.2 -0.0499993 0.948468 -8 -0.0499992 0.948468 -8.8 -0.0499991 0.948469 -9.6
-0.049999 0.948469 -10.4 -0.0499989 0.948469 -11.2 -0.0499988 0.948469 -12 -0.0499987
0.948469 -12.8 -0.0499986 0.948469 -13.6 -0.0499985 0.948469 -14.4 -0.0499985 0.948469
-15.2 -0.0499984 0.948469 -16 -0.0499983 0.948469 -16.8 -0.0499982 0.948469 -17.6
-0.0499981 0.948469 -18.4 -0.0499981 0.948469 -19.2 -0.049998 0.948469 -20 -0.0499979
0.948469 -20.8 -0.0499978 0.948469 -21.6 -0.0499977 0.948469 -22.4 -0.0499977 0.948469
-23.2 -0.0499976 0.948469 -24 -0.0499975 0.948469 -24.8 -0.0499974 0.948469 -25.6
-0.0499974 0.948469 -26.4 -0.0499973 0.948469 -27.2 -0.0499972 0.948469 -28 -0.0499972
0.948469 -28.8 -0.0499971 0.948469 -29.6 -0.049997 0.948469 -30.4 -0.049997 0.948469
-31.2 -0.0499969 0.948469 -32 -0.0499968 0.948469 -32.8 -0.0499968 0.948469 -33.6
-0.0499967 0.948469 -34.4 -0.0499967 0.948469 -35.2 -0.0499966 0.948469 -36 -0.0499966
0.948469 -36.8 -0.0499965 0.948469 -37.6 -0.0499964 0.948469 -38.4 -0.0499964 0.948469
-39.2 -0.0499963 0.948469 -40 -0.0499963 0.948469 -40.8 -0.0499962 0.948469 -41.6
-0.0499962 0.948469 -42.4 -0.0499961 0.948469 -43.2 -0.0499961 0.948469 -44 -0.049996
0.948469 -44.8 -0.049996 0.948469 -45.6 -0.0499959 0.948469 -46.4 -0.0499959 0.948469
-47.2 -0.0499959 0.948469 -48 -0.0499958 0.948469 -48.8 -0.0499958 0.948469 -49.6
-0.0499957 0.948469 -50.4 -0.0499957 0.948469 -51.2 -0.0499956 0.948469 -52 -0.0499956
0.948469 -52.8 -0.0499956 0.948469 -53.6 -0.0499955 0.948469 -54.4 -0.0499955 0.948469
-55.2 -0.0499955 0.948469 -56 -0.0499954 0.948469 -56.8 -0.0499954 0.948469 -57.6
-0.0499954 0.948469 -58.4 -0.0499953 0.948469 -59.2 -0.0499953 0.948469 -60 -0.0499953
0.948469 -60.8 -0.0499952 0.948469 -61.6 -0.0499952 0.948469 -62.4 -0.0499952 0.948469
-63.2 -0.0499952 0.948469 -64 -0.0499951 0.948469 -64.8 -0.0499951 0.948469 -65.6
-0.0499951 0.948469 -66.4 -0.0499951 0.948469 -67.2 -0.049995 0.948469 -68 -0.049995
0.948469 -68.8 -0.049995 0.948469 -69.6 -0.049995 0.948469 -70.4 -0.049995 0.948469
-71.2 -0.049995 0.948469 -72 -0.0499949 0.948469 -72.8 -0.0499949 0.948469 -73.6
-0.0499949 0.948469 -74.4 -0.0499949 0.948469 -75.2 -0.0499949 0.948469 -76 -0.0499949
0.948469 -76.8 -0.0499949 0.948469 -77.6 -0.0499949 0.948469 -78.4 -0.0499949 0.948469
-79.2 -0.0499949 0.948469 -80 -0.0499949 0.948469 -80.8 -0.0499949 0.948469 -81.6
-0.0499949 0.948469 -82.4 -0.0499949 0.948469 -83.2 -0.0499949 0.948469 -84 -0.0499949
0.948469 -84.8 -0.0499949 0.948469 -85.6 -0.0499949 0.948469 -86.4 -0.0499949 0.948469
-87.2 -0.0499949 0.948469 -88 -0.0499949 0.948469 -88.8 -0.0499949 0.948469 -89.6
-0.0499949 0.948469 -90.4 -0.0499949 0.948469 -91.2 -0.049995 0.948469 -92 -0.049995
0.948469 -92.8 -0.049995 0.948469 -93.6 -0.049995 0.948469 -94.4 -0.049995 0.948469
-95.2 -0.049995 0.94847 -96 -0.049995 0.94847 -96.8 -0.049995 0.94847 -97.6
-0.049995 0.94847 -98.4 -0.049995 0.94847 -99.2 -0.0499951 0.94847 -100 -0.0499951
0.94847 -1.001 -0.05 1.0011 -1.6008 -0.0499999 1.0011 -2.2006 -0.0499998 1.0011
-2.8004 -0.0499998 1.0011 -3.4002 -0.0499997 1.0011 -4 -0.0499996 1.0011 -4.8
-0.0499995 1.0011 -5.6 -0.0499994 1.0011 -6.4 -0.0499993 1.0011 -7.2 -0.0499992
1.0011 -8 -0.0499991 1.0011 -8.8 -0.049999 1.0011 -9.6 -0.0499989 1.0011
-10.4 -0.0499988 1.0011 -11.2 -0.0499987 1.0011 -12 -0.0499986 1.0011 -12.8
-0.0499986 1.0011 -13.6 -0.0499985 1.0011 -14.4 -0.0499984 1.0011 -15.2 -0.0499983
1.0011 -16 -0.0499982 1.0011 -16.8 -0.0499981 1.0011 -17.6 -0.049998 1.0011
-18.4 -0.0499979 1.0011 -19.2 -0.0499979 1.0011 -20 -0.0499978 1.0011 -20.8
-0.0499977 1.0011 -21.6 -0.0499976 1.0011 -22.4 -0.0499975 1.0011 -23.2 -0.0499975
1.0011 -24 -0.0499974 1.0011 -24.8 -0.0499973 1.0011 -25.6 -0.0499972 1.0011
-26.4 -0.0499972 1.0011 -27.2 -0.0499971 1.0011 -28 -0.049997 1.0011 -28.8
-0.0499969 1.0011 -29.6 -0.0499969 1.0011 -30.4 -0.0499968 1.0011 -31.2 -0.0499967
1.0011 -32 -0.0499967 1.0011 -32.8 -0.0499966 1.0011 -33.6 -0.0499966 1.0011
-34.4 -0.0499965 1.0011 -35.2 -0.0499964 1.0011 -36 -0.0499964 1.0011 -36.8
-0.0499963 1.0011 -37.6 -0.0499963 1.0011 -38.4 -0.0499962 1.0011 -39.2 -0.0499961
1.0011 -40 -0.0499961 1.0011 -40.8 -0.049996 1.0011 -41.6 -0.049996 1.0011
-42.4 -0.0499959 1.0011 -43.2 -0.0499959 1.0011 -44 -0.0499958 1.0011 -44.8
-0.0499958 1.0011 -45.6 -0.0499957 1.0011 -46.4 -0.0499957 1.0011 -47.2 -0.0499956
1.0011 -48 -0.0499956 1.0011 -48.8 -0.0499955 1.0011 -49.6 -0.0499955 1.0011
-50.4 -0.0499955 1.0011 -51.2 -0.0499954 1.0011 -52 -0.0499954 1.0011 -52.8
-0.0499953 1.0011 -53.6 -0.0499953 1.0011 -54.4 -0.0499953 1.0011 -55.2 -0.0499952
1.0011 -56 -0.0499952 1.0011 -56.8 -0.0499951 1.0011 -57.6 -0.0499951 1.0011
-58.4 -0.0499951 1.0011 -59.2 -0.049995 1.0011 -60 -0.049995 1.0011 -60.8
-0.049995 1.0011 -61.6 -0.0499949 1.0011 -62.4 -0.0499949 1.0011 -63.2 -0.0499949
1.0011 -64 -0.0499949 1.0011 -64.8 -0.0499948 1.0011 -65.6 -0.0499948 1.0011
-66.4 -0.0499948 1.0011 -67.2 -0.0499948 1.0011 -68 -0.0499947 1.0011 -68.8
-0.0499947 1.0011 -69.6 -0.0499947 1.0011 -70.4 -0.0499947 1.0011 -71.2 -0.0499947
1.0011 -72 -0.0499947 1.0011 -72.8 -0.0499947 1.0011 -73.6 -0.0499946 1.0011
-74.4 -0.0499946 1.0011 -75.2 -0.0499946 1.0011 -76 -0.0499946 1.0011 -76.8
-0.0499946 1.0011 -77.6 -0.0499946 1.0011 -78.4 -0.0499946 1.0011 -79.2 -0.0499946
1.0011 -80 -0.0499946 1.0011 -80.8 -0.0499946 1.0011 -81.6 -0.0499946 1.0011
-82.4 -0.0499946 1.0011 -83.2 -0.0499946 1.0011 -84 -0.0499946 1.0011 -84.8
-0.0499946 1.0011 -85.6 -0.0499946 1.0011 -86.4 -0.0499946 1.0011 -87.2 -0.0499946
1.0011 -88 -0.0499946 1.0011 -88.8 -0.0499947 1.0011 -89.6 -0.0499947 1.0011
-90.4 -0.0499947 1.0011 -91.2 -0.0499947 1.0011 -92 -0.0499947 1.0011 -92.8
-0.0499947 1.0011 -93.6 -0.0499947 1.0011 -94.4 -0.0499947 1.0011 -95.2 -0.0499947
1.0011 -96 -0.0499948 1.0011 -96.8 -0.0499948 1.0011 -97.6 -0.0499948 1.0011
-98.4 -0.0499948 1.0011 -99.2 -0.0499948 1.0011 -100 -0.0499948 1.0011 
LINES 20 2540
126 0 1 2 3 4 5 6 7 8 9
10 11 12 13 14 15 16 17 18 19
20 21 22 23 24 25 26 27 28 29
30 31 32 33 34 35 36 37 38 39
40 41 42 43 44 45 46 47 48 49
50 51 52 53 54 55 56 57 58 59
60 61 62 63 64 65 66 67 68 69
70 71 72 73 74 75 76 77 78 79
80 81 82 83 84 85 86 87 88 89
90 91 92 93 94 95 96 97 98 99
100 101 102 103 104 105 106 107 108 109
110 111 112 113 114 115 116 117 118 119
120 121 122 123 124 125 126 126 127 128
129 130 131 132 133 134 135 136 137 138
139 140 141 142 143 144 145 146 147 148
149 150 151 152 153 154 155 156 157 158
159 160 161 162 163 164 165 166 167 168
169 170 171 172 173 174 175 176 177 178
179 180 181 182 183 184 185 186 187 188
189 190 191 192 193 194 195 196 197 198
199 200 201 202 203 204 205 206 207 208
209 210 211 212 213 214 215 216 217 218
219 220 221 222 223 224 225 226 227 228
229 230 231 232 233 234 235 236 237 238
239 240 241 242 243 244 245 246 247 248
249 250 251 126 252 253 254 255 256 257
258 259 260 261 262 263 264 265 266 267
268 269 270 271 272 273 274 275 276 277
278 279 280 281 282 283 284 285 286 287
288 289 290 291 292 293 294 295 296 297
298 299 300 301 302 303 304 305 306 307
308 309 310 311 312 313 314 315 316 317
318 319 320 321 322 323 324 325 326 327
328 329 330 331 332 333 334 335 336 337
338 339 340 341 342 343 344 345 346 347
348 349 350 351 352 353 354 355 356 357
358 359 360 361 362 363 364 365 366 367
368 369 370 371 372 373 374 375 376 377
126 378 379 380 381 382 383 384 385 386
387 388 389 390 391 392 393 394 395 396
397 398 399 400 401 402 403 404 405 406
407 408 409 410 411 412 413 414 415 416
417 418 419 420 421 422 423 424 425 426
427 428 429 430 431 432 433 434 435 436
437 438 439 440 441 442 443 444 445 446
447 448 449 450 451 452 453 454 455 456
457 458 459 460 461 462 463 464 465 466
467 468 469 470 471 472 473 474 475 476
477 478 479 480 481 482 483 484 485 486
487 488 489 490 491 492 493 494 495 496
497 498 499 500 501 502 503 126 504 505
506 507 508 509 510 511 512 513 514 515
516 517 518 519 520 521 522 523 524 525
526 527 528 529 530 531 532 533 534 535
536 537 538 539 540 541 542 543 544 545
546 547 548 549 550 551 552 553 554 555
556 557 558 559 560 561 562 563 564 565
566 567 568 569 570 571 572 573 574 575
576 577 578 579 580 581 582 583 584 585
586 587 588 589 590 591 592 593 594 595
596 597 598 599 600 601 602 603 604 605
606 607 608 609 610 611 612 613 614 615
616 617 618 619 620 621 622 623 624 625
626 627 628 629 126 630 631 632 633 634
635 636 637 638 639 640 641 642 643 644
645 646 647 648 649 650 651 652 653 654
655 656 657 658 659 660 661 662 663 664
665 666 667 668 669 670 671 672 673 674
675 676 677 678 679 680 681 682 683 684
685 686 687 688 689 690 691 692 693 694
695 696 697 698 699 700 701 702 703 704
705 706 707 708 709 710 711 712 713 714
715 716 717 718 719 720 721 722 723 724
725 726 727 728 729 730 731 732 733 734
735 736 737 738 739 740 741 742 743 744
745 746 747 748 749 750 751 752 753 754
755 126 756 757 758 759 760 761 762 763
764 765 766 767 768 769 770 771 772 773
774 775 776 777 778 779 780 781 782 783
784 785 786 787 788 789 790 791 792 793
794 795 796 797 798 799 800 801 802 803
804 805 806 807 808 809 810 811 812 813
814 815 816 817 818 819 820 821 822 823
824 825 826 827 828 829 830 831 832 833
834 835 836 837 838 839 840 841 842 843
844 845 846 847 848 849 850 851 852 853
854 855 856 857 858 859 860 861 862 863
864 865 866 867 868 869 870 871 872 873
874 875 876 877 878 879 880 881 126 882
883 884 885 886 887 888 889 890 891 892
893 894 895 896 897 898 899 900 901 902
903 904 905 906 907 908 909 910 911 912
913 914 915 916 917 918 919 920 921 922
923 924 925 926 927 928 929 930 931 932
933 934 935 936 937 938 939 940 941 942
943 944 945 946 947 948 949 950 951 952
953 954 955 956 957 958 959 960 961 962
963 964 965 966 967 968 969 970 971 972
973 974 975 976 977 978 979 980 981 982
983 984 985 986 987 988 989 990 991 992
993 994 995 996 997 998 999 1000 1001 1002
1003 1004 1005 1006 1007 126 1008 1009 1010 1011
1012 1013 1014 1015 1016 1017 1018 1019 1020 1021
1022 1023 1024 1025 1026 1027 1028 1029 1030 1031
1032 1033 1034 1035 1036 1037 1038 1039 1040 1041
1042 1043 1044 1045 1046 1047 1048 1049 1050 1051
1052 1053 1054 1055 1056 1057 1058 1059 1060 1061
1062 1063 1064 1065 1066 1067 1068 1069 1070 1071
1072 1073 1074 1075 1076 1077 1078 1079 1080 1081
1082 1083 1084 1085 1086 1087 1088 1089 1090 1091
1092 1093 1094 1095 1096 1097 1098 1099 1100 1101
1102 1103 1104 1105 1106 1107 1108 1109 1110 1111
1112 1113 1114 1115 1116 1117 1118 1119 1120 1121
1122 1123 1124 1125 1126 1127 1128 1129 1130 1131
1132 1133 126 1134 1135 1136 1137 1138 1139 1140
1141 1142 1143 1144 1145 1146 1147 1148 1149 1150
1151 1152 1153 1154 1155 1156 1157 1158 1159 1160
1161 1162 1163 1164 1165 1166 1167 1168 1169 1170
1171 1172 1173 1174 1175 1176 1177 1178 1179 1180
1181 1182 1183 1184 1185 1186 1187 1188 1189 1190
1191 1192 1193 1194 1195 1196 1197 1198 1199 1200
1201 1202 1203 1204 1205 1206 1207 1208 1209 1210
1211 1212 1213 1214 1215 1216 1217 1218 1219 1220
1221 1222 1223 1224 1225 1226 1227 1228 1229 1230
1231 1232 1233 1234 1235 1236 1237 1238 1239 1240
1241 1242 1243 1244 1245 1246 1247 1248 1249 1250
1251 1252 1253 1254 1255 1256 1257 1258 1259 126
1260 1261 1262 1263 1264 1265 1266 1267 1268 1269
1270 1271 1272 1273 1274 1275 1276 1277 1278 1279
1280 1281 1282 1283 1284 1285 1286 1287 1288 1289
1290 1291 1292 1293 1294 1295 1296 1297 1298 1299
1300 1301 1302 1303 1304 1305 1306 1307 1308 1309
1310 1311 1312 1313 1314 1315 1316 1317 1318 1319
1320 1321 1322 1323 1324 1325 1326 1327 1328 1329
1330 1331 1332 1333 1334 1335 1336 1337 1338 1339
1340 1341 1342 1343 1344 1345 1346 1347 1348 1349
1350 1351 1352 1353 1354 1355 1356 1357 1358 1359
1360 1361 1362 1363 1364 1365 1366 1367 1368 1369
1370 1371 1372 1373 1374 1375 1376 1377 1378 1379
1380 1381 1382 1383 1384 1385 126 1386 1387 1388
1389 1390 1391 1392 1393 1394 1395 1396 1397 1398
1399 1400 1401 1402 1403 1404 1405 1406 1407 1408
1409 1410 1411 1412 1413 1414 1415 1416 1417 1418
1419 1420 1421 1422 1423 1424 1425 1426 1427 1428
1429 1430 1431 1432 1433 1434 1435 1436 1437 1438
1439 1440 1441 1442 1443 1444 1445 1446 1447 1448
1449 1450 1451 1452 1453 1454 1455 1456 1457 1458
1459 1460 1461 1462 1463 1464 1465 1466 1467 1468
1469 1470 1471 1472 1473 1474 1475 1476 1477 1478
1479 1480 1481 1482 1483 1484 1485 1486 1487 1488
1489 1490 1491 1492 1493 1494 1495 1496 1497 1498
1499 1500 1501 1502 1503 1504 1505 1506 1507 1508
1509 1510 1511 126 1512 1513 1514 1515 1516 1517
1518 1519 1520 1521 1522 1523 1524 1525 1526 1527
1528 1529 1530 1531 1532 1533 1534 1535 1536 1537
1538 1539 1540 1541 1542 1543 1544 1545 1546 1547
1548 1549 1550 1551 1552 1553 1554 1555 1556 1557
1558 1559 1560 1561 1562 1563 1564 1565 1566 1567
1568 1569 1570 1571 1572 1573 1574 1575 1576 1577
1578 1579 1580 1581 1582 1583 1584 1585 1586 1587
1588 1589 1590 1591 1592 1593 1594 1595 1596 1597
1598 1599 1600 1601 1602 1603 1604 1605 1606 1607
1608 1609 1610 1611 1612 1613 1614 1615 1616 1617
1618 1619 1620 1621 1622 1623 1624 1625 1626 1627
1628 1629 1630 1631 1632 1633 1634 1635 1636 1637
126 1638 1639 1640 1641 1642 1643 1644 1645 1646
1647 1648 1649 1650 1651 1652 1653 1654 1655 1656
1657 1658 1659 1660 1661 1662 1663 1664 1665 1666
1667 1668 1669 1670 1671 1672 1673 1674 1675 1676
1677 1678 1679 1680 1681 1682 1683 1684 1685 1686
1687 1688 1689 1690 1691 1692 1693 1694 1695 1696
1697 1698 1699 1700 1701 1702 1703 1704 1705 1706
1707 1708 1709 1710 1711 1712 1713 1714 1715 1716
1717 1718 1719 1720 1721 1722 1723 1724 1725 1726
1727 1728 1729 1730 1731 1732 1733 1734 1735 1736
1737 1738 1739 1740 1741 1742 1743 1744 1745 1746
1747 1748 1749 1750 1751 1752 1753 1754 1755 1756
1757 1758 1759 1760 1761 1762 1763 126 1764 1765
1766 1767 1768 1769 1770 1771 1772 1773 1774 1775
1776 1777 1778 1779 1780 1781 1782 1783 1784 1785
1786 1787 1788 1789 1790 1791 1792 1793 1794 1795
1796 1797 1798 1799 1800 1801 1802 1803 1804 1805
1806 1807 1808 1809 1810 1811 1812 1813 1814 1815
1816 1817 1818 1819 1820 1821 1822 1823 1824 1825
1826 1827 1828 1829 1830 1831 1832 1833 1834 1835
1836 1837 1838 1839 1840 1841 1842 1843 1844 1845
1846 1847 1848 1849 1850 1851 1852 1853 1854 1855
1856 1857 1858 1859 1860 1861 1862 1863 1864 1865
1866 1867 1868 1869 1870 1871 1872 1873 1874 1875
1876 1877 1878 1879 1880 1881 1882 1883 1884 1885
1886 1887 1888 1889 126 1890 1891 1892 1893 1894
1895 1896 1897 1898 1899 1900 1901 1902 1903 1904
1905 1906 1907 1908 1909 1910 1911 1912 1913 1914
1915 1916 1917 1918 1919 1920 1921 1922 1923 1924
1925 1926 1927 1928 1929 1930 1931 1932 1933 1934
1935 1936 1937 1938 1939 1940 1941 1942 1943 1944
1945 1946 1947 1948 1949 1950 1951 1952 1953 1954
1955 1956 1957 1958 1959 1960 1961 1962 1963 1964
1965 1966 1967 1968 1969 1970 1971 1972 1973 1974
1975 1976 1977 1978 1979 1980 1981 1982 1983 1984
1985 1986 1987 1988 1989 1990 1991 1992 1993 1994
1995 1996 1997 1998 1999 2000 2001 2002 2003 2004
2005 2006 2007 2008 2009 2010 2011 2012 2013 2014
2015 126 2016 2017 2018 2019 2020 2021 2022 2023
2024 2025 2026 2027 2028 2029 2030 2031 2032 2033
2034 2035 2036 2037 2038 2039 2040 2041 2042 2043
2044 2045 2046 2047 2048 2049 2050 2051 2052 2053
2054 2055 2056 2057 2058 2059 2060 2061 2062 2063
2064 2065 2066 2067 2068 2069 2070 2071 2072 2073
2074 2075 2076 2077 2078 2079 2080 2081 2082 2083
2084 2085 2086 2087 2088 2089 2090 2091 2092 2093
2094 2095 2096 2097 2098 2099 2100 2101 2102 2103
2104 2105 2106 2107 2108 2109 2110 2111 2112 2113
2114 2115 2116 2117 2118 2119 2120 2121 2122 2123
2124 2125 2126 2127 2128 2129 2130 2131 2132 2133
2134 2135 2136 2137 2138 2139 2140 2141 126 2142
2143 2144 2145 2146 2147 2148 2149 2150 2151 2152
2153 2154 2155 2156 2157 2158 2159 2160 2161 2162
2163 2164 2165 2166 2167 2168 2169 2170 2171 2172
2173 2174 2175 2176 2177 2178 2179 2180 2181 2182
2183 2184 2185 2186 2187 2188 2189 2190 2191 2192
2193 2194 2195 2196 2197 2198 2199 2200 2201 2202
2203 2204 2205 2206 2207 2208 2209 2210 2211 2212
2213 2214 2215 2216 2217 2218 2219 2220 2221 2222
2223 2224 2225 2226 2227 2228 2229 2230 2231 2232
2233 2234 2235 2236 2237 2238 2239 2240 2241 2242
2243 2244 2245 2246 2247 2248 2249 2250 2251 2252
2253 2254 2255 2256 2257 2258 2259 2260 2261 2262
2263 2264 2265 2266 2267 126 2268 2269 2270 2271
2272 2273 2274 2275 2276 2277 2278 2279 2280 2281
2282 2283 2284 2285 2286 2287 2288 2289 2290 2291
2292 2293 2294 2295 2296 2297 2298 2299 2300 2301
2302 2303 2304 2305 2306 2307 2308 2309 2310 2311
2312 2313 2314 2315 2316 2317 2318 2319 2320 2321
2322 2323 2324 2325 2326 2327 2328 2329 2330 2331
2332 2333 2334 2335 2336 2337 2338 2339 2340 2341
2342 2343 2344 2345 2346 2347 2348 2349 2350 2351
2352 2353 2354 2355 2356 2357 2358 2359 2360 2361
2362 2363 2364 2365 2366 2367 2368 2369 2370 2371
2372 2373 2374 2375 2376 2377 2378 2379 2380 2381
2382 2383 2384 2385 2386 2387 2388 2389 2390 2391
2392 2393 126 2394 2395 2396 2397 2398 2399 2400
2401 2402 2403 2404 2405 2406 2407 2408 2409 2410
2411 2412 2413 2414 2415 2416 2417 2418 2419 2420
2421 2422 2423 2424 2425 2426 2427 2428 2429 2430
2431 2432 2433 2434 2435 2436 2437 2438 2439 2440
2441 2442 2443 2444 2445 2446 2447 2448 2449 2450
2451 2452 2453 2454 2455 2456 2457 2458 2459 2460
2461 2462 2463 2464 2465 2466 2467 2468 2469 2470
2471 2472 2473 2474 2475 2476 2477 2478 2479 2480
2481 2482 2483 2484 2485 2486 2487 2488 2489 2490
2491 2492 2493 2494 2495 2496 2497 2498 2499 2500
2501 2502 2503 2504 2505 2506 2507 2508 2509 2510
2511 2512 2513 2514 2515 2516 2517 2518 2519 
POINT_DATA 2520
FIELD attributes 4
age 1 2520 float
0 0.05998 0.11996 0.17994 0.23992 0.2999 0.3799 0.4599 0.5399 0.6199 0.6999
0.7799 0.8599 0.9399 1.0199 1.0999 1.1799 1.2599 1.3399 1.4199 1.4999
1.5799 1.6599 1.7399 1.8199 1.8999 1.9799 2.0599 2.1399 2.2199 2.2999
2.3799 2.4599 2.5399 2.6199 2.6999 2.7799 2.8599 2.9399 3.0199 3.0999
3.1799 3.2599 3.3399 3.4199 3.4999 3.5799 3.6599 3.7399 3.8199 3.8999
3.9799 4.0599 4.1399 4.2199 4.2999 4.3799 4.4599 4.5399 4.6199 4.6999
4.7799 4.8599 4.9399 5.0199 5.0999 5.1799 5.2599 5.3399 5.4199 5.4999
5.5799 5.6599 5.7399 5.8199 5.8999 5.9799 6.0599 6.1399 6.2199 6.2999
6.3799 6.4599 6.5399 6.6199 6.6999 6.7799 6.8599 6.9399 7.0199 7.0999
7.1799 7.2599 7.3399 7.4199 7.4999 7.5799 7.6599 7.7399 7.8199 7.8999
7.9799 8.0599 8.1399 8.2199 8.2999 8.3799 8.4599 8.5399 8.6199 8.6999
8.7799 8.8599 8.9399 9.0199 9.0999 9.1799 9.2599 9.3399 9.4199 9.4999
9.5799 9.6599 9.7399 9.8199 9.8999 0 0.05998 0.11996 0.17994 0.23992
0.2999 0.3799 0.4599 0.5399 0.6199 0.6999 0.7799 0.8599 0.9399 1.0199
1.0999 1.1799 1.2599 1.3399 1.4199 1.4999 1.5799 1.6599 1.7399 1.8199
1.8999 1.9799 2.0599 2.1399 2.2199 2.2999 2.3799 2.4599 2.5399 2.6199
2.6999 2.7799 2.8599 2.9399 3.0199 3.0999 3.1799 3.2599 3.3399 3.4199
3.4999 3.5799 3.6599 3.7399 3.8199 3.8999 3.9799 4.0599 4.1399 4.2199
4.2999 4.3799 4.4599 4.5399 4.6199 4.6999 4.7799 4.8599 4.9399 5.0199
5.0999 5.1799 5.2599 5.3399 5.4199 5.4999 5.5799 5.6599 5.7399 5.8199
5.8999 5.9799 6.0599 6.1399 6.2199 6.2999 6.3799 6.4599 6.5399 6.6199
6.6999 6.7799 6.8599 6.9399 7.0199 7.0999 7.1799 7.2599 7.3399 7.4199
7.4999 7.5799 7.6599 7.7399 7.8199 7.8999 7.9799 8.0599 8.1399 8.2199
8.2999 8.3799 8.4599 8.5399 8.6199 8.6999 8.7799 8.8599 8.9399 9.0199
9.0999 9.1799 9.2599 9.3399 9.4199 9.4999 9.5799 9.6599 9.7399 9.8199
9.8999 0 0.05998 0.11996 0.17994 0.23992 0.2999 0.3799 0.4599 0.5399
0.6199 0.6999 0.7799 0.8599 0.9399 1.0199 1.0999 1.1799 1.2599 1.3399
1.4199 1.4999 1.5799 1.6599 1.7399 1.8199 1.8999 1.9799 2.0599 2.1399
2.2199 2.2999 2.3799 2.4599 2.5399 2.6199 2.6999 2.7799 2.8599 2.9399
3.0199 3.0999 3.1799 3.2599 3.3399 3.4199 3.4999 3.5799 3.6599 3.7399
3.8199 3.8999 3.9799 4.0599 4.1399 4.2199 4.2999 4.3799 4.4599 4.5399
4.6199 4.6999 4.7799 4.8599 4.9399 5.0199 5.0999 5.1799 5.2599 5.3399
5.4199 5.4999 5.5799 5.6599 5.7399 5.8199 5.8999 5.9799 6.0599 6.1399
6.2199 6.2999 6.3799 6.4599 6.5399 6.6199 6.6999 6.7799 6.8599 6.9399
7.0199 7.0999 7.1799 7.2599 7.3399 7.4199 7.4999 7.5799 7.6599 7.7399
7.8199 7.8999 7.9799 8.0599 8.1399 8.2199 8.2999 8.3799 8.4599 8.5399
8.6199 8.6999 8.7799 8.8599 8.9399 9.0199 9.0999 9.1799 9.2599 9.3399
9.4199 9.4999 9.5799 9.6599 9.7399 9.8199 9.8999 0 0.05998 0.11996
0.17994 0.23992 0.2999 0.3799 0.4599 0.5399 0.6199 0.6999 0.7799 0.8599
0.9399 1.0199 1.0999 1.1799 1.2599 1.3399 1.4199 1.4999 1.5799 1.6599
1.7399 1.8199 1.8999 1.9799 2.0599 2.1399 2.2199 2.2999 2.3799 2.4599
2.5399 2.6199 2.6999 2.7799 2.8599 2.9399 3.0199 3.0999 3.1799 3.2599
3.3399 3.4199 3.4999 3.5799 3.6599 3.7399 3.8199 3.8999 3.9799 4.0599
4.1399 4.2199 4.2999 4.3799 4.4599 4.5399 4.6199 4.6999 4.7799 4.8599
4.9399 5.0199 5.0999 5.1799 5.2599 5.3399 5.4199 5.4999 5.5799 5.6599
5.7399 5.8199 5.8999 5.9799 6.0599 6.1399 6.2199 6.2999 6.3799 6.4599
6.5399 6.6199 6.6999 6.7799 6.8599 6.9399 7.0199 7.0999 7.1799 7.2599
7.3399 7.4199 7.4999 7.5799 7.6599 7.7399 7.8199 7.8999 7.9799 8.0599
8.1399 8.2199 8.2999 8.3799 8.4599 8.5399 8.6199 8.6999 8.7799 8.8599
8.9399 9.0199 9.0999 9.1799 9.2599 9.3399 9.4199 9.4999 9.5799 9.6599
9.7399 9.8199 9.8999 0 0.05998 0.11996 0.17994 0.23992 0.2999 0.3799
0.4599 0.5399 0.6199 0.6999 0.7799 0.8599 0.9399 1.0199 1.0999 1.1799
1.2599 1.3399 1.4199 1.4999 1.5799 1.6599 1.7399 1.8199 1.8999 1.9799
2.0599 2.1399 2.2199 2.2999 2.3799 2.4599 2.5399 2.6199 2.6999 2.7799
2.8599 2.9399 3.0199 3.0999 3.1799 3.2599 3.3399 3.4199 3.4999 3.5799
3.6599 3.7399 3.8199 3.8999 3.9799 4.0599 4.1399 4.2199 4.2999 4.3799
4.4599 4.5399 4.6199 4.6999 4.7799 4.8599 4.9399 5.0199 5.0999 5.1799
5.2599 5.3399 5.4199 5.4999 5.5799 5.6599 5.7399 5.8199 5.8999 5.9799
6.0599 6.1399 6.2199 6.2999 6.3799 6.4599 6.5399 6.6199 6.6999 6.7799
6.8599 6.9399 7.0199 7.0999 7.1799 7.2599 7.3399 7.4199 7.4999 7.5799
7.6599 7.7399 7.8199 7.8999 7.9799 8.0599 8.1399 8.2199 8.2999 8.3799
8.4599 8.5399 8.6199 8.6999 8.7799 8.8599 8.9399 9.0199 9.0999 9.1799
9.2599 9.3399 9.4199 9.4999 9.5799 9.6599 9.7399 9.8199 9.8999 0
0.05998 0.11996 0.17994 0.23992 0.2999 0.3799 0.4599 0.5399 0.6199 0.6999
0.7799 0.8599 0.9399 1.0199 1.0999 1.1799 1.2599 1.3399 1.4199 1.4999
1.5799 1.6599 1.7399 1.8199 1.8999 1.9799 2.0599 2.1399 2.2199 2.2999
2.3799 2.4599 2.5399 2.6199 2.6999 2.7799 2.8599 2.9399 3.0199 3.0999
3.1799 3.2599 3.3399 3.4199 3.4999 3.5799 3.6599 3.7399 3.8199 3.8999
3.9799 4.0599 4.1399 4.2199 4.2999 4.3799 4.4599 4.5399 4.6199 4.6999
4.7799 4.8599 4.9399 5.0199 5.0999 5.1799 5.2599 5.3399 5.4199 5.4999
5.5799 5.6599 5.7399 5.8199 5.8999 5.9799 6.0599 6.1399 6.2199 6.2999
6.3799 6.4599 6.5399 6.6199 6.6999 6.7799 6.8599 6.9399 7.0199 7.0999
7.1799 7.2599 7.3399 7.4199 7.4999 7.5799 7.6599 7.7399 7.8199 7.8999
7.9799 8.0599 8.1399 8.2199 8.2999 8.3799 8.4599 8.5399 8.6199 8.6999
8.7799 8.8599 8.9399 9.0199 9.0999 9.1799 9.2599 9.3399 9.4199 9.4999
9.5799 9.6599 9.7399 9.8199 9.8999 0 0.05998 0.11996 0.17994 0.23992
0.2999 0.3799 0.4599 0.5399 0.6199 0.6999 0.7799 0.8599 0.9399 1.0199
1.0999 1.1799 1.2599 1.3399 1.4199 1.4999 1.5799 1.6599 1.7399 1.8199
1.8999 1.9799 2.0599 2.1399 2.2199 2.2999 2.3799 2.4599 2.5399 2.6199
2.6999 2.7799 2.8599 2.9399 3.0199 3.0999 3.1799 3.2599 3.3399 3.4199
3.4999 3.5799 3.6599 3.7399 3.8199 3.8999 3.9799 4.0599 4.1399 4.2199
4.2999 4.3799 4.4599 4.5399 4.6199 4.6999 4.7799 4.8599 4.9399 5.0199
5.0999 5.1799 5.2599 5.3399 5.4199 5.4999 5.5799 5.6599 5.7399 5.8199
5.8999 5.9799 6.0599 6.1399 6.2199 6.2999 6.3799 6.4599 6.5399 6.6199
6.6999 6.7799 6.8599 6.9399 7.0199 7.0999 7.1799 7.2599 7.3399 7.4199
7.4999 7.5799 7.6599 7.7399 7.8199 7.8999 7.9799 8.0599 8.1399 8.2199
8.2999 8.3799 8.4599 8.5399 8.6199 8.6999 8.7799 8.8599 8.9399 9.0199
9.0999 9.1799 9.2599 9.3399 9.4199 9.4999 9.5799 9.6599 9.7399 9.8199
9.8999 0 0.05998 0.11996 0.17994 0.23992 0.2999 0.3799 0.4599 0.5399
0.6199 0.6999 0.7799 0.8599 0.9399 1.0199 1.0999 1.1799 1.2599 1.3399
1.4199 1.4999 1.5799 1.6599 1.7399 1.8199 1.8999 1.9799 2.0599 2.1399
2.2199 2.2999 2.3799 2.4599 2.5399 2.6199 2.6999 2.7799 2.8599 2.9399
3.0199 3.0999 3.1799 3.2599 3.3399 3.4199 3.4999 3.5799 3.6599 3.7399
3.8199 3.8999 3.9799 4.0599 4.1399 4.2199 4.2999 4.3799 4.4599 4.5399
4.6199 4.6999 4.7799 4.8599 4.9399 5.0199 5.0999 5.1799 5.2599 5.3399
5.4199 5.4999 5.5799 5.6599 5.7399 5.8199 5.8999 5.9799 6.0599 6.1399
6.2199 6.2999 6.3799 6.4599 6.5399 6.6199 6.6999 6.7799 6.8599 6.9399
7.0199 7.0999 7.1799 7.2599 7.3399 7.4199 7.4999 7.5799 7.6599 7.7399
7.8199 7.8999 7.9799 8.0599 8.1399 8.2199 8.2999 8.3799 8.4599 8.5399
8.6199 8.6999 8.7799 8.8599 8.9399 9.0199 9.0999 9.1799 9.2599 9.3399
9.4199 9.4999 9.5799 9.6599 9.7399 9.8199 9.8999 0 0.05998 0.11996
0.17994 0.23992 0.2999 0.3799 0.4599 0.5399 0.6199 0.6999 0.7799 0.8599
0.9399 1.0199 1.0999 1.1799 1.2599 1.3399 1.4199 1.4999 1.5799 1.6599
1.7399 1.8199 1.8999 1.9799 2.0599 2.1399 2.2199 2.2999 2.3799 2.4599
2.5399 2.6199 2.6999 2.7799 2.8599 2.9399 3.0199 3.0999 3.1799 3.2599
3.3399 3.4199 3.4999 3.5799 3.6599 3.7399 3.8199 3.8999 3.9799 4.0599
4.1399 4.2199 4.2999 4.3799 4.4599 4.5399 4.6199 4.6999 4.7799 4.8599
4.9399 5.0199 5.0999 5.1799 5.2599 5.3399 5.4199 5.4999 5.5799 5.6599
5.7399 5.8199 5.8999 5.9799 6.0599 6.1399 6.2199 6.2999 6.3799 6.4599
6.5399 6.6199 6.6999 6.7799 6.8599 6.9399 7.0199 7.0999 7.1799 7.2599
7.3399 7.4199 7.4999 7.5799 7.6599 7.7399 7.8199 7.8999 7.9799 8.0599
8.1399 8.2199 8.2999 8.3799 8.4599 8.5399 8.6199 8.6999 8.7799 8.8599
8.9399 9.0199 9.0999 9.1799 9.2599 9.3399 9.4199 9.4999 9.5799 9.6599
9.7399 9.8199 9.8999 0 0.05998 0.11996 0.17994 0.23992 0.2999 0.3799
0.4599 0.5399 0.6199 0.6999 0.7799 0.8599 0.9399 1.0199 1.0999 1.1799
1.2599 1.3399 1.4199 1.4999 1.5799 1.6599 1.7399 1.8199 1.8999 1.9799
2.0599 2.1399 2.2199 2.2999 2.3799 2.4599 2.5399 2.6199 2.6999 2.7799
2.8599 2.9399 3.0199 3.0999 3.1799 3.2599 3.3399 3.4199 3.4999 3.5799
3.6599 3.7399 3.8199 3.8999 3.9799 4.0599 4.1399 4.2199 4.2999 4.3799
4.4599 4.5399 4.6199 4.6999 4.7799 4.8599 4.9399 5.0199 5.0999 5.1799
5.2599 5.3399 5.4199 5.4999 5.5799 5.6599 5.7399 5.8199 5.8999 5.9799
6.0599 6.1399 6.2199 6.2999 6.3799 6.4599 6.5399 6.6199 6.6999 6.7799
6.8599 6.9399 7.0199 7.0999 7.1799 7.2599 7.3399 7.4199 7.4999 7.5799
7.6599 7.7399 7.8199 7.8999 7.9799 8.0599 8.1399 8.2199 8.2999 8.3799
8.4599 8.5399 8.6199 8.6999 8.7799 8.8599 8.9399 9.0199 9.0999 9.1799
9.2599 9.3399 9.4199 9.4999 9.5799 9.6599 9.7399 9.8199 9.8999 0
0.05998 0.11996 0.17994 0.23992 0.2999 0.3799 0.4599 0.5399 0.6199 0.6999
0.7799 0.8599 0.9399 1.0199 1.0999 1.1799 1.2599 1.3399 1.4199 1.4999
1.5799 1.6599 1.7399 1.8199 1.8999 1.9799 2.0599 2.1399 2.2199 2.2999
2.3799 2.4599 2.5399 2.6199 2.6999 2.7799 2.8599 2.9399 3.0199 3.0999
3.1799 3.2599 3.3399 3.4199 3.4999 3.5799 3.6599 3.7399 3.8199 3.8999
3.9799 4.0599 4.1399 4.2199 4.2999 4.3799 4.4599 4.5399 4.6199 4.6999
4.7799 4.8599 4.9399 5.0199 5.0999 5.1799 5.2599 5.3399 5.4199 5.4999
5.5799 5.6599 5.7399 5.8199 5.8999 5.9799 6.0599 6.1399 6.2199 6.2999
6.3799 6.4599 6.5399 6.6199 6.6999 6.7799 6.8599 6.9399 7.0199 7.0999
7.1799 7.2599 7.3399 7.4199 7.4999 7.5799 7.6599 7.7399 7.8199 7.8999
7.9799 8.0599 8.1399 8.2199 8.2999 8.3799 8.4599 8.5399 8.6199 8.6999
8.7799 8.8599 8.9399 9.0199 9.0999 9.1799 9.2599 9.3399 9.4199 9.4999
9.5799 9.6599 9.7399 9.8199 9.8999 0 0.05998 0.11996 0.17994 0.23992
0.2999 0.3799 0.4599 0.5399 0.6199 0.6999 0.7799 0.8599 0.9399 1.0199
1.0999 1.1799 1.2599 1.3399 1.4199 1.4999 1.5799 1.6599 1.7399 1.8199
1.8999 1.9799 2.0599 2.1399 2.2199 2.2999 2.3799 2.4599 2.5399 2.6199
2.6999 2.7799 2.8599 2.9399 3.0199 3.0999 3.1799 3.2599 3.3399 3.4199
3.4999 3.5799 3.6599 3.7399 3.8199 3.8999 3.9799 4.0599 4.1399 4.2199
4.2999 4.3799 4.4599 4.5399 4.6199 4.6999 4.7799 4.8599 4.9399 5.0199
5.0999 5.1799 5.2599 5.3399 5.4199 5.4999 5.5799 5.6599 5.7399 5.8199
5.8999 5.9799 6.0599 6.1399 6.2199 6.2999 6.3799 6.4599 6.5399 6.6199
6.6999 6.7799 6.8599 6.9399 7.0199 7.0999 7.1799 7.2599 7.3399 7.4199
7.4999 7.5799 7.6599 7.7399 7.8199 7.8999 7.9799 8.0599 8.1399 8.2199
8.2999 8.3799 8.4599 8.5399 8.6199 8.6999 8.7799 8.8599 8.9399 9.0199
9.0999 9.1799 9.2599 9.3399 9.4199 9.4999 9.5799 9.6599 9.7399 9.8199
9.8999 0 0.05998 0.11996 0.17994 0.23992 0.2999 0.3799 0.4599 0.5399
0.6199 0.6999 0.7799 0.8599 0.9399 1.0199 1.0999 1.1799 1.2599 1.3399
1.4199 1.4999 1.5799 1.6599 1.7399 1.8199 1.8999 1.9799 2.0599 2.1399
2.2199 2.2999 2.3799 2.4599 2.5399 2.6199 2.6999 2.7799 2.8599 2.9399
3.0199 3.0999 3.1799 3.2599 3.3399 3.4199 3.4999 3.5799 3.6599 3.7399
3.8199 3.8999 3.9799 4.0599 4.1399 4.2199 4.2999 4.3799 4.4599 4.5399
4.6199 4.6999 4.7799 4.8599 4.9399 5.0199 5.0999 5.1799 5.2599 5.3399
5.4199 5.4999 5.5799 5.6599 5.7399 5.8199 5.8999 5.9799 6.0599 6.1399
6.2199 6.2999 6.3799 6.4599 6.5399 6.6199 6.6999 6.7799 6.8599 6.9399
7.0199 7.0999 7.1799 7.2599 7.3399 7.4199 7.4999 7.5799 7.6599 7.7399
7.8199 7.8999 7.9799 8.0599 8.1399 8.2199 8.2999 8.3799 8.4599 8.5399
8.6199 8.6999 8.7799 8.8599 8.9399 9.0199 9.0999 9.1799 9.2599 9.3399
9.4199 9.4999 9.5799 9.6599 9.7399 9.8199 9.8999 0 0.05998 0.11996
0.17994 0.23992 0.2999 0.3799 0.4599 0.5399 0.6199 0.6999 0.7799 0.8599
0.9399 1.0199 1.0999 1.1799 1.2599 1.3399 1.4199 1.4999 1.5799 1.6599
1.7399 1.8199 1.8999 1.9799 2.0599 2.1399 2.2199 2.2999 2.3799 2.4599
2.5399 2.6199 2.6999 2.7799 2.8599 2.9399 3.0199 3.0999 3.1799 3.2599
3.3399 3.4199 3.4999 3.5799 3.6599 3.7399 3.8199 3.8999 3.9799 4.0599
4.1399 4.2199 4.2999 4.3799 4.4599 4.5399 4.6199 4.6999 4.7799 4.8599
4.9399 5.0199 5.0999 5.1799 5.2599 5.3399 5.4199 5.4999 5.5799 5.6599
5.7399 5.8199 5.8999 5.9799 6.0599 6.1399 6.2199 6.2999 6.3799 6.4599
6.5399 6.6199 6.6999 6.7799 6.8599 6.9399 7.0199 7.0999 7.1799 7.2599
7.3399 7.4199 7.4999 7.5799 7.6599 7.7399 7.8199 7.8999 7.9799 8.0599
8.1399 8.2199 8.2999 8.3799 8.4599 8.5399 8.6199 8.6999 8.7799 8.8599
8.9399 9.0199 9.0999 9.1799 9.2599 9.3399 9.4199 9.4999 9.5799 9.6599
9.7399 9.8199 9.8999 0 0.05998 0.11996 0.17994 0.23992 0.2999 0.3799
0.4599 0.5399 0.6199 0.6999 0.7799 0.8599 0.9399 1.0199 1.0999 1.1799
1.2599 1.3399 1.4199 1.4999 1.5799 1.6599 1.7399 1.8199 1.8999 1.9799
2.0599 2.1399 2.2199 2.2999 2.3799 2.4599 2.5399 2.6199 2.6999 2.7799
2.8599 2.9399 3.0199 3.0999 3.1799 3.2599 3.3399 3.4199 3.4999 3.5799
3.6599 3.7399 3.8199 3.8999 3.9799 4.0599 4.1399 4.2199 4.2999 4.3799
4.4599 4.5399 4.6199 4.6999 4.7799 4.8599 4.9399 5.0199 5.0999 5.1799
5.2599 5.3399 5.4199 5.4999 5.5799 5.6599 5.7399 5.8199 5.8999 5.9799
6.0599 6.1399 6.2199 6.2999 6.3799 6.4599 6.5399 6.6199 6.6999 6.7799
6.8599 6.9399 7.0199 7.0999 7.1799 7.2599 7.3399 7.4199 7.4999 7.5799
7.6599 7.7399 7.8199 7.8999 7.9799 8.0599 8.1399 8.2199 8.2999 8.3799
8.4599 8.5399 8.6199 8.6999 8.7799 8.8599 8.9399 9.0199 9.0999 9.1799
9.2599 9.3399 9.4199 9.4999 9.5799 9.6599 9.7399 9.8199 9.8999 0
0.05998 0.11996 0.17994 0.23992 0.2999 0.3799 0.4599 0.5399 0.6199 0.6999
0.7799 0.8599 0.9399 1.0199 1.0999 1.1799 1.2599 1.3399 1.4199 1.4999
1.5799 1.6599 1.7399 1.8199 1.8999 1.9799 2.0599 2.1399 2.2199 2.2999
2.3799 2.4599 2.5399 2.6199 2.6999 2.7799 2.8599 2.9399 3.0199 3.0999
3.1799 3.2599 3.3399 3.4199 3.4999 3.5799 3.6599 3.7399 3.8199 3.8999
3.9799 4.0599 4.1399 4.2199 4.2999 4.3799 4.4599 4.5399 4.6199 4.6999
4.7799 4.8599 4.9399 5.0199 5.0999 5.1799 5.2599 5.3399 5.4199 5.4999
5.5799 5.6599 5.7399 5.8199 5.8999 5.9799 6.0599 6.1399 6.2199 6.2999
6.3799 6.4599 6.5399 6.6199 6.6999 6.7799 6.8599 6.9399 7.0199 7.0999
7.1799 7.2599 7.3399 7.4199 7.4999 7.5799 7.6599 7.7399 7.8199 7.8999
7.9799 8.0599 8.1399 8.2199 8.2999 8.3799 8.4599 8.5399 8.6199 8.6999
8.7799 8.8599 8.9399 9.0199 9.0999 9.1799 9.2599 9.3399 9.4199 9.4999
9.5799 9.6599 9.7399 9.8199 9.8999 0 0.05998 0.11996 0.17994 0.23992
0.2999 0.3799 0.4599 0.5399 0.6199 0.6999 0.7799 0.8599 0.9399 1.0199
1.0999 1.1799 1.2599 1.3399 1.4199 1.4999 1.5799 1.6599 1.7399 1.8199
1.8999 1.9799 2.0599 2.1399 2.2199 2.2999 2.3799 2.4599 2.5399 2.6199
2.6999 2.7799 2.8599 2.9399 3.0199 3.0999 3.1799 3.2599 3.3399 3.4199
3.4999 3.5799 3.6599 3.7399 3.8199 3.8999 3.9799 4.0599 4.1399 4.2199
4.2999 4.3799 4.4599 4.5399 4.6199 4.6999 4.7799 4.8599 4.9399 5.0199
5.0999 5.1799 5.2599 5.3399 5.4199 5.4999 5.5799 5.6599 5.7399 5.8199
5.8999 5.9799 6.0599 6.1399 6.2199 6.2999 6.3799 6.4599 6.5399 6.6199
6.6999 6.7799 6.8599 6.9399 7.0199 7.0999 7.1799 7.2599 7.3399 7.4199
7.4999 7.5799 7.6599 7.7399 7.8199 7.8999 7.9799 8.0599 8.1399 8.2199
8.2999 8.3799 8.4599 8.5399 8.6199 8.6999 8.7799 8.8599 8.9399 9.0199
9.0999 9.1799 9.2599 9.3399 9.4199 9.4999 9.5799 9.6599 9.7399 9.8199
9.8999 0 0.05998 0.11996 0.17994 0.23992 0.2999 0.3799 0.4599 0.5399
0.6199 0.6999 0.7799 0.8599 0.9399 1.0199 1.0999 1.1799 1.2599 1.3399
1.4199 1.4999 1.5799 1.6599 1.7399 1.8199 1.8999 1.9799 2.0599 2.1399
2.2199 2.2999 2.3799 2.4599 2.5399 2.6199 2.6999 2.7799 2.8599 2.9399
3.0199 3.0999 3.1799 3.2599 3.3399 3.4199 3.4999 3.5799 3.6599 3.7399
3.8199 3.8999 3.9799 4.0599 4.1399 4.2199 4.2999 4.3799 4.4599 4.5399
4.6199 4.6999 4.7799 4.8599 4.9399 5.0199 5.0999 5.1799 5.2599 5.3399
5.4199 5.4999 5.5799 5.6599 5.7399 5.8199 5.8999 5.9799 6.0599 6.1399
6.2199 6.2999 6.3799 6.4599 6.5399 6.6199 6.6999 6.7799 6.8599 6.9399
7.0199 7.0999 7.1799 7.2599 7.3399 7.4199 7.4999 7.5799 7.6599 7.7399
7.8199 7.8999 7.9799 8.0599 8.1399 8.2199 8.2999 8.3799 8.4599 8.5399
8.6199 8.6999 8.7799 8.8599 8.9399 9.0199 9.0999 9.1799 9.2599 9.3399
9.4199 9.4999 9.5799 9.6599 9.7399 9.8199 9.8999 0 0.05998 0.11996
0.17994 0.23992 0.2999 0.3799 0.4599 0.5399 0.6199 0.6999 0.7799 0.8599
0.9399 1.0199 1.0999 1.1799 1.2599 1.3399 1.4199 1.4999 1.5799 1.6599
1.7399 1.8199 1.8999 1.9799 2.0599 2.1399 2.2199 2.2999 2.3799 2.4599
2.5399 2.6199 2.6999 2.7799 2.8599 2.9399 3.0199 3.0999 3.1799 3.2599
3.3399 3.4199 3.4999 3.5799 3.6599 3.7399 3.8199 3.8999 3.9799 4.0599
4.1399 4.2199 4.2999 4.3799 4.4599 4.5399 4.6199 4.6999 4.7799 4.8599
4.9399 5.0199 5.0999 5.1799 5.2599 5.3399 5.4199 5.4999 5.5799 5.6599
5.7399 5.8199 5.8999 5.9799 6.0599 6.1399 6.2199 6.2999 6.3799 6.4599
6.5399 6.6199 6.6999 6.7799 6.8599 6.9399 7.0199 7.0999 7.1799 7.2599
7.3399 7.4199 7.4999 7.5799 7.6599 7.7399 7.8199 7.8999 7.9799 8.0599
8.1399 8.2199 8.2999 8.3799 8.4599 8.5399 8.6199 8.6999 8.7799 8.8599
8.9399 9.0199 9.0999 9.1799 9.2599 9.3399 9.4199 9.4999 9.5799 9.6599
9.7399 9.8199 9.8999 0 0.05998 0.11996 0.17994 0.23992 0.2999 0.3799
0.4599 0.5399 0.6199 0.6999 0.7799 0.8599 0.9399 1.0199 1.0999 1.1799
1.2599 1.3399 1.4199 1.4999 1.5799 1.6599 1.7399 1.8199 1.8999 1.9799
2.0599 2.1399 2.2199 2.2999 2.3799 2.4599 2.5399 2.6199 2.6999 2.7799
2.8599 2.9399 3.0199 3.0999 3.1799 3.2599 3.3399 3.4199 3.4999 3.5799
3.6599 3.7399 3.8199 3.8999 3.9799 4.0599 4.1399 4.2199 4.2999 4.3799
4.4599 4.5399 4.6199 4.6999 4.7799 4.8599 4.9399 5.0199 5.0999 5.1799
5.2599 5.3399 5.4199 5.4999 5.5799 5.6599 5.7399 5.8199 5.8999 5.9799
6.0599 6.1399 6.2199 6.2999 6.3799 6.4599 6.5399 6.6199 6.6999 6.7799
6.8599 6.9399 7.0199 7.0999 7.1799 7.2599 7.3399 7.4199 7.4999 7.5799
7.6599 7.7399 7.8199 7.8999 7.9799 8.0599 8.1399 8.2199 8.2999 8.3799
8.4599 8.5399 8.6199 8.6999 8.7799 8.8599 8.9399 9.0199 9.0999 9.1799
9.2599 9.3399 9.4199 9.4999 9.5799 9.6599 9.7399 9.8199 9.8999 
p 1 2520 float
0 0 0 0 0 0 0 0 0 0 0
0 0 0 0 0 0 0 0 0 0
0 0 0 0 0 0 0 0 0 0
0 0 0 0 0 0 0 0 0 0
0 0 0 0 0 0 0 0 0 0
0 0 0 0 0 0 0 0 0 0
0 0 0 0 0 0 0 0 0 0
0 0 0 0 0 0 0 0 0 0
0 0 0 0 0 0 0 0 0 0
0 0 0 0 0 0 0 0 0 0
0 0 0 0 0 0 0 0 0 0
0 0 0 0 0 0 0 0 0 0
0 0 0 0 0 0 0 0 0 0
0 0 0 0 0 0 0 0 0 0
0 0 0 0 0 0 0 0 0 0
0 0 0 0 0 0 0 0 0 0
0 0 0 0 0 0 0 0 0 0
0 0 0 0 0 0 0 0 0 0
0 0 0 0 0 0 0 0 0 0
0 0 0 0 0 0 0 0 0 0
0 0 0 0 0 0 0 0 0 0
0 0 0 0 0 0 0 0 0 0
0 0 0 0 0 0 0 0 0 0
0 0 0 0 0 0 0 0 0 0
0 0 0 0 0 0 0 0 0 0
0 0 0 0 0 0 0 0 0 0
0 0 0 0 0 0 0 0 0 0
0 0 0 0 0 0 0 0 0 0
0 0 0 0 0 0 0 0 0 0
0 0 0 0 0 0 0 0 0 0
0 0 0 0 0 0 0 0 0 0
0 0 0 0 0 0 0 0 0 0
0 0 0 0 0 0 0 0 0 0
0 0 0 0 0 0 0 0 0 0
0 0 0 0 0 0 0 0 0 0
0 0 0 0 0 0 0 0 0 0
0 0 0 0 0 0 0 0 0 0
0 0 0 0 0 0 0 0 0 0
0 0 0 0 0 0 0 0 0 0
0 0 0 0 0 0 0 0 0 0
0 0 0 0 0 0 0 0 0 0
0 0 0 0 0 0 0 0 0 0
0 0 0 0 0 0 0 0 0 0
0 0 0 0 0 0 0 0 0 0
0 0 0 0 0 0 0 0 0 0
0 0 0 0 0 0 0 0 0 0
0 0 0 0 0 0 0 0 0 0
0 0 0 0 0 0 0 0 0 0
0 0 0 0 0 0 0 0 0 0
0 0 0 0 0 0 0 0 0 0
0 0 0 0 0 0 0 0 0 0
0 0 0 0 0 0 0 0 0 0
0 0 0 0 0 0 0 0 0 0
0 0 0 0 0 0 0 0 0 0
0 0 0 0 0 0 0 0 0 0
0 0 0 0 0 0 0 0 0 0
0 0 0 0 0 0 0 0 0 0
0 0 0 0 0 0 0 0 0 0
0 0 0 0 0 0 0 0 0 0
0 0 0 0 0 0 0 0 0 0
0 0 0 0 0 0 0 0 0 0
0 0 0 0 0 0 0 0 0 0
0 0 0 0 0 0 0 0 0 0
0 0 0 0 0 0 0 0 0 0
0 0 0 0 0 0 0 0 0 0
0 0 0 0 0 0 0 0 0 0
0 0 0 0 0 0 0 0 0 0
0 0 0 0 0 0 0 0 0 0
0 0 0 0 0 0 0 0 0 0
0 0 0 0 0 0 0 0 0 0
0 0 0 0 0 0 0 0 0 0
0 0 0 0 0 0 0 0 0 0
0 0 0 0 0 0 0 0 0 0
0 0 0 0 0 0 0 0 0 0
0 0 0 0 0 0 0 0 0 0
0 0 0 0 0 0 0 0 0 0
0 0 0 0 0 0 0 0 0 0
0 0 0 0 0 0 0 0 0 0
0 0 0 0 0 0 0 0 0 0
0 0 0 0 0 0 0 0 0 0
0 0 0 0 0 0 0 0 0 0
0 0 0 0 0 0 0 0 0 0
0 0 0 0 0 0 0 0 0 0
0 0 0 0 0 0 0 0 0 0
0 0 0 0 0 0 0 0 0 0
0 0 0 0 0 0 0 0 0 0
0 0 0 0 0 0 0 0 0 0
0 0 0 0 0 0 0 0 0 0
0 0 0 0 0 0 0 0 0 0
0 0 0 0 0 0 0 0 0 0
0 0 0 0 0 0 0 0 0 0
0 0 0 0 0 0 0 0 0 0
0 0 0 0 0 0 0 0 0 0
0 0 0 0 0 0 0 0 0 0
0 0 0 0 0 0 0 0 0 0
0 0 0 0 0 0 0 0 0 0
0 0 0 0 0 0 0 0 0 0
0 0 0 0 0 0 0 0 0 0
0 0 0 0 0 0 0 0 0 0
0 0 0 0 0 0 0 0 0 0
0 0 0 0 0 0 0 0 0 0
0 0 0 0 0 0 0 0 0 0
0 0 0 0 0 0 0 0 0 0
0 0 0 0 0 0 0 0 0 0
0 0 0 0 0 0 0 0 0 0
0 0 0 0 0 0 0 0 0 0
0 0 0 0 0 0 0 0 0 0
0 0 0 0 0 0 0 0 0 0
0 0 0 0 0 0 0 0 0 0
0 0 0 0 0 0 0 0 0 0
0 0 0 0 0 0 0 0 0 0
0 0 0 0 0 0 0 0 0 0
0 0 0 0 0 0 0 0 0 0
0 0 0 0 0 0 0 0 0 0
0 0 0 0 0 0 0 0 0 0
0 0 0 0 0 0 0 0 0 0
0 0 0 0 0 0 0 0 0 0
0 0 0 0 0 0 0 0 0 0
0 0 0 0 0 0 0 0 0 0
0 0 0 0 0 0 0 0 0 0
0 0 0 0 0 0 0 0 0 0
0 0 0 0 0 0 0 0 0 0
0 0 0 0 0 0 0 0 0 0
0 0 0 0 0 0 0 0 0 0
0 0 0 0 0 0 0 0 0 0
0 0 0 0 0 0 0 0 0 0
0 0 0 0 0 0 0 0 0 0
0 0 0 0 0 0 0 0 0 0
0 0 0 0 0 0 0 0 0 0
0 0 0 0 0 0 0 0 0 0
0 0 0 0 0 0 0 0 0 0
0 0 0 0 0 0 0 0 0 0
0 0 0 0 0 0 0 0 0 0
0 0 0 0 0 0 0 0 0 0
0 0 0 0 0 0 0 0 0 0
0 0 0 0 0 0 0 0 0 0
0 0 0 0 0 0 0 0 0 0
0 0 0 0 0 0 0 0 0 0
0 0 0 0 0 0 0 0 0 0
0 0 0 0 0 0 0 0 0 0
0 0 0 0 0 0 0 0 0 0
0 0 0 0 0 0 0 0 0 0
0 0 0 0 0 0 0 0 0 0
0 0 0 0 0 0 0 0 0 0
0 0 0 0 0 0 0 0 0 0
0 0 0 0 0 0 0 0 0 0
0 0 0 0 0 0 0 0 0 0
0 0 0 0 0 0 0 0 0 0
0 0 0 0 0 0 0 0 0 0
0 0 0 0 0 0 0 0 0 0
0 0 0 0 0 0 0 0 0 0
0 0 0 0 0 0 0 0 0 0
0 0 0 0 0 0 0 0 0 0
0 0 0 0 0 0 0 0 0 0
0 0 0 0 0 0 0 0 0 0
0 0 0 0 0 0 0 0 0 0
0 0 0 0 0 0 0 0 0 0
0 0 0 0 0 0 0 0 0 0
0 0 0 0 0 0 0 0 0 0
0 0 0 0 0 0 0 0 0 0
0 0 0 0 0 0 0 0 0 0
0 0 0 0 0 0 0 0 0 0
0 0 0 0 0 0 0 0 0 0
0 0 0 0 0 0 0 0 0 0
0 0 0 0 0 0 0 0 0 0
0 0 0 0 0 0 0 0 0 0
0 0 0 0 0 0 0 0 0 0
0 0 0 0 0 0 0 0 0 0
0 0 0 0 0 0 0 0 0 0
0 0 0 0 0 0 0 0 0 0
0 0 0 0 0 0 0 0 0 0
0 0 0 0 0 0 0 0 0 0
0 0 0 0 0 0 0 0 0 0
0 0 0 0 0 0 0 0 0 0
0 0 0 0 0 0 0 0 0 0
0 0 0 0 0 0 0 0 0 0
0 0 0 0 0 0 0 0 0 0
0 0 0 0 0 0 0 0 0 0
0 0 0 0 0 0 0 0 0 0
0 0 0 0 0 0 0 0 0 0
0 0 0 0 0 0 0 0 0 0
0 0 0 0 0 0 0 0 0 0
0 0 0 0 0 0 0 0 0 0
0 0 0 0 0 0 0 0 0 0
0 0 0 0 0 0 0 0 0 0
0 0 0 0 0 0 0 0 0 0
0 0 0 0 0 0 0 0 0 0
0 0 0 0 0 0 0 0 0 0
0 0 0 0 0 0 0 0 0 0
0 0 0 0 0 0 0 0 0 0
0 0 0 0 0 0 0 0 0 0
0 0 0 0 0 0 0 0 0 0
0 0 0 0 0 0 0 0 0 0
0 0 0 0 0 0 0 0 0 0
0 0 0 0 0 0 0 0 0 0
0 0 0 0 0 0 0 0 0 0
0 0 0 0 0 0 0 0 0 0
0 0 0 0 0 0 0 0 0 0
0 0 0 0 0 0 0 0 0 0
0 0 0 0 0 0 0 0 0 0
0 0 0 0 0 0 0 0 0 0
0 0 0 0 0 0 0 0 0 0
0 0 0 0 0 0 0 0 0 0
0 0 0 0 0 0 0 0 0 0
0 0 0 0 0 0 0 0 0 0
0 0 0 0 0 0 0 0 0 0
0 0 0 0 0 0 0 0 0 0
0 0 0 0 0 0 0 0 0 0
0 0 0 0 0 0 0 0 0 0
0 0 0 0 0 0 0 0 0 0
0 0 0 0 0 0 0 0 0 0
0 0 0 0 0 0 0 0 0 0
0 0 0 0 0 0 0 0 0 0
0 0 0 0 0 0 0 0 0 0
0 0 0 0 0 0 0 0 0 0
0 0 0 0 0 0 0 0 0 0
0 0 0 0 0 0 0 0 0 0
0 0 0 0 0 0 0 0 0 0
0 0 0 0 0 0 0 0 0 0
0 0 0 0 0 0 0 0 0 0
0 0 0 0 0 0 0 0 0 0
0 0 0 0 0 0 0 0 0 0
0 0 0 0 0 0 0 0 0 0
0 0 0 0 0 0 0 0 0 0
0 0 0 0 0 0 0 0 0 0
0 0 0 0 0 0 0 0 0 0
0 0 0 0 0 0 0 0 0 0
0 0 0 0 0 0 0 0 0 0
0 0 0 0 0 0 0 0 0 0
0 0 0 0 0 0 0 0 0 0
0 0 0 0 0 0 0 0 0 0
0 0 0 0 0 0 0 0 0 0
0 0 0 0 0 0 0 0 0 0
0 0 0 0 0 0 0 0 0 0
0 0 0 0 0 0 0 0 0 0
0 0 0 0 0 0 0 0 0 0
0 0 0 0 0 0 0 0 0 0
0 0 0 0 0 0 0 0 0 0
0 0 0 0 0 0 0 0 0 0
0 0 0 0 0 0 0 0 0 0
0 0 0 0 0 0 0 0 0 0
0 0 0 0 0 0 0 0 0 0
0 0 0 0 0 0 0 0 0 0
0 0 0 0 0 0 0 0 0 0
0 0 0 0 0 0 0 0 0 0
0 0 0 0 0 0 0 0 0 0
0 0 0 0 0 0 0 0 0 0
0 0 0 0 0 0 0 0 0 0
0 0 0 0 0 0 0 0 0 0
0 0 0 0 0 0 0 0 0 0
0 0 0 0 0 0 0 0 0 0
0 0 0 0 0 0 0 0 0 
k 1 2520 float
0.24 0.24 0.24 0.24 0.24 0.24 0.24 0.24 0.24 0.24 0.24
0.24 0.24 0.24 0.24 0.24 0.24 0.24 0.24 0.24 0.24
0.24 0.24 0.24 0.24 0.24 0.24 0.24 0.24 0.24 0.24
0.24 0.24 0.24 0.24 0.24 0.24 0.24 0.24 0.24 0.24
0.24 0.24 0.24 0.24 0.24 0.24 0.24 0.24 0.24 0.24
0.24 0.24 0.24 0.24 0.24 0.24 0.24 0.24 0.24 0.24
0.24 0.24 0.24 0.24 0.24 0.24 0.24 0.24 0.24 0.24
0.24 0.24 0.24 0.24 0.24 0.24 0.24 0.24 0.24 0.24
0.24 0.24 0.24 0.24 0.24 0.24 0.24 0.24 0.24 0.24
0.24 0.24 0.24 0.24 0.24 0.24 0.24 0.24 0.24 0.24
0.24 0.24 0.24 0.24 0.24 0.24 0.24 0.24 0.24 0.24
0.24 0.24 0.24 0.24 0.24 0.24 0.24 0.24 0.24 0.24
0.24 0.24 0.24 0.24 0.24 0.24 0.24 0.24 0.24 0.24
0.24 0.24 0.24 0.24 0.24 0.24 0.24 0.24 0.24 0.24
0.24 0.24 0.24 0.24 0.24 0.24 0.24 0.24 0.24 0.24
0.24 0.24 0.24 0.24 0.24 0.24 0.24 0.24 0.24 0.24
0.24 0.24 0.24 0.24 0.24 0.24 0.24 0.24 0.24 0.24
0.24 0.24 0.24 0.24 0.24 0.24 0.24 0.24 0.24 0.24
0.24 0.24 0.24 0.24 0.24 0.24 0.24 0.24 0.24 0.24
0.24 0.24 0.24 0.24 0.24 0.24 0.24 0.24 0.24 0.24
0.24 0.24 0.24 0.24 0.24 0.24 0.24 0.24 0.24 0.24
0.24 0.24 0.24 0.24 0.24 0.24 0.24 0.24 0.24 0.24
0.24 0.24 0.24 0.24 0.24 0.24 0.24 0.24 0.24 0.24
0.24 0.24 0.24 0.24 0.24 0.24 0.24 0.24 0.24 0.24
0.24 0.24 0.24 0.24 0.24 0.24 0.24 0.24 0.24 0.24
0.24 0.24 0.24 0.24 0.24 0.24 0.24 0.24 0.24 0.24
0.24 0.24 0.24 0.24 0.24 0.24 0.24 0.24 0.24 0.24
0.24 0.24 0.24 0.24 0.24 0.24 0.24 0.24 0.24 0.24
0.24 0.24 0.24 0.24 0.24 0.24 0.24 0.24 0.24 0.24
0.24 0.24 0.24 0.24 0.24 0.24 0.24 0.24 0.24 0.24
0.24 0.24 0.24 0.24 0.24 0.24 0.24 0.24 0.24 0.24
0.24 0.24 0.24 0.24 0.24 0.24 0.24 0.24 0.24 0.24
0.24 0.24 0.24 0.24 0.24 0.24 0.24 0.24 0.24 0.24
0.24 0.24 0.24 0.24 0.24 0.24 0.24 0.24 0.24 0.24
0.24 0.24 0.24 0.24 0.24 0.24 0.24 0.24 0.24 0.24
0.24 0.24 0.24 0.24 0.24 0.24 0.24 0.24 0.24 0.24
0.24 0.24 0.24 0.24 0.24 0.24 0.24 0.24 0.24 0.24
0.24 0.24 0.24 0.24 0.24 0.24 0.24 0.24 0.24 0.24
0.24 0.24 0.24 0.24 0.24 0.24 0.24 0.24 0.24 0.24
0.24 0.24 0.24 0.24 0.24 0.24 0.24 0.24 0.24 0.24
0.24 0.24 0.24 0.24 0.24 0.24 0.24 0.24 0.24 0.24
0.24 0.24 0.24 0.24 0.24 0.24 0.24 0.24 0.24 0.24
0.24 0.24 0.24 0.24 0.24 0.24 0.24 0.24 0.24 0.24
0.24 0.24 0.24 0.24 0.24 0.24 0.24 0.24 0.24 0.24
0.24 0.24 0.24 0.24 0.24 0.24 0.24 0.24 0.24 0.24
0.24 0.24 0.24 0.24 0.24 0.24 0.24 0.24 0.24 0.24
0.24 0.24 0.24 0.24 0.24 0.24 0.24 0.24 0.24 0.24
0.24 0.24 0.24 0.24 0.24 0.24 0.24 0.24 0.24 0.24
0.24 0.24 0.24 0.24 0.24 0.24 0.24 0.24 0.24 0.24
0.24 0.24 0.24 0.24 0.24 0.24 0.24 0.24 0.24 0.24
0.24 0.24 0.24 0.24 0.24 0.24 0.24 0.24 0.24 0.24
0.24 0.24 0.24 0.24 0.24 0.24 0.24 0.24 0.24 0.24
0.24 0.24 0.24 0.24 0.24 0.24 0.24 0.24 0.24 0.24
0.24 0.24 0.24 0.24 0.24 0.24 0.24 0.24 0.24 0.24
0.24 0.24 0.24 0.24 0.24 0.24 0.24 0.24 0.24 0.24
0.24 0.24 0.24 0.24 0.24 0.24 0.24 0.24 0.24 0.24
0.24 0.24 0.24 0.24 0.24 0.24 0.24 0.24 0.24 0.24
0.24 0.24 0.24 0.24 0.24 0.24 0.24 0.24 0.24 0.24
0.24 0.24 0.24 0.24 0.24 0.24 0.24 0.24 0.24 0.24
0.24 0.24 0.24 0.24 0.24 0.24 0.24 0.24 0.24 0.24
0.24 0.24 0.24 0.24 0.24 0.24 0.24 0.24 0.24 0.24
0.24 0.24 0.24 0.24 0.24 0.24 0.24 0.24 0.24 0.24
0.24 0.24 0.24 0.24 0.24 0.24 0.24 0.24 0.24 0.24
0.24 0.24 0.24 0.24 0.24 0.24 0.24 0.24 0.24 0.24
0.24 0.24 0.24 0.24 0.24 0.24 0.24 0.24 0.24 0.24
0.24 0.24 0.24 0.24 0.24 0.24 0.24 0.24 0.24 0.24
0.24 0.24 0.24 0.24 0.24 0.24 0.24 0.24 0.24 0.24
0.24 0.24 0.24 0.24 0.24 0.24 0.24 0.24 0.24 0.24
0.24 0.24 0.24 0.24 0.24 0.24 0.24 0.24 0.24 0.24
0.24 0.24 0.24 0.24 0.24 0.24 0.24 0.24 0.24 0.24
0.24 0.24 0.24 0.24 0.24 0.24 0.24 0.24 0.24 0.24
0.24 0.24 0.24 0.24 0.24 0.24 0.24 0.24 0.24 0.24
0.24 0.24 0.24 0.24 0.24 0.24 0.24 0.24 0.24 0.24
0.24 0.24 0.24 0.24 0.24 0.24 0.24 0.24 0.24 0.24
0.24 0.24 0.24 0.24 0.24 0.24 0.24 0.24 0.24 0.24
0.24 0.24 0.24 0.24 0.24 0.24 0.24 0.24 0.24 0.24
0.24 0.24 0.24 0.24 0.24 0.24 0.24 0.24 0.24 0.24
0.24 0.24 0.24 0.24 0.24 0.24 0.24 0.24 0.24 0.24
0.24 0.24 0.24 0.24 0.24 0.24 0.24 0.24 0.24 0.24
0.24 0.24 0.24 0.24 0.24 0.24 0.24 0.24 0.24 0.24
0.24 0.24 0.24 0.24 0.24 0.24 0.24 0.24 0.24 0.24
0.24 0.24 0.24 0.24 0.24 0.24 0.24 0.24 0.24 0.24
0.24 0.24 0.24 0.24 0.24 0.24 0.24 0.24 0.24 0.24
0.24 0.24 0.24 0.24 0.24 0.24 0.24 0.24 0.24 0.24
0.24 0.24 0.24 0.24 0.24 0.24 0.24 0.24 0.24 0.24
0.24 0.24 0.24 0.24 0.24 0.24 0.24 0.24 0.24 0.24
0.24 0.24 0.24 0.24 0.24 0.24 0.24 0.24 0.24 0.24
0.24 0.24 0.24 0.24 0.24 0.24 0.24 0.24 0.24 0.24
0.24 0.24 0.24 0.24 0.24 0.24 0.24 0.24 0.24 0.24
0.24 0.24 0.24 0.24 0.24 0.24 0.24 0.24 0.24 0.24
0.24 0.24 0.24 0.24 0.24 0.24 0.24 0.24 0.24 0.24
0.24 0.24 0.24 0.24 0.24 0.24 0.24 0.24 0.24 0.24
0.24 0.24 0.24 0.24 0.24 0.24 0.24 0.24 0.24 0.24
0.24 0.24 0.24 0.24 0.24 0.24 0.24 0.24 0.24 0.24
0.24 0.24 0.24 0.24 0.24 0.24 0.24 0.24 0.24 0.24
0.24 0.24 0.24 0.24 0.24 0.24 0.24 0.24 0.24 0.24
0.24 0.24 0.24 0.24 0.24 0.24 0.24 0.24 0.24 0.24
0.24 0.24 0.24 0.24 0.24 0.24 0.24 0.24 0.24 0.24
0.24 0.24 0.24 0.24 0.24 0.24 0.24 0.24 0.24 0.24
0.24 0.24 0.24 0.24 0.24 0.24 0.24 0.24 0.24 0.24
0.24 0.24 0.24 0.24 0.24 0.24 0.24 0.24 0.24 0.24
0.24 0.24 0.24 0.24 0.24 0.24 0.24 0.24 0.24 0.24
0.24 0.24 0.24 0.24 0.24 0.24 0.24 0.24 0.24 0.24
0.24 0.24 0.24 0.24 0.24 0.24 0.24 0.24 0.24 0.24
0.24 0.24 0.24 0.24 0.24 0.24 0.24 0.24 0.24 0.24
0.24 0.24 0.24 0.24 0.24 0.24 0.24 0.24 0.24 0.24
0.24 0.24 0.24 0.24 0.24 0.24 0.24 0.24 0.24 0.24
0.24 0.24 0.24 0.24 0.24 0.24 0.24 0.24 0.24 0.24
0.24 0.24 0.24 0.24 0.24 0.24 0.24 0.24 0.24 0.24
0.24 0.24 0.24 0.24 0.24 0.24 0.24 0.24 0.24 0.24
0.24 0.24 0.24 0.24 0.24 0.24 0.24 0.24 0.24 0.24
0.24 0.24 0.24 0.24 0.24 0.24 0.24 0.24 0.24 0.24
0.24 0.24 0.24 0.24 0.24 0.24 0.24 0.24 0.24 0.24
0.24 0.24 0.24 0.24 0.24 0.24 0.24 0.24 0.24 0.24
0.24 0.24 0.24 0.24 0.24 0.24 0.24 0.24 0.24 0.24
0.24 0.24 0.24 0.24 0.24 0.24 0.24 0.24 0.24 0.24
0.24 0.24 0.24 0.24 0.24 0.24 0.24 0.24 0.24 0.24
0.24 0.24 0.24 0.24 0.24 0.24 0.24 0.24 0.24 0.24
0.24 0.24 0.24 0.24 0.24 0.24 0.24 0.24 0.24 0.24
0.24 0.24 0.24 0.24 0.24 0.24 0.24 0.24 0.24 0.24
0.24 0.24 0.24 0.24 0.24 0.24 0.24 0.24 0.24 0.24
0.24 0.24 0.24 0.24 0.24 0.24 0.24 0.24 0.24 0.24
0.24 0.24 0.24 0.24 0.24 0.24 0.24 0.24 0.24 0.24
0.24 0.24 0.24 0.24 0.24 0.24 0.24 0.24 0.24 0.24
0.24 0.24 0.24 0.24 0.24 0.24 0.24 0.24 0.24 0.24
0.24 0.24 0.24 0.24 0.24 0.24 0.24 0.24 0.24 0.24
0.24 0.24 0.24 0.24 0.24 0.24 0.24 0.24 0.24 0.24
0.24 0.24 0.24 0.24 0.24 0.24 0.24 0.24 0.24 0.24
0.24 0.24 0.24 0.24 0.24 0.24 0.24 0.24 0.24 0.24
0.24 0.24 0.24 0.24 0.24 0.24 0.24 0.24 0.24 0.24
0.24 0.24 0.24 0.24 0.24 0.24 0.24 0.24 0.24 0.24
0.24 0.24 0.24 0.24 0.24 0.24 0.24 0.24 0.24 0.24
0.24 0.24 0.24 0.24 0.24 0.24 0.24 0.24 0.24 0.24
0.24 0.24 0.24 0.24 0.24 0.24 0.24 0.24 0.24 0.24
0.24 0.24 0.24 0.24 0.24 0.24 0.24 0.24 0.24 0.24
0.24 0.24 0.24 0.24 0.24 0.24 0.24 0.24 0.24 0.24
0.24 0.24 0.24 0.24 0.24 0.24 0.24 0.24 0.24 0.24
0.24 0.24 0.24 0.24 0.24 0.24 0.24 0.24 0.24 0.24
0.24 0.24 0.24 0.24 0.24 0.24 0.24 0.24 0.24 0.24
0.24 0.24 0.24 0.24 0.24 0.24 0.24 0.24 0.24 0.24
0.24 0.24 0.24 0.24 0.24 0.24 0.24 0.24 0.24 0.24
0.24 0.24 0.24 0.24 0.24 0.24 0.24 0.24 0.24 0.24
0.24 0.24 0.24 0.24 0.24 0.24 0.24 0.24 0.24 0.24
0.24 0.24 0.24 0.24 0.24 0.24 0.24 0.24 0.24 0.24
0.24 0.24 0.24 0.24 0.24 0.24 0.24 0.24 0.24 0.24
0.24 0.24 0.24 0.24 0.24 0.24 0.24 0.24 0.24 0.24
0.24 0.24 0.24 0.24 0.24 0.24 0.24 0.24 0.24 0.24
0.24 0.24 0.24 0.24 0.24 0.24 0.24 0.24 0.24 0.24
0.24 0.24 0.24 0.24 0.24 0.24 0.24 0.24 0.24 0.24
0.24 0.24 0.24 0.24 0.24 0.24 0.24 0.24 0.24 0.24
0.24 0.24 0.24 0.24 0.24 0.24 0.24 0.24 0.24 0.24
0.24 0.24 0.24 0.24 0.24 0.24 0.24 0.24 0.24 0.24
0.24 0.24 0.24 0.24 0.24 0.24 0.24 0.24 0.24 0.24
0.24 0.24 0.24 0.24 0.24 0.24 0.24 0.24 0.24 0.24
0.24 0.24 0.24 0.24 0.24 0.24 0.24 0.24 0.24 0.24
0.24 0.24 0.24 0.24 0.24 0.24 0.24 0.24 0.24 0.24
0.24 0.24 0.24 0.24 0.24 0.24 0.24 0.24 0.24 0.24
0.24 0.24 0.24 0.24 0.24 0.24 0.24 0.24 0.24 0.24
0.24 0.24 0.24 0.24 0.24 0.24 0.24 0.24 0.24 0.24
0.24 0.24 0.24 0.24 0.24 0.24 0.24 0.24 0.24 0.24
0.24 0.24 0.24 0.24 0.24 0.24 0.24 0.24 0.24 0.24
0.24 0.24 0.24 0.24 0.24 0.24 0.24 0.24 0.24 0.24
0.24 0.24 0.24 0.24 0.24 0.24 0.24 0.24 0.24 0.24
0.24 0.24 0.24 0.24 0.24 0.24 0.24 0.24 0.24 0.24
0.24 0.24 0.24 0.24 0.24 0.24 0.24 0.24 0.24 0.24
0.24 0.24 0.24 0.24 0.24 0.24 0.24 0.24 0.24 0.24
0.24 0.24 0.24 0.24 0.24 0.24 0.24 0.24 0.24 0.24
0.24 0.24 0.24 0.24 0.24 0.24 0.24 0.24 0.24 0.24
0.24 0.24 0.24 0.24 0.24 0.24 0.24 0.24 0.24 0.24
0.24 0.24 0.24 0.24 0.24 0.24 0.24 0.24 0.24 0.24
0.24 0.24 0.24 0.24 0.24 0.24 0.24 0.24 0.24 0.24
0.24 0.24 0.24 0.24 0.24 0.24 0.24 0.24 0.24 0.24
0.24 0.24 0.24 0.24 0.24 0.24 0.24 0.24 0.24 0.24
0.24 0.24 0.24 0.24 0.24 0.24 0.24 0.24 0.24 0.24
0.24 0.24 0.24 0.24 0.24 0.24 0.24 0.24 0.24 0.24
0.24 0.24 0.24 0.24 0.24 0.24 0.24 0.24 0.24 0.24
0.24 0.24 0.24 0.24 0.24 0.24 0.24 0.24 0.24 0.24
0.24 0.24 0.24 0.24 0.24 0.24 0.24 0.24 0.24 0.24
0.24 0.24 0.24 0.24 0.24 0.24 0.24 0.24 0.24 0.24
0.24 0.24 0.24 0.24 0.24 0.24 0.24 0.24 0.24 0.24
0.24 0.24 0.24 0.24 0.24 0.24 0.24 0.24 0.24 0.24
0.24 0.24 0.24 0.24 0.24 0.24 0.24 0.24 0.24 0.24
0.24 0.24 0.24 0.24 0.24 0.24 0.24 0.24 0.24 0.24
0.24 0.24 0.24 0.24 0.24 0.24 0.24 0.24 0.24 0.24
0.24 0.24 0.24 0.24 0.24 0.24 0.24 0.24 0.24 0.24
0.24 0.24 0.24 0.24 0.24 0.24 0.24 0.24 0.24 0.24
0.24 0.24 0.24 0.24 0.24 0.24 0.24 0.24 0.24 0.24
0.24 0.24 0.24 0.24 0.24 0.24 0.24 0.24 0.24 0.24
0.24 0.24 0.24 0.24 0.24 0.24 0.24 0.24 0.24 0.24
0.24 0.24 0.24 0.24 0.24 0.24 0.24 0.24 0.24 0.24
0.24 0.24 0.24 0.24 0.24 0.24 0.24 0.24 0.24 0.24
0.24 0.24 0.24 0.24 0.24 0.24 0.24 0.24 0.24 0.24
0.24 0.24 0.24 0.24 0.24 0.24 0.24 0.24 0.24 0.24
0.24 0.24 0.24 0.24 0.24 0.24 0.24 0.24 0.24 0.24
0.24 0.24 0.24 0.24 0.24 0.24 0.24 0.24 0.24 0.24
0.24 0.24 0.24 0.24 0.24 0.24 0.24 0.24 0.24 0.24
0.24 0.24 0.24 0.24 0.24 0.24 0.24 0.24 0.24 0.24
0.24 0.24 0.24 0.24 0.24 0.24 0.24 0.24 0.24 0.24
0.24 0.24 0.24 0.24 0.24 0.24 0.24 0.24 0.24 0.24
0.24 0.24 0.24 0.24 0.24 0.24 0.24 0.24 0.24 0.24
0.24 0.24 0.24 0.24 0.24 0.24 0.24 0.24 0.24 0.24
0.24 0.24 0.24 0.24 0.24 0.24 0.24 0.24 0.24 0.24
0.24 0.24 0.24 0.24 0.24 0.24 0.24 0.24 0.24 0.24
0.24 0.24 0.24 0.24 0.24 0.24 0.24 0.24 0.24 0.24
0.24 0.24 0.24 0.24 0.24 0.24 0.24 0.24 0.24 0.24
0.24 0.24 0.24 0.24 0.24 0.24 0.24 0.24 0.24 0.24
0.24 0.24 0.24 0.24 0.24 0.24 0.24 0.24 0.24 0.24
0.24 0.24 0.24 0.24 0.24 0.24 0.24 0.24 0.24 0.24
0.24 0.24 0.24 0.24 0.24 0.24 0.24 0.24 0.24 0.24
0.24 0.24 0.24 0.24 0.24 0.24 0.24 0.24 0.24 0.24
0.24 0.24 0.24 0.24 0.24 0.24 0.24 0.24 0.24 0.24
0.24 0.24 0.24 0.24 0.24 0.24 0.24 0.24 0.24 0.24
0.24 0.24 0.24 0.24 0.24 0.24 0.24 0.24 0.24 0.24
0.24 0.24 0.24 0.24 0.24 0.24 0.24 0.24 0.24 0.24
0.24 0.24 0.24 0.24 0.24 0.24 0.24 0.24 0.24 0.24
0.24 0.24 0.24 0.24 0.24 0.24 0.24 0.24 0.24 0.24
0.24 0.24 0.24 0.24 0.24 0.24 0.24 0.24 0.24 0.24
0.24 0.24 0.24 0.24 0.24 0.24 0.24 0.24 0.24 0.24
0.24 0.24 0.24 0.24 0.24 0.24 0.24 0.24 0.24 0.24
0.24 0.24 0.24 0.24 0.24 0.24 0.24 0.24 0.24 0.24
0.24 0.24 0.24 0.24 0.24 0.24 0.24 0.24 0.24 0.24
0.24 0.24 0.24 0.24 0.24 0.24 0.24 0.24 0.24 0.24
0.24 0.24 0.24 0.24 0.24 0.24 0.24 0.24 0.24 0.24
0.24 0.24 0.24 0.24 0.24 0.24 0.24 0.24 0.24 0.24
0.24 0.24 0.24 0.24 0.24 0.24 0.24 0.24 0.24 0.24
0.24 0.24 0.24 0.24 0.24 0.24 0.24 0.24 0.24 0.24
0.24 0.24 0.24 0.24 0.24 0.24 0.24 0.24 0.24 0.24
0.24 0.24 0.24 0.24 0.24 0.24 0.24 0.24 0.24 0.24
0.24 0.24 0.24 0.24 0.24 0.24 0.24 0.24 0.24 0.24
0.24 0.24 0.24 0.24 0.24 0.24 0.24 0.24 0.24 0.24
0.24 0.24 0.24 0.24 0.24 0.24 0.24 0.24 0.24 0.24
0.24 0.24 0.24 0.24 0.24 0.24 0.24 0.24 0.24 0.24
0.24 0.24 0.24 0.24 0.24 0.24 0.24 0.24 0.24 0.24
0.24 0.24 0.24 0.24 0.24 0.24 0.24 0.24 0.24 0.24
0.24 0.24 0.24 0.24 0.24 0.24 0.24 0.24 0.24 0.24
0.24 0.24 0.24 0.24 0.24 0.24 0.24 0.24 0.24 0.24
0.24 0.24 0.24 0.24 0.24 0.24 0.24 0.24 0.24 0.24
0.24 0.24 0.24 0.24 0.24 0.24 0.24 0.24 0.24 0.24
0.24 0.24 0.24 0.24 0.24 0.24 0.24 0.24 0.24 0.24
0.24 0.24 0.24 0.24 0.24 0.24 0.24 0.24 0.24 0.24
0.24 0.24 0.24 0.24 0.24 0.24 0.24 0.24 0.24 0.24
0.24 0.24 0.24 0.24 0.24 0.24 0.24 0.24 0.24 0.24
0.24 0.24 0.24 0.24 0.24 0.24 0.24 0.24 0.24 0.24
0.24 0.24 0.24 0.24 0.24 0.24 0.24 0.24 0.24 0.24
0.24 0.24 0.24 0.24 0.24 0.24 0.24 0.24 0.24 0.24
0.24 0.24 0.24 0.24 0.24 0.24 0.24 0.24 0.24 0.24
0.24 0.24 0.24 0.24 0.24 0.24 0.24 0.24 0.24 0.24
0.24 0.24 0.24 0.24 0.24 0.24 0.24 0.24 0.24 0.24
0.24 0.24 0.24 0.24 0.24 0.24 0.24 0.24 0.24 0.24
0.24 0.24 0.24 0.24 0.24 0.24 0.24 0.24 0.24 0.24
0.24 0.24 0.24 0.24 0.24 0.24 0.24 0.24 0.24 0.24
0.24 0.24 0.24 0.24 0.24 0.24 0.24 0.24 0.24 
U 3 2520 float
-10 2.38818e-09 8.00884e-11 -10 2.38818e-09 8.00884e-11 -10 2.38818e-09 8.00884e-11 -10 2.38818e-09
8.00884e-11 -10 2.38818e-09 8.00884e-11 -10 1.3064e-09 9.55081e-11 -10 2.25306e-09 9.84381e-11
-10 2.25306e-09 9.84381e-11 -10 2.25306e-09 9.84381e-11 -10 2.25306e-09 9.84381e-11 -10
1.24101e-09 1.07223e-10 -10 2.15576e-09 1.06566e-10 -10 2.15576e-09 1.06566e-10 -10 2.15576e-09
1.06566e-10 -10 2.15576e-09 1.06566e-10 -10 1.18155e-09 1.14494e-10 -10 2.05604e-09 1.20506e-10
-10 2.05604e-09 1.20506e-10 -10 2.05604e-09 1.20506e-10 -10 2.05604e-09 1.20506e-10 -10
1.12413e-09 1.18125e-10 -10 1.9701e-09 1.19372e-10 -10 1.9701e-09 1.19372e-10 -10 1.9701e-09
1.19372e-10 -10 1.9701e-09 1.19372e-10 -10 1.06e-09 1.21037e-10 -10 1.84188e-09 1.34642e-10
-10 1.84188e-09 1.34642e-10 -10 1.84188e-09 1.34642e-10 -10 1.84188e-09 1.34642e-10 -10
9.81806e-10 1.25467e-10 -10 1.69391e-09 1.35442e-10 -10 1.69391e-09 1.35442e-10 -10 1.69391e-09
1.35442e-10 -10 1.69391e-09 1.35442e-10 -10 8.83353e-10 1.31308e-10 -10 1.47083e-09 1.59502e-10
-10 1.47083e-09 1.59502e-10 -10 1.47083e-09 1.59502e-10 -10 1.47083e-09 1.59502e-10 -10
8.02492e-10 1.24817e-10 -10 1.42652e-09 1.25013e-10 -10 1.42652e-09 1.25013e-10 -10 1.42652e-09
1.25013e-10 -10 1.42652e-09 1.25013e-10 -10 7.47514e-10 1.06096e-10 -10 1.32888e-09 1.05826e-10
-10 1.32888e-09 1.05826e-10 -10 1.32888e-09 1.05826e-10 -10 1.32888e-09 1.05826e-10 -10
6.90359e-10 8.66238e-11 -10 1.22647e-09 8.24904e-11 -10 1.22647e-09 8.24904e-11 -10 1.22647e-09
8.24904e-11 -10 1.22647e-09 8.24904e-11 -10 6.33751e-10 6.75192e-11 -10 1.10659e-09 4.66286e-11
-10 1.10659e-09 4.66286e-11 -10 1.10659e-09 4.66286e-11 -10 1.10659e-09 4.66286e-11 -10
5.76023e-10 5.19619e-11 -10 9.80598e-10 3.50733e-11 -10 9.80598e-10 3.50733e-11 -10 9.80598e-10
3.50733e-11 -10 9.80598e-10 3.50733e-11 -10 5.1483e-10 4.17136e-11 -10 8.47361e-10 1.06143e-11
-10 8.47361e-10 1.06143e-11 -10 8.47361e-10 1.06143e-11 -10 8.47361e-10 1.06143e-11 -10
4.50832e-10 4.09687e-11 -10 7.22406e-10 2.55891e-11 -10 7.22406e-10 2.55891e-11 -10 7.22406e-10
2.55891e-11 -10 7.22406e-10 2.55891e-11 -10 3.83231e-10 5.33423e-11 -10 5.7519e-10 3.25514e-11
-10 5.7519e-10 3.25514e-11 -10 5.7519e-10 3.25514e-11 -10 5.7519e-10 3.25514e-11 -10
3.08598e-10 8.05839e-11 -10 4.17242e-10 7.06632e-11 -10 4.17242e-10 7.06632e-11 -10 4.17242e-10
7.06632e-11 -10 4.17242e-10 7.06632e-11 -10 2.30259e-10 1.22318e-10 -10 2.35229e-10 9.7233e-11
-10 2.35229e-10 9.7233e-11 -10 2.35229e-10 9.7233e-11 -10 2.35229e-10 9.7233e-11 -10
1.47755e-10 1.75523e-10 -10 6.30916e-11 1.72901e-10 -10 6.30916e-11 1.72901e-10 -10 6.30916e-11
1.72901e-10 -10 6.30916e-11 1.72901e-10 -10 6.36352e-11 2.29372e-10 -10 -6.97664e-11 2.67504e-10
-10 -6.97664e-11 2.67504e-10 -10 -6.97664e-11 2.67504e-10 -10 -6.97664e-11 2.67504e-10 -10
-1.70914e-11 2.78691e-10 -10 -2.61381e-10 2.85107e-10 -10 -2.61381e-10 2.85107e-10 -10 -2.61381e-10
2.85107e-10 -10 -2.61381e-10 2.85107e-10 -10 -9.07659e-11 3.12619e-10 -10 -4.06259e-10 3.26535e-10
-10 -4.06259e-10 3.26535e-10 -10 -4.06259e-10 3.26535e-10 -10 -4.06259e-10 3.26535e-10 -10
-1.40058e-10 2.97171e-10 -10 -3.7601e-10 2.51983e-10 -10 -3.7601e-10 2.51983e-10 -10 -3.7601e-10
2.51983e-10 -10 -3.7601e-10 2.51983e-10 -10 -1.44495e-10 2.25154e-10 -10 -2.45203e-10 1.89612e-10
-10 -2.45203e-10 1.89612e-10 -10 -2.45203e-10 1.89612e-10 -10 -2.45203e-10 1.89612e-10 -10
-9.6334e-11 1.21698e-10 -10 -2.57627e-08 1.36597e-08 -10 -5.16964e-08 2.73826e-08 -10 -7.76301e-08
4.11055e-08 -10 -1.03564e-07 5.48284e-08 -10 -1.29437e-07 6.8557e-08 -10 1.16655e-07 3.91207e-09
-10 1.16655e-07 3.91207e-09 -10 1.16655e-07 3.91207e-09 -10 1.16655e-07 3.91207e-09 -10
1.16655e-07 3.91207e-09 -10 6.38136e-08 4.66527e-09 -10 1.10055e-07 4.8084e-09 -10 1.10055e-07
4.8084e-09 -10 1.10055e-07 4.8084e-09 -10 1.10055e-07 4.8084e-09 -10 6.06194e-08 5.23749e-09
-10 1.05302e-07 5.20543e-09 -10 1.05302e-07 5.20543e-09 -10 1.05302e-07 5.20543e-09 -10
1.05302e-07 5.20543e-09 -10 5.77151e-08 5.59267e-09 -10 1.00431e-07 5.88634e-09 -10 1.00431e-07
5.88634e-09 -10 1.00431e-07 5.88634e-09 -10 1.00431e-07 5.88634e-09 -10 5.49103e-08 5.77003e-09
-10 9.62331e-08 5.83095e-09 -10 9.62331e-08 5.83095e-09 -10 9.62331e-08 5.83095e-09 -10
9.62331e-08 5.83095e-09 -10 5.17777e-08 5.91229e-09 -10 8.99699e-08 6.57683e-09 -10 8.99699e-08
6.57683e-09 -10 8.99699e-08 6.57683e-09 -10 8.99699e-08 6.57683e-09 -10 4.79582e-08 6.12867e-09
-10 8.27424e-08 6.61593e-09 -10 8.27424e-08 6.61593e-09 -10 8.27424e-08 6.61593e-09 -10
8.27424e-08 6.61593e-09 -10 4.3149e-08 6.41399e-09 -10 7.18456e-08 7.79119e-09 -10 7.18456e-08
7.79119e-09 -10 7.18456e-08 7.79119e-09 -10 7.18456e-08 7.79119e-09 -10 3.91992e-08 6.09694e-09
-10 6.96811e-08 6.10651e-09 -10 6.96811e-08 6.10651e-09 -10 6.96811e-08 6.10651e-09 -10
6.96811e-08 6.10651e-09 -10 3.65137e-08 5.18246e-09 -10 6.49119e-08 5.16928e-09 -10 6.49119e-08
5.16928e-09 -10 6.49119e-08 5.16928e-09 -10 6.49119e-08 5.16928e-09 -10 3.37219e-08 4.2313e-09
-10 5.99094e-08 4.0294e-09 -10 5.99094e-08 4.0294e-09 -10 5.99094e-08 4.0294e-09 -10
5.99094e-08 4.0294e-09 -10 3.09568e-08 3.2981e-09 -10 5.40533e-08 2.27766e-09 -10 5.40533e-08
2.27766e-09 -10 5.40533e-08 2.27766e-09 -10 5.40533e-08 2.27766e-09 -10 2.81369e-08 2.53818e-09
-10 4.78991e-08 1.71322e-09 -10 4.78991e-08 1.71322e-09 -10 4.78991e-08 1.71322e-09 -10
4.78991e-08 1.71322e-09 -10 2.51478e-08 2.03758e-09 -10 4.1391e-08 5.18473e-10 -10 4.1391e-08
5.18473e-10 -10 4.1391e-08 5.18473e-10 -10 4.1391e-08 5.18473e-10 -10 2.20217e-08 2.00119e-09
-10 3.52873e-08 1.24995e-09 -10 3.52873e-08 1.24995e-09 -10 3.52873e-08 1.24995e-09 -10
3.52873e-08 1.24995e-09 -10 1.87196e-08 2.60561e-09 -10 2.80963e-08 1.59004e-09 -10 2.80963e-08
1.59004e-09 -10 2.80963e-08 1.59004e-09 -10 2.80963e-08 1.59004e-09 -10 1.5074e-08 3.93627e-09
-10 2.0381e-08 3.45168e-09 -10 2.0381e-08 3.45168e-09 -10 2.0381e-08 3.45168e-09 -10
2.0381e-08 3.45168e-09 -10 1.12474e-08 5.97485e-09 -10 1.14902e-08 4.74953e-09 -10 1.14902e-08
4.74953e-09 -10 1.14902e-08 4.74953e-09 -10 1.14902e-08 4.74953e-09 -10 7.21738e-09 8.57373e-09
-10 3.08183e-09 8.44569e-09 -10 3.08183e-09 8.44569e-09 -10 3.08183e-09 8.44569e-09 -10
3.08183e-09 8.44569e-09 -10 3.10838e-09 1.12041e-08 -10 -3.40787e-09 1.30667e-08 -10 -3.40787e-09
1.30667e-08 -10 -3.40787e-09 1.30667e-08 -10 -3.40787e-09 1.30667e-08 -10 -8.34861e-10 1.36132e-08
-10 -1.27676e-08 1.39266e-08 -10 -1.27676e-08 1.39266e-08 -10 -1.27676e-08 1.39266e-08 -10
-1.27676e-08 1.39266e-08 -10 -4.43363e-09 1.52705e-08 -10 -1.98445e-08 1.59502e-08 -10 -1.98445e-08
1.59502e-08 -10 -1.98445e-08 1.59502e-08 -10 -1.98445e-08 1.59502e-08 -10 -6.84138e-09 1.45159e-08
-10 -1.83669e-08 1.23086e-08 -10 -1.83669e-08 1.23086e-08 -10 -1.83669e-08 1.23086e-08 -10
-1.83669e-08 1.23086e-08 -10 -7.05811e-09 1.09981e-08 -10 -1.19774e-08 9.26194e-09 -10 -1.19774e-08
9.26194e-09 -10 -1.19774e-08 9.26194e-09 -10 -1.19774e-08 9.26194e-09 -10 -4.70562e-09 5.94458e-09
-10 -3.0067e-08 1.5771e-08 -10 -5.60006e-08 2.9494e-08 -10 -8.19343e-08 4.32169e-08 -10
-1.07868e-07 5.69398e-08 -10 -1.30856e-07 7.0938e-08 -10 1.90726e-07 7.74216e-09 -10 1.90726e-07
7.74216e-09 -10 1.90726e-07 7.74216e-09 -10 1.90725e-07 7.74216e-09 -10 1.90725e-07 7.74216e-09
-10 1.26321e-07 9.23503e-09 -10 1.80108e-07 9.40152e-09 -10 1.80108e-07 9.40152e-09 -10
1.80108e-07 9.40152e-09 -10 1.80108e-07 9.40152e-09 -10 1.19998e-07 1.03678e-08 -10 1.71972e-07
1.03305e-08 -10 1.71972e-07 1.03305e-08 -10 1.71972e-07 1.03305e-08 -10 1.71972e-07 1.03305e-08
-10 1.14249e-07 1.10709e-08 -10 1.63935e-07 1.14124e-08 -10 1.63935e-07 1.14124e-08 -10
1.63935e-07 1.14124e-08 -10 1.63935e-07 1.14124e-08 -10 1.08697e-07 1.14219e-08 -10 1.56762e-07
1.14928e-08 -10 1.56762e-07 1.14928e-08 -10 1.56762e-07 1.14928e-08 -10 1.56762e-07 1.14928e-08
-10 1.02495e-07 1.17035e-08 -10 1.4692e-07 1.24765e-08 -10 1.4692e-07 1.24765e-08 -10
1.4692e-07 1.24765e-08 -10 1.4692e-07 1.24765e-08 -10 9.49346e-08 1.21319e-08 -10 1.35395e-07
1.26986e-08 -10 1.35395e-07 1.26986e-08 -10 1.35395e-07 1.26986e-08 -10 1.35395e-07 1.26986e-08
-10 8.54147e-08 1.26967e-08 -10 1.18794e-07 1.42986e-08 -10 1.18794e-07 1.42986e-08 -10
1.18794e-07 1.42986e-08 -10 1.18794e-07 1.42986e-08 -10 7.7596e-08 1.20691e-08 -10 1.13052e-07
1.20802e-08 -10 1.13052e-07 1.20802e-08 -10 1.13052e-07 1.20802e-08 -10 1.13052e-07 1.20802e-08
-10 7.22799e-08 1.02588e-08 -10 1.05312e-07 1.02435e-08 -10 1.05312e-07 1.02435e-08 -10
1.05312e-07 1.02435e-08 -10 1.05312e-07 1.02435e-08 -10 6.67534e-08 8.37598e-09 -10 9.72141e-08
8.14113e-09 -10 9.72141e-08 8.14113e-09 -10 9.72141e-08 8.14113e-09 -10 9.72141e-08 8.14113e-09
-10 6.12798e-08 6.52869e-09 -10 8.81451e-08 5.34173e-09 -10 8.81451e-08 5.34173e-09 -10
8.81451e-08 5.34173e-09 -10 8.81451e-08 5.34173e-09 -10 5.56978e-08 5.02439e-09 -10 7.86847e-08
4.06483e-09 -10 7.86847e-08 4.06483e-09 -10 7.86847e-08 4.06483e-09 -10 7.86847e-08 4.06483e-09
-10 4.97808e-08 4.03345e-09 -10 6.86744e-08 2.26646e-09 -10 6.86744e-08 2.26646e-09 -10
6.86744e-08 2.26646e-09 -10 6.86744e-08 2.26646e-09 -10 4.35927e-08 3.96142e-09 -10 5.90228e-08
3.08759e-09 -10 5.90228e-08 3.08759e-09 -10 5.90228e-08 3.08759e-09 -10 5.90228e-08 3.08759e-09
-10 3.70561e-08 5.15787e-09 -10 4.79627e-08 3.97659e-09 -10 4.79627e-08 3.97659e-09 -10
4.79627e-08 3.97659e-09 -10 4.79627e-08 3.97659e-09 -10 2.98395e-08 7.79196e-09 -10 3.60124e-08
7.22829e-09 -10 3.60124e-08 7.22829e-09 -10 3.60124e-08 7.22829e-09 -10 3.60124e-08 7.22829e-09
-10 2.22646e-08 1.18274e-08 -10 2.2547e-08 1.04021e-08 -10 2.2547e-08 1.04021e-08 -10
2.2547e-08 1.04021e-08 -10 2.2547e-08 1.04021e-08 -10 1.4287e-08 1.69719e-08 -10 9.47665e-09
1.6823e-08 -10 9.47665e-09 1.6823e-08 -10 9.47665e-09 1.6823e-08 -10 9.47665e-09 1.6823e-08
-10 6.15312e-09 2.21788e-08 -10 -1.4264e-09 2.43454e-08 -10 -1.4264e-09 2.43454e-08 -10
-1.4264e-09 2.43454e-08 -10 -1.4264e-09 2.43454e-08 -10 -1.65263e-09 2.69477e-08 -10 -1.55325e-08
2.73122e-08 -10 -1.55325e-08 2.73122e-08 -10 -1.55325e-08 2.73122e-08 -10 -1.55325e-08 2.73122e-08
-10 -8.7765e-09 3.02283e-08 -10 -2.6702e-08 3.1019e-08 -10 -2.6702e-08 3.1019e-08 -10
-2.6702e-08 3.1019e-08 -10 -2.6702e-08 3.1019e-08 -10 -1.35427e-08 2.87346e-08 -10 -2.69489e-08
2.61672e-08 -10 -2.69489e-08 2.61672e-08 -10 -2.69489e-08 2.61672e-08 -10 -2.69489e-08 2.61672e-08
-10 -1.39717e-08 2.1771e-08 -10 -1.96937e-08 1.97516e-08 -10 -1.96937e-08 1.97516e-08 -10
-1.96937e-08 1.97516e-08 -10 -1.96937e-08 1.97516e-08 -10 -9.3149e-09 1.17675e-08 -10 -3.46254e-08
2.09756e-08 -10 -6.05591e-08 3.46986e-08 -10 -8.64928e-08 4.84215e-08 -10 -1.12426e-07 6.21444e-08
-10 -1.32275e-07 7.33191e-08 -10 2.5676e-07 1.15719e-08 -10 2.5676e-07 1.15719e-08 -10
2.5676e-07 1.15719e-08 -10 2.5676e-07 1.15719e-08 -10 2.5676e-07 1.15719e-08 -10 1.88828e-07
1.38048e-08 -10 2.42616e-07 1.39713e-08 -10 2.42616e-07 1.39713e-08 -10 2.42616e-07 1.39713e-08
-10 2.42616e-07 1.39713e-08 -10 1.79376e-07 1.5498e-08 -10 2.31351e-07 1.54607e-08 -10
2.31351e-07 1.54607e-08 -10 2.31351e-07 1.54607e-08 -10 2.31351e-07 1.54607e-08 -10 1.70782e-07
1.6549e-08 -10 2.20469e-07 1.68906e-08 -10 2.20469e-07 1.68906e-08 -10 2.20469e-07 1.68906e-08
-10 2.20469e-07 1.68906e-08 -10 1.62483e-07 1.70738e-08 -10 2.10549e-07 1.71447e-08 -10
2.10549e-07 1.71447e-08 -10 2.10549e-07 1.71447e-08 -10 2.10549e-07 1.71447e-08 -10 1.53213e-07
1.74948e-08 -10 1.97637e-07 1.82678e-08 -10 1.97637e-07 1.82678e-08 -10 1.97637e-07 1.82678e-08
-10 1.97637e-07 1.82678e-08 -10 1.41911e-07 1.81351e-08 -10 1.82371e-07 1.87018e-08 -10
1.82371e-07 1.87018e-08 -10 1.82371e-07 1.87018e-08 -10 1.82371e-07 1.87018e-08 -10 1.2768e-07
1.89794e-08 -10 1.6106e-07 2.05813e-08 -10 1.6106e-07 2.05813e-08 -10 1.61059e-07 2.05813e-08
-10 1.61059e-07 2.05813e-08 -10 1.15993e-07 1.80412e-08 -10 1.51448e-07 1.80523e-08 -10
1.51448e-07 1.80523e-08 -10 1.51448e-07 1.80523e-08 -10 1.51448e-07 1.80523e-08 -10 1.08046e-07
1.53352e-08 -10 1.41078e-07 1.53199e-08 -10 1.41078e-07 1.53199e-08 -10 1.41078e-07 1.53199e-08
-10 1.41078e-07 1.53199e-08 -10 9.97849e-08 1.25207e-08 -10 1.30246e-07 1.22858e-08 -10
1.30246e-07 1.22858e-08 -10 1.30246e-07 1.22858e-08 -10 1.30246e-07 1.22858e-08 -10 9.16028e-08
9.75927e-09 -10 1.18468e-07 8.57232e-09 -10 1.18468e-07 8.57232e-09 -10 1.18468e-07 8.57232e-09
-10 1.18468e-07 8.57232e-09 -10 8.32587e-08 7.51061e-09 -10 1.06246e-07 6.55105e-09 -10
1.06246e-07 6.55105e-09 -10 1.06246e-07 6.55105e-09 -10 1.06246e-07 6.55105e-09 -10 7.44138e-08
6.02931e-09 -10 9.33073e-08 4.26234e-09 -10 9.33073e-08 4.26234e-09 -10 9.33073e-08 4.26234e-09
-10 9.33073e-08 4.26234e-09 -10 6.51636e-08 5.92164e-09 -10 8.05936e-08 5.04782e-09 -10
8.05936e-08 5.04782e-09 -10 8.05936e-08 5.04782e-09 -10 8.05936e-08 5.04782e-09 -10 5.53925e-08
7.71014e-09 -10 6.6299e-08 6.52886e-09 -10 6.6299e-08 6.52886e-09 -10 6.6299e-08 6.52886e-09
-10 6.6299e-08 6.52886e-09 -10 4.46049e-08 1.16476e-08 -10 5.07778e-08 1.1084e-08 -10
5.07778e-08 1.1084e-08 -10 5.07778e-08 1.1084e-08 -10 5.07778e-08 1.1084e-08 -10 3.32818e-08
1.76799e-08 -10 3.35641e-08 1.62547e-08 -10 3.35641e-08 1.62547e-08 -10 3.35642e-08 1.62547e-08
-10 3.35642e-08 1.62547e-08 -10 2.13566e-08 2.53702e-08 -10 1.65463e-08 2.52212e-08 -10
1.65463e-08 2.52212e-08 -10 1.65463e-08 2.52212e-08 -10 1.65463e-08 2.52212e-08 -10 9.19787e-09
3.31535e-08 -10 1.61839e-09 3.53201e-08 -10 1.61839e-09 3.53201e-08 -10 1.61839e-09 3.53201e-08
-10 1.61839e-09 3.53201e-08 -10 -2.4704e-09 4.02822e-08 -10 -1.63502e-08 4.06467e-08 -10
-1.63502e-08 4.06467e-08 -10 -1.63502e-08 4.06467e-08 -10 -1.63502e-08 4.06467e-08 -10 -1.31194e-08
4.51862e-08 -10 -3.10447e-08 4.59768e-08 -10 -3.10447e-08 4.59768e-08 -10 -3.10447e-08 4.59768e-08
-10 -3.10447e-08 4.59768e-08 -10 -2.0244e-08 4.29533e-08 -10 -3.36501e-08 4.03859e-08 -10
-3.36501e-08 4.03859e-08 -10 -3.36501e-08 4.03859e-08 -10 -3.36501e-08 4.03859e-08 -10 -2.08853e-08
3.25439e-08 -10 -2.66073e-08 3.05245e-08 -10 -2.66073e-08 3.05245e-08 -10 -2.66073e-08 3.05245e-08
-10 -2.66073e-08 3.05245e-08 -10 -1.39242e-08 1.75903e-08 -10 -3.92347e-08 2.67986e-08 -10
-6.51684e-08 4.05215e-08 -10 -9.11021e-08 5.42444e-08 -10 -1.17036e-07 6.79673e-08 -10 -1.33693e-07
7.57002e-08 -10 3.22795e-07 1.54016e-08 -10 3.22795e-07 1.54016e-08 -10 3.22795e-07 1.54016e-08
-10 3.22795e-07 1.54016e-08 -10 3.22795e-07 1.54016e-08 -10 2.51335e-07 1.83746e-08 -10
3.05123e-07 1.8541e-08 -10 3.05123e-07 1.8541e-08 -10 3.05123e-07 1.8541e-08 -10 3.05123e-07
1.8541e-08 -10 2.38755e-07 2.06283e-08 -10 2.90729e-07 2.0591e-08 -10 2.90729e-07 2.0591e-08
-10 2.90729e-07 2.0591e-08 -10 2.90729e-07 2.0591e-08 -10 2.27316e-07 2.20272e-08 -10
2.77002e-07 2.23688e-08 -10 2.77002e-07 2.23688e-08 -10 2.77002e-07 2.23688e-08 -10 2.77002e-07
2.23688e-08 -10 2.16269e-07 2.27258e-08 -10 2.64335e-07 2.27966e-08 -10 2.64335e-07 2.27966e-08
-10 2.64335e-07 2.27966e-08 -10 2.64335e-07 2.27966e-08 -10 2.03931e-07 2.32861e-08 -10
2.48355e-07 2.4059e-08 -10 2.48355e-07 2.4059e-08 -10 2.48355e-07 2.4059e-08 -10 2.48355e-07
2.4059e-08 -10 1.88887e-07 2.41383e-08 -10 2.29347e-07 2.4705e-08 -10 2.29347e-07 2.4705e-08
-10 2.29347e-07 2.4705e-08 -10 2.29347e-07 2.4705e-08 -10 1.69946e-07 2.5262e-08 -10
2.03325e-07 2.6864e-08 -10 2.03325e-07 2.6864e-08 -10 2.03325e-07 2.6864e-08 -10 2.03325e-07
2.6864e-08 -10 1.54389e-07 2.40133e-08 -10 1.89845e-07 2.40244e-08 -10 1.89845e-07 2.40244e-08
-10 1.89845e-07 2.40244e-08 -10 1.89845e-07 2.40244e-08 -10 1.43812e-07 2.04116e-08 -10
1.76844e-07 2.03962e-08 -10 1.76844e-07 2.03962e-08 -10 1.76844e-07 2.03962e-08 -10 1.76844e-07
2.03962e-08 -10 1.32816e-07 1.66653e-08 -10 1.63277e-07 1.64305e-08 -10 1.63277e-07 1.64305e-08
-10 1.63277e-07 1.64305e-08 -10 1.63277e-07 1.64305e-08 -10 1.21926e-07 1.29899e-08 -10
1.48791e-07 1.18029e-08 -10 1.48791e-07 1.18029e-08 -10 1.48791e-07 1.18029e-08 -10 1.48791e-07
1.18029e-08 -10 1.1082e-07 9.99682e-09 -10 1.33806e-07 9.03727e-09 -10 1.33806e-07 9.03727e-09
-10 1.33806e-07 9.03727e-09 -10 1.33806e-07 9.03727e-09 -10 9.90468e-08 8.02518e-09 -10
1.1794e-07 6.25821e-09 -10 1.1794e-07 6.25821e-09 -10 1.1794e-07 6.25821e-09 -10 1.1794e-07
6.25821e-09 -10 8.67345e-08 7.88186e-09 -10 1.02164e-07 7.00805e-09 -10 1.02164e-07 7.00805e-09
-10 1.02164e-07 7.00805e-09 -10 1.02164e-07 7.00805e-09 -10 7.37289e-08 1.02624e-08 -10
8.46354e-08 9.08113e-09 -10 8.46354e-08 9.08113e-09 -10 8.46354e-08 9.08113e-09 -10 8.46354e-08
9.08113e-09 -10 5.93704e-08 1.55033e-08 -10 6.55432e-08 1.49397e-08 -10 6.55432e-08 1.49397e-08
-10 6.55432e-08 1.49397e-08 -10 6.55432e-08 1.49397e-08 -10 4.42989e-08 2.35325e-08 -10
4.45813e-08 2.21072e-08 -10 4.45813e-08 2.21072e-08 -10 4.45813e-08 2.21072e-08 -10 4.45813e-08
2.21072e-08 -10 2.84263e-08 3.37684e-08 -10 2.3616e-08 3.36194e-08 -10 2.3616e-08 3.36194e-08
-10 2.3616e-08 3.36194e-08 -10 2.3616e-08 3.36194e-08 -10 1.22426e-08 4.41282e-08 -10
4.66318e-09 4.62948e-08 -10 4.66318e-09 4.62948e-08 -10 4.66318e-09 4.62948e-08 -10 4.66318e-09
4.62948e-08 -10 -3.28817e-09 5.36167e-08 -10 -1.71679e-08 5.39812e-08 -10 -1.71679e-08 5.39812e-08
-10 -1.71679e-08 5.39812e-08 -10 -1.71679e-08 5.39812e-08 -10 -1.74622e-08 6.0144e-08 -10
-3.53875e-08 6.09347e-08 -10 -3.53875e-08 6.09347e-08 -10 -3.53875e-08 6.09347e-08 -10 -3.53875e-08
6.09347e-08 -10 -2.69453e-08 5.7172e-08 -10 -4.03514e-08 5.46046e-08 -10 -4.03514e-08 5.46046e-08
-10 -4.03514e-08 5.46046e-08 -10 -4.03514e-08 5.46046e-08 -10 -2.7799e-08 4.33168e-08 -10
-3.35209e-08 4.12974e-08 -10 -3.35209e-08 4.12974e-08 -10 -3.35209e-08 4.12974e-08 -10 -3.35209e-08
4.12974e-08 -10 -1.85335e-08 2.34132e-08 -10 -4.3844e-08 3.26215e-08 -10 -6.97777e-08 4.63444e-08
-10 -9.57114e-08 6.00673e-08 -10 -1.21645e-07 7.37902e-08 -10 -1.35112e-07 7.80812e-08 -10
3.88829e-07 1.92313e-08 -10 3.88829e-07 1.92313e-08 -10 3.88829e-07 1.92313e-08 -10 3.88829e-07
1.92313e-08 -10 3.88829e-07 1.92313e-08 -10 3.13842e-07 2.29443e-08 -10 3.6763e-07 2.31108e-08
-10 3.6763e-07 2.31108e-08 -10 3.6763e-07 2.31108e-08 -10 3.6763e-07 2.31108e-08 -10
2.98133e-07 2.57585e-08 -10 3.50108e-07 2.57213e-08 -10 3.50107e-07 2.57213e-08 -10 3.50107e-07
2.57213e-08 -10 3.50107e-07 2.57213e-08 -10 2.83849e-07 2.75054e-08 -10 3.33536e-07 2.7847e-08
-10 3.33535e-07 2.7847e-08 -10 3.33535e-07 2.7847e-08 -10 3.33535e-07 2.7847e-08 -10
2.70055e-07 2.83777e-08 -10 3.18121e-07 2.84485e-08 -10 3.18121e-07 2.84485e-08 -10 3.18121e-07
2.84485e-08 -10 3.18121e-07 2.84485e-08 -10 2.54649e-07 2.90773e-08 -10 2.99073e-07 2.98503e-08
-10 2.99073e-07 2.98503e-08 -10 2.99073e-07 2.98503e-08 -10 2.99073e-07 2.98503e-08 -10
2.35864e-07 3.01415e-08 -10 2.76324e-07 3.07082e-08 -10 2.76324e-07 3.07082e-08 -10 2.76324e-07
3.07082e-08 -10 2.76324e-07 3.07082e-08 -10 2.12212e-07 3.15447e-08 -10 2.45591e-07 3.31466e-08
-10 2.45591e-07 3.31466e-08 -10 2.45591e-07 3.31466e-08 -10 2.45591e-07 3.31466e-08 -10
1.92786e-07 2.99854e-08 -10 2.28242e-07 2.99966e-08 -10 2.28242e-07 2.99966e-08 -10 2.28242e-07
2.99966e-08 -10 2.28242e-07 2.99966e-08 -10 1.79579e-07 2.54879e-08 -10 2.1261e-07 2.54726e-08
-10 2.1261e-07 2.54726e-08 -10 2.1261e-07 2.54726e-08 -10 2.1261e-07 2.54726e-08 -10
1.65848e-07 2.081e-08 -10 1.96308e-07 2.05752e-08 -10 1.96308e-07 2.05752e-08 -10 1.96308e-07
2.05752e-08 -10 1.96308e-07 2.05752e-08 -10 1.52249e-07 1.62204e-08 -10 1.79114e-07 1.50335e-08
-10 1.79114e-07 1.50335e-08 -10 1.79114e-07 1.50335e-08 -10 1.79114e-07 1.50335e-08 -10
1.38381e-07 1.2483e-08 -10 1.61367e-07 1.15235e-08 -10 1.61367e-07 1.15235e-08 -10 1.61367e-07
1.15235e-08 -10 1.61367e-07 1.15235e-08 -10 1.2368e-07 1.0021e-08 -10 1.42573e-07 8.25408e-09
-10 1.42573e-07 8.25408e-09 -10 1.42573e-07 8.25408e-09 -10 1.42573e-07 8.25408e-09 -10
1.08305e-07 9.84209e-09 -10 1.23735e-07 8.96828e-09 -10 1.23735e-07 8.96828e-09 -10 1.23735e-07
8.96828e-09 -10 1.23735e-07 8.96828e-09 -10 9.20653e-08 1.28147e-08 -10 1.02972e-07 1.16334e-08
-10 1.02972e-07 1.16334e-08 -10 1.02972e-07 1.16334e-08 -10 1.02972e-07 1.16334e-08 -10
7.41358e-08 1.9359e-08 -10 8.03086e-08 1.87954e-08 -10 8.03086e-08 1.87954e-08 -10 8.03086e-08
1.87954e-08 -10 8.03086e-08 1.87954e-08 -10 5.53161e-08 2.9385e-08 -10 5.55985e-08 2.79598e-08
-10 5.55985e-08 2.79598e-08 -10 5.55985e-08 2.79598e-08 -10 5.55985e-08 2.79598e-08 -10
3.54959e-08 4.21666e-08 -10 3.06856e-08 4.20176e-08 -10 3.06856e-08 4.20176e-08 -10 3.06856e-08
4.20176e-08 -10 3.06856e-08 4.20176e-08 -10 1.52874e-08 5.5103e-08 -10 7.70796e-09 5.72695e-08
-10 7.70796e-09 5.72695e-08 -10 7.70796e-09 5.72695e-08 -10 7.70796e-09 5.72695e-08 -10
-4.10594e-09 6.69512e-08 -10 -1.79856e-08 6.73157e-08 -10 -1.79856e-08 6.73157e-08 -10 -1.79856e-08
6.73157e-08 -10 -1.79856e-08 6.73157e-08 -10 -2.18051e-08 7.51019e-08 -10 -3.97303e-08 7.58925e-08
-10 -3.97303e-08 7.58925e-08 -10 -3.97303e-08 7.58925e-08 -10 -3.97303e-08 7.58925e-08 -10
-3.36466e-08 7.13907e-08 -10 -4.70526e-08 6.88233e-08 -10 -4.70526e-08 6.88233e-08 -10 -4.70526e-08
6.88233e-08 -10 -4.70526e-08 6.88233e-08 -10 -3.47126e-08 5.40897e-08 -10 -4.04345e-08 5.20703e-08
-10 -4.04345e-08 5.20703e-08 -10 -4.04345e-08 5.20703e-08 -10 -4.04345e-08 5.20703e-08 -10
-2.31428e-08 2.92361e-08 -10 -4.84533e-08 3.84444e-08 -10 -7.4387e-08 5.21673e-08 -10 -1.00321e-07
6.58902e-08 -10 -1.26254e-07 7.96131e-08 -10 -1.36531e-07 8.04623e-08 -10 4.54864e-07 2.3061e-08
-10 4.54864e-07 2.3061e-08 -10 4.54864e-07 2.3061e-08 -10 4.54864e-07 2.3061e-08 -10
4.54864e-07 2.3061e-08 -10 3.7635e-07 2.75141e-08 -10 4.30137e-07 2.76806e-08 -10 4.30137e-07
2.76806e-08 -10 4.30137e-07 2.76806e-08 -10 4.30137e-07 2.76806e-08 -10 3.57512e-07 3.08888e-08
-10 4.09486e-07 3.08515e-08 -10 4.09486e-07 3.08515e-08 -10 4.09486e-07 3.08515e-08 -10
4.09486e-07 3.08515e-08 -10 3.40383e-07 3.29836e-08 -10 3.90069e-07 3.33251e-08 -10 3.90069e-07
3.33252e-08 -10 3.90069e-07 3.33252e-08 -10 3.90069e-07 3.33252e-08 -10 3.23841e-07 3.40296e-08
-10 3.71907e-07 3.41004e-08 -10 3.71907e-07 3.41004e-08 -10 3.71907e-07 3.41004e-08 -10
3.71907e-07 3.41004e-08 -10 3.05366e-07 3.48686e-08 -10 3.4979e-07 3.56415e-08 -10 3.4979e-07
3.56415e-08 -10 3.4979e-07 3.56415e-08 -10 3.4979e-07 3.56415e-08 -10 2.8284e-07 3.61447e-08
-10 3.233e-07 3.67114e-08 -10 3.233e-07 3.67114e-08 -10 3.233e-07 3.67114e-08 -10
3.233e-07 3.67114e-08 -10 2.54477e-07 3.78274e-08 -10 2.87856e-07 3.94293e-08 -10 2.87856e-07
3.94293e-08 -10 2.87856e-07 3.94293e-08 -10 2.87856e-07 3.94293e-08 -10 2.31183e-07 3.59576e-08
-10 2.66638e-07 3.59687e-08 -10 2.66638e-07 3.59687e-08 -10 2.66638e-07 3.59687e-08 -10
2.66638e-07 3.59687e-08 -10 2.15345e-07 3.05643e-08 -10 2.48376e-07 3.0549e-08 -10 2.48376e-07
3.0549e-08 -10 2.48376e-07 3.0549e-08 -10 2.48376e-07 3.0549e-08 -10 1.98879e-07 2.49547e-08
-10 2.2934e-07 2.47198e-08 -10 2.2934e-07 2.47198e-08 -10 2.2934e-07 2.47198e-08 -10
2.2934e-07 2.47198e-08 -10 1.82572e-07 1.9451e-08 -10 2.09437e-07 1.82641e-08 -10 2.09437e-07
1.82641e-08 -10 2.09437e-07 1.82641e-08 -10 2.09437e-07 1.82641e-08 -10 1.65941e-07 1.49693e-08
-10 1.88928e-07 1.40097e-08 -10 1.88928e-07 1.40097e-08 -10 1.88928e-07 1.40097e-08 -10
1.88928e-07 1.40097e-08 -10 1.48313e-07 1.20169e-08 -10 1.67206e-07 1.025e-08 -10 1.67206e-07
1.025e-08 -10 1.67206e-07 1.025e-08 -10 1.67206e-07 1.025e-08 -10 1.29876e-07 1.18023e-08
-10 1.45306e-07 1.09285e-08 -10 1.45306e-07 1.09285e-08 -10 1.45306e-07 1.09285e-08 -10
1.45306e-07 1.09285e-08 -10 1.10402e-07 1.53669e-08 -10 1.21308e-07 1.41857e-08 -10 1.21308e-07
1.41857e-08 -10 1.21308e-07 1.41857e-08 -10 1.21308e-07 1.41857e-08 -10 8.89012e-08 2.32147e-08
-10 9.5074e-08 2.2651e-08 -10 9.5074e-08 2.2651e-08 -10 9.5074e-08 2.2651e-08 -10
9.5074e-08 2.26511e-08 -10 6.63333e-08 3.52375e-08 -10 6.66156e-08 3.38123e-08 -10 6.66156e-08
3.38123e-08 -10 6.66156e-08 3.38123e-08 -10 6.66156e-08 3.38123e-08 -10 4.25655e-08 5.05648e-08
-10 3.77553e-08 5.04158e-08 -10 3.77553e-08 5.04158e-08 -10 3.77553e-08 5.04158e-08 -10
3.77553e-08 5.04158e-08 -10 1.83321e-08 6.60777e-08 -10 1.07527e-08 6.82442e-08 -10 1.07527e-08
6.82442e-08 -10 1.07527e-08 6.82442e-08 -10 1.07527e-08 6.82442e-08 -10 -4.92371e-09 8.02857e-08
-10 -1.88033e-08 8.06502e-08 -10 -1.88033e-08 8.06502e-08 -10 -1.88033e-08 8.06502e-08 -10
-1.88033e-08 8.06502e-08 -10 -2.6148e-08 9.00597e-08 -10 -4.4073e-08 9.08504e-08 -10 -4.4073e-08
9.08504e-08 -10 -4.4073e-08 9.08504e-08 -10 -4.4073e-08 9.08504e-08 -10 -4.0348e-08 8.56094e-08
-10 -5.37539e-08 8.3042e-08 -10 -5.37539e-08 8.3042e-08 -10 -5.37539e-08 8.30421e-08 -10
-5.37539e-08 8.30421e-08 -10 -4.16262e-08 6.48626e-08 -10 -4.73481e-08 6.28432e-08 -10 -4.73481e-08
6.28432e-08 -10 -4.73481e-08 6.28432e-08 -10 -4.73481e-08 6.28432e-08 -10 -2.7752e-08 3.5059e-08
-10 -5.30626e-08 4.42673e-08 -10 -7.89963e-08 5.79902e-08 -10 -1.0493e-07 7.17131e-08 -10
-1.30864e-07 8.5436e-08 -10 -1.3795e-07 8.28433e-08 -10 5.20899e-07 2.68907e-08 -10 5.20899e-07
2.68907e-08 -10 5.20899e-07 2.68907e-08 -10 5.20899e-07 2.68907e-08 -10 5.20899e-07 2.68907e-08
-10 4.38857e-07 3.20839e-08 -10 4.92644e-07 3.22503e-08 -10 4.92644e-07 3.22503e-08 -10
4.92644e-07 3.22503e-08 -10 4.92644e-07 3.22503e-08 -10 4.1689e-07 3.60191e-08 -10 4.68864e-07
3.59818e-08 -10 4.68864e-07 3.59818e-08 -10 4.68864e-07 3.59818e-08 -10 4.68864e-07 3.59818e-08
-10 3.96916e-07 3.84617e-08 -10 4.46602e-07 3.88033e-08 -10 4.46602e-07 3.88033e-08 -10
4.46602e-07 3.88033e-08 -10 4.46602e-07 3.88033e-08 -10 3.77628e-07 3.96815e-08 -10 4.25693e-07
3.97523e-08 -10 4.25693e-07 3.97523e-08 -10 4.25693e-07 3.97523e-08 -10 4.25693e-07 3.97523e-08
-10 3.56084e-07 4.06598e-08 -10 4.00508e-07 4.14328e-08 -10 4.00508e-07 4.14328e-08 -10
4.00508e-07 4.14328e-08 -10 4.00508e-07 4.14328e-08 -10 3.29816e-07 4.21479e-08 -10 3.70276e-07
4.27146e-08 -10 3.70276e-07 4.27146e-08 -10 3.70276e-07 4.27146e-08 -10 3.70276e-07 4.27146e-08
-10 2.96743e-07 4.41101e-08 -10 3.30122e-07 4.5712e-08 -10 3.30122e-07 4.5712e-08 -10
3.30122e-07 4.5712e-08 -10 3.30122e-07 4.5712e-08 -10 2.6958e-07 4.19297e-08 -10 3.05035e-07
4.19408e-08 -10 3.05035e-07 4.19408e-08 -10 3.05035e-07 4.19408e-08 -10 3.05035e-07 4.19408e-08
-10 2.51111e-07 3.56406e-08 -10 2.84142e-07 3.56253e-08 -10 2.84142e-07 3.56253e-08 -10
2.84142e-07 3.56253e-08 -10 2.84142e-07 3.56253e-08 -10 2.31911e-07 2.90994e-08 -10 2.62371e-07
2.88645e-08 -10 2.62371e-07 2.88645e-08 -10 2.62371e-07 2.88645e-08 -10 2.62371e-07 2.88645e-08
-10 2.12895e-07 2.26816e-08 -10 2.3976e-07 2.14947e-08 -10 2.3976e-07 2.14947e-08 -10
2.3976e-07 2.14947e-08 -10 2.3976e-07 2.14947e-08 -10 1.93502e-07 1.74555e-08 -10 2.16489e-07
1.64959e-08 -10 2.16489e-07 1.64959e-08 -10 2.16489e-07 1.64959e-08 -10 2.16489e-07 1.64959e-08
-10 1.72946e-07 1.40128e-08 -10 1.91839e-07 1.22458e-08 -10 1.91839e-07 1.22458e-08 -10
1.91839e-07 1.22458e-08 -10 1.91839e-07 1.22458e-08 -10 1.51447e-07 1.37625e-08 -10 1.66877e-07
1.28887e-08 -10 1.66877e-07 1.28887e-08 -10 1.66877e-07 1.28887e-08 -10 1.66877e-07 1.28887e-08
-10 1.28738e-07 1.79192e-08 -10 1.39644e-07 1.67379e-08 -10 1.39644e-07 1.67379e-08 -10
1.39644e-07 1.67379e-08 -10 1.39644e-07 1.67379e-08 -10 1.03667e-07 2.70704e-08 -10 1.09839e-07
2.65067e-08 -10 1.09839e-07 2.65067e-08 -10 1.09839e-07 2.65067e-08 -10 1.09839e-07 2.65067e-08
-10 7.73504e-08 4.10901e-08 -10 7.76328e-08 3.96648e-08 -10 7.76328e-08 3.96648e-08 -10
7.76328e-08 3.96648e-08 -10 7.76328e-08 3.96648e-08 -10 4.96352e-08 5.8963e-08 -10 4.48249e-08
5.88141e-08 -10 4.48249e-08 5.88141e-08 -10 4.48249e-08 5.88141e-08 -10 4.48249e-08 5.88141e-08
-10 2.13768e-08 7.70524e-08 -10 1.37975e-08 7.92189e-08 -10 1.37975e-08 7.92189e-08 -10
1.37975e-08 7.92189e-08 -10 1.37975e-08 7.92189e-08 -10 -5.74148e-09 9.36202e-08 -10 -1.9621e-08
9.39847e-08 -10 -1.9621e-08 9.39847e-08 -10 -1.9621e-08 9.39847e-08 -10 -1.9621e-08 9.39847e-08
-10 -3.04908e-08 1.05018e-07 -10 -4.84158e-08 1.05808e-07 -10 -4.84158e-08 1.05808e-07 -10
-4.84158e-08 1.05808e-07 -10 -4.84158e-08 1.05808e-07 -10 -4.70493e-08 9.98281e-08 -10 -6.04551e-08
9.72608e-08 -10 -6.04551e-08 9.72608e-08 -10 -6.04551e-08 9.72608e-08 -10 -6.04551e-08 9.72608e-08
-10 -4.85398e-08 7.56354e-08 -10 -5.42617e-08 7.36161e-08 -10 -5.42617e-08 7.36161e-08 -10
-5.42617e-08 7.36161e-08 -10 -5.42617e-08 7.36161e-08 -10 -3.23613e-08 4.08819e-08 -10 -5.76719e-08
5.00902e-08 -10 -8.36055e-08 6.38131e-08 -10 -1.09539e-07 7.7536e-08 -10 -1.35473e-07 9.12589e-08
-10 -1.39369e-07 8.52244e-08 -10 5.86933e-07 3.07204e-08 -10 5.86933e-07 3.07204e-08 -10
5.86933e-07 3.07204e-08 -10 5.86933e-07 3.07204e-08 -10 5.86933e-07 3.07204e-08 -10 5.01364e-07
3.66536e-08 -10 5.55152e-07 3.68201e-08 -10 5.55152e-07 3.68201e-08 -10 5.55151e-07 3.68201e-08
-10 5.55151e-07 3.68201e-08 -10 4.76268e-07 4.11493e-08 -10 5.28243e-07 4.11121e-08 -10
5.28243e-07 4.11121e-08 -10 5.28243e-07 4.11121e-08 -10 5.28243e-07 4.11121e-08 -10 4.5345e-07
4.39399e-08 -10 5.03136e-07 4.42815e-08 -10 5.03136e-07 4.42815e-08 -10 5.03136e-07 4.42815e-08
-10 5.03136e-07 4.42815e-08 -10 4.31414e-07 4.53334e-08 -10 4.79479e-07 4.54042e-08 -10
4.79479e-07 4.54042e-08 -10 4.79479e-07 4.54042e-08 -10 4.79479e-07 4.54042e-08 -10 4.06802e-07
4.64511e-08 -10 4.51226e-07 4.7224e-08 -10 4.51226e-07 4.7224e-08 -10 4.51226e-07 4.7224e-08
-10 4.51226e-07 4.7224e-08 -10 3.76793e-07 4.81511e-08 -10 4.17252e-07 4.87178e-08 -10
4.17252e-07 4.87178e-08 -10 4.17252e-07 4.87178e-08 -10 4.17252e-07 4.87178e-08 -10 3.39009e-07
5.03928e-08 -10 3.72387e-07 5.19947e-08 -10 3.72387e-07 5.19947e-08 -10 3.72387e-07 5.19947e-08
-10 3.72387e-07 5.19947e-08 -10 3.07976e-07 4.79018e-08 -10 3.43431e-07 4.79129e-08 -10
3.43431e-07 4.79129e-08 -10 3.43431e-07 4.79129e-08 -10 3.43431e-07 4.79129e-08 -10 2.86877e-07
4.0717e-08 -10 3.19908e-07 4.07017e-08 -10 3.19908e-07 4.07017e-08 -10 3.19908e-07 4.07017e-08
-10 3.19908e-07 4.07017e-08 -10 2.64942e-07 3.3244e-08 -10 2.95402e-07 3.30092e-08 -10
2.95402e-07 3.30092e-08 -10 2.95402e-07 3.30092e-08 -10 2.95402e-07 3.30092e-08 -10 2.43218e-07
2.59122e-08 -10 2.70083e-07 2.47253e-08 -10 2.70083e-07 2.47253e-08 -10 2.70083e-07 2.47253e-08
-10 2.70083e-07 2.47253e-08 -10 2.21063e-07 1.99417e-08 -10 2.4405e-07 1.89821e-08 -10
2.4405e-07 1.89821e-08 -10 2.4405e-07 1.89821e-08 -10 2.4405e-07 1.89821e-08 -10 1.97579e-07
1.60086e-08 -10 2.16472e-07 1.42417e-08 -10 2.16472e-07 1.42417e-08 -10 2.16472e-07 1.42417e-08
-10 2.16472e-07 1.42417e-08 -10 1.73018e-07 1.57228e-08 -10 1.88448e-07 1.4849e-08 -10
1.88448e-07 1.4849e-08 -10 1.88448e-07 1.4849e-08 -10 1.88448e-07 1.4849e-08 -10 1.47075e-07
2.04715e-08 -10 1.57981e-07 1.92902e-08 -10 1.57981e-07 1.92902e-08 -10 1.57981e-07 1.92902e-08
-10 1.57981e-07 1.92902e-08 -10 1.18432e-07 3.09261e-08 -10 1.24605e-07 3.03624e-08 -10
1.24605e-07 3.03624e-08 -10 1.24605e-07 3.03624e-08 -10 1.24605e-07 3.03624e-08 -10 8.83676e-08
4.69426e-08 -10 8.865e-08 4.55174e-08 -10 8.865e-08 4.55174e-08 -10 8.865e-08 4.55174e-08
-10 8.865e-08 4.55174e-08 -10 5.67048e-08 6.73612e-08 -10 5.18946e-08 6.72123e-08 -10
5.18946e-08 6.72123e-08 -10 5.18946e-08 6.72123e-08 -10 5.18946e-08 6.72123e-08 -10 2.44216e-08
8.80271e-08 -10 1.68423e-08 9.01936e-08 -10 1.68423e-08 9.01936e-08 -10 1.68423e-08 9.01936e-08
-10 1.68423e-08 9.01936e-08 -10 -6.55925e-09 1.06955e-07 -10 -2.04387e-08 1.07319e-07 -10
-2.04387e-08 1.07319e-07 -10 -2.04387e-08 1.07319e-07 -10 -2.04387e-08 1.07319e-07 -10 -3.48337e-08
1.19975e-07 -10 -5.27586e-08 1.20766e-07 -10 -5.27586e-08 1.20766e-07 -10 -5.27586e-08 1.20766e-07
-10 -5.27586e-08 1.20766e-07 -10 -5.37506e-08 1.14047e-07 -10 -6.71564e-08 1.11479e-07 -10
-6.71564e-08 1.1148e-07 -10 -6.71564e-08 1.1148e-07 -10 -6.71564e-08 1.1148e-07 -10 -5.54534e-08
8.64083e-08 -10 -6.11752e-08 8.4389e-08 -10 -6.11752e-08 8.4389e-08 -10 -6.11752e-08 8.4389e-08
-10 -6.11752e-08 8.4389e-08 -10 -3.69706e-08 4.67048e-08 -10 -6.22812e-08 5.59131e-08 -10
-8.82148e-08 6.9636e-08 -10 -1.14149e-07 8.33589e-08 -10 -1.40082e-07 9.70818e-08 -10 -1.40787e-07
8.76054e-08 -10 6.52968e-07 3.45501e-08 -10 6.52968e-07 3.45501e-08 -10 6.52968e-07 3.45501e-08
-10 6.52968e-07 3.45501e-08 -10 6.52968e-07 3.45501e-08 -10 5.63871e-07 4.12234e-08 -10
6.17659e-07 4.13899e-08 -10 6.17659e-07 4.13899e-08 -10 6.17659e-07 4.13899e-08 -10 6.17659e-07
4.13899e-08 -10 5.35647e-07 4.62796e-08 -10 5.87621e-07 4.62423e-08 -10 5.87621e-07 4.62423e-08
-10 5.87621e-07 4.62423e-08 -10 5.87621e-07 4.62423e-08 -10 5.09983e-07 4.94181e-08 -10
5.59669e-07 4.97597e-08 -10 5.59669e-07 4.97597e-08 -10 5.59669e-07 4.97597e-08 -10 5.59669e-07
4.97597e-08 -10 4.852e-07 5.09853e-08 -10 5.33265e-07 5.10562e-08 -10 5.33265e-07 5.10562e-08
-10 5.33265e-07 5.10562e-08 -10 5.33265e-07 5.10562e-08 -10 4.57519e-07 5.22423e-08 -10
5.01943e-07 5.30153e-08 -10 5.01943e-07 5.30153e-08 -10 5.01943e-07 5.30153e-08 -10 5.01943e-07
5.30153e-08 -10 4.23769e-07 5.41543e-08 -10 4.64229e-07 5.4721e-08 -10 4.64229e-07 5.4721e-08
-10 4.64229e-07 5.4721e-08 -10 4.64229e-07 5.4721e-08 -10 3.81274e-07 5.66755e-08 -10
4.14653e-07 5.82774e-08 -10 4.14653e-07 5.82774e-08 -10 4.14653e-07 5.82774e-08 -10 4.14653e-07
5.82773e-08 -10 3.46373e-07 5.38739e-08 -10 3.81828e-07 5.38851e-08 -10 3.81828e-07 5.38851e-08
-10 3.81828e-07 5.38851e-08 -10 3.81828e-07 5.38851e-08 -10 3.22643e-07 4.57934e-08 -10
3.55675e-07 4.5778e-08 -10 3.55674e-07 4.5778e-08 -10 3.55674e-07 4.5778e-08 -10 3.55674e-07
4.5778e-08 -10 2.97974e-07 3.73887e-08 -10 3.28434e-07 3.71539e-08 -10 3.28434e-07 3.71539e-08
-10 3.28434e-07 3.71539e-08 -10 3.28434e-07 3.71539e-08 -10 2.73541e-07 2.91428e-08 -10
3.00405e-07 2.79558e-08 -10 3.00405e-07 2.79559e-08 -10 3.00405e-07 2.79559e-08 -10 3.00405e-07
2.79559e-08 -10 2.48624e-07 2.24279e-08 -10 2.7161e-07 2.14684e-08 -10 2.7161e-07 2.14684e-08
-10 2.7161e-07 2.14684e-08 -10 2.7161e-07 2.14684e-08 -10 2.22212e-07 1.80045e-08 -10
2.41105e-07 1.62376e-08 -10 2.41105e-07 1.62376e-08 -10 2.41105e-07 1.62376e-08 -10 2.41105e-07
1.62376e-08 -10 1.94589e-07 1.7683e-08 -10 2.10019e-07 1.68092e-08 -10 2.10019e-07 1.68092e-08
-10 2.10019e-07 1.68092e-08 -10 2.10019e-07 1.68092e-08 -10 1.65411e-07 2.30237e-08 -10
1.76317e-07 2.18425e-08 -10 1.76317e-07 2.18425e-08 -10 1.76317e-07 2.18425e-08 -10 1.76317e-07
2.18425e-08 -10 1.33198e-07 3.47818e-08 -10 1.3937e-07 3.42181e-08 -10 1.3937e-07 3.42181e-08
-10 1.3937e-07 3.42181e-08 -10 1.3937e-07 3.42181e-08 -10 9.93848e-08 5.27951e-08 -10
9.96671e-08 5.13699e-08 -10 9.96671e-08 5.13699e-08 -10 9.96671e-08 5.13699e-08 -10 9.96671e-08
5.13699e-08 -10 6.37744e-08 7.57594e-08 -10 5.89642e-08 7.56105e-08 -10 5.89642e-08 7.56105e-08
-10 5.89642e-08 7.56105e-08 -10 5.89642e-08 7.56105e-08 -10 2.74663e-08 9.90018e-08 -10
1.98871e-08 1.01168e-07 -10 1.98871e-08 1.01168e-07 -10 1.98871e-08 1.01168e-07 -10 1.98871e-08
1.01168e-07 -10 -7.37702e-09 1.20289e-07 -10 -2.12564e-08 1.20654e-07 -10 -2.12564e-08 1.20654e-07
-10 -2.12564e-08 1.20654e-07 -10 -2.12564e-08 1.20654e-07 -10 -3.91766e-08 1.34933e-07 -10
-5.71014e-08 1.35724e-07 -10 -5.71014e-08 1.35724e-07 -10 -5.71014e-08 1.35724e-07 -10 -5.71014e-08
1.35724e-07 -10 -6.04519e-08 1.28266e-07 -10 -7.38576e-08 1.25698e-07 -10 -7.38576e-08 1.25698e-07
-10 -7.38576e-08 1.25698e-07 -10 -7.38576e-08 1.25698e-07 -10 -6.2367e-08 9.71812e-08 -10
-6.80888e-08 9.51619e-08 -10 -6.80888e-08 9.51619e-08 -10 -6.80888e-08 9.51619e-08 -10 -6.80888e-08
9.51619e-08 -10 -4.15799e-08 5.25276e-08 -10 -6.68905e-08 6.1736e-08 -10 -9.28241e-08 7.54589e-08
-10 -1.18758e-07 8.91818e-08 -10 -1.44691e-07 1.02905e-07 -10 -1.42206e-07 8.99865e-08 -10
7.19003e-07 3.83799e-08 -10 7.19003e-07 3.83799e-08 -10 7.19003e-07 3.83799e-08 -10 7.19003e-07
3.83799e-08 -10 7.19003e-07 3.83799e-08 -10 6.26378e-07 4.57931e-08 -10 6.80166e-07 4.59596e-08
-10 6.80166e-07 4.59596e-08 -10 6.80166e-07 4.59596e-08 -10 6.80166e-07 4.59596e-08 -10
5.95025e-07 5.14099e-08 -10 6.46999e-07 5.13726e-08 -10 6.46999e-07 5.13726e-08 -10 6.46999e-07
5.13726e-08 -10 6.46999e-07 5.13726e-08 -10 5.66517e-07 5.48963e-08 -10 6.16203e-07 5.52379e-08
-10 6.16203e-07 5.52379e-08 -10 6.16203e-07 5.52379e-08 -10 6.16203e-07 5.52379e-08 -10
5.38986e-07 5.66372e-08 -10 5.87051e-07 5.67081e-08 -10 5.87051e-07 5.67081e-08 -10 5.87051e-07
5.67081e-08 -10 5.87051e-07 5.67081e-08 -10 5.08237e-07 5.80336e-08 -10 5.52661e-07 5.88066e-08
-10 5.52661e-07 5.88066e-08 -10 5.52661e-07 5.88066e-08 -10 5.52661e-07 5.88066e-08 -10
4.70746e-07 6.01575e-08 -10 5.11205e-07 6.07242e-08 -10 5.11205e-07 6.07242e-08 -10 5.11205e-07
6.07242e-08 -10 5.11205e-07 6.07242e-08 -10 4.2354e-07 6.29581e-08 -10 4.56918e-07 6.456e-08
-10 4.56918e-07 6.456e-08 -10 4.56918e-07 6.456e-08 -10 4.56918e-07 6.456e-08 -10
3.8477e-07 5.98461e-08 -10 4.20225e-07 5.98572e-08 -10 4.20225e-07 5.98572e-08 -10 4.20225e-07
5.98572e-08 -10 4.20225e-07 5.98572e-08 -10 3.58409e-07 5.08697e-08 -10 3.91441e-07 5.08544e-08
-10 3.91441e-07 5.08544e-08 -10 3.91441e-07 5.08544e-08 -10 3.91441e-07 5.08544e-08 -10
3.31005e-07 4.15334e-08 -10 3.61465e-07 4.12986e-08 -10 3.61465e-07 4.12986e-08 -10 3.61465e-07
4.12986e-08 -10 3.61465e-07 4.12986e-08 -10 3.03864e-07 3.23734e-08 -10 3.30728e-07 3.11864e-08
-10 3.30728e-07 3.11864e-08 -10 3.30728e-07 3.11864e-08 -10 3.30728e-07 3.11864e-08 -10
2.76185e-07 2.49141e-08 -10 2.99171e-07 2.39546e-08 -10 2.99171e-07 2.39546e-08 -10 2.99171e-07
2.39546e-08 -10 2.99171e-07 2.39546e-08 -10 2.46845e-07 2.00004e-08 -10 2.65738e-07 1.82335e-08
-10 2.65738e-07 1.82335e-08 -10 2.65738e-07 1.82335e-08 -10 2.65738e-07 1.82335e-08 -10
2.1616e-07 1.96432e-08 -10 2.31589e-07 1.87694e-08 -10 2.31589e-07 1.87694e-08 -10 2.31589e-07
1.87694e-08 -10 2.31589e-07 1.87694e-08 -10 1.83747e-07 2.5576e-08 -10 1.94654e-07 2.43948e-08
-10 1.94654e-07 2.43948e-08 -10 1.94654e-07 2.43948e-08 -10 1.94654e-07 2.43948e-08 -10
1.47963e-07 3.86375e-08 -10 1.54136e-07 3.80738e-08 -10 1.54136e-07 3.80738e-08 -10 1.54136e-07
3.80738e-08 -10 1.54136e-07 3.80738e-08 -10 1.10402e-07 5.86477e-08 -10 1.10684e-07 5.72225e-08
-10 1.10684e-07 5.72225e-08 -10 1.10684e-07 5.72225e-08 -10 1.10684e-07 5.72225e-08 -10
7.0844e-08 8.41576e-08 -10 6.60339e-08 8.40087e-08 -10 6.60339e-08 8.40087e-08 -10 6.60339e-08
8.40087e-08 -10 6.60339e-08 8.40087e-08 -10 3.05111e-08 1.09977e-07 -10 2.29319e-08 1.12143e-07
-10 2.29319e-08 1.12143e-07 -10 2.29319e-08 1.12143e-07 -10 2.29319e-08 1.12143e-07 -10
-8.19479e-09 1.33624e-07 -10 -2.20741e-08 1.33988e-07 -10 -2.20741e-08 1.33988e-07 -10 -2.20741e-08
1.33988e-07 -10 -2.20741e-08 1.33988e-07 -10 -4.35194e-08 1.49891e-07 -10 -6.14441e-08 1.50682e-07
-10 -6.14441e-08 1.50682e-07 -10 -6.14441e-08 1.50682e-07 -10 -6.14441e-08 1.50682e-07 -10
-6.71532e-08 1.42484e-07 -10 -8.05589e-08 1.39917e-07 -10 -8.05589e-08 1.39917e-07 -10 -8.05589e-08
1.39917e-07 -10 -8.05589e-08 1.39917e-07 -10 -6.92806e-08 1.07954e-07 -10 -7.50024e-08 1.05935e-07
-10 -7.50024e-08 1.05935e-07 -10 -7.50024e-08 1.05935e-07 -10 -7.50024e-08 1.05935e-07 -10
-4.61892e-08 5.83505e-08 -10 -7.14997e-08 6.75589e-08 -10 -9.74334e-08 8.12818e-08 -10 -1.23367e-07
9.50047e-08 -10 -1.49301e-07 1.08728e-07 -10 -1.43625e-07 9.23675e-08 -10 7.85037e-07 4.22096e-08
-10 7.85037e-07 4.22096e-08 -10 7.85037e-07 4.22096e-08 -10 7.85037e-07 4.22096e-08 -10
7.85037e-07 4.22096e-08 -10 6.88886e-07 5.03629e-08 -10 7.42673e-07 5.05294e-08 -10 7.42673e-07
5.05294e-08 -10 7.42673e-07 5.05294e-08 -10 7.42673e-07 5.05294e-08 -10 6.54404e-07 5.65401e-08
-10 7.06378e-07 5.65028e-08 -10 7.06378e-07 5.65028e-08 -10 7.06378e-07 5.65028e-08 -10
7.06378e-07 5.65028e-08 -10 6.23051e-07 6.03745e-08 -10 6.72736e-07 6.0716e-08 -10 6.72736e-07
6.0716e-08 -10 6.72736e-07 6.0716e-08 -10 6.72736e-07 6.0716e-08 -10 5.92773e-07 6.22891e-08
-10 6.40838e-07 6.236e-08 -10 6.40838e-07 6.236e-08 -10 6.40837e-07 6.236e-08 -10
6.40837e-07 6.236e-08 -10 5.58955e-07 6.38248e-08 -10 6.03378e-07 6.45978e-08 -10 6.03378e-07
6.45978e-08 -10 6.03378e-07 6.45978e-08 -10 6.03378e-07 6.45978e-08 -10 5.17722e-07 6.61607e-08
-10 5.58181e-07 6.67274e-08 -10 5.58181e-07 6.67274e-08 -10 5.58181e-07 6.67274e-08 -10
5.58181e-07 6.67274e-08 -10 4.65806e-07 6.92408e-08 -10 4.99184e-07 7.08427e-08 -10 4.99184e-07
7.08427e-08 -10 4.99184e-07 7.08427e-08 -10 4.99184e-07 7.08427e-08 -10 4.23167e-07 6.58182e-08
-10 4.58621e-07 6.58293e-08 -10 4.58621e-07 6.58293e-08 -10 4.58621e-07 6.58293e-08 -10
4.58621e-07 6.58293e-08 -10 3.94176e-07 5.59461e-08 -10 4.27207e-07 5.59308e-08 -10 4.27207e-07
5.59308e-08 -10 4.27207e-07 5.59308e-08 -10 4.27207e-07 5.59308e-08 -10 3.64037e-07 4.56781e-08
-10 3.94497e-07 4.54432e-08 -10 3.94497e-07 4.54432e-08 -10 3.94497e-07 4.54432e-08 -10
3.94497e-07 4.54432e-08 -10 3.34187e-07 3.56039e-08 -10 3.61051e-07 3.4417e-08 -10 3.61051e-07
3.4417e-08 -10 3.61051e-07 3.4417e-08 -10 3.61051e-07 3.4417e-08 -10 3.03746e-07 2.74003e-08
-10 3.26732e-07 2.64408e-08 -10 3.26732e-07 2.64408e-08 -10 3.26732e-07 2.64408e-08 -10
3.26732e-07 2.64408e-08 -10 2.71478e-07 2.19962e-08 -10 2.90371e-07 2.02293e-08 -10 2.90371e-07
2.02293e-08 -10 2.90371e-07 2.02293e-08 -10 2.90371e-07 2.02293e-08 -10 2.37731e-07 2.16034e-08
-10 2.5316e-07 2.07296e-08 -10 2.5316e-07 2.07296e-08 -10 2.5316e-07 2.07296e-08 -10
2.5316e-07 2.07296e-08 -10 2.02084e-07 2.81283e-08 -10 2.1299e-07 2.6947e-08 -10 2.1299e-07
2.6947e-08 -10 2.1299e-07 2.6947e-08 -10 2.1299e-07 2.6947e-08 -10 1.62728e-07 4.24931e-08
-10 1.68901e-07 4.19295e-08 -10 1.68901e-07 4.19295e-08 -10 1.68901e-07 4.19295e-08 -10
1.68901e-07 4.19295e-08 -10 1.21419e-07 6.45002e-08 -10 1.21701e-07 6.3075e-08 -10 1.21701e-07
6.3075e-08 -10 1.21701e-07 6.3075e-08 -10 1.21701e-07 6.3075e-08 -10 7.79137e-08 9.25558e-08
-10 7.31035e-08 9.24069e-08 -10 7.31035e-08 9.24069e-08 -10 7.31035e-08 9.24069e-08 -10
7.31035e-08 9.24069e-08 -10 3.35558e-08 1.20951e-07 -10 2.59767e-08 1.23118e-07 -10 2.59767e-08
1.23118e-07 -10 2.59767e-08 1.23118e-07 -10 2.59767e-08 1.23118e-07 -10 -9.01256e-09 1.46958e-07
-10 -2.28917e-08 1.47323e-07 -10 -2.28917e-08 1.47323e-07 -10 -2.28917e-08 1.47323e-07 -10
-2.28917e-08 1.47323e-07 -10 -4.78623e-08 1.64849e-07 -10 -6.57869e-08 1.6564e-07 -10 -6.57869e-08
1.6564e-07 -10 -6.57869e-08 1.6564e-07 -10 -6.57869e-08 1.6564e-07 -10 -7.38546e-08 1.56703e-07
-10 -8.72601e-08 1.54136e-07 -10 -8.72601e-08 1.54136e-07 -10 -8.72601e-08 1.54136e-07 -10
-8.72601e-08 1.54136e-07 -10 -7.61942e-08 1.18727e-07 -10 -8.1916e-08 1.16708e-07 -10 -8.1916e-08
1.16708e-07 -10 -8.1916e-08 1.16708e-07 -10 -8.1916e-08 1.16708e-07 -10 -5.07985e-08 6.41734e-08
-10 -7.6109e-08 7.33818e-08 -10 -1.02043e-07 8.71047e-08 -10 -1.27976e-07 1.00828e-07 -10
-1.5391e-07 1.14551e-07 -10 -1.45044e-07 9.47486e-08 -10 8.51072e-07 4.60393e-08 -10 8.51072e-07
4.60393e-08 -10 8.51072e-07 4.60393e-08 -10 8.51072e-07 4.60393e-08 -10 8.51072e-07 4.60393e-08
-10 7.51393e-07 5.49327e-08 -10 8.0518e-07 5.50991e-08 -10 8.0518e-07 5.50991e-08 -10
8.0518e-07 5.50991e-08 -10 8.0518e-07 5.50991e-08 -10 7.13782e-07 6.16704e-08 -10 7.65756e-07
6.16331e-08 -10 7.65756e-07 6.16331e-08 -10 7.65756e-07 6.16331e-08 -10 7.65756e-07 6.16331e-08
-10 6.79584e-07 6.58526e-08 -10 7.2927e-07 6.61942e-08 -10 7.2927e-07 6.61942e-08 -10
7.2927e-07 6.61942e-08 -10 7.2927e-07 6.61942e-08 -10 6.46559e-07 6.7941e-08 -10 6.94624e-07
6.80119e-08 -10 6.94624e-07 6.80119e-08 -10 6.94624e-07 6.80119e-08 -10 6.94624e-07 6.80119e-08
-10 6.09673e-07 6.96161e-08 -10 6.54096e-07 7.03891e-08 -10 6.54096e-07 7.03891e-08 -10
6.54096e-07 7.03891e-08 -10 6.54096e-07 7.03891e-08 -10 5.64698e-07 7.21639e-08 -10 6.05158e-07
7.27306e-08 -10 6.05157e-07 7.27306e-08 -10 6.05157e-07 7.27306e-08 -10 6.05157e-07 7.27306e-08
-10 5.08071e-07 7.55235e-08 -10 5.4145e-07 7.71254e-08 -10 5.4145e-07 7.71254e-08 -10
5.4145e-07 7.71254e-08 -10 5.4145e-07 7.71254e-08 -10 4.61563e-07 7.17903e-08 -10 4.97018e-07
7.18014e-08 -10 4.97018e-07 7.18014e-08 -10 4.97018e-07 7.18014e-08 -10 4.97018e-07 7.18014e-08
-10 4.29942e-07 6.10225e-08 -10 4.62973e-07 6.10071e-08 -10 4.62973e-07 6.10071e-08 -10
4.62973e-07 6.10071e-08 -10 4.62973e-07 6.10071e-08 -10 3.97069e-07 4.98228e-08 -10 4.27528e-07
4.95879e-08 -10 4.27528e-07 4.95879e-08 -10 4.27528e-07 4.95879e-08 -10 4.27528e-07 4.95879e-08
-10 3.6451e-07 3.88345e-08 -10 3.91374e-07 3.76476e-08 -10 3.91374e-07 3.76476e-08 -10
3.91374e-07 3.76476e-08 -10 3.91374e-07 3.76476e-08 -10 3.31307e-07 2.98866e-08 -10 3.54293e-07
2.8927e-08 -10 3.54293e-07 2.8927e-08 -10 3.54293e-07 2.8927e-08 -10 3.54293e-07 2.8927e-08
-10 2.96111e-07 2.39921e-08 -10 3.15003e-07 2.22252e-08 -10 3.15003e-07 2.22252e-08 -10
3.15003e-07 2.22252e-08 -10 3.15003e-07 2.22252e-08 -10 2.59302e-07 2.35637e-08 -10 2.74731e-07
2.26899e-08 -10 2.74731e-07 2.26899e-08 -10 2.74731e-07 2.26899e-08 -10 2.74731e-07 2.26899e-08
-10 2.2042e-07 3.06805e-08 -10 2.31326e-07 2.94993e-08 -10 2.31326e-07 2.94993e-08 -10
2.31326e-07 2.94993e-08 -10 2.31326e-07 2.94993e-08 -10 1.77494e-07 4.63488e-08 -10 1.83666e-07
4.57852e-08 -10 1.83666e-07 4.57852e-08 -10 1.83666e-07 4.57852e-08 -10 1.83666e-07 4.57852e-08
-10 1.32436e-07 7.03527e-08 -10 1.32719e-07 6.89275e-08 -10 1.32719e-07 6.89275e-08 -10
1.32719e-07 6.89275e-08 -10 1.32719e-07 6.89275e-08 -10 8.49833e-08 1.00954e-07 -10 8.01732e-08
1.00805e-07 -10 8.01732e-08 1.00805e-07 -10 8.01732e-08 1.00805e-07 -10 8.01732e-08 1.00805e-07
-10 3.66006e-08 1.31926e-07 -10 2.90215e-08 1.34092e-07 -10 2.90215e-08 1.34092e-07 -10
2.90215e-08 1.34092e-07 -10 2.90215e-08 1.34092e-07 -10 -9.83033e-09 1.60293e-07 -10 -2.37094e-08
1.60657e-07 -10 -2.37094e-08 1.60657e-07 -10 -2.37094e-08 1.60657e-07 -10 -2.37094e-08 1.60657e-07
-10 -5.22052e-08 1.79807e-07 -10 -7.01297e-08 1.80597e-07 -10 -7.01297e-08 1.80597e-07 -10
-7.01297e-08 1.80597e-07 -10 -7.01297e-08 1.80597e-07 -10 -8.05559e-08 1.70922e-07 -10 -9.39613e-08
1.68354e-07 -10 -9.39614e-08 1.68354e-07 -10 -9.39614e-08 1.68354e-07 -10 -9.39614e-08 1.68354e-07
-10 -8.31079e-08 1.295e-07 -10 -8.88296e-08 1.27481e-07 -10 -8.88296e-08 1.27481e-07 -10
-8.88296e-08 1.27481e-07 -10 -8.88296e-08 1.27481e-07 -10 -5.54077e-08 6.99963e-08 -10 -8.07183e-08
7.92047e-08 -10 -1.06652e-07 9.29276e-08 -10 -1.32586e-07 1.06651e-07 -10 -1.58519e-07 1.20373e-07
-10 -1.46463e-07 9.71297e-08 -10 9.17107e-07 4.9869e-08 -10 9.17107e-07 4.9869e-08 -10
9.17106e-07 4.9869e-08 -10 9.17106e-07 4.9869e-08 -10 9.17106e-07 4.9869e-08 -10 8.139e-07
5.95024e-08 -10 8.67688e-07 5.96689e-08 -10 8.67687e-07 5.96689e-08 -10 8.67687e-07 5.96689e-08
-10 8.67687e-07 5.96689e-08 -10 7.73161e-07 6.68007e-08 -10 8.25135e-07 6.67634e-08 -10
8.25135e-07 6.67634e-08 -10 8.25134e-07 6.67634e-08 -10 8.25134e-07 6.67634e-08 -10 7.36118e-07
7.13308e-08 -10 7.85803e-07 7.16724e-08 -10 7.85803e-07 7.16724e-08 -10 7.85803e-07 7.16724e-08
-10 7.85803e-07 7.16724e-08 -10 7.00345e-07 7.35929e-08 -10 7.4841e-07 7.36638e-08 -10
7.4841e-07 7.36638e-08 -10 7.4841e-07 7.36638e-08 -10 7.4841e-07 7.36638e-08 -10 6.6039e-07
7.54073e-08 -10 7.04814e-07 7.61803e-08 -10 7.04814e-07 7.61803e-08 -10 7.04814e-07 7.61803e-08
-10 7.04814e-07 7.61803e-08 -10 6.11675e-07 7.81671e-08 -10 6.52134e-07 7.87338e-08 -10
6.52134e-07 7.87338e-08 -10 6.52134e-07 7.87338e-08 -10 6.52134e-07 7.87338e-08 -10 5.50337e-07
8.18062e-08 -10 5.83715e-07 8.34081e-08 -10 5.83715e-07 8.34081e-08 -10 5.83715e-07 8.34081e-08
-10 5.83715e-07 8.34081e-08 -10 4.9996e-07 7.77624e-08 -10 5.35415e-07 7.77736e-08 -10
5.35415e-07 7.77736e-08 -10 5.35414e-07 7.77736e-08 -10 5.35414e-07 7.77736e-08 -10 4.65708e-07
6.60988e-08 -10 4.98739e-07 6.60835e-08 -10 4.98739e-07 6.60835e-08 -10 4.98739e-07 6.60835e-08
-10 4.98739e-07 6.60835e-08 -10 4.301e-07 5.39674e-08 -10 4.60559e-07 5.37326e-08 -10
4.60559e-07 5.37326e-08 -10 4.60559e-07 5.37326e-08 -10 4.60559e-07 5.37326e-08 -10 3.94833e-07
4.20651e-08 -10 4.21697e-07 4.08782e-08 -10 4.21697e-07 4.08782e-08 -10 4.21697e-07 4.08782e-08
-10 4.21697e-07 4.08782e-08 -10 3.58868e-07 3.23728e-08 -10 3.81854e-07 3.14132e-08 -10
3.81854e-07 3.14132e-08 -10 3.81854e-07 3.14132e-08 -10 3.81854e-07 3.14132e-08 -10 3.20744e-07
2.5988e-08 -10 3.39636e-07 2.42211e-08 -10 3.39636e-07 2.42211e-08 -10 3.39636e-07 2.42211e-08
-10 3.39636e-07 2.42211e-08 -10 2.80873e-07 2.55239e-08 -10 2.96302e-07 2.46501e-08 -10
2.96302e-07 2.46501e-08 -10 2.96302e-07 2.46501e-08 -10 2.96302e-07 2.46501e-08 -10 2.38757e-07
3.32328e-08 -10 2.49663e-07 3.20516e-08 -10 2.49663e-07 3.20516e-08 -10 2.49663e-07 3.20516e-08
-10 2.49663e-07 3.20516e-08 -10 1.92259e-07 5.02045e-08 -10 1.98432e-07 4.96409e-08 -10
1.98432e-07 4.96409e-08 -10 1.98432e-07 4.96409e-08 -10 1.98432e-07 4.96409e-08 -10 1.43453e-07
7.62053e-08 -10 1.43736e-07 7.47801e-08 -10 1.43736e-07 7.47801e-08 -10 1.43736e-07 7.47801e-08
-10 1.43736e-07 7.47801e-08 -10 9.20529e-08 1.09352e-07 -10 8.72428e-08 1.09203e-07 -10
8.72429e-08 1.09203e-07 -10 8.72429e-08 1.09203e-07 -10 8.72429e-08 1.09203e-07 -10 3.96453e-08
1.42901e-07 -10 3.20662e-08 1.45067e-07 -10 3.20662e-08 1.45067e-07 -10 3.20663e-08 1.45067e-07
-10 3.20663e-08 1.45067e-07 -10 -1.06481e-08 1.73627e-07 -10 -2.45271e-08 1.73992e-07 -10
-2.45271e-08 1.73992e-07 -10 -2.45271e-08 1.73992e-07 -10 -2.45271e-08 1.73992e-07 -10 -5.6548e-08
1.94765e-07 -10 -7.44724e-08 1.95555e-07 -10 -7.44724e-08 1.95555e-07 -10 -7.44724e-08 1.95555e-07
-10 -7.44724e-08 1.95555e-07 -10 -8.72572e-08 1.8514e-07 -10 -1.00663e-07 1.82573e-07 -10
-1.00663e-07 1.82573e-07 -10 -1.00663e-07 1.82573e-07 -10 -1.00663e-07 1.82573e-07 -10 -9.00215e-08
1.40273e-07 -10 -9.57431e-08 1.38254e-07 -10 -9.57432e-08 1.38254e-07 -10 -9.57432e-08 1.38254e-07
-10 -9.57432e-08 1.38254e-07 -10 -6.0017e-08 7.58192e-08 -10 -8.53276e-08 8.50276e-08 -10
-1.11261e-07 9.87505e-08 -10 -1.37195e-07 1.12473e-07 -10 -1.63129e-07 1.26196e-07 -10 -1.47881e-07
9.95107e-08 -10 9.83141e-07 5.36987e-08 -10 9.83141e-07 5.36987e-08 -10 9.83141e-07 5.36987e-08
-10 9.83141e-07 5.36987e-08 -10 9.83141e-07 5.36987e-08 -10 8.76407e-07 6.40722e-08 -10
9.30195e-07 6.42387e-08 -10 9.30195e-07 6.42387e-08 -10 9.30195e-07 6.42387e-08 -10 9.30194e-07
6.42387e-08 -10 8.32539e-07 7.19309e-08 -10 8.84513e-07 7.18936e-08 -10 8.84513e-07 7.18936e-08
-10 8.84513e-07 7.18936e-08 -10 8.84513e-07 7.18936e-08 -10 7.92651e-07 7.6809e-08 -10
8.42337e-07 7.71506e-08 -10 8.42337e-07 7.71506e-08 -10 8.42337e-07 7.71506e-08 -10 8.42337e-07
7.71506e-08 -10 7.54131e-07 7.92448e-08 -10 8.02196e-07 7.93157e-08 -10 8.02196e-07 7.93157e-08
-10 8.02196e-07 7.93157e-08 -10 8.02196e-07 7.93157e-08 -10 7.11108e-07 8.11986e-08 -10
7.55531e-07 8.19716e-08 -10 7.55531e-07 8.19716e-08 -10 7.55531e-07 8.19716e-08 -10 7.55531e-07
8.19716e-08 -10 6.58651e-07 8.41703e-08 -10 6.9911e-07 8.4737e-08 -10 6.9911e-07 8.4737e-08
-10 6.9911e-07 8.4737e-08 -10 6.9911e-07 8.4737e-08 -10 5.92603e-07 8.80889e-08 -10
6.25981e-07 8.96907e-08 -10 6.25981e-07 8.96907e-08 -10 6.25981e-07 8.96907e-08 -10 6.25981e-07
8.96907e-08 -10 5.38357e-07 8.37346e-08 -10 5.73811e-07 8.37457e-08 -10 5.73811e-07 8.37457e-08
-10 5.73811e-07 8.37457e-08 -10 5.73811e-07 8.37457e-08 -10 5.01474e-07 7.11752e-08 -10
5.34505e-07 7.11599e-08 -10 5.34505e-07 7.11599e-08 -10 5.34505e-07 7.11599e-08 -10 5.34505e-07
7.11599e-08 -10 4.63132e-07 5.81121e-08 -10 4.93591e-07 5.78773e-08 -10 4.93591e-07 5.78773e-08
-10 4.93591e-07 5.78773e-08 -10 4.93591e-07 5.78773e-08 -10 4.25156e-07 4.52957e-08 -10
4.5202e-07 4.41088e-08 -10 4.5202e-07 4.41088e-08 -10 4.5202e-07 4.41088e-08 -10 4.5202e-07
4.41088e-08 -10 3.86429e-07 3.4859e-08 -10 4.09414e-07 3.38995e-08 -10 4.09414e-07 3.38995e-08
-10 4.09414e-07 3.38995e-08 -10 4.09414e-07 3.38995e-08 -10 3.45377e-07 2.79838e-08 -10
3.64269e-07 2.6217e-08 -10 3.64269e-07 2.6217e-08 -10 3.64269e-07 2.6217e-08 -10 3.64269e-07
2.6217e-08 -10 3.02444e-07 2.74841e-08 -10 3.17873e-07 2.66103e-08 -10 3.17873e-07 2.66103e-08
-10 3.17873e-07 2.66103e-08 -10 3.17873e-07 2.66103e-08 -10 2.57093e-07 3.57851e-08 -10
2.67999e-07 3.46038e-08 -10 2.67999e-07 3.46038e-08 -10 2.67999e-07 3.46038e-08 -10 2.67999e-07
3.46038e-08 -10 2.07025e-07 5.40602e-08 -10 2.13197e-07 5.34966e-08 -10 2.13197e-07 5.34966e-08
-10 2.13197e-07 5.34966e-08 -10 2.13197e-07 5.34966e-08 -10 1.54471e-07 8.20578e-08 -10
1.54753e-07 8.06326e-08 -10 1.54753e-07 8.06326e-08 -10 1.54753e-07 8.06326e-08 -10 1.54753e-07
8.06326e-08 -10 9.91225e-08 1.1775e-07 -10 9.43125e-08 1.17602e-07 -10 9.43125e-08 1.17602e-07
-10 9.43125e-08 1.17602e-07 -10 9.43125e-08 1.17602e-07 -10 4.26901e-08 1.53875e-07 -10
3.5111e-08 1.56042e-07 -10 3.5111e-08 1.56042e-07 -10 3.5111e-08 1.56042e-07 -10 3.5111e-08
1.56042e-07 -10 -1.14659e-08 1.86962e-07 -10 -2.53448e-08 1.87326e-07 -10 -2.53448e-08 1.87326e-07
-10 -2.53448e-08 1.87326e-07 -10 -2.53448e-08 1.87326e-07 -10 -6.08909e-08 2.09723e-07 -10
-7.88152e-08 2.10513e-07 -10 -7.88152e-08 2.10513e-07 -10 -7.88152e-08 2.10513e-07 -10 -7.88152e-08
2.10513e-07 -10 -9.39585e-08 1.99359e-07 -10 -1.07364e-07 1.96792e-07 -10 -1.07364e-07 1.96792e-07
-10 -1.07364e-07 1.96792e-07 -10 -1.07364e-07 1.96792e-07 -10 -9.69351e-08 1.51046e-07 -10
-1.02657e-07 1.49026e-07 -10 -1.02657e-07 1.49026e-07 -10 -1.02657e-07 1.49026e-07 -10 -1.02657e-07
1.49026e-07 -10 -6.46263e-08 8.16421e-08 -10 -8.99369e-08 9.08505e-08 -10 -1.15871e-07 1.04573e-07
-10 -1.41804e-07 1.18296e-07 -10 -1.67738e-07 1.32019e-07 -10 -1.493e-07 1.01892e-07 -10
1.04918e-06 5.75284e-08 -10 1.04918e-06 5.75284e-08 -10 1.04918e-06 5.75284e-08 -10 1.04918e-06
5.75284e-08 -10 1.04644e-06 5.81024e-08 -10 9.38915e-07 6.8642e-08 -10 9.92702e-07 6.88084e-08
-10 9.92702e-07 6.88084e-08 -10 9.92702e-07 6.88084e-08 -10 9.92702e-07 6.88084e-08 -10
8.91918e-07 7.70612e-08 -10 9.43891e-07 7.70239e-08 -10 9.43891e-07 7.70239e-08 -10 9.43891e-07
7.70239e-08 -10 9.43891e-07 7.70239e-08 -10 8.49185e-07 8.22872e-08 -10 8.9887e-07 8.26287e-08
-10 8.9887e-07 8.26288e-08 -10 8.9887e-07 8.26288e-08 -10 8.9887e-07 8.26288e-08 -10
8.07917e-07 8.48967e-08 -10 8.55982e-07 8.49676e-08 -10 8.55982e-07 8.49676e-08 -10 8.55982e-07
8.49676e-08 -10 8.55982e-07 8.49676e-08 -10 7.61826e-07 8.69899e-08 -10 8.06249e-07 8.77628e-08
-10 8.06249e-07 8.77628e-08 -10 8.06249e-07 8.77628e-08 -10 8.06249e-07 8.77628e-08 -10
7.05627e-07 9.01735e-08 -10 7.46086e-07 9.07402e-08 -10 7.46086e-07 9.07402e-08 -10 7.46086e-07
9.07402e-08 -10 7.46086e-07 9.07402e-08 -10 6.34868e-07 9.43716e-08 -10 6.68246e-07 9.59734e-08
-10 6.68246e-07 9.59734e-08 -10 6.68246e-07 9.59734e-08 -10 6.68246e-07 9.59734e-08 -10
5.76754e-07 8.97067e-08 -10 6.12208e-07 8.97178e-08 -10 6.12208e-07 8.97178e-08 -10 6.12208e-07
8.97178e-08 -10 6.12208e-07 8.97178e-08 -10 5.3724e-07 7.62516e-08 -10 5.70271e-07 7.62362e-08
-10 5.70271e-07 7.62362e-08 -10 5.70271e-07 7.62362e-08 -10 5.70271e-07 7.62362e-08 -10
4.96163e-07 6.22568e-08 -10 5.26622e-07 6.2022e-08 -10 5.26622e-07 6.2022e-08 -10 5.26622e-07
6.2022e-08 -10 5.26622e-07 6.2022e-08 -10 4.55479e-07 4.85263e-08 -10 4.82343e-07 4.73394e-08
-10 4.82343e-07 4.73394e-08 -10 4.82343e-07 4.73394e-08 -10 4.82343e-07 4.73394e-08 -10
4.1399e-07 3.73452e-08 -10 4.36975e-07 3.63857e-08 -10 4.36975e-07 3.63857e-08 -10 4.36975e-07
3.63857e-08 -10 4.36975e-07 3.63857e-08 -10 3.7001e-07 2.99797e-08 -10 3.88902e-07 2.82128e-08
-10 3.88902e-07 2.82128e-08 -10 3.88902e-07 2.82128e-08 -10 3.88902e-07 2.82128e-08 -10
3.24015e-07 2.94443e-08 -10 3.39444e-07 2.85706e-08 -10 3.39444e-07 2.85706e-08 -10 3.39444e-07
2.85706e-08 -10 3.39444e-07 2.85706e-08 -10 2.75429e-07 3.83373e-08 -10 2.86335e-07 3.71561e-08
-10 2.86335e-07 3.71561e-08 -10 2.86335e-07 3.71561e-08 -10 2.86335e-07 3.71561e-08 -10
2.2179e-07 5.79159e-08 -10 2.27963e-07 5.73523e-08 -10 2.27963e-07 5.73523e-08 -10 2.27963e-07
5.73523e-08 -10 2.27963e-07 5.73523e-08 -10 1.65488e-07 8.79103e-08 -10 1.6577e-07 8.64852e-08
-10 1.6577e-07 8.64852e-08 -10 1.6577e-07 8.64852e-08 -10 1.6577e-07 8.64852e-08 -10
1.06192e-07 1.26149e-07 -10 1.01382e-07 1.26e-07 -10 1.01382e-07 1.26e-07 -10 1.01382e-07
1.26e-07 -10 1.01382e-07 1.26e-07 -10 4.57348e-08 1.6485e-07 -10 3.81558e-08 1.67017e-07
-10 3.81558e-08 1.67017e-07 -10 3.81558e-08 1.67017e-07 -10 3.81558e-08 1.67017e-07 -10
-1.22836e-08 2.00296e-07 -10 -2.61625e-08 2.00661e-07 -10 -2.61625e-08 2.00661e-07 -10 -2.61625e-08
2.00661e-07 -10 -2.61625e-08 2.00661e-07 -10 -6.52338e-08 2.2468e-07 -10 -8.3158e-08 2.25471e-07
-10 -8.3158e-08 2.25471e-07 -10 -8.3158e-08 2.25471e-07 -10 -8.3158e-08 2.25471e-07 -10
-1.0066e-07 2.13578e-07 -10 -1.14065e-07 2.11011e-07 -10 -1.14065e-07 2.11011e-07 -10 -1.14065e-07
2.11011e-07 -10 -1.14065e-07 2.11011e-07 -10 -1.03849e-07 1.61819e-07 -10 -1.0957e-07 1.59799e-07
-10 -1.0957e-07 1.59799e-07 -10 -1.0957e-07 1.59799e-07 -10 -1.0957e-07 1.59799e-07 -10
-6.92356e-08 8.74649e-08 -10 -9.45462e-08 9.66734e-08 -10 -1.2048e-07 1.10396e-07 -10 -1.46414e-07
1.24119e-07 -10 -1.72347e-07 1.37842e-07 -10 -1.50719e-07 1.04273e-07 -10 1.11521e-06 6.13581e-08
-10 1.11521e-06 6.13581e-08 -10 1.11521e-06 6.13581e-08 -10 1.11521e-06 6.13581e-08 -10
1.10895e-06 6.26722e-08 -10 1.00142e-06 7.32117e-08 -10 1.05521e-06 7.33782e-08 -10 1.05521e-06
7.33782e-08 -10 1.05521e-06 7.33782e-08 -10 1.05521e-06 7.33782e-08 -10 9.51296e-07 8.21915e-08
-10 1.00327e-06 8.21542e-08 -10 1.00327e-06 8.21542e-08 -10 1.00327e-06 8.21542e-08 -10
1.00327e-06 8.21542e-08 -10 9.05718e-07 8.77653e-08 -10 9.55404e-07 8.81069e-08 -10 9.55404e-07
8.81069e-08 -10 9.55404e-07 8.81069e-08 -10 9.55403e-07 8.81069e-08 -10 8.61704e-07 9.05486e-08
-10 9.09768e-07 9.06195e-08 -10 9.09768e-07 9.06195e-08 -10 9.09768e-07 9.06195e-08 -10
9.09768e-07 9.06195e-08 -10 8.12544e-07 9.27811e-08 -10 8.56966e-07 9.35541e-08 -10 8.56966e-07
9.35541e-08 -10 8.56966e-07 9.35541e-08 -10 8.56966e-07 9.35541e-08 -10 7.52604e-07 9.61767e-08
-10 7.93063e-07 9.67434e-08 -10 7.93063e-07 9.67434e-08 -10 7.93062e-07 9.67434e-08 -10
7.93062e-07 9.67434e-08 -10 6.77134e-07 1.00654e-07 -10 7.10512e-07 1.02256e-07 -10 7.10512e-07
1.02256e-07 -10 7.10512e-07 1.02256e-07 -10 7.10512e-07 1.02256e-07 -10 6.1515e-07 9.56788e-08
-10 6.50604e-07 9.56899e-08 -10 6.50604e-07 9.56899e-08 -10 6.50604e-07 9.56899e-08 -10
6.50604e-07 9.56899e-08 -10 5.73007e-07 8.13279e-08 -10 6.06037e-07 8.13126e-08 -10 6.06037e-07
8.13126e-08 -10 6.06037e-07 8.13126e-08 -10 6.06037e-07 8.13126e-08 -10 5.29195e-07 6.64015e-08
-10 5.59654e-07 6.61666e-08 -10 5.59654e-07 6.61666e-08 -10 5.59654e-07 6.61666e-08 -10
5.59654e-07 6.61666e-08 -10 4.85802e-07 5.17568e-08 -10 5.12666e-07 5.057e-08 -10 5.12666e-07
5.057e-08 -10 5.12666e-07 5.057e-08 -10 5.12666e-07 5.057e-08 -10 4.41551e-07 3.98314e-08
-10 4.64536e-07 3.88719e-08 -10 4.64536e-07 3.88719e-08 -10 4.64536e-07 3.88719e-08 -10
4.64536e-07 3.88719e-08 -10 3.94643e-07 3.19756e-08 -10 4.13535e-07 3.02087e-08 -10 4.13535e-07
3.02087e-08 -10 4.13535e-07 3.02087e-08 -10 4.13535e-07 3.02087e-08 -10 3.45586e-07 3.14046e-08
-10 3.61015e-07 3.05308e-08 -10 3.61015e-07 3.05308e-08 -10 3.61015e-07 3.05308e-08 -10
3.61015e-07 3.05308e-08 -10 2.93766e-07 4.08896e-08 -10 3.04672e-07 3.97084e-08 -10 3.04672e-07
3.97084e-08 -10 3.04672e-07 3.97084e-08 -10 3.04672e-07 3.97084e-08 -10 2.36556e-07 6.17716e-08
-10 2.42728e-07 6.12079e-08 -10 2.42728e-07 6.12079e-08 -10 2.42728e-07 6.12079e-08 -10
2.42728e-07 6.12079e-08 -10 1.76505e-07 9.37629e-08 -10 1.76787e-07 9.23377e-08 -10 1.76787e-07
9.23377e-08 -10 1.76787e-07 9.23377e-08 -10 1.76787e-07 9.23377e-08 -10 1.13262e-07 1.34547e-07
-10 1.08452e-07 1.34398e-07 -10 1.08452e-07 1.34398e-07 -10 1.08452e-07 1.34398e-07 -10
1.08452e-07 1.34398e-07 -10 4.87795e-08 1.75825e-07 -10 4.12006e-08 1.77991e-07 -10 4.12006e-08
1.77991e-07 -10 4.12006e-08 1.77991e-07 -10 4.12006e-08 1.77991e-07 -10 -1.31014e-08 2.13631e-07
-10 -2.69802e-08 2.13995e-07 -10 -2.69802e-08 2.13995e-07 -10 -2.69802e-08 2.13995e-07 -10
-2.69802e-08 2.13995e-07 -10 -6.95767e-08 2.39638e-07 -10 -8.75007e-08 2.40429e-07 -10 -8.75007e-08
2.40429e-07 -10 -8.75007e-08 2.40429e-07 -10 -8.75008e-08 2.40429e-07 -10 -1.07361e-07 2.27797e-07
-10 -1.20766e-07 2.25229e-07 -10 -1.20766e-07 2.25229e-07 -10 -1.20766e-07 2.25229e-07 -10
-1.20766e-07 2.25229e-07 -10 -1.10762e-07 1.72592e-07 -10 -1.16484e-07 1.70572e-07 -10 -1.16484e-07
1.70572e-07 -10 -1.16484e-07 1.70572e-07 -10 -1.16484e-07 1.70572e-07 -10 -7.38449e-08 9.32878e-08
-10 -9.91555e-08 1.02496e-07 -10 -1.25089e-07 1.16219e-07 -10 -1.51023e-07 1.29942e-07 -10
-1.76956e-07 1.43665e-07 -10 -1.52138e-07 1.06654e-07 -10 1.18125e-06 6.51878e-08 -10 1.18125e-06
6.51878e-08 -10 1.18125e-06 6.51878e-08 -10 1.18125e-06 6.51878e-08 -10 1.17145e-06 6.7242e-08
-10 1.06393e-06 7.77815e-08 -10 1.11772e-06 7.7948e-08 -10 1.11772e-06 7.7948e-08 -10
1.11772e-06 7.7948e-08 -10 1.11772e-06 7.7948e-08 -10 1.01067e-06 8.73217e-08 -10 1.06265e-06
8.72844e-08 -10 1.06265e-06 8.72844e-08 -10 1.06265e-06 8.72844e-08 -10 1.06265e-06 8.72844e-08
-10 9.62252e-07 9.32435e-08 -10 1.01194e-06 9.35851e-08 -10 1.01194e-06 9.35851e-08 -10
1.01194e-06 9.35851e-08 -10 1.01194e-06 9.35851e-08 -10 9.1549e-07 9.62006e-08 -10 9.63554e-07
9.62714e-08 -10 9.63554e-07 9.62714e-08 -10 9.63554e-07 9.62714e-08 -10 9.63554e-07 9.62714e-08
-10 8.63261e-07 9.85724e-08 -10 9.07684e-07 9.93453e-08 -10 9.07684e-07 9.93453e-08 -10
9.07684e-07 9.93453e-08 -10 9.07684e-07 9.93453e-08 -10 7.9958e-07 1.0218e-07 -10 8.40039e-07
1.02747e-07 -10 8.40039e-07 1.02747e-07 -10 8.40039e-07 1.02747e-07 -10 8.40039e-07 1.02747e-07
-10 7.194e-07 1.06937e-07 -10 7.52777e-07 1.08539e-07 -10 7.52777e-07 1.08539e-07 -10
7.52777e-07 1.08539e-07 -10 7.52777e-07 1.08539e-07 -10 6.53547e-07 1.01651e-07 -10 6.89001e-07
1.01662e-07 -10 6.89001e-07 1.01662e-07 -10 6.89001e-07 1.01662e-07 -10 6.89001e-07 1.01662e-07
-10 6.08773e-07 8.64043e-08 -10 6.41803e-07 8.6389e-08 -10 6.41803e-07 8.6389e-08 -10
6.41803e-07 8.6389e-08 -10 6.41803e-07 8.6389e-08 -10 5.62226e-07 7.05462e-08 -10 5.92685e-07
7.03113e-08 -10 5.92685e-07 7.03113e-08 -10 5.92685e-07 7.03113e-08 -10 5.92685e-07 7.03113e-08
-10 5.16125e-07 5.49874e-08 -10 5.42989e-07 5.38006e-08 -10 5.42989e-07 5.38006e-08 -10
5.42989e-07 5.38006e-08 -10 5.42989e-07 5.38006e-08 -10 4.69111e-07 4.23176e-08 -10 4.92097e-07
4.13581e-08 -10 4.92097e-07 4.13581e-08 -10 4.92097e-07 4.13581e-08 -10 4.92097e-07 4.13581e-08
-10 4.19276e-07 3.39714e-08 -10 4.38168e-07 3.22046e-08 -10 4.38168e-07 3.22046e-08 -10
4.38168e-07 3.22046e-08 -10 4.38168e-07 3.22046e-08 -10 3.67156e-07 3.33648e-08 -10 3.82585e-07
3.2491e-08 -10 3.82585e-07 3.2491e-08 -10 3.82585e-07 3.2491e-08 -10 3.82585e-07 3.2491e-08
-10 3.12102e-07 4.34419e-08 -10 3.23008e-07 4.22607e-08 -10 3.23008e-07 4.22607e-08 -10
3.23008e-07 4.22607e-08 -10 3.23008e-07 4.22607e-08 -10 2.51321e-07 6.56273e-08 -10 2.57493e-07
6.50636e-08 -10 2.57493e-07 6.50636e-08 -10 2.57493e-07 6.50636e-08 -10 2.57493e-07 6.50636e-08
-10 1.87522e-07 9.96154e-08 -10 1.87804e-07 9.81902e-08 -10 1.87804e-07 9.81902e-08 -10
1.87804e-07 9.81902e-08 -10 1.87804e-07 9.81902e-08 -10 1.20331e-07 1.42945e-07 -10 1.15521e-07
1.42796e-07 -10 1.15521e-07 1.42796e-07 -10 1.15521e-07 1.42796e-07 -10 1.15521e-07 1.42796e-07
-10 5.18243e-08 1.868e-07 -10 4.42454e-08 1.88966e-07 -10 4.42454e-08 1.88966e-07 -10
4.42454e-08 1.88966e-07 -10 4.42454e-08 1.88966e-07 -10 -1.39192e-08 2.26965e-07 -10 -2.77979e-08
2.2733e-07 -10 -2.77979e-08 2.2733e-07 -10 -2.77979e-08 2.2733e-07 -10 -2.77979e-08 2.2733e-07
-10 -7.39195e-08 2.54596e-07 -10 -9.18435e-08 2.55387e-07 -10 -9.18435e-08 2.55387e-07 -10
-9.18435e-08 2.55387e-07 -10 -9.18435e-08 2.55387e-07 -10 -1.14062e-07 2.42015e-07 -10 -1.27468e-07
2.39448e-07 -10 -1.27468e-07 2.39448e-07 -10 -1.27468e-07 2.39448e-07 -10 -1.27468e-07 2.39448e-07
-10 -1.17676e-07 1.83364e-07 -10 -1.23397e-07 1.81345e-07 -10 -1.23397e-07 1.81345e-07 -10
-1.23397e-07 1.81345e-07 -10 -1.23397e-07 1.81345e-07 -10 -7.84542e-08 9.91107e-08 -10 -1.03765e-07
1.08319e-07 -10 -1.29698e-07 1.22042e-07 -10 -1.55632e-07 1.35765e-07 -10 -1.81566e-07 1.49488e-07
-10 -1.53556e-07 1.09035e-07 -10 1.24728e-06 6.90175e-08 -10 1.24728e-06 6.90175e-08 -10
1.24728e-06 6.90175e-08 -10 1.24728e-06 6.90175e-08 -10 1.23396e-06 7.18117e-08 -10 1.12644e-06
8.23512e-08 -10 1.18022e-06 8.25177e-08 -10 1.18022e-06 8.25177e-08 -10 1.18022e-06 8.25177e-08
-10 1.18022e-06 8.25177e-08 -10 1.07005e-06 9.2452e-08 -10 1.12203e-06 9.24147e-08 -10
1.12203e-06 9.24147e-08 -10 1.12203e-06 9.24147e-08 -10 1.12203e-06 9.24147e-08 -10 1.01879e-06
9.87217e-08 -10 1.06847e-06 9.90633e-08 -10 1.06847e-06 9.90633e-08 -10 1.06847e-06 9.90633e-08
-10 1.06847e-06 9.90633e-08 -10 9.69276e-07 1.01852e-07 -10 1.01734e-06 1.01923e-07 -10
1.01734e-06 1.01923e-07 -10 1.01734e-06 1.01923e-07 -10 1.01734e-06 1.01923e-07 -10 9.13979e-07
1.04364e-07 -10 9.58402e-07 1.05137e-07 -10 9.58402e-07 1.05137e-07 -10 9.58402e-07 1.05137e-07
-10 9.58402e-07 1.05137e-07 -10 8.46557e-07 1.08183e-07 -10 8.87015e-07 1.0875e-07 -10
8.87015e-07 1.0875e-07 -10 8.87015e-07 1.0875e-07 -10 8.87015e-07 1.0875e-07 -10 7.61665e-07
1.1322e-07 -10 7.95043e-07 1.14821e-07 -10 7.95043e-07 1.14821e-07 -10 7.95043e-07 1.14821e-07
-10 7.95043e-07 1.14821e-07 -10 6.91944e-07 1.07623e-07 -10 7.27398e-07 1.07634e-07 -10
7.27398e-07 1.07634e-07 -10 7.27398e-07 1.07634e-07 -10 7.27397e-07 1.07634e-07 -10 6.44539e-07
9.14806e-08 -10 6.77569e-07 9.14653e-08 -10 6.77569e-07 9.14653e-08 -10 6.77569e-07 9.14653e-08
-10 6.77569e-07 9.14653e-08 -10 5.95258e-07 7.46908e-08 -10 6.25716e-07 7.4456e-08 -10
6.25716e-07 7.4456e-08 -10 6.25716e-07 7.4456e-08 -10 6.25716e-07 7.4456e-08 -10 5.46448e-07
5.8218e-08 -10 5.73312e-07 5.70311e-08 -10 5.73312e-07 5.70311e-08 -10 5.73311e-07 5.70311e-08
-10 5.73311e-07 5.70311e-08 -10 4.96672e-07 4.48038e-08 -10 5.19658e-07 4.38443e-08 -10
5.19658e-07 4.38443e-08 -10 5.19658e-07 4.38443e-08 -10 5.19658e-07 4.38443e-08 -10 4.43909e-07
3.59673e-08 -10 4.62801e-07 3.42004e-08 -10 4.62801e-07 3.42005e-08 -10 4.62801e-07 3.42005e-08
-10 4.62801e-07 3.42005e-08 -10 3.88727e-07 3.5325e-08 -10 4.04156e-07 3.44512e-08 -10
4.04156e-07 3.44512e-08 -10 4.04156e-07 3.44512e-08 -10 4.04156e-07 3.44512e-08 -10 3.30439e-07
4.59941e-08 -10 3.41344e-07 4.48129e-08 -10 3.41344e-07 4.48129e-08 -10 3.41344e-07 4.48129e-08
-10 3.41344e-07 4.48129e-08 -10 2.66086e-07 6.9483e-08 -10 2.72259e-07 6.89193e-08 -10
2.72259e-07 6.89193e-08 -10 2.72259e-07 6.89193e-08 -10 2.72259e-07 6.89193e-08 -10 1.98539e-07
1.05468e-07 -10 1.98822e-07 1.04043e-07 -10 1.98822e-07 1.04043e-07 -10 1.98822e-07 1.04043e-07
-10 1.98822e-07 1.04043e-07 -10 1.27401e-07 1.51343e-07 -10 1.22591e-07 1.51194e-07 -10
1.22591e-07 1.51194e-07 -10 1.22591e-07 1.51194e-07 -10 1.22591e-07 1.51194e-07 -10 5.4869e-08
1.97774e-07 -10 4.72902e-08 1.99941e-07 -10 4.72902e-08 1.99941e-07 -10 4.72902e-08 1.99941e-07
-10 4.72902e-08 1.99941e-07 -10 -1.4737e-08 2.403e-07 -10 -2.86156e-08 2.40664e-07 -10
-2.86156e-08 2.40664e-07 -10 -2.86156e-08 2.40664e-07 -10 -2.86156e-08 2.40664e-07 -10 -7.82624e-08
2.69554e-07 -10 -9.61863e-08 2.70345e-07 -10 -9.61863e-08 2.70345e-07 -10 -9.61863e-08 2.70345e-07
-10 -9.61863e-08 2.70345e-07 -10 -1.20764e-07 2.56234e-07 -10 -1.34169e-07 2.53667e-07 -10
-1.34169e-07 2.53667e-07 -10 -1.34169e-07 2.53667e-07 -10 -1.34169e-07 2.53667e-07 -10 -1.2459e-07
1.94137e-07 -10 -1.30311e-07 1.92118e-07 -10 -1.30311e-07 1.92118e-07 -10 -1.30311e-07 1.92118e-07
-10 -1.30311e-07 1.92118e-07 -10 -8.30634e-08 1.04934e-07 -10 -1.08374e-07 1.14142e-07 -10
-1.34308e-07 1.27865e-07 -10 -1.60241e-07 1.41588e-07 -10 -1.86175e-07 1.55311e-07 -10 -1.54975e-07
1.11416e-07 -10 1.31331e-06 7.28473e-08 -10 1.31331e-06 7.28473e-08 -10 1.31331e-06 7.28473e-08
-10 1.31331e-06 7.28473e-08 -10 1.29647e-06 7.63815e-08 -10 1.18894e-06 8.6921e-08 -10
1.24273e-06 8.70875e-08 -10 1.24273e-06 8.70875e-08 -10 1.24273e-06 8.70875e-08 -10 1.24266e-06
8.70992e-08 -10 1.12943e-06 9.75823e-08 -10 1.1814e-06 9.7545e-08 -10 1.1814e-06 9.7545e-08
-10 1.1814e-06 9.7545e-08 -10 1.18135e-06 9.75522e-08 -10 1.07532e-06 1.042e-07 -10
1.125e-06 1.04541e-07 -10 1.125e-06 1.04541e-07 -10 1.125e-06 1.04541e-07 -10 1.12495e-06
1.04545e-07 -10 1.02306e-06 1.07504e-07 -10 1.07113e-06 1.07575e-07 -10 1.07113e-06 1.07575e-07
-10 1.07113e-06 1.07575e-07 -10 1.07106e-06 1.07578e-07 -10 9.64697e-07 1.10155e-07 -10
1.00912e-06 1.10928e-07 -10 1.00912e-06 1.10928e-07 -10 1.00912e-06 1.10928e-07 -10 1.00904e-06
1.10932e-07 -10 8.93533e-07 1.14186e-07 -10 9.33991e-07 1.14753e-07 -10 9.33991e-07 1.14753e-07
-10 9.33991e-07 1.14753e-07 -10 9.33893e-07 1.14759e-07 -10 8.03931e-07 1.19502e-07 -10
8.37309e-07 1.21104e-07 -10 8.37309e-07 1.21104e-07 -10 8.37309e-07 1.21104e-07 -10 8.37228e-07
1.21098e-07 -10 7.30341e-07 1.13595e-07 -10 7.65794e-07 1.13606e-07 -10 7.65794e-07 1.13606e-07
-10 7.65794e-07 1.13606e-07 -10 7.65739e-07 1.13588e-07 -10 6.80305e-07 9.6557e-08 -10
7.13335e-07 9.65417e-08 -10 7.13335e-07 9.65417e-08 -10 7.13335e-07 9.65417e-08 -10 7.13278e-07
9.65222e-08 -10 6.28289e-07 7.88355e-08 -10 6.58748e-07 7.86007e-08 -10 6.58748e-07 7.86007e-08
-10 6.58748e-07 7.86007e-08 -10 6.58691e-07 7.85816e-08 -10 5.76771e-07 6.14486e-08 -10
6.03634e-07 6.02617e-08 -10 6.03634e-07 6.02617e-08 -10 6.03634e-07 6.02617e-08 -10 6.03577e-07
6.02462e-08 -10 5.24233e-07 4.72901e-08 -10 5.47218e-07 4.63306e-08 -10 5.47218e-07 4.63306e-08
-10 5.47218e-07 4.63306e-08 -10 5.47157e-07 4.63203e-08 -10 4.68542e-07 3.79632e-08 -10
4.87434e-07 3.61963e-08 -10 4.87434e-07 3.61963e-08 -10 4.87434e-07 3.61963e-08 -10 4.8737e-07
3.61956e-08 -10 4.10298e-07 3.72852e-08 -10 4.25727e-07 3.64115e-08 -10 4.25727e-07 3.64115e-08
-10 4.25727e-07 3.64115e-08 -10 4.25659e-07 3.64239e-08 -10 3.48775e-07 4.85464e-08 -10
3.59681e-07 4.73652e-08 -10 3.59681e-07 4.73652e-08 -10 3.59681e-07 4.73652e-08 -10 3.59606e-07
4.73925e-08 -10 2.80852e-07 7.33386e-08 -10 2.87024e-07 7.2775e-08 -10 2.87024e-07 7.2775e-08
-10 2.87024e-07 7.2775e-08 -10 2.86946e-07 7.28168e-08 -10 2.09556e-07 1.1132e-07 -10
2.09839e-07 1.09895e-07 -10 2.09839e-07 1.09895e-07 -10 2.09839e-07 1.09895e-07 -10 2.09756e-07
1.09949e-07 -10 1.34471e-07 1.59742e-07 -10 1.29661e-07 1.59593e-07 -10 1.29661e-07 1.59593e-07
-10 1.29661e-07 1.59593e-07 -10 1.29577e-07 1.59646e-07 -10 5.79138e-08 2.08749e-07 -10
5.0335e-08 2.10915e-07 -10 5.0335e-08 2.10915e-07 -10 5.0335e-08 2.10915e-07 -10 5.02542e-08
2.10965e-07 -10 -1.55547e-08 2.53634e-07 -10 -2.94333e-08 2.53999e-07 -10 -2.94333e-08 2.53999e-07
-10 -2.94333e-08 2.53999e-07 -10 -2.9507e-08 2.54033e-07 -10 -8.26053e-08 2.84512e-07 -10
-1.00529e-07 2.85302e-07 -10 -1.00529e-07 2.85302e-07 -10 -1.00529e-07 2.85302e-07 -10 -1.00578e-07
2.85287e-07 -10 -1.27465e-07 2.70453e-07 -10 -1.4087e-07 2.67885e-07 -10 -1.4087e-07 2.67885e-07
-10 -1.4087e-07 2.67885e-07 -10 -1.40875e-07 2.67813e-07 -10 -1.31503e-07 2.0491e-07 -10
-1.37225e-07 2.02891e-07 -10 -1.37225e-07 2.02891e-07 -10 -1.37225e-07 2.02891e-07 -10 -1.37176e-07
2.02787e-07 -10 -8.76727e-08 1.10756e-07 -10 -1.12983e-07 1.19965e-07 -10 -1.38917e-07 1.33688e-07
-10 -1.64851e-07 1.47411e-07 -10 -1.90718e-07 1.61062e-07 -10 -1.56394e-07 1.13797e-07 
