/*--------------------------------*- C++ -*----------------------------------*\
  =========                 |
  \\      /  F ield         | OpenFOAM: The Open Source CFD Toolbox
   \\    /   O peration     | Website:  https://openfoam.org
    \\  /    A nd           | Version:  10
     \\/     M anipulation  |
\*---------------------------------------------------------------------------*/
FoamFile
{
    format      ascii;
    class       faceList;
    location    "constant/polyMesh";
    object      faces;
}
// * * * * * * * * * * * * * * * * * * * * * * * * * * * * * * * * * * * * * //


40500
(
4(803 819 1232 1216)
4(818 1231 1232 819)
4(1215 1216 1232 1231)
4(804 820 1233 1217)
4(819 1232 1233 820)
4(1216 1217 1233 1232)
4(805 821 1234 1218)
4(820 1233 1234 821)
4(1217 1218 1234 1233)
4(806 822 1235 1219)
4(821 1234 1235 822)
4(1218 1219 1235 1234)
4(807 823 1236 1220)
4(822 1235 1236 823)
4(1219 1220 1236 1235)
4(808 824 1237 1221)
4(823 1236 1237 824)
4(1220 1221 1237 1236)
4(809 825 1238 1222)
4(824 1237 1238 825)
4(1221 1222 1238 1237)
4(810 826 1239 1223)
4(825 1238 1239 826)
4(1222 1223 1239 1238)
4(811 827 1240 1224)
4(826 1239 1240 827)
4(1223 1224 1240 1239)
4(812 828 1241 1225)
4(827 1240 1241 828)
4(1224 1225 1241 1240)
4(813 829 1242 1226)
4(828 1241 1242 829)
4(1225 1226 1242 1241)
4(814 830 1243 1227)
4(829 1242 1243 830)
4(1226 1227 1243 1242)
4(815 831 1244 1228)
4(830 1243 1244 831)
4(1227 1228 1244 1243)
4(816 832 1245 1229)
4(831 1244 1245 832)
4(1228 1229 1245 1244)
4(817 833 1246 1230)
4(832 1245 1246 833)
4(1229 1230 1246 1245)
4(833 1246 643 642)
4(1230 644 643 1246)
4(641 642 643 644)
4(819 835 1248 1232)
4(834 1247 1248 835)
4(1231 1232 1248 1247)
4(820 836 1249 1233)
4(835 1248 1249 836)
4(1232 1233 1249 1248)
4(821 837 1250 1234)
4(836 1249 1250 837)
4(1233 1234 1250 1249)
4(822 838 1251 1235)
4(837 1250 1251 838)
4(1234 1235 1251 1250)
4(823 839 1252 1236)
4(838 1251 1252 839)
4(1235 1236 1252 1251)
4(824 840 1253 1237)
4(839 1252 1253 840)
4(1236 1237 1253 1252)
4(825 841 1254 1238)
4(840 1253 1254 841)
4(1237 1238 1254 1253)
4(826 842 1255 1239)
4(841 1254 1255 842)
4(1238 1239 1255 1254)
4(827 843 1256 1240)
4(842 1255 1256 843)
4(1239 1240 1256 1255)
4(828 844 1257 1241)
4(843 1256 1257 844)
4(1240 1241 1257 1256)
4(829 845 1258 1242)
4(844 1257 1258 845)
4(1241 1242 1258 1257)
4(830 846 1259 1243)
4(845 1258 1259 846)
4(1242 1243 1259 1258)
4(831 847 1260 1244)
4(846 1259 1260 847)
4(1243 1244 1260 1259)
4(832 848 1261 1245)
4(847 1260 1261 848)
4(1244 1245 1261 1260)
4(833 849 1262 1246)
4(848 1261 1262 849)
4(1245 1246 1262 1261)
4(849 1262 646 645)
4(1246 643 646 1262)
4(642 645 646 643)
4(835 851 1264 1248)
4(850 1263 1264 851)
4(1247 1248 1264 1263)
4(836 852 1265 1249)
4(851 1264 1265 852)
4(1248 1249 1265 1264)
4(837 853 1266 1250)
4(852 1265 1266 853)
4(1249 1250 1266 1265)
4(838 854 1267 1251)
4(853 1266 1267 854)
4(1250 1251 1267 1266)
4(839 855 1268 1252)
4(854 1267 1268 855)
4(1251 1252 1268 1267)
4(840 856 1269 1253)
4(855 1268 1269 856)
4(1252 1253 1269 1268)
4(841 857 1270 1254)
4(856 1269 1270 857)
4(1253 1254 1270 1269)
4(842 858 1271 1255)
4(857 1270 1271 858)
4(1254 1255 1271 1270)
4(843 859 1272 1256)
4(858 1271 1272 859)
4(1255 1256 1272 1271)
4(844 860 1273 1257)
4(859 1272 1273 860)
4(1256 1257 1273 1272)
4(845 861 1274 1258)
4(860 1273 1274 861)
4(1257 1258 1274 1273)
4(846 862 1275 1259)
4(861 1274 1275 862)
4(1258 1259 1275 1274)
4(847 863 1276 1260)
4(862 1275 1276 863)
4(1259 1260 1276 1275)
4(848 864 1277 1261)
4(863 1276 1277 864)
4(1260 1261 1277 1276)
4(849 865 1278 1262)
4(864 1277 1278 865)
4(1261 1262 1278 1277)
4(865 1278 648 647)
4(1262 646 648 1278)
4(645 647 648 646)
4(851 867 1280 1264)
4(866 1279 1280 867)
4(1263 1264 1280 1279)
4(852 868 1281 1265)
4(867 1280 1281 868)
4(1264 1265 1281 1280)
4(853 869 1282 1266)
4(868 1281 1282 869)
4(1265 1266 1282 1281)
4(854 870 1283 1267)
4(869 1282 1283 870)
4(1266 1267 1283 1282)
4(855 871 1284 1268)
4(870 1283 1284 871)
4(1267 1268 1284 1283)
4(856 872 1285 1269)
4(871 1284 1285 872)
4(1268 1269 1285 1284)
4(857 873 1286 1270)
4(872 1285 1286 873)
4(1269 1270 1286 1285)
4(858 874 1287 1271)
4(873 1286 1287 874)
4(1270 1271 1287 1286)
4(859 875 1288 1272)
4(874 1287 1288 875)
4(1271 1272 1288 1287)
4(860 876 1289 1273)
4(875 1288 1289 876)
4(1272 1273 1289 1288)
4(861 877 1290 1274)
4(876 1289 1290 877)
4(1273 1274 1290 1289)
4(862 878 1291 1275)
4(877 1290 1291 878)
4(1274 1275 1291 1290)
4(863 879 1292 1276)
4(878 1291 1292 879)
4(1275 1276 1292 1291)
4(864 880 1293 1277)
4(879 1292 1293 880)
4(1276 1277 1293 1292)
4(865 881 1294 1278)
4(880 1293 1294 881)
4(1277 1278 1294 1293)
4(881 1294 650 649)
4(1278 648 650 1294)
4(647 649 650 648)
4(867 883 1296 1280)
4(882 1295 1296 883)
4(1279 1280 1296 1295)
4(868 884 1297 1281)
4(883 1296 1297 884)
4(1280 1281 1297 1296)
4(869 885 1298 1282)
4(884 1297 1298 885)
4(1281 1282 1298 1297)
4(870 886 1299 1283)
4(885 1298 1299 886)
4(1282 1283 1299 1298)
4(871 887 1300 1284)
4(886 1299 1300 887)
4(1283 1284 1300 1299)
4(872 888 1301 1285)
4(887 1300 1301 888)
4(1284 1285 1301 1300)
4(873 889 1302 1286)
4(888 1301 1302 889)
4(1285 1286 1302 1301)
4(874 890 1303 1287)
4(889 1302 1303 890)
4(1286 1287 1303 1302)
4(875 891 1304 1288)
4(890 1303 1304 891)
4(1287 1288 1304 1303)
4(876 892 1305 1289)
4(891 1304 1305 892)
4(1288 1289 1305 1304)
4(877 893 1306 1290)
4(892 1305 1306 893)
4(1289 1290 1306 1305)
4(878 894 1307 1291)
4(893 1306 1307 894)
4(1290 1291 1307 1306)
4(879 895 1308 1292)
4(894 1307 1308 895)
4(1291 1292 1308 1307)
4(880 896 1309 1293)
4(895 1308 1309 896)
4(1292 1293 1309 1308)
4(881 897 1310 1294)
4(896 1309 1310 897)
4(1293 1294 1310 1309)
4(897 1310 652 651)
4(1294 650 652 1310)
4(649 651 652 650)
4(883 899 1312 1296)
4(898 1311 1312 899)
4(1295 1296 1312 1311)
4(884 900 1313 1297)
4(899 1312 1313 900)
4(1296 1297 1313 1312)
4(885 901 1314 1298)
4(900 1313 1314 901)
4(1297 1298 1314 1313)
4(886 902 1315 1299)
4(901 1314 1315 902)
4(1298 1299 1315 1314)
4(887 903 1316 1300)
4(902 1315 1316 903)
4(1299 1300 1316 1315)
4(888 904 1317 1301)
4(903 1316 1317 904)
4(1300 1301 1317 1316)
4(889 905 1318 1302)
4(904 1317 1318 905)
4(1301 1302 1318 1317)
4(890 906 1319 1303)
4(905 1318 1319 906)
4(1302 1303 1319 1318)
4(891 907 1320 1304)
4(906 1319 1320 907)
4(1303 1304 1320 1319)
4(892 908 1321 1305)
4(907 1320 1321 908)
4(1304 1305 1321 1320)
4(893 909 1322 1306)
4(908 1321 1322 909)
4(1305 1306 1322 1321)
4(894 910 1323 1307)
4(909 1322 1323 910)
4(1306 1307 1323 1322)
4(895 911 1324 1308)
4(910 1323 1324 911)
4(1307 1308 1324 1323)
4(896 912 1325 1309)
4(911 1324 1325 912)
4(1308 1309 1325 1324)
4(897 913 1326 1310)
4(912 1325 1326 913)
4(1309 1310 1326 1325)
4(913 1326 654 653)
4(1310 652 654 1326)
4(651 653 654 652)
4(899 915 1328 1312)
4(914 1327 1328 915)
4(1311 1312 1328 1327)
4(900 916 1329 1313)
4(915 1328 1329 916)
4(1312 1313 1329 1328)
4(901 917 1330 1314)
4(916 1329 1330 917)
4(1313 1314 1330 1329)
4(902 918 1331 1315)
4(917 1330 1331 918)
4(1314 1315 1331 1330)
4(903 919 1332 1316)
4(918 1331 1332 919)
4(1315 1316 1332 1331)
4(904 920 1333 1317)
4(919 1332 1333 920)
4(1316 1317 1333 1332)
4(905 921 1334 1318)
4(920 1333 1334 921)
4(1317 1318 1334 1333)
4(906 922 1335 1319)
4(921 1334 1335 922)
4(1318 1319 1335 1334)
4(907 923 1336 1320)
4(922 1335 1336 923)
4(1319 1320 1336 1335)
4(908 924 1337 1321)
4(923 1336 1337 924)
4(1320 1321 1337 1336)
4(909 925 1338 1322)
4(924 1337 1338 925)
4(1321 1322 1338 1337)
4(910 926 1339 1323)
4(925 1338 1339 926)
4(1322 1323 1339 1338)
4(911 927 1340 1324)
4(926 1339 1340 927)
4(1323 1324 1340 1339)
4(912 928 1341 1325)
4(927 1340 1341 928)
4(1324 1325 1341 1340)
4(913 929 1342 1326)
4(928 1341 1342 929)
4(1325 1326 1342 1341)
4(929 1342 656 655)
4(1326 654 656 1342)
4(653 655 656 654)
4(915 931 1344 1328)
4(930 1343 1344 931)
4(1327 1328 1344 1343)
4(916 932 1345 1329)
4(931 1344 1345 932)
4(1328 1329 1345 1344)
4(917 933 1346 1330)
4(932 1345 1346 933)
4(1329 1330 1346 1345)
4(918 934 1347 1331)
4(933 1346 1347 934)
4(1330 1331 1347 1346)
4(919 935 1348 1332)
4(934 1347 1348 935)
4(1331 1332 1348 1347)
4(920 936 1349 1333)
4(935 1348 1349 936)
4(1332 1333 1349 1348)
4(921 937 1350 1334)
4(936 1349 1350 937)
4(1333 1334 1350 1349)
4(922 938 1351 1335)
4(937 1350 1351 938)
4(1334 1335 1351 1350)
4(923 939 1352 1336)
4(938 1351 1352 939)
4(1335 1336 1352 1351)
4(924 940 1353 1337)
4(939 1352 1353 940)
4(1336 1337 1353 1352)
4(925 941 1354 1338)
4(940 1353 1354 941)
4(1337 1338 1354 1353)
4(926 942 1355 1339)
4(941 1354 1355 942)
4(1338 1339 1355 1354)
4(927 943 1356 1340)
4(942 1355 1356 943)
4(1339 1340 1356 1355)
4(928 944 1357 1341)
4(943 1356 1357 944)
4(1340 1341 1357 1356)
4(929 945 1358 1342)
4(944 1357 1358 945)
4(1341 1342 1358 1357)
4(945 1358 658 657)
4(1342 656 658 1358)
4(655 657 658 656)
4(931 947 1360 1344)
4(946 1359 1360 947)
4(1343 1344 1360 1359)
4(932 948 1361 1345)
4(947 1360 1361 948)
4(1344 1345 1361 1360)
4(933 949 1362 1346)
4(948 1361 1362 949)
4(1345 1346 1362 1361)
4(934 950 1363 1347)
4(949 1362 1363 950)
4(1346 1347 1363 1362)
4(935 951 1364 1348)
4(950 1363 1364 951)
4(1347 1348 1364 1363)
4(936 952 1365 1349)
4(951 1364 1365 952)
4(1348 1349 1365 1364)
4(937 953 1366 1350)
4(952 1365 1366 953)
4(1349 1350 1366 1365)
4(938 954 1367 1351)
4(953 1366 1367 954)
4(1350 1351 1367 1366)
4(939 955 1368 1352)
4(954 1367 1368 955)
4(1351 1352 1368 1367)
4(940 956 1369 1353)
4(955 1368 1369 956)
4(1352 1353 1369 1368)
4(941 957 1370 1354)
4(956 1369 1370 957)
4(1353 1354 1370 1369)
4(942 958 1371 1355)
4(957 1370 1371 958)
4(1354 1355 1371 1370)
4(943 959 1372 1356)
4(958 1371 1372 959)
4(1355 1356 1372 1371)
4(944 960 1373 1357)
4(959 1372 1373 960)
4(1356 1357 1373 1372)
4(945 961 1374 1358)
4(960 1373 1374 961)
4(1357 1358 1374 1373)
4(961 1374 660 659)
4(1358 658 660 1374)
4(657 659 660 658)
4(947 963 1376 1360)
4(962 1375 1376 963)
4(1359 1360 1376 1375)
4(948 964 1377 1361)
4(963 1376 1377 964)
4(1360 1361 1377 1376)
4(949 965 1378 1362)
4(964 1377 1378 965)
4(1361 1362 1378 1377)
4(950 966 1379 1363)
4(965 1378 1379 966)
4(1362 1363 1379 1378)
4(951 967 1380 1364)
4(966 1379 1380 967)
4(1363 1364 1380 1379)
4(952 968 1381 1365)
4(967 1380 1381 968)
4(1364 1365 1381 1380)
4(953 969 1382 1366)
4(968 1381 1382 969)
4(1365 1366 1382 1381)
4(954 970 1383 1367)
4(969 1382 1383 970)
4(1366 1367 1383 1382)
4(955 971 1384 1368)
4(970 1383 1384 971)
4(1367 1368 1384 1383)
4(956 972 1385 1369)
4(971 1384 1385 972)
4(1368 1369 1385 1384)
4(957 973 1386 1370)
4(972 1385 1386 973)
4(1369 1370 1386 1385)
4(958 974 1387 1371)
4(973 1386 1387 974)
4(1370 1371 1387 1386)
4(959 975 1388 1372)
4(974 1387 1388 975)
4(1371 1372 1388 1387)
4(960 976 1389 1373)
4(975 1388 1389 976)
4(1372 1373 1389 1388)
4(961 977 1390 1374)
4(976 1389 1390 977)
4(1373 1374 1390 1389)
4(977 1390 662 661)
4(1374 660 662 1390)
4(659 661 662 660)
4(963 979 1392 1376)
4(978 1391 1392 979)
4(1375 1376 1392 1391)
4(964 980 1393 1377)
4(979 1392 1393 980)
4(1376 1377 1393 1392)
4(965 981 1394 1378)
4(980 1393 1394 981)
4(1377 1378 1394 1393)
4(966 982 1395 1379)
4(981 1394 1395 982)
4(1378 1379 1395 1394)
4(967 983 1396 1380)
4(982 1395 1396 983)
4(1379 1380 1396 1395)
4(968 984 1397 1381)
4(983 1396 1397 984)
4(1380 1381 1397 1396)
4(969 985 1398 1382)
4(984 1397 1398 985)
4(1381 1382 1398 1397)
4(970 986 1399 1383)
4(985 1398 1399 986)
4(1382 1383 1399 1398)
4(971 987 1400 1384)
4(986 1399 1400 987)
4(1383 1384 1400 1399)
4(972 988 1401 1385)
4(987 1400 1401 988)
4(1384 1385 1401 1400)
4(973 989 1402 1386)
4(988 1401 1402 989)
4(1385 1386 1402 1401)
4(974 990 1403 1387)
4(989 1402 1403 990)
4(1386 1387 1403 1402)
4(975 991 1404 1388)
4(990 1403 1404 991)
4(1387 1388 1404 1403)
4(976 992 1405 1389)
4(991 1404 1405 992)
4(1388 1389 1405 1404)
4(977 993 1406 1390)
4(992 1405 1406 993)
4(1389 1390 1406 1405)
4(993 1406 664 663)
4(1390 662 664 1406)
4(661 663 664 662)
4(979 995 1408 1392)
4(994 1407 1408 995)
4(1391 1392 1408 1407)
4(980 996 1409 1393)
4(995 1408 1409 996)
4(1392 1393 1409 1408)
4(981 997 1410 1394)
4(996 1409 1410 997)
4(1393 1394 1410 1409)
4(982 998 1411 1395)
4(997 1410 1411 998)
4(1394 1395 1411 1410)
4(983 999 1412 1396)
4(998 1411 1412 999)
4(1395 1396 1412 1411)
4(984 1000 1413 1397)
4(999 1412 1413 1000)
4(1396 1397 1413 1412)
4(985 1001 1414 1398)
4(1000 1413 1414 1001)
4(1397 1398 1414 1413)
4(986 1002 1415 1399)
4(1001 1414 1415 1002)
4(1398 1399 1415 1414)
4(987 1003 1416 1400)
4(1002 1415 1416 1003)
4(1399 1400 1416 1415)
4(988 1004 1417 1401)
4(1003 1416 1417 1004)
4(1400 1401 1417 1416)
4(989 1005 1418 1402)
4(1004 1417 1418 1005)
4(1401 1402 1418 1417)
4(990 1006 1419 1403)
4(1005 1418 1419 1006)
4(1402 1403 1419 1418)
4(991 1007 1420 1404)
4(1006 1419 1420 1007)
4(1403 1404 1420 1419)
4(992 1008 1421 1405)
4(1007 1420 1421 1008)
4(1404 1405 1421 1420)
4(993 1009 1422 1406)
4(1008 1421 1422 1009)
4(1405 1406 1422 1421)
4(1009 1422 666 665)
4(1406 664 666 1422)
4(663 665 666 664)
4(995 1011 1424 1408)
4(1010 1423 1424 1011)
4(1407 1408 1424 1423)
4(996 1012 1425 1409)
4(1011 1424 1425 1012)
4(1408 1409 1425 1424)
4(997 1013 1426 1410)
4(1012 1425 1426 1013)
4(1409 1410 1426 1425)
4(998 1014 1427 1411)
4(1013 1426 1427 1014)
4(1410 1411 1427 1426)
4(999 1015 1428 1412)
4(1014 1427 1428 1015)
4(1411 1412 1428 1427)
4(1000 1016 1429 1413)
4(1015 1428 1429 1016)
4(1412 1413 1429 1428)
4(1001 1017 1430 1414)
4(1016 1429 1430 1017)
4(1413 1414 1430 1429)
4(1002 1018 1431 1415)
4(1017 1430 1431 1018)
4(1414 1415 1431 1430)
4(1003 1019 1432 1416)
4(1018 1431 1432 1019)
4(1415 1416 1432 1431)
4(1004 1020 1433 1417)
4(1019 1432 1433 1020)
4(1416 1417 1433 1432)
4(1005 1021 1434 1418)
4(1020 1433 1434 1021)
4(1417 1418 1434 1433)
4(1006 1022 1435 1419)
4(1021 1434 1435 1022)
4(1418 1419 1435 1434)
4(1007 1023 1436 1420)
4(1022 1435 1436 1023)
4(1419 1420 1436 1435)
4(1008 1024 1437 1421)
4(1023 1436 1437 1024)
4(1420 1421 1437 1436)
4(1009 1025 1438 1422)
4(1024 1437 1438 1025)
4(1421 1422 1438 1437)
4(1025 1438 668 667)
4(1422 666 668 1438)
4(665 667 668 666)
4(1011 1027 1440 1424)
4(1026 1439 1440 1027)
4(1423 1424 1440 1439)
4(1012 1028 1441 1425)
4(1027 1440 1441 1028)
4(1424 1425 1441 1440)
4(1013 1029 1442 1426)
4(1028 1441 1442 1029)
4(1425 1426 1442 1441)
4(1014 1030 1443 1427)
4(1029 1442 1443 1030)
4(1426 1427 1443 1442)
4(1015 1031 1444 1428)
4(1030 1443 1444 1031)
4(1427 1428 1444 1443)
4(1016 1032 1445 1429)
4(1031 1444 1445 1032)
4(1428 1429 1445 1444)
4(1017 1033 1446 1430)
4(1032 1445 1446 1033)
4(1429 1430 1446 1445)
4(1018 1034 1447 1431)
4(1033 1446 1447 1034)
4(1430 1431 1447 1446)
4(1019 1035 1448 1432)
4(1034 1447 1448 1035)
4(1431 1432 1448 1447)
4(1020 1036 1449 1433)
4(1035 1448 1449 1036)
4(1432 1433 1449 1448)
4(1021 1037 1450 1434)
4(1036 1449 1450 1037)
4(1433 1434 1450 1449)
4(1022 1038 1451 1435)
4(1037 1450 1451 1038)
4(1434 1435 1451 1450)
4(1023 1039 1452 1436)
4(1038 1451 1452 1039)
4(1435 1436 1452 1451)
4(1024 1040 1453 1437)
4(1039 1452 1453 1040)
4(1436 1437 1453 1452)
4(1025 1041 1454 1438)
4(1040 1453 1454 1041)
4(1437 1438 1454 1453)
4(1041 1454 670 669)
4(1438 668 670 1454)
4(667 669 670 668)
4(1027 1043 1456 1440)
4(1042 1455 1456 1043)
4(1439 1440 1456 1455)
4(1028 1044 1457 1441)
4(1043 1456 1457 1044)
4(1440 1441 1457 1456)
4(1029 1045 1458 1442)
4(1044 1457 1458 1045)
4(1441 1442 1458 1457)
4(1030 1046 1459 1443)
4(1045 1458 1459 1046)
4(1442 1443 1459 1458)
4(1031 1047 1460 1444)
4(1046 1459 1460 1047)
4(1443 1444 1460 1459)
4(1032 1048 1461 1445)
4(1047 1460 1461 1048)
4(1444 1445 1461 1460)
4(1033 1049 1462 1446)
4(1048 1461 1462 1049)
4(1445 1446 1462 1461)
4(1034 1050 1463 1447)
4(1049 1462 1463 1050)
4(1446 1447 1463 1462)
4(1035 1051 1464 1448)
4(1050 1463 1464 1051)
4(1447 1448 1464 1463)
4(1036 1052 1465 1449)
4(1051 1464 1465 1052)
4(1448 1449 1465 1464)
4(1037 1053 1466 1450)
4(1052 1465 1466 1053)
4(1449 1450 1466 1465)
4(1038 1054 1467 1451)
4(1053 1466 1467 1054)
4(1450 1451 1467 1466)
4(1039 1055 1468 1452)
4(1054 1467 1468 1055)
4(1451 1452 1468 1467)
4(1040 1056 1469 1453)
4(1055 1468 1469 1056)
4(1452 1453 1469 1468)
4(1041 1057 1470 1454)
4(1056 1469 1470 1057)
4(1453 1454 1470 1469)
4(669 1058 675 670)
4(1057 1470 675 1058)
4(1454 670 675 1470)
4(1058 675 674 673)
4(669 671 672 670)
4(671 673 674 672)
4(670 672 674 675)
4(1043 1060 1472 1456)
4(1059 1471 1472 1060)
4(1455 1456 1472 1471)
4(1044 1061 1473 1457)
4(1060 1472 1473 1061)
4(1456 1457 1473 1472)
4(1045 1062 1474 1458)
4(1061 1473 1474 1062)
4(1457 1458 1474 1473)
4(1046 1063 1475 1459)
4(1062 1474 1475 1063)
4(1458 1459 1475 1474)
4(1047 1064 1476 1460)
4(1063 1475 1476 1064)
4(1459 1460 1476 1475)
4(1048 1065 1477 1461)
4(1064 1476 1477 1065)
4(1460 1461 1477 1476)
4(1049 1066 1478 1462)
4(1065 1477 1478 1066)
4(1461 1462 1478 1477)
4(1050 1067 1479 1463)
4(1066 1478 1479 1067)
4(1462 1463 1479 1478)
4(1051 1068 1480 1464)
4(1067 1479 1480 1068)
4(1463 1464 1480 1479)
4(1052 1069 1481 1465)
4(1068 1480 1481 1069)
4(1464 1465 1481 1480)
4(1053 1070 1482 1466)
4(1069 1481 1482 1070)
4(1465 1466 1482 1481)
4(1054 1071 1483 1467)
4(1070 1482 1483 1071)
4(1466 1467 1483 1482)
4(1055 1072 1484 1468)
4(1071 1483 1484 1072)
4(1467 1468 1484 1483)
4(1056 1073 1485 1469)
4(1072 1484 1485 1073)
4(1468 1469 1485 1484)
4(1057 1074 1486 1470)
4(1073 1485 1486 1074)
4(1469 1470 1486 1485)
4(1058 1075 678 675)
4(1074 1486 678 1075)
4(1470 675 678 1486)
4(1075 678 677 676)
4(673 676 677 674)
4(675 674 677 678)
4(1060 1077 1488 1472)
4(1076 1487 1488 1077)
4(1471 1472 1488 1487)
4(1061 1078 1489 1473)
4(1077 1488 1489 1078)
4(1472 1473 1489 1488)
4(1062 1079 1490 1474)
4(1078 1489 1490 1079)
4(1473 1474 1490 1489)
4(1063 1080 1491 1475)
4(1079 1490 1491 1080)
4(1474 1475 1491 1490)
4(1064 1081 1492 1476)
4(1080 1491 1492 1081)
4(1475 1476 1492 1491)
4(1065 1082 1493 1477)
4(1081 1492 1493 1082)
4(1476 1477 1493 1492)
4(1066 1083 1494 1478)
4(1082 1493 1494 1083)
4(1477 1478 1494 1493)
4(1067 1084 1495 1479)
4(1083 1494 1495 1084)
4(1478 1479 1495 1494)
4(1068 1085 1496 1480)
4(1084 1495 1496 1085)
4(1479 1480 1496 1495)
4(1069 1086 1497 1481)
4(1085 1496 1497 1086)
4(1480 1481 1497 1496)
4(1070 1087 1498 1482)
4(1086 1497 1498 1087)
4(1481 1482 1498 1497)
4(1071 1088 1499 1483)
4(1087 1498 1499 1088)
4(1482 1483 1499 1498)
4(1072 1089 1500 1484)
4(1088 1499 1500 1089)
4(1483 1484 1500 1499)
4(1073 1090 1501 1485)
4(1089 1500 1501 1090)
4(1484 1485 1501 1500)
4(1074 1091 1502 1486)
4(1090 1501 1502 1091)
4(1485 1486 1502 1501)
4(1075 1092 1503 678)
4(1091 1502 1503 1092)
4(1486 678 1503 1502)
4(1092 1503 680 679)
4(678 677 680 1503)
4(676 679 680 677)
4(1077 1094 1505 1488)
4(1093 1504 1505 1094)
4(1487 1488 1505 1504)
4(1078 1095 1506 1489)
4(1094 1505 1506 1095)
4(1488 1489 1506 1505)
4(1079 1096 1507 1490)
4(1095 1506 1507 1096)
4(1489 1490 1507 1506)
4(1080 1097 1508 1491)
4(1096 1507 1508 1097)
4(1490 1491 1508 1507)
4(1081 1098 1509 1492)
4(1097 1508 1509 1098)
4(1491 1492 1509 1508)
4(1082 1099 1510 1493)
4(1098 1509 1510 1099)
4(1492 1493 1510 1509)
4(1083 1100 1511 1494)
4(1099 1510 1511 1100)
4(1493 1494 1511 1510)
4(1084 1101 1512 1495)
4(1100 1511 1512 1101)
4(1494 1495 1512 1511)
4(1085 1102 1513 1496)
4(1101 1512 1513 1102)
4(1495 1496 1513 1512)
4(1086 1103 1514 1497)
4(1102 1513 1514 1103)
4(1496 1497 1514 1513)
4(1087 1104 1515 1498)
4(1103 1514 1515 1104)
4(1497 1498 1515 1514)
4(1088 1105 1516 1499)
4(1104 1515 1516 1105)
4(1498 1499 1516 1515)
4(1089 1106 1517 1500)
4(1105 1516 1517 1106)
4(1499 1500 1517 1516)
4(1090 1107 1518 1501)
4(1106 1517 1518 1107)
4(1500 1501 1518 1517)
4(1091 1108 1519 1502)
4(1107 1518 1519 1108)
4(1501 1502 1519 1518)
4(1092 1109 1520 1503)
4(1108 1519 1520 1109)
4(1502 1503 1520 1519)
4(1109 1520 682 681)
4(1503 680 682 1520)
4(679 681 682 680)
4(1094 1111 1522 1505)
4(1110 1521 1522 1111)
4(1504 1505 1522 1521)
4(1095 1112 1523 1506)
4(1111 1522 1523 1112)
4(1505 1506 1523 1522)
4(1096 1113 1524 1507)
4(1112 1523 1524 1113)
4(1506 1507 1524 1523)
4(1097 1114 1525 1508)
4(1113 1524 1525 1114)
4(1507 1508 1525 1524)
4(1098 1115 1526 1509)
4(1114 1525 1526 1115)
4(1508 1509 1526 1525)
4(1099 1116 1527 1510)
4(1115 1526 1527 1116)
4(1509 1510 1527 1526)
4(1100 1117 1528 1511)
4(1116 1527 1528 1117)
4(1510 1511 1528 1527)
4(1101 1118 1529 1512)
4(1117 1528 1529 1118)
4(1511 1512 1529 1528)
4(1102 1119 1530 1513)
4(1118 1529 1530 1119)
4(1512 1513 1530 1529)
4(1103 1120 1531 1514)
4(1119 1530 1531 1120)
4(1513 1514 1531 1530)
4(1104 1121 1532 1515)
4(1120 1531 1532 1121)
4(1514 1515 1532 1531)
4(1105 1122 1533 1516)
4(1121 1532 1533 1122)
4(1515 1516 1533 1532)
4(1106 1123 1534 1517)
4(1122 1533 1534 1123)
4(1516 1517 1534 1533)
4(1107 1124 1535 1518)
4(1123 1534 1535 1124)
4(1517 1518 1535 1534)
4(1108 1125 1536 1519)
4(1124 1535 1536 1125)
4(1518 1519 1536 1535)
4(1109 1126 1537 1520)
4(1125 1536 1537 1126)
4(1519 1520 1537 1536)
4(1126 1537 684 683)
4(1520 682 684 1537)
4(681 683 684 682)
4(1111 1128 1539 1522)
4(1127 1538 1539 1128)
4(1521 1522 1539 1538)
4(1112 1129 1540 1523)
4(1128 1539 1540 1129)
4(1522 1523 1540 1539)
4(1113 1130 1541 1524)
4(1129 1540 1541 1130)
4(1523 1524 1541 1540)
4(1114 1131 1542 1525)
4(1130 1541 1542 1131)
4(1524 1525 1542 1541)
4(1115 1132 1543 1526)
4(1131 1542 1543 1132)
4(1525 1526 1543 1542)
4(1116 1133 1544 1527)
4(1132 1543 1544 1133)
4(1526 1527 1544 1543)
4(1117 1134 1545 1528)
4(1133 1544 1545 1134)
4(1527 1528 1545 1544)
4(1118 1135 1546 1529)
4(1134 1545 1546 1135)
4(1528 1529 1546 1545)
4(1119 1136 1547 1530)
4(1135 1546 1547 1136)
4(1529 1530 1547 1546)
4(1120 1137 1548 1531)
4(1136 1547 1548 1137)
4(1530 1531 1548 1547)
4(1121 1138 1549 1532)
4(1137 1548 1549 1138)
4(1531 1532 1549 1548)
4(1122 1139 1550 1533)
4(1138 1549 1550 1139)
4(1532 1533 1550 1549)
4(1123 1140 1551 1534)
4(1139 1550 1551 1140)
4(1533 1534 1551 1550)
4(1124 1141 1552 1535)
4(1140 1551 1552 1141)
4(1534 1535 1552 1551)
4(1125 1142 1553 1536)
4(1141 1552 1553 1142)
4(1535 1536 1553 1552)
4(1126 1143 1554 1537)
4(1142 1553 1554 1143)
4(1536 1537 1554 1553)
4(1143 1554 686 685)
4(1537 684 686 1554)
4(683 685 686 684)
4(1128 1145 1556 1539)
4(1144 1555 1556 1145)
4(1538 1539 1556 1555)
4(1129 1146 1557 1540)
4(1145 1556 1557 1146)
4(1539 1540 1557 1556)
4(1130 1147 1558 1541)
4(1146 1557 1558 1147)
4(1540 1541 1558 1557)
4(1131 1148 1559 1542)
4(1147 1558 1559 1148)
4(1541 1542 1559 1558)
4(1132 1149 1560 1543)
4(1148 1559 1560 1149)
4(1542 1543 1560 1559)
4(1133 1150 1561 1544)
4(1149 1560 1561 1150)
4(1543 1544 1561 1560)
4(1134 1151 1562 1545)
4(1150 1561 1562 1151)
4(1544 1545 1562 1561)
4(1135 1152 1563 1546)
4(1151 1562 1563 1152)
4(1545 1546 1563 1562)
4(1136 1153 1564 1547)
4(1152 1563 1564 1153)
4(1546 1547 1564 1563)
4(1137 1154 1565 1548)
4(1153 1564 1565 1154)
4(1547 1548 1565 1564)
4(1138 1155 1566 1549)
4(1154 1565 1566 1155)
4(1548 1549 1566 1565)
4(1139 1156 1567 1550)
4(1155 1566 1567 1156)
4(1549 1550 1567 1566)
4(1140 1157 1568 1551)
4(1156 1567 1568 1157)
4(1550 1551 1568 1567)
4(1141 1158 1569 1552)
4(1157 1568 1569 1158)
4(1551 1552 1569 1568)
4(1142 1159 1570 1553)
4(1158 1569 1570 1159)
4(1552 1553 1570 1569)
4(1143 1160 1571 1554)
4(1159 1570 1571 1160)
4(1553 1554 1571 1570)
4(1160 1571 688 687)
4(1554 686 688 1571)
4(685 687 688 686)
4(1145 1162 1573 1556)
4(1161 1572 1573 1162)
4(1555 1556 1573 1572)
4(1146 1163 1574 1557)
4(1162 1573 1574 1163)
4(1556 1557 1574 1573)
4(1147 1164 1575 1558)
4(1163 1574 1575 1164)
4(1557 1558 1575 1574)
4(1148 1165 1576 1559)
4(1164 1575 1576 1165)
4(1558 1559 1576 1575)
4(1149 1166 1577 1560)
4(1165 1576 1577 1166)
4(1559 1560 1577 1576)
4(1150 1167 1578 1561)
4(1166 1577 1578 1167)
4(1560 1561 1578 1577)
4(1151 1168 1579 1562)
4(1167 1578 1579 1168)
4(1561 1562 1579 1578)
4(1152 1169 1580 1563)
4(1168 1579 1580 1169)
4(1562 1563 1580 1579)
4(1153 1170 1581 1564)
4(1169 1580 1581 1170)
4(1563 1564 1581 1580)
4(1154 1171 1582 1565)
4(1170 1581 1582 1171)
4(1564 1565 1582 1581)
4(1155 1172 1583 1566)
4(1171 1582 1583 1172)
4(1565 1566 1583 1582)
4(1156 1173 1584 1567)
4(1172 1583 1584 1173)
4(1566 1567 1584 1583)
4(1157 1174 1585 1568)
4(1173 1584 1585 1174)
4(1567 1568 1585 1584)
4(1158 1175 1586 1569)
4(1174 1585 1586 1175)
4(1568 1569 1586 1585)
4(1159 1176 1587 1570)
4(1175 1586 1587 1176)
4(1569 1570 1587 1586)
4(1160 1177 1588 1571)
4(1176 1587 1588 1177)
4(1570 1571 1588 1587)
4(1177 1588 690 689)
4(1571 688 690 1588)
4(687 689 690 688)
4(1162 1179 1590 1573)
4(1178 1589 1590 1179)
4(1572 1573 1590 1589)
4(1163 1180 1591 1574)
4(1179 1590 1591 1180)
4(1573 1574 1591 1590)
4(1164 1181 1592 1575)
4(1180 1591 1592 1181)
4(1574 1575 1592 1591)
4(1165 1182 1593 1576)
4(1181 1592 1593 1182)
4(1575 1576 1593 1592)
4(1166 1183 1594 1577)
4(1182 1593 1594 1183)
4(1576 1577 1594 1593)
4(1167 1184 1595 1578)
4(1183 1594 1595 1184)
4(1577 1578 1595 1594)
4(1168 1185 1596 1579)
4(1184 1595 1596 1185)
4(1578 1579 1596 1595)
4(1169 1186 1597 1580)
4(1185 1596 1597 1186)
4(1579 1580 1597 1596)
4(1170 1187 1598 1581)
4(1186 1597 1598 1187)
4(1580 1581 1598 1597)
4(1171 1188 1599 1582)
4(1187 1598 1599 1188)
4(1581 1582 1599 1598)
4(1172 1189 1600 1583)
4(1188 1599 1600 1189)
4(1582 1583 1600 1599)
4(1173 1190 1601 1584)
4(1189 1600 1601 1190)
4(1583 1584 1601 1600)
4(1174 1191 1602 1585)
4(1190 1601 1602 1191)
4(1584 1585 1602 1601)
4(1175 1192 1603 1586)
4(1191 1602 1603 1192)
4(1585 1586 1603 1602)
4(1176 1193 1604 1587)
4(1192 1603 1604 1193)
4(1586 1587 1604 1603)
4(1177 1194 1605 1588)
4(1193 1604 1605 1194)
4(1587 1588 1605 1604)
4(1194 1605 692 691)
4(1588 690 692 1605)
4(689 691 692 690)
4(1179 1196 1607 1590)
4(1195 1606 1607 1196)
4(1589 1590 1607 1606)
4(1180 1197 1608 1591)
4(1196 1607 1608 1197)
4(1590 1591 1608 1607)
4(1181 1198 1609 1592)
4(1197 1608 1609 1198)
4(1591 1592 1609 1608)
4(1182 1199 1610 1593)
4(1198 1609 1610 1199)
4(1592 1593 1610 1609)
4(1183 1200 1611 1594)
4(1199 1610 1611 1200)
4(1593 1594 1611 1610)
4(1184 1201 1612 1595)
4(1200 1611 1612 1201)
4(1594 1595 1612 1611)
4(1185 1202 1613 1596)
4(1201 1612 1613 1202)
4(1595 1596 1613 1612)
4(1186 1203 1614 1597)
4(1202 1613 1614 1203)
4(1596 1597 1614 1613)
4(1187 1204 1615 1598)
4(1203 1614 1615 1204)
4(1597 1598 1615 1614)
4(1188 1205 1616 1599)
4(1204 1615 1616 1205)
4(1598 1599 1616 1615)
4(1189 1206 1617 1600)
4(1205 1616 1617 1206)
4(1599 1600 1617 1616)
4(1190 1207 1618 1601)
4(1206 1617 1618 1207)
4(1600 1601 1618 1617)
4(1191 1208 1619 1602)
4(1207 1618 1619 1208)
4(1601 1602 1619 1618)
4(1192 1209 1620 1603)
4(1208 1619 1620 1209)
4(1602 1603 1620 1619)
4(1193 1210 1621 1604)
4(1209 1620 1621 1210)
4(1603 1604 1621 1620)
4(1194 1211 1622 1605)
4(1210 1621 1622 1211)
4(1604 1605 1622 1621)
4(1211 1622 694 693)
4(1605 692 694 1622)
4(691 693 694 692)
4(1196 1213 1624 1607)
4(1212 1623 1624 1213)
4(1606 1607 1624 1623)
4(1197 1214 1625 1608)
4(1213 1624 1625 1214)
4(1607 1608 1625 1624)
4(1198 374 375 1609)
4(1214 1625 375 374)
4(1608 1609 375 1625)
4(1199 377 376 1610)
4(1609 1610 376 375)
4(374 375 376 377)
4(1200 379 378 1611)
4(1610 1611 378 376)
4(377 376 378 379)
4(1201 381 380 1612)
4(1611 1612 380 378)
4(379 378 380 381)
4(1202 383 382 1613)
4(1612 1613 382 380)
4(381 380 382 383)
4(1203 385 384 1614)
4(1613 1614 384 382)
4(383 382 384 385)
4(1204 387 386 1615)
4(1614 1615 386 384)
4(385 384 386 387)
4(1205 389 388 1616)
4(1615 1616 388 386)
4(387 386 388 389)
4(1206 391 390 1617)
4(1616 1617 390 388)
4(389 388 390 391)
4(1207 393 392 1618)
4(1617 1618 392 390)
4(391 390 392 393)
4(1208 395 394 1619)
4(1618 1619 394 392)
4(393 392 394 395)
4(1209 397 396 1620)
4(1619 1620 396 394)
4(395 394 396 397)
4(1210 399 398 1621)
4(1620 1621 398 396)
4(397 396 398 399)
4(1211 401 400 1622)
4(1621 1622 400 398)
4(399 398 400 401)
4(1622 694 5 400)
4(693 4 5 694)
4(401 400 5 4)
4(1213 405 404 1624)
4(1623 1624 404 403)
4(402 403 404 405)
4(1214 407 406 1625)
4(1624 1625 406 404)
4(405 404 406 407)
4(1625 375 409 406)
4(374 408 409 375)
4(407 406 409 408)
4(1216 1232 1643 1627)
4(1231 1642 1643 1232)
4(1626 1627 1643 1642)
4(1217 1233 1644 1628)
4(1232 1643 1644 1233)
4(1627 1628 1644 1643)
4(1218 1234 1645 1629)
4(1233 1644 1645 1234)
4(1628 1629 1645 1644)
4(1219 1235 1646 1630)
4(1234 1645 1646 1235)
4(1629 1630 1646 1645)
4(1220 1236 1647 1631)
4(1235 1646 1647 1236)
4(1630 1631 1647 1646)
4(1221 1237 1648 1632)
4(1236 1647 1648 1237)
4(1631 1632 1648 1647)
4(1222 1238 1649 1633)
4(1237 1648 1649 1238)
4(1632 1633 1649 1648)
4(1223 1239 1650 1634)
4(1238 1649 1650 1239)
4(1633 1634 1650 1649)
4(1224 1240 1651 1635)
4(1239 1650 1651 1240)
4(1634 1635 1651 1650)
4(1225 1241 1652 1636)
4(1240 1651 1652 1241)
4(1635 1636 1652 1651)
4(1226 1242 1653 1637)
4(1241 1652 1653 1242)
4(1636 1637 1653 1652)
4(1227 1243 1654 1638)
4(1242 1653 1654 1243)
4(1637 1638 1654 1653)
4(1228 1244 1655 1639)
4(1243 1654 1655 1244)
4(1638 1639 1655 1654)
4(1229 1245 1656 1640)
4(1244 1655 1656 1245)
4(1639 1640 1656 1655)
4(1230 1246 1657 1641)
4(1245 1656 1657 1246)
4(1640 1641 1657 1656)
4(1246 1657 695 643)
4(1641 696 695 1657)
4(644 643 695 696)
4(1232 1248 1659 1643)
4(1247 1658 1659 1248)
4(1642 1643 1659 1658)
4(1233 1249 1660 1644)
4(1248 1659 1660 1249)
4(1643 1644 1660 1659)
4(1234 1250 1661 1645)
4(1249 1660 1661 1250)
4(1644 1645 1661 1660)
4(1235 1251 1662 1646)
4(1250 1661 1662 1251)
4(1645 1646 1662 1661)
4(1236 1252 1663 1647)
4(1251 1662 1663 1252)
4(1646 1647 1663 1662)
4(1237 1253 1664 1648)
4(1252 1663 1664 1253)
4(1647 1648 1664 1663)
4(1238 1254 1665 1649)
4(1253 1664 1665 1254)
4(1648 1649 1665 1664)
4(1239 1255 1666 1650)
4(1254 1665 1666 1255)
4(1649 1650 1666 1665)
4(1240 1256 1667 1651)
4(1255 1666 1667 1256)
4(1650 1651 1667 1666)
4(1241 1257 1668 1652)
4(1256 1667 1668 1257)
4(1651 1652 1668 1667)
4(1242 1258 1669 1653)
4(1257 1668 1669 1258)
4(1652 1653 1669 1668)
4(1243 1259 1670 1654)
4(1258 1669 1670 1259)
4(1653 1654 1670 1669)
4(1244 1260 1671 1655)
4(1259 1670 1671 1260)
4(1654 1655 1671 1670)
4(1245 1261 1672 1656)
4(1260 1671 1672 1261)
4(1655 1656 1672 1671)
4(1246 1262 1673 1657)
4(1261 1672 1673 1262)
4(1656 1657 1673 1672)
4(1262 1673 697 646)
4(1657 695 697 1673)
4(643 646 697 695)
4(1248 1264 1675 1659)
4(1263 1674 1675 1264)
4(1658 1659 1675 1674)
4(1249 1265 1676 1660)
4(1264 1675 1676 1265)
4(1659 1660 1676 1675)
4(1250 1266 1677 1661)
4(1265 1676 1677 1266)
4(1660 1661 1677 1676)
4(1251 1267 1678 1662)
4(1266 1677 1678 1267)
4(1661 1662 1678 1677)
4(1252 1268 1679 1663)
4(1267 1678 1679 1268)
4(1662 1663 1679 1678)
4(1253 1269 1680 1664)
4(1268 1679 1680 1269)
4(1663 1664 1680 1679)
4(1254 1270 1681 1665)
4(1269 1680 1681 1270)
4(1664 1665 1681 1680)
4(1255 1271 1682 1666)
4(1270 1681 1682 1271)
4(1665 1666 1682 1681)
4(1256 1272 1683 1667)
4(1271 1682 1683 1272)
4(1666 1667 1683 1682)
4(1257 1273 1684 1668)
4(1272 1683 1684 1273)
4(1667 1668 1684 1683)
4(1258 1274 1685 1669)
4(1273 1684 1685 1274)
4(1668 1669 1685 1684)
4(1259 1275 1686 1670)
4(1274 1685 1686 1275)
4(1669 1670 1686 1685)
4(1260 1276 1687 1671)
4(1275 1686 1687 1276)
4(1670 1671 1687 1686)
4(1261 1277 1688 1672)
4(1276 1687 1688 1277)
4(1671 1672 1688 1687)
4(1262 1278 1689 1673)
4(1277 1688 1689 1278)
4(1672 1673 1689 1688)
4(1278 1689 698 648)
4(1673 697 698 1689)
4(646 648 698 697)
4(1264 1280 1691 1675)
4(1279 1690 1691 1280)
4(1674 1675 1691 1690)
4(1265 1281 1692 1676)
4(1280 1691 1692 1281)
4(1675 1676 1692 1691)
4(1266 1282 1693 1677)
4(1281 1692 1693 1282)
4(1676 1677 1693 1692)
4(1267 1283 1694 1678)
4(1282 1693 1694 1283)
4(1677 1678 1694 1693)
4(1268 1284 1695 1679)
4(1283 1694 1695 1284)
4(1678 1679 1695 1694)
4(1269 1285 1696 1680)
4(1284 1695 1696 1285)
4(1679 1680 1696 1695)
4(1270 1286 1697 1681)
4(1285 1696 1697 1286)
4(1680 1681 1697 1696)
4(1271 1287 1698 1682)
4(1286 1697 1698 1287)
4(1681 1682 1698 1697)
4(1272 1288 1699 1683)
4(1287 1698 1699 1288)
4(1682 1683 1699 1698)
4(1273 1289 1700 1684)
4(1288 1699 1700 1289)
4(1683 1684 1700 1699)
4(1274 1290 1701 1685)
4(1289 1700 1701 1290)
4(1684 1685 1701 1700)
4(1275 1291 1702 1686)
4(1290 1701 1702 1291)
4(1685 1686 1702 1701)
4(1276 1292 1703 1687)
4(1291 1702 1703 1292)
4(1686 1687 1703 1702)
4(1277 1293 1704 1688)
4(1292 1703 1704 1293)
4(1687 1688 1704 1703)
4(1278 1294 1705 1689)
4(1293 1704 1705 1294)
4(1688 1689 1705 1704)
4(1294 1705 699 650)
4(1689 698 699 1705)
4(648 650 699 698)
4(1280 1296 1707 1691)
4(1295 1706 1707 1296)
4(1690 1691 1707 1706)
4(1281 1297 1708 1692)
4(1296 1707 1708 1297)
4(1691 1692 1708 1707)
4(1282 1298 1709 1693)
4(1297 1708 1709 1298)
4(1692 1693 1709 1708)
4(1283 1299 1710 1694)
4(1298 1709 1710 1299)
4(1693 1694 1710 1709)
4(1284 1300 1711 1695)
4(1299 1710 1711 1300)
4(1694 1695 1711 1710)
4(1285 1301 1712 1696)
4(1300 1711 1712 1301)
4(1695 1696 1712 1711)
4(1286 1302 1713 1697)
4(1301 1712 1713 1302)
4(1696 1697 1713 1712)
4(1287 1303 1714 1698)
4(1302 1713 1714 1303)
4(1697 1698 1714 1713)
4(1288 1304 1715 1699)
4(1303 1714 1715 1304)
4(1698 1699 1715 1714)
4(1289 1305 1716 1700)
4(1304 1715 1716 1305)
4(1699 1700 1716 1715)
4(1290 1306 1717 1701)
4(1305 1716 1717 1306)
4(1700 1701 1717 1716)
4(1291 1307 1718 1702)
4(1306 1717 1718 1307)
4(1701 1702 1718 1717)
4(1292 1308 1719 1703)
4(1307 1718 1719 1308)
4(1702 1703 1719 1718)
4(1293 1309 1720 1704)
4(1308 1719 1720 1309)
4(1703 1704 1720 1719)
4(1294 1310 1721 1705)
4(1309 1720 1721 1310)
4(1704 1705 1721 1720)
4(1310 1721 700 652)
4(1705 699 700 1721)
4(650 652 700 699)
4(1296 1312 1723 1707)
4(1311 1722 1723 1312)
4(1706 1707 1723 1722)
4(1297 1313 1724 1708)
4(1312 1723 1724 1313)
4(1707 1708 1724 1723)
4(1298 1314 1725 1709)
4(1313 1724 1725 1314)
4(1708 1709 1725 1724)
4(1299 1315 1726 1710)
4(1314 1725 1726 1315)
4(1709 1710 1726 1725)
4(1300 1316 1727 1711)
4(1315 1726 1727 1316)
4(1710 1711 1727 1726)
4(1301 1317 1728 1712)
4(1316 1727 1728 1317)
4(1711 1712 1728 1727)
4(1302 1318 1729 1713)
4(1317 1728 1729 1318)
4(1712 1713 1729 1728)
4(1303 1319 1730 1714)
4(1318 1729 1730 1319)
4(1713 1714 1730 1729)
4(1304 1320 1731 1715)
4(1319 1730 1731 1320)
4(1714 1715 1731 1730)
4(1305 1321 1732 1716)
4(1320 1731 1732 1321)
4(1715 1716 1732 1731)
4(1306 1322 1733 1717)
4(1321 1732 1733 1322)
4(1716 1717 1733 1732)
4(1307 1323 1734 1718)
4(1322 1733 1734 1323)
4(1717 1718 1734 1733)
4(1308 1324 1735 1719)
4(1323 1734 1735 1324)
4(1718 1719 1735 1734)
4(1309 1325 1736 1720)
4(1324 1735 1736 1325)
4(1719 1720 1736 1735)
4(1310 1326 1737 1721)
4(1325 1736 1737 1326)
4(1720 1721 1737 1736)
4(1326 1737 701 654)
4(1721 700 701 1737)
4(652 654 701 700)
4(1312 1328 1739 1723)
4(1327 1738 1739 1328)
4(1722 1723 1739 1738)
4(1313 1329 1740 1724)
4(1328 1739 1740 1329)
4(1723 1724 1740 1739)
4(1314 1330 1741 1725)
4(1329 1740 1741 1330)
4(1724 1725 1741 1740)
4(1315 1331 1742 1726)
4(1330 1741 1742 1331)
4(1725 1726 1742 1741)
4(1316 1332 1743 1727)
4(1331 1742 1743 1332)
4(1726 1727 1743 1742)
4(1317 1333 1744 1728)
4(1332 1743 1744 1333)
4(1727 1728 1744 1743)
4(1318 1334 1745 1729)
4(1333 1744 1745 1334)
4(1728 1729 1745 1744)
4(1319 1335 1746 1730)
4(1334 1745 1746 1335)
4(1729 1730 1746 1745)
4(1320 1336 1747 1731)
4(1335 1746 1747 1336)
4(1730 1731 1747 1746)
4(1321 1337 1748 1732)
4(1336 1747 1748 1337)
4(1731 1732 1748 1747)
4(1322 1338 1749 1733)
4(1337 1748 1749 1338)
4(1732 1733 1749 1748)
4(1323 1339 1750 1734)
4(1338 1749 1750 1339)
4(1733 1734 1750 1749)
4(1324 1340 1751 1735)
4(1339 1750 1751 1340)
4(1734 1735 1751 1750)
4(1325 1341 1752 1736)
4(1340 1751 1752 1341)
4(1735 1736 1752 1751)
4(1326 1342 1753 1737)
4(1341 1752 1753 1342)
4(1736 1737 1753 1752)
4(1342 1753 702 656)
4(1737 701 702 1753)
4(654 656 702 701)
4(1328 1344 1755 1739)
4(1343 1754 1755 1344)
4(1738 1739 1755 1754)
4(1329 1345 1756 1740)
4(1344 1755 1756 1345)
4(1739 1740 1756 1755)
4(1330 1346 1757 1741)
4(1345 1756 1757 1346)
4(1740 1741 1757 1756)
4(1331 1347 1758 1742)
4(1346 1757 1758 1347)
4(1741 1742 1758 1757)
4(1332 1348 1759 1743)
4(1347 1758 1759 1348)
4(1742 1743 1759 1758)
4(1333 1349 1760 1744)
4(1348 1759 1760 1349)
4(1743 1744 1760 1759)
4(1334 1350 1761 1745)
4(1349 1760 1761 1350)
4(1744 1745 1761 1760)
4(1335 1351 1762 1746)
4(1350 1761 1762 1351)
4(1745 1746 1762 1761)
4(1336 1352 1763 1747)
4(1351 1762 1763 1352)
4(1746 1747 1763 1762)
4(1337 1353 1764 1748)
4(1352 1763 1764 1353)
4(1747 1748 1764 1763)
4(1338 1354 1765 1749)
4(1353 1764 1765 1354)
4(1748 1749 1765 1764)
4(1339 1355 1766 1750)
4(1354 1765 1766 1355)
4(1749 1750 1766 1765)
4(1340 1356 1767 1751)
4(1355 1766 1767 1356)
4(1750 1751 1767 1766)
4(1341 1357 1768 1752)
4(1356 1767 1768 1357)
4(1751 1752 1768 1767)
4(1342 1358 1769 1753)
4(1357 1768 1769 1358)
4(1752 1753 1769 1768)
4(1358 1769 703 658)
4(1753 702 703 1769)
4(656 658 703 702)
4(1344 1360 1771 1755)
4(1359 1770 1771 1360)
4(1754 1755 1771 1770)
4(1345 1361 1772 1756)
4(1360 1771 1772 1361)
4(1755 1756 1772 1771)
4(1346 1362 1773 1757)
4(1361 1772 1773 1362)
4(1756 1757 1773 1772)
4(1347 1363 1774 1758)
4(1362 1773 1774 1363)
4(1757 1758 1774 1773)
4(1348 1364 1775 1759)
4(1363 1774 1775 1364)
4(1758 1759 1775 1774)
4(1349 1365 1776 1760)
4(1364 1775 1776 1365)
4(1759 1760 1776 1775)
4(1350 1366 1777 1761)
4(1365 1776 1777 1366)
4(1760 1761 1777 1776)
4(1351 1367 1778 1762)
4(1366 1777 1778 1367)
4(1761 1762 1778 1777)
4(1352 1368 1779 1763)
4(1367 1778 1779 1368)
4(1762 1763 1779 1778)
4(1353 1369 1780 1764)
4(1368 1779 1780 1369)
4(1763 1764 1780 1779)
4(1354 1370 1781 1765)
4(1369 1780 1781 1370)
4(1764 1765 1781 1780)
4(1355 1371 1782 1766)
4(1370 1781 1782 1371)
4(1765 1766 1782 1781)
4(1356 1372 1783 1767)
4(1371 1782 1783 1372)
4(1766 1767 1783 1782)
4(1357 1373 1784 1768)
4(1372 1783 1784 1373)
4(1767 1768 1784 1783)
4(1358 1374 1785 1769)
4(1373 1784 1785 1374)
4(1768 1769 1785 1784)
4(1374 1785 704 660)
4(1769 703 704 1785)
4(658 660 704 703)
4(1360 1376 1787 1771)
4(1375 1786 1787 1376)
4(1770 1771 1787 1786)
4(1361 1377 1788 1772)
4(1376 1787 1788 1377)
4(1771 1772 1788 1787)
4(1362 1378 1789 1773)
4(1377 1788 1789 1378)
4(1772 1773 1789 1788)
4(1363 1379 1790 1774)
4(1378 1789 1790 1379)
4(1773 1774 1790 1789)
4(1364 1380 1791 1775)
4(1379 1790 1791 1380)
4(1774 1775 1791 1790)
4(1365 1381 1792 1776)
4(1380 1791 1792 1381)
4(1775 1776 1792 1791)
4(1366 1382 1793 1777)
4(1381 1792 1793 1382)
4(1776 1777 1793 1792)
4(1367 1383 1794 1778)
4(1382 1793 1794 1383)
4(1777 1778 1794 1793)
4(1368 1384 1795 1779)
4(1383 1794 1795 1384)
4(1778 1779 1795 1794)
4(1369 1385 1796 1780)
4(1384 1795 1796 1385)
4(1779 1780 1796 1795)
4(1370 1386 1797 1781)
4(1385 1796 1797 1386)
4(1780 1781 1797 1796)
4(1371 1387 1798 1782)
4(1386 1797 1798 1387)
4(1781 1782 1798 1797)
4(1372 1388 1799 1783)
4(1387 1798 1799 1388)
4(1782 1783 1799 1798)
4(1373 1389 1800 1784)
4(1388 1799 1800 1389)
4(1783 1784 1800 1799)
4(1374 1390 1801 1785)
4(1389 1800 1801 1390)
4(1784 1785 1801 1800)
4(1390 1801 705 662)
4(1785 704 705 1801)
4(660 662 705 704)
4(1376 1392 1803 1787)
4(1391 1802 1803 1392)
4(1786 1787 1803 1802)
4(1377 1393 1804 1788)
4(1392 1803 1804 1393)
4(1787 1788 1804 1803)
4(1378 1394 1805 1789)
4(1393 1804 1805 1394)
4(1788 1789 1805 1804)
4(1379 1395 1806 1790)
4(1394 1805 1806 1395)
4(1789 1790 1806 1805)
4(1380 1396 1807 1791)
4(1395 1806 1807 1396)
4(1790 1791 1807 1806)
4(1381 1397 1808 1792)
4(1396 1807 1808 1397)
4(1791 1792 1808 1807)
4(1382 1398 1809 1793)
4(1397 1808 1809 1398)
4(1792 1793 1809 1808)
4(1383 1399 1810 1794)
4(1398 1809 1810 1399)
4(1793 1794 1810 1809)
4(1384 1400 1811 1795)
4(1399 1810 1811 1400)
4(1794 1795 1811 1810)
4(1385 1401 1812 1796)
4(1400 1811 1812 1401)
4(1795 1796 1812 1811)
4(1386 1402 1813 1797)
4(1401 1812 1813 1402)
4(1796 1797 1813 1812)
4(1387 1403 1814 1798)
4(1402 1813 1814 1403)
4(1797 1798 1814 1813)
4(1388 1404 1815 1799)
4(1403 1814 1815 1404)
4(1798 1799 1815 1814)
4(1389 1405 1816 1800)
4(1404 1815 1816 1405)
4(1799 1800 1816 1815)
4(1390 1406 1817 1801)
4(1405 1816 1817 1406)
4(1800 1801 1817 1816)
4(1406 1817 706 664)
4(1801 705 706 1817)
4(662 664 706 705)
4(1392 1408 1819 1803)
4(1407 1818 1819 1408)
4(1802 1803 1819 1818)
4(1393 1409 1820 1804)
4(1408 1819 1820 1409)
4(1803 1804 1820 1819)
4(1394 1410 1821 1805)
4(1409 1820 1821 1410)
4(1804 1805 1821 1820)
4(1395 1411 1822 1806)
4(1410 1821 1822 1411)
4(1805 1806 1822 1821)
4(1396 1412 1823 1807)
4(1411 1822 1823 1412)
4(1806 1807 1823 1822)
4(1397 1413 1824 1808)
4(1412 1823 1824 1413)
4(1807 1808 1824 1823)
4(1398 1414 1825 1809)
4(1413 1824 1825 1414)
4(1808 1809 1825 1824)
4(1399 1415 1826 1810)
4(1414 1825 1826 1415)
4(1809 1810 1826 1825)
4(1400 1416 1827 1811)
4(1415 1826 1827 1416)
4(1810 1811 1827 1826)
4(1401 1417 1828 1812)
4(1416 1827 1828 1417)
4(1811 1812 1828 1827)
4(1402 1418 1829 1813)
4(1417 1828 1829 1418)
4(1812 1813 1829 1828)
4(1403 1419 1830 1814)
4(1418 1829 1830 1419)
4(1813 1814 1830 1829)
4(1404 1420 1831 1815)
4(1419 1830 1831 1420)
4(1814 1815 1831 1830)
4(1405 1421 1832 1816)
4(1420 1831 1832 1421)
4(1815 1816 1832 1831)
4(1406 1422 1833 1817)
4(1421 1832 1833 1422)
4(1816 1817 1833 1832)
4(1422 1833 707 666)
4(1817 706 707 1833)
4(664 666 707 706)
4(1408 1424 1835 1819)
4(1423 1834 1835 1424)
4(1818 1819 1835 1834)
4(1409 1425 1836 1820)
4(1424 1835 1836 1425)
4(1819 1820 1836 1835)
4(1410 1426 1837 1821)
4(1425 1836 1837 1426)
4(1820 1821 1837 1836)
4(1411 1427 1838 1822)
4(1426 1837 1838 1427)
4(1821 1822 1838 1837)
4(1412 1428 1839 1823)
4(1427 1838 1839 1428)
4(1822 1823 1839 1838)
4(1413 1429 1840 1824)
4(1428 1839 1840 1429)
4(1823 1824 1840 1839)
4(1414 1430 1841 1825)
4(1429 1840 1841 1430)
4(1824 1825 1841 1840)
4(1415 1431 1842 1826)
4(1430 1841 1842 1431)
4(1825 1826 1842 1841)
4(1416 1432 1843 1827)
4(1431 1842 1843 1432)
4(1826 1827 1843 1842)
4(1417 1433 1844 1828)
4(1432 1843 1844 1433)
4(1827 1828 1844 1843)
4(1418 1434 1845 1829)
4(1433 1844 1845 1434)
4(1828 1829 1845 1844)
4(1419 1435 1846 1830)
4(1434 1845 1846 1435)
4(1829 1830 1846 1845)
4(1420 1436 1847 1831)
4(1435 1846 1847 1436)
4(1830 1831 1847 1846)
4(1421 1437 1848 1832)
4(1436 1847 1848 1437)
4(1831 1832 1848 1847)
4(1422 1438 1849 1833)
4(1437 1848 1849 1438)
4(1832 1833 1849 1848)
4(1438 1849 708 668)
4(1833 707 708 1849)
4(666 668 708 707)
4(1424 1440 1851 1835)
4(1439 1850 1851 1440)
4(1834 1835 1851 1850)
4(1425 1441 1852 1836)
4(1440 1851 1852 1441)
4(1835 1836 1852 1851)
4(1426 1442 1853 1837)
4(1441 1852 1853 1442)
4(1836 1837 1853 1852)
4(1427 1443 1854 1838)
4(1442 1853 1854 1443)
4(1837 1838 1854 1853)
4(1428 1444 1855 1839)
4(1443 1854 1855 1444)
4(1838 1839 1855 1854)
4(1429 1445 1856 1840)
4(1444 1855 1856 1445)
4(1839 1840 1856 1855)
4(1430 1446 1857 1841)
4(1445 1856 1857 1446)
4(1840 1841 1857 1856)
4(1431 1447 1858 1842)
4(1446 1857 1858 1447)
4(1841 1842 1858 1857)
4(1432 1448 1859 1843)
4(1447 1858 1859 1448)
4(1842 1843 1859 1858)
4(1433 1449 1860 1844)
4(1448 1859 1860 1449)
4(1843 1844 1860 1859)
4(1434 1450 1861 1845)
4(1449 1860 1861 1450)
4(1844 1845 1861 1860)
4(1435 1451 1862 1846)
4(1450 1861 1862 1451)
4(1845 1846 1862 1861)
4(1436 1452 1863 1847)
4(1451 1862 1863 1452)
4(1846 1847 1863 1862)
4(1437 1453 1864 1848)
4(1452 1863 1864 1453)
4(1847 1848 1864 1863)
4(1438 1454 1865 1849)
4(1453 1864 1865 1454)
4(1848 1849 1865 1864)
4(1454 1865 709 670)
4(1849 708 709 1865)
4(668 670 709 708)
4(1440 1456 1867 1851)
4(1455 1866 1867 1456)
4(1850 1851 1867 1866)
4(1441 1457 1868 1852)
4(1456 1867 1868 1457)
4(1851 1852 1868 1867)
4(1442 1458 1869 1853)
4(1457 1868 1869 1458)
4(1852 1853 1869 1868)
4(1443 1459 1870 1854)
4(1458 1869 1870 1459)
4(1853 1854 1870 1869)
4(1444 1460 1871 1855)
4(1459 1870 1871 1460)
4(1854 1855 1871 1870)
4(1445 1461 1872 1856)
4(1460 1871 1872 1461)
4(1855 1856 1872 1871)
4(1446 1462 1873 1857)
4(1461 1872 1873 1462)
4(1856 1857 1873 1872)
4(1447 1463 1874 1858)
4(1462 1873 1874 1463)
4(1857 1858 1874 1873)
4(1448 1464 1875 1859)
4(1463 1874 1875 1464)
4(1858 1859 1875 1874)
4(1449 1465 1876 1860)
4(1464 1875 1876 1465)
4(1859 1860 1876 1875)
4(1450 1466 1877 1861)
4(1465 1876 1877 1466)
4(1860 1861 1877 1876)
4(1451 1467 1878 1862)
4(1466 1877 1878 1467)
4(1861 1862 1878 1877)
4(1452 1468 1879 1863)
4(1467 1878 1879 1468)
4(1862 1863 1879 1878)
4(1453 1469 1880 1864)
4(1468 1879 1880 1469)
4(1863 1864 1880 1879)
4(1454 1470 1881 1865)
4(1469 1880 1881 1470)
4(1864 1865 1881 1880)
4(1470 1881 710 675)
4(1865 709 710 1881)
4(670 675 710 709)
4(1456 1472 1883 1867)
4(1471 1882 1883 1472)
4(1866 1867 1883 1882)
4(1457 1473 1884 1868)
4(1472 1883 1884 1473)
4(1867 1868 1884 1883)
4(1458 1474 1885 1869)
4(1473 1884 1885 1474)
4(1868 1869 1885 1884)
4(1459 1475 1886 1870)
4(1474 1885 1886 1475)
4(1869 1870 1886 1885)
4(1460 1476 1887 1871)
4(1475 1886 1887 1476)
4(1870 1871 1887 1886)
4(1461 1477 1888 1872)
4(1476 1887 1888 1477)
4(1871 1872 1888 1887)
4(1462 1478 1889 1873)
4(1477 1888 1889 1478)
4(1872 1873 1889 1888)
4(1463 1479 1890 1874)
4(1478 1889 1890 1479)
4(1873 1874 1890 1889)
4(1464 1480 1891 1875)
4(1479 1890 1891 1480)
4(1874 1875 1891 1890)
4(1465 1481 1892 1876)
4(1480 1891 1892 1481)
4(1875 1876 1892 1891)
4(1466 1482 1893 1877)
4(1481 1892 1893 1482)
4(1876 1877 1893 1892)
4(1467 1483 1894 1878)
4(1482 1893 1894 1483)
4(1877 1878 1894 1893)
4(1468 1484 1895 1879)
4(1483 1894 1895 1484)
4(1878 1879 1895 1894)
4(1469 1485 1896 1880)
4(1484 1895 1896 1485)
4(1879 1880 1896 1895)
4(1470 1486 1897 1881)
4(1485 1896 1897 1486)
4(1880 1881 1897 1896)
4(1486 1897 711 678)
4(1881 710 711 1897)
4(675 678 711 710)
4(1472 1488 1899 1883)
4(1487 1898 1899 1488)
4(1882 1883 1899 1898)
4(1473 1489 1900 1884)
4(1488 1899 1900 1489)
4(1883 1884 1900 1899)
4(1474 1490 1901 1885)
4(1489 1900 1901 1490)
4(1884 1885 1901 1900)
4(1475 1491 1902 1886)
4(1490 1901 1902 1491)
4(1885 1886 1902 1901)
4(1476 1492 1903 1887)
4(1491 1902 1903 1492)
4(1886 1887 1903 1902)
4(1477 1493 1904 1888)
4(1492 1903 1904 1493)
4(1887 1888 1904 1903)
4(1478 1494 1905 1889)
4(1493 1904 1905 1494)
4(1888 1889 1905 1904)
4(1479 1495 1906 1890)
4(1494 1905 1906 1495)
4(1889 1890 1906 1905)
4(1480 1496 1907 1891)
4(1495 1906 1907 1496)
4(1890 1891 1907 1906)
4(1481 1497 1908 1892)
4(1496 1907 1908 1497)
4(1891 1892 1908 1907)
4(1482 1498 1909 1893)
4(1497 1908 1909 1498)
4(1892 1893 1909 1908)
4(1483 1499 1910 1894)
4(1498 1909 1910 1499)
4(1893 1894 1910 1909)
4(1484 1500 1911 1895)
4(1499 1910 1911 1500)
4(1894 1895 1911 1910)
4(1485 1501 1912 1896)
4(1500 1911 1912 1501)
4(1895 1896 1912 1911)
4(1486 1502 1913 1897)
4(1501 1912 1913 1502)
4(1896 1897 1913 1912)
4(678 1503 714 711)
4(1502 1913 714 1503)
4(1897 711 714 1913)
4(1503 714 713 680)
4(678 677 712 711)
4(677 680 713 712)
4(711 712 713 714)
4(1488 1505 1915 1899)
4(1504 1914 1915 1505)
4(1898 1899 1915 1914)
4(1489 1506 1916 1900)
4(1505 1915 1916 1506)
4(1899 1900 1916 1915)
4(1490 1507 1917 1901)
4(1506 1916 1917 1507)
4(1900 1901 1917 1916)
4(1491 1508 1918 1902)
4(1507 1917 1918 1508)
4(1901 1902 1918 1917)
4(1492 1509 1919 1903)
4(1508 1918 1919 1509)
4(1902 1903 1919 1918)
4(1493 1510 1920 1904)
4(1509 1919 1920 1510)
4(1903 1904 1920 1919)
4(1494 1511 1921 1905)
4(1510 1920 1921 1511)
4(1904 1905 1921 1920)
4(1495 1512 1922 1906)
4(1511 1921 1922 1512)
4(1905 1906 1922 1921)
4(1496 1513 1923 1907)
4(1512 1922 1923 1513)
4(1906 1907 1923 1922)
4(1497 1514 1924 1908)
4(1513 1923 1924 1514)
4(1907 1908 1924 1923)
4(1498 1515 1925 1909)
4(1514 1924 1925 1515)
4(1908 1909 1925 1924)
4(1499 1516 1926 1910)
4(1515 1925 1926 1516)
4(1909 1910 1926 1925)
4(1500 1517 1927 1911)
4(1516 1926 1927 1517)
4(1910 1911 1927 1926)
4(1501 1518 1928 1912)
4(1517 1927 1928 1518)
4(1911 1912 1928 1927)
4(1502 1519 1929 1913)
4(1518 1928 1929 1519)
4(1912 1913 1929 1928)
4(1503 1520 1930 714)
4(1519 1929 1930 1520)
4(1913 714 1930 1929)
4(1520 1930 715 682)
4(714 713 715 1930)
4(680 682 715 713)
4(1505 1522 1932 1915)
4(1521 1931 1932 1522)
4(1914 1915 1932 1931)
4(1506 1523 1933 1916)
4(1522 1932 1933 1523)
4(1915 1916 1933 1932)
4(1507 1524 1934 1917)
4(1523 1933 1934 1524)
4(1916 1917 1934 1933)
4(1508 1525 1935 1918)
4(1524 1934 1935 1525)
4(1917 1918 1935 1934)
4(1509 1526 1936 1919)
4(1525 1935 1936 1526)
4(1918 1919 1936 1935)
4(1510 1527 1937 1920)
4(1526 1936 1937 1527)
4(1919 1920 1937 1936)
4(1511 1528 1938 1921)
4(1527 1937 1938 1528)
4(1920 1921 1938 1937)
4(1512 1529 1939 1922)
4(1528 1938 1939 1529)
4(1921 1922 1939 1938)
4(1513 1530 1940 1923)
4(1529 1939 1940 1530)
4(1922 1923 1940 1939)
4(1514 1531 1941 1924)
4(1530 1940 1941 1531)
4(1923 1924 1941 1940)
4(1515 1532 1942 1925)
4(1531 1941 1942 1532)
4(1924 1925 1942 1941)
4(1516 1533 1943 1926)
4(1532 1942 1943 1533)
4(1925 1926 1943 1942)
4(1517 1534 1944 1927)
4(1533 1943 1944 1534)
4(1926 1927 1944 1943)
4(1518 1535 1945 1928)
4(1534 1944 1945 1535)
4(1927 1928 1945 1944)
4(1519 1536 1946 1929)
4(1535 1945 1946 1536)
4(1928 1929 1946 1945)
4(1520 1537 1947 1930)
4(1536 1946 1947 1537)
4(1929 1930 1947 1946)
4(1537 1947 716 684)
4(1930 715 716 1947)
4(682 684 716 715)
4(1522 1539 1949 1932)
4(1538 1948 1949 1539)
4(1931 1932 1949 1948)
4(1523 1540 1950 1933)
4(1539 1949 1950 1540)
4(1932 1933 1950 1949)
4(1524 1541 1951 1934)
4(1540 1950 1951 1541)
4(1933 1934 1951 1950)
4(1525 1542 1952 1935)
4(1541 1951 1952 1542)
4(1934 1935 1952 1951)
4(1526 1543 1953 1936)
4(1542 1952 1953 1543)
4(1935 1936 1953 1952)
4(1527 1544 1954 1937)
4(1543 1953 1954 1544)
4(1936 1937 1954 1953)
4(1528 1545 1955 1938)
4(1544 1954 1955 1545)
4(1937 1938 1955 1954)
4(1529 1546 1956 1939)
4(1545 1955 1956 1546)
4(1938 1939 1956 1955)
4(1530 1547 1957 1940)
4(1546 1956 1957 1547)
4(1939 1940 1957 1956)
4(1531 1548 1958 1941)
4(1547 1957 1958 1548)
4(1940 1941 1958 1957)
4(1532 1549 1959 1942)
4(1548 1958 1959 1549)
4(1941 1942 1959 1958)
4(1533 1550 1960 1943)
4(1549 1959 1960 1550)
4(1942 1943 1960 1959)
4(1534 1551 1961 1944)
4(1550 1960 1961 1551)
4(1943 1944 1961 1960)
4(1535 1552 1962 1945)
4(1551 1961 1962 1552)
4(1944 1945 1962 1961)
4(1536 1553 1963 1946)
4(1552 1962 1963 1553)
4(1945 1946 1963 1962)
4(1537 1554 1964 1947)
4(1553 1963 1964 1554)
4(1946 1947 1964 1963)
4(1554 1964 717 686)
4(1947 716 717 1964)
4(684 686 717 716)
4(1539 1556 1966 1949)
4(1555 1965 1966 1556)
4(1948 1949 1966 1965)
4(1540 1557 1967 1950)
4(1556 1966 1967 1557)
4(1949 1950 1967 1966)
4(1541 1558 1968 1951)
4(1557 1967 1968 1558)
4(1950 1951 1968 1967)
4(1542 1559 1969 1952)
4(1558 1968 1969 1559)
4(1951 1952 1969 1968)
4(1543 1560 1970 1953)
4(1559 1969 1970 1560)
4(1952 1953 1970 1969)
4(1544 1561 1971 1954)
4(1560 1970 1971 1561)
4(1953 1954 1971 1970)
4(1545 1562 1972 1955)
4(1561 1971 1972 1562)
4(1954 1955 1972 1971)
4(1546 1563 1973 1956)
4(1562 1972 1973 1563)
4(1955 1956 1973 1972)
4(1547 1564 1974 1957)
4(1563 1973 1974 1564)
4(1956 1957 1974 1973)
4(1548 1565 1975 1958)
4(1564 1974 1975 1565)
4(1957 1958 1975 1974)
4(1549 1566 1976 1959)
4(1565 1975 1976 1566)
4(1958 1959 1976 1975)
4(1550 1567 1977 1960)
4(1566 1976 1977 1567)
4(1959 1960 1977 1976)
4(1551 1568 1978 1961)
4(1567 1977 1978 1568)
4(1960 1961 1978 1977)
4(1552 1569 1979 1962)
4(1568 1978 1979 1569)
4(1961 1962 1979 1978)
4(1553 1570 1980 1963)
4(1569 1979 1980 1570)
4(1962 1963 1980 1979)
4(1554 1571 1981 1964)
4(1570 1980 1981 1571)
4(1963 1964 1981 1980)
4(1571 1981 718 688)
4(1964 717 718 1981)
4(686 688 718 717)
4(1556 1573 1983 1966)
4(1572 1982 1983 1573)
4(1965 1966 1983 1982)
4(1557 1574 1984 1967)
4(1573 1983 1984 1574)
4(1966 1967 1984 1983)
4(1558 1575 1985 1968)
4(1574 1984 1985 1575)
4(1967 1968 1985 1984)
4(1559 1576 1986 1969)
4(1575 1985 1986 1576)
4(1968 1969 1986 1985)
4(1560 1577 1987 1970)
4(1576 1986 1987 1577)
4(1969 1970 1987 1986)
4(1561 1578 1988 1971)
4(1577 1987 1988 1578)
4(1970 1971 1988 1987)
4(1562 1579 1989 1972)
4(1578 1988 1989 1579)
4(1971 1972 1989 1988)
4(1563 1580 1990 1973)
4(1579 1989 1990 1580)
4(1972 1973 1990 1989)
4(1564 1581 1991 1974)
4(1580 1990 1991 1581)
4(1973 1974 1991 1990)
4(1565 1582 1992 1975)
4(1581 1991 1992 1582)
4(1974 1975 1992 1991)
4(1566 1583 1993 1976)
4(1582 1992 1993 1583)
4(1975 1976 1993 1992)
4(1567 1584 1994 1977)
4(1583 1993 1994 1584)
4(1976 1977 1994 1993)
4(1568 1585 1995 1978)
4(1584 1994 1995 1585)
4(1977 1978 1995 1994)
4(1569 1586 1996 1979)
4(1585 1995 1996 1586)
4(1978 1979 1996 1995)
4(1570 1587 1997 1980)
4(1586 1996 1997 1587)
4(1979 1980 1997 1996)
4(1571 1588 1998 1981)
4(1587 1997 1998 1588)
4(1980 1981 1998 1997)
4(1588 1998 719 690)
4(1981 718 719 1998)
4(688 690 719 718)
4(1573 1590 2000 1983)
4(1589 1999 2000 1590)
4(1982 1983 2000 1999)
4(1574 1591 2001 1984)
4(1590 2000 2001 1591)
4(1983 1984 2001 2000)
4(1575 1592 2002 1985)
4(1591 2001 2002 1592)
4(1984 1985 2002 2001)
4(1576 1593 2003 1986)
4(1592 2002 2003 1593)
4(1985 1986 2003 2002)
4(1577 1594 2004 1987)
4(1593 2003 2004 1594)
4(1986 1987 2004 2003)
4(1578 1595 2005 1988)
4(1594 2004 2005 1595)
4(1987 1988 2005 2004)
4(1579 1596 2006 1989)
4(1595 2005 2006 1596)
4(1988 1989 2006 2005)
4(1580 1597 2007 1990)
4(1596 2006 2007 1597)
4(1989 1990 2007 2006)
4(1581 1598 2008 1991)
4(1597 2007 2008 1598)
4(1990 1991 2008 2007)
4(1582 1599 2009 1992)
4(1598 2008 2009 1599)
4(1991 1992 2009 2008)
4(1583 1600 2010 1993)
4(1599 2009 2010 1600)
4(1992 1993 2010 2009)
4(1584 1601 2011 1994)
4(1600 2010 2011 1601)
4(1993 1994 2011 2010)
4(1585 1602 2012 1995)
4(1601 2011 2012 1602)
4(1994 1995 2012 2011)
4(1586 1603 2013 1996)
4(1602 2012 2013 1603)
4(1995 1996 2013 2012)
4(1587 1604 2014 1997)
4(1603 2013 2014 1604)
4(1996 1997 2014 2013)
4(1588 1605 2015 1998)
4(1604 2014 2015 1605)
4(1997 1998 2015 2014)
4(1605 2015 720 692)
4(1998 719 720 2015)
4(690 692 720 719)
4(1590 1607 2017 2000)
4(1606 2016 2017 1607)
4(1999 2000 2017 2016)
4(1591 1608 2018 2001)
4(1607 2017 2018 1608)
4(2000 2001 2018 2017)
4(1592 1609 2019 2002)
4(1608 2018 2019 1609)
4(2001 2002 2019 2018)
4(1593 1610 2020 2003)
4(1609 2019 2020 1610)
4(2002 2003 2020 2019)
4(1594 1611 2021 2004)
4(1610 2020 2021 1611)
4(2003 2004 2021 2020)
4(1595 1612 2022 2005)
4(1611 2021 2022 1612)
4(2004 2005 2022 2021)
4(1596 1613 2023 2006)
4(1612 2022 2023 1613)
4(2005 2006 2023 2022)
4(1597 1614 2024 2007)
4(1613 2023 2024 1614)
4(2006 2007 2024 2023)
4(1598 1615 2025 2008)
4(1614 2024 2025 1615)
4(2007 2008 2025 2024)
4(1599 1616 2026 2009)
4(1615 2025 2026 1616)
4(2008 2009 2026 2025)
4(1600 1617 2027 2010)
4(1616 2026 2027 1617)
4(2009 2010 2027 2026)
4(1601 1618 2028 2011)
4(1617 2027 2028 1618)
4(2010 2011 2028 2027)
4(1602 1619 2029 2012)
4(1618 2028 2029 1619)
4(2011 2012 2029 2028)
4(1603 1620 2030 2013)
4(1619 2029 2030 1620)
4(2012 2013 2030 2029)
4(1604 1621 2031 2014)
4(1620 2030 2031 1621)
4(2013 2014 2031 2030)
4(1605 1622 2032 2015)
4(1621 2031 2032 1622)
4(2014 2015 2032 2031)
4(1622 2032 721 694)
4(2015 720 721 2032)
4(692 694 721 720)
4(1607 1624 2034 2017)
4(1623 2033 2034 1624)
4(2016 2017 2034 2033)
4(1608 1625 2035 2018)
4(1624 2034 2035 1625)
4(2017 2018 2035 2034)
4(1609 375 2036 2019)
4(1625 2035 2036 375)
4(2018 2019 2036 2035)
4(1610 376 2037 2020)
4(375 2036 2037 376)
4(2019 2020 2037 2036)
4(1611 378 2038 2021)
4(376 2037 2038 378)
4(2020 2021 2038 2037)
4(1612 380 413 2022)
4(378 2038 413 380)
4(2021 2022 413 2038)
4(1613 382 414 2023)
4(2022 2023 414 413)
4(380 413 414 382)
4(1614 384 415 2024)
4(2023 2024 415 414)
4(382 414 415 384)
4(1615 386 416 2025)
4(2024 2025 416 415)
4(384 415 416 386)
4(1616 388 417 2026)
4(2025 2026 417 416)
4(386 416 417 388)
4(1617 390 418 2027)
4(2026 2027 418 417)
4(388 417 418 390)
4(1618 392 419 2028)
4(2027 2028 419 418)
4(390 418 419 392)
4(1619 394 420 2029)
4(2028 2029 420 419)
4(392 419 420 394)
4(1620 396 421 2030)
4(2029 2030 421 420)
4(394 420 421 396)
4(1621 398 422 2031)
4(2030 2031 422 421)
4(396 421 422 398)
4(1622 400 423 2032)
4(2031 2032 423 422)
4(398 422 423 400)
4(2032 721 37 423)
4(694 5 37 721)
4(400 423 37 5)
4(1624 404 425 2034)
4(2033 2034 425 424)
4(403 424 425 404)
4(1625 406 426 2035)
4(2034 2035 426 425)
4(404 425 426 406)
4(375 409 427 2036)
4(2035 2036 427 426)
4(406 426 427 409)
4(376 410 428 2037)
4(2036 2037 428 427)
4(375 409 410 376)
4(409 427 428 410)
4(378 411 429 2038)
4(2037 2038 429 428)
4(376 410 411 378)
4(410 428 429 411)
4(2038 413 430 429)
4(378 411 412 380)
4(380 412 430 413)
4(411 429 430 412)
4(1627 1643 2056 2040)
4(1642 2055 2056 1643)
4(2039 2040 2056 2055)
4(1628 1644 2057 2041)
4(1643 2056 2057 1644)
4(2040 2041 2057 2056)
4(1629 1645 2058 2042)
4(1644 2057 2058 1645)
4(2041 2042 2058 2057)
4(1630 1646 2059 2043)
4(1645 2058 2059 1646)
4(2042 2043 2059 2058)
4(1631 1647 2060 2044)
4(1646 2059 2060 1647)
4(2043 2044 2060 2059)
4(1632 1648 2061 2045)
4(1647 2060 2061 1648)
4(2044 2045 2061 2060)
4(1633 1649 2062 2046)
4(1648 2061 2062 1649)
4(2045 2046 2062 2061)
4(1634 1650 2063 2047)
4(1649 2062 2063 1650)
4(2046 2047 2063 2062)
4(1635 1651 2064 2048)
4(1650 2063 2064 1651)
4(2047 2048 2064 2063)
4(1636 1652 2065 2049)
4(1651 2064 2065 1652)
4(2048 2049 2065 2064)
4(1637 1653 2066 2050)
4(1652 2065 2066 1653)
4(2049 2050 2066 2065)
4(1638 1654 2067 2051)
4(1653 2066 2067 1654)
4(2050 2051 2067 2066)
4(1639 1655 2068 2052)
4(1654 2067 2068 1655)
4(2051 2052 2068 2067)
4(1640 1656 2069 2053)
4(1655 2068 2069 1656)
4(2052 2053 2069 2068)
4(1641 1657 2070 2054)
4(1656 2069 2070 1657)
4(2053 2054 2070 2069)
4(1657 2070 722 695)
4(2054 723 722 2070)
4(696 695 722 723)
4(1643 1659 2072 2056)
4(1658 2071 2072 1659)
4(2055 2056 2072 2071)
4(1644 1660 2073 2057)
4(1659 2072 2073 1660)
4(2056 2057 2073 2072)
4(1645 1661 2074 2058)
4(1660 2073 2074 1661)
4(2057 2058 2074 2073)
4(1646 1662 2075 2059)
4(1661 2074 2075 1662)
4(2058 2059 2075 2074)
4(1647 1663 2076 2060)
4(1662 2075 2076 1663)
4(2059 2060 2076 2075)
4(1648 1664 2077 2061)
4(1663 2076 2077 1664)
4(2060 2061 2077 2076)
4(1649 1665 2078 2062)
4(1664 2077 2078 1665)
4(2061 2062 2078 2077)
4(1650 1666 2079 2063)
4(1665 2078 2079 1666)
4(2062 2063 2079 2078)
4(1651 1667 2080 2064)
4(1666 2079 2080 1667)
4(2063 2064 2080 2079)
4(1652 1668 2081 2065)
4(1667 2080 2081 1668)
4(2064 2065 2081 2080)
4(1653 1669 2082 2066)
4(1668 2081 2082 1669)
4(2065 2066 2082 2081)
4(1654 1670 2083 2067)
4(1669 2082 2083 1670)
4(2066 2067 2083 2082)
4(1655 1671 2084 2068)
4(1670 2083 2084 1671)
4(2067 2068 2084 2083)
4(1656 1672 2085 2069)
4(1671 2084 2085 1672)
4(2068 2069 2085 2084)
4(1657 1673 2086 2070)
4(1672 2085 2086 1673)
4(2069 2070 2086 2085)
4(1673 2086 724 697)
4(2070 722 724 2086)
4(695 697 724 722)
4(1659 1675 2088 2072)
4(1674 2087 2088 1675)
4(2071 2072 2088 2087)
4(1660 1676 2089 2073)
4(1675 2088 2089 1676)
4(2072 2073 2089 2088)
4(1661 1677 2090 2074)
4(1676 2089 2090 1677)
4(2073 2074 2090 2089)
4(1662 1678 2091 2075)
4(1677 2090 2091 1678)
4(2074 2075 2091 2090)
4(1663 1679 2092 2076)
4(1678 2091 2092 1679)
4(2075 2076 2092 2091)
4(1664 1680 2093 2077)
4(1679 2092 2093 1680)
4(2076 2077 2093 2092)
4(1665 1681 2094 2078)
4(1680 2093 2094 1681)
4(2077 2078 2094 2093)
4(1666 1682 2095 2079)
4(1681 2094 2095 1682)
4(2078 2079 2095 2094)
4(1667 1683 2096 2080)
4(1682 2095 2096 1683)
4(2079 2080 2096 2095)
4(1668 1684 2097 2081)
4(1683 2096 2097 1684)
4(2080 2081 2097 2096)
4(1669 1685 2098 2082)
4(1684 2097 2098 1685)
4(2081 2082 2098 2097)
4(1670 1686 2099 2083)
4(1685 2098 2099 1686)
4(2082 2083 2099 2098)
4(1671 1687 2100 2084)
4(1686 2099 2100 1687)
4(2083 2084 2100 2099)
4(1672 1688 2101 2085)
4(1687 2100 2101 1688)
4(2084 2085 2101 2100)
4(1673 1689 2102 2086)
4(1688 2101 2102 1689)
4(2085 2086 2102 2101)
4(1689 2102 725 698)
4(2086 724 725 2102)
4(697 698 725 724)
4(1675 1691 2104 2088)
4(1690 2103 2104 1691)
4(2087 2088 2104 2103)
4(1676 1692 2105 2089)
4(1691 2104 2105 1692)
4(2088 2089 2105 2104)
4(1677 1693 2106 2090)
4(1692 2105 2106 1693)
4(2089 2090 2106 2105)
4(1678 1694 2107 2091)
4(1693 2106 2107 1694)
4(2090 2091 2107 2106)
4(1679 1695 2108 2092)
4(1694 2107 2108 1695)
4(2091 2092 2108 2107)
4(1680 1696 2109 2093)
4(1695 2108 2109 1696)
4(2092 2093 2109 2108)
4(1681 1697 2110 2094)
4(1696 2109 2110 1697)
4(2093 2094 2110 2109)
4(1682 1698 2111 2095)
4(1697 2110 2111 1698)
4(2094 2095 2111 2110)
4(1683 1699 2112 2096)
4(1698 2111 2112 1699)
4(2095 2096 2112 2111)
4(1684 1700 2113 2097)
4(1699 2112 2113 1700)
4(2096 2097 2113 2112)
4(1685 1701 2114 2098)
4(1700 2113 2114 1701)
4(2097 2098 2114 2113)
4(1686 1702 2115 2099)
4(1701 2114 2115 1702)
4(2098 2099 2115 2114)
4(1687 1703 2116 2100)
4(1702 2115 2116 1703)
4(2099 2100 2116 2115)
4(1688 1704 2117 2101)
4(1703 2116 2117 1704)
4(2100 2101 2117 2116)
4(1689 1705 2118 2102)
4(1704 2117 2118 1705)
4(2101 2102 2118 2117)
4(1705 2118 726 699)
4(2102 725 726 2118)
4(698 699 726 725)
4(1691 1707 2120 2104)
4(1706 2119 2120 1707)
4(2103 2104 2120 2119)
4(1692 1708 2121 2105)
4(1707 2120 2121 1708)
4(2104 2105 2121 2120)
4(1693 1709 2122 2106)
4(1708 2121 2122 1709)
4(2105 2106 2122 2121)
4(1694 1710 2123 2107)
4(1709 2122 2123 1710)
4(2106 2107 2123 2122)
4(1695 1711 2124 2108)
4(1710 2123 2124 1711)
4(2107 2108 2124 2123)
4(1696 1712 2125 2109)
4(1711 2124 2125 1712)
4(2108 2109 2125 2124)
4(1697 1713 2126 2110)
4(1712 2125 2126 1713)
4(2109 2110 2126 2125)
4(1698 1714 2127 2111)
4(1713 2126 2127 1714)
4(2110 2111 2127 2126)
4(1699 1715 2128 2112)
4(1714 2127 2128 1715)
4(2111 2112 2128 2127)
4(1700 1716 2129 2113)
4(1715 2128 2129 1716)
4(2112 2113 2129 2128)
4(1701 1717 2130 2114)
4(1716 2129 2130 1717)
4(2113 2114 2130 2129)
4(1702 1718 2131 2115)
4(1717 2130 2131 1718)
4(2114 2115 2131 2130)
4(1703 1719 2132 2116)
4(1718 2131 2132 1719)
4(2115 2116 2132 2131)
4(1704 1720 2133 2117)
4(1719 2132 2133 1720)
4(2116 2117 2133 2132)
4(1705 1721 2134 2118)
4(1720 2133 2134 1721)
4(2117 2118 2134 2133)
4(1721 2134 727 700)
4(2118 726 727 2134)
4(699 700 727 726)
4(1707 1723 2136 2120)
4(1722 2135 2136 1723)
4(2119 2120 2136 2135)
4(1708 1724 2137 2121)
4(1723 2136 2137 1724)
4(2120 2121 2137 2136)
4(1709 1725 2138 2122)
4(1724 2137 2138 1725)
4(2121 2122 2138 2137)
4(1710 1726 2139 2123)
4(1725 2138 2139 1726)
4(2122 2123 2139 2138)
4(1711 1727 2140 2124)
4(1726 2139 2140 1727)
4(2123 2124 2140 2139)
4(1712 1728 2141 2125)
4(1727 2140 2141 1728)
4(2124 2125 2141 2140)
4(1713 1729 2142 2126)
4(1728 2141 2142 1729)
4(2125 2126 2142 2141)
4(1714 1730 2143 2127)
4(1729 2142 2143 1730)
4(2126 2127 2143 2142)
4(1715 1731 2144 2128)
4(1730 2143 2144 1731)
4(2127 2128 2144 2143)
4(1716 1732 2145 2129)
4(1731 2144 2145 1732)
4(2128 2129 2145 2144)
4(1717 1733 2146 2130)
4(1732 2145 2146 1733)
4(2129 2130 2146 2145)
4(1718 1734 2147 2131)
4(1733 2146 2147 1734)
4(2130 2131 2147 2146)
4(1719 1735 2148 2132)
4(1734 2147 2148 1735)
4(2131 2132 2148 2147)
4(1720 1736 2149 2133)
4(1735 2148 2149 1736)
4(2132 2133 2149 2148)
4(1721 1737 2150 2134)
4(1736 2149 2150 1737)
4(2133 2134 2150 2149)
4(1737 2150 728 701)
4(2134 727 728 2150)
4(700 701 728 727)
4(1723 1739 2152 2136)
4(1738 2151 2152 1739)
4(2135 2136 2152 2151)
4(1724 1740 2153 2137)
4(1739 2152 2153 1740)
4(2136 2137 2153 2152)
4(1725 1741 2154 2138)
4(1740 2153 2154 1741)
4(2137 2138 2154 2153)
4(1726 1742 2155 2139)
4(1741 2154 2155 1742)
4(2138 2139 2155 2154)
4(1727 1743 2156 2140)
4(1742 2155 2156 1743)
4(2139 2140 2156 2155)
4(1728 1744 2157 2141)
4(1743 2156 2157 1744)
4(2140 2141 2157 2156)
4(1729 1745 2158 2142)
4(1744 2157 2158 1745)
4(2141 2142 2158 2157)
4(1730 1746 2159 2143)
4(1745 2158 2159 1746)
4(2142 2143 2159 2158)
4(1731 1747 2160 2144)
4(1746 2159 2160 1747)
4(2143 2144 2160 2159)
4(1732 1748 2161 2145)
4(1747 2160 2161 1748)
4(2144 2145 2161 2160)
4(1733 1749 2162 2146)
4(1748 2161 2162 1749)
4(2145 2146 2162 2161)
4(1734 1750 2163 2147)
4(1749 2162 2163 1750)
4(2146 2147 2163 2162)
4(1735 1751 2164 2148)
4(1750 2163 2164 1751)
4(2147 2148 2164 2163)
4(1736 1752 2165 2149)
4(1751 2164 2165 1752)
4(2148 2149 2165 2164)
4(1737 1753 2166 2150)
4(1752 2165 2166 1753)
4(2149 2150 2166 2165)
4(1753 2166 729 702)
4(2150 728 729 2166)
4(701 702 729 728)
4(1739 1755 2168 2152)
4(1754 2167 2168 1755)
4(2151 2152 2168 2167)
4(1740 1756 2169 2153)
4(1755 2168 2169 1756)
4(2152 2153 2169 2168)
4(1741 1757 2170 2154)
4(1756 2169 2170 1757)
4(2153 2154 2170 2169)
4(1742 1758 2171 2155)
4(1757 2170 2171 1758)
4(2154 2155 2171 2170)
4(1743 1759 2172 2156)
4(1758 2171 2172 1759)
4(2155 2156 2172 2171)
4(1744 1760 2173 2157)
4(1759 2172 2173 1760)
4(2156 2157 2173 2172)
4(1745 1761 2174 2158)
4(1760 2173 2174 1761)
4(2157 2158 2174 2173)
4(1746 1762 2175 2159)
4(1761 2174 2175 1762)
4(2158 2159 2175 2174)
4(1747 1763 2176 2160)
4(1762 2175 2176 1763)
4(2159 2160 2176 2175)
4(1748 1764 2177 2161)
4(1763 2176 2177 1764)
4(2160 2161 2177 2176)
4(1749 1765 2178 2162)
4(1764 2177 2178 1765)
4(2161 2162 2178 2177)
4(1750 1766 2179 2163)
4(1765 2178 2179 1766)
4(2162 2163 2179 2178)
4(1751 1767 2180 2164)
4(1766 2179 2180 1767)
4(2163 2164 2180 2179)
4(1752 1768 2181 2165)
4(1767 2180 2181 1768)
4(2164 2165 2181 2180)
4(1753 1769 2182 2166)
4(1768 2181 2182 1769)
4(2165 2166 2182 2181)
4(1769 2182 730 703)
4(2166 729 730 2182)
4(702 703 730 729)
4(1755 1771 2184 2168)
4(1770 2183 2184 1771)
4(2167 2168 2184 2183)
4(1756 1772 2185 2169)
4(1771 2184 2185 1772)
4(2168 2169 2185 2184)
4(1757 1773 2186 2170)
4(1772 2185 2186 1773)
4(2169 2170 2186 2185)
4(1758 1774 2187 2171)
4(1773 2186 2187 1774)
4(2170 2171 2187 2186)
4(1759 1775 2188 2172)
4(1774 2187 2188 1775)
4(2171 2172 2188 2187)
4(1760 1776 2189 2173)
4(1775 2188 2189 1776)
4(2172 2173 2189 2188)
4(1761 1777 2190 2174)
4(1776 2189 2190 1777)
4(2173 2174 2190 2189)
4(1762 1778 2191 2175)
4(1777 2190 2191 1778)
4(2174 2175 2191 2190)
4(1763 1779 2192 2176)
4(1778 2191 2192 1779)
4(2175 2176 2192 2191)
4(1764 1780 2193 2177)
4(1779 2192 2193 1780)
4(2176 2177 2193 2192)
4(1765 1781 2194 2178)
4(1780 2193 2194 1781)
4(2177 2178 2194 2193)
4(1766 1782 2195 2179)
4(1781 2194 2195 1782)
4(2178 2179 2195 2194)
4(1767 1783 2196 2180)
4(1782 2195 2196 1783)
4(2179 2180 2196 2195)
4(1768 1784 2197 2181)
4(1783 2196 2197 1784)
4(2180 2181 2197 2196)
4(1769 1785 2198 2182)
4(1784 2197 2198 1785)
4(2181 2182 2198 2197)
4(1785 2198 731 704)
4(2182 730 731 2198)
4(703 704 731 730)
4(1771 1787 2200 2184)
4(1786 2199 2200 1787)
4(2183 2184 2200 2199)
4(1772 1788 2201 2185)
4(1787 2200 2201 1788)
4(2184 2185 2201 2200)
4(1773 1789 2202 2186)
4(1788 2201 2202 1789)
4(2185 2186 2202 2201)
4(1774 1790 2203 2187)
4(1789 2202 2203 1790)
4(2186 2187 2203 2202)
4(1775 1791 2204 2188)
4(1790 2203 2204 1791)
4(2187 2188 2204 2203)
4(1776 1792 2205 2189)
4(1791 2204 2205 1792)
4(2188 2189 2205 2204)
4(1777 1793 2206 2190)
4(1792 2205 2206 1793)
4(2189 2190 2206 2205)
4(1778 1794 2207 2191)
4(1793 2206 2207 1794)
4(2190 2191 2207 2206)
4(1779 1795 2208 2192)
4(1794 2207 2208 1795)
4(2191 2192 2208 2207)
4(1780 1796 2209 2193)
4(1795 2208 2209 1796)
4(2192 2193 2209 2208)
4(1781 1797 2210 2194)
4(1796 2209 2210 1797)
4(2193 2194 2210 2209)
4(1782 1798 2211 2195)
4(1797 2210 2211 1798)
4(2194 2195 2211 2210)
4(1783 1799 2212 2196)
4(1798 2211 2212 1799)
4(2195 2196 2212 2211)
4(1784 1800 2213 2197)
4(1799 2212 2213 1800)
4(2196 2197 2213 2212)
4(1785 1801 2214 2198)
4(1800 2213 2214 1801)
4(2197 2198 2214 2213)
4(1801 2214 732 705)
4(2198 731 732 2214)
4(704 705 732 731)
4(1787 1803 2216 2200)
4(1802 2215 2216 1803)
4(2199 2200 2216 2215)
4(1788 1804 2217 2201)
4(1803 2216 2217 1804)
4(2200 2201 2217 2216)
4(1789 1805 2218 2202)
4(1804 2217 2218 1805)
4(2201 2202 2218 2217)
4(1790 1806 2219 2203)
4(1805 2218 2219 1806)
4(2202 2203 2219 2218)
4(1791 1807 2220 2204)
4(1806 2219 2220 1807)
4(2203 2204 2220 2219)
4(1792 1808 2221 2205)
4(1807 2220 2221 1808)
4(2204 2205 2221 2220)
4(1793 1809 2222 2206)
4(1808 2221 2222 1809)
4(2205 2206 2222 2221)
4(1794 1810 2223 2207)
4(1809 2222 2223 1810)
4(2206 2207 2223 2222)
4(1795 1811 2224 2208)
4(1810 2223 2224 1811)
4(2207 2208 2224 2223)
4(1796 1812 2225 2209)
4(1811 2224 2225 1812)
4(2208 2209 2225 2224)
4(1797 1813 2226 2210)
4(1812 2225 2226 1813)
4(2209 2210 2226 2225)
4(1798 1814 2227 2211)
4(1813 2226 2227 1814)
4(2210 2211 2227 2226)
4(1799 1815 2228 2212)
4(1814 2227 2228 1815)
4(2211 2212 2228 2227)
4(1800 1816 2229 2213)
4(1815 2228 2229 1816)
4(2212 2213 2229 2228)
4(1801 1817 2230 2214)
4(1816 2229 2230 1817)
4(2213 2214 2230 2229)
4(1817 2230 733 706)
4(2214 732 733 2230)
4(705 706 733 732)
4(1803 1819 2232 2216)
4(1818 2231 2232 1819)
4(2215 2216 2232 2231)
4(1804 1820 2233 2217)
4(1819 2232 2233 1820)
4(2216 2217 2233 2232)
4(1805 1821 2234 2218)
4(1820 2233 2234 1821)
4(2217 2218 2234 2233)
4(1806 1822 2235 2219)
4(1821 2234 2235 1822)
4(2218 2219 2235 2234)
4(1807 1823 2236 2220)
4(1822 2235 2236 1823)
4(2219 2220 2236 2235)
4(1808 1824 2237 2221)
4(1823 2236 2237 1824)
4(2220 2221 2237 2236)
4(1809 1825 2238 2222)
4(1824 2237 2238 1825)
4(2221 2222 2238 2237)
4(1810 1826 2239 2223)
4(1825 2238 2239 1826)
4(2222 2223 2239 2238)
4(1811 1827 2240 2224)
4(1826 2239 2240 1827)
4(2223 2224 2240 2239)
4(1812 1828 2241 2225)
4(1827 2240 2241 1828)
4(2224 2225 2241 2240)
4(1813 1829 2242 2226)
4(1828 2241 2242 1829)
4(2225 2226 2242 2241)
4(1814 1830 2243 2227)
4(1829 2242 2243 1830)
4(2226 2227 2243 2242)
4(1815 1831 2244 2228)
4(1830 2243 2244 1831)
4(2227 2228 2244 2243)
4(1816 1832 2245 2229)
4(1831 2244 2245 1832)
4(2228 2229 2245 2244)
4(1817 1833 2246 2230)
4(1832 2245 2246 1833)
4(2229 2230 2246 2245)
4(1833 2246 734 707)
4(2230 733 734 2246)
4(706 707 734 733)
4(1819 1835 2248 2232)
4(1834 2247 2248 1835)
4(2231 2232 2248 2247)
4(1820 1836 2249 2233)
4(1835 2248 2249 1836)
4(2232 2233 2249 2248)
4(1821 1837 2250 2234)
4(1836 2249 2250 1837)
4(2233 2234 2250 2249)
4(1822 1838 2251 2235)
4(1837 2250 2251 1838)
4(2234 2235 2251 2250)
4(1823 1839 2252 2236)
4(1838 2251 2252 1839)
4(2235 2236 2252 2251)
4(1824 1840 2253 2237)
4(1839 2252 2253 1840)
4(2236 2237 2253 2252)
4(1825 1841 2254 2238)
4(1840 2253 2254 1841)
4(2237 2238 2254 2253)
4(1826 1842 2255 2239)
4(1841 2254 2255 1842)
4(2238 2239 2255 2254)
4(1827 1843 2256 2240)
4(1842 2255 2256 1843)
4(2239 2240 2256 2255)
4(1828 1844 2257 2241)
4(1843 2256 2257 1844)
4(2240 2241 2257 2256)
4(1829 1845 2258 2242)
4(1844 2257 2258 1845)
4(2241 2242 2258 2257)
4(1830 1846 2259 2243)
4(1845 2258 2259 1846)
4(2242 2243 2259 2258)
4(1831 1847 2260 2244)
4(1846 2259 2260 1847)
4(2243 2244 2260 2259)
4(1832 1848 2261 2245)
4(1847 2260 2261 1848)
4(2244 2245 2261 2260)
4(1833 1849 2262 2246)
4(1848 2261 2262 1849)
4(2245 2246 2262 2261)
4(1849 2262 735 708)
4(2246 734 735 2262)
4(707 708 735 734)
4(1835 1851 2264 2248)
4(1850 2263 2264 1851)
4(2247 2248 2264 2263)
4(1836 1852 2265 2249)
4(1851 2264 2265 1852)
4(2248 2249 2265 2264)
4(1837 1853 2266 2250)
4(1852 2265 2266 1853)
4(2249 2250 2266 2265)
4(1838 1854 2267 2251)
4(1853 2266 2267 1854)
4(2250 2251 2267 2266)
4(1839 1855 2268 2252)
4(1854 2267 2268 1855)
4(2251 2252 2268 2267)
4(1840 1856 2269 2253)
4(1855 2268 2269 1856)
4(2252 2253 2269 2268)
4(1841 1857 2270 2254)
4(1856 2269 2270 1857)
4(2253 2254 2270 2269)
4(1842 1858 2271 2255)
4(1857 2270 2271 1858)
4(2254 2255 2271 2270)
4(1843 1859 2272 2256)
4(1858 2271 2272 1859)
4(2255 2256 2272 2271)
4(1844 1860 2273 2257)
4(1859 2272 2273 1860)
4(2256 2257 2273 2272)
4(1845 1861 2274 2258)
4(1860 2273 2274 1861)
4(2257 2258 2274 2273)
4(1846 1862 2275 2259)
4(1861 2274 2275 1862)
4(2258 2259 2275 2274)
4(1847 1863 2276 2260)
4(1862 2275 2276 1863)
4(2259 2260 2276 2275)
4(1848 1864 2277 2261)
4(1863 2276 2277 1864)
4(2260 2261 2277 2276)
4(1849 1865 2278 2262)
4(1864 2277 2278 1865)
4(2261 2262 2278 2277)
4(1865 2278 736 709)
4(2262 735 736 2278)
4(708 709 736 735)
4(1851 1867 2280 2264)
4(1866 2279 2280 1867)
4(2263 2264 2280 2279)
4(1852 1868 2281 2265)
4(1867 2280 2281 1868)
4(2264 2265 2281 2280)
4(1853 1869 2282 2266)
4(1868 2281 2282 1869)
4(2265 2266 2282 2281)
4(1854 1870 2283 2267)
4(1869 2282 2283 1870)
4(2266 2267 2283 2282)
4(1855 1871 2284 2268)
4(1870 2283 2284 1871)
4(2267 2268 2284 2283)
4(1856 1872 2285 2269)
4(1871 2284 2285 1872)
4(2268 2269 2285 2284)
4(1857 1873 2286 2270)
4(1872 2285 2286 1873)
4(2269 2270 2286 2285)
4(1858 1874 2287 2271)
4(1873 2286 2287 1874)
4(2270 2271 2287 2286)
4(1859 1875 2288 2272)
4(1874 2287 2288 1875)
4(2271 2272 2288 2287)
4(1860 1876 2289 2273)
4(1875 2288 2289 1876)
4(2272 2273 2289 2288)
4(1861 1877 2290 2274)
4(1876 2289 2290 1877)
4(2273 2274 2290 2289)
4(1862 1878 2291 2275)
4(1877 2290 2291 1878)
4(2274 2275 2291 2290)
4(1863 1879 2292 2276)
4(1878 2291 2292 1879)
4(2275 2276 2292 2291)
4(1864 1880 2293 2277)
4(1879 2292 2293 1880)
4(2276 2277 2293 2292)
4(1865 1881 2294 2278)
4(1880 2293 2294 1881)
4(2277 2278 2294 2293)
4(1881 2294 737 710)
4(2278 736 737 2294)
4(709 710 737 736)
4(1867 1883 2296 2280)
4(1882 2295 2296 1883)
4(2279 2280 2296 2295)
4(1868 1884 2297 2281)
4(1883 2296 2297 1884)
4(2280 2281 2297 2296)
4(1869 1885 2298 2282)
4(1884 2297 2298 1885)
4(2281 2282 2298 2297)
4(1870 1886 2299 2283)
4(1885 2298 2299 1886)
4(2282 2283 2299 2298)
4(1871 1887 2300 2284)
4(1886 2299 2300 1887)
4(2283 2284 2300 2299)
4(1872 1888 2301 2285)
4(1887 2300 2301 1888)
4(2284 2285 2301 2300)
4(1873 1889 2302 2286)
4(1888 2301 2302 1889)
4(2285 2286 2302 2301)
4(1874 1890 2303 2287)
4(1889 2302 2303 1890)
4(2286 2287 2303 2302)
4(1875 1891 2304 2288)
4(1890 2303 2304 1891)
4(2287 2288 2304 2303)
4(1876 1892 2305 2289)
4(1891 2304 2305 1892)
4(2288 2289 2305 2304)
4(1877 1893 2306 2290)
4(1892 2305 2306 1893)
4(2289 2290 2306 2305)
4(1878 1894 2307 2291)
4(1893 2306 2307 1894)
4(2290 2291 2307 2306)
4(1879 1895 2308 2292)
4(1894 2307 2308 1895)
4(2291 2292 2308 2307)
4(1880 1896 2309 2293)
4(1895 2308 2309 1896)
4(2292 2293 2309 2308)
4(1881 1897 2310 2294)
4(1896 2309 2310 1897)
4(2293 2294 2310 2309)
4(1897 2310 738 711)
4(2294 737 738 2310)
4(710 711 738 737)
4(1883 1899 2312 2296)
4(1898 2311 2312 1899)
4(2295 2296 2312 2311)
4(1884 1900 2313 2297)
4(1899 2312 2313 1900)
4(2296 2297 2313 2312)
4(1885 1901 2314 2298)
4(1900 2313 2314 1901)
4(2297 2298 2314 2313)
4(1886 1902 2315 2299)
4(1901 2314 2315 1902)
4(2298 2299 2315 2314)
4(1887 1903 2316 2300)
4(1902 2315 2316 1903)
4(2299 2300 2316 2315)
4(1888 1904 2317 2301)
4(1903 2316 2317 1904)
4(2300 2301 2317 2316)
4(1889 1905 2318 2302)
4(1904 2317 2318 1905)
4(2301 2302 2318 2317)
4(1890 1906 2319 2303)
4(1905 2318 2319 1906)
4(2302 2303 2319 2318)
4(1891 1907 2320 2304)
4(1906 2319 2320 1907)
4(2303 2304 2320 2319)
4(1892 1908 2321 2305)
4(1907 2320 2321 1908)
4(2304 2305 2321 2320)
4(1893 1909 2322 2306)
4(1908 2321 2322 1909)
4(2305 2306 2322 2321)
4(1894 1910 2323 2307)
4(1909 2322 2323 1910)
4(2306 2307 2323 2322)
4(1895 1911 2324 2308)
4(1910 2323 2324 1911)
4(2307 2308 2324 2323)
4(1896 1912 2325 2309)
4(1911 2324 2325 1912)
4(2308 2309 2325 2324)
4(1897 1913 2326 2310)
4(1912 2325 2326 1913)
4(2309 2310 2326 2325)
4(1913 2326 739 714)
4(2310 738 739 2326)
4(711 714 739 738)
4(1899 1915 2328 2312)
4(1914 2327 2328 1915)
4(2311 2312 2328 2327)
4(1900 1916 2329 2313)
4(1915 2328 2329 1916)
4(2312 2313 2329 2328)
4(1901 1917 2330 2314)
4(1916 2329 2330 1917)
4(2313 2314 2330 2329)
4(1902 1918 2331 2315)
4(1917 2330 2331 1918)
4(2314 2315 2331 2330)
4(1903 1919 2332 2316)
4(1918 2331 2332 1919)
4(2315 2316 2332 2331)
4(1904 1920 2333 2317)
4(1919 2332 2333 1920)
4(2316 2317 2333 2332)
4(1905 1921 2334 2318)
4(1920 2333 2334 1921)
4(2317 2318 2334 2333)
4(1906 1922 2335 2319)
4(1921 2334 2335 1922)
4(2318 2319 2335 2334)
4(1907 1923 2336 2320)
4(1922 2335 2336 1923)
4(2319 2320 2336 2335)
4(1908 1924 2337 2321)
4(1923 2336 2337 1924)
4(2320 2321 2337 2336)
4(1909 1925 2338 2322)
4(1924 2337 2338 1925)
4(2321 2322 2338 2337)
4(1910 1926 2339 2323)
4(1925 2338 2339 1926)
4(2322 2323 2339 2338)
4(1911 1927 2340 2324)
4(1926 2339 2340 1927)
4(2323 2324 2340 2339)
4(1912 1928 2341 2325)
4(1927 2340 2341 1928)
4(2324 2325 2341 2340)
4(1913 1929 2342 2326)
4(1928 2341 2342 1929)
4(2325 2326 2342 2341)
4(714 1930 742 739)
4(1929 2342 742 1930)
4(2326 739 742 2342)
4(1930 742 741 715)
4(714 713 740 739)
4(713 715 741 740)
4(739 740 741 742)
4(1915 1932 2344 2328)
4(1931 2343 2344 1932)
4(2327 2328 2344 2343)
4(1916 1933 2345 2329)
4(1932 2344 2345 1933)
4(2328 2329 2345 2344)
4(1917 1934 2346 2330)
4(1933 2345 2346 1934)
4(2329 2330 2346 2345)
4(1918 1935 2347 2331)
4(1934 2346 2347 1935)
4(2330 2331 2347 2346)
4(1919 1936 2348 2332)
4(1935 2347 2348 1936)
4(2331 2332 2348 2347)
4(1920 1937 2349 2333)
4(1936 2348 2349 1937)
4(2332 2333 2349 2348)
4(1921 1938 2350 2334)
4(1937 2349 2350 1938)
4(2333 2334 2350 2349)
4(1922 1939 2351 2335)
4(1938 2350 2351 1939)
4(2334 2335 2351 2350)
4(1923 1940 2352 2336)
4(1939 2351 2352 1940)
4(2335 2336 2352 2351)
4(1924 1941 2353 2337)
4(1940 2352 2353 1941)
4(2336 2337 2353 2352)
4(1925 1942 2354 2338)
4(1941 2353 2354 1942)
4(2337 2338 2354 2353)
4(1926 1943 2355 2339)
4(1942 2354 2355 1943)
4(2338 2339 2355 2354)
4(1927 1944 2356 2340)
4(1943 2355 2356 1944)
4(2339 2340 2356 2355)
4(1928 1945 2357 2341)
4(1944 2356 2357 1945)
4(2340 2341 2357 2356)
4(1929 1946 2358 2342)
4(1945 2357 2358 1946)
4(2341 2342 2358 2357)
4(1930 1947 2359 742)
4(1946 2358 2359 1947)
4(2342 742 2359 2358)
4(1947 2359 743 716)
4(742 741 743 2359)
4(715 716 743 741)
4(1932 1949 2361 2344)
4(1948 2360 2361 1949)
4(2343 2344 2361 2360)
4(1933 1950 2362 2345)
4(1949 2361 2362 1950)
4(2344 2345 2362 2361)
4(1934 1951 2363 2346)
4(1950 2362 2363 1951)
4(2345 2346 2363 2362)
4(1935 1952 2364 2347)
4(1951 2363 2364 1952)
4(2346 2347 2364 2363)
4(1936 1953 2365 2348)
4(1952 2364 2365 1953)
4(2347 2348 2365 2364)
4(1937 1954 2366 2349)
4(1953 2365 2366 1954)
4(2348 2349 2366 2365)
4(1938 1955 2367 2350)
4(1954 2366 2367 1955)
4(2349 2350 2367 2366)
4(1939 1956 2368 2351)
4(1955 2367 2368 1956)
4(2350 2351 2368 2367)
4(1940 1957 2369 2352)
4(1956 2368 2369 1957)
4(2351 2352 2369 2368)
4(1941 1958 2370 2353)
4(1957 2369 2370 1958)
4(2352 2353 2370 2369)
4(1942 1959 2371 2354)
4(1958 2370 2371 1959)
4(2353 2354 2371 2370)
4(1943 1960 2372 2355)
4(1959 2371 2372 1960)
4(2354 2355 2372 2371)
4(1944 1961 2373 2356)
4(1960 2372 2373 1961)
4(2355 2356 2373 2372)
4(1945 1962 2374 2357)
4(1961 2373 2374 1962)
4(2356 2357 2374 2373)
4(1946 1963 2375 2358)
4(1962 2374 2375 1963)
4(2357 2358 2375 2374)
4(1947 1964 2376 2359)
4(1963 2375 2376 1964)
4(2358 2359 2376 2375)
4(1964 2376 744 717)
4(2359 743 744 2376)
4(716 717 744 743)
4(1949 1966 2378 2361)
4(1965 2377 2378 1966)
4(2360 2361 2378 2377)
4(1950 1967 2379 2362)
4(1966 2378 2379 1967)
4(2361 2362 2379 2378)
4(1951 1968 2380 2363)
4(1967 2379 2380 1968)
4(2362 2363 2380 2379)
4(1952 1969 2381 2364)
4(1968 2380 2381 1969)
4(2363 2364 2381 2380)
4(1953 1970 2382 2365)
4(1969 2381 2382 1970)
4(2364 2365 2382 2381)
4(1954 1971 2383 2366)
4(1970 2382 2383 1971)
4(2365 2366 2383 2382)
4(1955 1972 2384 2367)
4(1971 2383 2384 1972)
4(2366 2367 2384 2383)
4(1956 1973 2385 2368)
4(1972 2384 2385 1973)
4(2367 2368 2385 2384)
4(1957 1974 2386 2369)
4(1973 2385 2386 1974)
4(2368 2369 2386 2385)
4(1958 1975 2387 2370)
4(1974 2386 2387 1975)
4(2369 2370 2387 2386)
4(1959 1976 2388 2371)
4(1975 2387 2388 1976)
4(2370 2371 2388 2387)
4(1960 1977 2389 2372)
4(1976 2388 2389 1977)
4(2371 2372 2389 2388)
4(1961 1978 2390 2373)
4(1977 2389 2390 1978)
4(2372 2373 2390 2389)
4(1962 1979 2391 2374)
4(1978 2390 2391 1979)
4(2373 2374 2391 2390)
4(1963 1980 2392 2375)
4(1979 2391 2392 1980)
4(2374 2375 2392 2391)
4(1964 1981 2393 2376)
4(1980 2392 2393 1981)
4(2375 2376 2393 2392)
4(1981 2393 745 718)
4(2376 744 745 2393)
4(717 718 745 744)
4(1966 1983 2395 2378)
4(1982 2394 2395 1983)
4(2377 2378 2395 2394)
4(1967 1984 2396 2379)
4(1983 2395 2396 1984)
4(2378 2379 2396 2395)
4(1968 1985 2397 2380)
4(1984 2396 2397 1985)
4(2379 2380 2397 2396)
4(1969 1986 2398 2381)
4(1985 2397 2398 1986)
4(2380 2381 2398 2397)
4(1970 1987 2399 2382)
4(1986 2398 2399 1987)
4(2381 2382 2399 2398)
4(1971 1988 2400 2383)
4(1987 2399 2400 1988)
4(2382 2383 2400 2399)
4(1972 1989 2401 2384)
4(1988 2400 2401 1989)
4(2383 2384 2401 2400)
4(1973 1990 2402 2385)
4(1989 2401 2402 1990)
4(2384 2385 2402 2401)
4(1974 1991 2403 2386)
4(1990 2402 2403 1991)
4(2385 2386 2403 2402)
4(1975 1992 2404 2387)
4(1991 2403 2404 1992)
4(2386 2387 2404 2403)
4(1976 1993 2405 2388)
4(1992 2404 2405 1993)
4(2387 2388 2405 2404)
4(1977 1994 2406 2389)
4(1993 2405 2406 1994)
4(2388 2389 2406 2405)
4(1978 1995 2407 2390)
4(1994 2406 2407 1995)
4(2389 2390 2407 2406)
4(1979 1996 2408 2391)
4(1995 2407 2408 1996)
4(2390 2391 2408 2407)
4(1980 1997 2409 2392)
4(1996 2408 2409 1997)
4(2391 2392 2409 2408)
4(1981 1998 2410 2393)
4(1997 2409 2410 1998)
4(2392 2393 2410 2409)
4(1998 2410 746 719)
4(2393 745 746 2410)
4(718 719 746 745)
4(1983 2000 2412 2395)
4(1999 2411 2412 2000)
4(2394 2395 2412 2411)
4(1984 2001 2413 2396)
4(2000 2412 2413 2001)
4(2395 2396 2413 2412)
4(1985 2002 2414 2397)
4(2001 2413 2414 2002)
4(2396 2397 2414 2413)
4(1986 2003 2415 2398)
4(2002 2414 2415 2003)
4(2397 2398 2415 2414)
4(1987 2004 2416 2399)
4(2003 2415 2416 2004)
4(2398 2399 2416 2415)
4(1988 2005 2417 2400)
4(2004 2416 2417 2005)
4(2399 2400 2417 2416)
4(1989 2006 2418 2401)
4(2005 2417 2418 2006)
4(2400 2401 2418 2417)
4(1990 2007 2419 2402)
4(2006 2418 2419 2007)
4(2401 2402 2419 2418)
4(1991 2008 2420 2403)
4(2007 2419 2420 2008)
4(2402 2403 2420 2419)
4(1992 2009 2421 2404)
4(2008 2420 2421 2009)
4(2403 2404 2421 2420)
4(1993 2010 2422 2405)
4(2009 2421 2422 2010)
4(2404 2405 2422 2421)
4(1994 2011 2423 2406)
4(2010 2422 2423 2011)
4(2405 2406 2423 2422)
4(1995 2012 2424 2407)
4(2011 2423 2424 2012)
4(2406 2407 2424 2423)
4(1996 2013 2425 2408)
4(2012 2424 2425 2013)
4(2407 2408 2425 2424)
4(1997 2014 2426 2409)
4(2013 2425 2426 2014)
4(2408 2409 2426 2425)
4(1998 2015 2427 2410)
4(2014 2426 2427 2015)
4(2409 2410 2427 2426)
4(2015 2427 747 720)
4(2410 746 747 2427)
4(719 720 747 746)
4(2000 2017 2429 2412)
4(2016 2428 2429 2017)
4(2411 2412 2429 2428)
4(2001 2018 2430 2413)
4(2017 2429 2430 2018)
4(2412 2413 2430 2429)
4(2002 2019 2431 2414)
4(2018 2430 2431 2019)
4(2413 2414 2431 2430)
4(2003 2020 2432 2415)
4(2019 2431 2432 2020)
4(2414 2415 2432 2431)
4(2004 2021 2433 2416)
4(2020 2432 2433 2021)
4(2415 2416 2433 2432)
4(2005 2022 2434 2417)
4(2021 2433 2434 2022)
4(2416 2417 2434 2433)
4(2006 2023 2435 2418)
4(2022 2434 2435 2023)
4(2417 2418 2435 2434)
4(2007 2024 2436 2419)
4(2023 2435 2436 2024)
4(2418 2419 2436 2435)
4(2008 2025 2437 2420)
4(2024 2436 2437 2025)
4(2419 2420 2437 2436)
4(2009 2026 2438 2421)
4(2025 2437 2438 2026)
4(2420 2421 2438 2437)
4(2010 2027 2439 2422)
4(2026 2438 2439 2027)
4(2421 2422 2439 2438)
4(2011 2028 2440 2423)
4(2027 2439 2440 2028)
4(2422 2423 2440 2439)
4(2012 2029 2441 2424)
4(2028 2440 2441 2029)
4(2423 2424 2441 2440)
4(2013 2030 2442 2425)
4(2029 2441 2442 2030)
4(2424 2425 2442 2441)
4(2014 2031 2443 2426)
4(2030 2442 2443 2031)
4(2425 2426 2443 2442)
4(2015 2032 2444 2427)
4(2031 2443 2444 2032)
4(2426 2427 2444 2443)
4(2032 2444 748 721)
4(2427 747 748 2444)
4(720 721 748 747)
4(2017 2034 2446 2429)
4(2033 2445 2446 2034)
4(2428 2429 2446 2445)
4(2018 2035 2447 2430)
4(2034 2446 2447 2035)
4(2429 2430 2447 2446)
4(2019 2036 2448 2431)
4(2035 2447 2448 2036)
4(2430 2431 2448 2447)
4(2020 2037 2449 2432)
4(2036 2448 2449 2037)
4(2431 2432 2449 2448)
4(2021 2038 2450 2433)
4(2037 2449 2450 2038)
4(2432 2433 2450 2449)
4(2022 413 2451 2434)
4(2038 2450 2451 413)
4(2433 2434 2451 2450)
4(2023 414 2452 2435)
4(413 2451 2452 414)
4(2434 2435 2452 2451)
4(2024 415 433 2436)
4(414 2452 433 415)
4(2435 2436 433 2452)
4(2025 416 434 2437)
4(2436 2437 434 433)
4(415 433 434 416)
4(2026 417 435 2438)
4(2437 2438 435 434)
4(416 434 435 417)
4(2027 418 436 2439)
4(2438 2439 436 435)
4(417 435 436 418)
4(2028 419 437 2440)
4(2439 2440 437 436)
4(418 436 437 419)
4(2029 420 438 2441)
4(2440 2441 438 437)
4(419 437 438 420)
4(2030 421 439 2442)
4(2441 2442 439 438)
4(420 438 439 421)
4(2031 422 440 2443)
4(2442 2443 440 439)
4(421 439 440 422)
4(2032 423 441 2444)
4(2443 2444 441 440)
4(422 440 441 423)
4(2444 748 54 441)
4(721 37 54 748)
4(423 441 54 37)
4(2034 425 443 2446)
4(2445 2446 443 442)
4(424 442 443 425)
4(2035 426 444 2447)
4(2446 2447 444 443)
4(425 443 444 426)
4(2036 427 445 2448)
4(2447 2448 445 444)
4(426 444 445 427)
4(2037 428 446 2449)
4(2448 2449 446 445)
4(427 445 446 428)
4(2038 429 447 2450)
4(2449 2450 447 446)
4(428 446 447 429)
4(413 430 448 2451)
4(2450 2451 448 447)
4(429 447 448 430)
4(414 431 449 2452)
4(2451 2452 449 448)
4(413 430 431 414)
4(430 448 449 431)
4(2452 433 450 449)
4(414 431 432 415)
4(415 432 450 433)
4(431 449 450 432)
4(2040 2056 2470 2454)
4(2055 2469 2470 2056)
4(2453 2454 2470 2469)
4(2041 2057 2471 2455)
4(2056 2470 2471 2057)
4(2454 2455 2471 2470)
4(2042 2058 2472 2456)
4(2057 2471 2472 2058)
4(2455 2456 2472 2471)
4(2043 2059 2473 2457)
4(2058 2472 2473 2059)
4(2456 2457 2473 2472)
4(2044 2060 2474 2458)
4(2059 2473 2474 2060)
4(2457 2458 2474 2473)
4(2045 2061 2475 2459)
4(2060 2474 2475 2061)
4(2458 2459 2475 2474)
4(2046 2062 2476 2460)
4(2061 2475 2476 2062)
4(2459 2460 2476 2475)
4(2047 2063 2477 2461)
4(2062 2476 2477 2063)
4(2460 2461 2477 2476)
4(2048 2064 2478 2462)
4(2063 2477 2478 2064)
4(2461 2462 2478 2477)
4(2049 2065 2479 2463)
4(2064 2478 2479 2065)
4(2462 2463 2479 2478)
4(2050 2066 2480 2464)
4(2065 2479 2480 2066)
4(2463 2464 2480 2479)
4(2051 2067 2481 2465)
4(2066 2480 2481 2067)
4(2464 2465 2481 2480)
4(2052 2068 2482 2466)
4(2067 2481 2482 2068)
4(2465 2466 2482 2481)
4(2053 2069 2483 2467)
4(2068 2482 2483 2069)
4(2466 2467 2483 2482)
4(2054 2070 2484 2468)
4(2069 2483 2484 2070)
4(2467 2468 2484 2483)
4(2070 2484 749 722)
4(2468 750 749 2484)
4(723 722 749 750)
4(2056 2072 2486 2470)
4(2071 2485 2486 2072)
4(2469 2470 2486 2485)
4(2057 2073 2487 2471)
4(2072 2486 2487 2073)
4(2470 2471 2487 2486)
4(2058 2074 2488 2472)
4(2073 2487 2488 2074)
4(2471 2472 2488 2487)
4(2059 2075 2489 2473)
4(2074 2488 2489 2075)
4(2472 2473 2489 2488)
4(2060 2076 2490 2474)
4(2075 2489 2490 2076)
4(2473 2474 2490 2489)
4(2061 2077 2491 2475)
4(2076 2490 2491 2077)
4(2474 2475 2491 2490)
4(2062 2078 2492 2476)
4(2077 2491 2492 2078)
4(2475 2476 2492 2491)
4(2063 2079 2493 2477)
4(2078 2492 2493 2079)
4(2476 2477 2493 2492)
4(2064 2080 2494 2478)
4(2079 2493 2494 2080)
4(2477 2478 2494 2493)
4(2065 2081 2495 2479)
4(2080 2494 2495 2081)
4(2478 2479 2495 2494)
4(2066 2082 2496 2480)
4(2081 2495 2496 2082)
4(2479 2480 2496 2495)
4(2067 2083 2497 2481)
4(2082 2496 2497 2083)
4(2480 2481 2497 2496)
4(2068 2084 2498 2482)
4(2083 2497 2498 2084)
4(2481 2482 2498 2497)
4(2069 2085 2499 2483)
4(2084 2498 2499 2085)
4(2482 2483 2499 2498)
4(2070 2086 2500 2484)
4(2085 2499 2500 2086)
4(2483 2484 2500 2499)
4(2086 2500 751 724)
4(2484 749 751 2500)
4(722 724 751 749)
4(2072 2088 2502 2486)
4(2087 2501 2502 2088)
4(2485 2486 2502 2501)
4(2073 2089 2503 2487)
4(2088 2502 2503 2089)
4(2486 2487 2503 2502)
4(2074 2090 2504 2488)
4(2089 2503 2504 2090)
4(2487 2488 2504 2503)
4(2075 2091 2505 2489)
4(2090 2504 2505 2091)
4(2488 2489 2505 2504)
4(2076 2092 2506 2490)
4(2091 2505 2506 2092)
4(2489 2490 2506 2505)
4(2077 2093 2507 2491)
4(2092 2506 2507 2093)
4(2490 2491 2507 2506)
4(2078 2094 2508 2492)
4(2093 2507 2508 2094)
4(2491 2492 2508 2507)
4(2079 2095 2509 2493)
4(2094 2508 2509 2095)
4(2492 2493 2509 2508)
4(2080 2096 2510 2494)
4(2095 2509 2510 2096)
4(2493 2494 2510 2509)
4(2081 2097 2511 2495)
4(2096 2510 2511 2097)
4(2494 2495 2511 2510)
4(2082 2098 2512 2496)
4(2097 2511 2512 2098)
4(2495 2496 2512 2511)
4(2083 2099 2513 2497)
4(2098 2512 2513 2099)
4(2496 2497 2513 2512)
4(2084 2100 2514 2498)
4(2099 2513 2514 2100)
4(2497 2498 2514 2513)
4(2085 2101 2515 2499)
4(2100 2514 2515 2101)
4(2498 2499 2515 2514)
4(2086 2102 2516 2500)
4(2101 2515 2516 2102)
4(2499 2500 2516 2515)
4(2102 2516 752 725)
4(2500 751 752 2516)
4(724 725 752 751)
4(2088 2104 2518 2502)
4(2103 2517 2518 2104)
4(2501 2502 2518 2517)
4(2089 2105 2519 2503)
4(2104 2518 2519 2105)
4(2502 2503 2519 2518)
4(2090 2106 2520 2504)
4(2105 2519 2520 2106)
4(2503 2504 2520 2519)
4(2091 2107 2521 2505)
4(2106 2520 2521 2107)
4(2504 2505 2521 2520)
4(2092 2108 2522 2506)
4(2107 2521 2522 2108)
4(2505 2506 2522 2521)
4(2093 2109 2523 2507)
4(2108 2522 2523 2109)
4(2506 2507 2523 2522)
4(2094 2110 2524 2508)
4(2109 2523 2524 2110)
4(2507 2508 2524 2523)
4(2095 2111 2525 2509)
4(2110 2524 2525 2111)
4(2508 2509 2525 2524)
4(2096 2112 2526 2510)
4(2111 2525 2526 2112)
4(2509 2510 2526 2525)
4(2097 2113 2527 2511)
4(2112 2526 2527 2113)
4(2510 2511 2527 2526)
4(2098 2114 2528 2512)
4(2113 2527 2528 2114)
4(2511 2512 2528 2527)
4(2099 2115 2529 2513)
4(2114 2528 2529 2115)
4(2512 2513 2529 2528)
4(2100 2116 2530 2514)
4(2115 2529 2530 2116)
4(2513 2514 2530 2529)
4(2101 2117 2531 2515)
4(2116 2530 2531 2117)
4(2514 2515 2531 2530)
4(2102 2118 2532 2516)
4(2117 2531 2532 2118)
4(2515 2516 2532 2531)
4(2118 2532 753 726)
4(2516 752 753 2532)
4(725 726 753 752)
4(2104 2120 2534 2518)
4(2119 2533 2534 2120)
4(2517 2518 2534 2533)
4(2105 2121 2535 2519)
4(2120 2534 2535 2121)
4(2518 2519 2535 2534)
4(2106 2122 2536 2520)
4(2121 2535 2536 2122)
4(2519 2520 2536 2535)
4(2107 2123 2537 2521)
4(2122 2536 2537 2123)
4(2520 2521 2537 2536)
4(2108 2124 2538 2522)
4(2123 2537 2538 2124)
4(2521 2522 2538 2537)
4(2109 2125 2539 2523)
4(2124 2538 2539 2125)
4(2522 2523 2539 2538)
4(2110 2126 2540 2524)
4(2125 2539 2540 2126)
4(2523 2524 2540 2539)
4(2111 2127 2541 2525)
4(2126 2540 2541 2127)
4(2524 2525 2541 2540)
4(2112 2128 2542 2526)
4(2127 2541 2542 2128)
4(2525 2526 2542 2541)
4(2113 2129 2543 2527)
4(2128 2542 2543 2129)
4(2526 2527 2543 2542)
4(2114 2130 2544 2528)
4(2129 2543 2544 2130)
4(2527 2528 2544 2543)
4(2115 2131 2545 2529)
4(2130 2544 2545 2131)
4(2528 2529 2545 2544)
4(2116 2132 2546 2530)
4(2131 2545 2546 2132)
4(2529 2530 2546 2545)
4(2117 2133 2547 2531)
4(2132 2546 2547 2133)
4(2530 2531 2547 2546)
4(2118 2134 2548 2532)
4(2133 2547 2548 2134)
4(2531 2532 2548 2547)
4(2134 2548 754 727)
4(2532 753 754 2548)
4(726 727 754 753)
4(2120 2136 2550 2534)
4(2135 2549 2550 2136)
4(2533 2534 2550 2549)
4(2121 2137 2551 2535)
4(2136 2550 2551 2137)
4(2534 2535 2551 2550)
4(2122 2138 2552 2536)
4(2137 2551 2552 2138)
4(2535 2536 2552 2551)
4(2123 2139 2553 2537)
4(2138 2552 2553 2139)
4(2536 2537 2553 2552)
4(2124 2140 2554 2538)
4(2139 2553 2554 2140)
4(2537 2538 2554 2553)
4(2125 2141 2555 2539)
4(2140 2554 2555 2141)
4(2538 2539 2555 2554)
4(2126 2142 2556 2540)
4(2141 2555 2556 2142)
4(2539 2540 2556 2555)
4(2127 2143 2557 2541)
4(2142 2556 2557 2143)
4(2540 2541 2557 2556)
4(2128 2144 2558 2542)
4(2143 2557 2558 2144)
4(2541 2542 2558 2557)
4(2129 2145 2559 2543)
4(2144 2558 2559 2145)
4(2542 2543 2559 2558)
4(2130 2146 2560 2544)
4(2145 2559 2560 2146)
4(2543 2544 2560 2559)
4(2131 2147 2561 2545)
4(2146 2560 2561 2147)
4(2544 2545 2561 2560)
4(2132 2148 2562 2546)
4(2147 2561 2562 2148)
4(2545 2546 2562 2561)
4(2133 2149 2563 2547)
4(2148 2562 2563 2149)
4(2546 2547 2563 2562)
4(2134 2150 2564 2548)
4(2149 2563 2564 2150)
4(2547 2548 2564 2563)
4(2150 2564 755 728)
4(2548 754 755 2564)
4(727 728 755 754)
4(2136 2152 2566 2550)
4(2151 2565 2566 2152)
4(2549 2550 2566 2565)
4(2137 2153 2567 2551)
4(2152 2566 2567 2153)
4(2550 2551 2567 2566)
4(2138 2154 2568 2552)
4(2153 2567 2568 2154)
4(2551 2552 2568 2567)
4(2139 2155 2569 2553)
4(2154 2568 2569 2155)
4(2552 2553 2569 2568)
4(2140 2156 2570 2554)
4(2155 2569 2570 2156)
4(2553 2554 2570 2569)
4(2141 2157 2571 2555)
4(2156 2570 2571 2157)
4(2554 2555 2571 2570)
4(2142 2158 2572 2556)
4(2157 2571 2572 2158)
4(2555 2556 2572 2571)
4(2143 2159 2573 2557)
4(2158 2572 2573 2159)
4(2556 2557 2573 2572)
4(2144 2160 2574 2558)
4(2159 2573 2574 2160)
4(2557 2558 2574 2573)
4(2145 2161 2575 2559)
4(2160 2574 2575 2161)
4(2558 2559 2575 2574)
4(2146 2162 2576 2560)
4(2161 2575 2576 2162)
4(2559 2560 2576 2575)
4(2147 2163 2577 2561)
4(2162 2576 2577 2163)
4(2560 2561 2577 2576)
4(2148 2164 2578 2562)
4(2163 2577 2578 2164)
4(2561 2562 2578 2577)
4(2149 2165 2579 2563)
4(2164 2578 2579 2165)
4(2562 2563 2579 2578)
4(2150 2166 2580 2564)
4(2165 2579 2580 2166)
4(2563 2564 2580 2579)
4(2166 2580 756 729)
4(2564 755 756 2580)
4(728 729 756 755)
4(2152 2168 2582 2566)
4(2167 2581 2582 2168)
4(2565 2566 2582 2581)
4(2153 2169 2583 2567)
4(2168 2582 2583 2169)
4(2566 2567 2583 2582)
4(2154 2170 2584 2568)
4(2169 2583 2584 2170)
4(2567 2568 2584 2583)
4(2155 2171 2585 2569)
4(2170 2584 2585 2171)
4(2568 2569 2585 2584)
4(2156 2172 2586 2570)
4(2171 2585 2586 2172)
4(2569 2570 2586 2585)
4(2157 2173 2587 2571)
4(2172 2586 2587 2173)
4(2570 2571 2587 2586)
4(2158 2174 2588 2572)
4(2173 2587 2588 2174)
4(2571 2572 2588 2587)
4(2159 2175 2589 2573)
4(2174 2588 2589 2175)
4(2572 2573 2589 2588)
4(2160 2176 2590 2574)
4(2175 2589 2590 2176)
4(2573 2574 2590 2589)
4(2161 2177 2591 2575)
4(2176 2590 2591 2177)
4(2574 2575 2591 2590)
4(2162 2178 2592 2576)
4(2177 2591 2592 2178)
4(2575 2576 2592 2591)
4(2163 2179 2593 2577)
4(2178 2592 2593 2179)
4(2576 2577 2593 2592)
4(2164 2180 2594 2578)
4(2179 2593 2594 2180)
4(2577 2578 2594 2593)
4(2165 2181 2595 2579)
4(2180 2594 2595 2181)
4(2578 2579 2595 2594)
4(2166 2182 2596 2580)
4(2181 2595 2596 2182)
4(2579 2580 2596 2595)
4(2182 2596 757 730)
4(2580 756 757 2596)
4(729 730 757 756)
4(2168 2184 2598 2582)
4(2183 2597 2598 2184)
4(2581 2582 2598 2597)
4(2169 2185 2599 2583)
4(2184 2598 2599 2185)
4(2582 2583 2599 2598)
4(2170 2186 2600 2584)
4(2185 2599 2600 2186)
4(2583 2584 2600 2599)
4(2171 2187 2601 2585)
4(2186 2600 2601 2187)
4(2584 2585 2601 2600)
4(2172 2188 2602 2586)
4(2187 2601 2602 2188)
4(2585 2586 2602 2601)
4(2173 2189 2603 2587)
4(2188 2602 2603 2189)
4(2586 2587 2603 2602)
4(2174 2190 2604 2588)
4(2189 2603 2604 2190)
4(2587 2588 2604 2603)
4(2175 2191 2605 2589)
4(2190 2604 2605 2191)
4(2588 2589 2605 2604)
4(2176 2192 2606 2590)
4(2191 2605 2606 2192)
4(2589 2590 2606 2605)
4(2177 2193 2607 2591)
4(2192 2606 2607 2193)
4(2590 2591 2607 2606)
4(2178 2194 2608 2592)
4(2193 2607 2608 2194)
4(2591 2592 2608 2607)
4(2179 2195 2609 2593)
4(2194 2608 2609 2195)
4(2592 2593 2609 2608)
4(2180 2196 2610 2594)
4(2195 2609 2610 2196)
4(2593 2594 2610 2609)
4(2181 2197 2611 2595)
4(2196 2610 2611 2197)
4(2594 2595 2611 2610)
4(2182 2198 2612 2596)
4(2197 2611 2612 2198)
4(2595 2596 2612 2611)
4(2198 2612 758 731)
4(2596 757 758 2612)
4(730 731 758 757)
4(2184 2200 2614 2598)
4(2199 2613 2614 2200)
4(2597 2598 2614 2613)
4(2185 2201 2615 2599)
4(2200 2614 2615 2201)
4(2598 2599 2615 2614)
4(2186 2202 2616 2600)
4(2201 2615 2616 2202)
4(2599 2600 2616 2615)
4(2187 2203 2617 2601)
4(2202 2616 2617 2203)
4(2600 2601 2617 2616)
4(2188 2204 2618 2602)
4(2203 2617 2618 2204)
4(2601 2602 2618 2617)
4(2189 2205 2619 2603)
4(2204 2618 2619 2205)
4(2602 2603 2619 2618)
4(2190 2206 2620 2604)
4(2205 2619 2620 2206)
4(2603 2604 2620 2619)
4(2191 2207 2621 2605)
4(2206 2620 2621 2207)
4(2604 2605 2621 2620)
4(2192 2208 2622 2606)
4(2207 2621 2622 2208)
4(2605 2606 2622 2621)
4(2193 2209 2623 2607)
4(2208 2622 2623 2209)
4(2606 2607 2623 2622)
4(2194 2210 2624 2608)
4(2209 2623 2624 2210)
4(2607 2608 2624 2623)
4(2195 2211 2625 2609)
4(2210 2624 2625 2211)
4(2608 2609 2625 2624)
4(2196 2212 2626 2610)
4(2211 2625 2626 2212)
4(2609 2610 2626 2625)
4(2197 2213 2627 2611)
4(2212 2626 2627 2213)
4(2610 2611 2627 2626)
4(2198 2214 2628 2612)
4(2213 2627 2628 2214)
4(2611 2612 2628 2627)
4(2214 2628 759 732)
4(2612 758 759 2628)
4(731 732 759 758)
4(2200 2216 2630 2614)
4(2215 2629 2630 2216)
4(2613 2614 2630 2629)
4(2201 2217 2631 2615)
4(2216 2630 2631 2217)
4(2614 2615 2631 2630)
4(2202 2218 2632 2616)
4(2217 2631 2632 2218)
4(2615 2616 2632 2631)
4(2203 2219 2633 2617)
4(2218 2632 2633 2219)
4(2616 2617 2633 2632)
4(2204 2220 2634 2618)
4(2219 2633 2634 2220)
4(2617 2618 2634 2633)
4(2205 2221 2635 2619)
4(2220 2634 2635 2221)
4(2618 2619 2635 2634)
4(2206 2222 2636 2620)
4(2221 2635 2636 2222)
4(2619 2620 2636 2635)
4(2207 2223 2637 2621)
4(2222 2636 2637 2223)
4(2620 2621 2637 2636)
4(2208 2224 2638 2622)
4(2223 2637 2638 2224)
4(2621 2622 2638 2637)
4(2209 2225 2639 2623)
4(2224 2638 2639 2225)
4(2622 2623 2639 2638)
4(2210 2226 2640 2624)
4(2225 2639 2640 2226)
4(2623 2624 2640 2639)
4(2211 2227 2641 2625)
4(2226 2640 2641 2227)
4(2624 2625 2641 2640)
4(2212 2228 2642 2626)
4(2227 2641 2642 2228)
4(2625 2626 2642 2641)
4(2213 2229 2643 2627)
4(2228 2642 2643 2229)
4(2626 2627 2643 2642)
4(2214 2230 2644 2628)
4(2229 2643 2644 2230)
4(2627 2628 2644 2643)
4(2230 2644 760 733)
4(2628 759 760 2644)
4(732 733 760 759)
4(2216 2232 2646 2630)
4(2231 2645 2646 2232)
4(2629 2630 2646 2645)
4(2217 2233 2647 2631)
4(2232 2646 2647 2233)
4(2630 2631 2647 2646)
4(2218 2234 2648 2632)
4(2233 2647 2648 2234)
4(2631 2632 2648 2647)
4(2219 2235 2649 2633)
4(2234 2648 2649 2235)
4(2632 2633 2649 2648)
4(2220 2236 2650 2634)
4(2235 2649 2650 2236)
4(2633 2634 2650 2649)
4(2221 2237 2651 2635)
4(2236 2650 2651 2237)
4(2634 2635 2651 2650)
4(2222 2238 2652 2636)
4(2237 2651 2652 2238)
4(2635 2636 2652 2651)
4(2223 2239 2653 2637)
4(2238 2652 2653 2239)
4(2636 2637 2653 2652)
4(2224 2240 2654 2638)
4(2239 2653 2654 2240)
4(2637 2638 2654 2653)
4(2225 2241 2655 2639)
4(2240 2654 2655 2241)
4(2638 2639 2655 2654)
4(2226 2242 2656 2640)
4(2241 2655 2656 2242)
4(2639 2640 2656 2655)
4(2227 2243 2657 2641)
4(2242 2656 2657 2243)
4(2640 2641 2657 2656)
4(2228 2244 2658 2642)
4(2243 2657 2658 2244)
4(2641 2642 2658 2657)
4(2229 2245 2659 2643)
4(2244 2658 2659 2245)
4(2642 2643 2659 2658)
4(2230 2246 2660 2644)
4(2245 2659 2660 2246)
4(2643 2644 2660 2659)
4(2246 2660 761 734)
4(2644 760 761 2660)
4(733 734 761 760)
4(2232 2248 2662 2646)
4(2247 2661 2662 2248)
4(2645 2646 2662 2661)
4(2233 2249 2663 2647)
4(2248 2662 2663 2249)
4(2646 2647 2663 2662)
4(2234 2250 2664 2648)
4(2249 2663 2664 2250)
4(2647 2648 2664 2663)
4(2235 2251 2665 2649)
4(2250 2664 2665 2251)
4(2648 2649 2665 2664)
4(2236 2252 2666 2650)
4(2251 2665 2666 2252)
4(2649 2650 2666 2665)
4(2237 2253 2667 2651)
4(2252 2666 2667 2253)
4(2650 2651 2667 2666)
4(2238 2254 2668 2652)
4(2253 2667 2668 2254)
4(2651 2652 2668 2667)
4(2239 2255 2669 2653)
4(2254 2668 2669 2255)
4(2652 2653 2669 2668)
4(2240 2256 2670 2654)
4(2255 2669 2670 2256)
4(2653 2654 2670 2669)
4(2241 2257 2671 2655)
4(2256 2670 2671 2257)
4(2654 2655 2671 2670)
4(2242 2258 2672 2656)
4(2257 2671 2672 2258)
4(2655 2656 2672 2671)
4(2243 2259 2673 2657)
4(2258 2672 2673 2259)
4(2656 2657 2673 2672)
4(2244 2260 2674 2658)
4(2259 2673 2674 2260)
4(2657 2658 2674 2673)
4(2245 2261 2675 2659)
4(2260 2674 2675 2261)
4(2658 2659 2675 2674)
4(2246 2262 2676 2660)
4(2261 2675 2676 2262)
4(2659 2660 2676 2675)
4(2262 2676 762 735)
4(2660 761 762 2676)
4(734 735 762 761)
4(2248 2264 2678 2662)
4(2263 2677 2678 2264)
4(2661 2662 2678 2677)
4(2249 2265 2679 2663)
4(2264 2678 2679 2265)
4(2662 2663 2679 2678)
4(2250 2266 2680 2664)
4(2265 2679 2680 2266)
4(2663 2664 2680 2679)
4(2251 2267 2681 2665)
4(2266 2680 2681 2267)
4(2664 2665 2681 2680)
4(2252 2268 2682 2666)
4(2267 2681 2682 2268)
4(2665 2666 2682 2681)
4(2253 2269 2683 2667)
4(2268 2682 2683 2269)
4(2666 2667 2683 2682)
4(2254 2270 2684 2668)
4(2269 2683 2684 2270)
4(2667 2668 2684 2683)
4(2255 2271 2685 2669)
4(2270 2684 2685 2271)
4(2668 2669 2685 2684)
4(2256 2272 2686 2670)
4(2271 2685 2686 2272)
4(2669 2670 2686 2685)
4(2257 2273 2687 2671)
4(2272 2686 2687 2273)
4(2670 2671 2687 2686)
4(2258 2274 2688 2672)
4(2273 2687 2688 2274)
4(2671 2672 2688 2687)
4(2259 2275 2689 2673)
4(2274 2688 2689 2275)
4(2672 2673 2689 2688)
4(2260 2276 2690 2674)
4(2275 2689 2690 2276)
4(2673 2674 2690 2689)
4(2261 2277 2691 2675)
4(2276 2690 2691 2277)
4(2674 2675 2691 2690)
4(2262 2278 2692 2676)
4(2277 2691 2692 2278)
4(2675 2676 2692 2691)
4(2278 2692 763 736)
4(2676 762 763 2692)
4(735 736 763 762)
4(2264 2280 2694 2678)
4(2279 2693 2694 2280)
4(2677 2678 2694 2693)
4(2265 2281 2695 2679)
4(2280 2694 2695 2281)
4(2678 2679 2695 2694)
4(2266 2282 2696 2680)
4(2281 2695 2696 2282)
4(2679 2680 2696 2695)
4(2267 2283 2697 2681)
4(2282 2696 2697 2283)
4(2680 2681 2697 2696)
4(2268 2284 2698 2682)
4(2283 2697 2698 2284)
4(2681 2682 2698 2697)
4(2269 2285 2699 2683)
4(2284 2698 2699 2285)
4(2682 2683 2699 2698)
4(2270 2286 2700 2684)
4(2285 2699 2700 2286)
4(2683 2684 2700 2699)
4(2271 2287 2701 2685)
4(2286 2700 2701 2287)
4(2684 2685 2701 2700)
4(2272 2288 2702 2686)
4(2287 2701 2702 2288)
4(2685 2686 2702 2701)
4(2273 2289 2703 2687)
4(2288 2702 2703 2289)
4(2686 2687 2703 2702)
4(2274 2290 2704 2688)
4(2289 2703 2704 2290)
4(2687 2688 2704 2703)
4(2275 2291 2705 2689)
4(2290 2704 2705 2291)
4(2688 2689 2705 2704)
4(2276 2292 2706 2690)
4(2291 2705 2706 2292)
4(2689 2690 2706 2705)
4(2277 2293 2707 2691)
4(2292 2706 2707 2293)
4(2690 2691 2707 2706)
4(2278 2294 2708 2692)
4(2293 2707 2708 2294)
4(2691 2692 2708 2707)
4(2294 2708 764 737)
4(2692 763 764 2708)
4(736 737 764 763)
4(2280 2296 2710 2694)
4(2295 2709 2710 2296)
4(2693 2694 2710 2709)
4(2281 2297 2711 2695)
4(2296 2710 2711 2297)
4(2694 2695 2711 2710)
4(2282 2298 2712 2696)
4(2297 2711 2712 2298)
4(2695 2696 2712 2711)
4(2283 2299 2713 2697)
4(2298 2712 2713 2299)
4(2696 2697 2713 2712)
4(2284 2300 2714 2698)
4(2299 2713 2714 2300)
4(2697 2698 2714 2713)
4(2285 2301 2715 2699)
4(2300 2714 2715 2301)
4(2698 2699 2715 2714)
4(2286 2302 2716 2700)
4(2301 2715 2716 2302)
4(2699 2700 2716 2715)
4(2287 2303 2717 2701)
4(2302 2716 2717 2303)
4(2700 2701 2717 2716)
4(2288 2304 2718 2702)
4(2303 2717 2718 2304)
4(2701 2702 2718 2717)
4(2289 2305 2719 2703)
4(2304 2718 2719 2305)
4(2702 2703 2719 2718)
4(2290 2306 2720 2704)
4(2305 2719 2720 2306)
4(2703 2704 2720 2719)
4(2291 2307 2721 2705)
4(2306 2720 2721 2307)
4(2704 2705 2721 2720)
4(2292 2308 2722 2706)
4(2307 2721 2722 2308)
4(2705 2706 2722 2721)
4(2293 2309 2723 2707)
4(2308 2722 2723 2309)
4(2706 2707 2723 2722)
4(2294 2310 2724 2708)
4(2309 2723 2724 2310)
4(2707 2708 2724 2723)
4(2310 2724 765 738)
4(2708 764 765 2724)
4(737 738 765 764)
4(2296 2312 2726 2710)
4(2311 2725 2726 2312)
4(2709 2710 2726 2725)
4(2297 2313 2727 2711)
4(2312 2726 2727 2313)
4(2710 2711 2727 2726)
4(2298 2314 2728 2712)
4(2313 2727 2728 2314)
4(2711 2712 2728 2727)
4(2299 2315 2729 2713)
4(2314 2728 2729 2315)
4(2712 2713 2729 2728)
4(2300 2316 2730 2714)
4(2315 2729 2730 2316)
4(2713 2714 2730 2729)
4(2301 2317 2731 2715)
4(2316 2730 2731 2317)
4(2714 2715 2731 2730)
4(2302 2318 2732 2716)
4(2317 2731 2732 2318)
4(2715 2716 2732 2731)
4(2303 2319 2733 2717)
4(2318 2732 2733 2319)
4(2716 2717 2733 2732)
4(2304 2320 2734 2718)
4(2319 2733 2734 2320)
4(2717 2718 2734 2733)
4(2305 2321 2735 2719)
4(2320 2734 2735 2321)
4(2718 2719 2735 2734)
4(2306 2322 2736 2720)
4(2321 2735 2736 2322)
4(2719 2720 2736 2735)
4(2307 2323 2737 2721)
4(2322 2736 2737 2323)
4(2720 2721 2737 2736)
4(2308 2324 2738 2722)
4(2323 2737 2738 2324)
4(2721 2722 2738 2737)
4(2309 2325 2739 2723)
4(2324 2738 2739 2325)
4(2722 2723 2739 2738)
4(2310 2326 2740 2724)
4(2325 2739 2740 2326)
4(2723 2724 2740 2739)
4(2326 2740 766 739)
4(2724 765 766 2740)
4(738 739 766 765)
4(2312 2328 2742 2726)
4(2327 2741 2742 2328)
4(2725 2726 2742 2741)
4(2313 2329 2743 2727)
4(2328 2742 2743 2329)
4(2726 2727 2743 2742)
4(2314 2330 2744 2728)
4(2329 2743 2744 2330)
4(2727 2728 2744 2743)
4(2315 2331 2745 2729)
4(2330 2744 2745 2331)
4(2728 2729 2745 2744)
4(2316 2332 2746 2730)
4(2331 2745 2746 2332)
4(2729 2730 2746 2745)
4(2317 2333 2747 2731)
4(2332 2746 2747 2333)
4(2730 2731 2747 2746)
4(2318 2334 2748 2732)
4(2333 2747 2748 2334)
4(2731 2732 2748 2747)
4(2319 2335 2749 2733)
4(2334 2748 2749 2335)
4(2732 2733 2749 2748)
4(2320 2336 2750 2734)
4(2335 2749 2750 2336)
4(2733 2734 2750 2749)
4(2321 2337 2751 2735)
4(2336 2750 2751 2337)
4(2734 2735 2751 2750)
4(2322 2338 2752 2736)
4(2337 2751 2752 2338)
4(2735 2736 2752 2751)
4(2323 2339 2753 2737)
4(2338 2752 2753 2339)
4(2736 2737 2753 2752)
4(2324 2340 2754 2738)
4(2339 2753 2754 2340)
4(2737 2738 2754 2753)
4(2325 2341 2755 2739)
4(2340 2754 2755 2341)
4(2738 2739 2755 2754)
4(2326 2342 2756 2740)
4(2341 2755 2756 2342)
4(2739 2740 2756 2755)
4(2342 2756 767 742)
4(2740 766 767 2756)
4(739 742 767 766)
4(2328 2344 2758 2742)
4(2343 2757 2758 2344)
4(2741 2742 2758 2757)
4(2329 2345 2759 2743)
4(2344 2758 2759 2345)
4(2742 2743 2759 2758)
4(2330 2346 2760 2744)
4(2345 2759 2760 2346)
4(2743 2744 2760 2759)
4(2331 2347 2761 2745)
4(2346 2760 2761 2347)
4(2744 2745 2761 2760)
4(2332 2348 2762 2746)
4(2347 2761 2762 2348)
4(2745 2746 2762 2761)
4(2333 2349 2763 2747)
4(2348 2762 2763 2349)
4(2746 2747 2763 2762)
4(2334 2350 2764 2748)
4(2349 2763 2764 2350)
4(2747 2748 2764 2763)
4(2335 2351 2765 2749)
4(2350 2764 2765 2351)
4(2748 2749 2765 2764)
4(2336 2352 2766 2750)
4(2351 2765 2766 2352)
4(2749 2750 2766 2765)
4(2337 2353 2767 2751)
4(2352 2766 2767 2353)
4(2750 2751 2767 2766)
4(2338 2354 2768 2752)
4(2353 2767 2768 2354)
4(2751 2752 2768 2767)
4(2339 2355 2769 2753)
4(2354 2768 2769 2355)
4(2752 2753 2769 2768)
4(2340 2356 2770 2754)
4(2355 2769 2770 2356)
4(2753 2754 2770 2769)
4(2341 2357 2771 2755)
4(2356 2770 2771 2357)
4(2754 2755 2771 2770)
4(2342 2358 2772 2756)
4(2357 2771 2772 2358)
4(2755 2756 2772 2771)
4(742 2359 770 767)
4(2358 2772 770 2359)
4(2756 767 770 2772)
4(2359 770 769 743)
4(742 741 768 767)
4(741 743 769 768)
4(767 768 769 770)
4(2344 2361 2774 2758)
4(2360 2773 2774 2361)
4(2757 2758 2774 2773)
4(2345 2362 2775 2759)
4(2361 2774 2775 2362)
4(2758 2759 2775 2774)
4(2346 2363 2776 2760)
4(2362 2775 2776 2363)
4(2759 2760 2776 2775)
4(2347 2364 2777 2761)
4(2363 2776 2777 2364)
4(2760 2761 2777 2776)
4(2348 2365 2778 2762)
4(2364 2777 2778 2365)
4(2761 2762 2778 2777)
4(2349 2366 2779 2763)
4(2365 2778 2779 2366)
4(2762 2763 2779 2778)
4(2350 2367 2780 2764)
4(2366 2779 2780 2367)
4(2763 2764 2780 2779)
4(2351 2368 2781 2765)
4(2367 2780 2781 2368)
4(2764 2765 2781 2780)
4(2352 2369 2782 2766)
4(2368 2781 2782 2369)
4(2765 2766 2782 2781)
4(2353 2370 2783 2767)
4(2369 2782 2783 2370)
4(2766 2767 2783 2782)
4(2354 2371 2784 2768)
4(2370 2783 2784 2371)
4(2767 2768 2784 2783)
4(2355 2372 2785 2769)
4(2371 2784 2785 2372)
4(2768 2769 2785 2784)
4(2356 2373 2786 2770)
4(2372 2785 2786 2373)
4(2769 2770 2786 2785)
4(2357 2374 2787 2771)
4(2373 2786 2787 2374)
4(2770 2771 2787 2786)
4(2358 2375 2788 2772)
4(2374 2787 2788 2375)
4(2771 2772 2788 2787)
4(2359 2376 2789 770)
4(2375 2788 2789 2376)
4(2772 770 2789 2788)
4(2376 2789 771 744)
4(770 769 771 2789)
4(743 744 771 769)
4(2361 2378 2791 2774)
4(2377 2790 2791 2378)
4(2773 2774 2791 2790)
4(2362 2379 2792 2775)
4(2378 2791 2792 2379)
4(2774 2775 2792 2791)
4(2363 2380 2793 2776)
4(2379 2792 2793 2380)
4(2775 2776 2793 2792)
4(2364 2381 2794 2777)
4(2380 2793 2794 2381)
4(2776 2777 2794 2793)
4(2365 2382 2795 2778)
4(2381 2794 2795 2382)
4(2777 2778 2795 2794)
4(2366 2383 2796 2779)
4(2382 2795 2796 2383)
4(2778 2779 2796 2795)
4(2367 2384 2797 2780)
4(2383 2796 2797 2384)
4(2779 2780 2797 2796)
4(2368 2385 2798 2781)
4(2384 2797 2798 2385)
4(2780 2781 2798 2797)
4(2369 2386 2799 2782)
4(2385 2798 2799 2386)
4(2781 2782 2799 2798)
4(2370 2387 2800 2783)
4(2386 2799 2800 2387)
4(2782 2783 2800 2799)
4(2371 2388 2801 2784)
4(2387 2800 2801 2388)
4(2783 2784 2801 2800)
4(2372 2389 2802 2785)
4(2388 2801 2802 2389)
4(2784 2785 2802 2801)
4(2373 2390 2803 2786)
4(2389 2802 2803 2390)
4(2785 2786 2803 2802)
4(2374 2391 2804 2787)
4(2390 2803 2804 2391)
4(2786 2787 2804 2803)
4(2375 2392 2805 2788)
4(2391 2804 2805 2392)
4(2787 2788 2805 2804)
4(2376 2393 2806 2789)
4(2392 2805 2806 2393)
4(2788 2789 2806 2805)
4(2393 2806 772 745)
4(2789 771 772 2806)
4(744 745 772 771)
4(2378 2395 2808 2791)
4(2394 2807 2808 2395)
4(2790 2791 2808 2807)
4(2379 2396 2809 2792)
4(2395 2808 2809 2396)
4(2791 2792 2809 2808)
4(2380 2397 2810 2793)
4(2396 2809 2810 2397)
4(2792 2793 2810 2809)
4(2381 2398 2811 2794)
4(2397 2810 2811 2398)
4(2793 2794 2811 2810)
4(2382 2399 2812 2795)
4(2398 2811 2812 2399)
4(2794 2795 2812 2811)
4(2383 2400 2813 2796)
4(2399 2812 2813 2400)
4(2795 2796 2813 2812)
4(2384 2401 2814 2797)
4(2400 2813 2814 2401)
4(2796 2797 2814 2813)
4(2385 2402 2815 2798)
4(2401 2814 2815 2402)
4(2797 2798 2815 2814)
4(2386 2403 2816 2799)
4(2402 2815 2816 2403)
4(2798 2799 2816 2815)
4(2387 2404 2817 2800)
4(2403 2816 2817 2404)
4(2799 2800 2817 2816)
4(2388 2405 2818 2801)
4(2404 2817 2818 2405)
4(2800 2801 2818 2817)
4(2389 2406 2819 2802)
4(2405 2818 2819 2406)
4(2801 2802 2819 2818)
4(2390 2407 2820 2803)
4(2406 2819 2820 2407)
4(2802 2803 2820 2819)
4(2391 2408 2821 2804)
4(2407 2820 2821 2408)
4(2803 2804 2821 2820)
4(2392 2409 2822 2805)
4(2408 2821 2822 2409)
4(2804 2805 2822 2821)
4(2393 2410 2823 2806)
4(2409 2822 2823 2410)
4(2805 2806 2823 2822)
4(2410 2823 773 746)
4(2806 772 773 2823)
4(745 746 773 772)
4(2395 2412 2825 2808)
4(2411 2824 2825 2412)
4(2807 2808 2825 2824)
4(2396 2413 2826 2809)
4(2412 2825 2826 2413)
4(2808 2809 2826 2825)
4(2397 2414 2827 2810)
4(2413 2826 2827 2414)
4(2809 2810 2827 2826)
4(2398 2415 2828 2811)
4(2414 2827 2828 2415)
4(2810 2811 2828 2827)
4(2399 2416 2829 2812)
4(2415 2828 2829 2416)
4(2811 2812 2829 2828)
4(2400 2417 2830 2813)
4(2416 2829 2830 2417)
4(2812 2813 2830 2829)
4(2401 2418 2831 2814)
4(2417 2830 2831 2418)
4(2813 2814 2831 2830)
4(2402 2419 2832 2815)
4(2418 2831 2832 2419)
4(2814 2815 2832 2831)
4(2403 2420 2833 2816)
4(2419 2832 2833 2420)
4(2815 2816 2833 2832)
4(2404 2421 2834 2817)
4(2420 2833 2834 2421)
4(2816 2817 2834 2833)
4(2405 2422 2835 2818)
4(2421 2834 2835 2422)
4(2817 2818 2835 2834)
4(2406 2423 2836 2819)
4(2422 2835 2836 2423)
4(2818 2819 2836 2835)
4(2407 2424 2837 2820)
4(2423 2836 2837 2424)
4(2819 2820 2837 2836)
4(2408 2425 2838 2821)
4(2424 2837 2838 2425)
4(2820 2821 2838 2837)
4(2409 2426 2839 2822)
4(2425 2838 2839 2426)
4(2821 2822 2839 2838)
4(2410 2427 2840 2823)
4(2426 2839 2840 2427)
4(2822 2823 2840 2839)
4(2427 2840 774 747)
4(2823 773 774 2840)
4(746 747 774 773)
4(2412 2429 2842 2825)
4(2428 2841 2842 2429)
4(2824 2825 2842 2841)
4(2413 2430 2843 2826)
4(2429 2842 2843 2430)
4(2825 2826 2843 2842)
4(2414 2431 2844 2827)
4(2430 2843 2844 2431)
4(2826 2827 2844 2843)
4(2415 2432 2845 2828)
4(2431 2844 2845 2432)
4(2827 2828 2845 2844)
4(2416 2433 2846 2829)
4(2432 2845 2846 2433)
4(2828 2829 2846 2845)
4(2417 2434 2847 2830)
4(2433 2846 2847 2434)
4(2829 2830 2847 2846)
4(2418 2435 2848 2831)
4(2434 2847 2848 2435)
4(2830 2831 2848 2847)
4(2419 2436 2849 2832)
4(2435 2848 2849 2436)
4(2831 2832 2849 2848)
4(2420 2437 2850 2833)
4(2436 2849 2850 2437)
4(2832 2833 2850 2849)
4(2421 2438 2851 2834)
4(2437 2850 2851 2438)
4(2833 2834 2851 2850)
4(2422 2439 2852 2835)
4(2438 2851 2852 2439)
4(2834 2835 2852 2851)
4(2423 2440 2853 2836)
4(2439 2852 2853 2440)
4(2835 2836 2853 2852)
4(2424 2441 2854 2837)
4(2440 2853 2854 2441)
4(2836 2837 2854 2853)
4(2425 2442 2855 2838)
4(2441 2854 2855 2442)
4(2837 2838 2855 2854)
4(2426 2443 2856 2839)
4(2442 2855 2856 2443)
4(2838 2839 2856 2855)
4(2427 2444 2857 2840)
4(2443 2856 2857 2444)
4(2839 2840 2857 2856)
4(2444 2857 775 748)
4(2840 774 775 2857)
4(747 748 775 774)
4(2429 2446 2859 2842)
4(2445 2858 2859 2446)
4(2841 2842 2859 2858)
4(2430 2447 2860 2843)
4(2446 2859 2860 2447)
4(2842 2843 2860 2859)
4(2431 2448 2861 2844)
4(2447 2860 2861 2448)
4(2843 2844 2861 2860)
4(2432 2449 2862 2845)
4(2448 2861 2862 2449)
4(2844 2845 2862 2861)
4(2433 2450 2863 2846)
4(2449 2862 2863 2450)
4(2845 2846 2863 2862)
4(2434 2451 2864 2847)
4(2450 2863 2864 2451)
4(2846 2847 2864 2863)
4(2435 2452 2865 2848)
4(2451 2864 2865 2452)
4(2847 2848 2865 2864)
4(2436 433 2866 2849)
4(2452 2865 2866 433)
4(2848 2849 2866 2865)
4(2437 434 2867 2850)
4(433 2866 2867 434)
4(2849 2850 2867 2866)
4(2438 435 2868 2851)
4(434 2867 2868 435)
4(2850 2851 2868 2867)
4(2439 436 454 2852)
4(435 2868 454 436)
4(2851 2852 454 2868)
4(2440 437 455 2853)
4(2852 2853 455 454)
4(436 454 455 437)
4(2441 438 456 2854)
4(2853 2854 456 455)
4(437 455 456 438)
4(2442 439 457 2855)
4(2854 2855 457 456)
4(438 456 457 439)
4(2443 440 458 2856)
4(2855 2856 458 457)
4(439 457 458 440)
4(2444 441 459 2857)
4(2856 2857 459 458)
4(440 458 459 441)
4(2857 775 71 459)
4(748 54 71 775)
4(441 459 71 54)
4(2446 443 461 2859)
4(2858 2859 461 460)
4(442 460 461 443)
4(2447 444 462 2860)
4(2859 2860 462 461)
4(443 461 462 444)
4(2448 445 463 2861)
4(2860 2861 463 462)
4(444 462 463 445)
4(2449 446 464 2862)
4(2861 2862 464 463)
4(445 463 464 446)
4(2450 447 465 2863)
4(2862 2863 465 464)
4(446 464 465 447)
4(2451 448 466 2864)
4(2863 2864 466 465)
4(447 465 466 448)
4(2452 449 467 2865)
4(2864 2865 467 466)
4(448 466 467 449)
4(433 450 468 2866)
4(2865 2866 468 467)
4(449 467 468 450)
4(434 451 469 2867)
4(2866 2867 469 468)
4(433 450 451 434)
4(450 468 469 451)
4(435 452 470 2868)
4(2867 2868 470 469)
4(434 451 452 435)
4(451 469 470 452)
4(2868 454 471 470)
4(435 452 453 436)
4(436 453 471 454)
4(452 470 471 453)
4(2454 2470 2886 2870)
4(2469 2885 2886 2470)
4(2455 2471 2887 2871)
4(2470 2886 2887 2471)
4(2456 2472 2888 2872)
4(2471 2887 2888 2472)
4(2457 2473 2889 2873)
4(2472 2888 2889 2473)
4(2458 2474 2890 2874)
4(2473 2889 2890 2474)
4(2459 2475 2891 2875)
4(2474 2890 2891 2475)
4(2460 2476 2892 2876)
4(2475 2891 2892 2476)
4(2461 2477 2893 2877)
4(2476 2892 2893 2477)
4(2462 2478 2894 2878)
4(2477 2893 2894 2478)
4(2463 2479 2895 2879)
4(2478 2894 2895 2479)
4(2464 2480 2896 2880)
4(2479 2895 2896 2480)
4(2465 2481 2897 2881)
4(2480 2896 2897 2481)
4(2466 2482 2898 2882)
4(2481 2897 2898 2482)
4(2467 2483 2899 2883)
4(2482 2898 2899 2483)
4(2468 2484 2900 2884)
4(2483 2899 2900 2484)
4(2484 2900 776 749)
4(750 749 776 777)
4(2470 2486 2902 2886)
4(2485 2901 2902 2486)
4(2471 2487 2903 2887)
4(2486 2902 2903 2487)
4(2472 2488 2904 2888)
4(2487 2903 2904 2488)
4(2473 2489 2905 2889)
4(2488 2904 2905 2489)
4(2474 2490 2906 2890)
4(2489 2905 2906 2490)
4(2475 2491 2907 2891)
4(2490 2906 2907 2491)
4(2476 2492 2908 2892)
4(2491 2907 2908 2492)
4(2477 2493 2909 2893)
4(2492 2908 2909 2493)
4(2478 2494 2910 2894)
4(2493 2909 2910 2494)
4(2479 2495 2911 2895)
4(2494 2910 2911 2495)
4(2480 2496 2912 2896)
4(2495 2911 2912 2496)
4(2481 2497 2913 2897)
4(2496 2912 2913 2497)
4(2482 2498 2914 2898)
4(2497 2913 2914 2498)
4(2483 2499 2915 2899)
4(2498 2914 2915 2499)
4(2484 2500 2916 2900)
4(2499 2915 2916 2500)
4(2500 2916 778 751)
4(749 751 778 776)
4(2486 2502 2918 2902)
4(2501 2917 2918 2502)
4(2487 2503 2919 2903)
4(2502 2918 2919 2503)
4(2488 2504 2920 2904)
4(2503 2919 2920 2504)
4(2489 2505 2921 2905)
4(2504 2920 2921 2505)
4(2490 2506 2922 2906)
4(2505 2921 2922 2506)
4(2491 2507 2923 2907)
4(2506 2922 2923 2507)
4(2492 2508 2924 2908)
4(2507 2923 2924 2508)
4(2493 2509 2925 2909)
4(2508 2924 2925 2509)
4(2494 2510 2926 2910)
4(2509 2925 2926 2510)
4(2495 2511 2927 2911)
4(2510 2926 2927 2511)
4(2496 2512 2928 2912)
4(2511 2927 2928 2512)
4(2497 2513 2929 2913)
4(2512 2928 2929 2513)
4(2498 2514 2930 2914)
4(2513 2929 2930 2514)
4(2499 2515 2931 2915)
4(2514 2930 2931 2515)
4(2500 2516 2932 2916)
4(2515 2931 2932 2516)
4(2516 2932 779 752)
4(751 752 779 778)
4(2502 2518 2934 2918)
4(2517 2933 2934 2518)
4(2503 2519 2935 2919)
4(2518 2934 2935 2519)
4(2504 2520 2936 2920)
4(2519 2935 2936 2520)
4(2505 2521 2937 2921)
4(2520 2936 2937 2521)
4(2506 2522 2938 2922)
4(2521 2937 2938 2522)
4(2507 2523 2939 2923)
4(2522 2938 2939 2523)
4(2508 2524 2940 2924)
4(2523 2939 2940 2524)
4(2509 2525 2941 2925)
4(2524 2940 2941 2525)
4(2510 2526 2942 2926)
4(2525 2941 2942 2526)
4(2511 2527 2943 2927)
4(2526 2942 2943 2527)
4(2512 2528 2944 2928)
4(2527 2943 2944 2528)
4(2513 2529 2945 2929)
4(2528 2944 2945 2529)
4(2514 2530 2946 2930)
4(2529 2945 2946 2530)
4(2515 2531 2947 2931)
4(2530 2946 2947 2531)
4(2516 2532 2948 2932)
4(2531 2947 2948 2532)
4(2532 2948 780 753)
4(752 753 780 779)
4(2518 2534 2950 2934)
4(2533 2949 2950 2534)
4(2519 2535 2951 2935)
4(2534 2950 2951 2535)
4(2520 2536 2952 2936)
4(2535 2951 2952 2536)
4(2521 2537 2953 2937)
4(2536 2952 2953 2537)
4(2522 2538 2954 2938)
4(2537 2953 2954 2538)
4(2523 2539 2955 2939)
4(2538 2954 2955 2539)
4(2524 2540 2956 2940)
4(2539 2955 2956 2540)
4(2525 2541 2957 2941)
4(2540 2956 2957 2541)
4(2526 2542 2958 2942)
4(2541 2957 2958 2542)
4(2527 2543 2959 2943)
4(2542 2958 2959 2543)
4(2528 2544 2960 2944)
4(2543 2959 2960 2544)
4(2529 2545 2961 2945)
4(2544 2960 2961 2545)
4(2530 2546 2962 2946)
4(2545 2961 2962 2546)
4(2531 2547 2963 2947)
4(2546 2962 2963 2547)
4(2532 2548 2964 2948)
4(2547 2963 2964 2548)
4(2548 2964 781 754)
4(753 754 781 780)
4(2534 2550 2966 2950)
4(2549 2965 2966 2550)
4(2535 2551 2967 2951)
4(2550 2966 2967 2551)
4(2536 2552 2968 2952)
4(2551 2967 2968 2552)
4(2537 2553 2969 2953)
4(2552 2968 2969 2553)
4(2538 2554 2970 2954)
4(2553 2969 2970 2554)
4(2539 2555 2971 2955)
4(2554 2970 2971 2555)
4(2540 2556 2972 2956)
4(2555 2971 2972 2556)
4(2541 2557 2973 2957)
4(2556 2972 2973 2557)
4(2542 2558 2974 2958)
4(2557 2973 2974 2558)
4(2543 2559 2975 2959)
4(2558 2974 2975 2559)
4(2544 2560 2976 2960)
4(2559 2975 2976 2560)
4(2545 2561 2977 2961)
4(2560 2976 2977 2561)
4(2546 2562 2978 2962)
4(2561 2977 2978 2562)
4(2547 2563 2979 2963)
4(2562 2978 2979 2563)
4(2548 2564 2980 2964)
4(2563 2979 2980 2564)
4(2564 2980 782 755)
4(754 755 782 781)
4(2550 2566 2982 2966)
4(2565 2981 2982 2566)
4(2551 2567 2983 2967)
4(2566 2982 2983 2567)
4(2552 2568 2984 2968)
4(2567 2983 2984 2568)
4(2553 2569 2985 2969)
4(2568 2984 2985 2569)
4(2554 2570 2986 2970)
4(2569 2985 2986 2570)
4(2555 2571 2987 2971)
4(2570 2986 2987 2571)
4(2556 2572 2988 2972)
4(2571 2987 2988 2572)
4(2557 2573 2989 2973)
4(2572 2988 2989 2573)
4(2558 2574 2990 2974)
4(2573 2989 2990 2574)
4(2559 2575 2991 2975)
4(2574 2990 2991 2575)
4(2560 2576 2992 2976)
4(2575 2991 2992 2576)
4(2561 2577 2993 2977)
4(2576 2992 2993 2577)
4(2562 2578 2994 2978)
4(2577 2993 2994 2578)
4(2563 2579 2995 2979)
4(2578 2994 2995 2579)
4(2564 2580 2996 2980)
4(2579 2995 2996 2580)
4(2580 2996 783 756)
4(755 756 783 782)
4(2566 2582 2998 2982)
4(2581 2997 2998 2582)
4(2567 2583 2999 2983)
4(2582 2998 2999 2583)
4(2568 2584 3000 2984)
4(2583 2999 3000 2584)
4(2569 2585 3001 2985)
4(2584 3000 3001 2585)
4(2570 2586 3002 2986)
4(2585 3001 3002 2586)
4(2571 2587 3003 2987)
4(2586 3002 3003 2587)
4(2572 2588 3004 2988)
4(2587 3003 3004 2588)
4(2573 2589 3005 2989)
4(2588 3004 3005 2589)
4(2574 2590 3006 2990)
4(2589 3005 3006 2590)
4(2575 2591 3007 2991)
4(2590 3006 3007 2591)
4(2576 2592 3008 2992)
4(2591 3007 3008 2592)
4(2577 2593 3009 2993)
4(2592 3008 3009 2593)
4(2578 2594 3010 2994)
4(2593 3009 3010 2594)
4(2579 2595 3011 2995)
4(2594 3010 3011 2595)
4(2580 2596 3012 2996)
4(2595 3011 3012 2596)
4(2596 3012 784 757)
4(756 757 784 783)
4(2582 2598 3014 2998)
4(2597 3013 3014 2598)
4(2583 2599 3015 2999)
4(2598 3014 3015 2599)
4(2584 2600 3016 3000)
4(2599 3015 3016 2600)
4(2585 2601 3017 3001)
4(2600 3016 3017 2601)
4(2586 2602 3018 3002)
4(2601 3017 3018 2602)
4(2587 2603 3019 3003)
4(2602 3018 3019 2603)
4(2588 2604 3020 3004)
4(2603 3019 3020 2604)
4(2589 2605 3021 3005)
4(2604 3020 3021 2605)
4(2590 2606 3022 3006)
4(2605 3021 3022 2606)
4(2591 2607 3023 3007)
4(2606 3022 3023 2607)
4(2592 2608 3024 3008)
4(2607 3023 3024 2608)
4(2593 2609 3025 3009)
4(2608 3024 3025 2609)
4(2594 2610 3026 3010)
4(2609 3025 3026 2610)
4(2595 2611 3027 3011)
4(2610 3026 3027 2611)
4(2596 2612 3028 3012)
4(2611 3027 3028 2612)
4(2612 3028 785 758)
4(757 758 785 784)
4(2598 2614 3030 3014)
4(2613 3029 3030 2614)
4(2599 2615 3031 3015)
4(2614 3030 3031 2615)
4(2600 2616 3032 3016)
4(2615 3031 3032 2616)
4(2601 2617 3033 3017)
4(2616 3032 3033 2617)
4(2602 2618 3034 3018)
4(2617 3033 3034 2618)
4(2603 2619 3035 3019)
4(2618 3034 3035 2619)
4(2604 2620 3036 3020)
4(2619 3035 3036 2620)
4(2605 2621 3037 3021)
4(2620 3036 3037 2621)
4(2606 2622 3038 3022)
4(2621 3037 3038 2622)
4(2607 2623 3039 3023)
4(2622 3038 3039 2623)
4(2608 2624 3040 3024)
4(2623 3039 3040 2624)
4(2609 2625 3041 3025)
4(2624 3040 3041 2625)
4(2610 2626 3042 3026)
4(2625 3041 3042 2626)
4(2611 2627 3043 3027)
4(2626 3042 3043 2627)
4(2612 2628 3044 3028)
4(2627 3043 3044 2628)
4(2628 3044 786 759)
4(758 759 786 785)
4(2614 2630 3046 3030)
4(2629 3045 3046 2630)
4(2615 2631 3047 3031)
4(2630 3046 3047 2631)
4(2616 2632 3048 3032)
4(2631 3047 3048 2632)
4(2617 2633 3049 3033)
4(2632 3048 3049 2633)
4(2618 2634 3050 3034)
4(2633 3049 3050 2634)
4(2619 2635 3051 3035)
4(2634 3050 3051 2635)
4(2620 2636 3052 3036)
4(2635 3051 3052 2636)
4(2621 2637 3053 3037)
4(2636 3052 3053 2637)
4(2622 2638 3054 3038)
4(2637 3053 3054 2638)
4(2623 2639 3055 3039)
4(2638 3054 3055 2639)
4(2624 2640 3056 3040)
4(2639 3055 3056 2640)
4(2625 2641 3057 3041)
4(2640 3056 3057 2641)
4(2626 2642 3058 3042)
4(2641 3057 3058 2642)
4(2627 2643 3059 3043)
4(2642 3058 3059 2643)
4(2628 2644 3060 3044)
4(2643 3059 3060 2644)
4(2644 3060 787 760)
4(759 760 787 786)
4(2630 2646 3062 3046)
4(2645 3061 3062 2646)
4(2631 2647 3063 3047)
4(2646 3062 3063 2647)
4(2632 2648 3064 3048)
4(2647 3063 3064 2648)
4(2633 2649 3065 3049)
4(2648 3064 3065 2649)
4(2634 2650 3066 3050)
4(2649 3065 3066 2650)
4(2635 2651 3067 3051)
4(2650 3066 3067 2651)
4(2636 2652 3068 3052)
4(2651 3067 3068 2652)
4(2637 2653 3069 3053)
4(2652 3068 3069 2653)
4(2638 2654 3070 3054)
4(2653 3069 3070 2654)
4(2639 2655 3071 3055)
4(2654 3070 3071 2655)
4(2640 2656 3072 3056)
4(2655 3071 3072 2656)
4(2641 2657 3073 3057)
4(2656 3072 3073 2657)
4(2642 2658 3074 3058)
4(2657 3073 3074 2658)
4(2643 2659 3075 3059)
4(2658 3074 3075 2659)
4(2644 2660 3076 3060)
4(2659 3075 3076 2660)
4(2660 3076 788 761)
4(760 761 788 787)
4(2646 2662 3078 3062)
4(2661 3077 3078 2662)
4(2647 2663 3079 3063)
4(2662 3078 3079 2663)
4(2648 2664 3080 3064)
4(2663 3079 3080 2664)
4(2649 2665 3081 3065)
4(2664 3080 3081 2665)
4(2650 2666 3082 3066)
4(2665 3081 3082 2666)
4(2651 2667 3083 3067)
4(2666 3082 3083 2667)
4(2652 2668 3084 3068)
4(2667 3083 3084 2668)
4(2653 2669 3085 3069)
4(2668 3084 3085 2669)
4(2654 2670 3086 3070)
4(2669 3085 3086 2670)
4(2655 2671 3087 3071)
4(2670 3086 3087 2671)
4(2656 2672 3088 3072)
4(2671 3087 3088 2672)
4(2657 2673 3089 3073)
4(2672 3088 3089 2673)
4(2658 2674 3090 3074)
4(2673 3089 3090 2674)
4(2659 2675 3091 3075)
4(2674 3090 3091 2675)
4(2660 2676 3092 3076)
4(2675 3091 3092 2676)
4(2676 3092 789 762)
4(761 762 789 788)
4(2662 2678 3094 3078)
4(2677 3093 3094 2678)
4(2663 2679 3095 3079)
4(2678 3094 3095 2679)
4(2664 2680 3096 3080)
4(2679 3095 3096 2680)
4(2665 2681 3097 3081)
4(2680 3096 3097 2681)
4(2666 2682 3098 3082)
4(2681 3097 3098 2682)
4(2667 2683 3099 3083)
4(2682 3098 3099 2683)
4(2668 2684 3100 3084)
4(2683 3099 3100 2684)
4(2669 2685 3101 3085)
4(2684 3100 3101 2685)
4(2670 2686 3102 3086)
4(2685 3101 3102 2686)
4(2671 2687 3103 3087)
4(2686 3102 3103 2687)
4(2672 2688 3104 3088)
4(2687 3103 3104 2688)
4(2673 2689 3105 3089)
4(2688 3104 3105 2689)
4(2674 2690 3106 3090)
4(2689 3105 3106 2690)
4(2675 2691 3107 3091)
4(2690 3106 3107 2691)
4(2676 2692 3108 3092)
4(2691 3107 3108 2692)
4(2692 3108 790 763)
4(762 763 790 789)
4(2678 2694 3110 3094)
4(2693 3109 3110 2694)
4(2679 2695 3111 3095)
4(2694 3110 3111 2695)
4(2680 2696 3112 3096)
4(2695 3111 3112 2696)
4(2681 2697 3113 3097)
4(2696 3112 3113 2697)
4(2682 2698 3114 3098)
4(2697 3113 3114 2698)
4(2683 2699 3115 3099)
4(2698 3114 3115 2699)
4(2684 2700 3116 3100)
4(2699 3115 3116 2700)
4(2685 2701 3117 3101)
4(2700 3116 3117 2701)
4(2686 2702 3118 3102)
4(2701 3117 3118 2702)
4(2687 2703 3119 3103)
4(2702 3118 3119 2703)
4(2688 2704 3120 3104)
4(2703 3119 3120 2704)
4(2689 2705 3121 3105)
4(2704 3120 3121 2705)
4(2690 2706 3122 3106)
4(2705 3121 3122 2706)
4(2691 2707 3123 3107)
4(2706 3122 3123 2707)
4(2692 2708 3124 3108)
4(2707 3123 3124 2708)
4(2708 3124 791 764)
4(763 764 791 790)
4(2694 2710 3126 3110)
4(2709 3125 3126 2710)
4(2695 2711 3127 3111)
4(2710 3126 3127 2711)
4(2696 2712 3128 3112)
4(2711 3127 3128 2712)
4(2697 2713 3129 3113)
4(2712 3128 3129 2713)
4(2698 2714 3130 3114)
4(2713 3129 3130 2714)
4(2699 2715 3131 3115)
4(2714 3130 3131 2715)
4(2700 2716 3132 3116)
4(2715 3131 3132 2716)
4(2701 2717 3133 3117)
4(2716 3132 3133 2717)
4(2702 2718 3134 3118)
4(2717 3133 3134 2718)
4(2703 2719 3135 3119)
4(2718 3134 3135 2719)
4(2704 2720 3136 3120)
4(2719 3135 3136 2720)
4(2705 2721 3137 3121)
4(2720 3136 3137 2721)
4(2706 2722 3138 3122)
4(2721 3137 3138 2722)
4(2707 2723 3139 3123)
4(2722 3138 3139 2723)
4(2708 2724 3140 3124)
4(2723 3139 3140 2724)
4(2724 3140 792 765)
4(764 765 792 791)
4(2710 2726 3142 3126)
4(2725 3141 3142 2726)
4(2711 2727 3143 3127)
4(2726 3142 3143 2727)
4(2712 2728 3144 3128)
4(2727 3143 3144 2728)
4(2713 2729 3145 3129)
4(2728 3144 3145 2729)
4(2714 2730 3146 3130)
4(2729 3145 3146 2730)
4(2715 2731 3147 3131)
4(2730 3146 3147 2731)
4(2716 2732 3148 3132)
4(2731 3147 3148 2732)
4(2717 2733 3149 3133)
4(2732 3148 3149 2733)
4(2718 2734 3150 3134)
4(2733 3149 3150 2734)
4(2719 2735 3151 3135)
4(2734 3150 3151 2735)
4(2720 2736 3152 3136)
4(2735 3151 3152 2736)
4(2721 2737 3153 3137)
4(2736 3152 3153 2737)
4(2722 2738 3154 3138)
4(2737 3153 3154 2738)
4(2723 2739 3155 3139)
4(2738 3154 3155 2739)
4(2724 2740 3156 3140)
4(2739 3155 3156 2740)
4(2740 3156 793 766)
4(765 766 793 792)
4(2726 2742 3158 3142)
4(2741 3157 3158 2742)
4(2727 2743 3159 3143)
4(2742 3158 3159 2743)
4(2728 2744 3160 3144)
4(2743 3159 3160 2744)
4(2729 2745 3161 3145)
4(2744 3160 3161 2745)
4(2730 2746 3162 3146)
4(2745 3161 3162 2746)
4(2731 2747 3163 3147)
4(2746 3162 3163 2747)
4(2732 2748 3164 3148)
4(2747 3163 3164 2748)
4(2733 2749 3165 3149)
4(2748 3164 3165 2749)
4(2734 2750 3166 3150)
4(2749 3165 3166 2750)
4(2735 2751 3167 3151)
4(2750 3166 3167 2751)
4(2736 2752 3168 3152)
4(2751 3167 3168 2752)
4(2737 2753 3169 3153)
4(2752 3168 3169 2753)
4(2738 2754 3170 3154)
4(2753 3169 3170 2754)
4(2739 2755 3171 3155)
4(2754 3170 3171 2755)
4(2740 2756 3172 3156)
4(2755 3171 3172 2756)
4(2756 3172 794 767)
4(766 767 794 793)
4(2742 2758 3174 3158)
4(2757 3173 3174 2758)
4(2743 2759 3175 3159)
4(2758 3174 3175 2759)
4(2744 2760 3176 3160)
4(2759 3175 3176 2760)
4(2745 2761 3177 3161)
4(2760 3176 3177 2761)
4(2746 2762 3178 3162)
4(2761 3177 3178 2762)
4(2747 2763 3179 3163)
4(2762 3178 3179 2763)
4(2748 2764 3180 3164)
4(2763 3179 3180 2764)
4(2749 2765 3181 3165)
4(2764 3180 3181 2765)
4(2750 2766 3182 3166)
4(2765 3181 3182 2766)
4(2751 2767 3183 3167)
4(2766 3182 3183 2767)
4(2752 2768 3184 3168)
4(2767 3183 3184 2768)
4(2753 2769 3185 3169)
4(2768 3184 3185 2769)
4(2754 2770 3186 3170)
4(2769 3185 3186 2770)
4(2755 2771 3187 3171)
4(2770 3186 3187 2771)
4(2756 2772 3188 3172)
4(2771 3187 3188 2772)
4(2772 3188 795 770)
4(767 770 795 794)
4(2758 2774 3190 3174)
4(2773 3189 3190 2774)
4(2759 2775 3191 3175)
4(2774 3190 3191 2775)
4(2760 2776 3192 3176)
4(2775 3191 3192 2776)
4(2761 2777 3193 3177)
4(2776 3192 3193 2777)
4(2762 2778 3194 3178)
4(2777 3193 3194 2778)
4(2763 2779 3195 3179)
4(2778 3194 3195 2779)
4(2764 2780 3196 3180)
4(2779 3195 3196 2780)
4(2765 2781 3197 3181)
4(2780 3196 3197 2781)
4(2766 2782 3198 3182)
4(2781 3197 3198 2782)
4(2767 2783 3199 3183)
4(2782 3198 3199 2783)
4(2768 2784 3200 3184)
4(2783 3199 3200 2784)
4(2769 2785 3201 3185)
4(2784 3200 3201 2785)
4(2770 2786 3202 3186)
4(2785 3201 3202 2786)
4(2771 2787 3203 3187)
4(2786 3202 3203 2787)
4(2772 2788 3204 3188)
4(2787 3203 3204 2788)
4(770 2789 3205 795)
4(2788 3204 3205 2789)
4(2789 3205 797 771)
4(770 769 796 795)
4(769 771 797 796)
4(2774 2791 3207 3190)
4(2790 3206 3207 2791)
4(2775 2792 3208 3191)
4(2791 3207 3208 2792)
4(2776 2793 3209 3192)
4(2792 3208 3209 2793)
4(2777 2794 3210 3193)
4(2793 3209 3210 2794)
4(2778 2795 3211 3194)
4(2794 3210 3211 2795)
4(2779 2796 3212 3195)
4(2795 3211 3212 2796)
4(2780 2797 3213 3196)
4(2796 3212 3213 2797)
4(2781 2798 3214 3197)
4(2797 3213 3214 2798)
4(2782 2799 3215 3198)
4(2798 3214 3215 2799)
4(2783 2800 3216 3199)
4(2799 3215 3216 2800)
4(2784 2801 3217 3200)
4(2800 3216 3217 2801)
4(2785 2802 3218 3201)
4(2801 3217 3218 2802)
4(2786 2803 3219 3202)
4(2802 3218 3219 2803)
4(2787 2804 3220 3203)
4(2803 3219 3220 2804)
4(2788 2805 3221 3204)
4(2804 3220 3221 2805)
4(2789 2806 3222 3205)
4(2805 3221 3222 2806)
4(2806 3222 798 772)
4(771 772 798 797)
4(2791 2808 3224 3207)
4(2807 3223 3224 2808)
4(2792 2809 3225 3208)
4(2808 3224 3225 2809)
4(2793 2810 3226 3209)
4(2809 3225 3226 2810)
4(2794 2811 3227 3210)
4(2810 3226 3227 2811)
4(2795 2812 3228 3211)
4(2811 3227 3228 2812)
4(2796 2813 3229 3212)
4(2812 3228 3229 2813)
4(2797 2814 3230 3213)
4(2813 3229 3230 2814)
4(2798 2815 3231 3214)
4(2814 3230 3231 2815)
4(2799 2816 3232 3215)
4(2815 3231 3232 2816)
4(2800 2817 3233 3216)
4(2816 3232 3233 2817)
4(2801 2818 3234 3217)
4(2817 3233 3234 2818)
4(2802 2819 3235 3218)
4(2818 3234 3235 2819)
4(2803 2820 3236 3219)
4(2819 3235 3236 2820)
4(2804 2821 3237 3220)
4(2820 3236 3237 2821)
4(2805 2822 3238 3221)
4(2821 3237 3238 2822)
4(2806 2823 3239 3222)
4(2822 3238 3239 2823)
4(2823 3239 799 773)
4(772 773 799 798)
4(2808 2825 3241 3224)
4(2824 3240 3241 2825)
4(2809 2826 3242 3225)
4(2825 3241 3242 2826)
4(2810 2827 3243 3226)
4(2826 3242 3243 2827)
4(2811 2828 3244 3227)
4(2827 3243 3244 2828)
4(2812 2829 3245 3228)
4(2828 3244 3245 2829)
4(2813 2830 3246 3229)
4(2829 3245 3246 2830)
4(2814 2831 3247 3230)
4(2830 3246 3247 2831)
4(2815 2832 3248 3231)
4(2831 3247 3248 2832)
4(2816 2833 3249 3232)
4(2832 3248 3249 2833)
4(2817 2834 3250 3233)
4(2833 3249 3250 2834)
4(2818 2835 3251 3234)
4(2834 3250 3251 2835)
4(2819 2836 3252 3235)
4(2835 3251 3252 2836)
4(2820 2837 3253 3236)
4(2836 3252 3253 2837)
4(2821 2838 3254 3237)
4(2837 3253 3254 2838)
4(2822 2839 3255 3238)
4(2838 3254 3255 2839)
4(2823 2840 3256 3239)
4(2839 3255 3256 2840)
4(2840 3256 800 774)
4(773 774 800 799)
4(2825 2842 3258 3241)
4(2841 3257 3258 2842)
4(2826 2843 3259 3242)
4(2842 3258 3259 2843)
4(2827 2844 3260 3243)
4(2843 3259 3260 2844)
4(2828 2845 3261 3244)
4(2844 3260 3261 2845)
4(2829 2846 3262 3245)
4(2845 3261 3262 2846)
4(2830 2847 3263 3246)
4(2846 3262 3263 2847)
4(2831 2848 3264 3247)
4(2847 3263 3264 2848)
4(2832 2849 3265 3248)
4(2848 3264 3265 2849)
4(2833 2850 3266 3249)
4(2849 3265 3266 2850)
4(2834 2851 3267 3250)
4(2850 3266 3267 2851)
4(2835 2852 3268 3251)
4(2851 3267 3268 2852)
4(2836 2853 3269 3252)
4(2852 3268 3269 2853)
4(2837 2854 3270 3253)
4(2853 3269 3270 2854)
4(2838 2855 3271 3254)
4(2854 3270 3271 2855)
4(2839 2856 3272 3255)
4(2855 3271 3272 2856)
4(2840 2857 3273 3256)
4(2856 3272 3273 2857)
4(2857 3273 801 775)
4(774 775 801 800)
4(2842 2859 3275 3258)
4(2858 3274 3275 2859)
4(2843 2860 3276 3259)
4(2859 3275 3276 2860)
4(2844 2861 3277 3260)
4(2860 3276 3277 2861)
4(2845 2862 3278 3261)
4(2861 3277 3278 2862)
4(2846 2863 3279 3262)
4(2862 3278 3279 2863)
4(2847 2864 3280 3263)
4(2863 3279 3280 2864)
4(2848 2865 3281 3264)
4(2864 3280 3281 2865)
4(2849 2866 3282 3265)
4(2865 3281 3282 2866)
4(2850 2867 3283 3266)
4(2866 3282 3283 2867)
4(2851 2868 3284 3267)
4(2867 3283 3284 2868)
4(2852 454 3285 3268)
4(2868 3284 3285 454)
4(2853 455 3286 3269)
4(454 3285 3286 455)
4(2854 456 3287 3270)
4(455 3286 3287 456)
4(2855 457 475 3271)
4(456 3287 475 457)
4(2856 458 476 3272)
4(457 475 476 458)
4(2857 459 477 3273)
4(458 476 477 459)
4(775 71 88 801)
4(459 477 88 71)
4(2859 461 479 3275)
4(460 478 479 461)
4(2860 462 480 3276)
4(461 479 480 462)
4(2861 463 481 3277)
4(462 480 481 463)
4(2862 464 482 3278)
4(463 481 482 464)
4(2863 465 483 3279)
4(464 482 483 465)
4(2864 466 484 3280)
4(465 483 484 466)
4(2865 467 485 3281)
4(466 484 485 467)
4(2866 468 486 3282)
4(467 485 486 468)
4(2867 469 487 3283)
4(468 486 487 469)
4(2868 470 488 3284)
4(469 487 488 470)
4(454 471 489 3285)
4(470 488 489 471)
4(455 472 490 3286)
4(454 471 472 455)
4(471 489 490 472)
4(456 473 491 3287)
4(455 472 473 456)
4(472 490 491 473)
4(456 473 474 457)
4(457 474 492 475)
4(473 491 492 474)
4(3288 3304 3692 3676)
4(642 643 3692 3304)
4(644 3676 3692 643)
4(3289 3305 3693 3677)
4(3304 3692 3693 3305)
4(3676 3677 3693 3692)
4(3290 3306 3694 3678)
4(3305 3693 3694 3306)
4(3677 3678 3694 3693)
4(3291 3307 3695 3679)
4(3306 3694 3695 3307)
4(3678 3679 3695 3694)
4(3292 3308 3696 3680)
4(3307 3695 3696 3308)
4(3679 3680 3696 3695)
4(3293 3309 3697 3681)
4(3308 3696 3697 3309)
4(3680 3681 3697 3696)
4(3294 3310 3698 3682)
4(3309 3697 3698 3310)
4(3681 3682 3698 3697)
4(3295 3311 3699 3683)
4(3310 3698 3699 3311)
4(3682 3683 3699 3698)
4(3296 3312 3700 3684)
4(3311 3699 3700 3312)
4(3683 3684 3700 3699)
4(3297 3313 3701 3685)
4(3312 3700 3701 3313)
4(3684 3685 3701 3700)
4(3298 3314 3702 3686)
4(3313 3701 3702 3314)
4(3685 3686 3702 3701)
4(3299 3315 3703 3687)
4(3314 3702 3703 3315)
4(3686 3687 3703 3702)
4(3300 3316 3704 3688)
4(3315 3703 3704 3316)
4(3687 3688 3704 3703)
4(3301 3317 3705 3689)
4(3316 3704 3705 3317)
4(3688 3689 3705 3704)
4(3302 3318 3706 3690)
4(3317 3705 3706 3318)
4(3689 3690 3706 3705)
4(3303 3319 3707 3691)
4(3318 3706 3707 3319)
4(3690 3691 3707 3706)
4(3319 3707 495 494)
4(3691 496 495 3707)
4(493 494 495 496)
4(3304 3320 3708 3692)
4(645 646 3708 3320)
4(643 3692 3708 646)
4(3305 3321 3709 3693)
4(3320 3708 3709 3321)
4(3692 3693 3709 3708)
4(3306 3322 3710 3694)
4(3321 3709 3710 3322)
4(3693 3694 3710 3709)
4(3307 3323 3711 3695)
4(3322 3710 3711 3323)
4(3694 3695 3711 3710)
4(3308 3324 3712 3696)
4(3323 3711 3712 3324)
4(3695 3696 3712 3711)
4(3309 3325 3713 3697)
4(3324 3712 3713 3325)
4(3696 3697 3713 3712)
4(3310 3326 3714 3698)
4(3325 3713 3714 3326)
4(3697 3698 3714 3713)
4(3311 3327 3715 3699)
4(3326 3714 3715 3327)
4(3698 3699 3715 3714)
4(3312 3328 3716 3700)
4(3327 3715 3716 3328)
4(3699 3700 3716 3715)
4(3313 3329 3717 3701)
4(3328 3716 3717 3329)
4(3700 3701 3717 3716)
4(3314 3330 3718 3702)
4(3329 3717 3718 3330)
4(3701 3702 3718 3717)
4(3315 3331 3719 3703)
4(3330 3718 3719 3331)
4(3702 3703 3719 3718)
4(3316 3332 3720 3704)
4(3331 3719 3720 3332)
4(3703 3704 3720 3719)
4(3317 3333 3721 3705)
4(3332 3720 3721 3333)
4(3704 3705 3721 3720)
4(3318 3334 3722 3706)
4(3333 3721 3722 3334)
4(3705 3706 3722 3721)
4(3319 3335 3723 3707)
4(3334 3722 3723 3335)
4(3706 3707 3723 3722)
4(3335 3723 498 497)
4(3707 495 498 3723)
4(494 497 498 495)
4(3320 3336 3724 3708)
4(647 648 3724 3336)
4(646 3708 3724 648)
4(3321 3337 3725 3709)
4(3336 3724 3725 3337)
4(3708 3709 3725 3724)
4(3322 3338 3726 3710)
4(3337 3725 3726 3338)
4(3709 3710 3726 3725)
4(3323 3339 3727 3711)
4(3338 3726 3727 3339)
4(3710 3711 3727 3726)
4(3324 3340 3728 3712)
4(3339 3727 3728 3340)
4(3711 3712 3728 3727)
4(3325 3341 3729 3713)
4(3340 3728 3729 3341)
4(3712 3713 3729 3728)
4(3326 3342 3730 3714)
4(3341 3729 3730 3342)
4(3713 3714 3730 3729)
4(3327 3343 3731 3715)
4(3342 3730 3731 3343)
4(3714 3715 3731 3730)
4(3328 3344 3732 3716)
4(3343 3731 3732 3344)
4(3715 3716 3732 3731)
4(3329 3345 3733 3717)
4(3344 3732 3733 3345)
4(3716 3717 3733 3732)
4(3330 3346 3734 3718)
4(3345 3733 3734 3346)
4(3717 3718 3734 3733)
4(3331 3347 3735 3719)
4(3346 3734 3735 3347)
4(3718 3719 3735 3734)
4(3332 3348 3736 3720)
4(3347 3735 3736 3348)
4(3719 3720 3736 3735)
4(3333 3349 3737 3721)
4(3348 3736 3737 3349)
4(3720 3721 3737 3736)
4(3334 3350 3738 3722)
4(3349 3737 3738 3350)
4(3721 3722 3738 3737)
4(3335 3351 3739 3723)
4(3350 3738 3739 3351)
4(3722 3723 3739 3738)
4(3351 3739 500 499)
4(3723 498 500 3739)
4(497 499 500 498)
4(3336 3352 3740 3724)
4(649 650 3740 3352)
4(648 3724 3740 650)
4(3337 3353 3741 3725)
4(3352 3740 3741 3353)
4(3724 3725 3741 3740)
4(3338 3354 3742 3726)
4(3353 3741 3742 3354)
4(3725 3726 3742 3741)
4(3339 3355 3743 3727)
4(3354 3742 3743 3355)
4(3726 3727 3743 3742)
4(3340 3356 3744 3728)
4(3355 3743 3744 3356)
4(3727 3728 3744 3743)
4(3341 3357 3745 3729)
4(3356 3744 3745 3357)
4(3728 3729 3745 3744)
4(3342 3358 3746 3730)
4(3357 3745 3746 3358)
4(3729 3730 3746 3745)
4(3343 3359 3747 3731)
4(3358 3746 3747 3359)
4(3730 3731 3747 3746)
4(3344 3360 3748 3732)
4(3359 3747 3748 3360)
4(3731 3732 3748 3747)
4(3345 3361 3749 3733)
4(3360 3748 3749 3361)
4(3732 3733 3749 3748)
4(3346 3362 3750 3734)
4(3361 3749 3750 3362)
4(3733 3734 3750 3749)
4(3347 3363 3751 3735)
4(3362 3750 3751 3363)
4(3734 3735 3751 3750)
4(3348 3364 3752 3736)
4(3363 3751 3752 3364)
4(3735 3736 3752 3751)
4(3349 3365 3753 3737)
4(3364 3752 3753 3365)
4(3736 3737 3753 3752)
4(3350 3366 3754 3738)
4(3365 3753 3754 3366)
4(3737 3738 3754 3753)
4(3351 3367 3755 3739)
4(3366 3754 3755 3367)
4(3738 3739 3755 3754)
4(3367 3755 502 501)
4(3739 500 502 3755)
4(499 501 502 500)
4(3352 3368 3756 3740)
4(651 652 3756 3368)
4(650 3740 3756 652)
4(3353 3369 3757 3741)
4(3368 3756 3757 3369)
4(3740 3741 3757 3756)
4(3354 3370 3758 3742)
4(3369 3757 3758 3370)
4(3741 3742 3758 3757)
4(3355 3371 3759 3743)
4(3370 3758 3759 3371)
4(3742 3743 3759 3758)
4(3356 3372 3760 3744)
4(3371 3759 3760 3372)
4(3743 3744 3760 3759)
4(3357 3373 3761 3745)
4(3372 3760 3761 3373)
4(3744 3745 3761 3760)
4(3358 3374 3762 3746)
4(3373 3761 3762 3374)
4(3745 3746 3762 3761)
4(3359 3375 3763 3747)
4(3374 3762 3763 3375)
4(3746 3747 3763 3762)
4(3360 3376 3764 3748)
4(3375 3763 3764 3376)
4(3747 3748 3764 3763)
4(3361 3377 3765 3749)
4(3376 3764 3765 3377)
4(3748 3749 3765 3764)
4(3362 3378 3766 3750)
4(3377 3765 3766 3378)
4(3749 3750 3766 3765)
4(3363 3379 3767 3751)
4(3378 3766 3767 3379)
4(3750 3751 3767 3766)
4(3364 3380 3768 3752)
4(3379 3767 3768 3380)
4(3751 3752 3768 3767)
4(3365 3381 3769 3753)
4(3380 3768 3769 3381)
4(3752 3753 3769 3768)
4(3366 3382 3770 3754)
4(3381 3769 3770 3382)
4(3753 3754 3770 3769)
4(3367 3383 3771 3755)
4(3382 3770 3771 3383)
4(3754 3755 3771 3770)
4(3383 3771 504 503)
4(3755 502 504 3771)
4(501 503 504 502)
4(3368 3384 3772 3756)
4(653 654 3772 3384)
4(652 3756 3772 654)
4(3369 3385 3773 3757)
4(3384 3772 3773 3385)
4(3756 3757 3773 3772)
4(3370 3386 3774 3758)
4(3385 3773 3774 3386)
4(3757 3758 3774 3773)
4(3371 3387 3775 3759)
4(3386 3774 3775 3387)
4(3758 3759 3775 3774)
4(3372 3388 3776 3760)
4(3387 3775 3776 3388)
4(3759 3760 3776 3775)
4(3373 3389 3777 3761)
4(3388 3776 3777 3389)
4(3760 3761 3777 3776)
4(3374 3390 3778 3762)
4(3389 3777 3778 3390)
4(3761 3762 3778 3777)
4(3375 3391 3779 3763)
4(3390 3778 3779 3391)
4(3762 3763 3779 3778)
4(3376 3392 3780 3764)
4(3391 3779 3780 3392)
4(3763 3764 3780 3779)
4(3377 3393 3781 3765)
4(3392 3780 3781 3393)
4(3764 3765 3781 3780)
4(3378 3394 3782 3766)
4(3393 3781 3782 3394)
4(3765 3766 3782 3781)
4(3379 3395 3783 3767)
4(3394 3782 3783 3395)
4(3766 3767 3783 3782)
4(3380 3396 3784 3768)
4(3395 3783 3784 3396)
4(3767 3768 3784 3783)
4(3381 3397 3785 3769)
4(3396 3784 3785 3397)
4(3768 3769 3785 3784)
4(3382 3398 3786 3770)
4(3397 3785 3786 3398)
4(3769 3770 3786 3785)
4(3383 3399 3787 3771)
4(3398 3786 3787 3399)
4(3770 3771 3787 3786)
4(3399 3787 506 505)
4(3771 504 506 3787)
4(503 505 506 504)
4(3384 3400 3788 3772)
4(655 656 3788 3400)
4(654 3772 3788 656)
4(3385 3401 3789 3773)
4(3400 3788 3789 3401)
4(3772 3773 3789 3788)
4(3386 3402 3790 3774)
4(3401 3789 3790 3402)
4(3773 3774 3790 3789)
4(3387 3403 3791 3775)
4(3402 3790 3791 3403)
4(3774 3775 3791 3790)
4(3388 3404 3792 3776)
4(3403 3791 3792 3404)
4(3775 3776 3792 3791)
4(3389 3405 3793 3777)
4(3404 3792 3793 3405)
4(3776 3777 3793 3792)
4(3390 3406 3794 3778)
4(3405 3793 3794 3406)
4(3777 3778 3794 3793)
4(3391 3407 3795 3779)
4(3406 3794 3795 3407)
4(3778 3779 3795 3794)
4(3392 3408 3796 3780)
4(3407 3795 3796 3408)
4(3779 3780 3796 3795)
4(3393 3409 3797 3781)
4(3408 3796 3797 3409)
4(3780 3781 3797 3796)
4(3394 3410 3798 3782)
4(3409 3797 3798 3410)
4(3781 3782 3798 3797)
4(3395 3411 3799 3783)
4(3410 3798 3799 3411)
4(3782 3783 3799 3798)
4(3396 3412 3800 3784)
4(3411 3799 3800 3412)
4(3783 3784 3800 3799)
4(3397 3413 3801 3785)
4(3412 3800 3801 3413)
4(3784 3785 3801 3800)
4(3398 3414 3802 3786)
4(3413 3801 3802 3414)
4(3785 3786 3802 3801)
4(3399 3415 3803 3787)
4(3414 3802 3803 3415)
4(3786 3787 3803 3802)
4(3415 3803 508 507)
4(3787 506 508 3803)
4(505 507 508 506)
4(3400 3416 3804 3788)
4(657 658 3804 3416)
4(656 3788 3804 658)
4(3401 3417 3805 3789)
4(3416 3804 3805 3417)
4(3788 3789 3805 3804)
4(3402 3418 3806 3790)
4(3417 3805 3806 3418)
4(3789 3790 3806 3805)
4(3403 3419 3807 3791)
4(3418 3806 3807 3419)
4(3790 3791 3807 3806)
4(3404 3420 3808 3792)
4(3419 3807 3808 3420)
4(3791 3792 3808 3807)
4(3405 3421 3809 3793)
4(3420 3808 3809 3421)
4(3792 3793 3809 3808)
4(3406 3422 3810 3794)
4(3421 3809 3810 3422)
4(3793 3794 3810 3809)
4(3407 3423 3811 3795)
4(3422 3810 3811 3423)
4(3794 3795 3811 3810)
4(3408 3424 3812 3796)
4(3423 3811 3812 3424)
4(3795 3796 3812 3811)
4(3409 3425 3813 3797)
4(3424 3812 3813 3425)
4(3796 3797 3813 3812)
4(3410 3426 3814 3798)
4(3425 3813 3814 3426)
4(3797 3798 3814 3813)
4(3411 3427 3815 3799)
4(3426 3814 3815 3427)
4(3798 3799 3815 3814)
4(3412 3428 3816 3800)
4(3427 3815 3816 3428)
4(3799 3800 3816 3815)
4(3413 3429 3817 3801)
4(3428 3816 3817 3429)
4(3800 3801 3817 3816)
4(3414 3430 3818 3802)
4(3429 3817 3818 3430)
4(3801 3802 3818 3817)
4(3415 3431 3819 3803)
4(3430 3818 3819 3431)
4(3802 3803 3819 3818)
4(3431 3819 510 509)
4(3803 508 510 3819)
4(507 509 510 508)
4(3416 3432 3820 3804)
4(659 660 3820 3432)
4(658 3804 3820 660)
4(3417 3433 3821 3805)
4(3432 3820 3821 3433)
4(3804 3805 3821 3820)
4(3418 3434 3822 3806)
4(3433 3821 3822 3434)
4(3805 3806 3822 3821)
4(3419 3435 3823 3807)
4(3434 3822 3823 3435)
4(3806 3807 3823 3822)
4(3420 3436 3824 3808)
4(3435 3823 3824 3436)
4(3807 3808 3824 3823)
4(3421 3437 3825 3809)
4(3436 3824 3825 3437)
4(3808 3809 3825 3824)
4(3422 3438 3826 3810)
4(3437 3825 3826 3438)
4(3809 3810 3826 3825)
4(3423 3439 3827 3811)
4(3438 3826 3827 3439)
4(3810 3811 3827 3826)
4(3424 3440 3828 3812)
4(3439 3827 3828 3440)
4(3811 3812 3828 3827)
4(3425 3441 3829 3813)
4(3440 3828 3829 3441)
4(3812 3813 3829 3828)
4(3426 3442 3830 3814)
4(3441 3829 3830 3442)
4(3813 3814 3830 3829)
4(3427 3443 3831 3815)
4(3442 3830 3831 3443)
4(3814 3815 3831 3830)
4(3428 3444 3832 3816)
4(3443 3831 3832 3444)
4(3815 3816 3832 3831)
4(3429 3445 3833 3817)
4(3444 3832 3833 3445)
4(3816 3817 3833 3832)
4(3430 3446 3834 3818)
4(3445 3833 3834 3446)
4(3817 3818 3834 3833)
4(3431 3447 3835 3819)
4(3446 3834 3835 3447)
4(3818 3819 3835 3834)
4(3447 3835 512 511)
4(3819 510 512 3835)
4(509 511 512 510)
4(3432 3448 3836 3820)
4(661 662 3836 3448)
4(660 3820 3836 662)
4(3433 3449 3837 3821)
4(3448 3836 3837 3449)
4(3820 3821 3837 3836)
4(3434 3450 3838 3822)
4(3449 3837 3838 3450)
4(3821 3822 3838 3837)
4(3435 3451 3839 3823)
4(3450 3838 3839 3451)
4(3822 3823 3839 3838)
4(3436 3452 3840 3824)
4(3451 3839 3840 3452)
4(3823 3824 3840 3839)
4(3437 3453 3841 3825)
4(3452 3840 3841 3453)
4(3824 3825 3841 3840)
4(3438 3454 3842 3826)
4(3453 3841 3842 3454)
4(3825 3826 3842 3841)
4(3439 3455 3843 3827)
4(3454 3842 3843 3455)
4(3826 3827 3843 3842)
4(3440 3456 3844 3828)
4(3455 3843 3844 3456)
4(3827 3828 3844 3843)
4(3441 3457 3845 3829)
4(3456 3844 3845 3457)
4(3828 3829 3845 3844)
4(3442 3458 3846 3830)
4(3457 3845 3846 3458)
4(3829 3830 3846 3845)
4(3443 3459 3847 3831)
4(3458 3846 3847 3459)
4(3830 3831 3847 3846)
4(3444 3460 3848 3832)
4(3459 3847 3848 3460)
4(3831 3832 3848 3847)
4(3445 3461 3849 3833)
4(3460 3848 3849 3461)
4(3832 3833 3849 3848)
4(3446 3462 3850 3834)
4(3461 3849 3850 3462)
4(3833 3834 3850 3849)
4(3447 3463 3851 3835)
4(3462 3850 3851 3463)
4(3834 3835 3851 3850)
4(3463 3851 514 513)
4(3835 512 514 3851)
4(511 513 514 512)
4(3448 3464 3852 3836)
4(663 664 3852 3464)
4(662 3836 3852 664)
4(3449 3465 3853 3837)
4(3464 3852 3853 3465)
4(3836 3837 3853 3852)
4(3450 3466 3854 3838)
4(3465 3853 3854 3466)
4(3837 3838 3854 3853)
4(3451 3467 3855 3839)
4(3466 3854 3855 3467)
4(3838 3839 3855 3854)
4(3452 3468 3856 3840)
4(3467 3855 3856 3468)
4(3839 3840 3856 3855)
4(3453 3469 3857 3841)
4(3468 3856 3857 3469)
4(3840 3841 3857 3856)
4(3454 3470 3858 3842)
4(3469 3857 3858 3470)
4(3841 3842 3858 3857)
4(3455 3471 3859 3843)
4(3470 3858 3859 3471)
4(3842 3843 3859 3858)
4(3456 3472 3860 3844)
4(3471 3859 3860 3472)
4(3843 3844 3860 3859)
4(3457 3473 3861 3845)
4(3472 3860 3861 3473)
4(3844 3845 3861 3860)
4(3458 3474 3862 3846)
4(3473 3861 3862 3474)
4(3845 3846 3862 3861)
4(3459 3475 3863 3847)
4(3474 3862 3863 3475)
4(3846 3847 3863 3862)
4(3460 3476 3864 3848)
4(3475 3863 3864 3476)
4(3847 3848 3864 3863)
4(3461 3477 3865 3849)
4(3476 3864 3865 3477)
4(3848 3849 3865 3864)
4(3462 3478 3866 3850)
4(3477 3865 3866 3478)
4(3849 3850 3866 3865)
4(3463 3479 3867 3851)
4(3478 3866 3867 3479)
4(3850 3851 3867 3866)
4(3479 3867 516 515)
4(3851 514 516 3867)
4(513 515 516 514)
4(3464 3480 3868 3852)
4(665 666 3868 3480)
4(664 3852 3868 666)
4(3465 3481 3869 3853)
4(3480 3868 3869 3481)
4(3852 3853 3869 3868)
4(3466 3482 3870 3854)
4(3481 3869 3870 3482)
4(3853 3854 3870 3869)
4(3467 3483 3871 3855)
4(3482 3870 3871 3483)
4(3854 3855 3871 3870)
4(3468 3484 3872 3856)
4(3483 3871 3872 3484)
4(3855 3856 3872 3871)
4(3469 3485 3873 3857)
4(3484 3872 3873 3485)
4(3856 3857 3873 3872)
4(3470 3486 3874 3858)
4(3485 3873 3874 3486)
4(3857 3858 3874 3873)
4(3471 3487 3875 3859)
4(3486 3874 3875 3487)
4(3858 3859 3875 3874)
4(3472 3488 3876 3860)
4(3487 3875 3876 3488)
4(3859 3860 3876 3875)
4(3473 3489 3877 3861)
4(3488 3876 3877 3489)
4(3860 3861 3877 3876)
4(3474 3490 3878 3862)
4(3489 3877 3878 3490)
4(3861 3862 3878 3877)
4(3475 3491 3879 3863)
4(3490 3878 3879 3491)
4(3862 3863 3879 3878)
4(3476 3492 3880 3864)
4(3491 3879 3880 3492)
4(3863 3864 3880 3879)
4(3477 3493 3881 3865)
4(3492 3880 3881 3493)
4(3864 3865 3881 3880)
4(3478 3494 3882 3866)
4(3493 3881 3882 3494)
4(3865 3866 3882 3881)
4(3479 3495 3883 3867)
4(3494 3882 3883 3495)
4(3866 3867 3883 3882)
4(3495 3883 518 517)
4(3867 516 518 3883)
4(515 517 518 516)
4(3480 3496 3884 3868)
4(667 668 3884 3496)
4(666 3868 3884 668)
4(3481 3497 3885 3869)
4(3496 3884 3885 3497)
4(3868 3869 3885 3884)
4(3482 3498 3886 3870)
4(3497 3885 3886 3498)
4(3869 3870 3886 3885)
4(3483 3499 3887 3871)
4(3498 3886 3887 3499)
4(3870 3871 3887 3886)
4(3484 3500 3888 3872)
4(3499 3887 3888 3500)
4(3871 3872 3888 3887)
4(3485 3501 3889 3873)
4(3500 3888 3889 3501)
4(3872 3873 3889 3888)
4(3486 3502 3890 3874)
4(3501 3889 3890 3502)
4(3873 3874 3890 3889)
4(3487 3503 3891 3875)
4(3502 3890 3891 3503)
4(3874 3875 3891 3890)
4(3488 3504 3892 3876)
4(3503 3891 3892 3504)
4(3875 3876 3892 3891)
4(3489 3505 3893 3877)
4(3504 3892 3893 3505)
4(3876 3877 3893 3892)
4(3490 3506 3894 3878)
4(3505 3893 3894 3506)
4(3877 3878 3894 3893)
4(3491 3507 3895 3879)
4(3506 3894 3895 3507)
4(3878 3879 3895 3894)
4(3492 3508 3896 3880)
4(3507 3895 3896 3508)
4(3879 3880 3896 3895)
4(3493 3509 3897 3881)
4(3508 3896 3897 3509)
4(3880 3881 3897 3896)
4(3494 3510 3898 3882)
4(3509 3897 3898 3510)
4(3881 3882 3898 3897)
4(3495 3511 3899 3883)
4(3510 3898 3899 3511)
4(3882 3883 3899 3898)
4(3511 3899 520 519)
4(3883 518 520 3899)
4(517 519 520 518)
4(3496 671 672 3884)
4(668 3884 672 670)
4(3497 3512 3900 3885)
4(671 672 3900 3512)
4(3884 3885 3900 672)
4(3498 3513 3901 3886)
4(3512 3900 3901 3513)
4(3885 3886 3901 3900)
4(3499 3514 3902 3887)
4(3513 3901 3902 3514)
4(3886 3887 3902 3901)
4(3500 3515 3903 3888)
4(3514 3902 3903 3515)
4(3887 3888 3903 3902)
4(3501 3516 3904 3889)
4(3515 3903 3904 3516)
4(3888 3889 3904 3903)
4(3502 3517 3905 3890)
4(3516 3904 3905 3517)
4(3889 3890 3905 3904)
4(3503 3518 3906 3891)
4(3517 3905 3906 3518)
4(3890 3891 3906 3905)
4(3504 3519 3907 3892)
4(3518 3906 3907 3519)
4(3891 3892 3907 3906)
4(3505 3520 3908 3893)
4(3519 3907 3908 3520)
4(3892 3893 3908 3907)
4(3506 3521 3909 3894)
4(3520 3908 3909 3521)
4(3893 3894 3909 3908)
4(3507 3522 3910 3895)
4(3521 3909 3910 3522)
4(3894 3895 3910 3909)
4(3508 3523 3911 3896)
4(3522 3910 3911 3523)
4(3895 3896 3911 3910)
4(3509 3524 3912 3897)
4(3523 3911 3912 3524)
4(3896 3897 3912 3911)
4(3510 3525 3913 3898)
4(3524 3912 3913 3525)
4(3897 3898 3913 3912)
4(3511 3526 3914 3899)
4(3525 3913 3914 3526)
4(3898 3899 3914 3913)
4(3526 3914 522 521)
4(3899 520 522 3914)
4(519 521 522 520)
4(3512 3527 3915 3900)
4(673 674 3915 3527)
4(672 3900 3915 674)
4(3513 3528 3916 3901)
4(3527 3915 3916 3528)
4(3900 3901 3916 3915)
4(3514 3529 3917 3902)
4(3528 3916 3917 3529)
4(3901 3902 3917 3916)
4(3515 3530 3918 3903)
4(3529 3917 3918 3530)
4(3902 3903 3918 3917)
4(3516 3531 3919 3904)
4(3530 3918 3919 3531)
4(3903 3904 3919 3918)
4(3517 3532 3920 3905)
4(3531 3919 3920 3532)
4(3904 3905 3920 3919)
4(3518 3533 3921 3906)
4(3532 3920 3921 3533)
4(3905 3906 3921 3920)
4(3519 3534 3922 3907)
4(3533 3921 3922 3534)
4(3906 3907 3922 3921)
4(3520 3535 3923 3908)
4(3534 3922 3923 3535)
4(3907 3908 3923 3922)
4(3521 3536 3924 3909)
4(3535 3923 3924 3536)
4(3908 3909 3924 3923)
4(3522 3537 3925 3910)
4(3536 3924 3925 3537)
4(3909 3910 3925 3924)
4(3523 3538 3926 3911)
4(3537 3925 3926 3538)
4(3910 3911 3926 3925)
4(3524 3539 3927 3912)
4(3538 3926 3927 3539)
4(3911 3912 3927 3926)
4(3525 3540 3928 3913)
4(3539 3927 3928 3540)
4(3912 3913 3928 3927)
4(3526 3541 3929 3914)
4(3540 3928 3929 3541)
4(3913 3914 3929 3928)
4(3541 3929 524 523)
4(3914 522 524 3929)
4(521 523 524 522)
4(3527 3542 3930 3915)
4(676 677 3930 3542)
4(674 3915 3930 677)
4(3528 3543 3931 3916)
4(3542 3930 3931 3543)
4(3915 3916 3931 3930)
4(3529 3544 3932 3917)
4(3543 3931 3932 3544)
4(3916 3917 3932 3931)
4(3530 3545 3933 3918)
4(3544 3932 3933 3545)
4(3917 3918 3933 3932)
4(3531 3546 3934 3919)
4(3545 3933 3934 3546)
4(3918 3919 3934 3933)
4(3532 3547 3935 3920)
4(3546 3934 3935 3547)
4(3919 3920 3935 3934)
4(3533 3548 3936 3921)
4(3547 3935 3936 3548)
4(3920 3921 3936 3935)
4(3534 3549 3937 3922)
4(3548 3936 3937 3549)
4(3921 3922 3937 3936)
4(3535 3550 3938 3923)
4(3549 3937 3938 3550)
4(3922 3923 3938 3937)
4(3536 3551 3939 3924)
4(3550 3938 3939 3551)
4(3923 3924 3939 3938)
4(3537 3552 3940 3925)
4(3551 3939 3940 3552)
4(3924 3925 3940 3939)
4(3538 3553 3941 3926)
4(3552 3940 3941 3553)
4(3925 3926 3941 3940)
4(3539 3554 3942 3927)
4(3553 3941 3942 3554)
4(3926 3927 3942 3941)
4(3540 3555 3943 3928)
4(3554 3942 3943 3555)
4(3927 3928 3943 3942)
4(3541 3556 3944 3929)
4(3555 3943 3944 3556)
4(3928 3929 3944 3943)
4(3556 3944 526 525)
4(3929 524 526 3944)
4(523 525 526 524)
4(3542 3557 3945 3930)
4(679 680 3945 3557)
4(677 3930 3945 680)
4(3543 3558 3946 3931)
4(3557 3945 3946 3558)
4(3930 3931 3946 3945)
4(3544 3559 3947 3932)
4(3558 3946 3947 3559)
4(3931 3932 3947 3946)
4(3545 3560 3948 3933)
4(3559 3947 3948 3560)
4(3932 3933 3948 3947)
4(3546 3561 3949 3934)
4(3560 3948 3949 3561)
4(3933 3934 3949 3948)
4(3547 3562 3950 3935)
4(3561 3949 3950 3562)
4(3934 3935 3950 3949)
4(3548 3563 3951 3936)
4(3562 3950 3951 3563)
4(3935 3936 3951 3950)
4(3549 3564 3952 3937)
4(3563 3951 3952 3564)
4(3936 3937 3952 3951)
4(3550 3565 3953 3938)
4(3564 3952 3953 3565)
4(3937 3938 3953 3952)
4(3551 3566 3954 3939)
4(3565 3953 3954 3566)
4(3938 3939 3954 3953)
4(3552 3567 3955 3940)
4(3566 3954 3955 3567)
4(3939 3940 3955 3954)
4(3553 3568 3956 3941)
4(3567 3955 3956 3568)
4(3940 3941 3956 3955)
4(3554 3569 3957 3942)
4(3568 3956 3957 3569)
4(3941 3942 3957 3956)
4(3555 3570 3958 3943)
4(3569 3957 3958 3570)
4(3942 3943 3958 3957)
4(3556 3571 3959 3944)
4(3570 3958 3959 3571)
4(3943 3944 3959 3958)
4(3571 3959 528 527)
4(3944 526 528 3959)
4(525 527 528 526)
4(3557 3572 3960 3945)
4(681 682 3960 3572)
4(680 3945 3960 682)
4(3558 3573 3961 3946)
4(3572 3960 3961 3573)
4(3945 3946 3961 3960)
4(3559 3574 3962 3947)
4(3573 3961 3962 3574)
4(3946 3947 3962 3961)
4(3560 3575 3963 3948)
4(3574 3962 3963 3575)
4(3947 3948 3963 3962)
4(3561 3576 3964 3949)
4(3575 3963 3964 3576)
4(3948 3949 3964 3963)
4(3562 3577 3965 3950)
4(3576 3964 3965 3577)
4(3949 3950 3965 3964)
4(3563 3578 3966 3951)
4(3577 3965 3966 3578)
4(3950 3951 3966 3965)
4(3564 3579 3967 3952)
4(3578 3966 3967 3579)
4(3951 3952 3967 3966)
4(3565 3580 3968 3953)
4(3579 3967 3968 3580)
4(3952 3953 3968 3967)
4(3566 3581 3969 3954)
4(3580 3968 3969 3581)
4(3953 3954 3969 3968)
4(3567 3582 3970 3955)
4(3581 3969 3970 3582)
4(3954 3955 3970 3969)
4(3568 3583 3971 3956)
4(3582 3970 3971 3583)
4(3955 3956 3971 3970)
4(3569 3584 3972 3957)
4(3583 3971 3972 3584)
4(3956 3957 3972 3971)
4(3570 3585 3973 3958)
4(3584 3972 3973 3585)
4(3957 3958 3973 3972)
4(3571 3586 3974 3959)
4(3585 3973 3974 3586)
4(3958 3959 3974 3973)
4(3586 3974 530 529)
4(3959 528 530 3974)
4(527 529 530 528)
4(3572 3587 3975 3960)
4(683 684 3975 3587)
4(682 3960 3975 684)
4(3573 3588 3976 3961)
4(3587 3975 3976 3588)
4(3960 3961 3976 3975)
4(3574 3589 3977 3962)
4(3588 3976 3977 3589)
4(3961 3962 3977 3976)
4(3575 3590 3978 3963)
4(3589 3977 3978 3590)
4(3962 3963 3978 3977)
4(3576 3591 3979 3964)
4(3590 3978 3979 3591)
4(3963 3964 3979 3978)
4(3577 3592 3980 3965)
4(3591 3979 3980 3592)
4(3964 3965 3980 3979)
4(3578 3593 3981 3966)
4(3592 3980 3981 3593)
4(3965 3966 3981 3980)
4(3579 3594 3982 3967)
4(3593 3981 3982 3594)
4(3966 3967 3982 3981)
4(3580 3595 3983 3968)
4(3594 3982 3983 3595)
4(3967 3968 3983 3982)
4(3581 3596 3984 3969)
4(3595 3983 3984 3596)
4(3968 3969 3984 3983)
4(3582 3597 3985 3970)
4(3596 3984 3985 3597)
4(3969 3970 3985 3984)
4(3583 3598 3986 3971)
4(3597 3985 3986 3598)
4(3970 3971 3986 3985)
4(3584 3599 3987 3972)
4(3598 3986 3987 3599)
4(3971 3972 3987 3986)
4(3585 3600 3988 3973)
4(3599 3987 3988 3600)
4(3972 3973 3988 3987)
4(3586 3601 3989 3974)
4(3600 3988 3989 3601)
4(3973 3974 3989 3988)
4(3601 3989 532 531)
4(3974 530 532 3989)
4(529 531 532 530)
4(3587 3602 3990 3975)
4(685 686 3990 3602)
4(684 3975 3990 686)
4(3588 3603 3991 3976)
4(3602 3990 3991 3603)
4(3975 3976 3991 3990)
4(3589 3604 3992 3977)
4(3603 3991 3992 3604)
4(3976 3977 3992 3991)
4(3590 3605 3993 3978)
4(3604 3992 3993 3605)
4(3977 3978 3993 3992)
4(3591 3606 3994 3979)
4(3605 3993 3994 3606)
4(3978 3979 3994 3993)
4(3592 3607 3995 3980)
4(3606 3994 3995 3607)
4(3979 3980 3995 3994)
4(3593 3608 3996 3981)
4(3607 3995 3996 3608)
4(3980 3981 3996 3995)
4(3594 3609 3997 3982)
4(3608 3996 3997 3609)
4(3981 3982 3997 3996)
4(3595 3610 3998 3983)
4(3609 3997 3998 3610)
4(3982 3983 3998 3997)
4(3596 3611 3999 3984)
4(3610 3998 3999 3611)
4(3983 3984 3999 3998)
4(3597 3612 4000 3985)
4(3611 3999 4000 3612)
4(3984 3985 4000 3999)
4(3598 3613 4001 3986)
4(3612 4000 4001 3613)
4(3985 3986 4001 4000)
4(3599 3614 4002 3987)
4(3613 4001 4002 3614)
4(3986 3987 4002 4001)
4(3600 3615 4003 3988)
4(3614 4002 4003 3615)
4(3987 3988 4003 4002)
4(3601 3616 4004 3989)
4(3615 4003 4004 3616)
4(3988 3989 4004 4003)
4(3616 4004 534 533)
4(3989 532 534 4004)
4(531 533 534 532)
4(3602 3617 4005 3990)
4(687 688 4005 3617)
4(686 3990 4005 688)
4(3603 3618 4006 3991)
4(3617 4005 4006 3618)
4(3990 3991 4006 4005)
4(3604 3619 4007 3992)
4(3618 4006 4007 3619)
4(3991 3992 4007 4006)
4(3605 3620 4008 3993)
4(3619 4007 4008 3620)
4(3992 3993 4008 4007)
4(3606 3621 4009 3994)
4(3620 4008 4009 3621)
4(3993 3994 4009 4008)
4(3607 3622 4010 3995)
4(3621 4009 4010 3622)
4(3994 3995 4010 4009)
4(3608 3623 4011 3996)
4(3622 4010 4011 3623)
4(3995 3996 4011 4010)
4(3609 3624 4012 3997)
4(3623 4011 4012 3624)
4(3996 3997 4012 4011)
4(3610 3625 4013 3998)
4(3624 4012 4013 3625)
4(3997 3998 4013 4012)
4(3611 3626 4014 3999)
4(3625 4013 4014 3626)
4(3998 3999 4014 4013)
4(3612 3627 4015 4000)
4(3626 4014 4015 3627)
4(3999 4000 4015 4014)
4(3613 3628 4016 4001)
4(3627 4015 4016 3628)
4(4000 4001 4016 4015)
4(3614 3629 4017 4002)
4(3628 4016 4017 3629)
4(4001 4002 4017 4016)
4(3615 3630 4018 4003)
4(3629 4017 4018 3630)
4(4002 4003 4018 4017)
4(3616 3631 4019 4004)
4(3630 4018 4019 3631)
4(4003 4004 4019 4018)
4(3631 4019 536 535)
4(4004 534 536 4019)
4(533 535 536 534)
4(3617 3632 4020 4005)
4(689 690 4020 3632)
4(688 4005 4020 690)
4(3618 3633 4021 4006)
4(3632 4020 4021 3633)
4(4005 4006 4021 4020)
4(3619 3634 4022 4007)
4(3633 4021 4022 3634)
4(4006 4007 4022 4021)
4(3620 3635 4023 4008)
4(3634 4022 4023 3635)
4(4007 4008 4023 4022)
4(3621 3636 4024 4009)
4(3635 4023 4024 3636)
4(4008 4009 4024 4023)
4(3622 3637 4025 4010)
4(3636 4024 4025 3637)
4(4009 4010 4025 4024)
4(3623 3638 4026 4011)
4(3637 4025 4026 3638)
4(4010 4011 4026 4025)
4(3624 3639 4027 4012)
4(3638 4026 4027 3639)
4(4011 4012 4027 4026)
4(3625 3640 4028 4013)
4(3639 4027 4028 3640)
4(4012 4013 4028 4027)
4(3626 3641 4029 4014)
4(3640 4028 4029 3641)
4(4013 4014 4029 4028)
4(3627 3642 4030 4015)
4(3641 4029 4030 3642)
4(4014 4015 4030 4029)
4(3628 3643 4031 4016)
4(3642 4030 4031 3643)
4(4015 4016 4031 4030)
4(3629 3644 4032 4017)
4(3643 4031 4032 3644)
4(4016 4017 4032 4031)
4(3630 3645 4033 4018)
4(3644 4032 4033 3645)
4(4017 4018 4033 4032)
4(3631 3646 4034 4019)
4(3645 4033 4034 3646)
4(4018 4019 4034 4033)
4(3646 4034 538 537)
4(4019 536 538 4034)
4(535 537 538 536)
4(3632 3647 4035 4020)
4(691 692 4035 3647)
4(690 4020 4035 692)
4(3633 3648 4036 4021)
4(3647 4035 4036 3648)
4(4020 4021 4036 4035)
4(3634 3649 4037 4022)
4(3648 4036 4037 3649)
4(4021 4022 4037 4036)
4(3635 3650 4038 4023)
4(3649 4037 4038 3650)
4(4022 4023 4038 4037)
4(3636 3651 4039 4024)
4(3650 4038 4039 3651)
4(4023 4024 4039 4038)
4(3637 3652 4040 4025)
4(3651 4039 4040 3652)
4(4024 4025 4040 4039)
4(3638 3653 4041 4026)
4(3652 4040 4041 3653)
4(4025 4026 4041 4040)
4(3639 3654 4042 4027)
4(3653 4041 4042 3654)
4(4026 4027 4042 4041)
4(3640 3655 4043 4028)
4(3654 4042 4043 3655)
4(4027 4028 4043 4042)
4(3641 3656 4044 4029)
4(3655 4043 4044 3656)
4(4028 4029 4044 4043)
4(3642 3657 4045 4030)
4(3656 4044 4045 3657)
4(4029 4030 4045 4044)
4(3643 3658 4046 4031)
4(3657 4045 4046 3658)
4(4030 4031 4046 4045)
4(3644 3659 4047 4032)
4(3658 4046 4047 3659)
4(4031 4032 4047 4046)
4(3645 3660 4048 4033)
4(3659 4047 4048 3660)
4(4032 4033 4048 4047)
4(3646 3661 4049 4034)
4(3660 4048 4049 3661)
4(4033 4034 4049 4048)
4(3661 4049 540 539)
4(4034 538 540 4049)
4(537 539 540 538)
4(3647 3662 4050 4035)
4(693 694 4050 3662)
4(692 4035 4050 694)
4(3648 3663 4051 4036)
4(3662 4050 4051 3663)
4(4035 4036 4051 4050)
4(3649 3664 4052 4037)
4(3663 4051 4052 3664)
4(4036 4037 4052 4051)
4(3650 3665 4053 4038)
4(3664 4052 4053 3665)
4(4037 4038 4053 4052)
4(3651 3666 4054 4039)
4(3665 4053 4054 3666)
4(4038 4039 4054 4053)
4(3652 3667 4055 4040)
4(3666 4054 4055 3667)
4(4039 4040 4055 4054)
4(3653 3668 4056 4041)
4(3667 4055 4056 3668)
4(4040 4041 4056 4055)
4(3654 3669 4057 4042)
4(3668 4056 4057 3669)
4(4041 4042 4057 4056)
4(3655 3670 4058 4043)
4(3669 4057 4058 3670)
4(4042 4043 4058 4057)
4(3656 3671 4059 4044)
4(3670 4058 4059 3671)
4(4043 4044 4059 4058)
4(3657 3672 4060 4045)
4(3671 4059 4060 3672)
4(4044 4045 4060 4059)
4(3658 3673 4061 4046)
4(3672 4060 4061 3673)
4(4045 4046 4061 4060)
4(3659 3674 4062 4047)
4(3673 4061 4062 3674)
4(4046 4047 4062 4061)
4(3660 3675 4063 4048)
4(3674 4062 4063 3675)
4(4047 4048 4063 4062)
4(3661 0 1 4049)
4(3675 4063 1 0)
4(4048 4049 1 4063)
4(4049 540 2 1)
4(539 3 2 540)
4(0 1 2 3)
4(3662 7 6 4050)
4(694 4050 6 5)
4(4 5 6 7)
4(3663 9 8 4051)
4(4050 4051 8 6)
4(7 6 8 9)
4(3664 11 10 4052)
4(4051 4052 10 8)
4(9 8 10 11)
4(3665 13 12 4053)
4(4052 4053 12 10)
4(11 10 12 13)
4(3666 15 14 4054)
4(4053 4054 14 12)
4(13 12 14 15)
4(3667 17 16 4055)
4(4054 4055 16 14)
4(15 14 16 17)
4(3668 19 18 4056)
4(4055 4056 18 16)
4(17 16 18 19)
4(3669 21 20 4057)
4(4056 4057 20 18)
4(19 18 20 21)
4(3670 23 22 4058)
4(4057 4058 22 20)
4(21 20 22 23)
4(3671 25 24 4059)
4(4058 4059 24 22)
4(23 22 24 25)
4(3672 27 26 4060)
4(4059 4060 26 24)
4(25 24 26 27)
4(3673 29 28 4061)
4(4060 4061 28 26)
4(27 26 28 29)
4(3674 31 30 4062)
4(4061 4062 30 28)
4(29 28 30 31)
4(3675 33 32 4063)
4(4062 4063 32 30)
4(31 30 32 33)
4(4063 1 35 32)
4(0 34 35 1)
4(33 32 35 34)
4(3676 3692 4080 4064)
4(643 695 4080 3692)
4(696 4064 4080 695)
4(3677 3693 4081 4065)
4(3692 4080 4081 3693)
4(4064 4065 4081 4080)
4(3678 3694 4082 4066)
4(3693 4081 4082 3694)
4(4065 4066 4082 4081)
4(3679 3695 4083 4067)
4(3694 4082 4083 3695)
4(4066 4067 4083 4082)
4(3680 3696 4084 4068)
4(3695 4083 4084 3696)
4(4067 4068 4084 4083)
4(3681 3697 4085 4069)
4(3696 4084 4085 3697)
4(4068 4069 4085 4084)
4(3682 3698 4086 4070)
4(3697 4085 4086 3698)
4(4069 4070 4086 4085)
4(3683 3699 4087 4071)
4(3698 4086 4087 3699)
4(4070 4071 4087 4086)
4(3684 3700 4088 4072)
4(3699 4087 4088 3700)
4(4071 4072 4088 4087)
4(3685 3701 4089 4073)
4(3700 4088 4089 3701)
4(4072 4073 4089 4088)
4(3686 3702 4090 4074)
4(3701 4089 4090 3702)
4(4073 4074 4090 4089)
4(3687 3703 4091 4075)
4(3702 4090 4091 3703)
4(4074 4075 4091 4090)
4(3688 3704 4092 4076)
4(3703 4091 4092 3704)
4(4075 4076 4092 4091)
4(3689 3705 4093 4077)
4(3704 4092 4093 3705)
4(4076 4077 4093 4092)
4(3690 3706 4094 4078)
4(3705 4093 4094 3706)
4(4077 4078 4094 4093)
4(3691 3707 4095 4079)
4(3706 4094 4095 3707)
4(4078 4079 4095 4094)
4(3707 4095 541 495)
4(4079 542 541 4095)
4(496 495 541 542)
4(3692 3708 4096 4080)
4(646 697 4096 3708)
4(695 4080 4096 697)
4(3693 3709 4097 4081)
4(3708 4096 4097 3709)
4(4080 4081 4097 4096)
4(3694 3710 4098 4082)
4(3709 4097 4098 3710)
4(4081 4082 4098 4097)
4(3695 3711 4099 4083)
4(3710 4098 4099 3711)
4(4082 4083 4099 4098)
4(3696 3712 4100 4084)
4(3711 4099 4100 3712)
4(4083 4084 4100 4099)
4(3697 3713 4101 4085)
4(3712 4100 4101 3713)
4(4084 4085 4101 4100)
4(3698 3714 4102 4086)
4(3713 4101 4102 3714)
4(4085 4086 4102 4101)
4(3699 3715 4103 4087)
4(3714 4102 4103 3715)
4(4086 4087 4103 4102)
4(3700 3716 4104 4088)
4(3715 4103 4104 3716)
4(4087 4088 4104 4103)
4(3701 3717 4105 4089)
4(3716 4104 4105 3717)
4(4088 4089 4105 4104)
4(3702 3718 4106 4090)
4(3717 4105 4106 3718)
4(4089 4090 4106 4105)
4(3703 3719 4107 4091)
4(3718 4106 4107 3719)
4(4090 4091 4107 4106)
4(3704 3720 4108 4092)
4(3719 4107 4108 3720)
4(4091 4092 4108 4107)
4(3705 3721 4109 4093)
4(3720 4108 4109 3721)
4(4092 4093 4109 4108)
4(3706 3722 4110 4094)
4(3721 4109 4110 3722)
4(4093 4094 4110 4109)
4(3707 3723 4111 4095)
4(3722 4110 4111 3723)
4(4094 4095 4111 4110)
4(3723 4111 543 498)
4(4095 541 543 4111)
4(495 498 543 541)
4(3708 3724 4112 4096)
4(648 698 4112 3724)
4(697 4096 4112 698)
4(3709 3725 4113 4097)
4(3724 4112 4113 3725)
4(4096 4097 4113 4112)
4(3710 3726 4114 4098)
4(3725 4113 4114 3726)
4(4097 4098 4114 4113)
4(3711 3727 4115 4099)
4(3726 4114 4115 3727)
4(4098 4099 4115 4114)
4(3712 3728 4116 4100)
4(3727 4115 4116 3728)
4(4099 4100 4116 4115)
4(3713 3729 4117 4101)
4(3728 4116 4117 3729)
4(4100 4101 4117 4116)
4(3714 3730 4118 4102)
4(3729 4117 4118 3730)
4(4101 4102 4118 4117)
4(3715 3731 4119 4103)
4(3730 4118 4119 3731)
4(4102 4103 4119 4118)
4(3716 3732 4120 4104)
4(3731 4119 4120 3732)
4(4103 4104 4120 4119)
4(3717 3733 4121 4105)
4(3732 4120 4121 3733)
4(4104 4105 4121 4120)
4(3718 3734 4122 4106)
4(3733 4121 4122 3734)
4(4105 4106 4122 4121)
4(3719 3735 4123 4107)
4(3734 4122 4123 3735)
4(4106 4107 4123 4122)
4(3720 3736 4124 4108)
4(3735 4123 4124 3736)
4(4107 4108 4124 4123)
4(3721 3737 4125 4109)
4(3736 4124 4125 3737)
4(4108 4109 4125 4124)
4(3722 3738 4126 4110)
4(3737 4125 4126 3738)
4(4109 4110 4126 4125)
4(3723 3739 4127 4111)
4(3738 4126 4127 3739)
4(4110 4111 4127 4126)
4(3739 4127 544 500)
4(4111 543 544 4127)
4(498 500 544 543)
4(3724 3740 4128 4112)
4(650 699 4128 3740)
4(698 4112 4128 699)
4(3725 3741 4129 4113)
4(3740 4128 4129 3741)
4(4112 4113 4129 4128)
4(3726 3742 4130 4114)
4(3741 4129 4130 3742)
4(4113 4114 4130 4129)
4(3727 3743 4131 4115)
4(3742 4130 4131 3743)
4(4114 4115 4131 4130)
4(3728 3744 4132 4116)
4(3743 4131 4132 3744)
4(4115 4116 4132 4131)
4(3729 3745 4133 4117)
4(3744 4132 4133 3745)
4(4116 4117 4133 4132)
4(3730 3746 4134 4118)
4(3745 4133 4134 3746)
4(4117 4118 4134 4133)
4(3731 3747 4135 4119)
4(3746 4134 4135 3747)
4(4118 4119 4135 4134)
4(3732 3748 4136 4120)
4(3747 4135 4136 3748)
4(4119 4120 4136 4135)
4(3733 3749 4137 4121)
4(3748 4136 4137 3749)
4(4120 4121 4137 4136)
4(3734 3750 4138 4122)
4(3749 4137 4138 3750)
4(4121 4122 4138 4137)
4(3735 3751 4139 4123)
4(3750 4138 4139 3751)
4(4122 4123 4139 4138)
4(3736 3752 4140 4124)
4(3751 4139 4140 3752)
4(4123 4124 4140 4139)
4(3737 3753 4141 4125)
4(3752 4140 4141 3753)
4(4124 4125 4141 4140)
4(3738 3754 4142 4126)
4(3753 4141 4142 3754)
4(4125 4126 4142 4141)
4(3739 3755 4143 4127)
4(3754 4142 4143 3755)
4(4126 4127 4143 4142)
4(3755 4143 545 502)
4(4127 544 545 4143)
4(500 502 545 544)
4(3740 3756 4144 4128)
4(652 700 4144 3756)
4(699 4128 4144 700)
4(3741 3757 4145 4129)
4(3756 4144 4145 3757)
4(4128 4129 4145 4144)
4(3742 3758 4146 4130)
4(3757 4145 4146 3758)
4(4129 4130 4146 4145)
4(3743 3759 4147 4131)
4(3758 4146 4147 3759)
4(4130 4131 4147 4146)
4(3744 3760 4148 4132)
4(3759 4147 4148 3760)
4(4131 4132 4148 4147)
4(3745 3761 4149 4133)
4(3760 4148 4149 3761)
4(4132 4133 4149 4148)
4(3746 3762 4150 4134)
4(3761 4149 4150 3762)
4(4133 4134 4150 4149)
4(3747 3763 4151 4135)
4(3762 4150 4151 3763)
4(4134 4135 4151 4150)
4(3748 3764 4152 4136)
4(3763 4151 4152 3764)
4(4135 4136 4152 4151)
4(3749 3765 4153 4137)
4(3764 4152 4153 3765)
4(4136 4137 4153 4152)
4(3750 3766 4154 4138)
4(3765 4153 4154 3766)
4(4137 4138 4154 4153)
4(3751 3767 4155 4139)
4(3766 4154 4155 3767)
4(4138 4139 4155 4154)
4(3752 3768 4156 4140)
4(3767 4155 4156 3768)
4(4139 4140 4156 4155)
4(3753 3769 4157 4141)
4(3768 4156 4157 3769)
4(4140 4141 4157 4156)
4(3754 3770 4158 4142)
4(3769 4157 4158 3770)
4(4141 4142 4158 4157)
4(3755 3771 4159 4143)
4(3770 4158 4159 3771)
4(4142 4143 4159 4158)
4(3771 4159 546 504)
4(4143 545 546 4159)
4(502 504 546 545)
4(3756 3772 4160 4144)
4(654 701 4160 3772)
4(700 4144 4160 701)
4(3757 3773 4161 4145)
4(3772 4160 4161 3773)
4(4144 4145 4161 4160)
4(3758 3774 4162 4146)
4(3773 4161 4162 3774)
4(4145 4146 4162 4161)
4(3759 3775 4163 4147)
4(3774 4162 4163 3775)
4(4146 4147 4163 4162)
4(3760 3776 4164 4148)
4(3775 4163 4164 3776)
4(4147 4148 4164 4163)
4(3761 3777 4165 4149)
4(3776 4164 4165 3777)
4(4148 4149 4165 4164)
4(3762 3778 4166 4150)
4(3777 4165 4166 3778)
4(4149 4150 4166 4165)
4(3763 3779 4167 4151)
4(3778 4166 4167 3779)
4(4150 4151 4167 4166)
4(3764 3780 4168 4152)
4(3779 4167 4168 3780)
4(4151 4152 4168 4167)
4(3765 3781 4169 4153)
4(3780 4168 4169 3781)
4(4152 4153 4169 4168)
4(3766 3782 4170 4154)
4(3781 4169 4170 3782)
4(4153 4154 4170 4169)
4(3767 3783 4171 4155)
4(3782 4170 4171 3783)
4(4154 4155 4171 4170)
4(3768 3784 4172 4156)
4(3783 4171 4172 3784)
4(4155 4156 4172 4171)
4(3769 3785 4173 4157)
4(3784 4172 4173 3785)
4(4156 4157 4173 4172)
4(3770 3786 4174 4158)
4(3785 4173 4174 3786)
4(4157 4158 4174 4173)
4(3771 3787 4175 4159)
4(3786 4174 4175 3787)
4(4158 4159 4175 4174)
4(3787 4175 547 506)
4(4159 546 547 4175)
4(504 506 547 546)
4(3772 3788 4176 4160)
4(656 702 4176 3788)
4(701 4160 4176 702)
4(3773 3789 4177 4161)
4(3788 4176 4177 3789)
4(4160 4161 4177 4176)
4(3774 3790 4178 4162)
4(3789 4177 4178 3790)
4(4161 4162 4178 4177)
4(3775 3791 4179 4163)
4(3790 4178 4179 3791)
4(4162 4163 4179 4178)
4(3776 3792 4180 4164)
4(3791 4179 4180 3792)
4(4163 4164 4180 4179)
4(3777 3793 4181 4165)
4(3792 4180 4181 3793)
4(4164 4165 4181 4180)
4(3778 3794 4182 4166)
4(3793 4181 4182 3794)
4(4165 4166 4182 4181)
4(3779 3795 4183 4167)
4(3794 4182 4183 3795)
4(4166 4167 4183 4182)
4(3780 3796 4184 4168)
4(3795 4183 4184 3796)
4(4167 4168 4184 4183)
4(3781 3797 4185 4169)
4(3796 4184 4185 3797)
4(4168 4169 4185 4184)
4(3782 3798 4186 4170)
4(3797 4185 4186 3798)
4(4169 4170 4186 4185)
4(3783 3799 4187 4171)
4(3798 4186 4187 3799)
4(4170 4171 4187 4186)
4(3784 3800 4188 4172)
4(3799 4187 4188 3800)
4(4171 4172 4188 4187)
4(3785 3801 4189 4173)
4(3800 4188 4189 3801)
4(4172 4173 4189 4188)
4(3786 3802 4190 4174)
4(3801 4189 4190 3802)
4(4173 4174 4190 4189)
4(3787 3803 4191 4175)
4(3802 4190 4191 3803)
4(4174 4175 4191 4190)
4(3803 4191 548 508)
4(4175 547 548 4191)
4(506 508 548 547)
4(3788 3804 4192 4176)
4(658 703 4192 3804)
4(702 4176 4192 703)
4(3789 3805 4193 4177)
4(3804 4192 4193 3805)
4(4176 4177 4193 4192)
4(3790 3806 4194 4178)
4(3805 4193 4194 3806)
4(4177 4178 4194 4193)
4(3791 3807 4195 4179)
4(3806 4194 4195 3807)
4(4178 4179 4195 4194)
4(3792 3808 4196 4180)
4(3807 4195 4196 3808)
4(4179 4180 4196 4195)
4(3793 3809 4197 4181)
4(3808 4196 4197 3809)
4(4180 4181 4197 4196)
4(3794 3810 4198 4182)
4(3809 4197 4198 3810)
4(4181 4182 4198 4197)
4(3795 3811 4199 4183)
4(3810 4198 4199 3811)
4(4182 4183 4199 4198)
4(3796 3812 4200 4184)
4(3811 4199 4200 3812)
4(4183 4184 4200 4199)
4(3797 3813 4201 4185)
4(3812 4200 4201 3813)
4(4184 4185 4201 4200)
4(3798 3814 4202 4186)
4(3813 4201 4202 3814)
4(4185 4186 4202 4201)
4(3799 3815 4203 4187)
4(3814 4202 4203 3815)
4(4186 4187 4203 4202)
4(3800 3816 4204 4188)
4(3815 4203 4204 3816)
4(4187 4188 4204 4203)
4(3801 3817 4205 4189)
4(3816 4204 4205 3817)
4(4188 4189 4205 4204)
4(3802 3818 4206 4190)
4(3817 4205 4206 3818)
4(4189 4190 4206 4205)
4(3803 3819 4207 4191)
4(3818 4206 4207 3819)
4(4190 4191 4207 4206)
4(3819 4207 549 510)
4(4191 548 549 4207)
4(508 510 549 548)
4(3804 3820 4208 4192)
4(660 704 4208 3820)
4(703 4192 4208 704)
4(3805 3821 4209 4193)
4(3820 4208 4209 3821)
4(4192 4193 4209 4208)
4(3806 3822 4210 4194)
4(3821 4209 4210 3822)
4(4193 4194 4210 4209)
4(3807 3823 4211 4195)
4(3822 4210 4211 3823)
4(4194 4195 4211 4210)
4(3808 3824 4212 4196)
4(3823 4211 4212 3824)
4(4195 4196 4212 4211)
4(3809 3825 4213 4197)
4(3824 4212 4213 3825)
4(4196 4197 4213 4212)
4(3810 3826 4214 4198)
4(3825 4213 4214 3826)
4(4197 4198 4214 4213)
4(3811 3827 4215 4199)
4(3826 4214 4215 3827)
4(4198 4199 4215 4214)
4(3812 3828 4216 4200)
4(3827 4215 4216 3828)
4(4199 4200 4216 4215)
4(3813 3829 4217 4201)
4(3828 4216 4217 3829)
4(4200 4201 4217 4216)
4(3814 3830 4218 4202)
4(3829 4217 4218 3830)
4(4201 4202 4218 4217)
4(3815 3831 4219 4203)
4(3830 4218 4219 3831)
4(4202 4203 4219 4218)
4(3816 3832 4220 4204)
4(3831 4219 4220 3832)
4(4203 4204 4220 4219)
4(3817 3833 4221 4205)
4(3832 4220 4221 3833)
4(4204 4205 4221 4220)
4(3818 3834 4222 4206)
4(3833 4221 4222 3834)
4(4205 4206 4222 4221)
4(3819 3835 4223 4207)
4(3834 4222 4223 3835)
4(4206 4207 4223 4222)
4(3835 4223 550 512)
4(4207 549 550 4223)
4(510 512 550 549)
4(3820 3836 4224 4208)
4(662 705 4224 3836)
4(704 4208 4224 705)
4(3821 3837 4225 4209)
4(3836 4224 4225 3837)
4(4208 4209 4225 4224)
4(3822 3838 4226 4210)
4(3837 4225 4226 3838)
4(4209 4210 4226 4225)
4(3823 3839 4227 4211)
4(3838 4226 4227 3839)
4(4210 4211 4227 4226)
4(3824 3840 4228 4212)
4(3839 4227 4228 3840)
4(4211 4212 4228 4227)
4(3825 3841 4229 4213)
4(3840 4228 4229 3841)
4(4212 4213 4229 4228)
4(3826 3842 4230 4214)
4(3841 4229 4230 3842)
4(4213 4214 4230 4229)
4(3827 3843 4231 4215)
4(3842 4230 4231 3843)
4(4214 4215 4231 4230)
4(3828 3844 4232 4216)
4(3843 4231 4232 3844)
4(4215 4216 4232 4231)
4(3829 3845 4233 4217)
4(3844 4232 4233 3845)
4(4216 4217 4233 4232)
4(3830 3846 4234 4218)
4(3845 4233 4234 3846)
4(4217 4218 4234 4233)
4(3831 3847 4235 4219)
4(3846 4234 4235 3847)
4(4218 4219 4235 4234)
4(3832 3848 4236 4220)
4(3847 4235 4236 3848)
4(4219 4220 4236 4235)
4(3833 3849 4237 4221)
4(3848 4236 4237 3849)
4(4220 4221 4237 4236)
4(3834 3850 4238 4222)
4(3849 4237 4238 3850)
4(4221 4222 4238 4237)
4(3835 3851 4239 4223)
4(3850 4238 4239 3851)
4(4222 4223 4239 4238)
4(3851 4239 551 514)
4(4223 550 551 4239)
4(512 514 551 550)
4(3836 3852 4240 4224)
4(664 706 4240 3852)
4(705 4224 4240 706)
4(3837 3853 4241 4225)
4(3852 4240 4241 3853)
4(4224 4225 4241 4240)
4(3838 3854 4242 4226)
4(3853 4241 4242 3854)
4(4225 4226 4242 4241)
4(3839 3855 4243 4227)
4(3854 4242 4243 3855)
4(4226 4227 4243 4242)
4(3840 3856 4244 4228)
4(3855 4243 4244 3856)
4(4227 4228 4244 4243)
4(3841 3857 4245 4229)
4(3856 4244 4245 3857)
4(4228 4229 4245 4244)
4(3842 3858 4246 4230)
4(3857 4245 4246 3858)
4(4229 4230 4246 4245)
4(3843 3859 4247 4231)
4(3858 4246 4247 3859)
4(4230 4231 4247 4246)
4(3844 3860 4248 4232)
4(3859 4247 4248 3860)
4(4231 4232 4248 4247)
4(3845 3861 4249 4233)
4(3860 4248 4249 3861)
4(4232 4233 4249 4248)
4(3846 3862 4250 4234)
4(3861 4249 4250 3862)
4(4233 4234 4250 4249)
4(3847 3863 4251 4235)
4(3862 4250 4251 3863)
4(4234 4235 4251 4250)
4(3848 3864 4252 4236)
4(3863 4251 4252 3864)
4(4235 4236 4252 4251)
4(3849 3865 4253 4237)
4(3864 4252 4253 3865)
4(4236 4237 4253 4252)
4(3850 3866 4254 4238)
4(3865 4253 4254 3866)
4(4237 4238 4254 4253)
4(3851 3867 4255 4239)
4(3866 4254 4255 3867)
4(4238 4239 4255 4254)
4(3867 4255 552 516)
4(4239 551 552 4255)
4(514 516 552 551)
4(3852 3868 4256 4240)
4(666 707 4256 3868)
4(706 4240 4256 707)
4(3853 3869 4257 4241)
4(3868 4256 4257 3869)
4(4240 4241 4257 4256)
4(3854 3870 4258 4242)
4(3869 4257 4258 3870)
4(4241 4242 4258 4257)
4(3855 3871 4259 4243)
4(3870 4258 4259 3871)
4(4242 4243 4259 4258)
4(3856 3872 4260 4244)
4(3871 4259 4260 3872)
4(4243 4244 4260 4259)
4(3857 3873 4261 4245)
4(3872 4260 4261 3873)
4(4244 4245 4261 4260)
4(3858 3874 4262 4246)
4(3873 4261 4262 3874)
4(4245 4246 4262 4261)
4(3859 3875 4263 4247)
4(3874 4262 4263 3875)
4(4246 4247 4263 4262)
4(3860 3876 4264 4248)
4(3875 4263 4264 3876)
4(4247 4248 4264 4263)
4(3861 3877 4265 4249)
4(3876 4264 4265 3877)
4(4248 4249 4265 4264)
4(3862 3878 4266 4250)
4(3877 4265 4266 3878)
4(4249 4250 4266 4265)
4(3863 3879 4267 4251)
4(3878 4266 4267 3879)
4(4250 4251 4267 4266)
4(3864 3880 4268 4252)
4(3879 4267 4268 3880)
4(4251 4252 4268 4267)
4(3865 3881 4269 4253)
4(3880 4268 4269 3881)
4(4252 4253 4269 4268)
4(3866 3882 4270 4254)
4(3881 4269 4270 3882)
4(4253 4254 4270 4269)
4(3867 3883 4271 4255)
4(3882 4270 4271 3883)
4(4254 4255 4271 4270)
4(3883 4271 553 518)
4(4255 552 553 4271)
4(516 518 553 552)
4(3868 3884 4272 4256)
4(668 708 4272 3884)
4(707 4256 4272 708)
4(3869 3885 4273 4257)
4(3884 4272 4273 3885)
4(4256 4257 4273 4272)
4(3870 3886 4274 4258)
4(3885 4273 4274 3886)
4(4257 4258 4274 4273)
4(3871 3887 4275 4259)
4(3886 4274 4275 3887)
4(4258 4259 4275 4274)
4(3872 3888 4276 4260)
4(3887 4275 4276 3888)
4(4259 4260 4276 4275)
4(3873 3889 4277 4261)
4(3888 4276 4277 3889)
4(4260 4261 4277 4276)
4(3874 3890 4278 4262)
4(3889 4277 4278 3890)
4(4261 4262 4278 4277)
4(3875 3891 4279 4263)
4(3890 4278 4279 3891)
4(4262 4263 4279 4278)
4(3876 3892 4280 4264)
4(3891 4279 4280 3892)
4(4263 4264 4280 4279)
4(3877 3893 4281 4265)
4(3892 4280 4281 3893)
4(4264 4265 4281 4280)
4(3878 3894 4282 4266)
4(3893 4281 4282 3894)
4(4265 4266 4282 4281)
4(3879 3895 4283 4267)
4(3894 4282 4283 3895)
4(4266 4267 4283 4282)
4(3880 3896 4284 4268)
4(3895 4283 4284 3896)
4(4267 4268 4284 4283)
4(3881 3897 4285 4269)
4(3896 4284 4285 3897)
4(4268 4269 4285 4284)
4(3882 3898 4286 4270)
4(3897 4285 4286 3898)
4(4269 4270 4286 4285)
4(3883 3899 4287 4271)
4(3898 4286 4287 3899)
4(4270 4271 4287 4286)
4(3899 4287 554 520)
4(4271 553 554 4287)
4(518 520 554 553)
4(3884 672 4288 4272)
4(670 709 4288 672)
4(708 4272 4288 709)
4(3885 3900 4289 4273)
4(672 4288 4289 3900)
4(4272 4273 4289 4288)
4(3886 3901 4290 4274)
4(3900 4289 4290 3901)
4(4273 4274 4290 4289)
4(3887 3902 4291 4275)
4(3901 4290 4291 3902)
4(4274 4275 4291 4290)
4(3888 3903 4292 4276)
4(3902 4291 4292 3903)
4(4275 4276 4292 4291)
4(3889 3904 4293 4277)
4(3903 4292 4293 3904)
4(4276 4277 4293 4292)
4(3890 3905 4294 4278)
4(3904 4293 4294 3905)
4(4277 4278 4294 4293)
4(3891 3906 4295 4279)
4(3905 4294 4295 3906)
4(4278 4279 4295 4294)
4(3892 3907 4296 4280)
4(3906 4295 4296 3907)
4(4279 4280 4296 4295)
4(3893 3908 4297 4281)
4(3907 4296 4297 3908)
4(4280 4281 4297 4296)
4(3894 3909 4298 4282)
4(3908 4297 4298 3909)
4(4281 4282 4298 4297)
4(3895 3910 4299 4283)
4(3909 4298 4299 3910)
4(4282 4283 4299 4298)
4(3896 3911 4300 4284)
4(3910 4299 4300 3911)
4(4283 4284 4300 4299)
4(3897 3912 4301 4285)
4(3911 4300 4301 3912)
4(4284 4285 4301 4300)
4(3898 3913 4302 4286)
4(3912 4301 4302 3913)
4(4285 4286 4302 4301)
4(3899 3914 4303 4287)
4(3913 4302 4303 3914)
4(4286 4287 4303 4302)
4(3914 4303 555 522)
4(4287 554 555 4303)
4(520 522 555 554)
4(672 674 4304 4288)
4(675 710 4304 674)
4(709 4288 4304 710)
4(3900 3915 4305 4289)
4(674 4304 4305 3915)
4(4288 4289 4305 4304)
4(3901 3916 4306 4290)
4(3915 4305 4306 3916)
4(4289 4290 4306 4305)
4(3902 3917 4307 4291)
4(3916 4306 4307 3917)
4(4290 4291 4307 4306)
4(3903 3918 4308 4292)
4(3917 4307 4308 3918)
4(4291 4292 4308 4307)
4(3904 3919 4309 4293)
4(3918 4308 4309 3919)
4(4292 4293 4309 4308)
4(3905 3920 4310 4294)
4(3919 4309 4310 3920)
4(4293 4294 4310 4309)
4(3906 3921 4311 4295)
4(3920 4310 4311 3921)
4(4294 4295 4311 4310)
4(3907 3922 4312 4296)
4(3921 4311 4312 3922)
4(4295 4296 4312 4311)
4(3908 3923 4313 4297)
4(3922 4312 4313 3923)
4(4296 4297 4313 4312)
4(3909 3924 4314 4298)
4(3923 4313 4314 3924)
4(4297 4298 4314 4313)
4(3910 3925 4315 4299)
4(3924 4314 4315 3925)
4(4298 4299 4315 4314)
4(3911 3926 4316 4300)
4(3925 4315 4316 3926)
4(4299 4300 4316 4315)
4(3912 3927 4317 4301)
4(3926 4316 4317 3927)
4(4300 4301 4317 4316)
4(3913 3928 4318 4302)
4(3927 4317 4318 3928)
4(4301 4302 4318 4317)
4(3914 3929 4319 4303)
4(3928 4318 4319 3929)
4(4302 4303 4319 4318)
4(3929 4319 556 524)
4(4303 555 556 4319)
4(522 524 556 555)
4(674 677 712 4304)
4(710 4304 712 711)
4(3915 3930 4320 4305)
4(677 712 4320 3930)
4(4304 4305 4320 712)
4(3916 3931 4321 4306)
4(3930 4320 4321 3931)
4(4305 4306 4321 4320)
4(3917 3932 4322 4307)
4(3931 4321 4322 3932)
4(4306 4307 4322 4321)
4(3918 3933 4323 4308)
4(3932 4322 4323 3933)
4(4307 4308 4323 4322)
4(3919 3934 4324 4309)
4(3933 4323 4324 3934)
4(4308 4309 4324 4323)
4(3920 3935 4325 4310)
4(3934 4324 4325 3935)
4(4309 4310 4325 4324)
4(3921 3936 4326 4311)
4(3935 4325 4326 3936)
4(4310 4311 4326 4325)
4(3922 3937 4327 4312)
4(3936 4326 4327 3937)
4(4311 4312 4327 4326)
4(3923 3938 4328 4313)
4(3937 4327 4328 3938)
4(4312 4313 4328 4327)
4(3924 3939 4329 4314)
4(3938 4328 4329 3939)
4(4313 4314 4329 4328)
4(3925 3940 4330 4315)
4(3939 4329 4330 3940)
4(4314 4315 4330 4329)
4(3926 3941 4331 4316)
4(3940 4330 4331 3941)
4(4315 4316 4331 4330)
4(3927 3942 4332 4317)
4(3941 4331 4332 3942)
4(4316 4317 4332 4331)
4(3928 3943 4333 4318)
4(3942 4332 4333 3943)
4(4317 4318 4333 4332)
4(3929 3944 4334 4319)
4(3943 4333 4334 3944)
4(4318 4319 4334 4333)
4(3944 4334 557 526)
4(4319 556 557 4334)
4(524 526 557 556)
4(3930 3945 4335 4320)
4(680 713 4335 3945)
4(712 4320 4335 713)
4(3931 3946 4336 4321)
4(3945 4335 4336 3946)
4(4320 4321 4336 4335)
4(3932 3947 4337 4322)
4(3946 4336 4337 3947)
4(4321 4322 4337 4336)
4(3933 3948 4338 4323)
4(3947 4337 4338 3948)
4(4322 4323 4338 4337)
4(3934 3949 4339 4324)
4(3948 4338 4339 3949)
4(4323 4324 4339 4338)
4(3935 3950 4340 4325)
4(3949 4339 4340 3950)
4(4324 4325 4340 4339)
4(3936 3951 4341 4326)
4(3950 4340 4341 3951)
4(4325 4326 4341 4340)
4(3937 3952 4342 4327)
4(3951 4341 4342 3952)
4(4326 4327 4342 4341)
4(3938 3953 4343 4328)
4(3952 4342 4343 3953)
4(4327 4328 4343 4342)
4(3939 3954 4344 4329)
4(3953 4343 4344 3954)
4(4328 4329 4344 4343)
4(3940 3955 4345 4330)
4(3954 4344 4345 3955)
4(4329 4330 4345 4344)
4(3941 3956 4346 4331)
4(3955 4345 4346 3956)
4(4330 4331 4346 4345)
4(3942 3957 4347 4332)
4(3956 4346 4347 3957)
4(4331 4332 4347 4346)
4(3943 3958 4348 4333)
4(3957 4347 4348 3958)
4(4332 4333 4348 4347)
4(3944 3959 4349 4334)
4(3958 4348 4349 3959)
4(4333 4334 4349 4348)
4(3959 4349 558 528)
4(4334 557 558 4349)
4(526 528 558 557)
4(3945 3960 4350 4335)
4(682 715 4350 3960)
4(713 4335 4350 715)
4(3946 3961 4351 4336)
4(3960 4350 4351 3961)
4(4335 4336 4351 4350)
4(3947 3962 4352 4337)
4(3961 4351 4352 3962)
4(4336 4337 4352 4351)
4(3948 3963 4353 4338)
4(3962 4352 4353 3963)
4(4337 4338 4353 4352)
4(3949 3964 4354 4339)
4(3963 4353 4354 3964)
4(4338 4339 4354 4353)
4(3950 3965 4355 4340)
4(3964 4354 4355 3965)
4(4339 4340 4355 4354)
4(3951 3966 4356 4341)
4(3965 4355 4356 3966)
4(4340 4341 4356 4355)
4(3952 3967 4357 4342)
4(3966 4356 4357 3967)
4(4341 4342 4357 4356)
4(3953 3968 4358 4343)
4(3967 4357 4358 3968)
4(4342 4343 4358 4357)
4(3954 3969 4359 4344)
4(3968 4358 4359 3969)
4(4343 4344 4359 4358)
4(3955 3970 4360 4345)
4(3969 4359 4360 3970)
4(4344 4345 4360 4359)
4(3956 3971 4361 4346)
4(3970 4360 4361 3971)
4(4345 4346 4361 4360)
4(3957 3972 4362 4347)
4(3971 4361 4362 3972)
4(4346 4347 4362 4361)
4(3958 3973 4363 4348)
4(3972 4362 4363 3973)
4(4347 4348 4363 4362)
4(3959 3974 4364 4349)
4(3973 4363 4364 3974)
4(4348 4349 4364 4363)
4(3974 4364 559 530)
4(4349 558 559 4364)
4(528 530 559 558)
4(3960 3975 4365 4350)
4(684 716 4365 3975)
4(715 4350 4365 716)
4(3961 3976 4366 4351)
4(3975 4365 4366 3976)
4(4350 4351 4366 4365)
4(3962 3977 4367 4352)
4(3976 4366 4367 3977)
4(4351 4352 4367 4366)
4(3963 3978 4368 4353)
4(3977 4367 4368 3978)
4(4352 4353 4368 4367)
4(3964 3979 4369 4354)
4(3978 4368 4369 3979)
4(4353 4354 4369 4368)
4(3965 3980 4370 4355)
4(3979 4369 4370 3980)
4(4354 4355 4370 4369)
4(3966 3981 4371 4356)
4(3980 4370 4371 3981)
4(4355 4356 4371 4370)
4(3967 3982 4372 4357)
4(3981 4371 4372 3982)
4(4356 4357 4372 4371)
4(3968 3983 4373 4358)
4(3982 4372 4373 3983)
4(4357 4358 4373 4372)
4(3969 3984 4374 4359)
4(3983 4373 4374 3984)
4(4358 4359 4374 4373)
4(3970 3985 4375 4360)
4(3984 4374 4375 3985)
4(4359 4360 4375 4374)
4(3971 3986 4376 4361)
4(3985 4375 4376 3986)
4(4360 4361 4376 4375)
4(3972 3987 4377 4362)
4(3986 4376 4377 3987)
4(4361 4362 4377 4376)
4(3973 3988 4378 4363)
4(3987 4377 4378 3988)
4(4362 4363 4378 4377)
4(3974 3989 4379 4364)
4(3988 4378 4379 3989)
4(4363 4364 4379 4378)
4(3989 4379 560 532)
4(4364 559 560 4379)
4(530 532 560 559)
4(3975 3990 4380 4365)
4(686 717 4380 3990)
4(716 4365 4380 717)
4(3976 3991 4381 4366)
4(3990 4380 4381 3991)
4(4365 4366 4381 4380)
4(3977 3992 4382 4367)
4(3991 4381 4382 3992)
4(4366 4367 4382 4381)
4(3978 3993 4383 4368)
4(3992 4382 4383 3993)
4(4367 4368 4383 4382)
4(3979 3994 4384 4369)
4(3993 4383 4384 3994)
4(4368 4369 4384 4383)
4(3980 3995 4385 4370)
4(3994 4384 4385 3995)
4(4369 4370 4385 4384)
4(3981 3996 4386 4371)
4(3995 4385 4386 3996)
4(4370 4371 4386 4385)
4(3982 3997 4387 4372)
4(3996 4386 4387 3997)
4(4371 4372 4387 4386)
4(3983 3998 4388 4373)
4(3997 4387 4388 3998)
4(4372 4373 4388 4387)
4(3984 3999 4389 4374)
4(3998 4388 4389 3999)
4(4373 4374 4389 4388)
4(3985 4000 4390 4375)
4(3999 4389 4390 4000)
4(4374 4375 4390 4389)
4(3986 4001 4391 4376)
4(4000 4390 4391 4001)
4(4375 4376 4391 4390)
4(3987 4002 4392 4377)
4(4001 4391 4392 4002)
4(4376 4377 4392 4391)
4(3988 4003 4393 4378)
4(4002 4392 4393 4003)
4(4377 4378 4393 4392)
4(3989 4004 4394 4379)
4(4003 4393 4394 4004)
4(4378 4379 4394 4393)
4(4004 4394 561 534)
4(4379 560 561 4394)
4(532 534 561 560)
4(3990 4005 4395 4380)
4(688 718 4395 4005)
4(717 4380 4395 718)
4(3991 4006 4396 4381)
4(4005 4395 4396 4006)
4(4380 4381 4396 4395)
4(3992 4007 4397 4382)
4(4006 4396 4397 4007)
4(4381 4382 4397 4396)
4(3993 4008 4398 4383)
4(4007 4397 4398 4008)
4(4382 4383 4398 4397)
4(3994 4009 4399 4384)
4(4008 4398 4399 4009)
4(4383 4384 4399 4398)
4(3995 4010 4400 4385)
4(4009 4399 4400 4010)
4(4384 4385 4400 4399)
4(3996 4011 4401 4386)
4(4010 4400 4401 4011)
4(4385 4386 4401 4400)
4(3997 4012 4402 4387)
4(4011 4401 4402 4012)
4(4386 4387 4402 4401)
4(3998 4013 4403 4388)
4(4012 4402 4403 4013)
4(4387 4388 4403 4402)
4(3999 4014 4404 4389)
4(4013 4403 4404 4014)
4(4388 4389 4404 4403)
4(4000 4015 4405 4390)
4(4014 4404 4405 4015)
4(4389 4390 4405 4404)
4(4001 4016 4406 4391)
4(4015 4405 4406 4016)
4(4390 4391 4406 4405)
4(4002 4017 4407 4392)
4(4016 4406 4407 4017)
4(4391 4392 4407 4406)
4(4003 4018 4408 4393)
4(4017 4407 4408 4018)
4(4392 4393 4408 4407)
4(4004 4019 4409 4394)
4(4018 4408 4409 4019)
4(4393 4394 4409 4408)
4(4019 4409 562 536)
4(4394 561 562 4409)
4(534 536 562 561)
4(4005 4020 4410 4395)
4(690 719 4410 4020)
4(718 4395 4410 719)
4(4006 4021 4411 4396)
4(4020 4410 4411 4021)
4(4395 4396 4411 4410)
4(4007 4022 4412 4397)
4(4021 4411 4412 4022)
4(4396 4397 4412 4411)
4(4008 4023 4413 4398)
4(4022 4412 4413 4023)
4(4397 4398 4413 4412)
4(4009 4024 4414 4399)
4(4023 4413 4414 4024)
4(4398 4399 4414 4413)
4(4010 4025 4415 4400)
4(4024 4414 4415 4025)
4(4399 4400 4415 4414)
4(4011 4026 4416 4401)
4(4025 4415 4416 4026)
4(4400 4401 4416 4415)
4(4012 4027 4417 4402)
4(4026 4416 4417 4027)
4(4401 4402 4417 4416)
4(4013 4028 4418 4403)
4(4027 4417 4418 4028)
4(4402 4403 4418 4417)
4(4014 4029 4419 4404)
4(4028 4418 4419 4029)
4(4403 4404 4419 4418)
4(4015 4030 4420 4405)
4(4029 4419 4420 4030)
4(4404 4405 4420 4419)
4(4016 4031 4421 4406)
4(4030 4420 4421 4031)
4(4405 4406 4421 4420)
4(4017 4032 4422 4407)
4(4031 4421 4422 4032)
4(4406 4407 4422 4421)
4(4018 4033 4423 4408)
4(4032 4422 4423 4033)
4(4407 4408 4423 4422)
4(4019 4034 4424 4409)
4(4033 4423 4424 4034)
4(4408 4409 4424 4423)
4(4034 4424 563 538)
4(4409 562 563 4424)
4(536 538 563 562)
4(4020 4035 4425 4410)
4(692 720 4425 4035)
4(719 4410 4425 720)
4(4021 4036 4426 4411)
4(4035 4425 4426 4036)
4(4410 4411 4426 4425)
4(4022 4037 4427 4412)
4(4036 4426 4427 4037)
4(4411 4412 4427 4426)
4(4023 4038 4428 4413)
4(4037 4427 4428 4038)
4(4412 4413 4428 4427)
4(4024 4039 4429 4414)
4(4038 4428 4429 4039)
4(4413 4414 4429 4428)
4(4025 4040 4430 4415)
4(4039 4429 4430 4040)
4(4414 4415 4430 4429)
4(4026 4041 4431 4416)
4(4040 4430 4431 4041)
4(4415 4416 4431 4430)
4(4027 4042 4432 4417)
4(4041 4431 4432 4042)
4(4416 4417 4432 4431)
4(4028 4043 4433 4418)
4(4042 4432 4433 4043)
4(4417 4418 4433 4432)
4(4029 4044 4434 4419)
4(4043 4433 4434 4044)
4(4418 4419 4434 4433)
4(4030 4045 4435 4420)
4(4044 4434 4435 4045)
4(4419 4420 4435 4434)
4(4031 4046 4436 4421)
4(4045 4435 4436 4046)
4(4420 4421 4436 4435)
4(4032 4047 4437 4422)
4(4046 4436 4437 4047)
4(4421 4422 4437 4436)
4(4033 4048 4438 4423)
4(4047 4437 4438 4048)
4(4422 4423 4438 4437)
4(4034 4049 4439 4424)
4(4048 4438 4439 4049)
4(4423 4424 4439 4438)
4(4049 4439 564 540)
4(4424 563 564 4439)
4(538 540 564 563)
4(4035 4050 4440 4425)
4(694 721 4440 4050)
4(720 4425 4440 721)
4(4036 4051 4441 4426)
4(4050 4440 4441 4051)
4(4425 4426 4441 4440)
4(4037 4052 4442 4427)
4(4051 4441 4442 4052)
4(4426 4427 4442 4441)
4(4038 4053 4443 4428)
4(4052 4442 4443 4053)
4(4427 4428 4443 4442)
4(4039 4054 4444 4429)
4(4053 4443 4444 4054)
4(4428 4429 4444 4443)
4(4040 4055 4445 4430)
4(4054 4444 4445 4055)
4(4429 4430 4445 4444)
4(4041 4056 4446 4431)
4(4055 4445 4446 4056)
4(4430 4431 4446 4445)
4(4042 4057 4447 4432)
4(4056 4446 4447 4057)
4(4431 4432 4447 4446)
4(4043 4058 4448 4433)
4(4057 4447 4448 4058)
4(4432 4433 4448 4447)
4(4044 4059 4449 4434)
4(4058 4448 4449 4059)
4(4433 4434 4449 4448)
4(4045 4060 4450 4435)
4(4059 4449 4450 4060)
4(4434 4435 4450 4449)
4(4046 4061 4451 4436)
4(4060 4450 4451 4061)
4(4435 4436 4451 4450)
4(4047 4062 4452 4437)
4(4061 4451 4452 4062)
4(4436 4437 4452 4451)
4(4048 4063 4453 4438)
4(4062 4452 4453 4063)
4(4437 4438 4453 4452)
4(4049 1 4454 4439)
4(4063 4453 4454 1)
4(4438 4439 4454 4453)
4(1 4454 565 2)
4(4439 564 565 4454)
4(540 2 565 564)
4(4050 6 38 4440)
4(721 4440 38 37)
4(5 37 38 6)
4(4051 8 39 4441)
4(4440 4441 39 38)
4(6 38 39 8)
4(4052 10 40 4442)
4(4441 4442 40 39)
4(8 39 40 10)
4(4053 12 41 4443)
4(4442 4443 41 40)
4(10 40 41 12)
4(4054 14 42 4444)
4(4443 4444 42 41)
4(12 41 42 14)
4(4055 16 43 4445)
4(4444 4445 43 42)
4(14 42 43 16)
4(4056 18 44 4446)
4(4445 4446 44 43)
4(16 43 44 18)
4(4057 20 45 4447)
4(4446 4447 45 44)
4(18 44 45 20)
4(4058 22 46 4448)
4(4447 4448 46 45)
4(20 45 46 22)
4(4059 24 47 4449)
4(4448 4449 47 46)
4(22 46 47 24)
4(4060 26 48 4450)
4(4449 4450 48 47)
4(24 47 48 26)
4(4061 28 49 4451)
4(4450 4451 49 48)
4(26 48 49 28)
4(4062 30 50 4452)
4(4451 4452 50 49)
4(28 49 50 30)
4(4063 32 51 4453)
4(4452 4453 51 50)
4(30 50 51 32)
4(1 35 52 4454)
4(4453 4454 52 51)
4(32 51 52 35)
4(4454 565 53 52)
4(2 36 53 565)
4(1 35 36 2)
4(35 52 53 36)
4(4064 4080 4471 4455)
4(695 722 4471 4080)
4(723 4455 4471 722)
4(4065 4081 4472 4456)
4(4080 4471 4472 4081)
4(4455 4456 4472 4471)
4(4066 4082 4473 4457)
4(4081 4472 4473 4082)
4(4456 4457 4473 4472)
4(4067 4083 4474 4458)
4(4082 4473 4474 4083)
4(4457 4458 4474 4473)
4(4068 4084 4475 4459)
4(4083 4474 4475 4084)
4(4458 4459 4475 4474)
4(4069 4085 4476 4460)
4(4084 4475 4476 4085)
4(4459 4460 4476 4475)
4(4070 4086 4477 4461)
4(4085 4476 4477 4086)
4(4460 4461 4477 4476)
4(4071 4087 4478 4462)
4(4086 4477 4478 4087)
4(4461 4462 4478 4477)
4(4072 4088 4479 4463)
4(4087 4478 4479 4088)
4(4462 4463 4479 4478)
4(4073 4089 4480 4464)
4(4088 4479 4480 4089)
4(4463 4464 4480 4479)
4(4074 4090 4481 4465)
4(4089 4480 4481 4090)
4(4464 4465 4481 4480)
4(4075 4091 4482 4466)
4(4090 4481 4482 4091)
4(4465 4466 4482 4481)
4(4076 4092 4483 4467)
4(4091 4482 4483 4092)
4(4466 4467 4483 4482)
4(4077 4093 4484 4468)
4(4092 4483 4484 4093)
4(4467 4468 4484 4483)
4(4078 4094 4485 4469)
4(4093 4484 4485 4094)
4(4468 4469 4485 4484)
4(4079 4095 4486 4470)
4(4094 4485 4486 4095)
4(4469 4470 4486 4485)
4(4095 4486 566 541)
4(4470 567 566 4486)
4(542 541 566 567)
4(4080 4096 4487 4471)
4(697 724 4487 4096)
4(722 4471 4487 724)
4(4081 4097 4488 4472)
4(4096 4487 4488 4097)
4(4471 4472 4488 4487)
4(4082 4098 4489 4473)
4(4097 4488 4489 4098)
4(4472 4473 4489 4488)
4(4083 4099 4490 4474)
4(4098 4489 4490 4099)
4(4473 4474 4490 4489)
4(4084 4100 4491 4475)
4(4099 4490 4491 4100)
4(4474 4475 4491 4490)
4(4085 4101 4492 4476)
4(4100 4491 4492 4101)
4(4475 4476 4492 4491)
4(4086 4102 4493 4477)
4(4101 4492 4493 4102)
4(4476 4477 4493 4492)
4(4087 4103 4494 4478)
4(4102 4493 4494 4103)
4(4477 4478 4494 4493)
4(4088 4104 4495 4479)
4(4103 4494 4495 4104)
4(4478 4479 4495 4494)
4(4089 4105 4496 4480)
4(4104 4495 4496 4105)
4(4479 4480 4496 4495)
4(4090 4106 4497 4481)
4(4105 4496 4497 4106)
4(4480 4481 4497 4496)
4(4091 4107 4498 4482)
4(4106 4497 4498 4107)
4(4481 4482 4498 4497)
4(4092 4108 4499 4483)
4(4107 4498 4499 4108)
4(4482 4483 4499 4498)
4(4093 4109 4500 4484)
4(4108 4499 4500 4109)
4(4483 4484 4500 4499)
4(4094 4110 4501 4485)
4(4109 4500 4501 4110)
4(4484 4485 4501 4500)
4(4095 4111 4502 4486)
4(4110 4501 4502 4111)
4(4485 4486 4502 4501)
4(4111 4502 568 543)
4(4486 566 568 4502)
4(541 543 568 566)
4(4096 4112 4503 4487)
4(698 725 4503 4112)
4(724 4487 4503 725)
4(4097 4113 4504 4488)
4(4112 4503 4504 4113)
4(4487 4488 4504 4503)
4(4098 4114 4505 4489)
4(4113 4504 4505 4114)
4(4488 4489 4505 4504)
4(4099 4115 4506 4490)
4(4114 4505 4506 4115)
4(4489 4490 4506 4505)
4(4100 4116 4507 4491)
4(4115 4506 4507 4116)
4(4490 4491 4507 4506)
4(4101 4117 4508 4492)
4(4116 4507 4508 4117)
4(4491 4492 4508 4507)
4(4102 4118 4509 4493)
4(4117 4508 4509 4118)
4(4492 4493 4509 4508)
4(4103 4119 4510 4494)
4(4118 4509 4510 4119)
4(4493 4494 4510 4509)
4(4104 4120 4511 4495)
4(4119 4510 4511 4120)
4(4494 4495 4511 4510)
4(4105 4121 4512 4496)
4(4120 4511 4512 4121)
4(4495 4496 4512 4511)
4(4106 4122 4513 4497)
4(4121 4512 4513 4122)
4(4496 4497 4513 4512)
4(4107 4123 4514 4498)
4(4122 4513 4514 4123)
4(4497 4498 4514 4513)
4(4108 4124 4515 4499)
4(4123 4514 4515 4124)
4(4498 4499 4515 4514)
4(4109 4125 4516 4500)
4(4124 4515 4516 4125)
4(4499 4500 4516 4515)
4(4110 4126 4517 4501)
4(4125 4516 4517 4126)
4(4500 4501 4517 4516)
4(4111 4127 4518 4502)
4(4126 4517 4518 4127)
4(4501 4502 4518 4517)
4(4127 4518 569 544)
4(4502 568 569 4518)
4(543 544 569 568)
4(4112 4128 4519 4503)
4(699 726 4519 4128)
4(725 4503 4519 726)
4(4113 4129 4520 4504)
4(4128 4519 4520 4129)
4(4503 4504 4520 4519)
4(4114 4130 4521 4505)
4(4129 4520 4521 4130)
4(4504 4505 4521 4520)
4(4115 4131 4522 4506)
4(4130 4521 4522 4131)
4(4505 4506 4522 4521)
4(4116 4132 4523 4507)
4(4131 4522 4523 4132)
4(4506 4507 4523 4522)
4(4117 4133 4524 4508)
4(4132 4523 4524 4133)
4(4507 4508 4524 4523)
4(4118 4134 4525 4509)
4(4133 4524 4525 4134)
4(4508 4509 4525 4524)
4(4119 4135 4526 4510)
4(4134 4525 4526 4135)
4(4509 4510 4526 4525)
4(4120 4136 4527 4511)
4(4135 4526 4527 4136)
4(4510 4511 4527 4526)
4(4121 4137 4528 4512)
4(4136 4527 4528 4137)
4(4511 4512 4528 4527)
4(4122 4138 4529 4513)
4(4137 4528 4529 4138)
4(4512 4513 4529 4528)
4(4123 4139 4530 4514)
4(4138 4529 4530 4139)
4(4513 4514 4530 4529)
4(4124 4140 4531 4515)
4(4139 4530 4531 4140)
4(4514 4515 4531 4530)
4(4125 4141 4532 4516)
4(4140 4531 4532 4141)
4(4515 4516 4532 4531)
4(4126 4142 4533 4517)
4(4141 4532 4533 4142)
4(4516 4517 4533 4532)
4(4127 4143 4534 4518)
4(4142 4533 4534 4143)
4(4517 4518 4534 4533)
4(4143 4534 570 545)
4(4518 569 570 4534)
4(544 545 570 569)
4(4128 4144 4535 4519)
4(700 727 4535 4144)
4(726 4519 4535 727)
4(4129 4145 4536 4520)
4(4144 4535 4536 4145)
4(4519 4520 4536 4535)
4(4130 4146 4537 4521)
4(4145 4536 4537 4146)
4(4520 4521 4537 4536)
4(4131 4147 4538 4522)
4(4146 4537 4538 4147)
4(4521 4522 4538 4537)
4(4132 4148 4539 4523)
4(4147 4538 4539 4148)
4(4522 4523 4539 4538)
4(4133 4149 4540 4524)
4(4148 4539 4540 4149)
4(4523 4524 4540 4539)
4(4134 4150 4541 4525)
4(4149 4540 4541 4150)
4(4524 4525 4541 4540)
4(4135 4151 4542 4526)
4(4150 4541 4542 4151)
4(4525 4526 4542 4541)
4(4136 4152 4543 4527)
4(4151 4542 4543 4152)
4(4526 4527 4543 4542)
4(4137 4153 4544 4528)
4(4152 4543 4544 4153)
4(4527 4528 4544 4543)
4(4138 4154 4545 4529)
4(4153 4544 4545 4154)
4(4528 4529 4545 4544)
4(4139 4155 4546 4530)
4(4154 4545 4546 4155)
4(4529 4530 4546 4545)
4(4140 4156 4547 4531)
4(4155 4546 4547 4156)
4(4530 4531 4547 4546)
4(4141 4157 4548 4532)
4(4156 4547 4548 4157)
4(4531 4532 4548 4547)
4(4142 4158 4549 4533)
4(4157 4548 4549 4158)
4(4532 4533 4549 4548)
4(4143 4159 4550 4534)
4(4158 4549 4550 4159)
4(4533 4534 4550 4549)
4(4159 4550 571 546)
4(4534 570 571 4550)
4(545 546 571 570)
4(4144 4160 4551 4535)
4(701 728 4551 4160)
4(727 4535 4551 728)
4(4145 4161 4552 4536)
4(4160 4551 4552 4161)
4(4535 4536 4552 4551)
4(4146 4162 4553 4537)
4(4161 4552 4553 4162)
4(4536 4537 4553 4552)
4(4147 4163 4554 4538)
4(4162 4553 4554 4163)
4(4537 4538 4554 4553)
4(4148 4164 4555 4539)
4(4163 4554 4555 4164)
4(4538 4539 4555 4554)
4(4149 4165 4556 4540)
4(4164 4555 4556 4165)
4(4539 4540 4556 4555)
4(4150 4166 4557 4541)
4(4165 4556 4557 4166)
4(4540 4541 4557 4556)
4(4151 4167 4558 4542)
4(4166 4557 4558 4167)
4(4541 4542 4558 4557)
4(4152 4168 4559 4543)
4(4167 4558 4559 4168)
4(4542 4543 4559 4558)
4(4153 4169 4560 4544)
4(4168 4559 4560 4169)
4(4543 4544 4560 4559)
4(4154 4170 4561 4545)
4(4169 4560 4561 4170)
4(4544 4545 4561 4560)
4(4155 4171 4562 4546)
4(4170 4561 4562 4171)
4(4545 4546 4562 4561)
4(4156 4172 4563 4547)
4(4171 4562 4563 4172)
4(4546 4547 4563 4562)
4(4157 4173 4564 4548)
4(4172 4563 4564 4173)
4(4547 4548 4564 4563)
4(4158 4174 4565 4549)
4(4173 4564 4565 4174)
4(4548 4549 4565 4564)
4(4159 4175 4566 4550)
4(4174 4565 4566 4175)
4(4549 4550 4566 4565)
4(4175 4566 572 547)
4(4550 571 572 4566)
4(546 547 572 571)
4(4160 4176 4567 4551)
4(702 729 4567 4176)
4(728 4551 4567 729)
4(4161 4177 4568 4552)
4(4176 4567 4568 4177)
4(4551 4552 4568 4567)
4(4162 4178 4569 4553)
4(4177 4568 4569 4178)
4(4552 4553 4569 4568)
4(4163 4179 4570 4554)
4(4178 4569 4570 4179)
4(4553 4554 4570 4569)
4(4164 4180 4571 4555)
4(4179 4570 4571 4180)
4(4554 4555 4571 4570)
4(4165 4181 4572 4556)
4(4180 4571 4572 4181)
4(4555 4556 4572 4571)
4(4166 4182 4573 4557)
4(4181 4572 4573 4182)
4(4556 4557 4573 4572)
4(4167 4183 4574 4558)
4(4182 4573 4574 4183)
4(4557 4558 4574 4573)
4(4168 4184 4575 4559)
4(4183 4574 4575 4184)
4(4558 4559 4575 4574)
4(4169 4185 4576 4560)
4(4184 4575 4576 4185)
4(4559 4560 4576 4575)
4(4170 4186 4577 4561)
4(4185 4576 4577 4186)
4(4560 4561 4577 4576)
4(4171 4187 4578 4562)
4(4186 4577 4578 4187)
4(4561 4562 4578 4577)
4(4172 4188 4579 4563)
4(4187 4578 4579 4188)
4(4562 4563 4579 4578)
4(4173 4189 4580 4564)
4(4188 4579 4580 4189)
4(4563 4564 4580 4579)
4(4174 4190 4581 4565)
4(4189 4580 4581 4190)
4(4564 4565 4581 4580)
4(4175 4191 4582 4566)
4(4190 4581 4582 4191)
4(4565 4566 4582 4581)
4(4191 4582 573 548)
4(4566 572 573 4582)
4(547 548 573 572)
4(4176 4192 4583 4567)
4(703 730 4583 4192)
4(729 4567 4583 730)
4(4177 4193 4584 4568)
4(4192 4583 4584 4193)
4(4567 4568 4584 4583)
4(4178 4194 4585 4569)
4(4193 4584 4585 4194)
4(4568 4569 4585 4584)
4(4179 4195 4586 4570)
4(4194 4585 4586 4195)
4(4569 4570 4586 4585)
4(4180 4196 4587 4571)
4(4195 4586 4587 4196)
4(4570 4571 4587 4586)
4(4181 4197 4588 4572)
4(4196 4587 4588 4197)
4(4571 4572 4588 4587)
4(4182 4198 4589 4573)
4(4197 4588 4589 4198)
4(4572 4573 4589 4588)
4(4183 4199 4590 4574)
4(4198 4589 4590 4199)
4(4573 4574 4590 4589)
4(4184 4200 4591 4575)
4(4199 4590 4591 4200)
4(4574 4575 4591 4590)
4(4185 4201 4592 4576)
4(4200 4591 4592 4201)
4(4575 4576 4592 4591)
4(4186 4202 4593 4577)
4(4201 4592 4593 4202)
4(4576 4577 4593 4592)
4(4187 4203 4594 4578)
4(4202 4593 4594 4203)
4(4577 4578 4594 4593)
4(4188 4204 4595 4579)
4(4203 4594 4595 4204)
4(4578 4579 4595 4594)
4(4189 4205 4596 4580)
4(4204 4595 4596 4205)
4(4579 4580 4596 4595)
4(4190 4206 4597 4581)
4(4205 4596 4597 4206)
4(4580 4581 4597 4596)
4(4191 4207 4598 4582)
4(4206 4597 4598 4207)
4(4581 4582 4598 4597)
4(4207 4598 574 549)
4(4582 573 574 4598)
4(548 549 574 573)
4(4192 4208 4599 4583)
4(704 731 4599 4208)
4(730 4583 4599 731)
4(4193 4209 4600 4584)
4(4208 4599 4600 4209)
4(4583 4584 4600 4599)
4(4194 4210 4601 4585)
4(4209 4600 4601 4210)
4(4584 4585 4601 4600)
4(4195 4211 4602 4586)
4(4210 4601 4602 4211)
4(4585 4586 4602 4601)
4(4196 4212 4603 4587)
4(4211 4602 4603 4212)
4(4586 4587 4603 4602)
4(4197 4213 4604 4588)
4(4212 4603 4604 4213)
4(4587 4588 4604 4603)
4(4198 4214 4605 4589)
4(4213 4604 4605 4214)
4(4588 4589 4605 4604)
4(4199 4215 4606 4590)
4(4214 4605 4606 4215)
4(4589 4590 4606 4605)
4(4200 4216 4607 4591)
4(4215 4606 4607 4216)
4(4590 4591 4607 4606)
4(4201 4217 4608 4592)
4(4216 4607 4608 4217)
4(4591 4592 4608 4607)
4(4202 4218 4609 4593)
4(4217 4608 4609 4218)
4(4592 4593 4609 4608)
4(4203 4219 4610 4594)
4(4218 4609 4610 4219)
4(4593 4594 4610 4609)
4(4204 4220 4611 4595)
4(4219 4610 4611 4220)
4(4594 4595 4611 4610)
4(4205 4221 4612 4596)
4(4220 4611 4612 4221)
4(4595 4596 4612 4611)
4(4206 4222 4613 4597)
4(4221 4612 4613 4222)
4(4596 4597 4613 4612)
4(4207 4223 4614 4598)
4(4222 4613 4614 4223)
4(4597 4598 4614 4613)
4(4223 4614 575 550)
4(4598 574 575 4614)
4(549 550 575 574)
4(4208 4224 4615 4599)
4(705 732 4615 4224)
4(731 4599 4615 732)
4(4209 4225 4616 4600)
4(4224 4615 4616 4225)
4(4599 4600 4616 4615)
4(4210 4226 4617 4601)
4(4225 4616 4617 4226)
4(4600 4601 4617 4616)
4(4211 4227 4618 4602)
4(4226 4617 4618 4227)
4(4601 4602 4618 4617)
4(4212 4228 4619 4603)
4(4227 4618 4619 4228)
4(4602 4603 4619 4618)
4(4213 4229 4620 4604)
4(4228 4619 4620 4229)
4(4603 4604 4620 4619)
4(4214 4230 4621 4605)
4(4229 4620 4621 4230)
4(4604 4605 4621 4620)
4(4215 4231 4622 4606)
4(4230 4621 4622 4231)
4(4605 4606 4622 4621)
4(4216 4232 4623 4607)
4(4231 4622 4623 4232)
4(4606 4607 4623 4622)
4(4217 4233 4624 4608)
4(4232 4623 4624 4233)
4(4607 4608 4624 4623)
4(4218 4234 4625 4609)
4(4233 4624 4625 4234)
4(4608 4609 4625 4624)
4(4219 4235 4626 4610)
4(4234 4625 4626 4235)
4(4609 4610 4626 4625)
4(4220 4236 4627 4611)
4(4235 4626 4627 4236)
4(4610 4611 4627 4626)
4(4221 4237 4628 4612)
4(4236 4627 4628 4237)
4(4611 4612 4628 4627)
4(4222 4238 4629 4613)
4(4237 4628 4629 4238)
4(4612 4613 4629 4628)
4(4223 4239 4630 4614)
4(4238 4629 4630 4239)
4(4613 4614 4630 4629)
4(4239 4630 576 551)
4(4614 575 576 4630)
4(550 551 576 575)
4(4224 4240 4631 4615)
4(706 733 4631 4240)
4(732 4615 4631 733)
4(4225 4241 4632 4616)
4(4240 4631 4632 4241)
4(4615 4616 4632 4631)
4(4226 4242 4633 4617)
4(4241 4632 4633 4242)
4(4616 4617 4633 4632)
4(4227 4243 4634 4618)
4(4242 4633 4634 4243)
4(4617 4618 4634 4633)
4(4228 4244 4635 4619)
4(4243 4634 4635 4244)
4(4618 4619 4635 4634)
4(4229 4245 4636 4620)
4(4244 4635 4636 4245)
4(4619 4620 4636 4635)
4(4230 4246 4637 4621)
4(4245 4636 4637 4246)
4(4620 4621 4637 4636)
4(4231 4247 4638 4622)
4(4246 4637 4638 4247)
4(4621 4622 4638 4637)
4(4232 4248 4639 4623)
4(4247 4638 4639 4248)
4(4622 4623 4639 4638)
4(4233 4249 4640 4624)
4(4248 4639 4640 4249)
4(4623 4624 4640 4639)
4(4234 4250 4641 4625)
4(4249 4640 4641 4250)
4(4624 4625 4641 4640)
4(4235 4251 4642 4626)
4(4250 4641 4642 4251)
4(4625 4626 4642 4641)
4(4236 4252 4643 4627)
4(4251 4642 4643 4252)
4(4626 4627 4643 4642)
4(4237 4253 4644 4628)
4(4252 4643 4644 4253)
4(4627 4628 4644 4643)
4(4238 4254 4645 4629)
4(4253 4644 4645 4254)
4(4628 4629 4645 4644)
4(4239 4255 4646 4630)
4(4254 4645 4646 4255)
4(4629 4630 4646 4645)
4(4255 4646 577 552)
4(4630 576 577 4646)
4(551 552 577 576)
4(4240 4256 4647 4631)
4(707 734 4647 4256)
4(733 4631 4647 734)
4(4241 4257 4648 4632)
4(4256 4647 4648 4257)
4(4631 4632 4648 4647)
4(4242 4258 4649 4633)
4(4257 4648 4649 4258)
4(4632 4633 4649 4648)
4(4243 4259 4650 4634)
4(4258 4649 4650 4259)
4(4633 4634 4650 4649)
4(4244 4260 4651 4635)
4(4259 4650 4651 4260)
4(4634 4635 4651 4650)
4(4245 4261 4652 4636)
4(4260 4651 4652 4261)
4(4635 4636 4652 4651)
4(4246 4262 4653 4637)
4(4261 4652 4653 4262)
4(4636 4637 4653 4652)
4(4247 4263 4654 4638)
4(4262 4653 4654 4263)
4(4637 4638 4654 4653)
4(4248 4264 4655 4639)
4(4263 4654 4655 4264)
4(4638 4639 4655 4654)
4(4249 4265 4656 4640)
4(4264 4655 4656 4265)
4(4639 4640 4656 4655)
4(4250 4266 4657 4641)
4(4265 4656 4657 4266)
4(4640 4641 4657 4656)
4(4251 4267 4658 4642)
4(4266 4657 4658 4267)
4(4641 4642 4658 4657)
4(4252 4268 4659 4643)
4(4267 4658 4659 4268)
4(4642 4643 4659 4658)
4(4253 4269 4660 4644)
4(4268 4659 4660 4269)
4(4643 4644 4660 4659)
4(4254 4270 4661 4645)
4(4269 4660 4661 4270)
4(4644 4645 4661 4660)
4(4255 4271 4662 4646)
4(4270 4661 4662 4271)
4(4645 4646 4662 4661)
4(4271 4662 578 553)
4(4646 577 578 4662)
4(552 553 578 577)
4(4256 4272 4663 4647)
4(708 735 4663 4272)
4(734 4647 4663 735)
4(4257 4273 4664 4648)
4(4272 4663 4664 4273)
4(4647 4648 4664 4663)
4(4258 4274 4665 4649)
4(4273 4664 4665 4274)
4(4648 4649 4665 4664)
4(4259 4275 4666 4650)
4(4274 4665 4666 4275)
4(4649 4650 4666 4665)
4(4260 4276 4667 4651)
4(4275 4666 4667 4276)
4(4650 4651 4667 4666)
4(4261 4277 4668 4652)
4(4276 4667 4668 4277)
4(4651 4652 4668 4667)
4(4262 4278 4669 4653)
4(4277 4668 4669 4278)
4(4652 4653 4669 4668)
4(4263 4279 4670 4654)
4(4278 4669 4670 4279)
4(4653 4654 4670 4669)
4(4264 4280 4671 4655)
4(4279 4670 4671 4280)
4(4654 4655 4671 4670)
4(4265 4281 4672 4656)
4(4280 4671 4672 4281)
4(4655 4656 4672 4671)
4(4266 4282 4673 4657)
4(4281 4672 4673 4282)
4(4656 4657 4673 4672)
4(4267 4283 4674 4658)
4(4282 4673 4674 4283)
4(4657 4658 4674 4673)
4(4268 4284 4675 4659)
4(4283 4674 4675 4284)
4(4658 4659 4675 4674)
4(4269 4285 4676 4660)
4(4284 4675 4676 4285)
4(4659 4660 4676 4675)
4(4270 4286 4677 4661)
4(4285 4676 4677 4286)
4(4660 4661 4677 4676)
4(4271 4287 4678 4662)
4(4286 4677 4678 4287)
4(4661 4662 4678 4677)
4(4287 4678 579 554)
4(4662 578 579 4678)
4(553 554 579 578)
4(4272 4288 4679 4663)
4(709 736 4679 4288)
4(735 4663 4679 736)
4(4273 4289 4680 4664)
4(4288 4679 4680 4289)
4(4663 4664 4680 4679)
4(4274 4290 4681 4665)
4(4289 4680 4681 4290)
4(4664 4665 4681 4680)
4(4275 4291 4682 4666)
4(4290 4681 4682 4291)
4(4665 4666 4682 4681)
4(4276 4292 4683 4667)
4(4291 4682 4683 4292)
4(4666 4667 4683 4682)
4(4277 4293 4684 4668)
4(4292 4683 4684 4293)
4(4667 4668 4684 4683)
4(4278 4294 4685 4669)
4(4293 4684 4685 4294)
4(4668 4669 4685 4684)
4(4279 4295 4686 4670)
4(4294 4685 4686 4295)
4(4669 4670 4686 4685)
4(4280 4296 4687 4671)
4(4295 4686 4687 4296)
4(4670 4671 4687 4686)
4(4281 4297 4688 4672)
4(4296 4687 4688 4297)
4(4671 4672 4688 4687)
4(4282 4298 4689 4673)
4(4297 4688 4689 4298)
4(4672 4673 4689 4688)
4(4283 4299 4690 4674)
4(4298 4689 4690 4299)
4(4673 4674 4690 4689)
4(4284 4300 4691 4675)
4(4299 4690 4691 4300)
4(4674 4675 4691 4690)
4(4285 4301 4692 4676)
4(4300 4691 4692 4301)
4(4675 4676 4692 4691)
4(4286 4302 4693 4677)
4(4301 4692 4693 4302)
4(4676 4677 4693 4692)
4(4287 4303 4694 4678)
4(4302 4693 4694 4303)
4(4677 4678 4694 4693)
4(4303 4694 580 555)
4(4678 579 580 4694)
4(554 555 580 579)
4(4288 4304 4695 4679)
4(710 737 4695 4304)
4(736 4679 4695 737)
4(4289 4305 4696 4680)
4(4304 4695 4696 4305)
4(4679 4680 4696 4695)
4(4290 4306 4697 4681)
4(4305 4696 4697 4306)
4(4680 4681 4697 4696)
4(4291 4307 4698 4682)
4(4306 4697 4698 4307)
4(4681 4682 4698 4697)
4(4292 4308 4699 4683)
4(4307 4698 4699 4308)
4(4682 4683 4699 4698)
4(4293 4309 4700 4684)
4(4308 4699 4700 4309)
4(4683 4684 4700 4699)
4(4294 4310 4701 4685)
4(4309 4700 4701 4310)
4(4684 4685 4701 4700)
4(4295 4311 4702 4686)
4(4310 4701 4702 4311)
4(4685 4686 4702 4701)
4(4296 4312 4703 4687)
4(4311 4702 4703 4312)
4(4686 4687 4703 4702)
4(4297 4313 4704 4688)
4(4312 4703 4704 4313)
4(4687 4688 4704 4703)
4(4298 4314 4705 4689)
4(4313 4704 4705 4314)
4(4688 4689 4705 4704)
4(4299 4315 4706 4690)
4(4314 4705 4706 4315)
4(4689 4690 4706 4705)
4(4300 4316 4707 4691)
4(4315 4706 4707 4316)
4(4690 4691 4707 4706)
4(4301 4317 4708 4692)
4(4316 4707 4708 4317)
4(4691 4692 4708 4707)
4(4302 4318 4709 4693)
4(4317 4708 4709 4318)
4(4692 4693 4709 4708)
4(4303 4319 4710 4694)
4(4318 4709 4710 4319)
4(4693 4694 4710 4709)
4(4319 4710 581 556)
4(4694 580 581 4710)
4(555 556 581 580)
4(4304 712 4711 4695)
4(711 738 4711 712)
4(737 4695 4711 738)
4(4305 4320 4712 4696)
4(712 4711 4712 4320)
4(4695 4696 4712 4711)
4(4306 4321 4713 4697)
4(4320 4712 4713 4321)
4(4696 4697 4713 4712)
4(4307 4322 4714 4698)
4(4321 4713 4714 4322)
4(4697 4698 4714 4713)
4(4308 4323 4715 4699)
4(4322 4714 4715 4323)
4(4698 4699 4715 4714)
4(4309 4324 4716 4700)
4(4323 4715 4716 4324)
4(4699 4700 4716 4715)
4(4310 4325 4717 4701)
4(4324 4716 4717 4325)
4(4700 4701 4717 4716)
4(4311 4326 4718 4702)
4(4325 4717 4718 4326)
4(4701 4702 4718 4717)
4(4312 4327 4719 4703)
4(4326 4718 4719 4327)
4(4702 4703 4719 4718)
4(4313 4328 4720 4704)
4(4327 4719 4720 4328)
4(4703 4704 4720 4719)
4(4314 4329 4721 4705)
4(4328 4720 4721 4329)
4(4704 4705 4721 4720)
4(4315 4330 4722 4706)
4(4329 4721 4722 4330)
4(4705 4706 4722 4721)
4(4316 4331 4723 4707)
4(4330 4722 4723 4331)
4(4706 4707 4723 4722)
4(4317 4332 4724 4708)
4(4331 4723 4724 4332)
4(4707 4708 4724 4723)
4(4318 4333 4725 4709)
4(4332 4724 4725 4333)
4(4708 4709 4725 4724)
4(4319 4334 4726 4710)
4(4333 4725 4726 4334)
4(4709 4710 4726 4725)
4(4334 4726 582 557)
4(4710 581 582 4726)
4(556 557 582 581)
4(712 713 740 4711)
4(738 4711 740 739)
4(4320 4335 4727 4712)
4(713 740 4727 4335)
4(4711 4712 4727 740)
4(4321 4336 4728 4713)
4(4335 4727 4728 4336)
4(4712 4713 4728 4727)
4(4322 4337 4729 4714)
4(4336 4728 4729 4337)
4(4713 4714 4729 4728)
4(4323 4338 4730 4715)
4(4337 4729 4730 4338)
4(4714 4715 4730 4729)
4(4324 4339 4731 4716)
4(4338 4730 4731 4339)
4(4715 4716 4731 4730)
4(4325 4340 4732 4717)
4(4339 4731 4732 4340)
4(4716 4717 4732 4731)
4(4326 4341 4733 4718)
4(4340 4732 4733 4341)
4(4717 4718 4733 4732)
4(4327 4342 4734 4719)
4(4341 4733 4734 4342)
4(4718 4719 4734 4733)
4(4328 4343 4735 4720)
4(4342 4734 4735 4343)
4(4719 4720 4735 4734)
4(4329 4344 4736 4721)
4(4343 4735 4736 4344)
4(4720 4721 4736 4735)
4(4330 4345 4737 4722)
4(4344 4736 4737 4345)
4(4721 4722 4737 4736)
4(4331 4346 4738 4723)
4(4345 4737 4738 4346)
4(4722 4723 4738 4737)
4(4332 4347 4739 4724)
4(4346 4738 4739 4347)
4(4723 4724 4739 4738)
4(4333 4348 4740 4725)
4(4347 4739 4740 4348)
4(4724 4725 4740 4739)
4(4334 4349 4741 4726)
4(4348 4740 4741 4349)
4(4725 4726 4741 4740)
4(4349 4741 583 558)
4(4726 582 583 4741)
4(557 558 583 582)
4(4335 4350 4742 4727)
4(715 741 4742 4350)
4(740 4727 4742 741)
4(4336 4351 4743 4728)
4(4350 4742 4743 4351)
4(4727 4728 4743 4742)
4(4337 4352 4744 4729)
4(4351 4743 4744 4352)
4(4728 4729 4744 4743)
4(4338 4353 4745 4730)
4(4352 4744 4745 4353)
4(4729 4730 4745 4744)
4(4339 4354 4746 4731)
4(4353 4745 4746 4354)
4(4730 4731 4746 4745)
4(4340 4355 4747 4732)
4(4354 4746 4747 4355)
4(4731 4732 4747 4746)
4(4341 4356 4748 4733)
4(4355 4747 4748 4356)
4(4732 4733 4748 4747)
4(4342 4357 4749 4734)
4(4356 4748 4749 4357)
4(4733 4734 4749 4748)
4(4343 4358 4750 4735)
4(4357 4749 4750 4358)
4(4734 4735 4750 4749)
4(4344 4359 4751 4736)
4(4358 4750 4751 4359)
4(4735 4736 4751 4750)
4(4345 4360 4752 4737)
4(4359 4751 4752 4360)
4(4736 4737 4752 4751)
4(4346 4361 4753 4738)
4(4360 4752 4753 4361)
4(4737 4738 4753 4752)
4(4347 4362 4754 4739)
4(4361 4753 4754 4362)
4(4738 4739 4754 4753)
4(4348 4363 4755 4740)
4(4362 4754 4755 4363)
4(4739 4740 4755 4754)
4(4349 4364 4756 4741)
4(4363 4755 4756 4364)
4(4740 4741 4756 4755)
4(4364 4756 584 559)
4(4741 583 584 4756)
4(558 559 584 583)
4(4350 4365 4757 4742)
4(716 743 4757 4365)
4(741 4742 4757 743)
4(4351 4366 4758 4743)
4(4365 4757 4758 4366)
4(4742 4743 4758 4757)
4(4352 4367 4759 4744)
4(4366 4758 4759 4367)
4(4743 4744 4759 4758)
4(4353 4368 4760 4745)
4(4367 4759 4760 4368)
4(4744 4745 4760 4759)
4(4354 4369 4761 4746)
4(4368 4760 4761 4369)
4(4745 4746 4761 4760)
4(4355 4370 4762 4747)
4(4369 4761 4762 4370)
4(4746 4747 4762 4761)
4(4356 4371 4763 4748)
4(4370 4762 4763 4371)
4(4747 4748 4763 4762)
4(4357 4372 4764 4749)
4(4371 4763 4764 4372)
4(4748 4749 4764 4763)
4(4358 4373 4765 4750)
4(4372 4764 4765 4373)
4(4749 4750 4765 4764)
4(4359 4374 4766 4751)
4(4373 4765 4766 4374)
4(4750 4751 4766 4765)
4(4360 4375 4767 4752)
4(4374 4766 4767 4375)
4(4751 4752 4767 4766)
4(4361 4376 4768 4753)
4(4375 4767 4768 4376)
4(4752 4753 4768 4767)
4(4362 4377 4769 4754)
4(4376 4768 4769 4377)
4(4753 4754 4769 4768)
4(4363 4378 4770 4755)
4(4377 4769 4770 4378)
4(4754 4755 4770 4769)
4(4364 4379 4771 4756)
4(4378 4770 4771 4379)
4(4755 4756 4771 4770)
4(4379 4771 585 560)
4(4756 584 585 4771)
4(559 560 585 584)
4(4365 4380 4772 4757)
4(717 744 4772 4380)
4(743 4757 4772 744)
4(4366 4381 4773 4758)
4(4380 4772 4773 4381)
4(4757 4758 4773 4772)
4(4367 4382 4774 4759)
4(4381 4773 4774 4382)
4(4758 4759 4774 4773)
4(4368 4383 4775 4760)
4(4382 4774 4775 4383)
4(4759 4760 4775 4774)
4(4369 4384 4776 4761)
4(4383 4775 4776 4384)
4(4760 4761 4776 4775)
4(4370 4385 4777 4762)
4(4384 4776 4777 4385)
4(4761 4762 4777 4776)
4(4371 4386 4778 4763)
4(4385 4777 4778 4386)
4(4762 4763 4778 4777)
4(4372 4387 4779 4764)
4(4386 4778 4779 4387)
4(4763 4764 4779 4778)
4(4373 4388 4780 4765)
4(4387 4779 4780 4388)
4(4764 4765 4780 4779)
4(4374 4389 4781 4766)
4(4388 4780 4781 4389)
4(4765 4766 4781 4780)
4(4375 4390 4782 4767)
4(4389 4781 4782 4390)
4(4766 4767 4782 4781)
4(4376 4391 4783 4768)
4(4390 4782 4783 4391)
4(4767 4768 4783 4782)
4(4377 4392 4784 4769)
4(4391 4783 4784 4392)
4(4768 4769 4784 4783)
4(4378 4393 4785 4770)
4(4392 4784 4785 4393)
4(4769 4770 4785 4784)
4(4379 4394 4786 4771)
4(4393 4785 4786 4394)
4(4770 4771 4786 4785)
4(4394 4786 586 561)
4(4771 585 586 4786)
4(560 561 586 585)
4(4380 4395 4787 4772)
4(718 745 4787 4395)
4(744 4772 4787 745)
4(4381 4396 4788 4773)
4(4395 4787 4788 4396)
4(4772 4773 4788 4787)
4(4382 4397 4789 4774)
4(4396 4788 4789 4397)
4(4773 4774 4789 4788)
4(4383 4398 4790 4775)
4(4397 4789 4790 4398)
4(4774 4775 4790 4789)
4(4384 4399 4791 4776)
4(4398 4790 4791 4399)
4(4775 4776 4791 4790)
4(4385 4400 4792 4777)
4(4399 4791 4792 4400)
4(4776 4777 4792 4791)
4(4386 4401 4793 4778)
4(4400 4792 4793 4401)
4(4777 4778 4793 4792)
4(4387 4402 4794 4779)
4(4401 4793 4794 4402)
4(4778 4779 4794 4793)
4(4388 4403 4795 4780)
4(4402 4794 4795 4403)
4(4779 4780 4795 4794)
4(4389 4404 4796 4781)
4(4403 4795 4796 4404)
4(4780 4781 4796 4795)
4(4390 4405 4797 4782)
4(4404 4796 4797 4405)
4(4781 4782 4797 4796)
4(4391 4406 4798 4783)
4(4405 4797 4798 4406)
4(4782 4783 4798 4797)
4(4392 4407 4799 4784)
4(4406 4798 4799 4407)
4(4783 4784 4799 4798)
4(4393 4408 4800 4785)
4(4407 4799 4800 4408)
4(4784 4785 4800 4799)
4(4394 4409 4801 4786)
4(4408 4800 4801 4409)
4(4785 4786 4801 4800)
4(4409 4801 587 562)
4(4786 586 587 4801)
4(561 562 587 586)
4(4395 4410 4802 4787)
4(719 746 4802 4410)
4(745 4787 4802 746)
4(4396 4411 4803 4788)
4(4410 4802 4803 4411)
4(4787 4788 4803 4802)
4(4397 4412 4804 4789)
4(4411 4803 4804 4412)
4(4788 4789 4804 4803)
4(4398 4413 4805 4790)
4(4412 4804 4805 4413)
4(4789 4790 4805 4804)
4(4399 4414 4806 4791)
4(4413 4805 4806 4414)
4(4790 4791 4806 4805)
4(4400 4415 4807 4792)
4(4414 4806 4807 4415)
4(4791 4792 4807 4806)
4(4401 4416 4808 4793)
4(4415 4807 4808 4416)
4(4792 4793 4808 4807)
4(4402 4417 4809 4794)
4(4416 4808 4809 4417)
4(4793 4794 4809 4808)
4(4403 4418 4810 4795)
4(4417 4809 4810 4418)
4(4794 4795 4810 4809)
4(4404 4419 4811 4796)
4(4418 4810 4811 4419)
4(4795 4796 4811 4810)
4(4405 4420 4812 4797)
4(4419 4811 4812 4420)
4(4796 4797 4812 4811)
4(4406 4421 4813 4798)
4(4420 4812 4813 4421)
4(4797 4798 4813 4812)
4(4407 4422 4814 4799)
4(4421 4813 4814 4422)
4(4798 4799 4814 4813)
4(4408 4423 4815 4800)
4(4422 4814 4815 4423)
4(4799 4800 4815 4814)
4(4409 4424 4816 4801)
4(4423 4815 4816 4424)
4(4800 4801 4816 4815)
4(4424 4816 588 563)
4(4801 587 588 4816)
4(562 563 588 587)
4(4410 4425 4817 4802)
4(720 747 4817 4425)
4(746 4802 4817 747)
4(4411 4426 4818 4803)
4(4425 4817 4818 4426)
4(4802 4803 4818 4817)
4(4412 4427 4819 4804)
4(4426 4818 4819 4427)
4(4803 4804 4819 4818)
4(4413 4428 4820 4805)
4(4427 4819 4820 4428)
4(4804 4805 4820 4819)
4(4414 4429 4821 4806)
4(4428 4820 4821 4429)
4(4805 4806 4821 4820)
4(4415 4430 4822 4807)
4(4429 4821 4822 4430)
4(4806 4807 4822 4821)
4(4416 4431 4823 4808)
4(4430 4822 4823 4431)
4(4807 4808 4823 4822)
4(4417 4432 4824 4809)
4(4431 4823 4824 4432)
4(4808 4809 4824 4823)
4(4418 4433 4825 4810)
4(4432 4824 4825 4433)
4(4809 4810 4825 4824)
4(4419 4434 4826 4811)
4(4433 4825 4826 4434)
4(4810 4811 4826 4825)
4(4420 4435 4827 4812)
4(4434 4826 4827 4435)
4(4811 4812 4827 4826)
4(4421 4436 4828 4813)
4(4435 4827 4828 4436)
4(4812 4813 4828 4827)
4(4422 4437 4829 4814)
4(4436 4828 4829 4437)
4(4813 4814 4829 4828)
4(4423 4438 4830 4815)
4(4437 4829 4830 4438)
4(4814 4815 4830 4829)
4(4424 4439 4831 4816)
4(4438 4830 4831 4439)
4(4815 4816 4831 4830)
4(4439 4831 589 564)
4(4816 588 589 4831)
4(563 564 589 588)
4(4425 4440 4832 4817)
4(721 748 4832 4440)
4(747 4817 4832 748)
4(4426 4441 4833 4818)
4(4440 4832 4833 4441)
4(4817 4818 4833 4832)
4(4427 4442 4834 4819)
4(4441 4833 4834 4442)
4(4818 4819 4834 4833)
4(4428 4443 4835 4820)
4(4442 4834 4835 4443)
4(4819 4820 4835 4834)
4(4429 4444 4836 4821)
4(4443 4835 4836 4444)
4(4820 4821 4836 4835)
4(4430 4445 4837 4822)
4(4444 4836 4837 4445)
4(4821 4822 4837 4836)
4(4431 4446 4838 4823)
4(4445 4837 4838 4446)
4(4822 4823 4838 4837)
4(4432 4447 4839 4824)
4(4446 4838 4839 4447)
4(4823 4824 4839 4838)
4(4433 4448 4840 4825)
4(4447 4839 4840 4448)
4(4824 4825 4840 4839)
4(4434 4449 4841 4826)
4(4448 4840 4841 4449)
4(4825 4826 4841 4840)
4(4435 4450 4842 4827)
4(4449 4841 4842 4450)
4(4826 4827 4842 4841)
4(4436 4451 4843 4828)
4(4450 4842 4843 4451)
4(4827 4828 4843 4842)
4(4437 4452 4844 4829)
4(4451 4843 4844 4452)
4(4828 4829 4844 4843)
4(4438 4453 4845 4830)
4(4452 4844 4845 4453)
4(4829 4830 4845 4844)
4(4439 4454 4846 4831)
4(4453 4845 4846 4454)
4(4830 4831 4846 4845)
4(4454 4846 590 565)
4(4831 589 590 4846)
4(564 565 590 589)
4(4440 38 55 4832)
4(748 4832 55 54)
4(37 54 55 38)
4(4441 39 56 4833)
4(4832 4833 56 55)
4(38 55 56 39)
4(4442 40 57 4834)
4(4833 4834 57 56)
4(39 56 57 40)
4(4443 41 58 4835)
4(4834 4835 58 57)
4(40 57 58 41)
4(4444 42 59 4836)
4(4835 4836 59 58)
4(41 58 59 42)
4(4445 43 60 4837)
4(4836 4837 60 59)
4(42 59 60 43)
4(4446 44 61 4838)
4(4837 4838 61 60)
4(43 60 61 44)
4(4447 45 62 4839)
4(4838 4839 62 61)
4(44 61 62 45)
4(4448 46 63 4840)
4(4839 4840 63 62)
4(45 62 63 46)
4(4449 47 64 4841)
4(4840 4841 64 63)
4(46 63 64 47)
4(4450 48 65 4842)
4(4841 4842 65 64)
4(47 64 65 48)
4(4451 49 66 4843)
4(4842 4843 66 65)
4(48 65 66 49)
4(4452 50 67 4844)
4(4843 4844 67 66)
4(49 66 67 50)
4(4453 51 68 4845)
4(4844 4845 68 67)
4(50 67 68 51)
4(4454 52 69 4846)
4(4845 4846 69 68)
4(51 68 69 52)
4(4846 590 70 69)
4(565 53 70 590)
4(52 69 70 53)
4(4455 4471 4863 4847)
4(722 749 4863 4471)
4(750 4847 4863 749)
4(4456 4472 4864 4848)
4(4471 4863 4864 4472)
4(4847 4848 4864 4863)
4(4457 4473 4865 4849)
4(4472 4864 4865 4473)
4(4848 4849 4865 4864)
4(4458 4474 4866 4850)
4(4473 4865 4866 4474)
4(4849 4850 4866 4865)
4(4459 4475 4867 4851)
4(4474 4866 4867 4475)
4(4850 4851 4867 4866)
4(4460 4476 4868 4852)
4(4475 4867 4868 4476)
4(4851 4852 4868 4867)
4(4461 4477 4869 4853)
4(4476 4868 4869 4477)
4(4852 4853 4869 4868)
4(4462 4478 4870 4854)
4(4477 4869 4870 4478)
4(4853 4854 4870 4869)
4(4463 4479 4871 4855)
4(4478 4870 4871 4479)
4(4854 4855 4871 4870)
4(4464 4480 4872 4856)
4(4479 4871 4872 4480)
4(4855 4856 4872 4871)
4(4465 4481 4873 4857)
4(4480 4872 4873 4481)
4(4856 4857 4873 4872)
4(4466 4482 4874 4858)
4(4481 4873 4874 4482)
4(4857 4858 4874 4873)
4(4467 4483 4875 4859)
4(4482 4874 4875 4483)
4(4858 4859 4875 4874)
4(4468 4484 4876 4860)
4(4483 4875 4876 4484)
4(4859 4860 4876 4875)
4(4469 4485 4877 4861)
4(4484 4876 4877 4485)
4(4860 4861 4877 4876)
4(4470 4486 4878 4862)
4(4485 4877 4878 4486)
4(4861 4862 4878 4877)
4(4486 4878 591 566)
4(4862 592 591 4878)
4(567 566 591 592)
4(4471 4487 4879 4863)
4(724 751 4879 4487)
4(749 4863 4879 751)
4(4472 4488 4880 4864)
4(4487 4879 4880 4488)
4(4863 4864 4880 4879)
4(4473 4489 4881 4865)
4(4488 4880 4881 4489)
4(4864 4865 4881 4880)
4(4474 4490 4882 4866)
4(4489 4881 4882 4490)
4(4865 4866 4882 4881)
4(4475 4491 4883 4867)
4(4490 4882 4883 4491)
4(4866 4867 4883 4882)
4(4476 4492 4884 4868)
4(4491 4883 4884 4492)
4(4867 4868 4884 4883)
4(4477 4493 4885 4869)
4(4492 4884 4885 4493)
4(4868 4869 4885 4884)
4(4478 4494 4886 4870)
4(4493 4885 4886 4494)
4(4869 4870 4886 4885)
4(4479 4495 4887 4871)
4(4494 4886 4887 4495)
4(4870 4871 4887 4886)
4(4480 4496 4888 4872)
4(4495 4887 4888 4496)
4(4871 4872 4888 4887)
4(4481 4497 4889 4873)
4(4496 4888 4889 4497)
4(4872 4873 4889 4888)
4(4482 4498 4890 4874)
4(4497 4889 4890 4498)
4(4873 4874 4890 4889)
4(4483 4499 4891 4875)
4(4498 4890 4891 4499)
4(4874 4875 4891 4890)
4(4484 4500 4892 4876)
4(4499 4891 4892 4500)
4(4875 4876 4892 4891)
4(4485 4501 4893 4877)
4(4500 4892 4893 4501)
4(4876 4877 4893 4892)
4(4486 4502 4894 4878)
4(4501 4893 4894 4502)
4(4877 4878 4894 4893)
4(4502 4894 593 568)
4(4878 591 593 4894)
4(566 568 593 591)
4(4487 4503 4895 4879)
4(725 752 4895 4503)
4(751 4879 4895 752)
4(4488 4504 4896 4880)
4(4503 4895 4896 4504)
4(4879 4880 4896 4895)
4(4489 4505 4897 4881)
4(4504 4896 4897 4505)
4(4880 4881 4897 4896)
4(4490 4506 4898 4882)
4(4505 4897 4898 4506)
4(4881 4882 4898 4897)
4(4491 4507 4899 4883)
4(4506 4898 4899 4507)
4(4882 4883 4899 4898)
4(4492 4508 4900 4884)
4(4507 4899 4900 4508)
4(4883 4884 4900 4899)
4(4493 4509 4901 4885)
4(4508 4900 4901 4509)
4(4884 4885 4901 4900)
4(4494 4510 4902 4886)
4(4509 4901 4902 4510)
4(4885 4886 4902 4901)
4(4495 4511 4903 4887)
4(4510 4902 4903 4511)
4(4886 4887 4903 4902)
4(4496 4512 4904 4888)
4(4511 4903 4904 4512)
4(4887 4888 4904 4903)
4(4497 4513 4905 4889)
4(4512 4904 4905 4513)
4(4888 4889 4905 4904)
4(4498 4514 4906 4890)
4(4513 4905 4906 4514)
4(4889 4890 4906 4905)
4(4499 4515 4907 4891)
4(4514 4906 4907 4515)
4(4890 4891 4907 4906)
4(4500 4516 4908 4892)
4(4515 4907 4908 4516)
4(4891 4892 4908 4907)
4(4501 4517 4909 4893)
4(4516 4908 4909 4517)
4(4892 4893 4909 4908)
4(4502 4518 4910 4894)
4(4517 4909 4910 4518)
4(4893 4894 4910 4909)
4(4518 4910 594 569)
4(4894 593 594 4910)
4(568 569 594 593)
4(4503 4519 4911 4895)
4(726 753 4911 4519)
4(752 4895 4911 753)
4(4504 4520 4912 4896)
4(4519 4911 4912 4520)
4(4895 4896 4912 4911)
4(4505 4521 4913 4897)
4(4520 4912 4913 4521)
4(4896 4897 4913 4912)
4(4506 4522 4914 4898)
4(4521 4913 4914 4522)
4(4897 4898 4914 4913)
4(4507 4523 4915 4899)
4(4522 4914 4915 4523)
4(4898 4899 4915 4914)
4(4508 4524 4916 4900)
4(4523 4915 4916 4524)
4(4899 4900 4916 4915)
4(4509 4525 4917 4901)
4(4524 4916 4917 4525)
4(4900 4901 4917 4916)
4(4510 4526 4918 4902)
4(4525 4917 4918 4526)
4(4901 4902 4918 4917)
4(4511 4527 4919 4903)
4(4526 4918 4919 4527)
4(4902 4903 4919 4918)
4(4512 4528 4920 4904)
4(4527 4919 4920 4528)
4(4903 4904 4920 4919)
4(4513 4529 4921 4905)
4(4528 4920 4921 4529)
4(4904 4905 4921 4920)
4(4514 4530 4922 4906)
4(4529 4921 4922 4530)
4(4905 4906 4922 4921)
4(4515 4531 4923 4907)
4(4530 4922 4923 4531)
4(4906 4907 4923 4922)
4(4516 4532 4924 4908)
4(4531 4923 4924 4532)
4(4907 4908 4924 4923)
4(4517 4533 4925 4909)
4(4532 4924 4925 4533)
4(4908 4909 4925 4924)
4(4518 4534 4926 4910)
4(4533 4925 4926 4534)
4(4909 4910 4926 4925)
4(4534 4926 595 570)
4(4910 594 595 4926)
4(569 570 595 594)
4(4519 4535 4927 4911)
4(727 754 4927 4535)
4(753 4911 4927 754)
4(4520 4536 4928 4912)
4(4535 4927 4928 4536)
4(4911 4912 4928 4927)
4(4521 4537 4929 4913)
4(4536 4928 4929 4537)
4(4912 4913 4929 4928)
4(4522 4538 4930 4914)
4(4537 4929 4930 4538)
4(4913 4914 4930 4929)
4(4523 4539 4931 4915)
4(4538 4930 4931 4539)
4(4914 4915 4931 4930)
4(4524 4540 4932 4916)
4(4539 4931 4932 4540)
4(4915 4916 4932 4931)
4(4525 4541 4933 4917)
4(4540 4932 4933 4541)
4(4916 4917 4933 4932)
4(4526 4542 4934 4918)
4(4541 4933 4934 4542)
4(4917 4918 4934 4933)
4(4527 4543 4935 4919)
4(4542 4934 4935 4543)
4(4918 4919 4935 4934)
4(4528 4544 4936 4920)
4(4543 4935 4936 4544)
4(4919 4920 4936 4935)
4(4529 4545 4937 4921)
4(4544 4936 4937 4545)
4(4920 4921 4937 4936)
4(4530 4546 4938 4922)
4(4545 4937 4938 4546)
4(4921 4922 4938 4937)
4(4531 4547 4939 4923)
4(4546 4938 4939 4547)
4(4922 4923 4939 4938)
4(4532 4548 4940 4924)
4(4547 4939 4940 4548)
4(4923 4924 4940 4939)
4(4533 4549 4941 4925)
4(4548 4940 4941 4549)
4(4924 4925 4941 4940)
4(4534 4550 4942 4926)
4(4549 4941 4942 4550)
4(4925 4926 4942 4941)
4(4550 4942 596 571)
4(4926 595 596 4942)
4(570 571 596 595)
4(4535 4551 4943 4927)
4(728 755 4943 4551)
4(754 4927 4943 755)
4(4536 4552 4944 4928)
4(4551 4943 4944 4552)
4(4927 4928 4944 4943)
4(4537 4553 4945 4929)
4(4552 4944 4945 4553)
4(4928 4929 4945 4944)
4(4538 4554 4946 4930)
4(4553 4945 4946 4554)
4(4929 4930 4946 4945)
4(4539 4555 4947 4931)
4(4554 4946 4947 4555)
4(4930 4931 4947 4946)
4(4540 4556 4948 4932)
4(4555 4947 4948 4556)
4(4931 4932 4948 4947)
4(4541 4557 4949 4933)
4(4556 4948 4949 4557)
4(4932 4933 4949 4948)
4(4542 4558 4950 4934)
4(4557 4949 4950 4558)
4(4933 4934 4950 4949)
4(4543 4559 4951 4935)
4(4558 4950 4951 4559)
4(4934 4935 4951 4950)
4(4544 4560 4952 4936)
4(4559 4951 4952 4560)
4(4935 4936 4952 4951)
4(4545 4561 4953 4937)
4(4560 4952 4953 4561)
4(4936 4937 4953 4952)
4(4546 4562 4954 4938)
4(4561 4953 4954 4562)
4(4937 4938 4954 4953)
4(4547 4563 4955 4939)
4(4562 4954 4955 4563)
4(4938 4939 4955 4954)
4(4548 4564 4956 4940)
4(4563 4955 4956 4564)
4(4939 4940 4956 4955)
4(4549 4565 4957 4941)
4(4564 4956 4957 4565)
4(4940 4941 4957 4956)
4(4550 4566 4958 4942)
4(4565 4957 4958 4566)
4(4941 4942 4958 4957)
4(4566 4958 597 572)
4(4942 596 597 4958)
4(571 572 597 596)
4(4551 4567 4959 4943)
4(729 756 4959 4567)
4(755 4943 4959 756)
4(4552 4568 4960 4944)
4(4567 4959 4960 4568)
4(4943 4944 4960 4959)
4(4553 4569 4961 4945)
4(4568 4960 4961 4569)
4(4944 4945 4961 4960)
4(4554 4570 4962 4946)
4(4569 4961 4962 4570)
4(4945 4946 4962 4961)
4(4555 4571 4963 4947)
4(4570 4962 4963 4571)
4(4946 4947 4963 4962)
4(4556 4572 4964 4948)
4(4571 4963 4964 4572)
4(4947 4948 4964 4963)
4(4557 4573 4965 4949)
4(4572 4964 4965 4573)
4(4948 4949 4965 4964)
4(4558 4574 4966 4950)
4(4573 4965 4966 4574)
4(4949 4950 4966 4965)
4(4559 4575 4967 4951)
4(4574 4966 4967 4575)
4(4950 4951 4967 4966)
4(4560 4576 4968 4952)
4(4575 4967 4968 4576)
4(4951 4952 4968 4967)
4(4561 4577 4969 4953)
4(4576 4968 4969 4577)
4(4952 4953 4969 4968)
4(4562 4578 4970 4954)
4(4577 4969 4970 4578)
4(4953 4954 4970 4969)
4(4563 4579 4971 4955)
4(4578 4970 4971 4579)
4(4954 4955 4971 4970)
4(4564 4580 4972 4956)
4(4579 4971 4972 4580)
4(4955 4956 4972 4971)
4(4565 4581 4973 4957)
4(4580 4972 4973 4581)
4(4956 4957 4973 4972)
4(4566 4582 4974 4958)
4(4581 4973 4974 4582)
4(4957 4958 4974 4973)
4(4582 4974 598 573)
4(4958 597 598 4974)
4(572 573 598 597)
4(4567 4583 4975 4959)
4(730 757 4975 4583)
4(756 4959 4975 757)
4(4568 4584 4976 4960)
4(4583 4975 4976 4584)
4(4959 4960 4976 4975)
4(4569 4585 4977 4961)
4(4584 4976 4977 4585)
4(4960 4961 4977 4976)
4(4570 4586 4978 4962)
4(4585 4977 4978 4586)
4(4961 4962 4978 4977)
4(4571 4587 4979 4963)
4(4586 4978 4979 4587)
4(4962 4963 4979 4978)
4(4572 4588 4980 4964)
4(4587 4979 4980 4588)
4(4963 4964 4980 4979)
4(4573 4589 4981 4965)
4(4588 4980 4981 4589)
4(4964 4965 4981 4980)
4(4574 4590 4982 4966)
4(4589 4981 4982 4590)
4(4965 4966 4982 4981)
4(4575 4591 4983 4967)
4(4590 4982 4983 4591)
4(4966 4967 4983 4982)
4(4576 4592 4984 4968)
4(4591 4983 4984 4592)
4(4967 4968 4984 4983)
4(4577 4593 4985 4969)
4(4592 4984 4985 4593)
4(4968 4969 4985 4984)
4(4578 4594 4986 4970)
4(4593 4985 4986 4594)
4(4969 4970 4986 4985)
4(4579 4595 4987 4971)
4(4594 4986 4987 4595)
4(4970 4971 4987 4986)
4(4580 4596 4988 4972)
4(4595 4987 4988 4596)
4(4971 4972 4988 4987)
4(4581 4597 4989 4973)
4(4596 4988 4989 4597)
4(4972 4973 4989 4988)
4(4582 4598 4990 4974)
4(4597 4989 4990 4598)
4(4973 4974 4990 4989)
4(4598 4990 599 574)
4(4974 598 599 4990)
4(573 574 599 598)
4(4583 4599 4991 4975)
4(731 758 4991 4599)
4(757 4975 4991 758)
4(4584 4600 4992 4976)
4(4599 4991 4992 4600)
4(4975 4976 4992 4991)
4(4585 4601 4993 4977)
4(4600 4992 4993 4601)
4(4976 4977 4993 4992)
4(4586 4602 4994 4978)
4(4601 4993 4994 4602)
4(4977 4978 4994 4993)
4(4587 4603 4995 4979)
4(4602 4994 4995 4603)
4(4978 4979 4995 4994)
4(4588 4604 4996 4980)
4(4603 4995 4996 4604)
4(4979 4980 4996 4995)
4(4589 4605 4997 4981)
4(4604 4996 4997 4605)
4(4980 4981 4997 4996)
4(4590 4606 4998 4982)
4(4605 4997 4998 4606)
4(4981 4982 4998 4997)
4(4591 4607 4999 4983)
4(4606 4998 4999 4607)
4(4982 4983 4999 4998)
4(4592 4608 5000 4984)
4(4607 4999 5000 4608)
4(4983 4984 5000 4999)
4(4593 4609 5001 4985)
4(4608 5000 5001 4609)
4(4984 4985 5001 5000)
4(4594 4610 5002 4986)
4(4609 5001 5002 4610)
4(4985 4986 5002 5001)
4(4595 4611 5003 4987)
4(4610 5002 5003 4611)
4(4986 4987 5003 5002)
4(4596 4612 5004 4988)
4(4611 5003 5004 4612)
4(4987 4988 5004 5003)
4(4597 4613 5005 4989)
4(4612 5004 5005 4613)
4(4988 4989 5005 5004)
4(4598 4614 5006 4990)
4(4613 5005 5006 4614)
4(4989 4990 5006 5005)
4(4614 5006 600 575)
4(4990 599 600 5006)
4(574 575 600 599)
4(4599 4615 5007 4991)
4(732 759 5007 4615)
4(758 4991 5007 759)
4(4600 4616 5008 4992)
4(4615 5007 5008 4616)
4(4991 4992 5008 5007)
4(4601 4617 5009 4993)
4(4616 5008 5009 4617)
4(4992 4993 5009 5008)
4(4602 4618 5010 4994)
4(4617 5009 5010 4618)
4(4993 4994 5010 5009)
4(4603 4619 5011 4995)
4(4618 5010 5011 4619)
4(4994 4995 5011 5010)
4(4604 4620 5012 4996)
4(4619 5011 5012 4620)
4(4995 4996 5012 5011)
4(4605 4621 5013 4997)
4(4620 5012 5013 4621)
4(4996 4997 5013 5012)
4(4606 4622 5014 4998)
4(4621 5013 5014 4622)
4(4997 4998 5014 5013)
4(4607 4623 5015 4999)
4(4622 5014 5015 4623)
4(4998 4999 5015 5014)
4(4608 4624 5016 5000)
4(4623 5015 5016 4624)
4(4999 5000 5016 5015)
4(4609 4625 5017 5001)
4(4624 5016 5017 4625)
4(5000 5001 5017 5016)
4(4610 4626 5018 5002)
4(4625 5017 5018 4626)
4(5001 5002 5018 5017)
4(4611 4627 5019 5003)
4(4626 5018 5019 4627)
4(5002 5003 5019 5018)
4(4612 4628 5020 5004)
4(4627 5019 5020 4628)
4(5003 5004 5020 5019)
4(4613 4629 5021 5005)
4(4628 5020 5021 4629)
4(5004 5005 5021 5020)
4(4614 4630 5022 5006)
4(4629 5021 5022 4630)
4(5005 5006 5022 5021)
4(4630 5022 601 576)
4(5006 600 601 5022)
4(575 576 601 600)
4(4615 4631 5023 5007)
4(733 760 5023 4631)
4(759 5007 5023 760)
4(4616 4632 5024 5008)
4(4631 5023 5024 4632)
4(5007 5008 5024 5023)
4(4617 4633 5025 5009)
4(4632 5024 5025 4633)
4(5008 5009 5025 5024)
4(4618 4634 5026 5010)
4(4633 5025 5026 4634)
4(5009 5010 5026 5025)
4(4619 4635 5027 5011)
4(4634 5026 5027 4635)
4(5010 5011 5027 5026)
4(4620 4636 5028 5012)
4(4635 5027 5028 4636)
4(5011 5012 5028 5027)
4(4621 4637 5029 5013)
4(4636 5028 5029 4637)
4(5012 5013 5029 5028)
4(4622 4638 5030 5014)
4(4637 5029 5030 4638)
4(5013 5014 5030 5029)
4(4623 4639 5031 5015)
4(4638 5030 5031 4639)
4(5014 5015 5031 5030)
4(4624 4640 5032 5016)
4(4639 5031 5032 4640)
4(5015 5016 5032 5031)
4(4625 4641 5033 5017)
4(4640 5032 5033 4641)
4(5016 5017 5033 5032)
4(4626 4642 5034 5018)
4(4641 5033 5034 4642)
4(5017 5018 5034 5033)
4(4627 4643 5035 5019)
4(4642 5034 5035 4643)
4(5018 5019 5035 5034)
4(4628 4644 5036 5020)
4(4643 5035 5036 4644)
4(5019 5020 5036 5035)
4(4629 4645 5037 5021)
4(4644 5036 5037 4645)
4(5020 5021 5037 5036)
4(4630 4646 5038 5022)
4(4645 5037 5038 4646)
4(5021 5022 5038 5037)
4(4646 5038 602 577)
4(5022 601 602 5038)
4(576 577 602 601)
4(4631 4647 5039 5023)
4(734 761 5039 4647)
4(760 5023 5039 761)
4(4632 4648 5040 5024)
4(4647 5039 5040 4648)
4(5023 5024 5040 5039)
4(4633 4649 5041 5025)
4(4648 5040 5041 4649)
4(5024 5025 5041 5040)
4(4634 4650 5042 5026)
4(4649 5041 5042 4650)
4(5025 5026 5042 5041)
4(4635 4651 5043 5027)
4(4650 5042 5043 4651)
4(5026 5027 5043 5042)
4(4636 4652 5044 5028)
4(4651 5043 5044 4652)
4(5027 5028 5044 5043)
4(4637 4653 5045 5029)
4(4652 5044 5045 4653)
4(5028 5029 5045 5044)
4(4638 4654 5046 5030)
4(4653 5045 5046 4654)
4(5029 5030 5046 5045)
4(4639 4655 5047 5031)
4(4654 5046 5047 4655)
4(5030 5031 5047 5046)
4(4640 4656 5048 5032)
4(4655 5047 5048 4656)
4(5031 5032 5048 5047)
4(4641 4657 5049 5033)
4(4656 5048 5049 4657)
4(5032 5033 5049 5048)
4(4642 4658 5050 5034)
4(4657 5049 5050 4658)
4(5033 5034 5050 5049)
4(4643 4659 5051 5035)
4(4658 5050 5051 4659)
4(5034 5035 5051 5050)
4(4644 4660 5052 5036)
4(4659 5051 5052 4660)
4(5035 5036 5052 5051)
4(4645 4661 5053 5037)
4(4660 5052 5053 4661)
4(5036 5037 5053 5052)
4(4646 4662 5054 5038)
4(4661 5053 5054 4662)
4(5037 5038 5054 5053)
4(4662 5054 603 578)
4(5038 602 603 5054)
4(577 578 603 602)
4(4647 4663 5055 5039)
4(735 762 5055 4663)
4(761 5039 5055 762)
4(4648 4664 5056 5040)
4(4663 5055 5056 4664)
4(5039 5040 5056 5055)
4(4649 4665 5057 5041)
4(4664 5056 5057 4665)
4(5040 5041 5057 5056)
4(4650 4666 5058 5042)
4(4665 5057 5058 4666)
4(5041 5042 5058 5057)
4(4651 4667 5059 5043)
4(4666 5058 5059 4667)
4(5042 5043 5059 5058)
4(4652 4668 5060 5044)
4(4667 5059 5060 4668)
4(5043 5044 5060 5059)
4(4653 4669 5061 5045)
4(4668 5060 5061 4669)
4(5044 5045 5061 5060)
4(4654 4670 5062 5046)
4(4669 5061 5062 4670)
4(5045 5046 5062 5061)
4(4655 4671 5063 5047)
4(4670 5062 5063 4671)
4(5046 5047 5063 5062)
4(4656 4672 5064 5048)
4(4671 5063 5064 4672)
4(5047 5048 5064 5063)
4(4657 4673 5065 5049)
4(4672 5064 5065 4673)
4(5048 5049 5065 5064)
4(4658 4674 5066 5050)
4(4673 5065 5066 4674)
4(5049 5050 5066 5065)
4(4659 4675 5067 5051)
4(4674 5066 5067 4675)
4(5050 5051 5067 5066)
4(4660 4676 5068 5052)
4(4675 5067 5068 4676)
4(5051 5052 5068 5067)
4(4661 4677 5069 5053)
4(4676 5068 5069 4677)
4(5052 5053 5069 5068)
4(4662 4678 5070 5054)
4(4677 5069 5070 4678)
4(5053 5054 5070 5069)
4(4678 5070 604 579)
4(5054 603 604 5070)
4(578 579 604 603)
4(4663 4679 5071 5055)
4(736 763 5071 4679)
4(762 5055 5071 763)
4(4664 4680 5072 5056)
4(4679 5071 5072 4680)
4(5055 5056 5072 5071)
4(4665 4681 5073 5057)
4(4680 5072 5073 4681)
4(5056 5057 5073 5072)
4(4666 4682 5074 5058)
4(4681 5073 5074 4682)
4(5057 5058 5074 5073)
4(4667 4683 5075 5059)
4(4682 5074 5075 4683)
4(5058 5059 5075 5074)
4(4668 4684 5076 5060)
4(4683 5075 5076 4684)
4(5059 5060 5076 5075)
4(4669 4685 5077 5061)
4(4684 5076 5077 4685)
4(5060 5061 5077 5076)
4(4670 4686 5078 5062)
4(4685 5077 5078 4686)
4(5061 5062 5078 5077)
4(4671 4687 5079 5063)
4(4686 5078 5079 4687)
4(5062 5063 5079 5078)
4(4672 4688 5080 5064)
4(4687 5079 5080 4688)
4(5063 5064 5080 5079)
4(4673 4689 5081 5065)
4(4688 5080 5081 4689)
4(5064 5065 5081 5080)
4(4674 4690 5082 5066)
4(4689 5081 5082 4690)
4(5065 5066 5082 5081)
4(4675 4691 5083 5067)
4(4690 5082 5083 4691)
4(5066 5067 5083 5082)
4(4676 4692 5084 5068)
4(4691 5083 5084 4692)
4(5067 5068 5084 5083)
4(4677 4693 5085 5069)
4(4692 5084 5085 4693)
4(5068 5069 5085 5084)
4(4678 4694 5086 5070)
4(4693 5085 5086 4694)
4(5069 5070 5086 5085)
4(4694 5086 605 580)
4(5070 604 605 5086)
4(579 580 605 604)
4(4679 4695 5087 5071)
4(737 764 5087 4695)
4(763 5071 5087 764)
4(4680 4696 5088 5072)
4(4695 5087 5088 4696)
4(5071 5072 5088 5087)
4(4681 4697 5089 5073)
4(4696 5088 5089 4697)
4(5072 5073 5089 5088)
4(4682 4698 5090 5074)
4(4697 5089 5090 4698)
4(5073 5074 5090 5089)
4(4683 4699 5091 5075)
4(4698 5090 5091 4699)
4(5074 5075 5091 5090)
4(4684 4700 5092 5076)
4(4699 5091 5092 4700)
4(5075 5076 5092 5091)
4(4685 4701 5093 5077)
4(4700 5092 5093 4701)
4(5076 5077 5093 5092)
4(4686 4702 5094 5078)
4(4701 5093 5094 4702)
4(5077 5078 5094 5093)
4(4687 4703 5095 5079)
4(4702 5094 5095 4703)
4(5078 5079 5095 5094)
4(4688 4704 5096 5080)
4(4703 5095 5096 4704)
4(5079 5080 5096 5095)
4(4689 4705 5097 5081)
4(4704 5096 5097 4705)
4(5080 5081 5097 5096)
4(4690 4706 5098 5082)
4(4705 5097 5098 4706)
4(5081 5082 5098 5097)
4(4691 4707 5099 5083)
4(4706 5098 5099 4707)
4(5082 5083 5099 5098)
4(4692 4708 5100 5084)
4(4707 5099 5100 4708)
4(5083 5084 5100 5099)
4(4693 4709 5101 5085)
4(4708 5100 5101 4709)
4(5084 5085 5101 5100)
4(4694 4710 5102 5086)
4(4709 5101 5102 4710)
4(5085 5086 5102 5101)
4(4710 5102 606 581)
4(5086 605 606 5102)
4(580 581 606 605)
4(4695 4711 5103 5087)
4(738 765 5103 4711)
4(764 5087 5103 765)
4(4696 4712 5104 5088)
4(4711 5103 5104 4712)
4(5087 5088 5104 5103)
4(4697 4713 5105 5089)
4(4712 5104 5105 4713)
4(5088 5089 5105 5104)
4(4698 4714 5106 5090)
4(4713 5105 5106 4714)
4(5089 5090 5106 5105)
4(4699 4715 5107 5091)
4(4714 5106 5107 4715)
4(5090 5091 5107 5106)
4(4700 4716 5108 5092)
4(4715 5107 5108 4716)
4(5091 5092 5108 5107)
4(4701 4717 5109 5093)
4(4716 5108 5109 4717)
4(5092 5093 5109 5108)
4(4702 4718 5110 5094)
4(4717 5109 5110 4718)
4(5093 5094 5110 5109)
4(4703 4719 5111 5095)
4(4718 5110 5111 4719)
4(5094 5095 5111 5110)
4(4704 4720 5112 5096)
4(4719 5111 5112 4720)
4(5095 5096 5112 5111)
4(4705 4721 5113 5097)
4(4720 5112 5113 4721)
4(5096 5097 5113 5112)
4(4706 4722 5114 5098)
4(4721 5113 5114 4722)
4(5097 5098 5114 5113)
4(4707 4723 5115 5099)
4(4722 5114 5115 4723)
4(5098 5099 5115 5114)
4(4708 4724 5116 5100)
4(4723 5115 5116 4724)
4(5099 5100 5116 5115)
4(4709 4725 5117 5101)
4(4724 5116 5117 4725)
4(5100 5101 5117 5116)
4(4710 4726 5118 5102)
4(4725 5117 5118 4726)
4(5101 5102 5118 5117)
4(4726 5118 607 582)
4(5102 606 607 5118)
4(581 582 607 606)
4(4711 740 5119 5103)
4(739 766 5119 740)
4(765 5103 5119 766)
4(4712 4727 5120 5104)
4(740 5119 5120 4727)
4(5103 5104 5120 5119)
4(4713 4728 5121 5105)
4(4727 5120 5121 4728)
4(5104 5105 5121 5120)
4(4714 4729 5122 5106)
4(4728 5121 5122 4729)
4(5105 5106 5122 5121)
4(4715 4730 5123 5107)
4(4729 5122 5123 4730)
4(5106 5107 5123 5122)
4(4716 4731 5124 5108)
4(4730 5123 5124 4731)
4(5107 5108 5124 5123)
4(4717 4732 5125 5109)
4(4731 5124 5125 4732)
4(5108 5109 5125 5124)
4(4718 4733 5126 5110)
4(4732 5125 5126 4733)
4(5109 5110 5126 5125)
4(4719 4734 5127 5111)
4(4733 5126 5127 4734)
4(5110 5111 5127 5126)
4(4720 4735 5128 5112)
4(4734 5127 5128 4735)
4(5111 5112 5128 5127)
4(4721 4736 5129 5113)
4(4735 5128 5129 4736)
4(5112 5113 5129 5128)
4(4722 4737 5130 5114)
4(4736 5129 5130 4737)
4(5113 5114 5130 5129)
4(4723 4738 5131 5115)
4(4737 5130 5131 4738)
4(5114 5115 5131 5130)
4(4724 4739 5132 5116)
4(4738 5131 5132 4739)
4(5115 5116 5132 5131)
4(4725 4740 5133 5117)
4(4739 5132 5133 4740)
4(5116 5117 5133 5132)
4(4726 4741 5134 5118)
4(4740 5133 5134 4741)
4(5117 5118 5134 5133)
4(4741 5134 608 583)
4(5118 607 608 5134)
4(582 583 608 607)
4(740 741 768 5119)
4(766 5119 768 767)
4(4727 4742 5135 5120)
4(741 768 5135 4742)
4(5119 5120 5135 768)
4(4728 4743 5136 5121)
4(4742 5135 5136 4743)
4(5120 5121 5136 5135)
4(4729 4744 5137 5122)
4(4743 5136 5137 4744)
4(5121 5122 5137 5136)
4(4730 4745 5138 5123)
4(4744 5137 5138 4745)
4(5122 5123 5138 5137)
4(4731 4746 5139 5124)
4(4745 5138 5139 4746)
4(5123 5124 5139 5138)
4(4732 4747 5140 5125)
4(4746 5139 5140 4747)
4(5124 5125 5140 5139)
4(4733 4748 5141 5126)
4(4747 5140 5141 4748)
4(5125 5126 5141 5140)
4(4734 4749 5142 5127)
4(4748 5141 5142 4749)
4(5126 5127 5142 5141)
4(4735 4750 5143 5128)
4(4749 5142 5143 4750)
4(5127 5128 5143 5142)
4(4736 4751 5144 5129)
4(4750 5143 5144 4751)
4(5128 5129 5144 5143)
4(4737 4752 5145 5130)
4(4751 5144 5145 4752)
4(5129 5130 5145 5144)
4(4738 4753 5146 5131)
4(4752 5145 5146 4753)
4(5130 5131 5146 5145)
4(4739 4754 5147 5132)
4(4753 5146 5147 4754)
4(5131 5132 5147 5146)
4(4740 4755 5148 5133)
4(4754 5147 5148 4755)
4(5132 5133 5148 5147)
4(4741 4756 5149 5134)
4(4755 5148 5149 4756)
4(5133 5134 5149 5148)
4(4756 5149 609 584)
4(5134 608 609 5149)
4(583 584 609 608)
4(4742 4757 5150 5135)
4(743 769 5150 4757)
4(768 5135 5150 769)
4(4743 4758 5151 5136)
4(4757 5150 5151 4758)
4(5135 5136 5151 5150)
4(4744 4759 5152 5137)
4(4758 5151 5152 4759)
4(5136 5137 5152 5151)
4(4745 4760 5153 5138)
4(4759 5152 5153 4760)
4(5137 5138 5153 5152)
4(4746 4761 5154 5139)
4(4760 5153 5154 4761)
4(5138 5139 5154 5153)
4(4747 4762 5155 5140)
4(4761 5154 5155 4762)
4(5139 5140 5155 5154)
4(4748 4763 5156 5141)
4(4762 5155 5156 4763)
4(5140 5141 5156 5155)
4(4749 4764 5157 5142)
4(4763 5156 5157 4764)
4(5141 5142 5157 5156)
4(4750 4765 5158 5143)
4(4764 5157 5158 4765)
4(5142 5143 5158 5157)
4(4751 4766 5159 5144)
4(4765 5158 5159 4766)
4(5143 5144 5159 5158)
4(4752 4767 5160 5145)
4(4766 5159 5160 4767)
4(5144 5145 5160 5159)
4(4753 4768 5161 5146)
4(4767 5160 5161 4768)
4(5145 5146 5161 5160)
4(4754 4769 5162 5147)
4(4768 5161 5162 4769)
4(5146 5147 5162 5161)
4(4755 4770 5163 5148)
4(4769 5162 5163 4770)
4(5147 5148 5163 5162)
4(4756 4771 5164 5149)
4(4770 5163 5164 4771)
4(5148 5149 5164 5163)
4(4771 5164 610 585)
4(5149 609 610 5164)
4(584 585 610 609)
4(4757 4772 5165 5150)
4(744 771 5165 4772)
4(769 5150 5165 771)
4(4758 4773 5166 5151)
4(4772 5165 5166 4773)
4(5150 5151 5166 5165)
4(4759 4774 5167 5152)
4(4773 5166 5167 4774)
4(5151 5152 5167 5166)
4(4760 4775 5168 5153)
4(4774 5167 5168 4775)
4(5152 5153 5168 5167)
4(4761 4776 5169 5154)
4(4775 5168 5169 4776)
4(5153 5154 5169 5168)
4(4762 4777 5170 5155)
4(4776 5169 5170 4777)
4(5154 5155 5170 5169)
4(4763 4778 5171 5156)
4(4777 5170 5171 4778)
4(5155 5156 5171 5170)
4(4764 4779 5172 5157)
4(4778 5171 5172 4779)
4(5156 5157 5172 5171)
4(4765 4780 5173 5158)
4(4779 5172 5173 4780)
4(5157 5158 5173 5172)
4(4766 4781 5174 5159)
4(4780 5173 5174 4781)
4(5158 5159 5174 5173)
4(4767 4782 5175 5160)
4(4781 5174 5175 4782)
4(5159 5160 5175 5174)
4(4768 4783 5176 5161)
4(4782 5175 5176 4783)
4(5160 5161 5176 5175)
4(4769 4784 5177 5162)
4(4783 5176 5177 4784)
4(5161 5162 5177 5176)
4(4770 4785 5178 5163)
4(4784 5177 5178 4785)
4(5162 5163 5178 5177)
4(4771 4786 5179 5164)
4(4785 5178 5179 4786)
4(5163 5164 5179 5178)
4(4786 5179 611 586)
4(5164 610 611 5179)
4(585 586 611 610)
4(4772 4787 5180 5165)
4(745 772 5180 4787)
4(771 5165 5180 772)
4(4773 4788 5181 5166)
4(4787 5180 5181 4788)
4(5165 5166 5181 5180)
4(4774 4789 5182 5167)
4(4788 5181 5182 4789)
4(5166 5167 5182 5181)
4(4775 4790 5183 5168)
4(4789 5182 5183 4790)
4(5167 5168 5183 5182)
4(4776 4791 5184 5169)
4(4790 5183 5184 4791)
4(5168 5169 5184 5183)
4(4777 4792 5185 5170)
4(4791 5184 5185 4792)
4(5169 5170 5185 5184)
4(4778 4793 5186 5171)
4(4792 5185 5186 4793)
4(5170 5171 5186 5185)
4(4779 4794 5187 5172)
4(4793 5186 5187 4794)
4(5171 5172 5187 5186)
4(4780 4795 5188 5173)
4(4794 5187 5188 4795)
4(5172 5173 5188 5187)
4(4781 4796 5189 5174)
4(4795 5188 5189 4796)
4(5173 5174 5189 5188)
4(4782 4797 5190 5175)
4(4796 5189 5190 4797)
4(5174 5175 5190 5189)
4(4783 4798 5191 5176)
4(4797 5190 5191 4798)
4(5175 5176 5191 5190)
4(4784 4799 5192 5177)
4(4798 5191 5192 4799)
4(5176 5177 5192 5191)
4(4785 4800 5193 5178)
4(4799 5192 5193 4800)
4(5177 5178 5193 5192)
4(4786 4801 5194 5179)
4(4800 5193 5194 4801)
4(5178 5179 5194 5193)
4(4801 5194 612 587)
4(5179 611 612 5194)
4(586 587 612 611)
4(4787 4802 5195 5180)
4(746 773 5195 4802)
4(772 5180 5195 773)
4(4788 4803 5196 5181)
4(4802 5195 5196 4803)
4(5180 5181 5196 5195)
4(4789 4804 5197 5182)
4(4803 5196 5197 4804)
4(5181 5182 5197 5196)
4(4790 4805 5198 5183)
4(4804 5197 5198 4805)
4(5182 5183 5198 5197)
4(4791 4806 5199 5184)
4(4805 5198 5199 4806)
4(5183 5184 5199 5198)
4(4792 4807 5200 5185)
4(4806 5199 5200 4807)
4(5184 5185 5200 5199)
4(4793 4808 5201 5186)
4(4807 5200 5201 4808)
4(5185 5186 5201 5200)
4(4794 4809 5202 5187)
4(4808 5201 5202 4809)
4(5186 5187 5202 5201)
4(4795 4810 5203 5188)
4(4809 5202 5203 4810)
4(5187 5188 5203 5202)
4(4796 4811 5204 5189)
4(4810 5203 5204 4811)
4(5188 5189 5204 5203)
4(4797 4812 5205 5190)
4(4811 5204 5205 4812)
4(5189 5190 5205 5204)
4(4798 4813 5206 5191)
4(4812 5205 5206 4813)
4(5190 5191 5206 5205)
4(4799 4814 5207 5192)
4(4813 5206 5207 4814)
4(5191 5192 5207 5206)
4(4800 4815 5208 5193)
4(4814 5207 5208 4815)
4(5192 5193 5208 5207)
4(4801 4816 5209 5194)
4(4815 5208 5209 4816)
4(5193 5194 5209 5208)
4(4816 5209 613 588)
4(5194 612 613 5209)
4(587 588 613 612)
4(4802 4817 5210 5195)
4(747 774 5210 4817)
4(773 5195 5210 774)
4(4803 4818 5211 5196)
4(4817 5210 5211 4818)
4(5195 5196 5211 5210)
4(4804 4819 5212 5197)
4(4818 5211 5212 4819)
4(5196 5197 5212 5211)
4(4805 4820 5213 5198)
4(4819 5212 5213 4820)
4(5197 5198 5213 5212)
4(4806 4821 5214 5199)
4(4820 5213 5214 4821)
4(5198 5199 5214 5213)
4(4807 4822 5215 5200)
4(4821 5214 5215 4822)
4(5199 5200 5215 5214)
4(4808 4823 5216 5201)
4(4822 5215 5216 4823)
4(5200 5201 5216 5215)
4(4809 4824 5217 5202)
4(4823 5216 5217 4824)
4(5201 5202 5217 5216)
4(4810 4825 5218 5203)
4(4824 5217 5218 4825)
4(5202 5203 5218 5217)
4(4811 4826 5219 5204)
4(4825 5218 5219 4826)
4(5203 5204 5219 5218)
4(4812 4827 5220 5205)
4(4826 5219 5220 4827)
4(5204 5205 5220 5219)
4(4813 4828 5221 5206)
4(4827 5220 5221 4828)
4(5205 5206 5221 5220)
4(4814 4829 5222 5207)
4(4828 5221 5222 4829)
4(5206 5207 5222 5221)
4(4815 4830 5223 5208)
4(4829 5222 5223 4830)
4(5207 5208 5223 5222)
4(4816 4831 5224 5209)
4(4830 5223 5224 4831)
4(5208 5209 5224 5223)
4(4831 5224 614 589)
4(5209 613 614 5224)
4(588 589 614 613)
4(4817 4832 5225 5210)
4(748 775 5225 4832)
4(774 5210 5225 775)
4(4818 4833 5226 5211)
4(4832 5225 5226 4833)
4(5210 5211 5226 5225)
4(4819 4834 5227 5212)
4(4833 5226 5227 4834)
4(5211 5212 5227 5226)
4(4820 4835 5228 5213)
4(4834 5227 5228 4835)
4(5212 5213 5228 5227)
4(4821 4836 5229 5214)
4(4835 5228 5229 4836)
4(5213 5214 5229 5228)
4(4822 4837 5230 5215)
4(4836 5229 5230 4837)
4(5214 5215 5230 5229)
4(4823 4838 5231 5216)
4(4837 5230 5231 4838)
4(5215 5216 5231 5230)
4(4824 4839 5232 5217)
4(4838 5231 5232 4839)
4(5216 5217 5232 5231)
4(4825 4840 5233 5218)
4(4839 5232 5233 4840)
4(5217 5218 5233 5232)
4(4826 4841 5234 5219)
4(4840 5233 5234 4841)
4(5218 5219 5234 5233)
4(4827 4842 5235 5220)
4(4841 5234 5235 4842)
4(5219 5220 5235 5234)
4(4828 4843 5236 5221)
4(4842 5235 5236 4843)
4(5220 5221 5236 5235)
4(4829 4844 5237 5222)
4(4843 5236 5237 4844)
4(5221 5222 5237 5236)
4(4830 4845 5238 5223)
4(4844 5237 5238 4845)
4(5222 5223 5238 5237)
4(4831 4846 5239 5224)
4(4845 5238 5239 4846)
4(5223 5224 5239 5238)
4(4846 5239 615 590)
4(5224 614 615 5239)
4(589 590 615 614)
4(4832 55 72 5225)
4(775 5225 72 71)
4(54 71 72 55)
4(4833 56 73 5226)
4(5225 5226 73 72)
4(55 72 73 56)
4(4834 57 74 5227)
4(5226 5227 74 73)
4(56 73 74 57)
4(4835 58 75 5228)
4(5227 5228 75 74)
4(57 74 75 58)
4(4836 59 76 5229)
4(5228 5229 76 75)
4(58 75 76 59)
4(4837 60 77 5230)
4(5229 5230 77 76)
4(59 76 77 60)
4(4838 61 78 5231)
4(5230 5231 78 77)
4(60 77 78 61)
4(4839 62 79 5232)
4(5231 5232 79 78)
4(61 78 79 62)
4(4840 63 80 5233)
4(5232 5233 80 79)
4(62 79 80 63)
4(4841 64 81 5234)
4(5233 5234 81 80)
4(63 80 81 64)
4(4842 65 82 5235)
4(5234 5235 82 81)
4(64 81 82 65)
4(4843 66 83 5236)
4(5235 5236 83 82)
4(65 82 83 66)
4(4844 67 84 5237)
4(5236 5237 84 83)
4(66 83 84 67)
4(4845 68 85 5238)
4(5237 5238 85 84)
4(67 84 85 68)
4(4846 69 86 5239)
4(5238 5239 86 85)
4(68 85 86 69)
4(5239 615 87 86)
4(590 70 87 615)
4(69 86 87 70)
4(4847 4863 5256 5240)
4(749 776 5256 4863)
4(4848 4864 5257 5241)
4(4863 5256 5257 4864)
4(4849 4865 5258 5242)
4(4864 5257 5258 4865)
4(4850 4866 5259 5243)
4(4865 5258 5259 4866)
4(4851 4867 5260 5244)
4(4866 5259 5260 4867)
4(4852 4868 5261 5245)
4(4867 5260 5261 4868)
4(4853 4869 5262 5246)
4(4868 5261 5262 4869)
4(4854 4870 5263 5247)
4(4869 5262 5263 4870)
4(4855 4871 5264 5248)
4(4870 5263 5264 4871)
4(4856 4872 5265 5249)
4(4871 5264 5265 4872)
4(4857 4873 5266 5250)
4(4872 5265 5266 4873)
4(4858 4874 5267 5251)
4(4873 5266 5267 4874)
4(4859 4875 5268 5252)
4(4874 5267 5268 4875)
4(4860 4876 5269 5253)
4(4875 5268 5269 4876)
4(4861 4877 5270 5254)
4(4876 5269 5270 4877)
4(4862 4878 5271 5255)
4(4877 5270 5271 4878)
4(4878 5271 616 591)
4(592 591 616 617)
4(4863 4879 5272 5256)
4(751 778 5272 4879)
4(4864 4880 5273 5257)
4(4879 5272 5273 4880)
4(4865 4881 5274 5258)
4(4880 5273 5274 4881)
4(4866 4882 5275 5259)
4(4881 5274 5275 4882)
4(4867 4883 5276 5260)
4(4882 5275 5276 4883)
4(4868 4884 5277 5261)
4(4883 5276 5277 4884)
4(4869 4885 5278 5262)
4(4884 5277 5278 4885)
4(4870 4886 5279 5263)
4(4885 5278 5279 4886)
4(4871 4887 5280 5264)
4(4886 5279 5280 4887)
4(4872 4888 5281 5265)
4(4887 5280 5281 4888)
4(4873 4889 5282 5266)
4(4888 5281 5282 4889)
4(4874 4890 5283 5267)
4(4889 5282 5283 4890)
4(4875 4891 5284 5268)
4(4890 5283 5284 4891)
4(4876 4892 5285 5269)
4(4891 5284 5285 4892)
4(4877 4893 5286 5270)
4(4892 5285 5286 4893)
4(4878 4894 5287 5271)
4(4893 5286 5287 4894)
4(4894 5287 618 593)
4(591 593 618 616)
4(4879 4895 5288 5272)
4(752 779 5288 4895)
4(4880 4896 5289 5273)
4(4895 5288 5289 4896)
4(4881 4897 5290 5274)
4(4896 5289 5290 4897)
4(4882 4898 5291 5275)
4(4897 5290 5291 4898)
4(4883 4899 5292 5276)
4(4898 5291 5292 4899)
4(4884 4900 5293 5277)
4(4899 5292 5293 4900)
4(4885 4901 5294 5278)
4(4900 5293 5294 4901)
4(4886 4902 5295 5279)
4(4901 5294 5295 4902)
4(4887 4903 5296 5280)
4(4902 5295 5296 4903)
4(4888 4904 5297 5281)
4(4903 5296 5297 4904)
4(4889 4905 5298 5282)
4(4904 5297 5298 4905)
4(4890 4906 5299 5283)
4(4905 5298 5299 4906)
4(4891 4907 5300 5284)
4(4906 5299 5300 4907)
4(4892 4908 5301 5285)
4(4907 5300 5301 4908)
4(4893 4909 5302 5286)
4(4908 5301 5302 4909)
4(4894 4910 5303 5287)
4(4909 5302 5303 4910)
4(4910 5303 619 594)
4(593 594 619 618)
4(4895 4911 5304 5288)
4(753 780 5304 4911)
4(4896 4912 5305 5289)
4(4911 5304 5305 4912)
4(4897 4913 5306 5290)
4(4912 5305 5306 4913)
4(4898 4914 5307 5291)
4(4913 5306 5307 4914)
4(4899 4915 5308 5292)
4(4914 5307 5308 4915)
4(4900 4916 5309 5293)
4(4915 5308 5309 4916)
4(4901 4917 5310 5294)
4(4916 5309 5310 4917)
4(4902 4918 5311 5295)
4(4917 5310 5311 4918)
4(4903 4919 5312 5296)
4(4918 5311 5312 4919)
4(4904 4920 5313 5297)
4(4919 5312 5313 4920)
4(4905 4921 5314 5298)
4(4920 5313 5314 4921)
4(4906 4922 5315 5299)
4(4921 5314 5315 4922)
4(4907 4923 5316 5300)
4(4922 5315 5316 4923)
4(4908 4924 5317 5301)
4(4923 5316 5317 4924)
4(4909 4925 5318 5302)
4(4924 5317 5318 4925)
4(4910 4926 5319 5303)
4(4925 5318 5319 4926)
4(4926 5319 620 595)
4(594 595 620 619)
4(4911 4927 5320 5304)
4(754 781 5320 4927)
4(4912 4928 5321 5305)
4(4927 5320 5321 4928)
4(4913 4929 5322 5306)
4(4928 5321 5322 4929)
4(4914 4930 5323 5307)
4(4929 5322 5323 4930)
4(4915 4931 5324 5308)
4(4930 5323 5324 4931)
4(4916 4932 5325 5309)
4(4931 5324 5325 4932)
4(4917 4933 5326 5310)
4(4932 5325 5326 4933)
4(4918 4934 5327 5311)
4(4933 5326 5327 4934)
4(4919 4935 5328 5312)
4(4934 5327 5328 4935)
4(4920 4936 5329 5313)
4(4935 5328 5329 4936)
4(4921 4937 5330 5314)
4(4936 5329 5330 4937)
4(4922 4938 5331 5315)
4(4937 5330 5331 4938)
4(4923 4939 5332 5316)
4(4938 5331 5332 4939)
4(4924 4940 5333 5317)
4(4939 5332 5333 4940)
4(4925 4941 5334 5318)
4(4940 5333 5334 4941)
4(4926 4942 5335 5319)
4(4941 5334 5335 4942)
4(4942 5335 621 596)
4(595 596 621 620)
4(4927 4943 5336 5320)
4(755 782 5336 4943)
4(4928 4944 5337 5321)
4(4943 5336 5337 4944)
4(4929 4945 5338 5322)
4(4944 5337 5338 4945)
4(4930 4946 5339 5323)
4(4945 5338 5339 4946)
4(4931 4947 5340 5324)
4(4946 5339 5340 4947)
4(4932 4948 5341 5325)
4(4947 5340 5341 4948)
4(4933 4949 5342 5326)
4(4948 5341 5342 4949)
4(4934 4950 5343 5327)
4(4949 5342 5343 4950)
4(4935 4951 5344 5328)
4(4950 5343 5344 4951)
4(4936 4952 5345 5329)
4(4951 5344 5345 4952)
4(4937 4953 5346 5330)
4(4952 5345 5346 4953)
4(4938 4954 5347 5331)
4(4953 5346 5347 4954)
4(4939 4955 5348 5332)
4(4954 5347 5348 4955)
4(4940 4956 5349 5333)
4(4955 5348 5349 4956)
4(4941 4957 5350 5334)
4(4956 5349 5350 4957)
4(4942 4958 5351 5335)
4(4957 5350 5351 4958)
4(4958 5351 622 597)
4(596 597 622 621)
4(4943 4959 5352 5336)
4(756 783 5352 4959)
4(4944 4960 5353 5337)
4(4959 5352 5353 4960)
4(4945 4961 5354 5338)
4(4960 5353 5354 4961)
4(4946 4962 5355 5339)
4(4961 5354 5355 4962)
4(4947 4963 5356 5340)
4(4962 5355 5356 4963)
4(4948 4964 5357 5341)
4(4963 5356 5357 4964)
4(4949 4965 5358 5342)
4(4964 5357 5358 4965)
4(4950 4966 5359 5343)
4(4965 5358 5359 4966)
4(4951 4967 5360 5344)
4(4966 5359 5360 4967)
4(4952 4968 5361 5345)
4(4967 5360 5361 4968)
4(4953 4969 5362 5346)
4(4968 5361 5362 4969)
4(4954 4970 5363 5347)
4(4969 5362 5363 4970)
4(4955 4971 5364 5348)
4(4970 5363 5364 4971)
4(4956 4972 5365 5349)
4(4971 5364 5365 4972)
4(4957 4973 5366 5350)
4(4972 5365 5366 4973)
4(4958 4974 5367 5351)
4(4973 5366 5367 4974)
4(4974 5367 623 598)
4(597 598 623 622)
4(4959 4975 5368 5352)
4(757 784 5368 4975)
4(4960 4976 5369 5353)
4(4975 5368 5369 4976)
4(4961 4977 5370 5354)
4(4976 5369 5370 4977)
4(4962 4978 5371 5355)
4(4977 5370 5371 4978)
4(4963 4979 5372 5356)
4(4978 5371 5372 4979)
4(4964 4980 5373 5357)
4(4979 5372 5373 4980)
4(4965 4981 5374 5358)
4(4980 5373 5374 4981)
4(4966 4982 5375 5359)
4(4981 5374 5375 4982)
4(4967 4983 5376 5360)
4(4982 5375 5376 4983)
4(4968 4984 5377 5361)
4(4983 5376 5377 4984)
4(4969 4985 5378 5362)
4(4984 5377 5378 4985)
4(4970 4986 5379 5363)
4(4985 5378 5379 4986)
4(4971 4987 5380 5364)
4(4986 5379 5380 4987)
4(4972 4988 5381 5365)
4(4987 5380 5381 4988)
4(4973 4989 5382 5366)
4(4988 5381 5382 4989)
4(4974 4990 5383 5367)
4(4989 5382 5383 4990)
4(4990 5383 624 599)
4(598 599 624 623)
4(4975 4991 5384 5368)
4(758 785 5384 4991)
4(4976 4992 5385 5369)
4(4991 5384 5385 4992)
4(4977 4993 5386 5370)
4(4992 5385 5386 4993)
4(4978 4994 5387 5371)
4(4993 5386 5387 4994)
4(4979 4995 5388 5372)
4(4994 5387 5388 4995)
4(4980 4996 5389 5373)
4(4995 5388 5389 4996)
4(4981 4997 5390 5374)
4(4996 5389 5390 4997)
4(4982 4998 5391 5375)
4(4997 5390 5391 4998)
4(4983 4999 5392 5376)
4(4998 5391 5392 4999)
4(4984 5000 5393 5377)
4(4999 5392 5393 5000)
4(4985 5001 5394 5378)
4(5000 5393 5394 5001)
4(4986 5002 5395 5379)
4(5001 5394 5395 5002)
4(4987 5003 5396 5380)
4(5002 5395 5396 5003)
4(4988 5004 5397 5381)
4(5003 5396 5397 5004)
4(4989 5005 5398 5382)
4(5004 5397 5398 5005)
4(4990 5006 5399 5383)
4(5005 5398 5399 5006)
4(5006 5399 625 600)
4(599 600 625 624)
4(4991 5007 5400 5384)
4(759 786 5400 5007)
4(4992 5008 5401 5385)
4(5007 5400 5401 5008)
4(4993 5009 5402 5386)
4(5008 5401 5402 5009)
4(4994 5010 5403 5387)
4(5009 5402 5403 5010)
4(4995 5011 5404 5388)
4(5010 5403 5404 5011)
4(4996 5012 5405 5389)
4(5011 5404 5405 5012)
4(4997 5013 5406 5390)
4(5012 5405 5406 5013)
4(4998 5014 5407 5391)
4(5013 5406 5407 5014)
4(4999 5015 5408 5392)
4(5014 5407 5408 5015)
4(5000 5016 5409 5393)
4(5015 5408 5409 5016)
4(5001 5017 5410 5394)
4(5016 5409 5410 5017)
4(5002 5018 5411 5395)
4(5017 5410 5411 5018)
4(5003 5019 5412 5396)
4(5018 5411 5412 5019)
4(5004 5020 5413 5397)
4(5019 5412 5413 5020)
4(5005 5021 5414 5398)
4(5020 5413 5414 5021)
4(5006 5022 5415 5399)
4(5021 5414 5415 5022)
4(5022 5415 626 601)
4(600 601 626 625)
4(5007 5023 5416 5400)
4(760 787 5416 5023)
4(5008 5024 5417 5401)
4(5023 5416 5417 5024)
4(5009 5025 5418 5402)
4(5024 5417 5418 5025)
4(5010 5026 5419 5403)
4(5025 5418 5419 5026)
4(5011 5027 5420 5404)
4(5026 5419 5420 5027)
4(5012 5028 5421 5405)
4(5027 5420 5421 5028)
4(5013 5029 5422 5406)
4(5028 5421 5422 5029)
4(5014 5030 5423 5407)
4(5029 5422 5423 5030)
4(5015 5031 5424 5408)
4(5030 5423 5424 5031)
4(5016 5032 5425 5409)
4(5031 5424 5425 5032)
4(5017 5033 5426 5410)
4(5032 5425 5426 5033)
4(5018 5034 5427 5411)
4(5033 5426 5427 5034)
4(5019 5035 5428 5412)
4(5034 5427 5428 5035)
4(5020 5036 5429 5413)
4(5035 5428 5429 5036)
4(5021 5037 5430 5414)
4(5036 5429 5430 5037)
4(5022 5038 5431 5415)
4(5037 5430 5431 5038)
4(5038 5431 627 602)
4(601 602 627 626)
4(5023 5039 5432 5416)
4(761 788 5432 5039)
4(5024 5040 5433 5417)
4(5039 5432 5433 5040)
4(5025 5041 5434 5418)
4(5040 5433 5434 5041)
4(5026 5042 5435 5419)
4(5041 5434 5435 5042)
4(5027 5043 5436 5420)
4(5042 5435 5436 5043)
4(5028 5044 5437 5421)
4(5043 5436 5437 5044)
4(5029 5045 5438 5422)
4(5044 5437 5438 5045)
4(5030 5046 5439 5423)
4(5045 5438 5439 5046)
4(5031 5047 5440 5424)
4(5046 5439 5440 5047)
4(5032 5048 5441 5425)
4(5047 5440 5441 5048)
4(5033 5049 5442 5426)
4(5048 5441 5442 5049)
4(5034 5050 5443 5427)
4(5049 5442 5443 5050)
4(5035 5051 5444 5428)
4(5050 5443 5444 5051)
4(5036 5052 5445 5429)
4(5051 5444 5445 5052)
4(5037 5053 5446 5430)
4(5052 5445 5446 5053)
4(5038 5054 5447 5431)
4(5053 5446 5447 5054)
4(5054 5447 628 603)
4(602 603 628 627)
4(5039 5055 5448 5432)
4(762 789 5448 5055)
4(5040 5056 5449 5433)
4(5055 5448 5449 5056)
4(5041 5057 5450 5434)
4(5056 5449 5450 5057)
4(5042 5058 5451 5435)
4(5057 5450 5451 5058)
4(5043 5059 5452 5436)
4(5058 5451 5452 5059)
4(5044 5060 5453 5437)
4(5059 5452 5453 5060)
4(5045 5061 5454 5438)
4(5060 5453 5454 5061)
4(5046 5062 5455 5439)
4(5061 5454 5455 5062)
4(5047 5063 5456 5440)
4(5062 5455 5456 5063)
4(5048 5064 5457 5441)
4(5063 5456 5457 5064)
4(5049 5065 5458 5442)
4(5064 5457 5458 5065)
4(5050 5066 5459 5443)
4(5065 5458 5459 5066)
4(5051 5067 5460 5444)
4(5066 5459 5460 5067)
4(5052 5068 5461 5445)
4(5067 5460 5461 5068)
4(5053 5069 5462 5446)
4(5068 5461 5462 5069)
4(5054 5070 5463 5447)
4(5069 5462 5463 5070)
4(5070 5463 629 604)
4(603 604 629 628)
4(5055 5071 5464 5448)
4(763 790 5464 5071)
4(5056 5072 5465 5449)
4(5071 5464 5465 5072)
4(5057 5073 5466 5450)
4(5072 5465 5466 5073)
4(5058 5074 5467 5451)
4(5073 5466 5467 5074)
4(5059 5075 5468 5452)
4(5074 5467 5468 5075)
4(5060 5076 5469 5453)
4(5075 5468 5469 5076)
4(5061 5077 5470 5454)
4(5076 5469 5470 5077)
4(5062 5078 5471 5455)
4(5077 5470 5471 5078)
4(5063 5079 5472 5456)
4(5078 5471 5472 5079)
4(5064 5080 5473 5457)
4(5079 5472 5473 5080)
4(5065 5081 5474 5458)
4(5080 5473 5474 5081)
4(5066 5082 5475 5459)
4(5081 5474 5475 5082)
4(5067 5083 5476 5460)
4(5082 5475 5476 5083)
4(5068 5084 5477 5461)
4(5083 5476 5477 5084)
4(5069 5085 5478 5462)
4(5084 5477 5478 5085)
4(5070 5086 5479 5463)
4(5085 5478 5479 5086)
4(5086 5479 630 605)
4(604 605 630 629)
4(5071 5087 5480 5464)
4(764 791 5480 5087)
4(5072 5088 5481 5465)
4(5087 5480 5481 5088)
4(5073 5089 5482 5466)
4(5088 5481 5482 5089)
4(5074 5090 5483 5467)
4(5089 5482 5483 5090)
4(5075 5091 5484 5468)
4(5090 5483 5484 5091)
4(5076 5092 5485 5469)
4(5091 5484 5485 5092)
4(5077 5093 5486 5470)
4(5092 5485 5486 5093)
4(5078 5094 5487 5471)
4(5093 5486 5487 5094)
4(5079 5095 5488 5472)
4(5094 5487 5488 5095)
4(5080 5096 5489 5473)
4(5095 5488 5489 5096)
4(5081 5097 5490 5474)
4(5096 5489 5490 5097)
4(5082 5098 5491 5475)
4(5097 5490 5491 5098)
4(5083 5099 5492 5476)
4(5098 5491 5492 5099)
4(5084 5100 5493 5477)
4(5099 5492 5493 5100)
4(5085 5101 5494 5478)
4(5100 5493 5494 5101)
4(5086 5102 5495 5479)
4(5101 5494 5495 5102)
4(5102 5495 631 606)
4(605 606 631 630)
4(5087 5103 5496 5480)
4(765 792 5496 5103)
4(5088 5104 5497 5481)
4(5103 5496 5497 5104)
4(5089 5105 5498 5482)
4(5104 5497 5498 5105)
4(5090 5106 5499 5483)
4(5105 5498 5499 5106)
4(5091 5107 5500 5484)
4(5106 5499 5500 5107)
4(5092 5108 5501 5485)
4(5107 5500 5501 5108)
4(5093 5109 5502 5486)
4(5108 5501 5502 5109)
4(5094 5110 5503 5487)
4(5109 5502 5503 5110)
4(5095 5111 5504 5488)
4(5110 5503 5504 5111)
4(5096 5112 5505 5489)
4(5111 5504 5505 5112)
4(5097 5113 5506 5490)
4(5112 5505 5506 5113)
4(5098 5114 5507 5491)
4(5113 5506 5507 5114)
4(5099 5115 5508 5492)
4(5114 5507 5508 5115)
4(5100 5116 5509 5493)
4(5115 5508 5509 5116)
4(5101 5117 5510 5494)
4(5116 5509 5510 5117)
4(5102 5118 5511 5495)
4(5117 5510 5511 5118)
4(5118 5511 632 607)
4(606 607 632 631)
4(5103 5119 5512 5496)
4(766 793 5512 5119)
4(5104 5120 5513 5497)
4(5119 5512 5513 5120)
4(5105 5121 5514 5498)
4(5120 5513 5514 5121)
4(5106 5122 5515 5499)
4(5121 5514 5515 5122)
4(5107 5123 5516 5500)
4(5122 5515 5516 5123)
4(5108 5124 5517 5501)
4(5123 5516 5517 5124)
4(5109 5125 5518 5502)
4(5124 5517 5518 5125)
4(5110 5126 5519 5503)
4(5125 5518 5519 5126)
4(5111 5127 5520 5504)
4(5126 5519 5520 5127)
4(5112 5128 5521 5505)
4(5127 5520 5521 5128)
4(5113 5129 5522 5506)
4(5128 5521 5522 5129)
4(5114 5130 5523 5507)
4(5129 5522 5523 5130)
4(5115 5131 5524 5508)
4(5130 5523 5524 5131)
4(5116 5132 5525 5509)
4(5131 5524 5525 5132)
4(5117 5133 5526 5510)
4(5132 5525 5526 5133)
4(5118 5134 5527 5511)
4(5133 5526 5527 5134)
4(5134 5527 633 608)
4(607 608 633 632)
4(5119 768 5528 5512)
4(767 794 5528 768)
4(5120 5135 5529 5513)
4(768 5528 5529 5135)
4(5121 5136 5530 5514)
4(5135 5529 5530 5136)
4(5122 5137 5531 5515)
4(5136 5530 5531 5137)
4(5123 5138 5532 5516)
4(5137 5531 5532 5138)
4(5124 5139 5533 5517)
4(5138 5532 5533 5139)
4(5125 5140 5534 5518)
4(5139 5533 5534 5140)
4(5126 5141 5535 5519)
4(5140 5534 5535 5141)
4(5127 5142 5536 5520)
4(5141 5535 5536 5142)
4(5128 5143 5537 5521)
4(5142 5536 5537 5143)
4(5129 5144 5538 5522)
4(5143 5537 5538 5144)
4(5130 5145 5539 5523)
4(5144 5538 5539 5145)
4(5131 5146 5540 5524)
4(5145 5539 5540 5146)
4(5132 5147 5541 5525)
4(5146 5540 5541 5147)
4(5133 5148 5542 5526)
4(5147 5541 5542 5148)
4(5134 5149 5543 5527)
4(5148 5542 5543 5149)
4(5149 5543 634 609)
4(608 609 634 633)
4(768 769 796 5528)
4(5135 5150 5544 5529)
4(769 796 5544 5150)
4(5136 5151 5545 5530)
4(5150 5544 5545 5151)
4(5137 5152 5546 5531)
4(5151 5545 5546 5152)
4(5138 5153 5547 5532)
4(5152 5546 5547 5153)
4(5139 5154 5548 5533)
4(5153 5547 5548 5154)
4(5140 5155 5549 5534)
4(5154 5548 5549 5155)
4(5141 5156 5550 5535)
4(5155 5549 5550 5156)
4(5142 5157 5551 5536)
4(5156 5550 5551 5157)
4(5143 5158 5552 5537)
4(5157 5551 5552 5158)
4(5144 5159 5553 5538)
4(5158 5552 5553 5159)
4(5145 5160 5554 5539)
4(5159 5553 5554 5160)
4(5146 5161 5555 5540)
4(5160 5554 5555 5161)
4(5147 5162 5556 5541)
4(5161 5555 5556 5162)
4(5148 5163 5557 5542)
4(5162 5556 5557 5163)
4(5149 5164 5558 5543)
4(5163 5557 5558 5164)
4(5164 5558 635 610)
4(609 610 635 634)
4(5150 5165 5559 5544)
4(771 797 5559 5165)
4(5151 5166 5560 5545)
4(5165 5559 5560 5166)
4(5152 5167 5561 5546)
4(5166 5560 5561 5167)
4(5153 5168 5562 5547)
4(5167 5561 5562 5168)
4(5154 5169 5563 5548)
4(5168 5562 5563 5169)
4(5155 5170 5564 5549)
4(5169 5563 5564 5170)
4(5156 5171 5565 5550)
4(5170 5564 5565 5171)
4(5157 5172 5566 5551)
4(5171 5565 5566 5172)
4(5158 5173 5567 5552)
4(5172 5566 5567 5173)
4(5159 5174 5568 5553)
4(5173 5567 5568 5174)
4(5160 5175 5569 5554)
4(5174 5568 5569 5175)
4(5161 5176 5570 5555)
4(5175 5569 5570 5176)
4(5162 5177 5571 5556)
4(5176 5570 5571 5177)
4(5163 5178 5572 5557)
4(5177 5571 5572 5178)
4(5164 5179 5573 5558)
4(5178 5572 5573 5179)
4(5179 5573 636 611)
4(610 611 636 635)
4(5165 5180 5574 5559)
4(772 798 5574 5180)
4(5166 5181 5575 5560)
4(5180 5574 5575 5181)
4(5167 5182 5576 5561)
4(5181 5575 5576 5182)
4(5168 5183 5577 5562)
4(5182 5576 5577 5183)
4(5169 5184 5578 5563)
4(5183 5577 5578 5184)
4(5170 5185 5579 5564)
4(5184 5578 5579 5185)
4(5171 5186 5580 5565)
4(5185 5579 5580 5186)
4(5172 5187 5581 5566)
4(5186 5580 5581 5187)
4(5173 5188 5582 5567)
4(5187 5581 5582 5188)
4(5174 5189 5583 5568)
4(5188 5582 5583 5189)
4(5175 5190 5584 5569)
4(5189 5583 5584 5190)
4(5176 5191 5585 5570)
4(5190 5584 5585 5191)
4(5177 5192 5586 5571)
4(5191 5585 5586 5192)
4(5178 5193 5587 5572)
4(5192 5586 5587 5193)
4(5179 5194 5588 5573)
4(5193 5587 5588 5194)
4(5194 5588 637 612)
4(611 612 637 636)
4(5180 5195 5589 5574)
4(773 799 5589 5195)
4(5181 5196 5590 5575)
4(5195 5589 5590 5196)
4(5182 5197 5591 5576)
4(5196 5590 5591 5197)
4(5183 5198 5592 5577)
4(5197 5591 5592 5198)
4(5184 5199 5593 5578)
4(5198 5592 5593 5199)
4(5185 5200 5594 5579)
4(5199 5593 5594 5200)
4(5186 5201 5595 5580)
4(5200 5594 5595 5201)
4(5187 5202 5596 5581)
4(5201 5595 5596 5202)
4(5188 5203 5597 5582)
4(5202 5596 5597 5203)
4(5189 5204 5598 5583)
4(5203 5597 5598 5204)
4(5190 5205 5599 5584)
4(5204 5598 5599 5205)
4(5191 5206 5600 5585)
4(5205 5599 5600 5206)
4(5192 5207 5601 5586)
4(5206 5600 5601 5207)
4(5193 5208 5602 5587)
4(5207 5601 5602 5208)
4(5194 5209 5603 5588)
4(5208 5602 5603 5209)
4(5209 5603 638 613)
4(612 613 638 637)
4(5195 5210 5604 5589)
4(774 800 5604 5210)
4(5196 5211 5605 5590)
4(5210 5604 5605 5211)
4(5197 5212 5606 5591)
4(5211 5605 5606 5212)
4(5198 5213 5607 5592)
4(5212 5606 5607 5213)
4(5199 5214 5608 5593)
4(5213 5607 5608 5214)
4(5200 5215 5609 5594)
4(5214 5608 5609 5215)
4(5201 5216 5610 5595)
4(5215 5609 5610 5216)
4(5202 5217 5611 5596)
4(5216 5610 5611 5217)
4(5203 5218 5612 5597)
4(5217 5611 5612 5218)
4(5204 5219 5613 5598)
4(5218 5612 5613 5219)
4(5205 5220 5614 5599)
4(5219 5613 5614 5220)
4(5206 5221 5615 5600)
4(5220 5614 5615 5221)
4(5207 5222 5616 5601)
4(5221 5615 5616 5222)
4(5208 5223 5617 5602)
4(5222 5616 5617 5223)
4(5209 5224 5618 5603)
4(5223 5617 5618 5224)
4(5224 5618 639 614)
4(613 614 639 638)
4(5210 5225 5619 5604)
4(775 801 5619 5225)
4(5211 5226 5620 5605)
4(5225 5619 5620 5226)
4(5212 5227 5621 5606)
4(5226 5620 5621 5227)
4(5213 5228 5622 5607)
4(5227 5621 5622 5228)
4(5214 5229 5623 5608)
4(5228 5622 5623 5229)
4(5215 5230 5624 5609)
4(5229 5623 5624 5230)
4(5216 5231 5625 5610)
4(5230 5624 5625 5231)
4(5217 5232 5626 5611)
4(5231 5625 5626 5232)
4(5218 5233 5627 5612)
4(5232 5626 5627 5233)
4(5219 5234 5628 5613)
4(5233 5627 5628 5234)
4(5220 5235 5629 5614)
4(5234 5628 5629 5235)
4(5221 5236 5630 5615)
4(5235 5629 5630 5236)
4(5222 5237 5631 5616)
4(5236 5630 5631 5237)
4(5223 5238 5632 5617)
4(5237 5631 5632 5238)
4(5224 5239 5633 5618)
4(5238 5632 5633 5239)
4(5239 5633 640 615)
4(614 615 640 639)
4(5225 72 89 5619)
4(71 88 89 72)
4(5226 73 90 5620)
4(72 89 90 73)
4(5227 74 91 5621)
4(73 90 91 74)
4(5228 75 92 5622)
4(74 91 92 75)
4(5229 76 93 5623)
4(75 92 93 76)
4(5230 77 94 5624)
4(76 93 94 77)
4(5231 78 95 5625)
4(77 94 95 78)
4(5232 79 96 5626)
4(78 95 96 79)
4(5233 80 97 5627)
4(79 96 97 80)
4(5234 81 98 5628)
4(80 97 98 81)
4(5235 82 99 5629)
4(81 98 99 82)
4(5236 83 100 5630)
4(82 99 100 83)
4(5237 84 101 5631)
4(83 100 101 84)
4(5238 85 102 5632)
4(84 101 102 85)
4(5239 86 103 5633)
4(85 102 103 86)
4(615 87 104 640)
4(86 103 104 87)
4(5634 5651 6062 6045)
4(494 495 6062 5651)
4(496 6045 6062 495)
4(5635 5652 6063 6046)
4(5651 6062 6063 5652)
4(6045 6046 6063 6062)
4(5636 5653 6064 6047)
4(5652 6063 6064 5653)
4(6046 6047 6064 6063)
4(5637 5654 6065 6048)
4(5653 6064 6065 5654)
4(6047 6048 6065 6064)
4(5638 5655 6066 6049)
4(5654 6065 6066 5655)
4(6048 6049 6066 6065)
4(5639 5656 6067 6050)
4(5655 6066 6067 5656)
4(6049 6050 6067 6066)
4(5640 5657 6068 6051)
4(5656 6067 6068 5657)
4(6050 6051 6068 6067)
4(5641 5658 6069 6052)
4(5657 6068 6069 5658)
4(6051 6052 6069 6068)
4(5642 5659 6070 6053)
4(5658 6069 6070 5659)
4(6052 6053 6070 6069)
4(5643 5660 6071 6054)
4(5659 6070 6071 5660)
4(6053 6054 6071 6070)
4(5644 5661 6072 6055)
4(5660 6071 6072 5661)
4(6054 6055 6072 6071)
4(5645 5662 6073 6056)
4(5661 6072 6073 5662)
4(6055 6056 6073 6072)
4(5646 5663 6074 6057)
4(5662 6073 6074 5663)
4(6056 6057 6074 6073)
4(5647 5664 6075 6058)
4(5663 6074 6075 5664)
4(6057 6058 6075 6074)
4(5648 5665 6076 6059)
4(5664 6075 6076 5665)
4(6058 6059 6076 6075)
4(5649 5666 6077 6060)
4(5665 6076 6077 5666)
4(6059 6060 6077 6076)
4(5666 6077 6078 5667)
4(6060 6061 6078 6077)
4(5651 5668 6079 6062)
4(497 498 6079 5668)
4(495 6062 6079 498)
4(5652 5669 6080 6063)
4(5668 6079 6080 5669)
4(6062 6063 6080 6079)
4(5653 5670 6081 6064)
4(5669 6080 6081 5670)
4(6063 6064 6081 6080)
4(5654 5671 6082 6065)
4(5670 6081 6082 5671)
4(6064 6065 6082 6081)
4(5655 5672 6083 6066)
4(5671 6082 6083 5672)
4(6065 6066 6083 6082)
4(5656 5673 6084 6067)
4(5672 6083 6084 5673)
4(6066 6067 6084 6083)
4(5657 5674 6085 6068)
4(5673 6084 6085 5674)
4(6067 6068 6085 6084)
4(5658 5675 6086 6069)
4(5674 6085 6086 5675)
4(6068 6069 6086 6085)
4(5659 5676 6087 6070)
4(5675 6086 6087 5676)
4(6069 6070 6087 6086)
4(5660 5677 6088 6071)
4(5676 6087 6088 5677)
4(6070 6071 6088 6087)
4(5661 5678 6089 6072)
4(5677 6088 6089 5678)
4(6071 6072 6089 6088)
4(5662 5679 6090 6073)
4(5678 6089 6090 5679)
4(6072 6073 6090 6089)
4(5663 5680 6091 6074)
4(5679 6090 6091 5680)
4(6073 6074 6091 6090)
4(5664 5681 6092 6075)
4(5680 6091 6092 5681)
4(6074 6075 6092 6091)
4(5665 5682 6093 6076)
4(5681 6092 6093 5682)
4(6075 6076 6093 6092)
4(5666 5683 6094 6077)
4(5682 6093 6094 5683)
4(6076 6077 6094 6093)
4(5683 6094 6095 5684)
4(6077 6078 6095 6094)
4(5668 5685 6096 6079)
4(499 500 6096 5685)
4(498 6079 6096 500)
4(5669 5686 6097 6080)
4(5685 6096 6097 5686)
4(6079 6080 6097 6096)
4(5670 5687 6098 6081)
4(5686 6097 6098 5687)
4(6080 6081 6098 6097)
4(5671 5688 6099 6082)
4(5687 6098 6099 5688)
4(6081 6082 6099 6098)
4(5672 5689 6100 6083)
4(5688 6099 6100 5689)
4(6082 6083 6100 6099)
4(5673 5690 6101 6084)
4(5689 6100 6101 5690)
4(6083 6084 6101 6100)
4(5674 5691 6102 6085)
4(5690 6101 6102 5691)
4(6084 6085 6102 6101)
4(5675 5692 6103 6086)
4(5691 6102 6103 5692)
4(6085 6086 6103 6102)
4(5676 5693 6104 6087)
4(5692 6103 6104 5693)
4(6086 6087 6104 6103)
4(5677 5694 6105 6088)
4(5693 6104 6105 5694)
4(6087 6088 6105 6104)
4(5678 5695 6106 6089)
4(5694 6105 6106 5695)
4(6088 6089 6106 6105)
4(5679 5696 6107 6090)
4(5695 6106 6107 5696)
4(6089 6090 6107 6106)
4(5680 5697 6108 6091)
4(5696 6107 6108 5697)
4(6090 6091 6108 6107)
4(5681 5698 6109 6092)
4(5697 6108 6109 5698)
4(6091 6092 6109 6108)
4(5682 5699 6110 6093)
4(5698 6109 6110 5699)
4(6092 6093 6110 6109)
4(5683 5700 6111 6094)
4(5699 6110 6111 5700)
4(6093 6094 6111 6110)
4(5700 6111 6112 5701)
4(6094 6095 6112 6111)
4(5685 5702 6113 6096)
4(501 502 6113 5702)
4(500 6096 6113 502)
4(5686 5703 6114 6097)
4(5702 6113 6114 5703)
4(6096 6097 6114 6113)
4(5687 5704 6115 6098)
4(5703 6114 6115 5704)
4(6097 6098 6115 6114)
4(5688 5705 6116 6099)
4(5704 6115 6116 5705)
4(6098 6099 6116 6115)
4(5689 5706 6117 6100)
4(5705 6116 6117 5706)
4(6099 6100 6117 6116)
4(5690 5707 6118 6101)
4(5706 6117 6118 5707)
4(6100 6101 6118 6117)
4(5691 5708 6119 6102)
4(5707 6118 6119 5708)
4(6101 6102 6119 6118)
4(5692 5709 6120 6103)
4(5708 6119 6120 5709)
4(6102 6103 6120 6119)
4(5693 5710 6121 6104)
4(5709 6120 6121 5710)
4(6103 6104 6121 6120)
4(5694 5711 6122 6105)
4(5710 6121 6122 5711)
4(6104 6105 6122 6121)
4(5695 5712 6123 6106)
4(5711 6122 6123 5712)
4(6105 6106 6123 6122)
4(5696 5713 6124 6107)
4(5712 6123 6124 5713)
4(6106 6107 6124 6123)
4(5697 5714 6125 6108)
4(5713 6124 6125 5714)
4(6107 6108 6125 6124)
4(5698 5715 6126 6109)
4(5714 6125 6126 5715)
4(6108 6109 6126 6125)
4(5699 5716 6127 6110)
4(5715 6126 6127 5716)
4(6109 6110 6127 6126)
4(5700 5717 6128 6111)
4(5716 6127 6128 5717)
4(6110 6111 6128 6127)
4(5717 6128 6129 5718)
4(6111 6112 6129 6128)
4(5702 5719 6130 6113)
4(503 504 6130 5719)
4(502 6113 6130 504)
4(5703 5720 6131 6114)
4(5719 6130 6131 5720)
4(6113 6114 6131 6130)
4(5704 5721 6132 6115)
4(5720 6131 6132 5721)
4(6114 6115 6132 6131)
4(5705 5722 6133 6116)
4(5721 6132 6133 5722)
4(6115 6116 6133 6132)
4(5706 5723 6134 6117)
4(5722 6133 6134 5723)
4(6116 6117 6134 6133)
4(5707 5724 6135 6118)
4(5723 6134 6135 5724)
4(6117 6118 6135 6134)
4(5708 5725 6136 6119)
4(5724 6135 6136 5725)
4(6118 6119 6136 6135)
4(5709 5726 6137 6120)
4(5725 6136 6137 5726)
4(6119 6120 6137 6136)
4(5710 5727 6138 6121)
4(5726 6137 6138 5727)
4(6120 6121 6138 6137)
4(5711 5728 6139 6122)
4(5727 6138 6139 5728)
4(6121 6122 6139 6138)
4(5712 5729 6140 6123)
4(5728 6139 6140 5729)
4(6122 6123 6140 6139)
4(5713 5730 6141 6124)
4(5729 6140 6141 5730)
4(6123 6124 6141 6140)
4(5714 5731 6142 6125)
4(5730 6141 6142 5731)
4(6124 6125 6142 6141)
4(5715 5732 6143 6126)
4(5731 6142 6143 5732)
4(6125 6126 6143 6142)
4(5716 5733 6144 6127)
4(5732 6143 6144 5733)
4(6126 6127 6144 6143)
4(5717 5734 6145 6128)
4(5733 6144 6145 5734)
4(6127 6128 6145 6144)
4(5734 6145 6146 5735)
4(6128 6129 6146 6145)
4(5719 5736 6147 6130)
4(505 506 6147 5736)
4(504 6130 6147 506)
4(5720 5737 6148 6131)
4(5736 6147 6148 5737)
4(6130 6131 6148 6147)
4(5721 5738 6149 6132)
4(5737 6148 6149 5738)
4(6131 6132 6149 6148)
4(5722 5739 6150 6133)
4(5738 6149 6150 5739)
4(6132 6133 6150 6149)
4(5723 5740 6151 6134)
4(5739 6150 6151 5740)
4(6133 6134 6151 6150)
4(5724 5741 6152 6135)
4(5740 6151 6152 5741)
4(6134 6135 6152 6151)
4(5725 5742 6153 6136)
4(5741 6152 6153 5742)
4(6135 6136 6153 6152)
4(5726 5743 6154 6137)
4(5742 6153 6154 5743)
4(6136 6137 6154 6153)
4(5727 5744 6155 6138)
4(5743 6154 6155 5744)
4(6137 6138 6155 6154)
4(5728 5745 6156 6139)
4(5744 6155 6156 5745)
4(6138 6139 6156 6155)
4(5729 5746 6157 6140)
4(5745 6156 6157 5746)
4(6139 6140 6157 6156)
4(5730 5747 6158 6141)
4(5746 6157 6158 5747)
4(6140 6141 6158 6157)
4(5731 5748 6159 6142)
4(5747 6158 6159 5748)
4(6141 6142 6159 6158)
4(5732 5749 6160 6143)
4(5748 6159 6160 5749)
4(6142 6143 6160 6159)
4(5733 5750 6161 6144)
4(5749 6160 6161 5750)
4(6143 6144 6161 6160)
4(5734 5751 6162 6145)
4(5750 6161 6162 5751)
4(6144 6145 6162 6161)
4(5751 6162 6163 5752)
4(6145 6146 6163 6162)
4(5736 5753 6164 6147)
4(507 508 6164 5753)
4(506 6147 6164 508)
4(5737 5754 6165 6148)
4(5753 6164 6165 5754)
4(6147 6148 6165 6164)
4(5738 5755 6166 6149)
4(5754 6165 6166 5755)
4(6148 6149 6166 6165)
4(5739 5756 6167 6150)
4(5755 6166 6167 5756)
4(6149 6150 6167 6166)
4(5740 5757 6168 6151)
4(5756 6167 6168 5757)
4(6150 6151 6168 6167)
4(5741 5758 6169 6152)
4(5757 6168 6169 5758)
4(6151 6152 6169 6168)
4(5742 5759 6170 6153)
4(5758 6169 6170 5759)
4(6152 6153 6170 6169)
4(5743 5760 6171 6154)
4(5759 6170 6171 5760)
4(6153 6154 6171 6170)
4(5744 5761 6172 6155)
4(5760 6171 6172 5761)
4(6154 6155 6172 6171)
4(5745 5762 6173 6156)
4(5761 6172 6173 5762)
4(6155 6156 6173 6172)
4(5746 5763 6174 6157)
4(5762 6173 6174 5763)
4(6156 6157 6174 6173)
4(5747 5764 6175 6158)
4(5763 6174 6175 5764)
4(6157 6158 6175 6174)
4(5748 5765 6176 6159)
4(5764 6175 6176 5765)
4(6158 6159 6176 6175)
4(5749 5766 6177 6160)
4(5765 6176 6177 5766)
4(6159 6160 6177 6176)
4(5750 5767 6178 6161)
4(5766 6177 6178 5767)
4(6160 6161 6178 6177)
4(5751 5768 6179 6162)
4(5767 6178 6179 5768)
4(6161 6162 6179 6178)
4(5768 6179 6180 5769)
4(6162 6163 6180 6179)
4(5753 5770 6181 6164)
4(509 510 6181 5770)
4(508 6164 6181 510)
4(5754 5771 6182 6165)
4(5770 6181 6182 5771)
4(6164 6165 6182 6181)
4(5755 5772 6183 6166)
4(5771 6182 6183 5772)
4(6165 6166 6183 6182)
4(5756 5773 6184 6167)
4(5772 6183 6184 5773)
4(6166 6167 6184 6183)
4(5757 5774 6185 6168)
4(5773 6184 6185 5774)
4(6167 6168 6185 6184)
4(5758 5775 6186 6169)
4(5774 6185 6186 5775)
4(6168 6169 6186 6185)
4(5759 5776 6187 6170)
4(5775 6186 6187 5776)
4(6169 6170 6187 6186)
4(5760 5777 6188 6171)
4(5776 6187 6188 5777)
4(6170 6171 6188 6187)
4(5761 5778 6189 6172)
4(5777 6188 6189 5778)
4(6171 6172 6189 6188)
4(5762 5779 6190 6173)
4(5778 6189 6190 5779)
4(6172 6173 6190 6189)
4(5763 5780 6191 6174)
4(5779 6190 6191 5780)
4(6173 6174 6191 6190)
4(5764 5781 6192 6175)
4(5780 6191 6192 5781)
4(6174 6175 6192 6191)
4(5765 5782 6193 6176)
4(5781 6192 6193 5782)
4(6175 6176 6193 6192)
4(5766 5783 6194 6177)
4(5782 6193 6194 5783)
4(6176 6177 6194 6193)
4(5767 5784 6195 6178)
4(5783 6194 6195 5784)
4(6177 6178 6195 6194)
4(5768 5785 6196 6179)
4(5784 6195 6196 5785)
4(6178 6179 6196 6195)
4(5785 6196 6197 5786)
4(6179 6180 6197 6196)
4(5770 5787 6198 6181)
4(511 512 6198 5787)
4(510 6181 6198 512)
4(5771 5788 6199 6182)
4(5787 6198 6199 5788)
4(6181 6182 6199 6198)
4(5772 5789 6200 6183)
4(5788 6199 6200 5789)
4(6182 6183 6200 6199)
4(5773 5790 6201 6184)
4(5789 6200 6201 5790)
4(6183 6184 6201 6200)
4(5774 5791 6202 6185)
4(5790 6201 6202 5791)
4(6184 6185 6202 6201)
4(5775 5792 6203 6186)
4(5791 6202 6203 5792)
4(6185 6186 6203 6202)
4(5776 5793 6204 6187)
4(5792 6203 6204 5793)
4(6186 6187 6204 6203)
4(5777 5794 6205 6188)
4(5793 6204 6205 5794)
4(6187 6188 6205 6204)
4(5778 5795 6206 6189)
4(5794 6205 6206 5795)
4(6188 6189 6206 6205)
4(5779 5796 6207 6190)
4(5795 6206 6207 5796)
4(6189 6190 6207 6206)
4(5780 5797 6208 6191)
4(5796 6207 6208 5797)
4(6190 6191 6208 6207)
4(5781 5798 6209 6192)
4(5797 6208 6209 5798)
4(6191 6192 6209 6208)
4(5782 5799 6210 6193)
4(5798 6209 6210 5799)
4(6192 6193 6210 6209)
4(5783 5800 6211 6194)
4(5799 6210 6211 5800)
4(6193 6194 6211 6210)
4(5784 5801 6212 6195)
4(5800 6211 6212 5801)
4(6194 6195 6212 6211)
4(5785 5802 6213 6196)
4(5801 6212 6213 5802)
4(6195 6196 6213 6212)
4(5802 6213 6214 5803)
4(6196 6197 6214 6213)
4(5787 5804 6215 6198)
4(513 514 6215 5804)
4(512 6198 6215 514)
4(5788 5805 6216 6199)
4(5804 6215 6216 5805)
4(6198 6199 6216 6215)
4(5789 5806 6217 6200)
4(5805 6216 6217 5806)
4(6199 6200 6217 6216)
4(5790 5807 6218 6201)
4(5806 6217 6218 5807)
4(6200 6201 6218 6217)
4(5791 5808 6219 6202)
4(5807 6218 6219 5808)
4(6201 6202 6219 6218)
4(5792 5809 6220 6203)
4(5808 6219 6220 5809)
4(6202 6203 6220 6219)
4(5793 5810 6221 6204)
4(5809 6220 6221 5810)
4(6203 6204 6221 6220)
4(5794 5811 6222 6205)
4(5810 6221 6222 5811)
4(6204 6205 6222 6221)
4(5795 5812 6223 6206)
4(5811 6222 6223 5812)
4(6205 6206 6223 6222)
4(5796 5813 6224 6207)
4(5812 6223 6224 5813)
4(6206 6207 6224 6223)
4(5797 5814 6225 6208)
4(5813 6224 6225 5814)
4(6207 6208 6225 6224)
4(5798 5815 6226 6209)
4(5814 6225 6226 5815)
4(6208 6209 6226 6225)
4(5799 5816 6227 6210)
4(5815 6226 6227 5816)
4(6209 6210 6227 6226)
4(5800 5817 6228 6211)
4(5816 6227 6228 5817)
4(6210 6211 6228 6227)
4(5801 5818 6229 6212)
4(5817 6228 6229 5818)
4(6211 6212 6229 6228)
4(5802 5819 6230 6213)
4(5818 6229 6230 5819)
4(6212 6213 6230 6229)
4(5819 6230 6231 5820)
4(6213 6214 6231 6230)
4(5804 5821 6232 6215)
4(515 516 6232 5821)
4(514 6215 6232 516)
4(5805 5822 6233 6216)
4(5821 6232 6233 5822)
4(6215 6216 6233 6232)
4(5806 5823 6234 6217)
4(5822 6233 6234 5823)
4(6216 6217 6234 6233)
4(5807 5824 6235 6218)
4(5823 6234 6235 5824)
4(6217 6218 6235 6234)
4(5808 5825 6236 6219)
4(5824 6235 6236 5825)
4(6218 6219 6236 6235)
4(5809 5826 6237 6220)
4(5825 6236 6237 5826)
4(6219 6220 6237 6236)
4(5810 5827 6238 6221)
4(5826 6237 6238 5827)
4(6220 6221 6238 6237)
4(5811 5828 6239 6222)
4(5827 6238 6239 5828)
4(6221 6222 6239 6238)
4(5812 5829 6240 6223)
4(5828 6239 6240 5829)
4(6222 6223 6240 6239)
4(5813 5830 6241 6224)
4(5829 6240 6241 5830)
4(6223 6224 6241 6240)
4(5814 5831 6242 6225)
4(5830 6241 6242 5831)
4(6224 6225 6242 6241)
4(5815 5832 6243 6226)
4(5831 6242 6243 5832)
4(6225 6226 6243 6242)
4(5816 5833 6244 6227)
4(5832 6243 6244 5833)
4(6226 6227 6244 6243)
4(5817 5834 6245 6228)
4(5833 6244 6245 5834)
4(6227 6228 6245 6244)
4(5818 5835 6246 6229)
4(5834 6245 6246 5835)
4(6228 6229 6246 6245)
4(5819 5836 6247 6230)
4(5835 6246 6247 5836)
4(6229 6230 6247 6246)
4(5836 6247 6248 5837)
4(6230 6231 6248 6247)
4(5821 5838 6249 6232)
4(517 518 6249 5838)
4(516 6232 6249 518)
4(5822 5839 6250 6233)
4(5838 6249 6250 5839)
4(6232 6233 6250 6249)
4(5823 5840 6251 6234)
4(5839 6250 6251 5840)
4(6233 6234 6251 6250)
4(5824 5841 6252 6235)
4(5840 6251 6252 5841)
4(6234 6235 6252 6251)
4(5825 5842 6253 6236)
4(5841 6252 6253 5842)
4(6235 6236 6253 6252)
4(5826 5843 6254 6237)
4(5842 6253 6254 5843)
4(6236 6237 6254 6253)
4(5827 5844 6255 6238)
4(5843 6254 6255 5844)
4(6237 6238 6255 6254)
4(5828 5845 6256 6239)
4(5844 6255 6256 5845)
4(6238 6239 6256 6255)
4(5829 5846 6257 6240)
4(5845 6256 6257 5846)
4(6239 6240 6257 6256)
4(5830 5847 6258 6241)
4(5846 6257 6258 5847)
4(6240 6241 6258 6257)
4(5831 5848 6259 6242)
4(5847 6258 6259 5848)
4(6241 6242 6259 6258)
4(5832 5849 6260 6243)
4(5848 6259 6260 5849)
4(6242 6243 6260 6259)
4(5833 5850 6261 6244)
4(5849 6260 6261 5850)
4(6243 6244 6261 6260)
4(5834 5851 6262 6245)
4(5850 6261 6262 5851)
4(6244 6245 6262 6261)
4(5835 5852 6263 6246)
4(5851 6262 6263 5852)
4(6245 6246 6263 6262)
4(5836 5853 6264 6247)
4(5852 6263 6264 5853)
4(6246 6247 6264 6263)
4(5853 6264 6265 5854)
4(6247 6248 6265 6264)
4(5838 5855 6266 6249)
4(519 520 6266 5855)
4(518 6249 6266 520)
4(5839 5856 6267 6250)
4(5855 6266 6267 5856)
4(6249 6250 6267 6266)
4(5840 5857 6268 6251)
4(5856 6267 6268 5857)
4(6250 6251 6268 6267)
4(5841 5858 6269 6252)
4(5857 6268 6269 5858)
4(6251 6252 6269 6268)
4(5842 5859 6270 6253)
4(5858 6269 6270 5859)
4(6252 6253 6270 6269)
4(5843 5860 6271 6254)
4(5859 6270 6271 5860)
4(6253 6254 6271 6270)
4(5844 5861 6272 6255)
4(5860 6271 6272 5861)
4(6254 6255 6272 6271)
4(5845 5862 6273 6256)
4(5861 6272 6273 5862)
4(6255 6256 6273 6272)
4(5846 5863 6274 6257)
4(5862 6273 6274 5863)
4(6256 6257 6274 6273)
4(5847 5864 6275 6258)
4(5863 6274 6275 5864)
4(6257 6258 6275 6274)
4(5848 5865 6276 6259)
4(5864 6275 6276 5865)
4(6258 6259 6276 6275)
4(5849 5866 6277 6260)
4(5865 6276 6277 5866)
4(6259 6260 6277 6276)
4(5850 5867 6278 6261)
4(5866 6277 6278 5867)
4(6260 6261 6278 6277)
4(5851 5868 6279 6262)
4(5867 6278 6279 5868)
4(6261 6262 6279 6278)
4(5852 5869 6280 6263)
4(5868 6279 6280 5869)
4(6262 6263 6280 6279)
4(5853 5870 6281 6264)
4(5869 6280 6281 5870)
4(6263 6264 6281 6280)
4(5870 6281 6282 5871)
4(6264 6265 6282 6281)
4(5855 5872 6283 6266)
4(521 522 6283 5872)
4(520 6266 6283 522)
4(5856 5873 6284 6267)
4(5872 6283 6284 5873)
4(6266 6267 6284 6283)
4(5857 5874 6285 6268)
4(5873 6284 6285 5874)
4(6267 6268 6285 6284)
4(5858 5875 6286 6269)
4(5874 6285 6286 5875)
4(6268 6269 6286 6285)
4(5859 5876 6287 6270)
4(5875 6286 6287 5876)
4(6269 6270 6287 6286)
4(5860 5877 6288 6271)
4(5876 6287 6288 5877)
4(6270 6271 6288 6287)
4(5861 5878 6289 6272)
4(5877 6288 6289 5878)
4(6271 6272 6289 6288)
4(5862 5879 6290 6273)
4(5878 6289 6290 5879)
4(6272 6273 6290 6289)
4(5863 5880 6291 6274)
4(5879 6290 6291 5880)
4(6273 6274 6291 6290)
4(5864 5881 6292 6275)
4(5880 6291 6292 5881)
4(6274 6275 6292 6291)
4(5865 5882 6293 6276)
4(5881 6292 6293 5882)
4(6275 6276 6293 6292)
4(5866 5883 6294 6277)
4(5882 6293 6294 5883)
4(6276 6277 6294 6293)
4(5867 5884 6295 6278)
4(5883 6294 6295 5884)
4(6277 6278 6295 6294)
4(5868 5885 6296 6279)
4(5884 6295 6296 5885)
4(6278 6279 6296 6295)
4(5869 5886 6297 6280)
4(5885 6296 6297 5886)
4(6279 6280 6297 6296)
4(5870 5887 6298 6281)
4(5886 6297 6298 5887)
4(6280 6281 6298 6297)
4(5887 6298 6299 5888)
4(6281 6282 6299 6298)
4(5872 5889 6300 6283)
4(523 524 6300 5889)
4(522 6283 6300 524)
4(5873 5890 6301 6284)
4(5889 6300 6301 5890)
4(6283 6284 6301 6300)
4(5874 5891 6302 6285)
4(5890 6301 6302 5891)
4(6284 6285 6302 6301)
4(5875 5892 6303 6286)
4(5891 6302 6303 5892)
4(6285 6286 6303 6302)
4(5876 5893 6304 6287)
4(5892 6303 6304 5893)
4(6286 6287 6304 6303)
4(5877 5894 6305 6288)
4(5893 6304 6305 5894)
4(6287 6288 6305 6304)
4(5878 5895 6306 6289)
4(5894 6305 6306 5895)
4(6288 6289 6306 6305)
4(5879 5896 6307 6290)
4(5895 6306 6307 5896)
4(6289 6290 6307 6306)
4(5880 5897 6308 6291)
4(5896 6307 6308 5897)
4(6290 6291 6308 6307)
4(5881 5898 6309 6292)
4(5897 6308 6309 5898)
4(6291 6292 6309 6308)
4(5882 5899 6310 6293)
4(5898 6309 6310 5899)
4(6292 6293 6310 6309)
4(5883 5900 6311 6294)
4(5899 6310 6311 5900)
4(6293 6294 6311 6310)
4(5884 5901 6312 6295)
4(5900 6311 6312 5901)
4(6294 6295 6312 6311)
4(5885 5902 6313 6296)
4(5901 6312 6313 5902)
4(6295 6296 6313 6312)
4(5886 5903 6314 6297)
4(5902 6313 6314 5903)
4(6296 6297 6314 6313)
4(5887 5904 6315 6298)
4(5903 6314 6315 5904)
4(6297 6298 6315 6314)
4(5904 6315 6316 5905)
4(6298 6299 6316 6315)
4(5889 5906 6317 6300)
4(525 526 6317 5906)
4(524 6300 6317 526)
4(5890 5907 6318 6301)
4(5906 6317 6318 5907)
4(6300 6301 6318 6317)
4(5891 5908 6319 6302)
4(5907 6318 6319 5908)
4(6301 6302 6319 6318)
4(5892 5909 6320 6303)
4(5908 6319 6320 5909)
4(6302 6303 6320 6319)
4(5893 5910 6321 6304)
4(5909 6320 6321 5910)
4(6303 6304 6321 6320)
4(5894 5911 6322 6305)
4(5910 6321 6322 5911)
4(6304 6305 6322 6321)
4(5895 5912 6323 6306)
4(5911 6322 6323 5912)
4(6305 6306 6323 6322)
4(5896 5913 6324 6307)
4(5912 6323 6324 5913)
4(6306 6307 6324 6323)
4(5897 5914 6325 6308)
4(5913 6324 6325 5914)
4(6307 6308 6325 6324)
4(5898 5915 6326 6309)
4(5914 6325 6326 5915)
4(6308 6309 6326 6325)
4(5899 5916 6327 6310)
4(5915 6326 6327 5916)
4(6309 6310 6327 6326)
4(5900 5917 6328 6311)
4(5916 6327 6328 5917)
4(6310 6311 6328 6327)
4(5901 5918 6329 6312)
4(5917 6328 6329 5918)
4(6311 6312 6329 6328)
4(5902 5919 6330 6313)
4(5918 6329 6330 5919)
4(6312 6313 6330 6329)
4(5903 5920 6331 6314)
4(5919 6330 6331 5920)
4(6313 6314 6331 6330)
4(5904 5921 6332 6315)
4(5920 6331 6332 5921)
4(6314 6315 6332 6331)
4(5921 6332 6333 5922)
4(6315 6316 6333 6332)
4(5906 5923 6334 6317)
4(527 528 6334 5923)
4(526 6317 6334 528)
4(5907 5924 6335 6318)
4(5923 6334 6335 5924)
4(6317 6318 6335 6334)
4(5908 5925 6336 6319)
4(5924 6335 6336 5925)
4(6318 6319 6336 6335)
4(5909 5926 6337 6320)
4(5925 6336 6337 5926)
4(6319 6320 6337 6336)
4(5910 5927 6338 6321)
4(5926 6337 6338 5927)
4(6320 6321 6338 6337)
4(5911 5928 6339 6322)
4(5927 6338 6339 5928)
4(6321 6322 6339 6338)
4(5912 5929 6340 6323)
4(5928 6339 6340 5929)
4(6322 6323 6340 6339)
4(5913 5930 6341 6324)
4(5929 6340 6341 5930)
4(6323 6324 6341 6340)
4(5914 5931 6342 6325)
4(5930 6341 6342 5931)
4(6324 6325 6342 6341)
4(5915 5932 6343 6326)
4(5931 6342 6343 5932)
4(6325 6326 6343 6342)
4(5916 5933 6344 6327)
4(5932 6343 6344 5933)
4(6326 6327 6344 6343)
4(5917 5934 6345 6328)
4(5933 6344 6345 5934)
4(6327 6328 6345 6344)
4(5918 5935 6346 6329)
4(5934 6345 6346 5935)
4(6328 6329 6346 6345)
4(5919 5936 6347 6330)
4(5935 6346 6347 5936)
4(6329 6330 6347 6346)
4(5920 5937 6348 6331)
4(5936 6347 6348 5937)
4(6330 6331 6348 6347)
4(5921 5938 6349 6332)
4(5937 6348 6349 5938)
4(6331 6332 6349 6348)
4(5938 6349 6350 5939)
4(6332 6333 6350 6349)
4(5923 5940 6351 6334)
4(529 530 6351 5940)
4(528 6334 6351 530)
4(5924 5941 6352 6335)
4(5940 6351 6352 5941)
4(6334 6335 6352 6351)
4(5925 5942 6353 6336)
4(5941 6352 6353 5942)
4(6335 6336 6353 6352)
4(5926 5943 6354 6337)
4(5942 6353 6354 5943)
4(6336 6337 6354 6353)
4(5927 5944 6355 6338)
4(5943 6354 6355 5944)
4(6337 6338 6355 6354)
4(5928 5945 6356 6339)
4(5944 6355 6356 5945)
4(6338 6339 6356 6355)
4(5929 5946 6357 6340)
4(5945 6356 6357 5946)
4(6339 6340 6357 6356)
4(5930 5947 6358 6341)
4(5946 6357 6358 5947)
4(6340 6341 6358 6357)
4(5931 5948 6359 6342)
4(5947 6358 6359 5948)
4(6341 6342 6359 6358)
4(5932 5949 6360 6343)
4(5948 6359 6360 5949)
4(6342 6343 6360 6359)
4(5933 5950 6361 6344)
4(5949 6360 6361 5950)
4(6343 6344 6361 6360)
4(5934 5951 6362 6345)
4(5950 6361 6362 5951)
4(6344 6345 6362 6361)
4(5935 5952 6363 6346)
4(5951 6362 6363 5952)
4(6345 6346 6363 6362)
4(5936 5953 6364 6347)
4(5952 6363 6364 5953)
4(6346 6347 6364 6363)
4(5937 5954 6365 6348)
4(5953 6364 6365 5954)
4(6347 6348 6365 6364)
4(5938 5955 6366 6349)
4(5954 6365 6366 5955)
4(6348 6349 6366 6365)
4(5955 6366 6367 5956)
4(6349 6350 6367 6366)
4(5940 5957 6368 6351)
4(531 532 6368 5957)
4(530 6351 6368 532)
4(5941 5958 6369 6352)
4(5957 6368 6369 5958)
4(6351 6352 6369 6368)
4(5942 5959 6370 6353)
4(5958 6369 6370 5959)
4(6352 6353 6370 6369)
4(5943 5960 6371 6354)
4(5959 6370 6371 5960)
4(6353 6354 6371 6370)
4(5944 5961 6372 6355)
4(5960 6371 6372 5961)
4(6354 6355 6372 6371)
4(5945 5962 6373 6356)
4(5961 6372 6373 5962)
4(6355 6356 6373 6372)
4(5946 5963 6374 6357)
4(5962 6373 6374 5963)
4(6356 6357 6374 6373)
4(5947 5964 6375 6358)
4(5963 6374 6375 5964)
4(6357 6358 6375 6374)
4(5948 5965 6376 6359)
4(5964 6375 6376 5965)
4(6358 6359 6376 6375)
4(5949 5966 6377 6360)
4(5965 6376 6377 5966)
4(6359 6360 6377 6376)
4(5950 5967 6378 6361)
4(5966 6377 6378 5967)
4(6360 6361 6378 6377)
4(5951 5968 6379 6362)
4(5967 6378 6379 5968)
4(6361 6362 6379 6378)
4(5952 5969 6380 6363)
4(5968 6379 6380 5969)
4(6362 6363 6380 6379)
4(5953 5970 6381 6364)
4(5969 6380 6381 5970)
4(6363 6364 6381 6380)
4(5954 5971 6382 6365)
4(5970 6381 6382 5971)
4(6364 6365 6382 6381)
4(5955 5972 6383 6366)
4(5971 6382 6383 5972)
4(6365 6366 6383 6382)
4(5972 6383 6384 5973)
4(6366 6367 6384 6383)
4(5957 5974 6385 6368)
4(533 534 6385 5974)
4(532 6368 6385 534)
4(5958 5975 6386 6369)
4(5974 6385 6386 5975)
4(6368 6369 6386 6385)
4(5959 5976 6387 6370)
4(5975 6386 6387 5976)
4(6369 6370 6387 6386)
4(5960 5977 6388 6371)
4(5976 6387 6388 5977)
4(6370 6371 6388 6387)
4(5961 5978 6389 6372)
4(5977 6388 6389 5978)
4(6371 6372 6389 6388)
4(5962 5979 6390 6373)
4(5978 6389 6390 5979)
4(6372 6373 6390 6389)
4(5963 5980 6391 6374)
4(5979 6390 6391 5980)
4(6373 6374 6391 6390)
4(5964 5981 6392 6375)
4(5980 6391 6392 5981)
4(6374 6375 6392 6391)
4(5965 5982 6393 6376)
4(5981 6392 6393 5982)
4(6375 6376 6393 6392)
4(5966 5983 6394 6377)
4(5982 6393 6394 5983)
4(6376 6377 6394 6393)
4(5967 5984 6395 6378)
4(5983 6394 6395 5984)
4(6377 6378 6395 6394)
4(5968 5985 6396 6379)
4(5984 6395 6396 5985)
4(6378 6379 6396 6395)
4(5969 5986 6397 6380)
4(5985 6396 6397 5986)
4(6379 6380 6397 6396)
4(5970 5987 6398 6381)
4(5986 6397 6398 5987)
4(6380 6381 6398 6397)
4(5971 5988 6399 6382)
4(5987 6398 6399 5988)
4(6381 6382 6399 6398)
4(5972 5989 6400 6383)
4(5988 6399 6400 5989)
4(6382 6383 6400 6399)
4(5989 6400 6401 5990)
4(6383 6384 6401 6400)
4(5974 5991 6402 6385)
4(535 536 6402 5991)
4(534 6385 6402 536)
4(5975 5992 6403 6386)
4(5991 6402 6403 5992)
4(6385 6386 6403 6402)
4(5976 5993 6404 6387)
4(5992 6403 6404 5993)
4(6386 6387 6404 6403)
4(5977 5994 6405 6388)
4(5993 6404 6405 5994)
4(6387 6388 6405 6404)
4(5978 5995 6406 6389)
4(5994 6405 6406 5995)
4(6388 6389 6406 6405)
4(5979 5996 6407 6390)
4(5995 6406 6407 5996)
4(6389 6390 6407 6406)
4(5980 5997 6408 6391)
4(5996 6407 6408 5997)
4(6390 6391 6408 6407)
4(5981 5998 6409 6392)
4(5997 6408 6409 5998)
4(6391 6392 6409 6408)
4(5982 5999 6410 6393)
4(5998 6409 6410 5999)
4(6392 6393 6410 6409)
4(5983 6000 6411 6394)
4(5999 6410 6411 6000)
4(6393 6394 6411 6410)
4(5984 6001 6412 6395)
4(6000 6411 6412 6001)
4(6394 6395 6412 6411)
4(5985 6002 6413 6396)
4(6001 6412 6413 6002)
4(6395 6396 6413 6412)
4(5986 6003 6414 6397)
4(6002 6413 6414 6003)
4(6396 6397 6414 6413)
4(5987 6004 6415 6398)
4(6003 6414 6415 6004)
4(6397 6398 6415 6414)
4(5988 6005 6416 6399)
4(6004 6415 6416 6005)
4(6398 6399 6416 6415)
4(5989 6006 6417 6400)
4(6005 6416 6417 6006)
4(6399 6400 6417 6416)
4(6006 6417 6418 6007)
4(6400 6401 6418 6417)
4(5991 6008 6419 6402)
4(537 538 6419 6008)
4(536 6402 6419 538)
4(5992 6009 6420 6403)
4(6008 6419 6420 6009)
4(6402 6403 6420 6419)
4(5993 6010 6421 6404)
4(6009 6420 6421 6010)
4(6403 6404 6421 6420)
4(5994 6011 6422 6405)
4(6010 6421 6422 6011)
4(6404 6405 6422 6421)
4(5995 6012 6423 6406)
4(6011 6422 6423 6012)
4(6405 6406 6423 6422)
4(5996 6013 6424 6407)
4(6012 6423 6424 6013)
4(6406 6407 6424 6423)
4(5997 6014 6425 6408)
4(6013 6424 6425 6014)
4(6407 6408 6425 6424)
4(5998 6015 6426 6409)
4(6014 6425 6426 6015)
4(6408 6409 6426 6425)
4(5999 6016 6427 6410)
4(6015 6426 6427 6016)
4(6409 6410 6427 6426)
4(6000 6017 6428 6411)
4(6016 6427 6428 6017)
4(6410 6411 6428 6427)
4(6001 6018 6429 6412)
4(6017 6428 6429 6018)
4(6411 6412 6429 6428)
4(6002 6019 6430 6413)
4(6018 6429 6430 6019)
4(6412 6413 6430 6429)
4(6003 6020 6431 6414)
4(6019 6430 6431 6020)
4(6413 6414 6431 6430)
4(6004 6021 6432 6415)
4(6020 6431 6432 6021)
4(6414 6415 6432 6431)
4(6005 6022 6433 6416)
4(6021 6432 6433 6022)
4(6415 6416 6433 6432)
4(6006 6023 6434 6417)
4(6022 6433 6434 6023)
4(6416 6417 6434 6433)
4(6023 6434 6435 6024)
4(6417 6418 6435 6434)
4(6008 6025 6436 6419)
4(539 540 6436 6025)
4(538 6419 6436 540)
4(6009 6026 6437 6420)
4(6025 6436 6437 6026)
4(6419 6420 6437 6436)
4(6010 6027 6438 6421)
4(6026 6437 6438 6027)
4(6420 6421 6438 6437)
4(6011 6028 6439 6422)
4(6027 6438 6439 6028)
4(6421 6422 6439 6438)
4(6012 6029 6440 6423)
4(6028 6439 6440 6029)
4(6422 6423 6440 6439)
4(6013 6030 6441 6424)
4(6029 6440 6441 6030)
4(6423 6424 6441 6440)
4(6014 6031 6442 6425)
4(6030 6441 6442 6031)
4(6424 6425 6442 6441)
4(6015 6032 6443 6426)
4(6031 6442 6443 6032)
4(6425 6426 6443 6442)
4(6016 6033 6444 6427)
4(6032 6443 6444 6033)
4(6426 6427 6444 6443)
4(6017 6034 6445 6428)
4(6033 6444 6445 6034)
4(6427 6428 6445 6444)
4(6018 6035 6446 6429)
4(6034 6445 6446 6035)
4(6428 6429 6446 6445)
4(6019 6036 6447 6430)
4(6035 6446 6447 6036)
4(6429 6430 6447 6446)
4(6020 6037 6448 6431)
4(6036 6447 6448 6037)
4(6430 6431 6448 6447)
4(6021 6038 6449 6432)
4(6037 6448 6449 6038)
4(6431 6432 6449 6448)
4(6022 6039 6450 6433)
4(6038 6449 6450 6039)
4(6432 6433 6450 6449)
4(6023 6040 6451 6434)
4(6039 6450 6451 6040)
4(6433 6434 6451 6450)
4(6040 6451 6452 6041)
4(6434 6435 6452 6451)
4(6025 6042 6453 6436)
4(3 2 6453 6042)
4(540 6436 6453 2)
4(6026 6043 6454 6437)
4(6042 6453 6454 6043)
4(6436 6437 6454 6453)
4(6027 6044 6455 6438)
4(6043 6454 6455 6044)
4(6437 6438 6455 6454)
4(6028 106 107 6439)
4(6044 6455 107 106)
4(6438 6439 107 6455)
4(6029 109 108 6440)
4(6439 6440 108 107)
4(106 107 108 109)
4(6030 111 110 6441)
4(6440 6441 110 108)
4(109 108 110 111)
4(6031 113 112 6442)
4(6441 6442 112 110)
4(111 110 112 113)
4(6032 115 114 6443)
4(6442 6443 114 112)
4(113 112 114 115)
4(6033 117 116 6444)
4(6443 6444 116 114)
4(115 114 116 117)
4(6034 119 118 6445)
4(6444 6445 118 116)
4(117 116 118 119)
4(6035 121 120 6446)
4(6445 6446 120 118)
4(119 118 120 121)
4(6036 123 122 6447)
4(6446 6447 122 120)
4(121 120 122 123)
4(6037 125 124 6448)
4(6447 6448 124 122)
4(123 122 124 125)
4(6038 127 126 6449)
4(6448 6449 126 124)
4(125 124 126 127)
4(6039 129 128 6450)
4(6449 6450 128 126)
4(127 126 128 129)
4(6040 131 130 6451)
4(6450 6451 130 128)
4(129 128 130 131)
4(6451 6452 132 130)
4(131 130 132 133)
4(6042 135 134 6453)
4(2 6453 134 36)
4(3 2 36 105)
4(105 36 134 135)
4(6043 137 136 6454)
4(6453 6454 136 134)
4(135 134 136 137)
4(6044 139 138 6455)
4(6454 6455 138 136)
4(137 136 138 139)
4(6455 107 141 138)
4(106 140 141 107)
4(139 138 141 140)
4(6045 6062 6473 6456)
4(495 541 6473 6062)
4(542 6456 6473 541)
4(6046 6063 6474 6457)
4(6062 6473 6474 6063)
4(6456 6457 6474 6473)
4(6047 6064 6475 6458)
4(6063 6474 6475 6064)
4(6457 6458 6475 6474)
4(6048 6065 6476 6459)
4(6064 6475 6476 6065)
4(6458 6459 6476 6475)
4(6049 6066 6477 6460)
4(6065 6476 6477 6066)
4(6459 6460 6477 6476)
4(6050 6067 6478 6461)
4(6066 6477 6478 6067)
4(6460 6461 6478 6477)
4(6051 6068 6479 6462)
4(6067 6478 6479 6068)
4(6461 6462 6479 6478)
4(6052 6069 6480 6463)
4(6068 6479 6480 6069)
4(6462 6463 6480 6479)
4(6053 6070 6481 6464)
4(6069 6480 6481 6070)
4(6463 6464 6481 6480)
4(6054 6071 6482 6465)
4(6070 6481 6482 6071)
4(6464 6465 6482 6481)
4(6055 6072 6483 6466)
4(6071 6482 6483 6072)
4(6465 6466 6483 6482)
4(6056 6073 6484 6467)
4(6072 6483 6484 6073)
4(6466 6467 6484 6483)
4(6057 6074 6485 6468)
4(6073 6484 6485 6074)
4(6467 6468 6485 6484)
4(6058 6075 6486 6469)
4(6074 6485 6486 6075)
4(6468 6469 6486 6485)
4(6059 6076 6487 6470)
4(6075 6486 6487 6076)
4(6469 6470 6487 6486)
4(6060 6077 6488 6471)
4(6076 6487 6488 6077)
4(6470 6471 6488 6487)
4(6077 6488 6489 6078)
4(6471 6472 6489 6488)
4(6062 6079 6490 6473)
4(498 543 6490 6079)
4(541 6473 6490 543)
4(6063 6080 6491 6474)
4(6079 6490 6491 6080)
4(6473 6474 6491 6490)
4(6064 6081 6492 6475)
4(6080 6491 6492 6081)
4(6474 6475 6492 6491)
4(6065 6082 6493 6476)
4(6081 6492 6493 6082)
4(6475 6476 6493 6492)
4(6066 6083 6494 6477)
4(6082 6493 6494 6083)
4(6476 6477 6494 6493)
4(6067 6084 6495 6478)
4(6083 6494 6495 6084)
4(6477 6478 6495 6494)
4(6068 6085 6496 6479)
4(6084 6495 6496 6085)
4(6478 6479 6496 6495)
4(6069 6086 6497 6480)
4(6085 6496 6497 6086)
4(6479 6480 6497 6496)
4(6070 6087 6498 6481)
4(6086 6497 6498 6087)
4(6480 6481 6498 6497)
4(6071 6088 6499 6482)
4(6087 6498 6499 6088)
4(6481 6482 6499 6498)
4(6072 6089 6500 6483)
4(6088 6499 6500 6089)
4(6482 6483 6500 6499)
4(6073 6090 6501 6484)
4(6089 6500 6501 6090)
4(6483 6484 6501 6500)
4(6074 6091 6502 6485)
4(6090 6501 6502 6091)
4(6484 6485 6502 6501)
4(6075 6092 6503 6486)
4(6091 6502 6503 6092)
4(6485 6486 6503 6502)
4(6076 6093 6504 6487)
4(6092 6503 6504 6093)
4(6486 6487 6504 6503)
4(6077 6094 6505 6488)
4(6093 6504 6505 6094)
4(6487 6488 6505 6504)
4(6094 6505 6506 6095)
4(6488 6489 6506 6505)
4(6079 6096 6507 6490)
4(500 544 6507 6096)
4(543 6490 6507 544)
4(6080 6097 6508 6491)
4(6096 6507 6508 6097)
4(6490 6491 6508 6507)
4(6081 6098 6509 6492)
4(6097 6508 6509 6098)
4(6491 6492 6509 6508)
4(6082 6099 6510 6493)
4(6098 6509 6510 6099)
4(6492 6493 6510 6509)
4(6083 6100 6511 6494)
4(6099 6510 6511 6100)
4(6493 6494 6511 6510)
4(6084 6101 6512 6495)
4(6100 6511 6512 6101)
4(6494 6495 6512 6511)
4(6085 6102 6513 6496)
4(6101 6512 6513 6102)
4(6495 6496 6513 6512)
4(6086 6103 6514 6497)
4(6102 6513 6514 6103)
4(6496 6497 6514 6513)
4(6087 6104 6515 6498)
4(6103 6514 6515 6104)
4(6497 6498 6515 6514)
4(6088 6105 6516 6499)
4(6104 6515 6516 6105)
4(6498 6499 6516 6515)
4(6089 6106 6517 6500)
4(6105 6516 6517 6106)
4(6499 6500 6517 6516)
4(6090 6107 6518 6501)
4(6106 6517 6518 6107)
4(6500 6501 6518 6517)
4(6091 6108 6519 6502)
4(6107 6518 6519 6108)
4(6501 6502 6519 6518)
4(6092 6109 6520 6503)
4(6108 6519 6520 6109)
4(6502 6503 6520 6519)
4(6093 6110 6521 6504)
4(6109 6520 6521 6110)
4(6503 6504 6521 6520)
4(6094 6111 6522 6505)
4(6110 6521 6522 6111)
4(6504 6505 6522 6521)
4(6111 6522 6523 6112)
4(6505 6506 6523 6522)
4(6096 6113 6524 6507)
4(502 545 6524 6113)
4(544 6507 6524 545)
4(6097 6114 6525 6508)
4(6113 6524 6525 6114)
4(6507 6508 6525 6524)
4(6098 6115 6526 6509)
4(6114 6525 6526 6115)
4(6508 6509 6526 6525)
4(6099 6116 6527 6510)
4(6115 6526 6527 6116)
4(6509 6510 6527 6526)
4(6100 6117 6528 6511)
4(6116 6527 6528 6117)
4(6510 6511 6528 6527)
4(6101 6118 6529 6512)
4(6117 6528 6529 6118)
4(6511 6512 6529 6528)
4(6102 6119 6530 6513)
4(6118 6529 6530 6119)
4(6512 6513 6530 6529)
4(6103 6120 6531 6514)
4(6119 6530 6531 6120)
4(6513 6514 6531 6530)
4(6104 6121 6532 6515)
4(6120 6531 6532 6121)
4(6514 6515 6532 6531)
4(6105 6122 6533 6516)
4(6121 6532 6533 6122)
4(6515 6516 6533 6532)
4(6106 6123 6534 6517)
4(6122 6533 6534 6123)
4(6516 6517 6534 6533)
4(6107 6124 6535 6518)
4(6123 6534 6535 6124)
4(6517 6518 6535 6534)
4(6108 6125 6536 6519)
4(6124 6535 6536 6125)
4(6518 6519 6536 6535)
4(6109 6126 6537 6520)
4(6125 6536 6537 6126)
4(6519 6520 6537 6536)
4(6110 6127 6538 6521)
4(6126 6537 6538 6127)
4(6520 6521 6538 6537)
4(6111 6128 6539 6522)
4(6127 6538 6539 6128)
4(6521 6522 6539 6538)
4(6128 6539 6540 6129)
4(6522 6523 6540 6539)
4(6113 6130 6541 6524)
4(504 546 6541 6130)
4(545 6524 6541 546)
4(6114 6131 6542 6525)
4(6130 6541 6542 6131)
4(6524 6525 6542 6541)
4(6115 6132 6543 6526)
4(6131 6542 6543 6132)
4(6525 6526 6543 6542)
4(6116 6133 6544 6527)
4(6132 6543 6544 6133)
4(6526 6527 6544 6543)
4(6117 6134 6545 6528)
4(6133 6544 6545 6134)
4(6527 6528 6545 6544)
4(6118 6135 6546 6529)
4(6134 6545 6546 6135)
4(6528 6529 6546 6545)
4(6119 6136 6547 6530)
4(6135 6546 6547 6136)
4(6529 6530 6547 6546)
4(6120 6137 6548 6531)
4(6136 6547 6548 6137)
4(6530 6531 6548 6547)
4(6121 6138 6549 6532)
4(6137 6548 6549 6138)
4(6531 6532 6549 6548)
4(6122 6139 6550 6533)
4(6138 6549 6550 6139)
4(6532 6533 6550 6549)
4(6123 6140 6551 6534)
4(6139 6550 6551 6140)
4(6533 6534 6551 6550)
4(6124 6141 6552 6535)
4(6140 6551 6552 6141)
4(6534 6535 6552 6551)
4(6125 6142 6553 6536)
4(6141 6552 6553 6142)
4(6535 6536 6553 6552)
4(6126 6143 6554 6537)
4(6142 6553 6554 6143)
4(6536 6537 6554 6553)
4(6127 6144 6555 6538)
4(6143 6554 6555 6144)
4(6537 6538 6555 6554)
4(6128 6145 6556 6539)
4(6144 6555 6556 6145)
4(6538 6539 6556 6555)
4(6145 6556 6557 6146)
4(6539 6540 6557 6556)
4(6130 6147 6558 6541)
4(506 547 6558 6147)
4(546 6541 6558 547)
4(6131 6148 6559 6542)
4(6147 6558 6559 6148)
4(6541 6542 6559 6558)
4(6132 6149 6560 6543)
4(6148 6559 6560 6149)
4(6542 6543 6560 6559)
4(6133 6150 6561 6544)
4(6149 6560 6561 6150)
4(6543 6544 6561 6560)
4(6134 6151 6562 6545)
4(6150 6561 6562 6151)
4(6544 6545 6562 6561)
4(6135 6152 6563 6546)
4(6151 6562 6563 6152)
4(6545 6546 6563 6562)
4(6136 6153 6564 6547)
4(6152 6563 6564 6153)
4(6546 6547 6564 6563)
4(6137 6154 6565 6548)
4(6153 6564 6565 6154)
4(6547 6548 6565 6564)
4(6138 6155 6566 6549)
4(6154 6565 6566 6155)
4(6548 6549 6566 6565)
4(6139 6156 6567 6550)
4(6155 6566 6567 6156)
4(6549 6550 6567 6566)
4(6140 6157 6568 6551)
4(6156 6567 6568 6157)
4(6550 6551 6568 6567)
4(6141 6158 6569 6552)
4(6157 6568 6569 6158)
4(6551 6552 6569 6568)
4(6142 6159 6570 6553)
4(6158 6569 6570 6159)
4(6552 6553 6570 6569)
4(6143 6160 6571 6554)
4(6159 6570 6571 6160)
4(6553 6554 6571 6570)
4(6144 6161 6572 6555)
4(6160 6571 6572 6161)
4(6554 6555 6572 6571)
4(6145 6162 6573 6556)
4(6161 6572 6573 6162)
4(6555 6556 6573 6572)
4(6162 6573 6574 6163)
4(6556 6557 6574 6573)
4(6147 6164 6575 6558)
4(508 548 6575 6164)
4(547 6558 6575 548)
4(6148 6165 6576 6559)
4(6164 6575 6576 6165)
4(6558 6559 6576 6575)
4(6149 6166 6577 6560)
4(6165 6576 6577 6166)
4(6559 6560 6577 6576)
4(6150 6167 6578 6561)
4(6166 6577 6578 6167)
4(6560 6561 6578 6577)
4(6151 6168 6579 6562)
4(6167 6578 6579 6168)
4(6561 6562 6579 6578)
4(6152 6169 6580 6563)
4(6168 6579 6580 6169)
4(6562 6563 6580 6579)
4(6153 6170 6581 6564)
4(6169 6580 6581 6170)
4(6563 6564 6581 6580)
4(6154 6171 6582 6565)
4(6170 6581 6582 6171)
4(6564 6565 6582 6581)
4(6155 6172 6583 6566)
4(6171 6582 6583 6172)
4(6565 6566 6583 6582)
4(6156 6173 6584 6567)
4(6172 6583 6584 6173)
4(6566 6567 6584 6583)
4(6157 6174 6585 6568)
4(6173 6584 6585 6174)
4(6567 6568 6585 6584)
4(6158 6175 6586 6569)
4(6174 6585 6586 6175)
4(6568 6569 6586 6585)
4(6159 6176 6587 6570)
4(6175 6586 6587 6176)
4(6569 6570 6587 6586)
4(6160 6177 6588 6571)
4(6176 6587 6588 6177)
4(6570 6571 6588 6587)
4(6161 6178 6589 6572)
4(6177 6588 6589 6178)
4(6571 6572 6589 6588)
4(6162 6179 6590 6573)
4(6178 6589 6590 6179)
4(6572 6573 6590 6589)
4(6179 6590 6591 6180)
4(6573 6574 6591 6590)
4(6164 6181 6592 6575)
4(510 549 6592 6181)
4(548 6575 6592 549)
4(6165 6182 6593 6576)
4(6181 6592 6593 6182)
4(6575 6576 6593 6592)
4(6166 6183 6594 6577)
4(6182 6593 6594 6183)
4(6576 6577 6594 6593)
4(6167 6184 6595 6578)
4(6183 6594 6595 6184)
4(6577 6578 6595 6594)
4(6168 6185 6596 6579)
4(6184 6595 6596 6185)
4(6578 6579 6596 6595)
4(6169 6186 6597 6580)
4(6185 6596 6597 6186)
4(6579 6580 6597 6596)
4(6170 6187 6598 6581)
4(6186 6597 6598 6187)
4(6580 6581 6598 6597)
4(6171 6188 6599 6582)
4(6187 6598 6599 6188)
4(6581 6582 6599 6598)
4(6172 6189 6600 6583)
4(6188 6599 6600 6189)
4(6582 6583 6600 6599)
4(6173 6190 6601 6584)
4(6189 6600 6601 6190)
4(6583 6584 6601 6600)
4(6174 6191 6602 6585)
4(6190 6601 6602 6191)
4(6584 6585 6602 6601)
4(6175 6192 6603 6586)
4(6191 6602 6603 6192)
4(6585 6586 6603 6602)
4(6176 6193 6604 6587)
4(6192 6603 6604 6193)
4(6586 6587 6604 6603)
4(6177 6194 6605 6588)
4(6193 6604 6605 6194)
4(6587 6588 6605 6604)
4(6178 6195 6606 6589)
4(6194 6605 6606 6195)
4(6588 6589 6606 6605)
4(6179 6196 6607 6590)
4(6195 6606 6607 6196)
4(6589 6590 6607 6606)
4(6196 6607 6608 6197)
4(6590 6591 6608 6607)
4(6181 6198 6609 6592)
4(512 550 6609 6198)
4(549 6592 6609 550)
4(6182 6199 6610 6593)
4(6198 6609 6610 6199)
4(6592 6593 6610 6609)
4(6183 6200 6611 6594)
4(6199 6610 6611 6200)
4(6593 6594 6611 6610)
4(6184 6201 6612 6595)
4(6200 6611 6612 6201)
4(6594 6595 6612 6611)
4(6185 6202 6613 6596)
4(6201 6612 6613 6202)
4(6595 6596 6613 6612)
4(6186 6203 6614 6597)
4(6202 6613 6614 6203)
4(6596 6597 6614 6613)
4(6187 6204 6615 6598)
4(6203 6614 6615 6204)
4(6597 6598 6615 6614)
4(6188 6205 6616 6599)
4(6204 6615 6616 6205)
4(6598 6599 6616 6615)
4(6189 6206 6617 6600)
4(6205 6616 6617 6206)
4(6599 6600 6617 6616)
4(6190 6207 6618 6601)
4(6206 6617 6618 6207)
4(6600 6601 6618 6617)
4(6191 6208 6619 6602)
4(6207 6618 6619 6208)
4(6601 6602 6619 6618)
4(6192 6209 6620 6603)
4(6208 6619 6620 6209)
4(6602 6603 6620 6619)
4(6193 6210 6621 6604)
4(6209 6620 6621 6210)
4(6603 6604 6621 6620)
4(6194 6211 6622 6605)
4(6210 6621 6622 6211)
4(6604 6605 6622 6621)
4(6195 6212 6623 6606)
4(6211 6622 6623 6212)
4(6605 6606 6623 6622)
4(6196 6213 6624 6607)
4(6212 6623 6624 6213)
4(6606 6607 6624 6623)
4(6213 6624 6625 6214)
4(6607 6608 6625 6624)
4(6198 6215 6626 6609)
4(514 551 6626 6215)
4(550 6609 6626 551)
4(6199 6216 6627 6610)
4(6215 6626 6627 6216)
4(6609 6610 6627 6626)
4(6200 6217 6628 6611)
4(6216 6627 6628 6217)
4(6610 6611 6628 6627)
4(6201 6218 6629 6612)
4(6217 6628 6629 6218)
4(6611 6612 6629 6628)
4(6202 6219 6630 6613)
4(6218 6629 6630 6219)
4(6612 6613 6630 6629)
4(6203 6220 6631 6614)
4(6219 6630 6631 6220)
4(6613 6614 6631 6630)
4(6204 6221 6632 6615)
4(6220 6631 6632 6221)
4(6614 6615 6632 6631)
4(6205 6222 6633 6616)
4(6221 6632 6633 6222)
4(6615 6616 6633 6632)
4(6206 6223 6634 6617)
4(6222 6633 6634 6223)
4(6616 6617 6634 6633)
4(6207 6224 6635 6618)
4(6223 6634 6635 6224)
4(6617 6618 6635 6634)
4(6208 6225 6636 6619)
4(6224 6635 6636 6225)
4(6618 6619 6636 6635)
4(6209 6226 6637 6620)
4(6225 6636 6637 6226)
4(6619 6620 6637 6636)
4(6210 6227 6638 6621)
4(6226 6637 6638 6227)
4(6620 6621 6638 6637)
4(6211 6228 6639 6622)
4(6227 6638 6639 6228)
4(6621 6622 6639 6638)
4(6212 6229 6640 6623)
4(6228 6639 6640 6229)
4(6622 6623 6640 6639)
4(6213 6230 6641 6624)
4(6229 6640 6641 6230)
4(6623 6624 6641 6640)
4(6230 6641 6642 6231)
4(6624 6625 6642 6641)
4(6215 6232 6643 6626)
4(516 552 6643 6232)
4(551 6626 6643 552)
4(6216 6233 6644 6627)
4(6232 6643 6644 6233)
4(6626 6627 6644 6643)
4(6217 6234 6645 6628)
4(6233 6644 6645 6234)
4(6627 6628 6645 6644)
4(6218 6235 6646 6629)
4(6234 6645 6646 6235)
4(6628 6629 6646 6645)
4(6219 6236 6647 6630)
4(6235 6646 6647 6236)
4(6629 6630 6647 6646)
4(6220 6237 6648 6631)
4(6236 6647 6648 6237)
4(6630 6631 6648 6647)
4(6221 6238 6649 6632)
4(6237 6648 6649 6238)
4(6631 6632 6649 6648)
4(6222 6239 6650 6633)
4(6238 6649 6650 6239)
4(6632 6633 6650 6649)
4(6223 6240 6651 6634)
4(6239 6650 6651 6240)
4(6633 6634 6651 6650)
4(6224 6241 6652 6635)
4(6240 6651 6652 6241)
4(6634 6635 6652 6651)
4(6225 6242 6653 6636)
4(6241 6652 6653 6242)
4(6635 6636 6653 6652)
4(6226 6243 6654 6637)
4(6242 6653 6654 6243)
4(6636 6637 6654 6653)
4(6227 6244 6655 6638)
4(6243 6654 6655 6244)
4(6637 6638 6655 6654)
4(6228 6245 6656 6639)
4(6244 6655 6656 6245)
4(6638 6639 6656 6655)
4(6229 6246 6657 6640)
4(6245 6656 6657 6246)
4(6639 6640 6657 6656)
4(6230 6247 6658 6641)
4(6246 6657 6658 6247)
4(6640 6641 6658 6657)
4(6247 6658 6659 6248)
4(6641 6642 6659 6658)
4(6232 6249 6660 6643)
4(518 553 6660 6249)
4(552 6643 6660 553)
4(6233 6250 6661 6644)
4(6249 6660 6661 6250)
4(6643 6644 6661 6660)
4(6234 6251 6662 6645)
4(6250 6661 6662 6251)
4(6644 6645 6662 6661)
4(6235 6252 6663 6646)
4(6251 6662 6663 6252)
4(6645 6646 6663 6662)
4(6236 6253 6664 6647)
4(6252 6663 6664 6253)
4(6646 6647 6664 6663)
4(6237 6254 6665 6648)
4(6253 6664 6665 6254)
4(6647 6648 6665 6664)
4(6238 6255 6666 6649)
4(6254 6665 6666 6255)
4(6648 6649 6666 6665)
4(6239 6256 6667 6650)
4(6255 6666 6667 6256)
4(6649 6650 6667 6666)
4(6240 6257 6668 6651)
4(6256 6667 6668 6257)
4(6650 6651 6668 6667)
4(6241 6258 6669 6652)
4(6257 6668 6669 6258)
4(6651 6652 6669 6668)
4(6242 6259 6670 6653)
4(6258 6669 6670 6259)
4(6652 6653 6670 6669)
4(6243 6260 6671 6654)
4(6259 6670 6671 6260)
4(6653 6654 6671 6670)
4(6244 6261 6672 6655)
4(6260 6671 6672 6261)
4(6654 6655 6672 6671)
4(6245 6262 6673 6656)
4(6261 6672 6673 6262)
4(6655 6656 6673 6672)
4(6246 6263 6674 6657)
4(6262 6673 6674 6263)
4(6656 6657 6674 6673)
4(6247 6264 6675 6658)
4(6263 6674 6675 6264)
4(6657 6658 6675 6674)
4(6264 6675 6676 6265)
4(6658 6659 6676 6675)
4(6249 6266 6677 6660)
4(520 554 6677 6266)
4(553 6660 6677 554)
4(6250 6267 6678 6661)
4(6266 6677 6678 6267)
4(6660 6661 6678 6677)
4(6251 6268 6679 6662)
4(6267 6678 6679 6268)
4(6661 6662 6679 6678)
4(6252 6269 6680 6663)
4(6268 6679 6680 6269)
4(6662 6663 6680 6679)
4(6253 6270 6681 6664)
4(6269 6680 6681 6270)
4(6663 6664 6681 6680)
4(6254 6271 6682 6665)
4(6270 6681 6682 6271)
4(6664 6665 6682 6681)
4(6255 6272 6683 6666)
4(6271 6682 6683 6272)
4(6665 6666 6683 6682)
4(6256 6273 6684 6667)
4(6272 6683 6684 6273)
4(6666 6667 6684 6683)
4(6257 6274 6685 6668)
4(6273 6684 6685 6274)
4(6667 6668 6685 6684)
4(6258 6275 6686 6669)
4(6274 6685 6686 6275)
4(6668 6669 6686 6685)
4(6259 6276 6687 6670)
4(6275 6686 6687 6276)
4(6669 6670 6687 6686)
4(6260 6277 6688 6671)
4(6276 6687 6688 6277)
4(6670 6671 6688 6687)
4(6261 6278 6689 6672)
4(6277 6688 6689 6278)
4(6671 6672 6689 6688)
4(6262 6279 6690 6673)
4(6278 6689 6690 6279)
4(6672 6673 6690 6689)
4(6263 6280 6691 6674)
4(6279 6690 6691 6280)
4(6673 6674 6691 6690)
4(6264 6281 6692 6675)
4(6280 6691 6692 6281)
4(6674 6675 6692 6691)
4(6281 6692 6693 6282)
4(6675 6676 6693 6692)
4(6266 6283 6694 6677)
4(522 555 6694 6283)
4(554 6677 6694 555)
4(6267 6284 6695 6678)
4(6283 6694 6695 6284)
4(6677 6678 6695 6694)
4(6268 6285 6696 6679)
4(6284 6695 6696 6285)
4(6678 6679 6696 6695)
4(6269 6286 6697 6680)
4(6285 6696 6697 6286)
4(6679 6680 6697 6696)
4(6270 6287 6698 6681)
4(6286 6697 6698 6287)
4(6680 6681 6698 6697)
4(6271 6288 6699 6682)
4(6287 6698 6699 6288)
4(6681 6682 6699 6698)
4(6272 6289 6700 6683)
4(6288 6699 6700 6289)
4(6682 6683 6700 6699)
4(6273 6290 6701 6684)
4(6289 6700 6701 6290)
4(6683 6684 6701 6700)
4(6274 6291 6702 6685)
4(6290 6701 6702 6291)
4(6684 6685 6702 6701)
4(6275 6292 6703 6686)
4(6291 6702 6703 6292)
4(6685 6686 6703 6702)
4(6276 6293 6704 6687)
4(6292 6703 6704 6293)
4(6686 6687 6704 6703)
4(6277 6294 6705 6688)
4(6293 6704 6705 6294)
4(6687 6688 6705 6704)
4(6278 6295 6706 6689)
4(6294 6705 6706 6295)
4(6688 6689 6706 6705)
4(6279 6296 6707 6690)
4(6295 6706 6707 6296)
4(6689 6690 6707 6706)
4(6280 6297 6708 6691)
4(6296 6707 6708 6297)
4(6690 6691 6708 6707)
4(6281 6298 6709 6692)
4(6297 6708 6709 6298)
4(6691 6692 6709 6708)
4(6298 6709 6710 6299)
4(6692 6693 6710 6709)
4(6283 6300 6711 6694)
4(524 556 6711 6300)
4(555 6694 6711 556)
4(6284 6301 6712 6695)
4(6300 6711 6712 6301)
4(6694 6695 6712 6711)
4(6285 6302 6713 6696)
4(6301 6712 6713 6302)
4(6695 6696 6713 6712)
4(6286 6303 6714 6697)
4(6302 6713 6714 6303)
4(6696 6697 6714 6713)
4(6287 6304 6715 6698)
4(6303 6714 6715 6304)
4(6697 6698 6715 6714)
4(6288 6305 6716 6699)
4(6304 6715 6716 6305)
4(6698 6699 6716 6715)
4(6289 6306 6717 6700)
4(6305 6716 6717 6306)
4(6699 6700 6717 6716)
4(6290 6307 6718 6701)
4(6306 6717 6718 6307)
4(6700 6701 6718 6717)
4(6291 6308 6719 6702)
4(6307 6718 6719 6308)
4(6701 6702 6719 6718)
4(6292 6309 6720 6703)
4(6308 6719 6720 6309)
4(6702 6703 6720 6719)
4(6293 6310 6721 6704)
4(6309 6720 6721 6310)
4(6703 6704 6721 6720)
4(6294 6311 6722 6705)
4(6310 6721 6722 6311)
4(6704 6705 6722 6721)
4(6295 6312 6723 6706)
4(6311 6722 6723 6312)
4(6705 6706 6723 6722)
4(6296 6313 6724 6707)
4(6312 6723 6724 6313)
4(6706 6707 6724 6723)
4(6297 6314 6725 6708)
4(6313 6724 6725 6314)
4(6707 6708 6725 6724)
4(6298 6315 6726 6709)
4(6314 6725 6726 6315)
4(6708 6709 6726 6725)
4(6315 6726 6727 6316)
4(6709 6710 6727 6726)
4(6300 6317 6728 6711)
4(526 557 6728 6317)
4(556 6711 6728 557)
4(6301 6318 6729 6712)
4(6317 6728 6729 6318)
4(6711 6712 6729 6728)
4(6302 6319 6730 6713)
4(6318 6729 6730 6319)
4(6712 6713 6730 6729)
4(6303 6320 6731 6714)
4(6319 6730 6731 6320)
4(6713 6714 6731 6730)
4(6304 6321 6732 6715)
4(6320 6731 6732 6321)
4(6714 6715 6732 6731)
4(6305 6322 6733 6716)
4(6321 6732 6733 6322)
4(6715 6716 6733 6732)
4(6306 6323 6734 6717)
4(6322 6733 6734 6323)
4(6716 6717 6734 6733)
4(6307 6324 6735 6718)
4(6323 6734 6735 6324)
4(6717 6718 6735 6734)
4(6308 6325 6736 6719)
4(6324 6735 6736 6325)
4(6718 6719 6736 6735)
4(6309 6326 6737 6720)
4(6325 6736 6737 6326)
4(6719 6720 6737 6736)
4(6310 6327 6738 6721)
4(6326 6737 6738 6327)
4(6720 6721 6738 6737)
4(6311 6328 6739 6722)
4(6327 6738 6739 6328)
4(6721 6722 6739 6738)
4(6312 6329 6740 6723)
4(6328 6739 6740 6329)
4(6722 6723 6740 6739)
4(6313 6330 6741 6724)
4(6329 6740 6741 6330)
4(6723 6724 6741 6740)
4(6314 6331 6742 6725)
4(6330 6741 6742 6331)
4(6724 6725 6742 6741)
4(6315 6332 6743 6726)
4(6331 6742 6743 6332)
4(6725 6726 6743 6742)
4(6332 6743 6744 6333)
4(6726 6727 6744 6743)
4(6317 6334 6745 6728)
4(528 558 6745 6334)
4(557 6728 6745 558)
4(6318 6335 6746 6729)
4(6334 6745 6746 6335)
4(6728 6729 6746 6745)
4(6319 6336 6747 6730)
4(6335 6746 6747 6336)
4(6729 6730 6747 6746)
4(6320 6337 6748 6731)
4(6336 6747 6748 6337)
4(6730 6731 6748 6747)
4(6321 6338 6749 6732)
4(6337 6748 6749 6338)
4(6731 6732 6749 6748)
4(6322 6339 6750 6733)
4(6338 6749 6750 6339)
4(6732 6733 6750 6749)
4(6323 6340 6751 6734)
4(6339 6750 6751 6340)
4(6733 6734 6751 6750)
4(6324 6341 6752 6735)
4(6340 6751 6752 6341)
4(6734 6735 6752 6751)
4(6325 6342 6753 6736)
4(6341 6752 6753 6342)
4(6735 6736 6753 6752)
4(6326 6343 6754 6737)
4(6342 6753 6754 6343)
4(6736 6737 6754 6753)
4(6327 6344 6755 6738)
4(6343 6754 6755 6344)
4(6737 6738 6755 6754)
4(6328 6345 6756 6739)
4(6344 6755 6756 6345)
4(6738 6739 6756 6755)
4(6329 6346 6757 6740)
4(6345 6756 6757 6346)
4(6739 6740 6757 6756)
4(6330 6347 6758 6741)
4(6346 6757 6758 6347)
4(6740 6741 6758 6757)
4(6331 6348 6759 6742)
4(6347 6758 6759 6348)
4(6741 6742 6759 6758)
4(6332 6349 6760 6743)
4(6348 6759 6760 6349)
4(6742 6743 6760 6759)
4(6349 6760 6761 6350)
4(6743 6744 6761 6760)
4(6334 6351 6762 6745)
4(530 559 6762 6351)
4(558 6745 6762 559)
4(6335 6352 6763 6746)
4(6351 6762 6763 6352)
4(6745 6746 6763 6762)
4(6336 6353 6764 6747)
4(6352 6763 6764 6353)
4(6746 6747 6764 6763)
4(6337 6354 6765 6748)
4(6353 6764 6765 6354)
4(6747 6748 6765 6764)
4(6338 6355 6766 6749)
4(6354 6765 6766 6355)
4(6748 6749 6766 6765)
4(6339 6356 6767 6750)
4(6355 6766 6767 6356)
4(6749 6750 6767 6766)
4(6340 6357 6768 6751)
4(6356 6767 6768 6357)
4(6750 6751 6768 6767)
4(6341 6358 6769 6752)
4(6357 6768 6769 6358)
4(6751 6752 6769 6768)
4(6342 6359 6770 6753)
4(6358 6769 6770 6359)
4(6752 6753 6770 6769)
4(6343 6360 6771 6754)
4(6359 6770 6771 6360)
4(6753 6754 6771 6770)
4(6344 6361 6772 6755)
4(6360 6771 6772 6361)
4(6754 6755 6772 6771)
4(6345 6362 6773 6756)
4(6361 6772 6773 6362)
4(6755 6756 6773 6772)
4(6346 6363 6774 6757)
4(6362 6773 6774 6363)
4(6756 6757 6774 6773)
4(6347 6364 6775 6758)
4(6363 6774 6775 6364)
4(6757 6758 6775 6774)
4(6348 6365 6776 6759)
4(6364 6775 6776 6365)
4(6758 6759 6776 6775)
4(6349 6366 6777 6760)
4(6365 6776 6777 6366)
4(6759 6760 6777 6776)
4(6366 6777 6778 6367)
4(6760 6761 6778 6777)
4(6351 6368 6779 6762)
4(532 560 6779 6368)
4(559 6762 6779 560)
4(6352 6369 6780 6763)
4(6368 6779 6780 6369)
4(6762 6763 6780 6779)
4(6353 6370 6781 6764)
4(6369 6780 6781 6370)
4(6763 6764 6781 6780)
4(6354 6371 6782 6765)
4(6370 6781 6782 6371)
4(6764 6765 6782 6781)
4(6355 6372 6783 6766)
4(6371 6782 6783 6372)
4(6765 6766 6783 6782)
4(6356 6373 6784 6767)
4(6372 6783 6784 6373)
4(6766 6767 6784 6783)
4(6357 6374 6785 6768)
4(6373 6784 6785 6374)
4(6767 6768 6785 6784)
4(6358 6375 6786 6769)
4(6374 6785 6786 6375)
4(6768 6769 6786 6785)
4(6359 6376 6787 6770)
4(6375 6786 6787 6376)
4(6769 6770 6787 6786)
4(6360 6377 6788 6771)
4(6376 6787 6788 6377)
4(6770 6771 6788 6787)
4(6361 6378 6789 6772)
4(6377 6788 6789 6378)
4(6771 6772 6789 6788)
4(6362 6379 6790 6773)
4(6378 6789 6790 6379)
4(6772 6773 6790 6789)
4(6363 6380 6791 6774)
4(6379 6790 6791 6380)
4(6773 6774 6791 6790)
4(6364 6381 6792 6775)
4(6380 6791 6792 6381)
4(6774 6775 6792 6791)
4(6365 6382 6793 6776)
4(6381 6792 6793 6382)
4(6775 6776 6793 6792)
4(6366 6383 6794 6777)
4(6382 6793 6794 6383)
4(6776 6777 6794 6793)
4(6383 6794 6795 6384)
4(6777 6778 6795 6794)
4(6368 6385 6796 6779)
4(534 561 6796 6385)
4(560 6779 6796 561)
4(6369 6386 6797 6780)
4(6385 6796 6797 6386)
4(6779 6780 6797 6796)
4(6370 6387 6798 6781)
4(6386 6797 6798 6387)
4(6780 6781 6798 6797)
4(6371 6388 6799 6782)
4(6387 6798 6799 6388)
4(6781 6782 6799 6798)
4(6372 6389 6800 6783)
4(6388 6799 6800 6389)
4(6782 6783 6800 6799)
4(6373 6390 6801 6784)
4(6389 6800 6801 6390)
4(6783 6784 6801 6800)
4(6374 6391 6802 6785)
4(6390 6801 6802 6391)
4(6784 6785 6802 6801)
4(6375 6392 6803 6786)
4(6391 6802 6803 6392)
4(6785 6786 6803 6802)
4(6376 6393 6804 6787)
4(6392 6803 6804 6393)
4(6786 6787 6804 6803)
4(6377 6394 6805 6788)
4(6393 6804 6805 6394)
4(6787 6788 6805 6804)
4(6378 6395 6806 6789)
4(6394 6805 6806 6395)
4(6788 6789 6806 6805)
4(6379 6396 6807 6790)
4(6395 6806 6807 6396)
4(6789 6790 6807 6806)
4(6380 6397 6808 6791)
4(6396 6807 6808 6397)
4(6790 6791 6808 6807)
4(6381 6398 6809 6792)
4(6397 6808 6809 6398)
4(6791 6792 6809 6808)
4(6382 6399 6810 6793)
4(6398 6809 6810 6399)
4(6792 6793 6810 6809)
4(6383 6400 6811 6794)
4(6399 6810 6811 6400)
4(6793 6794 6811 6810)
4(6400 6811 6812 6401)
4(6794 6795 6812 6811)
4(6385 6402 6813 6796)
4(536 562 6813 6402)
4(561 6796 6813 562)
4(6386 6403 6814 6797)
4(6402 6813 6814 6403)
4(6796 6797 6814 6813)
4(6387 6404 6815 6798)
4(6403 6814 6815 6404)
4(6797 6798 6815 6814)
4(6388 6405 6816 6799)
4(6404 6815 6816 6405)
4(6798 6799 6816 6815)
4(6389 6406 6817 6800)
4(6405 6816 6817 6406)
4(6799 6800 6817 6816)
4(6390 6407 6818 6801)
4(6406 6817 6818 6407)
4(6800 6801 6818 6817)
4(6391 6408 6819 6802)
4(6407 6818 6819 6408)
4(6801 6802 6819 6818)
4(6392 6409 6820 6803)
4(6408 6819 6820 6409)
4(6802 6803 6820 6819)
4(6393 6410 6821 6804)
4(6409 6820 6821 6410)
4(6803 6804 6821 6820)
4(6394 6411 6822 6805)
4(6410 6821 6822 6411)
4(6804 6805 6822 6821)
4(6395 6412 6823 6806)
4(6411 6822 6823 6412)
4(6805 6806 6823 6822)
4(6396 6413 6824 6807)
4(6412 6823 6824 6413)
4(6806 6807 6824 6823)
4(6397 6414 6825 6808)
4(6413 6824 6825 6414)
4(6807 6808 6825 6824)
4(6398 6415 6826 6809)
4(6414 6825 6826 6415)
4(6808 6809 6826 6825)
4(6399 6416 6827 6810)
4(6415 6826 6827 6416)
4(6809 6810 6827 6826)
4(6400 6417 6828 6811)
4(6416 6827 6828 6417)
4(6810 6811 6828 6827)
4(6417 6828 6829 6418)
4(6811 6812 6829 6828)
4(6402 6419 6830 6813)
4(538 563 6830 6419)
4(562 6813 6830 563)
4(6403 6420 6831 6814)
4(6419 6830 6831 6420)
4(6813 6814 6831 6830)
4(6404 6421 6832 6815)
4(6420 6831 6832 6421)
4(6814 6815 6832 6831)
4(6405 6422 6833 6816)
4(6421 6832 6833 6422)
4(6815 6816 6833 6832)
4(6406 6423 6834 6817)
4(6422 6833 6834 6423)
4(6816 6817 6834 6833)
4(6407 6424 6835 6818)
4(6423 6834 6835 6424)
4(6817 6818 6835 6834)
4(6408 6425 6836 6819)
4(6424 6835 6836 6425)
4(6818 6819 6836 6835)
4(6409 6426 6837 6820)
4(6425 6836 6837 6426)
4(6819 6820 6837 6836)
4(6410 6427 6838 6821)
4(6426 6837 6838 6427)
4(6820 6821 6838 6837)
4(6411 6428 6839 6822)
4(6427 6838 6839 6428)
4(6821 6822 6839 6838)
4(6412 6429 6840 6823)
4(6428 6839 6840 6429)
4(6822 6823 6840 6839)
4(6413 6430 6841 6824)
4(6429 6840 6841 6430)
4(6823 6824 6841 6840)
4(6414 6431 6842 6825)
4(6430 6841 6842 6431)
4(6824 6825 6842 6841)
4(6415 6432 6843 6826)
4(6431 6842 6843 6432)
4(6825 6826 6843 6842)
4(6416 6433 6844 6827)
4(6432 6843 6844 6433)
4(6826 6827 6844 6843)
4(6417 6434 6845 6828)
4(6433 6844 6845 6434)
4(6827 6828 6845 6844)
4(6434 6845 6846 6435)
4(6828 6829 6846 6845)
4(6419 6436 6847 6830)
4(540 564 6847 6436)
4(563 6830 6847 564)
4(6420 6437 6848 6831)
4(6436 6847 6848 6437)
4(6830 6831 6848 6847)
4(6421 6438 6849 6832)
4(6437 6848 6849 6438)
4(6831 6832 6849 6848)
4(6422 6439 6850 6833)
4(6438 6849 6850 6439)
4(6832 6833 6850 6849)
4(6423 6440 6851 6834)
4(6439 6850 6851 6440)
4(6833 6834 6851 6850)
4(6424 6441 6852 6835)
4(6440 6851 6852 6441)
4(6834 6835 6852 6851)
4(6425 6442 6853 6836)
4(6441 6852 6853 6442)
4(6835 6836 6853 6852)
4(6426 6443 6854 6837)
4(6442 6853 6854 6443)
4(6836 6837 6854 6853)
4(6427 6444 6855 6838)
4(6443 6854 6855 6444)
4(6837 6838 6855 6854)
4(6428 6445 6856 6839)
4(6444 6855 6856 6445)
4(6838 6839 6856 6855)
4(6429 6446 6857 6840)
4(6445 6856 6857 6446)
4(6839 6840 6857 6856)
4(6430 6447 6858 6841)
4(6446 6857 6858 6447)
4(6840 6841 6858 6857)
4(6431 6448 6859 6842)
4(6447 6858 6859 6448)
4(6841 6842 6859 6858)
4(6432 6449 6860 6843)
4(6448 6859 6860 6449)
4(6842 6843 6860 6859)
4(6433 6450 6861 6844)
4(6449 6860 6861 6450)
4(6843 6844 6861 6860)
4(6434 6451 6862 6845)
4(6450 6861 6862 6451)
4(6844 6845 6862 6861)
4(6451 6862 6863 6452)
4(6845 6846 6863 6862)
4(6436 6453 6864 6847)
4(2 565 6864 6453)
4(564 6847 6864 565)
4(6437 6454 6865 6848)
4(6453 6864 6865 6454)
4(6847 6848 6865 6864)
4(6438 6455 6866 6849)
4(6454 6865 6866 6455)
4(6848 6849 6866 6865)
4(6439 107 6867 6850)
4(6455 6866 6867 107)
4(6849 6850 6867 6866)
4(6440 108 6868 6851)
4(107 6867 6868 108)
4(6850 6851 6868 6867)
4(6441 110 144 6852)
4(108 6868 144 110)
4(6851 6852 144 6868)
4(6442 112 145 6853)
4(6852 6853 145 144)
4(110 144 145 112)
4(6443 114 146 6854)
4(6853 6854 146 145)
4(112 145 146 114)
4(6444 116 147 6855)
4(6854 6855 147 146)
4(114 146 147 116)
4(6445 118 148 6856)
4(6855 6856 148 147)
4(116 147 148 118)
4(6446 120 149 6857)
4(6856 6857 149 148)
4(118 148 149 120)
4(6447 122 150 6858)
4(6857 6858 150 149)
4(120 149 150 122)
4(6448 124 151 6859)
4(6858 6859 151 150)
4(122 150 151 124)
4(6449 126 152 6860)
4(6859 6860 152 151)
4(124 151 152 126)
4(6450 128 153 6861)
4(6860 6861 153 152)
4(126 152 153 128)
4(6451 130 154 6862)
4(6861 6862 154 153)
4(128 153 154 130)
4(6862 6863 155 154)
4(130 154 155 132)
4(6453 134 156 6864)
4(565 6864 156 53)
4(36 53 156 134)
4(6454 136 157 6865)
4(6864 6865 157 156)
4(134 156 157 136)
4(6455 138 158 6866)
4(6865 6866 158 157)
4(136 157 158 138)
4(107 141 159 6867)
4(6866 6867 159 158)
4(138 158 159 141)
4(108 142 160 6868)
4(6867 6868 160 159)
4(107 141 142 108)
4(141 159 160 142)
4(6868 144 161 160)
4(108 142 143 110)
4(110 143 161 144)
4(142 160 161 143)
4(6456 6473 6886 6869)
4(541 566 6886 6473)
4(567 6869 6886 566)
4(6457 6474 6887 6870)
4(6473 6886 6887 6474)
4(6869 6870 6887 6886)
4(6458 6475 6888 6871)
4(6474 6887 6888 6475)
4(6870 6871 6888 6887)
4(6459 6476 6889 6872)
4(6475 6888 6889 6476)
4(6871 6872 6889 6888)
4(6460 6477 6890 6873)
4(6476 6889 6890 6477)
4(6872 6873 6890 6889)
4(6461 6478 6891 6874)
4(6477 6890 6891 6478)
4(6873 6874 6891 6890)
4(6462 6479 6892 6875)
4(6478 6891 6892 6479)
4(6874 6875 6892 6891)
4(6463 6480 6893 6876)
4(6479 6892 6893 6480)
4(6875 6876 6893 6892)
4(6464 6481 6894 6877)
4(6480 6893 6894 6481)
4(6876 6877 6894 6893)
4(6465 6482 6895 6878)
4(6481 6894 6895 6482)
4(6877 6878 6895 6894)
4(6466 6483 6896 6879)
4(6482 6895 6896 6483)
4(6878 6879 6896 6895)
4(6467 6484 6897 6880)
4(6483 6896 6897 6484)
4(6879 6880 6897 6896)
4(6468 6485 6898 6881)
4(6484 6897 6898 6485)
4(6880 6881 6898 6897)
4(6469 6486 6899 6882)
4(6485 6898 6899 6486)
4(6881 6882 6899 6898)
4(6470 6487 6900 6883)
4(6486 6899 6900 6487)
4(6882 6883 6900 6899)
4(6471 6488 6901 6884)
4(6487 6900 6901 6488)
4(6883 6884 6901 6900)
4(6488 6901 6902 6489)
4(6884 6885 6902 6901)
4(6473 6490 6903 6886)
4(543 568 6903 6490)
4(566 6886 6903 568)
4(6474 6491 6904 6887)
4(6490 6903 6904 6491)
4(6886 6887 6904 6903)
4(6475 6492 6905 6888)
4(6491 6904 6905 6492)
4(6887 6888 6905 6904)
4(6476 6493 6906 6889)
4(6492 6905 6906 6493)
4(6888 6889 6906 6905)
4(6477 6494 6907 6890)
4(6493 6906 6907 6494)
4(6889 6890 6907 6906)
4(6478 6495 6908 6891)
4(6494 6907 6908 6495)
4(6890 6891 6908 6907)
4(6479 6496 6909 6892)
4(6495 6908 6909 6496)
4(6891 6892 6909 6908)
4(6480 6497 6910 6893)
4(6496 6909 6910 6497)
4(6892 6893 6910 6909)
4(6481 6498 6911 6894)
4(6497 6910 6911 6498)
4(6893 6894 6911 6910)
4(6482 6499 6912 6895)
4(6498 6911 6912 6499)
4(6894 6895 6912 6911)
4(6483 6500 6913 6896)
4(6499 6912 6913 6500)
4(6895 6896 6913 6912)
4(6484 6501 6914 6897)
4(6500 6913 6914 6501)
4(6896 6897 6914 6913)
4(6485 6502 6915 6898)
4(6501 6914 6915 6502)
4(6897 6898 6915 6914)
4(6486 6503 6916 6899)
4(6502 6915 6916 6503)
4(6898 6899 6916 6915)
4(6487 6504 6917 6900)
4(6503 6916 6917 6504)
4(6899 6900 6917 6916)
4(6488 6505 6918 6901)
4(6504 6917 6918 6505)
4(6900 6901 6918 6917)
4(6505 6918 6919 6506)
4(6901 6902 6919 6918)
4(6490 6507 6920 6903)
4(544 569 6920 6507)
4(568 6903 6920 569)
4(6491 6508 6921 6904)
4(6507 6920 6921 6508)
4(6903 6904 6921 6920)
4(6492 6509 6922 6905)
4(6508 6921 6922 6509)
4(6904 6905 6922 6921)
4(6493 6510 6923 6906)
4(6509 6922 6923 6510)
4(6905 6906 6923 6922)
4(6494 6511 6924 6907)
4(6510 6923 6924 6511)
4(6906 6907 6924 6923)
4(6495 6512 6925 6908)
4(6511 6924 6925 6512)
4(6907 6908 6925 6924)
4(6496 6513 6926 6909)
4(6512 6925 6926 6513)
4(6908 6909 6926 6925)
4(6497 6514 6927 6910)
4(6513 6926 6927 6514)
4(6909 6910 6927 6926)
4(6498 6515 6928 6911)
4(6514 6927 6928 6515)
4(6910 6911 6928 6927)
4(6499 6516 6929 6912)
4(6515 6928 6929 6516)
4(6911 6912 6929 6928)
4(6500 6517 6930 6913)
4(6516 6929 6930 6517)
4(6912 6913 6930 6929)
4(6501 6518 6931 6914)
4(6517 6930 6931 6518)
4(6913 6914 6931 6930)
4(6502 6519 6932 6915)
4(6518 6931 6932 6519)
4(6914 6915 6932 6931)
4(6503 6520 6933 6916)
4(6519 6932 6933 6520)
4(6915 6916 6933 6932)
4(6504 6521 6934 6917)
4(6520 6933 6934 6521)
4(6916 6917 6934 6933)
4(6505 6522 6935 6918)
4(6521 6934 6935 6522)
4(6917 6918 6935 6934)
4(6522 6935 6936 6523)
4(6918 6919 6936 6935)
4(6507 6524 6937 6920)
4(545 570 6937 6524)
4(569 6920 6937 570)
4(6508 6525 6938 6921)
4(6524 6937 6938 6525)
4(6920 6921 6938 6937)
4(6509 6526 6939 6922)
4(6525 6938 6939 6526)
4(6921 6922 6939 6938)
4(6510 6527 6940 6923)
4(6526 6939 6940 6527)
4(6922 6923 6940 6939)
4(6511 6528 6941 6924)
4(6527 6940 6941 6528)
4(6923 6924 6941 6940)
4(6512 6529 6942 6925)
4(6528 6941 6942 6529)
4(6924 6925 6942 6941)
4(6513 6530 6943 6926)
4(6529 6942 6943 6530)
4(6925 6926 6943 6942)
4(6514 6531 6944 6927)
4(6530 6943 6944 6531)
4(6926 6927 6944 6943)
4(6515 6532 6945 6928)
4(6531 6944 6945 6532)
4(6927 6928 6945 6944)
4(6516 6533 6946 6929)
4(6532 6945 6946 6533)
4(6928 6929 6946 6945)
4(6517 6534 6947 6930)
4(6533 6946 6947 6534)
4(6929 6930 6947 6946)
4(6518 6535 6948 6931)
4(6534 6947 6948 6535)
4(6930 6931 6948 6947)
4(6519 6536 6949 6932)
4(6535 6948 6949 6536)
4(6931 6932 6949 6948)
4(6520 6537 6950 6933)
4(6536 6949 6950 6537)
4(6932 6933 6950 6949)
4(6521 6538 6951 6934)
4(6537 6950 6951 6538)
4(6933 6934 6951 6950)
4(6522 6539 6952 6935)
4(6538 6951 6952 6539)
4(6934 6935 6952 6951)
4(6539 6952 6953 6540)
4(6935 6936 6953 6952)
4(6524 6541 6954 6937)
4(546 571 6954 6541)
4(570 6937 6954 571)
4(6525 6542 6955 6938)
4(6541 6954 6955 6542)
4(6937 6938 6955 6954)
4(6526 6543 6956 6939)
4(6542 6955 6956 6543)
4(6938 6939 6956 6955)
4(6527 6544 6957 6940)
4(6543 6956 6957 6544)
4(6939 6940 6957 6956)
4(6528 6545 6958 6941)
4(6544 6957 6958 6545)
4(6940 6941 6958 6957)
4(6529 6546 6959 6942)
4(6545 6958 6959 6546)
4(6941 6942 6959 6958)
4(6530 6547 6960 6943)
4(6546 6959 6960 6547)
4(6942 6943 6960 6959)
4(6531 6548 6961 6944)
4(6547 6960 6961 6548)
4(6943 6944 6961 6960)
4(6532 6549 6962 6945)
4(6548 6961 6962 6549)
4(6944 6945 6962 6961)
4(6533 6550 6963 6946)
4(6549 6962 6963 6550)
4(6945 6946 6963 6962)
4(6534 6551 6964 6947)
4(6550 6963 6964 6551)
4(6946 6947 6964 6963)
4(6535 6552 6965 6948)
4(6551 6964 6965 6552)
4(6947 6948 6965 6964)
4(6536 6553 6966 6949)
4(6552 6965 6966 6553)
4(6948 6949 6966 6965)
4(6537 6554 6967 6950)
4(6553 6966 6967 6554)
4(6949 6950 6967 6966)
4(6538 6555 6968 6951)
4(6554 6967 6968 6555)
4(6950 6951 6968 6967)
4(6539 6556 6969 6952)
4(6555 6968 6969 6556)
4(6951 6952 6969 6968)
4(6556 6969 6970 6557)
4(6952 6953 6970 6969)
4(6541 6558 6971 6954)
4(547 572 6971 6558)
4(571 6954 6971 572)
4(6542 6559 6972 6955)
4(6558 6971 6972 6559)
4(6954 6955 6972 6971)
4(6543 6560 6973 6956)
4(6559 6972 6973 6560)
4(6955 6956 6973 6972)
4(6544 6561 6974 6957)
4(6560 6973 6974 6561)
4(6956 6957 6974 6973)
4(6545 6562 6975 6958)
4(6561 6974 6975 6562)
4(6957 6958 6975 6974)
4(6546 6563 6976 6959)
4(6562 6975 6976 6563)
4(6958 6959 6976 6975)
4(6547 6564 6977 6960)
4(6563 6976 6977 6564)
4(6959 6960 6977 6976)
4(6548 6565 6978 6961)
4(6564 6977 6978 6565)
4(6960 6961 6978 6977)
4(6549 6566 6979 6962)
4(6565 6978 6979 6566)
4(6961 6962 6979 6978)
4(6550 6567 6980 6963)
4(6566 6979 6980 6567)
4(6962 6963 6980 6979)
4(6551 6568 6981 6964)
4(6567 6980 6981 6568)
4(6963 6964 6981 6980)
4(6552 6569 6982 6965)
4(6568 6981 6982 6569)
4(6964 6965 6982 6981)
4(6553 6570 6983 6966)
4(6569 6982 6983 6570)
4(6965 6966 6983 6982)
4(6554 6571 6984 6967)
4(6570 6983 6984 6571)
4(6966 6967 6984 6983)
4(6555 6572 6985 6968)
4(6571 6984 6985 6572)
4(6967 6968 6985 6984)
4(6556 6573 6986 6969)
4(6572 6985 6986 6573)
4(6968 6969 6986 6985)
4(6573 6986 6987 6574)
4(6969 6970 6987 6986)
4(6558 6575 6988 6971)
4(548 573 6988 6575)
4(572 6971 6988 573)
4(6559 6576 6989 6972)
4(6575 6988 6989 6576)
4(6971 6972 6989 6988)
4(6560 6577 6990 6973)
4(6576 6989 6990 6577)
4(6972 6973 6990 6989)
4(6561 6578 6991 6974)
4(6577 6990 6991 6578)
4(6973 6974 6991 6990)
4(6562 6579 6992 6975)
4(6578 6991 6992 6579)
4(6974 6975 6992 6991)
4(6563 6580 6993 6976)
4(6579 6992 6993 6580)
4(6975 6976 6993 6992)
4(6564 6581 6994 6977)
4(6580 6993 6994 6581)
4(6976 6977 6994 6993)
4(6565 6582 6995 6978)
4(6581 6994 6995 6582)
4(6977 6978 6995 6994)
4(6566 6583 6996 6979)
4(6582 6995 6996 6583)
4(6978 6979 6996 6995)
4(6567 6584 6997 6980)
4(6583 6996 6997 6584)
4(6979 6980 6997 6996)
4(6568 6585 6998 6981)
4(6584 6997 6998 6585)
4(6980 6981 6998 6997)
4(6569 6586 6999 6982)
4(6585 6998 6999 6586)
4(6981 6982 6999 6998)
4(6570 6587 7000 6983)
4(6586 6999 7000 6587)
4(6982 6983 7000 6999)
4(6571 6588 7001 6984)
4(6587 7000 7001 6588)
4(6983 6984 7001 7000)
4(6572 6589 7002 6985)
4(6588 7001 7002 6589)
4(6984 6985 7002 7001)
4(6573 6590 7003 6986)
4(6589 7002 7003 6590)
4(6985 6986 7003 7002)
4(6590 7003 7004 6591)
4(6986 6987 7004 7003)
4(6575 6592 7005 6988)
4(549 574 7005 6592)
4(573 6988 7005 574)
4(6576 6593 7006 6989)
4(6592 7005 7006 6593)
4(6988 6989 7006 7005)
4(6577 6594 7007 6990)
4(6593 7006 7007 6594)
4(6989 6990 7007 7006)
4(6578 6595 7008 6991)
4(6594 7007 7008 6595)
4(6990 6991 7008 7007)
4(6579 6596 7009 6992)
4(6595 7008 7009 6596)
4(6991 6992 7009 7008)
4(6580 6597 7010 6993)
4(6596 7009 7010 6597)
4(6992 6993 7010 7009)
4(6581 6598 7011 6994)
4(6597 7010 7011 6598)
4(6993 6994 7011 7010)
4(6582 6599 7012 6995)
4(6598 7011 7012 6599)
4(6994 6995 7012 7011)
4(6583 6600 7013 6996)
4(6599 7012 7013 6600)
4(6995 6996 7013 7012)
4(6584 6601 7014 6997)
4(6600 7013 7014 6601)
4(6996 6997 7014 7013)
4(6585 6602 7015 6998)
4(6601 7014 7015 6602)
4(6997 6998 7015 7014)
4(6586 6603 7016 6999)
4(6602 7015 7016 6603)
4(6998 6999 7016 7015)
4(6587 6604 7017 7000)
4(6603 7016 7017 6604)
4(6999 7000 7017 7016)
4(6588 6605 7018 7001)
4(6604 7017 7018 6605)
4(7000 7001 7018 7017)
4(6589 6606 7019 7002)
4(6605 7018 7019 6606)
4(7001 7002 7019 7018)
4(6590 6607 7020 7003)
4(6606 7019 7020 6607)
4(7002 7003 7020 7019)
4(6607 7020 7021 6608)
4(7003 7004 7021 7020)
4(6592 6609 7022 7005)
4(550 575 7022 6609)
4(574 7005 7022 575)
4(6593 6610 7023 7006)
4(6609 7022 7023 6610)
4(7005 7006 7023 7022)
4(6594 6611 7024 7007)
4(6610 7023 7024 6611)
4(7006 7007 7024 7023)
4(6595 6612 7025 7008)
4(6611 7024 7025 6612)
4(7007 7008 7025 7024)
4(6596 6613 7026 7009)
4(6612 7025 7026 6613)
4(7008 7009 7026 7025)
4(6597 6614 7027 7010)
4(6613 7026 7027 6614)
4(7009 7010 7027 7026)
4(6598 6615 7028 7011)
4(6614 7027 7028 6615)
4(7010 7011 7028 7027)
4(6599 6616 7029 7012)
4(6615 7028 7029 6616)
4(7011 7012 7029 7028)
4(6600 6617 7030 7013)
4(6616 7029 7030 6617)
4(7012 7013 7030 7029)
4(6601 6618 7031 7014)
4(6617 7030 7031 6618)
4(7013 7014 7031 7030)
4(6602 6619 7032 7015)
4(6618 7031 7032 6619)
4(7014 7015 7032 7031)
4(6603 6620 7033 7016)
4(6619 7032 7033 6620)
4(7015 7016 7033 7032)
4(6604 6621 7034 7017)
4(6620 7033 7034 6621)
4(7016 7017 7034 7033)
4(6605 6622 7035 7018)
4(6621 7034 7035 6622)
4(7017 7018 7035 7034)
4(6606 6623 7036 7019)
4(6622 7035 7036 6623)
4(7018 7019 7036 7035)
4(6607 6624 7037 7020)
4(6623 7036 7037 6624)
4(7019 7020 7037 7036)
4(6624 7037 7038 6625)
4(7020 7021 7038 7037)
4(6609 6626 7039 7022)
4(551 576 7039 6626)
4(575 7022 7039 576)
4(6610 6627 7040 7023)
4(6626 7039 7040 6627)
4(7022 7023 7040 7039)
4(6611 6628 7041 7024)
4(6627 7040 7041 6628)
4(7023 7024 7041 7040)
4(6612 6629 7042 7025)
4(6628 7041 7042 6629)
4(7024 7025 7042 7041)
4(6613 6630 7043 7026)
4(6629 7042 7043 6630)
4(7025 7026 7043 7042)
4(6614 6631 7044 7027)
4(6630 7043 7044 6631)
4(7026 7027 7044 7043)
4(6615 6632 7045 7028)
4(6631 7044 7045 6632)
4(7027 7028 7045 7044)
4(6616 6633 7046 7029)
4(6632 7045 7046 6633)
4(7028 7029 7046 7045)
4(6617 6634 7047 7030)
4(6633 7046 7047 6634)
4(7029 7030 7047 7046)
4(6618 6635 7048 7031)
4(6634 7047 7048 6635)
4(7030 7031 7048 7047)
4(6619 6636 7049 7032)
4(6635 7048 7049 6636)
4(7031 7032 7049 7048)
4(6620 6637 7050 7033)
4(6636 7049 7050 6637)
4(7032 7033 7050 7049)
4(6621 6638 7051 7034)
4(6637 7050 7051 6638)
4(7033 7034 7051 7050)
4(6622 6639 7052 7035)
4(6638 7051 7052 6639)
4(7034 7035 7052 7051)
4(6623 6640 7053 7036)
4(6639 7052 7053 6640)
4(7035 7036 7053 7052)
4(6624 6641 7054 7037)
4(6640 7053 7054 6641)
4(7036 7037 7054 7053)
4(6641 7054 7055 6642)
4(7037 7038 7055 7054)
4(6626 6643 7056 7039)
4(552 577 7056 6643)
4(576 7039 7056 577)
4(6627 6644 7057 7040)
4(6643 7056 7057 6644)
4(7039 7040 7057 7056)
4(6628 6645 7058 7041)
4(6644 7057 7058 6645)
4(7040 7041 7058 7057)
4(6629 6646 7059 7042)
4(6645 7058 7059 6646)
4(7041 7042 7059 7058)
4(6630 6647 7060 7043)
4(6646 7059 7060 6647)
4(7042 7043 7060 7059)
4(6631 6648 7061 7044)
4(6647 7060 7061 6648)
4(7043 7044 7061 7060)
4(6632 6649 7062 7045)
4(6648 7061 7062 6649)
4(7044 7045 7062 7061)
4(6633 6650 7063 7046)
4(6649 7062 7063 6650)
4(7045 7046 7063 7062)
4(6634 6651 7064 7047)
4(6650 7063 7064 6651)
4(7046 7047 7064 7063)
4(6635 6652 7065 7048)
4(6651 7064 7065 6652)
4(7047 7048 7065 7064)
4(6636 6653 7066 7049)
4(6652 7065 7066 6653)
4(7048 7049 7066 7065)
4(6637 6654 7067 7050)
4(6653 7066 7067 6654)
4(7049 7050 7067 7066)
4(6638 6655 7068 7051)
4(6654 7067 7068 6655)
4(7050 7051 7068 7067)
4(6639 6656 7069 7052)
4(6655 7068 7069 6656)
4(7051 7052 7069 7068)
4(6640 6657 7070 7053)
4(6656 7069 7070 6657)
4(7052 7053 7070 7069)
4(6641 6658 7071 7054)
4(6657 7070 7071 6658)
4(7053 7054 7071 7070)
4(6658 7071 7072 6659)
4(7054 7055 7072 7071)
4(6643 6660 7073 7056)
4(553 578 7073 6660)
4(577 7056 7073 578)
4(6644 6661 7074 7057)
4(6660 7073 7074 6661)
4(7056 7057 7074 7073)
4(6645 6662 7075 7058)
4(6661 7074 7075 6662)
4(7057 7058 7075 7074)
4(6646 6663 7076 7059)
4(6662 7075 7076 6663)
4(7058 7059 7076 7075)
4(6647 6664 7077 7060)
4(6663 7076 7077 6664)
4(7059 7060 7077 7076)
4(6648 6665 7078 7061)
4(6664 7077 7078 6665)
4(7060 7061 7078 7077)
4(6649 6666 7079 7062)
4(6665 7078 7079 6666)
4(7061 7062 7079 7078)
4(6650 6667 7080 7063)
4(6666 7079 7080 6667)
4(7062 7063 7080 7079)
4(6651 6668 7081 7064)
4(6667 7080 7081 6668)
4(7063 7064 7081 7080)
4(6652 6669 7082 7065)
4(6668 7081 7082 6669)
4(7064 7065 7082 7081)
4(6653 6670 7083 7066)
4(6669 7082 7083 6670)
4(7065 7066 7083 7082)
4(6654 6671 7084 7067)
4(6670 7083 7084 6671)
4(7066 7067 7084 7083)
4(6655 6672 7085 7068)
4(6671 7084 7085 6672)
4(7067 7068 7085 7084)
4(6656 6673 7086 7069)
4(6672 7085 7086 6673)
4(7068 7069 7086 7085)
4(6657 6674 7087 7070)
4(6673 7086 7087 6674)
4(7069 7070 7087 7086)
4(6658 6675 7088 7071)
4(6674 7087 7088 6675)
4(7070 7071 7088 7087)
4(6675 7088 7089 6676)
4(7071 7072 7089 7088)
4(6660 6677 7090 7073)
4(554 579 7090 6677)
4(578 7073 7090 579)
4(6661 6678 7091 7074)
4(6677 7090 7091 6678)
4(7073 7074 7091 7090)
4(6662 6679 7092 7075)
4(6678 7091 7092 6679)
4(7074 7075 7092 7091)
4(6663 6680 7093 7076)
4(6679 7092 7093 6680)
4(7075 7076 7093 7092)
4(6664 6681 7094 7077)
4(6680 7093 7094 6681)
4(7076 7077 7094 7093)
4(6665 6682 7095 7078)
4(6681 7094 7095 6682)
4(7077 7078 7095 7094)
4(6666 6683 7096 7079)
4(6682 7095 7096 6683)
4(7078 7079 7096 7095)
4(6667 6684 7097 7080)
4(6683 7096 7097 6684)
4(7079 7080 7097 7096)
4(6668 6685 7098 7081)
4(6684 7097 7098 6685)
4(7080 7081 7098 7097)
4(6669 6686 7099 7082)
4(6685 7098 7099 6686)
4(7081 7082 7099 7098)
4(6670 6687 7100 7083)
4(6686 7099 7100 6687)
4(7082 7083 7100 7099)
4(6671 6688 7101 7084)
4(6687 7100 7101 6688)
4(7083 7084 7101 7100)
4(6672 6689 7102 7085)
4(6688 7101 7102 6689)
4(7084 7085 7102 7101)
4(6673 6690 7103 7086)
4(6689 7102 7103 6690)
4(7085 7086 7103 7102)
4(6674 6691 7104 7087)
4(6690 7103 7104 6691)
4(7086 7087 7104 7103)
4(6675 6692 7105 7088)
4(6691 7104 7105 6692)
4(7087 7088 7105 7104)
4(6692 7105 7106 6693)
4(7088 7089 7106 7105)
4(6677 6694 7107 7090)
4(555 580 7107 6694)
4(579 7090 7107 580)
4(6678 6695 7108 7091)
4(6694 7107 7108 6695)
4(7090 7091 7108 7107)
4(6679 6696 7109 7092)
4(6695 7108 7109 6696)
4(7091 7092 7109 7108)
4(6680 6697 7110 7093)
4(6696 7109 7110 6697)
4(7092 7093 7110 7109)
4(6681 6698 7111 7094)
4(6697 7110 7111 6698)
4(7093 7094 7111 7110)
4(6682 6699 7112 7095)
4(6698 7111 7112 6699)
4(7094 7095 7112 7111)
4(6683 6700 7113 7096)
4(6699 7112 7113 6700)
4(7095 7096 7113 7112)
4(6684 6701 7114 7097)
4(6700 7113 7114 6701)
4(7096 7097 7114 7113)
4(6685 6702 7115 7098)
4(6701 7114 7115 6702)
4(7097 7098 7115 7114)
4(6686 6703 7116 7099)
4(6702 7115 7116 6703)
4(7098 7099 7116 7115)
4(6687 6704 7117 7100)
4(6703 7116 7117 6704)
4(7099 7100 7117 7116)
4(6688 6705 7118 7101)
4(6704 7117 7118 6705)
4(7100 7101 7118 7117)
4(6689 6706 7119 7102)
4(6705 7118 7119 6706)
4(7101 7102 7119 7118)
4(6690 6707 7120 7103)
4(6706 7119 7120 6707)
4(7102 7103 7120 7119)
4(6691 6708 7121 7104)
4(6707 7120 7121 6708)
4(7103 7104 7121 7120)
4(6692 6709 7122 7105)
4(6708 7121 7122 6709)
4(7104 7105 7122 7121)
4(6709 7122 7123 6710)
4(7105 7106 7123 7122)
4(6694 6711 7124 7107)
4(556 581 7124 6711)
4(580 7107 7124 581)
4(6695 6712 7125 7108)
4(6711 7124 7125 6712)
4(7107 7108 7125 7124)
4(6696 6713 7126 7109)
4(6712 7125 7126 6713)
4(7108 7109 7126 7125)
4(6697 6714 7127 7110)
4(6713 7126 7127 6714)
4(7109 7110 7127 7126)
4(6698 6715 7128 7111)
4(6714 7127 7128 6715)
4(7110 7111 7128 7127)
4(6699 6716 7129 7112)
4(6715 7128 7129 6716)
4(7111 7112 7129 7128)
4(6700 6717 7130 7113)
4(6716 7129 7130 6717)
4(7112 7113 7130 7129)
4(6701 6718 7131 7114)
4(6717 7130 7131 6718)
4(7113 7114 7131 7130)
4(6702 6719 7132 7115)
4(6718 7131 7132 6719)
4(7114 7115 7132 7131)
4(6703 6720 7133 7116)
4(6719 7132 7133 6720)
4(7115 7116 7133 7132)
4(6704 6721 7134 7117)
4(6720 7133 7134 6721)
4(7116 7117 7134 7133)
4(6705 6722 7135 7118)
4(6721 7134 7135 6722)
4(7117 7118 7135 7134)
4(6706 6723 7136 7119)
4(6722 7135 7136 6723)
4(7118 7119 7136 7135)
4(6707 6724 7137 7120)
4(6723 7136 7137 6724)
4(7119 7120 7137 7136)
4(6708 6725 7138 7121)
4(6724 7137 7138 6725)
4(7120 7121 7138 7137)
4(6709 6726 7139 7122)
4(6725 7138 7139 6726)
4(7121 7122 7139 7138)
4(6726 7139 7140 6727)
4(7122 7123 7140 7139)
4(6711 6728 7141 7124)
4(557 582 7141 6728)
4(581 7124 7141 582)
4(6712 6729 7142 7125)
4(6728 7141 7142 6729)
4(7124 7125 7142 7141)
4(6713 6730 7143 7126)
4(6729 7142 7143 6730)
4(7125 7126 7143 7142)
4(6714 6731 7144 7127)
4(6730 7143 7144 6731)
4(7126 7127 7144 7143)
4(6715 6732 7145 7128)
4(6731 7144 7145 6732)
4(7127 7128 7145 7144)
4(6716 6733 7146 7129)
4(6732 7145 7146 6733)
4(7128 7129 7146 7145)
4(6717 6734 7147 7130)
4(6733 7146 7147 6734)
4(7129 7130 7147 7146)
4(6718 6735 7148 7131)
4(6734 7147 7148 6735)
4(7130 7131 7148 7147)
4(6719 6736 7149 7132)
4(6735 7148 7149 6736)
4(7131 7132 7149 7148)
4(6720 6737 7150 7133)
4(6736 7149 7150 6737)
4(7132 7133 7150 7149)
4(6721 6738 7151 7134)
4(6737 7150 7151 6738)
4(7133 7134 7151 7150)
4(6722 6739 7152 7135)
4(6738 7151 7152 6739)
4(7134 7135 7152 7151)
4(6723 6740 7153 7136)
4(6739 7152 7153 6740)
4(7135 7136 7153 7152)
4(6724 6741 7154 7137)
4(6740 7153 7154 6741)
4(7136 7137 7154 7153)
4(6725 6742 7155 7138)
4(6741 7154 7155 6742)
4(7137 7138 7155 7154)
4(6726 6743 7156 7139)
4(6742 7155 7156 6743)
4(7138 7139 7156 7155)
4(6743 7156 7157 6744)
4(7139 7140 7157 7156)
4(6728 6745 7158 7141)
4(558 583 7158 6745)
4(582 7141 7158 583)
4(6729 6746 7159 7142)
4(6745 7158 7159 6746)
4(7141 7142 7159 7158)
4(6730 6747 7160 7143)
4(6746 7159 7160 6747)
4(7142 7143 7160 7159)
4(6731 6748 7161 7144)
4(6747 7160 7161 6748)
4(7143 7144 7161 7160)
4(6732 6749 7162 7145)
4(6748 7161 7162 6749)
4(7144 7145 7162 7161)
4(6733 6750 7163 7146)
4(6749 7162 7163 6750)
4(7145 7146 7163 7162)
4(6734 6751 7164 7147)
4(6750 7163 7164 6751)
4(7146 7147 7164 7163)
4(6735 6752 7165 7148)
4(6751 7164 7165 6752)
4(7147 7148 7165 7164)
4(6736 6753 7166 7149)
4(6752 7165 7166 6753)
4(7148 7149 7166 7165)
4(6737 6754 7167 7150)
4(6753 7166 7167 6754)
4(7149 7150 7167 7166)
4(6738 6755 7168 7151)
4(6754 7167 7168 6755)
4(7150 7151 7168 7167)
4(6739 6756 7169 7152)
4(6755 7168 7169 6756)
4(7151 7152 7169 7168)
4(6740 6757 7170 7153)
4(6756 7169 7170 6757)
4(7152 7153 7170 7169)
4(6741 6758 7171 7154)
4(6757 7170 7171 6758)
4(7153 7154 7171 7170)
4(6742 6759 7172 7155)
4(6758 7171 7172 6759)
4(7154 7155 7172 7171)
4(6743 6760 7173 7156)
4(6759 7172 7173 6760)
4(7155 7156 7173 7172)
4(6760 7173 7174 6761)
4(7156 7157 7174 7173)
4(6745 6762 7175 7158)
4(559 584 7175 6762)
4(583 7158 7175 584)
4(6746 6763 7176 7159)
4(6762 7175 7176 6763)
4(7158 7159 7176 7175)
4(6747 6764 7177 7160)
4(6763 7176 7177 6764)
4(7159 7160 7177 7176)
4(6748 6765 7178 7161)
4(6764 7177 7178 6765)
4(7160 7161 7178 7177)
4(6749 6766 7179 7162)
4(6765 7178 7179 6766)
4(7161 7162 7179 7178)
4(6750 6767 7180 7163)
4(6766 7179 7180 6767)
4(7162 7163 7180 7179)
4(6751 6768 7181 7164)
4(6767 7180 7181 6768)
4(7163 7164 7181 7180)
4(6752 6769 7182 7165)
4(6768 7181 7182 6769)
4(7164 7165 7182 7181)
4(6753 6770 7183 7166)
4(6769 7182 7183 6770)
4(7165 7166 7183 7182)
4(6754 6771 7184 7167)
4(6770 7183 7184 6771)
4(7166 7167 7184 7183)
4(6755 6772 7185 7168)
4(6771 7184 7185 6772)
4(7167 7168 7185 7184)
4(6756 6773 7186 7169)
4(6772 7185 7186 6773)
4(7168 7169 7186 7185)
4(6757 6774 7187 7170)
4(6773 7186 7187 6774)
4(7169 7170 7187 7186)
4(6758 6775 7188 7171)
4(6774 7187 7188 6775)
4(7170 7171 7188 7187)
4(6759 6776 7189 7172)
4(6775 7188 7189 6776)
4(7171 7172 7189 7188)
4(6760 6777 7190 7173)
4(6776 7189 7190 6777)
4(7172 7173 7190 7189)
4(6777 7190 7191 6778)
4(7173 7174 7191 7190)
4(6762 6779 7192 7175)
4(560 585 7192 6779)
4(584 7175 7192 585)
4(6763 6780 7193 7176)
4(6779 7192 7193 6780)
4(7175 7176 7193 7192)
4(6764 6781 7194 7177)
4(6780 7193 7194 6781)
4(7176 7177 7194 7193)
4(6765 6782 7195 7178)
4(6781 7194 7195 6782)
4(7177 7178 7195 7194)
4(6766 6783 7196 7179)
4(6782 7195 7196 6783)
4(7178 7179 7196 7195)
4(6767 6784 7197 7180)
4(6783 7196 7197 6784)
4(7179 7180 7197 7196)
4(6768 6785 7198 7181)
4(6784 7197 7198 6785)
4(7180 7181 7198 7197)
4(6769 6786 7199 7182)
4(6785 7198 7199 6786)
4(7181 7182 7199 7198)
4(6770 6787 7200 7183)
4(6786 7199 7200 6787)
4(7182 7183 7200 7199)
4(6771 6788 7201 7184)
4(6787 7200 7201 6788)
4(7183 7184 7201 7200)
4(6772 6789 7202 7185)
4(6788 7201 7202 6789)
4(7184 7185 7202 7201)
4(6773 6790 7203 7186)
4(6789 7202 7203 6790)
4(7185 7186 7203 7202)
4(6774 6791 7204 7187)
4(6790 7203 7204 6791)
4(7186 7187 7204 7203)
4(6775 6792 7205 7188)
4(6791 7204 7205 6792)
4(7187 7188 7205 7204)
4(6776 6793 7206 7189)
4(6792 7205 7206 6793)
4(7188 7189 7206 7205)
4(6777 6794 7207 7190)
4(6793 7206 7207 6794)
4(7189 7190 7207 7206)
4(6794 7207 7208 6795)
4(7190 7191 7208 7207)
4(6779 6796 7209 7192)
4(561 586 7209 6796)
4(585 7192 7209 586)
4(6780 6797 7210 7193)
4(6796 7209 7210 6797)
4(7192 7193 7210 7209)
4(6781 6798 7211 7194)
4(6797 7210 7211 6798)
4(7193 7194 7211 7210)
4(6782 6799 7212 7195)
4(6798 7211 7212 6799)
4(7194 7195 7212 7211)
4(6783 6800 7213 7196)
4(6799 7212 7213 6800)
4(7195 7196 7213 7212)
4(6784 6801 7214 7197)
4(6800 7213 7214 6801)
4(7196 7197 7214 7213)
4(6785 6802 7215 7198)
4(6801 7214 7215 6802)
4(7197 7198 7215 7214)
4(6786 6803 7216 7199)
4(6802 7215 7216 6803)
4(7198 7199 7216 7215)
4(6787 6804 7217 7200)
4(6803 7216 7217 6804)
4(7199 7200 7217 7216)
4(6788 6805 7218 7201)
4(6804 7217 7218 6805)
4(7200 7201 7218 7217)
4(6789 6806 7219 7202)
4(6805 7218 7219 6806)
4(7201 7202 7219 7218)
4(6790 6807 7220 7203)
4(6806 7219 7220 6807)
4(7202 7203 7220 7219)
4(6791 6808 7221 7204)
4(6807 7220 7221 6808)
4(7203 7204 7221 7220)
4(6792 6809 7222 7205)
4(6808 7221 7222 6809)
4(7204 7205 7222 7221)
4(6793 6810 7223 7206)
4(6809 7222 7223 6810)
4(7205 7206 7223 7222)
4(6794 6811 7224 7207)
4(6810 7223 7224 6811)
4(7206 7207 7224 7223)
4(6811 7224 7225 6812)
4(7207 7208 7225 7224)
4(6796 6813 7226 7209)
4(562 587 7226 6813)
4(586 7209 7226 587)
4(6797 6814 7227 7210)
4(6813 7226 7227 6814)
4(7209 7210 7227 7226)
4(6798 6815 7228 7211)
4(6814 7227 7228 6815)
4(7210 7211 7228 7227)
4(6799 6816 7229 7212)
4(6815 7228 7229 6816)
4(7211 7212 7229 7228)
4(6800 6817 7230 7213)
4(6816 7229 7230 6817)
4(7212 7213 7230 7229)
4(6801 6818 7231 7214)
4(6817 7230 7231 6818)
4(7213 7214 7231 7230)
4(6802 6819 7232 7215)
4(6818 7231 7232 6819)
4(7214 7215 7232 7231)
4(6803 6820 7233 7216)
4(6819 7232 7233 6820)
4(7215 7216 7233 7232)
4(6804 6821 7234 7217)
4(6820 7233 7234 6821)
4(7216 7217 7234 7233)
4(6805 6822 7235 7218)
4(6821 7234 7235 6822)
4(7217 7218 7235 7234)
4(6806 6823 7236 7219)
4(6822 7235 7236 6823)
4(7218 7219 7236 7235)
4(6807 6824 7237 7220)
4(6823 7236 7237 6824)
4(7219 7220 7237 7236)
4(6808 6825 7238 7221)
4(6824 7237 7238 6825)
4(7220 7221 7238 7237)
4(6809 6826 7239 7222)
4(6825 7238 7239 6826)
4(7221 7222 7239 7238)
4(6810 6827 7240 7223)
4(6826 7239 7240 6827)
4(7222 7223 7240 7239)
4(6811 6828 7241 7224)
4(6827 7240 7241 6828)
4(7223 7224 7241 7240)
4(6828 7241 7242 6829)
4(7224 7225 7242 7241)
4(6813 6830 7243 7226)
4(563 588 7243 6830)
4(587 7226 7243 588)
4(6814 6831 7244 7227)
4(6830 7243 7244 6831)
4(7226 7227 7244 7243)
4(6815 6832 7245 7228)
4(6831 7244 7245 6832)
4(7227 7228 7245 7244)
4(6816 6833 7246 7229)
4(6832 7245 7246 6833)
4(7228 7229 7246 7245)
4(6817 6834 7247 7230)
4(6833 7246 7247 6834)
4(7229 7230 7247 7246)
4(6818 6835 7248 7231)
4(6834 7247 7248 6835)
4(7230 7231 7248 7247)
4(6819 6836 7249 7232)
4(6835 7248 7249 6836)
4(7231 7232 7249 7248)
4(6820 6837 7250 7233)
4(6836 7249 7250 6837)
4(7232 7233 7250 7249)
4(6821 6838 7251 7234)
4(6837 7250 7251 6838)
4(7233 7234 7251 7250)
4(6822 6839 7252 7235)
4(6838 7251 7252 6839)
4(7234 7235 7252 7251)
4(6823 6840 7253 7236)
4(6839 7252 7253 6840)
4(7235 7236 7253 7252)
4(6824 6841 7254 7237)
4(6840 7253 7254 6841)
4(7236 7237 7254 7253)
4(6825 6842 7255 7238)
4(6841 7254 7255 6842)
4(7237 7238 7255 7254)
4(6826 6843 7256 7239)
4(6842 7255 7256 6843)
4(7238 7239 7256 7255)
4(6827 6844 7257 7240)
4(6843 7256 7257 6844)
4(7239 7240 7257 7256)
4(6828 6845 7258 7241)
4(6844 7257 7258 6845)
4(7240 7241 7258 7257)
4(6845 7258 7259 6846)
4(7241 7242 7259 7258)
4(6830 6847 7260 7243)
4(564 589 7260 6847)
4(588 7243 7260 589)
4(6831 6848 7261 7244)
4(6847 7260 7261 6848)
4(7243 7244 7261 7260)
4(6832 6849 7262 7245)
4(6848 7261 7262 6849)
4(7244 7245 7262 7261)
4(6833 6850 7263 7246)
4(6849 7262 7263 6850)
4(7245 7246 7263 7262)
4(6834 6851 7264 7247)
4(6850 7263 7264 6851)
4(7246 7247 7264 7263)
4(6835 6852 7265 7248)
4(6851 7264 7265 6852)
4(7247 7248 7265 7264)
4(6836 6853 7266 7249)
4(6852 7265 7266 6853)
4(7248 7249 7266 7265)
4(6837 6854 7267 7250)
4(6853 7266 7267 6854)
4(7249 7250 7267 7266)
4(6838 6855 7268 7251)
4(6854 7267 7268 6855)
4(7250 7251 7268 7267)
4(6839 6856 7269 7252)
4(6855 7268 7269 6856)
4(7251 7252 7269 7268)
4(6840 6857 7270 7253)
4(6856 7269 7270 6857)
4(7252 7253 7270 7269)
4(6841 6858 7271 7254)
4(6857 7270 7271 6858)
4(7253 7254 7271 7270)
4(6842 6859 7272 7255)
4(6858 7271 7272 6859)
4(7254 7255 7272 7271)
4(6843 6860 7273 7256)
4(6859 7272 7273 6860)
4(7255 7256 7273 7272)
4(6844 6861 7274 7257)
4(6860 7273 7274 6861)
4(7256 7257 7274 7273)
4(6845 6862 7275 7258)
4(6861 7274 7275 6862)
4(7257 7258 7275 7274)
4(6862 7275 7276 6863)
4(7258 7259 7276 7275)
4(6847 6864 7277 7260)
4(565 590 7277 6864)
4(589 7260 7277 590)
4(6848 6865 7278 7261)
4(6864 7277 7278 6865)
4(7260 7261 7278 7277)
4(6849 6866 7279 7262)
4(6865 7278 7279 6866)
4(7261 7262 7279 7278)
4(6850 6867 7280 7263)
4(6866 7279 7280 6867)
4(7262 7263 7280 7279)
4(6851 6868 7281 7264)
4(6867 7280 7281 6868)
4(7263 7264 7281 7280)
4(6852 144 7282 7265)
4(6868 7281 7282 144)
4(7264 7265 7282 7281)
4(6853 145 7283 7266)
4(144 7282 7283 145)
4(7265 7266 7283 7282)
4(6854 146 7284 7267)
4(145 7283 7284 146)
4(7266 7267 7284 7283)
4(6855 147 165 7268)
4(146 7284 165 147)
4(7267 7268 165 7284)
4(6856 148 166 7269)
4(7268 7269 166 165)
4(147 165 166 148)
4(6857 149 167 7270)
4(7269 7270 167 166)
4(148 166 167 149)
4(6858 150 168 7271)
4(7270 7271 168 167)
4(149 167 168 150)
4(6859 151 169 7272)
4(7271 7272 169 168)
4(150 168 169 151)
4(6860 152 170 7273)
4(7272 7273 170 169)
4(151 169 170 152)
4(6861 153 171 7274)
4(7273 7274 171 170)
4(152 170 171 153)
4(6862 154 172 7275)
4(7274 7275 172 171)
4(153 171 172 154)
4(7275 7276 173 172)
4(154 172 173 155)
4(6864 156 174 7277)
4(590 7277 174 70)
4(53 70 174 156)
4(6865 157 175 7278)
4(7277 7278 175 174)
4(156 174 175 157)
4(6866 158 176 7279)
4(7278 7279 176 175)
4(157 175 176 158)
4(6867 159 177 7280)
4(7279 7280 177 176)
4(158 176 177 159)
4(6868 160 178 7281)
4(7280 7281 178 177)
4(159 177 178 160)
4(144 161 179 7282)
4(7281 7282 179 178)
4(160 178 179 161)
4(145 162 180 7283)
4(7282 7283 180 179)
4(144 161 162 145)
4(161 179 180 162)
4(146 163 181 7284)
4(7283 7284 181 180)
4(145 162 163 146)
4(162 180 181 163)
4(7284 165 182 181)
4(146 163 164 147)
4(147 164 182 165)
4(163 181 182 164)
4(6869 6886 7302 7285)
4(566 591 7302 6886)
4(592 7285 7302 591)
4(6870 6887 7303 7286)
4(6886 7302 7303 6887)
4(7285 7286 7303 7302)
4(6871 6888 7304 7287)
4(6887 7303 7304 6888)
4(7286 7287 7304 7303)
4(6872 6889 7305 7288)
4(6888 7304 7305 6889)
4(7287 7288 7305 7304)
4(6873 6890 7306 7289)
4(6889 7305 7306 6890)
4(7288 7289 7306 7305)
4(6874 6891 7307 7290)
4(6890 7306 7307 6891)
4(7289 7290 7307 7306)
4(6875 6892 7308 7291)
4(6891 7307 7308 6892)
4(7290 7291 7308 7307)
4(6876 6893 7309 7292)
4(6892 7308 7309 6893)
4(7291 7292 7309 7308)
4(6877 6894 7310 7293)
4(6893 7309 7310 6894)
4(7292 7293 7310 7309)
4(6878 6895 7311 7294)
4(6894 7310 7311 6895)
4(7293 7294 7311 7310)
4(6879 6896 7312 7295)
4(6895 7311 7312 6896)
4(7294 7295 7312 7311)
4(6880 6897 7313 7296)
4(6896 7312 7313 6897)
4(7295 7296 7313 7312)
4(6881 6898 7314 7297)
4(6897 7313 7314 6898)
4(7296 7297 7314 7313)
4(6882 6899 7315 7298)
4(6898 7314 7315 6899)
4(7297 7298 7315 7314)
4(6883 6900 7316 7299)
4(6899 7315 7316 6900)
4(7298 7299 7316 7315)
4(6884 6901 7317 7300)
4(6900 7316 7317 6901)
4(7299 7300 7317 7316)
4(6901 7317 7318 6902)
4(7300 7301 7318 7317)
4(6886 6903 7319 7302)
4(568 593 7319 6903)
4(591 7302 7319 593)
4(6887 6904 7320 7303)
4(6903 7319 7320 6904)
4(7302 7303 7320 7319)
4(6888 6905 7321 7304)
4(6904 7320 7321 6905)
4(7303 7304 7321 7320)
4(6889 6906 7322 7305)
4(6905 7321 7322 6906)
4(7304 7305 7322 7321)
4(6890 6907 7323 7306)
4(6906 7322 7323 6907)
4(7305 7306 7323 7322)
4(6891 6908 7324 7307)
4(6907 7323 7324 6908)
4(7306 7307 7324 7323)
4(6892 6909 7325 7308)
4(6908 7324 7325 6909)
4(7307 7308 7325 7324)
4(6893 6910 7326 7309)
4(6909 7325 7326 6910)
4(7308 7309 7326 7325)
4(6894 6911 7327 7310)
4(6910 7326 7327 6911)
4(7309 7310 7327 7326)
4(6895 6912 7328 7311)
4(6911 7327 7328 6912)
4(7310 7311 7328 7327)
4(6896 6913 7329 7312)
4(6912 7328 7329 6913)
4(7311 7312 7329 7328)
4(6897 6914 7330 7313)
4(6913 7329 7330 6914)
4(7312 7313 7330 7329)
4(6898 6915 7331 7314)
4(6914 7330 7331 6915)
4(7313 7314 7331 7330)
4(6899 6916 7332 7315)
4(6915 7331 7332 6916)
4(7314 7315 7332 7331)
4(6900 6917 7333 7316)
4(6916 7332 7333 6917)
4(7315 7316 7333 7332)
4(6901 6918 7334 7317)
4(6917 7333 7334 6918)
4(7316 7317 7334 7333)
4(6918 7334 7335 6919)
4(7317 7318 7335 7334)
4(6903 6920 7336 7319)
4(569 594 7336 6920)
4(593 7319 7336 594)
4(6904 6921 7337 7320)
4(6920 7336 7337 6921)
4(7319 7320 7337 7336)
4(6905 6922 7338 7321)
4(6921 7337 7338 6922)
4(7320 7321 7338 7337)
4(6906 6923 7339 7322)
4(6922 7338 7339 6923)
4(7321 7322 7339 7338)
4(6907 6924 7340 7323)
4(6923 7339 7340 6924)
4(7322 7323 7340 7339)
4(6908 6925 7341 7324)
4(6924 7340 7341 6925)
4(7323 7324 7341 7340)
4(6909 6926 7342 7325)
4(6925 7341 7342 6926)
4(7324 7325 7342 7341)
4(6910 6927 7343 7326)
4(6926 7342 7343 6927)
4(7325 7326 7343 7342)
4(6911 6928 7344 7327)
4(6927 7343 7344 6928)
4(7326 7327 7344 7343)
4(6912 6929 7345 7328)
4(6928 7344 7345 6929)
4(7327 7328 7345 7344)
4(6913 6930 7346 7329)
4(6929 7345 7346 6930)
4(7328 7329 7346 7345)
4(6914 6931 7347 7330)
4(6930 7346 7347 6931)
4(7329 7330 7347 7346)
4(6915 6932 7348 7331)
4(6931 7347 7348 6932)
4(7330 7331 7348 7347)
4(6916 6933 7349 7332)
4(6932 7348 7349 6933)
4(7331 7332 7349 7348)
4(6917 6934 7350 7333)
4(6933 7349 7350 6934)
4(7332 7333 7350 7349)
4(6918 6935 7351 7334)
4(6934 7350 7351 6935)
4(7333 7334 7351 7350)
4(6935 7351 7352 6936)
4(7334 7335 7352 7351)
4(6920 6937 7353 7336)
4(570 595 7353 6937)
4(594 7336 7353 595)
4(6921 6938 7354 7337)
4(6937 7353 7354 6938)
4(7336 7337 7354 7353)
4(6922 6939 7355 7338)
4(6938 7354 7355 6939)
4(7337 7338 7355 7354)
4(6923 6940 7356 7339)
4(6939 7355 7356 6940)
4(7338 7339 7356 7355)
4(6924 6941 7357 7340)
4(6940 7356 7357 6941)
4(7339 7340 7357 7356)
4(6925 6942 7358 7341)
4(6941 7357 7358 6942)
4(7340 7341 7358 7357)
4(6926 6943 7359 7342)
4(6942 7358 7359 6943)
4(7341 7342 7359 7358)
4(6927 6944 7360 7343)
4(6943 7359 7360 6944)
4(7342 7343 7360 7359)
4(6928 6945 7361 7344)
4(6944 7360 7361 6945)
4(7343 7344 7361 7360)
4(6929 6946 7362 7345)
4(6945 7361 7362 6946)
4(7344 7345 7362 7361)
4(6930 6947 7363 7346)
4(6946 7362 7363 6947)
4(7345 7346 7363 7362)
4(6931 6948 7364 7347)
4(6947 7363 7364 6948)
4(7346 7347 7364 7363)
4(6932 6949 7365 7348)
4(6948 7364 7365 6949)
4(7347 7348 7365 7364)
4(6933 6950 7366 7349)
4(6949 7365 7366 6950)
4(7348 7349 7366 7365)
4(6934 6951 7367 7350)
4(6950 7366 7367 6951)
4(7349 7350 7367 7366)
4(6935 6952 7368 7351)
4(6951 7367 7368 6952)
4(7350 7351 7368 7367)
4(6952 7368 7369 6953)
4(7351 7352 7369 7368)
4(6937 6954 7370 7353)
4(571 596 7370 6954)
4(595 7353 7370 596)
4(6938 6955 7371 7354)
4(6954 7370 7371 6955)
4(7353 7354 7371 7370)
4(6939 6956 7372 7355)
4(6955 7371 7372 6956)
4(7354 7355 7372 7371)
4(6940 6957 7373 7356)
4(6956 7372 7373 6957)
4(7355 7356 7373 7372)
4(6941 6958 7374 7357)
4(6957 7373 7374 6958)
4(7356 7357 7374 7373)
4(6942 6959 7375 7358)
4(6958 7374 7375 6959)
4(7357 7358 7375 7374)
4(6943 6960 7376 7359)
4(6959 7375 7376 6960)
4(7358 7359 7376 7375)
4(6944 6961 7377 7360)
4(6960 7376 7377 6961)
4(7359 7360 7377 7376)
4(6945 6962 7378 7361)
4(6961 7377 7378 6962)
4(7360 7361 7378 7377)
4(6946 6963 7379 7362)
4(6962 7378 7379 6963)
4(7361 7362 7379 7378)
4(6947 6964 7380 7363)
4(6963 7379 7380 6964)
4(7362 7363 7380 7379)
4(6948 6965 7381 7364)
4(6964 7380 7381 6965)
4(7363 7364 7381 7380)
4(6949 6966 7382 7365)
4(6965 7381 7382 6966)
4(7364 7365 7382 7381)
4(6950 6967 7383 7366)
4(6966 7382 7383 6967)
4(7365 7366 7383 7382)
4(6951 6968 7384 7367)
4(6967 7383 7384 6968)
4(7366 7367 7384 7383)
4(6952 6969 7385 7368)
4(6968 7384 7385 6969)
4(7367 7368 7385 7384)
4(6969 7385 7386 6970)
4(7368 7369 7386 7385)
4(6954 6971 7387 7370)
4(572 597 7387 6971)
4(596 7370 7387 597)
4(6955 6972 7388 7371)
4(6971 7387 7388 6972)
4(7370 7371 7388 7387)
4(6956 6973 7389 7372)
4(6972 7388 7389 6973)
4(7371 7372 7389 7388)
4(6957 6974 7390 7373)
4(6973 7389 7390 6974)
4(7372 7373 7390 7389)
4(6958 6975 7391 7374)
4(6974 7390 7391 6975)
4(7373 7374 7391 7390)
4(6959 6976 7392 7375)
4(6975 7391 7392 6976)
4(7374 7375 7392 7391)
4(6960 6977 7393 7376)
4(6976 7392 7393 6977)
4(7375 7376 7393 7392)
4(6961 6978 7394 7377)
4(6977 7393 7394 6978)
4(7376 7377 7394 7393)
4(6962 6979 7395 7378)
4(6978 7394 7395 6979)
4(7377 7378 7395 7394)
4(6963 6980 7396 7379)
4(6979 7395 7396 6980)
4(7378 7379 7396 7395)
4(6964 6981 7397 7380)
4(6980 7396 7397 6981)
4(7379 7380 7397 7396)
4(6965 6982 7398 7381)
4(6981 7397 7398 6982)
4(7380 7381 7398 7397)
4(6966 6983 7399 7382)
4(6982 7398 7399 6983)
4(7381 7382 7399 7398)
4(6967 6984 7400 7383)
4(6983 7399 7400 6984)
4(7382 7383 7400 7399)
4(6968 6985 7401 7384)
4(6984 7400 7401 6985)
4(7383 7384 7401 7400)
4(6969 6986 7402 7385)
4(6985 7401 7402 6986)
4(7384 7385 7402 7401)
4(6986 7402 7403 6987)
4(7385 7386 7403 7402)
4(6971 6988 7404 7387)
4(573 598 7404 6988)
4(597 7387 7404 598)
4(6972 6989 7405 7388)
4(6988 7404 7405 6989)
4(7387 7388 7405 7404)
4(6973 6990 7406 7389)
4(6989 7405 7406 6990)
4(7388 7389 7406 7405)
4(6974 6991 7407 7390)
4(6990 7406 7407 6991)
4(7389 7390 7407 7406)
4(6975 6992 7408 7391)
4(6991 7407 7408 6992)
4(7390 7391 7408 7407)
4(6976 6993 7409 7392)
4(6992 7408 7409 6993)
4(7391 7392 7409 7408)
4(6977 6994 7410 7393)
4(6993 7409 7410 6994)
4(7392 7393 7410 7409)
4(6978 6995 7411 7394)
4(6994 7410 7411 6995)
4(7393 7394 7411 7410)
4(6979 6996 7412 7395)
4(6995 7411 7412 6996)
4(7394 7395 7412 7411)
4(6980 6997 7413 7396)
4(6996 7412 7413 6997)
4(7395 7396 7413 7412)
4(6981 6998 7414 7397)
4(6997 7413 7414 6998)
4(7396 7397 7414 7413)
4(6982 6999 7415 7398)
4(6998 7414 7415 6999)
4(7397 7398 7415 7414)
4(6983 7000 7416 7399)
4(6999 7415 7416 7000)
4(7398 7399 7416 7415)
4(6984 7001 7417 7400)
4(7000 7416 7417 7001)
4(7399 7400 7417 7416)
4(6985 7002 7418 7401)
4(7001 7417 7418 7002)
4(7400 7401 7418 7417)
4(6986 7003 7419 7402)
4(7002 7418 7419 7003)
4(7401 7402 7419 7418)
4(7003 7419 7420 7004)
4(7402 7403 7420 7419)
4(6988 7005 7421 7404)
4(574 599 7421 7005)
4(598 7404 7421 599)
4(6989 7006 7422 7405)
4(7005 7421 7422 7006)
4(7404 7405 7422 7421)
4(6990 7007 7423 7406)
4(7006 7422 7423 7007)
4(7405 7406 7423 7422)
4(6991 7008 7424 7407)
4(7007 7423 7424 7008)
4(7406 7407 7424 7423)
4(6992 7009 7425 7408)
4(7008 7424 7425 7009)
4(7407 7408 7425 7424)
4(6993 7010 7426 7409)
4(7009 7425 7426 7010)
4(7408 7409 7426 7425)
4(6994 7011 7427 7410)
4(7010 7426 7427 7011)
4(7409 7410 7427 7426)
4(6995 7012 7428 7411)
4(7011 7427 7428 7012)
4(7410 7411 7428 7427)
4(6996 7013 7429 7412)
4(7012 7428 7429 7013)
4(7411 7412 7429 7428)
4(6997 7014 7430 7413)
4(7013 7429 7430 7014)
4(7412 7413 7430 7429)
4(6998 7015 7431 7414)
4(7014 7430 7431 7015)
4(7413 7414 7431 7430)
4(6999 7016 7432 7415)
4(7015 7431 7432 7016)
4(7414 7415 7432 7431)
4(7000 7017 7433 7416)
4(7016 7432 7433 7017)
4(7415 7416 7433 7432)
4(7001 7018 7434 7417)
4(7017 7433 7434 7018)
4(7416 7417 7434 7433)
4(7002 7019 7435 7418)
4(7018 7434 7435 7019)
4(7417 7418 7435 7434)
4(7003 7020 7436 7419)
4(7019 7435 7436 7020)
4(7418 7419 7436 7435)
4(7020 7436 7437 7021)
4(7419 7420 7437 7436)
4(7005 7022 7438 7421)
4(575 600 7438 7022)
4(599 7421 7438 600)
4(7006 7023 7439 7422)
4(7022 7438 7439 7023)
4(7421 7422 7439 7438)
4(7007 7024 7440 7423)
4(7023 7439 7440 7024)
4(7422 7423 7440 7439)
4(7008 7025 7441 7424)
4(7024 7440 7441 7025)
4(7423 7424 7441 7440)
4(7009 7026 7442 7425)
4(7025 7441 7442 7026)
4(7424 7425 7442 7441)
4(7010 7027 7443 7426)
4(7026 7442 7443 7027)
4(7425 7426 7443 7442)
4(7011 7028 7444 7427)
4(7027 7443 7444 7028)
4(7426 7427 7444 7443)
4(7012 7029 7445 7428)
4(7028 7444 7445 7029)
4(7427 7428 7445 7444)
4(7013 7030 7446 7429)
4(7029 7445 7446 7030)
4(7428 7429 7446 7445)
4(7014 7031 7447 7430)
4(7030 7446 7447 7031)
4(7429 7430 7447 7446)
4(7015 7032 7448 7431)
4(7031 7447 7448 7032)
4(7430 7431 7448 7447)
4(7016 7033 7449 7432)
4(7032 7448 7449 7033)
4(7431 7432 7449 7448)
4(7017 7034 7450 7433)
4(7033 7449 7450 7034)
4(7432 7433 7450 7449)
4(7018 7035 7451 7434)
4(7034 7450 7451 7035)
4(7433 7434 7451 7450)
4(7019 7036 7452 7435)
4(7035 7451 7452 7036)
4(7434 7435 7452 7451)
4(7020 7037 7453 7436)
4(7036 7452 7453 7037)
4(7435 7436 7453 7452)
4(7037 7453 7454 7038)
4(7436 7437 7454 7453)
4(7022 7039 7455 7438)
4(576 601 7455 7039)
4(600 7438 7455 601)
4(7023 7040 7456 7439)
4(7039 7455 7456 7040)
4(7438 7439 7456 7455)
4(7024 7041 7457 7440)
4(7040 7456 7457 7041)
4(7439 7440 7457 7456)
4(7025 7042 7458 7441)
4(7041 7457 7458 7042)
4(7440 7441 7458 7457)
4(7026 7043 7459 7442)
4(7042 7458 7459 7043)
4(7441 7442 7459 7458)
4(7027 7044 7460 7443)
4(7043 7459 7460 7044)
4(7442 7443 7460 7459)
4(7028 7045 7461 7444)
4(7044 7460 7461 7045)
4(7443 7444 7461 7460)
4(7029 7046 7462 7445)
4(7045 7461 7462 7046)
4(7444 7445 7462 7461)
4(7030 7047 7463 7446)
4(7046 7462 7463 7047)
4(7445 7446 7463 7462)
4(7031 7048 7464 7447)
4(7047 7463 7464 7048)
4(7446 7447 7464 7463)
4(7032 7049 7465 7448)
4(7048 7464 7465 7049)
4(7447 7448 7465 7464)
4(7033 7050 7466 7449)
4(7049 7465 7466 7050)
4(7448 7449 7466 7465)
4(7034 7051 7467 7450)
4(7050 7466 7467 7051)
4(7449 7450 7467 7466)
4(7035 7052 7468 7451)
4(7051 7467 7468 7052)
4(7450 7451 7468 7467)
4(7036 7053 7469 7452)
4(7052 7468 7469 7053)
4(7451 7452 7469 7468)
4(7037 7054 7470 7453)
4(7053 7469 7470 7054)
4(7452 7453 7470 7469)
4(7054 7470 7471 7055)
4(7453 7454 7471 7470)
4(7039 7056 7472 7455)
4(577 602 7472 7056)
4(601 7455 7472 602)
4(7040 7057 7473 7456)
4(7056 7472 7473 7057)
4(7455 7456 7473 7472)
4(7041 7058 7474 7457)
4(7057 7473 7474 7058)
4(7456 7457 7474 7473)
4(7042 7059 7475 7458)
4(7058 7474 7475 7059)
4(7457 7458 7475 7474)
4(7043 7060 7476 7459)
4(7059 7475 7476 7060)
4(7458 7459 7476 7475)
4(7044 7061 7477 7460)
4(7060 7476 7477 7061)
4(7459 7460 7477 7476)
4(7045 7062 7478 7461)
4(7061 7477 7478 7062)
4(7460 7461 7478 7477)
4(7046 7063 7479 7462)
4(7062 7478 7479 7063)
4(7461 7462 7479 7478)
4(7047 7064 7480 7463)
4(7063 7479 7480 7064)
4(7462 7463 7480 7479)
4(7048 7065 7481 7464)
4(7064 7480 7481 7065)
4(7463 7464 7481 7480)
4(7049 7066 7482 7465)
4(7065 7481 7482 7066)
4(7464 7465 7482 7481)
4(7050 7067 7483 7466)
4(7066 7482 7483 7067)
4(7465 7466 7483 7482)
4(7051 7068 7484 7467)
4(7067 7483 7484 7068)
4(7466 7467 7484 7483)
4(7052 7069 7485 7468)
4(7068 7484 7485 7069)
4(7467 7468 7485 7484)
4(7053 7070 7486 7469)
4(7069 7485 7486 7070)
4(7468 7469 7486 7485)
4(7054 7071 7487 7470)
4(7070 7486 7487 7071)
4(7469 7470 7487 7486)
4(7071 7487 7488 7072)
4(7470 7471 7488 7487)
4(7056 7073 7489 7472)
4(578 603 7489 7073)
4(602 7472 7489 603)
4(7057 7074 7490 7473)
4(7073 7489 7490 7074)
4(7472 7473 7490 7489)
4(7058 7075 7491 7474)
4(7074 7490 7491 7075)
4(7473 7474 7491 7490)
4(7059 7076 7492 7475)
4(7075 7491 7492 7076)
4(7474 7475 7492 7491)
4(7060 7077 7493 7476)
4(7076 7492 7493 7077)
4(7475 7476 7493 7492)
4(7061 7078 7494 7477)
4(7077 7493 7494 7078)
4(7476 7477 7494 7493)
4(7062 7079 7495 7478)
4(7078 7494 7495 7079)
4(7477 7478 7495 7494)
4(7063 7080 7496 7479)
4(7079 7495 7496 7080)
4(7478 7479 7496 7495)
4(7064 7081 7497 7480)
4(7080 7496 7497 7081)
4(7479 7480 7497 7496)
4(7065 7082 7498 7481)
4(7081 7497 7498 7082)
4(7480 7481 7498 7497)
4(7066 7083 7499 7482)
4(7082 7498 7499 7083)
4(7481 7482 7499 7498)
4(7067 7084 7500 7483)
4(7083 7499 7500 7084)
4(7482 7483 7500 7499)
4(7068 7085 7501 7484)
4(7084 7500 7501 7085)
4(7483 7484 7501 7500)
4(7069 7086 7502 7485)
4(7085 7501 7502 7086)
4(7484 7485 7502 7501)
4(7070 7087 7503 7486)
4(7086 7502 7503 7087)
4(7485 7486 7503 7502)
4(7071 7088 7504 7487)
4(7087 7503 7504 7088)
4(7486 7487 7504 7503)
4(7088 7504 7505 7089)
4(7487 7488 7505 7504)
4(7073 7090 7506 7489)
4(579 604 7506 7090)
4(603 7489 7506 604)
4(7074 7091 7507 7490)
4(7090 7506 7507 7091)
4(7489 7490 7507 7506)
4(7075 7092 7508 7491)
4(7091 7507 7508 7092)
4(7490 7491 7508 7507)
4(7076 7093 7509 7492)
4(7092 7508 7509 7093)
4(7491 7492 7509 7508)
4(7077 7094 7510 7493)
4(7093 7509 7510 7094)
4(7492 7493 7510 7509)
4(7078 7095 7511 7494)
4(7094 7510 7511 7095)
4(7493 7494 7511 7510)
4(7079 7096 7512 7495)
4(7095 7511 7512 7096)
4(7494 7495 7512 7511)
4(7080 7097 7513 7496)
4(7096 7512 7513 7097)
4(7495 7496 7513 7512)
4(7081 7098 7514 7497)
4(7097 7513 7514 7098)
4(7496 7497 7514 7513)
4(7082 7099 7515 7498)
4(7098 7514 7515 7099)
4(7497 7498 7515 7514)
4(7083 7100 7516 7499)
4(7099 7515 7516 7100)
4(7498 7499 7516 7515)
4(7084 7101 7517 7500)
4(7100 7516 7517 7101)
4(7499 7500 7517 7516)
4(7085 7102 7518 7501)
4(7101 7517 7518 7102)
4(7500 7501 7518 7517)
4(7086 7103 7519 7502)
4(7102 7518 7519 7103)
4(7501 7502 7519 7518)
4(7087 7104 7520 7503)
4(7103 7519 7520 7104)
4(7502 7503 7520 7519)
4(7088 7105 7521 7504)
4(7104 7520 7521 7105)
4(7503 7504 7521 7520)
4(7105 7521 7522 7106)
4(7504 7505 7522 7521)
4(7090 7107 7523 7506)
4(580 605 7523 7107)
4(604 7506 7523 605)
4(7091 7108 7524 7507)
4(7107 7523 7524 7108)
4(7506 7507 7524 7523)
4(7092 7109 7525 7508)
4(7108 7524 7525 7109)
4(7507 7508 7525 7524)
4(7093 7110 7526 7509)
4(7109 7525 7526 7110)
4(7508 7509 7526 7525)
4(7094 7111 7527 7510)
4(7110 7526 7527 7111)
4(7509 7510 7527 7526)
4(7095 7112 7528 7511)
4(7111 7527 7528 7112)
4(7510 7511 7528 7527)
4(7096 7113 7529 7512)
4(7112 7528 7529 7113)
4(7511 7512 7529 7528)
4(7097 7114 7530 7513)
4(7113 7529 7530 7114)
4(7512 7513 7530 7529)
4(7098 7115 7531 7514)
4(7114 7530 7531 7115)
4(7513 7514 7531 7530)
4(7099 7116 7532 7515)
4(7115 7531 7532 7116)
4(7514 7515 7532 7531)
4(7100 7117 7533 7516)
4(7116 7532 7533 7117)
4(7515 7516 7533 7532)
4(7101 7118 7534 7517)
4(7117 7533 7534 7118)
4(7516 7517 7534 7533)
4(7102 7119 7535 7518)
4(7118 7534 7535 7119)
4(7517 7518 7535 7534)
4(7103 7120 7536 7519)
4(7119 7535 7536 7120)
4(7518 7519 7536 7535)
4(7104 7121 7537 7520)
4(7120 7536 7537 7121)
4(7519 7520 7537 7536)
4(7105 7122 7538 7521)
4(7121 7537 7538 7122)
4(7520 7521 7538 7537)
4(7122 7538 7539 7123)
4(7521 7522 7539 7538)
4(7107 7124 7540 7523)
4(581 606 7540 7124)
4(605 7523 7540 606)
4(7108 7125 7541 7524)
4(7124 7540 7541 7125)
4(7523 7524 7541 7540)
4(7109 7126 7542 7525)
4(7125 7541 7542 7126)
4(7524 7525 7542 7541)
4(7110 7127 7543 7526)
4(7126 7542 7543 7127)
4(7525 7526 7543 7542)
4(7111 7128 7544 7527)
4(7127 7543 7544 7128)
4(7526 7527 7544 7543)
4(7112 7129 7545 7528)
4(7128 7544 7545 7129)
4(7527 7528 7545 7544)
4(7113 7130 7546 7529)
4(7129 7545 7546 7130)
4(7528 7529 7546 7545)
4(7114 7131 7547 7530)
4(7130 7546 7547 7131)
4(7529 7530 7547 7546)
4(7115 7132 7548 7531)
4(7131 7547 7548 7132)
4(7530 7531 7548 7547)
4(7116 7133 7549 7532)
4(7132 7548 7549 7133)
4(7531 7532 7549 7548)
4(7117 7134 7550 7533)
4(7133 7549 7550 7134)
4(7532 7533 7550 7549)
4(7118 7135 7551 7534)
4(7134 7550 7551 7135)
4(7533 7534 7551 7550)
4(7119 7136 7552 7535)
4(7135 7551 7552 7136)
4(7534 7535 7552 7551)
4(7120 7137 7553 7536)
4(7136 7552 7553 7137)
4(7535 7536 7553 7552)
4(7121 7138 7554 7537)
4(7137 7553 7554 7138)
4(7536 7537 7554 7553)
4(7122 7139 7555 7538)
4(7138 7554 7555 7139)
4(7537 7538 7555 7554)
4(7139 7555 7556 7140)
4(7538 7539 7556 7555)
4(7124 7141 7557 7540)
4(582 607 7557 7141)
4(606 7540 7557 607)
4(7125 7142 7558 7541)
4(7141 7557 7558 7142)
4(7540 7541 7558 7557)
4(7126 7143 7559 7542)
4(7142 7558 7559 7143)
4(7541 7542 7559 7558)
4(7127 7144 7560 7543)
4(7143 7559 7560 7144)
4(7542 7543 7560 7559)
4(7128 7145 7561 7544)
4(7144 7560 7561 7145)
4(7543 7544 7561 7560)
4(7129 7146 7562 7545)
4(7145 7561 7562 7146)
4(7544 7545 7562 7561)
4(7130 7147 7563 7546)
4(7146 7562 7563 7147)
4(7545 7546 7563 7562)
4(7131 7148 7564 7547)
4(7147 7563 7564 7148)
4(7546 7547 7564 7563)
4(7132 7149 7565 7548)
4(7148 7564 7565 7149)
4(7547 7548 7565 7564)
4(7133 7150 7566 7549)
4(7149 7565 7566 7150)
4(7548 7549 7566 7565)
4(7134 7151 7567 7550)
4(7150 7566 7567 7151)
4(7549 7550 7567 7566)
4(7135 7152 7568 7551)
4(7151 7567 7568 7152)
4(7550 7551 7568 7567)
4(7136 7153 7569 7552)
4(7152 7568 7569 7153)
4(7551 7552 7569 7568)
4(7137 7154 7570 7553)
4(7153 7569 7570 7154)
4(7552 7553 7570 7569)
4(7138 7155 7571 7554)
4(7154 7570 7571 7155)
4(7553 7554 7571 7570)
4(7139 7156 7572 7555)
4(7155 7571 7572 7156)
4(7554 7555 7572 7571)
4(7156 7572 7573 7157)
4(7555 7556 7573 7572)
4(7141 7158 7574 7557)
4(583 608 7574 7158)
4(607 7557 7574 608)
4(7142 7159 7575 7558)
4(7158 7574 7575 7159)
4(7557 7558 7575 7574)
4(7143 7160 7576 7559)
4(7159 7575 7576 7160)
4(7558 7559 7576 7575)
4(7144 7161 7577 7560)
4(7160 7576 7577 7161)
4(7559 7560 7577 7576)
4(7145 7162 7578 7561)
4(7161 7577 7578 7162)
4(7560 7561 7578 7577)
4(7146 7163 7579 7562)
4(7162 7578 7579 7163)
4(7561 7562 7579 7578)
4(7147 7164 7580 7563)
4(7163 7579 7580 7164)
4(7562 7563 7580 7579)
4(7148 7165 7581 7564)
4(7164 7580 7581 7165)
4(7563 7564 7581 7580)
4(7149 7166 7582 7565)
4(7165 7581 7582 7166)
4(7564 7565 7582 7581)
4(7150 7167 7583 7566)
4(7166 7582 7583 7167)
4(7565 7566 7583 7582)
4(7151 7168 7584 7567)
4(7167 7583 7584 7168)
4(7566 7567 7584 7583)
4(7152 7169 7585 7568)
4(7168 7584 7585 7169)
4(7567 7568 7585 7584)
4(7153 7170 7586 7569)
4(7169 7585 7586 7170)
4(7568 7569 7586 7585)
4(7154 7171 7587 7570)
4(7170 7586 7587 7171)
4(7569 7570 7587 7586)
4(7155 7172 7588 7571)
4(7171 7587 7588 7172)
4(7570 7571 7588 7587)
4(7156 7173 7589 7572)
4(7172 7588 7589 7173)
4(7571 7572 7589 7588)
4(7173 7589 7590 7174)
4(7572 7573 7590 7589)
4(7158 7175 7591 7574)
4(584 609 7591 7175)
4(608 7574 7591 609)
4(7159 7176 7592 7575)
4(7175 7591 7592 7176)
4(7574 7575 7592 7591)
4(7160 7177 7593 7576)
4(7176 7592 7593 7177)
4(7575 7576 7593 7592)
4(7161 7178 7594 7577)
4(7177 7593 7594 7178)
4(7576 7577 7594 7593)
4(7162 7179 7595 7578)
4(7178 7594 7595 7179)
4(7577 7578 7595 7594)
4(7163 7180 7596 7579)
4(7179 7595 7596 7180)
4(7578 7579 7596 7595)
4(7164 7181 7597 7580)
4(7180 7596 7597 7181)
4(7579 7580 7597 7596)
4(7165 7182 7598 7581)
4(7181 7597 7598 7182)
4(7580 7581 7598 7597)
4(7166 7183 7599 7582)
4(7182 7598 7599 7183)
4(7581 7582 7599 7598)
4(7167 7184 7600 7583)
4(7183 7599 7600 7184)
4(7582 7583 7600 7599)
4(7168 7185 7601 7584)
4(7184 7600 7601 7185)
4(7583 7584 7601 7600)
4(7169 7186 7602 7585)
4(7185 7601 7602 7186)
4(7584 7585 7602 7601)
4(7170 7187 7603 7586)
4(7186 7602 7603 7187)
4(7585 7586 7603 7602)
4(7171 7188 7604 7587)
4(7187 7603 7604 7188)
4(7586 7587 7604 7603)
4(7172 7189 7605 7588)
4(7188 7604 7605 7189)
4(7587 7588 7605 7604)
4(7173 7190 7606 7589)
4(7189 7605 7606 7190)
4(7588 7589 7606 7605)
4(7190 7606 7607 7191)
4(7589 7590 7607 7606)
4(7175 7192 7608 7591)
4(585 610 7608 7192)
4(609 7591 7608 610)
4(7176 7193 7609 7592)
4(7192 7608 7609 7193)
4(7591 7592 7609 7608)
4(7177 7194 7610 7593)
4(7193 7609 7610 7194)
4(7592 7593 7610 7609)
4(7178 7195 7611 7594)
4(7194 7610 7611 7195)
4(7593 7594 7611 7610)
4(7179 7196 7612 7595)
4(7195 7611 7612 7196)
4(7594 7595 7612 7611)
4(7180 7197 7613 7596)
4(7196 7612 7613 7197)
4(7595 7596 7613 7612)
4(7181 7198 7614 7597)
4(7197 7613 7614 7198)
4(7596 7597 7614 7613)
4(7182 7199 7615 7598)
4(7198 7614 7615 7199)
4(7597 7598 7615 7614)
4(7183 7200 7616 7599)
4(7199 7615 7616 7200)
4(7598 7599 7616 7615)
4(7184 7201 7617 7600)
4(7200 7616 7617 7201)
4(7599 7600 7617 7616)
4(7185 7202 7618 7601)
4(7201 7617 7618 7202)
4(7600 7601 7618 7617)
4(7186 7203 7619 7602)
4(7202 7618 7619 7203)
4(7601 7602 7619 7618)
4(7187 7204 7620 7603)
4(7203 7619 7620 7204)
4(7602 7603 7620 7619)
4(7188 7205 7621 7604)
4(7204 7620 7621 7205)
4(7603 7604 7621 7620)
4(7189 7206 7622 7605)
4(7205 7621 7622 7206)
4(7604 7605 7622 7621)
4(7190 7207 7623 7606)
4(7206 7622 7623 7207)
4(7605 7606 7623 7622)
4(7207 7623 7624 7208)
4(7606 7607 7624 7623)
4(7192 7209 7625 7608)
4(586 611 7625 7209)
4(610 7608 7625 611)
4(7193 7210 7626 7609)
4(7209 7625 7626 7210)
4(7608 7609 7626 7625)
4(7194 7211 7627 7610)
4(7210 7626 7627 7211)
4(7609 7610 7627 7626)
4(7195 7212 7628 7611)
4(7211 7627 7628 7212)
4(7610 7611 7628 7627)
4(7196 7213 7629 7612)
4(7212 7628 7629 7213)
4(7611 7612 7629 7628)
4(7197 7214 7630 7613)
4(7213 7629 7630 7214)
4(7612 7613 7630 7629)
4(7198 7215 7631 7614)
4(7214 7630 7631 7215)
4(7613 7614 7631 7630)
4(7199 7216 7632 7615)
4(7215 7631 7632 7216)
4(7614 7615 7632 7631)
4(7200 7217 7633 7616)
4(7216 7632 7633 7217)
4(7615 7616 7633 7632)
4(7201 7218 7634 7617)
4(7217 7633 7634 7218)
4(7616 7617 7634 7633)
4(7202 7219 7635 7618)
4(7218 7634 7635 7219)
4(7617 7618 7635 7634)
4(7203 7220 7636 7619)
4(7219 7635 7636 7220)
4(7618 7619 7636 7635)
4(7204 7221 7637 7620)
4(7220 7636 7637 7221)
4(7619 7620 7637 7636)
4(7205 7222 7638 7621)
4(7221 7637 7638 7222)
4(7620 7621 7638 7637)
4(7206 7223 7639 7622)
4(7222 7638 7639 7223)
4(7621 7622 7639 7638)
4(7207 7224 7640 7623)
4(7223 7639 7640 7224)
4(7622 7623 7640 7639)
4(7224 7640 7641 7225)
4(7623 7624 7641 7640)
4(7209 7226 7642 7625)
4(587 612 7642 7226)
4(611 7625 7642 612)
4(7210 7227 7643 7626)
4(7226 7642 7643 7227)
4(7625 7626 7643 7642)
4(7211 7228 7644 7627)
4(7227 7643 7644 7228)
4(7626 7627 7644 7643)
4(7212 7229 7645 7628)
4(7228 7644 7645 7229)
4(7627 7628 7645 7644)
4(7213 7230 7646 7629)
4(7229 7645 7646 7230)
4(7628 7629 7646 7645)
4(7214 7231 7647 7630)
4(7230 7646 7647 7231)
4(7629 7630 7647 7646)
4(7215 7232 7648 7631)
4(7231 7647 7648 7232)
4(7630 7631 7648 7647)
4(7216 7233 7649 7632)
4(7232 7648 7649 7233)
4(7631 7632 7649 7648)
4(7217 7234 7650 7633)
4(7233 7649 7650 7234)
4(7632 7633 7650 7649)
4(7218 7235 7651 7634)
4(7234 7650 7651 7235)
4(7633 7634 7651 7650)
4(7219 7236 7652 7635)
4(7235 7651 7652 7236)
4(7634 7635 7652 7651)
4(7220 7237 7653 7636)
4(7236 7652 7653 7237)
4(7635 7636 7653 7652)
4(7221 7238 7654 7637)
4(7237 7653 7654 7238)
4(7636 7637 7654 7653)
4(7222 7239 7655 7638)
4(7238 7654 7655 7239)
4(7637 7638 7655 7654)
4(7223 7240 7656 7639)
4(7239 7655 7656 7240)
4(7638 7639 7656 7655)
4(7224 7241 7657 7640)
4(7240 7656 7657 7241)
4(7639 7640 7657 7656)
4(7241 7657 7658 7242)
4(7640 7641 7658 7657)
4(7226 7243 7659 7642)
4(588 613 7659 7243)
4(612 7642 7659 613)
4(7227 7244 7660 7643)
4(7243 7659 7660 7244)
4(7642 7643 7660 7659)
4(7228 7245 7661 7644)
4(7244 7660 7661 7245)
4(7643 7644 7661 7660)
4(7229 7246 7662 7645)
4(7245 7661 7662 7246)
4(7644 7645 7662 7661)
4(7230 7247 7663 7646)
4(7246 7662 7663 7247)
4(7645 7646 7663 7662)
4(7231 7248 7664 7647)
4(7247 7663 7664 7248)
4(7646 7647 7664 7663)
4(7232 7249 7665 7648)
4(7248 7664 7665 7249)
4(7647 7648 7665 7664)
4(7233 7250 7666 7649)
4(7249 7665 7666 7250)
4(7648 7649 7666 7665)
4(7234 7251 7667 7650)
4(7250 7666 7667 7251)
4(7649 7650 7667 7666)
4(7235 7252 7668 7651)
4(7251 7667 7668 7252)
4(7650 7651 7668 7667)
4(7236 7253 7669 7652)
4(7252 7668 7669 7253)
4(7651 7652 7669 7668)
4(7237 7254 7670 7653)
4(7253 7669 7670 7254)
4(7652 7653 7670 7669)
4(7238 7255 7671 7654)
4(7254 7670 7671 7255)
4(7653 7654 7671 7670)
4(7239 7256 7672 7655)
4(7255 7671 7672 7256)
4(7654 7655 7672 7671)
4(7240 7257 7673 7656)
4(7256 7672 7673 7257)
4(7655 7656 7673 7672)
4(7241 7258 7674 7657)
4(7257 7673 7674 7258)
4(7656 7657 7674 7673)
4(7258 7674 7675 7259)
4(7657 7658 7675 7674)
4(7243 7260 7676 7659)
4(589 614 7676 7260)
4(613 7659 7676 614)
4(7244 7261 7677 7660)
4(7260 7676 7677 7261)
4(7659 7660 7677 7676)
4(7245 7262 7678 7661)
4(7261 7677 7678 7262)
4(7660 7661 7678 7677)
4(7246 7263 7679 7662)
4(7262 7678 7679 7263)
4(7661 7662 7679 7678)
4(7247 7264 7680 7663)
4(7263 7679 7680 7264)
4(7662 7663 7680 7679)
4(7248 7265 7681 7664)
4(7264 7680 7681 7265)
4(7663 7664 7681 7680)
4(7249 7266 7682 7665)
4(7265 7681 7682 7266)
4(7664 7665 7682 7681)
4(7250 7267 7683 7666)
4(7266 7682 7683 7267)
4(7665 7666 7683 7682)
4(7251 7268 7684 7667)
4(7267 7683 7684 7268)
4(7666 7667 7684 7683)
4(7252 7269 7685 7668)
4(7268 7684 7685 7269)
4(7667 7668 7685 7684)
4(7253 7270 7686 7669)
4(7269 7685 7686 7270)
4(7668 7669 7686 7685)
4(7254 7271 7687 7670)
4(7270 7686 7687 7271)
4(7669 7670 7687 7686)
4(7255 7272 7688 7671)
4(7271 7687 7688 7272)
4(7670 7671 7688 7687)
4(7256 7273 7689 7672)
4(7272 7688 7689 7273)
4(7671 7672 7689 7688)
4(7257 7274 7690 7673)
4(7273 7689 7690 7274)
4(7672 7673 7690 7689)
4(7258 7275 7691 7674)
4(7274 7690 7691 7275)
4(7673 7674 7691 7690)
4(7275 7691 7692 7276)
4(7674 7675 7692 7691)
4(7260 7277 7693 7676)
4(590 615 7693 7277)
4(614 7676 7693 615)
4(7261 7278 7694 7677)
4(7277 7693 7694 7278)
4(7676 7677 7694 7693)
4(7262 7279 7695 7678)
4(7278 7694 7695 7279)
4(7677 7678 7695 7694)
4(7263 7280 7696 7679)
4(7279 7695 7696 7280)
4(7678 7679 7696 7695)
4(7264 7281 7697 7680)
4(7280 7696 7697 7281)
4(7679 7680 7697 7696)
4(7265 7282 7698 7681)
4(7281 7697 7698 7282)
4(7680 7681 7698 7697)
4(7266 7283 7699 7682)
4(7282 7698 7699 7283)
4(7681 7682 7699 7698)
4(7267 7284 7700 7683)
4(7283 7699 7700 7284)
4(7682 7683 7700 7699)
4(7268 165 7701 7684)
4(7284 7700 7701 165)
4(7683 7684 7701 7700)
4(7269 166 7702 7685)
4(165 7701 7702 166)
4(7684 7685 7702 7701)
4(7270 167 185 7686)
4(166 7702 185 167)
4(7685 7686 185 7702)
4(7271 168 186 7687)
4(7686 7687 186 185)
4(167 185 186 168)
4(7272 169 187 7688)
4(7687 7688 187 186)
4(168 186 187 169)
4(7273 170 188 7689)
4(7688 7689 188 187)
4(169 187 188 170)
4(7274 171 189 7690)
4(7689 7690 189 188)
4(170 188 189 171)
4(7275 172 190 7691)
4(7690 7691 190 189)
4(171 189 190 172)
4(7691 7692 191 190)
4(172 190 191 173)
4(7277 174 192 7693)
4(615 7693 192 87)
4(70 87 192 174)
4(7278 175 193 7694)
4(7693 7694 193 192)
4(174 192 193 175)
4(7279 176 194 7695)
4(7694 7695 194 193)
4(175 193 194 176)
4(7280 177 195 7696)
4(7695 7696 195 194)
4(176 194 195 177)
4(7281 178 196 7697)
4(7696 7697 196 195)
4(177 195 196 178)
4(7282 179 197 7698)
4(7697 7698 197 196)
4(178 196 197 179)
4(7283 180 198 7699)
4(7698 7699 198 197)
4(179 197 198 180)
4(7284 181 199 7700)
4(7699 7700 199 198)
4(180 198 199 181)
4(165 182 200 7701)
4(7700 7701 200 199)
4(181 199 200 182)
4(166 183 201 7702)
4(7701 7702 201 200)
4(165 182 183 166)
4(182 200 201 183)
4(7702 185 202 201)
4(166 183 184 167)
4(167 184 202 185)
4(183 201 202 184)
4(7285 7302 7720 7703)
4(591 616 7720 7302)
4(7286 7303 7721 7704)
4(7302 7720 7721 7303)
4(7287 7304 7722 7705)
4(7303 7721 7722 7304)
4(7288 7305 7723 7706)
4(7304 7722 7723 7305)
4(7289 7306 7724 7707)
4(7305 7723 7724 7306)
4(7290 7307 7725 7708)
4(7306 7724 7725 7307)
4(7291 7308 7726 7709)
4(7307 7725 7726 7308)
4(7292 7309 7727 7710)
4(7308 7726 7727 7309)
4(7293 7310 7728 7711)
4(7309 7727 7728 7310)
4(7294 7311 7729 7712)
4(7310 7728 7729 7311)
4(7295 7312 7730 7713)
4(7311 7729 7730 7312)
4(7296 7313 7731 7714)
4(7312 7730 7731 7313)
4(7297 7314 7732 7715)
4(7313 7731 7732 7314)
4(7298 7315 7733 7716)
4(7314 7732 7733 7315)
4(7299 7316 7734 7717)
4(7315 7733 7734 7316)
4(7300 7317 7735 7718)
4(7316 7734 7735 7317)
4(7317 7735 7736 7318)
4(7302 7319 7737 7720)
4(593 618 7737 7319)
4(7303 7320 7738 7721)
4(7319 7737 7738 7320)
4(7304 7321 7739 7722)
4(7320 7738 7739 7321)
4(7305 7322 7740 7723)
4(7321 7739 7740 7322)
4(7306 7323 7741 7724)
4(7322 7740 7741 7323)
4(7307 7324 7742 7725)
4(7323 7741 7742 7324)
4(7308 7325 7743 7726)
4(7324 7742 7743 7325)
4(7309 7326 7744 7727)
4(7325 7743 7744 7326)
4(7310 7327 7745 7728)
4(7326 7744 7745 7327)
4(7311 7328 7746 7729)
4(7327 7745 7746 7328)
4(7312 7329 7747 7730)
4(7328 7746 7747 7329)
4(7313 7330 7748 7731)
4(7329 7747 7748 7330)
4(7314 7331 7749 7732)
4(7330 7748 7749 7331)
4(7315 7332 7750 7733)
4(7331 7749 7750 7332)
4(7316 7333 7751 7734)
4(7332 7750 7751 7333)
4(7317 7334 7752 7735)
4(7333 7751 7752 7334)
4(7334 7752 7753 7335)
4(7319 7336 7754 7737)
4(594 619 7754 7336)
4(7320 7337 7755 7738)
4(7336 7754 7755 7337)
4(7321 7338 7756 7739)
4(7337 7755 7756 7338)
4(7322 7339 7757 7740)
4(7338 7756 7757 7339)
4(7323 7340 7758 7741)
4(7339 7757 7758 7340)
4(7324 7341 7759 7742)
4(7340 7758 7759 7341)
4(7325 7342 7760 7743)
4(7341 7759 7760 7342)
4(7326 7343 7761 7744)
4(7342 7760 7761 7343)
4(7327 7344 7762 7745)
4(7343 7761 7762 7344)
4(7328 7345 7763 7746)
4(7344 7762 7763 7345)
4(7329 7346 7764 7747)
4(7345 7763 7764 7346)
4(7330 7347 7765 7748)
4(7346 7764 7765 7347)
4(7331 7348 7766 7749)
4(7347 7765 7766 7348)
4(7332 7349 7767 7750)
4(7348 7766 7767 7349)
4(7333 7350 7768 7751)
4(7349 7767 7768 7350)
4(7334 7351 7769 7752)
4(7350 7768 7769 7351)
4(7351 7769 7770 7352)
4(7336 7353 7771 7754)
4(595 620 7771 7353)
4(7337 7354 7772 7755)
4(7353 7771 7772 7354)
4(7338 7355 7773 7756)
4(7354 7772 7773 7355)
4(7339 7356 7774 7757)
4(7355 7773 7774 7356)
4(7340 7357 7775 7758)
4(7356 7774 7775 7357)
4(7341 7358 7776 7759)
4(7357 7775 7776 7358)
4(7342 7359 7777 7760)
4(7358 7776 7777 7359)
4(7343 7360 7778 7761)
4(7359 7777 7778 7360)
4(7344 7361 7779 7762)
4(7360 7778 7779 7361)
4(7345 7362 7780 7763)
4(7361 7779 7780 7362)
4(7346 7363 7781 7764)
4(7362 7780 7781 7363)
4(7347 7364 7782 7765)
4(7363 7781 7782 7364)
4(7348 7365 7783 7766)
4(7364 7782 7783 7365)
4(7349 7366 7784 7767)
4(7365 7783 7784 7366)
4(7350 7367 7785 7768)
4(7366 7784 7785 7367)
4(7351 7368 7786 7769)
4(7367 7785 7786 7368)
4(7368 7786 7787 7369)
4(7353 7370 7788 7771)
4(596 621 7788 7370)
4(7354 7371 7789 7772)
4(7370 7788 7789 7371)
4(7355 7372 7790 7773)
4(7371 7789 7790 7372)
4(7356 7373 7791 7774)
4(7372 7790 7791 7373)
4(7357 7374 7792 7775)
4(7373 7791 7792 7374)
4(7358 7375 7793 7776)
4(7374 7792 7793 7375)
4(7359 7376 7794 7777)
4(7375 7793 7794 7376)
4(7360 7377 7795 7778)
4(7376 7794 7795 7377)
4(7361 7378 7796 7779)
4(7377 7795 7796 7378)
4(7362 7379 7797 7780)
4(7378 7796 7797 7379)
4(7363 7380 7798 7781)
4(7379 7797 7798 7380)
4(7364 7381 7799 7782)
4(7380 7798 7799 7381)
4(7365 7382 7800 7783)
4(7381 7799 7800 7382)
4(7366 7383 7801 7784)
4(7382 7800 7801 7383)
4(7367 7384 7802 7785)
4(7383 7801 7802 7384)
4(7368 7385 7803 7786)
4(7384 7802 7803 7385)
4(7385 7803 7804 7386)
4(7370 7387 7805 7788)
4(597 622 7805 7387)
4(7371 7388 7806 7789)
4(7387 7805 7806 7388)
4(7372 7389 7807 7790)
4(7388 7806 7807 7389)
4(7373 7390 7808 7791)
4(7389 7807 7808 7390)
4(7374 7391 7809 7792)
4(7390 7808 7809 7391)
4(7375 7392 7810 7793)
4(7391 7809 7810 7392)
4(7376 7393 7811 7794)
4(7392 7810 7811 7393)
4(7377 7394 7812 7795)
4(7393 7811 7812 7394)
4(7378 7395 7813 7796)
4(7394 7812 7813 7395)
4(7379 7396 7814 7797)
4(7395 7813 7814 7396)
4(7380 7397 7815 7798)
4(7396 7814 7815 7397)
4(7381 7398 7816 7799)
4(7397 7815 7816 7398)
4(7382 7399 7817 7800)
4(7398 7816 7817 7399)
4(7383 7400 7818 7801)
4(7399 7817 7818 7400)
4(7384 7401 7819 7802)
4(7400 7818 7819 7401)
4(7385 7402 7820 7803)
4(7401 7819 7820 7402)
4(7402 7820 7821 7403)
4(7387 7404 7822 7805)
4(598 623 7822 7404)
4(7388 7405 7823 7806)
4(7404 7822 7823 7405)
4(7389 7406 7824 7807)
4(7405 7823 7824 7406)
4(7390 7407 7825 7808)
4(7406 7824 7825 7407)
4(7391 7408 7826 7809)
4(7407 7825 7826 7408)
4(7392 7409 7827 7810)
4(7408 7826 7827 7409)
4(7393 7410 7828 7811)
4(7409 7827 7828 7410)
4(7394 7411 7829 7812)
4(7410 7828 7829 7411)
4(7395 7412 7830 7813)
4(7411 7829 7830 7412)
4(7396 7413 7831 7814)
4(7412 7830 7831 7413)
4(7397 7414 7832 7815)
4(7413 7831 7832 7414)
4(7398 7415 7833 7816)
4(7414 7832 7833 7415)
4(7399 7416 7834 7817)
4(7415 7833 7834 7416)
4(7400 7417 7835 7818)
4(7416 7834 7835 7417)
4(7401 7418 7836 7819)
4(7417 7835 7836 7418)
4(7402 7419 7837 7820)
4(7418 7836 7837 7419)
4(7419 7837 7838 7420)
4(7404 7421 7839 7822)
4(599 624 7839 7421)
4(7405 7422 7840 7823)
4(7421 7839 7840 7422)
4(7406 7423 7841 7824)
4(7422 7840 7841 7423)
4(7407 7424 7842 7825)
4(7423 7841 7842 7424)
4(7408 7425 7843 7826)
4(7424 7842 7843 7425)
4(7409 7426 7844 7827)
4(7425 7843 7844 7426)
4(7410 7427 7845 7828)
4(7426 7844 7845 7427)
4(7411 7428 7846 7829)
4(7427 7845 7846 7428)
4(7412 7429 7847 7830)
4(7428 7846 7847 7429)
4(7413 7430 7848 7831)
4(7429 7847 7848 7430)
4(7414 7431 7849 7832)
4(7430 7848 7849 7431)
4(7415 7432 7850 7833)
4(7431 7849 7850 7432)
4(7416 7433 7851 7834)
4(7432 7850 7851 7433)
4(7417 7434 7852 7835)
4(7433 7851 7852 7434)
4(7418 7435 7853 7836)
4(7434 7852 7853 7435)
4(7419 7436 7854 7837)
4(7435 7853 7854 7436)
4(7436 7854 7855 7437)
4(7421 7438 7856 7839)
4(600 625 7856 7438)
4(7422 7439 7857 7840)
4(7438 7856 7857 7439)
4(7423 7440 7858 7841)
4(7439 7857 7858 7440)
4(7424 7441 7859 7842)
4(7440 7858 7859 7441)
4(7425 7442 7860 7843)
4(7441 7859 7860 7442)
4(7426 7443 7861 7844)
4(7442 7860 7861 7443)
4(7427 7444 7862 7845)
4(7443 7861 7862 7444)
4(7428 7445 7863 7846)
4(7444 7862 7863 7445)
4(7429 7446 7864 7847)
4(7445 7863 7864 7446)
4(7430 7447 7865 7848)
4(7446 7864 7865 7447)
4(7431 7448 7866 7849)
4(7447 7865 7866 7448)
4(7432 7449 7867 7850)
4(7448 7866 7867 7449)
4(7433 7450 7868 7851)
4(7449 7867 7868 7450)
4(7434 7451 7869 7852)
4(7450 7868 7869 7451)
4(7435 7452 7870 7853)
4(7451 7869 7870 7452)
4(7436 7453 7871 7854)
4(7452 7870 7871 7453)
4(7453 7871 7872 7454)
4(7438 7455 7873 7856)
4(601 626 7873 7455)
4(7439 7456 7874 7857)
4(7455 7873 7874 7456)
4(7440 7457 7875 7858)
4(7456 7874 7875 7457)
4(7441 7458 7876 7859)
4(7457 7875 7876 7458)
4(7442 7459 7877 7860)
4(7458 7876 7877 7459)
4(7443 7460 7878 7861)
4(7459 7877 7878 7460)
4(7444 7461 7879 7862)
4(7460 7878 7879 7461)
4(7445 7462 7880 7863)
4(7461 7879 7880 7462)
4(7446 7463 7881 7864)
4(7462 7880 7881 7463)
4(7447 7464 7882 7865)
4(7463 7881 7882 7464)
4(7448 7465 7883 7866)
4(7464 7882 7883 7465)
4(7449 7466 7884 7867)
4(7465 7883 7884 7466)
4(7450 7467 7885 7868)
4(7466 7884 7885 7467)
4(7451 7468 7886 7869)
4(7467 7885 7886 7468)
4(7452 7469 7887 7870)
4(7468 7886 7887 7469)
4(7453 7470 7888 7871)
4(7469 7887 7888 7470)
4(7470 7888 7889 7471)
4(7455 7472 7890 7873)
4(602 627 7890 7472)
4(7456 7473 7891 7874)
4(7472 7890 7891 7473)
4(7457 7474 7892 7875)
4(7473 7891 7892 7474)
4(7458 7475 7893 7876)
4(7474 7892 7893 7475)
4(7459 7476 7894 7877)
4(7475 7893 7894 7476)
4(7460 7477 7895 7878)
4(7476 7894 7895 7477)
4(7461 7478 7896 7879)
4(7477 7895 7896 7478)
4(7462 7479 7897 7880)
4(7478 7896 7897 7479)
4(7463 7480 7898 7881)
4(7479 7897 7898 7480)
4(7464 7481 7899 7882)
4(7480 7898 7899 7481)
4(7465 7482 7900 7883)
4(7481 7899 7900 7482)
4(7466 7483 7901 7884)
4(7482 7900 7901 7483)
4(7467 7484 7902 7885)
4(7483 7901 7902 7484)
4(7468 7485 7903 7886)
4(7484 7902 7903 7485)
4(7469 7486 7904 7887)
4(7485 7903 7904 7486)
4(7470 7487 7905 7888)
4(7486 7904 7905 7487)
4(7487 7905 7906 7488)
4(7472 7489 7907 7890)
4(603 628 7907 7489)
4(7473 7490 7908 7891)
4(7489 7907 7908 7490)
4(7474 7491 7909 7892)
4(7490 7908 7909 7491)
4(7475 7492 7910 7893)
4(7491 7909 7910 7492)
4(7476 7493 7911 7894)
4(7492 7910 7911 7493)
4(7477 7494 7912 7895)
4(7493 7911 7912 7494)
4(7478 7495 7913 7896)
4(7494 7912 7913 7495)
4(7479 7496 7914 7897)
4(7495 7913 7914 7496)
4(7480 7497 7915 7898)
4(7496 7914 7915 7497)
4(7481 7498 7916 7899)
4(7497 7915 7916 7498)
4(7482 7499 7917 7900)
4(7498 7916 7917 7499)
4(7483 7500 7918 7901)
4(7499 7917 7918 7500)
4(7484 7501 7919 7902)
4(7500 7918 7919 7501)
4(7485 7502 7920 7903)
4(7501 7919 7920 7502)
4(7486 7503 7921 7904)
4(7502 7920 7921 7503)
4(7487 7504 7922 7905)
4(7503 7921 7922 7504)
4(7504 7922 7923 7505)
4(7489 7506 7924 7907)
4(604 629 7924 7506)
4(7490 7507 7925 7908)
4(7506 7924 7925 7507)
4(7491 7508 7926 7909)
4(7507 7925 7926 7508)
4(7492 7509 7927 7910)
4(7508 7926 7927 7509)
4(7493 7510 7928 7911)
4(7509 7927 7928 7510)
4(7494 7511 7929 7912)
4(7510 7928 7929 7511)
4(7495 7512 7930 7913)
4(7511 7929 7930 7512)
4(7496 7513 7931 7914)
4(7512 7930 7931 7513)
4(7497 7514 7932 7915)
4(7513 7931 7932 7514)
4(7498 7515 7933 7916)
4(7514 7932 7933 7515)
4(7499 7516 7934 7917)
4(7515 7933 7934 7516)
4(7500 7517 7935 7918)
4(7516 7934 7935 7517)
4(7501 7518 7936 7919)
4(7517 7935 7936 7518)
4(7502 7519 7937 7920)
4(7518 7936 7937 7519)
4(7503 7520 7938 7921)
4(7519 7937 7938 7520)
4(7504 7521 7939 7922)
4(7520 7938 7939 7521)
4(7521 7939 7940 7522)
4(7506 7523 7941 7924)
4(605 630 7941 7523)
4(7507 7524 7942 7925)
4(7523 7941 7942 7524)
4(7508 7525 7943 7926)
4(7524 7942 7943 7525)
4(7509 7526 7944 7927)
4(7525 7943 7944 7526)
4(7510 7527 7945 7928)
4(7526 7944 7945 7527)
4(7511 7528 7946 7929)
4(7527 7945 7946 7528)
4(7512 7529 7947 7930)
4(7528 7946 7947 7529)
4(7513 7530 7948 7931)
4(7529 7947 7948 7530)
4(7514 7531 7949 7932)
4(7530 7948 7949 7531)
4(7515 7532 7950 7933)
4(7531 7949 7950 7532)
4(7516 7533 7951 7934)
4(7532 7950 7951 7533)
4(7517 7534 7952 7935)
4(7533 7951 7952 7534)
4(7518 7535 7953 7936)
4(7534 7952 7953 7535)
4(7519 7536 7954 7937)
4(7535 7953 7954 7536)
4(7520 7537 7955 7938)
4(7536 7954 7955 7537)
4(7521 7538 7956 7939)
4(7537 7955 7956 7538)
4(7538 7956 7957 7539)
4(7523 7540 7958 7941)
4(606 631 7958 7540)
4(7524 7541 7959 7942)
4(7540 7958 7959 7541)
4(7525 7542 7960 7943)
4(7541 7959 7960 7542)
4(7526 7543 7961 7944)
4(7542 7960 7961 7543)
4(7527 7544 7962 7945)
4(7543 7961 7962 7544)
4(7528 7545 7963 7946)
4(7544 7962 7963 7545)
4(7529 7546 7964 7947)
4(7545 7963 7964 7546)
4(7530 7547 7965 7948)
4(7546 7964 7965 7547)
4(7531 7548 7966 7949)
4(7547 7965 7966 7548)
4(7532 7549 7967 7950)
4(7548 7966 7967 7549)
4(7533 7550 7968 7951)
4(7549 7967 7968 7550)
4(7534 7551 7969 7952)
4(7550 7968 7969 7551)
4(7535 7552 7970 7953)
4(7551 7969 7970 7552)
4(7536 7553 7971 7954)
4(7552 7970 7971 7553)
4(7537 7554 7972 7955)
4(7553 7971 7972 7554)
4(7538 7555 7973 7956)
4(7554 7972 7973 7555)
4(7555 7973 7974 7556)
4(7540 7557 7975 7958)
4(607 632 7975 7557)
4(7541 7558 7976 7959)
4(7557 7975 7976 7558)
4(7542 7559 7977 7960)
4(7558 7976 7977 7559)
4(7543 7560 7978 7961)
4(7559 7977 7978 7560)
4(7544 7561 7979 7962)
4(7560 7978 7979 7561)
4(7545 7562 7980 7963)
4(7561 7979 7980 7562)
4(7546 7563 7981 7964)
4(7562 7980 7981 7563)
4(7547 7564 7982 7965)
4(7563 7981 7982 7564)
4(7548 7565 7983 7966)
4(7564 7982 7983 7565)
4(7549 7566 7984 7967)
4(7565 7983 7984 7566)
4(7550 7567 7985 7968)
4(7566 7984 7985 7567)
4(7551 7568 7986 7969)
4(7567 7985 7986 7568)
4(7552 7569 7987 7970)
4(7568 7986 7987 7569)
4(7553 7570 7988 7971)
4(7569 7987 7988 7570)
4(7554 7571 7989 7972)
4(7570 7988 7989 7571)
4(7555 7572 7990 7973)
4(7571 7989 7990 7572)
4(7572 7990 7991 7573)
4(7557 7574 7992 7975)
4(608 633 7992 7574)
4(7558 7575 7993 7976)
4(7574 7992 7993 7575)
4(7559 7576 7994 7977)
4(7575 7993 7994 7576)
4(7560 7577 7995 7978)
4(7576 7994 7995 7577)
4(7561 7578 7996 7979)
4(7577 7995 7996 7578)
4(7562 7579 7997 7980)
4(7578 7996 7997 7579)
4(7563 7580 7998 7981)
4(7579 7997 7998 7580)
4(7564 7581 7999 7982)
4(7580 7998 7999 7581)
4(7565 7582 8000 7983)
4(7581 7999 8000 7582)
4(7566 7583 8001 7984)
4(7582 8000 8001 7583)
4(7567 7584 8002 7985)
4(7583 8001 8002 7584)
4(7568 7585 8003 7986)
4(7584 8002 8003 7585)
4(7569 7586 8004 7987)
4(7585 8003 8004 7586)
4(7570 7587 8005 7988)
4(7586 8004 8005 7587)
4(7571 7588 8006 7989)
4(7587 8005 8006 7588)
4(7572 7589 8007 7990)
4(7588 8006 8007 7589)
4(7589 8007 8008 7590)
4(7574 7591 8009 7992)
4(609 634 8009 7591)
4(7575 7592 8010 7993)
4(7591 8009 8010 7592)
4(7576 7593 8011 7994)
4(7592 8010 8011 7593)
4(7577 7594 8012 7995)
4(7593 8011 8012 7594)
4(7578 7595 8013 7996)
4(7594 8012 8013 7595)
4(7579 7596 8014 7997)
4(7595 8013 8014 7596)
4(7580 7597 8015 7998)
4(7596 8014 8015 7597)
4(7581 7598 8016 7999)
4(7597 8015 8016 7598)
4(7582 7599 8017 8000)
4(7598 8016 8017 7599)
4(7583 7600 8018 8001)
4(7599 8017 8018 7600)
4(7584 7601 8019 8002)
4(7600 8018 8019 7601)
4(7585 7602 8020 8003)
4(7601 8019 8020 7602)
4(7586 7603 8021 8004)
4(7602 8020 8021 7603)
4(7587 7604 8022 8005)
4(7603 8021 8022 7604)
4(7588 7605 8023 8006)
4(7604 8022 8023 7605)
4(7589 7606 8024 8007)
4(7605 8023 8024 7606)
4(7606 8024 8025 7607)
4(7591 7608 8026 8009)
4(610 635 8026 7608)
4(7592 7609 8027 8010)
4(7608 8026 8027 7609)
4(7593 7610 8028 8011)
4(7609 8027 8028 7610)
4(7594 7611 8029 8012)
4(7610 8028 8029 7611)
4(7595 7612 8030 8013)
4(7611 8029 8030 7612)
4(7596 7613 8031 8014)
4(7612 8030 8031 7613)
4(7597 7614 8032 8015)
4(7613 8031 8032 7614)
4(7598 7615 8033 8016)
4(7614 8032 8033 7615)
4(7599 7616 8034 8017)
4(7615 8033 8034 7616)
4(7600 7617 8035 8018)
4(7616 8034 8035 7617)
4(7601 7618 8036 8019)
4(7617 8035 8036 7618)
4(7602 7619 8037 8020)
4(7618 8036 8037 7619)
4(7603 7620 8038 8021)
4(7619 8037 8038 7620)
4(7604 7621 8039 8022)
4(7620 8038 8039 7621)
4(7605 7622 8040 8023)
4(7621 8039 8040 7622)
4(7606 7623 8041 8024)
4(7622 8040 8041 7623)
4(7623 8041 8042 7624)
4(7608 7625 8043 8026)
4(611 636 8043 7625)
4(7609 7626 8044 8027)
4(7625 8043 8044 7626)
4(7610 7627 8045 8028)
4(7626 8044 8045 7627)
4(7611 7628 8046 8029)
4(7627 8045 8046 7628)
4(7612 7629 8047 8030)
4(7628 8046 8047 7629)
4(7613 7630 8048 8031)
4(7629 8047 8048 7630)
4(7614 7631 8049 8032)
4(7630 8048 8049 7631)
4(7615 7632 8050 8033)
4(7631 8049 8050 7632)
4(7616 7633 8051 8034)
4(7632 8050 8051 7633)
4(7617 7634 8052 8035)
4(7633 8051 8052 7634)
4(7618 7635 8053 8036)
4(7634 8052 8053 7635)
4(7619 7636 8054 8037)
4(7635 8053 8054 7636)
4(7620 7637 8055 8038)
4(7636 8054 8055 7637)
4(7621 7638 8056 8039)
4(7637 8055 8056 7638)
4(7622 7639 8057 8040)
4(7638 8056 8057 7639)
4(7623 7640 8058 8041)
4(7639 8057 8058 7640)
4(7640 8058 8059 7641)
4(7625 7642 8060 8043)
4(612 637 8060 7642)
4(7626 7643 8061 8044)
4(7642 8060 8061 7643)
4(7627 7644 8062 8045)
4(7643 8061 8062 7644)
4(7628 7645 8063 8046)
4(7644 8062 8063 7645)
4(7629 7646 8064 8047)
4(7645 8063 8064 7646)
4(7630 7647 8065 8048)
4(7646 8064 8065 7647)
4(7631 7648 8066 8049)
4(7647 8065 8066 7648)
4(7632 7649 8067 8050)
4(7648 8066 8067 7649)
4(7633 7650 8068 8051)
4(7649 8067 8068 7650)
4(7634 7651 8069 8052)
4(7650 8068 8069 7651)
4(7635 7652 8070 8053)
4(7651 8069 8070 7652)
4(7636 7653 8071 8054)
4(7652 8070 8071 7653)
4(7637 7654 8072 8055)
4(7653 8071 8072 7654)
4(7638 7655 8073 8056)
4(7654 8072 8073 7655)
4(7639 7656 8074 8057)
4(7655 8073 8074 7656)
4(7640 7657 8075 8058)
4(7656 8074 8075 7657)
4(7657 8075 8076 7658)
4(7642 7659 8077 8060)
4(613 638 8077 7659)
4(7643 7660 8078 8061)
4(7659 8077 8078 7660)
4(7644 7661 8079 8062)
4(7660 8078 8079 7661)
4(7645 7662 8080 8063)
4(7661 8079 8080 7662)
4(7646 7663 8081 8064)
4(7662 8080 8081 7663)
4(7647 7664 8082 8065)
4(7663 8081 8082 7664)
4(7648 7665 8083 8066)
4(7664 8082 8083 7665)
4(7649 7666 8084 8067)
4(7665 8083 8084 7666)
4(7650 7667 8085 8068)
4(7666 8084 8085 7667)
4(7651 7668 8086 8069)
4(7667 8085 8086 7668)
4(7652 7669 8087 8070)
4(7668 8086 8087 7669)
4(7653 7670 8088 8071)
4(7669 8087 8088 7670)
4(7654 7671 8089 8072)
4(7670 8088 8089 7671)
4(7655 7672 8090 8073)
4(7671 8089 8090 7672)
4(7656 7673 8091 8074)
4(7672 8090 8091 7673)
4(7657 7674 8092 8075)
4(7673 8091 8092 7674)
4(7674 8092 8093 7675)
4(7659 7676 8094 8077)
4(614 639 8094 7676)
4(7660 7677 8095 8078)
4(7676 8094 8095 7677)
4(7661 7678 8096 8079)
4(7677 8095 8096 7678)
4(7662 7679 8097 8080)
4(7678 8096 8097 7679)
4(7663 7680 8098 8081)
4(7679 8097 8098 7680)
4(7664 7681 8099 8082)
4(7680 8098 8099 7681)
4(7665 7682 8100 8083)
4(7681 8099 8100 7682)
4(7666 7683 8101 8084)
4(7682 8100 8101 7683)
4(7667 7684 8102 8085)
4(7683 8101 8102 7684)
4(7668 7685 8103 8086)
4(7684 8102 8103 7685)
4(7669 7686 8104 8087)
4(7685 8103 8104 7686)
4(7670 7687 8105 8088)
4(7686 8104 8105 7687)
4(7671 7688 8106 8089)
4(7687 8105 8106 7688)
4(7672 7689 8107 8090)
4(7688 8106 8107 7689)
4(7673 7690 8108 8091)
4(7689 8107 8108 7690)
4(7674 7691 8109 8092)
4(7690 8108 8109 7691)
4(7691 8109 8110 7692)
4(7676 7693 8111 8094)
4(615 640 8111 7693)
4(7677 7694 8112 8095)
4(7693 8111 8112 7694)
4(7678 7695 8113 8096)
4(7694 8112 8113 7695)
4(7679 7696 8114 8097)
4(7695 8113 8114 7696)
4(7680 7697 8115 8098)
4(7696 8114 8115 7697)
4(7681 7698 8116 8099)
4(7697 8115 8116 7698)
4(7682 7699 8117 8100)
4(7698 8116 8117 7699)
4(7683 7700 8118 8101)
4(7699 8117 8118 7700)
4(7684 7701 8119 8102)
4(7700 8118 8119 7701)
4(7685 7702 8120 8103)
4(7701 8119 8120 7702)
4(7686 185 8121 8104)
4(7702 8120 8121 185)
4(7687 186 8122 8105)
4(185 8121 8122 186)
4(7688 187 8123 8106)
4(186 8122 8123 187)
4(7689 188 206 8107)
4(187 8123 206 188)
4(7690 189 207 8108)
4(188 206 207 189)
4(7691 190 208 8109)
4(189 207 208 190)
4(190 208 209 191)
4(7693 192 210 8111)
4(87 104 210 192)
4(7694 193 211 8112)
4(192 210 211 193)
4(7695 194 212 8113)
4(193 211 212 194)
4(7696 195 213 8114)
4(194 212 213 195)
4(7697 196 214 8115)
4(195 213 214 196)
4(7698 197 215 8116)
4(196 214 215 197)
4(7699 198 216 8117)
4(197 215 216 198)
4(7700 199 217 8118)
4(198 216 217 199)
4(7701 200 218 8119)
4(199 217 218 200)
4(7702 201 219 8120)
4(200 218 219 201)
4(185 202 220 8121)
4(201 219 220 202)
4(186 203 221 8122)
4(185 202 203 186)
4(202 220 221 203)
4(187 204 222 8123)
4(186 203 204 187)
4(203 221 222 204)
4(187 204 205 188)
4(188 205 223 206)
4(204 222 223 205)
4(377 8124 410 376)
4(408 409 410 8124)
4(379 8125 411 378)
4(8124 410 411 8125)
4(381 8126 412 380)
4(8125 411 412 8126)
4(383 8127 8545 382)
4(8126 412 8545 8127)
4(380 382 8545 412)
4(385 8128 8546 384)
4(8127 8545 8546 8128)
4(382 384 8546 8545)
4(387 8129 8547 386)
4(8128 8546 8547 8129)
4(384 386 8547 8546)
4(389 8130 8548 388)
4(8129 8547 8548 8130)
4(386 388 8548 8547)
4(391 8131 8549 390)
4(8130 8548 8549 8131)
4(388 390 8549 8548)
4(393 8132 8550 392)
4(8131 8549 8550 8132)
4(390 392 8550 8549)
4(395 8133 8551 394)
4(8132 8550 8551 8133)
4(392 394 8551 8550)
4(397 8134 8552 396)
4(8133 8551 8552 8134)
4(394 396 8552 8551)
4(399 8135 8553 398)
4(8134 8552 8553 8135)
4(396 398 8553 8552)
4(401 8136 8554 400)
4(8135 8553 8554 8136)
4(398 400 8554 8553)
4(8136 8554 225 224)
4(400 5 225 8554)
4(4 224 225 5)
4(405 8138 8556 404)
4(8137 8555 8556 8138)
4(403 404 8556 8555)
4(407 8139 8557 406)
4(8138 8556 8557 8139)
4(404 406 8557 8556)
4(408 8140 8558 409)
4(8139 8557 8558 8140)
4(406 409 8558 8557)
4(8124 8141 8559 410)
4(8140 8558 8559 8141)
4(409 410 8559 8558)
4(8125 8142 8560 411)
4(8141 8559 8560 8142)
4(410 411 8560 8559)
4(8126 8143 8561 412)
4(8142 8560 8561 8143)
4(411 412 8561 8560)
4(8127 8144 8562 8545)
4(8143 8561 8562 8144)
4(412 8545 8562 8561)
4(8128 8145 8563 8546)
4(8144 8562 8563 8145)
4(8545 8546 8563 8562)
4(8129 8146 8564 8547)
4(8145 8563 8564 8146)
4(8546 8547 8564 8563)
4(8130 8147 8565 8548)
4(8146 8564 8565 8147)
4(8547 8548 8565 8564)
4(8131 8148 8566 8549)
4(8147 8565 8566 8148)
4(8548 8549 8566 8565)
4(8132 8149 8567 8550)
4(8148 8566 8567 8149)
4(8549 8550 8567 8566)
4(8133 8150 8568 8551)
4(8149 8567 8568 8150)
4(8550 8551 8568 8567)
4(8134 8151 8569 8552)
4(8150 8568 8569 8151)
4(8551 8552 8569 8568)
4(8135 8152 8570 8553)
4(8151 8569 8570 8152)
4(8552 8553 8570 8569)
4(8136 8153 8571 8554)
4(8152 8570 8571 8153)
4(8553 8554 8571 8570)
4(8153 8571 227 226)
4(8554 225 227 8571)
4(224 226 227 225)
4(8138 8155 8573 8556)
4(8154 8572 8573 8155)
4(8555 8556 8573 8572)
4(8139 8156 8574 8557)
4(8155 8573 8574 8156)
4(8556 8557 8574 8573)
4(8140 8157 8575 8558)
4(8156 8574 8575 8157)
4(8557 8558 8575 8574)
4(8141 8158 8576 8559)
4(8157 8575 8576 8158)
4(8558 8559 8576 8575)
4(8142 8159 8577 8560)
4(8158 8576 8577 8159)
4(8559 8560 8577 8576)
4(8143 8160 8578 8561)
4(8159 8577 8578 8160)
4(8560 8561 8578 8577)
4(8144 8161 8579 8562)
4(8160 8578 8579 8161)
4(8561 8562 8579 8578)
4(8145 8162 8580 8563)
4(8161 8579 8580 8162)
4(8562 8563 8580 8579)
4(8146 8163 8581 8564)
4(8162 8580 8581 8163)
4(8563 8564 8581 8580)
4(8147 8164 8582 8565)
4(8163 8581 8582 8164)
4(8564 8565 8582 8581)
4(8148 8165 8583 8566)
4(8164 8582 8583 8165)
4(8565 8566 8583 8582)
4(8149 8166 8584 8567)
4(8165 8583 8584 8166)
4(8566 8567 8584 8583)
4(8150 8167 8585 8568)
4(8166 8584 8585 8167)
4(8567 8568 8585 8584)
4(8151 8168 8586 8569)
4(8167 8585 8586 8168)
4(8568 8569 8586 8585)
4(8152 8169 8587 8570)
4(8168 8586 8587 8169)
4(8569 8570 8587 8586)
4(8153 8170 8588 8571)
4(8169 8587 8588 8170)
4(8570 8571 8588 8587)
4(8170 8588 229 228)
4(8571 227 229 8588)
4(226 228 229 227)
4(8155 8172 8590 8573)
4(8171 8589 8590 8172)
4(8572 8573 8590 8589)
4(8156 8173 8591 8574)
4(8172 8590 8591 8173)
4(8573 8574 8591 8590)
4(8157 8174 8592 8575)
4(8173 8591 8592 8174)
4(8574 8575 8592 8591)
4(8158 8175 8593 8576)
4(8174 8592 8593 8175)
4(8575 8576 8593 8592)
4(8159 8176 8594 8577)
4(8175 8593 8594 8176)
4(8576 8577 8594 8593)
4(8160 8177 8595 8578)
4(8176 8594 8595 8177)
4(8577 8578 8595 8594)
4(8161 8178 8596 8579)
4(8177 8595 8596 8178)
4(8578 8579 8596 8595)
4(8162 8179 8597 8580)
4(8178 8596 8597 8179)
4(8579 8580 8597 8596)
4(8163 8180 8598 8581)
4(8179 8597 8598 8180)
4(8580 8581 8598 8597)
4(8164 8181 8599 8582)
4(8180 8598 8599 8181)
4(8581 8582 8599 8598)
4(8165 8182 8600 8583)
4(8181 8599 8600 8182)
4(8582 8583 8600 8599)
4(8166 8183 8601 8584)
4(8182 8600 8601 8183)
4(8583 8584 8601 8600)
4(8167 8184 8602 8585)
4(8183 8601 8602 8184)
4(8584 8585 8602 8601)
4(8168 8185 8603 8586)
4(8184 8602 8603 8185)
4(8585 8586 8603 8602)
4(8169 8186 8604 8587)
4(8185 8603 8604 8186)
4(8586 8587 8604 8603)
4(8170 8187 8605 8588)
4(8186 8604 8605 8187)
4(8587 8588 8605 8604)
4(8187 8605 231 230)
4(8588 229 231 8605)
4(228 230 231 229)
4(8172 8189 8607 8590)
4(8188 8606 8607 8189)
4(8589 8590 8607 8606)
4(8173 8190 8608 8591)
4(8189 8607 8608 8190)
4(8590 8591 8608 8607)
4(8174 8191 8609 8592)
4(8190 8608 8609 8191)
4(8591 8592 8609 8608)
4(8175 8192 8610 8593)
4(8191 8609 8610 8192)
4(8592 8593 8610 8609)
4(8176 8193 8611 8594)
4(8192 8610 8611 8193)
4(8593 8594 8611 8610)
4(8177 8194 8612 8595)
4(8193 8611 8612 8194)
4(8594 8595 8612 8611)
4(8178 8195 8613 8596)
4(8194 8612 8613 8195)
4(8595 8596 8613 8612)
4(8179 8196 8614 8597)
4(8195 8613 8614 8196)
4(8596 8597 8614 8613)
4(8180 8197 8615 8598)
4(8196 8614 8615 8197)
4(8597 8598 8615 8614)
4(8181 8198 8616 8599)
4(8197 8615 8616 8198)
4(8598 8599 8616 8615)
4(8182 8199 8617 8600)
4(8198 8616 8617 8199)
4(8599 8600 8617 8616)
4(8183 8200 8618 8601)
4(8199 8617 8618 8200)
4(8600 8601 8618 8617)
4(8184 8201 8619 8602)
4(8200 8618 8619 8201)
4(8601 8602 8619 8618)
4(8185 8202 8620 8603)
4(8201 8619 8620 8202)
4(8602 8603 8620 8619)
4(8186 8203 8621 8604)
4(8202 8620 8621 8203)
4(8603 8604 8621 8620)
4(8187 8204 8622 8605)
4(8203 8621 8622 8204)
4(8604 8605 8622 8621)
4(8204 8622 233 232)
4(8605 231 233 8622)
4(230 232 233 231)
4(8189 8206 8624 8607)
4(8205 8623 8624 8206)
4(8606 8607 8624 8623)
4(8190 8207 8625 8608)
4(8206 8624 8625 8207)
4(8607 8608 8625 8624)
4(8191 8208 8626 8609)
4(8207 8625 8626 8208)
4(8608 8609 8626 8625)
4(8192 8209 8627 8610)
4(8208 8626 8627 8209)
4(8609 8610 8627 8626)
4(8193 8210 8628 8611)
4(8209 8627 8628 8210)
4(8610 8611 8628 8627)
4(8194 8211 8629 8612)
4(8210 8628 8629 8211)
4(8611 8612 8629 8628)
4(8195 8212 8630 8613)
4(8211 8629 8630 8212)
4(8612 8613 8630 8629)
4(8196 8213 8631 8614)
4(8212 8630 8631 8213)
4(8613 8614 8631 8630)
4(8197 8214 8632 8615)
4(8213 8631 8632 8214)
4(8614 8615 8632 8631)
4(8198 8215 8633 8616)
4(8214 8632 8633 8215)
4(8615 8616 8633 8632)
4(8199 8216 8634 8617)
4(8215 8633 8634 8216)
4(8616 8617 8634 8633)
4(8200 8217 8635 8618)
4(8216 8634 8635 8217)
4(8617 8618 8635 8634)
4(8201 8218 8636 8619)
4(8217 8635 8636 8218)
4(8618 8619 8636 8635)
4(8202 8219 8637 8620)
4(8218 8636 8637 8219)
4(8619 8620 8637 8636)
4(8203 8220 8638 8621)
4(8219 8637 8638 8220)
4(8620 8621 8638 8637)
4(8204 8221 8639 8622)
4(8220 8638 8639 8221)
4(8621 8622 8639 8638)
4(8221 8639 235 234)
4(8622 233 235 8639)
4(232 234 235 233)
4(8206 8223 8641 8624)
4(8222 8640 8641 8223)
4(8623 8624 8641 8640)
4(8207 8224 8642 8625)
4(8223 8641 8642 8224)
4(8624 8625 8642 8641)
4(8208 8225 8643 8626)
4(8224 8642 8643 8225)
4(8625 8626 8643 8642)
4(8209 8226 8644 8627)
4(8225 8643 8644 8226)
4(8626 8627 8644 8643)
4(8210 8227 8645 8628)
4(8226 8644 8645 8227)
4(8627 8628 8645 8644)
4(8211 8228 8646 8629)
4(8227 8645 8646 8228)
4(8628 8629 8646 8645)
4(8212 8229 8647 8630)
4(8228 8646 8647 8229)
4(8629 8630 8647 8646)
4(8213 8230 8648 8631)
4(8229 8647 8648 8230)
4(8630 8631 8648 8647)
4(8214 8231 8649 8632)
4(8230 8648 8649 8231)
4(8631 8632 8649 8648)
4(8215 8232 8650 8633)
4(8231 8649 8650 8232)
4(8632 8633 8650 8649)
4(8216 8233 8651 8634)
4(8232 8650 8651 8233)
4(8633 8634 8651 8650)
4(8217 8234 8652 8635)
4(8233 8651 8652 8234)
4(8634 8635 8652 8651)
4(8218 8235 8653 8636)
4(8234 8652 8653 8235)
4(8635 8636 8653 8652)
4(8219 8236 8654 8637)
4(8235 8653 8654 8236)
4(8636 8637 8654 8653)
4(8220 8237 8655 8638)
4(8236 8654 8655 8237)
4(8637 8638 8655 8654)
4(8221 8238 8656 8639)
4(8237 8655 8656 8238)
4(8638 8639 8656 8655)
4(8238 8656 237 236)
4(8639 235 237 8656)
4(234 236 237 235)
4(8223 8240 8658 8641)
4(8239 8657 8658 8240)
4(8640 8641 8658 8657)
4(8224 8241 8659 8642)
4(8240 8658 8659 8241)
4(8641 8642 8659 8658)
4(8225 8242 8660 8643)
4(8241 8659 8660 8242)
4(8642 8643 8660 8659)
4(8226 8243 8661 8644)
4(8242 8660 8661 8243)
4(8643 8644 8661 8660)
4(8227 8244 8662 8645)
4(8243 8661 8662 8244)
4(8644 8645 8662 8661)
4(8228 8245 8663 8646)
4(8244 8662 8663 8245)
4(8645 8646 8663 8662)
4(8229 8246 8664 8647)
4(8245 8663 8664 8246)
4(8646 8647 8664 8663)
4(8230 8247 8665 8648)
4(8246 8664 8665 8247)
4(8647 8648 8665 8664)
4(8231 8248 8666 8649)
4(8247 8665 8666 8248)
4(8648 8649 8666 8665)
4(8232 8249 8667 8650)
4(8248 8666 8667 8249)
4(8649 8650 8667 8666)
4(8233 8250 8668 8651)
4(8249 8667 8668 8250)
4(8650 8651 8668 8667)
4(8234 8251 8669 8652)
4(8250 8668 8669 8251)
4(8651 8652 8669 8668)
4(8235 8252 8670 8653)
4(8251 8669 8670 8252)
4(8652 8653 8670 8669)
4(8236 8253 8671 8654)
4(8252 8670 8671 8253)
4(8653 8654 8671 8670)
4(8237 8254 8672 8655)
4(8253 8671 8672 8254)
4(8654 8655 8672 8671)
4(8238 8255 8673 8656)
4(8254 8672 8673 8255)
4(8655 8656 8673 8672)
4(8255 8673 239 238)
4(8656 237 239 8673)
4(236 238 239 237)
4(8240 8257 8675 8658)
4(8256 8674 8675 8257)
4(8657 8658 8675 8674)
4(8241 8258 8676 8659)
4(8257 8675 8676 8258)
4(8658 8659 8676 8675)
4(8242 8259 8677 8660)
4(8258 8676 8677 8259)
4(8659 8660 8677 8676)
4(8243 8260 8678 8661)
4(8259 8677 8678 8260)
4(8660 8661 8678 8677)
4(8244 8261 8679 8662)
4(8260 8678 8679 8261)
4(8661 8662 8679 8678)
4(8245 8262 8680 8663)
4(8261 8679 8680 8262)
4(8662 8663 8680 8679)
4(8246 8263 8681 8664)
4(8262 8680 8681 8263)
4(8663 8664 8681 8680)
4(8247 8264 8682 8665)
4(8263 8681 8682 8264)
4(8664 8665 8682 8681)
4(8248 8265 8683 8666)
4(8264 8682 8683 8265)
4(8665 8666 8683 8682)
4(8249 8266 8684 8667)
4(8265 8683 8684 8266)
4(8666 8667 8684 8683)
4(8250 8267 8685 8668)
4(8266 8684 8685 8267)
4(8667 8668 8685 8684)
4(8251 8268 8686 8669)
4(8267 8685 8686 8268)
4(8668 8669 8686 8685)
4(8252 8269 8687 8670)
4(8268 8686 8687 8269)
4(8669 8670 8687 8686)
4(8253 8270 8688 8671)
4(8269 8687 8688 8270)
4(8670 8671 8688 8687)
4(8254 8271 8689 8672)
4(8270 8688 8689 8271)
4(8671 8672 8689 8688)
4(8255 8272 8690 8673)
4(8271 8689 8690 8272)
4(8672 8673 8690 8689)
4(8272 8690 241 240)
4(8673 239 241 8690)
4(238 240 241 239)
4(8257 8274 8692 8675)
4(8273 8691 8692 8274)
4(8674 8675 8692 8691)
4(8258 8275 8693 8676)
4(8274 8692 8693 8275)
4(8675 8676 8693 8692)
4(8259 8276 8694 8677)
4(8275 8693 8694 8276)
4(8676 8677 8694 8693)
4(8260 8277 8695 8678)
4(8276 8694 8695 8277)
4(8677 8678 8695 8694)
4(8261 8278 8696 8679)
4(8277 8695 8696 8278)
4(8678 8679 8696 8695)
4(8262 8279 8697 8680)
4(8278 8696 8697 8279)
4(8679 8680 8697 8696)
4(8263 8280 8698 8681)
4(8279 8697 8698 8280)
4(8680 8681 8698 8697)
4(8264 8281 8699 8682)
4(8280 8698 8699 8281)
4(8681 8682 8699 8698)
4(8265 8282 8700 8683)
4(8281 8699 8700 8282)
4(8682 8683 8700 8699)
4(8266 8283 8701 8684)
4(8282 8700 8701 8283)
4(8683 8684 8701 8700)
4(8267 8284 8702 8685)
4(8283 8701 8702 8284)
4(8684 8685 8702 8701)
4(8268 8285 8703 8686)
4(8284 8702 8703 8285)
4(8685 8686 8703 8702)
4(8269 8286 8704 8687)
4(8285 8703 8704 8286)
4(8686 8687 8704 8703)
4(8270 8287 8705 8688)
4(8286 8704 8705 8287)
4(8687 8688 8705 8704)
4(8271 8288 8706 8689)
4(8287 8705 8706 8288)
4(8688 8689 8706 8705)
4(8272 8289 8707 8690)
4(8288 8706 8707 8289)
4(8689 8690 8707 8706)
4(8289 8707 243 242)
4(8690 241 243 8707)
4(240 242 243 241)
4(8274 8291 8709 8692)
4(8290 8708 8709 8291)
4(8691 8692 8709 8708)
4(8275 8292 8710 8693)
4(8291 8709 8710 8292)
4(8692 8693 8710 8709)
4(8276 8293 8711 8694)
4(8292 8710 8711 8293)
4(8693 8694 8711 8710)
4(8277 8294 8712 8695)
4(8293 8711 8712 8294)
4(8694 8695 8712 8711)
4(8278 8295 8713 8696)
4(8294 8712 8713 8295)
4(8695 8696 8713 8712)
4(8279 8296 8714 8697)
4(8295 8713 8714 8296)
4(8696 8697 8714 8713)
4(8280 8297 8715 8698)
4(8296 8714 8715 8297)
4(8697 8698 8715 8714)
4(8281 8298 8716 8699)
4(8297 8715 8716 8298)
4(8698 8699 8716 8715)
4(8282 8299 8717 8700)
4(8298 8716 8717 8299)
4(8699 8700 8717 8716)
4(8283 8300 8718 8701)
4(8299 8717 8718 8300)
4(8700 8701 8718 8717)
4(8284 8301 8719 8702)
4(8300 8718 8719 8301)
4(8701 8702 8719 8718)
4(8285 8302 8720 8703)
4(8301 8719 8720 8302)
4(8702 8703 8720 8719)
4(8286 8303 8721 8704)
4(8302 8720 8721 8303)
4(8703 8704 8721 8720)
4(8287 8304 8722 8705)
4(8303 8721 8722 8304)
4(8704 8705 8722 8721)
4(8288 8305 8723 8706)
4(8304 8722 8723 8305)
4(8705 8706 8723 8722)
4(8289 8306 8724 8707)
4(8305 8723 8724 8306)
4(8706 8707 8724 8723)
4(8306 8724 245 244)
4(8707 243 245 8724)
4(242 244 245 243)
4(8291 8308 8726 8709)
4(8307 8725 8726 8308)
4(8708 8709 8726 8725)
4(8292 8309 8727 8710)
4(8308 8726 8727 8309)
4(8709 8710 8727 8726)
4(8293 8310 8728 8711)
4(8309 8727 8728 8310)
4(8710 8711 8728 8727)
4(8294 8311 8729 8712)
4(8310 8728 8729 8311)
4(8711 8712 8729 8728)
4(8295 8312 8730 8713)
4(8311 8729 8730 8312)
4(8712 8713 8730 8729)
4(8296 8313 8731 8714)
4(8312 8730 8731 8313)
4(8713 8714 8731 8730)
4(8297 8314 8732 8715)
4(8313 8731 8732 8314)
4(8714 8715 8732 8731)
4(8298 8315 8733 8716)
4(8314 8732 8733 8315)
4(8715 8716 8733 8732)
4(8299 8316 8734 8717)
4(8315 8733 8734 8316)
4(8716 8717 8734 8733)
4(8300 8317 8735 8718)
4(8316 8734 8735 8317)
4(8717 8718 8735 8734)
4(8301 8318 8736 8719)
4(8317 8735 8736 8318)
4(8718 8719 8736 8735)
4(8302 8319 8737 8720)
4(8318 8736 8737 8319)
4(8719 8720 8737 8736)
4(8303 8320 8738 8721)
4(8319 8737 8738 8320)
4(8720 8721 8738 8737)
4(8304 8321 8739 8722)
4(8320 8738 8739 8321)
4(8721 8722 8739 8738)
4(8305 8322 8740 8723)
4(8321 8739 8740 8322)
4(8722 8723 8740 8739)
4(8306 8323 8741 8724)
4(8322 8740 8741 8323)
4(8723 8724 8741 8740)
4(8323 8741 247 246)
4(8724 245 247 8741)
4(244 246 247 245)
4(8308 8325 8743 8726)
4(8324 8742 8743 8325)
4(8725 8726 8743 8742)
4(8309 8326 8744 8727)
4(8325 8743 8744 8326)
4(8726 8727 8744 8743)
4(8310 8327 8745 8728)
4(8326 8744 8745 8327)
4(8727 8728 8745 8744)
4(8311 8328 8746 8729)
4(8327 8745 8746 8328)
4(8728 8729 8746 8745)
4(8312 8329 8747 8730)
4(8328 8746 8747 8329)
4(8729 8730 8747 8746)
4(8313 8330 8748 8731)
4(8329 8747 8748 8330)
4(8730 8731 8748 8747)
4(8314 8331 8749 8732)
4(8330 8748 8749 8331)
4(8731 8732 8749 8748)
4(8315 8332 8750 8733)
4(8331 8749 8750 8332)
4(8732 8733 8750 8749)
4(8316 8333 8751 8734)
4(8332 8750 8751 8333)
4(8733 8734 8751 8750)
4(8317 8334 8752 8735)
4(8333 8751 8752 8334)
4(8734 8735 8752 8751)
4(8318 8335 8753 8736)
4(8334 8752 8753 8335)
4(8735 8736 8753 8752)
4(8319 8336 8754 8737)
4(8335 8753 8754 8336)
4(8736 8737 8754 8753)
4(8320 8337 8755 8738)
4(8336 8754 8755 8337)
4(8737 8738 8755 8754)
4(8321 8338 8756 8739)
4(8337 8755 8756 8338)
4(8738 8739 8756 8755)
4(8322 8339 8757 8740)
4(8338 8756 8757 8339)
4(8739 8740 8757 8756)
4(8323 8340 8758 8741)
4(8339 8757 8758 8340)
4(8740 8741 8758 8757)
4(8340 8758 249 248)
4(8741 247 249 8758)
4(246 248 249 247)
4(8325 8342 8760 8743)
4(8341 8759 8760 8342)
4(8742 8743 8760 8759)
4(8326 8343 8761 8744)
4(8342 8760 8761 8343)
4(8743 8744 8761 8760)
4(8327 8344 8762 8745)
4(8343 8761 8762 8344)
4(8744 8745 8762 8761)
4(8328 8345 8763 8746)
4(8344 8762 8763 8345)
4(8745 8746 8763 8762)
4(8329 8346 8764 8747)
4(8345 8763 8764 8346)
4(8746 8747 8764 8763)
4(8330 8347 8765 8748)
4(8346 8764 8765 8347)
4(8747 8748 8765 8764)
4(8331 8348 8766 8749)
4(8347 8765 8766 8348)
4(8748 8749 8766 8765)
4(8332 8349 8767 8750)
4(8348 8766 8767 8349)
4(8749 8750 8767 8766)
4(8333 8350 8768 8751)
4(8349 8767 8768 8350)
4(8750 8751 8768 8767)
4(8334 8351 8769 8752)
4(8350 8768 8769 8351)
4(8751 8752 8769 8768)
4(8335 8352 8770 8753)
4(8351 8769 8770 8352)
4(8752 8753 8770 8769)
4(8336 8353 8771 8754)
4(8352 8770 8771 8353)
4(8753 8754 8771 8770)
4(8337 8354 8772 8755)
4(8353 8771 8772 8354)
4(8754 8755 8772 8771)
4(8338 8355 8773 8756)
4(8354 8772 8773 8355)
4(8755 8756 8773 8772)
4(8339 8356 8774 8757)
4(8355 8773 8774 8356)
4(8756 8757 8774 8773)
4(8340 8357 8775 8758)
4(8356 8774 8775 8357)
4(8757 8758 8775 8774)
4(8357 8775 251 250)
4(8758 249 251 8775)
4(248 250 251 249)
4(8342 8359 8777 8760)
4(8358 8776 8777 8359)
4(8759 8760 8777 8776)
4(8343 8360 8778 8761)
4(8359 8777 8778 8360)
4(8760 8761 8778 8777)
4(8344 8361 8779 8762)
4(8360 8778 8779 8361)
4(8761 8762 8779 8778)
4(8345 8362 8780 8763)
4(8361 8779 8780 8362)
4(8762 8763 8780 8779)
4(8346 8363 8781 8764)
4(8362 8780 8781 8363)
4(8763 8764 8781 8780)
4(8347 8364 8782 8765)
4(8363 8781 8782 8364)
4(8764 8765 8782 8781)
4(8348 8365 8783 8766)
4(8364 8782 8783 8365)
4(8765 8766 8783 8782)
4(8349 8366 8784 8767)
4(8365 8783 8784 8366)
4(8766 8767 8784 8783)
4(8350 8367 8785 8768)
4(8366 8784 8785 8367)
4(8767 8768 8785 8784)
4(8351 8368 8786 8769)
4(8367 8785 8786 8368)
4(8768 8769 8786 8785)
4(8352 8369 8787 8770)
4(8368 8786 8787 8369)
4(8769 8770 8787 8786)
4(8353 8370 8788 8771)
4(8369 8787 8788 8370)
4(8770 8771 8788 8787)
4(8354 8371 8789 8772)
4(8370 8788 8789 8371)
4(8771 8772 8789 8788)
4(8355 8372 8790 8773)
4(8371 8789 8790 8372)
4(8772 8773 8790 8789)
4(8356 8373 8791 8774)
4(8372 8790 8791 8373)
4(8773 8774 8791 8790)
4(8357 8374 8792 8775)
4(8373 8791 8792 8374)
4(8774 8775 8792 8791)
4(8374 8792 253 252)
4(8775 251 253 8792)
4(250 252 253 251)
4(8359 8376 8794 8777)
4(8375 8793 8794 8376)
4(8776 8777 8794 8793)
4(8360 8377 8795 8778)
4(8376 8794 8795 8377)
4(8777 8778 8795 8794)
4(8361 8378 8796 8779)
4(8377 8795 8796 8378)
4(8778 8779 8796 8795)
4(8362 8379 8797 8780)
4(8378 8796 8797 8379)
4(8779 8780 8797 8796)
4(8363 8380 8798 8781)
4(8379 8797 8798 8380)
4(8780 8781 8798 8797)
4(8364 8381 8799 8782)
4(8380 8798 8799 8381)
4(8781 8782 8799 8798)
4(8365 8382 8800 8783)
4(8381 8799 8800 8382)
4(8782 8783 8800 8799)
4(8366 8383 8801 8784)
4(8382 8800 8801 8383)
4(8783 8784 8801 8800)
4(8367 8384 8802 8785)
4(8383 8801 8802 8384)
4(8784 8785 8802 8801)
4(8368 8385 8803 8786)
4(8384 8802 8803 8385)
4(8785 8786 8803 8802)
4(8369 8386 8804 8787)
4(8385 8803 8804 8386)
4(8786 8787 8804 8803)
4(8370 8387 8805 8788)
4(8386 8804 8805 8387)
4(8787 8788 8805 8804)
4(8371 8388 8806 8789)
4(8387 8805 8806 8388)
4(8788 8789 8806 8805)
4(8372 8389 8807 8790)
4(8388 8806 8807 8389)
4(8789 8790 8807 8806)
4(8373 8390 8808 8791)
4(8389 8807 8808 8390)
4(8790 8791 8808 8807)
4(8374 8391 8809 8792)
4(8390 8808 8809 8391)
4(8791 8792 8809 8808)
4(8391 8809 255 254)
4(8792 253 255 8809)
4(252 254 255 253)
4(8376 8393 8811 8794)
4(8392 8810 8811 8393)
4(8793 8794 8811 8810)
4(8377 8394 8812 8795)
4(8393 8811 8812 8394)
4(8794 8795 8812 8811)
4(8378 8395 8813 8796)
4(8394 8812 8813 8395)
4(8795 8796 8813 8812)
4(8379 8396 8814 8797)
4(8395 8813 8814 8396)
4(8796 8797 8814 8813)
4(8380 8397 8815 8798)
4(8396 8814 8815 8397)
4(8797 8798 8815 8814)
4(8381 8398 8816 8799)
4(8397 8815 8816 8398)
4(8798 8799 8816 8815)
4(8382 8399 8817 8800)
4(8398 8816 8817 8399)
4(8799 8800 8817 8816)
4(8383 8400 8818 8801)
4(8399 8817 8818 8400)
4(8800 8801 8818 8817)
4(8384 8401 8819 8802)
4(8400 8818 8819 8401)
4(8801 8802 8819 8818)
4(8385 8402 8820 8803)
4(8401 8819 8820 8402)
4(8802 8803 8820 8819)
4(8386 8403 8821 8804)
4(8402 8820 8821 8403)
4(8803 8804 8821 8820)
4(8387 8404 8822 8805)
4(8403 8821 8822 8404)
4(8804 8805 8822 8821)
4(8388 8405 8823 8806)
4(8404 8822 8823 8405)
4(8805 8806 8823 8822)
4(8389 8406 8824 8807)
4(8405 8823 8824 8406)
4(8806 8807 8824 8823)
4(8390 8407 8825 8808)
4(8406 8824 8825 8407)
4(8807 8808 8825 8824)
4(8391 8408 8826 8809)
4(8407 8825 8826 8408)
4(8808 8809 8826 8825)
4(8408 8826 257 256)
4(8809 255 257 8826)
4(254 256 257 255)
4(8393 8410 8828 8811)
4(8409 8827 8828 8410)
4(8810 8811 8828 8827)
4(8394 8411 8829 8812)
4(8410 8828 8829 8411)
4(8811 8812 8829 8828)
4(8395 8412 8830 8813)
4(8411 8829 8830 8412)
4(8812 8813 8830 8829)
4(8396 8413 8831 8814)
4(8412 8830 8831 8413)
4(8813 8814 8831 8830)
4(8397 8414 8832 8815)
4(8413 8831 8832 8414)
4(8814 8815 8832 8831)
4(8398 8415 8833 8816)
4(8414 8832 8833 8415)
4(8815 8816 8833 8832)
4(8399 8416 8834 8817)
4(8415 8833 8834 8416)
4(8816 8817 8834 8833)
4(8400 8417 8835 8818)
4(8416 8834 8835 8417)
4(8817 8818 8835 8834)
4(8401 8418 8836 8819)
4(8417 8835 8836 8418)
4(8818 8819 8836 8835)
4(8402 8419 8837 8820)
4(8418 8836 8837 8419)
4(8819 8820 8837 8836)
4(8403 8420 8838 8821)
4(8419 8837 8838 8420)
4(8820 8821 8838 8837)
4(8404 8421 8839 8822)
4(8420 8838 8839 8421)
4(8821 8822 8839 8838)
4(8405 8422 8840 8823)
4(8421 8839 8840 8422)
4(8822 8823 8840 8839)
4(8406 8423 8841 8824)
4(8422 8840 8841 8423)
4(8823 8824 8841 8840)
4(8407 8424 8842 8825)
4(8423 8841 8842 8424)
4(8824 8825 8842 8841)
4(8408 8425 8843 8826)
4(8424 8842 8843 8425)
4(8825 8826 8843 8842)
4(8425 8843 259 258)
4(8826 257 259 8843)
4(256 258 259 257)
4(8410 8427 8845 8828)
4(8426 8844 8845 8427)
4(8827 8828 8845 8844)
4(8411 8428 8846 8829)
4(8427 8845 8846 8428)
4(8828 8829 8846 8845)
4(8412 8429 8847 8830)
4(8428 8846 8847 8429)
4(8829 8830 8847 8846)
4(8413 8430 8848 8831)
4(8429 8847 8848 8430)
4(8830 8831 8848 8847)
4(8414 8431 8849 8832)
4(8430 8848 8849 8431)
4(8831 8832 8849 8848)
4(8415 8432 8850 8833)
4(8431 8849 8850 8432)
4(8832 8833 8850 8849)
4(8416 8433 8851 8834)
4(8432 8850 8851 8433)
4(8833 8834 8851 8850)
4(8417 8434 8852 8835)
4(8433 8851 8852 8434)
4(8834 8835 8852 8851)
4(8418 8435 8853 8836)
4(8434 8852 8853 8435)
4(8835 8836 8853 8852)
4(8419 8436 8854 8837)
4(8435 8853 8854 8436)
4(8836 8837 8854 8853)
4(8420 8437 8855 8838)
4(8436 8854 8855 8437)
4(8837 8838 8855 8854)
4(8421 8438 8856 8839)
4(8437 8855 8856 8438)
4(8838 8839 8856 8855)
4(8422 8439 8857 8840)
4(8438 8856 8857 8439)
4(8839 8840 8857 8856)
4(8423 8440 8858 8841)
4(8439 8857 8858 8440)
4(8840 8841 8858 8857)
4(8424 8441 8859 8842)
4(8440 8858 8859 8441)
4(8841 8842 8859 8858)
4(8425 8442 8860 8843)
4(8441 8859 8860 8442)
4(8842 8843 8860 8859)
4(8442 8860 261 260)
4(8843 259 261 8860)
4(258 260 261 259)
4(8427 8444 8862 8845)
4(8443 8861 8862 8444)
4(8844 8845 8862 8861)
4(8428 8445 8863 8846)
4(8444 8862 8863 8445)
4(8845 8846 8863 8862)
4(8429 8446 8864 8847)
4(8445 8863 8864 8446)
4(8846 8847 8864 8863)
4(8430 8447 8865 8848)
4(8446 8864 8865 8447)
4(8847 8848 8865 8864)
4(8431 8448 8866 8849)
4(8447 8865 8866 8448)
4(8848 8849 8866 8865)
4(8432 8449 8867 8850)
4(8448 8866 8867 8449)
4(8849 8850 8867 8866)
4(8433 8450 8868 8851)
4(8449 8867 8868 8450)
4(8850 8851 8868 8867)
4(8434 8451 8869 8852)
4(8450 8868 8869 8451)
4(8851 8852 8869 8868)
4(8435 8452 8870 8853)
4(8451 8869 8870 8452)
4(8852 8853 8870 8869)
4(8436 8453 8871 8854)
4(8452 8870 8871 8453)
4(8853 8854 8871 8870)
4(8437 8454 8872 8855)
4(8453 8871 8872 8454)
4(8854 8855 8872 8871)
4(8438 8455 8873 8856)
4(8454 8872 8873 8455)
4(8855 8856 8873 8872)
4(8439 8456 8874 8857)
4(8455 8873 8874 8456)
4(8856 8857 8874 8873)
4(8440 8457 8875 8858)
4(8456 8874 8875 8457)
4(8857 8858 8875 8874)
4(8441 8458 8876 8859)
4(8457 8875 8876 8458)
4(8858 8859 8876 8875)
4(8442 8459 8877 8860)
4(8458 8876 8877 8459)
4(8859 8860 8877 8876)
4(8459 8877 263 262)
4(8860 261 263 8877)
4(260 262 263 261)
4(8444 8461 8879 8862)
4(8460 8878 8879 8461)
4(8861 8862 8879 8878)
4(8445 8462 8880 8863)
4(8461 8879 8880 8462)
4(8862 8863 8880 8879)
4(8446 8463 8881 8864)
4(8462 8880 8881 8463)
4(8863 8864 8881 8880)
4(8447 8464 8882 8865)
4(8463 8881 8882 8464)
4(8864 8865 8882 8881)
4(8448 8465 8883 8866)
4(8464 8882 8883 8465)
4(8865 8866 8883 8882)
4(8449 8466 8884 8867)
4(8465 8883 8884 8466)
4(8866 8867 8884 8883)
4(8450 8467 8885 8868)
4(8466 8884 8885 8467)
4(8867 8868 8885 8884)
4(8451 8468 8886 8869)
4(8467 8885 8886 8468)
4(8868 8869 8886 8885)
4(8452 8469 8887 8870)
4(8468 8886 8887 8469)
4(8869 8870 8887 8886)
4(8453 8470 8888 8871)
4(8469 8887 8888 8470)
4(8870 8871 8888 8887)
4(8454 8471 8889 8872)
4(8470 8888 8889 8471)
4(8871 8872 8889 8888)
4(8455 8472 8890 8873)
4(8471 8889 8890 8472)
4(8872 8873 8890 8889)
4(8456 8473 8891 8874)
4(8472 8890 8891 8473)
4(8873 8874 8891 8890)
4(8457 8474 8892 8875)
4(8473 8891 8892 8474)
4(8874 8875 8892 8891)
4(8458 8475 8893 8876)
4(8474 8892 8893 8475)
4(8875 8876 8893 8892)
4(8459 8476 8894 8877)
4(8475 8893 8894 8476)
4(8876 8877 8894 8893)
4(8476 8894 265 264)
4(8877 263 265 8894)
4(262 264 265 263)
4(8461 8478 8896 8879)
4(8477 8895 8896 8478)
4(8878 8879 8896 8895)
4(8462 8479 8897 8880)
4(8478 8896 8897 8479)
4(8879 8880 8897 8896)
4(8463 8480 8898 8881)
4(8479 8897 8898 8480)
4(8880 8881 8898 8897)
4(8464 8481 8899 8882)
4(8480 8898 8899 8481)
4(8881 8882 8899 8898)
4(8465 8482 8900 8883)
4(8481 8899 8900 8482)
4(8882 8883 8900 8899)
4(8466 8483 8901 8884)
4(8482 8900 8901 8483)
4(8883 8884 8901 8900)
4(8467 8484 8902 8885)
4(8483 8901 8902 8484)
4(8884 8885 8902 8901)
4(8468 8485 8903 8886)
4(8484 8902 8903 8485)
4(8885 8886 8903 8902)
4(8469 8486 8904 8887)
4(8485 8903 8904 8486)
4(8886 8887 8904 8903)
4(8470 8487 8905 8888)
4(8486 8904 8905 8487)
4(8887 8888 8905 8904)
4(8471 8488 8906 8889)
4(8487 8905 8906 8488)
4(8888 8889 8906 8905)
4(8472 8489 8907 8890)
4(8488 8906 8907 8489)
4(8889 8890 8907 8906)
4(8473 8490 8908 8891)
4(8489 8907 8908 8490)
4(8890 8891 8908 8907)
4(8474 8491 8909 8892)
4(8490 8908 8909 8491)
4(8891 8892 8909 8908)
4(8475 8492 8910 8893)
4(8491 8909 8910 8492)
4(8892 8893 8910 8909)
4(8476 8493 8911 8894)
4(8492 8910 8911 8493)
4(8893 8894 8911 8910)
4(8493 8911 267 266)
4(8894 265 267 8911)
4(264 266 267 265)
4(8478 8495 8913 8896)
4(8494 8912 8913 8495)
4(8895 8896 8913 8912)
4(8479 8496 8914 8897)
4(8495 8913 8914 8496)
4(8896 8897 8914 8913)
4(8480 8497 8915 8898)
4(8496 8914 8915 8497)
4(8897 8898 8915 8914)
4(8481 8498 8916 8899)
4(8497 8915 8916 8498)
4(8898 8899 8916 8915)
4(8482 8499 8917 8900)
4(8498 8916 8917 8499)
4(8899 8900 8917 8916)
4(8483 8500 8918 8901)
4(8499 8917 8918 8500)
4(8900 8901 8918 8917)
4(8484 8501 8919 8902)
4(8500 8918 8919 8501)
4(8901 8902 8919 8918)
4(8485 8502 8920 8903)
4(8501 8919 8920 8502)
4(8902 8903 8920 8919)
4(8486 8503 8921 8904)
4(8502 8920 8921 8503)
4(8903 8904 8921 8920)
4(8487 8504 8922 8905)
4(8503 8921 8922 8504)
4(8904 8905 8922 8921)
4(8488 8505 8923 8906)
4(8504 8922 8923 8505)
4(8905 8906 8923 8922)
4(8489 8506 8924 8907)
4(8505 8923 8924 8506)
4(8906 8907 8924 8923)
4(8490 8507 8925 8908)
4(8506 8924 8925 8507)
4(8907 8908 8925 8924)
4(8491 8508 8926 8909)
4(8507 8925 8926 8508)
4(8908 8909 8926 8925)
4(8492 8509 8927 8910)
4(8508 8926 8927 8509)
4(8909 8910 8927 8926)
4(8493 8510 8928 8911)
4(8509 8927 8928 8510)
4(8910 8911 8928 8927)
4(8510 8928 269 268)
4(8911 267 269 8928)
4(266 268 269 267)
4(8495 8512 8930 8913)
4(8511 8929 8930 8512)
4(8912 8913 8930 8929)
4(8496 8513 8931 8914)
4(8512 8930 8931 8513)
4(8913 8914 8931 8930)
4(8497 8514 8932 8915)
4(8513 8931 8932 8514)
4(8914 8915 8932 8931)
4(8498 8515 8933 8916)
4(8514 8932 8933 8515)
4(8915 8916 8933 8932)
4(8499 8516 8934 8917)
4(8515 8933 8934 8516)
4(8916 8917 8934 8933)
4(8500 8517 8935 8918)
4(8516 8934 8935 8517)
4(8917 8918 8935 8934)
4(8501 8518 8936 8919)
4(8517 8935 8936 8518)
4(8918 8919 8936 8935)
4(8502 8519 8937 8920)
4(8518 8936 8937 8519)
4(8919 8920 8937 8936)
4(8503 8520 8938 8921)
4(8519 8937 8938 8520)
4(8920 8921 8938 8937)
4(8504 8521 8939 8922)
4(8520 8938 8939 8521)
4(8921 8922 8939 8938)
4(8505 8522 8940 8923)
4(8521 8939 8940 8522)
4(8922 8923 8940 8939)
4(8506 8523 8941 8924)
4(8522 8940 8941 8523)
4(8923 8924 8941 8940)
4(8507 8524 8942 8925)
4(8523 8941 8942 8524)
4(8924 8925 8942 8941)
4(8508 8525 8943 8926)
4(8524 8942 8943 8525)
4(8925 8926 8943 8942)
4(8509 8526 8944 8927)
4(8525 8943 8944 8526)
4(8926 8927 8944 8943)
4(8510 8527 8945 8928)
4(8526 8944 8945 8527)
4(8927 8928 8945 8944)
4(8527 8945 271 270)
4(8928 269 271 8945)
4(268 270 271 269)
4(8512 8529 8947 8930)
4(8929 8930 8947 8946)
4(8513 8530 8948 8931)
4(8930 8931 8948 8947)
4(8514 8531 8949 8932)
4(8931 8932 8949 8948)
4(8515 8532 8950 8933)
4(8932 8933 8950 8949)
4(8516 8533 8951 8934)
4(8933 8934 8951 8950)
4(8517 8534 8952 8935)
4(8934 8935 8952 8951)
4(8518 8535 8953 8936)
4(8935 8936 8953 8952)
4(8519 8536 8954 8937)
4(8936 8937 8954 8953)
4(8520 8537 8955 8938)
4(8937 8938 8955 8954)
4(8521 8538 8956 8939)
4(8938 8939 8956 8955)
4(8522 8539 8957 8940)
4(8939 8940 8957 8956)
4(8523 8540 8958 8941)
4(8940 8941 8958 8957)
4(8524 8541 8959 8942)
4(8941 8942 8959 8958)
4(8525 8542 8960 8943)
4(8942 8943 8960 8959)
4(8526 8543 8961 8944)
4(8943 8944 8961 8960)
4(8527 8544 8962 8945)
4(8944 8945 8962 8961)
4(8945 271 273 8962)
4(270 272 273 271)
4(382 8545 431 414)
4(412 430 431 8545)
4(384 8546 432 415)
4(8545 431 432 8546)
4(386 8547 8963 416)
4(8546 432 8963 8547)
4(415 416 8963 432)
4(388 8548 8964 417)
4(8547 8963 8964 8548)
4(416 417 8964 8963)
4(390 8549 8965 418)
4(8548 8964 8965 8549)
4(417 418 8965 8964)
4(392 8550 8966 419)
4(8549 8965 8966 8550)
4(418 419 8966 8965)
4(394 8551 8967 420)
4(8550 8966 8967 8551)
4(419 420 8967 8966)
4(396 8552 8968 421)
4(8551 8967 8968 8552)
4(420 421 8968 8967)
4(398 8553 8969 422)
4(8552 8968 8969 8553)
4(421 422 8969 8968)
4(400 8554 8970 423)
4(8553 8969 8970 8554)
4(422 423 8970 8969)
4(8554 8970 274 225)
4(423 37 274 8970)
4(5 225 274 37)
4(404 8556 8972 425)
4(8555 8971 8972 8556)
4(424 425 8972 8971)
4(406 8557 8973 426)
4(8556 8972 8973 8557)
4(425 426 8973 8972)
4(409 8558 8974 427)
4(8557 8973 8974 8558)
4(426 427 8974 8973)
4(410 8559 8975 428)
4(8558 8974 8975 8559)
4(427 428 8975 8974)
4(411 8560 8976 429)
4(8559 8975 8976 8560)
4(428 429 8976 8975)
4(412 8561 8977 430)
4(8560 8976 8977 8561)
4(429 430 8977 8976)
4(8545 8562 8978 431)
4(8561 8977 8978 8562)
4(430 431 8978 8977)
4(8546 8563 8979 432)
4(8562 8978 8979 8563)
4(431 432 8979 8978)
4(8547 8564 8980 8963)
4(8563 8979 8980 8564)
4(432 8963 8980 8979)
4(8548 8565 8981 8964)
4(8564 8980 8981 8565)
4(8963 8964 8981 8980)
4(8549 8566 8982 8965)
4(8565 8981 8982 8566)
4(8964 8965 8982 8981)
4(8550 8567 8983 8966)
4(8566 8982 8983 8567)
4(8965 8966 8983 8982)
4(8551 8568 8984 8967)
4(8567 8983 8984 8568)
4(8966 8967 8984 8983)
4(8552 8569 8985 8968)
4(8568 8984 8985 8569)
4(8967 8968 8985 8984)
4(8553 8570 8986 8969)
4(8569 8985 8986 8570)
4(8968 8969 8986 8985)
4(8554 8571 8987 8970)
4(8570 8986 8987 8571)
4(8969 8970 8987 8986)
4(8571 8987 275 227)
4(8970 274 275 8987)
4(225 227 275 274)
4(8556 8573 8989 8972)
4(8572 8988 8989 8573)
4(8971 8972 8989 8988)
4(8557 8574 8990 8973)
4(8573 8989 8990 8574)
4(8972 8973 8990 8989)
4(8558 8575 8991 8974)
4(8574 8990 8991 8575)
4(8973 8974 8991 8990)
4(8559 8576 8992 8975)
4(8575 8991 8992 8576)
4(8974 8975 8992 8991)
4(8560 8577 8993 8976)
4(8576 8992 8993 8577)
4(8975 8976 8993 8992)
4(8561 8578 8994 8977)
4(8577 8993 8994 8578)
4(8976 8977 8994 8993)
4(8562 8579 8995 8978)
4(8578 8994 8995 8579)
4(8977 8978 8995 8994)
4(8563 8580 8996 8979)
4(8579 8995 8996 8580)
4(8978 8979 8996 8995)
4(8564 8581 8997 8980)
4(8580 8996 8997 8581)
4(8979 8980 8997 8996)
4(8565 8582 8998 8981)
4(8581 8997 8998 8582)
4(8980 8981 8998 8997)
4(8566 8583 8999 8982)
4(8582 8998 8999 8583)
4(8981 8982 8999 8998)
4(8567 8584 9000 8983)
4(8583 8999 9000 8584)
4(8982 8983 9000 8999)
4(8568 8585 9001 8984)
4(8584 9000 9001 8585)
4(8983 8984 9001 9000)
4(8569 8586 9002 8985)
4(8585 9001 9002 8586)
4(8984 8985 9002 9001)
4(8570 8587 9003 8986)
4(8586 9002 9003 8587)
4(8985 8986 9003 9002)
4(8571 8588 9004 8987)
4(8587 9003 9004 8588)
4(8986 8987 9004 9003)
4(8588 9004 276 229)
4(8987 275 276 9004)
4(227 229 276 275)
4(8573 8590 9006 8989)
4(8589 9005 9006 8590)
4(8988 8989 9006 9005)
4(8574 8591 9007 8990)
4(8590 9006 9007 8591)
4(8989 8990 9007 9006)
4(8575 8592 9008 8991)
4(8591 9007 9008 8592)
4(8990 8991 9008 9007)
4(8576 8593 9009 8992)
4(8592 9008 9009 8593)
4(8991 8992 9009 9008)
4(8577 8594 9010 8993)
4(8593 9009 9010 8594)
4(8992 8993 9010 9009)
4(8578 8595 9011 8994)
4(8594 9010 9011 8595)
4(8993 8994 9011 9010)
4(8579 8596 9012 8995)
4(8595 9011 9012 8596)
4(8994 8995 9012 9011)
4(8580 8597 9013 8996)
4(8596 9012 9013 8597)
4(8995 8996 9013 9012)
4(8581 8598 9014 8997)
4(8597 9013 9014 8598)
4(8996 8997 9014 9013)
4(8582 8599 9015 8998)
4(8598 9014 9015 8599)
4(8997 8998 9015 9014)
4(8583 8600 9016 8999)
4(8599 9015 9016 8600)
4(8998 8999 9016 9015)
4(8584 8601 9017 9000)
4(8600 9016 9017 8601)
4(8999 9000 9017 9016)
4(8585 8602 9018 9001)
4(8601 9017 9018 8602)
4(9000 9001 9018 9017)
4(8586 8603 9019 9002)
4(8602 9018 9019 8603)
4(9001 9002 9019 9018)
4(8587 8604 9020 9003)
4(8603 9019 9020 8604)
4(9002 9003 9020 9019)
4(8588 8605 9021 9004)
4(8604 9020 9021 8605)
4(9003 9004 9021 9020)
4(8605 9021 277 231)
4(9004 276 277 9021)
4(229 231 277 276)
4(8590 8607 9023 9006)
4(8606 9022 9023 8607)
4(9005 9006 9023 9022)
4(8591 8608 9024 9007)
4(8607 9023 9024 8608)
4(9006 9007 9024 9023)
4(8592 8609 9025 9008)
4(8608 9024 9025 8609)
4(9007 9008 9025 9024)
4(8593 8610 9026 9009)
4(8609 9025 9026 8610)
4(9008 9009 9026 9025)
4(8594 8611 9027 9010)
4(8610 9026 9027 8611)
4(9009 9010 9027 9026)
4(8595 8612 9028 9011)
4(8611 9027 9028 8612)
4(9010 9011 9028 9027)
4(8596 8613 9029 9012)
4(8612 9028 9029 8613)
4(9011 9012 9029 9028)
4(8597 8614 9030 9013)
4(8613 9029 9030 8614)
4(9012 9013 9030 9029)
4(8598 8615 9031 9014)
4(8614 9030 9031 8615)
4(9013 9014 9031 9030)
4(8599 8616 9032 9015)
4(8615 9031 9032 8616)
4(9014 9015 9032 9031)
4(8600 8617 9033 9016)
4(8616 9032 9033 8617)
4(9015 9016 9033 9032)
4(8601 8618 9034 9017)
4(8617 9033 9034 8618)
4(9016 9017 9034 9033)
4(8602 8619 9035 9018)
4(8618 9034 9035 8619)
4(9017 9018 9035 9034)
4(8603 8620 9036 9019)
4(8619 9035 9036 8620)
4(9018 9019 9036 9035)
4(8604 8621 9037 9020)
4(8620 9036 9037 8621)
4(9019 9020 9037 9036)
4(8605 8622 9038 9021)
4(8621 9037 9038 8622)
4(9020 9021 9038 9037)
4(8622 9038 278 233)
4(9021 277 278 9038)
4(231 233 278 277)
4(8607 8624 9040 9023)
4(8623 9039 9040 8624)
4(9022 9023 9040 9039)
4(8608 8625 9041 9024)
4(8624 9040 9041 8625)
4(9023 9024 9041 9040)
4(8609 8626 9042 9025)
4(8625 9041 9042 8626)
4(9024 9025 9042 9041)
4(8610 8627 9043 9026)
4(8626 9042 9043 8627)
4(9025 9026 9043 9042)
4(8611 8628 9044 9027)
4(8627 9043 9044 8628)
4(9026 9027 9044 9043)
4(8612 8629 9045 9028)
4(8628 9044 9045 8629)
4(9027 9028 9045 9044)
4(8613 8630 9046 9029)
4(8629 9045 9046 8630)
4(9028 9029 9046 9045)
4(8614 8631 9047 9030)
4(8630 9046 9047 8631)
4(9029 9030 9047 9046)
4(8615 8632 9048 9031)
4(8631 9047 9048 8632)
4(9030 9031 9048 9047)
4(8616 8633 9049 9032)
4(8632 9048 9049 8633)
4(9031 9032 9049 9048)
4(8617 8634 9050 9033)
4(8633 9049 9050 8634)
4(9032 9033 9050 9049)
4(8618 8635 9051 9034)
4(8634 9050 9051 8635)
4(9033 9034 9051 9050)
4(8619 8636 9052 9035)
4(8635 9051 9052 8636)
4(9034 9035 9052 9051)
4(8620 8637 9053 9036)
4(8636 9052 9053 8637)
4(9035 9036 9053 9052)
4(8621 8638 9054 9037)
4(8637 9053 9054 8638)
4(9036 9037 9054 9053)
4(8622 8639 9055 9038)
4(8638 9054 9055 8639)
4(9037 9038 9055 9054)
4(8639 9055 279 235)
4(9038 278 279 9055)
4(233 235 279 278)
4(8624 8641 9057 9040)
4(8640 9056 9057 8641)
4(9039 9040 9057 9056)
4(8625 8642 9058 9041)
4(8641 9057 9058 8642)
4(9040 9041 9058 9057)
4(8626 8643 9059 9042)
4(8642 9058 9059 8643)
4(9041 9042 9059 9058)
4(8627 8644 9060 9043)
4(8643 9059 9060 8644)
4(9042 9043 9060 9059)
4(8628 8645 9061 9044)
4(8644 9060 9061 8645)
4(9043 9044 9061 9060)
4(8629 8646 9062 9045)
4(8645 9061 9062 8646)
4(9044 9045 9062 9061)
4(8630 8647 9063 9046)
4(8646 9062 9063 8647)
4(9045 9046 9063 9062)
4(8631 8648 9064 9047)
4(8647 9063 9064 8648)
4(9046 9047 9064 9063)
4(8632 8649 9065 9048)
4(8648 9064 9065 8649)
4(9047 9048 9065 9064)
4(8633 8650 9066 9049)
4(8649 9065 9066 8650)
4(9048 9049 9066 9065)
4(8634 8651 9067 9050)
4(8650 9066 9067 8651)
4(9049 9050 9067 9066)
4(8635 8652 9068 9051)
4(8651 9067 9068 8652)
4(9050 9051 9068 9067)
4(8636 8653 9069 9052)
4(8652 9068 9069 8653)
4(9051 9052 9069 9068)
4(8637 8654 9070 9053)
4(8653 9069 9070 8654)
4(9052 9053 9070 9069)
4(8638 8655 9071 9054)
4(8654 9070 9071 8655)
4(9053 9054 9071 9070)
4(8639 8656 9072 9055)
4(8655 9071 9072 8656)
4(9054 9055 9072 9071)
4(8656 9072 280 237)
4(9055 279 280 9072)
4(235 237 280 279)
4(8641 8658 9074 9057)
4(8657 9073 9074 8658)
4(9056 9057 9074 9073)
4(8642 8659 9075 9058)
4(8658 9074 9075 8659)
4(9057 9058 9075 9074)
4(8643 8660 9076 9059)
4(8659 9075 9076 8660)
4(9058 9059 9076 9075)
4(8644 8661 9077 9060)
4(8660 9076 9077 8661)
4(9059 9060 9077 9076)
4(8645 8662 9078 9061)
4(8661 9077 9078 8662)
4(9060 9061 9078 9077)
4(8646 8663 9079 9062)
4(8662 9078 9079 8663)
4(9061 9062 9079 9078)
4(8647 8664 9080 9063)
4(8663 9079 9080 8664)
4(9062 9063 9080 9079)
4(8648 8665 9081 9064)
4(8664 9080 9081 8665)
4(9063 9064 9081 9080)
4(8649 8666 9082 9065)
4(8665 9081 9082 8666)
4(9064 9065 9082 9081)
4(8650 8667 9083 9066)
4(8666 9082 9083 8667)
4(9065 9066 9083 9082)
4(8651 8668 9084 9067)
4(8667 9083 9084 8668)
4(9066 9067 9084 9083)
4(8652 8669 9085 9068)
4(8668 9084 9085 8669)
4(9067 9068 9085 9084)
4(8653 8670 9086 9069)
4(8669 9085 9086 8670)
4(9068 9069 9086 9085)
4(8654 8671 9087 9070)
4(8670 9086 9087 8671)
4(9069 9070 9087 9086)
4(8655 8672 9088 9071)
4(8671 9087 9088 8672)
4(9070 9071 9088 9087)
4(8656 8673 9089 9072)
4(8672 9088 9089 8673)
4(9071 9072 9089 9088)
4(8673 9089 281 239)
4(9072 280 281 9089)
4(237 239 281 280)
4(8658 8675 9091 9074)
4(8674 9090 9091 8675)
4(9073 9074 9091 9090)
4(8659 8676 9092 9075)
4(8675 9091 9092 8676)
4(9074 9075 9092 9091)
4(8660 8677 9093 9076)
4(8676 9092 9093 8677)
4(9075 9076 9093 9092)
4(8661 8678 9094 9077)
4(8677 9093 9094 8678)
4(9076 9077 9094 9093)
4(8662 8679 9095 9078)
4(8678 9094 9095 8679)
4(9077 9078 9095 9094)
4(8663 8680 9096 9079)
4(8679 9095 9096 8680)
4(9078 9079 9096 9095)
4(8664 8681 9097 9080)
4(8680 9096 9097 8681)
4(9079 9080 9097 9096)
4(8665 8682 9098 9081)
4(8681 9097 9098 8682)
4(9080 9081 9098 9097)
4(8666 8683 9099 9082)
4(8682 9098 9099 8683)
4(9081 9082 9099 9098)
4(8667 8684 9100 9083)
4(8683 9099 9100 8684)
4(9082 9083 9100 9099)
4(8668 8685 9101 9084)
4(8684 9100 9101 8685)
4(9083 9084 9101 9100)
4(8669 8686 9102 9085)
4(8685 9101 9102 8686)
4(9084 9085 9102 9101)
4(8670 8687 9103 9086)
4(8686 9102 9103 8687)
4(9085 9086 9103 9102)
4(8671 8688 9104 9087)
4(8687 9103 9104 8688)
4(9086 9087 9104 9103)
4(8672 8689 9105 9088)
4(8688 9104 9105 8689)
4(9087 9088 9105 9104)
4(8673 8690 9106 9089)
4(8689 9105 9106 8690)
4(9088 9089 9106 9105)
4(8690 9106 282 241)
4(9089 281 282 9106)
4(239 241 282 281)
4(8675 8692 9108 9091)
4(8691 9107 9108 8692)
4(9090 9091 9108 9107)
4(8676 8693 9109 9092)
4(8692 9108 9109 8693)
4(9091 9092 9109 9108)
4(8677 8694 9110 9093)
4(8693 9109 9110 8694)
4(9092 9093 9110 9109)
4(8678 8695 9111 9094)
4(8694 9110 9111 8695)
4(9093 9094 9111 9110)
4(8679 8696 9112 9095)
4(8695 9111 9112 8696)
4(9094 9095 9112 9111)
4(8680 8697 9113 9096)
4(8696 9112 9113 8697)
4(9095 9096 9113 9112)
4(8681 8698 9114 9097)
4(8697 9113 9114 8698)
4(9096 9097 9114 9113)
4(8682 8699 9115 9098)
4(8698 9114 9115 8699)
4(9097 9098 9115 9114)
4(8683 8700 9116 9099)
4(8699 9115 9116 8700)
4(9098 9099 9116 9115)
4(8684 8701 9117 9100)
4(8700 9116 9117 8701)
4(9099 9100 9117 9116)
4(8685 8702 9118 9101)
4(8701 9117 9118 8702)
4(9100 9101 9118 9117)
4(8686 8703 9119 9102)
4(8702 9118 9119 8703)
4(9101 9102 9119 9118)
4(8687 8704 9120 9103)
4(8703 9119 9120 8704)
4(9102 9103 9120 9119)
4(8688 8705 9121 9104)
4(8704 9120 9121 8705)
4(9103 9104 9121 9120)
4(8689 8706 9122 9105)
4(8705 9121 9122 8706)
4(9104 9105 9122 9121)
4(8690 8707 9123 9106)
4(8706 9122 9123 8707)
4(9105 9106 9123 9122)
4(8707 9123 283 243)
4(9106 282 283 9123)
4(241 243 283 282)
4(8692 8709 9125 9108)
4(8708 9124 9125 8709)
4(9107 9108 9125 9124)
4(8693 8710 9126 9109)
4(8709 9125 9126 8710)
4(9108 9109 9126 9125)
4(8694 8711 9127 9110)
4(8710 9126 9127 8711)
4(9109 9110 9127 9126)
4(8695 8712 9128 9111)
4(8711 9127 9128 8712)
4(9110 9111 9128 9127)
4(8696 8713 9129 9112)
4(8712 9128 9129 8713)
4(9111 9112 9129 9128)
4(8697 8714 9130 9113)
4(8713 9129 9130 8714)
4(9112 9113 9130 9129)
4(8698 8715 9131 9114)
4(8714 9130 9131 8715)
4(9113 9114 9131 9130)
4(8699 8716 9132 9115)
4(8715 9131 9132 8716)
4(9114 9115 9132 9131)
4(8700 8717 9133 9116)
4(8716 9132 9133 8717)
4(9115 9116 9133 9132)
4(8701 8718 9134 9117)
4(8717 9133 9134 8718)
4(9116 9117 9134 9133)
4(8702 8719 9135 9118)
4(8718 9134 9135 8719)
4(9117 9118 9135 9134)
4(8703 8720 9136 9119)
4(8719 9135 9136 8720)
4(9118 9119 9136 9135)
4(8704 8721 9137 9120)
4(8720 9136 9137 8721)
4(9119 9120 9137 9136)
4(8705 8722 9138 9121)
4(8721 9137 9138 8722)
4(9120 9121 9138 9137)
4(8706 8723 9139 9122)
4(8722 9138 9139 8723)
4(9121 9122 9139 9138)
4(8707 8724 9140 9123)
4(8723 9139 9140 8724)
4(9122 9123 9140 9139)
4(8724 9140 284 245)
4(9123 283 284 9140)
4(243 245 284 283)
4(8709 8726 9142 9125)
4(8725 9141 9142 8726)
4(9124 9125 9142 9141)
4(8710 8727 9143 9126)
4(8726 9142 9143 8727)
4(9125 9126 9143 9142)
4(8711 8728 9144 9127)
4(8727 9143 9144 8728)
4(9126 9127 9144 9143)
4(8712 8729 9145 9128)
4(8728 9144 9145 8729)
4(9127 9128 9145 9144)
4(8713 8730 9146 9129)
4(8729 9145 9146 8730)
4(9128 9129 9146 9145)
4(8714 8731 9147 9130)
4(8730 9146 9147 8731)
4(9129 9130 9147 9146)
4(8715 8732 9148 9131)
4(8731 9147 9148 8732)
4(9130 9131 9148 9147)
4(8716 8733 9149 9132)
4(8732 9148 9149 8733)
4(9131 9132 9149 9148)
4(8717 8734 9150 9133)
4(8733 9149 9150 8734)
4(9132 9133 9150 9149)
4(8718 8735 9151 9134)
4(8734 9150 9151 8735)
4(9133 9134 9151 9150)
4(8719 8736 9152 9135)
4(8735 9151 9152 8736)
4(9134 9135 9152 9151)
4(8720 8737 9153 9136)
4(8736 9152 9153 8737)
4(9135 9136 9153 9152)
4(8721 8738 9154 9137)
4(8737 9153 9154 8738)
4(9136 9137 9154 9153)
4(8722 8739 9155 9138)
4(8738 9154 9155 8739)
4(9137 9138 9155 9154)
4(8723 8740 9156 9139)
4(8739 9155 9156 8740)
4(9138 9139 9156 9155)
4(8724 8741 9157 9140)
4(8740 9156 9157 8741)
4(9139 9140 9157 9156)
4(8741 9157 285 247)
4(9140 284 285 9157)
4(245 247 285 284)
4(8726 8743 9159 9142)
4(8742 9158 9159 8743)
4(9141 9142 9159 9158)
4(8727 8744 9160 9143)
4(8743 9159 9160 8744)
4(9142 9143 9160 9159)
4(8728 8745 9161 9144)
4(8744 9160 9161 8745)
4(9143 9144 9161 9160)
4(8729 8746 9162 9145)
4(8745 9161 9162 8746)
4(9144 9145 9162 9161)
4(8730 8747 9163 9146)
4(8746 9162 9163 8747)
4(9145 9146 9163 9162)
4(8731 8748 9164 9147)
4(8747 9163 9164 8748)
4(9146 9147 9164 9163)
4(8732 8749 9165 9148)
4(8748 9164 9165 8749)
4(9147 9148 9165 9164)
4(8733 8750 9166 9149)
4(8749 9165 9166 8750)
4(9148 9149 9166 9165)
4(8734 8751 9167 9150)
4(8750 9166 9167 8751)
4(9149 9150 9167 9166)
4(8735 8752 9168 9151)
4(8751 9167 9168 8752)
4(9150 9151 9168 9167)
4(8736 8753 9169 9152)
4(8752 9168 9169 8753)
4(9151 9152 9169 9168)
4(8737 8754 9170 9153)
4(8753 9169 9170 8754)
4(9152 9153 9170 9169)
4(8738 8755 9171 9154)
4(8754 9170 9171 8755)
4(9153 9154 9171 9170)
4(8739 8756 9172 9155)
4(8755 9171 9172 8756)
4(9154 9155 9172 9171)
4(8740 8757 9173 9156)
4(8756 9172 9173 8757)
4(9155 9156 9173 9172)
4(8741 8758 9174 9157)
4(8757 9173 9174 8758)
4(9156 9157 9174 9173)
4(8758 9174 286 249)
4(9157 285 286 9174)
4(247 249 286 285)
4(8743 8760 9176 9159)
4(8759 9175 9176 8760)
4(9158 9159 9176 9175)
4(8744 8761 9177 9160)
4(8760 9176 9177 8761)
4(9159 9160 9177 9176)
4(8745 8762 9178 9161)
4(8761 9177 9178 8762)
4(9160 9161 9178 9177)
4(8746 8763 9179 9162)
4(8762 9178 9179 8763)
4(9161 9162 9179 9178)
4(8747 8764 9180 9163)
4(8763 9179 9180 8764)
4(9162 9163 9180 9179)
4(8748 8765 9181 9164)
4(8764 9180 9181 8765)
4(9163 9164 9181 9180)
4(8749 8766 9182 9165)
4(8765 9181 9182 8766)
4(9164 9165 9182 9181)
4(8750 8767 9183 9166)
4(8766 9182 9183 8767)
4(9165 9166 9183 9182)
4(8751 8768 9184 9167)
4(8767 9183 9184 8768)
4(9166 9167 9184 9183)
4(8752 8769 9185 9168)
4(8768 9184 9185 8769)
4(9167 9168 9185 9184)
4(8753 8770 9186 9169)
4(8769 9185 9186 8770)
4(9168 9169 9186 9185)
4(8754 8771 9187 9170)
4(8770 9186 9187 8771)
4(9169 9170 9187 9186)
4(8755 8772 9188 9171)
4(8771 9187 9188 8772)
4(9170 9171 9188 9187)
4(8756 8773 9189 9172)
4(8772 9188 9189 8773)
4(9171 9172 9189 9188)
4(8757 8774 9190 9173)
4(8773 9189 9190 8774)
4(9172 9173 9190 9189)
4(8758 8775 9191 9174)
4(8774 9190 9191 8775)
4(9173 9174 9191 9190)
4(8775 9191 287 251)
4(9174 286 287 9191)
4(249 251 287 286)
4(8760 8777 9193 9176)
4(8776 9192 9193 8777)
4(9175 9176 9193 9192)
4(8761 8778 9194 9177)
4(8777 9193 9194 8778)
4(9176 9177 9194 9193)
4(8762 8779 9195 9178)
4(8778 9194 9195 8779)
4(9177 9178 9195 9194)
4(8763 8780 9196 9179)
4(8779 9195 9196 8780)
4(9178 9179 9196 9195)
4(8764 8781 9197 9180)
4(8780 9196 9197 8781)
4(9179 9180 9197 9196)
4(8765 8782 9198 9181)
4(8781 9197 9198 8782)
4(9180 9181 9198 9197)
4(8766 8783 9199 9182)
4(8782 9198 9199 8783)
4(9181 9182 9199 9198)
4(8767 8784 9200 9183)
4(8783 9199 9200 8784)
4(9182 9183 9200 9199)
4(8768 8785 9201 9184)
4(8784 9200 9201 8785)
4(9183 9184 9201 9200)
4(8769 8786 9202 9185)
4(8785 9201 9202 8786)
4(9184 9185 9202 9201)
4(8770 8787 9203 9186)
4(8786 9202 9203 8787)
4(9185 9186 9203 9202)
4(8771 8788 9204 9187)
4(8787 9203 9204 8788)
4(9186 9187 9204 9203)
4(8772 8789 9205 9188)
4(8788 9204 9205 8789)
4(9187 9188 9205 9204)
4(8773 8790 9206 9189)
4(8789 9205 9206 8790)
4(9188 9189 9206 9205)
4(8774 8791 9207 9190)
4(8790 9206 9207 8791)
4(9189 9190 9207 9206)
4(8775 8792 9208 9191)
4(8791 9207 9208 8792)
4(9190 9191 9208 9207)
4(8792 9208 288 253)
4(9191 287 288 9208)
4(251 253 288 287)
4(8777 8794 9210 9193)
4(8793 9209 9210 8794)
4(9192 9193 9210 9209)
4(8778 8795 9211 9194)
4(8794 9210 9211 8795)
4(9193 9194 9211 9210)
4(8779 8796 9212 9195)
4(8795 9211 9212 8796)
4(9194 9195 9212 9211)
4(8780 8797 9213 9196)
4(8796 9212 9213 8797)
4(9195 9196 9213 9212)
4(8781 8798 9214 9197)
4(8797 9213 9214 8798)
4(9196 9197 9214 9213)
4(8782 8799 9215 9198)
4(8798 9214 9215 8799)
4(9197 9198 9215 9214)
4(8783 8800 9216 9199)
4(8799 9215 9216 8800)
4(9198 9199 9216 9215)
4(8784 8801 9217 9200)
4(8800 9216 9217 8801)
4(9199 9200 9217 9216)
4(8785 8802 9218 9201)
4(8801 9217 9218 8802)
4(9200 9201 9218 9217)
4(8786 8803 9219 9202)
4(8802 9218 9219 8803)
4(9201 9202 9219 9218)
4(8787 8804 9220 9203)
4(8803 9219 9220 8804)
4(9202 9203 9220 9219)
4(8788 8805 9221 9204)
4(8804 9220 9221 8805)
4(9203 9204 9221 9220)
4(8789 8806 9222 9205)
4(8805 9221 9222 8806)
4(9204 9205 9222 9221)
4(8790 8807 9223 9206)
4(8806 9222 9223 8807)
4(9205 9206 9223 9222)
4(8791 8808 9224 9207)
4(8807 9223 9224 8808)
4(9206 9207 9224 9223)
4(8792 8809 9225 9208)
4(8808 9224 9225 8809)
4(9207 9208 9225 9224)
4(8809 9225 289 255)
4(9208 288 289 9225)
4(253 255 289 288)
4(8794 8811 9227 9210)
4(8810 9226 9227 8811)
4(9209 9210 9227 9226)
4(8795 8812 9228 9211)
4(8811 9227 9228 8812)
4(9210 9211 9228 9227)
4(8796 8813 9229 9212)
4(8812 9228 9229 8813)
4(9211 9212 9229 9228)
4(8797 8814 9230 9213)
4(8813 9229 9230 8814)
4(9212 9213 9230 9229)
4(8798 8815 9231 9214)
4(8814 9230 9231 8815)
4(9213 9214 9231 9230)
4(8799 8816 9232 9215)
4(8815 9231 9232 8816)
4(9214 9215 9232 9231)
4(8800 8817 9233 9216)
4(8816 9232 9233 8817)
4(9215 9216 9233 9232)
4(8801 8818 9234 9217)
4(8817 9233 9234 8818)
4(9216 9217 9234 9233)
4(8802 8819 9235 9218)
4(8818 9234 9235 8819)
4(9217 9218 9235 9234)
4(8803 8820 9236 9219)
4(8819 9235 9236 8820)
4(9218 9219 9236 9235)
4(8804 8821 9237 9220)
4(8820 9236 9237 8821)
4(9219 9220 9237 9236)
4(8805 8822 9238 9221)
4(8821 9237 9238 8822)
4(9220 9221 9238 9237)
4(8806 8823 9239 9222)
4(8822 9238 9239 8823)
4(9221 9222 9239 9238)
4(8807 8824 9240 9223)
4(8823 9239 9240 8824)
4(9222 9223 9240 9239)
4(8808 8825 9241 9224)
4(8824 9240 9241 8825)
4(9223 9224 9241 9240)
4(8809 8826 9242 9225)
4(8825 9241 9242 8826)
4(9224 9225 9242 9241)
4(8826 9242 290 257)
4(9225 289 290 9242)
4(255 257 290 289)
4(8811 8828 9244 9227)
4(8827 9243 9244 8828)
4(9226 9227 9244 9243)
4(8812 8829 9245 9228)
4(8828 9244 9245 8829)
4(9227 9228 9245 9244)
4(8813 8830 9246 9229)
4(8829 9245 9246 8830)
4(9228 9229 9246 9245)
4(8814 8831 9247 9230)
4(8830 9246 9247 8831)
4(9229 9230 9247 9246)
4(8815 8832 9248 9231)
4(8831 9247 9248 8832)
4(9230 9231 9248 9247)
4(8816 8833 9249 9232)
4(8832 9248 9249 8833)
4(9231 9232 9249 9248)
4(8817 8834 9250 9233)
4(8833 9249 9250 8834)
4(9232 9233 9250 9249)
4(8818 8835 9251 9234)
4(8834 9250 9251 8835)
4(9233 9234 9251 9250)
4(8819 8836 9252 9235)
4(8835 9251 9252 8836)
4(9234 9235 9252 9251)
4(8820 8837 9253 9236)
4(8836 9252 9253 8837)
4(9235 9236 9253 9252)
4(8821 8838 9254 9237)
4(8837 9253 9254 8838)
4(9236 9237 9254 9253)
4(8822 8839 9255 9238)
4(8838 9254 9255 8839)
4(9237 9238 9255 9254)
4(8823 8840 9256 9239)
4(8839 9255 9256 8840)
4(9238 9239 9256 9255)
4(8824 8841 9257 9240)
4(8840 9256 9257 8841)
4(9239 9240 9257 9256)
4(8825 8842 9258 9241)
4(8841 9257 9258 8842)
4(9240 9241 9258 9257)
4(8826 8843 9259 9242)
4(8842 9258 9259 8843)
4(9241 9242 9259 9258)
4(8843 9259 291 259)
4(9242 290 291 9259)
4(257 259 291 290)
4(8828 8845 9261 9244)
4(8844 9260 9261 8845)
4(9243 9244 9261 9260)
4(8829 8846 9262 9245)
4(8845 9261 9262 8846)
4(9244 9245 9262 9261)
4(8830 8847 9263 9246)
4(8846 9262 9263 8847)
4(9245 9246 9263 9262)
4(8831 8848 9264 9247)
4(8847 9263 9264 8848)
4(9246 9247 9264 9263)
4(8832 8849 9265 9248)
4(8848 9264 9265 8849)
4(9247 9248 9265 9264)
4(8833 8850 9266 9249)
4(8849 9265 9266 8850)
4(9248 9249 9266 9265)
4(8834 8851 9267 9250)
4(8850 9266 9267 8851)
4(9249 9250 9267 9266)
4(8835 8852 9268 9251)
4(8851 9267 9268 8852)
4(9250 9251 9268 9267)
4(8836 8853 9269 9252)
4(8852 9268 9269 8853)
4(9251 9252 9269 9268)
4(8837 8854 9270 9253)
4(8853 9269 9270 8854)
4(9252 9253 9270 9269)
4(8838 8855 9271 9254)
4(8854 9270 9271 8855)
4(9253 9254 9271 9270)
4(8839 8856 9272 9255)
4(8855 9271 9272 8856)
4(9254 9255 9272 9271)
4(8840 8857 9273 9256)
4(8856 9272 9273 8857)
4(9255 9256 9273 9272)
4(8841 8858 9274 9257)
4(8857 9273 9274 8858)
4(9256 9257 9274 9273)
4(8842 8859 9275 9258)
4(8858 9274 9275 8859)
4(9257 9258 9275 9274)
4(8843 8860 9276 9259)
4(8859 9275 9276 8860)
4(9258 9259 9276 9275)
4(8860 9276 292 261)
4(9259 291 292 9276)
4(259 261 292 291)
4(8845 8862 9278 9261)
4(8861 9277 9278 8862)
4(9260 9261 9278 9277)
4(8846 8863 9279 9262)
4(8862 9278 9279 8863)
4(9261 9262 9279 9278)
4(8847 8864 9280 9263)
4(8863 9279 9280 8864)
4(9262 9263 9280 9279)
4(8848 8865 9281 9264)
4(8864 9280 9281 8865)
4(9263 9264 9281 9280)
4(8849 8866 9282 9265)
4(8865 9281 9282 8866)
4(9264 9265 9282 9281)
4(8850 8867 9283 9266)
4(8866 9282 9283 8867)
4(9265 9266 9283 9282)
4(8851 8868 9284 9267)
4(8867 9283 9284 8868)
4(9266 9267 9284 9283)
4(8852 8869 9285 9268)
4(8868 9284 9285 8869)
4(9267 9268 9285 9284)
4(8853 8870 9286 9269)
4(8869 9285 9286 8870)
4(9268 9269 9286 9285)
4(8854 8871 9287 9270)
4(8870 9286 9287 8871)
4(9269 9270 9287 9286)
4(8855 8872 9288 9271)
4(8871 9287 9288 8872)
4(9270 9271 9288 9287)
4(8856 8873 9289 9272)
4(8872 9288 9289 8873)
4(9271 9272 9289 9288)
4(8857 8874 9290 9273)
4(8873 9289 9290 8874)
4(9272 9273 9290 9289)
4(8858 8875 9291 9274)
4(8874 9290 9291 8875)
4(9273 9274 9291 9290)
4(8859 8876 9292 9275)
4(8875 9291 9292 8876)
4(9274 9275 9292 9291)
4(8860 8877 9293 9276)
4(8876 9292 9293 8877)
4(9275 9276 9293 9292)
4(8877 9293 293 263)
4(9276 292 293 9293)
4(261 263 293 292)
4(8862 8879 9295 9278)
4(8878 9294 9295 8879)
4(9277 9278 9295 9294)
4(8863 8880 9296 9279)
4(8879 9295 9296 8880)
4(9278 9279 9296 9295)
4(8864 8881 9297 9280)
4(8880 9296 9297 8881)
4(9279 9280 9297 9296)
4(8865 8882 9298 9281)
4(8881 9297 9298 8882)
4(9280 9281 9298 9297)
4(8866 8883 9299 9282)
4(8882 9298 9299 8883)
4(9281 9282 9299 9298)
4(8867 8884 9300 9283)
4(8883 9299 9300 8884)
4(9282 9283 9300 9299)
4(8868 8885 9301 9284)
4(8884 9300 9301 8885)
4(9283 9284 9301 9300)
4(8869 8886 9302 9285)
4(8885 9301 9302 8886)
4(9284 9285 9302 9301)
4(8870 8887 9303 9286)
4(8886 9302 9303 8887)
4(9285 9286 9303 9302)
4(8871 8888 9304 9287)
4(8887 9303 9304 8888)
4(9286 9287 9304 9303)
4(8872 8889 9305 9288)
4(8888 9304 9305 8889)
4(9287 9288 9305 9304)
4(8873 8890 9306 9289)
4(8889 9305 9306 8890)
4(9288 9289 9306 9305)
4(8874 8891 9307 9290)
4(8890 9306 9307 8891)
4(9289 9290 9307 9306)
4(8875 8892 9308 9291)
4(8891 9307 9308 8892)
4(9290 9291 9308 9307)
4(8876 8893 9309 9292)
4(8892 9308 9309 8893)
4(9291 9292 9309 9308)
4(8877 8894 9310 9293)
4(8893 9309 9310 8894)
4(9292 9293 9310 9309)
4(8894 9310 294 265)
4(9293 293 294 9310)
4(263 265 294 293)
4(8879 8896 9312 9295)
4(8895 9311 9312 8896)
4(9294 9295 9312 9311)
4(8880 8897 9313 9296)
4(8896 9312 9313 8897)
4(9295 9296 9313 9312)
4(8881 8898 9314 9297)
4(8897 9313 9314 8898)
4(9296 9297 9314 9313)
4(8882 8899 9315 9298)
4(8898 9314 9315 8899)
4(9297 9298 9315 9314)
4(8883 8900 9316 9299)
4(8899 9315 9316 8900)
4(9298 9299 9316 9315)
4(8884 8901 9317 9300)
4(8900 9316 9317 8901)
4(9299 9300 9317 9316)
4(8885 8902 9318 9301)
4(8901 9317 9318 8902)
4(9300 9301 9318 9317)
4(8886 8903 9319 9302)
4(8902 9318 9319 8903)
4(9301 9302 9319 9318)
4(8887 8904 9320 9303)
4(8903 9319 9320 8904)
4(9302 9303 9320 9319)
4(8888 8905 9321 9304)
4(8904 9320 9321 8905)
4(9303 9304 9321 9320)
4(8889 8906 9322 9305)
4(8905 9321 9322 8906)
4(9304 9305 9322 9321)
4(8890 8907 9323 9306)
4(8906 9322 9323 8907)
4(9305 9306 9323 9322)
4(8891 8908 9324 9307)
4(8907 9323 9324 8908)
4(9306 9307 9324 9323)
4(8892 8909 9325 9308)
4(8908 9324 9325 8909)
4(9307 9308 9325 9324)
4(8893 8910 9326 9309)
4(8909 9325 9326 8910)
4(9308 9309 9326 9325)
4(8894 8911 9327 9310)
4(8910 9326 9327 8911)
4(9309 9310 9327 9326)
4(8911 9327 295 267)
4(9310 294 295 9327)
4(265 267 295 294)
4(8896 8913 9329 9312)
4(8912 9328 9329 8913)
4(9311 9312 9329 9328)
4(8897 8914 9330 9313)
4(8913 9329 9330 8914)
4(9312 9313 9330 9329)
4(8898 8915 9331 9314)
4(8914 9330 9331 8915)
4(9313 9314 9331 9330)
4(8899 8916 9332 9315)
4(8915 9331 9332 8916)
4(9314 9315 9332 9331)
4(8900 8917 9333 9316)
4(8916 9332 9333 8917)
4(9315 9316 9333 9332)
4(8901 8918 9334 9317)
4(8917 9333 9334 8918)
4(9316 9317 9334 9333)
4(8902 8919 9335 9318)
4(8918 9334 9335 8919)
4(9317 9318 9335 9334)
4(8903 8920 9336 9319)
4(8919 9335 9336 8920)
4(9318 9319 9336 9335)
4(8904 8921 9337 9320)
4(8920 9336 9337 8921)
4(9319 9320 9337 9336)
4(8905 8922 9338 9321)
4(8921 9337 9338 8922)
4(9320 9321 9338 9337)
4(8906 8923 9339 9322)
4(8922 9338 9339 8923)
4(9321 9322 9339 9338)
4(8907 8924 9340 9323)
4(8923 9339 9340 8924)
4(9322 9323 9340 9339)
4(8908 8925 9341 9324)
4(8924 9340 9341 8925)
4(9323 9324 9341 9340)
4(8909 8926 9342 9325)
4(8925 9341 9342 8926)
4(9324 9325 9342 9341)
4(8910 8927 9343 9326)
4(8926 9342 9343 8927)
4(9325 9326 9343 9342)
4(8911 8928 9344 9327)
4(8927 9343 9344 8928)
4(9326 9327 9344 9343)
4(8928 9344 296 269)
4(9327 295 296 9344)
4(267 269 296 295)
4(8913 8930 9346 9329)
4(8929 9345 9346 8930)
4(9328 9329 9346 9345)
4(8914 8931 9347 9330)
4(8930 9346 9347 8931)
4(9329 9330 9347 9346)
4(8915 8932 9348 9331)
4(8931 9347 9348 8932)
4(9330 9331 9348 9347)
4(8916 8933 9349 9332)
4(8932 9348 9349 8933)
4(9331 9332 9349 9348)
4(8917 8934 9350 9333)
4(8933 9349 9350 8934)
4(9332 9333 9350 9349)
4(8918 8935 9351 9334)
4(8934 9350 9351 8935)
4(9333 9334 9351 9350)
4(8919 8936 9352 9335)
4(8935 9351 9352 8936)
4(9334 9335 9352 9351)
4(8920 8937 9353 9336)
4(8936 9352 9353 8937)
4(9335 9336 9353 9352)
4(8921 8938 9354 9337)
4(8937 9353 9354 8938)
4(9336 9337 9354 9353)
4(8922 8939 9355 9338)
4(8938 9354 9355 8939)
4(9337 9338 9355 9354)
4(8923 8940 9356 9339)
4(8939 9355 9356 8940)
4(9338 9339 9356 9355)
4(8924 8941 9357 9340)
4(8940 9356 9357 8941)
4(9339 9340 9357 9356)
4(8925 8942 9358 9341)
4(8941 9357 9358 8942)
4(9340 9341 9358 9357)
4(8926 8943 9359 9342)
4(8942 9358 9359 8943)
4(9341 9342 9359 9358)
4(8927 8944 9360 9343)
4(8943 9359 9360 8944)
4(9342 9343 9360 9359)
4(8928 8945 9361 9344)
4(8944 9360 9361 8945)
4(9343 9344 9361 9360)
4(8945 9361 297 271)
4(9344 296 297 9361)
4(269 271 297 296)
4(8930 8947 9363 9346)
4(9345 9346 9363 9362)
4(8931 8948 9364 9347)
4(9346 9347 9364 9363)
4(8932 8949 9365 9348)
4(9347 9348 9365 9364)
4(8933 8950 9366 9349)
4(9348 9349 9366 9365)
4(8934 8951 9367 9350)
4(9349 9350 9367 9366)
4(8935 8952 9368 9351)
4(9350 9351 9368 9367)
4(8936 8953 9369 9352)
4(9351 9352 9369 9368)
4(8937 8954 9370 9353)
4(9352 9353 9370 9369)
4(8938 8955 9371 9354)
4(9353 9354 9371 9370)
4(8939 8956 9372 9355)
4(9354 9355 9372 9371)
4(8940 8957 9373 9356)
4(9355 9356 9373 9372)
4(8941 8958 9374 9357)
4(9356 9357 9374 9373)
4(8942 8959 9375 9358)
4(9357 9358 9375 9374)
4(8943 8960 9376 9359)
4(9358 9359 9376 9375)
4(8944 8961 9377 9360)
4(9359 9360 9377 9376)
4(8945 8962 9378 9361)
4(9360 9361 9378 9377)
4(9361 297 298 9378)
4(271 273 298 297)
4(416 8963 451 434)
4(432 450 451 8963)
4(417 8964 452 435)
4(8963 451 452 8964)
4(418 8965 453 436)
4(8964 452 453 8965)
4(419 8966 9379 437)
4(8965 453 9379 8966)
4(436 437 9379 453)
4(420 8967 9380 438)
4(8966 9379 9380 8967)
4(437 438 9380 9379)
4(421 8968 9381 439)
4(8967 9380 9381 8968)
4(438 439 9381 9380)
4(422 8969 9382 440)
4(8968 9381 9382 8969)
4(439 440 9382 9381)
4(423 8970 9383 441)
4(8969 9382 9383 8970)
4(440 441 9383 9382)
4(8970 9383 299 274)
4(441 54 299 9383)
4(37 274 299 54)
4(425 8972 9385 443)
4(8971 9384 9385 8972)
4(442 443 9385 9384)
4(426 8973 9386 444)
4(8972 9385 9386 8973)
4(443 444 9386 9385)
4(427 8974 9387 445)
4(8973 9386 9387 8974)
4(444 445 9387 9386)
4(428 8975 9388 446)
4(8974 9387 9388 8975)
4(445 446 9388 9387)
4(429 8976 9389 447)
4(8975 9388 9389 8976)
4(446 447 9389 9388)
4(430 8977 9390 448)
4(8976 9389 9390 8977)
4(447 448 9390 9389)
4(431 8978 9391 449)
4(8977 9390 9391 8978)
4(448 449 9391 9390)
4(432 8979 9392 450)
4(8978 9391 9392 8979)
4(449 450 9392 9391)
4(8963 8980 9393 451)
4(8979 9392 9393 8980)
4(450 451 9393 9392)
4(8964 8981 9394 452)
4(8980 9393 9394 8981)
4(451 452 9394 9393)
4(8965 8982 9395 453)
4(8981 9394 9395 8982)
4(452 453 9395 9394)
4(8966 8983 9396 9379)
4(8982 9395 9396 8983)
4(453 9379 9396 9395)
4(8967 8984 9397 9380)
4(8983 9396 9397 8984)
4(9379 9380 9397 9396)
4(8968 8985 9398 9381)
4(8984 9397 9398 8985)
4(9380 9381 9398 9397)
4(8969 8986 9399 9382)
4(8985 9398 9399 8986)
4(9381 9382 9399 9398)
4(8970 8987 9400 9383)
4(8986 9399 9400 8987)
4(9382 9383 9400 9399)
4(8987 9400 300 275)
4(9383 299 300 9400)
4(274 275 300 299)
4(8972 8989 9402 9385)
4(8988 9401 9402 8989)
4(9384 9385 9402 9401)
4(8973 8990 9403 9386)
4(8989 9402 9403 8990)
4(9385 9386 9403 9402)
4(8974 8991 9404 9387)
4(8990 9403 9404 8991)
4(9386 9387 9404 9403)
4(8975 8992 9405 9388)
4(8991 9404 9405 8992)
4(9387 9388 9405 9404)
4(8976 8993 9406 9389)
4(8992 9405 9406 8993)
4(9388 9389 9406 9405)
4(8977 8994 9407 9390)
4(8993 9406 9407 8994)
4(9389 9390 9407 9406)
4(8978 8995 9408 9391)
4(8994 9407 9408 8995)
4(9390 9391 9408 9407)
4(8979 8996 9409 9392)
4(8995 9408 9409 8996)
4(9391 9392 9409 9408)
4(8980 8997 9410 9393)
4(8996 9409 9410 8997)
4(9392 9393 9410 9409)
4(8981 8998 9411 9394)
4(8997 9410 9411 8998)
4(9393 9394 9411 9410)
4(8982 8999 9412 9395)
4(8998 9411 9412 8999)
4(9394 9395 9412 9411)
4(8983 9000 9413 9396)
4(8999 9412 9413 9000)
4(9395 9396 9413 9412)
4(8984 9001 9414 9397)
4(9000 9413 9414 9001)
4(9396 9397 9414 9413)
4(8985 9002 9415 9398)
4(9001 9414 9415 9002)
4(9397 9398 9415 9414)
4(8986 9003 9416 9399)
4(9002 9415 9416 9003)
4(9398 9399 9416 9415)
4(8987 9004 9417 9400)
4(9003 9416 9417 9004)
4(9399 9400 9417 9416)
4(9004 9417 301 276)
4(9400 300 301 9417)
4(275 276 301 300)
4(8989 9006 9419 9402)
4(9005 9418 9419 9006)
4(9401 9402 9419 9418)
4(8990 9007 9420 9403)
4(9006 9419 9420 9007)
4(9402 9403 9420 9419)
4(8991 9008 9421 9404)
4(9007 9420 9421 9008)
4(9403 9404 9421 9420)
4(8992 9009 9422 9405)
4(9008 9421 9422 9009)
4(9404 9405 9422 9421)
4(8993 9010 9423 9406)
4(9009 9422 9423 9010)
4(9405 9406 9423 9422)
4(8994 9011 9424 9407)
4(9010 9423 9424 9011)
4(9406 9407 9424 9423)
4(8995 9012 9425 9408)
4(9011 9424 9425 9012)
4(9407 9408 9425 9424)
4(8996 9013 9426 9409)
4(9012 9425 9426 9013)
4(9408 9409 9426 9425)
4(8997 9014 9427 9410)
4(9013 9426 9427 9014)
4(9409 9410 9427 9426)
4(8998 9015 9428 9411)
4(9014 9427 9428 9015)
4(9410 9411 9428 9427)
4(8999 9016 9429 9412)
4(9015 9428 9429 9016)
4(9411 9412 9429 9428)
4(9000 9017 9430 9413)
4(9016 9429 9430 9017)
4(9412 9413 9430 9429)
4(9001 9018 9431 9414)
4(9017 9430 9431 9018)
4(9413 9414 9431 9430)
4(9002 9019 9432 9415)
4(9018 9431 9432 9019)
4(9414 9415 9432 9431)
4(9003 9020 9433 9416)
4(9019 9432 9433 9020)
4(9415 9416 9433 9432)
4(9004 9021 9434 9417)
4(9020 9433 9434 9021)
4(9416 9417 9434 9433)
4(9021 9434 302 277)
4(9417 301 302 9434)
4(276 277 302 301)
4(9006 9023 9436 9419)
4(9022 9435 9436 9023)
4(9418 9419 9436 9435)
4(9007 9024 9437 9420)
4(9023 9436 9437 9024)
4(9419 9420 9437 9436)
4(9008 9025 9438 9421)
4(9024 9437 9438 9025)
4(9420 9421 9438 9437)
4(9009 9026 9439 9422)
4(9025 9438 9439 9026)
4(9421 9422 9439 9438)
4(9010 9027 9440 9423)
4(9026 9439 9440 9027)
4(9422 9423 9440 9439)
4(9011 9028 9441 9424)
4(9027 9440 9441 9028)
4(9423 9424 9441 9440)
4(9012 9029 9442 9425)
4(9028 9441 9442 9029)
4(9424 9425 9442 9441)
4(9013 9030 9443 9426)
4(9029 9442 9443 9030)
4(9425 9426 9443 9442)
4(9014 9031 9444 9427)
4(9030 9443 9444 9031)
4(9426 9427 9444 9443)
4(9015 9032 9445 9428)
4(9031 9444 9445 9032)
4(9427 9428 9445 9444)
4(9016 9033 9446 9429)
4(9032 9445 9446 9033)
4(9428 9429 9446 9445)
4(9017 9034 9447 9430)
4(9033 9446 9447 9034)
4(9429 9430 9447 9446)
4(9018 9035 9448 9431)
4(9034 9447 9448 9035)
4(9430 9431 9448 9447)
4(9019 9036 9449 9432)
4(9035 9448 9449 9036)
4(9431 9432 9449 9448)
4(9020 9037 9450 9433)
4(9036 9449 9450 9037)
4(9432 9433 9450 9449)
4(9021 9038 9451 9434)
4(9037 9450 9451 9038)
4(9433 9434 9451 9450)
4(9038 9451 303 278)
4(9434 302 303 9451)
4(277 278 303 302)
4(9023 9040 9453 9436)
4(9039 9452 9453 9040)
4(9435 9436 9453 9452)
4(9024 9041 9454 9437)
4(9040 9453 9454 9041)
4(9436 9437 9454 9453)
4(9025 9042 9455 9438)
4(9041 9454 9455 9042)
4(9437 9438 9455 9454)
4(9026 9043 9456 9439)
4(9042 9455 9456 9043)
4(9438 9439 9456 9455)
4(9027 9044 9457 9440)
4(9043 9456 9457 9044)
4(9439 9440 9457 9456)
4(9028 9045 9458 9441)
4(9044 9457 9458 9045)
4(9440 9441 9458 9457)
4(9029 9046 9459 9442)
4(9045 9458 9459 9046)
4(9441 9442 9459 9458)
4(9030 9047 9460 9443)
4(9046 9459 9460 9047)
4(9442 9443 9460 9459)
4(9031 9048 9461 9444)
4(9047 9460 9461 9048)
4(9443 9444 9461 9460)
4(9032 9049 9462 9445)
4(9048 9461 9462 9049)
4(9444 9445 9462 9461)
4(9033 9050 9463 9446)
4(9049 9462 9463 9050)
4(9445 9446 9463 9462)
4(9034 9051 9464 9447)
4(9050 9463 9464 9051)
4(9446 9447 9464 9463)
4(9035 9052 9465 9448)
4(9051 9464 9465 9052)
4(9447 9448 9465 9464)
4(9036 9053 9466 9449)
4(9052 9465 9466 9053)
4(9448 9449 9466 9465)
4(9037 9054 9467 9450)
4(9053 9466 9467 9054)
4(9449 9450 9467 9466)
4(9038 9055 9468 9451)
4(9054 9467 9468 9055)
4(9450 9451 9468 9467)
4(9055 9468 304 279)
4(9451 303 304 9468)
4(278 279 304 303)
4(9040 9057 9470 9453)
4(9056 9469 9470 9057)
4(9452 9453 9470 9469)
4(9041 9058 9471 9454)
4(9057 9470 9471 9058)
4(9453 9454 9471 9470)
4(9042 9059 9472 9455)
4(9058 9471 9472 9059)
4(9454 9455 9472 9471)
4(9043 9060 9473 9456)
4(9059 9472 9473 9060)
4(9455 9456 9473 9472)
4(9044 9061 9474 9457)
4(9060 9473 9474 9061)
4(9456 9457 9474 9473)
4(9045 9062 9475 9458)
4(9061 9474 9475 9062)
4(9457 9458 9475 9474)
4(9046 9063 9476 9459)
4(9062 9475 9476 9063)
4(9458 9459 9476 9475)
4(9047 9064 9477 9460)
4(9063 9476 9477 9064)
4(9459 9460 9477 9476)
4(9048 9065 9478 9461)
4(9064 9477 9478 9065)
4(9460 9461 9478 9477)
4(9049 9066 9479 9462)
4(9065 9478 9479 9066)
4(9461 9462 9479 9478)
4(9050 9067 9480 9463)
4(9066 9479 9480 9067)
4(9462 9463 9480 9479)
4(9051 9068 9481 9464)
4(9067 9480 9481 9068)
4(9463 9464 9481 9480)
4(9052 9069 9482 9465)
4(9068 9481 9482 9069)
4(9464 9465 9482 9481)
4(9053 9070 9483 9466)
4(9069 9482 9483 9070)
4(9465 9466 9483 9482)
4(9054 9071 9484 9467)
4(9070 9483 9484 9071)
4(9466 9467 9484 9483)
4(9055 9072 9485 9468)
4(9071 9484 9485 9072)
4(9467 9468 9485 9484)
4(9072 9485 305 280)
4(9468 304 305 9485)
4(279 280 305 304)
4(9057 9074 9487 9470)
4(9073 9486 9487 9074)
4(9469 9470 9487 9486)
4(9058 9075 9488 9471)
4(9074 9487 9488 9075)
4(9470 9471 9488 9487)
4(9059 9076 9489 9472)
4(9075 9488 9489 9076)
4(9471 9472 9489 9488)
4(9060 9077 9490 9473)
4(9076 9489 9490 9077)
4(9472 9473 9490 9489)
4(9061 9078 9491 9474)
4(9077 9490 9491 9078)
4(9473 9474 9491 9490)
4(9062 9079 9492 9475)
4(9078 9491 9492 9079)
4(9474 9475 9492 9491)
4(9063 9080 9493 9476)
4(9079 9492 9493 9080)
4(9475 9476 9493 9492)
4(9064 9081 9494 9477)
4(9080 9493 9494 9081)
4(9476 9477 9494 9493)
4(9065 9082 9495 9478)
4(9081 9494 9495 9082)
4(9477 9478 9495 9494)
4(9066 9083 9496 9479)
4(9082 9495 9496 9083)
4(9478 9479 9496 9495)
4(9067 9084 9497 9480)
4(9083 9496 9497 9084)
4(9479 9480 9497 9496)
4(9068 9085 9498 9481)
4(9084 9497 9498 9085)
4(9480 9481 9498 9497)
4(9069 9086 9499 9482)
4(9085 9498 9499 9086)
4(9481 9482 9499 9498)
4(9070 9087 9500 9483)
4(9086 9499 9500 9087)
4(9482 9483 9500 9499)
4(9071 9088 9501 9484)
4(9087 9500 9501 9088)
4(9483 9484 9501 9500)
4(9072 9089 9502 9485)
4(9088 9501 9502 9089)
4(9484 9485 9502 9501)
4(9089 9502 306 281)
4(9485 305 306 9502)
4(280 281 306 305)
4(9074 9091 9504 9487)
4(9090 9503 9504 9091)
4(9486 9487 9504 9503)
4(9075 9092 9505 9488)
4(9091 9504 9505 9092)
4(9487 9488 9505 9504)
4(9076 9093 9506 9489)
4(9092 9505 9506 9093)
4(9488 9489 9506 9505)
4(9077 9094 9507 9490)
4(9093 9506 9507 9094)
4(9489 9490 9507 9506)
4(9078 9095 9508 9491)
4(9094 9507 9508 9095)
4(9490 9491 9508 9507)
4(9079 9096 9509 9492)
4(9095 9508 9509 9096)
4(9491 9492 9509 9508)
4(9080 9097 9510 9493)
4(9096 9509 9510 9097)
4(9492 9493 9510 9509)
4(9081 9098 9511 9494)
4(9097 9510 9511 9098)
4(9493 9494 9511 9510)
4(9082 9099 9512 9495)
4(9098 9511 9512 9099)
4(9494 9495 9512 9511)
4(9083 9100 9513 9496)
4(9099 9512 9513 9100)
4(9495 9496 9513 9512)
4(9084 9101 9514 9497)
4(9100 9513 9514 9101)
4(9496 9497 9514 9513)
4(9085 9102 9515 9498)
4(9101 9514 9515 9102)
4(9497 9498 9515 9514)
4(9086 9103 9516 9499)
4(9102 9515 9516 9103)
4(9498 9499 9516 9515)
4(9087 9104 9517 9500)
4(9103 9516 9517 9104)
4(9499 9500 9517 9516)
4(9088 9105 9518 9501)
4(9104 9517 9518 9105)
4(9500 9501 9518 9517)
4(9089 9106 9519 9502)
4(9105 9518 9519 9106)
4(9501 9502 9519 9518)
4(9106 9519 307 282)
4(9502 306 307 9519)
4(281 282 307 306)
4(9091 9108 9521 9504)
4(9107 9520 9521 9108)
4(9503 9504 9521 9520)
4(9092 9109 9522 9505)
4(9108 9521 9522 9109)
4(9504 9505 9522 9521)
4(9093 9110 9523 9506)
4(9109 9522 9523 9110)
4(9505 9506 9523 9522)
4(9094 9111 9524 9507)
4(9110 9523 9524 9111)
4(9506 9507 9524 9523)
4(9095 9112 9525 9508)
4(9111 9524 9525 9112)
4(9507 9508 9525 9524)
4(9096 9113 9526 9509)
4(9112 9525 9526 9113)
4(9508 9509 9526 9525)
4(9097 9114 9527 9510)
4(9113 9526 9527 9114)
4(9509 9510 9527 9526)
4(9098 9115 9528 9511)
4(9114 9527 9528 9115)
4(9510 9511 9528 9527)
4(9099 9116 9529 9512)
4(9115 9528 9529 9116)
4(9511 9512 9529 9528)
4(9100 9117 9530 9513)
4(9116 9529 9530 9117)
4(9512 9513 9530 9529)
4(9101 9118 9531 9514)
4(9117 9530 9531 9118)
4(9513 9514 9531 9530)
4(9102 9119 9532 9515)
4(9118 9531 9532 9119)
4(9514 9515 9532 9531)
4(9103 9120 9533 9516)
4(9119 9532 9533 9120)
4(9515 9516 9533 9532)
4(9104 9121 9534 9517)
4(9120 9533 9534 9121)
4(9516 9517 9534 9533)
4(9105 9122 9535 9518)
4(9121 9534 9535 9122)
4(9517 9518 9535 9534)
4(9106 9123 9536 9519)
4(9122 9535 9536 9123)
4(9518 9519 9536 9535)
4(9123 9536 308 283)
4(9519 307 308 9536)
4(282 283 308 307)
4(9108 9125 9538 9521)
4(9124 9537 9538 9125)
4(9520 9521 9538 9537)
4(9109 9126 9539 9522)
4(9125 9538 9539 9126)
4(9521 9522 9539 9538)
4(9110 9127 9540 9523)
4(9126 9539 9540 9127)
4(9522 9523 9540 9539)
4(9111 9128 9541 9524)
4(9127 9540 9541 9128)
4(9523 9524 9541 9540)
4(9112 9129 9542 9525)
4(9128 9541 9542 9129)
4(9524 9525 9542 9541)
4(9113 9130 9543 9526)
4(9129 9542 9543 9130)
4(9525 9526 9543 9542)
4(9114 9131 9544 9527)
4(9130 9543 9544 9131)
4(9526 9527 9544 9543)
4(9115 9132 9545 9528)
4(9131 9544 9545 9132)
4(9527 9528 9545 9544)
4(9116 9133 9546 9529)
4(9132 9545 9546 9133)
4(9528 9529 9546 9545)
4(9117 9134 9547 9530)
4(9133 9546 9547 9134)
4(9529 9530 9547 9546)
4(9118 9135 9548 9531)
4(9134 9547 9548 9135)
4(9530 9531 9548 9547)
4(9119 9136 9549 9532)
4(9135 9548 9549 9136)
4(9531 9532 9549 9548)
4(9120 9137 9550 9533)
4(9136 9549 9550 9137)
4(9532 9533 9550 9549)
4(9121 9138 9551 9534)
4(9137 9550 9551 9138)
4(9533 9534 9551 9550)
4(9122 9139 9552 9535)
4(9138 9551 9552 9139)
4(9534 9535 9552 9551)
4(9123 9140 9553 9536)
4(9139 9552 9553 9140)
4(9535 9536 9553 9552)
4(9140 9553 309 284)
4(9536 308 309 9553)
4(283 284 309 308)
4(9125 9142 9555 9538)
4(9141 9554 9555 9142)
4(9537 9538 9555 9554)
4(9126 9143 9556 9539)
4(9142 9555 9556 9143)
4(9538 9539 9556 9555)
4(9127 9144 9557 9540)
4(9143 9556 9557 9144)
4(9539 9540 9557 9556)
4(9128 9145 9558 9541)
4(9144 9557 9558 9145)
4(9540 9541 9558 9557)
4(9129 9146 9559 9542)
4(9145 9558 9559 9146)
4(9541 9542 9559 9558)
4(9130 9147 9560 9543)
4(9146 9559 9560 9147)
4(9542 9543 9560 9559)
4(9131 9148 9561 9544)
4(9147 9560 9561 9148)
4(9543 9544 9561 9560)
4(9132 9149 9562 9545)
4(9148 9561 9562 9149)
4(9544 9545 9562 9561)
4(9133 9150 9563 9546)
4(9149 9562 9563 9150)
4(9545 9546 9563 9562)
4(9134 9151 9564 9547)
4(9150 9563 9564 9151)
4(9546 9547 9564 9563)
4(9135 9152 9565 9548)
4(9151 9564 9565 9152)
4(9547 9548 9565 9564)
4(9136 9153 9566 9549)
4(9152 9565 9566 9153)
4(9548 9549 9566 9565)
4(9137 9154 9567 9550)
4(9153 9566 9567 9154)
4(9549 9550 9567 9566)
4(9138 9155 9568 9551)
4(9154 9567 9568 9155)
4(9550 9551 9568 9567)
4(9139 9156 9569 9552)
4(9155 9568 9569 9156)
4(9551 9552 9569 9568)
4(9140 9157 9570 9553)
4(9156 9569 9570 9157)
4(9552 9553 9570 9569)
4(9157 9570 310 285)
4(9553 309 310 9570)
4(284 285 310 309)
4(9142 9159 9572 9555)
4(9158 9571 9572 9159)
4(9554 9555 9572 9571)
4(9143 9160 9573 9556)
4(9159 9572 9573 9160)
4(9555 9556 9573 9572)
4(9144 9161 9574 9557)
4(9160 9573 9574 9161)
4(9556 9557 9574 9573)
4(9145 9162 9575 9558)
4(9161 9574 9575 9162)
4(9557 9558 9575 9574)
4(9146 9163 9576 9559)
4(9162 9575 9576 9163)
4(9558 9559 9576 9575)
4(9147 9164 9577 9560)
4(9163 9576 9577 9164)
4(9559 9560 9577 9576)
4(9148 9165 9578 9561)
4(9164 9577 9578 9165)
4(9560 9561 9578 9577)
4(9149 9166 9579 9562)
4(9165 9578 9579 9166)
4(9561 9562 9579 9578)
4(9150 9167 9580 9563)
4(9166 9579 9580 9167)
4(9562 9563 9580 9579)
4(9151 9168 9581 9564)
4(9167 9580 9581 9168)
4(9563 9564 9581 9580)
4(9152 9169 9582 9565)
4(9168 9581 9582 9169)
4(9564 9565 9582 9581)
4(9153 9170 9583 9566)
4(9169 9582 9583 9170)
4(9565 9566 9583 9582)
4(9154 9171 9584 9567)
4(9170 9583 9584 9171)
4(9566 9567 9584 9583)
4(9155 9172 9585 9568)
4(9171 9584 9585 9172)
4(9567 9568 9585 9584)
4(9156 9173 9586 9569)
4(9172 9585 9586 9173)
4(9568 9569 9586 9585)
4(9157 9174 9587 9570)
4(9173 9586 9587 9174)
4(9569 9570 9587 9586)
4(9174 9587 311 286)
4(9570 310 311 9587)
4(285 286 311 310)
4(9159 9176 9589 9572)
4(9175 9588 9589 9176)
4(9571 9572 9589 9588)
4(9160 9177 9590 9573)
4(9176 9589 9590 9177)
4(9572 9573 9590 9589)
4(9161 9178 9591 9574)
4(9177 9590 9591 9178)
4(9573 9574 9591 9590)
4(9162 9179 9592 9575)
4(9178 9591 9592 9179)
4(9574 9575 9592 9591)
4(9163 9180 9593 9576)
4(9179 9592 9593 9180)
4(9575 9576 9593 9592)
4(9164 9181 9594 9577)
4(9180 9593 9594 9181)
4(9576 9577 9594 9593)
4(9165 9182 9595 9578)
4(9181 9594 9595 9182)
4(9577 9578 9595 9594)
4(9166 9183 9596 9579)
4(9182 9595 9596 9183)
4(9578 9579 9596 9595)
4(9167 9184 9597 9580)
4(9183 9596 9597 9184)
4(9579 9580 9597 9596)
4(9168 9185 9598 9581)
4(9184 9597 9598 9185)
4(9580 9581 9598 9597)
4(9169 9186 9599 9582)
4(9185 9598 9599 9186)
4(9581 9582 9599 9598)
4(9170 9187 9600 9583)
4(9186 9599 9600 9187)
4(9582 9583 9600 9599)
4(9171 9188 9601 9584)
4(9187 9600 9601 9188)
4(9583 9584 9601 9600)
4(9172 9189 9602 9585)
4(9188 9601 9602 9189)
4(9584 9585 9602 9601)
4(9173 9190 9603 9586)
4(9189 9602 9603 9190)
4(9585 9586 9603 9602)
4(9174 9191 9604 9587)
4(9190 9603 9604 9191)
4(9586 9587 9604 9603)
4(9191 9604 312 287)
4(9587 311 312 9604)
4(286 287 312 311)
4(9176 9193 9606 9589)
4(9192 9605 9606 9193)
4(9588 9589 9606 9605)
4(9177 9194 9607 9590)
4(9193 9606 9607 9194)
4(9589 9590 9607 9606)
4(9178 9195 9608 9591)
4(9194 9607 9608 9195)
4(9590 9591 9608 9607)
4(9179 9196 9609 9592)
4(9195 9608 9609 9196)
4(9591 9592 9609 9608)
4(9180 9197 9610 9593)
4(9196 9609 9610 9197)
4(9592 9593 9610 9609)
4(9181 9198 9611 9594)
4(9197 9610 9611 9198)
4(9593 9594 9611 9610)
4(9182 9199 9612 9595)
4(9198 9611 9612 9199)
4(9594 9595 9612 9611)
4(9183 9200 9613 9596)
4(9199 9612 9613 9200)
4(9595 9596 9613 9612)
4(9184 9201 9614 9597)
4(9200 9613 9614 9201)
4(9596 9597 9614 9613)
4(9185 9202 9615 9598)
4(9201 9614 9615 9202)
4(9597 9598 9615 9614)
4(9186 9203 9616 9599)
4(9202 9615 9616 9203)
4(9598 9599 9616 9615)
4(9187 9204 9617 9600)
4(9203 9616 9617 9204)
4(9599 9600 9617 9616)
4(9188 9205 9618 9601)
4(9204 9617 9618 9205)
4(9600 9601 9618 9617)
4(9189 9206 9619 9602)
4(9205 9618 9619 9206)
4(9601 9602 9619 9618)
4(9190 9207 9620 9603)
4(9206 9619 9620 9207)
4(9602 9603 9620 9619)
4(9191 9208 9621 9604)
4(9207 9620 9621 9208)
4(9603 9604 9621 9620)
4(9208 9621 313 288)
4(9604 312 313 9621)
4(287 288 313 312)
4(9193 9210 9623 9606)
4(9209 9622 9623 9210)
4(9605 9606 9623 9622)
4(9194 9211 9624 9607)
4(9210 9623 9624 9211)
4(9606 9607 9624 9623)
4(9195 9212 9625 9608)
4(9211 9624 9625 9212)
4(9607 9608 9625 9624)
4(9196 9213 9626 9609)
4(9212 9625 9626 9213)
4(9608 9609 9626 9625)
4(9197 9214 9627 9610)
4(9213 9626 9627 9214)
4(9609 9610 9627 9626)
4(9198 9215 9628 9611)
4(9214 9627 9628 9215)
4(9610 9611 9628 9627)
4(9199 9216 9629 9612)
4(9215 9628 9629 9216)
4(9611 9612 9629 9628)
4(9200 9217 9630 9613)
4(9216 9629 9630 9217)
4(9612 9613 9630 9629)
4(9201 9218 9631 9614)
4(9217 9630 9631 9218)
4(9613 9614 9631 9630)
4(9202 9219 9632 9615)
4(9218 9631 9632 9219)
4(9614 9615 9632 9631)
4(9203 9220 9633 9616)
4(9219 9632 9633 9220)
4(9615 9616 9633 9632)
4(9204 9221 9634 9617)
4(9220 9633 9634 9221)
4(9616 9617 9634 9633)
4(9205 9222 9635 9618)
4(9221 9634 9635 9222)
4(9617 9618 9635 9634)
4(9206 9223 9636 9619)
4(9222 9635 9636 9223)
4(9618 9619 9636 9635)
4(9207 9224 9637 9620)
4(9223 9636 9637 9224)
4(9619 9620 9637 9636)
4(9208 9225 9638 9621)
4(9224 9637 9638 9225)
4(9620 9621 9638 9637)
4(9225 9638 314 289)
4(9621 313 314 9638)
4(288 289 314 313)
4(9210 9227 9640 9623)
4(9226 9639 9640 9227)
4(9622 9623 9640 9639)
4(9211 9228 9641 9624)
4(9227 9640 9641 9228)
4(9623 9624 9641 9640)
4(9212 9229 9642 9625)
4(9228 9641 9642 9229)
4(9624 9625 9642 9641)
4(9213 9230 9643 9626)
4(9229 9642 9643 9230)
4(9625 9626 9643 9642)
4(9214 9231 9644 9627)
4(9230 9643 9644 9231)
4(9626 9627 9644 9643)
4(9215 9232 9645 9628)
4(9231 9644 9645 9232)
4(9627 9628 9645 9644)
4(9216 9233 9646 9629)
4(9232 9645 9646 9233)
4(9628 9629 9646 9645)
4(9217 9234 9647 9630)
4(9233 9646 9647 9234)
4(9629 9630 9647 9646)
4(9218 9235 9648 9631)
4(9234 9647 9648 9235)
4(9630 9631 9648 9647)
4(9219 9236 9649 9632)
4(9235 9648 9649 9236)
4(9631 9632 9649 9648)
4(9220 9237 9650 9633)
4(9236 9649 9650 9237)
4(9632 9633 9650 9649)
4(9221 9238 9651 9634)
4(9237 9650 9651 9238)
4(9633 9634 9651 9650)
4(9222 9239 9652 9635)
4(9238 9651 9652 9239)
4(9634 9635 9652 9651)
4(9223 9240 9653 9636)
4(9239 9652 9653 9240)
4(9635 9636 9653 9652)
4(9224 9241 9654 9637)
4(9240 9653 9654 9241)
4(9636 9637 9654 9653)
4(9225 9242 9655 9638)
4(9241 9654 9655 9242)
4(9637 9638 9655 9654)
4(9242 9655 315 290)
4(9638 314 315 9655)
4(289 290 315 314)
4(9227 9244 9657 9640)
4(9243 9656 9657 9244)
4(9639 9640 9657 9656)
4(9228 9245 9658 9641)
4(9244 9657 9658 9245)
4(9640 9641 9658 9657)
4(9229 9246 9659 9642)
4(9245 9658 9659 9246)
4(9641 9642 9659 9658)
4(9230 9247 9660 9643)
4(9246 9659 9660 9247)
4(9642 9643 9660 9659)
4(9231 9248 9661 9644)
4(9247 9660 9661 9248)
4(9643 9644 9661 9660)
4(9232 9249 9662 9645)
4(9248 9661 9662 9249)
4(9644 9645 9662 9661)
4(9233 9250 9663 9646)
4(9249 9662 9663 9250)
4(9645 9646 9663 9662)
4(9234 9251 9664 9647)
4(9250 9663 9664 9251)
4(9646 9647 9664 9663)
4(9235 9252 9665 9648)
4(9251 9664 9665 9252)
4(9647 9648 9665 9664)
4(9236 9253 9666 9649)
4(9252 9665 9666 9253)
4(9648 9649 9666 9665)
4(9237 9254 9667 9650)
4(9253 9666 9667 9254)
4(9649 9650 9667 9666)
4(9238 9255 9668 9651)
4(9254 9667 9668 9255)
4(9650 9651 9668 9667)
4(9239 9256 9669 9652)
4(9255 9668 9669 9256)
4(9651 9652 9669 9668)
4(9240 9257 9670 9653)
4(9256 9669 9670 9257)
4(9652 9653 9670 9669)
4(9241 9258 9671 9654)
4(9257 9670 9671 9258)
4(9653 9654 9671 9670)
4(9242 9259 9672 9655)
4(9258 9671 9672 9259)
4(9654 9655 9672 9671)
4(9259 9672 316 291)
4(9655 315 316 9672)
4(290 291 316 315)
4(9244 9261 9674 9657)
4(9260 9673 9674 9261)
4(9656 9657 9674 9673)
4(9245 9262 9675 9658)
4(9261 9674 9675 9262)
4(9657 9658 9675 9674)
4(9246 9263 9676 9659)
4(9262 9675 9676 9263)
4(9658 9659 9676 9675)
4(9247 9264 9677 9660)
4(9263 9676 9677 9264)
4(9659 9660 9677 9676)
4(9248 9265 9678 9661)
4(9264 9677 9678 9265)
4(9660 9661 9678 9677)
4(9249 9266 9679 9662)
4(9265 9678 9679 9266)
4(9661 9662 9679 9678)
4(9250 9267 9680 9663)
4(9266 9679 9680 9267)
4(9662 9663 9680 9679)
4(9251 9268 9681 9664)
4(9267 9680 9681 9268)
4(9663 9664 9681 9680)
4(9252 9269 9682 9665)
4(9268 9681 9682 9269)
4(9664 9665 9682 9681)
4(9253 9270 9683 9666)
4(9269 9682 9683 9270)
4(9665 9666 9683 9682)
4(9254 9271 9684 9667)
4(9270 9683 9684 9271)
4(9666 9667 9684 9683)
4(9255 9272 9685 9668)
4(9271 9684 9685 9272)
4(9667 9668 9685 9684)
4(9256 9273 9686 9669)
4(9272 9685 9686 9273)
4(9668 9669 9686 9685)
4(9257 9274 9687 9670)
4(9273 9686 9687 9274)
4(9669 9670 9687 9686)
4(9258 9275 9688 9671)
4(9274 9687 9688 9275)
4(9670 9671 9688 9687)
4(9259 9276 9689 9672)
4(9275 9688 9689 9276)
4(9671 9672 9689 9688)
4(9276 9689 317 292)
4(9672 316 317 9689)
4(291 292 317 316)
4(9261 9278 9691 9674)
4(9277 9690 9691 9278)
4(9673 9674 9691 9690)
4(9262 9279 9692 9675)
4(9278 9691 9692 9279)
4(9674 9675 9692 9691)
4(9263 9280 9693 9676)
4(9279 9692 9693 9280)
4(9675 9676 9693 9692)
4(9264 9281 9694 9677)
4(9280 9693 9694 9281)
4(9676 9677 9694 9693)
4(9265 9282 9695 9678)
4(9281 9694 9695 9282)
4(9677 9678 9695 9694)
4(9266 9283 9696 9679)
4(9282 9695 9696 9283)
4(9678 9679 9696 9695)
4(9267 9284 9697 9680)
4(9283 9696 9697 9284)
4(9679 9680 9697 9696)
4(9268 9285 9698 9681)
4(9284 9697 9698 9285)
4(9680 9681 9698 9697)
4(9269 9286 9699 9682)
4(9285 9698 9699 9286)
4(9681 9682 9699 9698)
4(9270 9287 9700 9683)
4(9286 9699 9700 9287)
4(9682 9683 9700 9699)
4(9271 9288 9701 9684)
4(9287 9700 9701 9288)
4(9683 9684 9701 9700)
4(9272 9289 9702 9685)
4(9288 9701 9702 9289)
4(9684 9685 9702 9701)
4(9273 9290 9703 9686)
4(9289 9702 9703 9290)
4(9685 9686 9703 9702)
4(9274 9291 9704 9687)
4(9290 9703 9704 9291)
4(9686 9687 9704 9703)
4(9275 9292 9705 9688)
4(9291 9704 9705 9292)
4(9687 9688 9705 9704)
4(9276 9293 9706 9689)
4(9292 9705 9706 9293)
4(9688 9689 9706 9705)
4(9293 9706 318 293)
4(9689 317 318 9706)
4(292 293 318 317)
4(9278 9295 9708 9691)
4(9294 9707 9708 9295)
4(9690 9691 9708 9707)
4(9279 9296 9709 9692)
4(9295 9708 9709 9296)
4(9691 9692 9709 9708)
4(9280 9297 9710 9693)
4(9296 9709 9710 9297)
4(9692 9693 9710 9709)
4(9281 9298 9711 9694)
4(9297 9710 9711 9298)
4(9693 9694 9711 9710)
4(9282 9299 9712 9695)
4(9298 9711 9712 9299)
4(9694 9695 9712 9711)
4(9283 9300 9713 9696)
4(9299 9712 9713 9300)
4(9695 9696 9713 9712)
4(9284 9301 9714 9697)
4(9300 9713 9714 9301)
4(9696 9697 9714 9713)
4(9285 9302 9715 9698)
4(9301 9714 9715 9302)
4(9697 9698 9715 9714)
4(9286 9303 9716 9699)
4(9302 9715 9716 9303)
4(9698 9699 9716 9715)
4(9287 9304 9717 9700)
4(9303 9716 9717 9304)
4(9699 9700 9717 9716)
4(9288 9305 9718 9701)
4(9304 9717 9718 9305)
4(9700 9701 9718 9717)
4(9289 9306 9719 9702)
4(9305 9718 9719 9306)
4(9701 9702 9719 9718)
4(9290 9307 9720 9703)
4(9306 9719 9720 9307)
4(9702 9703 9720 9719)
4(9291 9308 9721 9704)
4(9307 9720 9721 9308)
4(9703 9704 9721 9720)
4(9292 9309 9722 9705)
4(9308 9721 9722 9309)
4(9704 9705 9722 9721)
4(9293 9310 9723 9706)
4(9309 9722 9723 9310)
4(9705 9706 9723 9722)
4(9310 9723 319 294)
4(9706 318 319 9723)
4(293 294 319 318)
4(9295 9312 9725 9708)
4(9311 9724 9725 9312)
4(9707 9708 9725 9724)
4(9296 9313 9726 9709)
4(9312 9725 9726 9313)
4(9708 9709 9726 9725)
4(9297 9314 9727 9710)
4(9313 9726 9727 9314)
4(9709 9710 9727 9726)
4(9298 9315 9728 9711)
4(9314 9727 9728 9315)
4(9710 9711 9728 9727)
4(9299 9316 9729 9712)
4(9315 9728 9729 9316)
4(9711 9712 9729 9728)
4(9300 9317 9730 9713)
4(9316 9729 9730 9317)
4(9712 9713 9730 9729)
4(9301 9318 9731 9714)
4(9317 9730 9731 9318)
4(9713 9714 9731 9730)
4(9302 9319 9732 9715)
4(9318 9731 9732 9319)
4(9714 9715 9732 9731)
4(9303 9320 9733 9716)
4(9319 9732 9733 9320)
4(9715 9716 9733 9732)
4(9304 9321 9734 9717)
4(9320 9733 9734 9321)
4(9716 9717 9734 9733)
4(9305 9322 9735 9718)
4(9321 9734 9735 9322)
4(9717 9718 9735 9734)
4(9306 9323 9736 9719)
4(9322 9735 9736 9323)
4(9718 9719 9736 9735)
4(9307 9324 9737 9720)
4(9323 9736 9737 9324)
4(9719 9720 9737 9736)
4(9308 9325 9738 9721)
4(9324 9737 9738 9325)
4(9720 9721 9738 9737)
4(9309 9326 9739 9722)
4(9325 9738 9739 9326)
4(9721 9722 9739 9738)
4(9310 9327 9740 9723)
4(9326 9739 9740 9327)
4(9722 9723 9740 9739)
4(9327 9740 320 295)
4(9723 319 320 9740)
4(294 295 320 319)
4(9312 9329 9742 9725)
4(9328 9741 9742 9329)
4(9724 9725 9742 9741)
4(9313 9330 9743 9726)
4(9329 9742 9743 9330)
4(9725 9726 9743 9742)
4(9314 9331 9744 9727)
4(9330 9743 9744 9331)
4(9726 9727 9744 9743)
4(9315 9332 9745 9728)
4(9331 9744 9745 9332)
4(9727 9728 9745 9744)
4(9316 9333 9746 9729)
4(9332 9745 9746 9333)
4(9728 9729 9746 9745)
4(9317 9334 9747 9730)
4(9333 9746 9747 9334)
4(9729 9730 9747 9746)
4(9318 9335 9748 9731)
4(9334 9747 9748 9335)
4(9730 9731 9748 9747)
4(9319 9336 9749 9732)
4(9335 9748 9749 9336)
4(9731 9732 9749 9748)
4(9320 9337 9750 9733)
4(9336 9749 9750 9337)
4(9732 9733 9750 9749)
4(9321 9338 9751 9734)
4(9337 9750 9751 9338)
4(9733 9734 9751 9750)
4(9322 9339 9752 9735)
4(9338 9751 9752 9339)
4(9734 9735 9752 9751)
4(9323 9340 9753 9736)
4(9339 9752 9753 9340)
4(9735 9736 9753 9752)
4(9324 9341 9754 9737)
4(9340 9753 9754 9341)
4(9736 9737 9754 9753)
4(9325 9342 9755 9738)
4(9341 9754 9755 9342)
4(9737 9738 9755 9754)
4(9326 9343 9756 9739)
4(9342 9755 9756 9343)
4(9738 9739 9756 9755)
4(9327 9344 9757 9740)
4(9343 9756 9757 9344)
4(9739 9740 9757 9756)
4(9344 9757 321 296)
4(9740 320 321 9757)
4(295 296 321 320)
4(9329 9346 9759 9742)
4(9345 9758 9759 9346)
4(9741 9742 9759 9758)
4(9330 9347 9760 9743)
4(9346 9759 9760 9347)
4(9742 9743 9760 9759)
4(9331 9348 9761 9744)
4(9347 9760 9761 9348)
4(9743 9744 9761 9760)
4(9332 9349 9762 9745)
4(9348 9761 9762 9349)
4(9744 9745 9762 9761)
4(9333 9350 9763 9746)
4(9349 9762 9763 9350)
4(9745 9746 9763 9762)
4(9334 9351 9764 9747)
4(9350 9763 9764 9351)
4(9746 9747 9764 9763)
4(9335 9352 9765 9748)
4(9351 9764 9765 9352)
4(9747 9748 9765 9764)
4(9336 9353 9766 9749)
4(9352 9765 9766 9353)
4(9748 9749 9766 9765)
4(9337 9354 9767 9750)
4(9353 9766 9767 9354)
4(9749 9750 9767 9766)
4(9338 9355 9768 9751)
4(9354 9767 9768 9355)
4(9750 9751 9768 9767)
4(9339 9356 9769 9752)
4(9355 9768 9769 9356)
4(9751 9752 9769 9768)
4(9340 9357 9770 9753)
4(9356 9769 9770 9357)
4(9752 9753 9770 9769)
4(9341 9358 9771 9754)
4(9357 9770 9771 9358)
4(9753 9754 9771 9770)
4(9342 9359 9772 9755)
4(9358 9771 9772 9359)
4(9754 9755 9772 9771)
4(9343 9360 9773 9756)
4(9359 9772 9773 9360)
4(9755 9756 9773 9772)
4(9344 9361 9774 9757)
4(9360 9773 9774 9361)
4(9756 9757 9774 9773)
4(9361 9774 322 297)
4(9757 321 322 9774)
4(296 297 322 321)
4(9346 9363 9776 9759)
4(9758 9759 9776 9775)
4(9347 9364 9777 9760)
4(9759 9760 9777 9776)
4(9348 9365 9778 9761)
4(9760 9761 9778 9777)
4(9349 9366 9779 9762)
4(9761 9762 9779 9778)
4(9350 9367 9780 9763)
4(9762 9763 9780 9779)
4(9351 9368 9781 9764)
4(9763 9764 9781 9780)
4(9352 9369 9782 9765)
4(9764 9765 9782 9781)
4(9353 9370 9783 9766)
4(9765 9766 9783 9782)
4(9354 9371 9784 9767)
4(9766 9767 9784 9783)
4(9355 9372 9785 9768)
4(9767 9768 9785 9784)
4(9356 9373 9786 9769)
4(9768 9769 9786 9785)
4(9357 9374 9787 9770)
4(9769 9770 9787 9786)
4(9358 9375 9788 9771)
4(9770 9771 9788 9787)
4(9359 9376 9789 9772)
4(9771 9772 9789 9788)
4(9360 9377 9790 9773)
4(9772 9773 9790 9789)
4(9361 9378 9791 9774)
4(9773 9774 9791 9790)
4(9774 322 323 9791)
4(297 298 323 322)
4(437 9379 472 455)
4(453 471 472 9379)
4(438 9380 473 456)
4(9379 472 473 9380)
4(439 9381 474 457)
4(9380 473 474 9381)
4(440 9382 9792 458)
4(9381 474 9792 9382)
4(457 458 9792 474)
4(441 9383 9793 459)
4(9382 9792 9793 9383)
4(458 459 9793 9792)
4(9383 9793 324 299)
4(459 71 324 9793)
4(54 299 324 71)
4(443 9385 9795 461)
4(9384 9794 9795 9385)
4(460 461 9795 9794)
4(444 9386 9796 462)
4(9385 9795 9796 9386)
4(461 462 9796 9795)
4(445 9387 9797 463)
4(9386 9796 9797 9387)
4(462 463 9797 9796)
4(446 9388 9798 464)
4(9387 9797 9798 9388)
4(463 464 9798 9797)
4(447 9389 9799 465)
4(9388 9798 9799 9389)
4(464 465 9799 9798)
4(448 9390 9800 466)
4(9389 9799 9800 9390)
4(465 466 9800 9799)
4(449 9391 9801 467)
4(9390 9800 9801 9391)
4(466 467 9801 9800)
4(450 9392 9802 468)
4(9391 9801 9802 9392)
4(467 468 9802 9801)
4(451 9393 9803 469)
4(9392 9802 9803 9393)
4(468 469 9803 9802)
4(452 9394 9804 470)
4(9393 9803 9804 9394)
4(469 470 9804 9803)
4(453 9395 9805 471)
4(9394 9804 9805 9395)
4(470 471 9805 9804)
4(9379 9396 9806 472)
4(9395 9805 9806 9396)
4(471 472 9806 9805)
4(9380 9397 9807 473)
4(9396 9806 9807 9397)
4(472 473 9807 9806)
4(9381 9398 9808 474)
4(9397 9807 9808 9398)
4(473 474 9808 9807)
4(9382 9399 9809 9792)
4(9398 9808 9809 9399)
4(474 9792 9809 9808)
4(9383 9400 9810 9793)
4(9399 9809 9810 9400)
4(9792 9793 9810 9809)
4(9400 9810 325 300)
4(9793 324 325 9810)
4(299 300 325 324)
4(9385 9402 9812 9795)
4(9401 9811 9812 9402)
4(9794 9795 9812 9811)
4(9386 9403 9813 9796)
4(9402 9812 9813 9403)
4(9795 9796 9813 9812)
4(9387 9404 9814 9797)
4(9403 9813 9814 9404)
4(9796 9797 9814 9813)
4(9388 9405 9815 9798)
4(9404 9814 9815 9405)
4(9797 9798 9815 9814)
4(9389 9406 9816 9799)
4(9405 9815 9816 9406)
4(9798 9799 9816 9815)
4(9390 9407 9817 9800)
4(9406 9816 9817 9407)
4(9799 9800 9817 9816)
4(9391 9408 9818 9801)
4(9407 9817 9818 9408)
4(9800 9801 9818 9817)
4(9392 9409 9819 9802)
4(9408 9818 9819 9409)
4(9801 9802 9819 9818)
4(9393 9410 9820 9803)
4(9409 9819 9820 9410)
4(9802 9803 9820 9819)
4(9394 9411 9821 9804)
4(9410 9820 9821 9411)
4(9803 9804 9821 9820)
4(9395 9412 9822 9805)
4(9411 9821 9822 9412)
4(9804 9805 9822 9821)
4(9396 9413 9823 9806)
4(9412 9822 9823 9413)
4(9805 9806 9823 9822)
4(9397 9414 9824 9807)
4(9413 9823 9824 9414)
4(9806 9807 9824 9823)
4(9398 9415 9825 9808)
4(9414 9824 9825 9415)
4(9807 9808 9825 9824)
4(9399 9416 9826 9809)
4(9415 9825 9826 9416)
4(9808 9809 9826 9825)
4(9400 9417 9827 9810)
4(9416 9826 9827 9417)
4(9809 9810 9827 9826)
4(9417 9827 326 301)
4(9810 325 326 9827)
4(300 301 326 325)
4(9402 9419 9829 9812)
4(9418 9828 9829 9419)
4(9811 9812 9829 9828)
4(9403 9420 9830 9813)
4(9419 9829 9830 9420)
4(9812 9813 9830 9829)
4(9404 9421 9831 9814)
4(9420 9830 9831 9421)
4(9813 9814 9831 9830)
4(9405 9422 9832 9815)
4(9421 9831 9832 9422)
4(9814 9815 9832 9831)
4(9406 9423 9833 9816)
4(9422 9832 9833 9423)
4(9815 9816 9833 9832)
4(9407 9424 9834 9817)
4(9423 9833 9834 9424)
4(9816 9817 9834 9833)
4(9408 9425 9835 9818)
4(9424 9834 9835 9425)
4(9817 9818 9835 9834)
4(9409 9426 9836 9819)
4(9425 9835 9836 9426)
4(9818 9819 9836 9835)
4(9410 9427 9837 9820)
4(9426 9836 9837 9427)
4(9819 9820 9837 9836)
4(9411 9428 9838 9821)
4(9427 9837 9838 9428)
4(9820 9821 9838 9837)
4(9412 9429 9839 9822)
4(9428 9838 9839 9429)
4(9821 9822 9839 9838)
4(9413 9430 9840 9823)
4(9429 9839 9840 9430)
4(9822 9823 9840 9839)
4(9414 9431 9841 9824)
4(9430 9840 9841 9431)
4(9823 9824 9841 9840)
4(9415 9432 9842 9825)
4(9431 9841 9842 9432)
4(9824 9825 9842 9841)
4(9416 9433 9843 9826)
4(9432 9842 9843 9433)
4(9825 9826 9843 9842)
4(9417 9434 9844 9827)
4(9433 9843 9844 9434)
4(9826 9827 9844 9843)
4(9434 9844 327 302)
4(9827 326 327 9844)
4(301 302 327 326)
4(9419 9436 9846 9829)
4(9435 9845 9846 9436)
4(9828 9829 9846 9845)
4(9420 9437 9847 9830)
4(9436 9846 9847 9437)
4(9829 9830 9847 9846)
4(9421 9438 9848 9831)
4(9437 9847 9848 9438)
4(9830 9831 9848 9847)
4(9422 9439 9849 9832)
4(9438 9848 9849 9439)
4(9831 9832 9849 9848)
4(9423 9440 9850 9833)
4(9439 9849 9850 9440)
4(9832 9833 9850 9849)
4(9424 9441 9851 9834)
4(9440 9850 9851 9441)
4(9833 9834 9851 9850)
4(9425 9442 9852 9835)
4(9441 9851 9852 9442)
4(9834 9835 9852 9851)
4(9426 9443 9853 9836)
4(9442 9852 9853 9443)
4(9835 9836 9853 9852)
4(9427 9444 9854 9837)
4(9443 9853 9854 9444)
4(9836 9837 9854 9853)
4(9428 9445 9855 9838)
4(9444 9854 9855 9445)
4(9837 9838 9855 9854)
4(9429 9446 9856 9839)
4(9445 9855 9856 9446)
4(9838 9839 9856 9855)
4(9430 9447 9857 9840)
4(9446 9856 9857 9447)
4(9839 9840 9857 9856)
4(9431 9448 9858 9841)
4(9447 9857 9858 9448)
4(9840 9841 9858 9857)
4(9432 9449 9859 9842)
4(9448 9858 9859 9449)
4(9841 9842 9859 9858)
4(9433 9450 9860 9843)
4(9449 9859 9860 9450)
4(9842 9843 9860 9859)
4(9434 9451 9861 9844)
4(9450 9860 9861 9451)
4(9843 9844 9861 9860)
4(9451 9861 328 303)
4(9844 327 328 9861)
4(302 303 328 327)
4(9436 9453 9863 9846)
4(9452 9862 9863 9453)
4(9845 9846 9863 9862)
4(9437 9454 9864 9847)
4(9453 9863 9864 9454)
4(9846 9847 9864 9863)
4(9438 9455 9865 9848)
4(9454 9864 9865 9455)
4(9847 9848 9865 9864)
4(9439 9456 9866 9849)
4(9455 9865 9866 9456)
4(9848 9849 9866 9865)
4(9440 9457 9867 9850)
4(9456 9866 9867 9457)
4(9849 9850 9867 9866)
4(9441 9458 9868 9851)
4(9457 9867 9868 9458)
4(9850 9851 9868 9867)
4(9442 9459 9869 9852)
4(9458 9868 9869 9459)
4(9851 9852 9869 9868)
4(9443 9460 9870 9853)
4(9459 9869 9870 9460)
4(9852 9853 9870 9869)
4(9444 9461 9871 9854)
4(9460 9870 9871 9461)
4(9853 9854 9871 9870)
4(9445 9462 9872 9855)
4(9461 9871 9872 9462)
4(9854 9855 9872 9871)
4(9446 9463 9873 9856)
4(9462 9872 9873 9463)
4(9855 9856 9873 9872)
4(9447 9464 9874 9857)
4(9463 9873 9874 9464)
4(9856 9857 9874 9873)
4(9448 9465 9875 9858)
4(9464 9874 9875 9465)
4(9857 9858 9875 9874)
4(9449 9466 9876 9859)
4(9465 9875 9876 9466)
4(9858 9859 9876 9875)
4(9450 9467 9877 9860)
4(9466 9876 9877 9467)
4(9859 9860 9877 9876)
4(9451 9468 9878 9861)
4(9467 9877 9878 9468)
4(9860 9861 9878 9877)
4(9468 9878 329 304)
4(9861 328 329 9878)
4(303 304 329 328)
4(9453 9470 9880 9863)
4(9469 9879 9880 9470)
4(9862 9863 9880 9879)
4(9454 9471 9881 9864)
4(9470 9880 9881 9471)
4(9863 9864 9881 9880)
4(9455 9472 9882 9865)
4(9471 9881 9882 9472)
4(9864 9865 9882 9881)
4(9456 9473 9883 9866)
4(9472 9882 9883 9473)
4(9865 9866 9883 9882)
4(9457 9474 9884 9867)
4(9473 9883 9884 9474)
4(9866 9867 9884 9883)
4(9458 9475 9885 9868)
4(9474 9884 9885 9475)
4(9867 9868 9885 9884)
4(9459 9476 9886 9869)
4(9475 9885 9886 9476)
4(9868 9869 9886 9885)
4(9460 9477 9887 9870)
4(9476 9886 9887 9477)
4(9869 9870 9887 9886)
4(9461 9478 9888 9871)
4(9477 9887 9888 9478)
4(9870 9871 9888 9887)
4(9462 9479 9889 9872)
4(9478 9888 9889 9479)
4(9871 9872 9889 9888)
4(9463 9480 9890 9873)
4(9479 9889 9890 9480)
4(9872 9873 9890 9889)
4(9464 9481 9891 9874)
4(9480 9890 9891 9481)
4(9873 9874 9891 9890)
4(9465 9482 9892 9875)
4(9481 9891 9892 9482)
4(9874 9875 9892 9891)
4(9466 9483 9893 9876)
4(9482 9892 9893 9483)
4(9875 9876 9893 9892)
4(9467 9484 9894 9877)
4(9483 9893 9894 9484)
4(9876 9877 9894 9893)
4(9468 9485 9895 9878)
4(9484 9894 9895 9485)
4(9877 9878 9895 9894)
4(9485 9895 330 305)
4(9878 329 330 9895)
4(304 305 330 329)
4(9470 9487 9897 9880)
4(9486 9896 9897 9487)
4(9879 9880 9897 9896)
4(9471 9488 9898 9881)
4(9487 9897 9898 9488)
4(9880 9881 9898 9897)
4(9472 9489 9899 9882)
4(9488 9898 9899 9489)
4(9881 9882 9899 9898)
4(9473 9490 9900 9883)
4(9489 9899 9900 9490)
4(9882 9883 9900 9899)
4(9474 9491 9901 9884)
4(9490 9900 9901 9491)
4(9883 9884 9901 9900)
4(9475 9492 9902 9885)
4(9491 9901 9902 9492)
4(9884 9885 9902 9901)
4(9476 9493 9903 9886)
4(9492 9902 9903 9493)
4(9885 9886 9903 9902)
4(9477 9494 9904 9887)
4(9493 9903 9904 9494)
4(9886 9887 9904 9903)
4(9478 9495 9905 9888)
4(9494 9904 9905 9495)
4(9887 9888 9905 9904)
4(9479 9496 9906 9889)
4(9495 9905 9906 9496)
4(9888 9889 9906 9905)
4(9480 9497 9907 9890)
4(9496 9906 9907 9497)
4(9889 9890 9907 9906)
4(9481 9498 9908 9891)
4(9497 9907 9908 9498)
4(9890 9891 9908 9907)
4(9482 9499 9909 9892)
4(9498 9908 9909 9499)
4(9891 9892 9909 9908)
4(9483 9500 9910 9893)
4(9499 9909 9910 9500)
4(9892 9893 9910 9909)
4(9484 9501 9911 9894)
4(9500 9910 9911 9501)
4(9893 9894 9911 9910)
4(9485 9502 9912 9895)
4(9501 9911 9912 9502)
4(9894 9895 9912 9911)
4(9502 9912 331 306)
4(9895 330 331 9912)
4(305 306 331 330)
4(9487 9504 9914 9897)
4(9503 9913 9914 9504)
4(9896 9897 9914 9913)
4(9488 9505 9915 9898)
4(9504 9914 9915 9505)
4(9897 9898 9915 9914)
4(9489 9506 9916 9899)
4(9505 9915 9916 9506)
4(9898 9899 9916 9915)
4(9490 9507 9917 9900)
4(9506 9916 9917 9507)
4(9899 9900 9917 9916)
4(9491 9508 9918 9901)
4(9507 9917 9918 9508)
4(9900 9901 9918 9917)
4(9492 9509 9919 9902)
4(9508 9918 9919 9509)
4(9901 9902 9919 9918)
4(9493 9510 9920 9903)
4(9509 9919 9920 9510)
4(9902 9903 9920 9919)
4(9494 9511 9921 9904)
4(9510 9920 9921 9511)
4(9903 9904 9921 9920)
4(9495 9512 9922 9905)
4(9511 9921 9922 9512)
4(9904 9905 9922 9921)
4(9496 9513 9923 9906)
4(9512 9922 9923 9513)
4(9905 9906 9923 9922)
4(9497 9514 9924 9907)
4(9513 9923 9924 9514)
4(9906 9907 9924 9923)
4(9498 9515 9925 9908)
4(9514 9924 9925 9515)
4(9907 9908 9925 9924)
4(9499 9516 9926 9909)
4(9515 9925 9926 9516)
4(9908 9909 9926 9925)
4(9500 9517 9927 9910)
4(9516 9926 9927 9517)
4(9909 9910 9927 9926)
4(9501 9518 9928 9911)
4(9517 9927 9928 9518)
4(9910 9911 9928 9927)
4(9502 9519 9929 9912)
4(9518 9928 9929 9519)
4(9911 9912 9929 9928)
4(9519 9929 332 307)
4(9912 331 332 9929)
4(306 307 332 331)
4(9504 9521 9931 9914)
4(9520 9930 9931 9521)
4(9913 9914 9931 9930)
4(9505 9522 9932 9915)
4(9521 9931 9932 9522)
4(9914 9915 9932 9931)
4(9506 9523 9933 9916)
4(9522 9932 9933 9523)
4(9915 9916 9933 9932)
4(9507 9524 9934 9917)
4(9523 9933 9934 9524)
4(9916 9917 9934 9933)
4(9508 9525 9935 9918)
4(9524 9934 9935 9525)
4(9917 9918 9935 9934)
4(9509 9526 9936 9919)
4(9525 9935 9936 9526)
4(9918 9919 9936 9935)
4(9510 9527 9937 9920)
4(9526 9936 9937 9527)
4(9919 9920 9937 9936)
4(9511 9528 9938 9921)
4(9527 9937 9938 9528)
4(9920 9921 9938 9937)
4(9512 9529 9939 9922)
4(9528 9938 9939 9529)
4(9921 9922 9939 9938)
4(9513 9530 9940 9923)
4(9529 9939 9940 9530)
4(9922 9923 9940 9939)
4(9514 9531 9941 9924)
4(9530 9940 9941 9531)
4(9923 9924 9941 9940)
4(9515 9532 9942 9925)
4(9531 9941 9942 9532)
4(9924 9925 9942 9941)
4(9516 9533 9943 9926)
4(9532 9942 9943 9533)
4(9925 9926 9943 9942)
4(9517 9534 9944 9927)
4(9533 9943 9944 9534)
4(9926 9927 9944 9943)
4(9518 9535 9945 9928)
4(9534 9944 9945 9535)
4(9927 9928 9945 9944)
4(9519 9536 9946 9929)
4(9535 9945 9946 9536)
4(9928 9929 9946 9945)
4(9536 9946 333 308)
4(9929 332 333 9946)
4(307 308 333 332)
4(9521 9538 9948 9931)
4(9537 9947 9948 9538)
4(9930 9931 9948 9947)
4(9522 9539 9949 9932)
4(9538 9948 9949 9539)
4(9931 9932 9949 9948)
4(9523 9540 9950 9933)
4(9539 9949 9950 9540)
4(9932 9933 9950 9949)
4(9524 9541 9951 9934)
4(9540 9950 9951 9541)
4(9933 9934 9951 9950)
4(9525 9542 9952 9935)
4(9541 9951 9952 9542)
4(9934 9935 9952 9951)
4(9526 9543 9953 9936)
4(9542 9952 9953 9543)
4(9935 9936 9953 9952)
4(9527 9544 9954 9937)
4(9543 9953 9954 9544)
4(9936 9937 9954 9953)
4(9528 9545 9955 9938)
4(9544 9954 9955 9545)
4(9937 9938 9955 9954)
4(9529 9546 9956 9939)
4(9545 9955 9956 9546)
4(9938 9939 9956 9955)
4(9530 9547 9957 9940)
4(9546 9956 9957 9547)
4(9939 9940 9957 9956)
4(9531 9548 9958 9941)
4(9547 9957 9958 9548)
4(9940 9941 9958 9957)
4(9532 9549 9959 9942)
4(9548 9958 9959 9549)
4(9941 9942 9959 9958)
4(9533 9550 9960 9943)
4(9549 9959 9960 9550)
4(9942 9943 9960 9959)
4(9534 9551 9961 9944)
4(9550 9960 9961 9551)
4(9943 9944 9961 9960)
4(9535 9552 9962 9945)
4(9551 9961 9962 9552)
4(9944 9945 9962 9961)
4(9536 9553 9963 9946)
4(9552 9962 9963 9553)
4(9945 9946 9963 9962)
4(9553 9963 334 309)
4(9946 333 334 9963)
4(308 309 334 333)
4(9538 9555 9965 9948)
4(9554 9964 9965 9555)
4(9947 9948 9965 9964)
4(9539 9556 9966 9949)
4(9555 9965 9966 9556)
4(9948 9949 9966 9965)
4(9540 9557 9967 9950)
4(9556 9966 9967 9557)
4(9949 9950 9967 9966)
4(9541 9558 9968 9951)
4(9557 9967 9968 9558)
4(9950 9951 9968 9967)
4(9542 9559 9969 9952)
4(9558 9968 9969 9559)
4(9951 9952 9969 9968)
4(9543 9560 9970 9953)
4(9559 9969 9970 9560)
4(9952 9953 9970 9969)
4(9544 9561 9971 9954)
4(9560 9970 9971 9561)
4(9953 9954 9971 9970)
4(9545 9562 9972 9955)
4(9561 9971 9972 9562)
4(9954 9955 9972 9971)
4(9546 9563 9973 9956)
4(9562 9972 9973 9563)
4(9955 9956 9973 9972)
4(9547 9564 9974 9957)
4(9563 9973 9974 9564)
4(9956 9957 9974 9973)
4(9548 9565 9975 9958)
4(9564 9974 9975 9565)
4(9957 9958 9975 9974)
4(9549 9566 9976 9959)
4(9565 9975 9976 9566)
4(9958 9959 9976 9975)
4(9550 9567 9977 9960)
4(9566 9976 9977 9567)
4(9959 9960 9977 9976)
4(9551 9568 9978 9961)
4(9567 9977 9978 9568)
4(9960 9961 9978 9977)
4(9552 9569 9979 9962)
4(9568 9978 9979 9569)
4(9961 9962 9979 9978)
4(9553 9570 9980 9963)
4(9569 9979 9980 9570)
4(9962 9963 9980 9979)
4(9570 9980 335 310)
4(9963 334 335 9980)
4(309 310 335 334)
4(9555 9572 9982 9965)
4(9571 9981 9982 9572)
4(9964 9965 9982 9981)
4(9556 9573 9983 9966)
4(9572 9982 9983 9573)
4(9965 9966 9983 9982)
4(9557 9574 9984 9967)
4(9573 9983 9984 9574)
4(9966 9967 9984 9983)
4(9558 9575 9985 9968)
4(9574 9984 9985 9575)
4(9967 9968 9985 9984)
4(9559 9576 9986 9969)
4(9575 9985 9986 9576)
4(9968 9969 9986 9985)
4(9560 9577 9987 9970)
4(9576 9986 9987 9577)
4(9969 9970 9987 9986)
4(9561 9578 9988 9971)
4(9577 9987 9988 9578)
4(9970 9971 9988 9987)
4(9562 9579 9989 9972)
4(9578 9988 9989 9579)
4(9971 9972 9989 9988)
4(9563 9580 9990 9973)
4(9579 9989 9990 9580)
4(9972 9973 9990 9989)
4(9564 9581 9991 9974)
4(9580 9990 9991 9581)
4(9973 9974 9991 9990)
4(9565 9582 9992 9975)
4(9581 9991 9992 9582)
4(9974 9975 9992 9991)
4(9566 9583 9993 9976)
4(9582 9992 9993 9583)
4(9975 9976 9993 9992)
4(9567 9584 9994 9977)
4(9583 9993 9994 9584)
4(9976 9977 9994 9993)
4(9568 9585 9995 9978)
4(9584 9994 9995 9585)
4(9977 9978 9995 9994)
4(9569 9586 9996 9979)
4(9585 9995 9996 9586)
4(9978 9979 9996 9995)
4(9570 9587 9997 9980)
4(9586 9996 9997 9587)
4(9979 9980 9997 9996)
4(9587 9997 336 311)
4(9980 335 336 9997)
4(310 311 336 335)
4(9572 9589 9999 9982)
4(9588 9998 9999 9589)
4(9981 9982 9999 9998)
4(9573 9590 10000 9983)
4(9589 9999 10000 9590)
4(9982 9983 10000 9999)
4(9574 9591 10001 9984)
4(9590 10000 10001 9591)
4(9983 9984 10001 10000)
4(9575 9592 10002 9985)
4(9591 10001 10002 9592)
4(9984 9985 10002 10001)
4(9576 9593 10003 9986)
4(9592 10002 10003 9593)
4(9985 9986 10003 10002)
4(9577 9594 10004 9987)
4(9593 10003 10004 9594)
4(9986 9987 10004 10003)
4(9578 9595 10005 9988)
4(9594 10004 10005 9595)
4(9987 9988 10005 10004)
4(9579 9596 10006 9989)
4(9595 10005 10006 9596)
4(9988 9989 10006 10005)
4(9580 9597 10007 9990)
4(9596 10006 10007 9597)
4(9989 9990 10007 10006)
4(9581 9598 10008 9991)
4(9597 10007 10008 9598)
4(9990 9991 10008 10007)
4(9582 9599 10009 9992)
4(9598 10008 10009 9599)
4(9991 9992 10009 10008)
4(9583 9600 10010 9993)
4(9599 10009 10010 9600)
4(9992 9993 10010 10009)
4(9584 9601 10011 9994)
4(9600 10010 10011 9601)
4(9993 9994 10011 10010)
4(9585 9602 10012 9995)
4(9601 10011 10012 9602)
4(9994 9995 10012 10011)
4(9586 9603 10013 9996)
4(9602 10012 10013 9603)
4(9995 9996 10013 10012)
4(9587 9604 10014 9997)
4(9603 10013 10014 9604)
4(9996 9997 10014 10013)
4(9604 10014 337 312)
4(9997 336 337 10014)
4(311 312 337 336)
4(9589 9606 10016 9999)
4(9605 10015 10016 9606)
4(9998 9999 10016 10015)
4(9590 9607 10017 10000)
4(9606 10016 10017 9607)
4(9999 10000 10017 10016)
4(9591 9608 10018 10001)
4(9607 10017 10018 9608)
4(10000 10001 10018 10017)
4(9592 9609 10019 10002)
4(9608 10018 10019 9609)
4(10001 10002 10019 10018)
4(9593 9610 10020 10003)
4(9609 10019 10020 9610)
4(10002 10003 10020 10019)
4(9594 9611 10021 10004)
4(9610 10020 10021 9611)
4(10003 10004 10021 10020)
4(9595 9612 10022 10005)
4(9611 10021 10022 9612)
4(10004 10005 10022 10021)
4(9596 9613 10023 10006)
4(9612 10022 10023 9613)
4(10005 10006 10023 10022)
4(9597 9614 10024 10007)
4(9613 10023 10024 9614)
4(10006 10007 10024 10023)
4(9598 9615 10025 10008)
4(9614 10024 10025 9615)
4(10007 10008 10025 10024)
4(9599 9616 10026 10009)
4(9615 10025 10026 9616)
4(10008 10009 10026 10025)
4(9600 9617 10027 10010)
4(9616 10026 10027 9617)
4(10009 10010 10027 10026)
4(9601 9618 10028 10011)
4(9617 10027 10028 9618)
4(10010 10011 10028 10027)
4(9602 9619 10029 10012)
4(9618 10028 10029 9619)
4(10011 10012 10029 10028)
4(9603 9620 10030 10013)
4(9619 10029 10030 9620)
4(10012 10013 10030 10029)
4(9604 9621 10031 10014)
4(9620 10030 10031 9621)
4(10013 10014 10031 10030)
4(9621 10031 338 313)
4(10014 337 338 10031)
4(312 313 338 337)
4(9606 9623 10033 10016)
4(9622 10032 10033 9623)
4(10015 10016 10033 10032)
4(9607 9624 10034 10017)
4(9623 10033 10034 9624)
4(10016 10017 10034 10033)
4(9608 9625 10035 10018)
4(9624 10034 10035 9625)
4(10017 10018 10035 10034)
4(9609 9626 10036 10019)
4(9625 10035 10036 9626)
4(10018 10019 10036 10035)
4(9610 9627 10037 10020)
4(9626 10036 10037 9627)
4(10019 10020 10037 10036)
4(9611 9628 10038 10021)
4(9627 10037 10038 9628)
4(10020 10021 10038 10037)
4(9612 9629 10039 10022)
4(9628 10038 10039 9629)
4(10021 10022 10039 10038)
4(9613 9630 10040 10023)
4(9629 10039 10040 9630)
4(10022 10023 10040 10039)
4(9614 9631 10041 10024)
4(9630 10040 10041 9631)
4(10023 10024 10041 10040)
4(9615 9632 10042 10025)
4(9631 10041 10042 9632)
4(10024 10025 10042 10041)
4(9616 9633 10043 10026)
4(9632 10042 10043 9633)
4(10025 10026 10043 10042)
4(9617 9634 10044 10027)
4(9633 10043 10044 9634)
4(10026 10027 10044 10043)
4(9618 9635 10045 10028)
4(9634 10044 10045 9635)
4(10027 10028 10045 10044)
4(9619 9636 10046 10029)
4(9635 10045 10046 9636)
4(10028 10029 10046 10045)
4(9620 9637 10047 10030)
4(9636 10046 10047 9637)
4(10029 10030 10047 10046)
4(9621 9638 10048 10031)
4(9637 10047 10048 9638)
4(10030 10031 10048 10047)
4(9638 10048 339 314)
4(10031 338 339 10048)
4(313 314 339 338)
4(9623 9640 10050 10033)
4(9639 10049 10050 9640)
4(10032 10033 10050 10049)
4(9624 9641 10051 10034)
4(9640 10050 10051 9641)
4(10033 10034 10051 10050)
4(9625 9642 10052 10035)
4(9641 10051 10052 9642)
4(10034 10035 10052 10051)
4(9626 9643 10053 10036)
4(9642 10052 10053 9643)
4(10035 10036 10053 10052)
4(9627 9644 10054 10037)
4(9643 10053 10054 9644)
4(10036 10037 10054 10053)
4(9628 9645 10055 10038)
4(9644 10054 10055 9645)
4(10037 10038 10055 10054)
4(9629 9646 10056 10039)
4(9645 10055 10056 9646)
4(10038 10039 10056 10055)
4(9630 9647 10057 10040)
4(9646 10056 10057 9647)
4(10039 10040 10057 10056)
4(9631 9648 10058 10041)
4(9647 10057 10058 9648)
4(10040 10041 10058 10057)
4(9632 9649 10059 10042)
4(9648 10058 10059 9649)
4(10041 10042 10059 10058)
4(9633 9650 10060 10043)
4(9649 10059 10060 9650)
4(10042 10043 10060 10059)
4(9634 9651 10061 10044)
4(9650 10060 10061 9651)
4(10043 10044 10061 10060)
4(9635 9652 10062 10045)
4(9651 10061 10062 9652)
4(10044 10045 10062 10061)
4(9636 9653 10063 10046)
4(9652 10062 10063 9653)
4(10045 10046 10063 10062)
4(9637 9654 10064 10047)
4(9653 10063 10064 9654)
4(10046 10047 10064 10063)
4(9638 9655 10065 10048)
4(9654 10064 10065 9655)
4(10047 10048 10065 10064)
4(9655 10065 340 315)
4(10048 339 340 10065)
4(314 315 340 339)
4(9640 9657 10067 10050)
4(9656 10066 10067 9657)
4(10049 10050 10067 10066)
4(9641 9658 10068 10051)
4(9657 10067 10068 9658)
4(10050 10051 10068 10067)
4(9642 9659 10069 10052)
4(9658 10068 10069 9659)
4(10051 10052 10069 10068)
4(9643 9660 10070 10053)
4(9659 10069 10070 9660)
4(10052 10053 10070 10069)
4(9644 9661 10071 10054)
4(9660 10070 10071 9661)
4(10053 10054 10071 10070)
4(9645 9662 10072 10055)
4(9661 10071 10072 9662)
4(10054 10055 10072 10071)
4(9646 9663 10073 10056)
4(9662 10072 10073 9663)
4(10055 10056 10073 10072)
4(9647 9664 10074 10057)
4(9663 10073 10074 9664)
4(10056 10057 10074 10073)
4(9648 9665 10075 10058)
4(9664 10074 10075 9665)
4(10057 10058 10075 10074)
4(9649 9666 10076 10059)
4(9665 10075 10076 9666)
4(10058 10059 10076 10075)
4(9650 9667 10077 10060)
4(9666 10076 10077 9667)
4(10059 10060 10077 10076)
4(9651 9668 10078 10061)
4(9667 10077 10078 9668)
4(10060 10061 10078 10077)
4(9652 9669 10079 10062)
4(9668 10078 10079 9669)
4(10061 10062 10079 10078)
4(9653 9670 10080 10063)
4(9669 10079 10080 9670)
4(10062 10063 10080 10079)
4(9654 9671 10081 10064)
4(9670 10080 10081 9671)
4(10063 10064 10081 10080)
4(9655 9672 10082 10065)
4(9671 10081 10082 9672)
4(10064 10065 10082 10081)
4(9672 10082 341 316)
4(10065 340 341 10082)
4(315 316 341 340)
4(9657 9674 10084 10067)
4(9673 10083 10084 9674)
4(10066 10067 10084 10083)
4(9658 9675 10085 10068)
4(9674 10084 10085 9675)
4(10067 10068 10085 10084)
4(9659 9676 10086 10069)
4(9675 10085 10086 9676)
4(10068 10069 10086 10085)
4(9660 9677 10087 10070)
4(9676 10086 10087 9677)
4(10069 10070 10087 10086)
4(9661 9678 10088 10071)
4(9677 10087 10088 9678)
4(10070 10071 10088 10087)
4(9662 9679 10089 10072)
4(9678 10088 10089 9679)
4(10071 10072 10089 10088)
4(9663 9680 10090 10073)
4(9679 10089 10090 9680)
4(10072 10073 10090 10089)
4(9664 9681 10091 10074)
4(9680 10090 10091 9681)
4(10073 10074 10091 10090)
4(9665 9682 10092 10075)
4(9681 10091 10092 9682)
4(10074 10075 10092 10091)
4(9666 9683 10093 10076)
4(9682 10092 10093 9683)
4(10075 10076 10093 10092)
4(9667 9684 10094 10077)
4(9683 10093 10094 9684)
4(10076 10077 10094 10093)
4(9668 9685 10095 10078)
4(9684 10094 10095 9685)
4(10077 10078 10095 10094)
4(9669 9686 10096 10079)
4(9685 10095 10096 9686)
4(10078 10079 10096 10095)
4(9670 9687 10097 10080)
4(9686 10096 10097 9687)
4(10079 10080 10097 10096)
4(9671 9688 10098 10081)
4(9687 10097 10098 9688)
4(10080 10081 10098 10097)
4(9672 9689 10099 10082)
4(9688 10098 10099 9689)
4(10081 10082 10099 10098)
4(9689 10099 342 317)
4(10082 341 342 10099)
4(316 317 342 341)
4(9674 9691 10101 10084)
4(9690 10100 10101 9691)
4(10083 10084 10101 10100)
4(9675 9692 10102 10085)
4(9691 10101 10102 9692)
4(10084 10085 10102 10101)
4(9676 9693 10103 10086)
4(9692 10102 10103 9693)
4(10085 10086 10103 10102)
4(9677 9694 10104 10087)
4(9693 10103 10104 9694)
4(10086 10087 10104 10103)
4(9678 9695 10105 10088)
4(9694 10104 10105 9695)
4(10087 10088 10105 10104)
4(9679 9696 10106 10089)
4(9695 10105 10106 9696)
4(10088 10089 10106 10105)
4(9680 9697 10107 10090)
4(9696 10106 10107 9697)
4(10089 10090 10107 10106)
4(9681 9698 10108 10091)
4(9697 10107 10108 9698)
4(10090 10091 10108 10107)
4(9682 9699 10109 10092)
4(9698 10108 10109 9699)
4(10091 10092 10109 10108)
4(9683 9700 10110 10093)
4(9699 10109 10110 9700)
4(10092 10093 10110 10109)
4(9684 9701 10111 10094)
4(9700 10110 10111 9701)
4(10093 10094 10111 10110)
4(9685 9702 10112 10095)
4(9701 10111 10112 9702)
4(10094 10095 10112 10111)
4(9686 9703 10113 10096)
4(9702 10112 10113 9703)
4(10095 10096 10113 10112)
4(9687 9704 10114 10097)
4(9703 10113 10114 9704)
4(10096 10097 10114 10113)
4(9688 9705 10115 10098)
4(9704 10114 10115 9705)
4(10097 10098 10115 10114)
4(9689 9706 10116 10099)
4(9705 10115 10116 9706)
4(10098 10099 10116 10115)
4(9706 10116 343 318)
4(10099 342 343 10116)
4(317 318 343 342)
4(9691 9708 10118 10101)
4(9707 10117 10118 9708)
4(10100 10101 10118 10117)
4(9692 9709 10119 10102)
4(9708 10118 10119 9709)
4(10101 10102 10119 10118)
4(9693 9710 10120 10103)
4(9709 10119 10120 9710)
4(10102 10103 10120 10119)
4(9694 9711 10121 10104)
4(9710 10120 10121 9711)
4(10103 10104 10121 10120)
4(9695 9712 10122 10105)
4(9711 10121 10122 9712)
4(10104 10105 10122 10121)
4(9696 9713 10123 10106)
4(9712 10122 10123 9713)
4(10105 10106 10123 10122)
4(9697 9714 10124 10107)
4(9713 10123 10124 9714)
4(10106 10107 10124 10123)
4(9698 9715 10125 10108)
4(9714 10124 10125 9715)
4(10107 10108 10125 10124)
4(9699 9716 10126 10109)
4(9715 10125 10126 9716)
4(10108 10109 10126 10125)
4(9700 9717 10127 10110)
4(9716 10126 10127 9717)
4(10109 10110 10127 10126)
4(9701 9718 10128 10111)
4(9717 10127 10128 9718)
4(10110 10111 10128 10127)
4(9702 9719 10129 10112)
4(9718 10128 10129 9719)
4(10111 10112 10129 10128)
4(9703 9720 10130 10113)
4(9719 10129 10130 9720)
4(10112 10113 10130 10129)
4(9704 9721 10131 10114)
4(9720 10130 10131 9721)
4(10113 10114 10131 10130)
4(9705 9722 10132 10115)
4(9721 10131 10132 9722)
4(10114 10115 10132 10131)
4(9706 9723 10133 10116)
4(9722 10132 10133 9723)
4(10115 10116 10133 10132)
4(9723 10133 344 319)
4(10116 343 344 10133)
4(318 319 344 343)
4(9708 9725 10135 10118)
4(9724 10134 10135 9725)
4(10117 10118 10135 10134)
4(9709 9726 10136 10119)
4(9725 10135 10136 9726)
4(10118 10119 10136 10135)
4(9710 9727 10137 10120)
4(9726 10136 10137 9727)
4(10119 10120 10137 10136)
4(9711 9728 10138 10121)
4(9727 10137 10138 9728)
4(10120 10121 10138 10137)
4(9712 9729 10139 10122)
4(9728 10138 10139 9729)
4(10121 10122 10139 10138)
4(9713 9730 10140 10123)
4(9729 10139 10140 9730)
4(10122 10123 10140 10139)
4(9714 9731 10141 10124)
4(9730 10140 10141 9731)
4(10123 10124 10141 10140)
4(9715 9732 10142 10125)
4(9731 10141 10142 9732)
4(10124 10125 10142 10141)
4(9716 9733 10143 10126)
4(9732 10142 10143 9733)
4(10125 10126 10143 10142)
4(9717 9734 10144 10127)
4(9733 10143 10144 9734)
4(10126 10127 10144 10143)
4(9718 9735 10145 10128)
4(9734 10144 10145 9735)
4(10127 10128 10145 10144)
4(9719 9736 10146 10129)
4(9735 10145 10146 9736)
4(10128 10129 10146 10145)
4(9720 9737 10147 10130)
4(9736 10146 10147 9737)
4(10129 10130 10147 10146)
4(9721 9738 10148 10131)
4(9737 10147 10148 9738)
4(10130 10131 10148 10147)
4(9722 9739 10149 10132)
4(9738 10148 10149 9739)
4(10131 10132 10149 10148)
4(9723 9740 10150 10133)
4(9739 10149 10150 9740)
4(10132 10133 10150 10149)
4(9740 10150 345 320)
4(10133 344 345 10150)
4(319 320 345 344)
4(9725 9742 10152 10135)
4(9741 10151 10152 9742)
4(10134 10135 10152 10151)
4(9726 9743 10153 10136)
4(9742 10152 10153 9743)
4(10135 10136 10153 10152)
4(9727 9744 10154 10137)
4(9743 10153 10154 9744)
4(10136 10137 10154 10153)
4(9728 9745 10155 10138)
4(9744 10154 10155 9745)
4(10137 10138 10155 10154)
4(9729 9746 10156 10139)
4(9745 10155 10156 9746)
4(10138 10139 10156 10155)
4(9730 9747 10157 10140)
4(9746 10156 10157 9747)
4(10139 10140 10157 10156)
4(9731 9748 10158 10141)
4(9747 10157 10158 9748)
4(10140 10141 10158 10157)
4(9732 9749 10159 10142)
4(9748 10158 10159 9749)
4(10141 10142 10159 10158)
4(9733 9750 10160 10143)
4(9749 10159 10160 9750)
4(10142 10143 10160 10159)
4(9734 9751 10161 10144)
4(9750 10160 10161 9751)
4(10143 10144 10161 10160)
4(9735 9752 10162 10145)
4(9751 10161 10162 9752)
4(10144 10145 10162 10161)
4(9736 9753 10163 10146)
4(9752 10162 10163 9753)
4(10145 10146 10163 10162)
4(9737 9754 10164 10147)
4(9753 10163 10164 9754)
4(10146 10147 10164 10163)
4(9738 9755 10165 10148)
4(9754 10164 10165 9755)
4(10147 10148 10165 10164)
4(9739 9756 10166 10149)
4(9755 10165 10166 9756)
4(10148 10149 10166 10165)
4(9740 9757 10167 10150)
4(9756 10166 10167 9757)
4(10149 10150 10167 10166)
4(9757 10167 346 321)
4(10150 345 346 10167)
4(320 321 346 345)
4(9742 9759 10169 10152)
4(9758 10168 10169 9759)
4(10151 10152 10169 10168)
4(9743 9760 10170 10153)
4(9759 10169 10170 9760)
4(10152 10153 10170 10169)
4(9744 9761 10171 10154)
4(9760 10170 10171 9761)
4(10153 10154 10171 10170)
4(9745 9762 10172 10155)
4(9761 10171 10172 9762)
4(10154 10155 10172 10171)
4(9746 9763 10173 10156)
4(9762 10172 10173 9763)
4(10155 10156 10173 10172)
4(9747 9764 10174 10157)
4(9763 10173 10174 9764)
4(10156 10157 10174 10173)
4(9748 9765 10175 10158)
4(9764 10174 10175 9765)
4(10157 10158 10175 10174)
4(9749 9766 10176 10159)
4(9765 10175 10176 9766)
4(10158 10159 10176 10175)
4(9750 9767 10177 10160)
4(9766 10176 10177 9767)
4(10159 10160 10177 10176)
4(9751 9768 10178 10161)
4(9767 10177 10178 9768)
4(10160 10161 10178 10177)
4(9752 9769 10179 10162)
4(9768 10178 10179 9769)
4(10161 10162 10179 10178)
4(9753 9770 10180 10163)
4(9769 10179 10180 9770)
4(10162 10163 10180 10179)
4(9754 9771 10181 10164)
4(9770 10180 10181 9771)
4(10163 10164 10181 10180)
4(9755 9772 10182 10165)
4(9771 10181 10182 9772)
4(10164 10165 10182 10181)
4(9756 9773 10183 10166)
4(9772 10182 10183 9773)
4(10165 10166 10183 10182)
4(9757 9774 10184 10167)
4(9773 10183 10184 9774)
4(10166 10167 10184 10183)
4(9774 10184 347 322)
4(10167 346 347 10184)
4(321 322 347 346)
4(9759 9776 10186 10169)
4(10168 10169 10186 10185)
4(9760 9777 10187 10170)
4(10169 10170 10187 10186)
4(9761 9778 10188 10171)
4(10170 10171 10188 10187)
4(9762 9779 10189 10172)
4(10171 10172 10189 10188)
4(9763 9780 10190 10173)
4(10172 10173 10190 10189)
4(9764 9781 10191 10174)
4(10173 10174 10191 10190)
4(9765 9782 10192 10175)
4(10174 10175 10192 10191)
4(9766 9783 10193 10176)
4(10175 10176 10193 10192)
4(9767 9784 10194 10177)
4(10176 10177 10194 10193)
4(9768 9785 10195 10178)
4(10177 10178 10195 10194)
4(9769 9786 10196 10179)
4(10178 10179 10196 10195)
4(9770 9787 10197 10180)
4(10179 10180 10197 10196)
4(9771 9788 10198 10181)
4(10180 10181 10198 10197)
4(9772 9789 10199 10182)
4(10181 10182 10199 10198)
4(9773 9790 10200 10183)
4(10182 10183 10200 10199)
4(9774 9791 10201 10184)
4(10183 10184 10201 10200)
4(10184 347 348 10201)
4(322 323 348 347)
4(458 9792 10202 476)
4(474 492 10202 9792)
4(459 9793 10203 477)
4(9792 10202 10203 9793)
4(9793 10203 349 324)
4(71 324 349 88)
4(461 9795 10205 479)
4(9794 10204 10205 9795)
4(462 9796 10206 480)
4(9795 10205 10206 9796)
4(463 9797 10207 481)
4(9796 10206 10207 9797)
4(464 9798 10208 482)
4(9797 10207 10208 9798)
4(465 9799 10209 483)
4(9798 10208 10209 9799)
4(466 9800 10210 484)
4(9799 10209 10210 9800)
4(467 9801 10211 485)
4(9800 10210 10211 9801)
4(468 9802 10212 486)
4(9801 10211 10212 9802)
4(469 9803 10213 487)
4(9802 10212 10213 9803)
4(470 9804 10214 488)
4(9803 10213 10214 9804)
4(471 9805 10215 489)
4(9804 10214 10215 9805)
4(472 9806 10216 490)
4(9805 10215 10216 9806)
4(473 9807 10217 491)
4(9806 10216 10217 9807)
4(474 9808 10218 492)
4(9807 10217 10218 9808)
4(9792 9809 10219 10202)
4(9808 10218 10219 9809)
4(9793 9810 10220 10203)
4(9809 10219 10220 9810)
4(9810 10220 350 325)
4(324 325 350 349)
4(9795 9812 10222 10205)
4(9811 10221 10222 9812)
4(9796 9813 10223 10206)
4(9812 10222 10223 9813)
4(9797 9814 10224 10207)
4(9813 10223 10224 9814)
4(9798 9815 10225 10208)
4(9814 10224 10225 9815)
4(9799 9816 10226 10209)
4(9815 10225 10226 9816)
4(9800 9817 10227 10210)
4(9816 10226 10227 9817)
4(9801 9818 10228 10211)
4(9817 10227 10228 9818)
4(9802 9819 10229 10212)
4(9818 10228 10229 9819)
4(9803 9820 10230 10213)
4(9819 10229 10230 9820)
4(9804 9821 10231 10214)
4(9820 10230 10231 9821)
4(9805 9822 10232 10215)
4(9821 10231 10232 9822)
4(9806 9823 10233 10216)
4(9822 10232 10233 9823)
4(9807 9824 10234 10217)
4(9823 10233 10234 9824)
4(9808 9825 10235 10218)
4(9824 10234 10235 9825)
4(9809 9826 10236 10219)
4(9825 10235 10236 9826)
4(9810 9827 10237 10220)
4(9826 10236 10237 9827)
4(9827 10237 351 326)
4(325 326 351 350)
4(9812 9829 10239 10222)
4(9828 10238 10239 9829)
4(9813 9830 10240 10223)
4(9829 10239 10240 9830)
4(9814 9831 10241 10224)
4(9830 10240 10241 9831)
4(9815 9832 10242 10225)
4(9831 10241 10242 9832)
4(9816 9833 10243 10226)
4(9832 10242 10243 9833)
4(9817 9834 10244 10227)
4(9833 10243 10244 9834)
4(9818 9835 10245 10228)
4(9834 10244 10245 9835)
4(9819 9836 10246 10229)
4(9835 10245 10246 9836)
4(9820 9837 10247 10230)
4(9836 10246 10247 9837)
4(9821 9838 10248 10231)
4(9837 10247 10248 9838)
4(9822 9839 10249 10232)
4(9838 10248 10249 9839)
4(9823 9840 10250 10233)
4(9839 10249 10250 9840)
4(9824 9841 10251 10234)
4(9840 10250 10251 9841)
4(9825 9842 10252 10235)
4(9841 10251 10252 9842)
4(9826 9843 10253 10236)
4(9842 10252 10253 9843)
4(9827 9844 10254 10237)
4(9843 10253 10254 9844)
4(9844 10254 352 327)
4(326 327 352 351)
4(9829 9846 10256 10239)
4(9845 10255 10256 9846)
4(9830 9847 10257 10240)
4(9846 10256 10257 9847)
4(9831 9848 10258 10241)
4(9847 10257 10258 9848)
4(9832 9849 10259 10242)
4(9848 10258 10259 9849)
4(9833 9850 10260 10243)
4(9849 10259 10260 9850)
4(9834 9851 10261 10244)
4(9850 10260 10261 9851)
4(9835 9852 10262 10245)
4(9851 10261 10262 9852)
4(9836 9853 10263 10246)
4(9852 10262 10263 9853)
4(9837 9854 10264 10247)
4(9853 10263 10264 9854)
4(9838 9855 10265 10248)
4(9854 10264 10265 9855)
4(9839 9856 10266 10249)
4(9855 10265 10266 9856)
4(9840 9857 10267 10250)
4(9856 10266 10267 9857)
4(9841 9858 10268 10251)
4(9857 10267 10268 9858)
4(9842 9859 10269 10252)
4(9858 10268 10269 9859)
4(9843 9860 10270 10253)
4(9859 10269 10270 9860)
4(9844 9861 10271 10254)
4(9860 10270 10271 9861)
4(9861 10271 353 328)
4(327 328 353 352)
4(9846 9863 10273 10256)
4(9862 10272 10273 9863)
4(9847 9864 10274 10257)
4(9863 10273 10274 9864)
4(9848 9865 10275 10258)
4(9864 10274 10275 9865)
4(9849 9866 10276 10259)
4(9865 10275 10276 9866)
4(9850 9867 10277 10260)
4(9866 10276 10277 9867)
4(9851 9868 10278 10261)
4(9867 10277 10278 9868)
4(9852 9869 10279 10262)
4(9868 10278 10279 9869)
4(9853 9870 10280 10263)
4(9869 10279 10280 9870)
4(9854 9871 10281 10264)
4(9870 10280 10281 9871)
4(9855 9872 10282 10265)
4(9871 10281 10282 9872)
4(9856 9873 10283 10266)
4(9872 10282 10283 9873)
4(9857 9874 10284 10267)
4(9873 10283 10284 9874)
4(9858 9875 10285 10268)
4(9874 10284 10285 9875)
4(9859 9876 10286 10269)
4(9875 10285 10286 9876)
4(9860 9877 10287 10270)
4(9876 10286 10287 9877)
4(9861 9878 10288 10271)
4(9877 10287 10288 9878)
4(9878 10288 354 329)
4(328 329 354 353)
4(9863 9880 10290 10273)
4(9879 10289 10290 9880)
4(9864 9881 10291 10274)
4(9880 10290 10291 9881)
4(9865 9882 10292 10275)
4(9881 10291 10292 9882)
4(9866 9883 10293 10276)
4(9882 10292 10293 9883)
4(9867 9884 10294 10277)
4(9883 10293 10294 9884)
4(9868 9885 10295 10278)
4(9884 10294 10295 9885)
4(9869 9886 10296 10279)
4(9885 10295 10296 9886)
4(9870 9887 10297 10280)
4(9886 10296 10297 9887)
4(9871 9888 10298 10281)
4(9887 10297 10298 9888)
4(9872 9889 10299 10282)
4(9888 10298 10299 9889)
4(9873 9890 10300 10283)
4(9889 10299 10300 9890)
4(9874 9891 10301 10284)
4(9890 10300 10301 9891)
4(9875 9892 10302 10285)
4(9891 10301 10302 9892)
4(9876 9893 10303 10286)
4(9892 10302 10303 9893)
4(9877 9894 10304 10287)
4(9893 10303 10304 9894)
4(9878 9895 10305 10288)
4(9894 10304 10305 9895)
4(9895 10305 355 330)
4(329 330 355 354)
4(9880 9897 10307 10290)
4(9896 10306 10307 9897)
4(9881 9898 10308 10291)
4(9897 10307 10308 9898)
4(9882 9899 10309 10292)
4(9898 10308 10309 9899)
4(9883 9900 10310 10293)
4(9899 10309 10310 9900)
4(9884 9901 10311 10294)
4(9900 10310 10311 9901)
4(9885 9902 10312 10295)
4(9901 10311 10312 9902)
4(9886 9903 10313 10296)
4(9902 10312 10313 9903)
4(9887 9904 10314 10297)
4(9903 10313 10314 9904)
4(9888 9905 10315 10298)
4(9904 10314 10315 9905)
4(9889 9906 10316 10299)
4(9905 10315 10316 9906)
4(9890 9907 10317 10300)
4(9906 10316 10317 9907)
4(9891 9908 10318 10301)
4(9907 10317 10318 9908)
4(9892 9909 10319 10302)
4(9908 10318 10319 9909)
4(9893 9910 10320 10303)
4(9909 10319 10320 9910)
4(9894 9911 10321 10304)
4(9910 10320 10321 9911)
4(9895 9912 10322 10305)
4(9911 10321 10322 9912)
4(9912 10322 356 331)
4(330 331 356 355)
4(9897 9914 10324 10307)
4(9913 10323 10324 9914)
4(9898 9915 10325 10308)
4(9914 10324 10325 9915)
4(9899 9916 10326 10309)
4(9915 10325 10326 9916)
4(9900 9917 10327 10310)
4(9916 10326 10327 9917)
4(9901 9918 10328 10311)
4(9917 10327 10328 9918)
4(9902 9919 10329 10312)
4(9918 10328 10329 9919)
4(9903 9920 10330 10313)
4(9919 10329 10330 9920)
4(9904 9921 10331 10314)
4(9920 10330 10331 9921)
4(9905 9922 10332 10315)
4(9921 10331 10332 9922)
4(9906 9923 10333 10316)
4(9922 10332 10333 9923)
4(9907 9924 10334 10317)
4(9923 10333 10334 9924)
4(9908 9925 10335 10318)
4(9924 10334 10335 9925)
4(9909 9926 10336 10319)
4(9925 10335 10336 9926)
4(9910 9927 10337 10320)
4(9926 10336 10337 9927)
4(9911 9928 10338 10321)
4(9927 10337 10338 9928)
4(9912 9929 10339 10322)
4(9928 10338 10339 9929)
4(9929 10339 357 332)
4(331 332 357 356)
4(9914 9931 10341 10324)
4(9930 10340 10341 9931)
4(9915 9932 10342 10325)
4(9931 10341 10342 9932)
4(9916 9933 10343 10326)
4(9932 10342 10343 9933)
4(9917 9934 10344 10327)
4(9933 10343 10344 9934)
4(9918 9935 10345 10328)
4(9934 10344 10345 9935)
4(9919 9936 10346 10329)
4(9935 10345 10346 9936)
4(9920 9937 10347 10330)
4(9936 10346 10347 9937)
4(9921 9938 10348 10331)
4(9937 10347 10348 9938)
4(9922 9939 10349 10332)
4(9938 10348 10349 9939)
4(9923 9940 10350 10333)
4(9939 10349 10350 9940)
4(9924 9941 10351 10334)
4(9940 10350 10351 9941)
4(9925 9942 10352 10335)
4(9941 10351 10352 9942)
4(9926 9943 10353 10336)
4(9942 10352 10353 9943)
4(9927 9944 10354 10337)
4(9943 10353 10354 9944)
4(9928 9945 10355 10338)
4(9944 10354 10355 9945)
4(9929 9946 10356 10339)
4(9945 10355 10356 9946)
4(9946 10356 358 333)
4(332 333 358 357)
4(9931 9948 10358 10341)
4(9947 10357 10358 9948)
4(9932 9949 10359 10342)
4(9948 10358 10359 9949)
4(9933 9950 10360 10343)
4(9949 10359 10360 9950)
4(9934 9951 10361 10344)
4(9950 10360 10361 9951)
4(9935 9952 10362 10345)
4(9951 10361 10362 9952)
4(9936 9953 10363 10346)
4(9952 10362 10363 9953)
4(9937 9954 10364 10347)
4(9953 10363 10364 9954)
4(9938 9955 10365 10348)
4(9954 10364 10365 9955)
4(9939 9956 10366 10349)
4(9955 10365 10366 9956)
4(9940 9957 10367 10350)
4(9956 10366 10367 9957)
4(9941 9958 10368 10351)
4(9957 10367 10368 9958)
4(9942 9959 10369 10352)
4(9958 10368 10369 9959)
4(9943 9960 10370 10353)
4(9959 10369 10370 9960)
4(9944 9961 10371 10354)
4(9960 10370 10371 9961)
4(9945 9962 10372 10355)
4(9961 10371 10372 9962)
4(9946 9963 10373 10356)
4(9962 10372 10373 9963)
4(9963 10373 359 334)
4(333 334 359 358)
4(9948 9965 10375 10358)
4(9964 10374 10375 9965)
4(9949 9966 10376 10359)
4(9965 10375 10376 9966)
4(9950 9967 10377 10360)
4(9966 10376 10377 9967)
4(9951 9968 10378 10361)
4(9967 10377 10378 9968)
4(9952 9969 10379 10362)
4(9968 10378 10379 9969)
4(9953 9970 10380 10363)
4(9969 10379 10380 9970)
4(9954 9971 10381 10364)
4(9970 10380 10381 9971)
4(9955 9972 10382 10365)
4(9971 10381 10382 9972)
4(9956 9973 10383 10366)
4(9972 10382 10383 9973)
4(9957 9974 10384 10367)
4(9973 10383 10384 9974)
4(9958 9975 10385 10368)
4(9974 10384 10385 9975)
4(9959 9976 10386 10369)
4(9975 10385 10386 9976)
4(9960 9977 10387 10370)
4(9976 10386 10387 9977)
4(9961 9978 10388 10371)
4(9977 10387 10388 9978)
4(9962 9979 10389 10372)
4(9978 10388 10389 9979)
4(9963 9980 10390 10373)
4(9979 10389 10390 9980)
4(9980 10390 360 335)
4(334 335 360 359)
4(9965 9982 10392 10375)
4(9981 10391 10392 9982)
4(9966 9983 10393 10376)
4(9982 10392 10393 9983)
4(9967 9984 10394 10377)
4(9983 10393 10394 9984)
4(9968 9985 10395 10378)
4(9984 10394 10395 9985)
4(9969 9986 10396 10379)
4(9985 10395 10396 9986)
4(9970 9987 10397 10380)
4(9986 10396 10397 9987)
4(9971 9988 10398 10381)
4(9987 10397 10398 9988)
4(9972 9989 10399 10382)
4(9988 10398 10399 9989)
4(9973 9990 10400 10383)
4(9989 10399 10400 9990)
4(9974 9991 10401 10384)
4(9990 10400 10401 9991)
4(9975 9992 10402 10385)
4(9991 10401 10402 9992)
4(9976 9993 10403 10386)
4(9992 10402 10403 9993)
4(9977 9994 10404 10387)
4(9993 10403 10404 9994)
4(9978 9995 10405 10388)
4(9994 10404 10405 9995)
4(9979 9996 10406 10389)
4(9995 10405 10406 9996)
4(9980 9997 10407 10390)
4(9996 10406 10407 9997)
4(9997 10407 361 336)
4(335 336 361 360)
4(9982 9999 10409 10392)
4(9998 10408 10409 9999)
4(9983 10000 10410 10393)
4(9999 10409 10410 10000)
4(9984 10001 10411 10394)
4(10000 10410 10411 10001)
4(9985 10002 10412 10395)
4(10001 10411 10412 10002)
4(9986 10003 10413 10396)
4(10002 10412 10413 10003)
4(9987 10004 10414 10397)
4(10003 10413 10414 10004)
4(9988 10005 10415 10398)
4(10004 10414 10415 10005)
4(9989 10006 10416 10399)
4(10005 10415 10416 10006)
4(9990 10007 10417 10400)
4(10006 10416 10417 10007)
4(9991 10008 10418 10401)
4(10007 10417 10418 10008)
4(9992 10009 10419 10402)
4(10008 10418 10419 10009)
4(9993 10010 10420 10403)
4(10009 10419 10420 10010)
4(9994 10011 10421 10404)
4(10010 10420 10421 10011)
4(9995 10012 10422 10405)
4(10011 10421 10422 10012)
4(9996 10013 10423 10406)
4(10012 10422 10423 10013)
4(9997 10014 10424 10407)
4(10013 10423 10424 10014)
4(10014 10424 362 337)
4(336 337 362 361)
4(9999 10016 10426 10409)
4(10015 10425 10426 10016)
4(10000 10017 10427 10410)
4(10016 10426 10427 10017)
4(10001 10018 10428 10411)
4(10017 10427 10428 10018)
4(10002 10019 10429 10412)
4(10018 10428 10429 10019)
4(10003 10020 10430 10413)
4(10019 10429 10430 10020)
4(10004 10021 10431 10414)
4(10020 10430 10431 10021)
4(10005 10022 10432 10415)
4(10021 10431 10432 10022)
4(10006 10023 10433 10416)
4(10022 10432 10433 10023)
4(10007 10024 10434 10417)
4(10023 10433 10434 10024)
4(10008 10025 10435 10418)
4(10024 10434 10435 10025)
4(10009 10026 10436 10419)
4(10025 10435 10436 10026)
4(10010 10027 10437 10420)
4(10026 10436 10437 10027)
4(10011 10028 10438 10421)
4(10027 10437 10438 10028)
4(10012 10029 10439 10422)
4(10028 10438 10439 10029)
4(10013 10030 10440 10423)
4(10029 10439 10440 10030)
4(10014 10031 10441 10424)
4(10030 10440 10441 10031)
4(10031 10441 363 338)
4(337 338 363 362)
4(10016 10033 10443 10426)
4(10032 10442 10443 10033)
4(10017 10034 10444 10427)
4(10033 10443 10444 10034)
4(10018 10035 10445 10428)
4(10034 10444 10445 10035)
4(10019 10036 10446 10429)
4(10035 10445 10446 10036)
4(10020 10037 10447 10430)
4(10036 10446 10447 10037)
4(10021 10038 10448 10431)
4(10037 10447 10448 10038)
4(10022 10039 10449 10432)
4(10038 10448 10449 10039)
4(10023 10040 10450 10433)
4(10039 10449 10450 10040)
4(10024 10041 10451 10434)
4(10040 10450 10451 10041)
4(10025 10042 10452 10435)
4(10041 10451 10452 10042)
4(10026 10043 10453 10436)
4(10042 10452 10453 10043)
4(10027 10044 10454 10437)
4(10043 10453 10454 10044)
4(10028 10045 10455 10438)
4(10044 10454 10455 10045)
4(10029 10046 10456 10439)
4(10045 10455 10456 10046)
4(10030 10047 10457 10440)
4(10046 10456 10457 10047)
4(10031 10048 10458 10441)
4(10047 10457 10458 10048)
4(10048 10458 364 339)
4(338 339 364 363)
4(10033 10050 10460 10443)
4(10049 10459 10460 10050)
4(10034 10051 10461 10444)
4(10050 10460 10461 10051)
4(10035 10052 10462 10445)
4(10051 10461 10462 10052)
4(10036 10053 10463 10446)
4(10052 10462 10463 10053)
4(10037 10054 10464 10447)
4(10053 10463 10464 10054)
4(10038 10055 10465 10448)
4(10054 10464 10465 10055)
4(10039 10056 10466 10449)
4(10055 10465 10466 10056)
4(10040 10057 10467 10450)
4(10056 10466 10467 10057)
4(10041 10058 10468 10451)
4(10057 10467 10468 10058)
4(10042 10059 10469 10452)
4(10058 10468 10469 10059)
4(10043 10060 10470 10453)
4(10059 10469 10470 10060)
4(10044 10061 10471 10454)
4(10060 10470 10471 10061)
4(10045 10062 10472 10455)
4(10061 10471 10472 10062)
4(10046 10063 10473 10456)
4(10062 10472 10473 10063)
4(10047 10064 10474 10457)
4(10063 10473 10474 10064)
4(10048 10065 10475 10458)
4(10064 10474 10475 10065)
4(10065 10475 365 340)
4(339 340 365 364)
4(10050 10067 10477 10460)
4(10066 10476 10477 10067)
4(10051 10068 10478 10461)
4(10067 10477 10478 10068)
4(10052 10069 10479 10462)
4(10068 10478 10479 10069)
4(10053 10070 10480 10463)
4(10069 10479 10480 10070)
4(10054 10071 10481 10464)
4(10070 10480 10481 10071)
4(10055 10072 10482 10465)
4(10071 10481 10482 10072)
4(10056 10073 10483 10466)
4(10072 10482 10483 10073)
4(10057 10074 10484 10467)
4(10073 10483 10484 10074)
4(10058 10075 10485 10468)
4(10074 10484 10485 10075)
4(10059 10076 10486 10469)
4(10075 10485 10486 10076)
4(10060 10077 10487 10470)
4(10076 10486 10487 10077)
4(10061 10078 10488 10471)
4(10077 10487 10488 10078)
4(10062 10079 10489 10472)
4(10078 10488 10489 10079)
4(10063 10080 10490 10473)
4(10079 10489 10490 10080)
4(10064 10081 10491 10474)
4(10080 10490 10491 10081)
4(10065 10082 10492 10475)
4(10081 10491 10492 10082)
4(10082 10492 366 341)
4(340 341 366 365)
4(10067 10084 10494 10477)
4(10083 10493 10494 10084)
4(10068 10085 10495 10478)
4(10084 10494 10495 10085)
4(10069 10086 10496 10479)
4(10085 10495 10496 10086)
4(10070 10087 10497 10480)
4(10086 10496 10497 10087)
4(10071 10088 10498 10481)
4(10087 10497 10498 10088)
4(10072 10089 10499 10482)
4(10088 10498 10499 10089)
4(10073 10090 10500 10483)
4(10089 10499 10500 10090)
4(10074 10091 10501 10484)
4(10090 10500 10501 10091)
4(10075 10092 10502 10485)
4(10091 10501 10502 10092)
4(10076 10093 10503 10486)
4(10092 10502 10503 10093)
4(10077 10094 10504 10487)
4(10093 10503 10504 10094)
4(10078 10095 10505 10488)
4(10094 10504 10505 10095)
4(10079 10096 10506 10489)
4(10095 10505 10506 10096)
4(10080 10097 10507 10490)
4(10096 10506 10507 10097)
4(10081 10098 10508 10491)
4(10097 10507 10508 10098)
4(10082 10099 10509 10492)
4(10098 10508 10509 10099)
4(10099 10509 367 342)
4(341 342 367 366)
4(10084 10101 10511 10494)
4(10100 10510 10511 10101)
4(10085 10102 10512 10495)
4(10101 10511 10512 10102)
4(10086 10103 10513 10496)
4(10102 10512 10513 10103)
4(10087 10104 10514 10497)
4(10103 10513 10514 10104)
4(10088 10105 10515 10498)
4(10104 10514 10515 10105)
4(10089 10106 10516 10499)
4(10105 10515 10516 10106)
4(10090 10107 10517 10500)
4(10106 10516 10517 10107)
4(10091 10108 10518 10501)
4(10107 10517 10518 10108)
4(10092 10109 10519 10502)
4(10108 10518 10519 10109)
4(10093 10110 10520 10503)
4(10109 10519 10520 10110)
4(10094 10111 10521 10504)
4(10110 10520 10521 10111)
4(10095 10112 10522 10505)
4(10111 10521 10522 10112)
4(10096 10113 10523 10506)
4(10112 10522 10523 10113)
4(10097 10114 10524 10507)
4(10113 10523 10524 10114)
4(10098 10115 10525 10508)
4(10114 10524 10525 10115)
4(10099 10116 10526 10509)
4(10115 10525 10526 10116)
4(10116 10526 368 343)
4(342 343 368 367)
4(10101 10118 10528 10511)
4(10117 10527 10528 10118)
4(10102 10119 10529 10512)
4(10118 10528 10529 10119)
4(10103 10120 10530 10513)
4(10119 10529 10530 10120)
4(10104 10121 10531 10514)
4(10120 10530 10531 10121)
4(10105 10122 10532 10515)
4(10121 10531 10532 10122)
4(10106 10123 10533 10516)
4(10122 10532 10533 10123)
4(10107 10124 10534 10517)
4(10123 10533 10534 10124)
4(10108 10125 10535 10518)
4(10124 10534 10535 10125)
4(10109 10126 10536 10519)
4(10125 10535 10536 10126)
4(10110 10127 10537 10520)
4(10126 10536 10537 10127)
4(10111 10128 10538 10521)
4(10127 10537 10538 10128)
4(10112 10129 10539 10522)
4(10128 10538 10539 10129)
4(10113 10130 10540 10523)
4(10129 10539 10540 10130)
4(10114 10131 10541 10524)
4(10130 10540 10541 10131)
4(10115 10132 10542 10525)
4(10131 10541 10542 10132)
4(10116 10133 10543 10526)
4(10132 10542 10543 10133)
4(10133 10543 369 344)
4(343 344 369 368)
4(10118 10135 10545 10528)
4(10134 10544 10545 10135)
4(10119 10136 10546 10529)
4(10135 10545 10546 10136)
4(10120 10137 10547 10530)
4(10136 10546 10547 10137)
4(10121 10138 10548 10531)
4(10137 10547 10548 10138)
4(10122 10139 10549 10532)
4(10138 10548 10549 10139)
4(10123 10140 10550 10533)
4(10139 10549 10550 10140)
4(10124 10141 10551 10534)
4(10140 10550 10551 10141)
4(10125 10142 10552 10535)
4(10141 10551 10552 10142)
4(10126 10143 10553 10536)
4(10142 10552 10553 10143)
4(10127 10144 10554 10537)
4(10143 10553 10554 10144)
4(10128 10145 10555 10538)
4(10144 10554 10555 10145)
4(10129 10146 10556 10539)
4(10145 10555 10556 10146)
4(10130 10147 10557 10540)
4(10146 10556 10557 10147)
4(10131 10148 10558 10541)
4(10147 10557 10558 10148)
4(10132 10149 10559 10542)
4(10148 10558 10559 10149)
4(10133 10150 10560 10543)
4(10149 10559 10560 10150)
4(10150 10560 370 345)
4(344 345 370 369)
4(10135 10152 10562 10545)
4(10151 10561 10562 10152)
4(10136 10153 10563 10546)
4(10152 10562 10563 10153)
4(10137 10154 10564 10547)
4(10153 10563 10564 10154)
4(10138 10155 10565 10548)
4(10154 10564 10565 10155)
4(10139 10156 10566 10549)
4(10155 10565 10566 10156)
4(10140 10157 10567 10550)
4(10156 10566 10567 10157)
4(10141 10158 10568 10551)
4(10157 10567 10568 10158)
4(10142 10159 10569 10552)
4(10158 10568 10569 10159)
4(10143 10160 10570 10553)
4(10159 10569 10570 10160)
4(10144 10161 10571 10554)
4(10160 10570 10571 10161)
4(10145 10162 10572 10555)
4(10161 10571 10572 10162)
4(10146 10163 10573 10556)
4(10162 10572 10573 10163)
4(10147 10164 10574 10557)
4(10163 10573 10574 10164)
4(10148 10165 10575 10558)
4(10164 10574 10575 10165)
4(10149 10166 10576 10559)
4(10165 10575 10576 10166)
4(10150 10167 10577 10560)
4(10166 10576 10577 10167)
4(10167 10577 371 346)
4(345 346 371 370)
4(10152 10169 10579 10562)
4(10168 10578 10579 10169)
4(10153 10170 10580 10563)
4(10169 10579 10580 10170)
4(10154 10171 10581 10564)
4(10170 10580 10581 10171)
4(10155 10172 10582 10565)
4(10171 10581 10582 10172)
4(10156 10173 10583 10566)
4(10172 10582 10583 10173)
4(10157 10174 10584 10567)
4(10173 10583 10584 10174)
4(10158 10175 10585 10568)
4(10174 10584 10585 10175)
4(10159 10176 10586 10569)
4(10175 10585 10586 10176)
4(10160 10177 10587 10570)
4(10176 10586 10587 10177)
4(10161 10178 10588 10571)
4(10177 10587 10588 10178)
4(10162 10179 10589 10572)
4(10178 10588 10589 10179)
4(10163 10180 10590 10573)
4(10179 10589 10590 10180)
4(10164 10181 10591 10574)
4(10180 10590 10591 10181)
4(10165 10182 10592 10575)
4(10181 10591 10592 10182)
4(10166 10183 10593 10576)
4(10182 10592 10593 10183)
4(10167 10184 10594 10577)
4(10183 10593 10594 10184)
4(10184 10594 372 347)
4(346 347 372 371)
4(10169 10186 10596 10579)
4(10170 10187 10597 10580)
4(10171 10188 10598 10581)
4(10172 10189 10599 10582)
4(10173 10190 10600 10583)
4(10174 10191 10601 10584)
4(10175 10192 10602 10585)
4(10176 10193 10603 10586)
4(10177 10194 10604 10587)
4(10178 10195 10605 10588)
4(10179 10196 10606 10589)
4(10180 10197 10607 10590)
4(10181 10198 10608 10591)
4(10182 10199 10609 10592)
4(10183 10200 10610 10593)
4(10184 10201 10611 10594)
4(347 348 373 372)
4(34 35 36 105)
4(7 10773 11167 6)
4(224 225 11167 10773)
4(5 6 11167 225)
4(9 10774 11168 8)
4(10773 11167 11168 10774)
4(6 8 11168 11167)
4(11 10775 11169 10)
4(10774 11168 11169 10775)
4(8 10 11169 11168)
4(13 10776 11170 12)
4(10775 11169 11170 10776)
4(10 12 11170 11169)
4(15 10777 11171 14)
4(10776 11170 11171 10777)
4(12 14 11171 11170)
4(17 10778 11172 16)
4(10777 11171 11172 10778)
4(14 16 11172 11171)
4(19 10779 11173 18)
4(10778 11172 11173 10779)
4(16 18 11173 11172)
4(21 10780 11174 20)
4(10779 11173 11174 10780)
4(18 20 11174 11173)
4(23 10781 11175 22)
4(10780 11174 11175 10781)
4(20 22 11175 11174)
4(25 10782 11176 24)
4(10781 11175 11176 10782)
4(22 24 11176 11175)
4(27 10783 11177 26)
4(10782 11176 11177 10783)
4(24 26 11177 11176)
4(29 10784 11178 28)
4(10783 11177 11178 10784)
4(26 28 11178 11177)
4(31 10785 11179 30)
4(10784 11178 11179 10785)
4(28 30 11179 11178)
4(33 10786 11180 32)
4(10785 11179 11180 10786)
4(30 32 11180 11179)
4(34 10787 11181 35)
4(10786 11180 11181 10787)
4(32 35 11181 11180)
4(10787 11181 10613 10612)
4(35 36 10613 11181)
4(105 10612 10613 36)
4(10773 10788 11182 11167)
4(226 227 11182 10788)
4(225 11167 11182 227)
4(10774 10789 11183 11168)
4(10788 11182 11183 10789)
4(11167 11168 11183 11182)
4(10775 10790 11184 11169)
4(10789 11183 11184 10790)
4(11168 11169 11184 11183)
4(10776 10791 11185 11170)
4(10790 11184 11185 10791)
4(11169 11170 11185 11184)
4(10777 10792 11186 11171)
4(10791 11185 11186 10792)
4(11170 11171 11186 11185)
4(10778 10793 11187 11172)
4(10792 11186 11187 10793)
4(11171 11172 11187 11186)
4(10779 10794 11188 11173)
4(10793 11187 11188 10794)
4(11172 11173 11188 11187)
4(10780 10795 11189 11174)
4(10794 11188 11189 10795)
4(11173 11174 11189 11188)
4(10781 10796 11190 11175)
4(10795 11189 11190 10796)
4(11174 11175 11190 11189)
4(10782 10797 11191 11176)
4(10796 11190 11191 10797)
4(11175 11176 11191 11190)
4(10783 10798 11192 11177)
4(10797 11191 11192 10798)
4(11176 11177 11192 11191)
4(10784 10799 11193 11178)
4(10798 11192 11193 10799)
4(11177 11178 11193 11192)
4(10785 10800 11194 11179)
4(10799 11193 11194 10800)
4(11178 11179 11194 11193)
4(10786 10801 11195 11180)
4(10800 11194 11195 10801)
4(11179 11180 11195 11194)
4(10787 10802 11196 11181)
4(10801 11195 11196 10802)
4(11180 11181 11196 11195)
4(10802 11196 10615 10614)
4(11181 10613 10615 11196)
4(10612 10614 10615 10613)
4(10788 10803 11197 11182)
4(228 229 11197 10803)
4(227 11182 11197 229)
4(10789 10804 11198 11183)
4(10803 11197 11198 10804)
4(11182 11183 11198 11197)
4(10790 10805 11199 11184)
4(10804 11198 11199 10805)
4(11183 11184 11199 11198)
4(10791 10806 11200 11185)
4(10805 11199 11200 10806)
4(11184 11185 11200 11199)
4(10792 10807 11201 11186)
4(10806 11200 11201 10807)
4(11185 11186 11201 11200)
4(10793 10808 11202 11187)
4(10807 11201 11202 10808)
4(11186 11187 11202 11201)
4(10794 10809 11203 11188)
4(10808 11202 11203 10809)
4(11187 11188 11203 11202)
4(10795 10810 11204 11189)
4(10809 11203 11204 10810)
4(11188 11189 11204 11203)
4(10796 10811 11205 11190)
4(10810 11204 11205 10811)
4(11189 11190 11205 11204)
4(10797 10812 11206 11191)
4(10811 11205 11206 10812)
4(11190 11191 11206 11205)
4(10798 10813 11207 11192)
4(10812 11206 11207 10813)
4(11191 11192 11207 11206)
4(10799 10814 11208 11193)
4(10813 11207 11208 10814)
4(11192 11193 11208 11207)
4(10800 10815 11209 11194)
4(10814 11208 11209 10815)
4(11193 11194 11209 11208)
4(10801 10816 11210 11195)
4(10815 11209 11210 10816)
4(11194 11195 11210 11209)
4(10802 10817 11211 11196)
4(10816 11210 11211 10817)
4(11195 11196 11211 11210)
4(10817 11211 10617 10616)
4(11196 10615 10617 11211)
4(10614 10616 10617 10615)
4(10803 10818 11212 11197)
4(230 231 11212 10818)
4(229 11197 11212 231)
4(10804 10819 11213 11198)
4(10818 11212 11213 10819)
4(11197 11198 11213 11212)
4(10805 10820 11214 11199)
4(10819 11213 11214 10820)
4(11198 11199 11214 11213)
4(10806 10821 11215 11200)
4(10820 11214 11215 10821)
4(11199 11200 11215 11214)
4(10807 10822 11216 11201)
4(10821 11215 11216 10822)
4(11200 11201 11216 11215)
4(10808 10823 11217 11202)
4(10822 11216 11217 10823)
4(11201 11202 11217 11216)
4(10809 10824 11218 11203)
4(10823 11217 11218 10824)
4(11202 11203 11218 11217)
4(10810 10825 11219 11204)
4(10824 11218 11219 10825)
4(11203 11204 11219 11218)
4(10811 10826 11220 11205)
4(10825 11219 11220 10826)
4(11204 11205 11220 11219)
4(10812 10827 11221 11206)
4(10826 11220 11221 10827)
4(11205 11206 11221 11220)
4(10813 10828 11222 11207)
4(10827 11221 11222 10828)
4(11206 11207 11222 11221)
4(10814 10829 11223 11208)
4(10828 11222 11223 10829)
4(11207 11208 11223 11222)
4(10815 10830 11224 11209)
4(10829 11223 11224 10830)
4(11208 11209 11224 11223)
4(10816 10831 11225 11210)
4(10830 11224 11225 10831)
4(11209 11210 11225 11224)
4(10817 10832 11226 11211)
4(10831 11225 11226 10832)
4(11210 11211 11226 11225)
4(10832 11226 10619 10618)
4(11211 10617 10619 11226)
4(10616 10618 10619 10617)
4(10818 10833 11227 11212)
4(232 233 11227 10833)
4(231 11212 11227 233)
4(10819 10834 11228 11213)
4(10833 11227 11228 10834)
4(11212 11213 11228 11227)
4(10820 10835 11229 11214)
4(10834 11228 11229 10835)
4(11213 11214 11229 11228)
4(10821 10836 11230 11215)
4(10835 11229 11230 10836)
4(11214 11215 11230 11229)
4(10822 10837 11231 11216)
4(10836 11230 11231 10837)
4(11215 11216 11231 11230)
4(10823 10838 11232 11217)
4(10837 11231 11232 10838)
4(11216 11217 11232 11231)
4(10824 10839 11233 11218)
4(10838 11232 11233 10839)
4(11217 11218 11233 11232)
4(10825 10840 11234 11219)
4(10839 11233 11234 10840)
4(11218 11219 11234 11233)
4(10826 10841 11235 11220)
4(10840 11234 11235 10841)
4(11219 11220 11235 11234)
4(10827 10842 11236 11221)
4(10841 11235 11236 10842)
4(11220 11221 11236 11235)
4(10828 10843 11237 11222)
4(10842 11236 11237 10843)
4(11221 11222 11237 11236)
4(10829 10844 11238 11223)
4(10843 11237 11238 10844)
4(11222 11223 11238 11237)
4(10830 10845 11239 11224)
4(10844 11238 11239 10845)
4(11223 11224 11239 11238)
4(10831 10846 11240 11225)
4(10845 11239 11240 10846)
4(11224 11225 11240 11239)
4(10832 10847 11241 11226)
4(10846 11240 11241 10847)
4(11225 11226 11241 11240)
4(10847 11241 10621 10620)
4(11226 10619 10621 11241)
4(10618 10620 10621 10619)
4(10833 10848 11242 11227)
4(234 235 11242 10848)
4(233 11227 11242 235)
4(10834 10849 11243 11228)
4(10848 11242 11243 10849)
4(11227 11228 11243 11242)
4(10835 10850 11244 11229)
4(10849 11243 11244 10850)
4(11228 11229 11244 11243)
4(10836 10851 11245 11230)
4(10850 11244 11245 10851)
4(11229 11230 11245 11244)
4(10837 10852 11246 11231)
4(10851 11245 11246 10852)
4(11230 11231 11246 11245)
4(10838 10853 11247 11232)
4(10852 11246 11247 10853)
4(11231 11232 11247 11246)
4(10839 10854 11248 11233)
4(10853 11247 11248 10854)
4(11232 11233 11248 11247)
4(10840 10855 11249 11234)
4(10854 11248 11249 10855)
4(11233 11234 11249 11248)
4(10841 10856 11250 11235)
4(10855 11249 11250 10856)
4(11234 11235 11250 11249)
4(10842 10857 11251 11236)
4(10856 11250 11251 10857)
4(11235 11236 11251 11250)
4(10843 10858 11252 11237)
4(10857 11251 11252 10858)
4(11236 11237 11252 11251)
4(10844 10859 11253 11238)
4(10858 11252 11253 10859)
4(11237 11238 11253 11252)
4(10845 10860 11254 11239)
4(10859 11253 11254 10860)
4(11238 11239 11254 11253)
4(10846 10861 11255 11240)
4(10860 11254 11255 10861)
4(11239 11240 11255 11254)
4(10847 10862 11256 11241)
4(10861 11255 11256 10862)
4(11240 11241 11256 11255)
4(10862 11256 10623 10622)
4(11241 10621 10623 11256)
4(10620 10622 10623 10621)
4(10848 10863 11257 11242)
4(236 237 11257 10863)
4(235 11242 11257 237)
4(10849 10864 11258 11243)
4(10863 11257 11258 10864)
4(11242 11243 11258 11257)
4(10850 10865 11259 11244)
4(10864 11258 11259 10865)
4(11243 11244 11259 11258)
4(10851 10866 11260 11245)
4(10865 11259 11260 10866)
4(11244 11245 11260 11259)
4(10852 10867 11261 11246)
4(10866 11260 11261 10867)
4(11245 11246 11261 11260)
4(10853 10868 11262 11247)
4(10867 11261 11262 10868)
4(11246 11247 11262 11261)
4(10854 10869 11263 11248)
4(10868 11262 11263 10869)
4(11247 11248 11263 11262)
4(10855 10870 11264 11249)
4(10869 11263 11264 10870)
4(11248 11249 11264 11263)
4(10856 10871 11265 11250)
4(10870 11264 11265 10871)
4(11249 11250 11265 11264)
4(10857 10872 11266 11251)
4(10871 11265 11266 10872)
4(11250 11251 11266 11265)
4(10858 10873 11267 11252)
4(10872 11266 11267 10873)
4(11251 11252 11267 11266)
4(10859 10874 11268 11253)
4(10873 11267 11268 10874)
4(11252 11253 11268 11267)
4(10860 10875 11269 11254)
4(10874 11268 11269 10875)
4(11253 11254 11269 11268)
4(10861 10876 11270 11255)
4(10875 11269 11270 10876)
4(11254 11255 11270 11269)
4(10862 10877 11271 11256)
4(10876 11270 11271 10877)
4(11255 11256 11271 11270)
4(10622 10878 10628 10623)
4(10877 11271 10628 10878)
4(11256 10623 10628 11271)
4(10878 10628 10627 10626)
4(10622 10624 10625 10623)
4(10624 10626 10627 10625)
4(10623 10625 10627 10628)
4(10863 10879 11272 11257)
4(238 239 11272 10879)
4(237 11257 11272 239)
4(10864 10880 11273 11258)
4(10879 11272 11273 10880)
4(11257 11258 11273 11272)
4(10865 10881 11274 11259)
4(10880 11273 11274 10881)
4(11258 11259 11274 11273)
4(10866 10882 11275 11260)
4(10881 11274 11275 10882)
4(11259 11260 11275 11274)
4(10867 10883 11276 11261)
4(10882 11275 11276 10883)
4(11260 11261 11276 11275)
4(10868 10884 11277 11262)
4(10883 11276 11277 10884)
4(11261 11262 11277 11276)
4(10869 10885 11278 11263)
4(10884 11277 11278 10885)
4(11262 11263 11278 11277)
4(10870 10886 11279 11264)
4(10885 11278 11279 10886)
4(11263 11264 11279 11278)
4(10871 10887 11280 11265)
4(10886 11279 11280 10887)
4(11264 11265 11280 11279)
4(10872 10888 11281 11266)
4(10887 11280 11281 10888)
4(11265 11266 11281 11280)
4(10873 10889 11282 11267)
4(10888 11281 11282 10889)
4(11266 11267 11282 11281)
4(10874 10890 11283 11268)
4(10889 11282 11283 10890)
4(11267 11268 11283 11282)
4(10875 10891 11284 11269)
4(10890 11283 11284 10891)
4(11268 11269 11284 11283)
4(10876 10892 11285 11270)
4(10891 11284 11285 10892)
4(11269 11270 11285 11284)
4(10877 10893 11286 11271)
4(10892 11285 11286 10893)
4(11270 11271 11286 11285)
4(10878 10894 11287 10628)
4(10893 11286 11287 10894)
4(11271 10628 11287 11286)
4(10894 11287 10630 10629)
4(10628 10627 10630 11287)
4(10626 10629 10630 10627)
4(10879 10895 11288 11272)
4(240 241 11288 10895)
4(239 11272 11288 241)
4(10880 10896 11289 11273)
4(10895 11288 11289 10896)
4(11272 11273 11289 11288)
4(10881 10897 11290 11274)
4(10896 11289 11290 10897)
4(11273 11274 11290 11289)
4(10882 10898 11291 11275)
4(10897 11290 11291 10898)
4(11274 11275 11291 11290)
4(10883 10899 11292 11276)
4(10898 11291 11292 10899)
4(11275 11276 11292 11291)
4(10884 10900 11293 11277)
4(10899 11292 11293 10900)
4(11276 11277 11293 11292)
4(10885 10901 11294 11278)
4(10900 11293 11294 10901)
4(11277 11278 11294 11293)
4(10886 10902 11295 11279)
4(10901 11294 11295 10902)
4(11278 11279 11295 11294)
4(10887 10903 11296 11280)
4(10902 11295 11296 10903)
4(11279 11280 11296 11295)
4(10888 10904 11297 11281)
4(10903 11296 11297 10904)
4(11280 11281 11297 11296)
4(10889 10905 11298 11282)
4(10904 11297 11298 10905)
4(11281 11282 11298 11297)
4(10890 10906 11299 11283)
4(10905 11298 11299 10906)
4(11282 11283 11299 11298)
4(10891 10907 11300 11284)
4(10906 11299 11300 10907)
4(11283 11284 11300 11299)
4(10892 10908 11301 11285)
4(10907 11300 11301 10908)
4(11284 11285 11301 11300)
4(10893 10909 11302 11286)
4(10908 11301 11302 10909)
4(11285 11286 11302 11301)
4(10894 10910 11303 11287)
4(10909 11302 11303 10910)
4(11286 11287 11303 11302)
4(10910 11303 10632 10631)
4(11287 10630 10632 11303)
4(10629 10631 10632 10630)
4(10895 10911 11304 11288)
4(242 243 11304 10911)
4(241 11288 11304 243)
4(10896 10912 11305 11289)
4(10911 11304 11305 10912)
4(11288 11289 11305 11304)
4(10897 10913 11306 11290)
4(10912 11305 11306 10913)
4(11289 11290 11306 11305)
4(10898 10914 11307 11291)
4(10913 11306 11307 10914)
4(11290 11291 11307 11306)
4(10899 10915 11308 11292)
4(10914 11307 11308 10915)
4(11291 11292 11308 11307)
4(10900 10916 11309 11293)
4(10915 11308 11309 10916)
4(11292 11293 11309 11308)
4(10901 10917 11310 11294)
4(10916 11309 11310 10917)
4(11293 11294 11310 11309)
4(10902 10918 11311 11295)
4(10917 11310 11311 10918)
4(11294 11295 11311 11310)
4(10903 10919 11312 11296)
4(10918 11311 11312 10919)
4(11295 11296 11312 11311)
4(10904 10920 11313 11297)
4(10919 11312 11313 10920)
4(11296 11297 11313 11312)
4(10905 10921 11314 11298)
4(10920 11313 11314 10921)
4(11297 11298 11314 11313)
4(10906 10922 11315 11299)
4(10921 11314 11315 10922)
4(11298 11299 11315 11314)
4(10907 10923 11316 11300)
4(10922 11315 11316 10923)
4(11299 11300 11316 11315)
4(10908 10924 11317 11301)
4(10923 11316 11317 10924)
4(11300 11301 11317 11316)
4(10909 10925 11318 11302)
4(10924 11317 11318 10925)
4(11301 11302 11318 11317)
4(10910 10926 11319 11303)
4(10925 11318 11319 10926)
4(11302 11303 11319 11318)
4(10926 11319 10634 10633)
4(11303 10632 10634 11319)
4(10631 10633 10634 10632)
4(10911 10927 11320 11304)
4(244 245 11320 10927)
4(243 11304 11320 245)
4(10912 10928 11321 11305)
4(10927 11320 11321 10928)
4(11304 11305 11321 11320)
4(10913 10929 11322 11306)
4(10928 11321 11322 10929)
4(11305 11306 11322 11321)
4(10914 10930 11323 11307)
4(10929 11322 11323 10930)
4(11306 11307 11323 11322)
4(10915 10931 11324 11308)
4(10930 11323 11324 10931)
4(11307 11308 11324 11323)
4(10916 10932 11325 11309)
4(10931 11324 11325 10932)
4(11308 11309 11325 11324)
4(10917 10933 11326 11310)
4(10932 11325 11326 10933)
4(11309 11310 11326 11325)
4(10918 10934 11327 11311)
4(10933 11326 11327 10934)
4(11310 11311 11327 11326)
4(10919 10935 11328 11312)
4(10934 11327 11328 10935)
4(11311 11312 11328 11327)
4(10920 10936 11329 11313)
4(10935 11328 11329 10936)
4(11312 11313 11329 11328)
4(10921 10937 11330 11314)
4(10936 11329 11330 10937)
4(11313 11314 11330 11329)
4(10922 10938 11331 11315)
4(10937 11330 11331 10938)
4(11314 11315 11331 11330)
4(10923 10939 11332 11316)
4(10938 11331 11332 10939)
4(11315 11316 11332 11331)
4(10924 10940 11333 11317)
4(10939 11332 11333 10940)
4(11316 11317 11333 11332)
4(10925 10941 11334 11318)
4(10940 11333 11334 10941)
4(11317 11318 11334 11333)
4(10926 10942 11335 11319)
4(10941 11334 11335 10942)
4(11318 11319 11335 11334)
4(10942 11335 10636 10635)
4(11319 10634 10636 11335)
4(10633 10635 10636 10634)
4(10927 10943 11336 11320)
4(246 247 11336 10943)
4(245 11320 11336 247)
4(10928 10944 11337 11321)
4(10943 11336 11337 10944)
4(11320 11321 11337 11336)
4(10929 10945 11338 11322)
4(10944 11337 11338 10945)
4(11321 11322 11338 11337)
4(10930 10946 11339 11323)
4(10945 11338 11339 10946)
4(11322 11323 11339 11338)
4(10931 10947 11340 11324)
4(10946 11339 11340 10947)
4(11323 11324 11340 11339)
4(10932 10948 11341 11325)
4(10947 11340 11341 10948)
4(11324 11325 11341 11340)
4(10933 10949 11342 11326)
4(10948 11341 11342 10949)
4(11325 11326 11342 11341)
4(10934 10950 11343 11327)
4(10949 11342 11343 10950)
4(11326 11327 11343 11342)
4(10935 10951 11344 11328)
4(10950 11343 11344 10951)
4(11327 11328 11344 11343)
4(10936 10952 11345 11329)
4(10951 11344 11345 10952)
4(11328 11329 11345 11344)
4(10937 10953 11346 11330)
4(10952 11345 11346 10953)
4(11329 11330 11346 11345)
4(10938 10954 11347 11331)
4(10953 11346 11347 10954)
4(11330 11331 11347 11346)
4(10939 10955 11348 11332)
4(10954 11347 11348 10955)
4(11331 11332 11348 11347)
4(10940 10956 11349 11333)
4(10955 11348 11349 10956)
4(11332 11333 11349 11348)
4(10941 10957 11350 11334)
4(10956 11349 11350 10957)
4(11333 11334 11350 11349)
4(10942 10958 11351 11335)
4(10957 11350 11351 10958)
4(11334 11335 11351 11350)
4(10958 11351 10638 10637)
4(11335 10636 10638 11351)
4(10635 10637 10638 10636)
4(10943 10959 11352 11336)
4(248 249 11352 10959)
4(247 11336 11352 249)
4(10944 10960 11353 11337)
4(10959 11352 11353 10960)
4(11336 11337 11353 11352)
4(10945 10961 11354 11338)
4(10960 11353 11354 10961)
4(11337 11338 11354 11353)
4(10946 10962 11355 11339)
4(10961 11354 11355 10962)
4(11338 11339 11355 11354)
4(10947 10963 11356 11340)
4(10962 11355 11356 10963)
4(11339 11340 11356 11355)
4(10948 10964 11357 11341)
4(10963 11356 11357 10964)
4(11340 11341 11357 11356)
4(10949 10965 11358 11342)
4(10964 11357 11358 10965)
4(11341 11342 11358 11357)
4(10950 10966 11359 11343)
4(10965 11358 11359 10966)
4(11342 11343 11359 11358)
4(10951 10967 11360 11344)
4(10966 11359 11360 10967)
4(11343 11344 11360 11359)
4(10952 10968 11361 11345)
4(10967 11360 11361 10968)
4(11344 11345 11361 11360)
4(10953 10969 11362 11346)
4(10968 11361 11362 10969)
4(11345 11346 11362 11361)
4(10954 10970 11363 11347)
4(10969 11362 11363 10970)
4(11346 11347 11363 11362)
4(10955 10971 11364 11348)
4(10970 11363 11364 10971)
4(11347 11348 11364 11363)
4(10956 10972 11365 11349)
4(10971 11364 11365 10972)
4(11348 11349 11365 11364)
4(10957 10973 11366 11350)
4(10972 11365 11366 10973)
4(11349 11350 11366 11365)
4(10958 10974 11367 11351)
4(10973 11366 11367 10974)
4(11350 11351 11367 11366)
4(10974 11367 10640 10639)
4(11351 10638 10640 11367)
4(10637 10639 10640 10638)
4(10959 10975 11368 11352)
4(250 251 11368 10975)
4(249 11352 11368 251)
4(10960 10976 11369 11353)
4(10975 11368 11369 10976)
4(11352 11353 11369 11368)
4(10961 10977 11370 11354)
4(10976 11369 11370 10977)
4(11353 11354 11370 11369)
4(10962 10978 11371 11355)
4(10977 11370 11371 10978)
4(11354 11355 11371 11370)
4(10963 10979 11372 11356)
4(10978 11371 11372 10979)
4(11355 11356 11372 11371)
4(10964 10980 11373 11357)
4(10979 11372 11373 10980)
4(11356 11357 11373 11372)
4(10965 10981 11374 11358)
4(10980 11373 11374 10981)
4(11357 11358 11374 11373)
4(10966 10982 11375 11359)
4(10981 11374 11375 10982)
4(11358 11359 11375 11374)
4(10967 10983 11376 11360)
4(10982 11375 11376 10983)
4(11359 11360 11376 11375)
4(10968 10984 11377 11361)
4(10983 11376 11377 10984)
4(11360 11361 11377 11376)
4(10969 10985 11378 11362)
4(10984 11377 11378 10985)
4(11361 11362 11378 11377)
4(10970 10986 11379 11363)
4(10985 11378 11379 10986)
4(11362 11363 11379 11378)
4(10971 10987 11380 11364)
4(10986 11379 11380 10987)
4(11363 11364 11380 11379)
4(10972 10988 11381 11365)
4(10987 11380 11381 10988)
4(11364 11365 11381 11380)
4(10973 10989 11382 11366)
4(10988 11381 11382 10989)
4(11365 11366 11382 11381)
4(10974 10990 11383 11367)
4(10989 11382 11383 10990)
4(11366 11367 11383 11382)
4(10990 11383 10642 10641)
4(11367 10640 10642 11383)
4(10639 10641 10642 10640)
4(10975 10991 11384 11368)
4(252 253 11384 10991)
4(251 11368 11384 253)
4(10976 10992 11385 11369)
4(10991 11384 11385 10992)
4(11368 11369 11385 11384)
4(10977 10993 11386 11370)
4(10992 11385 11386 10993)
4(11369 11370 11386 11385)
4(10978 10994 11387 11371)
4(10993 11386 11387 10994)
4(11370 11371 11387 11386)
4(10979 10995 11388 11372)
4(10994 11387 11388 10995)
4(11371 11372 11388 11387)
4(10980 10996 11389 11373)
4(10995 11388 11389 10996)
4(11372 11373 11389 11388)
4(10981 10997 11390 11374)
4(10996 11389 11390 10997)
4(11373 11374 11390 11389)
4(10982 10998 11391 11375)
4(10997 11390 11391 10998)
4(11374 11375 11391 11390)
4(10983 10999 11392 11376)
4(10998 11391 11392 10999)
4(11375 11376 11392 11391)
4(10984 11000 11393 11377)
4(10999 11392 11393 11000)
4(11376 11377 11393 11392)
4(10985 11001 11394 11378)
4(11000 11393 11394 11001)
4(11377 11378 11394 11393)
4(10986 11002 11395 11379)
4(11001 11394 11395 11002)
4(11378 11379 11395 11394)
4(10987 11003 11396 11380)
4(11002 11395 11396 11003)
4(11379 11380 11396 11395)
4(10988 11004 11397 11381)
4(11003 11396 11397 11004)
4(11380 11381 11397 11396)
4(10989 11005 11398 11382)
4(11004 11397 11398 11005)
4(11381 11382 11398 11397)
4(10990 11006 11399 11383)
4(11005 11398 11399 11006)
4(11382 11383 11399 11398)
4(11006 11399 10644 10643)
4(11383 10642 10644 11399)
4(10641 10643 10644 10642)
4(10991 11007 11400 11384)
4(254 255 11400 11007)
4(253 11384 11400 255)
4(10992 11008 11401 11385)
4(11007 11400 11401 11008)
4(11384 11385 11401 11400)
4(10993 11009 11402 11386)
4(11008 11401 11402 11009)
4(11385 11386 11402 11401)
4(10994 11010 11403 11387)
4(11009 11402 11403 11010)
4(11386 11387 11403 11402)
4(10995 11011 11404 11388)
4(11010 11403 11404 11011)
4(11387 11388 11404 11403)
4(10996 11012 11405 11389)
4(11011 11404 11405 11012)
4(11388 11389 11405 11404)
4(10997 11013 11406 11390)
4(11012 11405 11406 11013)
4(11389 11390 11406 11405)
4(10998 11014 11407 11391)
4(11013 11406 11407 11014)
4(11390 11391 11407 11406)
4(10999 11015 11408 11392)
4(11014 11407 11408 11015)
4(11391 11392 11408 11407)
4(11000 11016 11409 11393)
4(11015 11408 11409 11016)
4(11392 11393 11409 11408)
4(11001 11017 11410 11394)
4(11016 11409 11410 11017)
4(11393 11394 11410 11409)
4(11002 11018 11411 11395)
4(11017 11410 11411 11018)
4(11394 11395 11411 11410)
4(11003 11019 11412 11396)
4(11018 11411 11412 11019)
4(11395 11396 11412 11411)
4(11004 11020 11413 11397)
4(11019 11412 11413 11020)
4(11396 11397 11413 11412)
4(11005 11021 11414 11398)
4(11020 11413 11414 11021)
4(11397 11398 11414 11413)
4(11006 11022 11415 11399)
4(11021 11414 11415 11022)
4(11398 11399 11415 11414)
4(11022 11415 10646 10645)
4(11399 10644 10646 11415)
4(10643 10645 10646 10644)
4(11007 11023 11416 11400)
4(256 257 11416 11023)
4(255 11400 11416 257)
4(11008 11024 11417 11401)
4(11023 11416 11417 11024)
4(11400 11401 11417 11416)
4(11009 11025 11418 11402)
4(11024 11417 11418 11025)
4(11401 11402 11418 11417)
4(11010 11026 11419 11403)
4(11025 11418 11419 11026)
4(11402 11403 11419 11418)
4(11011 11027 11420 11404)
4(11026 11419 11420 11027)
4(11403 11404 11420 11419)
4(11012 11028 11421 11405)
4(11027 11420 11421 11028)
4(11404 11405 11421 11420)
4(11013 11029 11422 11406)
4(11028 11421 11422 11029)
4(11405 11406 11422 11421)
4(11014 11030 11423 11407)
4(11029 11422 11423 11030)
4(11406 11407 11423 11422)
4(11015 11031 11424 11408)
4(11030 11423 11424 11031)
4(11407 11408 11424 11423)
4(11016 11032 11425 11409)
4(11031 11424 11425 11032)
4(11408 11409 11425 11424)
4(11017 11033 11426 11410)
4(11032 11425 11426 11033)
4(11409 11410 11426 11425)
4(11018 11034 11427 11411)
4(11033 11426 11427 11034)
4(11410 11411 11427 11426)
4(11019 11035 11428 11412)
4(11034 11427 11428 11035)
4(11411 11412 11428 11427)
4(11020 11036 11429 11413)
4(11035 11428 11429 11036)
4(11412 11413 11429 11428)
4(11021 11037 11430 11414)
4(11036 11429 11430 11037)
4(11413 11414 11430 11429)
4(11022 11038 11431 11415)
4(11037 11430 11431 11038)
4(11414 11415 11431 11430)
4(11038 11431 10648 10647)
4(11415 10646 10648 11431)
4(10645 10647 10648 10646)
4(11023 11039 11432 11416)
4(258 259 11432 11039)
4(257 11416 11432 259)
4(11024 11040 11433 11417)
4(11039 11432 11433 11040)
4(11416 11417 11433 11432)
4(11025 11041 11434 11418)
4(11040 11433 11434 11041)
4(11417 11418 11434 11433)
4(11026 11042 11435 11419)
4(11041 11434 11435 11042)
4(11418 11419 11435 11434)
4(11027 11043 11436 11420)
4(11042 11435 11436 11043)
4(11419 11420 11436 11435)
4(11028 11044 11437 11421)
4(11043 11436 11437 11044)
4(11420 11421 11437 11436)
4(11029 11045 11438 11422)
4(11044 11437 11438 11045)
4(11421 11422 11438 11437)
4(11030 11046 11439 11423)
4(11045 11438 11439 11046)
4(11422 11423 11439 11438)
4(11031 11047 11440 11424)
4(11046 11439 11440 11047)
4(11423 11424 11440 11439)
4(11032 11048 11441 11425)
4(11047 11440 11441 11048)
4(11424 11425 11441 11440)
4(11033 11049 11442 11426)
4(11048 11441 11442 11049)
4(11425 11426 11442 11441)
4(11034 11050 11443 11427)
4(11049 11442 11443 11050)
4(11426 11427 11443 11442)
4(11035 11051 11444 11428)
4(11050 11443 11444 11051)
4(11427 11428 11444 11443)
4(11036 11052 11445 11429)
4(11051 11444 11445 11052)
4(11428 11429 11445 11444)
4(11037 11053 11446 11430)
4(11052 11445 11446 11053)
4(11429 11430 11446 11445)
4(11038 11054 11447 11431)
4(11053 11446 11447 11054)
4(11430 11431 11447 11446)
4(11054 11447 10650 10649)
4(11431 10648 10650 11447)
4(10647 10649 10650 10648)
4(11039 11055 11448 11432)
4(260 261 11448 11055)
4(259 11432 11448 261)
4(11040 11056 11449 11433)
4(11055 11448 11449 11056)
4(11432 11433 11449 11448)
4(11041 11057 11450 11434)
4(11056 11449 11450 11057)
4(11433 11434 11450 11449)
4(11042 11058 11451 11435)
4(11057 11450 11451 11058)
4(11434 11435 11451 11450)
4(11043 11059 11452 11436)
4(11058 11451 11452 11059)
4(11435 11436 11452 11451)
4(11044 11060 11453 11437)
4(11059 11452 11453 11060)
4(11436 11437 11453 11452)
4(11045 11061 11454 11438)
4(11060 11453 11454 11061)
4(11437 11438 11454 11453)
4(11046 11062 11455 11439)
4(11061 11454 11455 11062)
4(11438 11439 11455 11454)
4(11047 11063 11456 11440)
4(11062 11455 11456 11063)
4(11439 11440 11456 11455)
4(11048 11064 11457 11441)
4(11063 11456 11457 11064)
4(11440 11441 11457 11456)
4(11049 11065 11458 11442)
4(11064 11457 11458 11065)
4(11441 11442 11458 11457)
4(11050 11066 11459 11443)
4(11065 11458 11459 11066)
4(11442 11443 11459 11458)
4(11051 11067 11460 11444)
4(11066 11459 11460 11067)
4(11443 11444 11460 11459)
4(11052 11068 11461 11445)
4(11067 11460 11461 11068)
4(11444 11445 11461 11460)
4(11053 11069 11462 11446)
4(11068 11461 11462 11069)
4(11445 11446 11462 11461)
4(11054 11070 11463 11447)
4(11069 11462 11463 11070)
4(11446 11447 11463 11462)
4(11070 11463 10652 10651)
4(11447 10650 10652 11463)
4(10649 10651 10652 10650)
4(11055 11071 11464 11448)
4(262 263 11464 11071)
4(261 11448 11464 263)
4(11056 11072 11465 11449)
4(11071 11464 11465 11072)
4(11448 11449 11465 11464)
4(11057 11073 11466 11450)
4(11072 11465 11466 11073)
4(11449 11450 11466 11465)
4(11058 11074 11467 11451)
4(11073 11466 11467 11074)
4(11450 11451 11467 11466)
4(11059 11075 11468 11452)
4(11074 11467 11468 11075)
4(11451 11452 11468 11467)
4(11060 11076 11469 11453)
4(11075 11468 11469 11076)
4(11452 11453 11469 11468)
4(11061 11077 11470 11454)
4(11076 11469 11470 11077)
4(11453 11454 11470 11469)
4(11062 11078 11471 11455)
4(11077 11470 11471 11078)
4(11454 11455 11471 11470)
4(11063 11079 11472 11456)
4(11078 11471 11472 11079)
4(11455 11456 11472 11471)
4(11064 11080 11473 11457)
4(11079 11472 11473 11080)
4(11456 11457 11473 11472)
4(11065 11081 11474 11458)
4(11080 11473 11474 11081)
4(11457 11458 11474 11473)
4(11066 11082 11475 11459)
4(11081 11474 11475 11082)
4(11458 11459 11475 11474)
4(11067 11083 11476 11460)
4(11082 11475 11476 11083)
4(11459 11460 11476 11475)
4(11068 11084 11477 11461)
4(11083 11476 11477 11084)
4(11460 11461 11477 11476)
4(11069 11085 11478 11462)
4(11084 11477 11478 11085)
4(11461 11462 11478 11477)
4(11070 11086 11479 11463)
4(11085 11478 11479 11086)
4(11462 11463 11479 11478)
4(11086 11479 10654 10653)
4(11463 10652 10654 11479)
4(10651 10653 10654 10652)
4(11071 11087 11480 11464)
4(264 265 11480 11087)
4(263 11464 11480 265)
4(11072 11088 11481 11465)
4(11087 11480 11481 11088)
4(11464 11465 11481 11480)
4(11073 11089 11482 11466)
4(11088 11481 11482 11089)
4(11465 11466 11482 11481)
4(11074 11090 11483 11467)
4(11089 11482 11483 11090)
4(11466 11467 11483 11482)
4(11075 11091 11484 11468)
4(11090 11483 11484 11091)
4(11467 11468 11484 11483)
4(11076 11092 11485 11469)
4(11091 11484 11485 11092)
4(11468 11469 11485 11484)
4(11077 11093 11486 11470)
4(11092 11485 11486 11093)
4(11469 11470 11486 11485)
4(11078 11094 11487 11471)
4(11093 11486 11487 11094)
4(11470 11471 11487 11486)
4(11079 11095 11488 11472)
4(11094 11487 11488 11095)
4(11471 11472 11488 11487)
4(11080 11096 11489 11473)
4(11095 11488 11489 11096)
4(11472 11473 11489 11488)
4(11081 11097 11490 11474)
4(11096 11489 11490 11097)
4(11473 11474 11490 11489)
4(11082 11098 11491 11475)
4(11097 11490 11491 11098)
4(11474 11475 11491 11490)
4(11083 11099 11492 11476)
4(11098 11491 11492 11099)
4(11475 11476 11492 11491)
4(11084 11100 11493 11477)
4(11099 11492 11493 11100)
4(11476 11477 11493 11492)
4(11085 11101 11494 11478)
4(11100 11493 11494 11101)
4(11477 11478 11494 11493)
4(11086 11102 11495 11479)
4(11101 11494 11495 11102)
4(11478 11479 11495 11494)
4(11102 11495 10656 10655)
4(11479 10654 10656 11495)
4(10653 10655 10656 10654)
4(11087 11103 11496 11480)
4(266 267 11496 11103)
4(265 11480 11496 267)
4(11088 11104 11497 11481)
4(11103 11496 11497 11104)
4(11480 11481 11497 11496)
4(11089 11105 11498 11482)
4(11104 11497 11498 11105)
4(11481 11482 11498 11497)
4(11090 11106 11499 11483)
4(11105 11498 11499 11106)
4(11482 11483 11499 11498)
4(11091 11107 11500 11484)
4(11106 11499 11500 11107)
4(11483 11484 11500 11499)
4(11092 11108 11501 11485)
4(11107 11500 11501 11108)
4(11484 11485 11501 11500)
4(11093 11109 11502 11486)
4(11108 11501 11502 11109)
4(11485 11486 11502 11501)
4(11094 11110 11503 11487)
4(11109 11502 11503 11110)
4(11486 11487 11503 11502)
4(11095 11111 11504 11488)
4(11110 11503 11504 11111)
4(11487 11488 11504 11503)
4(11096 11112 11505 11489)
4(11111 11504 11505 11112)
4(11488 11489 11505 11504)
4(11097 11113 11506 11490)
4(11112 11505 11506 11113)
4(11489 11490 11506 11505)
4(11098 11114 11507 11491)
4(11113 11506 11507 11114)
4(11490 11491 11507 11506)
4(11099 11115 11508 11492)
4(11114 11507 11508 11115)
4(11491 11492 11508 11507)
4(11100 11116 11509 11493)
4(11115 11508 11509 11116)
4(11492 11493 11509 11508)
4(11101 11117 11510 11494)
4(11116 11509 11510 11117)
4(11493 11494 11510 11509)
4(11102 11118 11511 11495)
4(11117 11510 11511 11118)
4(11494 11495 11511 11510)
4(11118 11511 10658 10657)
4(11495 10656 10658 11511)
4(10655 10657 10658 10656)
4(11103 11119 11512 11496)
4(268 269 11512 11119)
4(267 11496 11512 269)
4(11104 11120 11513 11497)
4(11119 11512 11513 11120)
4(11496 11497 11513 11512)
4(11105 11121 11514 11498)
4(11120 11513 11514 11121)
4(11497 11498 11514 11513)
4(11106 11122 11515 11499)
4(11121 11514 11515 11122)
4(11498 11499 11515 11514)
4(11107 11123 11516 11500)
4(11122 11515 11516 11123)
4(11499 11500 11516 11515)
4(11108 11124 11517 11501)
4(11123 11516 11517 11124)
4(11500 11501 11517 11516)
4(11109 11125 11518 11502)
4(11124 11517 11518 11125)
4(11501 11502 11518 11517)
4(11110 11126 11519 11503)
4(11125 11518 11519 11126)
4(11502 11503 11519 11518)
4(11111 11127 11520 11504)
4(11126 11519 11520 11127)
4(11503 11504 11520 11519)
4(11112 11128 11521 11505)
4(11127 11520 11521 11128)
4(11504 11505 11521 11520)
4(11113 11129 11522 11506)
4(11128 11521 11522 11129)
4(11505 11506 11522 11521)
4(11114 11130 11523 11507)
4(11129 11522 11523 11130)
4(11506 11507 11523 11522)
4(11115 11131 11524 11508)
4(11130 11523 11524 11131)
4(11507 11508 11524 11523)
4(11116 11132 11525 11509)
4(11131 11524 11525 11132)
4(11508 11509 11525 11524)
4(11117 11133 11526 11510)
4(11132 11525 11526 11133)
4(11509 11510 11526 11525)
4(11118 11134 11527 11511)
4(11133 11526 11527 11134)
4(11510 11511 11527 11526)
4(11134 11527 10660 10659)
4(11511 10658 10660 11527)
4(10657 10659 10660 10658)
4(11119 11135 11528 11512)
4(270 271 11528 11135)
4(269 11512 11528 271)
4(11120 11136 11529 11513)
4(11135 11528 11529 11136)
4(11512 11513 11529 11528)
4(11121 11137 11530 11514)
4(11136 11529 11530 11137)
4(11513 11514 11530 11529)
4(11122 11138 11531 11515)
4(11137 11530 11531 11138)
4(11514 11515 11531 11530)
4(11123 11139 11532 11516)
4(11138 11531 11532 11139)
4(11515 11516 11532 11531)
4(11124 11140 11533 11517)
4(11139 11532 11533 11140)
4(11516 11517 11533 11532)
4(11125 11141 11534 11518)
4(11140 11533 11534 11141)
4(11517 11518 11534 11533)
4(11126 11142 11535 11519)
4(11141 11534 11535 11142)
4(11518 11519 11535 11534)
4(11127 11143 11536 11520)
4(11142 11535 11536 11143)
4(11519 11520 11536 11535)
4(11128 11144 11537 11521)
4(11143 11536 11537 11144)
4(11520 11521 11537 11536)
4(11129 11145 11538 11522)
4(11144 11537 11538 11145)
4(11521 11522 11538 11537)
4(11130 11146 11539 11523)
4(11145 11538 11539 11146)
4(11522 11523 11539 11538)
4(11131 11147 11540 11524)
4(11146 11539 11540 11147)
4(11523 11524 11540 11539)
4(11132 11148 11541 11525)
4(11147 11540 11541 11148)
4(11524 11525 11541 11540)
4(11133 11149 11542 11526)
4(11148 11541 11542 11149)
4(11525 11526 11542 11541)
4(11134 11150 11543 11527)
4(11149 11542 11543 11150)
4(11526 11527 11543 11542)
4(11150 11543 10662 10661)
4(11527 10660 10662 11543)
4(10659 10661 10662 10660)
4(11135 11151 11544 11528)
4(271 11528 11544 273)
4(11136 11152 11545 11529)
4(11528 11529 11545 11544)
4(11137 11153 11546 11530)
4(11529 11530 11546 11545)
4(11138 11154 11547 11531)
4(11530 11531 11547 11546)
4(11139 11155 11548 11532)
4(11531 11532 11548 11547)
4(11140 11156 11549 11533)
4(11532 11533 11549 11548)
4(11141 11157 11550 11534)
4(11533 11534 11550 11549)
4(11142 11158 11551 11535)
4(11534 11535 11551 11550)
4(11143 11159 11552 11536)
4(11535 11536 11552 11551)
4(11144 11160 11553 11537)
4(11536 11537 11553 11552)
4(11145 11161 11554 11538)
4(11537 11538 11554 11553)
4(11146 11162 11555 11539)
4(11538 11539 11555 11554)
4(11147 11163 11556 11540)
4(11539 11540 11556 11555)
4(11148 11164 11557 11541)
4(11540 11541 11557 11556)
4(11149 11165 11558 11542)
4(11541 11542 11558 11557)
4(11150 11166 11559 11543)
4(11542 11543 11559 11558)
4(11543 10662 10664 11559)
4(10661 10663 10664 10662)
4(6 11167 11560 38)
4(225 274 11560 11167)
4(37 38 11560 274)
4(8 11168 11561 39)
4(11167 11560 11561 11168)
4(38 39 11561 11560)
4(10 11169 11562 40)
4(11168 11561 11562 11169)
4(39 40 11562 11561)
4(12 11170 11563 41)
4(11169 11562 11563 11170)
4(40 41 11563 11562)
4(14 11171 11564 42)
4(11170 11563 11564 11171)
4(41 42 11564 11563)
4(16 11172 11565 43)
4(11171 11564 11565 11172)
4(42 43 11565 11564)
4(18 11173 11566 44)
4(11172 11565 11566 11173)
4(43 44 11566 11565)
4(20 11174 11567 45)
4(11173 11566 11567 11174)
4(44 45 11567 11566)
4(22 11175 11568 46)
4(11174 11567 11568 11175)
4(45 46 11568 11567)
4(24 11176 11569 47)
4(11175 11568 11569 11176)
4(46 47 11569 11568)
4(26 11177 11570 48)
4(11176 11569 11570 11177)
4(47 48 11570 11569)
4(28 11178 11571 49)
4(11177 11570 11571 11178)
4(48 49 11571 11570)
4(30 11179 11572 50)
4(11178 11571 11572 11179)
4(49 50 11572 11571)
4(32 11180 11573 51)
4(11179 11572 11573 11180)
4(50 51 11573 11572)
4(35 11181 11574 52)
4(11180 11573 11574 11181)
4(51 52 11574 11573)
4(11181 11574 10665 10613)
4(52 53 10665 11574)
4(36 10613 10665 53)
4(11167 11182 11575 11560)
4(227 275 11575 11182)
4(274 11560 11575 275)
4(11168 11183 11576 11561)
4(11182 11575 11576 11183)
4(11560 11561 11576 11575)
4(11169 11184 11577 11562)
4(11183 11576 11577 11184)
4(11561 11562 11577 11576)
4(11170 11185 11578 11563)
4(11184 11577 11578 11185)
4(11562 11563 11578 11577)
4(11171 11186 11579 11564)
4(11185 11578 11579 11186)
4(11563 11564 11579 11578)
4(11172 11187 11580 11565)
4(11186 11579 11580 11187)
4(11564 11565 11580 11579)
4(11173 11188 11581 11566)
4(11187 11580 11581 11188)
4(11565 11566 11581 11580)
4(11174 11189 11582 11567)
4(11188 11581 11582 11189)
4(11566 11567 11582 11581)
4(11175 11190 11583 11568)
4(11189 11582 11583 11190)
4(11567 11568 11583 11582)
4(11176 11191 11584 11569)
4(11190 11583 11584 11191)
4(11568 11569 11584 11583)
4(11177 11192 11585 11570)
4(11191 11584 11585 11192)
4(11569 11570 11585 11584)
4(11178 11193 11586 11571)
4(11192 11585 11586 11193)
4(11570 11571 11586 11585)
4(11179 11194 11587 11572)
4(11193 11586 11587 11194)
4(11571 11572 11587 11586)
4(11180 11195 11588 11573)
4(11194 11587 11588 11195)
4(11572 11573 11588 11587)
4(11181 11196 11589 11574)
4(11195 11588 11589 11196)
4(11573 11574 11589 11588)
4(11196 11589 10666 10615)
4(11574 10665 10666 11589)
4(10613 10615 10666 10665)
4(11182 11197 11590 11575)
4(229 276 11590 11197)
4(275 11575 11590 276)
4(11183 11198 11591 11576)
4(11197 11590 11591 11198)
4(11575 11576 11591 11590)
4(11184 11199 11592 11577)
4(11198 11591 11592 11199)
4(11576 11577 11592 11591)
4(11185 11200 11593 11578)
4(11199 11592 11593 11200)
4(11577 11578 11593 11592)
4(11186 11201 11594 11579)
4(11200 11593 11594 11201)
4(11578 11579 11594 11593)
4(11187 11202 11595 11580)
4(11201 11594 11595 11202)
4(11579 11580 11595 11594)
4(11188 11203 11596 11581)
4(11202 11595 11596 11203)
4(11580 11581 11596 11595)
4(11189 11204 11597 11582)
4(11203 11596 11597 11204)
4(11581 11582 11597 11596)
4(11190 11205 11598 11583)
4(11204 11597 11598 11205)
4(11582 11583 11598 11597)
4(11191 11206 11599 11584)
4(11205 11598 11599 11206)
4(11583 11584 11599 11598)
4(11192 11207 11600 11585)
4(11206 11599 11600 11207)
4(11584 11585 11600 11599)
4(11193 11208 11601 11586)
4(11207 11600 11601 11208)
4(11585 11586 11601 11600)
4(11194 11209 11602 11587)
4(11208 11601 11602 11209)
4(11586 11587 11602 11601)
4(11195 11210 11603 11588)
4(11209 11602 11603 11210)
4(11587 11588 11603 11602)
4(11196 11211 11604 11589)
4(11210 11603 11604 11211)
4(11588 11589 11604 11603)
4(11211 11604 10667 10617)
4(11589 10666 10667 11604)
4(10615 10617 10667 10666)
4(11197 11212 11605 11590)
4(231 277 11605 11212)
4(276 11590 11605 277)
4(11198 11213 11606 11591)
4(11212 11605 11606 11213)
4(11590 11591 11606 11605)
4(11199 11214 11607 11592)
4(11213 11606 11607 11214)
4(11591 11592 11607 11606)
4(11200 11215 11608 11593)
4(11214 11607 11608 11215)
4(11592 11593 11608 11607)
4(11201 11216 11609 11594)
4(11215 11608 11609 11216)
4(11593 11594 11609 11608)
4(11202 11217 11610 11595)
4(11216 11609 11610 11217)
4(11594 11595 11610 11609)
4(11203 11218 11611 11596)
4(11217 11610 11611 11218)
4(11595 11596 11611 11610)
4(11204 11219 11612 11597)
4(11218 11611 11612 11219)
4(11596 11597 11612 11611)
4(11205 11220 11613 11598)
4(11219 11612 11613 11220)
4(11597 11598 11613 11612)
4(11206 11221 11614 11599)
4(11220 11613 11614 11221)
4(11598 11599 11614 11613)
4(11207 11222 11615 11600)
4(11221 11614 11615 11222)
4(11599 11600 11615 11614)
4(11208 11223 11616 11601)
4(11222 11615 11616 11223)
4(11600 11601 11616 11615)
4(11209 11224 11617 11602)
4(11223 11616 11617 11224)
4(11601 11602 11617 11616)
4(11210 11225 11618 11603)
4(11224 11617 11618 11225)
4(11602 11603 11618 11617)
4(11211 11226 11619 11604)
4(11225 11618 11619 11226)
4(11603 11604 11619 11618)
4(11226 11619 10668 10619)
4(11604 10667 10668 11619)
4(10617 10619 10668 10667)
4(11212 11227 11620 11605)
4(233 278 11620 11227)
4(277 11605 11620 278)
4(11213 11228 11621 11606)
4(11227 11620 11621 11228)
4(11605 11606 11621 11620)
4(11214 11229 11622 11607)
4(11228 11621 11622 11229)
4(11606 11607 11622 11621)
4(11215 11230 11623 11608)
4(11229 11622 11623 11230)
4(11607 11608 11623 11622)
4(11216 11231 11624 11609)
4(11230 11623 11624 11231)
4(11608 11609 11624 11623)
4(11217 11232 11625 11610)
4(11231 11624 11625 11232)
4(11609 11610 11625 11624)
4(11218 11233 11626 11611)
4(11232 11625 11626 11233)
4(11610 11611 11626 11625)
4(11219 11234 11627 11612)
4(11233 11626 11627 11234)
4(11611 11612 11627 11626)
4(11220 11235 11628 11613)
4(11234 11627 11628 11235)
4(11612 11613 11628 11627)
4(11221 11236 11629 11614)
4(11235 11628 11629 11236)
4(11613 11614 11629 11628)
4(11222 11237 11630 11615)
4(11236 11629 11630 11237)
4(11614 11615 11630 11629)
4(11223 11238 11631 11616)
4(11237 11630 11631 11238)
4(11615 11616 11631 11630)
4(11224 11239 11632 11617)
4(11238 11631 11632 11239)
4(11616 11617 11632 11631)
4(11225 11240 11633 11618)
4(11239 11632 11633 11240)
4(11617 11618 11633 11632)
4(11226 11241 11634 11619)
4(11240 11633 11634 11241)
4(11618 11619 11634 11633)
4(11241 11634 10669 10621)
4(11619 10668 10669 11634)
4(10619 10621 10669 10668)
4(11227 11242 11635 11620)
4(235 279 11635 11242)
4(278 11620 11635 279)
4(11228 11243 11636 11621)
4(11242 11635 11636 11243)
4(11620 11621 11636 11635)
4(11229 11244 11637 11622)
4(11243 11636 11637 11244)
4(11621 11622 11637 11636)
4(11230 11245 11638 11623)
4(11244 11637 11638 11245)
4(11622 11623 11638 11637)
4(11231 11246 11639 11624)
4(11245 11638 11639 11246)
4(11623 11624 11639 11638)
4(11232 11247 11640 11625)
4(11246 11639 11640 11247)
4(11624 11625 11640 11639)
4(11233 11248 11641 11626)
4(11247 11640 11641 11248)
4(11625 11626 11641 11640)
4(11234 11249 11642 11627)
4(11248 11641 11642 11249)
4(11626 11627 11642 11641)
4(11235 11250 11643 11628)
4(11249 11642 11643 11250)
4(11627 11628 11643 11642)
4(11236 11251 11644 11629)
4(11250 11643 11644 11251)
4(11628 11629 11644 11643)
4(11237 11252 11645 11630)
4(11251 11644 11645 11252)
4(11629 11630 11645 11644)
4(11238 11253 11646 11631)
4(11252 11645 11646 11253)
4(11630 11631 11646 11645)
4(11239 11254 11647 11632)
4(11253 11646 11647 11254)
4(11631 11632 11647 11646)
4(11240 11255 11648 11633)
4(11254 11647 11648 11255)
4(11632 11633 11648 11647)
4(11241 11256 11649 11634)
4(11255 11648 11649 11256)
4(11633 11634 11649 11648)
4(11256 11649 10670 10623)
4(11634 10669 10670 11649)
4(10621 10623 10670 10669)
4(11242 11257 11650 11635)
4(237 280 11650 11257)
4(279 11635 11650 280)
4(11243 11258 11651 11636)
4(11257 11650 11651 11258)
4(11635 11636 11651 11650)
4(11244 11259 11652 11637)
4(11258 11651 11652 11259)
4(11636 11637 11652 11651)
4(11245 11260 11653 11638)
4(11259 11652 11653 11260)
4(11637 11638 11653 11652)
4(11246 11261 11654 11639)
4(11260 11653 11654 11261)
4(11638 11639 11654 11653)
4(11247 11262 11655 11640)
4(11261 11654 11655 11262)
4(11639 11640 11655 11654)
4(11248 11263 11656 11641)
4(11262 11655 11656 11263)
4(11640 11641 11656 11655)
4(11249 11264 11657 11642)
4(11263 11656 11657 11264)
4(11641 11642 11657 11656)
4(11250 11265 11658 11643)
4(11264 11657 11658 11265)
4(11642 11643 11658 11657)
4(11251 11266 11659 11644)
4(11265 11658 11659 11266)
4(11643 11644 11659 11658)
4(11252 11267 11660 11645)
4(11266 11659 11660 11267)
4(11644 11645 11660 11659)
4(11253 11268 11661 11646)
4(11267 11660 11661 11268)
4(11645 11646 11661 11660)
4(11254 11269 11662 11647)
4(11268 11661 11662 11269)
4(11646 11647 11662 11661)
4(11255 11270 11663 11648)
4(11269 11662 11663 11270)
4(11647 11648 11663 11662)
4(11256 11271 11664 11649)
4(11270 11663 11664 11271)
4(11648 11649 11664 11663)
4(11271 11664 10671 10628)
4(11649 10670 10671 11664)
4(10623 10628 10671 10670)
4(11257 11272 11665 11650)
4(239 281 11665 11272)
4(280 11650 11665 281)
4(11258 11273 11666 11651)
4(11272 11665 11666 11273)
4(11650 11651 11666 11665)
4(11259 11274 11667 11652)
4(11273 11666 11667 11274)
4(11651 11652 11667 11666)
4(11260 11275 11668 11653)
4(11274 11667 11668 11275)
4(11652 11653 11668 11667)
4(11261 11276 11669 11654)
4(11275 11668 11669 11276)
4(11653 11654 11669 11668)
4(11262 11277 11670 11655)
4(11276 11669 11670 11277)
4(11654 11655 11670 11669)
4(11263 11278 11671 11656)
4(11277 11670 11671 11278)
4(11655 11656 11671 11670)
4(11264 11279 11672 11657)
4(11278 11671 11672 11279)
4(11656 11657 11672 11671)
4(11265 11280 11673 11658)
4(11279 11672 11673 11280)
4(11657 11658 11673 11672)
4(11266 11281 11674 11659)
4(11280 11673 11674 11281)
4(11658 11659 11674 11673)
4(11267 11282 11675 11660)
4(11281 11674 11675 11282)
4(11659 11660 11675 11674)
4(11268 11283 11676 11661)
4(11282 11675 11676 11283)
4(11660 11661 11676 11675)
4(11269 11284 11677 11662)
4(11283 11676 11677 11284)
4(11661 11662 11677 11676)
4(11270 11285 11678 11663)
4(11284 11677 11678 11285)
4(11662 11663 11678 11677)
4(11271 11286 11679 11664)
4(11285 11678 11679 11286)
4(11663 11664 11679 11678)
4(10628 11287 10674 10671)
4(11286 11679 10674 11287)
4(11664 10671 10674 11679)
4(11287 10674 10673 10630)
4(10628 10627 10672 10671)
4(10627 10630 10673 10672)
4(10671 10672 10673 10674)
4(11272 11288 11680 11665)
4(241 282 11680 11288)
4(281 11665 11680 282)
4(11273 11289 11681 11666)
4(11288 11680 11681 11289)
4(11665 11666 11681 11680)
4(11274 11290 11682 11667)
4(11289 11681 11682 11290)
4(11666 11667 11682 11681)
4(11275 11291 11683 11668)
4(11290 11682 11683 11291)
4(11667 11668 11683 11682)
4(11276 11292 11684 11669)
4(11291 11683 11684 11292)
4(11668 11669 11684 11683)
4(11277 11293 11685 11670)
4(11292 11684 11685 11293)
4(11669 11670 11685 11684)
4(11278 11294 11686 11671)
4(11293 11685 11686 11294)
4(11670 11671 11686 11685)
4(11279 11295 11687 11672)
4(11294 11686 11687 11295)
4(11671 11672 11687 11686)
4(11280 11296 11688 11673)
4(11295 11687 11688 11296)
4(11672 11673 11688 11687)
4(11281 11297 11689 11674)
4(11296 11688 11689 11297)
4(11673 11674 11689 11688)
4(11282 11298 11690 11675)
4(11297 11689 11690 11298)
4(11674 11675 11690 11689)
4(11283 11299 11691 11676)
4(11298 11690 11691 11299)
4(11675 11676 11691 11690)
4(11284 11300 11692 11677)
4(11299 11691 11692 11300)
4(11676 11677 11692 11691)
4(11285 11301 11693 11678)
4(11300 11692 11693 11301)
4(11677 11678 11693 11692)
4(11286 11302 11694 11679)
4(11301 11693 11694 11302)
4(11678 11679 11694 11693)
4(11287 11303 10676 10674)
4(11302 11694 10676 11303)
4(11679 10674 10676 11694)
4(11303 10676 10675 10632)
4(10630 10632 10675 10673)
4(10674 10673 10675 10676)
4(11288 11304 11695 11680)
4(243 283 11695 11304)
4(282 11680 11695 283)
4(11289 11305 11696 11681)
4(11304 11695 11696 11305)
4(11680 11681 11696 11695)
4(11290 11306 11697 11682)
4(11305 11696 11697 11306)
4(11681 11682 11697 11696)
4(11291 11307 11698 11683)
4(11306 11697 11698 11307)
4(11682 11683 11698 11697)
4(11292 11308 11699 11684)
4(11307 11698 11699 11308)
4(11683 11684 11699 11698)
4(11293 11309 11700 11685)
4(11308 11699 11700 11309)
4(11684 11685 11700 11699)
4(11294 11310 11701 11686)
4(11309 11700 11701 11310)
4(11685 11686 11701 11700)
4(11295 11311 11702 11687)
4(11310 11701 11702 11311)
4(11686 11687 11702 11701)
4(11296 11312 11703 11688)
4(11311 11702 11703 11312)
4(11687 11688 11703 11702)
4(11297 11313 11704 11689)
4(11312 11703 11704 11313)
4(11688 11689 11704 11703)
4(11298 11314 11705 11690)
4(11313 11704 11705 11314)
4(11689 11690 11705 11704)
4(11299 11315 11706 11691)
4(11314 11705 11706 11315)
4(11690 11691 11706 11705)
4(11300 11316 11707 11692)
4(11315 11706 11707 11316)
4(11691 11692 11707 11706)
4(11301 11317 11708 11693)
4(11316 11707 11708 11317)
4(11692 11693 11708 11707)
4(11302 11318 11709 11694)
4(11317 11708 11709 11318)
4(11693 11694 11709 11708)
4(11303 11319 11710 10676)
4(11318 11709 11710 11319)
4(11694 10676 11710 11709)
4(11319 11710 10677 10634)
4(10676 10675 10677 11710)
4(10632 10634 10677 10675)
4(11304 11320 11711 11695)
4(245 284 11711 11320)
4(283 11695 11711 284)
4(11305 11321 11712 11696)
4(11320 11711 11712 11321)
4(11695 11696 11712 11711)
4(11306 11322 11713 11697)
4(11321 11712 11713 11322)
4(11696 11697 11713 11712)
4(11307 11323 11714 11698)
4(11322 11713 11714 11323)
4(11697 11698 11714 11713)
4(11308 11324 11715 11699)
4(11323 11714 11715 11324)
4(11698 11699 11715 11714)
4(11309 11325 11716 11700)
4(11324 11715 11716 11325)
4(11699 11700 11716 11715)
4(11310 11326 11717 11701)
4(11325 11716 11717 11326)
4(11700 11701 11717 11716)
4(11311 11327 11718 11702)
4(11326 11717 11718 11327)
4(11701 11702 11718 11717)
4(11312 11328 11719 11703)
4(11327 11718 11719 11328)
4(11702 11703 11719 11718)
4(11313 11329 11720 11704)
4(11328 11719 11720 11329)
4(11703 11704 11720 11719)
4(11314 11330 11721 11705)
4(11329 11720 11721 11330)
4(11704 11705 11721 11720)
4(11315 11331 11722 11706)
4(11330 11721 11722 11331)
4(11705 11706 11722 11721)
4(11316 11332 11723 11707)
4(11331 11722 11723 11332)
4(11706 11707 11723 11722)
4(11317 11333 11724 11708)
4(11332 11723 11724 11333)
4(11707 11708 11724 11723)
4(11318 11334 11725 11709)
4(11333 11724 11725 11334)
4(11708 11709 11725 11724)
4(11319 11335 11726 11710)
4(11334 11725 11726 11335)
4(11709 11710 11726 11725)
4(11335 11726 10678 10636)
4(11710 10677 10678 11726)
4(10634 10636 10678 10677)
4(11320 11336 11727 11711)
4(247 285 11727 11336)
4(284 11711 11727 285)
4(11321 11337 11728 11712)
4(11336 11727 11728 11337)
4(11711 11712 11728 11727)
4(11322 11338 11729 11713)
4(11337 11728 11729 11338)
4(11712 11713 11729 11728)
4(11323 11339 11730 11714)
4(11338 11729 11730 11339)
4(11713 11714 11730 11729)
4(11324 11340 11731 11715)
4(11339 11730 11731 11340)
4(11714 11715 11731 11730)
4(11325 11341 11732 11716)
4(11340 11731 11732 11341)
4(11715 11716 11732 11731)
4(11326 11342 11733 11717)
4(11341 11732 11733 11342)
4(11716 11717 11733 11732)
4(11327 11343 11734 11718)
4(11342 11733 11734 11343)
4(11717 11718 11734 11733)
4(11328 11344 11735 11719)
4(11343 11734 11735 11344)
4(11718 11719 11735 11734)
4(11329 11345 11736 11720)
4(11344 11735 11736 11345)
4(11719 11720 11736 11735)
4(11330 11346 11737 11721)
4(11345 11736 11737 11346)
4(11720 11721 11737 11736)
4(11331 11347 11738 11722)
4(11346 11737 11738 11347)
4(11721 11722 11738 11737)
4(11332 11348 11739 11723)
4(11347 11738 11739 11348)
4(11722 11723 11739 11738)
4(11333 11349 11740 11724)
4(11348 11739 11740 11349)
4(11723 11724 11740 11739)
4(11334 11350 11741 11725)
4(11349 11740 11741 11350)
4(11724 11725 11741 11740)
4(11335 11351 11742 11726)
4(11350 11741 11742 11351)
4(11725 11726 11742 11741)
4(11351 11742 10679 10638)
4(11726 10678 10679 11742)
4(10636 10638 10679 10678)
4(11336 11352 11743 11727)
4(249 286 11743 11352)
4(285 11727 11743 286)
4(11337 11353 11744 11728)
4(11352 11743 11744 11353)
4(11727 11728 11744 11743)
4(11338 11354 11745 11729)
4(11353 11744 11745 11354)
4(11728 11729 11745 11744)
4(11339 11355 11746 11730)
4(11354 11745 11746 11355)
4(11729 11730 11746 11745)
4(11340 11356 11747 11731)
4(11355 11746 11747 11356)
4(11730 11731 11747 11746)
4(11341 11357 11748 11732)
4(11356 11747 11748 11357)
4(11731 11732 11748 11747)
4(11342 11358 11749 11733)
4(11357 11748 11749 11358)
4(11732 11733 11749 11748)
4(11343 11359 11750 11734)
4(11358 11749 11750 11359)
4(11733 11734 11750 11749)
4(11344 11360 11751 11735)
4(11359 11750 11751 11360)
4(11734 11735 11751 11750)
4(11345 11361 11752 11736)
4(11360 11751 11752 11361)
4(11735 11736 11752 11751)
4(11346 11362 11753 11737)
4(11361 11752 11753 11362)
4(11736 11737 11753 11752)
4(11347 11363 11754 11738)
4(11362 11753 11754 11363)
4(11737 11738 11754 11753)
4(11348 11364 11755 11739)
4(11363 11754 11755 11364)
4(11738 11739 11755 11754)
4(11349 11365 11756 11740)
4(11364 11755 11756 11365)
4(11739 11740 11756 11755)
4(11350 11366 11757 11741)
4(11365 11756 11757 11366)
4(11740 11741 11757 11756)
4(11351 11367 11758 11742)
4(11366 11757 11758 11367)
4(11741 11742 11758 11757)
4(11367 11758 10680 10640)
4(11742 10679 10680 11758)
4(10638 10640 10680 10679)
4(11352 11368 11759 11743)
4(251 287 11759 11368)
4(286 11743 11759 287)
4(11353 11369 11760 11744)
4(11368 11759 11760 11369)
4(11743 11744 11760 11759)
4(11354 11370 11761 11745)
4(11369 11760 11761 11370)
4(11744 11745 11761 11760)
4(11355 11371 11762 11746)
4(11370 11761 11762 11371)
4(11745 11746 11762 11761)
4(11356 11372 11763 11747)
4(11371 11762 11763 11372)
4(11746 11747 11763 11762)
4(11357 11373 11764 11748)
4(11372 11763 11764 11373)
4(11747 11748 11764 11763)
4(11358 11374 11765 11749)
4(11373 11764 11765 11374)
4(11748 11749 11765 11764)
4(11359 11375 11766 11750)
4(11374 11765 11766 11375)
4(11749 11750 11766 11765)
4(11360 11376 11767 11751)
4(11375 11766 11767 11376)
4(11750 11751 11767 11766)
4(11361 11377 11768 11752)
4(11376 11767 11768 11377)
4(11751 11752 11768 11767)
4(11362 11378 11769 11753)
4(11377 11768 11769 11378)
4(11752 11753 11769 11768)
4(11363 11379 11770 11754)
4(11378 11769 11770 11379)
4(11753 11754 11770 11769)
4(11364 11380 11771 11755)
4(11379 11770 11771 11380)
4(11754 11755 11771 11770)
4(11365 11381 11772 11756)
4(11380 11771 11772 11381)
4(11755 11756 11772 11771)
4(11366 11382 11773 11757)
4(11381 11772 11773 11382)
4(11756 11757 11773 11772)
4(11367 11383 11774 11758)
4(11382 11773 11774 11383)
4(11757 11758 11774 11773)
4(11383 11774 10681 10642)
4(11758 10680 10681 11774)
4(10640 10642 10681 10680)
4(11368 11384 11775 11759)
4(253 288 11775 11384)
4(287 11759 11775 288)
4(11369 11385 11776 11760)
4(11384 11775 11776 11385)
4(11759 11760 11776 11775)
4(11370 11386 11777 11761)
4(11385 11776 11777 11386)
4(11760 11761 11777 11776)
4(11371 11387 11778 11762)
4(11386 11777 11778 11387)
4(11761 11762 11778 11777)
4(11372 11388 11779 11763)
4(11387 11778 11779 11388)
4(11762 11763 11779 11778)
4(11373 11389 11780 11764)
4(11388 11779 11780 11389)
4(11763 11764 11780 11779)
4(11374 11390 11781 11765)
4(11389 11780 11781 11390)
4(11764 11765 11781 11780)
4(11375 11391 11782 11766)
4(11390 11781 11782 11391)
4(11765 11766 11782 11781)
4(11376 11392 11783 11767)
4(11391 11782 11783 11392)
4(11766 11767 11783 11782)
4(11377 11393 11784 11768)
4(11392 11783 11784 11393)
4(11767 11768 11784 11783)
4(11378 11394 11785 11769)
4(11393 11784 11785 11394)
4(11768 11769 11785 11784)
4(11379 11395 11786 11770)
4(11394 11785 11786 11395)
4(11769 11770 11786 11785)
4(11380 11396 11787 11771)
4(11395 11786 11787 11396)
4(11770 11771 11787 11786)
4(11381 11397 11788 11772)
4(11396 11787 11788 11397)
4(11771 11772 11788 11787)
4(11382 11398 11789 11773)
4(11397 11788 11789 11398)
4(11772 11773 11789 11788)
4(11383 11399 11790 11774)
4(11398 11789 11790 11399)
4(11773 11774 11790 11789)
4(11399 11790 10682 10644)
4(11774 10681 10682 11790)
4(10642 10644 10682 10681)
4(11384 11400 11791 11775)
4(255 289 11791 11400)
4(288 11775 11791 289)
4(11385 11401 11792 11776)
4(11400 11791 11792 11401)
4(11775 11776 11792 11791)
4(11386 11402 11793 11777)
4(11401 11792 11793 11402)
4(11776 11777 11793 11792)
4(11387 11403 11794 11778)
4(11402 11793 11794 11403)
4(11777 11778 11794 11793)
4(11388 11404 11795 11779)
4(11403 11794 11795 11404)
4(11778 11779 11795 11794)
4(11389 11405 11796 11780)
4(11404 11795 11796 11405)
4(11779 11780 11796 11795)
4(11390 11406 11797 11781)
4(11405 11796 11797 11406)
4(11780 11781 11797 11796)
4(11391 11407 11798 11782)
4(11406 11797 11798 11407)
4(11781 11782 11798 11797)
4(11392 11408 11799 11783)
4(11407 11798 11799 11408)
4(11782 11783 11799 11798)
4(11393 11409 11800 11784)
4(11408 11799 11800 11409)
4(11783 11784 11800 11799)
4(11394 11410 11801 11785)
4(11409 11800 11801 11410)
4(11784 11785 11801 11800)
4(11395 11411 11802 11786)
4(11410 11801 11802 11411)
4(11785 11786 11802 11801)
4(11396 11412 11803 11787)
4(11411 11802 11803 11412)
4(11786 11787 11803 11802)
4(11397 11413 11804 11788)
4(11412 11803 11804 11413)
4(11787 11788 11804 11803)
4(11398 11414 11805 11789)
4(11413 11804 11805 11414)
4(11788 11789 11805 11804)
4(11399 11415 11806 11790)
4(11414 11805 11806 11415)
4(11789 11790 11806 11805)
4(11415 11806 10683 10646)
4(11790 10682 10683 11806)
4(10644 10646 10683 10682)
4(11400 11416 11807 11791)
4(257 290 11807 11416)
4(289 11791 11807 290)
4(11401 11417 11808 11792)
4(11416 11807 11808 11417)
4(11791 11792 11808 11807)
4(11402 11418 11809 11793)
4(11417 11808 11809 11418)
4(11792 11793 11809 11808)
4(11403 11419 11810 11794)
4(11418 11809 11810 11419)
4(11793 11794 11810 11809)
4(11404 11420 11811 11795)
4(11419 11810 11811 11420)
4(11794 11795 11811 11810)
4(11405 11421 11812 11796)
4(11420 11811 11812 11421)
4(11795 11796 11812 11811)
4(11406 11422 11813 11797)
4(11421 11812 11813 11422)
4(11796 11797 11813 11812)
4(11407 11423 11814 11798)
4(11422 11813 11814 11423)
4(11797 11798 11814 11813)
4(11408 11424 11815 11799)
4(11423 11814 11815 11424)
4(11798 11799 11815 11814)
4(11409 11425 11816 11800)
4(11424 11815 11816 11425)
4(11799 11800 11816 11815)
4(11410 11426 11817 11801)
4(11425 11816 11817 11426)
4(11800 11801 11817 11816)
4(11411 11427 11818 11802)
4(11426 11817 11818 11427)
4(11801 11802 11818 11817)
4(11412 11428 11819 11803)
4(11427 11818 11819 11428)
4(11802 11803 11819 11818)
4(11413 11429 11820 11804)
4(11428 11819 11820 11429)
4(11803 11804 11820 11819)
4(11414 11430 11821 11805)
4(11429 11820 11821 11430)
4(11804 11805 11821 11820)
4(11415 11431 11822 11806)
4(11430 11821 11822 11431)
4(11805 11806 11822 11821)
4(11431 11822 10684 10648)
4(11806 10683 10684 11822)
4(10646 10648 10684 10683)
4(11416 11432 11823 11807)
4(259 291 11823 11432)
4(290 11807 11823 291)
4(11417 11433 11824 11808)
4(11432 11823 11824 11433)
4(11807 11808 11824 11823)
4(11418 11434 11825 11809)
4(11433 11824 11825 11434)
4(11808 11809 11825 11824)
4(11419 11435 11826 11810)
4(11434 11825 11826 11435)
4(11809 11810 11826 11825)
4(11420 11436 11827 11811)
4(11435 11826 11827 11436)
4(11810 11811 11827 11826)
4(11421 11437 11828 11812)
4(11436 11827 11828 11437)
4(11811 11812 11828 11827)
4(11422 11438 11829 11813)
4(11437 11828 11829 11438)
4(11812 11813 11829 11828)
4(11423 11439 11830 11814)
4(11438 11829 11830 11439)
4(11813 11814 11830 11829)
4(11424 11440 11831 11815)
4(11439 11830 11831 11440)
4(11814 11815 11831 11830)
4(11425 11441 11832 11816)
4(11440 11831 11832 11441)
4(11815 11816 11832 11831)
4(11426 11442 11833 11817)
4(11441 11832 11833 11442)
4(11816 11817 11833 11832)
4(11427 11443 11834 11818)
4(11442 11833 11834 11443)
4(11817 11818 11834 11833)
4(11428 11444 11835 11819)
4(11443 11834 11835 11444)
4(11818 11819 11835 11834)
4(11429 11445 11836 11820)
4(11444 11835 11836 11445)
4(11819 11820 11836 11835)
4(11430 11446 11837 11821)
4(11445 11836 11837 11446)
4(11820 11821 11837 11836)
4(11431 11447 11838 11822)
4(11446 11837 11838 11447)
4(11821 11822 11838 11837)
4(11447 11838 10685 10650)
4(11822 10684 10685 11838)
4(10648 10650 10685 10684)
4(11432 11448 11839 11823)
4(261 292 11839 11448)
4(291 11823 11839 292)
4(11433 11449 11840 11824)
4(11448 11839 11840 11449)
4(11823 11824 11840 11839)
4(11434 11450 11841 11825)
4(11449 11840 11841 11450)
4(11824 11825 11841 11840)
4(11435 11451 11842 11826)
4(11450 11841 11842 11451)
4(11825 11826 11842 11841)
4(11436 11452 11843 11827)
4(11451 11842 11843 11452)
4(11826 11827 11843 11842)
4(11437 11453 11844 11828)
4(11452 11843 11844 11453)
4(11827 11828 11844 11843)
4(11438 11454 11845 11829)
4(11453 11844 11845 11454)
4(11828 11829 11845 11844)
4(11439 11455 11846 11830)
4(11454 11845 11846 11455)
4(11829 11830 11846 11845)
4(11440 11456 11847 11831)
4(11455 11846 11847 11456)
4(11830 11831 11847 11846)
4(11441 11457 11848 11832)
4(11456 11847 11848 11457)
4(11831 11832 11848 11847)
4(11442 11458 11849 11833)
4(11457 11848 11849 11458)
4(11832 11833 11849 11848)
4(11443 11459 11850 11834)
4(11458 11849 11850 11459)
4(11833 11834 11850 11849)
4(11444 11460 11851 11835)
4(11459 11850 11851 11460)
4(11834 11835 11851 11850)
4(11445 11461 11852 11836)
4(11460 11851 11852 11461)
4(11835 11836 11852 11851)
4(11446 11462 11853 11837)
4(11461 11852 11853 11462)
4(11836 11837 11853 11852)
4(11447 11463 11854 11838)
4(11462 11853 11854 11463)
4(11837 11838 11854 11853)
4(11463 11854 10686 10652)
4(11838 10685 10686 11854)
4(10650 10652 10686 10685)
4(11448 11464 11855 11839)
4(263 293 11855 11464)
4(292 11839 11855 293)
4(11449 11465 11856 11840)
4(11464 11855 11856 11465)
4(11839 11840 11856 11855)
4(11450 11466 11857 11841)
4(11465 11856 11857 11466)
4(11840 11841 11857 11856)
4(11451 11467 11858 11842)
4(11466 11857 11858 11467)
4(11841 11842 11858 11857)
4(11452 11468 11859 11843)
4(11467 11858 11859 11468)
4(11842 11843 11859 11858)
4(11453 11469 11860 11844)
4(11468 11859 11860 11469)
4(11843 11844 11860 11859)
4(11454 11470 11861 11845)
4(11469 11860 11861 11470)
4(11844 11845 11861 11860)
4(11455 11471 11862 11846)
4(11470 11861 11862 11471)
4(11845 11846 11862 11861)
4(11456 11472 11863 11847)
4(11471 11862 11863 11472)
4(11846 11847 11863 11862)
4(11457 11473 11864 11848)
4(11472 11863 11864 11473)
4(11847 11848 11864 11863)
4(11458 11474 11865 11849)
4(11473 11864 11865 11474)
4(11848 11849 11865 11864)
4(11459 11475 11866 11850)
4(11474 11865 11866 11475)
4(11849 11850 11866 11865)
4(11460 11476 11867 11851)
4(11475 11866 11867 11476)
4(11850 11851 11867 11866)
4(11461 11477 11868 11852)
4(11476 11867 11868 11477)
4(11851 11852 11868 11867)
4(11462 11478 11869 11853)
4(11477 11868 11869 11478)
4(11852 11853 11869 11868)
4(11463 11479 11870 11854)
4(11478 11869 11870 11479)
4(11853 11854 11870 11869)
4(11479 11870 10687 10654)
4(11854 10686 10687 11870)
4(10652 10654 10687 10686)
4(11464 11480 11871 11855)
4(265 294 11871 11480)
4(293 11855 11871 294)
4(11465 11481 11872 11856)
4(11480 11871 11872 11481)
4(11855 11856 11872 11871)
4(11466 11482 11873 11857)
4(11481 11872 11873 11482)
4(11856 11857 11873 11872)
4(11467 11483 11874 11858)
4(11482 11873 11874 11483)
4(11857 11858 11874 11873)
4(11468 11484 11875 11859)
4(11483 11874 11875 11484)
4(11858 11859 11875 11874)
4(11469 11485 11876 11860)
4(11484 11875 11876 11485)
4(11859 11860 11876 11875)
4(11470 11486 11877 11861)
4(11485 11876 11877 11486)
4(11860 11861 11877 11876)
4(11471 11487 11878 11862)
4(11486 11877 11878 11487)
4(11861 11862 11878 11877)
4(11472 11488 11879 11863)
4(11487 11878 11879 11488)
4(11862 11863 11879 11878)
4(11473 11489 11880 11864)
4(11488 11879 11880 11489)
4(11863 11864 11880 11879)
4(11474 11490 11881 11865)
4(11489 11880 11881 11490)
4(11864 11865 11881 11880)
4(11475 11491 11882 11866)
4(11490 11881 11882 11491)
4(11865 11866 11882 11881)
4(11476 11492 11883 11867)
4(11491 11882 11883 11492)
4(11866 11867 11883 11882)
4(11477 11493 11884 11868)
4(11492 11883 11884 11493)
4(11867 11868 11884 11883)
4(11478 11494 11885 11869)
4(11493 11884 11885 11494)
4(11868 11869 11885 11884)
4(11479 11495 11886 11870)
4(11494 11885 11886 11495)
4(11869 11870 11886 11885)
4(11495 11886 10688 10656)
4(11870 10687 10688 11886)
4(10654 10656 10688 10687)
4(11480 11496 11887 11871)
4(267 295 11887 11496)
4(294 11871 11887 295)
4(11481 11497 11888 11872)
4(11496 11887 11888 11497)
4(11871 11872 11888 11887)
4(11482 11498 11889 11873)
4(11497 11888 11889 11498)
4(11872 11873 11889 11888)
4(11483 11499 11890 11874)
4(11498 11889 11890 11499)
4(11873 11874 11890 11889)
4(11484 11500 11891 11875)
4(11499 11890 11891 11500)
4(11874 11875 11891 11890)
4(11485 11501 11892 11876)
4(11500 11891 11892 11501)
4(11875 11876 11892 11891)
4(11486 11502 11893 11877)
4(11501 11892 11893 11502)
4(11876 11877 11893 11892)
4(11487 11503 11894 11878)
4(11502 11893 11894 11503)
4(11877 11878 11894 11893)
4(11488 11504 11895 11879)
4(11503 11894 11895 11504)
4(11878 11879 11895 11894)
4(11489 11505 11896 11880)
4(11504 11895 11896 11505)
4(11879 11880 11896 11895)
4(11490 11506 11897 11881)
4(11505 11896 11897 11506)
4(11880 11881 11897 11896)
4(11491 11507 11898 11882)
4(11506 11897 11898 11507)
4(11881 11882 11898 11897)
4(11492 11508 11899 11883)
4(11507 11898 11899 11508)
4(11882 11883 11899 11898)
4(11493 11509 11900 11884)
4(11508 11899 11900 11509)
4(11883 11884 11900 11899)
4(11494 11510 11901 11885)
4(11509 11900 11901 11510)
4(11884 11885 11901 11900)
4(11495 11511 11902 11886)
4(11510 11901 11902 11511)
4(11885 11886 11902 11901)
4(11511 11902 10689 10658)
4(11886 10688 10689 11902)
4(10656 10658 10689 10688)
4(11496 11512 11903 11887)
4(269 296 11903 11512)
4(295 11887 11903 296)
4(11497 11513 11904 11888)
4(11512 11903 11904 11513)
4(11887 11888 11904 11903)
4(11498 11514 11905 11889)
4(11513 11904 11905 11514)
4(11888 11889 11905 11904)
4(11499 11515 11906 11890)
4(11514 11905 11906 11515)
4(11889 11890 11906 11905)
4(11500 11516 11907 11891)
4(11515 11906 11907 11516)
4(11890 11891 11907 11906)
4(11501 11517 11908 11892)
4(11516 11907 11908 11517)
4(11891 11892 11908 11907)
4(11502 11518 11909 11893)
4(11517 11908 11909 11518)
4(11892 11893 11909 11908)
4(11503 11519 11910 11894)
4(11518 11909 11910 11519)
4(11893 11894 11910 11909)
4(11504 11520 11911 11895)
4(11519 11910 11911 11520)
4(11894 11895 11911 11910)
4(11505 11521 11912 11896)
4(11520 11911 11912 11521)
4(11895 11896 11912 11911)
4(11506 11522 11913 11897)
4(11521 11912 11913 11522)
4(11896 11897 11913 11912)
4(11507 11523 11914 11898)
4(11522 11913 11914 11523)
4(11897 11898 11914 11913)
4(11508 11524 11915 11899)
4(11523 11914 11915 11524)
4(11898 11899 11915 11914)
4(11509 11525 11916 11900)
4(11524 11915 11916 11525)
4(11899 11900 11916 11915)
4(11510 11526 11917 11901)
4(11525 11916 11917 11526)
4(11900 11901 11917 11916)
4(11511 11527 11918 11902)
4(11526 11917 11918 11527)
4(11901 11902 11918 11917)
4(11527 11918 10690 10660)
4(11902 10689 10690 11918)
4(10658 10660 10690 10689)
4(11512 11528 11919 11903)
4(271 297 11919 11528)
4(296 11903 11919 297)
4(11513 11529 11920 11904)
4(11528 11919 11920 11529)
4(11903 11904 11920 11919)
4(11514 11530 11921 11905)
4(11529 11920 11921 11530)
4(11904 11905 11921 11920)
4(11515 11531 11922 11906)
4(11530 11921 11922 11531)
4(11905 11906 11922 11921)
4(11516 11532 11923 11907)
4(11531 11922 11923 11532)
4(11906 11907 11923 11922)
4(11517 11533 11924 11908)
4(11532 11923 11924 11533)
4(11907 11908 11924 11923)
4(11518 11534 11925 11909)
4(11533 11924 11925 11534)
4(11908 11909 11925 11924)
4(11519 11535 11926 11910)
4(11534 11925 11926 11535)
4(11909 11910 11926 11925)
4(11520 11536 11927 11911)
4(11535 11926 11927 11536)
4(11910 11911 11927 11926)
4(11521 11537 11928 11912)
4(11536 11927 11928 11537)
4(11911 11912 11928 11927)
4(11522 11538 11929 11913)
4(11537 11928 11929 11538)
4(11912 11913 11929 11928)
4(11523 11539 11930 11914)
4(11538 11929 11930 11539)
4(11913 11914 11930 11929)
4(11524 11540 11931 11915)
4(11539 11930 11931 11540)
4(11914 11915 11931 11930)
4(11525 11541 11932 11916)
4(11540 11931 11932 11541)
4(11915 11916 11932 11931)
4(11526 11542 11933 11917)
4(11541 11932 11933 11542)
4(11916 11917 11933 11932)
4(11527 11543 11934 11918)
4(11542 11933 11934 11543)
4(11917 11918 11934 11933)
4(11543 11934 10691 10662)
4(11918 10690 10691 11934)
4(10660 10662 10691 10690)
4(11528 11544 11935 11919)
4(297 11919 11935 298)
4(11529 11545 11936 11920)
4(11919 11920 11936 11935)
4(11530 11546 11937 11921)
4(11920 11921 11937 11936)
4(11531 11547 11938 11922)
4(11921 11922 11938 11937)
4(11532 11548 11939 11923)
4(11922 11923 11939 11938)
4(11533 11549 11940 11924)
4(11923 11924 11940 11939)
4(11534 11550 11941 11925)
4(11924 11925 11941 11940)
4(11535 11551 11942 11926)
4(11925 11926 11942 11941)
4(11536 11552 11943 11927)
4(11926 11927 11943 11942)
4(11537 11553 11944 11928)
4(11927 11928 11944 11943)
4(11538 11554 11945 11929)
4(11928 11929 11945 11944)
4(11539 11555 11946 11930)
4(11929 11930 11946 11945)
4(11540 11556 11947 11931)
4(11930 11931 11947 11946)
4(11541 11557 11948 11932)
4(11931 11932 11948 11947)
4(11542 11558 11949 11933)
4(11932 11933 11949 11948)
4(11543 11559 11950 11934)
4(11933 11934 11950 11949)
4(11934 10691 10692 11950)
4(10662 10664 10692 10691)
4(38 11560 11951 55)
4(274 299 11951 11560)
4(54 55 11951 299)
4(39 11561 11952 56)
4(11560 11951 11952 11561)
4(55 56 11952 11951)
4(40 11562 11953 57)
4(11561 11952 11953 11562)
4(56 57 11953 11952)
4(41 11563 11954 58)
4(11562 11953 11954 11563)
4(57 58 11954 11953)
4(42 11564 11955 59)
4(11563 11954 11955 11564)
4(58 59 11955 11954)
4(43 11565 11956 60)
4(11564 11955 11956 11565)
4(59 60 11956 11955)
4(44 11566 11957 61)
4(11565 11956 11957 11566)
4(60 61 11957 11956)
4(45 11567 11958 62)
4(11566 11957 11958 11567)
4(61 62 11958 11957)
4(46 11568 11959 63)
4(11567 11958 11959 11568)
4(62 63 11959 11958)
4(47 11569 11960 64)
4(11568 11959 11960 11569)
4(63 64 11960 11959)
4(48 11570 11961 65)
4(11569 11960 11961 11570)
4(64 65 11961 11960)
4(49 11571 11962 66)
4(11570 11961 11962 11571)
4(65 66 11962 11961)
4(50 11572 11963 67)
4(11571 11962 11963 11572)
4(66 67 11963 11962)
4(51 11573 11964 68)
4(11572 11963 11964 11573)
4(67 68 11964 11963)
4(52 11574 11965 69)
4(11573 11964 11965 11574)
4(68 69 11965 11964)
4(11574 11965 10693 10665)
4(69 70 10693 11965)
4(53 10665 10693 70)
4(11560 11575 11966 11951)
4(275 300 11966 11575)
4(299 11951 11966 300)
4(11561 11576 11967 11952)
4(11575 11966 11967 11576)
4(11951 11952 11967 11966)
4(11562 11577 11968 11953)
4(11576 11967 11968 11577)
4(11952 11953 11968 11967)
4(11563 11578 11969 11954)
4(11577 11968 11969 11578)
4(11953 11954 11969 11968)
4(11564 11579 11970 11955)
4(11578 11969 11970 11579)
4(11954 11955 11970 11969)
4(11565 11580 11971 11956)
4(11579 11970 11971 11580)
4(11955 11956 11971 11970)
4(11566 11581 11972 11957)
4(11580 11971 11972 11581)
4(11956 11957 11972 11971)
4(11567 11582 11973 11958)
4(11581 11972 11973 11582)
4(11957 11958 11973 11972)
4(11568 11583 11974 11959)
4(11582 11973 11974 11583)
4(11958 11959 11974 11973)
4(11569 11584 11975 11960)
4(11583 11974 11975 11584)
4(11959 11960 11975 11974)
4(11570 11585 11976 11961)
4(11584 11975 11976 11585)
4(11960 11961 11976 11975)
4(11571 11586 11977 11962)
4(11585 11976 11977 11586)
4(11961 11962 11977 11976)
4(11572 11587 11978 11963)
4(11586 11977 11978 11587)
4(11962 11963 11978 11977)
4(11573 11588 11979 11964)
4(11587 11978 11979 11588)
4(11963 11964 11979 11978)
4(11574 11589 11980 11965)
4(11588 11979 11980 11589)
4(11964 11965 11980 11979)
4(11589 11980 10694 10666)
4(11965 10693 10694 11980)
4(10665 10666 10694 10693)
4(11575 11590 11981 11966)
4(276 301 11981 11590)
4(300 11966 11981 301)
4(11576 11591 11982 11967)
4(11590 11981 11982 11591)
4(11966 11967 11982 11981)
4(11577 11592 11983 11968)
4(11591 11982 11983 11592)
4(11967 11968 11983 11982)
4(11578 11593 11984 11969)
4(11592 11983 11984 11593)
4(11968 11969 11984 11983)
4(11579 11594 11985 11970)
4(11593 11984 11985 11594)
4(11969 11970 11985 11984)
4(11580 11595 11986 11971)
4(11594 11985 11986 11595)
4(11970 11971 11986 11985)
4(11581 11596 11987 11972)
4(11595 11986 11987 11596)
4(11971 11972 11987 11986)
4(11582 11597 11988 11973)
4(11596 11987 11988 11597)
4(11972 11973 11988 11987)
4(11583 11598 11989 11974)
4(11597 11988 11989 11598)
4(11973 11974 11989 11988)
4(11584 11599 11990 11975)
4(11598 11989 11990 11599)
4(11974 11975 11990 11989)
4(11585 11600 11991 11976)
4(11599 11990 11991 11600)
4(11975 11976 11991 11990)
4(11586 11601 11992 11977)
4(11600 11991 11992 11601)
4(11976 11977 11992 11991)
4(11587 11602 11993 11978)
4(11601 11992 11993 11602)
4(11977 11978 11993 11992)
4(11588 11603 11994 11979)
4(11602 11993 11994 11603)
4(11978 11979 11994 11993)
4(11589 11604 11995 11980)
4(11603 11994 11995 11604)
4(11979 11980 11995 11994)
4(11604 11995 10695 10667)
4(11980 10694 10695 11995)
4(10666 10667 10695 10694)
4(11590 11605 11996 11981)
4(277 302 11996 11605)
4(301 11981 11996 302)
4(11591 11606 11997 11982)
4(11605 11996 11997 11606)
4(11981 11982 11997 11996)
4(11592 11607 11998 11983)
4(11606 11997 11998 11607)
4(11982 11983 11998 11997)
4(11593 11608 11999 11984)
4(11607 11998 11999 11608)
4(11983 11984 11999 11998)
4(11594 11609 12000 11985)
4(11608 11999 12000 11609)
4(11984 11985 12000 11999)
4(11595 11610 12001 11986)
4(11609 12000 12001 11610)
4(11985 11986 12001 12000)
4(11596 11611 12002 11987)
4(11610 12001 12002 11611)
4(11986 11987 12002 12001)
4(11597 11612 12003 11988)
4(11611 12002 12003 11612)
4(11987 11988 12003 12002)
4(11598 11613 12004 11989)
4(11612 12003 12004 11613)
4(11988 11989 12004 12003)
4(11599 11614 12005 11990)
4(11613 12004 12005 11614)
4(11989 11990 12005 12004)
4(11600 11615 12006 11991)
4(11614 12005 12006 11615)
4(11990 11991 12006 12005)
4(11601 11616 12007 11992)
4(11615 12006 12007 11616)
4(11991 11992 12007 12006)
4(11602 11617 12008 11993)
4(11616 12007 12008 11617)
4(11992 11993 12008 12007)
4(11603 11618 12009 11994)
4(11617 12008 12009 11618)
4(11993 11994 12009 12008)
4(11604 11619 12010 11995)
4(11618 12009 12010 11619)
4(11994 11995 12010 12009)
4(11619 12010 10696 10668)
4(11995 10695 10696 12010)
4(10667 10668 10696 10695)
4(11605 11620 12011 11996)
4(278 303 12011 11620)
4(302 11996 12011 303)
4(11606 11621 12012 11997)
4(11620 12011 12012 11621)
4(11996 11997 12012 12011)
4(11607 11622 12013 11998)
4(11621 12012 12013 11622)
4(11997 11998 12013 12012)
4(11608 11623 12014 11999)
4(11622 12013 12014 11623)
4(11998 11999 12014 12013)
4(11609 11624 12015 12000)
4(11623 12014 12015 11624)
4(11999 12000 12015 12014)
4(11610 11625 12016 12001)
4(11624 12015 12016 11625)
4(12000 12001 12016 12015)
4(11611 11626 12017 12002)
4(11625 12016 12017 11626)
4(12001 12002 12017 12016)
4(11612 11627 12018 12003)
4(11626 12017 12018 11627)
4(12002 12003 12018 12017)
4(11613 11628 12019 12004)
4(11627 12018 12019 11628)
4(12003 12004 12019 12018)
4(11614 11629 12020 12005)
4(11628 12019 12020 11629)
4(12004 12005 12020 12019)
4(11615 11630 12021 12006)
4(11629 12020 12021 11630)
4(12005 12006 12021 12020)
4(11616 11631 12022 12007)
4(11630 12021 12022 11631)
4(12006 12007 12022 12021)
4(11617 11632 12023 12008)
4(11631 12022 12023 11632)
4(12007 12008 12023 12022)
4(11618 11633 12024 12009)
4(11632 12023 12024 11633)
4(12008 12009 12024 12023)
4(11619 11634 12025 12010)
4(11633 12024 12025 11634)
4(12009 12010 12025 12024)
4(11634 12025 10697 10669)
4(12010 10696 10697 12025)
4(10668 10669 10697 10696)
4(11620 11635 12026 12011)
4(279 304 12026 11635)
4(303 12011 12026 304)
4(11621 11636 12027 12012)
4(11635 12026 12027 11636)
4(12011 12012 12027 12026)
4(11622 11637 12028 12013)
4(11636 12027 12028 11637)
4(12012 12013 12028 12027)
4(11623 11638 12029 12014)
4(11637 12028 12029 11638)
4(12013 12014 12029 12028)
4(11624 11639 12030 12015)
4(11638 12029 12030 11639)
4(12014 12015 12030 12029)
4(11625 11640 12031 12016)
4(11639 12030 12031 11640)
4(12015 12016 12031 12030)
4(11626 11641 12032 12017)
4(11640 12031 12032 11641)
4(12016 12017 12032 12031)
4(11627 11642 12033 12018)
4(11641 12032 12033 11642)
4(12017 12018 12033 12032)
4(11628 11643 12034 12019)
4(11642 12033 12034 11643)
4(12018 12019 12034 12033)
4(11629 11644 12035 12020)
4(11643 12034 12035 11644)
4(12019 12020 12035 12034)
4(11630 11645 12036 12021)
4(11644 12035 12036 11645)
4(12020 12021 12036 12035)
4(11631 11646 12037 12022)
4(11645 12036 12037 11646)
4(12021 12022 12037 12036)
4(11632 11647 12038 12023)
4(11646 12037 12038 11647)
4(12022 12023 12038 12037)
4(11633 11648 12039 12024)
4(11647 12038 12039 11648)
4(12023 12024 12039 12038)
4(11634 11649 12040 12025)
4(11648 12039 12040 11649)
4(12024 12025 12040 12039)
4(11649 12040 10698 10670)
4(12025 10697 10698 12040)
4(10669 10670 10698 10697)
4(11635 11650 12041 12026)
4(280 305 12041 11650)
4(304 12026 12041 305)
4(11636 11651 12042 12027)
4(11650 12041 12042 11651)
4(12026 12027 12042 12041)
4(11637 11652 12043 12028)
4(11651 12042 12043 11652)
4(12027 12028 12043 12042)
4(11638 11653 12044 12029)
4(11652 12043 12044 11653)
4(12028 12029 12044 12043)
4(11639 11654 12045 12030)
4(11653 12044 12045 11654)
4(12029 12030 12045 12044)
4(11640 11655 12046 12031)
4(11654 12045 12046 11655)
4(12030 12031 12046 12045)
4(11641 11656 12047 12032)
4(11655 12046 12047 11656)
4(12031 12032 12047 12046)
4(11642 11657 12048 12033)
4(11656 12047 12048 11657)
4(12032 12033 12048 12047)
4(11643 11658 12049 12034)
4(11657 12048 12049 11658)
4(12033 12034 12049 12048)
4(11644 11659 12050 12035)
4(11658 12049 12050 11659)
4(12034 12035 12050 12049)
4(11645 11660 12051 12036)
4(11659 12050 12051 11660)
4(12035 12036 12051 12050)
4(11646 11661 12052 12037)
4(11660 12051 12052 11661)
4(12036 12037 12052 12051)
4(11647 11662 12053 12038)
4(11661 12052 12053 11662)
4(12037 12038 12053 12052)
4(11648 11663 12054 12039)
4(11662 12053 12054 11663)
4(12038 12039 12054 12053)
4(11649 11664 12055 12040)
4(11663 12054 12055 11664)
4(12039 12040 12055 12054)
4(11664 12055 10699 10671)
4(12040 10698 10699 12055)
4(10670 10671 10699 10698)
4(11650 11665 12056 12041)
4(281 306 12056 11665)
4(305 12041 12056 306)
4(11651 11666 12057 12042)
4(11665 12056 12057 11666)
4(12041 12042 12057 12056)
4(11652 11667 12058 12043)
4(11666 12057 12058 11667)
4(12042 12043 12058 12057)
4(11653 11668 12059 12044)
4(11667 12058 12059 11668)
4(12043 12044 12059 12058)
4(11654 11669 12060 12045)
4(11668 12059 12060 11669)
4(12044 12045 12060 12059)
4(11655 11670 12061 12046)
4(11669 12060 12061 11670)
4(12045 12046 12061 12060)
4(11656 11671 12062 12047)
4(11670 12061 12062 11671)
4(12046 12047 12062 12061)
4(11657 11672 12063 12048)
4(11671 12062 12063 11672)
4(12047 12048 12063 12062)
4(11658 11673 12064 12049)
4(11672 12063 12064 11673)
4(12048 12049 12064 12063)
4(11659 11674 12065 12050)
4(11673 12064 12065 11674)
4(12049 12050 12065 12064)
4(11660 11675 12066 12051)
4(11674 12065 12066 11675)
4(12050 12051 12066 12065)
4(11661 11676 12067 12052)
4(11675 12066 12067 11676)
4(12051 12052 12067 12066)
4(11662 11677 12068 12053)
4(11676 12067 12068 11677)
4(12052 12053 12068 12067)
4(11663 11678 12069 12054)
4(11677 12068 12069 11678)
4(12053 12054 12069 12068)
4(11664 11679 12070 12055)
4(11678 12069 12070 11679)
4(12054 12055 12070 12069)
4(11679 12070 10700 10674)
4(12055 10699 10700 12070)
4(10671 10674 10700 10699)
4(11665 11680 12071 12056)
4(282 307 12071 11680)
4(306 12056 12071 307)
4(11666 11681 12072 12057)
4(11680 12071 12072 11681)
4(12056 12057 12072 12071)
4(11667 11682 12073 12058)
4(11681 12072 12073 11682)
4(12057 12058 12073 12072)
4(11668 11683 12074 12059)
4(11682 12073 12074 11683)
4(12058 12059 12074 12073)
4(11669 11684 12075 12060)
4(11683 12074 12075 11684)
4(12059 12060 12075 12074)
4(11670 11685 12076 12061)
4(11684 12075 12076 11685)
4(12060 12061 12076 12075)
4(11671 11686 12077 12062)
4(11685 12076 12077 11686)
4(12061 12062 12077 12076)
4(11672 11687 12078 12063)
4(11686 12077 12078 11687)
4(12062 12063 12078 12077)
4(11673 11688 12079 12064)
4(11687 12078 12079 11688)
4(12063 12064 12079 12078)
4(11674 11689 12080 12065)
4(11688 12079 12080 11689)
4(12064 12065 12080 12079)
4(11675 11690 12081 12066)
4(11689 12080 12081 11690)
4(12065 12066 12081 12080)
4(11676 11691 12082 12067)
4(11690 12081 12082 11691)
4(12066 12067 12082 12081)
4(11677 11692 12083 12068)
4(11691 12082 12083 11692)
4(12067 12068 12083 12082)
4(11678 11693 12084 12069)
4(11692 12083 12084 11693)
4(12068 12069 12084 12083)
4(11679 11694 12085 12070)
4(11693 12084 12085 11694)
4(12069 12070 12085 12084)
4(11694 12085 10701 10676)
4(12070 10700 10701 12085)
4(10674 10676 10701 10700)
4(11680 11695 12086 12071)
4(283 308 12086 11695)
4(307 12071 12086 308)
4(11681 11696 12087 12072)
4(11695 12086 12087 11696)
4(12071 12072 12087 12086)
4(11682 11697 12088 12073)
4(11696 12087 12088 11697)
4(12072 12073 12088 12087)
4(11683 11698 12089 12074)
4(11697 12088 12089 11698)
4(12073 12074 12089 12088)
4(11684 11699 12090 12075)
4(11698 12089 12090 11699)
4(12074 12075 12090 12089)
4(11685 11700 12091 12076)
4(11699 12090 12091 11700)
4(12075 12076 12091 12090)
4(11686 11701 12092 12077)
4(11700 12091 12092 11701)
4(12076 12077 12092 12091)
4(11687 11702 12093 12078)
4(11701 12092 12093 11702)
4(12077 12078 12093 12092)
4(11688 11703 12094 12079)
4(11702 12093 12094 11703)
4(12078 12079 12094 12093)
4(11689 11704 12095 12080)
4(11703 12094 12095 11704)
4(12079 12080 12095 12094)
4(11690 11705 12096 12081)
4(11704 12095 12096 11705)
4(12080 12081 12096 12095)
4(11691 11706 12097 12082)
4(11705 12096 12097 11706)
4(12081 12082 12097 12096)
4(11692 11707 12098 12083)
4(11706 12097 12098 11707)
4(12082 12083 12098 12097)
4(11693 11708 12099 12084)
4(11707 12098 12099 11708)
4(12083 12084 12099 12098)
4(11694 11709 12100 12085)
4(11708 12099 12100 11709)
4(12084 12085 12100 12099)
4(10676 11710 10704 10701)
4(11709 12100 10704 11710)
4(12085 10701 10704 12100)
4(11710 10704 10703 10677)
4(10676 10675 10702 10701)
4(10675 10677 10703 10702)
4(10701 10702 10703 10704)
4(11695 11711 12101 12086)
4(284 309 12101 11711)
4(308 12086 12101 309)
4(11696 11712 12102 12087)
4(11711 12101 12102 11712)
4(12086 12087 12102 12101)
4(11697 11713 12103 12088)
4(11712 12102 12103 11713)
4(12087 12088 12103 12102)
4(11698 11714 12104 12089)
4(11713 12103 12104 11714)
4(12088 12089 12104 12103)
4(11699 11715 12105 12090)
4(11714 12104 12105 11715)
4(12089 12090 12105 12104)
4(11700 11716 12106 12091)
4(11715 12105 12106 11716)
4(12090 12091 12106 12105)
4(11701 11717 12107 12092)
4(11716 12106 12107 11717)
4(12091 12092 12107 12106)
4(11702 11718 12108 12093)
4(11717 12107 12108 11718)
4(12092 12093 12108 12107)
4(11703 11719 12109 12094)
4(11718 12108 12109 11719)
4(12093 12094 12109 12108)
4(11704 11720 12110 12095)
4(11719 12109 12110 11720)
4(12094 12095 12110 12109)
4(11705 11721 12111 12096)
4(11720 12110 12111 11721)
4(12095 12096 12111 12110)
4(11706 11722 12112 12097)
4(11721 12111 12112 11722)
4(12096 12097 12112 12111)
4(11707 11723 12113 12098)
4(11722 12112 12113 11723)
4(12097 12098 12113 12112)
4(11708 11724 12114 12099)
4(11723 12113 12114 11724)
4(12098 12099 12114 12113)
4(11709 11725 12115 12100)
4(11724 12114 12115 11725)
4(12099 12100 12115 12114)
4(11710 11726 12116 10704)
4(11725 12115 12116 11726)
4(12100 10704 12116 12115)
4(11726 12116 10705 10678)
4(10704 10703 10705 12116)
4(10677 10678 10705 10703)
4(11711 11727 12117 12101)
4(285 310 12117 11727)
4(309 12101 12117 310)
4(11712 11728 12118 12102)
4(11727 12117 12118 11728)
4(12101 12102 12118 12117)
4(11713 11729 12119 12103)
4(11728 12118 12119 11729)
4(12102 12103 12119 12118)
4(11714 11730 12120 12104)
4(11729 12119 12120 11730)
4(12103 12104 12120 12119)
4(11715 11731 12121 12105)
4(11730 12120 12121 11731)
4(12104 12105 12121 12120)
4(11716 11732 12122 12106)
4(11731 12121 12122 11732)
4(12105 12106 12122 12121)
4(11717 11733 12123 12107)
4(11732 12122 12123 11733)
4(12106 12107 12123 12122)
4(11718 11734 12124 12108)
4(11733 12123 12124 11734)
4(12107 12108 12124 12123)
4(11719 11735 12125 12109)
4(11734 12124 12125 11735)
4(12108 12109 12125 12124)
4(11720 11736 12126 12110)
4(11735 12125 12126 11736)
4(12109 12110 12126 12125)
4(11721 11737 12127 12111)
4(11736 12126 12127 11737)
4(12110 12111 12127 12126)
4(11722 11738 12128 12112)
4(11737 12127 12128 11738)
4(12111 12112 12128 12127)
4(11723 11739 12129 12113)
4(11738 12128 12129 11739)
4(12112 12113 12129 12128)
4(11724 11740 12130 12114)
4(11739 12129 12130 11740)
4(12113 12114 12130 12129)
4(11725 11741 12131 12115)
4(11740 12130 12131 11741)
4(12114 12115 12131 12130)
4(11726 11742 12132 12116)
4(11741 12131 12132 11742)
4(12115 12116 12132 12131)
4(11742 12132 10706 10679)
4(12116 10705 10706 12132)
4(10678 10679 10706 10705)
4(11727 11743 12133 12117)
4(286 311 12133 11743)
4(310 12117 12133 311)
4(11728 11744 12134 12118)
4(11743 12133 12134 11744)
4(12117 12118 12134 12133)
4(11729 11745 12135 12119)
4(11744 12134 12135 11745)
4(12118 12119 12135 12134)
4(11730 11746 12136 12120)
4(11745 12135 12136 11746)
4(12119 12120 12136 12135)
4(11731 11747 12137 12121)
4(11746 12136 12137 11747)
4(12120 12121 12137 12136)
4(11732 11748 12138 12122)
4(11747 12137 12138 11748)
4(12121 12122 12138 12137)
4(11733 11749 12139 12123)
4(11748 12138 12139 11749)
4(12122 12123 12139 12138)
4(11734 11750 12140 12124)
4(11749 12139 12140 11750)
4(12123 12124 12140 12139)
4(11735 11751 12141 12125)
4(11750 12140 12141 11751)
4(12124 12125 12141 12140)
4(11736 11752 12142 12126)
4(11751 12141 12142 11752)
4(12125 12126 12142 12141)
4(11737 11753 12143 12127)
4(11752 12142 12143 11753)
4(12126 12127 12143 12142)
4(11738 11754 12144 12128)
4(11753 12143 12144 11754)
4(12127 12128 12144 12143)
4(11739 11755 12145 12129)
4(11754 12144 12145 11755)
4(12128 12129 12145 12144)
4(11740 11756 12146 12130)
4(11755 12145 12146 11756)
4(12129 12130 12146 12145)
4(11741 11757 12147 12131)
4(11756 12146 12147 11757)
4(12130 12131 12147 12146)
4(11742 11758 12148 12132)
4(11757 12147 12148 11758)
4(12131 12132 12148 12147)
4(11758 12148 10707 10680)
4(12132 10706 10707 12148)
4(10679 10680 10707 10706)
4(11743 11759 12149 12133)
4(287 312 12149 11759)
4(311 12133 12149 312)
4(11744 11760 12150 12134)
4(11759 12149 12150 11760)
4(12133 12134 12150 12149)
4(11745 11761 12151 12135)
4(11760 12150 12151 11761)
4(12134 12135 12151 12150)
4(11746 11762 12152 12136)
4(11761 12151 12152 11762)
4(12135 12136 12152 12151)
4(11747 11763 12153 12137)
4(11762 12152 12153 11763)
4(12136 12137 12153 12152)
4(11748 11764 12154 12138)
4(11763 12153 12154 11764)
4(12137 12138 12154 12153)
4(11749 11765 12155 12139)
4(11764 12154 12155 11765)
4(12138 12139 12155 12154)
4(11750 11766 12156 12140)
4(11765 12155 12156 11766)
4(12139 12140 12156 12155)
4(11751 11767 12157 12141)
4(11766 12156 12157 11767)
4(12140 12141 12157 12156)
4(11752 11768 12158 12142)
4(11767 12157 12158 11768)
4(12141 12142 12158 12157)
4(11753 11769 12159 12143)
4(11768 12158 12159 11769)
4(12142 12143 12159 12158)
4(11754 11770 12160 12144)
4(11769 12159 12160 11770)
4(12143 12144 12160 12159)
4(11755 11771 12161 12145)
4(11770 12160 12161 11771)
4(12144 12145 12161 12160)
4(11756 11772 12162 12146)
4(11771 12161 12162 11772)
4(12145 12146 12162 12161)
4(11757 11773 12163 12147)
4(11772 12162 12163 11773)
4(12146 12147 12163 12162)
4(11758 11774 12164 12148)
4(11773 12163 12164 11774)
4(12147 12148 12164 12163)
4(11774 12164 10708 10681)
4(12148 10707 10708 12164)
4(10680 10681 10708 10707)
4(11759 11775 12165 12149)
4(288 313 12165 11775)
4(312 12149 12165 313)
4(11760 11776 12166 12150)
4(11775 12165 12166 11776)
4(12149 12150 12166 12165)
4(11761 11777 12167 12151)
4(11776 12166 12167 11777)
4(12150 12151 12167 12166)
4(11762 11778 12168 12152)
4(11777 12167 12168 11778)
4(12151 12152 12168 12167)
4(11763 11779 12169 12153)
4(11778 12168 12169 11779)
4(12152 12153 12169 12168)
4(11764 11780 12170 12154)
4(11779 12169 12170 11780)
4(12153 12154 12170 12169)
4(11765 11781 12171 12155)
4(11780 12170 12171 11781)
4(12154 12155 12171 12170)
4(11766 11782 12172 12156)
4(11781 12171 12172 11782)
4(12155 12156 12172 12171)
4(11767 11783 12173 12157)
4(11782 12172 12173 11783)
4(12156 12157 12173 12172)
4(11768 11784 12174 12158)
4(11783 12173 12174 11784)
4(12157 12158 12174 12173)
4(11769 11785 12175 12159)
4(11784 12174 12175 11785)
4(12158 12159 12175 12174)
4(11770 11786 12176 12160)
4(11785 12175 12176 11786)
4(12159 12160 12176 12175)
4(11771 11787 12177 12161)
4(11786 12176 12177 11787)
4(12160 12161 12177 12176)
4(11772 11788 12178 12162)
4(11787 12177 12178 11788)
4(12161 12162 12178 12177)
4(11773 11789 12179 12163)
4(11788 12178 12179 11789)
4(12162 12163 12179 12178)
4(11774 11790 12180 12164)
4(11789 12179 12180 11790)
4(12163 12164 12180 12179)
4(11790 12180 10709 10682)
4(12164 10708 10709 12180)
4(10681 10682 10709 10708)
4(11775 11791 12181 12165)
4(289 314 12181 11791)
4(313 12165 12181 314)
4(11776 11792 12182 12166)
4(11791 12181 12182 11792)
4(12165 12166 12182 12181)
4(11777 11793 12183 12167)
4(11792 12182 12183 11793)
4(12166 12167 12183 12182)
4(11778 11794 12184 12168)
4(11793 12183 12184 11794)
4(12167 12168 12184 12183)
4(11779 11795 12185 12169)
4(11794 12184 12185 11795)
4(12168 12169 12185 12184)
4(11780 11796 12186 12170)
4(11795 12185 12186 11796)
4(12169 12170 12186 12185)
4(11781 11797 12187 12171)
4(11796 12186 12187 11797)
4(12170 12171 12187 12186)
4(11782 11798 12188 12172)
4(11797 12187 12188 11798)
4(12171 12172 12188 12187)
4(11783 11799 12189 12173)
4(11798 12188 12189 11799)
4(12172 12173 12189 12188)
4(11784 11800 12190 12174)
4(11799 12189 12190 11800)
4(12173 12174 12190 12189)
4(11785 11801 12191 12175)
4(11800 12190 12191 11801)
4(12174 12175 12191 12190)
4(11786 11802 12192 12176)
4(11801 12191 12192 11802)
4(12175 12176 12192 12191)
4(11787 11803 12193 12177)
4(11802 12192 12193 11803)
4(12176 12177 12193 12192)
4(11788 11804 12194 12178)
4(11803 12193 12194 11804)
4(12177 12178 12194 12193)
4(11789 11805 12195 12179)
4(11804 12194 12195 11805)
4(12178 12179 12195 12194)
4(11790 11806 12196 12180)
4(11805 12195 12196 11806)
4(12179 12180 12196 12195)
4(11806 12196 10710 10683)
4(12180 10709 10710 12196)
4(10682 10683 10710 10709)
4(11791 11807 12197 12181)
4(290 315 12197 11807)
4(314 12181 12197 315)
4(11792 11808 12198 12182)
4(11807 12197 12198 11808)
4(12181 12182 12198 12197)
4(11793 11809 12199 12183)
4(11808 12198 12199 11809)
4(12182 12183 12199 12198)
4(11794 11810 12200 12184)
4(11809 12199 12200 11810)
4(12183 12184 12200 12199)
4(11795 11811 12201 12185)
4(11810 12200 12201 11811)
4(12184 12185 12201 12200)
4(11796 11812 12202 12186)
4(11811 12201 12202 11812)
4(12185 12186 12202 12201)
4(11797 11813 12203 12187)
4(11812 12202 12203 11813)
4(12186 12187 12203 12202)
4(11798 11814 12204 12188)
4(11813 12203 12204 11814)
4(12187 12188 12204 12203)
4(11799 11815 12205 12189)
4(11814 12204 12205 11815)
4(12188 12189 12205 12204)
4(11800 11816 12206 12190)
4(11815 12205 12206 11816)
4(12189 12190 12206 12205)
4(11801 11817 12207 12191)
4(11816 12206 12207 11817)
4(12190 12191 12207 12206)
4(11802 11818 12208 12192)
4(11817 12207 12208 11818)
4(12191 12192 12208 12207)
4(11803 11819 12209 12193)
4(11818 12208 12209 11819)
4(12192 12193 12209 12208)
4(11804 11820 12210 12194)
4(11819 12209 12210 11820)
4(12193 12194 12210 12209)
4(11805 11821 12211 12195)
4(11820 12210 12211 11821)
4(12194 12195 12211 12210)
4(11806 11822 12212 12196)
4(11821 12211 12212 11822)
4(12195 12196 12212 12211)
4(11822 12212 10711 10684)
4(12196 10710 10711 12212)
4(10683 10684 10711 10710)
4(11807 11823 12213 12197)
4(291 316 12213 11823)
4(315 12197 12213 316)
4(11808 11824 12214 12198)
4(11823 12213 12214 11824)
4(12197 12198 12214 12213)
4(11809 11825 12215 12199)
4(11824 12214 12215 11825)
4(12198 12199 12215 12214)
4(11810 11826 12216 12200)
4(11825 12215 12216 11826)
4(12199 12200 12216 12215)
4(11811 11827 12217 12201)
4(11826 12216 12217 11827)
4(12200 12201 12217 12216)
4(11812 11828 12218 12202)
4(11827 12217 12218 11828)
4(12201 12202 12218 12217)
4(11813 11829 12219 12203)
4(11828 12218 12219 11829)
4(12202 12203 12219 12218)
4(11814 11830 12220 12204)
4(11829 12219 12220 11830)
4(12203 12204 12220 12219)
4(11815 11831 12221 12205)
4(11830 12220 12221 11831)
4(12204 12205 12221 12220)
4(11816 11832 12222 12206)
4(11831 12221 12222 11832)
4(12205 12206 12222 12221)
4(11817 11833 12223 12207)
4(11832 12222 12223 11833)
4(12206 12207 12223 12222)
4(11818 11834 12224 12208)
4(11833 12223 12224 11834)
4(12207 12208 12224 12223)
4(11819 11835 12225 12209)
4(11834 12224 12225 11835)
4(12208 12209 12225 12224)
4(11820 11836 12226 12210)
4(11835 12225 12226 11836)
4(12209 12210 12226 12225)
4(11821 11837 12227 12211)
4(11836 12226 12227 11837)
4(12210 12211 12227 12226)
4(11822 11838 12228 12212)
4(11837 12227 12228 11838)
4(12211 12212 12228 12227)
4(11838 12228 10712 10685)
4(12212 10711 10712 12228)
4(10684 10685 10712 10711)
4(11823 11839 12229 12213)
4(292 317 12229 11839)
4(316 12213 12229 317)
4(11824 11840 12230 12214)
4(11839 12229 12230 11840)
4(12213 12214 12230 12229)
4(11825 11841 12231 12215)
4(11840 12230 12231 11841)
4(12214 12215 12231 12230)
4(11826 11842 12232 12216)
4(11841 12231 12232 11842)
4(12215 12216 12232 12231)
4(11827 11843 12233 12217)
4(11842 12232 12233 11843)
4(12216 12217 12233 12232)
4(11828 11844 12234 12218)
4(11843 12233 12234 11844)
4(12217 12218 12234 12233)
4(11829 11845 12235 12219)
4(11844 12234 12235 11845)
4(12218 12219 12235 12234)
4(11830 11846 12236 12220)
4(11845 12235 12236 11846)
4(12219 12220 12236 12235)
4(11831 11847 12237 12221)
4(11846 12236 12237 11847)
4(12220 12221 12237 12236)
4(11832 11848 12238 12222)
4(11847 12237 12238 11848)
4(12221 12222 12238 12237)
4(11833 11849 12239 12223)
4(11848 12238 12239 11849)
4(12222 12223 12239 12238)
4(11834 11850 12240 12224)
4(11849 12239 12240 11850)
4(12223 12224 12240 12239)
4(11835 11851 12241 12225)
4(11850 12240 12241 11851)
4(12224 12225 12241 12240)
4(11836 11852 12242 12226)
4(11851 12241 12242 11852)
4(12225 12226 12242 12241)
4(11837 11853 12243 12227)
4(11852 12242 12243 11853)
4(12226 12227 12243 12242)
4(11838 11854 12244 12228)
4(11853 12243 12244 11854)
4(12227 12228 12244 12243)
4(11854 12244 10713 10686)
4(12228 10712 10713 12244)
4(10685 10686 10713 10712)
4(11839 11855 12245 12229)
4(293 318 12245 11855)
4(317 12229 12245 318)
4(11840 11856 12246 12230)
4(11855 12245 12246 11856)
4(12229 12230 12246 12245)
4(11841 11857 12247 12231)
4(11856 12246 12247 11857)
4(12230 12231 12247 12246)
4(11842 11858 12248 12232)
4(11857 12247 12248 11858)
4(12231 12232 12248 12247)
4(11843 11859 12249 12233)
4(11858 12248 12249 11859)
4(12232 12233 12249 12248)
4(11844 11860 12250 12234)
4(11859 12249 12250 11860)
4(12233 12234 12250 12249)
4(11845 11861 12251 12235)
4(11860 12250 12251 11861)
4(12234 12235 12251 12250)
4(11846 11862 12252 12236)
4(11861 12251 12252 11862)
4(12235 12236 12252 12251)
4(11847 11863 12253 12237)
4(11862 12252 12253 11863)
4(12236 12237 12253 12252)
4(11848 11864 12254 12238)
4(11863 12253 12254 11864)
4(12237 12238 12254 12253)
4(11849 11865 12255 12239)
4(11864 12254 12255 11865)
4(12238 12239 12255 12254)
4(11850 11866 12256 12240)
4(11865 12255 12256 11866)
4(12239 12240 12256 12255)
4(11851 11867 12257 12241)
4(11866 12256 12257 11867)
4(12240 12241 12257 12256)
4(11852 11868 12258 12242)
4(11867 12257 12258 11868)
4(12241 12242 12258 12257)
4(11853 11869 12259 12243)
4(11868 12258 12259 11869)
4(12242 12243 12259 12258)
4(11854 11870 12260 12244)
4(11869 12259 12260 11870)
4(12243 12244 12260 12259)
4(11870 12260 10714 10687)
4(12244 10713 10714 12260)
4(10686 10687 10714 10713)
4(11855 11871 12261 12245)
4(294 319 12261 11871)
4(318 12245 12261 319)
4(11856 11872 12262 12246)
4(11871 12261 12262 11872)
4(12245 12246 12262 12261)
4(11857 11873 12263 12247)
4(11872 12262 12263 11873)
4(12246 12247 12263 12262)
4(11858 11874 12264 12248)
4(11873 12263 12264 11874)
4(12247 12248 12264 12263)
4(11859 11875 12265 12249)
4(11874 12264 12265 11875)
4(12248 12249 12265 12264)
4(11860 11876 12266 12250)
4(11875 12265 12266 11876)
4(12249 12250 12266 12265)
4(11861 11877 12267 12251)
4(11876 12266 12267 11877)
4(12250 12251 12267 12266)
4(11862 11878 12268 12252)
4(11877 12267 12268 11878)
4(12251 12252 12268 12267)
4(11863 11879 12269 12253)
4(11878 12268 12269 11879)
4(12252 12253 12269 12268)
4(11864 11880 12270 12254)
4(11879 12269 12270 11880)
4(12253 12254 12270 12269)
4(11865 11881 12271 12255)
4(11880 12270 12271 11881)
4(12254 12255 12271 12270)
4(11866 11882 12272 12256)
4(11881 12271 12272 11882)
4(12255 12256 12272 12271)
4(11867 11883 12273 12257)
4(11882 12272 12273 11883)
4(12256 12257 12273 12272)
4(11868 11884 12274 12258)
4(11883 12273 12274 11884)
4(12257 12258 12274 12273)
4(11869 11885 12275 12259)
4(11884 12274 12275 11885)
4(12258 12259 12275 12274)
4(11870 11886 12276 12260)
4(11885 12275 12276 11886)
4(12259 12260 12276 12275)
4(11886 12276 10715 10688)
4(12260 10714 10715 12276)
4(10687 10688 10715 10714)
4(11871 11887 12277 12261)
4(295 320 12277 11887)
4(319 12261 12277 320)
4(11872 11888 12278 12262)
4(11887 12277 12278 11888)
4(12261 12262 12278 12277)
4(11873 11889 12279 12263)
4(11888 12278 12279 11889)
4(12262 12263 12279 12278)
4(11874 11890 12280 12264)
4(11889 12279 12280 11890)
4(12263 12264 12280 12279)
4(11875 11891 12281 12265)
4(11890 12280 12281 11891)
4(12264 12265 12281 12280)
4(11876 11892 12282 12266)
4(11891 12281 12282 11892)
4(12265 12266 12282 12281)
4(11877 11893 12283 12267)
4(11892 12282 12283 11893)
4(12266 12267 12283 12282)
4(11878 11894 12284 12268)
4(11893 12283 12284 11894)
4(12267 12268 12284 12283)
4(11879 11895 12285 12269)
4(11894 12284 12285 11895)
4(12268 12269 12285 12284)
4(11880 11896 12286 12270)
4(11895 12285 12286 11896)
4(12269 12270 12286 12285)
4(11881 11897 12287 12271)
4(11896 12286 12287 11897)
4(12270 12271 12287 12286)
4(11882 11898 12288 12272)
4(11897 12287 12288 11898)
4(12271 12272 12288 12287)
4(11883 11899 12289 12273)
4(11898 12288 12289 11899)
4(12272 12273 12289 12288)
4(11884 11900 12290 12274)
4(11899 12289 12290 11900)
4(12273 12274 12290 12289)
4(11885 11901 12291 12275)
4(11900 12290 12291 11901)
4(12274 12275 12291 12290)
4(11886 11902 12292 12276)
4(11901 12291 12292 11902)
4(12275 12276 12292 12291)
4(11902 12292 10716 10689)
4(12276 10715 10716 12292)
4(10688 10689 10716 10715)
4(11887 11903 12293 12277)
4(296 321 12293 11903)
4(320 12277 12293 321)
4(11888 11904 12294 12278)
4(11903 12293 12294 11904)
4(12277 12278 12294 12293)
4(11889 11905 12295 12279)
4(11904 12294 12295 11905)
4(12278 12279 12295 12294)
4(11890 11906 12296 12280)
4(11905 12295 12296 11906)
4(12279 12280 12296 12295)
4(11891 11907 12297 12281)
4(11906 12296 12297 11907)
4(12280 12281 12297 12296)
4(11892 11908 12298 12282)
4(11907 12297 12298 11908)
4(12281 12282 12298 12297)
4(11893 11909 12299 12283)
4(11908 12298 12299 11909)
4(12282 12283 12299 12298)
4(11894 11910 12300 12284)
4(11909 12299 12300 11910)
4(12283 12284 12300 12299)
4(11895 11911 12301 12285)
4(11910 12300 12301 11911)
4(12284 12285 12301 12300)
4(11896 11912 12302 12286)
4(11911 12301 12302 11912)
4(12285 12286 12302 12301)
4(11897 11913 12303 12287)
4(11912 12302 12303 11913)
4(12286 12287 12303 12302)
4(11898 11914 12304 12288)
4(11913 12303 12304 11914)
4(12287 12288 12304 12303)
4(11899 11915 12305 12289)
4(11914 12304 12305 11915)
4(12288 12289 12305 12304)
4(11900 11916 12306 12290)
4(11915 12305 12306 11916)
4(12289 12290 12306 12305)
4(11901 11917 12307 12291)
4(11916 12306 12307 11917)
4(12290 12291 12307 12306)
4(11902 11918 12308 12292)
4(11917 12307 12308 11918)
4(12291 12292 12308 12307)
4(11918 12308 10717 10690)
4(12292 10716 10717 12308)
4(10689 10690 10717 10716)
4(11903 11919 12309 12293)
4(297 322 12309 11919)
4(321 12293 12309 322)
4(11904 11920 12310 12294)
4(11919 12309 12310 11920)
4(12293 12294 12310 12309)
4(11905 11921 12311 12295)
4(11920 12310 12311 11921)
4(12294 12295 12311 12310)
4(11906 11922 12312 12296)
4(11921 12311 12312 11922)
4(12295 12296 12312 12311)
4(11907 11923 12313 12297)
4(11922 12312 12313 11923)
4(12296 12297 12313 12312)
4(11908 11924 12314 12298)
4(11923 12313 12314 11924)
4(12297 12298 12314 12313)
4(11909 11925 12315 12299)
4(11924 12314 12315 11925)
4(12298 12299 12315 12314)
4(11910 11926 12316 12300)
4(11925 12315 12316 11926)
4(12299 12300 12316 12315)
4(11911 11927 12317 12301)
4(11926 12316 12317 11927)
4(12300 12301 12317 12316)
4(11912 11928 12318 12302)
4(11927 12317 12318 11928)
4(12301 12302 12318 12317)
4(11913 11929 12319 12303)
4(11928 12318 12319 11929)
4(12302 12303 12319 12318)
4(11914 11930 12320 12304)
4(11929 12319 12320 11930)
4(12303 12304 12320 12319)
4(11915 11931 12321 12305)
4(11930 12320 12321 11931)
4(12304 12305 12321 12320)
4(11916 11932 12322 12306)
4(11931 12321 12322 11932)
4(12305 12306 12322 12321)
4(11917 11933 12323 12307)
4(11932 12322 12323 11933)
4(12306 12307 12323 12322)
4(11918 11934 12324 12308)
4(11933 12323 12324 11934)
4(12307 12308 12324 12323)
4(11934 12324 10718 10691)
4(12308 10717 10718 12324)
4(10690 10691 10718 10717)
4(11919 11935 12325 12309)
4(322 12309 12325 323)
4(11920 11936 12326 12310)
4(12309 12310 12326 12325)
4(11921 11937 12327 12311)
4(12310 12311 12327 12326)
4(11922 11938 12328 12312)
4(12311 12312 12328 12327)
4(11923 11939 12329 12313)
4(12312 12313 12329 12328)
4(11924 11940 12330 12314)
4(12313 12314 12330 12329)
4(11925 11941 12331 12315)
4(12314 12315 12331 12330)
4(11926 11942 12332 12316)
4(12315 12316 12332 12331)
4(11927 11943 12333 12317)
4(12316 12317 12333 12332)
4(11928 11944 12334 12318)
4(12317 12318 12334 12333)
4(11929 11945 12335 12319)
4(12318 12319 12335 12334)
4(11930 11946 12336 12320)
4(12319 12320 12336 12335)
4(11931 11947 12337 12321)
4(12320 12321 12337 12336)
4(11932 11948 12338 12322)
4(12321 12322 12338 12337)
4(11933 11949 12339 12323)
4(12322 12323 12339 12338)
4(11934 11950 12340 12324)
4(12323 12324 12340 12339)
4(12324 10718 10719 12340)
4(10691 10692 10719 10718)
4(55 11951 12341 72)
4(299 324 12341 11951)
4(71 72 12341 324)
4(56 11952 12342 73)
4(11951 12341 12342 11952)
4(72 73 12342 12341)
4(57 11953 12343 74)
4(11952 12342 12343 11953)
4(73 74 12343 12342)
4(58 11954 12344 75)
4(11953 12343 12344 11954)
4(74 75 12344 12343)
4(59 11955 12345 76)
4(11954 12344 12345 11955)
4(75 76 12345 12344)
4(60 11956 12346 77)
4(11955 12345 12346 11956)
4(76 77 12346 12345)
4(61 11957 12347 78)
4(11956 12346 12347 11957)
4(77 78 12347 12346)
4(62 11958 12348 79)
4(11957 12347 12348 11958)
4(78 79 12348 12347)
4(63 11959 12349 80)
4(11958 12348 12349 11959)
4(79 80 12349 12348)
4(64 11960 12350 81)
4(11959 12349 12350 11960)
4(80 81 12350 12349)
4(65 11961 12351 82)
4(11960 12350 12351 11961)
4(81 82 12351 12350)
4(66 11962 12352 83)
4(11961 12351 12352 11962)
4(82 83 12352 12351)
4(67 11963 12353 84)
4(11962 12352 12353 11963)
4(83 84 12353 12352)
4(68 11964 12354 85)
4(11963 12353 12354 11964)
4(84 85 12354 12353)
4(69 11965 12355 86)
4(11964 12354 12355 11965)
4(85 86 12355 12354)
4(11965 12355 10720 10693)
4(86 87 10720 12355)
4(70 10693 10720 87)
4(11951 11966 12356 12341)
4(300 325 12356 11966)
4(324 12341 12356 325)
4(11952 11967 12357 12342)
4(11966 12356 12357 11967)
4(12341 12342 12357 12356)
4(11953 11968 12358 12343)
4(11967 12357 12358 11968)
4(12342 12343 12358 12357)
4(11954 11969 12359 12344)
4(11968 12358 12359 11969)
4(12343 12344 12359 12358)
4(11955 11970 12360 12345)
4(11969 12359 12360 11970)
4(12344 12345 12360 12359)
4(11956 11971 12361 12346)
4(11970 12360 12361 11971)
4(12345 12346 12361 12360)
4(11957 11972 12362 12347)
4(11971 12361 12362 11972)
4(12346 12347 12362 12361)
4(11958 11973 12363 12348)
4(11972 12362 12363 11973)
4(12347 12348 12363 12362)
4(11959 11974 12364 12349)
4(11973 12363 12364 11974)
4(12348 12349 12364 12363)
4(11960 11975 12365 12350)
4(11974 12364 12365 11975)
4(12349 12350 12365 12364)
4(11961 11976 12366 12351)
4(11975 12365 12366 11976)
4(12350 12351 12366 12365)
4(11962 11977 12367 12352)
4(11976 12366 12367 11977)
4(12351 12352 12367 12366)
4(11963 11978 12368 12353)
4(11977 12367 12368 11978)
4(12352 12353 12368 12367)
4(11964 11979 12369 12354)
4(11978 12368 12369 11979)
4(12353 12354 12369 12368)
4(11965 11980 12370 12355)
4(11979 12369 12370 11980)
4(12354 12355 12370 12369)
4(11980 12370 10721 10694)
4(12355 10720 10721 12370)
4(10693 10694 10721 10720)
4(11966 11981 12371 12356)
4(301 326 12371 11981)
4(325 12356 12371 326)
4(11967 11982 12372 12357)
4(11981 12371 12372 11982)
4(12356 12357 12372 12371)
4(11968 11983 12373 12358)
4(11982 12372 12373 11983)
4(12357 12358 12373 12372)
4(11969 11984 12374 12359)
4(11983 12373 12374 11984)
4(12358 12359 12374 12373)
4(11970 11985 12375 12360)
4(11984 12374 12375 11985)
4(12359 12360 12375 12374)
4(11971 11986 12376 12361)
4(11985 12375 12376 11986)
4(12360 12361 12376 12375)
4(11972 11987 12377 12362)
4(11986 12376 12377 11987)
4(12361 12362 12377 12376)
4(11973 11988 12378 12363)
4(11987 12377 12378 11988)
4(12362 12363 12378 12377)
4(11974 11989 12379 12364)
4(11988 12378 12379 11989)
4(12363 12364 12379 12378)
4(11975 11990 12380 12365)
4(11989 12379 12380 11990)
4(12364 12365 12380 12379)
4(11976 11991 12381 12366)
4(11990 12380 12381 11991)
4(12365 12366 12381 12380)
4(11977 11992 12382 12367)
4(11991 12381 12382 11992)
4(12366 12367 12382 12381)
4(11978 11993 12383 12368)
4(11992 12382 12383 11993)
4(12367 12368 12383 12382)
4(11979 11994 12384 12369)
4(11993 12383 12384 11994)
4(12368 12369 12384 12383)
4(11980 11995 12385 12370)
4(11994 12384 12385 11995)
4(12369 12370 12385 12384)
4(11995 12385 10722 10695)
4(12370 10721 10722 12385)
4(10694 10695 10722 10721)
4(11981 11996 12386 12371)
4(302 327 12386 11996)
4(326 12371 12386 327)
4(11982 11997 12387 12372)
4(11996 12386 12387 11997)
4(12371 12372 12387 12386)
4(11983 11998 12388 12373)
4(11997 12387 12388 11998)
4(12372 12373 12388 12387)
4(11984 11999 12389 12374)
4(11998 12388 12389 11999)
4(12373 12374 12389 12388)
4(11985 12000 12390 12375)
4(11999 12389 12390 12000)
4(12374 12375 12390 12389)
4(11986 12001 12391 12376)
4(12000 12390 12391 12001)
4(12375 12376 12391 12390)
4(11987 12002 12392 12377)
4(12001 12391 12392 12002)
4(12376 12377 12392 12391)
4(11988 12003 12393 12378)
4(12002 12392 12393 12003)
4(12377 12378 12393 12392)
4(11989 12004 12394 12379)
4(12003 12393 12394 12004)
4(12378 12379 12394 12393)
4(11990 12005 12395 12380)
4(12004 12394 12395 12005)
4(12379 12380 12395 12394)
4(11991 12006 12396 12381)
4(12005 12395 12396 12006)
4(12380 12381 12396 12395)
4(11992 12007 12397 12382)
4(12006 12396 12397 12007)
4(12381 12382 12397 12396)
4(11993 12008 12398 12383)
4(12007 12397 12398 12008)
4(12382 12383 12398 12397)
4(11994 12009 12399 12384)
4(12008 12398 12399 12009)
4(12383 12384 12399 12398)
4(11995 12010 12400 12385)
4(12009 12399 12400 12010)
4(12384 12385 12400 12399)
4(12010 12400 10723 10696)
4(12385 10722 10723 12400)
4(10695 10696 10723 10722)
4(11996 12011 12401 12386)
4(303 328 12401 12011)
4(327 12386 12401 328)
4(11997 12012 12402 12387)
4(12011 12401 12402 12012)
4(12386 12387 12402 12401)
4(11998 12013 12403 12388)
4(12012 12402 12403 12013)
4(12387 12388 12403 12402)
4(11999 12014 12404 12389)
4(12013 12403 12404 12014)
4(12388 12389 12404 12403)
4(12000 12015 12405 12390)
4(12014 12404 12405 12015)
4(12389 12390 12405 12404)
4(12001 12016 12406 12391)
4(12015 12405 12406 12016)
4(12390 12391 12406 12405)
4(12002 12017 12407 12392)
4(12016 12406 12407 12017)
4(12391 12392 12407 12406)
4(12003 12018 12408 12393)
4(12017 12407 12408 12018)
4(12392 12393 12408 12407)
4(12004 12019 12409 12394)
4(12018 12408 12409 12019)
4(12393 12394 12409 12408)
4(12005 12020 12410 12395)
4(12019 12409 12410 12020)
4(12394 12395 12410 12409)
4(12006 12021 12411 12396)
4(12020 12410 12411 12021)
4(12395 12396 12411 12410)
4(12007 12022 12412 12397)
4(12021 12411 12412 12022)
4(12396 12397 12412 12411)
4(12008 12023 12413 12398)
4(12022 12412 12413 12023)
4(12397 12398 12413 12412)
4(12009 12024 12414 12399)
4(12023 12413 12414 12024)
4(12398 12399 12414 12413)
4(12010 12025 12415 12400)
4(12024 12414 12415 12025)
4(12399 12400 12415 12414)
4(12025 12415 10724 10697)
4(12400 10723 10724 12415)
4(10696 10697 10724 10723)
4(12011 12026 12416 12401)
4(304 329 12416 12026)
4(328 12401 12416 329)
4(12012 12027 12417 12402)
4(12026 12416 12417 12027)
4(12401 12402 12417 12416)
4(12013 12028 12418 12403)
4(12027 12417 12418 12028)
4(12402 12403 12418 12417)
4(12014 12029 12419 12404)
4(12028 12418 12419 12029)
4(12403 12404 12419 12418)
4(12015 12030 12420 12405)
4(12029 12419 12420 12030)
4(12404 12405 12420 12419)
4(12016 12031 12421 12406)
4(12030 12420 12421 12031)
4(12405 12406 12421 12420)
4(12017 12032 12422 12407)
4(12031 12421 12422 12032)
4(12406 12407 12422 12421)
4(12018 12033 12423 12408)
4(12032 12422 12423 12033)
4(12407 12408 12423 12422)
4(12019 12034 12424 12409)
4(12033 12423 12424 12034)
4(12408 12409 12424 12423)
4(12020 12035 12425 12410)
4(12034 12424 12425 12035)
4(12409 12410 12425 12424)
4(12021 12036 12426 12411)
4(12035 12425 12426 12036)
4(12410 12411 12426 12425)
4(12022 12037 12427 12412)
4(12036 12426 12427 12037)
4(12411 12412 12427 12426)
4(12023 12038 12428 12413)
4(12037 12427 12428 12038)
4(12412 12413 12428 12427)
4(12024 12039 12429 12414)
4(12038 12428 12429 12039)
4(12413 12414 12429 12428)
4(12025 12040 12430 12415)
4(12039 12429 12430 12040)
4(12414 12415 12430 12429)
4(12040 12430 10725 10698)
4(12415 10724 10725 12430)
4(10697 10698 10725 10724)
4(12026 12041 12431 12416)
4(305 330 12431 12041)
4(329 12416 12431 330)
4(12027 12042 12432 12417)
4(12041 12431 12432 12042)
4(12416 12417 12432 12431)
4(12028 12043 12433 12418)
4(12042 12432 12433 12043)
4(12417 12418 12433 12432)
4(12029 12044 12434 12419)
4(12043 12433 12434 12044)
4(12418 12419 12434 12433)
4(12030 12045 12435 12420)
4(12044 12434 12435 12045)
4(12419 12420 12435 12434)
4(12031 12046 12436 12421)
4(12045 12435 12436 12046)
4(12420 12421 12436 12435)
4(12032 12047 12437 12422)
4(12046 12436 12437 12047)
4(12421 12422 12437 12436)
4(12033 12048 12438 12423)
4(12047 12437 12438 12048)
4(12422 12423 12438 12437)
4(12034 12049 12439 12424)
4(12048 12438 12439 12049)
4(12423 12424 12439 12438)
4(12035 12050 12440 12425)
4(12049 12439 12440 12050)
4(12424 12425 12440 12439)
4(12036 12051 12441 12426)
4(12050 12440 12441 12051)
4(12425 12426 12441 12440)
4(12037 12052 12442 12427)
4(12051 12441 12442 12052)
4(12426 12427 12442 12441)
4(12038 12053 12443 12428)
4(12052 12442 12443 12053)
4(12427 12428 12443 12442)
4(12039 12054 12444 12429)
4(12053 12443 12444 12054)
4(12428 12429 12444 12443)
4(12040 12055 12445 12430)
4(12054 12444 12445 12055)
4(12429 12430 12445 12444)
4(12055 12445 10726 10699)
4(12430 10725 10726 12445)
4(10698 10699 10726 10725)
4(12041 12056 12446 12431)
4(306 331 12446 12056)
4(330 12431 12446 331)
4(12042 12057 12447 12432)
4(12056 12446 12447 12057)
4(12431 12432 12447 12446)
4(12043 12058 12448 12433)
4(12057 12447 12448 12058)
4(12432 12433 12448 12447)
4(12044 12059 12449 12434)
4(12058 12448 12449 12059)
4(12433 12434 12449 12448)
4(12045 12060 12450 12435)
4(12059 12449 12450 12060)
4(12434 12435 12450 12449)
4(12046 12061 12451 12436)
4(12060 12450 12451 12061)
4(12435 12436 12451 12450)
4(12047 12062 12452 12437)
4(12061 12451 12452 12062)
4(12436 12437 12452 12451)
4(12048 12063 12453 12438)
4(12062 12452 12453 12063)
4(12437 12438 12453 12452)
4(12049 12064 12454 12439)
4(12063 12453 12454 12064)
4(12438 12439 12454 12453)
4(12050 12065 12455 12440)
4(12064 12454 12455 12065)
4(12439 12440 12455 12454)
4(12051 12066 12456 12441)
4(12065 12455 12456 12066)
4(12440 12441 12456 12455)
4(12052 12067 12457 12442)
4(12066 12456 12457 12067)
4(12441 12442 12457 12456)
4(12053 12068 12458 12443)
4(12067 12457 12458 12068)
4(12442 12443 12458 12457)
4(12054 12069 12459 12444)
4(12068 12458 12459 12069)
4(12443 12444 12459 12458)
4(12055 12070 12460 12445)
4(12069 12459 12460 12070)
4(12444 12445 12460 12459)
4(12070 12460 10727 10700)
4(12445 10726 10727 12460)
4(10699 10700 10727 10726)
4(12056 12071 12461 12446)
4(307 332 12461 12071)
4(331 12446 12461 332)
4(12057 12072 12462 12447)
4(12071 12461 12462 12072)
4(12446 12447 12462 12461)
4(12058 12073 12463 12448)
4(12072 12462 12463 12073)
4(12447 12448 12463 12462)
4(12059 12074 12464 12449)
4(12073 12463 12464 12074)
4(12448 12449 12464 12463)
4(12060 12075 12465 12450)
4(12074 12464 12465 12075)
4(12449 12450 12465 12464)
4(12061 12076 12466 12451)
4(12075 12465 12466 12076)
4(12450 12451 12466 12465)
4(12062 12077 12467 12452)
4(12076 12466 12467 12077)
4(12451 12452 12467 12466)
4(12063 12078 12468 12453)
4(12077 12467 12468 12078)
4(12452 12453 12468 12467)
4(12064 12079 12469 12454)
4(12078 12468 12469 12079)
4(12453 12454 12469 12468)
4(12065 12080 12470 12455)
4(12079 12469 12470 12080)
4(12454 12455 12470 12469)
4(12066 12081 12471 12456)
4(12080 12470 12471 12081)
4(12455 12456 12471 12470)
4(12067 12082 12472 12457)
4(12081 12471 12472 12082)
4(12456 12457 12472 12471)
4(12068 12083 12473 12458)
4(12082 12472 12473 12083)
4(12457 12458 12473 12472)
4(12069 12084 12474 12459)
4(12083 12473 12474 12084)
4(12458 12459 12474 12473)
4(12070 12085 12475 12460)
4(12084 12474 12475 12085)
4(12459 12460 12475 12474)
4(12085 12475 10728 10701)
4(12460 10727 10728 12475)
4(10700 10701 10728 10727)
4(12071 12086 12476 12461)
4(308 333 12476 12086)
4(332 12461 12476 333)
4(12072 12087 12477 12462)
4(12086 12476 12477 12087)
4(12461 12462 12477 12476)
4(12073 12088 12478 12463)
4(12087 12477 12478 12088)
4(12462 12463 12478 12477)
4(12074 12089 12479 12464)
4(12088 12478 12479 12089)
4(12463 12464 12479 12478)
4(12075 12090 12480 12465)
4(12089 12479 12480 12090)
4(12464 12465 12480 12479)
4(12076 12091 12481 12466)
4(12090 12480 12481 12091)
4(12465 12466 12481 12480)
4(12077 12092 12482 12467)
4(12091 12481 12482 12092)
4(12466 12467 12482 12481)
4(12078 12093 12483 12468)
4(12092 12482 12483 12093)
4(12467 12468 12483 12482)
4(12079 12094 12484 12469)
4(12093 12483 12484 12094)
4(12468 12469 12484 12483)
4(12080 12095 12485 12470)
4(12094 12484 12485 12095)
4(12469 12470 12485 12484)
4(12081 12096 12486 12471)
4(12095 12485 12486 12096)
4(12470 12471 12486 12485)
4(12082 12097 12487 12472)
4(12096 12486 12487 12097)
4(12471 12472 12487 12486)
4(12083 12098 12488 12473)
4(12097 12487 12488 12098)
4(12472 12473 12488 12487)
4(12084 12099 12489 12474)
4(12098 12488 12489 12099)
4(12473 12474 12489 12488)
4(12085 12100 12490 12475)
4(12099 12489 12490 12100)
4(12474 12475 12490 12489)
4(12100 12490 10729 10704)
4(12475 10728 10729 12490)
4(10701 10704 10729 10728)
4(12086 12101 12491 12476)
4(309 334 12491 12101)
4(333 12476 12491 334)
4(12087 12102 12492 12477)
4(12101 12491 12492 12102)
4(12476 12477 12492 12491)
4(12088 12103 12493 12478)
4(12102 12492 12493 12103)
4(12477 12478 12493 12492)
4(12089 12104 12494 12479)
4(12103 12493 12494 12104)
4(12478 12479 12494 12493)
4(12090 12105 12495 12480)
4(12104 12494 12495 12105)
4(12479 12480 12495 12494)
4(12091 12106 12496 12481)
4(12105 12495 12496 12106)
4(12480 12481 12496 12495)
4(12092 12107 12497 12482)
4(12106 12496 12497 12107)
4(12481 12482 12497 12496)
4(12093 12108 12498 12483)
4(12107 12497 12498 12108)
4(12482 12483 12498 12497)
4(12094 12109 12499 12484)
4(12108 12498 12499 12109)
4(12483 12484 12499 12498)
4(12095 12110 12500 12485)
4(12109 12499 12500 12110)
4(12484 12485 12500 12499)
4(12096 12111 12501 12486)
4(12110 12500 12501 12111)
4(12485 12486 12501 12500)
4(12097 12112 12502 12487)
4(12111 12501 12502 12112)
4(12486 12487 12502 12501)
4(12098 12113 12503 12488)
4(12112 12502 12503 12113)
4(12487 12488 12503 12502)
4(12099 12114 12504 12489)
4(12113 12503 12504 12114)
4(12488 12489 12504 12503)
4(12100 12115 12505 12490)
4(12114 12504 12505 12115)
4(12489 12490 12505 12504)
4(10704 12116 10732 10729)
4(12115 12505 10732 12116)
4(12490 10729 10732 12505)
4(12116 10732 10731 10705)
4(10704 10703 10730 10729)
4(10703 10705 10731 10730)
4(10729 10730 10731 10732)
4(12101 12117 12506 12491)
4(310 335 12506 12117)
4(334 12491 12506 335)
4(12102 12118 12507 12492)
4(12117 12506 12507 12118)
4(12491 12492 12507 12506)
4(12103 12119 12508 12493)
4(12118 12507 12508 12119)
4(12492 12493 12508 12507)
4(12104 12120 12509 12494)
4(12119 12508 12509 12120)
4(12493 12494 12509 12508)
4(12105 12121 12510 12495)
4(12120 12509 12510 12121)
4(12494 12495 12510 12509)
4(12106 12122 12511 12496)
4(12121 12510 12511 12122)
4(12495 12496 12511 12510)
4(12107 12123 12512 12497)
4(12122 12511 12512 12123)
4(12496 12497 12512 12511)
4(12108 12124 12513 12498)
4(12123 12512 12513 12124)
4(12497 12498 12513 12512)
4(12109 12125 12514 12499)
4(12124 12513 12514 12125)
4(12498 12499 12514 12513)
4(12110 12126 12515 12500)
4(12125 12514 12515 12126)
4(12499 12500 12515 12514)
4(12111 12127 12516 12501)
4(12126 12515 12516 12127)
4(12500 12501 12516 12515)
4(12112 12128 12517 12502)
4(12127 12516 12517 12128)
4(12501 12502 12517 12516)
4(12113 12129 12518 12503)
4(12128 12517 12518 12129)
4(12502 12503 12518 12517)
4(12114 12130 12519 12504)
4(12129 12518 12519 12130)
4(12503 12504 12519 12518)
4(12115 12131 12520 12505)
4(12130 12519 12520 12131)
4(12504 12505 12520 12519)
4(12116 12132 12521 10732)
4(12131 12520 12521 12132)
4(12505 10732 12521 12520)
4(12132 12521 10733 10706)
4(10732 10731 10733 12521)
4(10705 10706 10733 10731)
4(12117 12133 12522 12506)
4(311 336 12522 12133)
4(335 12506 12522 336)
4(12118 12134 12523 12507)
4(12133 12522 12523 12134)
4(12506 12507 12523 12522)
4(12119 12135 12524 12508)
4(12134 12523 12524 12135)
4(12507 12508 12524 12523)
4(12120 12136 12525 12509)
4(12135 12524 12525 12136)
4(12508 12509 12525 12524)
4(12121 12137 12526 12510)
4(12136 12525 12526 12137)
4(12509 12510 12526 12525)
4(12122 12138 12527 12511)
4(12137 12526 12527 12138)
4(12510 12511 12527 12526)
4(12123 12139 12528 12512)
4(12138 12527 12528 12139)
4(12511 12512 12528 12527)
4(12124 12140 12529 12513)
4(12139 12528 12529 12140)
4(12512 12513 12529 12528)
4(12125 12141 12530 12514)
4(12140 12529 12530 12141)
4(12513 12514 12530 12529)
4(12126 12142 12531 12515)
4(12141 12530 12531 12142)
4(12514 12515 12531 12530)
4(12127 12143 12532 12516)
4(12142 12531 12532 12143)
4(12515 12516 12532 12531)
4(12128 12144 12533 12517)
4(12143 12532 12533 12144)
4(12516 12517 12533 12532)
4(12129 12145 12534 12518)
4(12144 12533 12534 12145)
4(12517 12518 12534 12533)
4(12130 12146 12535 12519)
4(12145 12534 12535 12146)
4(12518 12519 12535 12534)
4(12131 12147 12536 12520)
4(12146 12535 12536 12147)
4(12519 12520 12536 12535)
4(12132 12148 12537 12521)
4(12147 12536 12537 12148)
4(12520 12521 12537 12536)
4(12148 12537 10734 10707)
4(12521 10733 10734 12537)
4(10706 10707 10734 10733)
4(12133 12149 12538 12522)
4(312 337 12538 12149)
4(336 12522 12538 337)
4(12134 12150 12539 12523)
4(12149 12538 12539 12150)
4(12522 12523 12539 12538)
4(12135 12151 12540 12524)
4(12150 12539 12540 12151)
4(12523 12524 12540 12539)
4(12136 12152 12541 12525)
4(12151 12540 12541 12152)
4(12524 12525 12541 12540)
4(12137 12153 12542 12526)
4(12152 12541 12542 12153)
4(12525 12526 12542 12541)
4(12138 12154 12543 12527)
4(12153 12542 12543 12154)
4(12526 12527 12543 12542)
4(12139 12155 12544 12528)
4(12154 12543 12544 12155)
4(12527 12528 12544 12543)
4(12140 12156 12545 12529)
4(12155 12544 12545 12156)
4(12528 12529 12545 12544)
4(12141 12157 12546 12530)
4(12156 12545 12546 12157)
4(12529 12530 12546 12545)
4(12142 12158 12547 12531)
4(12157 12546 12547 12158)
4(12530 12531 12547 12546)
4(12143 12159 12548 12532)
4(12158 12547 12548 12159)
4(12531 12532 12548 12547)
4(12144 12160 12549 12533)
4(12159 12548 12549 12160)
4(12532 12533 12549 12548)
4(12145 12161 12550 12534)
4(12160 12549 12550 12161)
4(12533 12534 12550 12549)
4(12146 12162 12551 12535)
4(12161 12550 12551 12162)
4(12534 12535 12551 12550)
4(12147 12163 12552 12536)
4(12162 12551 12552 12163)
4(12535 12536 12552 12551)
4(12148 12164 12553 12537)
4(12163 12552 12553 12164)
4(12536 12537 12553 12552)
4(12164 12553 10735 10708)
4(12537 10734 10735 12553)
4(10707 10708 10735 10734)
4(12149 12165 12554 12538)
4(313 338 12554 12165)
4(337 12538 12554 338)
4(12150 12166 12555 12539)
4(12165 12554 12555 12166)
4(12538 12539 12555 12554)
4(12151 12167 12556 12540)
4(12166 12555 12556 12167)
4(12539 12540 12556 12555)
4(12152 12168 12557 12541)
4(12167 12556 12557 12168)
4(12540 12541 12557 12556)
4(12153 12169 12558 12542)
4(12168 12557 12558 12169)
4(12541 12542 12558 12557)
4(12154 12170 12559 12543)
4(12169 12558 12559 12170)
4(12542 12543 12559 12558)
4(12155 12171 12560 12544)
4(12170 12559 12560 12171)
4(12543 12544 12560 12559)
4(12156 12172 12561 12545)
4(12171 12560 12561 12172)
4(12544 12545 12561 12560)
4(12157 12173 12562 12546)
4(12172 12561 12562 12173)
4(12545 12546 12562 12561)
4(12158 12174 12563 12547)
4(12173 12562 12563 12174)
4(12546 12547 12563 12562)
4(12159 12175 12564 12548)
4(12174 12563 12564 12175)
4(12547 12548 12564 12563)
4(12160 12176 12565 12549)
4(12175 12564 12565 12176)
4(12548 12549 12565 12564)
4(12161 12177 12566 12550)
4(12176 12565 12566 12177)
4(12549 12550 12566 12565)
4(12162 12178 12567 12551)
4(12177 12566 12567 12178)
4(12550 12551 12567 12566)
4(12163 12179 12568 12552)
4(12178 12567 12568 12179)
4(12551 12552 12568 12567)
4(12164 12180 12569 12553)
4(12179 12568 12569 12180)
4(12552 12553 12569 12568)
4(12180 12569 10736 10709)
4(12553 10735 10736 12569)
4(10708 10709 10736 10735)
4(12165 12181 12570 12554)
4(314 339 12570 12181)
4(338 12554 12570 339)
4(12166 12182 12571 12555)
4(12181 12570 12571 12182)
4(12554 12555 12571 12570)
4(12167 12183 12572 12556)
4(12182 12571 12572 12183)
4(12555 12556 12572 12571)
4(12168 12184 12573 12557)
4(12183 12572 12573 12184)
4(12556 12557 12573 12572)
4(12169 12185 12574 12558)
4(12184 12573 12574 12185)
4(12557 12558 12574 12573)
4(12170 12186 12575 12559)
4(12185 12574 12575 12186)
4(12558 12559 12575 12574)
4(12171 12187 12576 12560)
4(12186 12575 12576 12187)
4(12559 12560 12576 12575)
4(12172 12188 12577 12561)
4(12187 12576 12577 12188)
4(12560 12561 12577 12576)
4(12173 12189 12578 12562)
4(12188 12577 12578 12189)
4(12561 12562 12578 12577)
4(12174 12190 12579 12563)
4(12189 12578 12579 12190)
4(12562 12563 12579 12578)
4(12175 12191 12580 12564)
4(12190 12579 12580 12191)
4(12563 12564 12580 12579)
4(12176 12192 12581 12565)
4(12191 12580 12581 12192)
4(12564 12565 12581 12580)
4(12177 12193 12582 12566)
4(12192 12581 12582 12193)
4(12565 12566 12582 12581)
4(12178 12194 12583 12567)
4(12193 12582 12583 12194)
4(12566 12567 12583 12582)
4(12179 12195 12584 12568)
4(12194 12583 12584 12195)
4(12567 12568 12584 12583)
4(12180 12196 12585 12569)
4(12195 12584 12585 12196)
4(12568 12569 12585 12584)
4(12196 12585 10737 10710)
4(12569 10736 10737 12585)
4(10709 10710 10737 10736)
4(12181 12197 12586 12570)
4(315 340 12586 12197)
4(339 12570 12586 340)
4(12182 12198 12587 12571)
4(12197 12586 12587 12198)
4(12570 12571 12587 12586)
4(12183 12199 12588 12572)
4(12198 12587 12588 12199)
4(12571 12572 12588 12587)
4(12184 12200 12589 12573)
4(12199 12588 12589 12200)
4(12572 12573 12589 12588)
4(12185 12201 12590 12574)
4(12200 12589 12590 12201)
4(12573 12574 12590 12589)
4(12186 12202 12591 12575)
4(12201 12590 12591 12202)
4(12574 12575 12591 12590)
4(12187 12203 12592 12576)
4(12202 12591 12592 12203)
4(12575 12576 12592 12591)
4(12188 12204 12593 12577)
4(12203 12592 12593 12204)
4(12576 12577 12593 12592)
4(12189 12205 12594 12578)
4(12204 12593 12594 12205)
4(12577 12578 12594 12593)
4(12190 12206 12595 12579)
4(12205 12594 12595 12206)
4(12578 12579 12595 12594)
4(12191 12207 12596 12580)
4(12206 12595 12596 12207)
4(12579 12580 12596 12595)
4(12192 12208 12597 12581)
4(12207 12596 12597 12208)
4(12580 12581 12597 12596)
4(12193 12209 12598 12582)
4(12208 12597 12598 12209)
4(12581 12582 12598 12597)
4(12194 12210 12599 12583)
4(12209 12598 12599 12210)
4(12582 12583 12599 12598)
4(12195 12211 12600 12584)
4(12210 12599 12600 12211)
4(12583 12584 12600 12599)
4(12196 12212 12601 12585)
4(12211 12600 12601 12212)
4(12584 12585 12601 12600)
4(12212 12601 10738 10711)
4(12585 10737 10738 12601)
4(10710 10711 10738 10737)
4(12197 12213 12602 12586)
4(316 341 12602 12213)
4(340 12586 12602 341)
4(12198 12214 12603 12587)
4(12213 12602 12603 12214)
4(12586 12587 12603 12602)
4(12199 12215 12604 12588)
4(12214 12603 12604 12215)
4(12587 12588 12604 12603)
4(12200 12216 12605 12589)
4(12215 12604 12605 12216)
4(12588 12589 12605 12604)
4(12201 12217 12606 12590)
4(12216 12605 12606 12217)
4(12589 12590 12606 12605)
4(12202 12218 12607 12591)
4(12217 12606 12607 12218)
4(12590 12591 12607 12606)
4(12203 12219 12608 12592)
4(12218 12607 12608 12219)
4(12591 12592 12608 12607)
4(12204 12220 12609 12593)
4(12219 12608 12609 12220)
4(12592 12593 12609 12608)
4(12205 12221 12610 12594)
4(12220 12609 12610 12221)
4(12593 12594 12610 12609)
4(12206 12222 12611 12595)
4(12221 12610 12611 12222)
4(12594 12595 12611 12610)
4(12207 12223 12612 12596)
4(12222 12611 12612 12223)
4(12595 12596 12612 12611)
4(12208 12224 12613 12597)
4(12223 12612 12613 12224)
4(12596 12597 12613 12612)
4(12209 12225 12614 12598)
4(12224 12613 12614 12225)
4(12597 12598 12614 12613)
4(12210 12226 12615 12599)
4(12225 12614 12615 12226)
4(12598 12599 12615 12614)
4(12211 12227 12616 12600)
4(12226 12615 12616 12227)
4(12599 12600 12616 12615)
4(12212 12228 12617 12601)
4(12227 12616 12617 12228)
4(12600 12601 12617 12616)
4(12228 12617 10739 10712)
4(12601 10738 10739 12617)
4(10711 10712 10739 10738)
4(12213 12229 12618 12602)
4(317 342 12618 12229)
4(341 12602 12618 342)
4(12214 12230 12619 12603)
4(12229 12618 12619 12230)
4(12602 12603 12619 12618)
4(12215 12231 12620 12604)
4(12230 12619 12620 12231)
4(12603 12604 12620 12619)
4(12216 12232 12621 12605)
4(12231 12620 12621 12232)
4(12604 12605 12621 12620)
4(12217 12233 12622 12606)
4(12232 12621 12622 12233)
4(12605 12606 12622 12621)
4(12218 12234 12623 12607)
4(12233 12622 12623 12234)
4(12606 12607 12623 12622)
4(12219 12235 12624 12608)
4(12234 12623 12624 12235)
4(12607 12608 12624 12623)
4(12220 12236 12625 12609)
4(12235 12624 12625 12236)
4(12608 12609 12625 12624)
4(12221 12237 12626 12610)
4(12236 12625 12626 12237)
4(12609 12610 12626 12625)
4(12222 12238 12627 12611)
4(12237 12626 12627 12238)
4(12610 12611 12627 12626)
4(12223 12239 12628 12612)
4(12238 12627 12628 12239)
4(12611 12612 12628 12627)
4(12224 12240 12629 12613)
4(12239 12628 12629 12240)
4(12612 12613 12629 12628)
4(12225 12241 12630 12614)
4(12240 12629 12630 12241)
4(12613 12614 12630 12629)
4(12226 12242 12631 12615)
4(12241 12630 12631 12242)
4(12614 12615 12631 12630)
4(12227 12243 12632 12616)
4(12242 12631 12632 12243)
4(12615 12616 12632 12631)
4(12228 12244 12633 12617)
4(12243 12632 12633 12244)
4(12616 12617 12633 12632)
4(12244 12633 10740 10713)
4(12617 10739 10740 12633)
4(10712 10713 10740 10739)
4(12229 12245 12634 12618)
4(318 343 12634 12245)
4(342 12618 12634 343)
4(12230 12246 12635 12619)
4(12245 12634 12635 12246)
4(12618 12619 12635 12634)
4(12231 12247 12636 12620)
4(12246 12635 12636 12247)
4(12619 12620 12636 12635)
4(12232 12248 12637 12621)
4(12247 12636 12637 12248)
4(12620 12621 12637 12636)
4(12233 12249 12638 12622)
4(12248 12637 12638 12249)
4(12621 12622 12638 12637)
4(12234 12250 12639 12623)
4(12249 12638 12639 12250)
4(12622 12623 12639 12638)
4(12235 12251 12640 12624)
4(12250 12639 12640 12251)
4(12623 12624 12640 12639)
4(12236 12252 12641 12625)
4(12251 12640 12641 12252)
4(12624 12625 12641 12640)
4(12237 12253 12642 12626)
4(12252 12641 12642 12253)
4(12625 12626 12642 12641)
4(12238 12254 12643 12627)
4(12253 12642 12643 12254)
4(12626 12627 12643 12642)
4(12239 12255 12644 12628)
4(12254 12643 12644 12255)
4(12627 12628 12644 12643)
4(12240 12256 12645 12629)
4(12255 12644 12645 12256)
4(12628 12629 12645 12644)
4(12241 12257 12646 12630)
4(12256 12645 12646 12257)
4(12629 12630 12646 12645)
4(12242 12258 12647 12631)
4(12257 12646 12647 12258)
4(12630 12631 12647 12646)
4(12243 12259 12648 12632)
4(12258 12647 12648 12259)
4(12631 12632 12648 12647)
4(12244 12260 12649 12633)
4(12259 12648 12649 12260)
4(12632 12633 12649 12648)
4(12260 12649 10741 10714)
4(12633 10740 10741 12649)
4(10713 10714 10741 10740)
4(12245 12261 12650 12634)
4(319 344 12650 12261)
4(343 12634 12650 344)
4(12246 12262 12651 12635)
4(12261 12650 12651 12262)
4(12634 12635 12651 12650)
4(12247 12263 12652 12636)
4(12262 12651 12652 12263)
4(12635 12636 12652 12651)
4(12248 12264 12653 12637)
4(12263 12652 12653 12264)
4(12636 12637 12653 12652)
4(12249 12265 12654 12638)
4(12264 12653 12654 12265)
4(12637 12638 12654 12653)
4(12250 12266 12655 12639)
4(12265 12654 12655 12266)
4(12638 12639 12655 12654)
4(12251 12267 12656 12640)
4(12266 12655 12656 12267)
4(12639 12640 12656 12655)
4(12252 12268 12657 12641)
4(12267 12656 12657 12268)
4(12640 12641 12657 12656)
4(12253 12269 12658 12642)
4(12268 12657 12658 12269)
4(12641 12642 12658 12657)
4(12254 12270 12659 12643)
4(12269 12658 12659 12270)
4(12642 12643 12659 12658)
4(12255 12271 12660 12644)
4(12270 12659 12660 12271)
4(12643 12644 12660 12659)
4(12256 12272 12661 12645)
4(12271 12660 12661 12272)
4(12644 12645 12661 12660)
4(12257 12273 12662 12646)
4(12272 12661 12662 12273)
4(12645 12646 12662 12661)
4(12258 12274 12663 12647)
4(12273 12662 12663 12274)
4(12646 12647 12663 12662)
4(12259 12275 12664 12648)
4(12274 12663 12664 12275)
4(12647 12648 12664 12663)
4(12260 12276 12665 12649)
4(12275 12664 12665 12276)
4(12648 12649 12665 12664)
4(12276 12665 10742 10715)
4(12649 10741 10742 12665)
4(10714 10715 10742 10741)
4(12261 12277 12666 12650)
4(320 345 12666 12277)
4(344 12650 12666 345)
4(12262 12278 12667 12651)
4(12277 12666 12667 12278)
4(12650 12651 12667 12666)
4(12263 12279 12668 12652)
4(12278 12667 12668 12279)
4(12651 12652 12668 12667)
4(12264 12280 12669 12653)
4(12279 12668 12669 12280)
4(12652 12653 12669 12668)
4(12265 12281 12670 12654)
4(12280 12669 12670 12281)
4(12653 12654 12670 12669)
4(12266 12282 12671 12655)
4(12281 12670 12671 12282)
4(12654 12655 12671 12670)
4(12267 12283 12672 12656)
4(12282 12671 12672 12283)
4(12655 12656 12672 12671)
4(12268 12284 12673 12657)
4(12283 12672 12673 12284)
4(12656 12657 12673 12672)
4(12269 12285 12674 12658)
4(12284 12673 12674 12285)
4(12657 12658 12674 12673)
4(12270 12286 12675 12659)
4(12285 12674 12675 12286)
4(12658 12659 12675 12674)
4(12271 12287 12676 12660)
4(12286 12675 12676 12287)
4(12659 12660 12676 12675)
4(12272 12288 12677 12661)
4(12287 12676 12677 12288)
4(12660 12661 12677 12676)
4(12273 12289 12678 12662)
4(12288 12677 12678 12289)
4(12661 12662 12678 12677)
4(12274 12290 12679 12663)
4(12289 12678 12679 12290)
4(12662 12663 12679 12678)
4(12275 12291 12680 12664)
4(12290 12679 12680 12291)
4(12663 12664 12680 12679)
4(12276 12292 12681 12665)
4(12291 12680 12681 12292)
4(12664 12665 12681 12680)
4(12292 12681 10743 10716)
4(12665 10742 10743 12681)
4(10715 10716 10743 10742)
4(12277 12293 12682 12666)
4(321 346 12682 12293)
4(345 12666 12682 346)
4(12278 12294 12683 12667)
4(12293 12682 12683 12294)
4(12666 12667 12683 12682)
4(12279 12295 12684 12668)
4(12294 12683 12684 12295)
4(12667 12668 12684 12683)
4(12280 12296 12685 12669)
4(12295 12684 12685 12296)
4(12668 12669 12685 12684)
4(12281 12297 12686 12670)
4(12296 12685 12686 12297)
4(12669 12670 12686 12685)
4(12282 12298 12687 12671)
4(12297 12686 12687 12298)
4(12670 12671 12687 12686)
4(12283 12299 12688 12672)
4(12298 12687 12688 12299)
4(12671 12672 12688 12687)
4(12284 12300 12689 12673)
4(12299 12688 12689 12300)
4(12672 12673 12689 12688)
4(12285 12301 12690 12674)
4(12300 12689 12690 12301)
4(12673 12674 12690 12689)
4(12286 12302 12691 12675)
4(12301 12690 12691 12302)
4(12674 12675 12691 12690)
4(12287 12303 12692 12676)
4(12302 12691 12692 12303)
4(12675 12676 12692 12691)
4(12288 12304 12693 12677)
4(12303 12692 12693 12304)
4(12676 12677 12693 12692)
4(12289 12305 12694 12678)
4(12304 12693 12694 12305)
4(12677 12678 12694 12693)
4(12290 12306 12695 12679)
4(12305 12694 12695 12306)
4(12678 12679 12695 12694)
4(12291 12307 12696 12680)
4(12306 12695 12696 12307)
4(12679 12680 12696 12695)
4(12292 12308 12697 12681)
4(12307 12696 12697 12308)
4(12680 12681 12697 12696)
4(12308 12697 10744 10717)
4(12681 10743 10744 12697)
4(10716 10717 10744 10743)
4(12293 12309 12698 12682)
4(322 347 12698 12309)
4(346 12682 12698 347)
4(12294 12310 12699 12683)
4(12309 12698 12699 12310)
4(12682 12683 12699 12698)
4(12295 12311 12700 12684)
4(12310 12699 12700 12311)
4(12683 12684 12700 12699)
4(12296 12312 12701 12685)
4(12311 12700 12701 12312)
4(12684 12685 12701 12700)
4(12297 12313 12702 12686)
4(12312 12701 12702 12313)
4(12685 12686 12702 12701)
4(12298 12314 12703 12687)
4(12313 12702 12703 12314)
4(12686 12687 12703 12702)
4(12299 12315 12704 12688)
4(12314 12703 12704 12315)
4(12687 12688 12704 12703)
4(12300 12316 12705 12689)
4(12315 12704 12705 12316)
4(12688 12689 12705 12704)
4(12301 12317 12706 12690)
4(12316 12705 12706 12317)
4(12689 12690 12706 12705)
4(12302 12318 12707 12691)
4(12317 12706 12707 12318)
4(12690 12691 12707 12706)
4(12303 12319 12708 12692)
4(12318 12707 12708 12319)
4(12691 12692 12708 12707)
4(12304 12320 12709 12693)
4(12319 12708 12709 12320)
4(12692 12693 12709 12708)
4(12305 12321 12710 12694)
4(12320 12709 12710 12321)
4(12693 12694 12710 12709)
4(12306 12322 12711 12695)
4(12321 12710 12711 12322)
4(12694 12695 12711 12710)
4(12307 12323 12712 12696)
4(12322 12711 12712 12323)
4(12695 12696 12712 12711)
4(12308 12324 12713 12697)
4(12323 12712 12713 12324)
4(12696 12697 12713 12712)
4(12324 12713 10745 10718)
4(12697 10744 10745 12713)
4(10717 10718 10745 10744)
4(12309 12325 12714 12698)
4(347 12698 12714 348)
4(12310 12326 12715 12699)
4(12698 12699 12715 12714)
4(12311 12327 12716 12700)
4(12699 12700 12716 12715)
4(12312 12328 12717 12701)
4(12700 12701 12717 12716)
4(12313 12329 12718 12702)
4(12701 12702 12718 12717)
4(12314 12330 12719 12703)
4(12702 12703 12719 12718)
4(12315 12331 12720 12704)
4(12703 12704 12720 12719)
4(12316 12332 12721 12705)
4(12704 12705 12721 12720)
4(12317 12333 12722 12706)
4(12705 12706 12722 12721)
4(12318 12334 12723 12707)
4(12706 12707 12723 12722)
4(12319 12335 12724 12708)
4(12707 12708 12724 12723)
4(12320 12336 12725 12709)
4(12708 12709 12725 12724)
4(12321 12337 12726 12710)
4(12709 12710 12726 12725)
4(12322 12338 12727 12711)
4(12710 12711 12727 12726)
4(12323 12339 12728 12712)
4(12711 12712 12728 12727)
4(12324 12340 12729 12713)
4(12712 12713 12729 12728)
4(12713 10745 10746 12729)
4(10718 10719 10746 10745)
4(72 12341 12730 89)
4(324 349 12730 12341)
4(73 12342 12731 90)
4(12341 12730 12731 12342)
4(74 12343 12732 91)
4(12342 12731 12732 12343)
4(75 12344 12733 92)
4(12343 12732 12733 12344)
4(76 12345 12734 93)
4(12344 12733 12734 12345)
4(77 12346 12735 94)
4(12345 12734 12735 12346)
4(78 12347 12736 95)
4(12346 12735 12736 12347)
4(79 12348 12737 96)
4(12347 12736 12737 12348)
4(80 12349 12738 97)
4(12348 12737 12738 12349)
4(81 12350 12739 98)
4(12349 12738 12739 12350)
4(82 12351 12740 99)
4(12350 12739 12740 12351)
4(83 12352 12741 100)
4(12351 12740 12741 12352)
4(84 12353 12742 101)
4(12352 12741 12742 12353)
4(85 12354 12743 102)
4(12353 12742 12743 12354)
4(86 12355 12744 103)
4(12354 12743 12744 12355)
4(12355 12744 10747 10720)
4(87 10720 10747 104)
4(12341 12356 12745 12730)
4(325 350 12745 12356)
4(12342 12357 12746 12731)
4(12356 12745 12746 12357)
4(12343 12358 12747 12732)
4(12357 12746 12747 12358)
4(12344 12359 12748 12733)
4(12358 12747 12748 12359)
4(12345 12360 12749 12734)
4(12359 12748 12749 12360)
4(12346 12361 12750 12735)
4(12360 12749 12750 12361)
4(12347 12362 12751 12736)
4(12361 12750 12751 12362)
4(12348 12363 12752 12737)
4(12362 12751 12752 12363)
4(12349 12364 12753 12738)
4(12363 12752 12753 12364)
4(12350 12365 12754 12739)
4(12364 12753 12754 12365)
4(12351 12366 12755 12740)
4(12365 12754 12755 12366)
4(12352 12367 12756 12741)
4(12366 12755 12756 12367)
4(12353 12368 12757 12742)
4(12367 12756 12757 12368)
4(12354 12369 12758 12743)
4(12368 12757 12758 12369)
4(12355 12370 12759 12744)
4(12369 12758 12759 12370)
4(12370 12759 10748 10721)
4(10720 10721 10748 10747)
4(12356 12371 12760 12745)
4(326 351 12760 12371)
4(12357 12372 12761 12746)
4(12371 12760 12761 12372)
4(12358 12373 12762 12747)
4(12372 12761 12762 12373)
4(12359 12374 12763 12748)
4(12373 12762 12763 12374)
4(12360 12375 12764 12749)
4(12374 12763 12764 12375)
4(12361 12376 12765 12750)
4(12375 12764 12765 12376)
4(12362 12377 12766 12751)
4(12376 12765 12766 12377)
4(12363 12378 12767 12752)
4(12377 12766 12767 12378)
4(12364 12379 12768 12753)
4(12378 12767 12768 12379)
4(12365 12380 12769 12754)
4(12379 12768 12769 12380)
4(12366 12381 12770 12755)
4(12380 12769 12770 12381)
4(12367 12382 12771 12756)
4(12381 12770 12771 12382)
4(12368 12383 12772 12757)
4(12382 12771 12772 12383)
4(12369 12384 12773 12758)
4(12383 12772 12773 12384)
4(12370 12385 12774 12759)
4(12384 12773 12774 12385)
4(12385 12774 10749 10722)
4(10721 10722 10749 10748)
4(12371 12386 12775 12760)
4(327 352 12775 12386)
4(12372 12387 12776 12761)
4(12386 12775 12776 12387)
4(12373 12388 12777 12762)
4(12387 12776 12777 12388)
4(12374 12389 12778 12763)
4(12388 12777 12778 12389)
4(12375 12390 12779 12764)
4(12389 12778 12779 12390)
4(12376 12391 12780 12765)
4(12390 12779 12780 12391)
4(12377 12392 12781 12766)
4(12391 12780 12781 12392)
4(12378 12393 12782 12767)
4(12392 12781 12782 12393)
4(12379 12394 12783 12768)
4(12393 12782 12783 12394)
4(12380 12395 12784 12769)
4(12394 12783 12784 12395)
4(12381 12396 12785 12770)
4(12395 12784 12785 12396)
4(12382 12397 12786 12771)
4(12396 12785 12786 12397)
4(12383 12398 12787 12772)
4(12397 12786 12787 12398)
4(12384 12399 12788 12773)
4(12398 12787 12788 12399)
4(12385 12400 12789 12774)
4(12399 12788 12789 12400)
4(12400 12789 10750 10723)
4(10722 10723 10750 10749)
4(12386 12401 12790 12775)
4(328 353 12790 12401)
4(12387 12402 12791 12776)
4(12401 12790 12791 12402)
4(12388 12403 12792 12777)
4(12402 12791 12792 12403)
4(12389 12404 12793 12778)
4(12403 12792 12793 12404)
4(12390 12405 12794 12779)
4(12404 12793 12794 12405)
4(12391 12406 12795 12780)
4(12405 12794 12795 12406)
4(12392 12407 12796 12781)
4(12406 12795 12796 12407)
4(12393 12408 12797 12782)
4(12407 12796 12797 12408)
4(12394 12409 12798 12783)
4(12408 12797 12798 12409)
4(12395 12410 12799 12784)
4(12409 12798 12799 12410)
4(12396 12411 12800 12785)
4(12410 12799 12800 12411)
4(12397 12412 12801 12786)
4(12411 12800 12801 12412)
4(12398 12413 12802 12787)
4(12412 12801 12802 12413)
4(12399 12414 12803 12788)
4(12413 12802 12803 12414)
4(12400 12415 12804 12789)
4(12414 12803 12804 12415)
4(12415 12804 10751 10724)
4(10723 10724 10751 10750)
4(12401 12416 12805 12790)
4(329 354 12805 12416)
4(12402 12417 12806 12791)
4(12416 12805 12806 12417)
4(12403 12418 12807 12792)
4(12417 12806 12807 12418)
4(12404 12419 12808 12793)
4(12418 12807 12808 12419)
4(12405 12420 12809 12794)
4(12419 12808 12809 12420)
4(12406 12421 12810 12795)
4(12420 12809 12810 12421)
4(12407 12422 12811 12796)
4(12421 12810 12811 12422)
4(12408 12423 12812 12797)
4(12422 12811 12812 12423)
4(12409 12424 12813 12798)
4(12423 12812 12813 12424)
4(12410 12425 12814 12799)
4(12424 12813 12814 12425)
4(12411 12426 12815 12800)
4(12425 12814 12815 12426)
4(12412 12427 12816 12801)
4(12426 12815 12816 12427)
4(12413 12428 12817 12802)
4(12427 12816 12817 12428)
4(12414 12429 12818 12803)
4(12428 12817 12818 12429)
4(12415 12430 12819 12804)
4(12429 12818 12819 12430)
4(12430 12819 10752 10725)
4(10724 10725 10752 10751)
4(12416 12431 12820 12805)
4(330 355 12820 12431)
4(12417 12432 12821 12806)
4(12431 12820 12821 12432)
4(12418 12433 12822 12807)
4(12432 12821 12822 12433)
4(12419 12434 12823 12808)
4(12433 12822 12823 12434)
4(12420 12435 12824 12809)
4(12434 12823 12824 12435)
4(12421 12436 12825 12810)
4(12435 12824 12825 12436)
4(12422 12437 12826 12811)
4(12436 12825 12826 12437)
4(12423 12438 12827 12812)
4(12437 12826 12827 12438)
4(12424 12439 12828 12813)
4(12438 12827 12828 12439)
4(12425 12440 12829 12814)
4(12439 12828 12829 12440)
4(12426 12441 12830 12815)
4(12440 12829 12830 12441)
4(12427 12442 12831 12816)
4(12441 12830 12831 12442)
4(12428 12443 12832 12817)
4(12442 12831 12832 12443)
4(12429 12444 12833 12818)
4(12443 12832 12833 12444)
4(12430 12445 12834 12819)
4(12444 12833 12834 12445)
4(12445 12834 10753 10726)
4(10725 10726 10753 10752)
4(12431 12446 12835 12820)
4(331 356 12835 12446)
4(12432 12447 12836 12821)
4(12446 12835 12836 12447)
4(12433 12448 12837 12822)
4(12447 12836 12837 12448)
4(12434 12449 12838 12823)
4(12448 12837 12838 12449)
4(12435 12450 12839 12824)
4(12449 12838 12839 12450)
4(12436 12451 12840 12825)
4(12450 12839 12840 12451)
4(12437 12452 12841 12826)
4(12451 12840 12841 12452)
4(12438 12453 12842 12827)
4(12452 12841 12842 12453)
4(12439 12454 12843 12828)
4(12453 12842 12843 12454)
4(12440 12455 12844 12829)
4(12454 12843 12844 12455)
4(12441 12456 12845 12830)
4(12455 12844 12845 12456)
4(12442 12457 12846 12831)
4(12456 12845 12846 12457)
4(12443 12458 12847 12832)
4(12457 12846 12847 12458)
4(12444 12459 12848 12833)
4(12458 12847 12848 12459)
4(12445 12460 12849 12834)
4(12459 12848 12849 12460)
4(12460 12849 10754 10727)
4(10726 10727 10754 10753)
4(12446 12461 12850 12835)
4(332 357 12850 12461)
4(12447 12462 12851 12836)
4(12461 12850 12851 12462)
4(12448 12463 12852 12837)
4(12462 12851 12852 12463)
4(12449 12464 12853 12838)
4(12463 12852 12853 12464)
4(12450 12465 12854 12839)
4(12464 12853 12854 12465)
4(12451 12466 12855 12840)
4(12465 12854 12855 12466)
4(12452 12467 12856 12841)
4(12466 12855 12856 12467)
4(12453 12468 12857 12842)
4(12467 12856 12857 12468)
4(12454 12469 12858 12843)
4(12468 12857 12858 12469)
4(12455 12470 12859 12844)
4(12469 12858 12859 12470)
4(12456 12471 12860 12845)
4(12470 12859 12860 12471)
4(12457 12472 12861 12846)
4(12471 12860 12861 12472)
4(12458 12473 12862 12847)
4(12472 12861 12862 12473)
4(12459 12474 12863 12848)
4(12473 12862 12863 12474)
4(12460 12475 12864 12849)
4(12474 12863 12864 12475)
4(12475 12864 10755 10728)
4(10727 10728 10755 10754)
4(12461 12476 12865 12850)
4(333 358 12865 12476)
4(12462 12477 12866 12851)
4(12476 12865 12866 12477)
4(12463 12478 12867 12852)
4(12477 12866 12867 12478)
4(12464 12479 12868 12853)
4(12478 12867 12868 12479)
4(12465 12480 12869 12854)
4(12479 12868 12869 12480)
4(12466 12481 12870 12855)
4(12480 12869 12870 12481)
4(12467 12482 12871 12856)
4(12481 12870 12871 12482)
4(12468 12483 12872 12857)
4(12482 12871 12872 12483)
4(12469 12484 12873 12858)
4(12483 12872 12873 12484)
4(12470 12485 12874 12859)
4(12484 12873 12874 12485)
4(12471 12486 12875 12860)
4(12485 12874 12875 12486)
4(12472 12487 12876 12861)
4(12486 12875 12876 12487)
4(12473 12488 12877 12862)
4(12487 12876 12877 12488)
4(12474 12489 12878 12863)
4(12488 12877 12878 12489)
4(12475 12490 12879 12864)
4(12489 12878 12879 12490)
4(12490 12879 10756 10729)
4(10728 10729 10756 10755)
4(12476 12491 12880 12865)
4(334 359 12880 12491)
4(12477 12492 12881 12866)
4(12491 12880 12881 12492)
4(12478 12493 12882 12867)
4(12492 12881 12882 12493)
4(12479 12494 12883 12868)
4(12493 12882 12883 12494)
4(12480 12495 12884 12869)
4(12494 12883 12884 12495)
4(12481 12496 12885 12870)
4(12495 12884 12885 12496)
4(12482 12497 12886 12871)
4(12496 12885 12886 12497)
4(12483 12498 12887 12872)
4(12497 12886 12887 12498)
4(12484 12499 12888 12873)
4(12498 12887 12888 12499)
4(12485 12500 12889 12874)
4(12499 12888 12889 12500)
4(12486 12501 12890 12875)
4(12500 12889 12890 12501)
4(12487 12502 12891 12876)
4(12501 12890 12891 12502)
4(12488 12503 12892 12877)
4(12502 12891 12892 12503)
4(12489 12504 12893 12878)
4(12503 12892 12893 12504)
4(12490 12505 12894 12879)
4(12504 12893 12894 12505)
4(12505 12894 10757 10732)
4(10729 10732 10757 10756)
4(12491 12506 12895 12880)
4(335 360 12895 12506)
4(12492 12507 12896 12881)
4(12506 12895 12896 12507)
4(12493 12508 12897 12882)
4(12507 12896 12897 12508)
4(12494 12509 12898 12883)
4(12508 12897 12898 12509)
4(12495 12510 12899 12884)
4(12509 12898 12899 12510)
4(12496 12511 12900 12885)
4(12510 12899 12900 12511)
4(12497 12512 12901 12886)
4(12511 12900 12901 12512)
4(12498 12513 12902 12887)
4(12512 12901 12902 12513)
4(12499 12514 12903 12888)
4(12513 12902 12903 12514)
4(12500 12515 12904 12889)
4(12514 12903 12904 12515)
4(12501 12516 12905 12890)
4(12515 12904 12905 12516)
4(12502 12517 12906 12891)
4(12516 12905 12906 12517)
4(12503 12518 12907 12892)
4(12517 12906 12907 12518)
4(12504 12519 12908 12893)
4(12518 12907 12908 12519)
4(12505 12520 12909 12894)
4(12519 12908 12909 12520)
4(10732 12521 12910 10757)
4(12520 12909 12910 12521)
4(12521 12910 10759 10733)
4(10732 10731 10758 10757)
4(10731 10733 10759 10758)
4(12506 12522 12911 12895)
4(336 361 12911 12522)
4(12507 12523 12912 12896)
4(12522 12911 12912 12523)
4(12508 12524 12913 12897)
4(12523 12912 12913 12524)
4(12509 12525 12914 12898)
4(12524 12913 12914 12525)
4(12510 12526 12915 12899)
4(12525 12914 12915 12526)
4(12511 12527 12916 12900)
4(12526 12915 12916 12527)
4(12512 12528 12917 12901)
4(12527 12916 12917 12528)
4(12513 12529 12918 12902)
4(12528 12917 12918 12529)
4(12514 12530 12919 12903)
4(12529 12918 12919 12530)
4(12515 12531 12920 12904)
4(12530 12919 12920 12531)
4(12516 12532 12921 12905)
4(12531 12920 12921 12532)
4(12517 12533 12922 12906)
4(12532 12921 12922 12533)
4(12518 12534 12923 12907)
4(12533 12922 12923 12534)
4(12519 12535 12924 12908)
4(12534 12923 12924 12535)
4(12520 12536 12925 12909)
4(12535 12924 12925 12536)
4(12521 12537 12926 12910)
4(12536 12925 12926 12537)
4(12537 12926 10760 10734)
4(10733 10734 10760 10759)
4(12522 12538 12927 12911)
4(337 362 12927 12538)
4(12523 12539 12928 12912)
4(12538 12927 12928 12539)
4(12524 12540 12929 12913)
4(12539 12928 12929 12540)
4(12525 12541 12930 12914)
4(12540 12929 12930 12541)
4(12526 12542 12931 12915)
4(12541 12930 12931 12542)
4(12527 12543 12932 12916)
4(12542 12931 12932 12543)
4(12528 12544 12933 12917)
4(12543 12932 12933 12544)
4(12529 12545 12934 12918)
4(12544 12933 12934 12545)
4(12530 12546 12935 12919)
4(12545 12934 12935 12546)
4(12531 12547 12936 12920)
4(12546 12935 12936 12547)
4(12532 12548 12937 12921)
4(12547 12936 12937 12548)
4(12533 12549 12938 12922)
4(12548 12937 12938 12549)
4(12534 12550 12939 12923)
4(12549 12938 12939 12550)
4(12535 12551 12940 12924)
4(12550 12939 12940 12551)
4(12536 12552 12941 12925)
4(12551 12940 12941 12552)
4(12537 12553 12942 12926)
4(12552 12941 12942 12553)
4(12553 12942 10761 10735)
4(10734 10735 10761 10760)
4(12538 12554 12943 12927)
4(338 363 12943 12554)
4(12539 12555 12944 12928)
4(12554 12943 12944 12555)
4(12540 12556 12945 12929)
4(12555 12944 12945 12556)
4(12541 12557 12946 12930)
4(12556 12945 12946 12557)
4(12542 12558 12947 12931)
4(12557 12946 12947 12558)
4(12543 12559 12948 12932)
4(12558 12947 12948 12559)
4(12544 12560 12949 12933)
4(12559 12948 12949 12560)
4(12545 12561 12950 12934)
4(12560 12949 12950 12561)
4(12546 12562 12951 12935)
4(12561 12950 12951 12562)
4(12547 12563 12952 12936)
4(12562 12951 12952 12563)
4(12548 12564 12953 12937)
4(12563 12952 12953 12564)
4(12549 12565 12954 12938)
4(12564 12953 12954 12565)
4(12550 12566 12955 12939)
4(12565 12954 12955 12566)
4(12551 12567 12956 12940)
4(12566 12955 12956 12567)
4(12552 12568 12957 12941)
4(12567 12956 12957 12568)
4(12553 12569 12958 12942)
4(12568 12957 12958 12569)
4(12569 12958 10762 10736)
4(10735 10736 10762 10761)
4(12554 12570 12959 12943)
4(339 364 12959 12570)
4(12555 12571 12960 12944)
4(12570 12959 12960 12571)
4(12556 12572 12961 12945)
4(12571 12960 12961 12572)
4(12557 12573 12962 12946)
4(12572 12961 12962 12573)
4(12558 12574 12963 12947)
4(12573 12962 12963 12574)
4(12559 12575 12964 12948)
4(12574 12963 12964 12575)
4(12560 12576 12965 12949)
4(12575 12964 12965 12576)
4(12561 12577 12966 12950)
4(12576 12965 12966 12577)
4(12562 12578 12967 12951)
4(12577 12966 12967 12578)
4(12563 12579 12968 12952)
4(12578 12967 12968 12579)
4(12564 12580 12969 12953)
4(12579 12968 12969 12580)
4(12565 12581 12970 12954)
4(12580 12969 12970 12581)
4(12566 12582 12971 12955)
4(12581 12970 12971 12582)
4(12567 12583 12972 12956)
4(12582 12971 12972 12583)
4(12568 12584 12973 12957)
4(12583 12972 12973 12584)
4(12569 12585 12974 12958)
4(12584 12973 12974 12585)
4(12585 12974 10763 10737)
4(10736 10737 10763 10762)
4(12570 12586 12975 12959)
4(340 365 12975 12586)
4(12571 12587 12976 12960)
4(12586 12975 12976 12587)
4(12572 12588 12977 12961)
4(12587 12976 12977 12588)
4(12573 12589 12978 12962)
4(12588 12977 12978 12589)
4(12574 12590 12979 12963)
4(12589 12978 12979 12590)
4(12575 12591 12980 12964)
4(12590 12979 12980 12591)
4(12576 12592 12981 12965)
4(12591 12980 12981 12592)
4(12577 12593 12982 12966)
4(12592 12981 12982 12593)
4(12578 12594 12983 12967)
4(12593 12982 12983 12594)
4(12579 12595 12984 12968)
4(12594 12983 12984 12595)
4(12580 12596 12985 12969)
4(12595 12984 12985 12596)
4(12581 12597 12986 12970)
4(12596 12985 12986 12597)
4(12582 12598 12987 12971)
4(12597 12986 12987 12598)
4(12583 12599 12988 12972)
4(12598 12987 12988 12599)
4(12584 12600 12989 12973)
4(12599 12988 12989 12600)
4(12585 12601 12990 12974)
4(12600 12989 12990 12601)
4(12601 12990 10764 10738)
4(10737 10738 10764 10763)
4(12586 12602 12991 12975)
4(341 366 12991 12602)
4(12587 12603 12992 12976)
4(12602 12991 12992 12603)
4(12588 12604 12993 12977)
4(12603 12992 12993 12604)
4(12589 12605 12994 12978)
4(12604 12993 12994 12605)
4(12590 12606 12995 12979)
4(12605 12994 12995 12606)
4(12591 12607 12996 12980)
4(12606 12995 12996 12607)
4(12592 12608 12997 12981)
4(12607 12996 12997 12608)
4(12593 12609 12998 12982)
4(12608 12997 12998 12609)
4(12594 12610 12999 12983)
4(12609 12998 12999 12610)
4(12595 12611 13000 12984)
4(12610 12999 13000 12611)
4(12596 12612 13001 12985)
4(12611 13000 13001 12612)
4(12597 12613 13002 12986)
4(12612 13001 13002 12613)
4(12598 12614 13003 12987)
4(12613 13002 13003 12614)
4(12599 12615 13004 12988)
4(12614 13003 13004 12615)
4(12600 12616 13005 12989)
4(12615 13004 13005 12616)
4(12601 12617 13006 12990)
4(12616 13005 13006 12617)
4(12617 13006 10765 10739)
4(10738 10739 10765 10764)
4(12602 12618 13007 12991)
4(342 367 13007 12618)
4(12603 12619 13008 12992)
4(12618 13007 13008 12619)
4(12604 12620 13009 12993)
4(12619 13008 13009 12620)
4(12605 12621 13010 12994)
4(12620 13009 13010 12621)
4(12606 12622 13011 12995)
4(12621 13010 13011 12622)
4(12607 12623 13012 12996)
4(12622 13011 13012 12623)
4(12608 12624 13013 12997)
4(12623 13012 13013 12624)
4(12609 12625 13014 12998)
4(12624 13013 13014 12625)
4(12610 12626 13015 12999)
4(12625 13014 13015 12626)
4(12611 12627 13016 13000)
4(12626 13015 13016 12627)
4(12612 12628 13017 13001)
4(12627 13016 13017 12628)
4(12613 12629 13018 13002)
4(12628 13017 13018 12629)
4(12614 12630 13019 13003)
4(12629 13018 13019 12630)
4(12615 12631 13020 13004)
4(12630 13019 13020 12631)
4(12616 12632 13021 13005)
4(12631 13020 13021 12632)
4(12617 12633 13022 13006)
4(12632 13021 13022 12633)
4(12633 13022 10766 10740)
4(10739 10740 10766 10765)
4(12618 12634 13023 13007)
4(343 368 13023 12634)
4(12619 12635 13024 13008)
4(12634 13023 13024 12635)
4(12620 12636 13025 13009)
4(12635 13024 13025 12636)
4(12621 12637 13026 13010)
4(12636 13025 13026 12637)
4(12622 12638 13027 13011)
4(12637 13026 13027 12638)
4(12623 12639 13028 13012)
4(12638 13027 13028 12639)
4(12624 12640 13029 13013)
4(12639 13028 13029 12640)
4(12625 12641 13030 13014)
4(12640 13029 13030 12641)
4(12626 12642 13031 13015)
4(12641 13030 13031 12642)
4(12627 12643 13032 13016)
4(12642 13031 13032 12643)
4(12628 12644 13033 13017)
4(12643 13032 13033 12644)
4(12629 12645 13034 13018)
4(12644 13033 13034 12645)
4(12630 12646 13035 13019)
4(12645 13034 13035 12646)
4(12631 12647 13036 13020)
4(12646 13035 13036 12647)
4(12632 12648 13037 13021)
4(12647 13036 13037 12648)
4(12633 12649 13038 13022)
4(12648 13037 13038 12649)
4(12649 13038 10767 10741)
4(10740 10741 10767 10766)
4(12634 12650 13039 13023)
4(344 369 13039 12650)
4(12635 12651 13040 13024)
4(12650 13039 13040 12651)
4(12636 12652 13041 13025)
4(12651 13040 13041 12652)
4(12637 12653 13042 13026)
4(12652 13041 13042 12653)
4(12638 12654 13043 13027)
4(12653 13042 13043 12654)
4(12639 12655 13044 13028)
4(12654 13043 13044 12655)
4(12640 12656 13045 13029)
4(12655 13044 13045 12656)
4(12641 12657 13046 13030)
4(12656 13045 13046 12657)
4(12642 12658 13047 13031)
4(12657 13046 13047 12658)
4(12643 12659 13048 13032)
4(12658 13047 13048 12659)
4(12644 12660 13049 13033)
4(12659 13048 13049 12660)
4(12645 12661 13050 13034)
4(12660 13049 13050 12661)
4(12646 12662 13051 13035)
4(12661 13050 13051 12662)
4(12647 12663 13052 13036)
4(12662 13051 13052 12663)
4(12648 12664 13053 13037)
4(12663 13052 13053 12664)
4(12649 12665 13054 13038)
4(12664 13053 13054 12665)
4(12665 13054 10768 10742)
4(10741 10742 10768 10767)
4(12650 12666 13055 13039)
4(345 370 13055 12666)
4(12651 12667 13056 13040)
4(12666 13055 13056 12667)
4(12652 12668 13057 13041)
4(12667 13056 13057 12668)
4(12653 12669 13058 13042)
4(12668 13057 13058 12669)
4(12654 12670 13059 13043)
4(12669 13058 13059 12670)
4(12655 12671 13060 13044)
4(12670 13059 13060 12671)
4(12656 12672 13061 13045)
4(12671 13060 13061 12672)
4(12657 12673 13062 13046)
4(12672 13061 13062 12673)
4(12658 12674 13063 13047)
4(12673 13062 13063 12674)
4(12659 12675 13064 13048)
4(12674 13063 13064 12675)
4(12660 12676 13065 13049)
4(12675 13064 13065 12676)
4(12661 12677 13066 13050)
4(12676 13065 13066 12677)
4(12662 12678 13067 13051)
4(12677 13066 13067 12678)
4(12663 12679 13068 13052)
4(12678 13067 13068 12679)
4(12664 12680 13069 13053)
4(12679 13068 13069 12680)
4(12665 12681 13070 13054)
4(12680 13069 13070 12681)
4(12681 13070 10769 10743)
4(10742 10743 10769 10768)
4(12666 12682 13071 13055)
4(346 371 13071 12682)
4(12667 12683 13072 13056)
4(12682 13071 13072 12683)
4(12668 12684 13073 13057)
4(12683 13072 13073 12684)
4(12669 12685 13074 13058)
4(12684 13073 13074 12685)
4(12670 12686 13075 13059)
4(12685 13074 13075 12686)
4(12671 12687 13076 13060)
4(12686 13075 13076 12687)
4(12672 12688 13077 13061)
4(12687 13076 13077 12688)
4(12673 12689 13078 13062)
4(12688 13077 13078 12689)
4(12674 12690 13079 13063)
4(12689 13078 13079 12690)
4(12675 12691 13080 13064)
4(12690 13079 13080 12691)
4(12676 12692 13081 13065)
4(12691 13080 13081 12692)
4(12677 12693 13082 13066)
4(12692 13081 13082 12693)
4(12678 12694 13083 13067)
4(12693 13082 13083 12694)
4(12679 12695 13084 13068)
4(12694 13083 13084 12695)
4(12680 12696 13085 13069)
4(12695 13084 13085 12696)
4(12681 12697 13086 13070)
4(12696 13085 13086 12697)
4(12697 13086 10770 10744)
4(10743 10744 10770 10769)
4(12682 12698 13087 13071)
4(347 372 13087 12698)
4(12683 12699 13088 13072)
4(12698 13087 13088 12699)
4(12684 12700 13089 13073)
4(12699 13088 13089 12700)
4(12685 12701 13090 13074)
4(12700 13089 13090 12701)
4(12686 12702 13091 13075)
4(12701 13090 13091 12702)
4(12687 12703 13092 13076)
4(12702 13091 13092 12703)
4(12688 12704 13093 13077)
4(12703 13092 13093 12704)
4(12689 12705 13094 13078)
4(12704 13093 13094 12705)
4(12690 12706 13095 13079)
4(12705 13094 13095 12706)
4(12691 12707 13096 13080)
4(12706 13095 13096 12707)
4(12692 12708 13097 13081)
4(12707 13096 13097 12708)
4(12693 12709 13098 13082)
4(12708 13097 13098 12709)
4(12694 12710 13099 13083)
4(12709 13098 13099 12710)
4(12695 12711 13100 13084)
4(12710 13099 13100 12711)
4(12696 12712 13101 13085)
4(12711 13100 13101 12712)
4(12697 12713 13102 13086)
4(12712 13101 13102 12713)
4(12713 13102 10771 10745)
4(10744 10745 10771 10770)
4(12698 12714 13103 13087)
4(12699 12715 13104 13088)
4(12700 12716 13105 13089)
4(12701 12717 13106 13090)
4(12702 12718 13107 13091)
4(12703 12719 13108 13092)
4(12704 12720 13109 13093)
4(12705 12721 13110 13094)
4(12706 12722 13111 13095)
4(12707 12723 13112 13096)
4(12708 12724 13113 13097)
4(12709 12725 13114 13098)
4(12710 12726 13115 13099)
4(12711 12727 13116 13100)
4(12712 12728 13117 13101)
4(12713 12729 13118 13102)
4(10745 10746 10772 10771)
4(109 13119 142 108)
4(140 141 142 13119)
4(111 13120 143 110)
4(13119 142 143 13120)
4(113 13121 13537 112)
4(13120 143 13537 13121)
4(110 112 13537 143)
4(115 13122 13538 114)
4(13121 13537 13538 13122)
4(112 114 13538 13537)
4(117 13123 13539 116)
4(13122 13538 13539 13123)
4(114 116 13539 13538)
4(119 13124 13540 118)
4(13123 13539 13540 13124)
4(116 118 13540 13539)
4(121 13125 13541 120)
4(13124 13540 13541 13125)
4(118 120 13541 13540)
4(123 13126 13542 122)
4(13125 13541 13542 13126)
4(120 122 13542 13541)
4(125 13127 13543 124)
4(13126 13542 13543 13127)
4(122 124 13543 13542)
4(127 13128 13544 126)
4(13127 13543 13544 13128)
4(124 126 13544 13543)
4(129 13129 13545 128)
4(13128 13544 13545 13129)
4(126 128 13545 13544)
4(131 13130 13546 130)
4(13129 13545 13546 13130)
4(128 130 13546 13545)
4(13130 13546 13547 13131)
4(130 132 13547 13546)
4(135 13132 13548 134)
4(10612 10613 13548 13132)
4(36 134 13548 10613)
4(137 13133 13549 136)
4(13132 13548 13549 13133)
4(134 136 13549 13548)
4(139 13134 13550 138)
4(13133 13549 13550 13134)
4(136 138 13550 13549)
4(140 13135 13551 141)
4(13134 13550 13551 13135)
4(138 141 13551 13550)
4(13119 13136 13552 142)
4(13135 13551 13552 13136)
4(141 142 13552 13551)
4(13120 13137 13553 143)
4(13136 13552 13553 13137)
4(142 143 13553 13552)
4(13121 13138 13554 13537)
4(13137 13553 13554 13138)
4(143 13537 13554 13553)
4(13122 13139 13555 13538)
4(13138 13554 13555 13139)
4(13537 13538 13555 13554)
4(13123 13140 13556 13539)
4(13139 13555 13556 13140)
4(13538 13539 13556 13555)
4(13124 13141 13557 13540)
4(13140 13556 13557 13141)
4(13539 13540 13557 13556)
4(13125 13142 13558 13541)
4(13141 13557 13558 13142)
4(13540 13541 13558 13557)
4(13126 13143 13559 13542)
4(13142 13558 13559 13143)
4(13541 13542 13559 13558)
4(13127 13144 13560 13543)
4(13143 13559 13560 13144)
4(13542 13543 13560 13559)
4(13128 13145 13561 13544)
4(13144 13560 13561 13145)
4(13543 13544 13561 13560)
4(13129 13146 13562 13545)
4(13145 13561 13562 13146)
4(13544 13545 13562 13561)
4(13130 13147 13563 13546)
4(13146 13562 13563 13147)
4(13545 13546 13563 13562)
4(13147 13563 13564 13148)
4(13546 13547 13564 13563)
4(13132 13149 13565 13548)
4(10614 10615 13565 13149)
4(10613 13548 13565 10615)
4(13133 13150 13566 13549)
4(13149 13565 13566 13150)
4(13548 13549 13566 13565)
4(13134 13151 13567 13550)
4(13150 13566 13567 13151)
4(13549 13550 13567 13566)
4(13135 13152 13568 13551)
4(13151 13567 13568 13152)
4(13550 13551 13568 13567)
4(13136 13153 13569 13552)
4(13152 13568 13569 13153)
4(13551 13552 13569 13568)
4(13137 13154 13570 13553)
4(13153 13569 13570 13154)
4(13552 13553 13570 13569)
4(13138 13155 13571 13554)
4(13154 13570 13571 13155)
4(13553 13554 13571 13570)
4(13139 13156 13572 13555)
4(13155 13571 13572 13156)
4(13554 13555 13572 13571)
4(13140 13157 13573 13556)
4(13156 13572 13573 13157)
4(13555 13556 13573 13572)
4(13141 13158 13574 13557)
4(13157 13573 13574 13158)
4(13556 13557 13574 13573)
4(13142 13159 13575 13558)
4(13158 13574 13575 13159)
4(13557 13558 13575 13574)
4(13143 13160 13576 13559)
4(13159 13575 13576 13160)
4(13558 13559 13576 13575)
4(13144 13161 13577 13560)
4(13160 13576 13577 13161)
4(13559 13560 13577 13576)
4(13145 13162 13578 13561)
4(13161 13577 13578 13162)
4(13560 13561 13578 13577)
4(13146 13163 13579 13562)
4(13162 13578 13579 13163)
4(13561 13562 13579 13578)
4(13147 13164 13580 13563)
4(13163 13579 13580 13164)
4(13562 13563 13580 13579)
4(13164 13580 13581 13165)
4(13563 13564 13581 13580)
4(13149 13166 13582 13565)
4(10616 10617 13582 13166)
4(10615 13565 13582 10617)
4(13150 13167 13583 13566)
4(13166 13582 13583 13167)
4(13565 13566 13583 13582)
4(13151 13168 13584 13567)
4(13167 13583 13584 13168)
4(13566 13567 13584 13583)
4(13152 13169 13585 13568)
4(13168 13584 13585 13169)
4(13567 13568 13585 13584)
4(13153 13170 13586 13569)
4(13169 13585 13586 13170)
4(13568 13569 13586 13585)
4(13154 13171 13587 13570)
4(13170 13586 13587 13171)
4(13569 13570 13587 13586)
4(13155 13172 13588 13571)
4(13171 13587 13588 13172)
4(13570 13571 13588 13587)
4(13156 13173 13589 13572)
4(13172 13588 13589 13173)
4(13571 13572 13589 13588)
4(13157 13174 13590 13573)
4(13173 13589 13590 13174)
4(13572 13573 13590 13589)
4(13158 13175 13591 13574)
4(13174 13590 13591 13175)
4(13573 13574 13591 13590)
4(13159 13176 13592 13575)
4(13175 13591 13592 13176)
4(13574 13575 13592 13591)
4(13160 13177 13593 13576)
4(13176 13592 13593 13177)
4(13575 13576 13593 13592)
4(13161 13178 13594 13577)
4(13177 13593 13594 13178)
4(13576 13577 13594 13593)
4(13162 13179 13595 13578)
4(13178 13594 13595 13179)
4(13577 13578 13595 13594)
4(13163 13180 13596 13579)
4(13179 13595 13596 13180)
4(13578 13579 13596 13595)
4(13164 13181 13597 13580)
4(13180 13596 13597 13181)
4(13579 13580 13597 13596)
4(13181 13597 13598 13182)
4(13580 13581 13598 13597)
4(13166 13183 13599 13582)
4(10618 10619 13599 13183)
4(10617 13582 13599 10619)
4(13167 13184 13600 13583)
4(13183 13599 13600 13184)
4(13582 13583 13600 13599)
4(13168 13185 13601 13584)
4(13184 13600 13601 13185)
4(13583 13584 13601 13600)
4(13169 13186 13602 13585)
4(13185 13601 13602 13186)
4(13584 13585 13602 13601)
4(13170 13187 13603 13586)
4(13186 13602 13603 13187)
4(13585 13586 13603 13602)
4(13171 13188 13604 13587)
4(13187 13603 13604 13188)
4(13586 13587 13604 13603)
4(13172 13189 13605 13588)
4(13188 13604 13605 13189)
4(13587 13588 13605 13604)
4(13173 13190 13606 13589)
4(13189 13605 13606 13190)
4(13588 13589 13606 13605)
4(13174 13191 13607 13590)
4(13190 13606 13607 13191)
4(13589 13590 13607 13606)
4(13175 13192 13608 13591)
4(13191 13607 13608 13192)
4(13590 13591 13608 13607)
4(13176 13193 13609 13592)
4(13192 13608 13609 13193)
4(13591 13592 13609 13608)
4(13177 13194 13610 13593)
4(13193 13609 13610 13194)
4(13592 13593 13610 13609)
4(13178 13195 13611 13594)
4(13194 13610 13611 13195)
4(13593 13594 13611 13610)
4(13179 13196 13612 13595)
4(13195 13611 13612 13196)
4(13594 13595 13612 13611)
4(13180 13197 13613 13596)
4(13196 13612 13613 13197)
4(13595 13596 13613 13612)
4(13181 13198 13614 13597)
4(13197 13613 13614 13198)
4(13596 13597 13614 13613)
4(13198 13614 13615 13199)
4(13597 13598 13615 13614)
4(13183 13200 13616 13599)
4(10620 10621 13616 13200)
4(10619 13599 13616 10621)
4(13184 13201 13617 13600)
4(13200 13616 13617 13201)
4(13599 13600 13617 13616)
4(13185 13202 13618 13601)
4(13201 13617 13618 13202)
4(13600 13601 13618 13617)
4(13186 13203 13619 13602)
4(13202 13618 13619 13203)
4(13601 13602 13619 13618)
4(13187 13204 13620 13603)
4(13203 13619 13620 13204)
4(13602 13603 13620 13619)
4(13188 13205 13621 13604)
4(13204 13620 13621 13205)
4(13603 13604 13621 13620)
4(13189 13206 13622 13605)
4(13205 13621 13622 13206)
4(13604 13605 13622 13621)
4(13190 13207 13623 13606)
4(13206 13622 13623 13207)
4(13605 13606 13623 13622)
4(13191 13208 13624 13607)
4(13207 13623 13624 13208)
4(13606 13607 13624 13623)
4(13192 13209 13625 13608)
4(13208 13624 13625 13209)
4(13607 13608 13625 13624)
4(13193 13210 13626 13609)
4(13209 13625 13626 13210)
4(13608 13609 13626 13625)
4(13194 13211 13627 13610)
4(13210 13626 13627 13211)
4(13609 13610 13627 13626)
4(13195 13212 13628 13611)
4(13211 13627 13628 13212)
4(13610 13611 13628 13627)
4(13196 13213 13629 13612)
4(13212 13628 13629 13213)
4(13611 13612 13629 13628)
4(13197 13214 13630 13613)
4(13213 13629 13630 13214)
4(13612 13613 13630 13629)
4(13198 13215 13631 13614)
4(13214 13630 13631 13215)
4(13613 13614 13631 13630)
4(13215 13631 13632 13216)
4(13614 13615 13632 13631)
4(13200 10624 10625 13616)
4(10621 13616 10625 10623)
4(13201 13217 13633 13617)
4(10624 10625 13633 13217)
4(13616 13617 13633 10625)
4(13202 13218 13634 13618)
4(13217 13633 13634 13218)
4(13617 13618 13634 13633)
4(13203 13219 13635 13619)
4(13218 13634 13635 13219)
4(13618 13619 13635 13634)
4(13204 13220 13636 13620)
4(13219 13635 13636 13220)
4(13619 13620 13636 13635)
4(13205 13221 13637 13621)
4(13220 13636 13637 13221)
4(13620 13621 13637 13636)
4(13206 13222 13638 13622)
4(13221 13637 13638 13222)
4(13621 13622 13638 13637)
4(13207 13223 13639 13623)
4(13222 13638 13639 13223)
4(13622 13623 13639 13638)
4(13208 13224 13640 13624)
4(13223 13639 13640 13224)
4(13623 13624 13640 13639)
4(13209 13225 13641 13625)
4(13224 13640 13641 13225)
4(13624 13625 13641 13640)
4(13210 13226 13642 13626)
4(13225 13641 13642 13226)
4(13625 13626 13642 13641)
4(13211 13227 13643 13627)
4(13226 13642 13643 13227)
4(13626 13627 13643 13642)
4(13212 13228 13644 13628)
4(13227 13643 13644 13228)
4(13627 13628 13644 13643)
4(13213 13229 13645 13629)
4(13228 13644 13645 13229)
4(13628 13629 13645 13644)
4(13214 13230 13646 13630)
4(13229 13645 13646 13230)
4(13629 13630 13646 13645)
4(13215 13231 13647 13631)
4(13230 13646 13647 13231)
4(13630 13631 13647 13646)
4(13231 13647 13648 13232)
4(13631 13632 13648 13647)
4(13217 13233 13649 13633)
4(10626 10627 13649 13233)
4(10625 13633 13649 10627)
4(13218 13234 13650 13634)
4(13233 13649 13650 13234)
4(13633 13634 13650 13649)
4(13219 13235 13651 13635)
4(13234 13650 13651 13235)
4(13634 13635 13651 13650)
4(13220 13236 13652 13636)
4(13235 13651 13652 13236)
4(13635 13636 13652 13651)
4(13221 13237 13653 13637)
4(13236 13652 13653 13237)
4(13636 13637 13653 13652)
4(13222 13238 13654 13638)
4(13237 13653 13654 13238)
4(13637 13638 13654 13653)
4(13223 13239 13655 13639)
4(13238 13654 13655 13239)
4(13638 13639 13655 13654)
4(13224 13240 13656 13640)
4(13239 13655 13656 13240)
4(13639 13640 13656 13655)
4(13225 13241 13657 13641)
4(13240 13656 13657 13241)
4(13640 13641 13657 13656)
4(13226 13242 13658 13642)
4(13241 13657 13658 13242)
4(13641 13642 13658 13657)
4(13227 13243 13659 13643)
4(13242 13658 13659 13243)
4(13642 13643 13659 13658)
4(13228 13244 13660 13644)
4(13243 13659 13660 13244)
4(13643 13644 13660 13659)
4(13229 13245 13661 13645)
4(13244 13660 13661 13245)
4(13644 13645 13661 13660)
4(13230 13246 13662 13646)
4(13245 13661 13662 13246)
4(13645 13646 13662 13661)
4(13231 13247 13663 13647)
4(13246 13662 13663 13247)
4(13646 13647 13663 13662)
4(13247 13663 13664 13248)
4(13647 13648 13664 13663)
4(13233 13249 13665 13649)
4(10629 10630 13665 13249)
4(10627 13649 13665 10630)
4(13234 13250 13666 13650)
4(13249 13665 13666 13250)
4(13649 13650 13666 13665)
4(13235 13251 13667 13651)
4(13250 13666 13667 13251)
4(13650 13651 13667 13666)
4(13236 13252 13668 13652)
4(13251 13667 13668 13252)
4(13651 13652 13668 13667)
4(13237 13253 13669 13653)
4(13252 13668 13669 13253)
4(13652 13653 13669 13668)
4(13238 13254 13670 13654)
4(13253 13669 13670 13254)
4(13653 13654 13670 13669)
4(13239 13255 13671 13655)
4(13254 13670 13671 13255)
4(13654 13655 13671 13670)
4(13240 13256 13672 13656)
4(13255 13671 13672 13256)
4(13655 13656 13672 13671)
4(13241 13257 13673 13657)
4(13256 13672 13673 13257)
4(13656 13657 13673 13672)
4(13242 13258 13674 13658)
4(13257 13673 13674 13258)
4(13657 13658 13674 13673)
4(13243 13259 13675 13659)
4(13258 13674 13675 13259)
4(13658 13659 13675 13674)
4(13244 13260 13676 13660)
4(13259 13675 13676 13260)
4(13659 13660 13676 13675)
4(13245 13261 13677 13661)
4(13260 13676 13677 13261)
4(13660 13661 13677 13676)
4(13246 13262 13678 13662)
4(13261 13677 13678 13262)
4(13661 13662 13678 13677)
4(13247 13263 13679 13663)
4(13262 13678 13679 13263)
4(13662 13663 13679 13678)
4(13263 13679 13680 13264)
4(13663 13664 13680 13679)
4(13249 13265 13681 13665)
4(10631 10632 13681 13265)
4(10630 13665 13681 10632)
4(13250 13266 13682 13666)
4(13265 13681 13682 13266)
4(13665 13666 13682 13681)
4(13251 13267 13683 13667)
4(13266 13682 13683 13267)
4(13666 13667 13683 13682)
4(13252 13268 13684 13668)
4(13267 13683 13684 13268)
4(13667 13668 13684 13683)
4(13253 13269 13685 13669)
4(13268 13684 13685 13269)
4(13668 13669 13685 13684)
4(13254 13270 13686 13670)
4(13269 13685 13686 13270)
4(13669 13670 13686 13685)
4(13255 13271 13687 13671)
4(13270 13686 13687 13271)
4(13670 13671 13687 13686)
4(13256 13272 13688 13672)
4(13271 13687 13688 13272)
4(13671 13672 13688 13687)
4(13257 13273 13689 13673)
4(13272 13688 13689 13273)
4(13672 13673 13689 13688)
4(13258 13274 13690 13674)
4(13273 13689 13690 13274)
4(13673 13674 13690 13689)
4(13259 13275 13691 13675)
4(13274 13690 13691 13275)
4(13674 13675 13691 13690)
4(13260 13276 13692 13676)
4(13275 13691 13692 13276)
4(13675 13676 13692 13691)
4(13261 13277 13693 13677)
4(13276 13692 13693 13277)
4(13676 13677 13693 13692)
4(13262 13278 13694 13678)
4(13277 13693 13694 13278)
4(13677 13678 13694 13693)
4(13263 13279 13695 13679)
4(13278 13694 13695 13279)
4(13678 13679 13695 13694)
4(13279 13695 13696 13280)
4(13679 13680 13696 13695)
4(13265 13281 13697 13681)
4(10633 10634 13697 13281)
4(10632 13681 13697 10634)
4(13266 13282 13698 13682)
4(13281 13697 13698 13282)
4(13681 13682 13698 13697)
4(13267 13283 13699 13683)
4(13282 13698 13699 13283)
4(13682 13683 13699 13698)
4(13268 13284 13700 13684)
4(13283 13699 13700 13284)
4(13683 13684 13700 13699)
4(13269 13285 13701 13685)
4(13284 13700 13701 13285)
4(13684 13685 13701 13700)
4(13270 13286 13702 13686)
4(13285 13701 13702 13286)
4(13685 13686 13702 13701)
4(13271 13287 13703 13687)
4(13286 13702 13703 13287)
4(13686 13687 13703 13702)
4(13272 13288 13704 13688)
4(13287 13703 13704 13288)
4(13687 13688 13704 13703)
4(13273 13289 13705 13689)
4(13288 13704 13705 13289)
4(13688 13689 13705 13704)
4(13274 13290 13706 13690)
4(13289 13705 13706 13290)
4(13689 13690 13706 13705)
4(13275 13291 13707 13691)
4(13290 13706 13707 13291)
4(13690 13691 13707 13706)
4(13276 13292 13708 13692)
4(13291 13707 13708 13292)
4(13691 13692 13708 13707)
4(13277 13293 13709 13693)
4(13292 13708 13709 13293)
4(13692 13693 13709 13708)
4(13278 13294 13710 13694)
4(13293 13709 13710 13294)
4(13693 13694 13710 13709)
4(13279 13295 13711 13695)
4(13294 13710 13711 13295)
4(13694 13695 13711 13710)
4(13295 13711 13712 13296)
4(13695 13696 13712 13711)
4(13281 13297 13713 13697)
4(10635 10636 13713 13297)
4(10634 13697 13713 10636)
4(13282 13298 13714 13698)
4(13297 13713 13714 13298)
4(13697 13698 13714 13713)
4(13283 13299 13715 13699)
4(13298 13714 13715 13299)
4(13698 13699 13715 13714)
4(13284 13300 13716 13700)
4(13299 13715 13716 13300)
4(13699 13700 13716 13715)
4(13285 13301 13717 13701)
4(13300 13716 13717 13301)
4(13700 13701 13717 13716)
4(13286 13302 13718 13702)
4(13301 13717 13718 13302)
4(13701 13702 13718 13717)
4(13287 13303 13719 13703)
4(13302 13718 13719 13303)
4(13702 13703 13719 13718)
4(13288 13304 13720 13704)
4(13303 13719 13720 13304)
4(13703 13704 13720 13719)
4(13289 13305 13721 13705)
4(13304 13720 13721 13305)
4(13704 13705 13721 13720)
4(13290 13306 13722 13706)
4(13305 13721 13722 13306)
4(13705 13706 13722 13721)
4(13291 13307 13723 13707)
4(13306 13722 13723 13307)
4(13706 13707 13723 13722)
4(13292 13308 13724 13708)
4(13307 13723 13724 13308)
4(13707 13708 13724 13723)
4(13293 13309 13725 13709)
4(13308 13724 13725 13309)
4(13708 13709 13725 13724)
4(13294 13310 13726 13710)
4(13309 13725 13726 13310)
4(13709 13710 13726 13725)
4(13295 13311 13727 13711)
4(13310 13726 13727 13311)
4(13710 13711 13727 13726)
4(13311 13727 13728 13312)
4(13711 13712 13728 13727)
4(13297 13313 13729 13713)
4(10637 10638 13729 13313)
4(10636 13713 13729 10638)
4(13298 13314 13730 13714)
4(13313 13729 13730 13314)
4(13713 13714 13730 13729)
4(13299 13315 13731 13715)
4(13314 13730 13731 13315)
4(13714 13715 13731 13730)
4(13300 13316 13732 13716)
4(13315 13731 13732 13316)
4(13715 13716 13732 13731)
4(13301 13317 13733 13717)
4(13316 13732 13733 13317)
4(13716 13717 13733 13732)
4(13302 13318 13734 13718)
4(13317 13733 13734 13318)
4(13717 13718 13734 13733)
4(13303 13319 13735 13719)
4(13318 13734 13735 13319)
4(13718 13719 13735 13734)
4(13304 13320 13736 13720)
4(13319 13735 13736 13320)
4(13719 13720 13736 13735)
4(13305 13321 13737 13721)
4(13320 13736 13737 13321)
4(13720 13721 13737 13736)
4(13306 13322 13738 13722)
4(13321 13737 13738 13322)
4(13721 13722 13738 13737)
4(13307 13323 13739 13723)
4(13322 13738 13739 13323)
4(13722 13723 13739 13738)
4(13308 13324 13740 13724)
4(13323 13739 13740 13324)
4(13723 13724 13740 13739)
4(13309 13325 13741 13725)
4(13324 13740 13741 13325)
4(13724 13725 13741 13740)
4(13310 13326 13742 13726)
4(13325 13741 13742 13326)
4(13725 13726 13742 13741)
4(13311 13327 13743 13727)
4(13326 13742 13743 13327)
4(13726 13727 13743 13742)
4(13327 13743 13744 13328)
4(13727 13728 13744 13743)
4(13313 13329 13745 13729)
4(10639 10640 13745 13329)
4(10638 13729 13745 10640)
4(13314 13330 13746 13730)
4(13329 13745 13746 13330)
4(13729 13730 13746 13745)
4(13315 13331 13747 13731)
4(13330 13746 13747 13331)
4(13730 13731 13747 13746)
4(13316 13332 13748 13732)
4(13331 13747 13748 13332)
4(13731 13732 13748 13747)
4(13317 13333 13749 13733)
4(13332 13748 13749 13333)
4(13732 13733 13749 13748)
4(13318 13334 13750 13734)
4(13333 13749 13750 13334)
4(13733 13734 13750 13749)
4(13319 13335 13751 13735)
4(13334 13750 13751 13335)
4(13734 13735 13751 13750)
4(13320 13336 13752 13736)
4(13335 13751 13752 13336)
4(13735 13736 13752 13751)
4(13321 13337 13753 13737)
4(13336 13752 13753 13337)
4(13736 13737 13753 13752)
4(13322 13338 13754 13738)
4(13337 13753 13754 13338)
4(13737 13738 13754 13753)
4(13323 13339 13755 13739)
4(13338 13754 13755 13339)
4(13738 13739 13755 13754)
4(13324 13340 13756 13740)
4(13339 13755 13756 13340)
4(13739 13740 13756 13755)
4(13325 13341 13757 13741)
4(13340 13756 13757 13341)
4(13740 13741 13757 13756)
4(13326 13342 13758 13742)
4(13341 13757 13758 13342)
4(13741 13742 13758 13757)
4(13327 13343 13759 13743)
4(13342 13758 13759 13343)
4(13742 13743 13759 13758)
4(13343 13759 13760 13344)
4(13743 13744 13760 13759)
4(13329 13345 13761 13745)
4(10641 10642 13761 13345)
4(10640 13745 13761 10642)
4(13330 13346 13762 13746)
4(13345 13761 13762 13346)
4(13745 13746 13762 13761)
4(13331 13347 13763 13747)
4(13346 13762 13763 13347)
4(13746 13747 13763 13762)
4(13332 13348 13764 13748)
4(13347 13763 13764 13348)
4(13747 13748 13764 13763)
4(13333 13349 13765 13749)
4(13348 13764 13765 13349)
4(13748 13749 13765 13764)
4(13334 13350 13766 13750)
4(13349 13765 13766 13350)
4(13749 13750 13766 13765)
4(13335 13351 13767 13751)
4(13350 13766 13767 13351)
4(13750 13751 13767 13766)
4(13336 13352 13768 13752)
4(13351 13767 13768 13352)
4(13751 13752 13768 13767)
4(13337 13353 13769 13753)
4(13352 13768 13769 13353)
4(13752 13753 13769 13768)
4(13338 13354 13770 13754)
4(13353 13769 13770 13354)
4(13753 13754 13770 13769)
4(13339 13355 13771 13755)
4(13354 13770 13771 13355)
4(13754 13755 13771 13770)
4(13340 13356 13772 13756)
4(13355 13771 13772 13356)
4(13755 13756 13772 13771)
4(13341 13357 13773 13757)
4(13356 13772 13773 13357)
4(13756 13757 13773 13772)
4(13342 13358 13774 13758)
4(13357 13773 13774 13358)
4(13757 13758 13774 13773)
4(13343 13359 13775 13759)
4(13358 13774 13775 13359)
4(13758 13759 13775 13774)
4(13359 13775 13776 13360)
4(13759 13760 13776 13775)
4(13345 13361 13777 13761)
4(10643 10644 13777 13361)
4(10642 13761 13777 10644)
4(13346 13362 13778 13762)
4(13361 13777 13778 13362)
4(13761 13762 13778 13777)
4(13347 13363 13779 13763)
4(13362 13778 13779 13363)
4(13762 13763 13779 13778)
4(13348 13364 13780 13764)
4(13363 13779 13780 13364)
4(13763 13764 13780 13779)
4(13349 13365 13781 13765)
4(13364 13780 13781 13365)
4(13764 13765 13781 13780)
4(13350 13366 13782 13766)
4(13365 13781 13782 13366)
4(13765 13766 13782 13781)
4(13351 13367 13783 13767)
4(13366 13782 13783 13367)
4(13766 13767 13783 13782)
4(13352 13368 13784 13768)
4(13367 13783 13784 13368)
4(13767 13768 13784 13783)
4(13353 13369 13785 13769)
4(13368 13784 13785 13369)
4(13768 13769 13785 13784)
4(13354 13370 13786 13770)
4(13369 13785 13786 13370)
4(13769 13770 13786 13785)
4(13355 13371 13787 13771)
4(13370 13786 13787 13371)
4(13770 13771 13787 13786)
4(13356 13372 13788 13772)
4(13371 13787 13788 13372)
4(13771 13772 13788 13787)
4(13357 13373 13789 13773)
4(13372 13788 13789 13373)
4(13772 13773 13789 13788)
4(13358 13374 13790 13774)
4(13373 13789 13790 13374)
4(13773 13774 13790 13789)
4(13359 13375 13791 13775)
4(13374 13790 13791 13375)
4(13774 13775 13791 13790)
4(13375 13791 13792 13376)
4(13775 13776 13792 13791)
4(13361 13377 13793 13777)
4(10645 10646 13793 13377)
4(10644 13777 13793 10646)
4(13362 13378 13794 13778)
4(13377 13793 13794 13378)
4(13777 13778 13794 13793)
4(13363 13379 13795 13779)
4(13378 13794 13795 13379)
4(13778 13779 13795 13794)
4(13364 13380 13796 13780)
4(13379 13795 13796 13380)
4(13779 13780 13796 13795)
4(13365 13381 13797 13781)
4(13380 13796 13797 13381)
4(13780 13781 13797 13796)
4(13366 13382 13798 13782)
4(13381 13797 13798 13382)
4(13781 13782 13798 13797)
4(13367 13383 13799 13783)
4(13382 13798 13799 13383)
4(13782 13783 13799 13798)
4(13368 13384 13800 13784)
4(13383 13799 13800 13384)
4(13783 13784 13800 13799)
4(13369 13385 13801 13785)
4(13384 13800 13801 13385)
4(13784 13785 13801 13800)
4(13370 13386 13802 13786)
4(13385 13801 13802 13386)
4(13785 13786 13802 13801)
4(13371 13387 13803 13787)
4(13386 13802 13803 13387)
4(13786 13787 13803 13802)
4(13372 13388 13804 13788)
4(13387 13803 13804 13388)
4(13787 13788 13804 13803)
4(13373 13389 13805 13789)
4(13388 13804 13805 13389)
4(13788 13789 13805 13804)
4(13374 13390 13806 13790)
4(13389 13805 13806 13390)
4(13789 13790 13806 13805)
4(13375 13391 13807 13791)
4(13390 13806 13807 13391)
4(13790 13791 13807 13806)
4(13391 13807 13808 13392)
4(13791 13792 13808 13807)
4(13377 13393 13809 13793)
4(10647 10648 13809 13393)
4(10646 13793 13809 10648)
4(13378 13394 13810 13794)
4(13393 13809 13810 13394)
4(13793 13794 13810 13809)
4(13379 13395 13811 13795)
4(13394 13810 13811 13395)
4(13794 13795 13811 13810)
4(13380 13396 13812 13796)
4(13395 13811 13812 13396)
4(13795 13796 13812 13811)
4(13381 13397 13813 13797)
4(13396 13812 13813 13397)
4(13796 13797 13813 13812)
4(13382 13398 13814 13798)
4(13397 13813 13814 13398)
4(13797 13798 13814 13813)
4(13383 13399 13815 13799)
4(13398 13814 13815 13399)
4(13798 13799 13815 13814)
4(13384 13400 13816 13800)
4(13399 13815 13816 13400)
4(13799 13800 13816 13815)
4(13385 13401 13817 13801)
4(13400 13816 13817 13401)
4(13800 13801 13817 13816)
4(13386 13402 13818 13802)
4(13401 13817 13818 13402)
4(13801 13802 13818 13817)
4(13387 13403 13819 13803)
4(13402 13818 13819 13403)
4(13802 13803 13819 13818)
4(13388 13404 13820 13804)
4(13403 13819 13820 13404)
4(13803 13804 13820 13819)
4(13389 13405 13821 13805)
4(13404 13820 13821 13405)
4(13804 13805 13821 13820)
4(13390 13406 13822 13806)
4(13405 13821 13822 13406)
4(13805 13806 13822 13821)
4(13391 13407 13823 13807)
4(13406 13822 13823 13407)
4(13806 13807 13823 13822)
4(13407 13823 13824 13408)
4(13807 13808 13824 13823)
4(13393 13409 13825 13809)
4(10649 10650 13825 13409)
4(10648 13809 13825 10650)
4(13394 13410 13826 13810)
4(13409 13825 13826 13410)
4(13809 13810 13826 13825)
4(13395 13411 13827 13811)
4(13410 13826 13827 13411)
4(13810 13811 13827 13826)
4(13396 13412 13828 13812)
4(13411 13827 13828 13412)
4(13811 13812 13828 13827)
4(13397 13413 13829 13813)
4(13412 13828 13829 13413)
4(13812 13813 13829 13828)
4(13398 13414 13830 13814)
4(13413 13829 13830 13414)
4(13813 13814 13830 13829)
4(13399 13415 13831 13815)
4(13414 13830 13831 13415)
4(13814 13815 13831 13830)
4(13400 13416 13832 13816)
4(13415 13831 13832 13416)
4(13815 13816 13832 13831)
4(13401 13417 13833 13817)
4(13416 13832 13833 13417)
4(13816 13817 13833 13832)
4(13402 13418 13834 13818)
4(13417 13833 13834 13418)
4(13817 13818 13834 13833)
4(13403 13419 13835 13819)
4(13418 13834 13835 13419)
4(13818 13819 13835 13834)
4(13404 13420 13836 13820)
4(13419 13835 13836 13420)
4(13819 13820 13836 13835)
4(13405 13421 13837 13821)
4(13420 13836 13837 13421)
4(13820 13821 13837 13836)
4(13406 13422 13838 13822)
4(13421 13837 13838 13422)
4(13821 13822 13838 13837)
4(13407 13423 13839 13823)
4(13422 13838 13839 13423)
4(13822 13823 13839 13838)
4(13423 13839 13840 13424)
4(13823 13824 13840 13839)
4(13409 13425 13841 13825)
4(10651 10652 13841 13425)
4(10650 13825 13841 10652)
4(13410 13426 13842 13826)
4(13425 13841 13842 13426)
4(13825 13826 13842 13841)
4(13411 13427 13843 13827)
4(13426 13842 13843 13427)
4(13826 13827 13843 13842)
4(13412 13428 13844 13828)
4(13427 13843 13844 13428)
4(13827 13828 13844 13843)
4(13413 13429 13845 13829)
4(13428 13844 13845 13429)
4(13828 13829 13845 13844)
4(13414 13430 13846 13830)
4(13429 13845 13846 13430)
4(13829 13830 13846 13845)
4(13415 13431 13847 13831)
4(13430 13846 13847 13431)
4(13830 13831 13847 13846)
4(13416 13432 13848 13832)
4(13431 13847 13848 13432)
4(13831 13832 13848 13847)
4(13417 13433 13849 13833)
4(13432 13848 13849 13433)
4(13832 13833 13849 13848)
4(13418 13434 13850 13834)
4(13433 13849 13850 13434)
4(13833 13834 13850 13849)
4(13419 13435 13851 13835)
4(13434 13850 13851 13435)
4(13834 13835 13851 13850)
4(13420 13436 13852 13836)
4(13435 13851 13852 13436)
4(13835 13836 13852 13851)
4(13421 13437 13853 13837)
4(13436 13852 13853 13437)
4(13836 13837 13853 13852)
4(13422 13438 13854 13838)
4(13437 13853 13854 13438)
4(13837 13838 13854 13853)
4(13423 13439 13855 13839)
4(13438 13854 13855 13439)
4(13838 13839 13855 13854)
4(13439 13855 13856 13440)
4(13839 13840 13856 13855)
4(13425 13441 13857 13841)
4(10653 10654 13857 13441)
4(10652 13841 13857 10654)
4(13426 13442 13858 13842)
4(13441 13857 13858 13442)
4(13841 13842 13858 13857)
4(13427 13443 13859 13843)
4(13442 13858 13859 13443)
4(13842 13843 13859 13858)
4(13428 13444 13860 13844)
4(13443 13859 13860 13444)
4(13843 13844 13860 13859)
4(13429 13445 13861 13845)
4(13444 13860 13861 13445)
4(13844 13845 13861 13860)
4(13430 13446 13862 13846)
4(13445 13861 13862 13446)
4(13845 13846 13862 13861)
4(13431 13447 13863 13847)
4(13446 13862 13863 13447)
4(13846 13847 13863 13862)
4(13432 13448 13864 13848)
4(13447 13863 13864 13448)
4(13847 13848 13864 13863)
4(13433 13449 13865 13849)
4(13448 13864 13865 13449)
4(13848 13849 13865 13864)
4(13434 13450 13866 13850)
4(13449 13865 13866 13450)
4(13849 13850 13866 13865)
4(13435 13451 13867 13851)
4(13450 13866 13867 13451)
4(13850 13851 13867 13866)
4(13436 13452 13868 13852)
4(13451 13867 13868 13452)
4(13851 13852 13868 13867)
4(13437 13453 13869 13853)
4(13452 13868 13869 13453)
4(13852 13853 13869 13868)
4(13438 13454 13870 13854)
4(13453 13869 13870 13454)
4(13853 13854 13870 13869)
4(13439 13455 13871 13855)
4(13454 13870 13871 13455)
4(13854 13855 13871 13870)
4(13455 13871 13872 13456)
4(13855 13856 13872 13871)
4(13441 13457 13873 13857)
4(10655 10656 13873 13457)
4(10654 13857 13873 10656)
4(13442 13458 13874 13858)
4(13457 13873 13874 13458)
4(13857 13858 13874 13873)
4(13443 13459 13875 13859)
4(13458 13874 13875 13459)
4(13858 13859 13875 13874)
4(13444 13460 13876 13860)
4(13459 13875 13876 13460)
4(13859 13860 13876 13875)
4(13445 13461 13877 13861)
4(13460 13876 13877 13461)
4(13860 13861 13877 13876)
4(13446 13462 13878 13862)
4(13461 13877 13878 13462)
4(13861 13862 13878 13877)
4(13447 13463 13879 13863)
4(13462 13878 13879 13463)
4(13862 13863 13879 13878)
4(13448 13464 13880 13864)
4(13463 13879 13880 13464)
4(13863 13864 13880 13879)
4(13449 13465 13881 13865)
4(13464 13880 13881 13465)
4(13864 13865 13881 13880)
4(13450 13466 13882 13866)
4(13465 13881 13882 13466)
4(13865 13866 13882 13881)
4(13451 13467 13883 13867)
4(13466 13882 13883 13467)
4(13866 13867 13883 13882)
4(13452 13468 13884 13868)
4(13467 13883 13884 13468)
4(13867 13868 13884 13883)
4(13453 13469 13885 13869)
4(13468 13884 13885 13469)
4(13868 13869 13885 13884)
4(13454 13470 13886 13870)
4(13469 13885 13886 13470)
4(13869 13870 13886 13885)
4(13455 13471 13887 13871)
4(13470 13886 13887 13471)
4(13870 13871 13887 13886)
4(13471 13887 13888 13472)
4(13871 13872 13888 13887)
4(13457 13473 13889 13873)
4(10657 10658 13889 13473)
4(10656 13873 13889 10658)
4(13458 13474 13890 13874)
4(13473 13889 13890 13474)
4(13873 13874 13890 13889)
4(13459 13475 13891 13875)
4(13474 13890 13891 13475)
4(13874 13875 13891 13890)
4(13460 13476 13892 13876)
4(13475 13891 13892 13476)
4(13875 13876 13892 13891)
4(13461 13477 13893 13877)
4(13476 13892 13893 13477)
4(13876 13877 13893 13892)
4(13462 13478 13894 13878)
4(13477 13893 13894 13478)
4(13877 13878 13894 13893)
4(13463 13479 13895 13879)
4(13478 13894 13895 13479)
4(13878 13879 13895 13894)
4(13464 13480 13896 13880)
4(13479 13895 13896 13480)
4(13879 13880 13896 13895)
4(13465 13481 13897 13881)
4(13480 13896 13897 13481)
4(13880 13881 13897 13896)
4(13466 13482 13898 13882)
4(13481 13897 13898 13482)
4(13881 13882 13898 13897)
4(13467 13483 13899 13883)
4(13482 13898 13899 13483)
4(13882 13883 13899 13898)
4(13468 13484 13900 13884)
4(13483 13899 13900 13484)
4(13883 13884 13900 13899)
4(13469 13485 13901 13885)
4(13484 13900 13901 13485)
4(13884 13885 13901 13900)
4(13470 13486 13902 13886)
4(13485 13901 13902 13486)
4(13885 13886 13902 13901)
4(13471 13487 13903 13887)
4(13486 13902 13903 13487)
4(13886 13887 13903 13902)
4(13487 13903 13904 13488)
4(13887 13888 13904 13903)
4(13473 13489 13905 13889)
4(10659 10660 13905 13489)
4(10658 13889 13905 10660)
4(13474 13490 13906 13890)
4(13489 13905 13906 13490)
4(13889 13890 13906 13905)
4(13475 13491 13907 13891)
4(13490 13906 13907 13491)
4(13890 13891 13907 13906)
4(13476 13492 13908 13892)
4(13491 13907 13908 13492)
4(13891 13892 13908 13907)
4(13477 13493 13909 13893)
4(13492 13908 13909 13493)
4(13892 13893 13909 13908)
4(13478 13494 13910 13894)
4(13493 13909 13910 13494)
4(13893 13894 13910 13909)
4(13479 13495 13911 13895)
4(13494 13910 13911 13495)
4(13894 13895 13911 13910)
4(13480 13496 13912 13896)
4(13495 13911 13912 13496)
4(13895 13896 13912 13911)
4(13481 13497 13913 13897)
4(13496 13912 13913 13497)
4(13896 13897 13913 13912)
4(13482 13498 13914 13898)
4(13497 13913 13914 13498)
4(13897 13898 13914 13913)
4(13483 13499 13915 13899)
4(13498 13914 13915 13499)
4(13898 13899 13915 13914)
4(13484 13500 13916 13900)
4(13499 13915 13916 13500)
4(13899 13900 13916 13915)
4(13485 13501 13917 13901)
4(13500 13916 13917 13501)
4(13900 13901 13917 13916)
4(13486 13502 13918 13902)
4(13501 13917 13918 13502)
4(13901 13902 13918 13917)
4(13487 13503 13919 13903)
4(13502 13918 13919 13503)
4(13902 13903 13919 13918)
4(13503 13919 13920 13504)
4(13903 13904 13920 13919)
4(13489 13505 13921 13905)
4(10661 10662 13921 13505)
4(10660 13905 13921 10662)
4(13490 13506 13922 13906)
4(13505 13921 13922 13506)
4(13905 13906 13922 13921)
4(13491 13507 13923 13907)
4(13506 13922 13923 13507)
4(13906 13907 13923 13922)
4(13492 13508 13924 13908)
4(13507 13923 13924 13508)
4(13907 13908 13924 13923)
4(13493 13509 13925 13909)
4(13508 13924 13925 13509)
4(13908 13909 13925 13924)
4(13494 13510 13926 13910)
4(13509 13925 13926 13510)
4(13909 13910 13926 13925)
4(13495 13511 13927 13911)
4(13510 13926 13927 13511)
4(13910 13911 13927 13926)
4(13496 13512 13928 13912)
4(13511 13927 13928 13512)
4(13911 13912 13928 13927)
4(13497 13513 13929 13913)
4(13512 13928 13929 13513)
4(13912 13913 13929 13928)
4(13498 13514 13930 13914)
4(13513 13929 13930 13514)
4(13913 13914 13930 13929)
4(13499 13515 13931 13915)
4(13514 13930 13931 13515)
4(13914 13915 13931 13930)
4(13500 13516 13932 13916)
4(13515 13931 13932 13516)
4(13915 13916 13932 13931)
4(13501 13517 13933 13917)
4(13516 13932 13933 13517)
4(13916 13917 13933 13932)
4(13502 13518 13934 13918)
4(13517 13933 13934 13518)
4(13917 13918 13934 13933)
4(13503 13519 13935 13919)
4(13518 13934 13935 13519)
4(13918 13919 13935 13934)
4(13519 13935 13936 13520)
4(13919 13920 13936 13935)
4(13505 13521 13937 13921)
4(10662 13921 13937 10664)
4(13506 13522 13938 13922)
4(13921 13922 13938 13937)
4(13507 13523 13939 13923)
4(13922 13923 13939 13938)
4(13508 13524 13940 13924)
4(13923 13924 13940 13939)
4(13509 13525 13941 13925)
4(13924 13925 13941 13940)
4(13510 13526 13942 13926)
4(13925 13926 13942 13941)
4(13511 13527 13943 13927)
4(13926 13927 13943 13942)
4(13512 13528 13944 13928)
4(13927 13928 13944 13943)
4(13513 13529 13945 13929)
4(13928 13929 13945 13944)
4(13514 13530 13946 13930)
4(13929 13930 13946 13945)
4(13515 13531 13947 13931)
4(13930 13931 13947 13946)
4(13516 13532 13948 13932)
4(13931 13932 13948 13947)
4(13517 13533 13949 13933)
4(13932 13933 13949 13948)
4(13518 13534 13950 13934)
4(13933 13934 13950 13949)
4(13519 13535 13951 13935)
4(13934 13935 13951 13950)
4(13935 13936 13952 13951)
4(112 13537 162 145)
4(143 161 162 13537)
4(114 13538 163 146)
4(13537 162 163 13538)
4(116 13539 164 147)
4(13538 163 164 13539)
4(118 13540 13953 148)
4(13539 164 13953 13540)
4(147 148 13953 164)
4(120 13541 13954 149)
4(13540 13953 13954 13541)
4(148 149 13954 13953)
4(122 13542 13955 150)
4(13541 13954 13955 13542)
4(149 150 13955 13954)
4(124 13543 13956 151)
4(13542 13955 13956 13543)
4(150 151 13956 13955)
4(126 13544 13957 152)
4(13543 13956 13957 13544)
4(151 152 13957 13956)
4(128 13545 13958 153)
4(13544 13957 13958 13545)
4(152 153 13958 13957)
4(130 13546 13959 154)
4(13545 13958 13959 13546)
4(153 154 13959 13958)
4(13546 13959 13960 13547)
4(154 155 13960 13959)
4(134 13548 13961 156)
4(10613 10665 13961 13548)
4(53 156 13961 10665)
4(136 13549 13962 157)
4(13548 13961 13962 13549)
4(156 157 13962 13961)
4(138 13550 13963 158)
4(13549 13962 13963 13550)
4(157 158 13963 13962)
4(141 13551 13964 159)
4(13550 13963 13964 13551)
4(158 159 13964 13963)
4(142 13552 13965 160)
4(13551 13964 13965 13552)
4(159 160 13965 13964)
4(143 13553 13966 161)
4(13552 13965 13966 13553)
4(160 161 13966 13965)
4(13537 13554 13967 162)
4(13553 13966 13967 13554)
4(161 162 13967 13966)
4(13538 13555 13968 163)
4(13554 13967 13968 13555)
4(162 163 13968 13967)
4(13539 13556 13969 164)
4(13555 13968 13969 13556)
4(163 164 13969 13968)
4(13540 13557 13970 13953)
4(13556 13969 13970 13557)
4(164 13953 13970 13969)
4(13541 13558 13971 13954)
4(13557 13970 13971 13558)
4(13953 13954 13971 13970)
4(13542 13559 13972 13955)
4(13558 13971 13972 13559)
4(13954 13955 13972 13971)
4(13543 13560 13973 13956)
4(13559 13972 13973 13560)
4(13955 13956 13973 13972)
4(13544 13561 13974 13957)
4(13560 13973 13974 13561)
4(13956 13957 13974 13973)
4(13545 13562 13975 13958)
4(13561 13974 13975 13562)
4(13957 13958 13975 13974)
4(13546 13563 13976 13959)
4(13562 13975 13976 13563)
4(13958 13959 13976 13975)
4(13563 13976 13977 13564)
4(13959 13960 13977 13976)
4(13548 13565 13978 13961)
4(10615 10666 13978 13565)
4(10665 13961 13978 10666)
4(13549 13566 13979 13962)
4(13565 13978 13979 13566)
4(13961 13962 13979 13978)
4(13550 13567 13980 13963)
4(13566 13979 13980 13567)
4(13962 13963 13980 13979)
4(13551 13568 13981 13964)
4(13567 13980 13981 13568)
4(13963 13964 13981 13980)
4(13552 13569 13982 13965)
4(13568 13981 13982 13569)
4(13964 13965 13982 13981)
4(13553 13570 13983 13966)
4(13569 13982 13983 13570)
4(13965 13966 13983 13982)
4(13554 13571 13984 13967)
4(13570 13983 13984 13571)
4(13966 13967 13984 13983)
4(13555 13572 13985 13968)
4(13571 13984 13985 13572)
4(13967 13968 13985 13984)
4(13556 13573 13986 13969)
4(13572 13985 13986 13573)
4(13968 13969 13986 13985)
4(13557 13574 13987 13970)
4(13573 13986 13987 13574)
4(13969 13970 13987 13986)
4(13558 13575 13988 13971)
4(13574 13987 13988 13575)
4(13970 13971 13988 13987)
4(13559 13576 13989 13972)
4(13575 13988 13989 13576)
4(13971 13972 13989 13988)
4(13560 13577 13990 13973)
4(13576 13989 13990 13577)
4(13972 13973 13990 13989)
4(13561 13578 13991 13974)
4(13577 13990 13991 13578)
4(13973 13974 13991 13990)
4(13562 13579 13992 13975)
4(13578 13991 13992 13579)
4(13974 13975 13992 13991)
4(13563 13580 13993 13976)
4(13579 13992 13993 13580)
4(13975 13976 13993 13992)
4(13580 13993 13994 13581)
4(13976 13977 13994 13993)
4(13565 13582 13995 13978)
4(10617 10667 13995 13582)
4(10666 13978 13995 10667)
4(13566 13583 13996 13979)
4(13582 13995 13996 13583)
4(13978 13979 13996 13995)
4(13567 13584 13997 13980)
4(13583 13996 13997 13584)
4(13979 13980 13997 13996)
4(13568 13585 13998 13981)
4(13584 13997 13998 13585)
4(13980 13981 13998 13997)
4(13569 13586 13999 13982)
4(13585 13998 13999 13586)
4(13981 13982 13999 13998)
4(13570 13587 14000 13983)
4(13586 13999 14000 13587)
4(13982 13983 14000 13999)
4(13571 13588 14001 13984)
4(13587 14000 14001 13588)
4(13983 13984 14001 14000)
4(13572 13589 14002 13985)
4(13588 14001 14002 13589)
4(13984 13985 14002 14001)
4(13573 13590 14003 13986)
4(13589 14002 14003 13590)
4(13985 13986 14003 14002)
4(13574 13591 14004 13987)
4(13590 14003 14004 13591)
4(13986 13987 14004 14003)
4(13575 13592 14005 13988)
4(13591 14004 14005 13592)
4(13987 13988 14005 14004)
4(13576 13593 14006 13989)
4(13592 14005 14006 13593)
4(13988 13989 14006 14005)
4(13577 13594 14007 13990)
4(13593 14006 14007 13594)
4(13989 13990 14007 14006)
4(13578 13595 14008 13991)
4(13594 14007 14008 13595)
4(13990 13991 14008 14007)
4(13579 13596 14009 13992)
4(13595 14008 14009 13596)
4(13991 13992 14009 14008)
4(13580 13597 14010 13993)
4(13596 14009 14010 13597)
4(13992 13993 14010 14009)
4(13597 14010 14011 13598)
4(13993 13994 14011 14010)
4(13582 13599 14012 13995)
4(10619 10668 14012 13599)
4(10667 13995 14012 10668)
4(13583 13600 14013 13996)
4(13599 14012 14013 13600)
4(13995 13996 14013 14012)
4(13584 13601 14014 13997)
4(13600 14013 14014 13601)
4(13996 13997 14014 14013)
4(13585 13602 14015 13998)
4(13601 14014 14015 13602)
4(13997 13998 14015 14014)
4(13586 13603 14016 13999)
4(13602 14015 14016 13603)
4(13998 13999 14016 14015)
4(13587 13604 14017 14000)
4(13603 14016 14017 13604)
4(13999 14000 14017 14016)
4(13588 13605 14018 14001)
4(13604 14017 14018 13605)
4(14000 14001 14018 14017)
4(13589 13606 14019 14002)
4(13605 14018 14019 13606)
4(14001 14002 14019 14018)
4(13590 13607 14020 14003)
4(13606 14019 14020 13607)
4(14002 14003 14020 14019)
4(13591 13608 14021 14004)
4(13607 14020 14021 13608)
4(14003 14004 14021 14020)
4(13592 13609 14022 14005)
4(13608 14021 14022 13609)
4(14004 14005 14022 14021)
4(13593 13610 14023 14006)
4(13609 14022 14023 13610)
4(14005 14006 14023 14022)
4(13594 13611 14024 14007)
4(13610 14023 14024 13611)
4(14006 14007 14024 14023)
4(13595 13612 14025 14008)
4(13611 14024 14025 13612)
4(14007 14008 14025 14024)
4(13596 13613 14026 14009)
4(13612 14025 14026 13613)
4(14008 14009 14026 14025)
4(13597 13614 14027 14010)
4(13613 14026 14027 13614)
4(14009 14010 14027 14026)
4(13614 14027 14028 13615)
4(14010 14011 14028 14027)
4(13599 13616 14029 14012)
4(10621 10669 14029 13616)
4(10668 14012 14029 10669)
4(13600 13617 14030 14013)
4(13616 14029 14030 13617)
4(14012 14013 14030 14029)
4(13601 13618 14031 14014)
4(13617 14030 14031 13618)
4(14013 14014 14031 14030)
4(13602 13619 14032 14015)
4(13618 14031 14032 13619)
4(14014 14015 14032 14031)
4(13603 13620 14033 14016)
4(13619 14032 14033 13620)
4(14015 14016 14033 14032)
4(13604 13621 14034 14017)
4(13620 14033 14034 13621)
4(14016 14017 14034 14033)
4(13605 13622 14035 14018)
4(13621 14034 14035 13622)
4(14017 14018 14035 14034)
4(13606 13623 14036 14019)
4(13622 14035 14036 13623)
4(14018 14019 14036 14035)
4(13607 13624 14037 14020)
4(13623 14036 14037 13624)
4(14019 14020 14037 14036)
4(13608 13625 14038 14021)
4(13624 14037 14038 13625)
4(14020 14021 14038 14037)
4(13609 13626 14039 14022)
4(13625 14038 14039 13626)
4(14021 14022 14039 14038)
4(13610 13627 14040 14023)
4(13626 14039 14040 13627)
4(14022 14023 14040 14039)
4(13611 13628 14041 14024)
4(13627 14040 14041 13628)
4(14023 14024 14041 14040)
4(13612 13629 14042 14025)
4(13628 14041 14042 13629)
4(14024 14025 14042 14041)
4(13613 13630 14043 14026)
4(13629 14042 14043 13630)
4(14025 14026 14043 14042)
4(13614 13631 14044 14027)
4(13630 14043 14044 13631)
4(14026 14027 14044 14043)
4(13631 14044 14045 13632)
4(14027 14028 14045 14044)
4(13616 10625 14046 14029)
4(10623 10670 14046 10625)
4(10669 14029 14046 10670)
4(13617 13633 14047 14030)
4(10625 14046 14047 13633)
4(14029 14030 14047 14046)
4(13618 13634 14048 14031)
4(13633 14047 14048 13634)
4(14030 14031 14048 14047)
4(13619 13635 14049 14032)
4(13634 14048 14049 13635)
4(14031 14032 14049 14048)
4(13620 13636 14050 14033)
4(13635 14049 14050 13636)
4(14032 14033 14050 14049)
4(13621 13637 14051 14034)
4(13636 14050 14051 13637)
4(14033 14034 14051 14050)
4(13622 13638 14052 14035)
4(13637 14051 14052 13638)
4(14034 14035 14052 14051)
4(13623 13639 14053 14036)
4(13638 14052 14053 13639)
4(14035 14036 14053 14052)
4(13624 13640 14054 14037)
4(13639 14053 14054 13640)
4(14036 14037 14054 14053)
4(13625 13641 14055 14038)
4(13640 14054 14055 13641)
4(14037 14038 14055 14054)
4(13626 13642 14056 14039)
4(13641 14055 14056 13642)
4(14038 14039 14056 14055)
4(13627 13643 14057 14040)
4(13642 14056 14057 13643)
4(14039 14040 14057 14056)
4(13628 13644 14058 14041)
4(13643 14057 14058 13644)
4(14040 14041 14058 14057)
4(13629 13645 14059 14042)
4(13644 14058 14059 13645)
4(14041 14042 14059 14058)
4(13630 13646 14060 14043)
4(13645 14059 14060 13646)
4(14042 14043 14060 14059)
4(13631 13647 14061 14044)
4(13646 14060 14061 13647)
4(14043 14044 14061 14060)
4(13647 14061 14062 13648)
4(14044 14045 14062 14061)
4(10625 10627 10672 14046)
4(10670 14046 10672 10671)
4(13633 13649 14063 14047)
4(10627 10672 14063 13649)
4(14046 14047 14063 10672)
4(13634 13650 14064 14048)
4(13649 14063 14064 13650)
4(14047 14048 14064 14063)
4(13635 13651 14065 14049)
4(13650 14064 14065 13651)
4(14048 14049 14065 14064)
4(13636 13652 14066 14050)
4(13651 14065 14066 13652)
4(14049 14050 14066 14065)
4(13637 13653 14067 14051)
4(13652 14066 14067 13653)
4(14050 14051 14067 14066)
4(13638 13654 14068 14052)
4(13653 14067 14068 13654)
4(14051 14052 14068 14067)
4(13639 13655 14069 14053)
4(13654 14068 14069 13655)
4(14052 14053 14069 14068)
4(13640 13656 14070 14054)
4(13655 14069 14070 13656)
4(14053 14054 14070 14069)
4(13641 13657 14071 14055)
4(13656 14070 14071 13657)
4(14054 14055 14071 14070)
4(13642 13658 14072 14056)
4(13657 14071 14072 13658)
4(14055 14056 14072 14071)
4(13643 13659 14073 14057)
4(13658 14072 14073 13659)
4(14056 14057 14073 14072)
4(13644 13660 14074 14058)
4(13659 14073 14074 13660)
4(14057 14058 14074 14073)
4(13645 13661 14075 14059)
4(13660 14074 14075 13661)
4(14058 14059 14075 14074)
4(13646 13662 14076 14060)
4(13661 14075 14076 13662)
4(14059 14060 14076 14075)
4(13647 13663 14077 14061)
4(13662 14076 14077 13663)
4(14060 14061 14077 14076)
4(13663 14077 14078 13664)
4(14061 14062 14078 14077)
4(13649 13665 14079 14063)
4(10630 10673 14079 13665)
4(10672 14063 14079 10673)
4(13650 13666 14080 14064)
4(13665 14079 14080 13666)
4(14063 14064 14080 14079)
4(13651 13667 14081 14065)
4(13666 14080 14081 13667)
4(14064 14065 14081 14080)
4(13652 13668 14082 14066)
4(13667 14081 14082 13668)
4(14065 14066 14082 14081)
4(13653 13669 14083 14067)
4(13668 14082 14083 13669)
4(14066 14067 14083 14082)
4(13654 13670 14084 14068)
4(13669 14083 14084 13670)
4(14067 14068 14084 14083)
4(13655 13671 14085 14069)
4(13670 14084 14085 13671)
4(14068 14069 14085 14084)
4(13656 13672 14086 14070)
4(13671 14085 14086 13672)
4(14069 14070 14086 14085)
4(13657 13673 14087 14071)
4(13672 14086 14087 13673)
4(14070 14071 14087 14086)
4(13658 13674 14088 14072)
4(13673 14087 14088 13674)
4(14071 14072 14088 14087)
4(13659 13675 14089 14073)
4(13674 14088 14089 13675)
4(14072 14073 14089 14088)
4(13660 13676 14090 14074)
4(13675 14089 14090 13676)
4(14073 14074 14090 14089)
4(13661 13677 14091 14075)
4(13676 14090 14091 13677)
4(14074 14075 14091 14090)
4(13662 13678 14092 14076)
4(13677 14091 14092 13678)
4(14075 14076 14092 14091)
4(13663 13679 14093 14077)
4(13678 14092 14093 13679)
4(14076 14077 14093 14092)
4(13679 14093 14094 13680)
4(14077 14078 14094 14093)
4(13665 13681 14095 14079)
4(10632 10675 14095 13681)
4(10673 14079 14095 10675)
4(13666 13682 14096 14080)
4(13681 14095 14096 13682)
4(14079 14080 14096 14095)
4(13667 13683 14097 14081)
4(13682 14096 14097 13683)
4(14080 14081 14097 14096)
4(13668 13684 14098 14082)
4(13683 14097 14098 13684)
4(14081 14082 14098 14097)
4(13669 13685 14099 14083)
4(13684 14098 14099 13685)
4(14082 14083 14099 14098)
4(13670 13686 14100 14084)
4(13685 14099 14100 13686)
4(14083 14084 14100 14099)
4(13671 13687 14101 14085)
4(13686 14100 14101 13687)
4(14084 14085 14101 14100)
4(13672 13688 14102 14086)
4(13687 14101 14102 13688)
4(14085 14086 14102 14101)
4(13673 13689 14103 14087)
4(13688 14102 14103 13689)
4(14086 14087 14103 14102)
4(13674 13690 14104 14088)
4(13689 14103 14104 13690)
4(14087 14088 14104 14103)
4(13675 13691 14105 14089)
4(13690 14104 14105 13691)
4(14088 14089 14105 14104)
4(13676 13692 14106 14090)
4(13691 14105 14106 13692)
4(14089 14090 14106 14105)
4(13677 13693 14107 14091)
4(13692 14106 14107 13693)
4(14090 14091 14107 14106)
4(13678 13694 14108 14092)
4(13693 14107 14108 13694)
4(14091 14092 14108 14107)
4(13679 13695 14109 14093)
4(13694 14108 14109 13695)
4(14092 14093 14109 14108)
4(13695 14109 14110 13696)
4(14093 14094 14110 14109)
4(13681 13697 14111 14095)
4(10634 10677 14111 13697)
4(10675 14095 14111 10677)
4(13682 13698 14112 14096)
4(13697 14111 14112 13698)
4(14095 14096 14112 14111)
4(13683 13699 14113 14097)
4(13698 14112 14113 13699)
4(14096 14097 14113 14112)
4(13684 13700 14114 14098)
4(13699 14113 14114 13700)
4(14097 14098 14114 14113)
4(13685 13701 14115 14099)
4(13700 14114 14115 13701)
4(14098 14099 14115 14114)
4(13686 13702 14116 14100)
4(13701 14115 14116 13702)
4(14099 14100 14116 14115)
4(13687 13703 14117 14101)
4(13702 14116 14117 13703)
4(14100 14101 14117 14116)
4(13688 13704 14118 14102)
4(13703 14117 14118 13704)
4(14101 14102 14118 14117)
4(13689 13705 14119 14103)
4(13704 14118 14119 13705)
4(14102 14103 14119 14118)
4(13690 13706 14120 14104)
4(13705 14119 14120 13706)
4(14103 14104 14120 14119)
4(13691 13707 14121 14105)
4(13706 14120 14121 13707)
4(14104 14105 14121 14120)
4(13692 13708 14122 14106)
4(13707 14121 14122 13708)
4(14105 14106 14122 14121)
4(13693 13709 14123 14107)
4(13708 14122 14123 13709)
4(14106 14107 14123 14122)
4(13694 13710 14124 14108)
4(13709 14123 14124 13710)
4(14107 14108 14124 14123)
4(13695 13711 14125 14109)
4(13710 14124 14125 13711)
4(14108 14109 14125 14124)
4(13711 14125 14126 13712)
4(14109 14110 14126 14125)
4(13697 13713 14127 14111)
4(10636 10678 14127 13713)
4(10677 14111 14127 10678)
4(13698 13714 14128 14112)
4(13713 14127 14128 13714)
4(14111 14112 14128 14127)
4(13699 13715 14129 14113)
4(13714 14128 14129 13715)
4(14112 14113 14129 14128)
4(13700 13716 14130 14114)
4(13715 14129 14130 13716)
4(14113 14114 14130 14129)
4(13701 13717 14131 14115)
4(13716 14130 14131 13717)
4(14114 14115 14131 14130)
4(13702 13718 14132 14116)
4(13717 14131 14132 13718)
4(14115 14116 14132 14131)
4(13703 13719 14133 14117)
4(13718 14132 14133 13719)
4(14116 14117 14133 14132)
4(13704 13720 14134 14118)
4(13719 14133 14134 13720)
4(14117 14118 14134 14133)
4(13705 13721 14135 14119)
4(13720 14134 14135 13721)
4(14118 14119 14135 14134)
4(13706 13722 14136 14120)
4(13721 14135 14136 13722)
4(14119 14120 14136 14135)
4(13707 13723 14137 14121)
4(13722 14136 14137 13723)
4(14120 14121 14137 14136)
4(13708 13724 14138 14122)
4(13723 14137 14138 13724)
4(14121 14122 14138 14137)
4(13709 13725 14139 14123)
4(13724 14138 14139 13725)
4(14122 14123 14139 14138)
4(13710 13726 14140 14124)
4(13725 14139 14140 13726)
4(14123 14124 14140 14139)
4(13711 13727 14141 14125)
4(13726 14140 14141 13727)
4(14124 14125 14141 14140)
4(13727 14141 14142 13728)
4(14125 14126 14142 14141)
4(13713 13729 14143 14127)
4(10638 10679 14143 13729)
4(10678 14127 14143 10679)
4(13714 13730 14144 14128)
4(13729 14143 14144 13730)
4(14127 14128 14144 14143)
4(13715 13731 14145 14129)
4(13730 14144 14145 13731)
4(14128 14129 14145 14144)
4(13716 13732 14146 14130)
4(13731 14145 14146 13732)
4(14129 14130 14146 14145)
4(13717 13733 14147 14131)
4(13732 14146 14147 13733)
4(14130 14131 14147 14146)
4(13718 13734 14148 14132)
4(13733 14147 14148 13734)
4(14131 14132 14148 14147)
4(13719 13735 14149 14133)
4(13734 14148 14149 13735)
4(14132 14133 14149 14148)
4(13720 13736 14150 14134)
4(13735 14149 14150 13736)
4(14133 14134 14150 14149)
4(13721 13737 14151 14135)
4(13736 14150 14151 13737)
4(14134 14135 14151 14150)
4(13722 13738 14152 14136)
4(13737 14151 14152 13738)
4(14135 14136 14152 14151)
4(13723 13739 14153 14137)
4(13738 14152 14153 13739)
4(14136 14137 14153 14152)
4(13724 13740 14154 14138)
4(13739 14153 14154 13740)
4(14137 14138 14154 14153)
4(13725 13741 14155 14139)
4(13740 14154 14155 13741)
4(14138 14139 14155 14154)
4(13726 13742 14156 14140)
4(13741 14155 14156 13742)
4(14139 14140 14156 14155)
4(13727 13743 14157 14141)
4(13742 14156 14157 13743)
4(14140 14141 14157 14156)
4(13743 14157 14158 13744)
4(14141 14142 14158 14157)
4(13729 13745 14159 14143)
4(10640 10680 14159 13745)
4(10679 14143 14159 10680)
4(13730 13746 14160 14144)
4(13745 14159 14160 13746)
4(14143 14144 14160 14159)
4(13731 13747 14161 14145)
4(13746 14160 14161 13747)
4(14144 14145 14161 14160)
4(13732 13748 14162 14146)
4(13747 14161 14162 13748)
4(14145 14146 14162 14161)
4(13733 13749 14163 14147)
4(13748 14162 14163 13749)
4(14146 14147 14163 14162)
4(13734 13750 14164 14148)
4(13749 14163 14164 13750)
4(14147 14148 14164 14163)
4(13735 13751 14165 14149)
4(13750 14164 14165 13751)
4(14148 14149 14165 14164)
4(13736 13752 14166 14150)
4(13751 14165 14166 13752)
4(14149 14150 14166 14165)
4(13737 13753 14167 14151)
4(13752 14166 14167 13753)
4(14150 14151 14167 14166)
4(13738 13754 14168 14152)
4(13753 14167 14168 13754)
4(14151 14152 14168 14167)
4(13739 13755 14169 14153)
4(13754 14168 14169 13755)
4(14152 14153 14169 14168)
4(13740 13756 14170 14154)
4(13755 14169 14170 13756)
4(14153 14154 14170 14169)
4(13741 13757 14171 14155)
4(13756 14170 14171 13757)
4(14154 14155 14171 14170)
4(13742 13758 14172 14156)
4(13757 14171 14172 13758)
4(14155 14156 14172 14171)
4(13743 13759 14173 14157)
4(13758 14172 14173 13759)
4(14156 14157 14173 14172)
4(13759 14173 14174 13760)
4(14157 14158 14174 14173)
4(13745 13761 14175 14159)
4(10642 10681 14175 13761)
4(10680 14159 14175 10681)
4(13746 13762 14176 14160)
4(13761 14175 14176 13762)
4(14159 14160 14176 14175)
4(13747 13763 14177 14161)
4(13762 14176 14177 13763)
4(14160 14161 14177 14176)
4(13748 13764 14178 14162)
4(13763 14177 14178 13764)
4(14161 14162 14178 14177)
4(13749 13765 14179 14163)
4(13764 14178 14179 13765)
4(14162 14163 14179 14178)
4(13750 13766 14180 14164)
4(13765 14179 14180 13766)
4(14163 14164 14180 14179)
4(13751 13767 14181 14165)
4(13766 14180 14181 13767)
4(14164 14165 14181 14180)
4(13752 13768 14182 14166)
4(13767 14181 14182 13768)
4(14165 14166 14182 14181)
4(13753 13769 14183 14167)
4(13768 14182 14183 13769)
4(14166 14167 14183 14182)
4(13754 13770 14184 14168)
4(13769 14183 14184 13770)
4(14167 14168 14184 14183)
4(13755 13771 14185 14169)
4(13770 14184 14185 13771)
4(14168 14169 14185 14184)
4(13756 13772 14186 14170)
4(13771 14185 14186 13772)
4(14169 14170 14186 14185)
4(13757 13773 14187 14171)
4(13772 14186 14187 13773)
4(14170 14171 14187 14186)
4(13758 13774 14188 14172)
4(13773 14187 14188 13774)
4(14171 14172 14188 14187)
4(13759 13775 14189 14173)
4(13774 14188 14189 13775)
4(14172 14173 14189 14188)
4(13775 14189 14190 13776)
4(14173 14174 14190 14189)
4(13761 13777 14191 14175)
4(10644 10682 14191 13777)
4(10681 14175 14191 10682)
4(13762 13778 14192 14176)
4(13777 14191 14192 13778)
4(14175 14176 14192 14191)
4(13763 13779 14193 14177)
4(13778 14192 14193 13779)
4(14176 14177 14193 14192)
4(13764 13780 14194 14178)
4(13779 14193 14194 13780)
4(14177 14178 14194 14193)
4(13765 13781 14195 14179)
4(13780 14194 14195 13781)
4(14178 14179 14195 14194)
4(13766 13782 14196 14180)
4(13781 14195 14196 13782)
4(14179 14180 14196 14195)
4(13767 13783 14197 14181)
4(13782 14196 14197 13783)
4(14180 14181 14197 14196)
4(13768 13784 14198 14182)
4(13783 14197 14198 13784)
4(14181 14182 14198 14197)
4(13769 13785 14199 14183)
4(13784 14198 14199 13785)
4(14182 14183 14199 14198)
4(13770 13786 14200 14184)
4(13785 14199 14200 13786)
4(14183 14184 14200 14199)
4(13771 13787 14201 14185)
4(13786 14200 14201 13787)
4(14184 14185 14201 14200)
4(13772 13788 14202 14186)
4(13787 14201 14202 13788)
4(14185 14186 14202 14201)
4(13773 13789 14203 14187)
4(13788 14202 14203 13789)
4(14186 14187 14203 14202)
4(13774 13790 14204 14188)
4(13789 14203 14204 13790)
4(14187 14188 14204 14203)
4(13775 13791 14205 14189)
4(13790 14204 14205 13791)
4(14188 14189 14205 14204)
4(13791 14205 14206 13792)
4(14189 14190 14206 14205)
4(13777 13793 14207 14191)
4(10646 10683 14207 13793)
4(10682 14191 14207 10683)
4(13778 13794 14208 14192)
4(13793 14207 14208 13794)
4(14191 14192 14208 14207)
4(13779 13795 14209 14193)
4(13794 14208 14209 13795)
4(14192 14193 14209 14208)
4(13780 13796 14210 14194)
4(13795 14209 14210 13796)
4(14193 14194 14210 14209)
4(13781 13797 14211 14195)
4(13796 14210 14211 13797)
4(14194 14195 14211 14210)
4(13782 13798 14212 14196)
4(13797 14211 14212 13798)
4(14195 14196 14212 14211)
4(13783 13799 14213 14197)
4(13798 14212 14213 13799)
4(14196 14197 14213 14212)
4(13784 13800 14214 14198)
4(13799 14213 14214 13800)
4(14197 14198 14214 14213)
4(13785 13801 14215 14199)
4(13800 14214 14215 13801)
4(14198 14199 14215 14214)
4(13786 13802 14216 14200)
4(13801 14215 14216 13802)
4(14199 14200 14216 14215)
4(13787 13803 14217 14201)
4(13802 14216 14217 13803)
4(14200 14201 14217 14216)
4(13788 13804 14218 14202)
4(13803 14217 14218 13804)
4(14201 14202 14218 14217)
4(13789 13805 14219 14203)
4(13804 14218 14219 13805)
4(14202 14203 14219 14218)
4(13790 13806 14220 14204)
4(13805 14219 14220 13806)
4(14203 14204 14220 14219)
4(13791 13807 14221 14205)
4(13806 14220 14221 13807)
4(14204 14205 14221 14220)
4(13807 14221 14222 13808)
4(14205 14206 14222 14221)
4(13793 13809 14223 14207)
4(10648 10684 14223 13809)
4(10683 14207 14223 10684)
4(13794 13810 14224 14208)
4(13809 14223 14224 13810)
4(14207 14208 14224 14223)
4(13795 13811 14225 14209)
4(13810 14224 14225 13811)
4(14208 14209 14225 14224)
4(13796 13812 14226 14210)
4(13811 14225 14226 13812)
4(14209 14210 14226 14225)
4(13797 13813 14227 14211)
4(13812 14226 14227 13813)
4(14210 14211 14227 14226)
4(13798 13814 14228 14212)
4(13813 14227 14228 13814)
4(14211 14212 14228 14227)
4(13799 13815 14229 14213)
4(13814 14228 14229 13815)
4(14212 14213 14229 14228)
4(13800 13816 14230 14214)
4(13815 14229 14230 13816)
4(14213 14214 14230 14229)
4(13801 13817 14231 14215)
4(13816 14230 14231 13817)
4(14214 14215 14231 14230)
4(13802 13818 14232 14216)
4(13817 14231 14232 13818)
4(14215 14216 14232 14231)
4(13803 13819 14233 14217)
4(13818 14232 14233 13819)
4(14216 14217 14233 14232)
4(13804 13820 14234 14218)
4(13819 14233 14234 13820)
4(14217 14218 14234 14233)
4(13805 13821 14235 14219)
4(13820 14234 14235 13821)
4(14218 14219 14235 14234)
4(13806 13822 14236 14220)
4(13821 14235 14236 13822)
4(14219 14220 14236 14235)
4(13807 13823 14237 14221)
4(13822 14236 14237 13823)
4(14220 14221 14237 14236)
4(13823 14237 14238 13824)
4(14221 14222 14238 14237)
4(13809 13825 14239 14223)
4(10650 10685 14239 13825)
4(10684 14223 14239 10685)
4(13810 13826 14240 14224)
4(13825 14239 14240 13826)
4(14223 14224 14240 14239)
4(13811 13827 14241 14225)
4(13826 14240 14241 13827)
4(14224 14225 14241 14240)
4(13812 13828 14242 14226)
4(13827 14241 14242 13828)
4(14225 14226 14242 14241)
4(13813 13829 14243 14227)
4(13828 14242 14243 13829)
4(14226 14227 14243 14242)
4(13814 13830 14244 14228)
4(13829 14243 14244 13830)
4(14227 14228 14244 14243)
4(13815 13831 14245 14229)
4(13830 14244 14245 13831)
4(14228 14229 14245 14244)
4(13816 13832 14246 14230)
4(13831 14245 14246 13832)
4(14229 14230 14246 14245)
4(13817 13833 14247 14231)
4(13832 14246 14247 13833)
4(14230 14231 14247 14246)
4(13818 13834 14248 14232)
4(13833 14247 14248 13834)
4(14231 14232 14248 14247)
4(13819 13835 14249 14233)
4(13834 14248 14249 13835)
4(14232 14233 14249 14248)
4(13820 13836 14250 14234)
4(13835 14249 14250 13836)
4(14233 14234 14250 14249)
4(13821 13837 14251 14235)
4(13836 14250 14251 13837)
4(14234 14235 14251 14250)
4(13822 13838 14252 14236)
4(13837 14251 14252 13838)
4(14235 14236 14252 14251)
4(13823 13839 14253 14237)
4(13838 14252 14253 13839)
4(14236 14237 14253 14252)
4(13839 14253 14254 13840)
4(14237 14238 14254 14253)
4(13825 13841 14255 14239)
4(10652 10686 14255 13841)
4(10685 14239 14255 10686)
4(13826 13842 14256 14240)
4(13841 14255 14256 13842)
4(14239 14240 14256 14255)
4(13827 13843 14257 14241)
4(13842 14256 14257 13843)
4(14240 14241 14257 14256)
4(13828 13844 14258 14242)
4(13843 14257 14258 13844)
4(14241 14242 14258 14257)
4(13829 13845 14259 14243)
4(13844 14258 14259 13845)
4(14242 14243 14259 14258)
4(13830 13846 14260 14244)
4(13845 14259 14260 13846)
4(14243 14244 14260 14259)
4(13831 13847 14261 14245)
4(13846 14260 14261 13847)
4(14244 14245 14261 14260)
4(13832 13848 14262 14246)
4(13847 14261 14262 13848)
4(14245 14246 14262 14261)
4(13833 13849 14263 14247)
4(13848 14262 14263 13849)
4(14246 14247 14263 14262)
4(13834 13850 14264 14248)
4(13849 14263 14264 13850)
4(14247 14248 14264 14263)
4(13835 13851 14265 14249)
4(13850 14264 14265 13851)
4(14248 14249 14265 14264)
4(13836 13852 14266 14250)
4(13851 14265 14266 13852)
4(14249 14250 14266 14265)
4(13837 13853 14267 14251)
4(13852 14266 14267 13853)
4(14250 14251 14267 14266)
4(13838 13854 14268 14252)
4(13853 14267 14268 13854)
4(14251 14252 14268 14267)
4(13839 13855 14269 14253)
4(13854 14268 14269 13855)
4(14252 14253 14269 14268)
4(13855 14269 14270 13856)
4(14253 14254 14270 14269)
4(13841 13857 14271 14255)
4(10654 10687 14271 13857)
4(10686 14255 14271 10687)
4(13842 13858 14272 14256)
4(13857 14271 14272 13858)
4(14255 14256 14272 14271)
4(13843 13859 14273 14257)
4(13858 14272 14273 13859)
4(14256 14257 14273 14272)
4(13844 13860 14274 14258)
4(13859 14273 14274 13860)
4(14257 14258 14274 14273)
4(13845 13861 14275 14259)
4(13860 14274 14275 13861)
4(14258 14259 14275 14274)
4(13846 13862 14276 14260)
4(13861 14275 14276 13862)
4(14259 14260 14276 14275)
4(13847 13863 14277 14261)
4(13862 14276 14277 13863)
4(14260 14261 14277 14276)
4(13848 13864 14278 14262)
4(13863 14277 14278 13864)
4(14261 14262 14278 14277)
4(13849 13865 14279 14263)
4(13864 14278 14279 13865)
4(14262 14263 14279 14278)
4(13850 13866 14280 14264)
4(13865 14279 14280 13866)
4(14263 14264 14280 14279)
4(13851 13867 14281 14265)
4(13866 14280 14281 13867)
4(14264 14265 14281 14280)
4(13852 13868 14282 14266)
4(13867 14281 14282 13868)
4(14265 14266 14282 14281)
4(13853 13869 14283 14267)
4(13868 14282 14283 13869)
4(14266 14267 14283 14282)
4(13854 13870 14284 14268)
4(13869 14283 14284 13870)
4(14267 14268 14284 14283)
4(13855 13871 14285 14269)
4(13870 14284 14285 13871)
4(14268 14269 14285 14284)
4(13871 14285 14286 13872)
4(14269 14270 14286 14285)
4(13857 13873 14287 14271)
4(10656 10688 14287 13873)
4(10687 14271 14287 10688)
4(13858 13874 14288 14272)
4(13873 14287 14288 13874)
4(14271 14272 14288 14287)
4(13859 13875 14289 14273)
4(13874 14288 14289 13875)
4(14272 14273 14289 14288)
4(13860 13876 14290 14274)
4(13875 14289 14290 13876)
4(14273 14274 14290 14289)
4(13861 13877 14291 14275)
4(13876 14290 14291 13877)
4(14274 14275 14291 14290)
4(13862 13878 14292 14276)
4(13877 14291 14292 13878)
4(14275 14276 14292 14291)
4(13863 13879 14293 14277)
4(13878 14292 14293 13879)
4(14276 14277 14293 14292)
4(13864 13880 14294 14278)
4(13879 14293 14294 13880)
4(14277 14278 14294 14293)
4(13865 13881 14295 14279)
4(13880 14294 14295 13881)
4(14278 14279 14295 14294)
4(13866 13882 14296 14280)
4(13881 14295 14296 13882)
4(14279 14280 14296 14295)
4(13867 13883 14297 14281)
4(13882 14296 14297 13883)
4(14280 14281 14297 14296)
4(13868 13884 14298 14282)
4(13883 14297 14298 13884)
4(14281 14282 14298 14297)
4(13869 13885 14299 14283)
4(13884 14298 14299 13885)
4(14282 14283 14299 14298)
4(13870 13886 14300 14284)
4(13885 14299 14300 13886)
4(14283 14284 14300 14299)
4(13871 13887 14301 14285)
4(13886 14300 14301 13887)
4(14284 14285 14301 14300)
4(13887 14301 14302 13888)
4(14285 14286 14302 14301)
4(13873 13889 14303 14287)
4(10658 10689 14303 13889)
4(10688 14287 14303 10689)
4(13874 13890 14304 14288)
4(13889 14303 14304 13890)
4(14287 14288 14304 14303)
4(13875 13891 14305 14289)
4(13890 14304 14305 13891)
4(14288 14289 14305 14304)
4(13876 13892 14306 14290)
4(13891 14305 14306 13892)
4(14289 14290 14306 14305)
4(13877 13893 14307 14291)
4(13892 14306 14307 13893)
4(14290 14291 14307 14306)
4(13878 13894 14308 14292)
4(13893 14307 14308 13894)
4(14291 14292 14308 14307)
4(13879 13895 14309 14293)
4(13894 14308 14309 13895)
4(14292 14293 14309 14308)
4(13880 13896 14310 14294)
4(13895 14309 14310 13896)
4(14293 14294 14310 14309)
4(13881 13897 14311 14295)
4(13896 14310 14311 13897)
4(14294 14295 14311 14310)
4(13882 13898 14312 14296)
4(13897 14311 14312 13898)
4(14295 14296 14312 14311)
4(13883 13899 14313 14297)
4(13898 14312 14313 13899)
4(14296 14297 14313 14312)
4(13884 13900 14314 14298)
4(13899 14313 14314 13900)
4(14297 14298 14314 14313)
4(13885 13901 14315 14299)
4(13900 14314 14315 13901)
4(14298 14299 14315 14314)
4(13886 13902 14316 14300)
4(13901 14315 14316 13902)
4(14299 14300 14316 14315)
4(13887 13903 14317 14301)
4(13902 14316 14317 13903)
4(14300 14301 14317 14316)
4(13903 14317 14318 13904)
4(14301 14302 14318 14317)
4(13889 13905 14319 14303)
4(10660 10690 14319 13905)
4(10689 14303 14319 10690)
4(13890 13906 14320 14304)
4(13905 14319 14320 13906)
4(14303 14304 14320 14319)
4(13891 13907 14321 14305)
4(13906 14320 14321 13907)
4(14304 14305 14321 14320)
4(13892 13908 14322 14306)
4(13907 14321 14322 13908)
4(14305 14306 14322 14321)
4(13893 13909 14323 14307)
4(13908 14322 14323 13909)
4(14306 14307 14323 14322)
4(13894 13910 14324 14308)
4(13909 14323 14324 13910)
4(14307 14308 14324 14323)
4(13895 13911 14325 14309)
4(13910 14324 14325 13911)
4(14308 14309 14325 14324)
4(13896 13912 14326 14310)
4(13911 14325 14326 13912)
4(14309 14310 14326 14325)
4(13897 13913 14327 14311)
4(13912 14326 14327 13913)
4(14310 14311 14327 14326)
4(13898 13914 14328 14312)
4(13913 14327 14328 13914)
4(14311 14312 14328 14327)
4(13899 13915 14329 14313)
4(13914 14328 14329 13915)
4(14312 14313 14329 14328)
4(13900 13916 14330 14314)
4(13915 14329 14330 13916)
4(14313 14314 14330 14329)
4(13901 13917 14331 14315)
4(13916 14330 14331 13917)
4(14314 14315 14331 14330)
4(13902 13918 14332 14316)
4(13917 14331 14332 13918)
4(14315 14316 14332 14331)
4(13903 13919 14333 14317)
4(13918 14332 14333 13919)
4(14316 14317 14333 14332)
4(13919 14333 14334 13920)
4(14317 14318 14334 14333)
4(13905 13921 14335 14319)
4(10662 10691 14335 13921)
4(10690 14319 14335 10691)
4(13906 13922 14336 14320)
4(13921 14335 14336 13922)
4(14319 14320 14336 14335)
4(13907 13923 14337 14321)
4(13922 14336 14337 13923)
4(14320 14321 14337 14336)
4(13908 13924 14338 14322)
4(13923 14337 14338 13924)
4(14321 14322 14338 14337)
4(13909 13925 14339 14323)
4(13924 14338 14339 13925)
4(14322 14323 14339 14338)
4(13910 13926 14340 14324)
4(13925 14339 14340 13926)
4(14323 14324 14340 14339)
4(13911 13927 14341 14325)
4(13926 14340 14341 13927)
4(14324 14325 14341 14340)
4(13912 13928 14342 14326)
4(13927 14341 14342 13928)
4(14325 14326 14342 14341)
4(13913 13929 14343 14327)
4(13928 14342 14343 13929)
4(14326 14327 14343 14342)
4(13914 13930 14344 14328)
4(13929 14343 14344 13930)
4(14327 14328 14344 14343)
4(13915 13931 14345 14329)
4(13930 14344 14345 13931)
4(14328 14329 14345 14344)
4(13916 13932 14346 14330)
4(13931 14345 14346 13932)
4(14329 14330 14346 14345)
4(13917 13933 14347 14331)
4(13932 14346 14347 13933)
4(14330 14331 14347 14346)
4(13918 13934 14348 14332)
4(13933 14347 14348 13934)
4(14331 14332 14348 14347)
4(13919 13935 14349 14333)
4(13934 14348 14349 13935)
4(14332 14333 14349 14348)
4(13935 14349 14350 13936)
4(14333 14334 14350 14349)
4(13921 13937 14351 14335)
4(10691 14335 14351 10692)
4(13922 13938 14352 14336)
4(14335 14336 14352 14351)
4(13923 13939 14353 14337)
4(14336 14337 14353 14352)
4(13924 13940 14354 14338)
4(14337 14338 14354 14353)
4(13925 13941 14355 14339)
4(14338 14339 14355 14354)
4(13926 13942 14356 14340)
4(14339 14340 14356 14355)
4(13927 13943 14357 14341)
4(14340 14341 14357 14356)
4(13928 13944 14358 14342)
4(14341 14342 14358 14357)
4(13929 13945 14359 14343)
4(14342 14343 14359 14358)
4(13930 13946 14360 14344)
4(14343 14344 14360 14359)
4(13931 13947 14361 14345)
4(14344 14345 14361 14360)
4(13932 13948 14362 14346)
4(14345 14346 14362 14361)
4(13933 13949 14363 14347)
4(14346 14347 14363 14362)
4(13934 13950 14364 14348)
4(14347 14348 14364 14363)
4(13935 13951 14365 14349)
4(14348 14349 14365 14364)
4(14349 14350 14366 14365)
4(148 13953 183 166)
4(164 182 183 13953)
4(149 13954 184 167)
4(13953 183 184 13954)
4(150 13955 14367 168)
4(13954 184 14367 13955)
4(167 168 14367 184)
4(151 13956 14368 169)
4(13955 14367 14368 13956)
4(168 169 14368 14367)
4(152 13957 14369 170)
4(13956 14368 14369 13957)
4(169 170 14369 14368)
4(153 13958 14370 171)
4(13957 14369 14370 13958)
4(170 171 14370 14369)
4(154 13959 14371 172)
4(13958 14370 14371 13959)
4(171 172 14371 14370)
4(13959 14371 14372 13960)
4(172 173 14372 14371)
4(156 13961 14373 174)
4(10665 10693 14373 13961)
4(70 174 14373 10693)
4(157 13962 14374 175)
4(13961 14373 14374 13962)
4(174 175 14374 14373)
4(158 13963 14375 176)
4(13962 14374 14375 13963)
4(175 176 14375 14374)
4(159 13964 14376 177)
4(13963 14375 14376 13964)
4(176 177 14376 14375)
4(160 13965 14377 178)
4(13964 14376 14377 13965)
4(177 178 14377 14376)
4(161 13966 14378 179)
4(13965 14377 14378 13966)
4(178 179 14378 14377)
4(162 13967 14379 180)
4(13966 14378 14379 13967)
4(179 180 14379 14378)
4(163 13968 14380 181)
4(13967 14379 14380 13968)
4(180 181 14380 14379)
4(164 13969 14381 182)
4(13968 14380 14381 13969)
4(181 182 14381 14380)
4(13953 13970 14382 183)
4(13969 14381 14382 13970)
4(182 183 14382 14381)
4(13954 13971 14383 184)
4(13970 14382 14383 13971)
4(183 184 14383 14382)
4(13955 13972 14384 14367)
4(13971 14383 14384 13972)
4(184 14367 14384 14383)
4(13956 13973 14385 14368)
4(13972 14384 14385 13973)
4(14367 14368 14385 14384)
4(13957 13974 14386 14369)
4(13973 14385 14386 13974)
4(14368 14369 14386 14385)
4(13958 13975 14387 14370)
4(13974 14386 14387 13975)
4(14369 14370 14387 14386)
4(13959 13976 14388 14371)
4(13975 14387 14388 13976)
4(14370 14371 14388 14387)
4(13976 14388 14389 13977)
4(14371 14372 14389 14388)
4(13961 13978 14390 14373)
4(10666 10694 14390 13978)
4(10693 14373 14390 10694)
4(13962 13979 14391 14374)
4(13978 14390 14391 13979)
4(14373 14374 14391 14390)
4(13963 13980 14392 14375)
4(13979 14391 14392 13980)
4(14374 14375 14392 14391)
4(13964 13981 14393 14376)
4(13980 14392 14393 13981)
4(14375 14376 14393 14392)
4(13965 13982 14394 14377)
4(13981 14393 14394 13982)
4(14376 14377 14394 14393)
4(13966 13983 14395 14378)
4(13982 14394 14395 13983)
4(14377 14378 14395 14394)
4(13967 13984 14396 14379)
4(13983 14395 14396 13984)
4(14378 14379 14396 14395)
4(13968 13985 14397 14380)
4(13984 14396 14397 13985)
4(14379 14380 14397 14396)
4(13969 13986 14398 14381)
4(13985 14397 14398 13986)
4(14380 14381 14398 14397)
4(13970 13987 14399 14382)
4(13986 14398 14399 13987)
4(14381 14382 14399 14398)
4(13971 13988 14400 14383)
4(13987 14399 14400 13988)
4(14382 14383 14400 14399)
4(13972 13989 14401 14384)
4(13988 14400 14401 13989)
4(14383 14384 14401 14400)
4(13973 13990 14402 14385)
4(13989 14401 14402 13990)
4(14384 14385 14402 14401)
4(13974 13991 14403 14386)
4(13990 14402 14403 13991)
4(14385 14386 14403 14402)
4(13975 13992 14404 14387)
4(13991 14403 14404 13992)
4(14386 14387 14404 14403)
4(13976 13993 14405 14388)
4(13992 14404 14405 13993)
4(14387 14388 14405 14404)
4(13993 14405 14406 13994)
4(14388 14389 14406 14405)
4(13978 13995 14407 14390)
4(10667 10695 14407 13995)
4(10694 14390 14407 10695)
4(13979 13996 14408 14391)
4(13995 14407 14408 13996)
4(14390 14391 14408 14407)
4(13980 13997 14409 14392)
4(13996 14408 14409 13997)
4(14391 14392 14409 14408)
4(13981 13998 14410 14393)
4(13997 14409 14410 13998)
4(14392 14393 14410 14409)
4(13982 13999 14411 14394)
4(13998 14410 14411 13999)
4(14393 14394 14411 14410)
4(13983 14000 14412 14395)
4(13999 14411 14412 14000)
4(14394 14395 14412 14411)
4(13984 14001 14413 14396)
4(14000 14412 14413 14001)
4(14395 14396 14413 14412)
4(13985 14002 14414 14397)
4(14001 14413 14414 14002)
4(14396 14397 14414 14413)
4(13986 14003 14415 14398)
4(14002 14414 14415 14003)
4(14397 14398 14415 14414)
4(13987 14004 14416 14399)
4(14003 14415 14416 14004)
4(14398 14399 14416 14415)
4(13988 14005 14417 14400)
4(14004 14416 14417 14005)
4(14399 14400 14417 14416)
4(13989 14006 14418 14401)
4(14005 14417 14418 14006)
4(14400 14401 14418 14417)
4(13990 14007 14419 14402)
4(14006 14418 14419 14007)
4(14401 14402 14419 14418)
4(13991 14008 14420 14403)
4(14007 14419 14420 14008)
4(14402 14403 14420 14419)
4(13992 14009 14421 14404)
4(14008 14420 14421 14009)
4(14403 14404 14421 14420)
4(13993 14010 14422 14405)
4(14009 14421 14422 14010)
4(14404 14405 14422 14421)
4(14010 14422 14423 14011)
4(14405 14406 14423 14422)
4(13995 14012 14424 14407)
4(10668 10696 14424 14012)
4(10695 14407 14424 10696)
4(13996 14013 14425 14408)
4(14012 14424 14425 14013)
4(14407 14408 14425 14424)
4(13997 14014 14426 14409)
4(14013 14425 14426 14014)
4(14408 14409 14426 14425)
4(13998 14015 14427 14410)
4(14014 14426 14427 14015)
4(14409 14410 14427 14426)
4(13999 14016 14428 14411)
4(14015 14427 14428 14016)
4(14410 14411 14428 14427)
4(14000 14017 14429 14412)
4(14016 14428 14429 14017)
4(14411 14412 14429 14428)
4(14001 14018 14430 14413)
4(14017 14429 14430 14018)
4(14412 14413 14430 14429)
4(14002 14019 14431 14414)
4(14018 14430 14431 14019)
4(14413 14414 14431 14430)
4(14003 14020 14432 14415)
4(14019 14431 14432 14020)
4(14414 14415 14432 14431)
4(14004 14021 14433 14416)
4(14020 14432 14433 14021)
4(14415 14416 14433 14432)
4(14005 14022 14434 14417)
4(14021 14433 14434 14022)
4(14416 14417 14434 14433)
4(14006 14023 14435 14418)
4(14022 14434 14435 14023)
4(14417 14418 14435 14434)
4(14007 14024 14436 14419)
4(14023 14435 14436 14024)
4(14418 14419 14436 14435)
4(14008 14025 14437 14420)
4(14024 14436 14437 14025)
4(14419 14420 14437 14436)
4(14009 14026 14438 14421)
4(14025 14437 14438 14026)
4(14420 14421 14438 14437)
4(14010 14027 14439 14422)
4(14026 14438 14439 14027)
4(14421 14422 14439 14438)
4(14027 14439 14440 14028)
4(14422 14423 14440 14439)
4(14012 14029 14441 14424)
4(10669 10697 14441 14029)
4(10696 14424 14441 10697)
4(14013 14030 14442 14425)
4(14029 14441 14442 14030)
4(14424 14425 14442 14441)
4(14014 14031 14443 14426)
4(14030 14442 14443 14031)
4(14425 14426 14443 14442)
4(14015 14032 14444 14427)
4(14031 14443 14444 14032)
4(14426 14427 14444 14443)
4(14016 14033 14445 14428)
4(14032 14444 14445 14033)
4(14427 14428 14445 14444)
4(14017 14034 14446 14429)
4(14033 14445 14446 14034)
4(14428 14429 14446 14445)
4(14018 14035 14447 14430)
4(14034 14446 14447 14035)
4(14429 14430 14447 14446)
4(14019 14036 14448 14431)
4(14035 14447 14448 14036)
4(14430 14431 14448 14447)
4(14020 14037 14449 14432)
4(14036 14448 14449 14037)
4(14431 14432 14449 14448)
4(14021 14038 14450 14433)
4(14037 14449 14450 14038)
4(14432 14433 14450 14449)
4(14022 14039 14451 14434)
4(14038 14450 14451 14039)
4(14433 14434 14451 14450)
4(14023 14040 14452 14435)
4(14039 14451 14452 14040)
4(14434 14435 14452 14451)
4(14024 14041 14453 14436)
4(14040 14452 14453 14041)
4(14435 14436 14453 14452)
4(14025 14042 14454 14437)
4(14041 14453 14454 14042)
4(14436 14437 14454 14453)
4(14026 14043 14455 14438)
4(14042 14454 14455 14043)
4(14437 14438 14455 14454)
4(14027 14044 14456 14439)
4(14043 14455 14456 14044)
4(14438 14439 14456 14455)
4(14044 14456 14457 14045)
4(14439 14440 14457 14456)
4(14029 14046 14458 14441)
4(10670 10698 14458 14046)
4(10697 14441 14458 10698)
4(14030 14047 14459 14442)
4(14046 14458 14459 14047)
4(14441 14442 14459 14458)
4(14031 14048 14460 14443)
4(14047 14459 14460 14048)
4(14442 14443 14460 14459)
4(14032 14049 14461 14444)
4(14048 14460 14461 14049)
4(14443 14444 14461 14460)
4(14033 14050 14462 14445)
4(14049 14461 14462 14050)
4(14444 14445 14462 14461)
4(14034 14051 14463 14446)
4(14050 14462 14463 14051)
4(14445 14446 14463 14462)
4(14035 14052 14464 14447)
4(14051 14463 14464 14052)
4(14446 14447 14464 14463)
4(14036 14053 14465 14448)
4(14052 14464 14465 14053)
4(14447 14448 14465 14464)
4(14037 14054 14466 14449)
4(14053 14465 14466 14054)
4(14448 14449 14466 14465)
4(14038 14055 14467 14450)
4(14054 14466 14467 14055)
4(14449 14450 14467 14466)
4(14039 14056 14468 14451)
4(14055 14467 14468 14056)
4(14450 14451 14468 14467)
4(14040 14057 14469 14452)
4(14056 14468 14469 14057)
4(14451 14452 14469 14468)
4(14041 14058 14470 14453)
4(14057 14469 14470 14058)
4(14452 14453 14470 14469)
4(14042 14059 14471 14454)
4(14058 14470 14471 14059)
4(14453 14454 14471 14470)
4(14043 14060 14472 14455)
4(14059 14471 14472 14060)
4(14454 14455 14472 14471)
4(14044 14061 14473 14456)
4(14060 14472 14473 14061)
4(14455 14456 14473 14472)
4(14061 14473 14474 14062)
4(14456 14457 14474 14473)
4(14046 10672 14475 14458)
4(10671 10699 14475 10672)
4(10698 14458 14475 10699)
4(14047 14063 14476 14459)
4(10672 14475 14476 14063)
4(14458 14459 14476 14475)
4(14048 14064 14477 14460)
4(14063 14476 14477 14064)
4(14459 14460 14477 14476)
4(14049 14065 14478 14461)
4(14064 14477 14478 14065)
4(14460 14461 14478 14477)
4(14050 14066 14479 14462)
4(14065 14478 14479 14066)
4(14461 14462 14479 14478)
4(14051 14067 14480 14463)
4(14066 14479 14480 14067)
4(14462 14463 14480 14479)
4(14052 14068 14481 14464)
4(14067 14480 14481 14068)
4(14463 14464 14481 14480)
4(14053 14069 14482 14465)
4(14068 14481 14482 14069)
4(14464 14465 14482 14481)
4(14054 14070 14483 14466)
4(14069 14482 14483 14070)
4(14465 14466 14483 14482)
4(14055 14071 14484 14467)
4(14070 14483 14484 14071)
4(14466 14467 14484 14483)
4(14056 14072 14485 14468)
4(14071 14484 14485 14072)
4(14467 14468 14485 14484)
4(14057 14073 14486 14469)
4(14072 14485 14486 14073)
4(14468 14469 14486 14485)
4(14058 14074 14487 14470)
4(14073 14486 14487 14074)
4(14469 14470 14487 14486)
4(14059 14075 14488 14471)
4(14074 14487 14488 14075)
4(14470 14471 14488 14487)
4(14060 14076 14489 14472)
4(14075 14488 14489 14076)
4(14471 14472 14489 14488)
4(14061 14077 14490 14473)
4(14076 14489 14490 14077)
4(14472 14473 14490 14489)
4(14077 14490 14491 14078)
4(14473 14474 14491 14490)
4(10672 10673 14492 14475)
4(10674 10700 14492 10673)
4(10699 14475 14492 10700)
4(14063 14079 14493 14476)
4(10673 14492 14493 14079)
4(14475 14476 14493 14492)
4(14064 14080 14494 14477)
4(14079 14493 14494 14080)
4(14476 14477 14494 14493)
4(14065 14081 14495 14478)
4(14080 14494 14495 14081)
4(14477 14478 14495 14494)
4(14066 14082 14496 14479)
4(14081 14495 14496 14082)
4(14478 14479 14496 14495)
4(14067 14083 14497 14480)
4(14082 14496 14497 14083)
4(14479 14480 14497 14496)
4(14068 14084 14498 14481)
4(14083 14497 14498 14084)
4(14480 14481 14498 14497)
4(14069 14085 14499 14482)
4(14084 14498 14499 14085)
4(14481 14482 14499 14498)
4(14070 14086 14500 14483)
4(14085 14499 14500 14086)
4(14482 14483 14500 14499)
4(14071 14087 14501 14484)
4(14086 14500 14501 14087)
4(14483 14484 14501 14500)
4(14072 14088 14502 14485)
4(14087 14501 14502 14088)
4(14484 14485 14502 14501)
4(14073 14089 14503 14486)
4(14088 14502 14503 14089)
4(14485 14486 14503 14502)
4(14074 14090 14504 14487)
4(14089 14503 14504 14090)
4(14486 14487 14504 14503)
4(14075 14091 14505 14488)
4(14090 14504 14505 14091)
4(14487 14488 14505 14504)
4(14076 14092 14506 14489)
4(14091 14505 14506 14092)
4(14488 14489 14506 14505)
4(14077 14093 14507 14490)
4(14092 14506 14507 14093)
4(14489 14490 14507 14506)
4(14093 14507 14508 14094)
4(14490 14491 14508 14507)
4(10673 10675 10702 14492)
4(10700 14492 10702 10701)
4(14079 14095 14509 14493)
4(10675 10702 14509 14095)
4(14492 14493 14509 10702)
4(14080 14096 14510 14494)
4(14095 14509 14510 14096)
4(14493 14494 14510 14509)
4(14081 14097 14511 14495)
4(14096 14510 14511 14097)
4(14494 14495 14511 14510)
4(14082 14098 14512 14496)
4(14097 14511 14512 14098)
4(14495 14496 14512 14511)
4(14083 14099 14513 14497)
4(14098 14512 14513 14099)
4(14496 14497 14513 14512)
4(14084 14100 14514 14498)
4(14099 14513 14514 14100)
4(14497 14498 14514 14513)
4(14085 14101 14515 14499)
4(14100 14514 14515 14101)
4(14498 14499 14515 14514)
4(14086 14102 14516 14500)
4(14101 14515 14516 14102)
4(14499 14500 14516 14515)
4(14087 14103 14517 14501)
4(14102 14516 14517 14103)
4(14500 14501 14517 14516)
4(14088 14104 14518 14502)
4(14103 14517 14518 14104)
4(14501 14502 14518 14517)
4(14089 14105 14519 14503)
4(14104 14518 14519 14105)
4(14502 14503 14519 14518)
4(14090 14106 14520 14504)
4(14105 14519 14520 14106)
4(14503 14504 14520 14519)
4(14091 14107 14521 14505)
4(14106 14520 14521 14107)
4(14504 14505 14521 14520)
4(14092 14108 14522 14506)
4(14107 14521 14522 14108)
4(14505 14506 14522 14521)
4(14093 14109 14523 14507)
4(14108 14522 14523 14109)
4(14506 14507 14523 14522)
4(14109 14523 14524 14110)
4(14507 14508 14524 14523)
4(14095 14111 14525 14509)
4(10677 10703 14525 14111)
4(10702 14509 14525 10703)
4(14096 14112 14526 14510)
4(14111 14525 14526 14112)
4(14509 14510 14526 14525)
4(14097 14113 14527 14511)
4(14112 14526 14527 14113)
4(14510 14511 14527 14526)
4(14098 14114 14528 14512)
4(14113 14527 14528 14114)
4(14511 14512 14528 14527)
4(14099 14115 14529 14513)
4(14114 14528 14529 14115)
4(14512 14513 14529 14528)
4(14100 14116 14530 14514)
4(14115 14529 14530 14116)
4(14513 14514 14530 14529)
4(14101 14117 14531 14515)
4(14116 14530 14531 14117)
4(14514 14515 14531 14530)
4(14102 14118 14532 14516)
4(14117 14531 14532 14118)
4(14515 14516 14532 14531)
4(14103 14119 14533 14517)
4(14118 14532 14533 14119)
4(14516 14517 14533 14532)
4(14104 14120 14534 14518)
4(14119 14533 14534 14120)
4(14517 14518 14534 14533)
4(14105 14121 14535 14519)
4(14120 14534 14535 14121)
4(14518 14519 14535 14534)
4(14106 14122 14536 14520)
4(14121 14535 14536 14122)
4(14519 14520 14536 14535)
4(14107 14123 14537 14521)
4(14122 14536 14537 14123)
4(14520 14521 14537 14536)
4(14108 14124 14538 14522)
4(14123 14537 14538 14124)
4(14521 14522 14538 14537)
4(14109 14125 14539 14523)
4(14124 14538 14539 14125)
4(14522 14523 14539 14538)
4(14125 14539 14540 14126)
4(14523 14524 14540 14539)
4(14111 14127 14541 14525)
4(10678 10705 14541 14127)
4(10703 14525 14541 10705)
4(14112 14128 14542 14526)
4(14127 14541 14542 14128)
4(14525 14526 14542 14541)
4(14113 14129 14543 14527)
4(14128 14542 14543 14129)
4(14526 14527 14543 14542)
4(14114 14130 14544 14528)
4(14129 14543 14544 14130)
4(14527 14528 14544 14543)
4(14115 14131 14545 14529)
4(14130 14544 14545 14131)
4(14528 14529 14545 14544)
4(14116 14132 14546 14530)
4(14131 14545 14546 14132)
4(14529 14530 14546 14545)
4(14117 14133 14547 14531)
4(14132 14546 14547 14133)
4(14530 14531 14547 14546)
4(14118 14134 14548 14532)
4(14133 14547 14548 14134)
4(14531 14532 14548 14547)
4(14119 14135 14549 14533)
4(14134 14548 14549 14135)
4(14532 14533 14549 14548)
4(14120 14136 14550 14534)
4(14135 14549 14550 14136)
4(14533 14534 14550 14549)
4(14121 14137 14551 14535)
4(14136 14550 14551 14137)
4(14534 14535 14551 14550)
4(14122 14138 14552 14536)
4(14137 14551 14552 14138)
4(14535 14536 14552 14551)
4(14123 14139 14553 14537)
4(14138 14552 14553 14139)
4(14536 14537 14553 14552)
4(14124 14140 14554 14538)
4(14139 14553 14554 14140)
4(14537 14538 14554 14553)
4(14125 14141 14555 14539)
4(14140 14554 14555 14141)
4(14538 14539 14555 14554)
4(14141 14555 14556 14142)
4(14539 14540 14556 14555)
4(14127 14143 14557 14541)
4(10679 10706 14557 14143)
4(10705 14541 14557 10706)
4(14128 14144 14558 14542)
4(14143 14557 14558 14144)
4(14541 14542 14558 14557)
4(14129 14145 14559 14543)
4(14144 14558 14559 14145)
4(14542 14543 14559 14558)
4(14130 14146 14560 14544)
4(14145 14559 14560 14146)
4(14543 14544 14560 14559)
4(14131 14147 14561 14545)
4(14146 14560 14561 14147)
4(14544 14545 14561 14560)
4(14132 14148 14562 14546)
4(14147 14561 14562 14148)
4(14545 14546 14562 14561)
4(14133 14149 14563 14547)
4(14148 14562 14563 14149)
4(14546 14547 14563 14562)
4(14134 14150 14564 14548)
4(14149 14563 14564 14150)
4(14547 14548 14564 14563)
4(14135 14151 14565 14549)
4(14150 14564 14565 14151)
4(14548 14549 14565 14564)
4(14136 14152 14566 14550)
4(14151 14565 14566 14152)
4(14549 14550 14566 14565)
4(14137 14153 14567 14551)
4(14152 14566 14567 14153)
4(14550 14551 14567 14566)
4(14138 14154 14568 14552)
4(14153 14567 14568 14154)
4(14551 14552 14568 14567)
4(14139 14155 14569 14553)
4(14154 14568 14569 14155)
4(14552 14553 14569 14568)
4(14140 14156 14570 14554)
4(14155 14569 14570 14156)
4(14553 14554 14570 14569)
4(14141 14157 14571 14555)
4(14156 14570 14571 14157)
4(14554 14555 14571 14570)
4(14157 14571 14572 14158)
4(14555 14556 14572 14571)
4(14143 14159 14573 14557)
4(10680 10707 14573 14159)
4(10706 14557 14573 10707)
4(14144 14160 14574 14558)
4(14159 14573 14574 14160)
4(14557 14558 14574 14573)
4(14145 14161 14575 14559)
4(14160 14574 14575 14161)
4(14558 14559 14575 14574)
4(14146 14162 14576 14560)
4(14161 14575 14576 14162)
4(14559 14560 14576 14575)
4(14147 14163 14577 14561)
4(14162 14576 14577 14163)
4(14560 14561 14577 14576)
4(14148 14164 14578 14562)
4(14163 14577 14578 14164)
4(14561 14562 14578 14577)
4(14149 14165 14579 14563)
4(14164 14578 14579 14165)
4(14562 14563 14579 14578)
4(14150 14166 14580 14564)
4(14165 14579 14580 14166)
4(14563 14564 14580 14579)
4(14151 14167 14581 14565)
4(14166 14580 14581 14167)
4(14564 14565 14581 14580)
4(14152 14168 14582 14566)
4(14167 14581 14582 14168)
4(14565 14566 14582 14581)
4(14153 14169 14583 14567)
4(14168 14582 14583 14169)
4(14566 14567 14583 14582)
4(14154 14170 14584 14568)
4(14169 14583 14584 14170)
4(14567 14568 14584 14583)
4(14155 14171 14585 14569)
4(14170 14584 14585 14171)
4(14568 14569 14585 14584)
4(14156 14172 14586 14570)
4(14171 14585 14586 14172)
4(14569 14570 14586 14585)
4(14157 14173 14587 14571)
4(14172 14586 14587 14173)
4(14570 14571 14587 14586)
4(14173 14587 14588 14174)
4(14571 14572 14588 14587)
4(14159 14175 14589 14573)
4(10681 10708 14589 14175)
4(10707 14573 14589 10708)
4(14160 14176 14590 14574)
4(14175 14589 14590 14176)
4(14573 14574 14590 14589)
4(14161 14177 14591 14575)
4(14176 14590 14591 14177)
4(14574 14575 14591 14590)
4(14162 14178 14592 14576)
4(14177 14591 14592 14178)
4(14575 14576 14592 14591)
4(14163 14179 14593 14577)
4(14178 14592 14593 14179)
4(14576 14577 14593 14592)
4(14164 14180 14594 14578)
4(14179 14593 14594 14180)
4(14577 14578 14594 14593)
4(14165 14181 14595 14579)
4(14180 14594 14595 14181)
4(14578 14579 14595 14594)
4(14166 14182 14596 14580)
4(14181 14595 14596 14182)
4(14579 14580 14596 14595)
4(14167 14183 14597 14581)
4(14182 14596 14597 14183)
4(14580 14581 14597 14596)
4(14168 14184 14598 14582)
4(14183 14597 14598 14184)
4(14581 14582 14598 14597)
4(14169 14185 14599 14583)
4(14184 14598 14599 14185)
4(14582 14583 14599 14598)
4(14170 14186 14600 14584)
4(14185 14599 14600 14186)
4(14583 14584 14600 14599)
4(14171 14187 14601 14585)
4(14186 14600 14601 14187)
4(14584 14585 14601 14600)
4(14172 14188 14602 14586)
4(14187 14601 14602 14188)
4(14585 14586 14602 14601)
4(14173 14189 14603 14587)
4(14188 14602 14603 14189)
4(14586 14587 14603 14602)
4(14189 14603 14604 14190)
4(14587 14588 14604 14603)
4(14175 14191 14605 14589)
4(10682 10709 14605 14191)
4(10708 14589 14605 10709)
4(14176 14192 14606 14590)
4(14191 14605 14606 14192)
4(14589 14590 14606 14605)
4(14177 14193 14607 14591)
4(14192 14606 14607 14193)
4(14590 14591 14607 14606)
4(14178 14194 14608 14592)
4(14193 14607 14608 14194)
4(14591 14592 14608 14607)
4(14179 14195 14609 14593)
4(14194 14608 14609 14195)
4(14592 14593 14609 14608)
4(14180 14196 14610 14594)
4(14195 14609 14610 14196)
4(14593 14594 14610 14609)
4(14181 14197 14611 14595)
4(14196 14610 14611 14197)
4(14594 14595 14611 14610)
4(14182 14198 14612 14596)
4(14197 14611 14612 14198)
4(14595 14596 14612 14611)
4(14183 14199 14613 14597)
4(14198 14612 14613 14199)
4(14596 14597 14613 14612)
4(14184 14200 14614 14598)
4(14199 14613 14614 14200)
4(14597 14598 14614 14613)
4(14185 14201 14615 14599)
4(14200 14614 14615 14201)
4(14598 14599 14615 14614)
4(14186 14202 14616 14600)
4(14201 14615 14616 14202)
4(14599 14600 14616 14615)
4(14187 14203 14617 14601)
4(14202 14616 14617 14203)
4(14600 14601 14617 14616)
4(14188 14204 14618 14602)
4(14203 14617 14618 14204)
4(14601 14602 14618 14617)
4(14189 14205 14619 14603)
4(14204 14618 14619 14205)
4(14602 14603 14619 14618)
4(14205 14619 14620 14206)
4(14603 14604 14620 14619)
4(14191 14207 14621 14605)
4(10683 10710 14621 14207)
4(10709 14605 14621 10710)
4(14192 14208 14622 14606)
4(14207 14621 14622 14208)
4(14605 14606 14622 14621)
4(14193 14209 14623 14607)
4(14208 14622 14623 14209)
4(14606 14607 14623 14622)
4(14194 14210 14624 14608)
4(14209 14623 14624 14210)
4(14607 14608 14624 14623)
4(14195 14211 14625 14609)
4(14210 14624 14625 14211)
4(14608 14609 14625 14624)
4(14196 14212 14626 14610)
4(14211 14625 14626 14212)
4(14609 14610 14626 14625)
4(14197 14213 14627 14611)
4(14212 14626 14627 14213)
4(14610 14611 14627 14626)
4(14198 14214 14628 14612)
4(14213 14627 14628 14214)
4(14611 14612 14628 14627)
4(14199 14215 14629 14613)
4(14214 14628 14629 14215)
4(14612 14613 14629 14628)
4(14200 14216 14630 14614)
4(14215 14629 14630 14216)
4(14613 14614 14630 14629)
4(14201 14217 14631 14615)
4(14216 14630 14631 14217)
4(14614 14615 14631 14630)
4(14202 14218 14632 14616)
4(14217 14631 14632 14218)
4(14615 14616 14632 14631)
4(14203 14219 14633 14617)
4(14218 14632 14633 14219)
4(14616 14617 14633 14632)
4(14204 14220 14634 14618)
4(14219 14633 14634 14220)
4(14617 14618 14634 14633)
4(14205 14221 14635 14619)
4(14220 14634 14635 14221)
4(14618 14619 14635 14634)
4(14221 14635 14636 14222)
4(14619 14620 14636 14635)
4(14207 14223 14637 14621)
4(10684 10711 14637 14223)
4(10710 14621 14637 10711)
4(14208 14224 14638 14622)
4(14223 14637 14638 14224)
4(14621 14622 14638 14637)
4(14209 14225 14639 14623)
4(14224 14638 14639 14225)
4(14622 14623 14639 14638)
4(14210 14226 14640 14624)
4(14225 14639 14640 14226)
4(14623 14624 14640 14639)
4(14211 14227 14641 14625)
4(14226 14640 14641 14227)
4(14624 14625 14641 14640)
4(14212 14228 14642 14626)
4(14227 14641 14642 14228)
4(14625 14626 14642 14641)
4(14213 14229 14643 14627)
4(14228 14642 14643 14229)
4(14626 14627 14643 14642)
4(14214 14230 14644 14628)
4(14229 14643 14644 14230)
4(14627 14628 14644 14643)
4(14215 14231 14645 14629)
4(14230 14644 14645 14231)
4(14628 14629 14645 14644)
4(14216 14232 14646 14630)
4(14231 14645 14646 14232)
4(14629 14630 14646 14645)
4(14217 14233 14647 14631)
4(14232 14646 14647 14233)
4(14630 14631 14647 14646)
4(14218 14234 14648 14632)
4(14233 14647 14648 14234)
4(14631 14632 14648 14647)
4(14219 14235 14649 14633)
4(14234 14648 14649 14235)
4(14632 14633 14649 14648)
4(14220 14236 14650 14634)
4(14235 14649 14650 14236)
4(14633 14634 14650 14649)
4(14221 14237 14651 14635)
4(14236 14650 14651 14237)
4(14634 14635 14651 14650)
4(14237 14651 14652 14238)
4(14635 14636 14652 14651)
4(14223 14239 14653 14637)
4(10685 10712 14653 14239)
4(10711 14637 14653 10712)
4(14224 14240 14654 14638)
4(14239 14653 14654 14240)
4(14637 14638 14654 14653)
4(14225 14241 14655 14639)
4(14240 14654 14655 14241)
4(14638 14639 14655 14654)
4(14226 14242 14656 14640)
4(14241 14655 14656 14242)
4(14639 14640 14656 14655)
4(14227 14243 14657 14641)
4(14242 14656 14657 14243)
4(14640 14641 14657 14656)
4(14228 14244 14658 14642)
4(14243 14657 14658 14244)
4(14641 14642 14658 14657)
4(14229 14245 14659 14643)
4(14244 14658 14659 14245)
4(14642 14643 14659 14658)
4(14230 14246 14660 14644)
4(14245 14659 14660 14246)
4(14643 14644 14660 14659)
4(14231 14247 14661 14645)
4(14246 14660 14661 14247)
4(14644 14645 14661 14660)
4(14232 14248 14662 14646)
4(14247 14661 14662 14248)
4(14645 14646 14662 14661)
4(14233 14249 14663 14647)
4(14248 14662 14663 14249)
4(14646 14647 14663 14662)
4(14234 14250 14664 14648)
4(14249 14663 14664 14250)
4(14647 14648 14664 14663)
4(14235 14251 14665 14649)
4(14250 14664 14665 14251)
4(14648 14649 14665 14664)
4(14236 14252 14666 14650)
4(14251 14665 14666 14252)
4(14649 14650 14666 14665)
4(14237 14253 14667 14651)
4(14252 14666 14667 14253)
4(14650 14651 14667 14666)
4(14253 14667 14668 14254)
4(14651 14652 14668 14667)
4(14239 14255 14669 14653)
4(10686 10713 14669 14255)
4(10712 14653 14669 10713)
4(14240 14256 14670 14654)
4(14255 14669 14670 14256)
4(14653 14654 14670 14669)
4(14241 14257 14671 14655)
4(14256 14670 14671 14257)
4(14654 14655 14671 14670)
4(14242 14258 14672 14656)
4(14257 14671 14672 14258)
4(14655 14656 14672 14671)
4(14243 14259 14673 14657)
4(14258 14672 14673 14259)
4(14656 14657 14673 14672)
4(14244 14260 14674 14658)
4(14259 14673 14674 14260)
4(14657 14658 14674 14673)
4(14245 14261 14675 14659)
4(14260 14674 14675 14261)
4(14658 14659 14675 14674)
4(14246 14262 14676 14660)
4(14261 14675 14676 14262)
4(14659 14660 14676 14675)
4(14247 14263 14677 14661)
4(14262 14676 14677 14263)
4(14660 14661 14677 14676)
4(14248 14264 14678 14662)
4(14263 14677 14678 14264)
4(14661 14662 14678 14677)
4(14249 14265 14679 14663)
4(14264 14678 14679 14265)
4(14662 14663 14679 14678)
4(14250 14266 14680 14664)
4(14265 14679 14680 14266)
4(14663 14664 14680 14679)
4(14251 14267 14681 14665)
4(14266 14680 14681 14267)
4(14664 14665 14681 14680)
4(14252 14268 14682 14666)
4(14267 14681 14682 14268)
4(14665 14666 14682 14681)
4(14253 14269 14683 14667)
4(14268 14682 14683 14269)
4(14666 14667 14683 14682)
4(14269 14683 14684 14270)
4(14667 14668 14684 14683)
4(14255 14271 14685 14669)
4(10687 10714 14685 14271)
4(10713 14669 14685 10714)
4(14256 14272 14686 14670)
4(14271 14685 14686 14272)
4(14669 14670 14686 14685)
4(14257 14273 14687 14671)
4(14272 14686 14687 14273)
4(14670 14671 14687 14686)
4(14258 14274 14688 14672)
4(14273 14687 14688 14274)
4(14671 14672 14688 14687)
4(14259 14275 14689 14673)
4(14274 14688 14689 14275)
4(14672 14673 14689 14688)
4(14260 14276 14690 14674)
4(14275 14689 14690 14276)
4(14673 14674 14690 14689)
4(14261 14277 14691 14675)
4(14276 14690 14691 14277)
4(14674 14675 14691 14690)
4(14262 14278 14692 14676)
4(14277 14691 14692 14278)
4(14675 14676 14692 14691)
4(14263 14279 14693 14677)
4(14278 14692 14693 14279)
4(14676 14677 14693 14692)
4(14264 14280 14694 14678)
4(14279 14693 14694 14280)
4(14677 14678 14694 14693)
4(14265 14281 14695 14679)
4(14280 14694 14695 14281)
4(14678 14679 14695 14694)
4(14266 14282 14696 14680)
4(14281 14695 14696 14282)
4(14679 14680 14696 14695)
4(14267 14283 14697 14681)
4(14282 14696 14697 14283)
4(14680 14681 14697 14696)
4(14268 14284 14698 14682)
4(14283 14697 14698 14284)
4(14681 14682 14698 14697)
4(14269 14285 14699 14683)
4(14284 14698 14699 14285)
4(14682 14683 14699 14698)
4(14285 14699 14700 14286)
4(14683 14684 14700 14699)
4(14271 14287 14701 14685)
4(10688 10715 14701 14287)
4(10714 14685 14701 10715)
4(14272 14288 14702 14686)
4(14287 14701 14702 14288)
4(14685 14686 14702 14701)
4(14273 14289 14703 14687)
4(14288 14702 14703 14289)
4(14686 14687 14703 14702)
4(14274 14290 14704 14688)
4(14289 14703 14704 14290)
4(14687 14688 14704 14703)
4(14275 14291 14705 14689)
4(14290 14704 14705 14291)
4(14688 14689 14705 14704)
4(14276 14292 14706 14690)
4(14291 14705 14706 14292)
4(14689 14690 14706 14705)
4(14277 14293 14707 14691)
4(14292 14706 14707 14293)
4(14690 14691 14707 14706)
4(14278 14294 14708 14692)
4(14293 14707 14708 14294)
4(14691 14692 14708 14707)
4(14279 14295 14709 14693)
4(14294 14708 14709 14295)
4(14692 14693 14709 14708)
4(14280 14296 14710 14694)
4(14295 14709 14710 14296)
4(14693 14694 14710 14709)
4(14281 14297 14711 14695)
4(14296 14710 14711 14297)
4(14694 14695 14711 14710)
4(14282 14298 14712 14696)
4(14297 14711 14712 14298)
4(14695 14696 14712 14711)
4(14283 14299 14713 14697)
4(14298 14712 14713 14299)
4(14696 14697 14713 14712)
4(14284 14300 14714 14698)
4(14299 14713 14714 14300)
4(14697 14698 14714 14713)
4(14285 14301 14715 14699)
4(14300 14714 14715 14301)
4(14698 14699 14715 14714)
4(14301 14715 14716 14302)
4(14699 14700 14716 14715)
4(14287 14303 14717 14701)
4(10689 10716 14717 14303)
4(10715 14701 14717 10716)
4(14288 14304 14718 14702)
4(14303 14717 14718 14304)
4(14701 14702 14718 14717)
4(14289 14305 14719 14703)
4(14304 14718 14719 14305)
4(14702 14703 14719 14718)
4(14290 14306 14720 14704)
4(14305 14719 14720 14306)
4(14703 14704 14720 14719)
4(14291 14307 14721 14705)
4(14306 14720 14721 14307)
4(14704 14705 14721 14720)
4(14292 14308 14722 14706)
4(14307 14721 14722 14308)
4(14705 14706 14722 14721)
4(14293 14309 14723 14707)
4(14308 14722 14723 14309)
4(14706 14707 14723 14722)
4(14294 14310 14724 14708)
4(14309 14723 14724 14310)
4(14707 14708 14724 14723)
4(14295 14311 14725 14709)
4(14310 14724 14725 14311)
4(14708 14709 14725 14724)
4(14296 14312 14726 14710)
4(14311 14725 14726 14312)
4(14709 14710 14726 14725)
4(14297 14313 14727 14711)
4(14312 14726 14727 14313)
4(14710 14711 14727 14726)
4(14298 14314 14728 14712)
4(14313 14727 14728 14314)
4(14711 14712 14728 14727)
4(14299 14315 14729 14713)
4(14314 14728 14729 14315)
4(14712 14713 14729 14728)
4(14300 14316 14730 14714)
4(14315 14729 14730 14316)
4(14713 14714 14730 14729)
4(14301 14317 14731 14715)
4(14316 14730 14731 14317)
4(14714 14715 14731 14730)
4(14317 14731 14732 14318)
4(14715 14716 14732 14731)
4(14303 14319 14733 14717)
4(10690 10717 14733 14319)
4(10716 14717 14733 10717)
4(14304 14320 14734 14718)
4(14319 14733 14734 14320)
4(14717 14718 14734 14733)
4(14305 14321 14735 14719)
4(14320 14734 14735 14321)
4(14718 14719 14735 14734)
4(14306 14322 14736 14720)
4(14321 14735 14736 14322)
4(14719 14720 14736 14735)
4(14307 14323 14737 14721)
4(14322 14736 14737 14323)
4(14720 14721 14737 14736)
4(14308 14324 14738 14722)
4(14323 14737 14738 14324)
4(14721 14722 14738 14737)
4(14309 14325 14739 14723)
4(14324 14738 14739 14325)
4(14722 14723 14739 14738)
4(14310 14326 14740 14724)
4(14325 14739 14740 14326)
4(14723 14724 14740 14739)
4(14311 14327 14741 14725)
4(14326 14740 14741 14327)
4(14724 14725 14741 14740)
4(14312 14328 14742 14726)
4(14327 14741 14742 14328)
4(14725 14726 14742 14741)
4(14313 14329 14743 14727)
4(14328 14742 14743 14329)
4(14726 14727 14743 14742)
4(14314 14330 14744 14728)
4(14329 14743 14744 14330)
4(14727 14728 14744 14743)
4(14315 14331 14745 14729)
4(14330 14744 14745 14331)
4(14728 14729 14745 14744)
4(14316 14332 14746 14730)
4(14331 14745 14746 14332)
4(14729 14730 14746 14745)
4(14317 14333 14747 14731)
4(14332 14746 14747 14333)
4(14730 14731 14747 14746)
4(14333 14747 14748 14334)
4(14731 14732 14748 14747)
4(14319 14335 14749 14733)
4(10691 10718 14749 14335)
4(10717 14733 14749 10718)
4(14320 14336 14750 14734)
4(14335 14749 14750 14336)
4(14733 14734 14750 14749)
4(14321 14337 14751 14735)
4(14336 14750 14751 14337)
4(14734 14735 14751 14750)
4(14322 14338 14752 14736)
4(14337 14751 14752 14338)
4(14735 14736 14752 14751)
4(14323 14339 14753 14737)
4(14338 14752 14753 14339)
4(14736 14737 14753 14752)
4(14324 14340 14754 14738)
4(14339 14753 14754 14340)
4(14737 14738 14754 14753)
4(14325 14341 14755 14739)
4(14340 14754 14755 14341)
4(14738 14739 14755 14754)
4(14326 14342 14756 14740)
4(14341 14755 14756 14342)
4(14739 14740 14756 14755)
4(14327 14343 14757 14741)
4(14342 14756 14757 14343)
4(14740 14741 14757 14756)
4(14328 14344 14758 14742)
4(14343 14757 14758 14344)
4(14741 14742 14758 14757)
4(14329 14345 14759 14743)
4(14344 14758 14759 14345)
4(14742 14743 14759 14758)
4(14330 14346 14760 14744)
4(14345 14759 14760 14346)
4(14743 14744 14760 14759)
4(14331 14347 14761 14745)
4(14346 14760 14761 14347)
4(14744 14745 14761 14760)
4(14332 14348 14762 14746)
4(14347 14761 14762 14348)
4(14745 14746 14762 14761)
4(14333 14349 14763 14747)
4(14348 14762 14763 14349)
4(14746 14747 14763 14762)
4(14349 14763 14764 14350)
4(14747 14748 14764 14763)
4(14335 14351 14765 14749)
4(10718 14749 14765 10719)
4(14336 14352 14766 14750)
4(14749 14750 14766 14765)
4(14337 14353 14767 14751)
4(14750 14751 14767 14766)
4(14338 14354 14768 14752)
4(14751 14752 14768 14767)
4(14339 14355 14769 14753)
4(14752 14753 14769 14768)
4(14340 14356 14770 14754)
4(14753 14754 14770 14769)
4(14341 14357 14771 14755)
4(14754 14755 14771 14770)
4(14342 14358 14772 14756)
4(14755 14756 14772 14771)
4(14343 14359 14773 14757)
4(14756 14757 14773 14772)
4(14344 14360 14774 14758)
4(14757 14758 14774 14773)
4(14345 14361 14775 14759)
4(14758 14759 14775 14774)
4(14346 14362 14776 14760)
4(14759 14760 14776 14775)
4(14347 14363 14777 14761)
4(14760 14761 14777 14776)
4(14348 14364 14778 14762)
4(14761 14762 14778 14777)
4(14349 14365 14779 14763)
4(14762 14763 14779 14778)
4(14763 14764 14780 14779)
4(168 14367 203 186)
4(184 202 203 14367)
4(169 14368 204 187)
4(14367 203 204 14368)
4(170 14369 205 188)
4(14368 204 205 14369)
4(171 14370 14781 189)
4(14369 205 14781 14370)
4(188 189 14781 205)
4(172 14371 14782 190)
4(14370 14781 14782 14371)
4(189 190 14782 14781)
4(14371 14782 14783 14372)
4(190 191 14783 14782)
4(174 14373 14784 192)
4(10693 10720 14784 14373)
4(87 192 14784 10720)
4(175 14374 14785 193)
4(14373 14784 14785 14374)
4(192 193 14785 14784)
4(176 14375 14786 194)
4(14374 14785 14786 14375)
4(193 194 14786 14785)
4(177 14376 14787 195)
4(14375 14786 14787 14376)
4(194 195 14787 14786)
4(178 14377 14788 196)
4(14376 14787 14788 14377)
4(195 196 14788 14787)
4(179 14378 14789 197)
4(14377 14788 14789 14378)
4(196 197 14789 14788)
4(180 14379 14790 198)
4(14378 14789 14790 14379)
4(197 198 14790 14789)
4(181 14380 14791 199)
4(14379 14790 14791 14380)
4(198 199 14791 14790)
4(182 14381 14792 200)
4(14380 14791 14792 14381)
4(199 200 14792 14791)
4(183 14382 14793 201)
4(14381 14792 14793 14382)
4(200 201 14793 14792)
4(184 14383 14794 202)
4(14382 14793 14794 14383)
4(201 202 14794 14793)
4(14367 14384 14795 203)
4(14383 14794 14795 14384)
4(202 203 14795 14794)
4(14368 14385 14796 204)
4(14384 14795 14796 14385)
4(203 204 14796 14795)
4(14369 14386 14797 205)
4(14385 14796 14797 14386)
4(204 205 14797 14796)
4(14370 14387 14798 14781)
4(14386 14797 14798 14387)
4(205 14781 14798 14797)
4(14371 14388 14799 14782)
4(14387 14798 14799 14388)
4(14781 14782 14799 14798)
4(14388 14799 14800 14389)
4(14782 14783 14800 14799)
4(14373 14390 14801 14784)
4(10694 10721 14801 14390)
4(10720 14784 14801 10721)
4(14374 14391 14802 14785)
4(14390 14801 14802 14391)
4(14784 14785 14802 14801)
4(14375 14392 14803 14786)
4(14391 14802 14803 14392)
4(14785 14786 14803 14802)
4(14376 14393 14804 14787)
4(14392 14803 14804 14393)
4(14786 14787 14804 14803)
4(14377 14394 14805 14788)
4(14393 14804 14805 14394)
4(14787 14788 14805 14804)
4(14378 14395 14806 14789)
4(14394 14805 14806 14395)
4(14788 14789 14806 14805)
4(14379 14396 14807 14790)
4(14395 14806 14807 14396)
4(14789 14790 14807 14806)
4(14380 14397 14808 14791)
4(14396 14807 14808 14397)
4(14790 14791 14808 14807)
4(14381 14398 14809 14792)
4(14397 14808 14809 14398)
4(14791 14792 14809 14808)
4(14382 14399 14810 14793)
4(14398 14809 14810 14399)
4(14792 14793 14810 14809)
4(14383 14400 14811 14794)
4(14399 14810 14811 14400)
4(14793 14794 14811 14810)
4(14384 14401 14812 14795)
4(14400 14811 14812 14401)
4(14794 14795 14812 14811)
4(14385 14402 14813 14796)
4(14401 14812 14813 14402)
4(14795 14796 14813 14812)
4(14386 14403 14814 14797)
4(14402 14813 14814 14403)
4(14796 14797 14814 14813)
4(14387 14404 14815 14798)
4(14403 14814 14815 14404)
4(14797 14798 14815 14814)
4(14388 14405 14816 14799)
4(14404 14815 14816 14405)
4(14798 14799 14816 14815)
4(14405 14816 14817 14406)
4(14799 14800 14817 14816)
4(14390 14407 14818 14801)
4(10695 10722 14818 14407)
4(10721 14801 14818 10722)
4(14391 14408 14819 14802)
4(14407 14818 14819 14408)
4(14801 14802 14819 14818)
4(14392 14409 14820 14803)
4(14408 14819 14820 14409)
4(14802 14803 14820 14819)
4(14393 14410 14821 14804)
4(14409 14820 14821 14410)
4(14803 14804 14821 14820)
4(14394 14411 14822 14805)
4(14410 14821 14822 14411)
4(14804 14805 14822 14821)
4(14395 14412 14823 14806)
4(14411 14822 14823 14412)
4(14805 14806 14823 14822)
4(14396 14413 14824 14807)
4(14412 14823 14824 14413)
4(14806 14807 14824 14823)
4(14397 14414 14825 14808)
4(14413 14824 14825 14414)
4(14807 14808 14825 14824)
4(14398 14415 14826 14809)
4(14414 14825 14826 14415)
4(14808 14809 14826 14825)
4(14399 14416 14827 14810)
4(14415 14826 14827 14416)
4(14809 14810 14827 14826)
4(14400 14417 14828 14811)
4(14416 14827 14828 14417)
4(14810 14811 14828 14827)
4(14401 14418 14829 14812)
4(14417 14828 14829 14418)
4(14811 14812 14829 14828)
4(14402 14419 14830 14813)
4(14418 14829 14830 14419)
4(14812 14813 14830 14829)
4(14403 14420 14831 14814)
4(14419 14830 14831 14420)
4(14813 14814 14831 14830)
4(14404 14421 14832 14815)
4(14420 14831 14832 14421)
4(14814 14815 14832 14831)
4(14405 14422 14833 14816)
4(14421 14832 14833 14422)
4(14815 14816 14833 14832)
4(14422 14833 14834 14423)
4(14816 14817 14834 14833)
4(14407 14424 14835 14818)
4(10696 10723 14835 14424)
4(10722 14818 14835 10723)
4(14408 14425 14836 14819)
4(14424 14835 14836 14425)
4(14818 14819 14836 14835)
4(14409 14426 14837 14820)
4(14425 14836 14837 14426)
4(14819 14820 14837 14836)
4(14410 14427 14838 14821)
4(14426 14837 14838 14427)
4(14820 14821 14838 14837)
4(14411 14428 14839 14822)
4(14427 14838 14839 14428)
4(14821 14822 14839 14838)
4(14412 14429 14840 14823)
4(14428 14839 14840 14429)
4(14822 14823 14840 14839)
4(14413 14430 14841 14824)
4(14429 14840 14841 14430)
4(14823 14824 14841 14840)
4(14414 14431 14842 14825)
4(14430 14841 14842 14431)
4(14824 14825 14842 14841)
4(14415 14432 14843 14826)
4(14431 14842 14843 14432)
4(14825 14826 14843 14842)
4(14416 14433 14844 14827)
4(14432 14843 14844 14433)
4(14826 14827 14844 14843)
4(14417 14434 14845 14828)
4(14433 14844 14845 14434)
4(14827 14828 14845 14844)
4(14418 14435 14846 14829)
4(14434 14845 14846 14435)
4(14828 14829 14846 14845)
4(14419 14436 14847 14830)
4(14435 14846 14847 14436)
4(14829 14830 14847 14846)
4(14420 14437 14848 14831)
4(14436 14847 14848 14437)
4(14830 14831 14848 14847)
4(14421 14438 14849 14832)
4(14437 14848 14849 14438)
4(14831 14832 14849 14848)
4(14422 14439 14850 14833)
4(14438 14849 14850 14439)
4(14832 14833 14850 14849)
4(14439 14850 14851 14440)
4(14833 14834 14851 14850)
4(14424 14441 14852 14835)
4(10697 10724 14852 14441)
4(10723 14835 14852 10724)
4(14425 14442 14853 14836)
4(14441 14852 14853 14442)
4(14835 14836 14853 14852)
4(14426 14443 14854 14837)
4(14442 14853 14854 14443)
4(14836 14837 14854 14853)
4(14427 14444 14855 14838)
4(14443 14854 14855 14444)
4(14837 14838 14855 14854)
4(14428 14445 14856 14839)
4(14444 14855 14856 14445)
4(14838 14839 14856 14855)
4(14429 14446 14857 14840)
4(14445 14856 14857 14446)
4(14839 14840 14857 14856)
4(14430 14447 14858 14841)
4(14446 14857 14858 14447)
4(14840 14841 14858 14857)
4(14431 14448 14859 14842)
4(14447 14858 14859 14448)
4(14841 14842 14859 14858)
4(14432 14449 14860 14843)
4(14448 14859 14860 14449)
4(14842 14843 14860 14859)
4(14433 14450 14861 14844)
4(14449 14860 14861 14450)
4(14843 14844 14861 14860)
4(14434 14451 14862 14845)
4(14450 14861 14862 14451)
4(14844 14845 14862 14861)
4(14435 14452 14863 14846)
4(14451 14862 14863 14452)
4(14845 14846 14863 14862)
4(14436 14453 14864 14847)
4(14452 14863 14864 14453)
4(14846 14847 14864 14863)
4(14437 14454 14865 14848)
4(14453 14864 14865 14454)
4(14847 14848 14865 14864)
4(14438 14455 14866 14849)
4(14454 14865 14866 14455)
4(14848 14849 14866 14865)
4(14439 14456 14867 14850)
4(14455 14866 14867 14456)
4(14849 14850 14867 14866)
4(14456 14867 14868 14457)
4(14850 14851 14868 14867)
4(14441 14458 14869 14852)
4(10698 10725 14869 14458)
4(10724 14852 14869 10725)
4(14442 14459 14870 14853)
4(14458 14869 14870 14459)
4(14852 14853 14870 14869)
4(14443 14460 14871 14854)
4(14459 14870 14871 14460)
4(14853 14854 14871 14870)
4(14444 14461 14872 14855)
4(14460 14871 14872 14461)
4(14854 14855 14872 14871)
4(14445 14462 14873 14856)
4(14461 14872 14873 14462)
4(14855 14856 14873 14872)
4(14446 14463 14874 14857)
4(14462 14873 14874 14463)
4(14856 14857 14874 14873)
4(14447 14464 14875 14858)
4(14463 14874 14875 14464)
4(14857 14858 14875 14874)
4(14448 14465 14876 14859)
4(14464 14875 14876 14465)
4(14858 14859 14876 14875)
4(14449 14466 14877 14860)
4(14465 14876 14877 14466)
4(14859 14860 14877 14876)
4(14450 14467 14878 14861)
4(14466 14877 14878 14467)
4(14860 14861 14878 14877)
4(14451 14468 14879 14862)
4(14467 14878 14879 14468)
4(14861 14862 14879 14878)
4(14452 14469 14880 14863)
4(14468 14879 14880 14469)
4(14862 14863 14880 14879)
4(14453 14470 14881 14864)
4(14469 14880 14881 14470)
4(14863 14864 14881 14880)
4(14454 14471 14882 14865)
4(14470 14881 14882 14471)
4(14864 14865 14882 14881)
4(14455 14472 14883 14866)
4(14471 14882 14883 14472)
4(14865 14866 14883 14882)
4(14456 14473 14884 14867)
4(14472 14883 14884 14473)
4(14866 14867 14884 14883)
4(14473 14884 14885 14474)
4(14867 14868 14885 14884)
4(14458 14475 14886 14869)
4(10699 10726 14886 14475)
4(10725 14869 14886 10726)
4(14459 14476 14887 14870)
4(14475 14886 14887 14476)
4(14869 14870 14887 14886)
4(14460 14477 14888 14871)
4(14476 14887 14888 14477)
4(14870 14871 14888 14887)
4(14461 14478 14889 14872)
4(14477 14888 14889 14478)
4(14871 14872 14889 14888)
4(14462 14479 14890 14873)
4(14478 14889 14890 14479)
4(14872 14873 14890 14889)
4(14463 14480 14891 14874)
4(14479 14890 14891 14480)
4(14873 14874 14891 14890)
4(14464 14481 14892 14875)
4(14480 14891 14892 14481)
4(14874 14875 14892 14891)
4(14465 14482 14893 14876)
4(14481 14892 14893 14482)
4(14875 14876 14893 14892)
4(14466 14483 14894 14877)
4(14482 14893 14894 14483)
4(14876 14877 14894 14893)
4(14467 14484 14895 14878)
4(14483 14894 14895 14484)
4(14877 14878 14895 14894)
4(14468 14485 14896 14879)
4(14484 14895 14896 14485)
4(14878 14879 14896 14895)
4(14469 14486 14897 14880)
4(14485 14896 14897 14486)
4(14879 14880 14897 14896)
4(14470 14487 14898 14881)
4(14486 14897 14898 14487)
4(14880 14881 14898 14897)
4(14471 14488 14899 14882)
4(14487 14898 14899 14488)
4(14881 14882 14899 14898)
4(14472 14489 14900 14883)
4(14488 14899 14900 14489)
4(14882 14883 14900 14899)
4(14473 14490 14901 14884)
4(14489 14900 14901 14490)
4(14883 14884 14901 14900)
4(14490 14901 14902 14491)
4(14884 14885 14902 14901)
4(14475 14492 14903 14886)
4(10700 10727 14903 14492)
4(10726 14886 14903 10727)
4(14476 14493 14904 14887)
4(14492 14903 14904 14493)
4(14886 14887 14904 14903)
4(14477 14494 14905 14888)
4(14493 14904 14905 14494)
4(14887 14888 14905 14904)
4(14478 14495 14906 14889)
4(14494 14905 14906 14495)
4(14888 14889 14906 14905)
4(14479 14496 14907 14890)
4(14495 14906 14907 14496)
4(14889 14890 14907 14906)
4(14480 14497 14908 14891)
4(14496 14907 14908 14497)
4(14890 14891 14908 14907)
4(14481 14498 14909 14892)
4(14497 14908 14909 14498)
4(14891 14892 14909 14908)
4(14482 14499 14910 14893)
4(14498 14909 14910 14499)
4(14892 14893 14910 14909)
4(14483 14500 14911 14894)
4(14499 14910 14911 14500)
4(14893 14894 14911 14910)
4(14484 14501 14912 14895)
4(14500 14911 14912 14501)
4(14894 14895 14912 14911)
4(14485 14502 14913 14896)
4(14501 14912 14913 14502)
4(14895 14896 14913 14912)
4(14486 14503 14914 14897)
4(14502 14913 14914 14503)
4(14896 14897 14914 14913)
4(14487 14504 14915 14898)
4(14503 14914 14915 14504)
4(14897 14898 14915 14914)
4(14488 14505 14916 14899)
4(14504 14915 14916 14505)
4(14898 14899 14916 14915)
4(14489 14506 14917 14900)
4(14505 14916 14917 14506)
4(14899 14900 14917 14916)
4(14490 14507 14918 14901)
4(14506 14917 14918 14507)
4(14900 14901 14918 14917)
4(14507 14918 14919 14508)
4(14901 14902 14919 14918)
4(14492 10702 14920 14903)
4(10701 10728 14920 10702)
4(10727 14903 14920 10728)
4(14493 14509 14921 14904)
4(10702 14920 14921 14509)
4(14903 14904 14921 14920)
4(14494 14510 14922 14905)
4(14509 14921 14922 14510)
4(14904 14905 14922 14921)
4(14495 14511 14923 14906)
4(14510 14922 14923 14511)
4(14905 14906 14923 14922)
4(14496 14512 14924 14907)
4(14511 14923 14924 14512)
4(14906 14907 14924 14923)
4(14497 14513 14925 14908)
4(14512 14924 14925 14513)
4(14907 14908 14925 14924)
4(14498 14514 14926 14909)
4(14513 14925 14926 14514)
4(14908 14909 14926 14925)
4(14499 14515 14927 14910)
4(14514 14926 14927 14515)
4(14909 14910 14927 14926)
4(14500 14516 14928 14911)
4(14515 14927 14928 14516)
4(14910 14911 14928 14927)
4(14501 14517 14929 14912)
4(14516 14928 14929 14517)
4(14911 14912 14929 14928)
4(14502 14518 14930 14913)
4(14517 14929 14930 14518)
4(14912 14913 14930 14929)
4(14503 14519 14931 14914)
4(14518 14930 14931 14519)
4(14913 14914 14931 14930)
4(14504 14520 14932 14915)
4(14519 14931 14932 14520)
4(14914 14915 14932 14931)
4(14505 14521 14933 14916)
4(14520 14932 14933 14521)
4(14915 14916 14933 14932)
4(14506 14522 14934 14917)
4(14521 14933 14934 14522)
4(14916 14917 14934 14933)
4(14507 14523 14935 14918)
4(14522 14934 14935 14523)
4(14917 14918 14935 14934)
4(14523 14935 14936 14524)
4(14918 14919 14936 14935)
4(10702 10703 10730 14920)
4(10728 14920 10730 10729)
4(14509 14525 14937 14921)
4(10703 10730 14937 14525)
4(14920 14921 14937 10730)
4(14510 14526 14938 14922)
4(14525 14937 14938 14526)
4(14921 14922 14938 14937)
4(14511 14527 14939 14923)
4(14526 14938 14939 14527)
4(14922 14923 14939 14938)
4(14512 14528 14940 14924)
4(14527 14939 14940 14528)
4(14923 14924 14940 14939)
4(14513 14529 14941 14925)
4(14528 14940 14941 14529)
4(14924 14925 14941 14940)
4(14514 14530 14942 14926)
4(14529 14941 14942 14530)
4(14925 14926 14942 14941)
4(14515 14531 14943 14927)
4(14530 14942 14943 14531)
4(14926 14927 14943 14942)
4(14516 14532 14944 14928)
4(14531 14943 14944 14532)
4(14927 14928 14944 14943)
4(14517 14533 14945 14929)
4(14532 14944 14945 14533)
4(14928 14929 14945 14944)
4(14518 14534 14946 14930)
4(14533 14945 14946 14534)
4(14929 14930 14946 14945)
4(14519 14535 14947 14931)
4(14534 14946 14947 14535)
4(14930 14931 14947 14946)
4(14520 14536 14948 14932)
4(14535 14947 14948 14536)
4(14931 14932 14948 14947)
4(14521 14537 14949 14933)
4(14536 14948 14949 14537)
4(14932 14933 14949 14948)
4(14522 14538 14950 14934)
4(14537 14949 14950 14538)
4(14933 14934 14950 14949)
4(14523 14539 14951 14935)
4(14538 14950 14951 14539)
4(14934 14935 14951 14950)
4(14539 14951 14952 14540)
4(14935 14936 14952 14951)
4(14525 14541 14953 14937)
4(10705 10731 14953 14541)
4(10730 14937 14953 10731)
4(14526 14542 14954 14938)
4(14541 14953 14954 14542)
4(14937 14938 14954 14953)
4(14527 14543 14955 14939)
4(14542 14954 14955 14543)
4(14938 14939 14955 14954)
4(14528 14544 14956 14940)
4(14543 14955 14956 14544)
4(14939 14940 14956 14955)
4(14529 14545 14957 14941)
4(14544 14956 14957 14545)
4(14940 14941 14957 14956)
4(14530 14546 14958 14942)
4(14545 14957 14958 14546)
4(14941 14942 14958 14957)
4(14531 14547 14959 14943)
4(14546 14958 14959 14547)
4(14942 14943 14959 14958)
4(14532 14548 14960 14944)
4(14547 14959 14960 14548)
4(14943 14944 14960 14959)
4(14533 14549 14961 14945)
4(14548 14960 14961 14549)
4(14944 14945 14961 14960)
4(14534 14550 14962 14946)
4(14549 14961 14962 14550)
4(14945 14946 14962 14961)
4(14535 14551 14963 14947)
4(14550 14962 14963 14551)
4(14946 14947 14963 14962)
4(14536 14552 14964 14948)
4(14551 14963 14964 14552)
4(14947 14948 14964 14963)
4(14537 14553 14965 14949)
4(14552 14964 14965 14553)
4(14948 14949 14965 14964)
4(14538 14554 14966 14950)
4(14553 14965 14966 14554)
4(14949 14950 14966 14965)
4(14539 14555 14967 14951)
4(14554 14966 14967 14555)
4(14950 14951 14967 14966)
4(14555 14967 14968 14556)
4(14951 14952 14968 14967)
4(14541 14557 14969 14953)
4(10706 10733 14969 14557)
4(10731 14953 14969 10733)
4(14542 14558 14970 14954)
4(14557 14969 14970 14558)
4(14953 14954 14970 14969)
4(14543 14559 14971 14955)
4(14558 14970 14971 14559)
4(14954 14955 14971 14970)
4(14544 14560 14972 14956)
4(14559 14971 14972 14560)
4(14955 14956 14972 14971)
4(14545 14561 14973 14957)
4(14560 14972 14973 14561)
4(14956 14957 14973 14972)
4(14546 14562 14974 14958)
4(14561 14973 14974 14562)
4(14957 14958 14974 14973)
4(14547 14563 14975 14959)
4(14562 14974 14975 14563)
4(14958 14959 14975 14974)
4(14548 14564 14976 14960)
4(14563 14975 14976 14564)
4(14959 14960 14976 14975)
4(14549 14565 14977 14961)
4(14564 14976 14977 14565)
4(14960 14961 14977 14976)
4(14550 14566 14978 14962)
4(14565 14977 14978 14566)
4(14961 14962 14978 14977)
4(14551 14567 14979 14963)
4(14566 14978 14979 14567)
4(14962 14963 14979 14978)
4(14552 14568 14980 14964)
4(14567 14979 14980 14568)
4(14963 14964 14980 14979)
4(14553 14569 14981 14965)
4(14568 14980 14981 14569)
4(14964 14965 14981 14980)
4(14554 14570 14982 14966)
4(14569 14981 14982 14570)
4(14965 14966 14982 14981)
4(14555 14571 14983 14967)
4(14570 14982 14983 14571)
4(14966 14967 14983 14982)
4(14571 14983 14984 14572)
4(14967 14968 14984 14983)
4(14557 14573 14985 14969)
4(10707 10734 14985 14573)
4(10733 14969 14985 10734)
4(14558 14574 14986 14970)
4(14573 14985 14986 14574)
4(14969 14970 14986 14985)
4(14559 14575 14987 14971)
4(14574 14986 14987 14575)
4(14970 14971 14987 14986)
4(14560 14576 14988 14972)
4(14575 14987 14988 14576)
4(14971 14972 14988 14987)
4(14561 14577 14989 14973)
4(14576 14988 14989 14577)
4(14972 14973 14989 14988)
4(14562 14578 14990 14974)
4(14577 14989 14990 14578)
4(14973 14974 14990 14989)
4(14563 14579 14991 14975)
4(14578 14990 14991 14579)
4(14974 14975 14991 14990)
4(14564 14580 14992 14976)
4(14579 14991 14992 14580)
4(14975 14976 14992 14991)
4(14565 14581 14993 14977)
4(14580 14992 14993 14581)
4(14976 14977 14993 14992)
4(14566 14582 14994 14978)
4(14581 14993 14994 14582)
4(14977 14978 14994 14993)
4(14567 14583 14995 14979)
4(14582 14994 14995 14583)
4(14978 14979 14995 14994)
4(14568 14584 14996 14980)
4(14583 14995 14996 14584)
4(14979 14980 14996 14995)
4(14569 14585 14997 14981)
4(14584 14996 14997 14585)
4(14980 14981 14997 14996)
4(14570 14586 14998 14982)
4(14585 14997 14998 14586)
4(14981 14982 14998 14997)
4(14571 14587 14999 14983)
4(14586 14998 14999 14587)
4(14982 14983 14999 14998)
4(14587 14999 15000 14588)
4(14983 14984 15000 14999)
4(14573 14589 15001 14985)
4(10708 10735 15001 14589)
4(10734 14985 15001 10735)
4(14574 14590 15002 14986)
4(14589 15001 15002 14590)
4(14985 14986 15002 15001)
4(14575 14591 15003 14987)
4(14590 15002 15003 14591)
4(14986 14987 15003 15002)
4(14576 14592 15004 14988)
4(14591 15003 15004 14592)
4(14987 14988 15004 15003)
4(14577 14593 15005 14989)
4(14592 15004 15005 14593)
4(14988 14989 15005 15004)
4(14578 14594 15006 14990)
4(14593 15005 15006 14594)
4(14989 14990 15006 15005)
4(14579 14595 15007 14991)
4(14594 15006 15007 14595)
4(14990 14991 15007 15006)
4(14580 14596 15008 14992)
4(14595 15007 15008 14596)
4(14991 14992 15008 15007)
4(14581 14597 15009 14993)
4(14596 15008 15009 14597)
4(14992 14993 15009 15008)
4(14582 14598 15010 14994)
4(14597 15009 15010 14598)
4(14993 14994 15010 15009)
4(14583 14599 15011 14995)
4(14598 15010 15011 14599)
4(14994 14995 15011 15010)
4(14584 14600 15012 14996)
4(14599 15011 15012 14600)
4(14995 14996 15012 15011)
4(14585 14601 15013 14997)
4(14600 15012 15013 14601)
4(14996 14997 15013 15012)
4(14586 14602 15014 14998)
4(14601 15013 15014 14602)
4(14997 14998 15014 15013)
4(14587 14603 15015 14999)
4(14602 15014 15015 14603)
4(14998 14999 15015 15014)
4(14603 15015 15016 14604)
4(14999 15000 15016 15015)
4(14589 14605 15017 15001)
4(10709 10736 15017 14605)
4(10735 15001 15017 10736)
4(14590 14606 15018 15002)
4(14605 15017 15018 14606)
4(15001 15002 15018 15017)
4(14591 14607 15019 15003)
4(14606 15018 15019 14607)
4(15002 15003 15019 15018)
4(14592 14608 15020 15004)
4(14607 15019 15020 14608)
4(15003 15004 15020 15019)
4(14593 14609 15021 15005)
4(14608 15020 15021 14609)
4(15004 15005 15021 15020)
4(14594 14610 15022 15006)
4(14609 15021 15022 14610)
4(15005 15006 15022 15021)
4(14595 14611 15023 15007)
4(14610 15022 15023 14611)
4(15006 15007 15023 15022)
4(14596 14612 15024 15008)
4(14611 15023 15024 14612)
4(15007 15008 15024 15023)
4(14597 14613 15025 15009)
4(14612 15024 15025 14613)
4(15008 15009 15025 15024)
4(14598 14614 15026 15010)
4(14613 15025 15026 14614)
4(15009 15010 15026 15025)
4(14599 14615 15027 15011)
4(14614 15026 15027 14615)
4(15010 15011 15027 15026)
4(14600 14616 15028 15012)
4(14615 15027 15028 14616)
4(15011 15012 15028 15027)
4(14601 14617 15029 15013)
4(14616 15028 15029 14617)
4(15012 15013 15029 15028)
4(14602 14618 15030 15014)
4(14617 15029 15030 14618)
4(15013 15014 15030 15029)
4(14603 14619 15031 15015)
4(14618 15030 15031 14619)
4(15014 15015 15031 15030)
4(14619 15031 15032 14620)
4(15015 15016 15032 15031)
4(14605 14621 15033 15017)
4(10710 10737 15033 14621)
4(10736 15017 15033 10737)
4(14606 14622 15034 15018)
4(14621 15033 15034 14622)
4(15017 15018 15034 15033)
4(14607 14623 15035 15019)
4(14622 15034 15035 14623)
4(15018 15019 15035 15034)
4(14608 14624 15036 15020)
4(14623 15035 15036 14624)
4(15019 15020 15036 15035)
4(14609 14625 15037 15021)
4(14624 15036 15037 14625)
4(15020 15021 15037 15036)
4(14610 14626 15038 15022)
4(14625 15037 15038 14626)
4(15021 15022 15038 15037)
4(14611 14627 15039 15023)
4(14626 15038 15039 14627)
4(15022 15023 15039 15038)
4(14612 14628 15040 15024)
4(14627 15039 15040 14628)
4(15023 15024 15040 15039)
4(14613 14629 15041 15025)
4(14628 15040 15041 14629)
4(15024 15025 15041 15040)
4(14614 14630 15042 15026)
4(14629 15041 15042 14630)
4(15025 15026 15042 15041)
4(14615 14631 15043 15027)
4(14630 15042 15043 14631)
4(15026 15027 15043 15042)
4(14616 14632 15044 15028)
4(14631 15043 15044 14632)
4(15027 15028 15044 15043)
4(14617 14633 15045 15029)
4(14632 15044 15045 14633)
4(15028 15029 15045 15044)
4(14618 14634 15046 15030)
4(14633 15045 15046 14634)
4(15029 15030 15046 15045)
4(14619 14635 15047 15031)
4(14634 15046 15047 14635)
4(15030 15031 15047 15046)
4(14635 15047 15048 14636)
4(15031 15032 15048 15047)
4(14621 14637 15049 15033)
4(10711 10738 15049 14637)
4(10737 15033 15049 10738)
4(14622 14638 15050 15034)
4(14637 15049 15050 14638)
4(15033 15034 15050 15049)
4(14623 14639 15051 15035)
4(14638 15050 15051 14639)
4(15034 15035 15051 15050)
4(14624 14640 15052 15036)
4(14639 15051 15052 14640)
4(15035 15036 15052 15051)
4(14625 14641 15053 15037)
4(14640 15052 15053 14641)
4(15036 15037 15053 15052)
4(14626 14642 15054 15038)
4(14641 15053 15054 14642)
4(15037 15038 15054 15053)
4(14627 14643 15055 15039)
4(14642 15054 15055 14643)
4(15038 15039 15055 15054)
4(14628 14644 15056 15040)
4(14643 15055 15056 14644)
4(15039 15040 15056 15055)
4(14629 14645 15057 15041)
4(14644 15056 15057 14645)
4(15040 15041 15057 15056)
4(14630 14646 15058 15042)
4(14645 15057 15058 14646)
4(15041 15042 15058 15057)
4(14631 14647 15059 15043)
4(14646 15058 15059 14647)
4(15042 15043 15059 15058)
4(14632 14648 15060 15044)
4(14647 15059 15060 14648)
4(15043 15044 15060 15059)
4(14633 14649 15061 15045)
4(14648 15060 15061 14649)
4(15044 15045 15061 15060)
4(14634 14650 15062 15046)
4(14649 15061 15062 14650)
4(15045 15046 15062 15061)
4(14635 14651 15063 15047)
4(14650 15062 15063 14651)
4(15046 15047 15063 15062)
4(14651 15063 15064 14652)
4(15047 15048 15064 15063)
4(14637 14653 15065 15049)
4(10712 10739 15065 14653)
4(10738 15049 15065 10739)
4(14638 14654 15066 15050)
4(14653 15065 15066 14654)
4(15049 15050 15066 15065)
4(14639 14655 15067 15051)
4(14654 15066 15067 14655)
4(15050 15051 15067 15066)
4(14640 14656 15068 15052)
4(14655 15067 15068 14656)
4(15051 15052 15068 15067)
4(14641 14657 15069 15053)
4(14656 15068 15069 14657)
4(15052 15053 15069 15068)
4(14642 14658 15070 15054)
4(14657 15069 15070 14658)
4(15053 15054 15070 15069)
4(14643 14659 15071 15055)
4(14658 15070 15071 14659)
4(15054 15055 15071 15070)
4(14644 14660 15072 15056)
4(14659 15071 15072 14660)
4(15055 15056 15072 15071)
4(14645 14661 15073 15057)
4(14660 15072 15073 14661)
4(15056 15057 15073 15072)
4(14646 14662 15074 15058)
4(14661 15073 15074 14662)
4(15057 15058 15074 15073)
4(14647 14663 15075 15059)
4(14662 15074 15075 14663)
4(15058 15059 15075 15074)
4(14648 14664 15076 15060)
4(14663 15075 15076 14664)
4(15059 15060 15076 15075)
4(14649 14665 15077 15061)
4(14664 15076 15077 14665)
4(15060 15061 15077 15076)
4(14650 14666 15078 15062)
4(14665 15077 15078 14666)
4(15061 15062 15078 15077)
4(14651 14667 15079 15063)
4(14666 15078 15079 14667)
4(15062 15063 15079 15078)
4(14667 15079 15080 14668)
4(15063 15064 15080 15079)
4(14653 14669 15081 15065)
4(10713 10740 15081 14669)
4(10739 15065 15081 10740)
4(14654 14670 15082 15066)
4(14669 15081 15082 14670)
4(15065 15066 15082 15081)
4(14655 14671 15083 15067)
4(14670 15082 15083 14671)
4(15066 15067 15083 15082)
4(14656 14672 15084 15068)
4(14671 15083 15084 14672)
4(15067 15068 15084 15083)
4(14657 14673 15085 15069)
4(14672 15084 15085 14673)
4(15068 15069 15085 15084)
4(14658 14674 15086 15070)
4(14673 15085 15086 14674)
4(15069 15070 15086 15085)
4(14659 14675 15087 15071)
4(14674 15086 15087 14675)
4(15070 15071 15087 15086)
4(14660 14676 15088 15072)
4(14675 15087 15088 14676)
4(15071 15072 15088 15087)
4(14661 14677 15089 15073)
4(14676 15088 15089 14677)
4(15072 15073 15089 15088)
4(14662 14678 15090 15074)
4(14677 15089 15090 14678)
4(15073 15074 15090 15089)
4(14663 14679 15091 15075)
4(14678 15090 15091 14679)
4(15074 15075 15091 15090)
4(14664 14680 15092 15076)
4(14679 15091 15092 14680)
4(15075 15076 15092 15091)
4(14665 14681 15093 15077)
4(14680 15092 15093 14681)
4(15076 15077 15093 15092)
4(14666 14682 15094 15078)
4(14681 15093 15094 14682)
4(15077 15078 15094 15093)
4(14667 14683 15095 15079)
4(14682 15094 15095 14683)
4(15078 15079 15095 15094)
4(14683 15095 15096 14684)
4(15079 15080 15096 15095)
4(14669 14685 15097 15081)
4(10714 10741 15097 14685)
4(10740 15081 15097 10741)
4(14670 14686 15098 15082)
4(14685 15097 15098 14686)
4(15081 15082 15098 15097)
4(14671 14687 15099 15083)
4(14686 15098 15099 14687)
4(15082 15083 15099 15098)
4(14672 14688 15100 15084)
4(14687 15099 15100 14688)
4(15083 15084 15100 15099)
4(14673 14689 15101 15085)
4(14688 15100 15101 14689)
4(15084 15085 15101 15100)
4(14674 14690 15102 15086)
4(14689 15101 15102 14690)
4(15085 15086 15102 15101)
4(14675 14691 15103 15087)
4(14690 15102 15103 14691)
4(15086 15087 15103 15102)
4(14676 14692 15104 15088)
4(14691 15103 15104 14692)
4(15087 15088 15104 15103)
4(14677 14693 15105 15089)
4(14692 15104 15105 14693)
4(15088 15089 15105 15104)
4(14678 14694 15106 15090)
4(14693 15105 15106 14694)
4(15089 15090 15106 15105)
4(14679 14695 15107 15091)
4(14694 15106 15107 14695)
4(15090 15091 15107 15106)
4(14680 14696 15108 15092)
4(14695 15107 15108 14696)
4(15091 15092 15108 15107)
4(14681 14697 15109 15093)
4(14696 15108 15109 14697)
4(15092 15093 15109 15108)
4(14682 14698 15110 15094)
4(14697 15109 15110 14698)
4(15093 15094 15110 15109)
4(14683 14699 15111 15095)
4(14698 15110 15111 14699)
4(15094 15095 15111 15110)
4(14699 15111 15112 14700)
4(15095 15096 15112 15111)
4(14685 14701 15113 15097)
4(10715 10742 15113 14701)
4(10741 15097 15113 10742)
4(14686 14702 15114 15098)
4(14701 15113 15114 14702)
4(15097 15098 15114 15113)
4(14687 14703 15115 15099)
4(14702 15114 15115 14703)
4(15098 15099 15115 15114)
4(14688 14704 15116 15100)
4(14703 15115 15116 14704)
4(15099 15100 15116 15115)
4(14689 14705 15117 15101)
4(14704 15116 15117 14705)
4(15100 15101 15117 15116)
4(14690 14706 15118 15102)
4(14705 15117 15118 14706)
4(15101 15102 15118 15117)
4(14691 14707 15119 15103)
4(14706 15118 15119 14707)
4(15102 15103 15119 15118)
4(14692 14708 15120 15104)
4(14707 15119 15120 14708)
4(15103 15104 15120 15119)
4(14693 14709 15121 15105)
4(14708 15120 15121 14709)
4(15104 15105 15121 15120)
4(14694 14710 15122 15106)
4(14709 15121 15122 14710)
4(15105 15106 15122 15121)
4(14695 14711 15123 15107)
4(14710 15122 15123 14711)
4(15106 15107 15123 15122)
4(14696 14712 15124 15108)
4(14711 15123 15124 14712)
4(15107 15108 15124 15123)
4(14697 14713 15125 15109)
4(14712 15124 15125 14713)
4(15108 15109 15125 15124)
4(14698 14714 15126 15110)
4(14713 15125 15126 14714)
4(15109 15110 15126 15125)
4(14699 14715 15127 15111)
4(14714 15126 15127 14715)
4(15110 15111 15127 15126)
4(14715 15127 15128 14716)
4(15111 15112 15128 15127)
4(14701 14717 15129 15113)
4(10716 10743 15129 14717)
4(10742 15113 15129 10743)
4(14702 14718 15130 15114)
4(14717 15129 15130 14718)
4(15113 15114 15130 15129)
4(14703 14719 15131 15115)
4(14718 15130 15131 14719)
4(15114 15115 15131 15130)
4(14704 14720 15132 15116)
4(14719 15131 15132 14720)
4(15115 15116 15132 15131)
4(14705 14721 15133 15117)
4(14720 15132 15133 14721)
4(15116 15117 15133 15132)
4(14706 14722 15134 15118)
4(14721 15133 15134 14722)
4(15117 15118 15134 15133)
4(14707 14723 15135 15119)
4(14722 15134 15135 14723)
4(15118 15119 15135 15134)
4(14708 14724 15136 15120)
4(14723 15135 15136 14724)
4(15119 15120 15136 15135)
4(14709 14725 15137 15121)
4(14724 15136 15137 14725)
4(15120 15121 15137 15136)
4(14710 14726 15138 15122)
4(14725 15137 15138 14726)
4(15121 15122 15138 15137)
4(14711 14727 15139 15123)
4(14726 15138 15139 14727)
4(15122 15123 15139 15138)
4(14712 14728 15140 15124)
4(14727 15139 15140 14728)
4(15123 15124 15140 15139)
4(14713 14729 15141 15125)
4(14728 15140 15141 14729)
4(15124 15125 15141 15140)
4(14714 14730 15142 15126)
4(14729 15141 15142 14730)
4(15125 15126 15142 15141)
4(14715 14731 15143 15127)
4(14730 15142 15143 14731)
4(15126 15127 15143 15142)
4(14731 15143 15144 14732)
4(15127 15128 15144 15143)
4(14717 14733 15145 15129)
4(10717 10744 15145 14733)
4(10743 15129 15145 10744)
4(14718 14734 15146 15130)
4(14733 15145 15146 14734)
4(15129 15130 15146 15145)
4(14719 14735 15147 15131)
4(14734 15146 15147 14735)
4(15130 15131 15147 15146)
4(14720 14736 15148 15132)
4(14735 15147 15148 14736)
4(15131 15132 15148 15147)
4(14721 14737 15149 15133)
4(14736 15148 15149 14737)
4(15132 15133 15149 15148)
4(14722 14738 15150 15134)
4(14737 15149 15150 14738)
4(15133 15134 15150 15149)
4(14723 14739 15151 15135)
4(14738 15150 15151 14739)
4(15134 15135 15151 15150)
4(14724 14740 15152 15136)
4(14739 15151 15152 14740)
4(15135 15136 15152 15151)
4(14725 14741 15153 15137)
4(14740 15152 15153 14741)
4(15136 15137 15153 15152)
4(14726 14742 15154 15138)
4(14741 15153 15154 14742)
4(15137 15138 15154 15153)
4(14727 14743 15155 15139)
4(14742 15154 15155 14743)
4(15138 15139 15155 15154)
4(14728 14744 15156 15140)
4(14743 15155 15156 14744)
4(15139 15140 15156 15155)
4(14729 14745 15157 15141)
4(14744 15156 15157 14745)
4(15140 15141 15157 15156)
4(14730 14746 15158 15142)
4(14745 15157 15158 14746)
4(15141 15142 15158 15157)
4(14731 14747 15159 15143)
4(14746 15158 15159 14747)
4(15142 15143 15159 15158)
4(14747 15159 15160 14748)
4(15143 15144 15160 15159)
4(14733 14749 15161 15145)
4(10718 10745 15161 14749)
4(10744 15145 15161 10745)
4(14734 14750 15162 15146)
4(14749 15161 15162 14750)
4(15145 15146 15162 15161)
4(14735 14751 15163 15147)
4(14750 15162 15163 14751)
4(15146 15147 15163 15162)
4(14736 14752 15164 15148)
4(14751 15163 15164 14752)
4(15147 15148 15164 15163)
4(14737 14753 15165 15149)
4(14752 15164 15165 14753)
4(15148 15149 15165 15164)
4(14738 14754 15166 15150)
4(14753 15165 15166 14754)
4(15149 15150 15166 15165)
4(14739 14755 15167 15151)
4(14754 15166 15167 14755)
4(15150 15151 15167 15166)
4(14740 14756 15168 15152)
4(14755 15167 15168 14756)
4(15151 15152 15168 15167)
4(14741 14757 15169 15153)
4(14756 15168 15169 14757)
4(15152 15153 15169 15168)
4(14742 14758 15170 15154)
4(14757 15169 15170 14758)
4(15153 15154 15170 15169)
4(14743 14759 15171 15155)
4(14758 15170 15171 14759)
4(15154 15155 15171 15170)
4(14744 14760 15172 15156)
4(14759 15171 15172 14760)
4(15155 15156 15172 15171)
4(14745 14761 15173 15157)
4(14760 15172 15173 14761)
4(15156 15157 15173 15172)
4(14746 14762 15174 15158)
4(14761 15173 15174 14762)
4(15157 15158 15174 15173)
4(14747 14763 15175 15159)
4(14762 15174 15175 14763)
4(15158 15159 15175 15174)
4(14763 15175 15176 14764)
4(15159 15160 15176 15175)
4(14749 14765 15177 15161)
4(10745 15161 15177 10746)
4(14750 14766 15178 15162)
4(15161 15162 15178 15177)
4(14751 14767 15179 15163)
4(15162 15163 15179 15178)
4(14752 14768 15180 15164)
4(15163 15164 15180 15179)
4(14753 14769 15181 15165)
4(15164 15165 15181 15180)
4(14754 14770 15182 15166)
4(15165 15166 15182 15181)
4(14755 14771 15183 15167)
4(15166 15167 15183 15182)
4(14756 14772 15184 15168)
4(15167 15168 15184 15183)
4(14757 14773 15185 15169)
4(15168 15169 15185 15184)
4(14758 14774 15186 15170)
4(15169 15170 15186 15185)
4(14759 14775 15187 15171)
4(15170 15171 15187 15186)
4(14760 14776 15188 15172)
4(15171 15172 15188 15187)
4(14761 14777 15189 15173)
4(15172 15173 15189 15188)
4(14762 14778 15190 15174)
4(15173 15174 15190 15189)
4(14763 14779 15191 15175)
4(15174 15175 15191 15190)
4(15175 15176 15192 15191)
4(189 14781 15193 207)
4(205 223 15193 14781)
4(190 14782 15194 208)
4(14781 15193 15194 14782)
4(14782 15194 15195 14783)
4(192 14784 15196 210)
4(10720 10747 15196 14784)
4(193 14785 15197 211)
4(14784 15196 15197 14785)
4(194 14786 15198 212)
4(14785 15197 15198 14786)
4(195 14787 15199 213)
4(14786 15198 15199 14787)
4(196 14788 15200 214)
4(14787 15199 15200 14788)
4(197 14789 15201 215)
4(14788 15200 15201 14789)
4(198 14790 15202 216)
4(14789 15201 15202 14790)
4(199 14791 15203 217)
4(14790 15202 15203 14791)
4(200 14792 15204 218)
4(14791 15203 15204 14792)
4(201 14793 15205 219)
4(14792 15204 15205 14793)
4(202 14794 15206 220)
4(14793 15205 15206 14794)
4(203 14795 15207 221)
4(14794 15206 15207 14795)
4(204 14796 15208 222)
4(14795 15207 15208 14796)
4(205 14797 15209 223)
4(14796 15208 15209 14797)
4(14781 14798 15210 15193)
4(14797 15209 15210 14798)
4(14782 14799 15211 15194)
4(14798 15210 15211 14799)
4(14799 15211 15212 14800)
4(14784 14801 15213 15196)
4(10721 10748 15213 14801)
4(14785 14802 15214 15197)
4(14801 15213 15214 14802)
4(14786 14803 15215 15198)
4(14802 15214 15215 14803)
4(14787 14804 15216 15199)
4(14803 15215 15216 14804)
4(14788 14805 15217 15200)
4(14804 15216 15217 14805)
4(14789 14806 15218 15201)
4(14805 15217 15218 14806)
4(14790 14807 15219 15202)
4(14806 15218 15219 14807)
4(14791 14808 15220 15203)
4(14807 15219 15220 14808)
4(14792 14809 15221 15204)
4(14808 15220 15221 14809)
4(14793 14810 15222 15205)
4(14809 15221 15222 14810)
4(14794 14811 15223 15206)
4(14810 15222 15223 14811)
4(14795 14812 15224 15207)
4(14811 15223 15224 14812)
4(14796 14813 15225 15208)
4(14812 15224 15225 14813)
4(14797 14814 15226 15209)
4(14813 15225 15226 14814)
4(14798 14815 15227 15210)
4(14814 15226 15227 14815)
4(14799 14816 15228 15211)
4(14815 15227 15228 14816)
4(14816 15228 15229 14817)
4(14801 14818 15230 15213)
4(10722 10749 15230 14818)
4(14802 14819 15231 15214)
4(14818 15230 15231 14819)
4(14803 14820 15232 15215)
4(14819 15231 15232 14820)
4(14804 14821 15233 15216)
4(14820 15232 15233 14821)
4(14805 14822 15234 15217)
4(14821 15233 15234 14822)
4(14806 14823 15235 15218)
4(14822 15234 15235 14823)
4(14807 14824 15236 15219)
4(14823 15235 15236 14824)
4(14808 14825 15237 15220)
4(14824 15236 15237 14825)
4(14809 14826 15238 15221)
4(14825 15237 15238 14826)
4(14810 14827 15239 15222)
4(14826 15238 15239 14827)
4(14811 14828 15240 15223)
4(14827 15239 15240 14828)
4(14812 14829 15241 15224)
4(14828 15240 15241 14829)
4(14813 14830 15242 15225)
4(14829 15241 15242 14830)
4(14814 14831 15243 15226)
4(14830 15242 15243 14831)
4(14815 14832 15244 15227)
4(14831 15243 15244 14832)
4(14816 14833 15245 15228)
4(14832 15244 15245 14833)
4(14833 15245 15246 14834)
4(14818 14835 15247 15230)
4(10723 10750 15247 14835)
4(14819 14836 15248 15231)
4(14835 15247 15248 14836)
4(14820 14837 15249 15232)
4(14836 15248 15249 14837)
4(14821 14838 15250 15233)
4(14837 15249 15250 14838)
4(14822 14839 15251 15234)
4(14838 15250 15251 14839)
4(14823 14840 15252 15235)
4(14839 15251 15252 14840)
4(14824 14841 15253 15236)
4(14840 15252 15253 14841)
4(14825 14842 15254 15237)
4(14841 15253 15254 14842)
4(14826 14843 15255 15238)
4(14842 15254 15255 14843)
4(14827 14844 15256 15239)
4(14843 15255 15256 14844)
4(14828 14845 15257 15240)
4(14844 15256 15257 14845)
4(14829 14846 15258 15241)
4(14845 15257 15258 14846)
4(14830 14847 15259 15242)
4(14846 15258 15259 14847)
4(14831 14848 15260 15243)
4(14847 15259 15260 14848)
4(14832 14849 15261 15244)
4(14848 15260 15261 14849)
4(14833 14850 15262 15245)
4(14849 15261 15262 14850)
4(14850 15262 15263 14851)
4(14835 14852 15264 15247)
4(10724 10751 15264 14852)
4(14836 14853 15265 15248)
4(14852 15264 15265 14853)
4(14837 14854 15266 15249)
4(14853 15265 15266 14854)
4(14838 14855 15267 15250)
4(14854 15266 15267 14855)
4(14839 14856 15268 15251)
4(14855 15267 15268 14856)
4(14840 14857 15269 15252)
4(14856 15268 15269 14857)
4(14841 14858 15270 15253)
4(14857 15269 15270 14858)
4(14842 14859 15271 15254)
4(14858 15270 15271 14859)
4(14843 14860 15272 15255)
4(14859 15271 15272 14860)
4(14844 14861 15273 15256)
4(14860 15272 15273 14861)
4(14845 14862 15274 15257)
4(14861 15273 15274 14862)
4(14846 14863 15275 15258)
4(14862 15274 15275 14863)
4(14847 14864 15276 15259)
4(14863 15275 15276 14864)
4(14848 14865 15277 15260)
4(14864 15276 15277 14865)
4(14849 14866 15278 15261)
4(14865 15277 15278 14866)
4(14850 14867 15279 15262)
4(14866 15278 15279 14867)
4(14867 15279 15280 14868)
4(14852 14869 15281 15264)
4(10725 10752 15281 14869)
4(14853 14870 15282 15265)
4(14869 15281 15282 14870)
4(14854 14871 15283 15266)
4(14870 15282 15283 14871)
4(14855 14872 15284 15267)
4(14871 15283 15284 14872)
4(14856 14873 15285 15268)
4(14872 15284 15285 14873)
4(14857 14874 15286 15269)
4(14873 15285 15286 14874)
4(14858 14875 15287 15270)
4(14874 15286 15287 14875)
4(14859 14876 15288 15271)
4(14875 15287 15288 14876)
4(14860 14877 15289 15272)
4(14876 15288 15289 14877)
4(14861 14878 15290 15273)
4(14877 15289 15290 14878)
4(14862 14879 15291 15274)
4(14878 15290 15291 14879)
4(14863 14880 15292 15275)
4(14879 15291 15292 14880)
4(14864 14881 15293 15276)
4(14880 15292 15293 14881)
4(14865 14882 15294 15277)
4(14881 15293 15294 14882)
4(14866 14883 15295 15278)
4(14882 15294 15295 14883)
4(14867 14884 15296 15279)
4(14883 15295 15296 14884)
4(14884 15296 15297 14885)
4(14869 14886 15298 15281)
4(10726 10753 15298 14886)
4(14870 14887 15299 15282)
4(14886 15298 15299 14887)
4(14871 14888 15300 15283)
4(14887 15299 15300 14888)
4(14872 14889 15301 15284)
4(14888 15300 15301 14889)
4(14873 14890 15302 15285)
4(14889 15301 15302 14890)
4(14874 14891 15303 15286)
4(14890 15302 15303 14891)
4(14875 14892 15304 15287)
4(14891 15303 15304 14892)
4(14876 14893 15305 15288)
4(14892 15304 15305 14893)
4(14877 14894 15306 15289)
4(14893 15305 15306 14894)
4(14878 14895 15307 15290)
4(14894 15306 15307 14895)
4(14879 14896 15308 15291)
4(14895 15307 15308 14896)
4(14880 14897 15309 15292)
4(14896 15308 15309 14897)
4(14881 14898 15310 15293)
4(14897 15309 15310 14898)
4(14882 14899 15311 15294)
4(14898 15310 15311 14899)
4(14883 14900 15312 15295)
4(14899 15311 15312 14900)
4(14884 14901 15313 15296)
4(14900 15312 15313 14901)
4(14901 15313 15314 14902)
4(14886 14903 15315 15298)
4(10727 10754 15315 14903)
4(14887 14904 15316 15299)
4(14903 15315 15316 14904)
4(14888 14905 15317 15300)
4(14904 15316 15317 14905)
4(14889 14906 15318 15301)
4(14905 15317 15318 14906)
4(14890 14907 15319 15302)
4(14906 15318 15319 14907)
4(14891 14908 15320 15303)
4(14907 15319 15320 14908)
4(14892 14909 15321 15304)
4(14908 15320 15321 14909)
4(14893 14910 15322 15305)
4(14909 15321 15322 14910)
4(14894 14911 15323 15306)
4(14910 15322 15323 14911)
4(14895 14912 15324 15307)
4(14911 15323 15324 14912)
4(14896 14913 15325 15308)
4(14912 15324 15325 14913)
4(14897 14914 15326 15309)
4(14913 15325 15326 14914)
4(14898 14915 15327 15310)
4(14914 15326 15327 14915)
4(14899 14916 15328 15311)
4(14915 15327 15328 14916)
4(14900 14917 15329 15312)
4(14916 15328 15329 14917)
4(14901 14918 15330 15313)
4(14917 15329 15330 14918)
4(14918 15330 15331 14919)
4(14903 14920 15332 15315)
4(10728 10755 15332 14920)
4(14904 14921 15333 15316)
4(14920 15332 15333 14921)
4(14905 14922 15334 15317)
4(14921 15333 15334 14922)
4(14906 14923 15335 15318)
4(14922 15334 15335 14923)
4(14907 14924 15336 15319)
4(14923 15335 15336 14924)
4(14908 14925 15337 15320)
4(14924 15336 15337 14925)
4(14909 14926 15338 15321)
4(14925 15337 15338 14926)
4(14910 14927 15339 15322)
4(14926 15338 15339 14927)
4(14911 14928 15340 15323)
4(14927 15339 15340 14928)
4(14912 14929 15341 15324)
4(14928 15340 15341 14929)
4(14913 14930 15342 15325)
4(14929 15341 15342 14930)
4(14914 14931 15343 15326)
4(14930 15342 15343 14931)
4(14915 14932 15344 15327)
4(14931 15343 15344 14932)
4(14916 14933 15345 15328)
4(14932 15344 15345 14933)
4(14917 14934 15346 15329)
4(14933 15345 15346 14934)
4(14918 14935 15347 15330)
4(14934 15346 15347 14935)
4(14935 15347 15348 14936)
4(14920 10730 15349 15332)
4(10729 10756 15349 10730)
4(14921 14937 15350 15333)
4(10730 15349 15350 14937)
4(14922 14938 15351 15334)
4(14937 15350 15351 14938)
4(14923 14939 15352 15335)
4(14938 15351 15352 14939)
4(14924 14940 15353 15336)
4(14939 15352 15353 14940)
4(14925 14941 15354 15337)
4(14940 15353 15354 14941)
4(14926 14942 15355 15338)
4(14941 15354 15355 14942)
4(14927 14943 15356 15339)
4(14942 15355 15356 14943)
4(14928 14944 15357 15340)
4(14943 15356 15357 14944)
4(14929 14945 15358 15341)
4(14944 15357 15358 14945)
4(14930 14946 15359 15342)
4(14945 15358 15359 14946)
4(14931 14947 15360 15343)
4(14946 15359 15360 14947)
4(14932 14948 15361 15344)
4(14947 15360 15361 14948)
4(14933 14949 15362 15345)
4(14948 15361 15362 14949)
4(14934 14950 15363 15346)
4(14949 15362 15363 14950)
4(14935 14951 15364 15347)
4(14950 15363 15364 14951)
4(14951 15364 15365 14952)
4(10730 10731 10758 15349)
4(14937 14953 15366 15350)
4(10731 10758 15366 14953)
4(14938 14954 15367 15351)
4(14953 15366 15367 14954)
4(14939 14955 15368 15352)
4(14954 15367 15368 14955)
4(14940 14956 15369 15353)
4(14955 15368 15369 14956)
4(14941 14957 15370 15354)
4(14956 15369 15370 14957)
4(14942 14958 15371 15355)
4(14957 15370 15371 14958)
4(14943 14959 15372 15356)
4(14958 15371 15372 14959)
4(14944 14960 15373 15357)
4(14959 15372 15373 14960)
4(14945 14961 15374 15358)
4(14960 15373 15374 14961)
4(14946 14962 15375 15359)
4(14961 15374 15375 14962)
4(14947 14963 15376 15360)
4(14962 15375 15376 14963)
4(14948 14964 15377 15361)
4(14963 15376 15377 14964)
4(14949 14965 15378 15362)
4(14964 15377 15378 14965)
4(14950 14966 15379 15363)
4(14965 15378 15379 14966)
4(14951 14967 15380 15364)
4(14966 15379 15380 14967)
4(14967 15380 15381 14968)
4(14953 14969 15382 15366)
4(10733 10759 15382 14969)
4(14954 14970 15383 15367)
4(14969 15382 15383 14970)
4(14955 14971 15384 15368)
4(14970 15383 15384 14971)
4(14956 14972 15385 15369)
4(14971 15384 15385 14972)
4(14957 14973 15386 15370)
4(14972 15385 15386 14973)
4(14958 14974 15387 15371)
4(14973 15386 15387 14974)
4(14959 14975 15388 15372)
4(14974 15387 15388 14975)
4(14960 14976 15389 15373)
4(14975 15388 15389 14976)
4(14961 14977 15390 15374)
4(14976 15389 15390 14977)
4(14962 14978 15391 15375)
4(14977 15390 15391 14978)
4(14963 14979 15392 15376)
4(14978 15391 15392 14979)
4(14964 14980 15393 15377)
4(14979 15392 15393 14980)
4(14965 14981 15394 15378)
4(14980 15393 15394 14981)
4(14966 14982 15395 15379)
4(14981 15394 15395 14982)
4(14967 14983 15396 15380)
4(14982 15395 15396 14983)
4(14983 15396 15397 14984)
4(14969 14985 15398 15382)
4(10734 10760 15398 14985)
4(14970 14986 15399 15383)
4(14985 15398 15399 14986)
4(14971 14987 15400 15384)
4(14986 15399 15400 14987)
4(14972 14988 15401 15385)
4(14987 15400 15401 14988)
4(14973 14989 15402 15386)
4(14988 15401 15402 14989)
4(14974 14990 15403 15387)
4(14989 15402 15403 14990)
4(14975 14991 15404 15388)
4(14990 15403 15404 14991)
4(14976 14992 15405 15389)
4(14991 15404 15405 14992)
4(14977 14993 15406 15390)
4(14992 15405 15406 14993)
4(14978 14994 15407 15391)
4(14993 15406 15407 14994)
4(14979 14995 15408 15392)
4(14994 15407 15408 14995)
4(14980 14996 15409 15393)
4(14995 15408 15409 14996)
4(14981 14997 15410 15394)
4(14996 15409 15410 14997)
4(14982 14998 15411 15395)
4(14997 15410 15411 14998)
4(14983 14999 15412 15396)
4(14998 15411 15412 14999)
4(14999 15412 15413 15000)
4(14985 15001 15414 15398)
4(10735 10761 15414 15001)
4(14986 15002 15415 15399)
4(15001 15414 15415 15002)
4(14987 15003 15416 15400)
4(15002 15415 15416 15003)
4(14988 15004 15417 15401)
4(15003 15416 15417 15004)
4(14989 15005 15418 15402)
4(15004 15417 15418 15005)
4(14990 15006 15419 15403)
4(15005 15418 15419 15006)
4(14991 15007 15420 15404)
4(15006 15419 15420 15007)
4(14992 15008 15421 15405)
4(15007 15420 15421 15008)
4(14993 15009 15422 15406)
4(15008 15421 15422 15009)
4(14994 15010 15423 15407)
4(15009 15422 15423 15010)
4(14995 15011 15424 15408)
4(15010 15423 15424 15011)
4(14996 15012 15425 15409)
4(15011 15424 15425 15012)
4(14997 15013 15426 15410)
4(15012 15425 15426 15013)
4(14998 15014 15427 15411)
4(15013 15426 15427 15014)
4(14999 15015 15428 15412)
4(15014 15427 15428 15015)
4(15015 15428 15429 15016)
4(15001 15017 15430 15414)
4(10736 10762 15430 15017)
4(15002 15018 15431 15415)
4(15017 15430 15431 15018)
4(15003 15019 15432 15416)
4(15018 15431 15432 15019)
4(15004 15020 15433 15417)
4(15019 15432 15433 15020)
4(15005 15021 15434 15418)
4(15020 15433 15434 15021)
4(15006 15022 15435 15419)
4(15021 15434 15435 15022)
4(15007 15023 15436 15420)
4(15022 15435 15436 15023)
4(15008 15024 15437 15421)
4(15023 15436 15437 15024)
4(15009 15025 15438 15422)
4(15024 15437 15438 15025)
4(15010 15026 15439 15423)
4(15025 15438 15439 15026)
4(15011 15027 15440 15424)
4(15026 15439 15440 15027)
4(15012 15028 15441 15425)
4(15027 15440 15441 15028)
4(15013 15029 15442 15426)
4(15028 15441 15442 15029)
4(15014 15030 15443 15427)
4(15029 15442 15443 15030)
4(15015 15031 15444 15428)
4(15030 15443 15444 15031)
4(15031 15444 15445 15032)
4(15017 15033 15446 15430)
4(10737 10763 15446 15033)
4(15018 15034 15447 15431)
4(15033 15446 15447 15034)
4(15019 15035 15448 15432)
4(15034 15447 15448 15035)
4(15020 15036 15449 15433)
4(15035 15448 15449 15036)
4(15021 15037 15450 15434)
4(15036 15449 15450 15037)
4(15022 15038 15451 15435)
4(15037 15450 15451 15038)
4(15023 15039 15452 15436)
4(15038 15451 15452 15039)
4(15024 15040 15453 15437)
4(15039 15452 15453 15040)
4(15025 15041 15454 15438)
4(15040 15453 15454 15041)
4(15026 15042 15455 15439)
4(15041 15454 15455 15042)
4(15027 15043 15456 15440)
4(15042 15455 15456 15043)
4(15028 15044 15457 15441)
4(15043 15456 15457 15044)
4(15029 15045 15458 15442)
4(15044 15457 15458 15045)
4(15030 15046 15459 15443)
4(15045 15458 15459 15046)
4(15031 15047 15460 15444)
4(15046 15459 15460 15047)
4(15047 15460 15461 15048)
4(15033 15049 15462 15446)
4(10738 10764 15462 15049)
4(15034 15050 15463 15447)
4(15049 15462 15463 15050)
4(15035 15051 15464 15448)
4(15050 15463 15464 15051)
4(15036 15052 15465 15449)
4(15051 15464 15465 15052)
4(15037 15053 15466 15450)
4(15052 15465 15466 15053)
4(15038 15054 15467 15451)
4(15053 15466 15467 15054)
4(15039 15055 15468 15452)
4(15054 15467 15468 15055)
4(15040 15056 15469 15453)
4(15055 15468 15469 15056)
4(15041 15057 15470 15454)
4(15056 15469 15470 15057)
4(15042 15058 15471 15455)
4(15057 15470 15471 15058)
4(15043 15059 15472 15456)
4(15058 15471 15472 15059)
4(15044 15060 15473 15457)
4(15059 15472 15473 15060)
4(15045 15061 15474 15458)
4(15060 15473 15474 15061)
4(15046 15062 15475 15459)
4(15061 15474 15475 15062)
4(15047 15063 15476 15460)
4(15062 15475 15476 15063)
4(15063 15476 15477 15064)
4(15049 15065 15478 15462)
4(10739 10765 15478 15065)
4(15050 15066 15479 15463)
4(15065 15478 15479 15066)
4(15051 15067 15480 15464)
4(15066 15479 15480 15067)
4(15052 15068 15481 15465)
4(15067 15480 15481 15068)
4(15053 15069 15482 15466)
4(15068 15481 15482 15069)
4(15054 15070 15483 15467)
4(15069 15482 15483 15070)
4(15055 15071 15484 15468)
4(15070 15483 15484 15071)
4(15056 15072 15485 15469)
4(15071 15484 15485 15072)
4(15057 15073 15486 15470)
4(15072 15485 15486 15073)
4(15058 15074 15487 15471)
4(15073 15486 15487 15074)
4(15059 15075 15488 15472)
4(15074 15487 15488 15075)
4(15060 15076 15489 15473)
4(15075 15488 15489 15076)
4(15061 15077 15490 15474)
4(15076 15489 15490 15077)
4(15062 15078 15491 15475)
4(15077 15490 15491 15078)
4(15063 15079 15492 15476)
4(15078 15491 15492 15079)
4(15079 15492 15493 15080)
4(15065 15081 15494 15478)
4(10740 10766 15494 15081)
4(15066 15082 15495 15479)
4(15081 15494 15495 15082)
4(15067 15083 15496 15480)
4(15082 15495 15496 15083)
4(15068 15084 15497 15481)
4(15083 15496 15497 15084)
4(15069 15085 15498 15482)
4(15084 15497 15498 15085)
4(15070 15086 15499 15483)
4(15085 15498 15499 15086)
4(15071 15087 15500 15484)
4(15086 15499 15500 15087)
4(15072 15088 15501 15485)
4(15087 15500 15501 15088)
4(15073 15089 15502 15486)
4(15088 15501 15502 15089)
4(15074 15090 15503 15487)
4(15089 15502 15503 15090)
4(15075 15091 15504 15488)
4(15090 15503 15504 15091)
4(15076 15092 15505 15489)
4(15091 15504 15505 15092)
4(15077 15093 15506 15490)
4(15092 15505 15506 15093)
4(15078 15094 15507 15491)
4(15093 15506 15507 15094)
4(15079 15095 15508 15492)
4(15094 15507 15508 15095)
4(15095 15508 15509 15096)
4(15081 15097 15510 15494)
4(10741 10767 15510 15097)
4(15082 15098 15511 15495)
4(15097 15510 15511 15098)
4(15083 15099 15512 15496)
4(15098 15511 15512 15099)
4(15084 15100 15513 15497)
4(15099 15512 15513 15100)
4(15085 15101 15514 15498)
4(15100 15513 15514 15101)
4(15086 15102 15515 15499)
4(15101 15514 15515 15102)
4(15087 15103 15516 15500)
4(15102 15515 15516 15103)
4(15088 15104 15517 15501)
4(15103 15516 15517 15104)
4(15089 15105 15518 15502)
4(15104 15517 15518 15105)
4(15090 15106 15519 15503)
4(15105 15518 15519 15106)
4(15091 15107 15520 15504)
4(15106 15519 15520 15107)
4(15092 15108 15521 15505)
4(15107 15520 15521 15108)
4(15093 15109 15522 15506)
4(15108 15521 15522 15109)
4(15094 15110 15523 15507)
4(15109 15522 15523 15110)
4(15095 15111 15524 15508)
4(15110 15523 15524 15111)
4(15111 15524 15525 15112)
4(15097 15113 15526 15510)
4(10742 10768 15526 15113)
4(15098 15114 15527 15511)
4(15113 15526 15527 15114)
4(15099 15115 15528 15512)
4(15114 15527 15528 15115)
4(15100 15116 15529 15513)
4(15115 15528 15529 15116)
4(15101 15117 15530 15514)
4(15116 15529 15530 15117)
4(15102 15118 15531 15515)
4(15117 15530 15531 15118)
4(15103 15119 15532 15516)
4(15118 15531 15532 15119)
4(15104 15120 15533 15517)
4(15119 15532 15533 15120)
4(15105 15121 15534 15518)
4(15120 15533 15534 15121)
4(15106 15122 15535 15519)
4(15121 15534 15535 15122)
4(15107 15123 15536 15520)
4(15122 15535 15536 15123)
4(15108 15124 15537 15521)
4(15123 15536 15537 15124)
4(15109 15125 15538 15522)
4(15124 15537 15538 15125)
4(15110 15126 15539 15523)
4(15125 15538 15539 15126)
4(15111 15127 15540 15524)
4(15126 15539 15540 15127)
4(15127 15540 15541 15128)
4(15113 15129 15542 15526)
4(10743 10769 15542 15129)
4(15114 15130 15543 15527)
4(15129 15542 15543 15130)
4(15115 15131 15544 15528)
4(15130 15543 15544 15131)
4(15116 15132 15545 15529)
4(15131 15544 15545 15132)
4(15117 15133 15546 15530)
4(15132 15545 15546 15133)
4(15118 15134 15547 15531)
4(15133 15546 15547 15134)
4(15119 15135 15548 15532)
4(15134 15547 15548 15135)
4(15120 15136 15549 15533)
4(15135 15548 15549 15136)
4(15121 15137 15550 15534)
4(15136 15549 15550 15137)
4(15122 15138 15551 15535)
4(15137 15550 15551 15138)
4(15123 15139 15552 15536)
4(15138 15551 15552 15139)
4(15124 15140 15553 15537)
4(15139 15552 15553 15140)
4(15125 15141 15554 15538)
4(15140 15553 15554 15141)
4(15126 15142 15555 15539)
4(15141 15554 15555 15142)
4(15127 15143 15556 15540)
4(15142 15555 15556 15143)
4(15143 15556 15557 15144)
4(15129 15145 15558 15542)
4(10744 10770 15558 15145)
4(15130 15146 15559 15543)
4(15145 15558 15559 15146)
4(15131 15147 15560 15544)
4(15146 15559 15560 15147)
4(15132 15148 15561 15545)
4(15147 15560 15561 15148)
4(15133 15149 15562 15546)
4(15148 15561 15562 15149)
4(15134 15150 15563 15547)
4(15149 15562 15563 15150)
4(15135 15151 15564 15548)
4(15150 15563 15564 15151)
4(15136 15152 15565 15549)
4(15151 15564 15565 15152)
4(15137 15153 15566 15550)
4(15152 15565 15566 15153)
4(15138 15154 15567 15551)
4(15153 15566 15567 15154)
4(15139 15155 15568 15552)
4(15154 15567 15568 15155)
4(15140 15156 15569 15553)
4(15155 15568 15569 15156)
4(15141 15157 15570 15554)
4(15156 15569 15570 15157)
4(15142 15158 15571 15555)
4(15157 15570 15571 15158)
4(15143 15159 15572 15556)
4(15158 15571 15572 15159)
4(15159 15572 15573 15160)
4(15145 15161 15574 15558)
4(10745 10771 15574 15161)
4(15146 15162 15575 15559)
4(15161 15574 15575 15162)
4(15147 15163 15576 15560)
4(15162 15575 15576 15163)
4(15148 15164 15577 15561)
4(15163 15576 15577 15164)
4(15149 15165 15578 15562)
4(15164 15577 15578 15165)
4(15150 15166 15579 15563)
4(15165 15578 15579 15166)
4(15151 15167 15580 15564)
4(15166 15579 15580 15167)
4(15152 15168 15581 15565)
4(15167 15580 15581 15168)
4(15153 15169 15582 15566)
4(15168 15581 15582 15169)
4(15154 15170 15583 15567)
4(15169 15582 15583 15170)
4(15155 15171 15584 15568)
4(15170 15583 15584 15171)
4(15156 15172 15585 15569)
4(15171 15584 15585 15172)
4(15157 15173 15586 15570)
4(15172 15585 15586 15173)
4(15158 15174 15587 15571)
4(15173 15586 15587 15174)
4(15159 15175 15588 15572)
4(15174 15587 15588 15175)
4(15175 15588 15589 15176)
4(15161 15177 15590 15574)
4(15162 15178 15591 15575)
4(15163 15179 15592 15576)
4(15164 15180 15593 15577)
4(15165 15181 15594 15578)
4(15166 15182 15595 15579)
4(15167 15183 15596 15580)
4(15168 15184 15597 15581)
4(15169 15185 15598 15582)
4(15170 15186 15599 15583)
4(15171 15187 15600 15584)
4(15172 15188 15601 15585)
4(15173 15189 15602 15586)
4(15174 15190 15603 15587)
4(15175 15191 15604 15588)
4(802 803 1216 1215)
4(1215 1216 1627 1626)
4(1626 1627 2040 2039)
4(2039 2040 2454 2453)
4(2453 2454 2870 2869)
4(803 804 1217 1216)
4(1216 1217 1628 1627)
4(1627 1628 2041 2040)
4(2040 2041 2455 2454)
4(2454 2455 2871 2870)
4(804 805 1218 1217)
4(1217 1218 1629 1628)
4(1628 1629 2042 2041)
4(2041 2042 2456 2455)
4(2455 2456 2872 2871)
4(805 806 1219 1218)
4(1218 1219 1630 1629)
4(1629 1630 2043 2042)
4(2042 2043 2457 2456)
4(2456 2457 2873 2872)
4(806 807 1220 1219)
4(1219 1220 1631 1630)
4(1630 1631 2044 2043)
4(2043 2044 2458 2457)
4(2457 2458 2874 2873)
4(807 808 1221 1220)
4(1220 1221 1632 1631)
4(1631 1632 2045 2044)
4(2044 2045 2459 2458)
4(2458 2459 2875 2874)
4(808 809 1222 1221)
4(1221 1222 1633 1632)
4(1632 1633 2046 2045)
4(2045 2046 2460 2459)
4(2459 2460 2876 2875)
4(809 810 1223 1222)
4(1222 1223 1634 1633)
4(1633 1634 2047 2046)
4(2046 2047 2461 2460)
4(2460 2461 2877 2876)
4(810 811 1224 1223)
4(1223 1224 1635 1634)
4(1634 1635 2048 2047)
4(2047 2048 2462 2461)
4(2461 2462 2878 2877)
4(811 812 1225 1224)
4(1224 1225 1636 1635)
4(1635 1636 2049 2048)
4(2048 2049 2463 2462)
4(2462 2463 2879 2878)
4(812 813 1226 1225)
4(1225 1226 1637 1636)
4(1636 1637 2050 2049)
4(2049 2050 2464 2463)
4(2463 2464 2880 2879)
4(813 814 1227 1226)
4(1226 1227 1638 1637)
4(1637 1638 2051 2050)
4(2050 2051 2465 2464)
4(2464 2465 2881 2880)
4(814 815 1228 1227)
4(1227 1228 1639 1638)
4(1638 1639 2052 2051)
4(2051 2052 2466 2465)
4(2465 2466 2882 2881)
4(815 816 1229 1228)
4(1228 1229 1640 1639)
4(1639 1640 2053 2052)
4(2052 2053 2467 2466)
4(2466 2467 2883 2882)
4(816 817 1230 1229)
4(1229 1230 1641 1640)
4(1640 1641 2054 2053)
4(2053 2054 2468 2467)
4(2467 2468 2884 2883)
4(817 641 644 1230)
4(1230 644 696 1641)
4(1641 696 723 2054)
4(2054 723 750 2468)
4(2468 750 777 2884)
4(641 3288 3676 644)
4(644 3676 4064 696)
4(696 4064 4455 723)
4(723 4455 4847 750)
4(750 4847 5240 777)
4(3288 3289 3677 3676)
4(3676 3677 4065 4064)
4(4064 4065 4456 4455)
4(4455 4456 4848 4847)
4(4847 4848 5241 5240)
4(3289 3290 3678 3677)
4(3677 3678 4066 4065)
4(4065 4066 4457 4456)
4(4456 4457 4849 4848)
4(4848 4849 5242 5241)
4(3290 3291 3679 3678)
4(3678 3679 4067 4066)
4(4066 4067 4458 4457)
4(4457 4458 4850 4849)
4(4849 4850 5243 5242)
4(3291 3292 3680 3679)
4(3679 3680 4068 4067)
4(4067 4068 4459 4458)
4(4458 4459 4851 4850)
4(4850 4851 5244 5243)
4(3292 3293 3681 3680)
4(3680 3681 4069 4068)
4(4068 4069 4460 4459)
4(4459 4460 4852 4851)
4(4851 4852 5245 5244)
4(3293 3294 3682 3681)
4(3681 3682 4070 4069)
4(4069 4070 4461 4460)
4(4460 4461 4853 4852)
4(4852 4853 5246 5245)
4(3294 3295 3683 3682)
4(3682 3683 4071 4070)
4(4070 4071 4462 4461)
4(4461 4462 4854 4853)
4(4853 4854 5247 5246)
4(3295 3296 3684 3683)
4(3683 3684 4072 4071)
4(4071 4072 4463 4462)
4(4462 4463 4855 4854)
4(4854 4855 5248 5247)
4(3296 3297 3685 3684)
4(3684 3685 4073 4072)
4(4072 4073 4464 4463)
4(4463 4464 4856 4855)
4(4855 4856 5249 5248)
4(3297 3298 3686 3685)
4(3685 3686 4074 4073)
4(4073 4074 4465 4464)
4(4464 4465 4857 4856)
4(4856 4857 5250 5249)
4(3298 3299 3687 3686)
4(3686 3687 4075 4074)
4(4074 4075 4466 4465)
4(4465 4466 4858 4857)
4(4857 4858 5251 5250)
4(3299 3300 3688 3687)
4(3687 3688 4076 4075)
4(4075 4076 4467 4466)
4(4466 4467 4859 4858)
4(4858 4859 5252 5251)
4(3300 3301 3689 3688)
4(3688 3689 4077 4076)
4(4076 4077 4468 4467)
4(4467 4468 4860 4859)
4(4859 4860 5253 5252)
4(3301 3302 3690 3689)
4(3689 3690 4078 4077)
4(4077 4078 4469 4468)
4(4468 4469 4861 4860)
4(4860 4861 5254 5253)
4(3302 3303 3691 3690)
4(3690 3691 4079 4078)
4(4078 4079 4470 4469)
4(4469 4470 4862 4861)
4(4861 4862 5255 5254)
4(3303 493 496 3691)
4(3691 496 542 4079)
4(4079 542 567 4470)
4(4470 567 592 4862)
4(4862 592 617 5255)
4(493 5634 6045 496)
4(496 6045 6456 542)
4(542 6456 6869 567)
4(567 6869 7285 592)
4(592 7285 7703 617)
4(5634 5635 6046 6045)
4(6045 6046 6457 6456)
4(6456 6457 6870 6869)
4(6869 6870 7286 7285)
4(7285 7286 7704 7703)
4(5635 5636 6047 6046)
4(6046 6047 6458 6457)
4(6457 6458 6871 6870)
4(6870 6871 7287 7286)
4(7286 7287 7705 7704)
4(5636 5637 6048 6047)
4(6047 6048 6459 6458)
4(6458 6459 6872 6871)
4(6871 6872 7288 7287)
4(7287 7288 7706 7705)
4(5637 5638 6049 6048)
4(6048 6049 6460 6459)
4(6459 6460 6873 6872)
4(6872 6873 7289 7288)
4(7288 7289 7707 7706)
4(5638 5639 6050 6049)
4(6049 6050 6461 6460)
4(6460 6461 6874 6873)
4(6873 6874 7290 7289)
4(7289 7290 7708 7707)
4(5639 5640 6051 6050)
4(6050 6051 6462 6461)
4(6461 6462 6875 6874)
4(6874 6875 7291 7290)
4(7290 7291 7709 7708)
4(5640 5641 6052 6051)
4(6051 6052 6463 6462)
4(6462 6463 6876 6875)
4(6875 6876 7292 7291)
4(7291 7292 7710 7709)
4(5641 5642 6053 6052)
4(6052 6053 6464 6463)
4(6463 6464 6877 6876)
4(6876 6877 7293 7292)
4(7292 7293 7711 7710)
4(5642 5643 6054 6053)
4(6053 6054 6465 6464)
4(6464 6465 6878 6877)
4(6877 6878 7294 7293)
4(7293 7294 7712 7711)
4(5643 5644 6055 6054)
4(6054 6055 6466 6465)
4(6465 6466 6879 6878)
4(6878 6879 7295 7294)
4(7294 7295 7713 7712)
4(5644 5645 6056 6055)
4(6055 6056 6467 6466)
4(6466 6467 6880 6879)
4(6879 6880 7296 7295)
4(7295 7296 7714 7713)
4(5645 5646 6057 6056)
4(6056 6057 6468 6467)
4(6467 6468 6881 6880)
4(6880 6881 7297 7296)
4(7296 7297 7715 7714)
4(5646 5647 6058 6057)
4(6057 6058 6469 6468)
4(6468 6469 6882 6881)
4(6881 6882 7298 7297)
4(7297 7298 7716 7715)
4(5647 5648 6059 6058)
4(6058 6059 6470 6469)
4(6469 6470 6883 6882)
4(6882 6883 7299 7298)
4(7298 7299 7717 7716)
4(5648 5649 6060 6059)
4(6059 6060 6471 6470)
4(6470 6471 6884 6883)
4(6883 6884 7300 7299)
4(7299 7300 7718 7717)
4(5649 5650 6061 6060)
4(6060 6061 6472 6471)
4(6471 6472 6885 6884)
4(6884 6885 7301 7300)
4(7300 7301 7719 7718)
4(8528 8946 8947 8529)
4(8946 9362 9363 8947)
4(9362 9775 9776 9363)
4(9775 10185 10186 9776)
4(10185 10595 10596 10186)
4(8529 8947 8948 8530)
4(8947 9363 9364 8948)
4(9363 9776 9777 9364)
4(9776 10186 10187 9777)
4(10186 10596 10597 10187)
4(8530 8948 8949 8531)
4(8948 9364 9365 8949)
4(9364 9777 9778 9365)
4(9777 10187 10188 9778)
4(10187 10597 10598 10188)
4(8531 8949 8950 8532)
4(8949 9365 9366 8950)
4(9365 9778 9779 9366)
4(9778 10188 10189 9779)
4(10188 10598 10599 10189)
4(8532 8950 8951 8533)
4(8950 9366 9367 8951)
4(9366 9779 9780 9367)
4(9779 10189 10190 9780)
4(10189 10599 10600 10190)
4(8533 8951 8952 8534)
4(8951 9367 9368 8952)
4(9367 9780 9781 9368)
4(9780 10190 10191 9781)
4(10190 10600 10601 10191)
4(8534 8952 8953 8535)
4(8952 9368 9369 8953)
4(9368 9781 9782 9369)
4(9781 10191 10192 9782)
4(10191 10601 10602 10192)
4(8535 8953 8954 8536)
4(8953 9369 9370 8954)
4(9369 9782 9783 9370)
4(9782 10192 10193 9783)
4(10192 10602 10603 10193)
4(8536 8954 8955 8537)
4(8954 9370 9371 8955)
4(9370 9783 9784 9371)
4(9783 10193 10194 9784)
4(10193 10603 10604 10194)
4(8537 8955 8956 8538)
4(8955 9371 9372 8956)
4(9371 9784 9785 9372)
4(9784 10194 10195 9785)
4(10194 10604 10605 10195)
4(8538 8956 8957 8539)
4(8956 9372 9373 8957)
4(9372 9785 9786 9373)
4(9785 10195 10196 9786)
4(10195 10605 10606 10196)
4(8539 8957 8958 8540)
4(8957 9373 9374 8958)
4(9373 9786 9787 9374)
4(9786 10196 10197 9787)
4(10196 10606 10607 10197)
4(8540 8958 8959 8541)
4(8958 9374 9375 8959)
4(9374 9787 9788 9375)
4(9787 10197 10198 9788)
4(10197 10607 10608 10198)
4(8541 8959 8960 8542)
4(8959 9375 9376 8960)
4(9375 9788 9789 9376)
4(9788 10198 10199 9789)
4(10198 10608 10609 10199)
4(8542 8960 8961 8543)
4(8960 9376 9377 8961)
4(9376 9789 9790 9377)
4(9789 10199 10200 9790)
4(10199 10609 10610 10200)
4(8543 8961 8962 8544)
4(8961 9377 9378 8962)
4(9377 9790 9791 9378)
4(9790 10200 10201 9791)
4(10200 10610 10611 10201)
4(8544 8962 273 272)
4(8962 9378 298 273)
4(9378 9791 323 298)
4(9791 10201 348 323)
4(10201 10611 373 348)
4(272 273 11544 11151)
4(273 298 11935 11544)
4(298 323 12325 11935)
4(323 348 12714 12325)
4(348 373 13103 12714)
4(11151 11544 11545 11152)
4(11544 11935 11936 11545)
4(11935 12325 12326 11936)
4(12325 12714 12715 12326)
4(12714 13103 13104 12715)
4(11152 11545 11546 11153)
4(11545 11936 11937 11546)
4(11936 12326 12327 11937)
4(12326 12715 12716 12327)
4(12715 13104 13105 12716)
4(11153 11546 11547 11154)
4(11546 11937 11938 11547)
4(11937 12327 12328 11938)
4(12327 12716 12717 12328)
4(12716 13105 13106 12717)
4(11154 11547 11548 11155)
4(11547 11938 11939 11548)
4(11938 12328 12329 11939)
4(12328 12717 12718 12329)
4(12717 13106 13107 12718)
4(11155 11548 11549 11156)
4(11548 11939 11940 11549)
4(11939 12329 12330 11940)
4(12329 12718 12719 12330)
4(12718 13107 13108 12719)
4(11156 11549 11550 11157)
4(11549 11940 11941 11550)
4(11940 12330 12331 11941)
4(12330 12719 12720 12331)
4(12719 13108 13109 12720)
4(11157 11550 11551 11158)
4(11550 11941 11942 11551)
4(11941 12331 12332 11942)
4(12331 12720 12721 12332)
4(12720 13109 13110 12721)
4(11158 11551 11552 11159)
4(11551 11942 11943 11552)
4(11942 12332 12333 11943)
4(12332 12721 12722 12333)
4(12721 13110 13111 12722)
4(11159 11552 11553 11160)
4(11552 11943 11944 11553)
4(11943 12333 12334 11944)
4(12333 12722 12723 12334)
4(12722 13111 13112 12723)
4(11160 11553 11554 11161)
4(11553 11944 11945 11554)
4(11944 12334 12335 11945)
4(12334 12723 12724 12335)
4(12723 13112 13113 12724)
4(11161 11554 11555 11162)
4(11554 11945 11946 11555)
4(11945 12335 12336 11946)
4(12335 12724 12725 12336)
4(12724 13113 13114 12725)
4(11162 11555 11556 11163)
4(11555 11946 11947 11556)
4(11946 12336 12337 11947)
4(12336 12725 12726 12337)
4(12725 13114 13115 12726)
4(11163 11556 11557 11164)
4(11556 11947 11948 11557)
4(11947 12337 12338 11948)
4(12337 12726 12727 12338)
4(12726 13115 13116 12727)
4(11164 11557 11558 11165)
4(11557 11948 11949 11558)
4(11948 12338 12339 11949)
4(12338 12727 12728 12339)
4(12727 13116 13117 12728)
4(11165 11558 11559 11166)
4(11558 11949 11950 11559)
4(11949 12339 12340 11950)
4(12339 12728 12729 12340)
4(12728 13117 13118 12729)
4(11166 11559 10664 10663)
4(11559 11950 10692 10664)
4(11950 12340 10719 10692)
4(12340 12729 10746 10719)
4(12729 13118 10772 10746)
4(10663 10664 13937 13521)
4(10664 10692 14351 13937)
4(10692 10719 14765 14351)
4(10719 10746 15177 14765)
4(10746 10772 15590 15177)
4(13521 13937 13938 13522)
4(13937 14351 14352 13938)
4(14351 14765 14766 14352)
4(14765 15177 15178 14766)
4(15177 15590 15591 15178)
4(13522 13938 13939 13523)
4(13938 14352 14353 13939)
4(14352 14766 14767 14353)
4(14766 15178 15179 14767)
4(15178 15591 15592 15179)
4(13523 13939 13940 13524)
4(13939 14353 14354 13940)
4(14353 14767 14768 14354)
4(14767 15179 15180 14768)
4(15179 15592 15593 15180)
4(13524 13940 13941 13525)
4(13940 14354 14355 13941)
4(14354 14768 14769 14355)
4(14768 15180 15181 14769)
4(15180 15593 15594 15181)
4(13525 13941 13942 13526)
4(13941 14355 14356 13942)
4(14355 14769 14770 14356)
4(14769 15181 15182 14770)
4(15181 15594 15595 15182)
4(13526 13942 13943 13527)
4(13942 14356 14357 13943)
4(14356 14770 14771 14357)
4(14770 15182 15183 14771)
4(15182 15595 15596 15183)
4(13527 13943 13944 13528)
4(13943 14357 14358 13944)
4(14357 14771 14772 14358)
4(14771 15183 15184 14772)
4(15183 15596 15597 15184)
4(13528 13944 13945 13529)
4(13944 14358 14359 13945)
4(14358 14772 14773 14359)
4(14772 15184 15185 14773)
4(15184 15597 15598 15185)
4(13529 13945 13946 13530)
4(13945 14359 14360 13946)
4(14359 14773 14774 14360)
4(14773 15185 15186 14774)
4(15185 15598 15599 15186)
4(13530 13946 13947 13531)
4(13946 14360 14361 13947)
4(14360 14774 14775 14361)
4(14774 15186 15187 14775)
4(15186 15599 15600 15187)
4(13531 13947 13948 13532)
4(13947 14361 14362 13948)
4(14361 14775 14776 14362)
4(14775 15187 15188 14776)
4(15187 15600 15601 15188)
4(13532 13948 13949 13533)
4(13948 14362 14363 13949)
4(14362 14776 14777 14363)
4(14776 15188 15189 14777)
4(15188 15601 15602 15189)
4(13533 13949 13950 13534)
4(13949 14363 14364 13950)
4(14363 14777 14778 14364)
4(14777 15189 15190 14778)
4(15189 15602 15603 15190)
4(13534 13950 13951 13535)
4(13950 14364 14365 13951)
4(14364 14778 14779 14365)
4(14778 15190 15191 14779)
4(15190 15603 15604 15191)
4(13535 13951 13952 13536)
4(13951 14365 14366 13952)
4(14365 14779 14780 14366)
4(14779 15191 15192 14780)
4(15191 15604 15605 15192)
4(5650 5667 6078 6061)
4(5667 5684 6095 6078)
4(5684 5701 6112 6095)
4(5701 5718 6129 6112)
4(5718 5735 6146 6129)
4(5735 5752 6163 6146)
4(5752 5769 6180 6163)
4(5769 5786 6197 6180)
4(5786 5803 6214 6197)
4(5803 5820 6231 6214)
4(5820 5837 6248 6231)
4(5837 5854 6265 6248)
4(5854 5871 6282 6265)
4(5871 5888 6299 6282)
4(5888 5905 6316 6299)
4(5905 5922 6333 6316)
4(5922 5939 6350 6333)
4(5939 5956 6367 6350)
4(5956 5973 6384 6367)
4(5973 5990 6401 6384)
4(5990 6007 6418 6401)
4(6007 6024 6435 6418)
4(6024 6041 6452 6435)
4(6041 133 132 6452)
4(6061 6078 6489 6472)
4(6078 6095 6506 6489)
4(6095 6112 6523 6506)
4(6112 6129 6540 6523)
4(6129 6146 6557 6540)
4(6146 6163 6574 6557)
4(6163 6180 6591 6574)
4(6180 6197 6608 6591)
4(6197 6214 6625 6608)
4(6214 6231 6642 6625)
4(6231 6248 6659 6642)
4(6248 6265 6676 6659)
4(6265 6282 6693 6676)
4(6282 6299 6710 6693)
4(6299 6316 6727 6710)
4(6316 6333 6744 6727)
4(6333 6350 6761 6744)
4(6350 6367 6778 6761)
4(6367 6384 6795 6778)
4(6384 6401 6812 6795)
4(6401 6418 6829 6812)
4(6418 6435 6846 6829)
4(6435 6452 6863 6846)
4(6452 132 155 6863)
4(6472 6489 6902 6885)
4(6489 6506 6919 6902)
4(6506 6523 6936 6919)
4(6523 6540 6953 6936)
4(6540 6557 6970 6953)
4(6557 6574 6987 6970)
4(6574 6591 7004 6987)
4(6591 6608 7021 7004)
4(6608 6625 7038 7021)
4(6625 6642 7055 7038)
4(6642 6659 7072 7055)
4(6659 6676 7089 7072)
4(6676 6693 7106 7089)
4(6693 6710 7123 7106)
4(6710 6727 7140 7123)
4(6727 6744 7157 7140)
4(6744 6761 7174 7157)
4(6761 6778 7191 7174)
4(6778 6795 7208 7191)
4(6795 6812 7225 7208)
4(6812 6829 7242 7225)
4(6829 6846 7259 7242)
4(6846 6863 7276 7259)
4(6863 155 173 7276)
4(6885 6902 7318 7301)
4(6902 6919 7335 7318)
4(6919 6936 7352 7335)
4(6936 6953 7369 7352)
4(6953 6970 7386 7369)
4(6970 6987 7403 7386)
4(6987 7004 7420 7403)
4(7004 7021 7437 7420)
4(7021 7038 7454 7437)
4(7038 7055 7471 7454)
4(7055 7072 7488 7471)
4(7072 7089 7505 7488)
4(7089 7106 7522 7505)
4(7106 7123 7539 7522)
4(7123 7140 7556 7539)
4(7140 7157 7573 7556)
4(7157 7174 7590 7573)
4(7174 7191 7607 7590)
4(7191 7208 7624 7607)
4(7208 7225 7641 7624)
4(7225 7242 7658 7641)
4(7242 7259 7675 7658)
4(7259 7276 7692 7675)
4(7276 173 191 7692)
4(7301 7318 7736 7719)
4(7318 7335 7753 7736)
4(7335 7352 7770 7753)
4(7352 7369 7787 7770)
4(7369 7386 7804 7787)
4(7386 7403 7821 7804)
4(7403 7420 7838 7821)
4(7420 7437 7855 7838)
4(7437 7454 7872 7855)
4(7454 7471 7889 7872)
4(7471 7488 7906 7889)
4(7488 7505 7923 7906)
4(7505 7522 7940 7923)
4(7522 7539 7957 7940)
4(7539 7556 7974 7957)
4(7556 7573 7991 7974)
4(7573 7590 8008 7991)
4(7590 7607 8025 8008)
4(7607 7624 8042 8025)
4(7624 7641 8059 8042)
4(7641 7658 8076 8059)
4(7658 7675 8093 8076)
4(7675 7692 8110 8093)
4(7692 191 209 8110)
4(133 13131 13547 132)
4(13131 13148 13564 13547)
4(13148 13165 13581 13564)
4(13165 13182 13598 13581)
4(13182 13199 13615 13598)
4(13199 13216 13632 13615)
4(13216 13232 13648 13632)
4(13232 13248 13664 13648)
4(13248 13264 13680 13664)
4(13264 13280 13696 13680)
4(13280 13296 13712 13696)
4(13296 13312 13728 13712)
4(13312 13328 13744 13728)
4(13328 13344 13760 13744)
4(13344 13360 13776 13760)
4(13360 13376 13792 13776)
4(13376 13392 13808 13792)
4(13392 13408 13824 13808)
4(13408 13424 13840 13824)
4(13424 13440 13856 13840)
4(13440 13456 13872 13856)
4(13456 13472 13888 13872)
4(13472 13488 13904 13888)
4(13488 13504 13920 13904)
4(13504 13520 13936 13920)
4(13520 13536 13952 13936)
4(132 13547 13960 155)
4(13547 13564 13977 13960)
4(13564 13581 13994 13977)
4(13581 13598 14011 13994)
4(13598 13615 14028 14011)
4(13615 13632 14045 14028)
4(13632 13648 14062 14045)
4(13648 13664 14078 14062)
4(13664 13680 14094 14078)
4(13680 13696 14110 14094)
4(13696 13712 14126 14110)
4(13712 13728 14142 14126)
4(13728 13744 14158 14142)
4(13744 13760 14174 14158)
4(13760 13776 14190 14174)
4(13776 13792 14206 14190)
4(13792 13808 14222 14206)
4(13808 13824 14238 14222)
4(13824 13840 14254 14238)
4(13840 13856 14270 14254)
4(13856 13872 14286 14270)
4(13872 13888 14302 14286)
4(13888 13904 14318 14302)
4(13904 13920 14334 14318)
4(13920 13936 14350 14334)
4(13936 13952 14366 14350)
4(155 13960 14372 173)
4(13960 13977 14389 14372)
4(13977 13994 14406 14389)
4(13994 14011 14423 14406)
4(14011 14028 14440 14423)
4(14028 14045 14457 14440)
4(14045 14062 14474 14457)
4(14062 14078 14491 14474)
4(14078 14094 14508 14491)
4(14094 14110 14524 14508)
4(14110 14126 14540 14524)
4(14126 14142 14556 14540)
4(14142 14158 14572 14556)
4(14158 14174 14588 14572)
4(14174 14190 14604 14588)
4(14190 14206 14620 14604)
4(14206 14222 14636 14620)
4(14222 14238 14652 14636)
4(14238 14254 14668 14652)
4(14254 14270 14684 14668)
4(14270 14286 14700 14684)
4(14286 14302 14716 14700)
4(14302 14318 14732 14716)
4(14318 14334 14748 14732)
4(14334 14350 14764 14748)
4(14350 14366 14780 14764)
4(173 14372 14783 191)
4(14372 14389 14800 14783)
4(14389 14406 14817 14800)
4(14406 14423 14834 14817)
4(14423 14440 14851 14834)
4(14440 14457 14868 14851)
4(14457 14474 14885 14868)
4(14474 14491 14902 14885)
4(14491 14508 14919 14902)
4(14508 14524 14936 14919)
4(14524 14540 14952 14936)
4(14540 14556 14968 14952)
4(14556 14572 14984 14968)
4(14572 14588 15000 14984)
4(14588 14604 15016 15000)
4(14604 14620 15032 15016)
4(14620 14636 15048 15032)
4(14636 14652 15064 15048)
4(14652 14668 15080 15064)
4(14668 14684 15096 15080)
4(14684 14700 15112 15096)
4(14700 14716 15128 15112)
4(14716 14732 15144 15128)
4(14732 14748 15160 15144)
4(14748 14764 15176 15160)
4(14764 14780 15192 15176)
4(191 14783 15195 209)
4(14783 14800 15212 15195)
4(14800 14817 15229 15212)
4(14817 14834 15246 15229)
4(14834 14851 15263 15246)
4(14851 14868 15280 15263)
4(14868 14885 15297 15280)
4(14885 14902 15314 15297)
4(14902 14919 15331 15314)
4(14919 14936 15348 15331)
4(14936 14952 15365 15348)
4(14952 14968 15381 15365)
4(14968 14984 15397 15381)
4(14984 15000 15413 15397)
4(15000 15016 15429 15413)
4(15016 15032 15445 15429)
4(15032 15048 15461 15445)
4(15048 15064 15477 15461)
4(15064 15080 15493 15477)
4(15080 15096 15509 15493)
4(15096 15112 15525 15509)
4(15112 15128 15541 15525)
4(15128 15144 15557 15541)
4(15144 15160 15573 15557)
4(15160 15176 15589 15573)
4(15176 15192 15605 15589)
4(802 1215 1231 818)
4(818 1231 1247 834)
4(834 1247 1263 850)
4(850 1263 1279 866)
4(866 1279 1295 882)
4(882 1295 1311 898)
4(898 1311 1327 914)
4(914 1327 1343 930)
4(930 1343 1359 946)
4(946 1359 1375 962)
4(962 1375 1391 978)
4(978 1391 1407 994)
4(994 1407 1423 1010)
4(1010 1423 1439 1026)
4(1026 1439 1455 1042)
4(1042 1455 1471 1059)
4(1059 1471 1487 1076)
4(1076 1487 1504 1093)
4(1093 1504 1521 1110)
4(1110 1521 1538 1127)
4(1127 1538 1555 1144)
4(1144 1555 1572 1161)
4(1161 1572 1589 1178)
4(1178 1589 1606 1195)
4(1195 1606 1623 1212)
4(1212 1623 403 402)
4(1215 1626 1642 1231)
4(1231 1642 1658 1247)
4(1247 1658 1674 1263)
4(1263 1674 1690 1279)
4(1279 1690 1706 1295)
4(1295 1706 1722 1311)
4(1311 1722 1738 1327)
4(1327 1738 1754 1343)
4(1343 1754 1770 1359)
4(1359 1770 1786 1375)
4(1375 1786 1802 1391)
4(1391 1802 1818 1407)
4(1407 1818 1834 1423)
4(1423 1834 1850 1439)
4(1439 1850 1866 1455)
4(1455 1866 1882 1471)
4(1471 1882 1898 1487)
4(1487 1898 1914 1504)
4(1504 1914 1931 1521)
4(1521 1931 1948 1538)
4(1538 1948 1965 1555)
4(1555 1965 1982 1572)
4(1572 1982 1999 1589)
4(1589 1999 2016 1606)
4(1606 2016 2033 1623)
4(1623 2033 424 403)
4(1626 2039 2055 1642)
4(1642 2055 2071 1658)
4(1658 2071 2087 1674)
4(1674 2087 2103 1690)
4(1690 2103 2119 1706)
4(1706 2119 2135 1722)
4(1722 2135 2151 1738)
4(1738 2151 2167 1754)
4(1754 2167 2183 1770)
4(1770 2183 2199 1786)
4(1786 2199 2215 1802)
4(1802 2215 2231 1818)
4(1818 2231 2247 1834)
4(1834 2247 2263 1850)
4(1850 2263 2279 1866)
4(1866 2279 2295 1882)
4(1882 2295 2311 1898)
4(1898 2311 2327 1914)
4(1914 2327 2343 1931)
4(1931 2343 2360 1948)
4(1948 2360 2377 1965)
4(1965 2377 2394 1982)
4(1982 2394 2411 1999)
4(1999 2411 2428 2016)
4(2016 2428 2445 2033)
4(2033 2445 442 424)
4(2039 2453 2469 2055)
4(2055 2469 2485 2071)
4(2071 2485 2501 2087)
4(2087 2501 2517 2103)
4(2103 2517 2533 2119)
4(2119 2533 2549 2135)
4(2135 2549 2565 2151)
4(2151 2565 2581 2167)
4(2167 2581 2597 2183)
4(2183 2597 2613 2199)
4(2199 2613 2629 2215)
4(2215 2629 2645 2231)
4(2231 2645 2661 2247)
4(2247 2661 2677 2263)
4(2263 2677 2693 2279)
4(2279 2693 2709 2295)
4(2295 2709 2725 2311)
4(2311 2725 2741 2327)
4(2327 2741 2757 2343)
4(2343 2757 2773 2360)
4(2360 2773 2790 2377)
4(2377 2790 2807 2394)
4(2394 2807 2824 2411)
4(2411 2824 2841 2428)
4(2428 2841 2858 2445)
4(2445 2858 460 442)
4(2453 2869 2885 2469)
4(2469 2885 2901 2485)
4(2485 2901 2917 2501)
4(2501 2917 2933 2517)
4(2517 2933 2949 2533)
4(2533 2949 2965 2549)
4(2549 2965 2981 2565)
4(2565 2981 2997 2581)
4(2581 2997 3013 2597)
4(2597 3013 3029 2613)
4(2613 3029 3045 2629)
4(2629 3045 3061 2645)
4(2645 3061 3077 2661)
4(2661 3077 3093 2677)
4(2677 3093 3109 2693)
4(2693 3109 3125 2709)
4(2709 3125 3141 2725)
4(2725 3141 3157 2741)
4(2741 3157 3173 2757)
4(2757 3173 3189 2773)
4(2773 3189 3206 2790)
4(2790 3206 3223 2807)
4(2807 3223 3240 2824)
4(2824 3240 3257 2841)
4(2841 3257 3274 2858)
4(2858 3274 478 460)
4(402 403 8555 8137)
4(8137 8555 8572 8154)
4(8154 8572 8589 8171)
4(8171 8589 8606 8188)
4(8188 8606 8623 8205)
4(8205 8623 8640 8222)
4(8222 8640 8657 8239)
4(8239 8657 8674 8256)
4(8256 8674 8691 8273)
4(8273 8691 8708 8290)
4(8290 8708 8725 8307)
4(8307 8725 8742 8324)
4(8324 8742 8759 8341)
4(8341 8759 8776 8358)
4(8358 8776 8793 8375)
4(8375 8793 8810 8392)
4(8392 8810 8827 8409)
4(8409 8827 8844 8426)
4(8426 8844 8861 8443)
4(8443 8861 8878 8460)
4(8460 8878 8895 8477)
4(8477 8895 8912 8494)
4(8494 8912 8929 8511)
4(8511 8929 8946 8528)
4(403 424 8971 8555)
4(8555 8971 8988 8572)
4(8572 8988 9005 8589)
4(8589 9005 9022 8606)
4(8606 9022 9039 8623)
4(8623 9039 9056 8640)
4(8640 9056 9073 8657)
4(8657 9073 9090 8674)
4(8674 9090 9107 8691)
4(8691 9107 9124 8708)
4(8708 9124 9141 8725)
4(8725 9141 9158 8742)
4(8742 9158 9175 8759)
4(8759 9175 9192 8776)
4(8776 9192 9209 8793)
4(8793 9209 9226 8810)
4(8810 9226 9243 8827)
4(8827 9243 9260 8844)
4(8844 9260 9277 8861)
4(8861 9277 9294 8878)
4(8878 9294 9311 8895)
4(8895 9311 9328 8912)
4(8912 9328 9345 8929)
4(8929 9345 9362 8946)
4(424 442 9384 8971)
4(8971 9384 9401 8988)
4(8988 9401 9418 9005)
4(9005 9418 9435 9022)
4(9022 9435 9452 9039)
4(9039 9452 9469 9056)
4(9056 9469 9486 9073)
4(9073 9486 9503 9090)
4(9090 9503 9520 9107)
4(9107 9520 9537 9124)
4(9124 9537 9554 9141)
4(9141 9554 9571 9158)
4(9158 9571 9588 9175)
4(9175 9588 9605 9192)
4(9192 9605 9622 9209)
4(9209 9622 9639 9226)
4(9226 9639 9656 9243)
4(9243 9656 9673 9260)
4(9260 9673 9690 9277)
4(9277 9690 9707 9294)
4(9294 9707 9724 9311)
4(9311 9724 9741 9328)
4(9328 9741 9758 9345)
4(9345 9758 9775 9362)
4(442 460 9794 9384)
4(9384 9794 9811 9401)
4(9401 9811 9828 9418)
4(9418 9828 9845 9435)
4(9435 9845 9862 9452)
4(9452 9862 9879 9469)
4(9469 9879 9896 9486)
4(9486 9896 9913 9503)
4(9503 9913 9930 9520)
4(9520 9930 9947 9537)
4(9537 9947 9964 9554)
4(9554 9964 9981 9571)
4(9571 9981 9998 9588)
4(9588 9998 10015 9605)
4(9605 10015 10032 9622)
4(9622 10032 10049 9639)
4(9639 10049 10066 9656)
4(9656 10066 10083 9673)
4(9673 10083 10100 9690)
4(9690 10100 10117 9707)
4(9707 10117 10134 9724)
4(9724 10134 10151 9741)
4(9741 10151 10168 9758)
4(9758 10168 10185 9775)
4(460 478 10204 9794)
4(9794 10204 10221 9811)
4(9811 10221 10238 9828)
4(9828 10238 10255 9845)
4(9845 10255 10272 9862)
4(9862 10272 10289 9879)
4(9879 10289 10306 9896)
4(9896 10306 10323 9913)
4(9913 10323 10340 9930)
4(9930 10340 10357 9947)
4(9947 10357 10374 9964)
4(9964 10374 10391 9981)
4(9981 10391 10408 9998)
4(9998 10408 10425 10015)
4(10015 10425 10442 10032)
4(10032 10442 10459 10049)
4(10049 10459 10476 10066)
4(10066 10476 10493 10083)
4(10083 10493 10510 10100)
4(10100 10510 10527 10117)
4(10117 10527 10544 10134)
4(10134 10544 10561 10151)
4(10151 10561 10578 10168)
4(10168 10578 10595 10185)
4(802 818 819 803)
4(818 834 835 819)
4(834 850 851 835)
4(850 866 867 851)
4(866 882 883 867)
4(882 898 899 883)
4(898 914 915 899)
4(914 930 931 915)
4(930 946 947 931)
4(946 962 963 947)
4(962 978 979 963)
4(978 994 995 979)
4(994 1010 1011 995)
4(1010 1026 1027 1011)
4(1026 1042 1043 1027)
4(1042 1059 1060 1043)
4(1059 1076 1077 1060)
4(1076 1093 1094 1077)
4(1093 1110 1111 1094)
4(1110 1127 1128 1111)
4(1127 1144 1145 1128)
4(1144 1161 1162 1145)
4(1161 1178 1179 1162)
4(1178 1195 1196 1179)
4(1195 1212 1213 1196)
4(1212 402 405 1213)
4(803 819 820 804)
4(819 835 836 820)
4(835 851 852 836)
4(851 867 868 852)
4(867 883 884 868)
4(883 899 900 884)
4(899 915 916 900)
4(915 931 932 916)
4(931 947 948 932)
4(947 963 964 948)
4(963 979 980 964)
4(979 995 996 980)
4(995 1011 1012 996)
4(1011 1027 1028 1012)
4(1027 1043 1044 1028)
4(1043 1060 1061 1044)
4(1060 1077 1078 1061)
4(1077 1094 1095 1078)
4(1094 1111 1112 1095)
4(1111 1128 1129 1112)
4(1128 1145 1146 1129)
4(1145 1162 1163 1146)
4(1162 1179 1180 1163)
4(1179 1196 1197 1180)
4(1196 1213 1214 1197)
4(1213 405 407 1214)
4(804 820 821 805)
4(820 836 837 821)
4(836 852 853 837)
4(852 868 869 853)
4(868 884 885 869)
4(884 900 901 885)
4(900 916 917 901)
4(916 932 933 917)
4(932 948 949 933)
4(948 964 965 949)
4(964 980 981 965)
4(980 996 997 981)
4(996 1012 1013 997)
4(1012 1028 1029 1013)
4(1028 1044 1045 1029)
4(1044 1061 1062 1045)
4(1061 1078 1079 1062)
4(1078 1095 1096 1079)
4(1095 1112 1113 1096)
4(1112 1129 1130 1113)
4(1129 1146 1147 1130)
4(1146 1163 1164 1147)
4(1163 1180 1181 1164)
4(1180 1197 1198 1181)
4(1197 1214 374 1198)
4(1214 407 408 374)
4(805 821 822 806)
4(821 837 838 822)
4(837 853 854 838)
4(853 869 870 854)
4(869 885 886 870)
4(885 901 902 886)
4(901 917 918 902)
4(917 933 934 918)
4(933 949 950 934)
4(949 965 966 950)
4(965 981 982 966)
4(981 997 998 982)
4(997 1013 1014 998)
4(1013 1029 1030 1014)
4(1029 1045 1046 1030)
4(1045 1062 1063 1046)
4(1062 1079 1080 1063)
4(1079 1096 1097 1080)
4(1096 1113 1114 1097)
4(1113 1130 1131 1114)
4(1130 1147 1148 1131)
4(1147 1164 1165 1148)
4(1164 1181 1182 1165)
4(1181 1198 1199 1182)
4(1198 374 377 1199)
4(806 822 823 807)
4(822 838 839 823)
4(838 854 855 839)
4(854 870 871 855)
4(870 886 887 871)
4(886 902 903 887)
4(902 918 919 903)
4(918 934 935 919)
4(934 950 951 935)
4(950 966 967 951)
4(966 982 983 967)
4(982 998 999 983)
4(998 1014 1015 999)
4(1014 1030 1031 1015)
4(1030 1046 1047 1031)
4(1046 1063 1064 1047)
4(1063 1080 1081 1064)
4(1080 1097 1098 1081)
4(1097 1114 1115 1098)
4(1114 1131 1132 1115)
4(1131 1148 1149 1132)
4(1148 1165 1166 1149)
4(1165 1182 1183 1166)
4(1182 1199 1200 1183)
4(1199 377 379 1200)
4(807 823 824 808)
4(823 839 840 824)
4(839 855 856 840)
4(855 871 872 856)
4(871 887 888 872)
4(887 903 904 888)
4(903 919 920 904)
4(919 935 936 920)
4(935 951 952 936)
4(951 967 968 952)
4(967 983 984 968)
4(983 999 1000 984)
4(999 1015 1016 1000)
4(1015 1031 1032 1016)
4(1031 1047 1048 1032)
4(1047 1064 1065 1048)
4(1064 1081 1082 1065)
4(1081 1098 1099 1082)
4(1098 1115 1116 1099)
4(1115 1132 1133 1116)
4(1132 1149 1150 1133)
4(1149 1166 1167 1150)
4(1166 1183 1184 1167)
4(1183 1200 1201 1184)
4(1200 379 381 1201)
4(808 824 825 809)
4(824 840 841 825)
4(840 856 857 841)
4(856 872 873 857)
4(872 888 889 873)
4(888 904 905 889)
4(904 920 921 905)
4(920 936 937 921)
4(936 952 953 937)
4(952 968 969 953)
4(968 984 985 969)
4(984 1000 1001 985)
4(1000 1016 1017 1001)
4(1016 1032 1033 1017)
4(1032 1048 1049 1033)
4(1048 1065 1066 1049)
4(1065 1082 1083 1066)
4(1082 1099 1100 1083)
4(1099 1116 1117 1100)
4(1116 1133 1134 1117)
4(1133 1150 1151 1134)
4(1150 1167 1168 1151)
4(1167 1184 1185 1168)
4(1184 1201 1202 1185)
4(1201 381 383 1202)
4(809 825 826 810)
4(825 841 842 826)
4(841 857 858 842)
4(857 873 874 858)
4(873 889 890 874)
4(889 905 906 890)
4(905 921 922 906)
4(921 937 938 922)
4(937 953 954 938)
4(953 969 970 954)
4(969 985 986 970)
4(985 1001 1002 986)
4(1001 1017 1018 1002)
4(1017 1033 1034 1018)
4(1033 1049 1050 1034)
4(1049 1066 1067 1050)
4(1066 1083 1084 1067)
4(1083 1100 1101 1084)
4(1100 1117 1118 1101)
4(1117 1134 1135 1118)
4(1134 1151 1152 1135)
4(1151 1168 1169 1152)
4(1168 1185 1186 1169)
4(1185 1202 1203 1186)
4(1202 383 385 1203)
4(810 826 827 811)
4(826 842 843 827)
4(842 858 859 843)
4(858 874 875 859)
4(874 890 891 875)
4(890 906 907 891)
4(906 922 923 907)
4(922 938 939 923)
4(938 954 955 939)
4(954 970 971 955)
4(970 986 987 971)
4(986 1002 1003 987)
4(1002 1018 1019 1003)
4(1018 1034 1035 1019)
4(1034 1050 1051 1035)
4(1050 1067 1068 1051)
4(1067 1084 1085 1068)
4(1084 1101 1102 1085)
4(1101 1118 1119 1102)
4(1118 1135 1136 1119)
4(1135 1152 1153 1136)
4(1152 1169 1170 1153)
4(1169 1186 1187 1170)
4(1186 1203 1204 1187)
4(1203 385 387 1204)
4(811 827 828 812)
4(827 843 844 828)
4(843 859 860 844)
4(859 875 876 860)
4(875 891 892 876)
4(891 907 908 892)
4(907 923 924 908)
4(923 939 940 924)
4(939 955 956 940)
4(955 971 972 956)
4(971 987 988 972)
4(987 1003 1004 988)
4(1003 1019 1020 1004)
4(1019 1035 1036 1020)
4(1035 1051 1052 1036)
4(1051 1068 1069 1052)
4(1068 1085 1086 1069)
4(1085 1102 1103 1086)
4(1102 1119 1120 1103)
4(1119 1136 1137 1120)
4(1136 1153 1154 1137)
4(1153 1170 1171 1154)
4(1170 1187 1188 1171)
4(1187 1204 1205 1188)
4(1204 387 389 1205)
4(812 828 829 813)
4(828 844 845 829)
4(844 860 861 845)
4(860 876 877 861)
4(876 892 893 877)
4(892 908 909 893)
4(908 924 925 909)
4(924 940 941 925)
4(940 956 957 941)
4(956 972 973 957)
4(972 988 989 973)
4(988 1004 1005 989)
4(1004 1020 1021 1005)
4(1020 1036 1037 1021)
4(1036 1052 1053 1037)
4(1052 1069 1070 1053)
4(1069 1086 1087 1070)
4(1086 1103 1104 1087)
4(1103 1120 1121 1104)
4(1120 1137 1138 1121)
4(1137 1154 1155 1138)
4(1154 1171 1172 1155)
4(1171 1188 1189 1172)
4(1188 1205 1206 1189)
4(1205 389 391 1206)
4(813 829 830 814)
4(829 845 846 830)
4(845 861 862 846)
4(861 877 878 862)
4(877 893 894 878)
4(893 909 910 894)
4(909 925 926 910)
4(925 941 942 926)
4(941 957 958 942)
4(957 973 974 958)
4(973 989 990 974)
4(989 1005 1006 990)
4(1005 1021 1022 1006)
4(1021 1037 1038 1022)
4(1037 1053 1054 1038)
4(1053 1070 1071 1054)
4(1070 1087 1088 1071)
4(1087 1104 1105 1088)
4(1104 1121 1122 1105)
4(1121 1138 1139 1122)
4(1138 1155 1156 1139)
4(1155 1172 1173 1156)
4(1172 1189 1190 1173)
4(1189 1206 1207 1190)
4(1206 391 393 1207)
4(814 830 831 815)
4(830 846 847 831)
4(846 862 863 847)
4(862 878 879 863)
4(878 894 895 879)
4(894 910 911 895)
4(910 926 927 911)
4(926 942 943 927)
4(942 958 959 943)
4(958 974 975 959)
4(974 990 991 975)
4(990 1006 1007 991)
4(1006 1022 1023 1007)
4(1022 1038 1039 1023)
4(1038 1054 1055 1039)
4(1054 1071 1072 1055)
4(1071 1088 1089 1072)
4(1088 1105 1106 1089)
4(1105 1122 1123 1106)
4(1122 1139 1140 1123)
4(1139 1156 1157 1140)
4(1156 1173 1174 1157)
4(1173 1190 1191 1174)
4(1190 1207 1208 1191)
4(1207 393 395 1208)
4(815 831 832 816)
4(831 847 848 832)
4(847 863 864 848)
4(863 879 880 864)
4(879 895 896 880)
4(895 911 912 896)
4(911 927 928 912)
4(927 943 944 928)
4(943 959 960 944)
4(959 975 976 960)
4(975 991 992 976)
4(991 1007 1008 992)
4(1007 1023 1024 1008)
4(1023 1039 1040 1024)
4(1039 1055 1056 1040)
4(1055 1072 1073 1056)
4(1072 1089 1090 1073)
4(1089 1106 1107 1090)
4(1106 1123 1124 1107)
4(1123 1140 1141 1124)
4(1140 1157 1158 1141)
4(1157 1174 1175 1158)
4(1174 1191 1192 1175)
4(1191 1208 1209 1192)
4(1208 395 397 1209)
4(816 832 833 817)
4(832 848 849 833)
4(848 864 865 849)
4(864 880 881 865)
4(880 896 897 881)
4(896 912 913 897)
4(912 928 929 913)
4(928 944 945 929)
4(944 960 961 945)
4(960 976 977 961)
4(976 992 993 977)
4(992 1008 1009 993)
4(1008 1024 1025 1009)
4(1024 1040 1041 1025)
4(1040 1056 1057 1041)
4(1056 1073 1074 1057)
4(1073 1090 1091 1074)
4(1090 1107 1108 1091)
4(1107 1124 1125 1108)
4(1124 1141 1142 1125)
4(1141 1158 1159 1142)
4(1158 1175 1176 1159)
4(1175 1192 1193 1176)
4(1192 1209 1210 1193)
4(1209 397 399 1210)
4(817 833 642 641)
4(833 849 645 642)
4(849 865 647 645)
4(865 881 649 647)
4(881 897 651 649)
4(897 913 653 651)
4(913 929 655 653)
4(929 945 657 655)
4(945 961 659 657)
4(961 977 661 659)
4(977 993 663 661)
4(993 1009 665 663)
4(1009 1025 667 665)
4(1025 1041 669 667)
4(1041 1057 1058 669)
4(1057 1074 1075 1058)
4(1074 1091 1092 1075)
4(1091 1108 1109 1092)
4(1108 1125 1126 1109)
4(1125 1142 1143 1126)
4(1142 1159 1160 1143)
4(1159 1176 1177 1160)
4(1176 1193 1194 1177)
4(1193 1210 1211 1194)
4(1210 399 401 1211)
4(669 1058 673 671)
4(1058 1075 676 673)
4(1075 1092 679 676)
4(1092 1109 681 679)
4(1109 1126 683 681)
4(1126 1143 685 683)
4(1143 1160 687 685)
4(1160 1177 689 687)
4(1177 1194 691 689)
4(1194 1211 693 691)
4(1211 401 4 693)
4(641 642 3304 3288)
4(642 645 3320 3304)
4(645 647 3336 3320)
4(647 649 3352 3336)
4(649 651 3368 3352)
4(651 653 3384 3368)
4(653 655 3400 3384)
4(655 657 3416 3400)
4(657 659 3432 3416)
4(659 661 3448 3432)
4(661 663 3464 3448)
4(663 665 3480 3464)
4(665 667 3496 3480)
4(667 669 671 3496)
4(3288 3304 3305 3289)
4(3304 3320 3321 3305)
4(3320 3336 3337 3321)
4(3336 3352 3353 3337)
4(3352 3368 3369 3353)
4(3368 3384 3385 3369)
4(3384 3400 3401 3385)
4(3400 3416 3417 3401)
4(3416 3432 3433 3417)
4(3432 3448 3449 3433)
4(3448 3464 3465 3449)
4(3464 3480 3481 3465)
4(3480 3496 3497 3481)
4(3496 671 3512 3497)
4(671 673 3527 3512)
4(673 676 3542 3527)
4(676 679 3557 3542)
4(679 681 3572 3557)
4(681 683 3587 3572)
4(683 685 3602 3587)
4(685 687 3617 3602)
4(687 689 3632 3617)
4(689 691 3647 3632)
4(691 693 3662 3647)
4(693 4 7 3662)
4(3289 3305 3306 3290)
4(3305 3321 3322 3306)
4(3321 3337 3338 3322)
4(3337 3353 3354 3338)
4(3353 3369 3370 3354)
4(3369 3385 3386 3370)
4(3385 3401 3402 3386)
4(3401 3417 3418 3402)
4(3417 3433 3434 3418)
4(3433 3449 3450 3434)
4(3449 3465 3466 3450)
4(3465 3481 3482 3466)
4(3481 3497 3498 3482)
4(3497 3512 3513 3498)
4(3512 3527 3528 3513)
4(3527 3542 3543 3528)
4(3542 3557 3558 3543)
4(3557 3572 3573 3558)
4(3572 3587 3588 3573)
4(3587 3602 3603 3588)
4(3602 3617 3618 3603)
4(3617 3632 3633 3618)
4(3632 3647 3648 3633)
4(3647 3662 3663 3648)
4(3662 7 9 3663)
4(3290 3306 3307 3291)
4(3306 3322 3323 3307)
4(3322 3338 3339 3323)
4(3338 3354 3355 3339)
4(3354 3370 3371 3355)
4(3370 3386 3387 3371)
4(3386 3402 3403 3387)
4(3402 3418 3419 3403)
4(3418 3434 3435 3419)
4(3434 3450 3451 3435)
4(3450 3466 3467 3451)
4(3466 3482 3483 3467)
4(3482 3498 3499 3483)
4(3498 3513 3514 3499)
4(3513 3528 3529 3514)
4(3528 3543 3544 3529)
4(3543 3558 3559 3544)
4(3558 3573 3574 3559)
4(3573 3588 3589 3574)
4(3588 3603 3604 3589)
4(3603 3618 3619 3604)
4(3618 3633 3634 3619)
4(3633 3648 3649 3634)
4(3648 3663 3664 3649)
4(3663 9 11 3664)
4(3291 3307 3308 3292)
4(3307 3323 3324 3308)
4(3323 3339 3340 3324)
4(3339 3355 3356 3340)
4(3355 3371 3372 3356)
4(3371 3387 3388 3372)
4(3387 3403 3404 3388)
4(3403 3419 3420 3404)
4(3419 3435 3436 3420)
4(3435 3451 3452 3436)
4(3451 3467 3468 3452)
4(3467 3483 3484 3468)
4(3483 3499 3500 3484)
4(3499 3514 3515 3500)
4(3514 3529 3530 3515)
4(3529 3544 3545 3530)
4(3544 3559 3560 3545)
4(3559 3574 3575 3560)
4(3574 3589 3590 3575)
4(3589 3604 3605 3590)
4(3604 3619 3620 3605)
4(3619 3634 3635 3620)
4(3634 3649 3650 3635)
4(3649 3664 3665 3650)
4(3664 11 13 3665)
4(3292 3308 3309 3293)
4(3308 3324 3325 3309)
4(3324 3340 3341 3325)
4(3340 3356 3357 3341)
4(3356 3372 3373 3357)
4(3372 3388 3389 3373)
4(3388 3404 3405 3389)
4(3404 3420 3421 3405)
4(3420 3436 3437 3421)
4(3436 3452 3453 3437)
4(3452 3468 3469 3453)
4(3468 3484 3485 3469)
4(3484 3500 3501 3485)
4(3500 3515 3516 3501)
4(3515 3530 3531 3516)
4(3530 3545 3546 3531)
4(3545 3560 3561 3546)
4(3560 3575 3576 3561)
4(3575 3590 3591 3576)
4(3590 3605 3606 3591)
4(3605 3620 3621 3606)
4(3620 3635 3636 3621)
4(3635 3650 3651 3636)
4(3650 3665 3666 3651)
4(3665 13 15 3666)
4(3293 3309 3310 3294)
4(3309 3325 3326 3310)
4(3325 3341 3342 3326)
4(3341 3357 3358 3342)
4(3357 3373 3374 3358)
4(3373 3389 3390 3374)
4(3389 3405 3406 3390)
4(3405 3421 3422 3406)
4(3421 3437 3438 3422)
4(3437 3453 3454 3438)
4(3453 3469 3470 3454)
4(3469 3485 3486 3470)
4(3485 3501 3502 3486)
4(3501 3516 3517 3502)
4(3516 3531 3532 3517)
4(3531 3546 3547 3532)
4(3546 3561 3562 3547)
4(3561 3576 3577 3562)
4(3576 3591 3592 3577)
4(3591 3606 3607 3592)
4(3606 3621 3622 3607)
4(3621 3636 3637 3622)
4(3636 3651 3652 3637)
4(3651 3666 3667 3652)
4(3666 15 17 3667)
4(3294 3310 3311 3295)
4(3310 3326 3327 3311)
4(3326 3342 3343 3327)
4(3342 3358 3359 3343)
4(3358 3374 3375 3359)
4(3374 3390 3391 3375)
4(3390 3406 3407 3391)
4(3406 3422 3423 3407)
4(3422 3438 3439 3423)
4(3438 3454 3455 3439)
4(3454 3470 3471 3455)
4(3470 3486 3487 3471)
4(3486 3502 3503 3487)
4(3502 3517 3518 3503)
4(3517 3532 3533 3518)
4(3532 3547 3548 3533)
4(3547 3562 3563 3548)
4(3562 3577 3578 3563)
4(3577 3592 3593 3578)
4(3592 3607 3608 3593)
4(3607 3622 3623 3608)
4(3622 3637 3638 3623)
4(3637 3652 3653 3638)
4(3652 3667 3668 3653)
4(3667 17 19 3668)
4(3295 3311 3312 3296)
4(3311 3327 3328 3312)
4(3327 3343 3344 3328)
4(3343 3359 3360 3344)
4(3359 3375 3376 3360)
4(3375 3391 3392 3376)
4(3391 3407 3408 3392)
4(3407 3423 3424 3408)
4(3423 3439 3440 3424)
4(3439 3455 3456 3440)
4(3455 3471 3472 3456)
4(3471 3487 3488 3472)
4(3487 3503 3504 3488)
4(3503 3518 3519 3504)
4(3518 3533 3534 3519)
4(3533 3548 3549 3534)
4(3548 3563 3564 3549)
4(3563 3578 3579 3564)
4(3578 3593 3594 3579)
4(3593 3608 3609 3594)
4(3608 3623 3624 3609)
4(3623 3638 3639 3624)
4(3638 3653 3654 3639)
4(3653 3668 3669 3654)
4(3668 19 21 3669)
4(3296 3312 3313 3297)
4(3312 3328 3329 3313)
4(3328 3344 3345 3329)
4(3344 3360 3361 3345)
4(3360 3376 3377 3361)
4(3376 3392 3393 3377)
4(3392 3408 3409 3393)
4(3408 3424 3425 3409)
4(3424 3440 3441 3425)
4(3440 3456 3457 3441)
4(3456 3472 3473 3457)
4(3472 3488 3489 3473)
4(3488 3504 3505 3489)
4(3504 3519 3520 3505)
4(3519 3534 3535 3520)
4(3534 3549 3550 3535)
4(3549 3564 3565 3550)
4(3564 3579 3580 3565)
4(3579 3594 3595 3580)
4(3594 3609 3610 3595)
4(3609 3624 3625 3610)
4(3624 3639 3640 3625)
4(3639 3654 3655 3640)
4(3654 3669 3670 3655)
4(3669 21 23 3670)
4(3297 3313 3314 3298)
4(3313 3329 3330 3314)
4(3329 3345 3346 3330)
4(3345 3361 3362 3346)
4(3361 3377 3378 3362)
4(3377 3393 3394 3378)
4(3393 3409 3410 3394)
4(3409 3425 3426 3410)
4(3425 3441 3442 3426)
4(3441 3457 3458 3442)
4(3457 3473 3474 3458)
4(3473 3489 3490 3474)
4(3489 3505 3506 3490)
4(3505 3520 3521 3506)
4(3520 3535 3536 3521)
4(3535 3550 3551 3536)
4(3550 3565 3566 3551)
4(3565 3580 3581 3566)
4(3580 3595 3596 3581)
4(3595 3610 3611 3596)
4(3610 3625 3626 3611)
4(3625 3640 3641 3626)
4(3640 3655 3656 3641)
4(3655 3670 3671 3656)
4(3670 23 25 3671)
4(3298 3314 3315 3299)
4(3314 3330 3331 3315)
4(3330 3346 3347 3331)
4(3346 3362 3363 3347)
4(3362 3378 3379 3363)
4(3378 3394 3395 3379)
4(3394 3410 3411 3395)
4(3410 3426 3427 3411)
4(3426 3442 3443 3427)
4(3442 3458 3459 3443)
4(3458 3474 3475 3459)
4(3474 3490 3491 3475)
4(3490 3506 3507 3491)
4(3506 3521 3522 3507)
4(3521 3536 3537 3522)
4(3536 3551 3552 3537)
4(3551 3566 3567 3552)
4(3566 3581 3582 3567)
4(3581 3596 3597 3582)
4(3596 3611 3612 3597)
4(3611 3626 3627 3612)
4(3626 3641 3642 3627)
4(3641 3656 3657 3642)
4(3656 3671 3672 3657)
4(3671 25 27 3672)
4(3299 3315 3316 3300)
4(3315 3331 3332 3316)
4(3331 3347 3348 3332)
4(3347 3363 3364 3348)
4(3363 3379 3380 3364)
4(3379 3395 3396 3380)
4(3395 3411 3412 3396)
4(3411 3427 3428 3412)
4(3427 3443 3444 3428)
4(3443 3459 3460 3444)
4(3459 3475 3476 3460)
4(3475 3491 3492 3476)
4(3491 3507 3508 3492)
4(3507 3522 3523 3508)
4(3522 3537 3538 3523)
4(3537 3552 3553 3538)
4(3552 3567 3568 3553)
4(3567 3582 3583 3568)
4(3582 3597 3598 3583)
4(3597 3612 3613 3598)
4(3612 3627 3628 3613)
4(3627 3642 3643 3628)
4(3642 3657 3658 3643)
4(3657 3672 3673 3658)
4(3672 27 29 3673)
4(3300 3316 3317 3301)
4(3316 3332 3333 3317)
4(3332 3348 3349 3333)
4(3348 3364 3365 3349)
4(3364 3380 3381 3365)
4(3380 3396 3397 3381)
4(3396 3412 3413 3397)
4(3412 3428 3429 3413)
4(3428 3444 3445 3429)
4(3444 3460 3461 3445)
4(3460 3476 3477 3461)
4(3476 3492 3493 3477)
4(3492 3508 3509 3493)
4(3508 3523 3524 3509)
4(3523 3538 3539 3524)
4(3538 3553 3554 3539)
4(3553 3568 3569 3554)
4(3568 3583 3584 3569)
4(3583 3598 3599 3584)
4(3598 3613 3614 3599)
4(3613 3628 3629 3614)
4(3628 3643 3644 3629)
4(3643 3658 3659 3644)
4(3658 3673 3674 3659)
4(3673 29 31 3674)
4(3301 3317 3318 3302)
4(3317 3333 3334 3318)
4(3333 3349 3350 3334)
4(3349 3365 3366 3350)
4(3365 3381 3382 3366)
4(3381 3397 3398 3382)
4(3397 3413 3414 3398)
4(3413 3429 3430 3414)
4(3429 3445 3446 3430)
4(3445 3461 3462 3446)
4(3461 3477 3478 3462)
4(3477 3493 3494 3478)
4(3493 3509 3510 3494)
4(3509 3524 3525 3510)
4(3524 3539 3540 3525)
4(3539 3554 3555 3540)
4(3554 3569 3570 3555)
4(3569 3584 3585 3570)
4(3584 3599 3600 3585)
4(3599 3614 3615 3600)
4(3614 3629 3630 3615)
4(3629 3644 3645 3630)
4(3644 3659 3660 3645)
4(3659 3674 3675 3660)
4(3674 31 33 3675)
4(3302 3318 3319 3303)
4(3318 3334 3335 3319)
4(3334 3350 3351 3335)
4(3350 3366 3367 3351)
4(3366 3382 3383 3367)
4(3382 3398 3399 3383)
4(3398 3414 3415 3399)
4(3414 3430 3431 3415)
4(3430 3446 3447 3431)
4(3446 3462 3463 3447)
4(3462 3478 3479 3463)
4(3478 3494 3495 3479)
4(3494 3510 3511 3495)
4(3510 3525 3526 3511)
4(3525 3540 3541 3526)
4(3540 3555 3556 3541)
4(3555 3570 3571 3556)
4(3570 3585 3586 3571)
4(3585 3600 3601 3586)
4(3600 3615 3616 3601)
4(3615 3630 3631 3616)
4(3630 3645 3646 3631)
4(3645 3660 3661 3646)
4(3660 3675 0 3661)
4(3675 33 34 0)
4(3303 3319 494 493)
4(3319 3335 497 494)
4(3335 3351 499 497)
4(3351 3367 501 499)
4(3367 3383 503 501)
4(3383 3399 505 503)
4(3399 3415 507 505)
4(3415 3431 509 507)
4(3431 3447 511 509)
4(3447 3463 513 511)
4(3463 3479 515 513)
4(3479 3495 517 515)
4(3495 3511 519 517)
4(3511 3526 521 519)
4(3526 3541 523 521)
4(3541 3556 525 523)
4(3556 3571 527 525)
4(3571 3586 529 527)
4(3586 3601 531 529)
4(3601 3616 533 531)
4(3616 3631 535 533)
4(3631 3646 537 535)
4(3646 3661 539 537)
4(3661 0 3 539)
4(493 494 5651 5634)
4(494 497 5668 5651)
4(497 499 5685 5668)
4(499 501 5702 5685)
4(501 503 5719 5702)
4(503 505 5736 5719)
4(505 507 5753 5736)
4(507 509 5770 5753)
4(509 511 5787 5770)
4(511 513 5804 5787)
4(513 515 5821 5804)
4(515 517 5838 5821)
4(517 519 5855 5838)
4(519 521 5872 5855)
4(521 523 5889 5872)
4(523 525 5906 5889)
4(525 527 5923 5906)
4(527 529 5940 5923)
4(529 531 5957 5940)
4(531 533 5974 5957)
4(533 535 5991 5974)
4(535 537 6008 5991)
4(537 539 6025 6008)
4(539 3 6042 6025)
4(3 105 135 6042)
4(5634 5651 5652 5635)
4(5651 5668 5669 5652)
4(5668 5685 5686 5669)
4(5685 5702 5703 5686)
4(5702 5719 5720 5703)
4(5719 5736 5737 5720)
4(5736 5753 5754 5737)
4(5753 5770 5771 5754)
4(5770 5787 5788 5771)
4(5787 5804 5805 5788)
4(5804 5821 5822 5805)
4(5821 5838 5839 5822)
4(5838 5855 5856 5839)
4(5855 5872 5873 5856)
4(5872 5889 5890 5873)
4(5889 5906 5907 5890)
4(5906 5923 5924 5907)
4(5923 5940 5941 5924)
4(5940 5957 5958 5941)
4(5957 5974 5975 5958)
4(5974 5991 5992 5975)
4(5991 6008 6009 5992)
4(6008 6025 6026 6009)
4(6025 6042 6043 6026)
4(6042 135 137 6043)
4(5635 5652 5653 5636)
4(5652 5669 5670 5653)
4(5669 5686 5687 5670)
4(5686 5703 5704 5687)
4(5703 5720 5721 5704)
4(5720 5737 5738 5721)
4(5737 5754 5755 5738)
4(5754 5771 5772 5755)
4(5771 5788 5789 5772)
4(5788 5805 5806 5789)
4(5805 5822 5823 5806)
4(5822 5839 5840 5823)
4(5839 5856 5857 5840)
4(5856 5873 5874 5857)
4(5873 5890 5891 5874)
4(5890 5907 5908 5891)
4(5907 5924 5925 5908)
4(5924 5941 5942 5925)
4(5941 5958 5959 5942)
4(5958 5975 5976 5959)
4(5975 5992 5993 5976)
4(5992 6009 6010 5993)
4(6009 6026 6027 6010)
4(6026 6043 6044 6027)
4(6043 137 139 6044)
4(5636 5653 5654 5637)
4(5653 5670 5671 5654)
4(5670 5687 5688 5671)
4(5687 5704 5705 5688)
4(5704 5721 5722 5705)
4(5721 5738 5739 5722)
4(5738 5755 5756 5739)
4(5755 5772 5773 5756)
4(5772 5789 5790 5773)
4(5789 5806 5807 5790)
4(5806 5823 5824 5807)
4(5823 5840 5841 5824)
4(5840 5857 5858 5841)
4(5857 5874 5875 5858)
4(5874 5891 5892 5875)
4(5891 5908 5909 5892)
4(5908 5925 5926 5909)
4(5925 5942 5943 5926)
4(5942 5959 5960 5943)
4(5959 5976 5977 5960)
4(5976 5993 5994 5977)
4(5993 6010 6011 5994)
4(6010 6027 6028 6011)
4(6027 6044 106 6028)
4(6044 139 140 106)
4(5637 5654 5655 5638)
4(5654 5671 5672 5655)
4(5671 5688 5689 5672)
4(5688 5705 5706 5689)
4(5705 5722 5723 5706)
4(5722 5739 5740 5723)
4(5739 5756 5757 5740)
4(5756 5773 5774 5757)
4(5773 5790 5791 5774)
4(5790 5807 5808 5791)
4(5807 5824 5825 5808)
4(5824 5841 5842 5825)
4(5841 5858 5859 5842)
4(5858 5875 5876 5859)
4(5875 5892 5893 5876)
4(5892 5909 5910 5893)
4(5909 5926 5927 5910)
4(5926 5943 5944 5927)
4(5943 5960 5961 5944)
4(5960 5977 5978 5961)
4(5977 5994 5995 5978)
4(5994 6011 6012 5995)
4(6011 6028 6029 6012)
4(6028 106 109 6029)
4(5638 5655 5656 5639)
4(5655 5672 5673 5656)
4(5672 5689 5690 5673)
4(5689 5706 5707 5690)
4(5706 5723 5724 5707)
4(5723 5740 5741 5724)
4(5740 5757 5758 5741)
4(5757 5774 5775 5758)
4(5774 5791 5792 5775)
4(5791 5808 5809 5792)
4(5808 5825 5826 5809)
4(5825 5842 5843 5826)
4(5842 5859 5860 5843)
4(5859 5876 5877 5860)
4(5876 5893 5894 5877)
4(5893 5910 5911 5894)
4(5910 5927 5928 5911)
4(5927 5944 5945 5928)
4(5944 5961 5962 5945)
4(5961 5978 5979 5962)
4(5978 5995 5996 5979)
4(5995 6012 6013 5996)
4(6012 6029 6030 6013)
4(6029 109 111 6030)
4(5639 5656 5657 5640)
4(5656 5673 5674 5657)
4(5673 5690 5691 5674)
4(5690 5707 5708 5691)
4(5707 5724 5725 5708)
4(5724 5741 5742 5725)
4(5741 5758 5759 5742)
4(5758 5775 5776 5759)
4(5775 5792 5793 5776)
4(5792 5809 5810 5793)
4(5809 5826 5827 5810)
4(5826 5843 5844 5827)
4(5843 5860 5861 5844)
4(5860 5877 5878 5861)
4(5877 5894 5895 5878)
4(5894 5911 5912 5895)
4(5911 5928 5929 5912)
4(5928 5945 5946 5929)
4(5945 5962 5963 5946)
4(5962 5979 5980 5963)
4(5979 5996 5997 5980)
4(5996 6013 6014 5997)
4(6013 6030 6031 6014)
4(6030 111 113 6031)
4(5640 5657 5658 5641)
4(5657 5674 5675 5658)
4(5674 5691 5692 5675)
4(5691 5708 5709 5692)
4(5708 5725 5726 5709)
4(5725 5742 5743 5726)
4(5742 5759 5760 5743)
4(5759 5776 5777 5760)
4(5776 5793 5794 5777)
4(5793 5810 5811 5794)
4(5810 5827 5828 5811)
4(5827 5844 5845 5828)
4(5844 5861 5862 5845)
4(5861 5878 5879 5862)
4(5878 5895 5896 5879)
4(5895 5912 5913 5896)
4(5912 5929 5930 5913)
4(5929 5946 5947 5930)
4(5946 5963 5964 5947)
4(5963 5980 5981 5964)
4(5980 5997 5998 5981)
4(5997 6014 6015 5998)
4(6014 6031 6032 6015)
4(6031 113 115 6032)
4(5641 5658 5659 5642)
4(5658 5675 5676 5659)
4(5675 5692 5693 5676)
4(5692 5709 5710 5693)
4(5709 5726 5727 5710)
4(5726 5743 5744 5727)
4(5743 5760 5761 5744)
4(5760 5777 5778 5761)
4(5777 5794 5795 5778)
4(5794 5811 5812 5795)
4(5811 5828 5829 5812)
4(5828 5845 5846 5829)
4(5845 5862 5863 5846)
4(5862 5879 5880 5863)
4(5879 5896 5897 5880)
4(5896 5913 5914 5897)
4(5913 5930 5931 5914)
4(5930 5947 5948 5931)
4(5947 5964 5965 5948)
4(5964 5981 5982 5965)
4(5981 5998 5999 5982)
4(5998 6015 6016 5999)
4(6015 6032 6033 6016)
4(6032 115 117 6033)
4(5642 5659 5660 5643)
4(5659 5676 5677 5660)
4(5676 5693 5694 5677)
4(5693 5710 5711 5694)
4(5710 5727 5728 5711)
4(5727 5744 5745 5728)
4(5744 5761 5762 5745)
4(5761 5778 5779 5762)
4(5778 5795 5796 5779)
4(5795 5812 5813 5796)
4(5812 5829 5830 5813)
4(5829 5846 5847 5830)
4(5846 5863 5864 5847)
4(5863 5880 5881 5864)
4(5880 5897 5898 5881)
4(5897 5914 5915 5898)
4(5914 5931 5932 5915)
4(5931 5948 5949 5932)
4(5948 5965 5966 5949)
4(5965 5982 5983 5966)
4(5982 5999 6000 5983)
4(5999 6016 6017 6000)
4(6016 6033 6034 6017)
4(6033 117 119 6034)
4(5643 5660 5661 5644)
4(5660 5677 5678 5661)
4(5677 5694 5695 5678)
4(5694 5711 5712 5695)
4(5711 5728 5729 5712)
4(5728 5745 5746 5729)
4(5745 5762 5763 5746)
4(5762 5779 5780 5763)
4(5779 5796 5797 5780)
4(5796 5813 5814 5797)
4(5813 5830 5831 5814)
4(5830 5847 5848 5831)
4(5847 5864 5865 5848)
4(5864 5881 5882 5865)
4(5881 5898 5899 5882)
4(5898 5915 5916 5899)
4(5915 5932 5933 5916)
4(5932 5949 5950 5933)
4(5949 5966 5967 5950)
4(5966 5983 5984 5967)
4(5983 6000 6001 5984)
4(6000 6017 6018 6001)
4(6017 6034 6035 6018)
4(6034 119 121 6035)
4(5644 5661 5662 5645)
4(5661 5678 5679 5662)
4(5678 5695 5696 5679)
4(5695 5712 5713 5696)
4(5712 5729 5730 5713)
4(5729 5746 5747 5730)
4(5746 5763 5764 5747)
4(5763 5780 5781 5764)
4(5780 5797 5798 5781)
4(5797 5814 5815 5798)
4(5814 5831 5832 5815)
4(5831 5848 5849 5832)
4(5848 5865 5866 5849)
4(5865 5882 5883 5866)
4(5882 5899 5900 5883)
4(5899 5916 5917 5900)
4(5916 5933 5934 5917)
4(5933 5950 5951 5934)
4(5950 5967 5968 5951)
4(5967 5984 5985 5968)
4(5984 6001 6002 5985)
4(6001 6018 6019 6002)
4(6018 6035 6036 6019)
4(6035 121 123 6036)
4(5645 5662 5663 5646)
4(5662 5679 5680 5663)
4(5679 5696 5697 5680)
4(5696 5713 5714 5697)
4(5713 5730 5731 5714)
4(5730 5747 5748 5731)
4(5747 5764 5765 5748)
4(5764 5781 5782 5765)
4(5781 5798 5799 5782)
4(5798 5815 5816 5799)
4(5815 5832 5833 5816)
4(5832 5849 5850 5833)
4(5849 5866 5867 5850)
4(5866 5883 5884 5867)
4(5883 5900 5901 5884)
4(5900 5917 5918 5901)
4(5917 5934 5935 5918)
4(5934 5951 5952 5935)
4(5951 5968 5969 5952)
4(5968 5985 5986 5969)
4(5985 6002 6003 5986)
4(6002 6019 6020 6003)
4(6019 6036 6037 6020)
4(6036 123 125 6037)
4(5646 5663 5664 5647)
4(5663 5680 5681 5664)
4(5680 5697 5698 5681)
4(5697 5714 5715 5698)
4(5714 5731 5732 5715)
4(5731 5748 5749 5732)
4(5748 5765 5766 5749)
4(5765 5782 5783 5766)
4(5782 5799 5800 5783)
4(5799 5816 5817 5800)
4(5816 5833 5834 5817)
4(5833 5850 5851 5834)
4(5850 5867 5868 5851)
4(5867 5884 5885 5868)
4(5884 5901 5902 5885)
4(5901 5918 5919 5902)
4(5918 5935 5936 5919)
4(5935 5952 5953 5936)
4(5952 5969 5970 5953)
4(5969 5986 5987 5970)
4(5986 6003 6004 5987)
4(6003 6020 6021 6004)
4(6020 6037 6038 6021)
4(6037 125 127 6038)
4(5647 5664 5665 5648)
4(5664 5681 5682 5665)
4(5681 5698 5699 5682)
4(5698 5715 5716 5699)
4(5715 5732 5733 5716)
4(5732 5749 5750 5733)
4(5749 5766 5767 5750)
4(5766 5783 5784 5767)
4(5783 5800 5801 5784)
4(5800 5817 5818 5801)
4(5817 5834 5835 5818)
4(5834 5851 5852 5835)
4(5851 5868 5869 5852)
4(5868 5885 5886 5869)
4(5885 5902 5903 5886)
4(5902 5919 5920 5903)
4(5919 5936 5937 5920)
4(5936 5953 5954 5937)
4(5953 5970 5971 5954)
4(5970 5987 5988 5971)
4(5987 6004 6005 5988)
4(6004 6021 6022 6005)
4(6021 6038 6039 6022)
4(6038 127 129 6039)
4(5648 5665 5666 5649)
4(5665 5682 5683 5666)
4(5682 5699 5700 5683)
4(5699 5716 5717 5700)
4(5716 5733 5734 5717)
4(5733 5750 5751 5734)
4(5750 5767 5768 5751)
4(5767 5784 5785 5768)
4(5784 5801 5802 5785)
4(5801 5818 5819 5802)
4(5818 5835 5836 5819)
4(5835 5852 5853 5836)
4(5852 5869 5870 5853)
4(5869 5886 5887 5870)
4(5886 5903 5904 5887)
4(5903 5920 5921 5904)
4(5920 5937 5938 5921)
4(5937 5954 5955 5938)
4(5954 5971 5972 5955)
4(5971 5988 5989 5972)
4(5988 6005 6006 5989)
4(6005 6022 6023 6006)
4(6022 6039 6040 6023)
4(6039 129 131 6040)
4(5649 5666 5667 5650)
4(5666 5683 5684 5667)
4(5683 5700 5701 5684)
4(5700 5717 5718 5701)
4(5717 5734 5735 5718)
4(5734 5751 5752 5735)
4(5751 5768 5769 5752)
4(5768 5785 5786 5769)
4(5785 5802 5803 5786)
4(5802 5819 5820 5803)
4(5819 5836 5837 5820)
4(5836 5853 5854 5837)
4(5853 5870 5871 5854)
4(5870 5887 5888 5871)
4(5887 5904 5905 5888)
4(5904 5921 5922 5905)
4(5921 5938 5939 5922)
4(5938 5955 5956 5939)
4(5955 5972 5973 5956)
4(5972 5989 5990 5973)
4(5989 6006 6007 5990)
4(6006 6023 6024 6007)
4(6023 6040 6041 6024)
4(6040 131 133 6041)
4(402 8137 8138 405)
4(8137 8154 8155 8138)
4(8154 8171 8172 8155)
4(8171 8188 8189 8172)
4(8188 8205 8206 8189)
4(8205 8222 8223 8206)
4(8222 8239 8240 8223)
4(8239 8256 8257 8240)
4(8256 8273 8274 8257)
4(8273 8290 8291 8274)
4(8290 8307 8308 8291)
4(8307 8324 8325 8308)
4(8324 8341 8342 8325)
4(8341 8358 8359 8342)
4(8358 8375 8376 8359)
4(8375 8392 8393 8376)
4(8392 8409 8410 8393)
4(8409 8426 8427 8410)
4(8426 8443 8444 8427)
4(8443 8460 8461 8444)
4(8460 8477 8478 8461)
4(8477 8494 8495 8478)
4(8494 8511 8512 8495)
4(8511 8528 8529 8512)
4(405 8138 8139 407)
4(8138 8155 8156 8139)
4(8155 8172 8173 8156)
4(8172 8189 8190 8173)
4(8189 8206 8207 8190)
4(8206 8223 8224 8207)
4(8223 8240 8241 8224)
4(8240 8257 8258 8241)
4(8257 8274 8275 8258)
4(8274 8291 8292 8275)
4(8291 8308 8309 8292)
4(8308 8325 8326 8309)
4(8325 8342 8343 8326)
4(8342 8359 8360 8343)
4(8359 8376 8377 8360)
4(8376 8393 8394 8377)
4(8393 8410 8411 8394)
4(8410 8427 8428 8411)
4(8427 8444 8445 8428)
4(8444 8461 8462 8445)
4(8461 8478 8479 8462)
4(8478 8495 8496 8479)
4(8495 8512 8513 8496)
4(8512 8529 8530 8513)
4(407 8139 8140 408)
4(8139 8156 8157 8140)
4(8156 8173 8174 8157)
4(8173 8190 8191 8174)
4(8190 8207 8208 8191)
4(8207 8224 8225 8208)
4(8224 8241 8242 8225)
4(8241 8258 8259 8242)
4(8258 8275 8276 8259)
4(8275 8292 8293 8276)
4(8292 8309 8310 8293)
4(8309 8326 8327 8310)
4(8326 8343 8344 8327)
4(8343 8360 8361 8344)
4(8360 8377 8378 8361)
4(8377 8394 8395 8378)
4(8394 8411 8412 8395)
4(8411 8428 8429 8412)
4(8428 8445 8446 8429)
4(8445 8462 8463 8446)
4(8462 8479 8480 8463)
4(8479 8496 8497 8480)
4(8496 8513 8514 8497)
4(8513 8530 8531 8514)
4(374 408 8124 377)
4(408 8140 8141 8124)
4(8140 8157 8158 8141)
4(8157 8174 8175 8158)
4(8174 8191 8192 8175)
4(8191 8208 8209 8192)
4(8208 8225 8226 8209)
4(8225 8242 8243 8226)
4(8242 8259 8260 8243)
4(8259 8276 8277 8260)
4(8276 8293 8294 8277)
4(8293 8310 8311 8294)
4(8310 8327 8328 8311)
4(8327 8344 8345 8328)
4(8344 8361 8362 8345)
4(8361 8378 8379 8362)
4(8378 8395 8396 8379)
4(8395 8412 8413 8396)
4(8412 8429 8430 8413)
4(8429 8446 8447 8430)
4(8446 8463 8464 8447)
4(8463 8480 8481 8464)
4(8480 8497 8498 8481)
4(8497 8514 8515 8498)
4(8514 8531 8532 8515)
4(377 8124 8125 379)
4(8124 8141 8142 8125)
4(8141 8158 8159 8142)
4(8158 8175 8176 8159)
4(8175 8192 8193 8176)
4(8192 8209 8210 8193)
4(8209 8226 8227 8210)
4(8226 8243 8244 8227)
4(8243 8260 8261 8244)
4(8260 8277 8278 8261)
4(8277 8294 8295 8278)
4(8294 8311 8312 8295)
4(8311 8328 8329 8312)
4(8328 8345 8346 8329)
4(8345 8362 8363 8346)
4(8362 8379 8380 8363)
4(8379 8396 8397 8380)
4(8396 8413 8414 8397)
4(8413 8430 8431 8414)
4(8430 8447 8448 8431)
4(8447 8464 8465 8448)
4(8464 8481 8482 8465)
4(8481 8498 8499 8482)
4(8498 8515 8516 8499)
4(8515 8532 8533 8516)
4(379 8125 8126 381)
4(8125 8142 8143 8126)
4(8142 8159 8160 8143)
4(8159 8176 8177 8160)
4(8176 8193 8194 8177)
4(8193 8210 8211 8194)
4(8210 8227 8228 8211)
4(8227 8244 8245 8228)
4(8244 8261 8262 8245)
4(8261 8278 8279 8262)
4(8278 8295 8296 8279)
4(8295 8312 8313 8296)
4(8312 8329 8330 8313)
4(8329 8346 8347 8330)
4(8346 8363 8364 8347)
4(8363 8380 8381 8364)
4(8380 8397 8398 8381)
4(8397 8414 8415 8398)
4(8414 8431 8432 8415)
4(8431 8448 8449 8432)
4(8448 8465 8466 8449)
4(8465 8482 8483 8466)
4(8482 8499 8500 8483)
4(8499 8516 8517 8500)
4(8516 8533 8534 8517)
4(381 8126 8127 383)
4(8126 8143 8144 8127)
4(8143 8160 8161 8144)
4(8160 8177 8178 8161)
4(8177 8194 8195 8178)
4(8194 8211 8212 8195)
4(8211 8228 8229 8212)
4(8228 8245 8246 8229)
4(8245 8262 8263 8246)
4(8262 8279 8280 8263)
4(8279 8296 8297 8280)
4(8296 8313 8314 8297)
4(8313 8330 8331 8314)
4(8330 8347 8348 8331)
4(8347 8364 8365 8348)
4(8364 8381 8382 8365)
4(8381 8398 8399 8382)
4(8398 8415 8416 8399)
4(8415 8432 8433 8416)
4(8432 8449 8450 8433)
4(8449 8466 8467 8450)
4(8466 8483 8484 8467)
4(8483 8500 8501 8484)
4(8500 8517 8518 8501)
4(8517 8534 8535 8518)
4(383 8127 8128 385)
4(8127 8144 8145 8128)
4(8144 8161 8162 8145)
4(8161 8178 8179 8162)
4(8178 8195 8196 8179)
4(8195 8212 8213 8196)
4(8212 8229 8230 8213)
4(8229 8246 8247 8230)
4(8246 8263 8264 8247)
4(8263 8280 8281 8264)
4(8280 8297 8298 8281)
4(8297 8314 8315 8298)
4(8314 8331 8332 8315)
4(8331 8348 8349 8332)
4(8348 8365 8366 8349)
4(8365 8382 8383 8366)
4(8382 8399 8400 8383)
4(8399 8416 8417 8400)
4(8416 8433 8434 8417)
4(8433 8450 8451 8434)
4(8450 8467 8468 8451)
4(8467 8484 8485 8468)
4(8484 8501 8502 8485)
4(8501 8518 8519 8502)
4(8518 8535 8536 8519)
4(385 8128 8129 387)
4(8128 8145 8146 8129)
4(8145 8162 8163 8146)
4(8162 8179 8180 8163)
4(8179 8196 8197 8180)
4(8196 8213 8214 8197)
4(8213 8230 8231 8214)
4(8230 8247 8248 8231)
4(8247 8264 8265 8248)
4(8264 8281 8282 8265)
4(8281 8298 8299 8282)
4(8298 8315 8316 8299)
4(8315 8332 8333 8316)
4(8332 8349 8350 8333)
4(8349 8366 8367 8350)
4(8366 8383 8384 8367)
4(8383 8400 8401 8384)
4(8400 8417 8418 8401)
4(8417 8434 8435 8418)
4(8434 8451 8452 8435)
4(8451 8468 8469 8452)
4(8468 8485 8486 8469)
4(8485 8502 8503 8486)
4(8502 8519 8520 8503)
4(8519 8536 8537 8520)
4(387 8129 8130 389)
4(8129 8146 8147 8130)
4(8146 8163 8164 8147)
4(8163 8180 8181 8164)
4(8180 8197 8198 8181)
4(8197 8214 8215 8198)
4(8214 8231 8232 8215)
4(8231 8248 8249 8232)
4(8248 8265 8266 8249)
4(8265 8282 8283 8266)
4(8282 8299 8300 8283)
4(8299 8316 8317 8300)
4(8316 8333 8334 8317)
4(8333 8350 8351 8334)
4(8350 8367 8368 8351)
4(8367 8384 8385 8368)
4(8384 8401 8402 8385)
4(8401 8418 8419 8402)
4(8418 8435 8436 8419)
4(8435 8452 8453 8436)
4(8452 8469 8470 8453)
4(8469 8486 8487 8470)
4(8486 8503 8504 8487)
4(8503 8520 8521 8504)
4(8520 8537 8538 8521)
4(389 8130 8131 391)
4(8130 8147 8148 8131)
4(8147 8164 8165 8148)
4(8164 8181 8182 8165)
4(8181 8198 8199 8182)
4(8198 8215 8216 8199)
4(8215 8232 8233 8216)
4(8232 8249 8250 8233)
4(8249 8266 8267 8250)
4(8266 8283 8284 8267)
4(8283 8300 8301 8284)
4(8300 8317 8318 8301)
4(8317 8334 8335 8318)
4(8334 8351 8352 8335)
4(8351 8368 8369 8352)
4(8368 8385 8386 8369)
4(8385 8402 8403 8386)
4(8402 8419 8420 8403)
4(8419 8436 8437 8420)
4(8436 8453 8454 8437)
4(8453 8470 8471 8454)
4(8470 8487 8488 8471)
4(8487 8504 8505 8488)
4(8504 8521 8522 8505)
4(8521 8538 8539 8522)
4(391 8131 8132 393)
4(8131 8148 8149 8132)
4(8148 8165 8166 8149)
4(8165 8182 8183 8166)
4(8182 8199 8200 8183)
4(8199 8216 8217 8200)
4(8216 8233 8234 8217)
4(8233 8250 8251 8234)
4(8250 8267 8268 8251)
4(8267 8284 8285 8268)
4(8284 8301 8302 8285)
4(8301 8318 8319 8302)
4(8318 8335 8336 8319)
4(8335 8352 8353 8336)
4(8352 8369 8370 8353)
4(8369 8386 8387 8370)
4(8386 8403 8404 8387)
4(8403 8420 8421 8404)
4(8420 8437 8438 8421)
4(8437 8454 8455 8438)
4(8454 8471 8472 8455)
4(8471 8488 8489 8472)
4(8488 8505 8506 8489)
4(8505 8522 8523 8506)
4(8522 8539 8540 8523)
4(393 8132 8133 395)
4(8132 8149 8150 8133)
4(8149 8166 8167 8150)
4(8166 8183 8184 8167)
4(8183 8200 8201 8184)
4(8200 8217 8218 8201)
4(8217 8234 8235 8218)
4(8234 8251 8252 8235)
4(8251 8268 8269 8252)
4(8268 8285 8286 8269)
4(8285 8302 8303 8286)
4(8302 8319 8320 8303)
4(8319 8336 8337 8320)
4(8336 8353 8354 8337)
4(8353 8370 8371 8354)
4(8370 8387 8388 8371)
4(8387 8404 8405 8388)
4(8404 8421 8422 8405)
4(8421 8438 8439 8422)
4(8438 8455 8456 8439)
4(8455 8472 8473 8456)
4(8472 8489 8490 8473)
4(8489 8506 8507 8490)
4(8506 8523 8524 8507)
4(8523 8540 8541 8524)
4(395 8133 8134 397)
4(8133 8150 8151 8134)
4(8150 8167 8168 8151)
4(8167 8184 8185 8168)
4(8184 8201 8202 8185)
4(8201 8218 8219 8202)
4(8218 8235 8236 8219)
4(8235 8252 8253 8236)
4(8252 8269 8270 8253)
4(8269 8286 8287 8270)
4(8286 8303 8304 8287)
4(8303 8320 8321 8304)
4(8320 8337 8338 8321)
4(8337 8354 8355 8338)
4(8354 8371 8372 8355)
4(8371 8388 8389 8372)
4(8388 8405 8406 8389)
4(8405 8422 8423 8406)
4(8422 8439 8440 8423)
4(8439 8456 8457 8440)
4(8456 8473 8474 8457)
4(8473 8490 8491 8474)
4(8490 8507 8508 8491)
4(8507 8524 8525 8508)
4(8524 8541 8542 8525)
4(397 8134 8135 399)
4(8134 8151 8152 8135)
4(8151 8168 8169 8152)
4(8168 8185 8186 8169)
4(8185 8202 8203 8186)
4(8202 8219 8220 8203)
4(8219 8236 8237 8220)
4(8236 8253 8254 8237)
4(8253 8270 8271 8254)
4(8270 8287 8288 8271)
4(8287 8304 8305 8288)
4(8304 8321 8322 8305)
4(8321 8338 8339 8322)
4(8338 8355 8356 8339)
4(8355 8372 8373 8356)
4(8372 8389 8390 8373)
4(8389 8406 8407 8390)
4(8406 8423 8424 8407)
4(8423 8440 8441 8424)
4(8440 8457 8458 8441)
4(8457 8474 8475 8458)
4(8474 8491 8492 8475)
4(8491 8508 8509 8492)
4(8508 8525 8526 8509)
4(8525 8542 8543 8526)
4(399 8135 8136 401)
4(8135 8152 8153 8136)
4(8152 8169 8170 8153)
4(8169 8186 8187 8170)
4(8186 8203 8204 8187)
4(8203 8220 8221 8204)
4(8220 8237 8238 8221)
4(8237 8254 8255 8238)
4(8254 8271 8272 8255)
4(8271 8288 8289 8272)
4(8288 8305 8306 8289)
4(8305 8322 8323 8306)
4(8322 8339 8340 8323)
4(8339 8356 8357 8340)
4(8356 8373 8374 8357)
4(8373 8390 8391 8374)
4(8390 8407 8408 8391)
4(8407 8424 8425 8408)
4(8424 8441 8442 8425)
4(8441 8458 8459 8442)
4(8458 8475 8476 8459)
4(8475 8492 8493 8476)
4(8492 8509 8510 8493)
4(8509 8526 8527 8510)
4(8526 8543 8544 8527)
4(401 8136 224 4)
4(8136 8153 226 224)
4(8153 8170 228 226)
4(8170 8187 230 228)
4(8187 8204 232 230)
4(8204 8221 234 232)
4(8221 8238 236 234)
4(8238 8255 238 236)
4(8255 8272 240 238)
4(8272 8289 242 240)
4(8289 8306 244 242)
4(8306 8323 246 244)
4(8323 8340 248 246)
4(8340 8357 250 248)
4(8357 8374 252 250)
4(8374 8391 254 252)
4(8391 8408 256 254)
4(8408 8425 258 256)
4(8425 8442 260 258)
4(8442 8459 262 260)
4(8459 8476 264 262)
4(8476 8493 266 264)
4(8493 8510 268 266)
4(8510 8527 270 268)
4(8527 8544 272 270)
4(4 224 10773 7)
4(224 226 10788 10773)
4(226 228 10803 10788)
4(228 230 10818 10803)
4(230 232 10833 10818)
4(232 234 10848 10833)
4(234 236 10863 10848)
4(236 238 10879 10863)
4(238 240 10895 10879)
4(240 242 10911 10895)
4(242 244 10927 10911)
4(244 246 10943 10927)
4(246 248 10959 10943)
4(248 250 10975 10959)
4(250 252 10991 10975)
4(252 254 11007 10991)
4(254 256 11023 11007)
4(256 258 11039 11023)
4(258 260 11055 11039)
4(260 262 11071 11055)
4(262 264 11087 11071)
4(264 266 11103 11087)
4(266 268 11119 11103)
4(268 270 11135 11119)
4(270 272 11151 11135)
4(7 10773 10774 9)
4(10773 10788 10789 10774)
4(10788 10803 10804 10789)
4(10803 10818 10819 10804)
4(10818 10833 10834 10819)
4(10833 10848 10849 10834)
4(10848 10863 10864 10849)
4(10863 10879 10880 10864)
4(10879 10895 10896 10880)
4(10895 10911 10912 10896)
4(10911 10927 10928 10912)
4(10927 10943 10944 10928)
4(10943 10959 10960 10944)
4(10959 10975 10976 10960)
4(10975 10991 10992 10976)
4(10991 11007 11008 10992)
4(11007 11023 11024 11008)
4(11023 11039 11040 11024)
4(11039 11055 11056 11040)
4(11055 11071 11072 11056)
4(11071 11087 11088 11072)
4(11087 11103 11104 11088)
4(11103 11119 11120 11104)
4(11119 11135 11136 11120)
4(11135 11151 11152 11136)
4(9 10774 10775 11)
4(10774 10789 10790 10775)
4(10789 10804 10805 10790)
4(10804 10819 10820 10805)
4(10819 10834 10835 10820)
4(10834 10849 10850 10835)
4(10849 10864 10865 10850)
4(10864 10880 10881 10865)
4(10880 10896 10897 10881)
4(10896 10912 10913 10897)
4(10912 10928 10929 10913)
4(10928 10944 10945 10929)
4(10944 10960 10961 10945)
4(10960 10976 10977 10961)
4(10976 10992 10993 10977)
4(10992 11008 11009 10993)
4(11008 11024 11025 11009)
4(11024 11040 11041 11025)
4(11040 11056 11057 11041)
4(11056 11072 11073 11057)
4(11072 11088 11089 11073)
4(11088 11104 11105 11089)
4(11104 11120 11121 11105)
4(11120 11136 11137 11121)
4(11136 11152 11153 11137)
4(11 10775 10776 13)
4(10775 10790 10791 10776)
4(10790 10805 10806 10791)
4(10805 10820 10821 10806)
4(10820 10835 10836 10821)
4(10835 10850 10851 10836)
4(10850 10865 10866 10851)
4(10865 10881 10882 10866)
4(10881 10897 10898 10882)
4(10897 10913 10914 10898)
4(10913 10929 10930 10914)
4(10929 10945 10946 10930)
4(10945 10961 10962 10946)
4(10961 10977 10978 10962)
4(10977 10993 10994 10978)
4(10993 11009 11010 10994)
4(11009 11025 11026 11010)
4(11025 11041 11042 11026)
4(11041 11057 11058 11042)
4(11057 11073 11074 11058)
4(11073 11089 11090 11074)
4(11089 11105 11106 11090)
4(11105 11121 11122 11106)
4(11121 11137 11138 11122)
4(11137 11153 11154 11138)
4(13 10776 10777 15)
4(10776 10791 10792 10777)
4(10791 10806 10807 10792)
4(10806 10821 10822 10807)
4(10821 10836 10837 10822)
4(10836 10851 10852 10837)
4(10851 10866 10867 10852)
4(10866 10882 10883 10867)
4(10882 10898 10899 10883)
4(10898 10914 10915 10899)
4(10914 10930 10931 10915)
4(10930 10946 10947 10931)
4(10946 10962 10963 10947)
4(10962 10978 10979 10963)
4(10978 10994 10995 10979)
4(10994 11010 11011 10995)
4(11010 11026 11027 11011)
4(11026 11042 11043 11027)
4(11042 11058 11059 11043)
4(11058 11074 11075 11059)
4(11074 11090 11091 11075)
4(11090 11106 11107 11091)
4(11106 11122 11123 11107)
4(11122 11138 11139 11123)
4(11138 11154 11155 11139)
4(15 10777 10778 17)
4(10777 10792 10793 10778)
4(10792 10807 10808 10793)
4(10807 10822 10823 10808)
4(10822 10837 10838 10823)
4(10837 10852 10853 10838)
4(10852 10867 10868 10853)
4(10867 10883 10884 10868)
4(10883 10899 10900 10884)
4(10899 10915 10916 10900)
4(10915 10931 10932 10916)
4(10931 10947 10948 10932)
4(10947 10963 10964 10948)
4(10963 10979 10980 10964)
4(10979 10995 10996 10980)
4(10995 11011 11012 10996)
4(11011 11027 11028 11012)
4(11027 11043 11044 11028)
4(11043 11059 11060 11044)
4(11059 11075 11076 11060)
4(11075 11091 11092 11076)
4(11091 11107 11108 11092)
4(11107 11123 11124 11108)
4(11123 11139 11140 11124)
4(11139 11155 11156 11140)
4(17 10778 10779 19)
4(10778 10793 10794 10779)
4(10793 10808 10809 10794)
4(10808 10823 10824 10809)
4(10823 10838 10839 10824)
4(10838 10853 10854 10839)
4(10853 10868 10869 10854)
4(10868 10884 10885 10869)
4(10884 10900 10901 10885)
4(10900 10916 10917 10901)
4(10916 10932 10933 10917)
4(10932 10948 10949 10933)
4(10948 10964 10965 10949)
4(10964 10980 10981 10965)
4(10980 10996 10997 10981)
4(10996 11012 11013 10997)
4(11012 11028 11029 11013)
4(11028 11044 11045 11029)
4(11044 11060 11061 11045)
4(11060 11076 11077 11061)
4(11076 11092 11093 11077)
4(11092 11108 11109 11093)
4(11108 11124 11125 11109)
4(11124 11140 11141 11125)
4(11140 11156 11157 11141)
4(19 10779 10780 21)
4(10779 10794 10795 10780)
4(10794 10809 10810 10795)
4(10809 10824 10825 10810)
4(10824 10839 10840 10825)
4(10839 10854 10855 10840)
4(10854 10869 10870 10855)
4(10869 10885 10886 10870)
4(10885 10901 10902 10886)
4(10901 10917 10918 10902)
4(10917 10933 10934 10918)
4(10933 10949 10950 10934)
4(10949 10965 10966 10950)
4(10965 10981 10982 10966)
4(10981 10997 10998 10982)
4(10997 11013 11014 10998)
4(11013 11029 11030 11014)
4(11029 11045 11046 11030)
4(11045 11061 11062 11046)
4(11061 11077 11078 11062)
4(11077 11093 11094 11078)
4(11093 11109 11110 11094)
4(11109 11125 11126 11110)
4(11125 11141 11142 11126)
4(11141 11157 11158 11142)
4(21 10780 10781 23)
4(10780 10795 10796 10781)
4(10795 10810 10811 10796)
4(10810 10825 10826 10811)
4(10825 10840 10841 10826)
4(10840 10855 10856 10841)
4(10855 10870 10871 10856)
4(10870 10886 10887 10871)
4(10886 10902 10903 10887)
4(10902 10918 10919 10903)
4(10918 10934 10935 10919)
4(10934 10950 10951 10935)
4(10950 10966 10967 10951)
4(10966 10982 10983 10967)
4(10982 10998 10999 10983)
4(10998 11014 11015 10999)
4(11014 11030 11031 11015)
4(11030 11046 11047 11031)
4(11046 11062 11063 11047)
4(11062 11078 11079 11063)
4(11078 11094 11095 11079)
4(11094 11110 11111 11095)
4(11110 11126 11127 11111)
4(11126 11142 11143 11127)
4(11142 11158 11159 11143)
4(23 10781 10782 25)
4(10781 10796 10797 10782)
4(10796 10811 10812 10797)
4(10811 10826 10827 10812)
4(10826 10841 10842 10827)
4(10841 10856 10857 10842)
4(10856 10871 10872 10857)
4(10871 10887 10888 10872)
4(10887 10903 10904 10888)
4(10903 10919 10920 10904)
4(10919 10935 10936 10920)
4(10935 10951 10952 10936)
4(10951 10967 10968 10952)
4(10967 10983 10984 10968)
4(10983 10999 11000 10984)
4(10999 11015 11016 11000)
4(11015 11031 11032 11016)
4(11031 11047 11048 11032)
4(11047 11063 11064 11048)
4(11063 11079 11080 11064)
4(11079 11095 11096 11080)
4(11095 11111 11112 11096)
4(11111 11127 11128 11112)
4(11127 11143 11144 11128)
4(11143 11159 11160 11144)
4(25 10782 10783 27)
4(10782 10797 10798 10783)
4(10797 10812 10813 10798)
4(10812 10827 10828 10813)
4(10827 10842 10843 10828)
4(10842 10857 10858 10843)
4(10857 10872 10873 10858)
4(10872 10888 10889 10873)
4(10888 10904 10905 10889)
4(10904 10920 10921 10905)
4(10920 10936 10937 10921)
4(10936 10952 10953 10937)
4(10952 10968 10969 10953)
4(10968 10984 10985 10969)
4(10984 11000 11001 10985)
4(11000 11016 11017 11001)
4(11016 11032 11033 11017)
4(11032 11048 11049 11033)
4(11048 11064 11065 11049)
4(11064 11080 11081 11065)
4(11080 11096 11097 11081)
4(11096 11112 11113 11097)
4(11112 11128 11129 11113)
4(11128 11144 11145 11129)
4(11144 11160 11161 11145)
4(27 10783 10784 29)
4(10783 10798 10799 10784)
4(10798 10813 10814 10799)
4(10813 10828 10829 10814)
4(10828 10843 10844 10829)
4(10843 10858 10859 10844)
4(10858 10873 10874 10859)
4(10873 10889 10890 10874)
4(10889 10905 10906 10890)
4(10905 10921 10922 10906)
4(10921 10937 10938 10922)
4(10937 10953 10954 10938)
4(10953 10969 10970 10954)
4(10969 10985 10986 10970)
4(10985 11001 11002 10986)
4(11001 11017 11018 11002)
4(11017 11033 11034 11018)
4(11033 11049 11050 11034)
4(11049 11065 11066 11050)
4(11065 11081 11082 11066)
4(11081 11097 11098 11082)
4(11097 11113 11114 11098)
4(11113 11129 11130 11114)
4(11129 11145 11146 11130)
4(11145 11161 11162 11146)
4(29 10784 10785 31)
4(10784 10799 10800 10785)
4(10799 10814 10815 10800)
4(10814 10829 10830 10815)
4(10829 10844 10845 10830)
4(10844 10859 10860 10845)
4(10859 10874 10875 10860)
4(10874 10890 10891 10875)
4(10890 10906 10907 10891)
4(10906 10922 10923 10907)
4(10922 10938 10939 10923)
4(10938 10954 10955 10939)
4(10954 10970 10971 10955)
4(10970 10986 10987 10971)
4(10986 11002 11003 10987)
4(11002 11018 11019 11003)
4(11018 11034 11035 11019)
4(11034 11050 11051 11035)
4(11050 11066 11067 11051)
4(11066 11082 11083 11067)
4(11082 11098 11099 11083)
4(11098 11114 11115 11099)
4(11114 11130 11131 11115)
4(11130 11146 11147 11131)
4(11146 11162 11163 11147)
4(31 10785 10786 33)
4(10785 10800 10801 10786)
4(10800 10815 10816 10801)
4(10815 10830 10831 10816)
4(10830 10845 10846 10831)
4(10845 10860 10861 10846)
4(10860 10875 10876 10861)
4(10875 10891 10892 10876)
4(10891 10907 10908 10892)
4(10907 10923 10924 10908)
4(10923 10939 10940 10924)
4(10939 10955 10956 10940)
4(10955 10971 10972 10956)
4(10971 10987 10988 10972)
4(10987 11003 11004 10988)
4(11003 11019 11020 11004)
4(11019 11035 11036 11020)
4(11035 11051 11052 11036)
4(11051 11067 11068 11052)
4(11067 11083 11084 11068)
4(11083 11099 11100 11084)
4(11099 11115 11116 11100)
4(11115 11131 11132 11116)
4(11131 11147 11148 11132)
4(11147 11163 11164 11148)
4(33 10786 10787 34)
4(10786 10801 10802 10787)
4(10801 10816 10817 10802)
4(10816 10831 10832 10817)
4(10831 10846 10847 10832)
4(10846 10861 10862 10847)
4(10861 10876 10877 10862)
4(10876 10892 10893 10877)
4(10892 10908 10909 10893)
4(10908 10924 10925 10909)
4(10924 10940 10941 10925)
4(10940 10956 10957 10941)
4(10956 10972 10973 10957)
4(10972 10988 10989 10973)
4(10988 11004 11005 10989)
4(11004 11020 11021 11005)
4(11020 11036 11037 11021)
4(11036 11052 11053 11037)
4(11052 11068 11069 11053)
4(11068 11084 11085 11069)
4(11084 11100 11101 11085)
4(11100 11116 11117 11101)
4(11116 11132 11133 11117)
4(11132 11148 11149 11133)
4(11148 11164 11165 11149)
4(0 34 105 3)
4(34 10787 10612 105)
4(10787 10802 10614 10612)
4(10802 10817 10616 10614)
4(10817 10832 10618 10616)
4(10832 10847 10620 10618)
4(10847 10862 10622 10620)
4(10862 10877 10878 10622)
4(10877 10893 10894 10878)
4(10893 10909 10910 10894)
4(10909 10925 10926 10910)
4(10925 10941 10942 10926)
4(10941 10957 10958 10942)
4(10957 10973 10974 10958)
4(10973 10989 10990 10974)
4(10989 11005 11006 10990)
4(11005 11021 11022 11006)
4(11021 11037 11038 11022)
4(11037 11053 11054 11038)
4(11053 11069 11070 11054)
4(11069 11085 11086 11070)
4(11085 11101 11102 11086)
4(11101 11117 11118 11102)
4(11117 11133 11134 11118)
4(11133 11149 11150 11134)
4(11149 11165 11166 11150)
4(10622 10878 10626 10624)
4(10878 10894 10629 10626)
4(10894 10910 10631 10629)
4(10910 10926 10633 10631)
4(10926 10942 10635 10633)
4(10942 10958 10637 10635)
4(10958 10974 10639 10637)
4(10974 10990 10641 10639)
4(10990 11006 10643 10641)
4(11006 11022 10645 10643)
4(11022 11038 10647 10645)
4(11038 11054 10649 10647)
4(11054 11070 10651 10649)
4(11070 11086 10653 10651)
4(11086 11102 10655 10653)
4(11102 11118 10657 10655)
4(11118 11134 10659 10657)
4(11134 11150 10661 10659)
4(11150 11166 10663 10661)
4(105 10612 13132 135)
4(10612 10614 13149 13132)
4(10614 10616 13166 13149)
4(10616 10618 13183 13166)
4(10618 10620 13200 13183)
4(10620 10622 10624 13200)
4(135 13132 13133 137)
4(13132 13149 13150 13133)
4(13149 13166 13167 13150)
4(13166 13183 13184 13167)
4(13183 13200 13201 13184)
4(13200 10624 13217 13201)
4(10624 10626 13233 13217)
4(10626 10629 13249 13233)
4(10629 10631 13265 13249)
4(10631 10633 13281 13265)
4(10633 10635 13297 13281)
4(10635 10637 13313 13297)
4(10637 10639 13329 13313)
4(10639 10641 13345 13329)
4(10641 10643 13361 13345)
4(10643 10645 13377 13361)
4(10645 10647 13393 13377)
4(10647 10649 13409 13393)
4(10649 10651 13425 13409)
4(10651 10653 13441 13425)
4(10653 10655 13457 13441)
4(10655 10657 13473 13457)
4(10657 10659 13489 13473)
4(10659 10661 13505 13489)
4(10661 10663 13521 13505)
4(137 13133 13134 139)
4(13133 13150 13151 13134)
4(13150 13167 13168 13151)
4(13167 13184 13185 13168)
4(13184 13201 13202 13185)
4(13201 13217 13218 13202)
4(13217 13233 13234 13218)
4(13233 13249 13250 13234)
4(13249 13265 13266 13250)
4(13265 13281 13282 13266)
4(13281 13297 13298 13282)
4(13297 13313 13314 13298)
4(13313 13329 13330 13314)
4(13329 13345 13346 13330)
4(13345 13361 13362 13346)
4(13361 13377 13378 13362)
4(13377 13393 13394 13378)
4(13393 13409 13410 13394)
4(13409 13425 13426 13410)
4(13425 13441 13442 13426)
4(13441 13457 13458 13442)
4(13457 13473 13474 13458)
4(13473 13489 13490 13474)
4(13489 13505 13506 13490)
4(13505 13521 13522 13506)
4(139 13134 13135 140)
4(13134 13151 13152 13135)
4(13151 13168 13169 13152)
4(13168 13185 13186 13169)
4(13185 13202 13203 13186)
4(13202 13218 13219 13203)
4(13218 13234 13235 13219)
4(13234 13250 13251 13235)
4(13250 13266 13267 13251)
4(13266 13282 13283 13267)
4(13282 13298 13299 13283)
4(13298 13314 13315 13299)
4(13314 13330 13331 13315)
4(13330 13346 13347 13331)
4(13346 13362 13363 13347)
4(13362 13378 13379 13363)
4(13378 13394 13395 13379)
4(13394 13410 13411 13395)
4(13410 13426 13427 13411)
4(13426 13442 13443 13427)
4(13442 13458 13459 13443)
4(13458 13474 13475 13459)
4(13474 13490 13491 13475)
4(13490 13506 13507 13491)
4(13506 13522 13523 13507)
4(106 140 13119 109)
4(140 13135 13136 13119)
4(13135 13152 13153 13136)
4(13152 13169 13170 13153)
4(13169 13186 13187 13170)
4(13186 13203 13204 13187)
4(13203 13219 13220 13204)
4(13219 13235 13236 13220)
4(13235 13251 13252 13236)
4(13251 13267 13268 13252)
4(13267 13283 13284 13268)
4(13283 13299 13300 13284)
4(13299 13315 13316 13300)
4(13315 13331 13332 13316)
4(13331 13347 13348 13332)
4(13347 13363 13364 13348)
4(13363 13379 13380 13364)
4(13379 13395 13396 13380)
4(13395 13411 13412 13396)
4(13411 13427 13428 13412)
4(13427 13443 13444 13428)
4(13443 13459 13460 13444)
4(13459 13475 13476 13460)
4(13475 13491 13492 13476)
4(13491 13507 13508 13492)
4(13507 13523 13524 13508)
4(109 13119 13120 111)
4(13119 13136 13137 13120)
4(13136 13153 13154 13137)
4(13153 13170 13171 13154)
4(13170 13187 13188 13171)
4(13187 13204 13205 13188)
4(13204 13220 13221 13205)
4(13220 13236 13237 13221)
4(13236 13252 13253 13237)
4(13252 13268 13269 13253)
4(13268 13284 13285 13269)
4(13284 13300 13301 13285)
4(13300 13316 13317 13301)
4(13316 13332 13333 13317)
4(13332 13348 13349 13333)
4(13348 13364 13365 13349)
4(13364 13380 13381 13365)
4(13380 13396 13397 13381)
4(13396 13412 13413 13397)
4(13412 13428 13429 13413)
4(13428 13444 13445 13429)
4(13444 13460 13461 13445)
4(13460 13476 13477 13461)
4(13476 13492 13493 13477)
4(13492 13508 13509 13493)
4(13508 13524 13525 13509)
4(111 13120 13121 113)
4(13120 13137 13138 13121)
4(13137 13154 13155 13138)
4(13154 13171 13172 13155)
4(13171 13188 13189 13172)
4(13188 13205 13206 13189)
4(13205 13221 13222 13206)
4(13221 13237 13238 13222)
4(13237 13253 13254 13238)
4(13253 13269 13270 13254)
4(13269 13285 13286 13270)
4(13285 13301 13302 13286)
4(13301 13317 13318 13302)
4(13317 13333 13334 13318)
4(13333 13349 13350 13334)
4(13349 13365 13366 13350)
4(13365 13381 13382 13366)
4(13381 13397 13398 13382)
4(13397 13413 13414 13398)
4(13413 13429 13430 13414)
4(13429 13445 13446 13430)
4(13445 13461 13462 13446)
4(13461 13477 13478 13462)
4(13477 13493 13494 13478)
4(13493 13509 13510 13494)
4(13509 13525 13526 13510)
4(113 13121 13122 115)
4(13121 13138 13139 13122)
4(13138 13155 13156 13139)
4(13155 13172 13173 13156)
4(13172 13189 13190 13173)
4(13189 13206 13207 13190)
4(13206 13222 13223 13207)
4(13222 13238 13239 13223)
4(13238 13254 13255 13239)
4(13254 13270 13271 13255)
4(13270 13286 13287 13271)
4(13286 13302 13303 13287)
4(13302 13318 13319 13303)
4(13318 13334 13335 13319)
4(13334 13350 13351 13335)
4(13350 13366 13367 13351)
4(13366 13382 13383 13367)
4(13382 13398 13399 13383)
4(13398 13414 13415 13399)
4(13414 13430 13431 13415)
4(13430 13446 13447 13431)
4(13446 13462 13463 13447)
4(13462 13478 13479 13463)
4(13478 13494 13495 13479)
4(13494 13510 13511 13495)
4(13510 13526 13527 13511)
4(115 13122 13123 117)
4(13122 13139 13140 13123)
4(13139 13156 13157 13140)
4(13156 13173 13174 13157)
4(13173 13190 13191 13174)
4(13190 13207 13208 13191)
4(13207 13223 13224 13208)
4(13223 13239 13240 13224)
4(13239 13255 13256 13240)
4(13255 13271 13272 13256)
4(13271 13287 13288 13272)
4(13287 13303 13304 13288)
4(13303 13319 13320 13304)
4(13319 13335 13336 13320)
4(13335 13351 13352 13336)
4(13351 13367 13368 13352)
4(13367 13383 13384 13368)
4(13383 13399 13400 13384)
4(13399 13415 13416 13400)
4(13415 13431 13432 13416)
4(13431 13447 13448 13432)
4(13447 13463 13464 13448)
4(13463 13479 13480 13464)
4(13479 13495 13496 13480)
4(13495 13511 13512 13496)
4(13511 13527 13528 13512)
4(117 13123 13124 119)
4(13123 13140 13141 13124)
4(13140 13157 13158 13141)
4(13157 13174 13175 13158)
4(13174 13191 13192 13175)
4(13191 13208 13209 13192)
4(13208 13224 13225 13209)
4(13224 13240 13241 13225)
4(13240 13256 13257 13241)
4(13256 13272 13273 13257)
4(13272 13288 13289 13273)
4(13288 13304 13305 13289)
4(13304 13320 13321 13305)
4(13320 13336 13337 13321)
4(13336 13352 13353 13337)
4(13352 13368 13369 13353)
4(13368 13384 13385 13369)
4(13384 13400 13401 13385)
4(13400 13416 13417 13401)
4(13416 13432 13433 13417)
4(13432 13448 13449 13433)
4(13448 13464 13465 13449)
4(13464 13480 13481 13465)
4(13480 13496 13497 13481)
4(13496 13512 13513 13497)
4(13512 13528 13529 13513)
4(119 13124 13125 121)
4(13124 13141 13142 13125)
4(13141 13158 13159 13142)
4(13158 13175 13176 13159)
4(13175 13192 13193 13176)
4(13192 13209 13210 13193)
4(13209 13225 13226 13210)
4(13225 13241 13242 13226)
4(13241 13257 13258 13242)
4(13257 13273 13274 13258)
4(13273 13289 13290 13274)
4(13289 13305 13306 13290)
4(13305 13321 13322 13306)
4(13321 13337 13338 13322)
4(13337 13353 13354 13338)
4(13353 13369 13370 13354)
4(13369 13385 13386 13370)
4(13385 13401 13402 13386)
4(13401 13417 13418 13402)
4(13417 13433 13434 13418)
4(13433 13449 13450 13434)
4(13449 13465 13466 13450)
4(13465 13481 13482 13466)
4(13481 13497 13498 13482)
4(13497 13513 13514 13498)
4(13513 13529 13530 13514)
4(121 13125 13126 123)
4(13125 13142 13143 13126)
4(13142 13159 13160 13143)
4(13159 13176 13177 13160)
4(13176 13193 13194 13177)
4(13193 13210 13211 13194)
4(13210 13226 13227 13211)
4(13226 13242 13243 13227)
4(13242 13258 13259 13243)
4(13258 13274 13275 13259)
4(13274 13290 13291 13275)
4(13290 13306 13307 13291)
4(13306 13322 13323 13307)
4(13322 13338 13339 13323)
4(13338 13354 13355 13339)
4(13354 13370 13371 13355)
4(13370 13386 13387 13371)
4(13386 13402 13403 13387)
4(13402 13418 13419 13403)
4(13418 13434 13435 13419)
4(13434 13450 13451 13435)
4(13450 13466 13467 13451)
4(13466 13482 13483 13467)
4(13482 13498 13499 13483)
4(13498 13514 13515 13499)
4(13514 13530 13531 13515)
4(123 13126 13127 125)
4(13126 13143 13144 13127)
4(13143 13160 13161 13144)
4(13160 13177 13178 13161)
4(13177 13194 13195 13178)
4(13194 13211 13212 13195)
4(13211 13227 13228 13212)
4(13227 13243 13244 13228)
4(13243 13259 13260 13244)
4(13259 13275 13276 13260)
4(13275 13291 13292 13276)
4(13291 13307 13308 13292)
4(13307 13323 13324 13308)
4(13323 13339 13340 13324)
4(13339 13355 13356 13340)
4(13355 13371 13372 13356)
4(13371 13387 13388 13372)
4(13387 13403 13404 13388)
4(13403 13419 13420 13404)
4(13419 13435 13436 13420)
4(13435 13451 13452 13436)
4(13451 13467 13468 13452)
4(13467 13483 13484 13468)
4(13483 13499 13500 13484)
4(13499 13515 13516 13500)
4(13515 13531 13532 13516)
4(125 13127 13128 127)
4(13127 13144 13145 13128)
4(13144 13161 13162 13145)
4(13161 13178 13179 13162)
4(13178 13195 13196 13179)
4(13195 13212 13213 13196)
4(13212 13228 13229 13213)
4(13228 13244 13245 13229)
4(13244 13260 13261 13245)
4(13260 13276 13277 13261)
4(13276 13292 13293 13277)
4(13292 13308 13309 13293)
4(13308 13324 13325 13309)
4(13324 13340 13341 13325)
4(13340 13356 13357 13341)
4(13356 13372 13373 13357)
4(13372 13388 13389 13373)
4(13388 13404 13405 13389)
4(13404 13420 13421 13405)
4(13420 13436 13437 13421)
4(13436 13452 13453 13437)
4(13452 13468 13469 13453)
4(13468 13484 13485 13469)
4(13484 13500 13501 13485)
4(13500 13516 13517 13501)
4(13516 13532 13533 13517)
4(127 13128 13129 129)
4(13128 13145 13146 13129)
4(13145 13162 13163 13146)
4(13162 13179 13180 13163)
4(13179 13196 13197 13180)
4(13196 13213 13214 13197)
4(13213 13229 13230 13214)
4(13229 13245 13246 13230)
4(13245 13261 13262 13246)
4(13261 13277 13278 13262)
4(13277 13293 13294 13278)
4(13293 13309 13310 13294)
4(13309 13325 13326 13310)
4(13325 13341 13342 13326)
4(13341 13357 13358 13342)
4(13357 13373 13374 13358)
4(13373 13389 13390 13374)
4(13389 13405 13406 13390)
4(13405 13421 13422 13406)
4(13421 13437 13438 13422)
4(13437 13453 13454 13438)
4(13453 13469 13470 13454)
4(13469 13485 13486 13470)
4(13485 13501 13502 13486)
4(13501 13517 13518 13502)
4(13517 13533 13534 13518)
4(129 13129 13130 131)
4(13129 13146 13147 13130)
4(13146 13163 13164 13147)
4(13163 13180 13181 13164)
4(13180 13197 13198 13181)
4(13197 13214 13215 13198)
4(13214 13230 13231 13215)
4(13230 13246 13247 13231)
4(13246 13262 13263 13247)
4(13262 13278 13279 13263)
4(13278 13294 13295 13279)
4(13294 13310 13311 13295)
4(13310 13326 13327 13311)
4(13326 13342 13343 13327)
4(13342 13358 13359 13343)
4(13358 13374 13375 13359)
4(13374 13390 13391 13375)
4(13390 13406 13407 13391)
4(13406 13422 13423 13407)
4(13422 13438 13439 13423)
4(13438 13454 13455 13439)
4(13454 13470 13471 13455)
4(13470 13486 13487 13471)
4(13486 13502 13503 13487)
4(13502 13518 13519 13503)
4(13518 13534 13535 13519)
4(131 13130 13131 133)
4(13130 13147 13148 13131)
4(13147 13164 13165 13148)
4(13164 13181 13182 13165)
4(13181 13198 13199 13182)
4(13198 13215 13216 13199)
4(13215 13231 13232 13216)
4(13231 13247 13248 13232)
4(13247 13263 13264 13248)
4(13263 13279 13280 13264)
4(13279 13295 13296 13280)
4(13295 13311 13312 13296)
4(13311 13327 13328 13312)
4(13327 13343 13344 13328)
4(13343 13359 13360 13344)
4(13359 13375 13376 13360)
4(13375 13391 13392 13376)
4(13391 13407 13408 13392)
4(13407 13423 13424 13408)
4(13423 13439 13440 13424)
4(13439 13455 13456 13440)
4(13455 13471 13472 13456)
4(13471 13487 13488 13472)
4(13487 13503 13504 13488)
4(13503 13519 13520 13504)
4(13519 13535 13536 13520)
4(2869 2870 2886 2885)
4(2885 2886 2902 2901)
4(2901 2902 2918 2917)
4(2917 2918 2934 2933)
4(2933 2934 2950 2949)
4(2949 2950 2966 2965)
4(2965 2966 2982 2981)
4(2981 2982 2998 2997)
4(2997 2998 3014 3013)
4(3013 3014 3030 3029)
4(3029 3030 3046 3045)
4(3045 3046 3062 3061)
4(3061 3062 3078 3077)
4(3077 3078 3094 3093)
4(3093 3094 3110 3109)
4(3109 3110 3126 3125)
4(3125 3126 3142 3141)
4(3141 3142 3158 3157)
4(3157 3158 3174 3173)
4(3173 3174 3190 3189)
4(3189 3190 3207 3206)
4(3206 3207 3224 3223)
4(3223 3224 3241 3240)
4(3240 3241 3258 3257)
4(3257 3258 3275 3274)
4(3274 3275 479 478)
4(2870 2871 2887 2886)
4(2886 2887 2903 2902)
4(2902 2903 2919 2918)
4(2918 2919 2935 2934)
4(2934 2935 2951 2950)
4(2950 2951 2967 2966)
4(2966 2967 2983 2982)
4(2982 2983 2999 2998)
4(2998 2999 3015 3014)
4(3014 3015 3031 3030)
4(3030 3031 3047 3046)
4(3046 3047 3063 3062)
4(3062 3063 3079 3078)
4(3078 3079 3095 3094)
4(3094 3095 3111 3110)
4(3110 3111 3127 3126)
4(3126 3127 3143 3142)
4(3142 3143 3159 3158)
4(3158 3159 3175 3174)
4(3174 3175 3191 3190)
4(3190 3191 3208 3207)
4(3207 3208 3225 3224)
4(3224 3225 3242 3241)
4(3241 3242 3259 3258)
4(3258 3259 3276 3275)
4(3275 3276 480 479)
4(2871 2872 2888 2887)
4(2887 2888 2904 2903)
4(2903 2904 2920 2919)
4(2919 2920 2936 2935)
4(2935 2936 2952 2951)
4(2951 2952 2968 2967)
4(2967 2968 2984 2983)
4(2983 2984 3000 2999)
4(2999 3000 3016 3015)
4(3015 3016 3032 3031)
4(3031 3032 3048 3047)
4(3047 3048 3064 3063)
4(3063 3064 3080 3079)
4(3079 3080 3096 3095)
4(3095 3096 3112 3111)
4(3111 3112 3128 3127)
4(3127 3128 3144 3143)
4(3143 3144 3160 3159)
4(3159 3160 3176 3175)
4(3175 3176 3192 3191)
4(3191 3192 3209 3208)
4(3208 3209 3226 3225)
4(3225 3226 3243 3242)
4(3242 3243 3260 3259)
4(3259 3260 3277 3276)
4(3276 3277 481 480)
4(2872 2873 2889 2888)
4(2888 2889 2905 2904)
4(2904 2905 2921 2920)
4(2920 2921 2937 2936)
4(2936 2937 2953 2952)
4(2952 2953 2969 2968)
4(2968 2969 2985 2984)
4(2984 2985 3001 3000)
4(3000 3001 3017 3016)
4(3016 3017 3033 3032)
4(3032 3033 3049 3048)
4(3048 3049 3065 3064)
4(3064 3065 3081 3080)
4(3080 3081 3097 3096)
4(3096 3097 3113 3112)
4(3112 3113 3129 3128)
4(3128 3129 3145 3144)
4(3144 3145 3161 3160)
4(3160 3161 3177 3176)
4(3176 3177 3193 3192)
4(3192 3193 3210 3209)
4(3209 3210 3227 3226)
4(3226 3227 3244 3243)
4(3243 3244 3261 3260)
4(3260 3261 3278 3277)
4(3277 3278 482 481)
4(2873 2874 2890 2889)
4(2889 2890 2906 2905)
4(2905 2906 2922 2921)
4(2921 2922 2938 2937)
4(2937 2938 2954 2953)
4(2953 2954 2970 2969)
4(2969 2970 2986 2985)
4(2985 2986 3002 3001)
4(3001 3002 3018 3017)
4(3017 3018 3034 3033)
4(3033 3034 3050 3049)
4(3049 3050 3066 3065)
4(3065 3066 3082 3081)
4(3081 3082 3098 3097)
4(3097 3098 3114 3113)
4(3113 3114 3130 3129)
4(3129 3130 3146 3145)
4(3145 3146 3162 3161)
4(3161 3162 3178 3177)
4(3177 3178 3194 3193)
4(3193 3194 3211 3210)
4(3210 3211 3228 3227)
4(3227 3228 3245 3244)
4(3244 3245 3262 3261)
4(3261 3262 3279 3278)
4(3278 3279 483 482)
4(2874 2875 2891 2890)
4(2890 2891 2907 2906)
4(2906 2907 2923 2922)
4(2922 2923 2939 2938)
4(2938 2939 2955 2954)
4(2954 2955 2971 2970)
4(2970 2971 2987 2986)
4(2986 2987 3003 3002)
4(3002 3003 3019 3018)
4(3018 3019 3035 3034)
4(3034 3035 3051 3050)
4(3050 3051 3067 3066)
4(3066 3067 3083 3082)
4(3082 3083 3099 3098)
4(3098 3099 3115 3114)
4(3114 3115 3131 3130)
4(3130 3131 3147 3146)
4(3146 3147 3163 3162)
4(3162 3163 3179 3178)
4(3178 3179 3195 3194)
4(3194 3195 3212 3211)
4(3211 3212 3229 3228)
4(3228 3229 3246 3245)
4(3245 3246 3263 3262)
4(3262 3263 3280 3279)
4(3279 3280 484 483)
4(2875 2876 2892 2891)
4(2891 2892 2908 2907)
4(2907 2908 2924 2923)
4(2923 2924 2940 2939)
4(2939 2940 2956 2955)
4(2955 2956 2972 2971)
4(2971 2972 2988 2987)
4(2987 2988 3004 3003)
4(3003 3004 3020 3019)
4(3019 3020 3036 3035)
4(3035 3036 3052 3051)
4(3051 3052 3068 3067)
4(3067 3068 3084 3083)
4(3083 3084 3100 3099)
4(3099 3100 3116 3115)
4(3115 3116 3132 3131)
4(3131 3132 3148 3147)
4(3147 3148 3164 3163)
4(3163 3164 3180 3179)
4(3179 3180 3196 3195)
4(3195 3196 3213 3212)
4(3212 3213 3230 3229)
4(3229 3230 3247 3246)
4(3246 3247 3264 3263)
4(3263 3264 3281 3280)
4(3280 3281 485 484)
4(2876 2877 2893 2892)
4(2892 2893 2909 2908)
4(2908 2909 2925 2924)
4(2924 2925 2941 2940)
4(2940 2941 2957 2956)
4(2956 2957 2973 2972)
4(2972 2973 2989 2988)
4(2988 2989 3005 3004)
4(3004 3005 3021 3020)
4(3020 3021 3037 3036)
4(3036 3037 3053 3052)
4(3052 3053 3069 3068)
4(3068 3069 3085 3084)
4(3084 3085 3101 3100)
4(3100 3101 3117 3116)
4(3116 3117 3133 3132)
4(3132 3133 3149 3148)
4(3148 3149 3165 3164)
4(3164 3165 3181 3180)
4(3180 3181 3197 3196)
4(3196 3197 3214 3213)
4(3213 3214 3231 3230)
4(3230 3231 3248 3247)
4(3247 3248 3265 3264)
4(3264 3265 3282 3281)
4(3281 3282 486 485)
4(2877 2878 2894 2893)
4(2893 2894 2910 2909)
4(2909 2910 2926 2925)
4(2925 2926 2942 2941)
4(2941 2942 2958 2957)
4(2957 2958 2974 2973)
4(2973 2974 2990 2989)
4(2989 2990 3006 3005)
4(3005 3006 3022 3021)
4(3021 3022 3038 3037)
4(3037 3038 3054 3053)
4(3053 3054 3070 3069)
4(3069 3070 3086 3085)
4(3085 3086 3102 3101)
4(3101 3102 3118 3117)
4(3117 3118 3134 3133)
4(3133 3134 3150 3149)
4(3149 3150 3166 3165)
4(3165 3166 3182 3181)
4(3181 3182 3198 3197)
4(3197 3198 3215 3214)
4(3214 3215 3232 3231)
4(3231 3232 3249 3248)
4(3248 3249 3266 3265)
4(3265 3266 3283 3282)
4(3282 3283 487 486)
4(2878 2879 2895 2894)
4(2894 2895 2911 2910)
4(2910 2911 2927 2926)
4(2926 2927 2943 2942)
4(2942 2943 2959 2958)
4(2958 2959 2975 2974)
4(2974 2975 2991 2990)
4(2990 2991 3007 3006)
4(3006 3007 3023 3022)
4(3022 3023 3039 3038)
4(3038 3039 3055 3054)
4(3054 3055 3071 3070)
4(3070 3071 3087 3086)
4(3086 3087 3103 3102)
4(3102 3103 3119 3118)
4(3118 3119 3135 3134)
4(3134 3135 3151 3150)
4(3150 3151 3167 3166)
4(3166 3167 3183 3182)
4(3182 3183 3199 3198)
4(3198 3199 3216 3215)
4(3215 3216 3233 3232)
4(3232 3233 3250 3249)
4(3249 3250 3267 3266)
4(3266 3267 3284 3283)
4(3283 3284 488 487)
4(2879 2880 2896 2895)
4(2895 2896 2912 2911)
4(2911 2912 2928 2927)
4(2927 2928 2944 2943)
4(2943 2944 2960 2959)
4(2959 2960 2976 2975)
4(2975 2976 2992 2991)
4(2991 2992 3008 3007)
4(3007 3008 3024 3023)
4(3023 3024 3040 3039)
4(3039 3040 3056 3055)
4(3055 3056 3072 3071)
4(3071 3072 3088 3087)
4(3087 3088 3104 3103)
4(3103 3104 3120 3119)
4(3119 3120 3136 3135)
4(3135 3136 3152 3151)
4(3151 3152 3168 3167)
4(3167 3168 3184 3183)
4(3183 3184 3200 3199)
4(3199 3200 3217 3216)
4(3216 3217 3234 3233)
4(3233 3234 3251 3250)
4(3250 3251 3268 3267)
4(3267 3268 3285 3284)
4(3284 3285 489 488)
4(2880 2881 2897 2896)
4(2896 2897 2913 2912)
4(2912 2913 2929 2928)
4(2928 2929 2945 2944)
4(2944 2945 2961 2960)
4(2960 2961 2977 2976)
4(2976 2977 2993 2992)
4(2992 2993 3009 3008)
4(3008 3009 3025 3024)
4(3024 3025 3041 3040)
4(3040 3041 3057 3056)
4(3056 3057 3073 3072)
4(3072 3073 3089 3088)
4(3088 3089 3105 3104)
4(3104 3105 3121 3120)
4(3120 3121 3137 3136)
4(3136 3137 3153 3152)
4(3152 3153 3169 3168)
4(3168 3169 3185 3184)
4(3184 3185 3201 3200)
4(3200 3201 3218 3217)
4(3217 3218 3235 3234)
4(3234 3235 3252 3251)
4(3251 3252 3269 3268)
4(3268 3269 3286 3285)
4(3285 3286 490 489)
4(2881 2882 2898 2897)
4(2897 2898 2914 2913)
4(2913 2914 2930 2929)
4(2929 2930 2946 2945)
4(2945 2946 2962 2961)
4(2961 2962 2978 2977)
4(2977 2978 2994 2993)
4(2993 2994 3010 3009)
4(3009 3010 3026 3025)
4(3025 3026 3042 3041)
4(3041 3042 3058 3057)
4(3057 3058 3074 3073)
4(3073 3074 3090 3089)
4(3089 3090 3106 3105)
4(3105 3106 3122 3121)
4(3121 3122 3138 3137)
4(3137 3138 3154 3153)
4(3153 3154 3170 3169)
4(3169 3170 3186 3185)
4(3185 3186 3202 3201)
4(3201 3202 3219 3218)
4(3218 3219 3236 3235)
4(3235 3236 3253 3252)
4(3252 3253 3270 3269)
4(3269 3270 3287 3286)
4(3286 3287 491 490)
4(2882 2883 2899 2898)
4(2898 2899 2915 2914)
4(2914 2915 2931 2930)
4(2930 2931 2947 2946)
4(2946 2947 2963 2962)
4(2962 2963 2979 2978)
4(2978 2979 2995 2994)
4(2994 2995 3011 3010)
4(3010 3011 3027 3026)
4(3026 3027 3043 3042)
4(3042 3043 3059 3058)
4(3058 3059 3075 3074)
4(3074 3075 3091 3090)
4(3090 3091 3107 3106)
4(3106 3107 3123 3122)
4(3122 3123 3139 3138)
4(3138 3139 3155 3154)
4(3154 3155 3171 3170)
4(3170 3171 3187 3186)
4(3186 3187 3203 3202)
4(3202 3203 3220 3219)
4(3219 3220 3237 3236)
4(3236 3237 3254 3253)
4(3253 3254 3271 3270)
4(3270 3271 475 3287)
4(3287 475 492 491)
4(2883 2884 2900 2899)
4(2899 2900 2916 2915)
4(2915 2916 2932 2931)
4(2931 2932 2948 2947)
4(2947 2948 2964 2963)
4(2963 2964 2980 2979)
4(2979 2980 2996 2995)
4(2995 2996 3012 3011)
4(3011 3012 3028 3027)
4(3027 3028 3044 3043)
4(3043 3044 3060 3059)
4(3059 3060 3076 3075)
4(3075 3076 3092 3091)
4(3091 3092 3108 3107)
4(3107 3108 3124 3123)
4(3123 3124 3140 3139)
4(3139 3140 3156 3155)
4(3155 3156 3172 3171)
4(3171 3172 3188 3187)
4(3187 3188 3204 3203)
4(3203 3204 3221 3220)
4(3220 3221 3238 3237)
4(3237 3238 3255 3254)
4(3254 3255 3272 3271)
4(3271 3272 476 475)
4(2884 777 776 2900)
4(2900 776 778 2916)
4(2916 778 779 2932)
4(2932 779 780 2948)
4(2948 780 781 2964)
4(2964 781 782 2980)
4(2980 782 783 2996)
4(2996 783 784 3012)
4(3012 784 785 3028)
4(3028 785 786 3044)
4(3044 786 787 3060)
4(3060 787 788 3076)
4(3076 788 789 3092)
4(3092 789 790 3108)
4(3108 790 791 3124)
4(3124 791 792 3140)
4(3140 792 793 3156)
4(3156 793 794 3172)
4(3172 794 795 3188)
4(3188 795 3205 3204)
4(3204 3205 3222 3221)
4(3221 3222 3239 3238)
4(3238 3239 3256 3255)
4(3255 3256 3273 3272)
4(3272 3273 477 476)
4(795 796 797 3205)
4(3205 797 798 3222)
4(3222 798 799 3239)
4(3239 799 800 3256)
4(3256 800 801 3273)
4(3273 801 88 477)
4(777 5240 5256 776)
4(776 5256 5272 778)
4(778 5272 5288 779)
4(779 5288 5304 780)
4(780 5304 5320 781)
4(781 5320 5336 782)
4(782 5336 5352 783)
4(783 5352 5368 784)
4(784 5368 5384 785)
4(785 5384 5400 786)
4(786 5400 5416 787)
4(787 5416 5432 788)
4(788 5432 5448 789)
4(789 5448 5464 790)
4(790 5464 5480 791)
4(791 5480 5496 792)
4(792 5496 5512 793)
4(793 5512 5528 794)
4(794 5528 796 795)
4(5240 5241 5257 5256)
4(5256 5257 5273 5272)
4(5272 5273 5289 5288)
4(5288 5289 5305 5304)
4(5304 5305 5321 5320)
4(5320 5321 5337 5336)
4(5336 5337 5353 5352)
4(5352 5353 5369 5368)
4(5368 5369 5385 5384)
4(5384 5385 5401 5400)
4(5400 5401 5417 5416)
4(5416 5417 5433 5432)
4(5432 5433 5449 5448)
4(5448 5449 5465 5464)
4(5464 5465 5481 5480)
4(5480 5481 5497 5496)
4(5496 5497 5513 5512)
4(5512 5513 5529 5528)
4(5528 5529 5544 796)
4(796 5544 5559 797)
4(797 5559 5574 798)
4(798 5574 5589 799)
4(799 5589 5604 800)
4(800 5604 5619 801)
4(801 5619 89 88)
4(5241 5242 5258 5257)
4(5257 5258 5274 5273)
4(5273 5274 5290 5289)
4(5289 5290 5306 5305)
4(5305 5306 5322 5321)
4(5321 5322 5338 5337)
4(5337 5338 5354 5353)
4(5353 5354 5370 5369)
4(5369 5370 5386 5385)
4(5385 5386 5402 5401)
4(5401 5402 5418 5417)
4(5417 5418 5434 5433)
4(5433 5434 5450 5449)
4(5449 5450 5466 5465)
4(5465 5466 5482 5481)
4(5481 5482 5498 5497)
4(5497 5498 5514 5513)
4(5513 5514 5530 5529)
4(5529 5530 5545 5544)
4(5544 5545 5560 5559)
4(5559 5560 5575 5574)
4(5574 5575 5590 5589)
4(5589 5590 5605 5604)
4(5604 5605 5620 5619)
4(5619 5620 90 89)
4(5242 5243 5259 5258)
4(5258 5259 5275 5274)
4(5274 5275 5291 5290)
4(5290 5291 5307 5306)
4(5306 5307 5323 5322)
4(5322 5323 5339 5338)
4(5338 5339 5355 5354)
4(5354 5355 5371 5370)
4(5370 5371 5387 5386)
4(5386 5387 5403 5402)
4(5402 5403 5419 5418)
4(5418 5419 5435 5434)
4(5434 5435 5451 5450)
4(5450 5451 5467 5466)
4(5466 5467 5483 5482)
4(5482 5483 5499 5498)
4(5498 5499 5515 5514)
4(5514 5515 5531 5530)
4(5530 5531 5546 5545)
4(5545 5546 5561 5560)
4(5560 5561 5576 5575)
4(5575 5576 5591 5590)
4(5590 5591 5606 5605)
4(5605 5606 5621 5620)
4(5620 5621 91 90)
4(5243 5244 5260 5259)
4(5259 5260 5276 5275)
4(5275 5276 5292 5291)
4(5291 5292 5308 5307)
4(5307 5308 5324 5323)
4(5323 5324 5340 5339)
4(5339 5340 5356 5355)
4(5355 5356 5372 5371)
4(5371 5372 5388 5387)
4(5387 5388 5404 5403)
4(5403 5404 5420 5419)
4(5419 5420 5436 5435)
4(5435 5436 5452 5451)
4(5451 5452 5468 5467)
4(5467 5468 5484 5483)
4(5483 5484 5500 5499)
4(5499 5500 5516 5515)
4(5515 5516 5532 5531)
4(5531 5532 5547 5546)
4(5546 5547 5562 5561)
4(5561 5562 5577 5576)
4(5576 5577 5592 5591)
4(5591 5592 5607 5606)
4(5606 5607 5622 5621)
4(5621 5622 92 91)
4(5244 5245 5261 5260)
4(5260 5261 5277 5276)
4(5276 5277 5293 5292)
4(5292 5293 5309 5308)
4(5308 5309 5325 5324)
4(5324 5325 5341 5340)
4(5340 5341 5357 5356)
4(5356 5357 5373 5372)
4(5372 5373 5389 5388)
4(5388 5389 5405 5404)
4(5404 5405 5421 5420)
4(5420 5421 5437 5436)
4(5436 5437 5453 5452)
4(5452 5453 5469 5468)
4(5468 5469 5485 5484)
4(5484 5485 5501 5500)
4(5500 5501 5517 5516)
4(5516 5517 5533 5532)
4(5532 5533 5548 5547)
4(5547 5548 5563 5562)
4(5562 5563 5578 5577)
4(5577 5578 5593 5592)
4(5592 5593 5608 5607)
4(5607 5608 5623 5622)
4(5622 5623 93 92)
4(5245 5246 5262 5261)
4(5261 5262 5278 5277)
4(5277 5278 5294 5293)
4(5293 5294 5310 5309)
4(5309 5310 5326 5325)
4(5325 5326 5342 5341)
4(5341 5342 5358 5357)
4(5357 5358 5374 5373)
4(5373 5374 5390 5389)
4(5389 5390 5406 5405)
4(5405 5406 5422 5421)
4(5421 5422 5438 5437)
4(5437 5438 5454 5453)
4(5453 5454 5470 5469)
4(5469 5470 5486 5485)
4(5485 5486 5502 5501)
4(5501 5502 5518 5517)
4(5517 5518 5534 5533)
4(5533 5534 5549 5548)
4(5548 5549 5564 5563)
4(5563 5564 5579 5578)
4(5578 5579 5594 5593)
4(5593 5594 5609 5608)
4(5608 5609 5624 5623)
4(5623 5624 94 93)
4(5246 5247 5263 5262)
4(5262 5263 5279 5278)
4(5278 5279 5295 5294)
4(5294 5295 5311 5310)
4(5310 5311 5327 5326)
4(5326 5327 5343 5342)
4(5342 5343 5359 5358)
4(5358 5359 5375 5374)
4(5374 5375 5391 5390)
4(5390 5391 5407 5406)
4(5406 5407 5423 5422)
4(5422 5423 5439 5438)
4(5438 5439 5455 5454)
4(5454 5455 5471 5470)
4(5470 5471 5487 5486)
4(5486 5487 5503 5502)
4(5502 5503 5519 5518)
4(5518 5519 5535 5534)
4(5534 5535 5550 5549)
4(5549 5550 5565 5564)
4(5564 5565 5580 5579)
4(5579 5580 5595 5594)
4(5594 5595 5610 5609)
4(5609 5610 5625 5624)
4(5624 5625 95 94)
4(5247 5248 5264 5263)
4(5263 5264 5280 5279)
4(5279 5280 5296 5295)
4(5295 5296 5312 5311)
4(5311 5312 5328 5327)
4(5327 5328 5344 5343)
4(5343 5344 5360 5359)
4(5359 5360 5376 5375)
4(5375 5376 5392 5391)
4(5391 5392 5408 5407)
4(5407 5408 5424 5423)
4(5423 5424 5440 5439)
4(5439 5440 5456 5455)
4(5455 5456 5472 5471)
4(5471 5472 5488 5487)
4(5487 5488 5504 5503)
4(5503 5504 5520 5519)
4(5519 5520 5536 5535)
4(5535 5536 5551 5550)
4(5550 5551 5566 5565)
4(5565 5566 5581 5580)
4(5580 5581 5596 5595)
4(5595 5596 5611 5610)
4(5610 5611 5626 5625)
4(5625 5626 96 95)
4(5248 5249 5265 5264)
4(5264 5265 5281 5280)
4(5280 5281 5297 5296)
4(5296 5297 5313 5312)
4(5312 5313 5329 5328)
4(5328 5329 5345 5344)
4(5344 5345 5361 5360)
4(5360 5361 5377 5376)
4(5376 5377 5393 5392)
4(5392 5393 5409 5408)
4(5408 5409 5425 5424)
4(5424 5425 5441 5440)
4(5440 5441 5457 5456)
4(5456 5457 5473 5472)
4(5472 5473 5489 5488)
4(5488 5489 5505 5504)
4(5504 5505 5521 5520)
4(5520 5521 5537 5536)
4(5536 5537 5552 5551)
4(5551 5552 5567 5566)
4(5566 5567 5582 5581)
4(5581 5582 5597 5596)
4(5596 5597 5612 5611)
4(5611 5612 5627 5626)
4(5626 5627 97 96)
4(5249 5250 5266 5265)
4(5265 5266 5282 5281)
4(5281 5282 5298 5297)
4(5297 5298 5314 5313)
4(5313 5314 5330 5329)
4(5329 5330 5346 5345)
4(5345 5346 5362 5361)
4(5361 5362 5378 5377)
4(5377 5378 5394 5393)
4(5393 5394 5410 5409)
4(5409 5410 5426 5425)
4(5425 5426 5442 5441)
4(5441 5442 5458 5457)
4(5457 5458 5474 5473)
4(5473 5474 5490 5489)
4(5489 5490 5506 5505)
4(5505 5506 5522 5521)
4(5521 5522 5538 5537)
4(5537 5538 5553 5552)
4(5552 5553 5568 5567)
4(5567 5568 5583 5582)
4(5582 5583 5598 5597)
4(5597 5598 5613 5612)
4(5612 5613 5628 5627)
4(5627 5628 98 97)
4(5250 5251 5267 5266)
4(5266 5267 5283 5282)
4(5282 5283 5299 5298)
4(5298 5299 5315 5314)
4(5314 5315 5331 5330)
4(5330 5331 5347 5346)
4(5346 5347 5363 5362)
4(5362 5363 5379 5378)
4(5378 5379 5395 5394)
4(5394 5395 5411 5410)
4(5410 5411 5427 5426)
4(5426 5427 5443 5442)
4(5442 5443 5459 5458)
4(5458 5459 5475 5474)
4(5474 5475 5491 5490)
4(5490 5491 5507 5506)
4(5506 5507 5523 5522)
4(5522 5523 5539 5538)
4(5538 5539 5554 5553)
4(5553 5554 5569 5568)
4(5568 5569 5584 5583)
4(5583 5584 5599 5598)
4(5598 5599 5614 5613)
4(5613 5614 5629 5628)
4(5628 5629 99 98)
4(5251 5252 5268 5267)
4(5267 5268 5284 5283)
4(5283 5284 5300 5299)
4(5299 5300 5316 5315)
4(5315 5316 5332 5331)
4(5331 5332 5348 5347)
4(5347 5348 5364 5363)
4(5363 5364 5380 5379)
4(5379 5380 5396 5395)
4(5395 5396 5412 5411)
4(5411 5412 5428 5427)
4(5427 5428 5444 5443)
4(5443 5444 5460 5459)
4(5459 5460 5476 5475)
4(5475 5476 5492 5491)
4(5491 5492 5508 5507)
4(5507 5508 5524 5523)
4(5523 5524 5540 5539)
4(5539 5540 5555 5554)
4(5554 5555 5570 5569)
4(5569 5570 5585 5584)
4(5584 5585 5600 5599)
4(5599 5600 5615 5614)
4(5614 5615 5630 5629)
4(5629 5630 100 99)
4(5252 5253 5269 5268)
4(5268 5269 5285 5284)
4(5284 5285 5301 5300)
4(5300 5301 5317 5316)
4(5316 5317 5333 5332)
4(5332 5333 5349 5348)
4(5348 5349 5365 5364)
4(5364 5365 5381 5380)
4(5380 5381 5397 5396)
4(5396 5397 5413 5412)
4(5412 5413 5429 5428)
4(5428 5429 5445 5444)
4(5444 5445 5461 5460)
4(5460 5461 5477 5476)
4(5476 5477 5493 5492)
4(5492 5493 5509 5508)
4(5508 5509 5525 5524)
4(5524 5525 5541 5540)
4(5540 5541 5556 5555)
4(5555 5556 5571 5570)
4(5570 5571 5586 5585)
4(5585 5586 5601 5600)
4(5600 5601 5616 5615)
4(5615 5616 5631 5630)
4(5630 5631 101 100)
4(5253 5254 5270 5269)
4(5269 5270 5286 5285)
4(5285 5286 5302 5301)
4(5301 5302 5318 5317)
4(5317 5318 5334 5333)
4(5333 5334 5350 5349)
4(5349 5350 5366 5365)
4(5365 5366 5382 5381)
4(5381 5382 5398 5397)
4(5397 5398 5414 5413)
4(5413 5414 5430 5429)
4(5429 5430 5446 5445)
4(5445 5446 5462 5461)
4(5461 5462 5478 5477)
4(5477 5478 5494 5493)
4(5493 5494 5510 5509)
4(5509 5510 5526 5525)
4(5525 5526 5542 5541)
4(5541 5542 5557 5556)
4(5556 5557 5572 5571)
4(5571 5572 5587 5586)
4(5586 5587 5602 5601)
4(5601 5602 5617 5616)
4(5616 5617 5632 5631)
4(5631 5632 102 101)
4(5254 5255 5271 5270)
4(5270 5271 5287 5286)
4(5286 5287 5303 5302)
4(5302 5303 5319 5318)
4(5318 5319 5335 5334)
4(5334 5335 5351 5350)
4(5350 5351 5367 5366)
4(5366 5367 5383 5382)
4(5382 5383 5399 5398)
4(5398 5399 5415 5414)
4(5414 5415 5431 5430)
4(5430 5431 5447 5446)
4(5446 5447 5463 5462)
4(5462 5463 5479 5478)
4(5478 5479 5495 5494)
4(5494 5495 5511 5510)
4(5510 5511 5527 5526)
4(5526 5527 5543 5542)
4(5542 5543 5558 5557)
4(5557 5558 5573 5572)
4(5572 5573 5588 5587)
4(5587 5588 5603 5602)
4(5602 5603 5618 5617)
4(5617 5618 5633 5632)
4(5632 5633 103 102)
4(5255 617 616 5271)
4(5271 616 618 5287)
4(5287 618 619 5303)
4(5303 619 620 5319)
4(5319 620 621 5335)
4(5335 621 622 5351)
4(5351 622 623 5367)
4(5367 623 624 5383)
4(5383 624 625 5399)
4(5399 625 626 5415)
4(5415 626 627 5431)
4(5431 627 628 5447)
4(5447 628 629 5463)
4(5463 629 630 5479)
4(5479 630 631 5495)
4(5495 631 632 5511)
4(5511 632 633 5527)
4(5527 633 634 5543)
4(5543 634 635 5558)
4(5558 635 636 5573)
4(5573 636 637 5588)
4(5588 637 638 5603)
4(5603 638 639 5618)
4(5618 639 640 5633)
4(5633 640 104 103)
4(617 7703 7720 616)
4(616 7720 7737 618)
4(618 7737 7754 619)
4(619 7754 7771 620)
4(620 7771 7788 621)
4(621 7788 7805 622)
4(622 7805 7822 623)
4(623 7822 7839 624)
4(624 7839 7856 625)
4(625 7856 7873 626)
4(626 7873 7890 627)
4(627 7890 7907 628)
4(628 7907 7924 629)
4(629 7924 7941 630)
4(630 7941 7958 631)
4(631 7958 7975 632)
4(632 7975 7992 633)
4(633 7992 8009 634)
4(634 8009 8026 635)
4(635 8026 8043 636)
4(636 8043 8060 637)
4(637 8060 8077 638)
4(638 8077 8094 639)
4(639 8094 8111 640)
4(640 8111 210 104)
4(7703 7704 7721 7720)
4(7720 7721 7738 7737)
4(7737 7738 7755 7754)
4(7754 7755 7772 7771)
4(7771 7772 7789 7788)
4(7788 7789 7806 7805)
4(7805 7806 7823 7822)
4(7822 7823 7840 7839)
4(7839 7840 7857 7856)
4(7856 7857 7874 7873)
4(7873 7874 7891 7890)
4(7890 7891 7908 7907)
4(7907 7908 7925 7924)
4(7924 7925 7942 7941)
4(7941 7942 7959 7958)
4(7958 7959 7976 7975)
4(7975 7976 7993 7992)
4(7992 7993 8010 8009)
4(8009 8010 8027 8026)
4(8026 8027 8044 8043)
4(8043 8044 8061 8060)
4(8060 8061 8078 8077)
4(8077 8078 8095 8094)
4(8094 8095 8112 8111)
4(8111 8112 211 210)
4(7704 7705 7722 7721)
4(7721 7722 7739 7738)
4(7738 7739 7756 7755)
4(7755 7756 7773 7772)
4(7772 7773 7790 7789)
4(7789 7790 7807 7806)
4(7806 7807 7824 7823)
4(7823 7824 7841 7840)
4(7840 7841 7858 7857)
4(7857 7858 7875 7874)
4(7874 7875 7892 7891)
4(7891 7892 7909 7908)
4(7908 7909 7926 7925)
4(7925 7926 7943 7942)
4(7942 7943 7960 7959)
4(7959 7960 7977 7976)
4(7976 7977 7994 7993)
4(7993 7994 8011 8010)
4(8010 8011 8028 8027)
4(8027 8028 8045 8044)
4(8044 8045 8062 8061)
4(8061 8062 8079 8078)
4(8078 8079 8096 8095)
4(8095 8096 8113 8112)
4(8112 8113 212 211)
4(7705 7706 7723 7722)
4(7722 7723 7740 7739)
4(7739 7740 7757 7756)
4(7756 7757 7774 7773)
4(7773 7774 7791 7790)
4(7790 7791 7808 7807)
4(7807 7808 7825 7824)
4(7824 7825 7842 7841)
4(7841 7842 7859 7858)
4(7858 7859 7876 7875)
4(7875 7876 7893 7892)
4(7892 7893 7910 7909)
4(7909 7910 7927 7926)
4(7926 7927 7944 7943)
4(7943 7944 7961 7960)
4(7960 7961 7978 7977)
4(7977 7978 7995 7994)
4(7994 7995 8012 8011)
4(8011 8012 8029 8028)
4(8028 8029 8046 8045)
4(8045 8046 8063 8062)
4(8062 8063 8080 8079)
4(8079 8080 8097 8096)
4(8096 8097 8114 8113)
4(8113 8114 213 212)
4(7706 7707 7724 7723)
4(7723 7724 7741 7740)
4(7740 7741 7758 7757)
4(7757 7758 7775 7774)
4(7774 7775 7792 7791)
4(7791 7792 7809 7808)
4(7808 7809 7826 7825)
4(7825 7826 7843 7842)
4(7842 7843 7860 7859)
4(7859 7860 7877 7876)
4(7876 7877 7894 7893)
4(7893 7894 7911 7910)
4(7910 7911 7928 7927)
4(7927 7928 7945 7944)
4(7944 7945 7962 7961)
4(7961 7962 7979 7978)
4(7978 7979 7996 7995)
4(7995 7996 8013 8012)
4(8012 8013 8030 8029)
4(8029 8030 8047 8046)
4(8046 8047 8064 8063)
4(8063 8064 8081 8080)
4(8080 8081 8098 8097)
4(8097 8098 8115 8114)
4(8114 8115 214 213)
4(7707 7708 7725 7724)
4(7724 7725 7742 7741)
4(7741 7742 7759 7758)
4(7758 7759 7776 7775)
4(7775 7776 7793 7792)
4(7792 7793 7810 7809)
4(7809 7810 7827 7826)
4(7826 7827 7844 7843)
4(7843 7844 7861 7860)
4(7860 7861 7878 7877)
4(7877 7878 7895 7894)
4(7894 7895 7912 7911)
4(7911 7912 7929 7928)
4(7928 7929 7946 7945)
4(7945 7946 7963 7962)
4(7962 7963 7980 7979)
4(7979 7980 7997 7996)
4(7996 7997 8014 8013)
4(8013 8014 8031 8030)
4(8030 8031 8048 8047)
4(8047 8048 8065 8064)
4(8064 8065 8082 8081)
4(8081 8082 8099 8098)
4(8098 8099 8116 8115)
4(8115 8116 215 214)
4(7708 7709 7726 7725)
4(7725 7726 7743 7742)
4(7742 7743 7760 7759)
4(7759 7760 7777 7776)
4(7776 7777 7794 7793)
4(7793 7794 7811 7810)
4(7810 7811 7828 7827)
4(7827 7828 7845 7844)
4(7844 7845 7862 7861)
4(7861 7862 7879 7878)
4(7878 7879 7896 7895)
4(7895 7896 7913 7912)
4(7912 7913 7930 7929)
4(7929 7930 7947 7946)
4(7946 7947 7964 7963)
4(7963 7964 7981 7980)
4(7980 7981 7998 7997)
4(7997 7998 8015 8014)
4(8014 8015 8032 8031)
4(8031 8032 8049 8048)
4(8048 8049 8066 8065)
4(8065 8066 8083 8082)
4(8082 8083 8100 8099)
4(8099 8100 8117 8116)
4(8116 8117 216 215)
4(7709 7710 7727 7726)
4(7726 7727 7744 7743)
4(7743 7744 7761 7760)
4(7760 7761 7778 7777)
4(7777 7778 7795 7794)
4(7794 7795 7812 7811)
4(7811 7812 7829 7828)
4(7828 7829 7846 7845)
4(7845 7846 7863 7862)
4(7862 7863 7880 7879)
4(7879 7880 7897 7896)
4(7896 7897 7914 7913)
4(7913 7914 7931 7930)
4(7930 7931 7948 7947)
4(7947 7948 7965 7964)
4(7964 7965 7982 7981)
4(7981 7982 7999 7998)
4(7998 7999 8016 8015)
4(8015 8016 8033 8032)
4(8032 8033 8050 8049)
4(8049 8050 8067 8066)
4(8066 8067 8084 8083)
4(8083 8084 8101 8100)
4(8100 8101 8118 8117)
4(8117 8118 217 216)
4(7710 7711 7728 7727)
4(7727 7728 7745 7744)
4(7744 7745 7762 7761)
4(7761 7762 7779 7778)
4(7778 7779 7796 7795)
4(7795 7796 7813 7812)
4(7812 7813 7830 7829)
4(7829 7830 7847 7846)
4(7846 7847 7864 7863)
4(7863 7864 7881 7880)
4(7880 7881 7898 7897)
4(7897 7898 7915 7914)
4(7914 7915 7932 7931)
4(7931 7932 7949 7948)
4(7948 7949 7966 7965)
4(7965 7966 7983 7982)
4(7982 7983 8000 7999)
4(7999 8000 8017 8016)
4(8016 8017 8034 8033)
4(8033 8034 8051 8050)
4(8050 8051 8068 8067)
4(8067 8068 8085 8084)
4(8084 8085 8102 8101)
4(8101 8102 8119 8118)
4(8118 8119 218 217)
4(7711 7712 7729 7728)
4(7728 7729 7746 7745)
4(7745 7746 7763 7762)
4(7762 7763 7780 7779)
4(7779 7780 7797 7796)
4(7796 7797 7814 7813)
4(7813 7814 7831 7830)
4(7830 7831 7848 7847)
4(7847 7848 7865 7864)
4(7864 7865 7882 7881)
4(7881 7882 7899 7898)
4(7898 7899 7916 7915)
4(7915 7916 7933 7932)
4(7932 7933 7950 7949)
4(7949 7950 7967 7966)
4(7966 7967 7984 7983)
4(7983 7984 8001 8000)
4(8000 8001 8018 8017)
4(8017 8018 8035 8034)
4(8034 8035 8052 8051)
4(8051 8052 8069 8068)
4(8068 8069 8086 8085)
4(8085 8086 8103 8102)
4(8102 8103 8120 8119)
4(8119 8120 219 218)
4(7712 7713 7730 7729)
4(7729 7730 7747 7746)
4(7746 7747 7764 7763)
4(7763 7764 7781 7780)
4(7780 7781 7798 7797)
4(7797 7798 7815 7814)
4(7814 7815 7832 7831)
4(7831 7832 7849 7848)
4(7848 7849 7866 7865)
4(7865 7866 7883 7882)
4(7882 7883 7900 7899)
4(7899 7900 7917 7916)
4(7916 7917 7934 7933)
4(7933 7934 7951 7950)
4(7950 7951 7968 7967)
4(7967 7968 7985 7984)
4(7984 7985 8002 8001)
4(8001 8002 8019 8018)
4(8018 8019 8036 8035)
4(8035 8036 8053 8052)
4(8052 8053 8070 8069)
4(8069 8070 8087 8086)
4(8086 8087 8104 8103)
4(8103 8104 8121 8120)
4(8120 8121 220 219)
4(7713 7714 7731 7730)
4(7730 7731 7748 7747)
4(7747 7748 7765 7764)
4(7764 7765 7782 7781)
4(7781 7782 7799 7798)
4(7798 7799 7816 7815)
4(7815 7816 7833 7832)
4(7832 7833 7850 7849)
4(7849 7850 7867 7866)
4(7866 7867 7884 7883)
4(7883 7884 7901 7900)
4(7900 7901 7918 7917)
4(7917 7918 7935 7934)
4(7934 7935 7952 7951)
4(7951 7952 7969 7968)
4(7968 7969 7986 7985)
4(7985 7986 8003 8002)
4(8002 8003 8020 8019)
4(8019 8020 8037 8036)
4(8036 8037 8054 8053)
4(8053 8054 8071 8070)
4(8070 8071 8088 8087)
4(8087 8088 8105 8104)
4(8104 8105 8122 8121)
4(8121 8122 221 220)
4(7714 7715 7732 7731)
4(7731 7732 7749 7748)
4(7748 7749 7766 7765)
4(7765 7766 7783 7782)
4(7782 7783 7800 7799)
4(7799 7800 7817 7816)
4(7816 7817 7834 7833)
4(7833 7834 7851 7850)
4(7850 7851 7868 7867)
4(7867 7868 7885 7884)
4(7884 7885 7902 7901)
4(7901 7902 7919 7918)
4(7918 7919 7936 7935)
4(7935 7936 7953 7952)
4(7952 7953 7970 7969)
4(7969 7970 7987 7986)
4(7986 7987 8004 8003)
4(8003 8004 8021 8020)
4(8020 8021 8038 8037)
4(8037 8038 8055 8054)
4(8054 8055 8072 8071)
4(8071 8072 8089 8088)
4(8088 8089 8106 8105)
4(8105 8106 8123 8122)
4(8122 8123 222 221)
4(7715 7716 7733 7732)
4(7732 7733 7750 7749)
4(7749 7750 7767 7766)
4(7766 7767 7784 7783)
4(7783 7784 7801 7800)
4(7800 7801 7818 7817)
4(7817 7818 7835 7834)
4(7834 7835 7852 7851)
4(7851 7852 7869 7868)
4(7868 7869 7886 7885)
4(7885 7886 7903 7902)
4(7902 7903 7920 7919)
4(7919 7920 7937 7936)
4(7936 7937 7954 7953)
4(7953 7954 7971 7970)
4(7970 7971 7988 7987)
4(7987 7988 8005 8004)
4(8004 8005 8022 8021)
4(8021 8022 8039 8038)
4(8038 8039 8056 8055)
4(8055 8056 8073 8072)
4(8072 8073 8090 8089)
4(8089 8090 8107 8106)
4(8106 8107 206 8123)
4(8123 206 223 222)
4(7716 7717 7734 7733)
4(7733 7734 7751 7750)
4(7750 7751 7768 7767)
4(7767 7768 7785 7784)
4(7784 7785 7802 7801)
4(7801 7802 7819 7818)
4(7818 7819 7836 7835)
4(7835 7836 7853 7852)
4(7852 7853 7870 7869)
4(7869 7870 7887 7886)
4(7886 7887 7904 7903)
4(7903 7904 7921 7920)
4(7920 7921 7938 7937)
4(7937 7938 7955 7954)
4(7954 7955 7972 7971)
4(7971 7972 7989 7988)
4(7988 7989 8006 8005)
4(8005 8006 8023 8022)
4(8022 8023 8040 8039)
4(8039 8040 8057 8056)
4(8056 8057 8074 8073)
4(8073 8074 8091 8090)
4(8090 8091 8108 8107)
4(8107 8108 207 206)
4(7717 7718 7735 7734)
4(7734 7735 7752 7751)
4(7751 7752 7769 7768)
4(7768 7769 7786 7785)
4(7785 7786 7803 7802)
4(7802 7803 7820 7819)
4(7819 7820 7837 7836)
4(7836 7837 7854 7853)
4(7853 7854 7871 7870)
4(7870 7871 7888 7887)
4(7887 7888 7905 7904)
4(7904 7905 7922 7921)
4(7921 7922 7939 7938)
4(7938 7939 7956 7955)
4(7955 7956 7973 7972)
4(7972 7973 7990 7989)
4(7989 7990 8007 8006)
4(8006 8007 8024 8023)
4(8023 8024 8041 8040)
4(8040 8041 8058 8057)
4(8057 8058 8075 8074)
4(8074 8075 8092 8091)
4(8091 8092 8109 8108)
4(8108 8109 208 207)
4(7718 7719 7736 7735)
4(7735 7736 7753 7752)
4(7752 7753 7770 7769)
4(7769 7770 7787 7786)
4(7786 7787 7804 7803)
4(7803 7804 7821 7820)
4(7820 7821 7838 7837)
4(7837 7838 7855 7854)
4(7854 7855 7872 7871)
4(7871 7872 7889 7888)
4(7888 7889 7906 7905)
4(7905 7906 7923 7922)
4(7922 7923 7940 7939)
4(7939 7940 7957 7956)
4(7956 7957 7974 7973)
4(7973 7974 7991 7990)
4(7990 7991 8008 8007)
4(8007 8008 8025 8024)
4(8024 8025 8042 8041)
4(8041 8042 8059 8058)
4(8058 8059 8076 8075)
4(8075 8076 8093 8092)
4(8092 8093 8110 8109)
4(8109 8110 209 208)
4(478 479 10205 10204)
4(10204 10205 10222 10221)
4(10221 10222 10239 10238)
4(10238 10239 10256 10255)
4(10255 10256 10273 10272)
4(10272 10273 10290 10289)
4(10289 10290 10307 10306)
4(10306 10307 10324 10323)
4(10323 10324 10341 10340)
4(10340 10341 10358 10357)
4(10357 10358 10375 10374)
4(10374 10375 10392 10391)
4(10391 10392 10409 10408)
4(10408 10409 10426 10425)
4(10425 10426 10443 10442)
4(10442 10443 10460 10459)
4(10459 10460 10477 10476)
4(10476 10477 10494 10493)
4(10493 10494 10511 10510)
4(10510 10511 10528 10527)
4(10527 10528 10545 10544)
4(10544 10545 10562 10561)
4(10561 10562 10579 10578)
4(10578 10579 10596 10595)
4(479 480 10206 10205)
4(10205 10206 10223 10222)
4(10222 10223 10240 10239)
4(10239 10240 10257 10256)
4(10256 10257 10274 10273)
4(10273 10274 10291 10290)
4(10290 10291 10308 10307)
4(10307 10308 10325 10324)
4(10324 10325 10342 10341)
4(10341 10342 10359 10358)
4(10358 10359 10376 10375)
4(10375 10376 10393 10392)
4(10392 10393 10410 10409)
4(10409 10410 10427 10426)
4(10426 10427 10444 10443)
4(10443 10444 10461 10460)
4(10460 10461 10478 10477)
4(10477 10478 10495 10494)
4(10494 10495 10512 10511)
4(10511 10512 10529 10528)
4(10528 10529 10546 10545)
4(10545 10546 10563 10562)
4(10562 10563 10580 10579)
4(10579 10580 10597 10596)
4(480 481 10207 10206)
4(10206 10207 10224 10223)
4(10223 10224 10241 10240)
4(10240 10241 10258 10257)
4(10257 10258 10275 10274)
4(10274 10275 10292 10291)
4(10291 10292 10309 10308)
4(10308 10309 10326 10325)
4(10325 10326 10343 10342)
4(10342 10343 10360 10359)
4(10359 10360 10377 10376)
4(10376 10377 10394 10393)
4(10393 10394 10411 10410)
4(10410 10411 10428 10427)
4(10427 10428 10445 10444)
4(10444 10445 10462 10461)
4(10461 10462 10479 10478)
4(10478 10479 10496 10495)
4(10495 10496 10513 10512)
4(10512 10513 10530 10529)
4(10529 10530 10547 10546)
4(10546 10547 10564 10563)
4(10563 10564 10581 10580)
4(10580 10581 10598 10597)
4(481 482 10208 10207)
4(10207 10208 10225 10224)
4(10224 10225 10242 10241)
4(10241 10242 10259 10258)
4(10258 10259 10276 10275)
4(10275 10276 10293 10292)
4(10292 10293 10310 10309)
4(10309 10310 10327 10326)
4(10326 10327 10344 10343)
4(10343 10344 10361 10360)
4(10360 10361 10378 10377)
4(10377 10378 10395 10394)
4(10394 10395 10412 10411)
4(10411 10412 10429 10428)
4(10428 10429 10446 10445)
4(10445 10446 10463 10462)
4(10462 10463 10480 10479)
4(10479 10480 10497 10496)
4(10496 10497 10514 10513)
4(10513 10514 10531 10530)
4(10530 10531 10548 10547)
4(10547 10548 10565 10564)
4(10564 10565 10582 10581)
4(10581 10582 10599 10598)
4(482 483 10209 10208)
4(10208 10209 10226 10225)
4(10225 10226 10243 10242)
4(10242 10243 10260 10259)
4(10259 10260 10277 10276)
4(10276 10277 10294 10293)
4(10293 10294 10311 10310)
4(10310 10311 10328 10327)
4(10327 10328 10345 10344)
4(10344 10345 10362 10361)
4(10361 10362 10379 10378)
4(10378 10379 10396 10395)
4(10395 10396 10413 10412)
4(10412 10413 10430 10429)
4(10429 10430 10447 10446)
4(10446 10447 10464 10463)
4(10463 10464 10481 10480)
4(10480 10481 10498 10497)
4(10497 10498 10515 10514)
4(10514 10515 10532 10531)
4(10531 10532 10549 10548)
4(10548 10549 10566 10565)
4(10565 10566 10583 10582)
4(10582 10583 10600 10599)
4(483 484 10210 10209)
4(10209 10210 10227 10226)
4(10226 10227 10244 10243)
4(10243 10244 10261 10260)
4(10260 10261 10278 10277)
4(10277 10278 10295 10294)
4(10294 10295 10312 10311)
4(10311 10312 10329 10328)
4(10328 10329 10346 10345)
4(10345 10346 10363 10362)
4(10362 10363 10380 10379)
4(10379 10380 10397 10396)
4(10396 10397 10414 10413)
4(10413 10414 10431 10430)
4(10430 10431 10448 10447)
4(10447 10448 10465 10464)
4(10464 10465 10482 10481)
4(10481 10482 10499 10498)
4(10498 10499 10516 10515)
4(10515 10516 10533 10532)
4(10532 10533 10550 10549)
4(10549 10550 10567 10566)
4(10566 10567 10584 10583)
4(10583 10584 10601 10600)
4(484 485 10211 10210)
4(10210 10211 10228 10227)
4(10227 10228 10245 10244)
4(10244 10245 10262 10261)
4(10261 10262 10279 10278)
4(10278 10279 10296 10295)
4(10295 10296 10313 10312)
4(10312 10313 10330 10329)
4(10329 10330 10347 10346)
4(10346 10347 10364 10363)
4(10363 10364 10381 10380)
4(10380 10381 10398 10397)
4(10397 10398 10415 10414)
4(10414 10415 10432 10431)
4(10431 10432 10449 10448)
4(10448 10449 10466 10465)
4(10465 10466 10483 10482)
4(10482 10483 10500 10499)
4(10499 10500 10517 10516)
4(10516 10517 10534 10533)
4(10533 10534 10551 10550)
4(10550 10551 10568 10567)
4(10567 10568 10585 10584)
4(10584 10585 10602 10601)
4(485 486 10212 10211)
4(10211 10212 10229 10228)
4(10228 10229 10246 10245)
4(10245 10246 10263 10262)
4(10262 10263 10280 10279)
4(10279 10280 10297 10296)
4(10296 10297 10314 10313)
4(10313 10314 10331 10330)
4(10330 10331 10348 10347)
4(10347 10348 10365 10364)
4(10364 10365 10382 10381)
4(10381 10382 10399 10398)
4(10398 10399 10416 10415)
4(10415 10416 10433 10432)
4(10432 10433 10450 10449)
4(10449 10450 10467 10466)
4(10466 10467 10484 10483)
4(10483 10484 10501 10500)
4(10500 10501 10518 10517)
4(10517 10518 10535 10534)
4(10534 10535 10552 10551)
4(10551 10552 10569 10568)
4(10568 10569 10586 10585)
4(10585 10586 10603 10602)
4(486 487 10213 10212)
4(10212 10213 10230 10229)
4(10229 10230 10247 10246)
4(10246 10247 10264 10263)
4(10263 10264 10281 10280)
4(10280 10281 10298 10297)
4(10297 10298 10315 10314)
4(10314 10315 10332 10331)
4(10331 10332 10349 10348)
4(10348 10349 10366 10365)
4(10365 10366 10383 10382)
4(10382 10383 10400 10399)
4(10399 10400 10417 10416)
4(10416 10417 10434 10433)
4(10433 10434 10451 10450)
4(10450 10451 10468 10467)
4(10467 10468 10485 10484)
4(10484 10485 10502 10501)
4(10501 10502 10519 10518)
4(10518 10519 10536 10535)
4(10535 10536 10553 10552)
4(10552 10553 10570 10569)
4(10569 10570 10587 10586)
4(10586 10587 10604 10603)
4(487 488 10214 10213)
4(10213 10214 10231 10230)
4(10230 10231 10248 10247)
4(10247 10248 10265 10264)
4(10264 10265 10282 10281)
4(10281 10282 10299 10298)
4(10298 10299 10316 10315)
4(10315 10316 10333 10332)
4(10332 10333 10350 10349)
4(10349 10350 10367 10366)
4(10366 10367 10384 10383)
4(10383 10384 10401 10400)
4(10400 10401 10418 10417)
4(10417 10418 10435 10434)
4(10434 10435 10452 10451)
4(10451 10452 10469 10468)
4(10468 10469 10486 10485)
4(10485 10486 10503 10502)
4(10502 10503 10520 10519)
4(10519 10520 10537 10536)
4(10536 10537 10554 10553)
4(10553 10554 10571 10570)
4(10570 10571 10588 10587)
4(10587 10588 10605 10604)
4(488 489 10215 10214)
4(10214 10215 10232 10231)
4(10231 10232 10249 10248)
4(10248 10249 10266 10265)
4(10265 10266 10283 10282)
4(10282 10283 10300 10299)
4(10299 10300 10317 10316)
4(10316 10317 10334 10333)
4(10333 10334 10351 10350)
4(10350 10351 10368 10367)
4(10367 10368 10385 10384)
4(10384 10385 10402 10401)
4(10401 10402 10419 10418)
4(10418 10419 10436 10435)
4(10435 10436 10453 10452)
4(10452 10453 10470 10469)
4(10469 10470 10487 10486)
4(10486 10487 10504 10503)
4(10503 10504 10521 10520)
4(10520 10521 10538 10537)
4(10537 10538 10555 10554)
4(10554 10555 10572 10571)
4(10571 10572 10589 10588)
4(10588 10589 10606 10605)
4(489 490 10216 10215)
4(10215 10216 10233 10232)
4(10232 10233 10250 10249)
4(10249 10250 10267 10266)
4(10266 10267 10284 10283)
4(10283 10284 10301 10300)
4(10300 10301 10318 10317)
4(10317 10318 10335 10334)
4(10334 10335 10352 10351)
4(10351 10352 10369 10368)
4(10368 10369 10386 10385)
4(10385 10386 10403 10402)
4(10402 10403 10420 10419)
4(10419 10420 10437 10436)
4(10436 10437 10454 10453)
4(10453 10454 10471 10470)
4(10470 10471 10488 10487)
4(10487 10488 10505 10504)
4(10504 10505 10522 10521)
4(10521 10522 10539 10538)
4(10538 10539 10556 10555)
4(10555 10556 10573 10572)
4(10572 10573 10590 10589)
4(10589 10590 10607 10606)
4(490 491 10217 10216)
4(10216 10217 10234 10233)
4(10233 10234 10251 10250)
4(10250 10251 10268 10267)
4(10267 10268 10285 10284)
4(10284 10285 10302 10301)
4(10301 10302 10319 10318)
4(10318 10319 10336 10335)
4(10335 10336 10353 10352)
4(10352 10353 10370 10369)
4(10369 10370 10387 10386)
4(10386 10387 10404 10403)
4(10403 10404 10421 10420)
4(10420 10421 10438 10437)
4(10437 10438 10455 10454)
4(10454 10455 10472 10471)
4(10471 10472 10489 10488)
4(10488 10489 10506 10505)
4(10505 10506 10523 10522)
4(10522 10523 10540 10539)
4(10539 10540 10557 10556)
4(10556 10557 10574 10573)
4(10573 10574 10591 10590)
4(10590 10591 10608 10607)
4(491 492 10218 10217)
4(10217 10218 10235 10234)
4(10234 10235 10252 10251)
4(10251 10252 10269 10268)
4(10268 10269 10286 10285)
4(10285 10286 10303 10302)
4(10302 10303 10320 10319)
4(10319 10320 10337 10336)
4(10336 10337 10354 10353)
4(10353 10354 10371 10370)
4(10370 10371 10388 10387)
4(10387 10388 10405 10404)
4(10404 10405 10422 10421)
4(10421 10422 10439 10438)
4(10438 10439 10456 10455)
4(10455 10456 10473 10472)
4(10472 10473 10490 10489)
4(10489 10490 10507 10506)
4(10506 10507 10524 10523)
4(10523 10524 10541 10540)
4(10540 10541 10558 10557)
4(10557 10558 10575 10574)
4(10574 10575 10592 10591)
4(10591 10592 10609 10608)
4(475 476 10202 492)
4(492 10202 10219 10218)
4(10218 10219 10236 10235)
4(10235 10236 10253 10252)
4(10252 10253 10270 10269)
4(10269 10270 10287 10286)
4(10286 10287 10304 10303)
4(10303 10304 10321 10320)
4(10320 10321 10338 10337)
4(10337 10338 10355 10354)
4(10354 10355 10372 10371)
4(10371 10372 10389 10388)
4(10388 10389 10406 10405)
4(10405 10406 10423 10422)
4(10422 10423 10440 10439)
4(10439 10440 10457 10456)
4(10456 10457 10474 10473)
4(10473 10474 10491 10490)
4(10490 10491 10508 10507)
4(10507 10508 10525 10524)
4(10524 10525 10542 10541)
4(10541 10542 10559 10558)
4(10558 10559 10576 10575)
4(10575 10576 10593 10592)
4(10592 10593 10610 10609)
4(476 477 10203 10202)
4(10202 10203 10220 10219)
4(10219 10220 10237 10236)
4(10236 10237 10254 10253)
4(10253 10254 10271 10270)
4(10270 10271 10288 10287)
4(10287 10288 10305 10304)
4(10304 10305 10322 10321)
4(10321 10322 10339 10338)
4(10338 10339 10356 10355)
4(10355 10356 10373 10372)
4(10372 10373 10390 10389)
4(10389 10390 10407 10406)
4(10406 10407 10424 10423)
4(10423 10424 10441 10440)
4(10440 10441 10458 10457)
4(10457 10458 10475 10474)
4(10474 10475 10492 10491)
4(10491 10492 10509 10508)
4(10508 10509 10526 10525)
4(10525 10526 10543 10542)
4(10542 10543 10560 10559)
4(10559 10560 10577 10576)
4(10576 10577 10594 10593)
4(10593 10594 10611 10610)
4(477 88 349 10203)
4(10203 349 350 10220)
4(10220 350 351 10237)
4(10237 351 352 10254)
4(10254 352 353 10271)
4(10271 353 354 10288)
4(10288 354 355 10305)
4(10305 355 356 10322)
4(10322 356 357 10339)
4(10339 357 358 10356)
4(10356 358 359 10373)
4(10373 359 360 10390)
4(10390 360 361 10407)
4(10407 361 362 10424)
4(10424 362 363 10441)
4(10441 363 364 10458)
4(10458 364 365 10475)
4(10475 365 366 10492)
4(10492 366 367 10509)
4(10509 367 368 10526)
4(10526 368 369 10543)
4(10543 369 370 10560)
4(10560 370 371 10577)
4(10577 371 372 10594)
4(10594 372 373 10611)
4(88 89 12730 349)
4(349 12730 12745 350)
4(350 12745 12760 351)
4(351 12760 12775 352)
4(352 12775 12790 353)
4(353 12790 12805 354)
4(354 12805 12820 355)
4(355 12820 12835 356)
4(356 12835 12850 357)
4(357 12850 12865 358)
4(358 12865 12880 359)
4(359 12880 12895 360)
4(360 12895 12911 361)
4(361 12911 12927 362)
4(362 12927 12943 363)
4(363 12943 12959 364)
4(364 12959 12975 365)
4(365 12975 12991 366)
4(366 12991 13007 367)
4(367 13007 13023 368)
4(368 13023 13039 369)
4(369 13039 13055 370)
4(370 13055 13071 371)
4(371 13071 13087 372)
4(372 13087 13103 373)
4(89 90 12731 12730)
4(12730 12731 12746 12745)
4(12745 12746 12761 12760)
4(12760 12761 12776 12775)
4(12775 12776 12791 12790)
4(12790 12791 12806 12805)
4(12805 12806 12821 12820)
4(12820 12821 12836 12835)
4(12835 12836 12851 12850)
4(12850 12851 12866 12865)
4(12865 12866 12881 12880)
4(12880 12881 12896 12895)
4(12895 12896 12912 12911)
4(12911 12912 12928 12927)
4(12927 12928 12944 12943)
4(12943 12944 12960 12959)
4(12959 12960 12976 12975)
4(12975 12976 12992 12991)
4(12991 12992 13008 13007)
4(13007 13008 13024 13023)
4(13023 13024 13040 13039)
4(13039 13040 13056 13055)
4(13055 13056 13072 13071)
4(13071 13072 13088 13087)
4(13087 13088 13104 13103)
4(90 91 12732 12731)
4(12731 12732 12747 12746)
4(12746 12747 12762 12761)
4(12761 12762 12777 12776)
4(12776 12777 12792 12791)
4(12791 12792 12807 12806)
4(12806 12807 12822 12821)
4(12821 12822 12837 12836)
4(12836 12837 12852 12851)
4(12851 12852 12867 12866)
4(12866 12867 12882 12881)
4(12881 12882 12897 12896)
4(12896 12897 12913 12912)
4(12912 12913 12929 12928)
4(12928 12929 12945 12944)
4(12944 12945 12961 12960)
4(12960 12961 12977 12976)
4(12976 12977 12993 12992)
4(12992 12993 13009 13008)
4(13008 13009 13025 13024)
4(13024 13025 13041 13040)
4(13040 13041 13057 13056)
4(13056 13057 13073 13072)
4(13072 13073 13089 13088)
4(13088 13089 13105 13104)
4(91 92 12733 12732)
4(12732 12733 12748 12747)
4(12747 12748 12763 12762)
4(12762 12763 12778 12777)
4(12777 12778 12793 12792)
4(12792 12793 12808 12807)
4(12807 12808 12823 12822)
4(12822 12823 12838 12837)
4(12837 12838 12853 12852)
4(12852 12853 12868 12867)
4(12867 12868 12883 12882)
4(12882 12883 12898 12897)
4(12897 12898 12914 12913)
4(12913 12914 12930 12929)
4(12929 12930 12946 12945)
4(12945 12946 12962 12961)
4(12961 12962 12978 12977)
4(12977 12978 12994 12993)
4(12993 12994 13010 13009)
4(13009 13010 13026 13025)
4(13025 13026 13042 13041)
4(13041 13042 13058 13057)
4(13057 13058 13074 13073)
4(13073 13074 13090 13089)
4(13089 13090 13106 13105)
4(92 93 12734 12733)
4(12733 12734 12749 12748)
4(12748 12749 12764 12763)
4(12763 12764 12779 12778)
4(12778 12779 12794 12793)
4(12793 12794 12809 12808)
4(12808 12809 12824 12823)
4(12823 12824 12839 12838)
4(12838 12839 12854 12853)
4(12853 12854 12869 12868)
4(12868 12869 12884 12883)
4(12883 12884 12899 12898)
4(12898 12899 12915 12914)
4(12914 12915 12931 12930)
4(12930 12931 12947 12946)
4(12946 12947 12963 12962)
4(12962 12963 12979 12978)
4(12978 12979 12995 12994)
4(12994 12995 13011 13010)
4(13010 13011 13027 13026)
4(13026 13027 13043 13042)
4(13042 13043 13059 13058)
4(13058 13059 13075 13074)
4(13074 13075 13091 13090)
4(13090 13091 13107 13106)
4(93 94 12735 12734)
4(12734 12735 12750 12749)
4(12749 12750 12765 12764)
4(12764 12765 12780 12779)
4(12779 12780 12795 12794)
4(12794 12795 12810 12809)
4(12809 12810 12825 12824)
4(12824 12825 12840 12839)
4(12839 12840 12855 12854)
4(12854 12855 12870 12869)
4(12869 12870 12885 12884)
4(12884 12885 12900 12899)
4(12899 12900 12916 12915)
4(12915 12916 12932 12931)
4(12931 12932 12948 12947)
4(12947 12948 12964 12963)
4(12963 12964 12980 12979)
4(12979 12980 12996 12995)
4(12995 12996 13012 13011)
4(13011 13012 13028 13027)
4(13027 13028 13044 13043)
4(13043 13044 13060 13059)
4(13059 13060 13076 13075)
4(13075 13076 13092 13091)
4(13091 13092 13108 13107)
4(94 95 12736 12735)
4(12735 12736 12751 12750)
4(12750 12751 12766 12765)
4(12765 12766 12781 12780)
4(12780 12781 12796 12795)
4(12795 12796 12811 12810)
4(12810 12811 12826 12825)
4(12825 12826 12841 12840)
4(12840 12841 12856 12855)
4(12855 12856 12871 12870)
4(12870 12871 12886 12885)
4(12885 12886 12901 12900)
4(12900 12901 12917 12916)
4(12916 12917 12933 12932)
4(12932 12933 12949 12948)
4(12948 12949 12965 12964)
4(12964 12965 12981 12980)
4(12980 12981 12997 12996)
4(12996 12997 13013 13012)
4(13012 13013 13029 13028)
4(13028 13029 13045 13044)
4(13044 13045 13061 13060)
4(13060 13061 13077 13076)
4(13076 13077 13093 13092)
4(13092 13093 13109 13108)
4(95 96 12737 12736)
4(12736 12737 12752 12751)
4(12751 12752 12767 12766)
4(12766 12767 12782 12781)
4(12781 12782 12797 12796)
4(12796 12797 12812 12811)
4(12811 12812 12827 12826)
4(12826 12827 12842 12841)
4(12841 12842 12857 12856)
4(12856 12857 12872 12871)
4(12871 12872 12887 12886)
4(12886 12887 12902 12901)
4(12901 12902 12918 12917)
4(12917 12918 12934 12933)
4(12933 12934 12950 12949)
4(12949 12950 12966 12965)
4(12965 12966 12982 12981)
4(12981 12982 12998 12997)
4(12997 12998 13014 13013)
4(13013 13014 13030 13029)
4(13029 13030 13046 13045)
4(13045 13046 13062 13061)
4(13061 13062 13078 13077)
4(13077 13078 13094 13093)
4(13093 13094 13110 13109)
4(96 97 12738 12737)
4(12737 12738 12753 12752)
4(12752 12753 12768 12767)
4(12767 12768 12783 12782)
4(12782 12783 12798 12797)
4(12797 12798 12813 12812)
4(12812 12813 12828 12827)
4(12827 12828 12843 12842)
4(12842 12843 12858 12857)
4(12857 12858 12873 12872)
4(12872 12873 12888 12887)
4(12887 12888 12903 12902)
4(12902 12903 12919 12918)
4(12918 12919 12935 12934)
4(12934 12935 12951 12950)
4(12950 12951 12967 12966)
4(12966 12967 12983 12982)
4(12982 12983 12999 12998)
4(12998 12999 13015 13014)
4(13014 13015 13031 13030)
4(13030 13031 13047 13046)
4(13046 13047 13063 13062)
4(13062 13063 13079 13078)
4(13078 13079 13095 13094)
4(13094 13095 13111 13110)
4(97 98 12739 12738)
4(12738 12739 12754 12753)
4(12753 12754 12769 12768)
4(12768 12769 12784 12783)
4(12783 12784 12799 12798)
4(12798 12799 12814 12813)
4(12813 12814 12829 12828)
4(12828 12829 12844 12843)
4(12843 12844 12859 12858)
4(12858 12859 12874 12873)
4(12873 12874 12889 12888)
4(12888 12889 12904 12903)
4(12903 12904 12920 12919)
4(12919 12920 12936 12935)
4(12935 12936 12952 12951)
4(12951 12952 12968 12967)
4(12967 12968 12984 12983)
4(12983 12984 13000 12999)
4(12999 13000 13016 13015)
4(13015 13016 13032 13031)
4(13031 13032 13048 13047)
4(13047 13048 13064 13063)
4(13063 13064 13080 13079)
4(13079 13080 13096 13095)
4(13095 13096 13112 13111)
4(98 99 12740 12739)
4(12739 12740 12755 12754)
4(12754 12755 12770 12769)
4(12769 12770 12785 12784)
4(12784 12785 12800 12799)
4(12799 12800 12815 12814)
4(12814 12815 12830 12829)
4(12829 12830 12845 12844)
4(12844 12845 12860 12859)
4(12859 12860 12875 12874)
4(12874 12875 12890 12889)
4(12889 12890 12905 12904)
4(12904 12905 12921 12920)
4(12920 12921 12937 12936)
4(12936 12937 12953 12952)
4(12952 12953 12969 12968)
4(12968 12969 12985 12984)
4(12984 12985 13001 13000)
4(13000 13001 13017 13016)
4(13016 13017 13033 13032)
4(13032 13033 13049 13048)
4(13048 13049 13065 13064)
4(13064 13065 13081 13080)
4(13080 13081 13097 13096)
4(13096 13097 13113 13112)
4(99 100 12741 12740)
4(12740 12741 12756 12755)
4(12755 12756 12771 12770)
4(12770 12771 12786 12785)
4(12785 12786 12801 12800)
4(12800 12801 12816 12815)
4(12815 12816 12831 12830)
4(12830 12831 12846 12845)
4(12845 12846 12861 12860)
4(12860 12861 12876 12875)
4(12875 12876 12891 12890)
4(12890 12891 12906 12905)
4(12905 12906 12922 12921)
4(12921 12922 12938 12937)
4(12937 12938 12954 12953)
4(12953 12954 12970 12969)
4(12969 12970 12986 12985)
4(12985 12986 13002 13001)
4(13001 13002 13018 13017)
4(13017 13018 13034 13033)
4(13033 13034 13050 13049)
4(13049 13050 13066 13065)
4(13065 13066 13082 13081)
4(13081 13082 13098 13097)
4(13097 13098 13114 13113)
4(100 101 12742 12741)
4(12741 12742 12757 12756)
4(12756 12757 12772 12771)
4(12771 12772 12787 12786)
4(12786 12787 12802 12801)
4(12801 12802 12817 12816)
4(12816 12817 12832 12831)
4(12831 12832 12847 12846)
4(12846 12847 12862 12861)
4(12861 12862 12877 12876)
4(12876 12877 12892 12891)
4(12891 12892 12907 12906)
4(12906 12907 12923 12922)
4(12922 12923 12939 12938)
4(12938 12939 12955 12954)
4(12954 12955 12971 12970)
4(12970 12971 12987 12986)
4(12986 12987 13003 13002)
4(13002 13003 13019 13018)
4(13018 13019 13035 13034)
4(13034 13035 13051 13050)
4(13050 13051 13067 13066)
4(13066 13067 13083 13082)
4(13082 13083 13099 13098)
4(13098 13099 13115 13114)
4(101 102 12743 12742)
4(12742 12743 12758 12757)
4(12757 12758 12773 12772)
4(12772 12773 12788 12787)
4(12787 12788 12803 12802)
4(12802 12803 12818 12817)
4(12817 12818 12833 12832)
4(12832 12833 12848 12847)
4(12847 12848 12863 12862)
4(12862 12863 12878 12877)
4(12877 12878 12893 12892)
4(12892 12893 12908 12907)
4(12907 12908 12924 12923)
4(12923 12924 12940 12939)
4(12939 12940 12956 12955)
4(12955 12956 12972 12971)
4(12971 12972 12988 12987)
4(12987 12988 13004 13003)
4(13003 13004 13020 13019)
4(13019 13020 13036 13035)
4(13035 13036 13052 13051)
4(13051 13052 13068 13067)
4(13067 13068 13084 13083)
4(13083 13084 13100 13099)
4(13099 13100 13116 13115)
4(102 103 12744 12743)
4(12743 12744 12759 12758)
4(12758 12759 12774 12773)
4(12773 12774 12789 12788)
4(12788 12789 12804 12803)
4(12803 12804 12819 12818)
4(12818 12819 12834 12833)
4(12833 12834 12849 12848)
4(12848 12849 12864 12863)
4(12863 12864 12879 12878)
4(12878 12879 12894 12893)
4(12893 12894 12909 12908)
4(12908 12909 12925 12924)
4(12924 12925 12941 12940)
4(12940 12941 12957 12956)
4(12956 12957 12973 12972)
4(12972 12973 12989 12988)
4(12988 12989 13005 13004)
4(13004 13005 13021 13020)
4(13020 13021 13037 13036)
4(13036 13037 13053 13052)
4(13052 13053 13069 13068)
4(13068 13069 13085 13084)
4(13084 13085 13101 13100)
4(13100 13101 13117 13116)
4(103 104 10747 12744)
4(12744 10747 10748 12759)
4(12759 10748 10749 12774)
4(12774 10749 10750 12789)
4(12789 10750 10751 12804)
4(12804 10751 10752 12819)
4(12819 10752 10753 12834)
4(12834 10753 10754 12849)
4(12849 10754 10755 12864)
4(12864 10755 10756 12879)
4(12879 10756 10757 12894)
4(12894 10757 12910 12909)
4(12909 12910 12926 12925)
4(12925 12926 12942 12941)
4(12941 12942 12958 12957)
4(12957 12958 12974 12973)
4(12973 12974 12990 12989)
4(12989 12990 13006 13005)
4(13005 13006 13022 13021)
4(13021 13022 13038 13037)
4(13037 13038 13054 13053)
4(13053 13054 13070 13069)
4(13069 13070 13086 13085)
4(13085 13086 13102 13101)
4(13101 13102 13118 13117)
4(10757 10758 10759 12910)
4(12910 10759 10760 12926)
4(12926 10760 10761 12942)
4(12942 10761 10762 12958)
4(12958 10762 10763 12974)
4(12974 10763 10764 12990)
4(12990 10764 10765 13006)
4(13006 10765 10766 13022)
4(13022 10766 10767 13038)
4(13038 10767 10768 13054)
4(13054 10768 10769 13070)
4(13070 10769 10770 13086)
4(13086 10770 10771 13102)
4(13102 10771 10772 13118)
4(104 210 15196 10747)
4(10747 15196 15213 10748)
4(10748 15213 15230 10749)
4(10749 15230 15247 10750)
4(10750 15247 15264 10751)
4(10751 15264 15281 10752)
4(10752 15281 15298 10753)
4(10753 15298 15315 10754)
4(10754 15315 15332 10755)
4(10755 15332 15349 10756)
4(10756 15349 10758 10757)
4(210 211 15197 15196)
4(15196 15197 15214 15213)
4(15213 15214 15231 15230)
4(15230 15231 15248 15247)
4(15247 15248 15265 15264)
4(15264 15265 15282 15281)
4(15281 15282 15299 15298)
4(15298 15299 15316 15315)
4(15315 15316 15333 15332)
4(15332 15333 15350 15349)
4(15349 15350 15366 10758)
4(10758 15366 15382 10759)
4(10759 15382 15398 10760)
4(10760 15398 15414 10761)
4(10761 15414 15430 10762)
4(10762 15430 15446 10763)
4(10763 15446 15462 10764)
4(10764 15462 15478 10765)
4(10765 15478 15494 10766)
4(10766 15494 15510 10767)
4(10767 15510 15526 10768)
4(10768 15526 15542 10769)
4(10769 15542 15558 10770)
4(10770 15558 15574 10771)
4(10771 15574 15590 10772)
4(211 212 15198 15197)
4(15197 15198 15215 15214)
4(15214 15215 15232 15231)
4(15231 15232 15249 15248)
4(15248 15249 15266 15265)
4(15265 15266 15283 15282)
4(15282 15283 15300 15299)
4(15299 15300 15317 15316)
4(15316 15317 15334 15333)
4(15333 15334 15351 15350)
4(15350 15351 15367 15366)
4(15366 15367 15383 15382)
4(15382 15383 15399 15398)
4(15398 15399 15415 15414)
4(15414 15415 15431 15430)
4(15430 15431 15447 15446)
4(15446 15447 15463 15462)
4(15462 15463 15479 15478)
4(15478 15479 15495 15494)
4(15494 15495 15511 15510)
4(15510 15511 15527 15526)
4(15526 15527 15543 15542)
4(15542 15543 15559 15558)
4(15558 15559 15575 15574)
4(15574 15575 15591 15590)
4(212 213 15199 15198)
4(15198 15199 15216 15215)
4(15215 15216 15233 15232)
4(15232 15233 15250 15249)
4(15249 15250 15267 15266)
4(15266 15267 15284 15283)
4(15283 15284 15301 15300)
4(15300 15301 15318 15317)
4(15317 15318 15335 15334)
4(15334 15335 15352 15351)
4(15351 15352 15368 15367)
4(15367 15368 15384 15383)
4(15383 15384 15400 15399)
4(15399 15400 15416 15415)
4(15415 15416 15432 15431)
4(15431 15432 15448 15447)
4(15447 15448 15464 15463)
4(15463 15464 15480 15479)
4(15479 15480 15496 15495)
4(15495 15496 15512 15511)
4(15511 15512 15528 15527)
4(15527 15528 15544 15543)
4(15543 15544 15560 15559)
4(15559 15560 15576 15575)
4(15575 15576 15592 15591)
4(213 214 15200 15199)
4(15199 15200 15217 15216)
4(15216 15217 15234 15233)
4(15233 15234 15251 15250)
4(15250 15251 15268 15267)
4(15267 15268 15285 15284)
4(15284 15285 15302 15301)
4(15301 15302 15319 15318)
4(15318 15319 15336 15335)
4(15335 15336 15353 15352)
4(15352 15353 15369 15368)
4(15368 15369 15385 15384)
4(15384 15385 15401 15400)
4(15400 15401 15417 15416)
4(15416 15417 15433 15432)
4(15432 15433 15449 15448)
4(15448 15449 15465 15464)
4(15464 15465 15481 15480)
4(15480 15481 15497 15496)
4(15496 15497 15513 15512)
4(15512 15513 15529 15528)
4(15528 15529 15545 15544)
4(15544 15545 15561 15560)
4(15560 15561 15577 15576)
4(15576 15577 15593 15592)
4(214 215 15201 15200)
4(15200 15201 15218 15217)
4(15217 15218 15235 15234)
4(15234 15235 15252 15251)
4(15251 15252 15269 15268)
4(15268 15269 15286 15285)
4(15285 15286 15303 15302)
4(15302 15303 15320 15319)
4(15319 15320 15337 15336)
4(15336 15337 15354 15353)
4(15353 15354 15370 15369)
4(15369 15370 15386 15385)
4(15385 15386 15402 15401)
4(15401 15402 15418 15417)
4(15417 15418 15434 15433)
4(15433 15434 15450 15449)
4(15449 15450 15466 15465)
4(15465 15466 15482 15481)
4(15481 15482 15498 15497)
4(15497 15498 15514 15513)
4(15513 15514 15530 15529)
4(15529 15530 15546 15545)
4(15545 15546 15562 15561)
4(15561 15562 15578 15577)
4(15577 15578 15594 15593)
4(215 216 15202 15201)
4(15201 15202 15219 15218)
4(15218 15219 15236 15235)
4(15235 15236 15253 15252)
4(15252 15253 15270 15269)
4(15269 15270 15287 15286)
4(15286 15287 15304 15303)
4(15303 15304 15321 15320)
4(15320 15321 15338 15337)
4(15337 15338 15355 15354)
4(15354 15355 15371 15370)
4(15370 15371 15387 15386)
4(15386 15387 15403 15402)
4(15402 15403 15419 15418)
4(15418 15419 15435 15434)
4(15434 15435 15451 15450)
4(15450 15451 15467 15466)
4(15466 15467 15483 15482)
4(15482 15483 15499 15498)
4(15498 15499 15515 15514)
4(15514 15515 15531 15530)
4(15530 15531 15547 15546)
4(15546 15547 15563 15562)
4(15562 15563 15579 15578)
4(15578 15579 15595 15594)
4(216 217 15203 15202)
4(15202 15203 15220 15219)
4(15219 15220 15237 15236)
4(15236 15237 15254 15253)
4(15253 15254 15271 15270)
4(15270 15271 15288 15287)
4(15287 15288 15305 15304)
4(15304 15305 15322 15321)
4(15321 15322 15339 15338)
4(15338 15339 15356 15355)
4(15355 15356 15372 15371)
4(15371 15372 15388 15387)
4(15387 15388 15404 15403)
4(15403 15404 15420 15419)
4(15419 15420 15436 15435)
4(15435 15436 15452 15451)
4(15451 15452 15468 15467)
4(15467 15468 15484 15483)
4(15483 15484 15500 15499)
4(15499 15500 15516 15515)
4(15515 15516 15532 15531)
4(15531 15532 15548 15547)
4(15547 15548 15564 15563)
4(15563 15564 15580 15579)
4(15579 15580 15596 15595)
4(217 218 15204 15203)
4(15203 15204 15221 15220)
4(15220 15221 15238 15237)
4(15237 15238 15255 15254)
4(15254 15255 15272 15271)
4(15271 15272 15289 15288)
4(15288 15289 15306 15305)
4(15305 15306 15323 15322)
4(15322 15323 15340 15339)
4(15339 15340 15357 15356)
4(15356 15357 15373 15372)
4(15372 15373 15389 15388)
4(15388 15389 15405 15404)
4(15404 15405 15421 15420)
4(15420 15421 15437 15436)
4(15436 15437 15453 15452)
4(15452 15453 15469 15468)
4(15468 15469 15485 15484)
4(15484 15485 15501 15500)
4(15500 15501 15517 15516)
4(15516 15517 15533 15532)
4(15532 15533 15549 15548)
4(15548 15549 15565 15564)
4(15564 15565 15581 15580)
4(15580 15581 15597 15596)
4(218 219 15205 15204)
4(15204 15205 15222 15221)
4(15221 15222 15239 15238)
4(15238 15239 15256 15255)
4(15255 15256 15273 15272)
4(15272 15273 15290 15289)
4(15289 15290 15307 15306)
4(15306 15307 15324 15323)
4(15323 15324 15341 15340)
4(15340 15341 15358 15357)
4(15357 15358 15374 15373)
4(15373 15374 15390 15389)
4(15389 15390 15406 15405)
4(15405 15406 15422 15421)
4(15421 15422 15438 15437)
4(15437 15438 15454 15453)
4(15453 15454 15470 15469)
4(15469 15470 15486 15485)
4(15485 15486 15502 15501)
4(15501 15502 15518 15517)
4(15517 15518 15534 15533)
4(15533 15534 15550 15549)
4(15549 15550 15566 15565)
4(15565 15566 15582 15581)
4(15581 15582 15598 15597)
4(219 220 15206 15205)
4(15205 15206 15223 15222)
4(15222 15223 15240 15239)
4(15239 15240 15257 15256)
4(15256 15257 15274 15273)
4(15273 15274 15291 15290)
4(15290 15291 15308 15307)
4(15307 15308 15325 15324)
4(15324 15325 15342 15341)
4(15341 15342 15359 15358)
4(15358 15359 15375 15374)
4(15374 15375 15391 15390)
4(15390 15391 15407 15406)
4(15406 15407 15423 15422)
4(15422 15423 15439 15438)
4(15438 15439 15455 15454)
4(15454 15455 15471 15470)
4(15470 15471 15487 15486)
4(15486 15487 15503 15502)
4(15502 15503 15519 15518)
4(15518 15519 15535 15534)
4(15534 15535 15551 15550)
4(15550 15551 15567 15566)
4(15566 15567 15583 15582)
4(15582 15583 15599 15598)
4(220 221 15207 15206)
4(15206 15207 15224 15223)
4(15223 15224 15241 15240)
4(15240 15241 15258 15257)
4(15257 15258 15275 15274)
4(15274 15275 15292 15291)
4(15291 15292 15309 15308)
4(15308 15309 15326 15325)
4(15325 15326 15343 15342)
4(15342 15343 15360 15359)
4(15359 15360 15376 15375)
4(15375 15376 15392 15391)
4(15391 15392 15408 15407)
4(15407 15408 15424 15423)
4(15423 15424 15440 15439)
4(15439 15440 15456 15455)
4(15455 15456 15472 15471)
4(15471 15472 15488 15487)
4(15487 15488 15504 15503)
4(15503 15504 15520 15519)
4(15519 15520 15536 15535)
4(15535 15536 15552 15551)
4(15551 15552 15568 15567)
4(15567 15568 15584 15583)
4(15583 15584 15600 15599)
4(221 222 15208 15207)
4(15207 15208 15225 15224)
4(15224 15225 15242 15241)
4(15241 15242 15259 15258)
4(15258 15259 15276 15275)
4(15275 15276 15293 15292)
4(15292 15293 15310 15309)
4(15309 15310 15327 15326)
4(15326 15327 15344 15343)
4(15343 15344 15361 15360)
4(15360 15361 15377 15376)
4(15376 15377 15393 15392)
4(15392 15393 15409 15408)
4(15408 15409 15425 15424)
4(15424 15425 15441 15440)
4(15440 15441 15457 15456)
4(15456 15457 15473 15472)
4(15472 15473 15489 15488)
4(15488 15489 15505 15504)
4(15504 15505 15521 15520)
4(15520 15521 15537 15536)
4(15536 15537 15553 15552)
4(15552 15553 15569 15568)
4(15568 15569 15585 15584)
4(15584 15585 15601 15600)
4(222 223 15209 15208)
4(15208 15209 15226 15225)
4(15225 15226 15243 15242)
4(15242 15243 15260 15259)
4(15259 15260 15277 15276)
4(15276 15277 15294 15293)
4(15293 15294 15311 15310)
4(15310 15311 15328 15327)
4(15327 15328 15345 15344)
4(15344 15345 15362 15361)
4(15361 15362 15378 15377)
4(15377 15378 15394 15393)
4(15393 15394 15410 15409)
4(15409 15410 15426 15425)
4(15425 15426 15442 15441)
4(15441 15442 15458 15457)
4(15457 15458 15474 15473)
4(15473 15474 15490 15489)
4(15489 15490 15506 15505)
4(15505 15506 15522 15521)
4(15521 15522 15538 15537)
4(15537 15538 15554 15553)
4(15553 15554 15570 15569)
4(15569 15570 15586 15585)
4(15585 15586 15602 15601)
4(206 207 15193 223)
4(223 15193 15210 15209)
4(15209 15210 15227 15226)
4(15226 15227 15244 15243)
4(15243 15244 15261 15260)
4(15260 15261 15278 15277)
4(15277 15278 15295 15294)
4(15294 15295 15312 15311)
4(15311 15312 15329 15328)
4(15328 15329 15346 15345)
4(15345 15346 15363 15362)
4(15362 15363 15379 15378)
4(15378 15379 15395 15394)
4(15394 15395 15411 15410)
4(15410 15411 15427 15426)
4(15426 15427 15443 15442)
4(15442 15443 15459 15458)
4(15458 15459 15475 15474)
4(15474 15475 15491 15490)
4(15490 15491 15507 15506)
4(15506 15507 15523 15522)
4(15522 15523 15539 15538)
4(15538 15539 15555 15554)
4(15554 15555 15571 15570)
4(15570 15571 15587 15586)
4(15586 15587 15603 15602)
4(207 208 15194 15193)
4(15193 15194 15211 15210)
4(15210 15211 15228 15227)
4(15227 15228 15245 15244)
4(15244 15245 15262 15261)
4(15261 15262 15279 15278)
4(15278 15279 15296 15295)
4(15295 15296 15313 15312)
4(15312 15313 15330 15329)
4(15329 15330 15347 15346)
4(15346 15347 15364 15363)
4(15363 15364 15380 15379)
4(15379 15380 15396 15395)
4(15395 15396 15412 15411)
4(15411 15412 15428 15427)
4(15427 15428 15444 15443)
4(15443 15444 15460 15459)
4(15459 15460 15476 15475)
4(15475 15476 15492 15491)
4(15491 15492 15508 15507)
4(15507 15508 15524 15523)
4(15523 15524 15540 15539)
4(15539 15540 15556 15555)
4(15555 15556 15572 15571)
4(15571 15572 15588 15587)
4(15587 15588 15604 15603)
4(208 209 15195 15194)
4(15194 15195 15212 15211)
4(15211 15212 15229 15228)
4(15228 15229 15246 15245)
4(15245 15246 15263 15262)
4(15262 15263 15280 15279)
4(15279 15280 15297 15296)
4(15296 15297 15314 15313)
4(15313 15314 15331 15330)
4(15330 15331 15348 15347)
4(15347 15348 15365 15364)
4(15364 15365 15381 15380)
4(15380 15381 15397 15396)
4(15396 15397 15413 15412)
4(15412 15413 15429 15428)
4(15428 15429 15445 15444)
4(15444 15445 15461 15460)
4(15460 15461 15477 15476)
4(15476 15477 15493 15492)
4(15492 15493 15509 15508)
4(15508 15509 15525 15524)
4(15524 15525 15541 15540)
4(15540 15541 15557 15556)
4(15556 15557 15573 15572)
4(15572 15573 15589 15588)
4(15588 15589 15605 15604)
)


// ************************************************************************* //
