/*--------------------------------*- C++ -*----------------------------------*\
  =========                 |
  \\      /  F ield         | OpenFOAM: The Open Source CFD Toolbox
   \\    /   O peration     | Website:  https://openfoam.org
    \\  /    A nd           | Version:  10
     \\/     M anipulation  |
\*---------------------------------------------------------------------------*/
FoamFile
{
    format      ascii;
    class       labelList;
    note        "nPoints:15606  nCells:12500  nFaces:40500  nInternalFaces:34500";
    location    "constant/polyMesh";
    object      neighbour;
}
// * * * * * * * * * * * * * * * * * * * * * * * * * * * * * * * * * * * * * //


34500
(
1
16
414
2
17
415
3
18
416
4
19
417
5
20
418
6
21
419
7
22
420
8
23
421
9
24
422
10
25
423
11
26
424
12
27
425
13
28
426
14
29
427
15
30
428
31
429
2083
17
32
430
18
33
431
19
34
432
20
35
433
21
36
434
22
37
435
23
38
436
24
39
437
25
40
438
26
41
439
27
42
440
28
43
441
29
44
442
30
45
443
31
46
444
47
445
2100
33
48
446
34
49
447
35
50
448
36
51
449
37
52
450
38
53
451
39
54
452
40
55
453
41
56
454
42
57
455
43
58
456
44
59
457
45
60
458
46
61
459
47
62
460
63
461
2117
49
64
462
50
65
463
51
66
464
52
67
465
53
68
466
54
69
467
55
70
468
56
71
469
57
72
470
58
73
471
59
74
472
60
75
473
61
76
474
62
77
475
63
78
476
79
477
2134
65
80
478
66
81
479
67
82
480
68
83
481
69
84
482
70
85
483
71
86
484
72
87
485
73
88
486
74
89
487
75
90
488
76
91
489
77
92
490
78
93
491
79
94
492
95
493
2151
81
96
494
82
97
495
83
98
496
84
99
497
85
100
498
86
101
499
87
102
500
88
103
501
89
104
502
90
105
503
91
106
504
92
107
505
93
108
506
94
109
507
95
110
508
111
509
2168
97
112
510
98
113
511
99
114
512
100
115
513
101
116
514
102
117
515
103
118
516
104
119
517
105
120
518
106
121
519
107
122
520
108
123
521
109
124
522
110
125
523
111
126
524
127
525
2185
113
128
526
114
129
527
115
130
528
116
131
529
117
132
530
118
133
531
119
134
532
120
135
533
121
136
534
122
137
535
123
138
536
124
139
537
125
140
538
126
141
539
127
142
540
143
541
2202
129
144
542
130
145
543
131
146
544
132
147
545
133
148
546
134
149
547
135
150
548
136
151
549
137
152
550
138
153
551
139
154
552
140
155
553
141
156
554
142
157
555
143
158
556
159
557
2219
145
160
558
146
161
559
147
162
560
148
163
561
149
164
562
150
165
563
151
166
564
152
167
565
153
168
566
154
169
567
155
170
568
156
171
569
157
172
570
158
173
571
159
174
572
175
573
2236
161
176
574
162
177
575
163
178
576
164
179
577
165
180
578
166
181
579
167
182
580
168
183
581
169
184
582
170
185
583
171
186
584
172
187
585
173
188
586
174
189
587
175
190
588
191
589
2253
177
192
590
178
193
591
179
194
592
180
195
593
181
196
594
182
197
595
183
198
596
184
199
597
185
200
598
186
201
599
187
202
600
188
203
601
189
204
602
190
205
603
191
206
604
207
605
2270
193
208
606
194
209
607
195
210
608
196
211
609
197
212
610
198
213
611
199
214
612
200
215
613
201
216
614
202
217
615
203
218
616
204
219
617
205
220
618
206
221
619
207
222
620
223
621
2287
209
224
622
210
225
623
211
226
624
212
227
625
213
228
626
214
229
627
215
230
628
216
231
629
217
232
630
218
233
631
219
234
632
220
235
633
221
236
634
222
237
635
223
238
636
239
637
2304
225
241
638
226
242
639
227
243
640
228
244
641
229
245
642
230
246
643
231
247
644
232
248
645
233
249
646
234
250
647
235
251
648
236
252
649
237
253
650
238
254
651
239
255
652
240
256
653
257
2304
2321
2734
242
258
654
243
259
655
244
260
656
245
261
657
246
262
658
247
263
659
248
264
660
249
265
661
250
266
662
251
267
663
252
268
664
253
269
665
254
270
666
255
271
667
256
272
668
257
273
669
274
2337
2751
259
275
670
260
276
671
261
277
672
262
278
673
263
279
674
264
280
675
265
281
676
266
282
677
267
283
678
268
284
679
269
285
680
270
286
681
271
287
682
272
288
683
273
289
684
274
290
685
291
686
2353
276
292
687
277
293
688
278
294
689
279
295
690
280
296
691
281
297
692
282
298
693
283
299
694
284
300
695
285
301
696
286
302
697
287
303
698
288
304
699
289
305
700
290
306
701
291
307
702
308
703
2369
293
309
704
294
310
705
295
311
706
296
312
707
297
313
708
298
314
709
299
315
710
300
316
711
301
317
712
302
318
713
303
319
714
304
320
715
305
321
716
306
322
717
307
323
718
308
324
719
325
720
2385
310
326
721
311
327
722
312
328
723
313
329
724
314
330
725
315
331
726
316
332
727
317
333
728
318
334
729
319
335
730
320
336
731
321
337
732
322
338
733
323
339
734
324
340
735
325
341
736
342
737
2401
327
343
738
328
344
739
329
345
740
330
346
741
331
347
742
332
348
743
333
349
744
334
350
745
335
351
746
336
352
747
337
353
748
338
354
749
339
355
750
340
356
751
341
357
752
342
358
753
359
754
2417
344
360
755
345
361
756
346
362
757
347
363
758
348
364
759
349
365
760
350
366
761
351
367
762
352
368
763
353
369
764
354
370
765
355
371
766
356
372
767
357
373
768
358
374
769
359
375
770
376
771
2433
361
377
772
362
378
773
363
379
774
364
380
775
365
381
776
366
382
777
367
383
778
368
384
779
369
385
780
370
386
781
371
387
782
372
388
783
373
389
784
374
390
785
375
391
786
376
392
787
393
788
2449
378
394
789
379
395
790
380
396
791
381
397
792
382
398
793
383
399
794
384
400
795
385
401
796
386
402
797
387
403
798
388
404
799
389
405
800
390
406
801
391
407
802
392
408
803
393
409
804
410
805
2465
395
411
806
396
412
807
397
413
808
398
809
6250
399
810
6251
400
811
6252
401
812
6253
402
813
6254
403
814
6255
404
815
6256
405
816
6257
406
817
6258
407
818
6259
408
819
6260
409
820
6261
410
821
6262
822
2481
6263
412
823
6264
413
824
6265
825
6250
6266
415
430
829
416
431
830
417
432
831
418
433
832
419
434
833
420
435
834
421
436
835
422
437
836
423
438
837
424
439
838
425
440
839
426
441
840
427
442
841
428
443
842
429
444
843
445
844
2496
431
446
845
432
447
846
433
448
847
434
449
848
435
450
849
436
451
850
437
452
851
438
453
852
439
454
853
440
455
854
441
456
855
442
457
856
443
458
857
444
459
858
445
460
859
461
860
2513
447
462
861
448
463
862
449
464
863
450
465
864
451
466
865
452
467
866
453
468
867
454
469
868
455
470
869
456
471
870
457
472
871
458
473
872
459
474
873
460
475
874
461
476
875
477
876
2530
463
478
877
464
479
878
465
480
879
466
481
880
467
482
881
468
483
882
469
484
883
470
485
884
471
486
885
472
487
886
473
488
887
474
489
888
475
490
889
476
491
890
477
492
891
493
892
2547
479
494
893
480
495
894
481
496
895
482
497
896
483
498
897
484
499
898
485
500
899
486
501
900
487
502
901
488
503
902
489
504
903
490
505
904
491
506
905
492
507
906
493
508
907
509
908
2564
495
510
909
496
511
910
497
512
911
498
513
912
499
514
913
500
515
914
501
516
915
502
517
916
503
518
917
504
519
918
505
520
919
506
521
920
507
522
921
508
523
922
509
524
923
525
924
2581
511
526
925
512
527
926
513
528
927
514
529
928
515
530
929
516
531
930
517
532
931
518
533
932
519
534
933
520
535
934
521
536
935
522
537
936
523
538
937
524
539
938
525
540
939
541
940
2598
527
542
941
528
543
942
529
544
943
530
545
944
531
546
945
532
547
946
533
548
947
534
549
948
535
550
949
536
551
950
537
552
951
538
553
952
539
554
953
540
555
954
541
556
955
557
956
2615
543
558
957
544
559
958
545
560
959
546
561
960
547
562
961
548
563
962
549
564
963
550
565
964
551
566
965
552
567
966
553
568
967
554
569
968
555
570
969
556
571
970
557
572
971
573
972
2632
559
574
973
560
575
974
561
576
975
562
577
976
563
578
977
564
579
978
565
580
979
566
581
980
567
582
981
568
583
982
569
584
983
570
585
984
571
586
985
572
587
986
573
588
987
589
988
2649
575
590
989
576
591
990
577
592
991
578
593
992
579
594
993
580
595
994
581
596
995
582
597
996
583
598
997
584
599
998
585
600
999
586
601
1000
587
602
1001
588
603
1002
589
604
1003
605
1004
2666
591
606
1005
592
607
1006
593
608
1007
594
609
1008
595
610
1009
596
611
1010
597
612
1011
598
613
1012
599
614
1013
600
615
1014
601
616
1015
602
617
1016
603
618
1017
604
619
1018
605
620
1019
621
1020
2683
607
622
1021
608
623
1022
609
624
1023
610
625
1024
611
626
1025
612
627
1026
613
628
1027
614
629
1028
615
630
1029
616
631
1030
617
632
1031
618
633
1032
619
634
1033
620
635
1034
621
636
1035
637
1036
2700
623
638
1037
624
639
1038
625
640
1039
626
641
1040
627
642
1041
628
643
1042
629
644
1043
630
645
1044
631
646
1045
632
647
1046
633
648
1047
634
649
1048
635
650
1049
636
651
1050
637
652
1051
653
1052
2717
639
654
1053
640
655
1054
641
656
1055
642
657
1056
643
658
1057
644
659
1058
645
660
1059
646
661
1060
647
662
1061
648
663
1062
649
664
1063
650
665
1064
651
666
1065
652
667
1066
653
668
1067
669
1068
2734
655
670
1069
656
671
1070
657
672
1071
658
673
1072
659
674
1073
660
675
1074
661
676
1075
662
677
1076
663
678
1077
664
679
1078
665
680
1079
666
681
1080
667
682
1081
668
683
1082
669
684
1083
685
1084
2751
671
687
1085
672
688
1086
673
689
1087
674
690
1088
675
691
1089
676
692
1090
677
693
1091
678
694
1092
679
695
1093
680
696
1094
681
697
1095
682
698
1096
683
699
1097
684
700
1098
685
701
1099
686
702
1100
703
2751
2768
3184
688
704
1101
689
705
1102
690
706
1103
691
707
1104
692
708
1105
693
709
1106
694
710
1107
695
711
1108
696
712
1109
697
713
1110
698
714
1111
699
715
1112
700
716
1113
701
717
1114
702
718
1115
703
719
1116
720
1117
2784
705
721
1118
706
722
1119
707
723
1120
708
724
1121
709
725
1122
710
726
1123
711
727
1124
712
728
1125
713
729
1126
714
730
1127
715
731
1128
716
732
1129
717
733
1130
718
734
1131
719
735
1132
720
736
1133
737
1134
2800
722
738
1135
723
739
1136
724
740
1137
725
741
1138
726
742
1139
727
743
1140
728
744
1141
729
745
1142
730
746
1143
731
747
1144
732
748
1145
733
749
1146
734
750
1147
735
751
1148
736
752
1149
737
753
1150
754
1151
2816
739
755
1152
740
756
1153
741
757
1154
742
758
1155
743
759
1156
744
760
1157
745
761
1158
746
762
1159
747
763
1160
748
764
1161
749
765
1162
750
766
1163
751
767
1164
752
768
1165
753
769
1166
754
770
1167
771
1168
2832
756
772
1169
757
773
1170
758
774
1171
759
775
1172
760
776
1173
761
777
1174
762
778
1175
763
779
1176
764
780
1177
765
781
1178
766
782
1179
767
783
1180
768
784
1181
769
785
1182
770
786
1183
771
787
1184
788
1185
2848
773
789
1186
774
790
1187
775
791
1188
776
792
1189
777
793
1190
778
794
1191
779
795
1192
780
796
1193
781
797
1194
782
798
1195
783
799
1196
784
800
1197
785
801
1198
786
802
1199
787
803
1200
788
804
1201
805
1202
2864
790
806
1203
791
807
1204
792
808
1205
793
809
1206
794
810
1207
795
811
1208
796
812
1209
797
813
1210
798
814
1211
799
815
1212
800
816
1213
801
817
1214
802
818
1215
803
819
1216
804
820
1217
805
821
1218
822
1219
2880
807
823
1220
808
824
1221
809
825
1222
810
826
1223
811
827
1224
812
828
1225
813
1226
6672
814
1227
6673
815
1228
6674
816
1229
6675
817
1230
6676
818
1231
6677
819
1232
6678
820
1233
6679
821
1234
6680
822
1235
6681
1236
2896
6682
824
1237
6683
825
1238
6684
826
1239
6685
827
1240
6250
6686
828
1241
6251
6687
1242
6252
6672
6688
830
845
1245
831
846
1246
832
847
1247
833
848
1248
834
849
1249
835
850
1250
836
851
1251
837
852
1252
838
853
1253
839
854
1254
840
855
1255
841
856
1256
842
857
1257
843
858
1258
844
859
1259
860
1260
2912
846
861
1261
847
862
1262
848
863
1263
849
864
1264
850
865
1265
851
866
1266
852
867
1267
853
868
1268
854
869
1269
855
870
1270
856
871
1271
857
872
1272
858
873
1273
859
874
1274
860
875
1275
876
1276
2929
862
877
1277
863
878
1278
864
879
1279
865
880
1280
866
881
1281
867
882
1282
868
883
1283
869
884
1284
870
885
1285
871
886
1286
872
887
1287
873
888
1288
874
889
1289
875
890
1290
876
891
1291
892
1292
2946
878
893
1293
879
894
1294
880
895
1295
881
896
1296
882
897
1297
883
898
1298
884
899
1299
885
900
1300
886
901
1301
887
902
1302
888
903
1303
889
904
1304
890
905
1305
891
906
1306
892
907
1307
908
1308
2963
894
909
1309
895
910
1310
896
911
1311
897
912
1312
898
913
1313
899
914
1314
900
915
1315
901
916
1316
902
917
1317
903
918
1318
904
919
1319
905
920
1320
906
921
1321
907
922
1322
908
923
1323
924
1324
2980
910
925
1325
911
926
1326
912
927
1327
913
928
1328
914
929
1329
915
930
1330
916
931
1331
917
932
1332
918
933
1333
919
934
1334
920
935
1335
921
936
1336
922
937
1337
923
938
1338
924
939
1339
940
1340
2997
926
941
1341
927
942
1342
928
943
1343
929
944
1344
930
945
1345
931
946
1346
932
947
1347
933
948
1348
934
949
1349
935
950
1350
936
951
1351
937
952
1352
938
953
1353
939
954
1354
940
955
1355
956
1356
3014
942
957
1357
943
958
1358
944
959
1359
945
960
1360
946
961
1361
947
962
1362
948
963
1363
949
964
1364
950
965
1365
951
966
1366
952
967
1367
953
968
1368
954
969
1369
955
970
1370
956
971
1371
972
1372
3031
958
973
1373
959
974
1374
960
975
1375
961
976
1376
962
977
1377
963
978
1378
964
979
1379
965
980
1380
966
981
1381
967
982
1382
968
983
1383
969
984
1384
970
985
1385
971
986
1386
972
987
1387
988
1388
3048
974
989
1389
975
990
1390
976
991
1391
977
992
1392
978
993
1393
979
994
1394
980
995
1395
981
996
1396
982
997
1397
983
998
1398
984
999
1399
985
1000
1400
986
1001
1401
987
1002
1402
988
1003
1403
1004
1404
3065
990
1005
1405
991
1006
1406
992
1007
1407
993
1008
1408
994
1009
1409
995
1010
1410
996
1011
1411
997
1012
1412
998
1013
1413
999
1014
1414
1000
1015
1415
1001
1016
1416
1002
1017
1417
1003
1018
1418
1004
1019
1419
1020
1420
3082
1006
1021
1421
1007
1022
1422
1008
1023
1423
1009
1024
1424
1010
1025
1425
1011
1026
1426
1012
1027
1427
1013
1028
1428
1014
1029
1429
1015
1030
1430
1016
1031
1431
1017
1032
1432
1018
1033
1433
1019
1034
1434
1020
1035
1435
1036
1436
3099
1022
1037
1437
1023
1038
1438
1024
1039
1439
1025
1040
1440
1026
1041
1441
1027
1042
1442
1028
1043
1443
1029
1044
1444
1030
1045
1445
1031
1046
1446
1032
1047
1447
1033
1048
1448
1034
1049
1449
1035
1050
1450
1036
1051
1451
1052
1452
3116
1038
1053
1453
1039
1054
1454
1040
1055
1455
1041
1056
1456
1042
1057
1457
1043
1058
1458
1044
1059
1459
1045
1060
1460
1046
1061
1461
1047
1062
1462
1048
1063
1463
1049
1064
1464
1050
1065
1465
1051
1066
1466
1052
1067
1467
1068
1468
3133
1054
1069
1469
1055
1070
1470
1056
1071
1471
1057
1072
1472
1058
1073
1473
1059
1074
1474
1060
1075
1475
1061
1076
1476
1062
1077
1477
1063
1078
1478
1064
1079
1479
1065
1080
1480
1066
1081
1481
1067
1082
1482
1068
1083
1483
1084
1484
3150
1070
1085
1485
1071
1086
1486
1072
1087
1487
1073
1088
1488
1074
1089
1489
1075
1090
1490
1076
1091
1491
1077
1092
1492
1078
1093
1493
1079
1094
1494
1080
1095
1495
1081
1096
1496
1082
1097
1497
1083
1098
1498
1084
1099
1499
1100
1500
3167
1086
1101
1501
1087
1102
1502
1088
1103
1503
1089
1104
1504
1090
1105
1505
1091
1106
1506
1092
1107
1507
1093
1108
1508
1094
1109
1509
1095
1110
1510
1096
1111
1511
1097
1112
1512
1098
1113
1513
1099
1114
1514
1100
1115
1515
1116
1516
3184
1102
1118
1517
1103
1119
1518
1104
1120
1519
1105
1121
1520
1106
1122
1521
1107
1123
1522
1108
1124
1523
1109
1125
1524
1110
1126
1525
1111
1127
1526
1112
1128
1527
1113
1129
1528
1114
1130
1529
1115
1131
1530
1116
1132
1531
1117
1133
1532
1134
3184
3201
3618
1119
1135
1533
1120
1136
1534
1121
1137
1535
1122
1138
1536
1123
1139
1537
1124
1140
1538
1125
1141
1539
1126
1142
1540
1127
1143
1541
1128
1144
1542
1129
1145
1543
1130
1146
1544
1131
1147
1545
1132
1148
1546
1133
1149
1547
1134
1150
1548
1151
1549
3217
1136
1152
1550
1137
1153
1551
1138
1154
1552
1139
1155
1553
1140
1156
1554
1141
1157
1555
1142
1158
1556
1143
1159
1557
1144
1160
1558
1145
1161
1559
1146
1162
1560
1147
1163
1561
1148
1164
1562
1149
1165
1563
1150
1166
1564
1151
1167
1565
1168
1566
3233
1153
1169
1567
1154
1170
1568
1155
1171
1569
1156
1172
1570
1157
1173
1571
1158
1174
1572
1159
1175
1573
1160
1176
1574
1161
1177
1575
1162
1178
1576
1163
1179
1577
1164
1180
1578
1165
1181
1579
1166
1182
1580
1167
1183
1581
1168
1184
1582
1185
1583
3249
1170
1186
1584
1171
1187
1585
1172
1188
1586
1173
1189
1587
1174
1190
1588
1175
1191
1589
1176
1192
1590
1177
1193
1591
1178
1194
1592
1179
1195
1593
1180
1196
1594
1181
1197
1595
1182
1198
1596
1183
1199
1597
1184
1200
1598
1185
1201
1599
1202
1600
3265
1187
1203
1601
1188
1204
1602
1189
1205
1603
1190
1206
1604
1191
1207
1605
1192
1208
1606
1193
1209
1607
1194
1210
1608
1195
1211
1609
1196
1212
1610
1197
1213
1611
1198
1214
1612
1199
1215
1613
1200
1216
1614
1201
1217
1615
1202
1218
1616
1219
1617
3281
1204
1220
1618
1205
1221
1619
1206
1222
1620
1207
1223
1621
1208
1224
1622
1209
1225
1623
1210
1226
1624
1211
1227
1625
1212
1228
1626
1213
1229
1627
1214
1230
1628
1215
1231
1629
1216
1232
1630
1217
1233
1631
1218
1234
1632
1219
1235
1633
1236
1634
3297
1221
1237
1635
1222
1238
1636
1223
1239
1637
1224
1240
1638
1225
1241
1639
1226
1242
1640
1227
1243
1641
1228
1244
1642
1229
1643
7091
1230
1644
7092
1231
1645
7093
1232
1646
7094
1233
1647
7095
1234
1648
7096
1235
1649
7097
1236
1650
7098
1651
3313
7099
1238
1652
7100
1239
1653
7101
1240
1654
7102
1241
1655
7103
1242
1656
7104
1243
1657
7105
1244
1658
6672
7106
1659
6673
7091
7107
1246
1261
1663
1247
1262
1664
1248
1263
1665
1249
1264
1666
1250
1265
1667
1251
1266
1668
1252
1267
1669
1253
1268
1670
1254
1269
1671
1255
1270
1672
1256
1271
1673
1257
1272
1674
1258
1273
1675
1259
1274
1676
1260
1275
1677
1276
1678
3329
1262
1277
1679
1263
1278
1680
1264
1279
1681
1265
1280
1682
1266
1281
1683
1267
1282
1684
1268
1283
1685
1269
1284
1686
1270
1285
1687
1271
1286
1688
1272
1287
1689
1273
1288
1690
1274
1289
1691
1275
1290
1692
1276
1291
1693
1292
1694
3346
1278
1293
1695
1279
1294
1696
1280
1295
1697
1281
1296
1698
1282
1297
1699
1283
1298
1700
1284
1299
1701
1285
1300
1702
1286
1301
1703
1287
1302
1704
1288
1303
1705
1289
1304
1706
1290
1305
1707
1291
1306
1708
1292
1307
1709
1308
1710
3363
1294
1309
1711
1295
1310
1712
1296
1311
1713
1297
1312
1714
1298
1313
1715
1299
1314
1716
1300
1315
1717
1301
1316
1718
1302
1317
1719
1303
1318
1720
1304
1319
1721
1305
1320
1722
1306
1321
1723
1307
1322
1724
1308
1323
1725
1324
1726
3380
1310
1325
1727
1311
1326
1728
1312
1327
1729
1313
1328
1730
1314
1329
1731
1315
1330
1732
1316
1331
1733
1317
1332
1734
1318
1333
1735
1319
1334
1736
1320
1335
1737
1321
1336
1738
1322
1337
1739
1323
1338
1740
1324
1339
1741
1340
1742
3397
1326
1341
1743
1327
1342
1744
1328
1343
1745
1329
1344
1746
1330
1345
1747
1331
1346
1748
1332
1347
1749
1333
1348
1750
1334
1349
1751
1335
1350
1752
1336
1351
1753
1337
1352
1754
1338
1353
1755
1339
1354
1756
1340
1355
1757
1356
1758
3414
1342
1357
1759
1343
1358
1760
1344
1359
1761
1345
1360
1762
1346
1361
1763
1347
1362
1764
1348
1363
1765
1349
1364
1766
1350
1365
1767
1351
1366
1768
1352
1367
1769
1353
1368
1770
1354
1369
1771
1355
1370
1772
1356
1371
1773
1372
1774
3431
1358
1373
1775
1359
1374
1776
1360
1375
1777
1361
1376
1778
1362
1377
1779
1363
1378
1780
1364
1379
1781
1365
1380
1782
1366
1381
1783
1367
1382
1784
1368
1383
1785
1369
1384
1786
1370
1385
1787
1371
1386
1788
1372
1387
1789
1388
1790
3448
1374
1389
1791
1375
1390
1792
1376
1391
1793
1377
1392
1794
1378
1393
1795
1379
1394
1796
1380
1395
1797
1381
1396
1798
1382
1397
1799
1383
1398
1800
1384
1399
1801
1385
1400
1802
1386
1401
1803
1387
1402
1804
1388
1403
1805
1404
1806
3465
1390
1405
1807
1391
1406
1808
1392
1407
1809
1393
1408
1810
1394
1409
1811
1395
1410
1812
1396
1411
1813
1397
1412
1814
1398
1413
1815
1399
1414
1816
1400
1415
1817
1401
1416
1818
1402
1417
1819
1403
1418
1820
1404
1419
1821
1420
1822
3482
1406
1421
1823
1407
1422
1824
1408
1423
1825
1409
1424
1826
1410
1425
1827
1411
1426
1828
1412
1427
1829
1413
1428
1830
1414
1429
1831
1415
1430
1832
1416
1431
1833
1417
1432
1834
1418
1433
1835
1419
1434
1836
1420
1435
1837
1436
1838
3499
1422
1437
1839
1423
1438
1840
1424
1439
1841
1425
1440
1842
1426
1441
1843
1427
1442
1844
1428
1443
1845
1429
1444
1846
1430
1445
1847
1431
1446
1848
1432
1447
1849
1433
1448
1850
1434
1449
1851
1435
1450
1852
1436
1451
1853
1452
1854
3516
1438
1453
1855
1439
1454
1856
1440
1455
1857
1441
1456
1858
1442
1457
1859
1443
1458
1860
1444
1459
1861
1445
1460
1862
1446
1461
1863
1447
1462
1864
1448
1463
1865
1449
1464
1866
1450
1465
1867
1451
1466
1868
1452
1467
1869
1468
1870
3533
1454
1469
1871
1455
1470
1872
1456
1471
1873
1457
1472
1874
1458
1473
1875
1459
1474
1876
1460
1475
1877
1461
1476
1878
1462
1477
1879
1463
1478
1880
1464
1479
1881
1465
1480
1882
1466
1481
1883
1467
1482
1884
1468
1483
1885
1484
1886
3550
1470
1485
1887
1471
1486
1888
1472
1487
1889
1473
1488
1890
1474
1489
1891
1475
1490
1892
1476
1491
1893
1477
1492
1894
1478
1493
1895
1479
1494
1896
1480
1495
1897
1481
1496
1898
1482
1497
1899
1483
1498
1900
1484
1499
1901
1500
1902
3567
1486
1501
1903
1487
1502
1904
1488
1503
1905
1489
1504
1906
1490
1505
1907
1491
1506
1908
1492
1507
1909
1493
1508
1910
1494
1509
1911
1495
1510
1912
1496
1511
1913
1497
1512
1914
1498
1513
1915
1499
1514
1916
1500
1515
1917
1516
1918
3584
1502
1517
1919
1503
1518
1920
1504
1519
1921
1505
1520
1922
1506
1521
1923
1507
1522
1924
1508
1523
1925
1509
1524
1926
1510
1525
1927
1511
1526
1928
1512
1527
1929
1513
1528
1930
1514
1529
1931
1515
1530
1932
1516
1531
1933
1532
1934
3601
1518
1533
1935
1519
1534
1936
1520
1535
1937
1521
1536
1938
1522
1537
1939
1523
1538
1940
1524
1539
1941
1525
1540
1942
1526
1541
1943
1527
1542
1944
1528
1543
1945
1529
1544
1946
1530
1545
1947
1531
1546
1948
1532
1547
1949
1548
1950
3618
1534
1550
1951
1535
1551
1952
1536
1552
1953
1537
1553
1954
1538
1554
1955
1539
1555
1956
1540
1556
1957
1541
1557
1958
1542
1558
1959
1543
1559
1960
1544
1560
1961
1545
1561
1962
1546
1562
1963
1547
1563
1964
1548
1564
1965
1549
1565
1966
1566
3618
3635
4053
1551
1567
1967
1552
1568
1968
1553
1569
1969
1554
1570
1970
1555
1571
1971
1556
1572
1972
1557
1573
1973
1558
1574
1974
1559
1575
1975
1560
1576
1976
1561
1577
1977
1562
1578
1978
1563
1579
1979
1564
1580
1980
1565
1581
1981
1566
1582
1982
1583
1983
3651
1568
1584
1984
1569
1585
1985
1570
1586
1986
1571
1587
1987
1572
1588
1988
1573
1589
1989
1574
1590
1990
1575
1591
1991
1576
1592
1992
1577
1593
1993
1578
1594
1994
1579
1595
1995
1580
1596
1996
1581
1597
1997
1582
1598
1998
1583
1599
1999
1600
2000
3667
1585
1601
2001
1586
1602
2002
1587
1603
2003
1588
1604
2004
1589
1605
2005
1590
1606
2006
1591
1607
2007
1592
1608
2008
1593
1609
2009
1594
1610
2010
1595
1611
2011
1596
1612
2012
1597
1613
2013
1598
1614
2014
1599
1615
2015
1600
1616
2016
1617
2017
3683
1602
1618
2018
1603
1619
2019
1604
1620
2020
1605
1621
2021
1606
1622
2022
1607
1623
2023
1608
1624
2024
1609
1625
2025
1610
1626
2026
1611
1627
2027
1612
1628
2028
1613
1629
2029
1614
1630
2030
1615
1631
2031
1616
1632
2032
1617
1633
2033
1634
2034
3699
1619
1635
2035
1620
1636
2036
1621
1637
2037
1622
1638
2038
1623
1639
2039
1624
1640
2040
1625
1641
2041
1626
1642
2042
1627
1643
2043
1628
1644
2044
1629
1645
2045
1630
1646
2046
1631
1647
2047
1632
1648
2048
1633
1649
2049
1634
1650
2050
1651
2051
3715
1636
1652
2052
1637
1653
2053
1638
1654
2054
1639
1655
2055
1640
1656
2056
1641
1657
2057
1642
1658
2058
1643
1659
2059
1644
1660
2060
1645
1661
2061
1646
1662
2062
1647
2063
7508
1648
2064
7509
1649
2065
7510
1650
2066
7511
1651
2067
7512
2068
3731
7513
1653
2069
7514
1654
2070
7515
1655
2071
7516
1656
2072
7517
1657
2073
7518
1658
2074
7519
1659
2075
7520
1660
2076
7521
1661
2077
7091
7522
1662
2078
7092
7523
2079
7093
7508
7524
1664
1679
1665
1680
1666
1681
1667
1682
1668
1683
1669
1684
1670
1685
1671
1686
1672
1687
1673
1688
1674
1689
1675
1690
1676
1691
1677
1692
1678
1693
1694
3747
1680
1695
1681
1696
1682
1697
1683
1698
1684
1699
1685
1700
1686
1701
1687
1702
1688
1703
1689
1704
1690
1705
1691
1706
1692
1707
1693
1708
1694
1709
1710
3764
1696
1711
1697
1712
1698
1713
1699
1714
1700
1715
1701
1716
1702
1717
1703
1718
1704
1719
1705
1720
1706
1721
1707
1722
1708
1723
1709
1724
1710
1725
1726
3781
1712
1727
1713
1728
1714
1729
1715
1730
1716
1731
1717
1732
1718
1733
1719
1734
1720
1735
1721
1736
1722
1737
1723
1738
1724
1739
1725
1740
1726
1741
1742
3798
1728
1743
1729
1744
1730
1745
1731
1746
1732
1747
1733
1748
1734
1749
1735
1750
1736
1751
1737
1752
1738
1753
1739
1754
1740
1755
1741
1756
1742
1757
1758
3815
1744
1759
1745
1760
1746
1761
1747
1762
1748
1763
1749
1764
1750
1765
1751
1766
1752
1767
1753
1768
1754
1769
1755
1770
1756
1771
1757
1772
1758
1773
1774
3832
1760
1775
1761
1776
1762
1777
1763
1778
1764
1779
1765
1780
1766
1781
1767
1782
1768
1783
1769
1784
1770
1785
1771
1786
1772
1787
1773
1788
1774
1789
1790
3849
1776
1791
1777
1792
1778
1793
1779
1794
1780
1795
1781
1796
1782
1797
1783
1798
1784
1799
1785
1800
1786
1801
1787
1802
1788
1803
1789
1804
1790
1805
1806
3866
1792
1807
1793
1808
1794
1809
1795
1810
1796
1811
1797
1812
1798
1813
1799
1814
1800
1815
1801
1816
1802
1817
1803
1818
1804
1819
1805
1820
1806
1821
1822
3883
1808
1823
1809
1824
1810
1825
1811
1826
1812
1827
1813
1828
1814
1829
1815
1830
1816
1831
1817
1832
1818
1833
1819
1834
1820
1835
1821
1836
1822
1837
1838
3900
1824
1839
1825
1840
1826
1841
1827
1842
1828
1843
1829
1844
1830
1845
1831
1846
1832
1847
1833
1848
1834
1849
1835
1850
1836
1851
1837
1852
1838
1853
1854
3917
1840
1855
1841
1856
1842
1857
1843
1858
1844
1859
1845
1860
1846
1861
1847
1862
1848
1863
1849
1864
1850
1865
1851
1866
1852
1867
1853
1868
1854
1869
1870
3934
1856
1871
1857
1872
1858
1873
1859
1874
1860
1875
1861
1876
1862
1877
1863
1878
1864
1879
1865
1880
1866
1881
1867
1882
1868
1883
1869
1884
1870
1885
1886
3951
1872
1887
1873
1888
1874
1889
1875
1890
1876
1891
1877
1892
1878
1893
1879
1894
1880
1895
1881
1896
1882
1897
1883
1898
1884
1899
1885
1900
1886
1901
1902
3968
1888
1903
1889
1904
1890
1905
1891
1906
1892
1907
1893
1908
1894
1909
1895
1910
1896
1911
1897
1912
1898
1913
1899
1914
1900
1915
1901
1916
1902
1917
1918
3985
1904
1919
1905
1920
1906
1921
1907
1922
1908
1923
1909
1924
1910
1925
1911
1926
1912
1927
1913
1928
1914
1929
1915
1930
1916
1931
1917
1932
1918
1933
1934
4002
1920
1935
1921
1936
1922
1937
1923
1938
1924
1939
1925
1940
1926
1941
1927
1942
1928
1943
1929
1944
1930
1945
1931
1946
1932
1947
1933
1948
1934
1949
1950
4019
1936
1951
1937
1952
1938
1953
1939
1954
1940
1955
1941
1956
1942
1957
1943
1958
1944
1959
1945
1960
1946
1961
1947
1962
1948
1963
1949
1964
1950
1965
1966
4036
1952
1967
1953
1968
1954
1969
1955
1970
1956
1971
1957
1972
1958
1973
1959
1974
1960
1975
1961
1976
1962
1977
1963
1978
1964
1979
1965
1980
1966
1981
1982
4053
1968
1984
1969
1985
1970
1986
1971
1987
1972
1988
1973
1989
1974
1990
1975
1991
1976
1992
1977
1993
1978
1994
1979
1995
1980
1996
1981
1997
1982
1998
1983
1999
2000
4053
4070
1985
2001
1986
2002
1987
2003
1988
2004
1989
2005
1990
2006
1991
2007
1992
2008
1993
2009
1994
2010
1995
2011
1996
2012
1997
2013
1998
2014
1999
2015
2000
2016
2017
4086
2002
2018
2003
2019
2004
2020
2005
2021
2006
2022
2007
2023
2008
2024
2009
2025
2010
2026
2011
2027
2012
2028
2013
2029
2014
2030
2015
2031
2016
2032
2017
2033
2034
4102
2019
2035
2020
2036
2021
2037
2022
2038
2023
2039
2024
2040
2025
2041
2026
2042
2027
2043
2028
2044
2029
2045
2030
2046
2031
2047
2032
2048
2033
2049
2034
2050
2051
4118
2036
2052
2037
2053
2038
2054
2039
2055
2040
2056
2041
2057
2042
2058
2043
2059
2044
2060
2045
2061
2046
2062
2047
2063
2048
2064
2049
2065
2050
2066
2051
2067
2068
4134
2053
2069
2054
2070
2055
2071
2056
2072
2057
2073
2058
2074
2059
2075
2060
2076
2061
2077
2062
2078
2063
2079
2064
2080
2065
2081
2066
2082
2067
7922
2068
7923
4150
7924
2070
7925
2071
7926
2072
7927
2073
7928
2074
7929
2075
7930
2076
7931
2077
7932
2078
7933
2079
7934
2080
7935
2081
7508
7936
2082
7509
7937
7510
7922
7938
2084
2100
2496
2085
2101
2497
2086
2102
2498
2087
2103
2499
2088
2104
2500
2089
2105
2501
2090
2106
2502
2091
2107
2503
2092
2108
2504
2093
2109
2505
2094
2110
2506
2095
2111
2507
2096
2112
2508
2097
2113
2509
2098
2114
2510
2099
2115
2511
2116
2512
4166
2101
2117
2513
2102
2118
2514
2103
2119
2515
2104
2120
2516
2105
2121
2517
2106
2122
2518
2107
2123
2519
2108
2124
2520
2109
2125
2521
2110
2126
2522
2111
2127
2523
2112
2128
2524
2113
2129
2525
2114
2130
2526
2115
2131
2527
2116
2132
2528
2133
2529
4183
2118
2134
2530
2119
2135
2531
2120
2136
2532
2121
2137
2533
2122
2138
2534
2123
2139
2535
2124
2140
2536
2125
2141
2537
2126
2142
2538
2127
2143
2539
2128
2144
2540
2129
2145
2541
2130
2146
2542
2131
2147
2543
2132
2148
2544
2133
2149
2545
2150
2546
4200
2135
2151
2547
2136
2152
2548
2137
2153
2549
2138
2154
2550
2139
2155
2551
2140
2156
2552
2141
2157
2553
2142
2158
2554
2143
2159
2555
2144
2160
2556
2145
2161
2557
2146
2162
2558
2147
2163
2559
2148
2164
2560
2149
2165
2561
2150
2166
2562
2167
2563
4217
2152
2168
2564
2153
2169
2565
2154
2170
2566
2155
2171
2567
2156
2172
2568
2157
2173
2569
2158
2174
2570
2159
2175
2571
2160
2176
2572
2161
2177
2573
2162
2178
2574
2163
2179
2575
2164
2180
2576
2165
2181
2577
2166
2182
2578
2167
2183
2579
2184
2580
4234
2169
2185
2581
2170
2186
2582
2171
2187
2583
2172
2188
2584
2173
2189
2585
2174
2190
2586
2175
2191
2587
2176
2192
2588
2177
2193
2589
2178
2194
2590
2179
2195
2591
2180
2196
2592
2181
2197
2593
2182
2198
2594
2183
2199
2595
2184
2200
2596
2201
2597
4251
2186
2202
2598
2187
2203
2599
2188
2204
2600
2189
2205
2601
2190
2206
2602
2191
2207
2603
2192
2208
2604
2193
2209
2605
2194
2210
2606
2195
2211
2607
2196
2212
2608
2197
2213
2609
2198
2214
2610
2199
2215
2611
2200
2216
2612
2201
2217
2613
2218
2614
4268
2203
2219
2615
2204
2220
2616
2205
2221
2617
2206
2222
2618
2207
2223
2619
2208
2224
2620
2209
2225
2621
2210
2226
2622
2211
2227
2623
2212
2228
2624
2213
2229
2625
2214
2230
2626
2215
2231
2627
2216
2232
2628
2217
2233
2629
2218
2234
2630
2235
2631
4285
2220
2236
2632
2221
2237
2633
2222
2238
2634
2223
2239
2635
2224
2240
2636
2225
2241
2637
2226
2242
2638
2227
2243
2639
2228
2244
2640
2229
2245
2641
2230
2246
2642
2231
2247
2643
2232
2248
2644
2233
2249
2645
2234
2250
2646
2235
2251
2647
2252
2648
4302
2237
2253
2649
2238
2254
2650
2239
2255
2651
2240
2256
2652
2241
2257
2653
2242
2258
2654
2243
2259
2655
2244
2260
2656
2245
2261
2657
2246
2262
2658
2247
2263
2659
2248
2264
2660
2249
2265
2661
2250
2266
2662
2251
2267
2663
2252
2268
2664
2269
2665
4319
2254
2270
2666
2255
2271
2667
2256
2272
2668
2257
2273
2669
2258
2274
2670
2259
2275
2671
2260
2276
2672
2261
2277
2673
2262
2278
2674
2263
2279
2675
2264
2280
2676
2265
2281
2677
2266
2282
2678
2267
2283
2679
2268
2284
2680
2269
2285
2681
2286
2682
4336
2271
2287
2683
2272
2288
2684
2273
2289
2685
2274
2290
2686
2275
2291
2687
2276
2292
2688
2277
2293
2689
2278
2294
2690
2279
2295
2691
2280
2296
2692
2281
2297
2693
2282
2298
2694
2283
2299
2695
2284
2300
2696
2285
2301
2697
2286
2302
2698
2303
2699
4353
2288
2304
2700
2289
2305
2701
2290
2306
2702
2291
2307
2703
2292
2308
2704
2293
2309
2705
2294
2310
2706
2295
2311
2707
2296
2312
2708
2297
2313
2709
2298
2314
2710
2299
2315
2711
2300
2316
2712
2301
2317
2713
2302
2318
2714
2303
2319
2715
2320
2716
4370
2305
2717
2306
2321
2718
2307
2322
2719
2308
2323
2720
2309
2324
2721
2310
2325
2722
2311
2326
2723
2312
2327
2724
2313
2328
2725
2314
2329
2726
2315
2330
2727
2316
2331
2728
2317
2332
2729
2318
2333
2730
2319
2334
2731
2320
2335
2732
2336
2733
4387
2322
2337
2735
2323
2338
2736
2324
2339
2737
2325
2340
2738
2326
2341
2739
2327
2342
2740
2328
2343
2741
2329
2344
2742
2330
2345
2743
2331
2346
2744
2332
2347
2745
2333
2348
2746
2334
2349
2747
2335
2350
2748
2336
2351
2749
2352
2750
4404
2338
2353
2752
2339
2354
2753
2340
2355
2754
2341
2356
2755
2342
2357
2756
2343
2358
2757
2344
2359
2758
2345
2360
2759
2346
2361
2760
2347
2362
2761
2348
2363
2762
2349
2364
2763
2350
2365
2764
2351
2366
2765
2352
2367
2766
2368
2767
4421
2354
2369
2768
2355
2370
2769
2356
2371
2770
2357
2372
2771
2358
2373
2772
2359
2374
2773
2360
2375
2774
2361
2376
2775
2362
2377
2776
2363
2378
2777
2364
2379
2778
2365
2380
2779
2366
2381
2780
2367
2382
2781
2368
2383
2782
2384
2783
4438
2370
2385
2784
2371
2386
2785
2372
2387
2786
2373
2388
2787
2374
2389
2788
2375
2390
2789
2376
2391
2790
2377
2392
2791
2378
2393
2792
2379
2394
2793
2380
2395
2794
2381
2396
2795
2382
2397
2796
2383
2398
2797
2384
2399
2798
2400
2799
4455
2386
2401
2800
2387
2402
2801
2388
2403
2802
2389
2404
2803
2390
2405
2804
2391
2406
2805
2392
2407
2806
2393
2408
2807
2394
2409
2808
2395
2410
2809
2396
2411
2810
2397
2412
2811
2398
2413
2812
2399
2414
2813
2400
2415
2814
2416
2815
4472
2402
2417
2816
2403
2418
2817
2404
2419
2818
2405
2420
2819
2406
2421
2820
2407
2422
2821
2408
2423
2822
2409
2424
2823
2410
2425
2824
2411
2426
2825
2412
2427
2826
2413
2428
2827
2414
2429
2828
2415
2430
2829
2416
2431
2830
2432
2831
4489
2418
2433
2832
2419
2434
2833
2420
2435
2834
2421
2436
2835
2422
2437
2836
2423
2438
2837
2424
2439
2838
2425
2440
2839
2426
2441
2840
2427
2442
2841
2428
2443
2842
2429
2444
2843
2430
2445
2844
2431
2446
2845
2432
2447
2846
2448
2847
4506
2434
2449
2848
2435
2450
2849
2436
2451
2850
2437
2452
2851
2438
2453
2852
2439
2454
2853
2440
2455
2854
2441
2456
2855
2442
2457
2856
2443
2458
2857
2444
2459
2858
2445
2460
2859
2446
2461
2860
2447
2462
2861
2448
2463
2862
2464
2863
4523
2450
2465
2864
2451
2466
2865
2452
2467
2866
2453
2468
2867
2454
2469
2868
2455
2470
2869
2456
2471
2870
2457
2472
2871
2458
2473
2872
2459
2474
2873
2460
2475
2874
2461
2476
2875
2462
2477
2876
2463
2478
2877
2464
2479
2878
2480
2879
4540
2466
2481
2880
2467
2482
2881
2468
2483
2882
2469
2484
2883
2470
2485
2884
2471
2486
2885
2472
2487
2886
2473
2488
2887
2474
2489
2888
2475
2490
2889
2476
2491
2890
2477
2492
2891
2478
2493
2892
2479
2494
2893
2480
2495
2894
2895
4557
8333
2482
2896
8334
2483
2897
8335
2484
2898
8336
2485
2899
8337
2486
2900
8338
2487
2901
8339
2488
2902
8340
2489
2903
8341
2490
2904
8342
2491
2905
8343
2492
2906
8344
2493
2907
8345
2494
2908
8346
2495
2909
8347
2910
8333
8348
2497
2513
2912
2498
2514
2913
2499
2515
2914
2500
2516
2915
2501
2517
2916
2502
2518
2917
2503
2519
2918
2504
2520
2919
2505
2521
2920
2506
2522
2921
2507
2523
2922
2508
2524
2923
2509
2525
2924
2510
2526
2925
2511
2527
2926
2512
2528
2927
2529
2928
4578
2514
2530
2929
2515
2531
2930
2516
2532
2931
2517
2533
2932
2518
2534
2933
2519
2535
2934
2520
2536
2935
2521
2537
2936
2522
2538
2937
2523
2539
2938
2524
2540
2939
2525
2541
2940
2526
2542
2941
2527
2543
2942
2528
2544
2943
2529
2545
2944
2546
2945
4595
2531
2547
2946
2532
2548
2947
2533
2549
2948
2534
2550
2949
2535
2551
2950
2536
2552
2951
2537
2553
2952
2538
2554
2953
2539
2555
2954
2540
2556
2955
2541
2557
2956
2542
2558
2957
2543
2559
2958
2544
2560
2959
2545
2561
2960
2546
2562
2961
2563
2962
4612
2548
2564
2963
2549
2565
2964
2550
2566
2965
2551
2567
2966
2552
2568
2967
2553
2569
2968
2554
2570
2969
2555
2571
2970
2556
2572
2971
2557
2573
2972
2558
2574
2973
2559
2575
2974
2560
2576
2975
2561
2577
2976
2562
2578
2977
2563
2579
2978
2580
2979
4629
2565
2581
2980
2566
2582
2981
2567
2583
2982
2568
2584
2983
2569
2585
2984
2570
2586
2985
2571
2587
2986
2572
2588
2987
2573
2589
2988
2574
2590
2989
2575
2591
2990
2576
2592
2991
2577
2593
2992
2578
2594
2993
2579
2595
2994
2580
2596
2995
2597
2996
4646
2582
2598
2997
2583
2599
2998
2584
2600
2999
2585
2601
3000
2586
2602
3001
2587
2603
3002
2588
2604
3003
2589
2605
3004
2590
2606
3005
2591
2607
3006
2592
2608
3007
2593
2609
3008
2594
2610
3009
2595
2611
3010
2596
2612
3011
2597
2613
3012
2614
3013
4663
2599
2615
3014
2600
2616
3015
2601
2617
3016
2602
2618
3017
2603
2619
3018
2604
2620
3019
2605
2621
3020
2606
2622
3021
2607
2623
3022
2608
2624
3023
2609
2625
3024
2610
2626
3025
2611
2627
3026
2612
2628
3027
2613
2629
3028
2614
2630
3029
2631
3030
4680
2616
2632
3031
2617
2633
3032
2618
2634
3033
2619
2635
3034
2620
2636
3035
2621
2637
3036
2622
2638
3037
2623
2639
3038
2624
2640
3039
2625
2641
3040
2626
2642
3041
2627
2643
3042
2628
2644
3043
2629
2645
3044
2630
2646
3045
2631
2647
3046
2648
3047
4697
2633
2649
3048
2634
2650
3049
2635
2651
3050
2636
2652
3051
2637
2653
3052
2638
2654
3053
2639
2655
3054
2640
2656
3055
2641
2657
3056
2642
2658
3057
2643
2659
3058
2644
2660
3059
2645
2661
3060
2646
2662
3061
2647
2663
3062
2648
2664
3063
2665
3064
4714
2650
2666
3065
2651
2667
3066
2652
2668
3067
2653
2669
3068
2654
2670
3069
2655
2671
3070
2656
2672
3071
2657
2673
3072
2658
2674
3073
2659
2675
3074
2660
2676
3075
2661
2677
3076
2662
2678
3077
2663
2679
3078
2664
2680
3079
2665
2681
3080
2682
3081
4731
2667
2683
3082
2668
2684
3083
2669
2685
3084
2670
2686
3085
2671
2687
3086
2672
2688
3087
2673
2689
3088
2674
2690
3089
2675
2691
3090
2676
2692
3091
2677
2693
3092
2678
2694
3093
2679
2695
3094
2680
2696
3095
2681
2697
3096
2682
2698
3097
2699
3098
4748
2684
2700
3099
2685
2701
3100
2686
2702
3101
2687
2703
3102
2688
2704
3103
2689
2705
3104
2690
2706
3105
2691
2707
3106
2692
2708
3107
2693
2709
3108
2694
2710
3109
2695
2711
3110
2696
2712
3111
2697
2713
3112
2698
2714
3113
2699
2715
3114
2716
3115
4765
2701
2717
3116
2702
2718
3117
2703
2719
3118
2704
2720
3119
2705
2721
3120
2706
2722
3121
2707
2723
3122
2708
2724
3123
2709
2725
3124
2710
2726
3125
2711
2727
3126
2712
2728
3127
2713
2729
3128
2714
2730
3129
2715
2731
3130
2716
2732
3131
2733
3132
4782
2718
2734
3133
2719
2735
3134
2720
2736
3135
2721
2737
3136
2722
2738
3137
2723
2739
3138
2724
2740
3139
2725
2741
3140
2726
2742
3141
2727
2743
3142
2728
2744
3143
2729
2745
3144
2730
2746
3145
2731
2747
3146
2732
2748
3147
2733
2749
3148
2750
3149
4799
2735
2751
3150
2736
2752
3151
2737
2753
3152
2738
2754
3153
2739
2755
3154
2740
2756
3155
2741
2757
3156
2742
2758
3157
2743
2759
3158
2744
2760
3159
2745
2761
3160
2746
2762
3161
2747
2763
3162
2748
2764
3163
2749
2765
3164
2750
2766
3165
2767
3166
4816
2752
3167
2753
2768
3168
2754
2769
3169
2755
2770
3170
2756
2771
3171
2757
2772
3172
2758
2773
3173
2759
2774
3174
2760
2775
3175
2761
2776
3176
2762
2777
3177
2763
2778
3178
2764
2779
3179
2765
2780
3180
2766
2781
3181
2767
2782
3182
2783
3183
4833
2769
2784
3185
2770
2785
3186
2771
2786
3187
2772
2787
3188
2773
2788
3189
2774
2789
3190
2775
2790
3191
2776
2791
3192
2777
2792
3193
2778
2793
3194
2779
2794
3195
2780
2795
3196
2781
2796
3197
2782
2797
3198
2783
2798
3199
2799
3200
4850
2785
2800
3201
2786
2801
3202
2787
2802
3203
2788
2803
3204
2789
2804
3205
2790
2805
3206
2791
2806
3207
2792
2807
3208
2793
2808
3209
2794
2809
3210
2795
2810
3211
2796
2811
3212
2797
2812
3213
2798
2813
3214
2799
2814
3215
2815
3216
4867
2801
2816
3217
2802
2817
3218
2803
2818
3219
2804
2819
3220
2805
2820
3221
2806
2821
3222
2807
2822
3223
2808
2823
3224
2809
2824
3225
2810
2825
3226
2811
2826
3227
2812
2827
3228
2813
2828
3229
2814
2829
3230
2815
2830
3231
2831
3232
4884
2817
2832
3233
2818
2833
3234
2819
2834
3235
2820
2835
3236
2821
2836
3237
2822
2837
3238
2823
2838
3239
2824
2839
3240
2825
2840
3241
2826
2841
3242
2827
2842
3243
2828
2843
3244
2829
2844
3245
2830
2845
3246
2831
2846
3247
2847
3248
4901
2833
2848
3249
2834
2849
3250
2835
2850
3251
2836
2851
3252
2837
2852
3253
2838
2853
3254
2839
2854
3255
2840
2855
3256
2841
2856
3257
2842
2857
3258
2843
2858
3259
2844
2859
3260
2845
2860
3261
2846
2861
3262
2847
2862
3263
2863
3264
4918
2849
2864
3265
2850
2865
3266
2851
2866
3267
2852
2867
3268
2853
2868
3269
2854
2869
3270
2855
2870
3271
2856
2871
3272
2857
2872
3273
2858
2873
3274
2859
2874
3275
2860
2875
3276
2861
2876
3277
2862
2877
3278
2863
2878
3279
2879
3280
4935
2865
2880
3281
2866
2881
3282
2867
2882
3283
2868
2883
3284
2869
2884
3285
2870
2885
3286
2871
2886
3287
2872
2887
3288
2873
2888
3289
2874
2889
3290
2875
2890
3291
2876
2891
3292
2877
2892
3293
2878
2893
3294
2879
2894
3295
2895
3296
4952
2881
2896
3297
2882
2897
3298
2883
2898
3299
2884
2899
3300
2885
2900
3301
2886
2901
3302
2887
2902
3303
2888
2903
3304
2889
2904
3305
2890
2905
3306
2891
2906
3307
2892
2907
3308
2893
2908
3309
2894
2909
3310
2895
2910
3311
2911
3312
4969
2897
3313
8753
2898
3314
8754
2899
3315
8755
2900
3316
8756
2901
3317
8757
2902
3318
8758
2903
3319
8759
2904
3320
8760
2905
3321
8761
2906
3322
8762
2907
3323
8763
2908
3324
8764
2909
3325
8765
2910
3326
8766
2911
3327
8767
3328
4986
8333
8768
2913
2929
3329
2914
2930
3330
2915
2931
3331
2916
2932
3332
2917
2933
3333
2918
2934
3334
2919
2935
3335
2920
2936
3336
2921
2937
3337
2922
2938
3338
2923
2939
3339
2924
2940
3340
2925
2941
3341
2926
2942
3342
2927
2943
3343
2928
2944
3344
2945
3345
4992
2930
2946
3346
2931
2947
3347
2932
2948
3348
2933
2949
3349
2934
2950
3350
2935
2951
3351
2936
2952
3352
2937
2953
3353
2938
2954
3354
2939
2955
3355
2940
2956
3356
2941
2957
3357
2942
2958
3358
2943
2959
3359
2944
2960
3360
2945
2961
3361
2962
3362
5009
2947
2963
3363
2948
2964
3364
2949
2965
3365
2950
2966
3366
2951
2967
3367
2952
2968
3368
2953
2969
3369
2954
2970
3370
2955
2971
3371
2956
2972
3372
2957
2973
3373
2958
2974
3374
2959
2975
3375
2960
2976
3376
2961
2977
3377
2962
2978
3378
2979
3379
5026
2964
2980
3380
2965
2981
3381
2966
2982
3382
2967
2983
3383
2968
2984
3384
2969
2985
3385
2970
2986
3386
2971
2987
3387
2972
2988
3388
2973
2989
3389
2974
2990
3390
2975
2991
3391
2976
2992
3392
2977
2993
3393
2978
2994
3394
2979
2995
3395
2996
3396
5043
2981
2997
3397
2982
2998
3398
2983
2999
3399
2984
3000
3400
2985
3001
3401
2986
3002
3402
2987
3003
3403
2988
3004
3404
2989
3005
3405
2990
3006
3406
2991
3007
3407
2992
3008
3408
2993
3009
3409
2994
3010
3410
2995
3011
3411
2996
3012
3412
3013
3413
5060
2998
3014
3414
2999
3015
3415
3000
3016
3416
3001
3017
3417
3002
3018
3418
3003
3019
3419
3004
3020
3420
3005
3021
3421
3006
3022
3422
3007
3023
3423
3008
3024
3424
3009
3025
3425
3010
3026
3426
3011
3027
3427
3012
3028
3428
3013
3029
3429
3030
3430
5077
3015
3031
3431
3016
3032
3432
3017
3033
3433
3018
3034
3434
3019
3035
3435
3020
3036
3436
3021
3037
3437
3022
3038
3438
3023
3039
3439
3024
3040
3440
3025
3041
3441
3026
3042
3442
3027
3043
3443
3028
3044
3444
3029
3045
3445
3030
3046
3446
3047
3447
5094
3032
3048
3448
3033
3049
3449
3034
3050
3450
3035
3051
3451
3036
3052
3452
3037
3053
3453
3038
3054
3454
3039
3055
3455
3040
3056
3456
3041
3057
3457
3042
3058
3458
3043
3059
3459
3044
3060
3460
3045
3061
3461
3046
3062
3462
3047
3063
3463
3064
3464
5111
3049
3065
3465
3050
3066
3466
3051
3067
3467
3052
3068
3468
3053
3069
3469
3054
3070
3470
3055
3071
3471
3056
3072
3472
3057
3073
3473
3058
3074
3474
3059
3075
3475
3060
3076
3476
3061
3077
3477
3062
3078
3478
3063
3079
3479
3064
3080
3480
3081
3481
5128
3066
3082
3482
3067
3083
3483
3068
3084
3484
3069
3085
3485
3070
3086
3486
3071
3087
3487
3072
3088
3488
3073
3089
3489
3074
3090
3490
3075
3091
3491
3076
3092
3492
3077
3093
3493
3078
3094
3494
3079
3095
3495
3080
3096
3496
3081
3097
3497
3098
3498
5145
3083
3099
3499
3084
3100
3500
3085
3101
3501
3086
3102
3502
3087
3103
3503
3088
3104
3504
3089
3105
3505
3090
3106
3506
3091
3107
3507
3092
3108
3508
3093
3109
3509
3094
3110
3510
3095
3111
3511
3096
3112
3512
3097
3113
3513
3098
3114
3514
3115
3515
5162
3100
3116
3516
3101
3117
3517
3102
3118
3518
3103
3119
3519
3104
3120
3520
3105
3121
3521
3106
3122
3522
3107
3123
3523
3108
3124
3524
3109
3125
3525
3110
3126
3526
3111
3127
3527
3112
3128
3528
3113
3129
3529
3114
3130
3530
3115
3131
3531
3132
3532
5179
3117
3133
3533
3118
3134
3534
3119
3135
3535
3120
3136
3536
3121
3137
3537
3122
3138
3538
3123
3139
3539
3124
3140
3540
3125
3141
3541
3126
3142
3542
3127
3143
3543
3128
3144
3544
3129
3145
3545
3130
3146
3546
3131
3147
3547
3132
3148
3548
3149
3549
5196
3134
3150
3550
3135
3151
3551
3136
3152
3552
3137
3153
3553
3138
3154
3554
3139
3155
3555
3140
3156
3556
3141
3157
3557
3142
3158
3558
3143
3159
3559
3144
3160
3560
3145
3161
3561
3146
3162
3562
3147
3163
3563
3148
3164
3564
3149
3165
3565
3166
3566
5213
3151
3167
3567
3152
3168
3568
3153
3169
3569
3154
3170
3570
3155
3171
3571
3156
3172
3572
3157
3173
3573
3158
3174
3574
3159
3175
3575
3160
3176
3576
3161
3177
3577
3162
3178
3578
3163
3179
3579
3164
3180
3580
3165
3181
3581
3166
3182
3582
3183
3583
5230
3168
3184
3584
3169
3185
3585
3170
3186
3586
3171
3187
3587
3172
3188
3588
3173
3189
3589
3174
3190
3590
3175
3191
3591
3176
3192
3592
3177
3193
3593
3178
3194
3594
3179
3195
3595
3180
3196
3596
3181
3197
3597
3182
3198
3598
3183
3199
3599
3200
3600
5247
3185
3601
3186
3201
3602
3187
3202
3603
3188
3203
3604
3189
3204
3605
3190
3205
3606
3191
3206
3607
3192
3207
3608
3193
3208
3609
3194
3209
3610
3195
3210
3611
3196
3211
3612
3197
3212
3613
3198
3213
3614
3199
3214
3615
3200
3215
3616
3216
3617
5264
3202
3217
3619
3203
3218
3620
3204
3219
3621
3205
3220
3622
3206
3221
3623
3207
3222
3624
3208
3223
3625
3209
3224
3626
3210
3225
3627
3211
3226
3628
3212
3227
3629
3213
3228
3630
3214
3229
3631
3215
3230
3632
3216
3231
3633
3232
3634
5281
3218
3233
3635
3219
3234
3636
3220
3235
3637
3221
3236
3638
3222
3237
3639
3223
3238
3640
3224
3239
3641
3225
3240
3642
3226
3241
3643
3227
3242
3644
3228
3243
3645
3229
3244
3646
3230
3245
3647
3231
3246
3648
3232
3247
3649
3248
3650
5298
3234
3249
3651
3235
3250
3652
3236
3251
3653
3237
3252
3654
3238
3253
3655
3239
3254
3656
3240
3255
3657
3241
3256
3658
3242
3257
3659
3243
3258
3660
3244
3259
3661
3245
3260
3662
3246
3261
3663
3247
3262
3664
3248
3263
3665
3264
3666
5315
3250
3265
3667
3251
3266
3668
3252
3267
3669
3253
3268
3670
3254
3269
3671
3255
3270
3672
3256
3271
3673
3257
3272
3674
3258
3273
3675
3259
3274
3676
3260
3275
3677
3261
3276
3678
3262
3277
3679
3263
3278
3680
3264
3279
3681
3280
3682
5332
3266
3281
3683
3267
3282
3684
3268
3283
3685
3269
3284
3686
3270
3285
3687
3271
3286
3688
3272
3287
3689
3273
3288
3690
3274
3289
3691
3275
3290
3692
3276
3291
3693
3277
3292
3694
3278
3293
3695
3279
3294
3696
3280
3295
3697
3296
3698
5349
3282
3297
3699
3283
3298
3700
3284
3299
3701
3285
3300
3702
3286
3301
3703
3287
3302
3704
3288
3303
3705
3289
3304
3706
3290
3305
3707
3291
3306
3708
3292
3307
3709
3293
3308
3710
3294
3309
3711
3295
3310
3712
3296
3311
3713
3312
3714
5366
3298
3313
3715
3299
3314
3716
3300
3315
3717
3301
3316
3718
3302
3317
3719
3303
3318
3720
3304
3319
3721
3305
3320
3722
3306
3321
3723
3307
3322
3724
3308
3323
3725
3309
3324
3726
3310
3325
3727
3311
3326
3728
3312
3327
3729
3328
3730
5383
3314
3731
9171
3315
3732
9172
3316
3733
9173
3317
3734
9174
3318
3735
9175
3319
3736
9176
3320
3737
9177
3321
3738
9178
3322
3739
9179
3323
3740
9180
3324
3741
9181
3325
3742
9182
3326
3743
9183
3327
3744
9184
3328
3745
9185
3746
5400
9186
3330
3346
3747
3331
3347
3748
3332
3348
3749
3333
3349
3750
3334
3350
3751
3335
3351
3752
3336
3352
3753
3337
3353
3754
3338
3354
3755
3339
3355
3756
3340
3356
3757
3341
3357
3758
3342
3358
3759
3343
3359
3760
3344
3360
3761
3345
3361
3762
3362
3763
5409
3347
3363
3764
3348
3364
3765
3349
3365
3766
3350
3366
3767
3351
3367
3768
3352
3368
3769
3353
3369
3770
3354
3370
3771
3355
3371
3772
3356
3372
3773
3357
3373
3774
3358
3374
3775
3359
3375
3776
3360
3376
3777
3361
3377
3778
3362
3378
3779
3379
3780
5426
3364
3380
3781
3365
3381
3782
3366
3382
3783
3367
3383
3784
3368
3384
3785
3369
3385
3786
3370
3386
3787
3371
3387
3788
3372
3388
3789
3373
3389
3790
3374
3390
3791
3375
3391
3792
3376
3392
3793
3377
3393
3794
3378
3394
3795
3379
3395
3796
3396
3797
5443
3381
3397
3798
3382
3398
3799
3383
3399
3800
3384
3400
3801
3385
3401
3802
3386
3402
3803
3387
3403
3804
3388
3404
3805
3389
3405
3806
3390
3406
3807
3391
3407
3808
3392
3408
3809
3393
3409
3810
3394
3410
3811
3395
3411
3812
3396
3412
3813
3413
3814
5460
3398
3414
3815
3399
3415
3816
3400
3416
3817
3401
3417
3818
3402
3418
3819
3403
3419
3820
3404
3420
3821
3405
3421
3822
3406
3422
3823
3407
3423
3824
3408
3424
3825
3409
3425
3826
3410
3426
3827
3411
3427
3828
3412
3428
3829
3413
3429
3830
3430
3831
5477
3415
3431
3832
3416
3432
3833
3417
3433
3834
3418
3434
3835
3419
3435
3836
3420
3436
3837
3421
3437
3838
3422
3438
3839
3423
3439
3840
3424
3440
3841
3425
3441
3842
3426
3442
3843
3427
3443
3844
3428
3444
3845
3429
3445
3846
3430
3446
3847
3447
3848
5494
3432
3448
3849
3433
3449
3850
3434
3450
3851
3435
3451
3852
3436
3452
3853
3437
3453
3854
3438
3454
3855
3439
3455
3856
3440
3456
3857
3441
3457
3858
3442
3458
3859
3443
3459
3860
3444
3460
3861
3445
3461
3862
3446
3462
3863
3447
3463
3864
3464
3865
5511
3449
3465
3866
3450
3466
3867
3451
3467
3868
3452
3468
3869
3453
3469
3870
3454
3470
3871
3455
3471
3872
3456
3472
3873
3457
3473
3874
3458
3474
3875
3459
3475
3876
3460
3476
3877
3461
3477
3878
3462
3478
3879
3463
3479
3880
3464
3480
3881
3481
3882
5528
3466
3482
3883
3467
3483
3884
3468
3484
3885
3469
3485
3886
3470
3486
3887
3471
3487
3888
3472
3488
3889
3473
3489
3890
3474
3490
3891
3475
3491
3892
3476
3492
3893
3477
3493
3894
3478
3494
3895
3479
3495
3896
3480
3496
3897
3481
3497
3898
3498
3899
5545
3483
3499
3900
3484
3500
3901
3485
3501
3902
3486
3502
3903
3487
3503
3904
3488
3504
3905
3489
3505
3906
3490
3506
3907
3491
3507
3908
3492
3508
3909
3493
3509
3910
3494
3510
3911
3495
3511
3912
3496
3512
3913
3497
3513
3914
3498
3514
3915
3515
3916
5562
3500
3516
3917
3501
3517
3918
3502
3518
3919
3503
3519
3920
3504
3520
3921
3505
3521
3922
3506
3522
3923
3507
3523
3924
3508
3524
3925
3509
3525
3926
3510
3526
3927
3511
3527
3928
3512
3528
3929
3513
3529
3930
3514
3530
3931
3515
3531
3932
3532
3933
5579
3517
3533
3934
3518
3534
3935
3519
3535
3936
3520
3536
3937
3521
3537
3938
3522
3538
3939
3523
3539
3940
3524
3540
3941
3525
3541
3942
3526
3542
3943
3527
3543
3944
3528
3544
3945
3529
3545
3946
3530
3546
3947
3531
3547
3948
3532
3548
3949
3549
3950
5596
3534
3550
3951
3535
3551
3952
3536
3552
3953
3537
3553
3954
3538
3554
3955
3539
3555
3956
3540
3556
3957
3541
3557
3958
3542
3558
3959
3543
3559
3960
3544
3560
3961
3545
3561
3962
3546
3562
3963
3547
3563
3964
3548
3564
3965
3549
3565
3966
3566
3967
5613
3551
3567
3968
3552
3568
3969
3553
3569
3970
3554
3570
3971
3555
3571
3972
3556
3572
3973
3557
3573
3974
3558
3574
3975
3559
3575
3976
3560
3576
3977
3561
3577
3978
3562
3578
3979
3563
3579
3980
3564
3580
3981
3565
3581
3982
3566
3582
3983
3583
3984
5630
3568
3584
3985
3569
3585
3986
3570
3586
3987
3571
3587
3988
3572
3588
3989
3573
3589
3990
3574
3590
3991
3575
3591
3992
3576
3592
3993
3577
3593
3994
3578
3594
3995
3579
3595
3996
3580
3596
3997
3581
3597
3998
3582
3598
3999
3583
3599
4000
3600
4001
5647
3585
3601
4002
3586
3602
4003
3587
3603
4004
3588
3604
4005
3589
3605
4006
3590
3606
4007
3591
3607
4008
3592
3608
4009
3593
3609
4010
3594
3610
4011
3595
3611
4012
3596
3612
4013
3597
3613
4014
3598
3614
4015
3599
3615
4016
3600
3616
4017
3617
4018
5664
3602
3618
4019
3603
3619
4020
3604
3620
4021
3605
3621
4022
3606
3622
4023
3607
3623
4024
3608
3624
4025
3609
3625
4026
3610
3626
4027
3611
3627
4028
3612
3628
4029
3613
3629
4030
3614
3630
4031
3615
3631
4032
3616
3632
4033
3617
3633
4034
3634
4035
5681
3619
4036
3620
3635
4037
3621
3636
4038
3622
3637
4039
3623
3638
4040
3624
3639
4041
3625
3640
4042
3626
3641
4043
3627
3642
4044
3628
3643
4045
3629
3644
4046
3630
3645
4047
3631
3646
4048
3632
3647
4049
3633
3648
4050
3634
3649
4051
3650
4052
5698
3636
3651
4054
3637
3652
4055
3638
3653
4056
3639
3654
4057
3640
3655
4058
3641
3656
4059
3642
3657
4060
3643
3658
4061
3644
3659
4062
3645
3660
4063
3646
3661
4064
3647
3662
4065
3648
3663
4066
3649
3664
4067
3650
3665
4068
3666
4069
5715
3652
3667
4070
3653
3668
4071
3654
3669
4072
3655
3670
4073
3656
3671
4074
3657
3672
4075
3658
3673
4076
3659
3674
4077
3660
3675
4078
3661
3676
4079
3662
3677
4080
3663
3678
4081
3664
3679
4082
3665
3680
4083
3666
3681
4084
3682
4085
5732
3668
3683
4086
3669
3684
4087
3670
3685
4088
3671
3686
4089
3672
3687
4090
3673
3688
4091
3674
3689
4092
3675
3690
4093
3676
3691
4094
3677
3692
4095
3678
3693
4096
3679
3694
4097
3680
3695
4098
3681
3696
4099
3682
3697
4100
3698
4101
5749
3684
3699
4102
3685
3700
4103
3686
3701
4104
3687
3702
4105
3688
3703
4106
3689
3704
4107
3690
3705
4108
3691
3706
4109
3692
3707
4110
3693
3708
4111
3694
3709
4112
3695
3710
4113
3696
3711
4114
3697
3712
4115
3698
3713
4116
3714
4117
5766
3700
3715
4118
3701
3716
4119
3702
3717
4120
3703
3718
4121
3704
3719
4122
3705
3720
4123
3706
3721
4124
3707
3722
4125
3708
3723
4126
3709
3724
4127
3710
3725
4128
3711
3726
4129
3712
3727
4130
3713
3728
4131
3714
3729
4132
3730
4133
5783
3716
3731
4134
3717
3732
4135
3718
3733
4136
3719
3734
4137
3720
3735
4138
3721
3736
4139
3722
3737
4140
3723
3738
4141
3724
3739
4142
3725
3740
4143
3726
3741
4144
3727
3742
4145
3728
3743
4146
3729
3744
4147
3730
3745
4148
3746
4149
5800
3732
4150
9587
3733
4151
9588
3734
4152
9589
3735
4153
9590
3736
4154
9591
3737
4155
9592
3738
4156
9593
3739
4157
9594
3740
4158
9595
3741
4159
9596
3742
4160
9597
3743
4161
9598
3744
4162
9599
3745
4163
9600
3746
4164
9601
4165
5817
9602
3748
3764
3749
3765
3750
3766
3751
3767
3752
3768
3753
3769
3754
3770
3755
3771
3756
3772
3757
3773
3758
3774
3759
3775
3760
3776
3761
3777
3762
3778
3763
3779
3780
5828
3765
3781
3766
3782
3767
3783
3768
3784
3769
3785
3770
3786
3771
3787
3772
3788
3773
3789
3774
3790
3775
3791
3776
3792
3777
3793
3778
3794
3779
3795
3780
3796
3797
5845
3782
3798
3783
3799
3784
3800
3785
3801
3786
3802
3787
3803
3788
3804
3789
3805
3790
3806
3791
3807
3792
3808
3793
3809
3794
3810
3795
3811
3796
3812
3797
3813
3814
5862
3799
3815
3800
3816
3801
3817
3802
3818
3803
3819
3804
3820
3805
3821
3806
3822
3807
3823
3808
3824
3809
3825
3810
3826
3811
3827
3812
3828
3813
3829
3814
3830
3831
5879
3816
3832
3817
3833
3818
3834
3819
3835
3820
3836
3821
3837
3822
3838
3823
3839
3824
3840
3825
3841
3826
3842
3827
3843
3828
3844
3829
3845
3830
3846
3831
3847
3848
5896
3833
3849
3834
3850
3835
3851
3836
3852
3837
3853
3838
3854
3839
3855
3840
3856
3841
3857
3842
3858
3843
3859
3844
3860
3845
3861
3846
3862
3847
3863
3848
3864
3865
5913
3850
3866
3851
3867
3852
3868
3853
3869
3854
3870
3855
3871
3856
3872
3857
3873
3858
3874
3859
3875
3860
3876
3861
3877
3862
3878
3863
3879
3864
3880
3865
3881
3882
5930
3867
3883
3868
3884
3869
3885
3870
3886
3871
3887
3872
3888
3873
3889
3874
3890
3875
3891
3876
3892
3877
3893
3878
3894
3879
3895
3880
3896
3881
3897
3882
3898
3899
5947
3884
3900
3885
3901
3886
3902
3887
3903
3888
3904
3889
3905
3890
3906
3891
3907
3892
3908
3893
3909
3894
3910
3895
3911
3896
3912
3897
3913
3898
3914
3899
3915
3916
5964
3901
3917
3902
3918
3903
3919
3904
3920
3905
3921
3906
3922
3907
3923
3908
3924
3909
3925
3910
3926
3911
3927
3912
3928
3913
3929
3914
3930
3915
3931
3916
3932
3933
5981
3918
3934
3919
3935
3920
3936
3921
3937
3922
3938
3923
3939
3924
3940
3925
3941
3926
3942
3927
3943
3928
3944
3929
3945
3930
3946
3931
3947
3932
3948
3933
3949
3950
5998
3935
3951
3936
3952
3937
3953
3938
3954
3939
3955
3940
3956
3941
3957
3942
3958
3943
3959
3944
3960
3945
3961
3946
3962
3947
3963
3948
3964
3949
3965
3950
3966
3967
6015
3952
3968
3953
3969
3954
3970
3955
3971
3956
3972
3957
3973
3958
3974
3959
3975
3960
3976
3961
3977
3962
3978
3963
3979
3964
3980
3965
3981
3966
3982
3967
3983
3984
6032
3969
3985
3970
3986
3971
3987
3972
3988
3973
3989
3974
3990
3975
3991
3976
3992
3977
3993
3978
3994
3979
3995
3980
3996
3981
3997
3982
3998
3983
3999
3984
4000
4001
6049
3986
4002
3987
4003
3988
4004
3989
4005
3990
4006
3991
4007
3992
4008
3993
4009
3994
4010
3995
4011
3996
4012
3997
4013
3998
4014
3999
4015
4000
4016
4001
4017
4018
6066
4003
4019
4004
4020
4005
4021
4006
4022
4007
4023
4008
4024
4009
4025
4010
4026
4011
4027
4012
4028
4013
4029
4014
4030
4015
4031
4016
4032
4017
4033
4018
4034
4035
6083
4020
4036
4021
4037
4022
4038
4023
4039
4024
4040
4025
4041
4026
4042
4027
4043
4028
4044
4029
4045
4030
4046
4031
4047
4032
4048
4033
4049
4034
4050
4035
4051
4052
6100
4037
4053
4038
4054
4039
4055
4040
4056
4041
4057
4042
4058
4043
4059
4044
4060
4045
4061
4046
4062
4047
4063
4048
4064
4049
4065
4050
4066
4051
4067
4052
4068
4069
6117
4054
4055
4070
4056
4071
4057
4072
4058
4073
4059
4074
4060
4075
4061
4076
4062
4077
4063
4078
4064
4079
4065
4080
4066
4081
4067
4082
4068
4083
4069
4084
4085
6134
4071
4086
4072
4087
4073
4088
4074
4089
4075
4090
4076
4091
4077
4092
4078
4093
4079
4094
4080
4095
4081
4096
4082
4097
4083
4098
4084
4099
4085
4100
4101
6151
4087
4102
4088
4103
4089
4104
4090
4105
4091
4106
4092
4107
4093
4108
4094
4109
4095
4110
4096
4111
4097
4112
4098
4113
4099
4114
4100
4115
4101
4116
4117
6168
4103
4118
4104
4119
4105
4120
4106
4121
4107
4122
4108
4123
4109
4124
4110
4125
4111
4126
4112
4127
4113
4128
4114
4129
4115
4130
4116
4131
4117
4132
4133
6185
4119
4134
4120
4135
4121
4136
4122
4137
4123
4138
4124
4139
4125
4140
4126
4141
4127
4142
4128
4143
4129
4144
4130
4145
4131
4146
4132
4147
4133
4148
4149
6202
4135
4150
4136
4151
4137
4152
4138
4153
4139
4154
4140
4155
4141
4156
4142
4157
4143
4158
4144
4159
4145
4160
4146
4161
4147
4162
4148
4163
4149
4164
4165
6219
4151
10002
4152
10003
4153
10004
4154
10005
4155
10006
4156
10007
4157
10008
4158
10009
4159
10010
4160
10011
4161
10012
4162
10013
4163
10014
4164
10015
4165
10016
6236
10017
4167
4183
4578
4168
4184
4579
4169
4185
4580
4170
4186
4581
4171
4187
4582
4172
4188
4583
4173
4189
4584
4174
4190
4585
4175
4191
4586
4176
4192
4587
4177
4193
4588
4178
4194
4589
4179
4195
4590
4180
4196
4591
4181
4197
4592
4182
4198
4593
4199
4594
4184
4200
4595
4185
4201
4596
4186
4202
4597
4187
4203
4598
4188
4204
4599
4189
4205
4600
4190
4206
4601
4191
4207
4602
4192
4208
4603
4193
4209
4604
4194
4210
4605
4195
4211
4606
4196
4212
4607
4197
4213
4608
4198
4214
4609
4199
4215
4610
4216
4611
4201
4217
4612
4202
4218
4613
4203
4219
4614
4204
4220
4615
4205
4221
4616
4206
4222
4617
4207
4223
4618
4208
4224
4619
4209
4225
4620
4210
4226
4621
4211
4227
4622
4212
4228
4623
4213
4229
4624
4214
4230
4625
4215
4231
4626
4216
4232
4627
4233
4628
4218
4234
4629
4219
4235
4630
4220
4236
4631
4221
4237
4632
4222
4238
4633
4223
4239
4634
4224
4240
4635
4225
4241
4636
4226
4242
4637
4227
4243
4638
4228
4244
4639
4229
4245
4640
4230
4246
4641
4231
4247
4642
4232
4248
4643
4233
4249
4644
4250
4645
4235
4251
4646
4236
4252
4647
4237
4253
4648
4238
4254
4649
4239
4255
4650
4240
4256
4651
4241
4257
4652
4242
4258
4653
4243
4259
4654
4244
4260
4655
4245
4261
4656
4246
4262
4657
4247
4263
4658
4248
4264
4659
4249
4265
4660
4250
4266
4661
4267
4662
4252
4268
4663
4253
4269
4664
4254
4270
4665
4255
4271
4666
4256
4272
4667
4257
4273
4668
4258
4274
4669
4259
4275
4670
4260
4276
4671
4261
4277
4672
4262
4278
4673
4263
4279
4674
4264
4280
4675
4265
4281
4676
4266
4282
4677
4267
4283
4678
4284
4679
4269
4285
4680
4270
4286
4681
4271
4287
4682
4272
4288
4683
4273
4289
4684
4274
4290
4685
4275
4291
4686
4276
4292
4687
4277
4293
4688
4278
4294
4689
4279
4295
4690
4280
4296
4691
4281
4297
4692
4282
4298
4693
4283
4299
4694
4284
4300
4695
4301
4696
4286
4302
4697
4287
4303
4698
4288
4304
4699
4289
4305
4700
4290
4306
4701
4291
4307
4702
4292
4308
4703
4293
4309
4704
4294
4310
4705
4295
4311
4706
4296
4312
4707
4297
4313
4708
4298
4314
4709
4299
4315
4710
4300
4316
4711
4301
4317
4712
4318
4713
4303
4319
4714
4304
4320
4715
4305
4321
4716
4306
4322
4717
4307
4323
4718
4308
4324
4719
4309
4325
4720
4310
4326
4721
4311
4327
4722
4312
4328
4723
4313
4329
4724
4314
4330
4725
4315
4331
4726
4316
4332
4727
4317
4333
4728
4318
4334
4729
4335
4730
4320
4336
4731
4321
4337
4732
4322
4338
4733
4323
4339
4734
4324
4340
4735
4325
4341
4736
4326
4342
4737
4327
4343
4738
4328
4344
4739
4329
4345
4740
4330
4346
4741
4331
4347
4742
4332
4348
4743
4333
4349
4744
4334
4350
4745
4335
4351
4746
4352
4747
4337
4353
4748
4338
4354
4749
4339
4355
4750
4340
4356
4751
4341
4357
4752
4342
4358
4753
4343
4359
4754
4344
4360
4755
4345
4361
4756
4346
4362
4757
4347
4363
4758
4348
4364
4759
4349
4365
4760
4350
4366
4761
4351
4367
4762
4352
4368
4763
4369
4764
4354
4370
4765
4355
4371
4766
4356
4372
4767
4357
4373
4768
4358
4374
4769
4359
4375
4770
4360
4376
4771
4361
4377
4772
4362
4378
4773
4363
4379
4774
4364
4380
4775
4365
4381
4776
4366
4382
4777
4367
4383
4778
4368
4384
4779
4369
4385
4780
4386
4781
4371
4387
4782
4372
4388
4783
4373
4389
4784
4374
4390
4785
4375
4391
4786
4376
4392
4787
4377
4393
4788
4378
4394
4789
4379
4395
4790
4380
4396
4791
4381
4397
4792
4382
4398
4793
4383
4399
4794
4384
4400
4795
4385
4401
4796
4386
4402
4797
4403
4798
4388
4404
4799
4389
4405
4800
4390
4406
4801
4391
4407
4802
4392
4408
4803
4393
4409
4804
4394
4410
4805
4395
4411
4806
4396
4412
4807
4397
4413
4808
4398
4414
4809
4399
4415
4810
4400
4416
4811
4401
4417
4812
4402
4418
4813
4403
4419
4814
4420
4815
4405
4421
4816
4406
4422
4817
4407
4423
4818
4408
4424
4819
4409
4425
4820
4410
4426
4821
4411
4427
4822
4412
4428
4823
4413
4429
4824
4414
4430
4825
4415
4431
4826
4416
4432
4827
4417
4433
4828
4418
4434
4829
4419
4435
4830
4420
4436
4831
4437
4832
4422
4438
4833
4423
4439
4834
4424
4440
4835
4425
4441
4836
4426
4442
4837
4427
4443
4838
4428
4444
4839
4429
4445
4840
4430
4446
4841
4431
4447
4842
4432
4448
4843
4433
4449
4844
4434
4450
4845
4435
4451
4846
4436
4452
4847
4437
4453
4848
4454
4849
4439
4455
4850
4440
4456
4851
4441
4457
4852
4442
4458
4853
4443
4459
4854
4444
4460
4855
4445
4461
4856
4446
4462
4857
4447
4463
4858
4448
4464
4859
4449
4465
4860
4450
4466
4861
4451
4467
4862
4452
4468
4863
4453
4469
4864
4454
4470
4865
4471
4866
4456
4472
4867
4457
4473
4868
4458
4474
4869
4459
4475
4870
4460
4476
4871
4461
4477
4872
4462
4478
4873
4463
4479
4874
4464
4480
4875
4465
4481
4876
4466
4482
4877
4467
4483
4878
4468
4484
4879
4469
4485
4880
4470
4486
4881
4471
4487
4882
4488
4883
4473
4489
4884
4474
4490
4885
4475
4491
4886
4476
4492
4887
4477
4493
4888
4478
4494
4889
4479
4495
4890
4480
4496
4891
4481
4497
4892
4482
4498
4893
4483
4499
4894
4484
4500
4895
4485
4501
4896
4486
4502
4897
4487
4503
4898
4488
4504
4899
4505
4900
4490
4506
4901
4491
4507
4902
4492
4508
4903
4493
4509
4904
4494
4510
4905
4495
4511
4906
4496
4512
4907
4497
4513
4908
4498
4514
4909
4499
4515
4910
4500
4516
4911
4501
4517
4912
4502
4518
4913
4503
4519
4914
4504
4520
4915
4505
4521
4916
4522
4917
4507
4523
4918
4508
4524
4919
4509
4525
4920
4510
4526
4921
4511
4527
4922
4512
4528
4923
4513
4529
4924
4514
4530
4925
4515
4531
4926
4516
4532
4927
4517
4533
4928
4518
4534
4929
4519
4535
4930
4520
4536
4931
4521
4537
4932
4522
4538
4933
4539
4934
4524
4540
4935
4525
4541
4936
4526
4542
4937
4527
4543
4938
4528
4544
4939
4529
4545
4940
4530
4546
4941
4531
4547
4942
4532
4548
4943
4533
4549
4944
4534
4550
4945
4535
4551
4946
4536
4552
4947
4537
4553
4948
4538
4554
4949
4539
4555
4950
4556
4951
4541
4557
4952
4542
4558
4953
4543
4559
4954
4544
4560
4955
4545
4561
4956
4546
4562
4957
4547
4563
4958
4548
4564
4959
4549
4565
4960
4550
4566
4961
4551
4567
4962
4552
4568
4963
4553
4569
4964
4554
4570
4965
4555
4571
4966
4556
4572
4967
4573
4968
4558
4574
4969
4559
4575
4970
4560
4576
4971
4561
4577
4972
4562
4973
10416
4563
4974
10417
4564
4975
10418
4565
4976
10419
4566
4977
10420
4567
4978
10421
4568
4979
10422
4569
4980
10423
4570
4981
10424
4571
4982
10425
4572
4983
10426
4573
4984
10427
4985
10428
4575
4986
8333
10429
4576
4987
10430
4577
4988
10431
4989
10416
10432
4579
4595
4992
4580
4596
4993
4581
4597
4994
4582
4598
4995
4583
4599
4996
4584
4600
4997
4585
4601
4998
4586
4602
4999
4587
4603
5000
4588
4604
5001
4589
4605
5002
4590
4606
5003
4591
4607
5004
4592
4608
5005
4593
4609
5006
4594
4610
5007
4611
5008
4596
4612
5009
4597
4613
5010
4598
4614
5011
4599
4615
5012
4600
4616
5013
4601
4617
5014
4602
4618
5015
4603
4619
5016
4604
4620
5017
4605
4621
5018
4606
4622
5019
4607
4623
5020
4608
4624
5021
4609
4625
5022
4610
4626
5023
4611
4627
5024
4628
5025
4613
4629
5026
4614
4630
5027
4615
4631
5028
4616
4632
5029
4617
4633
5030
4618
4634
5031
4619
4635
5032
4620
4636
5033
4621
4637
5034
4622
4638
5035
4623
4639
5036
4624
4640
5037
4625
4641
5038
4626
4642
5039
4627
4643
5040
4628
4644
5041
4645
5042
4630
4646
5043
4631
4647
5044
4632
4648
5045
4633
4649
5046
4634
4650
5047
4635
4651
5048
4636
4652
5049
4637
4653
5050
4638
4654
5051
4639
4655
5052
4640
4656
5053
4641
4657
5054
4642
4658
5055
4643
4659
5056
4644
4660
5057
4645
4661
5058
4662
5059
4647
4663
5060
4648
4664
5061
4649
4665
5062
4650
4666
5063
4651
4667
5064
4652
4668
5065
4653
4669
5066
4654
4670
5067
4655
4671
5068
4656
4672
5069
4657
4673
5070
4658
4674
5071
4659
4675
5072
4660
4676
5073
4661
4677
5074
4662
4678
5075
4679
5076
4664
4680
5077
4665
4681
5078
4666
4682
5079
4667
4683
5080
4668
4684
5081
4669
4685
5082
4670
4686
5083
4671
4687
5084
4672
4688
5085
4673
4689
5086
4674
4690
5087
4675
4691
5088
4676
4692
5089
4677
4693
5090
4678
4694
5091
4679
4695
5092
4696
5093
4681
4697
5094
4682
4698
5095
4683
4699
5096
4684
4700
5097
4685
4701
5098
4686
4702
5099
4687
4703
5100
4688
4704
5101
4689
4705
5102
4690
4706
5103
4691
4707
5104
4692
4708
5105
4693
4709
5106
4694
4710
5107
4695
4711
5108
4696
4712
5109
4713
5110
4698
4714
5111
4699
4715
5112
4700
4716
5113
4701
4717
5114
4702
4718
5115
4703
4719
5116
4704
4720
5117
4705
4721
5118
4706
4722
5119
4707
4723
5120
4708
4724
5121
4709
4725
5122
4710
4726
5123
4711
4727
5124
4712
4728
5125
4713
4729
5126
4730
5127
4715
4731
5128
4716
4732
5129
4717
4733
5130
4718
4734
5131
4719
4735
5132
4720
4736
5133
4721
4737
5134
4722
4738
5135
4723
4739
5136
4724
4740
5137
4725
4741
5138
4726
4742
5139
4727
4743
5140
4728
4744
5141
4729
4745
5142
4730
4746
5143
4747
5144
4732
4748
5145
4733
4749
5146
4734
4750
5147
4735
4751
5148
4736
4752
5149
4737
4753
5150
4738
4754
5151
4739
4755
5152
4740
4756
5153
4741
4757
5154
4742
4758
5155
4743
4759
5156
4744
4760
5157
4745
4761
5158
4746
4762
5159
4747
4763
5160
4764
5161
4749
4765
5162
4750
4766
5163
4751
4767
5164
4752
4768
5165
4753
4769
5166
4754
4770
5167
4755
4771
5168
4756
4772
5169
4757
4773
5170
4758
4774
5171
4759
4775
5172
4760
4776
5173
4761
4777
5174
4762
4778
5175
4763
4779
5176
4764
4780
5177
4781
5178
4766
4782
5179
4767
4783
5180
4768
4784
5181
4769
4785
5182
4770
4786
5183
4771
4787
5184
4772
4788
5185
4773
4789
5186
4774
4790
5187
4775
4791
5188
4776
4792
5189
4777
4793
5190
4778
4794
5191
4779
4795
5192
4780
4796
5193
4781
4797
5194
4798
5195
4783
4799
5196
4784
4800
5197
4785
4801
5198
4786
4802
5199
4787
4803
5200
4788
4804
5201
4789
4805
5202
4790
4806
5203
4791
4807
5204
4792
4808
5205
4793
4809
5206
4794
4810
5207
4795
4811
5208
4796
4812
5209
4797
4813
5210
4798
4814
5211
4815
5212
4800
4816
5213
4801
4817
5214
4802
4818
5215
4803
4819
5216
4804
4820
5217
4805
4821
5218
4806
4822
5219
4807
4823
5220
4808
4824
5221
4809
4825
5222
4810
4826
5223
4811
4827
5224
4812
4828
5225
4813
4829
5226
4814
4830
5227
4815
4831
5228
4832
5229
4817
4833
5230
4818
4834
5231
4819
4835
5232
4820
4836
5233
4821
4837
5234
4822
4838
5235
4823
4839
5236
4824
4840
5237
4825
4841
5238
4826
4842
5239
4827
4843
5240
4828
4844
5241
4829
4845
5242
4830
4846
5243
4831
4847
5244
4832
4848
5245
4849
5246
4834
4850
5247
4835
4851
5248
4836
4852
5249
4837
4853
5250
4838
4854
5251
4839
4855
5252
4840
4856
5253
4841
4857
5254
4842
4858
5255
4843
4859
5256
4844
4860
5257
4845
4861
5258
4846
4862
5259
4847
4863
5260
4848
4864
5261
4849
4865
5262
4866
5263
4851
4867
5264
4852
4868
5265
4853
4869
5266
4854
4870
5267
4855
4871
5268
4856
4872
5269
4857
4873
5270
4858
4874
5271
4859
4875
5272
4860
4876
5273
4861
4877
5274
4862
4878
5275
4863
4879
5276
4864
4880
5277
4865
4881
5278
4866
4882
5279
4883
5280
4868
4884
5281
4869
4885
5282
4870
4886
5283
4871
4887
5284
4872
4888
5285
4873
4889
5286
4874
4890
5287
4875
4891
5288
4876
4892
5289
4877
4893
5290
4878
4894
5291
4879
4895
5292
4880
4896
5293
4881
4897
5294
4882
4898
5295
4883
4899
5296
4900
5297
4885
4901
5298
4886
4902
5299
4887
4903
5300
4888
4904
5301
4889
4905
5302
4890
4906
5303
4891
4907
5304
4892
4908
5305
4893
4909
5306
4894
4910
5307
4895
4911
5308
4896
4912
5309
4897
4913
5310
4898
4914
5311
4899
4915
5312
4900
4916
5313
4917
5314
4902
4918
5315
4903
4919
5316
4904
4920
5317
4905
4921
5318
4906
4922
5319
4907
4923
5320
4908
4924
5321
4909
4925
5322
4910
4926
5323
4911
4927
5324
4912
4928
5325
4913
4929
5326
4914
4930
5327
4915
4931
5328
4916
4932
5329
4917
4933
5330
4934
5331
4919
4935
5332
4920
4936
5333
4921
4937
5334
4922
4938
5335
4923
4939
5336
4924
4940
5337
4925
4941
5338
4926
4942
5339
4927
4943
5340
4928
4944
5341
4929
4945
5342
4930
4946
5343
4931
4947
5344
4932
4948
5345
4933
4949
5346
4934
4950
5347
4951
5348
4936
4952
5349
4937
4953
5350
4938
4954
5351
4939
4955
5352
4940
4956
5353
4941
4957
5354
4942
4958
5355
4943
4959
5356
4944
4960
5357
4945
4961
5358
4946
4962
5359
4947
4963
5360
4948
4964
5361
4949
4965
5362
4950
4966
5363
4951
4967
5364
4968
5365
4953
4969
5366
4954
4970
5367
4955
4971
5368
4956
4972
5369
4957
4973
5370
4958
4974
5371
4959
4975
5372
4960
4976
5373
4961
4977
5374
4962
4978
5375
4963
4979
5376
4964
4980
5377
4965
4981
5378
4966
4982
5379
4967
4983
5380
4968
4984
5381
4985
5382
4970
4986
5383
4971
4987
5384
4972
4988
5385
4973
4989
5386
4974
4990
5387
4975
4991
5388
4976
5389
10835
4977
5390
10836
4978
5391
10837
4979
5392
10838
4980
5393
10839
4981
5394
10840
4982
5395
10841
4983
5396
10842
4984
5397
10843
4985
5398
10844
5399
10845
4987
5400
10846
4988
5401
10847
4989
5402
10848
4990
5403
10849
4991
5404
10416
10850
5405
10417
10835
10851
4993
5009
5409
4994
5010
5410
4995
5011
5411
4996
5012
5412
4997
5013
5413
4998
5014
5414
4999
5015
5415
5000
5016
5416
5001
5017
5417
5002
5018
5418
5003
5019
5419
5004
5020
5420
5005
5021
5421
5006
5022
5422
5007
5023
5423
5008
5024
5424
5025
5425
5010
5026
5426
5011
5027
5427
5012
5028
5428
5013
5029
5429
5014
5030
5430
5015
5031
5431
5016
5032
5432
5017
5033
5433
5018
5034
5434
5019
5035
5435
5020
5036
5436
5021
5037
5437
5022
5038
5438
5023
5039
5439
5024
5040
5440
5025
5041
5441
5042
5442
5027
5043
5443
5028
5044
5444
5029
5045
5445
5030
5046
5446
5031
5047
5447
5032
5048
5448
5033
5049
5449
5034
5050
5450
5035
5051
5451
5036
5052
5452
5037
5053
5453
5038
5054
5454
5039
5055
5455
5040
5056
5456
5041
5057
5457
5042
5058
5458
5059
5459
5044
5060
5460
5045
5061
5461
5046
5062
5462
5047
5063
5463
5048
5064
5464
5049
5065
5465
5050
5066
5466
5051
5067
5467
5052
5068
5468
5053
5069
5469
5054
5070
5470
5055
5071
5471
5056
5072
5472
5057
5073
5473
5058
5074
5474
5059
5075
5475
5076
5476
5061
5077
5477
5062
5078
5478
5063
5079
5479
5064
5080
5480
5065
5081
5481
5066
5082
5482
5067
5083
5483
5068
5084
5484
5069
5085
5485
5070
5086
5486
5071
5087
5487
5072
5088
5488
5073
5089
5489
5074
5090
5490
5075
5091
5491
5076
5092
5492
5093
5493
5078
5094
5494
5079
5095
5495
5080
5096
5496
5081
5097
5497
5082
5098
5498
5083
5099
5499
5084
5100
5500
5085
5101
5501
5086
5102
5502
5087
5103
5503
5088
5104
5504
5089
5105
5505
5090
5106
5506
5091
5107
5507
5092
5108
5508
5093
5109
5509
5110
5510
5095
5111
5511
5096
5112
5512
5097
5113
5513
5098
5114
5514
5099
5115
5515
5100
5116
5516
5101
5117
5517
5102
5118
5518
5103
5119
5519
5104
5120
5520
5105
5121
5521
5106
5122
5522
5107
5123
5523
5108
5124
5524
5109
5125
5525
5110
5126
5526
5127
5527
5112
5128
5528
5113
5129
5529
5114
5130
5530
5115
5131
5531
5116
5132
5532
5117
5133
5533
5118
5134
5534
5119
5135
5535
5120
5136
5536
5121
5137
5537
5122
5138
5538
5123
5139
5539
5124
5140
5540
5125
5141
5541
5126
5142
5542
5127
5143
5543
5144
5544
5129
5145
5545
5130
5146
5546
5131
5147
5547
5132
5148
5548
5133
5149
5549
5134
5150
5550
5135
5151
5551
5136
5152
5552
5137
5153
5553
5138
5154
5554
5139
5155
5555
5140
5156
5556
5141
5157
5557
5142
5158
5558
5143
5159
5559
5144
5160
5560
5161
5561
5146
5162
5562
5147
5163
5563
5148
5164
5564
5149
5165
5565
5150
5166
5566
5151
5167
5567
5152
5168
5568
5153
5169
5569
5154
5170
5570
5155
5171
5571
5156
5172
5572
5157
5173
5573
5158
5174
5574
5159
5175
5575
5160
5176
5576
5161
5177
5577
5178
5578
5163
5179
5579
5164
5180
5580
5165
5181
5581
5166
5182
5582
5167
5183
5583
5168
5184
5584
5169
5185
5585
5170
5186
5586
5171
5187
5587
5172
5188
5588
5173
5189
5589
5174
5190
5590
5175
5191
5591
5176
5192
5592
5177
5193
5593
5178
5194
5594
5195
5595
5180
5196
5596
5181
5197
5597
5182
5198
5598
5183
5199
5599
5184
5200
5600
5185
5201
5601
5186
5202
5602
5187
5203
5603
5188
5204
5604
5189
5205
5605
5190
5206
5606
5191
5207
5607
5192
5208
5608
5193
5209
5609
5194
5210
5610
5195
5211
5611
5212
5612
5197
5213
5613
5198
5214
5614
5199
5215
5615
5200
5216
5616
5201
5217
5617
5202
5218
5618
5203
5219
5619
5204
5220
5620
5205
5221
5621
5206
5222
5622
5207
5223
5623
5208
5224
5624
5209
5225
5625
5210
5226
5626
5211
5227
5627
5212
5228
5628
5229
5629
5214
5230
5630
5215
5231
5631
5216
5232
5632
5217
5233
5633
5218
5234
5634
5219
5235
5635
5220
5236
5636
5221
5237
5637
5222
5238
5638
5223
5239
5639
5224
5240
5640
5225
5241
5641
5226
5242
5642
5227
5243
5643
5228
5244
5644
5229
5245
5645
5246
5646
5231
5247
5647
5232
5248
5648
5233
5249
5649
5234
5250
5650
5235
5251
5651
5236
5252
5652
5237
5253
5653
5238
5254
5654
5239
5255
5655
5240
5256
5656
5241
5257
5657
5242
5258
5658
5243
5259
5659
5244
5260
5660
5245
5261
5661
5246
5262
5662
5263
5663
5248
5264
5664
5249
5265
5665
5250
5266
5666
5251
5267
5667
5252
5268
5668
5253
5269
5669
5254
5270
5670
5255
5271
5671
5256
5272
5672
5257
5273
5673
5258
5274
5674
5259
5275
5675
5260
5276
5676
5261
5277
5677
5262
5278
5678
5263
5279
5679
5280
5680
5265
5281
5681
5266
5282
5682
5267
5283
5683
5268
5284
5684
5269
5285
5685
5270
5286
5686
5271
5287
5687
5272
5288
5688
5273
5289
5689
5274
5290
5690
5275
5291
5691
5276
5292
5692
5277
5293
5693
5278
5294
5694
5279
5295
5695
5280
5296
5696
5297
5697
5282
5298
5698
5283
5299
5699
5284
5300
5700
5285
5301
5701
5286
5302
5702
5287
5303
5703
5288
5304
5704
5289
5305
5705
5290
5306
5706
5291
5307
5707
5292
5308
5708
5293
5309
5709
5294
5310
5710
5295
5311
5711
5296
5312
5712
5297
5313
5713
5314
5714
5299
5315
5715
5300
5316
5716
5301
5317
5717
5302
5318
5718
5303
5319
5719
5304
5320
5720
5305
5321
5721
5306
5322
5722
5307
5323
5723
5308
5324
5724
5309
5325
5725
5310
5326
5726
5311
5327
5727
5312
5328
5728
5313
5329
5729
5314
5330
5730
5331
5731
5316
5332
5732
5317
5333
5733
5318
5334
5734
5319
5335
5735
5320
5336
5736
5321
5337
5737
5322
5338
5738
5323
5339
5739
5324
5340
5740
5325
5341
5741
5326
5342
5742
5327
5343
5743
5328
5344
5744
5329
5345
5745
5330
5346
5746
5331
5347
5747
5348
5748
5333
5349
5749
5334
5350
5750
5335
5351
5751
5336
5352
5752
5337
5353
5753
5338
5354
5754
5339
5355
5755
5340
5356
5756
5341
5357
5757
5342
5358
5758
5343
5359
5759
5344
5360
5760
5345
5361
5761
5346
5362
5762
5347
5363
5763
5348
5364
5764
5365
5765
5350
5366
5766
5351
5367
5767
5352
5368
5768
5353
5369
5769
5354
5370
5770
5355
5371
5771
5356
5372
5772
5357
5373
5773
5358
5374
5774
5359
5375
5775
5360
5376
5776
5361
5377
5777
5362
5378
5778
5363
5379
5779
5364
5380
5780
5365
5381
5781
5382
5782
5367
5383
5783
5368
5384
5784
5369
5385
5785
5370
5386
5786
5371
5387
5787
5372
5388
5788
5373
5389
5789
5374
5390
5790
5375
5391
5791
5376
5392
5792
5377
5393
5793
5378
5394
5794
5379
5395
5795
5380
5396
5796
5381
5397
5797
5382
5398
5798
5399
5799
5384
5400
5800
5385
5401
5801
5386
5402
5802
5387
5403
5803
5388
5404
5804
5389
5405
5805
5390
5406
5806
5391
5407
5807
5392
5408
5808
5393
5809
11253
5394
5810
11254
5395
5811
11255
5396
5812
11256
5397
5813
11257
5398
5814
11258
5399
5815
11259
5816
11260
5401
5817
11261
5402
5818
11262
5403
5819
11263
5404
5820
11264
5405
5821
11265
5406
5822
11266
5407
5823
10835
11267
5408
5824
10836
11268
5825
10837
11253
11269
5410
5426
5828
5411
5427
5829
5412
5428
5830
5413
5429
5831
5414
5430
5832
5415
5431
5833
5416
5432
5834
5417
5433
5835
5418
5434
5836
5419
5435
5837
5420
5436
5838
5421
5437
5839
5422
5438
5840
5423
5439
5841
5424
5440
5842
5425
5441
5843
5442
5844
5427
5443
5845
5428
5444
5846
5429
5445
5847
5430
5446
5848
5431
5447
5849
5432
5448
5850
5433
5449
5851
5434
5450
5852
5435
5451
5853
5436
5452
5854
5437
5453
5855
5438
5454
5856
5439
5455
5857
5440
5456
5858
5441
5457
5859
5442
5458
5860
5459
5861
5444
5460
5862
5445
5461
5863
5446
5462
5864
5447
5463
5865
5448
5464
5866
5449
5465
5867
5450
5466
5868
5451
5467
5869
5452
5468
5870
5453
5469
5871
5454
5470
5872
5455
5471
5873
5456
5472
5874
5457
5473
5875
5458
5474
5876
5459
5475
5877
5476
5878
5461
5477
5879
5462
5478
5880
5463
5479
5881
5464
5480
5882
5465
5481
5883
5466
5482
5884
5467
5483
5885
5468
5484
5886
5469
5485
5887
5470
5486
5888
5471
5487
5889
5472
5488
5890
5473
5489
5891
5474
5490
5892
5475
5491
5893
5476
5492
5894
5493
5895
5478
5494
5896
5479
5495
5897
5480
5496
5898
5481
5497
5899
5482
5498
5900
5483
5499
5901
5484
5500
5902
5485
5501
5903
5486
5502
5904
5487
5503
5905
5488
5504
5906
5489
5505
5907
5490
5506
5908
5491
5507
5909
5492
5508
5910
5493
5509
5911
5510
5912
5495
5511
5913
5496
5512
5914
5497
5513
5915
5498
5514
5916
5499
5515
5917
5500
5516
5918
5501
5517
5919
5502
5518
5920
5503
5519
5921
5504
5520
5922
5505
5521
5923
5506
5522
5924
5507
5523
5925
5508
5524
5926
5509
5525
5927
5510
5526
5928
5527
5929
5512
5528
5930
5513
5529
5931
5514
5530
5932
5515
5531
5933
5516
5532
5934
5517
5533
5935
5518
5534
5936
5519
5535
5937
5520
5536
5938
5521
5537
5939
5522
5538
5940
5523
5539
5941
5524
5540
5942
5525
5541
5943
5526
5542
5944
5527
5543
5945
5544
5946
5529
5545
5947
5530
5546
5948
5531
5547
5949
5532
5548
5950
5533
5549
5951
5534
5550
5952
5535
5551
5953
5536
5552
5954
5537
5553
5955
5538
5554
5956
5539
5555
5957
5540
5556
5958
5541
5557
5959
5542
5558
5960
5543
5559
5961
5544
5560
5962
5561
5963
5546
5562
5964
5547
5563
5965
5548
5564
5966
5549
5565
5967
5550
5566
5968
5551
5567
5969
5552
5568
5970
5553
5569
5971
5554
5570
5972
5555
5571
5973
5556
5572
5974
5557
5573
5975
5558
5574
5976
5559
5575
5977
5560
5576
5978
5561
5577
5979
5578
5980
5563
5579
5981
5564
5580
5982
5565
5581
5983
5566
5582
5984
5567
5583
5985
5568
5584
5986
5569
5585
5987
5570
5586
5988
5571
5587
5989
5572
5588
5990
5573
5589
5991
5574
5590
5992
5575
5591
5993
5576
5592
5994
5577
5593
5995
5578
5594
5996
5595
5997
5580
5596
5998
5581
5597
5999
5582
5598
6000
5583
5599
6001
5584
5600
6002
5585
5601
6003
5586
5602
6004
5587
5603
6005
5588
5604
6006
5589
5605
6007
5590
5606
6008
5591
5607
6009
5592
5608
6010
5593
5609
6011
5594
5610
6012
5595
5611
6013
5612
6014
5597
5613
6015
5598
5614
6016
5599
5615
6017
5600
5616
6018
5601
5617
6019
5602
5618
6020
5603
5619
6021
5604
5620
6022
5605
5621
6023
5606
5622
6024
5607
5623
6025
5608
5624
6026
5609
5625
6027
5610
5626
6028
5611
5627
6029
5612
5628
6030
5629
6031
5614
5630
6032
5615
5631
6033
5616
5632
6034
5617
5633
6035
5618
5634
6036
5619
5635
6037
5620
5636
6038
5621
5637
6039
5622
5638
6040
5623
5639
6041
5624
5640
6042
5625
5641
6043
5626
5642
6044
5627
5643
6045
5628
5644
6046
5629
5645
6047
5646
6048
5631
5647
6049
5632
5648
6050
5633
5649
6051
5634
5650
6052
5635
5651
6053
5636
5652
6054
5637
5653
6055
5638
5654
6056
5639
5655
6057
5640
5656
6058
5641
5657
6059
5642
5658
6060
5643
5659
6061
5644
5660
6062
5645
5661
6063
5646
5662
6064
5663
6065
5648
5664
6066
5649
5665
6067
5650
5666
6068
5651
5667
6069
5652
5668
6070
5653
5669
6071
5654
5670
6072
5655
5671
6073
5656
5672
6074
5657
5673
6075
5658
5674
6076
5659
5675
6077
5660
5676
6078
5661
5677
6079
5662
5678
6080
5663
5679
6081
5680
6082
5665
5681
6083
5666
5682
6084
5667
5683
6085
5668
5684
6086
5669
5685
6087
5670
5686
6088
5671
5687
6089
5672
5688
6090
5673
5689
6091
5674
5690
6092
5675
5691
6093
5676
5692
6094
5677
5693
6095
5678
5694
6096
5679
5695
6097
5680
5696
6098
5697
6099
5682
5698
6100
5683
5699
6101
5684
5700
6102
5685
5701
6103
5686
5702
6104
5687
5703
6105
5688
5704
6106
5689
5705
6107
5690
5706
6108
5691
5707
6109
5692
5708
6110
5693
5709
6111
5694
5710
6112
5695
5711
6113
5696
5712
6114
5697
5713
6115
5714
6116
5699
5715
6117
5700
5716
6118
5701
5717
6119
5702
5718
6120
5703
5719
6121
5704
5720
6122
5705
5721
6123
5706
5722
6124
5707
5723
6125
5708
5724
6126
5709
5725
6127
5710
5726
6128
5711
5727
6129
5712
5728
6130
5713
5729
6131
5714
5730
6132
5731
6133
5716
5732
6134
5717
5733
6135
5718
5734
6136
5719
5735
6137
5720
5736
6138
5721
5737
6139
5722
5738
6140
5723
5739
6141
5724
5740
6142
5725
5741
6143
5726
5742
6144
5727
5743
6145
5728
5744
6146
5729
5745
6147
5730
5746
6148
5731
5747
6149
5748
6150
5733
5749
6151
5734
5750
6152
5735
5751
6153
5736
5752
6154
5737
5753
6155
5738
5754
6156
5739
5755
6157
5740
5756
6158
5741
5757
6159
5742
5758
6160
5743
5759
6161
5744
5760
6162
5745
5761
6163
5746
5762
6164
5747
5763
6165
5748
5764
6166
5765
6167
5750
5766
6168
5751
5767
6169
5752
5768
6170
5753
5769
6171
5754
5770
6172
5755
5771
6173
5756
5772
6174
5757
5773
6175
5758
5774
6176
5759
5775
6177
5760
5776
6178
5761
5777
6179
5762
5778
6180
5763
5779
6181
5764
5780
6182
5765
5781
6183
5782
6184
5767
5783
6185
5768
5784
6186
5769
5785
6187
5770
5786
6188
5771
5787
6189
5772
5788
6190
5773
5789
6191
5774
5790
6192
5775
5791
6193
5776
5792
6194
5777
5793
6195
5778
5794
6196
5779
5795
6197
5780
5796
6198
5781
5797
6199
5782
5798
6200
5799
6201
5784
5800
6202
5785
5801
6203
5786
5802
6204
5787
5803
6205
5788
5804
6206
5789
5805
6207
5790
5806
6208
5791
5807
6209
5792
5808
6210
5793
5809
6211
5794
5810
6212
5795
5811
6213
5796
5812
6214
5797
5813
6215
5798
5814
6216
5799
5815
6217
5816
6218
5801
5817
6219
5802
5818
6220
5803
5819
6221
5804
5820
6222
5805
5821
6223
5806
5822
6224
5807
5823
6225
5808
5824
6226
5809
5825
6227
5810
5826
6228
5811
5827
6229
5812
6230
11670
5813
6231
11671
5814
6232
11672
5815
6233
11673
5816
6234
11674
6235
11675
5818
6236
11676
5819
6237
11677
5820
6238
11678
5821
6239
11679
5822
6240
11680
5823
6241
11681
5824
6242
11682
5825
6243
11683
5826
6244
11684
5827
6245
11253
11685
6246
11254
11670
11686
5829
5845
5830
5846
5831
5847
5832
5848
5833
5849
5834
5850
5835
5851
5836
5852
5837
5853
5838
5854
5839
5855
5840
5856
5841
5857
5842
5858
5843
5859
5844
5860
5861
5846
5862
5847
5863
5848
5864
5849
5865
5850
5866
5851
5867
5852
5868
5853
5869
5854
5870
5855
5871
5856
5872
5857
5873
5858
5874
5859
5875
5860
5876
5861
5877
5878
5863
5879
5864
5880
5865
5881
5866
5882
5867
5883
5868
5884
5869
5885
5870
5886
5871
5887
5872
5888
5873
5889
5874
5890
5875
5891
5876
5892
5877
5893
5878
5894
5895
5880
5896
5881
5897
5882
5898
5883
5899
5884
5900
5885
5901
5886
5902
5887
5903
5888
5904
5889
5905
5890
5906
5891
5907
5892
5908
5893
5909
5894
5910
5895
5911
5912
5897
5913
5898
5914
5899
5915
5900
5916
5901
5917
5902
5918
5903
5919
5904
5920
5905
5921
5906
5922
5907
5923
5908
5924
5909
5925
5910
5926
5911
5927
5912
5928
5929
5914
5930
5915
5931
5916
5932
5917
5933
5918
5934
5919
5935
5920
5936
5921
5937
5922
5938
5923
5939
5924
5940
5925
5941
5926
5942
5927
5943
5928
5944
5929
5945
5946
5931
5947
5932
5948
5933
5949
5934
5950
5935
5951
5936
5952
5937
5953
5938
5954
5939
5955
5940
5956
5941
5957
5942
5958
5943
5959
5944
5960
5945
5961
5946
5962
5963
5948
5964
5949
5965
5950
5966
5951
5967
5952
5968
5953
5969
5954
5970
5955
5971
5956
5972
5957
5973
5958
5974
5959
5975
5960
5976
5961
5977
5962
5978
5963
5979
5980
5965
5981
5966
5982
5967
5983
5968
5984
5969
5985
5970
5986
5971
5987
5972
5988
5973
5989
5974
5990
5975
5991
5976
5992
5977
5993
5978
5994
5979
5995
5980
5996
5997
5982
5998
5983
5999
5984
6000
5985
6001
5986
6002
5987
6003
5988
6004
5989
6005
5990
6006
5991
6007
5992
6008
5993
6009
5994
6010
5995
6011
5996
6012
5997
6013
6014
5999
6015
6000
6016
6001
6017
6002
6018
6003
6019
6004
6020
6005
6021
6006
6022
6007
6023
6008
6024
6009
6025
6010
6026
6011
6027
6012
6028
6013
6029
6014
6030
6031
6016
6032
6017
6033
6018
6034
6019
6035
6020
6036
6021
6037
6022
6038
6023
6039
6024
6040
6025
6041
6026
6042
6027
6043
6028
6044
6029
6045
6030
6046
6031
6047
6048
6033
6049
6034
6050
6035
6051
6036
6052
6037
6053
6038
6054
6039
6055
6040
6056
6041
6057
6042
6058
6043
6059
6044
6060
6045
6061
6046
6062
6047
6063
6048
6064
6065
6050
6066
6051
6067
6052
6068
6053
6069
6054
6070
6055
6071
6056
6072
6057
6073
6058
6074
6059
6075
6060
6076
6061
6077
6062
6078
6063
6079
6064
6080
6065
6081
6082
6067
6083
6068
6084
6069
6085
6070
6086
6071
6087
6072
6088
6073
6089
6074
6090
6075
6091
6076
6092
6077
6093
6078
6094
6079
6095
6080
6096
6081
6097
6082
6098
6099
6084
6100
6085
6101
6086
6102
6087
6103
6088
6104
6089
6105
6090
6106
6091
6107
6092
6108
6093
6109
6094
6110
6095
6111
6096
6112
6097
6113
6098
6114
6099
6115
6116
6101
6117
6102
6118
6103
6119
6104
6120
6105
6121
6106
6122
6107
6123
6108
6124
6109
6125
6110
6126
6111
6127
6112
6128
6113
6129
6114
6130
6115
6131
6116
6132
6133
6118
6134
6119
6135
6120
6136
6121
6137
6122
6138
6123
6139
6124
6140
6125
6141
6126
6142
6127
6143
6128
6144
6129
6145
6130
6146
6131
6147
6132
6148
6133
6149
6150
6135
6151
6136
6152
6137
6153
6138
6154
6139
6155
6140
6156
6141
6157
6142
6158
6143
6159
6144
6160
6145
6161
6146
6162
6147
6163
6148
6164
6149
6165
6150
6166
6167
6152
6168
6153
6169
6154
6170
6155
6171
6156
6172
6157
6173
6158
6174
6159
6175
6160
6176
6161
6177
6162
6178
6163
6179
6164
6180
6165
6181
6166
6182
6167
6183
6184
6169
6185
6170
6186
6171
6187
6172
6188
6173
6189
6174
6190
6175
6191
6176
6192
6177
6193
6178
6194
6179
6195
6180
6196
6181
6197
6182
6198
6183
6199
6184
6200
6201
6186
6202
6187
6203
6188
6204
6189
6205
6190
6206
6191
6207
6192
6208
6193
6209
6194
6210
6195
6211
6196
6212
6197
6213
6198
6214
6199
6215
6200
6216
6201
6217
6218
6203
6219
6204
6220
6205
6221
6206
6222
6207
6223
6208
6224
6209
6225
6210
6226
6211
6227
6212
6228
6213
6229
6214
6230
6215
6231
6216
6232
6217
6233
6218
6234
6235
6220
6236
6221
6237
6222
6238
6223
6239
6224
6240
6225
6241
6226
6242
6227
6243
6228
6244
6229
6245
6230
6246
6231
6247
6232
6248
6233
6249
6234
12086
6235
12087
12088
6237
12089
6238
12090
6239
12091
6240
12092
6241
12093
6242
12094
6243
12095
6244
12096
6245
12097
6246
12098
6247
12099
6248
11670
12100
6249
11671
12101
11672
12086
12102
6251
6267
6252
6268
6253
6269
6254
6270
6672
6255
6271
6673
6256
6272
6674
6257
6273
6675
6258
6274
6676
6259
6275
6677
6260
6276
6678
6261
6277
6679
6262
6278
6680
6263
6279
6681
6280
6682
8334
6265
6281
6683
6266
6282
6684
6267
6283
6685
6268
6284
6686
6269
6285
6687
6270
6286
6688
6271
6287
6689
6272
6288
6690
6273
6289
6691
6274
6290
6692
6275
6291
6693
6276
6292
6694
6277
6293
6695
6278
6294
6696
6279
6295
6697
6280
6296
6698
6297
6699
8350
6282
6298
6700
6283
6299
6701
6284
6300
6702
6285
6301
6703
6286
6302
6704
6287
6303
6705
6288
6304
6706
6289
6305
6707
6290
6306
6708
6291
6307
6709
6292
6308
6710
6293
6309
6711
6294
6310
6712
6295
6311
6713
6296
6312
6714
6297
6313
6715
6314
6716
8366
6299
6315
6717
6300
6316
6718
6301
6317
6719
6302
6318
6720
6303
6319
6721
6304
6320
6722
6305
6321
6723
6306
6322
6724
6307
6323
6725
6308
6324
6726
6309
6325
6727
6310
6326
6728
6311
6327
6729
6312
6328
6730
6313
6329
6731
6314
6330
6732
6331
6733
8382
6316
6332
6734
6317
6333
6735
6318
6334
6736
6319
6335
6737
6320
6336
6738
6321
6337
6739
6322
6338
6740
6323
6339
6741
6324
6340
6742
6325
6341
6743
6326
6342
6744
6327
6343
6745
6328
6344
6746
6329
6345
6747
6330
6346
6748
6331
6347
6749
6348
6750
8398
6333
6349
6751
6334
6350
6752
6335
6351
6753
6336
6352
6754
6337
6353
6755
6338
6354
6756
6339
6355
6757
6340
6356
6758
6341
6357
6759
6342
6358
6760
6343
6359
6761
6344
6360
6762
6345
6361
6763
6346
6362
6764
6347
6363
6765
6348
6364
6766
6365
6767
8414
6350
6366
6768
6351
6367
6769
6352
6368
6770
6353
6369
6771
6354
6370
6772
6355
6371
6773
6356
6372
6774
6357
6373
6775
6358
6374
6776
6359
6375
6777
6360
6376
6778
6361
6377
6779
6362
6378
6780
6363
6379
6781
6364
6380
6782
6365
6381
6783
6382
6784
8430
6367
6383
6785
6368
6384
6786
6369
6385
6787
6370
6386
6788
6371
6387
6789
6372
6388
6790
6373
6389
6791
6374
6390
6792
6375
6391
6793
6376
6392
6794
6377
6393
6795
6378
6394
6796
6379
6395
6797
6380
6396
6798
6381
6397
6799
6382
6398
6800
6399
6801
8447
6384
6400
6802
6385
6401
6803
6386
6402
6804
6387
6403
6805
6388
6404
6806
6389
6405
6807
6390
6406
6808
6391
6407
6809
6392
6408
6810
6393
6409
6811
6394
6410
6812
6395
6411
6813
6396
6412
6814
6397
6413
6815
6398
6414
6816
6399
6415
6817
6416
6818
8464
6401
6417
6819
6402
6418
6820
6403
6419
6821
6404
6420
6822
6405
6421
6823
6406
6422
6824
6407
6423
6825
6408
6424
6826
6409
6425
6827
6410
6426
6828
6411
6427
6829
6412
6428
6830
6413
6429
6831
6414
6430
6832
6415
6431
6833
6416
6432
6834
6433
6835
8481
6418
6434
6836
6419
6435
6837
6420
6436
6838
6421
6437
6839
6422
6438
6840
6423
6439
6841
6424
6440
6842
6425
6441
6843
6426
6442
6844
6427
6443
6845
6428
6444
6846
6429
6445
6847
6430
6446
6848
6431
6447
6849
6432
6448
6850
6433
6449
6851
6450
6852
8498
6435
6451
6853
6436
6452
6854
6437
6453
6855
6438
6454
6856
6439
6455
6857
6440
6456
6858
6441
6457
6859
6442
6458
6860
6443
6459
6861
6444
6460
6862
6445
6461
6863
6446
6462
6864
6447
6463
6865
6448
6464
6866
6449
6465
6867
6450
6466
6868
6467
6869
8515
6452
6468
6870
6453
6469
6871
6454
6470
6872
6455
6471
6873
6456
6472
6874
6457
6473
6875
6458
6474
6876
6459
6475
6877
6460
6476
6878
6461
6477
6879
6462
6478
6880
6463
6479
6881
6464
6480
6882
6465
6481
6883
6466
6482
6884
6467
6483
6885
6484
6886
8532
6469
6485
6887
6470
6486
6888
6471
6487
6889
6472
6488
6890
6473
6489
6891
6474
6490
6892
6475
6491
6893
6476
6492
6894
6477
6493
6895
6478
6494
6896
6479
6495
6897
6480
6496
6898
6481
6497
6899
6482
6498
6900
6483
6499
6901
6484
6500
6902
6501
6903
8549
6486
6502
6904
6487
6503
6905
6488
6504
6906
6489
6505
6907
6490
6506
6908
6491
6507
6909
6492
6508
6910
6493
6509
6911
6494
6510
6912
6495
6511
6913
6496
6512
6914
6497
6513
6915
6498
6514
6916
6499
6515
6917
6500
6516
6918
6501
6517
6919
6518
6920
8566
6503
6519
6921
6504
6520
6922
6505
6521
6923
6506
6522
6924
6507
6523
6925
6508
6524
6926
6509
6525
6927
6510
6526
6928
6511
6527
6929
6512
6528
6930
6513
6529
6931
6514
6530
6932
6515
6531
6933
6516
6532
6934
6517
6533
6935
6518
6534
6936
6535
6937
8583
6520
6536
6938
6521
6537
6939
6522
6538
6940
6523
6539
6941
6524
6540
6942
6525
6541
6943
6526
6542
6944
6527
6543
6945
6528
6544
6946
6529
6545
6947
6530
6546
6948
6531
6547
6949
6532
6548
6950
6533
6549
6951
6534
6550
6952
6535
6551
6953
6552
6954
8600
6537
6553
6955
6538
6554
6956
6539
6555
6957
6540
6556
6958
6541
6557
6959
6542
6558
6960
6543
6559
6961
6544
6560
6962
6545
6561
6963
6546
6562
6964
6547
6563
6965
6548
6564
6966
6549
6565
6967
6550
6566
6968
6551
6567
6969
6552
6568
6970
6569
6971
8617
6554
6570
6972
6555
6571
6973
6556
6572
6974
6557
6573
6975
6558
6574
6976
6559
6575
6977
6560
6576
6978
6561
6577
6979
6562
6578
6980
6563
6579
6981
6564
6580
6982
6565
6581
6983
6566
6582
6984
6567
6583
6985
6568
6584
6986
6569
6585
6987
6586
6988
8634
6571
6587
6989
6572
6588
6990
6573
6589
6991
6574
6590
6992
6575
6591
6993
6576
6592
6994
6577
6593
6995
6578
6594
6996
6579
6595
6997
6580
6596
6998
6581
6597
6999
6582
6598
7000
6583
6599
7001
6584
6600
7002
6585
6601
7003
6586
6602
7004
6603
7005
8651
6588
6604
7006
6589
6605
7007
6590
6606
7008
6591
6607
7009
6592
6608
7010
6593
6609
7011
6594
6610
7012
6595
6611
7013
6596
6612
7014
6597
6613
7015
6598
6614
7016
6599
6615
7017
6600
6616
7018
6601
6617
7019
6602
6618
7020
6603
6619
7021
6620
7022
8668
6605
6621
7023
6606
6622
7024
6607
6623
7025
6608
6624
7026
6609
6625
7027
6610
6626
7028
6611
6627
7029
6612
6628
7030
6613
6629
7031
6614
6630
7032
6615
6631
7033
6616
6632
7034
6617
6633
7035
6618
6634
7036
6619
6635
7037
6620
6636
7038
6637
7039
8685
6622
6638
7040
6623
6639
7041
6624
6640
7042
6625
6641
7043
6626
6642
7044
6627
6643
7045
6628
6644
7046
6629
6645
7047
6630
6646
7048
6631
6647
7049
6632
6648
7050
6633
6649
7051
6634
6650
7052
6635
6651
7053
6636
6652
7054
6637
6653
7055
6654
7056
8702
6639
6655
7057
6640
6656
7058
6641
6657
7059
6642
6658
7060
6643
6659
7061
6644
6660
7062
6645
6661
7063
6646
6662
7064
6647
6663
7065
6648
6664
7066
6649
6665
7067
6650
6666
7068
6651
6667
7069
6652
6668
7070
6653
6669
7071
6654
6670
7072
6671
7073
8719
6656
7074
6657
7075
6658
7076
6659
7077
6660
7078
6661
7079
6662
7080
6663
7081
6664
7082
6665
7083
6666
7084
6667
7085
6668
7086
6669
7087
6670
7088
6671
7089
7090
8736
6673
6689
6674
6690
6675
6691
7091
6676
6692
7092
6677
6693
7093
6678
6694
7094
6679
6695
7095
6680
6696
7096
6681
6697
7097
6682
6698
7098
6699
7099
8753
6684
6700
7100
6685
6701
7101
6686
6702
7102
6687
6703
7103
6688
6704
7104
6689
6705
7105
6690
6706
7106
6691
6707
7107
6692
6708
7108
6693
6709
7109
6694
6710
7110
6695
6711
7111
6696
6712
7112
6697
6713
7113
6698
6714
7114
6699
6715
7115
6716
7116
8769
6701
6717
7117
6702
6718
7118
6703
6719
7119
6704
6720
7120
6705
6721
7121
6706
6722
7122
6707
6723
7123
6708
6724
7124
6709
6725
7125
6710
6726
7126
6711
6727
7127
6712
6728
7128
6713
6729
7129
6714
6730
7130
6715
6731
7131
6716
6732
7132
6733
7133
8785
6718
6734
7134
6719
6735
7135
6720
6736
7136
6721
6737
7137
6722
6738
7138
6723
6739
7139
6724
6740
7140
6725
6741
7141
6726
6742
7142
6727
6743
7143
6728
6744
7144
6729
6745
7145
6730
6746
7146
6731
6747
7147
6732
6748
7148
6733
6749
7149
6750
7150
8801
6735
6751
7151
6736
6752
7152
6737
6753
7153
6738
6754
7154
6739
6755
7155
6740
6756
7156
6741
6757
7157
6742
6758
7158
6743
6759
7159
6744
6760
7160
6745
6761
7161
6746
6762
7162
6747
6763
7163
6748
6764
7164
6749
6765
7165
6750
6766
7166
6767
7167
8817
6752
6768
7168
6753
6769
7169
6754
6770
7170
6755
6771
7171
6756
6772
7172
6757
6773
7173
6758
6774
7174
6759
6775
7175
6760
6776
7176
6761
6777
7177
6762
6778
7178
6763
6779
7179
6764
6780
7180
6765
6781
7181
6766
6782
7182
6767
6783
7183
6784
7184
8833
6769
6785
7185
6770
6786
7186
6771
6787
7187
6772
6788
7188
6773
6789
7189
6774
6790
7190
6775
6791
7191
6776
6792
7192
6777
6793
7193
6778
6794
7194
6779
6795
7195
6780
6796
7196
6781
6797
7197
6782
6798
7198
6783
6799
7199
6784
6800
7200
6801
7201
8849
6786
6802
7202
6787
6803
7203
6788
6804
7204
6789
6805
7205
6790
6806
7206
6791
6807
7207
6792
6808
7208
6793
6809
7209
6794
6810
7210
6795
6811
7211
6796
6812
7212
6797
6813
7213
6798
6814
7214
6799
6815
7215
6800
6816
7216
6801
6817
7217
6818
7218
8865
6803
6819
7219
6804
6820
7220
6805
6821
7221
6806
6822
7222
6807
6823
7223
6808
6824
7224
6809
6825
7225
6810
6826
7226
6811
6827
7227
6812
6828
7228
6813
6829
7229
6814
6830
7230
6815
6831
7231
6816
6832
7232
6817
6833
7233
6818
6834
7234
6835
7235
8882
6820
6836
7236
6821
6837
7237
6822
6838
7238
6823
6839
7239
6824
6840
7240
6825
6841
7241
6826
6842
7242
6827
6843
7243
6828
6844
7244
6829
6845
7245
6830
6846
7246
6831
6847
7247
6832
6848
7248
6833
6849
7249
6834
6850
7250
6835
6851
7251
6852
7252
8899
6837
6853
7253
6838
6854
7254
6839
6855
7255
6840
6856
7256
6841
6857
7257
6842
6858
7258
6843
6859
7259
6844
6860
7260
6845
6861
7261
6846
6862
7262
6847
6863
7263
6848
6864
7264
6849
6865
7265
6850
6866
7266
6851
6867
7267
6852
6868
7268
6869
7269
8916
6854
6870
7270
6855
6871
7271
6856
6872
7272
6857
6873
7273
6858
6874
7274
6859
6875
7275
6860
6876
7276
6861
6877
7277
6862
6878
7278
6863
6879
7279
6864
6880
7280
6865
6881
7281
6866
6882
7282
6867
6883
7283
6868
6884
7284
6869
6885
7285
6886
7286
8933
6871
6887
7287
6872
6888
7288
6873
6889
7289
6874
6890
7290
6875
6891
7291
6876
6892
7292
6877
6893
7293
6878
6894
7294
6879
6895
7295
6880
6896
7296
6881
6897
7297
6882
6898
7298
6883
6899
7299
6884
6900
7300
6885
6901
7301
6886
6902
7302
6903
7303
8950
6888
6904
7304
6889
6905
7305
6890
6906
7306
6891
6907
7307
6892
6908
7308
6893
6909
7309
6894
6910
7310
6895
6911
7311
6896
6912
7312
6897
6913
7313
6898
6914
7314
6899
6915
7315
6900
6916
7316
6901
6917
7317
6902
6918
7318
6903
6919
7319
6920
7320
8967
6905
6921
7321
6906
6922
7322
6907
6923
7323
6908
6924
7324
6909
6925
7325
6910
6926
7326
6911
6927
7327
6912
6928
7328
6913
6929
7329
6914
6930
7330
6915
6931
7331
6916
6932
7332
6917
6933
7333
6918
6934
7334
6919
6935
7335
6920
6936
7336
6937
7337
8984
6922
6938
7338
6923
6939
7339
6924
6940
7340
6925
6941
7341
6926
6942
7342
6927
6943
7343
6928
6944
7344
6929
6945
7345
6930
6946
7346
6931
6947
7347
6932
6948
7348
6933
6949
7349
6934
6950
7350
6935
6951
7351
6936
6952
7352
6937
6953
7353
6954
7354
9001
6939
6955
7355
6940
6956
7356
6941
6957
7357
6942
6958
7358
6943
6959
7359
6944
6960
7360
6945
6961
7361
6946
6962
7362
6947
6963
7363
6948
6964
7364
6949
6965
7365
6950
6966
7366
6951
6967
7367
6952
6968
7368
6953
6969
7369
6954
6970
7370
6971
7371
9018
6956
6972
7372
6957
6973
7373
6958
6974
7374
6959
6975
7375
6960
6976
7376
6961
6977
7377
6962
6978
7378
6963
6979
7379
6964
6980
7380
6965
6981
7381
6966
6982
7382
6967
6983
7383
6968
6984
7384
6969
6985
7385
6970
6986
7386
6971
6987
7387
6988
7388
9035
6973
6989
7389
6974
6990
7390
6975
6991
7391
6976
6992
7392
6977
6993
7393
6978
6994
7394
6979
6995
7395
6980
6996
7396
6981
6997
7397
6982
6998
7398
6983
6999
7399
6984
7000
7400
6985
7001
7401
6986
7002
7402
6987
7003
7403
6988
7004
7404
7005
7405
9052
6990
7006
7406
6991
7007
7407
6992
7008
7408
6993
7009
7409
6994
7010
7410
6995
7011
7411
6996
7012
7412
6997
7013
7413
6998
7014
7414
6999
7015
7415
7000
7016
7416
7001
7017
7417
7002
7018
7418
7003
7019
7419
7004
7020
7420
7005
7021
7421
7022
7422
9069
7007
7023
7423
7008
7024
7424
7009
7025
7425
7010
7026
7426
7011
7027
7427
7012
7028
7428
7013
7029
7429
7014
7030
7430
7015
7031
7431
7016
7032
7432
7017
7033
7433
7018
7034
7434
7019
7035
7435
7020
7036
7436
7021
7037
7437
7022
7038
7438
7039
7439
9086
7024
7040
7440
7025
7041
7441
7026
7042
7442
7027
7043
7443
7028
7044
7444
7029
7045
7445
7030
7046
7446
7031
7047
7447
7032
7048
7448
7033
7049
7449
7034
7050
7450
7035
7051
7451
7036
7052
7452
7037
7053
7453
7038
7054
7454
7039
7055
7455
7056
7456
9103
7041
7057
7457
7042
7058
7458
7043
7059
7459
7044
7060
7460
7045
7061
7461
7046
7062
7462
7047
7063
7463
7048
7064
7464
7049
7065
7465
7050
7066
7466
7051
7067
7467
7052
7068
7468
7053
7069
7469
7054
7070
7470
7055
7071
7471
7056
7072
7472
7073
7473
9120
7058
7074
7474
7059
7075
7475
7060
7076
7476
7061
7077
7477
7062
7078
7478
7063
7079
7479
7064
7080
7480
7065
7081
7481
7066
7082
7482
7067
7083
7483
7068
7084
7484
7069
7085
7485
7070
7086
7486
7071
7087
7487
7072
7088
7488
7073
7089
7489
7090
7490
9137
7075
7491
7076
7492
7077
7493
7078
7494
7079
7495
7080
7496
7081
7497
7082
7498
7083
7499
7084
7500
7085
7501
7086
7502
7087
7503
7088
7504
7089
7505
7090
7506
7507
9154
7092
7108
7093
7109
7094
7110
7095
7111
7508
7096
7112
7509
7097
7113
7510
7098
7114
7511
7099
7115
7512
7116
7513
9171
7101
7117
7514
7102
7118
7515
7103
7119
7516
7104
7120
7517
7105
7121
7518
7106
7122
7519
7107
7123
7520
7108
7124
7521
7109
7125
7522
7110
7126
7523
7111
7127
7524
7112
7128
7525
7113
7129
7526
7114
7130
7527
7115
7131
7528
7116
7132
7529
7133
7530
9187
7118
7134
7531
7119
7135
7532
7120
7136
7533
7121
7137
7534
7122
7138
7535
7123
7139
7536
7124
7140
7537
7125
7141
7538
7126
7142
7539
7127
7143
7540
7128
7144
7541
7129
7145
7542
7130
7146
7543
7131
7147
7544
7132
7148
7545
7133
7149
7546
7150
7547
9203
7135
7151
7548
7136
7152
7549
7137
7153
7550
7138
7154
7551
7139
7155
7552
7140
7156
7553
7141
7157
7554
7142
7158
7555
7143
7159
7556
7144
7160
7557
7145
7161
7558
7146
7162
7559
7147
7163
7560
7148
7164
7561
7149
7165
7562
7150
7166
7563
7167
7564
9219
7152
7168
7565
7153
7169
7566
7154
7170
7567
7155
7171
7568
7156
7172
7569
7157
7173
7570
7158
7174
7571
7159
7175
7572
7160
7176
7573
7161
7177
7574
7162
7178
7575
7163
7179
7576
7164
7180
7577
7165
7181
7578
7166
7182
7579
7167
7183
7580
7184
7581
9235
7169
7185
7582
7170
7186
7583
7171
7187
7584
7172
7188
7585
7173
7189
7586
7174
7190
7587
7175
7191
7588
7176
7192
7589
7177
7193
7590
7178
7194
7591
7179
7195
7592
7180
7196
7593
7181
7197
7594
7182
7198
7595
7183
7199
7596
7184
7200
7597
7201
7598
9251
7186
7202
7599
7187
7203
7600
7188
7204
7601
7189
7205
7602
7190
7206
7603
7191
7207
7604
7192
7208
7605
7193
7209
7606
7194
7210
7607
7195
7211
7608
7196
7212
7609
7197
7213
7610
7198
7214
7611
7199
7215
7612
7200
7216
7613
7201
7217
7614
7218
7615
9267
7203
7219
7616
7204
7220
7617
7205
7221
7618
7206
7222
7619
7207
7223
7620
7208
7224
7621
7209
7225
7622
7210
7226
7623
7211
7227
7624
7212
7228
7625
7213
7229
7626
7214
7230
7627
7215
7231
7628
7216
7232
7629
7217
7233
7630
7218
7234
7631
7235
7632
9283
7220
7236
7633
7221
7237
7634
7222
7238
7635
7223
7239
7636
7224
7240
7637
7225
7241
7638
7226
7242
7639
7227
7243
7640
7228
7244
7641
7229
7245
7642
7230
7246
7643
7231
7247
7644
7232
7248
7645
7233
7249
7646
7234
7250
7647
7235
7251
7648
7252
7649
9299
7237
7253
7650
7238
7254
7651
7239
7255
7652
7240
7256
7653
7241
7257
7654
7242
7258
7655
7243
7259
7656
7244
7260
7657
7245
7261
7658
7246
7262
7659
7247
7263
7660
7248
7264
7661
7249
7265
7662
7250
7266
7663
7251
7267
7664
7252
7268
7665
7269
7666
9315
7254
7270
7667
7255
7271
7668
7256
7272
7669
7257
7273
7670
7258
7274
7671
7259
7275
7672
7260
7276
7673
7261
7277
7674
7262
7278
7675
7263
7279
7676
7264
7280
7677
7265
7281
7678
7266
7282
7679
7267
7283
7680
7268
7284
7681
7269
7285
7682
7286
7683
9332
7271
7287
7684
7272
7288
7685
7273
7289
7686
7274
7290
7687
7275
7291
7688
7276
7292
7689
7277
7293
7690
7278
7294
7691
7279
7295
7692
7280
7296
7693
7281
7297
7694
7282
7298
7695
7283
7299
7696
7284
7300
7697
7285
7301
7698
7286
7302
7699
7303
7700
9349
7288
7304
7701
7289
7305
7702
7290
7306
7703
7291
7307
7704
7292
7308
7705
7293
7309
7706
7294
7310
7707
7295
7311
7708
7296
7312
7709
7297
7313
7710
7298
7314
7711
7299
7315
7712
7300
7316
7713
7301
7317
7714
7302
7318
7715
7303
7319
7716
7320
7717
9366
7305
7321
7718
7306
7322
7719
7307
7323
7720
7308
7324
7721
7309
7325
7722
7310
7326
7723
7311
7327
7724
7312
7328
7725
7313
7329
7726
7314
7330
7727
7315
7331
7728
7316
7332
7729
7317
7333
7730
7318
7334
7731
7319
7335
7732
7320
7336
7733
7337
7734
9383
7322
7338
7735
7323
7339
7736
7324
7340
7737
7325
7341
7738
7326
7342
7739
7327
7343
7740
7328
7344
7741
7329
7345
7742
7330
7346
7743
7331
7347
7744
7332
7348
7745
7333
7349
7746
7334
7350
7747
7335
7351
7748
7336
7352
7749
7337
7353
7750
7354
7751
9400
7339
7355
7752
7340
7356
7753
7341
7357
7754
7342
7358
7755
7343
7359
7756
7344
7360
7757
7345
7361
7758
7346
7362
7759
7347
7363
7760
7348
7364
7761
7349
7365
7762
7350
7366
7763
7351
7367
7764
7352
7368
7765
7353
7369
7766
7354
7370
7767
7371
7768
9417
7356
7372
7769
7357
7373
7770
7358
7374
7771
7359
7375
7772
7360
7376
7773
7361
7377
7774
7362
7378
7775
7363
7379
7776
7364
7380
7777
7365
7381
7778
7366
7382
7779
7367
7383
7780
7368
7384
7781
7369
7385
7782
7370
7386
7783
7371
7387
7784
7388
7785
9434
7373
7389
7786
7374
7390
7787
7375
7391
7788
7376
7392
7789
7377
7393
7790
7378
7394
7791
7379
7395
7792
7380
7396
7793
7381
7397
7794
7382
7398
7795
7383
7399
7796
7384
7400
7797
7385
7401
7798
7386
7402
7799
7387
7403
7800
7388
7404
7801
7405
7802
9451
7390
7406
7803
7391
7407
7804
7392
7408
7805
7393
7409
7806
7394
7410
7807
7395
7411
7808
7396
7412
7809
7397
7413
7810
7398
7414
7811
7399
7415
7812
7400
7416
7813
7401
7417
7814
7402
7418
7815
7403
7419
7816
7404
7420
7817
7405
7421
7818
7422
7819
9468
7407
7423
7820
7408
7424
7821
7409
7425
7822
7410
7426
7823
7411
7427
7824
7412
7428
7825
7413
7429
7826
7414
7430
7827
7415
7431
7828
7416
7432
7829
7417
7433
7830
7418
7434
7831
7419
7435
7832
7420
7436
7833
7421
7437
7834
7422
7438
7835
7439
7836
9485
7424
7440
7837
7425
7441
7838
7426
7442
7839
7427
7443
7840
7428
7444
7841
7429
7445
7842
7430
7446
7843
7431
7447
7844
7432
7448
7845
7433
7449
7846
7434
7450
7847
7435
7451
7848
7436
7452
7849
7437
7453
7850
7438
7454
7851
7439
7455
7852
7456
7853
9502
7441
7457
7854
7442
7458
7855
7443
7459
7856
7444
7460
7857
7445
7461
7858
7446
7462
7859
7447
7463
7860
7448
7464
7861
7449
7465
7862
7450
7466
7863
7451
7467
7864
7452
7468
7865
7453
7469
7866
7454
7470
7867
7455
7471
7868
7456
7472
7869
7473
7870
9519
7458
7474
7871
7459
7475
7872
7460
7476
7873
7461
7477
7874
7462
7478
7875
7463
7479
7876
7464
7480
7877
7465
7481
7878
7466
7482
7879
7467
7483
7880
7468
7484
7881
7469
7485
7882
7470
7486
7883
7471
7487
7884
7472
7488
7885
7473
7489
7886
7490
7887
9536
7475
7491
7888
7476
7492
7889
7477
7493
7890
7478
7494
7891
7479
7495
7892
7480
7496
7893
7481
7497
7894
7482
7498
7895
7483
7499
7896
7484
7500
7897
7485
7501
7898
7486
7502
7899
7487
7503
7900
7488
7504
7901
7489
7505
7902
7490
7506
7903
7507
7904
9553
7492
7905
7493
7906
7494
7907
7495
7908
7496
7909
7497
7910
7498
7911
7499
7912
7500
7913
7501
7914
7502
7915
7503
7916
7504
7917
7505
7918
7506
7919
7507
7920
7921
9570
7509
7525
7510
7526
7511
7527
7512
7528
7922
7513
7529
7923
7530
7924
9587
7515
7531
7925
7516
7532
7926
7517
7533
7927
7518
7534
7928
7519
7535
7929
7520
7536
7930
7521
7537
7931
7522
7538
7932
7523
7539
7933
7524
7540
7934
7525
7541
7935
7526
7542
7936
7527
7543
7937
7528
7544
7938
7529
7545
7939
7530
7546
7940
7547
7941
9603
7532
7548
7942
7533
7549
7943
7534
7550
7944
7535
7551
7945
7536
7552
7946
7537
7553
7947
7538
7554
7948
7539
7555
7949
7540
7556
7950
7541
7557
7951
7542
7558
7952
7543
7559
7953
7544
7560
7954
7545
7561
7955
7546
7562
7956
7547
7563
7957
7564
7958
9619
7549
7565
7959
7550
7566
7960
7551
7567
7961
7552
7568
7962
7553
7569
7963
7554
7570
7964
7555
7571
7965
7556
7572
7966
7557
7573
7967
7558
7574
7968
7559
7575
7969
7560
7576
7970
7561
7577
7971
7562
7578
7972
7563
7579
7973
7564
7580
7974
7581
7975
9635
7566
7582
7976
7567
7583
7977
7568
7584
7978
7569
7585
7979
7570
7586
7980
7571
7587
7981
7572
7588
7982
7573
7589
7983
7574
7590
7984
7575
7591
7985
7576
7592
7986
7577
7593
7987
7578
7594
7988
7579
7595
7989
7580
7596
7990
7581
7597
7991
7598
7992
9651
7583
7599
7993
7584
7600
7994
7585
7601
7995
7586
7602
7996
7587
7603
7997
7588
7604
7998
7589
7605
7999
7590
7606
8000
7591
7607
8001
7592
7608
8002
7593
7609
8003
7594
7610
8004
7595
7611
8005
7596
7612
8006
7597
7613
8007
7598
7614
8008
7615
8009
9667
7600
7616
8010
7601
7617
8011
7602
7618
8012
7603
7619
8013
7604
7620
8014
7605
7621
8015
7606
7622
8016
7607
7623
8017
7608
7624
8018
7609
7625
8019
7610
7626
8020
7611
7627
8021
7612
7628
8022
7613
7629
8023
7614
7630
8024
7615
7631
8025
7632
8026
9683
7617
7633
8027
7618
7634
8028
7619
7635
8029
7620
7636
8030
7621
7637
8031
7622
7638
8032
7623
7639
8033
7624
7640
8034
7625
7641
8035
7626
7642
8036
7627
7643
8037
7628
7644
8038
7629
7645
8039
7630
7646
8040
7631
7647
8041
7632
7648
8042
7649
8043
9699
7634
7650
8044
7635
7651
8045
7636
7652
8046
7637
7653
8047
7638
7654
8048
7639
7655
8049
7640
7656
8050
7641
7657
8051
7642
7658
8052
7643
7659
8053
7644
7660
8054
7645
7661
8055
7646
7662
8056
7647
7663
8057
7648
7664
8058
7649
7665
8059
7666
8060
9715
7651
7667
8061
7652
7668
8062
7653
7669
8063
7654
7670
8064
7655
7671
8065
7656
7672
8066
7657
7673
8067
7658
7674
8068
7659
7675
8069
7660
7676
8070
7661
7677
8071
7662
7678
8072
7663
7679
8073
7664
7680
8074
7665
7681
8075
7666
7682
8076
7683
8077
9731
7668
7684
8078
7669
7685
8079
7670
7686
8080
7671
7687
8081
7672
7688
8082
7673
7689
8083
7674
7690
8084
7675
7691
8085
7676
7692
8086
7677
7693
8087
7678
7694
8088
7679
7695
8089
7680
7696
8090
7681
7697
8091
7682
7698
8092
7683
7699
8093
7700
8094
9747
7685
7701
8095
7686
7702
8096
7687
7703
8097
7688
7704
8098
7689
7705
8099
7690
7706
8100
7691
7707
8101
7692
7708
8102
7693
7709
8103
7694
7710
8104
7695
7711
8105
7696
7712
8106
7697
7713
8107
7698
7714
8108
7699
7715
8109
7700
7716
8110
7717
8111
9764
7702
7718
8112
7703
7719
8113
7704
7720
8114
7705
7721
8115
7706
7722
8116
7707
7723
8117
7708
7724
8118
7709
7725
8119
7710
7726
8120
7711
7727
8121
7712
7728
8122
7713
7729
8123
7714
7730
8124
7715
7731
8125
7716
7732
8126
7717
7733
8127
7734
8128
9781
7719
7735
8129
7720
7736
8130
7721
7737
8131
7722
7738
8132
7723
7739
8133
7724
7740
8134
7725
7741
8135
7726
7742
8136
7727
7743
8137
7728
7744
8138
7729
7745
8139
7730
7746
8140
7731
7747
8141
7732
7748
8142
7733
7749
8143
7734
7750
8144
7751
8145
9798
7736
7752
8146
7737
7753
8147
7738
7754
8148
7739
7755
8149
7740
7756
8150
7741
7757
8151
7742
7758
8152
7743
7759
8153
7744
7760
8154
7745
7761
8155
7746
7762
8156
7747
7763
8157
7748
7764
8158
7749
7765
8159
7750
7766
8160
7751
7767
8161
7768
8162
9815
7753
7769
8163
7754
7770
8164
7755
7771
8165
7756
7772
8166
7757
7773
8167
7758
7774
8168
7759
7775
8169
7760
7776
8170
7761
7777
8171
7762
7778
8172
7763
7779
8173
7764
7780
8174
7765
7781
8175
7766
7782
8176
7767
7783
8177
7768
7784
8178
7785
8179
9832
7770
7786
8180
7771
7787
8181
7772
7788
8182
7773
7789
8183
7774
7790
8184
7775
7791
8185
7776
7792
8186
7777
7793
8187
7778
7794
8188
7779
7795
8189
7780
7796
8190
7781
7797
8191
7782
7798
8192
7783
7799
8193
7784
7800
8194
7785
7801
8195
7802
8196
9849
7787
7803
8197
7788
7804
8198
7789
7805
8199
7790
7806
8200
7791
7807
8201
7792
7808
8202
7793
7809
8203
7794
7810
8204
7795
7811
8205
7796
7812
8206
7797
7813
8207
7798
7814
8208
7799
7815
8209
7800
7816
8210
7801
7817
8211
7802
7818
8212
7819
8213
9866
7804
7820
8214
7805
7821
8215
7806
7822
8216
7807
7823
8217
7808
7824
8218
7809
7825
8219
7810
7826
8220
7811
7827
8221
7812
7828
8222
7813
7829
8223
7814
7830
8224
7815
7831
8225
7816
7832
8226
7817
7833
8227
7818
7834
8228
7819
7835
8229
7836
8230
9883
7821
7837
8231
7822
7838
8232
7823
7839
8233
7824
7840
8234
7825
7841
8235
7826
7842
8236
7827
7843
8237
7828
7844
8238
7829
7845
8239
7830
7846
8240
7831
7847
8241
7832
7848
8242
7833
7849
8243
7834
7850
8244
7835
7851
8245
7836
7852
8246
7853
8247
9900
7838
7854
8248
7839
7855
8249
7840
7856
8250
7841
7857
8251
7842
7858
8252
7843
7859
8253
7844
7860
8254
7845
7861
8255
7846
7862
8256
7847
7863
8257
7848
7864
8258
7849
7865
8259
7850
7866
8260
7851
7867
8261
7852
7868
8262
7853
7869
8263
7870
8264
9917
7855
7871
8265
7856
7872
8266
7857
7873
8267
7858
7874
8268
7859
7875
8269
7860
7876
8270
7861
7877
8271
7862
7878
8272
7863
7879
8273
7864
7880
8274
7865
7881
8275
7866
7882
8276
7867
7883
8277
7868
7884
8278
7869
7885
8279
7870
7886
8280
7887
8281
9934
7872
7888
8282
7873
7889
8283
7874
7890
8284
7875
7891
8285
7876
7892
8286
7877
7893
8287
7878
7894
8288
7879
7895
8289
7880
7896
8290
7881
7897
8291
7882
7898
8292
7883
7899
8293
7884
7900
8294
7885
7901
8295
7886
7902
8296
7887
7903
8297
7904
8298
9951
7889
7905
8299
7890
7906
8300
7891
7907
8301
7892
7908
8302
7893
7909
8303
7894
7910
8304
7895
7911
8305
7896
7912
8306
7897
7913
8307
7898
7914
8308
7899
7915
8309
7900
7916
8310
7901
7917
8311
7902
7918
8312
7903
7919
8313
7904
7920
8314
7921
8315
9968
7906
8316
7907
8317
7908
8318
7909
8319
7910
8320
7911
8321
7912
8322
7913
8323
7914
8324
7915
8325
7916
8326
7917
8327
7918
8328
7919
8329
7920
8330
7921
8331
8332
9985
7923
7939
7924
7940
7941
10002
7926
7942
7927
7943
7928
7944
7929
7945
7930
7946
7931
7947
7932
7948
7933
7949
7934
7950
7935
7951
7936
7952
7937
7953
7938
7954
7939
7955
7940
7956
7941
7957
7958
10018
7943
7959
7944
7960
7945
7961
7946
7962
7947
7963
7948
7964
7949
7965
7950
7966
7951
7967
7952
7968
7953
7969
7954
7970
7955
7971
7956
7972
7957
7973
7958
7974
7975
10034
7960
7976
7961
7977
7962
7978
7963
7979
7964
7980
7965
7981
7966
7982
7967
7983
7968
7984
7969
7985
7970
7986
7971
7987
7972
7988
7973
7989
7974
7990
7975
7991
7992
10050
7977
7993
7978
7994
7979
7995
7980
7996
7981
7997
7982
7998
7983
7999
7984
8000
7985
8001
7986
8002
7987
8003
7988
8004
7989
8005
7990
8006
7991
8007
7992
8008
8009
10066
7994
8010
7995
8011
7996
8012
7997
8013
7998
8014
7999
8015
8000
8016
8001
8017
8002
8018
8003
8019
8004
8020
8005
8021
8006
8022
8007
8023
8008
8024
8009
8025
8026
10082
8011
8027
8012
8028
8013
8029
8014
8030
8015
8031
8016
8032
8017
8033
8018
8034
8019
8035
8020
8036
8021
8037
8022
8038
8023
8039
8024
8040
8025
8041
8026
8042
8043
10098
8028
8044
8029
8045
8030
8046
8031
8047
8032
8048
8033
8049
8034
8050
8035
8051
8036
8052
8037
8053
8038
8054
8039
8055
8040
8056
8041
8057
8042
8058
8043
8059
8060
10114
8045
8061
8046
8062
8047
8063
8048
8064
8049
8065
8050
8066
8051
8067
8052
8068
8053
8069
8054
8070
8055
8071
8056
8072
8057
8073
8058
8074
8059
8075
8060
8076
8077
10130
8062
8078
8063
8079
8064
8080
8065
8081
8066
8082
8067
8083
8068
8084
8069
8085
8070
8086
8071
8087
8072
8088
8073
8089
8074
8090
8075
8091
8076
8092
8077
8093
8094
10146
8079
8095
8080
8096
8081
8097
8082
8098
8083
8099
8084
8100
8085
8101
8086
8102
8087
8103
8088
8104
8089
8105
8090
8106
8091
8107
8092
8108
8093
8109
8094
8110
8111
10162
8096
8112
8097
8113
8098
8114
8099
8115
8100
8116
8101
8117
8102
8118
8103
8119
8104
8120
8105
8121
8106
8122
8107
8123
8108
8124
8109
8125
8110
8126
8111
8127
8128
10178
8113
8129
8114
8130
8115
8131
8116
8132
8117
8133
8118
8134
8119
8135
8120
8136
8121
8137
8122
8138
8123
8139
8124
8140
8125
8141
8126
8142
8127
8143
8128
8144
8145
10195
8130
8146
8131
8147
8132
8148
8133
8149
8134
8150
8135
8151
8136
8152
8137
8153
8138
8154
8139
8155
8140
8156
8141
8157
8142
8158
8143
8159
8144
8160
8145
8161
8162
10212
8147
8163
8148
8164
8149
8165
8150
8166
8151
8167
8152
8168
8153
8169
8154
8170
8155
8171
8156
8172
8157
8173
8158
8174
8159
8175
8160
8176
8161
8177
8162
8178
8179
10229
8164
8180
8165
8181
8166
8182
8167
8183
8168
8184
8169
8185
8170
8186
8171
8187
8172
8188
8173
8189
8174
8190
8175
8191
8176
8192
8177
8193
8178
8194
8179
8195
8196
10246
8181
8197
8182
8198
8183
8199
8184
8200
8185
8201
8186
8202
8187
8203
8188
8204
8189
8205
8190
8206
8191
8207
8192
8208
8193
8209
8194
8210
8195
8211
8196
8212
8213
10263
8198
8214
8199
8215
8200
8216
8201
8217
8202
8218
8203
8219
8204
8220
8205
8221
8206
8222
8207
8223
8208
8224
8209
8225
8210
8226
8211
8227
8212
8228
8213
8229
8230
10280
8215
8231
8216
8232
8217
8233
8218
8234
8219
8235
8220
8236
8221
8237
8222
8238
8223
8239
8224
8240
8225
8241
8226
8242
8227
8243
8228
8244
8229
8245
8230
8246
8247
10297
8232
8248
8233
8249
8234
8250
8235
8251
8236
8252
8237
8253
8238
8254
8239
8255
8240
8256
8241
8257
8242
8258
8243
8259
8244
8260
8245
8261
8246
8262
8247
8263
8264
10314
8249
8265
8250
8266
8251
8267
8252
8268
8253
8269
8254
8270
8255
8271
8256
8272
8257
8273
8258
8274
8259
8275
8260
8276
8261
8277
8262
8278
8263
8279
8264
8280
8281
10331
8266
8282
8267
8283
8268
8284
8269
8285
8270
8286
8271
8287
8272
8288
8273
8289
8274
8290
8275
8291
8276
8292
8277
8293
8278
8294
8279
8295
8280
8296
8281
8297
8298
10348
8283
8299
8284
8300
8285
8301
8286
8302
8287
8303
8288
8304
8289
8305
8290
8306
8291
8307
8292
8308
8293
8309
8294
8310
8295
8311
8296
8312
8297
8313
8298
8314
8315
10365
8300
8316
8301
8317
8302
8318
8303
8319
8304
8320
8305
8321
8306
8322
8307
8323
8308
8324
8309
8325
8310
8326
8311
8327
8312
8328
8313
8329
8314
8330
8315
8331
8332
10382
8317
8318
8319
8320
8321
8322
8323
8324
8325
8326
8327
8328
8329
8330
8331
8332
10399
8349
8335
8350
8753
8336
8351
8754
8337
8352
8755
8338
8353
8756
8339
8354
8757
8340
8355
8758
8341
8356
8759
8342
8357
8760
8343
8358
8761
8344
8359
8762
8345
8360
8763
8346
8361
8764
8347
8362
8765
8348
8363
8766
8349
8364
8767
8365
8768
10429
8351
8366
8769
8352
8367
8770
8353
8368
8771
8354
8369
8772
8355
8370
8773
8356
8371
8774
8357
8372
8775
8358
8373
8776
8359
8374
8777
8360
8375
8778
8361
8376
8779
8362
8377
8780
8363
8378
8781
8364
8379
8782
8365
8380
8783
8381
8784
10446
8367
8382
8785
8368
8383
8786
8369
8384
8787
8370
8385
8788
8371
8386
8789
8372
8387
8790
8373
8388
8791
8374
8389
8792
8375
8390
8793
8376
8391
8794
8377
8392
8795
8378
8393
8796
8379
8394
8797
8380
8395
8798
8381
8396
8799
8397
8800
10463
8383
8398
8801
8384
8399
8802
8385
8400
8803
8386
8401
8804
8387
8402
8805
8388
8403
8806
8389
8404
8807
8390
8405
8808
8391
8406
8809
8392
8407
8810
8393
8408
8811
8394
8409
8812
8395
8410
8813
8396
8411
8814
8397
8412
8815
8413
8816
10480
8399
8414
8817
8400
8415
8818
8401
8416
8819
8402
8417
8820
8403
8418
8821
8404
8419
8822
8405
8420
8823
8406
8421
8824
8407
8422
8825
8408
8423
8826
8409
8424
8827
8410
8425
8828
8411
8426
8829
8412
8427
8830
8413
8428
8831
8429
8832
10497
8415
8430
8833
8416
8431
8834
8417
8432
8835
8418
8433
8836
8419
8434
8837
8420
8435
8838
8421
8436
8839
8422
8437
8840
8423
8438
8841
8424
8439
8842
8425
8440
8843
8426
8441
8844
8427
8442
8845
8428
8443
8846
8429
8444
8847
8445
8848
10514
8431
8447
8849
8432
8448
8850
8433
8449
8851
8434
8450
8852
8435
8451
8853
8436
8452
8854
8437
8453
8855
8438
8454
8856
8439
8455
8857
8440
8456
8858
8441
8457
8859
8442
8458
8860
8443
8459
8861
8444
8460
8862
8445
8461
8863
8446
8462
8864
8463
10514
10531
10948
8448
8464
8865
8449
8465
8866
8450
8466
8867
8451
8467
8868
8452
8468
8869
8453
8469
8870
8454
8470
8871
8455
8471
8872
8456
8472
8873
8457
8473
8874
8458
8474
8875
8459
8475
8876
8460
8476
8877
8461
8477
8878
8462
8478
8879
8463
8479
8880
8480
8881
10547
8465
8481
8882
8466
8482
8883
8467
8483
8884
8468
8484
8885
8469
8485
8886
8470
8486
8887
8471
8487
8888
8472
8488
8889
8473
8489
8890
8474
8490
8891
8475
8491
8892
8476
8492
8893
8477
8493
8894
8478
8494
8895
8479
8495
8896
8480
8496
8897
8497
8898
10563
8482
8498
8899
8483
8499
8900
8484
8500
8901
8485
8501
8902
8486
8502
8903
8487
8503
8904
8488
8504
8905
8489
8505
8906
8490
8506
8907
8491
8507
8908
8492
8508
8909
8493
8509
8910
8494
8510
8911
8495
8511
8912
8496
8512
8913
8497
8513
8914
8514
8915
10579
8499
8515
8916
8500
8516
8917
8501
8517
8918
8502
8518
8919
8503
8519
8920
8504
8520
8921
8505
8521
8922
8506
8522
8923
8507
8523
8924
8508
8524
8925
8509
8525
8926
8510
8526
8927
8511
8527
8928
8512
8528
8929
8513
8529
8930
8514
8530
8931
8531
8932
10595
8516
8532
8933
8517
8533
8934
8518
8534
8935
8519
8535
8936
8520
8536
8937
8521
8537
8938
8522
8538
8939
8523
8539
8940
8524
8540
8941
8525
8541
8942
8526
8542
8943
8527
8543
8944
8528
8544
8945
8529
8545
8946
8530
8546
8947
8531
8547
8948
8548
8949
10611
8533
8549
8950
8534
8550
8951
8535
8551
8952
8536
8552
8953
8537
8553
8954
8538
8554
8955
8539
8555
8956
8540
8556
8957
8541
8557
8958
8542
8558
8959
8543
8559
8960
8544
8560
8961
8545
8561
8962
8546
8562
8963
8547
8563
8964
8548
8564
8965
8565
8966
10627
8550
8566
8967
8551
8567
8968
8552
8568
8969
8553
8569
8970
8554
8570
8971
8555
8571
8972
8556
8572
8973
8557
8573
8974
8558
8574
8975
8559
8575
8976
8560
8576
8977
8561
8577
8978
8562
8578
8979
8563
8579
8980
8564
8580
8981
8565
8581
8982
8582
8983
10643
8567
8583
8984
8568
8584
8985
8569
8585
8986
8570
8586
8987
8571
8587
8988
8572
8588
8989
8573
8589
8990
8574
8590
8991
8575
8591
8992
8576
8592
8993
8577
8593
8994
8578
8594
8995
8579
8595
8996
8580
8596
8997
8581
8597
8998
8582
8598
8999
8599
9000
10659
8584
8600
9001
8585
8601
9002
8586
8602
9003
8587
8603
9004
8588
8604
9005
8589
8605
9006
8590
8606
9007
8591
8607
9008
8592
8608
9009
8593
8609
9010
8594
8610
9011
8595
8611
9012
8596
8612
9013
8597
8613
9014
8598
8614
9015
8599
8615
9016
8616
9017
10675
8601
8617
9018
8602
8618
9019
8603
8619
9020
8604
8620
9021
8605
8621
9022
8606
8622
9023
8607
8623
9024
8608
8624
9025
8609
8625
9026
8610
8626
9027
8611
8627
9028
8612
8628
9029
8613
8629
9030
8614
8630
9031
8615
8631
9032
8616
8632
9033
8633
9034
10691
8618
8634
9035
8619
8635
9036
8620
8636
9037
8621
8637
9038
8622
8638
9039
8623
8639
9040
8624
8640
9041
8625
8641
9042
8626
8642
9043
8627
8643
9044
8628
8644
9045
8629
8645
9046
8630
8646
9047
8631
8647
9048
8632
8648
9049
8633
8649
9050
8650
9051
10707
8635
8651
9052
8636
8652
9053
8637
8653
9054
8638
8654
9055
8639
8655
9056
8640
8656
9057
8641
8657
9058
8642
8658
9059
8643
8659
9060
8644
8660
9061
8645
8661
9062
8646
8662
9063
8647
8663
9064
8648
8664
9065
8649
8665
9066
8650
8666
9067
8667
9068
10723
8652
8668
9069
8653
8669
9070
8654
8670
9071
8655
8671
9072
8656
8672
9073
8657
8673
9074
8658
8674
9075
8659
8675
9076
8660
8676
9077
8661
8677
9078
8662
8678
9079
8663
8679
9080
8664
8680
9081
8665
8681
9082
8666
8682
9083
8667
8683
9084
8684
9085
10739
8669
8685
9086
8670
8686
9087
8671
8687
9088
8672
8688
9089
8673
8689
9090
8674
8690
9091
8675
8691
9092
8676
8692
9093
8677
8693
9094
8678
8694
9095
8679
8695
9096
8680
8696
9097
8681
8697
9098
8682
8698
9099
8683
8699
9100
8684
8700
9101
8701
9102
10755
8686
8702
9103
8687
8703
9104
8688
8704
9105
8689
8705
9106
8690
8706
9107
8691
8707
9108
8692
8708
9109
8693
8709
9110
8694
8710
9111
8695
8711
9112
8696
8712
9113
8697
8713
9114
8698
8714
9115
8699
8715
9116
8700
8716
9117
8701
8717
9118
8718
9119
10771
8703
8719
9120
8704
8720
9121
8705
8721
9122
8706
8722
9123
8707
8723
9124
8708
8724
9125
8709
8725
9126
8710
8726
9127
8711
8727
9128
8712
8728
9129
8713
8729
9130
8714
8730
9131
8715
8731
9132
8716
8732
9133
8717
8733
9134
8718
8734
9135
8735
9136
10787
8720
8736
9137
8721
8737
9138
8722
8738
9139
8723
8739
9140
8724
8740
9141
8725
8741
9142
8726
8742
9143
8727
8743
9144
8728
8744
9145
8729
8745
9146
8730
8746
9147
8731
8747
9148
8732
8748
9149
8733
8749
9150
8734
8750
9151
8735
8751
9152
8752
9153
10803
8737
9154
8738
9155
8739
9156
8740
9157
8741
9158
8742
9159
8743
9160
8744
9161
8745
9162
8746
9163
8747
9164
8748
9165
8749
9166
8750
9167
8751
9168
8752
9169
9170
10819
8754
8769
9171
8755
8770
9172
8756
8771
9173
8757
8772
9174
8758
8773
9175
8759
8774
9176
8760
8775
9177
8761
8776
9178
8762
8777
9179
8763
8778
9180
8764
8779
9181
8765
8780
9182
8766
8781
9183
8767
8782
9184
8768
8783
9185
8784
9186
10846
8770
8785
9187
8771
8786
9188
8772
8787
9189
8773
8788
9190
8774
8789
9191
8775
8790
9192
8776
8791
9193
8777
8792
9194
8778
8793
9195
8779
8794
9196
8780
8795
9197
8781
8796
9198
8782
8797
9199
8783
8798
9200
8784
8799
9201
8800
9202
10863
8786
8801
9203
8787
8802
9204
8788
8803
9205
8789
8804
9206
8790
8805
9207
8791
8806
9208
8792
8807
9209
8793
8808
9210
8794
8809
9211
8795
8810
9212
8796
8811
9213
8797
8812
9214
8798
8813
9215
8799
8814
9216
8800
8815
9217
8816
9218
10880
8802
8817
9219
8803
8818
9220
8804
8819
9221
8805
8820
9222
8806
8821
9223
8807
8822
9224
8808
8823
9225
8809
8824
9226
8810
8825
9227
8811
8826
9228
8812
8827
9229
8813
8828
9230
8814
8829
9231
8815
8830
9232
8816
8831
9233
8832
9234
10897
8818
8833
9235
8819
8834
9236
8820
8835
9237
8821
8836
9238
8822
8837
9239
8823
8838
9240
8824
8839
9241
8825
8840
9242
8826
8841
9243
8827
8842
9244
8828
8843
9245
8829
8844
9246
8830
8845
9247
8831
8846
9248
8832
8847
9249
8848
9250
10914
8834
8849
9251
8835
8850
9252
8836
8851
9253
8837
8852
9254
8838
8853
9255
8839
8854
9256
8840
8855
9257
8841
8856
9258
8842
8857
9259
8843
8858
9260
8844
8859
9261
8845
8860
9262
8846
8861
9263
8847
8862
9264
8848
8863
9265
8864
9266
10931
8850
8865
9267
8851
8866
9268
8852
8867
9269
8853
8868
9270
8854
8869
9271
8855
8870
9272
8856
8871
9273
8857
8872
9274
8858
8873
9275
8859
8874
9276
8860
8875
9277
8861
8876
9278
8862
8877
9279
8863
8878
9280
8864
8879
9281
8880
9282
10948
8866
8882
9283
8867
8883
9284
8868
8884
9285
8869
8885
9286
8870
8886
9287
8871
8887
9288
8872
8888
9289
8873
8889
9290
8874
8890
9291
8875
8891
9292
8876
8892
9293
8877
8893
9294
8878
8894
9295
8879
8895
9296
8880
8896
9297
8881
8897
9298
8898
10948
10965
11380
8883
8899
9299
8884
8900
9300
8885
8901
9301
8886
8902
9302
8887
8903
9303
8888
8904
9304
8889
8905
9305
8890
8906
9306
8891
8907
9307
8892
8908
9308
8893
8909
9309
8894
8910
9310
8895
8911
9311
8896
8912
9312
8897
8913
9313
8898
8914
9314
8915
10981
11397
8900
8916
9315
8901
8917
9316
8902
8918
9317
8903
8919
9318
8904
8920
9319
8905
8921
9320
8906
8922
9321
8907
8923
9322
8908
8924
9323
8909
8925
9324
8910
8926
9325
8911
8927
9326
8912
8928
9327
8913
8929
9328
8914
8930
9329
8915
8931
9330
8932
9331
10997
8917
8933
9332
8918
8934
9333
8919
8935
9334
8920
8936
9335
8921
8937
9336
8922
8938
9337
8923
8939
9338
8924
8940
9339
8925
8941
9340
8926
8942
9341
8927
8943
9342
8928
8944
9343
8929
8945
9344
8930
8946
9345
8931
8947
9346
8932
8948
9347
8949
9348
11013
8934
8950
9349
8935
8951
9350
8936
8952
9351
8937
8953
9352
8938
8954
9353
8939
8955
9354
8940
8956
9355
8941
8957
9356
8942
8958
9357
8943
8959
9358
8944
8960
9359
8945
8961
9360
8946
8962
9361
8947
8963
9362
8948
8964
9363
8949
8965
9364
8966
9365
11029
8951
8967
9366
8952
8968
9367
8953
8969
9368
8954
8970
9369
8955
8971
9370
8956
8972
9371
8957
8973
9372
8958
8974
9373
8959
8975
9374
8960
8976
9375
8961
8977
9376
8962
8978
9377
8963
8979
9378
8964
8980
9379
8965
8981
9380
8966
8982
9381
8983
9382
11045
8968
8984
9383
8969
8985
9384
8970
8986
9385
8971
8987
9386
8972
8988
9387
8973
8989
9388
8974
8990
9389
8975
8991
9390
8976
8992
9391
8977
8993
9392
8978
8994
9393
8979
8995
9394
8980
8996
9395
8981
8997
9396
8982
8998
9397
8983
8999
9398
9000
9399
11061
8985
9001
9400
8986
9002
9401
8987
9003
9402
8988
9004
9403
8989
9005
9404
8990
9006
9405
8991
9007
9406
8992
9008
9407
8993
9009
9408
8994
9010
9409
8995
9011
9410
8996
9012
9411
8997
9013
9412
8998
9014
9413
8999
9015
9414
9000
9016
9415
9017
9416
11077
9002
9018
9417
9003
9019
9418
9004
9020
9419
9005
9021
9420
9006
9022
9421
9007
9023
9422
9008
9024
9423
9009
9025
9424
9010
9026
9425
9011
9027
9426
9012
9028
9427
9013
9029
9428
9014
9030
9429
9015
9031
9430
9016
9032
9431
9017
9033
9432
9034
9433
11093
9019
9035
9434
9020
9036
9435
9021
9037
9436
9022
9038
9437
9023
9039
9438
9024
9040
9439
9025
9041
9440
9026
9042
9441
9027
9043
9442
9028
9044
9443
9029
9045
9444
9030
9046
9445
9031
9047
9446
9032
9048
9447
9033
9049
9448
9034
9050
9449
9051
9450
11109
9036
9052
9451
9037
9053
9452
9038
9054
9453
9039
9055
9454
9040
9056
9455
9041
9057
9456
9042
9058
9457
9043
9059
9458
9044
9060
9459
9045
9061
9460
9046
9062
9461
9047
9063
9462
9048
9064
9463
9049
9065
9464
9050
9066
9465
9051
9067
9466
9068
9467
11125
9053
9069
9468
9054
9070
9469
9055
9071
9470
9056
9072
9471
9057
9073
9472
9058
9074
9473
9059
9075
9474
9060
9076
9475
9061
9077
9476
9062
9078
9477
9063
9079
9478
9064
9080
9479
9065
9081
9480
9066
9082
9481
9067
9083
9482
9068
9084
9483
9085
9484
11141
9070
9086
9485
9071
9087
9486
9072
9088
9487
9073
9089
9488
9074
9090
9489
9075
9091
9490
9076
9092
9491
9077
9093
9492
9078
9094
9493
9079
9095
9494
9080
9096
9495
9081
9097
9496
9082
9098
9497
9083
9099
9498
9084
9100
9499
9085
9101
9500
9102
9501
11157
9087
9103
9502
9088
9104
9503
9089
9105
9504
9090
9106
9505
9091
9107
9506
9092
9108
9507
9093
9109
9508
9094
9110
9509
9095
9111
9510
9096
9112
9511
9097
9113
9512
9098
9114
9513
9099
9115
9514
9100
9116
9515
9101
9117
9516
9102
9118
9517
9119
9518
11173
9104
9120
9519
9105
9121
9520
9106
9122
9521
9107
9123
9522
9108
9124
9523
9109
9125
9524
9110
9126
9525
9111
9127
9526
9112
9128
9527
9113
9129
9528
9114
9130
9529
9115
9131
9530
9116
9132
9531
9117
9133
9532
9118
9134
9533
9119
9135
9534
9136
9535
11189
9121
9137
9536
9122
9138
9537
9123
9139
9538
9124
9140
9539
9125
9141
9540
9126
9142
9541
9127
9143
9542
9128
9144
9543
9129
9145
9544
9130
9146
9545
9131
9147
9546
9132
9148
9547
9133
9149
9548
9134
9150
9549
9135
9151
9550
9136
9152
9551
9153
9552
11205
9138
9154
9553
9139
9155
9554
9140
9156
9555
9141
9157
9556
9142
9158
9557
9143
9159
9558
9144
9160
9559
9145
9161
9560
9146
9162
9561
9147
9163
9562
9148
9164
9563
9149
9165
9564
9150
9166
9565
9151
9167
9566
9152
9168
9567
9153
9169
9568
9170
9569
11221
9155
9570
9156
9571
9157
9572
9158
9573
9159
9574
9160
9575
9161
9576
9162
9577
9163
9578
9164
9579
9165
9580
9166
9581
9167
9582
9168
9583
9169
9584
9170
9585
9586
11237
9172
9187
9587
9173
9188
9588
9174
9189
9589
9175
9190
9590
9176
9191
9591
9177
9192
9592
9178
9193
9593
9179
9194
9594
9180
9195
9595
9181
9196
9596
9182
9197
9597
9183
9198
9598
9184
9199
9599
9185
9200
9600
9186
9201
9601
9202
9602
11261
9188
9203
9603
9189
9204
9604
9190
9205
9605
9191
9206
9606
9192
9207
9607
9193
9208
9608
9194
9209
9609
9195
9210
9610
9196
9211
9611
9197
9212
9612
9198
9213
9613
9199
9214
9614
9200
9215
9615
9201
9216
9616
9202
9217
9617
9218
9618
11278
9204
9219
9619
9205
9220
9620
9206
9221
9621
9207
9222
9622
9208
9223
9623
9209
9224
9624
9210
9225
9625
9211
9226
9626
9212
9227
9627
9213
9228
9628
9214
9229
9629
9215
9230
9630
9216
9231
9631
9217
9232
9632
9218
9233
9633
9234
9634
11295
9220
9235
9635
9221
9236
9636
9222
9237
9637
9223
9238
9638
9224
9239
9639
9225
9240
9640
9226
9241
9641
9227
9242
9642
9228
9243
9643
9229
9244
9644
9230
9245
9645
9231
9246
9646
9232
9247
9647
9233
9248
9648
9234
9249
9649
9250
9650
11312
9236
9251
9651
9237
9252
9652
9238
9253
9653
9239
9254
9654
9240
9255
9655
9241
9256
9656
9242
9257
9657
9243
9258
9658
9244
9259
9659
9245
9260
9660
9246
9261
9661
9247
9262
9662
9248
9263
9663
9249
9264
9664
9250
9265
9665
9266
9666
11329
9252
9267
9667
9253
9268
9668
9254
9269
9669
9255
9270
9670
9256
9271
9671
9257
9272
9672
9258
9273
9673
9259
9274
9674
9260
9275
9675
9261
9276
9676
9262
9277
9677
9263
9278
9678
9264
9279
9679
9265
9280
9680
9266
9281
9681
9282
9682
11346
9268
9283
9683
9269
9284
9684
9270
9285
9685
9271
9286
9686
9272
9287
9687
9273
9288
9688
9274
9289
9689
9275
9290
9690
9276
9291
9691
9277
9292
9692
9278
9293
9693
9279
9294
9694
9280
9295
9695
9281
9296
9696
9282
9297
9697
9298
9698
11363
9284
9299
9699
9285
9300
9700
9286
9301
9701
9287
9302
9702
9288
9303
9703
9289
9304
9704
9290
9305
9705
9291
9306
9706
9292
9307
9707
9293
9308
9708
9294
9309
9709
9295
9310
9710
9296
9311
9711
9297
9312
9712
9298
9313
9713
9314
9714
11380
9300
9315
9715
9301
9316
9716
9302
9317
9717
9303
9318
9718
9304
9319
9719
9305
9320
9720
9306
9321
9721
9307
9322
9722
9308
9323
9723
9309
9324
9724
9310
9325
9725
9311
9326
9726
9312
9327
9727
9313
9328
9728
9314
9329
9729
9330
9730
11397
9316
9332
9731
9317
9333
9732
9318
9334
9733
9319
9335
9734
9320
9336
9735
9321
9337
9736
9322
9338
9737
9323
9339
9738
9324
9340
9739
9325
9341
9740
9326
9342
9741
9327
9343
9742
9328
9344
9743
9329
9345
9744
9330
9346
9745
9331
9347
9746
9348
11397
11414
11829
9333
9349
9747
9334
9350
9748
9335
9351
9749
9336
9352
9750
9337
9353
9751
9338
9354
9752
9339
9355
9753
9340
9356
9754
9341
9357
9755
9342
9358
9756
9343
9359
9757
9344
9360
9758
9345
9361
9759
9346
9362
9760
9347
9363
9761
9348
9364
9762
9365
9763
11430
9350
9366
9764
9351
9367
9765
9352
9368
9766
9353
9369
9767
9354
9370
9768
9355
9371
9769
9356
9372
9770
9357
9373
9771
9358
9374
9772
9359
9375
9773
9360
9376
9774
9361
9377
9775
9362
9378
9776
9363
9379
9777
9364
9380
9778
9365
9381
9779
9382
9780
11446
9367
9383
9781
9368
9384
9782
9369
9385
9783
9370
9386
9784
9371
9387
9785
9372
9388
9786
9373
9389
9787
9374
9390
9788
9375
9391
9789
9376
9392
9790
9377
9393
9791
9378
9394
9792
9379
9395
9793
9380
9396
9794
9381
9397
9795
9382
9398
9796
9399
9797
11462
9384
9400
9798
9385
9401
9799
9386
9402
9800
9387
9403
9801
9388
9404
9802
9389
9405
9803
9390
9406
9804
9391
9407
9805
9392
9408
9806
9393
9409
9807
9394
9410
9808
9395
9411
9809
9396
9412
9810
9397
9413
9811
9398
9414
9812
9399
9415
9813
9416
9814
11478
9401
9417
9815
9402
9418
9816
9403
9419
9817
9404
9420
9818
9405
9421
9819
9406
9422
9820
9407
9423
9821
9408
9424
9822
9409
9425
9823
9410
9426
9824
9411
9427
9825
9412
9428
9826
9413
9429
9827
9414
9430
9828
9415
9431
9829
9416
9432
9830
9433
9831
11494
9418
9434
9832
9419
9435
9833
9420
9436
9834
9421
9437
9835
9422
9438
9836
9423
9439
9837
9424
9440
9838
9425
9441
9839
9426
9442
9840
9427
9443
9841
9428
9444
9842
9429
9445
9843
9430
9446
9844
9431
9447
9845
9432
9448
9846
9433
9449
9847
9450
9848
11510
9435
9451
9849
9436
9452
9850
9437
9453
9851
9438
9454
9852
9439
9455
9853
9440
9456
9854
9441
9457
9855
9442
9458
9856
9443
9459
9857
9444
9460
9858
9445
9461
9859
9446
9462
9860
9447
9463
9861
9448
9464
9862
9449
9465
9863
9450
9466
9864
9467
9865
11526
9452
9468
9866
9453
9469
9867
9454
9470
9868
9455
9471
9869
9456
9472
9870
9457
9473
9871
9458
9474
9872
9459
9475
9873
9460
9476
9874
9461
9477
9875
9462
9478
9876
9463
9479
9877
9464
9480
9878
9465
9481
9879
9466
9482
9880
9467
9483
9881
9484
9882
11542
9469
9485
9883
9470
9486
9884
9471
9487
9885
9472
9488
9886
9473
9489
9887
9474
9490
9888
9475
9491
9889
9476
9492
9890
9477
9493
9891
9478
9494
9892
9479
9495
9893
9480
9496
9894
9481
9497
9895
9482
9498
9896
9483
9499
9897
9484
9500
9898
9501
9899
11558
9486
9502
9900
9487
9503
9901
9488
9504
9902
9489
9505
9903
9490
9506
9904
9491
9507
9905
9492
9508
9906
9493
9509
9907
9494
9510
9908
9495
9511
9909
9496
9512
9910
9497
9513
9911
9498
9514
9912
9499
9515
9913
9500
9516
9914
9501
9517
9915
9518
9916
11574
9503
9519
9917
9504
9520
9918
9505
9521
9919
9506
9522
9920
9507
9523
9921
9508
9524
9922
9509
9525
9923
9510
9526
9924
9511
9527
9925
9512
9528
9926
9513
9529
9927
9514
9530
9928
9515
9531
9929
9516
9532
9930
9517
9533
9931
9518
9534
9932
9535
9933
11590
9520
9536
9934
9521
9537
9935
9522
9538
9936
9523
9539
9937
9524
9540
9938
9525
9541
9939
9526
9542
9940
9527
9543
9941
9528
9544
9942
9529
9545
9943
9530
9546
9944
9531
9547
9945
9532
9548
9946
9533
9549
9947
9534
9550
9948
9535
9551
9949
9552
9950
11606
9537
9553
9951
9538
9554
9952
9539
9555
9953
9540
9556
9954
9541
9557
9955
9542
9558
9956
9543
9559
9957
9544
9560
9958
9545
9561
9959
9546
9562
9960
9547
9563
9961
9548
9564
9962
9549
9565
9963
9550
9566
9964
9551
9567
9965
9552
9568
9966
9569
9967
11622
9554
9570
9968
9555
9571
9969
9556
9572
9970
9557
9573
9971
9558
9574
9972
9559
9575
9973
9560
9576
9974
9561
9577
9975
9562
9578
9976
9563
9579
9977
9564
9580
9978
9565
9581
9979
9566
9582
9980
9567
9583
9981
9568
9584
9982
9569
9585
9983
9586
9984
11638
9571
9985
9572
9986
9573
9987
9574
9988
9575
9989
9576
9990
9577
9991
9578
9992
9579
9993
9580
9994
9581
9995
9582
9996
9583
9997
9584
9998
9585
9999
9586
10000
10001
11654
9588
9603
10002
9589
9604
10003
9590
9605
10004
9591
9606
10005
9592
9607
10006
9593
9608
10007
9594
9609
10008
9595
9610
10009
9596
9611
10010
9597
9612
10011
9598
9613
10012
9599
9614
10013
9600
9615
10014
9601
9616
10015
9602
9617
10016
9618
10017
11676
9604
9619
10018
9605
9620
10019
9606
9621
10020
9607
9622
10021
9608
9623
10022
9609
9624
10023
9610
9625
10024
9611
9626
10025
9612
9627
10026
9613
9628
10027
9614
9629
10028
9615
9630
10029
9616
9631
10030
9617
9632
10031
9618
9633
10032
9634
10033
11693
9620
9635
10034
9621
9636
10035
9622
9637
10036
9623
9638
10037
9624
9639
10038
9625
9640
10039
9626
9641
10040
9627
9642
10041
9628
9643
10042
9629
9644
10043
9630
9645
10044
9631
9646
10045
9632
9647
10046
9633
9648
10047
9634
9649
10048
9650
10049
11710
9636
9651
10050
9637
9652
10051
9638
9653
10052
9639
9654
10053
9640
9655
10054
9641
9656
10055
9642
9657
10056
9643
9658
10057
9644
9659
10058
9645
9660
10059
9646
9661
10060
9647
9662
10061
9648
9663
10062
9649
9664
10063
9650
9665
10064
9666
10065
11727
9652
9667
10066
9653
9668
10067
9654
9669
10068
9655
9670
10069
9656
9671
10070
9657
9672
10071
9658
9673
10072
9659
9674
10073
9660
9675
10074
9661
9676
10075
9662
9677
10076
9663
9678
10077
9664
9679
10078
9665
9680
10079
9666
9681
10080
9682
10081
11744
9668
9683
10082
9669
9684
10083
9670
9685
10084
9671
9686
10085
9672
9687
10086
9673
9688
10087
9674
9689
10088
9675
9690
10089
9676
9691
10090
9677
9692
10091
9678
9693
10092
9679
9694
10093
9680
9695
10094
9681
9696
10095
9682
9697
10096
9698
10097
11761
9684
9699
10098
9685
9700
10099
9686
9701
10100
9687
9702
10101
9688
9703
10102
9689
9704
10103
9690
9705
10104
9691
9706
10105
9692
9707
10106
9693
9708
10107
9694
9709
10108
9695
9710
10109
9696
9711
10110
9697
9712
10111
9698
9713
10112
9714
10113
11778
9700
9715
10114
9701
9716
10115
9702
9717
10116
9703
9718
10117
9704
9719
10118
9705
9720
10119
9706
9721
10120
9707
9722
10121
9708
9723
10122
9709
9724
10123
9710
9725
10124
9711
9726
10125
9712
9727
10126
9713
9728
10127
9714
9729
10128
9730
10129
11795
9716
9731
10130
9717
9732
10131
9718
9733
10132
9719
9734
10133
9720
9735
10134
9721
9736
10135
9722
9737
10136
9723
9738
10137
9724
9739
10138
9725
9740
10139
9726
9741
10140
9727
9742
10141
9728
9743
10142
9729
9744
10143
9730
9745
10144
9746
10145
11812
9732
9747
10146
9733
9748
10147
9734
9749
10148
9735
9750
10149
9736
9751
10150
9737
9752
10151
9738
9753
10152
9739
9754
10153
9740
9755
10154
9741
9756
10155
9742
9757
10156
9743
9758
10157
9744
9759
10158
9745
9760
10159
9746
9761
10160
9762
10161
11829
9748
9764
10162
9749
9765
10163
9750
9766
10164
9751
9767
10165
9752
9768
10166
9753
9769
10167
9754
9770
10168
9755
9771
10169
9756
9772
10170
9757
9773
10171
9758
9774
10172
9759
9775
10173
9760
9776
10174
9761
9777
10175
9762
9778
10176
9763
9779
10177
9780
11829
11846
12259
9765
9781
10178
9766
9782
10179
9767
9783
10180
9768
9784
10181
9769
9785
10182
9770
9786
10183
9771
9787
10184
9772
9788
10185
9773
9789
10186
9774
9790
10187
9775
9791
10188
9776
9792
10189
9777
9793
10190
9778
9794
10191
9779
9795
10192
9780
9796
10193
9797
10194
11862
9782
9798
10195
9783
9799
10196
9784
9800
10197
9785
9801
10198
9786
9802
10199
9787
9803
10200
9788
9804
10201
9789
9805
10202
9790
9806
10203
9791
9807
10204
9792
9808
10205
9793
9809
10206
9794
9810
10207
9795
9811
10208
9796
9812
10209
9797
9813
10210
9814
10211
11878
9799
9815
10212
9800
9816
10213
9801
9817
10214
9802
9818
10215
9803
9819
10216
9804
9820
10217
9805
9821
10218
9806
9822
10219
9807
9823
10220
9808
9824
10221
9809
9825
10222
9810
9826
10223
9811
9827
10224
9812
9828
10225
9813
9829
10226
9814
9830
10227
9831
10228
11894
9816
9832
10229
9817
9833
10230
9818
9834
10231
9819
9835
10232
9820
9836
10233
9821
9837
10234
9822
9838
10235
9823
9839
10236
9824
9840
10237
9825
9841
10238
9826
9842
10239
9827
9843
10240
9828
9844
10241
9829
9845
10242
9830
9846
10243
9831
9847
10244
9848
10245
11910
9833
9849
10246
9834
9850
10247
9835
9851
10248
9836
9852
10249
9837
9853
10250
9838
9854
10251
9839
9855
10252
9840
9856
10253
9841
9857
10254
9842
9858
10255
9843
9859
10256
9844
9860
10257
9845
9861
10258
9846
9862
10259
9847
9863
10260
9848
9864
10261
9865
10262
11926
9850
9866
10263
9851
9867
10264
9852
9868
10265
9853
9869
10266
9854
9870
10267
9855
9871
10268
9856
9872
10269
9857
9873
10270
9858
9874
10271
9859
9875
10272
9860
9876
10273
9861
9877
10274
9862
9878
10275
9863
9879
10276
9864
9880
10277
9865
9881
10278
9882
10279
11942
9867
9883
10280
9868
9884
10281
9869
9885
10282
9870
9886
10283
9871
9887
10284
9872
9888
10285
9873
9889
10286
9874
9890
10287
9875
9891
10288
9876
9892
10289
9877
9893
10290
9878
9894
10291
9879
9895
10292
9880
9896
10293
9881
9897
10294
9882
9898
10295
9899
10296
11958
9884
9900
10297
9885
9901
10298
9886
9902
10299
9887
9903
10300
9888
9904
10301
9889
9905
10302
9890
9906
10303
9891
9907
10304
9892
9908
10305
9893
9909
10306
9894
9910
10307
9895
9911
10308
9896
9912
10309
9897
9913
10310
9898
9914
10311
9899
9915
10312
9916
10313
11974
9901
9917
10314
9902
9918
10315
9903
9919
10316
9904
9920
10317
9905
9921
10318
9906
9922
10319
9907
9923
10320
9908
9924
10321
9909
9925
10322
9910
9926
10323
9911
9927
10324
9912
9928
10325
9913
9929
10326
9914
9930
10327
9915
9931
10328
9916
9932
10329
9933
10330
11990
9918
9934
10331
9919
9935
10332
9920
9936
10333
9921
9937
10334
9922
9938
10335
9923
9939
10336
9924
9940
10337
9925
9941
10338
9926
9942
10339
9927
9943
10340
9928
9944
10341
9929
9945
10342
9930
9946
10343
9931
9947
10344
9932
9948
10345
9933
9949
10346
9950
10347
12006
9935
9951
10348
9936
9952
10349
9937
9953
10350
9938
9954
10351
9939
9955
10352
9940
9956
10353
9941
9957
10354
9942
9958
10355
9943
9959
10356
9944
9960
10357
9945
9961
10358
9946
9962
10359
9947
9963
10360
9948
9964
10361
9949
9965
10362
9950
9966
10363
9967
10364
12022
9952
9968
10365
9953
9969
10366
9954
9970
10367
9955
9971
10368
9956
9972
10369
9957
9973
10370
9958
9974
10371
9959
9975
10372
9960
9976
10373
9961
9977
10374
9962
9978
10375
9963
9979
10376
9964
9980
10377
9965
9981
10378
9966
9982
10379
9967
9983
10380
9984
10381
12038
9969
9985
10382
9970
9986
10383
9971
9987
10384
9972
9988
10385
9973
9989
10386
9974
9990
10387
9975
9991
10388
9976
9992
10389
9977
9993
10390
9978
9994
10391
9979
9995
10392
9980
9996
10393
9981
9997
10394
9982
9998
10395
9983
9999
10396
9984
10000
10397
10001
10398
12054
9986
10399
9987
10400
9988
10401
9989
10402
9990
10403
9991
10404
9992
10405
9993
10406
9994
10407
9995
10408
9996
10409
9997
10410
9998
10411
9999
10412
10000
10413
10001
10414
10415
12070
10003
10018
10004
10019
10005
10020
10006
10021
10007
10022
10008
10023
10009
10024
10010
10025
10011
10026
10012
10027
10013
10028
10014
10029
10015
10030
10016
10031
10017
10032
10033
12089
10019
10034
10020
10035
10021
10036
10022
10037
10023
10038
10024
10039
10025
10040
10026
10041
10027
10042
10028
10043
10029
10044
10030
10045
10031
10046
10032
10047
10033
10048
10049
12106
10035
10050
10036
10051
10037
10052
10038
10053
10039
10054
10040
10055
10041
10056
10042
10057
10043
10058
10044
10059
10045
10060
10046
10061
10047
10062
10048
10063
10049
10064
10065
12123
10051
10066
10052
10067
10053
10068
10054
10069
10055
10070
10056
10071
10057
10072
10058
10073
10059
10074
10060
10075
10061
10076
10062
10077
10063
10078
10064
10079
10065
10080
10081
12140
10067
10082
10068
10083
10069
10084
10070
10085
10071
10086
10072
10087
10073
10088
10074
10089
10075
10090
10076
10091
10077
10092
10078
10093
10079
10094
10080
10095
10081
10096
10097
12157
10083
10098
10084
10099
10085
10100
10086
10101
10087
10102
10088
10103
10089
10104
10090
10105
10091
10106
10092
10107
10093
10108
10094
10109
10095
10110
10096
10111
10097
10112
10113
12174
10099
10114
10100
10115
10101
10116
10102
10117
10103
10118
10104
10119
10105
10120
10106
10121
10107
10122
10108
10123
10109
10124
10110
10125
10111
10126
10112
10127
10113
10128
10129
12191
10115
10130
10116
10131
10117
10132
10118
10133
10119
10134
10120
10135
10121
10136
10122
10137
10123
10138
10124
10139
10125
10140
10126
10141
10127
10142
10128
10143
10129
10144
10145
12208
10131
10146
10132
10147
10133
10148
10134
10149
10135
10150
10136
10151
10137
10152
10138
10153
10139
10154
10140
10155
10141
10156
10142
10157
10143
10158
10144
10159
10145
10160
10161
12225
10147
10162
10148
10163
10149
10164
10150
10165
10151
10166
10152
10167
10153
10168
10154
10169
10155
10170
10156
10171
10157
10172
10158
10173
10159
10174
10160
10175
10161
10176
10177
12242
10163
10178
10164
10179
10165
10180
10166
10181
10167
10182
10168
10183
10169
10184
10170
10185
10171
10186
10172
10187
10173
10188
10174
10189
10175
10190
10176
10191
10177
10192
10193
12259
10179
10195
10180
10196
10181
10197
10182
10198
10183
10199
10184
10200
10185
10201
10186
10202
10187
10203
10188
10204
10189
10205
10190
10206
10191
10207
10192
10208
10193
10209
10194
10210
10211
12259
12276
10196
10212
10197
10213
10198
10214
10199
10215
10200
10216
10201
10217
10202
10218
10203
10219
10204
10220
10205
10221
10206
10222
10207
10223
10208
10224
10209
10225
10210
10226
10211
10227
10228
12292
10213
10229
10214
10230
10215
10231
10216
10232
10217
10233
10218
10234
10219
10235
10220
10236
10221
10237
10222
10238
10223
10239
10224
10240
10225
10241
10226
10242
10227
10243
10228
10244
10245
12308
10230
10246
10231
10247
10232
10248
10233
10249
10234
10250
10235
10251
10236
10252
10237
10253
10238
10254
10239
10255
10240
10256
10241
10257
10242
10258
10243
10259
10244
10260
10245
10261
10262
12324
10247
10263
10248
10264
10249
10265
10250
10266
10251
10267
10252
10268
10253
10269
10254
10270
10255
10271
10256
10272
10257
10273
10258
10274
10259
10275
10260
10276
10261
10277
10262
10278
10279
12340
10264
10280
10265
10281
10266
10282
10267
10283
10268
10284
10269
10285
10270
10286
10271
10287
10272
10288
10273
10289
10274
10290
10275
10291
10276
10292
10277
10293
10278
10294
10279
10295
10296
12356
10281
10297
10282
10298
10283
10299
10284
10300
10285
10301
10286
10302
10287
10303
10288
10304
10289
10305
10290
10306
10291
10307
10292
10308
10293
10309
10294
10310
10295
10311
10296
10312
10313
12372
10298
10314
10299
10315
10300
10316
10301
10317
10302
10318
10303
10319
10304
10320
10305
10321
10306
10322
10307
10323
10308
10324
10309
10325
10310
10326
10311
10327
10312
10328
10313
10329
10330
12388
10315
10331
10316
10332
10317
10333
10318
10334
10319
10335
10320
10336
10321
10337
10322
10338
10323
10339
10324
10340
10325
10341
10326
10342
10327
10343
10328
10344
10329
10345
10330
10346
10347
12404
10332
10348
10333
10349
10334
10350
10335
10351
10336
10352
10337
10353
10338
10354
10339
10355
10340
10356
10341
10357
10342
10358
10343
10359
10344
10360
10345
10361
10346
10362
10347
10363
10364
12420
10349
10365
10350
10366
10351
10367
10352
10368
10353
10369
10354
10370
10355
10371
10356
10372
10357
10373
10358
10374
10359
10375
10360
10376
10361
10377
10362
10378
10363
10379
10364
10380
10381
12436
10366
10382
10367
10383
10368
10384
10369
10385
10370
10386
10371
10387
10372
10388
10373
10389
10374
10390
10375
10391
10376
10392
10377
10393
10378
10394
10379
10395
10380
10396
10381
10397
10398
12452
10383
10399
10384
10400
10385
10401
10386
10402
10387
10403
10388
10404
10389
10405
10390
10406
10391
10407
10392
10408
10393
10409
10394
10410
10395
10411
10396
10412
10397
10413
10398
10414
10415
12468
10400
10401
10402
10403
10404
10405
10406
10407
10408
10409
10410
10411
10412
10413
10414
10415
12484
10417
10433
10418
10434
10419
10435
10835
10420
10436
10836
10421
10437
10837
10422
10438
10838
10423
10439
10839
10424
10440
10840
10425
10441
10841
10426
10442
10842
10427
10443
10843
10428
10444
10844
10445
10845
10430
10446
10846
10431
10447
10847
10432
10448
10848
10433
10449
10849
10434
10450
10850
10435
10451
10851
10436
10452
10852
10437
10453
10853
10438
10454
10854
10439
10455
10855
10440
10456
10856
10441
10457
10857
10442
10458
10858
10443
10459
10859
10444
10460
10860
10445
10461
10861
10462
10862
10447
10463
10863
10448
10464
10864
10449
10465
10865
10450
10466
10866
10451
10467
10867
10452
10468
10868
10453
10469
10869
10454
10470
10870
10455
10471
10871
10456
10472
10872
10457
10473
10873
10458
10474
10874
10459
10475
10875
10460
10476
10876
10461
10477
10877
10462
10478
10878
10479
10879
10464
10480
10880
10465
10481
10881
10466
10482
10882
10467
10483
10883
10468
10484
10884
10469
10485
10885
10470
10486
10886
10471
10487
10887
10472
10488
10888
10473
10489
10889
10474
10490
10890
10475
10491
10891
10476
10492
10892
10477
10493
10893
10478
10494
10894
10479
10495
10895
10496
10896
10481
10497
10897
10482
10498
10898
10483
10499
10899
10484
10500
10900
10485
10501
10901
10486
10502
10902
10487
10503
10903
10488
10504
10904
10489
10505
10905
10490
10506
10906
10491
10507
10907
10492
10508
10908
10493
10509
10909
10494
10510
10910
10495
10511
10911
10496
10512
10912
10513
10913
10498
10514
10914
10499
10515
10915
10500
10516
10916
10501
10517
10917
10502
10518
10918
10503
10519
10919
10504
10520
10920
10505
10521
10921
10506
10522
10922
10507
10523
10923
10508
10524
10924
10509
10525
10925
10510
10526
10926
10511
10527
10927
10512
10528
10928
10513
10529
10929
10530
10930
10515
10931
10516
10531
10932
10517
10532
10933
10518
10533
10934
10519
10534
10935
10520
10535
10936
10521
10536
10937
10522
10537
10938
10523
10538
10939
10524
10539
10940
10525
10540
10941
10526
10541
10942
10527
10542
10943
10528
10543
10944
10529
10544
10945
10530
10545
10946
10546
10947
10532
10547
10949
10533
10548
10950
10534
10549
10951
10535
10550
10952
10536
10551
10953
10537
10552
10954
10538
10553
10955
10539
10554
10956
10540
10555
10957
10541
10556
10958
10542
10557
10959
10543
10558
10960
10544
10559
10961
10545
10560
10962
10546
10561
10963
10562
10964
10548
10563
10965
10549
10564
10966
10550
10565
10967
10551
10566
10968
10552
10567
10969
10553
10568
10970
10554
10569
10971
10555
10570
10972
10556
10571
10973
10557
10572
10974
10558
10573
10975
10559
10574
10976
10560
10575
10977
10561
10576
10978
10562
10577
10979
10578
10980
10564
10579
10981
10565
10580
10982
10566
10581
10983
10567
10582
10984
10568
10583
10985
10569
10584
10986
10570
10585
10987
10571
10586
10988
10572
10587
10989
10573
10588
10990
10574
10589
10991
10575
10590
10992
10576
10591
10993
10577
10592
10994
10578
10593
10995
10594
10996
10580
10595
10997
10581
10596
10998
10582
10597
10999
10583
10598
11000
10584
10599
11001
10585
10600
11002
10586
10601
11003
10587
10602
11004
10588
10603
11005
10589
10604
11006
10590
10605
11007
10591
10606
11008
10592
10607
11009
10593
10608
11010
10594
10609
11011
10610
11012
10596
10611
11013
10597
10612
11014
10598
10613
11015
10599
10614
11016
10600
10615
11017
10601
10616
11018
10602
10617
11019
10603
10618
11020
10604
10619
11021
10605
10620
11022
10606
10621
11023
10607
10622
11024
10608
10623
11025
10609
10624
11026
10610
10625
11027
10626
11028
10612
10627
11029
10613
10628
11030
10614
10629
11031
10615
10630
11032
10616
10631
11033
10617
10632
11034
10618
10633
11035
10619
10634
11036
10620
10635
11037
10621
10636
11038
10622
10637
11039
10623
10638
11040
10624
10639
11041
10625
10640
11042
10626
10641
11043
10642
11044
10628
10643
11045
10629
10644
11046
10630
10645
11047
10631
10646
11048
10632
10647
11049
10633
10648
11050
10634
10649
11051
10635
10650
11052
10636
10651
11053
10637
10652
11054
10638
10653
11055
10639
10654
11056
10640
10655
11057
10641
10656
11058
10642
10657
11059
10658
11060
10644
10659
11061
10645
10660
11062
10646
10661
11063
10647
10662
11064
10648
10663
11065
10649
10664
11066
10650
10665
11067
10651
10666
11068
10652
10667
11069
10653
10668
11070
10654
10669
11071
10655
10670
11072
10656
10671
11073
10657
10672
11074
10658
10673
11075
10674
11076
10660
10675
11077
10661
10676
11078
10662
10677
11079
10663
10678
11080
10664
10679
11081
10665
10680
11082
10666
10681
11083
10667
10682
11084
10668
10683
11085
10669
10684
11086
10670
10685
11087
10671
10686
11088
10672
10687
11089
10673
10688
11090
10674
10689
11091
10690
11092
10676
10691
11093
10677
10692
11094
10678
10693
11095
10679
10694
11096
10680
10695
11097
10681
10696
11098
10682
10697
11099
10683
10698
11100
10684
10699
11101
10685
10700
11102
10686
10701
11103
10687
10702
11104
10688
10703
11105
10689
10704
11106
10690
10705
11107
10706
11108
10692
10707
11109
10693
10708
11110
10694
10709
11111
10695
10710
11112
10696
10711
11113
10697
10712
11114
10698
10713
11115
10699
10714
11116
10700
10715
11117
10701
10716
11118
10702
10717
11119
10703
10718
11120
10704
10719
11121
10705
10720
11122
10706
10721
11123
10722
11124
10708
10723
11125
10709
10724
11126
10710
10725
11127
10711
10726
11128
10712
10727
11129
10713
10728
11130
10714
10729
11131
10715
10730
11132
10716
10731
11133
10717
10732
11134
10718
10733
11135
10719
10734
11136
10720
10735
11137
10721
10736
11138
10722
10737
11139
10738
11140
10724
10739
11141
10725
10740
11142
10726
10741
11143
10727
10742
11144
10728
10743
11145
10729
10744
11146
10730
10745
11147
10731
10746
11148
10732
10747
11149
10733
10748
11150
10734
10749
11151
10735
10750
11152
10736
10751
11153
10737
10752
11154
10738
10753
11155
10754
11156
10740
10755
11157
10741
10756
11158
10742
10757
11159
10743
10758
11160
10744
10759
11161
10745
10760
11162
10746
10761
11163
10747
10762
11164
10748
10763
11165
10749
10764
11166
10750
10765
11167
10751
10766
11168
10752
10767
11169
10753
10768
11170
10754
10769
11171
10770
11172
10756
10771
11173
10757
10772
11174
10758
10773
11175
10759
10774
11176
10760
10775
11177
10761
10776
11178
10762
10777
11179
10763
10778
11180
10764
10779
11181
10765
10780
11182
10766
10781
11183
10767
10782
11184
10768
10783
11185
10769
10784
11186
10770
10785
11187
10786
11188
10772
10787
11189
10773
10788
11190
10774
10789
11191
10775
10790
11192
10776
10791
11193
10777
10792
11194
10778
10793
11195
10779
10794
11196
10780
10795
11197
10781
10796
11198
10782
10797
11199
10783
10798
11200
10784
10799
11201
10785
10800
11202
10786
10801
11203
10802
11204
10788
10803
11205
10789
10804
11206
10790
10805
11207
10791
10806
11208
10792
10807
11209
10793
10808
11210
10794
10809
11211
10795
10810
11212
10796
10811
11213
10797
10812
11214
10798
10813
11215
10799
10814
11216
10800
10815
11217
10801
10816
11218
10802
10817
11219
10818
11220
10804
10819
11221
10805
10820
11222
10806
10821
11223
10807
10822
11224
10808
10823
11225
10809
10824
11226
10810
10825
11227
10811
10826
11228
10812
10827
11229
10813
10828
11230
10814
10829
11231
10815
10830
11232
10816
10831
11233
10817
10832
11234
10818
10833
11235
10834
11236
10820
11237
10821
11238
10822
11239
10823
11240
10824
11241
10825
11242
10826
11243
10827
11244
10828
11245
10829
11246
10830
11247
10831
11248
10832
11249
10833
11250
10834
11251
11252
10836
10852
10837
10853
10838
10854
10839
10855
11253
10840
10856
11254
10841
10857
11255
10842
10858
11256
10843
10859
11257
10844
10860
11258
10845
10861
11259
10862
11260
10847
10863
11261
10848
10864
11262
10849
10865
11263
10850
10866
11264
10851
10867
11265
10852
10868
11266
10853
10869
11267
10854
10870
11268
10855
10871
11269
10856
10872
11270
10857
10873
11271
10858
10874
11272
10859
10875
11273
10860
10876
11274
10861
10877
11275
10862
10878
11276
10879
11277
10864
10880
11278
10865
10881
11279
10866
10882
11280
10867
10883
11281
10868
10884
11282
10869
10885
11283
10870
10886
11284
10871
10887
11285
10872
10888
11286
10873
10889
11287
10874
10890
11288
10875
10891
11289
10876
10892
11290
10877
10893
11291
10878
10894
11292
10879
10895
11293
10896
11294
10881
10897
11295
10882
10898
11296
10883
10899
11297
10884
10900
11298
10885
10901
11299
10886
10902
11300
10887
10903
11301
10888
10904
11302
10889
10905
11303
10890
10906
11304
10891
10907
11305
10892
10908
11306
10893
10909
11307
10894
10910
11308
10895
10911
11309
10896
10912
11310
10913
11311
10898
10914
11312
10899
10915
11313
10900
10916
11314
10901
10917
11315
10902
10918
11316
10903
10919
11317
10904
10920
11318
10905
10921
11319
10906
10922
11320
10907
10923
11321
10908
10924
11322
10909
10925
11323
10910
10926
11324
10911
10927
11325
10912
10928
11326
10913
10929
11327
10930
11328
10915
10931
11329
10916
10932
11330
10917
10933
11331
10918
10934
11332
10919
10935
11333
10920
10936
11334
10921
10937
11335
10922
10938
11336
10923
10939
11337
10924
10940
11338
10925
10941
11339
10926
10942
11340
10927
10943
11341
10928
10944
11342
10929
10945
11343
10930
10946
11344
10947
11345
10932
10948
11346
10933
10949
11347
10934
10950
11348
10935
10951
11349
10936
10952
11350
10937
10953
11351
10938
10954
11352
10939
10955
11353
10940
10956
11354
10941
10957
11355
10942
10958
11356
10943
10959
11357
10944
10960
11358
10945
10961
11359
10946
10962
11360
10947
10963
11361
10964
11362
10949
11363
10950
10965
11364
10951
10966
11365
10952
10967
11366
10953
10968
11367
10954
10969
11368
10955
10970
11369
10956
10971
11370
10957
10972
11371
10958
10973
11372
10959
10974
11373
10960
10975
11374
10961
10976
11375
10962
10977
11376
10963
10978
11377
10964
10979
11378
10980
11379
10966
10981
11381
10967
10982
11382
10968
10983
11383
10969
10984
11384
10970
10985
11385
10971
10986
11386
10972
10987
11387
10973
10988
11388
10974
10989
11389
10975
10990
11390
10976
10991
11391
10977
10992
11392
10978
10993
11393
10979
10994
11394
10980
10995
11395
10996
11396
10982
10997
11398
10983
10998
11399
10984
10999
11400
10985
11000
11401
10986
11001
11402
10987
11002
11403
10988
11003
11404
10989
11004
11405
10990
11005
11406
10991
11006
11407
10992
11007
11408
10993
11008
11409
10994
11009
11410
10995
11010
11411
10996
11011
11412
11012
11413
10998
11013
11414
10999
11014
11415
11000
11015
11416
11001
11016
11417
11002
11017
11418
11003
11018
11419
11004
11019
11420
11005
11020
11421
11006
11021
11422
11007
11022
11423
11008
11023
11424
11009
11024
11425
11010
11025
11426
11011
11026
11427
11012
11027
11428
11028
11429
11014
11029
11430
11015
11030
11431
11016
11031
11432
11017
11032
11433
11018
11033
11434
11019
11034
11435
11020
11035
11436
11021
11036
11437
11022
11037
11438
11023
11038
11439
11024
11039
11440
11025
11040
11441
11026
11041
11442
11027
11042
11443
11028
11043
11444
11044
11445
11030
11045
11446
11031
11046
11447
11032
11047
11448
11033
11048
11449
11034
11049
11450
11035
11050
11451
11036
11051
11452
11037
11052
11453
11038
11053
11454
11039
11054
11455
11040
11055
11456
11041
11056
11457
11042
11057
11458
11043
11058
11459
11044
11059
11460
11060
11461
11046
11061
11462
11047
11062
11463
11048
11063
11464
11049
11064
11465
11050
11065
11466
11051
11066
11467
11052
11067
11468
11053
11068
11469
11054
11069
11470
11055
11070
11471
11056
11071
11472
11057
11072
11473
11058
11073
11474
11059
11074
11475
11060
11075
11476
11076
11477
11062
11077
11478
11063
11078
11479
11064
11079
11480
11065
11080
11481
11066
11081
11482
11067
11082
11483
11068
11083
11484
11069
11084
11485
11070
11085
11486
11071
11086
11487
11072
11087
11488
11073
11088
11489
11074
11089
11490
11075
11090
11491
11076
11091
11492
11092
11493
11078
11093
11494
11079
11094
11495
11080
11095
11496
11081
11096
11497
11082
11097
11498
11083
11098
11499
11084
11099
11500
11085
11100
11501
11086
11101
11502
11087
11102
11503
11088
11103
11504
11089
11104
11505
11090
11105
11506
11091
11106
11507
11092
11107
11508
11108
11509
11094
11109
11510
11095
11110
11511
11096
11111
11512
11097
11112
11513
11098
11113
11514
11099
11114
11515
11100
11115
11516
11101
11116
11517
11102
11117
11518
11103
11118
11519
11104
11119
11520
11105
11120
11521
11106
11121
11522
11107
11122
11523
11108
11123
11524
11124
11525
11110
11125
11526
11111
11126
11527
11112
11127
11528
11113
11128
11529
11114
11129
11530
11115
11130
11531
11116
11131
11532
11117
11132
11533
11118
11133
11534
11119
11134
11535
11120
11135
11536
11121
11136
11537
11122
11137
11538
11123
11138
11539
11124
11139
11540
11140
11541
11126
11141
11542
11127
11142
11543
11128
11143
11544
11129
11144
11545
11130
11145
11546
11131
11146
11547
11132
11147
11548
11133
11148
11549
11134
11149
11550
11135
11150
11551
11136
11151
11552
11137
11152
11553
11138
11153
11554
11139
11154
11555
11140
11155
11556
11156
11557
11142
11157
11558
11143
11158
11559
11144
11159
11560
11145
11160
11561
11146
11161
11562
11147
11162
11563
11148
11163
11564
11149
11164
11565
11150
11165
11566
11151
11166
11567
11152
11167
11568
11153
11168
11569
11154
11169
11570
11155
11170
11571
11156
11171
11572
11172
11573
11158
11173
11574
11159
11174
11575
11160
11175
11576
11161
11176
11577
11162
11177
11578
11163
11178
11579
11164
11179
11580
11165
11180
11581
11166
11181
11582
11167
11182
11583
11168
11183
11584
11169
11184
11585
11170
11185
11586
11171
11186
11587
11172
11187
11588
11188
11589
11174
11189
11590
11175
11190
11591
11176
11191
11592
11177
11192
11593
11178
11193
11594
11179
11194
11595
11180
11195
11596
11181
11196
11597
11182
11197
11598
11183
11198
11599
11184
11199
11600
11185
11200
11601
11186
11201
11602
11187
11202
11603
11188
11203
11604
11204
11605
11190
11205
11606
11191
11206
11607
11192
11207
11608
11193
11208
11609
11194
11209
11610
11195
11210
11611
11196
11211
11612
11197
11212
11613
11198
11213
11614
11199
11214
11615
11200
11215
11616
11201
11216
11617
11202
11217
11618
11203
11218
11619
11204
11219
11620
11220
11621
11206
11221
11622
11207
11222
11623
11208
11223
11624
11209
11224
11625
11210
11225
11626
11211
11226
11627
11212
11227
11628
11213
11228
11629
11214
11229
11630
11215
11230
11631
11216
11231
11632
11217
11232
11633
11218
11233
11634
11219
11234
11635
11220
11235
11636
11236
11637
11222
11237
11638
11223
11238
11639
11224
11239
11640
11225
11240
11641
11226
11241
11642
11227
11242
11643
11228
11243
11644
11229
11244
11645
11230
11245
11646
11231
11246
11647
11232
11247
11648
11233
11248
11649
11234
11249
11650
11235
11250
11651
11236
11251
11652
11252
11653
11238
11654
11239
11655
11240
11656
11241
11657
11242
11658
11243
11659
11244
11660
11245
11661
11246
11662
11247
11663
11248
11664
11249
11665
11250
11666
11251
11667
11252
11668
11669
11254
11270
11255
11271
11256
11272
11670
11257
11273
11671
11258
11274
11672
11259
11275
11673
11260
11276
11674
11277
11675
11262
11278
11676
11263
11279
11677
11264
11280
11678
11265
11281
11679
11266
11282
11680
11267
11283
11681
11268
11284
11682
11269
11285
11683
11270
11286
11684
11271
11287
11685
11272
11288
11686
11273
11289
11687
11274
11290
11688
11275
11291
11689
11276
11292
11690
11277
11293
11691
11294
11692
11279
11295
11693
11280
11296
11694
11281
11297
11695
11282
11298
11696
11283
11299
11697
11284
11300
11698
11285
11301
11699
11286
11302
11700
11287
11303
11701
11288
11304
11702
11289
11305
11703
11290
11306
11704
11291
11307
11705
11292
11308
11706
11293
11309
11707
11294
11310
11708
11311
11709
11296
11312
11710
11297
11313
11711
11298
11314
11712
11299
11315
11713
11300
11316
11714
11301
11317
11715
11302
11318
11716
11303
11319
11717
11304
11320
11718
11305
11321
11719
11306
11322
11720
11307
11323
11721
11308
11324
11722
11309
11325
11723
11310
11326
11724
11311
11327
11725
11328
11726
11313
11329
11727
11314
11330
11728
11315
11331
11729
11316
11332
11730
11317
11333
11731
11318
11334
11732
11319
11335
11733
11320
11336
11734
11321
11337
11735
11322
11338
11736
11323
11339
11737
11324
11340
11738
11325
11341
11739
11326
11342
11740
11327
11343
11741
11328
11344
11742
11345
11743
11330
11346
11744
11331
11347
11745
11332
11348
11746
11333
11349
11747
11334
11350
11748
11335
11351
11749
11336
11352
11750
11337
11353
11751
11338
11354
11752
11339
11355
11753
11340
11356
11754
11341
11357
11755
11342
11358
11756
11343
11359
11757
11344
11360
11758
11345
11361
11759
11362
11760
11347
11363
11761
11348
11364
11762
11349
11365
11763
11350
11366
11764
11351
11367
11765
11352
11368
11766
11353
11369
11767
11354
11370
11768
11355
11371
11769
11356
11372
11770
11357
11373
11771
11358
11374
11772
11359
11375
11773
11360
11376
11774
11361
11377
11775
11362
11378
11776
11379
11777
11364
11380
11778
11365
11381
11779
11366
11382
11780
11367
11383
11781
11368
11384
11782
11369
11385
11783
11370
11386
11784
11371
11387
11785
11372
11388
11786
11373
11389
11787
11374
11390
11788
11375
11391
11789
11376
11392
11790
11377
11393
11791
11378
11394
11792
11379
11395
11793
11396
11794
11381
11397
11795
11382
11398
11796
11383
11399
11797
11384
11400
11798
11385
11401
11799
11386
11402
11800
11387
11403
11801
11388
11404
11802
11389
11405
11803
11390
11406
11804
11391
11407
11805
11392
11408
11806
11393
11409
11807
11394
11410
11808
11395
11411
11809
11396
11412
11810
11413
11811
11398
11812
11399
11414
11813
11400
11415
11814
11401
11416
11815
11402
11417
11816
11403
11418
11817
11404
11419
11818
11405
11420
11819
11406
11421
11820
11407
11422
11821
11408
11423
11822
11409
11424
11823
11410
11425
11824
11411
11426
11825
11412
11427
11826
11413
11428
11827
11429
11828
11415
11430
11830
11416
11431
11831
11417
11432
11832
11418
11433
11833
11419
11434
11834
11420
11435
11835
11421
11436
11836
11422
11437
11837
11423
11438
11838
11424
11439
11839
11425
11440
11840
11426
11441
11841
11427
11442
11842
11428
11443
11843
11429
11444
11844
11445
11845
11431
11446
11846
11432
11447
11847
11433
11448
11848
11434
11449
11849
11435
11450
11850
11436
11451
11851
11437
11452
11852
11438
11453
11853
11439
11454
11854
11440
11455
11855
11441
11456
11856
11442
11457
11857
11443
11458
11858
11444
11459
11859
11445
11460
11860
11461
11861
11447
11462
11862
11448
11463
11863
11449
11464
11864
11450
11465
11865
11451
11466
11866
11452
11467
11867
11453
11468
11868
11454
11469
11869
11455
11470
11870
11456
11471
11871
11457
11472
11872
11458
11473
11873
11459
11474
11874
11460
11475
11875
11461
11476
11876
11477
11877
11463
11478
11878
11464
11479
11879
11465
11480
11880
11466
11481
11881
11467
11482
11882
11468
11483
11883
11469
11484
11884
11470
11485
11885
11471
11486
11886
11472
11487
11887
11473
11488
11888
11474
11489
11889
11475
11490
11890
11476
11491
11891
11477
11492
11892
11493
11893
11479
11494
11894
11480
11495
11895
11481
11496
11896
11482
11497
11897
11483
11498
11898
11484
11499
11899
11485
11500
11900
11486
11501
11901
11487
11502
11902
11488
11503
11903
11489
11504
11904
11490
11505
11905
11491
11506
11906
11492
11507
11907
11493
11508
11908
11509
11909
11495
11510
11910
11496
11511
11911
11497
11512
11912
11498
11513
11913
11499
11514
11914
11500
11515
11915
11501
11516
11916
11502
11517
11917
11503
11518
11918
11504
11519
11919
11505
11520
11920
11506
11521
11921
11507
11522
11922
11508
11523
11923
11509
11524
11924
11525
11925
11511
11526
11926
11512
11527
11927
11513
11528
11928
11514
11529
11929
11515
11530
11930
11516
11531
11931
11517
11532
11932
11518
11533
11933
11519
11534
11934
11520
11535
11935
11521
11536
11936
11522
11537
11937
11523
11538
11938
11524
11539
11939
11525
11540
11940
11541
11941
11527
11542
11942
11528
11543
11943
11529
11544
11944
11530
11545
11945
11531
11546
11946
11532
11547
11947
11533
11548
11948
11534
11549
11949
11535
11550
11950
11536
11551
11951
11537
11552
11952
11538
11553
11953
11539
11554
11954
11540
11555
11955
11541
11556
11956
11557
11957
11543
11558
11958
11544
11559
11959
11545
11560
11960
11546
11561
11961
11547
11562
11962
11548
11563
11963
11549
11564
11964
11550
11565
11965
11551
11566
11966
11552
11567
11967
11553
11568
11968
11554
11569
11969
11555
11570
11970
11556
11571
11971
11557
11572
11972
11573
11973
11559
11574
11974
11560
11575
11975
11561
11576
11976
11562
11577
11977
11563
11578
11978
11564
11579
11979
11565
11580
11980
11566
11581
11981
11567
11582
11982
11568
11583
11983
11569
11584
11984
11570
11585
11985
11571
11586
11986
11572
11587
11987
11573
11588
11988
11589
11989
11575
11590
11990
11576
11591
11991
11577
11592
11992
11578
11593
11993
11579
11594
11994
11580
11595
11995
11581
11596
11996
11582
11597
11997
11583
11598
11998
11584
11599
11999
11585
11600
12000
11586
11601
12001
11587
11602
12002
11588
11603
12003
11589
11604
12004
11605
12005
11591
11606
12006
11592
11607
12007
11593
11608
12008
11594
11609
12009
11595
11610
12010
11596
11611
12011
11597
11612
12012
11598
11613
12013
11599
11614
12014
11600
11615
12015
11601
11616
12016
11602
11617
12017
11603
11618
12018
11604
11619
12019
11605
11620
12020
11621
12021
11607
11622
12022
11608
11623
12023
11609
11624
12024
11610
11625
12025
11611
11626
12026
11612
11627
12027
11613
11628
12028
11614
11629
12029
11615
11630
12030
11616
11631
12031
11617
11632
12032
11618
11633
12033
11619
11634
12034
11620
11635
12035
11621
11636
12036
11637
12037
11623
11638
12038
11624
11639
12039
11625
11640
12040
11626
11641
12041
11627
11642
12042
11628
11643
12043
11629
11644
12044
11630
11645
12045
11631
11646
12046
11632
11647
12047
11633
11648
12048
11634
11649
12049
11635
11650
12050
11636
11651
12051
11637
11652
12052
11653
12053
11639
11654
12054
11640
11655
12055
11641
11656
12056
11642
11657
12057
11643
11658
12058
11644
11659
12059
11645
11660
12060
11646
11661
12061
11647
11662
12062
11648
11663
12063
11649
11664
12064
11650
11665
12065
11651
11666
12066
11652
11667
12067
11653
11668
12068
11669
12069
11655
12070
11656
12071
11657
12072
11658
12073
11659
12074
11660
12075
11661
12076
11662
12077
11663
12078
11664
12079
11665
12080
11666
12081
11667
12082
11668
12083
11669
12084
12085
11671
11687
11672
11688
11673
11689
11674
11690
12086
11675
11691
12087
11692
12088
11677
11693
12089
11678
11694
12090
11679
11695
12091
11680
11696
12092
11681
11697
12093
11682
11698
12094
11683
11699
12095
11684
11700
12096
11685
11701
12097
11686
11702
12098
11687
11703
12099
11688
11704
12100
11689
11705
12101
11690
11706
12102
11691
11707
12103
11692
11708
12104
11709
12105
11694
11710
12106
11695
11711
12107
11696
11712
12108
11697
11713
12109
11698
11714
12110
11699
11715
12111
11700
11716
12112
11701
11717
12113
11702
11718
12114
11703
11719
12115
11704
11720
12116
11705
11721
12117
11706
11722
12118
11707
11723
12119
11708
11724
12120
11709
11725
12121
11726
12122
11711
11727
12123
11712
11728
12124
11713
11729
12125
11714
11730
12126
11715
11731
12127
11716
11732
12128
11717
11733
12129
11718
11734
12130
11719
11735
12131
11720
11736
12132
11721
11737
12133
11722
11738
12134
11723
11739
12135
11724
11740
12136
11725
11741
12137
11726
11742
12138
11743
12139
11728
11744
12140
11729
11745
12141
11730
11746
12142
11731
11747
12143
11732
11748
12144
11733
11749
12145
11734
11750
12146
11735
11751
12147
11736
11752
12148
11737
11753
12149
11738
11754
12150
11739
11755
12151
11740
11756
12152
11741
11757
12153
11742
11758
12154
11743
11759
12155
11760
12156
11745
11761
12157
11746
11762
12158
11747
11763
12159
11748
11764
12160
11749
11765
12161
11750
11766
12162
11751
11767
12163
11752
11768
12164
11753
11769
12165
11754
11770
12166
11755
11771
12167
11756
11772
12168
11757
11773
12169
11758
11774
12170
11759
11775
12171
11760
11776
12172
11777
12173
11762
11778
12174
11763
11779
12175
11764
11780
12176
11765
11781
12177
11766
11782
12178
11767
11783
12179
11768
11784
12180
11769
11785
12181
11770
11786
12182
11771
11787
12183
11772
11788
12184
11773
11789
12185
11774
11790
12186
11775
11791
12187
11776
11792
12188
11777
11793
12189
11794
12190
11779
11795
12191
11780
11796
12192
11781
11797
12193
11782
11798
12194
11783
11799
12195
11784
11800
12196
11785
11801
12197
11786
11802
12198
11787
11803
12199
11788
11804
12200
11789
11805
12201
11790
11806
12202
11791
11807
12203
11792
11808
12204
11793
11809
12205
11794
11810
12206
11811
12207
11796
11812
12208
11797
11813
12209
11798
11814
12210
11799
11815
12211
11800
11816
12212
11801
11817
12213
11802
11818
12214
11803
11819
12215
11804
11820
12216
11805
11821
12217
11806
11822
12218
11807
11823
12219
11808
11824
12220
11809
11825
12221
11810
11826
12222
11811
11827
12223
11828
12224
11813
11829
12225
11814
11830
12226
11815
11831
12227
11816
11832
12228
11817
11833
12229
11818
11834
12230
11819
11835
12231
11820
11836
12232
11821
11837
12233
11822
11838
12234
11823
11839
12235
11824
11840
12236
11825
11841
12237
11826
11842
12238
11827
11843
12239
11828
11844
12240
11845
12241
11830
12242
11831
11846
12243
11832
11847
12244
11833
11848
12245
11834
11849
12246
11835
11850
12247
11836
11851
12248
11837
11852
12249
11838
11853
12250
11839
11854
12251
11840
11855
12252
11841
11856
12253
11842
11857
12254
11843
11858
12255
11844
11859
12256
11845
11860
12257
11861
12258
11847
11862
12260
11848
11863
12261
11849
11864
12262
11850
11865
12263
11851
11866
12264
11852
11867
12265
11853
11868
12266
11854
11869
12267
11855
11870
12268
11856
11871
12269
11857
11872
12270
11858
11873
12271
11859
11874
12272
11860
11875
12273
11861
11876
12274
11877
12275
11863
11878
12276
11864
11879
12277
11865
11880
12278
11866
11881
12279
11867
11882
12280
11868
11883
12281
11869
11884
12282
11870
11885
12283
11871
11886
12284
11872
11887
12285
11873
11888
12286
11874
11889
12287
11875
11890
12288
11876
11891
12289
11877
11892
12290
11893
12291
11879
11894
12292
11880
11895
12293
11881
11896
12294
11882
11897
12295
11883
11898
12296
11884
11899
12297
11885
11900
12298
11886
11901
12299
11887
11902
12300
11888
11903
12301
11889
11904
12302
11890
11905
12303
11891
11906
12304
11892
11907
12305
11893
11908
12306
11909
12307
11895
11910
12308
11896
11911
12309
11897
11912
12310
11898
11913
12311
11899
11914
12312
11900
11915
12313
11901
11916
12314
11902
11917
12315
11903
11918
12316
11904
11919
12317
11905
11920
12318
11906
11921
12319
11907
11922
12320
11908
11923
12321
11909
11924
12322
11925
12323
11911
11926
12324
11912
11927
12325
11913
11928
12326
11914
11929
12327
11915
11930
12328
11916
11931
12329
11917
11932
12330
11918
11933
12331
11919
11934
12332
11920
11935
12333
11921
11936
12334
11922
11937
12335
11923
11938
12336
11924
11939
12337
11925
11940
12338
11941
12339
11927
11942
12340
11928
11943
12341
11929
11944
12342
11930
11945
12343
11931
11946
12344
11932
11947
12345
11933
11948
12346
11934
11949
12347
11935
11950
12348
11936
11951
12349
11937
11952
12350
11938
11953
12351
11939
11954
12352
11940
11955
12353
11941
11956
12354
11957
12355
11943
11958
12356
11944
11959
12357
11945
11960
12358
11946
11961
12359
11947
11962
12360
11948
11963
12361
11949
11964
12362
11950
11965
12363
11951
11966
12364
11952
11967
12365
11953
11968
12366
11954
11969
12367
11955
11970
12368
11956
11971
12369
11957
11972
12370
11973
12371
11959
11974
12372
11960
11975
12373
11961
11976
12374
11962
11977
12375
11963
11978
12376
11964
11979
12377
11965
11980
12378
11966
11981
12379
11967
11982
12380
11968
11983
12381
11969
11984
12382
11970
11985
12383
11971
11986
12384
11972
11987
12385
11973
11988
12386
11989
12387
11975
11990
12388
11976
11991
12389
11977
11992
12390
11978
11993
12391
11979
11994
12392
11980
11995
12393
11981
11996
12394
11982
11997
12395
11983
11998
12396
11984
11999
12397
11985
12000
12398
11986
12001
12399
11987
12002
12400
11988
12003
12401
11989
12004
12402
12005
12403
11991
12006
12404
11992
12007
12405
11993
12008
12406
11994
12009
12407
11995
12010
12408
11996
12011
12409
11997
12012
12410
11998
12013
12411
11999
12014
12412
12000
12015
12413
12001
12016
12414
12002
12017
12415
12003
12018
12416
12004
12019
12417
12005
12020
12418
12021
12419
12007
12022
12420
12008
12023
12421
12009
12024
12422
12010
12025
12423
12011
12026
12424
12012
12027
12425
12013
12028
12426
12014
12029
12427
12015
12030
12428
12016
12031
12429
12017
12032
12430
12018
12033
12431
12019
12034
12432
12020
12035
12433
12021
12036
12434
12037
12435
12023
12038
12436
12024
12039
12437
12025
12040
12438
12026
12041
12439
12027
12042
12440
12028
12043
12441
12029
12044
12442
12030
12045
12443
12031
12046
12444
12032
12047
12445
12033
12048
12446
12034
12049
12447
12035
12050
12448
12036
12051
12449
12037
12052
12450
12053
12451
12039
12054
12452
12040
12055
12453
12041
12056
12454
12042
12057
12455
12043
12058
12456
12044
12059
12457
12045
12060
12458
12046
12061
12459
12047
12062
12460
12048
12063
12461
12049
12064
12462
12050
12065
12463
12051
12066
12464
12052
12067
12465
12053
12068
12466
12069
12467
12055
12070
12468
12056
12071
12469
12057
12072
12470
12058
12073
12471
12059
12074
12472
12060
12075
12473
12061
12076
12474
12062
12077
12475
12063
12078
12476
12064
12079
12477
12065
12080
12478
12066
12081
12479
12067
12082
12480
12068
12083
12481
12069
12084
12482
12085
12483
12071
12484
12072
12485
12073
12486
12074
12487
12075
12488
12076
12489
12077
12490
12078
12491
12079
12492
12080
12493
12081
12494
12082
12495
12083
12496
12084
12497
12085
12498
12499
12087
12103
12088
12104
12105
12090
12106
12091
12107
12092
12108
12093
12109
12094
12110
12095
12111
12096
12112
12097
12113
12098
12114
12099
12115
12100
12116
12101
12117
12102
12118
12103
12119
12104
12120
12105
12121
12122
12107
12123
12108
12124
12109
12125
12110
12126
12111
12127
12112
12128
12113
12129
12114
12130
12115
12131
12116
12132
12117
12133
12118
12134
12119
12135
12120
12136
12121
12137
12122
12138
12139
12124
12140
12125
12141
12126
12142
12127
12143
12128
12144
12129
12145
12130
12146
12131
12147
12132
12148
12133
12149
12134
12150
12135
12151
12136
12152
12137
12153
12138
12154
12139
12155
12156
12141
12157
12142
12158
12143
12159
12144
12160
12145
12161
12146
12162
12147
12163
12148
12164
12149
12165
12150
12166
12151
12167
12152
12168
12153
12169
12154
12170
12155
12171
12156
12172
12173
12158
12174
12159
12175
12160
12176
12161
12177
12162
12178
12163
12179
12164
12180
12165
12181
12166
12182
12167
12183
12168
12184
12169
12185
12170
12186
12171
12187
12172
12188
12173
12189
12190
12175
12191
12176
12192
12177
12193
12178
12194
12179
12195
12180
12196
12181
12197
12182
12198
12183
12199
12184
12200
12185
12201
12186
12202
12187
12203
12188
12204
12189
12205
12190
12206
12207
12192
12208
12193
12209
12194
12210
12195
12211
12196
12212
12197
12213
12198
12214
12199
12215
12200
12216
12201
12217
12202
12218
12203
12219
12204
12220
12205
12221
12206
12222
12207
12223
12224
12209
12225
12210
12226
12211
12227
12212
12228
12213
12229
12214
12230
12215
12231
12216
12232
12217
12233
12218
12234
12219
12235
12220
12236
12221
12237
12222
12238
12223
12239
12224
12240
12241
12226
12242
12227
12243
12228
12244
12229
12245
12230
12246
12231
12247
12232
12248
12233
12249
12234
12250
12235
12251
12236
12252
12237
12253
12238
12254
12239
12255
12240
12256
12241
12257
12258
12243
12259
12244
12260
12245
12261
12246
12262
12247
12263
12248
12264
12249
12265
12250
12266
12251
12267
12252
12268
12253
12269
12254
12270
12255
12271
12256
12272
12257
12273
12258
12274
12275
12260
12261
12276
12262
12277
12263
12278
12264
12279
12265
12280
12266
12281
12267
12282
12268
12283
12269
12284
12270
12285
12271
12286
12272
12287
12273
12288
12274
12289
12275
12290
12291
12277
12292
12278
12293
12279
12294
12280
12295
12281
12296
12282
12297
12283
12298
12284
12299
12285
12300
12286
12301
12287
12302
12288
12303
12289
12304
12290
12305
12291
12306
12307
12293
12308
12294
12309
12295
12310
12296
12311
12297
12312
12298
12313
12299
12314
12300
12315
12301
12316
12302
12317
12303
12318
12304
12319
12305
12320
12306
12321
12307
12322
12323
12309
12324
12310
12325
12311
12326
12312
12327
12313
12328
12314
12329
12315
12330
12316
12331
12317
12332
12318
12333
12319
12334
12320
12335
12321
12336
12322
12337
12323
12338
12339
12325
12340
12326
12341
12327
12342
12328
12343
12329
12344
12330
12345
12331
12346
12332
12347
12333
12348
12334
12349
12335
12350
12336
12351
12337
12352
12338
12353
12339
12354
12355
12341
12356
12342
12357
12343
12358
12344
12359
12345
12360
12346
12361
12347
12362
12348
12363
12349
12364
12350
12365
12351
12366
12352
12367
12353
12368
12354
12369
12355
12370
12371
12357
12372
12358
12373
12359
12374
12360
12375
12361
12376
12362
12377
12363
12378
12364
12379
12365
12380
12366
12381
12367
12382
12368
12383
12369
12384
12370
12385
12371
12386
12387
12373
12388
12374
12389
12375
12390
12376
12391
12377
12392
12378
12393
12379
12394
12380
12395
12381
12396
12382
12397
12383
12398
12384
12399
12385
12400
12386
12401
12387
12402
12403
12389
12404
12390
12405
12391
12406
12392
12407
12393
12408
12394
12409
12395
12410
12396
12411
12397
12412
12398
12413
12399
12414
12400
12415
12401
12416
12402
12417
12403
12418
12419
12405
12420
12406
12421
12407
12422
12408
12423
12409
12424
12410
12425
12411
12426
12412
12427
12413
12428
12414
12429
12415
12430
12416
12431
12417
12432
12418
12433
12419
12434
12435
12421
12436
12422
12437
12423
12438
12424
12439
12425
12440
12426
12441
12427
12442
12428
12443
12429
12444
12430
12445
12431
12446
12432
12447
12433
12448
12434
12449
12435
12450
12451
12437
12452
12438
12453
12439
12454
12440
12455
12441
12456
12442
12457
12443
12458
12444
12459
12445
12460
12446
12461
12447
12462
12448
12463
12449
12464
12450
12465
12451
12466
12467
12453
12468
12454
12469
12455
12470
12456
12471
12457
12472
12458
12473
12459
12474
12460
12475
12461
12476
12462
12477
12463
12478
12464
12479
12465
12480
12466
12481
12467
12482
12483
12469
12484
12470
12485
12471
12486
12472
12487
12473
12488
12474
12489
12475
12490
12476
12491
12477
12492
12478
12493
12479
12494
12480
12495
12481
12496
12482
12497
12483
12498
12499
12485
12486
12487
12488
12489
12490
12491
12492
12493
12494
12495
12496
12497
12498
12499
)


// ************************************************************************* //
