/*--------------------------------*- C++ -*----------------------------------*\
  =========                 |
  \\      /  F ield         | OpenFOAM: The Open Source CFD Toolbox
   \\    /   O peration     | Website:  https://openfoam.org
    \\  /    A nd           | Version:  10
     \\/     M anipulation  |
\*---------------------------------------------------------------------------*/
FoamFile
{
    format      ascii;
    class       vectorField;
    location    "constant/polyMesh";
    object      points;
}
// * * * * * * * * * * * * * * * * * * * * * * * * * * * * * * * * * * * * * //


15606
(
(28 -4 0)
(28 -4 5)
(32 -4 5)
(32 -4 0)
(-32 0 0)
(-32 0 5)
(-28 0 5)
(-28 0 0)
(-24 1.18424e-15 5)
(-24 0 0)
(-20 1.18424e-15 5)
(-20 0 0)
(-16 0 5)
(-16 1.18424e-15 0)
(-12 0 5)
(-12 1.18424e-15 0)
(-8 1.18424e-15 5)
(-8 0 0)
(-4 0 5)
(-4 0 0)
(0 0 5)
(0 0 0)
(4 0 5)
(4 0 0)
(8 0 5)
(8 0 0)
(12 0 5)
(12 0 0)
(16 0 5)
(16 0 0)
(20 1.18424e-15 5)
(20 0 0)
(24 1.18424e-15 5)
(24 0 0)
(28 0 0)
(28 0 5)
(32 0 5)
(-32 0 10)
(-28 0 10)
(-24 0 10)
(-20 0 10)
(-16 0 10)
(-12 0 10)
(-8 1.18424e-15 10)
(-4 0 10)
(0 0 10)
(4 0 10)
(8 0 10)
(12 0 10)
(16 0 10)
(20 0 10)
(24 0 10)
(28 0 10)
(32 0 10)
(-32 0 15)
(-28 0 15)
(-24 0 15)
(-20 0 15)
(-16 0 15)
(-12 0 15)
(-8 1.18424e-15 15)
(-4 0 15)
(0 0 15)
(4 0 15)
(8 0 15)
(12 0 15)
(16 0 15)
(20 0 15)
(24 0 15)
(28 0 15)
(32 0 15)
(-32 0 20)
(-28 0 20)
(-24 0 20)
(-20 0 20)
(-16 1.18424e-15 20)
(-12 1.18424e-15 20)
(-8 0 20)
(-4 0 20)
(0 0 20)
(4 0 20)
(8 0 20)
(12 0 20)
(16 0 20)
(20 0 20)
(24 0 20)
(28 0 20)
(32 0 20)
(-32 0 25)
(-28 0 25)
(-24 0 25)
(-20 0 25)
(-16 1.18424e-15 25)
(-12 1.18424e-15 25)
(-8 0 25)
(-4 0 25)
(0 0 25)
(4 0 25)
(8 0 25)
(12 0 25)
(16 0 25)
(20 0 25)
(24 0 25)
(28 0 25)
(32 0 25)
(32 0 0)
(48 -4 0)
(48 -4 5)
(52 -4 5)
(52 -4 0)
(56 -4 5)
(56 -4 0)
(60 -4 5)
(60 -4 0)
(64 -4 5)
(64 -4 0)
(68 -4 5)
(68 -4 0)
(72 -4 5)
(72 -4 0)
(76 -4 5)
(76 -4 0)
(80 -4 5)
(80 -4 0)
(84 -4 5)
(84 -4 0)
(88 -4 5)
(88 -4 0)
(92 -4 5)
(92 -4 0)
(96 -4 5)
(96 -4 0)
(100 -4 5)
(100 -4 0)
(36 -5.92119e-16 5)
(36 -5.92119e-16 0)
(40 5.92119e-16 5)
(40 5.92119e-16 0)
(44 5.92119e-16 5)
(44 5.92119e-16 0)
(48 0 0)
(48 0 5)
(52 0 5)
(56 -5.92119e-16 5)
(56 -4 10)
(60 -4 10)
(64 -4 10)
(68 -4 10)
(72 -4 10)
(76 -4 10)
(80 -4 10)
(84 -4 10)
(88 -4 10)
(92 -4 10)
(96 -4 10)
(100 -4 10)
(36 -5.92119e-16 10)
(40 5.92119e-16 10)
(44 5.92119e-16 10)
(48 0 10)
(52 0 10)
(56 -5.92119e-16 10)
(60 -5.92119e-16 10)
(64 5.92119e-16 10)
(68 5.92119e-16 10)
(68 -4 15)
(72 -4 15)
(76 -4 15)
(80 -4 15)
(84 -4 15)
(88 -4 15)
(92 -4 15)
(96 -4 15)
(100 -4 15)
(36 -5.92119e-16 15)
(40 5.92119e-16 15)
(44 5.92119e-16 15)
(48 0 15)
(52 0 15)
(56 -5.92119e-16 15)
(60 -5.92119e-16 15)
(64 5.92119e-16 15)
(68 5.92119e-16 15)
(72 2.96059e-16 15)
(76 0 15)
(76 -4 20)
(80 -4 20)
(84 -4 20)
(88 -4 20)
(92 -4 20)
(96 -4 20)
(100 -4 20)
(36 -5.92119e-16 20)
(40 5.92119e-16 20)
(44 5.92119e-16 20)
(48 0 20)
(52 0 20)
(56 -5.92119e-16 20)
(60 -5.92119e-16 20)
(64 5.92119e-16 20)
(68 5.92119e-16 20)
(72 2.96059e-16 20)
(76 0 20)
(80 -2.96059e-16 20)
(84 -5.92119e-16 20)
(88 8.88178e-16 20)
(88 -4 25)
(92 -4 25)
(96 -4 25)
(100 -4 25)
(36 -5.92119e-16 25)
(40 5.92119e-16 25)
(44 5.92119e-16 25)
(48 0 25)
(52 0 25)
(56 -5.92119e-16 25)
(60 -5.92119e-16 25)
(64 5.92119e-16 25)
(68 5.92119e-16 25)
(72 2.96059e-16 25)
(76 0 25)
(80 -2.96059e-16 25)
(84 -5.92119e-16 25)
(88 8.88178e-16 25)
(-32 4 0)
(-32 4 5)
(-32 8 0)
(-32 8 5)
(-32 12 0)
(-32 12 5)
(-32 16 0)
(-32 16 5)
(-32 20 0)
(-32 20 5)
(-32 24 0)
(-32 24 5)
(-32 28 0)
(-32 28 5)
(-32 32 0)
(-32 32 5)
(-32 36 0)
(-32 36 5)
(-32 40 0)
(-32 40 5)
(-32 44 0)
(-32 44 5)
(-32 48 0)
(-32 48 5)
(-32 52 0)
(-32 52 5)
(-32 56 0)
(-32 56 5)
(-32 60 0)
(-32 60 5)
(-32 64 0)
(-32 64 5)
(-32 68 0)
(-32 68 5)
(-32 72 0)
(-32 72 5)
(-32 76 0)
(-32 76 5)
(-32 80 0)
(-32 80 5)
(-32 84 0)
(-32 84 5)
(-32 88 0)
(-32 88 5)
(-32 92 0)
(-32 92 5)
(-32 96 0)
(-32 96 5)
(-32 100 0)
(-32 100 5)
(-32 4 10)
(-32 8 10)
(-32 12 10)
(-32 16 10)
(-32 20 10)
(-32 24 10)
(-32 28 10)
(-32 32 10)
(-32 36 10)
(-32 40 10)
(-32 44 10)
(-32 48 10)
(-32 52 10)
(-32 56 10)
(-32 60 10)
(-32 64 10)
(-32 68 10)
(-32 72 10)
(-32 76 10)
(-32 80 10)
(-32 84 10)
(-32 88 10)
(-32 92 10)
(-32 96 10)
(-32 100 10)
(-32 4 15)
(-32 8 15)
(-32 12 15)
(-32 16 15)
(-32 20 15)
(-32 24 15)
(-32 28 15)
(-32 32 15)
(-32 36 15)
(-32 40 15)
(-32 44 15)
(-32 48 15)
(-32 52 15)
(-32 56 15)
(-32 60 15)
(-32 64 15)
(-32 68 15)
(-32 72 15)
(-32 76 15)
(-32 80 15)
(-32 84 15)
(-32 88 15)
(-32 92 15)
(-32 96 15)
(-32 100 15)
(-32 4 20)
(-32 8 20)
(-32 12 20)
(-32 16 20)
(-32 20 20)
(-32 24 20)
(-32 28 20)
(-32 32 20)
(-32 36 20)
(-32 40 20)
(-32 44 20)
(-32 48 20)
(-32 52 20)
(-32 56 20)
(-32 60 20)
(-32 64 20)
(-32 68 20)
(-32 72 20)
(-32 76 20)
(-32 80 20)
(-32 84 20)
(-32 88 20)
(-32 92 20)
(-32 96 20)
(-32 100 20)
(-32 4 25)
(-32 8 25)
(-32 12 25)
(-32 16 25)
(-32 20 25)
(-32 24 25)
(-32 28 25)
(-32 32 25)
(-32 36 25)
(-32 40 25)
(-32 44 25)
(-32 48 25)
(-32 52 25)
(-32 56 25)
(-32 60 25)
(-32 64 25)
(-32 68 25)
(-32 72 25)
(-32 76 25)
(-32 80 25)
(-32 84 25)
(-32 88 25)
(-32 92 25)
(-32 96 25)
(-32 100 25)
(-88 0 0)
(-88 0 5)
(-84 0 5)
(-84 0 0)
(-80 0 5)
(-80 0 0)
(-76 0 5)
(-76 0 0)
(-72 0 5)
(-72 0 0)
(-68 0 5)
(-68 0 0)
(-64 0 5)
(-64 0 0)
(-60 0 5)
(-60 0 0)
(-56 0 5)
(-56 0 0)
(-52 0 5)
(-52 0 0)
(-48 0 5)
(-48 0 0)
(-44 0 5)
(-44 0 0)
(-40 0 5)
(-40 0 0)
(-36 0 5)
(-36 0 0)
(-100 4 0)
(-100 4 5)
(-96 4 5)
(-96 4 0)
(-92 4 5)
(-92 4 0)
(-88 4 0)
(-88 4 5)
(-84 4 5)
(-80 4 5)
(-76 4 5)
(-76 0 10)
(-72 0 10)
(-68 0 10)
(-64 0 10)
(-60 0 10)
(-56 0 10)
(-52 0 10)
(-48 0 10)
(-44 0 10)
(-40 0 10)
(-36 0 10)
(-100 4 10)
(-96 4 10)
(-92 4 10)
(-88 4 10)
(-84 4 10)
(-80 4 10)
(-76 4 10)
(-72 4 10)
(-68 4 10)
(-68 0 15)
(-64 0 15)
(-60 0 15)
(-56 0 15)
(-52 0 15)
(-48 0 15)
(-44 0 15)
(-40 0 15)
(-36 0 15)
(-100 4 15)
(-96 4 15)
(-92 4 15)
(-88 4 15)
(-84 4 15)
(-80 4 15)
(-76 4 15)
(-72 4 15)
(-68 4 15)
(-64 4 15)
(-60 4 15)
(-56 4 15)
(-56 0 20)
(-52 0 20)
(-48 0 20)
(-44 0 20)
(-40 0 20)
(-36 0 20)
(-100 4 20)
(-96 4 20)
(-92 4 20)
(-88 4 20)
(-84 4 20)
(-80 4 20)
(-76 4 20)
(-72 4 20)
(-68 4 20)
(-64 4 20)
(-60 4 20)
(-56 4 20)
(-52 4 20)
(-48 4 20)
(-44 4 20)
(-44 0 25)
(-40 0 25)
(-36 0 25)
(-100 4 25)
(-96 4 25)
(-92 4 25)
(-88 4 25)
(-84 4 25)
(-80 4 25)
(-76 4 25)
(-72 4 25)
(-68 4 25)
(-64 4 25)
(-60 4 25)
(-56 4 25)
(-52 4 25)
(-48 4 25)
(-44 4 25)
(32 -100 0)
(32 -96 0)
(32 -96 5)
(32 -100 5)
(32 -92 0)
(32 -92 5)
(32 -88 0)
(32 -88 5)
(32 -84 0)
(32 -84 5)
(32 -80 0)
(32 -80 5)
(32 -76 0)
(32 -76 5)
(32 -72 0)
(32 -72 5)
(32 -68 0)
(32 -68 5)
(32 -64 0)
(32 -64 5)
(32 -60 0)
(32 -60 5)
(32 -56 0)
(32 -56 5)
(32 -52 0)
(32 -52 5)
(32 -48 0)
(32 -48 5)
(32 -44 0)
(32 -44 5)
(32 -40 0)
(32 -40 5)
(32 -36 0)
(32 -36 5)
(32 -32 0)
(32 -32 5)
(32 -28 0)
(32 -28 5)
(32 -24 0)
(32 -24 5)
(32 -20 0)
(32 -20 5)
(32 -16 0)
(32 -16 5)
(32 -12 0)
(32 -12 5)
(32 -8 0)
(32 -8 5)
(32 -96 10)
(32 -100 10)
(32 -92 10)
(32 -88 10)
(32 -84 10)
(32 -80 10)
(32 -76 10)
(32 -72 10)
(32 -68 10)
(32 -64 10)
(32 -60 10)
(32 -56 10)
(32 -52 10)
(32 -48 10)
(32 -44 10)
(32 -40 10)
(32 -36 10)
(32 -32 10)
(32 -28 10)
(32 -24 10)
(32 -20 10)
(32 -16 10)
(32 -12 10)
(32 -8 10)
(32 -4 10)
(32 -96 15)
(32 -100 15)
(32 -92 15)
(32 -88 15)
(32 -84 15)
(32 -80 15)
(32 -76 15)
(32 -72 15)
(32 -68 15)
(32 -64 15)
(32 -60 15)
(32 -56 15)
(32 -52 15)
(32 -48 15)
(32 -44 15)
(32 -40 15)
(32 -36 15)
(32 -32 15)
(32 -28 15)
(32 -24 15)
(32 -20 15)
(32 -16 15)
(32 -12 15)
(32 -8 15)
(32 -4 15)
(32 -96 20)
(32 -100 20)
(32 -92 20)
(32 -88 20)
(32 -84 20)
(32 -80 20)
(32 -76 20)
(32 -72 20)
(32 -68 20)
(32 -64 20)
(32 -60 20)
(32 -56 20)
(32 -52 20)
(32 -48 20)
(32 -44 20)
(32 -40 20)
(32 -36 20)
(32 -32 20)
(32 -28 20)
(32 -24 20)
(32 -20 20)
(32 -16 20)
(32 -12 20)
(32 -8 20)
(32 -4 20)
(32 -96 25)
(32 -100 25)
(32 -92 25)
(32 -88 25)
(32 -84 25)
(32 -80 25)
(32 -76 25)
(32 -72 25)
(32 -68 25)
(32 -64 25)
(32 -60 25)
(32 -56 25)
(32 -52 25)
(32 -48 25)
(32 -44 25)
(32 -40 25)
(32 -36 25)
(32 -32 25)
(32 -28 25)
(32 -24 25)
(32 -20 25)
(32 -16 25)
(32 -12 25)
(32 -8 25)
(32 -4 25)
(-36 -100 0)
(-36 -96 0)
(-36 -96 5)
(-36 -100 5)
(-36 -92 0)
(-36 -92 5)
(-36 -88 0)
(-36 -88 5)
(-36 -84 0)
(-36 -84 5)
(-36 -80 0)
(-36 -80 5)
(-36 -76 0)
(-36 -76 5)
(-36 -72 0)
(-36 -72 5)
(-36 -68 0)
(-36 -68 5)
(-36 -64 0)
(-36 -64 5)
(-36 -60 0)
(-36 -60 5)
(-36 -56 0)
(-36 -56 5)
(-36 -52 0)
(-36 -52 5)
(-36 -48 0)
(-36 -48 5)
(-36 -44 0)
(-36 -44 5)
(-32 -44 0)
(-32 -44 5)
(-32 -40 0)
(-32 -40 5)
(-36 -40 5)
(-32 -36 0)
(-32 -36 5)
(-36 -36 5)
(-32 -32 0)
(-32 -32 5)
(-32 -28 0)
(-32 -28 5)
(-32 -24 0)
(-32 -24 5)
(-32 -20 0)
(-32 -20 5)
(-32 -16 0)
(-32 -16 5)
(-32 -12 0)
(-32 -12 5)
(-32 -8 0)
(-32 -8 5)
(-32 -4 0)
(-32 -4 5)
(-36 -96 10)
(-36 -100 10)
(-36 -92 10)
(-36 -88 10)
(-36 -84 10)
(-36 -80 10)
(-36 -76 10)
(-36 -72 10)
(-36 -68 10)
(-36 -64 10)
(-36 -60 10)
(-36 -56 10)
(-36 -52 10)
(-36 -48 10)
(-36 -44 10)
(-36 -40 10)
(-36 -36 10)
(-32 -36 10)
(-32 -32 10)
(-36 -32 10)
(-32 -28 10)
(-32 -24 10)
(-32 -20 10)
(-32 -16 10)
(-32 -12 10)
(-32 -8 10)
(-32 -4 10)
(-36 -96 15)
(-36 -100 15)
(-36 -92 15)
(-36 -88 15)
(-36 -84 15)
(-36 -80 15)
(-36 -76 15)
(-36 -72 15)
(-36 -68 15)
(-36 -64 15)
(-36 -60 15)
(-36 -56 15)
(-36 -52 15)
(-36 -48 15)
(-36 -44 15)
(-36 -40 15)
(-36 -36 15)
(-36 -32 15)
(-32 -32 15)
(-32 -28 15)
(-36 -28 15)
(-32 -24 15)
(-32 -20 15)
(-32 -16 15)
(-32 -12 15)
(-32 -8 15)
(-32 -4 15)
(-36 -96 20)
(-36 -100 20)
(-36 -92 20)
(-36 -88 20)
(-36 -84 20)
(-36 -80 20)
(-36 -76 20)
(-36 -72 20)
(-36 -68 20)
(-36 -64 20)
(-36 -60 20)
(-36 -56 20)
(-36 -52 20)
(-36 -48 20)
(-36 -44 20)
(-36 -40 20)
(-36 -36 20)
(-36 -32 20)
(-36 -28 20)
(-32 -28 20)
(-32 -24 20)
(-36 -24 20)
(-32 -20 20)
(-32 -16 20)
(-32 -12 20)
(-32 -8 20)
(-32 -4 20)
(-36 -96 25)
(-36 -100 25)
(-36 -92 25)
(-36 -88 25)
(-36 -84 25)
(-36 -80 25)
(-36 -76 25)
(-36 -72 25)
(-36 -68 25)
(-36 -64 25)
(-36 -60 25)
(-36 -56 25)
(-36 -52 25)
(-36 -48 25)
(-36 -44 25)
(-36 -40 25)
(-36 -36 25)
(-36 -32 25)
(-36 -28 25)
(-36 -24 25)
(-32 -24 25)
(-32 -20 25)
(-32 -16 25)
(-32 -12 25)
(-32 -8 25)
(-32 -4 25)
(-100 -100 0)
(-96 -100 0)
(-92 -100 0)
(-88 -100 0)
(-84 -100 0)
(-80 -100 0)
(-76 -100 0)
(-72 -100 0)
(-68 -100 0)
(-64 -100 0)
(-60 -100 0)
(-56 -100 0)
(-52 -100 0)
(-48 -100 0)
(-44 -100 0)
(-40 -100 0)
(-100 -96 0)
(-96 -96 0)
(-92 -96 0)
(-88 -96 0)
(-84 -96 0)
(-80 -96 0)
(-76 -96 0)
(-72 -96 0)
(-68 -96 0)
(-64 -96 0)
(-60 -96 0)
(-56 -96 0)
(-52 -96 0)
(-48 -96 0)
(-44 -96 0)
(-40 -96 0)
(-100 -92 0)
(-96 -92 0)
(-92 -92 0)
(-88 -92 0)
(-84 -92 0)
(-80 -92 0)
(-76 -92 0)
(-72 -92 0)
(-68 -92 0)
(-64 -92 0)
(-60 -92 0)
(-56 -92 0)
(-52 -92 0)
(-48 -92 0)
(-44 -92 0)
(-40 -92 0)
(-100 -88 0)
(-96 -88 0)
(-92 -88 0)
(-88 -88 0)
(-84 -88 0)
(-80 -88 0)
(-76 -88 0)
(-72 -88 0)
(-68 -88 0)
(-64 -88 0)
(-60 -88 0)
(-56 -88 0)
(-52 -88 0)
(-48 -88 0)
(-44 -88 0)
(-40 -88 0)
(-100 -84 0)
(-96 -84 0)
(-92 -84 0)
(-88 -84 0)
(-84 -84 0)
(-80 -84 0)
(-76 -84 0)
(-72 -84 0)
(-68 -84 0)
(-64 -84 0)
(-60 -84 0)
(-56 -84 0)
(-52 -84 0)
(-48 -84 0)
(-44 -84 0)
(-40 -84 0)
(-100 -80 0)
(-96 -80 0)
(-92 -80 0)
(-88 -80 0)
(-84 -80 0)
(-80 -80 0)
(-76 -80 0)
(-72 -80 0)
(-68 -80 0)
(-64 -80 0)
(-60 -80 0)
(-56 -80 0)
(-52 -80 0)
(-48 -80 0)
(-44 -80 0)
(-40 -80 0)
(-100 -76 0)
(-96 -76 0)
(-92 -76 0)
(-88 -76 0)
(-84 -76 0)
(-80 -76 0)
(-76 -76 0)
(-72 -76 0)
(-68 -76 0)
(-64 -76 0)
(-60 -76 0)
(-56 -76 0)
(-52 -76 0)
(-48 -76 0)
(-44 -76 0)
(-40 -76 0)
(-100 -72 0)
(-96 -72 0)
(-92 -72 0)
(-88 -72 0)
(-84 -72 0)
(-80 -72 0)
(-76 -72 0)
(-72 -72 0)
(-68 -72 0)
(-64 -72 0)
(-60 -72 0)
(-56 -72 0)
(-52 -72 0)
(-48 -72 0)
(-44 -72 0)
(-40 -72 0)
(-100 -68 0)
(-96 -68 0)
(-92 -68 0)
(-88 -68 0)
(-84 -68 0)
(-80 -68 0)
(-76 -68 0)
(-72 -68 0)
(-68 -68 0)
(-64 -68 0)
(-60 -68 0)
(-56 -68 0)
(-52 -68 0)
(-48 -68 0)
(-44 -68 0)
(-40 -68 0)
(-100 -64 0)
(-96 -64 0)
(-92 -64 0)
(-88 -64 0)
(-84 -64 0)
(-80 -64 0)
(-76 -64 0)
(-72 -64 0)
(-68 -64 0)
(-64 -64 0)
(-60 -64 0)
(-56 -64 0)
(-52 -64 0)
(-48 -64 0)
(-44 -64 0)
(-40 -64 0)
(-100 -60 0)
(-96 -60 0)
(-92 -60 0)
(-88 -60 0)
(-84 -60 0)
(-80 -60 0)
(-76 -60 0)
(-72 -60 0)
(-68 -60 0)
(-64 -60 0)
(-60 -60 0)
(-56 -60 0)
(-52 -60 0)
(-48 -60 0)
(-44 -60 0)
(-40 -60 0)
(-100 -56 0)
(-96 -56 0)
(-92 -56 0)
(-88 -56 0)
(-84 -56 0)
(-80 -56 0)
(-76 -56 0)
(-72 -56 0)
(-68 -56 0)
(-64 -56 0)
(-60 -56 0)
(-56 -56 0)
(-52 -56 0)
(-48 -56 0)
(-44 -56 0)
(-40 -56 0)
(-100 -52 0)
(-96 -52 0)
(-92 -52 0)
(-88 -52 0)
(-84 -52 0)
(-80 -52 0)
(-76 -52 0)
(-72 -52 0)
(-68 -52 0)
(-64 -52 0)
(-60 -52 0)
(-56 -52 0)
(-52 -52 0)
(-48 -52 0)
(-44 -52 0)
(-40 -52 0)
(-100 -48 0)
(-96 -48 0)
(-92 -48 0)
(-88 -48 0)
(-84 -48 0)
(-80 -48 0)
(-76 -48 0)
(-72 -48 0)
(-68 -48 0)
(-64 -48 0)
(-60 -48 0)
(-56 -48 0)
(-52 -48 0)
(-48 -48 0)
(-44 -48 0)
(-40 -48 0)
(-100 -44 0)
(-96 -44 0)
(-92 -44 0)
(-88 -44 0)
(-84 -44 0)
(-80 -44 0)
(-76 -44 0)
(-72 -44 0)
(-68 -44 0)
(-64 -44 0)
(-60 -44 0)
(-56 -44 0)
(-52 -44 0)
(-48 -44 0)
(-44 -44 0)
(-40 -44 0)
(-100 -40 0)
(-96 -40 0)
(-92 -40 0)
(-88 -40 0)
(-84 -40 0)
(-80 -40 0)
(-76 -40 0)
(-72 -40 0)
(-68 -40 0)
(-64 -40 0)
(-60 -40 0)
(-56 -40 0)
(-52 -40 0)
(-48 -40 0)
(-44 -40 0)
(-40 -40 0)
(-36 -40 0)
(-100 -36 0)
(-96 -36 0)
(-92 -36 0)
(-88 -36 0)
(-84 -36 0)
(-80 -36 0)
(-76 -36 0)
(-72 -36 0)
(-68 -36 0)
(-64 -36 0)
(-60 -36 0)
(-56 -36 0)
(-52 -36 0)
(-48 -36 0)
(-44 -36 0)
(-40 -36 0)
(-36 -36 0)
(-100 -32 0)
(-96 -32 0)
(-92 -32 0)
(-88 -32 0)
(-84 -32 0)
(-80 -32 0)
(-76 -32 0)
(-72 -32 0)
(-68 -32 0)
(-64 -32 0)
(-60 -32 0)
(-56 -32 0)
(-52 -32 0)
(-48 -32 0)
(-44 -32 0)
(-40 -32 0)
(-36 -32 0)
(-100 -28 0)
(-96 -28 0)
(-92 -28 0)
(-88 -28 0)
(-84 -28 0)
(-80 -28 0)
(-76 -28 0)
(-72 -28 0)
(-68 -28 0)
(-64 -28 0)
(-60 -28 0)
(-56 -28 0)
(-52 -28 0)
(-48 -28 0)
(-44 -28 0)
(-40 -28 0)
(-36 -28 0)
(-100 -24 0)
(-96 -24 0)
(-92 -24 0)
(-88 -24 0)
(-84 -24 0)
(-80 -24 0)
(-76 -24 0)
(-72 -24 0)
(-68 -24 0)
(-64 -24 0)
(-60 -24 0)
(-56 -24 0)
(-52 -24 0)
(-48 -24 0)
(-44 -24 0)
(-40 -24 0)
(-36 -24 0)
(-100 -20 0)
(-96 -20 0)
(-92 -20 0)
(-88 -20 0)
(-84 -20 0)
(-80 -20 0)
(-76 -20 0)
(-72 -20 0)
(-68 -20 0)
(-64 -20 0)
(-60 -20 0)
(-56 -20 0)
(-52 -20 0)
(-48 -20 0)
(-44 -20 0)
(-40 -20 0)
(-36 -20 0)
(-100 -16 0)
(-96 -16 0)
(-92 -16 0)
(-88 -16 0)
(-84 -16 0)
(-80 -16 0)
(-76 -16 0)
(-72 -16 0)
(-68 -16 0)
(-64 -16 0)
(-60 -16 0)
(-56 -16 0)
(-52 -16 0)
(-48 -16 0)
(-44 -16 0)
(-40 -16 0)
(-36 -16 0)
(-100 -12 0)
(-96 -12 0)
(-92 -12 0)
(-88 -12 0)
(-84 -12 0)
(-80 -12 0)
(-76 -12 0)
(-72 -12 0)
(-68 -12 0)
(-64 -12 0)
(-60 -12 0)
(-56 -12 0)
(-52 -12 0)
(-48 -12 0)
(-44 -12 0)
(-40 -12 0)
(-36 -12 0)
(-100 -8 0)
(-96 -8 0)
(-92 -8 0)
(-88 -8 0)
(-84 -8 0)
(-80 -8 0)
(-76 -8 0)
(-72 -8 0)
(-68 -8 0)
(-64 -8 0)
(-60 -8 0)
(-56 -8 0)
(-52 -8 0)
(-48 -8 0)
(-44 -8 0)
(-40 -8 0)
(-36 -8 0)
(-100 -4 0)
(-96 -4 0)
(-92 -4 0)
(-88 -4 0)
(-84 -4 0)
(-80 -4 0)
(-76 -4 0)
(-72 -4 0)
(-68 -4 0)
(-64 -4 0)
(-60 -4 0)
(-56 -4 0)
(-52 -4 0)
(-48 -4 0)
(-44 -4 0)
(-40 -4 0)
(-36 -4 0)
(-100 0 0)
(-96 0 0)
(-92 0 0)
(-100 -100 5)
(-96 -100 5)
(-92 -100 5)
(-88 -100 5)
(-84 -100 5)
(-80 -100 5)
(-76 -100 5)
(-72 -100 5)
(-68 -100 5)
(-64 -100 5)
(-60 -100 5)
(-56 -100 5)
(-52 -100 5)
(-48 -100 5)
(-44 -100 5)
(-40 -100 5)
(-100 -96 5)
(-96 -96 5)
(-92 -96 5)
(-88 -96 5)
(-84 -96 5)
(-80 -96 5)
(-76 -96 5)
(-72 -96 5)
(-68 -96 5)
(-64 -96 5)
(-60 -96 5)
(-56 -96 5)
(-52 -96 5)
(-48 -96 5)
(-44 -96 5)
(-40 -96 5)
(-100 -92 5)
(-96 -92 5)
(-92 -92 5)
(-88 -92 5)
(-84 -92 5)
(-80 -92 5)
(-76 -92 5)
(-72 -92 5)
(-68 -92 5)
(-64 -92 5)
(-60 -92 5)
(-56 -92 5)
(-52 -92 5)
(-48 -92 5)
(-44 -92 5)
(-40 -92 5)
(-100 -88 5)
(-96 -88 5)
(-92 -88 5)
(-88 -88 5)
(-84 -88 5)
(-80 -88 5)
(-76 -88 5)
(-72 -88 5)
(-68 -88 5)
(-64 -88 5)
(-60 -88 5)
(-56 -88 5)
(-52 -88 5)
(-48 -88 5)
(-44 -88 5)
(-40 -88 5)
(-100 -84 5)
(-96 -84 5)
(-92 -84 5)
(-88 -84 5)
(-84 -84 5)
(-80 -84 5)
(-76 -84 5)
(-72 -84 5)
(-68 -84 5)
(-64 -84 5)
(-60 -84 5)
(-56 -84 5)
(-52 -84 5)
(-48 -84 5)
(-44 -84 5)
(-40 -84 5)
(-100 -80 5)
(-96 -80 5)
(-92 -80 5)
(-88 -80 5)
(-84 -80 5)
(-80 -80 5)
(-76 -80 5)
(-72 -80 5)
(-68 -80 5)
(-64 -80 5)
(-60 -80 5)
(-56 -80 5)
(-52 -80 5)
(-48 -80 5)
(-44 -80 5)
(-40 -80 5)
(-100 -76 5)
(-96 -76 5)
(-92 -76 5)
(-88 -76 5)
(-84 -76 5)
(-80 -76 5)
(-76 -76 5)
(-72 -76 5)
(-68 -76 5)
(-64 -76 5)
(-60 -76 5)
(-56 -76 5)
(-52 -76 5)
(-48 -76 5)
(-44 -76 5)
(-40 -76 5)
(-100 -72 5)
(-96 -72 5)
(-92 -72 5)
(-88 -72 5)
(-84 -72 5)
(-80 -72 5)
(-76 -72 5)
(-72 -72 5)
(-68 -72 5)
(-64 -72 5)
(-60 -72 5)
(-56 -72 5)
(-52 -72 5)
(-48 -72 5)
(-44 -72 5)
(-40 -72 5)
(-100 -68 5)
(-96 -68 5)
(-92 -68 5)
(-88 -68 5)
(-84 -68 5)
(-80 -68 5)
(-76 -68 5)
(-72 -68 5)
(-68 -68 5)
(-64 -68 5)
(-60 -68 5)
(-56 -68 5)
(-52 -68 5)
(-48 -68 5)
(-44 -68 5)
(-40 -68 5)
(-100 -64 5)
(-96 -64 5)
(-92 -64 5)
(-88 -64 5)
(-84 -64 5)
(-80 -64 5)
(-76 -64 5)
(-72 -64 5)
(-68 -64 5)
(-64 -64 5)
(-60 -64 5)
(-56 -64 5)
(-52 -64 5)
(-48 -64 5)
(-44 -64 5)
(-40 -64 5)
(-100 -60 5)
(-96 -60 5)
(-92 -60 5)
(-88 -60 5)
(-84 -60 5)
(-80 -60 5)
(-76 -60 5)
(-72 -60 5)
(-68 -60 5)
(-64 -60 5)
(-60 -60 5)
(-56 -60 5)
(-52 -60 5)
(-48 -60 5)
(-44 -60 5)
(-40 -60 5)
(-100 -56 5)
(-96 -56 5)
(-92 -56 5)
(-88 -56 5)
(-84 -56 5)
(-80 -56 5)
(-76 -56 5)
(-72 -56 5)
(-68 -56 5)
(-64 -56 5)
(-60 -56 5)
(-56 -56 5)
(-52 -56 5)
(-48 -56 5)
(-44 -56 5)
(-40 -56 5)
(-100 -52 5)
(-96 -52 5)
(-92 -52 5)
(-88 -52 5)
(-84 -52 5)
(-80 -52 5)
(-76 -52 5)
(-72 -52 5)
(-68 -52 5)
(-64 -52 5)
(-60 -52 5)
(-56 -52 5)
(-52 -52 5)
(-48 -52 5)
(-44 -52 5)
(-40 -52 5)
(-100 -48 5)
(-96 -48 5)
(-92 -48 5)
(-88 -48 5)
(-84 -48 5)
(-80 -48 5)
(-76 -48 5)
(-72 -48 5)
(-68 -48 5)
(-64 -48 5)
(-60 -48 5)
(-56 -48 5)
(-52 -48 5)
(-48 -48 5)
(-44 -48 5)
(-40 -48 5)
(-100 -44 5)
(-96 -44 5)
(-92 -44 5)
(-88 -44 5)
(-84 -44 5)
(-80 -44 5)
(-76 -44 5)
(-72 -44 5)
(-68 -44 5)
(-64 -44 5)
(-60 -44 5)
(-56 -44 5)
(-52 -44 5)
(-48 -44 5)
(-44 -44 5)
(-40 -44 5)
(-100 -40 5)
(-96 -40 5)
(-92 -40 5)
(-88 -40 5)
(-84 -40 5)
(-80 -40 5)
(-76 -40 5)
(-72 -40 5)
(-68 -40 5)
(-64 -40 5)
(-60 -40 5)
(-56 -40 5)
(-52 -40 5)
(-48 -40 5)
(-44 -40 5)
(-40 -40 5)
(-100 -36 5)
(-96 -36 5)
(-92 -36 5)
(-88 -36 5)
(-84 -36 5)
(-80 -36 5)
(-76 -36 5)
(-72 -36 5)
(-68 -36 5)
(-64 -36 5)
(-60 -36 5)
(-56 -36 5)
(-52 -36 5)
(-48 -36 5)
(-44 -36 5)
(-40 -36 5)
(-100 -32 5)
(-96 -32 5)
(-92 -32 5)
(-88 -32 5)
(-84 -32 5)
(-80 -32 5)
(-76 -32 5)
(-72 -32 5)
(-68 -32 5)
(-64 -32 5)
(-60 -32 5)
(-56 -32 5)
(-52 -32 5)
(-48 -32 5)
(-44 -32 5)
(-40 -32 5)
(-36 -32 5)
(-100 -28 5)
(-96 -28 5)
(-92 -28 5)
(-88 -28 5)
(-84 -28 5)
(-80 -28 5)
(-76 -28 5)
(-72 -28 5)
(-68 -28 5)
(-64 -28 5)
(-60 -28 5)
(-56 -28 5)
(-52 -28 5)
(-48 -28 5)
(-44 -28 5)
(-40 -28 5)
(-36 -28 5)
(-100 -24 5)
(-96 -24 5)
(-92 -24 5)
(-88 -24 5)
(-84 -24 5)
(-80 -24 5)
(-76 -24 5)
(-72 -24 5)
(-68 -24 5)
(-64 -24 5)
(-60 -24 5)
(-56 -24 5)
(-52 -24 5)
(-48 -24 5)
(-44 -24 5)
(-40 -24 5)
(-36 -24 5)
(-100 -20 5)
(-96 -20 5)
(-92 -20 5)
(-88 -20 5)
(-84 -20 5)
(-80 -20 5)
(-76 -20 5)
(-72 -20 5)
(-68 -20 5)
(-64 -20 5)
(-60 -20 5)
(-56 -20 5)
(-52 -20 5)
(-48 -20 5)
(-44 -20 5)
(-40 -20 5)
(-36 -20 5)
(-100 -16 5)
(-96 -16 5)
(-92 -16 5)
(-88 -16 5)
(-84 -16 5)
(-80 -16 5)
(-76 -16 5)
(-72 -16 5)
(-68 -16 5)
(-64 -16 5)
(-60 -16 5)
(-56 -16 5)
(-52 -16 5)
(-48 -16 5)
(-44 -16 5)
(-40 -16 5)
(-36 -16 5)
(-100 -12 5)
(-96 -12 5)
(-92 -12 5)
(-88 -12 5)
(-84 -12 5)
(-80 -12 5)
(-76 -12 5)
(-72 -12 5)
(-68 -12 5)
(-64 -12 5)
(-60 -12 5)
(-56 -12 5)
(-52 -12 5)
(-48 -12 5)
(-44 -12 5)
(-40 -12 5)
(-36 -12 5)
(-100 -8 5)
(-96 -8 5)
(-92 -8 5)
(-88 -8 5)
(-84 -8 5)
(-80 -8 5)
(-76 -8 5)
(-72 -8 5)
(-68 -8 5)
(-64 -8 5)
(-60 -8 5)
(-56 -8 5)
(-52 -8 5)
(-48 -8 5)
(-44 -8 5)
(-40 -8 5)
(-36 -8 5)
(-100 -4 5)
(-96 -4 5)
(-92 -4 5)
(-88 -4 5)
(-84 -4 5)
(-80 -4 5)
(-76 -4 5)
(-72 -4 5)
(-68 -4 5)
(-64 -4 5)
(-60 -4 5)
(-56 -4 5)
(-52 -4 5)
(-48 -4 5)
(-44 -4 5)
(-40 -4 5)
(-36 -4 5)
(-100 0 5)
(-96 0 5)
(-92 0 5)
(-100 -100 10)
(-96 -100 10)
(-92 -100 10)
(-88 -100 10)
(-84 -100 10)
(-80 -100 10)
(-76 -100 10)
(-72 -100 10)
(-68 -100 10)
(-64 -100 10)
(-60 -100 10)
(-56 -100 10)
(-52 -100 10)
(-48 -100 10)
(-44 -100 10)
(-40 -100 10)
(-100 -96 10)
(-96 -96 10)
(-92 -96 10)
(-88 -96 10)
(-84 -96 10)
(-80 -96 10)
(-76 -96 10)
(-72 -96 10)
(-68 -96 10)
(-64 -96 10)
(-60 -96 10)
(-56 -96 10)
(-52 -96 10)
(-48 -96 10)
(-44 -96 10)
(-40 -96 10)
(-100 -92 10)
(-96 -92 10)
(-92 -92 10)
(-88 -92 10)
(-84 -92 10)
(-80 -92 10)
(-76 -92 10)
(-72 -92 10)
(-68 -92 10)
(-64 -92 10)
(-60 -92 10)
(-56 -92 10)
(-52 -92 10)
(-48 -92 10)
(-44 -92 10)
(-40 -92 10)
(-100 -88 10)
(-96 -88 10)
(-92 -88 10)
(-88 -88 10)
(-84 -88 10)
(-80 -88 10)
(-76 -88 10)
(-72 -88 10)
(-68 -88 10)
(-64 -88 10)
(-60 -88 10)
(-56 -88 10)
(-52 -88 10)
(-48 -88 10)
(-44 -88 10)
(-40 -88 10)
(-100 -84 10)
(-96 -84 10)
(-92 -84 10)
(-88 -84 10)
(-84 -84 10)
(-80 -84 10)
(-76 -84 10)
(-72 -84 10)
(-68 -84 10)
(-64 -84 10)
(-60 -84 10)
(-56 -84 10)
(-52 -84 10)
(-48 -84 10)
(-44 -84 10)
(-40 -84 10)
(-100 -80 10)
(-96 -80 10)
(-92 -80 10)
(-88 -80 10)
(-84 -80 10)
(-80 -80 10)
(-76 -80 10)
(-72 -80 10)
(-68 -80 10)
(-64 -80 10)
(-60 -80 10)
(-56 -80 10)
(-52 -80 10)
(-48 -80 10)
(-44 -80 10)
(-40 -80 10)
(-100 -76 10)
(-96 -76 10)
(-92 -76 10)
(-88 -76 10)
(-84 -76 10)
(-80 -76 10)
(-76 -76 10)
(-72 -76 10)
(-68 -76 10)
(-64 -76 10)
(-60 -76 10)
(-56 -76 10)
(-52 -76 10)
(-48 -76 10)
(-44 -76 10)
(-40 -76 10)
(-100 -72 10)
(-96 -72 10)
(-92 -72 10)
(-88 -72 10)
(-84 -72 10)
(-80 -72 10)
(-76 -72 10)
(-72 -72 10)
(-68 -72 10)
(-64 -72 10)
(-60 -72 10)
(-56 -72 10)
(-52 -72 10)
(-48 -72 10)
(-44 -72 10)
(-40 -72 10)
(-100 -68 10)
(-96 -68 10)
(-92 -68 10)
(-88 -68 10)
(-84 -68 10)
(-80 -68 10)
(-76 -68 10)
(-72 -68 10)
(-68 -68 10)
(-64 -68 10)
(-60 -68 10)
(-56 -68 10)
(-52 -68 10)
(-48 -68 10)
(-44 -68 10)
(-40 -68 10)
(-100 -64 10)
(-96 -64 10)
(-92 -64 10)
(-88 -64 10)
(-84 -64 10)
(-80 -64 10)
(-76 -64 10)
(-72 -64 10)
(-68 -64 10)
(-64 -64 10)
(-60 -64 10)
(-56 -64 10)
(-52 -64 10)
(-48 -64 10)
(-44 -64 10)
(-40 -64 10)
(-100 -60 10)
(-96 -60 10)
(-92 -60 10)
(-88 -60 10)
(-84 -60 10)
(-80 -60 10)
(-76 -60 10)
(-72 -60 10)
(-68 -60 10)
(-64 -60 10)
(-60 -60 10)
(-56 -60 10)
(-52 -60 10)
(-48 -60 10)
(-44 -60 10)
(-40 -60 10)
(-100 -56 10)
(-96 -56 10)
(-92 -56 10)
(-88 -56 10)
(-84 -56 10)
(-80 -56 10)
(-76 -56 10)
(-72 -56 10)
(-68 -56 10)
(-64 -56 10)
(-60 -56 10)
(-56 -56 10)
(-52 -56 10)
(-48 -56 10)
(-44 -56 10)
(-40 -56 10)
(-100 -52 10)
(-96 -52 10)
(-92 -52 10)
(-88 -52 10)
(-84 -52 10)
(-80 -52 10)
(-76 -52 10)
(-72 -52 10)
(-68 -52 10)
(-64 -52 10)
(-60 -52 10)
(-56 -52 10)
(-52 -52 10)
(-48 -52 10)
(-44 -52 10)
(-40 -52 10)
(-100 -48 10)
(-96 -48 10)
(-92 -48 10)
(-88 -48 10)
(-84 -48 10)
(-80 -48 10)
(-76 -48 10)
(-72 -48 10)
(-68 -48 10)
(-64 -48 10)
(-60 -48 10)
(-56 -48 10)
(-52 -48 10)
(-48 -48 10)
(-44 -48 10)
(-40 -48 10)
(-100 -44 10)
(-96 -44 10)
(-92 -44 10)
(-88 -44 10)
(-84 -44 10)
(-80 -44 10)
(-76 -44 10)
(-72 -44 10)
(-68 -44 10)
(-64 -44 10)
(-60 -44 10)
(-56 -44 10)
(-52 -44 10)
(-48 -44 10)
(-44 -44 10)
(-40 -44 10)
(-100 -40 10)
(-96 -40 10)
(-92 -40 10)
(-88 -40 10)
(-84 -40 10)
(-80 -40 10)
(-76 -40 10)
(-72 -40 10)
(-68 -40 10)
(-64 -40 10)
(-60 -40 10)
(-56 -40 10)
(-52 -40 10)
(-48 -40 10)
(-44 -40 10)
(-40 -40 10)
(-100 -36 10)
(-96 -36 10)
(-92 -36 10)
(-88 -36 10)
(-84 -36 10)
(-80 -36 10)
(-76 -36 10)
(-72 -36 10)
(-68 -36 10)
(-64 -36 10)
(-60 -36 10)
(-56 -36 10)
(-52 -36 10)
(-48 -36 10)
(-44 -36 10)
(-40 -36 10)
(-100 -32 10)
(-96 -32 10)
(-92 -32 10)
(-88 -32 10)
(-84 -32 10)
(-80 -32 10)
(-76 -32 10)
(-72 -32 10)
(-68 -32 10)
(-64 -32 10)
(-60 -32 10)
(-56 -32 10)
(-52 -32 10)
(-48 -32 10)
(-44 -32 10)
(-40 -32 10)
(-100 -28 10)
(-96 -28 10)
(-92 -28 10)
(-88 -28 10)
(-84 -28 10)
(-80 -28 10)
(-76 -28 10)
(-72 -28 10)
(-68 -28 10)
(-64 -28 10)
(-60 -28 10)
(-56 -28 10)
(-52 -28 10)
(-48 -28 10)
(-44 -28 10)
(-40 -28 10)
(-36 -28 10)
(-100 -24 10)
(-96 -24 10)
(-92 -24 10)
(-88 -24 10)
(-84 -24 10)
(-80 -24 10)
(-76 -24 10)
(-72 -24 10)
(-68 -24 10)
(-64 -24 10)
(-60 -24 10)
(-56 -24 10)
(-52 -24 10)
(-48 -24 10)
(-44 -24 10)
(-40 -24 10)
(-36 -24 10)
(-100 -20 10)
(-96 -20 10)
(-92 -20 10)
(-88 -20 10)
(-84 -20 10)
(-80 -20 10)
(-76 -20 10)
(-72 -20 10)
(-68 -20 10)
(-64 -20 10)
(-60 -20 10)
(-56 -20 10)
(-52 -20 10)
(-48 -20 10)
(-44 -20 10)
(-40 -20 10)
(-36 -20 10)
(-100 -16 10)
(-96 -16 10)
(-92 -16 10)
(-88 -16 10)
(-84 -16 10)
(-80 -16 10)
(-76 -16 10)
(-72 -16 10)
(-68 -16 10)
(-64 -16 10)
(-60 -16 10)
(-56 -16 10)
(-52 -16 10)
(-48 -16 10)
(-44 -16 10)
(-40 -16 10)
(-36 -16 10)
(-100 -12 10)
(-96 -12 10)
(-92 -12 10)
(-88 -12 10)
(-84 -12 10)
(-80 -12 10)
(-76 -12 10)
(-72 -12 10)
(-68 -12 10)
(-64 -12 10)
(-60 -12 10)
(-56 -12 10)
(-52 -12 10)
(-48 -12 10)
(-44 -12 10)
(-40 -12 10)
(-36 -12 10)
(-100 -8 10)
(-96 -8 10)
(-92 -8 10)
(-88 -8 10)
(-84 -8 10)
(-80 -8 10)
(-76 -8 10)
(-72 -8 10)
(-68 -8 10)
(-64 -8 10)
(-60 -8 10)
(-56 -8 10)
(-52 -8 10)
(-48 -8 10)
(-44 -8 10)
(-40 -8 10)
(-36 -8 10)
(-100 -4 10)
(-96 -4 10)
(-92 -4 10)
(-88 -4 10)
(-84 -4 10)
(-80 -4 10)
(-76 -4 10)
(-72 -4 10)
(-68 -4 10)
(-64 -4 10)
(-60 -4 10)
(-56 -4 10)
(-52 -4 10)
(-48 -4 10)
(-44 -4 10)
(-40 -4 10)
(-36 -4 10)
(-100 0 10)
(-96 0 10)
(-92 0 10)
(-88 0 10)
(-84 0 10)
(-80 0 10)
(-100 -100 15)
(-96 -100 15)
(-92 -100 15)
(-88 -100 15)
(-84 -100 15)
(-80 -100 15)
(-76 -100 15)
(-72 -100 15)
(-68 -100 15)
(-64 -100 15)
(-60 -100 15)
(-56 -100 15)
(-52 -100 15)
(-48 -100 15)
(-44 -100 15)
(-40 -100 15)
(-100 -96 15)
(-96 -96 15)
(-92 -96 15)
(-88 -96 15)
(-84 -96 15)
(-80 -96 15)
(-76 -96 15)
(-72 -96 15)
(-68 -96 15)
(-64 -96 15)
(-60 -96 15)
(-56 -96 15)
(-52 -96 15)
(-48 -96 15)
(-44 -96 15)
(-40 -96 15)
(-100 -92 15)
(-96 -92 15)
(-92 -92 15)
(-88 -92 15)
(-84 -92 15)
(-80 -92 15)
(-76 -92 15)
(-72 -92 15)
(-68 -92 15)
(-64 -92 15)
(-60 -92 15)
(-56 -92 15)
(-52 -92 15)
(-48 -92 15)
(-44 -92 15)
(-40 -92 15)
(-100 -88 15)
(-96 -88 15)
(-92 -88 15)
(-88 -88 15)
(-84 -88 15)
(-80 -88 15)
(-76 -88 15)
(-72 -88 15)
(-68 -88 15)
(-64 -88 15)
(-60 -88 15)
(-56 -88 15)
(-52 -88 15)
(-48 -88 15)
(-44 -88 15)
(-40 -88 15)
(-100 -84 15)
(-96 -84 15)
(-92 -84 15)
(-88 -84 15)
(-84 -84 15)
(-80 -84 15)
(-76 -84 15)
(-72 -84 15)
(-68 -84 15)
(-64 -84 15)
(-60 -84 15)
(-56 -84 15)
(-52 -84 15)
(-48 -84 15)
(-44 -84 15)
(-40 -84 15)
(-100 -80 15)
(-96 -80 15)
(-92 -80 15)
(-88 -80 15)
(-84 -80 15)
(-80 -80 15)
(-76 -80 15)
(-72 -80 15)
(-68 -80 15)
(-64 -80 15)
(-60 -80 15)
(-56 -80 15)
(-52 -80 15)
(-48 -80 15)
(-44 -80 15)
(-40 -80 15)
(-100 -76 15)
(-96 -76 15)
(-92 -76 15)
(-88 -76 15)
(-84 -76 15)
(-80 -76 15)
(-76 -76 15)
(-72 -76 15)
(-68 -76 15)
(-64 -76 15)
(-60 -76 15)
(-56 -76 15)
(-52 -76 15)
(-48 -76 15)
(-44 -76 15)
(-40 -76 15)
(-100 -72 15)
(-96 -72 15)
(-92 -72 15)
(-88 -72 15)
(-84 -72 15)
(-80 -72 15)
(-76 -72 15)
(-72 -72 15)
(-68 -72 15)
(-64 -72 15)
(-60 -72 15)
(-56 -72 15)
(-52 -72 15)
(-48 -72 15)
(-44 -72 15)
(-40 -72 15)
(-100 -68 15)
(-96 -68 15)
(-92 -68 15)
(-88 -68 15)
(-84 -68 15)
(-80 -68 15)
(-76 -68 15)
(-72 -68 15)
(-68 -68 15)
(-64 -68 15)
(-60 -68 15)
(-56 -68 15)
(-52 -68 15)
(-48 -68 15)
(-44 -68 15)
(-40 -68 15)
(-100 -64 15)
(-96 -64 15)
(-92 -64 15)
(-88 -64 15)
(-84 -64 15)
(-80 -64 15)
(-76 -64 15)
(-72 -64 15)
(-68 -64 15)
(-64 -64 15)
(-60 -64 15)
(-56 -64 15)
(-52 -64 15)
(-48 -64 15)
(-44 -64 15)
(-40 -64 15)
(-100 -60 15)
(-96 -60 15)
(-92 -60 15)
(-88 -60 15)
(-84 -60 15)
(-80 -60 15)
(-76 -60 15)
(-72 -60 15)
(-68 -60 15)
(-64 -60 15)
(-60 -60 15)
(-56 -60 15)
(-52 -60 15)
(-48 -60 15)
(-44 -60 15)
(-40 -60 15)
(-100 -56 15)
(-96 -56 15)
(-92 -56 15)
(-88 -56 15)
(-84 -56 15)
(-80 -56 15)
(-76 -56 15)
(-72 -56 15)
(-68 -56 15)
(-64 -56 15)
(-60 -56 15)
(-56 -56 15)
(-52 -56 15)
(-48 -56 15)
(-44 -56 15)
(-40 -56 15)
(-100 -52 15)
(-96 -52 15)
(-92 -52 15)
(-88 -52 15)
(-84 -52 15)
(-80 -52 15)
(-76 -52 15)
(-72 -52 15)
(-68 -52 15)
(-64 -52 15)
(-60 -52 15)
(-56 -52 15)
(-52 -52 15)
(-48 -52 15)
(-44 -52 15)
(-40 -52 15)
(-100 -48 15)
(-96 -48 15)
(-92 -48 15)
(-88 -48 15)
(-84 -48 15)
(-80 -48 15)
(-76 -48 15)
(-72 -48 15)
(-68 -48 15)
(-64 -48 15)
(-60 -48 15)
(-56 -48 15)
(-52 -48 15)
(-48 -48 15)
(-44 -48 15)
(-40 -48 15)
(-100 -44 15)
(-96 -44 15)
(-92 -44 15)
(-88 -44 15)
(-84 -44 15)
(-80 -44 15)
(-76 -44 15)
(-72 -44 15)
(-68 -44 15)
(-64 -44 15)
(-60 -44 15)
(-56 -44 15)
(-52 -44 15)
(-48 -44 15)
(-44 -44 15)
(-40 -44 15)
(-100 -40 15)
(-96 -40 15)
(-92 -40 15)
(-88 -40 15)
(-84 -40 15)
(-80 -40 15)
(-76 -40 15)
(-72 -40 15)
(-68 -40 15)
(-64 -40 15)
(-60 -40 15)
(-56 -40 15)
(-52 -40 15)
(-48 -40 15)
(-44 -40 15)
(-40 -40 15)
(-100 -36 15)
(-96 -36 15)
(-92 -36 15)
(-88 -36 15)
(-84 -36 15)
(-80 -36 15)
(-76 -36 15)
(-72 -36 15)
(-68 -36 15)
(-64 -36 15)
(-60 -36 15)
(-56 -36 15)
(-52 -36 15)
(-48 -36 15)
(-44 -36 15)
(-40 -36 15)
(-100 -32 15)
(-96 -32 15)
(-92 -32 15)
(-88 -32 15)
(-84 -32 15)
(-80 -32 15)
(-76 -32 15)
(-72 -32 15)
(-68 -32 15)
(-64 -32 15)
(-60 -32 15)
(-56 -32 15)
(-52 -32 15)
(-48 -32 15)
(-44 -32 15)
(-40 -32 15)
(-100 -28 15)
(-96 -28 15)
(-92 -28 15)
(-88 -28 15)
(-84 -28 15)
(-80 -28 15)
(-76 -28 15)
(-72 -28 15)
(-68 -28 15)
(-64 -28 15)
(-60 -28 15)
(-56 -28 15)
(-52 -28 15)
(-48 -28 15)
(-44 -28 15)
(-40 -28 15)
(-100 -24 15)
(-96 -24 15)
(-92 -24 15)
(-88 -24 15)
(-84 -24 15)
(-80 -24 15)
(-76 -24 15)
(-72 -24 15)
(-68 -24 15)
(-64 -24 15)
(-60 -24 15)
(-56 -24 15)
(-52 -24 15)
(-48 -24 15)
(-44 -24 15)
(-40 -24 15)
(-36 -24 15)
(-100 -20 15)
(-96 -20 15)
(-92 -20 15)
(-88 -20 15)
(-84 -20 15)
(-80 -20 15)
(-76 -20 15)
(-72 -20 15)
(-68 -20 15)
(-64 -20 15)
(-60 -20 15)
(-56 -20 15)
(-52 -20 15)
(-48 -20 15)
(-44 -20 15)
(-40 -20 15)
(-36 -20 15)
(-100 -16 15)
(-96 -16 15)
(-92 -16 15)
(-88 -16 15)
(-84 -16 15)
(-80 -16 15)
(-76 -16 15)
(-72 -16 15)
(-68 -16 15)
(-64 -16 15)
(-60 -16 15)
(-56 -16 15)
(-52 -16 15)
(-48 -16 15)
(-44 -16 15)
(-40 -16 15)
(-36 -16 15)
(-100 -12 15)
(-96 -12 15)
(-92 -12 15)
(-88 -12 15)
(-84 -12 15)
(-80 -12 15)
(-76 -12 15)
(-72 -12 15)
(-68 -12 15)
(-64 -12 15)
(-60 -12 15)
(-56 -12 15)
(-52 -12 15)
(-48 -12 15)
(-44 -12 15)
(-40 -12 15)
(-36 -12 15)
(-100 -8 15)
(-96 -8 15)
(-92 -8 15)
(-88 -8 15)
(-84 -8 15)
(-80 -8 15)
(-76 -8 15)
(-72 -8 15)
(-68 -8 15)
(-64 -8 15)
(-60 -8 15)
(-56 -8 15)
(-52 -8 15)
(-48 -8 15)
(-44 -8 15)
(-40 -8 15)
(-36 -8 15)
(-100 -4 15)
(-96 -4 15)
(-92 -4 15)
(-88 -4 15)
(-84 -4 15)
(-80 -4 15)
(-76 -4 15)
(-72 -4 15)
(-68 -4 15)
(-64 -4 15)
(-60 -4 15)
(-56 -4 15)
(-52 -4 15)
(-48 -4 15)
(-44 -4 15)
(-40 -4 15)
(-36 -4 15)
(-100 0 15)
(-96 0 15)
(-92 0 15)
(-88 0 15)
(-84 0 15)
(-80 0 15)
(-76 0 15)
(-72 0 15)
(-100 -100 20)
(-96 -100 20)
(-92 -100 20)
(-88 -100 20)
(-84 -100 20)
(-80 -100 20)
(-76 -100 20)
(-72 -100 20)
(-68 -100 20)
(-64 -100 20)
(-60 -100 20)
(-56 -100 20)
(-52 -100 20)
(-48 -100 20)
(-44 -100 20)
(-40 -100 20)
(-100 -96 20)
(-96 -96 20)
(-92 -96 20)
(-88 -96 20)
(-84 -96 20)
(-80 -96 20)
(-76 -96 20)
(-72 -96 20)
(-68 -96 20)
(-64 -96 20)
(-60 -96 20)
(-56 -96 20)
(-52 -96 20)
(-48 -96 20)
(-44 -96 20)
(-40 -96 20)
(-100 -92 20)
(-96 -92 20)
(-92 -92 20)
(-88 -92 20)
(-84 -92 20)
(-80 -92 20)
(-76 -92 20)
(-72 -92 20)
(-68 -92 20)
(-64 -92 20)
(-60 -92 20)
(-56 -92 20)
(-52 -92 20)
(-48 -92 20)
(-44 -92 20)
(-40 -92 20)
(-100 -88 20)
(-96 -88 20)
(-92 -88 20)
(-88 -88 20)
(-84 -88 20)
(-80 -88 20)
(-76 -88 20)
(-72 -88 20)
(-68 -88 20)
(-64 -88 20)
(-60 -88 20)
(-56 -88 20)
(-52 -88 20)
(-48 -88 20)
(-44 -88 20)
(-40 -88 20)
(-100 -84 20)
(-96 -84 20)
(-92 -84 20)
(-88 -84 20)
(-84 -84 20)
(-80 -84 20)
(-76 -84 20)
(-72 -84 20)
(-68 -84 20)
(-64 -84 20)
(-60 -84 20)
(-56 -84 20)
(-52 -84 20)
(-48 -84 20)
(-44 -84 20)
(-40 -84 20)
(-100 -80 20)
(-96 -80 20)
(-92 -80 20)
(-88 -80 20)
(-84 -80 20)
(-80 -80 20)
(-76 -80 20)
(-72 -80 20)
(-68 -80 20)
(-64 -80 20)
(-60 -80 20)
(-56 -80 20)
(-52 -80 20)
(-48 -80 20)
(-44 -80 20)
(-40 -80 20)
(-100 -76 20)
(-96 -76 20)
(-92 -76 20)
(-88 -76 20)
(-84 -76 20)
(-80 -76 20)
(-76 -76 20)
(-72 -76 20)
(-68 -76 20)
(-64 -76 20)
(-60 -76 20)
(-56 -76 20)
(-52 -76 20)
(-48 -76 20)
(-44 -76 20)
(-40 -76 20)
(-100 -72 20)
(-96 -72 20)
(-92 -72 20)
(-88 -72 20)
(-84 -72 20)
(-80 -72 20)
(-76 -72 20)
(-72 -72 20)
(-68 -72 20)
(-64 -72 20)
(-60 -72 20)
(-56 -72 20)
(-52 -72 20)
(-48 -72 20)
(-44 -72 20)
(-40 -72 20)
(-100 -68 20)
(-96 -68 20)
(-92 -68 20)
(-88 -68 20)
(-84 -68 20)
(-80 -68 20)
(-76 -68 20)
(-72 -68 20)
(-68 -68 20)
(-64 -68 20)
(-60 -68 20)
(-56 -68 20)
(-52 -68 20)
(-48 -68 20)
(-44 -68 20)
(-40 -68 20)
(-100 -64 20)
(-96 -64 20)
(-92 -64 20)
(-88 -64 20)
(-84 -64 20)
(-80 -64 20)
(-76 -64 20)
(-72 -64 20)
(-68 -64 20)
(-64 -64 20)
(-60 -64 20)
(-56 -64 20)
(-52 -64 20)
(-48 -64 20)
(-44 -64 20)
(-40 -64 20)
(-100 -60 20)
(-96 -60 20)
(-92 -60 20)
(-88 -60 20)
(-84 -60 20)
(-80 -60 20)
(-76 -60 20)
(-72 -60 20)
(-68 -60 20)
(-64 -60 20)
(-60 -60 20)
(-56 -60 20)
(-52 -60 20)
(-48 -60 20)
(-44 -60 20)
(-40 -60 20)
(-100 -56 20)
(-96 -56 20)
(-92 -56 20)
(-88 -56 20)
(-84 -56 20)
(-80 -56 20)
(-76 -56 20)
(-72 -56 20)
(-68 -56 20)
(-64 -56 20)
(-60 -56 20)
(-56 -56 20)
(-52 -56 20)
(-48 -56 20)
(-44 -56 20)
(-40 -56 20)
(-100 -52 20)
(-96 -52 20)
(-92 -52 20)
(-88 -52 20)
(-84 -52 20)
(-80 -52 20)
(-76 -52 20)
(-72 -52 20)
(-68 -52 20)
(-64 -52 20)
(-60 -52 20)
(-56 -52 20)
(-52 -52 20)
(-48 -52 20)
(-44 -52 20)
(-40 -52 20)
(-100 -48 20)
(-96 -48 20)
(-92 -48 20)
(-88 -48 20)
(-84 -48 20)
(-80 -48 20)
(-76 -48 20)
(-72 -48 20)
(-68 -48 20)
(-64 -48 20)
(-60 -48 20)
(-56 -48 20)
(-52 -48 20)
(-48 -48 20)
(-44 -48 20)
(-40 -48 20)
(-100 -44 20)
(-96 -44 20)
(-92 -44 20)
(-88 -44 20)
(-84 -44 20)
(-80 -44 20)
(-76 -44 20)
(-72 -44 20)
(-68 -44 20)
(-64 -44 20)
(-60 -44 20)
(-56 -44 20)
(-52 -44 20)
(-48 -44 20)
(-44 -44 20)
(-40 -44 20)
(-100 -40 20)
(-96 -40 20)
(-92 -40 20)
(-88 -40 20)
(-84 -40 20)
(-80 -40 20)
(-76 -40 20)
(-72 -40 20)
(-68 -40 20)
(-64 -40 20)
(-60 -40 20)
(-56 -40 20)
(-52 -40 20)
(-48 -40 20)
(-44 -40 20)
(-40 -40 20)
(-100 -36 20)
(-96 -36 20)
(-92 -36 20)
(-88 -36 20)
(-84 -36 20)
(-80 -36 20)
(-76 -36 20)
(-72 -36 20)
(-68 -36 20)
(-64 -36 20)
(-60 -36 20)
(-56 -36 20)
(-52 -36 20)
(-48 -36 20)
(-44 -36 20)
(-40 -36 20)
(-100 -32 20)
(-96 -32 20)
(-92 -32 20)
(-88 -32 20)
(-84 -32 20)
(-80 -32 20)
(-76 -32 20)
(-72 -32 20)
(-68 -32 20)
(-64 -32 20)
(-60 -32 20)
(-56 -32 20)
(-52 -32 20)
(-48 -32 20)
(-44 -32 20)
(-40 -32 20)
(-100 -28 20)
(-96 -28 20)
(-92 -28 20)
(-88 -28 20)
(-84 -28 20)
(-80 -28 20)
(-76 -28 20)
(-72 -28 20)
(-68 -28 20)
(-64 -28 20)
(-60 -28 20)
(-56 -28 20)
(-52 -28 20)
(-48 -28 20)
(-44 -28 20)
(-40 -28 20)
(-100 -24 20)
(-96 -24 20)
(-92 -24 20)
(-88 -24 20)
(-84 -24 20)
(-80 -24 20)
(-76 -24 20)
(-72 -24 20)
(-68 -24 20)
(-64 -24 20)
(-60 -24 20)
(-56 -24 20)
(-52 -24 20)
(-48 -24 20)
(-44 -24 20)
(-40 -24 20)
(-100 -20 20)
(-96 -20 20)
(-92 -20 20)
(-88 -20 20)
(-84 -20 20)
(-80 -20 20)
(-76 -20 20)
(-72 -20 20)
(-68 -20 20)
(-64 -20 20)
(-60 -20 20)
(-56 -20 20)
(-52 -20 20)
(-48 -20 20)
(-44 -20 20)
(-40 -20 20)
(-36 -20 20)
(-100 -16 20)
(-96 -16 20)
(-92 -16 20)
(-88 -16 20)
(-84 -16 20)
(-80 -16 20)
(-76 -16 20)
(-72 -16 20)
(-68 -16 20)
(-64 -16 20)
(-60 -16 20)
(-56 -16 20)
(-52 -16 20)
(-48 -16 20)
(-44 -16 20)
(-40 -16 20)
(-36 -16 20)
(-100 -12 20)
(-96 -12 20)
(-92 -12 20)
(-88 -12 20)
(-84 -12 20)
(-80 -12 20)
(-76 -12 20)
(-72 -12 20)
(-68 -12 20)
(-64 -12 20)
(-60 -12 20)
(-56 -12 20)
(-52 -12 20)
(-48 -12 20)
(-44 -12 20)
(-40 -12 20)
(-36 -12 20)
(-100 -8 20)
(-96 -8 20)
(-92 -8 20)
(-88 -8 20)
(-84 -8 20)
(-80 -8 20)
(-76 -8 20)
(-72 -8 20)
(-68 -8 20)
(-64 -8 20)
(-60 -8 20)
(-56 -8 20)
(-52 -8 20)
(-48 -8 20)
(-44 -8 20)
(-40 -8 20)
(-36 -8 20)
(-100 -4 20)
(-96 -4 20)
(-92 -4 20)
(-88 -4 20)
(-84 -4 20)
(-80 -4 20)
(-76 -4 20)
(-72 -4 20)
(-68 -4 20)
(-64 -4 20)
(-60 -4 20)
(-56 -4 20)
(-52 -4 20)
(-48 -4 20)
(-44 -4 20)
(-40 -4 20)
(-36 -4 20)
(-100 0 20)
(-96 0 20)
(-92 0 20)
(-88 0 20)
(-84 0 20)
(-80 0 20)
(-76 0 20)
(-72 0 20)
(-68 0 20)
(-64 0 20)
(-60 0 20)
(-100 -100 25)
(-96 -100 25)
(-92 -100 25)
(-88 -100 25)
(-84 -100 25)
(-80 -100 25)
(-76 -100 25)
(-72 -100 25)
(-68 -100 25)
(-64 -100 25)
(-60 -100 25)
(-56 -100 25)
(-52 -100 25)
(-48 -100 25)
(-44 -100 25)
(-40 -100 25)
(-100 -96 25)
(-96 -96 25)
(-92 -96 25)
(-88 -96 25)
(-84 -96 25)
(-80 -96 25)
(-76 -96 25)
(-72 -96 25)
(-68 -96 25)
(-64 -96 25)
(-60 -96 25)
(-56 -96 25)
(-52 -96 25)
(-48 -96 25)
(-44 -96 25)
(-40 -96 25)
(-100 -92 25)
(-96 -92 25)
(-92 -92 25)
(-88 -92 25)
(-84 -92 25)
(-80 -92 25)
(-76 -92 25)
(-72 -92 25)
(-68 -92 25)
(-64 -92 25)
(-60 -92 25)
(-56 -92 25)
(-52 -92 25)
(-48 -92 25)
(-44 -92 25)
(-40 -92 25)
(-100 -88 25)
(-96 -88 25)
(-92 -88 25)
(-88 -88 25)
(-84 -88 25)
(-80 -88 25)
(-76 -88 25)
(-72 -88 25)
(-68 -88 25)
(-64 -88 25)
(-60 -88 25)
(-56 -88 25)
(-52 -88 25)
(-48 -88 25)
(-44 -88 25)
(-40 -88 25)
(-100 -84 25)
(-96 -84 25)
(-92 -84 25)
(-88 -84 25)
(-84 -84 25)
(-80 -84 25)
(-76 -84 25)
(-72 -84 25)
(-68 -84 25)
(-64 -84 25)
(-60 -84 25)
(-56 -84 25)
(-52 -84 25)
(-48 -84 25)
(-44 -84 25)
(-40 -84 25)
(-100 -80 25)
(-96 -80 25)
(-92 -80 25)
(-88 -80 25)
(-84 -80 25)
(-80 -80 25)
(-76 -80 25)
(-72 -80 25)
(-68 -80 25)
(-64 -80 25)
(-60 -80 25)
(-56 -80 25)
(-52 -80 25)
(-48 -80 25)
(-44 -80 25)
(-40 -80 25)
(-100 -76 25)
(-96 -76 25)
(-92 -76 25)
(-88 -76 25)
(-84 -76 25)
(-80 -76 25)
(-76 -76 25)
(-72 -76 25)
(-68 -76 25)
(-64 -76 25)
(-60 -76 25)
(-56 -76 25)
(-52 -76 25)
(-48 -76 25)
(-44 -76 25)
(-40 -76 25)
(-100 -72 25)
(-96 -72 25)
(-92 -72 25)
(-88 -72 25)
(-84 -72 25)
(-80 -72 25)
(-76 -72 25)
(-72 -72 25)
(-68 -72 25)
(-64 -72 25)
(-60 -72 25)
(-56 -72 25)
(-52 -72 25)
(-48 -72 25)
(-44 -72 25)
(-40 -72 25)
(-100 -68 25)
(-96 -68 25)
(-92 -68 25)
(-88 -68 25)
(-84 -68 25)
(-80 -68 25)
(-76 -68 25)
(-72 -68 25)
(-68 -68 25)
(-64 -68 25)
(-60 -68 25)
(-56 -68 25)
(-52 -68 25)
(-48 -68 25)
(-44 -68 25)
(-40 -68 25)
(-100 -64 25)
(-96 -64 25)
(-92 -64 25)
(-88 -64 25)
(-84 -64 25)
(-80 -64 25)
(-76 -64 25)
(-72 -64 25)
(-68 -64 25)
(-64 -64 25)
(-60 -64 25)
(-56 -64 25)
(-52 -64 25)
(-48 -64 25)
(-44 -64 25)
(-40 -64 25)
(-100 -60 25)
(-96 -60 25)
(-92 -60 25)
(-88 -60 25)
(-84 -60 25)
(-80 -60 25)
(-76 -60 25)
(-72 -60 25)
(-68 -60 25)
(-64 -60 25)
(-60 -60 25)
(-56 -60 25)
(-52 -60 25)
(-48 -60 25)
(-44 -60 25)
(-40 -60 25)
(-100 -56 25)
(-96 -56 25)
(-92 -56 25)
(-88 -56 25)
(-84 -56 25)
(-80 -56 25)
(-76 -56 25)
(-72 -56 25)
(-68 -56 25)
(-64 -56 25)
(-60 -56 25)
(-56 -56 25)
(-52 -56 25)
(-48 -56 25)
(-44 -56 25)
(-40 -56 25)
(-100 -52 25)
(-96 -52 25)
(-92 -52 25)
(-88 -52 25)
(-84 -52 25)
(-80 -52 25)
(-76 -52 25)
(-72 -52 25)
(-68 -52 25)
(-64 -52 25)
(-60 -52 25)
(-56 -52 25)
(-52 -52 25)
(-48 -52 25)
(-44 -52 25)
(-40 -52 25)
(-100 -48 25)
(-96 -48 25)
(-92 -48 25)
(-88 -48 25)
(-84 -48 25)
(-80 -48 25)
(-76 -48 25)
(-72 -48 25)
(-68 -48 25)
(-64 -48 25)
(-60 -48 25)
(-56 -48 25)
(-52 -48 25)
(-48 -48 25)
(-44 -48 25)
(-40 -48 25)
(-100 -44 25)
(-96 -44 25)
(-92 -44 25)
(-88 -44 25)
(-84 -44 25)
(-80 -44 25)
(-76 -44 25)
(-72 -44 25)
(-68 -44 25)
(-64 -44 25)
(-60 -44 25)
(-56 -44 25)
(-52 -44 25)
(-48 -44 25)
(-44 -44 25)
(-40 -44 25)
(-100 -40 25)
(-96 -40 25)
(-92 -40 25)
(-88 -40 25)
(-84 -40 25)
(-80 -40 25)
(-76 -40 25)
(-72 -40 25)
(-68 -40 25)
(-64 -40 25)
(-60 -40 25)
(-56 -40 25)
(-52 -40 25)
(-48 -40 25)
(-44 -40 25)
(-40 -40 25)
(-100 -36 25)
(-96 -36 25)
(-92 -36 25)
(-88 -36 25)
(-84 -36 25)
(-80 -36 25)
(-76 -36 25)
(-72 -36 25)
(-68 -36 25)
(-64 -36 25)
(-60 -36 25)
(-56 -36 25)
(-52 -36 25)
(-48 -36 25)
(-44 -36 25)
(-40 -36 25)
(-100 -32 25)
(-96 -32 25)
(-92 -32 25)
(-88 -32 25)
(-84 -32 25)
(-80 -32 25)
(-76 -32 25)
(-72 -32 25)
(-68 -32 25)
(-64 -32 25)
(-60 -32 25)
(-56 -32 25)
(-52 -32 25)
(-48 -32 25)
(-44 -32 25)
(-40 -32 25)
(-100 -28 25)
(-96 -28 25)
(-92 -28 25)
(-88 -28 25)
(-84 -28 25)
(-80 -28 25)
(-76 -28 25)
(-72 -28 25)
(-68 -28 25)
(-64 -28 25)
(-60 -28 25)
(-56 -28 25)
(-52 -28 25)
(-48 -28 25)
(-44 -28 25)
(-40 -28 25)
(-100 -24 25)
(-96 -24 25)
(-92 -24 25)
(-88 -24 25)
(-84 -24 25)
(-80 -24 25)
(-76 -24 25)
(-72 -24 25)
(-68 -24 25)
(-64 -24 25)
(-60 -24 25)
(-56 -24 25)
(-52 -24 25)
(-48 -24 25)
(-44 -24 25)
(-40 -24 25)
(-100 -20 25)
(-96 -20 25)
(-92 -20 25)
(-88 -20 25)
(-84 -20 25)
(-80 -20 25)
(-76 -20 25)
(-72 -20 25)
(-68 -20 25)
(-64 -20 25)
(-60 -20 25)
(-56 -20 25)
(-52 -20 25)
(-48 -20 25)
(-44 -20 25)
(-40 -20 25)
(-36 -20 25)
(-100 -16 25)
(-96 -16 25)
(-92 -16 25)
(-88 -16 25)
(-84 -16 25)
(-80 -16 25)
(-76 -16 25)
(-72 -16 25)
(-68 -16 25)
(-64 -16 25)
(-60 -16 25)
(-56 -16 25)
(-52 -16 25)
(-48 -16 25)
(-44 -16 25)
(-40 -16 25)
(-36 -16 25)
(-100 -12 25)
(-96 -12 25)
(-92 -12 25)
(-88 -12 25)
(-84 -12 25)
(-80 -12 25)
(-76 -12 25)
(-72 -12 25)
(-68 -12 25)
(-64 -12 25)
(-60 -12 25)
(-56 -12 25)
(-52 -12 25)
(-48 -12 25)
(-44 -12 25)
(-40 -12 25)
(-36 -12 25)
(-100 -8 25)
(-96 -8 25)
(-92 -8 25)
(-88 -8 25)
(-84 -8 25)
(-80 -8 25)
(-76 -8 25)
(-72 -8 25)
(-68 -8 25)
(-64 -8 25)
(-60 -8 25)
(-56 -8 25)
(-52 -8 25)
(-48 -8 25)
(-44 -8 25)
(-40 -8 25)
(-36 -8 25)
(-100 -4 25)
(-96 -4 25)
(-92 -4 25)
(-88 -4 25)
(-84 -4 25)
(-80 -4 25)
(-76 -4 25)
(-72 -4 25)
(-68 -4 25)
(-64 -4 25)
(-60 -4 25)
(-56 -4 25)
(-52 -4 25)
(-48 -4 25)
(-44 -4 25)
(-40 -4 25)
(-36 -4 25)
(-100 0 25)
(-96 0 25)
(-92 0 25)
(-88 0 25)
(-84 0 25)
(-80 0 25)
(-76 0 25)
(-72 0 25)
(-68 0 25)
(-64 0 25)
(-60 0 25)
(-56 0 25)
(-52 0 25)
(-48 0 25)
(-32 -100 0)
(-28 -100 0)
(-24 -100 0)
(-20 -100 0)
(-16 -100 0)
(-12 -100 0)
(-8 -100 0)
(-4 -100 0)
(0 -100 0)
(4 -100 0)
(8 -100 0)
(12 -100 0)
(16 -100 0)
(20 -100 0)
(24 -100 0)
(28 -100 0)
(-32 -96 0)
(-28 -96 0)
(-24 -96 0)
(-20 -96 0)
(-16 -96 0)
(-12 -96 0)
(-8 -96 0)
(-4 -96 0)
(0 -96 0)
(4 -96 0)
(8 -96 0)
(12 -96 0)
(16 -96 0)
(20 -96 0)
(24 -96 0)
(28 -96 0)
(-32 -92 0)
(-28 -92 0)
(-24 -92 0)
(-20 -92 0)
(-16 -92 0)
(-12 -92 0)
(-8 -92 0)
(-4 -92 0)
(0 -92 0)
(4 -92 0)
(8 -92 0)
(12 -92 0)
(16 -92 0)
(20 -92 0)
(24 -92 0)
(28 -92 0)
(-32 -88 0)
(-28 -88 0)
(-24 -88 0)
(-20 -88 0)
(-16 -88 0)
(-12 -88 0)
(-8 -88 0)
(-4 -88 0)
(0 -88 0)
(4 -88 0)
(8 -88 0)
(12 -88 0)
(16 -88 0)
(20 -88 0)
(24 -88 0)
(28 -88 0)
(-32 -84 0)
(-28 -84 0)
(-24 -84 0)
(-20 -84 0)
(-16 -84 0)
(-12 -84 0)
(-8 -84 0)
(-4 -84 0)
(0 -84 0)
(4 -84 0)
(8 -84 0)
(12 -84 0)
(16 -84 0)
(20 -84 0)
(24 -84 0)
(28 -84 0)
(-32 -80 0)
(-28 -80 0)
(-24 -80 0)
(-20 -80 0)
(-16 -80 0)
(-12 -80 0)
(-8 -80 0)
(-4 -80 0)
(0 -80 0)
(4 -80 0)
(8 -80 0)
(12 -80 0)
(16 -80 0)
(20 -80 0)
(24 -80 0)
(28 -80 0)
(-32 -76 0)
(-28 -76 0)
(-24 -76 0)
(-20 -76 0)
(-16 -76 0)
(-12 -76 0)
(-8 -76 0)
(-4 -76 0)
(0 -76 0)
(4 -76 0)
(8 -76 0)
(12 -76 0)
(16 -76 0)
(20 -76 0)
(24 -76 0)
(28 -76 0)
(-32 -72 0)
(-28 -72 0)
(-24 -72 0)
(-20 -72 0)
(-16 -72 0)
(-12 -72 0)
(-8 -72 0)
(-4 -72 0)
(0 -72 0)
(4 -72 0)
(8 -72 0)
(12 -72 0)
(16 -72 0)
(20 -72 0)
(24 -72 0)
(28 -72 0)
(-32 -68 0)
(-28 -68 0)
(-24 -68 0)
(-20 -68 0)
(-16 -68 0)
(-12 -68 0)
(-8 -68 0)
(-4 -68 0)
(0 -68 0)
(4 -68 0)
(8 -68 0)
(12 -68 0)
(16 -68 0)
(20 -68 0)
(24 -68 0)
(28 -68 0)
(-32 -64 0)
(-28 -64 0)
(-24 -64 0)
(-20 -64 0)
(-16 -64 0)
(-12 -64 0)
(-8 -64 0)
(-4 -64 0)
(0 -64 0)
(4 -64 0)
(8 -64 0)
(12 -64 0)
(16 -64 0)
(20 -64 0)
(24 -64 0)
(28 -64 0)
(-32 -60 0)
(-28 -60 0)
(-24 -60 0)
(-20 -60 0)
(-16 -60 0)
(-12 -60 0)
(-8 -60 0)
(-4 -60 0)
(0 -60 0)
(4 -60 0)
(8 -60 0)
(12 -60 0)
(16 -60 0)
(20 -60 0)
(24 -60 0)
(28 -60 0)
(-32 -56 0)
(-28 -56 0)
(-24 -56 0)
(-20 -56 0)
(-16 -56 0)
(-12 -56 0)
(-8 -56 0)
(-4 -56 0)
(0 -56 0)
(4 -56 0)
(8 -56 0)
(12 -56 0)
(16 -56 0)
(20 -56 0)
(24 -56 0)
(28 -56 0)
(-32 -52 0)
(-28 -52 0)
(-24 -52 0)
(-20 -52 0)
(-16 -52 0)
(-12 -52 0)
(-8 -52 0)
(-4 -52 0)
(0 -52 0)
(4 -52 0)
(8 -52 0)
(12 -52 0)
(16 -52 0)
(20 -52 0)
(24 -52 0)
(28 -52 0)
(-32 -48 0)
(-28 -48 0)
(-24 -48 0)
(-20 -48 0)
(-16 -48 0)
(-12 -48 0)
(-8 -48 0)
(-4 -48 0)
(0 -48 0)
(4 -48 0)
(8 -48 0)
(12 -48 0)
(16 -48 0)
(20 -48 0)
(24 -48 0)
(28 -48 0)
(-28 -44 0)
(-24 -44 0)
(-20 -44 0)
(-16 -44 0)
(-12 -44 0)
(-8 -44 0)
(-4 -44 0)
(0 -44 0)
(4 -44 0)
(8 -44 0)
(12 -44 0)
(16 -44 0)
(20 -44 0)
(24 -44 0)
(28 -44 0)
(-28 -40 0)
(-24 -40 0)
(-20 -40 0)
(-16 -40 0)
(-12 -40 0)
(-8 -40 0)
(-4 -40 0)
(0 -40 0)
(4 -40 0)
(8 -40 0)
(12 -40 0)
(16 -40 0)
(20 -40 0)
(24 -40 0)
(28 -40 0)
(-28 -36 0)
(-24 -36 0)
(-20 -36 0)
(-16 -36 0)
(-12 -36 0)
(-8 -36 0)
(-4 -36 0)
(0 -36 0)
(4 -36 0)
(8 -36 0)
(12 -36 0)
(16 -36 0)
(20 -36 0)
(24 -36 0)
(28 -36 0)
(-28 -32 0)
(-24 -32 0)
(-20 -32 0)
(-16 -32 0)
(-12 -32 0)
(-8 -32 0)
(-4 -32 0)
(0 -32 0)
(4 -32 0)
(8 -32 0)
(12 -32 0)
(16 -32 0)
(20 -32 0)
(24 -32 0)
(28 -32 0)
(-28 -28 0)
(-24 -28 0)
(-20 -28 0)
(-16 -28 0)
(-12 -28 0)
(-8 -28 0)
(-4 -28 0)
(0 -28 0)
(4 -28 0)
(8 -28 0)
(12 -28 0)
(16 -28 0)
(20 -28 0)
(24 -28 0)
(28 -28 0)
(-28 -24 0)
(-24 -24 0)
(-20 -24 0)
(-16 -24 0)
(-12 -24 0)
(-8 -24 0)
(-4 -24 0)
(0 -24 0)
(4 -24 0)
(8 -24 0)
(12 -24 0)
(16 -24 0)
(20 -24 0)
(24 -24 0)
(28 -24 0)
(-28 -20 0)
(-24 -20 0)
(-20 -20 0)
(-16 -20 0)
(-12 -20 0)
(-8 -20 0)
(-4 -20 0)
(0 -20 0)
(4 -20 0)
(8 -20 0)
(12 -20 0)
(16 -20 0)
(20 -20 0)
(24 -20 0)
(28 -20 0)
(-28 -16 0)
(-24 -16 0)
(-20 -16 0)
(-16 -16 0)
(-12 -16 0)
(-8 -16 0)
(-4 -16 0)
(0 -16 0)
(4 -16 0)
(8 -16 0)
(12 -16 0)
(16 -16 0)
(20 -16 0)
(24 -16 0)
(28 -16 0)
(-28 -12 0)
(-24 -12 0)
(-20 -12 0)
(-16 -12 0)
(-12 -12 0)
(-8 -12 0)
(-4 -12 0)
(0 -12 0)
(4 -12 0)
(8 -12 0)
(12 -12 0)
(16 -12 0)
(20 -12 0)
(24 -12 0)
(28 -12 0)
(-28 -8 0)
(-24 -8 0)
(-20 -8 0)
(-16 -8 0)
(-12 -8 0)
(-8 -8 0)
(-4 -8 0)
(0 -8 0)
(4 -8 0)
(8 -8 0)
(12 -8 0)
(16 -8 0)
(20 -8 0)
(24 -8 0)
(28 -8 0)
(-28 -4 0)
(-24 -4 0)
(-20 -4 0)
(-16 -4 0)
(-12 -4 0)
(-8 -4 0)
(-4 -4 0)
(0 -4 0)
(4 -4 0)
(8 -4 0)
(12 -4 0)
(16 -4 0)
(20 -4 0)
(24 -4 0)
(-32 -100 5)
(-28 -100 5)
(-24 -100 5)
(-20 -100 5)
(-16 -100 5)
(-12 -100 5)
(-8 -100 5)
(-4 -100 5)
(0 -100 5)
(4 -100 5)
(8 -100 5)
(12 -100 5)
(16 -100 5)
(20 -100 5)
(24 -100 5)
(28 -100 5)
(-32 -96 5)
(-28 -96 5)
(-24 -96 5)
(-20 -96 5)
(-16 -96 5)
(-12 -96 5)
(-8 -96 5)
(-4 -96 5)
(0 -96 5)
(4 -96 5)
(8 -96 5)
(12 -96 5)
(16 -96 5)
(20 -96 5)
(24 -96 5)
(28 -96 5)
(-32 -92 5)
(-28 -92 5)
(-24 -92 5)
(-20 -92 5)
(-16 -92 5)
(-12 -92 5)
(-8 -92 5)
(-4 -92 5)
(0 -92 5)
(4 -92 5)
(8 -92 5)
(12 -92 5)
(16 -92 5)
(20 -92 5)
(24 -92 5)
(28 -92 5)
(-32 -88 5)
(-28 -88 5)
(-24 -88 5)
(-20 -88 5)
(-16 -88 5)
(-12 -88 5)
(-8 -88 5)
(-4 -88 5)
(0 -88 5)
(4 -88 5)
(8 -88 5)
(12 -88 5)
(16 -88 5)
(20 -88 5)
(24 -88 5)
(28 -88 5)
(-32 -84 5)
(-28 -84 5)
(-24 -84 5)
(-20 -84 5)
(-16 -84 5)
(-12 -84 5)
(-8 -84 5)
(-4 -84 5)
(0 -84 5)
(4 -84 5)
(8 -84 5)
(12 -84 5)
(16 -84 5)
(20 -84 5)
(24 -84 5)
(28 -84 5)
(-32 -80 5)
(-28 -80 5)
(-24 -80 5)
(-20 -80 5)
(-16 -80 5)
(-12 -80 5)
(-8 -80 5)
(-4 -80 5)
(0 -80 5)
(4 -80 5)
(8 -80 5)
(12 -80 5)
(16 -80 5)
(20 -80 5)
(24 -80 5)
(28 -80 5)
(-32 -76 5)
(-28 -76 5)
(-24 -76 5)
(-20 -76 5)
(-16 -76 5)
(-12 -76 5)
(-8 -76 5)
(-4 -76 5)
(0 -76 5)
(4 -76 5)
(8 -76 5)
(12 -76 5)
(16 -76 5)
(20 -76 5)
(24 -76 5)
(28 -76 5)
(-32 -72 5)
(-28 -72 5)
(-24 -72 5)
(-20 -72 5)
(-16 -72 5)
(-12 -72 5)
(-8 -72 5)
(-4 -72 5)
(0 -72 5)
(4 -72 5)
(8 -72 5)
(12 -72 5)
(16 -72 5)
(20 -72 5)
(24 -72 5)
(28 -72 5)
(-32 -68 5)
(-28 -68 5)
(-24 -68 5)
(-20 -68 5)
(-16 -68 5)
(-12 -68 5)
(-8 -68 5)
(-4 -68 5)
(0 -68 5)
(4 -68 5)
(8 -68 5)
(12 -68 5)
(16 -68 5)
(20 -68 5)
(24 -68 5)
(28 -68 5)
(-32 -64 5)
(-28 -64 5)
(-24 -64 5)
(-20 -64 5)
(-16 -64 5)
(-12 -64 5)
(-8 -64 5)
(-4 -64 5)
(0 -64 5)
(4 -64 5)
(8 -64 5)
(12 -64 5)
(16 -64 5)
(20 -64 5)
(24 -64 5)
(28 -64 5)
(-32 -60 5)
(-28 -60 5)
(-24 -60 5)
(-20 -60 5)
(-16 -60 5)
(-12 -60 5)
(-8 -60 5)
(-4 -60 5)
(0 -60 5)
(4 -60 5)
(8 -60 5)
(12 -60 5)
(16 -60 5)
(20 -60 5)
(24 -60 5)
(28 -60 5)
(-32 -56 5)
(-28 -56 5)
(-24 -56 5)
(-20 -56 5)
(-16 -56 5)
(-12 -56 5)
(-8 -56 5)
(-4 -56 5)
(0 -56 5)
(4 -56 5)
(8 -56 5)
(12 -56 5)
(16 -56 5)
(20 -56 5)
(24 -56 5)
(28 -56 5)
(-32 -52 5)
(-28 -52 5)
(-24 -52 5)
(-20 -52 5)
(-16 -52 5)
(-12 -52 5)
(-8 -52 5)
(-4 -52 5)
(0 -52 5)
(4 -52 5)
(8 -52 5)
(12 -52 5)
(16 -52 5)
(20 -52 5)
(24 -52 5)
(28 -52 5)
(-32 -48 5)
(-28 -48 5)
(-24 -48 5)
(-20 -48 5)
(-16 -48 5)
(-12 -48 5)
(-8 -48 5)
(-4 -48 5)
(0 -48 5)
(4 -48 5)
(8 -48 5)
(12 -48 5)
(16 -48 5)
(20 -48 5)
(24 -48 5)
(28 -48 5)
(-28 -44 5)
(-24 -44 5)
(-20 -44 5)
(-16 -44 5)
(-12 -44 5)
(-8 -44 5)
(-4 -44 5)
(0 -44 5)
(4 -44 5)
(8 -44 5)
(12 -44 5)
(16 -44 5)
(20 -44 5)
(24 -44 5)
(28 -44 5)
(-28 -40 5)
(-24 -40 5)
(-20 -40 5)
(-16 -40 5)
(-12 -40 5)
(-8 -40 5)
(-4 -40 5)
(0 -40 5)
(4 -40 5)
(8 -40 5)
(12 -40 5)
(16 -40 5)
(20 -40 5)
(24 -40 5)
(28 -40 5)
(-28 -36 5)
(-24 -36 5)
(-20 -36 5)
(-16 -36 5)
(-12 -36 5)
(-8 -36 5)
(-4 -36 5)
(0 -36 5)
(4 -36 5)
(8 -36 5)
(12 -36 5)
(16 -36 5)
(20 -36 5)
(24 -36 5)
(28 -36 5)
(-28 -32 5)
(-24 -32 5)
(-20 -32 5)
(-16 -32 5)
(-12 -32 5)
(-8 -32 5)
(-4 -32 5)
(0 -32 5)
(4 -32 5)
(8 -32 5)
(12 -32 5)
(16 -32 5)
(20 -32 5)
(24 -32 5)
(28 -32 5)
(-28 -28 5)
(-24 -28 5)
(-20 -28 5)
(-16 -28 5)
(-12 -28 5)
(-8 -28 5)
(-4 -28 5)
(0 -28 5)
(4 -28 5)
(8 -28 5)
(12 -28 5)
(16 -28 5)
(20 -28 5)
(24 -28 5)
(28 -28 5)
(-28 -24 5)
(-24 -24 5)
(-20 -24 5)
(-16 -24 5)
(-12 -24 5)
(-8 -24 5)
(-4 -24 5)
(0 -24 5)
(4 -24 5)
(8 -24 5)
(12 -24 5)
(16 -24 5)
(20 -24 5)
(24 -24 5)
(28 -24 5)
(-28 -20 5)
(-24 -20 5)
(-20 -20 5)
(-16 -20 5)
(-12 -20 5)
(-8 -20 5)
(-4 -20 5)
(0 -20 5)
(4 -20 5)
(8 -20 5)
(12 -20 5)
(16 -20 5)
(20 -20 5)
(24 -20 5)
(28 -20 5)
(-28 -16 5)
(-24 -16 5)
(-20 -16 5)
(-16 -16 5)
(-12 -16 5)
(-8 -16 5)
(-4 -16 5)
(0 -16 5)
(4 -16 5)
(8 -16 5)
(12 -16 5)
(16 -16 5)
(20 -16 5)
(24 -16 5)
(28 -16 5)
(-28 -12 5)
(-24 -12 5)
(-20 -12 5)
(-16 -12 5)
(-12 -12 5)
(-8 -12 5)
(-4 -12 5)
(0 -12 5)
(4 -12 5)
(8 -12 5)
(12 -12 5)
(16 -12 5)
(20 -12 5)
(24 -12 5)
(28 -12 5)
(-28 -8 5)
(-24 -8 5)
(-20 -8 5)
(-16 -8 5)
(-12 -8 5)
(-8 -8 5)
(-4 -8 5)
(0 -8 5)
(4 -8 5)
(8 -8 5)
(12 -8 5)
(16 -8 5)
(20 -8 5)
(24 -8 5)
(28 -8 5)
(-28 -4 5)
(-24 -4 5)
(-20 -4 5)
(-16 -4 5)
(-12 -4 5)
(-8 -4 5)
(-4 -4 5)
(0 -4 5)
(4 -4 5)
(8 -4 5)
(12 -4 5)
(16 -4 5)
(20 -4 5)
(24 -4 5)
(-32 -100 10)
(-28 -100 10)
(-24 -100 10)
(-20 -100 10)
(-16 -100 10)
(-12 -100 10)
(-8 -100 10)
(-4 -100 10)
(0 -100 10)
(4 -100 10)
(8 -100 10)
(12 -100 10)
(16 -100 10)
(20 -100 10)
(24 -100 10)
(28 -100 10)
(-32 -96 10)
(-28 -96 10)
(-24 -96 10)
(-20 -96 10)
(-16 -96 10)
(-12 -96 10)
(-8 -96 10)
(-4 -96 10)
(0 -96 10)
(4 -96 10)
(8 -96 10)
(12 -96 10)
(16 -96 10)
(20 -96 10)
(24 -96 10)
(28 -96 10)
(-32 -92 10)
(-28 -92 10)
(-24 -92 10)
(-20 -92 10)
(-16 -92 10)
(-12 -92 10)
(-8 -92 10)
(-4 -92 10)
(0 -92 10)
(4 -92 10)
(8 -92 10)
(12 -92 10)
(16 -92 10)
(20 -92 10)
(24 -92 10)
(28 -92 10)
(-32 -88 10)
(-28 -88 10)
(-24 -88 10)
(-20 -88 10)
(-16 -88 10)
(-12 -88 10)
(-8 -88 10)
(-4 -88 10)
(0 -88 10)
(4 -88 10)
(8 -88 10)
(12 -88 10)
(16 -88 10)
(20 -88 10)
(24 -88 10)
(28 -88 10)
(-32 -84 10)
(-28 -84 10)
(-24 -84 10)
(-20 -84 10)
(-16 -84 10)
(-12 -84 10)
(-8 -84 10)
(-4 -84 10)
(0 -84 10)
(4 -84 10)
(8 -84 10)
(12 -84 10)
(16 -84 10)
(20 -84 10)
(24 -84 10)
(28 -84 10)
(-32 -80 10)
(-28 -80 10)
(-24 -80 10)
(-20 -80 10)
(-16 -80 10)
(-12 -80 10)
(-8 -80 10)
(-4 -80 10)
(0 -80 10)
(4 -80 10)
(8 -80 10)
(12 -80 10)
(16 -80 10)
(20 -80 10)
(24 -80 10)
(28 -80 10)
(-32 -76 10)
(-28 -76 10)
(-24 -76 10)
(-20 -76 10)
(-16 -76 10)
(-12 -76 10)
(-8 -76 10)
(-4 -76 10)
(0 -76 10)
(4 -76 10)
(8 -76 10)
(12 -76 10)
(16 -76 10)
(20 -76 10)
(24 -76 10)
(28 -76 10)
(-32 -72 10)
(-28 -72 10)
(-24 -72 10)
(-20 -72 10)
(-16 -72 10)
(-12 -72 10)
(-8 -72 10)
(-4 -72 10)
(0 -72 10)
(4 -72 10)
(8 -72 10)
(12 -72 10)
(16 -72 10)
(20 -72 10)
(24 -72 10)
(28 -72 10)
(-32 -68 10)
(-28 -68 10)
(-24 -68 10)
(-20 -68 10)
(-16 -68 10)
(-12 -68 10)
(-8 -68 10)
(-4 -68 10)
(0 -68 10)
(4 -68 10)
(8 -68 10)
(12 -68 10)
(16 -68 10)
(20 -68 10)
(24 -68 10)
(28 -68 10)
(-32 -64 10)
(-28 -64 10)
(-24 -64 10)
(-20 -64 10)
(-16 -64 10)
(-12 -64 10)
(-8 -64 10)
(-4 -64 10)
(0 -64 10)
(4 -64 10)
(8 -64 10)
(12 -64 10)
(16 -64 10)
(20 -64 10)
(24 -64 10)
(28 -64 10)
(-32 -60 10)
(-28 -60 10)
(-24 -60 10)
(-20 -60 10)
(-16 -60 10)
(-12 -60 10)
(-8 -60 10)
(-4 -60 10)
(0 -60 10)
(4 -60 10)
(8 -60 10)
(12 -60 10)
(16 -60 10)
(20 -60 10)
(24 -60 10)
(28 -60 10)
(-32 -56 10)
(-28 -56 10)
(-24 -56 10)
(-20 -56 10)
(-16 -56 10)
(-12 -56 10)
(-8 -56 10)
(-4 -56 10)
(0 -56 10)
(4 -56 10)
(8 -56 10)
(12 -56 10)
(16 -56 10)
(20 -56 10)
(24 -56 10)
(28 -56 10)
(-32 -52 10)
(-28 -52 10)
(-24 -52 10)
(-20 -52 10)
(-16 -52 10)
(-12 -52 10)
(-8 -52 10)
(-4 -52 10)
(0 -52 10)
(4 -52 10)
(8 -52 10)
(12 -52 10)
(16 -52 10)
(20 -52 10)
(24 -52 10)
(28 -52 10)
(-32 -48 10)
(-28 -48 10)
(-24 -48 10)
(-20 -48 10)
(-16 -48 10)
(-12 -48 10)
(-8 -48 10)
(-4 -48 10)
(0 -48 10)
(4 -48 10)
(8 -48 10)
(12 -48 10)
(16 -48 10)
(20 -48 10)
(24 -48 10)
(28 -48 10)
(-32 -44 10)
(-28 -44 10)
(-24 -44 10)
(-20 -44 10)
(-16 -44 10)
(-12 -44 10)
(-8 -44 10)
(-4 -44 10)
(0 -44 10)
(4 -44 10)
(8 -44 10)
(12 -44 10)
(16 -44 10)
(20 -44 10)
(24 -44 10)
(28 -44 10)
(-32 -40 10)
(-28 -40 10)
(-24 -40 10)
(-20 -40 10)
(-16 -40 10)
(-12 -40 10)
(-8 -40 10)
(-4 -40 10)
(0 -40 10)
(4 -40 10)
(8 -40 10)
(12 -40 10)
(16 -40 10)
(20 -40 10)
(24 -40 10)
(28 -40 10)
(-28 -36 10)
(-24 -36 10)
(-20 -36 10)
(-16 -36 10)
(-12 -36 10)
(-8 -36 10)
(-4 -36 10)
(0 -36 10)
(4 -36 10)
(8 -36 10)
(12 -36 10)
(16 -36 10)
(20 -36 10)
(24 -36 10)
(28 -36 10)
(-28 -32 10)
(-24 -32 10)
(-20 -32 10)
(-16 -32 10)
(-12 -32 10)
(-8 -32 10)
(-4 -32 10)
(0 -32 10)
(4 -32 10)
(8 -32 10)
(12 -32 10)
(16 -32 10)
(20 -32 10)
(24 -32 10)
(28 -32 10)
(-28 -28 10)
(-24 -28 10)
(-20 -28 10)
(-16 -28 10)
(-12 -28 10)
(-8 -28 10)
(-4 -28 10)
(0 -28 10)
(4 -28 10)
(8 -28 10)
(12 -28 10)
(16 -28 10)
(20 -28 10)
(24 -28 10)
(28 -28 10)
(-28 -24 10)
(-24 -24 10)
(-20 -24 10)
(-16 -24 10)
(-12 -24 10)
(-8 -24 10)
(-4 -24 10)
(0 -24 10)
(4 -24 10)
(8 -24 10)
(12 -24 10)
(16 -24 10)
(20 -24 10)
(24 -24 10)
(28 -24 10)
(-28 -20 10)
(-24 -20 10)
(-20 -20 10)
(-16 -20 10)
(-12 -20 10)
(-8 -20 10)
(-4 -20 10)
(0 -20 10)
(4 -20 10)
(8 -20 10)
(12 -20 10)
(16 -20 10)
(20 -20 10)
(24 -20 10)
(28 -20 10)
(-28 -16 10)
(-24 -16 10)
(-20 -16 10)
(-16 -16 10)
(-12 -16 10)
(-8 -16 10)
(-4 -16 10)
(0 -16 10)
(4 -16 10)
(8 -16 10)
(12 -16 10)
(16 -16 10)
(20 -16 10)
(24 -16 10)
(28 -16 10)
(-28 -12 10)
(-24 -12 10)
(-20 -12 10)
(-16 -12 10)
(-12 -12 10)
(-8 -12 10)
(-4 -12 10)
(0 -12 10)
(4 -12 10)
(8 -12 10)
(12 -12 10)
(16 -12 10)
(20 -12 10)
(24 -12 10)
(28 -12 10)
(-28 -8 10)
(-24 -8 10)
(-20 -8 10)
(-16 -8 10)
(-12 -8 10)
(-8 -8 10)
(-4 -8 10)
(0 -8 10)
(4 -8 10)
(8 -8 10)
(12 -8 10)
(16 -8 10)
(20 -8 10)
(24 -8 10)
(28 -8 10)
(-28 -4 10)
(-24 -4 10)
(-20 -4 10)
(-16 -4 10)
(-12 -4 10)
(-8 -4 10)
(-4 -4 10)
(0 -4 10)
(4 -4 10)
(8 -4 10)
(12 -4 10)
(16 -4 10)
(20 -4 10)
(24 -4 10)
(28 -4 10)
(-32 -100 15)
(-28 -100 15)
(-24 -100 15)
(-20 -100 15)
(-16 -100 15)
(-12 -100 15)
(-8 -100 15)
(-4 -100 15)
(0 -100 15)
(4 -100 15)
(8 -100 15)
(12 -100 15)
(16 -100 15)
(20 -100 15)
(24 -100 15)
(28 -100 15)
(-32 -96 15)
(-28 -96 15)
(-24 -96 15)
(-20 -96 15)
(-16 -96 15)
(-12 -96 15)
(-8 -96 15)
(-4 -96 15)
(0 -96 15)
(4 -96 15)
(8 -96 15)
(12 -96 15)
(16 -96 15)
(20 -96 15)
(24 -96 15)
(28 -96 15)
(-32 -92 15)
(-28 -92 15)
(-24 -92 15)
(-20 -92 15)
(-16 -92 15)
(-12 -92 15)
(-8 -92 15)
(-4 -92 15)
(0 -92 15)
(4 -92 15)
(8 -92 15)
(12 -92 15)
(16 -92 15)
(20 -92 15)
(24 -92 15)
(28 -92 15)
(-32 -88 15)
(-28 -88 15)
(-24 -88 15)
(-20 -88 15)
(-16 -88 15)
(-12 -88 15)
(-8 -88 15)
(-4 -88 15)
(0 -88 15)
(4 -88 15)
(8 -88 15)
(12 -88 15)
(16 -88 15)
(20 -88 15)
(24 -88 15)
(28 -88 15)
(-32 -84 15)
(-28 -84 15)
(-24 -84 15)
(-20 -84 15)
(-16 -84 15)
(-12 -84 15)
(-8 -84 15)
(-4 -84 15)
(0 -84 15)
(4 -84 15)
(8 -84 15)
(12 -84 15)
(16 -84 15)
(20 -84 15)
(24 -84 15)
(28 -84 15)
(-32 -80 15)
(-28 -80 15)
(-24 -80 15)
(-20 -80 15)
(-16 -80 15)
(-12 -80 15)
(-8 -80 15)
(-4 -80 15)
(0 -80 15)
(4 -80 15)
(8 -80 15)
(12 -80 15)
(16 -80 15)
(20 -80 15)
(24 -80 15)
(28 -80 15)
(-32 -76 15)
(-28 -76 15)
(-24 -76 15)
(-20 -76 15)
(-16 -76 15)
(-12 -76 15)
(-8 -76 15)
(-4 -76 15)
(0 -76 15)
(4 -76 15)
(8 -76 15)
(12 -76 15)
(16 -76 15)
(20 -76 15)
(24 -76 15)
(28 -76 15)
(-32 -72 15)
(-28 -72 15)
(-24 -72 15)
(-20 -72 15)
(-16 -72 15)
(-12 -72 15)
(-8 -72 15)
(-4 -72 15)
(0 -72 15)
(4 -72 15)
(8 -72 15)
(12 -72 15)
(16 -72 15)
(20 -72 15)
(24 -72 15)
(28 -72 15)
(-32 -68 15)
(-28 -68 15)
(-24 -68 15)
(-20 -68 15)
(-16 -68 15)
(-12 -68 15)
(-8 -68 15)
(-4 -68 15)
(0 -68 15)
(4 -68 15)
(8 -68 15)
(12 -68 15)
(16 -68 15)
(20 -68 15)
(24 -68 15)
(28 -68 15)
(-32 -64 15)
(-28 -64 15)
(-24 -64 15)
(-20 -64 15)
(-16 -64 15)
(-12 -64 15)
(-8 -64 15)
(-4 -64 15)
(0 -64 15)
(4 -64 15)
(8 -64 15)
(12 -64 15)
(16 -64 15)
(20 -64 15)
(24 -64 15)
(28 -64 15)
(-32 -60 15)
(-28 -60 15)
(-24 -60 15)
(-20 -60 15)
(-16 -60 15)
(-12 -60 15)
(-8 -60 15)
(-4 -60 15)
(0 -60 15)
(4 -60 15)
(8 -60 15)
(12 -60 15)
(16 -60 15)
(20 -60 15)
(24 -60 15)
(28 -60 15)
(-32 -56 15)
(-28 -56 15)
(-24 -56 15)
(-20 -56 15)
(-16 -56 15)
(-12 -56 15)
(-8 -56 15)
(-4 -56 15)
(0 -56 15)
(4 -56 15)
(8 -56 15)
(12 -56 15)
(16 -56 15)
(20 -56 15)
(24 -56 15)
(28 -56 15)
(-32 -52 15)
(-28 -52 15)
(-24 -52 15)
(-20 -52 15)
(-16 -52 15)
(-12 -52 15)
(-8 -52 15)
(-4 -52 15)
(0 -52 15)
(4 -52 15)
(8 -52 15)
(12 -52 15)
(16 -52 15)
(20 -52 15)
(24 -52 15)
(28 -52 15)
(-32 -48 15)
(-28 -48 15)
(-24 -48 15)
(-20 -48 15)
(-16 -48 15)
(-12 -48 15)
(-8 -48 15)
(-4 -48 15)
(0 -48 15)
(4 -48 15)
(8 -48 15)
(12 -48 15)
(16 -48 15)
(20 -48 15)
(24 -48 15)
(28 -48 15)
(-32 -44 15)
(-28 -44 15)
(-24 -44 15)
(-20 -44 15)
(-16 -44 15)
(-12 -44 15)
(-8 -44 15)
(-4 -44 15)
(0 -44 15)
(4 -44 15)
(8 -44 15)
(12 -44 15)
(16 -44 15)
(20 -44 15)
(24 -44 15)
(28 -44 15)
(-32 -40 15)
(-28 -40 15)
(-24 -40 15)
(-20 -40 15)
(-16 -40 15)
(-12 -40 15)
(-8 -40 15)
(-4 -40 15)
(0 -40 15)
(4 -40 15)
(8 -40 15)
(12 -40 15)
(16 -40 15)
(20 -40 15)
(24 -40 15)
(28 -40 15)
(-32 -36 15)
(-28 -36 15)
(-24 -36 15)
(-20 -36 15)
(-16 -36 15)
(-12 -36 15)
(-8 -36 15)
(-4 -36 15)
(0 -36 15)
(4 -36 15)
(8 -36 15)
(12 -36 15)
(16 -36 15)
(20 -36 15)
(24 -36 15)
(28 -36 15)
(-28 -32 15)
(-24 -32 15)
(-20 -32 15)
(-16 -32 15)
(-12 -32 15)
(-8 -32 15)
(-4 -32 15)
(0 -32 15)
(4 -32 15)
(8 -32 15)
(12 -32 15)
(16 -32 15)
(20 -32 15)
(24 -32 15)
(28 -32 15)
(-28 -28 15)
(-24 -28 15)
(-20 -28 15)
(-16 -28 15)
(-12 -28 15)
(-8 -28 15)
(-4 -28 15)
(0 -28 15)
(4 -28 15)
(8 -28 15)
(12 -28 15)
(16 -28 15)
(20 -28 15)
(24 -28 15)
(28 -28 15)
(-28 -24 15)
(-24 -24 15)
(-20 -24 15)
(-16 -24 15)
(-12 -24 15)
(-8 -24 15)
(-4 -24 15)
(0 -24 15)
(4 -24 15)
(8 -24 15)
(12 -24 15)
(16 -24 15)
(20 -24 15)
(24 -24 15)
(28 -24 15)
(-28 -20 15)
(-24 -20 15)
(-20 -20 15)
(-16 -20 15)
(-12 -20 15)
(-8 -20 15)
(-4 -20 15)
(0 -20 15)
(4 -20 15)
(8 -20 15)
(12 -20 15)
(16 -20 15)
(20 -20 15)
(24 -20 15)
(28 -20 15)
(-28 -16 15)
(-24 -16 15)
(-20 -16 15)
(-16 -16 15)
(-12 -16 15)
(-8 -16 15)
(-4 -16 15)
(0 -16 15)
(4 -16 15)
(8 -16 15)
(12 -16 15)
(16 -16 15)
(20 -16 15)
(24 -16 15)
(28 -16 15)
(-28 -12 15)
(-24 -12 15)
(-20 -12 15)
(-16 -12 15)
(-12 -12 15)
(-8 -12 15)
(-4 -12 15)
(0 -12 15)
(4 -12 15)
(8 -12 15)
(12 -12 15)
(16 -12 15)
(20 -12 15)
(24 -12 15)
(28 -12 15)
(-28 -8 15)
(-24 -8 15)
(-20 -8 15)
(-16 -8 15)
(-12 -8 15)
(-8 -8 15)
(-4 -8 15)
(0 -8 15)
(4 -8 15)
(8 -8 15)
(12 -8 15)
(16 -8 15)
(20 -8 15)
(24 -8 15)
(28 -8 15)
(-28 -4 15)
(-24 -4 15)
(-20 -4 15)
(-16 -4 15)
(-12 -4 15)
(-8 -4 15)
(-4 -4 15)
(0 -4 15)
(4 -4 15)
(8 -4 15)
(12 -4 15)
(16 -4 15)
(20 -4 15)
(24 -4 15)
(28 -4 15)
(-32 -100 20)
(-28 -100 20)
(-24 -100 20)
(-20 -100 20)
(-16 -100 20)
(-12 -100 20)
(-8 -100 20)
(-4 -100 20)
(0 -100 20)
(4 -100 20)
(8 -100 20)
(12 -100 20)
(16 -100 20)
(20 -100 20)
(24 -100 20)
(28 -100 20)
(-32 -96 20)
(-28 -96 20)
(-24 -96 20)
(-20 -96 20)
(-16 -96 20)
(-12 -96 20)
(-8 -96 20)
(-4 -96 20)
(0 -96 20)
(4 -96 20)
(8 -96 20)
(12 -96 20)
(16 -96 20)
(20 -96 20)
(24 -96 20)
(28 -96 20)
(-32 -92 20)
(-28 -92 20)
(-24 -92 20)
(-20 -92 20)
(-16 -92 20)
(-12 -92 20)
(-8 -92 20)
(-4 -92 20)
(0 -92 20)
(4 -92 20)
(8 -92 20)
(12 -92 20)
(16 -92 20)
(20 -92 20)
(24 -92 20)
(28 -92 20)
(-32 -88 20)
(-28 -88 20)
(-24 -88 20)
(-20 -88 20)
(-16 -88 20)
(-12 -88 20)
(-8 -88 20)
(-4 -88 20)
(0 -88 20)
(4 -88 20)
(8 -88 20)
(12 -88 20)
(16 -88 20)
(20 -88 20)
(24 -88 20)
(28 -88 20)
(-32 -84 20)
(-28 -84 20)
(-24 -84 20)
(-20 -84 20)
(-16 -84 20)
(-12 -84 20)
(-8 -84 20)
(-4 -84 20)
(0 -84 20)
(4 -84 20)
(8 -84 20)
(12 -84 20)
(16 -84 20)
(20 -84 20)
(24 -84 20)
(28 -84 20)
(-32 -80 20)
(-28 -80 20)
(-24 -80 20)
(-20 -80 20)
(-16 -80 20)
(-12 -80 20)
(-8 -80 20)
(-4 -80 20)
(0 -80 20)
(4 -80 20)
(8 -80 20)
(12 -80 20)
(16 -80 20)
(20 -80 20)
(24 -80 20)
(28 -80 20)
(-32 -76 20)
(-28 -76 20)
(-24 -76 20)
(-20 -76 20)
(-16 -76 20)
(-12 -76 20)
(-8 -76 20)
(-4 -76 20)
(0 -76 20)
(4 -76 20)
(8 -76 20)
(12 -76 20)
(16 -76 20)
(20 -76 20)
(24 -76 20)
(28 -76 20)
(-32 -72 20)
(-28 -72 20)
(-24 -72 20)
(-20 -72 20)
(-16 -72 20)
(-12 -72 20)
(-8 -72 20)
(-4 -72 20)
(0 -72 20)
(4 -72 20)
(8 -72 20)
(12 -72 20)
(16 -72 20)
(20 -72 20)
(24 -72 20)
(28 -72 20)
(-32 -68 20)
(-28 -68 20)
(-24 -68 20)
(-20 -68 20)
(-16 -68 20)
(-12 -68 20)
(-8 -68 20)
(-4 -68 20)
(0 -68 20)
(4 -68 20)
(8 -68 20)
(12 -68 20)
(16 -68 20)
(20 -68 20)
(24 -68 20)
(28 -68 20)
(-32 -64 20)
(-28 -64 20)
(-24 -64 20)
(-20 -64 20)
(-16 -64 20)
(-12 -64 20)
(-8 -64 20)
(-4 -64 20)
(0 -64 20)
(4 -64 20)
(8 -64 20)
(12 -64 20)
(16 -64 20)
(20 -64 20)
(24 -64 20)
(28 -64 20)
(-32 -60 20)
(-28 -60 20)
(-24 -60 20)
(-20 -60 20)
(-16 -60 20)
(-12 -60 20)
(-8 -60 20)
(-4 -60 20)
(0 -60 20)
(4 -60 20)
(8 -60 20)
(12 -60 20)
(16 -60 20)
(20 -60 20)
(24 -60 20)
(28 -60 20)
(-32 -56 20)
(-28 -56 20)
(-24 -56 20)
(-20 -56 20)
(-16 -56 20)
(-12 -56 20)
(-8 -56 20)
(-4 -56 20)
(0 -56 20)
(4 -56 20)
(8 -56 20)
(12 -56 20)
(16 -56 20)
(20 -56 20)
(24 -56 20)
(28 -56 20)
(-32 -52 20)
(-28 -52 20)
(-24 -52 20)
(-20 -52 20)
(-16 -52 20)
(-12 -52 20)
(-8 -52 20)
(-4 -52 20)
(0 -52 20)
(4 -52 20)
(8 -52 20)
(12 -52 20)
(16 -52 20)
(20 -52 20)
(24 -52 20)
(28 -52 20)
(-32 -48 20)
(-28 -48 20)
(-24 -48 20)
(-20 -48 20)
(-16 -48 20)
(-12 -48 20)
(-8 -48 20)
(-4 -48 20)
(0 -48 20)
(4 -48 20)
(8 -48 20)
(12 -48 20)
(16 -48 20)
(20 -48 20)
(24 -48 20)
(28 -48 20)
(-32 -44 20)
(-28 -44 20)
(-24 -44 20)
(-20 -44 20)
(-16 -44 20)
(-12 -44 20)
(-8 -44 20)
(-4 -44 20)
(0 -44 20)
(4 -44 20)
(8 -44 20)
(12 -44 20)
(16 -44 20)
(20 -44 20)
(24 -44 20)
(28 -44 20)
(-32 -40 20)
(-28 -40 20)
(-24 -40 20)
(-20 -40 20)
(-16 -40 20)
(-12 -40 20)
(-8 -40 20)
(-4 -40 20)
(0 -40 20)
(4 -40 20)
(8 -40 20)
(12 -40 20)
(16 -40 20)
(20 -40 20)
(24 -40 20)
(28 -40 20)
(-32 -36 20)
(-28 -36 20)
(-24 -36 20)
(-20 -36 20)
(-16 -36 20)
(-12 -36 20)
(-8 -36 20)
(-4 -36 20)
(0 -36 20)
(4 -36 20)
(8 -36 20)
(12 -36 20)
(16 -36 20)
(20 -36 20)
(24 -36 20)
(28 -36 20)
(-32 -32 20)
(-28 -32 20)
(-24 -32 20)
(-20 -32 20)
(-16 -32 20)
(-12 -32 20)
(-8 -32 20)
(-4 -32 20)
(0 -32 20)
(4 -32 20)
(8 -32 20)
(12 -32 20)
(16 -32 20)
(20 -32 20)
(24 -32 20)
(28 -32 20)
(-28 -28 20)
(-24 -28 20)
(-20 -28 20)
(-16 -28 20)
(-12 -28 20)
(-8 -28 20)
(-4 -28 20)
(0 -28 20)
(4 -28 20)
(8 -28 20)
(12 -28 20)
(16 -28 20)
(20 -28 20)
(24 -28 20)
(28 -28 20)
(-28 -24 20)
(-24 -24 20)
(-20 -24 20)
(-16 -24 20)
(-12 -24 20)
(-8 -24 20)
(-4 -24 20)
(0 -24 20)
(4 -24 20)
(8 -24 20)
(12 -24 20)
(16 -24 20)
(20 -24 20)
(24 -24 20)
(28 -24 20)
(-28 -20 20)
(-24 -20 20)
(-20 -20 20)
(-16 -20 20)
(-12 -20 20)
(-8 -20 20)
(-4 -20 20)
(0 -20 20)
(4 -20 20)
(8 -20 20)
(12 -20 20)
(16 -20 20)
(20 -20 20)
(24 -20 20)
(28 -20 20)
(-28 -16 20)
(-24 -16 20)
(-20 -16 20)
(-16 -16 20)
(-12 -16 20)
(-8 -16 20)
(-4 -16 20)
(0 -16 20)
(4 -16 20)
(8 -16 20)
(12 -16 20)
(16 -16 20)
(20 -16 20)
(24 -16 20)
(28 -16 20)
(-28 -12 20)
(-24 -12 20)
(-20 -12 20)
(-16 -12 20)
(-12 -12 20)
(-8 -12 20)
(-4 -12 20)
(0 -12 20)
(4 -12 20)
(8 -12 20)
(12 -12 20)
(16 -12 20)
(20 -12 20)
(24 -12 20)
(28 -12 20)
(-28 -8 20)
(-24 -8 20)
(-20 -8 20)
(-16 -8 20)
(-12 -8 20)
(-8 -8 20)
(-4 -8 20)
(0 -8 20)
(4 -8 20)
(8 -8 20)
(12 -8 20)
(16 -8 20)
(20 -8 20)
(24 -8 20)
(28 -8 20)
(-28 -4 20)
(-24 -4 20)
(-20 -4 20)
(-16 -4 20)
(-12 -4 20)
(-8 -4 20)
(-4 -4 20)
(0 -4 20)
(4 -4 20)
(8 -4 20)
(12 -4 20)
(16 -4 20)
(20 -4 20)
(24 -4 20)
(28 -4 20)
(-32 -100 25)
(-28 -100 25)
(-24 -100 25)
(-20 -100 25)
(-16 -100 25)
(-12 -100 25)
(-8 -100 25)
(-4 -100 25)
(0 -100 25)
(4 -100 25)
(8 -100 25)
(12 -100 25)
(16 -100 25)
(20 -100 25)
(24 -100 25)
(28 -100 25)
(-32 -96 25)
(-28 -96 25)
(-24 -96 25)
(-20 -96 25)
(-16 -96 25)
(-12 -96 25)
(-8 -96 25)
(-4 -96 25)
(0 -96 25)
(4 -96 25)
(8 -96 25)
(12 -96 25)
(16 -96 25)
(20 -96 25)
(24 -96 25)
(28 -96 25)
(-32 -92 25)
(-28 -92 25)
(-24 -92 25)
(-20 -92 25)
(-16 -92 25)
(-12 -92 25)
(-8 -92 25)
(-4 -92 25)
(0 -92 25)
(4 -92 25)
(8 -92 25)
(12 -92 25)
(16 -92 25)
(20 -92 25)
(24 -92 25)
(28 -92 25)
(-32 -88 25)
(-28 -88 25)
(-24 -88 25)
(-20 -88 25)
(-16 -88 25)
(-12 -88 25)
(-8 -88 25)
(-4 -88 25)
(0 -88 25)
(4 -88 25)
(8 -88 25)
(12 -88 25)
(16 -88 25)
(20 -88 25)
(24 -88 25)
(28 -88 25)
(-32 -84 25)
(-28 -84 25)
(-24 -84 25)
(-20 -84 25)
(-16 -84 25)
(-12 -84 25)
(-8 -84 25)
(-4 -84 25)
(0 -84 25)
(4 -84 25)
(8 -84 25)
(12 -84 25)
(16 -84 25)
(20 -84 25)
(24 -84 25)
(28 -84 25)
(-32 -80 25)
(-28 -80 25)
(-24 -80 25)
(-20 -80 25)
(-16 -80 25)
(-12 -80 25)
(-8 -80 25)
(-4 -80 25)
(0 -80 25)
(4 -80 25)
(8 -80 25)
(12 -80 25)
(16 -80 25)
(20 -80 25)
(24 -80 25)
(28 -80 25)
(-32 -76 25)
(-28 -76 25)
(-24 -76 25)
(-20 -76 25)
(-16 -76 25)
(-12 -76 25)
(-8 -76 25)
(-4 -76 25)
(0 -76 25)
(4 -76 25)
(8 -76 25)
(12 -76 25)
(16 -76 25)
(20 -76 25)
(24 -76 25)
(28 -76 25)
(-32 -72 25)
(-28 -72 25)
(-24 -72 25)
(-20 -72 25)
(-16 -72 25)
(-12 -72 25)
(-8 -72 25)
(-4 -72 25)
(0 -72 25)
(4 -72 25)
(8 -72 25)
(12 -72 25)
(16 -72 25)
(20 -72 25)
(24 -72 25)
(28 -72 25)
(-32 -68 25)
(-28 -68 25)
(-24 -68 25)
(-20 -68 25)
(-16 -68 25)
(-12 -68 25)
(-8 -68 25)
(-4 -68 25)
(0 -68 25)
(4 -68 25)
(8 -68 25)
(12 -68 25)
(16 -68 25)
(20 -68 25)
(24 -68 25)
(28 -68 25)
(-32 -64 25)
(-28 -64 25)
(-24 -64 25)
(-20 -64 25)
(-16 -64 25)
(-12 -64 25)
(-8 -64 25)
(-4 -64 25)
(0 -64 25)
(4 -64 25)
(8 -64 25)
(12 -64 25)
(16 -64 25)
(20 -64 25)
(24 -64 25)
(28 -64 25)
(-32 -60 25)
(-28 -60 25)
(-24 -60 25)
(-20 -60 25)
(-16 -60 25)
(-12 -60 25)
(-8 -60 25)
(-4 -60 25)
(0 -60 25)
(4 -60 25)
(8 -60 25)
(12 -60 25)
(16 -60 25)
(20 -60 25)
(24 -60 25)
(28 -60 25)
(-32 -56 25)
(-28 -56 25)
(-24 -56 25)
(-20 -56 25)
(-16 -56 25)
(-12 -56 25)
(-8 -56 25)
(-4 -56 25)
(0 -56 25)
(4 -56 25)
(8 -56 25)
(12 -56 25)
(16 -56 25)
(20 -56 25)
(24 -56 25)
(28 -56 25)
(-32 -52 25)
(-28 -52 25)
(-24 -52 25)
(-20 -52 25)
(-16 -52 25)
(-12 -52 25)
(-8 -52 25)
(-4 -52 25)
(0 -52 25)
(4 -52 25)
(8 -52 25)
(12 -52 25)
(16 -52 25)
(20 -52 25)
(24 -52 25)
(28 -52 25)
(-32 -48 25)
(-28 -48 25)
(-24 -48 25)
(-20 -48 25)
(-16 -48 25)
(-12 -48 25)
(-8 -48 25)
(-4 -48 25)
(0 -48 25)
(4 -48 25)
(8 -48 25)
(12 -48 25)
(16 -48 25)
(20 -48 25)
(24 -48 25)
(28 -48 25)
(-32 -44 25)
(-28 -44 25)
(-24 -44 25)
(-20 -44 25)
(-16 -44 25)
(-12 -44 25)
(-8 -44 25)
(-4 -44 25)
(0 -44 25)
(4 -44 25)
(8 -44 25)
(12 -44 25)
(16 -44 25)
(20 -44 25)
(24 -44 25)
(28 -44 25)
(-32 -40 25)
(-28 -40 25)
(-24 -40 25)
(-20 -40 25)
(-16 -40 25)
(-12 -40 25)
(-8 -40 25)
(-4 -40 25)
(0 -40 25)
(4 -40 25)
(8 -40 25)
(12 -40 25)
(16 -40 25)
(20 -40 25)
(24 -40 25)
(28 -40 25)
(-32 -36 25)
(-28 -36 25)
(-24 -36 25)
(-20 -36 25)
(-16 -36 25)
(-12 -36 25)
(-8 -36 25)
(-4 -36 25)
(0 -36 25)
(4 -36 25)
(8 -36 25)
(12 -36 25)
(16 -36 25)
(20 -36 25)
(24 -36 25)
(28 -36 25)
(-32 -32 25)
(-28 -32 25)
(-24 -32 25)
(-20 -32 25)
(-16 -32 25)
(-12 -32 25)
(-8 -32 25)
(-4 -32 25)
(0 -32 25)
(4 -32 25)
(8 -32 25)
(12 -32 25)
(16 -32 25)
(20 -32 25)
(24 -32 25)
(28 -32 25)
(-32 -28 25)
(-28 -28 25)
(-24 -28 25)
(-20 -28 25)
(-16 -28 25)
(-12 -28 25)
(-8 -28 25)
(-4 -28 25)
(0 -28 25)
(4 -28 25)
(8 -28 25)
(12 -28 25)
(16 -28 25)
(20 -28 25)
(24 -28 25)
(28 -28 25)
(-28 -24 25)
(-24 -24 25)
(-20 -24 25)
(-16 -24 25)
(-12 -24 25)
(-8 -24 25)
(-4 -24 25)
(0 -24 25)
(4 -24 25)
(8 -24 25)
(12 -24 25)
(16 -24 25)
(20 -24 25)
(24 -24 25)
(28 -24 25)
(-28 -20 25)
(-24 -20 25)
(-20 -20 25)
(-16 -20 25)
(-12 -20 25)
(-8 -20 25)
(-4 -20 25)
(0 -20 25)
(4 -20 25)
(8 -20 25)
(12 -20 25)
(16 -20 25)
(20 -20 25)
(24 -20 25)
(28 -20 25)
(-28 -16 25)
(-24 -16 25)
(-20 -16 25)
(-16 -16 25)
(-12 -16 25)
(-8 -16 25)
(-4 -16 25)
(0 -16 25)
(4 -16 25)
(8 -16 25)
(12 -16 25)
(16 -16 25)
(20 -16 25)
(24 -16 25)
(28 -16 25)
(-28 -12 25)
(-24 -12 25)
(-20 -12 25)
(-16 -12 25)
(-12 -12 25)
(-8 -12 25)
(-4 -12 25)
(0 -12 25)
(4 -12 25)
(8 -12 25)
(12 -12 25)
(16 -12 25)
(20 -12 25)
(24 -12 25)
(28 -12 25)
(-28 -8 25)
(-24 -8 25)
(-20 -8 25)
(-16 -8 25)
(-12 -8 25)
(-8 -8 25)
(-4 -8 25)
(0 -8 25)
(4 -8 25)
(8 -8 25)
(12 -8 25)
(16 -8 25)
(20 -8 25)
(24 -8 25)
(28 -8 25)
(-28 -4 25)
(-24 -4 25)
(-20 -4 25)
(-16 -4 25)
(-12 -4 25)
(-8 -4 25)
(-4 -4 25)
(0 -4 25)
(4 -4 25)
(8 -4 25)
(12 -4 25)
(16 -4 25)
(20 -4 25)
(24 -4 25)
(28 -4 25)
(36 -100 0)
(40 -100 0)
(44 -100 0)
(48 -100 0)
(52 -100 0)
(56 -100 0)
(60 -100 0)
(64 -100 0)
(68 -100 0)
(72 -100 0)
(76 -100 0)
(80 -100 0)
(84 -100 0)
(88 -100 0)
(92 -100 0)
(96 -100 0)
(100 -100 0)
(36 -96 0)
(40 -96 0)
(44 -96 0)
(48 -96 0)
(52 -96 0)
(56 -96 0)
(60 -96 0)
(64 -96 0)
(68 -96 0)
(72 -96 0)
(76 -96 0)
(80 -96 0)
(84 -96 0)
(88 -96 0)
(92 -96 0)
(96 -96 0)
(100 -96 0)
(36 -92 0)
(40 -92 0)
(44 -92 0)
(48 -92 0)
(52 -92 0)
(56 -92 0)
(60 -92 0)
(64 -92 0)
(68 -92 0)
(72 -92 0)
(76 -92 0)
(80 -92 0)
(84 -92 0)
(88 -92 0)
(92 -92 0)
(96 -92 0)
(100 -92 0)
(36 -88 0)
(40 -88 0)
(44 -88 0)
(48 -88 0)
(52 -88 0)
(56 -88 0)
(60 -88 0)
(64 -88 0)
(68 -88 0)
(72 -88 0)
(76 -88 0)
(80 -88 0)
(84 -88 0)
(88 -88 0)
(92 -88 0)
(96 -88 0)
(100 -88 0)
(36 -84 0)
(40 -84 0)
(44 -84 0)
(48 -84 0)
(52 -84 0)
(56 -84 0)
(60 -84 0)
(64 -84 0)
(68 -84 0)
(72 -84 0)
(76 -84 0)
(80 -84 0)
(84 -84 0)
(88 -84 0)
(92 -84 0)
(96 -84 0)
(100 -84 0)
(36 -80 0)
(40 -80 0)
(44 -80 0)
(48 -80 0)
(52 -80 0)
(56 -80 0)
(60 -80 0)
(64 -80 0)
(68 -80 0)
(72 -80 0)
(76 -80 0)
(80 -80 0)
(84 -80 0)
(88 -80 0)
(92 -80 0)
(96 -80 0)
(100 -80 0)
(36 -76 0)
(40 -76 0)
(44 -76 0)
(48 -76 0)
(52 -76 0)
(56 -76 0)
(60 -76 0)
(64 -76 0)
(68 -76 0)
(72 -76 0)
(76 -76 0)
(80 -76 0)
(84 -76 0)
(88 -76 0)
(92 -76 0)
(96 -76 0)
(100 -76 0)
(36 -72 0)
(40 -72 0)
(44 -72 0)
(48 -72 0)
(52 -72 0)
(56 -72 0)
(60 -72 0)
(64 -72 0)
(68 -72 0)
(72 -72 0)
(76 -72 0)
(80 -72 0)
(84 -72 0)
(88 -72 0)
(92 -72 0)
(96 -72 0)
(100 -72 0)
(36 -68 0)
(40 -68 0)
(44 -68 0)
(48 -68 0)
(52 -68 0)
(56 -68 0)
(60 -68 0)
(64 -68 0)
(68 -68 0)
(72 -68 0)
(76 -68 0)
(80 -68 0)
(84 -68 0)
(88 -68 0)
(92 -68 0)
(96 -68 0)
(100 -68 0)
(36 -64 0)
(40 -64 0)
(44 -64 0)
(48 -64 0)
(52 -64 0)
(56 -64 0)
(60 -64 0)
(64 -64 0)
(68 -64 0)
(72 -64 0)
(76 -64 0)
(80 -64 0)
(84 -64 0)
(88 -64 0)
(92 -64 0)
(96 -64 0)
(100 -64 0)
(36 -60 0)
(40 -60 0)
(44 -60 0)
(48 -60 0)
(52 -60 0)
(56 -60 0)
(60 -60 0)
(64 -60 0)
(68 -60 0)
(72 -60 0)
(76 -60 0)
(80 -60 0)
(84 -60 0)
(88 -60 0)
(92 -60 0)
(96 -60 0)
(100 -60 0)
(36 -56 0)
(40 -56 0)
(44 -56 0)
(48 -56 0)
(52 -56 0)
(56 -56 0)
(60 -56 0)
(64 -56 0)
(68 -56 0)
(72 -56 0)
(76 -56 0)
(80 -56 0)
(84 -56 0)
(88 -56 0)
(92 -56 0)
(96 -56 0)
(100 -56 0)
(36 -52 0)
(40 -52 0)
(44 -52 0)
(48 -52 0)
(52 -52 0)
(56 -52 0)
(60 -52 0)
(64 -52 0)
(68 -52 0)
(72 -52 0)
(76 -52 0)
(80 -52 0)
(84 -52 0)
(88 -52 0)
(92 -52 0)
(96 -52 0)
(100 -52 0)
(36 -48 0)
(40 -48 0)
(44 -48 0)
(48 -48 0)
(52 -48 0)
(56 -48 0)
(60 -48 0)
(64 -48 0)
(68 -48 0)
(72 -48 0)
(76 -48 0)
(80 -48 0)
(84 -48 0)
(88 -48 0)
(92 -48 0)
(96 -48 0)
(100 -48 0)
(36 -44 0)
(40 -44 0)
(44 -44 0)
(48 -44 0)
(52 -44 0)
(56 -44 0)
(60 -44 0)
(64 -44 0)
(68 -44 0)
(72 -44 0)
(76 -44 0)
(80 -44 0)
(84 -44 0)
(88 -44 0)
(92 -44 0)
(96 -44 0)
(100 -44 0)
(36 -40 0)
(40 -40 0)
(44 -40 0)
(48 -40 0)
(52 -40 0)
(56 -40 0)
(60 -40 0)
(64 -40 0)
(68 -40 0)
(72 -40 0)
(76 -40 0)
(80 -40 0)
(84 -40 0)
(88 -40 0)
(92 -40 0)
(96 -40 0)
(100 -40 0)
(36 -36 0)
(40 -36 0)
(44 -36 0)
(48 -36 0)
(52 -36 0)
(56 -36 0)
(60 -36 0)
(64 -36 0)
(68 -36 0)
(72 -36 0)
(76 -36 0)
(80 -36 0)
(84 -36 0)
(88 -36 0)
(92 -36 0)
(96 -36 0)
(100 -36 0)
(36 -32 0)
(40 -32 0)
(44 -32 0)
(48 -32 0)
(52 -32 0)
(56 -32 0)
(60 -32 0)
(64 -32 0)
(68 -32 0)
(72 -32 0)
(76 -32 0)
(80 -32 0)
(84 -32 0)
(88 -32 0)
(92 -32 0)
(96 -32 0)
(100 -32 0)
(36 -28 0)
(40 -28 0)
(44 -28 0)
(48 -28 0)
(52 -28 0)
(56 -28 0)
(60 -28 0)
(64 -28 0)
(68 -28 0)
(72 -28 0)
(76 -28 0)
(80 -28 0)
(84 -28 0)
(88 -28 0)
(92 -28 0)
(96 -28 0)
(100 -28 0)
(36 -24 0)
(40 -24 0)
(44 -24 0)
(48 -24 0)
(52 -24 0)
(56 -24 0)
(60 -24 0)
(64 -24 0)
(68 -24 0)
(72 -24 0)
(76 -24 0)
(80 -24 0)
(84 -24 0)
(88 -24 0)
(92 -24 0)
(96 -24 0)
(100 -24 0)
(36 -20 0)
(40 -20 0)
(44 -20 0)
(48 -20 0)
(52 -20 0)
(56 -20 0)
(60 -20 0)
(64 -20 0)
(68 -20 0)
(72 -20 0)
(76 -20 0)
(80 -20 0)
(84 -20 0)
(88 -20 0)
(92 -20 0)
(96 -20 0)
(100 -20 0)
(36 -16 0)
(40 -16 0)
(44 -16 0)
(48 -16 0)
(52 -16 0)
(56 -16 0)
(60 -16 0)
(64 -16 0)
(68 -16 0)
(72 -16 0)
(76 -16 0)
(80 -16 0)
(84 -16 0)
(88 -16 0)
(92 -16 0)
(96 -16 0)
(100 -16 0)
(36 -12 0)
(40 -12 0)
(44 -12 0)
(48 -12 0)
(52 -12 0)
(56 -12 0)
(60 -12 0)
(64 -12 0)
(68 -12 0)
(72 -12 0)
(76 -12 0)
(80 -12 0)
(84 -12 0)
(88 -12 0)
(92 -12 0)
(96 -12 0)
(100 -12 0)
(36 -8 0)
(40 -8 0)
(44 -8 0)
(48 -8 0)
(52 -8 0)
(56 -8 0)
(60 -8 0)
(64 -8 0)
(68 -8 0)
(72 -8 0)
(76 -8 0)
(80 -8 0)
(84 -8 0)
(88 -8 0)
(92 -8 0)
(96 -8 0)
(100 -8 0)
(36 -4 0)
(40 -4 0)
(44 -4 0)
(36 -100 5)
(40 -100 5)
(44 -100 5)
(48 -100 5)
(52 -100 5)
(56 -100 5)
(60 -100 5)
(64 -100 5)
(68 -100 5)
(72 -100 5)
(76 -100 5)
(80 -100 5)
(84 -100 5)
(88 -100 5)
(92 -100 5)
(96 -100 5)
(100 -100 5)
(36 -96 5)
(40 -96 5)
(44 -96 5)
(48 -96 5)
(52 -96 5)
(56 -96 5)
(60 -96 5)
(64 -96 5)
(68 -96 5)
(72 -96 5)
(76 -96 5)
(80 -96 5)
(84 -96 5)
(88 -96 5)
(92 -96 5)
(96 -96 5)
(100 -96 5)
(36 -92 5)
(40 -92 5)
(44 -92 5)
(48 -92 5)
(52 -92 5)
(56 -92 5)
(60 -92 5)
(64 -92 5)
(68 -92 5)
(72 -92 5)
(76 -92 5)
(80 -92 5)
(84 -92 5)
(88 -92 5)
(92 -92 5)
(96 -92 5)
(100 -92 5)
(36 -88 5)
(40 -88 5)
(44 -88 5)
(48 -88 5)
(52 -88 5)
(56 -88 5)
(60 -88 5)
(64 -88 5)
(68 -88 5)
(72 -88 5)
(76 -88 5)
(80 -88 5)
(84 -88 5)
(88 -88 5)
(92 -88 5)
(96 -88 5)
(100 -88 5)
(36 -84 5)
(40 -84 5)
(44 -84 5)
(48 -84 5)
(52 -84 5)
(56 -84 5)
(60 -84 5)
(64 -84 5)
(68 -84 5)
(72 -84 5)
(76 -84 5)
(80 -84 5)
(84 -84 5)
(88 -84 5)
(92 -84 5)
(96 -84 5)
(100 -84 5)
(36 -80 5)
(40 -80 5)
(44 -80 5)
(48 -80 5)
(52 -80 5)
(56 -80 5)
(60 -80 5)
(64 -80 5)
(68 -80 5)
(72 -80 5)
(76 -80 5)
(80 -80 5)
(84 -80 5)
(88 -80 5)
(92 -80 5)
(96 -80 5)
(100 -80 5)
(36 -76 5)
(40 -76 5)
(44 -76 5)
(48 -76 5)
(52 -76 5)
(56 -76 5)
(60 -76 5)
(64 -76 5)
(68 -76 5)
(72 -76 5)
(76 -76 5)
(80 -76 5)
(84 -76 5)
(88 -76 5)
(92 -76 5)
(96 -76 5)
(100 -76 5)
(36 -72 5)
(40 -72 5)
(44 -72 5)
(48 -72 5)
(52 -72 5)
(56 -72 5)
(60 -72 5)
(64 -72 5)
(68 -72 5)
(72 -72 5)
(76 -72 5)
(80 -72 5)
(84 -72 5)
(88 -72 5)
(92 -72 5)
(96 -72 5)
(100 -72 5)
(36 -68 5)
(40 -68 5)
(44 -68 5)
(48 -68 5)
(52 -68 5)
(56 -68 5)
(60 -68 5)
(64 -68 5)
(68 -68 5)
(72 -68 5)
(76 -68 5)
(80 -68 5)
(84 -68 5)
(88 -68 5)
(92 -68 5)
(96 -68 5)
(100 -68 5)
(36 -64 5)
(40 -64 5)
(44 -64 5)
(48 -64 5)
(52 -64 5)
(56 -64 5)
(60 -64 5)
(64 -64 5)
(68 -64 5)
(72 -64 5)
(76 -64 5)
(80 -64 5)
(84 -64 5)
(88 -64 5)
(92 -64 5)
(96 -64 5)
(100 -64 5)
(36 -60 5)
(40 -60 5)
(44 -60 5)
(48 -60 5)
(52 -60 5)
(56 -60 5)
(60 -60 5)
(64 -60 5)
(68 -60 5)
(72 -60 5)
(76 -60 5)
(80 -60 5)
(84 -60 5)
(88 -60 5)
(92 -60 5)
(96 -60 5)
(100 -60 5)
(36 -56 5)
(40 -56 5)
(44 -56 5)
(48 -56 5)
(52 -56 5)
(56 -56 5)
(60 -56 5)
(64 -56 5)
(68 -56 5)
(72 -56 5)
(76 -56 5)
(80 -56 5)
(84 -56 5)
(88 -56 5)
(92 -56 5)
(96 -56 5)
(100 -56 5)
(36 -52 5)
(40 -52 5)
(44 -52 5)
(48 -52 5)
(52 -52 5)
(56 -52 5)
(60 -52 5)
(64 -52 5)
(68 -52 5)
(72 -52 5)
(76 -52 5)
(80 -52 5)
(84 -52 5)
(88 -52 5)
(92 -52 5)
(96 -52 5)
(100 -52 5)
(36 -48 5)
(40 -48 5)
(44 -48 5)
(48 -48 5)
(52 -48 5)
(56 -48 5)
(60 -48 5)
(64 -48 5)
(68 -48 5)
(72 -48 5)
(76 -48 5)
(80 -48 5)
(84 -48 5)
(88 -48 5)
(92 -48 5)
(96 -48 5)
(100 -48 5)
(36 -44 5)
(40 -44 5)
(44 -44 5)
(48 -44 5)
(52 -44 5)
(56 -44 5)
(60 -44 5)
(64 -44 5)
(68 -44 5)
(72 -44 5)
(76 -44 5)
(80 -44 5)
(84 -44 5)
(88 -44 5)
(92 -44 5)
(96 -44 5)
(100 -44 5)
(36 -40 5)
(40 -40 5)
(44 -40 5)
(48 -40 5)
(52 -40 5)
(56 -40 5)
(60 -40 5)
(64 -40 5)
(68 -40 5)
(72 -40 5)
(76 -40 5)
(80 -40 5)
(84 -40 5)
(88 -40 5)
(92 -40 5)
(96 -40 5)
(100 -40 5)
(36 -36 5)
(40 -36 5)
(44 -36 5)
(48 -36 5)
(52 -36 5)
(56 -36 5)
(60 -36 5)
(64 -36 5)
(68 -36 5)
(72 -36 5)
(76 -36 5)
(80 -36 5)
(84 -36 5)
(88 -36 5)
(92 -36 5)
(96 -36 5)
(100 -36 5)
(36 -32 5)
(40 -32 5)
(44 -32 5)
(48 -32 5)
(52 -32 5)
(56 -32 5)
(60 -32 5)
(64 -32 5)
(68 -32 5)
(72 -32 5)
(76 -32 5)
(80 -32 5)
(84 -32 5)
(88 -32 5)
(92 -32 5)
(96 -32 5)
(100 -32 5)
(36 -28 5)
(40 -28 5)
(44 -28 5)
(48 -28 5)
(52 -28 5)
(56 -28 5)
(60 -28 5)
(64 -28 5)
(68 -28 5)
(72 -28 5)
(76 -28 5)
(80 -28 5)
(84 -28 5)
(88 -28 5)
(92 -28 5)
(96 -28 5)
(100 -28 5)
(36 -24 5)
(40 -24 5)
(44 -24 5)
(48 -24 5)
(52 -24 5)
(56 -24 5)
(60 -24 5)
(64 -24 5)
(68 -24 5)
(72 -24 5)
(76 -24 5)
(80 -24 5)
(84 -24 5)
(88 -24 5)
(92 -24 5)
(96 -24 5)
(100 -24 5)
(36 -20 5)
(40 -20 5)
(44 -20 5)
(48 -20 5)
(52 -20 5)
(56 -20 5)
(60 -20 5)
(64 -20 5)
(68 -20 5)
(72 -20 5)
(76 -20 5)
(80 -20 5)
(84 -20 5)
(88 -20 5)
(92 -20 5)
(96 -20 5)
(100 -20 5)
(36 -16 5)
(40 -16 5)
(44 -16 5)
(48 -16 5)
(52 -16 5)
(56 -16 5)
(60 -16 5)
(64 -16 5)
(68 -16 5)
(72 -16 5)
(76 -16 5)
(80 -16 5)
(84 -16 5)
(88 -16 5)
(92 -16 5)
(96 -16 5)
(100 -16 5)
(36 -12 5)
(40 -12 5)
(44 -12 5)
(48 -12 5)
(52 -12 5)
(56 -12 5)
(60 -12 5)
(64 -12 5)
(68 -12 5)
(72 -12 5)
(76 -12 5)
(80 -12 5)
(84 -12 5)
(88 -12 5)
(92 -12 5)
(96 -12 5)
(100 -12 5)
(36 -8 5)
(40 -8 5)
(44 -8 5)
(48 -8 5)
(52 -8 5)
(56 -8 5)
(60 -8 5)
(64 -8 5)
(68 -8 5)
(72 -8 5)
(76 -8 5)
(80 -8 5)
(84 -8 5)
(88 -8 5)
(92 -8 5)
(96 -8 5)
(100 -8 5)
(36 -4 5)
(40 -4 5)
(44 -4 5)
(36 -100 10)
(40 -100 10)
(44 -100 10)
(48 -100 10)
(52 -100 10)
(56 -100 10)
(60 -100 10)
(64 -100 10)
(68 -100 10)
(72 -100 10)
(76 -100 10)
(80 -100 10)
(84 -100 10)
(88 -100 10)
(92 -100 10)
(96 -100 10)
(100 -100 10)
(36 -96 10)
(40 -96 10)
(44 -96 10)
(48 -96 10)
(52 -96 10)
(56 -96 10)
(60 -96 10)
(64 -96 10)
(68 -96 10)
(72 -96 10)
(76 -96 10)
(80 -96 10)
(84 -96 10)
(88 -96 10)
(92 -96 10)
(96 -96 10)
(100 -96 10)
(36 -92 10)
(40 -92 10)
(44 -92 10)
(48 -92 10)
(52 -92 10)
(56 -92 10)
(60 -92 10)
(64 -92 10)
(68 -92 10)
(72 -92 10)
(76 -92 10)
(80 -92 10)
(84 -92 10)
(88 -92 10)
(92 -92 10)
(96 -92 10)
(100 -92 10)
(36 -88 10)
(40 -88 10)
(44 -88 10)
(48 -88 10)
(52 -88 10)
(56 -88 10)
(60 -88 10)
(64 -88 10)
(68 -88 10)
(72 -88 10)
(76 -88 10)
(80 -88 10)
(84 -88 10)
(88 -88 10)
(92 -88 10)
(96 -88 10)
(100 -88 10)
(36 -84 10)
(40 -84 10)
(44 -84 10)
(48 -84 10)
(52 -84 10)
(56 -84 10)
(60 -84 10)
(64 -84 10)
(68 -84 10)
(72 -84 10)
(76 -84 10)
(80 -84 10)
(84 -84 10)
(88 -84 10)
(92 -84 10)
(96 -84 10)
(100 -84 10)
(36 -80 10)
(40 -80 10)
(44 -80 10)
(48 -80 10)
(52 -80 10)
(56 -80 10)
(60 -80 10)
(64 -80 10)
(68 -80 10)
(72 -80 10)
(76 -80 10)
(80 -80 10)
(84 -80 10)
(88 -80 10)
(92 -80 10)
(96 -80 10)
(100 -80 10)
(36 -76 10)
(40 -76 10)
(44 -76 10)
(48 -76 10)
(52 -76 10)
(56 -76 10)
(60 -76 10)
(64 -76 10)
(68 -76 10)
(72 -76 10)
(76 -76 10)
(80 -76 10)
(84 -76 10)
(88 -76 10)
(92 -76 10)
(96 -76 10)
(100 -76 10)
(36 -72 10)
(40 -72 10)
(44 -72 10)
(48 -72 10)
(52 -72 10)
(56 -72 10)
(60 -72 10)
(64 -72 10)
(68 -72 10)
(72 -72 10)
(76 -72 10)
(80 -72 10)
(84 -72 10)
(88 -72 10)
(92 -72 10)
(96 -72 10)
(100 -72 10)
(36 -68 10)
(40 -68 10)
(44 -68 10)
(48 -68 10)
(52 -68 10)
(56 -68 10)
(60 -68 10)
(64 -68 10)
(68 -68 10)
(72 -68 10)
(76 -68 10)
(80 -68 10)
(84 -68 10)
(88 -68 10)
(92 -68 10)
(96 -68 10)
(100 -68 10)
(36 -64 10)
(40 -64 10)
(44 -64 10)
(48 -64 10)
(52 -64 10)
(56 -64 10)
(60 -64 10)
(64 -64 10)
(68 -64 10)
(72 -64 10)
(76 -64 10)
(80 -64 10)
(84 -64 10)
(88 -64 10)
(92 -64 10)
(96 -64 10)
(100 -64 10)
(36 -60 10)
(40 -60 10)
(44 -60 10)
(48 -60 10)
(52 -60 10)
(56 -60 10)
(60 -60 10)
(64 -60 10)
(68 -60 10)
(72 -60 10)
(76 -60 10)
(80 -60 10)
(84 -60 10)
(88 -60 10)
(92 -60 10)
(96 -60 10)
(100 -60 10)
(36 -56 10)
(40 -56 10)
(44 -56 10)
(48 -56 10)
(52 -56 10)
(56 -56 10)
(60 -56 10)
(64 -56 10)
(68 -56 10)
(72 -56 10)
(76 -56 10)
(80 -56 10)
(84 -56 10)
(88 -56 10)
(92 -56 10)
(96 -56 10)
(100 -56 10)
(36 -52 10)
(40 -52 10)
(44 -52 10)
(48 -52 10)
(52 -52 10)
(56 -52 10)
(60 -52 10)
(64 -52 10)
(68 -52 10)
(72 -52 10)
(76 -52 10)
(80 -52 10)
(84 -52 10)
(88 -52 10)
(92 -52 10)
(96 -52 10)
(100 -52 10)
(36 -48 10)
(40 -48 10)
(44 -48 10)
(48 -48 10)
(52 -48 10)
(56 -48 10)
(60 -48 10)
(64 -48 10)
(68 -48 10)
(72 -48 10)
(76 -48 10)
(80 -48 10)
(84 -48 10)
(88 -48 10)
(92 -48 10)
(96 -48 10)
(100 -48 10)
(36 -44 10)
(40 -44 10)
(44 -44 10)
(48 -44 10)
(52 -44 10)
(56 -44 10)
(60 -44 10)
(64 -44 10)
(68 -44 10)
(72 -44 10)
(76 -44 10)
(80 -44 10)
(84 -44 10)
(88 -44 10)
(92 -44 10)
(96 -44 10)
(100 -44 10)
(36 -40 10)
(40 -40 10)
(44 -40 10)
(48 -40 10)
(52 -40 10)
(56 -40 10)
(60 -40 10)
(64 -40 10)
(68 -40 10)
(72 -40 10)
(76 -40 10)
(80 -40 10)
(84 -40 10)
(88 -40 10)
(92 -40 10)
(96 -40 10)
(100 -40 10)
(36 -36 10)
(40 -36 10)
(44 -36 10)
(48 -36 10)
(52 -36 10)
(56 -36 10)
(60 -36 10)
(64 -36 10)
(68 -36 10)
(72 -36 10)
(76 -36 10)
(80 -36 10)
(84 -36 10)
(88 -36 10)
(92 -36 10)
(96 -36 10)
(100 -36 10)
(36 -32 10)
(40 -32 10)
(44 -32 10)
(48 -32 10)
(52 -32 10)
(56 -32 10)
(60 -32 10)
(64 -32 10)
(68 -32 10)
(72 -32 10)
(76 -32 10)
(80 -32 10)
(84 -32 10)
(88 -32 10)
(92 -32 10)
(96 -32 10)
(100 -32 10)
(36 -28 10)
(40 -28 10)
(44 -28 10)
(48 -28 10)
(52 -28 10)
(56 -28 10)
(60 -28 10)
(64 -28 10)
(68 -28 10)
(72 -28 10)
(76 -28 10)
(80 -28 10)
(84 -28 10)
(88 -28 10)
(92 -28 10)
(96 -28 10)
(100 -28 10)
(36 -24 10)
(40 -24 10)
(44 -24 10)
(48 -24 10)
(52 -24 10)
(56 -24 10)
(60 -24 10)
(64 -24 10)
(68 -24 10)
(72 -24 10)
(76 -24 10)
(80 -24 10)
(84 -24 10)
(88 -24 10)
(92 -24 10)
(96 -24 10)
(100 -24 10)
(36 -20 10)
(40 -20 10)
(44 -20 10)
(48 -20 10)
(52 -20 10)
(56 -20 10)
(60 -20 10)
(64 -20 10)
(68 -20 10)
(72 -20 10)
(76 -20 10)
(80 -20 10)
(84 -20 10)
(88 -20 10)
(92 -20 10)
(96 -20 10)
(100 -20 10)
(36 -16 10)
(40 -16 10)
(44 -16 10)
(48 -16 10)
(52 -16 10)
(56 -16 10)
(60 -16 10)
(64 -16 10)
(68 -16 10)
(72 -16 10)
(76 -16 10)
(80 -16 10)
(84 -16 10)
(88 -16 10)
(92 -16 10)
(96 -16 10)
(100 -16 10)
(36 -12 10)
(40 -12 10)
(44 -12 10)
(48 -12 10)
(52 -12 10)
(56 -12 10)
(60 -12 10)
(64 -12 10)
(68 -12 10)
(72 -12 10)
(76 -12 10)
(80 -12 10)
(84 -12 10)
(88 -12 10)
(92 -12 10)
(96 -12 10)
(100 -12 10)
(36 -8 10)
(40 -8 10)
(44 -8 10)
(48 -8 10)
(52 -8 10)
(56 -8 10)
(60 -8 10)
(64 -8 10)
(68 -8 10)
(72 -8 10)
(76 -8 10)
(80 -8 10)
(84 -8 10)
(88 -8 10)
(92 -8 10)
(96 -8 10)
(100 -8 10)
(36 -4 10)
(40 -4 10)
(44 -4 10)
(48 -4 10)
(52 -4 10)
(36 -100 15)
(40 -100 15)
(44 -100 15)
(48 -100 15)
(52 -100 15)
(56 -100 15)
(60 -100 15)
(64 -100 15)
(68 -100 15)
(72 -100 15)
(76 -100 15)
(80 -100 15)
(84 -100 15)
(88 -100 15)
(92 -100 15)
(96 -100 15)
(100 -100 15)
(36 -96 15)
(40 -96 15)
(44 -96 15)
(48 -96 15)
(52 -96 15)
(56 -96 15)
(60 -96 15)
(64 -96 15)
(68 -96 15)
(72 -96 15)
(76 -96 15)
(80 -96 15)
(84 -96 15)
(88 -96 15)
(92 -96 15)
(96 -96 15)
(100 -96 15)
(36 -92 15)
(40 -92 15)
(44 -92 15)
(48 -92 15)
(52 -92 15)
(56 -92 15)
(60 -92 15)
(64 -92 15)
(68 -92 15)
(72 -92 15)
(76 -92 15)
(80 -92 15)
(84 -92 15)
(88 -92 15)
(92 -92 15)
(96 -92 15)
(100 -92 15)
(36 -88 15)
(40 -88 15)
(44 -88 15)
(48 -88 15)
(52 -88 15)
(56 -88 15)
(60 -88 15)
(64 -88 15)
(68 -88 15)
(72 -88 15)
(76 -88 15)
(80 -88 15)
(84 -88 15)
(88 -88 15)
(92 -88 15)
(96 -88 15)
(100 -88 15)
(36 -84 15)
(40 -84 15)
(44 -84 15)
(48 -84 15)
(52 -84 15)
(56 -84 15)
(60 -84 15)
(64 -84 15)
(68 -84 15)
(72 -84 15)
(76 -84 15)
(80 -84 15)
(84 -84 15)
(88 -84 15)
(92 -84 15)
(96 -84 15)
(100 -84 15)
(36 -80 15)
(40 -80 15)
(44 -80 15)
(48 -80 15)
(52 -80 15)
(56 -80 15)
(60 -80 15)
(64 -80 15)
(68 -80 15)
(72 -80 15)
(76 -80 15)
(80 -80 15)
(84 -80 15)
(88 -80 15)
(92 -80 15)
(96 -80 15)
(100 -80 15)
(36 -76 15)
(40 -76 15)
(44 -76 15)
(48 -76 15)
(52 -76 15)
(56 -76 15)
(60 -76 15)
(64 -76 15)
(68 -76 15)
(72 -76 15)
(76 -76 15)
(80 -76 15)
(84 -76 15)
(88 -76 15)
(92 -76 15)
(96 -76 15)
(100 -76 15)
(36 -72 15)
(40 -72 15)
(44 -72 15)
(48 -72 15)
(52 -72 15)
(56 -72 15)
(60 -72 15)
(64 -72 15)
(68 -72 15)
(72 -72 15)
(76 -72 15)
(80 -72 15)
(84 -72 15)
(88 -72 15)
(92 -72 15)
(96 -72 15)
(100 -72 15)
(36 -68 15)
(40 -68 15)
(44 -68 15)
(48 -68 15)
(52 -68 15)
(56 -68 15)
(60 -68 15)
(64 -68 15)
(68 -68 15)
(72 -68 15)
(76 -68 15)
(80 -68 15)
(84 -68 15)
(88 -68 15)
(92 -68 15)
(96 -68 15)
(100 -68 15)
(36 -64 15)
(40 -64 15)
(44 -64 15)
(48 -64 15)
(52 -64 15)
(56 -64 15)
(60 -64 15)
(64 -64 15)
(68 -64 15)
(72 -64 15)
(76 -64 15)
(80 -64 15)
(84 -64 15)
(88 -64 15)
(92 -64 15)
(96 -64 15)
(100 -64 15)
(36 -60 15)
(40 -60 15)
(44 -60 15)
(48 -60 15)
(52 -60 15)
(56 -60 15)
(60 -60 15)
(64 -60 15)
(68 -60 15)
(72 -60 15)
(76 -60 15)
(80 -60 15)
(84 -60 15)
(88 -60 15)
(92 -60 15)
(96 -60 15)
(100 -60 15)
(36 -56 15)
(40 -56 15)
(44 -56 15)
(48 -56 15)
(52 -56 15)
(56 -56 15)
(60 -56 15)
(64 -56 15)
(68 -56 15)
(72 -56 15)
(76 -56 15)
(80 -56 15)
(84 -56 15)
(88 -56 15)
(92 -56 15)
(96 -56 15)
(100 -56 15)
(36 -52 15)
(40 -52 15)
(44 -52 15)
(48 -52 15)
(52 -52 15)
(56 -52 15)
(60 -52 15)
(64 -52 15)
(68 -52 15)
(72 -52 15)
(76 -52 15)
(80 -52 15)
(84 -52 15)
(88 -52 15)
(92 -52 15)
(96 -52 15)
(100 -52 15)
(36 -48 15)
(40 -48 15)
(44 -48 15)
(48 -48 15)
(52 -48 15)
(56 -48 15)
(60 -48 15)
(64 -48 15)
(68 -48 15)
(72 -48 15)
(76 -48 15)
(80 -48 15)
(84 -48 15)
(88 -48 15)
(92 -48 15)
(96 -48 15)
(100 -48 15)
(36 -44 15)
(40 -44 15)
(44 -44 15)
(48 -44 15)
(52 -44 15)
(56 -44 15)
(60 -44 15)
(64 -44 15)
(68 -44 15)
(72 -44 15)
(76 -44 15)
(80 -44 15)
(84 -44 15)
(88 -44 15)
(92 -44 15)
(96 -44 15)
(100 -44 15)
(36 -40 15)
(40 -40 15)
(44 -40 15)
(48 -40 15)
(52 -40 15)
(56 -40 15)
(60 -40 15)
(64 -40 15)
(68 -40 15)
(72 -40 15)
(76 -40 15)
(80 -40 15)
(84 -40 15)
(88 -40 15)
(92 -40 15)
(96 -40 15)
(100 -40 15)
(36 -36 15)
(40 -36 15)
(44 -36 15)
(48 -36 15)
(52 -36 15)
(56 -36 15)
(60 -36 15)
(64 -36 15)
(68 -36 15)
(72 -36 15)
(76 -36 15)
(80 -36 15)
(84 -36 15)
(88 -36 15)
(92 -36 15)
(96 -36 15)
(100 -36 15)
(36 -32 15)
(40 -32 15)
(44 -32 15)
(48 -32 15)
(52 -32 15)
(56 -32 15)
(60 -32 15)
(64 -32 15)
(68 -32 15)
(72 -32 15)
(76 -32 15)
(80 -32 15)
(84 -32 15)
(88 -32 15)
(92 -32 15)
(96 -32 15)
(100 -32 15)
(36 -28 15)
(40 -28 15)
(44 -28 15)
(48 -28 15)
(52 -28 15)
(56 -28 15)
(60 -28 15)
(64 -28 15)
(68 -28 15)
(72 -28 15)
(76 -28 15)
(80 -28 15)
(84 -28 15)
(88 -28 15)
(92 -28 15)
(96 -28 15)
(100 -28 15)
(36 -24 15)
(40 -24 15)
(44 -24 15)
(48 -24 15)
(52 -24 15)
(56 -24 15)
(60 -24 15)
(64 -24 15)
(68 -24 15)
(72 -24 15)
(76 -24 15)
(80 -24 15)
(84 -24 15)
(88 -24 15)
(92 -24 15)
(96 -24 15)
(100 -24 15)
(36 -20 15)
(40 -20 15)
(44 -20 15)
(48 -20 15)
(52 -20 15)
(56 -20 15)
(60 -20 15)
(64 -20 15)
(68 -20 15)
(72 -20 15)
(76 -20 15)
(80 -20 15)
(84 -20 15)
(88 -20 15)
(92 -20 15)
(96 -20 15)
(100 -20 15)
(36 -16 15)
(40 -16 15)
(44 -16 15)
(48 -16 15)
(52 -16 15)
(56 -16 15)
(60 -16 15)
(64 -16 15)
(68 -16 15)
(72 -16 15)
(76 -16 15)
(80 -16 15)
(84 -16 15)
(88 -16 15)
(92 -16 15)
(96 -16 15)
(100 -16 15)
(36 -12 15)
(40 -12 15)
(44 -12 15)
(48 -12 15)
(52 -12 15)
(56 -12 15)
(60 -12 15)
(64 -12 15)
(68 -12 15)
(72 -12 15)
(76 -12 15)
(80 -12 15)
(84 -12 15)
(88 -12 15)
(92 -12 15)
(96 -12 15)
(100 -12 15)
(36 -8 15)
(40 -8 15)
(44 -8 15)
(48 -8 15)
(52 -8 15)
(56 -8 15)
(60 -8 15)
(64 -8 15)
(68 -8 15)
(72 -8 15)
(76 -8 15)
(80 -8 15)
(84 -8 15)
(88 -8 15)
(92 -8 15)
(96 -8 15)
(100 -8 15)
(36 -4 15)
(40 -4 15)
(44 -4 15)
(48 -4 15)
(52 -4 15)
(56 -4 15)
(60 -4 15)
(64 -4 15)
(36 -100 20)
(40 -100 20)
(44 -100 20)
(48 -100 20)
(52 -100 20)
(56 -100 20)
(60 -100 20)
(64 -100 20)
(68 -100 20)
(72 -100 20)
(76 -100 20)
(80 -100 20)
(84 -100 20)
(88 -100 20)
(92 -100 20)
(96 -100 20)
(100 -100 20)
(36 -96 20)
(40 -96 20)
(44 -96 20)
(48 -96 20)
(52 -96 20)
(56 -96 20)
(60 -96 20)
(64 -96 20)
(68 -96 20)
(72 -96 20)
(76 -96 20)
(80 -96 20)
(84 -96 20)
(88 -96 20)
(92 -96 20)
(96 -96 20)
(100 -96 20)
(36 -92 20)
(40 -92 20)
(44 -92 20)
(48 -92 20)
(52 -92 20)
(56 -92 20)
(60 -92 20)
(64 -92 20)
(68 -92 20)
(72 -92 20)
(76 -92 20)
(80 -92 20)
(84 -92 20)
(88 -92 20)
(92 -92 20)
(96 -92 20)
(100 -92 20)
(36 -88 20)
(40 -88 20)
(44 -88 20)
(48 -88 20)
(52 -88 20)
(56 -88 20)
(60 -88 20)
(64 -88 20)
(68 -88 20)
(72 -88 20)
(76 -88 20)
(80 -88 20)
(84 -88 20)
(88 -88 20)
(92 -88 20)
(96 -88 20)
(100 -88 20)
(36 -84 20)
(40 -84 20)
(44 -84 20)
(48 -84 20)
(52 -84 20)
(56 -84 20)
(60 -84 20)
(64 -84 20)
(68 -84 20)
(72 -84 20)
(76 -84 20)
(80 -84 20)
(84 -84 20)
(88 -84 20)
(92 -84 20)
(96 -84 20)
(100 -84 20)
(36 -80 20)
(40 -80 20)
(44 -80 20)
(48 -80 20)
(52 -80 20)
(56 -80 20)
(60 -80 20)
(64 -80 20)
(68 -80 20)
(72 -80 20)
(76 -80 20)
(80 -80 20)
(84 -80 20)
(88 -80 20)
(92 -80 20)
(96 -80 20)
(100 -80 20)
(36 -76 20)
(40 -76 20)
(44 -76 20)
(48 -76 20)
(52 -76 20)
(56 -76 20)
(60 -76 20)
(64 -76 20)
(68 -76 20)
(72 -76 20)
(76 -76 20)
(80 -76 20)
(84 -76 20)
(88 -76 20)
(92 -76 20)
(96 -76 20)
(100 -76 20)
(36 -72 20)
(40 -72 20)
(44 -72 20)
(48 -72 20)
(52 -72 20)
(56 -72 20)
(60 -72 20)
(64 -72 20)
(68 -72 20)
(72 -72 20)
(76 -72 20)
(80 -72 20)
(84 -72 20)
(88 -72 20)
(92 -72 20)
(96 -72 20)
(100 -72 20)
(36 -68 20)
(40 -68 20)
(44 -68 20)
(48 -68 20)
(52 -68 20)
(56 -68 20)
(60 -68 20)
(64 -68 20)
(68 -68 20)
(72 -68 20)
(76 -68 20)
(80 -68 20)
(84 -68 20)
(88 -68 20)
(92 -68 20)
(96 -68 20)
(100 -68 20)
(36 -64 20)
(40 -64 20)
(44 -64 20)
(48 -64 20)
(52 -64 20)
(56 -64 20)
(60 -64 20)
(64 -64 20)
(68 -64 20)
(72 -64 20)
(76 -64 20)
(80 -64 20)
(84 -64 20)
(88 -64 20)
(92 -64 20)
(96 -64 20)
(100 -64 20)
(36 -60 20)
(40 -60 20)
(44 -60 20)
(48 -60 20)
(52 -60 20)
(56 -60 20)
(60 -60 20)
(64 -60 20)
(68 -60 20)
(72 -60 20)
(76 -60 20)
(80 -60 20)
(84 -60 20)
(88 -60 20)
(92 -60 20)
(96 -60 20)
(100 -60 20)
(36 -56 20)
(40 -56 20)
(44 -56 20)
(48 -56 20)
(52 -56 20)
(56 -56 20)
(60 -56 20)
(64 -56 20)
(68 -56 20)
(72 -56 20)
(76 -56 20)
(80 -56 20)
(84 -56 20)
(88 -56 20)
(92 -56 20)
(96 -56 20)
(100 -56 20)
(36 -52 20)
(40 -52 20)
(44 -52 20)
(48 -52 20)
(52 -52 20)
(56 -52 20)
(60 -52 20)
(64 -52 20)
(68 -52 20)
(72 -52 20)
(76 -52 20)
(80 -52 20)
(84 -52 20)
(88 -52 20)
(92 -52 20)
(96 -52 20)
(100 -52 20)
(36 -48 20)
(40 -48 20)
(44 -48 20)
(48 -48 20)
(52 -48 20)
(56 -48 20)
(60 -48 20)
(64 -48 20)
(68 -48 20)
(72 -48 20)
(76 -48 20)
(80 -48 20)
(84 -48 20)
(88 -48 20)
(92 -48 20)
(96 -48 20)
(100 -48 20)
(36 -44 20)
(40 -44 20)
(44 -44 20)
(48 -44 20)
(52 -44 20)
(56 -44 20)
(60 -44 20)
(64 -44 20)
(68 -44 20)
(72 -44 20)
(76 -44 20)
(80 -44 20)
(84 -44 20)
(88 -44 20)
(92 -44 20)
(96 -44 20)
(100 -44 20)
(36 -40 20)
(40 -40 20)
(44 -40 20)
(48 -40 20)
(52 -40 20)
(56 -40 20)
(60 -40 20)
(64 -40 20)
(68 -40 20)
(72 -40 20)
(76 -40 20)
(80 -40 20)
(84 -40 20)
(88 -40 20)
(92 -40 20)
(96 -40 20)
(100 -40 20)
(36 -36 20)
(40 -36 20)
(44 -36 20)
(48 -36 20)
(52 -36 20)
(56 -36 20)
(60 -36 20)
(64 -36 20)
(68 -36 20)
(72 -36 20)
(76 -36 20)
(80 -36 20)
(84 -36 20)
(88 -36 20)
(92 -36 20)
(96 -36 20)
(100 -36 20)
(36 -32 20)
(40 -32 20)
(44 -32 20)
(48 -32 20)
(52 -32 20)
(56 -32 20)
(60 -32 20)
(64 -32 20)
(68 -32 20)
(72 -32 20)
(76 -32 20)
(80 -32 20)
(84 -32 20)
(88 -32 20)
(92 -32 20)
(96 -32 20)
(100 -32 20)
(36 -28 20)
(40 -28 20)
(44 -28 20)
(48 -28 20)
(52 -28 20)
(56 -28 20)
(60 -28 20)
(64 -28 20)
(68 -28 20)
(72 -28 20)
(76 -28 20)
(80 -28 20)
(84 -28 20)
(88 -28 20)
(92 -28 20)
(96 -28 20)
(100 -28 20)
(36 -24 20)
(40 -24 20)
(44 -24 20)
(48 -24 20)
(52 -24 20)
(56 -24 20)
(60 -24 20)
(64 -24 20)
(68 -24 20)
(72 -24 20)
(76 -24 20)
(80 -24 20)
(84 -24 20)
(88 -24 20)
(92 -24 20)
(96 -24 20)
(100 -24 20)
(36 -20 20)
(40 -20 20)
(44 -20 20)
(48 -20 20)
(52 -20 20)
(56 -20 20)
(60 -20 20)
(64 -20 20)
(68 -20 20)
(72 -20 20)
(76 -20 20)
(80 -20 20)
(84 -20 20)
(88 -20 20)
(92 -20 20)
(96 -20 20)
(100 -20 20)
(36 -16 20)
(40 -16 20)
(44 -16 20)
(48 -16 20)
(52 -16 20)
(56 -16 20)
(60 -16 20)
(64 -16 20)
(68 -16 20)
(72 -16 20)
(76 -16 20)
(80 -16 20)
(84 -16 20)
(88 -16 20)
(92 -16 20)
(96 -16 20)
(100 -16 20)
(36 -12 20)
(40 -12 20)
(44 -12 20)
(48 -12 20)
(52 -12 20)
(56 -12 20)
(60 -12 20)
(64 -12 20)
(68 -12 20)
(72 -12 20)
(76 -12 20)
(80 -12 20)
(84 -12 20)
(88 -12 20)
(92 -12 20)
(96 -12 20)
(100 -12 20)
(36 -8 20)
(40 -8 20)
(44 -8 20)
(48 -8 20)
(52 -8 20)
(56 -8 20)
(60 -8 20)
(64 -8 20)
(68 -8 20)
(72 -8 20)
(76 -8 20)
(80 -8 20)
(84 -8 20)
(88 -8 20)
(92 -8 20)
(96 -8 20)
(100 -8 20)
(36 -4 20)
(40 -4 20)
(44 -4 20)
(48 -4 20)
(52 -4 20)
(56 -4 20)
(60 -4 20)
(64 -4 20)
(68 -4 20)
(72 -4 20)
(36 -100 25)
(40 -100 25)
(44 -100 25)
(48 -100 25)
(52 -100 25)
(56 -100 25)
(60 -100 25)
(64 -100 25)
(68 -100 25)
(72 -100 25)
(76 -100 25)
(80 -100 25)
(84 -100 25)
(88 -100 25)
(92 -100 25)
(96 -100 25)
(100 -100 25)
(36 -96 25)
(40 -96 25)
(44 -96 25)
(48 -96 25)
(52 -96 25)
(56 -96 25)
(60 -96 25)
(64 -96 25)
(68 -96 25)
(72 -96 25)
(76 -96 25)
(80 -96 25)
(84 -96 25)
(88 -96 25)
(92 -96 25)
(96 -96 25)
(100 -96 25)
(36 -92 25)
(40 -92 25)
(44 -92 25)
(48 -92 25)
(52 -92 25)
(56 -92 25)
(60 -92 25)
(64 -92 25)
(68 -92 25)
(72 -92 25)
(76 -92 25)
(80 -92 25)
(84 -92 25)
(88 -92 25)
(92 -92 25)
(96 -92 25)
(100 -92 25)
(36 -88 25)
(40 -88 25)
(44 -88 25)
(48 -88 25)
(52 -88 25)
(56 -88 25)
(60 -88 25)
(64 -88 25)
(68 -88 25)
(72 -88 25)
(76 -88 25)
(80 -88 25)
(84 -88 25)
(88 -88 25)
(92 -88 25)
(96 -88 25)
(100 -88 25)
(36 -84 25)
(40 -84 25)
(44 -84 25)
(48 -84 25)
(52 -84 25)
(56 -84 25)
(60 -84 25)
(64 -84 25)
(68 -84 25)
(72 -84 25)
(76 -84 25)
(80 -84 25)
(84 -84 25)
(88 -84 25)
(92 -84 25)
(96 -84 25)
(100 -84 25)
(36 -80 25)
(40 -80 25)
(44 -80 25)
(48 -80 25)
(52 -80 25)
(56 -80 25)
(60 -80 25)
(64 -80 25)
(68 -80 25)
(72 -80 25)
(76 -80 25)
(80 -80 25)
(84 -80 25)
(88 -80 25)
(92 -80 25)
(96 -80 25)
(100 -80 25)
(36 -76 25)
(40 -76 25)
(44 -76 25)
(48 -76 25)
(52 -76 25)
(56 -76 25)
(60 -76 25)
(64 -76 25)
(68 -76 25)
(72 -76 25)
(76 -76 25)
(80 -76 25)
(84 -76 25)
(88 -76 25)
(92 -76 25)
(96 -76 25)
(100 -76 25)
(36 -72 25)
(40 -72 25)
(44 -72 25)
(48 -72 25)
(52 -72 25)
(56 -72 25)
(60 -72 25)
(64 -72 25)
(68 -72 25)
(72 -72 25)
(76 -72 25)
(80 -72 25)
(84 -72 25)
(88 -72 25)
(92 -72 25)
(96 -72 25)
(100 -72 25)
(36 -68 25)
(40 -68 25)
(44 -68 25)
(48 -68 25)
(52 -68 25)
(56 -68 25)
(60 -68 25)
(64 -68 25)
(68 -68 25)
(72 -68 25)
(76 -68 25)
(80 -68 25)
(84 -68 25)
(88 -68 25)
(92 -68 25)
(96 -68 25)
(100 -68 25)
(36 -64 25)
(40 -64 25)
(44 -64 25)
(48 -64 25)
(52 -64 25)
(56 -64 25)
(60 -64 25)
(64 -64 25)
(68 -64 25)
(72 -64 25)
(76 -64 25)
(80 -64 25)
(84 -64 25)
(88 -64 25)
(92 -64 25)
(96 -64 25)
(100 -64 25)
(36 -60 25)
(40 -60 25)
(44 -60 25)
(48 -60 25)
(52 -60 25)
(56 -60 25)
(60 -60 25)
(64 -60 25)
(68 -60 25)
(72 -60 25)
(76 -60 25)
(80 -60 25)
(84 -60 25)
(88 -60 25)
(92 -60 25)
(96 -60 25)
(100 -60 25)
(36 -56 25)
(40 -56 25)
(44 -56 25)
(48 -56 25)
(52 -56 25)
(56 -56 25)
(60 -56 25)
(64 -56 25)
(68 -56 25)
(72 -56 25)
(76 -56 25)
(80 -56 25)
(84 -56 25)
(88 -56 25)
(92 -56 25)
(96 -56 25)
(100 -56 25)
(36 -52 25)
(40 -52 25)
(44 -52 25)
(48 -52 25)
(52 -52 25)
(56 -52 25)
(60 -52 25)
(64 -52 25)
(68 -52 25)
(72 -52 25)
(76 -52 25)
(80 -52 25)
(84 -52 25)
(88 -52 25)
(92 -52 25)
(96 -52 25)
(100 -52 25)
(36 -48 25)
(40 -48 25)
(44 -48 25)
(48 -48 25)
(52 -48 25)
(56 -48 25)
(60 -48 25)
(64 -48 25)
(68 -48 25)
(72 -48 25)
(76 -48 25)
(80 -48 25)
(84 -48 25)
(88 -48 25)
(92 -48 25)
(96 -48 25)
(100 -48 25)
(36 -44 25)
(40 -44 25)
(44 -44 25)
(48 -44 25)
(52 -44 25)
(56 -44 25)
(60 -44 25)
(64 -44 25)
(68 -44 25)
(72 -44 25)
(76 -44 25)
(80 -44 25)
(84 -44 25)
(88 -44 25)
(92 -44 25)
(96 -44 25)
(100 -44 25)
(36 -40 25)
(40 -40 25)
(44 -40 25)
(48 -40 25)
(52 -40 25)
(56 -40 25)
(60 -40 25)
(64 -40 25)
(68 -40 25)
(72 -40 25)
(76 -40 25)
(80 -40 25)
(84 -40 25)
(88 -40 25)
(92 -40 25)
(96 -40 25)
(100 -40 25)
(36 -36 25)
(40 -36 25)
(44 -36 25)
(48 -36 25)
(52 -36 25)
(56 -36 25)
(60 -36 25)
(64 -36 25)
(68 -36 25)
(72 -36 25)
(76 -36 25)
(80 -36 25)
(84 -36 25)
(88 -36 25)
(92 -36 25)
(96 -36 25)
(100 -36 25)
(36 -32 25)
(40 -32 25)
(44 -32 25)
(48 -32 25)
(52 -32 25)
(56 -32 25)
(60 -32 25)
(64 -32 25)
(68 -32 25)
(72 -32 25)
(76 -32 25)
(80 -32 25)
(84 -32 25)
(88 -32 25)
(92 -32 25)
(96 -32 25)
(100 -32 25)
(36 -28 25)
(40 -28 25)
(44 -28 25)
(48 -28 25)
(52 -28 25)
(56 -28 25)
(60 -28 25)
(64 -28 25)
(68 -28 25)
(72 -28 25)
(76 -28 25)
(80 -28 25)
(84 -28 25)
(88 -28 25)
(92 -28 25)
(96 -28 25)
(100 -28 25)
(36 -24 25)
(40 -24 25)
(44 -24 25)
(48 -24 25)
(52 -24 25)
(56 -24 25)
(60 -24 25)
(64 -24 25)
(68 -24 25)
(72 -24 25)
(76 -24 25)
(80 -24 25)
(84 -24 25)
(88 -24 25)
(92 -24 25)
(96 -24 25)
(100 -24 25)
(36 -20 25)
(40 -20 25)
(44 -20 25)
(48 -20 25)
(52 -20 25)
(56 -20 25)
(60 -20 25)
(64 -20 25)
(68 -20 25)
(72 -20 25)
(76 -20 25)
(80 -20 25)
(84 -20 25)
(88 -20 25)
(92 -20 25)
(96 -20 25)
(100 -20 25)
(36 -16 25)
(40 -16 25)
(44 -16 25)
(48 -16 25)
(52 -16 25)
(56 -16 25)
(60 -16 25)
(64 -16 25)
(68 -16 25)
(72 -16 25)
(76 -16 25)
(80 -16 25)
(84 -16 25)
(88 -16 25)
(92 -16 25)
(96 -16 25)
(100 -16 25)
(36 -12 25)
(40 -12 25)
(44 -12 25)
(48 -12 25)
(52 -12 25)
(56 -12 25)
(60 -12 25)
(64 -12 25)
(68 -12 25)
(72 -12 25)
(76 -12 25)
(80 -12 25)
(84 -12 25)
(88 -12 25)
(92 -12 25)
(96 -12 25)
(100 -12 25)
(36 -8 25)
(40 -8 25)
(44 -8 25)
(48 -8 25)
(52 -8 25)
(56 -8 25)
(60 -8 25)
(64 -8 25)
(68 -8 25)
(72 -8 25)
(76 -8 25)
(80 -8 25)
(84 -8 25)
(88 -8 25)
(92 -8 25)
(96 -8 25)
(100 -8 25)
(36 -4 25)
(40 -4 25)
(44 -4 25)
(48 -4 25)
(52 -4 25)
(56 -4 25)
(60 -4 25)
(64 -4 25)
(68 -4 25)
(72 -4 25)
(76 -4 25)
(80 -4 25)
(84 -4 25)
(-84 4 0)
(-80 4 0)
(-76 4 0)
(-72 4 0)
(-68 4 0)
(-64 4 0)
(-60 4 0)
(-56 4 0)
(-52 4 0)
(-48 4 0)
(-44 4 0)
(-40 4 0)
(-36 4 0)
(-100 8 0)
(-96 8 0)
(-92 8 0)
(-88 8 0)
(-84 8 0)
(-80 8 0)
(-76 8 0)
(-72 8 0)
(-68 8 0)
(-64 8 0)
(-60 8 0)
(-56 8 0)
(-52 8 0)
(-48 8 0)
(-44 8 0)
(-40 8 0)
(-36 8 0)
(-100 12 0)
(-96 12 0)
(-92 12 0)
(-88 12 0)
(-84 12 0)
(-80 12 0)
(-76 12 0)
(-72 12 0)
(-68 12 0)
(-64 12 0)
(-60 12 0)
(-56 12 0)
(-52 12 0)
(-48 12 0)
(-44 12 0)
(-40 12 0)
(-36 12 0)
(-100 16 0)
(-96 16 0)
(-92 16 0)
(-88 16 0)
(-84 16 0)
(-80 16 0)
(-76 16 0)
(-72 16 0)
(-68 16 0)
(-64 16 0)
(-60 16 0)
(-56 16 0)
(-52 16 0)
(-48 16 0)
(-44 16 0)
(-40 16 0)
(-36 16 0)
(-100 20 0)
(-96 20 0)
(-92 20 0)
(-88 20 0)
(-84 20 0)
(-80 20 0)
(-76 20 0)
(-72 20 0)
(-68 20 0)
(-64 20 0)
(-60 20 0)
(-56 20 0)
(-52 20 0)
(-48 20 0)
(-44 20 0)
(-40 20 0)
(-36 20 0)
(-100 24 0)
(-96 24 0)
(-92 24 0)
(-88 24 0)
(-84 24 0)
(-80 24 0)
(-76 24 0)
(-72 24 0)
(-68 24 0)
(-64 24 0)
(-60 24 0)
(-56 24 0)
(-52 24 0)
(-48 24 0)
(-44 24 0)
(-40 24 0)
(-36 24 0)
(-100 28 0)
(-96 28 0)
(-92 28 0)
(-88 28 0)
(-84 28 0)
(-80 28 0)
(-76 28 0)
(-72 28 0)
(-68 28 0)
(-64 28 0)
(-60 28 0)
(-56 28 0)
(-52 28 0)
(-48 28 0)
(-44 28 0)
(-40 28 0)
(-36 28 0)
(-100 32 0)
(-96 32 0)
(-92 32 0)
(-88 32 0)
(-84 32 0)
(-80 32 0)
(-76 32 0)
(-72 32 0)
(-68 32 0)
(-64 32 0)
(-60 32 0)
(-56 32 0)
(-52 32 0)
(-48 32 0)
(-44 32 0)
(-40 32 0)
(-36 32 0)
(-100 36 0)
(-96 36 0)
(-92 36 0)
(-88 36 0)
(-84 36 0)
(-80 36 0)
(-76 36 0)
(-72 36 0)
(-68 36 0)
(-64 36 0)
(-60 36 0)
(-56 36 0)
(-52 36 0)
(-48 36 0)
(-44 36 0)
(-40 36 0)
(-36 36 0)
(-100 40 0)
(-96 40 0)
(-92 40 0)
(-88 40 0)
(-84 40 0)
(-80 40 0)
(-76 40 0)
(-72 40 0)
(-68 40 0)
(-64 40 0)
(-60 40 0)
(-56 40 0)
(-52 40 0)
(-48 40 0)
(-44 40 0)
(-40 40 0)
(-36 40 0)
(-100 44 0)
(-96 44 0)
(-92 44 0)
(-88 44 0)
(-84 44 0)
(-80 44 0)
(-76 44 0)
(-72 44 0)
(-68 44 0)
(-64 44 0)
(-60 44 0)
(-56 44 0)
(-52 44 0)
(-48 44 0)
(-44 44 0)
(-40 44 0)
(-36 44 0)
(-100 48 0)
(-96 48 0)
(-92 48 0)
(-88 48 0)
(-84 48 0)
(-80 48 0)
(-76 48 0)
(-72 48 0)
(-68 48 0)
(-64 48 0)
(-60 48 0)
(-56 48 0)
(-52 48 0)
(-48 48 0)
(-44 48 0)
(-40 48 0)
(-36 48 0)
(-100 52 0)
(-96 52 0)
(-92 52 0)
(-88 52 0)
(-84 52 0)
(-80 52 0)
(-76 52 0)
(-72 52 0)
(-68 52 0)
(-64 52 0)
(-60 52 0)
(-56 52 0)
(-52 52 0)
(-48 52 0)
(-44 52 0)
(-40 52 0)
(-36 52 0)
(-100 56 0)
(-96 56 0)
(-92 56 0)
(-88 56 0)
(-84 56 0)
(-80 56 0)
(-76 56 0)
(-72 56 0)
(-68 56 0)
(-64 56 0)
(-60 56 0)
(-56 56 0)
(-52 56 0)
(-48 56 0)
(-44 56 0)
(-40 56 0)
(-36 56 0)
(-100 60 0)
(-96 60 0)
(-92 60 0)
(-88 60 0)
(-84 60 0)
(-80 60 0)
(-76 60 0)
(-72 60 0)
(-68 60 0)
(-64 60 0)
(-60 60 0)
(-56 60 0)
(-52 60 0)
(-48 60 0)
(-44 60 0)
(-40 60 0)
(-36 60 0)
(-100 64 0)
(-96 64 0)
(-92 64 0)
(-88 64 0)
(-84 64 0)
(-80 64 0)
(-76 64 0)
(-72 64 0)
(-68 64 0)
(-64 64 0)
(-60 64 0)
(-56 64 0)
(-52 64 0)
(-48 64 0)
(-44 64 0)
(-40 64 0)
(-36 64 0)
(-100 68 0)
(-96 68 0)
(-92 68 0)
(-88 68 0)
(-84 68 0)
(-80 68 0)
(-76 68 0)
(-72 68 0)
(-68 68 0)
(-64 68 0)
(-60 68 0)
(-56 68 0)
(-52 68 0)
(-48 68 0)
(-44 68 0)
(-40 68 0)
(-36 68 0)
(-100 72 0)
(-96 72 0)
(-92 72 0)
(-88 72 0)
(-84 72 0)
(-80 72 0)
(-76 72 0)
(-72 72 0)
(-68 72 0)
(-64 72 0)
(-60 72 0)
(-56 72 0)
(-52 72 0)
(-48 72 0)
(-44 72 0)
(-40 72 0)
(-36 72 0)
(-100 76 0)
(-96 76 0)
(-92 76 0)
(-88 76 0)
(-84 76 0)
(-80 76 0)
(-76 76 0)
(-72 76 0)
(-68 76 0)
(-64 76 0)
(-60 76 0)
(-56 76 0)
(-52 76 0)
(-48 76 0)
(-44 76 0)
(-40 76 0)
(-36 76 0)
(-100 80 0)
(-96 80 0)
(-92 80 0)
(-88 80 0)
(-84 80 0)
(-80 80 0)
(-76 80 0)
(-72 80 0)
(-68 80 0)
(-64 80 0)
(-60 80 0)
(-56 80 0)
(-52 80 0)
(-48 80 0)
(-44 80 0)
(-40 80 0)
(-36 80 0)
(-100 84 0)
(-96 84 0)
(-92 84 0)
(-88 84 0)
(-84 84 0)
(-80 84 0)
(-76 84 0)
(-72 84 0)
(-68 84 0)
(-64 84 0)
(-60 84 0)
(-56 84 0)
(-52 84 0)
(-48 84 0)
(-44 84 0)
(-40 84 0)
(-36 84 0)
(-100 88 0)
(-96 88 0)
(-92 88 0)
(-88 88 0)
(-84 88 0)
(-80 88 0)
(-76 88 0)
(-72 88 0)
(-68 88 0)
(-64 88 0)
(-60 88 0)
(-56 88 0)
(-52 88 0)
(-48 88 0)
(-44 88 0)
(-40 88 0)
(-36 88 0)
(-100 92 0)
(-96 92 0)
(-92 92 0)
(-88 92 0)
(-84 92 0)
(-80 92 0)
(-76 92 0)
(-72 92 0)
(-68 92 0)
(-64 92 0)
(-60 92 0)
(-56 92 0)
(-52 92 0)
(-48 92 0)
(-44 92 0)
(-40 92 0)
(-36 92 0)
(-100 96 0)
(-96 96 0)
(-92 96 0)
(-88 96 0)
(-84 96 0)
(-80 96 0)
(-76 96 0)
(-72 96 0)
(-68 96 0)
(-64 96 0)
(-60 96 0)
(-56 96 0)
(-52 96 0)
(-48 96 0)
(-44 96 0)
(-40 96 0)
(-36 96 0)
(-100 100 0)
(-96 100 0)
(-92 100 0)
(-88 100 0)
(-84 100 0)
(-80 100 0)
(-76 100 0)
(-72 100 0)
(-68 100 0)
(-64 100 0)
(-60 100 0)
(-56 100 0)
(-52 100 0)
(-48 100 0)
(-44 100 0)
(-40 100 0)
(-36 100 0)
(-72 4 5)
(-68 4 5)
(-64 4 5)
(-60 4 5)
(-56 4 5)
(-52 4 5)
(-48 4 5)
(-44 4 5)
(-40 4 5)
(-36 4 5)
(-100 8 5)
(-96 8 5)
(-92 8 5)
(-88 8 5)
(-84 8 5)
(-80 8 5)
(-76 8 5)
(-72 8 5)
(-68 8 5)
(-64 8 5)
(-60 8 5)
(-56 8 5)
(-52 8 5)
(-48 8 5)
(-44 8 5)
(-40 8 5)
(-36 8 5)
(-100 12 5)
(-96 12 5)
(-92 12 5)
(-88 12 5)
(-84 12 5)
(-80 12 5)
(-76 12 5)
(-72 12 5)
(-68 12 5)
(-64 12 5)
(-60 12 5)
(-56 12 5)
(-52 12 5)
(-48 12 5)
(-44 12 5)
(-40 12 5)
(-36 12 5)
(-100 16 5)
(-96 16 5)
(-92 16 5)
(-88 16 5)
(-84 16 5)
(-80 16 5)
(-76 16 5)
(-72 16 5)
(-68 16 5)
(-64 16 5)
(-60 16 5)
(-56 16 5)
(-52 16 5)
(-48 16 5)
(-44 16 5)
(-40 16 5)
(-36 16 5)
(-100 20 5)
(-96 20 5)
(-92 20 5)
(-88 20 5)
(-84 20 5)
(-80 20 5)
(-76 20 5)
(-72 20 5)
(-68 20 5)
(-64 20 5)
(-60 20 5)
(-56 20 5)
(-52 20 5)
(-48 20 5)
(-44 20 5)
(-40 20 5)
(-36 20 5)
(-100 24 5)
(-96 24 5)
(-92 24 5)
(-88 24 5)
(-84 24 5)
(-80 24 5)
(-76 24 5)
(-72 24 5)
(-68 24 5)
(-64 24 5)
(-60 24 5)
(-56 24 5)
(-52 24 5)
(-48 24 5)
(-44 24 5)
(-40 24 5)
(-36 24 5)
(-100 28 5)
(-96 28 5)
(-92 28 5)
(-88 28 5)
(-84 28 5)
(-80 28 5)
(-76 28 5)
(-72 28 5)
(-68 28 5)
(-64 28 5)
(-60 28 5)
(-56 28 5)
(-52 28 5)
(-48 28 5)
(-44 28 5)
(-40 28 5)
(-36 28 5)
(-100 32 5)
(-96 32 5)
(-92 32 5)
(-88 32 5)
(-84 32 5)
(-80 32 5)
(-76 32 5)
(-72 32 5)
(-68 32 5)
(-64 32 5)
(-60 32 5)
(-56 32 5)
(-52 32 5)
(-48 32 5)
(-44 32 5)
(-40 32 5)
(-36 32 5)
(-100 36 5)
(-96 36 5)
(-92 36 5)
(-88 36 5)
(-84 36 5)
(-80 36 5)
(-76 36 5)
(-72 36 5)
(-68 36 5)
(-64 36 5)
(-60 36 5)
(-56 36 5)
(-52 36 5)
(-48 36 5)
(-44 36 5)
(-40 36 5)
(-36 36 5)
(-100 40 5)
(-96 40 5)
(-92 40 5)
(-88 40 5)
(-84 40 5)
(-80 40 5)
(-76 40 5)
(-72 40 5)
(-68 40 5)
(-64 40 5)
(-60 40 5)
(-56 40 5)
(-52 40 5)
(-48 40 5)
(-44 40 5)
(-40 40 5)
(-36 40 5)
(-100 44 5)
(-96 44 5)
(-92 44 5)
(-88 44 5)
(-84 44 5)
(-80 44 5)
(-76 44 5)
(-72 44 5)
(-68 44 5)
(-64 44 5)
(-60 44 5)
(-56 44 5)
(-52 44 5)
(-48 44 5)
(-44 44 5)
(-40 44 5)
(-36 44 5)
(-100 48 5)
(-96 48 5)
(-92 48 5)
(-88 48 5)
(-84 48 5)
(-80 48 5)
(-76 48 5)
(-72 48 5)
(-68 48 5)
(-64 48 5)
(-60 48 5)
(-56 48 5)
(-52 48 5)
(-48 48 5)
(-44 48 5)
(-40 48 5)
(-36 48 5)
(-100 52 5)
(-96 52 5)
(-92 52 5)
(-88 52 5)
(-84 52 5)
(-80 52 5)
(-76 52 5)
(-72 52 5)
(-68 52 5)
(-64 52 5)
(-60 52 5)
(-56 52 5)
(-52 52 5)
(-48 52 5)
(-44 52 5)
(-40 52 5)
(-36 52 5)
(-100 56 5)
(-96 56 5)
(-92 56 5)
(-88 56 5)
(-84 56 5)
(-80 56 5)
(-76 56 5)
(-72 56 5)
(-68 56 5)
(-64 56 5)
(-60 56 5)
(-56 56 5)
(-52 56 5)
(-48 56 5)
(-44 56 5)
(-40 56 5)
(-36 56 5)
(-100 60 5)
(-96 60 5)
(-92 60 5)
(-88 60 5)
(-84 60 5)
(-80 60 5)
(-76 60 5)
(-72 60 5)
(-68 60 5)
(-64 60 5)
(-60 60 5)
(-56 60 5)
(-52 60 5)
(-48 60 5)
(-44 60 5)
(-40 60 5)
(-36 60 5)
(-100 64 5)
(-96 64 5)
(-92 64 5)
(-88 64 5)
(-84 64 5)
(-80 64 5)
(-76 64 5)
(-72 64 5)
(-68 64 5)
(-64 64 5)
(-60 64 5)
(-56 64 5)
(-52 64 5)
(-48 64 5)
(-44 64 5)
(-40 64 5)
(-36 64 5)
(-100 68 5)
(-96 68 5)
(-92 68 5)
(-88 68 5)
(-84 68 5)
(-80 68 5)
(-76 68 5)
(-72 68 5)
(-68 68 5)
(-64 68 5)
(-60 68 5)
(-56 68 5)
(-52 68 5)
(-48 68 5)
(-44 68 5)
(-40 68 5)
(-36 68 5)
(-100 72 5)
(-96 72 5)
(-92 72 5)
(-88 72 5)
(-84 72 5)
(-80 72 5)
(-76 72 5)
(-72 72 5)
(-68 72 5)
(-64 72 5)
(-60 72 5)
(-56 72 5)
(-52 72 5)
(-48 72 5)
(-44 72 5)
(-40 72 5)
(-36 72 5)
(-100 76 5)
(-96 76 5)
(-92 76 5)
(-88 76 5)
(-84 76 5)
(-80 76 5)
(-76 76 5)
(-72 76 5)
(-68 76 5)
(-64 76 5)
(-60 76 5)
(-56 76 5)
(-52 76 5)
(-48 76 5)
(-44 76 5)
(-40 76 5)
(-36 76 5)
(-100 80 5)
(-96 80 5)
(-92 80 5)
(-88 80 5)
(-84 80 5)
(-80 80 5)
(-76 80 5)
(-72 80 5)
(-68 80 5)
(-64 80 5)
(-60 80 5)
(-56 80 5)
(-52 80 5)
(-48 80 5)
(-44 80 5)
(-40 80 5)
(-36 80 5)
(-100 84 5)
(-96 84 5)
(-92 84 5)
(-88 84 5)
(-84 84 5)
(-80 84 5)
(-76 84 5)
(-72 84 5)
(-68 84 5)
(-64 84 5)
(-60 84 5)
(-56 84 5)
(-52 84 5)
(-48 84 5)
(-44 84 5)
(-40 84 5)
(-36 84 5)
(-100 88 5)
(-96 88 5)
(-92 88 5)
(-88 88 5)
(-84 88 5)
(-80 88 5)
(-76 88 5)
(-72 88 5)
(-68 88 5)
(-64 88 5)
(-60 88 5)
(-56 88 5)
(-52 88 5)
(-48 88 5)
(-44 88 5)
(-40 88 5)
(-36 88 5)
(-100 92 5)
(-96 92 5)
(-92 92 5)
(-88 92 5)
(-84 92 5)
(-80 92 5)
(-76 92 5)
(-72 92 5)
(-68 92 5)
(-64 92 5)
(-60 92 5)
(-56 92 5)
(-52 92 5)
(-48 92 5)
(-44 92 5)
(-40 92 5)
(-36 92 5)
(-100 96 5)
(-96 96 5)
(-92 96 5)
(-88 96 5)
(-84 96 5)
(-80 96 5)
(-76 96 5)
(-72 96 5)
(-68 96 5)
(-64 96 5)
(-60 96 5)
(-56 96 5)
(-52 96 5)
(-48 96 5)
(-44 96 5)
(-40 96 5)
(-36 96 5)
(-100 100 5)
(-96 100 5)
(-92 100 5)
(-88 100 5)
(-84 100 5)
(-80 100 5)
(-76 100 5)
(-72 100 5)
(-68 100 5)
(-64 100 5)
(-60 100 5)
(-56 100 5)
(-52 100 5)
(-48 100 5)
(-44 100 5)
(-40 100 5)
(-36 100 5)
(-64 4 10)
(-60 4 10)
(-56 4 10)
(-52 4 10)
(-48 4 10)
(-44 4 10)
(-40 4 10)
(-36 4 10)
(-100 8 10)
(-96 8 10)
(-92 8 10)
(-88 8 10)
(-84 8 10)
(-80 8 10)
(-76 8 10)
(-72 8 10)
(-68 8 10)
(-64 8 10)
(-60 8 10)
(-56 8 10)
(-52 8 10)
(-48 8 10)
(-44 8 10)
(-40 8 10)
(-36 8 10)
(-100 12 10)
(-96 12 10)
(-92 12 10)
(-88 12 10)
(-84 12 10)
(-80 12 10)
(-76 12 10)
(-72 12 10)
(-68 12 10)
(-64 12 10)
(-60 12 10)
(-56 12 10)
(-52 12 10)
(-48 12 10)
(-44 12 10)
(-40 12 10)
(-36 12 10)
(-100 16 10)
(-96 16 10)
(-92 16 10)
(-88 16 10)
(-84 16 10)
(-80 16 10)
(-76 16 10)
(-72 16 10)
(-68 16 10)
(-64 16 10)
(-60 16 10)
(-56 16 10)
(-52 16 10)
(-48 16 10)
(-44 16 10)
(-40 16 10)
(-36 16 10)
(-100 20 10)
(-96 20 10)
(-92 20 10)
(-88 20 10)
(-84 20 10)
(-80 20 10)
(-76 20 10)
(-72 20 10)
(-68 20 10)
(-64 20 10)
(-60 20 10)
(-56 20 10)
(-52 20 10)
(-48 20 10)
(-44 20 10)
(-40 20 10)
(-36 20 10)
(-100 24 10)
(-96 24 10)
(-92 24 10)
(-88 24 10)
(-84 24 10)
(-80 24 10)
(-76 24 10)
(-72 24 10)
(-68 24 10)
(-64 24 10)
(-60 24 10)
(-56 24 10)
(-52 24 10)
(-48 24 10)
(-44 24 10)
(-40 24 10)
(-36 24 10)
(-100 28 10)
(-96 28 10)
(-92 28 10)
(-88 28 10)
(-84 28 10)
(-80 28 10)
(-76 28 10)
(-72 28 10)
(-68 28 10)
(-64 28 10)
(-60 28 10)
(-56 28 10)
(-52 28 10)
(-48 28 10)
(-44 28 10)
(-40 28 10)
(-36 28 10)
(-100 32 10)
(-96 32 10)
(-92 32 10)
(-88 32 10)
(-84 32 10)
(-80 32 10)
(-76 32 10)
(-72 32 10)
(-68 32 10)
(-64 32 10)
(-60 32 10)
(-56 32 10)
(-52 32 10)
(-48 32 10)
(-44 32 10)
(-40 32 10)
(-36 32 10)
(-100 36 10)
(-96 36 10)
(-92 36 10)
(-88 36 10)
(-84 36 10)
(-80 36 10)
(-76 36 10)
(-72 36 10)
(-68 36 10)
(-64 36 10)
(-60 36 10)
(-56 36 10)
(-52 36 10)
(-48 36 10)
(-44 36 10)
(-40 36 10)
(-36 36 10)
(-100 40 10)
(-96 40 10)
(-92 40 10)
(-88 40 10)
(-84 40 10)
(-80 40 10)
(-76 40 10)
(-72 40 10)
(-68 40 10)
(-64 40 10)
(-60 40 10)
(-56 40 10)
(-52 40 10)
(-48 40 10)
(-44 40 10)
(-40 40 10)
(-36 40 10)
(-100 44 10)
(-96 44 10)
(-92 44 10)
(-88 44 10)
(-84 44 10)
(-80 44 10)
(-76 44 10)
(-72 44 10)
(-68 44 10)
(-64 44 10)
(-60 44 10)
(-56 44 10)
(-52 44 10)
(-48 44 10)
(-44 44 10)
(-40 44 10)
(-36 44 10)
(-100 48 10)
(-96 48 10)
(-92 48 10)
(-88 48 10)
(-84 48 10)
(-80 48 10)
(-76 48 10)
(-72 48 10)
(-68 48 10)
(-64 48 10)
(-60 48 10)
(-56 48 10)
(-52 48 10)
(-48 48 10)
(-44 48 10)
(-40 48 10)
(-36 48 10)
(-100 52 10)
(-96 52 10)
(-92 52 10)
(-88 52 10)
(-84 52 10)
(-80 52 10)
(-76 52 10)
(-72 52 10)
(-68 52 10)
(-64 52 10)
(-60 52 10)
(-56 52 10)
(-52 52 10)
(-48 52 10)
(-44 52 10)
(-40 52 10)
(-36 52 10)
(-100 56 10)
(-96 56 10)
(-92 56 10)
(-88 56 10)
(-84 56 10)
(-80 56 10)
(-76 56 10)
(-72 56 10)
(-68 56 10)
(-64 56 10)
(-60 56 10)
(-56 56 10)
(-52 56 10)
(-48 56 10)
(-44 56 10)
(-40 56 10)
(-36 56 10)
(-100 60 10)
(-96 60 10)
(-92 60 10)
(-88 60 10)
(-84 60 10)
(-80 60 10)
(-76 60 10)
(-72 60 10)
(-68 60 10)
(-64 60 10)
(-60 60 10)
(-56 60 10)
(-52 60 10)
(-48 60 10)
(-44 60 10)
(-40 60 10)
(-36 60 10)
(-100 64 10)
(-96 64 10)
(-92 64 10)
(-88 64 10)
(-84 64 10)
(-80 64 10)
(-76 64 10)
(-72 64 10)
(-68 64 10)
(-64 64 10)
(-60 64 10)
(-56 64 10)
(-52 64 10)
(-48 64 10)
(-44 64 10)
(-40 64 10)
(-36 64 10)
(-100 68 10)
(-96 68 10)
(-92 68 10)
(-88 68 10)
(-84 68 10)
(-80 68 10)
(-76 68 10)
(-72 68 10)
(-68 68 10)
(-64 68 10)
(-60 68 10)
(-56 68 10)
(-52 68 10)
(-48 68 10)
(-44 68 10)
(-40 68 10)
(-36 68 10)
(-100 72 10)
(-96 72 10)
(-92 72 10)
(-88 72 10)
(-84 72 10)
(-80 72 10)
(-76 72 10)
(-72 72 10)
(-68 72 10)
(-64 72 10)
(-60 72 10)
(-56 72 10)
(-52 72 10)
(-48 72 10)
(-44 72 10)
(-40 72 10)
(-36 72 10)
(-100 76 10)
(-96 76 10)
(-92 76 10)
(-88 76 10)
(-84 76 10)
(-80 76 10)
(-76 76 10)
(-72 76 10)
(-68 76 10)
(-64 76 10)
(-60 76 10)
(-56 76 10)
(-52 76 10)
(-48 76 10)
(-44 76 10)
(-40 76 10)
(-36 76 10)
(-100 80 10)
(-96 80 10)
(-92 80 10)
(-88 80 10)
(-84 80 10)
(-80 80 10)
(-76 80 10)
(-72 80 10)
(-68 80 10)
(-64 80 10)
(-60 80 10)
(-56 80 10)
(-52 80 10)
(-48 80 10)
(-44 80 10)
(-40 80 10)
(-36 80 10)
(-100 84 10)
(-96 84 10)
(-92 84 10)
(-88 84 10)
(-84 84 10)
(-80 84 10)
(-76 84 10)
(-72 84 10)
(-68 84 10)
(-64 84 10)
(-60 84 10)
(-56 84 10)
(-52 84 10)
(-48 84 10)
(-44 84 10)
(-40 84 10)
(-36 84 10)
(-100 88 10)
(-96 88 10)
(-92 88 10)
(-88 88 10)
(-84 88 10)
(-80 88 10)
(-76 88 10)
(-72 88 10)
(-68 88 10)
(-64 88 10)
(-60 88 10)
(-56 88 10)
(-52 88 10)
(-48 88 10)
(-44 88 10)
(-40 88 10)
(-36 88 10)
(-100 92 10)
(-96 92 10)
(-92 92 10)
(-88 92 10)
(-84 92 10)
(-80 92 10)
(-76 92 10)
(-72 92 10)
(-68 92 10)
(-64 92 10)
(-60 92 10)
(-56 92 10)
(-52 92 10)
(-48 92 10)
(-44 92 10)
(-40 92 10)
(-36 92 10)
(-100 96 10)
(-96 96 10)
(-92 96 10)
(-88 96 10)
(-84 96 10)
(-80 96 10)
(-76 96 10)
(-72 96 10)
(-68 96 10)
(-64 96 10)
(-60 96 10)
(-56 96 10)
(-52 96 10)
(-48 96 10)
(-44 96 10)
(-40 96 10)
(-36 96 10)
(-100 100 10)
(-96 100 10)
(-92 100 10)
(-88 100 10)
(-84 100 10)
(-80 100 10)
(-76 100 10)
(-72 100 10)
(-68 100 10)
(-64 100 10)
(-60 100 10)
(-56 100 10)
(-52 100 10)
(-48 100 10)
(-44 100 10)
(-40 100 10)
(-36 100 10)
(-52 4 15)
(-48 4 15)
(-44 4 15)
(-40 4 15)
(-36 4 15)
(-100 8 15)
(-96 8 15)
(-92 8 15)
(-88 8 15)
(-84 8 15)
(-80 8 15)
(-76 8 15)
(-72 8 15)
(-68 8 15)
(-64 8 15)
(-60 8 15)
(-56 8 15)
(-52 8 15)
(-48 8 15)
(-44 8 15)
(-40 8 15)
(-36 8 15)
(-100 12 15)
(-96 12 15)
(-92 12 15)
(-88 12 15)
(-84 12 15)
(-80 12 15)
(-76 12 15)
(-72 12 15)
(-68 12 15)
(-64 12 15)
(-60 12 15)
(-56 12 15)
(-52 12 15)
(-48 12 15)
(-44 12 15)
(-40 12 15)
(-36 12 15)
(-100 16 15)
(-96 16 15)
(-92 16 15)
(-88 16 15)
(-84 16 15)
(-80 16 15)
(-76 16 15)
(-72 16 15)
(-68 16 15)
(-64 16 15)
(-60 16 15)
(-56 16 15)
(-52 16 15)
(-48 16 15)
(-44 16 15)
(-40 16 15)
(-36 16 15)
(-100 20 15)
(-96 20 15)
(-92 20 15)
(-88 20 15)
(-84 20 15)
(-80 20 15)
(-76 20 15)
(-72 20 15)
(-68 20 15)
(-64 20 15)
(-60 20 15)
(-56 20 15)
(-52 20 15)
(-48 20 15)
(-44 20 15)
(-40 20 15)
(-36 20 15)
(-100 24 15)
(-96 24 15)
(-92 24 15)
(-88 24 15)
(-84 24 15)
(-80 24 15)
(-76 24 15)
(-72 24 15)
(-68 24 15)
(-64 24 15)
(-60 24 15)
(-56 24 15)
(-52 24 15)
(-48 24 15)
(-44 24 15)
(-40 24 15)
(-36 24 15)
(-100 28 15)
(-96 28 15)
(-92 28 15)
(-88 28 15)
(-84 28 15)
(-80 28 15)
(-76 28 15)
(-72 28 15)
(-68 28 15)
(-64 28 15)
(-60 28 15)
(-56 28 15)
(-52 28 15)
(-48 28 15)
(-44 28 15)
(-40 28 15)
(-36 28 15)
(-100 32 15)
(-96 32 15)
(-92 32 15)
(-88 32 15)
(-84 32 15)
(-80 32 15)
(-76 32 15)
(-72 32 15)
(-68 32 15)
(-64 32 15)
(-60 32 15)
(-56 32 15)
(-52 32 15)
(-48 32 15)
(-44 32 15)
(-40 32 15)
(-36 32 15)
(-100 36 15)
(-96 36 15)
(-92 36 15)
(-88 36 15)
(-84 36 15)
(-80 36 15)
(-76 36 15)
(-72 36 15)
(-68 36 15)
(-64 36 15)
(-60 36 15)
(-56 36 15)
(-52 36 15)
(-48 36 15)
(-44 36 15)
(-40 36 15)
(-36 36 15)
(-100 40 15)
(-96 40 15)
(-92 40 15)
(-88 40 15)
(-84 40 15)
(-80 40 15)
(-76 40 15)
(-72 40 15)
(-68 40 15)
(-64 40 15)
(-60 40 15)
(-56 40 15)
(-52 40 15)
(-48 40 15)
(-44 40 15)
(-40 40 15)
(-36 40 15)
(-100 44 15)
(-96 44 15)
(-92 44 15)
(-88 44 15)
(-84 44 15)
(-80 44 15)
(-76 44 15)
(-72 44 15)
(-68 44 15)
(-64 44 15)
(-60 44 15)
(-56 44 15)
(-52 44 15)
(-48 44 15)
(-44 44 15)
(-40 44 15)
(-36 44 15)
(-100 48 15)
(-96 48 15)
(-92 48 15)
(-88 48 15)
(-84 48 15)
(-80 48 15)
(-76 48 15)
(-72 48 15)
(-68 48 15)
(-64 48 15)
(-60 48 15)
(-56 48 15)
(-52 48 15)
(-48 48 15)
(-44 48 15)
(-40 48 15)
(-36 48 15)
(-100 52 15)
(-96 52 15)
(-92 52 15)
(-88 52 15)
(-84 52 15)
(-80 52 15)
(-76 52 15)
(-72 52 15)
(-68 52 15)
(-64 52 15)
(-60 52 15)
(-56 52 15)
(-52 52 15)
(-48 52 15)
(-44 52 15)
(-40 52 15)
(-36 52 15)
(-100 56 15)
(-96 56 15)
(-92 56 15)
(-88 56 15)
(-84 56 15)
(-80 56 15)
(-76 56 15)
(-72 56 15)
(-68 56 15)
(-64 56 15)
(-60 56 15)
(-56 56 15)
(-52 56 15)
(-48 56 15)
(-44 56 15)
(-40 56 15)
(-36 56 15)
(-100 60 15)
(-96 60 15)
(-92 60 15)
(-88 60 15)
(-84 60 15)
(-80 60 15)
(-76 60 15)
(-72 60 15)
(-68 60 15)
(-64 60 15)
(-60 60 15)
(-56 60 15)
(-52 60 15)
(-48 60 15)
(-44 60 15)
(-40 60 15)
(-36 60 15)
(-100 64 15)
(-96 64 15)
(-92 64 15)
(-88 64 15)
(-84 64 15)
(-80 64 15)
(-76 64 15)
(-72 64 15)
(-68 64 15)
(-64 64 15)
(-60 64 15)
(-56 64 15)
(-52 64 15)
(-48 64 15)
(-44 64 15)
(-40 64 15)
(-36 64 15)
(-100 68 15)
(-96 68 15)
(-92 68 15)
(-88 68 15)
(-84 68 15)
(-80 68 15)
(-76 68 15)
(-72 68 15)
(-68 68 15)
(-64 68 15)
(-60 68 15)
(-56 68 15)
(-52 68 15)
(-48 68 15)
(-44 68 15)
(-40 68 15)
(-36 68 15)
(-100 72 15)
(-96 72 15)
(-92 72 15)
(-88 72 15)
(-84 72 15)
(-80 72 15)
(-76 72 15)
(-72 72 15)
(-68 72 15)
(-64 72 15)
(-60 72 15)
(-56 72 15)
(-52 72 15)
(-48 72 15)
(-44 72 15)
(-40 72 15)
(-36 72 15)
(-100 76 15)
(-96 76 15)
(-92 76 15)
(-88 76 15)
(-84 76 15)
(-80 76 15)
(-76 76 15)
(-72 76 15)
(-68 76 15)
(-64 76 15)
(-60 76 15)
(-56 76 15)
(-52 76 15)
(-48 76 15)
(-44 76 15)
(-40 76 15)
(-36 76 15)
(-100 80 15)
(-96 80 15)
(-92 80 15)
(-88 80 15)
(-84 80 15)
(-80 80 15)
(-76 80 15)
(-72 80 15)
(-68 80 15)
(-64 80 15)
(-60 80 15)
(-56 80 15)
(-52 80 15)
(-48 80 15)
(-44 80 15)
(-40 80 15)
(-36 80 15)
(-100 84 15)
(-96 84 15)
(-92 84 15)
(-88 84 15)
(-84 84 15)
(-80 84 15)
(-76 84 15)
(-72 84 15)
(-68 84 15)
(-64 84 15)
(-60 84 15)
(-56 84 15)
(-52 84 15)
(-48 84 15)
(-44 84 15)
(-40 84 15)
(-36 84 15)
(-100 88 15)
(-96 88 15)
(-92 88 15)
(-88 88 15)
(-84 88 15)
(-80 88 15)
(-76 88 15)
(-72 88 15)
(-68 88 15)
(-64 88 15)
(-60 88 15)
(-56 88 15)
(-52 88 15)
(-48 88 15)
(-44 88 15)
(-40 88 15)
(-36 88 15)
(-100 92 15)
(-96 92 15)
(-92 92 15)
(-88 92 15)
(-84 92 15)
(-80 92 15)
(-76 92 15)
(-72 92 15)
(-68 92 15)
(-64 92 15)
(-60 92 15)
(-56 92 15)
(-52 92 15)
(-48 92 15)
(-44 92 15)
(-40 92 15)
(-36 92 15)
(-100 96 15)
(-96 96 15)
(-92 96 15)
(-88 96 15)
(-84 96 15)
(-80 96 15)
(-76 96 15)
(-72 96 15)
(-68 96 15)
(-64 96 15)
(-60 96 15)
(-56 96 15)
(-52 96 15)
(-48 96 15)
(-44 96 15)
(-40 96 15)
(-36 96 15)
(-100 100 15)
(-96 100 15)
(-92 100 15)
(-88 100 15)
(-84 100 15)
(-80 100 15)
(-76 100 15)
(-72 100 15)
(-68 100 15)
(-64 100 15)
(-60 100 15)
(-56 100 15)
(-52 100 15)
(-48 100 15)
(-44 100 15)
(-40 100 15)
(-36 100 15)
(-40 4 20)
(-36 4 20)
(-100 8 20)
(-96 8 20)
(-92 8 20)
(-88 8 20)
(-84 8 20)
(-80 8 20)
(-76 8 20)
(-72 8 20)
(-68 8 20)
(-64 8 20)
(-60 8 20)
(-56 8 20)
(-52 8 20)
(-48 8 20)
(-44 8 20)
(-40 8 20)
(-36 8 20)
(-100 12 20)
(-96 12 20)
(-92 12 20)
(-88 12 20)
(-84 12 20)
(-80 12 20)
(-76 12 20)
(-72 12 20)
(-68 12 20)
(-64 12 20)
(-60 12 20)
(-56 12 20)
(-52 12 20)
(-48 12 20)
(-44 12 20)
(-40 12 20)
(-36 12 20)
(-100 16 20)
(-96 16 20)
(-92 16 20)
(-88 16 20)
(-84 16 20)
(-80 16 20)
(-76 16 20)
(-72 16 20)
(-68 16 20)
(-64 16 20)
(-60 16 20)
(-56 16 20)
(-52 16 20)
(-48 16 20)
(-44 16 20)
(-40 16 20)
(-36 16 20)
(-100 20 20)
(-96 20 20)
(-92 20 20)
(-88 20 20)
(-84 20 20)
(-80 20 20)
(-76 20 20)
(-72 20 20)
(-68 20 20)
(-64 20 20)
(-60 20 20)
(-56 20 20)
(-52 20 20)
(-48 20 20)
(-44 20 20)
(-40 20 20)
(-36 20 20)
(-100 24 20)
(-96 24 20)
(-92 24 20)
(-88 24 20)
(-84 24 20)
(-80 24 20)
(-76 24 20)
(-72 24 20)
(-68 24 20)
(-64 24 20)
(-60 24 20)
(-56 24 20)
(-52 24 20)
(-48 24 20)
(-44 24 20)
(-40 24 20)
(-36 24 20)
(-100 28 20)
(-96 28 20)
(-92 28 20)
(-88 28 20)
(-84 28 20)
(-80 28 20)
(-76 28 20)
(-72 28 20)
(-68 28 20)
(-64 28 20)
(-60 28 20)
(-56 28 20)
(-52 28 20)
(-48 28 20)
(-44 28 20)
(-40 28 20)
(-36 28 20)
(-100 32 20)
(-96 32 20)
(-92 32 20)
(-88 32 20)
(-84 32 20)
(-80 32 20)
(-76 32 20)
(-72 32 20)
(-68 32 20)
(-64 32 20)
(-60 32 20)
(-56 32 20)
(-52 32 20)
(-48 32 20)
(-44 32 20)
(-40 32 20)
(-36 32 20)
(-100 36 20)
(-96 36 20)
(-92 36 20)
(-88 36 20)
(-84 36 20)
(-80 36 20)
(-76 36 20)
(-72 36 20)
(-68 36 20)
(-64 36 20)
(-60 36 20)
(-56 36 20)
(-52 36 20)
(-48 36 20)
(-44 36 20)
(-40 36 20)
(-36 36 20)
(-100 40 20)
(-96 40 20)
(-92 40 20)
(-88 40 20)
(-84 40 20)
(-80 40 20)
(-76 40 20)
(-72 40 20)
(-68 40 20)
(-64 40 20)
(-60 40 20)
(-56 40 20)
(-52 40 20)
(-48 40 20)
(-44 40 20)
(-40 40 20)
(-36 40 20)
(-100 44 20)
(-96 44 20)
(-92 44 20)
(-88 44 20)
(-84 44 20)
(-80 44 20)
(-76 44 20)
(-72 44 20)
(-68 44 20)
(-64 44 20)
(-60 44 20)
(-56 44 20)
(-52 44 20)
(-48 44 20)
(-44 44 20)
(-40 44 20)
(-36 44 20)
(-100 48 20)
(-96 48 20)
(-92 48 20)
(-88 48 20)
(-84 48 20)
(-80 48 20)
(-76 48 20)
(-72 48 20)
(-68 48 20)
(-64 48 20)
(-60 48 20)
(-56 48 20)
(-52 48 20)
(-48 48 20)
(-44 48 20)
(-40 48 20)
(-36 48 20)
(-100 52 20)
(-96 52 20)
(-92 52 20)
(-88 52 20)
(-84 52 20)
(-80 52 20)
(-76 52 20)
(-72 52 20)
(-68 52 20)
(-64 52 20)
(-60 52 20)
(-56 52 20)
(-52 52 20)
(-48 52 20)
(-44 52 20)
(-40 52 20)
(-36 52 20)
(-100 56 20)
(-96 56 20)
(-92 56 20)
(-88 56 20)
(-84 56 20)
(-80 56 20)
(-76 56 20)
(-72 56 20)
(-68 56 20)
(-64 56 20)
(-60 56 20)
(-56 56 20)
(-52 56 20)
(-48 56 20)
(-44 56 20)
(-40 56 20)
(-36 56 20)
(-100 60 20)
(-96 60 20)
(-92 60 20)
(-88 60 20)
(-84 60 20)
(-80 60 20)
(-76 60 20)
(-72 60 20)
(-68 60 20)
(-64 60 20)
(-60 60 20)
(-56 60 20)
(-52 60 20)
(-48 60 20)
(-44 60 20)
(-40 60 20)
(-36 60 20)
(-100 64 20)
(-96 64 20)
(-92 64 20)
(-88 64 20)
(-84 64 20)
(-80 64 20)
(-76 64 20)
(-72 64 20)
(-68 64 20)
(-64 64 20)
(-60 64 20)
(-56 64 20)
(-52 64 20)
(-48 64 20)
(-44 64 20)
(-40 64 20)
(-36 64 20)
(-100 68 20)
(-96 68 20)
(-92 68 20)
(-88 68 20)
(-84 68 20)
(-80 68 20)
(-76 68 20)
(-72 68 20)
(-68 68 20)
(-64 68 20)
(-60 68 20)
(-56 68 20)
(-52 68 20)
(-48 68 20)
(-44 68 20)
(-40 68 20)
(-36 68 20)
(-100 72 20)
(-96 72 20)
(-92 72 20)
(-88 72 20)
(-84 72 20)
(-80 72 20)
(-76 72 20)
(-72 72 20)
(-68 72 20)
(-64 72 20)
(-60 72 20)
(-56 72 20)
(-52 72 20)
(-48 72 20)
(-44 72 20)
(-40 72 20)
(-36 72 20)
(-100 76 20)
(-96 76 20)
(-92 76 20)
(-88 76 20)
(-84 76 20)
(-80 76 20)
(-76 76 20)
(-72 76 20)
(-68 76 20)
(-64 76 20)
(-60 76 20)
(-56 76 20)
(-52 76 20)
(-48 76 20)
(-44 76 20)
(-40 76 20)
(-36 76 20)
(-100 80 20)
(-96 80 20)
(-92 80 20)
(-88 80 20)
(-84 80 20)
(-80 80 20)
(-76 80 20)
(-72 80 20)
(-68 80 20)
(-64 80 20)
(-60 80 20)
(-56 80 20)
(-52 80 20)
(-48 80 20)
(-44 80 20)
(-40 80 20)
(-36 80 20)
(-100 84 20)
(-96 84 20)
(-92 84 20)
(-88 84 20)
(-84 84 20)
(-80 84 20)
(-76 84 20)
(-72 84 20)
(-68 84 20)
(-64 84 20)
(-60 84 20)
(-56 84 20)
(-52 84 20)
(-48 84 20)
(-44 84 20)
(-40 84 20)
(-36 84 20)
(-100 88 20)
(-96 88 20)
(-92 88 20)
(-88 88 20)
(-84 88 20)
(-80 88 20)
(-76 88 20)
(-72 88 20)
(-68 88 20)
(-64 88 20)
(-60 88 20)
(-56 88 20)
(-52 88 20)
(-48 88 20)
(-44 88 20)
(-40 88 20)
(-36 88 20)
(-100 92 20)
(-96 92 20)
(-92 92 20)
(-88 92 20)
(-84 92 20)
(-80 92 20)
(-76 92 20)
(-72 92 20)
(-68 92 20)
(-64 92 20)
(-60 92 20)
(-56 92 20)
(-52 92 20)
(-48 92 20)
(-44 92 20)
(-40 92 20)
(-36 92 20)
(-100 96 20)
(-96 96 20)
(-92 96 20)
(-88 96 20)
(-84 96 20)
(-80 96 20)
(-76 96 20)
(-72 96 20)
(-68 96 20)
(-64 96 20)
(-60 96 20)
(-56 96 20)
(-52 96 20)
(-48 96 20)
(-44 96 20)
(-40 96 20)
(-36 96 20)
(-100 100 20)
(-96 100 20)
(-92 100 20)
(-88 100 20)
(-84 100 20)
(-80 100 20)
(-76 100 20)
(-72 100 20)
(-68 100 20)
(-64 100 20)
(-60 100 20)
(-56 100 20)
(-52 100 20)
(-48 100 20)
(-44 100 20)
(-40 100 20)
(-36 100 20)
(-40 4 25)
(-36 4 25)
(-100 8 25)
(-96 8 25)
(-92 8 25)
(-88 8 25)
(-84 8 25)
(-80 8 25)
(-76 8 25)
(-72 8 25)
(-68 8 25)
(-64 8 25)
(-60 8 25)
(-56 8 25)
(-52 8 25)
(-48 8 25)
(-44 8 25)
(-40 8 25)
(-36 8 25)
(-100 12 25)
(-96 12 25)
(-92 12 25)
(-88 12 25)
(-84 12 25)
(-80 12 25)
(-76 12 25)
(-72 12 25)
(-68 12 25)
(-64 12 25)
(-60 12 25)
(-56 12 25)
(-52 12 25)
(-48 12 25)
(-44 12 25)
(-40 12 25)
(-36 12 25)
(-100 16 25)
(-96 16 25)
(-92 16 25)
(-88 16 25)
(-84 16 25)
(-80 16 25)
(-76 16 25)
(-72 16 25)
(-68 16 25)
(-64 16 25)
(-60 16 25)
(-56 16 25)
(-52 16 25)
(-48 16 25)
(-44 16 25)
(-40 16 25)
(-36 16 25)
(-100 20 25)
(-96 20 25)
(-92 20 25)
(-88 20 25)
(-84 20 25)
(-80 20 25)
(-76 20 25)
(-72 20 25)
(-68 20 25)
(-64 20 25)
(-60 20 25)
(-56 20 25)
(-52 20 25)
(-48 20 25)
(-44 20 25)
(-40 20 25)
(-36 20 25)
(-100 24 25)
(-96 24 25)
(-92 24 25)
(-88 24 25)
(-84 24 25)
(-80 24 25)
(-76 24 25)
(-72 24 25)
(-68 24 25)
(-64 24 25)
(-60 24 25)
(-56 24 25)
(-52 24 25)
(-48 24 25)
(-44 24 25)
(-40 24 25)
(-36 24 25)
(-100 28 25)
(-96 28 25)
(-92 28 25)
(-88 28 25)
(-84 28 25)
(-80 28 25)
(-76 28 25)
(-72 28 25)
(-68 28 25)
(-64 28 25)
(-60 28 25)
(-56 28 25)
(-52 28 25)
(-48 28 25)
(-44 28 25)
(-40 28 25)
(-36 28 25)
(-100 32 25)
(-96 32 25)
(-92 32 25)
(-88 32 25)
(-84 32 25)
(-80 32 25)
(-76 32 25)
(-72 32 25)
(-68 32 25)
(-64 32 25)
(-60 32 25)
(-56 32 25)
(-52 32 25)
(-48 32 25)
(-44 32 25)
(-40 32 25)
(-36 32 25)
(-100 36 25)
(-96 36 25)
(-92 36 25)
(-88 36 25)
(-84 36 25)
(-80 36 25)
(-76 36 25)
(-72 36 25)
(-68 36 25)
(-64 36 25)
(-60 36 25)
(-56 36 25)
(-52 36 25)
(-48 36 25)
(-44 36 25)
(-40 36 25)
(-36 36 25)
(-100 40 25)
(-96 40 25)
(-92 40 25)
(-88 40 25)
(-84 40 25)
(-80 40 25)
(-76 40 25)
(-72 40 25)
(-68 40 25)
(-64 40 25)
(-60 40 25)
(-56 40 25)
(-52 40 25)
(-48 40 25)
(-44 40 25)
(-40 40 25)
(-36 40 25)
(-100 44 25)
(-96 44 25)
(-92 44 25)
(-88 44 25)
(-84 44 25)
(-80 44 25)
(-76 44 25)
(-72 44 25)
(-68 44 25)
(-64 44 25)
(-60 44 25)
(-56 44 25)
(-52 44 25)
(-48 44 25)
(-44 44 25)
(-40 44 25)
(-36 44 25)
(-100 48 25)
(-96 48 25)
(-92 48 25)
(-88 48 25)
(-84 48 25)
(-80 48 25)
(-76 48 25)
(-72 48 25)
(-68 48 25)
(-64 48 25)
(-60 48 25)
(-56 48 25)
(-52 48 25)
(-48 48 25)
(-44 48 25)
(-40 48 25)
(-36 48 25)
(-100 52 25)
(-96 52 25)
(-92 52 25)
(-88 52 25)
(-84 52 25)
(-80 52 25)
(-76 52 25)
(-72 52 25)
(-68 52 25)
(-64 52 25)
(-60 52 25)
(-56 52 25)
(-52 52 25)
(-48 52 25)
(-44 52 25)
(-40 52 25)
(-36 52 25)
(-100 56 25)
(-96 56 25)
(-92 56 25)
(-88 56 25)
(-84 56 25)
(-80 56 25)
(-76 56 25)
(-72 56 25)
(-68 56 25)
(-64 56 25)
(-60 56 25)
(-56 56 25)
(-52 56 25)
(-48 56 25)
(-44 56 25)
(-40 56 25)
(-36 56 25)
(-100 60 25)
(-96 60 25)
(-92 60 25)
(-88 60 25)
(-84 60 25)
(-80 60 25)
(-76 60 25)
(-72 60 25)
(-68 60 25)
(-64 60 25)
(-60 60 25)
(-56 60 25)
(-52 60 25)
(-48 60 25)
(-44 60 25)
(-40 60 25)
(-36 60 25)
(-100 64 25)
(-96 64 25)
(-92 64 25)
(-88 64 25)
(-84 64 25)
(-80 64 25)
(-76 64 25)
(-72 64 25)
(-68 64 25)
(-64 64 25)
(-60 64 25)
(-56 64 25)
(-52 64 25)
(-48 64 25)
(-44 64 25)
(-40 64 25)
(-36 64 25)
(-100 68 25)
(-96 68 25)
(-92 68 25)
(-88 68 25)
(-84 68 25)
(-80 68 25)
(-76 68 25)
(-72 68 25)
(-68 68 25)
(-64 68 25)
(-60 68 25)
(-56 68 25)
(-52 68 25)
(-48 68 25)
(-44 68 25)
(-40 68 25)
(-36 68 25)
(-100 72 25)
(-96 72 25)
(-92 72 25)
(-88 72 25)
(-84 72 25)
(-80 72 25)
(-76 72 25)
(-72 72 25)
(-68 72 25)
(-64 72 25)
(-60 72 25)
(-56 72 25)
(-52 72 25)
(-48 72 25)
(-44 72 25)
(-40 72 25)
(-36 72 25)
(-100 76 25)
(-96 76 25)
(-92 76 25)
(-88 76 25)
(-84 76 25)
(-80 76 25)
(-76 76 25)
(-72 76 25)
(-68 76 25)
(-64 76 25)
(-60 76 25)
(-56 76 25)
(-52 76 25)
(-48 76 25)
(-44 76 25)
(-40 76 25)
(-36 76 25)
(-100 80 25)
(-96 80 25)
(-92 80 25)
(-88 80 25)
(-84 80 25)
(-80 80 25)
(-76 80 25)
(-72 80 25)
(-68 80 25)
(-64 80 25)
(-60 80 25)
(-56 80 25)
(-52 80 25)
(-48 80 25)
(-44 80 25)
(-40 80 25)
(-36 80 25)
(-100 84 25)
(-96 84 25)
(-92 84 25)
(-88 84 25)
(-84 84 25)
(-80 84 25)
(-76 84 25)
(-72 84 25)
(-68 84 25)
(-64 84 25)
(-60 84 25)
(-56 84 25)
(-52 84 25)
(-48 84 25)
(-44 84 25)
(-40 84 25)
(-36 84 25)
(-100 88 25)
(-96 88 25)
(-92 88 25)
(-88 88 25)
(-84 88 25)
(-80 88 25)
(-76 88 25)
(-72 88 25)
(-68 88 25)
(-64 88 25)
(-60 88 25)
(-56 88 25)
(-52 88 25)
(-48 88 25)
(-44 88 25)
(-40 88 25)
(-36 88 25)
(-100 92 25)
(-96 92 25)
(-92 92 25)
(-88 92 25)
(-84 92 25)
(-80 92 25)
(-76 92 25)
(-72 92 25)
(-68 92 25)
(-64 92 25)
(-60 92 25)
(-56 92 25)
(-52 92 25)
(-48 92 25)
(-44 92 25)
(-40 92 25)
(-36 92 25)
(-100 96 25)
(-96 96 25)
(-92 96 25)
(-88 96 25)
(-84 96 25)
(-80 96 25)
(-76 96 25)
(-72 96 25)
(-68 96 25)
(-64 96 25)
(-60 96 25)
(-56 96 25)
(-52 96 25)
(-48 96 25)
(-44 96 25)
(-40 96 25)
(-36 96 25)
(-100 100 25)
(-96 100 25)
(-92 100 25)
(-88 100 25)
(-84 100 25)
(-80 100 25)
(-76 100 25)
(-72 100 25)
(-68 100 25)
(-64 100 25)
(-60 100 25)
(-56 100 25)
(-52 100 25)
(-48 100 25)
(-44 100 25)
(-40 100 25)
(-36 100 25)
(32 4 0)
(32 4 5)
(32 8 0)
(32 8 5)
(32 12 0)
(32 12 5)
(32 16 0)
(32 16 5)
(32 20 0)
(32 20 5)
(32 24 0)
(32 24 5)
(36 24 0)
(36 24 5)
(36 28 0)
(36 28 5)
(32 28 5)
(36 32 0)
(36 32 5)
(36 36 0)
(36 36 5)
(36 40 0)
(36 40 5)
(36 44 0)
(36 44 5)
(36 48 0)
(36 48 5)
(36 52 0)
(36 52 5)
(36 56 0)
(36 56 5)
(36 60 0)
(36 60 5)
(36 64 0)
(36 64 5)
(36 68 0)
(36 68 5)
(36 72 0)
(36 72 5)
(36 76 0)
(36 76 5)
(36 80 0)
(36 80 5)
(36 84 0)
(36 84 5)
(36 88 0)
(36 88 5)
(36 92 0)
(36 92 5)
(36 96 0)
(36 96 5)
(36 100 0)
(36 100 5)
(32 4 10)
(32 8 10)
(32 12 10)
(32 16 10)
(32 20 10)
(32 24 10)
(32 28 10)
(36 28 10)
(36 32 10)
(32 32 10)
(36 36 10)
(32 36 10)
(36 40 10)
(36 44 10)
(36 48 10)
(36 52 10)
(36 56 10)
(36 60 10)
(36 64 10)
(36 68 10)
(36 72 10)
(36 76 10)
(36 80 10)
(36 84 10)
(36 88 10)
(36 92 10)
(36 96 10)
(36 100 10)
(32 4 15)
(32 8 15)
(32 12 15)
(32 16 15)
(32 20 15)
(32 24 15)
(32 28 15)
(32 32 15)
(32 36 15)
(36 36 15)
(36 40 15)
(32 40 15)
(36 44 15)
(36 48 15)
(36 52 15)
(36 56 15)
(36 60 15)
(36 64 15)
(36 68 15)
(36 72 15)
(36 76 15)
(36 80 15)
(36 84 15)
(36 88 15)
(36 92 15)
(36 96 15)
(36 100 15)
(32 4 20)
(32 8 20)
(32 12 20)
(32 16 20)
(32 20 20)
(32 24 20)
(32 28 20)
(32 32 20)
(32 36 20)
(32 40 20)
(36 40 20)
(36 44 20)
(32 44 20)
(36 48 20)
(36 52 20)
(36 56 20)
(36 60 20)
(36 64 20)
(36 68 20)
(36 72 20)
(36 76 20)
(36 80 20)
(36 84 20)
(36 88 20)
(36 92 20)
(36 96 20)
(36 100 20)
(32 4 25)
(32 8 25)
(32 12 25)
(32 16 25)
(32 20 25)
(32 24 25)
(32 28 25)
(32 32 25)
(32 36 25)
(32 40 25)
(32 44 25)
(36 44 25)
(36 48 25)
(36 52 25)
(36 56 25)
(36 60 25)
(36 64 25)
(36 68 25)
(36 72 25)
(36 76 25)
(36 80 25)
(36 84 25)
(36 88 25)
(36 92 25)
(36 96 25)
(36 100 25)
(-28 4 0)
(-24 4 0)
(-20 4 0)
(-16 4 0)
(-12 4 0)
(-8 4 0)
(-4 4 0)
(0 4 0)
(4 4 0)
(8 4 0)
(12 4 0)
(16 4 0)
(20 4 0)
(24 4 0)
(28 4 0)
(-28 8 0)
(-24 8 0)
(-20 8 0)
(-16 8 0)
(-12 8 0)
(-8 8 0)
(-4 8 0)
(0 8 0)
(4 8 0)
(8 8 0)
(12 8 0)
(16 8 0)
(20 8 0)
(24 8 0)
(28 8 0)
(-28 12 0)
(-24 12 0)
(-20 12 0)
(-16 12 0)
(-12 12 0)
(-8 12 0)
(-4 12 0)
(0 12 0)
(4 12 0)
(8 12 0)
(12 12 0)
(16 12 0)
(20 12 0)
(24 12 0)
(28 12 0)
(-28 16 0)
(-24 16 0)
(-20 16 0)
(-16 16 0)
(-12 16 0)
(-8 16 0)
(-4 16 0)
(0 16 0)
(4 16 0)
(8 16 0)
(12 16 0)
(16 16 0)
(20 16 0)
(24 16 0)
(28 16 0)
(-28 20 0)
(-24 20 0)
(-20 20 0)
(-16 20 0)
(-12 20 0)
(-8 20 0)
(-4 20 0)
(0 20 0)
(4 20 0)
(8 20 0)
(12 20 0)
(16 20 0)
(20 20 0)
(24 20 0)
(28 20 0)
(-28 24 0)
(-24 24 0)
(-20 24 0)
(-16 24 0)
(-12 24 0)
(-8 24 0)
(-4 24 0)
(0 24 0)
(4 24 0)
(8 24 0)
(12 24 0)
(16 24 0)
(20 24 0)
(24 24 0)
(28 24 0)
(-28 28 0)
(-24 28 0)
(-20 28 0)
(-16 28 0)
(-12 28 0)
(-8 28 0)
(-4 28 0)
(0 28 0)
(4 28 0)
(8 28 0)
(12 28 0)
(16 28 0)
(20 28 0)
(24 28 0)
(28 28 0)
(32 28 0)
(-28 32 0)
(-24 32 0)
(-20 32 0)
(-16 32 0)
(-12 32 0)
(-8 32 0)
(-4 32 0)
(0 32 0)
(4 32 0)
(8 32 0)
(12 32 0)
(16 32 0)
(20 32 0)
(24 32 0)
(28 32 0)
(32 32 0)
(-28 36 0)
(-24 36 0)
(-20 36 0)
(-16 36 0)
(-12 36 0)
(-8 36 0)
(-4 36 0)
(0 36 0)
(4 36 0)
(8 36 0)
(12 36 0)
(16 36 0)
(20 36 0)
(24 36 0)
(28 36 0)
(32 36 0)
(-28 40 0)
(-24 40 0)
(-20 40 0)
(-16 40 0)
(-12 40 0)
(-8 40 0)
(-4 40 0)
(0 40 0)
(4 40 0)
(8 40 0)
(12 40 0)
(16 40 0)
(20 40 0)
(24 40 0)
(28 40 0)
(32 40 0)
(-28 44 0)
(-24 44 0)
(-20 44 0)
(-16 44 0)
(-12 44 0)
(-8 44 0)
(-4 44 0)
(0 44 0)
(4 44 0)
(8 44 0)
(12 44 0)
(16 44 0)
(20 44 0)
(24 44 0)
(28 44 0)
(32 44 0)
(-28 48 0)
(-24 48 0)
(-20 48 0)
(-16 48 0)
(-12 48 0)
(-8 48 0)
(-4 48 0)
(0 48 0)
(4 48 0)
(8 48 0)
(12 48 0)
(16 48 0)
(20 48 0)
(24 48 0)
(28 48 0)
(32 48 0)
(-28 52 0)
(-24 52 0)
(-20 52 0)
(-16 52 0)
(-12 52 0)
(-8 52 0)
(-4 52 0)
(0 52 0)
(4 52 0)
(8 52 0)
(12 52 0)
(16 52 0)
(20 52 0)
(24 52 0)
(28 52 0)
(32 52 0)
(-28 56 0)
(-24 56 0)
(-20 56 0)
(-16 56 0)
(-12 56 0)
(-8 56 0)
(-4 56 0)
(0 56 0)
(4 56 0)
(8 56 0)
(12 56 0)
(16 56 0)
(20 56 0)
(24 56 0)
(28 56 0)
(32 56 0)
(-28 60 0)
(-24 60 0)
(-20 60 0)
(-16 60 0)
(-12 60 0)
(-8 60 0)
(-4 60 0)
(0 60 0)
(4 60 0)
(8 60 0)
(12 60 0)
(16 60 0)
(20 60 0)
(24 60 0)
(28 60 0)
(32 60 0)
(-28 64 0)
(-24 64 0)
(-20 64 0)
(-16 64 0)
(-12 64 0)
(-8 64 0)
(-4 64 0)
(0 64 0)
(4 64 0)
(8 64 0)
(12 64 0)
(16 64 0)
(20 64 0)
(24 64 0)
(28 64 0)
(32 64 0)
(-28 68 0)
(-24 68 0)
(-20 68 0)
(-16 68 0)
(-12 68 0)
(-8 68 0)
(-4 68 0)
(0 68 0)
(4 68 0)
(8 68 0)
(12 68 0)
(16 68 0)
(20 68 0)
(24 68 0)
(28 68 0)
(32 68 0)
(-28 72 0)
(-24 72 0)
(-20 72 0)
(-16 72 0)
(-12 72 0)
(-8 72 0)
(-4 72 0)
(0 72 0)
(4 72 0)
(8 72 0)
(12 72 0)
(16 72 0)
(20 72 0)
(24 72 0)
(28 72 0)
(32 72 0)
(-28 76 0)
(-24 76 0)
(-20 76 0)
(-16 76 0)
(-12 76 0)
(-8 76 0)
(-4 76 0)
(0 76 0)
(4 76 0)
(8 76 0)
(12 76 0)
(16 76 0)
(20 76 0)
(24 76 0)
(28 76 0)
(32 76 0)
(-28 80 0)
(-24 80 0)
(-20 80 0)
(-16 80 0)
(-12 80 0)
(-8 80 0)
(-4 80 0)
(0 80 0)
(4 80 0)
(8 80 0)
(12 80 0)
(16 80 0)
(20 80 0)
(24 80 0)
(28 80 0)
(32 80 0)
(-28 84 0)
(-24 84 0)
(-20 84 0)
(-16 84 0)
(-12 84 0)
(-8 84 0)
(-4 84 0)
(0 84 0)
(4 84 0)
(8 84 0)
(12 84 0)
(16 84 0)
(20 84 0)
(24 84 0)
(28 84 0)
(32 84 0)
(-28 88 0)
(-24 88 0)
(-20 88 0)
(-16 88 0)
(-12 88 0)
(-8 88 0)
(-4 88 0)
(0 88 0)
(4 88 0)
(8 88 0)
(12 88 0)
(16 88 0)
(20 88 0)
(24 88 0)
(28 88 0)
(32 88 0)
(-28 92 0)
(-24 92 0)
(-20 92 0)
(-16 92 0)
(-12 92 0)
(-8 92 0)
(-4 92 0)
(0 92 0)
(4 92 0)
(8 92 0)
(12 92 0)
(16 92 0)
(20 92 0)
(24 92 0)
(28 92 0)
(32 92 0)
(-28 96 0)
(-24 96 0)
(-20 96 0)
(-16 96 0)
(-12 96 0)
(-8 96 0)
(-4 96 0)
(0 96 0)
(4 96 0)
(8 96 0)
(12 96 0)
(16 96 0)
(20 96 0)
(24 96 0)
(28 96 0)
(32 96 0)
(-28 100 0)
(-24 100 0)
(-20 100 0)
(-16 100 0)
(-12 100 0)
(-8 100 0)
(-4 100 0)
(0 100 0)
(4 100 0)
(8 100 0)
(12 100 0)
(16 100 0)
(20 100 0)
(24 100 0)
(28 100 0)
(32 100 0)
(-28 4 5)
(-24 4 5)
(-20 4 5)
(-16 4 5)
(-12 4 5)
(-8 4 5)
(-4 4 5)
(0 4 5)
(4 4 5)
(8 4 5)
(12 4 5)
(16 4 5)
(20 4 5)
(24 4 5)
(28 4 5)
(-28 8 5)
(-24 8 5)
(-20 8 5)
(-16 8 5)
(-12 8 5)
(-8 8 5)
(-4 8 5)
(0 8 5)
(4 8 5)
(8 8 5)
(12 8 5)
(16 8 5)
(20 8 5)
(24 8 5)
(28 8 5)
(-28 12 5)
(-24 12 5)
(-20 12 5)
(-16 12 5)
(-12 12 5)
(-8 12 5)
(-4 12 5)
(0 12 5)
(4 12 5)
(8 12 5)
(12 12 5)
(16 12 5)
(20 12 5)
(24 12 5)
(28 12 5)
(-28 16 5)
(-24 16 5)
(-20 16 5)
(-16 16 5)
(-12 16 5)
(-8 16 5)
(-4 16 5)
(0 16 5)
(4 16 5)
(8 16 5)
(12 16 5)
(16 16 5)
(20 16 5)
(24 16 5)
(28 16 5)
(-28 20 5)
(-24 20 5)
(-20 20 5)
(-16 20 5)
(-12 20 5)
(-8 20 5)
(-4 20 5)
(0 20 5)
(4 20 5)
(8 20 5)
(12 20 5)
(16 20 5)
(20 20 5)
(24 20 5)
(28 20 5)
(-28 24 5)
(-24 24 5)
(-20 24 5)
(-16 24 5)
(-12 24 5)
(-8 24 5)
(-4 24 5)
(0 24 5)
(4 24 5)
(8 24 5)
(12 24 5)
(16 24 5)
(20 24 5)
(24 24 5)
(28 24 5)
(-28 28 5)
(-24 28 5)
(-20 28 5)
(-16 28 5)
(-12 28 5)
(-8 28 5)
(-4 28 5)
(0 28 5)
(4 28 5)
(8 28 5)
(12 28 5)
(16 28 5)
(20 28 5)
(24 28 5)
(28 28 5)
(-28 32 5)
(-24 32 5)
(-20 32 5)
(-16 32 5)
(-12 32 5)
(-8 32 5)
(-4 32 5)
(0 32 5)
(4 32 5)
(8 32 5)
(12 32 5)
(16 32 5)
(20 32 5)
(24 32 5)
(28 32 5)
(32 32 5)
(-28 36 5)
(-24 36 5)
(-20 36 5)
(-16 36 5)
(-12 36 5)
(-8 36 5)
(-4 36 5)
(0 36 5)
(4 36 5)
(8 36 5)
(12 36 5)
(16 36 5)
(20 36 5)
(24 36 5)
(28 36 5)
(32 36 5)
(-28 40 5)
(-24 40 5)
(-20 40 5)
(-16 40 5)
(-12 40 5)
(-8 40 5)
(-4 40 5)
(0 40 5)
(4 40 5)
(8 40 5)
(12 40 5)
(16 40 5)
(20 40 5)
(24 40 5)
(28 40 5)
(32 40 5)
(-28 44 5)
(-24 44 5)
(-20 44 5)
(-16 44 5)
(-12 44 5)
(-8 44 5)
(-4 44 5)
(0 44 5)
(4 44 5)
(8 44 5)
(12 44 5)
(16 44 5)
(20 44 5)
(24 44 5)
(28 44 5)
(32 44 5)
(-28 48 5)
(-24 48 5)
(-20 48 5)
(-16 48 5)
(-12 48 5)
(-8 48 5)
(-4 48 5)
(0 48 5)
(4 48 5)
(8 48 5)
(12 48 5)
(16 48 5)
(20 48 5)
(24 48 5)
(28 48 5)
(32 48 5)
(-28 52 5)
(-24 52 5)
(-20 52 5)
(-16 52 5)
(-12 52 5)
(-8 52 5)
(-4 52 5)
(0 52 5)
(4 52 5)
(8 52 5)
(12 52 5)
(16 52 5)
(20 52 5)
(24 52 5)
(28 52 5)
(32 52 5)
(-28 56 5)
(-24 56 5)
(-20 56 5)
(-16 56 5)
(-12 56 5)
(-8 56 5)
(-4 56 5)
(0 56 5)
(4 56 5)
(8 56 5)
(12 56 5)
(16 56 5)
(20 56 5)
(24 56 5)
(28 56 5)
(32 56 5)
(-28 60 5)
(-24 60 5)
(-20 60 5)
(-16 60 5)
(-12 60 5)
(-8 60 5)
(-4 60 5)
(0 60 5)
(4 60 5)
(8 60 5)
(12 60 5)
(16 60 5)
(20 60 5)
(24 60 5)
(28 60 5)
(32 60 5)
(-28 64 5)
(-24 64 5)
(-20 64 5)
(-16 64 5)
(-12 64 5)
(-8 64 5)
(-4 64 5)
(0 64 5)
(4 64 5)
(8 64 5)
(12 64 5)
(16 64 5)
(20 64 5)
(24 64 5)
(28 64 5)
(32 64 5)
(-28 68 5)
(-24 68 5)
(-20 68 5)
(-16 68 5)
(-12 68 5)
(-8 68 5)
(-4 68 5)
(0 68 5)
(4 68 5)
(8 68 5)
(12 68 5)
(16 68 5)
(20 68 5)
(24 68 5)
(28 68 5)
(32 68 5)
(-28 72 5)
(-24 72 5)
(-20 72 5)
(-16 72 5)
(-12 72 5)
(-8 72 5)
(-4 72 5)
(0 72 5)
(4 72 5)
(8 72 5)
(12 72 5)
(16 72 5)
(20 72 5)
(24 72 5)
(28 72 5)
(32 72 5)
(-28 76 5)
(-24 76 5)
(-20 76 5)
(-16 76 5)
(-12 76 5)
(-8 76 5)
(-4 76 5)
(0 76 5)
(4 76 5)
(8 76 5)
(12 76 5)
(16 76 5)
(20 76 5)
(24 76 5)
(28 76 5)
(32 76 5)
(-28 80 5)
(-24 80 5)
(-20 80 5)
(-16 80 5)
(-12 80 5)
(-8 80 5)
(-4 80 5)
(0 80 5)
(4 80 5)
(8 80 5)
(12 80 5)
(16 80 5)
(20 80 5)
(24 80 5)
(28 80 5)
(32 80 5)
(-28 84 5)
(-24 84 5)
(-20 84 5)
(-16 84 5)
(-12 84 5)
(-8 84 5)
(-4 84 5)
(0 84 5)
(4 84 5)
(8 84 5)
(12 84 5)
(16 84 5)
(20 84 5)
(24 84 5)
(28 84 5)
(32 84 5)
(-28 88 5)
(-24 88 5)
(-20 88 5)
(-16 88 5)
(-12 88 5)
(-8 88 5)
(-4 88 5)
(0 88 5)
(4 88 5)
(8 88 5)
(12 88 5)
(16 88 5)
(20 88 5)
(24 88 5)
(28 88 5)
(32 88 5)
(-28 92 5)
(-24 92 5)
(-20 92 5)
(-16 92 5)
(-12 92 5)
(-8 92 5)
(-4 92 5)
(0 92 5)
(4 92 5)
(8 92 5)
(12 92 5)
(16 92 5)
(20 92 5)
(24 92 5)
(28 92 5)
(32 92 5)
(-28 96 5)
(-24 96 5)
(-20 96 5)
(-16 96 5)
(-12 96 5)
(-8 96 5)
(-4 96 5)
(0 96 5)
(4 96 5)
(8 96 5)
(12 96 5)
(16 96 5)
(20 96 5)
(24 96 5)
(28 96 5)
(32 96 5)
(-28 100 5)
(-24 100 5)
(-20 100 5)
(-16 100 5)
(-12 100 5)
(-8 100 5)
(-4 100 5)
(0 100 5)
(4 100 5)
(8 100 5)
(12 100 5)
(16 100 5)
(20 100 5)
(24 100 5)
(28 100 5)
(32 100 5)
(-28 4 10)
(-24 4 10)
(-20 4 10)
(-16 4 10)
(-12 4 10)
(-8 4 10)
(-4 4 10)
(0 4 10)
(4 4 10)
(8 4 10)
(12 4 10)
(16 4 10)
(20 4 10)
(24 4 10)
(28 4 10)
(-28 8 10)
(-24 8 10)
(-20 8 10)
(-16 8 10)
(-12 8 10)
(-8 8 10)
(-4 8 10)
(0 8 10)
(4 8 10)
(8 8 10)
(12 8 10)
(16 8 10)
(20 8 10)
(24 8 10)
(28 8 10)
(-28 12 10)
(-24 12 10)
(-20 12 10)
(-16 12 10)
(-12 12 10)
(-8 12 10)
(-4 12 10)
(0 12 10)
(4 12 10)
(8 12 10)
(12 12 10)
(16 12 10)
(20 12 10)
(24 12 10)
(28 12 10)
(-28 16 10)
(-24 16 10)
(-20 16 10)
(-16 16 10)
(-12 16 10)
(-8 16 10)
(-4 16 10)
(0 16 10)
(4 16 10)
(8 16 10)
(12 16 10)
(16 16 10)
(20 16 10)
(24 16 10)
(28 16 10)
(-28 20 10)
(-24 20 10)
(-20 20 10)
(-16 20 10)
(-12 20 10)
(-8 20 10)
(-4 20 10)
(0 20 10)
(4 20 10)
(8 20 10)
(12 20 10)
(16 20 10)
(20 20 10)
(24 20 10)
(28 20 10)
(-28 24 10)
(-24 24 10)
(-20 24 10)
(-16 24 10)
(-12 24 10)
(-8 24 10)
(-4 24 10)
(0 24 10)
(4 24 10)
(8 24 10)
(12 24 10)
(16 24 10)
(20 24 10)
(24 24 10)
(28 24 10)
(-28 28 10)
(-24 28 10)
(-20 28 10)
(-16 28 10)
(-12 28 10)
(-8 28 10)
(-4 28 10)
(0 28 10)
(4 28 10)
(8 28 10)
(12 28 10)
(16 28 10)
(20 28 10)
(24 28 10)
(28 28 10)
(-28 32 10)
(-24 32 10)
(-20 32 10)
(-16 32 10)
(-12 32 10)
(-8 32 10)
(-4 32 10)
(0 32 10)
(4 32 10)
(8 32 10)
(12 32 10)
(16 32 10)
(20 32 10)
(24 32 10)
(28 32 10)
(-28 36 10)
(-24 36 10)
(-20 36 10)
(-16 36 10)
(-12 36 10)
(-8 36 10)
(-4 36 10)
(0 36 10)
(4 36 10)
(8 36 10)
(12 36 10)
(16 36 10)
(20 36 10)
(24 36 10)
(28 36 10)
(-28 40 10)
(-24 40 10)
(-20 40 10)
(-16 40 10)
(-12 40 10)
(-8 40 10)
(-4 40 10)
(0 40 10)
(4 40 10)
(8 40 10)
(12 40 10)
(16 40 10)
(20 40 10)
(24 40 10)
(28 40 10)
(32 40 10)
(-28 44 10)
(-24 44 10)
(-20 44 10)
(-16 44 10)
(-12 44 10)
(-8 44 10)
(-4 44 10)
(0 44 10)
(4 44 10)
(8 44 10)
(12 44 10)
(16 44 10)
(20 44 10)
(24 44 10)
(28 44 10)
(32 44 10)
(-28 48 10)
(-24 48 10)
(-20 48 10)
(-16 48 10)
(-12 48 10)
(-8 48 10)
(-4 48 10)
(0 48 10)
(4 48 10)
(8 48 10)
(12 48 10)
(16 48 10)
(20 48 10)
(24 48 10)
(28 48 10)
(32 48 10)
(-28 52 10)
(-24 52 10)
(-20 52 10)
(-16 52 10)
(-12 52 10)
(-8 52 10)
(-4 52 10)
(0 52 10)
(4 52 10)
(8 52 10)
(12 52 10)
(16 52 10)
(20 52 10)
(24 52 10)
(28 52 10)
(32 52 10)
(-28 56 10)
(-24 56 10)
(-20 56 10)
(-16 56 10)
(-12 56 10)
(-8 56 10)
(-4 56 10)
(0 56 10)
(4 56 10)
(8 56 10)
(12 56 10)
(16 56 10)
(20 56 10)
(24 56 10)
(28 56 10)
(32 56 10)
(-28 60 10)
(-24 60 10)
(-20 60 10)
(-16 60 10)
(-12 60 10)
(-8 60 10)
(-4 60 10)
(0 60 10)
(4 60 10)
(8 60 10)
(12 60 10)
(16 60 10)
(20 60 10)
(24 60 10)
(28 60 10)
(32 60 10)
(-28 64 10)
(-24 64 10)
(-20 64 10)
(-16 64 10)
(-12 64 10)
(-8 64 10)
(-4 64 10)
(0 64 10)
(4 64 10)
(8 64 10)
(12 64 10)
(16 64 10)
(20 64 10)
(24 64 10)
(28 64 10)
(32 64 10)
(-28 68 10)
(-24 68 10)
(-20 68 10)
(-16 68 10)
(-12 68 10)
(-8 68 10)
(-4 68 10)
(0 68 10)
(4 68 10)
(8 68 10)
(12 68 10)
(16 68 10)
(20 68 10)
(24 68 10)
(28 68 10)
(32 68 10)
(-28 72 10)
(-24 72 10)
(-20 72 10)
(-16 72 10)
(-12 72 10)
(-8 72 10)
(-4 72 10)
(0 72 10)
(4 72 10)
(8 72 10)
(12 72 10)
(16 72 10)
(20 72 10)
(24 72 10)
(28 72 10)
(32 72 10)
(-28 76 10)
(-24 76 10)
(-20 76 10)
(-16 76 10)
(-12 76 10)
(-8 76 10)
(-4 76 10)
(0 76 10)
(4 76 10)
(8 76 10)
(12 76 10)
(16 76 10)
(20 76 10)
(24 76 10)
(28 76 10)
(32 76 10)
(-28 80 10)
(-24 80 10)
(-20 80 10)
(-16 80 10)
(-12 80 10)
(-8 80 10)
(-4 80 10)
(0 80 10)
(4 80 10)
(8 80 10)
(12 80 10)
(16 80 10)
(20 80 10)
(24 80 10)
(28 80 10)
(32 80 10)
(-28 84 10)
(-24 84 10)
(-20 84 10)
(-16 84 10)
(-12 84 10)
(-8 84 10)
(-4 84 10)
(0 84 10)
(4 84 10)
(8 84 10)
(12 84 10)
(16 84 10)
(20 84 10)
(24 84 10)
(28 84 10)
(32 84 10)
(-28 88 10)
(-24 88 10)
(-20 88 10)
(-16 88 10)
(-12 88 10)
(-8 88 10)
(-4 88 10)
(0 88 10)
(4 88 10)
(8 88 10)
(12 88 10)
(16 88 10)
(20 88 10)
(24 88 10)
(28 88 10)
(32 88 10)
(-28 92 10)
(-24 92 10)
(-20 92 10)
(-16 92 10)
(-12 92 10)
(-8 92 10)
(-4 92 10)
(0 92 10)
(4 92 10)
(8 92 10)
(12 92 10)
(16 92 10)
(20 92 10)
(24 92 10)
(28 92 10)
(32 92 10)
(-28 96 10)
(-24 96 10)
(-20 96 10)
(-16 96 10)
(-12 96 10)
(-8 96 10)
(-4 96 10)
(0 96 10)
(4 96 10)
(8 96 10)
(12 96 10)
(16 96 10)
(20 96 10)
(24 96 10)
(28 96 10)
(32 96 10)
(-28 100 10)
(-24 100 10)
(-20 100 10)
(-16 100 10)
(-12 100 10)
(-8 100 10)
(-4 100 10)
(0 100 10)
(4 100 10)
(8 100 10)
(12 100 10)
(16 100 10)
(20 100 10)
(24 100 10)
(28 100 10)
(32 100 10)
(-28 4 15)
(-24 4 15)
(-20 4 15)
(-16 4 15)
(-12 4 15)
(-8 4 15)
(-4 4 15)
(0 4 15)
(4 4 15)
(8 4 15)
(12 4 15)
(16 4 15)
(20 4 15)
(24 4 15)
(28 4 15)
(-28 8 15)
(-24 8 15)
(-20 8 15)
(-16 8 15)
(-12 8 15)
(-8 8 15)
(-4 8 15)
(0 8 15)
(4 8 15)
(8 8 15)
(12 8 15)
(16 8 15)
(20 8 15)
(24 8 15)
(28 8 15)
(-28 12 15)
(-24 12 15)
(-20 12 15)
(-16 12 15)
(-12 12 15)
(-8 12 15)
(-4 12 15)
(0 12 15)
(4 12 15)
(8 12 15)
(12 12 15)
(16 12 15)
(20 12 15)
(24 12 15)
(28 12 15)
(-28 16 15)
(-24 16 15)
(-20 16 15)
(-16 16 15)
(-12 16 15)
(-8 16 15)
(-4 16 15)
(0 16 15)
(4 16 15)
(8 16 15)
(12 16 15)
(16 16 15)
(20 16 15)
(24 16 15)
(28 16 15)
(-28 20 15)
(-24 20 15)
(-20 20 15)
(-16 20 15)
(-12 20 15)
(-8 20 15)
(-4 20 15)
(0 20 15)
(4 20 15)
(8 20 15)
(12 20 15)
(16 20 15)
(20 20 15)
(24 20 15)
(28 20 15)
(-28 24 15)
(-24 24 15)
(-20 24 15)
(-16 24 15)
(-12 24 15)
(-8 24 15)
(-4 24 15)
(0 24 15)
(4 24 15)
(8 24 15)
(12 24 15)
(16 24 15)
(20 24 15)
(24 24 15)
(28 24 15)
(-28 28 15)
(-24 28 15)
(-20 28 15)
(-16 28 15)
(-12 28 15)
(-8 28 15)
(-4 28 15)
(0 28 15)
(4 28 15)
(8 28 15)
(12 28 15)
(16 28 15)
(20 28 15)
(24 28 15)
(28 28 15)
(-28 32 15)
(-24 32 15)
(-20 32 15)
(-16 32 15)
(-12 32 15)
(-8 32 15)
(-4 32 15)
(0 32 15)
(4 32 15)
(8 32 15)
(12 32 15)
(16 32 15)
(20 32 15)
(24 32 15)
(28 32 15)
(-28 36 15)
(-24 36 15)
(-20 36 15)
(-16 36 15)
(-12 36 15)
(-8 36 15)
(-4 36 15)
(0 36 15)
(4 36 15)
(8 36 15)
(12 36 15)
(16 36 15)
(20 36 15)
(24 36 15)
(28 36 15)
(-28 40 15)
(-24 40 15)
(-20 40 15)
(-16 40 15)
(-12 40 15)
(-8 40 15)
(-4 40 15)
(0 40 15)
(4 40 15)
(8 40 15)
(12 40 15)
(16 40 15)
(20 40 15)
(24 40 15)
(28 40 15)
(-28 44 15)
(-24 44 15)
(-20 44 15)
(-16 44 15)
(-12 44 15)
(-8 44 15)
(-4 44 15)
(0 44 15)
(4 44 15)
(8 44 15)
(12 44 15)
(16 44 15)
(20 44 15)
(24 44 15)
(28 44 15)
(32 44 15)
(-28 48 15)
(-24 48 15)
(-20 48 15)
(-16 48 15)
(-12 48 15)
(-8 48 15)
(-4 48 15)
(0 48 15)
(4 48 15)
(8 48 15)
(12 48 15)
(16 48 15)
(20 48 15)
(24 48 15)
(28 48 15)
(32 48 15)
(-28 52 15)
(-24 52 15)
(-20 52 15)
(-16 52 15)
(-12 52 15)
(-8 52 15)
(-4 52 15)
(0 52 15)
(4 52 15)
(8 52 15)
(12 52 15)
(16 52 15)
(20 52 15)
(24 52 15)
(28 52 15)
(32 52 15)
(-28 56 15)
(-24 56 15)
(-20 56 15)
(-16 56 15)
(-12 56 15)
(-8 56 15)
(-4 56 15)
(0 56 15)
(4 56 15)
(8 56 15)
(12 56 15)
(16 56 15)
(20 56 15)
(24 56 15)
(28 56 15)
(32 56 15)
(-28 60 15)
(-24 60 15)
(-20 60 15)
(-16 60 15)
(-12 60 15)
(-8 60 15)
(-4 60 15)
(0 60 15)
(4 60 15)
(8 60 15)
(12 60 15)
(16 60 15)
(20 60 15)
(24 60 15)
(28 60 15)
(32 60 15)
(-28 64 15)
(-24 64 15)
(-20 64 15)
(-16 64 15)
(-12 64 15)
(-8 64 15)
(-4 64 15)
(0 64 15)
(4 64 15)
(8 64 15)
(12 64 15)
(16 64 15)
(20 64 15)
(24 64 15)
(28 64 15)
(32 64 15)
(-28 68 15)
(-24 68 15)
(-20 68 15)
(-16 68 15)
(-12 68 15)
(-8 68 15)
(-4 68 15)
(0 68 15)
(4 68 15)
(8 68 15)
(12 68 15)
(16 68 15)
(20 68 15)
(24 68 15)
(28 68 15)
(32 68 15)
(-28 72 15)
(-24 72 15)
(-20 72 15)
(-16 72 15)
(-12 72 15)
(-8 72 15)
(-4 72 15)
(0 72 15)
(4 72 15)
(8 72 15)
(12 72 15)
(16 72 15)
(20 72 15)
(24 72 15)
(28 72 15)
(32 72 15)
(-28 76 15)
(-24 76 15)
(-20 76 15)
(-16 76 15)
(-12 76 15)
(-8 76 15)
(-4 76 15)
(0 76 15)
(4 76 15)
(8 76 15)
(12 76 15)
(16 76 15)
(20 76 15)
(24 76 15)
(28 76 15)
(32 76 15)
(-28 80 15)
(-24 80 15)
(-20 80 15)
(-16 80 15)
(-12 80 15)
(-8 80 15)
(-4 80 15)
(0 80 15)
(4 80 15)
(8 80 15)
(12 80 15)
(16 80 15)
(20 80 15)
(24 80 15)
(28 80 15)
(32 80 15)
(-28 84 15)
(-24 84 15)
(-20 84 15)
(-16 84 15)
(-12 84 15)
(-8 84 15)
(-4 84 15)
(0 84 15)
(4 84 15)
(8 84 15)
(12 84 15)
(16 84 15)
(20 84 15)
(24 84 15)
(28 84 15)
(32 84 15)
(-28 88 15)
(-24 88 15)
(-20 88 15)
(-16 88 15)
(-12 88 15)
(-8 88 15)
(-4 88 15)
(0 88 15)
(4 88 15)
(8 88 15)
(12 88 15)
(16 88 15)
(20 88 15)
(24 88 15)
(28 88 15)
(32 88 15)
(-28 92 15)
(-24 92 15)
(-20 92 15)
(-16 92 15)
(-12 92 15)
(-8 92 15)
(-4 92 15)
(0 92 15)
(4 92 15)
(8 92 15)
(12 92 15)
(16 92 15)
(20 92 15)
(24 92 15)
(28 92 15)
(32 92 15)
(-28 96 15)
(-24 96 15)
(-20 96 15)
(-16 96 15)
(-12 96 15)
(-8 96 15)
(-4 96 15)
(0 96 15)
(4 96 15)
(8 96 15)
(12 96 15)
(16 96 15)
(20 96 15)
(24 96 15)
(28 96 15)
(32 96 15)
(-28 100 15)
(-24 100 15)
(-20 100 15)
(-16 100 15)
(-12 100 15)
(-8 100 15)
(-4 100 15)
(0 100 15)
(4 100 15)
(8 100 15)
(12 100 15)
(16 100 15)
(20 100 15)
(24 100 15)
(28 100 15)
(32 100 15)
(-28 4 20)
(-24 4 20)
(-20 4 20)
(-16 4 20)
(-12 4 20)
(-8 4 20)
(-4 4 20)
(0 4 20)
(4 4 20)
(8 4 20)
(12 4 20)
(16 4 20)
(20 4 20)
(24 4 20)
(28 4 20)
(-28 8 20)
(-24 8 20)
(-20 8 20)
(-16 8 20)
(-12 8 20)
(-8 8 20)
(-4 8 20)
(0 8 20)
(4 8 20)
(8 8 20)
(12 8 20)
(16 8 20)
(20 8 20)
(24 8 20)
(28 8 20)
(-28 12 20)
(-24 12 20)
(-20 12 20)
(-16 12 20)
(-12 12 20)
(-8 12 20)
(-4 12 20)
(0 12 20)
(4 12 20)
(8 12 20)
(12 12 20)
(16 12 20)
(20 12 20)
(24 12 20)
(28 12 20)
(-28 16 20)
(-24 16 20)
(-20 16 20)
(-16 16 20)
(-12 16 20)
(-8 16 20)
(-4 16 20)
(0 16 20)
(4 16 20)
(8 16 20)
(12 16 20)
(16 16 20)
(20 16 20)
(24 16 20)
(28 16 20)
(-28 20 20)
(-24 20 20)
(-20 20 20)
(-16 20 20)
(-12 20 20)
(-8 20 20)
(-4 20 20)
(0 20 20)
(4 20 20)
(8 20 20)
(12 20 20)
(16 20 20)
(20 20 20)
(24 20 20)
(28 20 20)
(-28 24 20)
(-24 24 20)
(-20 24 20)
(-16 24 20)
(-12 24 20)
(-8 24 20)
(-4 24 20)
(0 24 20)
(4 24 20)
(8 24 20)
(12 24 20)
(16 24 20)
(20 24 20)
(24 24 20)
(28 24 20)
(-28 28 20)
(-24 28 20)
(-20 28 20)
(-16 28 20)
(-12 28 20)
(-8 28 20)
(-4 28 20)
(0 28 20)
(4 28 20)
(8 28 20)
(12 28 20)
(16 28 20)
(20 28 20)
(24 28 20)
(28 28 20)
(-28 32 20)
(-24 32 20)
(-20 32 20)
(-16 32 20)
(-12 32 20)
(-8 32 20)
(-4 32 20)
(0 32 20)
(4 32 20)
(8 32 20)
(12 32 20)
(16 32 20)
(20 32 20)
(24 32 20)
(28 32 20)
(-28 36 20)
(-24 36 20)
(-20 36 20)
(-16 36 20)
(-12 36 20)
(-8 36 20)
(-4 36 20)
(0 36 20)
(4 36 20)
(8 36 20)
(12 36 20)
(16 36 20)
(20 36 20)
(24 36 20)
(28 36 20)
(-28 40 20)
(-24 40 20)
(-20 40 20)
(-16 40 20)
(-12 40 20)
(-8 40 20)
(-4 40 20)
(0 40 20)
(4 40 20)
(8 40 20)
(12 40 20)
(16 40 20)
(20 40 20)
(24 40 20)
(28 40 20)
(-28 44 20)
(-24 44 20)
(-20 44 20)
(-16 44 20)
(-12 44 20)
(-8 44 20)
(-4 44 20)
(0 44 20)
(4 44 20)
(8 44 20)
(12 44 20)
(16 44 20)
(20 44 20)
(24 44 20)
(28 44 20)
(-28 48 20)
(-24 48 20)
(-20 48 20)
(-16 48 20)
(-12 48 20)
(-8 48 20)
(-4 48 20)
(0 48 20)
(4 48 20)
(8 48 20)
(12 48 20)
(16 48 20)
(20 48 20)
(24 48 20)
(28 48 20)
(32 48 20)
(-28 52 20)
(-24 52 20)
(-20 52 20)
(-16 52 20)
(-12 52 20)
(-8 52 20)
(-4 52 20)
(0 52 20)
(4 52 20)
(8 52 20)
(12 52 20)
(16 52 20)
(20 52 20)
(24 52 20)
(28 52 20)
(32 52 20)
(-28 56 20)
(-24 56 20)
(-20 56 20)
(-16 56 20)
(-12 56 20)
(-8 56 20)
(-4 56 20)
(0 56 20)
(4 56 20)
(8 56 20)
(12 56 20)
(16 56 20)
(20 56 20)
(24 56 20)
(28 56 20)
(32 56 20)
(-28 60 20)
(-24 60 20)
(-20 60 20)
(-16 60 20)
(-12 60 20)
(-8 60 20)
(-4 60 20)
(0 60 20)
(4 60 20)
(8 60 20)
(12 60 20)
(16 60 20)
(20 60 20)
(24 60 20)
(28 60 20)
(32 60 20)
(-28 64 20)
(-24 64 20)
(-20 64 20)
(-16 64 20)
(-12 64 20)
(-8 64 20)
(-4 64 20)
(0 64 20)
(4 64 20)
(8 64 20)
(12 64 20)
(16 64 20)
(20 64 20)
(24 64 20)
(28 64 20)
(32 64 20)
(-28 68 20)
(-24 68 20)
(-20 68 20)
(-16 68 20)
(-12 68 20)
(-8 68 20)
(-4 68 20)
(0 68 20)
(4 68 20)
(8 68 20)
(12 68 20)
(16 68 20)
(20 68 20)
(24 68 20)
(28 68 20)
(32 68 20)
(-28 72 20)
(-24 72 20)
(-20 72 20)
(-16 72 20)
(-12 72 20)
(-8 72 20)
(-4 72 20)
(0 72 20)
(4 72 20)
(8 72 20)
(12 72 20)
(16 72 20)
(20 72 20)
(24 72 20)
(28 72 20)
(32 72 20)
(-28 76 20)
(-24 76 20)
(-20 76 20)
(-16 76 20)
(-12 76 20)
(-8 76 20)
(-4 76 20)
(0 76 20)
(4 76 20)
(8 76 20)
(12 76 20)
(16 76 20)
(20 76 20)
(24 76 20)
(28 76 20)
(32 76 20)
(-28 80 20)
(-24 80 20)
(-20 80 20)
(-16 80 20)
(-12 80 20)
(-8 80 20)
(-4 80 20)
(0 80 20)
(4 80 20)
(8 80 20)
(12 80 20)
(16 80 20)
(20 80 20)
(24 80 20)
(28 80 20)
(32 80 20)
(-28 84 20)
(-24 84 20)
(-20 84 20)
(-16 84 20)
(-12 84 20)
(-8 84 20)
(-4 84 20)
(0 84 20)
(4 84 20)
(8 84 20)
(12 84 20)
(16 84 20)
(20 84 20)
(24 84 20)
(28 84 20)
(32 84 20)
(-28 88 20)
(-24 88 20)
(-20 88 20)
(-16 88 20)
(-12 88 20)
(-8 88 20)
(-4 88 20)
(0 88 20)
(4 88 20)
(8 88 20)
(12 88 20)
(16 88 20)
(20 88 20)
(24 88 20)
(28 88 20)
(32 88 20)
(-28 92 20)
(-24 92 20)
(-20 92 20)
(-16 92 20)
(-12 92 20)
(-8 92 20)
(-4 92 20)
(0 92 20)
(4 92 20)
(8 92 20)
(12 92 20)
(16 92 20)
(20 92 20)
(24 92 20)
(28 92 20)
(32 92 20)
(-28 96 20)
(-24 96 20)
(-20 96 20)
(-16 96 20)
(-12 96 20)
(-8 96 20)
(-4 96 20)
(0 96 20)
(4 96 20)
(8 96 20)
(12 96 20)
(16 96 20)
(20 96 20)
(24 96 20)
(28 96 20)
(32 96 20)
(-28 100 20)
(-24 100 20)
(-20 100 20)
(-16 100 20)
(-12 100 20)
(-8 100 20)
(-4 100 20)
(0 100 20)
(4 100 20)
(8 100 20)
(12 100 20)
(16 100 20)
(20 100 20)
(24 100 20)
(28 100 20)
(32 100 20)
(-28 4 25)
(-24 4 25)
(-20 4 25)
(-16 4 25)
(-12 4 25)
(-8 4 25)
(-4 4 25)
(0 4 25)
(4 4 25)
(8 4 25)
(12 4 25)
(16 4 25)
(20 4 25)
(24 4 25)
(28 4 25)
(-28 8 25)
(-24 8 25)
(-20 8 25)
(-16 8 25)
(-12 8 25)
(-8 8 25)
(-4 8 25)
(0 8 25)
(4 8 25)
(8 8 25)
(12 8 25)
(16 8 25)
(20 8 25)
(24 8 25)
(28 8 25)
(-28 12 25)
(-24 12 25)
(-20 12 25)
(-16 12 25)
(-12 12 25)
(-8 12 25)
(-4 12 25)
(0 12 25)
(4 12 25)
(8 12 25)
(12 12 25)
(16 12 25)
(20 12 25)
(24 12 25)
(28 12 25)
(-28 16 25)
(-24 16 25)
(-20 16 25)
(-16 16 25)
(-12 16 25)
(-8 16 25)
(-4 16 25)
(0 16 25)
(4 16 25)
(8 16 25)
(12 16 25)
(16 16 25)
(20 16 25)
(24 16 25)
(28 16 25)
(-28 20 25)
(-24 20 25)
(-20 20 25)
(-16 20 25)
(-12 20 25)
(-8 20 25)
(-4 20 25)
(0 20 25)
(4 20 25)
(8 20 25)
(12 20 25)
(16 20 25)
(20 20 25)
(24 20 25)
(28 20 25)
(-28 24 25)
(-24 24 25)
(-20 24 25)
(-16 24 25)
(-12 24 25)
(-8 24 25)
(-4 24 25)
(0 24 25)
(4 24 25)
(8 24 25)
(12 24 25)
(16 24 25)
(20 24 25)
(24 24 25)
(28 24 25)
(-28 28 25)
(-24 28 25)
(-20 28 25)
(-16 28 25)
(-12 28 25)
(-8 28 25)
(-4 28 25)
(0 28 25)
(4 28 25)
(8 28 25)
(12 28 25)
(16 28 25)
(20 28 25)
(24 28 25)
(28 28 25)
(-28 32 25)
(-24 32 25)
(-20 32 25)
(-16 32 25)
(-12 32 25)
(-8 32 25)
(-4 32 25)
(0 32 25)
(4 32 25)
(8 32 25)
(12 32 25)
(16 32 25)
(20 32 25)
(24 32 25)
(28 32 25)
(-28 36 25)
(-24 36 25)
(-20 36 25)
(-16 36 25)
(-12 36 25)
(-8 36 25)
(-4 36 25)
(0 36 25)
(4 36 25)
(8 36 25)
(12 36 25)
(16 36 25)
(20 36 25)
(24 36 25)
(28 36 25)
(-28 40 25)
(-24 40 25)
(-20 40 25)
(-16 40 25)
(-12 40 25)
(-8 40 25)
(-4 40 25)
(0 40 25)
(4 40 25)
(8 40 25)
(12 40 25)
(16 40 25)
(20 40 25)
(24 40 25)
(28 40 25)
(-28 44 25)
(-24 44 25)
(-20 44 25)
(-16 44 25)
(-12 44 25)
(-8 44 25)
(-4 44 25)
(0 44 25)
(4 44 25)
(8 44 25)
(12 44 25)
(16 44 25)
(20 44 25)
(24 44 25)
(28 44 25)
(-28 48 25)
(-24 48 25)
(-20 48 25)
(-16 48 25)
(-12 48 25)
(-8 48 25)
(-4 48 25)
(0 48 25)
(4 48 25)
(8 48 25)
(12 48 25)
(16 48 25)
(20 48 25)
(24 48 25)
(28 48 25)
(32 48 25)
(-28 52 25)
(-24 52 25)
(-20 52 25)
(-16 52 25)
(-12 52 25)
(-8 52 25)
(-4 52 25)
(0 52 25)
(4 52 25)
(8 52 25)
(12 52 25)
(16 52 25)
(20 52 25)
(24 52 25)
(28 52 25)
(32 52 25)
(-28 56 25)
(-24 56 25)
(-20 56 25)
(-16 56 25)
(-12 56 25)
(-8 56 25)
(-4 56 25)
(0 56 25)
(4 56 25)
(8 56 25)
(12 56 25)
(16 56 25)
(20 56 25)
(24 56 25)
(28 56 25)
(32 56 25)
(-28 60 25)
(-24 60 25)
(-20 60 25)
(-16 60 25)
(-12 60 25)
(-8 60 25)
(-4 60 25)
(0 60 25)
(4 60 25)
(8 60 25)
(12 60 25)
(16 60 25)
(20 60 25)
(24 60 25)
(28 60 25)
(32 60 25)
(-28 64 25)
(-24 64 25)
(-20 64 25)
(-16 64 25)
(-12 64 25)
(-8 64 25)
(-4 64 25)
(0 64 25)
(4 64 25)
(8 64 25)
(12 64 25)
(16 64 25)
(20 64 25)
(24 64 25)
(28 64 25)
(32 64 25)
(-28 68 25)
(-24 68 25)
(-20 68 25)
(-16 68 25)
(-12 68 25)
(-8 68 25)
(-4 68 25)
(0 68 25)
(4 68 25)
(8 68 25)
(12 68 25)
(16 68 25)
(20 68 25)
(24 68 25)
(28 68 25)
(32 68 25)
(-28 72 25)
(-24 72 25)
(-20 72 25)
(-16 72 25)
(-12 72 25)
(-8 72 25)
(-4 72 25)
(0 72 25)
(4 72 25)
(8 72 25)
(12 72 25)
(16 72 25)
(20 72 25)
(24 72 25)
(28 72 25)
(32 72 25)
(-28 76 25)
(-24 76 25)
(-20 76 25)
(-16 76 25)
(-12 76 25)
(-8 76 25)
(-4 76 25)
(0 76 25)
(4 76 25)
(8 76 25)
(12 76 25)
(16 76 25)
(20 76 25)
(24 76 25)
(28 76 25)
(32 76 25)
(-28 80 25)
(-24 80 25)
(-20 80 25)
(-16 80 25)
(-12 80 25)
(-8 80 25)
(-4 80 25)
(0 80 25)
(4 80 25)
(8 80 25)
(12 80 25)
(16 80 25)
(20 80 25)
(24 80 25)
(28 80 25)
(32 80 25)
(-28 84 25)
(-24 84 25)
(-20 84 25)
(-16 84 25)
(-12 84 25)
(-8 84 25)
(-4 84 25)
(0 84 25)
(4 84 25)
(8 84 25)
(12 84 25)
(16 84 25)
(20 84 25)
(24 84 25)
(28 84 25)
(32 84 25)
(-28 88 25)
(-24 88 25)
(-20 88 25)
(-16 88 25)
(-12 88 25)
(-8 88 25)
(-4 88 25)
(0 88 25)
(4 88 25)
(8 88 25)
(12 88 25)
(16 88 25)
(20 88 25)
(24 88 25)
(28 88 25)
(32 88 25)
(-28 92 25)
(-24 92 25)
(-20 92 25)
(-16 92 25)
(-12 92 25)
(-8 92 25)
(-4 92 25)
(0 92 25)
(4 92 25)
(8 92 25)
(12 92 25)
(16 92 25)
(20 92 25)
(24 92 25)
(28 92 25)
(32 92 25)
(-28 96 25)
(-24 96 25)
(-20 96 25)
(-16 96 25)
(-12 96 25)
(-8 96 25)
(-4 96 25)
(0 96 25)
(4 96 25)
(8 96 25)
(12 96 25)
(16 96 25)
(20 96 25)
(24 96 25)
(28 96 25)
(32 96 25)
(-28 100 25)
(-24 100 25)
(-20 100 25)
(-16 100 25)
(-12 100 25)
(-8 100 25)
(-4 100 25)
(0 100 25)
(4 100 25)
(8 100 25)
(12 100 25)
(16 100 25)
(20 100 25)
(24 100 25)
(28 100 25)
(32 100 25)
(52 0 0)
(56 -5.92119e-16 0)
(60 -5.92119e-16 0)
(64 5.92119e-16 0)
(68 5.92119e-16 0)
(72 2.96059e-16 0)
(76 0 0)
(80 -2.96059e-16 0)
(84 -5.92119e-16 0)
(88 8.88178e-16 0)
(92 5.92119e-16 0)
(96 2.96059e-16 0)
(100 0 0)
(36 4 0)
(40 4 0)
(44 4 0)
(48 4 0)
(52 4 0)
(56 4 0)
(60 4 0)
(64 4 0)
(68 4 0)
(72 4 0)
(76 4 0)
(80 4 0)
(84 4 0)
(88 4 0)
(92 4 0)
(96 4 0)
(100 4 0)
(36 8 0)
(40 8 0)
(44 8 0)
(48 8 0)
(52 8 0)
(56 8 0)
(60 8 0)
(64 8 0)
(68 8 0)
(72 8 0)
(76 8 0)
(80 8 0)
(84 8 0)
(88 8 0)
(92 8 0)
(96 8 0)
(100 8 0)
(36 12 0)
(40 12 0)
(44 12 0)
(48 12 0)
(52 12 0)
(56 12 0)
(60 12 0)
(64 12 0)
(68 12 0)
(72 12 0)
(76 12 0)
(80 12 0)
(84 12 0)
(88 12 0)
(92 12 0)
(96 12 0)
(100 12 0)
(36 16 0)
(40 16 0)
(44 16 0)
(48 16 0)
(52 16 0)
(56 16 0)
(60 16 0)
(64 16 0)
(68 16 0)
(72 16 0)
(76 16 0)
(80 16 0)
(84 16 0)
(88 16 0)
(92 16 0)
(96 16 0)
(100 16 0)
(36 20 0)
(40 20 0)
(44 20 0)
(48 20 0)
(52 20 0)
(56 20 0)
(60 20 0)
(64 20 0)
(68 20 0)
(72 20 0)
(76 20 0)
(80 20 0)
(84 20 0)
(88 20 0)
(92 20 0)
(96 20 0)
(100 20 0)
(40 24 0)
(44 24 0)
(48 24 0)
(52 24 0)
(56 24 0)
(60 24 0)
(64 24 0)
(68 24 0)
(72 24 0)
(76 24 0)
(80 24 0)
(84 24 0)
(88 24 0)
(92 24 0)
(96 24 0)
(100 24 0)
(40 28 0)
(44 28 0)
(48 28 0)
(52 28 0)
(56 28 0)
(60 28 0)
(64 28 0)
(68 28 0)
(72 28 0)
(76 28 0)
(80 28 0)
(84 28 0)
(88 28 0)
(92 28 0)
(96 28 0)
(100 28 0)
(40 32 0)
(44 32 0)
(48 32 0)
(52 32 0)
(56 32 0)
(60 32 0)
(64 32 0)
(68 32 0)
(72 32 0)
(76 32 0)
(80 32 0)
(84 32 0)
(88 32 0)
(92 32 0)
(96 32 0)
(100 32 0)
(40 36 0)
(44 36 0)
(48 36 0)
(52 36 0)
(56 36 0)
(60 36 0)
(64 36 0)
(68 36 0)
(72 36 0)
(76 36 0)
(80 36 0)
(84 36 0)
(88 36 0)
(92 36 0)
(96 36 0)
(100 36 0)
(40 40 0)
(44 40 0)
(48 40 0)
(52 40 0)
(56 40 0)
(60 40 0)
(64 40 0)
(68 40 0)
(72 40 0)
(76 40 0)
(80 40 0)
(84 40 0)
(88 40 0)
(92 40 0)
(96 40 0)
(100 40 0)
(40 44 0)
(44 44 0)
(48 44 0)
(52 44 0)
(56 44 0)
(60 44 0)
(64 44 0)
(68 44 0)
(72 44 0)
(76 44 0)
(80 44 0)
(84 44 0)
(88 44 0)
(92 44 0)
(96 44 0)
(100 44 0)
(40 48 0)
(44 48 0)
(48 48 0)
(52 48 0)
(56 48 0)
(60 48 0)
(64 48 0)
(68 48 0)
(72 48 0)
(76 48 0)
(80 48 0)
(84 48 0)
(88 48 0)
(92 48 0)
(96 48 0)
(100 48 0)
(40 52 0)
(44 52 0)
(48 52 0)
(52 52 0)
(56 52 0)
(60 52 0)
(64 52 0)
(68 52 0)
(72 52 0)
(76 52 0)
(80 52 0)
(84 52 0)
(88 52 0)
(92 52 0)
(96 52 0)
(100 52 0)
(40 56 0)
(44 56 0)
(48 56 0)
(52 56 0)
(56 56 0)
(60 56 0)
(64 56 0)
(68 56 0)
(72 56 0)
(76 56 0)
(80 56 0)
(84 56 0)
(88 56 0)
(92 56 0)
(96 56 0)
(100 56 0)
(40 60 0)
(44 60 0)
(48 60 0)
(52 60 0)
(56 60 0)
(60 60 0)
(64 60 0)
(68 60 0)
(72 60 0)
(76 60 0)
(80 60 0)
(84 60 0)
(88 60 0)
(92 60 0)
(96 60 0)
(100 60 0)
(40 64 0)
(44 64 0)
(48 64 0)
(52 64 0)
(56 64 0)
(60 64 0)
(64 64 0)
(68 64 0)
(72 64 0)
(76 64 0)
(80 64 0)
(84 64 0)
(88 64 0)
(92 64 0)
(96 64 0)
(100 64 0)
(40 68 0)
(44 68 0)
(48 68 0)
(52 68 0)
(56 68 0)
(60 68 0)
(64 68 0)
(68 68 0)
(72 68 0)
(76 68 0)
(80 68 0)
(84 68 0)
(88 68 0)
(92 68 0)
(96 68 0)
(100 68 0)
(40 72 0)
(44 72 0)
(48 72 0)
(52 72 0)
(56 72 0)
(60 72 0)
(64 72 0)
(68 72 0)
(72 72 0)
(76 72 0)
(80 72 0)
(84 72 0)
(88 72 0)
(92 72 0)
(96 72 0)
(100 72 0)
(40 76 0)
(44 76 0)
(48 76 0)
(52 76 0)
(56 76 0)
(60 76 0)
(64 76 0)
(68 76 0)
(72 76 0)
(76 76 0)
(80 76 0)
(84 76 0)
(88 76 0)
(92 76 0)
(96 76 0)
(100 76 0)
(40 80 0)
(44 80 0)
(48 80 0)
(52 80 0)
(56 80 0)
(60 80 0)
(64 80 0)
(68 80 0)
(72 80 0)
(76 80 0)
(80 80 0)
(84 80 0)
(88 80 0)
(92 80 0)
(96 80 0)
(100 80 0)
(40 84 0)
(44 84 0)
(48 84 0)
(52 84 0)
(56 84 0)
(60 84 0)
(64 84 0)
(68 84 0)
(72 84 0)
(76 84 0)
(80 84 0)
(84 84 0)
(88 84 0)
(92 84 0)
(96 84 0)
(100 84 0)
(40 88 0)
(44 88 0)
(48 88 0)
(52 88 0)
(56 88 0)
(60 88 0)
(64 88 0)
(68 88 0)
(72 88 0)
(76 88 0)
(80 88 0)
(84 88 0)
(88 88 0)
(92 88 0)
(96 88 0)
(100 88 0)
(40 92 0)
(44 92 0)
(48 92 0)
(52 92 0)
(56 92 0)
(60 92 0)
(64 92 0)
(68 92 0)
(72 92 0)
(76 92 0)
(80 92 0)
(84 92 0)
(88 92 0)
(92 92 0)
(96 92 0)
(100 92 0)
(40 96 0)
(44 96 0)
(48 96 0)
(52 96 0)
(56 96 0)
(60 96 0)
(64 96 0)
(68 96 0)
(72 96 0)
(76 96 0)
(80 96 0)
(84 96 0)
(88 96 0)
(92 96 0)
(96 96 0)
(100 96 0)
(40 100 0)
(44 100 0)
(48 100 0)
(52 100 0)
(56 100 0)
(60 100 0)
(64 100 0)
(68 100 0)
(72 100 0)
(76 100 0)
(80 100 0)
(84 100 0)
(88 100 0)
(92 100 0)
(96 100 0)
(100 100 0)
(60 -5.92119e-16 5)
(64 5.92119e-16 5)
(68 5.92119e-16 5)
(72 2.96059e-16 5)
(76 0 5)
(80 -2.96059e-16 5)
(84 -5.92119e-16 5)
(88 8.88178e-16 5)
(92 5.92119e-16 5)
(96 2.96059e-16 5)
(100 0 5)
(36 4 5)
(40 4 5)
(44 4 5)
(48 4 5)
(52 4 5)
(56 4 5)
(60 4 5)
(64 4 5)
(68 4 5)
(72 4 5)
(76 4 5)
(80 4 5)
(84 4 5)
(88 4 5)
(92 4 5)
(96 4 5)
(100 4 5)
(36 8 5)
(40 8 5)
(44 8 5)
(48 8 5)
(52 8 5)
(56 8 5)
(60 8 5)
(64 8 5)
(68 8 5)
(72 8 5)
(76 8 5)
(80 8 5)
(84 8 5)
(88 8 5)
(92 8 5)
(96 8 5)
(100 8 5)
(36 12 5)
(40 12 5)
(44 12 5)
(48 12 5)
(52 12 5)
(56 12 5)
(60 12 5)
(64 12 5)
(68 12 5)
(72 12 5)
(76 12 5)
(80 12 5)
(84 12 5)
(88 12 5)
(92 12 5)
(96 12 5)
(100 12 5)
(36 16 5)
(40 16 5)
(44 16 5)
(48 16 5)
(52 16 5)
(56 16 5)
(60 16 5)
(64 16 5)
(68 16 5)
(72 16 5)
(76 16 5)
(80 16 5)
(84 16 5)
(88 16 5)
(92 16 5)
(96 16 5)
(100 16 5)
(36 20 5)
(40 20 5)
(44 20 5)
(48 20 5)
(52 20 5)
(56 20 5)
(60 20 5)
(64 20 5)
(68 20 5)
(72 20 5)
(76 20 5)
(80 20 5)
(84 20 5)
(88 20 5)
(92 20 5)
(96 20 5)
(100 20 5)
(40 24 5)
(44 24 5)
(48 24 5)
(52 24 5)
(56 24 5)
(60 24 5)
(64 24 5)
(68 24 5)
(72 24 5)
(76 24 5)
(80 24 5)
(84 24 5)
(88 24 5)
(92 24 5)
(96 24 5)
(100 24 5)
(40 28 5)
(44 28 5)
(48 28 5)
(52 28 5)
(56 28 5)
(60 28 5)
(64 28 5)
(68 28 5)
(72 28 5)
(76 28 5)
(80 28 5)
(84 28 5)
(88 28 5)
(92 28 5)
(96 28 5)
(100 28 5)
(40 32 5)
(44 32 5)
(48 32 5)
(52 32 5)
(56 32 5)
(60 32 5)
(64 32 5)
(68 32 5)
(72 32 5)
(76 32 5)
(80 32 5)
(84 32 5)
(88 32 5)
(92 32 5)
(96 32 5)
(100 32 5)
(40 36 5)
(44 36 5)
(48 36 5)
(52 36 5)
(56 36 5)
(60 36 5)
(64 36 5)
(68 36 5)
(72 36 5)
(76 36 5)
(80 36 5)
(84 36 5)
(88 36 5)
(92 36 5)
(96 36 5)
(100 36 5)
(40 40 5)
(44 40 5)
(48 40 5)
(52 40 5)
(56 40 5)
(60 40 5)
(64 40 5)
(68 40 5)
(72 40 5)
(76 40 5)
(80 40 5)
(84 40 5)
(88 40 5)
(92 40 5)
(96 40 5)
(100 40 5)
(40 44 5)
(44 44 5)
(48 44 5)
(52 44 5)
(56 44 5)
(60 44 5)
(64 44 5)
(68 44 5)
(72 44 5)
(76 44 5)
(80 44 5)
(84 44 5)
(88 44 5)
(92 44 5)
(96 44 5)
(100 44 5)
(40 48 5)
(44 48 5)
(48 48 5)
(52 48 5)
(56 48 5)
(60 48 5)
(64 48 5)
(68 48 5)
(72 48 5)
(76 48 5)
(80 48 5)
(84 48 5)
(88 48 5)
(92 48 5)
(96 48 5)
(100 48 5)
(40 52 5)
(44 52 5)
(48 52 5)
(52 52 5)
(56 52 5)
(60 52 5)
(64 52 5)
(68 52 5)
(72 52 5)
(76 52 5)
(80 52 5)
(84 52 5)
(88 52 5)
(92 52 5)
(96 52 5)
(100 52 5)
(40 56 5)
(44 56 5)
(48 56 5)
(52 56 5)
(56 56 5)
(60 56 5)
(64 56 5)
(68 56 5)
(72 56 5)
(76 56 5)
(80 56 5)
(84 56 5)
(88 56 5)
(92 56 5)
(96 56 5)
(100 56 5)
(40 60 5)
(44 60 5)
(48 60 5)
(52 60 5)
(56 60 5)
(60 60 5)
(64 60 5)
(68 60 5)
(72 60 5)
(76 60 5)
(80 60 5)
(84 60 5)
(88 60 5)
(92 60 5)
(96 60 5)
(100 60 5)
(40 64 5)
(44 64 5)
(48 64 5)
(52 64 5)
(56 64 5)
(60 64 5)
(64 64 5)
(68 64 5)
(72 64 5)
(76 64 5)
(80 64 5)
(84 64 5)
(88 64 5)
(92 64 5)
(96 64 5)
(100 64 5)
(40 68 5)
(44 68 5)
(48 68 5)
(52 68 5)
(56 68 5)
(60 68 5)
(64 68 5)
(68 68 5)
(72 68 5)
(76 68 5)
(80 68 5)
(84 68 5)
(88 68 5)
(92 68 5)
(96 68 5)
(100 68 5)
(40 72 5)
(44 72 5)
(48 72 5)
(52 72 5)
(56 72 5)
(60 72 5)
(64 72 5)
(68 72 5)
(72 72 5)
(76 72 5)
(80 72 5)
(84 72 5)
(88 72 5)
(92 72 5)
(96 72 5)
(100 72 5)
(40 76 5)
(44 76 5)
(48 76 5)
(52 76 5)
(56 76 5)
(60 76 5)
(64 76 5)
(68 76 5)
(72 76 5)
(76 76 5)
(80 76 5)
(84 76 5)
(88 76 5)
(92 76 5)
(96 76 5)
(100 76 5)
(40 80 5)
(44 80 5)
(48 80 5)
(52 80 5)
(56 80 5)
(60 80 5)
(64 80 5)
(68 80 5)
(72 80 5)
(76 80 5)
(80 80 5)
(84 80 5)
(88 80 5)
(92 80 5)
(96 80 5)
(100 80 5)
(40 84 5)
(44 84 5)
(48 84 5)
(52 84 5)
(56 84 5)
(60 84 5)
(64 84 5)
(68 84 5)
(72 84 5)
(76 84 5)
(80 84 5)
(84 84 5)
(88 84 5)
(92 84 5)
(96 84 5)
(100 84 5)
(40 88 5)
(44 88 5)
(48 88 5)
(52 88 5)
(56 88 5)
(60 88 5)
(64 88 5)
(68 88 5)
(72 88 5)
(76 88 5)
(80 88 5)
(84 88 5)
(88 88 5)
(92 88 5)
(96 88 5)
(100 88 5)
(40 92 5)
(44 92 5)
(48 92 5)
(52 92 5)
(56 92 5)
(60 92 5)
(64 92 5)
(68 92 5)
(72 92 5)
(76 92 5)
(80 92 5)
(84 92 5)
(88 92 5)
(92 92 5)
(96 92 5)
(100 92 5)
(40 96 5)
(44 96 5)
(48 96 5)
(52 96 5)
(56 96 5)
(60 96 5)
(64 96 5)
(68 96 5)
(72 96 5)
(76 96 5)
(80 96 5)
(84 96 5)
(88 96 5)
(92 96 5)
(96 96 5)
(100 96 5)
(40 100 5)
(44 100 5)
(48 100 5)
(52 100 5)
(56 100 5)
(60 100 5)
(64 100 5)
(68 100 5)
(72 100 5)
(76 100 5)
(80 100 5)
(84 100 5)
(88 100 5)
(92 100 5)
(96 100 5)
(100 100 5)
(72 2.96059e-16 10)
(76 0 10)
(80 -2.96059e-16 10)
(84 -5.92119e-16 10)
(88 8.88178e-16 10)
(92 5.92119e-16 10)
(96 2.96059e-16 10)
(100 0 10)
(36 4 10)
(40 4 10)
(44 4 10)
(48 4 10)
(52 4 10)
(56 4 10)
(60 4 10)
(64 4 10)
(68 4 10)
(72 4 10)
(76 4 10)
(80 4 10)
(84 4 10)
(88 4 10)
(92 4 10)
(96 4 10)
(100 4 10)
(36 8 10)
(40 8 10)
(44 8 10)
(48 8 10)
(52 8 10)
(56 8 10)
(60 8 10)
(64 8 10)
(68 8 10)
(72 8 10)
(76 8 10)
(80 8 10)
(84 8 10)
(88 8 10)
(92 8 10)
(96 8 10)
(100 8 10)
(36 12 10)
(40 12 10)
(44 12 10)
(48 12 10)
(52 12 10)
(56 12 10)
(60 12 10)
(64 12 10)
(68 12 10)
(72 12 10)
(76 12 10)
(80 12 10)
(84 12 10)
(88 12 10)
(92 12 10)
(96 12 10)
(100 12 10)
(36 16 10)
(40 16 10)
(44 16 10)
(48 16 10)
(52 16 10)
(56 16 10)
(60 16 10)
(64 16 10)
(68 16 10)
(72 16 10)
(76 16 10)
(80 16 10)
(84 16 10)
(88 16 10)
(92 16 10)
(96 16 10)
(100 16 10)
(36 20 10)
(40 20 10)
(44 20 10)
(48 20 10)
(52 20 10)
(56 20 10)
(60 20 10)
(64 20 10)
(68 20 10)
(72 20 10)
(76 20 10)
(80 20 10)
(84 20 10)
(88 20 10)
(92 20 10)
(96 20 10)
(100 20 10)
(36 24 10)
(40 24 10)
(44 24 10)
(48 24 10)
(52 24 10)
(56 24 10)
(60 24 10)
(64 24 10)
(68 24 10)
(72 24 10)
(76 24 10)
(80 24 10)
(84 24 10)
(88 24 10)
(92 24 10)
(96 24 10)
(100 24 10)
(40 28 10)
(44 28 10)
(48 28 10)
(52 28 10)
(56 28 10)
(60 28 10)
(64 28 10)
(68 28 10)
(72 28 10)
(76 28 10)
(80 28 10)
(84 28 10)
(88 28 10)
(92 28 10)
(96 28 10)
(100 28 10)
(40 32 10)
(44 32 10)
(48 32 10)
(52 32 10)
(56 32 10)
(60 32 10)
(64 32 10)
(68 32 10)
(72 32 10)
(76 32 10)
(80 32 10)
(84 32 10)
(88 32 10)
(92 32 10)
(96 32 10)
(100 32 10)
(40 36 10)
(44 36 10)
(48 36 10)
(52 36 10)
(56 36 10)
(60 36 10)
(64 36 10)
(68 36 10)
(72 36 10)
(76 36 10)
(80 36 10)
(84 36 10)
(88 36 10)
(92 36 10)
(96 36 10)
(100 36 10)
(40 40 10)
(44 40 10)
(48 40 10)
(52 40 10)
(56 40 10)
(60 40 10)
(64 40 10)
(68 40 10)
(72 40 10)
(76 40 10)
(80 40 10)
(84 40 10)
(88 40 10)
(92 40 10)
(96 40 10)
(100 40 10)
(40 44 10)
(44 44 10)
(48 44 10)
(52 44 10)
(56 44 10)
(60 44 10)
(64 44 10)
(68 44 10)
(72 44 10)
(76 44 10)
(80 44 10)
(84 44 10)
(88 44 10)
(92 44 10)
(96 44 10)
(100 44 10)
(40 48 10)
(44 48 10)
(48 48 10)
(52 48 10)
(56 48 10)
(60 48 10)
(64 48 10)
(68 48 10)
(72 48 10)
(76 48 10)
(80 48 10)
(84 48 10)
(88 48 10)
(92 48 10)
(96 48 10)
(100 48 10)
(40 52 10)
(44 52 10)
(48 52 10)
(52 52 10)
(56 52 10)
(60 52 10)
(64 52 10)
(68 52 10)
(72 52 10)
(76 52 10)
(80 52 10)
(84 52 10)
(88 52 10)
(92 52 10)
(96 52 10)
(100 52 10)
(40 56 10)
(44 56 10)
(48 56 10)
(52 56 10)
(56 56 10)
(60 56 10)
(64 56 10)
(68 56 10)
(72 56 10)
(76 56 10)
(80 56 10)
(84 56 10)
(88 56 10)
(92 56 10)
(96 56 10)
(100 56 10)
(40 60 10)
(44 60 10)
(48 60 10)
(52 60 10)
(56 60 10)
(60 60 10)
(64 60 10)
(68 60 10)
(72 60 10)
(76 60 10)
(80 60 10)
(84 60 10)
(88 60 10)
(92 60 10)
(96 60 10)
(100 60 10)
(40 64 10)
(44 64 10)
(48 64 10)
(52 64 10)
(56 64 10)
(60 64 10)
(64 64 10)
(68 64 10)
(72 64 10)
(76 64 10)
(80 64 10)
(84 64 10)
(88 64 10)
(92 64 10)
(96 64 10)
(100 64 10)
(40 68 10)
(44 68 10)
(48 68 10)
(52 68 10)
(56 68 10)
(60 68 10)
(64 68 10)
(68 68 10)
(72 68 10)
(76 68 10)
(80 68 10)
(84 68 10)
(88 68 10)
(92 68 10)
(96 68 10)
(100 68 10)
(40 72 10)
(44 72 10)
(48 72 10)
(52 72 10)
(56 72 10)
(60 72 10)
(64 72 10)
(68 72 10)
(72 72 10)
(76 72 10)
(80 72 10)
(84 72 10)
(88 72 10)
(92 72 10)
(96 72 10)
(100 72 10)
(40 76 10)
(44 76 10)
(48 76 10)
(52 76 10)
(56 76 10)
(60 76 10)
(64 76 10)
(68 76 10)
(72 76 10)
(76 76 10)
(80 76 10)
(84 76 10)
(88 76 10)
(92 76 10)
(96 76 10)
(100 76 10)
(40 80 10)
(44 80 10)
(48 80 10)
(52 80 10)
(56 80 10)
(60 80 10)
(64 80 10)
(68 80 10)
(72 80 10)
(76 80 10)
(80 80 10)
(84 80 10)
(88 80 10)
(92 80 10)
(96 80 10)
(100 80 10)
(40 84 10)
(44 84 10)
(48 84 10)
(52 84 10)
(56 84 10)
(60 84 10)
(64 84 10)
(68 84 10)
(72 84 10)
(76 84 10)
(80 84 10)
(84 84 10)
(88 84 10)
(92 84 10)
(96 84 10)
(100 84 10)
(40 88 10)
(44 88 10)
(48 88 10)
(52 88 10)
(56 88 10)
(60 88 10)
(64 88 10)
(68 88 10)
(72 88 10)
(76 88 10)
(80 88 10)
(84 88 10)
(88 88 10)
(92 88 10)
(96 88 10)
(100 88 10)
(40 92 10)
(44 92 10)
(48 92 10)
(52 92 10)
(56 92 10)
(60 92 10)
(64 92 10)
(68 92 10)
(72 92 10)
(76 92 10)
(80 92 10)
(84 92 10)
(88 92 10)
(92 92 10)
(96 92 10)
(100 92 10)
(40 96 10)
(44 96 10)
(48 96 10)
(52 96 10)
(56 96 10)
(60 96 10)
(64 96 10)
(68 96 10)
(72 96 10)
(76 96 10)
(80 96 10)
(84 96 10)
(88 96 10)
(92 96 10)
(96 96 10)
(100 96 10)
(40 100 10)
(44 100 10)
(48 100 10)
(52 100 10)
(56 100 10)
(60 100 10)
(64 100 10)
(68 100 10)
(72 100 10)
(76 100 10)
(80 100 10)
(84 100 10)
(88 100 10)
(92 100 10)
(96 100 10)
(100 100 10)
(80 -2.96059e-16 15)
(84 -5.92119e-16 15)
(88 8.88178e-16 15)
(92 5.92119e-16 15)
(96 2.96059e-16 15)
(100 0 15)
(36 4 15)
(40 4 15)
(44 4 15)
(48 4 15)
(52 4 15)
(56 4 15)
(60 4 15)
(64 4 15)
(68 4 15)
(72 4 15)
(76 4 15)
(80 4 15)
(84 4 15)
(88 4 15)
(92 4 15)
(96 4 15)
(100 4 15)
(36 8 15)
(40 8 15)
(44 8 15)
(48 8 15)
(52 8 15)
(56 8 15)
(60 8 15)
(64 8 15)
(68 8 15)
(72 8 15)
(76 8 15)
(80 8 15)
(84 8 15)
(88 8 15)
(92 8 15)
(96 8 15)
(100 8 15)
(36 12 15)
(40 12 15)
(44 12 15)
(48 12 15)
(52 12 15)
(56 12 15)
(60 12 15)
(64 12 15)
(68 12 15)
(72 12 15)
(76 12 15)
(80 12 15)
(84 12 15)
(88 12 15)
(92 12 15)
(96 12 15)
(100 12 15)
(36 16 15)
(40 16 15)
(44 16 15)
(48 16 15)
(52 16 15)
(56 16 15)
(60 16 15)
(64 16 15)
(68 16 15)
(72 16 15)
(76 16 15)
(80 16 15)
(84 16 15)
(88 16 15)
(92 16 15)
(96 16 15)
(100 16 15)
(36 20 15)
(40 20 15)
(44 20 15)
(48 20 15)
(52 20 15)
(56 20 15)
(60 20 15)
(64 20 15)
(68 20 15)
(72 20 15)
(76 20 15)
(80 20 15)
(84 20 15)
(88 20 15)
(92 20 15)
(96 20 15)
(100 20 15)
(36 24 15)
(40 24 15)
(44 24 15)
(48 24 15)
(52 24 15)
(56 24 15)
(60 24 15)
(64 24 15)
(68 24 15)
(72 24 15)
(76 24 15)
(80 24 15)
(84 24 15)
(88 24 15)
(92 24 15)
(96 24 15)
(100 24 15)
(36 28 15)
(40 28 15)
(44 28 15)
(48 28 15)
(52 28 15)
(56 28 15)
(60 28 15)
(64 28 15)
(68 28 15)
(72 28 15)
(76 28 15)
(80 28 15)
(84 28 15)
(88 28 15)
(92 28 15)
(96 28 15)
(100 28 15)
(36 32 15)
(40 32 15)
(44 32 15)
(48 32 15)
(52 32 15)
(56 32 15)
(60 32 15)
(64 32 15)
(68 32 15)
(72 32 15)
(76 32 15)
(80 32 15)
(84 32 15)
(88 32 15)
(92 32 15)
(96 32 15)
(100 32 15)
(40 36 15)
(44 36 15)
(48 36 15)
(52 36 15)
(56 36 15)
(60 36 15)
(64 36 15)
(68 36 15)
(72 36 15)
(76 36 15)
(80 36 15)
(84 36 15)
(88 36 15)
(92 36 15)
(96 36 15)
(100 36 15)
(40 40 15)
(44 40 15)
(48 40 15)
(52 40 15)
(56 40 15)
(60 40 15)
(64 40 15)
(68 40 15)
(72 40 15)
(76 40 15)
(80 40 15)
(84 40 15)
(88 40 15)
(92 40 15)
(96 40 15)
(100 40 15)
(40 44 15)
(44 44 15)
(48 44 15)
(52 44 15)
(56 44 15)
(60 44 15)
(64 44 15)
(68 44 15)
(72 44 15)
(76 44 15)
(80 44 15)
(84 44 15)
(88 44 15)
(92 44 15)
(96 44 15)
(100 44 15)
(40 48 15)
(44 48 15)
(48 48 15)
(52 48 15)
(56 48 15)
(60 48 15)
(64 48 15)
(68 48 15)
(72 48 15)
(76 48 15)
(80 48 15)
(84 48 15)
(88 48 15)
(92 48 15)
(96 48 15)
(100 48 15)
(40 52 15)
(44 52 15)
(48 52 15)
(52 52 15)
(56 52 15)
(60 52 15)
(64 52 15)
(68 52 15)
(72 52 15)
(76 52 15)
(80 52 15)
(84 52 15)
(88 52 15)
(92 52 15)
(96 52 15)
(100 52 15)
(40 56 15)
(44 56 15)
(48 56 15)
(52 56 15)
(56 56 15)
(60 56 15)
(64 56 15)
(68 56 15)
(72 56 15)
(76 56 15)
(80 56 15)
(84 56 15)
(88 56 15)
(92 56 15)
(96 56 15)
(100 56 15)
(40 60 15)
(44 60 15)
(48 60 15)
(52 60 15)
(56 60 15)
(60 60 15)
(64 60 15)
(68 60 15)
(72 60 15)
(76 60 15)
(80 60 15)
(84 60 15)
(88 60 15)
(92 60 15)
(96 60 15)
(100 60 15)
(40 64 15)
(44 64 15)
(48 64 15)
(52 64 15)
(56 64 15)
(60 64 15)
(64 64 15)
(68 64 15)
(72 64 15)
(76 64 15)
(80 64 15)
(84 64 15)
(88 64 15)
(92 64 15)
(96 64 15)
(100 64 15)
(40 68 15)
(44 68 15)
(48 68 15)
(52 68 15)
(56 68 15)
(60 68 15)
(64 68 15)
(68 68 15)
(72 68 15)
(76 68 15)
(80 68 15)
(84 68 15)
(88 68 15)
(92 68 15)
(96 68 15)
(100 68 15)
(40 72 15)
(44 72 15)
(48 72 15)
(52 72 15)
(56 72 15)
(60 72 15)
(64 72 15)
(68 72 15)
(72 72 15)
(76 72 15)
(80 72 15)
(84 72 15)
(88 72 15)
(92 72 15)
(96 72 15)
(100 72 15)
(40 76 15)
(44 76 15)
(48 76 15)
(52 76 15)
(56 76 15)
(60 76 15)
(64 76 15)
(68 76 15)
(72 76 15)
(76 76 15)
(80 76 15)
(84 76 15)
(88 76 15)
(92 76 15)
(96 76 15)
(100 76 15)
(40 80 15)
(44 80 15)
(48 80 15)
(52 80 15)
(56 80 15)
(60 80 15)
(64 80 15)
(68 80 15)
(72 80 15)
(76 80 15)
(80 80 15)
(84 80 15)
(88 80 15)
(92 80 15)
(96 80 15)
(100 80 15)
(40 84 15)
(44 84 15)
(48 84 15)
(52 84 15)
(56 84 15)
(60 84 15)
(64 84 15)
(68 84 15)
(72 84 15)
(76 84 15)
(80 84 15)
(84 84 15)
(88 84 15)
(92 84 15)
(96 84 15)
(100 84 15)
(40 88 15)
(44 88 15)
(48 88 15)
(52 88 15)
(56 88 15)
(60 88 15)
(64 88 15)
(68 88 15)
(72 88 15)
(76 88 15)
(80 88 15)
(84 88 15)
(88 88 15)
(92 88 15)
(96 88 15)
(100 88 15)
(40 92 15)
(44 92 15)
(48 92 15)
(52 92 15)
(56 92 15)
(60 92 15)
(64 92 15)
(68 92 15)
(72 92 15)
(76 92 15)
(80 92 15)
(84 92 15)
(88 92 15)
(92 92 15)
(96 92 15)
(100 92 15)
(40 96 15)
(44 96 15)
(48 96 15)
(52 96 15)
(56 96 15)
(60 96 15)
(64 96 15)
(68 96 15)
(72 96 15)
(76 96 15)
(80 96 15)
(84 96 15)
(88 96 15)
(92 96 15)
(96 96 15)
(100 96 15)
(40 100 15)
(44 100 15)
(48 100 15)
(52 100 15)
(56 100 15)
(60 100 15)
(64 100 15)
(68 100 15)
(72 100 15)
(76 100 15)
(80 100 15)
(84 100 15)
(88 100 15)
(92 100 15)
(96 100 15)
(100 100 15)
(92 5.92119e-16 20)
(96 2.96059e-16 20)
(100 0 20)
(36 4 20)
(40 4 20)
(44 4 20)
(48 4 20)
(52 4 20)
(56 4 20)
(60 4 20)
(64 4 20)
(68 4 20)
(72 4 20)
(76 4 20)
(80 4 20)
(84 4 20)
(88 4 20)
(92 4 20)
(96 4 20)
(100 4 20)
(36 8 20)
(40 8 20)
(44 8 20)
(48 8 20)
(52 8 20)
(56 8 20)
(60 8 20)
(64 8 20)
(68 8 20)
(72 8 20)
(76 8 20)
(80 8 20)
(84 8 20)
(88 8 20)
(92 8 20)
(96 8 20)
(100 8 20)
(36 12 20)
(40 12 20)
(44 12 20)
(48 12 20)
(52 12 20)
(56 12 20)
(60 12 20)
(64 12 20)
(68 12 20)
(72 12 20)
(76 12 20)
(80 12 20)
(84 12 20)
(88 12 20)
(92 12 20)
(96 12 20)
(100 12 20)
(36 16 20)
(40 16 20)
(44 16 20)
(48 16 20)
(52 16 20)
(56 16 20)
(60 16 20)
(64 16 20)
(68 16 20)
(72 16 20)
(76 16 20)
(80 16 20)
(84 16 20)
(88 16 20)
(92 16 20)
(96 16 20)
(100 16 20)
(36 20 20)
(40 20 20)
(44 20 20)
(48 20 20)
(52 20 20)
(56 20 20)
(60 20 20)
(64 20 20)
(68 20 20)
(72 20 20)
(76 20 20)
(80 20 20)
(84 20 20)
(88 20 20)
(92 20 20)
(96 20 20)
(100 20 20)
(36 24 20)
(40 24 20)
(44 24 20)
(48 24 20)
(52 24 20)
(56 24 20)
(60 24 20)
(64 24 20)
(68 24 20)
(72 24 20)
(76 24 20)
(80 24 20)
(84 24 20)
(88 24 20)
(92 24 20)
(96 24 20)
(100 24 20)
(36 28 20)
(40 28 20)
(44 28 20)
(48 28 20)
(52 28 20)
(56 28 20)
(60 28 20)
(64 28 20)
(68 28 20)
(72 28 20)
(76 28 20)
(80 28 20)
(84 28 20)
(88 28 20)
(92 28 20)
(96 28 20)
(100 28 20)
(36 32 20)
(40 32 20)
(44 32 20)
(48 32 20)
(52 32 20)
(56 32 20)
(60 32 20)
(64 32 20)
(68 32 20)
(72 32 20)
(76 32 20)
(80 32 20)
(84 32 20)
(88 32 20)
(92 32 20)
(96 32 20)
(100 32 20)
(36 36 20)
(40 36 20)
(44 36 20)
(48 36 20)
(52 36 20)
(56 36 20)
(60 36 20)
(64 36 20)
(68 36 20)
(72 36 20)
(76 36 20)
(80 36 20)
(84 36 20)
(88 36 20)
(92 36 20)
(96 36 20)
(100 36 20)
(40 40 20)
(44 40 20)
(48 40 20)
(52 40 20)
(56 40 20)
(60 40 20)
(64 40 20)
(68 40 20)
(72 40 20)
(76 40 20)
(80 40 20)
(84 40 20)
(88 40 20)
(92 40 20)
(96 40 20)
(100 40 20)
(40 44 20)
(44 44 20)
(48 44 20)
(52 44 20)
(56 44 20)
(60 44 20)
(64 44 20)
(68 44 20)
(72 44 20)
(76 44 20)
(80 44 20)
(84 44 20)
(88 44 20)
(92 44 20)
(96 44 20)
(100 44 20)
(40 48 20)
(44 48 20)
(48 48 20)
(52 48 20)
(56 48 20)
(60 48 20)
(64 48 20)
(68 48 20)
(72 48 20)
(76 48 20)
(80 48 20)
(84 48 20)
(88 48 20)
(92 48 20)
(96 48 20)
(100 48 20)
(40 52 20)
(44 52 20)
(48 52 20)
(52 52 20)
(56 52 20)
(60 52 20)
(64 52 20)
(68 52 20)
(72 52 20)
(76 52 20)
(80 52 20)
(84 52 20)
(88 52 20)
(92 52 20)
(96 52 20)
(100 52 20)
(40 56 20)
(44 56 20)
(48 56 20)
(52 56 20)
(56 56 20)
(60 56 20)
(64 56 20)
(68 56 20)
(72 56 20)
(76 56 20)
(80 56 20)
(84 56 20)
(88 56 20)
(92 56 20)
(96 56 20)
(100 56 20)
(40 60 20)
(44 60 20)
(48 60 20)
(52 60 20)
(56 60 20)
(60 60 20)
(64 60 20)
(68 60 20)
(72 60 20)
(76 60 20)
(80 60 20)
(84 60 20)
(88 60 20)
(92 60 20)
(96 60 20)
(100 60 20)
(40 64 20)
(44 64 20)
(48 64 20)
(52 64 20)
(56 64 20)
(60 64 20)
(64 64 20)
(68 64 20)
(72 64 20)
(76 64 20)
(80 64 20)
(84 64 20)
(88 64 20)
(92 64 20)
(96 64 20)
(100 64 20)
(40 68 20)
(44 68 20)
(48 68 20)
(52 68 20)
(56 68 20)
(60 68 20)
(64 68 20)
(68 68 20)
(72 68 20)
(76 68 20)
(80 68 20)
(84 68 20)
(88 68 20)
(92 68 20)
(96 68 20)
(100 68 20)
(40 72 20)
(44 72 20)
(48 72 20)
(52 72 20)
(56 72 20)
(60 72 20)
(64 72 20)
(68 72 20)
(72 72 20)
(76 72 20)
(80 72 20)
(84 72 20)
(88 72 20)
(92 72 20)
(96 72 20)
(100 72 20)
(40 76 20)
(44 76 20)
(48 76 20)
(52 76 20)
(56 76 20)
(60 76 20)
(64 76 20)
(68 76 20)
(72 76 20)
(76 76 20)
(80 76 20)
(84 76 20)
(88 76 20)
(92 76 20)
(96 76 20)
(100 76 20)
(40 80 20)
(44 80 20)
(48 80 20)
(52 80 20)
(56 80 20)
(60 80 20)
(64 80 20)
(68 80 20)
(72 80 20)
(76 80 20)
(80 80 20)
(84 80 20)
(88 80 20)
(92 80 20)
(96 80 20)
(100 80 20)
(40 84 20)
(44 84 20)
(48 84 20)
(52 84 20)
(56 84 20)
(60 84 20)
(64 84 20)
(68 84 20)
(72 84 20)
(76 84 20)
(80 84 20)
(84 84 20)
(88 84 20)
(92 84 20)
(96 84 20)
(100 84 20)
(40 88 20)
(44 88 20)
(48 88 20)
(52 88 20)
(56 88 20)
(60 88 20)
(64 88 20)
(68 88 20)
(72 88 20)
(76 88 20)
(80 88 20)
(84 88 20)
(88 88 20)
(92 88 20)
(96 88 20)
(100 88 20)
(40 92 20)
(44 92 20)
(48 92 20)
(52 92 20)
(56 92 20)
(60 92 20)
(64 92 20)
(68 92 20)
(72 92 20)
(76 92 20)
(80 92 20)
(84 92 20)
(88 92 20)
(92 92 20)
(96 92 20)
(100 92 20)
(40 96 20)
(44 96 20)
(48 96 20)
(52 96 20)
(56 96 20)
(60 96 20)
(64 96 20)
(68 96 20)
(72 96 20)
(76 96 20)
(80 96 20)
(84 96 20)
(88 96 20)
(92 96 20)
(96 96 20)
(100 96 20)
(40 100 20)
(44 100 20)
(48 100 20)
(52 100 20)
(56 100 20)
(60 100 20)
(64 100 20)
(68 100 20)
(72 100 20)
(76 100 20)
(80 100 20)
(84 100 20)
(88 100 20)
(92 100 20)
(96 100 20)
(100 100 20)
(92 5.92119e-16 25)
(96 2.96059e-16 25)
(100 0 25)
(36 4 25)
(40 4 25)
(44 4 25)
(48 4 25)
(52 4 25)
(56 4 25)
(60 4 25)
(64 4 25)
(68 4 25)
(72 4 25)
(76 4 25)
(80 4 25)
(84 4 25)
(88 4 25)
(92 4 25)
(96 4 25)
(100 4 25)
(36 8 25)
(40 8 25)
(44 8 25)
(48 8 25)
(52 8 25)
(56 8 25)
(60 8 25)
(64 8 25)
(68 8 25)
(72 8 25)
(76 8 25)
(80 8 25)
(84 8 25)
(88 8 25)
(92 8 25)
(96 8 25)
(100 8 25)
(36 12 25)
(40 12 25)
(44 12 25)
(48 12 25)
(52 12 25)
(56 12 25)
(60 12 25)
(64 12 25)
(68 12 25)
(72 12 25)
(76 12 25)
(80 12 25)
(84 12 25)
(88 12 25)
(92 12 25)
(96 12 25)
(100 12 25)
(36 16 25)
(40 16 25)
(44 16 25)
(48 16 25)
(52 16 25)
(56 16 25)
(60 16 25)
(64 16 25)
(68 16 25)
(72 16 25)
(76 16 25)
(80 16 25)
(84 16 25)
(88 16 25)
(92 16 25)
(96 16 25)
(100 16 25)
(36 20 25)
(40 20 25)
(44 20 25)
(48 20 25)
(52 20 25)
(56 20 25)
(60 20 25)
(64 20 25)
(68 20 25)
(72 20 25)
(76 20 25)
(80 20 25)
(84 20 25)
(88 20 25)
(92 20 25)
(96 20 25)
(100 20 25)
(36 24 25)
(40 24 25)
(44 24 25)
(48 24 25)
(52 24 25)
(56 24 25)
(60 24 25)
(64 24 25)
(68 24 25)
(72 24 25)
(76 24 25)
(80 24 25)
(84 24 25)
(88 24 25)
(92 24 25)
(96 24 25)
(100 24 25)
(36 28 25)
(40 28 25)
(44 28 25)
(48 28 25)
(52 28 25)
(56 28 25)
(60 28 25)
(64 28 25)
(68 28 25)
(72 28 25)
(76 28 25)
(80 28 25)
(84 28 25)
(88 28 25)
(92 28 25)
(96 28 25)
(100 28 25)
(36 32 25)
(40 32 25)
(44 32 25)
(48 32 25)
(52 32 25)
(56 32 25)
(60 32 25)
(64 32 25)
(68 32 25)
(72 32 25)
(76 32 25)
(80 32 25)
(84 32 25)
(88 32 25)
(92 32 25)
(96 32 25)
(100 32 25)
(36 36 25)
(40 36 25)
(44 36 25)
(48 36 25)
(52 36 25)
(56 36 25)
(60 36 25)
(64 36 25)
(68 36 25)
(72 36 25)
(76 36 25)
(80 36 25)
(84 36 25)
(88 36 25)
(92 36 25)
(96 36 25)
(100 36 25)
(36 40 25)
(40 40 25)
(44 40 25)
(48 40 25)
(52 40 25)
(56 40 25)
(60 40 25)
(64 40 25)
(68 40 25)
(72 40 25)
(76 40 25)
(80 40 25)
(84 40 25)
(88 40 25)
(92 40 25)
(96 40 25)
(100 40 25)
(40 44 25)
(44 44 25)
(48 44 25)
(52 44 25)
(56 44 25)
(60 44 25)
(64 44 25)
(68 44 25)
(72 44 25)
(76 44 25)
(80 44 25)
(84 44 25)
(88 44 25)
(92 44 25)
(96 44 25)
(100 44 25)
(40 48 25)
(44 48 25)
(48 48 25)
(52 48 25)
(56 48 25)
(60 48 25)
(64 48 25)
(68 48 25)
(72 48 25)
(76 48 25)
(80 48 25)
(84 48 25)
(88 48 25)
(92 48 25)
(96 48 25)
(100 48 25)
(40 52 25)
(44 52 25)
(48 52 25)
(52 52 25)
(56 52 25)
(60 52 25)
(64 52 25)
(68 52 25)
(72 52 25)
(76 52 25)
(80 52 25)
(84 52 25)
(88 52 25)
(92 52 25)
(96 52 25)
(100 52 25)
(40 56 25)
(44 56 25)
(48 56 25)
(52 56 25)
(56 56 25)
(60 56 25)
(64 56 25)
(68 56 25)
(72 56 25)
(76 56 25)
(80 56 25)
(84 56 25)
(88 56 25)
(92 56 25)
(96 56 25)
(100 56 25)
(40 60 25)
(44 60 25)
(48 60 25)
(52 60 25)
(56 60 25)
(60 60 25)
(64 60 25)
(68 60 25)
(72 60 25)
(76 60 25)
(80 60 25)
(84 60 25)
(88 60 25)
(92 60 25)
(96 60 25)
(100 60 25)
(40 64 25)
(44 64 25)
(48 64 25)
(52 64 25)
(56 64 25)
(60 64 25)
(64 64 25)
(68 64 25)
(72 64 25)
(76 64 25)
(80 64 25)
(84 64 25)
(88 64 25)
(92 64 25)
(96 64 25)
(100 64 25)
(40 68 25)
(44 68 25)
(48 68 25)
(52 68 25)
(56 68 25)
(60 68 25)
(64 68 25)
(68 68 25)
(72 68 25)
(76 68 25)
(80 68 25)
(84 68 25)
(88 68 25)
(92 68 25)
(96 68 25)
(100 68 25)
(40 72 25)
(44 72 25)
(48 72 25)
(52 72 25)
(56 72 25)
(60 72 25)
(64 72 25)
(68 72 25)
(72 72 25)
(76 72 25)
(80 72 25)
(84 72 25)
(88 72 25)
(92 72 25)
(96 72 25)
(100 72 25)
(40 76 25)
(44 76 25)
(48 76 25)
(52 76 25)
(56 76 25)
(60 76 25)
(64 76 25)
(68 76 25)
(72 76 25)
(76 76 25)
(80 76 25)
(84 76 25)
(88 76 25)
(92 76 25)
(96 76 25)
(100 76 25)
(40 80 25)
(44 80 25)
(48 80 25)
(52 80 25)
(56 80 25)
(60 80 25)
(64 80 25)
(68 80 25)
(72 80 25)
(76 80 25)
(80 80 25)
(84 80 25)
(88 80 25)
(92 80 25)
(96 80 25)
(100 80 25)
(40 84 25)
(44 84 25)
(48 84 25)
(52 84 25)
(56 84 25)
(60 84 25)
(64 84 25)
(68 84 25)
(72 84 25)
(76 84 25)
(80 84 25)
(84 84 25)
(88 84 25)
(92 84 25)
(96 84 25)
(100 84 25)
(40 88 25)
(44 88 25)
(48 88 25)
(52 88 25)
(56 88 25)
(60 88 25)
(64 88 25)
(68 88 25)
(72 88 25)
(76 88 25)
(80 88 25)
(84 88 25)
(88 88 25)
(92 88 25)
(96 88 25)
(100 88 25)
(40 92 25)
(44 92 25)
(48 92 25)
(52 92 25)
(56 92 25)
(60 92 25)
(64 92 25)
(68 92 25)
(72 92 25)
(76 92 25)
(80 92 25)
(84 92 25)
(88 92 25)
(92 92 25)
(96 92 25)
(100 92 25)
(40 96 25)
(44 96 25)
(48 96 25)
(52 96 25)
(56 96 25)
(60 96 25)
(64 96 25)
(68 96 25)
(72 96 25)
(76 96 25)
(80 96 25)
(84 96 25)
(88 96 25)
(92 96 25)
(96 96 25)
(100 96 25)
(40 100 25)
(44 100 25)
(48 100 25)
(52 100 25)
(56 100 25)
(60 100 25)
(64 100 25)
(68 100 25)
(72 100 25)
(76 100 25)
(80 100 25)
(84 100 25)
(88 100 25)
(92 100 25)
(96 100 25)
(100 100 25)
)


// ************************************************************************* //
