/*--------------------------------*- C++ -*----------------------------------*\
  =========                 |
  \\      /  F ield         | OpenFOAM: The Open Source CFD Toolbox
   \\    /   O peration     | Website:  https://openfoam.org
    \\  /    A nd           | Version:  10
     \\/     M anipulation  |
\*---------------------------------------------------------------------------*/
FoamFile
{
    format      ascii;
    class       faceList;
    location    "constant/polyMesh";
    object      faces;
}
// * * * * * * * * * * * * * * * * * * * * * * * * * * * * * * * * * * * * * //


6891
(
4(1 19 482 464)
4(18 481 482 19)
4(2 20 483 465)
4(19 482 483 20)
4(3 21 484 466)
4(20 483 484 21)
4(465 466 484 483)
4(4 22 485 467)
4(21 484 485 22)
4(466 467 485 484)
4(5 23 486 468)
4(22 485 486 23)
4(467 468 486 485)
4(6 24 487 469)
4(23 486 487 24)
4(468 469 487 486)
4(7 25 488 470)
4(24 487 488 25)
4(469 470 488 487)
4(8 26 489 471)
4(25 488 489 26)
4(470 471 489 488)
4(9 27 490 472)
4(26 489 490 27)
4(471 472 490 489)
4(10 28 491 473)
4(27 490 491 28)
4(472 473 491 490)
4(11 29 492 474)
4(28 491 492 29)
4(473 474 492 491)
4(12 30 493 475)
4(29 492 493 30)
4(474 475 493 492)
4(30 493 494 31)
4(475 476 494 493)
4(15 33 496 478)
4(32 495 496 33)
4(477 478 496 495)
4(16 34 497 479)
4(33 496 497 34)
4(478 479 497 496)
4(17 35 498 480)
4(34 497 498 35)
4(479 480 498 497)
4(18 36 499 481)
4(35 498 499 36)
4(480 481 499 498)
4(19 37 500 482)
4(36 499 500 37)
4(481 482 500 499)
4(20 38 501 483)
4(37 500 501 38)
4(482 483 501 500)
4(21 39 502 484)
4(38 501 502 39)
4(483 484 502 501)
4(22 40 503 485)
4(39 502 503 40)
4(484 485 503 502)
4(23 41 504 486)
4(40 503 504 41)
4(485 486 504 503)
4(24 42 505 487)
4(41 504 505 42)
4(486 487 505 504)
4(25 43 506 488)
4(42 505 506 43)
4(487 488 506 505)
4(26 44 507 489)
4(43 506 507 44)
4(488 489 507 506)
4(27 45 508 490)
4(44 507 508 45)
4(489 490 508 507)
4(28 46 509 491)
4(45 508 509 46)
4(490 491 509 508)
4(29 47 510 492)
4(46 509 510 47)
4(491 492 510 509)
4(30 48 511 493)
4(47 510 511 48)
4(492 493 511 510)
4(48 511 512 49)
4(493 494 512 511)
4(33 51 514 496)
4(50 513 514 51)
4(495 496 514 513)
4(34 52 515 497)
4(51 514 515 52)
4(496 497 515 514)
4(35 53 516 498)
4(52 515 516 53)
4(497 498 516 515)
4(36 54 517 499)
4(53 516 517 54)
4(498 499 517 516)
4(37 55 518 500)
4(54 517 518 55)
4(499 500 518 517)
4(38 56 519 501)
4(55 518 519 56)
4(500 501 519 518)
4(39 57 520 502)
4(56 519 520 57)
4(501 502 520 519)
4(40 58 521 503)
4(57 520 521 58)
4(502 503 521 520)
4(41 59 522 504)
4(58 521 522 59)
4(503 504 522 521)
4(42 60 523 505)
4(59 522 523 60)
4(504 505 523 522)
4(43 61 524 506)
4(60 523 524 61)
4(505 506 524 523)
4(44 62 525 507)
4(61 524 525 62)
4(506 507 525 524)
4(45 63 526 508)
4(62 525 526 63)
4(507 508 526 525)
4(46 64 527 509)
4(63 526 527 64)
4(508 509 527 526)
4(47 65 528 510)
4(64 527 528 65)
4(509 510 528 527)
4(48 66 529 511)
4(65 528 529 66)
4(510 511 529 528)
4(66 529 530 67)
4(511 512 530 529)
4(51 69 532 514)
4(68 531 532 69)
4(513 514 532 531)
4(52 70 533 515)
4(69 532 533 70)
4(514 515 533 532)
4(53 71 534 516)
4(70 533 534 71)
4(515 516 534 533)
4(54 72 535 517)
4(71 534 535 72)
4(516 517 535 534)
4(55 73 536 518)
4(72 535 536 73)
4(517 518 536 535)
4(56 74 537 519)
4(73 536 537 74)
4(518 519 537 536)
4(57 75 538 520)
4(74 537 538 75)
4(519 520 538 537)
4(58 76 539 521)
4(75 538 539 76)
4(520 521 539 538)
4(59 77 540 522)
4(76 539 540 77)
4(521 522 540 539)
4(60 78 541 523)
4(77 540 541 78)
4(522 523 541 540)
4(61 79 542 524)
4(78 541 542 79)
4(523 524 542 541)
4(62 80 543 525)
4(79 542 543 80)
4(524 525 543 542)
4(63 81 544 526)
4(80 543 544 81)
4(525 526 544 543)
4(64 82 545 527)
4(81 544 545 82)
4(526 527 545 544)
4(65 83 546 528)
4(82 545 546 83)
4(527 528 546 545)
4(66 84 547 529)
4(83 546 547 84)
4(528 529 547 546)
4(84 547 548 85)
4(529 530 548 547)
4(69 87 550 532)
4(86 549 550 87)
4(531 532 550 549)
4(70 88 551 533)
4(87 550 551 88)
4(532 533 551 550)
4(71 89 552 534)
4(88 551 552 89)
4(533 534 552 551)
4(72 90 553 535)
4(89 552 553 90)
4(534 535 553 552)
4(73 91 554 536)
4(90 553 554 91)
4(535 536 554 553)
4(74 92 555 537)
4(91 554 555 92)
4(536 537 555 554)
4(75 93 556 538)
4(92 555 556 93)
4(537 538 556 555)
4(76 94 557 539)
4(93 556 557 94)
4(538 539 557 556)
4(77 95 558 540)
4(94 557 558 95)
4(539 540 558 557)
4(78 96 559 541)
4(95 558 559 96)
4(540 541 559 558)
4(79 97 560 542)
4(96 559 560 97)
4(541 542 560 559)
4(80 98 561 543)
4(97 560 561 98)
4(542 543 561 560)
4(81 99 562 544)
4(98 561 562 99)
4(543 544 562 561)
4(82 100 563 545)
4(99 562 563 100)
4(544 545 563 562)
4(83 101 564 546)
4(100 563 564 101)
4(545 546 564 563)
4(84 102 565 547)
4(101 564 565 102)
4(546 547 565 564)
4(102 565 566 103)
4(547 548 566 565)
4(87 105 568 550)
4(104 567 568 105)
4(549 550 568 567)
4(88 106 569 551)
4(105 568 569 106)
4(550 551 569 568)
4(89 107 570 552)
4(106 569 570 107)
4(551 552 570 569)
4(90 108 571 553)
4(107 570 571 108)
4(552 553 571 570)
4(91 109 572 554)
4(108 571 572 109)
4(553 554 572 571)
4(92 110 573 555)
4(109 572 573 110)
4(554 555 573 572)
4(93 111 574 556)
4(110 573 574 111)
4(555 556 574 573)
4(94 112 575 557)
4(111 574 575 112)
4(556 557 575 574)
4(95 113 576 558)
4(112 575 576 113)
4(557 558 576 575)
4(96 114 577 559)
4(113 576 577 114)
4(558 559 577 576)
4(97 115 578 560)
4(114 577 578 115)
4(559 560 578 577)
4(98 116 579 561)
4(115 578 579 116)
4(560 561 579 578)
4(99 117 580 562)
4(116 579 580 117)
4(561 562 580 579)
4(100 118 581 563)
4(117 580 581 118)
4(562 563 581 580)
4(101 119 582 564)
4(118 581 582 119)
4(563 564 582 581)
4(102 120 583 565)
4(119 582 583 120)
4(564 565 583 582)
4(120 583 584 121)
4(565 566 584 583)
4(105 123 586 568)
4(567 568 586 585)
4(106 124 587 569)
4(123 586 587 124)
4(568 569 587 586)
4(107 125 588 570)
4(124 587 588 125)
4(569 570 588 587)
4(108 126 589 571)
4(125 588 589 126)
4(570 571 589 588)
4(109 127 590 572)
4(126 589 590 127)
4(571 572 590 589)
4(110 128 591 573)
4(127 590 591 128)
4(572 573 591 590)
4(111 129 592 574)
4(128 591 592 129)
4(573 574 592 591)
4(112 130 593 575)
4(129 592 593 130)
4(574 575 593 592)
4(113 131 594 576)
4(130 593 594 131)
4(575 576 594 593)
4(114 132 595 577)
4(131 594 595 132)
4(576 577 595 594)
4(115 133 596 578)
4(132 595 596 133)
4(577 578 596 595)
4(116 134 597 579)
4(133 596 597 134)
4(578 579 597 596)
4(117 135 598 580)
4(134 597 598 135)
4(579 580 598 597)
4(118 136 599 581)
4(135 598 599 136)
4(580 581 599 598)
4(119 137 600 582)
4(136 599 600 137)
4(581 582 600 599)
4(120 138 601 583)
4(137 600 601 138)
4(582 583 601 600)
4(138 601 602 139)
4(583 584 602 601)
4(124 141 605 587)
4(140 604 605 141)
4(586 587 605 604)
4(125 142 606 588)
4(141 605 606 142)
4(587 588 606 605)
4(126 143 607 589)
4(142 606 607 143)
4(588 589 607 606)
4(127 144 608 590)
4(143 607 608 144)
4(589 590 608 607)
4(128 145 609 591)
4(144 608 609 145)
4(590 591 609 608)
4(129 146 610 592)
4(145 609 610 146)
4(591 592 610 609)
4(130 147 611 593)
4(146 610 611 147)
4(592 593 611 610)
4(131 148 612 594)
4(147 611 612 148)
4(593 594 612 611)
4(132 149 613 595)
4(148 612 613 149)
4(594 595 613 612)
4(133 150 614 596)
4(149 613 614 150)
4(595 596 614 613)
4(134 151 615 597)
4(150 614 615 151)
4(596 597 615 614)
4(135 152 616 598)
4(151 615 616 152)
4(597 598 616 615)
4(136 153 617 599)
4(152 616 617 153)
4(598 599 617 616)
4(137 154 618 600)
4(153 617 618 154)
4(599 600 618 617)
4(138 155 619 601)
4(154 618 619 155)
4(600 601 619 618)
4(155 619 620 156)
4(601 602 620 619)
4(141 158 622 605)
4(157 621 622 158)
4(604 605 622 621)
4(142 159 623 606)
4(158 622 623 159)
4(605 606 623 622)
4(143 160 624 607)
4(159 623 624 160)
4(606 607 624 623)
4(144 161 625 608)
4(160 624 625 161)
4(607 608 625 624)
4(145 162 626 609)
4(161 625 626 162)
4(608 609 626 625)
4(146 163 627 610)
4(162 626 627 163)
4(609 610 627 626)
4(147 164 628 611)
4(163 627 628 164)
4(610 611 628 627)
4(148 165 629 612)
4(164 628 629 165)
4(611 612 629 628)
4(149 166 630 613)
4(165 629 630 166)
4(612 613 630 629)
4(150 167 631 614)
4(166 630 631 167)
4(613 614 631 630)
4(151 168 632 615)
4(167 631 632 168)
4(614 615 632 631)
4(152 169 633 616)
4(168 632 633 169)
4(615 616 633 632)
4(153 170 634 617)
4(169 633 634 170)
4(616 617 634 633)
4(154 171 635 618)
4(170 634 635 171)
4(617 618 635 634)
4(155 172 636 619)
4(171 635 636 172)
4(618 619 636 635)
4(172 636 637 173)
4(619 620 637 636)
4(158 175 639 622)
4(174 638 639 175)
4(621 622 639 638)
4(159 176 640 623)
4(175 639 640 176)
4(622 623 640 639)
4(160 177 641 624)
4(176 640 641 177)
4(623 624 641 640)
4(161 178 642 625)
4(177 641 642 178)
4(624 625 642 641)
4(162 179 643 626)
4(178 642 643 179)
4(625 626 643 642)
4(163 180 644 627)
4(179 643 644 180)
4(626 627 644 643)
4(164 181 645 628)
4(180 644 645 181)
4(627 628 645 644)
4(165 182 646 629)
4(181 645 646 182)
4(628 629 646 645)
4(166 183 647 630)
4(182 646 647 183)
4(629 630 647 646)
4(167 184 648 631)
4(183 647 648 184)
4(630 631 648 647)
4(168 185 649 632)
4(184 648 649 185)
4(631 632 649 648)
4(169 186 650 633)
4(185 649 650 186)
4(632 633 650 649)
4(170 187 651 634)
4(186 650 651 187)
4(633 634 651 650)
4(171 188 652 635)
4(187 651 652 188)
4(634 635 652 651)
4(172 189 653 636)
4(188 652 653 189)
4(635 636 653 652)
4(189 653 654 190)
4(636 637 654 653)
4(175 192 656 639)
4(191 655 656 192)
4(638 639 656 655)
4(176 193 657 640)
4(192 656 657 193)
4(639 640 657 656)
4(177 194 658 641)
4(193 657 658 194)
4(640 641 658 657)
4(178 195 659 642)
4(194 658 659 195)
4(641 642 659 658)
4(179 196 660 643)
4(195 659 660 196)
4(642 643 660 659)
4(180 197 661 644)
4(196 660 661 197)
4(643 644 661 660)
4(181 198 662 645)
4(197 661 662 198)
4(644 645 662 661)
4(182 199 663 646)
4(198 662 663 199)
4(645 646 663 662)
4(183 200 664 647)
4(199 663 664 200)
4(646 647 664 663)
4(184 201 665 648)
4(200 664 665 201)
4(647 648 665 664)
4(185 202 666 649)
4(201 665 666 202)
4(648 649 666 665)
4(186 203 667 650)
4(202 666 667 203)
4(649 650 667 666)
4(187 204 668 651)
4(203 667 668 204)
4(650 651 668 667)
4(188 205 669 652)
4(204 668 669 205)
4(651 652 669 668)
4(189 206 670 653)
4(205 669 670 206)
4(652 653 670 669)
4(206 670 671 207)
4(653 654 671 670)
4(192 209 673 656)
4(208 672 673 209)
4(655 656 673 672)
4(193 210 674 657)
4(209 673 674 210)
4(656 657 674 673)
4(194 211 675 658)
4(210 674 675 211)
4(657 658 675 674)
4(195 212 676 659)
4(211 675 676 212)
4(658 659 676 675)
4(196 213 677 660)
4(212 676 677 213)
4(659 660 677 676)
4(197 214 678 661)
4(213 677 678 214)
4(660 661 678 677)
4(198 215 679 662)
4(214 678 679 215)
4(661 662 679 678)
4(199 216 680 663)
4(215 679 680 216)
4(662 663 680 679)
4(200 217 681 664)
4(216 680 681 217)
4(663 664 681 680)
4(201 218 682 665)
4(217 681 682 218)
4(664 665 682 681)
4(202 219 683 666)
4(218 682 683 219)
4(665 666 683 682)
4(203 220 684 667)
4(219 683 684 220)
4(666 667 684 683)
4(204 221 685 668)
4(220 684 685 221)
4(667 668 685 684)
4(205 222 686 669)
4(221 685 686 222)
4(668 669 686 685)
4(206 223 687 670)
4(222 686 687 223)
4(669 670 687 686)
4(223 687 688 224)
4(670 671 688 687)
4(209 226 690 673)
4(225 689 690 226)
4(672 673 690 689)
4(210 227 691 674)
4(226 690 691 227)
4(673 674 691 690)
4(211 228 692 675)
4(227 691 692 228)
4(674 675 692 691)
4(212 229 693 676)
4(228 692 693 229)
4(675 676 693 692)
4(213 230 694 677)
4(229 693 694 230)
4(676 677 694 693)
4(214 231 695 678)
4(230 694 695 231)
4(677 678 695 694)
4(215 232 696 679)
4(231 695 696 232)
4(678 679 696 695)
4(216 233 697 680)
4(232 696 697 233)
4(679 680 697 696)
4(217 234 698 681)
4(233 697 698 234)
4(680 681 698 697)
4(218 235 699 682)
4(234 698 699 235)
4(681 682 699 698)
4(219 236 700 683)
4(235 699 700 236)
4(682 683 700 699)
4(220 237 701 684)
4(236 700 701 237)
4(683 684 701 700)
4(221 238 702 685)
4(237 701 702 238)
4(684 685 702 701)
4(222 239 703 686)
4(238 702 703 239)
4(685 686 703 702)
4(223 240 704 687)
4(239 703 704 240)
4(686 687 704 703)
4(240 704 705 241)
4(687 688 705 704)
4(226 243 707 690)
4(242 706 707 243)
4(689 690 707 706)
4(227 244 708 691)
4(243 707 708 244)
4(690 691 708 707)
4(228 245 709 692)
4(244 708 709 245)
4(691 692 709 708)
4(229 246 710 693)
4(245 709 710 246)
4(692 693 710 709)
4(230 247 711 694)
4(246 710 711 247)
4(693 694 711 710)
4(231 248 712 695)
4(247 711 712 248)
4(694 695 712 711)
4(232 249 713 696)
4(248 712 713 249)
4(695 696 713 712)
4(233 250 714 697)
4(249 713 714 250)
4(696 697 714 713)
4(234 251 715 698)
4(250 714 715 251)
4(697 698 715 714)
4(235 252 716 699)
4(251 715 716 252)
4(698 699 716 715)
4(236 253 717 700)
4(252 716 717 253)
4(699 700 717 716)
4(237 254 718 701)
4(253 717 718 254)
4(700 701 718 717)
4(238 255 719 702)
4(254 718 719 255)
4(701 702 719 718)
4(239 256 720 703)
4(255 719 720 256)
4(702 703 720 719)
4(240 257 721 704)
4(256 720 721 257)
4(703 704 721 720)
4(257 721 722 258)
4(704 705 722 721)
4(243 260 724 707)
4(259 723 724 260)
4(706 707 724 723)
4(244 261 725 708)
4(260 724 725 261)
4(707 708 725 724)
4(245 262 726 709)
4(261 725 726 262)
4(708 709 726 725)
4(246 263 727 710)
4(262 726 727 263)
4(709 710 727 726)
4(247 264 728 711)
4(263 727 728 264)
4(710 711 728 727)
4(248 265 729 712)
4(264 728 729 265)
4(711 712 729 728)
4(249 266 730 713)
4(265 729 730 266)
4(712 713 730 729)
4(250 267 731 714)
4(266 730 731 267)
4(713 714 731 730)
4(251 268 732 715)
4(267 731 732 268)
4(714 715 732 731)
4(252 269 733 716)
4(268 732 733 269)
4(715 716 733 732)
4(253 270 734 717)
4(269 733 734 270)
4(716 717 734 733)
4(254 271 735 718)
4(270 734 735 271)
4(717 718 735 734)
4(255 272 736 719)
4(271 735 736 272)
4(718 719 736 735)
4(256 273 737 720)
4(272 736 737 273)
4(719 720 737 736)
4(257 274 738 721)
4(273 737 738 274)
4(720 721 738 737)
4(274 738 739 275)
4(721 722 739 738)
4(260 277 741 724)
4(276 740 741 277)
4(723 724 741 740)
4(261 278 742 725)
4(277 741 742 278)
4(724 725 742 741)
4(262 279 743 726)
4(278 742 743 279)
4(725 726 743 742)
4(263 280 744 727)
4(279 743 744 280)
4(726 727 744 743)
4(264 281 745 728)
4(280 744 745 281)
4(727 728 745 744)
4(265 282 746 729)
4(281 745 746 282)
4(728 729 746 745)
4(266 283 747 730)
4(282 746 747 283)
4(729 730 747 746)
4(267 284 748 731)
4(283 747 748 284)
4(730 731 748 747)
4(268 285 749 732)
4(284 748 749 285)
4(731 732 749 748)
4(269 286 750 733)
4(285 749 750 286)
4(732 733 750 749)
4(270 287 751 734)
4(286 750 751 287)
4(733 734 751 750)
4(271 288 752 735)
4(287 751 752 288)
4(734 735 752 751)
4(272 289 753 736)
4(288 752 753 289)
4(735 736 753 752)
4(273 290 754 737)
4(289 753 754 290)
4(736 737 754 753)
4(274 291 755 738)
4(290 754 755 291)
4(737 738 755 754)
4(291 755 756 292)
4(738 739 756 755)
4(277 294 758 741)
4(293 757 758 294)
4(740 741 758 757)
4(278 295 759 742)
4(294 758 759 295)
4(741 742 759 758)
4(279 296 760 743)
4(295 759 760 296)
4(742 743 760 759)
4(280 297 761 744)
4(296 760 761 297)
4(743 744 761 760)
4(281 298 762 745)
4(297 761 762 298)
4(744 745 762 761)
4(282 299 763 746)
4(298 762 763 299)
4(745 746 763 762)
4(283 300 764 747)
4(299 763 764 300)
4(746 747 764 763)
4(284 301 765 748)
4(300 764 765 301)
4(747 748 765 764)
4(285 302 766 749)
4(301 765 766 302)
4(748 749 766 765)
4(286 303 767 750)
4(302 766 767 303)
4(749 750 767 766)
4(287 304 768 751)
4(303 767 768 304)
4(750 751 768 767)
4(288 305 769 752)
4(304 768 769 305)
4(751 752 769 768)
4(289 306 770 753)
4(305 769 770 306)
4(752 753 770 769)
4(290 307 771 754)
4(306 770 771 307)
4(753 754 771 770)
4(291 308 772 755)
4(307 771 772 308)
4(754 755 772 771)
4(308 772 773 309)
4(755 756 773 772)
4(294 311 775 758)
4(310 774 775 311)
4(757 758 775 774)
4(295 312 776 759)
4(311 775 776 312)
4(758 759 776 775)
4(296 313 777 760)
4(312 776 777 313)
4(759 760 777 776)
4(297 314 778 761)
4(313 777 778 314)
4(760 761 778 777)
4(298 315 779 762)
4(314 778 779 315)
4(761 762 779 778)
4(299 316 780 763)
4(315 779 780 316)
4(762 763 780 779)
4(300 317 781 764)
4(316 780 781 317)
4(763 764 781 780)
4(301 318 782 765)
4(317 781 782 318)
4(764 765 782 781)
4(302 319 783 766)
4(318 782 783 319)
4(765 766 783 782)
4(303 320 784 767)
4(319 783 784 320)
4(766 767 784 783)
4(304 321 785 768)
4(320 784 785 321)
4(767 768 785 784)
4(305 322 786 769)
4(321 785 786 322)
4(768 769 786 785)
4(306 323 787 770)
4(322 786 787 323)
4(769 770 787 786)
4(307 324 788 771)
4(323 787 788 324)
4(770 771 788 787)
4(308 325 789 772)
4(324 788 789 325)
4(771 772 789 788)
4(325 789 790 326)
4(772 773 790 789)
4(311 328 792 775)
4(327 791 792 328)
4(774 775 792 791)
4(312 329 793 776)
4(328 792 793 329)
4(775 776 793 792)
4(313 330 794 777)
4(329 793 794 330)
4(776 777 794 793)
4(314 331 795 778)
4(330 794 795 331)
4(777 778 795 794)
4(315 332 796 779)
4(331 795 796 332)
4(778 779 796 795)
4(316 333 797 780)
4(332 796 797 333)
4(779 780 797 796)
4(317 334 798 781)
4(333 797 798 334)
4(780 781 798 797)
4(318 335 799 782)
4(334 798 799 335)
4(781 782 799 798)
4(319 336 800 783)
4(335 799 800 336)
4(782 783 800 799)
4(320 337 801 784)
4(336 800 801 337)
4(783 784 801 800)
4(321 338 802 785)
4(337 801 802 338)
4(784 785 802 801)
4(322 339 803 786)
4(338 802 803 339)
4(785 786 803 802)
4(323 340 804 787)
4(339 803 804 340)
4(786 787 804 803)
4(324 341 805 788)
4(340 804 805 341)
4(787 788 805 804)
4(325 342 806 789)
4(341 805 806 342)
4(788 789 806 805)
4(342 806 807 343)
4(789 790 807 806)
4(328 345 809 792)
4(344 808 809 345)
4(791 792 809 808)
4(329 346 810 793)
4(345 809 810 346)
4(792 793 810 809)
4(330 347 811 794)
4(346 810 811 347)
4(793 794 811 810)
4(331 348 812 795)
4(347 811 812 348)
4(794 795 812 811)
4(332 349 813 796)
4(348 812 813 349)
4(795 796 813 812)
4(333 350 814 797)
4(349 813 814 350)
4(796 797 814 813)
4(334 351 815 798)
4(350 814 815 351)
4(797 798 815 814)
4(335 352 816 799)
4(351 815 816 352)
4(798 799 816 815)
4(336 353 817 800)
4(352 816 817 353)
4(799 800 817 816)
4(337 354 818 801)
4(353 817 818 354)
4(800 801 818 817)
4(338 355 819 802)
4(354 818 819 355)
4(801 802 819 818)
4(339 356 820 803)
4(355 819 820 356)
4(802 803 820 819)
4(340 357 821 804)
4(356 820 821 357)
4(803 804 821 820)
4(341 358 822 805)
4(357 821 822 358)
4(804 805 822 821)
4(342 359 823 806)
4(358 822 823 359)
4(805 806 823 822)
4(359 823 824 360)
4(806 807 824 823)
4(345 362 826 809)
4(361 825 826 362)
4(808 809 826 825)
4(346 363 827 810)
4(362 826 827 363)
4(809 810 827 826)
4(347 364 828 811)
4(363 827 828 364)
4(810 811 828 827)
4(348 365 829 812)
4(364 828 829 365)
4(811 812 829 828)
4(349 366 830 813)
4(365 829 830 366)
4(812 813 830 829)
4(350 367 831 814)
4(366 830 831 367)
4(813 814 831 830)
4(351 368 832 815)
4(367 831 832 368)
4(814 815 832 831)
4(352 369 833 816)
4(368 832 833 369)
4(815 816 833 832)
4(353 370 834 817)
4(369 833 834 370)
4(816 817 834 833)
4(354 371 835 818)
4(370 834 835 371)
4(817 818 835 834)
4(355 372 836 819)
4(371 835 836 372)
4(818 819 836 835)
4(356 373 837 820)
4(372 836 837 373)
4(819 820 837 836)
4(357 374 838 821)
4(373 837 838 374)
4(820 821 838 837)
4(358 375 839 822)
4(374 838 839 375)
4(821 822 839 838)
4(359 376 840 823)
4(375 839 840 376)
4(822 823 840 839)
4(376 840 841 377)
4(823 824 841 840)
4(362 379 843 826)
4(378 842 843 379)
4(825 826 843 842)
4(363 380 844 827)
4(379 843 844 380)
4(826 827 844 843)
4(364 381 845 828)
4(380 844 845 381)
4(827 828 845 844)
4(365 382 846 829)
4(381 845 846 382)
4(828 829 846 845)
4(366 383 847 830)
4(382 846 847 383)
4(829 830 847 846)
4(367 384 848 831)
4(383 847 848 384)
4(830 831 848 847)
4(368 385 849 832)
4(384 848 849 385)
4(831 832 849 848)
4(369 386 850 833)
4(385 849 850 386)
4(832 833 850 849)
4(370 387 851 834)
4(386 850 851 387)
4(833 834 851 850)
4(371 388 852 835)
4(387 851 852 388)
4(834 835 852 851)
4(372 389 853 836)
4(388 852 853 389)
4(835 836 853 852)
4(373 390 854 837)
4(389 853 854 390)
4(836 837 854 853)
4(374 391 855 838)
4(390 854 855 391)
4(837 838 855 854)
4(375 392 856 839)
4(391 855 856 392)
4(838 839 856 855)
4(376 393 857 840)
4(392 856 857 393)
4(839 840 857 856)
4(393 857 858 394)
4(840 841 858 857)
4(379 396 860 843)
4(395 859 860 396)
4(842 843 860 859)
4(380 397 861 844)
4(396 860 861 397)
4(843 844 861 860)
4(381 398 862 845)
4(397 861 862 398)
4(844 845 862 861)
4(382 399 863 846)
4(398 862 863 399)
4(845 846 863 862)
4(383 400 864 847)
4(399 863 864 400)
4(846 847 864 863)
4(384 401 865 848)
4(400 864 865 401)
4(847 848 865 864)
4(385 402 866 849)
4(401 865 866 402)
4(848 849 866 865)
4(386 403 867 850)
4(402 866 867 403)
4(849 850 867 866)
4(387 404 868 851)
4(403 867 868 404)
4(850 851 868 867)
4(388 405 869 852)
4(404 868 869 405)
4(851 852 869 868)
4(389 406 870 853)
4(405 869 870 406)
4(852 853 870 869)
4(390 407 871 854)
4(406 870 871 407)
4(853 854 871 870)
4(391 408 872 855)
4(407 871 872 408)
4(854 855 872 871)
4(392 409 873 856)
4(408 872 873 409)
4(855 856 873 872)
4(393 410 874 857)
4(409 873 874 410)
4(856 857 874 873)
4(410 874 875 411)
4(857 858 875 874)
4(396 413 877 860)
4(412 876 877 413)
4(859 860 877 876)
4(397 414 878 861)
4(413 877 878 414)
4(860 861 878 877)
4(398 415 879 862)
4(414 878 879 415)
4(861 862 879 878)
4(399 416 880 863)
4(415 879 880 416)
4(862 863 880 879)
4(400 417 881 864)
4(416 880 881 417)
4(863 864 881 880)
4(401 418 882 865)
4(417 881 882 418)
4(864 865 882 881)
4(402 419 883 866)
4(418 882 883 419)
4(865 866 883 882)
4(403 420 884 867)
4(419 883 884 420)
4(866 867 884 883)
4(404 421 885 868)
4(420 884 885 421)
4(867 868 885 884)
4(405 422 886 869)
4(421 885 886 422)
4(868 869 886 885)
4(406 423 887 870)
4(422 886 887 423)
4(869 870 887 886)
4(407 424 888 871)
4(423 887 888 424)
4(870 871 888 887)
4(408 425 889 872)
4(424 888 889 425)
4(871 872 889 888)
4(409 426 890 873)
4(425 889 890 426)
4(872 873 890 889)
4(410 427 891 874)
4(426 890 891 427)
4(873 874 891 890)
4(427 891 892 428)
4(874 875 892 891)
4(413 430 894 877)
4(429 893 894 430)
4(876 877 894 893)
4(414 431 895 878)
4(430 894 895 431)
4(877 878 895 894)
4(415 432 896 879)
4(431 895 896 432)
4(878 879 896 895)
4(416 433 897 880)
4(432 896 897 433)
4(879 880 897 896)
4(417 434 898 881)
4(433 897 898 434)
4(880 881 898 897)
4(418 435 899 882)
4(434 898 899 435)
4(881 882 899 898)
4(419 436 900 883)
4(435 899 900 436)
4(882 883 900 899)
4(420 437 901 884)
4(436 900 901 437)
4(883 884 901 900)
4(421 438 902 885)
4(437 901 902 438)
4(884 885 902 901)
4(422 439 903 886)
4(438 902 903 439)
4(885 886 903 902)
4(423 440 904 887)
4(439 903 904 440)
4(886 887 904 903)
4(424 441 905 888)
4(440 904 905 441)
4(887 888 905 904)
4(425 442 906 889)
4(441 905 906 442)
4(888 889 906 905)
4(426 443 907 890)
4(442 906 907 443)
4(889 890 907 906)
4(427 444 908 891)
4(443 907 908 444)
4(890 891 908 907)
4(444 908 909 445)
4(891 892 909 908)
4(430 447 911 894)
4(893 894 911 910)
4(431 448 912 895)
4(894 895 912 911)
4(432 449 913 896)
4(895 896 913 912)
4(433 450 914 897)
4(896 897 914 913)
4(434 451 915 898)
4(897 898 915 914)
4(435 452 916 899)
4(898 899 916 915)
4(436 453 917 900)
4(899 900 917 916)
4(437 454 918 901)
4(900 901 918 917)
4(438 455 919 902)
4(901 902 919 918)
4(439 456 920 903)
4(902 903 920 919)
4(440 457 921 904)
4(903 904 921 920)
4(441 458 922 905)
4(904 905 922 921)
4(442 459 923 906)
4(905 906 923 922)
4(443 460 924 907)
4(906 907 924 923)
4(444 461 925 908)
4(907 908 925 924)
4(908 909 926 925)
4(466 484 946 928)
4(483 945 946 484)
4(467 485 947 929)
4(484 946 947 485)
4(468 486 948 930)
4(485 947 948 486)
4(469 487 949 931)
4(486 948 949 487)
4(930 931 949 948)
4(470 488 950 932)
4(487 949 950 488)
4(931 932 950 949)
4(471 489 951 933)
4(488 950 951 489)
4(932 933 951 950)
4(472 490 952 934)
4(489 951 952 490)
4(933 934 952 951)
4(473 491 953 935)
4(490 952 953 491)
4(934 935 953 952)
4(474 492 954 936)
4(491 953 954 492)
4(935 936 954 953)
4(475 493 955 937)
4(492 954 955 493)
4(936 937 955 954)
4(493 955 956 494)
4(937 938 956 955)
4(478 496 958 940)
4(495 957 958 496)
4(939 940 958 957)
4(479 497 959 941)
4(496 958 959 497)
4(940 941 959 958)
4(480 498 960 942)
4(497 959 960 498)
4(941 942 960 959)
4(481 499 961 943)
4(498 960 961 499)
4(942 943 961 960)
4(482 500 962 944)
4(499 961 962 500)
4(943 944 962 961)
4(483 501 963 945)
4(500 962 963 501)
4(944 945 963 962)
4(484 502 964 946)
4(501 963 964 502)
4(945 946 964 963)
4(485 503 965 947)
4(502 964 965 503)
4(946 947 965 964)
4(486 504 966 948)
4(503 965 966 504)
4(947 948 966 965)
4(487 505 967 949)
4(504 966 967 505)
4(948 949 967 966)
4(488 506 968 950)
4(505 967 968 506)
4(949 950 968 967)
4(489 507 969 951)
4(506 968 969 507)
4(950 951 969 968)
4(490 508 970 952)
4(507 969 970 508)
4(951 952 970 969)
4(491 509 971 953)
4(508 970 971 509)
4(952 953 971 970)
4(492 510 972 954)
4(509 971 972 510)
4(953 954 972 971)
4(493 511 973 955)
4(510 972 973 511)
4(954 955 973 972)
4(511 973 974 512)
4(955 956 974 973)
4(496 514 976 958)
4(513 975 976 514)
4(957 958 976 975)
4(497 515 977 959)
4(514 976 977 515)
4(958 959 977 976)
4(498 516 978 960)
4(515 977 978 516)
4(959 960 978 977)
4(499 517 979 961)
4(516 978 979 517)
4(960 961 979 978)
4(500 518 980 962)
4(517 979 980 518)
4(961 962 980 979)
4(501 519 981 963)
4(518 980 981 519)
4(962 963 981 980)
4(502 520 982 964)
4(519 981 982 520)
4(963 964 982 981)
4(503 521 983 965)
4(520 982 983 521)
4(964 965 983 982)
4(504 522 984 966)
4(521 983 984 522)
4(965 966 984 983)
4(505 523 985 967)
4(522 984 985 523)
4(966 967 985 984)
4(506 524 986 968)
4(523 985 986 524)
4(967 968 986 985)
4(507 525 987 969)
4(524 986 987 525)
4(968 969 987 986)
4(508 526 988 970)
4(525 987 988 526)
4(969 970 988 987)
4(509 527 989 971)
4(526 988 989 527)
4(970 971 989 988)
4(510 528 990 972)
4(527 989 990 528)
4(971 972 990 989)
4(511 529 991 973)
4(528 990 991 529)
4(972 973 991 990)
4(529 991 992 530)
4(973 974 992 991)
4(514 532 994 976)
4(531 993 994 532)
4(975 976 994 993)
4(515 533 995 977)
4(532 994 995 533)
4(976 977 995 994)
4(516 534 996 978)
4(533 995 996 534)
4(977 978 996 995)
4(517 535 997 979)
4(534 996 997 535)
4(978 979 997 996)
4(518 536 998 980)
4(535 997 998 536)
4(979 980 998 997)
4(519 537 999 981)
4(536 998 999 537)
4(980 981 999 998)
4(520 538 1000 982)
4(537 999 1000 538)
4(981 982 1000 999)
4(521 539 1001 983)
4(538 1000 1001 539)
4(982 983 1001 1000)
4(522 540 1002 984)
4(539 1001 1002 540)
4(983 984 1002 1001)
4(523 541 1003 985)
4(540 1002 1003 541)
4(984 985 1003 1002)
4(524 542 1004 986)
4(541 1003 1004 542)
4(985 986 1004 1003)
4(525 543 1005 987)
4(542 1004 1005 543)
4(986 987 1005 1004)
4(526 544 1006 988)
4(543 1005 1006 544)
4(987 988 1006 1005)
4(527 545 1007 989)
4(544 1006 1007 545)
4(988 989 1007 1006)
4(528 546 1008 990)
4(545 1007 1008 546)
4(989 990 1008 1007)
4(529 547 1009 991)
4(546 1008 1009 547)
4(990 991 1009 1008)
4(547 1009 1010 548)
4(991 992 1010 1009)
4(532 550 1012 994)
4(549 1011 1012 550)
4(993 994 1012 1011)
4(533 551 1013 995)
4(550 1012 1013 551)
4(994 995 1013 1012)
4(534 552 1014 996)
4(551 1013 1014 552)
4(995 996 1014 1013)
4(535 553 1015 997)
4(552 1014 1015 553)
4(996 997 1015 1014)
4(536 554 1016 998)
4(553 1015 1016 554)
4(997 998 1016 1015)
4(537 555 1017 999)
4(554 1016 1017 555)
4(998 999 1017 1016)
4(538 556 1018 1000)
4(555 1017 1018 556)
4(999 1000 1018 1017)
4(539 557 1019 1001)
4(556 1018 1019 557)
4(1000 1001 1019 1018)
4(540 558 1020 1002)
4(557 1019 1020 558)
4(1001 1002 1020 1019)
4(541 559 1021 1003)
4(558 1020 1021 559)
4(1002 1003 1021 1020)
4(542 560 1022 1004)
4(559 1021 1022 560)
4(1003 1004 1022 1021)
4(543 561 1023 1005)
4(560 1022 1023 561)
4(1004 1005 1023 1022)
4(544 562 1024 1006)
4(561 1023 1024 562)
4(1005 1006 1024 1023)
4(545 563 1025 1007)
4(562 1024 1025 563)
4(1006 1007 1025 1024)
4(546 564 1026 1008)
4(563 1025 1026 564)
4(1007 1008 1026 1025)
4(547 565 1027 1009)
4(564 1026 1027 565)
4(1008 1009 1027 1026)
4(565 1027 1028 566)
4(1009 1010 1028 1027)
4(550 568 1030 1012)
4(567 1029 1030 568)
4(1011 1012 1030 1029)
4(551 569 1031 1013)
4(568 1030 1031 569)
4(1012 1013 1031 1030)
4(552 570 1032 1014)
4(569 1031 1032 570)
4(1013 1014 1032 1031)
4(553 571 1033 1015)
4(570 1032 1033 571)
4(1014 1015 1033 1032)
4(554 572 1034 1016)
4(571 1033 1034 572)
4(1015 1016 1034 1033)
4(555 573 1035 1017)
4(572 1034 1035 573)
4(1016 1017 1035 1034)
4(556 574 1036 1018)
4(573 1035 1036 574)
4(1017 1018 1036 1035)
4(557 575 1037 1019)
4(574 1036 1037 575)
4(1018 1019 1037 1036)
4(558 576 1038 1020)
4(575 1037 1038 576)
4(1019 1020 1038 1037)
4(559 577 1039 1021)
4(576 1038 1039 577)
4(1020 1021 1039 1038)
4(560 578 1040 1022)
4(577 1039 1040 578)
4(1021 1022 1040 1039)
4(561 579 1041 1023)
4(578 1040 1041 579)
4(1022 1023 1041 1040)
4(562 580 1042 1024)
4(579 1041 1042 580)
4(1023 1024 1042 1041)
4(563 581 1043 1025)
4(580 1042 1043 581)
4(1024 1025 1043 1042)
4(564 582 1044 1026)
4(581 1043 1044 582)
4(1025 1026 1044 1043)
4(565 583 1045 1027)
4(582 1044 1045 583)
4(1026 1027 1045 1044)
4(583 1045 1046 584)
4(1027 1028 1046 1045)
4(568 586 1048 1030)
4(585 1047 1048 586)
4(1029 1030 1048 1047)
4(569 587 1049 1031)
4(586 1048 1049 587)
4(1030 1031 1049 1048)
4(570 588 1050 1032)
4(587 1049 1050 588)
4(1031 1032 1050 1049)
4(571 589 1051 1033)
4(588 1050 1051 589)
4(1032 1033 1051 1050)
4(572 590 1052 1034)
4(589 1051 1052 590)
4(1033 1034 1052 1051)
4(573 591 1053 1035)
4(590 1052 1053 591)
4(1034 1035 1053 1052)
4(574 592 1054 1036)
4(591 1053 1054 592)
4(1035 1036 1054 1053)
4(575 593 1055 1037)
4(592 1054 1055 593)
4(1036 1037 1055 1054)
4(576 594 1056 1038)
4(593 1055 1056 594)
4(1037 1038 1056 1055)
4(577 595 1057 1039)
4(594 1056 1057 595)
4(1038 1039 1057 1056)
4(578 596 1058 1040)
4(595 1057 1058 596)
4(1039 1040 1058 1057)
4(579 597 1059 1041)
4(596 1058 1059 597)
4(1040 1041 1059 1058)
4(580 598 1060 1042)
4(597 1059 1060 598)
4(1041 1042 1060 1059)
4(581 599 1061 1043)
4(598 1060 1061 599)
4(1042 1043 1061 1060)
4(582 600 1062 1044)
4(599 1061 1062 600)
4(1043 1044 1062 1061)
4(583 601 1063 1045)
4(600 1062 1063 601)
4(1044 1045 1063 1062)
4(601 1063 1064 602)
4(1045 1046 1064 1063)
4(586 604 1066 1048)
4(1047 1048 1066 1065)
4(587 605 1067 1049)
4(604 1066 1067 605)
4(1048 1049 1067 1066)
4(588 606 1068 1050)
4(605 1067 1068 606)
4(1049 1050 1068 1067)
4(589 607 1069 1051)
4(606 1068 1069 607)
4(1050 1051 1069 1068)
4(590 608 1070 1052)
4(607 1069 1070 608)
4(1051 1052 1070 1069)
4(591 609 1071 1053)
4(608 1070 1071 609)
4(1052 1053 1071 1070)
4(592 610 1072 1054)
4(609 1071 1072 610)
4(1053 1054 1072 1071)
4(593 611 1073 1055)
4(610 1072 1073 611)
4(1054 1055 1073 1072)
4(594 612 1074 1056)
4(611 1073 1074 612)
4(1055 1056 1074 1073)
4(595 613 1075 1057)
4(612 1074 1075 613)
4(1056 1057 1075 1074)
4(596 614 1076 1058)
4(613 1075 1076 614)
4(1057 1058 1076 1075)
4(597 615 1077 1059)
4(614 1076 1077 615)
4(1058 1059 1077 1076)
4(598 616 1078 1060)
4(615 1077 1078 616)
4(1059 1060 1078 1077)
4(599 617 1079 1061)
4(616 1078 1079 617)
4(1060 1061 1079 1078)
4(600 618 1080 1062)
4(617 1079 1080 618)
4(1061 1062 1080 1079)
4(601 619 1081 1063)
4(618 1080 1081 619)
4(1062 1063 1081 1080)
4(619 1081 1082 620)
4(1063 1064 1082 1081)
4(605 622 1085 1067)
4(621 1084 1085 622)
4(1066 1067 1085 1084)
4(606 623 1086 1068)
4(622 1085 1086 623)
4(1067 1068 1086 1085)
4(607 624 1087 1069)
4(623 1086 1087 624)
4(1068 1069 1087 1086)
4(608 625 1088 1070)
4(624 1087 1088 625)
4(1069 1070 1088 1087)
4(609 626 1089 1071)
4(625 1088 1089 626)
4(1070 1071 1089 1088)
4(610 627 1090 1072)
4(626 1089 1090 627)
4(1071 1072 1090 1089)
4(611 628 1091 1073)
4(627 1090 1091 628)
4(1072 1073 1091 1090)
4(612 629 1092 1074)
4(628 1091 1092 629)
4(1073 1074 1092 1091)
4(613 630 1093 1075)
4(629 1092 1093 630)
4(1074 1075 1093 1092)
4(614 631 1094 1076)
4(630 1093 1094 631)
4(1075 1076 1094 1093)
4(615 632 1095 1077)
4(631 1094 1095 632)
4(1076 1077 1095 1094)
4(616 633 1096 1078)
4(632 1095 1096 633)
4(1077 1078 1096 1095)
4(617 634 1097 1079)
4(633 1096 1097 634)
4(1078 1079 1097 1096)
4(618 635 1098 1080)
4(634 1097 1098 635)
4(1079 1080 1098 1097)
4(619 636 1099 1081)
4(635 1098 1099 636)
4(1080 1081 1099 1098)
4(636 1099 1100 637)
4(1081 1082 1100 1099)
4(622 639 1103 1085)
4(638 1102 1103 639)
4(1084 1085 1103 1102)
4(623 640 1104 1086)
4(639 1103 1104 640)
4(1085 1086 1104 1103)
4(624 641 1105 1087)
4(640 1104 1105 641)
4(1086 1087 1105 1104)
4(625 642 1106 1088)
4(641 1105 1106 642)
4(1087 1088 1106 1105)
4(626 643 1107 1089)
4(642 1106 1107 643)
4(1088 1089 1107 1106)
4(627 644 1108 1090)
4(643 1107 1108 644)
4(1089 1090 1108 1107)
4(628 645 1109 1091)
4(644 1108 1109 645)
4(1090 1091 1109 1108)
4(629 646 1110 1092)
4(645 1109 1110 646)
4(1091 1092 1110 1109)
4(630 647 1111 1093)
4(646 1110 1111 647)
4(1092 1093 1111 1110)
4(631 648 1112 1094)
4(647 1111 1112 648)
4(1093 1094 1112 1111)
4(632 649 1113 1095)
4(648 1112 1113 649)
4(1094 1095 1113 1112)
4(633 650 1114 1096)
4(649 1113 1114 650)
4(1095 1096 1114 1113)
4(634 651 1115 1097)
4(650 1114 1115 651)
4(1096 1097 1115 1114)
4(635 652 1116 1098)
4(651 1115 1116 652)
4(1097 1098 1116 1115)
4(636 653 1117 1099)
4(652 1116 1117 653)
4(1098 1099 1117 1116)
4(653 1117 1118 654)
4(1099 1100 1118 1117)
4(639 656 1120 1103)
4(655 1119 1120 656)
4(1102 1103 1120 1119)
4(640 657 1121 1104)
4(656 1120 1121 657)
4(1103 1104 1121 1120)
4(641 658 1122 1105)
4(657 1121 1122 658)
4(1104 1105 1122 1121)
4(642 659 1123 1106)
4(658 1122 1123 659)
4(1105 1106 1123 1122)
4(643 660 1124 1107)
4(659 1123 1124 660)
4(1106 1107 1124 1123)
4(644 661 1125 1108)
4(660 1124 1125 661)
4(1107 1108 1125 1124)
4(645 662 1126 1109)
4(661 1125 1126 662)
4(1108 1109 1126 1125)
4(646 663 1127 1110)
4(662 1126 1127 663)
4(1109 1110 1127 1126)
4(647 664 1128 1111)
4(663 1127 1128 664)
4(1110 1111 1128 1127)
4(648 665 1129 1112)
4(664 1128 1129 665)
4(1111 1112 1129 1128)
4(649 666 1130 1113)
4(665 1129 1130 666)
4(1112 1113 1130 1129)
4(650 667 1131 1114)
4(666 1130 1131 667)
4(1113 1114 1131 1130)
4(651 668 1132 1115)
4(667 1131 1132 668)
4(1114 1115 1132 1131)
4(652 669 1133 1116)
4(668 1132 1133 669)
4(1115 1116 1133 1132)
4(653 670 1134 1117)
4(669 1133 1134 670)
4(1116 1117 1134 1133)
4(670 1134 1135 671)
4(1117 1118 1135 1134)
4(656 673 1137 1120)
4(672 1136 1137 673)
4(1119 1120 1137 1136)
4(657 674 1138 1121)
4(673 1137 1138 674)
4(1120 1121 1138 1137)
4(658 675 1139 1122)
4(674 1138 1139 675)
4(1121 1122 1139 1138)
4(659 676 1140 1123)
4(675 1139 1140 676)
4(1122 1123 1140 1139)
4(660 677 1141 1124)
4(676 1140 1141 677)
4(1123 1124 1141 1140)
4(661 678 1142 1125)
4(677 1141 1142 678)
4(1124 1125 1142 1141)
4(662 679 1143 1126)
4(678 1142 1143 679)
4(1125 1126 1143 1142)
4(663 680 1144 1127)
4(679 1143 1144 680)
4(1126 1127 1144 1143)
4(664 681 1145 1128)
4(680 1144 1145 681)
4(1127 1128 1145 1144)
4(665 682 1146 1129)
4(681 1145 1146 682)
4(1128 1129 1146 1145)
4(666 683 1147 1130)
4(682 1146 1147 683)
4(1129 1130 1147 1146)
4(667 684 1148 1131)
4(683 1147 1148 684)
4(1130 1131 1148 1147)
4(668 685 1149 1132)
4(684 1148 1149 685)
4(1131 1132 1149 1148)
4(669 686 1150 1133)
4(685 1149 1150 686)
4(1132 1133 1150 1149)
4(670 687 1151 1134)
4(686 1150 1151 687)
4(1133 1134 1151 1150)
4(687 1151 1152 688)
4(1134 1135 1152 1151)
4(673 690 1154 1137)
4(689 1153 1154 690)
4(1136 1137 1154 1153)
4(674 691 1155 1138)
4(690 1154 1155 691)
4(1137 1138 1155 1154)
4(675 692 1156 1139)
4(691 1155 1156 692)
4(1138 1139 1156 1155)
4(676 693 1157 1140)
4(692 1156 1157 693)
4(1139 1140 1157 1156)
4(677 694 1158 1141)
4(693 1157 1158 694)
4(1140 1141 1158 1157)
4(678 695 1159 1142)
4(694 1158 1159 695)
4(1141 1142 1159 1158)
4(679 696 1160 1143)
4(695 1159 1160 696)
4(1142 1143 1160 1159)
4(680 697 1161 1144)
4(696 1160 1161 697)
4(1143 1144 1161 1160)
4(681 698 1162 1145)
4(697 1161 1162 698)
4(1144 1145 1162 1161)
4(682 699 1163 1146)
4(698 1162 1163 699)
4(1145 1146 1163 1162)
4(683 700 1164 1147)
4(699 1163 1164 700)
4(1146 1147 1164 1163)
4(684 701 1165 1148)
4(700 1164 1165 701)
4(1147 1148 1165 1164)
4(685 702 1166 1149)
4(701 1165 1166 702)
4(1148 1149 1166 1165)
4(686 703 1167 1150)
4(702 1166 1167 703)
4(1149 1150 1167 1166)
4(687 704 1168 1151)
4(703 1167 1168 704)
4(1150 1151 1168 1167)
4(704 1168 1169 705)
4(1151 1152 1169 1168)
4(690 707 1171 1154)
4(706 1170 1171 707)
4(1153 1154 1171 1170)
4(691 708 1172 1155)
4(707 1171 1172 708)
4(1154 1155 1172 1171)
4(692 709 1173 1156)
4(708 1172 1173 709)
4(1155 1156 1173 1172)
4(693 710 1174 1157)
4(709 1173 1174 710)
4(1156 1157 1174 1173)
4(694 711 1175 1158)
4(710 1174 1175 711)
4(1157 1158 1175 1174)
4(695 712 1176 1159)
4(711 1175 1176 712)
4(1158 1159 1176 1175)
4(696 713 1177 1160)
4(712 1176 1177 713)
4(1159 1160 1177 1176)
4(697 714 1178 1161)
4(713 1177 1178 714)
4(1160 1161 1178 1177)
4(698 715 1179 1162)
4(714 1178 1179 715)
4(1161 1162 1179 1178)
4(699 716 1180 1163)
4(715 1179 1180 716)
4(1162 1163 1180 1179)
4(700 717 1181 1164)
4(716 1180 1181 717)
4(1163 1164 1181 1180)
4(701 718 1182 1165)
4(717 1181 1182 718)
4(1164 1165 1182 1181)
4(702 719 1183 1166)
4(718 1182 1183 719)
4(1165 1166 1183 1182)
4(703 720 1184 1167)
4(719 1183 1184 720)
4(1166 1167 1184 1183)
4(704 721 1185 1168)
4(720 1184 1185 721)
4(1167 1168 1185 1184)
4(721 1185 1186 722)
4(1168 1169 1186 1185)
4(707 724 1188 1171)
4(723 1187 1188 724)
4(1170 1171 1188 1187)
4(708 725 1189 1172)
4(724 1188 1189 725)
4(1171 1172 1189 1188)
4(709 726 1190 1173)
4(725 1189 1190 726)
4(1172 1173 1190 1189)
4(710 727 1191 1174)
4(726 1190 1191 727)
4(1173 1174 1191 1190)
4(711 728 1192 1175)
4(727 1191 1192 728)
4(1174 1175 1192 1191)
4(712 729 1193 1176)
4(728 1192 1193 729)
4(1175 1176 1193 1192)
4(713 730 1194 1177)
4(729 1193 1194 730)
4(1176 1177 1194 1193)
4(714 731 1195 1178)
4(730 1194 1195 731)
4(1177 1178 1195 1194)
4(715 732 1196 1179)
4(731 1195 1196 732)
4(1178 1179 1196 1195)
4(716 733 1197 1180)
4(732 1196 1197 733)
4(1179 1180 1197 1196)
4(717 734 1198 1181)
4(733 1197 1198 734)
4(1180 1181 1198 1197)
4(718 735 1199 1182)
4(734 1198 1199 735)
4(1181 1182 1199 1198)
4(719 736 1200 1183)
4(735 1199 1200 736)
4(1182 1183 1200 1199)
4(720 737 1201 1184)
4(736 1200 1201 737)
4(1183 1184 1201 1200)
4(721 738 1202 1185)
4(737 1201 1202 738)
4(1184 1185 1202 1201)
4(738 1202 1203 739)
4(1185 1186 1203 1202)
4(724 741 1205 1188)
4(740 1204 1205 741)
4(1187 1188 1205 1204)
4(725 742 1206 1189)
4(741 1205 1206 742)
4(1188 1189 1206 1205)
4(726 743 1207 1190)
4(742 1206 1207 743)
4(1189 1190 1207 1206)
4(727 744 1208 1191)
4(743 1207 1208 744)
4(1190 1191 1208 1207)
4(728 745 1209 1192)
4(744 1208 1209 745)
4(1191 1192 1209 1208)
4(729 746 1210 1193)
4(745 1209 1210 746)
4(1192 1193 1210 1209)
4(730 747 1211 1194)
4(746 1210 1211 747)
4(1193 1194 1211 1210)
4(731 748 1212 1195)
4(747 1211 1212 748)
4(1194 1195 1212 1211)
4(732 749 1213 1196)
4(748 1212 1213 749)
4(1195 1196 1213 1212)
4(733 750 1214 1197)
4(749 1213 1214 750)
4(1196 1197 1214 1213)
4(734 751 1215 1198)
4(750 1214 1215 751)
4(1197 1198 1215 1214)
4(735 752 1216 1199)
4(751 1215 1216 752)
4(1198 1199 1216 1215)
4(736 753 1217 1200)
4(752 1216 1217 753)
4(1199 1200 1217 1216)
4(737 754 1218 1201)
4(753 1217 1218 754)
4(1200 1201 1218 1217)
4(738 755 1219 1202)
4(754 1218 1219 755)
4(1201 1202 1219 1218)
4(755 1219 1220 756)
4(1202 1203 1220 1219)
4(741 758 1222 1205)
4(757 1221 1222 758)
4(1204 1205 1222 1221)
4(742 759 1223 1206)
4(758 1222 1223 759)
4(1205 1206 1223 1222)
4(743 760 1224 1207)
4(759 1223 1224 760)
4(1206 1207 1224 1223)
4(744 761 1225 1208)
4(760 1224 1225 761)
4(1207 1208 1225 1224)
4(745 762 1226 1209)
4(761 1225 1226 762)
4(1208 1209 1226 1225)
4(746 763 1227 1210)
4(762 1226 1227 763)
4(1209 1210 1227 1226)
4(747 764 1228 1211)
4(763 1227 1228 764)
4(1210 1211 1228 1227)
4(748 765 1229 1212)
4(764 1228 1229 765)
4(1211 1212 1229 1228)
4(749 766 1230 1213)
4(765 1229 1230 766)
4(1212 1213 1230 1229)
4(750 767 1231 1214)
4(766 1230 1231 767)
4(1213 1214 1231 1230)
4(751 768 1232 1215)
4(767 1231 1232 768)
4(1214 1215 1232 1231)
4(752 769 1233 1216)
4(768 1232 1233 769)
4(1215 1216 1233 1232)
4(753 770 1234 1217)
4(769 1233 1234 770)
4(1216 1217 1234 1233)
4(754 771 1235 1218)
4(770 1234 1235 771)
4(1217 1218 1235 1234)
4(755 772 1236 1219)
4(771 1235 1236 772)
4(1218 1219 1236 1235)
4(772 1236 1237 773)
4(1219 1220 1237 1236)
4(758 775 1239 1222)
4(774 1238 1239 775)
4(1221 1222 1239 1238)
4(759 776 1240 1223)
4(775 1239 1240 776)
4(1222 1223 1240 1239)
4(760 777 1241 1224)
4(776 1240 1241 777)
4(1223 1224 1241 1240)
4(761 778 1242 1225)
4(777 1241 1242 778)
4(1224 1225 1242 1241)
4(762 779 1243 1226)
4(778 1242 1243 779)
4(1225 1226 1243 1242)
4(763 780 1244 1227)
4(779 1243 1244 780)
4(1226 1227 1244 1243)
4(764 781 1245 1228)
4(780 1244 1245 781)
4(1227 1228 1245 1244)
4(765 782 1246 1229)
4(781 1245 1246 782)
4(1228 1229 1246 1245)
4(766 783 1247 1230)
4(782 1246 1247 783)
4(1229 1230 1247 1246)
4(767 784 1248 1231)
4(783 1247 1248 784)
4(1230 1231 1248 1247)
4(768 785 1249 1232)
4(784 1248 1249 785)
4(1231 1232 1249 1248)
4(769 786 1250 1233)
4(785 1249 1250 786)
4(1232 1233 1250 1249)
4(770 787 1251 1234)
4(786 1250 1251 787)
4(1233 1234 1251 1250)
4(771 788 1252 1235)
4(787 1251 1252 788)
4(1234 1235 1252 1251)
4(772 789 1253 1236)
4(788 1252 1253 789)
4(1235 1236 1253 1252)
4(789 1253 1254 790)
4(1236 1237 1254 1253)
4(775 792 1256 1239)
4(791 1255 1256 792)
4(1238 1239 1256 1255)
4(776 793 1257 1240)
4(792 1256 1257 793)
4(1239 1240 1257 1256)
4(777 794 1258 1241)
4(793 1257 1258 794)
4(1240 1241 1258 1257)
4(778 795 1259 1242)
4(794 1258 1259 795)
4(1241 1242 1259 1258)
4(779 796 1260 1243)
4(795 1259 1260 796)
4(1242 1243 1260 1259)
4(780 797 1261 1244)
4(796 1260 1261 797)
4(1243 1244 1261 1260)
4(781 798 1262 1245)
4(797 1261 1262 798)
4(1244 1245 1262 1261)
4(782 799 1263 1246)
4(798 1262 1263 799)
4(1245 1246 1263 1262)
4(783 800 1264 1247)
4(799 1263 1264 800)
4(1246 1247 1264 1263)
4(784 801 1265 1248)
4(800 1264 1265 801)
4(1247 1248 1265 1264)
4(785 802 1266 1249)
4(801 1265 1266 802)
4(1248 1249 1266 1265)
4(786 803 1267 1250)
4(802 1266 1267 803)
4(1249 1250 1267 1266)
4(787 804 1268 1251)
4(803 1267 1268 804)
4(1250 1251 1268 1267)
4(788 805 1269 1252)
4(804 1268 1269 805)
4(1251 1252 1269 1268)
4(789 806 1270 1253)
4(805 1269 1270 806)
4(1252 1253 1270 1269)
4(806 1270 1271 807)
4(1253 1254 1271 1270)
4(792 809 1273 1256)
4(808 1272 1273 809)
4(1255 1256 1273 1272)
4(793 810 1274 1257)
4(809 1273 1274 810)
4(1256 1257 1274 1273)
4(794 811 1275 1258)
4(810 1274 1275 811)
4(1257 1258 1275 1274)
4(795 812 1276 1259)
4(811 1275 1276 812)
4(1258 1259 1276 1275)
4(796 813 1277 1260)
4(812 1276 1277 813)
4(1259 1260 1277 1276)
4(797 814 1278 1261)
4(813 1277 1278 814)
4(1260 1261 1278 1277)
4(798 815 1279 1262)
4(814 1278 1279 815)
4(1261 1262 1279 1278)
4(799 816 1280 1263)
4(815 1279 1280 816)
4(1262 1263 1280 1279)
4(800 817 1281 1264)
4(816 1280 1281 817)
4(1263 1264 1281 1280)
4(801 818 1282 1265)
4(817 1281 1282 818)
4(1264 1265 1282 1281)
4(802 819 1283 1266)
4(818 1282 1283 819)
4(1265 1266 1283 1282)
4(803 820 1284 1267)
4(819 1283 1284 820)
4(1266 1267 1284 1283)
4(804 821 1285 1268)
4(820 1284 1285 821)
4(1267 1268 1285 1284)
4(805 822 1286 1269)
4(821 1285 1286 822)
4(1268 1269 1286 1285)
4(806 823 1287 1270)
4(822 1286 1287 823)
4(1269 1270 1287 1286)
4(823 1287 1288 824)
4(1270 1271 1288 1287)
4(809 826 1290 1273)
4(825 1289 1290 826)
4(1272 1273 1290 1289)
4(810 827 1291 1274)
4(826 1290 1291 827)
4(1273 1274 1291 1290)
4(811 828 1292 1275)
4(827 1291 1292 828)
4(1274 1275 1292 1291)
4(812 829 1293 1276)
4(828 1292 1293 829)
4(1275 1276 1293 1292)
4(813 830 1294 1277)
4(829 1293 1294 830)
4(1276 1277 1294 1293)
4(814 831 1295 1278)
4(830 1294 1295 831)
4(1277 1278 1295 1294)
4(815 832 1296 1279)
4(831 1295 1296 832)
4(1278 1279 1296 1295)
4(816 833 1297 1280)
4(832 1296 1297 833)
4(1279 1280 1297 1296)
4(817 834 1298 1281)
4(833 1297 1298 834)
4(1280 1281 1298 1297)
4(818 835 1299 1282)
4(834 1298 1299 835)
4(1281 1282 1299 1298)
4(819 836 1300 1283)
4(835 1299 1300 836)
4(1282 1283 1300 1299)
4(820 837 1301 1284)
4(836 1300 1301 837)
4(1283 1284 1301 1300)
4(821 838 1302 1285)
4(837 1301 1302 838)
4(1284 1285 1302 1301)
4(822 839 1303 1286)
4(838 1302 1303 839)
4(1285 1286 1303 1302)
4(823 840 1304 1287)
4(839 1303 1304 840)
4(1286 1287 1304 1303)
4(840 1304 1305 841)
4(1287 1288 1305 1304)
4(826 843 1307 1290)
4(842 1306 1307 843)
4(1289 1290 1307 1306)
4(827 844 1308 1291)
4(843 1307 1308 844)
4(1290 1291 1308 1307)
4(828 845 1309 1292)
4(844 1308 1309 845)
4(1291 1292 1309 1308)
4(829 846 1310 1293)
4(845 1309 1310 846)
4(1292 1293 1310 1309)
4(830 847 1311 1294)
4(846 1310 1311 847)
4(1293 1294 1311 1310)
4(831 848 1312 1295)
4(847 1311 1312 848)
4(1294 1295 1312 1311)
4(832 849 1313 1296)
4(848 1312 1313 849)
4(1295 1296 1313 1312)
4(833 850 1314 1297)
4(849 1313 1314 850)
4(1296 1297 1314 1313)
4(834 851 1315 1298)
4(850 1314 1315 851)
4(1297 1298 1315 1314)
4(835 852 1316 1299)
4(851 1315 1316 852)
4(1298 1299 1316 1315)
4(836 853 1317 1300)
4(852 1316 1317 853)
4(1299 1300 1317 1316)
4(837 854 1318 1301)
4(853 1317 1318 854)
4(1300 1301 1318 1317)
4(838 855 1319 1302)
4(854 1318 1319 855)
4(1301 1302 1319 1318)
4(839 856 1320 1303)
4(855 1319 1320 856)
4(1302 1303 1320 1319)
4(840 857 1321 1304)
4(856 1320 1321 857)
4(1303 1304 1321 1320)
4(857 1321 1322 858)
4(1304 1305 1322 1321)
4(843 860 1324 1307)
4(859 1323 1324 860)
4(1306 1307 1324 1323)
4(844 861 1325 1308)
4(860 1324 1325 861)
4(1307 1308 1325 1324)
4(845 862 1326 1309)
4(861 1325 1326 862)
4(1308 1309 1326 1325)
4(846 863 1327 1310)
4(862 1326 1327 863)
4(1309 1310 1327 1326)
4(847 864 1328 1311)
4(863 1327 1328 864)
4(1310 1311 1328 1327)
4(848 865 1329 1312)
4(864 1328 1329 865)
4(1311 1312 1329 1328)
4(849 866 1330 1313)
4(865 1329 1330 866)
4(1312 1313 1330 1329)
4(850 867 1331 1314)
4(866 1330 1331 867)
4(1313 1314 1331 1330)
4(851 868 1332 1315)
4(867 1331 1332 868)
4(1314 1315 1332 1331)
4(852 869 1333 1316)
4(868 1332 1333 869)
4(1315 1316 1333 1332)
4(853 870 1334 1317)
4(869 1333 1334 870)
4(1316 1317 1334 1333)
4(854 871 1335 1318)
4(870 1334 1335 871)
4(1317 1318 1335 1334)
4(855 872 1336 1319)
4(871 1335 1336 872)
4(1318 1319 1336 1335)
4(856 873 1337 1320)
4(872 1336 1337 873)
4(1319 1320 1337 1336)
4(857 874 1338 1321)
4(873 1337 1338 874)
4(1320 1321 1338 1337)
4(874 1338 1339 875)
4(1321 1322 1339 1338)
4(860 877 1341 1324)
4(876 1340 1341 877)
4(1323 1324 1341 1340)
4(861 878 1342 1325)
4(877 1341 1342 878)
4(1324 1325 1342 1341)
4(862 879 1343 1326)
4(878 1342 1343 879)
4(1325 1326 1343 1342)
4(863 880 1344 1327)
4(879 1343 1344 880)
4(1326 1327 1344 1343)
4(864 881 1345 1328)
4(880 1344 1345 881)
4(1327 1328 1345 1344)
4(865 882 1346 1329)
4(881 1345 1346 882)
4(1328 1329 1346 1345)
4(866 883 1347 1330)
4(882 1346 1347 883)
4(1329 1330 1347 1346)
4(867 884 1348 1331)
4(883 1347 1348 884)
4(1330 1331 1348 1347)
4(868 885 1349 1332)
4(884 1348 1349 885)
4(1331 1332 1349 1348)
4(869 886 1350 1333)
4(885 1349 1350 886)
4(1332 1333 1350 1349)
4(870 887 1351 1334)
4(886 1350 1351 887)
4(1333 1334 1351 1350)
4(871 888 1352 1335)
4(887 1351 1352 888)
4(1334 1335 1352 1351)
4(872 889 1353 1336)
4(888 1352 1353 889)
4(1335 1336 1353 1352)
4(873 890 1354 1337)
4(889 1353 1354 890)
4(1336 1337 1354 1353)
4(874 891 1355 1338)
4(890 1354 1355 891)
4(1337 1338 1355 1354)
4(891 1355 1356 892)
4(1338 1339 1356 1355)
4(877 894 1358 1341)
4(893 1357 1358 894)
4(1340 1341 1358 1357)
4(878 895 1359 1342)
4(894 1358 1359 895)
4(1341 1342 1359 1358)
4(879 896 1360 1343)
4(895 1359 1360 896)
4(1342 1343 1360 1359)
4(880 897 1361 1344)
4(896 1360 1361 897)
4(1343 1344 1361 1360)
4(881 898 1362 1345)
4(897 1361 1362 898)
4(1344 1345 1362 1361)
4(882 899 1363 1346)
4(898 1362 1363 899)
4(1345 1346 1363 1362)
4(883 900 1364 1347)
4(899 1363 1364 900)
4(1346 1347 1364 1363)
4(884 901 1365 1348)
4(900 1364 1365 901)
4(1347 1348 1365 1364)
4(885 902 1366 1349)
4(901 1365 1366 902)
4(1348 1349 1366 1365)
4(886 903 1367 1350)
4(902 1366 1367 903)
4(1349 1350 1367 1366)
4(887 904 1368 1351)
4(903 1367 1368 904)
4(1350 1351 1368 1367)
4(888 905 1369 1352)
4(904 1368 1369 905)
4(1351 1352 1369 1368)
4(889 906 1370 1353)
4(905 1369 1370 906)
4(1352 1353 1370 1369)
4(890 907 1371 1354)
4(906 1370 1371 907)
4(1353 1354 1371 1370)
4(891 908 1372 1355)
4(907 1371 1372 908)
4(1354 1355 1372 1371)
4(908 1372 1373 909)
4(1355 1356 1373 1372)
4(894 911 1375 1358)
4(1357 1358 1375 1374)
4(895 912 1376 1359)
4(1358 1359 1376 1375)
4(896 913 1377 1360)
4(1359 1360 1377 1376)
4(897 914 1378 1361)
4(1360 1361 1378 1377)
4(898 915 1379 1362)
4(1361 1362 1379 1378)
4(899 916 1380 1363)
4(1362 1363 1380 1379)
4(900 917 1381 1364)
4(1363 1364 1381 1380)
4(901 918 1382 1365)
4(1364 1365 1382 1381)
4(902 919 1383 1366)
4(1365 1366 1383 1382)
4(903 920 1384 1367)
4(1366 1367 1384 1383)
4(904 921 1385 1368)
4(1367 1368 1385 1384)
4(905 922 1386 1369)
4(1368 1369 1386 1385)
4(906 923 1387 1370)
4(1369 1370 1387 1386)
4(907 924 1388 1371)
4(1370 1371 1388 1387)
4(908 925 1389 1372)
4(1371 1372 1389 1388)
4(1372 1373 1390 1389)
4(931 949 1410 1392)
4(948 1409 1410 949)
4(932 950 1411 1393)
4(949 1410 1411 950)
4(933 951 1412 1394)
4(950 1411 1412 951)
4(1393 1394 1412 1411)
4(934 952 1413 1395)
4(951 1412 1413 952)
4(1394 1395 1413 1412)
4(935 953 1414 1396)
4(952 1413 1414 953)
4(1395 1396 1414 1413)
4(936 954 1415 1397)
4(953 1414 1415 954)
4(1396 1397 1415 1414)
4(937 955 1416 1398)
4(954 1415 1416 955)
4(1397 1398 1416 1415)
4(955 1416 1417 956)
4(1398 1399 1417 1416)
4(940 958 1419 1401)
4(957 1418 1419 958)
4(1400 1401 1419 1418)
4(941 959 1420 1402)
4(958 1419 1420 959)
4(1401 1402 1420 1419)
4(942 960 1421 1403)
4(959 1420 1421 960)
4(1402 1403 1421 1420)
4(943 961 1422 1404)
4(960 1421 1422 961)
4(1403 1404 1422 1421)
4(944 962 1423 1405)
4(961 1422 1423 962)
4(1404 1405 1423 1422)
4(945 963 1424 1406)
4(962 1423 1424 963)
4(1405 1406 1424 1423)
4(946 964 1425 1407)
4(963 1424 1425 964)
4(1406 1407 1425 1424)
4(947 965 1426 1408)
4(964 1425 1426 965)
4(1407 1408 1426 1425)
4(948 966 1427 1409)
4(965 1426 1427 966)
4(1408 1409 1427 1426)
4(949 967 1428 1410)
4(966 1427 1428 967)
4(1409 1410 1428 1427)
4(950 968 1429 1411)
4(967 1428 1429 968)
4(1410 1411 1429 1428)
4(951 969 1430 1412)
4(968 1429 1430 969)
4(1411 1412 1430 1429)
4(952 970 1431 1413)
4(969 1430 1431 970)
4(1412 1413 1431 1430)
4(953 971 1432 1414)
4(970 1431 1432 971)
4(1413 1414 1432 1431)
4(954 972 1433 1415)
4(971 1432 1433 972)
4(1414 1415 1433 1432)
4(955 973 1434 1416)
4(972 1433 1434 973)
4(1415 1416 1434 1433)
4(973 1434 1435 974)
4(1416 1417 1435 1434)
4(958 976 1437 1419)
4(975 1436 1437 976)
4(1418 1419 1437 1436)
4(959 977 1438 1420)
4(976 1437 1438 977)
4(1419 1420 1438 1437)
4(960 978 1439 1421)
4(977 1438 1439 978)
4(1420 1421 1439 1438)
4(961 979 1440 1422)
4(978 1439 1440 979)
4(1421 1422 1440 1439)
4(962 980 1441 1423)
4(979 1440 1441 980)
4(1422 1423 1441 1440)
4(963 981 1442 1424)
4(980 1441 1442 981)
4(1423 1424 1442 1441)
4(964 982 1443 1425)
4(981 1442 1443 982)
4(1424 1425 1443 1442)
4(965 983 1444 1426)
4(982 1443 1444 983)
4(1425 1426 1444 1443)
4(966 984 1445 1427)
4(983 1444 1445 984)
4(1426 1427 1445 1444)
4(967 985 1446 1428)
4(984 1445 1446 985)
4(1427 1428 1446 1445)
4(968 986 1447 1429)
4(985 1446 1447 986)
4(1428 1429 1447 1446)
4(969 987 1448 1430)
4(986 1447 1448 987)
4(1429 1430 1448 1447)
4(970 988 1449 1431)
4(987 1448 1449 988)
4(1430 1431 1449 1448)
4(971 989 1450 1432)
4(988 1449 1450 989)
4(1431 1432 1450 1449)
4(972 990 1451 1433)
4(989 1450 1451 990)
4(1432 1433 1451 1450)
4(973 991 1452 1434)
4(990 1451 1452 991)
4(1433 1434 1452 1451)
4(991 1452 1453 992)
4(1434 1435 1453 1452)
4(976 994 1455 1437)
4(993 1454 1455 994)
4(1436 1437 1455 1454)
4(977 995 1456 1438)
4(994 1455 1456 995)
4(1437 1438 1456 1455)
4(978 996 1457 1439)
4(995 1456 1457 996)
4(1438 1439 1457 1456)
4(979 997 1458 1440)
4(996 1457 1458 997)
4(1439 1440 1458 1457)
4(980 998 1459 1441)
4(997 1458 1459 998)
4(1440 1441 1459 1458)
4(981 999 1460 1442)
4(998 1459 1460 999)
4(1441 1442 1460 1459)
4(982 1000 1461 1443)
4(999 1460 1461 1000)
4(1442 1443 1461 1460)
4(983 1001 1462 1444)
4(1000 1461 1462 1001)
4(1443 1444 1462 1461)
4(984 1002 1463 1445)
4(1001 1462 1463 1002)
4(1444 1445 1463 1462)
4(985 1003 1464 1446)
4(1002 1463 1464 1003)
4(1445 1446 1464 1463)
4(986 1004 1465 1447)
4(1003 1464 1465 1004)
4(1446 1447 1465 1464)
4(987 1005 1466 1448)
4(1004 1465 1466 1005)
4(1447 1448 1466 1465)
4(988 1006 1467 1449)
4(1005 1466 1467 1006)
4(1448 1449 1467 1466)
4(989 1007 1468 1450)
4(1006 1467 1468 1007)
4(1449 1450 1468 1467)
4(990 1008 1469 1451)
4(1007 1468 1469 1008)
4(1450 1451 1469 1468)
4(991 1009 1470 1452)
4(1008 1469 1470 1009)
4(1451 1452 1470 1469)
4(1009 1470 1471 1010)
4(1452 1453 1471 1470)
4(994 1012 1473 1455)
4(1011 1472 1473 1012)
4(1454 1455 1473 1472)
4(995 1013 1474 1456)
4(1012 1473 1474 1013)
4(1455 1456 1474 1473)
4(996 1014 1475 1457)
4(1013 1474 1475 1014)
4(1456 1457 1475 1474)
4(997 1015 1476 1458)
4(1014 1475 1476 1015)
4(1457 1458 1476 1475)
4(998 1016 1477 1459)
4(1015 1476 1477 1016)
4(1458 1459 1477 1476)
4(999 1017 1478 1460)
4(1016 1477 1478 1017)
4(1459 1460 1478 1477)
4(1000 1018 1479 1461)
4(1017 1478 1479 1018)
4(1460 1461 1479 1478)
4(1001 1019 1480 1462)
4(1018 1479 1480 1019)
4(1461 1462 1480 1479)
4(1002 1020 1481 1463)
4(1019 1480 1481 1020)
4(1462 1463 1481 1480)
4(1003 1021 1482 1464)
4(1020 1481 1482 1021)
4(1463 1464 1482 1481)
4(1004 1022 1483 1465)
4(1021 1482 1483 1022)
4(1464 1465 1483 1482)
4(1005 1023 1484 1466)
4(1022 1483 1484 1023)
4(1465 1466 1484 1483)
4(1006 1024 1485 1467)
4(1023 1484 1485 1024)
4(1466 1467 1485 1484)
4(1007 1025 1486 1468)
4(1024 1485 1486 1025)
4(1467 1468 1486 1485)
4(1008 1026 1487 1469)
4(1025 1486 1487 1026)
4(1468 1469 1487 1486)
4(1009 1027 1488 1470)
4(1026 1487 1488 1027)
4(1469 1470 1488 1487)
4(1027 1488 1489 1028)
4(1470 1471 1489 1488)
4(1012 1030 1491 1473)
4(1029 1490 1491 1030)
4(1472 1473 1491 1490)
4(1013 1031 1492 1474)
4(1030 1491 1492 1031)
4(1473 1474 1492 1491)
4(1014 1032 1493 1475)
4(1031 1492 1493 1032)
4(1474 1475 1493 1492)
4(1015 1033 1494 1476)
4(1032 1493 1494 1033)
4(1475 1476 1494 1493)
4(1016 1034 1495 1477)
4(1033 1494 1495 1034)
4(1476 1477 1495 1494)
4(1017 1035 1496 1478)
4(1034 1495 1496 1035)
4(1477 1478 1496 1495)
4(1018 1036 1497 1479)
4(1035 1496 1497 1036)
4(1478 1479 1497 1496)
4(1019 1037 1498 1480)
4(1036 1497 1498 1037)
4(1479 1480 1498 1497)
4(1020 1038 1499 1481)
4(1037 1498 1499 1038)
4(1480 1481 1499 1498)
4(1021 1039 1500 1482)
4(1038 1499 1500 1039)
4(1481 1482 1500 1499)
4(1022 1040 1501 1483)
4(1039 1500 1501 1040)
4(1482 1483 1501 1500)
4(1023 1041 1502 1484)
4(1040 1501 1502 1041)
4(1483 1484 1502 1501)
4(1024 1042 1503 1485)
4(1041 1502 1503 1042)
4(1484 1485 1503 1502)
4(1025 1043 1504 1486)
4(1042 1503 1504 1043)
4(1485 1486 1504 1503)
4(1026 1044 1505 1487)
4(1043 1504 1505 1044)
4(1486 1487 1505 1504)
4(1027 1045 1506 1488)
4(1044 1505 1506 1045)
4(1487 1488 1506 1505)
4(1045 1506 1507 1046)
4(1488 1489 1507 1506)
4(1030 1048 1509 1491)
4(1047 1508 1509 1048)
4(1490 1491 1509 1508)
4(1031 1049 1510 1492)
4(1048 1509 1510 1049)
4(1491 1492 1510 1509)
4(1032 1050 1511 1493)
4(1049 1510 1511 1050)
4(1492 1493 1511 1510)
4(1033 1051 1512 1494)
4(1050 1511 1512 1051)
4(1493 1494 1512 1511)
4(1034 1052 1513 1495)
4(1051 1512 1513 1052)
4(1494 1495 1513 1512)
4(1035 1053 1514 1496)
4(1052 1513 1514 1053)
4(1495 1496 1514 1513)
4(1036 1054 1515 1497)
4(1053 1514 1515 1054)
4(1496 1497 1515 1514)
4(1037 1055 1516 1498)
4(1054 1515 1516 1055)
4(1497 1498 1516 1515)
4(1038 1056 1517 1499)
4(1055 1516 1517 1056)
4(1498 1499 1517 1516)
4(1039 1057 1518 1500)
4(1056 1517 1518 1057)
4(1499 1500 1518 1517)
4(1040 1058 1519 1501)
4(1057 1518 1519 1058)
4(1500 1501 1519 1518)
4(1041 1059 1520 1502)
4(1058 1519 1520 1059)
4(1501 1502 1520 1519)
4(1042 1060 1521 1503)
4(1059 1520 1521 1060)
4(1502 1503 1521 1520)
4(1043 1061 1522 1504)
4(1060 1521 1522 1061)
4(1503 1504 1522 1521)
4(1044 1062 1523 1505)
4(1061 1522 1523 1062)
4(1504 1505 1523 1522)
4(1045 1063 1524 1506)
4(1062 1523 1524 1063)
4(1505 1506 1524 1523)
4(1063 1524 1525 1064)
4(1506 1507 1525 1524)
4(1048 1066 1527 1509)
4(1065 1526 1527 1066)
4(1508 1509 1527 1526)
4(1049 1067 1528 1510)
4(1066 1527 1528 1067)
4(1509 1510 1528 1527)
4(1050 1068 1529 1511)
4(1067 1528 1529 1068)
4(1510 1511 1529 1528)
4(1051 1069 1530 1512)
4(1068 1529 1530 1069)
4(1511 1512 1530 1529)
4(1052 1070 1531 1513)
4(1069 1530 1531 1070)
4(1512 1513 1531 1530)
4(1053 1071 1532 1514)
4(1070 1531 1532 1071)
4(1513 1514 1532 1531)
4(1054 1072 1533 1515)
4(1071 1532 1533 1072)
4(1514 1515 1533 1532)
4(1055 1073 1534 1516)
4(1072 1533 1534 1073)
4(1515 1516 1534 1533)
4(1056 1074 1535 1517)
4(1073 1534 1535 1074)
4(1516 1517 1535 1534)
4(1057 1075 1536 1518)
4(1074 1535 1536 1075)
4(1517 1518 1536 1535)
4(1058 1076 1537 1519)
4(1075 1536 1537 1076)
4(1518 1519 1537 1536)
4(1059 1077 1538 1520)
4(1076 1537 1538 1077)
4(1519 1520 1538 1537)
4(1060 1078 1539 1521)
4(1077 1538 1539 1078)
4(1520 1521 1539 1538)
4(1061 1079 1540 1522)
4(1078 1539 1540 1079)
4(1521 1522 1540 1539)
4(1062 1080 1541 1523)
4(1079 1540 1541 1080)
4(1522 1523 1541 1540)
4(1063 1081 1542 1524)
4(1080 1541 1542 1081)
4(1523 1524 1542 1541)
4(1081 1542 1543 1082)
4(1524 1525 1543 1542)
4(1066 1084 1545 1527)
4(1083 1544 1545 1084)
4(1526 1527 1545 1544)
4(1067 1085 1546 1528)
4(1084 1545 1546 1085)
4(1527 1528 1546 1545)
4(1068 1086 1547 1529)
4(1085 1546 1547 1086)
4(1528 1529 1547 1546)
4(1069 1087 1548 1530)
4(1086 1547 1548 1087)
4(1529 1530 1548 1547)
4(1070 1088 1549 1531)
4(1087 1548 1549 1088)
4(1530 1531 1549 1548)
4(1071 1089 1550 1532)
4(1088 1549 1550 1089)
4(1531 1532 1550 1549)
4(1072 1090 1551 1533)
4(1089 1550 1551 1090)
4(1532 1533 1551 1550)
4(1073 1091 1552 1534)
4(1090 1551 1552 1091)
4(1533 1534 1552 1551)
4(1074 1092 1553 1535)
4(1091 1552 1553 1092)
4(1534 1535 1553 1552)
4(1075 1093 1554 1536)
4(1092 1553 1554 1093)
4(1535 1536 1554 1553)
4(1076 1094 1555 1537)
4(1093 1554 1555 1094)
4(1536 1537 1555 1554)
4(1077 1095 1556 1538)
4(1094 1555 1556 1095)
4(1537 1538 1556 1555)
4(1078 1096 1557 1539)
4(1095 1556 1557 1096)
4(1538 1539 1557 1556)
4(1079 1097 1558 1540)
4(1096 1557 1558 1097)
4(1539 1540 1558 1557)
4(1080 1098 1559 1541)
4(1097 1558 1559 1098)
4(1540 1541 1559 1558)
4(1081 1099 1560 1542)
4(1098 1559 1560 1099)
4(1541 1542 1560 1559)
4(1099 1560 1561 1100)
4(1542 1543 1561 1560)
4(1084 1102 1563 1545)
4(1544 1545 1563 1562)
4(1085 1103 1564 1546)
4(1102 1563 1564 1103)
4(1545 1546 1564 1563)
4(1086 1104 1565 1547)
4(1103 1564 1565 1104)
4(1546 1547 1565 1564)
4(1087 1105 1566 1548)
4(1104 1565 1566 1105)
4(1547 1548 1566 1565)
4(1088 1106 1567 1549)
4(1105 1566 1567 1106)
4(1548 1549 1567 1566)
4(1089 1107 1568 1550)
4(1106 1567 1568 1107)
4(1549 1550 1568 1567)
4(1090 1108 1569 1551)
4(1107 1568 1569 1108)
4(1550 1551 1569 1568)
4(1091 1109 1570 1552)
4(1108 1569 1570 1109)
4(1551 1552 1570 1569)
4(1092 1110 1571 1553)
4(1109 1570 1571 1110)
4(1552 1553 1571 1570)
4(1093 1111 1572 1554)
4(1110 1571 1572 1111)
4(1553 1554 1572 1571)
4(1094 1112 1573 1555)
4(1111 1572 1573 1112)
4(1554 1555 1573 1572)
4(1095 1113 1574 1556)
4(1112 1573 1574 1113)
4(1555 1556 1574 1573)
4(1096 1114 1575 1557)
4(1113 1574 1575 1114)
4(1556 1557 1575 1574)
4(1097 1115 1576 1558)
4(1114 1575 1576 1115)
4(1557 1558 1576 1575)
4(1098 1116 1577 1559)
4(1115 1576 1577 1116)
4(1558 1559 1577 1576)
4(1099 1117 1578 1560)
4(1116 1577 1578 1117)
4(1559 1560 1578 1577)
4(1117 1578 1579 1118)
4(1560 1561 1579 1578)
4(1103 1120 1582 1564)
4(1119 1581 1582 1120)
4(1563 1564 1582 1581)
4(1104 1121 1583 1565)
4(1120 1582 1583 1121)
4(1564 1565 1583 1582)
4(1105 1122 1584 1566)
4(1121 1583 1584 1122)
4(1565 1566 1584 1583)
4(1106 1123 1585 1567)
4(1122 1584 1585 1123)
4(1566 1567 1585 1584)
4(1107 1124 1586 1568)
4(1123 1585 1586 1124)
4(1567 1568 1586 1585)
4(1108 1125 1587 1569)
4(1124 1586 1587 1125)
4(1568 1569 1587 1586)
4(1109 1126 1588 1570)
4(1125 1587 1588 1126)
4(1569 1570 1588 1587)
4(1110 1127 1589 1571)
4(1126 1588 1589 1127)
4(1570 1571 1589 1588)
4(1111 1128 1590 1572)
4(1127 1589 1590 1128)
4(1571 1572 1590 1589)
4(1112 1129 1591 1573)
4(1128 1590 1591 1129)
4(1572 1573 1591 1590)
4(1113 1130 1592 1574)
4(1129 1591 1592 1130)
4(1573 1574 1592 1591)
4(1114 1131 1593 1575)
4(1130 1592 1593 1131)
4(1574 1575 1593 1592)
4(1115 1132 1594 1576)
4(1131 1593 1594 1132)
4(1575 1576 1594 1593)
4(1116 1133 1595 1577)
4(1132 1594 1595 1133)
4(1576 1577 1595 1594)
4(1117 1134 1596 1578)
4(1133 1595 1596 1134)
4(1577 1578 1596 1595)
4(1134 1596 1597 1135)
4(1578 1579 1597 1596)
4(1120 1137 1599 1582)
4(1136 1598 1599 1137)
4(1581 1582 1599 1598)
4(1121 1138 1600 1583)
4(1137 1599 1600 1138)
4(1582 1583 1600 1599)
4(1122 1139 1601 1584)
4(1138 1600 1601 1139)
4(1583 1584 1601 1600)
4(1123 1140 1602 1585)
4(1139 1601 1602 1140)
4(1584 1585 1602 1601)
4(1124 1141 1603 1586)
4(1140 1602 1603 1141)
4(1585 1586 1603 1602)
4(1125 1142 1604 1587)
4(1141 1603 1604 1142)
4(1586 1587 1604 1603)
4(1126 1143 1605 1588)
4(1142 1604 1605 1143)
4(1587 1588 1605 1604)
4(1127 1144 1606 1589)
4(1143 1605 1606 1144)
4(1588 1589 1606 1605)
4(1128 1145 1607 1590)
4(1144 1606 1607 1145)
4(1589 1590 1607 1606)
4(1129 1146 1608 1591)
4(1145 1607 1608 1146)
4(1590 1591 1608 1607)
4(1130 1147 1609 1592)
4(1146 1608 1609 1147)
4(1591 1592 1609 1608)
4(1131 1148 1610 1593)
4(1147 1609 1610 1148)
4(1592 1593 1610 1609)
4(1132 1149 1611 1594)
4(1148 1610 1611 1149)
4(1593 1594 1611 1610)
4(1133 1150 1612 1595)
4(1149 1611 1612 1150)
4(1594 1595 1612 1611)
4(1134 1151 1613 1596)
4(1150 1612 1613 1151)
4(1595 1596 1613 1612)
4(1151 1613 1614 1152)
4(1596 1597 1614 1613)
4(1137 1154 1616 1599)
4(1153 1615 1616 1154)
4(1598 1599 1616 1615)
4(1138 1155 1617 1600)
4(1154 1616 1617 1155)
4(1599 1600 1617 1616)
4(1139 1156 1618 1601)
4(1155 1617 1618 1156)
4(1600 1601 1618 1617)
4(1140 1157 1619 1602)
4(1156 1618 1619 1157)
4(1601 1602 1619 1618)
4(1141 1158 1620 1603)
4(1157 1619 1620 1158)
4(1602 1603 1620 1619)
4(1142 1159 1621 1604)
4(1158 1620 1621 1159)
4(1603 1604 1621 1620)
4(1143 1160 1622 1605)
4(1159 1621 1622 1160)
4(1604 1605 1622 1621)
4(1144 1161 1623 1606)
4(1160 1622 1623 1161)
4(1605 1606 1623 1622)
4(1145 1162 1624 1607)
4(1161 1623 1624 1162)
4(1606 1607 1624 1623)
4(1146 1163 1625 1608)
4(1162 1624 1625 1163)
4(1607 1608 1625 1624)
4(1147 1164 1626 1609)
4(1163 1625 1626 1164)
4(1608 1609 1626 1625)
4(1148 1165 1627 1610)
4(1164 1626 1627 1165)
4(1609 1610 1627 1626)
4(1149 1166 1628 1611)
4(1165 1627 1628 1166)
4(1610 1611 1628 1627)
4(1150 1167 1629 1612)
4(1166 1628 1629 1167)
4(1611 1612 1629 1628)
4(1151 1168 1630 1613)
4(1167 1629 1630 1168)
4(1612 1613 1630 1629)
4(1168 1630 1631 1169)
4(1613 1614 1631 1630)
4(1154 1171 1633 1616)
4(1170 1632 1633 1171)
4(1615 1616 1633 1632)
4(1155 1172 1634 1617)
4(1171 1633 1634 1172)
4(1616 1617 1634 1633)
4(1156 1173 1635 1618)
4(1172 1634 1635 1173)
4(1617 1618 1635 1634)
4(1157 1174 1636 1619)
4(1173 1635 1636 1174)
4(1618 1619 1636 1635)
4(1158 1175 1637 1620)
4(1174 1636 1637 1175)
4(1619 1620 1637 1636)
4(1159 1176 1638 1621)
4(1175 1637 1638 1176)
4(1620 1621 1638 1637)
4(1160 1177 1639 1622)
4(1176 1638 1639 1177)
4(1621 1622 1639 1638)
4(1161 1178 1640 1623)
4(1177 1639 1640 1178)
4(1622 1623 1640 1639)
4(1162 1179 1641 1624)
4(1178 1640 1641 1179)
4(1623 1624 1641 1640)
4(1163 1180 1642 1625)
4(1179 1641 1642 1180)
4(1624 1625 1642 1641)
4(1164 1181 1643 1626)
4(1180 1642 1643 1181)
4(1625 1626 1643 1642)
4(1165 1182 1644 1627)
4(1181 1643 1644 1182)
4(1626 1627 1644 1643)
4(1166 1183 1645 1628)
4(1182 1644 1645 1183)
4(1627 1628 1645 1644)
4(1167 1184 1646 1629)
4(1183 1645 1646 1184)
4(1628 1629 1646 1645)
4(1168 1185 1647 1630)
4(1184 1646 1647 1185)
4(1629 1630 1647 1646)
4(1185 1647 1648 1186)
4(1630 1631 1648 1647)
4(1171 1188 1650 1633)
4(1187 1649 1650 1188)
4(1632 1633 1650 1649)
4(1172 1189 1651 1634)
4(1188 1650 1651 1189)
4(1633 1634 1651 1650)
4(1173 1190 1652 1635)
4(1189 1651 1652 1190)
4(1634 1635 1652 1651)
4(1174 1191 1653 1636)
4(1190 1652 1653 1191)
4(1635 1636 1653 1652)
4(1175 1192 1654 1637)
4(1191 1653 1654 1192)
4(1636 1637 1654 1653)
4(1176 1193 1655 1638)
4(1192 1654 1655 1193)
4(1637 1638 1655 1654)
4(1177 1194 1656 1639)
4(1193 1655 1656 1194)
4(1638 1639 1656 1655)
4(1178 1195 1657 1640)
4(1194 1656 1657 1195)
4(1639 1640 1657 1656)
4(1179 1196 1658 1641)
4(1195 1657 1658 1196)
4(1640 1641 1658 1657)
4(1180 1197 1659 1642)
4(1196 1658 1659 1197)
4(1641 1642 1659 1658)
4(1181 1198 1660 1643)
4(1197 1659 1660 1198)
4(1642 1643 1660 1659)
4(1182 1199 1661 1644)
4(1198 1660 1661 1199)
4(1643 1644 1661 1660)
4(1183 1200 1662 1645)
4(1199 1661 1662 1200)
4(1644 1645 1662 1661)
4(1184 1201 1663 1646)
4(1200 1662 1663 1201)
4(1645 1646 1663 1662)
4(1185 1202 1664 1647)
4(1201 1663 1664 1202)
4(1646 1647 1664 1663)
4(1202 1664 1665 1203)
4(1647 1648 1665 1664)
4(1188 1205 1667 1650)
4(1204 1666 1667 1205)
4(1649 1650 1667 1666)
4(1189 1206 1668 1651)
4(1205 1667 1668 1206)
4(1650 1651 1668 1667)
4(1190 1207 1669 1652)
4(1206 1668 1669 1207)
4(1651 1652 1669 1668)
4(1191 1208 1670 1653)
4(1207 1669 1670 1208)
4(1652 1653 1670 1669)
4(1192 1209 1671 1654)
4(1208 1670 1671 1209)
4(1653 1654 1671 1670)
4(1193 1210 1672 1655)
4(1209 1671 1672 1210)
4(1654 1655 1672 1671)
4(1194 1211 1673 1656)
4(1210 1672 1673 1211)
4(1655 1656 1673 1672)
4(1195 1212 1674 1657)
4(1211 1673 1674 1212)
4(1656 1657 1674 1673)
4(1196 1213 1675 1658)
4(1212 1674 1675 1213)
4(1657 1658 1675 1674)
4(1197 1214 1676 1659)
4(1213 1675 1676 1214)
4(1658 1659 1676 1675)
4(1198 1215 1677 1660)
4(1214 1676 1677 1215)
4(1659 1660 1677 1676)
4(1199 1216 1678 1661)
4(1215 1677 1678 1216)
4(1660 1661 1678 1677)
4(1200 1217 1679 1662)
4(1216 1678 1679 1217)
4(1661 1662 1679 1678)
4(1201 1218 1680 1663)
4(1217 1679 1680 1218)
4(1662 1663 1680 1679)
4(1202 1219 1681 1664)
4(1218 1680 1681 1219)
4(1663 1664 1681 1680)
4(1219 1681 1682 1220)
4(1664 1665 1682 1681)
4(1205 1222 1684 1667)
4(1221 1683 1684 1222)
4(1666 1667 1684 1683)
4(1206 1223 1685 1668)
4(1222 1684 1685 1223)
4(1667 1668 1685 1684)
4(1207 1224 1686 1669)
4(1223 1685 1686 1224)
4(1668 1669 1686 1685)
4(1208 1225 1687 1670)
4(1224 1686 1687 1225)
4(1669 1670 1687 1686)
4(1209 1226 1688 1671)
4(1225 1687 1688 1226)
4(1670 1671 1688 1687)
4(1210 1227 1689 1672)
4(1226 1688 1689 1227)
4(1671 1672 1689 1688)
4(1211 1228 1690 1673)
4(1227 1689 1690 1228)
4(1672 1673 1690 1689)
4(1212 1229 1691 1674)
4(1228 1690 1691 1229)
4(1673 1674 1691 1690)
4(1213 1230 1692 1675)
4(1229 1691 1692 1230)
4(1674 1675 1692 1691)
4(1214 1231 1693 1676)
4(1230 1692 1693 1231)
4(1675 1676 1693 1692)
4(1215 1232 1694 1677)
4(1231 1693 1694 1232)
4(1676 1677 1694 1693)
4(1216 1233 1695 1678)
4(1232 1694 1695 1233)
4(1677 1678 1695 1694)
4(1217 1234 1696 1679)
4(1233 1695 1696 1234)
4(1678 1679 1696 1695)
4(1218 1235 1697 1680)
4(1234 1696 1697 1235)
4(1679 1680 1697 1696)
4(1219 1236 1698 1681)
4(1235 1697 1698 1236)
4(1680 1681 1698 1697)
4(1236 1698 1699 1237)
4(1681 1682 1699 1698)
4(1222 1239 1701 1684)
4(1238 1700 1701 1239)
4(1683 1684 1701 1700)
4(1223 1240 1702 1685)
4(1239 1701 1702 1240)
4(1684 1685 1702 1701)
4(1224 1241 1703 1686)
4(1240 1702 1703 1241)
4(1685 1686 1703 1702)
4(1225 1242 1704 1687)
4(1241 1703 1704 1242)
4(1686 1687 1704 1703)
4(1226 1243 1705 1688)
4(1242 1704 1705 1243)
4(1687 1688 1705 1704)
4(1227 1244 1706 1689)
4(1243 1705 1706 1244)
4(1688 1689 1706 1705)
4(1228 1245 1707 1690)
4(1244 1706 1707 1245)
4(1689 1690 1707 1706)
4(1229 1246 1708 1691)
4(1245 1707 1708 1246)
4(1690 1691 1708 1707)
4(1230 1247 1709 1692)
4(1246 1708 1709 1247)
4(1691 1692 1709 1708)
4(1231 1248 1710 1693)
4(1247 1709 1710 1248)
4(1692 1693 1710 1709)
4(1232 1249 1711 1694)
4(1248 1710 1711 1249)
4(1693 1694 1711 1710)
4(1233 1250 1712 1695)
4(1249 1711 1712 1250)
4(1694 1695 1712 1711)
4(1234 1251 1713 1696)
4(1250 1712 1713 1251)
4(1695 1696 1713 1712)
4(1235 1252 1714 1697)
4(1251 1713 1714 1252)
4(1696 1697 1714 1713)
4(1236 1253 1715 1698)
4(1252 1714 1715 1253)
4(1697 1698 1715 1714)
4(1253 1715 1716 1254)
4(1698 1699 1716 1715)
4(1239 1256 1718 1701)
4(1255 1717 1718 1256)
4(1700 1701 1718 1717)
4(1240 1257 1719 1702)
4(1256 1718 1719 1257)
4(1701 1702 1719 1718)
4(1241 1258 1720 1703)
4(1257 1719 1720 1258)
4(1702 1703 1720 1719)
4(1242 1259 1721 1704)
4(1258 1720 1721 1259)
4(1703 1704 1721 1720)
4(1243 1260 1722 1705)
4(1259 1721 1722 1260)
4(1704 1705 1722 1721)
4(1244 1261 1723 1706)
4(1260 1722 1723 1261)
4(1705 1706 1723 1722)
4(1245 1262 1724 1707)
4(1261 1723 1724 1262)
4(1706 1707 1724 1723)
4(1246 1263 1725 1708)
4(1262 1724 1725 1263)
4(1707 1708 1725 1724)
4(1247 1264 1726 1709)
4(1263 1725 1726 1264)
4(1708 1709 1726 1725)
4(1248 1265 1727 1710)
4(1264 1726 1727 1265)
4(1709 1710 1727 1726)
4(1249 1266 1728 1711)
4(1265 1727 1728 1266)
4(1710 1711 1728 1727)
4(1250 1267 1729 1712)
4(1266 1728 1729 1267)
4(1711 1712 1729 1728)
4(1251 1268 1730 1713)
4(1267 1729 1730 1268)
4(1712 1713 1730 1729)
4(1252 1269 1731 1714)
4(1268 1730 1731 1269)
4(1713 1714 1731 1730)
4(1253 1270 1732 1715)
4(1269 1731 1732 1270)
4(1714 1715 1732 1731)
4(1270 1732 1733 1271)
4(1715 1716 1733 1732)
4(1256 1273 1735 1718)
4(1272 1734 1735 1273)
4(1717 1718 1735 1734)
4(1257 1274 1736 1719)
4(1273 1735 1736 1274)
4(1718 1719 1736 1735)
4(1258 1275 1737 1720)
4(1274 1736 1737 1275)
4(1719 1720 1737 1736)
4(1259 1276 1738 1721)
4(1275 1737 1738 1276)
4(1720 1721 1738 1737)
4(1260 1277 1739 1722)
4(1276 1738 1739 1277)
4(1721 1722 1739 1738)
4(1261 1278 1740 1723)
4(1277 1739 1740 1278)
4(1722 1723 1740 1739)
4(1262 1279 1741 1724)
4(1278 1740 1741 1279)
4(1723 1724 1741 1740)
4(1263 1280 1742 1725)
4(1279 1741 1742 1280)
4(1724 1725 1742 1741)
4(1264 1281 1743 1726)
4(1280 1742 1743 1281)
4(1725 1726 1743 1742)
4(1265 1282 1744 1727)
4(1281 1743 1744 1282)
4(1726 1727 1744 1743)
4(1266 1283 1745 1728)
4(1282 1744 1745 1283)
4(1727 1728 1745 1744)
4(1267 1284 1746 1729)
4(1283 1745 1746 1284)
4(1728 1729 1746 1745)
4(1268 1285 1747 1730)
4(1284 1746 1747 1285)
4(1729 1730 1747 1746)
4(1269 1286 1748 1731)
4(1285 1747 1748 1286)
4(1730 1731 1748 1747)
4(1270 1287 1749 1732)
4(1286 1748 1749 1287)
4(1731 1732 1749 1748)
4(1287 1749 1750 1288)
4(1732 1733 1750 1749)
4(1273 1290 1752 1735)
4(1289 1751 1752 1290)
4(1734 1735 1752 1751)
4(1274 1291 1753 1736)
4(1290 1752 1753 1291)
4(1735 1736 1753 1752)
4(1275 1292 1754 1737)
4(1291 1753 1754 1292)
4(1736 1737 1754 1753)
4(1276 1293 1755 1738)
4(1292 1754 1755 1293)
4(1737 1738 1755 1754)
4(1277 1294 1756 1739)
4(1293 1755 1756 1294)
4(1738 1739 1756 1755)
4(1278 1295 1757 1740)
4(1294 1756 1757 1295)
4(1739 1740 1757 1756)
4(1279 1296 1758 1741)
4(1295 1757 1758 1296)
4(1740 1741 1758 1757)
4(1280 1297 1759 1742)
4(1296 1758 1759 1297)
4(1741 1742 1759 1758)
4(1281 1298 1760 1743)
4(1297 1759 1760 1298)
4(1742 1743 1760 1759)
4(1282 1299 1761 1744)
4(1298 1760 1761 1299)
4(1743 1744 1761 1760)
4(1283 1300 1762 1745)
4(1299 1761 1762 1300)
4(1744 1745 1762 1761)
4(1284 1301 1763 1746)
4(1300 1762 1763 1301)
4(1745 1746 1763 1762)
4(1285 1302 1764 1747)
4(1301 1763 1764 1302)
4(1746 1747 1764 1763)
4(1286 1303 1765 1748)
4(1302 1764 1765 1303)
4(1747 1748 1765 1764)
4(1287 1304 1766 1749)
4(1303 1765 1766 1304)
4(1748 1749 1766 1765)
4(1304 1766 1767 1305)
4(1749 1750 1767 1766)
4(1290 1307 1769 1752)
4(1306 1768 1769 1307)
4(1751 1752 1769 1768)
4(1291 1308 1770 1753)
4(1307 1769 1770 1308)
4(1752 1753 1770 1769)
4(1292 1309 1771 1754)
4(1308 1770 1771 1309)
4(1753 1754 1771 1770)
4(1293 1310 1772 1755)
4(1309 1771 1772 1310)
4(1754 1755 1772 1771)
4(1294 1311 1773 1756)
4(1310 1772 1773 1311)
4(1755 1756 1773 1772)
4(1295 1312 1774 1757)
4(1311 1773 1774 1312)
4(1756 1757 1774 1773)
4(1296 1313 1775 1758)
4(1312 1774 1775 1313)
4(1757 1758 1775 1774)
4(1297 1314 1776 1759)
4(1313 1775 1776 1314)
4(1758 1759 1776 1775)
4(1298 1315 1777 1760)
4(1314 1776 1777 1315)
4(1759 1760 1777 1776)
4(1299 1316 1778 1761)
4(1315 1777 1778 1316)
4(1760 1761 1778 1777)
4(1300 1317 1779 1762)
4(1316 1778 1779 1317)
4(1761 1762 1779 1778)
4(1301 1318 1780 1763)
4(1317 1779 1780 1318)
4(1762 1763 1780 1779)
4(1302 1319 1781 1764)
4(1318 1780 1781 1319)
4(1763 1764 1781 1780)
4(1303 1320 1782 1765)
4(1319 1781 1782 1320)
4(1764 1765 1782 1781)
4(1304 1321 1783 1766)
4(1320 1782 1783 1321)
4(1765 1766 1783 1782)
4(1321 1783 1784 1322)
4(1766 1767 1784 1783)
4(1307 1324 1786 1769)
4(1323 1785 1786 1324)
4(1768 1769 1786 1785)
4(1308 1325 1787 1770)
4(1324 1786 1787 1325)
4(1769 1770 1787 1786)
4(1309 1326 1788 1771)
4(1325 1787 1788 1326)
4(1770 1771 1788 1787)
4(1310 1327 1789 1772)
4(1326 1788 1789 1327)
4(1771 1772 1789 1788)
4(1311 1328 1790 1773)
4(1327 1789 1790 1328)
4(1772 1773 1790 1789)
4(1312 1329 1791 1774)
4(1328 1790 1791 1329)
4(1773 1774 1791 1790)
4(1313 1330 1792 1775)
4(1329 1791 1792 1330)
4(1774 1775 1792 1791)
4(1314 1331 1793 1776)
4(1330 1792 1793 1331)
4(1775 1776 1793 1792)
4(1315 1332 1794 1777)
4(1331 1793 1794 1332)
4(1776 1777 1794 1793)
4(1316 1333 1795 1778)
4(1332 1794 1795 1333)
4(1777 1778 1795 1794)
4(1317 1334 1796 1779)
4(1333 1795 1796 1334)
4(1778 1779 1796 1795)
4(1318 1335 1797 1780)
4(1334 1796 1797 1335)
4(1779 1780 1797 1796)
4(1319 1336 1798 1781)
4(1335 1797 1798 1336)
4(1780 1781 1798 1797)
4(1320 1337 1799 1782)
4(1336 1798 1799 1337)
4(1781 1782 1799 1798)
4(1321 1338 1800 1783)
4(1337 1799 1800 1338)
4(1782 1783 1800 1799)
4(1338 1800 1801 1339)
4(1783 1784 1801 1800)
4(1324 1341 1803 1786)
4(1340 1802 1803 1341)
4(1785 1786 1803 1802)
4(1325 1342 1804 1787)
4(1341 1803 1804 1342)
4(1786 1787 1804 1803)
4(1326 1343 1805 1788)
4(1342 1804 1805 1343)
4(1787 1788 1805 1804)
4(1327 1344 1806 1789)
4(1343 1805 1806 1344)
4(1788 1789 1806 1805)
4(1328 1345 1807 1790)
4(1344 1806 1807 1345)
4(1789 1790 1807 1806)
4(1329 1346 1808 1791)
4(1345 1807 1808 1346)
4(1790 1791 1808 1807)
4(1330 1347 1809 1792)
4(1346 1808 1809 1347)
4(1791 1792 1809 1808)
4(1331 1348 1810 1793)
4(1347 1809 1810 1348)
4(1792 1793 1810 1809)
4(1332 1349 1811 1794)
4(1348 1810 1811 1349)
4(1793 1794 1811 1810)
4(1333 1350 1812 1795)
4(1349 1811 1812 1350)
4(1794 1795 1812 1811)
4(1334 1351 1813 1796)
4(1350 1812 1813 1351)
4(1795 1796 1813 1812)
4(1335 1352 1814 1797)
4(1351 1813 1814 1352)
4(1796 1797 1814 1813)
4(1336 1353 1815 1798)
4(1352 1814 1815 1353)
4(1797 1798 1815 1814)
4(1337 1354 1816 1799)
4(1353 1815 1816 1354)
4(1798 1799 1816 1815)
4(1338 1355 1817 1800)
4(1354 1816 1817 1355)
4(1799 1800 1817 1816)
4(1355 1817 1818 1356)
4(1800 1801 1818 1817)
4(1341 1358 1820 1803)
4(1357 1819 1820 1358)
4(1802 1803 1820 1819)
4(1342 1359 1821 1804)
4(1358 1820 1821 1359)
4(1803 1804 1821 1820)
4(1343 1360 1822 1805)
4(1359 1821 1822 1360)
4(1804 1805 1822 1821)
4(1344 1361 1823 1806)
4(1360 1822 1823 1361)
4(1805 1806 1823 1822)
4(1345 1362 1824 1807)
4(1361 1823 1824 1362)
4(1806 1807 1824 1823)
4(1346 1363 1825 1808)
4(1362 1824 1825 1363)
4(1807 1808 1825 1824)
4(1347 1364 1826 1809)
4(1363 1825 1826 1364)
4(1808 1809 1826 1825)
4(1348 1365 1827 1810)
4(1364 1826 1827 1365)
4(1809 1810 1827 1826)
4(1349 1366 1828 1811)
4(1365 1827 1828 1366)
4(1810 1811 1828 1827)
4(1350 1367 1829 1812)
4(1366 1828 1829 1367)
4(1811 1812 1829 1828)
4(1351 1368 1830 1813)
4(1367 1829 1830 1368)
4(1812 1813 1830 1829)
4(1352 1369 1831 1814)
4(1368 1830 1831 1369)
4(1813 1814 1831 1830)
4(1353 1370 1832 1815)
4(1369 1831 1832 1370)
4(1814 1815 1832 1831)
4(1354 1371 1833 1816)
4(1370 1832 1833 1371)
4(1815 1816 1833 1832)
4(1355 1372 1834 1817)
4(1371 1833 1834 1372)
4(1816 1817 1834 1833)
4(1372 1834 1835 1373)
4(1817 1818 1835 1834)
4(1358 1375 1837 1820)
4(1819 1820 1837 1836)
4(1359 1376 1838 1821)
4(1820 1821 1838 1837)
4(1360 1377 1839 1822)
4(1821 1822 1839 1838)
4(1361 1378 1840 1823)
4(1822 1823 1840 1839)
4(1362 1379 1841 1824)
4(1823 1824 1841 1840)
4(1363 1380 1842 1825)
4(1824 1825 1842 1841)
4(1364 1381 1843 1826)
4(1825 1826 1843 1842)
4(1365 1382 1844 1827)
4(1826 1827 1844 1843)
4(1366 1383 1845 1828)
4(1827 1828 1845 1844)
4(1367 1384 1846 1829)
4(1828 1829 1846 1845)
4(1368 1385 1847 1830)
4(1829 1830 1847 1846)
4(1369 1386 1848 1831)
4(1830 1831 1848 1847)
4(1370 1387 1849 1832)
4(1831 1832 1849 1848)
4(1371 1388 1850 1833)
4(1832 1833 1850 1849)
4(1372 1389 1851 1834)
4(1833 1834 1851 1850)
4(1834 1835 1852 1851)
4(1394 1412 1872 1854)
4(1411 1871 1872 1412)
4(1395 1413 1873 1855)
4(1412 1872 1873 1413)
4(1396 1414 1874 1856)
4(1413 1873 1874 1414)
4(1397 1415 1875 1857)
4(1414 1874 1875 1415)
4(1856 1857 1875 1874)
4(1398 1416 1876 1858)
4(1415 1875 1876 1416)
4(1857 1858 1876 1875)
4(1416 1876 1877 1417)
4(1858 1859 1877 1876)
4(1401 1419 1879 1861)
4(1418 1878 1879 1419)
4(1860 1861 1879 1878)
4(1402 1420 1880 1862)
4(1419 1879 1880 1420)
4(1861 1862 1880 1879)
4(1403 1421 1881 1863)
4(1420 1880 1881 1421)
4(1862 1863 1881 1880)
4(1404 1422 1882 1864)
4(1421 1881 1882 1422)
4(1863 1864 1882 1881)
4(1405 1423 1883 1865)
4(1422 1882 1883 1423)
4(1864 1865 1883 1882)
4(1406 1424 1884 1866)
4(1423 1883 1884 1424)
4(1865 1866 1884 1883)
4(1407 1425 1885 1867)
4(1424 1884 1885 1425)
4(1866 1867 1885 1884)
4(1408 1426 1886 1868)
4(1425 1885 1886 1426)
4(1867 1868 1886 1885)
4(1409 1427 1887 1869)
4(1426 1886 1887 1427)
4(1868 1869 1887 1886)
4(1410 1428 1888 1870)
4(1427 1887 1888 1428)
4(1869 1870 1888 1887)
4(1411 1429 1889 1871)
4(1428 1888 1889 1429)
4(1870 1871 1889 1888)
4(1412 1430 1890 1872)
4(1429 1889 1890 1430)
4(1871 1872 1890 1889)
4(1413 1431 1891 1873)
4(1430 1890 1891 1431)
4(1872 1873 1891 1890)
4(1414 1432 1892 1874)
4(1431 1891 1892 1432)
4(1873 1874 1892 1891)
4(1415 1433 1893 1875)
4(1432 1892 1893 1433)
4(1874 1875 1893 1892)
4(1416 1434 1894 1876)
4(1433 1893 1894 1434)
4(1875 1876 1894 1893)
4(1434 1894 1895 1435)
4(1876 1877 1895 1894)
4(1419 1437 1897 1879)
4(1436 1896 1897 1437)
4(1878 1879 1897 1896)
4(1420 1438 1898 1880)
4(1437 1897 1898 1438)
4(1879 1880 1898 1897)
4(1421 1439 1899 1881)
4(1438 1898 1899 1439)
4(1880 1881 1899 1898)
4(1422 1440 1900 1882)
4(1439 1899 1900 1440)
4(1881 1882 1900 1899)
4(1423 1441 1901 1883)
4(1440 1900 1901 1441)
4(1882 1883 1901 1900)
4(1424 1442 1902 1884)
4(1441 1901 1902 1442)
4(1883 1884 1902 1901)
4(1425 1443 1903 1885)
4(1442 1902 1903 1443)
4(1884 1885 1903 1902)
4(1426 1444 1904 1886)
4(1443 1903 1904 1444)
4(1885 1886 1904 1903)
4(1427 1445 1905 1887)
4(1444 1904 1905 1445)
4(1886 1887 1905 1904)
4(1428 1446 1906 1888)
4(1445 1905 1906 1446)
4(1887 1888 1906 1905)
4(1429 1447 1907 1889)
4(1446 1906 1907 1447)
4(1888 1889 1907 1906)
4(1430 1448 1908 1890)
4(1447 1907 1908 1448)
4(1889 1890 1908 1907)
4(1431 1449 1909 1891)
4(1448 1908 1909 1449)
4(1890 1891 1909 1908)
4(1432 1450 1910 1892)
4(1449 1909 1910 1450)
4(1891 1892 1910 1909)
4(1433 1451 1911 1893)
4(1450 1910 1911 1451)
4(1892 1893 1911 1910)
4(1434 1452 1912 1894)
4(1451 1911 1912 1452)
4(1893 1894 1912 1911)
4(1452 1912 1913 1453)
4(1894 1895 1913 1912)
4(1437 1455 1915 1897)
4(1454 1914 1915 1455)
4(1896 1897 1915 1914)
4(1438 1456 1916 1898)
4(1455 1915 1916 1456)
4(1897 1898 1916 1915)
4(1439 1457 1917 1899)
4(1456 1916 1917 1457)
4(1898 1899 1917 1916)
4(1440 1458 1918 1900)
4(1457 1917 1918 1458)
4(1899 1900 1918 1917)
4(1441 1459 1919 1901)
4(1458 1918 1919 1459)
4(1900 1901 1919 1918)
4(1442 1460 1920 1902)
4(1459 1919 1920 1460)
4(1901 1902 1920 1919)
4(1443 1461 1921 1903)
4(1460 1920 1921 1461)
4(1902 1903 1921 1920)
4(1444 1462 1922 1904)
4(1461 1921 1922 1462)
4(1903 1904 1922 1921)
4(1445 1463 1923 1905)
4(1462 1922 1923 1463)
4(1904 1905 1923 1922)
4(1446 1464 1924 1906)
4(1463 1923 1924 1464)
4(1905 1906 1924 1923)
4(1447 1465 1925 1907)
4(1464 1924 1925 1465)
4(1906 1907 1925 1924)
4(1448 1466 1926 1908)
4(1465 1925 1926 1466)
4(1907 1908 1926 1925)
4(1449 1467 1927 1909)
4(1466 1926 1927 1467)
4(1908 1909 1927 1926)
4(1450 1468 1928 1910)
4(1467 1927 1928 1468)
4(1909 1910 1928 1927)
4(1451 1469 1929 1911)
4(1468 1928 1929 1469)
4(1910 1911 1929 1928)
4(1452 1470 1930 1912)
4(1469 1929 1930 1470)
4(1911 1912 1930 1929)
4(1470 1930 1931 1471)
4(1912 1913 1931 1930)
4(1455 1473 1933 1915)
4(1472 1932 1933 1473)
4(1914 1915 1933 1932)
4(1456 1474 1934 1916)
4(1473 1933 1934 1474)
4(1915 1916 1934 1933)
4(1457 1475 1935 1917)
4(1474 1934 1935 1475)
4(1916 1917 1935 1934)
4(1458 1476 1936 1918)
4(1475 1935 1936 1476)
4(1917 1918 1936 1935)
4(1459 1477 1937 1919)
4(1476 1936 1937 1477)
4(1918 1919 1937 1936)
4(1460 1478 1938 1920)
4(1477 1937 1938 1478)
4(1919 1920 1938 1937)
4(1461 1479 1939 1921)
4(1478 1938 1939 1479)
4(1920 1921 1939 1938)
4(1462 1480 1940 1922)
4(1479 1939 1940 1480)
4(1921 1922 1940 1939)
4(1463 1481 1941 1923)
4(1480 1940 1941 1481)
4(1922 1923 1941 1940)
4(1464 1482 1942 1924)
4(1481 1941 1942 1482)
4(1923 1924 1942 1941)
4(1465 1483 1943 1925)
4(1482 1942 1943 1483)
4(1924 1925 1943 1942)
4(1466 1484 1944 1926)
4(1483 1943 1944 1484)
4(1925 1926 1944 1943)
4(1467 1485 1945 1927)
4(1484 1944 1945 1485)
4(1926 1927 1945 1944)
4(1468 1486 1946 1928)
4(1485 1945 1946 1486)
4(1927 1928 1946 1945)
4(1469 1487 1947 1929)
4(1486 1946 1947 1487)
4(1928 1929 1947 1946)
4(1470 1488 1948 1930)
4(1487 1947 1948 1488)
4(1929 1930 1948 1947)
4(1488 1948 1949 1489)
4(1930 1931 1949 1948)
4(1473 1491 1951 1933)
4(1490 1950 1951 1491)
4(1932 1933 1951 1950)
4(1474 1492 1952 1934)
4(1491 1951 1952 1492)
4(1933 1934 1952 1951)
4(1475 1493 1953 1935)
4(1492 1952 1953 1493)
4(1934 1935 1953 1952)
4(1476 1494 1954 1936)
4(1493 1953 1954 1494)
4(1935 1936 1954 1953)
4(1477 1495 1955 1937)
4(1494 1954 1955 1495)
4(1936 1937 1955 1954)
4(1478 1496 1956 1938)
4(1495 1955 1956 1496)
4(1937 1938 1956 1955)
4(1479 1497 1957 1939)
4(1496 1956 1957 1497)
4(1938 1939 1957 1956)
4(1480 1498 1958 1940)
4(1497 1957 1958 1498)
4(1939 1940 1958 1957)
4(1481 1499 1959 1941)
4(1498 1958 1959 1499)
4(1940 1941 1959 1958)
4(1482 1500 1960 1942)
4(1499 1959 1960 1500)
4(1941 1942 1960 1959)
4(1483 1501 1961 1943)
4(1500 1960 1961 1501)
4(1942 1943 1961 1960)
4(1484 1502 1962 1944)
4(1501 1961 1962 1502)
4(1943 1944 1962 1961)
4(1485 1503 1963 1945)
4(1502 1962 1963 1503)
4(1944 1945 1963 1962)
4(1486 1504 1964 1946)
4(1503 1963 1964 1504)
4(1945 1946 1964 1963)
4(1487 1505 1965 1947)
4(1504 1964 1965 1505)
4(1946 1947 1965 1964)
4(1488 1506 1966 1948)
4(1505 1965 1966 1506)
4(1947 1948 1966 1965)
4(1506 1966 1967 1507)
4(1948 1949 1967 1966)
4(1491 1509 1969 1951)
4(1508 1968 1969 1509)
4(1950 1951 1969 1968)
4(1492 1510 1970 1952)
4(1509 1969 1970 1510)
4(1951 1952 1970 1969)
4(1493 1511 1971 1953)
4(1510 1970 1971 1511)
4(1952 1953 1971 1970)
4(1494 1512 1972 1954)
4(1511 1971 1972 1512)
4(1953 1954 1972 1971)
4(1495 1513 1973 1955)
4(1512 1972 1973 1513)
4(1954 1955 1973 1972)
4(1496 1514 1974 1956)
4(1513 1973 1974 1514)
4(1955 1956 1974 1973)
4(1497 1515 1975 1957)
4(1514 1974 1975 1515)
4(1956 1957 1975 1974)
4(1498 1516 1976 1958)
4(1515 1975 1976 1516)
4(1957 1958 1976 1975)
4(1499 1517 1977 1959)
4(1516 1976 1977 1517)
4(1958 1959 1977 1976)
4(1500 1518 1978 1960)
4(1517 1977 1978 1518)
4(1959 1960 1978 1977)
4(1501 1519 1979 1961)
4(1518 1978 1979 1519)
4(1960 1961 1979 1978)
4(1502 1520 1980 1962)
4(1519 1979 1980 1520)
4(1961 1962 1980 1979)
4(1503 1521 1981 1963)
4(1520 1980 1981 1521)
4(1962 1963 1981 1980)
4(1504 1522 1982 1964)
4(1521 1981 1982 1522)
4(1963 1964 1982 1981)
4(1505 1523 1983 1965)
4(1522 1982 1983 1523)
4(1964 1965 1983 1982)
4(1506 1524 1984 1966)
4(1523 1983 1984 1524)
4(1965 1966 1984 1983)
4(1524 1984 1985 1525)
4(1966 1967 1985 1984)
4(1509 1527 1987 1969)
4(1526 1986 1987 1527)
4(1968 1969 1987 1986)
4(1510 1528 1988 1970)
4(1527 1987 1988 1528)
4(1969 1970 1988 1987)
4(1511 1529 1989 1971)
4(1528 1988 1989 1529)
4(1970 1971 1989 1988)
4(1512 1530 1990 1972)
4(1529 1989 1990 1530)
4(1971 1972 1990 1989)
4(1513 1531 1991 1973)
4(1530 1990 1991 1531)
4(1972 1973 1991 1990)
4(1514 1532 1992 1974)
4(1531 1991 1992 1532)
4(1973 1974 1992 1991)
4(1515 1533 1993 1975)
4(1532 1992 1993 1533)
4(1974 1975 1993 1992)
4(1516 1534 1994 1976)
4(1533 1993 1994 1534)
4(1975 1976 1994 1993)
4(1517 1535 1995 1977)
4(1534 1994 1995 1535)
4(1976 1977 1995 1994)
4(1518 1536 1996 1978)
4(1535 1995 1996 1536)
4(1977 1978 1996 1995)
4(1519 1537 1997 1979)
4(1536 1996 1997 1537)
4(1978 1979 1997 1996)
4(1520 1538 1998 1980)
4(1537 1997 1998 1538)
4(1979 1980 1998 1997)
4(1521 1539 1999 1981)
4(1538 1998 1999 1539)
4(1980 1981 1999 1998)
4(1522 1540 2000 1982)
4(1539 1999 2000 1540)
4(1981 1982 2000 1999)
4(1523 1541 2001 1983)
4(1540 2000 2001 1541)
4(1982 1983 2001 2000)
4(1524 1542 2002 1984)
4(1541 2001 2002 1542)
4(1983 1984 2002 2001)
4(1542 2002 2003 1543)
4(1984 1985 2003 2002)
4(1527 1545 2005 1987)
4(1544 2004 2005 1545)
4(1986 1987 2005 2004)
4(1528 1546 2006 1988)
4(1545 2005 2006 1546)
4(1987 1988 2006 2005)
4(1529 1547 2007 1989)
4(1546 2006 2007 1547)
4(1988 1989 2007 2006)
4(1530 1548 2008 1990)
4(1547 2007 2008 1548)
4(1989 1990 2008 2007)
4(1531 1549 2009 1991)
4(1548 2008 2009 1549)
4(1990 1991 2009 2008)
4(1532 1550 2010 1992)
4(1549 2009 2010 1550)
4(1991 1992 2010 2009)
4(1533 1551 2011 1993)
4(1550 2010 2011 1551)
4(1992 1993 2011 2010)
4(1534 1552 2012 1994)
4(1551 2011 2012 1552)
4(1993 1994 2012 2011)
4(1535 1553 2013 1995)
4(1552 2012 2013 1553)
4(1994 1995 2013 2012)
4(1536 1554 2014 1996)
4(1553 2013 2014 1554)
4(1995 1996 2014 2013)
4(1537 1555 2015 1997)
4(1554 2014 2015 1555)
4(1996 1997 2015 2014)
4(1538 1556 2016 1998)
4(1555 2015 2016 1556)
4(1997 1998 2016 2015)
4(1539 1557 2017 1999)
4(1556 2016 2017 1557)
4(1998 1999 2017 2016)
4(1540 1558 2018 2000)
4(1557 2017 2018 1558)
4(1999 2000 2018 2017)
4(1541 1559 2019 2001)
4(1558 2018 2019 1559)
4(2000 2001 2019 2018)
4(1542 1560 2020 2002)
4(1559 2019 2020 1560)
4(2001 2002 2020 2019)
4(1560 2020 2021 1561)
4(2002 2003 2021 2020)
4(1545 1563 2023 2005)
4(1562 2022 2023 1563)
4(2004 2005 2023 2022)
4(1546 1564 2024 2006)
4(1563 2023 2024 1564)
4(2005 2006 2024 2023)
4(1547 1565 2025 2007)
4(1564 2024 2025 1565)
4(2006 2007 2025 2024)
4(1548 1566 2026 2008)
4(1565 2025 2026 1566)
4(2007 2008 2026 2025)
4(1549 1567 2027 2009)
4(1566 2026 2027 1567)
4(2008 2009 2027 2026)
4(1550 1568 2028 2010)
4(1567 2027 2028 1568)
4(2009 2010 2028 2027)
4(1551 1569 2029 2011)
4(1568 2028 2029 1569)
4(2010 2011 2029 2028)
4(1552 1570 2030 2012)
4(1569 2029 2030 1570)
4(2011 2012 2030 2029)
4(1553 1571 2031 2013)
4(1570 2030 2031 1571)
4(2012 2013 2031 2030)
4(1554 1572 2032 2014)
4(1571 2031 2032 1572)
4(2013 2014 2032 2031)
4(1555 1573 2033 2015)
4(1572 2032 2033 1573)
4(2014 2015 2033 2032)
4(1556 1574 2034 2016)
4(1573 2033 2034 1574)
4(2015 2016 2034 2033)
4(1557 1575 2035 2017)
4(1574 2034 2035 1575)
4(2016 2017 2035 2034)
4(1558 1576 2036 2018)
4(1575 2035 2036 1576)
4(2017 2018 2036 2035)
4(1559 1577 2037 2019)
4(1576 2036 2037 1577)
4(2018 2019 2037 2036)
4(1560 1578 2038 2020)
4(1577 2037 2038 1578)
4(2019 2020 2038 2037)
4(1578 2038 2039 1579)
4(2020 2021 2039 2038)
4(1563 1581 2041 2023)
4(2022 2023 2041 2040)
4(1564 1582 2042 2024)
4(1581 2041 2042 1582)
4(2023 2024 2042 2041)
4(1565 1583 2043 2025)
4(1582 2042 2043 1583)
4(2024 2025 2043 2042)
4(1566 1584 2044 2026)
4(1583 2043 2044 1584)
4(2025 2026 2044 2043)
4(1567 1585 2045 2027)
4(1584 2044 2045 1585)
4(2026 2027 2045 2044)
4(1568 1586 2046 2028)
4(1585 2045 2046 1586)
4(2027 2028 2046 2045)
4(1569 1587 2047 2029)
4(1586 2046 2047 1587)
4(2028 2029 2047 2046)
4(1570 1588 2048 2030)
4(1587 2047 2048 1588)
4(2029 2030 2048 2047)
4(1571 1589 2049 2031)
4(1588 2048 2049 1589)
4(2030 2031 2049 2048)
4(1572 1590 2050 2032)
4(1589 2049 2050 1590)
4(2031 2032 2050 2049)
4(1573 1591 2051 2033)
4(1590 2050 2051 1591)
4(2032 2033 2051 2050)
4(1574 1592 2052 2034)
4(1591 2051 2052 1592)
4(2033 2034 2052 2051)
4(1575 1593 2053 2035)
4(1592 2052 2053 1593)
4(2034 2035 2053 2052)
4(1576 1594 2054 2036)
4(1593 2053 2054 1594)
4(2035 2036 2054 2053)
4(1577 1595 2055 2037)
4(1594 2054 2055 1595)
4(2036 2037 2055 2054)
4(1578 1596 2056 2038)
4(1595 2055 2056 1596)
4(2037 2038 2056 2055)
4(1596 2056 2057 1597)
4(2038 2039 2057 2056)
4(1582 1599 2060 2042)
4(1598 2059 2060 1599)
4(2041 2042 2060 2059)
4(1583 1600 2061 2043)
4(1599 2060 2061 1600)
4(2042 2043 2061 2060)
4(1584 1601 2062 2044)
4(1600 2061 2062 1601)
4(2043 2044 2062 2061)
4(1585 1602 2063 2045)
4(1601 2062 2063 1602)
4(2044 2045 2063 2062)
4(1586 1603 2064 2046)
4(1602 2063 2064 1603)
4(2045 2046 2064 2063)
4(1587 1604 2065 2047)
4(1603 2064 2065 1604)
4(2046 2047 2065 2064)
4(1588 1605 2066 2048)
4(1604 2065 2066 1605)
4(2047 2048 2066 2065)
4(1589 1606 2067 2049)
4(1605 2066 2067 1606)
4(2048 2049 2067 2066)
4(1590 1607 2068 2050)
4(1606 2067 2068 1607)
4(2049 2050 2068 2067)
4(1591 1608 2069 2051)
4(1607 2068 2069 1608)
4(2050 2051 2069 2068)
4(1592 1609 2070 2052)
4(1608 2069 2070 1609)
4(2051 2052 2070 2069)
4(1593 1610 2071 2053)
4(1609 2070 2071 1610)
4(2052 2053 2071 2070)
4(1594 1611 2072 2054)
4(1610 2071 2072 1611)
4(2053 2054 2072 2071)
4(1595 1612 2073 2055)
4(1611 2072 2073 1612)
4(2054 2055 2073 2072)
4(1596 1613 2074 2056)
4(1612 2073 2074 1613)
4(2055 2056 2074 2073)
4(1613 2074 2075 1614)
4(2056 2057 2075 2074)
4(1599 1616 2077 2060)
4(1615 2076 2077 1616)
4(2059 2060 2077 2076)
4(1600 1617 2078 2061)
4(1616 2077 2078 1617)
4(2060 2061 2078 2077)
4(1601 1618 2079 2062)
4(1617 2078 2079 1618)
4(2061 2062 2079 2078)
4(1602 1619 2080 2063)
4(1618 2079 2080 1619)
4(2062 2063 2080 2079)
4(1603 1620 2081 2064)
4(1619 2080 2081 1620)
4(2063 2064 2081 2080)
4(1604 1621 2082 2065)
4(1620 2081 2082 1621)
4(2064 2065 2082 2081)
4(1605 1622 2083 2066)
4(1621 2082 2083 1622)
4(2065 2066 2083 2082)
4(1606 1623 2084 2067)
4(1622 2083 2084 1623)
4(2066 2067 2084 2083)
4(1607 1624 2085 2068)
4(1623 2084 2085 1624)
4(2067 2068 2085 2084)
4(1608 1625 2086 2069)
4(1624 2085 2086 1625)
4(2068 2069 2086 2085)
4(1609 1626 2087 2070)
4(1625 2086 2087 1626)
4(2069 2070 2087 2086)
4(1610 1627 2088 2071)
4(1626 2087 2088 1627)
4(2070 2071 2088 2087)
4(1611 1628 2089 2072)
4(1627 2088 2089 1628)
4(2071 2072 2089 2088)
4(1612 1629 2090 2073)
4(1628 2089 2090 1629)
4(2072 2073 2090 2089)
4(1613 1630 2091 2074)
4(1629 2090 2091 1630)
4(2073 2074 2091 2090)
4(1630 2091 2092 1631)
4(2074 2075 2092 2091)
4(1616 1633 2094 2077)
4(1632 2093 2094 1633)
4(2076 2077 2094 2093)
4(1617 1634 2095 2078)
4(1633 2094 2095 1634)
4(2077 2078 2095 2094)
4(1618 1635 2096 2079)
4(1634 2095 2096 1635)
4(2078 2079 2096 2095)
4(1619 1636 2097 2080)
4(1635 2096 2097 1636)
4(2079 2080 2097 2096)
4(1620 1637 2098 2081)
4(1636 2097 2098 1637)
4(2080 2081 2098 2097)
4(1621 1638 2099 2082)
4(1637 2098 2099 1638)
4(2081 2082 2099 2098)
4(1622 1639 2100 2083)
4(1638 2099 2100 1639)
4(2082 2083 2100 2099)
4(1623 1640 2101 2084)
4(1639 2100 2101 1640)
4(2083 2084 2101 2100)
4(1624 1641 2102 2085)
4(1640 2101 2102 1641)
4(2084 2085 2102 2101)
4(1625 1642 2103 2086)
4(1641 2102 2103 1642)
4(2085 2086 2103 2102)
4(1626 1643 2104 2087)
4(1642 2103 2104 1643)
4(2086 2087 2104 2103)
4(1627 1644 2105 2088)
4(1643 2104 2105 1644)
4(2087 2088 2105 2104)
4(1628 1645 2106 2089)
4(1644 2105 2106 1645)
4(2088 2089 2106 2105)
4(1629 1646 2107 2090)
4(1645 2106 2107 1646)
4(2089 2090 2107 2106)
4(1630 1647 2108 2091)
4(1646 2107 2108 1647)
4(2090 2091 2108 2107)
4(1647 2108 2109 1648)
4(2091 2092 2109 2108)
4(1633 1650 2111 2094)
4(1649 2110 2111 1650)
4(2093 2094 2111 2110)
4(1634 1651 2112 2095)
4(1650 2111 2112 1651)
4(2094 2095 2112 2111)
4(1635 1652 2113 2096)
4(1651 2112 2113 1652)
4(2095 2096 2113 2112)
4(1636 1653 2114 2097)
4(1652 2113 2114 1653)
4(2096 2097 2114 2113)
4(1637 1654 2115 2098)
4(1653 2114 2115 1654)
4(2097 2098 2115 2114)
4(1638 1655 2116 2099)
4(1654 2115 2116 1655)
4(2098 2099 2116 2115)
4(1639 1656 2117 2100)
4(1655 2116 2117 1656)
4(2099 2100 2117 2116)
4(1640 1657 2118 2101)
4(1656 2117 2118 1657)
4(2100 2101 2118 2117)
4(1641 1658 2119 2102)
4(1657 2118 2119 1658)
4(2101 2102 2119 2118)
4(1642 1659 2120 2103)
4(1658 2119 2120 1659)
4(2102 2103 2120 2119)
4(1643 1660 2121 2104)
4(1659 2120 2121 1660)
4(2103 2104 2121 2120)
4(1644 1661 2122 2105)
4(1660 2121 2122 1661)
4(2104 2105 2122 2121)
4(1645 1662 2123 2106)
4(1661 2122 2123 1662)
4(2105 2106 2123 2122)
4(1646 1663 2124 2107)
4(1662 2123 2124 1663)
4(2106 2107 2124 2123)
4(1647 1664 2125 2108)
4(1663 2124 2125 1664)
4(2107 2108 2125 2124)
4(1664 2125 2126 1665)
4(2108 2109 2126 2125)
4(1650 1667 2128 2111)
4(1666 2127 2128 1667)
4(2110 2111 2128 2127)
4(1651 1668 2129 2112)
4(1667 2128 2129 1668)
4(2111 2112 2129 2128)
4(1652 1669 2130 2113)
4(1668 2129 2130 1669)
4(2112 2113 2130 2129)
4(1653 1670 2131 2114)
4(1669 2130 2131 1670)
4(2113 2114 2131 2130)
4(1654 1671 2132 2115)
4(1670 2131 2132 1671)
4(2114 2115 2132 2131)
4(1655 1672 2133 2116)
4(1671 2132 2133 1672)
4(2115 2116 2133 2132)
4(1656 1673 2134 2117)
4(1672 2133 2134 1673)
4(2116 2117 2134 2133)
4(1657 1674 2135 2118)
4(1673 2134 2135 1674)
4(2117 2118 2135 2134)
4(1658 1675 2136 2119)
4(1674 2135 2136 1675)
4(2118 2119 2136 2135)
4(1659 1676 2137 2120)
4(1675 2136 2137 1676)
4(2119 2120 2137 2136)
4(1660 1677 2138 2121)
4(1676 2137 2138 1677)
4(2120 2121 2138 2137)
4(1661 1678 2139 2122)
4(1677 2138 2139 1678)
4(2121 2122 2139 2138)
4(1662 1679 2140 2123)
4(1678 2139 2140 1679)
4(2122 2123 2140 2139)
4(1663 1680 2141 2124)
4(1679 2140 2141 1680)
4(2123 2124 2141 2140)
4(1664 1681 2142 2125)
4(1680 2141 2142 1681)
4(2124 2125 2142 2141)
4(1681 2142 2143 1682)
4(2125 2126 2143 2142)
4(1667 1684 2145 2128)
4(1683 2144 2145 1684)
4(2127 2128 2145 2144)
4(1668 1685 2146 2129)
4(1684 2145 2146 1685)
4(2128 2129 2146 2145)
4(1669 1686 2147 2130)
4(1685 2146 2147 1686)
4(2129 2130 2147 2146)
4(1670 1687 2148 2131)
4(1686 2147 2148 1687)
4(2130 2131 2148 2147)
4(1671 1688 2149 2132)
4(1687 2148 2149 1688)
4(2131 2132 2149 2148)
4(1672 1689 2150 2133)
4(1688 2149 2150 1689)
4(2132 2133 2150 2149)
4(1673 1690 2151 2134)
4(1689 2150 2151 1690)
4(2133 2134 2151 2150)
4(1674 1691 2152 2135)
4(1690 2151 2152 1691)
4(2134 2135 2152 2151)
4(1675 1692 2153 2136)
4(1691 2152 2153 1692)
4(2135 2136 2153 2152)
4(1676 1693 2154 2137)
4(1692 2153 2154 1693)
4(2136 2137 2154 2153)
4(1677 1694 2155 2138)
4(1693 2154 2155 1694)
4(2137 2138 2155 2154)
4(1678 1695 2156 2139)
4(1694 2155 2156 1695)
4(2138 2139 2156 2155)
4(1679 1696 2157 2140)
4(1695 2156 2157 1696)
4(2139 2140 2157 2156)
4(1680 1697 2158 2141)
4(1696 2157 2158 1697)
4(2140 2141 2158 2157)
4(1681 1698 2159 2142)
4(1697 2158 2159 1698)
4(2141 2142 2159 2158)
4(1698 2159 2160 1699)
4(2142 2143 2160 2159)
4(1684 1701 2162 2145)
4(1700 2161 2162 1701)
4(2144 2145 2162 2161)
4(1685 1702 2163 2146)
4(1701 2162 2163 1702)
4(2145 2146 2163 2162)
4(1686 1703 2164 2147)
4(1702 2163 2164 1703)
4(2146 2147 2164 2163)
4(1687 1704 2165 2148)
4(1703 2164 2165 1704)
4(2147 2148 2165 2164)
4(1688 1705 2166 2149)
4(1704 2165 2166 1705)
4(2148 2149 2166 2165)
4(1689 1706 2167 2150)
4(1705 2166 2167 1706)
4(2149 2150 2167 2166)
4(1690 1707 2168 2151)
4(1706 2167 2168 1707)
4(2150 2151 2168 2167)
4(1691 1708 2169 2152)
4(1707 2168 2169 1708)
4(2151 2152 2169 2168)
4(1692 1709 2170 2153)
4(1708 2169 2170 1709)
4(2152 2153 2170 2169)
4(1693 1710 2171 2154)
4(1709 2170 2171 1710)
4(2153 2154 2171 2170)
4(1694 1711 2172 2155)
4(1710 2171 2172 1711)
4(2154 2155 2172 2171)
4(1695 1712 2173 2156)
4(1711 2172 2173 1712)
4(2155 2156 2173 2172)
4(1696 1713 2174 2157)
4(1712 2173 2174 1713)
4(2156 2157 2174 2173)
4(1697 1714 2175 2158)
4(1713 2174 2175 1714)
4(2157 2158 2175 2174)
4(1698 1715 2176 2159)
4(1714 2175 2176 1715)
4(2158 2159 2176 2175)
4(1715 2176 2177 1716)
4(2159 2160 2177 2176)
4(1701 1718 2179 2162)
4(1717 2178 2179 1718)
4(2161 2162 2179 2178)
4(1702 1719 2180 2163)
4(1718 2179 2180 1719)
4(2162 2163 2180 2179)
4(1703 1720 2181 2164)
4(1719 2180 2181 1720)
4(2163 2164 2181 2180)
4(1704 1721 2182 2165)
4(1720 2181 2182 1721)
4(2164 2165 2182 2181)
4(1705 1722 2183 2166)
4(1721 2182 2183 1722)
4(2165 2166 2183 2182)
4(1706 1723 2184 2167)
4(1722 2183 2184 1723)
4(2166 2167 2184 2183)
4(1707 1724 2185 2168)
4(1723 2184 2185 1724)
4(2167 2168 2185 2184)
4(1708 1725 2186 2169)
4(1724 2185 2186 1725)
4(2168 2169 2186 2185)
4(1709 1726 2187 2170)
4(1725 2186 2187 1726)
4(2169 2170 2187 2186)
4(1710 1727 2188 2171)
4(1726 2187 2188 1727)
4(2170 2171 2188 2187)
4(1711 1728 2189 2172)
4(1727 2188 2189 1728)
4(2171 2172 2189 2188)
4(1712 1729 2190 2173)
4(1728 2189 2190 1729)
4(2172 2173 2190 2189)
4(1713 1730 2191 2174)
4(1729 2190 2191 1730)
4(2173 2174 2191 2190)
4(1714 1731 2192 2175)
4(1730 2191 2192 1731)
4(2174 2175 2192 2191)
4(1715 1732 2193 2176)
4(1731 2192 2193 1732)
4(2175 2176 2193 2192)
4(1732 2193 2194 1733)
4(2176 2177 2194 2193)
4(1718 1735 2196 2179)
4(1734 2195 2196 1735)
4(2178 2179 2196 2195)
4(1719 1736 2197 2180)
4(1735 2196 2197 1736)
4(2179 2180 2197 2196)
4(1720 1737 2198 2181)
4(1736 2197 2198 1737)
4(2180 2181 2198 2197)
4(1721 1738 2199 2182)
4(1737 2198 2199 1738)
4(2181 2182 2199 2198)
4(1722 1739 2200 2183)
4(1738 2199 2200 1739)
4(2182 2183 2200 2199)
4(1723 1740 2201 2184)
4(1739 2200 2201 1740)
4(2183 2184 2201 2200)
4(1724 1741 2202 2185)
4(1740 2201 2202 1741)
4(2184 2185 2202 2201)
4(1725 1742 2203 2186)
4(1741 2202 2203 1742)
4(2185 2186 2203 2202)
4(1726 1743 2204 2187)
4(1742 2203 2204 1743)
4(2186 2187 2204 2203)
4(1727 1744 2205 2188)
4(1743 2204 2205 1744)
4(2187 2188 2205 2204)
4(1728 1745 2206 2189)
4(1744 2205 2206 1745)
4(2188 2189 2206 2205)
4(1729 1746 2207 2190)
4(1745 2206 2207 1746)
4(2189 2190 2207 2206)
4(1730 1747 2208 2191)
4(1746 2207 2208 1747)
4(2190 2191 2208 2207)
4(1731 1748 2209 2192)
4(1747 2208 2209 1748)
4(2191 2192 2209 2208)
4(1732 1749 2210 2193)
4(1748 2209 2210 1749)
4(2192 2193 2210 2209)
4(1749 2210 2211 1750)
4(2193 2194 2211 2210)
4(1735 1752 2213 2196)
4(1751 2212 2213 1752)
4(2195 2196 2213 2212)
4(1736 1753 2214 2197)
4(1752 2213 2214 1753)
4(2196 2197 2214 2213)
4(1737 1754 2215 2198)
4(1753 2214 2215 1754)
4(2197 2198 2215 2214)
4(1738 1755 2216 2199)
4(1754 2215 2216 1755)
4(2198 2199 2216 2215)
4(1739 1756 2217 2200)
4(1755 2216 2217 1756)
4(2199 2200 2217 2216)
4(1740 1757 2218 2201)
4(1756 2217 2218 1757)
4(2200 2201 2218 2217)
4(1741 1758 2219 2202)
4(1757 2218 2219 1758)
4(2201 2202 2219 2218)
4(1742 1759 2220 2203)
4(1758 2219 2220 1759)
4(2202 2203 2220 2219)
4(1743 1760 2221 2204)
4(1759 2220 2221 1760)
4(2203 2204 2221 2220)
4(1744 1761 2222 2205)
4(1760 2221 2222 1761)
4(2204 2205 2222 2221)
4(1745 1762 2223 2206)
4(1761 2222 2223 1762)
4(2205 2206 2223 2222)
4(1746 1763 2224 2207)
4(1762 2223 2224 1763)
4(2206 2207 2224 2223)
4(1747 1764 2225 2208)
4(1763 2224 2225 1764)
4(2207 2208 2225 2224)
4(1748 1765 2226 2209)
4(1764 2225 2226 1765)
4(2208 2209 2226 2225)
4(1749 1766 2227 2210)
4(1765 2226 2227 1766)
4(2209 2210 2227 2226)
4(1766 2227 2228 1767)
4(2210 2211 2228 2227)
4(1752 1769 2230 2213)
4(1768 2229 2230 1769)
4(2212 2213 2230 2229)
4(1753 1770 2231 2214)
4(1769 2230 2231 1770)
4(2213 2214 2231 2230)
4(1754 1771 2232 2215)
4(1770 2231 2232 1771)
4(2214 2215 2232 2231)
4(1755 1772 2233 2216)
4(1771 2232 2233 1772)
4(2215 2216 2233 2232)
4(1756 1773 2234 2217)
4(1772 2233 2234 1773)
4(2216 2217 2234 2233)
4(1757 1774 2235 2218)
4(1773 2234 2235 1774)
4(2217 2218 2235 2234)
4(1758 1775 2236 2219)
4(1774 2235 2236 1775)
4(2218 2219 2236 2235)
4(1759 1776 2237 2220)
4(1775 2236 2237 1776)
4(2219 2220 2237 2236)
4(1760 1777 2238 2221)
4(1776 2237 2238 1777)
4(2220 2221 2238 2237)
4(1761 1778 2239 2222)
4(1777 2238 2239 1778)
4(2221 2222 2239 2238)
4(1762 1779 2240 2223)
4(1778 2239 2240 1779)
4(2222 2223 2240 2239)
4(1763 1780 2241 2224)
4(1779 2240 2241 1780)
4(2223 2224 2241 2240)
4(1764 1781 2242 2225)
4(1780 2241 2242 1781)
4(2224 2225 2242 2241)
4(1765 1782 2243 2226)
4(1781 2242 2243 1782)
4(2225 2226 2243 2242)
4(1766 1783 2244 2227)
4(1782 2243 2244 1783)
4(2226 2227 2244 2243)
4(1783 2244 2245 1784)
4(2227 2228 2245 2244)
4(1769 1786 2247 2230)
4(1785 2246 2247 1786)
4(2229 2230 2247 2246)
4(1770 1787 2248 2231)
4(1786 2247 2248 1787)
4(2230 2231 2248 2247)
4(1771 1788 2249 2232)
4(1787 2248 2249 1788)
4(2231 2232 2249 2248)
4(1772 1789 2250 2233)
4(1788 2249 2250 1789)
4(2232 2233 2250 2249)
4(1773 1790 2251 2234)
4(1789 2250 2251 1790)
4(2233 2234 2251 2250)
4(1774 1791 2252 2235)
4(1790 2251 2252 1791)
4(2234 2235 2252 2251)
4(1775 1792 2253 2236)
4(1791 2252 2253 1792)
4(2235 2236 2253 2252)
4(1776 1793 2254 2237)
4(1792 2253 2254 1793)
4(2236 2237 2254 2253)
4(1777 1794 2255 2238)
4(1793 2254 2255 1794)
4(2237 2238 2255 2254)
4(1778 1795 2256 2239)
4(1794 2255 2256 1795)
4(2238 2239 2256 2255)
4(1779 1796 2257 2240)
4(1795 2256 2257 1796)
4(2239 2240 2257 2256)
4(1780 1797 2258 2241)
4(1796 2257 2258 1797)
4(2240 2241 2258 2257)
4(1781 1798 2259 2242)
4(1797 2258 2259 1798)
4(2241 2242 2259 2258)
4(1782 1799 2260 2243)
4(1798 2259 2260 1799)
4(2242 2243 2260 2259)
4(1783 1800 2261 2244)
4(1799 2260 2261 1800)
4(2243 2244 2261 2260)
4(1800 2261 2262 1801)
4(2244 2245 2262 2261)
4(1786 1803 2264 2247)
4(1802 2263 2264 1803)
4(2246 2247 2264 2263)
4(1787 1804 2265 2248)
4(1803 2264 2265 1804)
4(2247 2248 2265 2264)
4(1788 1805 2266 2249)
4(1804 2265 2266 1805)
4(2248 2249 2266 2265)
4(1789 1806 2267 2250)
4(1805 2266 2267 1806)
4(2249 2250 2267 2266)
4(1790 1807 2268 2251)
4(1806 2267 2268 1807)
4(2250 2251 2268 2267)
4(1791 1808 2269 2252)
4(1807 2268 2269 1808)
4(2251 2252 2269 2268)
4(1792 1809 2270 2253)
4(1808 2269 2270 1809)
4(2252 2253 2270 2269)
4(1793 1810 2271 2254)
4(1809 2270 2271 1810)
4(2253 2254 2271 2270)
4(1794 1811 2272 2255)
4(1810 2271 2272 1811)
4(2254 2255 2272 2271)
4(1795 1812 2273 2256)
4(1811 2272 2273 1812)
4(2255 2256 2273 2272)
4(1796 1813 2274 2257)
4(1812 2273 2274 1813)
4(2256 2257 2274 2273)
4(1797 1814 2275 2258)
4(1813 2274 2275 1814)
4(2257 2258 2275 2274)
4(1798 1815 2276 2259)
4(1814 2275 2276 1815)
4(2258 2259 2276 2275)
4(1799 1816 2277 2260)
4(1815 2276 2277 1816)
4(2259 2260 2277 2276)
4(1800 1817 2278 2261)
4(1816 2277 2278 1817)
4(2260 2261 2278 2277)
4(1817 2278 2279 1818)
4(2261 2262 2279 2278)
4(1803 1820 2281 2264)
4(1819 2280 2281 1820)
4(2263 2264 2281 2280)
4(1804 1821 2282 2265)
4(1820 2281 2282 1821)
4(2264 2265 2282 2281)
4(1805 1822 2283 2266)
4(1821 2282 2283 1822)
4(2265 2266 2283 2282)
4(1806 1823 2284 2267)
4(1822 2283 2284 1823)
4(2266 2267 2284 2283)
4(1807 1824 2285 2268)
4(1823 2284 2285 1824)
4(2267 2268 2285 2284)
4(1808 1825 2286 2269)
4(1824 2285 2286 1825)
4(2268 2269 2286 2285)
4(1809 1826 2287 2270)
4(1825 2286 2287 1826)
4(2269 2270 2287 2286)
4(1810 1827 2288 2271)
4(1826 2287 2288 1827)
4(2270 2271 2288 2287)
4(1811 1828 2289 2272)
4(1827 2288 2289 1828)
4(2271 2272 2289 2288)
4(1812 1829 2290 2273)
4(1828 2289 2290 1829)
4(2272 2273 2290 2289)
4(1813 1830 2291 2274)
4(1829 2290 2291 1830)
4(2273 2274 2291 2290)
4(1814 1831 2292 2275)
4(1830 2291 2292 1831)
4(2274 2275 2292 2291)
4(1815 1832 2293 2276)
4(1831 2292 2293 1832)
4(2275 2276 2293 2292)
4(1816 1833 2294 2277)
4(1832 2293 2294 1833)
4(2276 2277 2294 2293)
4(1817 1834 2295 2278)
4(1833 2294 2295 1834)
4(2277 2278 2295 2294)
4(1834 2295 2296 1835)
4(2278 2279 2296 2295)
4(1820 1837 2298 2281)
4(2280 2281 2298 2297)
4(1821 1838 2299 2282)
4(2281 2282 2299 2298)
4(1822 1839 2300 2283)
4(2282 2283 2300 2299)
4(1823 1840 2301 2284)
4(2283 2284 2301 2300)
4(1824 1841 2302 2285)
4(2284 2285 2302 2301)
4(1825 1842 2303 2286)
4(2285 2286 2303 2302)
4(1826 1843 2304 2287)
4(2286 2287 2304 2303)
4(1827 1844 2305 2288)
4(2287 2288 2305 2304)
4(1828 1845 2306 2289)
4(2288 2289 2306 2305)
4(1829 1846 2307 2290)
4(2289 2290 2307 2306)
4(1830 1847 2308 2291)
4(2290 2291 2308 2307)
4(1831 1848 2309 2292)
4(2291 2292 2309 2308)
4(1832 1849 2310 2293)
4(2292 2293 2310 2309)
4(1833 1850 2311 2294)
4(2293 2294 2311 2310)
4(1834 1851 2312 2295)
4(2294 2295 2312 2311)
4(2295 2296 2313 2312)
4(1857 1875 2333 2315)
4(1874 2332 2333 1875)
4(1858 1876 2334 2316)
4(1875 2333 2334 1876)
4(1876 2334 2335 1877)
4(1861 1879 2337 2319)
4(1878 2336 2337 1879)
4(1862 1880 2338 2320)
4(1879 2337 2338 1880)
4(1863 1881 2339 2321)
4(1880 2338 2339 1881)
4(1864 1882 2340 2322)
4(1881 2339 2340 1882)
4(1865 1883 2341 2323)
4(1882 2340 2341 1883)
4(1866 1884 2342 2324)
4(1883 2341 2342 1884)
4(1867 1885 2343 2325)
4(1884 2342 2343 1885)
4(1868 1886 2344 2326)
4(1885 2343 2344 1886)
4(1869 1887 2345 2327)
4(1886 2344 2345 1887)
4(1870 1888 2346 2328)
4(1887 2345 2346 1888)
4(1871 1889 2347 2329)
4(1888 2346 2347 1889)
4(1872 1890 2348 2330)
4(1889 2347 2348 1890)
4(1873 1891 2349 2331)
4(1890 2348 2349 1891)
4(1874 1892 2350 2332)
4(1891 2349 2350 1892)
4(1875 1893 2351 2333)
4(1892 2350 2351 1893)
4(1876 1894 2352 2334)
4(1893 2351 2352 1894)
4(1894 2352 2353 1895)
4(1879 1897 2355 2337)
4(1896 2354 2355 1897)
4(1880 1898 2356 2338)
4(1897 2355 2356 1898)
4(1881 1899 2357 2339)
4(1898 2356 2357 1899)
4(1882 1900 2358 2340)
4(1899 2357 2358 1900)
4(1883 1901 2359 2341)
4(1900 2358 2359 1901)
4(1884 1902 2360 2342)
4(1901 2359 2360 1902)
4(1885 1903 2361 2343)
4(1902 2360 2361 1903)
4(1886 1904 2362 2344)
4(1903 2361 2362 1904)
4(1887 1905 2363 2345)
4(1904 2362 2363 1905)
4(1888 1906 2364 2346)
4(1905 2363 2364 1906)
4(1889 1907 2365 2347)
4(1906 2364 2365 1907)
4(1890 1908 2366 2348)
4(1907 2365 2366 1908)
4(1891 1909 2367 2349)
4(1908 2366 2367 1909)
4(1892 1910 2368 2350)
4(1909 2367 2368 1910)
4(1893 1911 2369 2351)
4(1910 2368 2369 1911)
4(1894 1912 2370 2352)
4(1911 2369 2370 1912)
4(1912 2370 2371 1913)
4(1897 1915 2373 2355)
4(1914 2372 2373 1915)
4(1898 1916 2374 2356)
4(1915 2373 2374 1916)
4(1899 1917 2375 2357)
4(1916 2374 2375 1917)
4(1900 1918 2376 2358)
4(1917 2375 2376 1918)
4(1901 1919 2377 2359)
4(1918 2376 2377 1919)
4(1902 1920 2378 2360)
4(1919 2377 2378 1920)
4(1903 1921 2379 2361)
4(1920 2378 2379 1921)
4(1904 1922 2380 2362)
4(1921 2379 2380 1922)
4(1905 1923 2381 2363)
4(1922 2380 2381 1923)
4(1906 1924 2382 2364)
4(1923 2381 2382 1924)
4(1907 1925 2383 2365)
4(1924 2382 2383 1925)
4(1908 1926 2384 2366)
4(1925 2383 2384 1926)
4(1909 1927 2385 2367)
4(1926 2384 2385 1927)
4(1910 1928 2386 2368)
4(1927 2385 2386 1928)
4(1911 1929 2387 2369)
4(1928 2386 2387 1929)
4(1912 1930 2388 2370)
4(1929 2387 2388 1930)
4(1930 2388 2389 1931)
4(1915 1933 2391 2373)
4(1932 2390 2391 1933)
4(1916 1934 2392 2374)
4(1933 2391 2392 1934)
4(1917 1935 2393 2375)
4(1934 2392 2393 1935)
4(1918 1936 2394 2376)
4(1935 2393 2394 1936)
4(1919 1937 2395 2377)
4(1936 2394 2395 1937)
4(1920 1938 2396 2378)
4(1937 2395 2396 1938)
4(1921 1939 2397 2379)
4(1938 2396 2397 1939)
4(1922 1940 2398 2380)
4(1939 2397 2398 1940)
4(1923 1941 2399 2381)
4(1940 2398 2399 1941)
4(1924 1942 2400 2382)
4(1941 2399 2400 1942)
4(1925 1943 2401 2383)
4(1942 2400 2401 1943)
4(1926 1944 2402 2384)
4(1943 2401 2402 1944)
4(1927 1945 2403 2385)
4(1944 2402 2403 1945)
4(1928 1946 2404 2386)
4(1945 2403 2404 1946)
4(1929 1947 2405 2387)
4(1946 2404 2405 1947)
4(1930 1948 2406 2388)
4(1947 2405 2406 1948)
4(1948 2406 2407 1949)
4(1933 1951 2409 2391)
4(1950 2408 2409 1951)
4(1934 1952 2410 2392)
4(1951 2409 2410 1952)
4(1935 1953 2411 2393)
4(1952 2410 2411 1953)
4(1936 1954 2412 2394)
4(1953 2411 2412 1954)
4(1937 1955 2413 2395)
4(1954 2412 2413 1955)
4(1938 1956 2414 2396)
4(1955 2413 2414 1956)
4(1939 1957 2415 2397)
4(1956 2414 2415 1957)
4(1940 1958 2416 2398)
4(1957 2415 2416 1958)
4(1941 1959 2417 2399)
4(1958 2416 2417 1959)
4(1942 1960 2418 2400)
4(1959 2417 2418 1960)
4(1943 1961 2419 2401)
4(1960 2418 2419 1961)
4(1944 1962 2420 2402)
4(1961 2419 2420 1962)
4(1945 1963 2421 2403)
4(1962 2420 2421 1963)
4(1946 1964 2422 2404)
4(1963 2421 2422 1964)
4(1947 1965 2423 2405)
4(1964 2422 2423 1965)
4(1948 1966 2424 2406)
4(1965 2423 2424 1966)
4(1966 2424 2425 1967)
4(1951 1969 2427 2409)
4(1968 2426 2427 1969)
4(1952 1970 2428 2410)
4(1969 2427 2428 1970)
4(1953 1971 2429 2411)
4(1970 2428 2429 1971)
4(1954 1972 2430 2412)
4(1971 2429 2430 1972)
4(1955 1973 2431 2413)
4(1972 2430 2431 1973)
4(1956 1974 2432 2414)
4(1973 2431 2432 1974)
4(1957 1975 2433 2415)
4(1974 2432 2433 1975)
4(1958 1976 2434 2416)
4(1975 2433 2434 1976)
4(1959 1977 2435 2417)
4(1976 2434 2435 1977)
4(1960 1978 2436 2418)
4(1977 2435 2436 1978)
4(1961 1979 2437 2419)
4(1978 2436 2437 1979)
4(1962 1980 2438 2420)
4(1979 2437 2438 1980)
4(1963 1981 2439 2421)
4(1980 2438 2439 1981)
4(1964 1982 2440 2422)
4(1981 2439 2440 1982)
4(1965 1983 2441 2423)
4(1982 2440 2441 1983)
4(1966 1984 2442 2424)
4(1983 2441 2442 1984)
4(1984 2442 2443 1985)
4(1969 1987 2445 2427)
4(1986 2444 2445 1987)
4(1970 1988 2446 2428)
4(1987 2445 2446 1988)
4(1971 1989 2447 2429)
4(1988 2446 2447 1989)
4(1972 1990 2448 2430)
4(1989 2447 2448 1990)
4(1973 1991 2449 2431)
4(1990 2448 2449 1991)
4(1974 1992 2450 2432)
4(1991 2449 2450 1992)
4(1975 1993 2451 2433)
4(1992 2450 2451 1993)
4(1976 1994 2452 2434)
4(1993 2451 2452 1994)
4(1977 1995 2453 2435)
4(1994 2452 2453 1995)
4(1978 1996 2454 2436)
4(1995 2453 2454 1996)
4(1979 1997 2455 2437)
4(1996 2454 2455 1997)
4(1980 1998 2456 2438)
4(1997 2455 2456 1998)
4(1981 1999 2457 2439)
4(1998 2456 2457 1999)
4(1982 2000 2458 2440)
4(1999 2457 2458 2000)
4(1983 2001 2459 2441)
4(2000 2458 2459 2001)
4(1984 2002 2460 2442)
4(2001 2459 2460 2002)
4(2002 2460 2461 2003)
4(1987 2005 2463 2445)
4(2004 2462 2463 2005)
4(1988 2006 2464 2446)
4(2005 2463 2464 2006)
4(1989 2007 2465 2447)
4(2006 2464 2465 2007)
4(1990 2008 2466 2448)
4(2007 2465 2466 2008)
4(1991 2009 2467 2449)
4(2008 2466 2467 2009)
4(1992 2010 2468 2450)
4(2009 2467 2468 2010)
4(1993 2011 2469 2451)
4(2010 2468 2469 2011)
4(1994 2012 2470 2452)
4(2011 2469 2470 2012)
4(1995 2013 2471 2453)
4(2012 2470 2471 2013)
4(1996 2014 2472 2454)
4(2013 2471 2472 2014)
4(1997 2015 2473 2455)
4(2014 2472 2473 2015)
4(1998 2016 2474 2456)
4(2015 2473 2474 2016)
4(1999 2017 2475 2457)
4(2016 2474 2475 2017)
4(2000 2018 2476 2458)
4(2017 2475 2476 2018)
4(2001 2019 2477 2459)
4(2018 2476 2477 2019)
4(2002 2020 2478 2460)
4(2019 2477 2478 2020)
4(2020 2478 2479 2021)
4(2005 2023 2481 2463)
4(2022 2480 2481 2023)
4(2006 2024 2482 2464)
4(2023 2481 2482 2024)
4(2007 2025 2483 2465)
4(2024 2482 2483 2025)
4(2008 2026 2484 2466)
4(2025 2483 2484 2026)
4(2009 2027 2485 2467)
4(2026 2484 2485 2027)
4(2010 2028 2486 2468)
4(2027 2485 2486 2028)
4(2011 2029 2487 2469)
4(2028 2486 2487 2029)
4(2012 2030 2488 2470)
4(2029 2487 2488 2030)
4(2013 2031 2489 2471)
4(2030 2488 2489 2031)
4(2014 2032 2490 2472)
4(2031 2489 2490 2032)
4(2015 2033 2491 2473)
4(2032 2490 2491 2033)
4(2016 2034 2492 2474)
4(2033 2491 2492 2034)
4(2017 2035 2493 2475)
4(2034 2492 2493 2035)
4(2018 2036 2494 2476)
4(2035 2493 2494 2036)
4(2019 2037 2495 2477)
4(2036 2494 2495 2037)
4(2020 2038 2496 2478)
4(2037 2495 2496 2038)
4(2038 2496 2497 2039)
4(2023 2041 2499 2481)
4(2040 2498 2499 2041)
4(2024 2042 2500 2482)
4(2041 2499 2500 2042)
4(2025 2043 2501 2483)
4(2042 2500 2501 2043)
4(2026 2044 2502 2484)
4(2043 2501 2502 2044)
4(2027 2045 2503 2485)
4(2044 2502 2503 2045)
4(2028 2046 2504 2486)
4(2045 2503 2504 2046)
4(2029 2047 2505 2487)
4(2046 2504 2505 2047)
4(2030 2048 2506 2488)
4(2047 2505 2506 2048)
4(2031 2049 2507 2489)
4(2048 2506 2507 2049)
4(2032 2050 2508 2490)
4(2049 2507 2508 2050)
4(2033 2051 2509 2491)
4(2050 2508 2509 2051)
4(2034 2052 2510 2492)
4(2051 2509 2510 2052)
4(2035 2053 2511 2493)
4(2052 2510 2511 2053)
4(2036 2054 2512 2494)
4(2053 2511 2512 2054)
4(2037 2055 2513 2495)
4(2054 2512 2513 2055)
4(2038 2056 2514 2496)
4(2055 2513 2514 2056)
4(2056 2514 2515 2057)
4(2041 2059 2517 2499)
4(2042 2060 2518 2500)
4(2059 2517 2518 2060)
4(2043 2061 2519 2501)
4(2060 2518 2519 2061)
4(2044 2062 2520 2502)
4(2061 2519 2520 2062)
4(2045 2063 2521 2503)
4(2062 2520 2521 2063)
4(2046 2064 2522 2504)
4(2063 2521 2522 2064)
4(2047 2065 2523 2505)
4(2064 2522 2523 2065)
4(2048 2066 2524 2506)
4(2065 2523 2524 2066)
4(2049 2067 2525 2507)
4(2066 2524 2525 2067)
4(2050 2068 2526 2508)
4(2067 2525 2526 2068)
4(2051 2069 2527 2509)
4(2068 2526 2527 2069)
4(2052 2070 2528 2510)
4(2069 2527 2528 2070)
4(2053 2071 2529 2511)
4(2070 2528 2529 2071)
4(2054 2072 2530 2512)
4(2071 2529 2530 2072)
4(2055 2073 2531 2513)
4(2072 2530 2531 2073)
4(2056 2074 2532 2514)
4(2073 2531 2532 2074)
4(2074 2532 2533 2075)
4(2060 2077 2535 2518)
4(2076 2534 2535 2077)
4(2061 2078 2536 2519)
4(2077 2535 2536 2078)
4(2062 2079 2537 2520)
4(2078 2536 2537 2079)
4(2063 2080 2538 2521)
4(2079 2537 2538 2080)
4(2064 2081 2539 2522)
4(2080 2538 2539 2081)
4(2065 2082 2540 2523)
4(2081 2539 2540 2082)
4(2066 2083 2541 2524)
4(2082 2540 2541 2083)
4(2067 2084 2542 2525)
4(2083 2541 2542 2084)
4(2068 2085 2543 2526)
4(2084 2542 2543 2085)
4(2069 2086 2544 2527)
4(2085 2543 2544 2086)
4(2070 2087 2545 2528)
4(2086 2544 2545 2087)
4(2071 2088 2546 2529)
4(2087 2545 2546 2088)
4(2072 2089 2547 2530)
4(2088 2546 2547 2089)
4(2073 2090 2548 2531)
4(2089 2547 2548 2090)
4(2074 2091 2549 2532)
4(2090 2548 2549 2091)
4(2091 2549 2550 2092)
4(2077 2094 2552 2535)
4(2093 2551 2552 2094)
4(2078 2095 2553 2536)
4(2094 2552 2553 2095)
4(2079 2096 2554 2537)
4(2095 2553 2554 2096)
4(2080 2097 2555 2538)
4(2096 2554 2555 2097)
4(2081 2098 2556 2539)
4(2097 2555 2556 2098)
4(2082 2099 2557 2540)
4(2098 2556 2557 2099)
4(2083 2100 2558 2541)
4(2099 2557 2558 2100)
4(2084 2101 2559 2542)
4(2100 2558 2559 2101)
4(2085 2102 2560 2543)
4(2101 2559 2560 2102)
4(2086 2103 2561 2544)
4(2102 2560 2561 2103)
4(2087 2104 2562 2545)
4(2103 2561 2562 2104)
4(2088 2105 2563 2546)
4(2104 2562 2563 2105)
4(2089 2106 2564 2547)
4(2105 2563 2564 2106)
4(2090 2107 2565 2548)
4(2106 2564 2565 2107)
4(2091 2108 2566 2549)
4(2107 2565 2566 2108)
4(2108 2566 2567 2109)
4(2094 2111 2569 2552)
4(2110 2568 2569 2111)
4(2095 2112 2570 2553)
4(2111 2569 2570 2112)
4(2096 2113 2571 2554)
4(2112 2570 2571 2113)
4(2097 2114 2572 2555)
4(2113 2571 2572 2114)
4(2098 2115 2573 2556)
4(2114 2572 2573 2115)
4(2099 2116 2574 2557)
4(2115 2573 2574 2116)
4(2100 2117 2575 2558)
4(2116 2574 2575 2117)
4(2101 2118 2576 2559)
4(2117 2575 2576 2118)
4(2102 2119 2577 2560)
4(2118 2576 2577 2119)
4(2103 2120 2578 2561)
4(2119 2577 2578 2120)
4(2104 2121 2579 2562)
4(2120 2578 2579 2121)
4(2105 2122 2580 2563)
4(2121 2579 2580 2122)
4(2106 2123 2581 2564)
4(2122 2580 2581 2123)
4(2107 2124 2582 2565)
4(2123 2581 2582 2124)
4(2108 2125 2583 2566)
4(2124 2582 2583 2125)
4(2125 2583 2584 2126)
4(2111 2128 2586 2569)
4(2127 2585 2586 2128)
4(2112 2129 2587 2570)
4(2128 2586 2587 2129)
4(2113 2130 2588 2571)
4(2129 2587 2588 2130)
4(2114 2131 2589 2572)
4(2130 2588 2589 2131)
4(2115 2132 2590 2573)
4(2131 2589 2590 2132)
4(2116 2133 2591 2574)
4(2132 2590 2591 2133)
4(2117 2134 2592 2575)
4(2133 2591 2592 2134)
4(2118 2135 2593 2576)
4(2134 2592 2593 2135)
4(2119 2136 2594 2577)
4(2135 2593 2594 2136)
4(2120 2137 2595 2578)
4(2136 2594 2595 2137)
4(2121 2138 2596 2579)
4(2137 2595 2596 2138)
4(2122 2139 2597 2580)
4(2138 2596 2597 2139)
4(2123 2140 2598 2581)
4(2139 2597 2598 2140)
4(2124 2141 2599 2582)
4(2140 2598 2599 2141)
4(2125 2142 2600 2583)
4(2141 2599 2600 2142)
4(2142 2600 2601 2143)
4(2128 2145 2603 2586)
4(2144 2602 2603 2145)
4(2129 2146 2604 2587)
4(2145 2603 2604 2146)
4(2130 2147 2605 2588)
4(2146 2604 2605 2147)
4(2131 2148 2606 2589)
4(2147 2605 2606 2148)
4(2132 2149 2607 2590)
4(2148 2606 2607 2149)
4(2133 2150 2608 2591)
4(2149 2607 2608 2150)
4(2134 2151 2609 2592)
4(2150 2608 2609 2151)
4(2135 2152 2610 2593)
4(2151 2609 2610 2152)
4(2136 2153 2611 2594)
4(2152 2610 2611 2153)
4(2137 2154 2612 2595)
4(2153 2611 2612 2154)
4(2138 2155 2613 2596)
4(2154 2612 2613 2155)
4(2139 2156 2614 2597)
4(2155 2613 2614 2156)
4(2140 2157 2615 2598)
4(2156 2614 2615 2157)
4(2141 2158 2616 2599)
4(2157 2615 2616 2158)
4(2142 2159 2617 2600)
4(2158 2616 2617 2159)
4(2159 2617 2618 2160)
4(2145 2162 2620 2603)
4(2161 2619 2620 2162)
4(2146 2163 2621 2604)
4(2162 2620 2621 2163)
4(2147 2164 2622 2605)
4(2163 2621 2622 2164)
4(2148 2165 2623 2606)
4(2164 2622 2623 2165)
4(2149 2166 2624 2607)
4(2165 2623 2624 2166)
4(2150 2167 2625 2608)
4(2166 2624 2625 2167)
4(2151 2168 2626 2609)
4(2167 2625 2626 2168)
4(2152 2169 2627 2610)
4(2168 2626 2627 2169)
4(2153 2170 2628 2611)
4(2169 2627 2628 2170)
4(2154 2171 2629 2612)
4(2170 2628 2629 2171)
4(2155 2172 2630 2613)
4(2171 2629 2630 2172)
4(2156 2173 2631 2614)
4(2172 2630 2631 2173)
4(2157 2174 2632 2615)
4(2173 2631 2632 2174)
4(2158 2175 2633 2616)
4(2174 2632 2633 2175)
4(2159 2176 2634 2617)
4(2175 2633 2634 2176)
4(2176 2634 2635 2177)
4(2162 2179 2637 2620)
4(2178 2636 2637 2179)
4(2163 2180 2638 2621)
4(2179 2637 2638 2180)
4(2164 2181 2639 2622)
4(2180 2638 2639 2181)
4(2165 2182 2640 2623)
4(2181 2639 2640 2182)
4(2166 2183 2641 2624)
4(2182 2640 2641 2183)
4(2167 2184 2642 2625)
4(2183 2641 2642 2184)
4(2168 2185 2643 2626)
4(2184 2642 2643 2185)
4(2169 2186 2644 2627)
4(2185 2643 2644 2186)
4(2170 2187 2645 2628)
4(2186 2644 2645 2187)
4(2171 2188 2646 2629)
4(2187 2645 2646 2188)
4(2172 2189 2647 2630)
4(2188 2646 2647 2189)
4(2173 2190 2648 2631)
4(2189 2647 2648 2190)
4(2174 2191 2649 2632)
4(2190 2648 2649 2191)
4(2175 2192 2650 2633)
4(2191 2649 2650 2192)
4(2176 2193 2651 2634)
4(2192 2650 2651 2193)
4(2193 2651 2652 2194)
4(2179 2196 2654 2637)
4(2195 2653 2654 2196)
4(2180 2197 2655 2638)
4(2196 2654 2655 2197)
4(2181 2198 2656 2639)
4(2197 2655 2656 2198)
4(2182 2199 2657 2640)
4(2198 2656 2657 2199)
4(2183 2200 2658 2641)
4(2199 2657 2658 2200)
4(2184 2201 2659 2642)
4(2200 2658 2659 2201)
4(2185 2202 2660 2643)
4(2201 2659 2660 2202)
4(2186 2203 2661 2644)
4(2202 2660 2661 2203)
4(2187 2204 2662 2645)
4(2203 2661 2662 2204)
4(2188 2205 2663 2646)
4(2204 2662 2663 2205)
4(2189 2206 2664 2647)
4(2205 2663 2664 2206)
4(2190 2207 2665 2648)
4(2206 2664 2665 2207)
4(2191 2208 2666 2649)
4(2207 2665 2666 2208)
4(2192 2209 2667 2650)
4(2208 2666 2667 2209)
4(2193 2210 2668 2651)
4(2209 2667 2668 2210)
4(2210 2668 2669 2211)
4(2196 2213 2671 2654)
4(2212 2670 2671 2213)
4(2197 2214 2672 2655)
4(2213 2671 2672 2214)
4(2198 2215 2673 2656)
4(2214 2672 2673 2215)
4(2199 2216 2674 2657)
4(2215 2673 2674 2216)
4(2200 2217 2675 2658)
4(2216 2674 2675 2217)
4(2201 2218 2676 2659)
4(2217 2675 2676 2218)
4(2202 2219 2677 2660)
4(2218 2676 2677 2219)
4(2203 2220 2678 2661)
4(2219 2677 2678 2220)
4(2204 2221 2679 2662)
4(2220 2678 2679 2221)
4(2205 2222 2680 2663)
4(2221 2679 2680 2222)
4(2206 2223 2681 2664)
4(2222 2680 2681 2223)
4(2207 2224 2682 2665)
4(2223 2681 2682 2224)
4(2208 2225 2683 2666)
4(2224 2682 2683 2225)
4(2209 2226 2684 2667)
4(2225 2683 2684 2226)
4(2210 2227 2685 2668)
4(2226 2684 2685 2227)
4(2227 2685 2686 2228)
4(2213 2230 2688 2671)
4(2229 2687 2688 2230)
4(2214 2231 2689 2672)
4(2230 2688 2689 2231)
4(2215 2232 2690 2673)
4(2231 2689 2690 2232)
4(2216 2233 2691 2674)
4(2232 2690 2691 2233)
4(2217 2234 2692 2675)
4(2233 2691 2692 2234)
4(2218 2235 2693 2676)
4(2234 2692 2693 2235)
4(2219 2236 2694 2677)
4(2235 2693 2694 2236)
4(2220 2237 2695 2678)
4(2236 2694 2695 2237)
4(2221 2238 2696 2679)
4(2237 2695 2696 2238)
4(2222 2239 2697 2680)
4(2238 2696 2697 2239)
4(2223 2240 2698 2681)
4(2239 2697 2698 2240)
4(2224 2241 2699 2682)
4(2240 2698 2699 2241)
4(2225 2242 2700 2683)
4(2241 2699 2700 2242)
4(2226 2243 2701 2684)
4(2242 2700 2701 2243)
4(2227 2244 2702 2685)
4(2243 2701 2702 2244)
4(2244 2702 2703 2245)
4(2230 2247 2705 2688)
4(2246 2704 2705 2247)
4(2231 2248 2706 2689)
4(2247 2705 2706 2248)
4(2232 2249 2707 2690)
4(2248 2706 2707 2249)
4(2233 2250 2708 2691)
4(2249 2707 2708 2250)
4(2234 2251 2709 2692)
4(2250 2708 2709 2251)
4(2235 2252 2710 2693)
4(2251 2709 2710 2252)
4(2236 2253 2711 2694)
4(2252 2710 2711 2253)
4(2237 2254 2712 2695)
4(2253 2711 2712 2254)
4(2238 2255 2713 2696)
4(2254 2712 2713 2255)
4(2239 2256 2714 2697)
4(2255 2713 2714 2256)
4(2240 2257 2715 2698)
4(2256 2714 2715 2257)
4(2241 2258 2716 2699)
4(2257 2715 2716 2258)
4(2242 2259 2717 2700)
4(2258 2716 2717 2259)
4(2243 2260 2718 2701)
4(2259 2717 2718 2260)
4(2244 2261 2719 2702)
4(2260 2718 2719 2261)
4(2261 2719 2720 2262)
4(2247 2264 2722 2705)
4(2263 2721 2722 2264)
4(2248 2265 2723 2706)
4(2264 2722 2723 2265)
4(2249 2266 2724 2707)
4(2265 2723 2724 2266)
4(2250 2267 2725 2708)
4(2266 2724 2725 2267)
4(2251 2268 2726 2709)
4(2267 2725 2726 2268)
4(2252 2269 2727 2710)
4(2268 2726 2727 2269)
4(2253 2270 2728 2711)
4(2269 2727 2728 2270)
4(2254 2271 2729 2712)
4(2270 2728 2729 2271)
4(2255 2272 2730 2713)
4(2271 2729 2730 2272)
4(2256 2273 2731 2714)
4(2272 2730 2731 2273)
4(2257 2274 2732 2715)
4(2273 2731 2732 2274)
4(2258 2275 2733 2716)
4(2274 2732 2733 2275)
4(2259 2276 2734 2717)
4(2275 2733 2734 2276)
4(2260 2277 2735 2718)
4(2276 2734 2735 2277)
4(2261 2278 2736 2719)
4(2277 2735 2736 2278)
4(2278 2736 2737 2279)
4(2264 2281 2739 2722)
4(2280 2738 2739 2281)
4(2265 2282 2740 2723)
4(2281 2739 2740 2282)
4(2266 2283 2741 2724)
4(2282 2740 2741 2283)
4(2267 2284 2742 2725)
4(2283 2741 2742 2284)
4(2268 2285 2743 2726)
4(2284 2742 2743 2285)
4(2269 2286 2744 2727)
4(2285 2743 2744 2286)
4(2270 2287 2745 2728)
4(2286 2744 2745 2287)
4(2271 2288 2746 2729)
4(2287 2745 2746 2288)
4(2272 2289 2747 2730)
4(2288 2746 2747 2289)
4(2273 2290 2748 2731)
4(2289 2747 2748 2290)
4(2274 2291 2749 2732)
4(2290 2748 2749 2291)
4(2275 2292 2750 2733)
4(2291 2749 2750 2292)
4(2276 2293 2751 2734)
4(2292 2750 2751 2293)
4(2277 2294 2752 2735)
4(2293 2751 2752 2294)
4(2278 2295 2753 2736)
4(2294 2752 2753 2295)
4(2295 2753 2754 2296)
4(2281 2298 2756 2739)
4(2282 2299 2757 2740)
4(2283 2300 2758 2741)
4(2284 2301 2759 2742)
4(2285 2302 2760 2743)
4(2286 2303 2761 2744)
4(2287 2304 2762 2745)
4(2288 2305 2763 2746)
4(2289 2306 2764 2747)
4(2290 2307 2765 2748)
4(2291 2308 2766 2749)
4(2292 2309 2767 2750)
4(2293 2310 2768 2751)
4(2294 2311 2769 2752)
4(2295 2312 2770 2753)
4(446 910 911 447)
4(910 1374 1375 911)
4(1374 1836 1837 1375)
4(1836 2297 2298 1837)
4(2297 2755 2756 2298)
4(447 911 912 448)
4(911 1375 1376 912)
4(1375 1837 1838 1376)
4(1837 2298 2299 1838)
4(2298 2756 2757 2299)
4(448 912 913 449)
4(912 1376 1377 913)
4(1376 1838 1839 1377)
4(1838 2299 2300 1839)
4(2299 2757 2758 2300)
4(449 913 914 450)
4(913 1377 1378 914)
4(1377 1839 1840 1378)
4(1839 2300 2301 1840)
4(2300 2758 2759 2301)
4(450 914 915 451)
4(914 1378 1379 915)
4(1378 1840 1841 1379)
4(1840 2301 2302 1841)
4(2301 2759 2760 2302)
4(451 915 916 452)
4(915 1379 1380 916)
4(1379 1841 1842 1380)
4(1841 2302 2303 1842)
4(2302 2760 2761 2303)
4(452 916 917 453)
4(916 1380 1381 917)
4(1380 1842 1843 1381)
4(1842 2303 2304 1843)
4(2303 2761 2762 2304)
4(453 917 918 454)
4(917 1381 1382 918)
4(1381 1843 1844 1382)
4(1843 2304 2305 1844)
4(2304 2762 2763 2305)
4(454 918 919 455)
4(918 1382 1383 919)
4(1382 1844 1845 1383)
4(1844 2305 2306 1845)
4(2305 2763 2764 2306)
4(455 919 920 456)
4(919 1383 1384 920)
4(1383 1845 1846 1384)
4(1845 2306 2307 1846)
4(2306 2764 2765 2307)
4(456 920 921 457)
4(920 1384 1385 921)
4(1384 1846 1847 1385)
4(1846 2307 2308 1847)
4(2307 2765 2766 2308)
4(457 921 922 458)
4(921 1385 1386 922)
4(1385 1847 1848 1386)
4(1847 2308 2309 1848)
4(2308 2766 2767 2309)
4(458 922 923 459)
4(922 1386 1387 923)
4(1386 1848 1849 1387)
4(1848 2309 2310 1849)
4(2309 2767 2768 2310)
4(459 923 924 460)
4(923 1387 1388 924)
4(1387 1849 1850 1388)
4(1849 2310 2311 1850)
4(2310 2768 2769 2311)
4(460 924 925 461)
4(924 1388 1389 925)
4(1388 1850 1851 1389)
4(1850 2311 2312 1851)
4(2311 2769 2770 2312)
4(461 925 926 462)
4(925 1389 1390 926)
4(1389 1851 1852 1390)
4(1851 2312 2313 1852)
4(2312 2770 2771 2313)
4(13 31 494 476)
4(31 49 512 494)
4(49 67 530 512)
4(67 85 548 530)
4(85 103 566 548)
4(103 121 584 566)
4(121 139 602 584)
4(139 156 620 602)
4(156 173 637 620)
4(173 190 654 637)
4(190 207 671 654)
4(207 224 688 671)
4(224 241 705 688)
4(241 258 722 705)
4(258 275 739 722)
4(275 292 756 739)
4(292 309 773 756)
4(309 326 790 773)
4(326 343 807 790)
4(343 360 824 807)
4(360 377 841 824)
4(377 394 858 841)
4(394 411 875 858)
4(411 428 892 875)
4(428 445 909 892)
4(445 462 926 909)
4(476 494 956 938)
4(494 512 974 956)
4(512 530 992 974)
4(530 548 1010 992)
4(548 566 1028 1010)
4(566 584 1046 1028)
4(584 602 1064 1046)
4(602 620 1082 1064)
4(620 637 1100 1082)
4(637 654 1118 1100)
4(654 671 1135 1118)
4(671 688 1152 1135)
4(688 705 1169 1152)
4(705 722 1186 1169)
4(722 739 1203 1186)
4(739 756 1220 1203)
4(756 773 1237 1220)
4(773 790 1254 1237)
4(790 807 1271 1254)
4(807 824 1288 1271)
4(824 841 1305 1288)
4(841 858 1322 1305)
4(858 875 1339 1322)
4(875 892 1356 1339)
4(892 909 1373 1356)
4(909 926 1390 1373)
4(938 956 1417 1399)
4(956 974 1435 1417)
4(974 992 1453 1435)
4(992 1010 1471 1453)
4(1010 1028 1489 1471)
4(1028 1046 1507 1489)
4(1046 1064 1525 1507)
4(1064 1082 1543 1525)
4(1082 1100 1561 1543)
4(1100 1118 1579 1561)
4(1118 1135 1597 1579)
4(1135 1152 1614 1597)
4(1152 1169 1631 1614)
4(1169 1186 1648 1631)
4(1186 1203 1665 1648)
4(1203 1220 1682 1665)
4(1220 1237 1699 1682)
4(1237 1254 1716 1699)
4(1254 1271 1733 1716)
4(1271 1288 1750 1733)
4(1288 1305 1767 1750)
4(1305 1322 1784 1767)
4(1322 1339 1801 1784)
4(1339 1356 1818 1801)
4(1356 1373 1835 1818)
4(1373 1390 1852 1835)
4(1399 1417 1877 1859)
4(1417 1435 1895 1877)
4(1435 1453 1913 1895)
4(1453 1471 1931 1913)
4(1471 1489 1949 1931)
4(1489 1507 1967 1949)
4(1507 1525 1985 1967)
4(1525 1543 2003 1985)
4(1543 1561 2021 2003)
4(1561 1579 2039 2021)
4(1579 1597 2057 2039)
4(1597 1614 2075 2057)
4(1614 1631 2092 2075)
4(1631 1648 2109 2092)
4(1648 1665 2126 2109)
4(1665 1682 2143 2126)
4(1682 1699 2160 2143)
4(1699 1716 2177 2160)
4(1716 1733 2194 2177)
4(1733 1750 2211 2194)
4(1750 1767 2228 2211)
4(1767 1784 2245 2228)
4(1784 1801 2262 2245)
4(1801 1818 2279 2262)
4(1818 1835 2296 2279)
4(1835 1852 2313 2296)
4(1859 1877 2335 2317)
4(1877 1895 2353 2335)
4(1895 1913 2371 2353)
4(1913 1931 2389 2371)
4(1931 1949 2407 2389)
4(1949 1967 2425 2407)
4(1967 1985 2443 2425)
4(1985 2003 2461 2443)
4(2003 2021 2479 2461)
4(2021 2039 2497 2479)
4(2039 2057 2515 2497)
4(2057 2075 2533 2515)
4(2075 2092 2550 2533)
4(2092 2109 2567 2550)
4(2109 2126 2584 2567)
4(2126 2143 2601 2584)
4(2143 2160 2618 2601)
4(2160 2177 2635 2618)
4(2177 2194 2652 2635)
4(2194 2211 2669 2652)
4(2211 2228 2686 2669)
4(2228 2245 2703 2686)
4(2245 2262 2720 2703)
4(2262 2279 2737 2720)
4(2279 2296 2754 2737)
4(2296 2313 2771 2754)
4(14 32 33 15)
4(32 50 51 33)
4(50 68 69 51)
4(68 86 87 69)
4(86 104 105 87)
4(104 122 123 105)
4(15 33 34 16)
4(33 51 52 34)
4(51 69 70 52)
4(69 87 88 70)
4(87 105 106 88)
4(105 123 124 106)
4(123 140 141 124)
4(140 157 158 141)
4(157 174 175 158)
4(174 191 192 175)
4(191 208 209 192)
4(208 225 226 209)
4(225 242 243 226)
4(242 259 260 243)
4(259 276 277 260)
4(276 293 294 277)
4(293 310 311 294)
4(310 327 328 311)
4(327 344 345 328)
4(344 361 362 345)
4(361 378 379 362)
4(378 395 396 379)
4(395 412 413 396)
4(412 429 430 413)
4(429 446 447 430)
4(16 34 35 17)
4(34 52 53 35)
4(52 70 71 53)
4(70 88 89 71)
4(88 106 107 89)
4(106 124 125 107)
4(124 141 142 125)
4(141 158 159 142)
4(158 175 176 159)
4(175 192 193 176)
4(192 209 210 193)
4(209 226 227 210)
4(226 243 244 227)
4(243 260 261 244)
4(260 277 278 261)
4(277 294 295 278)
4(294 311 312 295)
4(311 328 329 312)
4(328 345 346 329)
4(345 362 363 346)
4(362 379 380 363)
4(379 396 397 380)
4(396 413 414 397)
4(413 430 431 414)
4(430 447 448 431)
4(17 35 36 18)
4(35 53 54 36)
4(53 71 72 54)
4(71 89 90 72)
4(89 107 108 90)
4(107 125 126 108)
4(125 142 143 126)
4(142 159 160 143)
4(159 176 177 160)
4(176 193 194 177)
4(193 210 211 194)
4(210 227 228 211)
4(227 244 245 228)
4(244 261 262 245)
4(261 278 279 262)
4(278 295 296 279)
4(295 312 313 296)
4(312 329 330 313)
4(329 346 347 330)
4(346 363 364 347)
4(363 380 381 364)
4(380 397 398 381)
4(397 414 415 398)
4(414 431 432 415)
4(431 448 449 432)
4(0 18 19 1)
4(18 36 37 19)
4(36 54 55 37)
4(54 72 73 55)
4(72 90 91 73)
4(90 108 109 91)
4(108 126 127 109)
4(126 143 144 127)
4(143 160 161 144)
4(160 177 178 161)
4(177 194 195 178)
4(194 211 212 195)
4(211 228 229 212)
4(228 245 246 229)
4(245 262 263 246)
4(262 279 280 263)
4(279 296 297 280)
4(296 313 314 297)
4(313 330 331 314)
4(330 347 348 331)
4(347 364 365 348)
4(364 381 382 365)
4(381 398 399 382)
4(398 415 416 399)
4(415 432 433 416)
4(432 449 450 433)
4(1 19 20 2)
4(19 37 38 20)
4(37 55 56 38)
4(55 73 74 56)
4(73 91 92 74)
4(91 109 110 92)
4(109 127 128 110)
4(127 144 145 128)
4(144 161 162 145)
4(161 178 179 162)
4(178 195 196 179)
4(195 212 213 196)
4(212 229 230 213)
4(229 246 247 230)
4(246 263 264 247)
4(263 280 281 264)
4(280 297 298 281)
4(297 314 315 298)
4(314 331 332 315)
4(331 348 349 332)
4(348 365 366 349)
4(365 382 383 366)
4(382 399 400 383)
4(399 416 417 400)
4(416 433 434 417)
4(433 450 451 434)
4(2 20 21 3)
4(20 38 39 21)
4(38 56 57 39)
4(56 74 75 57)
4(74 92 93 75)
4(92 110 111 93)
4(110 128 129 111)
4(128 145 146 129)
4(145 162 163 146)
4(162 179 180 163)
4(179 196 197 180)
4(196 213 214 197)
4(213 230 231 214)
4(230 247 248 231)
4(247 264 265 248)
4(264 281 282 265)
4(281 298 299 282)
4(298 315 316 299)
4(315 332 333 316)
4(332 349 350 333)
4(349 366 367 350)
4(366 383 384 367)
4(383 400 401 384)
4(400 417 418 401)
4(417 434 435 418)
4(434 451 452 435)
4(3 21 22 4)
4(21 39 40 22)
4(39 57 58 40)
4(57 75 76 58)
4(75 93 94 76)
4(93 111 112 94)
4(111 129 130 112)
4(129 146 147 130)
4(146 163 164 147)
4(163 180 181 164)
4(180 197 198 181)
4(197 214 215 198)
4(214 231 232 215)
4(231 248 249 232)
4(248 265 266 249)
4(265 282 283 266)
4(282 299 300 283)
4(299 316 317 300)
4(316 333 334 317)
4(333 350 351 334)
4(350 367 368 351)
4(367 384 385 368)
4(384 401 402 385)
4(401 418 419 402)
4(418 435 436 419)
4(435 452 453 436)
4(4 22 23 5)
4(22 40 41 23)
4(40 58 59 41)
4(58 76 77 59)
4(76 94 95 77)
4(94 112 113 95)
4(112 130 131 113)
4(130 147 148 131)
4(147 164 165 148)
4(164 181 182 165)
4(181 198 199 182)
4(198 215 216 199)
4(215 232 233 216)
4(232 249 250 233)
4(249 266 267 250)
4(266 283 284 267)
4(283 300 301 284)
4(300 317 318 301)
4(317 334 335 318)
4(334 351 352 335)
4(351 368 369 352)
4(368 385 386 369)
4(385 402 403 386)
4(402 419 420 403)
4(419 436 437 420)
4(436 453 454 437)
4(5 23 24 6)
4(23 41 42 24)
4(41 59 60 42)
4(59 77 78 60)
4(77 95 96 78)
4(95 113 114 96)
4(113 131 132 114)
4(131 148 149 132)
4(148 165 166 149)
4(165 182 183 166)
4(182 199 200 183)
4(199 216 217 200)
4(216 233 234 217)
4(233 250 251 234)
4(250 267 268 251)
4(267 284 285 268)
4(284 301 302 285)
4(301 318 319 302)
4(318 335 336 319)
4(335 352 353 336)
4(352 369 370 353)
4(369 386 387 370)
4(386 403 404 387)
4(403 420 421 404)
4(420 437 438 421)
4(437 454 455 438)
4(6 24 25 7)
4(24 42 43 25)
4(42 60 61 43)
4(60 78 79 61)
4(78 96 97 79)
4(96 114 115 97)
4(114 132 133 115)
4(132 149 150 133)
4(149 166 167 150)
4(166 183 184 167)
4(183 200 201 184)
4(200 217 218 201)
4(217 234 235 218)
4(234 251 252 235)
4(251 268 269 252)
4(268 285 286 269)
4(285 302 303 286)
4(302 319 320 303)
4(319 336 337 320)
4(336 353 354 337)
4(353 370 371 354)
4(370 387 388 371)
4(387 404 405 388)
4(404 421 422 405)
4(421 438 439 422)
4(438 455 456 439)
4(7 25 26 8)
4(25 43 44 26)
4(43 61 62 44)
4(61 79 80 62)
4(79 97 98 80)
4(97 115 116 98)
4(115 133 134 116)
4(133 150 151 134)
4(150 167 168 151)
4(167 184 185 168)
4(184 201 202 185)
4(201 218 219 202)
4(218 235 236 219)
4(235 252 253 236)
4(252 269 270 253)
4(269 286 287 270)
4(286 303 304 287)
4(303 320 321 304)
4(320 337 338 321)
4(337 354 355 338)
4(354 371 372 355)
4(371 388 389 372)
4(388 405 406 389)
4(405 422 423 406)
4(422 439 440 423)
4(439 456 457 440)
4(8 26 27 9)
4(26 44 45 27)
4(44 62 63 45)
4(62 80 81 63)
4(80 98 99 81)
4(98 116 117 99)
4(116 134 135 117)
4(134 151 152 135)
4(151 168 169 152)
4(168 185 186 169)
4(185 202 203 186)
4(202 219 220 203)
4(219 236 237 220)
4(236 253 254 237)
4(253 270 271 254)
4(270 287 288 271)
4(287 304 305 288)
4(304 321 322 305)
4(321 338 339 322)
4(338 355 356 339)
4(355 372 373 356)
4(372 389 390 373)
4(389 406 407 390)
4(406 423 424 407)
4(423 440 441 424)
4(440 457 458 441)
4(9 27 28 10)
4(27 45 46 28)
4(45 63 64 46)
4(63 81 82 64)
4(81 99 100 82)
4(99 117 118 100)
4(117 135 136 118)
4(135 152 153 136)
4(152 169 170 153)
4(169 186 187 170)
4(186 203 204 187)
4(203 220 221 204)
4(220 237 238 221)
4(237 254 255 238)
4(254 271 272 255)
4(271 288 289 272)
4(288 305 306 289)
4(305 322 323 306)
4(322 339 340 323)
4(339 356 357 340)
4(356 373 374 357)
4(373 390 391 374)
4(390 407 408 391)
4(407 424 425 408)
4(424 441 442 425)
4(441 458 459 442)
4(10 28 29 11)
4(28 46 47 29)
4(46 64 65 47)
4(64 82 83 65)
4(82 100 101 83)
4(100 118 119 101)
4(118 136 137 119)
4(136 153 154 137)
4(153 170 171 154)
4(170 187 188 171)
4(187 204 205 188)
4(204 221 222 205)
4(221 238 239 222)
4(238 255 256 239)
4(255 272 273 256)
4(272 289 290 273)
4(289 306 307 290)
4(306 323 324 307)
4(323 340 341 324)
4(340 357 358 341)
4(357 374 375 358)
4(374 391 392 375)
4(391 408 409 392)
4(408 425 426 409)
4(425 442 443 426)
4(442 459 460 443)
4(11 29 30 12)
4(29 47 48 30)
4(47 65 66 48)
4(65 83 84 66)
4(83 101 102 84)
4(101 119 120 102)
4(119 137 138 120)
4(137 154 155 138)
4(154 171 172 155)
4(171 188 189 172)
4(188 205 206 189)
4(205 222 223 206)
4(222 239 240 223)
4(239 256 257 240)
4(256 273 274 257)
4(273 290 291 274)
4(290 307 308 291)
4(307 324 325 308)
4(324 341 342 325)
4(341 358 359 342)
4(358 375 376 359)
4(375 392 393 376)
4(392 409 410 393)
4(409 426 427 410)
4(426 443 444 427)
4(443 460 461 444)
4(12 30 31 13)
4(30 48 49 31)
4(48 66 67 49)
4(66 84 85 67)
4(84 102 103 85)
4(102 120 121 103)
4(120 138 139 121)
4(138 155 156 139)
4(155 172 173 156)
4(172 189 190 173)
4(189 206 207 190)
4(206 223 224 207)
4(223 240 241 224)
4(240 257 258 241)
4(257 274 275 258)
4(274 291 292 275)
4(291 308 309 292)
4(308 325 326 309)
4(325 342 343 326)
4(342 359 360 343)
4(359 376 377 360)
4(376 393 394 377)
4(393 410 411 394)
4(410 427 428 411)
4(427 444 445 428)
4(444 461 462 445)
4(2318 2319 2337 2336)
4(2336 2337 2355 2354)
4(2354 2355 2373 2372)
4(2372 2373 2391 2390)
4(2390 2391 2409 2408)
4(2408 2409 2427 2426)
4(2426 2427 2445 2444)
4(2444 2445 2463 2462)
4(2462 2463 2481 2480)
4(2480 2481 2499 2498)
4(2498 2499 2517 2516)
4(2319 2320 2338 2337)
4(2337 2338 2356 2355)
4(2355 2356 2374 2373)
4(2373 2374 2392 2391)
4(2391 2392 2410 2409)
4(2409 2410 2428 2427)
4(2427 2428 2446 2445)
4(2445 2446 2464 2463)
4(2463 2464 2482 2481)
4(2481 2482 2500 2499)
4(2499 2500 2518 2517)
4(2517 2518 2535 2534)
4(2534 2535 2552 2551)
4(2551 2552 2569 2568)
4(2568 2569 2586 2585)
4(2585 2586 2603 2602)
4(2602 2603 2620 2619)
4(2619 2620 2637 2636)
4(2636 2637 2654 2653)
4(2653 2654 2671 2670)
4(2670 2671 2688 2687)
4(2687 2688 2705 2704)
4(2704 2705 2722 2721)
4(2721 2722 2739 2738)
4(2738 2739 2756 2755)
4(2320 2321 2339 2338)
4(2338 2339 2357 2356)
4(2356 2357 2375 2374)
4(2374 2375 2393 2392)
4(2392 2393 2411 2410)
4(2410 2411 2429 2428)
4(2428 2429 2447 2446)
4(2446 2447 2465 2464)
4(2464 2465 2483 2482)
4(2482 2483 2501 2500)
4(2500 2501 2519 2518)
4(2518 2519 2536 2535)
4(2535 2536 2553 2552)
4(2552 2553 2570 2569)
4(2569 2570 2587 2586)
4(2586 2587 2604 2603)
4(2603 2604 2621 2620)
4(2620 2621 2638 2637)
4(2637 2638 2655 2654)
4(2654 2655 2672 2671)
4(2671 2672 2689 2688)
4(2688 2689 2706 2705)
4(2705 2706 2723 2722)
4(2722 2723 2740 2739)
4(2739 2740 2757 2756)
4(2321 2322 2340 2339)
4(2339 2340 2358 2357)
4(2357 2358 2376 2375)
4(2375 2376 2394 2393)
4(2393 2394 2412 2411)
4(2411 2412 2430 2429)
4(2429 2430 2448 2447)
4(2447 2448 2466 2465)
4(2465 2466 2484 2483)
4(2483 2484 2502 2501)
4(2501 2502 2520 2519)
4(2519 2520 2537 2536)
4(2536 2537 2554 2553)
4(2553 2554 2571 2570)
4(2570 2571 2588 2587)
4(2587 2588 2605 2604)
4(2604 2605 2622 2621)
4(2621 2622 2639 2638)
4(2638 2639 2656 2655)
4(2655 2656 2673 2672)
4(2672 2673 2690 2689)
4(2689 2690 2707 2706)
4(2706 2707 2724 2723)
4(2723 2724 2741 2740)
4(2740 2741 2758 2757)
4(2322 2323 2341 2340)
4(2340 2341 2359 2358)
4(2358 2359 2377 2376)
4(2376 2377 2395 2394)
4(2394 2395 2413 2412)
4(2412 2413 2431 2430)
4(2430 2431 2449 2448)
4(2448 2449 2467 2466)
4(2466 2467 2485 2484)
4(2484 2485 2503 2502)
4(2502 2503 2521 2520)
4(2520 2521 2538 2537)
4(2537 2538 2555 2554)
4(2554 2555 2572 2571)
4(2571 2572 2589 2588)
4(2588 2589 2606 2605)
4(2605 2606 2623 2622)
4(2622 2623 2640 2639)
4(2639 2640 2657 2656)
4(2656 2657 2674 2673)
4(2673 2674 2691 2690)
4(2690 2691 2708 2707)
4(2707 2708 2725 2724)
4(2724 2725 2742 2741)
4(2741 2742 2759 2758)
4(2323 2324 2342 2341)
4(2341 2342 2360 2359)
4(2359 2360 2378 2377)
4(2377 2378 2396 2395)
4(2395 2396 2414 2413)
4(2413 2414 2432 2431)
4(2431 2432 2450 2449)
4(2449 2450 2468 2467)
4(2467 2468 2486 2485)
4(2485 2486 2504 2503)
4(2503 2504 2522 2521)
4(2521 2522 2539 2538)
4(2538 2539 2556 2555)
4(2555 2556 2573 2572)
4(2572 2573 2590 2589)
4(2589 2590 2607 2606)
4(2606 2607 2624 2623)
4(2623 2624 2641 2640)
4(2640 2641 2658 2657)
4(2657 2658 2675 2674)
4(2674 2675 2692 2691)
4(2691 2692 2709 2708)
4(2708 2709 2726 2725)
4(2725 2726 2743 2742)
4(2742 2743 2760 2759)
4(2324 2325 2343 2342)
4(2342 2343 2361 2360)
4(2360 2361 2379 2378)
4(2378 2379 2397 2396)
4(2396 2397 2415 2414)
4(2414 2415 2433 2432)
4(2432 2433 2451 2450)
4(2450 2451 2469 2468)
4(2468 2469 2487 2486)
4(2486 2487 2505 2504)
4(2504 2505 2523 2522)
4(2522 2523 2540 2539)
4(2539 2540 2557 2556)
4(2556 2557 2574 2573)
4(2573 2574 2591 2590)
4(2590 2591 2608 2607)
4(2607 2608 2625 2624)
4(2624 2625 2642 2641)
4(2641 2642 2659 2658)
4(2658 2659 2676 2675)
4(2675 2676 2693 2692)
4(2692 2693 2710 2709)
4(2709 2710 2727 2726)
4(2726 2727 2744 2743)
4(2743 2744 2761 2760)
4(2325 2326 2344 2343)
4(2343 2344 2362 2361)
4(2361 2362 2380 2379)
4(2379 2380 2398 2397)
4(2397 2398 2416 2415)
4(2415 2416 2434 2433)
4(2433 2434 2452 2451)
4(2451 2452 2470 2469)
4(2469 2470 2488 2487)
4(2487 2488 2506 2505)
4(2505 2506 2524 2523)
4(2523 2524 2541 2540)
4(2540 2541 2558 2557)
4(2557 2558 2575 2574)
4(2574 2575 2592 2591)
4(2591 2592 2609 2608)
4(2608 2609 2626 2625)
4(2625 2626 2643 2642)
4(2642 2643 2660 2659)
4(2659 2660 2677 2676)
4(2676 2677 2694 2693)
4(2693 2694 2711 2710)
4(2710 2711 2728 2727)
4(2727 2728 2745 2744)
4(2744 2745 2762 2761)
4(2326 2327 2345 2344)
4(2344 2345 2363 2362)
4(2362 2363 2381 2380)
4(2380 2381 2399 2398)
4(2398 2399 2417 2416)
4(2416 2417 2435 2434)
4(2434 2435 2453 2452)
4(2452 2453 2471 2470)
4(2470 2471 2489 2488)
4(2488 2489 2507 2506)
4(2506 2507 2525 2524)
4(2524 2525 2542 2541)
4(2541 2542 2559 2558)
4(2558 2559 2576 2575)
4(2575 2576 2593 2592)
4(2592 2593 2610 2609)
4(2609 2610 2627 2626)
4(2626 2627 2644 2643)
4(2643 2644 2661 2660)
4(2660 2661 2678 2677)
4(2677 2678 2695 2694)
4(2694 2695 2712 2711)
4(2711 2712 2729 2728)
4(2728 2729 2746 2745)
4(2745 2746 2763 2762)
4(2327 2328 2346 2345)
4(2345 2346 2364 2363)
4(2363 2364 2382 2381)
4(2381 2382 2400 2399)
4(2399 2400 2418 2417)
4(2417 2418 2436 2435)
4(2435 2436 2454 2453)
4(2453 2454 2472 2471)
4(2471 2472 2490 2489)
4(2489 2490 2508 2507)
4(2507 2508 2526 2525)
4(2525 2526 2543 2542)
4(2542 2543 2560 2559)
4(2559 2560 2577 2576)
4(2576 2577 2594 2593)
4(2593 2594 2611 2610)
4(2610 2611 2628 2627)
4(2627 2628 2645 2644)
4(2644 2645 2662 2661)
4(2661 2662 2679 2678)
4(2678 2679 2696 2695)
4(2695 2696 2713 2712)
4(2712 2713 2730 2729)
4(2729 2730 2747 2746)
4(2746 2747 2764 2763)
4(2328 2329 2347 2346)
4(2346 2347 2365 2364)
4(2364 2365 2383 2382)
4(2382 2383 2401 2400)
4(2400 2401 2419 2418)
4(2418 2419 2437 2436)
4(2436 2437 2455 2454)
4(2454 2455 2473 2472)
4(2472 2473 2491 2490)
4(2490 2491 2509 2508)
4(2508 2509 2527 2526)
4(2526 2527 2544 2543)
4(2543 2544 2561 2560)
4(2560 2561 2578 2577)
4(2577 2578 2595 2594)
4(2594 2595 2612 2611)
4(2611 2612 2629 2628)
4(2628 2629 2646 2645)
4(2645 2646 2663 2662)
4(2662 2663 2680 2679)
4(2679 2680 2697 2696)
4(2696 2697 2714 2713)
4(2713 2714 2731 2730)
4(2730 2731 2748 2747)
4(2747 2748 2765 2764)
4(2329 2330 2348 2347)
4(2347 2348 2366 2365)
4(2365 2366 2384 2383)
4(2383 2384 2402 2401)
4(2401 2402 2420 2419)
4(2419 2420 2438 2437)
4(2437 2438 2456 2455)
4(2455 2456 2474 2473)
4(2473 2474 2492 2491)
4(2491 2492 2510 2509)
4(2509 2510 2528 2527)
4(2527 2528 2545 2544)
4(2544 2545 2562 2561)
4(2561 2562 2579 2578)
4(2578 2579 2596 2595)
4(2595 2596 2613 2612)
4(2612 2613 2630 2629)
4(2629 2630 2647 2646)
4(2646 2647 2664 2663)
4(2663 2664 2681 2680)
4(2680 2681 2698 2697)
4(2697 2698 2715 2714)
4(2714 2715 2732 2731)
4(2731 2732 2749 2748)
4(2748 2749 2766 2765)
4(2330 2331 2349 2348)
4(2348 2349 2367 2366)
4(2366 2367 2385 2384)
4(2384 2385 2403 2402)
4(2402 2403 2421 2420)
4(2420 2421 2439 2438)
4(2438 2439 2457 2456)
4(2456 2457 2475 2474)
4(2474 2475 2493 2492)
4(2492 2493 2511 2510)
4(2510 2511 2529 2528)
4(2528 2529 2546 2545)
4(2545 2546 2563 2562)
4(2562 2563 2580 2579)
4(2579 2580 2597 2596)
4(2596 2597 2614 2613)
4(2613 2614 2631 2630)
4(2630 2631 2648 2647)
4(2647 2648 2665 2664)
4(2664 2665 2682 2681)
4(2681 2682 2699 2698)
4(2698 2699 2716 2715)
4(2715 2716 2733 2732)
4(2732 2733 2750 2749)
4(2749 2750 2767 2766)
4(2331 2332 2350 2349)
4(2349 2350 2368 2367)
4(2367 2368 2386 2385)
4(2385 2386 2404 2403)
4(2403 2404 2422 2421)
4(2421 2422 2440 2439)
4(2439 2440 2458 2457)
4(2457 2458 2476 2475)
4(2475 2476 2494 2493)
4(2493 2494 2512 2511)
4(2511 2512 2530 2529)
4(2529 2530 2547 2546)
4(2546 2547 2564 2563)
4(2563 2564 2581 2580)
4(2580 2581 2598 2597)
4(2597 2598 2615 2614)
4(2614 2615 2632 2631)
4(2631 2632 2649 2648)
4(2648 2649 2666 2665)
4(2665 2666 2683 2682)
4(2682 2683 2700 2699)
4(2699 2700 2717 2716)
4(2716 2717 2734 2733)
4(2733 2734 2751 2750)
4(2750 2751 2768 2767)
4(2314 2315 2333 2332)
4(2332 2333 2351 2350)
4(2350 2351 2369 2368)
4(2368 2369 2387 2386)
4(2386 2387 2405 2404)
4(2404 2405 2423 2422)
4(2422 2423 2441 2440)
4(2440 2441 2459 2458)
4(2458 2459 2477 2476)
4(2476 2477 2495 2494)
4(2494 2495 2513 2512)
4(2512 2513 2531 2530)
4(2530 2531 2548 2547)
4(2547 2548 2565 2564)
4(2564 2565 2582 2581)
4(2581 2582 2599 2598)
4(2598 2599 2616 2615)
4(2615 2616 2633 2632)
4(2632 2633 2650 2649)
4(2649 2650 2667 2666)
4(2666 2667 2684 2683)
4(2683 2684 2701 2700)
4(2700 2701 2718 2717)
4(2717 2718 2735 2734)
4(2734 2735 2752 2751)
4(2751 2752 2769 2768)
4(2315 2316 2334 2333)
4(2333 2334 2352 2351)
4(2351 2352 2370 2369)
4(2369 2370 2388 2387)
4(2387 2388 2406 2405)
4(2405 2406 2424 2423)
4(2423 2424 2442 2441)
4(2441 2442 2460 2459)
4(2459 2460 2478 2477)
4(2477 2478 2496 2495)
4(2495 2496 2514 2513)
4(2513 2514 2532 2531)
4(2531 2532 2549 2548)
4(2548 2549 2566 2565)
4(2565 2566 2583 2582)
4(2582 2583 2600 2599)
4(2599 2600 2617 2616)
4(2616 2617 2634 2633)
4(2633 2634 2651 2650)
4(2650 2651 2668 2667)
4(2667 2668 2685 2684)
4(2684 2685 2702 2701)
4(2701 2702 2719 2718)
4(2718 2719 2736 2735)
4(2735 2736 2753 2752)
4(2752 2753 2770 2769)
4(2316 2317 2335 2334)
4(2334 2335 2353 2352)
4(2352 2353 2371 2370)
4(2370 2371 2389 2388)
4(2388 2389 2407 2406)
4(2406 2407 2425 2424)
4(2424 2425 2443 2442)
4(2442 2443 2461 2460)
4(2460 2461 2479 2478)
4(2478 2479 2497 2496)
4(2496 2497 2515 2514)
4(2514 2515 2533 2532)
4(2532 2533 2550 2549)
4(2549 2550 2567 2566)
4(2566 2567 2584 2583)
4(2583 2584 2601 2600)
4(2600 2601 2618 2617)
4(2617 2618 2635 2634)
4(2634 2635 2652 2651)
4(2651 2652 2669 2668)
4(2668 2669 2686 2685)
4(2685 2686 2703 2702)
4(2702 2703 2720 2719)
4(2719 2720 2737 2736)
4(2736 2737 2754 2753)
4(2753 2754 2771 2770)
4(0 1 464 463)
4(1 2 465 464)
4(2 3 466 465)
4(3 4 467 466)
4(4 5 468 467)
4(5 6 469 468)
4(6 7 470 469)
4(7 8 471 470)
4(8 9 472 471)
4(9 10 473 472)
4(10 11 474 473)
4(11 12 475 474)
4(12 13 476 475)
4(14 15 478 477)
4(15 16 479 478)
4(16 17 480 479)
4(0 463 481 18)
4(17 18 481 480)
4(463 464 482 481)
4(464 465 483 482)
4(465 466 928 927)
4(466 467 929 928)
4(467 468 930 929)
4(468 469 931 930)
4(469 470 932 931)
4(470 471 933 932)
4(471 472 934 933)
4(472 473 935 934)
4(473 474 936 935)
4(474 475 937 936)
4(475 476 938 937)
4(477 478 940 939)
4(478 479 941 940)
4(479 480 942 941)
4(480 481 943 942)
4(481 482 944 943)
4(465 927 945 483)
4(482 483 945 944)
4(927 928 946 945)
4(928 929 947 946)
4(929 930 948 947)
4(930 931 1392 1391)
4(931 932 1393 1392)
4(932 933 1394 1393)
4(933 934 1395 1394)
4(934 935 1396 1395)
4(935 936 1397 1396)
4(936 937 1398 1397)
4(937 938 1399 1398)
4(939 940 1401 1400)
4(940 941 1402 1401)
4(941 942 1403 1402)
4(942 943 1404 1403)
4(943 944 1405 1404)
4(944 945 1406 1405)
4(945 946 1407 1406)
4(946 947 1408 1407)
4(930 1391 1409 948)
4(947 948 1409 1408)
4(1391 1392 1410 1409)
4(1392 1393 1411 1410)
4(1393 1394 1854 1853)
4(1394 1395 1855 1854)
4(1395 1396 1856 1855)
4(1396 1397 1857 1856)
4(1397 1398 1858 1857)
4(1398 1399 1859 1858)
4(1400 1401 1861 1860)
4(1401 1402 1862 1861)
4(1402 1403 1863 1862)
4(1403 1404 1864 1863)
4(1404 1405 1865 1864)
4(1405 1406 1866 1865)
4(1406 1407 1867 1866)
4(1407 1408 1868 1867)
4(1408 1409 1869 1868)
4(1409 1410 1870 1869)
4(1393 1853 1871 1411)
4(1410 1411 1871 1870)
4(1853 1854 1872 1871)
4(1854 1855 1873 1872)
4(1855 1856 1874 1873)
4(1856 1857 2315 2314)
4(1857 1858 2316 2315)
4(1858 1859 2317 2316)
4(1860 1861 2319 2318)
4(1861 1862 2320 2319)
4(1862 1863 2321 2320)
4(1863 1864 2322 2321)
4(1864 1865 2323 2322)
4(1865 1866 2324 2323)
4(1866 1867 2325 2324)
4(1867 1868 2326 2325)
4(1868 1869 2327 2326)
4(1869 1870 2328 2327)
4(1870 1871 2329 2328)
4(1871 1872 2330 2329)
4(1872 1873 2331 2330)
4(1856 2314 2332 1874)
4(1873 1874 2332 2331)
4(14 477 495 32)
4(32 495 513 50)
4(50 513 531 68)
4(68 531 549 86)
4(86 549 567 104)
4(104 567 585 122)
4(122 585 586 123)
4(123 586 604 140)
4(585 603 604 586)
4(140 604 621 157)
4(157 621 638 174)
4(174 638 655 191)
4(191 655 672 208)
4(208 672 689 225)
4(225 689 706 242)
4(242 706 723 259)
4(259 723 740 276)
4(276 740 757 293)
4(293 757 774 310)
4(310 774 791 327)
4(327 791 808 344)
4(344 808 825 361)
4(361 825 842 378)
4(378 842 859 395)
4(395 859 876 412)
4(412 876 893 429)
4(429 893 910 446)
4(477 939 957 495)
4(495 957 975 513)
4(513 975 993 531)
4(531 993 1011 549)
4(549 1011 1029 567)
4(567 1029 1047 585)
4(585 1047 1065 603)
4(603 1065 1066 604)
4(604 1066 1084 621)
4(1065 1083 1084 1066)
4(621 1084 1102 638)
4(1083 1101 1102 1084)
4(638 1102 1119 655)
4(655 1119 1136 672)
4(672 1136 1153 689)
4(689 1153 1170 706)
4(706 1170 1187 723)
4(723 1187 1204 740)
4(740 1204 1221 757)
4(757 1221 1238 774)
4(774 1238 1255 791)
4(791 1255 1272 808)
4(808 1272 1289 825)
4(825 1289 1306 842)
4(842 1306 1323 859)
4(859 1323 1340 876)
4(876 1340 1357 893)
4(893 1357 1374 910)
4(939 1400 1418 957)
4(957 1418 1436 975)
4(975 1436 1454 993)
4(993 1454 1472 1011)
4(1011 1472 1490 1029)
4(1029 1490 1508 1047)
4(1047 1508 1526 1065)
4(1065 1526 1544 1083)
4(1083 1544 1562 1101)
4(1101 1562 1563 1102)
4(1102 1563 1581 1119)
4(1562 1580 1581 1563)
4(1119 1581 1598 1136)
4(1136 1598 1615 1153)
4(1153 1615 1632 1170)
4(1170 1632 1649 1187)
4(1187 1649 1666 1204)
4(1204 1666 1683 1221)
4(1221 1683 1700 1238)
4(1238 1700 1717 1255)
4(1255 1717 1734 1272)
4(1272 1734 1751 1289)
4(1289 1751 1768 1306)
4(1306 1768 1785 1323)
4(1323 1785 1802 1340)
4(1340 1802 1819 1357)
4(1357 1819 1836 1374)
4(1400 1860 1878 1418)
4(1418 1878 1896 1436)
4(1436 1896 1914 1454)
4(1454 1914 1932 1472)
4(1472 1932 1950 1490)
4(1490 1950 1968 1508)
4(1508 1968 1986 1526)
4(1526 1986 2004 1544)
4(1544 2004 2022 1562)
4(1562 2022 2040 1580)
4(1580 2040 2041 1581)
4(1581 2041 2059 1598)
4(2040 2058 2059 2041)
4(1598 2059 2076 1615)
4(1615 2076 2093 1632)
4(1632 2093 2110 1649)
4(1649 2110 2127 1666)
4(1666 2127 2144 1683)
4(1683 2144 2161 1700)
4(1700 2161 2178 1717)
4(1717 2178 2195 1734)
4(1734 2195 2212 1751)
4(1751 2212 2229 1768)
4(1768 2229 2246 1785)
4(1785 2246 2263 1802)
4(1802 2263 2280 1819)
4(1819 2280 2297 1836)
4(1860 2318 2336 1878)
4(1878 2336 2354 1896)
4(1896 2354 2372 1914)
4(1914 2372 2390 1932)
4(1932 2390 2408 1950)
4(1950 2408 2426 1968)
4(1968 2426 2444 1986)
4(1986 2444 2462 2004)
4(2004 2462 2480 2022)
4(2022 2480 2498 2040)
4(2040 2498 2516 2058)
4(2058 2516 2517 2059)
4(2059 2517 2534 2076)
4(2076 2534 2551 2093)
4(2093 2551 2568 2110)
4(2110 2568 2585 2127)
4(2127 2585 2602 2144)
4(2144 2602 2619 2161)
4(2161 2619 2636 2178)
4(2178 2636 2653 2195)
4(2195 2653 2670 2212)
4(2212 2670 2687 2229)
4(2229 2687 2704 2246)
4(2246 2704 2721 2263)
4(2263 2721 2738 2280)
4(2280 2738 2755 2297)
)


// ************************************************************************* //
