/*--------------------------------*- C++ -*----------------------------------*\
  =========                 |
  \\      /  F ield         | OpenFOAM: The Open Source CFD Toolbox
   \\    /   O peration     | Website:  https://openfoam.org
    \\  /    A nd           | Version:  10
     \\/     M anipulation  |
\*---------------------------------------------------------------------------*/
FoamFile
{
    format      ascii;
    class       volVectorField;
    location    "10";
    object      C;
}
// * * * * * * * * * * * * * * * * * * * * * * * * * * * * * * * * * * * * * //

dimensions      [0 1 0 0 0 0 0];

internalField   nonuniform List<vector> 
12500
(
(-98 -98 2.5)
(-94 -98 2.5)
(-90 -98 2.5)
(-86 -98 2.5)
(-82 -98 2.5)
(-78 -98 2.5)
(-74 -98 2.5)
(-70 -98 2.5)
(-66 -98 2.5)
(-62 -98 2.5)
(-58 -98 2.5)
(-54 -98 2.5)
(-50 -98 2.5)
(-46 -98 2.5)
(-42 -98 2.5)
(-38 -98 2.5)
(-98 -94 2.5)
(-94 -94 2.5)
(-90 -94 2.5)
(-86 -94 2.5)
(-82 -94 2.5)
(-78 -94 2.5)
(-74 -94 2.5)
(-70 -94 2.5)
(-66 -94 2.5)
(-62 -94 2.5)
(-58 -94 2.5)
(-54 -94 2.5)
(-50 -94 2.5)
(-46 -94 2.5)
(-42 -94 2.5)
(-38 -94 2.5)
(-98 -90 2.5)
(-94 -90 2.5)
(-90 -90 2.5)
(-86 -90 2.5)
(-82 -90 2.5)
(-78 -90 2.5)
(-74 -90 2.5)
(-70 -90 2.5)
(-66 -90 2.5)
(-62 -90 2.5)
(-58 -90 2.5)
(-54 -90 2.5)
(-50 -90 2.5)
(-46 -90 2.5)
(-42 -90 2.5)
(-38 -90 2.5)
(-98 -86 2.5)
(-94 -86 2.5)
(-90 -86 2.5)
(-86 -86 2.5)
(-82 -86 2.5)
(-78 -86 2.5)
(-74 -86 2.5)
(-70 -86 2.5)
(-66 -86 2.5)
(-62 -86 2.5)
(-58 -86 2.5)
(-54 -86 2.5)
(-50 -86 2.5)
(-46 -86 2.5)
(-42 -86 2.5)
(-38 -86 2.5)
(-98 -82 2.5)
(-94 -82 2.5)
(-90 -82 2.5)
(-86 -82 2.5)
(-82 -82 2.5)
(-78 -82 2.5)
(-74 -82 2.5)
(-70 -82 2.5)
(-66 -82 2.5)
(-62 -82 2.5)
(-58 -82 2.5)
(-54 -82 2.5)
(-50 -82 2.5)
(-46 -82 2.5)
(-42 -82 2.5)
(-38 -82 2.5)
(-98 -78 2.5)
(-94 -78 2.5)
(-90 -78 2.5)
(-86 -78 2.5)
(-82 -78 2.5)
(-78 -78 2.5)
(-74 -78 2.5)
(-70 -78 2.5)
(-66 -78 2.5)
(-62 -78 2.5)
(-58 -78 2.5)
(-54 -78 2.5)
(-50 -78 2.5)
(-46 -78 2.5)
(-42 -78 2.5)
(-38 -78 2.5)
(-98 -74 2.5)
(-94 -74 2.5)
(-90 -74 2.5)
(-86 -74 2.5)
(-82 -74 2.5)
(-78 -74 2.5)
(-74 -74 2.5)
(-70 -74 2.5)
(-66 -74 2.5)
(-62 -74 2.5)
(-58 -74 2.5)
(-54 -74 2.5)
(-50 -74 2.5)
(-46 -74 2.5)
(-42 -74 2.5)
(-38 -74 2.5)
(-98 -70 2.5)
(-94 -70 2.5)
(-90 -70 2.5)
(-86 -70 2.5)
(-82 -70 2.5)
(-78 -70 2.5)
(-74 -70 2.5)
(-70 -70 2.5)
(-66 -70 2.5)
(-62 -70 2.5)
(-58 -70 2.5)
(-54 -70 2.5)
(-50 -70 2.5)
(-46 -70 2.5)
(-42 -70 2.5)
(-38 -70 2.5)
(-98 -66 2.5)
(-94 -66 2.5)
(-90 -66 2.5)
(-86 -66 2.5)
(-82 -66 2.5)
(-78 -66 2.5)
(-74 -66 2.5)
(-70 -66 2.5)
(-66 -66 2.5)
(-62 -66 2.5)
(-58 -66 2.5)
(-54 -66 2.5)
(-50 -66 2.5)
(-46 -66 2.5)
(-42 -66 2.5)
(-38 -66 2.5)
(-98 -62 2.5)
(-94 -62 2.5)
(-90 -62 2.5)
(-86 -62 2.5)
(-82 -62 2.5)
(-78 -62 2.5)
(-74 -62 2.5)
(-70 -62 2.5)
(-66 -62 2.5)
(-62 -62 2.5)
(-58 -62 2.5)
(-54 -62 2.5)
(-50 -62 2.5)
(-46 -62 2.5)
(-42 -62 2.5)
(-38 -62 2.5)
(-98 -58 2.5)
(-94 -58 2.5)
(-90 -58 2.5)
(-86 -58 2.5)
(-82 -58 2.5)
(-78 -58 2.5)
(-74 -58 2.5)
(-70 -58 2.5)
(-66 -58 2.5)
(-62 -58 2.5)
(-58 -58 2.5)
(-54 -58 2.5)
(-50 -58 2.5)
(-46 -58 2.5)
(-42 -58 2.5)
(-38 -58 2.5)
(-98 -54 2.5)
(-94 -54 2.5)
(-90 -54 2.5)
(-86 -54 2.5)
(-82 -54 2.5)
(-78 -54 2.5)
(-74 -54 2.5)
(-70 -54 2.5)
(-66 -54 2.5)
(-62 -54 2.5)
(-58 -54 2.5)
(-54 -54 2.5)
(-50 -54 2.5)
(-46 -54 2.5)
(-42 -54 2.5)
(-38 -54 2.5)
(-98 -50 2.5)
(-94 -50 2.5)
(-90 -50 2.5)
(-86 -50 2.5)
(-82 -50 2.5)
(-78 -50 2.5)
(-74 -50 2.5)
(-70 -50 2.5)
(-66 -50 2.5)
(-62 -50 2.5)
(-58 -50 2.5)
(-54 -50 2.5)
(-50 -50 2.5)
(-46 -50 2.5)
(-42 -50 2.5)
(-38 -50 2.5)
(-98 -46 2.5)
(-94 -46 2.5)
(-90 -46 2.5)
(-86 -46 2.5)
(-82 -46 2.5)
(-78 -46 2.5)
(-74 -46 2.5)
(-70 -46 2.5)
(-66 -46 2.5)
(-62 -46 2.5)
(-58 -46 2.5)
(-54 -46 2.5)
(-50 -46 2.5)
(-46 -46 2.5)
(-42 -46 2.5)
(-38 -46 2.5)
(-98 -42 2.5)
(-94 -42 2.5)
(-90 -42 2.5)
(-86 -42 2.5)
(-82 -42 2.5)
(-78 -42 2.5)
(-74 -42 2.5)
(-70 -42 2.5)
(-66 -42 2.5)
(-62 -42 2.5)
(-58 -42 2.5)
(-54 -42 2.5)
(-50 -42 2.5)
(-46 -42 2.5)
(-42 -42 2.5)
(-38 -42 2.5)
(-34 -42 2.5)
(-98 -38 2.5)
(-94 -38 2.5)
(-90 -38 2.5)
(-86 -38 2.5)
(-82 -38 2.5)
(-78 -38 2.5)
(-74 -38 2.5)
(-70 -38 2.5)
(-66 -38 2.5)
(-62 -38 2.5)
(-58 -38 2.5)
(-54 -38 2.5)
(-50 -38 2.5)
(-46 -38 2.5)
(-42 -38 2.5)
(-38 -38 2.5)
(-34 -38 2.5)
(-98 -34 2.5)
(-94 -34 2.5)
(-90 -34 2.5)
(-86 -34 2.5)
(-82 -34 2.5)
(-78 -34 2.5)
(-74 -34 2.5)
(-70 -34 2.5)
(-66 -34 2.5)
(-62 -34 2.5)
(-58 -34 2.5)
(-54 -34 2.5)
(-50 -34 2.5)
(-46 -34 2.5)
(-42 -34 2.5)
(-38 -34 2.5)
(-34 -34 2.5)
(-98 -30 2.5)
(-94 -30 2.5)
(-90 -30 2.5)
(-86 -30 2.5)
(-82 -30 2.5)
(-78 -30 2.5)
(-74 -30 2.5)
(-70 -30 2.5)
(-66 -30 2.5)
(-62 -30 2.5)
(-58 -30 2.5)
(-54 -30 2.5)
(-50 -30 2.5)
(-46 -30 2.5)
(-42 -30 2.5)
(-38 -30 2.5)
(-34 -30 2.5)
(-98 -26 2.5)
(-94 -26 2.5)
(-90 -26 2.5)
(-86 -26 2.5)
(-82 -26 2.5)
(-78 -26 2.5)
(-74 -26 2.5)
(-70 -26 2.5)
(-66 -26 2.5)
(-62 -26 2.5)
(-58 -26 2.5)
(-54 -26 2.5)
(-50 -26 2.5)
(-46 -26 2.5)
(-42 -26 2.5)
(-38 -26 2.5)
(-34 -26 2.5)
(-98 -22 2.5)
(-94 -22 2.5)
(-90 -22 2.5)
(-86 -22 2.5)
(-82 -22 2.5)
(-78 -22 2.5)
(-74 -22 2.5)
(-70 -22 2.5)
(-66 -22 2.5)
(-62 -22 2.5)
(-58 -22 2.5)
(-54 -22 2.5)
(-50 -22 2.5)
(-46 -22 2.5)
(-42 -22 2.5)
(-38 -22 2.5)
(-34 -22 2.5)
(-98 -18 2.5)
(-94 -18 2.5)
(-90 -18 2.5)
(-86 -18 2.5)
(-82 -18 2.5)
(-78 -18 2.5)
(-74 -18 2.5)
(-70 -18 2.5)
(-66 -18 2.5)
(-62 -18 2.5)
(-58 -18 2.5)
(-54 -18 2.5)
(-50 -18 2.5)
(-46 -18 2.5)
(-42 -18 2.5)
(-38 -18 2.5)
(-34 -18 2.5)
(-98 -14 2.5)
(-94 -14 2.5)
(-90 -14 2.5)
(-86 -14 2.5)
(-82 -14 2.5)
(-78 -14 2.5)
(-74 -14 2.5)
(-70 -14 2.5)
(-66 -14 2.5)
(-62 -14 2.5)
(-58 -14 2.5)
(-54 -14 2.5)
(-50 -14 2.5)
(-46 -14 2.5)
(-42 -14 2.5)
(-38 -14 2.5)
(-34 -14 2.5)
(-98 -10 2.5)
(-94 -10 2.5)
(-90 -10 2.5)
(-86 -10 2.5)
(-82 -10 2.5)
(-78 -10 2.5)
(-74 -10 2.5)
(-70 -10 2.5)
(-66 -10 2.5)
(-62 -10 2.5)
(-58 -10 2.5)
(-54 -10 2.5)
(-50 -10 2.5)
(-46 -10 2.5)
(-42 -10 2.5)
(-38 -10 2.5)
(-34 -10 2.5)
(-98 -6 2.5)
(-94 -6 2.5)
(-90 -6 2.5)
(-86 -6 2.5)
(-82 -6 2.5)
(-78 -6 2.5)
(-74 -6 2.5)
(-70 -6 2.5)
(-66 -6 2.5)
(-62 -6 2.5)
(-58 -6 2.5)
(-54 -6 2.5)
(-50 -6 2.5)
(-46 -6 2.5)
(-42 -6 2.5)
(-38 -6 2.5)
(-34 -6 2.5)
(-98 -2 2.5)
(-94 -2 2.5)
(-90 -2 2.5)
(-86 -2 2.5)
(-82 -2 2.5)
(-78 -2 2.5)
(-74 -2 2.5)
(-70 -2 2.5)
(-66 -2 2.5)
(-62 -2 2.5)
(-58 -2 2.5)
(-54 -2 2.5)
(-50 -2 2.5)
(-46 -2 2.5)
(-42 -2 2.5)
(-38 -2 2.5)
(-34 -2 2.5)
(-98 2 2.5)
(-94 2 2.5)
(-90 2 2.5)
(-98 -98 7.5)
(-94 -98 7.5)
(-90 -98 7.5)
(-86 -98 7.5)
(-82 -98 7.5)
(-78 -98 7.5)
(-74 -98 7.5)
(-70 -98 7.5)
(-66 -98 7.5)
(-62 -98 7.5)
(-58 -98 7.5)
(-54 -98 7.5)
(-50 -98 7.5)
(-46 -98 7.5)
(-42 -98 7.5)
(-38 -98 7.5)
(-98 -94 7.5)
(-94 -94 7.5)
(-90 -94 7.5)
(-86 -94 7.5)
(-82 -94 7.5)
(-78 -94 7.5)
(-74 -94 7.5)
(-70 -94 7.5)
(-66 -94 7.5)
(-62 -94 7.5)
(-58 -94 7.5)
(-54 -94 7.5)
(-50 -94 7.5)
(-46 -94 7.5)
(-42 -94 7.5)
(-38 -94 7.5)
(-98 -90 7.5)
(-94 -90 7.5)
(-90 -90 7.5)
(-86 -90 7.5)
(-82 -90 7.5)
(-78 -90 7.5)
(-74 -90 7.5)
(-70 -90 7.5)
(-66 -90 7.5)
(-62 -90 7.5)
(-58 -90 7.5)
(-54 -90 7.5)
(-50 -90 7.5)
(-46 -90 7.5)
(-42 -90 7.5)
(-38 -90 7.5)
(-98 -86 7.5)
(-94 -86 7.5)
(-90 -86 7.5)
(-86 -86 7.5)
(-82 -86 7.5)
(-78 -86 7.5)
(-74 -86 7.5)
(-70 -86 7.5)
(-66 -86 7.5)
(-62 -86 7.5)
(-58 -86 7.5)
(-54 -86 7.5)
(-50 -86 7.5)
(-46 -86 7.5)
(-42 -86 7.5)
(-38 -86 7.5)
(-98 -82 7.5)
(-94 -82 7.5)
(-90 -82 7.5)
(-86 -82 7.5)
(-82 -82 7.5)
(-78 -82 7.5)
(-74 -82 7.5)
(-70 -82 7.5)
(-66 -82 7.5)
(-62 -82 7.5)
(-58 -82 7.5)
(-54 -82 7.5)
(-50 -82 7.5)
(-46 -82 7.5)
(-42 -82 7.5)
(-38 -82 7.5)
(-98 -78 7.5)
(-94 -78 7.5)
(-90 -78 7.5)
(-86 -78 7.5)
(-82 -78 7.5)
(-78 -78 7.5)
(-74 -78 7.5)
(-70 -78 7.5)
(-66 -78 7.5)
(-62 -78 7.5)
(-58 -78 7.5)
(-54 -78 7.5)
(-50 -78 7.5)
(-46 -78 7.5)
(-42 -78 7.5)
(-38 -78 7.5)
(-98 -74 7.5)
(-94 -74 7.5)
(-90 -74 7.5)
(-86 -74 7.5)
(-82 -74 7.5)
(-78 -74 7.5)
(-74 -74 7.5)
(-70 -74 7.5)
(-66 -74 7.5)
(-62 -74 7.5)
(-58 -74 7.5)
(-54 -74 7.5)
(-50 -74 7.5)
(-46 -74 7.5)
(-42 -74 7.5)
(-38 -74 7.5)
(-98 -70 7.5)
(-94 -70 7.5)
(-90 -70 7.5)
(-86 -70 7.5)
(-82 -70 7.5)
(-78 -70 7.5)
(-74 -70 7.5)
(-70 -70 7.5)
(-66 -70 7.5)
(-62 -70 7.5)
(-58 -70 7.5)
(-54 -70 7.5)
(-50 -70 7.5)
(-46 -70 7.5)
(-42 -70 7.5)
(-38 -70 7.5)
(-98 -66 7.5)
(-94 -66 7.5)
(-90 -66 7.5)
(-86 -66 7.5)
(-82 -66 7.5)
(-78 -66 7.5)
(-74 -66 7.5)
(-70 -66 7.5)
(-66 -66 7.5)
(-62 -66 7.5)
(-58 -66 7.5)
(-54 -66 7.5)
(-50 -66 7.5)
(-46 -66 7.5)
(-42 -66 7.5)
(-38 -66 7.5)
(-98 -62 7.5)
(-94 -62 7.5)
(-90 -62 7.5)
(-86 -62 7.5)
(-82 -62 7.5)
(-78 -62 7.5)
(-74 -62 7.5)
(-70 -62 7.5)
(-66 -62 7.5)
(-62 -62 7.5)
(-58 -62 7.5)
(-54 -62 7.5)
(-50 -62 7.5)
(-46 -62 7.5)
(-42 -62 7.5)
(-38 -62 7.5)
(-98 -58 7.5)
(-94 -58 7.5)
(-90 -58 7.5)
(-86 -58 7.5)
(-82 -58 7.5)
(-78 -58 7.5)
(-74 -58 7.5)
(-70 -58 7.5)
(-66 -58 7.5)
(-62 -58 7.5)
(-58 -58 7.5)
(-54 -58 7.5)
(-50 -58 7.5)
(-46 -58 7.5)
(-42 -58 7.5)
(-38 -58 7.5)
(-98 -54 7.5)
(-94 -54 7.5)
(-90 -54 7.5)
(-86 -54 7.5)
(-82 -54 7.5)
(-78 -54 7.5)
(-74 -54 7.5)
(-70 -54 7.5)
(-66 -54 7.5)
(-62 -54 7.5)
(-58 -54 7.5)
(-54 -54 7.5)
(-50 -54 7.5)
(-46 -54 7.5)
(-42 -54 7.5)
(-38 -54 7.5)
(-98 -50 7.5)
(-94 -50 7.5)
(-90 -50 7.5)
(-86 -50 7.5)
(-82 -50 7.5)
(-78 -50 7.5)
(-74 -50 7.5)
(-70 -50 7.5)
(-66 -50 7.5)
(-62 -50 7.5)
(-58 -50 7.5)
(-54 -50 7.5)
(-50 -50 7.5)
(-46 -50 7.5)
(-42 -50 7.5)
(-38 -50 7.5)
(-98 -46 7.5)
(-94 -46 7.5)
(-90 -46 7.5)
(-86 -46 7.5)
(-82 -46 7.5)
(-78 -46 7.5)
(-74 -46 7.5)
(-70 -46 7.5)
(-66 -46 7.5)
(-62 -46 7.5)
(-58 -46 7.5)
(-54 -46 7.5)
(-50 -46 7.5)
(-46 -46 7.5)
(-42 -46 7.5)
(-38 -46 7.5)
(-98 -42 7.5)
(-94 -42 7.5)
(-90 -42 7.5)
(-86 -42 7.5)
(-82 -42 7.5)
(-78 -42 7.5)
(-74 -42 7.5)
(-70 -42 7.5)
(-66 -42 7.5)
(-62 -42 7.5)
(-58 -42 7.5)
(-54 -42 7.5)
(-50 -42 7.5)
(-46 -42 7.5)
(-42 -42 7.5)
(-38 -42 7.5)
(-98 -38 7.5)
(-94 -38 7.5)
(-90 -38 7.5)
(-86 -38 7.5)
(-82 -38 7.5)
(-78 -38 7.5)
(-74 -38 7.5)
(-70 -38 7.5)
(-66 -38 7.5)
(-62 -38 7.5)
(-58 -38 7.5)
(-54 -38 7.5)
(-50 -38 7.5)
(-46 -38 7.5)
(-42 -38 7.5)
(-38 -38 7.5)
(-98 -34 7.5)
(-94 -34 7.5)
(-90 -34 7.5)
(-86 -34 7.5)
(-82 -34 7.5)
(-78 -34 7.5)
(-74 -34 7.5)
(-70 -34 7.5)
(-66 -34 7.5)
(-62 -34 7.5)
(-58 -34 7.5)
(-54 -34 7.5)
(-50 -34 7.5)
(-46 -34 7.5)
(-42 -34 7.5)
(-38 -34 7.5)
(-34 -34 7.5)
(-98 -30 7.5)
(-94 -30 7.5)
(-90 -30 7.5)
(-86 -30 7.5)
(-82 -30 7.5)
(-78 -30 7.5)
(-74 -30 7.5)
(-70 -30 7.5)
(-66 -30 7.5)
(-62 -30 7.5)
(-58 -30 7.5)
(-54 -30 7.5)
(-50 -30 7.5)
(-46 -30 7.5)
(-42 -30 7.5)
(-38 -30 7.5)
(-34 -30 7.5)
(-98 -26 7.5)
(-94 -26 7.5)
(-90 -26 7.5)
(-86 -26 7.5)
(-82 -26 7.5)
(-78 -26 7.5)
(-74 -26 7.5)
(-70 -26 7.5)
(-66 -26 7.5)
(-62 -26 7.5)
(-58 -26 7.5)
(-54 -26 7.5)
(-50 -26 7.5)
(-46 -26 7.5)
(-42 -26 7.5)
(-38 -26 7.5)
(-34 -26 7.5)
(-98 -22 7.5)
(-94 -22 7.5)
(-90 -22 7.5)
(-86 -22 7.5)
(-82 -22 7.5)
(-78 -22 7.5)
(-74 -22 7.5)
(-70 -22 7.5)
(-66 -22 7.5)
(-62 -22 7.5)
(-58 -22 7.5)
(-54 -22 7.5)
(-50 -22 7.5)
(-46 -22 7.5)
(-42 -22 7.5)
(-38 -22 7.5)
(-34 -22 7.5)
(-98 -18 7.5)
(-94 -18 7.5)
(-90 -18 7.5)
(-86 -18 7.5)
(-82 -18 7.5)
(-78 -18 7.5)
(-74 -18 7.5)
(-70 -18 7.5)
(-66 -18 7.5)
(-62 -18 7.5)
(-58 -18 7.5)
(-54 -18 7.5)
(-50 -18 7.5)
(-46 -18 7.5)
(-42 -18 7.5)
(-38 -18 7.5)
(-34 -18 7.5)
(-98 -14 7.5)
(-94 -14 7.5)
(-90 -14 7.5)
(-86 -14 7.5)
(-82 -14 7.5)
(-78 -14 7.5)
(-74 -14 7.5)
(-70 -14 7.5)
(-66 -14 7.5)
(-62 -14 7.5)
(-58 -14 7.5)
(-54 -14 7.5)
(-50 -14 7.5)
(-46 -14 7.5)
(-42 -14 7.5)
(-38 -14 7.5)
(-34 -14 7.5)
(-98 -10 7.5)
(-94 -10 7.5)
(-90 -10 7.5)
(-86 -10 7.5)
(-82 -10 7.5)
(-78 -10 7.5)
(-74 -10 7.5)
(-70 -10 7.5)
(-66 -10 7.5)
(-62 -10 7.5)
(-58 -10 7.5)
(-54 -10 7.5)
(-50 -10 7.5)
(-46 -10 7.5)
(-42 -10 7.5)
(-38 -10 7.5)
(-34 -10 7.5)
(-98 -6 7.5)
(-94 -6 7.5)
(-90 -6 7.5)
(-86 -6 7.5)
(-82 -6 7.5)
(-78 -6 7.5)
(-74 -6 7.5)
(-70 -6 7.5)
(-66 -6 7.5)
(-62 -6 7.5)
(-58 -6 7.5)
(-54 -6 7.5)
(-50 -6 7.5)
(-46 -6 7.5)
(-42 -6 7.5)
(-38 -6 7.5)
(-34 -6 7.5)
(-98 -2 7.5)
(-94 -2 7.5)
(-90 -2 7.5)
(-86 -2 7.5)
(-82 -2 7.5)
(-78 -2 7.5)
(-74 -2 7.5)
(-70 -2 7.5)
(-66 -2 7.5)
(-62 -2 7.5)
(-58 -2 7.5)
(-54 -2 7.5)
(-50 -2 7.5)
(-46 -2 7.5)
(-42 -2 7.5)
(-38 -2 7.5)
(-34 -2 7.5)
(-98 2 7.5)
(-94 2 7.5)
(-90 2 7.5)
(-86 2 7.5)
(-82 2 7.5)
(-78 2 7.5)
(-98 -98 12.5)
(-94 -98 12.5)
(-90 -98 12.5)
(-86 -98 12.5)
(-82 -98 12.5)
(-78 -98 12.5)
(-74 -98 12.5)
(-70 -98 12.5)
(-66 -98 12.5)
(-62 -98 12.5)
(-58 -98 12.5)
(-54 -98 12.5)
(-50 -98 12.5)
(-46 -98 12.5)
(-42 -98 12.5)
(-38 -98 12.5)
(-98 -94 12.5)
(-94 -94 12.5)
(-90 -94 12.5)
(-86 -94 12.5)
(-82 -94 12.5)
(-78 -94 12.5)
(-74 -94 12.5)
(-70 -94 12.5)
(-66 -94 12.5)
(-62 -94 12.5)
(-58 -94 12.5)
(-54 -94 12.5)
(-50 -94 12.5)
(-46 -94 12.5)
(-42 -94 12.5)
(-38 -94 12.5)
(-98 -90 12.5)
(-94 -90 12.5)
(-90 -90 12.5)
(-86 -90 12.5)
(-82 -90 12.5)
(-78 -90 12.5)
(-74 -90 12.5)
(-70 -90 12.5)
(-66 -90 12.5)
(-62 -90 12.5)
(-58 -90 12.5)
(-54 -90 12.5)
(-50 -90 12.5)
(-46 -90 12.5)
(-42 -90 12.5)
(-38 -90 12.5)
(-98 -86 12.5)
(-94 -86 12.5)
(-90 -86 12.5)
(-86 -86 12.5)
(-82 -86 12.5)
(-78 -86 12.5)
(-74 -86 12.5)
(-70 -86 12.5)
(-66 -86 12.5)
(-62 -86 12.5)
(-58 -86 12.5)
(-54 -86 12.5)
(-50 -86 12.5)
(-46 -86 12.5)
(-42 -86 12.5)
(-38 -86 12.5)
(-98 -82 12.5)
(-94 -82 12.5)
(-90 -82 12.5)
(-86 -82 12.5)
(-82 -82 12.5)
(-78 -82 12.5)
(-74 -82 12.5)
(-70 -82 12.5)
(-66 -82 12.5)
(-62 -82 12.5)
(-58 -82 12.5)
(-54 -82 12.5)
(-50 -82 12.5)
(-46 -82 12.5)
(-42 -82 12.5)
(-38 -82 12.5)
(-98 -78 12.5)
(-94 -78 12.5)
(-90 -78 12.5)
(-86 -78 12.5)
(-82 -78 12.5)
(-78 -78 12.5)
(-74 -78 12.5)
(-70 -78 12.5)
(-66 -78 12.5)
(-62 -78 12.5)
(-58 -78 12.5)
(-54 -78 12.5)
(-50 -78 12.5)
(-46 -78 12.5)
(-42 -78 12.5)
(-38 -78 12.5)
(-98 -74 12.5)
(-94 -74 12.5)
(-90 -74 12.5)
(-86 -74 12.5)
(-82 -74 12.5)
(-78 -74 12.5)
(-74 -74 12.5)
(-70 -74 12.5)
(-66 -74 12.5)
(-62 -74 12.5)
(-58 -74 12.5)
(-54 -74 12.5)
(-50 -74 12.5)
(-46 -74 12.5)
(-42 -74 12.5)
(-38 -74 12.5)
(-98 -70 12.5)
(-94 -70 12.5)
(-90 -70 12.5)
(-86 -70 12.5)
(-82 -70 12.5)
(-78 -70 12.5)
(-74 -70 12.5)
(-70 -70 12.5)
(-66 -70 12.5)
(-62 -70 12.5)
(-58 -70 12.5)
(-54 -70 12.5)
(-50 -70 12.5)
(-46 -70 12.5)
(-42 -70 12.5)
(-38 -70 12.5)
(-98 -66 12.5)
(-94 -66 12.5)
(-90 -66 12.5)
(-86 -66 12.5)
(-82 -66 12.5)
(-78 -66 12.5)
(-74 -66 12.5)
(-70 -66 12.5)
(-66 -66 12.5)
(-62 -66 12.5)
(-58 -66 12.5)
(-54 -66 12.5)
(-50 -66 12.5)
(-46 -66 12.5)
(-42 -66 12.5)
(-38 -66 12.5)
(-98 -62 12.5)
(-94 -62 12.5)
(-90 -62 12.5)
(-86 -62 12.5)
(-82 -62 12.5)
(-78 -62 12.5)
(-74 -62 12.5)
(-70 -62 12.5)
(-66 -62 12.5)
(-62 -62 12.5)
(-58 -62 12.5)
(-54 -62 12.5)
(-50 -62 12.5)
(-46 -62 12.5)
(-42 -62 12.5)
(-38 -62 12.5)
(-98 -58 12.5)
(-94 -58 12.5)
(-90 -58 12.5)
(-86 -58 12.5)
(-82 -58 12.5)
(-78 -58 12.5)
(-74 -58 12.5)
(-70 -58 12.5)
(-66 -58 12.5)
(-62 -58 12.5)
(-58 -58 12.5)
(-54 -58 12.5)
(-50 -58 12.5)
(-46 -58 12.5)
(-42 -58 12.5)
(-38 -58 12.5)
(-98 -54 12.5)
(-94 -54 12.5)
(-90 -54 12.5)
(-86 -54 12.5)
(-82 -54 12.5)
(-78 -54 12.5)
(-74 -54 12.5)
(-70 -54 12.5)
(-66 -54 12.5)
(-62 -54 12.5)
(-58 -54 12.5)
(-54 -54 12.5)
(-50 -54 12.5)
(-46 -54 12.5)
(-42 -54 12.5)
(-38 -54 12.5)
(-98 -50 12.5)
(-94 -50 12.5)
(-90 -50 12.5)
(-86 -50 12.5)
(-82 -50 12.5)
(-78 -50 12.5)
(-74 -50 12.5)
(-70 -50 12.5)
(-66 -50 12.5)
(-62 -50 12.5)
(-58 -50 12.5)
(-54 -50 12.5)
(-50 -50 12.5)
(-46 -50 12.5)
(-42 -50 12.5)
(-38 -50 12.5)
(-98 -46 12.5)
(-94 -46 12.5)
(-90 -46 12.5)
(-86 -46 12.5)
(-82 -46 12.5)
(-78 -46 12.5)
(-74 -46 12.5)
(-70 -46 12.5)
(-66 -46 12.5)
(-62 -46 12.5)
(-58 -46 12.5)
(-54 -46 12.5)
(-50 -46 12.5)
(-46 -46 12.5)
(-42 -46 12.5)
(-38 -46 12.5)
(-98 -42 12.5)
(-94 -42 12.5)
(-90 -42 12.5)
(-86 -42 12.5)
(-82 -42 12.5)
(-78 -42 12.5)
(-74 -42 12.5)
(-70 -42 12.5)
(-66 -42 12.5)
(-62 -42 12.5)
(-58 -42 12.5)
(-54 -42 12.5)
(-50 -42 12.5)
(-46 -42 12.5)
(-42 -42 12.5)
(-38 -42 12.5)
(-98 -38 12.5)
(-94 -38 12.5)
(-90 -38 12.5)
(-86 -38 12.5)
(-82 -38 12.5)
(-78 -38 12.5)
(-74 -38 12.5)
(-70 -38 12.5)
(-66 -38 12.5)
(-62 -38 12.5)
(-58 -38 12.5)
(-54 -38 12.5)
(-50 -38 12.5)
(-46 -38 12.5)
(-42 -38 12.5)
(-38 -38 12.5)
(-98 -34 12.5)
(-94 -34 12.5)
(-90 -34 12.5)
(-86 -34 12.5)
(-82 -34 12.5)
(-78 -34 12.5)
(-74 -34 12.5)
(-70 -34 12.5)
(-66 -34 12.5)
(-62 -34 12.5)
(-58 -34 12.5)
(-54 -34 12.5)
(-50 -34 12.5)
(-46 -34 12.5)
(-42 -34 12.5)
(-38 -34 12.5)
(-98 -30 12.5)
(-94 -30 12.5)
(-90 -30 12.5)
(-86 -30 12.5)
(-82 -30 12.5)
(-78 -30 12.5)
(-74 -30 12.5)
(-70 -30 12.5)
(-66 -30 12.5)
(-62 -30 12.5)
(-58 -30 12.5)
(-54 -30 12.5)
(-50 -30 12.5)
(-46 -30 12.5)
(-42 -30 12.5)
(-38 -30 12.5)
(-34 -30 12.5)
(-98 -26 12.5)
(-94 -26 12.5)
(-90 -26 12.5)
(-86 -26 12.5)
(-82 -26 12.5)
(-78 -26 12.5)
(-74 -26 12.5)
(-70 -26 12.5)
(-66 -26 12.5)
(-62 -26 12.5)
(-58 -26 12.5)
(-54 -26 12.5)
(-50 -26 12.5)
(-46 -26 12.5)
(-42 -26 12.5)
(-38 -26 12.5)
(-34 -26 12.5)
(-98 -22 12.5)
(-94 -22 12.5)
(-90 -22 12.5)
(-86 -22 12.5)
(-82 -22 12.5)
(-78 -22 12.5)
(-74 -22 12.5)
(-70 -22 12.5)
(-66 -22 12.5)
(-62 -22 12.5)
(-58 -22 12.5)
(-54 -22 12.5)
(-50 -22 12.5)
(-46 -22 12.5)
(-42 -22 12.5)
(-38 -22 12.5)
(-34 -22 12.5)
(-98 -18 12.5)
(-94 -18 12.5)
(-90 -18 12.5)
(-86 -18 12.5)
(-82 -18 12.5)
(-78 -18 12.5)
(-74 -18 12.5)
(-70 -18 12.5)
(-66 -18 12.5)
(-62 -18 12.5)
(-58 -18 12.5)
(-54 -18 12.5)
(-50 -18 12.5)
(-46 -18 12.5)
(-42 -18 12.5)
(-38 -18 12.5)
(-34 -18 12.5)
(-98 -14 12.5)
(-94 -14 12.5)
(-90 -14 12.5)
(-86 -14 12.5)
(-82 -14 12.5)
(-78 -14 12.5)
(-74 -14 12.5)
(-70 -14 12.5)
(-66 -14 12.5)
(-62 -14 12.5)
(-58 -14 12.5)
(-54 -14 12.5)
(-50 -14 12.5)
(-46 -14 12.5)
(-42 -14 12.5)
(-38 -14 12.5)
(-34 -14 12.5)
(-98 -10 12.5)
(-94 -10 12.5)
(-90 -10 12.5)
(-86 -10 12.5)
(-82 -10 12.5)
(-78 -10 12.5)
(-74 -10 12.5)
(-70 -10 12.5)
(-66 -10 12.5)
(-62 -10 12.5)
(-58 -10 12.5)
(-54 -10 12.5)
(-50 -10 12.5)
(-46 -10 12.5)
(-42 -10 12.5)
(-38 -10 12.5)
(-34 -10 12.5)
(-98 -6 12.5)
(-94 -6 12.5)
(-90 -6 12.5)
(-86 -6 12.5)
(-82 -6 12.5)
(-78 -6 12.5)
(-74 -6 12.5)
(-70 -6 12.5)
(-66 -6 12.5)
(-62 -6 12.5)
(-58 -6 12.5)
(-54 -6 12.5)
(-50 -6 12.5)
(-46 -6 12.5)
(-42 -6 12.5)
(-38 -6 12.5)
(-34 -6 12.5)
(-98 -2 12.5)
(-94 -2 12.5)
(-90 -2 12.5)
(-86 -2 12.5)
(-82 -2 12.5)
(-78 -2 12.5)
(-74 -2 12.5)
(-70 -2 12.5)
(-66 -2 12.5)
(-62 -2 12.5)
(-58 -2 12.5)
(-54 -2 12.5)
(-50 -2 12.5)
(-46 -2 12.5)
(-42 -2 12.5)
(-38 -2 12.5)
(-34 -2 12.5)
(-98 2 12.5)
(-94 2 12.5)
(-90 2 12.5)
(-86 2 12.5)
(-82 2 12.5)
(-78 2 12.5)
(-74 2 12.5)
(-70 2 12.5)
(-98 -98 17.5)
(-94 -98 17.5)
(-90 -98 17.5)
(-86 -98 17.5)
(-82 -98 17.5)
(-78 -98 17.5)
(-74 -98 17.5)
(-70 -98 17.5)
(-66 -98 17.5)
(-62 -98 17.5)
(-58 -98 17.5)
(-54 -98 17.5)
(-50 -98 17.5)
(-46 -98 17.5)
(-42 -98 17.5)
(-38 -98 17.5)
(-98 -94 17.5)
(-94 -94 17.5)
(-90 -94 17.5)
(-86 -94 17.5)
(-82 -94 17.5)
(-78 -94 17.5)
(-74 -94 17.5)
(-70 -94 17.5)
(-66 -94 17.5)
(-62 -94 17.5)
(-58 -94 17.5)
(-54 -94 17.5)
(-50 -94 17.5)
(-46 -94 17.5)
(-42 -94 17.5)
(-38 -94 17.5)
(-98 -90 17.5)
(-94 -90 17.5)
(-90 -90 17.5)
(-86 -90 17.5)
(-82 -90 17.5)
(-78 -90 17.5)
(-74 -90 17.5)
(-70 -90 17.5)
(-66 -90 17.5)
(-62 -90 17.5)
(-58 -90 17.5)
(-54 -90 17.5)
(-50 -90 17.5)
(-46 -90 17.5)
(-42 -90 17.5)
(-38 -90 17.5)
(-98 -86 17.5)
(-94 -86 17.5)
(-90 -86 17.5)
(-86 -86 17.5)
(-82 -86 17.5)
(-78 -86 17.5)
(-74 -86 17.5)
(-70 -86 17.5)
(-66 -86 17.5)
(-62 -86 17.5)
(-58 -86 17.5)
(-54 -86 17.5)
(-50 -86 17.5)
(-46 -86 17.5)
(-42 -86 17.5)
(-38 -86 17.5)
(-98 -82 17.5)
(-94 -82 17.5)
(-90 -82 17.5)
(-86 -82 17.5)
(-82 -82 17.5)
(-78 -82 17.5)
(-74 -82 17.5)
(-70 -82 17.5)
(-66 -82 17.5)
(-62 -82 17.5)
(-58 -82 17.5)
(-54 -82 17.5)
(-50 -82 17.5)
(-46 -82 17.5)
(-42 -82 17.5)
(-38 -82 17.5)
(-98 -78 17.5)
(-94 -78 17.5)
(-90 -78 17.5)
(-86 -78 17.5)
(-82 -78 17.5)
(-78 -78 17.5)
(-74 -78 17.5)
(-70 -78 17.5)
(-66 -78 17.5)
(-62 -78 17.5)
(-58 -78 17.5)
(-54 -78 17.5)
(-50 -78 17.5)
(-46 -78 17.5)
(-42 -78 17.5)
(-38 -78 17.5)
(-98 -74 17.5)
(-94 -74 17.5)
(-90 -74 17.5)
(-86 -74 17.5)
(-82 -74 17.5)
(-78 -74 17.5)
(-74 -74 17.5)
(-70 -74 17.5)
(-66 -74 17.5)
(-62 -74 17.5)
(-58 -74 17.5)
(-54 -74 17.5)
(-50 -74 17.5)
(-46 -74 17.5)
(-42 -74 17.5)
(-38 -74 17.5)
(-98 -70 17.5)
(-94 -70 17.5)
(-90 -70 17.5)
(-86 -70 17.5)
(-82 -70 17.5)
(-78 -70 17.5)
(-74 -70 17.5)
(-70 -70 17.5)
(-66 -70 17.5)
(-62 -70 17.5)
(-58 -70 17.5)
(-54 -70 17.5)
(-50 -70 17.5)
(-46 -70 17.5)
(-42 -70 17.5)
(-38 -70 17.5)
(-98 -66 17.5)
(-94 -66 17.5)
(-90 -66 17.5)
(-86 -66 17.5)
(-82 -66 17.5)
(-78 -66 17.5)
(-74 -66 17.5)
(-70 -66 17.5)
(-66 -66 17.5)
(-62 -66 17.5)
(-58 -66 17.5)
(-54 -66 17.5)
(-50 -66 17.5)
(-46 -66 17.5)
(-42 -66 17.5)
(-38 -66 17.5)
(-98 -62 17.5)
(-94 -62 17.5)
(-90 -62 17.5)
(-86 -62 17.5)
(-82 -62 17.5)
(-78 -62 17.5)
(-74 -62 17.5)
(-70 -62 17.5)
(-66 -62 17.5)
(-62 -62 17.5)
(-58 -62 17.5)
(-54 -62 17.5)
(-50 -62 17.5)
(-46 -62 17.5)
(-42 -62 17.5)
(-38 -62 17.5)
(-98 -58 17.5)
(-94 -58 17.5)
(-90 -58 17.5)
(-86 -58 17.5)
(-82 -58 17.5)
(-78 -58 17.5)
(-74 -58 17.5)
(-70 -58 17.5)
(-66 -58 17.5)
(-62 -58 17.5)
(-58 -58 17.5)
(-54 -58 17.5)
(-50 -58 17.5)
(-46 -58 17.5)
(-42 -58 17.5)
(-38 -58 17.5)
(-98 -54 17.5)
(-94 -54 17.5)
(-90 -54 17.5)
(-86 -54 17.5)
(-82 -54 17.5)
(-78 -54 17.5)
(-74 -54 17.5)
(-70 -54 17.5)
(-66 -54 17.5)
(-62 -54 17.5)
(-58 -54 17.5)
(-54 -54 17.5)
(-50 -54 17.5)
(-46 -54 17.5)
(-42 -54 17.5)
(-38 -54 17.5)
(-98 -50 17.5)
(-94 -50 17.5)
(-90 -50 17.5)
(-86 -50 17.5)
(-82 -50 17.5)
(-78 -50 17.5)
(-74 -50 17.5)
(-70 -50 17.5)
(-66 -50 17.5)
(-62 -50 17.5)
(-58 -50 17.5)
(-54 -50 17.5)
(-50 -50 17.5)
(-46 -50 17.5)
(-42 -50 17.5)
(-38 -50 17.5)
(-98 -46 17.5)
(-94 -46 17.5)
(-90 -46 17.5)
(-86 -46 17.5)
(-82 -46 17.5)
(-78 -46 17.5)
(-74 -46 17.5)
(-70 -46 17.5)
(-66 -46 17.5)
(-62 -46 17.5)
(-58 -46 17.5)
(-54 -46 17.5)
(-50 -46 17.5)
(-46 -46 17.5)
(-42 -46 17.5)
(-38 -46 17.5)
(-98 -42 17.5)
(-94 -42 17.5)
(-90 -42 17.5)
(-86 -42 17.5)
(-82 -42 17.5)
(-78 -42 17.5)
(-74 -42 17.5)
(-70 -42 17.5)
(-66 -42 17.5)
(-62 -42 17.5)
(-58 -42 17.5)
(-54 -42 17.5)
(-50 -42 17.5)
(-46 -42 17.5)
(-42 -42 17.5)
(-38 -42 17.5)
(-98 -38 17.5)
(-94 -38 17.5)
(-90 -38 17.5)
(-86 -38 17.5)
(-82 -38 17.5)
(-78 -38 17.5)
(-74 -38 17.5)
(-70 -38 17.5)
(-66 -38 17.5)
(-62 -38 17.5)
(-58 -38 17.5)
(-54 -38 17.5)
(-50 -38 17.5)
(-46 -38 17.5)
(-42 -38 17.5)
(-38 -38 17.5)
(-98 -34 17.5)
(-94 -34 17.5)
(-90 -34 17.5)
(-86 -34 17.5)
(-82 -34 17.5)
(-78 -34 17.5)
(-74 -34 17.5)
(-70 -34 17.5)
(-66 -34 17.5)
(-62 -34 17.5)
(-58 -34 17.5)
(-54 -34 17.5)
(-50 -34 17.5)
(-46 -34 17.5)
(-42 -34 17.5)
(-38 -34 17.5)
(-98 -30 17.5)
(-94 -30 17.5)
(-90 -30 17.5)
(-86 -30 17.5)
(-82 -30 17.5)
(-78 -30 17.5)
(-74 -30 17.5)
(-70 -30 17.5)
(-66 -30 17.5)
(-62 -30 17.5)
(-58 -30 17.5)
(-54 -30 17.5)
(-50 -30 17.5)
(-46 -30 17.5)
(-42 -30 17.5)
(-38 -30 17.5)
(-98 -26 17.5)
(-94 -26 17.5)
(-90 -26 17.5)
(-86 -26 17.5)
(-82 -26 17.5)
(-78 -26 17.5)
(-74 -26 17.5)
(-70 -26 17.5)
(-66 -26 17.5)
(-62 -26 17.5)
(-58 -26 17.5)
(-54 -26 17.5)
(-50 -26 17.5)
(-46 -26 17.5)
(-42 -26 17.5)
(-38 -26 17.5)
(-34 -26 17.5)
(-98 -22 17.5)
(-94 -22 17.5)
(-90 -22 17.5)
(-86 -22 17.5)
(-82 -22 17.5)
(-78 -22 17.5)
(-74 -22 17.5)
(-70 -22 17.5)
(-66 -22 17.5)
(-62 -22 17.5)
(-58 -22 17.5)
(-54 -22 17.5)
(-50 -22 17.5)
(-46 -22 17.5)
(-42 -22 17.5)
(-38 -22 17.5)
(-34 -22 17.5)
(-98 -18 17.5)
(-94 -18 17.5)
(-90 -18 17.5)
(-86 -18 17.5)
(-82 -18 17.5)
(-78 -18 17.5)
(-74 -18 17.5)
(-70 -18 17.5)
(-66 -18 17.5)
(-62 -18 17.5)
(-58 -18 17.5)
(-54 -18 17.5)
(-50 -18 17.5)
(-46 -18 17.5)
(-42 -18 17.5)
(-38 -18 17.5)
(-34 -18 17.5)
(-98 -14 17.5)
(-94 -14 17.5)
(-90 -14 17.5)
(-86 -14 17.5)
(-82 -14 17.5)
(-78 -14 17.5)
(-74 -14 17.5)
(-70 -14 17.5)
(-66 -14 17.5)
(-62 -14 17.5)
(-58 -14 17.5)
(-54 -14 17.5)
(-50 -14 17.5)
(-46 -14 17.5)
(-42 -14 17.5)
(-38 -14 17.5)
(-34 -14 17.5)
(-98 -10 17.5)
(-94 -10 17.5)
(-90 -10 17.5)
(-86 -10 17.5)
(-82 -10 17.5)
(-78 -10 17.5)
(-74 -10 17.5)
(-70 -10 17.5)
(-66 -10 17.5)
(-62 -10 17.5)
(-58 -10 17.5)
(-54 -10 17.5)
(-50 -10 17.5)
(-46 -10 17.5)
(-42 -10 17.5)
(-38 -10 17.5)
(-34 -10 17.5)
(-98 -6 17.5)
(-94 -6 17.5)
(-90 -6 17.5)
(-86 -6 17.5)
(-82 -6 17.5)
(-78 -6 17.5)
(-74 -6 17.5)
(-70 -6 17.5)
(-66 -6 17.5)
(-62 -6 17.5)
(-58 -6 17.5)
(-54 -6 17.5)
(-50 -6 17.5)
(-46 -6 17.5)
(-42 -6 17.5)
(-38 -6 17.5)
(-34 -6 17.5)
(-98 -2 17.5)
(-94 -2 17.5)
(-90 -2 17.5)
(-86 -2 17.5)
(-82 -2 17.5)
(-78 -2 17.5)
(-74 -2 17.5)
(-70 -2 17.5)
(-66 -2 17.5)
(-62 -2 17.5)
(-58 -2 17.5)
(-54 -2 17.5)
(-50 -2 17.5)
(-46 -2 17.5)
(-42 -2 17.5)
(-38 -2 17.5)
(-34 -2 17.5)
(-98 2 17.5)
(-94 2 17.5)
(-90 2 17.5)
(-86 2 17.5)
(-82 2 17.5)
(-78 2 17.5)
(-74 2 17.5)
(-70 2 17.5)
(-66 2 17.5)
(-62 2 17.5)
(-58 2 17.5)
(-98 -98 22.5)
(-94 -98 22.5)
(-90 -98 22.5)
(-86 -98 22.5)
(-82 -98 22.5)
(-78 -98 22.5)
(-74 -98 22.5)
(-70 -98 22.5)
(-66 -98 22.5)
(-62 -98 22.5)
(-58 -98 22.5)
(-54 -98 22.5)
(-50 -98 22.5)
(-46 -98 22.5)
(-42 -98 22.5)
(-38 -98 22.5)
(-98 -94 22.5)
(-94 -94 22.5)
(-90 -94 22.5)
(-86 -94 22.5)
(-82 -94 22.5)
(-78 -94 22.5)
(-74 -94 22.5)
(-70 -94 22.5)
(-66 -94 22.5)
(-62 -94 22.5)
(-58 -94 22.5)
(-54 -94 22.5)
(-50 -94 22.5)
(-46 -94 22.5)
(-42 -94 22.5)
(-38 -94 22.5)
(-98 -90 22.5)
(-94 -90 22.5)
(-90 -90 22.5)
(-86 -90 22.5)
(-82 -90 22.5)
(-78 -90 22.5)
(-74 -90 22.5)
(-70 -90 22.5)
(-66 -90 22.5)
(-62 -90 22.5)
(-58 -90 22.5)
(-54 -90 22.5)
(-50 -90 22.5)
(-46 -90 22.5)
(-42 -90 22.5)
(-38 -90 22.5)
(-98 -86 22.5)
(-94 -86 22.5)
(-90 -86 22.5)
(-86 -86 22.5)
(-82 -86 22.5)
(-78 -86 22.5)
(-74 -86 22.5)
(-70 -86 22.5)
(-66 -86 22.5)
(-62 -86 22.5)
(-58 -86 22.5)
(-54 -86 22.5)
(-50 -86 22.5)
(-46 -86 22.5)
(-42 -86 22.5)
(-38 -86 22.5)
(-98 -82 22.5)
(-94 -82 22.5)
(-90 -82 22.5)
(-86 -82 22.5)
(-82 -82 22.5)
(-78 -82 22.5)
(-74 -82 22.5)
(-70 -82 22.5)
(-66 -82 22.5)
(-62 -82 22.5)
(-58 -82 22.5)
(-54 -82 22.5)
(-50 -82 22.5)
(-46 -82 22.5)
(-42 -82 22.5)
(-38 -82 22.5)
(-98 -78 22.5)
(-94 -78 22.5)
(-90 -78 22.5)
(-86 -78 22.5)
(-82 -78 22.5)
(-78 -78 22.5)
(-74 -78 22.5)
(-70 -78 22.5)
(-66 -78 22.5)
(-62 -78 22.5)
(-58 -78 22.5)
(-54 -78 22.5)
(-50 -78 22.5)
(-46 -78 22.5)
(-42 -78 22.5)
(-38 -78 22.5)
(-98 -74 22.5)
(-94 -74 22.5)
(-90 -74 22.5)
(-86 -74 22.5)
(-82 -74 22.5)
(-78 -74 22.5)
(-74 -74 22.5)
(-70 -74 22.5)
(-66 -74 22.5)
(-62 -74 22.5)
(-58 -74 22.5)
(-54 -74 22.5)
(-50 -74 22.5)
(-46 -74 22.5)
(-42 -74 22.5)
(-38 -74 22.5)
(-98 -70 22.5)
(-94 -70 22.5)
(-90 -70 22.5)
(-86 -70 22.5)
(-82 -70 22.5)
(-78 -70 22.5)
(-74 -70 22.5)
(-70 -70 22.5)
(-66 -70 22.5)
(-62 -70 22.5)
(-58 -70 22.5)
(-54 -70 22.5)
(-50 -70 22.5)
(-46 -70 22.5)
(-42 -70 22.5)
(-38 -70 22.5)
(-98 -66 22.5)
(-94 -66 22.5)
(-90 -66 22.5)
(-86 -66 22.5)
(-82 -66 22.5)
(-78 -66 22.5)
(-74 -66 22.5)
(-70 -66 22.5)
(-66 -66 22.5)
(-62 -66 22.5)
(-58 -66 22.5)
(-54 -66 22.5)
(-50 -66 22.5)
(-46 -66 22.5)
(-42 -66 22.5)
(-38 -66 22.5)
(-98 -62 22.5)
(-94 -62 22.5)
(-90 -62 22.5)
(-86 -62 22.5)
(-82 -62 22.5)
(-78 -62 22.5)
(-74 -62 22.5)
(-70 -62 22.5)
(-66 -62 22.5)
(-62 -62 22.5)
(-58 -62 22.5)
(-54 -62 22.5)
(-50 -62 22.5)
(-46 -62 22.5)
(-42 -62 22.5)
(-38 -62 22.5)
(-98 -58 22.5)
(-94 -58 22.5)
(-90 -58 22.5)
(-86 -58 22.5)
(-82 -58 22.5)
(-78 -58 22.5)
(-74 -58 22.5)
(-70 -58 22.5)
(-66 -58 22.5)
(-62 -58 22.5)
(-58 -58 22.5)
(-54 -58 22.5)
(-50 -58 22.5)
(-46 -58 22.5)
(-42 -58 22.5)
(-38 -58 22.5)
(-98 -54 22.5)
(-94 -54 22.5)
(-90 -54 22.5)
(-86 -54 22.5)
(-82 -54 22.5)
(-78 -54 22.5)
(-74 -54 22.5)
(-70 -54 22.5)
(-66 -54 22.5)
(-62 -54 22.5)
(-58 -54 22.5)
(-54 -54 22.5)
(-50 -54 22.5)
(-46 -54 22.5)
(-42 -54 22.5)
(-38 -54 22.5)
(-98 -50 22.5)
(-94 -50 22.5)
(-90 -50 22.5)
(-86 -50 22.5)
(-82 -50 22.5)
(-78 -50 22.5)
(-74 -50 22.5)
(-70 -50 22.5)
(-66 -50 22.5)
(-62 -50 22.5)
(-58 -50 22.5)
(-54 -50 22.5)
(-50 -50 22.5)
(-46 -50 22.5)
(-42 -50 22.5)
(-38 -50 22.5)
(-98 -46 22.5)
(-94 -46 22.5)
(-90 -46 22.5)
(-86 -46 22.5)
(-82 -46 22.5)
(-78 -46 22.5)
(-74 -46 22.5)
(-70 -46 22.5)
(-66 -46 22.5)
(-62 -46 22.5)
(-58 -46 22.5)
(-54 -46 22.5)
(-50 -46 22.5)
(-46 -46 22.5)
(-42 -46 22.5)
(-38 -46 22.5)
(-98 -42 22.5)
(-94 -42 22.5)
(-90 -42 22.5)
(-86 -42 22.5)
(-82 -42 22.5)
(-78 -42 22.5)
(-74 -42 22.5)
(-70 -42 22.5)
(-66 -42 22.5)
(-62 -42 22.5)
(-58 -42 22.5)
(-54 -42 22.5)
(-50 -42 22.5)
(-46 -42 22.5)
(-42 -42 22.5)
(-38 -42 22.5)
(-98 -38 22.5)
(-94 -38 22.5)
(-90 -38 22.5)
(-86 -38 22.5)
(-82 -38 22.5)
(-78 -38 22.5)
(-74 -38 22.5)
(-70 -38 22.5)
(-66 -38 22.5)
(-62 -38 22.5)
(-58 -38 22.5)
(-54 -38 22.5)
(-50 -38 22.5)
(-46 -38 22.5)
(-42 -38 22.5)
(-38 -38 22.5)
(-98 -34 22.5)
(-94 -34 22.5)
(-90 -34 22.5)
(-86 -34 22.5)
(-82 -34 22.5)
(-78 -34 22.5)
(-74 -34 22.5)
(-70 -34 22.5)
(-66 -34 22.5)
(-62 -34 22.5)
(-58 -34 22.5)
(-54 -34 22.5)
(-50 -34 22.5)
(-46 -34 22.5)
(-42 -34 22.5)
(-38 -34 22.5)
(-98 -30 22.5)
(-94 -30 22.5)
(-90 -30 22.5)
(-86 -30 22.5)
(-82 -30 22.5)
(-78 -30 22.5)
(-74 -30 22.5)
(-70 -30 22.5)
(-66 -30 22.5)
(-62 -30 22.5)
(-58 -30 22.5)
(-54 -30 22.5)
(-50 -30 22.5)
(-46 -30 22.5)
(-42 -30 22.5)
(-38 -30 22.5)
(-98 -26 22.5)
(-94 -26 22.5)
(-90 -26 22.5)
(-86 -26 22.5)
(-82 -26 22.5)
(-78 -26 22.5)
(-74 -26 22.5)
(-70 -26 22.5)
(-66 -26 22.5)
(-62 -26 22.5)
(-58 -26 22.5)
(-54 -26 22.5)
(-50 -26 22.5)
(-46 -26 22.5)
(-42 -26 22.5)
(-38 -26 22.5)
(-98 -22 22.5)
(-94 -22 22.5)
(-90 -22 22.5)
(-86 -22 22.5)
(-82 -22 22.5)
(-78 -22 22.5)
(-74 -22 22.5)
(-70 -22 22.5)
(-66 -22 22.5)
(-62 -22 22.5)
(-58 -22 22.5)
(-54 -22 22.5)
(-50 -22 22.5)
(-46 -22 22.5)
(-42 -22 22.5)
(-38 -22 22.5)
(-34 -22 22.5)
(-98 -18 22.5)
(-94 -18 22.5)
(-90 -18 22.5)
(-86 -18 22.5)
(-82 -18 22.5)
(-78 -18 22.5)
(-74 -18 22.5)
(-70 -18 22.5)
(-66 -18 22.5)
(-62 -18 22.5)
(-58 -18 22.5)
(-54 -18 22.5)
(-50 -18 22.5)
(-46 -18 22.5)
(-42 -18 22.5)
(-38 -18 22.5)
(-34 -18 22.5)
(-98 -14 22.5)
(-94 -14 22.5)
(-90 -14 22.5)
(-86 -14 22.5)
(-82 -14 22.5)
(-78 -14 22.5)
(-74 -14 22.5)
(-70 -14 22.5)
(-66 -14 22.5)
(-62 -14 22.5)
(-58 -14 22.5)
(-54 -14 22.5)
(-50 -14 22.5)
(-46 -14 22.5)
(-42 -14 22.5)
(-38 -14 22.5)
(-34 -14 22.5)
(-98 -10 22.5)
(-94 -10 22.5)
(-90 -10 22.5)
(-86 -10 22.5)
(-82 -10 22.5)
(-78 -10 22.5)
(-74 -10 22.5)
(-70 -10 22.5)
(-66 -10 22.5)
(-62 -10 22.5)
(-58 -10 22.5)
(-54 -10 22.5)
(-50 -10 22.5)
(-46 -10 22.5)
(-42 -10 22.5)
(-38 -10 22.5)
(-34 -10 22.5)
(-98 -6 22.5)
(-94 -6 22.5)
(-90 -6 22.5)
(-86 -6 22.5)
(-82 -6 22.5)
(-78 -6 22.5)
(-74 -6 22.5)
(-70 -6 22.5)
(-66 -6 22.5)
(-62 -6 22.5)
(-58 -6 22.5)
(-54 -6 22.5)
(-50 -6 22.5)
(-46 -6 22.5)
(-42 -6 22.5)
(-38 -6 22.5)
(-34 -6 22.5)
(-98 -2 22.5)
(-94 -2 22.5)
(-90 -2 22.5)
(-86 -2 22.5)
(-82 -2 22.5)
(-78 -2 22.5)
(-74 -2 22.5)
(-70 -2 22.5)
(-66 -2 22.5)
(-62 -2 22.5)
(-58 -2 22.5)
(-54 -2 22.5)
(-50 -2 22.5)
(-46 -2 22.5)
(-42 -2 22.5)
(-38 -2 22.5)
(-34 -2 22.5)
(-98 2 22.5)
(-94 2 22.5)
(-90 2 22.5)
(-86 2 22.5)
(-82 2 22.5)
(-78 2 22.5)
(-74 2 22.5)
(-70 2 22.5)
(-66 2 22.5)
(-62 2 22.5)
(-58 2 22.5)
(-54 2 22.5)
(-50 2 22.5)
(-46 2 22.5)
(-34 -98 2.5)
(-30 -98 2.5)
(-26 -98 2.5)
(-22 -98 2.5)
(-18 -98 2.5)
(-14 -98 2.5)
(-10 -98 2.5)
(-6 -98 2.5)
(-2 -98 2.5)
(2 -98 2.5)
(6 -98 2.5)
(10 -98 2.5)
(14 -98 2.5)
(18 -98 2.5)
(22 -98 2.5)
(26 -98 2.5)
(30 -98 2.5)
(-34 -94 2.5)
(-30 -94 2.5)
(-26 -94 2.5)
(-22 -94 2.5)
(-18 -94 2.5)
(-14 -94 2.5)
(-10 -94 2.5)
(-6 -94 2.5)
(-2 -94 2.5)
(2 -94 2.5)
(6 -94 2.5)
(10 -94 2.5)
(14 -94 2.5)
(18 -94 2.5)
(22 -94 2.5)
(26 -94 2.5)
(30 -94 2.5)
(-34 -90 2.5)
(-30 -90 2.5)
(-26 -90 2.5)
(-22 -90 2.5)
(-18 -90 2.5)
(-14 -90 2.5)
(-10 -90 2.5)
(-6 -90 2.5)
(-2 -90 2.5)
(2 -90 2.5)
(6 -90 2.5)
(10 -90 2.5)
(14 -90 2.5)
(18 -90 2.5)
(22 -90 2.5)
(26 -90 2.5)
(30 -90 2.5)
(-34 -86 2.5)
(-30 -86 2.5)
(-26 -86 2.5)
(-22 -86 2.5)
(-18 -86 2.5)
(-14 -86 2.5)
(-10 -86 2.5)
(-6 -86 2.5)
(-2 -86 2.5)
(2 -86 2.5)
(6 -86 2.5)
(10 -86 2.5)
(14 -86 2.5)
(18 -86 2.5)
(22 -86 2.5)
(26 -86 2.5)
(30 -86 2.5)
(-34 -82 2.5)
(-30 -82 2.5)
(-26 -82 2.5)
(-22 -82 2.5)
(-18 -82 2.5)
(-14 -82 2.5)
(-10 -82 2.5)
(-6 -82 2.5)
(-2 -82 2.5)
(2 -82 2.5)
(6 -82 2.5)
(10 -82 2.5)
(14 -82 2.5)
(18 -82 2.5)
(22 -82 2.5)
(26 -82 2.5)
(30 -82 2.5)
(-34 -78 2.5)
(-30 -78 2.5)
(-26 -78 2.5)
(-22 -78 2.5)
(-18 -78 2.5)
(-14 -78 2.5)
(-10 -78 2.5)
(-6 -78 2.5)
(-2 -78 2.5)
(2 -78 2.5)
(6 -78 2.5)
(10 -78 2.5)
(14 -78 2.5)
(18 -78 2.5)
(22 -78 2.5)
(26 -78 2.5)
(30 -78 2.5)
(-34 -74 2.5)
(-30 -74 2.5)
(-26 -74 2.5)
(-22 -74 2.5)
(-18 -74 2.5)
(-14 -74 2.5)
(-10 -74 2.5)
(-6 -74 2.5)
(-2 -74 2.5)
(2 -74 2.5)
(6 -74 2.5)
(10 -74 2.5)
(14 -74 2.5)
(18 -74 2.5)
(22 -74 2.5)
(26 -74 2.5)
(30 -74 2.5)
(-34 -70 2.5)
(-30 -70 2.5)
(-26 -70 2.5)
(-22 -70 2.5)
(-18 -70 2.5)
(-14 -70 2.5)
(-10 -70 2.5)
(-6 -70 2.5)
(-2 -70 2.5)
(2 -70 2.5)
(6 -70 2.5)
(10 -70 2.5)
(14 -70 2.5)
(18 -70 2.5)
(22 -70 2.5)
(26 -70 2.5)
(30 -70 2.5)
(-34 -66 2.5)
(-30 -66 2.5)
(-26 -66 2.5)
(-22 -66 2.5)
(-18 -66 2.5)
(-14 -66 2.5)
(-10 -66 2.5)
(-6 -66 2.5)
(-2 -66 2.5)
(2 -66 2.5)
(6 -66 2.5)
(10 -66 2.5)
(14 -66 2.5)
(18 -66 2.5)
(22 -66 2.5)
(26 -66 2.5)
(30 -66 2.5)
(-34 -62 2.5)
(-30 -62 2.5)
(-26 -62 2.5)
(-22 -62 2.5)
(-18 -62 2.5)
(-14 -62 2.5)
(-10 -62 2.5)
(-6 -62 2.5)
(-2 -62 2.5)
(2 -62 2.5)
(6 -62 2.5)
(10 -62 2.5)
(14 -62 2.5)
(18 -62 2.5)
(22 -62 2.5)
(26 -62 2.5)
(30 -62 2.5)
(-34 -58 2.5)
(-30 -58 2.5)
(-26 -58 2.5)
(-22 -58 2.5)
(-18 -58 2.5)
(-14 -58 2.5)
(-10 -58 2.5)
(-6 -58 2.5)
(-2 -58 2.5)
(2 -58 2.5)
(6 -58 2.5)
(10 -58 2.5)
(14 -58 2.5)
(18 -58 2.5)
(22 -58 2.5)
(26 -58 2.5)
(30 -58 2.5)
(-34 -54 2.5)
(-30 -54 2.5)
(-26 -54 2.5)
(-22 -54 2.5)
(-18 -54 2.5)
(-14 -54 2.5)
(-10 -54 2.5)
(-6 -54 2.5)
(-2 -54 2.5)
(2 -54 2.5)
(6 -54 2.5)
(10 -54 2.5)
(14 -54 2.5)
(18 -54 2.5)
(22 -54 2.5)
(26 -54 2.5)
(30 -54 2.5)
(-34 -50 2.5)
(-30 -50 2.5)
(-26 -50 2.5)
(-22 -50 2.5)
(-18 -50 2.5)
(-14 -50 2.5)
(-10 -50 2.5)
(-6 -50 2.5)
(-2 -50 2.5)
(2 -50 2.5)
(6 -50 2.5)
(10 -50 2.5)
(14 -50 2.5)
(18 -50 2.5)
(22 -50 2.5)
(26 -50 2.5)
(30 -50 2.5)
(-34 -46 2.5)
(-30 -46 2.5)
(-26 -46 2.5)
(-22 -46 2.5)
(-18 -46 2.5)
(-14 -46 2.5)
(-10 -46 2.5)
(-6 -46 2.5)
(-2 -46 2.5)
(2 -46 2.5)
(6 -46 2.5)
(10 -46 2.5)
(14 -46 2.5)
(18 -46 2.5)
(22 -46 2.5)
(26 -46 2.5)
(30 -46 2.5)
(-30 -42 2.5)
(-26 -42 2.5)
(-22 -42 2.5)
(-18 -42 2.5)
(-14 -42 2.5)
(-10 -42 2.5)
(-6 -42 2.5)
(-2 -42 2.5)
(2 -42 2.5)
(6 -42 2.5)
(10 -42 2.5)
(14 -42 2.5)
(18 -42 2.5)
(22 -42 2.5)
(26 -42 2.5)
(30 -42 2.5)
(-30 -38 2.5)
(-26 -38 2.5)
(-22 -38 2.5)
(-18 -38 2.5)
(-14 -38 2.5)
(-10 -38 2.5)
(-6 -38 2.5)
(-2 -38 2.5)
(2 -38 2.5)
(6 -38 2.5)
(10 -38 2.5)
(14 -38 2.5)
(18 -38 2.5)
(22 -38 2.5)
(26 -38 2.5)
(30 -38 2.5)
(-30 -34 2.5)
(-26 -34 2.5)
(-22 -34 2.5)
(-18 -34 2.5)
(-14 -34 2.5)
(-10 -34 2.5)
(-6 -34 2.5)
(-2 -34 2.5)
(2 -34 2.5)
(6 -34 2.5)
(10 -34 2.5)
(14 -34 2.5)
(18 -34 2.5)
(22 -34 2.5)
(26 -34 2.5)
(30 -34 2.5)
(-30 -30 2.5)
(-26 -30 2.5)
(-22 -30 2.5)
(-18 -30 2.5)
(-14 -30 2.5)
(-10 -30 2.5)
(-6 -30 2.5)
(-2 -30 2.5)
(2 -30 2.5)
(6 -30 2.5)
(10 -30 2.5)
(14 -30 2.5)
(18 -30 2.5)
(22 -30 2.5)
(26 -30 2.5)
(30 -30 2.5)
(-30 -26 2.5)
(-26 -26 2.5)
(-22 -26 2.5)
(-18 -26 2.5)
(-14 -26 2.5)
(-10 -26 2.5)
(-6 -26 2.5)
(-2 -26 2.5)
(2 -26 2.5)
(6 -26 2.5)
(10 -26 2.5)
(14 -26 2.5)
(18 -26 2.5)
(22 -26 2.5)
(26 -26 2.5)
(30 -26 2.5)
(-30 -22 2.5)
(-26 -22 2.5)
(-22 -22 2.5)
(-18 -22 2.5)
(-14 -22 2.5)
(-10 -22 2.5)
(-6 -22 2.5)
(-2 -22 2.5)
(2 -22 2.5)
(6 -22 2.5)
(10 -22 2.5)
(14 -22 2.5)
(18 -22 2.5)
(22 -22 2.5)
(26 -22 2.5)
(30 -22 2.5)
(-30 -18 2.5)
(-26 -18 2.5)
(-22 -18 2.5)
(-18 -18 2.5)
(-14 -18 2.5)
(-10 -18 2.5)
(-6 -18 2.5)
(-2 -18 2.5)
(2 -18 2.5)
(6 -18 2.5)
(10 -18 2.5)
(14 -18 2.5)
(18 -18 2.5)
(22 -18 2.5)
(26 -18 2.5)
(30 -18 2.5)
(-30 -14 2.5)
(-26 -14 2.5)
(-22 -14 2.5)
(-18 -14 2.5)
(-14 -14 2.5)
(-10 -14 2.5)
(-6 -14 2.5)
(-2 -14 2.5)
(2 -14 2.5)
(6 -14 2.5)
(10 -14 2.5)
(14 -14 2.5)
(18 -14 2.5)
(22 -14 2.5)
(26 -14 2.5)
(30 -14 2.5)
(-30 -10 2.5)
(-26 -10 2.5)
(-22 -10 2.5)
(-18 -10 2.5)
(-14 -10 2.5)
(-10 -10 2.5)
(-6 -10 2.5)
(-2 -10 2.5)
(2 -10 2.5)
(6 -10 2.5)
(10 -10 2.5)
(14 -10 2.5)
(18 -10 2.5)
(22 -10 2.5)
(26 -10 2.5)
(30 -10 2.5)
(-30 -6 2.5)
(-26 -6 2.5)
(-22 -6 2.5)
(-18 -6 2.5)
(-14 -6 2.5)
(-10 -6 2.5)
(-6 -6 2.5)
(-2 -6 2.5)
(2 -6 2.5)
(6 -6 2.5)
(10 -6 2.5)
(14 -6 2.5)
(18 -6 2.5)
(22 -6 2.5)
(26 -6 2.5)
(30 -6 2.5)
(-30 -2 2.5)
(-26 -2 2.5)
(-22 -2 2.5)
(-18 -2 2.5)
(-14 -2 2.5)
(-10 -2 2.5)
(-6 -2 2.5)
(-2 -2 2.5)
(2 -2 2.5)
(6 -2 2.5)
(10 -2 2.5)
(14 -2 2.5)
(18 -2 2.5)
(22 -2 2.5)
(26 -2 2.5)
(-34 -98 7.5)
(-30 -98 7.5)
(-26 -98 7.5)
(-22 -98 7.5)
(-18 -98 7.5)
(-14 -98 7.5)
(-10 -98 7.5)
(-6 -98 7.5)
(-2 -98 7.5)
(2 -98 7.5)
(6 -98 7.5)
(10 -98 7.5)
(14 -98 7.5)
(18 -98 7.5)
(22 -98 7.5)
(26 -98 7.5)
(30 -98 7.5)
(-34 -94 7.5)
(-30 -94 7.5)
(-26 -94 7.5)
(-22 -94 7.5)
(-18 -94 7.5)
(-14 -94 7.5)
(-10 -94 7.5)
(-6 -94 7.5)
(-2 -94 7.5)
(2 -94 7.5)
(6 -94 7.5)
(10 -94 7.5)
(14 -94 7.5)
(18 -94 7.5)
(22 -94 7.5)
(26 -94 7.5)
(30 -94 7.5)
(-34 -90 7.5)
(-30 -90 7.5)
(-26 -90 7.5)
(-22 -90 7.5)
(-18 -90 7.5)
(-14 -90 7.5)
(-10 -90 7.5)
(-6 -90 7.5)
(-2 -90 7.5)
(2 -90 7.5)
(6 -90 7.5)
(10 -90 7.5)
(14 -90 7.5)
(18 -90 7.5)
(22 -90 7.5)
(26 -90 7.5)
(30 -90 7.5)
(-34 -86 7.5)
(-30 -86 7.5)
(-26 -86 7.5)
(-22 -86 7.5)
(-18 -86 7.5)
(-14 -86 7.5)
(-10 -86 7.5)
(-6 -86 7.5)
(-2 -86 7.5)
(2 -86 7.5)
(6 -86 7.5)
(10 -86 7.5)
(14 -86 7.5)
(18 -86 7.5)
(22 -86 7.5)
(26 -86 7.5)
(30 -86 7.5)
(-34 -82 7.5)
(-30 -82 7.5)
(-26 -82 7.5)
(-22 -82 7.5)
(-18 -82 7.5)
(-14 -82 7.5)
(-10 -82 7.5)
(-6 -82 7.5)
(-2 -82 7.5)
(2 -82 7.5)
(6 -82 7.5)
(10 -82 7.5)
(14 -82 7.5)
(18 -82 7.5)
(22 -82 7.5)
(26 -82 7.5)
(30 -82 7.5)
(-34 -78 7.5)
(-30 -78 7.5)
(-26 -78 7.5)
(-22 -78 7.5)
(-18 -78 7.5)
(-14 -78 7.5)
(-10 -78 7.5)
(-6 -78 7.5)
(-2 -78 7.5)
(2 -78 7.5)
(6 -78 7.5)
(10 -78 7.5)
(14 -78 7.5)
(18 -78 7.5)
(22 -78 7.5)
(26 -78 7.5)
(30 -78 7.5)
(-34 -74 7.5)
(-30 -74 7.5)
(-26 -74 7.5)
(-22 -74 7.5)
(-18 -74 7.5)
(-14 -74 7.5)
(-10 -74 7.5)
(-6 -74 7.5)
(-2 -74 7.5)
(2 -74 7.5)
(6 -74 7.5)
(10 -74 7.5)
(14 -74 7.5)
(18 -74 7.5)
(22 -74 7.5)
(26 -74 7.5)
(30 -74 7.5)
(-34 -70 7.5)
(-30 -70 7.5)
(-26 -70 7.5)
(-22 -70 7.5)
(-18 -70 7.5)
(-14 -70 7.5)
(-10 -70 7.5)
(-6 -70 7.5)
(-2 -70 7.5)
(2 -70 7.5)
(6 -70 7.5)
(10 -70 7.5)
(14 -70 7.5)
(18 -70 7.5)
(22 -70 7.5)
(26 -70 7.5)
(30 -70 7.5)
(-34 -66 7.5)
(-30 -66 7.5)
(-26 -66 7.5)
(-22 -66 7.5)
(-18 -66 7.5)
(-14 -66 7.5)
(-10 -66 7.5)
(-6 -66 7.5)
(-2 -66 7.5)
(2 -66 7.5)
(6 -66 7.5)
(10 -66 7.5)
(14 -66 7.5)
(18 -66 7.5)
(22 -66 7.5)
(26 -66 7.5)
(30 -66 7.5)
(-34 -62 7.5)
(-30 -62 7.5)
(-26 -62 7.5)
(-22 -62 7.5)
(-18 -62 7.5)
(-14 -62 7.5)
(-10 -62 7.5)
(-6 -62 7.5)
(-2 -62 7.5)
(2 -62 7.5)
(6 -62 7.5)
(10 -62 7.5)
(14 -62 7.5)
(18 -62 7.5)
(22 -62 7.5)
(26 -62 7.5)
(30 -62 7.5)
(-34 -58 7.5)
(-30 -58 7.5)
(-26 -58 7.5)
(-22 -58 7.5)
(-18 -58 7.5)
(-14 -58 7.5)
(-10 -58 7.5)
(-6 -58 7.5)
(-2 -58 7.5)
(2 -58 7.5)
(6 -58 7.5)
(10 -58 7.5)
(14 -58 7.5)
(18 -58 7.5)
(22 -58 7.5)
(26 -58 7.5)
(30 -58 7.5)
(-34 -54 7.5)
(-30 -54 7.5)
(-26 -54 7.5)
(-22 -54 7.5)
(-18 -54 7.5)
(-14 -54 7.5)
(-10 -54 7.5)
(-6 -54 7.5)
(-2 -54 7.5)
(2 -54 7.5)
(6 -54 7.5)
(10 -54 7.5)
(14 -54 7.5)
(18 -54 7.5)
(22 -54 7.5)
(26 -54 7.5)
(30 -54 7.5)
(-34 -50 7.5)
(-30 -50 7.5)
(-26 -50 7.5)
(-22 -50 7.5)
(-18 -50 7.5)
(-14 -50 7.5)
(-10 -50 7.5)
(-6 -50 7.5)
(-2 -50 7.5)
(2 -50 7.5)
(6 -50 7.5)
(10 -50 7.5)
(14 -50 7.5)
(18 -50 7.5)
(22 -50 7.5)
(26 -50 7.5)
(30 -50 7.5)
(-34 -46 7.5)
(-30 -46 7.5)
(-26 -46 7.5)
(-22 -46 7.5)
(-18 -46 7.5)
(-14 -46 7.5)
(-10 -46 7.5)
(-6 -46 7.5)
(-2 -46 7.5)
(2 -46 7.5)
(6 -46 7.5)
(10 -46 7.5)
(14 -46 7.5)
(18 -46 7.5)
(22 -46 7.5)
(26 -46 7.5)
(30 -46 7.5)
(-34 -42 7.5)
(-30 -42 7.5)
(-26 -42 7.5)
(-22 -42 7.5)
(-18 -42 7.5)
(-14 -42 7.5)
(-10 -42 7.5)
(-6 -42 7.5)
(-2 -42 7.5)
(2 -42 7.5)
(6 -42 7.5)
(10 -42 7.5)
(14 -42 7.5)
(18 -42 7.5)
(22 -42 7.5)
(26 -42 7.5)
(30 -42 7.5)
(-34 -38 7.5)
(-30 -38 7.5)
(-26 -38 7.5)
(-22 -38 7.5)
(-18 -38 7.5)
(-14 -38 7.5)
(-10 -38 7.5)
(-6 -38 7.5)
(-2 -38 7.5)
(2 -38 7.5)
(6 -38 7.5)
(10 -38 7.5)
(14 -38 7.5)
(18 -38 7.5)
(22 -38 7.5)
(26 -38 7.5)
(30 -38 7.5)
(-30 -34 7.5)
(-26 -34 7.5)
(-22 -34 7.5)
(-18 -34 7.5)
(-14 -34 7.5)
(-10 -34 7.5)
(-6 -34 7.5)
(-2 -34 7.5)
(2 -34 7.5)
(6 -34 7.5)
(10 -34 7.5)
(14 -34 7.5)
(18 -34 7.5)
(22 -34 7.5)
(26 -34 7.5)
(30 -34 7.5)
(-30 -30 7.5)
(-26 -30 7.5)
(-22 -30 7.5)
(-18 -30 7.5)
(-14 -30 7.5)
(-10 -30 7.5)
(-6 -30 7.5)
(-2 -30 7.5)
(2 -30 7.5)
(6 -30 7.5)
(10 -30 7.5)
(14 -30 7.5)
(18 -30 7.5)
(22 -30 7.5)
(26 -30 7.5)
(30 -30 7.5)
(-30 -26 7.5)
(-26 -26 7.5)
(-22 -26 7.5)
(-18 -26 7.5)
(-14 -26 7.5)
(-10 -26 7.5)
(-6 -26 7.5)
(-2 -26 7.5)
(2 -26 7.5)
(6 -26 7.5)
(10 -26 7.5)
(14 -26 7.5)
(18 -26 7.5)
(22 -26 7.5)
(26 -26 7.5)
(30 -26 7.5)
(-30 -22 7.5)
(-26 -22 7.5)
(-22 -22 7.5)
(-18 -22 7.5)
(-14 -22 7.5)
(-10 -22 7.5)
(-6 -22 7.5)
(-2 -22 7.5)
(2 -22 7.5)
(6 -22 7.5)
(10 -22 7.5)
(14 -22 7.5)
(18 -22 7.5)
(22 -22 7.5)
(26 -22 7.5)
(30 -22 7.5)
(-30 -18 7.5)
(-26 -18 7.5)
(-22 -18 7.5)
(-18 -18 7.5)
(-14 -18 7.5)
(-10 -18 7.5)
(-6 -18 7.5)
(-2 -18 7.5)
(2 -18 7.5)
(6 -18 7.5)
(10 -18 7.5)
(14 -18 7.5)
(18 -18 7.5)
(22 -18 7.5)
(26 -18 7.5)
(30 -18 7.5)
(-30 -14 7.5)
(-26 -14 7.5)
(-22 -14 7.5)
(-18 -14 7.5)
(-14 -14 7.5)
(-10 -14 7.5)
(-6 -14 7.5)
(-2 -14 7.5)
(2 -14 7.5)
(6 -14 7.5)
(10 -14 7.5)
(14 -14 7.5)
(18 -14 7.5)
(22 -14 7.5)
(26 -14 7.5)
(30 -14 7.5)
(-30 -10 7.5)
(-26 -10 7.5)
(-22 -10 7.5)
(-18 -10 7.5)
(-14 -10 7.5)
(-10 -10 7.5)
(-6 -10 7.5)
(-2 -10 7.5)
(2 -10 7.5)
(6 -10 7.5)
(10 -10 7.5)
(14 -10 7.5)
(18 -10 7.5)
(22 -10 7.5)
(26 -10 7.5)
(30 -10 7.5)
(-30 -6 7.5)
(-26 -6 7.5)
(-22 -6 7.5)
(-18 -6 7.5)
(-14 -6 7.5)
(-10 -6 7.5)
(-6 -6 7.5)
(-2 -6 7.5)
(2 -6 7.5)
(6 -6 7.5)
(10 -6 7.5)
(14 -6 7.5)
(18 -6 7.5)
(22 -6 7.5)
(26 -6 7.5)
(30 -6 7.5)
(-30 -2 7.5)
(-26 -2 7.5)
(-22 -2 7.5)
(-18 -2 7.5)
(-14 -2 7.5)
(-10 -2 7.5)
(-6 -2 7.5)
(-2 -2 7.5)
(2 -2 7.5)
(6 -2 7.5)
(10 -2 7.5)
(14 -2 7.5)
(18 -2 7.5)
(22 -2 7.5)
(26 -2 7.5)
(30 -2 7.5)
(-34 -98 12.5)
(-30 -98 12.5)
(-26 -98 12.5)
(-22 -98 12.5)
(-18 -98 12.5)
(-14 -98 12.5)
(-10 -98 12.5)
(-6 -98 12.5)
(-2 -98 12.5)
(2 -98 12.5)
(6 -98 12.5)
(10 -98 12.5)
(14 -98 12.5)
(18 -98 12.5)
(22 -98 12.5)
(26 -98 12.5)
(30 -98 12.5)
(-34 -94 12.5)
(-30 -94 12.5)
(-26 -94 12.5)
(-22 -94 12.5)
(-18 -94 12.5)
(-14 -94 12.5)
(-10 -94 12.5)
(-6 -94 12.5)
(-2 -94 12.5)
(2 -94 12.5)
(6 -94 12.5)
(10 -94 12.5)
(14 -94 12.5)
(18 -94 12.5)
(22 -94 12.5)
(26 -94 12.5)
(30 -94 12.5)
(-34 -90 12.5)
(-30 -90 12.5)
(-26 -90 12.5)
(-22 -90 12.5)
(-18 -90 12.5)
(-14 -90 12.5)
(-10 -90 12.5)
(-6 -90 12.5)
(-2 -90 12.5)
(2 -90 12.5)
(6 -90 12.5)
(10 -90 12.5)
(14 -90 12.5)
(18 -90 12.5)
(22 -90 12.5)
(26 -90 12.5)
(30 -90 12.5)
(-34 -86 12.5)
(-30 -86 12.5)
(-26 -86 12.5)
(-22 -86 12.5)
(-18 -86 12.5)
(-14 -86 12.5)
(-10 -86 12.5)
(-6 -86 12.5)
(-2 -86 12.5)
(2 -86 12.5)
(6 -86 12.5)
(10 -86 12.5)
(14 -86 12.5)
(18 -86 12.5)
(22 -86 12.5)
(26 -86 12.5)
(30 -86 12.5)
(-34 -82 12.5)
(-30 -82 12.5)
(-26 -82 12.5)
(-22 -82 12.5)
(-18 -82 12.5)
(-14 -82 12.5)
(-10 -82 12.5)
(-6 -82 12.5)
(-2 -82 12.5)
(2 -82 12.5)
(6 -82 12.5)
(10 -82 12.5)
(14 -82 12.5)
(18 -82 12.5)
(22 -82 12.5)
(26 -82 12.5)
(30 -82 12.5)
(-34 -78 12.5)
(-30 -78 12.5)
(-26 -78 12.5)
(-22 -78 12.5)
(-18 -78 12.5)
(-14 -78 12.5)
(-10 -78 12.5)
(-6 -78 12.5)
(-2 -78 12.5)
(2 -78 12.5)
(6 -78 12.5)
(10 -78 12.5)
(14 -78 12.5)
(18 -78 12.5)
(22 -78 12.5)
(26 -78 12.5)
(30 -78 12.5)
(-34 -74 12.5)
(-30 -74 12.5)
(-26 -74 12.5)
(-22 -74 12.5)
(-18 -74 12.5)
(-14 -74 12.5)
(-10 -74 12.5)
(-6 -74 12.5)
(-2 -74 12.5)
(2 -74 12.5)
(6 -74 12.5)
(10 -74 12.5)
(14 -74 12.5)
(18 -74 12.5)
(22 -74 12.5)
(26 -74 12.5)
(30 -74 12.5)
(-34 -70 12.5)
(-30 -70 12.5)
(-26 -70 12.5)
(-22 -70 12.5)
(-18 -70 12.5)
(-14 -70 12.5)
(-10 -70 12.5)
(-6 -70 12.5)
(-2 -70 12.5)
(2 -70 12.5)
(6 -70 12.5)
(10 -70 12.5)
(14 -70 12.5)
(18 -70 12.5)
(22 -70 12.5)
(26 -70 12.5)
(30 -70 12.5)
(-34 -66 12.5)
(-30 -66 12.5)
(-26 -66 12.5)
(-22 -66 12.5)
(-18 -66 12.5)
(-14 -66 12.5)
(-10 -66 12.5)
(-6 -66 12.5)
(-2 -66 12.5)
(2 -66 12.5)
(6 -66 12.5)
(10 -66 12.5)
(14 -66 12.5)
(18 -66 12.5)
(22 -66 12.5)
(26 -66 12.5)
(30 -66 12.5)
(-34 -62 12.5)
(-30 -62 12.5)
(-26 -62 12.5)
(-22 -62 12.5)
(-18 -62 12.5)
(-14 -62 12.5)
(-10 -62 12.5)
(-6 -62 12.5)
(-2 -62 12.5)
(2 -62 12.5)
(6 -62 12.5)
(10 -62 12.5)
(14 -62 12.5)
(18 -62 12.5)
(22 -62 12.5)
(26 -62 12.5)
(30 -62 12.5)
(-34 -58 12.5)
(-30 -58 12.5)
(-26 -58 12.5)
(-22 -58 12.5)
(-18 -58 12.5)
(-14 -58 12.5)
(-10 -58 12.5)
(-6 -58 12.5)
(-2 -58 12.5)
(2 -58 12.5)
(6 -58 12.5)
(10 -58 12.5)
(14 -58 12.5)
(18 -58 12.5)
(22 -58 12.5)
(26 -58 12.5)
(30 -58 12.5)
(-34 -54 12.5)
(-30 -54 12.5)
(-26 -54 12.5)
(-22 -54 12.5)
(-18 -54 12.5)
(-14 -54 12.5)
(-10 -54 12.5)
(-6 -54 12.5)
(-2 -54 12.5)
(2 -54 12.5)
(6 -54 12.5)
(10 -54 12.5)
(14 -54 12.5)
(18 -54 12.5)
(22 -54 12.5)
(26 -54 12.5)
(30 -54 12.5)
(-34 -50 12.5)
(-30 -50 12.5)
(-26 -50 12.5)
(-22 -50 12.5)
(-18 -50 12.5)
(-14 -50 12.5)
(-10 -50 12.5)
(-6 -50 12.5)
(-2 -50 12.5)
(2 -50 12.5)
(6 -50 12.5)
(10 -50 12.5)
(14 -50 12.5)
(18 -50 12.5)
(22 -50 12.5)
(26 -50 12.5)
(30 -50 12.5)
(-34 -46 12.5)
(-30 -46 12.5)
(-26 -46 12.5)
(-22 -46 12.5)
(-18 -46 12.5)
(-14 -46 12.5)
(-10 -46 12.5)
(-6 -46 12.5)
(-2 -46 12.5)
(2 -46 12.5)
(6 -46 12.5)
(10 -46 12.5)
(14 -46 12.5)
(18 -46 12.5)
(22 -46 12.5)
(26 -46 12.5)
(30 -46 12.5)
(-34 -42 12.5)
(-30 -42 12.5)
(-26 -42 12.5)
(-22 -42 12.5)
(-18 -42 12.5)
(-14 -42 12.5)
(-10 -42 12.5)
(-6 -42 12.5)
(-2 -42 12.5)
(2 -42 12.5)
(6 -42 12.5)
(10 -42 12.5)
(14 -42 12.5)
(18 -42 12.5)
(22 -42 12.5)
(26 -42 12.5)
(30 -42 12.5)
(-34 -38 12.5)
(-30 -38 12.5)
(-26 -38 12.5)
(-22 -38 12.5)
(-18 -38 12.5)
(-14 -38 12.5)
(-10 -38 12.5)
(-6 -38 12.5)
(-2 -38 12.5)
(2 -38 12.5)
(6 -38 12.5)
(10 -38 12.5)
(14 -38 12.5)
(18 -38 12.5)
(22 -38 12.5)
(26 -38 12.5)
(30 -38 12.5)
(-34 -34 12.5)
(-30 -34 12.5)
(-26 -34 12.5)
(-22 -34 12.5)
(-18 -34 12.5)
(-14 -34 12.5)
(-10 -34 12.5)
(-6 -34 12.5)
(-2 -34 12.5)
(2 -34 12.5)
(6 -34 12.5)
(10 -34 12.5)
(14 -34 12.5)
(18 -34 12.5)
(22 -34 12.5)
(26 -34 12.5)
(30 -34 12.5)
(-30 -30 12.5)
(-26 -30 12.5)
(-22 -30 12.5)
(-18 -30 12.5)
(-14 -30 12.5)
(-10 -30 12.5)
(-6 -30 12.5)
(-2 -30 12.5)
(2 -30 12.5)
(6 -30 12.5)
(10 -30 12.5)
(14 -30 12.5)
(18 -30 12.5)
(22 -30 12.5)
(26 -30 12.5)
(30 -30 12.5)
(-30 -26 12.5)
(-26 -26 12.5)
(-22 -26 12.5)
(-18 -26 12.5)
(-14 -26 12.5)
(-10 -26 12.5)
(-6 -26 12.5)
(-2 -26 12.5)
(2 -26 12.5)
(6 -26 12.5)
(10 -26 12.5)
(14 -26 12.5)
(18 -26 12.5)
(22 -26 12.5)
(26 -26 12.5)
(30 -26 12.5)
(-30 -22 12.5)
(-26 -22 12.5)
(-22 -22 12.5)
(-18 -22 12.5)
(-14 -22 12.5)
(-10 -22 12.5)
(-6 -22 12.5)
(-2 -22 12.5)
(2 -22 12.5)
(6 -22 12.5)
(10 -22 12.5)
(14 -22 12.5)
(18 -22 12.5)
(22 -22 12.5)
(26 -22 12.5)
(30 -22 12.5)
(-30 -18 12.5)
(-26 -18 12.5)
(-22 -18 12.5)
(-18 -18 12.5)
(-14 -18 12.5)
(-10 -18 12.5)
(-6 -18 12.5)
(-2 -18 12.5)
(2 -18 12.5)
(6 -18 12.5)
(10 -18 12.5)
(14 -18 12.5)
(18 -18 12.5)
(22 -18 12.5)
(26 -18 12.5)
(30 -18 12.5)
(-30 -14 12.5)
(-26 -14 12.5)
(-22 -14 12.5)
(-18 -14 12.5)
(-14 -14 12.5)
(-10 -14 12.5)
(-6 -14 12.5)
(-2 -14 12.5)
(2 -14 12.5)
(6 -14 12.5)
(10 -14 12.5)
(14 -14 12.5)
(18 -14 12.5)
(22 -14 12.5)
(26 -14 12.5)
(30 -14 12.5)
(-30 -10 12.5)
(-26 -10 12.5)
(-22 -10 12.5)
(-18 -10 12.5)
(-14 -10 12.5)
(-10 -10 12.5)
(-6 -10 12.5)
(-2 -10 12.5)
(2 -10 12.5)
(6 -10 12.5)
(10 -10 12.5)
(14 -10 12.5)
(18 -10 12.5)
(22 -10 12.5)
(26 -10 12.5)
(30 -10 12.5)
(-30 -6 12.5)
(-26 -6 12.5)
(-22 -6 12.5)
(-18 -6 12.5)
(-14 -6 12.5)
(-10 -6 12.5)
(-6 -6 12.5)
(-2 -6 12.5)
(2 -6 12.5)
(6 -6 12.5)
(10 -6 12.5)
(14 -6 12.5)
(18 -6 12.5)
(22 -6 12.5)
(26 -6 12.5)
(30 -6 12.5)
(-30 -2 12.5)
(-26 -2 12.5)
(-22 -2 12.5)
(-18 -2 12.5)
(-14 -2 12.5)
(-10 -2 12.5)
(-6 -2 12.5)
(-2 -2 12.5)
(2 -2 12.5)
(6 -2 12.5)
(10 -2 12.5)
(14 -2 12.5)
(18 -2 12.5)
(22 -2 12.5)
(26 -2 12.5)
(30 -2 12.5)
(-34 -98 17.5)
(-30 -98 17.5)
(-26 -98 17.5)
(-22 -98 17.5)
(-18 -98 17.5)
(-14 -98 17.5)
(-10 -98 17.5)
(-6 -98 17.5)
(-2 -98 17.5)
(2 -98 17.5)
(6 -98 17.5)
(10 -98 17.5)
(14 -98 17.5)
(18 -98 17.5)
(22 -98 17.5)
(26 -98 17.5)
(30 -98 17.5)
(-34 -94 17.5)
(-30 -94 17.5)
(-26 -94 17.5)
(-22 -94 17.5)
(-18 -94 17.5)
(-14 -94 17.5)
(-10 -94 17.5)
(-6 -94 17.5)
(-2 -94 17.5)
(2 -94 17.5)
(6 -94 17.5)
(10 -94 17.5)
(14 -94 17.5)
(18 -94 17.5)
(22 -94 17.5)
(26 -94 17.5)
(30 -94 17.5)
(-34 -90 17.5)
(-30 -90 17.5)
(-26 -90 17.5)
(-22 -90 17.5)
(-18 -90 17.5)
(-14 -90 17.5)
(-10 -90 17.5)
(-6 -90 17.5)
(-2 -90 17.5)
(2 -90 17.5)
(6 -90 17.5)
(10 -90 17.5)
(14 -90 17.5)
(18 -90 17.5)
(22 -90 17.5)
(26 -90 17.5)
(30 -90 17.5)
(-34 -86 17.5)
(-30 -86 17.5)
(-26 -86 17.5)
(-22 -86 17.5)
(-18 -86 17.5)
(-14 -86 17.5)
(-10 -86 17.5)
(-6 -86 17.5)
(-2 -86 17.5)
(2 -86 17.5)
(6 -86 17.5)
(10 -86 17.5)
(14 -86 17.5)
(18 -86 17.5)
(22 -86 17.5)
(26 -86 17.5)
(30 -86 17.5)
(-34 -82 17.5)
(-30 -82 17.5)
(-26 -82 17.5)
(-22 -82 17.5)
(-18 -82 17.5)
(-14 -82 17.5)
(-10 -82 17.5)
(-6 -82 17.5)
(-2 -82 17.5)
(2 -82 17.5)
(6 -82 17.5)
(10 -82 17.5)
(14 -82 17.5)
(18 -82 17.5)
(22 -82 17.5)
(26 -82 17.5)
(30 -82 17.5)
(-34 -78 17.5)
(-30 -78 17.5)
(-26 -78 17.5)
(-22 -78 17.5)
(-18 -78 17.5)
(-14 -78 17.5)
(-10 -78 17.5)
(-6 -78 17.5)
(-2 -78 17.5)
(2 -78 17.5)
(6 -78 17.5)
(10 -78 17.5)
(14 -78 17.5)
(18 -78 17.5)
(22 -78 17.5)
(26 -78 17.5)
(30 -78 17.5)
(-34 -74 17.5)
(-30 -74 17.5)
(-26 -74 17.5)
(-22 -74 17.5)
(-18 -74 17.5)
(-14 -74 17.5)
(-10 -74 17.5)
(-6 -74 17.5)
(-2 -74 17.5)
(2 -74 17.5)
(6 -74 17.5)
(10 -74 17.5)
(14 -74 17.5)
(18 -74 17.5)
(22 -74 17.5)
(26 -74 17.5)
(30 -74 17.5)
(-34 -70 17.5)
(-30 -70 17.5)
(-26 -70 17.5)
(-22 -70 17.5)
(-18 -70 17.5)
(-14 -70 17.5)
(-10 -70 17.5)
(-6 -70 17.5)
(-2 -70 17.5)
(2 -70 17.5)
(6 -70 17.5)
(10 -70 17.5)
(14 -70 17.5)
(18 -70 17.5)
(22 -70 17.5)
(26 -70 17.5)
(30 -70 17.5)
(-34 -66 17.5)
(-30 -66 17.5)
(-26 -66 17.5)
(-22 -66 17.5)
(-18 -66 17.5)
(-14 -66 17.5)
(-10 -66 17.5)
(-6 -66 17.5)
(-2 -66 17.5)
(2 -66 17.5)
(6 -66 17.5)
(10 -66 17.5)
(14 -66 17.5)
(18 -66 17.5)
(22 -66 17.5)
(26 -66 17.5)
(30 -66 17.5)
(-34 -62 17.5)
(-30 -62 17.5)
(-26 -62 17.5)
(-22 -62 17.5)
(-18 -62 17.5)
(-14 -62 17.5)
(-10 -62 17.5)
(-6 -62 17.5)
(-2 -62 17.5)
(2 -62 17.5)
(6 -62 17.5)
(10 -62 17.5)
(14 -62 17.5)
(18 -62 17.5)
(22 -62 17.5)
(26 -62 17.5)
(30 -62 17.5)
(-34 -58 17.5)
(-30 -58 17.5)
(-26 -58 17.5)
(-22 -58 17.5)
(-18 -58 17.5)
(-14 -58 17.5)
(-10 -58 17.5)
(-6 -58 17.5)
(-2 -58 17.5)
(2 -58 17.5)
(6 -58 17.5)
(10 -58 17.5)
(14 -58 17.5)
(18 -58 17.5)
(22 -58 17.5)
(26 -58 17.5)
(30 -58 17.5)
(-34 -54 17.5)
(-30 -54 17.5)
(-26 -54 17.5)
(-22 -54 17.5)
(-18 -54 17.5)
(-14 -54 17.5)
(-10 -54 17.5)
(-6 -54 17.5)
(-2 -54 17.5)
(2 -54 17.5)
(6 -54 17.5)
(10 -54 17.5)
(14 -54 17.5)
(18 -54 17.5)
(22 -54 17.5)
(26 -54 17.5)
(30 -54 17.5)
(-34 -50 17.5)
(-30 -50 17.5)
(-26 -50 17.5)
(-22 -50 17.5)
(-18 -50 17.5)
(-14 -50 17.5)
(-10 -50 17.5)
(-6 -50 17.5)
(-2 -50 17.5)
(2 -50 17.5)
(6 -50 17.5)
(10 -50 17.5)
(14 -50 17.5)
(18 -50 17.5)
(22 -50 17.5)
(26 -50 17.5)
(30 -50 17.5)
(-34 -46 17.5)
(-30 -46 17.5)
(-26 -46 17.5)
(-22 -46 17.5)
(-18 -46 17.5)
(-14 -46 17.5)
(-10 -46 17.5)
(-6 -46 17.5)
(-2 -46 17.5)
(2 -46 17.5)
(6 -46 17.5)
(10 -46 17.5)
(14 -46 17.5)
(18 -46 17.5)
(22 -46 17.5)
(26 -46 17.5)
(30 -46 17.5)
(-34 -42 17.5)
(-30 -42 17.5)
(-26 -42 17.5)
(-22 -42 17.5)
(-18 -42 17.5)
(-14 -42 17.5)
(-10 -42 17.5)
(-6 -42 17.5)
(-2 -42 17.5)
(2 -42 17.5)
(6 -42 17.5)
(10 -42 17.5)
(14 -42 17.5)
(18 -42 17.5)
(22 -42 17.5)
(26 -42 17.5)
(30 -42 17.5)
(-34 -38 17.5)
(-30 -38 17.5)
(-26 -38 17.5)
(-22 -38 17.5)
(-18 -38 17.5)
(-14 -38 17.5)
(-10 -38 17.5)
(-6 -38 17.5)
(-2 -38 17.5)
(2 -38 17.5)
(6 -38 17.5)
(10 -38 17.5)
(14 -38 17.5)
(18 -38 17.5)
(22 -38 17.5)
(26 -38 17.5)
(30 -38 17.5)
(-34 -34 17.5)
(-30 -34 17.5)
(-26 -34 17.5)
(-22 -34 17.5)
(-18 -34 17.5)
(-14 -34 17.5)
(-10 -34 17.5)
(-6 -34 17.5)
(-2 -34 17.5)
(2 -34 17.5)
(6 -34 17.5)
(10 -34 17.5)
(14 -34 17.5)
(18 -34 17.5)
(22 -34 17.5)
(26 -34 17.5)
(30 -34 17.5)
(-34 -30 17.5)
(-30 -30 17.5)
(-26 -30 17.5)
(-22 -30 17.5)
(-18 -30 17.5)
(-14 -30 17.5)
(-10 -30 17.5)
(-6 -30 17.5)
(-2 -30 17.5)
(2 -30 17.5)
(6 -30 17.5)
(10 -30 17.5)
(14 -30 17.5)
(18 -30 17.5)
(22 -30 17.5)
(26 -30 17.5)
(30 -30 17.5)
(-30 -26 17.5)
(-26 -26 17.5)
(-22 -26 17.5)
(-18 -26 17.5)
(-14 -26 17.5)
(-10 -26 17.5)
(-6 -26 17.5)
(-2 -26 17.5)
(2 -26 17.5)
(6 -26 17.5)
(10 -26 17.5)
(14 -26 17.5)
(18 -26 17.5)
(22 -26 17.5)
(26 -26 17.5)
(30 -26 17.5)
(-30 -22 17.5)
(-26 -22 17.5)
(-22 -22 17.5)
(-18 -22 17.5)
(-14 -22 17.5)
(-10 -22 17.5)
(-6 -22 17.5)
(-2 -22 17.5)
(2 -22 17.5)
(6 -22 17.5)
(10 -22 17.5)
(14 -22 17.5)
(18 -22 17.5)
(22 -22 17.5)
(26 -22 17.5)
(30 -22 17.5)
(-30 -18 17.5)
(-26 -18 17.5)
(-22 -18 17.5)
(-18 -18 17.5)
(-14 -18 17.5)
(-10 -18 17.5)
(-6 -18 17.5)
(-2 -18 17.5)
(2 -18 17.5)
(6 -18 17.5)
(10 -18 17.5)
(14 -18 17.5)
(18 -18 17.5)
(22 -18 17.5)
(26 -18 17.5)
(30 -18 17.5)
(-30 -14 17.5)
(-26 -14 17.5)
(-22 -14 17.5)
(-18 -14 17.5)
(-14 -14 17.5)
(-10 -14 17.5)
(-6 -14 17.5)
(-2 -14 17.5)
(2 -14 17.5)
(6 -14 17.5)
(10 -14 17.5)
(14 -14 17.5)
(18 -14 17.5)
(22 -14 17.5)
(26 -14 17.5)
(30 -14 17.5)
(-30 -10 17.5)
(-26 -10 17.5)
(-22 -10 17.5)
(-18 -10 17.5)
(-14 -10 17.5)
(-10 -10 17.5)
(-6 -10 17.5)
(-2 -10 17.5)
(2 -10 17.5)
(6 -10 17.5)
(10 -10 17.5)
(14 -10 17.5)
(18 -10 17.5)
(22 -10 17.5)
(26 -10 17.5)
(30 -10 17.5)
(-30 -6 17.5)
(-26 -6 17.5)
(-22 -6 17.5)
(-18 -6 17.5)
(-14 -6 17.5)
(-10 -6 17.5)
(-6 -6 17.5)
(-2 -6 17.5)
(2 -6 17.5)
(6 -6 17.5)
(10 -6 17.5)
(14 -6 17.5)
(18 -6 17.5)
(22 -6 17.5)
(26 -6 17.5)
(30 -6 17.5)
(-30 -2 17.5)
(-26 -2 17.5)
(-22 -2 17.5)
(-18 -2 17.5)
(-14 -2 17.5)
(-10 -2 17.5)
(-6 -2 17.5)
(-2 -2 17.5)
(2 -2 17.5)
(6 -2 17.5)
(10 -2 17.5)
(14 -2 17.5)
(18 -2 17.5)
(22 -2 17.5)
(26 -2 17.5)
(30 -2 17.5)
(-34 -98 22.5)
(-30 -98 22.5)
(-26 -98 22.5)
(-22 -98 22.5)
(-18 -98 22.5)
(-14 -98 22.5)
(-10 -98 22.5)
(-6 -98 22.5)
(-2 -98 22.5)
(2 -98 22.5)
(6 -98 22.5)
(10 -98 22.5)
(14 -98 22.5)
(18 -98 22.5)
(22 -98 22.5)
(26 -98 22.5)
(30 -98 22.5)
(-34 -94 22.5)
(-30 -94 22.5)
(-26 -94 22.5)
(-22 -94 22.5)
(-18 -94 22.5)
(-14 -94 22.5)
(-10 -94 22.5)
(-6 -94 22.5)
(-2 -94 22.5)
(2 -94 22.5)
(6 -94 22.5)
(10 -94 22.5)
(14 -94 22.5)
(18 -94 22.5)
(22 -94 22.5)
(26 -94 22.5)
(30 -94 22.5)
(-34 -90 22.5)
(-30 -90 22.5)
(-26 -90 22.5)
(-22 -90 22.5)
(-18 -90 22.5)
(-14 -90 22.5)
(-10 -90 22.5)
(-6 -90 22.5)
(-2 -90 22.5)
(2 -90 22.5)
(6 -90 22.5)
(10 -90 22.5)
(14 -90 22.5)
(18 -90 22.5)
(22 -90 22.5)
(26 -90 22.5)
(30 -90 22.5)
(-34 -86 22.5)
(-30 -86 22.5)
(-26 -86 22.5)
(-22 -86 22.5)
(-18 -86 22.5)
(-14 -86 22.5)
(-10 -86 22.5)
(-6 -86 22.5)
(-2 -86 22.5)
(2 -86 22.5)
(6 -86 22.5)
(10 -86 22.5)
(14 -86 22.5)
(18 -86 22.5)
(22 -86 22.5)
(26 -86 22.5)
(30 -86 22.5)
(-34 -82 22.5)
(-30 -82 22.5)
(-26 -82 22.5)
(-22 -82 22.5)
(-18 -82 22.5)
(-14 -82 22.5)
(-10 -82 22.5)
(-6 -82 22.5)
(-2 -82 22.5)
(2 -82 22.5)
(6 -82 22.5)
(10 -82 22.5)
(14 -82 22.5)
(18 -82 22.5)
(22 -82 22.5)
(26 -82 22.5)
(30 -82 22.5)
(-34 -78 22.5)
(-30 -78 22.5)
(-26 -78 22.5)
(-22 -78 22.5)
(-18 -78 22.5)
(-14 -78 22.5)
(-10 -78 22.5)
(-6 -78 22.5)
(-2 -78 22.5)
(2 -78 22.5)
(6 -78 22.5)
(10 -78 22.5)
(14 -78 22.5)
(18 -78 22.5)
(22 -78 22.5)
(26 -78 22.5)
(30 -78 22.5)
(-34 -74 22.5)
(-30 -74 22.5)
(-26 -74 22.5)
(-22 -74 22.5)
(-18 -74 22.5)
(-14 -74 22.5)
(-10 -74 22.5)
(-6 -74 22.5)
(-2 -74 22.5)
(2 -74 22.5)
(6 -74 22.5)
(10 -74 22.5)
(14 -74 22.5)
(18 -74 22.5)
(22 -74 22.5)
(26 -74 22.5)
(30 -74 22.5)
(-34 -70 22.5)
(-30 -70 22.5)
(-26 -70 22.5)
(-22 -70 22.5)
(-18 -70 22.5)
(-14 -70 22.5)
(-10 -70 22.5)
(-6 -70 22.5)
(-2 -70 22.5)
(2 -70 22.5)
(6 -70 22.5)
(10 -70 22.5)
(14 -70 22.5)
(18 -70 22.5)
(22 -70 22.5)
(26 -70 22.5)
(30 -70 22.5)
(-34 -66 22.5)
(-30 -66 22.5)
(-26 -66 22.5)
(-22 -66 22.5)
(-18 -66 22.5)
(-14 -66 22.5)
(-10 -66 22.5)
(-6 -66 22.5)
(-2 -66 22.5)
(2 -66 22.5)
(6 -66 22.5)
(10 -66 22.5)
(14 -66 22.5)
(18 -66 22.5)
(22 -66 22.5)
(26 -66 22.5)
(30 -66 22.5)
(-34 -62 22.5)
(-30 -62 22.5)
(-26 -62 22.5)
(-22 -62 22.5)
(-18 -62 22.5)
(-14 -62 22.5)
(-10 -62 22.5)
(-6 -62 22.5)
(-2 -62 22.5)
(2 -62 22.5)
(6 -62 22.5)
(10 -62 22.5)
(14 -62 22.5)
(18 -62 22.5)
(22 -62 22.5)
(26 -62 22.5)
(30 -62 22.5)
(-34 -58 22.5)
(-30 -58 22.5)
(-26 -58 22.5)
(-22 -58 22.5)
(-18 -58 22.5)
(-14 -58 22.5)
(-10 -58 22.5)
(-6 -58 22.5)
(-2 -58 22.5)
(2 -58 22.5)
(6 -58 22.5)
(10 -58 22.5)
(14 -58 22.5)
(18 -58 22.5)
(22 -58 22.5)
(26 -58 22.5)
(30 -58 22.5)
(-34 -54 22.5)
(-30 -54 22.5)
(-26 -54 22.5)
(-22 -54 22.5)
(-18 -54 22.5)
(-14 -54 22.5)
(-10 -54 22.5)
(-6 -54 22.5)
(-2 -54 22.5)
(2 -54 22.5)
(6 -54 22.5)
(10 -54 22.5)
(14 -54 22.5)
(18 -54 22.5)
(22 -54 22.5)
(26 -54 22.5)
(30 -54 22.5)
(-34 -50 22.5)
(-30 -50 22.5)
(-26 -50 22.5)
(-22 -50 22.5)
(-18 -50 22.5)
(-14 -50 22.5)
(-10 -50 22.5)
(-6 -50 22.5)
(-2 -50 22.5)
(2 -50 22.5)
(6 -50 22.5)
(10 -50 22.5)
(14 -50 22.5)
(18 -50 22.5)
(22 -50 22.5)
(26 -50 22.5)
(30 -50 22.5)
(-34 -46 22.5)
(-30 -46 22.5)
(-26 -46 22.5)
(-22 -46 22.5)
(-18 -46 22.5)
(-14 -46 22.5)
(-10 -46 22.5)
(-6 -46 22.5)
(-2 -46 22.5)
(2 -46 22.5)
(6 -46 22.5)
(10 -46 22.5)
(14 -46 22.5)
(18 -46 22.5)
(22 -46 22.5)
(26 -46 22.5)
(30 -46 22.5)
(-34 -42 22.5)
(-30 -42 22.5)
(-26 -42 22.5)
(-22 -42 22.5)
(-18 -42 22.5)
(-14 -42 22.5)
(-10 -42 22.5)
(-6 -42 22.5)
(-2 -42 22.5)
(2 -42 22.5)
(6 -42 22.5)
(10 -42 22.5)
(14 -42 22.5)
(18 -42 22.5)
(22 -42 22.5)
(26 -42 22.5)
(30 -42 22.5)
(-34 -38 22.5)
(-30 -38 22.5)
(-26 -38 22.5)
(-22 -38 22.5)
(-18 -38 22.5)
(-14 -38 22.5)
(-10 -38 22.5)
(-6 -38 22.5)
(-2 -38 22.5)
(2 -38 22.5)
(6 -38 22.5)
(10 -38 22.5)
(14 -38 22.5)
(18 -38 22.5)
(22 -38 22.5)
(26 -38 22.5)
(30 -38 22.5)
(-34 -34 22.5)
(-30 -34 22.5)
(-26 -34 22.5)
(-22 -34 22.5)
(-18 -34 22.5)
(-14 -34 22.5)
(-10 -34 22.5)
(-6 -34 22.5)
(-2 -34 22.5)
(2 -34 22.5)
(6 -34 22.5)
(10 -34 22.5)
(14 -34 22.5)
(18 -34 22.5)
(22 -34 22.5)
(26 -34 22.5)
(30 -34 22.5)
(-34 -30 22.5)
(-30 -30 22.5)
(-26 -30 22.5)
(-22 -30 22.5)
(-18 -30 22.5)
(-14 -30 22.5)
(-10 -30 22.5)
(-6 -30 22.5)
(-2 -30 22.5)
(2 -30 22.5)
(6 -30 22.5)
(10 -30 22.5)
(14 -30 22.5)
(18 -30 22.5)
(22 -30 22.5)
(26 -30 22.5)
(30 -30 22.5)
(-34 -26 22.5)
(-30 -26 22.5)
(-26 -26 22.5)
(-22 -26 22.5)
(-18 -26 22.5)
(-14 -26 22.5)
(-10 -26 22.5)
(-6 -26 22.5)
(-2 -26 22.5)
(2 -26 22.5)
(6 -26 22.5)
(10 -26 22.5)
(14 -26 22.5)
(18 -26 22.5)
(22 -26 22.5)
(26 -26 22.5)
(30 -26 22.5)
(-30 -22 22.5)
(-26 -22 22.5)
(-22 -22 22.5)
(-18 -22 22.5)
(-14 -22 22.5)
(-10 -22 22.5)
(-6 -22 22.5)
(-2 -22 22.5)
(2 -22 22.5)
(6 -22 22.5)
(10 -22 22.5)
(14 -22 22.5)
(18 -22 22.5)
(22 -22 22.5)
(26 -22 22.5)
(30 -22 22.5)
(-30 -18 22.5)
(-26 -18 22.5)
(-22 -18 22.5)
(-18 -18 22.5)
(-14 -18 22.5)
(-10 -18 22.5)
(-6 -18 22.5)
(-2 -18 22.5)
(2 -18 22.5)
(6 -18 22.5)
(10 -18 22.5)
(14 -18 22.5)
(18 -18 22.5)
(22 -18 22.5)
(26 -18 22.5)
(30 -18 22.5)
(-30 -14 22.5)
(-26 -14 22.5)
(-22 -14 22.5)
(-18 -14 22.5)
(-14 -14 22.5)
(-10 -14 22.5)
(-6 -14 22.5)
(-2 -14 22.5)
(2 -14 22.5)
(6 -14 22.5)
(10 -14 22.5)
(14 -14 22.5)
(18 -14 22.5)
(22 -14 22.5)
(26 -14 22.5)
(30 -14 22.5)
(-30 -10 22.5)
(-26 -10 22.5)
(-22 -10 22.5)
(-18 -10 22.5)
(-14 -10 22.5)
(-10 -10 22.5)
(-6 -10 22.5)
(-2 -10 22.5)
(2 -10 22.5)
(6 -10 22.5)
(10 -10 22.5)
(14 -10 22.5)
(18 -10 22.5)
(22 -10 22.5)
(26 -10 22.5)
(30 -10 22.5)
(-30 -6 22.5)
(-26 -6 22.5)
(-22 -6 22.5)
(-18 -6 22.5)
(-14 -6 22.5)
(-10 -6 22.5)
(-6 -6 22.5)
(-2 -6 22.5)
(2 -6 22.5)
(6 -6 22.5)
(10 -6 22.5)
(14 -6 22.5)
(18 -6 22.5)
(22 -6 22.5)
(26 -6 22.5)
(30 -6 22.5)
(-30 -2 22.5)
(-26 -2 22.5)
(-22 -2 22.5)
(-18 -2 22.5)
(-14 -2 22.5)
(-10 -2 22.5)
(-6 -2 22.5)
(-2 -2 22.5)
(2 -2 22.5)
(6 -2 22.5)
(10 -2 22.5)
(14 -2 22.5)
(18 -2 22.5)
(22 -2 22.5)
(26 -2 22.5)
(30 -2 22.5)
(34 -98 2.5)
(38 -98 2.5)
(42 -98 2.5)
(46 -98 2.5)
(50 -98 2.5)
(54 -98 2.5)
(58 -98 2.5)
(62 -98 2.5)
(66 -98 2.5)
(70 -98 2.5)
(74 -98 2.5)
(78 -98 2.5)
(82 -98 2.5)
(86 -98 2.5)
(90 -98 2.5)
(94 -98 2.5)
(98 -98 2.5)
(34 -94 2.5)
(38 -94 2.5)
(42 -94 2.5)
(46 -94 2.5)
(50 -94 2.5)
(54 -94 2.5)
(58 -94 2.5)
(62 -94 2.5)
(66 -94 2.5)
(70 -94 2.5)
(74 -94 2.5)
(78 -94 2.5)
(82 -94 2.5)
(86 -94 2.5)
(90 -94 2.5)
(94 -94 2.5)
(98 -94 2.5)
(34 -90 2.5)
(38 -90 2.5)
(42 -90 2.5)
(46 -90 2.5)
(50 -90 2.5)
(54 -90 2.5)
(58 -90 2.5)
(62 -90 2.5)
(66 -90 2.5)
(70 -90 2.5)
(74 -90 2.5)
(78 -90 2.5)
(82 -90 2.5)
(86 -90 2.5)
(90 -90 2.5)
(94 -90 2.5)
(98 -90 2.5)
(34 -86 2.5)
(38 -86 2.5)
(42 -86 2.5)
(46 -86 2.5)
(50 -86 2.5)
(54 -86 2.5)
(58 -86 2.5)
(62 -86 2.5)
(66 -86 2.5)
(70 -86 2.5)
(74 -86 2.5)
(78 -86 2.5)
(82 -86 2.5)
(86 -86 2.5)
(90 -86 2.5)
(94 -86 2.5)
(98 -86 2.5)
(34 -82 2.5)
(38 -82 2.5)
(42 -82 2.5)
(46 -82 2.5)
(50 -82 2.5)
(54 -82 2.5)
(58 -82 2.5)
(62 -82 2.5)
(66 -82 2.5)
(70 -82 2.5)
(74 -82 2.5)
(78 -82 2.5)
(82 -82 2.5)
(86 -82 2.5)
(90 -82 2.5)
(94 -82 2.5)
(98 -82 2.5)
(34 -78 2.5)
(38 -78 2.5)
(42 -78 2.5)
(46 -78 2.5)
(50 -78 2.5)
(54 -78 2.5)
(58 -78 2.5)
(62 -78 2.5)
(66 -78 2.5)
(70 -78 2.5)
(74 -78 2.5)
(78 -78 2.5)
(82 -78 2.5)
(86 -78 2.5)
(90 -78 2.5)
(94 -78 2.5)
(98 -78 2.5)
(34 -74 2.5)
(38 -74 2.5)
(42 -74 2.5)
(46 -74 2.5)
(50 -74 2.5)
(54 -74 2.5)
(58 -74 2.5)
(62 -74 2.5)
(66 -74 2.5)
(70 -74 2.5)
(74 -74 2.5)
(78 -74 2.5)
(82 -74 2.5)
(86 -74 2.5)
(90 -74 2.5)
(94 -74 2.5)
(98 -74 2.5)
(34 -70 2.5)
(38 -70 2.5)
(42 -70 2.5)
(46 -70 2.5)
(50 -70 2.5)
(54 -70 2.5)
(58 -70 2.5)
(62 -70 2.5)
(66 -70 2.5)
(70 -70 2.5)
(74 -70 2.5)
(78 -70 2.5)
(82 -70 2.5)
(86 -70 2.5)
(90 -70 2.5)
(94 -70 2.5)
(98 -70 2.5)
(34 -66 2.5)
(38 -66 2.5)
(42 -66 2.5)
(46 -66 2.5)
(50 -66 2.5)
(54 -66 2.5)
(58 -66 2.5)
(62 -66 2.5)
(66 -66 2.5)
(70 -66 2.5)
(74 -66 2.5)
(78 -66 2.5)
(82 -66 2.5)
(86 -66 2.5)
(90 -66 2.5)
(94 -66 2.5)
(98 -66 2.5)
(34 -62 2.5)
(38 -62 2.5)
(42 -62 2.5)
(46 -62 2.5)
(50 -62 2.5)
(54 -62 2.5)
(58 -62 2.5)
(62 -62 2.5)
(66 -62 2.5)
(70 -62 2.5)
(74 -62 2.5)
(78 -62 2.5)
(82 -62 2.5)
(86 -62 2.5)
(90 -62 2.5)
(94 -62 2.5)
(98 -62 2.5)
(34 -58 2.5)
(38 -58 2.5)
(42 -58 2.5)
(46 -58 2.5)
(50 -58 2.5)
(54 -58 2.5)
(58 -58 2.5)
(62 -58 2.5)
(66 -58 2.5)
(70 -58 2.5)
(74 -58 2.5)
(78 -58 2.5)
(82 -58 2.5)
(86 -58 2.5)
(90 -58 2.5)
(94 -58 2.5)
(98 -58 2.5)
(34 -54 2.5)
(38 -54 2.5)
(42 -54 2.5)
(46 -54 2.5)
(50 -54 2.5)
(54 -54 2.5)
(58 -54 2.5)
(62 -54 2.5)
(66 -54 2.5)
(70 -54 2.5)
(74 -54 2.5)
(78 -54 2.5)
(82 -54 2.5)
(86 -54 2.5)
(90 -54 2.5)
(94 -54 2.5)
(98 -54 2.5)
(34 -50 2.5)
(38 -50 2.5)
(42 -50 2.5)
(46 -50 2.5)
(50 -50 2.5)
(54 -50 2.5)
(58 -50 2.5)
(62 -50 2.5)
(66 -50 2.5)
(70 -50 2.5)
(74 -50 2.5)
(78 -50 2.5)
(82 -50 2.5)
(86 -50 2.5)
(90 -50 2.5)
(94 -50 2.5)
(98 -50 2.5)
(34 -46 2.5)
(38 -46 2.5)
(42 -46 2.5)
(46 -46 2.5)
(50 -46 2.5)
(54 -46 2.5)
(58 -46 2.5)
(62 -46 2.5)
(66 -46 2.5)
(70 -46 2.5)
(74 -46 2.5)
(78 -46 2.5)
(82 -46 2.5)
(86 -46 2.5)
(90 -46 2.5)
(94 -46 2.5)
(98 -46 2.5)
(34 -42 2.5)
(38 -42 2.5)
(42 -42 2.5)
(46 -42 2.5)
(50 -42 2.5)
(54 -42 2.5)
(58 -42 2.5)
(62 -42 2.5)
(66 -42 2.5)
(70 -42 2.5)
(74 -42 2.5)
(78 -42 2.5)
(82 -42 2.5)
(86 -42 2.5)
(90 -42 2.5)
(94 -42 2.5)
(98 -42 2.5)
(34 -38 2.5)
(38 -38 2.5)
(42 -38 2.5)
(46 -38 2.5)
(50 -38 2.5)
(54 -38 2.5)
(58 -38 2.5)
(62 -38 2.5)
(66 -38 2.5)
(70 -38 2.5)
(74 -38 2.5)
(78 -38 2.5)
(82 -38 2.5)
(86 -38 2.5)
(90 -38 2.5)
(94 -38 2.5)
(98 -38 2.5)
(34 -34 2.5)
(38 -34 2.5)
(42 -34 2.5)
(46 -34 2.5)
(50 -34 2.5)
(54 -34 2.5)
(58 -34 2.5)
(62 -34 2.5)
(66 -34 2.5)
(70 -34 2.5)
(74 -34 2.5)
(78 -34 2.5)
(82 -34 2.5)
(86 -34 2.5)
(90 -34 2.5)
(94 -34 2.5)
(98 -34 2.5)
(34 -30 2.5)
(38 -30 2.5)
(42 -30 2.5)
(46 -30 2.5)
(50 -30 2.5)
(54 -30 2.5)
(58 -30 2.5)
(62 -30 2.5)
(66 -30 2.5)
(70 -30 2.5)
(74 -30 2.5)
(78 -30 2.5)
(82 -30 2.5)
(86 -30 2.5)
(90 -30 2.5)
(94 -30 2.5)
(98 -30 2.5)
(34 -26 2.5)
(38 -26 2.5)
(42 -26 2.5)
(46 -26 2.5)
(50 -26 2.5)
(54 -26 2.5)
(58 -26 2.5)
(62 -26 2.5)
(66 -26 2.5)
(70 -26 2.5)
(74 -26 2.5)
(78 -26 2.5)
(82 -26 2.5)
(86 -26 2.5)
(90 -26 2.5)
(94 -26 2.5)
(98 -26 2.5)
(34 -22 2.5)
(38 -22 2.5)
(42 -22 2.5)
(46 -22 2.5)
(50 -22 2.5)
(54 -22 2.5)
(58 -22 2.5)
(62 -22 2.5)
(66 -22 2.5)
(70 -22 2.5)
(74 -22 2.5)
(78 -22 2.5)
(82 -22 2.5)
(86 -22 2.5)
(90 -22 2.5)
(94 -22 2.5)
(98 -22 2.5)
(34 -18 2.5)
(38 -18 2.5)
(42 -18 2.5)
(46 -18 2.5)
(50 -18 2.5)
(54 -18 2.5)
(58 -18 2.5)
(62 -18 2.5)
(66 -18 2.5)
(70 -18 2.5)
(74 -18 2.5)
(78 -18 2.5)
(82 -18 2.5)
(86 -18 2.5)
(90 -18 2.5)
(94 -18 2.5)
(98 -18 2.5)
(34 -14 2.5)
(38 -14 2.5)
(42 -14 2.5)
(46 -14 2.5)
(50 -14 2.5)
(54 -14 2.5)
(58 -14 2.5)
(62 -14 2.5)
(66 -14 2.5)
(70 -14 2.5)
(74 -14 2.5)
(78 -14 2.5)
(82 -14 2.5)
(86 -14 2.5)
(90 -14 2.5)
(94 -14 2.5)
(98 -14 2.5)
(34 -10 2.5)
(38 -10 2.5)
(42 -10 2.5)
(46 -10 2.5)
(50 -10 2.5)
(54 -10 2.5)
(58 -10 2.5)
(62 -10 2.5)
(66 -10 2.5)
(70 -10 2.5)
(74 -10 2.5)
(78 -10 2.5)
(82 -10 2.5)
(86 -10 2.5)
(90 -10 2.5)
(94 -10 2.5)
(98 -10 2.5)
(34 -6 2.5)
(38 -6 2.5)
(42 -6 2.5)
(46 -6 2.5)
(50 -6 2.5)
(54 -6 2.5)
(58 -6 2.5)
(62 -6 2.5)
(66 -6 2.5)
(70 -6 2.5)
(74 -6 2.5)
(78 -6 2.5)
(82 -6 2.5)
(86 -6 2.5)
(90 -6 2.5)
(94 -6 2.5)
(98 -6 2.5)
(34 -2 2.5)
(38 -2 2.5)
(42 -2 2.5)
(46 -2 2.5)
(34 -98 7.5)
(38 -98 7.5)
(42 -98 7.5)
(46 -98 7.5)
(50 -98 7.5)
(54 -98 7.5)
(58 -98 7.5)
(62 -98 7.5)
(66 -98 7.5)
(70 -98 7.5)
(74 -98 7.5)
(78 -98 7.5)
(82 -98 7.5)
(86 -98 7.5)
(90 -98 7.5)
(94 -98 7.5)
(98 -98 7.5)
(34 -94 7.5)
(38 -94 7.5)
(42 -94 7.5)
(46 -94 7.5)
(50 -94 7.5)
(54 -94 7.5)
(58 -94 7.5)
(62 -94 7.5)
(66 -94 7.5)
(70 -94 7.5)
(74 -94 7.5)
(78 -94 7.5)
(82 -94 7.5)
(86 -94 7.5)
(90 -94 7.5)
(94 -94 7.5)
(98 -94 7.5)
(34 -90 7.5)
(38 -90 7.5)
(42 -90 7.5)
(46 -90 7.5)
(50 -90 7.5)
(54 -90 7.5)
(58 -90 7.5)
(62 -90 7.5)
(66 -90 7.5)
(70 -90 7.5)
(74 -90 7.5)
(78 -90 7.5)
(82 -90 7.5)
(86 -90 7.5)
(90 -90 7.5)
(94 -90 7.5)
(98 -90 7.5)
(34 -86 7.5)
(38 -86 7.5)
(42 -86 7.5)
(46 -86 7.5)
(50 -86 7.5)
(54 -86 7.5)
(58 -86 7.5)
(62 -86 7.5)
(66 -86 7.5)
(70 -86 7.5)
(74 -86 7.5)
(78 -86 7.5)
(82 -86 7.5)
(86 -86 7.5)
(90 -86 7.5)
(94 -86 7.5)
(98 -86 7.5)
(34 -82 7.5)
(38 -82 7.5)
(42 -82 7.5)
(46 -82 7.5)
(50 -82 7.5)
(54 -82 7.5)
(58 -82 7.5)
(62 -82 7.5)
(66 -82 7.5)
(70 -82 7.5)
(74 -82 7.5)
(78 -82 7.5)
(82 -82 7.5)
(86 -82 7.5)
(90 -82 7.5)
(94 -82 7.5)
(98 -82 7.5)
(34 -78 7.5)
(38 -78 7.5)
(42 -78 7.5)
(46 -78 7.5)
(50 -78 7.5)
(54 -78 7.5)
(58 -78 7.5)
(62 -78 7.5)
(66 -78 7.5)
(70 -78 7.5)
(74 -78 7.5)
(78 -78 7.5)
(82 -78 7.5)
(86 -78 7.5)
(90 -78 7.5)
(94 -78 7.5)
(98 -78 7.5)
(34 -74 7.5)
(38 -74 7.5)
(42 -74 7.5)
(46 -74 7.5)
(50 -74 7.5)
(54 -74 7.5)
(58 -74 7.5)
(62 -74 7.5)
(66 -74 7.5)
(70 -74 7.5)
(74 -74 7.5)
(78 -74 7.5)
(82 -74 7.5)
(86 -74 7.5)
(90 -74 7.5)
(94 -74 7.5)
(98 -74 7.5)
(34 -70 7.5)
(38 -70 7.5)
(42 -70 7.5)
(46 -70 7.5)
(50 -70 7.5)
(54 -70 7.5)
(58 -70 7.5)
(62 -70 7.5)
(66 -70 7.5)
(70 -70 7.5)
(74 -70 7.5)
(78 -70 7.5)
(82 -70 7.5)
(86 -70 7.5)
(90 -70 7.5)
(94 -70 7.5)
(98 -70 7.5)
(34 -66 7.5)
(38 -66 7.5)
(42 -66 7.5)
(46 -66 7.5)
(50 -66 7.5)
(54 -66 7.5)
(58 -66 7.5)
(62 -66 7.5)
(66 -66 7.5)
(70 -66 7.5)
(74 -66 7.5)
(78 -66 7.5)
(82 -66 7.5)
(86 -66 7.5)
(90 -66 7.5)
(94 -66 7.5)
(98 -66 7.5)
(34 -62 7.5)
(38 -62 7.5)
(42 -62 7.5)
(46 -62 7.5)
(50 -62 7.5)
(54 -62 7.5)
(58 -62 7.5)
(62 -62 7.5)
(66 -62 7.5)
(70 -62 7.5)
(74 -62 7.5)
(78 -62 7.5)
(82 -62 7.5)
(86 -62 7.5)
(90 -62 7.5)
(94 -62 7.5)
(98 -62 7.5)
(34 -58 7.5)
(38 -58 7.5)
(42 -58 7.5)
(46 -58 7.5)
(50 -58 7.5)
(54 -58 7.5)
(58 -58 7.5)
(62 -58 7.5)
(66 -58 7.5)
(70 -58 7.5)
(74 -58 7.5)
(78 -58 7.5)
(82 -58 7.5)
(86 -58 7.5)
(90 -58 7.5)
(94 -58 7.5)
(98 -58 7.5)
(34 -54 7.5)
(38 -54 7.5)
(42 -54 7.5)
(46 -54 7.5)
(50 -54 7.5)
(54 -54 7.5)
(58 -54 7.5)
(62 -54 7.5)
(66 -54 7.5)
(70 -54 7.5)
(74 -54 7.5)
(78 -54 7.5)
(82 -54 7.5)
(86 -54 7.5)
(90 -54 7.5)
(94 -54 7.5)
(98 -54 7.5)
(34 -50 7.5)
(38 -50 7.5)
(42 -50 7.5)
(46 -50 7.5)
(50 -50 7.5)
(54 -50 7.5)
(58 -50 7.5)
(62 -50 7.5)
(66 -50 7.5)
(70 -50 7.5)
(74 -50 7.5)
(78 -50 7.5)
(82 -50 7.5)
(86 -50 7.5)
(90 -50 7.5)
(94 -50 7.5)
(98 -50 7.5)
(34 -46 7.5)
(38 -46 7.5)
(42 -46 7.5)
(46 -46 7.5)
(50 -46 7.5)
(54 -46 7.5)
(58 -46 7.5)
(62 -46 7.5)
(66 -46 7.5)
(70 -46 7.5)
(74 -46 7.5)
(78 -46 7.5)
(82 -46 7.5)
(86 -46 7.5)
(90 -46 7.5)
(94 -46 7.5)
(98 -46 7.5)
(34 -42 7.5)
(38 -42 7.5)
(42 -42 7.5)
(46 -42 7.5)
(50 -42 7.5)
(54 -42 7.5)
(58 -42 7.5)
(62 -42 7.5)
(66 -42 7.5)
(70 -42 7.5)
(74 -42 7.5)
(78 -42 7.5)
(82 -42 7.5)
(86 -42 7.5)
(90 -42 7.5)
(94 -42 7.5)
(98 -42 7.5)
(34 -38 7.5)
(38 -38 7.5)
(42 -38 7.5)
(46 -38 7.5)
(50 -38 7.5)
(54 -38 7.5)
(58 -38 7.5)
(62 -38 7.5)
(66 -38 7.5)
(70 -38 7.5)
(74 -38 7.5)
(78 -38 7.5)
(82 -38 7.5)
(86 -38 7.5)
(90 -38 7.5)
(94 -38 7.5)
(98 -38 7.5)
(34 -34 7.5)
(38 -34 7.5)
(42 -34 7.5)
(46 -34 7.5)
(50 -34 7.5)
(54 -34 7.5)
(58 -34 7.5)
(62 -34 7.5)
(66 -34 7.5)
(70 -34 7.5)
(74 -34 7.5)
(78 -34 7.5)
(82 -34 7.5)
(86 -34 7.5)
(90 -34 7.5)
(94 -34 7.5)
(98 -34 7.5)
(34 -30 7.5)
(38 -30 7.5)
(42 -30 7.5)
(46 -30 7.5)
(50 -30 7.5)
(54 -30 7.5)
(58 -30 7.5)
(62 -30 7.5)
(66 -30 7.5)
(70 -30 7.5)
(74 -30 7.5)
(78 -30 7.5)
(82 -30 7.5)
(86 -30 7.5)
(90 -30 7.5)
(94 -30 7.5)
(98 -30 7.5)
(34 -26 7.5)
(38 -26 7.5)
(42 -26 7.5)
(46 -26 7.5)
(50 -26 7.5)
(54 -26 7.5)
(58 -26 7.5)
(62 -26 7.5)
(66 -26 7.5)
(70 -26 7.5)
(74 -26 7.5)
(78 -26 7.5)
(82 -26 7.5)
(86 -26 7.5)
(90 -26 7.5)
(94 -26 7.5)
(98 -26 7.5)
(34 -22 7.5)
(38 -22 7.5)
(42 -22 7.5)
(46 -22 7.5)
(50 -22 7.5)
(54 -22 7.5)
(58 -22 7.5)
(62 -22 7.5)
(66 -22 7.5)
(70 -22 7.5)
(74 -22 7.5)
(78 -22 7.5)
(82 -22 7.5)
(86 -22 7.5)
(90 -22 7.5)
(94 -22 7.5)
(98 -22 7.5)
(34 -18 7.5)
(38 -18 7.5)
(42 -18 7.5)
(46 -18 7.5)
(50 -18 7.5)
(54 -18 7.5)
(58 -18 7.5)
(62 -18 7.5)
(66 -18 7.5)
(70 -18 7.5)
(74 -18 7.5)
(78 -18 7.5)
(82 -18 7.5)
(86 -18 7.5)
(90 -18 7.5)
(94 -18 7.5)
(98 -18 7.5)
(34 -14 7.5)
(38 -14 7.5)
(42 -14 7.5)
(46 -14 7.5)
(50 -14 7.5)
(54 -14 7.5)
(58 -14 7.5)
(62 -14 7.5)
(66 -14 7.5)
(70 -14 7.5)
(74 -14 7.5)
(78 -14 7.5)
(82 -14 7.5)
(86 -14 7.5)
(90 -14 7.5)
(94 -14 7.5)
(98 -14 7.5)
(34 -10 7.5)
(38 -10 7.5)
(42 -10 7.5)
(46 -10 7.5)
(50 -10 7.5)
(54 -10 7.5)
(58 -10 7.5)
(62 -10 7.5)
(66 -10 7.5)
(70 -10 7.5)
(74 -10 7.5)
(78 -10 7.5)
(82 -10 7.5)
(86 -10 7.5)
(90 -10 7.5)
(94 -10 7.5)
(98 -10 7.5)
(34 -6 7.5)
(38 -6 7.5)
(42 -6 7.5)
(46 -6 7.5)
(50 -6 7.5)
(54 -6 7.5)
(58 -6 7.5)
(62 -6 7.5)
(66 -6 7.5)
(70 -6 7.5)
(74 -6 7.5)
(78 -6 7.5)
(82 -6 7.5)
(86 -6 7.5)
(90 -6 7.5)
(94 -6 7.5)
(98 -6 7.5)
(34 -2 7.5)
(38 -2 7.5)
(42 -2 7.5)
(46 -2 7.5)
(50 -2 7.5)
(54 -2 7.5)
(34 -98 12.5)
(38 -98 12.5)
(42 -98 12.5)
(46 -98 12.5)
(50 -98 12.5)
(54 -98 12.5)
(58 -98 12.5)
(62 -98 12.5)
(66 -98 12.5)
(70 -98 12.5)
(74 -98 12.5)
(78 -98 12.5)
(82 -98 12.5)
(86 -98 12.5)
(90 -98 12.5)
(94 -98 12.5)
(98 -98 12.5)
(34 -94 12.5)
(38 -94 12.5)
(42 -94 12.5)
(46 -94 12.5)
(50 -94 12.5)
(54 -94 12.5)
(58 -94 12.5)
(62 -94 12.5)
(66 -94 12.5)
(70 -94 12.5)
(74 -94 12.5)
(78 -94 12.5)
(82 -94 12.5)
(86 -94 12.5)
(90 -94 12.5)
(94 -94 12.5)
(98 -94 12.5)
(34 -90 12.5)
(38 -90 12.5)
(42 -90 12.5)
(46 -90 12.5)
(50 -90 12.5)
(54 -90 12.5)
(58 -90 12.5)
(62 -90 12.5)
(66 -90 12.5)
(70 -90 12.5)
(74 -90 12.5)
(78 -90 12.5)
(82 -90 12.5)
(86 -90 12.5)
(90 -90 12.5)
(94 -90 12.5)
(98 -90 12.5)
(34 -86 12.5)
(38 -86 12.5)
(42 -86 12.5)
(46 -86 12.5)
(50 -86 12.5)
(54 -86 12.5)
(58 -86 12.5)
(62 -86 12.5)
(66 -86 12.5)
(70 -86 12.5)
(74 -86 12.5)
(78 -86 12.5)
(82 -86 12.5)
(86 -86 12.5)
(90 -86 12.5)
(94 -86 12.5)
(98 -86 12.5)
(34 -82 12.5)
(38 -82 12.5)
(42 -82 12.5)
(46 -82 12.5)
(50 -82 12.5)
(54 -82 12.5)
(58 -82 12.5)
(62 -82 12.5)
(66 -82 12.5)
(70 -82 12.5)
(74 -82 12.5)
(78 -82 12.5)
(82 -82 12.5)
(86 -82 12.5)
(90 -82 12.5)
(94 -82 12.5)
(98 -82 12.5)
(34 -78 12.5)
(38 -78 12.5)
(42 -78 12.5)
(46 -78 12.5)
(50 -78 12.5)
(54 -78 12.5)
(58 -78 12.5)
(62 -78 12.5)
(66 -78 12.5)
(70 -78 12.5)
(74 -78 12.5)
(78 -78 12.5)
(82 -78 12.5)
(86 -78 12.5)
(90 -78 12.5)
(94 -78 12.5)
(98 -78 12.5)
(34 -74 12.5)
(38 -74 12.5)
(42 -74 12.5)
(46 -74 12.5)
(50 -74 12.5)
(54 -74 12.5)
(58 -74 12.5)
(62 -74 12.5)
(66 -74 12.5)
(70 -74 12.5)
(74 -74 12.5)
(78 -74 12.5)
(82 -74 12.5)
(86 -74 12.5)
(90 -74 12.5)
(94 -74 12.5)
(98 -74 12.5)
(34 -70 12.5)
(38 -70 12.5)
(42 -70 12.5)
(46 -70 12.5)
(50 -70 12.5)
(54 -70 12.5)
(58 -70 12.5)
(62 -70 12.5)
(66 -70 12.5)
(70 -70 12.5)
(74 -70 12.5)
(78 -70 12.5)
(82 -70 12.5)
(86 -70 12.5)
(90 -70 12.5)
(94 -70 12.5)
(98 -70 12.5)
(34 -66 12.5)
(38 -66 12.5)
(42 -66 12.5)
(46 -66 12.5)
(50 -66 12.5)
(54 -66 12.5)
(58 -66 12.5)
(62 -66 12.5)
(66 -66 12.5)
(70 -66 12.5)
(74 -66 12.5)
(78 -66 12.5)
(82 -66 12.5)
(86 -66 12.5)
(90 -66 12.5)
(94 -66 12.5)
(98 -66 12.5)
(34 -62 12.5)
(38 -62 12.5)
(42 -62 12.5)
(46 -62 12.5)
(50 -62 12.5)
(54 -62 12.5)
(58 -62 12.5)
(62 -62 12.5)
(66 -62 12.5)
(70 -62 12.5)
(74 -62 12.5)
(78 -62 12.5)
(82 -62 12.5)
(86 -62 12.5)
(90 -62 12.5)
(94 -62 12.5)
(98 -62 12.5)
(34 -58 12.5)
(38 -58 12.5)
(42 -58 12.5)
(46 -58 12.5)
(50 -58 12.5)
(54 -58 12.5)
(58 -58 12.5)
(62 -58 12.5)
(66 -58 12.5)
(70 -58 12.5)
(74 -58 12.5)
(78 -58 12.5)
(82 -58 12.5)
(86 -58 12.5)
(90 -58 12.5)
(94 -58 12.5)
(98 -58 12.5)
(34 -54 12.5)
(38 -54 12.5)
(42 -54 12.5)
(46 -54 12.5)
(50 -54 12.5)
(54 -54 12.5)
(58 -54 12.5)
(62 -54 12.5)
(66 -54 12.5)
(70 -54 12.5)
(74 -54 12.5)
(78 -54 12.5)
(82 -54 12.5)
(86 -54 12.5)
(90 -54 12.5)
(94 -54 12.5)
(98 -54 12.5)
(34 -50 12.5)
(38 -50 12.5)
(42 -50 12.5)
(46 -50 12.5)
(50 -50 12.5)
(54 -50 12.5)
(58 -50 12.5)
(62 -50 12.5)
(66 -50 12.5)
(70 -50 12.5)
(74 -50 12.5)
(78 -50 12.5)
(82 -50 12.5)
(86 -50 12.5)
(90 -50 12.5)
(94 -50 12.5)
(98 -50 12.5)
(34 -46 12.5)
(38 -46 12.5)
(42 -46 12.5)
(46 -46 12.5)
(50 -46 12.5)
(54 -46 12.5)
(58 -46 12.5)
(62 -46 12.5)
(66 -46 12.5)
(70 -46 12.5)
(74 -46 12.5)
(78 -46 12.5)
(82 -46 12.5)
(86 -46 12.5)
(90 -46 12.5)
(94 -46 12.5)
(98 -46 12.5)
(34 -42 12.5)
(38 -42 12.5)
(42 -42 12.5)
(46 -42 12.5)
(50 -42 12.5)
(54 -42 12.5)
(58 -42 12.5)
(62 -42 12.5)
(66 -42 12.5)
(70 -42 12.5)
(74 -42 12.5)
(78 -42 12.5)
(82 -42 12.5)
(86 -42 12.5)
(90 -42 12.5)
(94 -42 12.5)
(98 -42 12.5)
(34 -38 12.5)
(38 -38 12.5)
(42 -38 12.5)
(46 -38 12.5)
(50 -38 12.5)
(54 -38 12.5)
(58 -38 12.5)
(62 -38 12.5)
(66 -38 12.5)
(70 -38 12.5)
(74 -38 12.5)
(78 -38 12.5)
(82 -38 12.5)
(86 -38 12.5)
(90 -38 12.5)
(94 -38 12.5)
(98 -38 12.5)
(34 -34 12.5)
(38 -34 12.5)
(42 -34 12.5)
(46 -34 12.5)
(50 -34 12.5)
(54 -34 12.5)
(58 -34 12.5)
(62 -34 12.5)
(66 -34 12.5)
(70 -34 12.5)
(74 -34 12.5)
(78 -34 12.5)
(82 -34 12.5)
(86 -34 12.5)
(90 -34 12.5)
(94 -34 12.5)
(98 -34 12.5)
(34 -30 12.5)
(38 -30 12.5)
(42 -30 12.5)
(46 -30 12.5)
(50 -30 12.5)
(54 -30 12.5)
(58 -30 12.5)
(62 -30 12.5)
(66 -30 12.5)
(70 -30 12.5)
(74 -30 12.5)
(78 -30 12.5)
(82 -30 12.5)
(86 -30 12.5)
(90 -30 12.5)
(94 -30 12.5)
(98 -30 12.5)
(34 -26 12.5)
(38 -26 12.5)
(42 -26 12.5)
(46 -26 12.5)
(50 -26 12.5)
(54 -26 12.5)
(58 -26 12.5)
(62 -26 12.5)
(66 -26 12.5)
(70 -26 12.5)
(74 -26 12.5)
(78 -26 12.5)
(82 -26 12.5)
(86 -26 12.5)
(90 -26 12.5)
(94 -26 12.5)
(98 -26 12.5)
(34 -22 12.5)
(38 -22 12.5)
(42 -22 12.5)
(46 -22 12.5)
(50 -22 12.5)
(54 -22 12.5)
(58 -22 12.5)
(62 -22 12.5)
(66 -22 12.5)
(70 -22 12.5)
(74 -22 12.5)
(78 -22 12.5)
(82 -22 12.5)
(86 -22 12.5)
(90 -22 12.5)
(94 -22 12.5)
(98 -22 12.5)
(34 -18 12.5)
(38 -18 12.5)
(42 -18 12.5)
(46 -18 12.5)
(50 -18 12.5)
(54 -18 12.5)
(58 -18 12.5)
(62 -18 12.5)
(66 -18 12.5)
(70 -18 12.5)
(74 -18 12.5)
(78 -18 12.5)
(82 -18 12.5)
(86 -18 12.5)
(90 -18 12.5)
(94 -18 12.5)
(98 -18 12.5)
(34 -14 12.5)
(38 -14 12.5)
(42 -14 12.5)
(46 -14 12.5)
(50 -14 12.5)
(54 -14 12.5)
(58 -14 12.5)
(62 -14 12.5)
(66 -14 12.5)
(70 -14 12.5)
(74 -14 12.5)
(78 -14 12.5)
(82 -14 12.5)
(86 -14 12.5)
(90 -14 12.5)
(94 -14 12.5)
(98 -14 12.5)
(34 -10 12.5)
(38 -10 12.5)
(42 -10 12.5)
(46 -10 12.5)
(50 -10 12.5)
(54 -10 12.5)
(58 -10 12.5)
(62 -10 12.5)
(66 -10 12.5)
(70 -10 12.5)
(74 -10 12.5)
(78 -10 12.5)
(82 -10 12.5)
(86 -10 12.5)
(90 -10 12.5)
(94 -10 12.5)
(98 -10 12.5)
(34 -6 12.5)
(38 -6 12.5)
(42 -6 12.5)
(46 -6 12.5)
(50 -6 12.5)
(54 -6 12.5)
(58 -6 12.5)
(62 -6 12.5)
(66 -6 12.5)
(70 -6 12.5)
(74 -6 12.5)
(78 -6 12.5)
(82 -6 12.5)
(86 -6 12.5)
(90 -6 12.5)
(94 -6 12.5)
(98 -6 12.5)
(34 -2 12.5)
(38 -2 12.5)
(42 -2 12.5)
(46 -2 12.5)
(50 -2 12.5)
(54 -2 12.5)
(58 -2 12.5)
(62 -2 12.5)
(66 -2 12.5)
(34 -98 17.5)
(38 -98 17.5)
(42 -98 17.5)
(46 -98 17.5)
(50 -98 17.5)
(54 -98 17.5)
(58 -98 17.5)
(62 -98 17.5)
(66 -98 17.5)
(70 -98 17.5)
(74 -98 17.5)
(78 -98 17.5)
(82 -98 17.5)
(86 -98 17.5)
(90 -98 17.5)
(94 -98 17.5)
(98 -98 17.5)
(34 -94 17.5)
(38 -94 17.5)
(42 -94 17.5)
(46 -94 17.5)
(50 -94 17.5)
(54 -94 17.5)
(58 -94 17.5)
(62 -94 17.5)
(66 -94 17.5)
(70 -94 17.5)
(74 -94 17.5)
(78 -94 17.5)
(82 -94 17.5)
(86 -94 17.5)
(90 -94 17.5)
(94 -94 17.5)
(98 -94 17.5)
(34 -90 17.5)
(38 -90 17.5)
(42 -90 17.5)
(46 -90 17.5)
(50 -90 17.5)
(54 -90 17.5)
(58 -90 17.5)
(62 -90 17.5)
(66 -90 17.5)
(70 -90 17.5)
(74 -90 17.5)
(78 -90 17.5)
(82 -90 17.5)
(86 -90 17.5)
(90 -90 17.5)
(94 -90 17.5)
(98 -90 17.5)
(34 -86 17.5)
(38 -86 17.5)
(42 -86 17.5)
(46 -86 17.5)
(50 -86 17.5)
(54 -86 17.5)
(58 -86 17.5)
(62 -86 17.5)
(66 -86 17.5)
(70 -86 17.5)
(74 -86 17.5)
(78 -86 17.5)
(82 -86 17.5)
(86 -86 17.5)
(90 -86 17.5)
(94 -86 17.5)
(98 -86 17.5)
(34 -82 17.5)
(38 -82 17.5)
(42 -82 17.5)
(46 -82 17.5)
(50 -82 17.5)
(54 -82 17.5)
(58 -82 17.5)
(62 -82 17.5)
(66 -82 17.5)
(70 -82 17.5)
(74 -82 17.5)
(78 -82 17.5)
(82 -82 17.5)
(86 -82 17.5)
(90 -82 17.5)
(94 -82 17.5)
(98 -82 17.5)
(34 -78 17.5)
(38 -78 17.5)
(42 -78 17.5)
(46 -78 17.5)
(50 -78 17.5)
(54 -78 17.5)
(58 -78 17.5)
(62 -78 17.5)
(66 -78 17.5)
(70 -78 17.5)
(74 -78 17.5)
(78 -78 17.5)
(82 -78 17.5)
(86 -78 17.5)
(90 -78 17.5)
(94 -78 17.5)
(98 -78 17.5)
(34 -74 17.5)
(38 -74 17.5)
(42 -74 17.5)
(46 -74 17.5)
(50 -74 17.5)
(54 -74 17.5)
(58 -74 17.5)
(62 -74 17.5)
(66 -74 17.5)
(70 -74 17.5)
(74 -74 17.5)
(78 -74 17.5)
(82 -74 17.5)
(86 -74 17.5)
(90 -74 17.5)
(94 -74 17.5)
(98 -74 17.5)
(34 -70 17.5)
(38 -70 17.5)
(42 -70 17.5)
(46 -70 17.5)
(50 -70 17.5)
(54 -70 17.5)
(58 -70 17.5)
(62 -70 17.5)
(66 -70 17.5)
(70 -70 17.5)
(74 -70 17.5)
(78 -70 17.5)
(82 -70 17.5)
(86 -70 17.5)
(90 -70 17.5)
(94 -70 17.5)
(98 -70 17.5)
(34 -66 17.5)
(38 -66 17.5)
(42 -66 17.5)
(46 -66 17.5)
(50 -66 17.5)
(54 -66 17.5)
(58 -66 17.5)
(62 -66 17.5)
(66 -66 17.5)
(70 -66 17.5)
(74 -66 17.5)
(78 -66 17.5)
(82 -66 17.5)
(86 -66 17.5)
(90 -66 17.5)
(94 -66 17.5)
(98 -66 17.5)
(34 -62 17.5)
(38 -62 17.5)
(42 -62 17.5)
(46 -62 17.5)
(50 -62 17.5)
(54 -62 17.5)
(58 -62 17.5)
(62 -62 17.5)
(66 -62 17.5)
(70 -62 17.5)
(74 -62 17.5)
(78 -62 17.5)
(82 -62 17.5)
(86 -62 17.5)
(90 -62 17.5)
(94 -62 17.5)
(98 -62 17.5)
(34 -58 17.5)
(38 -58 17.5)
(42 -58 17.5)
(46 -58 17.5)
(50 -58 17.5)
(54 -58 17.5)
(58 -58 17.5)
(62 -58 17.5)
(66 -58 17.5)
(70 -58 17.5)
(74 -58 17.5)
(78 -58 17.5)
(82 -58 17.5)
(86 -58 17.5)
(90 -58 17.5)
(94 -58 17.5)
(98 -58 17.5)
(34 -54 17.5)
(38 -54 17.5)
(42 -54 17.5)
(46 -54 17.5)
(50 -54 17.5)
(54 -54 17.5)
(58 -54 17.5)
(62 -54 17.5)
(66 -54 17.5)
(70 -54 17.5)
(74 -54 17.5)
(78 -54 17.5)
(82 -54 17.5)
(86 -54 17.5)
(90 -54 17.5)
(94 -54 17.5)
(98 -54 17.5)
(34 -50 17.5)
(38 -50 17.5)
(42 -50 17.5)
(46 -50 17.5)
(50 -50 17.5)
(54 -50 17.5)
(58 -50 17.5)
(62 -50 17.5)
(66 -50 17.5)
(70 -50 17.5)
(74 -50 17.5)
(78 -50 17.5)
(82 -50 17.5)
(86 -50 17.5)
(90 -50 17.5)
(94 -50 17.5)
(98 -50 17.5)
(34 -46 17.5)
(38 -46 17.5)
(42 -46 17.5)
(46 -46 17.5)
(50 -46 17.5)
(54 -46 17.5)
(58 -46 17.5)
(62 -46 17.5)
(66 -46 17.5)
(70 -46 17.5)
(74 -46 17.5)
(78 -46 17.5)
(82 -46 17.5)
(86 -46 17.5)
(90 -46 17.5)
(94 -46 17.5)
(98 -46 17.5)
(34 -42 17.5)
(38 -42 17.5)
(42 -42 17.5)
(46 -42 17.5)
(50 -42 17.5)
(54 -42 17.5)
(58 -42 17.5)
(62 -42 17.5)
(66 -42 17.5)
(70 -42 17.5)
(74 -42 17.5)
(78 -42 17.5)
(82 -42 17.5)
(86 -42 17.5)
(90 -42 17.5)
(94 -42 17.5)
(98 -42 17.5)
(34 -38 17.5)
(38 -38 17.5)
(42 -38 17.5)
(46 -38 17.5)
(50 -38 17.5)
(54 -38 17.5)
(58 -38 17.5)
(62 -38 17.5)
(66 -38 17.5)
(70 -38 17.5)
(74 -38 17.5)
(78 -38 17.5)
(82 -38 17.5)
(86 -38 17.5)
(90 -38 17.5)
(94 -38 17.5)
(98 -38 17.5)
(34 -34 17.5)
(38 -34 17.5)
(42 -34 17.5)
(46 -34 17.5)
(50 -34 17.5)
(54 -34 17.5)
(58 -34 17.5)
(62 -34 17.5)
(66 -34 17.5)
(70 -34 17.5)
(74 -34 17.5)
(78 -34 17.5)
(82 -34 17.5)
(86 -34 17.5)
(90 -34 17.5)
(94 -34 17.5)
(98 -34 17.5)
(34 -30 17.5)
(38 -30 17.5)
(42 -30 17.5)
(46 -30 17.5)
(50 -30 17.5)
(54 -30 17.5)
(58 -30 17.5)
(62 -30 17.5)
(66 -30 17.5)
(70 -30 17.5)
(74 -30 17.5)
(78 -30 17.5)
(82 -30 17.5)
(86 -30 17.5)
(90 -30 17.5)
(94 -30 17.5)
(98 -30 17.5)
(34 -26 17.5)
(38 -26 17.5)
(42 -26 17.5)
(46 -26 17.5)
(50 -26 17.5)
(54 -26 17.5)
(58 -26 17.5)
(62 -26 17.5)
(66 -26 17.5)
(70 -26 17.5)
(74 -26 17.5)
(78 -26 17.5)
(82 -26 17.5)
(86 -26 17.5)
(90 -26 17.5)
(94 -26 17.5)
(98 -26 17.5)
(34 -22 17.5)
(38 -22 17.5)
(42 -22 17.5)
(46 -22 17.5)
(50 -22 17.5)
(54 -22 17.5)
(58 -22 17.5)
(62 -22 17.5)
(66 -22 17.5)
(70 -22 17.5)
(74 -22 17.5)
(78 -22 17.5)
(82 -22 17.5)
(86 -22 17.5)
(90 -22 17.5)
(94 -22 17.5)
(98 -22 17.5)
(34 -18 17.5)
(38 -18 17.5)
(42 -18 17.5)
(46 -18 17.5)
(50 -18 17.5)
(54 -18 17.5)
(58 -18 17.5)
(62 -18 17.5)
(66 -18 17.5)
(70 -18 17.5)
(74 -18 17.5)
(78 -18 17.5)
(82 -18 17.5)
(86 -18 17.5)
(90 -18 17.5)
(94 -18 17.5)
(98 -18 17.5)
(34 -14 17.5)
(38 -14 17.5)
(42 -14 17.5)
(46 -14 17.5)
(50 -14 17.5)
(54 -14 17.5)
(58 -14 17.5)
(62 -14 17.5)
(66 -14 17.5)
(70 -14 17.5)
(74 -14 17.5)
(78 -14 17.5)
(82 -14 17.5)
(86 -14 17.5)
(90 -14 17.5)
(94 -14 17.5)
(98 -14 17.5)
(34 -10 17.5)
(38 -10 17.5)
(42 -10 17.5)
(46 -10 17.5)
(50 -10 17.5)
(54 -10 17.5)
(58 -10 17.5)
(62 -10 17.5)
(66 -10 17.5)
(70 -10 17.5)
(74 -10 17.5)
(78 -10 17.5)
(82 -10 17.5)
(86 -10 17.5)
(90 -10 17.5)
(94 -10 17.5)
(98 -10 17.5)
(34 -6 17.5)
(38 -6 17.5)
(42 -6 17.5)
(46 -6 17.5)
(50 -6 17.5)
(54 -6 17.5)
(58 -6 17.5)
(62 -6 17.5)
(66 -6 17.5)
(70 -6 17.5)
(74 -6 17.5)
(78 -6 17.5)
(82 -6 17.5)
(86 -6 17.5)
(90 -6 17.5)
(94 -6 17.5)
(98 -6 17.5)
(34 -2 17.5)
(38 -2 17.5)
(42 -2 17.5)
(46 -2 17.5)
(50 -2 17.5)
(54 -2 17.5)
(58 -2 17.5)
(62 -2 17.5)
(66 -2 17.5)
(70 -2 17.5)
(74 -2 17.5)
(34 -98 22.5)
(38 -98 22.5)
(42 -98 22.5)
(46 -98 22.5)
(50 -98 22.5)
(54 -98 22.5)
(58 -98 22.5)
(62 -98 22.5)
(66 -98 22.5)
(70 -98 22.5)
(74 -98 22.5)
(78 -98 22.5)
(82 -98 22.5)
(86 -98 22.5)
(90 -98 22.5)
(94 -98 22.5)
(98 -98 22.5)
(34 -94 22.5)
(38 -94 22.5)
(42 -94 22.5)
(46 -94 22.5)
(50 -94 22.5)
(54 -94 22.5)
(58 -94 22.5)
(62 -94 22.5)
(66 -94 22.5)
(70 -94 22.5)
(74 -94 22.5)
(78 -94 22.5)
(82 -94 22.5)
(86 -94 22.5)
(90 -94 22.5)
(94 -94 22.5)
(98 -94 22.5)
(34 -90 22.5)
(38 -90 22.5)
(42 -90 22.5)
(46 -90 22.5)
(50 -90 22.5)
(54 -90 22.5)
(58 -90 22.5)
(62 -90 22.5)
(66 -90 22.5)
(70 -90 22.5)
(74 -90 22.5)
(78 -90 22.5)
(82 -90 22.5)
(86 -90 22.5)
(90 -90 22.5)
(94 -90 22.5)
(98 -90 22.5)
(34 -86 22.5)
(38 -86 22.5)
(42 -86 22.5)
(46 -86 22.5)
(50 -86 22.5)
(54 -86 22.5)
(58 -86 22.5)
(62 -86 22.5)
(66 -86 22.5)
(70 -86 22.5)
(74 -86 22.5)
(78 -86 22.5)
(82 -86 22.5)
(86 -86 22.5)
(90 -86 22.5)
(94 -86 22.5)
(98 -86 22.5)
(34 -82 22.5)
(38 -82 22.5)
(42 -82 22.5)
(46 -82 22.5)
(50 -82 22.5)
(54 -82 22.5)
(58 -82 22.5)
(62 -82 22.5)
(66 -82 22.5)
(70 -82 22.5)
(74 -82 22.5)
(78 -82 22.5)
(82 -82 22.5)
(86 -82 22.5)
(90 -82 22.5)
(94 -82 22.5)
(98 -82 22.5)
(34 -78 22.5)
(38 -78 22.5)
(42 -78 22.5)
(46 -78 22.5)
(50 -78 22.5)
(54 -78 22.5)
(58 -78 22.5)
(62 -78 22.5)
(66 -78 22.5)
(70 -78 22.5)
(74 -78 22.5)
(78 -78 22.5)
(82 -78 22.5)
(86 -78 22.5)
(90 -78 22.5)
(94 -78 22.5)
(98 -78 22.5)
(34 -74 22.5)
(38 -74 22.5)
(42 -74 22.5)
(46 -74 22.5)
(50 -74 22.5)
(54 -74 22.5)
(58 -74 22.5)
(62 -74 22.5)
(66 -74 22.5)
(70 -74 22.5)
(74 -74 22.5)
(78 -74 22.5)
(82 -74 22.5)
(86 -74 22.5)
(90 -74 22.5)
(94 -74 22.5)
(98 -74 22.5)
(34 -70 22.5)
(38 -70 22.5)
(42 -70 22.5)
(46 -70 22.5)
(50 -70 22.5)
(54 -70 22.5)
(58 -70 22.5)
(62 -70 22.5)
(66 -70 22.5)
(70 -70 22.5)
(74 -70 22.5)
(78 -70 22.5)
(82 -70 22.5)
(86 -70 22.5)
(90 -70 22.5)
(94 -70 22.5)
(98 -70 22.5)
(34 -66 22.5)
(38 -66 22.5)
(42 -66 22.5)
(46 -66 22.5)
(50 -66 22.5)
(54 -66 22.5)
(58 -66 22.5)
(62 -66 22.5)
(66 -66 22.5)
(70 -66 22.5)
(74 -66 22.5)
(78 -66 22.5)
(82 -66 22.5)
(86 -66 22.5)
(90 -66 22.5)
(94 -66 22.5)
(98 -66 22.5)
(34 -62 22.5)
(38 -62 22.5)
(42 -62 22.5)
(46 -62 22.5)
(50 -62 22.5)
(54 -62 22.5)
(58 -62 22.5)
(62 -62 22.5)
(66 -62 22.5)
(70 -62 22.5)
(74 -62 22.5)
(78 -62 22.5)
(82 -62 22.5)
(86 -62 22.5)
(90 -62 22.5)
(94 -62 22.5)
(98 -62 22.5)
(34 -58 22.5)
(38 -58 22.5)
(42 -58 22.5)
(46 -58 22.5)
(50 -58 22.5)
(54 -58 22.5)
(58 -58 22.5)
(62 -58 22.5)
(66 -58 22.5)
(70 -58 22.5)
(74 -58 22.5)
(78 -58 22.5)
(82 -58 22.5)
(86 -58 22.5)
(90 -58 22.5)
(94 -58 22.5)
(98 -58 22.5)
(34 -54 22.5)
(38 -54 22.5)
(42 -54 22.5)
(46 -54 22.5)
(50 -54 22.5)
(54 -54 22.5)
(58 -54 22.5)
(62 -54 22.5)
(66 -54 22.5)
(70 -54 22.5)
(74 -54 22.5)
(78 -54 22.5)
(82 -54 22.5)
(86 -54 22.5)
(90 -54 22.5)
(94 -54 22.5)
(98 -54 22.5)
(34 -50 22.5)
(38 -50 22.5)
(42 -50 22.5)
(46 -50 22.5)
(50 -50 22.5)
(54 -50 22.5)
(58 -50 22.5)
(62 -50 22.5)
(66 -50 22.5)
(70 -50 22.5)
(74 -50 22.5)
(78 -50 22.5)
(82 -50 22.5)
(86 -50 22.5)
(90 -50 22.5)
(94 -50 22.5)
(98 -50 22.5)
(34 -46 22.5)
(38 -46 22.5)
(42 -46 22.5)
(46 -46 22.5)
(50 -46 22.5)
(54 -46 22.5)
(58 -46 22.5)
(62 -46 22.5)
(66 -46 22.5)
(70 -46 22.5)
(74 -46 22.5)
(78 -46 22.5)
(82 -46 22.5)
(86 -46 22.5)
(90 -46 22.5)
(94 -46 22.5)
(98 -46 22.5)
(34 -42 22.5)
(38 -42 22.5)
(42 -42 22.5)
(46 -42 22.5)
(50 -42 22.5)
(54 -42 22.5)
(58 -42 22.5)
(62 -42 22.5)
(66 -42 22.5)
(70 -42 22.5)
(74 -42 22.5)
(78 -42 22.5)
(82 -42 22.5)
(86 -42 22.5)
(90 -42 22.5)
(94 -42 22.5)
(98 -42 22.5)
(34 -38 22.5)
(38 -38 22.5)
(42 -38 22.5)
(46 -38 22.5)
(50 -38 22.5)
(54 -38 22.5)
(58 -38 22.5)
(62 -38 22.5)
(66 -38 22.5)
(70 -38 22.5)
(74 -38 22.5)
(78 -38 22.5)
(82 -38 22.5)
(86 -38 22.5)
(90 -38 22.5)
(94 -38 22.5)
(98 -38 22.5)
(34 -34 22.5)
(38 -34 22.5)
(42 -34 22.5)
(46 -34 22.5)
(50 -34 22.5)
(54 -34 22.5)
(58 -34 22.5)
(62 -34 22.5)
(66 -34 22.5)
(70 -34 22.5)
(74 -34 22.5)
(78 -34 22.5)
(82 -34 22.5)
(86 -34 22.5)
(90 -34 22.5)
(94 -34 22.5)
(98 -34 22.5)
(34 -30 22.5)
(38 -30 22.5)
(42 -30 22.5)
(46 -30 22.5)
(50 -30 22.5)
(54 -30 22.5)
(58 -30 22.5)
(62 -30 22.5)
(66 -30 22.5)
(70 -30 22.5)
(74 -30 22.5)
(78 -30 22.5)
(82 -30 22.5)
(86 -30 22.5)
(90 -30 22.5)
(94 -30 22.5)
(98 -30 22.5)
(34 -26 22.5)
(38 -26 22.5)
(42 -26 22.5)
(46 -26 22.5)
(50 -26 22.5)
(54 -26 22.5)
(58 -26 22.5)
(62 -26 22.5)
(66 -26 22.5)
(70 -26 22.5)
(74 -26 22.5)
(78 -26 22.5)
(82 -26 22.5)
(86 -26 22.5)
(90 -26 22.5)
(94 -26 22.5)
(98 -26 22.5)
(34 -22 22.5)
(38 -22 22.5)
(42 -22 22.5)
(46 -22 22.5)
(50 -22 22.5)
(54 -22 22.5)
(58 -22 22.5)
(62 -22 22.5)
(66 -22 22.5)
(70 -22 22.5)
(74 -22 22.5)
(78 -22 22.5)
(82 -22 22.5)
(86 -22 22.5)
(90 -22 22.5)
(94 -22 22.5)
(98 -22 22.5)
(34 -18 22.5)
(38 -18 22.5)
(42 -18 22.5)
(46 -18 22.5)
(50 -18 22.5)
(54 -18 22.5)
(58 -18 22.5)
(62 -18 22.5)
(66 -18 22.5)
(70 -18 22.5)
(74 -18 22.5)
(78 -18 22.5)
(82 -18 22.5)
(86 -18 22.5)
(90 -18 22.5)
(94 -18 22.5)
(98 -18 22.5)
(34 -14 22.5)
(38 -14 22.5)
(42 -14 22.5)
(46 -14 22.5)
(50 -14 22.5)
(54 -14 22.5)
(58 -14 22.5)
(62 -14 22.5)
(66 -14 22.5)
(70 -14 22.5)
(74 -14 22.5)
(78 -14 22.5)
(82 -14 22.5)
(86 -14 22.5)
(90 -14 22.5)
(94 -14 22.5)
(98 -14 22.5)
(34 -10 22.5)
(38 -10 22.5)
(42 -10 22.5)
(46 -10 22.5)
(50 -10 22.5)
(54 -10 22.5)
(58 -10 22.5)
(62 -10 22.5)
(66 -10 22.5)
(70 -10 22.5)
(74 -10 22.5)
(78 -10 22.5)
(82 -10 22.5)
(86 -10 22.5)
(90 -10 22.5)
(94 -10 22.5)
(98 -10 22.5)
(34 -6 22.5)
(38 -6 22.5)
(42 -6 22.5)
(46 -6 22.5)
(50 -6 22.5)
(54 -6 22.5)
(58 -6 22.5)
(62 -6 22.5)
(66 -6 22.5)
(70 -6 22.5)
(74 -6 22.5)
(78 -6 22.5)
(82 -6 22.5)
(86 -6 22.5)
(90 -6 22.5)
(94 -6 22.5)
(98 -6 22.5)
(34 -2 22.5)
(38 -2 22.5)
(42 -2 22.5)
(46 -2 22.5)
(50 -2 22.5)
(54 -2 22.5)
(58 -2 22.5)
(62 -2 22.5)
(66 -2 22.5)
(70 -2 22.5)
(74 -2 22.5)
(78 -2 22.5)
(82 -2 22.5)
(86 -2 22.5)
(-86 2 2.5)
(-82 2 2.5)
(-78 2 2.5)
(-74 2 2.5)
(-70 2 2.5)
(-66 2 2.5)
(-62 2 2.5)
(-58 2 2.5)
(-54 2 2.5)
(-50 2 2.5)
(-46 2 2.5)
(-42 2 2.5)
(-38 2 2.5)
(-34 2 2.5)
(-98 6 2.5)
(-94 6 2.5)
(-90 6 2.5)
(-86 6 2.5)
(-82 6 2.5)
(-78 6 2.5)
(-74 6 2.5)
(-70 6 2.5)
(-66 6 2.5)
(-62 6 2.5)
(-58 6 2.5)
(-54 6 2.5)
(-50 6 2.5)
(-46 6 2.5)
(-42 6 2.5)
(-38 6 2.5)
(-34 6 2.5)
(-98 10 2.5)
(-94 10 2.5)
(-90 10 2.5)
(-86 10 2.5)
(-82 10 2.5)
(-78 10 2.5)
(-74 10 2.5)
(-70 10 2.5)
(-66 10 2.5)
(-62 10 2.5)
(-58 10 2.5)
(-54 10 2.5)
(-50 10 2.5)
(-46 10 2.5)
(-42 10 2.5)
(-38 10 2.5)
(-34 10 2.5)
(-98 14 2.5)
(-94 14 2.5)
(-90 14 2.5)
(-86 14 2.5)
(-82 14 2.5)
(-78 14 2.5)
(-74 14 2.5)
(-70 14 2.5)
(-66 14 2.5)
(-62 14 2.5)
(-58 14 2.5)
(-54 14 2.5)
(-50 14 2.5)
(-46 14 2.5)
(-42 14 2.5)
(-38 14 2.5)
(-34 14 2.5)
(-98 18 2.5)
(-94 18 2.5)
(-90 18 2.5)
(-86 18 2.5)
(-82 18 2.5)
(-78 18 2.5)
(-74 18 2.5)
(-70 18 2.5)
(-66 18 2.5)
(-62 18 2.5)
(-58 18 2.5)
(-54 18 2.5)
(-50 18 2.5)
(-46 18 2.5)
(-42 18 2.5)
(-38 18 2.5)
(-34 18 2.5)
(-98 22 2.5)
(-94 22 2.5)
(-90 22 2.5)
(-86 22 2.5)
(-82 22 2.5)
(-78 22 2.5)
(-74 22 2.5)
(-70 22 2.5)
(-66 22 2.5)
(-62 22 2.5)
(-58 22 2.5)
(-54 22 2.5)
(-50 22 2.5)
(-46 22 2.5)
(-42 22 2.5)
(-38 22 2.5)
(-34 22 2.5)
(-98 26 2.5)
(-94 26 2.5)
(-90 26 2.5)
(-86 26 2.5)
(-82 26 2.5)
(-78 26 2.5)
(-74 26 2.5)
(-70 26 2.5)
(-66 26 2.5)
(-62 26 2.5)
(-58 26 2.5)
(-54 26 2.5)
(-50 26 2.5)
(-46 26 2.5)
(-42 26 2.5)
(-38 26 2.5)
(-34 26 2.5)
(-98 30 2.5)
(-94 30 2.5)
(-90 30 2.5)
(-86 30 2.5)
(-82 30 2.5)
(-78 30 2.5)
(-74 30 2.5)
(-70 30 2.5)
(-66 30 2.5)
(-62 30 2.5)
(-58 30 2.5)
(-54 30 2.5)
(-50 30 2.5)
(-46 30 2.5)
(-42 30 2.5)
(-38 30 2.5)
(-34 30 2.5)
(-98 34 2.5)
(-94 34 2.5)
(-90 34 2.5)
(-86 34 2.5)
(-82 34 2.5)
(-78 34 2.5)
(-74 34 2.5)
(-70 34 2.5)
(-66 34 2.5)
(-62 34 2.5)
(-58 34 2.5)
(-54 34 2.5)
(-50 34 2.5)
(-46 34 2.5)
(-42 34 2.5)
(-38 34 2.5)
(-34 34 2.5)
(-98 38 2.5)
(-94 38 2.5)
(-90 38 2.5)
(-86 38 2.5)
(-82 38 2.5)
(-78 38 2.5)
(-74 38 2.5)
(-70 38 2.5)
(-66 38 2.5)
(-62 38 2.5)
(-58 38 2.5)
(-54 38 2.5)
(-50 38 2.5)
(-46 38 2.5)
(-42 38 2.5)
(-38 38 2.5)
(-34 38 2.5)
(-98 42 2.5)
(-94 42 2.5)
(-90 42 2.5)
(-86 42 2.5)
(-82 42 2.5)
(-78 42 2.5)
(-74 42 2.5)
(-70 42 2.5)
(-66 42 2.5)
(-62 42 2.5)
(-58 42 2.5)
(-54 42 2.5)
(-50 42 2.5)
(-46 42 2.5)
(-42 42 2.5)
(-38 42 2.5)
(-34 42 2.5)
(-98 46 2.5)
(-94 46 2.5)
(-90 46 2.5)
(-86 46 2.5)
(-82 46 2.5)
(-78 46 2.5)
(-74 46 2.5)
(-70 46 2.5)
(-66 46 2.5)
(-62 46 2.5)
(-58 46 2.5)
(-54 46 2.5)
(-50 46 2.5)
(-46 46 2.5)
(-42 46 2.5)
(-38 46 2.5)
(-34 46 2.5)
(-98 50 2.5)
(-94 50 2.5)
(-90 50 2.5)
(-86 50 2.5)
(-82 50 2.5)
(-78 50 2.5)
(-74 50 2.5)
(-70 50 2.5)
(-66 50 2.5)
(-62 50 2.5)
(-58 50 2.5)
(-54 50 2.5)
(-50 50 2.5)
(-46 50 2.5)
(-42 50 2.5)
(-38 50 2.5)
(-34 50 2.5)
(-98 54 2.5)
(-94 54 2.5)
(-90 54 2.5)
(-86 54 2.5)
(-82 54 2.5)
(-78 54 2.5)
(-74 54 2.5)
(-70 54 2.5)
(-66 54 2.5)
(-62 54 2.5)
(-58 54 2.5)
(-54 54 2.5)
(-50 54 2.5)
(-46 54 2.5)
(-42 54 2.5)
(-38 54 2.5)
(-34 54 2.5)
(-98 58 2.5)
(-94 58 2.5)
(-90 58 2.5)
(-86 58 2.5)
(-82 58 2.5)
(-78 58 2.5)
(-74 58 2.5)
(-70 58 2.5)
(-66 58 2.5)
(-62 58 2.5)
(-58 58 2.5)
(-54 58 2.5)
(-50 58 2.5)
(-46 58 2.5)
(-42 58 2.5)
(-38 58 2.5)
(-34 58 2.5)
(-98 62 2.5)
(-94 62 2.5)
(-90 62 2.5)
(-86 62 2.5)
(-82 62 2.5)
(-78 62 2.5)
(-74 62 2.5)
(-70 62 2.5)
(-66 62 2.5)
(-62 62 2.5)
(-58 62 2.5)
(-54 62 2.5)
(-50 62 2.5)
(-46 62 2.5)
(-42 62 2.5)
(-38 62 2.5)
(-34 62 2.5)
(-98 66 2.5)
(-94 66 2.5)
(-90 66 2.5)
(-86 66 2.5)
(-82 66 2.5)
(-78 66 2.5)
(-74 66 2.5)
(-70 66 2.5)
(-66 66 2.5)
(-62 66 2.5)
(-58 66 2.5)
(-54 66 2.5)
(-50 66 2.5)
(-46 66 2.5)
(-42 66 2.5)
(-38 66 2.5)
(-34 66 2.5)
(-98 70 2.5)
(-94 70 2.5)
(-90 70 2.5)
(-86 70 2.5)
(-82 70 2.5)
(-78 70 2.5)
(-74 70 2.5)
(-70 70 2.5)
(-66 70 2.5)
(-62 70 2.5)
(-58 70 2.5)
(-54 70 2.5)
(-50 70 2.5)
(-46 70 2.5)
(-42 70 2.5)
(-38 70 2.5)
(-34 70 2.5)
(-98 74 2.5)
(-94 74 2.5)
(-90 74 2.5)
(-86 74 2.5)
(-82 74 2.5)
(-78 74 2.5)
(-74 74 2.5)
(-70 74 2.5)
(-66 74 2.5)
(-62 74 2.5)
(-58 74 2.5)
(-54 74 2.5)
(-50 74 2.5)
(-46 74 2.5)
(-42 74 2.5)
(-38 74 2.5)
(-34 74 2.5)
(-98 78 2.5)
(-94 78 2.5)
(-90 78 2.5)
(-86 78 2.5)
(-82 78 2.5)
(-78 78 2.5)
(-74 78 2.5)
(-70 78 2.5)
(-66 78 2.5)
(-62 78 2.5)
(-58 78 2.5)
(-54 78 2.5)
(-50 78 2.5)
(-46 78 2.5)
(-42 78 2.5)
(-38 78 2.5)
(-34 78 2.5)
(-98 82 2.5)
(-94 82 2.5)
(-90 82 2.5)
(-86 82 2.5)
(-82 82 2.5)
(-78 82 2.5)
(-74 82 2.5)
(-70 82 2.5)
(-66 82 2.5)
(-62 82 2.5)
(-58 82 2.5)
(-54 82 2.5)
(-50 82 2.5)
(-46 82 2.5)
(-42 82 2.5)
(-38 82 2.5)
(-34 82 2.5)
(-98 86 2.5)
(-94 86 2.5)
(-90 86 2.5)
(-86 86 2.5)
(-82 86 2.5)
(-78 86 2.5)
(-74 86 2.5)
(-70 86 2.5)
(-66 86 2.5)
(-62 86 2.5)
(-58 86 2.5)
(-54 86 2.5)
(-50 86 2.5)
(-46 86 2.5)
(-42 86 2.5)
(-38 86 2.5)
(-34 86 2.5)
(-98 90 2.5)
(-94 90 2.5)
(-90 90 2.5)
(-86 90 2.5)
(-82 90 2.5)
(-78 90 2.5)
(-74 90 2.5)
(-70 90 2.5)
(-66 90 2.5)
(-62 90 2.5)
(-58 90 2.5)
(-54 90 2.5)
(-50 90 2.5)
(-46 90 2.5)
(-42 90 2.5)
(-38 90 2.5)
(-34 90 2.5)
(-98 94 2.5)
(-94 94 2.5)
(-90 94 2.5)
(-86 94 2.5)
(-82 94 2.5)
(-78 94 2.5)
(-74 94 2.5)
(-70 94 2.5)
(-66 94 2.5)
(-62 94 2.5)
(-58 94 2.5)
(-54 94 2.5)
(-50 94 2.5)
(-46 94 2.5)
(-42 94 2.5)
(-38 94 2.5)
(-34 94 2.5)
(-98 98 2.5)
(-94 98 2.5)
(-90 98 2.5)
(-86 98 2.5)
(-82 98 2.5)
(-78 98 2.5)
(-74 98 2.5)
(-70 98 2.5)
(-66 98 2.5)
(-62 98 2.5)
(-58 98 2.5)
(-54 98 2.5)
(-50 98 2.5)
(-46 98 2.5)
(-42 98 2.5)
(-38 98 2.5)
(-34 98 2.5)
(-74 2 7.5)
(-70 2 7.5)
(-66 2 7.5)
(-62 2 7.5)
(-58 2 7.5)
(-54 2 7.5)
(-50 2 7.5)
(-46 2 7.5)
(-42 2 7.5)
(-38 2 7.5)
(-34 2 7.5)
(-98 6 7.5)
(-94 6 7.5)
(-90 6 7.5)
(-86 6 7.5)
(-82 6 7.5)
(-78 6 7.5)
(-74 6 7.5)
(-70 6 7.5)
(-66 6 7.5)
(-62 6 7.5)
(-58 6 7.5)
(-54 6 7.5)
(-50 6 7.5)
(-46 6 7.5)
(-42 6 7.5)
(-38 6 7.5)
(-34 6 7.5)
(-98 10 7.5)
(-94 10 7.5)
(-90 10 7.5)
(-86 10 7.5)
(-82 10 7.5)
(-78 10 7.5)
(-74 10 7.5)
(-70 10 7.5)
(-66 10 7.5)
(-62 10 7.5)
(-58 10 7.5)
(-54 10 7.5)
(-50 10 7.5)
(-46 10 7.5)
(-42 10 7.5)
(-38 10 7.5)
(-34 10 7.5)
(-98 14 7.5)
(-94 14 7.5)
(-90 14 7.5)
(-86 14 7.5)
(-82 14 7.5)
(-78 14 7.5)
(-74 14 7.5)
(-70 14 7.5)
(-66 14 7.5)
(-62 14 7.5)
(-58 14 7.5)
(-54 14 7.5)
(-50 14 7.5)
(-46 14 7.5)
(-42 14 7.5)
(-38 14 7.5)
(-34 14 7.5)
(-98 18 7.5)
(-94 18 7.5)
(-90 18 7.5)
(-86 18 7.5)
(-82 18 7.5)
(-78 18 7.5)
(-74 18 7.5)
(-70 18 7.5)
(-66 18 7.5)
(-62 18 7.5)
(-58 18 7.5)
(-54 18 7.5)
(-50 18 7.5)
(-46 18 7.5)
(-42 18 7.5)
(-38 18 7.5)
(-34 18 7.5)
(-98 22 7.5)
(-94 22 7.5)
(-90 22 7.5)
(-86 22 7.5)
(-82 22 7.5)
(-78 22 7.5)
(-74 22 7.5)
(-70 22 7.5)
(-66 22 7.5)
(-62 22 7.5)
(-58 22 7.5)
(-54 22 7.5)
(-50 22 7.5)
(-46 22 7.5)
(-42 22 7.5)
(-38 22 7.5)
(-34 22 7.5)
(-98 26 7.5)
(-94 26 7.5)
(-90 26 7.5)
(-86 26 7.5)
(-82 26 7.5)
(-78 26 7.5)
(-74 26 7.5)
(-70 26 7.5)
(-66 26 7.5)
(-62 26 7.5)
(-58 26 7.5)
(-54 26 7.5)
(-50 26 7.5)
(-46 26 7.5)
(-42 26 7.5)
(-38 26 7.5)
(-34 26 7.5)
(-98 30 7.5)
(-94 30 7.5)
(-90 30 7.5)
(-86 30 7.5)
(-82 30 7.5)
(-78 30 7.5)
(-74 30 7.5)
(-70 30 7.5)
(-66 30 7.5)
(-62 30 7.5)
(-58 30 7.5)
(-54 30 7.5)
(-50 30 7.5)
(-46 30 7.5)
(-42 30 7.5)
(-38 30 7.5)
(-34 30 7.5)
(-98 34 7.5)
(-94 34 7.5)
(-90 34 7.5)
(-86 34 7.5)
(-82 34 7.5)
(-78 34 7.5)
(-74 34 7.5)
(-70 34 7.5)
(-66 34 7.5)
(-62 34 7.5)
(-58 34 7.5)
(-54 34 7.5)
(-50 34 7.5)
(-46 34 7.5)
(-42 34 7.5)
(-38 34 7.5)
(-34 34 7.5)
(-98 38 7.5)
(-94 38 7.5)
(-90 38 7.5)
(-86 38 7.5)
(-82 38 7.5)
(-78 38 7.5)
(-74 38 7.5)
(-70 38 7.5)
(-66 38 7.5)
(-62 38 7.5)
(-58 38 7.5)
(-54 38 7.5)
(-50 38 7.5)
(-46 38 7.5)
(-42 38 7.5)
(-38 38 7.5)
(-34 38 7.5)
(-98 42 7.5)
(-94 42 7.5)
(-90 42 7.5)
(-86 42 7.5)
(-82 42 7.5)
(-78 42 7.5)
(-74 42 7.5)
(-70 42 7.5)
(-66 42 7.5)
(-62 42 7.5)
(-58 42 7.5)
(-54 42 7.5)
(-50 42 7.5)
(-46 42 7.5)
(-42 42 7.5)
(-38 42 7.5)
(-34 42 7.5)
(-98 46 7.5)
(-94 46 7.5)
(-90 46 7.5)
(-86 46 7.5)
(-82 46 7.5)
(-78 46 7.5)
(-74 46 7.5)
(-70 46 7.5)
(-66 46 7.5)
(-62 46 7.5)
(-58 46 7.5)
(-54 46 7.5)
(-50 46 7.5)
(-46 46 7.5)
(-42 46 7.5)
(-38 46 7.5)
(-34 46 7.5)
(-98 50 7.5)
(-94 50 7.5)
(-90 50 7.5)
(-86 50 7.5)
(-82 50 7.5)
(-78 50 7.5)
(-74 50 7.5)
(-70 50 7.5)
(-66 50 7.5)
(-62 50 7.5)
(-58 50 7.5)
(-54 50 7.5)
(-50 50 7.5)
(-46 50 7.5)
(-42 50 7.5)
(-38 50 7.5)
(-34 50 7.5)
(-98 54 7.5)
(-94 54 7.5)
(-90 54 7.5)
(-86 54 7.5)
(-82 54 7.5)
(-78 54 7.5)
(-74 54 7.5)
(-70 54 7.5)
(-66 54 7.5)
(-62 54 7.5)
(-58 54 7.5)
(-54 54 7.5)
(-50 54 7.5)
(-46 54 7.5)
(-42 54 7.5)
(-38 54 7.5)
(-34 54 7.5)
(-98 58 7.5)
(-94 58 7.5)
(-90 58 7.5)
(-86 58 7.5)
(-82 58 7.5)
(-78 58 7.5)
(-74 58 7.5)
(-70 58 7.5)
(-66 58 7.5)
(-62 58 7.5)
(-58 58 7.5)
(-54 58 7.5)
(-50 58 7.5)
(-46 58 7.5)
(-42 58 7.5)
(-38 58 7.5)
(-34 58 7.5)
(-98 62 7.5)
(-94 62 7.5)
(-90 62 7.5)
(-86 62 7.5)
(-82 62 7.5)
(-78 62 7.5)
(-74 62 7.5)
(-70 62 7.5)
(-66 62 7.5)
(-62 62 7.5)
(-58 62 7.5)
(-54 62 7.5)
(-50 62 7.5)
(-46 62 7.5)
(-42 62 7.5)
(-38 62 7.5)
(-34 62 7.5)
(-98 66 7.5)
(-94 66 7.5)
(-90 66 7.5)
(-86 66 7.5)
(-82 66 7.5)
(-78 66 7.5)
(-74 66 7.5)
(-70 66 7.5)
(-66 66 7.5)
(-62 66 7.5)
(-58 66 7.5)
(-54 66 7.5)
(-50 66 7.5)
(-46 66 7.5)
(-42 66 7.5)
(-38 66 7.5)
(-34 66 7.5)
(-98 70 7.5)
(-94 70 7.5)
(-90 70 7.5)
(-86 70 7.5)
(-82 70 7.5)
(-78 70 7.5)
(-74 70 7.5)
(-70 70 7.5)
(-66 70 7.5)
(-62 70 7.5)
(-58 70 7.5)
(-54 70 7.5)
(-50 70 7.5)
(-46 70 7.5)
(-42 70 7.5)
(-38 70 7.5)
(-34 70 7.5)
(-98 74 7.5)
(-94 74 7.5)
(-90 74 7.5)
(-86 74 7.5)
(-82 74 7.5)
(-78 74 7.5)
(-74 74 7.5)
(-70 74 7.5)
(-66 74 7.5)
(-62 74 7.5)
(-58 74 7.5)
(-54 74 7.5)
(-50 74 7.5)
(-46 74 7.5)
(-42 74 7.5)
(-38 74 7.5)
(-34 74 7.5)
(-98 78 7.5)
(-94 78 7.5)
(-90 78 7.5)
(-86 78 7.5)
(-82 78 7.5)
(-78 78 7.5)
(-74 78 7.5)
(-70 78 7.5)
(-66 78 7.5)
(-62 78 7.5)
(-58 78 7.5)
(-54 78 7.5)
(-50 78 7.5)
(-46 78 7.5)
(-42 78 7.5)
(-38 78 7.5)
(-34 78 7.5)
(-98 82 7.5)
(-94 82 7.5)
(-90 82 7.5)
(-86 82 7.5)
(-82 82 7.5)
(-78 82 7.5)
(-74 82 7.5)
(-70 82 7.5)
(-66 82 7.5)
(-62 82 7.5)
(-58 82 7.5)
(-54 82 7.5)
(-50 82 7.5)
(-46 82 7.5)
(-42 82 7.5)
(-38 82 7.5)
(-34 82 7.5)
(-98 86 7.5)
(-94 86 7.5)
(-90 86 7.5)
(-86 86 7.5)
(-82 86 7.5)
(-78 86 7.5)
(-74 86 7.5)
(-70 86 7.5)
(-66 86 7.5)
(-62 86 7.5)
(-58 86 7.5)
(-54 86 7.5)
(-50 86 7.5)
(-46 86 7.5)
(-42 86 7.5)
(-38 86 7.5)
(-34 86 7.5)
(-98 90 7.5)
(-94 90 7.5)
(-90 90 7.5)
(-86 90 7.5)
(-82 90 7.5)
(-78 90 7.5)
(-74 90 7.5)
(-70 90 7.5)
(-66 90 7.5)
(-62 90 7.5)
(-58 90 7.5)
(-54 90 7.5)
(-50 90 7.5)
(-46 90 7.5)
(-42 90 7.5)
(-38 90 7.5)
(-34 90 7.5)
(-98 94 7.5)
(-94 94 7.5)
(-90 94 7.5)
(-86 94 7.5)
(-82 94 7.5)
(-78 94 7.5)
(-74 94 7.5)
(-70 94 7.5)
(-66 94 7.5)
(-62 94 7.5)
(-58 94 7.5)
(-54 94 7.5)
(-50 94 7.5)
(-46 94 7.5)
(-42 94 7.5)
(-38 94 7.5)
(-34 94 7.5)
(-98 98 7.5)
(-94 98 7.5)
(-90 98 7.5)
(-86 98 7.5)
(-82 98 7.5)
(-78 98 7.5)
(-74 98 7.5)
(-70 98 7.5)
(-66 98 7.5)
(-62 98 7.5)
(-58 98 7.5)
(-54 98 7.5)
(-50 98 7.5)
(-46 98 7.5)
(-42 98 7.5)
(-38 98 7.5)
(-34 98 7.5)
(-66 2 12.5)
(-62 2 12.5)
(-58 2 12.5)
(-54 2 12.5)
(-50 2 12.5)
(-46 2 12.5)
(-42 2 12.5)
(-38 2 12.5)
(-34 2 12.5)
(-98 6 12.5)
(-94 6 12.5)
(-90 6 12.5)
(-86 6 12.5)
(-82 6 12.5)
(-78 6 12.5)
(-74 6 12.5)
(-70 6 12.5)
(-66 6 12.5)
(-62 6 12.5)
(-58 6 12.5)
(-54 6 12.5)
(-50 6 12.5)
(-46 6 12.5)
(-42 6 12.5)
(-38 6 12.5)
(-34 6 12.5)
(-98 10 12.5)
(-94 10 12.5)
(-90 10 12.5)
(-86 10 12.5)
(-82 10 12.5)
(-78 10 12.5)
(-74 10 12.5)
(-70 10 12.5)
(-66 10 12.5)
(-62 10 12.5)
(-58 10 12.5)
(-54 10 12.5)
(-50 10 12.5)
(-46 10 12.5)
(-42 10 12.5)
(-38 10 12.5)
(-34 10 12.5)
(-98 14 12.5)
(-94 14 12.5)
(-90 14 12.5)
(-86 14 12.5)
(-82 14 12.5)
(-78 14 12.5)
(-74 14 12.5)
(-70 14 12.5)
(-66 14 12.5)
(-62 14 12.5)
(-58 14 12.5)
(-54 14 12.5)
(-50 14 12.5)
(-46 14 12.5)
(-42 14 12.5)
(-38 14 12.5)
(-34 14 12.5)
(-98 18 12.5)
(-94 18 12.5)
(-90 18 12.5)
(-86 18 12.5)
(-82 18 12.5)
(-78 18 12.5)
(-74 18 12.5)
(-70 18 12.5)
(-66 18 12.5)
(-62 18 12.5)
(-58 18 12.5)
(-54 18 12.5)
(-50 18 12.5)
(-46 18 12.5)
(-42 18 12.5)
(-38 18 12.5)
(-34 18 12.5)
(-98 22 12.5)
(-94 22 12.5)
(-90 22 12.5)
(-86 22 12.5)
(-82 22 12.5)
(-78 22 12.5)
(-74 22 12.5)
(-70 22 12.5)
(-66 22 12.5)
(-62 22 12.5)
(-58 22 12.5)
(-54 22 12.5)
(-50 22 12.5)
(-46 22 12.5)
(-42 22 12.5)
(-38 22 12.5)
(-34 22 12.5)
(-98 26 12.5)
(-94 26 12.5)
(-90 26 12.5)
(-86 26 12.5)
(-82 26 12.5)
(-78 26 12.5)
(-74 26 12.5)
(-70 26 12.5)
(-66 26 12.5)
(-62 26 12.5)
(-58 26 12.5)
(-54 26 12.5)
(-50 26 12.5)
(-46 26 12.5)
(-42 26 12.5)
(-38 26 12.5)
(-34 26 12.5)
(-98 30 12.5)
(-94 30 12.5)
(-90 30 12.5)
(-86 30 12.5)
(-82 30 12.5)
(-78 30 12.5)
(-74 30 12.5)
(-70 30 12.5)
(-66 30 12.5)
(-62 30 12.5)
(-58 30 12.5)
(-54 30 12.5)
(-50 30 12.5)
(-46 30 12.5)
(-42 30 12.5)
(-38 30 12.5)
(-34 30 12.5)
(-98 34 12.5)
(-94 34 12.5)
(-90 34 12.5)
(-86 34 12.5)
(-82 34 12.5)
(-78 34 12.5)
(-74 34 12.5)
(-70 34 12.5)
(-66 34 12.5)
(-62 34 12.5)
(-58 34 12.5)
(-54 34 12.5)
(-50 34 12.5)
(-46 34 12.5)
(-42 34 12.5)
(-38 34 12.5)
(-34 34 12.5)
(-98 38 12.5)
(-94 38 12.5)
(-90 38 12.5)
(-86 38 12.5)
(-82 38 12.5)
(-78 38 12.5)
(-74 38 12.5)
(-70 38 12.5)
(-66 38 12.5)
(-62 38 12.5)
(-58 38 12.5)
(-54 38 12.5)
(-50 38 12.5)
(-46 38 12.5)
(-42 38 12.5)
(-38 38 12.5)
(-34 38 12.5)
(-98 42 12.5)
(-94 42 12.5)
(-90 42 12.5)
(-86 42 12.5)
(-82 42 12.5)
(-78 42 12.5)
(-74 42 12.5)
(-70 42 12.5)
(-66 42 12.5)
(-62 42 12.5)
(-58 42 12.5)
(-54 42 12.5)
(-50 42 12.5)
(-46 42 12.5)
(-42 42 12.5)
(-38 42 12.5)
(-34 42 12.5)
(-98 46 12.5)
(-94 46 12.5)
(-90 46 12.5)
(-86 46 12.5)
(-82 46 12.5)
(-78 46 12.5)
(-74 46 12.5)
(-70 46 12.5)
(-66 46 12.5)
(-62 46 12.5)
(-58 46 12.5)
(-54 46 12.5)
(-50 46 12.5)
(-46 46 12.5)
(-42 46 12.5)
(-38 46 12.5)
(-34 46 12.5)
(-98 50 12.5)
(-94 50 12.5)
(-90 50 12.5)
(-86 50 12.5)
(-82 50 12.5)
(-78 50 12.5)
(-74 50 12.5)
(-70 50 12.5)
(-66 50 12.5)
(-62 50 12.5)
(-58 50 12.5)
(-54 50 12.5)
(-50 50 12.5)
(-46 50 12.5)
(-42 50 12.5)
(-38 50 12.5)
(-34 50 12.5)
(-98 54 12.5)
(-94 54 12.5)
(-90 54 12.5)
(-86 54 12.5)
(-82 54 12.5)
(-78 54 12.5)
(-74 54 12.5)
(-70 54 12.5)
(-66 54 12.5)
(-62 54 12.5)
(-58 54 12.5)
(-54 54 12.5)
(-50 54 12.5)
(-46 54 12.5)
(-42 54 12.5)
(-38 54 12.5)
(-34 54 12.5)
(-98 58 12.5)
(-94 58 12.5)
(-90 58 12.5)
(-86 58 12.5)
(-82 58 12.5)
(-78 58 12.5)
(-74 58 12.5)
(-70 58 12.5)
(-66 58 12.5)
(-62 58 12.5)
(-58 58 12.5)
(-54 58 12.5)
(-50 58 12.5)
(-46 58 12.5)
(-42 58 12.5)
(-38 58 12.5)
(-34 58 12.5)
(-98 62 12.5)
(-94 62 12.5)
(-90 62 12.5)
(-86 62 12.5)
(-82 62 12.5)
(-78 62 12.5)
(-74 62 12.5)
(-70 62 12.5)
(-66 62 12.5)
(-62 62 12.5)
(-58 62 12.5)
(-54 62 12.5)
(-50 62 12.5)
(-46 62 12.5)
(-42 62 12.5)
(-38 62 12.5)
(-34 62 12.5)
(-98 66 12.5)
(-94 66 12.5)
(-90 66 12.5)
(-86 66 12.5)
(-82 66 12.5)
(-78 66 12.5)
(-74 66 12.5)
(-70 66 12.5)
(-66 66 12.5)
(-62 66 12.5)
(-58 66 12.5)
(-54 66 12.5)
(-50 66 12.5)
(-46 66 12.5)
(-42 66 12.5)
(-38 66 12.5)
(-34 66 12.5)
(-98 70 12.5)
(-94 70 12.5)
(-90 70 12.5)
(-86 70 12.5)
(-82 70 12.5)
(-78 70 12.5)
(-74 70 12.5)
(-70 70 12.5)
(-66 70 12.5)
(-62 70 12.5)
(-58 70 12.5)
(-54 70 12.5)
(-50 70 12.5)
(-46 70 12.5)
(-42 70 12.5)
(-38 70 12.5)
(-34 70 12.5)
(-98 74 12.5)
(-94 74 12.5)
(-90 74 12.5)
(-86 74 12.5)
(-82 74 12.5)
(-78 74 12.5)
(-74 74 12.5)
(-70 74 12.5)
(-66 74 12.5)
(-62 74 12.5)
(-58 74 12.5)
(-54 74 12.5)
(-50 74 12.5)
(-46 74 12.5)
(-42 74 12.5)
(-38 74 12.5)
(-34 74 12.5)
(-98 78 12.5)
(-94 78 12.5)
(-90 78 12.5)
(-86 78 12.5)
(-82 78 12.5)
(-78 78 12.5)
(-74 78 12.5)
(-70 78 12.5)
(-66 78 12.5)
(-62 78 12.5)
(-58 78 12.5)
(-54 78 12.5)
(-50 78 12.5)
(-46 78 12.5)
(-42 78 12.5)
(-38 78 12.5)
(-34 78 12.5)
(-98 82 12.5)
(-94 82 12.5)
(-90 82 12.5)
(-86 82 12.5)
(-82 82 12.5)
(-78 82 12.5)
(-74 82 12.5)
(-70 82 12.5)
(-66 82 12.5)
(-62 82 12.5)
(-58 82 12.5)
(-54 82 12.5)
(-50 82 12.5)
(-46 82 12.5)
(-42 82 12.5)
(-38 82 12.5)
(-34 82 12.5)
(-98 86 12.5)
(-94 86 12.5)
(-90 86 12.5)
(-86 86 12.5)
(-82 86 12.5)
(-78 86 12.5)
(-74 86 12.5)
(-70 86 12.5)
(-66 86 12.5)
(-62 86 12.5)
(-58 86 12.5)
(-54 86 12.5)
(-50 86 12.5)
(-46 86 12.5)
(-42 86 12.5)
(-38 86 12.5)
(-34 86 12.5)
(-98 90 12.5)
(-94 90 12.5)
(-90 90 12.5)
(-86 90 12.5)
(-82 90 12.5)
(-78 90 12.5)
(-74 90 12.5)
(-70 90 12.5)
(-66 90 12.5)
(-62 90 12.5)
(-58 90 12.5)
(-54 90 12.5)
(-50 90 12.5)
(-46 90 12.5)
(-42 90 12.5)
(-38 90 12.5)
(-34 90 12.5)
(-98 94 12.5)
(-94 94 12.5)
(-90 94 12.5)
(-86 94 12.5)
(-82 94 12.5)
(-78 94 12.5)
(-74 94 12.5)
(-70 94 12.5)
(-66 94 12.5)
(-62 94 12.5)
(-58 94 12.5)
(-54 94 12.5)
(-50 94 12.5)
(-46 94 12.5)
(-42 94 12.5)
(-38 94 12.5)
(-34 94 12.5)
(-98 98 12.5)
(-94 98 12.5)
(-90 98 12.5)
(-86 98 12.5)
(-82 98 12.5)
(-78 98 12.5)
(-74 98 12.5)
(-70 98 12.5)
(-66 98 12.5)
(-62 98 12.5)
(-58 98 12.5)
(-54 98 12.5)
(-50 98 12.5)
(-46 98 12.5)
(-42 98 12.5)
(-38 98 12.5)
(-34 98 12.5)
(-54 2 17.5)
(-50 2 17.5)
(-46 2 17.5)
(-42 2 17.5)
(-38 2 17.5)
(-34 2 17.5)
(-98 6 17.5)
(-94 6 17.5)
(-90 6 17.5)
(-86 6 17.5)
(-82 6 17.5)
(-78 6 17.5)
(-74 6 17.5)
(-70 6 17.5)
(-66 6 17.5)
(-62 6 17.5)
(-58 6 17.5)
(-54 6 17.5)
(-50 6 17.5)
(-46 6 17.5)
(-42 6 17.5)
(-38 6 17.5)
(-34 6 17.5)
(-98 10 17.5)
(-94 10 17.5)
(-90 10 17.5)
(-86 10 17.5)
(-82 10 17.5)
(-78 10 17.5)
(-74 10 17.5)
(-70 10 17.5)
(-66 10 17.5)
(-62 10 17.5)
(-58 10 17.5)
(-54 10 17.5)
(-50 10 17.5)
(-46 10 17.5)
(-42 10 17.5)
(-38 10 17.5)
(-34 10 17.5)
(-98 14 17.5)
(-94 14 17.5)
(-90 14 17.5)
(-86 14 17.5)
(-82 14 17.5)
(-78 14 17.5)
(-74 14 17.5)
(-70 14 17.5)
(-66 14 17.5)
(-62 14 17.5)
(-58 14 17.5)
(-54 14 17.5)
(-50 14 17.5)
(-46 14 17.5)
(-42 14 17.5)
(-38 14 17.5)
(-34 14 17.5)
(-98 18 17.5)
(-94 18 17.5)
(-90 18 17.5)
(-86 18 17.5)
(-82 18 17.5)
(-78 18 17.5)
(-74 18 17.5)
(-70 18 17.5)
(-66 18 17.5)
(-62 18 17.5)
(-58 18 17.5)
(-54 18 17.5)
(-50 18 17.5)
(-46 18 17.5)
(-42 18 17.5)
(-38 18 17.5)
(-34 18 17.5)
(-98 22 17.5)
(-94 22 17.5)
(-90 22 17.5)
(-86 22 17.5)
(-82 22 17.5)
(-78 22 17.5)
(-74 22 17.5)
(-70 22 17.5)
(-66 22 17.5)
(-62 22 17.5)
(-58 22 17.5)
(-54 22 17.5)
(-50 22 17.5)
(-46 22 17.5)
(-42 22 17.5)
(-38 22 17.5)
(-34 22 17.5)
(-98 26 17.5)
(-94 26 17.5)
(-90 26 17.5)
(-86 26 17.5)
(-82 26 17.5)
(-78 26 17.5)
(-74 26 17.5)
(-70 26 17.5)
(-66 26 17.5)
(-62 26 17.5)
(-58 26 17.5)
(-54 26 17.5)
(-50 26 17.5)
(-46 26 17.5)
(-42 26 17.5)
(-38 26 17.5)
(-34 26 17.5)
(-98 30 17.5)
(-94 30 17.5)
(-90 30 17.5)
(-86 30 17.5)
(-82 30 17.5)
(-78 30 17.5)
(-74 30 17.5)
(-70 30 17.5)
(-66 30 17.5)
(-62 30 17.5)
(-58 30 17.5)
(-54 30 17.5)
(-50 30 17.5)
(-46 30 17.5)
(-42 30 17.5)
(-38 30 17.5)
(-34 30 17.5)
(-98 34 17.5)
(-94 34 17.5)
(-90 34 17.5)
(-86 34 17.5)
(-82 34 17.5)
(-78 34 17.5)
(-74 34 17.5)
(-70 34 17.5)
(-66 34 17.5)
(-62 34 17.5)
(-58 34 17.5)
(-54 34 17.5)
(-50 34 17.5)
(-46 34 17.5)
(-42 34 17.5)
(-38 34 17.5)
(-34 34 17.5)
(-98 38 17.5)
(-94 38 17.5)
(-90 38 17.5)
(-86 38 17.5)
(-82 38 17.5)
(-78 38 17.5)
(-74 38 17.5)
(-70 38 17.5)
(-66 38 17.5)
(-62 38 17.5)
(-58 38 17.5)
(-54 38 17.5)
(-50 38 17.5)
(-46 38 17.5)
(-42 38 17.5)
(-38 38 17.5)
(-34 38 17.5)
(-98 42 17.5)
(-94 42 17.5)
(-90 42 17.5)
(-86 42 17.5)
(-82 42 17.5)
(-78 42 17.5)
(-74 42 17.5)
(-70 42 17.5)
(-66 42 17.5)
(-62 42 17.5)
(-58 42 17.5)
(-54 42 17.5)
(-50 42 17.5)
(-46 42 17.5)
(-42 42 17.5)
(-38 42 17.5)
(-34 42 17.5)
(-98 46 17.5)
(-94 46 17.5)
(-90 46 17.5)
(-86 46 17.5)
(-82 46 17.5)
(-78 46 17.5)
(-74 46 17.5)
(-70 46 17.5)
(-66 46 17.5)
(-62 46 17.5)
(-58 46 17.5)
(-54 46 17.5)
(-50 46 17.5)
(-46 46 17.5)
(-42 46 17.5)
(-38 46 17.5)
(-34 46 17.5)
(-98 50 17.5)
(-94 50 17.5)
(-90 50 17.5)
(-86 50 17.5)
(-82 50 17.5)
(-78 50 17.5)
(-74 50 17.5)
(-70 50 17.5)
(-66 50 17.5)
(-62 50 17.5)
(-58 50 17.5)
(-54 50 17.5)
(-50 50 17.5)
(-46 50 17.5)
(-42 50 17.5)
(-38 50 17.5)
(-34 50 17.5)
(-98 54 17.5)
(-94 54 17.5)
(-90 54 17.5)
(-86 54 17.5)
(-82 54 17.5)
(-78 54 17.5)
(-74 54 17.5)
(-70 54 17.5)
(-66 54 17.5)
(-62 54 17.5)
(-58 54 17.5)
(-54 54 17.5)
(-50 54 17.5)
(-46 54 17.5)
(-42 54 17.5)
(-38 54 17.5)
(-34 54 17.5)
(-98 58 17.5)
(-94 58 17.5)
(-90 58 17.5)
(-86 58 17.5)
(-82 58 17.5)
(-78 58 17.5)
(-74 58 17.5)
(-70 58 17.5)
(-66 58 17.5)
(-62 58 17.5)
(-58 58 17.5)
(-54 58 17.5)
(-50 58 17.5)
(-46 58 17.5)
(-42 58 17.5)
(-38 58 17.5)
(-34 58 17.5)
(-98 62 17.5)
(-94 62 17.5)
(-90 62 17.5)
(-86 62 17.5)
(-82 62 17.5)
(-78 62 17.5)
(-74 62 17.5)
(-70 62 17.5)
(-66 62 17.5)
(-62 62 17.5)
(-58 62 17.5)
(-54 62 17.5)
(-50 62 17.5)
(-46 62 17.5)
(-42 62 17.5)
(-38 62 17.5)
(-34 62 17.5)
(-98 66 17.5)
(-94 66 17.5)
(-90 66 17.5)
(-86 66 17.5)
(-82 66 17.5)
(-78 66 17.5)
(-74 66 17.5)
(-70 66 17.5)
(-66 66 17.5)
(-62 66 17.5)
(-58 66 17.5)
(-54 66 17.5)
(-50 66 17.5)
(-46 66 17.5)
(-42 66 17.5)
(-38 66 17.5)
(-34 66 17.5)
(-98 70 17.5)
(-94 70 17.5)
(-90 70 17.5)
(-86 70 17.5)
(-82 70 17.5)
(-78 70 17.5)
(-74 70 17.5)
(-70 70 17.5)
(-66 70 17.5)
(-62 70 17.5)
(-58 70 17.5)
(-54 70 17.5)
(-50 70 17.5)
(-46 70 17.5)
(-42 70 17.5)
(-38 70 17.5)
(-34 70 17.5)
(-98 74 17.5)
(-94 74 17.5)
(-90 74 17.5)
(-86 74 17.5)
(-82 74 17.5)
(-78 74 17.5)
(-74 74 17.5)
(-70 74 17.5)
(-66 74 17.5)
(-62 74 17.5)
(-58 74 17.5)
(-54 74 17.5)
(-50 74 17.5)
(-46 74 17.5)
(-42 74 17.5)
(-38 74 17.5)
(-34 74 17.5)
(-98 78 17.5)
(-94 78 17.5)
(-90 78 17.5)
(-86 78 17.5)
(-82 78 17.5)
(-78 78 17.5)
(-74 78 17.5)
(-70 78 17.5)
(-66 78 17.5)
(-62 78 17.5)
(-58 78 17.5)
(-54 78 17.5)
(-50 78 17.5)
(-46 78 17.5)
(-42 78 17.5)
(-38 78 17.5)
(-34 78 17.5)
(-98 82 17.5)
(-94 82 17.5)
(-90 82 17.5)
(-86 82 17.5)
(-82 82 17.5)
(-78 82 17.5)
(-74 82 17.5)
(-70 82 17.5)
(-66 82 17.5)
(-62 82 17.5)
(-58 82 17.5)
(-54 82 17.5)
(-50 82 17.5)
(-46 82 17.5)
(-42 82 17.5)
(-38 82 17.5)
(-34 82 17.5)
(-98 86 17.5)
(-94 86 17.5)
(-90 86 17.5)
(-86 86 17.5)
(-82 86 17.5)
(-78 86 17.5)
(-74 86 17.5)
(-70 86 17.5)
(-66 86 17.5)
(-62 86 17.5)
(-58 86 17.5)
(-54 86 17.5)
(-50 86 17.5)
(-46 86 17.5)
(-42 86 17.5)
(-38 86 17.5)
(-34 86 17.5)
(-98 90 17.5)
(-94 90 17.5)
(-90 90 17.5)
(-86 90 17.5)
(-82 90 17.5)
(-78 90 17.5)
(-74 90 17.5)
(-70 90 17.5)
(-66 90 17.5)
(-62 90 17.5)
(-58 90 17.5)
(-54 90 17.5)
(-50 90 17.5)
(-46 90 17.5)
(-42 90 17.5)
(-38 90 17.5)
(-34 90 17.5)
(-98 94 17.5)
(-94 94 17.5)
(-90 94 17.5)
(-86 94 17.5)
(-82 94 17.5)
(-78 94 17.5)
(-74 94 17.5)
(-70 94 17.5)
(-66 94 17.5)
(-62 94 17.5)
(-58 94 17.5)
(-54 94 17.5)
(-50 94 17.5)
(-46 94 17.5)
(-42 94 17.5)
(-38 94 17.5)
(-34 94 17.5)
(-98 98 17.5)
(-94 98 17.5)
(-90 98 17.5)
(-86 98 17.5)
(-82 98 17.5)
(-78 98 17.5)
(-74 98 17.5)
(-70 98 17.5)
(-66 98 17.5)
(-62 98 17.5)
(-58 98 17.5)
(-54 98 17.5)
(-50 98 17.5)
(-46 98 17.5)
(-42 98 17.5)
(-38 98 17.5)
(-34 98 17.5)
(-42 2 22.5)
(-38 2 22.5)
(-34 2 22.5)
(-98 6 22.5)
(-94 6 22.5)
(-90 6 22.5)
(-86 6 22.5)
(-82 6 22.5)
(-78 6 22.5)
(-74 6 22.5)
(-70 6 22.5)
(-66 6 22.5)
(-62 6 22.5)
(-58 6 22.5)
(-54 6 22.5)
(-50 6 22.5)
(-46 6 22.5)
(-42 6 22.5)
(-38 6 22.5)
(-34 6 22.5)
(-98 10 22.5)
(-94 10 22.5)
(-90 10 22.5)
(-86 10 22.5)
(-82 10 22.5)
(-78 10 22.5)
(-74 10 22.5)
(-70 10 22.5)
(-66 10 22.5)
(-62 10 22.5)
(-58 10 22.5)
(-54 10 22.5)
(-50 10 22.5)
(-46 10 22.5)
(-42 10 22.5)
(-38 10 22.5)
(-34 10 22.5)
(-98 14 22.5)
(-94 14 22.5)
(-90 14 22.5)
(-86 14 22.5)
(-82 14 22.5)
(-78 14 22.5)
(-74 14 22.5)
(-70 14 22.5)
(-66 14 22.5)
(-62 14 22.5)
(-58 14 22.5)
(-54 14 22.5)
(-50 14 22.5)
(-46 14 22.5)
(-42 14 22.5)
(-38 14 22.5)
(-34 14 22.5)
(-98 18 22.5)
(-94 18 22.5)
(-90 18 22.5)
(-86 18 22.5)
(-82 18 22.5)
(-78 18 22.5)
(-74 18 22.5)
(-70 18 22.5)
(-66 18 22.5)
(-62 18 22.5)
(-58 18 22.5)
(-54 18 22.5)
(-50 18 22.5)
(-46 18 22.5)
(-42 18 22.5)
(-38 18 22.5)
(-34 18 22.5)
(-98 22 22.5)
(-94 22 22.5)
(-90 22 22.5)
(-86 22 22.5)
(-82 22 22.5)
(-78 22 22.5)
(-74 22 22.5)
(-70 22 22.5)
(-66 22 22.5)
(-62 22 22.5)
(-58 22 22.5)
(-54 22 22.5)
(-50 22 22.5)
(-46 22 22.5)
(-42 22 22.5)
(-38 22 22.5)
(-34 22 22.5)
(-98 26 22.5)
(-94 26 22.5)
(-90 26 22.5)
(-86 26 22.5)
(-82 26 22.5)
(-78 26 22.5)
(-74 26 22.5)
(-70 26 22.5)
(-66 26 22.5)
(-62 26 22.5)
(-58 26 22.5)
(-54 26 22.5)
(-50 26 22.5)
(-46 26 22.5)
(-42 26 22.5)
(-38 26 22.5)
(-34 26 22.5)
(-98 30 22.5)
(-94 30 22.5)
(-90 30 22.5)
(-86 30 22.5)
(-82 30 22.5)
(-78 30 22.5)
(-74 30 22.5)
(-70 30 22.5)
(-66 30 22.5)
(-62 30 22.5)
(-58 30 22.5)
(-54 30 22.5)
(-50 30 22.5)
(-46 30 22.5)
(-42 30 22.5)
(-38 30 22.5)
(-34 30 22.5)
(-98 34 22.5)
(-94 34 22.5)
(-90 34 22.5)
(-86 34 22.5)
(-82 34 22.5)
(-78 34 22.5)
(-74 34 22.5)
(-70 34 22.5)
(-66 34 22.5)
(-62 34 22.5)
(-58 34 22.5)
(-54 34 22.5)
(-50 34 22.5)
(-46 34 22.5)
(-42 34 22.5)
(-38 34 22.5)
(-34 34 22.5)
(-98 38 22.5)
(-94 38 22.5)
(-90 38 22.5)
(-86 38 22.5)
(-82 38 22.5)
(-78 38 22.5)
(-74 38 22.5)
(-70 38 22.5)
(-66 38 22.5)
(-62 38 22.5)
(-58 38 22.5)
(-54 38 22.5)
(-50 38 22.5)
(-46 38 22.5)
(-42 38 22.5)
(-38 38 22.5)
(-34 38 22.5)
(-98 42 22.5)
(-94 42 22.5)
(-90 42 22.5)
(-86 42 22.5)
(-82 42 22.5)
(-78 42 22.5)
(-74 42 22.5)
(-70 42 22.5)
(-66 42 22.5)
(-62 42 22.5)
(-58 42 22.5)
(-54 42 22.5)
(-50 42 22.5)
(-46 42 22.5)
(-42 42 22.5)
(-38 42 22.5)
(-34 42 22.5)
(-98 46 22.5)
(-94 46 22.5)
(-90 46 22.5)
(-86 46 22.5)
(-82 46 22.5)
(-78 46 22.5)
(-74 46 22.5)
(-70 46 22.5)
(-66 46 22.5)
(-62 46 22.5)
(-58 46 22.5)
(-54 46 22.5)
(-50 46 22.5)
(-46 46 22.5)
(-42 46 22.5)
(-38 46 22.5)
(-34 46 22.5)
(-98 50 22.5)
(-94 50 22.5)
(-90 50 22.5)
(-86 50 22.5)
(-82 50 22.5)
(-78 50 22.5)
(-74 50 22.5)
(-70 50 22.5)
(-66 50 22.5)
(-62 50 22.5)
(-58 50 22.5)
(-54 50 22.5)
(-50 50 22.5)
(-46 50 22.5)
(-42 50 22.5)
(-38 50 22.5)
(-34 50 22.5)
(-98 54 22.5)
(-94 54 22.5)
(-90 54 22.5)
(-86 54 22.5)
(-82 54 22.5)
(-78 54 22.5)
(-74 54 22.5)
(-70 54 22.5)
(-66 54 22.5)
(-62 54 22.5)
(-58 54 22.5)
(-54 54 22.5)
(-50 54 22.5)
(-46 54 22.5)
(-42 54 22.5)
(-38 54 22.5)
(-34 54 22.5)
(-98 58 22.5)
(-94 58 22.5)
(-90 58 22.5)
(-86 58 22.5)
(-82 58 22.5)
(-78 58 22.5)
(-74 58 22.5)
(-70 58 22.5)
(-66 58 22.5)
(-62 58 22.5)
(-58 58 22.5)
(-54 58 22.5)
(-50 58 22.5)
(-46 58 22.5)
(-42 58 22.5)
(-38 58 22.5)
(-34 58 22.5)
(-98 62 22.5)
(-94 62 22.5)
(-90 62 22.5)
(-86 62 22.5)
(-82 62 22.5)
(-78 62 22.5)
(-74 62 22.5)
(-70 62 22.5)
(-66 62 22.5)
(-62 62 22.5)
(-58 62 22.5)
(-54 62 22.5)
(-50 62 22.5)
(-46 62 22.5)
(-42 62 22.5)
(-38 62 22.5)
(-34 62 22.5)
(-98 66 22.5)
(-94 66 22.5)
(-90 66 22.5)
(-86 66 22.5)
(-82 66 22.5)
(-78 66 22.5)
(-74 66 22.5)
(-70 66 22.5)
(-66 66 22.5)
(-62 66 22.5)
(-58 66 22.5)
(-54 66 22.5)
(-50 66 22.5)
(-46 66 22.5)
(-42 66 22.5)
(-38 66 22.5)
(-34 66 22.5)
(-98 70 22.5)
(-94 70 22.5)
(-90 70 22.5)
(-86 70 22.5)
(-82 70 22.5)
(-78 70 22.5)
(-74 70 22.5)
(-70 70 22.5)
(-66 70 22.5)
(-62 70 22.5)
(-58 70 22.5)
(-54 70 22.5)
(-50 70 22.5)
(-46 70 22.5)
(-42 70 22.5)
(-38 70 22.5)
(-34 70 22.5)
(-98 74 22.5)
(-94 74 22.5)
(-90 74 22.5)
(-86 74 22.5)
(-82 74 22.5)
(-78 74 22.5)
(-74 74 22.5)
(-70 74 22.5)
(-66 74 22.5)
(-62 74 22.5)
(-58 74 22.5)
(-54 74 22.5)
(-50 74 22.5)
(-46 74 22.5)
(-42 74 22.5)
(-38 74 22.5)
(-34 74 22.5)
(-98 78 22.5)
(-94 78 22.5)
(-90 78 22.5)
(-86 78 22.5)
(-82 78 22.5)
(-78 78 22.5)
(-74 78 22.5)
(-70 78 22.5)
(-66 78 22.5)
(-62 78 22.5)
(-58 78 22.5)
(-54 78 22.5)
(-50 78 22.5)
(-46 78 22.5)
(-42 78 22.5)
(-38 78 22.5)
(-34 78 22.5)
(-98 82 22.5)
(-94 82 22.5)
(-90 82 22.5)
(-86 82 22.5)
(-82 82 22.5)
(-78 82 22.5)
(-74 82 22.5)
(-70 82 22.5)
(-66 82 22.5)
(-62 82 22.5)
(-58 82 22.5)
(-54 82 22.5)
(-50 82 22.5)
(-46 82 22.5)
(-42 82 22.5)
(-38 82 22.5)
(-34 82 22.5)
(-98 86 22.5)
(-94 86 22.5)
(-90 86 22.5)
(-86 86 22.5)
(-82 86 22.5)
(-78 86 22.5)
(-74 86 22.5)
(-70 86 22.5)
(-66 86 22.5)
(-62 86 22.5)
(-58 86 22.5)
(-54 86 22.5)
(-50 86 22.5)
(-46 86 22.5)
(-42 86 22.5)
(-38 86 22.5)
(-34 86 22.5)
(-98 90 22.5)
(-94 90 22.5)
(-90 90 22.5)
(-86 90 22.5)
(-82 90 22.5)
(-78 90 22.5)
(-74 90 22.5)
(-70 90 22.5)
(-66 90 22.5)
(-62 90 22.5)
(-58 90 22.5)
(-54 90 22.5)
(-50 90 22.5)
(-46 90 22.5)
(-42 90 22.5)
(-38 90 22.5)
(-34 90 22.5)
(-98 94 22.5)
(-94 94 22.5)
(-90 94 22.5)
(-86 94 22.5)
(-82 94 22.5)
(-78 94 22.5)
(-74 94 22.5)
(-70 94 22.5)
(-66 94 22.5)
(-62 94 22.5)
(-58 94 22.5)
(-54 94 22.5)
(-50 94 22.5)
(-46 94 22.5)
(-42 94 22.5)
(-38 94 22.5)
(-34 94 22.5)
(-98 98 22.5)
(-94 98 22.5)
(-90 98 22.5)
(-86 98 22.5)
(-82 98 22.5)
(-78 98 22.5)
(-74 98 22.5)
(-70 98 22.5)
(-66 98 22.5)
(-62 98 22.5)
(-58 98 22.5)
(-54 98 22.5)
(-50 98 22.5)
(-46 98 22.5)
(-42 98 22.5)
(-38 98 22.5)
(-34 98 22.5)
(30 -2 2.5)
(-30 2 2.5)
(-26 2 2.5)
(-22 2 2.5)
(-18 2 2.5)
(-14 2 2.5)
(-10 2 2.5)
(-6 2 2.5)
(-2 2 2.5)
(2 2 2.5)
(6 2 2.5)
(10 2 2.5)
(14 2 2.5)
(18 2 2.5)
(22 2 2.5)
(26 2 2.5)
(30 2 2.5)
(-30 6 2.5)
(-26 6 2.5)
(-22 6 2.5)
(-18 6 2.5)
(-14 6 2.5)
(-10 6 2.5)
(-6 6 2.5)
(-2 6 2.5)
(2 6 2.5)
(6 6 2.5)
(10 6 2.5)
(14 6 2.5)
(18 6 2.5)
(22 6 2.5)
(26 6 2.5)
(30 6 2.5)
(-30 10 2.5)
(-26 10 2.5)
(-22 10 2.5)
(-18 10 2.5)
(-14 10 2.5)
(-10 10 2.5)
(-6 10 2.5)
(-2 10 2.5)
(2 10 2.5)
(6 10 2.5)
(10 10 2.5)
(14 10 2.5)
(18 10 2.5)
(22 10 2.5)
(26 10 2.5)
(30 10 2.5)
(-30 14 2.5)
(-26 14 2.5)
(-22 14 2.5)
(-18 14 2.5)
(-14 14 2.5)
(-10 14 2.5)
(-6 14 2.5)
(-2 14 2.5)
(2 14 2.5)
(6 14 2.5)
(10 14 2.5)
(14 14 2.5)
(18 14 2.5)
(22 14 2.5)
(26 14 2.5)
(30 14 2.5)
(-30 18 2.5)
(-26 18 2.5)
(-22 18 2.5)
(-18 18 2.5)
(-14 18 2.5)
(-10 18 2.5)
(-6 18 2.5)
(-2 18 2.5)
(2 18 2.5)
(6 18 2.5)
(10 18 2.5)
(14 18 2.5)
(18 18 2.5)
(22 18 2.5)
(26 18 2.5)
(30 18 2.5)
(-30 22 2.5)
(-26 22 2.5)
(-22 22 2.5)
(-18 22 2.5)
(-14 22 2.5)
(-10 22 2.5)
(-6 22 2.5)
(-2 22 2.5)
(2 22 2.5)
(6 22 2.5)
(10 22 2.5)
(14 22 2.5)
(18 22 2.5)
(22 22 2.5)
(26 22 2.5)
(30 22 2.5)
(-30 26 2.5)
(-26 26 2.5)
(-22 26 2.5)
(-18 26 2.5)
(-14 26 2.5)
(-10 26 2.5)
(-6 26 2.5)
(-2 26 2.5)
(2 26 2.5)
(6 26 2.5)
(10 26 2.5)
(14 26 2.5)
(18 26 2.5)
(22 26 2.5)
(26 26 2.5)
(30 26 2.5)
(34 26 2.5)
(-30 30 2.5)
(-26 30 2.5)
(-22 30 2.5)
(-18 30 2.5)
(-14 30 2.5)
(-10 30 2.5)
(-6 30 2.5)
(-2 30 2.5)
(2 30 2.5)
(6 30 2.5)
(10 30 2.5)
(14 30 2.5)
(18 30 2.5)
(22 30 2.5)
(26 30 2.5)
(30 30 2.5)
(34 30 2.5)
(-30 34 2.5)
(-26 34 2.5)
(-22 34 2.5)
(-18 34 2.5)
(-14 34 2.5)
(-10 34 2.5)
(-6 34 2.5)
(-2 34 2.5)
(2 34 2.5)
(6 34 2.5)
(10 34 2.5)
(14 34 2.5)
(18 34 2.5)
(22 34 2.5)
(26 34 2.5)
(30 34 2.5)
(34 34 2.5)
(-30 38 2.5)
(-26 38 2.5)
(-22 38 2.5)
(-18 38 2.5)
(-14 38 2.5)
(-10 38 2.5)
(-6 38 2.5)
(-2 38 2.5)
(2 38 2.5)
(6 38 2.5)
(10 38 2.5)
(14 38 2.5)
(18 38 2.5)
(22 38 2.5)
(26 38 2.5)
(30 38 2.5)
(34 38 2.5)
(-30 42 2.5)
(-26 42 2.5)
(-22 42 2.5)
(-18 42 2.5)
(-14 42 2.5)
(-10 42 2.5)
(-6 42 2.5)
(-2 42 2.5)
(2 42 2.5)
(6 42 2.5)
(10 42 2.5)
(14 42 2.5)
(18 42 2.5)
(22 42 2.5)
(26 42 2.5)
(30 42 2.5)
(34 42 2.5)
(-30 46 2.5)
(-26 46 2.5)
(-22 46 2.5)
(-18 46 2.5)
(-14 46 2.5)
(-10 46 2.5)
(-6 46 2.5)
(-2 46 2.5)
(2 46 2.5)
(6 46 2.5)
(10 46 2.5)
(14 46 2.5)
(18 46 2.5)
(22 46 2.5)
(26 46 2.5)
(30 46 2.5)
(34 46 2.5)
(-30 50 2.5)
(-26 50 2.5)
(-22 50 2.5)
(-18 50 2.5)
(-14 50 2.5)
(-10 50 2.5)
(-6 50 2.5)
(-2 50 2.5)
(2 50 2.5)
(6 50 2.5)
(10 50 2.5)
(14 50 2.5)
(18 50 2.5)
(22 50 2.5)
(26 50 2.5)
(30 50 2.5)
(34 50 2.5)
(-30 54 2.5)
(-26 54 2.5)
(-22 54 2.5)
(-18 54 2.5)
(-14 54 2.5)
(-10 54 2.5)
(-6 54 2.5)
(-2 54 2.5)
(2 54 2.5)
(6 54 2.5)
(10 54 2.5)
(14 54 2.5)
(18 54 2.5)
(22 54 2.5)
(26 54 2.5)
(30 54 2.5)
(34 54 2.5)
(-30 58 2.5)
(-26 58 2.5)
(-22 58 2.5)
(-18 58 2.5)
(-14 58 2.5)
(-10 58 2.5)
(-6 58 2.5)
(-2 58 2.5)
(2 58 2.5)
(6 58 2.5)
(10 58 2.5)
(14 58 2.5)
(18 58 2.5)
(22 58 2.5)
(26 58 2.5)
(30 58 2.5)
(34 58 2.5)
(-30 62 2.5)
(-26 62 2.5)
(-22 62 2.5)
(-18 62 2.5)
(-14 62 2.5)
(-10 62 2.5)
(-6 62 2.5)
(-2 62 2.5)
(2 62 2.5)
(6 62 2.5)
(10 62 2.5)
(14 62 2.5)
(18 62 2.5)
(22 62 2.5)
(26 62 2.5)
(30 62 2.5)
(34 62 2.5)
(-30 66 2.5)
(-26 66 2.5)
(-22 66 2.5)
(-18 66 2.5)
(-14 66 2.5)
(-10 66 2.5)
(-6 66 2.5)
(-2 66 2.5)
(2 66 2.5)
(6 66 2.5)
(10 66 2.5)
(14 66 2.5)
(18 66 2.5)
(22 66 2.5)
(26 66 2.5)
(30 66 2.5)
(34 66 2.5)
(-30 70 2.5)
(-26 70 2.5)
(-22 70 2.5)
(-18 70 2.5)
(-14 70 2.5)
(-10 70 2.5)
(-6 70 2.5)
(-2 70 2.5)
(2 70 2.5)
(6 70 2.5)
(10 70 2.5)
(14 70 2.5)
(18 70 2.5)
(22 70 2.5)
(26 70 2.5)
(30 70 2.5)
(34 70 2.5)
(-30 74 2.5)
(-26 74 2.5)
(-22 74 2.5)
(-18 74 2.5)
(-14 74 2.5)
(-10 74 2.5)
(-6 74 2.5)
(-2 74 2.5)
(2 74 2.5)
(6 74 2.5)
(10 74 2.5)
(14 74 2.5)
(18 74 2.5)
(22 74 2.5)
(26 74 2.5)
(30 74 2.5)
(34 74 2.5)
(-30 78 2.5)
(-26 78 2.5)
(-22 78 2.5)
(-18 78 2.5)
(-14 78 2.5)
(-10 78 2.5)
(-6 78 2.5)
(-2 78 2.5)
(2 78 2.5)
(6 78 2.5)
(10 78 2.5)
(14 78 2.5)
(18 78 2.5)
(22 78 2.5)
(26 78 2.5)
(30 78 2.5)
(34 78 2.5)
(-30 82 2.5)
(-26 82 2.5)
(-22 82 2.5)
(-18 82 2.5)
(-14 82 2.5)
(-10 82 2.5)
(-6 82 2.5)
(-2 82 2.5)
(2 82 2.5)
(6 82 2.5)
(10 82 2.5)
(14 82 2.5)
(18 82 2.5)
(22 82 2.5)
(26 82 2.5)
(30 82 2.5)
(34 82 2.5)
(-30 86 2.5)
(-26 86 2.5)
(-22 86 2.5)
(-18 86 2.5)
(-14 86 2.5)
(-10 86 2.5)
(-6 86 2.5)
(-2 86 2.5)
(2 86 2.5)
(6 86 2.5)
(10 86 2.5)
(14 86 2.5)
(18 86 2.5)
(22 86 2.5)
(26 86 2.5)
(30 86 2.5)
(34 86 2.5)
(-30 90 2.5)
(-26 90 2.5)
(-22 90 2.5)
(-18 90 2.5)
(-14 90 2.5)
(-10 90 2.5)
(-6 90 2.5)
(-2 90 2.5)
(2 90 2.5)
(6 90 2.5)
(10 90 2.5)
(14 90 2.5)
(18 90 2.5)
(22 90 2.5)
(26 90 2.5)
(30 90 2.5)
(34 90 2.5)
(-30 94 2.5)
(-26 94 2.5)
(-22 94 2.5)
(-18 94 2.5)
(-14 94 2.5)
(-10 94 2.5)
(-6 94 2.5)
(-2 94 2.5)
(2 94 2.5)
(6 94 2.5)
(10 94 2.5)
(14 94 2.5)
(18 94 2.5)
(22 94 2.5)
(26 94 2.5)
(30 94 2.5)
(34 94 2.5)
(-30 98 2.5)
(-26 98 2.5)
(-22 98 2.5)
(-18 98 2.5)
(-14 98 2.5)
(-10 98 2.5)
(-6 98 2.5)
(-2 98 2.5)
(2 98 2.5)
(6 98 2.5)
(10 98 2.5)
(14 98 2.5)
(18 98 2.5)
(22 98 2.5)
(26 98 2.5)
(30 98 2.5)
(34 98 2.5)
(-30 2 7.5)
(-26 2 7.5)
(-22 2 7.5)
(-18 2 7.5)
(-14 2 7.5)
(-10 2 7.5)
(-6 2 7.5)
(-2 2 7.5)
(2 2 7.5)
(6 2 7.5)
(10 2 7.5)
(14 2 7.5)
(18 2 7.5)
(22 2 7.5)
(26 2 7.5)
(30 2 7.5)
(-30 6 7.5)
(-26 6 7.5)
(-22 6 7.5)
(-18 6 7.5)
(-14 6 7.5)
(-10 6 7.5)
(-6 6 7.5)
(-2 6 7.5)
(2 6 7.5)
(6 6 7.5)
(10 6 7.5)
(14 6 7.5)
(18 6 7.5)
(22 6 7.5)
(26 6 7.5)
(30 6 7.5)
(-30 10 7.5)
(-26 10 7.5)
(-22 10 7.5)
(-18 10 7.5)
(-14 10 7.5)
(-10 10 7.5)
(-6 10 7.5)
(-2 10 7.5)
(2 10 7.5)
(6 10 7.5)
(10 10 7.5)
(14 10 7.5)
(18 10 7.5)
(22 10 7.5)
(26 10 7.5)
(30 10 7.5)
(-30 14 7.5)
(-26 14 7.5)
(-22 14 7.5)
(-18 14 7.5)
(-14 14 7.5)
(-10 14 7.5)
(-6 14 7.5)
(-2 14 7.5)
(2 14 7.5)
(6 14 7.5)
(10 14 7.5)
(14 14 7.5)
(18 14 7.5)
(22 14 7.5)
(26 14 7.5)
(30 14 7.5)
(-30 18 7.5)
(-26 18 7.5)
(-22 18 7.5)
(-18 18 7.5)
(-14 18 7.5)
(-10 18 7.5)
(-6 18 7.5)
(-2 18 7.5)
(2 18 7.5)
(6 18 7.5)
(10 18 7.5)
(14 18 7.5)
(18 18 7.5)
(22 18 7.5)
(26 18 7.5)
(30 18 7.5)
(-30 22 7.5)
(-26 22 7.5)
(-22 22 7.5)
(-18 22 7.5)
(-14 22 7.5)
(-10 22 7.5)
(-6 22 7.5)
(-2 22 7.5)
(2 22 7.5)
(6 22 7.5)
(10 22 7.5)
(14 22 7.5)
(18 22 7.5)
(22 22 7.5)
(26 22 7.5)
(30 22 7.5)
(-30 26 7.5)
(-26 26 7.5)
(-22 26 7.5)
(-18 26 7.5)
(-14 26 7.5)
(-10 26 7.5)
(-6 26 7.5)
(-2 26 7.5)
(2 26 7.5)
(6 26 7.5)
(10 26 7.5)
(14 26 7.5)
(18 26 7.5)
(22 26 7.5)
(26 26 7.5)
(30 26 7.5)
(-30 30 7.5)
(-26 30 7.5)
(-22 30 7.5)
(-18 30 7.5)
(-14 30 7.5)
(-10 30 7.5)
(-6 30 7.5)
(-2 30 7.5)
(2 30 7.5)
(6 30 7.5)
(10 30 7.5)
(14 30 7.5)
(18 30 7.5)
(22 30 7.5)
(26 30 7.5)
(30 30 7.5)
(34 30 7.5)
(-30 34 7.5)
(-26 34 7.5)
(-22 34 7.5)
(-18 34 7.5)
(-14 34 7.5)
(-10 34 7.5)
(-6 34 7.5)
(-2 34 7.5)
(2 34 7.5)
(6 34 7.5)
(10 34 7.5)
(14 34 7.5)
(18 34 7.5)
(22 34 7.5)
(26 34 7.5)
(30 34 7.5)
(34 34 7.5)
(-30 38 7.5)
(-26 38 7.5)
(-22 38 7.5)
(-18 38 7.5)
(-14 38 7.5)
(-10 38 7.5)
(-6 38 7.5)
(-2 38 7.5)
(2 38 7.5)
(6 38 7.5)
(10 38 7.5)
(14 38 7.5)
(18 38 7.5)
(22 38 7.5)
(26 38 7.5)
(30 38 7.5)
(34 38 7.5)
(-30 42 7.5)
(-26 42 7.5)
(-22 42 7.5)
(-18 42 7.5)
(-14 42 7.5)
(-10 42 7.5)
(-6 42 7.5)
(-2 42 7.5)
(2 42 7.5)
(6 42 7.5)
(10 42 7.5)
(14 42 7.5)
(18 42 7.5)
(22 42 7.5)
(26 42 7.5)
(30 42 7.5)
(34 42 7.5)
(-30 46 7.5)
(-26 46 7.5)
(-22 46 7.5)
(-18 46 7.5)
(-14 46 7.5)
(-10 46 7.5)
(-6 46 7.5)
(-2 46 7.5)
(2 46 7.5)
(6 46 7.5)
(10 46 7.5)
(14 46 7.5)
(18 46 7.5)
(22 46 7.5)
(26 46 7.5)
(30 46 7.5)
(34 46 7.5)
(-30 50 7.5)
(-26 50 7.5)
(-22 50 7.5)
(-18 50 7.5)
(-14 50 7.5)
(-10 50 7.5)
(-6 50 7.5)
(-2 50 7.5)
(2 50 7.5)
(6 50 7.5)
(10 50 7.5)
(14 50 7.5)
(18 50 7.5)
(22 50 7.5)
(26 50 7.5)
(30 50 7.5)
(34 50 7.5)
(-30 54 7.5)
(-26 54 7.5)
(-22 54 7.5)
(-18 54 7.5)
(-14 54 7.5)
(-10 54 7.5)
(-6 54 7.5)
(-2 54 7.5)
(2 54 7.5)
(6 54 7.5)
(10 54 7.5)
(14 54 7.5)
(18 54 7.5)
(22 54 7.5)
(26 54 7.5)
(30 54 7.5)
(34 54 7.5)
(-30 58 7.5)
(-26 58 7.5)
(-22 58 7.5)
(-18 58 7.5)
(-14 58 7.5)
(-10 58 7.5)
(-6 58 7.5)
(-2 58 7.5)
(2 58 7.5)
(6 58 7.5)
(10 58 7.5)
(14 58 7.5)
(18 58 7.5)
(22 58 7.5)
(26 58 7.5)
(30 58 7.5)
(34 58 7.5)
(-30 62 7.5)
(-26 62 7.5)
(-22 62 7.5)
(-18 62 7.5)
(-14 62 7.5)
(-10 62 7.5)
(-6 62 7.5)
(-2 62 7.5)
(2 62 7.5)
(6 62 7.5)
(10 62 7.5)
(14 62 7.5)
(18 62 7.5)
(22 62 7.5)
(26 62 7.5)
(30 62 7.5)
(34 62 7.5)
(-30 66 7.5)
(-26 66 7.5)
(-22 66 7.5)
(-18 66 7.5)
(-14 66 7.5)
(-10 66 7.5)
(-6 66 7.5)
(-2 66 7.5)
(2 66 7.5)
(6 66 7.5)
(10 66 7.5)
(14 66 7.5)
(18 66 7.5)
(22 66 7.5)
(26 66 7.5)
(30 66 7.5)
(34 66 7.5)
(-30 70 7.5)
(-26 70 7.5)
(-22 70 7.5)
(-18 70 7.5)
(-14 70 7.5)
(-10 70 7.5)
(-6 70 7.5)
(-2 70 7.5)
(2 70 7.5)
(6 70 7.5)
(10 70 7.5)
(14 70 7.5)
(18 70 7.5)
(22 70 7.5)
(26 70 7.5)
(30 70 7.5)
(34 70 7.5)
(-30 74 7.5)
(-26 74 7.5)
(-22 74 7.5)
(-18 74 7.5)
(-14 74 7.5)
(-10 74 7.5)
(-6 74 7.5)
(-2 74 7.5)
(2 74 7.5)
(6 74 7.5)
(10 74 7.5)
(14 74 7.5)
(18 74 7.5)
(22 74 7.5)
(26 74 7.5)
(30 74 7.5)
(34 74 7.5)
(-30 78 7.5)
(-26 78 7.5)
(-22 78 7.5)
(-18 78 7.5)
(-14 78 7.5)
(-10 78 7.5)
(-6 78 7.5)
(-2 78 7.5)
(2 78 7.5)
(6 78 7.5)
(10 78 7.5)
(14 78 7.5)
(18 78 7.5)
(22 78 7.5)
(26 78 7.5)
(30 78 7.5)
(34 78 7.5)
(-30 82 7.5)
(-26 82 7.5)
(-22 82 7.5)
(-18 82 7.5)
(-14 82 7.5)
(-10 82 7.5)
(-6 82 7.5)
(-2 82 7.5)
(2 82 7.5)
(6 82 7.5)
(10 82 7.5)
(14 82 7.5)
(18 82 7.5)
(22 82 7.5)
(26 82 7.5)
(30 82 7.5)
(34 82 7.5)
(-30 86 7.5)
(-26 86 7.5)
(-22 86 7.5)
(-18 86 7.5)
(-14 86 7.5)
(-10 86 7.5)
(-6 86 7.5)
(-2 86 7.5)
(2 86 7.5)
(6 86 7.5)
(10 86 7.5)
(14 86 7.5)
(18 86 7.5)
(22 86 7.5)
(26 86 7.5)
(30 86 7.5)
(34 86 7.5)
(-30 90 7.5)
(-26 90 7.5)
(-22 90 7.5)
(-18 90 7.5)
(-14 90 7.5)
(-10 90 7.5)
(-6 90 7.5)
(-2 90 7.5)
(2 90 7.5)
(6 90 7.5)
(10 90 7.5)
(14 90 7.5)
(18 90 7.5)
(22 90 7.5)
(26 90 7.5)
(30 90 7.5)
(34 90 7.5)
(-30 94 7.5)
(-26 94 7.5)
(-22 94 7.5)
(-18 94 7.5)
(-14 94 7.5)
(-10 94 7.5)
(-6 94 7.5)
(-2 94 7.5)
(2 94 7.5)
(6 94 7.5)
(10 94 7.5)
(14 94 7.5)
(18 94 7.5)
(22 94 7.5)
(26 94 7.5)
(30 94 7.5)
(34 94 7.5)
(-30 98 7.5)
(-26 98 7.5)
(-22 98 7.5)
(-18 98 7.5)
(-14 98 7.5)
(-10 98 7.5)
(-6 98 7.5)
(-2 98 7.5)
(2 98 7.5)
(6 98 7.5)
(10 98 7.5)
(14 98 7.5)
(18 98 7.5)
(22 98 7.5)
(26 98 7.5)
(30 98 7.5)
(34 98 7.5)
(-30 2 12.5)
(-26 2 12.5)
(-22 2 12.5)
(-18 2 12.5)
(-14 2 12.5)
(-10 2 12.5)
(-6 2 12.5)
(-2 2 12.5)
(2 2 12.5)
(6 2 12.5)
(10 2 12.5)
(14 2 12.5)
(18 2 12.5)
(22 2 12.5)
(26 2 12.5)
(30 2 12.5)
(-30 6 12.5)
(-26 6 12.5)
(-22 6 12.5)
(-18 6 12.5)
(-14 6 12.5)
(-10 6 12.5)
(-6 6 12.5)
(-2 6 12.5)
(2 6 12.5)
(6 6 12.5)
(10 6 12.5)
(14 6 12.5)
(18 6 12.5)
(22 6 12.5)
(26 6 12.5)
(30 6 12.5)
(-30 10 12.5)
(-26 10 12.5)
(-22 10 12.5)
(-18 10 12.5)
(-14 10 12.5)
(-10 10 12.5)
(-6 10 12.5)
(-2 10 12.5)
(2 10 12.5)
(6 10 12.5)
(10 10 12.5)
(14 10 12.5)
(18 10 12.5)
(22 10 12.5)
(26 10 12.5)
(30 10 12.5)
(-30 14 12.5)
(-26 14 12.5)
(-22 14 12.5)
(-18 14 12.5)
(-14 14 12.5)
(-10 14 12.5)
(-6 14 12.5)
(-2 14 12.5)
(2 14 12.5)
(6 14 12.5)
(10 14 12.5)
(14 14 12.5)
(18 14 12.5)
(22 14 12.5)
(26 14 12.5)
(30 14 12.5)
(-30 18 12.5)
(-26 18 12.5)
(-22 18 12.5)
(-18 18 12.5)
(-14 18 12.5)
(-10 18 12.5)
(-6 18 12.5)
(-2 18 12.5)
(2 18 12.5)
(6 18 12.5)
(10 18 12.5)
(14 18 12.5)
(18 18 12.5)
(22 18 12.5)
(26 18 12.5)
(30 18 12.5)
(-30 22 12.5)
(-26 22 12.5)
(-22 22 12.5)
(-18 22 12.5)
(-14 22 12.5)
(-10 22 12.5)
(-6 22 12.5)
(-2 22 12.5)
(2 22 12.5)
(6 22 12.5)
(10 22 12.5)
(14 22 12.5)
(18 22 12.5)
(22 22 12.5)
(26 22 12.5)
(30 22 12.5)
(-30 26 12.5)
(-26 26 12.5)
(-22 26 12.5)
(-18 26 12.5)
(-14 26 12.5)
(-10 26 12.5)
(-6 26 12.5)
(-2 26 12.5)
(2 26 12.5)
(6 26 12.5)
(10 26 12.5)
(14 26 12.5)
(18 26 12.5)
(22 26 12.5)
(26 26 12.5)
(30 26 12.5)
(-30 30 12.5)
(-26 30 12.5)
(-22 30 12.5)
(-18 30 12.5)
(-14 30 12.5)
(-10 30 12.5)
(-6 30 12.5)
(-2 30 12.5)
(2 30 12.5)
(6 30 12.5)
(10 30 12.5)
(14 30 12.5)
(18 30 12.5)
(22 30 12.5)
(26 30 12.5)
(30 30 12.5)
(-30 34 12.5)
(-26 34 12.5)
(-22 34 12.5)
(-18 34 12.5)
(-14 34 12.5)
(-10 34 12.5)
(-6 34 12.5)
(-2 34 12.5)
(2 34 12.5)
(6 34 12.5)
(10 34 12.5)
(14 34 12.5)
(18 34 12.5)
(22 34 12.5)
(26 34 12.5)
(30 34 12.5)
(-30 38 12.5)
(-26 38 12.5)
(-22 38 12.5)
(-18 38 12.5)
(-14 38 12.5)
(-10 38 12.5)
(-6 38 12.5)
(-2 38 12.5)
(2 38 12.5)
(6 38 12.5)
(10 38 12.5)
(14 38 12.5)
(18 38 12.5)
(22 38 12.5)
(26 38 12.5)
(30 38 12.5)
(34 38 12.5)
(-30 42 12.5)
(-26 42 12.5)
(-22 42 12.5)
(-18 42 12.5)
(-14 42 12.5)
(-10 42 12.5)
(-6 42 12.5)
(-2 42 12.5)
(2 42 12.5)
(6 42 12.5)
(10 42 12.5)
(14 42 12.5)
(18 42 12.5)
(22 42 12.5)
(26 42 12.5)
(30 42 12.5)
(34 42 12.5)
(-30 46 12.5)
(-26 46 12.5)
(-22 46 12.5)
(-18 46 12.5)
(-14 46 12.5)
(-10 46 12.5)
(-6 46 12.5)
(-2 46 12.5)
(2 46 12.5)
(6 46 12.5)
(10 46 12.5)
(14 46 12.5)
(18 46 12.5)
(22 46 12.5)
(26 46 12.5)
(30 46 12.5)
(34 46 12.5)
(-30 50 12.5)
(-26 50 12.5)
(-22 50 12.5)
(-18 50 12.5)
(-14 50 12.5)
(-10 50 12.5)
(-6 50 12.5)
(-2 50 12.5)
(2 50 12.5)
(6 50 12.5)
(10 50 12.5)
(14 50 12.5)
(18 50 12.5)
(22 50 12.5)
(26 50 12.5)
(30 50 12.5)
(34 50 12.5)
(-30 54 12.5)
(-26 54 12.5)
(-22 54 12.5)
(-18 54 12.5)
(-14 54 12.5)
(-10 54 12.5)
(-6 54 12.5)
(-2 54 12.5)
(2 54 12.5)
(6 54 12.5)
(10 54 12.5)
(14 54 12.5)
(18 54 12.5)
(22 54 12.5)
(26 54 12.5)
(30 54 12.5)
(34 54 12.5)
(-30 58 12.5)
(-26 58 12.5)
(-22 58 12.5)
(-18 58 12.5)
(-14 58 12.5)
(-10 58 12.5)
(-6 58 12.5)
(-2 58 12.5)
(2 58 12.5)
(6 58 12.5)
(10 58 12.5)
(14 58 12.5)
(18 58 12.5)
(22 58 12.5)
(26 58 12.5)
(30 58 12.5)
(34 58 12.5)
(-30 62 12.5)
(-26 62 12.5)
(-22 62 12.5)
(-18 62 12.5)
(-14 62 12.5)
(-10 62 12.5)
(-6 62 12.5)
(-2 62 12.5)
(2 62 12.5)
(6 62 12.5)
(10 62 12.5)
(14 62 12.5)
(18 62 12.5)
(22 62 12.5)
(26 62 12.5)
(30 62 12.5)
(34 62 12.5)
(-30 66 12.5)
(-26 66 12.5)
(-22 66 12.5)
(-18 66 12.5)
(-14 66 12.5)
(-10 66 12.5)
(-6 66 12.5)
(-2 66 12.5)
(2 66 12.5)
(6 66 12.5)
(10 66 12.5)
(14 66 12.5)
(18 66 12.5)
(22 66 12.5)
(26 66 12.5)
(30 66 12.5)
(34 66 12.5)
(-30 70 12.5)
(-26 70 12.5)
(-22 70 12.5)
(-18 70 12.5)
(-14 70 12.5)
(-10 70 12.5)
(-6 70 12.5)
(-2 70 12.5)
(2 70 12.5)
(6 70 12.5)
(10 70 12.5)
(14 70 12.5)
(18 70 12.5)
(22 70 12.5)
(26 70 12.5)
(30 70 12.5)
(34 70 12.5)
(-30 74 12.5)
(-26 74 12.5)
(-22 74 12.5)
(-18 74 12.5)
(-14 74 12.5)
(-10 74 12.5)
(-6 74 12.5)
(-2 74 12.5)
(2 74 12.5)
(6 74 12.5)
(10 74 12.5)
(14 74 12.5)
(18 74 12.5)
(22 74 12.5)
(26 74 12.5)
(30 74 12.5)
(34 74 12.5)
(-30 78 12.5)
(-26 78 12.5)
(-22 78 12.5)
(-18 78 12.5)
(-14 78 12.5)
(-10 78 12.5)
(-6 78 12.5)
(-2 78 12.5)
(2 78 12.5)
(6 78 12.5)
(10 78 12.5)
(14 78 12.5)
(18 78 12.5)
(22 78 12.5)
(26 78 12.5)
(30 78 12.5)
(34 78 12.5)
(-30 82 12.5)
(-26 82 12.5)
(-22 82 12.5)
(-18 82 12.5)
(-14 82 12.5)
(-10 82 12.5)
(-6 82 12.5)
(-2 82 12.5)
(2 82 12.5)
(6 82 12.5)
(10 82 12.5)
(14 82 12.5)
(18 82 12.5)
(22 82 12.5)
(26 82 12.5)
(30 82 12.5)
(34 82 12.5)
(-30 86 12.5)
(-26 86 12.5)
(-22 86 12.5)
(-18 86 12.5)
(-14 86 12.5)
(-10 86 12.5)
(-6 86 12.5)
(-2 86 12.5)
(2 86 12.5)
(6 86 12.5)
(10 86 12.5)
(14 86 12.5)
(18 86 12.5)
(22 86 12.5)
(26 86 12.5)
(30 86 12.5)
(34 86 12.5)
(-30 90 12.5)
(-26 90 12.5)
(-22 90 12.5)
(-18 90 12.5)
(-14 90 12.5)
(-10 90 12.5)
(-6 90 12.5)
(-2 90 12.5)
(2 90 12.5)
(6 90 12.5)
(10 90 12.5)
(14 90 12.5)
(18 90 12.5)
(22 90 12.5)
(26 90 12.5)
(30 90 12.5)
(34 90 12.5)
(-30 94 12.5)
(-26 94 12.5)
(-22 94 12.5)
(-18 94 12.5)
(-14 94 12.5)
(-10 94 12.5)
(-6 94 12.5)
(-2 94 12.5)
(2 94 12.5)
(6 94 12.5)
(10 94 12.5)
(14 94 12.5)
(18 94 12.5)
(22 94 12.5)
(26 94 12.5)
(30 94 12.5)
(34 94 12.5)
(-30 98 12.5)
(-26 98 12.5)
(-22 98 12.5)
(-18 98 12.5)
(-14 98 12.5)
(-10 98 12.5)
(-6 98 12.5)
(-2 98 12.5)
(2 98 12.5)
(6 98 12.5)
(10 98 12.5)
(14 98 12.5)
(18 98 12.5)
(22 98 12.5)
(26 98 12.5)
(30 98 12.5)
(34 98 12.5)
(-30 2 17.5)
(-26 2 17.5)
(-22 2 17.5)
(-18 2 17.5)
(-14 2 17.5)
(-10 2 17.5)
(-6 2 17.5)
(-2 2 17.5)
(2 2 17.5)
(6 2 17.5)
(10 2 17.5)
(14 2 17.5)
(18 2 17.5)
(22 2 17.5)
(26 2 17.5)
(30 2 17.5)
(-30 6 17.5)
(-26 6 17.5)
(-22 6 17.5)
(-18 6 17.5)
(-14 6 17.5)
(-10 6 17.5)
(-6 6 17.5)
(-2 6 17.5)
(2 6 17.5)
(6 6 17.5)
(10 6 17.5)
(14 6 17.5)
(18 6 17.5)
(22 6 17.5)
(26 6 17.5)
(30 6 17.5)
(-30 10 17.5)
(-26 10 17.5)
(-22 10 17.5)
(-18 10 17.5)
(-14 10 17.5)
(-10 10 17.5)
(-6 10 17.5)
(-2 10 17.5)
(2 10 17.5)
(6 10 17.5)
(10 10 17.5)
(14 10 17.5)
(18 10 17.5)
(22 10 17.5)
(26 10 17.5)
(30 10 17.5)
(-30 14 17.5)
(-26 14 17.5)
(-22 14 17.5)
(-18 14 17.5)
(-14 14 17.5)
(-10 14 17.5)
(-6 14 17.5)
(-2 14 17.5)
(2 14 17.5)
(6 14 17.5)
(10 14 17.5)
(14 14 17.5)
(18 14 17.5)
(22 14 17.5)
(26 14 17.5)
(30 14 17.5)
(-30 18 17.5)
(-26 18 17.5)
(-22 18 17.5)
(-18 18 17.5)
(-14 18 17.5)
(-10 18 17.5)
(-6 18 17.5)
(-2 18 17.5)
(2 18 17.5)
(6 18 17.5)
(10 18 17.5)
(14 18 17.5)
(18 18 17.5)
(22 18 17.5)
(26 18 17.5)
(30 18 17.5)
(-30 22 17.5)
(-26 22 17.5)
(-22 22 17.5)
(-18 22 17.5)
(-14 22 17.5)
(-10 22 17.5)
(-6 22 17.5)
(-2 22 17.5)
(2 22 17.5)
(6 22 17.5)
(10 22 17.5)
(14 22 17.5)
(18 22 17.5)
(22 22 17.5)
(26 22 17.5)
(30 22 17.5)
(-30 26 17.5)
(-26 26 17.5)
(-22 26 17.5)
(-18 26 17.5)
(-14 26 17.5)
(-10 26 17.5)
(-6 26 17.5)
(-2 26 17.5)
(2 26 17.5)
(6 26 17.5)
(10 26 17.5)
(14 26 17.5)
(18 26 17.5)
(22 26 17.5)
(26 26 17.5)
(30 26 17.5)
(-30 30 17.5)
(-26 30 17.5)
(-22 30 17.5)
(-18 30 17.5)
(-14 30 17.5)
(-10 30 17.5)
(-6 30 17.5)
(-2 30 17.5)
(2 30 17.5)
(6 30 17.5)
(10 30 17.5)
(14 30 17.5)
(18 30 17.5)
(22 30 17.5)
(26 30 17.5)
(30 30 17.5)
(-30 34 17.5)
(-26 34 17.5)
(-22 34 17.5)
(-18 34 17.5)
(-14 34 17.5)
(-10 34 17.5)
(-6 34 17.5)
(-2 34 17.5)
(2 34 17.5)
(6 34 17.5)
(10 34 17.5)
(14 34 17.5)
(18 34 17.5)
(22 34 17.5)
(26 34 17.5)
(30 34 17.5)
(-30 38 17.5)
(-26 38 17.5)
(-22 38 17.5)
(-18 38 17.5)
(-14 38 17.5)
(-10 38 17.5)
(-6 38 17.5)
(-2 38 17.5)
(2 38 17.5)
(6 38 17.5)
(10 38 17.5)
(14 38 17.5)
(18 38 17.5)
(22 38 17.5)
(26 38 17.5)
(30 38 17.5)
(-30 42 17.5)
(-26 42 17.5)
(-22 42 17.5)
(-18 42 17.5)
(-14 42 17.5)
(-10 42 17.5)
(-6 42 17.5)
(-2 42 17.5)
(2 42 17.5)
(6 42 17.5)
(10 42 17.5)
(14 42 17.5)
(18 42 17.5)
(22 42 17.5)
(26 42 17.5)
(30 42 17.5)
(34 42 17.5)
(-30 46 17.5)
(-26 46 17.5)
(-22 46 17.5)
(-18 46 17.5)
(-14 46 17.5)
(-10 46 17.5)
(-6 46 17.5)
(-2 46 17.5)
(2 46 17.5)
(6 46 17.5)
(10 46 17.5)
(14 46 17.5)
(18 46 17.5)
(22 46 17.5)
(26 46 17.5)
(30 46 17.5)
(34 46 17.5)
(-30 50 17.5)
(-26 50 17.5)
(-22 50 17.5)
(-18 50 17.5)
(-14 50 17.5)
(-10 50 17.5)
(-6 50 17.5)
(-2 50 17.5)
(2 50 17.5)
(6 50 17.5)
(10 50 17.5)
(14 50 17.5)
(18 50 17.5)
(22 50 17.5)
(26 50 17.5)
(30 50 17.5)
(34 50 17.5)
(-30 54 17.5)
(-26 54 17.5)
(-22 54 17.5)
(-18 54 17.5)
(-14 54 17.5)
(-10 54 17.5)
(-6 54 17.5)
(-2 54 17.5)
(2 54 17.5)
(6 54 17.5)
(10 54 17.5)
(14 54 17.5)
(18 54 17.5)
(22 54 17.5)
(26 54 17.5)
(30 54 17.5)
(34 54 17.5)
(-30 58 17.5)
(-26 58 17.5)
(-22 58 17.5)
(-18 58 17.5)
(-14 58 17.5)
(-10 58 17.5)
(-6 58 17.5)
(-2 58 17.5)
(2 58 17.5)
(6 58 17.5)
(10 58 17.5)
(14 58 17.5)
(18 58 17.5)
(22 58 17.5)
(26 58 17.5)
(30 58 17.5)
(34 58 17.5)
(-30 62 17.5)
(-26 62 17.5)
(-22 62 17.5)
(-18 62 17.5)
(-14 62 17.5)
(-10 62 17.5)
(-6 62 17.5)
(-2 62 17.5)
(2 62 17.5)
(6 62 17.5)
(10 62 17.5)
(14 62 17.5)
(18 62 17.5)
(22 62 17.5)
(26 62 17.5)
(30 62 17.5)
(34 62 17.5)
(-30 66 17.5)
(-26 66 17.5)
(-22 66 17.5)
(-18 66 17.5)
(-14 66 17.5)
(-10 66 17.5)
(-6 66 17.5)
(-2 66 17.5)
(2 66 17.5)
(6 66 17.5)
(10 66 17.5)
(14 66 17.5)
(18 66 17.5)
(22 66 17.5)
(26 66 17.5)
(30 66 17.5)
(34 66 17.5)
(-30 70 17.5)
(-26 70 17.5)
(-22 70 17.5)
(-18 70 17.5)
(-14 70 17.5)
(-10 70 17.5)
(-6 70 17.5)
(-2 70 17.5)
(2 70 17.5)
(6 70 17.5)
(10 70 17.5)
(14 70 17.5)
(18 70 17.5)
(22 70 17.5)
(26 70 17.5)
(30 70 17.5)
(34 70 17.5)
(-30 74 17.5)
(-26 74 17.5)
(-22 74 17.5)
(-18 74 17.5)
(-14 74 17.5)
(-10 74 17.5)
(-6 74 17.5)
(-2 74 17.5)
(2 74 17.5)
(6 74 17.5)
(10 74 17.5)
(14 74 17.5)
(18 74 17.5)
(22 74 17.5)
(26 74 17.5)
(30 74 17.5)
(34 74 17.5)
(-30 78 17.5)
(-26 78 17.5)
(-22 78 17.5)
(-18 78 17.5)
(-14 78 17.5)
(-10 78 17.5)
(-6 78 17.5)
(-2 78 17.5)
(2 78 17.5)
(6 78 17.5)
(10 78 17.5)
(14 78 17.5)
(18 78 17.5)
(22 78 17.5)
(26 78 17.5)
(30 78 17.5)
(34 78 17.5)
(-30 82 17.5)
(-26 82 17.5)
(-22 82 17.5)
(-18 82 17.5)
(-14 82 17.5)
(-10 82 17.5)
(-6 82 17.5)
(-2 82 17.5)
(2 82 17.5)
(6 82 17.5)
(10 82 17.5)
(14 82 17.5)
(18 82 17.5)
(22 82 17.5)
(26 82 17.5)
(30 82 17.5)
(34 82 17.5)
(-30 86 17.5)
(-26 86 17.5)
(-22 86 17.5)
(-18 86 17.5)
(-14 86 17.5)
(-10 86 17.5)
(-6 86 17.5)
(-2 86 17.5)
(2 86 17.5)
(6 86 17.5)
(10 86 17.5)
(14 86 17.5)
(18 86 17.5)
(22 86 17.5)
(26 86 17.5)
(30 86 17.5)
(34 86 17.5)
(-30 90 17.5)
(-26 90 17.5)
(-22 90 17.5)
(-18 90 17.5)
(-14 90 17.5)
(-10 90 17.5)
(-6 90 17.5)
(-2 90 17.5)
(2 90 17.5)
(6 90 17.5)
(10 90 17.5)
(14 90 17.5)
(18 90 17.5)
(22 90 17.5)
(26 90 17.5)
(30 90 17.5)
(34 90 17.5)
(-30 94 17.5)
(-26 94 17.5)
(-22 94 17.5)
(-18 94 17.5)
(-14 94 17.5)
(-10 94 17.5)
(-6 94 17.5)
(-2 94 17.5)
(2 94 17.5)
(6 94 17.5)
(10 94 17.5)
(14 94 17.5)
(18 94 17.5)
(22 94 17.5)
(26 94 17.5)
(30 94 17.5)
(34 94 17.5)
(-30 98 17.5)
(-26 98 17.5)
(-22 98 17.5)
(-18 98 17.5)
(-14 98 17.5)
(-10 98 17.5)
(-6 98 17.5)
(-2 98 17.5)
(2 98 17.5)
(6 98 17.5)
(10 98 17.5)
(14 98 17.5)
(18 98 17.5)
(22 98 17.5)
(26 98 17.5)
(30 98 17.5)
(34 98 17.5)
(-30 2 22.5)
(-26 2 22.5)
(-22 2 22.5)
(-18 2 22.5)
(-14 2 22.5)
(-10 2 22.5)
(-6 2 22.5)
(-2 2 22.5)
(2 2 22.5)
(6 2 22.5)
(10 2 22.5)
(14 2 22.5)
(18 2 22.5)
(22 2 22.5)
(26 2 22.5)
(30 2 22.5)
(-30 6 22.5)
(-26 6 22.5)
(-22 6 22.5)
(-18 6 22.5)
(-14 6 22.5)
(-10 6 22.5)
(-6 6 22.5)
(-2 6 22.5)
(2 6 22.5)
(6 6 22.5)
(10 6 22.5)
(14 6 22.5)
(18 6 22.5)
(22 6 22.5)
(26 6 22.5)
(30 6 22.5)
(-30 10 22.5)
(-26 10 22.5)
(-22 10 22.5)
(-18 10 22.5)
(-14 10 22.5)
(-10 10 22.5)
(-6 10 22.5)
(-2 10 22.5)
(2 10 22.5)
(6 10 22.5)
(10 10 22.5)
(14 10 22.5)
(18 10 22.5)
(22 10 22.5)
(26 10 22.5)
(30 10 22.5)
(-30 14 22.5)
(-26 14 22.5)
(-22 14 22.5)
(-18 14 22.5)
(-14 14 22.5)
(-10 14 22.5)
(-6 14 22.5)
(-2 14 22.5)
(2 14 22.5)
(6 14 22.5)
(10 14 22.5)
(14 14 22.5)
(18 14 22.5)
(22 14 22.5)
(26 14 22.5)
(30 14 22.5)
(-30 18 22.5)
(-26 18 22.5)
(-22 18 22.5)
(-18 18 22.5)
(-14 18 22.5)
(-10 18 22.5)
(-6 18 22.5)
(-2 18 22.5)
(2 18 22.5)
(6 18 22.5)
(10 18 22.5)
(14 18 22.5)
(18 18 22.5)
(22 18 22.5)
(26 18 22.5)
(30 18 22.5)
(-30 22 22.5)
(-26 22 22.5)
(-22 22 22.5)
(-18 22 22.5)
(-14 22 22.5)
(-10 22 22.5)
(-6 22 22.5)
(-2 22 22.5)
(2 22 22.5)
(6 22 22.5)
(10 22 22.5)
(14 22 22.5)
(18 22 22.5)
(22 22 22.5)
(26 22 22.5)
(30 22 22.5)
(-30 26 22.5)
(-26 26 22.5)
(-22 26 22.5)
(-18 26 22.5)
(-14 26 22.5)
(-10 26 22.5)
(-6 26 22.5)
(-2 26 22.5)
(2 26 22.5)
(6 26 22.5)
(10 26 22.5)
(14 26 22.5)
(18 26 22.5)
(22 26 22.5)
(26 26 22.5)
(30 26 22.5)
(-30 30 22.5)
(-26 30 22.5)
(-22 30 22.5)
(-18 30 22.5)
(-14 30 22.5)
(-10 30 22.5)
(-6 30 22.5)
(-2 30 22.5)
(2 30 22.5)
(6 30 22.5)
(10 30 22.5)
(14 30 22.5)
(18 30 22.5)
(22 30 22.5)
(26 30 22.5)
(30 30 22.5)
(-30 34 22.5)
(-26 34 22.5)
(-22 34 22.5)
(-18 34 22.5)
(-14 34 22.5)
(-10 34 22.5)
(-6 34 22.5)
(-2 34 22.5)
(2 34 22.5)
(6 34 22.5)
(10 34 22.5)
(14 34 22.5)
(18 34 22.5)
(22 34 22.5)
(26 34 22.5)
(30 34 22.5)
(-30 38 22.5)
(-26 38 22.5)
(-22 38 22.5)
(-18 38 22.5)
(-14 38 22.5)
(-10 38 22.5)
(-6 38 22.5)
(-2 38 22.5)
(2 38 22.5)
(6 38 22.5)
(10 38 22.5)
(14 38 22.5)
(18 38 22.5)
(22 38 22.5)
(26 38 22.5)
(30 38 22.5)
(-30 42 22.5)
(-26 42 22.5)
(-22 42 22.5)
(-18 42 22.5)
(-14 42 22.5)
(-10 42 22.5)
(-6 42 22.5)
(-2 42 22.5)
(2 42 22.5)
(6 42 22.5)
(10 42 22.5)
(14 42 22.5)
(18 42 22.5)
(22 42 22.5)
(26 42 22.5)
(30 42 22.5)
(-30 46 22.5)
(-26 46 22.5)
(-22 46 22.5)
(-18 46 22.5)
(-14 46 22.5)
(-10 46 22.5)
(-6 46 22.5)
(-2 46 22.5)
(2 46 22.5)
(6 46 22.5)
(10 46 22.5)
(14 46 22.5)
(18 46 22.5)
(22 46 22.5)
(26 46 22.5)
(30 46 22.5)
(34 46 22.5)
(-30 50 22.5)
(-26 50 22.5)
(-22 50 22.5)
(-18 50 22.5)
(-14 50 22.5)
(-10 50 22.5)
(-6 50 22.5)
(-2 50 22.5)
(2 50 22.5)
(6 50 22.5)
(10 50 22.5)
(14 50 22.5)
(18 50 22.5)
(22 50 22.5)
(26 50 22.5)
(30 50 22.5)
(34 50 22.5)
(-30 54 22.5)
(-26 54 22.5)
(-22 54 22.5)
(-18 54 22.5)
(-14 54 22.5)
(-10 54 22.5)
(-6 54 22.5)
(-2 54 22.5)
(2 54 22.5)
(6 54 22.5)
(10 54 22.5)
(14 54 22.5)
(18 54 22.5)
(22 54 22.5)
(26 54 22.5)
(30 54 22.5)
(34 54 22.5)
(-30 58 22.5)
(-26 58 22.5)
(-22 58 22.5)
(-18 58 22.5)
(-14 58 22.5)
(-10 58 22.5)
(-6 58 22.5)
(-2 58 22.5)
(2 58 22.5)
(6 58 22.5)
(10 58 22.5)
(14 58 22.5)
(18 58 22.5)
(22 58 22.5)
(26 58 22.5)
(30 58 22.5)
(34 58 22.5)
(-30 62 22.5)
(-26 62 22.5)
(-22 62 22.5)
(-18 62 22.5)
(-14 62 22.5)
(-10 62 22.5)
(-6 62 22.5)
(-2 62 22.5)
(2 62 22.5)
(6 62 22.5)
(10 62 22.5)
(14 62 22.5)
(18 62 22.5)
(22 62 22.5)
(26 62 22.5)
(30 62 22.5)
(34 62 22.5)
(-30 66 22.5)
(-26 66 22.5)
(-22 66 22.5)
(-18 66 22.5)
(-14 66 22.5)
(-10 66 22.5)
(-6 66 22.5)
(-2 66 22.5)
(2 66 22.5)
(6 66 22.5)
(10 66 22.5)
(14 66 22.5)
(18 66 22.5)
(22 66 22.5)
(26 66 22.5)
(30 66 22.5)
(34 66 22.5)
(-30 70 22.5)
(-26 70 22.5)
(-22 70 22.5)
(-18 70 22.5)
(-14 70 22.5)
(-10 70 22.5)
(-6 70 22.5)
(-2 70 22.5)
(2 70 22.5)
(6 70 22.5)
(10 70 22.5)
(14 70 22.5)
(18 70 22.5)
(22 70 22.5)
(26 70 22.5)
(30 70 22.5)
(34 70 22.5)
(-30 74 22.5)
(-26 74 22.5)
(-22 74 22.5)
(-18 74 22.5)
(-14 74 22.5)
(-10 74 22.5)
(-6 74 22.5)
(-2 74 22.5)
(2 74 22.5)
(6 74 22.5)
(10 74 22.5)
(14 74 22.5)
(18 74 22.5)
(22 74 22.5)
(26 74 22.5)
(30 74 22.5)
(34 74 22.5)
(-30 78 22.5)
(-26 78 22.5)
(-22 78 22.5)
(-18 78 22.5)
(-14 78 22.5)
(-10 78 22.5)
(-6 78 22.5)
(-2 78 22.5)
(2 78 22.5)
(6 78 22.5)
(10 78 22.5)
(14 78 22.5)
(18 78 22.5)
(22 78 22.5)
(26 78 22.5)
(30 78 22.5)
(34 78 22.5)
(-30 82 22.5)
(-26 82 22.5)
(-22 82 22.5)
(-18 82 22.5)
(-14 82 22.5)
(-10 82 22.5)
(-6 82 22.5)
(-2 82 22.5)
(2 82 22.5)
(6 82 22.5)
(10 82 22.5)
(14 82 22.5)
(18 82 22.5)
(22 82 22.5)
(26 82 22.5)
(30 82 22.5)
(34 82 22.5)
(-30 86 22.5)
(-26 86 22.5)
(-22 86 22.5)
(-18 86 22.5)
(-14 86 22.5)
(-10 86 22.5)
(-6 86 22.5)
(-2 86 22.5)
(2 86 22.5)
(6 86 22.5)
(10 86 22.5)
(14 86 22.5)
(18 86 22.5)
(22 86 22.5)
(26 86 22.5)
(30 86 22.5)
(34 86 22.5)
(-30 90 22.5)
(-26 90 22.5)
(-22 90 22.5)
(-18 90 22.5)
(-14 90 22.5)
(-10 90 22.5)
(-6 90 22.5)
(-2 90 22.5)
(2 90 22.5)
(6 90 22.5)
(10 90 22.5)
(14 90 22.5)
(18 90 22.5)
(22 90 22.5)
(26 90 22.5)
(30 90 22.5)
(34 90 22.5)
(-30 94 22.5)
(-26 94 22.5)
(-22 94 22.5)
(-18 94 22.5)
(-14 94 22.5)
(-10 94 22.5)
(-6 94 22.5)
(-2 94 22.5)
(2 94 22.5)
(6 94 22.5)
(10 94 22.5)
(14 94 22.5)
(18 94 22.5)
(22 94 22.5)
(26 94 22.5)
(30 94 22.5)
(34 94 22.5)
(-30 98 22.5)
(-26 98 22.5)
(-22 98 22.5)
(-18 98 22.5)
(-14 98 22.5)
(-10 98 22.5)
(-6 98 22.5)
(-2 98 22.5)
(2 98 22.5)
(6 98 22.5)
(10 98 22.5)
(14 98 22.5)
(18 98 22.5)
(22 98 22.5)
(26 98 22.5)
(30 98 22.5)
(34 98 22.5)
(50 -2 2.5)
(54 -2 2.5)
(58 -2 2.5)
(62 -2 2.5)
(66 -2 2.5)
(70 -2 2.5)
(74 -2 2.5)
(78 -2 2.5)
(82 -2 2.5)
(86 -2 2.5)
(90 -2 2.5)
(94 -2 2.5)
(98 -2 2.5)
(34 2 2.5)
(38 2 2.5)
(42 2 2.5)
(46 2 2.5)
(50 2 2.5)
(54 2 2.5)
(58 2 2.5)
(62 2 2.5)
(66 2 2.5)
(70 2 2.5)
(74 2 2.5)
(78 2 2.5)
(82 2 2.5)
(86 2 2.5)
(90 2 2.5)
(94 2 2.5)
(98 2 2.5)
(34 6 2.5)
(38 6 2.5)
(42 6 2.5)
(46 6 2.5)
(50 6 2.5)
(54 6 2.5)
(58 6 2.5)
(62 6 2.5)
(66 6 2.5)
(70 6 2.5)
(74 6 2.5)
(78 6 2.5)
(82 6 2.5)
(86 6 2.5)
(90 6 2.5)
(94 6 2.5)
(98 6 2.5)
(34 10 2.5)
(38 10 2.5)
(42 10 2.5)
(46 10 2.5)
(50 10 2.5)
(54 10 2.5)
(58 10 2.5)
(62 10 2.5)
(66 10 2.5)
(70 10 2.5)
(74 10 2.5)
(78 10 2.5)
(82 10 2.5)
(86 10 2.5)
(90 10 2.5)
(94 10 2.5)
(98 10 2.5)
(34 14 2.5)
(38 14 2.5)
(42 14 2.5)
(46 14 2.5)
(50 14 2.5)
(54 14 2.5)
(58 14 2.5)
(62 14 2.5)
(66 14 2.5)
(70 14 2.5)
(74 14 2.5)
(78 14 2.5)
(82 14 2.5)
(86 14 2.5)
(90 14 2.5)
(94 14 2.5)
(98 14 2.5)
(34 18 2.5)
(38 18 2.5)
(42 18 2.5)
(46 18 2.5)
(50 18 2.5)
(54 18 2.5)
(58 18 2.5)
(62 18 2.5)
(66 18 2.5)
(70 18 2.5)
(74 18 2.5)
(78 18 2.5)
(82 18 2.5)
(86 18 2.5)
(90 18 2.5)
(94 18 2.5)
(98 18 2.5)
(34 22 2.5)
(38 22 2.5)
(42 22 2.5)
(46 22 2.5)
(50 22 2.5)
(54 22 2.5)
(58 22 2.5)
(62 22 2.5)
(66 22 2.5)
(70 22 2.5)
(74 22 2.5)
(78 22 2.5)
(82 22 2.5)
(86 22 2.5)
(90 22 2.5)
(94 22 2.5)
(98 22 2.5)
(38 26 2.5)
(42 26 2.5)
(46 26 2.5)
(50 26 2.5)
(54 26 2.5)
(58 26 2.5)
(62 26 2.5)
(66 26 2.5)
(70 26 2.5)
(74 26 2.5)
(78 26 2.5)
(82 26 2.5)
(86 26 2.5)
(90 26 2.5)
(94 26 2.5)
(98 26 2.5)
(38 30 2.5)
(42 30 2.5)
(46 30 2.5)
(50 30 2.5)
(54 30 2.5)
(58 30 2.5)
(62 30 2.5)
(66 30 2.5)
(70 30 2.5)
(74 30 2.5)
(78 30 2.5)
(82 30 2.5)
(86 30 2.5)
(90 30 2.5)
(94 30 2.5)
(98 30 2.5)
(38 34 2.5)
(42 34 2.5)
(46 34 2.5)
(50 34 2.5)
(54 34 2.5)
(58 34 2.5)
(62 34 2.5)
(66 34 2.5)
(70 34 2.5)
(74 34 2.5)
(78 34 2.5)
(82 34 2.5)
(86 34 2.5)
(90 34 2.5)
(94 34 2.5)
(98 34 2.5)
(38 38 2.5)
(42 38 2.5)
(46 38 2.5)
(50 38 2.5)
(54 38 2.5)
(58 38 2.5)
(62 38 2.5)
(66 38 2.5)
(70 38 2.5)
(74 38 2.5)
(78 38 2.5)
(82 38 2.5)
(86 38 2.5)
(90 38 2.5)
(94 38 2.5)
(98 38 2.5)
(38 42 2.5)
(42 42 2.5)
(46 42 2.5)
(50 42 2.5)
(54 42 2.5)
(58 42 2.5)
(62 42 2.5)
(66 42 2.5)
(70 42 2.5)
(74 42 2.5)
(78 42 2.5)
(82 42 2.5)
(86 42 2.5)
(90 42 2.5)
(94 42 2.5)
(98 42 2.5)
(38 46 2.5)
(42 46 2.5)
(46 46 2.5)
(50 46 2.5)
(54 46 2.5)
(58 46 2.5)
(62 46 2.5)
(66 46 2.5)
(70 46 2.5)
(74 46 2.5)
(78 46 2.5)
(82 46 2.5)
(86 46 2.5)
(90 46 2.5)
(94 46 2.5)
(98 46 2.5)
(38 50 2.5)
(42 50 2.5)
(46 50 2.5)
(50 50 2.5)
(54 50 2.5)
(58 50 2.5)
(62 50 2.5)
(66 50 2.5)
(70 50 2.5)
(74 50 2.5)
(78 50 2.5)
(82 50 2.5)
(86 50 2.5)
(90 50 2.5)
(94 50 2.5)
(98 50 2.5)
(38 54 2.5)
(42 54 2.5)
(46 54 2.5)
(50 54 2.5)
(54 54 2.5)
(58 54 2.5)
(62 54 2.5)
(66 54 2.5)
(70 54 2.5)
(74 54 2.5)
(78 54 2.5)
(82 54 2.5)
(86 54 2.5)
(90 54 2.5)
(94 54 2.5)
(98 54 2.5)
(38 58 2.5)
(42 58 2.5)
(46 58 2.5)
(50 58 2.5)
(54 58 2.5)
(58 58 2.5)
(62 58 2.5)
(66 58 2.5)
(70 58 2.5)
(74 58 2.5)
(78 58 2.5)
(82 58 2.5)
(86 58 2.5)
(90 58 2.5)
(94 58 2.5)
(98 58 2.5)
(38 62 2.5)
(42 62 2.5)
(46 62 2.5)
(50 62 2.5)
(54 62 2.5)
(58 62 2.5)
(62 62 2.5)
(66 62 2.5)
(70 62 2.5)
(74 62 2.5)
(78 62 2.5)
(82 62 2.5)
(86 62 2.5)
(90 62 2.5)
(94 62 2.5)
(98 62 2.5)
(38 66 2.5)
(42 66 2.5)
(46 66 2.5)
(50 66 2.5)
(54 66 2.5)
(58 66 2.5)
(62 66 2.5)
(66 66 2.5)
(70 66 2.5)
(74 66 2.5)
(78 66 2.5)
(82 66 2.5)
(86 66 2.5)
(90 66 2.5)
(94 66 2.5)
(98 66 2.5)
(38 70 2.5)
(42 70 2.5)
(46 70 2.5)
(50 70 2.5)
(54 70 2.5)
(58 70 2.5)
(62 70 2.5)
(66 70 2.5)
(70 70 2.5)
(74 70 2.5)
(78 70 2.5)
(82 70 2.5)
(86 70 2.5)
(90 70 2.5)
(94 70 2.5)
(98 70 2.5)
(38 74 2.5)
(42 74 2.5)
(46 74 2.5)
(50 74 2.5)
(54 74 2.5)
(58 74 2.5)
(62 74 2.5)
(66 74 2.5)
(70 74 2.5)
(74 74 2.5)
(78 74 2.5)
(82 74 2.5)
(86 74 2.5)
(90 74 2.5)
(94 74 2.5)
(98 74 2.5)
(38 78 2.5)
(42 78 2.5)
(46 78 2.5)
(50 78 2.5)
(54 78 2.5)
(58 78 2.5)
(62 78 2.5)
(66 78 2.5)
(70 78 2.5)
(74 78 2.5)
(78 78 2.5)
(82 78 2.5)
(86 78 2.5)
(90 78 2.5)
(94 78 2.5)
(98 78 2.5)
(38 82 2.5)
(42 82 2.5)
(46 82 2.5)
(50 82 2.5)
(54 82 2.5)
(58 82 2.5)
(62 82 2.5)
(66 82 2.5)
(70 82 2.5)
(74 82 2.5)
(78 82 2.5)
(82 82 2.5)
(86 82 2.5)
(90 82 2.5)
(94 82 2.5)
(98 82 2.5)
(38 86 2.5)
(42 86 2.5)
(46 86 2.5)
(50 86 2.5)
(54 86 2.5)
(58 86 2.5)
(62 86 2.5)
(66 86 2.5)
(70 86 2.5)
(74 86 2.5)
(78 86 2.5)
(82 86 2.5)
(86 86 2.5)
(90 86 2.5)
(94 86 2.5)
(98 86 2.5)
(38 90 2.5)
(42 90 2.5)
(46 90 2.5)
(50 90 2.5)
(54 90 2.5)
(58 90 2.5)
(62 90 2.5)
(66 90 2.5)
(70 90 2.5)
(74 90 2.5)
(78 90 2.5)
(82 90 2.5)
(86 90 2.5)
(90 90 2.5)
(94 90 2.5)
(98 90 2.5)
(38 94 2.5)
(42 94 2.5)
(46 94 2.5)
(50 94 2.5)
(54 94 2.5)
(58 94 2.5)
(62 94 2.5)
(66 94 2.5)
(70 94 2.5)
(74 94 2.5)
(78 94 2.5)
(82 94 2.5)
(86 94 2.5)
(90 94 2.5)
(94 94 2.5)
(98 94 2.5)
(38 98 2.5)
(42 98 2.5)
(46 98 2.5)
(50 98 2.5)
(54 98 2.5)
(58 98 2.5)
(62 98 2.5)
(66 98 2.5)
(70 98 2.5)
(74 98 2.5)
(78 98 2.5)
(82 98 2.5)
(86 98 2.5)
(90 98 2.5)
(94 98 2.5)
(98 98 2.5)
(58 -2 7.5)
(62 -2 7.5)
(66 -2 7.5)
(70 -2 7.5)
(74 -2 7.5)
(78 -2 7.5)
(82 -2 7.5)
(86 -2 7.5)
(90 -2 7.5)
(94 -2 7.5)
(98 -2 7.5)
(34 2 7.5)
(38 2 7.5)
(42 2 7.5)
(46 2 7.5)
(50 2 7.5)
(54 2 7.5)
(58 2 7.5)
(62 2 7.5)
(66 2 7.5)
(70 2 7.5)
(74 2 7.5)
(78 2 7.5)
(82 2 7.5)
(86 2 7.5)
(90 2 7.5)
(94 2 7.5)
(98 2 7.5)
(34 6 7.5)
(38 6 7.5)
(42 6 7.5)
(46 6 7.5)
(50 6 7.5)
(54 6 7.5)
(58 6 7.5)
(62 6 7.5)
(66 6 7.5)
(70 6 7.5)
(74 6 7.5)
(78 6 7.5)
(82 6 7.5)
(86 6 7.5)
(90 6 7.5)
(94 6 7.5)
(98 6 7.5)
(34 10 7.5)
(38 10 7.5)
(42 10 7.5)
(46 10 7.5)
(50 10 7.5)
(54 10 7.5)
(58 10 7.5)
(62 10 7.5)
(66 10 7.5)
(70 10 7.5)
(74 10 7.5)
(78 10 7.5)
(82 10 7.5)
(86 10 7.5)
(90 10 7.5)
(94 10 7.5)
(98 10 7.5)
(34 14 7.5)
(38 14 7.5)
(42 14 7.5)
(46 14 7.5)
(50 14 7.5)
(54 14 7.5)
(58 14 7.5)
(62 14 7.5)
(66 14 7.5)
(70 14 7.5)
(74 14 7.5)
(78 14 7.5)
(82 14 7.5)
(86 14 7.5)
(90 14 7.5)
(94 14 7.5)
(98 14 7.5)
(34 18 7.5)
(38 18 7.5)
(42 18 7.5)
(46 18 7.5)
(50 18 7.5)
(54 18 7.5)
(58 18 7.5)
(62 18 7.5)
(66 18 7.5)
(70 18 7.5)
(74 18 7.5)
(78 18 7.5)
(82 18 7.5)
(86 18 7.5)
(90 18 7.5)
(94 18 7.5)
(98 18 7.5)
(34 22 7.5)
(38 22 7.5)
(42 22 7.5)
(46 22 7.5)
(50 22 7.5)
(54 22 7.5)
(58 22 7.5)
(62 22 7.5)
(66 22 7.5)
(70 22 7.5)
(74 22 7.5)
(78 22 7.5)
(82 22 7.5)
(86 22 7.5)
(90 22 7.5)
(94 22 7.5)
(98 22 7.5)
(34 26 7.5)
(38 26 7.5)
(42 26 7.5)
(46 26 7.5)
(50 26 7.5)
(54 26 7.5)
(58 26 7.5)
(62 26 7.5)
(66 26 7.5)
(70 26 7.5)
(74 26 7.5)
(78 26 7.5)
(82 26 7.5)
(86 26 7.5)
(90 26 7.5)
(94 26 7.5)
(98 26 7.5)
(38 30 7.5)
(42 30 7.5)
(46 30 7.5)
(50 30 7.5)
(54 30 7.5)
(58 30 7.5)
(62 30 7.5)
(66 30 7.5)
(70 30 7.5)
(74 30 7.5)
(78 30 7.5)
(82 30 7.5)
(86 30 7.5)
(90 30 7.5)
(94 30 7.5)
(98 30 7.5)
(38 34 7.5)
(42 34 7.5)
(46 34 7.5)
(50 34 7.5)
(54 34 7.5)
(58 34 7.5)
(62 34 7.5)
(66 34 7.5)
(70 34 7.5)
(74 34 7.5)
(78 34 7.5)
(82 34 7.5)
(86 34 7.5)
(90 34 7.5)
(94 34 7.5)
(98 34 7.5)
(38 38 7.5)
(42 38 7.5)
(46 38 7.5)
(50 38 7.5)
(54 38 7.5)
(58 38 7.5)
(62 38 7.5)
(66 38 7.5)
(70 38 7.5)
(74 38 7.5)
(78 38 7.5)
(82 38 7.5)
(86 38 7.5)
(90 38 7.5)
(94 38 7.5)
(98 38 7.5)
(38 42 7.5)
(42 42 7.5)
(46 42 7.5)
(50 42 7.5)
(54 42 7.5)
(58 42 7.5)
(62 42 7.5)
(66 42 7.5)
(70 42 7.5)
(74 42 7.5)
(78 42 7.5)
(82 42 7.5)
(86 42 7.5)
(90 42 7.5)
(94 42 7.5)
(98 42 7.5)
(38 46 7.5)
(42 46 7.5)
(46 46 7.5)
(50 46 7.5)
(54 46 7.5)
(58 46 7.5)
(62 46 7.5)
(66 46 7.5)
(70 46 7.5)
(74 46 7.5)
(78 46 7.5)
(82 46 7.5)
(86 46 7.5)
(90 46 7.5)
(94 46 7.5)
(98 46 7.5)
(38 50 7.5)
(42 50 7.5)
(46 50 7.5)
(50 50 7.5)
(54 50 7.5)
(58 50 7.5)
(62 50 7.5)
(66 50 7.5)
(70 50 7.5)
(74 50 7.5)
(78 50 7.5)
(82 50 7.5)
(86 50 7.5)
(90 50 7.5)
(94 50 7.5)
(98 50 7.5)
(38 54 7.5)
(42 54 7.5)
(46 54 7.5)
(50 54 7.5)
(54 54 7.5)
(58 54 7.5)
(62 54 7.5)
(66 54 7.5)
(70 54 7.5)
(74 54 7.5)
(78 54 7.5)
(82 54 7.5)
(86 54 7.5)
(90 54 7.5)
(94 54 7.5)
(98 54 7.5)
(38 58 7.5)
(42 58 7.5)
(46 58 7.5)
(50 58 7.5)
(54 58 7.5)
(58 58 7.5)
(62 58 7.5)
(66 58 7.5)
(70 58 7.5)
(74 58 7.5)
(78 58 7.5)
(82 58 7.5)
(86 58 7.5)
(90 58 7.5)
(94 58 7.5)
(98 58 7.5)
(38 62 7.5)
(42 62 7.5)
(46 62 7.5)
(50 62 7.5)
(54 62 7.5)
(58 62 7.5)
(62 62 7.5)
(66 62 7.5)
(70 62 7.5)
(74 62 7.5)
(78 62 7.5)
(82 62 7.5)
(86 62 7.5)
(90 62 7.5)
(94 62 7.5)
(98 62 7.5)
(38 66 7.5)
(42 66 7.5)
(46 66 7.5)
(50 66 7.5)
(54 66 7.5)
(58 66 7.5)
(62 66 7.5)
(66 66 7.5)
(70 66 7.5)
(74 66 7.5)
(78 66 7.5)
(82 66 7.5)
(86 66 7.5)
(90 66 7.5)
(94 66 7.5)
(98 66 7.5)
(38 70 7.5)
(42 70 7.5)
(46 70 7.5)
(50 70 7.5)
(54 70 7.5)
(58 70 7.5)
(62 70 7.5)
(66 70 7.5)
(70 70 7.5)
(74 70 7.5)
(78 70 7.5)
(82 70 7.5)
(86 70 7.5)
(90 70 7.5)
(94 70 7.5)
(98 70 7.5)
(38 74 7.5)
(42 74 7.5)
(46 74 7.5)
(50 74 7.5)
(54 74 7.5)
(58 74 7.5)
(62 74 7.5)
(66 74 7.5)
(70 74 7.5)
(74 74 7.5)
(78 74 7.5)
(82 74 7.5)
(86 74 7.5)
(90 74 7.5)
(94 74 7.5)
(98 74 7.5)
(38 78 7.5)
(42 78 7.5)
(46 78 7.5)
(50 78 7.5)
(54 78 7.5)
(58 78 7.5)
(62 78 7.5)
(66 78 7.5)
(70 78 7.5)
(74 78 7.5)
(78 78 7.5)
(82 78 7.5)
(86 78 7.5)
(90 78 7.5)
(94 78 7.5)
(98 78 7.5)
(38 82 7.5)
(42 82 7.5)
(46 82 7.5)
(50 82 7.5)
(54 82 7.5)
(58 82 7.5)
(62 82 7.5)
(66 82 7.5)
(70 82 7.5)
(74 82 7.5)
(78 82 7.5)
(82 82 7.5)
(86 82 7.5)
(90 82 7.5)
(94 82 7.5)
(98 82 7.5)
(38 86 7.5)
(42 86 7.5)
(46 86 7.5)
(50 86 7.5)
(54 86 7.5)
(58 86 7.5)
(62 86 7.5)
(66 86 7.5)
(70 86 7.5)
(74 86 7.5)
(78 86 7.5)
(82 86 7.5)
(86 86 7.5)
(90 86 7.5)
(94 86 7.5)
(98 86 7.5)
(38 90 7.5)
(42 90 7.5)
(46 90 7.5)
(50 90 7.5)
(54 90 7.5)
(58 90 7.5)
(62 90 7.5)
(66 90 7.5)
(70 90 7.5)
(74 90 7.5)
(78 90 7.5)
(82 90 7.5)
(86 90 7.5)
(90 90 7.5)
(94 90 7.5)
(98 90 7.5)
(38 94 7.5)
(42 94 7.5)
(46 94 7.5)
(50 94 7.5)
(54 94 7.5)
(58 94 7.5)
(62 94 7.5)
(66 94 7.5)
(70 94 7.5)
(74 94 7.5)
(78 94 7.5)
(82 94 7.5)
(86 94 7.5)
(90 94 7.5)
(94 94 7.5)
(98 94 7.5)
(38 98 7.5)
(42 98 7.5)
(46 98 7.5)
(50 98 7.5)
(54 98 7.5)
(58 98 7.5)
(62 98 7.5)
(66 98 7.5)
(70 98 7.5)
(74 98 7.5)
(78 98 7.5)
(82 98 7.5)
(86 98 7.5)
(90 98 7.5)
(94 98 7.5)
(98 98 7.5)
(70 -2 12.5)
(74 -2 12.5)
(78 -2 12.5)
(82 -2 12.5)
(86 -2 12.5)
(90 -2 12.5)
(94 -2 12.5)
(98 -2 12.5)
(34 2 12.5)
(38 2 12.5)
(42 2 12.5)
(46 2 12.5)
(50 2 12.5)
(54 2 12.5)
(58 2 12.5)
(62 2 12.5)
(66 2 12.5)
(70 2 12.5)
(74 2 12.5)
(78 2 12.5)
(82 2 12.5)
(86 2 12.5)
(90 2 12.5)
(94 2 12.5)
(98 2 12.5)
(34 6 12.5)
(38 6 12.5)
(42 6 12.5)
(46 6 12.5)
(50 6 12.5)
(54 6 12.5)
(58 6 12.5)
(62 6 12.5)
(66 6 12.5)
(70 6 12.5)
(74 6 12.5)
(78 6 12.5)
(82 6 12.5)
(86 6 12.5)
(90 6 12.5)
(94 6 12.5)
(98 6 12.5)
(34 10 12.5)
(38 10 12.5)
(42 10 12.5)
(46 10 12.5)
(50 10 12.5)
(54 10 12.5)
(58 10 12.5)
(62 10 12.5)
(66 10 12.5)
(70 10 12.5)
(74 10 12.5)
(78 10 12.5)
(82 10 12.5)
(86 10 12.5)
(90 10 12.5)
(94 10 12.5)
(98 10 12.5)
(34 14 12.5)
(38 14 12.5)
(42 14 12.5)
(46 14 12.5)
(50 14 12.5)
(54 14 12.5)
(58 14 12.5)
(62 14 12.5)
(66 14 12.5)
(70 14 12.5)
(74 14 12.5)
(78 14 12.5)
(82 14 12.5)
(86 14 12.5)
(90 14 12.5)
(94 14 12.5)
(98 14 12.5)
(34 18 12.5)
(38 18 12.5)
(42 18 12.5)
(46 18 12.5)
(50 18 12.5)
(54 18 12.5)
(58 18 12.5)
(62 18 12.5)
(66 18 12.5)
(70 18 12.5)
(74 18 12.5)
(78 18 12.5)
(82 18 12.5)
(86 18 12.5)
(90 18 12.5)
(94 18 12.5)
(98 18 12.5)
(34 22 12.5)
(38 22 12.5)
(42 22 12.5)
(46 22 12.5)
(50 22 12.5)
(54 22 12.5)
(58 22 12.5)
(62 22 12.5)
(66 22 12.5)
(70 22 12.5)
(74 22 12.5)
(78 22 12.5)
(82 22 12.5)
(86 22 12.5)
(90 22 12.5)
(94 22 12.5)
(98 22 12.5)
(34 26 12.5)
(38 26 12.5)
(42 26 12.5)
(46 26 12.5)
(50 26 12.5)
(54 26 12.5)
(58 26 12.5)
(62 26 12.5)
(66 26 12.5)
(70 26 12.5)
(74 26 12.5)
(78 26 12.5)
(82 26 12.5)
(86 26 12.5)
(90 26 12.5)
(94 26 12.5)
(98 26 12.5)
(34 30 12.5)
(38 30 12.5)
(42 30 12.5)
(46 30 12.5)
(50 30 12.5)
(54 30 12.5)
(58 30 12.5)
(62 30 12.5)
(66 30 12.5)
(70 30 12.5)
(74 30 12.5)
(78 30 12.5)
(82 30 12.5)
(86 30 12.5)
(90 30 12.5)
(94 30 12.5)
(98 30 12.5)
(34 34 12.5)
(38 34 12.5)
(42 34 12.5)
(46 34 12.5)
(50 34 12.5)
(54 34 12.5)
(58 34 12.5)
(62 34 12.5)
(66 34 12.5)
(70 34 12.5)
(74 34 12.5)
(78 34 12.5)
(82 34 12.5)
(86 34 12.5)
(90 34 12.5)
(94 34 12.5)
(98 34 12.5)
(38 38 12.5)
(42 38 12.5)
(46 38 12.5)
(50 38 12.5)
(54 38 12.5)
(58 38 12.5)
(62 38 12.5)
(66 38 12.5)
(70 38 12.5)
(74 38 12.5)
(78 38 12.5)
(82 38 12.5)
(86 38 12.5)
(90 38 12.5)
(94 38 12.5)
(98 38 12.5)
(38 42 12.5)
(42 42 12.5)
(46 42 12.5)
(50 42 12.5)
(54 42 12.5)
(58 42 12.5)
(62 42 12.5)
(66 42 12.5)
(70 42 12.5)
(74 42 12.5)
(78 42 12.5)
(82 42 12.5)
(86 42 12.5)
(90 42 12.5)
(94 42 12.5)
(98 42 12.5)
(38 46 12.5)
(42 46 12.5)
(46 46 12.5)
(50 46 12.5)
(54 46 12.5)
(58 46 12.5)
(62 46 12.5)
(66 46 12.5)
(70 46 12.5)
(74 46 12.5)
(78 46 12.5)
(82 46 12.5)
(86 46 12.5)
(90 46 12.5)
(94 46 12.5)
(98 46 12.5)
(38 50 12.5)
(42 50 12.5)
(46 50 12.5)
(50 50 12.5)
(54 50 12.5)
(58 50 12.5)
(62 50 12.5)
(66 50 12.5)
(70 50 12.5)
(74 50 12.5)
(78 50 12.5)
(82 50 12.5)
(86 50 12.5)
(90 50 12.5)
(94 50 12.5)
(98 50 12.5)
(38 54 12.5)
(42 54 12.5)
(46 54 12.5)
(50 54 12.5)
(54 54 12.5)
(58 54 12.5)
(62 54 12.5)
(66 54 12.5)
(70 54 12.5)
(74 54 12.5)
(78 54 12.5)
(82 54 12.5)
(86 54 12.5)
(90 54 12.5)
(94 54 12.5)
(98 54 12.5)
(38 58 12.5)
(42 58 12.5)
(46 58 12.5)
(50 58 12.5)
(54 58 12.5)
(58 58 12.5)
(62 58 12.5)
(66 58 12.5)
(70 58 12.5)
(74 58 12.5)
(78 58 12.5)
(82 58 12.5)
(86 58 12.5)
(90 58 12.5)
(94 58 12.5)
(98 58 12.5)
(38 62 12.5)
(42 62 12.5)
(46 62 12.5)
(50 62 12.5)
(54 62 12.5)
(58 62 12.5)
(62 62 12.5)
(66 62 12.5)
(70 62 12.5)
(74 62 12.5)
(78 62 12.5)
(82 62 12.5)
(86 62 12.5)
(90 62 12.5)
(94 62 12.5)
(98 62 12.5)
(38 66 12.5)
(42 66 12.5)
(46 66 12.5)
(50 66 12.5)
(54 66 12.5)
(58 66 12.5)
(62 66 12.5)
(66 66 12.5)
(70 66 12.5)
(74 66 12.5)
(78 66 12.5)
(82 66 12.5)
(86 66 12.5)
(90 66 12.5)
(94 66 12.5)
(98 66 12.5)
(38 70 12.5)
(42 70 12.5)
(46 70 12.5)
(50 70 12.5)
(54 70 12.5)
(58 70 12.5)
(62 70 12.5)
(66 70 12.5)
(70 70 12.5)
(74 70 12.5)
(78 70 12.5)
(82 70 12.5)
(86 70 12.5)
(90 70 12.5)
(94 70 12.5)
(98 70 12.5)
(38 74 12.5)
(42 74 12.5)
(46 74 12.5)
(50 74 12.5)
(54 74 12.5)
(58 74 12.5)
(62 74 12.5)
(66 74 12.5)
(70 74 12.5)
(74 74 12.5)
(78 74 12.5)
(82 74 12.5)
(86 74 12.5)
(90 74 12.5)
(94 74 12.5)
(98 74 12.5)
(38 78 12.5)
(42 78 12.5)
(46 78 12.5)
(50 78 12.5)
(54 78 12.5)
(58 78 12.5)
(62 78 12.5)
(66 78 12.5)
(70 78 12.5)
(74 78 12.5)
(78 78 12.5)
(82 78 12.5)
(86 78 12.5)
(90 78 12.5)
(94 78 12.5)
(98 78 12.5)
(38 82 12.5)
(42 82 12.5)
(46 82 12.5)
(50 82 12.5)
(54 82 12.5)
(58 82 12.5)
(62 82 12.5)
(66 82 12.5)
(70 82 12.5)
(74 82 12.5)
(78 82 12.5)
(82 82 12.5)
(86 82 12.5)
(90 82 12.5)
(94 82 12.5)
(98 82 12.5)
(38 86 12.5)
(42 86 12.5)
(46 86 12.5)
(50 86 12.5)
(54 86 12.5)
(58 86 12.5)
(62 86 12.5)
(66 86 12.5)
(70 86 12.5)
(74 86 12.5)
(78 86 12.5)
(82 86 12.5)
(86 86 12.5)
(90 86 12.5)
(94 86 12.5)
(98 86 12.5)
(38 90 12.5)
(42 90 12.5)
(46 90 12.5)
(50 90 12.5)
(54 90 12.5)
(58 90 12.5)
(62 90 12.5)
(66 90 12.5)
(70 90 12.5)
(74 90 12.5)
(78 90 12.5)
(82 90 12.5)
(86 90 12.5)
(90 90 12.5)
(94 90 12.5)
(98 90 12.5)
(38 94 12.5)
(42 94 12.5)
(46 94 12.5)
(50 94 12.5)
(54 94 12.5)
(58 94 12.5)
(62 94 12.5)
(66 94 12.5)
(70 94 12.5)
(74 94 12.5)
(78 94 12.5)
(82 94 12.5)
(86 94 12.5)
(90 94 12.5)
(94 94 12.5)
(98 94 12.5)
(38 98 12.5)
(42 98 12.5)
(46 98 12.5)
(50 98 12.5)
(54 98 12.5)
(58 98 12.5)
(62 98 12.5)
(66 98 12.5)
(70 98 12.5)
(74 98 12.5)
(78 98 12.5)
(82 98 12.5)
(86 98 12.5)
(90 98 12.5)
(94 98 12.5)
(98 98 12.5)
(78 -2 17.5)
(82 -2 17.5)
(86 -2 17.5)
(90 -2 17.5)
(94 -2 17.5)
(98 -2 17.5)
(34 2 17.5)
(38 2 17.5)
(42 2 17.5)
(46 2 17.5)
(50 2 17.5)
(54 2 17.5)
(58 2 17.5)
(62 2 17.5)
(66 2 17.5)
(70 2 17.5)
(74 2 17.5)
(78 2 17.5)
(82 2 17.5)
(86 2 17.5)
(90 2 17.5)
(94 2 17.5)
(98 2 17.5)
(34 6 17.5)
(38 6 17.5)
(42 6 17.5)
(46 6 17.5)
(50 6 17.5)
(54 6 17.5)
(58 6 17.5)
(62 6 17.5)
(66 6 17.5)
(70 6 17.5)
(74 6 17.5)
(78 6 17.5)
(82 6 17.5)
(86 6 17.5)
(90 6 17.5)
(94 6 17.5)
(98 6 17.5)
(34 10 17.5)
(38 10 17.5)
(42 10 17.5)
(46 10 17.5)
(50 10 17.5)
(54 10 17.5)
(58 10 17.5)
(62 10 17.5)
(66 10 17.5)
(70 10 17.5)
(74 10 17.5)
(78 10 17.5)
(82 10 17.5)
(86 10 17.5)
(90 10 17.5)
(94 10 17.5)
(98 10 17.5)
(34 14 17.5)
(38 14 17.5)
(42 14 17.5)
(46 14 17.5)
(50 14 17.5)
(54 14 17.5)
(58 14 17.5)
(62 14 17.5)
(66 14 17.5)
(70 14 17.5)
(74 14 17.5)
(78 14 17.5)
(82 14 17.5)
(86 14 17.5)
(90 14 17.5)
(94 14 17.5)
(98 14 17.5)
(34 18 17.5)
(38 18 17.5)
(42 18 17.5)
(46 18 17.5)
(50 18 17.5)
(54 18 17.5)
(58 18 17.5)
(62 18 17.5)
(66 18 17.5)
(70 18 17.5)
(74 18 17.5)
(78 18 17.5)
(82 18 17.5)
(86 18 17.5)
(90 18 17.5)
(94 18 17.5)
(98 18 17.5)
(34 22 17.5)
(38 22 17.5)
(42 22 17.5)
(46 22 17.5)
(50 22 17.5)
(54 22 17.5)
(58 22 17.5)
(62 22 17.5)
(66 22 17.5)
(70 22 17.5)
(74 22 17.5)
(78 22 17.5)
(82 22 17.5)
(86 22 17.5)
(90 22 17.5)
(94 22 17.5)
(98 22 17.5)
(34 26 17.5)
(38 26 17.5)
(42 26 17.5)
(46 26 17.5)
(50 26 17.5)
(54 26 17.5)
(58 26 17.5)
(62 26 17.5)
(66 26 17.5)
(70 26 17.5)
(74 26 17.5)
(78 26 17.5)
(82 26 17.5)
(86 26 17.5)
(90 26 17.5)
(94 26 17.5)
(98 26 17.5)
(34 30 17.5)
(38 30 17.5)
(42 30 17.5)
(46 30 17.5)
(50 30 17.5)
(54 30 17.5)
(58 30 17.5)
(62 30 17.5)
(66 30 17.5)
(70 30 17.5)
(74 30 17.5)
(78 30 17.5)
(82 30 17.5)
(86 30 17.5)
(90 30 17.5)
(94 30 17.5)
(98 30 17.5)
(34 34 17.5)
(38 34 17.5)
(42 34 17.5)
(46 34 17.5)
(50 34 17.5)
(54 34 17.5)
(58 34 17.5)
(62 34 17.5)
(66 34 17.5)
(70 34 17.5)
(74 34 17.5)
(78 34 17.5)
(82 34 17.5)
(86 34 17.5)
(90 34 17.5)
(94 34 17.5)
(98 34 17.5)
(34 38 17.5)
(38 38 17.5)
(42 38 17.5)
(46 38 17.5)
(50 38 17.5)
(54 38 17.5)
(58 38 17.5)
(62 38 17.5)
(66 38 17.5)
(70 38 17.5)
(74 38 17.5)
(78 38 17.5)
(82 38 17.5)
(86 38 17.5)
(90 38 17.5)
(94 38 17.5)
(98 38 17.5)
(38 42 17.5)
(42 42 17.5)
(46 42 17.5)
(50 42 17.5)
(54 42 17.5)
(58 42 17.5)
(62 42 17.5)
(66 42 17.5)
(70 42 17.5)
(74 42 17.5)
(78 42 17.5)
(82 42 17.5)
(86 42 17.5)
(90 42 17.5)
(94 42 17.5)
(98 42 17.5)
(38 46 17.5)
(42 46 17.5)
(46 46 17.5)
(50 46 17.5)
(54 46 17.5)
(58 46 17.5)
(62 46 17.5)
(66 46 17.5)
(70 46 17.5)
(74 46 17.5)
(78 46 17.5)
(82 46 17.5)
(86 46 17.5)
(90 46 17.5)
(94 46 17.5)
(98 46 17.5)
(38 50 17.5)
(42 50 17.5)
(46 50 17.5)
(50 50 17.5)
(54 50 17.5)
(58 50 17.5)
(62 50 17.5)
(66 50 17.5)
(70 50 17.5)
(74 50 17.5)
(78 50 17.5)
(82 50 17.5)
(86 50 17.5)
(90 50 17.5)
(94 50 17.5)
(98 50 17.5)
(38 54 17.5)
(42 54 17.5)
(46 54 17.5)
(50 54 17.5)
(54 54 17.5)
(58 54 17.5)
(62 54 17.5)
(66 54 17.5)
(70 54 17.5)
(74 54 17.5)
(78 54 17.5)
(82 54 17.5)
(86 54 17.5)
(90 54 17.5)
(94 54 17.5)
(98 54 17.5)
(38 58 17.5)
(42 58 17.5)
(46 58 17.5)
(50 58 17.5)
(54 58 17.5)
(58 58 17.5)
(62 58 17.5)
(66 58 17.5)
(70 58 17.5)
(74 58 17.5)
(78 58 17.5)
(82 58 17.5)
(86 58 17.5)
(90 58 17.5)
(94 58 17.5)
(98 58 17.5)
(38 62 17.5)
(42 62 17.5)
(46 62 17.5)
(50 62 17.5)
(54 62 17.5)
(58 62 17.5)
(62 62 17.5)
(66 62 17.5)
(70 62 17.5)
(74 62 17.5)
(78 62 17.5)
(82 62 17.5)
(86 62 17.5)
(90 62 17.5)
(94 62 17.5)
(98 62 17.5)
(38 66 17.5)
(42 66 17.5)
(46 66 17.5)
(50 66 17.5)
(54 66 17.5)
(58 66 17.5)
(62 66 17.5)
(66 66 17.5)
(70 66 17.5)
(74 66 17.5)
(78 66 17.5)
(82 66 17.5)
(86 66 17.5)
(90 66 17.5)
(94 66 17.5)
(98 66 17.5)
(38 70 17.5)
(42 70 17.5)
(46 70 17.5)
(50 70 17.5)
(54 70 17.5)
(58 70 17.5)
(62 70 17.5)
(66 70 17.5)
(70 70 17.5)
(74 70 17.5)
(78 70 17.5)
(82 70 17.5)
(86 70 17.5)
(90 70 17.5)
(94 70 17.5)
(98 70 17.5)
(38 74 17.5)
(42 74 17.5)
(46 74 17.5)
(50 74 17.5)
(54 74 17.5)
(58 74 17.5)
(62 74 17.5)
(66 74 17.5)
(70 74 17.5)
(74 74 17.5)
(78 74 17.5)
(82 74 17.5)
(86 74 17.5)
(90 74 17.5)
(94 74 17.5)
(98 74 17.5)
(38 78 17.5)
(42 78 17.5)
(46 78 17.5)
(50 78 17.5)
(54 78 17.5)
(58 78 17.5)
(62 78 17.5)
(66 78 17.5)
(70 78 17.5)
(74 78 17.5)
(78 78 17.5)
(82 78 17.5)
(86 78 17.5)
(90 78 17.5)
(94 78 17.5)
(98 78 17.5)
(38 82 17.5)
(42 82 17.5)
(46 82 17.5)
(50 82 17.5)
(54 82 17.5)
(58 82 17.5)
(62 82 17.5)
(66 82 17.5)
(70 82 17.5)
(74 82 17.5)
(78 82 17.5)
(82 82 17.5)
(86 82 17.5)
(90 82 17.5)
(94 82 17.5)
(98 82 17.5)
(38 86 17.5)
(42 86 17.5)
(46 86 17.5)
(50 86 17.5)
(54 86 17.5)
(58 86 17.5)
(62 86 17.5)
(66 86 17.5)
(70 86 17.5)
(74 86 17.5)
(78 86 17.5)
(82 86 17.5)
(86 86 17.5)
(90 86 17.5)
(94 86 17.5)
(98 86 17.5)
(38 90 17.5)
(42 90 17.5)
(46 90 17.5)
(50 90 17.5)
(54 90 17.5)
(58 90 17.5)
(62 90 17.5)
(66 90 17.5)
(70 90 17.5)
(74 90 17.5)
(78 90 17.5)
(82 90 17.5)
(86 90 17.5)
(90 90 17.5)
(94 90 17.5)
(98 90 17.5)
(38 94 17.5)
(42 94 17.5)
(46 94 17.5)
(50 94 17.5)
(54 94 17.5)
(58 94 17.5)
(62 94 17.5)
(66 94 17.5)
(70 94 17.5)
(74 94 17.5)
(78 94 17.5)
(82 94 17.5)
(86 94 17.5)
(90 94 17.5)
(94 94 17.5)
(98 94 17.5)
(38 98 17.5)
(42 98 17.5)
(46 98 17.5)
(50 98 17.5)
(54 98 17.5)
(58 98 17.5)
(62 98 17.5)
(66 98 17.5)
(70 98 17.5)
(74 98 17.5)
(78 98 17.5)
(82 98 17.5)
(86 98 17.5)
(90 98 17.5)
(94 98 17.5)
(98 98 17.5)
(90 -2 22.5)
(94 -2 22.5)
(98 -2 22.5)
(34 2 22.5)
(38 2 22.5)
(42 2 22.5)
(46 2 22.5)
(50 2 22.5)
(54 2 22.5)
(58 2 22.5)
(62 2 22.5)
(66 2 22.5)
(70 2 22.5)
(74 2 22.5)
(78 2 22.5)
(82 2 22.5)
(86 2 22.5)
(90 2 22.5)
(94 2 22.5)
(98 2 22.5)
(34 6 22.5)
(38 6 22.5)
(42 6 22.5)
(46 6 22.5)
(50 6 22.5)
(54 6 22.5)
(58 6 22.5)
(62 6 22.5)
(66 6 22.5)
(70 6 22.5)
(74 6 22.5)
(78 6 22.5)
(82 6 22.5)
(86 6 22.5)
(90 6 22.5)
(94 6 22.5)
(98 6 22.5)
(34 10 22.5)
(38 10 22.5)
(42 10 22.5)
(46 10 22.5)
(50 10 22.5)
(54 10 22.5)
(58 10 22.5)
(62 10 22.5)
(66 10 22.5)
(70 10 22.5)
(74 10 22.5)
(78 10 22.5)
(82 10 22.5)
(86 10 22.5)
(90 10 22.5)
(94 10 22.5)
(98 10 22.5)
(34 14 22.5)
(38 14 22.5)
(42 14 22.5)
(46 14 22.5)
(50 14 22.5)
(54 14 22.5)
(58 14 22.5)
(62 14 22.5)
(66 14 22.5)
(70 14 22.5)
(74 14 22.5)
(78 14 22.5)
(82 14 22.5)
(86 14 22.5)
(90 14 22.5)
(94 14 22.5)
(98 14 22.5)
(34 18 22.5)
(38 18 22.5)
(42 18 22.5)
(46 18 22.5)
(50 18 22.5)
(54 18 22.5)
(58 18 22.5)
(62 18 22.5)
(66 18 22.5)
(70 18 22.5)
(74 18 22.5)
(78 18 22.5)
(82 18 22.5)
(86 18 22.5)
(90 18 22.5)
(94 18 22.5)
(98 18 22.5)
(34 22 22.5)
(38 22 22.5)
(42 22 22.5)
(46 22 22.5)
(50 22 22.5)
(54 22 22.5)
(58 22 22.5)
(62 22 22.5)
(66 22 22.5)
(70 22 22.5)
(74 22 22.5)
(78 22 22.5)
(82 22 22.5)
(86 22 22.5)
(90 22 22.5)
(94 22 22.5)
(98 22 22.5)
(34 26 22.5)
(38 26 22.5)
(42 26 22.5)
(46 26 22.5)
(50 26 22.5)
(54 26 22.5)
(58 26 22.5)
(62 26 22.5)
(66 26 22.5)
(70 26 22.5)
(74 26 22.5)
(78 26 22.5)
(82 26 22.5)
(86 26 22.5)
(90 26 22.5)
(94 26 22.5)
(98 26 22.5)
(34 30 22.5)
(38 30 22.5)
(42 30 22.5)
(46 30 22.5)
(50 30 22.5)
(54 30 22.5)
(58 30 22.5)
(62 30 22.5)
(66 30 22.5)
(70 30 22.5)
(74 30 22.5)
(78 30 22.5)
(82 30 22.5)
(86 30 22.5)
(90 30 22.5)
(94 30 22.5)
(98 30 22.5)
(34 34 22.5)
(38 34 22.5)
(42 34 22.5)
(46 34 22.5)
(50 34 22.5)
(54 34 22.5)
(58 34 22.5)
(62 34 22.5)
(66 34 22.5)
(70 34 22.5)
(74 34 22.5)
(78 34 22.5)
(82 34 22.5)
(86 34 22.5)
(90 34 22.5)
(94 34 22.5)
(98 34 22.5)
(34 38 22.5)
(38 38 22.5)
(42 38 22.5)
(46 38 22.5)
(50 38 22.5)
(54 38 22.5)
(58 38 22.5)
(62 38 22.5)
(66 38 22.5)
(70 38 22.5)
(74 38 22.5)
(78 38 22.5)
(82 38 22.5)
(86 38 22.5)
(90 38 22.5)
(94 38 22.5)
(98 38 22.5)
(34 42 22.5)
(38 42 22.5)
(42 42 22.5)
(46 42 22.5)
(50 42 22.5)
(54 42 22.5)
(58 42 22.5)
(62 42 22.5)
(66 42 22.5)
(70 42 22.5)
(74 42 22.5)
(78 42 22.5)
(82 42 22.5)
(86 42 22.5)
(90 42 22.5)
(94 42 22.5)
(98 42 22.5)
(38 46 22.5)
(42 46 22.5)
(46 46 22.5)
(50 46 22.5)
(54 46 22.5)
(58 46 22.5)
(62 46 22.5)
(66 46 22.5)
(70 46 22.5)
(74 46 22.5)
(78 46 22.5)
(82 46 22.5)
(86 46 22.5)
(90 46 22.5)
(94 46 22.5)
(98 46 22.5)
(38 50 22.5)
(42 50 22.5)
(46 50 22.5)
(50 50 22.5)
(54 50 22.5)
(58 50 22.5)
(62 50 22.5)
(66 50 22.5)
(70 50 22.5)
(74 50 22.5)
(78 50 22.5)
(82 50 22.5)
(86 50 22.5)
(90 50 22.5)
(94 50 22.5)
(98 50 22.5)
(38 54 22.5)
(42 54 22.5)
(46 54 22.5)
(50 54 22.5)
(54 54 22.5)
(58 54 22.5)
(62 54 22.5)
(66 54 22.5)
(70 54 22.5)
(74 54 22.5)
(78 54 22.5)
(82 54 22.5)
(86 54 22.5)
(90 54 22.5)
(94 54 22.5)
(98 54 22.5)
(38 58 22.5)
(42 58 22.5)
(46 58 22.5)
(50 58 22.5)
(54 58 22.5)
(58 58 22.5)
(62 58 22.5)
(66 58 22.5)
(70 58 22.5)
(74 58 22.5)
(78 58 22.5)
(82 58 22.5)
(86 58 22.5)
(90 58 22.5)
(94 58 22.5)
(98 58 22.5)
(38 62 22.5)
(42 62 22.5)
(46 62 22.5)
(50 62 22.5)
(54 62 22.5)
(58 62 22.5)
(62 62 22.5)
(66 62 22.5)
(70 62 22.5)
(74 62 22.5)
(78 62 22.5)
(82 62 22.5)
(86 62 22.5)
(90 62 22.5)
(94 62 22.5)
(98 62 22.5)
(38 66 22.5)
(42 66 22.5)
(46 66 22.5)
(50 66 22.5)
(54 66 22.5)
(58 66 22.5)
(62 66 22.5)
(66 66 22.5)
(70 66 22.5)
(74 66 22.5)
(78 66 22.5)
(82 66 22.5)
(86 66 22.5)
(90 66 22.5)
(94 66 22.5)
(98 66 22.5)
(38 70 22.5)
(42 70 22.5)
(46 70 22.5)
(50 70 22.5)
(54 70 22.5)
(58 70 22.5)
(62 70 22.5)
(66 70 22.5)
(70 70 22.5)
(74 70 22.5)
(78 70 22.5)
(82 70 22.5)
(86 70 22.5)
(90 70 22.5)
(94 70 22.5)
(98 70 22.5)
(38 74 22.5)
(42 74 22.5)
(46 74 22.5)
(50 74 22.5)
(54 74 22.5)
(58 74 22.5)
(62 74 22.5)
(66 74 22.5)
(70 74 22.5)
(74 74 22.5)
(78 74 22.5)
(82 74 22.5)
(86 74 22.5)
(90 74 22.5)
(94 74 22.5)
(98 74 22.5)
(38 78 22.5)
(42 78 22.5)
(46 78 22.5)
(50 78 22.5)
(54 78 22.5)
(58 78 22.5)
(62 78 22.5)
(66 78 22.5)
(70 78 22.5)
(74 78 22.5)
(78 78 22.5)
(82 78 22.5)
(86 78 22.5)
(90 78 22.5)
(94 78 22.5)
(98 78 22.5)
(38 82 22.5)
(42 82 22.5)
(46 82 22.5)
(50 82 22.5)
(54 82 22.5)
(58 82 22.5)
(62 82 22.5)
(66 82 22.5)
(70 82 22.5)
(74 82 22.5)
(78 82 22.5)
(82 82 22.5)
(86 82 22.5)
(90 82 22.5)
(94 82 22.5)
(98 82 22.5)
(38 86 22.5)
(42 86 22.5)
(46 86 22.5)
(50 86 22.5)
(54 86 22.5)
(58 86 22.5)
(62 86 22.5)
(66 86 22.5)
(70 86 22.5)
(74 86 22.5)
(78 86 22.5)
(82 86 22.5)
(86 86 22.5)
(90 86 22.5)
(94 86 22.5)
(98 86 22.5)
(38 90 22.5)
(42 90 22.5)
(46 90 22.5)
(50 90 22.5)
(54 90 22.5)
(58 90 22.5)
(62 90 22.5)
(66 90 22.5)
(70 90 22.5)
(74 90 22.5)
(78 90 22.5)
(82 90 22.5)
(86 90 22.5)
(90 90 22.5)
(94 90 22.5)
(98 90 22.5)
(38 94 22.5)
(42 94 22.5)
(46 94 22.5)
(50 94 22.5)
(54 94 22.5)
(58 94 22.5)
(62 94 22.5)
(66 94 22.5)
(70 94 22.5)
(74 94 22.5)
(78 94 22.5)
(82 94 22.5)
(86 94 22.5)
(90 94 22.5)
(94 94 22.5)
(98 94 22.5)
(38 98 22.5)
(42 98 22.5)
(46 98 22.5)
(50 98 22.5)
(54 98 22.5)
(58 98 22.5)
(62 98 22.5)
(66 98 22.5)
(70 98 22.5)
(74 98 22.5)
(78 98 22.5)
(82 98 22.5)
(86 98 22.5)
(90 98 22.5)
(94 98 22.5)
(98 98 22.5)
)
;

boundaryField
{
    frontAndBack
    {
        type            calculated;
        value           nonuniform List<vector> 
500
(
(-98 -100 2.5)
(-98 -100 7.5)
(-98 -100 12.5)
(-98 -100 17.5)
(-98 -100 22.5)
(-94 -100 2.5)
(-94 -100 7.5)
(-94 -100 12.5)
(-94 -100 17.5)
(-94 -100 22.5)
(-90 -100 2.5)
(-90 -100 7.5)
(-90 -100 12.5)
(-90 -100 17.5)
(-90 -100 22.5)
(-86 -100 2.5)
(-86 -100 7.5)
(-86 -100 12.5)
(-86 -100 17.5)
(-86 -100 22.5)
(-82 -100 2.5)
(-82 -100 7.5)
(-82 -100 12.5)
(-82 -100 17.5)
(-82 -100 22.5)
(-78 -100 2.5)
(-78 -100 7.5)
(-78 -100 12.5)
(-78 -100 17.5)
(-78 -100 22.5)
(-74 -100 2.5)
(-74 -100 7.5)
(-74 -100 12.5)
(-74 -100 17.5)
(-74 -100 22.5)
(-70 -100 2.5)
(-70 -100 7.5)
(-70 -100 12.5)
(-70 -100 17.5)
(-70 -100 22.5)
(-66 -100 2.5)
(-66 -100 7.5)
(-66 -100 12.5)
(-66 -100 17.5)
(-66 -100 22.5)
(-62 -100 2.5)
(-62 -100 7.5)
(-62 -100 12.5)
(-62 -100 17.5)
(-62 -100 22.5)
(-58 -100 2.5)
(-58 -100 7.5)
(-58 -100 12.5)
(-58 -100 17.5)
(-58 -100 22.5)
(-54 -100 2.5)
(-54 -100 7.5)
(-54 -100 12.5)
(-54 -100 17.5)
(-54 -100 22.5)
(-50 -100 2.5)
(-50 -100 7.5)
(-50 -100 12.5)
(-50 -100 17.5)
(-50 -100 22.5)
(-46 -100 2.5)
(-46 -100 7.5)
(-46 -100 12.5)
(-46 -100 17.5)
(-46 -100 22.5)
(-42 -100 2.5)
(-42 -100 7.5)
(-42 -100 12.5)
(-42 -100 17.5)
(-42 -100 22.5)
(-38 -100 2.5)
(-38 -100 7.5)
(-38 -100 12.5)
(-38 -100 17.5)
(-38 -100 22.5)
(-34 -100 2.5)
(-34 -100 7.5)
(-34 -100 12.5)
(-34 -100 17.5)
(-34 -100 22.5)
(-30 -100 2.5)
(-30 -100 7.5)
(-30 -100 12.5)
(-30 -100 17.5)
(-30 -100 22.5)
(-26 -100 2.5)
(-26 -100 7.5)
(-26 -100 12.5)
(-26 -100 17.5)
(-26 -100 22.5)
(-22 -100 2.5)
(-22 -100 7.5)
(-22 -100 12.5)
(-22 -100 17.5)
(-22 -100 22.5)
(-18 -100 2.5)
(-18 -100 7.5)
(-18 -100 12.5)
(-18 -100 17.5)
(-18 -100 22.5)
(-14 -100 2.5)
(-14 -100 7.5)
(-14 -100 12.5)
(-14 -100 17.5)
(-14 -100 22.5)
(-10 -100 2.5)
(-10 -100 7.5)
(-10 -100 12.5)
(-10 -100 17.5)
(-10 -100 22.5)
(-6 -100 2.5)
(-6 -100 7.5)
(-6 -100 12.5)
(-6 -100 17.5)
(-6 -100 22.5)
(-2 -100 2.5)
(-2 -100 7.5)
(-2 -100 12.5)
(-2 -100 17.5)
(-2 -100 22.5)
(2 -100 2.5)
(2 -100 7.5)
(2 -100 12.5)
(2 -100 17.5)
(2 -100 22.5)
(6 -100 2.5)
(6 -100 7.5)
(6 -100 12.5)
(6 -100 17.5)
(6 -100 22.5)
(10 -100 2.5)
(10 -100 7.5)
(10 -100 12.5)
(10 -100 17.5)
(10 -100 22.5)
(14 -100 2.5)
(14 -100 7.5)
(14 -100 12.5)
(14 -100 17.5)
(14 -100 22.5)
(18 -100 2.5)
(18 -100 7.5)
(18 -100 12.5)
(18 -100 17.5)
(18 -100 22.5)
(22 -100 2.5)
(22 -100 7.5)
(22 -100 12.5)
(22 -100 17.5)
(22 -100 22.5)
(26 -100 2.5)
(26 -100 7.5)
(26 -100 12.5)
(26 -100 17.5)
(26 -100 22.5)
(30 -100 2.5)
(30 -100 7.5)
(30 -100 12.5)
(30 -100 17.5)
(30 -100 22.5)
(34 -100 2.5)
(34 -100 7.5)
(34 -100 12.5)
(34 -100 17.5)
(34 -100 22.5)
(38 -100 2.5)
(38 -100 7.5)
(38 -100 12.5)
(38 -100 17.5)
(38 -100 22.5)
(42 -100 2.5)
(42 -100 7.5)
(42 -100 12.5)
(42 -100 17.5)
(42 -100 22.5)
(46 -100 2.5)
(46 -100 7.5)
(46 -100 12.5)
(46 -100 17.5)
(46 -100 22.5)
(50 -100 2.5)
(50 -100 7.5)
(50 -100 12.5)
(50 -100 17.5)
(50 -100 22.5)
(54 -100 2.5)
(54 -100 7.5)
(54 -100 12.5)
(54 -100 17.5)
(54 -100 22.5)
(58 -100 2.5)
(58 -100 7.5)
(58 -100 12.5)
(58 -100 17.5)
(58 -100 22.5)
(62 -100 2.5)
(62 -100 7.5)
(62 -100 12.5)
(62 -100 17.5)
(62 -100 22.5)
(66 -100 2.5)
(66 -100 7.5)
(66 -100 12.5)
(66 -100 17.5)
(66 -100 22.5)
(70 -100 2.5)
(70 -100 7.5)
(70 -100 12.5)
(70 -100 17.5)
(70 -100 22.5)
(74 -100 2.5)
(74 -100 7.5)
(74 -100 12.5)
(74 -100 17.5)
(74 -100 22.5)
(78 -100 2.5)
(78 -100 7.5)
(78 -100 12.5)
(78 -100 17.5)
(78 -100 22.5)
(82 -100 2.5)
(82 -100 7.5)
(82 -100 12.5)
(82 -100 17.5)
(82 -100 22.5)
(86 -100 2.5)
(86 -100 7.5)
(86 -100 12.5)
(86 -100 17.5)
(86 -100 22.5)
(90 -100 2.5)
(90 -100 7.5)
(90 -100 12.5)
(90 -100 17.5)
(90 -100 22.5)
(94 -100 2.5)
(94 -100 7.5)
(94 -100 12.5)
(94 -100 17.5)
(94 -100 22.5)
(98 -100 2.5)
(98 -100 7.5)
(98 -100 12.5)
(98 -100 17.5)
(98 -100 22.5)
(-98 100 2.5)
(-98 100 7.5)
(-98 100 12.5)
(-98 100 17.5)
(-98 100 22.5)
(-94 100 2.5)
(-94 100 7.5)
(-94 100 12.5)
(-94 100 17.5)
(-94 100 22.5)
(-90 100 2.5)
(-90 100 7.5)
(-90 100 12.5)
(-90 100 17.5)
(-90 100 22.5)
(-86 100 2.5)
(-86 100 7.5)
(-86 100 12.5)
(-86 100 17.5)
(-86 100 22.5)
(-82 100 2.5)
(-82 100 7.5)
(-82 100 12.5)
(-82 100 17.5)
(-82 100 22.5)
(-78 100 2.5)
(-78 100 7.5)
(-78 100 12.5)
(-78 100 17.5)
(-78 100 22.5)
(-74 100 2.5)
(-74 100 7.5)
(-74 100 12.5)
(-74 100 17.5)
(-74 100 22.5)
(-70 100 2.5)
(-70 100 7.5)
(-70 100 12.5)
(-70 100 17.5)
(-70 100 22.5)
(-66 100 2.5)
(-66 100 7.5)
(-66 100 12.5)
(-66 100 17.5)
(-66 100 22.5)
(-62 100 2.5)
(-62 100 7.5)
(-62 100 12.5)
(-62 100 17.5)
(-62 100 22.5)
(-58 100 2.5)
(-58 100 7.5)
(-58 100 12.5)
(-58 100 17.5)
(-58 100 22.5)
(-54 100 2.5)
(-54 100 7.5)
(-54 100 12.5)
(-54 100 17.5)
(-54 100 22.5)
(-50 100 2.5)
(-50 100 7.5)
(-50 100 12.5)
(-50 100 17.5)
(-50 100 22.5)
(-46 100 2.5)
(-46 100 7.5)
(-46 100 12.5)
(-46 100 17.5)
(-46 100 22.5)
(-42 100 2.5)
(-42 100 7.5)
(-42 100 12.5)
(-42 100 17.5)
(-42 100 22.5)
(-38 100 2.5)
(-38 100 7.5)
(-38 100 12.5)
(-38 100 17.5)
(-38 100 22.5)
(-34 100 2.5)
(-34 100 7.5)
(-34 100 12.5)
(-34 100 17.5)
(-34 100 22.5)
(-30 100 2.5)
(-30 100 7.5)
(-30 100 12.5)
(-30 100 17.5)
(-30 100 22.5)
(-26 100 2.5)
(-26 100 7.5)
(-26 100 12.5)
(-26 100 17.5)
(-26 100 22.5)
(-22 100 2.5)
(-22 100 7.5)
(-22 100 12.5)
(-22 100 17.5)
(-22 100 22.5)
(-18 100 2.5)
(-18 100 7.5)
(-18 100 12.5)
(-18 100 17.5)
(-18 100 22.5)
(-14 100 2.5)
(-14 100 7.5)
(-14 100 12.5)
(-14 100 17.5)
(-14 100 22.5)
(-10 100 2.5)
(-10 100 7.5)
(-10 100 12.5)
(-10 100 17.5)
(-10 100 22.5)
(-6 100 2.5)
(-6 100 7.5)
(-6 100 12.5)
(-6 100 17.5)
(-6 100 22.5)
(-2 100 2.5)
(-2 100 7.5)
(-2 100 12.5)
(-2 100 17.5)
(-2 100 22.5)
(2 100 2.5)
(2 100 7.5)
(2 100 12.5)
(2 100 17.5)
(2 100 22.5)
(6 100 2.5)
(6 100 7.5)
(6 100 12.5)
(6 100 17.5)
(6 100 22.5)
(10 100 2.5)
(10 100 7.5)
(10 100 12.5)
(10 100 17.5)
(10 100 22.5)
(14 100 2.5)
(14 100 7.5)
(14 100 12.5)
(14 100 17.5)
(14 100 22.5)
(18 100 2.5)
(18 100 7.5)
(18 100 12.5)
(18 100 17.5)
(18 100 22.5)
(22 100 2.5)
(22 100 7.5)
(22 100 12.5)
(22 100 17.5)
(22 100 22.5)
(26 100 2.5)
(26 100 7.5)
(26 100 12.5)
(26 100 17.5)
(26 100 22.5)
(30 100 2.5)
(30 100 7.5)
(30 100 12.5)
(30 100 17.5)
(30 100 22.5)
(34 100 2.5)
(34 100 7.5)
(34 100 12.5)
(34 100 17.5)
(34 100 22.5)
(38 100 2.5)
(38 100 7.5)
(38 100 12.5)
(38 100 17.5)
(38 100 22.5)
(42 100 2.5)
(42 100 7.5)
(42 100 12.5)
(42 100 17.5)
(42 100 22.5)
(46 100 2.5)
(46 100 7.5)
(46 100 12.5)
(46 100 17.5)
(46 100 22.5)
(50 100 2.5)
(50 100 7.5)
(50 100 12.5)
(50 100 17.5)
(50 100 22.5)
(54 100 2.5)
(54 100 7.5)
(54 100 12.5)
(54 100 17.5)
(54 100 22.5)
(58 100 2.5)
(58 100 7.5)
(58 100 12.5)
(58 100 17.5)
(58 100 22.5)
(62 100 2.5)
(62 100 7.5)
(62 100 12.5)
(62 100 17.5)
(62 100 22.5)
(66 100 2.5)
(66 100 7.5)
(66 100 12.5)
(66 100 17.5)
(66 100 22.5)
(70 100 2.5)
(70 100 7.5)
(70 100 12.5)
(70 100 17.5)
(70 100 22.5)
(74 100 2.5)
(74 100 7.5)
(74 100 12.5)
(74 100 17.5)
(74 100 22.5)
(78 100 2.5)
(78 100 7.5)
(78 100 12.5)
(78 100 17.5)
(78 100 22.5)
(82 100 2.5)
(82 100 7.5)
(82 100 12.5)
(82 100 17.5)
(82 100 22.5)
(86 100 2.5)
(86 100 7.5)
(86 100 12.5)
(86 100 17.5)
(86 100 22.5)
(90 100 2.5)
(90 100 7.5)
(90 100 12.5)
(90 100 17.5)
(90 100 22.5)
(94 100 2.5)
(94 100 7.5)
(94 100 12.5)
(94 100 17.5)
(94 100 22.5)
(98 100 2.5)
(98 100 7.5)
(98 100 12.5)
(98 100 17.5)
(98 100 22.5)
)
;
    }
    inlet
    {
        type            calculated;
        value           nonuniform List<vector> 
250
(
(100 -98 2.5)
(100 -94 2.5)
(100 -90 2.5)
(100 -86 2.5)
(100 -82 2.5)
(100 -78 2.5)
(100 -74 2.5)
(100 -70 2.5)
(100 -66 2.5)
(100 -62 2.5)
(100 -58 2.5)
(100 -54 2.5)
(100 -50 2.5)
(100 -46 2.5)
(100 -42 2.5)
(100 -38 2.5)
(100 -34 2.5)
(100 -30 2.5)
(100 -26 2.5)
(100 -22 2.5)
(100 -18 2.5)
(100 -14 2.5)
(100 -10 2.5)
(100 -6 2.5)
(100 -98 7.5)
(100 -94 7.5)
(100 -90 7.5)
(100 -86 7.5)
(100 -82 7.5)
(100 -78 7.5)
(100 -74 7.5)
(100 -70 7.5)
(100 -66 7.5)
(100 -62 7.5)
(100 -58 7.5)
(100 -54 7.5)
(100 -50 7.5)
(100 -46 7.5)
(100 -42 7.5)
(100 -38 7.5)
(100 -34 7.5)
(100 -30 7.5)
(100 -26 7.5)
(100 -22 7.5)
(100 -18 7.5)
(100 -14 7.5)
(100 -10 7.5)
(100 -6 7.5)
(100 -98 12.5)
(100 -94 12.5)
(100 -90 12.5)
(100 -86 12.5)
(100 -82 12.5)
(100 -78 12.5)
(100 -74 12.5)
(100 -70 12.5)
(100 -66 12.5)
(100 -62 12.5)
(100 -58 12.5)
(100 -54 12.5)
(100 -50 12.5)
(100 -46 12.5)
(100 -42 12.5)
(100 -38 12.5)
(100 -34 12.5)
(100 -30 12.5)
(100 -26 12.5)
(100 -22 12.5)
(100 -18 12.5)
(100 -14 12.5)
(100 -10 12.5)
(100 -6 12.5)
(100 -98 17.5)
(100 -94 17.5)
(100 -90 17.5)
(100 -86 17.5)
(100 -82 17.5)
(100 -78 17.5)
(100 -74 17.5)
(100 -70 17.5)
(100 -66 17.5)
(100 -62 17.5)
(100 -58 17.5)
(100 -54 17.5)
(100 -50 17.5)
(100 -46 17.5)
(100 -42 17.5)
(100 -38 17.5)
(100 -34 17.5)
(100 -30 17.5)
(100 -26 17.5)
(100 -22 17.5)
(100 -18 17.5)
(100 -14 17.5)
(100 -10 17.5)
(100 -6 17.5)
(100 -98 22.5)
(100 -94 22.5)
(100 -90 22.5)
(100 -86 22.5)
(100 -82 22.5)
(100 -78 22.5)
(100 -74 22.5)
(100 -70 22.5)
(100 -66 22.5)
(100 -62 22.5)
(100 -58 22.5)
(100 -54 22.5)
(100 -50 22.5)
(100 -46 22.5)
(100 -42 22.5)
(100 -38 22.5)
(100 -34 22.5)
(100 -30 22.5)
(100 -26 22.5)
(100 -22 22.5)
(100 -18 22.5)
(100 -14 22.5)
(100 -10 22.5)
(100 -6 22.5)
(100 -2 2.5)
(100 2 2.5)
(100 6 2.5)
(100 10 2.5)
(100 14 2.5)
(100 18 2.5)
(100 22 2.5)
(100 26 2.5)
(100 30 2.5)
(100 34 2.5)
(100 38 2.5)
(100 42 2.5)
(100 46 2.5)
(100 50 2.5)
(100 54 2.5)
(100 58 2.5)
(100 62 2.5)
(100 66 2.5)
(100 70 2.5)
(100 74 2.5)
(100 78 2.5)
(100 82 2.5)
(100 86 2.5)
(100 90 2.5)
(100 94 2.5)
(100 98 2.5)
(100 -2 7.5)
(100 2 7.5)
(100 6 7.5)
(100 10 7.5)
(100 14 7.5)
(100 18 7.5)
(100 22 7.5)
(100 26 7.5)
(100 30 7.5)
(100 34 7.5)
(100 38 7.5)
(100 42 7.5)
(100 46 7.5)
(100 50 7.5)
(100 54 7.5)
(100 58 7.5)
(100 62 7.5)
(100 66 7.5)
(100 70 7.5)
(100 74 7.5)
(100 78 7.5)
(100 82 7.5)
(100 86 7.5)
(100 90 7.5)
(100 94 7.5)
(100 98 7.5)
(100 -2 12.5)
(100 2 12.5)
(100 6 12.5)
(100 10 12.5)
(100 14 12.5)
(100 18 12.5)
(100 22 12.5)
(100 26 12.5)
(100 30 12.5)
(100 34 12.5)
(100 38 12.5)
(100 42 12.5)
(100 46 12.5)
(100 50 12.5)
(100 54 12.5)
(100 58 12.5)
(100 62 12.5)
(100 66 12.5)
(100 70 12.5)
(100 74 12.5)
(100 78 12.5)
(100 82 12.5)
(100 86 12.5)
(100 90 12.5)
(100 94 12.5)
(100 98 12.5)
(100 -2 17.5)
(100 2 17.5)
(100 6 17.5)
(100 10 17.5)
(100 14 17.5)
(100 18 17.5)
(100 22 17.5)
(100 26 17.5)
(100 30 17.5)
(100 34 17.5)
(100 38 17.5)
(100 42 17.5)
(100 46 17.5)
(100 50 17.5)
(100 54 17.5)
(100 58 17.5)
(100 62 17.5)
(100 66 17.5)
(100 70 17.5)
(100 74 17.5)
(100 78 17.5)
(100 82 17.5)
(100 86 17.5)
(100 90 17.5)
(100 94 17.5)
(100 98 17.5)
(100 -2 22.5)
(100 2 22.5)
(100 6 22.5)
(100 10 22.5)
(100 14 22.5)
(100 18 22.5)
(100 22 22.5)
(100 26 22.5)
(100 30 22.5)
(100 34 22.5)
(100 38 22.5)
(100 42 22.5)
(100 46 22.5)
(100 50 22.5)
(100 54 22.5)
(100 58 22.5)
(100 62 22.5)
(100 66 22.5)
(100 70 22.5)
(100 74 22.5)
(100 78 22.5)
(100 82 22.5)
(100 86 22.5)
(100 90 22.5)
(100 94 22.5)
(100 98 22.5)
)
;
    }
    outlet
    {
        type            calculated;
        value           nonuniform List<vector> 
250
(
(-100 -98 2.5)
(-100 -94 2.5)
(-100 -90 2.5)
(-100 -86 2.5)
(-100 -82 2.5)
(-100 -78 2.5)
(-100 -74 2.5)
(-100 -70 2.5)
(-100 -66 2.5)
(-100 -62 2.5)
(-100 -58 2.5)
(-100 -54 2.5)
(-100 -50 2.5)
(-100 -46 2.5)
(-100 -42 2.5)
(-100 -38 2.5)
(-100 -34 2.5)
(-100 -30 2.5)
(-100 -26 2.5)
(-100 -22 2.5)
(-100 -18 2.5)
(-100 -14 2.5)
(-100 -10 2.5)
(-100 -6 2.5)
(-100 -2 2.5)
(-100 2 2.5)
(-100 -98 7.5)
(-100 -94 7.5)
(-100 -90 7.5)
(-100 -86 7.5)
(-100 -82 7.5)
(-100 -78 7.5)
(-100 -74 7.5)
(-100 -70 7.5)
(-100 -66 7.5)
(-100 -62 7.5)
(-100 -58 7.5)
(-100 -54 7.5)
(-100 -50 7.5)
(-100 -46 7.5)
(-100 -42 7.5)
(-100 -38 7.5)
(-100 -34 7.5)
(-100 -30 7.5)
(-100 -26 7.5)
(-100 -22 7.5)
(-100 -18 7.5)
(-100 -14 7.5)
(-100 -10 7.5)
(-100 -6 7.5)
(-100 -2 7.5)
(-100 2 7.5)
(-100 -98 12.5)
(-100 -94 12.5)
(-100 -90 12.5)
(-100 -86 12.5)
(-100 -82 12.5)
(-100 -78 12.5)
(-100 -74 12.5)
(-100 -70 12.5)
(-100 -66 12.5)
(-100 -62 12.5)
(-100 -58 12.5)
(-100 -54 12.5)
(-100 -50 12.5)
(-100 -46 12.5)
(-100 -42 12.5)
(-100 -38 12.5)
(-100 -34 12.5)
(-100 -30 12.5)
(-100 -26 12.5)
(-100 -22 12.5)
(-100 -18 12.5)
(-100 -14 12.5)
(-100 -10 12.5)
(-100 -6 12.5)
(-100 -2 12.5)
(-100 2 12.5)
(-100 -98 17.5)
(-100 -94 17.5)
(-100 -90 17.5)
(-100 -86 17.5)
(-100 -82 17.5)
(-100 -78 17.5)
(-100 -74 17.5)
(-100 -70 17.5)
(-100 -66 17.5)
(-100 -62 17.5)
(-100 -58 17.5)
(-100 -54 17.5)
(-100 -50 17.5)
(-100 -46 17.5)
(-100 -42 17.5)
(-100 -38 17.5)
(-100 -34 17.5)
(-100 -30 17.5)
(-100 -26 17.5)
(-100 -22 17.5)
(-100 -18 17.5)
(-100 -14 17.5)
(-100 -10 17.5)
(-100 -6 17.5)
(-100 -2 17.5)
(-100 2 17.5)
(-100 -98 22.5)
(-100 -94 22.5)
(-100 -90 22.5)
(-100 -86 22.5)
(-100 -82 22.5)
(-100 -78 22.5)
(-100 -74 22.5)
(-100 -70 22.5)
(-100 -66 22.5)
(-100 -62 22.5)
(-100 -58 22.5)
(-100 -54 22.5)
(-100 -50 22.5)
(-100 -46 22.5)
(-100 -42 22.5)
(-100 -38 22.5)
(-100 -34 22.5)
(-100 -30 22.5)
(-100 -26 22.5)
(-100 -22 22.5)
(-100 -18 22.5)
(-100 -14 22.5)
(-100 -10 22.5)
(-100 -6 22.5)
(-100 -2 22.5)
(-100 2 22.5)
(-100 6 2.5)
(-100 10 2.5)
(-100 14 2.5)
(-100 18 2.5)
(-100 22 2.5)
(-100 26 2.5)
(-100 30 2.5)
(-100 34 2.5)
(-100 38 2.5)
(-100 42 2.5)
(-100 46 2.5)
(-100 50 2.5)
(-100 54 2.5)
(-100 58 2.5)
(-100 62 2.5)
(-100 66 2.5)
(-100 70 2.5)
(-100 74 2.5)
(-100 78 2.5)
(-100 82 2.5)
(-100 86 2.5)
(-100 90 2.5)
(-100 94 2.5)
(-100 98 2.5)
(-100 6 7.5)
(-100 10 7.5)
(-100 14 7.5)
(-100 18 7.5)
(-100 22 7.5)
(-100 26 7.5)
(-100 30 7.5)
(-100 34 7.5)
(-100 38 7.5)
(-100 42 7.5)
(-100 46 7.5)
(-100 50 7.5)
(-100 54 7.5)
(-100 58 7.5)
(-100 62 7.5)
(-100 66 7.5)
(-100 70 7.5)
(-100 74 7.5)
(-100 78 7.5)
(-100 82 7.5)
(-100 86 7.5)
(-100 90 7.5)
(-100 94 7.5)
(-100 98 7.5)
(-100 6 12.5)
(-100 10 12.5)
(-100 14 12.5)
(-100 18 12.5)
(-100 22 12.5)
(-100 26 12.5)
(-100 30 12.5)
(-100 34 12.5)
(-100 38 12.5)
(-100 42 12.5)
(-100 46 12.5)
(-100 50 12.5)
(-100 54 12.5)
(-100 58 12.5)
(-100 62 12.5)
(-100 66 12.5)
(-100 70 12.5)
(-100 74 12.5)
(-100 78 12.5)
(-100 82 12.5)
(-100 86 12.5)
(-100 90 12.5)
(-100 94 12.5)
(-100 98 12.5)
(-100 6 17.5)
(-100 10 17.5)
(-100 14 17.5)
(-100 18 17.5)
(-100 22 17.5)
(-100 26 17.5)
(-100 30 17.5)
(-100 34 17.5)
(-100 38 17.5)
(-100 42 17.5)
(-100 46 17.5)
(-100 50 17.5)
(-100 54 17.5)
(-100 58 17.5)
(-100 62 17.5)
(-100 66 17.5)
(-100 70 17.5)
(-100 74 17.5)
(-100 78 17.5)
(-100 82 17.5)
(-100 86 17.5)
(-100 90 17.5)
(-100 94 17.5)
(-100 98 17.5)
(-100 6 22.5)
(-100 10 22.5)
(-100 14 22.5)
(-100 18 22.5)
(-100 22 22.5)
(-100 26 22.5)
(-100 30 22.5)
(-100 34 22.5)
(-100 38 22.5)
(-100 42 22.5)
(-100 46 22.5)
(-100 50 22.5)
(-100 54 22.5)
(-100 58 22.5)
(-100 62 22.5)
(-100 66 22.5)
(-100 70 22.5)
(-100 74 22.5)
(-100 78 22.5)
(-100 82 22.5)
(-100 86 22.5)
(-100 90 22.5)
(-100 94 22.5)
(-100 98 22.5)
)
;
    }
    lowerWall
    {
        type            calculated;
        value           nonuniform List<vector> 
2500
(
(-98 -98 0)
(-98 -94 0)
(-98 -90 0)
(-98 -86 0)
(-98 -82 0)
(-98 -78 0)
(-98 -74 0)
(-98 -70 0)
(-98 -66 0)
(-98 -62 0)
(-98 -58 0)
(-98 -54 0)
(-98 -50 0)
(-98 -46 0)
(-98 -42 0)
(-98 -38 0)
(-98 -34 0)
(-98 -30 0)
(-98 -26 0)
(-98 -22 0)
(-98 -18 0)
(-98 -14 0)
(-98 -10 0)
(-98 -6 0)
(-98 -2 0)
(-98 2 0)
(-94 -98 0)
(-94 -94 0)
(-94 -90 0)
(-94 -86 0)
(-94 -82 0)
(-94 -78 0)
(-94 -74 0)
(-94 -70 0)
(-94 -66 0)
(-94 -62 0)
(-94 -58 0)
(-94 -54 0)
(-94 -50 0)
(-94 -46 0)
(-94 -42 0)
(-94 -38 0)
(-94 -34 0)
(-94 -30 0)
(-94 -26 0)
(-94 -22 0)
(-94 -18 0)
(-94 -14 0)
(-94 -10 0)
(-94 -6 0)
(-94 -2 0)
(-94 2 0)
(-90 -98 0)
(-90 -94 0)
(-90 -90 0)
(-90 -86 0)
(-90 -82 0)
(-90 -78 0)
(-90 -74 0)
(-90 -70 0)
(-90 -66 0)
(-90 -62 0)
(-90 -58 0)
(-90 -54 0)
(-90 -50 0)
(-90 -46 0)
(-90 -42 0)
(-90 -38 0)
(-90 -34 0)
(-90 -30 0)
(-90 -26 0)
(-90 -22 0)
(-90 -18 0)
(-90 -14 0)
(-90 -10 0)
(-90 -6 0)
(-90 -2 0)
(-90 2 0)
(-86 -98 0)
(-86 -94 0)
(-86 -90 0)
(-86 -86 0)
(-86 -82 0)
(-86 -78 0)
(-86 -74 0)
(-86 -70 0)
(-86 -66 0)
(-86 -62 0)
(-86 -58 0)
(-86 -54 0)
(-86 -50 0)
(-86 -46 0)
(-86 -42 0)
(-86 -38 0)
(-86 -34 0)
(-86 -30 0)
(-86 -26 0)
(-86 -22 0)
(-86 -18 0)
(-86 -14 0)
(-86 -10 0)
(-86 -6 0)
(-86 -2 0)
(-82 -98 0)
(-82 -94 0)
(-82 -90 0)
(-82 -86 0)
(-82 -82 0)
(-82 -78 0)
(-82 -74 0)
(-82 -70 0)
(-82 -66 0)
(-82 -62 0)
(-82 -58 0)
(-82 -54 0)
(-82 -50 0)
(-82 -46 0)
(-82 -42 0)
(-82 -38 0)
(-82 -34 0)
(-82 -30 0)
(-82 -26 0)
(-82 -22 0)
(-82 -18 0)
(-82 -14 0)
(-82 -10 0)
(-82 -6 0)
(-82 -2 0)
(-78 -98 0)
(-78 -94 0)
(-78 -90 0)
(-78 -86 0)
(-78 -82 0)
(-78 -78 0)
(-78 -74 0)
(-78 -70 0)
(-78 -66 0)
(-78 -62 0)
(-78 -58 0)
(-78 -54 0)
(-78 -50 0)
(-78 -46 0)
(-78 -42 0)
(-78 -38 0)
(-78 -34 0)
(-78 -30 0)
(-78 -26 0)
(-78 -22 0)
(-78 -18 0)
(-78 -14 0)
(-78 -10 0)
(-78 -6 0)
(-78 -2 0)
(-74 -98 0)
(-74 -94 0)
(-74 -90 0)
(-74 -86 0)
(-74 -82 0)
(-74 -78 0)
(-74 -74 0)
(-74 -70 0)
(-74 -66 0)
(-74 -62 0)
(-74 -58 0)
(-74 -54 0)
(-74 -50 0)
(-74 -46 0)
(-74 -42 0)
(-74 -38 0)
(-74 -34 0)
(-74 -30 0)
(-74 -26 0)
(-74 -22 0)
(-74 -18 0)
(-74 -14 0)
(-74 -10 0)
(-74 -6 0)
(-74 -2 0)
(-70 -98 0)
(-70 -94 0)
(-70 -90 0)
(-70 -86 0)
(-70 -82 0)
(-70 -78 0)
(-70 -74 0)
(-70 -70 0)
(-70 -66 0)
(-70 -62 0)
(-70 -58 0)
(-70 -54 0)
(-70 -50 0)
(-70 -46 0)
(-70 -42 0)
(-70 -38 0)
(-70 -34 0)
(-70 -30 0)
(-70 -26 0)
(-70 -22 0)
(-70 -18 0)
(-70 -14 0)
(-70 -10 0)
(-70 -6 0)
(-70 -2 0)
(-66 -98 0)
(-66 -94 0)
(-66 -90 0)
(-66 -86 0)
(-66 -82 0)
(-66 -78 0)
(-66 -74 0)
(-66 -70 0)
(-66 -66 0)
(-66 -62 0)
(-66 -58 0)
(-66 -54 0)
(-66 -50 0)
(-66 -46 0)
(-66 -42 0)
(-66 -38 0)
(-66 -34 0)
(-66 -30 0)
(-66 -26 0)
(-66 -22 0)
(-66 -18 0)
(-66 -14 0)
(-66 -10 0)
(-66 -6 0)
(-66 -2 0)
(-62 -98 0)
(-62 -94 0)
(-62 -90 0)
(-62 -86 0)
(-62 -82 0)
(-62 -78 0)
(-62 -74 0)
(-62 -70 0)
(-62 -66 0)
(-62 -62 0)
(-62 -58 0)
(-62 -54 0)
(-62 -50 0)
(-62 -46 0)
(-62 -42 0)
(-62 -38 0)
(-62 -34 0)
(-62 -30 0)
(-62 -26 0)
(-62 -22 0)
(-62 -18 0)
(-62 -14 0)
(-62 -10 0)
(-62 -6 0)
(-62 -2 0)
(-58 -98 0)
(-58 -94 0)
(-58 -90 0)
(-58 -86 0)
(-58 -82 0)
(-58 -78 0)
(-58 -74 0)
(-58 -70 0)
(-58 -66 0)
(-58 -62 0)
(-58 -58 0)
(-58 -54 0)
(-58 -50 0)
(-58 -46 0)
(-58 -42 0)
(-58 -38 0)
(-58 -34 0)
(-58 -30 0)
(-58 -26 0)
(-58 -22 0)
(-58 -18 0)
(-58 -14 0)
(-58 -10 0)
(-58 -6 0)
(-58 -2 0)
(-54 -98 0)
(-54 -94 0)
(-54 -90 0)
(-54 -86 0)
(-54 -82 0)
(-54 -78 0)
(-54 -74 0)
(-54 -70 0)
(-54 -66 0)
(-54 -62 0)
(-54 -58 0)
(-54 -54 0)
(-54 -50 0)
(-54 -46 0)
(-54 -42 0)
(-54 -38 0)
(-54 -34 0)
(-54 -30 0)
(-54 -26 0)
(-54 -22 0)
(-54 -18 0)
(-54 -14 0)
(-54 -10 0)
(-54 -6 0)
(-54 -2 0)
(-50 -98 0)
(-50 -94 0)
(-50 -90 0)
(-50 -86 0)
(-50 -82 0)
(-50 -78 0)
(-50 -74 0)
(-50 -70 0)
(-50 -66 0)
(-50 -62 0)
(-50 -58 0)
(-50 -54 0)
(-50 -50 0)
(-50 -46 0)
(-50 -42 0)
(-50 -38 0)
(-50 -34 0)
(-50 -30 0)
(-50 -26 0)
(-50 -22 0)
(-50 -18 0)
(-50 -14 0)
(-50 -10 0)
(-50 -6 0)
(-50 -2 0)
(-46 -98 0)
(-46 -94 0)
(-46 -90 0)
(-46 -86 0)
(-46 -82 0)
(-46 -78 0)
(-46 -74 0)
(-46 -70 0)
(-46 -66 0)
(-46 -62 0)
(-46 -58 0)
(-46 -54 0)
(-46 -50 0)
(-46 -46 0)
(-46 -42 0)
(-46 -38 0)
(-46 -34 0)
(-46 -30 0)
(-46 -26 0)
(-46 -22 0)
(-46 -18 0)
(-46 -14 0)
(-46 -10 0)
(-46 -6 0)
(-46 -2 0)
(-42 -98 0)
(-42 -94 0)
(-42 -90 0)
(-42 -86 0)
(-42 -82 0)
(-42 -78 0)
(-42 -74 0)
(-42 -70 0)
(-42 -66 0)
(-42 -62 0)
(-42 -58 0)
(-42 -54 0)
(-42 -50 0)
(-42 -46 0)
(-42 -42 0)
(-42 -38 0)
(-42 -34 0)
(-42 -30 0)
(-42 -26 0)
(-42 -22 0)
(-42 -18 0)
(-42 -14 0)
(-42 -10 0)
(-42 -6 0)
(-42 -2 0)
(-38 -98 0)
(-38 -94 0)
(-38 -90 0)
(-38 -86 0)
(-38 -82 0)
(-38 -78 0)
(-38 -74 0)
(-38 -70 0)
(-38 -66 0)
(-38 -62 0)
(-38 -58 0)
(-38 -54 0)
(-38 -50 0)
(-38 -46 0)
(-38 -42 0)
(-38 -38 0)
(-38 -34 0)
(-38 -30 0)
(-38 -26 0)
(-38 -22 0)
(-38 -18 0)
(-38 -14 0)
(-38 -10 0)
(-38 -6 0)
(-38 -2 0)
(-34 -42 0)
(-34 -38 0)
(-34 -34 0)
(-34 -30 0)
(-34 -26 0)
(-34 -22 0)
(-34 -18 0)
(-34 -14 0)
(-34 -10 0)
(-34 -6 0)
(-34 -2 0)
(-34 -98 0)
(-34 -94 0)
(-34 -90 0)
(-34 -86 0)
(-34 -82 0)
(-34 -78 0)
(-34 -74 0)
(-34 -70 0)
(-34 -66 0)
(-34 -62 0)
(-34 -58 0)
(-34 -54 0)
(-34 -50 0)
(-34 -46 0)
(-30 -98 0)
(-30 -94 0)
(-30 -90 0)
(-30 -86 0)
(-30 -82 0)
(-30 -78 0)
(-30 -74 0)
(-30 -70 0)
(-30 -66 0)
(-30 -62 0)
(-30 -58 0)
(-30 -54 0)
(-30 -50 0)
(-30 -46 0)
(-30 -42 0)
(-30 -38 0)
(-30 -34 0)
(-30 -30 0)
(-30 -26 0)
(-30 -22 0)
(-30 -18 0)
(-30 -14 0)
(-30 -10 0)
(-30 -6 0)
(-30 -2 0)
(-26 -98 0)
(-26 -94 0)
(-26 -90 0)
(-26 -86 0)
(-26 -82 0)
(-26 -78 0)
(-26 -74 0)
(-26 -70 0)
(-26 -66 0)
(-26 -62 0)
(-26 -58 0)
(-26 -54 0)
(-26 -50 0)
(-26 -46 0)
(-26 -42 0)
(-26 -38 0)
(-26 -34 0)
(-26 -30 0)
(-26 -26 0)
(-26 -22 0)
(-26 -18 0)
(-26 -14 0)
(-26 -10 0)
(-26 -6 0)
(-26 -2 0)
(-22 -98 0)
(-22 -94 0)
(-22 -90 0)
(-22 -86 0)
(-22 -82 0)
(-22 -78 0)
(-22 -74 0)
(-22 -70 0)
(-22 -66 0)
(-22 -62 0)
(-22 -58 0)
(-22 -54 0)
(-22 -50 0)
(-22 -46 0)
(-22 -42 0)
(-22 -38 0)
(-22 -34 0)
(-22 -30 0)
(-22 -26 0)
(-22 -22 0)
(-22 -18 0)
(-22 -14 0)
(-22 -10 0)
(-22 -6 0)
(-22 -2 0)
(-18 -98 0)
(-18 -94 0)
(-18 -90 0)
(-18 -86 0)
(-18 -82 0)
(-18 -78 0)
(-18 -74 0)
(-18 -70 0)
(-18 -66 0)
(-18 -62 0)
(-18 -58 0)
(-18 -54 0)
(-18 -50 0)
(-18 -46 0)
(-18 -42 0)
(-18 -38 0)
(-18 -34 0)
(-18 -30 0)
(-18 -26 0)
(-18 -22 0)
(-18 -18 0)
(-18 -14 0)
(-18 -10 0)
(-18 -6 0)
(-18 -2 0)
(-14 -98 0)
(-14 -94 0)
(-14 -90 0)
(-14 -86 0)
(-14 -82 0)
(-14 -78 0)
(-14 -74 0)
(-14 -70 0)
(-14 -66 0)
(-14 -62 0)
(-14 -58 0)
(-14 -54 0)
(-14 -50 0)
(-14 -46 0)
(-14 -42 0)
(-14 -38 0)
(-14 -34 0)
(-14 -30 0)
(-14 -26 0)
(-14 -22 0)
(-14 -18 0)
(-14 -14 0)
(-14 -10 0)
(-14 -6 0)
(-14 -2 0)
(-10 -98 0)
(-10 -94 0)
(-10 -90 0)
(-10 -86 0)
(-10 -82 0)
(-10 -78 0)
(-10 -74 0)
(-10 -70 0)
(-10 -66 0)
(-10 -62 0)
(-10 -58 0)
(-10 -54 0)
(-10 -50 0)
(-10 -46 0)
(-10 -42 0)
(-10 -38 0)
(-10 -34 0)
(-10 -30 0)
(-10 -26 0)
(-10 -22 0)
(-10 -18 0)
(-10 -14 0)
(-10 -10 0)
(-10 -6 0)
(-10 -2 0)
(-6 -98 0)
(-6 -94 0)
(-6 -90 0)
(-6 -86 0)
(-6 -82 0)
(-6 -78 0)
(-6 -74 0)
(-6 -70 0)
(-6 -66 0)
(-6 -62 0)
(-6 -58 0)
(-6 -54 0)
(-6 -50 0)
(-6 -46 0)
(-6 -42 0)
(-6 -38 0)
(-6 -34 0)
(-6 -30 0)
(-6 -26 0)
(-6 -22 0)
(-6 -18 0)
(-6 -14 0)
(-6 -10 0)
(-6 -6 0)
(-6 -2 0)
(-2 -98 0)
(-2 -94 0)
(-2 -90 0)
(-2 -86 0)
(-2 -82 0)
(-2 -78 0)
(-2 -74 0)
(-2 -70 0)
(-2 -66 0)
(-2 -62 0)
(-2 -58 0)
(-2 -54 0)
(-2 -50 0)
(-2 -46 0)
(-2 -42 0)
(-2 -38 0)
(-2 -34 0)
(-2 -30 0)
(-2 -26 0)
(-2 -22 0)
(-2 -18 0)
(-2 -14 0)
(-2 -10 0)
(-2 -6 0)
(-2 -2 0)
(2 -98 0)
(2 -94 0)
(2 -90 0)
(2 -86 0)
(2 -82 0)
(2 -78 0)
(2 -74 0)
(2 -70 0)
(2 -66 0)
(2 -62 0)
(2 -58 0)
(2 -54 0)
(2 -50 0)
(2 -46 0)
(2 -42 0)
(2 -38 0)
(2 -34 0)
(2 -30 0)
(2 -26 0)
(2 -22 0)
(2 -18 0)
(2 -14 0)
(2 -10 0)
(2 -6 0)
(2 -2 0)
(6 -98 0)
(6 -94 0)
(6 -90 0)
(6 -86 0)
(6 -82 0)
(6 -78 0)
(6 -74 0)
(6 -70 0)
(6 -66 0)
(6 -62 0)
(6 -58 0)
(6 -54 0)
(6 -50 0)
(6 -46 0)
(6 -42 0)
(6 -38 0)
(6 -34 0)
(6 -30 0)
(6 -26 0)
(6 -22 0)
(6 -18 0)
(6 -14 0)
(6 -10 0)
(6 -6 0)
(6 -2 0)
(10 -98 0)
(10 -94 0)
(10 -90 0)
(10 -86 0)
(10 -82 0)
(10 -78 0)
(10 -74 0)
(10 -70 0)
(10 -66 0)
(10 -62 0)
(10 -58 0)
(10 -54 0)
(10 -50 0)
(10 -46 0)
(10 -42 0)
(10 -38 0)
(10 -34 0)
(10 -30 0)
(10 -26 0)
(10 -22 0)
(10 -18 0)
(10 -14 0)
(10 -10 0)
(10 -6 0)
(10 -2 0)
(14 -98 0)
(14 -94 0)
(14 -90 0)
(14 -86 0)
(14 -82 0)
(14 -78 0)
(14 -74 0)
(14 -70 0)
(14 -66 0)
(14 -62 0)
(14 -58 0)
(14 -54 0)
(14 -50 0)
(14 -46 0)
(14 -42 0)
(14 -38 0)
(14 -34 0)
(14 -30 0)
(14 -26 0)
(14 -22 0)
(14 -18 0)
(14 -14 0)
(14 -10 0)
(14 -6 0)
(14 -2 0)
(18 -98 0)
(18 -94 0)
(18 -90 0)
(18 -86 0)
(18 -82 0)
(18 -78 0)
(18 -74 0)
(18 -70 0)
(18 -66 0)
(18 -62 0)
(18 -58 0)
(18 -54 0)
(18 -50 0)
(18 -46 0)
(18 -42 0)
(18 -38 0)
(18 -34 0)
(18 -30 0)
(18 -26 0)
(18 -22 0)
(18 -18 0)
(18 -14 0)
(18 -10 0)
(18 -6 0)
(18 -2 0)
(22 -98 0)
(22 -94 0)
(22 -90 0)
(22 -86 0)
(22 -82 0)
(22 -78 0)
(22 -74 0)
(22 -70 0)
(22 -66 0)
(22 -62 0)
(22 -58 0)
(22 -54 0)
(22 -50 0)
(22 -46 0)
(22 -42 0)
(22 -38 0)
(22 -34 0)
(22 -30 0)
(22 -26 0)
(22 -22 0)
(22 -18 0)
(22 -14 0)
(22 -10 0)
(22 -6 0)
(22 -2 0)
(26 -98 0)
(26 -94 0)
(26 -90 0)
(26 -86 0)
(26 -82 0)
(26 -78 0)
(26 -74 0)
(26 -70 0)
(26 -66 0)
(26 -62 0)
(26 -58 0)
(26 -54 0)
(26 -50 0)
(26 -46 0)
(26 -42 0)
(26 -38 0)
(26 -34 0)
(26 -30 0)
(26 -26 0)
(26 -22 0)
(26 -18 0)
(26 -14 0)
(26 -10 0)
(26 -6 0)
(26 -2 0)
(30 -98 0)
(30 -94 0)
(30 -90 0)
(30 -86 0)
(30 -82 0)
(30 -78 0)
(30 -74 0)
(30 -70 0)
(30 -66 0)
(30 -62 0)
(30 -58 0)
(30 -54 0)
(30 -50 0)
(30 -46 0)
(30 -42 0)
(30 -38 0)
(30 -34 0)
(30 -30 0)
(30 -26 0)
(30 -22 0)
(30 -18 0)
(30 -14 0)
(30 -10 0)
(30 -6 0)
(34 -98 0)
(34 -94 0)
(34 -90 0)
(34 -86 0)
(34 -82 0)
(34 -78 0)
(34 -74 0)
(34 -70 0)
(34 -66 0)
(34 -62 0)
(34 -58 0)
(34 -54 0)
(34 -50 0)
(34 -46 0)
(34 -42 0)
(34 -38 0)
(34 -34 0)
(34 -30 0)
(34 -26 0)
(34 -22 0)
(34 -18 0)
(34 -14 0)
(34 -10 0)
(34 -6 0)
(34 -2 0)
(38 -98 0)
(38 -94 0)
(38 -90 0)
(38 -86 0)
(38 -82 0)
(38 -78 0)
(38 -74 0)
(38 -70 0)
(38 -66 0)
(38 -62 0)
(38 -58 0)
(38 -54 0)
(38 -50 0)
(38 -46 0)
(38 -42 0)
(38 -38 0)
(38 -34 0)
(38 -30 0)
(38 -26 0)
(38 -22 0)
(38 -18 0)
(38 -14 0)
(38 -10 0)
(38 -6 0)
(38 -2 0)
(42 -98 0)
(42 -94 0)
(42 -90 0)
(42 -86 0)
(42 -82 0)
(42 -78 0)
(42 -74 0)
(42 -70 0)
(42 -66 0)
(42 -62 0)
(42 -58 0)
(42 -54 0)
(42 -50 0)
(42 -46 0)
(42 -42 0)
(42 -38 0)
(42 -34 0)
(42 -30 0)
(42 -26 0)
(42 -22 0)
(42 -18 0)
(42 -14 0)
(42 -10 0)
(42 -6 0)
(42 -2 0)
(46 -98 0)
(46 -94 0)
(46 -90 0)
(46 -86 0)
(46 -82 0)
(46 -78 0)
(46 -74 0)
(46 -70 0)
(46 -66 0)
(46 -62 0)
(46 -58 0)
(46 -54 0)
(46 -50 0)
(46 -46 0)
(46 -42 0)
(46 -38 0)
(46 -34 0)
(46 -30 0)
(46 -26 0)
(46 -22 0)
(46 -18 0)
(46 -14 0)
(46 -10 0)
(46 -6 0)
(46 -2 0)
(50 -98 0)
(50 -94 0)
(50 -90 0)
(50 -86 0)
(50 -82 0)
(50 -78 0)
(50 -74 0)
(50 -70 0)
(50 -66 0)
(50 -62 0)
(50 -58 0)
(50 -54 0)
(50 -50 0)
(50 -46 0)
(50 -42 0)
(50 -38 0)
(50 -34 0)
(50 -30 0)
(50 -26 0)
(50 -22 0)
(50 -18 0)
(50 -14 0)
(50 -10 0)
(50 -6 0)
(54 -98 0)
(54 -94 0)
(54 -90 0)
(54 -86 0)
(54 -82 0)
(54 -78 0)
(54 -74 0)
(54 -70 0)
(54 -66 0)
(54 -62 0)
(54 -58 0)
(54 -54 0)
(54 -50 0)
(54 -46 0)
(54 -42 0)
(54 -38 0)
(54 -34 0)
(54 -30 0)
(54 -26 0)
(54 -22 0)
(54 -18 0)
(54 -14 0)
(54 -10 0)
(54 -6 0)
(58 -98 0)
(58 -94 0)
(58 -90 0)
(58 -86 0)
(58 -82 0)
(58 -78 0)
(58 -74 0)
(58 -70 0)
(58 -66 0)
(58 -62 0)
(58 -58 0)
(58 -54 0)
(58 -50 0)
(58 -46 0)
(58 -42 0)
(58 -38 0)
(58 -34 0)
(58 -30 0)
(58 -26 0)
(58 -22 0)
(58 -18 0)
(58 -14 0)
(58 -10 0)
(58 -6 0)
(62 -98 0)
(62 -94 0)
(62 -90 0)
(62 -86 0)
(62 -82 0)
(62 -78 0)
(62 -74 0)
(62 -70 0)
(62 -66 0)
(62 -62 0)
(62 -58 0)
(62 -54 0)
(62 -50 0)
(62 -46 0)
(62 -42 0)
(62 -38 0)
(62 -34 0)
(62 -30 0)
(62 -26 0)
(62 -22 0)
(62 -18 0)
(62 -14 0)
(62 -10 0)
(62 -6 0)
(66 -98 0)
(66 -94 0)
(66 -90 0)
(66 -86 0)
(66 -82 0)
(66 -78 0)
(66 -74 0)
(66 -70 0)
(66 -66 0)
(66 -62 0)
(66 -58 0)
(66 -54 0)
(66 -50 0)
(66 -46 0)
(66 -42 0)
(66 -38 0)
(66 -34 0)
(66 -30 0)
(66 -26 0)
(66 -22 0)
(66 -18 0)
(66 -14 0)
(66 -10 0)
(66 -6 0)
(70 -98 0)
(70 -94 0)
(70 -90 0)
(70 -86 0)
(70 -82 0)
(70 -78 0)
(70 -74 0)
(70 -70 0)
(70 -66 0)
(70 -62 0)
(70 -58 0)
(70 -54 0)
(70 -50 0)
(70 -46 0)
(70 -42 0)
(70 -38 0)
(70 -34 0)
(70 -30 0)
(70 -26 0)
(70 -22 0)
(70 -18 0)
(70 -14 0)
(70 -10 0)
(70 -6 0)
(74 -98 0)
(74 -94 0)
(74 -90 0)
(74 -86 0)
(74 -82 0)
(74 -78 0)
(74 -74 0)
(74 -70 0)
(74 -66 0)
(74 -62 0)
(74 -58 0)
(74 -54 0)
(74 -50 0)
(74 -46 0)
(74 -42 0)
(74 -38 0)
(74 -34 0)
(74 -30 0)
(74 -26 0)
(74 -22 0)
(74 -18 0)
(74 -14 0)
(74 -10 0)
(74 -6 0)
(78 -98 0)
(78 -94 0)
(78 -90 0)
(78 -86 0)
(78 -82 0)
(78 -78 0)
(78 -74 0)
(78 -70 0)
(78 -66 0)
(78 -62 0)
(78 -58 0)
(78 -54 0)
(78 -50 0)
(78 -46 0)
(78 -42 0)
(78 -38 0)
(78 -34 0)
(78 -30 0)
(78 -26 0)
(78 -22 0)
(78 -18 0)
(78 -14 0)
(78 -10 0)
(78 -6 0)
(82 -98 0)
(82 -94 0)
(82 -90 0)
(82 -86 0)
(82 -82 0)
(82 -78 0)
(82 -74 0)
(82 -70 0)
(82 -66 0)
(82 -62 0)
(82 -58 0)
(82 -54 0)
(82 -50 0)
(82 -46 0)
(82 -42 0)
(82 -38 0)
(82 -34 0)
(82 -30 0)
(82 -26 0)
(82 -22 0)
(82 -18 0)
(82 -14 0)
(82 -10 0)
(82 -6 0)
(86 -98 0)
(86 -94 0)
(86 -90 0)
(86 -86 0)
(86 -82 0)
(86 -78 0)
(86 -74 0)
(86 -70 0)
(86 -66 0)
(86 -62 0)
(86 -58 0)
(86 -54 0)
(86 -50 0)
(86 -46 0)
(86 -42 0)
(86 -38 0)
(86 -34 0)
(86 -30 0)
(86 -26 0)
(86 -22 0)
(86 -18 0)
(86 -14 0)
(86 -10 0)
(86 -6 0)
(90 -98 0)
(90 -94 0)
(90 -90 0)
(90 -86 0)
(90 -82 0)
(90 -78 0)
(90 -74 0)
(90 -70 0)
(90 -66 0)
(90 -62 0)
(90 -58 0)
(90 -54 0)
(90 -50 0)
(90 -46 0)
(90 -42 0)
(90 -38 0)
(90 -34 0)
(90 -30 0)
(90 -26 0)
(90 -22 0)
(90 -18 0)
(90 -14 0)
(90 -10 0)
(90 -6 0)
(94 -98 0)
(94 -94 0)
(94 -90 0)
(94 -86 0)
(94 -82 0)
(94 -78 0)
(94 -74 0)
(94 -70 0)
(94 -66 0)
(94 -62 0)
(94 -58 0)
(94 -54 0)
(94 -50 0)
(94 -46 0)
(94 -42 0)
(94 -38 0)
(94 -34 0)
(94 -30 0)
(94 -26 0)
(94 -22 0)
(94 -18 0)
(94 -14 0)
(94 -10 0)
(94 -6 0)
(98 -98 0)
(98 -94 0)
(98 -90 0)
(98 -86 0)
(98 -82 0)
(98 -78 0)
(98 -74 0)
(98 -70 0)
(98 -66 0)
(98 -62 0)
(98 -58 0)
(98 -54 0)
(98 -50 0)
(98 -46 0)
(98 -42 0)
(98 -38 0)
(98 -34 0)
(98 -30 0)
(98 -26 0)
(98 -22 0)
(98 -18 0)
(98 -14 0)
(98 -10 0)
(98 -6 0)
(-98 6 0)
(-98 10 0)
(-98 14 0)
(-98 18 0)
(-98 22 0)
(-98 26 0)
(-98 30 0)
(-98 34 0)
(-98 38 0)
(-98 42 0)
(-98 46 0)
(-98 50 0)
(-98 54 0)
(-98 58 0)
(-98 62 0)
(-98 66 0)
(-98 70 0)
(-98 74 0)
(-98 78 0)
(-98 82 0)
(-98 86 0)
(-98 90 0)
(-98 94 0)
(-98 98 0)
(-94 6 0)
(-94 10 0)
(-94 14 0)
(-94 18 0)
(-94 22 0)
(-94 26 0)
(-94 30 0)
(-94 34 0)
(-94 38 0)
(-94 42 0)
(-94 46 0)
(-94 50 0)
(-94 54 0)
(-94 58 0)
(-94 62 0)
(-94 66 0)
(-94 70 0)
(-94 74 0)
(-94 78 0)
(-94 82 0)
(-94 86 0)
(-94 90 0)
(-94 94 0)
(-94 98 0)
(-90 6 0)
(-90 10 0)
(-90 14 0)
(-90 18 0)
(-90 22 0)
(-90 26 0)
(-90 30 0)
(-90 34 0)
(-90 38 0)
(-90 42 0)
(-90 46 0)
(-90 50 0)
(-90 54 0)
(-90 58 0)
(-90 62 0)
(-90 66 0)
(-90 70 0)
(-90 74 0)
(-90 78 0)
(-90 82 0)
(-90 86 0)
(-90 90 0)
(-90 94 0)
(-90 98 0)
(-86 2 0)
(-86 6 0)
(-86 10 0)
(-86 14 0)
(-86 18 0)
(-86 22 0)
(-86 26 0)
(-86 30 0)
(-86 34 0)
(-86 38 0)
(-86 42 0)
(-86 46 0)
(-86 50 0)
(-86 54 0)
(-86 58 0)
(-86 62 0)
(-86 66 0)
(-86 70 0)
(-86 74 0)
(-86 78 0)
(-86 82 0)
(-86 86 0)
(-86 90 0)
(-86 94 0)
(-86 98 0)
(-82 2 0)
(-82 6 0)
(-82 10 0)
(-82 14 0)
(-82 18 0)
(-82 22 0)
(-82 26 0)
(-82 30 0)
(-82 34 0)
(-82 38 0)
(-82 42 0)
(-82 46 0)
(-82 50 0)
(-82 54 0)
(-82 58 0)
(-82 62 0)
(-82 66 0)
(-82 70 0)
(-82 74 0)
(-82 78 0)
(-82 82 0)
(-82 86 0)
(-82 90 0)
(-82 94 0)
(-82 98 0)
(-78 2 0)
(-78 6 0)
(-78 10 0)
(-78 14 0)
(-78 18 0)
(-78 22 0)
(-78 26 0)
(-78 30 0)
(-78 34 0)
(-78 38 0)
(-78 42 0)
(-78 46 0)
(-78 50 0)
(-78 54 0)
(-78 58 0)
(-78 62 0)
(-78 66 0)
(-78 70 0)
(-78 74 0)
(-78 78 0)
(-78 82 0)
(-78 86 0)
(-78 90 0)
(-78 94 0)
(-78 98 0)
(-74 2 0)
(-74 6 0)
(-74 10 0)
(-74 14 0)
(-74 18 0)
(-74 22 0)
(-74 26 0)
(-74 30 0)
(-74 34 0)
(-74 38 0)
(-74 42 0)
(-74 46 0)
(-74 50 0)
(-74 54 0)
(-74 58 0)
(-74 62 0)
(-74 66 0)
(-74 70 0)
(-74 74 0)
(-74 78 0)
(-74 82 0)
(-74 86 0)
(-74 90 0)
(-74 94 0)
(-74 98 0)
(-70 2 0)
(-70 6 0)
(-70 10 0)
(-70 14 0)
(-70 18 0)
(-70 22 0)
(-70 26 0)
(-70 30 0)
(-70 34 0)
(-70 38 0)
(-70 42 0)
(-70 46 0)
(-70 50 0)
(-70 54 0)
(-70 58 0)
(-70 62 0)
(-70 66 0)
(-70 70 0)
(-70 74 0)
(-70 78 0)
(-70 82 0)
(-70 86 0)
(-70 90 0)
(-70 94 0)
(-70 98 0)
(-66 2 0)
(-66 6 0)
(-66 10 0)
(-66 14 0)
(-66 18 0)
(-66 22 0)
(-66 26 0)
(-66 30 0)
(-66 34 0)
(-66 38 0)
(-66 42 0)
(-66 46 0)
(-66 50 0)
(-66 54 0)
(-66 58 0)
(-66 62 0)
(-66 66 0)
(-66 70 0)
(-66 74 0)
(-66 78 0)
(-66 82 0)
(-66 86 0)
(-66 90 0)
(-66 94 0)
(-66 98 0)
(-62 2 0)
(-62 6 0)
(-62 10 0)
(-62 14 0)
(-62 18 0)
(-62 22 0)
(-62 26 0)
(-62 30 0)
(-62 34 0)
(-62 38 0)
(-62 42 0)
(-62 46 0)
(-62 50 0)
(-62 54 0)
(-62 58 0)
(-62 62 0)
(-62 66 0)
(-62 70 0)
(-62 74 0)
(-62 78 0)
(-62 82 0)
(-62 86 0)
(-62 90 0)
(-62 94 0)
(-62 98 0)
(-58 2 0)
(-58 6 0)
(-58 10 0)
(-58 14 0)
(-58 18 0)
(-58 22 0)
(-58 26 0)
(-58 30 0)
(-58 34 0)
(-58 38 0)
(-58 42 0)
(-58 46 0)
(-58 50 0)
(-58 54 0)
(-58 58 0)
(-58 62 0)
(-58 66 0)
(-58 70 0)
(-58 74 0)
(-58 78 0)
(-58 82 0)
(-58 86 0)
(-58 90 0)
(-58 94 0)
(-58 98 0)
(-54 2 0)
(-54 6 0)
(-54 10 0)
(-54 14 0)
(-54 18 0)
(-54 22 0)
(-54 26 0)
(-54 30 0)
(-54 34 0)
(-54 38 0)
(-54 42 0)
(-54 46 0)
(-54 50 0)
(-54 54 0)
(-54 58 0)
(-54 62 0)
(-54 66 0)
(-54 70 0)
(-54 74 0)
(-54 78 0)
(-54 82 0)
(-54 86 0)
(-54 90 0)
(-54 94 0)
(-54 98 0)
(-50 2 0)
(-50 6 0)
(-50 10 0)
(-50 14 0)
(-50 18 0)
(-50 22 0)
(-50 26 0)
(-50 30 0)
(-50 34 0)
(-50 38 0)
(-50 42 0)
(-50 46 0)
(-50 50 0)
(-50 54 0)
(-50 58 0)
(-50 62 0)
(-50 66 0)
(-50 70 0)
(-50 74 0)
(-50 78 0)
(-50 82 0)
(-50 86 0)
(-50 90 0)
(-50 94 0)
(-50 98 0)
(-46 2 0)
(-46 6 0)
(-46 10 0)
(-46 14 0)
(-46 18 0)
(-46 22 0)
(-46 26 0)
(-46 30 0)
(-46 34 0)
(-46 38 0)
(-46 42 0)
(-46 46 0)
(-46 50 0)
(-46 54 0)
(-46 58 0)
(-46 62 0)
(-46 66 0)
(-46 70 0)
(-46 74 0)
(-46 78 0)
(-46 82 0)
(-46 86 0)
(-46 90 0)
(-46 94 0)
(-46 98 0)
(-42 2 0)
(-42 6 0)
(-42 10 0)
(-42 14 0)
(-42 18 0)
(-42 22 0)
(-42 26 0)
(-42 30 0)
(-42 34 0)
(-42 38 0)
(-42 42 0)
(-42 46 0)
(-42 50 0)
(-42 54 0)
(-42 58 0)
(-42 62 0)
(-42 66 0)
(-42 70 0)
(-42 74 0)
(-42 78 0)
(-42 82 0)
(-42 86 0)
(-42 90 0)
(-42 94 0)
(-42 98 0)
(-38 2 0)
(-38 6 0)
(-38 10 0)
(-38 14 0)
(-38 18 0)
(-38 22 0)
(-38 26 0)
(-38 30 0)
(-38 34 0)
(-38 38 0)
(-38 42 0)
(-38 46 0)
(-38 50 0)
(-38 54 0)
(-38 58 0)
(-38 62 0)
(-38 66 0)
(-38 70 0)
(-38 74 0)
(-38 78 0)
(-38 82 0)
(-38 86 0)
(-38 90 0)
(-38 94 0)
(-38 98 0)
(-34 2 0)
(-34 6 0)
(-34 10 0)
(-34 14 0)
(-34 18 0)
(-34 22 0)
(-34 26 0)
(-34 30 0)
(-34 34 0)
(-34 38 0)
(-34 42 0)
(-34 46 0)
(-34 50 0)
(-34 54 0)
(-34 58 0)
(-34 62 0)
(-34 66 0)
(-34 70 0)
(-34 74 0)
(-34 78 0)
(-34 82 0)
(-34 86 0)
(-34 90 0)
(-34 94 0)
(-34 98 0)
(-30 2 0)
(-30 6 0)
(-30 10 0)
(-30 14 0)
(-30 18 0)
(-30 22 0)
(-30 26 0)
(-30 30 0)
(-30 34 0)
(-30 38 0)
(-30 42 0)
(-30 46 0)
(-30 50 0)
(-30 54 0)
(-30 58 0)
(-30 62 0)
(-30 66 0)
(-30 70 0)
(-30 74 0)
(-30 78 0)
(-30 82 0)
(-30 86 0)
(-30 90 0)
(-30 94 0)
(-30 98 0)
(-26 2 0)
(-26 6 0)
(-26 10 0)
(-26 14 0)
(-26 18 0)
(-26 22 0)
(-26 26 0)
(-26 30 0)
(-26 34 0)
(-26 38 0)
(-26 42 0)
(-26 46 0)
(-26 50 0)
(-26 54 0)
(-26 58 0)
(-26 62 0)
(-26 66 0)
(-26 70 0)
(-26 74 0)
(-26 78 0)
(-26 82 0)
(-26 86 0)
(-26 90 0)
(-26 94 0)
(-26 98 0)
(-22 2 0)
(-22 6 0)
(-22 10 0)
(-22 14 0)
(-22 18 0)
(-22 22 0)
(-22 26 0)
(-22 30 0)
(-22 34 0)
(-22 38 0)
(-22 42 0)
(-22 46 0)
(-22 50 0)
(-22 54 0)
(-22 58 0)
(-22 62 0)
(-22 66 0)
(-22 70 0)
(-22 74 0)
(-22 78 0)
(-22 82 0)
(-22 86 0)
(-22 90 0)
(-22 94 0)
(-22 98 0)
(-18 2 0)
(-18 6 0)
(-18 10 0)
(-18 14 0)
(-18 18 0)
(-18 22 0)
(-18 26 0)
(-18 30 0)
(-18 34 0)
(-18 38 0)
(-18 42 0)
(-18 46 0)
(-18 50 0)
(-18 54 0)
(-18 58 0)
(-18 62 0)
(-18 66 0)
(-18 70 0)
(-18 74 0)
(-18 78 0)
(-18 82 0)
(-18 86 0)
(-18 90 0)
(-18 94 0)
(-18 98 0)
(-14 2 0)
(-14 6 0)
(-14 10 0)
(-14 14 0)
(-14 18 0)
(-14 22 0)
(-14 26 0)
(-14 30 0)
(-14 34 0)
(-14 38 0)
(-14 42 0)
(-14 46 0)
(-14 50 0)
(-14 54 0)
(-14 58 0)
(-14 62 0)
(-14 66 0)
(-14 70 0)
(-14 74 0)
(-14 78 0)
(-14 82 0)
(-14 86 0)
(-14 90 0)
(-14 94 0)
(-14 98 0)
(-10 2 0)
(-10 6 0)
(-10 10 0)
(-10 14 0)
(-10 18 0)
(-10 22 0)
(-10 26 0)
(-10 30 0)
(-10 34 0)
(-10 38 0)
(-10 42 0)
(-10 46 0)
(-10 50 0)
(-10 54 0)
(-10 58 0)
(-10 62 0)
(-10 66 0)
(-10 70 0)
(-10 74 0)
(-10 78 0)
(-10 82 0)
(-10 86 0)
(-10 90 0)
(-10 94 0)
(-10 98 0)
(-6 2 0)
(-6 6 0)
(-6 10 0)
(-6 14 0)
(-6 18 0)
(-6 22 0)
(-6 26 0)
(-6 30 0)
(-6 34 0)
(-6 38 0)
(-6 42 0)
(-6 46 0)
(-6 50 0)
(-6 54 0)
(-6 58 0)
(-6 62 0)
(-6 66 0)
(-6 70 0)
(-6 74 0)
(-6 78 0)
(-6 82 0)
(-6 86 0)
(-6 90 0)
(-6 94 0)
(-6 98 0)
(-2 2 0)
(-2 6 0)
(-2 10 0)
(-2 14 0)
(-2 18 0)
(-2 22 0)
(-2 26 0)
(-2 30 0)
(-2 34 0)
(-2 38 0)
(-2 42 0)
(-2 46 0)
(-2 50 0)
(-2 54 0)
(-2 58 0)
(-2 62 0)
(-2 66 0)
(-2 70 0)
(-2 74 0)
(-2 78 0)
(-2 82 0)
(-2 86 0)
(-2 90 0)
(-2 94 0)
(-2 98 0)
(2 2 0)
(2 6 0)
(2 10 0)
(2 14 0)
(2 18 0)
(2 22 0)
(2 26 0)
(2 30 0)
(2 34 0)
(2 38 0)
(2 42 0)
(2 46 0)
(2 50 0)
(2 54 0)
(2 58 0)
(2 62 0)
(2 66 0)
(2 70 0)
(2 74 0)
(2 78 0)
(2 82 0)
(2 86 0)
(2 90 0)
(2 94 0)
(2 98 0)
(6 2 0)
(6 6 0)
(6 10 0)
(6 14 0)
(6 18 0)
(6 22 0)
(6 26 0)
(6 30 0)
(6 34 0)
(6 38 0)
(6 42 0)
(6 46 0)
(6 50 0)
(6 54 0)
(6 58 0)
(6 62 0)
(6 66 0)
(6 70 0)
(6 74 0)
(6 78 0)
(6 82 0)
(6 86 0)
(6 90 0)
(6 94 0)
(6 98 0)
(10 2 0)
(10 6 0)
(10 10 0)
(10 14 0)
(10 18 0)
(10 22 0)
(10 26 0)
(10 30 0)
(10 34 0)
(10 38 0)
(10 42 0)
(10 46 0)
(10 50 0)
(10 54 0)
(10 58 0)
(10 62 0)
(10 66 0)
(10 70 0)
(10 74 0)
(10 78 0)
(10 82 0)
(10 86 0)
(10 90 0)
(10 94 0)
(10 98 0)
(14 2 0)
(14 6 0)
(14 10 0)
(14 14 0)
(14 18 0)
(14 22 0)
(14 26 0)
(14 30 0)
(14 34 0)
(14 38 0)
(14 42 0)
(14 46 0)
(14 50 0)
(14 54 0)
(14 58 0)
(14 62 0)
(14 66 0)
(14 70 0)
(14 74 0)
(14 78 0)
(14 82 0)
(14 86 0)
(14 90 0)
(14 94 0)
(14 98 0)
(18 2 0)
(18 6 0)
(18 10 0)
(18 14 0)
(18 18 0)
(18 22 0)
(18 26 0)
(18 30 0)
(18 34 0)
(18 38 0)
(18 42 0)
(18 46 0)
(18 50 0)
(18 54 0)
(18 58 0)
(18 62 0)
(18 66 0)
(18 70 0)
(18 74 0)
(18 78 0)
(18 82 0)
(18 86 0)
(18 90 0)
(18 94 0)
(18 98 0)
(22 2 0)
(22 6 0)
(22 10 0)
(22 14 0)
(22 18 0)
(22 22 0)
(22 26 0)
(22 30 0)
(22 34 0)
(22 38 0)
(22 42 0)
(22 46 0)
(22 50 0)
(22 54 0)
(22 58 0)
(22 62 0)
(22 66 0)
(22 70 0)
(22 74 0)
(22 78 0)
(22 82 0)
(22 86 0)
(22 90 0)
(22 94 0)
(22 98 0)
(26 2 0)
(26 6 0)
(26 10 0)
(26 14 0)
(26 18 0)
(26 22 0)
(26 26 0)
(26 30 0)
(26 34 0)
(26 38 0)
(26 42 0)
(26 46 0)
(26 50 0)
(26 54 0)
(26 58 0)
(26 62 0)
(26 66 0)
(26 70 0)
(26 74 0)
(26 78 0)
(26 82 0)
(26 86 0)
(26 90 0)
(26 94 0)
(26 98 0)
(30 -2 0)
(30 2 0)
(30 6 0)
(30 10 0)
(30 14 0)
(30 18 0)
(30 22 0)
(30 26 0)
(30 30 0)
(30 34 0)
(30 38 0)
(30 42 0)
(30 46 0)
(30 50 0)
(30 54 0)
(30 58 0)
(30 62 0)
(30 66 0)
(30 70 0)
(30 74 0)
(30 78 0)
(30 82 0)
(30 86 0)
(30 90 0)
(30 94 0)
(30 98 0)
(34 26 0)
(34 30 0)
(34 34 0)
(34 38 0)
(34 42 0)
(34 46 0)
(34 50 0)
(34 54 0)
(34 58 0)
(34 62 0)
(34 66 0)
(34 70 0)
(34 74 0)
(34 78 0)
(34 82 0)
(34 86 0)
(34 90 0)
(34 94 0)
(34 98 0)
(34 2 0)
(34 6 0)
(34 10 0)
(34 14 0)
(34 18 0)
(34 22 0)
(38 2 0)
(38 6 0)
(38 10 0)
(38 14 0)
(38 18 0)
(38 22 0)
(38 26 0)
(38 30 0)
(38 34 0)
(38 38 0)
(38 42 0)
(38 46 0)
(38 50 0)
(38 54 0)
(38 58 0)
(38 62 0)
(38 66 0)
(38 70 0)
(38 74 0)
(38 78 0)
(38 82 0)
(38 86 0)
(38 90 0)
(38 94 0)
(38 98 0)
(42 2 0)
(42 6 0)
(42 10 0)
(42 14 0)
(42 18 0)
(42 22 0)
(42 26 0)
(42 30 0)
(42 34 0)
(42 38 0)
(42 42 0)
(42 46 0)
(42 50 0)
(42 54 0)
(42 58 0)
(42 62 0)
(42 66 0)
(42 70 0)
(42 74 0)
(42 78 0)
(42 82 0)
(42 86 0)
(42 90 0)
(42 94 0)
(42 98 0)
(46 2 0)
(46 6 0)
(46 10 0)
(46 14 0)
(46 18 0)
(46 22 0)
(46 26 0)
(46 30 0)
(46 34 0)
(46 38 0)
(46 42 0)
(46 46 0)
(46 50 0)
(46 54 0)
(46 58 0)
(46 62 0)
(46 66 0)
(46 70 0)
(46 74 0)
(46 78 0)
(46 82 0)
(46 86 0)
(46 90 0)
(46 94 0)
(46 98 0)
(50 -2 0)
(50 2 0)
(50 6 0)
(50 10 0)
(50 14 0)
(50 18 0)
(50 22 0)
(50 26 0)
(50 30 0)
(50 34 0)
(50 38 0)
(50 42 0)
(50 46 0)
(50 50 0)
(50 54 0)
(50 58 0)
(50 62 0)
(50 66 0)
(50 70 0)
(50 74 0)
(50 78 0)
(50 82 0)
(50 86 0)
(50 90 0)
(50 94 0)
(50 98 0)
(54 -2 0)
(54 2 0)
(54 6 0)
(54 10 0)
(54 14 0)
(54 18 0)
(54 22 0)
(54 26 0)
(54 30 0)
(54 34 0)
(54 38 0)
(54 42 0)
(54 46 0)
(54 50 0)
(54 54 0)
(54 58 0)
(54 62 0)
(54 66 0)
(54 70 0)
(54 74 0)
(54 78 0)
(54 82 0)
(54 86 0)
(54 90 0)
(54 94 0)
(54 98 0)
(58 -2 0)
(58 2 0)
(58 6 0)
(58 10 0)
(58 14 0)
(58 18 0)
(58 22 0)
(58 26 0)
(58 30 0)
(58 34 0)
(58 38 0)
(58 42 0)
(58 46 0)
(58 50 0)
(58 54 0)
(58 58 0)
(58 62 0)
(58 66 0)
(58 70 0)
(58 74 0)
(58 78 0)
(58 82 0)
(58 86 0)
(58 90 0)
(58 94 0)
(58 98 0)
(62 -2 0)
(62 2 0)
(62 6 0)
(62 10 0)
(62 14 0)
(62 18 0)
(62 22 0)
(62 26 0)
(62 30 0)
(62 34 0)
(62 38 0)
(62 42 0)
(62 46 0)
(62 50 0)
(62 54 0)
(62 58 0)
(62 62 0)
(62 66 0)
(62 70 0)
(62 74 0)
(62 78 0)
(62 82 0)
(62 86 0)
(62 90 0)
(62 94 0)
(62 98 0)
(66 -2 0)
(66 2 0)
(66 6 0)
(66 10 0)
(66 14 0)
(66 18 0)
(66 22 0)
(66 26 0)
(66 30 0)
(66 34 0)
(66 38 0)
(66 42 0)
(66 46 0)
(66 50 0)
(66 54 0)
(66 58 0)
(66 62 0)
(66 66 0)
(66 70 0)
(66 74 0)
(66 78 0)
(66 82 0)
(66 86 0)
(66 90 0)
(66 94 0)
(66 98 0)
(70 -2 0)
(70 2 0)
(70 6 0)
(70 10 0)
(70 14 0)
(70 18 0)
(70 22 0)
(70 26 0)
(70 30 0)
(70 34 0)
(70 38 0)
(70 42 0)
(70 46 0)
(70 50 0)
(70 54 0)
(70 58 0)
(70 62 0)
(70 66 0)
(70 70 0)
(70 74 0)
(70 78 0)
(70 82 0)
(70 86 0)
(70 90 0)
(70 94 0)
(70 98 0)
(74 -2 0)
(74 2 0)
(74 6 0)
(74 10 0)
(74 14 0)
(74 18 0)
(74 22 0)
(74 26 0)
(74 30 0)
(74 34 0)
(74 38 0)
(74 42 0)
(74 46 0)
(74 50 0)
(74 54 0)
(74 58 0)
(74 62 0)
(74 66 0)
(74 70 0)
(74 74 0)
(74 78 0)
(74 82 0)
(74 86 0)
(74 90 0)
(74 94 0)
(74 98 0)
(78 -2 0)
(78 2 0)
(78 6 0)
(78 10 0)
(78 14 0)
(78 18 0)
(78 22 0)
(78 26 0)
(78 30 0)
(78 34 0)
(78 38 0)
(78 42 0)
(78 46 0)
(78 50 0)
(78 54 0)
(78 58 0)
(78 62 0)
(78 66 0)
(78 70 0)
(78 74 0)
(78 78 0)
(78 82 0)
(78 86 0)
(78 90 0)
(78 94 0)
(78 98 0)
(82 -2 0)
(82 2 0)
(82 6 0)
(82 10 0)
(82 14 0)
(82 18 0)
(82 22 0)
(82 26 0)
(82 30 0)
(82 34 0)
(82 38 0)
(82 42 0)
(82 46 0)
(82 50 0)
(82 54 0)
(82 58 0)
(82 62 0)
(82 66 0)
(82 70 0)
(82 74 0)
(82 78 0)
(82 82 0)
(82 86 0)
(82 90 0)
(82 94 0)
(82 98 0)
(86 -2 0)
(86 2 0)
(86 6 0)
(86 10 0)
(86 14 0)
(86 18 0)
(86 22 0)
(86 26 0)
(86 30 0)
(86 34 0)
(86 38 0)
(86 42 0)
(86 46 0)
(86 50 0)
(86 54 0)
(86 58 0)
(86 62 0)
(86 66 0)
(86 70 0)
(86 74 0)
(86 78 0)
(86 82 0)
(86 86 0)
(86 90 0)
(86 94 0)
(86 98 0)
(90 -2 0)
(90 2 0)
(90 6 0)
(90 10 0)
(90 14 0)
(90 18 0)
(90 22 0)
(90 26 0)
(90 30 0)
(90 34 0)
(90 38 0)
(90 42 0)
(90 46 0)
(90 50 0)
(90 54 0)
(90 58 0)
(90 62 0)
(90 66 0)
(90 70 0)
(90 74 0)
(90 78 0)
(90 82 0)
(90 86 0)
(90 90 0)
(90 94 0)
(90 98 0)
(94 -2 0)
(94 2 0)
(94 6 0)
(94 10 0)
(94 14 0)
(94 18 0)
(94 22 0)
(94 26 0)
(94 30 0)
(94 34 0)
(94 38 0)
(94 42 0)
(94 46 0)
(94 50 0)
(94 54 0)
(94 58 0)
(94 62 0)
(94 66 0)
(94 70 0)
(94 74 0)
(94 78 0)
(94 82 0)
(94 86 0)
(94 90 0)
(94 94 0)
(94 98 0)
(98 -2 0)
(98 2 0)
(98 6 0)
(98 10 0)
(98 14 0)
(98 18 0)
(98 22 0)
(98 26 0)
(98 30 0)
(98 34 0)
(98 38 0)
(98 42 0)
(98 46 0)
(98 50 0)
(98 54 0)
(98 58 0)
(98 62 0)
(98 66 0)
(98 70 0)
(98 74 0)
(98 78 0)
(98 82 0)
(98 86 0)
(98 90 0)
(98 94 0)
(98 98 0)
)
;
    }
    upperWall
    {
        type            calculated;
        value           nonuniform List<vector> 
2500
(
(-98 -98 25)
(-98 -94 25)
(-98 -90 25)
(-98 -86 25)
(-98 -82 25)
(-98 -78 25)
(-98 -74 25)
(-98 -70 25)
(-98 -66 25)
(-98 -62 25)
(-98 -58 25)
(-98 -54 25)
(-98 -50 25)
(-98 -46 25)
(-98 -42 25)
(-98 -38 25)
(-98 -34 25)
(-98 -30 25)
(-98 -26 25)
(-98 -22 25)
(-98 -18 25)
(-98 -14 25)
(-98 -10 25)
(-98 -6 25)
(-98 -2 25)
(-98 2 25)
(-94 -98 25)
(-94 -94 25)
(-94 -90 25)
(-94 -86 25)
(-94 -82 25)
(-94 -78 25)
(-94 -74 25)
(-94 -70 25)
(-94 -66 25)
(-94 -62 25)
(-94 -58 25)
(-94 -54 25)
(-94 -50 25)
(-94 -46 25)
(-94 -42 25)
(-94 -38 25)
(-94 -34 25)
(-94 -30 25)
(-94 -26 25)
(-94 -22 25)
(-94 -18 25)
(-94 -14 25)
(-94 -10 25)
(-94 -6 25)
(-94 -2 25)
(-94 2 25)
(-90 -98 25)
(-90 -94 25)
(-90 -90 25)
(-90 -86 25)
(-90 -82 25)
(-90 -78 25)
(-90 -74 25)
(-90 -70 25)
(-90 -66 25)
(-90 -62 25)
(-90 -58 25)
(-90 -54 25)
(-90 -50 25)
(-90 -46 25)
(-90 -42 25)
(-90 -38 25)
(-90 -34 25)
(-90 -30 25)
(-90 -26 25)
(-90 -22 25)
(-90 -18 25)
(-90 -14 25)
(-90 -10 25)
(-90 -6 25)
(-90 -2 25)
(-90 2 25)
(-86 -98 25)
(-86 -94 25)
(-86 -90 25)
(-86 -86 25)
(-86 -82 25)
(-86 -78 25)
(-86 -74 25)
(-86 -70 25)
(-86 -66 25)
(-86 -62 25)
(-86 -58 25)
(-86 -54 25)
(-86 -50 25)
(-86 -46 25)
(-86 -42 25)
(-86 -38 25)
(-86 -34 25)
(-86 -30 25)
(-86 -26 25)
(-86 -22 25)
(-86 -18 25)
(-86 -14 25)
(-86 -10 25)
(-86 -6 25)
(-86 -2 25)
(-86 2 25)
(-82 -98 25)
(-82 -94 25)
(-82 -90 25)
(-82 -86 25)
(-82 -82 25)
(-82 -78 25)
(-82 -74 25)
(-82 -70 25)
(-82 -66 25)
(-82 -62 25)
(-82 -58 25)
(-82 -54 25)
(-82 -50 25)
(-82 -46 25)
(-82 -42 25)
(-82 -38 25)
(-82 -34 25)
(-82 -30 25)
(-82 -26 25)
(-82 -22 25)
(-82 -18 25)
(-82 -14 25)
(-82 -10 25)
(-82 -6 25)
(-82 -2 25)
(-82 2 25)
(-78 -98 25)
(-78 -94 25)
(-78 -90 25)
(-78 -86 25)
(-78 -82 25)
(-78 -78 25)
(-78 -74 25)
(-78 -70 25)
(-78 -66 25)
(-78 -62 25)
(-78 -58 25)
(-78 -54 25)
(-78 -50 25)
(-78 -46 25)
(-78 -42 25)
(-78 -38 25)
(-78 -34 25)
(-78 -30 25)
(-78 -26 25)
(-78 -22 25)
(-78 -18 25)
(-78 -14 25)
(-78 -10 25)
(-78 -6 25)
(-78 -2 25)
(-78 2 25)
(-74 -98 25)
(-74 -94 25)
(-74 -90 25)
(-74 -86 25)
(-74 -82 25)
(-74 -78 25)
(-74 -74 25)
(-74 -70 25)
(-74 -66 25)
(-74 -62 25)
(-74 -58 25)
(-74 -54 25)
(-74 -50 25)
(-74 -46 25)
(-74 -42 25)
(-74 -38 25)
(-74 -34 25)
(-74 -30 25)
(-74 -26 25)
(-74 -22 25)
(-74 -18 25)
(-74 -14 25)
(-74 -10 25)
(-74 -6 25)
(-74 -2 25)
(-74 2 25)
(-70 -98 25)
(-70 -94 25)
(-70 -90 25)
(-70 -86 25)
(-70 -82 25)
(-70 -78 25)
(-70 -74 25)
(-70 -70 25)
(-70 -66 25)
(-70 -62 25)
(-70 -58 25)
(-70 -54 25)
(-70 -50 25)
(-70 -46 25)
(-70 -42 25)
(-70 -38 25)
(-70 -34 25)
(-70 -30 25)
(-70 -26 25)
(-70 -22 25)
(-70 -18 25)
(-70 -14 25)
(-70 -10 25)
(-70 -6 25)
(-70 -2 25)
(-70 2 25)
(-66 -98 25)
(-66 -94 25)
(-66 -90 25)
(-66 -86 25)
(-66 -82 25)
(-66 -78 25)
(-66 -74 25)
(-66 -70 25)
(-66 -66 25)
(-66 -62 25)
(-66 -58 25)
(-66 -54 25)
(-66 -50 25)
(-66 -46 25)
(-66 -42 25)
(-66 -38 25)
(-66 -34 25)
(-66 -30 25)
(-66 -26 25)
(-66 -22 25)
(-66 -18 25)
(-66 -14 25)
(-66 -10 25)
(-66 -6 25)
(-66 -2 25)
(-66 2 25)
(-62 -98 25)
(-62 -94 25)
(-62 -90 25)
(-62 -86 25)
(-62 -82 25)
(-62 -78 25)
(-62 -74 25)
(-62 -70 25)
(-62 -66 25)
(-62 -62 25)
(-62 -58 25)
(-62 -54 25)
(-62 -50 25)
(-62 -46 25)
(-62 -42 25)
(-62 -38 25)
(-62 -34 25)
(-62 -30 25)
(-62 -26 25)
(-62 -22 25)
(-62 -18 25)
(-62 -14 25)
(-62 -10 25)
(-62 -6 25)
(-62 -2 25)
(-62 2 25)
(-58 -98 25)
(-58 -94 25)
(-58 -90 25)
(-58 -86 25)
(-58 -82 25)
(-58 -78 25)
(-58 -74 25)
(-58 -70 25)
(-58 -66 25)
(-58 -62 25)
(-58 -58 25)
(-58 -54 25)
(-58 -50 25)
(-58 -46 25)
(-58 -42 25)
(-58 -38 25)
(-58 -34 25)
(-58 -30 25)
(-58 -26 25)
(-58 -22 25)
(-58 -18 25)
(-58 -14 25)
(-58 -10 25)
(-58 -6 25)
(-58 -2 25)
(-58 2 25)
(-54 -98 25)
(-54 -94 25)
(-54 -90 25)
(-54 -86 25)
(-54 -82 25)
(-54 -78 25)
(-54 -74 25)
(-54 -70 25)
(-54 -66 25)
(-54 -62 25)
(-54 -58 25)
(-54 -54 25)
(-54 -50 25)
(-54 -46 25)
(-54 -42 25)
(-54 -38 25)
(-54 -34 25)
(-54 -30 25)
(-54 -26 25)
(-54 -22 25)
(-54 -18 25)
(-54 -14 25)
(-54 -10 25)
(-54 -6 25)
(-54 -2 25)
(-54 2 25)
(-50 -98 25)
(-50 -94 25)
(-50 -90 25)
(-50 -86 25)
(-50 -82 25)
(-50 -78 25)
(-50 -74 25)
(-50 -70 25)
(-50 -66 25)
(-50 -62 25)
(-50 -58 25)
(-50 -54 25)
(-50 -50 25)
(-50 -46 25)
(-50 -42 25)
(-50 -38 25)
(-50 -34 25)
(-50 -30 25)
(-50 -26 25)
(-50 -22 25)
(-50 -18 25)
(-50 -14 25)
(-50 -10 25)
(-50 -6 25)
(-50 -2 25)
(-50 2 25)
(-46 -98 25)
(-46 -94 25)
(-46 -90 25)
(-46 -86 25)
(-46 -82 25)
(-46 -78 25)
(-46 -74 25)
(-46 -70 25)
(-46 -66 25)
(-46 -62 25)
(-46 -58 25)
(-46 -54 25)
(-46 -50 25)
(-46 -46 25)
(-46 -42 25)
(-46 -38 25)
(-46 -34 25)
(-46 -30 25)
(-46 -26 25)
(-46 -22 25)
(-46 -18 25)
(-46 -14 25)
(-46 -10 25)
(-46 -6 25)
(-46 -2 25)
(-46 2 25)
(-42 -98 25)
(-42 -94 25)
(-42 -90 25)
(-42 -86 25)
(-42 -82 25)
(-42 -78 25)
(-42 -74 25)
(-42 -70 25)
(-42 -66 25)
(-42 -62 25)
(-42 -58 25)
(-42 -54 25)
(-42 -50 25)
(-42 -46 25)
(-42 -42 25)
(-42 -38 25)
(-42 -34 25)
(-42 -30 25)
(-42 -26 25)
(-42 -22 25)
(-42 -18 25)
(-42 -14 25)
(-42 -10 25)
(-42 -6 25)
(-42 -2 25)
(-38 -98 25)
(-38 -94 25)
(-38 -90 25)
(-38 -86 25)
(-38 -82 25)
(-38 -78 25)
(-38 -74 25)
(-38 -70 25)
(-38 -66 25)
(-38 -62 25)
(-38 -58 25)
(-38 -54 25)
(-38 -50 25)
(-38 -46 25)
(-38 -42 25)
(-38 -38 25)
(-38 -34 25)
(-38 -30 25)
(-38 -26 25)
(-38 -22 25)
(-38 -18 25)
(-38 -14 25)
(-38 -10 25)
(-38 -6 25)
(-38 -2 25)
(-34 -22 25)
(-34 -18 25)
(-34 -14 25)
(-34 -10 25)
(-34 -6 25)
(-34 -2 25)
(-34 -98 25)
(-34 -94 25)
(-34 -90 25)
(-34 -86 25)
(-34 -82 25)
(-34 -78 25)
(-34 -74 25)
(-34 -70 25)
(-34 -66 25)
(-34 -62 25)
(-34 -58 25)
(-34 -54 25)
(-34 -50 25)
(-34 -46 25)
(-34 -42 25)
(-34 -38 25)
(-34 -34 25)
(-34 -30 25)
(-34 -26 25)
(-30 -98 25)
(-30 -94 25)
(-30 -90 25)
(-30 -86 25)
(-30 -82 25)
(-30 -78 25)
(-30 -74 25)
(-30 -70 25)
(-30 -66 25)
(-30 -62 25)
(-30 -58 25)
(-30 -54 25)
(-30 -50 25)
(-30 -46 25)
(-30 -42 25)
(-30 -38 25)
(-30 -34 25)
(-30 -30 25)
(-30 -26 25)
(-30 -22 25)
(-30 -18 25)
(-30 -14 25)
(-30 -10 25)
(-30 -6 25)
(-30 -2 25)
(-26 -98 25)
(-26 -94 25)
(-26 -90 25)
(-26 -86 25)
(-26 -82 25)
(-26 -78 25)
(-26 -74 25)
(-26 -70 25)
(-26 -66 25)
(-26 -62 25)
(-26 -58 25)
(-26 -54 25)
(-26 -50 25)
(-26 -46 25)
(-26 -42 25)
(-26 -38 25)
(-26 -34 25)
(-26 -30 25)
(-26 -26 25)
(-26 -22 25)
(-26 -18 25)
(-26 -14 25)
(-26 -10 25)
(-26 -6 25)
(-26 -2 25)
(-22 -98 25)
(-22 -94 25)
(-22 -90 25)
(-22 -86 25)
(-22 -82 25)
(-22 -78 25)
(-22 -74 25)
(-22 -70 25)
(-22 -66 25)
(-22 -62 25)
(-22 -58 25)
(-22 -54 25)
(-22 -50 25)
(-22 -46 25)
(-22 -42 25)
(-22 -38 25)
(-22 -34 25)
(-22 -30 25)
(-22 -26 25)
(-22 -22 25)
(-22 -18 25)
(-22 -14 25)
(-22 -10 25)
(-22 -6 25)
(-22 -2 25)
(-18 -98 25)
(-18 -94 25)
(-18 -90 25)
(-18 -86 25)
(-18 -82 25)
(-18 -78 25)
(-18 -74 25)
(-18 -70 25)
(-18 -66 25)
(-18 -62 25)
(-18 -58 25)
(-18 -54 25)
(-18 -50 25)
(-18 -46 25)
(-18 -42 25)
(-18 -38 25)
(-18 -34 25)
(-18 -30 25)
(-18 -26 25)
(-18 -22 25)
(-18 -18 25)
(-18 -14 25)
(-18 -10 25)
(-18 -6 25)
(-18 -2 25)
(-14 -98 25)
(-14 -94 25)
(-14 -90 25)
(-14 -86 25)
(-14 -82 25)
(-14 -78 25)
(-14 -74 25)
(-14 -70 25)
(-14 -66 25)
(-14 -62 25)
(-14 -58 25)
(-14 -54 25)
(-14 -50 25)
(-14 -46 25)
(-14 -42 25)
(-14 -38 25)
(-14 -34 25)
(-14 -30 25)
(-14 -26 25)
(-14 -22 25)
(-14 -18 25)
(-14 -14 25)
(-14 -10 25)
(-14 -6 25)
(-14 -2 25)
(-10 -98 25)
(-10 -94 25)
(-10 -90 25)
(-10 -86 25)
(-10 -82 25)
(-10 -78 25)
(-10 -74 25)
(-10 -70 25)
(-10 -66 25)
(-10 -62 25)
(-10 -58 25)
(-10 -54 25)
(-10 -50 25)
(-10 -46 25)
(-10 -42 25)
(-10 -38 25)
(-10 -34 25)
(-10 -30 25)
(-10 -26 25)
(-10 -22 25)
(-10 -18 25)
(-10 -14 25)
(-10 -10 25)
(-10 -6 25)
(-10 -2 25)
(-6 -98 25)
(-6 -94 25)
(-6 -90 25)
(-6 -86 25)
(-6 -82 25)
(-6 -78 25)
(-6 -74 25)
(-6 -70 25)
(-6 -66 25)
(-6 -62 25)
(-6 -58 25)
(-6 -54 25)
(-6 -50 25)
(-6 -46 25)
(-6 -42 25)
(-6 -38 25)
(-6 -34 25)
(-6 -30 25)
(-6 -26 25)
(-6 -22 25)
(-6 -18 25)
(-6 -14 25)
(-6 -10 25)
(-6 -6 25)
(-6 -2 25)
(-2 -98 25)
(-2 -94 25)
(-2 -90 25)
(-2 -86 25)
(-2 -82 25)
(-2 -78 25)
(-2 -74 25)
(-2 -70 25)
(-2 -66 25)
(-2 -62 25)
(-2 -58 25)
(-2 -54 25)
(-2 -50 25)
(-2 -46 25)
(-2 -42 25)
(-2 -38 25)
(-2 -34 25)
(-2 -30 25)
(-2 -26 25)
(-2 -22 25)
(-2 -18 25)
(-2 -14 25)
(-2 -10 25)
(-2 -6 25)
(-2 -2 25)
(2 -98 25)
(2 -94 25)
(2 -90 25)
(2 -86 25)
(2 -82 25)
(2 -78 25)
(2 -74 25)
(2 -70 25)
(2 -66 25)
(2 -62 25)
(2 -58 25)
(2 -54 25)
(2 -50 25)
(2 -46 25)
(2 -42 25)
(2 -38 25)
(2 -34 25)
(2 -30 25)
(2 -26 25)
(2 -22 25)
(2 -18 25)
(2 -14 25)
(2 -10 25)
(2 -6 25)
(2 -2 25)
(6 -98 25)
(6 -94 25)
(6 -90 25)
(6 -86 25)
(6 -82 25)
(6 -78 25)
(6 -74 25)
(6 -70 25)
(6 -66 25)
(6 -62 25)
(6 -58 25)
(6 -54 25)
(6 -50 25)
(6 -46 25)
(6 -42 25)
(6 -38 25)
(6 -34 25)
(6 -30 25)
(6 -26 25)
(6 -22 25)
(6 -18 25)
(6 -14 25)
(6 -10 25)
(6 -6 25)
(6 -2 25)
(10 -98 25)
(10 -94 25)
(10 -90 25)
(10 -86 25)
(10 -82 25)
(10 -78 25)
(10 -74 25)
(10 -70 25)
(10 -66 25)
(10 -62 25)
(10 -58 25)
(10 -54 25)
(10 -50 25)
(10 -46 25)
(10 -42 25)
(10 -38 25)
(10 -34 25)
(10 -30 25)
(10 -26 25)
(10 -22 25)
(10 -18 25)
(10 -14 25)
(10 -10 25)
(10 -6 25)
(10 -2 25)
(14 -98 25)
(14 -94 25)
(14 -90 25)
(14 -86 25)
(14 -82 25)
(14 -78 25)
(14 -74 25)
(14 -70 25)
(14 -66 25)
(14 -62 25)
(14 -58 25)
(14 -54 25)
(14 -50 25)
(14 -46 25)
(14 -42 25)
(14 -38 25)
(14 -34 25)
(14 -30 25)
(14 -26 25)
(14 -22 25)
(14 -18 25)
(14 -14 25)
(14 -10 25)
(14 -6 25)
(14 -2 25)
(18 -98 25)
(18 -94 25)
(18 -90 25)
(18 -86 25)
(18 -82 25)
(18 -78 25)
(18 -74 25)
(18 -70 25)
(18 -66 25)
(18 -62 25)
(18 -58 25)
(18 -54 25)
(18 -50 25)
(18 -46 25)
(18 -42 25)
(18 -38 25)
(18 -34 25)
(18 -30 25)
(18 -26 25)
(18 -22 25)
(18 -18 25)
(18 -14 25)
(18 -10 25)
(18 -6 25)
(18 -2 25)
(22 -98 25)
(22 -94 25)
(22 -90 25)
(22 -86 25)
(22 -82 25)
(22 -78 25)
(22 -74 25)
(22 -70 25)
(22 -66 25)
(22 -62 25)
(22 -58 25)
(22 -54 25)
(22 -50 25)
(22 -46 25)
(22 -42 25)
(22 -38 25)
(22 -34 25)
(22 -30 25)
(22 -26 25)
(22 -22 25)
(22 -18 25)
(22 -14 25)
(22 -10 25)
(22 -6 25)
(22 -2 25)
(26 -98 25)
(26 -94 25)
(26 -90 25)
(26 -86 25)
(26 -82 25)
(26 -78 25)
(26 -74 25)
(26 -70 25)
(26 -66 25)
(26 -62 25)
(26 -58 25)
(26 -54 25)
(26 -50 25)
(26 -46 25)
(26 -42 25)
(26 -38 25)
(26 -34 25)
(26 -30 25)
(26 -26 25)
(26 -22 25)
(26 -18 25)
(26 -14 25)
(26 -10 25)
(26 -6 25)
(26 -2 25)
(30 -98 25)
(30 -94 25)
(30 -90 25)
(30 -86 25)
(30 -82 25)
(30 -78 25)
(30 -74 25)
(30 -70 25)
(30 -66 25)
(30 -62 25)
(30 -58 25)
(30 -54 25)
(30 -50 25)
(30 -46 25)
(30 -42 25)
(30 -38 25)
(30 -34 25)
(30 -30 25)
(30 -26 25)
(30 -22 25)
(30 -18 25)
(30 -14 25)
(30 -10 25)
(30 -6 25)
(30 -2 25)
(34 -98 25)
(34 -94 25)
(34 -90 25)
(34 -86 25)
(34 -82 25)
(34 -78 25)
(34 -74 25)
(34 -70 25)
(34 -66 25)
(34 -62 25)
(34 -58 25)
(34 -54 25)
(34 -50 25)
(34 -46 25)
(34 -42 25)
(34 -38 25)
(34 -34 25)
(34 -30 25)
(34 -26 25)
(34 -22 25)
(34 -18 25)
(34 -14 25)
(34 -10 25)
(34 -6 25)
(34 -2 25)
(38 -98 25)
(38 -94 25)
(38 -90 25)
(38 -86 25)
(38 -82 25)
(38 -78 25)
(38 -74 25)
(38 -70 25)
(38 -66 25)
(38 -62 25)
(38 -58 25)
(38 -54 25)
(38 -50 25)
(38 -46 25)
(38 -42 25)
(38 -38 25)
(38 -34 25)
(38 -30 25)
(38 -26 25)
(38 -22 25)
(38 -18 25)
(38 -14 25)
(38 -10 25)
(38 -6 25)
(38 -2 25)
(42 -98 25)
(42 -94 25)
(42 -90 25)
(42 -86 25)
(42 -82 25)
(42 -78 25)
(42 -74 25)
(42 -70 25)
(42 -66 25)
(42 -62 25)
(42 -58 25)
(42 -54 25)
(42 -50 25)
(42 -46 25)
(42 -42 25)
(42 -38 25)
(42 -34 25)
(42 -30 25)
(42 -26 25)
(42 -22 25)
(42 -18 25)
(42 -14 25)
(42 -10 25)
(42 -6 25)
(42 -2 25)
(46 -98 25)
(46 -94 25)
(46 -90 25)
(46 -86 25)
(46 -82 25)
(46 -78 25)
(46 -74 25)
(46 -70 25)
(46 -66 25)
(46 -62 25)
(46 -58 25)
(46 -54 25)
(46 -50 25)
(46 -46 25)
(46 -42 25)
(46 -38 25)
(46 -34 25)
(46 -30 25)
(46 -26 25)
(46 -22 25)
(46 -18 25)
(46 -14 25)
(46 -10 25)
(46 -6 25)
(46 -2 25)
(50 -98 25)
(50 -94 25)
(50 -90 25)
(50 -86 25)
(50 -82 25)
(50 -78 25)
(50 -74 25)
(50 -70 25)
(50 -66 25)
(50 -62 25)
(50 -58 25)
(50 -54 25)
(50 -50 25)
(50 -46 25)
(50 -42 25)
(50 -38 25)
(50 -34 25)
(50 -30 25)
(50 -26 25)
(50 -22 25)
(50 -18 25)
(50 -14 25)
(50 -10 25)
(50 -6 25)
(50 -2 25)
(54 -98 25)
(54 -94 25)
(54 -90 25)
(54 -86 25)
(54 -82 25)
(54 -78 25)
(54 -74 25)
(54 -70 25)
(54 -66 25)
(54 -62 25)
(54 -58 25)
(54 -54 25)
(54 -50 25)
(54 -46 25)
(54 -42 25)
(54 -38 25)
(54 -34 25)
(54 -30 25)
(54 -26 25)
(54 -22 25)
(54 -18 25)
(54 -14 25)
(54 -10 25)
(54 -6 25)
(54 -2 25)
(58 -98 25)
(58 -94 25)
(58 -90 25)
(58 -86 25)
(58 -82 25)
(58 -78 25)
(58 -74 25)
(58 -70 25)
(58 -66 25)
(58 -62 25)
(58 -58 25)
(58 -54 25)
(58 -50 25)
(58 -46 25)
(58 -42 25)
(58 -38 25)
(58 -34 25)
(58 -30 25)
(58 -26 25)
(58 -22 25)
(58 -18 25)
(58 -14 25)
(58 -10 25)
(58 -6 25)
(58 -2 25)
(62 -98 25)
(62 -94 25)
(62 -90 25)
(62 -86 25)
(62 -82 25)
(62 -78 25)
(62 -74 25)
(62 -70 25)
(62 -66 25)
(62 -62 25)
(62 -58 25)
(62 -54 25)
(62 -50 25)
(62 -46 25)
(62 -42 25)
(62 -38 25)
(62 -34 25)
(62 -30 25)
(62 -26 25)
(62 -22 25)
(62 -18 25)
(62 -14 25)
(62 -10 25)
(62 -6 25)
(62 -2 25)
(66 -98 25)
(66 -94 25)
(66 -90 25)
(66 -86 25)
(66 -82 25)
(66 -78 25)
(66 -74 25)
(66 -70 25)
(66 -66 25)
(66 -62 25)
(66 -58 25)
(66 -54 25)
(66 -50 25)
(66 -46 25)
(66 -42 25)
(66 -38 25)
(66 -34 25)
(66 -30 25)
(66 -26 25)
(66 -22 25)
(66 -18 25)
(66 -14 25)
(66 -10 25)
(66 -6 25)
(66 -2 25)
(70 -98 25)
(70 -94 25)
(70 -90 25)
(70 -86 25)
(70 -82 25)
(70 -78 25)
(70 -74 25)
(70 -70 25)
(70 -66 25)
(70 -62 25)
(70 -58 25)
(70 -54 25)
(70 -50 25)
(70 -46 25)
(70 -42 25)
(70 -38 25)
(70 -34 25)
(70 -30 25)
(70 -26 25)
(70 -22 25)
(70 -18 25)
(70 -14 25)
(70 -10 25)
(70 -6 25)
(70 -2 25)
(74 -98 25)
(74 -94 25)
(74 -90 25)
(74 -86 25)
(74 -82 25)
(74 -78 25)
(74 -74 25)
(74 -70 25)
(74 -66 25)
(74 -62 25)
(74 -58 25)
(74 -54 25)
(74 -50 25)
(74 -46 25)
(74 -42 25)
(74 -38 25)
(74 -34 25)
(74 -30 25)
(74 -26 25)
(74 -22 25)
(74 -18 25)
(74 -14 25)
(74 -10 25)
(74 -6 25)
(74 -2 25)
(78 -98 25)
(78 -94 25)
(78 -90 25)
(78 -86 25)
(78 -82 25)
(78 -78 25)
(78 -74 25)
(78 -70 25)
(78 -66 25)
(78 -62 25)
(78 -58 25)
(78 -54 25)
(78 -50 25)
(78 -46 25)
(78 -42 25)
(78 -38 25)
(78 -34 25)
(78 -30 25)
(78 -26 25)
(78 -22 25)
(78 -18 25)
(78 -14 25)
(78 -10 25)
(78 -6 25)
(78 -2 25)
(82 -98 25)
(82 -94 25)
(82 -90 25)
(82 -86 25)
(82 -82 25)
(82 -78 25)
(82 -74 25)
(82 -70 25)
(82 -66 25)
(82 -62 25)
(82 -58 25)
(82 -54 25)
(82 -50 25)
(82 -46 25)
(82 -42 25)
(82 -38 25)
(82 -34 25)
(82 -30 25)
(82 -26 25)
(82 -22 25)
(82 -18 25)
(82 -14 25)
(82 -10 25)
(82 -6 25)
(82 -2 25)
(86 -98 25)
(86 -94 25)
(86 -90 25)
(86 -86 25)
(86 -82 25)
(86 -78 25)
(86 -74 25)
(86 -70 25)
(86 -66 25)
(86 -62 25)
(86 -58 25)
(86 -54 25)
(86 -50 25)
(86 -46 25)
(86 -42 25)
(86 -38 25)
(86 -34 25)
(86 -30 25)
(86 -26 25)
(86 -22 25)
(86 -18 25)
(86 -14 25)
(86 -10 25)
(86 -6 25)
(86 -2 25)
(90 -98 25)
(90 -94 25)
(90 -90 25)
(90 -86 25)
(90 -82 25)
(90 -78 25)
(90 -74 25)
(90 -70 25)
(90 -66 25)
(90 -62 25)
(90 -58 25)
(90 -54 25)
(90 -50 25)
(90 -46 25)
(90 -42 25)
(90 -38 25)
(90 -34 25)
(90 -30 25)
(90 -26 25)
(90 -22 25)
(90 -18 25)
(90 -14 25)
(90 -10 25)
(90 -6 25)
(94 -98 25)
(94 -94 25)
(94 -90 25)
(94 -86 25)
(94 -82 25)
(94 -78 25)
(94 -74 25)
(94 -70 25)
(94 -66 25)
(94 -62 25)
(94 -58 25)
(94 -54 25)
(94 -50 25)
(94 -46 25)
(94 -42 25)
(94 -38 25)
(94 -34 25)
(94 -30 25)
(94 -26 25)
(94 -22 25)
(94 -18 25)
(94 -14 25)
(94 -10 25)
(94 -6 25)
(98 -98 25)
(98 -94 25)
(98 -90 25)
(98 -86 25)
(98 -82 25)
(98 -78 25)
(98 -74 25)
(98 -70 25)
(98 -66 25)
(98 -62 25)
(98 -58 25)
(98 -54 25)
(98 -50 25)
(98 -46 25)
(98 -42 25)
(98 -38 25)
(98 -34 25)
(98 -30 25)
(98 -26 25)
(98 -22 25)
(98 -18 25)
(98 -14 25)
(98 -10 25)
(98 -6 25)
(-98 6 25)
(-98 10 25)
(-98 14 25)
(-98 18 25)
(-98 22 25)
(-98 26 25)
(-98 30 25)
(-98 34 25)
(-98 38 25)
(-98 42 25)
(-98 46 25)
(-98 50 25)
(-98 54 25)
(-98 58 25)
(-98 62 25)
(-98 66 25)
(-98 70 25)
(-98 74 25)
(-98 78 25)
(-98 82 25)
(-98 86 25)
(-98 90 25)
(-98 94 25)
(-98 98 25)
(-94 6 25)
(-94 10 25)
(-94 14 25)
(-94 18 25)
(-94 22 25)
(-94 26 25)
(-94 30 25)
(-94 34 25)
(-94 38 25)
(-94 42 25)
(-94 46 25)
(-94 50 25)
(-94 54 25)
(-94 58 25)
(-94 62 25)
(-94 66 25)
(-94 70 25)
(-94 74 25)
(-94 78 25)
(-94 82 25)
(-94 86 25)
(-94 90 25)
(-94 94 25)
(-94 98 25)
(-90 6 25)
(-90 10 25)
(-90 14 25)
(-90 18 25)
(-90 22 25)
(-90 26 25)
(-90 30 25)
(-90 34 25)
(-90 38 25)
(-90 42 25)
(-90 46 25)
(-90 50 25)
(-90 54 25)
(-90 58 25)
(-90 62 25)
(-90 66 25)
(-90 70 25)
(-90 74 25)
(-90 78 25)
(-90 82 25)
(-90 86 25)
(-90 90 25)
(-90 94 25)
(-90 98 25)
(-86 6 25)
(-86 10 25)
(-86 14 25)
(-86 18 25)
(-86 22 25)
(-86 26 25)
(-86 30 25)
(-86 34 25)
(-86 38 25)
(-86 42 25)
(-86 46 25)
(-86 50 25)
(-86 54 25)
(-86 58 25)
(-86 62 25)
(-86 66 25)
(-86 70 25)
(-86 74 25)
(-86 78 25)
(-86 82 25)
(-86 86 25)
(-86 90 25)
(-86 94 25)
(-86 98 25)
(-82 6 25)
(-82 10 25)
(-82 14 25)
(-82 18 25)
(-82 22 25)
(-82 26 25)
(-82 30 25)
(-82 34 25)
(-82 38 25)
(-82 42 25)
(-82 46 25)
(-82 50 25)
(-82 54 25)
(-82 58 25)
(-82 62 25)
(-82 66 25)
(-82 70 25)
(-82 74 25)
(-82 78 25)
(-82 82 25)
(-82 86 25)
(-82 90 25)
(-82 94 25)
(-82 98 25)
(-78 6 25)
(-78 10 25)
(-78 14 25)
(-78 18 25)
(-78 22 25)
(-78 26 25)
(-78 30 25)
(-78 34 25)
(-78 38 25)
(-78 42 25)
(-78 46 25)
(-78 50 25)
(-78 54 25)
(-78 58 25)
(-78 62 25)
(-78 66 25)
(-78 70 25)
(-78 74 25)
(-78 78 25)
(-78 82 25)
(-78 86 25)
(-78 90 25)
(-78 94 25)
(-78 98 25)
(-74 6 25)
(-74 10 25)
(-74 14 25)
(-74 18 25)
(-74 22 25)
(-74 26 25)
(-74 30 25)
(-74 34 25)
(-74 38 25)
(-74 42 25)
(-74 46 25)
(-74 50 25)
(-74 54 25)
(-74 58 25)
(-74 62 25)
(-74 66 25)
(-74 70 25)
(-74 74 25)
(-74 78 25)
(-74 82 25)
(-74 86 25)
(-74 90 25)
(-74 94 25)
(-74 98 25)
(-70 6 25)
(-70 10 25)
(-70 14 25)
(-70 18 25)
(-70 22 25)
(-70 26 25)
(-70 30 25)
(-70 34 25)
(-70 38 25)
(-70 42 25)
(-70 46 25)
(-70 50 25)
(-70 54 25)
(-70 58 25)
(-70 62 25)
(-70 66 25)
(-70 70 25)
(-70 74 25)
(-70 78 25)
(-70 82 25)
(-70 86 25)
(-70 90 25)
(-70 94 25)
(-70 98 25)
(-66 6 25)
(-66 10 25)
(-66 14 25)
(-66 18 25)
(-66 22 25)
(-66 26 25)
(-66 30 25)
(-66 34 25)
(-66 38 25)
(-66 42 25)
(-66 46 25)
(-66 50 25)
(-66 54 25)
(-66 58 25)
(-66 62 25)
(-66 66 25)
(-66 70 25)
(-66 74 25)
(-66 78 25)
(-66 82 25)
(-66 86 25)
(-66 90 25)
(-66 94 25)
(-66 98 25)
(-62 6 25)
(-62 10 25)
(-62 14 25)
(-62 18 25)
(-62 22 25)
(-62 26 25)
(-62 30 25)
(-62 34 25)
(-62 38 25)
(-62 42 25)
(-62 46 25)
(-62 50 25)
(-62 54 25)
(-62 58 25)
(-62 62 25)
(-62 66 25)
(-62 70 25)
(-62 74 25)
(-62 78 25)
(-62 82 25)
(-62 86 25)
(-62 90 25)
(-62 94 25)
(-62 98 25)
(-58 6 25)
(-58 10 25)
(-58 14 25)
(-58 18 25)
(-58 22 25)
(-58 26 25)
(-58 30 25)
(-58 34 25)
(-58 38 25)
(-58 42 25)
(-58 46 25)
(-58 50 25)
(-58 54 25)
(-58 58 25)
(-58 62 25)
(-58 66 25)
(-58 70 25)
(-58 74 25)
(-58 78 25)
(-58 82 25)
(-58 86 25)
(-58 90 25)
(-58 94 25)
(-58 98 25)
(-54 6 25)
(-54 10 25)
(-54 14 25)
(-54 18 25)
(-54 22 25)
(-54 26 25)
(-54 30 25)
(-54 34 25)
(-54 38 25)
(-54 42 25)
(-54 46 25)
(-54 50 25)
(-54 54 25)
(-54 58 25)
(-54 62 25)
(-54 66 25)
(-54 70 25)
(-54 74 25)
(-54 78 25)
(-54 82 25)
(-54 86 25)
(-54 90 25)
(-54 94 25)
(-54 98 25)
(-50 6 25)
(-50 10 25)
(-50 14 25)
(-50 18 25)
(-50 22 25)
(-50 26 25)
(-50 30 25)
(-50 34 25)
(-50 38 25)
(-50 42 25)
(-50 46 25)
(-50 50 25)
(-50 54 25)
(-50 58 25)
(-50 62 25)
(-50 66 25)
(-50 70 25)
(-50 74 25)
(-50 78 25)
(-50 82 25)
(-50 86 25)
(-50 90 25)
(-50 94 25)
(-50 98 25)
(-46 6 25)
(-46 10 25)
(-46 14 25)
(-46 18 25)
(-46 22 25)
(-46 26 25)
(-46 30 25)
(-46 34 25)
(-46 38 25)
(-46 42 25)
(-46 46 25)
(-46 50 25)
(-46 54 25)
(-46 58 25)
(-46 62 25)
(-46 66 25)
(-46 70 25)
(-46 74 25)
(-46 78 25)
(-46 82 25)
(-46 86 25)
(-46 90 25)
(-46 94 25)
(-46 98 25)
(-42 2 25)
(-42 6 25)
(-42 10 25)
(-42 14 25)
(-42 18 25)
(-42 22 25)
(-42 26 25)
(-42 30 25)
(-42 34 25)
(-42 38 25)
(-42 42 25)
(-42 46 25)
(-42 50 25)
(-42 54 25)
(-42 58 25)
(-42 62 25)
(-42 66 25)
(-42 70 25)
(-42 74 25)
(-42 78 25)
(-42 82 25)
(-42 86 25)
(-42 90 25)
(-42 94 25)
(-42 98 25)
(-38 2 25)
(-38 6 25)
(-38 10 25)
(-38 14 25)
(-38 18 25)
(-38 22 25)
(-38 26 25)
(-38 30 25)
(-38 34 25)
(-38 38 25)
(-38 42 25)
(-38 46 25)
(-38 50 25)
(-38 54 25)
(-38 58 25)
(-38 62 25)
(-38 66 25)
(-38 70 25)
(-38 74 25)
(-38 78 25)
(-38 82 25)
(-38 86 25)
(-38 90 25)
(-38 94 25)
(-38 98 25)
(-34 2 25)
(-34 6 25)
(-34 10 25)
(-34 14 25)
(-34 18 25)
(-34 22 25)
(-34 26 25)
(-34 30 25)
(-34 34 25)
(-34 38 25)
(-34 42 25)
(-34 46 25)
(-34 50 25)
(-34 54 25)
(-34 58 25)
(-34 62 25)
(-34 66 25)
(-34 70 25)
(-34 74 25)
(-34 78 25)
(-34 82 25)
(-34 86 25)
(-34 90 25)
(-34 94 25)
(-34 98 25)
(-30 2 25)
(-30 6 25)
(-30 10 25)
(-30 14 25)
(-30 18 25)
(-30 22 25)
(-30 26 25)
(-30 30 25)
(-30 34 25)
(-30 38 25)
(-30 42 25)
(-30 46 25)
(-30 50 25)
(-30 54 25)
(-30 58 25)
(-30 62 25)
(-30 66 25)
(-30 70 25)
(-30 74 25)
(-30 78 25)
(-30 82 25)
(-30 86 25)
(-30 90 25)
(-30 94 25)
(-30 98 25)
(-26 2 25)
(-26 6 25)
(-26 10 25)
(-26 14 25)
(-26 18 25)
(-26 22 25)
(-26 26 25)
(-26 30 25)
(-26 34 25)
(-26 38 25)
(-26 42 25)
(-26 46 25)
(-26 50 25)
(-26 54 25)
(-26 58 25)
(-26 62 25)
(-26 66 25)
(-26 70 25)
(-26 74 25)
(-26 78 25)
(-26 82 25)
(-26 86 25)
(-26 90 25)
(-26 94 25)
(-26 98 25)
(-22 2 25)
(-22 6 25)
(-22 10 25)
(-22 14 25)
(-22 18 25)
(-22 22 25)
(-22 26 25)
(-22 30 25)
(-22 34 25)
(-22 38 25)
(-22 42 25)
(-22 46 25)
(-22 50 25)
(-22 54 25)
(-22 58 25)
(-22 62 25)
(-22 66 25)
(-22 70 25)
(-22 74 25)
(-22 78 25)
(-22 82 25)
(-22 86 25)
(-22 90 25)
(-22 94 25)
(-22 98 25)
(-18 2 25)
(-18 6 25)
(-18 10 25)
(-18 14 25)
(-18 18 25)
(-18 22 25)
(-18 26 25)
(-18 30 25)
(-18 34 25)
(-18 38 25)
(-18 42 25)
(-18 46 25)
(-18 50 25)
(-18 54 25)
(-18 58 25)
(-18 62 25)
(-18 66 25)
(-18 70 25)
(-18 74 25)
(-18 78 25)
(-18 82 25)
(-18 86 25)
(-18 90 25)
(-18 94 25)
(-18 98 25)
(-14 2 25)
(-14 6 25)
(-14 10 25)
(-14 14 25)
(-14 18 25)
(-14 22 25)
(-14 26 25)
(-14 30 25)
(-14 34 25)
(-14 38 25)
(-14 42 25)
(-14 46 25)
(-14 50 25)
(-14 54 25)
(-14 58 25)
(-14 62 25)
(-14 66 25)
(-14 70 25)
(-14 74 25)
(-14 78 25)
(-14 82 25)
(-14 86 25)
(-14 90 25)
(-14 94 25)
(-14 98 25)
(-10 2 25)
(-10 6 25)
(-10 10 25)
(-10 14 25)
(-10 18 25)
(-10 22 25)
(-10 26 25)
(-10 30 25)
(-10 34 25)
(-10 38 25)
(-10 42 25)
(-10 46 25)
(-10 50 25)
(-10 54 25)
(-10 58 25)
(-10 62 25)
(-10 66 25)
(-10 70 25)
(-10 74 25)
(-10 78 25)
(-10 82 25)
(-10 86 25)
(-10 90 25)
(-10 94 25)
(-10 98 25)
(-6 2 25)
(-6 6 25)
(-6 10 25)
(-6 14 25)
(-6 18 25)
(-6 22 25)
(-6 26 25)
(-6 30 25)
(-6 34 25)
(-6 38 25)
(-6 42 25)
(-6 46 25)
(-6 50 25)
(-6 54 25)
(-6 58 25)
(-6 62 25)
(-6 66 25)
(-6 70 25)
(-6 74 25)
(-6 78 25)
(-6 82 25)
(-6 86 25)
(-6 90 25)
(-6 94 25)
(-6 98 25)
(-2 2 25)
(-2 6 25)
(-2 10 25)
(-2 14 25)
(-2 18 25)
(-2 22 25)
(-2 26 25)
(-2 30 25)
(-2 34 25)
(-2 38 25)
(-2 42 25)
(-2 46 25)
(-2 50 25)
(-2 54 25)
(-2 58 25)
(-2 62 25)
(-2 66 25)
(-2 70 25)
(-2 74 25)
(-2 78 25)
(-2 82 25)
(-2 86 25)
(-2 90 25)
(-2 94 25)
(-2 98 25)
(2 2 25)
(2 6 25)
(2 10 25)
(2 14 25)
(2 18 25)
(2 22 25)
(2 26 25)
(2 30 25)
(2 34 25)
(2 38 25)
(2 42 25)
(2 46 25)
(2 50 25)
(2 54 25)
(2 58 25)
(2 62 25)
(2 66 25)
(2 70 25)
(2 74 25)
(2 78 25)
(2 82 25)
(2 86 25)
(2 90 25)
(2 94 25)
(2 98 25)
(6 2 25)
(6 6 25)
(6 10 25)
(6 14 25)
(6 18 25)
(6 22 25)
(6 26 25)
(6 30 25)
(6 34 25)
(6 38 25)
(6 42 25)
(6 46 25)
(6 50 25)
(6 54 25)
(6 58 25)
(6 62 25)
(6 66 25)
(6 70 25)
(6 74 25)
(6 78 25)
(6 82 25)
(6 86 25)
(6 90 25)
(6 94 25)
(6 98 25)
(10 2 25)
(10 6 25)
(10 10 25)
(10 14 25)
(10 18 25)
(10 22 25)
(10 26 25)
(10 30 25)
(10 34 25)
(10 38 25)
(10 42 25)
(10 46 25)
(10 50 25)
(10 54 25)
(10 58 25)
(10 62 25)
(10 66 25)
(10 70 25)
(10 74 25)
(10 78 25)
(10 82 25)
(10 86 25)
(10 90 25)
(10 94 25)
(10 98 25)
(14 2 25)
(14 6 25)
(14 10 25)
(14 14 25)
(14 18 25)
(14 22 25)
(14 26 25)
(14 30 25)
(14 34 25)
(14 38 25)
(14 42 25)
(14 46 25)
(14 50 25)
(14 54 25)
(14 58 25)
(14 62 25)
(14 66 25)
(14 70 25)
(14 74 25)
(14 78 25)
(14 82 25)
(14 86 25)
(14 90 25)
(14 94 25)
(14 98 25)
(18 2 25)
(18 6 25)
(18 10 25)
(18 14 25)
(18 18 25)
(18 22 25)
(18 26 25)
(18 30 25)
(18 34 25)
(18 38 25)
(18 42 25)
(18 46 25)
(18 50 25)
(18 54 25)
(18 58 25)
(18 62 25)
(18 66 25)
(18 70 25)
(18 74 25)
(18 78 25)
(18 82 25)
(18 86 25)
(18 90 25)
(18 94 25)
(18 98 25)
(22 2 25)
(22 6 25)
(22 10 25)
(22 14 25)
(22 18 25)
(22 22 25)
(22 26 25)
(22 30 25)
(22 34 25)
(22 38 25)
(22 42 25)
(22 46 25)
(22 50 25)
(22 54 25)
(22 58 25)
(22 62 25)
(22 66 25)
(22 70 25)
(22 74 25)
(22 78 25)
(22 82 25)
(22 86 25)
(22 90 25)
(22 94 25)
(22 98 25)
(26 2 25)
(26 6 25)
(26 10 25)
(26 14 25)
(26 18 25)
(26 22 25)
(26 26 25)
(26 30 25)
(26 34 25)
(26 38 25)
(26 42 25)
(26 46 25)
(26 50 25)
(26 54 25)
(26 58 25)
(26 62 25)
(26 66 25)
(26 70 25)
(26 74 25)
(26 78 25)
(26 82 25)
(26 86 25)
(26 90 25)
(26 94 25)
(26 98 25)
(30 2 25)
(30 6 25)
(30 10 25)
(30 14 25)
(30 18 25)
(30 22 25)
(30 26 25)
(30 30 25)
(30 34 25)
(30 38 25)
(30 42 25)
(30 46 25)
(30 50 25)
(30 54 25)
(30 58 25)
(30 62 25)
(30 66 25)
(30 70 25)
(30 74 25)
(30 78 25)
(30 82 25)
(30 86 25)
(30 90 25)
(30 94 25)
(30 98 25)
(34 46 25)
(34 50 25)
(34 54 25)
(34 58 25)
(34 62 25)
(34 66 25)
(34 70 25)
(34 74 25)
(34 78 25)
(34 82 25)
(34 86 25)
(34 90 25)
(34 94 25)
(34 98 25)
(34 2 25)
(34 6 25)
(34 10 25)
(34 14 25)
(34 18 25)
(34 22 25)
(34 26 25)
(34 30 25)
(34 34 25)
(34 38 25)
(34 42 25)
(38 2 25)
(38 6 25)
(38 10 25)
(38 14 25)
(38 18 25)
(38 22 25)
(38 26 25)
(38 30 25)
(38 34 25)
(38 38 25)
(38 42 25)
(38 46 25)
(38 50 25)
(38 54 25)
(38 58 25)
(38 62 25)
(38 66 25)
(38 70 25)
(38 74 25)
(38 78 25)
(38 82 25)
(38 86 25)
(38 90 25)
(38 94 25)
(38 98 25)
(42 2 25)
(42 6 25)
(42 10 25)
(42 14 25)
(42 18 25)
(42 22 25)
(42 26 25)
(42 30 25)
(42 34 25)
(42 38 25)
(42 42 25)
(42 46 25)
(42 50 25)
(42 54 25)
(42 58 25)
(42 62 25)
(42 66 25)
(42 70 25)
(42 74 25)
(42 78 25)
(42 82 25)
(42 86 25)
(42 90 25)
(42 94 25)
(42 98 25)
(46 2 25)
(46 6 25)
(46 10 25)
(46 14 25)
(46 18 25)
(46 22 25)
(46 26 25)
(46 30 25)
(46 34 25)
(46 38 25)
(46 42 25)
(46 46 25)
(46 50 25)
(46 54 25)
(46 58 25)
(46 62 25)
(46 66 25)
(46 70 25)
(46 74 25)
(46 78 25)
(46 82 25)
(46 86 25)
(46 90 25)
(46 94 25)
(46 98 25)
(50 2 25)
(50 6 25)
(50 10 25)
(50 14 25)
(50 18 25)
(50 22 25)
(50 26 25)
(50 30 25)
(50 34 25)
(50 38 25)
(50 42 25)
(50 46 25)
(50 50 25)
(50 54 25)
(50 58 25)
(50 62 25)
(50 66 25)
(50 70 25)
(50 74 25)
(50 78 25)
(50 82 25)
(50 86 25)
(50 90 25)
(50 94 25)
(50 98 25)
(54 2 25)
(54 6 25)
(54 10 25)
(54 14 25)
(54 18 25)
(54 22 25)
(54 26 25)
(54 30 25)
(54 34 25)
(54 38 25)
(54 42 25)
(54 46 25)
(54 50 25)
(54 54 25)
(54 58 25)
(54 62 25)
(54 66 25)
(54 70 25)
(54 74 25)
(54 78 25)
(54 82 25)
(54 86 25)
(54 90 25)
(54 94 25)
(54 98 25)
(58 2 25)
(58 6 25)
(58 10 25)
(58 14 25)
(58 18 25)
(58 22 25)
(58 26 25)
(58 30 25)
(58 34 25)
(58 38 25)
(58 42 25)
(58 46 25)
(58 50 25)
(58 54 25)
(58 58 25)
(58 62 25)
(58 66 25)
(58 70 25)
(58 74 25)
(58 78 25)
(58 82 25)
(58 86 25)
(58 90 25)
(58 94 25)
(58 98 25)
(62 2 25)
(62 6 25)
(62 10 25)
(62 14 25)
(62 18 25)
(62 22 25)
(62 26 25)
(62 30 25)
(62 34 25)
(62 38 25)
(62 42 25)
(62 46 25)
(62 50 25)
(62 54 25)
(62 58 25)
(62 62 25)
(62 66 25)
(62 70 25)
(62 74 25)
(62 78 25)
(62 82 25)
(62 86 25)
(62 90 25)
(62 94 25)
(62 98 25)
(66 2 25)
(66 6 25)
(66 10 25)
(66 14 25)
(66 18 25)
(66 22 25)
(66 26 25)
(66 30 25)
(66 34 25)
(66 38 25)
(66 42 25)
(66 46 25)
(66 50 25)
(66 54 25)
(66 58 25)
(66 62 25)
(66 66 25)
(66 70 25)
(66 74 25)
(66 78 25)
(66 82 25)
(66 86 25)
(66 90 25)
(66 94 25)
(66 98 25)
(70 2 25)
(70 6 25)
(70 10 25)
(70 14 25)
(70 18 25)
(70 22 25)
(70 26 25)
(70 30 25)
(70 34 25)
(70 38 25)
(70 42 25)
(70 46 25)
(70 50 25)
(70 54 25)
(70 58 25)
(70 62 25)
(70 66 25)
(70 70 25)
(70 74 25)
(70 78 25)
(70 82 25)
(70 86 25)
(70 90 25)
(70 94 25)
(70 98 25)
(74 2 25)
(74 6 25)
(74 10 25)
(74 14 25)
(74 18 25)
(74 22 25)
(74 26 25)
(74 30 25)
(74 34 25)
(74 38 25)
(74 42 25)
(74 46 25)
(74 50 25)
(74 54 25)
(74 58 25)
(74 62 25)
(74 66 25)
(74 70 25)
(74 74 25)
(74 78 25)
(74 82 25)
(74 86 25)
(74 90 25)
(74 94 25)
(74 98 25)
(78 2 25)
(78 6 25)
(78 10 25)
(78 14 25)
(78 18 25)
(78 22 25)
(78 26 25)
(78 30 25)
(78 34 25)
(78 38 25)
(78 42 25)
(78 46 25)
(78 50 25)
(78 54 25)
(78 58 25)
(78 62 25)
(78 66 25)
(78 70 25)
(78 74 25)
(78 78 25)
(78 82 25)
(78 86 25)
(78 90 25)
(78 94 25)
(78 98 25)
(82 2 25)
(82 6 25)
(82 10 25)
(82 14 25)
(82 18 25)
(82 22 25)
(82 26 25)
(82 30 25)
(82 34 25)
(82 38 25)
(82 42 25)
(82 46 25)
(82 50 25)
(82 54 25)
(82 58 25)
(82 62 25)
(82 66 25)
(82 70 25)
(82 74 25)
(82 78 25)
(82 82 25)
(82 86 25)
(82 90 25)
(82 94 25)
(82 98 25)
(86 2 25)
(86 6 25)
(86 10 25)
(86 14 25)
(86 18 25)
(86 22 25)
(86 26 25)
(86 30 25)
(86 34 25)
(86 38 25)
(86 42 25)
(86 46 25)
(86 50 25)
(86 54 25)
(86 58 25)
(86 62 25)
(86 66 25)
(86 70 25)
(86 74 25)
(86 78 25)
(86 82 25)
(86 86 25)
(86 90 25)
(86 94 25)
(86 98 25)
(90 -2 25)
(90 2 25)
(90 6 25)
(90 10 25)
(90 14 25)
(90 18 25)
(90 22 25)
(90 26 25)
(90 30 25)
(90 34 25)
(90 38 25)
(90 42 25)
(90 46 25)
(90 50 25)
(90 54 25)
(90 58 25)
(90 62 25)
(90 66 25)
(90 70 25)
(90 74 25)
(90 78 25)
(90 82 25)
(90 86 25)
(90 90 25)
(90 94 25)
(90 98 25)
(94 -2 25)
(94 2 25)
(94 6 25)
(94 10 25)
(94 14 25)
(94 18 25)
(94 22 25)
(94 26 25)
(94 30 25)
(94 34 25)
(94 38 25)
(94 42 25)
(94 46 25)
(94 50 25)
(94 54 25)
(94 58 25)
(94 62 25)
(94 66 25)
(94 70 25)
(94 74 25)
(94 78 25)
(94 82 25)
(94 86 25)
(94 90 25)
(94 94 25)
(94 98 25)
(98 -2 25)
(98 2 25)
(98 6 25)
(98 10 25)
(98 14 25)
(98 18 25)
(98 22 25)
(98 26 25)
(98 30 25)
(98 34 25)
(98 38 25)
(98 42 25)
(98 46 25)
(98 50 25)
(98 54 25)
(98 58 25)
(98 62 25)
(98 66 25)
(98 70 25)
(98 74 25)
(98 78 25)
(98 82 25)
(98 86 25)
(98 90 25)
(98 94 25)
(98 98 25)
)
;
    }
}


// ************************************************************************* //
