/*--------------------------------*- C++ -*----------------------------------*\
  =========                 |
  \\      /  F ield         | OpenFOAM: The Open Source CFD Toolbox
   \\    /   O peration     | Website:  https://openfoam.org
    \\  /    A nd           | Version:  10
     \\/     M anipulation  |
\*---------------------------------------------------------------------------*/
FoamFile
{
    format      ascii;
    class       volScalarField;
    location    "10";
    object      p;
}
// * * * * * * * * * * * * * * * * * * * * * * * * * * * * * * * * * * * * * //

dimensions      [0 2 -2 0 0 0 0];

internalField   nonuniform List<scalar> 
12500
(
-4.31218e-06
-1.22248e-05
-1.94963e-05
-2.62321e-05
-3.25135e-05
-3.83976e-05
-4.39236e-05
-4.91093e-05
-5.39713e-05
-5.85002e-05
-6.26857e-05
-6.65066e-05
-6.99345e-05
-7.29703e-05
-7.56044e-05
-7.78456e-05
-4.25232e-06
-1.20671e-05
-1.92578e-05
-2.59277e-05
-3.21595e-05
-3.80017e-05
-4.34877e-05
-4.8635e-05
-5.34485e-05
-5.79247e-05
-6.20492e-05
-6.58016e-05
-6.91697e-05
-7.21462e-05
-7.47405e-05
-7.69494e-05
-4.1534e-06
-1.17945e-05
-1.88375e-05
-2.53853e-05
-3.15127e-05
-3.72642e-05
-4.26647e-05
-4.77268e-05
-5.24475e-05
-5.68219e-05
-6.08325e-05
-6.44665e-05
-6.77251e-05
-7.06093e-05
-7.31316e-05
-7.52841e-05
-4.01752e-06
-1.14138e-05
-1.82477e-05
-2.46156e-05
-3.05789e-05
-3.61802e-05
-4.14387e-05
-4.63575e-05
-5.09325e-05
-5.51502e-05
-5.89972e-05
-6.24751e-05
-6.55903e-05
-6.83608e-05
-7.07822e-05
-7.28588e-05
-3.85062e-06
-1.094e-05
-1.7504e-05
-2.36294e-05
-2.93714e-05
-3.47639e-05
-3.98209e-05
-4.45403e-05
-4.89143e-05
-5.29264e-05
-5.65756e-05
-5.98681e-05
-6.28231e-05
-6.54525e-05
-6.77533e-05
-6.9735e-05
-3.65171e-06
-1.03771e-05
-1.6613e-05
-2.24367e-05
-2.79e-05
-3.30279e-05
-3.78279e-05
-4.22969e-05
-4.64197e-05
-5.01891e-05
-5.36069e-05
-5.66926e-05
-5.9467e-05
-6.1933e-05
-6.41034e-05
-6.59747e-05
-3.4237e-06
-9.72961e-06
-1.55814e-05
-2.10505e-05
-2.61806e-05
-3.09917e-05
-3.54852e-05
-3.9656e-05
-4.34869e-05
-4.69823e-05
-5.01484e-05
-5.3012e-05
-5.55865e-05
-5.78817e-05
-5.9912e-05
-6.16711e-05
-3.1667e-06
-8.99975e-06
-1.4419e-05
-1.94855e-05
-2.42364e-05
-2.86838e-05
-3.28289e-05
-3.66575e-05
-4.01681e-05
-4.33622e-05
-4.62653e-05
-4.88935e-05
-5.1259e-05
-5.33815e-05
-5.52629e-05
-5.69112e-05
-2.88247e-06
-8.19877e-06
-1.31462e-05
-1.77714e-05
-2.21057e-05
-2.61535e-05
-2.99141e-05
-3.33714e-05
-3.65369e-05
-3.94167e-05
-4.20412e-05
-4.44207e-05
-4.65732e-05
-4.85145e-05
-5.02473e-05
-5.17841e-05
-2.57548e-06
-7.34241e-06
-1.17875e-05
-1.59473e-05
-1.98363e-05
-2.34607e-05
-2.68068e-05
-2.9879e-05
-3.26808e-05
-3.52396e-05
-3.75709e-05
-3.96914e-05
-4.16222e-05
-4.33726e-05
-4.49619e-05
-4.63845e-05
-2.25931e-06
-6.4592e-06
-1.03851e-05
-1.40635e-05
-1.74921e-05
-2.06736e-05
-2.35925e-05
-2.62674e-05
-2.87028e-05
-3.09312e-05
-3.29622e-05
-3.48173e-05
-3.65183e-05
-3.80796e-05
-3.95198e-05
-4.08328e-05
-1.94512e-06
-5.57856e-06
-8.97972e-06
-1.21671e-05
-1.51313e-05
-1.78544e-05
-2.03491e-05
-2.2619e-05
-2.46928e-05
-2.65852e-05
-2.83146e-05
-2.99046e-05
-3.13729e-05
-3.27471e-05
-3.40309e-05
-3.52328e-05
-1.64485e-06
-4.72835e-06
-7.61071e-06
-1.0306e-05
-1.28007e-05
-1.50703e-05
-1.71402e-05
-1.90158e-05
-2.07314e-05
-2.22953e-05
-2.37302e-05
-2.50564e-05
-2.62965e-05
-2.74754e-05
-2.85982e-05
-2.96753e-05
-1.36461e-06
-3.92086e-06
-6.29966e-06
-8.50318e-06
-1.05252e-05
-1.2354e-05
-1.4002e-05
-1.55026e-05
-1.68692e-05
-1.812e-05
-1.92734e-05
-2.03459e-05
-2.1364e-05
-2.23413e-05
-2.32981e-05
-2.4233e-05
-1.11009e-06
-3.16073e-06
-5.04259e-06
-6.75612e-06
-8.3081e-06
-9.69818e-06
-1.0944e-05
-1.20834e-05
-1.31226e-05
-1.4081e-05
-1.49704e-05
-1.58076e-05
-1.66118e-05
-1.73965e-05
-1.81802e-05
-1.89658e-05
-1.97509e-05
-8.67373e-07
-2.42436e-06
-3.79922e-06
-5.0232e-06
-6.10389e-06
-7.05599e-06
-7.92106e-06
-8.71179e-06
-9.44555e-06
-1.01308e-05
-1.07785e-05
-1.14012e-05
-1.20085e-05
-1.26179e-05
-1.32329e-05
-1.38613e-05
-1.45063e-05
-6.13568e-07
-1.6605e-06
-2.51333e-06
-3.23424e-06
-3.83977e-06
-4.36673e-06
-4.85634e-06
-5.31328e-06
-5.75502e-06
-6.1828e-06
-6.60693e-06
-7.03242e-06
-7.46526e-06
-7.9117e-06
-8.37273e-06
-8.85539e-06
-9.36632e-06
-3.26493e-07
-8.1428e-07
-1.12842e-06
-1.32551e-06
-1.45321e-06
-1.5648e-06
-1.67517e-06
-1.80451e-06
-1.95477e-06
-2.13268e-06
-2.34061e-06
-2.57926e-06
-2.8508e-06
-3.14961e-06
-3.47618e-06
-3.82641e-06
-4.21213e-06
2.9292e-09
1.22563e-07
3.74676e-07
7.05268e-07
1.05118e-06
1.36404e-06
1.6357e-06
1.84332e-06
1.99008e-06
2.06816e-06
2.08021e-06
2.02726e-06
1.91529e-06
1.75728e-06
1.55944e-06
1.32292e-06
1.0427e-06
3.65956e-07
1.11637e-06
1.94912e-06
2.78931e-06
3.59942e-06
4.3486e-06
5.00451e-06
5.56405e-06
6.01733e-06
6.36585e-06
6.60853e-06
6.75232e-06
6.80961e-06
6.79072e-06
6.71925e-06
6.59527e-06
6.41016e-06
7.30645e-07
2.0926e-06
3.46984e-06
4.80499e-06
6.06752e-06
7.23458e-06
8.27889e-06
9.19412e-06
9.96824e-06
1.06011e-05
1.10935e-05
1.14531e-05
1.1695e-05
1.18406e-05
1.19066e-05
1.18957e-05
1.18108e-05
1.04936e-06
2.92012e-06
4.75624e-06
6.54416e-06
8.22705e-06
9.78253e-06
1.1203e-05
1.24708e-05
1.35782e-05
1.45116e-05
1.52737e-05
1.58694e-05
1.63254e-05
1.66534e-05
1.68759e-05
1.70053e-05
1.70342e-05
1.2056e-06
3.34531e-06
5.49196e-06
7.62993e-06
9.67254e-06
1.16035e-05
1.33923e-05
1.50126e-05
1.64518e-05
1.76914e-05
1.87344e-05
1.95903e-05
2.02732e-05
2.08136e-05
2.12181e-05
2.14943e-05
2.16659e-05
1.07352e-06
3.15685e-06
5.38127e-06
7.71748e-06
1.00519e-05
1.23254e-05
1.44792e-05
1.6459e-05
1.82365e-05
1.97979e-05
2.11351e-05
2.22587e-05
2.31894e-05
2.39483e-05
2.45447e-05
2.50027e-05
2.53538e-05
6.93234e-07
2.43445e-06
4.58781e-06
7.0152e-06
9.61672e-06
1.22076e-05
1.47296e-05
1.70885e-05
1.92352e-05
2.11304e-05
2.27783e-05
2.41873e-05
2.53945e-05
2.63995e-05
2.72374e-05
2.79335e-05
2.85436e-05
3.15589e-07
1.69722e-06
3.78161e-06
-4.10633e-06
-1.17582e-05
-1.8876e-05
-2.55157e-05
-3.1733e-05
-3.75657e-05
-4.3044e-05
-4.81864e-05
-5.30034e-05
-5.74929e-05
-6.16438e-05
-6.54386e-05
-6.88571e-05
-7.18894e-05
-7.45338e-05
-7.67944e-05
-4.05189e-06
-1.16126e-05
-1.86552e-05
-2.52326e-05
-3.13966e-05
-3.71837e-05
-4.26195e-05
-4.77196e-05
-5.24915e-05
-5.69312e-05
-6.10276e-05
-6.47642e-05
-6.81282e-05
-7.11128e-05
-7.37183e-05
-7.59496e-05
-3.95788e-06
-1.13522e-05
-1.82527e-05
-2.47081e-05
-3.07659e-05
-3.64586e-05
-4.18059e-05
-4.68185e-05
-5.14996e-05
-5.58428e-05
-5.98364e-05
-6.34694e-05
-6.67366e-05
-6.96374e-05
-7.21743e-05
-7.43512e-05
-3.82625e-06
-1.09837e-05
-1.76764e-05
-2.39488e-05
-2.98422e-05
-3.53836e-05
-4.05876e-05
-4.54599e-05
-4.99985e-05
-5.41959e-05
-5.80414e-05
-6.15309e-05
-6.46669e-05
-6.74541e-05
-6.98965e-05
-7.19971e-05
-3.66364e-06
-1.05215e-05
-1.69448e-05
-2.29742e-05
-2.86448e-05
-3.39776e-05
-3.89829e-05
-4.36618e-05
-4.80083e-05
-5.20142e-05
-5.56733e-05
-5.8988e-05
-6.19663e-05
-6.46172e-05
-6.69452e-05
-6.89524e-05
-3.47087e-06
-9.97041e-06
-1.60667e-05
-2.17959e-05
-2.71878e-05
-3.22576e-05
-3.70118e-05
-4.14472e-05
-4.55562e-05
-4.93311e-05
-5.27717e-05
-5.58861e-05
-5.86875e-05
-6.11851e-05
-6.33832e-05
-6.52867e-05
-3.24876e-06
-9.33515e-06
-1.50509e-05
-2.04275e-05
-2.54892e-05
-3.02471e-05
-3.4703e-05
-3.88506e-05
-4.26821e-05
-4.61936e-05
-4.93906e-05
-5.22872e-05
-5.48973e-05
-5.72291e-05
-5.92896e-05
-6.10836e-05
-2.99692e-06
-8.6194e-06
-1.39066e-05
-1.88849e-05
-2.35726e-05
-2.79762e-05
-3.20931e-05
-3.59158e-05
-3.94374e-05
-4.26596e-05
-4.55953e-05
-4.826e-05
-5.06668e-05
-5.28261e-05
-5.47451e-05
-5.64271e-05
-2.72116e-06
-7.83754e-06
-1.26577e-05
-1.72016e-05
-2.14808e-05
-2.54965e-05
-2.92427e-05
-3.27112e-05
-3.58994e-05
-3.88145e-05
-4.14755e-05
-4.38963e-05
-4.60919e-05
-4.8073e-05
-4.98469e-05
-5.14155e-05
-2.42682e-06
-7.00616e-06
-1.13325e-05
-1.54165e-05
-1.92623e-05
-2.28654e-05
-2.62176e-05
-2.93116e-05
-3.21501e-05
-3.47482e-05
-3.71224e-05
-3.92907e-05
-4.12672e-05
-4.30641e-05
-4.46882e-05
-4.61431e-05
-2.12489e-06
-6.15322e-06
-9.97101e-06
-1.35802e-05
-1.69772e-05
-2.01523e-05
-2.30953e-05
-2.58034e-05
-2.8285e-05
-3.05585e-05
-3.264e-05
-3.4549e-05
-3.63001e-05
-3.79072e-05
-3.93782e-05
-4.07162e-05
-1.82419e-06
-5.30316e-06
-8.60826e-06
-1.17373e-05
-1.46776e-05
-1.7416e-05
-1.99438e-05
-2.22623e-05
-2.43864e-05
-2.63322e-05
-2.812e-05
-2.97662e-05
-3.12885e-05
-3.27008e-05
-3.4013e-05
-3.52267e-05
-1.5388e-06
-4.48366e-06
-7.28363e-06
-9.93233e-06
-1.24144e-05
-1.4715e-05
-1.68291e-05
-1.87636e-05
-2.05351e-05
-2.21612e-05
-2.36592e-05
-2.50459e-05
-2.63386e-05
-2.75517e-05
-2.86957e-05
-2.97739e-05
-1.27361e-06
-3.70664e-06
-6.01231e-06
-8.18221e-06
-1.02074e-05
-1.20736e-05
-1.37816e-05
-1.53444e-05
-1.67766e-05
-1.8096e-05
-1.93164e-05
-2.04532e-05
-2.15202e-05
-2.25323e-05
-2.34993e-05
-2.44292e-05
-1.02932e-06
-2.9747e-06
-4.79078e-06
-6.4849e-06
-8.0533e-06
-9.4917e-06
-1.08068e-05
-1.20125e-05
-1.3125e-05
-1.41562e-05
-1.51177e-05
-1.60202e-05
-1.68745e-05
-1.76915e-05
-1.84788e-05
-1.92458e-05
-7.9671e-07
-2.26207e-06
-3.58463e-06
-4.79961e-06
-5.91004e-06
-6.92732e-06
-7.86182e-06
-8.72916e-06
-9.54003e-06
-1.03031e-05
-1.10261e-05
-1.1715e-05
-1.23773e-05
-1.30156e-05
-1.36371e-05
-1.42431e-05
-5.56837e-07
-1.5187e-06
-2.33693e-06
-3.06003e-06
-3.71333e-06
-4.31517e-06
-4.87887e-06
-5.41856e-06
-5.9406e-06
-6.45002e-06
-6.94999e-06
-7.44381e-06
-7.93321e-06
-8.41711e-06
-8.8918e-06
-9.3469e-06
-9.78131e-06
-2.75907e-07
-6.90981e-07
-9.78376e-07
-1.19717e-06
-1.38992e-06
-1.57567e-06
-1.77027e-06
-1.98251e-06
-2.21627e-06
-2.47283e-06
-2.75283e-06
-3.0556e-06
-3.37762e-06
-3.71272e-06
-4.0484e-06
-4.36618e-06
-4.67161e-06
5.11069e-08
2.35431e-07
5.05233e-07
7.9477e-07
1.06828e-06
1.30233e-06
1.48508e-06
1.61003e-06
1.67578e-06
1.68319e-06
1.63325e-06
1.53155e-06
1.38602e-06
1.20712e-06
1.00504e-06
8.00372e-07
5.91616e-07
4.11143e-07
1.22409e-06
2.0562e-06
2.85457e-06
3.59306e-06
4.25319e-06
4.82314e-06
5.29995e-06
5.68236e-06
5.9712e-06
6.17037e-06
6.28746e-06
6.33322e-06
6.31796e-06
6.26191e-06
6.15949e-06
6.01189e-06
7.71898e-07
2.19516e-06
3.56265e-06
4.85528e-06
6.04986e-06
7.13432e-06
8.10038e-06
8.94262e-06
9.65811e-06
1.02495e-05
1.07201e-05
1.10795e-05
1.13378e-05
1.1511e-05
1.16017e-05
1.16191e-05
1.15449e-05
1.09085e-06
3.03187e-06
4.86672e-06
6.60722e-06
8.22961e-06
9.72823e-06
1.10883e-05
1.23026e-05
1.33661e-05
1.42766e-05
1.50396e-05
1.56636e-05
1.61595e-05
1.65423e-05
1.68158e-05
1.69666e-05
1.69861e-05
1.27082e-06
3.52752e-06
5.6923e-06
7.78443e-06
9.77652e-06
1.16536e-05
1.33938e-05
1.49758e-05
1.63894e-05
1.76305e-05
1.86973e-05
1.96015e-05
2.03566e-05
2.09644e-05
2.14284e-05
2.17355e-05
2.19181e-05
1.20905e-06
3.48942e-06
5.79821e-06
8.10701e-06
1.03795e-05
1.25821e-05
1.46672e-05
1.66083e-05
1.83732e-05
1.99457e-05
2.13242e-05
2.25134e-05
2.35275e-05
2.43705e-05
2.50386e-05
2.5552e-05
2.59485e-05
9.35143e-07
2.99989e-06
5.29455e-06
7.73033e-06
1.02407e-05
1.27333e-05
1.51599e-05
1.74675e-05
1.9594e-05
2.15035e-05
2.31975e-05
2.46817e-05
2.59669e-05
2.70667e-05
2.79951e-05
2.87757e-05
2.9433e-05
6.39923e-07
2.44602e-06
4.72858e-06
7.31688e-06
1.0094e-05
1.29282e-05
-3.82663e-06
-1.11052e-05
-1.79916e-05
-2.44851e-05
-3.06015e-05
-3.63594e-05
-4.17732e-05
-4.6855e-05
-5.16113e-05
-5.60439e-05
-6.01445e-05
-6.39024e-05
-6.73031e-05
-7.03338e-05
-7.29924e-05
-7.52852e-05
-3.78114e-06
-1.09782e-05
-1.77938e-05
-2.42249e-05
-3.02869e-05
-3.59958e-05
-4.13639e-05
-4.64024e-05
-5.11153e-05
-5.55022e-05
-5.95562e-05
-6.32671e-05
-6.66226e-05
-6.96132e-05
-7.22367e-05
-7.45032e-05
-3.69558e-06
-1.07373e-05
-1.74158e-05
-2.37244e-05
-2.96775e-05
-3.52869e-05
-4.0562e-05
-4.5511e-05
-5.01356e-05
-5.44332e-05
-5.83975e-05
-6.20203e-05
-6.52924e-05
-6.8208e-05
-7.07687e-05
-7.29835e-05
-3.57181e-06
-1.03874e-05
-1.68625e-05
-2.29875e-05
-2.87735e-05
-3.42281e-05
-3.93578e-05
-4.41675e-05
-4.86557e-05
-5.28188e-05
-5.66516e-05
-6.01473e-05
-6.33007e-05
-6.61117e-05
-6.85845e-05
-7.07261e-05
-3.41523e-06
-9.94046e-06
-1.61499e-05
-2.20323e-05
-2.75942e-05
-3.28396e-05
-3.77726e-05
-4.23939e-05
-4.66998e-05
-5.06867e-05
-5.43501e-05
-5.76856e-05
-6.06929e-05
-6.33764e-05
-6.57414e-05
-6.77939e-05
-3.22807e-06
-9.40335e-06
-1.529e-05
-2.08743e-05
-2.61588e-05
-3.11448e-05
-3.5833e-05
-4.02202e-05
-4.43024e-05
-4.80758e-05
-5.15374e-05
-5.46851e-05
-5.7525e-05
-6.00636e-05
-6.23054e-05
-6.42586e-05
-3.01143e-06
-8.78214e-06
-1.42937e-05
-1.95297e-05
-2.44895e-05
-2.91708e-05
-3.35709e-05
-3.76842e-05
-4.15065e-05
-4.50341e-05
-4.82653e-05
-5.12048e-05
-5.38616e-05
-5.62426e-05
-5.83524e-05
-6.01989e-05
-2.76647e-06
-8.08405e-06
-1.31747e-05
-1.80203e-05
-2.26149e-05
-2.69533e-05
-3.10288e-05
-3.48348e-05
-3.83666e-05
-4.16212e-05
-4.46011e-05
-4.73166e-05
-4.97783e-05
-5.19923e-05
-5.39643e-05
-5.56993e-05
-2.50004e-06
-7.32482e-06
-1.19585e-05
-1.63801e-05
-2.0578e-05
-2.4543e-05
-2.82656e-05
-3.17385e-05
-3.49553e-05
-3.79162e-05
-4.06303e-05
-4.31106e-05
-4.53681e-05
-4.74081e-05
-4.92369e-05
-5.08564e-05
-2.21849e-06
-6.52313e-06
-1.0676e-05
-1.46497e-05
-1.84285e-05
-2.19982e-05
-2.53474e-05
-2.84666e-05
-3.1351e-05
-3.40058e-05
-3.64444e-05
-3.8682e-05
-4.07268e-05
-4.2586e-05
-4.42628e-05
-4.57632e-05
-1.93179e-06
-5.70449e-06
-9.36339e-06
-1.28764e-05
-1.62222e-05
-1.9383e-05
-2.23453e-05
-2.50975e-05
-2.76396e-05
-2.9982e-05
-3.21399e-05
-3.41282e-05
-3.59525e-05
-3.76221e-05
-3.91413e-05
-4.05148e-05
-1.64754e-06
-4.89053e-06
-8.05362e-06
-1.11014e-05
-1.40081e-05
-1.67534e-05
-1.93203e-05
-2.17006e-05
-2.38988e-05
-2.59279e-05
-2.78042e-05
-2.95361e-05
-3.11347e-05
-3.2607e-05
-3.39598e-05
-3.5196e-05
-1.37685e-06
-4.10414e-06
-6.77784e-06
-9.36123e-06
-1.18283e-05
-1.41555e-05
-1.6327e-05
-1.83387e-05
-2.01988e-05
-2.19194e-05
-2.35149e-05
-2.49923e-05
-2.63623e-05
-2.76311e-05
-2.88069e-05
-2.98928e-05
-1.12332e-06
-3.35489e-06
-5.54749e-06
-7.67082e-06
-9.69931e-06
-1.1611e-05
-1.33931e-05
-1.50465e-05
-1.65794e-05
-1.8004e-05
-1.93263e-05
-2.05568e-05
-2.17007e-05
-2.27641e-05
-2.37516e-05
-2.46753e-05
-8.88724e-07
-2.64427e-06
-4.36224e-06
-6.02751e-06
-7.61891e-06
-9.12112e-06
-1.05254e-05
-1.1835e-05
-1.30567e-05
-1.41995e-05
-1.52668e-05
-1.62652e-05
-1.71961e-05
-1.80607e-05
-1.88657e-05
-1.96207e-05
-6.65573e-07
-1.94795e-06
-3.19195e-06
-4.39484e-06
-5.55184e-06
-6.6507e-06
-7.68976e-06
-8.67061e-06
-9.59905e-06
-1.04771e-05
-1.13085e-05
-1.20944e-05
-1.28331e-05
-1.35223e-05
-1.41628e-05
-1.47486e-05
-4.33716e-07
-1.22477e-06
-1.97923e-06
-2.71355e-06
-3.4348e-06
-4.13659e-06
-4.81857e-06
-5.48081e-06
-6.12545e-06
-6.75219e-06
-7.3611e-06
-7.95031e-06
-8.51576e-06
-9.05218e-06
-9.54298e-06
-9.9697e-06
-1.61423e-07
-4.18363e-07
-6.59641e-07
-9.16782e-07
-1.19611e-06
-1.50029e-06
-1.82385e-06
-2.16623e-06
-2.52509e-06
-2.89845e-06
-3.28261e-06
-3.67337e-06
-4.06383e-06
-4.44222e-06
-4.79165e-06
-5.07945e-06
-5.27968e-06
1.61602e-07
4.89605e-07
7.8246e-07
1.01617e-06
1.1844e-06
1.28711e-06
1.3317e-06
1.32259e-06
1.26391e-06
1.1611e-06
1.01984e-06
8.47159e-07
6.51904e-07
4.41642e-07
2.36343e-07
6.82577e-08
-6.64229e-08
5.18199e-07
1.46967e-06
2.30979e-06
3.04123e-06
3.66083e-06
4.18166e-06
4.60901e-06
4.95243e-06
5.21765e-06
5.4119e-06
5.54187e-06
5.61542e-06
5.64e-06
5.62397e-06
5.56805e-06
5.50065e-06
5.41055e-06
8.8725e-07
2.45843e-06
3.83747e-06
5.05333e-06
6.12394e-06
7.06745e-06
7.89355e-06
8.61179e-06
9.22868e-06
9.75024e-06
1.01836e-05
1.05373e-05
1.08121e-05
1.10155e-05
1.11446e-05
1.11852e-05
1.1122e-05
1.22468e-06
3.34283e-06
5.20435e-06
6.8648e-06
8.36502e-06
9.7233e-06
1.09539e-05
1.2061e-05
1.30472e-05
1.39184e-05
1.46796e-05
1.53356e-05
1.58864e-05
1.63322e-05
1.66641e-05
1.68354e-05
1.68653e-05
1.44698e-06
3.94212e-06
6.1692e-06
8.19504e-06
1.00684e-05
1.18095e-05
1.34251e-05
1.49116e-05
1.62671e-05
1.74925e-05
1.85873e-05
1.95509e-05
2.03867e-05
2.10828e-05
2.16242e-05
2.19857e-05
2.21935e-05
1.47303e-06
4.11166e-06
6.54527e-06
8.82219e-06
1.09881e-05
1.30509e-05
1.50083e-05
1.68429e-05
1.85482e-05
2.0115e-05
2.15353e-05
2.28032e-05
2.39147e-05
2.48655e-05
2.56335e-05
2.62368e-05
2.66948e-05
1.33471e-06
3.91627e-06
6.4306e-06
8.87774e-06
1.12799e-05
1.3628e-05
1.58946e-05
1.80679e-05
2.01181e-05
2.2021e-05
2.37545e-05
2.5325e-05
2.67185e-05
2.79324e-05
2.89809e-05
2.98662e-05
3.06158e-05
1.1617e-06
3.63957e-06
6.23053e-06
8.86413e-06
1.15274e-05
1.41893e-05
1.68114e-05
1.93642e-05
-3.5899e-06
-1.05369e-05
-1.72061e-05
-2.35595e-05
-2.95805e-05
-3.52688e-05
-4.06254e-05
-4.56561e-05
-5.03636e-05
-5.47484e-05
-5.88067e-05
-6.25309e-05
-6.5911e-05
-6.89376e-05
-7.16109e-05
-7.39395e-05
-3.55045e-06
-1.04232e-05
-1.70246e-05
-2.33155e-05
-2.92814e-05
-3.49185e-05
-4.02278e-05
-4.52139e-05
-4.98786e-05
-5.42215e-05
-5.82388e-05
-6.1923e-05
-6.52649e-05
-6.8257e-05
-7.08992e-05
-7.3202e-05
-3.47154e-06
-1.01977e-05
-1.66656e-05
-2.28347e-05
-2.86896e-05
-3.4224e-05
-3.94375e-05
-4.43332e-05
-4.89114e-05
-5.31708e-05
-5.71072e-05
-6.07138e-05
-6.39826e-05
-6.69087e-05
-6.94932e-05
-7.17464e-05
-3.35447e-06
-9.86315e-06
-1.61316e-05
-2.21177e-05
-2.78039e-05
-3.31814e-05
-3.82486e-05
-4.30058e-05
-4.74521e-05
-5.15854e-05
-5.54014e-05
-5.88938e-05
-6.20567e-05
-6.48877e-05
-6.73899e-05
-6.95735e-05
-3.20241e-06
-9.4282e-06
-1.54354e-05
-2.118e-05
-2.66421e-05
-3.1811e-05
-3.66829e-05
-4.12558e-05
-4.55275e-05
-4.94952e-05
-5.31546e-05
-5.65008e-05
-5.95303e-05
-6.22424e-05
-6.46425e-05
-6.67406e-05
-3.01912e-06
-8.90234e-06
-1.45915e-05
-2.00407e-05
-2.52279e-05
-3.01408e-05
-3.47726e-05
-3.91195e-05
-4.31779e-05
-4.69448e-05
-5.04162e-05
-5.35892e-05
-5.64612e-05
-5.90358e-05
-6.13189e-05
-6.33203e-05
-2.80606e-06
-8.29214e-06
-1.3612e-05
-1.8718e-05
-2.35858e-05
-2.82002e-05
-3.25524e-05
-3.66363e-05
-4.04477e-05
-4.39829e-05
-4.72395e-05
-5.02144e-05
-5.29112e-05
-5.53349e-05
-5.74904e-05
-5.93867e-05
-2.56738e-06
-7.60942e-06
-1.25168e-05
-1.72397e-05
-2.17503e-05
-2.6031e-05
-3.00706e-05
-3.3861e-05
-3.73968e-05
-4.06749e-05
-4.36926e-05
-4.64526e-05
-4.89617e-05
-5.12229e-05
-5.32422e-05
-5.50276e-05
-2.30779e-06
-6.8684e-06
-1.13296e-05
-1.56379e-05
-1.9762e-05
-2.36814e-05
-2.73821e-05
-3.08543e-05
-3.40917e-05
-3.70919e-05
-3.98535e-05
-4.23871e-05
-4.46966e-05
-4.67865e-05
-4.86623e-05
-5.03299e-05
-2.03584e-06
-6.09078e-06
-1.00832e-05
-1.39555e-05
-1.76728e-05
-2.12112e-05
-2.45542e-05
-2.76901e-05
-3.06128e-05
-3.33188e-05
-3.58164e-05
-3.81128e-05
-4.02132e-05
-4.2123e-05
-4.38467e-05
-4.53895e-05
-1.759e-06
-5.29702e-06
-8.80905e-06
-1.22335e-05
-1.55319e-05
-1.86769e-05
-2.16497e-05
-2.44374e-05
-2.70334e-05
-2.94389e-05
-3.1665e-05
-3.37163e-05
-3.55997e-05
-3.73206e-05
-3.88829e-05
-4.02909e-05
-1.48631e-06
-4.50958e-06
-7.53986e-06
-1.05132e-05
-1.33878e-05
-1.61336e-05
-1.87298e-05
-2.11635e-05
-2.34291e-05
-2.55344e-05
-2.74841e-05
-2.92855e-05
-3.09456e-05
-3.24687e-05
-3.3859e-05
-3.51208e-05
-1.22319e-06
-3.74276e-06
-6.29656e-06
-8.82105e-06
-1.12717e-05
-1.36174e-05
-1.58364e-05
-1.79168e-05
-1.98576e-05
-2.16628e-05
-2.33378e-05
-2.48892e-05
-2.63224e-05
-2.76403e-05
-2.88481e-05
-2.99502e-05
-9.74078e-07
-3.0054e-06
-5.09169e-06
-7.17149e-06
-9.20178e-06
-1.11504e-05
-1.29972e-05
-1.47321e-05
-1.63564e-05
-1.78702e-05
-1.92785e-05
-2.0586e-05
-2.17942e-05
-2.29049e-05
-2.3922e-05
-2.48523e-05
-7.37956e-07
-2.29383e-06
-3.91882e-06
-5.55663e-06
-7.17013e-06
-8.72716e-06
-1.02106e-05
-1.16139e-05
-1.2933e-05
-1.41695e-05
-1.53255e-05
-1.6402e-05
-1.73965e-05
-1.83064e-05
-1.91335e-05
-1.98858e-05
-5.09526e-07
-1.59285e-06
-2.75428e-06
-3.95107e-06
-5.1489e-06
-6.32193e-06
-7.45383e-06
-8.53604e-06
-9.56522e-06
-1.05407e-05
-1.14615e-05
-1.23244e-05
-1.31229e-05
-1.38492e-05
-1.4501e-05
-1.5076e-05
-2.71953e-07
-8.67528e-07
-1.55482e-06
-2.3053e-06
-3.08718e-06
-3.8794e-06
-4.66656e-06
-5.43752e-06
-6.18749e-06
-6.91357e-06
-7.61146e-06
-8.27515e-06
-8.89499e-06
-9.45973e-06
-9.95045e-06
-1.03551e-05
-1.24556e-08
-8.66325e-08
-2.82277e-07
-5.72421e-07
-9.36043e-07
-1.34623e-06
-1.78753e-06
-2.2474e-06
-2.71856e-06
-3.19446e-06
-3.66859e-06
-4.13302e-06
-4.57916e-06
-4.98955e-06
-5.34004e-06
-5.60513e-06
2.91463e-07
7.86079e-07
1.10735e-06
1.2901e-06
1.35673e-06
1.3375e-06
1.2523e-06
1.11671e-06
9.41048e-07
7.34981e-07
5.06883e-07
2.64555e-07
1.41646e-08
-2.31633e-07
-4.5394e-07
-5.86064e-07
-6.37812e-07
6.47326e-07
1.75811e-06
2.62198e-06
3.28598e-06
3.79542e-06
4.18124e-06
4.47304e-06
4.68847e-06
4.84153e-06
4.94326e-06
5.00361e-06
5.02668e-06
5.01704e-06
4.97195e-06
4.9159e-06
4.885e-06
4.86055e-06
1.03488e-06
2.7875e-06
4.18886e-06
5.33268e-06
6.28492e-06
7.08932e-06
7.77882e-06
8.37529e-06
8.89331e-06
9.34431e-06
9.73627e-06
1.00709e-05
1.03477e-05
1.05583e-05
1.07056e-05
1.0752e-05
1.07341e-05
1.40063e-06
3.72834e-06
5.62469e-06
7.21669e-06
8.59148e-06
9.80767e-06
1.08997e-05
1.18898e-05
1.2792e-05
1.36147e-05
1.43613e-05
1.50295e-05
1.56121e-05
1.61021e-05
1.6466e-05
1.6668e-05
1.67154e-05
1.66145e-06
4.43211e-06
6.7226e-06
8.68963e-06
1.04391e-05
1.20324e-05
1.35053e-05
1.48757e-05
1.61538e-05
1.73426e-05
1.84405e-05
1.94394e-05
2.03284e-05
2.10941e-05
2.16939e-05
2.21052e-05
2.23521e-05
1.76596e-06
4.77742e-06
7.32958e-06
9.57682e-06
1.16302e-05
1.35468e-05
1.53564e-05
1.70706e-05
1.86917e-05
2.02166e-05
2.16387e-05
2.2947e-05
2.41289e-05
2.51575e-05
2.60102e-05
2.66822e-05
2.7199e-05
1.74031e-06
4.83303e-06
7.54059e-06
1.00001e-05
1.23083e-05
1.45128e-05
1.66333e-05
1.86685e-05
2.06112e-05
2.24547e-05
2.41843e-05
2.57898e-05
2.72558e-05
2.8558e-05
2.96944e-05
3.06722e-05
3.15028e-05
1.68578e-06
4.80782e-06
7.6605e-06
1.0337e-05
1.29181e-05
1.54331e-05
1.78867e-05
2.02713e-05
2.257e-05
2.47537e-05
2.68164e-05
-3.4562e-06
-1.02117e-05
-1.67517e-05
-2.30185e-05
-2.89826e-05
-3.46291e-05
-3.99526e-05
-4.49538e-05
-4.9634e-05
-5.39925e-05
-5.8027e-05
-6.17317e-05
-6.50997e-05
-6.81254e-05
-7.08108e-05
-7.31636e-05
-3.41797e-06
-1.0102e-05
-1.65755e-05
-2.27807e-05
-2.86881e-05
-3.42823e-05
-3.95572e-05
-4.45133e-05
-4.91508e-05
-5.34692e-05
-5.74653e-05
-6.11334e-05
-6.44666e-05
-6.74603e-05
-7.01168e-05
-7.24445e-05
-3.34197e-06
-9.88381e-06
-1.62261e-05
-2.231e-05
-2.81053e-05
-3.35954e-05
-3.87736e-05
-4.36389e-05
-4.81911e-05
-5.24288e-05
-5.63486e-05
-5.99446e-05
-6.321e-05
-6.6142e-05
-6.87436e-05
-7.10234e-05
-3.22821e-06
-9.55725e-06
-1.57024e-05
-2.16039e-05
-2.72299e-05
-3.25624e-05
-3.7594e-05
-4.23218e-05
-4.67447e-05
-5.08607e-05
-5.46659e-05
-5.81544e-05
-6.13203e-05
-6.41625e-05
-6.66854e-05
-6.88977e-05
-3.07874e-06
-9.12919e-06
-1.50157e-05
-2.06769e-05
-2.60794e-05
-3.12041e-05
-3.60417e-05
-4.05878e-05
-4.48402e-05
-4.87965e-05
-5.24521e-05
-5.58015e-05
-5.88403e-05
-6.1569e-05
-6.3993e-05
-6.61215e-05
-2.89793e-06
-8.60964e-06
-1.41808e-05
-1.95488e-05
-2.46784e-05
-2.95491e-05
-3.41495e-05
-3.84738e-05
-4.25188e-05
-4.6281e-05
-4.97558e-05
-5.29386e-05
-5.58269e-05
-5.84228e-05
-6.0733e-05
-6.27664e-05
-2.68689e-06
-8.00564e-06
-1.32115e-05
-1.82397e-05
-2.30531e-05
-2.76291e-05
-3.19545e-05
-3.60221e-05
-3.9827e-05
-4.33652e-05
-4.66323e-05
-4.96249e-05
-5.23437e-05
-5.47919e-05
-5.69759e-05
-5.89042e-05
-2.452e-06
-7.33211e-06
-1.21304e-05
-1.67799e-05
-2.12409e-05
-2.54886e-05
-2.95077e-05
-3.3289e-05
-3.68265e-05
-4.01154e-05
-4.31521e-05
-4.59364e-05
-4.84707e-05
-5.07589e-05
-5.28076e-05
-5.46247e-05
-2.19613e-06
-6.60156e-06
-1.09599e-05
-1.52007e-05
-1.92813e-05
-2.31744e-05
-2.68624e-05
-3.03341e-05
-3.35819e-05
-3.66011e-05
-3.93901e-05
-4.19518e-05
-4.42893e-05
-4.64072e-05
-4.83116e-05
-5.00086e-05
-1.9298e-06
-5.83743e-06
-9.734e-06
-1.35458e-05
-1.72269e-05
-2.0747e-05
-2.4086e-05
-2.72306e-05
-3.01725e-05
-3.29073e-05
-3.54368e-05
-3.77647e-05
-3.98954e-05
-4.18336e-05
-4.35849e-05
-4.51541e-05
-1.65745e-06
-5.05621e-06
-8.4804e-06
-1.18525e-05
-1.51228e-05
-1.82584e-05
-2.12365e-05
-2.40425e-05
-2.66676e-05
-2.91094e-05
-3.13711e-05
-3.3457e-05
-3.53721e-05
-3.71211e-05
-3.87086e-05
-4.01382e-05
-1.39005e-06
-4.28131e-06
-7.2319e-06
-1.01614e-05
-1.30169e-05
-1.57629e-05
-1.83746e-05
-2.08365e-05
-2.31407e-05
-2.52864e-05
-2.72763e-05
-2.91153e-05
-3.08081e-05
-3.2359e-05
-3.37722e-05
-3.50513e-05
-1.12871e-06
-3.52095e-06
-6.00352e-06
-8.49293e-06
-1.09347e-05
-1.32905e-05
-1.55352e-05
-1.76537e-05
-1.9639e-05
-2.14898e-05
-2.32088e-05
-2.48e-05
-2.62667e-05
-2.76122e-05
-2.88402e-05
-2.99544e-05
-8.79421e-07
-2.78538e-06
-4.80708e-06
-6.86168e-06
-8.89347e-06
-1.08633e-05
-1.27459e-05
-1.45273e-05
-1.62006e-05
-1.77641e-05
-1.92194e-05
-2.05679e-05
-2.18106e-05
-2.29479e-05
-2.39836e-05
-2.49227e-05
-6.36435e-07
-2.06487e-06
-3.63084e-06
-5.25539e-06
-6.88105e-06
-8.47077e-06
-9.99931e-06
-1.14536e-05
-1.28263e-05
-1.4115e-05
-1.53189e-05
-1.64364e-05
-1.74633e-05
-1.83965e-05
-1.92377e-05
-1.99923e-05
-3.98504e-07
-1.35118e-06
-2.46191e-06
-3.65625e-06
-4.87999e-06
-6.09531e-06
-7.2793e-06
-8.41809e-06
-9.50403e-06
-1.05331e-05
-1.15018e-05
-1.24042e-05
-1.32315e-05
-1.3975e-05
-1.46253e-05
-1.51956e-05
-1.56702e-07
-6.21916e-07
-1.27105e-06
-2.02995e-06
-2.85151e-06
-3.69624e-06
-4.54282e-06
-5.37579e-06
-6.18649e-06
-6.9684e-06
-7.71537e-06
-8.41866e-06
-9.06641e-06
-9.63655e-06
-1.01214e-05
-1.05285e-05
9.35116e-08
1.40432e-07
-2.62841e-08
-3.40968e-07
-7.53391e-07
-1.22766e-06
-1.73788e-06
-2.26729e-06
-2.80438e-06
-3.34037e-06
-3.86674e-06
-4.37557e-06
-4.85283e-06
-5.27988e-06
-5.64133e-06
-5.88692e-06
3.80589e-07
9.86348e-07
1.33272e-06
1.479e-06
1.48571e-06
1.39219e-06
1.22972e-06
1.01823e-06
7.72755e-07
5.04581e-07
2.23759e-07
-6.49547e-08
-3.54384e-07
-6.36567e-07
-8.60668e-07
-9.69738e-07
7.36033e-07
1.96299e-06
2.8428e-06
3.4671e-06
3.9064e-06
4.21432e-06
4.42558e-06
4.56545e-06
4.6518e-06
4.69888e-06
4.71571e-06
4.70483e-06
4.66185e-06
4.59706e-06
4.5446e-06
4.51452e-06
4.55489e-06
1.14445e-06
3.01421e-06
4.43332e-06
5.53698e-06
6.41696e-06
7.14062e-06
7.75004e-06
8.27421e-06
8.73318e-06
9.14147e-06
9.50625e-06
9.82461e-06
1.00927e-05
1.03025e-05
1.04469e-05
1.05153e-05
1.05108e-05
1.52006e-06
3.9962e-06
5.91346e-06
7.46235e-06
8.76415e-06
9.8958e-06
1.09055e-05
1.18241e-05
1.26715e-05
1.34599e-05
1.41908e-05
1.48598e-05
1.54608e-05
1.59691e-05
1.63441e-05
1.65563e-05
1.66229e-05
1.80529e-06
4.75143e-06
7.07639e-06
9.00641e-06
1.06808e-05
1.21861e-05
1.35701e-05
1.48638e-05
1.60844e-05
1.72379e-05
1.83225e-05
1.93331e-05
2.02489e-05
2.10418e-05
2.16646e-05
2.21021e-05
2.23846e-05
1.95123e-06
5.1954e-06
7.8075e-06
1.00313e-05
1.20138e-05
1.38422e-05
1.55618e-05
1.71947e-05
1.87506e-05
2.02338e-05
2.1642e-05
2.29585e-05
2.41614e-05
2.52241e-05
2.61054e-05
2.68215e-05
2.73861e-05
1.99586e-06
5.39982e-06
8.20977e-06
1.06668e-05
1.29182e-05
1.50434e-05
1.7077e-05
1.90298e-05
2.09033e-05
2.26957e-05
2.4402e-05
2.60052e-05
2.74901e-05
2.8826e-05
3.00121e-05
3.10523e-05
3.19206e-05
2.01685e-06
5.53544e-06
8.52041e-06
1.12113e-05
1.37404e-05
1.61778e-05
1.85463e-05
2.08435e-05
2.30525e-05
2.51783e-05
2.71991e-05
2.91091e-05
3.09016e-05
3.2574e-05
-7.9694e-05
-8.11711e-05
-8.2304e-05
-8.31022e-05
-8.35941e-05
-8.37993e-05
-8.37544e-05
-8.3491e-05
-8.30534e-05
-8.24672e-05
-8.17484e-05
-8.08996e-05
-7.99136e-05
-7.87749e-05
-7.74684e-05
-7.60466e-05
-7.45201e-05
-7.87759e-05
-8.02429e-05
-8.13652e-05
-8.21635e-05
-8.26564e-05
-8.28724e-05
-8.28394e-05
-8.25961e-05
-8.21781e-05
-8.16123e-05
-8.09122e-05
-8.00799e-05
-7.91081e-05
-7.7984e-05
-7.66913e-05
-7.52867e-05
-7.37792e-05
-7.70711e-05
-7.85081e-05
-7.96124e-05
-8.04044e-05
-8.09002e-05
-8.11303e-05
-8.1118e-05
-8.09051e-05
-8.05196e-05
-7.9988e-05
-7.93203e-05
-7.8518e-05
-7.7575e-05
-7.64797e-05
-7.52167e-05
-7.38452e-05
-7.23735e-05
-7.45848e-05
-7.59759e-05
-7.70553e-05
-7.78354e-05
-7.83378e-05
-7.85845e-05
-7.86051e-05
-7.84308e-05
-7.80907e-05
-7.7605e-05
-7.69824e-05
-7.62233e-05
-7.53221e-05
-7.42679e-05
-7.30496e-05
-7.17244e-05
-7.02998e-05
-7.13853e-05
-7.27264e-05
-7.37747e-05
-7.45435e-05
-7.50525e-05
-7.53226e-05
-7.53834e-05
-7.52575e-05
-7.49732e-05
-7.4544e-05
-7.3977e-05
-7.32708e-05
-7.24199e-05
-7.14155e-05
-7.02492e-05
-6.89749e-05
-6.7604e-05
-6.75476e-05
-6.8836e-05
-6.98519e-05
-7.0612e-05
-7.11308e-05
-7.1434e-05
-7.15402e-05
-7.14751e-05
-7.1256e-05
-7.0893e-05
-7.03889e-05
-6.97403e-05
-6.89417e-05
-6.79885e-05
-6.68734e-05
-6.56511e-05
-6.43348e-05
-6.31635e-05
-6.43946e-05
-6.53815e-05
-6.61359e-05
-6.66725e-05
-6.70151e-05
-6.71772e-05
-6.71817e-05
-6.70366e-05
-6.67465e-05
-6.63079e-05
-6.57158e-05
-6.49666e-05
-6.40601e-05
-6.29935e-05
-6.18222e-05
-6.05611e-05
-5.83195e-05
-5.94961e-05
-6.04583e-05
-6.12118e-05
-6.17737e-05
-6.21602e-05
-6.23889e-05
-6.24687e-05
-6.24029e-05
-6.21867e-05
-6.18099e-05
-6.1267e-05
-6.05595e-05
-5.9692e-05
-5.86703e-05
-5.75483e-05
-5.63394e-05
-5.31116e-05
-5.42426e-05
-5.51847e-05
-5.59433e-05
-5.65352e-05
-5.6972e-05
-5.72686e-05
-5.7425e-05
-5.74365e-05
-5.72859e-05
-5.69586e-05
-5.64511e-05
-5.57734e-05
-5.49374e-05
-5.3955e-05
-5.2876e-05
-5.1718e-05
-4.76408e-05
-4.87328e-05
-4.96582e-05
-5.04262e-05
-5.10474e-05
-5.15366e-05
-5.18961e-05
-5.21227e-05
-5.21971e-05
-5.20934e-05
-5.17955e-05
-5.1309e-05
-5.06499e-05
-4.98383e-05
-4.88896e-05
-4.78509e-05
-4.67415e-05
-4.20193e-05
-4.3069e-05
-4.39783e-05
-4.47534e-05
-4.54016e-05
-4.59338e-05
-4.63454e-05
-4.66235e-05
-4.67359e-05
-4.66537e-05
-4.63662e-05
-4.58872e-05
-4.52411e-05
-4.44495e-05
-4.35317e-05
-4.25342e-05
-4.14763e-05
-3.63406e-05
-3.73418e-05
-3.82289e-05
-3.90015e-05
-3.96683e-05
-4.02279e-05
-4.06727e-05
-4.0975e-05
-4.10971e-05
-4.10117e-05
-4.07196e-05
-4.02395e-05
-3.96027e-05
-3.88305e-05
-3.79457e-05
-3.69933e-05
-3.59877e-05
-3.0695e-05
-3.16382e-05
-3.24893e-05
-3.32459e-05
-3.39126e-05
-3.44814e-05
-3.49347e-05
-3.52333e-05
-3.53389e-05
-3.52327e-05
-3.49227e-05
-3.44392e-05
-3.38099e-05
-3.30561e-05
-3.2205e-05
-3.12957e-05
-3.03447e-05
-2.51486e-05
-2.60195e-05
-2.68157e-05
-2.75394e-05
-2.81842e-05
-2.87422e-05
-2.91782e-05
-2.94505e-05
-2.95222e-05
-2.93864e-05
-2.90556e-05
-2.85686e-05
-2.79456e-05
-2.72103e-05
-2.63899e-05
-2.552e-05
-2.46217e-05
-2.05211e-05
-2.12488e-05
-2.19207e-05
-2.25278e-05
-2.30518e-05
-2.34503e-05
-2.36805e-05
-2.37124e-05
-2.35469e-05
-2.32031e-05
-2.27168e-05
-2.21044e-05
-2.13904e-05
-2.0597e-05
-1.97642e-05
-1.89149e-05
-1.51541e-05
-1.57923e-05
-1.63948e-05
-1.69501e-05
-1.74249e-05
-1.77767e-05
-1.79598e-05
-1.79575e-05
-1.77746e-05
-1.74345e-05
-1.69593e-05
-1.63682e-05
-1.56799e-05
-1.49129e-05
-1.4114e-05
-1.33063e-05
-9.88761e-06
-1.04219e-05
-1.0946e-05
-1.14393e-05
-1.18611e-05
-1.2164e-05
-1.23106e-05
-1.2291e-05
-1.21148e-05
-1.17984e-05
-1.13555e-05
-1.0799e-05
-1.01409e-05
-9.39866e-06
-8.62481e-06
-7.8497e-06
-4.62504e-06
-5.06724e-06
-5.51741e-06
-5.95012e-06
-6.3217e-06
-6.58506e-06
-6.71308e-06
-6.70197e-06
-6.56073e-06
-6.29268e-06
-5.90641e-06
-5.40049e-06
-4.78081e-06
-4.06139e-06
-3.30415e-06
-2.54693e-06
7.13667e-07
3.43696e-07
-4.53234e-08
-4.21908e-07
-7.46269e-07
-9.83079e-07
-1.11253e-06
-1.13557e-06
-1.0529e-06
-8.58536e-07
-5.50792e-07
-1.14035e-07
4.54308e-07
1.14959e-06
1.89196e-06
2.64083e-06
6.15495e-06
5.85072e-06
5.52531e-06
5.20573e-06
4.92644e-06
4.71091e-06
4.56678e-06
4.49622e-06
4.50764e-06
4.61403e-06
4.83055e-06
5.18148e-06
5.68422e-06
6.34397e-06
7.06878e-06
7.82218e-06
1.16455e-05
1.14209e-05
1.1169e-05
1.09206e-05
1.06975e-05
1.05094e-05
1.03563e-05
1.02454e-05
1.01923e-05
1.02179e-05
1.03468e-05
1.06093e-05
1.10402e-05
1.16574e-05
1.23664e-05
1.31354e-05
1.69777e-05
1.6861e-05
1.67127e-05
1.65623e-05
1.6422e-05
1.62877e-05
1.61591e-05
1.60415e-05
1.59578e-05
1.59341e-05
1.60014e-05
1.61983e-05
1.65695e-05
1.71509e-05
1.78608e-05
1.86762e-05
2.17502e-05
2.17751e-05
2.17822e-05
2.17794e-05
2.17692e-05
2.1744e-05
2.17007e-05
2.16453e-05
2.15986e-05
2.15852e-05
2.16444e-05
2.18278e-05
2.21802e-05
2.2772e-05
2.35343e-05
2.4436e-05
2.56289e-05
2.58687e-05
2.60924e-05
2.63028e-05
2.64857e-05
2.66462e-05
2.67818e-05
2.68909e-05
2.69821e-05
2.70774e-05
2.72166e-05
2.74579e-05
2.78749e-05
2.85499e-05
2.9421e-05
3.04837e-05
2.90931e-05
2.96344e-05
3.01516e-05
3.06357e-05
3.11001e-05
3.15476e-05
3.19585e-05
3.23355e-05
3.26819e-05
3.30025e-05
3.33327e-05
3.37422e-05
3.43174e-05
3.51622e-05
3.62245e-05
-7.86778e-05
-8.02134e-05
-8.14103e-05
-8.22862e-05
-8.28621e-05
-8.31627e-05
-8.3214e-05
-8.30459e-05
-8.26849e-05
-8.21559e-05
-8.14739e-05
-8.06451e-05
-7.96682e-05
-7.85349e-05
-7.7233e-05
-7.58239e-05
-7.43203e-05
-7.78115e-05
-7.9329e-05
-8.05154e-05
-8.13871e-05
-8.19636e-05
-8.2269e-05
-8.23301e-05
-8.21744e-05
-8.1828e-05
-8.1315e-05
-8.06491e-05
-7.98361e-05
-7.8874e-05
-7.7755e-05
-7.64694e-05
-7.50792e-05
-7.35952e-05
-7.61724e-05
-7.76585e-05
-7.88241e-05
-7.96856e-05
-8.02617e-05
-8.05753e-05
-8.06517e-05
-8.05164e-05
-8.01951e-05
-7.97094e-05
-7.90722e-05
-7.82883e-05
-7.73554e-05
-7.62665e-05
-7.50129e-05
-7.36551e-05
-7.22056e-05
-7.37601e-05
-7.52018e-05
-7.63386e-05
-7.7186e-05
-7.77621e-05
-7.8088e-05
-7.81857e-05
-7.80796e-05
-7.77935e-05
-7.73461e-05
-7.67496e-05
-7.60072e-05
-7.51164e-05
-7.40704e-05
-7.28609e-05
-7.15481e-05
-7.0145e-05
-7.06433e-05
-7.20327e-05
-7.31367e-05
-7.3969e-05
-7.45464e-05
-7.48878e-05
-7.50132e-05
-7.4945e-05
-7.47033e-05
-7.43044e-05
-7.37589e-05
-7.30678e-05
-7.22274e-05
-7.12315e-05
-7.00734e-05
-6.8813e-05
-6.74615e-05
-6.68983e-05
-6.82317e-05
-6.93016e-05
-7.01197e-05
-7.07012e-05
-7.10627e-05
-7.12233e-05
-7.12011e-05
-7.10125e-05
-7.06716e-05
-7.01847e-05
-6.95498e-05
-6.87628e-05
-6.78187e-05
-6.67141e-05
-6.55057e-05
-6.42076e-05
-6.26126e-05
-6.38889e-05
-6.49253e-05
-6.57316e-05
-6.63207e-05
-6.67082e-05
-6.69113e-05
-6.69426e-05
-6.68156e-05
-6.65396e-05
-6.6114e-05
-6.55345e-05
-6.47976e-05
-6.39018e-05
-6.2847e-05
-6.16903e-05
-6.04463e-05
-5.78733e-05
-5.90933e-05
-6.0098e-05
-6.08956e-05
-6.14963e-05
-6.19161e-05
-6.2167e-05
-6.22574e-05
-6.21972e-05
-6.19874e-05
-6.16191e-05
-6.10878e-05
-6.03928e-05
-5.95383e-05
-5.8529e-05
-5.74209e-05
-5.62307e-05
-5.27798e-05
-5.39462e-05
-5.49224e-05
-5.57135e-05
-5.63293e-05
-5.67845e-05
-5.70841e-05
-5.72355e-05
-5.72404e-05
-5.70881e-05
-5.6766e-05
-5.62708e-05
-5.56075e-05
-5.47865e-05
-5.38191e-05
-5.27569e-05
-5.16168e-05
-4.7427e-05
-4.85419e-05
-4.94909e-05
-5.02759e-05
-5.09077e-05
-5.13957e-05
-5.17406e-05
-5.19465e-05
-5.20043e-05
-5.18927e-05
-5.16003e-05
-5.11276e-05
-5.04867e-05
-4.96935e-05
-4.87637e-05
-4.77439e-05
-4.6653e-05
-4.19174e-05
-4.29791e-05
-4.38981e-05
-4.46739e-05
-4.53166e-05
-4.58282e-05
-4.6208e-05
-4.64529e-05
-4.6541e-05
-4.64491e-05
-4.61685e-05
-4.57062e-05
-4.50814e-05
-4.43129e-05
-4.34181e-05
-4.24407e-05
-4.14018e-05
-3.63393e-05
-3.73416e-05
-3.82223e-05
-3.8981e-05
-3.96228e-05
-4.01435e-05
-4.05415e-05
-4.0802e-05
-4.08958e-05
-4.0802e-05
-4.05181e-05
-4.00587e-05
-3.94458e-05
-3.86996e-05
-3.78395e-05
-3.69075e-05
-3.59227e-05
-3.07858e-05
-3.17135e-05
-3.25434e-05
-3.32706e-05
-3.38935e-05
-3.4407e-05
-3.48042e-05
-3.50556e-05
-3.51332e-05
-3.50206e-05
-3.47236e-05
-3.42617e-05
-3.36588e-05
-3.2934e-05
-3.21093e-05
-3.12231e-05
-3.02918e-05
-2.53194e-05
-2.61533e-05
-2.69188e-05
-2.75952e-05
-2.8182e-05
-2.86714e-05
-2.90461e-05
-2.92693e-05
-2.93148e-05
-2.91744e-05
-2.88606e-05
-2.8397e-05
-2.78024e-05
-2.70984e-05
-2.63071e-05
-2.5464e-05
-2.45846e-05
-1.99976e-05
-2.07253e-05
-2.13919e-05
-2.19971e-05
-2.25338e-05
-2.29831e-05
-2.33178e-05
-2.35005e-05
-2.35081e-05
-2.3341e-05
-2.30143e-05
-2.2552e-05
-2.19688e-05
-2.12866e-05
-2.05262e-05
-1.97231e-05
-1.88943e-05
-1.48428e-05
-1.54268e-05
-1.59642e-05
-1.64802e-05
-1.69575e-05
-1.73584e-05
-1.76468e-05
-1.77871e-05
-1.77634e-05
-1.7581e-05
-1.72552e-05
-1.68003e-05
-1.62351e-05
-1.55778e-05
-1.48449e-05
-1.40769e-05
-1.3293e-05
-1.01977e-05
-1.06173e-05
-1.1045e-05
-1.14582e-05
-1.18096e-05
-1.20546e-05
-1.2163e-05
-1.21251e-05
-1.19463e-05
-1.1639e-05
-1.12082e-05
-1.0671e-05
-1.00406e-05
-9.33022e-06
-8.58836e-06
-7.83679e-06
-4.96071e-06
-5.28492e-06
-5.64679e-06
-6.00242e-06
-6.3062e-06
-6.51768e-06
-6.61146e-06
-6.58116e-06
-6.42934e-06
-6.16073e-06
-5.77431e-06
-5.2789e-06
-4.67908e-06
-3.98587e-06
-3.25875e-06
-2.52593e-06
3.58027e-07
8.58584e-08
-2.19926e-07
-5.23753e-07
-7.85486e-07
-9.75565e-07
-1.07173e-06
-1.06977e-06
-9.66437e-07
-7.54905e-07
-4.32705e-07
6.92749e-09
5.69129e-07
1.24786e-06
1.96657e-06
2.69307e-06
5.81792e-06
5.58185e-06
5.32018e-06
5.0659e-06
4.8424e-06
4.67068e-06
4.56301e-06
4.52501e-06
4.56782e-06
4.71065e-06
4.95651e-06
5.33092e-06
5.84639e-06
6.50659e-06
7.21989e-06
7.95028e-06
1.13914e-05
1.12031e-05
1.09991e-05
1.08042e-05
1.06286e-05
1.0485e-05
1.03718e-05
1.03001e-05
1.02885e-05
1.03631e-05
1.05361e-05
1.08439e-05
1.13096e-05
1.19472e-05
1.26562e-05
1.34049e-05
1.69216e-05
1.68109e-05
1.66951e-05
1.65879e-05
1.64932e-05
1.63999e-05
1.63086e-05
1.62312e-05
1.61947e-05
1.62238e-05
1.63506e-05
1.66067e-05
1.7031e-05
1.76523e-05
1.83658e-05
1.91572e-05
2.20015e-05
2.20241e-05
2.20527e-05
2.20832e-05
2.21064e-05
2.21112e-05
2.20965e-05
2.20757e-05
2.20713e-05
2.21116e-05
2.22415e-05
2.24878e-05
2.29028e-05
2.35347e-05
2.42901e-05
2.51667e-05
2.62442e-05
2.64773e-05
2.67135e-05
2.69391e-05
2.71421e-05
2.7315e-05
2.7456e-05
2.7581e-05
2.77016e-05
2.78477e-05
2.80514e-05
2.83664e-05
2.88439e-05
2.95384e-05
3.03986e-05
3.14025e-05
3.00227e-05
3.05612e-05
3.10783e-05
3.15729e-05
3.20288e-05
3.2442e-05
3.28404e-05
3.32149e-05
3.3571e-05
3.39245e-05
3.43117e-05
3.47812e-05
3.53991e-05
3.62405e-05
3.72555e-05
3.8448e-05
-7.72309e-05
-7.88415e-05
-8.01303e-05
-8.1115e-05
-8.18134e-05
-8.22462e-05
-8.2433e-05
-8.23921e-05
-8.21378e-05
-8.16892e-05
-8.10611e-05
-8.02642e-05
-7.93042e-05
-7.81818e-05
-7.6891e-05
-7.55013e-05
-7.40315e-05
-7.64247e-05
-7.80154e-05
-7.92919e-05
-8.02687e-05
-8.09639e-05
-8.13969e-05
-8.15878e-05
-8.15524e-05
-8.1307e-05
-8.08695e-05
-8.02544e-05
-7.94719e-05
-7.85265e-05
-7.74179e-05
-7.61443e-05
-7.47736e-05
-7.33233e-05
-7.48626e-05
-7.64217e-05
-7.76756e-05
-7.86387e-05
-7.9328e-05
-7.97622e-05
-7.99605e-05
-7.99361e-05
-7.97074e-05
-7.92905e-05
-7.86996e-05
-7.79438e-05
-7.70268e-05
-7.5948e-05
-7.47063e-05
-7.33682e-05
-7.19498e-05
-7.2548e-05
-7.40635e-05
-7.52865e-05
-7.62316e-05
-7.69139e-05
-7.73511e-05
-7.7559e-05
-7.75521e-05
-7.73474e-05
-7.69602e-05
-7.64039e-05
-7.56862e-05
-7.48096e-05
-7.37733e-05
-7.25751e-05
-7.12804e-05
-6.99055e-05
-6.95456e-05
-7.10084e-05
-7.21956e-05
-7.31201e-05
-7.37955e-05
-7.42373e-05
-7.44583e-05
-7.4475e-05
-7.43011e-05
-7.39519e-05
-7.34389e-05
-7.27681e-05
-7.19401e-05
-7.09538e-05
-6.98074e-05
-6.85643e-05
-6.72391e-05
-6.59317e-05
-6.73372e-05
-6.84862e-05
-6.93891e-05
-7.00591e-05
-7.05068e-05
-7.07465e-05
-7.07913e-05
-7.06549e-05
-7.03503e-05
-6.9887e-05
-6.92676e-05
-6.84921e-05
-6.75586e-05
-6.64672e-05
-6.52771e-05
-6.40059e-05
-6.17891e-05
-6.31348e-05
-6.42441e-05
-6.51261e-05
-6.5791e-05
-6.62481e-05
-6.65109e-05
-6.65889e-05
-6.64952e-05
-6.62399e-05
-6.58284e-05
-6.52609e-05
-6.45361e-05
-6.36536e-05
-6.26154e-05
-6.14783e-05
-6.02605e-05
-5.72053e-05
-5.84901e-05
-5.95589e-05
-6.04203e-05
-6.10811e-05
-6.15511e-05
-6.18384e-05
-6.19528e-05
-6.19038e-05
-6.16981e-05
-6.13359e-05
-6.0815e-05
-6.01351e-05
-5.92984e-05
-5.83096e-05
-5.72231e-05
-5.6059e-05
-5.22747e-05
-5.3496e-05
-5.45242e-05
-5.53643e-05
-5.60207e-05
-5.65028e-05
-5.68146e-05
-5.69643e-05
-5.69571e-05
-5.67951e-05
-5.64739e-05
-5.59915e-05
-5.53487e-05
-5.45514e-05
-5.3608e-05
-5.25708e-05
-5.14575e-05
-4.70899e-05
-4.82448e-05
-4.92295e-05
-5.00448e-05
-5.06943e-05
-5.11834e-05
-5.15149e-05
-5.16927e-05
-5.17186e-05
-5.15888e-05
-5.12971e-05
-5.08424e-05
-5.02289e-05
-4.94654e-05
-4.85641e-05
-4.75733e-05
-4.65112e-05
-4.17426e-05
-4.28254e-05
-4.37599e-05
-4.45436e-05
-4.5178e-05
-4.5666e-05
-4.60057e-05
-4.61993e-05
-4.62441e-05
-4.61313e-05
-4.58559e-05
-4.54193e-05
-4.48275e-05
-4.40941e-05
-4.32332e-05
-4.22881e-05
-4.12772e-05
-3.63169e-05
-3.73183e-05
-3.81924e-05
-3.89345e-05
-3.95409e-05
-4.00139e-05
-4.03475e-05
-4.05418e-05
-4.05883e-05
-4.04769e-05
-4.02052e-05
-3.97775e-05
-3.92021e-05
-3.84967e-05
-3.76748e-05
-3.67753e-05
-3.5818e-05
-3.08921e-05
-3.17991e-05
-3.26019e-05
-3.32876e-05
-3.38521e-05
-3.42919e-05
-3.46056e-05
-3.47845e-05
-3.48169e-05
-3.46942e-05
-3.44184e-05
-3.39921e-05
-3.34297e-05
-3.27501e-05
-3.1966e-05
-3.11139e-05
-3.02098e-05
-2.55408e-05
-2.63377e-05
-2.70485e-05
-2.76602e-05
-2.81683e-05
-2.85631e-05
-2.88424e-05
-2.89916e-05
-2.89982e-05
-2.88559e-05
-2.85699e-05
-2.81435e-05
-2.75933e-05
-2.69374e-05
-2.61896e-05
-2.53832e-05
-2.45331e-05
-2.03272e-05
-2.09929e-05
-2.15815e-05
-2.20958e-05
-2.25317e-05
-2.28753e-05
-2.31121e-05
-2.32251e-05
-2.3202e-05
-2.30392e-05
-2.27426e-05
-2.23175e-05
-2.17799e-05
-2.1147e-05
-2.04336e-05
-1.96708e-05
-1.88723e-05
-1.52789e-05
-1.5765e-05
-1.62107e-05
-1.66135e-05
-1.69714e-05
-1.72613e-05
-1.7455e-05
-1.75343e-05
-1.74865e-05
-1.731e-05
-1.70093e-05
-1.65908e-05
-1.60685e-05
-1.54576e-05
-1.47733e-05
-1.40476e-05
-1.32956e-05
-1.03178e-05
-1.06057e-05
-1.09081e-05
-1.12144e-05
-1.15046e-05
-1.17441e-05
-1.19016e-05
-1.19563e-05
-1.18963e-05
-1.1719e-05
-1.14281e-05
-1.1024e-05
-1.05212e-05
-9.93211e-06
-9.26827e-06
-8.57022e-06
-7.8518e-06
-5.44863e-06
-5.63314e-06
-5.86716e-06
-6.10322e-06
-6.30164e-06
-6.43407e-06
-6.47801e-06
-6.42143e-06
-6.25881e-06
-5.9911e-06
-5.61372e-06
-5.13705e-06
-4.56868e-06
-3.91532e-06
-3.23071e-06
-2.53306e-06
-1.85595e-07
-3.06611e-07
-4.93644e-07
-6.9112e-07
-8.6026e-07
-9.78264e-07
-1.02443e-06
-9.85176e-07
-8.52144e-07
-6.19644e-07
-2.81339e-07
1.62062e-07
7.10752e-07
1.3608e-06
2.04436e-06
2.73852e-06
5.29915e-06
5.17451e-06
5.0135e-06
4.84835e-06
4.70425e-06
4.59771e-06
4.54464e-06
4.55951e-06
4.6548e-06
4.84373e-06
5.13435e-06
5.54009e-06
6.06862e-06
6.72132e-06
7.41261e-06
8.11536e-06
1.1012e-05
1.08746e-05
1.07429e-05
1.06195e-05
1.05125e-05
1.04281e-05
1.03773e-05
1.03732e-05
1.04345e-05
1.05787e-05
1.08208e-05
1.11888e-05
1.16953e-05
1.23513e-05
1.30529e-05
1.37832e-05
1.68031e-05
1.6709e-05
1.66436e-05
1.65931e-05
1.65492e-05
1.65145e-05
1.64871e-05
1.64842e-05
1.65257e-05
1.66417e-05
1.68571e-05
1.71949e-05
1.76861e-05
1.83429e-05
1.9064e-05
1.98421e-05
2.22816e-05
2.23267e-05
2.23849e-05
2.24523e-05
2.25151e-05
2.25657e-05
2.26033e-05
2.26473e-05
2.27166e-05
2.2849e-05
2.30743e-05
2.34155e-05
2.39149e-05
2.45941e-05
2.53589e-05
2.62104e-05
2.70301e-05
2.72784e-05
2.75298e-05
2.77713e-05
2.79957e-05
2.81887e-05
2.83603e-05
2.85222e-05
2.8701e-05
2.8922e-05
2.92228e-05
2.96415e-05
3.02075e-05
3.09547e-05
3.18074e-05
3.27528e-05
3.1256e-05
3.18143e-05
3.23315e-05
3.28254e-05
3.32802e-05
3.36983e-05
3.40879e-05
3.44624e-05
3.48356e-05
3.52464e-05
3.57219e-05
3.62884e-05
3.69951e-05
3.78804e-05
3.88557e-05
3.99484e-05
-7.59439e-05
-7.76248e-05
-7.89968e-05
-8.00777e-05
-8.08842e-05
-8.14298e-05
-8.1727e-05
-8.17871e-05
-8.16204e-05
-8.12399e-05
-8.06599e-05
-7.98938e-05
-7.89522e-05
-7.78428e-05
-7.65661e-05
-7.51959e-05
-7.37562e-05
-7.51811e-05
-7.68419e-05
-7.82004e-05
-7.92715e-05
-8.00712e-05
-8.06125e-05
-8.09087e-05
-8.09703e-05
-8.08084e-05
-8.04356e-05
-7.98663e-05
-7.91131e-05
-7.81856e-05
-7.70903e-05
-7.58304e-05
-7.44788e-05
-7.30572e-05
-7.36832e-05
-7.5312e-05
-7.66466e-05
-7.77012e-05
-7.84902e-05
-7.90263e-05
-7.93229e-05
-7.93898e-05
-7.92384e-05
-7.88811e-05
-7.83321e-05
-7.76031e-05
-7.67028e-05
-7.56366e-05
-7.44077e-05
-7.30878e-05
-7.16964e-05
-7.14528e-05
-7.30384e-05
-7.43401e-05
-7.53722e-05
-7.61477e-05
-7.66784e-05
-7.6977e-05
-7.70529e-05
-7.69173e-05
-7.65829e-05
-7.60631e-05
-7.53687e-05
-7.45066e-05
-7.34814e-05
-7.22955e-05
-7.10182e-05
-6.96686e-05
-6.85507e-05
-7.00829e-05
-7.13454e-05
-7.23513e-05
-7.31119e-05
-7.3638e-05
-7.39403e-05
-7.40285e-05
-7.39137e-05
-7.36083e-05
-7.31251e-05
-7.24728e-05
-7.1657e-05
-7.06807e-05
-6.95459e-05
-6.83189e-05
-6.70182e-05
-6.50525e-05
-6.65249e-05
-6.77443e-05
-6.87218e-05
-6.94672e-05
-6.99894e-05
-7.02974e-05
-7.04006e-05
-7.03105e-05
-7.00388e-05
-6.95968e-05
-6.89913e-05
-6.82257e-05
-6.7302e-05
-6.62222e-05
-6.50492e-05
-6.38019e-05
-6.10353e-05
-6.2444e-05
-6.36178e-05
-6.45659e-05
-6.52957e-05
-6.58145e-05
-6.61295e-05
-6.62499e-05
-6.61869e-05
-6.59514e-05
-6.55525e-05
-6.49944e-05
-6.42789e-05
-6.34076e-05
-6.23833e-05
-6.1265e-05
-6.00712e-05
-5.65884e-05
-5.79303e-05
-5.90561e-05
-5.9973e-05
-6.06859e-05
-6.12006e-05
-6.15222e-05
-6.16599e-05
-6.16238e-05
-6.1424e-05
-6.10662e-05
-6.05526e-05
-5.98838e-05
-5.90618e-05
-5.80906e-05
-5.70253e-05
-5.58855e-05
-5.17977e-05
-5.30686e-05
-5.41428e-05
-5.50251e-05
-5.5718e-05
-5.62252e-05
-5.65509e-05
-5.6703e-05
-5.66906e-05
-5.65221e-05
-5.62e-05
-5.57251e-05
-5.50974e-05
-5.43199e-05
-5.33985e-05
-5.23844e-05
-5.12964e-05
-4.6757e-05
-4.795e-05
-4.89665e-05
-4.9808e-05
-5.04745e-05
-5.09679e-05
-5.12913e-05
-5.14512e-05
-5.14556e-05
-5.13105e-05
-5.10161e-05
-5.05721e-05
-4.99789e-05
-4.9241e-05
-4.83661e-05
-4.74009e-05
-4.63651e-05
-4.15483e-05
-4.2654e-05
-4.36034e-05
-4.43945e-05
-4.5025e-05
-4.54951e-05
-4.58061e-05
-4.59642e-05
-4.59757e-05
-4.58437e-05
-4.55674e-05
-4.51462e-05
-4.45804e-05
-4.38777e-05
-4.3047e-05
-4.21302e-05
-4.11453e-05
-3.62563e-05
-3.72627e-05
-3.8133e-05
-3.88616e-05
-3.94432e-05
-3.98761e-05
-4.01636e-05
-4.03091e-05
-4.03167e-05
-4.01869e-05
-3.99188e-05
-3.95119e-05
-3.89685e-05
-3.82972e-05
-3.75086e-05
-3.66394e-05
-3.57079e-05
-3.09494e-05
-3.18435e-05
-3.26212e-05
-3.32728e-05
-3.37919e-05
-3.41766e-05
-3.44278e-05
-3.45495e-05
-3.45426e-05
-3.44057e-05
-3.41381e-05
-3.37396e-05
-3.32131e-05
-3.25705e-05
-3.18223e-05
-3.10015e-05
-3.01234e-05
-2.5701e-05
-2.64677e-05
-2.71363e-05
-2.76942e-05
-2.8137e-05
-2.84639e-05
-2.86704e-05
-2.87595e-05
-2.87305e-05
-2.85803e-05
-2.83082e-05
-2.79133e-05
-2.74012e-05
-2.67851e-05
-2.60752e-05
-2.53016e-05
-2.44783e-05
-2.05713e-05
-2.119e-05
-2.17248e-05
-2.21711e-05
-2.25261e-05
-2.27877e-05
-2.29475e-05
-2.30026e-05
-2.29496e-05
-2.27843e-05
-2.25061e-05
-2.21138e-05
-2.16149e-05
-2.1023e-05
-2.0348e-05
-1.96191e-05
-1.88471e-05
-1.55717e-05
-1.6025e-05
-1.64133e-05
-1.67389e-05
-1.70029e-05
-1.72003e-05
-1.73166e-05
-1.73421e-05
-1.72691e-05
-1.70919e-05
-1.68092e-05
-1.64216e-05
-1.59358e-05
-1.53648e-05
-1.47184e-05
-1.4027e-05
-1.33016e-05
-1.06731e-05
-1.09321e-05
-1.11767e-05
-1.13928e-05
-1.15789e-05
-1.17232e-05
-1.18055e-05
-1.18107e-05
-1.17266e-05
-1.15456e-05
-1.12661e-05
-1.08852e-05
-1.04118e-05
-9.85711e-06
-9.229e-06
-8.56405e-06
-7.87295e-06
-5.76591e-06
-5.85256e-06
-5.96059e-06
-6.09269e-06
-6.22616e-06
-6.33608e-06
-6.39891e-06
-6.39588e-06
-6.31129e-06
-6.13579e-06
-5.86644e-06
-5.4972e-06
-5.03633e-06
-4.4915e-06
-3.86798e-06
-3.21439e-06
-2.5443e-06
-6.53623e-07
-6.63521e-07
-7.48317e-07
-8.56843e-07
-9.4964e-07
-1.00471e-06
-1.00306e-06
-9.26796e-07
-7.65083e-07
-5.11864e-07
-1.60251e-07
2.87895e-07
8.29142e-07
1.45993e-06
2.11822e-06
2.78691e-06
4.84098e-06
4.82666e-06
4.75081e-06
4.65983e-06
4.58246e-06
4.53426e-06
4.53373e-06
4.59878e-06
4.74234e-06
4.9747e-06
5.30397e-06
5.73752e-06
6.27731e-06
6.92354e-06
7.59848e-06
8.28385e-06
1.06855e-05
1.06025e-05
1.05394e-05
1.04791e-05
1.04288e-05
1.04005e-05
1.04083e-05
1.0467e-05
1.05931e-05
1.08038e-05
1.11077e-05
1.15225e-05
1.20578e-05
1.27179e-05
1.34136e-05
1.41439e-05
1.66821e-05
1.66333e-05
1.66118e-05
1.66061e-05
1.66104e-05
1.6627e-05
1.66624e-05
1.67316e-05
1.68512e-05
1.70472e-05
1.73374e-05
1.77376e-05
1.82663e-05
1.89406e-05
1.96699e-05
2.04627e-05
2.24838e-05
2.2547e-05
2.26379e-05
2.27358e-05
2.28364e-05
2.29339e-05
2.3033e-05
2.31454e-05
2.32956e-05
2.35082e-05
2.38149e-05
2.42331e-05
2.4787e-05
2.54996e-05
2.62858e-05
2.7139e-05
2.75889e-05
2.78665e-05
2.81374e-05
2.84002e-05
2.86481e-05
2.88775e-05
2.90914e-05
2.93051e-05
2.95471e-05
2.98457e-05
3.0234e-05
3.07318e-05
3.13716e-05
3.21681e-05
3.30382e-05
3.39463e-05
3.21904e-05
3.27767e-05
3.33118e-05
3.38152e-05
3.42863e-05
3.47208e-05
3.51249e-05
3.55236e-05
3.59407e-05
3.641e-05
3.69506e-05
3.76073e-05
3.83918e-05
3.93331e-05
4.03126e-05
4.13207e-05
-7.5199e-05
-7.69246e-05
-7.83473e-05
-7.94841e-05
-8.035e-05
-8.0957e-05
-8.13144e-05
-8.14299e-05
-8.1311e-05
-8.0968e-05
-8.04152e-05
-7.9667e-05
-7.87367e-05
-7.76354e-05
-7.63683e-05
-7.50118e-05
-7.35909e-05
-7.44557e-05
-7.61594e-05
-7.75669e-05
-7.86927e-05
-7.95503e-05
-8.01512e-05
-8.05052e-05
-8.06203e-05
-8.05043e-05
-8.01676e-05
-7.96242e-05
-7.88882e-05
-7.79717e-05
-7.68855e-05
-7.56344e-05
-7.42961e-05
-7.28921e-05
-7.29934e-05
-7.46641e-05
-7.60459e-05
-7.71531e-05
-7.79978e-05
-7.85908e-05
-7.89418e-05
-7.90589e-05
-7.89503e-05
-7.86266e-05
-7.81014e-05
-7.73881e-05
-7.64978e-05
-7.54401e-05
-7.42197e-05
-7.29122e-05
-7.15377e-05
-7.08112e-05
-7.2437e-05
-7.37842e-05
-7.48664e-05
-7.56945e-05
-7.62782e-05
-7.66268e-05
-7.67484e-05
-7.66516e-05
-7.63472e-05
-7.58483e-05
-7.51673e-05
-7.43139e-05
-7.32962e-05
-7.21183e-05
-7.08528e-05
-6.95187e-05
-6.7967e-05
-6.95389e-05
-7.0845e-05
-7.18977e-05
-7.27069e-05
-7.32807e-05
-7.36278e-05
-7.3756e-05
-7.36745e-05
-7.33944e-05
-7.29282e-05
-7.22864e-05
-7.14777e-05
-7.05078e-05
-6.93804e-05
-6.81645e-05
-6.68788e-05
-6.45337e-05
-6.60443e-05
-6.73048e-05
-6.83253e-05
-6.91141e-05
-6.96777e-05
-7.00239e-05
-7.01604e-05
-7.00968e-05
-6.98444e-05
-6.94148e-05
-6.88167e-05
-6.80568e-05
-6.71389e-05
-6.60667e-05
-6.49051e-05
-6.36721e-05
-6.05878e-05
-6.20333e-05
-6.32447e-05
-6.42309e-05
-6.49979e-05
-6.55505e-05
-6.58956e-05
-6.60409e-05
-6.59962e-05
-6.57729e-05
-6.53811e-05
-6.48277e-05
-6.41171e-05
-6.3252e-05
-6.22361e-05
-6.11295e-05
-5.99507e-05
-5.62178e-05
-5.75927e-05
-5.87517e-05
-5.97005e-05
-6.04431e-05
-6.09823e-05
-6.13246e-05
-6.14774e-05
-6.14505e-05
-6.12552e-05
-6.08997e-05
-6.03891e-05
-5.97256e-05
-5.89115e-05
-5.79506e-05
-5.68986e-05
-5.57736e-05
-5.1506e-05
-5.2806e-05
-5.39071e-05
-5.48138e-05
-5.55272e-05
-5.60485e-05
-5.63841e-05
-5.65405e-05
-5.65277e-05
-5.63565e-05
-5.60332e-05
-5.55608e-05
-5.494e-05
-5.4173e-05
-5.32642e-05
-5.22645e-05
-5.11922e-05
-4.6546e-05
-4.77613e-05
-4.87969e-05
-4.96535e-05
-5.033e-05
-5.08258e-05
-5.11479e-05
-5.13016e-05
-5.12968e-05
-5.11436e-05
-5.08461e-05
-5.04056e-05
-4.9822e-05
-4.90975e-05
-4.82378e-05
-4.72891e-05
-4.62687e-05
-4.14149e-05
-4.25358e-05
-4.34948e-05
-4.42907e-05
-4.49197e-05
-4.53796e-05
-4.56795e-05
-4.58221e-05
-4.58173e-05
-4.5674e-05
-4.53947e-05
-4.49788e-05
-4.44261e-05
-4.37396e-05
-4.29261e-05
-4.20264e-05
-4.10578e-05
-3.61981e-05
-3.72101e-05
-3.80796e-05
-3.88017e-05
-3.93709e-05
-3.97848e-05
-4.00505e-05
-4.01723e-05
-4.0159e-05
-4.00174e-05
-3.9748e-05
-3.93497e-05
-3.88222e-05
-3.81696e-05
-3.74e-05
-3.65493e-05
-3.56334e-05
-3.09588e-05
-3.18495e-05
-3.26153e-05
-3.32496e-05
-3.37459e-05
-3.41036e-05
-3.43247e-05
-3.44168e-05
-3.43874e-05
-3.42399e-05
-3.39736e-05
-3.35868e-05
-3.30794e-05
-3.24572e-05
-3.17292e-05
-3.09266e-05
-3.00645e-05
-2.57691e-05
-2.6525e-05
-2.71733e-05
-2.7705e-05
-2.81152e-05
-2.84047e-05
-2.85759e-05
-2.86337e-05
-2.85835e-05
-2.84254e-05
-2.81573e-05
-2.77775e-05
-2.72863e-05
-2.66918e-05
-2.60027e-05
-2.52481e-05
-2.44399e-05
-2.067e-05
-2.12819e-05
-2.18013e-05
-2.22158e-05
-2.253e-05
-2.27465e-05
-2.28662e-05
-2.28897e-05
-2.28178e-05
-2.26474e-05
-2.23754e-05
-2.19996e-05
-2.15218e-05
-2.09517e-05
-2.02974e-05
-1.95867e-05
-1.88304e-05
-1.57094e-05
-1.61597e-05
-1.65297e-05
-1.68221e-05
-1.70392e-05
-1.71862e-05
-1.72596e-05
-1.72541e-05
-1.71639e-05
-1.69833e-05
-1.67087e-05
-1.63353e-05
-1.58686e-05
-1.53182e-05
-1.46912e-05
-1.40181e-05
-1.33071e-05
-1.08537e-05
-1.11309e-05
-1.1344e-05
-1.15135e-05
-1.16466e-05
-1.17395e-05
-1.17796e-05
-1.17549e-05
-1.16539e-05
-1.1468e-05
-1.11932e-05
-1.08224e-05
-1.03637e-05
-9.82562e-06
-9.21402e-06
-8.56586e-06
-7.89026e-06
-6.01492e-06
-6.0989e-06
-6.17116e-06
-6.2424e-06
-6.32146e-06
-6.38289e-06
-6.40617e-06
-6.37423e-06
-6.27075e-06
-6.08536e-06
-5.81318e-06
-5.4464e-06
-4.99203e-06
-4.45713e-06
-3.84647e-06
-3.20893e-06
-2.55326e-06
-9.57684e-07
-8.86694e-07
-8.7368e-07
-9.1011e-07
-9.68194e-07
-1.0178e-06
-1.03466e-06
-1.00273e-06
-9.02712e-07
-7.22646e-07
-4.56252e-07
-9.4788e-08
3.58362e-07
8.97924e-07
1.52103e-06
2.16586e-06
2.82022e-06
4.61299e-06
4.64463e-06
4.61138e-06
4.56245e-06
4.52214e-06
4.50938e-06
4.54192e-06
4.63755e-06
4.80979e-06
5.06715e-06
5.41961e-06
5.86899e-06
6.41387e-06
7.05657e-06
7.71604e-06
8.39932e-06
1.0493e-05
1.04958e-05
1.0464e-05
1.04357e-05
1.04162e-05
1.04193e-05
1.04621e-05
1.05583e-05
1.07244e-05
1.097e-05
1.13076e-05
1.17461e-05
1.22873e-05
1.29395e-05
1.36313e-05
1.43766e-05
1.66372e-05
1.6613e-05
1.66278e-05
1.66512e-05
1.66797e-05
1.6727e-05
1.67997e-05
1.69114e-05
1.70802e-05
1.73225e-05
1.76526e-05
1.80806e-05
1.86186e-05
1.92903e-05
2.00436e-05
2.08471e-05
2.25539e-05
2.26495e-05
2.27603e-05
2.28764e-05
2.29957e-05
2.31214e-05
2.32562e-05
2.34159e-05
2.36172e-05
2.38879e-05
2.42413e-05
2.46927e-05
2.52657e-05
2.59984e-05
2.6808e-05
2.76607e-05
2.77971e-05
2.81088e-05
2.83953e-05
2.8671e-05
2.89355e-05
2.91873e-05
2.94325e-05
2.96872e-05
2.99773e-05
3.03307e-05
3.07662e-05
3.13117e-05
3.19788e-05
3.28116e-05
3.36731e-05
3.45714e-05
3.26438e-05
3.32513e-05
3.38013e-05
3.43171e-05
3.47999e-05
3.52502e-05
3.56789e-05
3.61022e-05
3.65573e-05
3.70665e-05
3.76641e-05
3.83615e-05
3.91867e-05
4.01391e-05
4.11207e-05
4.20851e-05
-7.2897e-05
-7.11966e-05
-6.94492e-05
-6.76733e-05
-6.5893e-05
-6.41259e-05
-6.23885e-05
-6.06981e-05
-5.90736e-05
-5.75367e-05
-5.61125e-05
-5.48299e-05
-5.37215e-05
-5.28251e-05
-5.21835e-05
-5.18459e-05
-5.18867e-05
-7.21774e-05
-7.0504e-05
-6.87772e-05
-6.70217e-05
-6.52606e-05
-6.35116e-05
-6.17915e-05
-6.01174e-05
-5.85082e-05
-5.69858e-05
-5.55751e-05
-5.43047e-05
-5.32071e-05
-5.23196e-05
-5.1684e-05
-5.13496e-05
-5.13908e-05
-7.08089e-05
-6.9175e-05
-6.74833e-05
-6.57633e-05
-6.4036e-05
-6.23198e-05
-6.06311e-05
-5.8987e-05
-5.74065e-05
-5.59111e-05
-5.45254e-05
-5.32776e-05
-5.21997e-05
-5.1328e-05
-5.07036e-05
-5.0374e-05
-5.04086e-05
-6.87857e-05
-6.71968e-05
-6.5554e-05
-6.38824e-05
-6.22027e-05
-6.05329e-05
-5.88893e-05
-5.7289e-05
-5.57504e-05
-5.42947e-05
-5.29462e-05
-5.17322e-05
-5.06838e-05
-4.98363e-05
-4.92291e-05
-4.89086e-05
-4.89407e-05
-6.61442e-05
-6.46106e-05
-6.30272e-05
-6.14141e-05
-5.97927e-05
-5.81806e-05
-5.65938e-05
-5.50487e-05
-5.35636e-05
-5.21589e-05
-5.08582e-05
-4.96878e-05
-4.86777e-05
-4.78616e-05
-4.72777e-05
-4.6969e-05
-4.69976e-05
-6.29334e-05
-6.14669e-05
-5.99479e-05
-5.84004e-05
-5.68453e-05
-5.52996e-05
-5.37787e-05
-5.22984e-05
-5.08763e-05
-4.95321e-05
-4.82882e-05
-4.71698e-05
-4.62055e-05
-4.54271e-05
-4.48703e-05
-4.45764e-05
-4.46031e-05
-5.92198e-05
-5.78179e-05
-5.63659e-05
-5.48891e-05
-5.34061e-05
-5.19332e-05
-5.0485e-05
-4.90768e-05
-4.7725e-05
-4.64484e-05
-4.52683e-05
-4.42085e-05
-4.32957e-05
-4.25597e-05
-4.20342e-05
-4.17563e-05
-4.17784e-05
-5.50574e-05
-5.37144e-05
-5.23318e-05
-5.09285e-05
-4.95214e-05
-4.81256e-05
-4.6755e-05
-4.54238e-05
-4.41476e-05
-4.2944e-05
-4.18329e-05
-4.08363e-05
-3.99792e-05
-3.92892e-05
-3.87967e-05
-3.85369e-05
-3.85565e-05
-5.04918e-05
-4.92112e-05
-4.79001e-05
-4.65721e-05
-4.52431e-05
-4.39269e-05
-4.26366e-05
-4.13853e-05
-4.01877e-05
-3.90601e-05
-3.80207e-05
-3.709e-05
-3.62906e-05
-3.56481e-05
-3.51906e-05
-3.49487e-05
-3.49632e-05
-4.55713e-05
-4.43623e-05
-4.31239e-05
-4.18725e-05
-4.0623e-05
-3.93878e-05
-3.8179e-05
-3.70087e-05
-3.58905e-05
-3.48394e-05
-3.3872e-05
-3.30071e-05
-3.22654e-05
-3.16702e-05
-3.12467e-05
-3.10235e-05
-3.10355e-05
-4.03682e-05
-3.92274e-05
-3.80629e-05
-3.689e-05
-3.5721e-05
-3.4567e-05
-3.34391e-05
-3.23486e-05
-3.13078e-05
-3.03305e-05
-2.94319e-05
-2.86292e-05
-2.79415e-05
-2.73904e-05
-2.69993e-05
-2.67928e-05
-2.68002e-05
-3.4945e-05
-3.38698e-05
-3.27811e-05
-3.16879e-05
-3.05998e-05
-2.95263e-05
-2.84771e-05
-2.74624e-05
-2.64937e-05
-2.55834e-05
-2.47458e-05
-2.39972e-05
-2.33559e-05
-2.28421e-05
-2.24777e-05
-2.22863e-05
-2.22923e-05
-2.9365e-05
-2.83613e-05
-2.73517e-05
-2.63397e-05
-2.53323e-05
-2.43369e-05
-2.33614e-05
-2.2415e-05
-2.1508e-05
-2.06521e-05
-1.98615e-05
-1.91527e-05
-1.85444e-05
-1.80568e-05
-1.77116e-05
-1.75296e-05
-1.75318e-05
-2.37029e-05
-2.27796e-05
-2.18507e-05
-2.09198e-05
-1.99908e-05
-1.90679e-05
-1.81572e-05
-1.72663e-05
-1.64044e-05
-1.55834e-05
-1.48189e-05
-1.41292e-05
-1.35351e-05
-1.30579e-05
-1.27194e-05
-1.25409e-05
-1.25393e-05
-1.80593e-05
-1.72086e-05
-1.63566e-05
-1.55025e-05
-1.46447e-05
-1.37836e-05
-1.29224e-05
-1.20668e-05
-1.12253e-05
-1.04122e-05
-9.64643e-06
-8.94926e-06
-8.34513e-06
-7.85868e-06
-7.51345e-06
-7.33022e-06
-7.32401e-06
-1.25067e-05
-1.17159e-05
-1.09306e-05
-1.01407e-05
-9.33875e-06
-8.52008e-06
-7.68469e-06
-6.83608e-06
-5.98416e-06
-5.14624e-06
-4.34657e-06
-3.61205e-06
-2.97227e-06
-2.45547e-06
-2.08756e-06
-1.89314e-06
-1.89032e-06
-7.08871e-06
-6.34431e-06
-5.60728e-06
-4.85778e-06
-4.0845e-06
-3.27802e-06
-2.43489e-06
-1.55823e-06
-6.60123e-07
2.37321e-07
1.10374e-06
1.9048e-06
2.60504e-06
3.17246e-06
3.57712e-06
3.79144e-06
3.78857e-06
-1.80655e-06
-1.0888e-06
-3.68623e-07
3.75855e-07
1.15895e-06
1.99346e-06
2.88385e-06
3.82652e-06
4.80712e-06
5.79633e-06
6.75789e-06
7.64884e-06
8.42994e-06
9.06569e-06
9.52157e-06
9.76182e-06
9.74753e-06
3.38059e-06
4.1089e-06
4.85428e-06
5.63851e-06
6.47765e-06
7.38439e-06
8.36275e-06
9.4094e-06
1.05042e-05
1.16119e-05
1.26874e-05
1.36848e-05
1.45629e-05
1.52818e-05
1.57998e-05
1.60737e-05
1.60461e-05
8.5858e-06
9.36525e-06
1.01799e-05
1.10499e-05
1.19891e-05
1.30095e-05
1.4117e-05
1.5302e-05
1.65362e-05
1.77782e-05
1.89796e-05
2.00955e-05
2.10828e-05
2.18963e-05
2.2487e-05
2.27983e-05
2.27517e-05
1.39538e-05
1.48168e-05
1.57384e-05
1.67336e-05
1.78116e-05
1.89885e-05
2.02639e-05
2.16155e-05
2.30087e-05
2.43973e-05
2.57348e-05
2.69787e-05
2.8084e-05
2.89998e-05
2.96672e-05
3.00197e-05
2.99542e-05
1.95763e-05
2.0556e-05
2.16219e-05
2.27831e-05
2.40507e-05
2.54325e-05
2.69178e-05
2.84696e-05
3.00436e-05
3.15913e-05
3.30736e-05
3.44505e-05
3.56759e-05
3.66936e-05
3.74377e-05
3.78302e-05
3.77447e-05
2.54753e-05
2.66069e-05
2.78786e-05
2.92774e-05
3.07973e-05
3.24707e-05
3.42233e-05
3.60141e-05
3.77867e-05
3.95023e-05
4.11327e-05
4.26381e-05
4.39735e-05
4.50809e-05
4.58906e-05
4.63182e-05
4.62166e-05
3.172e-05
3.31084e-05
3.46788e-05
3.63857e-05
3.83061e-05
4.03498e-05
4.24121e-05
4.44411e-05
4.64041e-05
4.8281e-05
5.00392e-05
5.16503e-05
5.30728e-05
5.42476e-05
5.51033e-05
5.55515e-05
5.54325e-05
3.89576e-05
4.07015e-05
4.2617e-05
4.47549e-05
-7.27315e-05
-7.10752e-05
-6.93666e-05
-6.76259e-05
-6.58733e-05
-6.41264e-05
-6.24028e-05
-6.07211e-05
-5.91014e-05
-5.75667e-05
-5.61428e-05
-5.48589e-05
-5.37481e-05
-5.28486e-05
-5.22045e-05
-5.18662e-05
-5.19127e-05
-7.20262e-05
-7.03877e-05
-6.86983e-05
-6.69763e-05
-6.52416e-05
-6.35119e-05
-6.18048e-05
-6.01389e-05
-5.85344e-05
-5.7014e-05
-5.56035e-05
-5.43318e-05
-5.32319e-05
-5.23414e-05
-5.17035e-05
-5.13678e-05
-5.14098e-05
-7.06711e-05
-6.90674e-05
-6.74118e-05
-6.57228e-05
-6.40201e-05
-6.23217e-05
-6.0645e-05
-5.90084e-05
-5.7432e-05
-5.59383e-05
-5.45526e-05
-5.33035e-05
-5.22232e-05
-5.13486e-05
-5.07218e-05
-5.0391e-05
-5.04276e-05
-6.86563e-05
-6.71e-05
-6.54907e-05
-6.38475e-05
-6.21903e-05
-6.05368e-05
-5.89042e-05
-5.73104e-05
-5.57754e-05
-5.43211e-05
-5.29724e-05
-5.17569e-05
-5.07061e-05
-4.98557e-05
-4.92464e-05
-4.89246e-05
-4.89587e-05
-6.60263e-05
-6.45253e-05
-6.29714e-05
-6.13846e-05
-5.97837e-05
-5.81863e-05
-5.66092e-05
-5.507e-05
-5.3588e-05
-5.21844e-05
-5.08832e-05
-4.97113e-05
-4.86989e-05
-4.78801e-05
-4.72936e-05
-4.6984e-05
-4.70151e-05
-6.28304e-05
-6.13896e-05
-5.9898e-05
-5.8375e-05
-5.68386e-05
-5.53063e-05
-5.37941e-05
-5.2319e-05
-5.08995e-05
-4.95562e-05
-4.83119e-05
-4.71922e-05
-4.62256e-05
-4.54446e-05
-4.4886e-05
-4.45907e-05
-4.46188e-05
-5.91269e-05
-5.7747e-05
-5.63215e-05
-5.48669e-05
-5.34009e-05
-5.19399e-05
-5.04994e-05
-4.90958e-05
-4.77464e-05
-4.64708e-05
-4.52904e-05
-4.42294e-05
-4.33147e-05
-4.25765e-05
-4.20486e-05
-4.17698e-05
-4.17938e-05
-5.49694e-05
-5.36513e-05
-5.22921e-05
-5.09082e-05
-4.95161e-05
-4.81307e-05
-4.67669e-05
-4.544e-05
-4.41662e-05
-4.29638e-05
-4.18529e-05
-4.08558e-05
-3.99973e-05
-3.93053e-05
-3.88113e-05
-3.85501e-05
-3.85704e-05
-5.04118e-05
-4.91562e-05
-4.78643e-05
-4.65527e-05
-4.52364e-05
-4.39292e-05
-4.2645e-05
-4.13979e-05
-4.0203e-05
-3.90771e-05
-3.80387e-05
-3.7108e-05
-3.6308e-05
-3.56641e-05
-3.52046e-05
-3.49618e-05
-3.49775e-05
-4.55055e-05
-4.43128e-05
-4.30902e-05
-4.18525e-05
-4.06133e-05
-3.93858e-05
-3.81825e-05
-3.70164e-05
-3.59016e-05
-3.48532e-05
-3.3888e-05
-3.30243e-05
-3.22828e-05
-3.16866e-05
-3.1262e-05
-3.10373e-05
-3.10494e-05
-4.03133e-05
-3.91836e-05
-3.80319e-05
-3.68692e-05
-3.5708e-05
-3.45602e-05
-3.34373e-05
-3.23513e-05
-3.13147e-05
-3.03415e-05
-2.94466e-05
-2.86464e-05
-2.79599e-05
-2.74084e-05
-2.70156e-05
-2.6808e-05
-2.68159e-05
-3.48948e-05
-3.38325e-05
-3.27529e-05
-3.16661e-05
-3.0583e-05
-2.95141e-05
-2.84693e-05
-2.74594e-05
-2.64961e-05
-2.55917e-05
-2.47596e-05
-2.40152e-05
-2.33761e-05
-2.28625e-05
-2.24972e-05
-2.2304e-05
-2.23095e-05
-2.93238e-05
-2.83336e-05
-2.73287e-05
-2.63188e-05
-2.5313e-05
-2.43199e-05
-2.33478e-05
-2.24062e-05
-2.15058e-05
-2.06577e-05
-1.98747e-05
-1.91719e-05
-1.85671e-05
-1.80803e-05
-1.77333e-05
-1.75495e-05
-1.7552e-05
-2.3681e-05
-2.27625e-05
-2.18334e-05
-2.09002e-05
-1.99689e-05
-1.90456e-05
-1.81366e-05
-1.72503e-05
-1.63961e-05
-1.55847e-05
-1.48298e-05
-1.41482e-05
-1.35595e-05
-1.30841e-05
-1.27448e-05
-1.25642e-05
-1.25622e-05
-1.80536e-05
-1.72019e-05
-1.63458e-05
-1.5485e-05
-1.46211e-05
-1.37562e-05
-1.28946e-05
-1.20432e-05
-1.12104e-05
-1.04079e-05
-9.65317e-06
-8.96724e-06
-8.37063e-06
-7.88718e-06
-7.54125e-06
-7.35658e-06
-7.35089e-06
-1.25059e-05
-1.17171e-05
-1.09248e-05
-1.01243e-05
-9.31298e-06
-8.48739e-06
-7.64985e-06
-6.80511e-06
-5.96195e-06
-5.13573e-06
-4.35042e-06
-3.62925e-06
-2.99821e-06
-2.48552e-06
-2.1185e-06
-1.92282e-06
-1.91914e-06
-7.08922e-06
-6.34977e-06
-5.60358e-06
-4.84266e-06
-4.05802e-06
-3.24333e-06
-2.39773e-06
-1.52449e-06
-6.34646e-07
2.48329e-07
1.09876e-06
1.88606e-06
2.57714e-06
3.13993e-06
3.5443e-06
3.75935e-06
3.75619e-06
-1.80266e-06
-1.0879e-06
-3.60279e-07
3.93953e-07
1.18629e-06
2.02637e-06
2.91781e-06
3.85584e-06
4.82564e-06
5.79975e-06
6.74572e-06
7.62413e-06
8.39728e-06
9.02977e-06
9.48521e-06
9.7269e-06
9.7124e-06
3.41384e-06
4.13667e-06
4.88273e-06
5.66916e-06
6.51038e-06
7.41446e-06
8.38727e-06
9.42371e-06
1.05049e-05
1.1598e-05
1.26598e-05
1.36482e-05
1.4522e-05
1.52407e-05
1.57611e-05
1.60365e-05
1.60065e-05
8.69359e-06
9.45831e-06
1.02615e-05
1.11219e-05
1.20477e-05
1.30491e-05
1.41364e-05
1.53001e-05
1.65163e-05
1.77419e-05
1.89322e-05
2.00438e-05
2.10322e-05
2.18502e-05
2.24445e-05
2.27587e-05
2.27091e-05
1.4196e-05
1.5033e-05
1.59281e-05
1.6896e-05
1.79366e-05
1.90712e-05
2.02996e-05
2.1613e-05
2.29759e-05
2.43418e-05
2.56686e-05
2.6913e-05
2.80249e-05
2.89486e-05
2.96227e-05
2.99782e-05
2.99069e-05
2.0021e-05
2.09598e-05
2.19827e-05
2.30898e-05
2.42929e-05
2.55952e-05
2.70044e-05
2.84871e-05
3.00064e-05
3.15201e-05
3.29927e-05
3.43748e-05
3.56099e-05
3.6638e-05
3.73892e-05
3.7786e-05
3.76941e-05
2.61382e-05
2.72151e-05
2.84177e-05
2.97277e-05
3.11679e-05
3.27157e-05
3.4347e-05
3.60394e-05
3.77432e-05
3.94238e-05
4.10402e-05
4.25521e-05
4.39027e-05
4.50239e-05
4.58439e-05
4.62767e-05
4.61702e-05
3.25533e-05
3.38378e-05
3.52908e-05
3.68948e-05
3.86589e-05
4.05256e-05
4.24634e-05
4.44212e-05
4.63349e-05
4.81835e-05
4.9942e-05
5.15701e-05
5.30088e-05
5.4197e-05
5.50602e-05
5.55119e-05
5.53961e-05
3.98594e-05
4.14118e-05
4.31688e-05
4.51029e-05
4.71882e-05
4.94182e-05
-7.2492e-05
-7.08916e-05
-6.92386e-05
-6.75482e-05
-6.58364e-05
-6.41203e-05
-6.24184e-05
-6.07509e-05
-5.91398e-05
-5.76093e-05
-5.61863e-05
-5.49011e-05
-5.37874e-05
-5.2884e-05
-5.22364e-05
-5.18969e-05
-5.19486e-05
-7.17994e-05
-7.02126e-05
-6.85762e-05
-6.69024e-05
-6.52067e-05
-6.35065e-05
-6.18201e-05
-6.01677e-05
-5.85713e-05
-5.7055e-05
-5.56453e-05
-5.43724e-05
-5.32697e-05
-5.23754e-05
-5.17344e-05
-5.13976e-05
-5.14437e-05
-7.04576e-05
-6.89011e-05
-6.72957e-05
-6.56524e-05
-6.39869e-05
-6.23163e-05
-6.06592e-05
-5.90354e-05
-5.74666e-05
-5.59766e-05
-5.45918e-05
-5.33415e-05
-5.22585e-05
-5.13804e-05
-5.07505e-05
-5.04188e-05
-5.04592e-05
-6.84574e-05
-6.69453e-05
-6.53832e-05
-6.37831e-05
-6.21606e-05
-6.0533e-05
-5.89184e-05
-5.73364e-05
-5.58084e-05
-5.43575e-05
-5.30094e-05
-5.17927e-05
-5.07393e-05
-4.98855e-05
-4.92737e-05
-4.89508e-05
-4.89882e-05
-6.58425e-05
-6.43826e-05
-6.28729e-05
-6.13261e-05
-5.97574e-05
-5.81838e-05
-5.66232e-05
-5.50946e-05
-5.36189e-05
-5.22183e-05
-5.09178e-05
-4.97448e-05
-4.87299e-05
-4.7908e-05
-4.73188e-05
-4.70084e-05
-4.70431e-05
-6.26636e-05
-6.12603e-05
-5.98094e-05
-5.83231e-05
-5.68163e-05
-5.53054e-05
-5.38081e-05
-5.23425e-05
-5.09287e-05
-4.95881e-05
-4.83443e-05
-4.72236e-05
-4.62548e-05
-4.54709e-05
-4.49101e-05
-4.46139e-05
-4.46447e-05
-5.89739e-05
-5.76297e-05
-5.62413e-05
-5.48199e-05
-5.33804e-05
-5.19387e-05
-5.05115e-05
-4.91164e-05
-4.77722e-05
-4.64992e-05
-4.53196e-05
-4.4258e-05
-4.33415e-05
-4.26008e-05
-4.20706e-05
-4.17912e-05
-4.18182e-05
-5.48289e-05
-5.35455e-05
-5.22202e-05
-5.08659e-05
-4.94971e-05
-4.81287e-05
-4.67767e-05
-4.54575e-05
-4.41886e-05
-4.2989e-05
-4.18792e-05
-4.08819e-05
-4.00222e-05
-3.93281e-05
-3.88327e-05
-3.85707e-05
-3.85929e-05
-5.02835e-05
-4.90599e-05
-4.77981e-05
-4.65124e-05
-4.52163e-05
-4.3924e-05
-4.26502e-05
-4.14103e-05
-4.02205e-05
-3.90979e-05
-3.80613e-05
-3.71313e-05
-3.63307e-05
-3.56855e-05
-3.52244e-05
-3.49811e-05
-3.49993e-05
-4.53932e-05
-4.42274e-05
-4.30305e-05
-4.18145e-05
-4.05924e-05
-3.93776e-05
-3.81837e-05
-3.70247e-05
-3.59152e-05
-3.48708e-05
-3.39083e-05
-3.3046e-05
-3.23046e-05
-3.17076e-05
-3.12825e-05
-3.10571e-05
-3.10703e-05
-4.02147e-05
-3.9109e-05
-3.79783e-05
-3.6833e-05
-3.56855e-05
-3.45483e-05
-3.34339e-05
-3.23548e-05
-3.13241e-05
-3.03557e-05
-2.94645e-05
-2.86668e-05
-2.79814e-05
-2.74298e-05
-2.7036e-05
-2.6828e-05
-2.68377e-05
-3.48124e-05
-3.37722e-05
-3.27088e-05
-3.16347e-05
-3.05616e-05
-2.95008e-05
-2.84631e-05
-2.74598e-05
-2.65026e-05
-2.56038e-05
-2.47766e-05
-2.40359e-05
-2.33988e-05
-2.28858e-05
-2.25206e-05
-2.23265e-05
-2.23326e-05
-2.92642e-05
-2.82898e-05
-2.72956e-05
-2.62932e-05
-2.52929e-05
-2.43048e-05
-2.33378e-05
-2.24018e-05
-2.15076e-05
-2.06661e-05
-1.98896e-05
-1.91923e-05
-1.85912e-05
-1.8106e-05
-1.77586e-05
-1.75748e-05
-1.75789e-05
-2.36503e-05
-2.27405e-05
-2.18154e-05
-2.08832e-05
-1.9952e-05
-1.90291e-05
-1.81221e-05
-1.72397e-05
-1.63916e-05
-1.55884e-05
-1.48425e-05
-1.41691e-05
-1.35861e-05
-1.31136e-05
-1.27752e-05
-1.25942e-05
-1.25943e-05
-1.80482e-05
-1.7202e-05
-1.63433e-05
-1.54761e-05
-1.46052e-05
-1.3735e-05
-1.28713e-05
-1.20218e-05
-1.11957e-05
-1.0404e-05
-9.66126e-06
-8.98724e-06
-8.39978e-06
-7.92097e-06
-7.57567e-06
-7.39158e-06
-7.38887e-06
-1.2524e-05
-1.17387e-05
-1.09371e-05
-1.01231e-05
-9.29725e-06
-8.46053e-06
-7.61691e-06
-6.77291e-06
-5.93792e-06
-5.12545e-06
-4.3568e-06
-3.65187e-06
-3.03271e-06
-2.52557e-06
-2.16022e-06
-1.96374e-06
-1.96249e-06
-7.12248e-06
-6.38268e-06
-5.6223e-06
-4.84302e-06
-4.03928e-06
-3.2102e-06
-2.35724e-06
-1.48594e-06
-6.07185e-07
2.5842e-07
1.08743e-06
1.856e-06
2.53483e-06
3.09286e-06
3.49755e-06
3.7129e-06
3.706e-06
-1.82932e-06
-1.11296e-06
-3.71001e-07
4.00758e-07
1.21098e-06
2.06243e-06
2.95756e-06
3.88917e-06
4.84362e-06
5.79585e-06
6.71879e-06
7.57974e-06
8.34404e-06
8.97459e-06
9.43122e-06
9.67485e-06
9.65558e-06
3.4387e-06
4.15885e-06
4.91169e-06
5.70702e-06
6.55451e-06
7.45858e-06
8.42498e-06
9.44606e-06
1.05047e-05
1.15719e-05
1.26127e-05
1.35887e-05
1.4459e-05
1.51797e-05
1.57045e-05
1.59811e-05
1.59438e-05
8.83617e-06
9.5891e-06
1.0384e-05
1.12343e-05
1.21453e-05
1.3129e-05
1.41901e-05
1.53223e-05
1.65041e-05
1.76996e-05
1.88704e-05
1.99746e-05
2.09638e-05
2.17862e-05
2.23838e-05
2.26994e-05
2.26416e-05
1.45506e-05
1.53633e-05
1.62294e-05
1.71613e-05
1.81614e-05
1.92487e-05
2.04222e-05
2.16781e-05
2.29847e-05
2.43072e-05
2.56112e-05
2.68468e-05
2.79575e-05
2.88834e-05
2.95603e-05
2.99156e-05
2.98352e-05
2.06802e-05
2.15765e-05
2.2544e-05
2.35856e-05
2.47126e-05
2.59294e-05
2.7241e-05
2.86258e-05
3.00579e-05
3.15123e-05
3.29436e-05
3.43075e-05
3.55403e-05
3.65682e-05
3.73184e-05
3.77156e-05
3.76162e-05
2.71332e-05
2.81358e-05
2.92453e-05
3.04485e-05
3.17575e-05
3.31627e-05
3.46622e-05
3.62073e-05
3.78016e-05
3.9394e-05
4.09774e-05
4.24762e-05
4.3823e-05
4.49423e-05
4.57618e-05
4.61986e-05
4.6086e-05
3.3795e-05
3.49499e-05
3.62559e-05
3.7692e-05
3.92557e-05
4.09184e-05
4.26562e-05
4.44487e-05
4.62462e-05
4.80509e-05
4.98113e-05
5.14438e-05
5.28932e-05
5.40959e-05
5.49718e-05
5.54309e-05
5.53111e-05
4.1182e-05
4.25557e-05
4.41032e-05
4.58078e-05
4.76359e-05
4.95711e-05
5.158e-05
5.36237e-05
5.56606e-05
-7.22589e-05
-7.0706e-05
-6.91018e-05
-6.74568e-05
-6.57828e-05
-6.40962e-05
-6.24159e-05
-6.07634e-05
-5.91623e-05
-5.76378e-05
-5.62175e-05
-5.49328e-05
-5.38183e-05
-5.29135e-05
-5.22641e-05
-5.19231e-05
-5.19763e-05
-7.15734e-05
-7.00322e-05
-6.84426e-05
-6.68124e-05
-6.51533e-05
-6.34814e-05
-6.18159e-05
-6.01781e-05
-5.85914e-05
-5.70808e-05
-5.56739e-05
-5.44015e-05
-5.32981e-05
-5.24028e-05
-5.17601e-05
-5.14218e-05
-5.14694e-05
-7.02422e-05
-6.87289e-05
-6.71675e-05
-6.55658e-05
-6.3935e-05
-6.22914e-05
-6.06541e-05
-5.90441e-05
-5.74846e-05
-5.60002e-05
-5.46181e-05
-5.33684e-05
-5.22849e-05
-5.14058e-05
-5.07744e-05
-5.04411e-05
-5.04812e-05
-6.82555e-05
-6.67836e-05
-6.52629e-05
-6.37018e-05
-6.2112e-05
-6.05096e-05
-5.89135e-05
-5.73444e-05
-5.58249e-05
-5.43792e-05
-5.30336e-05
-5.18175e-05
-5.07637e-05
-4.9909e-05
-4.92956e-05
-4.8971e-05
-4.90079e-05
-6.56546e-05
-6.42325e-05
-6.27615e-05
-6.12509e-05
-5.97125e-05
-5.81622e-05
-5.66185e-05
-5.51018e-05
-5.36338e-05
-5.22381e-05
-5.094e-05
-4.97676e-05
-4.87524e-05
-4.79296e-05
-4.73392e-05
-4.70276e-05
-4.70628e-05
-6.24911e-05
-6.11232e-05
-5.9708e-05
-5.82549e-05
-5.67757e-05
-5.5286e-05
-5.38039e-05
-5.23491e-05
-5.09423e-05
-4.9606e-05
-4.83645e-05
-4.72444e-05
-4.62754e-05
-4.54908e-05
-4.49287e-05
-4.46311e-05
-4.46615e-05
-5.88153e-05
-5.75045e-05
-5.61485e-05
-5.47572e-05
-5.33426e-05
-5.19199e-05
-5.05065e-05
-4.9121e-05
-4.77833e-05
-4.65144e-05
-4.53372e-05
-4.42765e-05
-4.33601e-05
-4.26189e-05
-4.20879e-05
-4.18078e-05
-4.18353e-05
-5.46838e-05
-5.34308e-05
-5.21357e-05
-5.08086e-05
-4.9462e-05
-4.81106e-05
-4.67708e-05
-4.54603e-05
-4.41975e-05
-4.3002e-05
-4.18947e-05
-4.08985e-05
-4.00391e-05
-3.93449e-05
-3.88486e-05
-3.85854e-05
-3.8607e-05
-5.0149e-05
-4.89541e-05
-4.77202e-05
-4.64586e-05
-4.5182e-05
-4.39047e-05
-4.2642e-05
-4.14102e-05
-4.02263e-05
-3.9108e-05
-3.80743e-05
-3.7146e-05
-3.63462e-05
-3.5701e-05
-3.52396e-05
-3.49961e-05
-3.50147e-05
-4.52716e-05
-4.4133e-05
-4.29607e-05
-4.17657e-05
-4.05605e-05
-3.93587e-05
-3.81747e-05
-3.70233e-05
-3.59198e-05
-3.48798e-05
-3.39204e-05
-3.306e-05
-3.23196e-05
-3.17231e-05
-3.12975e-05
-3.10712e-05
-3.10837e-05
-4.01068e-05
-3.90264e-05
-3.79166e-05
-3.6789e-05
-3.56558e-05
-3.45298e-05
-3.34244e-05
-3.23525e-05
-3.13276e-05
-3.03637e-05
-2.94759e-05
-2.86806e-05
-2.79966e-05
-2.74456e-05
-2.70519e-05
-2.68437e-05
-2.68543e-05
-3.47255e-05
-3.37053e-05
-3.26595e-05
-3.15998e-05
-3.05381e-05
-2.94864e-05
-2.84562e-05
-2.74592e-05
-2.65073e-05
-2.56128e-05
-2.47892e-05
-2.4051e-05
-2.34158e-05
-2.29037e-05
-2.25384e-05
-2.23434e-05
-2.23493e-05
-2.91998e-05
-2.82419e-05
-2.72611e-05
-2.6269e-05
-2.52766e-05
-2.42946e-05
-2.33329e-05
-2.24019e-05
-2.15121e-05
-2.0675e-05
-1.99026e-05
-1.92087e-05
-1.86102e-05
-1.81264e-05
-1.77795e-05
-1.75956e-05
-1.76014e-05
-2.36139e-05
-2.2718e-05
-2.18015e-05
-2.08744e-05
-1.99461e-05
-1.90253e-05
-1.81203e-05
-1.72406e-05
-1.6396e-05
-1.55974e-05
-1.48567e-05
-1.41879e-05
-1.36086e-05
-1.31383e-05
-1.28e-05
-1.26188e-05
-1.26196e-05
-1.80406e-05
-1.72058e-05
-1.635e-05
-1.54816e-05
-1.46076e-05
-1.37343e-05
-1.28689e-05
-1.20199e-05
-1.1197e-05
-1.04114e-05
-9.67612e-06
-9.00863e-06
-8.4266e-06
-7.95085e-06
-7.60645e-06
-7.42204e-06
-7.42119e-06
-1.25465e-05
-1.17673e-05
-1.09634e-05
-1.01423e-05
-9.30704e-06
-8.46239e-06
-7.61386e-06
-6.76921e-06
-5.9384e-06
-5.13405e-06
-4.37506e-06
-3.67939e-06
-3.06695e-06
-2.56271e-06
-2.19716e-06
-1.99923e-06
-2.00012e-06
-7.16055e-06
-6.42374e-06
-5.65761e-06
-4.86601e-06
-4.04967e-06
-3.21054e-06
-2.3523e-06
-1.48192e-06
-6.10117e-07
2.44245e-07
1.06106e-06
1.81897e-06
2.49165e-06
3.0484e-06
3.45426e-06
3.67089e-06
3.65992e-06
-1.8565e-06
-1.14311e-06
-3.94172e-07
3.88953e-07
1.21001e-06
2.06867e-06
2.96441e-06
3.89048e-06
4.83266e-06
5.77033e-06
6.67976e-06
7.53181e-06
8.29235e-06
8.92391e-06
9.38374e-06
9.62972e-06
9.60627e-06
3.4695e-06
4.18479e-06
4.94048e-06
5.74006e-06
6.58918e-06
7.49091e-06
8.44704e-06
9.4531e-06
1.04919e-05
1.15409e-05
1.25678e-05
1.35373e-05
1.44056e-05
1.51283e-05
1.56555e-05
1.59333e-05
1.58904e-05
8.99286e-06
9.73751e-06
1.05258e-05
1.13661e-05
1.22635e-05
1.32273e-05
1.42633e-05
1.53654e-05
1.65169e-05
1.76879e-05
1.88429e-05
1.99371e-05
2.09212e-05
2.17401e-05
2.23369e-05
2.26521e-05
2.25912e-05
1.49137e-05
1.5718e-05
1.65642e-05
1.74669e-05
1.84327e-05
1.94774e-05
2.06048e-05
2.18105e-05
2.30726e-05
2.43608e-05
2.56356e-05
2.68437e-05
2.79354e-05
2.88462e-05
2.95128e-05
2.98639e-05
2.97831e-05
2.13069e-05
2.2202e-05
2.31271e-05
2.41172e-05
2.51811e-05
2.63312e-05
2.75667e-05
2.88794e-05
3.02487e-05
3.16446e-05
3.30244e-05
3.43444e-05
3.55317e-05
3.65277e-05
3.72597e-05
3.76543e-05
3.756e-05
2.8044e-05
2.90095e-05
3.00466e-05
3.11653e-05
3.23764e-05
3.36753e-05
3.50586e-05
3.65067e-05
3.80096e-05
3.95337e-05
4.10435e-05
4.24745e-05
4.37791e-05
4.48735e-05
4.56859e-05
4.61215e-05
4.60148e-05
3.49132e-05
3.59618e-05
3.71539e-05
3.8458e-05
3.98734e-05
4.13808e-05
4.29685e-05
4.46139e-05
4.63028e-05
4.80091e-05
4.96889e-05
5.12933e-05
5.27561e-05
5.39737e-05
5.48673e-05
5.53427e-05
5.52176e-05
4.23983e-05
4.36262e-05
4.50043e-05
4.65304e-05
4.81768e-05
4.99145e-05
5.17219e-05
5.35961e-05
5.54868e-05
5.73842e-05
5.92604e-05
-7.2115e-05
-7.05893e-05
-6.90153e-05
-6.73983e-05
-6.57479e-05
-6.40796e-05
-6.2413e-05
-6.07702e-05
-5.91754e-05
-5.76549e-05
-5.62373e-05
-5.49539e-05
-5.38397e-05
-5.29344e-05
-5.22838e-05
-5.19399e-05
-5.19881e-05
-7.143e-05
-6.99159e-05
-6.8355e-05
-6.67519e-05
-6.51156e-05
-6.34616e-05
-6.18095e-05
-6.01812e-05
-5.86008e-05
-5.70944e-05
-5.56903e-05
-5.44193e-05
-5.33166e-05
-5.24213e-05
-5.17772e-05
-5.1437e-05
-5.14825e-05
-7.01041e-05
-6.86171e-05
-6.70829e-05
-6.55068e-05
-6.38978e-05
-6.22713e-05
-6.06467e-05
-5.90458e-05
-5.74924e-05
-5.60121e-05
-5.46326e-05
-5.33843e-05
-5.23016e-05
-5.14227e-05
-5.07904e-05
-5.04545e-05
-5.04924e-05
-6.8125e-05
-6.66777e-05
-6.51825e-05
-6.36455e-05
-6.20762e-05
-6.04899e-05
-5.89057e-05
-5.7345e-05
-5.58313e-05
-5.43894e-05
-5.30464e-05
-5.18317e-05
-5.07787e-05
-4.99243e-05
-4.93093e-05
-4.89823e-05
-4.90174e-05
-6.55331e-05
-6.41348e-05
-6.26876e-05
-6.11992e-05
-5.96797e-05
-5.81443e-05
-5.66116e-05
-5.51026e-05
-5.36399e-05
-5.22477e-05
-5.09519e-05
-4.97809e-05
-4.87664e-05
-4.79438e-05
-4.73528e-05
-4.70382e-05
-4.70698e-05
-6.23786e-05
-6.10327e-05
-5.96396e-05
-5.82069e-05
-5.6745e-05
-5.52688e-05
-5.37968e-05
-5.23489e-05
-5.0947e-05
-4.9614e-05
-4.83747e-05
-4.72559e-05
-4.62877e-05
-4.55035e-05
-4.49397e-05
-4.46401e-05
-4.46689e-05
-5.87115e-05
-5.74218e-05
-5.60861e-05
-5.47133e-05
-5.33143e-05
-5.19038e-05
-5.04993e-05
-4.91203e-05
-4.77871e-05
-4.65214e-05
-4.53463e-05
-4.42869e-05
-4.33713e-05
-4.26304e-05
-4.20991e-05
-4.18164e-05
-4.18405e-05
-5.45881e-05
-5.33541e-05
-5.20775e-05
-5.07675e-05
-4.94348e-05
-4.80943e-05
-4.67626e-05
-4.5458e-05
-4.41995e-05
-4.3007e-05
-4.19019e-05
-4.09071e-05
-4.00486e-05
-3.93549e-05
-3.8857e-05
-3.85926e-05
-3.86132e-05
-5.00606e-05
-4.88837e-05
-4.76668e-05
-4.64206e-05
-4.51565e-05
-4.38889e-05
-4.26335e-05
-4.14072e-05
-4.02275e-05
-3.91122e-05
-3.80807e-05
-3.71539e-05
-3.63551e-05
-3.57103e-05
-3.52489e-05
-3.50036e-05
-3.50191e-05
-4.51906e-05
-4.40685e-05
-4.29119e-05
-4.17307e-05
-4.05366e-05
-3.93435e-05
-3.81661e-05
-3.70198e-05
-3.59201e-05
-3.48831e-05
-3.39258e-05
-3.3067e-05
-3.23278e-05
-3.17318e-05
-3.13046e-05
-3.10779e-05
-3.10903e-05
-4.00341e-05
-3.89701e-05
-3.78745e-05
-3.67589e-05
-3.56354e-05
-3.45171e-05
-3.34175e-05
-3.23502e-05
-3.13289e-05
-3.03678e-05
-2.9482e-05
-2.86882e-05
-2.80052e-05
-2.74547e-05
-2.70613e-05
-2.68521e-05
-2.68604e-05
-3.46654e-05
-3.36589e-05
-3.26258e-05
-3.15766e-05
-3.05231e-05
-2.94777e-05
-2.84524e-05
-2.74592e-05
-2.65102e-05
-2.56181e-05
-2.47961e-05
-2.40594e-05
-2.34253e-05
-2.29137e-05
-2.25468e-05
-2.23522e-05
-2.23586e-05
-2.91541e-05
-2.82096e-05
-2.72394e-05
-2.62555e-05
-2.52694e-05
-2.42919e-05
-2.33336e-05
-2.24052e-05
-2.15177e-05
-2.06824e-05
-1.99115e-05
-1.92191e-05
-1.86217e-05
-1.81386e-05
-1.77923e-05
-1.76075e-05
-1.76121e-05
-2.35879e-05
-2.2703e-05
-2.17949e-05
-2.08733e-05
-1.99484e-05
-1.90296e-05
-1.8126e-05
-1.72475e-05
-1.64042e-05
-1.56071e-05
-1.48678e-05
-1.42004e-05
-1.36228e-05
-1.31535e-05
-1.28148e-05
-1.26323e-05
-1.26348e-05
-1.80353e-05
-1.72108e-05
-1.63603e-05
-1.54938e-05
-1.46198e-05
-1.37456e-05
-1.28795e-05
-1.20305e-05
-1.12085e-05
-1.04247e-05
-9.69126e-06
-9.02572e-06
-8.4454e-06
-7.97058e-06
-7.62672e-06
-7.4402e-06
-7.4385e-06
-1.25627e-05
-1.17905e-05
-1.09892e-05
-1.01665e-05
-9.32813e-06
-8.48029e-06
-7.62961e-06
-6.7843e-06
-5.95463e-06
-5.15281e-06
-4.39636e-06
-3.70327e-06
-3.09221e-06
-2.58777e-06
-2.21953e-06
-2.02085e-06
-2.02437e-06
-7.18771e-06
-6.45701e-06
-5.69079e-06
-4.89537e-06
-4.07446e-06
-3.2317e-06
-2.37154e-06
-1.50183e-06
-6.3275e-07
2.18428e-07
1.03123e-06
1.78698e-06
2.45917e-06
3.01744e-06
3.42473e-06
3.64465e-06
3.63224e-06
-1.87637e-06
-1.16626e-06
-4.16899e-07
3.70088e-07
1.19362e-06
2.05367e-06
2.94852e-06
3.87046e-06
4.80723e-06
5.73894e-06
6.64414e-06
7.49416e-06
8.25545e-06
8.8898e-06
9.3544e-06
9.60231e-06
9.57468e-06
3.49434e-06
4.20461e-06
4.95967e-06
5.7593e-06
6.60636e-06
7.50326e-06
8.45203e-06
9.44814e-06
1.04767e-05
1.1516e-05
1.25376e-05
1.35032e-05
1.43719e-05
1.50955e-05
1.56235e-05
1.59046e-05
1.5861e-05
9.11011e-06
9.85235e-06
1.06371e-05
1.14699e-05
1.23562e-05
1.33069e-05
1.43256e-05
1.54102e-05
1.65441e-05
1.77007e-05
1.88438e-05
1.99288e-05
2.09043e-05
2.17169e-05
2.23117e-05
2.26261e-05
2.25647e-05
1.51589e-05
1.59779e-05
1.68149e-05
1.77001e-05
1.86438e-05
1.96646e-05
2.07647e-05
2.19438e-05
2.31809e-05
2.4446e-05
2.5697e-05
2.68839e-05
2.79506e-05
2.88377e-05
2.94845e-05
2.98336e-05
2.97608e-05
2.17152e-05
2.26156e-05
2.3522e-05
2.44832e-05
2.55155e-05
2.66283e-05
2.78282e-05
2.91075e-05
3.04454e-05
3.1806e-05
3.3149e-05
3.44233e-05
3.55684e-05
3.65197e-05
3.72346e-05
3.76176e-05
3.75337e-05
2.85709e-05
2.9507e-05
3.05084e-05
3.15838e-05
3.27498e-05
3.39987e-05
3.53335e-05
3.6743e-05
3.82036e-05
3.9674e-05
4.1128e-05
4.2518e-05
4.37641e-05
4.48333e-05
4.56231e-05
4.60683e-05
4.59681e-05
3.54993e-05
3.65061e-05
3.76335e-05
3.88696e-05
4.02138e-05
4.16519e-05
4.31702e-05
4.47489e-05
4.63722e-05
4.8008e-05
4.96232e-05
5.11824e-05
5.26245e-05
5.38345e-05
5.47603e-05
5.52759e-05
5.51317e-05
4.31139e-05
4.42394e-05
4.55275e-05
4.69566e-05
4.85045e-05
5.01524e-05
5.18721e-05
5.36387e-05
5.54411e-05
5.72443e-05
5.90291e-05
6.07451e-05
6.2365e-05
6.37349e-05
6.35491e-06
9.22359e-06
1.21676e-05
1.50927e-05
1.78998e-05
2.0451e-05
2.27156e-05
2.47008e-05
2.64566e-05
2.79964e-05
2.93389e-05
3.05159e-05
3.15731e-05
3.25358e-05
1.32644e-07
1.36492e-06
3.50186e-06
6.25973e-06
9.40093e-06
1.27906e-05
1.62759e-05
1.96262e-05
2.26716e-05
2.53586e-05
2.77282e-05
2.98795e-05
3.18331e-05
3.36187e-05
3.52549e-05
3.67642e-05
3.82056e-05
9.49368e-08
1.30788e-06
3.56599e-06
6.57741e-06
1.01427e-05
1.41515e-05
1.84364e-05
2.25686e-05
2.62286e-05
2.93181e-05
3.20079e-05
3.45561e-05
3.6965e-05
3.92457e-05
4.13918e-05
4.34364e-05
4.53739e-05
1.30308e-07
1.45148e-06
3.9254e-06
7.31578e-06
1.14708e-05
1.6315e-05
2.13649e-05
2.60881e-05
3.03933e-05
3.41936e-05
3.74303e-05
4.03512e-05
4.32173e-05
4.60025e-05
4.86991e-05
5.12725e-05
5.37508e-05
2.27373e-07
1.79067e-06
4.61073e-06
8.496e-06
1.33204e-05
1.88978e-05
2.46279e-05
3.00211e-05
3.50194e-05
3.95629e-05
4.36057e-05
4.71505e-05
5.04602e-05
5.37641e-05
5.70133e-05
6.01538e-05
6.3163e-05
4.1057e-07
2.3543e-06
5.59411e-06
1.00485e-05
1.56865e-05
2.1986e-05
2.8274e-05
3.43244e-05
4.0033e-05
4.53286e-05
5.01844e-05
5.46242e-05
5.86317e-05
6.24697e-05
6.63188e-05
7.00191e-05
7.36075e-05
8.07283e-07
3.29012e-06
6.90884e-06
1.19284e-05
1.82617e-05
2.526e-05
3.22212e-05
3.90018e-05
4.54512e-05
5.1482e-05
5.71127e-05
6.23928e-05
6.73675e-05
7.21418e-05
7.67264e-05
8.10226e-05
8.51077e-05
8.74044e-07
4.06795e-06
8.55326e-06
1.41444e-05
2.11893e-05
2.89169e-05
3.66402e-05
4.42462e-05
5.14961e-05
5.82483e-05
6.46051e-05
7.0656e-05
7.6476e-05
8.2106e-05
8.75706e-05
9.28116e-05
9.77341e-05
1.06476e-06
4.66365e-06
9.94175e-06
1.66429e-05
2.45756e-05
3.30528e-05
4.15725e-05
5.02194e-05
5.8355e-05
6.57074e-05
7.27243e-05
7.9482e-05
8.60569e-05
9.24601e-05
9.87665e-05
0.000105012
0.000111043
1.435e-06
5.81956e-06
1.2061e-05
1.9945e-05
2.8832e-05
3.80072e-05
4.72588e-05
5.6497e-05
6.56408e-05
7.40764e-05
8.17443e-05
8.91579e-05
9.64409e-05
0.000103486
0.000110637
0.000117943
0.000125021
1.99058e-06
7.4711e-06
1.48407e-05
2.38553e-05
3.37568e-05
4.3799e-05
5.3833e-05
6.37615e-05
7.34976e-05
8.2965e-05
9.16638e-05
9.95862e-05
0.000107704
0.000115984
0.000124062
0.000132094
0.000139967
2.70125e-06
9.53915e-06
1.82326e-05
2.84656e-05
3.94427e-05
5.04674e-05
6.13951e-05
7.211e-05
8.25437e-05
9.26404e-05
0.000102262
0.000111455
0.000120534
0.000129553
0.000138447
0.000147202
0.00015585
3.54683e-06
1.19758e-05
2.21904e-05
3.37754e-05
4.59201e-05
5.80146e-05
6.99198e-05
8.15235e-05
9.27663e-05
0.000103639
0.00011413
0.000124297
0.000134252
0.000144052
0.000153694
0.000163199
0.000172531
4.49226e-06
1.46982e-05
2.66866e-05
3.975e-05
5.30814e-05
6.63583e-05
7.93579e-05
9.189e-05
0.000103966
0.000115653
0.000126971
0.000137969
0.000148717
0.000159262
0.000169624
0.000179783
0.000189783
5.50764e-06
1.75787e-05
3.1307e-05
4.59454e-05
6.07288e-05
7.53539e-05
8.95833e-05
0.000103051
0.000115881
0.000128352
0.00014044
0.00015219
0.000163656
0.000174883
0.000185889
0.000196689
0.00020726
6.53121e-06
2.04845e-05
3.59629e-05
5.22494e-05
6.8554e-05
8.48399e-05
0.000100704
0.00011492
0.00012814
0.000141411
0.000154213
0.000166631
0.000178739
0.00019058
0.000202174
0.000213518
0.000224643
7.56611e-06
2.3433e-05
4.06449e-05
5.85435e-05
7.64918e-05
9.41977e-05
0.000111069
0.000126978
0.00014119
0.000154536
0.000167957
0.000180966
0.000193641
0.000206022
0.000218127
0.000229983
0.000241568
8.60544e-06
2.64843e-05
4.54034e-05
6.46641e-05
8.40802e-05
0.000103044
0.000121011
0.000137939
0.000153828
0.000168017
0.000181342
0.000194839
0.000208021
0.000220878
0.000233443
0.000245711
0.000257717
9.56213e-06
2.92016e-05
4.97372e-05
7.03925e-05
9.11367e-05
0.000111219
0.000130216
0.000148135
0.000164961
0.000180691
0.000194569
0.000207821
0.000221512
0.000234791
0.000247742
0.000260399
0.000272744
1.03845e-05
3.15305e-05
5.3503e-05
7.56028e-05
9.75207e-05
0.000118524
0.000138468
0.000157301
0.000175032
0.000191736
0.0002064
0.000219946
0.000233823
0.000247429
0.000260713
0.000273684
0.000286355
1.10516e-05
3.34292e-05
5.65498e-05
7.98584e-05
0.000102796
0.0001247
0.000145508
0.00016516
0.000183655
0.000200976
0.000217022
0.000231047
0.000244488
0.000258469
0.000272038
0.0002853
0.000298282
1.15329e-05
3.48351e-05
5.88763e-05
8.31247e-05
0.000106916
0.000129639
0.000151198
0.000171606
0.000190768
0.000208747
0.000225525
0.000240003
0.000253557
0.000267707
0.000281464
0.000294928
0.000308134
1.18033e-05
3.56976e-05
6.04062e-05
8.53164e-05
0.000109771
0.000133142
0.000155349
0.000176362
0.000196108
0.000214588
0.000231902
0.000246932
0.000260695
0.000274793
0.000288664
0.00030226
0.000315585
1.19334e-05
3.61549e-05
6.12355e-05
8.65173e-05
0.000111393
0.000135157
0.000157819
0.000179211
0.000199379
0.000218188
0.000235726
0.000251844
0.000265824
0.000279224
0.000293268
0.000306929
0.000320335
1.19863e-05
3.63401e-05
6.15773e-05
8.70294e-05
0.00011206
0.00013604
0.000158857
0.000180485
0.000200829
0.000219864
0.000237583
0.000254063
0.000268114
0.000281363
0.0002954
0.0003091
0.000322553
1.57608e-05
1.84637e-05
2.09758e-05
2.32604e-05
2.5301e-05
2.71216e-05
2.87386e-05
3.01706e-05
3.14431e-05
3.25717e-05
3.3604e-05
4.8248e-07
2.16764e-06
4.54069e-06
7.35787e-06
1.04604e-05
1.37458e-05
1.70464e-05
2.0238e-05
2.32169e-05
2.59202e-05
2.83555e-05
3.05728e-05
3.25991e-05
3.44523e-05
3.61547e-05
3.77465e-05
3.92423e-05
4.73254e-07
2.19718e-06
4.72575e-06
7.82875e-06
1.13598e-05
1.5216e-05
1.91662e-05
2.29743e-05
2.65023e-05
2.96694e-05
3.25208e-05
3.51638e-05
3.76406e-05
3.99725e-05
4.21786e-05
4.42767e-05
4.62925e-05
4.97899e-07
2.32723e-06
5.07561e-06
8.55805e-06
1.26571e-05
1.73267e-05
2.21377e-05
2.66625e-05
3.08372e-05
3.44944e-05
3.77389e-05
4.08207e-05
4.37744e-05
4.66127e-05
4.93425e-05
5.19797e-05
5.45184e-05
5.7272e-07
2.61763e-06
5.70908e-06
9.68415e-06
1.44442e-05
1.98689e-05
2.5426e-05
3.06598e-05
3.55412e-05
3.99867e-05
4.38866e-05
4.74469e-05
5.08974e-05
5.4251e-05
5.75271e-05
6.07008e-05
6.37883e-05
7.11635e-07
3.08488e-06
6.60292e-06
1.11587e-05
1.67456e-05
2.29125e-05
2.90425e-05
3.49639e-05
4.05732e-05
4.57897e-05
5.05817e-05
5.49907e-05
5.90186e-05
6.2864e-05
6.66883e-05
7.04213e-05
7.40618e-05
9.3417e-07
3.80047e-06
7.8528e-06
1.30047e-05
1.92931e-05
2.61678e-05
3.29934e-05
3.96458e-05
4.59998e-05
5.19747e-05
5.757e-05
6.28214e-05
6.77752e-05
7.24755e-05
7.6908e-05
8.11702e-05
8.54044e-05
1.16429e-06
4.75934e-06
9.49726e-06
1.52165e-05
2.22191e-05
2.9803e-05
3.73662e-05
4.48464e-05
5.20069e-05
5.87034e-05
6.50314e-05
7.10704e-05
7.68595e-05
8.24296e-05
8.77905e-05
9.29726e-05
9.78736e-05
1.37336e-06
5.38661e-06
1.09188e-05
1.78204e-05
2.56972e-05
3.392e-05
4.22676e-05
5.07655e-05
5.87908e-05
6.60911e-05
7.31012e-05
7.98571e-05
8.6415e-05
9.27906e-05
9.89863e-05
0.00010507
0.000111053
1.75641e-06
6.57114e-06
1.3053e-05
2.10107e-05
2.98117e-05
3.88158e-05
4.7883e-05
5.69712e-05
6.59757e-05
7.43239e-05
8.20028e-05
8.94874e-05
9.68144e-05
0.000103956
0.000110813
0.000117797
0.000124865
2.30702e-06
8.21997e-06
1.58309e-05
2.48866e-05
3.46672e-05
4.45407e-05
5.44095e-05
6.41729e-05
7.37397e-05
8.29251e-05
9.16146e-05
9.99366e-05
0.000108109
0.000116164
0.000124058
0.00013188
0.000139644
3.00504e-06
1.02746e-05
1.92238e-05
2.94859e-05
4.03106e-05
5.11521e-05
6.18935e-05
7.24634e-05
8.2774e-05
9.27412e-05
0.000102323
0.000111583
0.000120639
0.00012954
0.000138287
0.000146918
0.000155419
3.8256e-06
1.26701e-05
2.32246e-05
3.48334e-05
4.6724e-05
5.86127e-05
7.03451e-05
8.18015e-05
9.29331e-05
0.000103721
0.00011416
0.000124292
0.000134185
0.00014389
0.000153427
0.000162793
0.000172023
4.76065e-06
1.53495e-05
2.75466e-05
4.06026e-05
5.37701e-05
6.68469e-05
7.96434e-05
9.20554e-05
0.000104055
0.00011566
0.000126911
0.000137854
0.00014854
0.000159001
0.000169257
0.000179331
0.000189219
5.7636e-06
1.82026e-05
3.21008e-05
4.66982e-05
6.12869e-05
7.56925e-05
8.96739e-05
0.000103049
0.000115882
0.000128281
0.000140299
0.000151986
0.000163388
0.000174542
0.000185474
0.000196178
0.00020668
6.78368e-06
2.11152e-05
3.67462e-05
5.29316e-05
6.90693e-05
8.50374e-05
0.000100301
0.000114592
0.000128197
0.000141304
0.000154003
0.000166357
0.000178412
0.000190194
0.000201721
0.000213014
0.000224064
7.79023e-06
2.39998e-05
4.13564e-05
5.91387e-05
7.69334e-05
9.43666e-05
0.000110913
0.000126433
0.000140833
0.000154455
0.000167715
0.000180637
0.000193254
0.000205587
0.000217653
0.000229444
0.000240995
8.79246e-06
2.69518e-05
4.60061e-05
6.52389e-05
8.45022e-05
0.000103233
0.000120937
0.000137583
0.000153113
0.000167469
0.000181104
0.000194486
0.000207588
0.000220396
0.000232912
0.000245151
0.000257112
9.70986e-06
2.95776e-05
5.02289e-05
7.10332e-05
9.16409e-05
0.000111426
0.00013019
0.00014786
0.00016438
0.000179639
0.000193835
0.000207552
0.00022104
0.000234239
0.000247146
0.000259749
0.000272065
1.05113e-05
3.18621e-05
5.391e-05
7.60603e-05
9.78521e-05
0.00011866
0.000138385
0.000156994
0.000174448
0.000190681
0.000205557
0.000219559
0.000233305
0.000246807
0.000260025
0.00027295
0.000285567
1.11739e-05
3.37477e-05
5.69486e-05
8.02096e-05
0.00010302
0.000124749
0.000145356
0.000164811
0.000183074
0.000200107
0.00021583
0.000230252
0.000244064
0.000257789
0.000271259
0.000284443
0.000297336
1.16755e-05
3.51778e-05
5.92621e-05
8.34028e-05
0.000107053
0.000129577
0.000150967
0.000171159
0.000190139
0.000207844
0.000224209
0.000239056
0.000253063
0.000266951
0.000280594
0.00029398
0.000307098
1.19669e-05
3.60713e-05
6.07879e-05
8.55571e-05
0.000109842
0.000133022
0.000155037
0.000175857
0.000195416
0.000213673
0.000230553
0.000245839
0.000260072
0.000274014
0.000287757
0.00030124
0.000314503
1.21199e-05
3.65682e-05
6.16331e-05
8.67734e-05
0.000111446
0.000135044
0.000157468
0.000178713
0.000198677
0.000217321
0.000234594
0.000250434
0.000264861
0.000278643
0.000292394
0.000305944
0.000319278
1.22084e-05
3.68198e-05
6.20039e-05
8.73049e-05
0.000112154
0.000135914
0.000158556
0.00017997
0.000200149
0.000218997
0.000236489
0.000252579
0.000267068
0.000280817
0.000294573
0.00030817
0.000321544
2.17997e-05
2.40522e-05
2.61255e-05
2.80169e-05
2.97338e-05
3.12765e-05
3.26627e-05
3.39121e-05
3.50392e-05
1.0627e-06
3.50238e-06
6.22758e-06
9.12155e-06
1.21347e-05
1.52068e-05
1.82801e-05
2.12856e-05
2.41417e-05
2.68054e-05
2.92699e-05
3.15453e-05
3.36402e-05
3.55783e-05
3.73787e-05
3.90785e-05
4.06648e-05
1.07237e-06
3.59154e-06
6.49938e-06
9.69599e-06
1.31333e-05
1.67376e-05
2.03838e-05
2.39355e-05
2.73104e-05
3.04557e-05
3.33584e-05
3.60575e-05
3.85921e-05
4.09852e-05
4.3266e-05
4.54462e-05
4.75559e-05
1.1218e-06
3.78943e-06
6.94318e-06
1.05262e-05
1.4499e-05
1.87791e-05
2.31354e-05
2.73536e-05
3.13443e-05
3.50358e-05
3.84141e-05
4.15657e-05
4.45691e-05
4.74553e-05
5.02409e-05
5.29481e-05
5.55733e-05
1.16256e-06
4.00545e-06
7.48692e-06
1.15492e-05
1.61818e-05
2.13249e-05
2.65555e-05
3.15286e-05
3.6233e-05
4.0592e-05
4.44665e-05
4.80255e-05
5.15146e-05
5.49138e-05
5.82289e-05
6.14642e-05
6.46335e-05
1.2695e-06
4.4005e-06
8.30128e-06
1.29473e-05
1.8419e-05
2.43597e-05
3.025e-05
3.59517e-05
4.13877e-05
4.64831e-05
5.11726e-05
5.54164e-05
5.94169e-05
6.33479e-05
6.71975e-05
7.09892e-05
7.47038e-05
1.47661e-06
5.04789e-06
9.44646e-06
1.47112e-05
2.0927e-05
2.76082e-05
3.42063e-05
4.0652e-05
4.68464e-05
5.27074e-05
5.82168e-05
6.33828e-05
6.82534e-05
7.27993e-05
7.71758e-05
8.15263e-05
8.58251e-05
1.86685e-06
6.01187e-06
1.08966e-05
1.68656e-05
2.38235e-05
3.12088e-05
3.85459e-05
4.58133e-05
5.28043e-05
5.94005e-05
6.56729e-05
7.16547e-05
7.73716e-05
8.28458e-05
8.8105e-05
9.31158e-05
9.79899e-05
1.95243e-06
6.65212e-06
1.24823e-05
1.94916e-05
2.72782e-05
3.52765e-05
4.33682e-05
5.16317e-05
5.94585e-05
6.66829e-05
7.36872e-05
8.03831e-05
8.6869e-05
9.31718e-05
9.92973e-05
0.000105262
0.000111114
2.31565e-06
7.8535e-06
1.46665e-05
2.26754e-05
3.13459e-05
4.01034e-05
4.89073e-05
5.77209e-05
6.63518e-05
7.47743e-05
8.26331e-05
8.99472e-05
9.71864e-05
0.000104291
0.000111232
0.000118087
0.000124816
2.85987e-06
9.50759e-06
1.74714e-05
2.65496e-05
3.61518e-05
4.57651e-05
5.53551e-05
6.48649e-05
7.42017e-05
8.32765e-05
9.19516e-05
0.000100249
0.000108357
0.000116307
0.000124103
0.000131768
0.000139328
3.53964e-06
1.15409e-05
2.09423e-05
3.12217e-05
4.17496e-05
5.22916e-05
6.27606e-05
7.30874e-05
8.31969e-05
9.30276e-05
0.000102532
0.000111733
0.000120695
0.000129472
0.000138078
0.000146546
0.00015486
4.35401e-06
1.39115e-05
2.4803e-05
3.63902e-05
4.80465e-05
5.96456e-05
7.10907e-05
8.23148e-05
9.3268e-05
0.000103918
0.000114248
0.000124285
0.000134076
0.000143661
0.000153049
0.000162259
0.000171327
5.27536e-06
1.65557e-05
2.90285e-05
4.2026e-05
5.49559e-05
6.77223e-05
8.02377e-05
9.24264e-05
0.000104256
0.00011573
0.000126874
0.000137722
0.000148297
0.000158638
0.000168763
0.0001787
0.00018845
6.27302e-06
1.94179e-05
3.35578e-05
4.80248e-05
6.23286e-05
7.63791e-05
9.00424e-05
0.000103225
0.000115935
0.000128222
0.000140136
0.000151726
0.000163034
0.000174091
0.000184904
0.000195497
0.000205903
7.30103e-06
2.2439e-05
3.82946e-05
5.42123e-05
6.99775e-05
8.54263e-05
0.000100325
0.000114513
0.000128058
0.000141092
0.000153716
0.000165997
0.000177967
0.000189661
0.000201101
0.000212306
0.000223285
8.29606e-06
2.52852e-05
4.28357e-05
6.03266e-05
7.76496e-05
9.46522e-05
0.000110914
0.000126083
0.000140357
0.00015405
0.000167288
0.000180158
0.000192712
0.000204984
0.000216975
0.000228703
0.000240209
9.25081e-06
2.80027e-05
4.71907e-05
6.62668e-05
8.52118e-05
0.00010359
0.000120978
0.000137299
0.000152475
0.00016675
0.000180508
0.000193887
0.000206939
0.000219689
0.000232151
0.000244342
0.000256268
1.0118e-05
3.04875e-05
5.12344e-05
7.19186e-05
9.22604e-05
0.00011174
0.000130194
0.000147557
0.000163785
0.000178835
0.000193033
0.000206807
0.000220261
0.000233416
0.000246272
0.000258833
0.000271121
1.08883e-05
3.2693e-05
5.4812e-05
7.68381e-05
9.83876e-05
0.000118904
0.000138337
0.000156653
0.000173808
0.000189766
0.000204555
0.000218622
0.000232377
0.000245841
0.000259011
0.00027189
0.000284466
1.15533e-05
3.4564e-05
5.78042e-05
8.09218e-05
0.00010348
0.000124926
0.000145241
0.000164403
0.000182379
0.000199125
0.000214551
0.000228992
0.000242977
0.000256677
0.00027009
0.000283217
0.000296037
1.21531e-05
3.61003e-05
6.01021e-05
8.40467e-05
0.000107419
0.000129645
0.000150712
0.000170609
0.0001893
0.000206733
0.000222868
0.000237723
0.000251835
0.00026568
0.000279275
0.000292586
0.000305607
1.24828e-05
3.70544e-05
6.16419e-05
8.61829e-05
0.000110176
0.000133007
0.000154686
0.000175177
0.000194452
0.000212445
0.000229099
0.000244358
0.000258672
0.000272624
0.000286324
0.000299758
0.00031294
1.26566e-05
3.75825e-05
6.25054e-05
8.73984e-05
0.00011176
0.000134996
0.000157071
0.000177977
0.00019764
0.000216041
0.000233098
0.00024881
0.0002633
0.000277214
0.000290939
0.000304454
0.000317718
1.27626e-05
3.78514e-05
6.28841e-05
8.79309e-05
0.000112467
0.00013587
0.000158143
0.000179226
0.000199104
0.000217712
0.000234994
0.000250901
0.000265475
0.000279377
0.000293144
0.000306684
0.00032002
2.87463e-05
3.05161e-05
3.2137e-05
3.3615e-05
3.49656e-05
3.61667e-05
1.6644e-06
4.8479e-06
7.8716e-06
1.08148e-05
1.3736e-05
1.66339e-05
1.95072e-05
2.23233e-05
2.50364e-05
2.7626e-05
3.00686e-05
3.2356e-05
3.4489e-05
3.64916e-05
3.83819e-05
4.01567e-05
4.18224e-05
1.68859e-06
4.98831e-06
8.21588e-06
1.14678e-05
1.47988e-05
1.81946e-05
2.15967e-05
2.4942e-05
2.81671e-05
3.12287e-05
3.41121e-05
3.68241e-05
3.93917e-05
4.1831e-05
4.41687e-05
4.64248e-05
4.85973e-05
1.74463e-06
5.21477e-06
8.70458e-06
1.23409e-05
1.61803e-05
2.01827e-05
2.42337e-05
2.82069e-05
3.20229e-05
3.5634e-05
3.90174e-05
4.22068e-05
4.52447e-05
4.81672e-05
5.1002e-05
5.37633e-05
5.64549e-05
1.81395e-06
5.49801e-06
9.32577e-06
1.34384e-05
1.79022e-05
2.26558e-05
2.74773e-05
3.21712e-05
3.66645e-05
4.08886e-05
4.48103e-05
4.84992e-05
5.20469e-05
5.54789e-05
5.88298e-05
6.21201e-05
6.53453e-05
1.88567e-06
5.81062e-06
1.00376e-05
1.47134e-05
1.99295e-05
2.56106e-05
3.13524e-05
3.68479e-05
4.20939e-05
4.70208e-05
5.1511e-05
5.57151e-05
5.9796e-05
6.37568e-05
6.76495e-05
7.14809e-05
7.52545e-05
2.04078e-06
6.33526e-06
1.10541e-05
1.63852e-05
2.24813e-05
2.89676e-05
3.53674e-05
4.16176e-05
4.76391e-05
5.33532e-05
5.87446e-05
6.38278e-05
6.85358e-05
7.30159e-05
7.74614e-05
8.18532e-05
8.62015e-05
2.27593e-06
7.07895e-06
1.24076e-05
1.84878e-05
2.53667e-05
3.25654e-05
3.96954e-05
4.67592e-05
5.35777e-05
6.00511e-05
6.62338e-05
7.21379e-05
7.77668e-05
8.31593e-05
8.82598e-05
9.32066e-05
9.81848e-05
2.4977e-06
7.90074e-06
1.40435e-05
2.11079e-05
2.87931e-05
3.65918e-05
4.44563e-05
5.25052e-05
6.01506e-05
6.72534e-05
7.41864e-05
8.08144e-05
8.72335e-05
9.34686e-05
9.95144e-05
0.000105417
0.000111204
2.89981e-06
9.17161e-06
1.62722e-05
2.43028e-05
3.28402e-05
4.13739e-05
4.99372e-05
5.85162e-05
6.69361e-05
7.52648e-05
8.30734e-05
9.02975e-05
9.7461e-05
0.000104508
0.000111421
0.000118187
0.000124805
3.45442e-06
1.08505e-05
1.91089e-05
2.81883e-05
3.7617e-05
4.69863e-05
5.63206e-05
6.55989e-05
7.47395e-05
8.36794e-05
9.22702e-05
0.000100491
0.000108516
0.000116385
0.000124129
0.000131746
0.000139319
4.13516e-06
1.28853e-05
2.25715e-05
3.28317e-05
4.31633e-05
5.34424e-05
6.36527e-05
7.37451e-05
8.36607e-05
9.3353e-05
0.000102751
0.00011185
0.00012071
0.000129387
0.000137907
0.000146271
0.000154504
4.94789e-06
1.52518e-05
2.63938e-05
3.79286e-05
4.93733e-05
6.07007e-05
7.18798e-05
8.28754e-05
9.36453e-05
0.000104145
0.000114364
0.000124302
0.000133992
0.000143461
0.000152735
0.000161847
0.000170784
5.87062e-06
1.79189e-05
3.06122e-05
4.34953e-05
5.61771e-05
6.86511e-05
8.08941e-05
9.28571e-05
0.00010451
0.000115855
0.000126889
0.000137632
0.000148107
0.000158347
0.000168371
0.000178196
0.000187851
6.8721e-06
2.08662e-05
3.52009e-05
4.94254e-05
6.34274e-05
7.71489e-05
9.05209e-05
0.000103493
0.000116054
0.000128219
0.000140038
0.000151543
0.000162769
0.000173729
0.000184448
0.000194965
0.00020529
7.9098e-06
2.3802e-05
3.97933e-05
5.55125e-05
7.09385e-05
8.59943e-05
0.000100565
0.000114565
0.000127999
0.000140954
0.000153502
0.000165708
0.000177602
0.000189221
0.00020059
0.000211725
0.00022267
8.92017e-06
2.66381e-05
4.42712e-05
6.15482e-05
7.84967e-05
9.49891e-05
0.000110808
0.000125836
0.000140099
0.000153744
0.000166938
0.000179762
0.000192264
0.000204465
0.000216393
0.000228087
0.000239562
9.93099e-06
2.93466e-05
4.84648e-05
6.72945e-05
8.58898e-05
0.000103927
0.000121013
0.000137087
0.000152084
0.000166277
0.000180007
0.000193357
0.000206361
0.000219062
0.000231483
0.000243637
0.000255556
1.07835e-05
3.17683e-05
5.2383e-05
7.27215e-05
9.27459e-05
0.000112034
0.000130231
0.00014734
0.000163332
0.000178205
0.000192352
0.000206129
0.000219559
0.00023267
0.000245485
0.000258031
0.000270304
1.15127e-05
3.38782e-05
5.58598e-05
7.76592e-05
9.89231e-05
0.000119177
0.000138349
0.000156409
0.000173301
0.000188944
0.000203614
0.000217759
0.000231515
0.000244949
0.000258089
0.000270939
0.0002835
1.21247e-05
3.56472e-05
5.87582e-05
8.16728e-05
0.000103957
0.000125118
0.000145156
0.000164056
0.000181784
0.000198289
0.000213553
0.000227957
0.000241952
0.000255627
0.000269012
0.000282109
0.000294903
1.26025e-05
3.70204e-05
6.09927e-05
8.47477e-05
0.000107844
0.000129764
0.000150535
0.000170149
0.000188577
0.000205778
0.000221727
0.000236512
0.000250612
0.000264463
0.000278028
0.000291322
0.000304301
1.29146e-05
3.79501e-05
6.25254e-05
8.68879e-05
0.000110583
0.000133089
0.000154427
0.000174604
0.000193592
0.000211336
0.000227813
0.000242944
0.000257241
0.000271228
0.000284948
0.000298388
0.000311527
1.30818e-05
3.8473e-05
6.33903e-05
8.8109e-05
0.000112173
0.000135054
0.000156775
0.000177335
0.000196702
0.00021484
0.000231673
0.000247099
0.000261567
0.000275661
0.000289481
0.000302984
0.000316248
1.31574e-05
3.86953e-05
6.37426e-05
8.86072e-05
0.000112847
0.000135904
0.000157811
0.000178561
0.000198134
0.000216478
0.000233501
0.000249061
0.000263607
0.00027778
0.000291619
0.000305188
0.000318518
3.41284e-05
3.55047e-05
3.6754e-05
2.04966e-06
5.69028e-06
8.86506e-06
1.18213e-05
1.46792e-05
1.74897e-05
2.02591e-05
2.29674e-05
2.55936e-05
2.81104e-05
3.05095e-05
3.27778e-05
3.49359e-05
3.69897e-05
3.89178e-05
4.07275e-05
4.24311e-05
2.08098e-06
5.858e-06
9.25203e-06
1.25188e-05
1.57794e-05
1.90625e-05
2.23417e-05
2.55673e-05
2.86936e-05
3.16887e-05
3.45387e-05
3.72446e-05
3.98186e-05
4.22832e-05
4.46535e-05
4.69473e-05
4.9154e-05
2.13531e-06
6.08988e-06
9.75409e-06
1.34025e-05
1.71583e-05
2.10279e-05
2.49305e-05
2.87697e-05
3.24808e-05
3.60171e-05
3.93705e-05
4.25604e-05
4.56149e-05
4.85537e-05
5.14099e-05
5.42047e-05
5.69279e-05
2.20935e-06
6.38463e-06
1.03865e-05
1.45069e-05
1.88751e-05
2.34771e-05
2.81404e-05
3.26938e-05
3.70591e-05
4.11755e-05
4.50607e-05
4.87788e-05
5.2341e-05
5.57888e-05
5.91648e-05
6.24787e-05
6.57313e-05
2.27435e-06
6.67838e-06
1.10716e-05
1.575e-05
2.08674e-05
2.64397e-05
3.20744e-05
3.7448e-05
4.25595e-05
4.72447e-05
5.16355e-05
5.5925e-05
6.00362e-05
6.40037e-05
6.79041e-05
7.17567e-05
7.55538e-05
2.40524e-06
7.14586e-06
1.20235e-05
1.73678e-05
2.33983e-05
2.97901e-05
3.60804e-05
4.22142e-05
4.81158e-05
5.37142e-05
5.90352e-05
6.40989e-05
6.87604e-05
7.32116e-05
7.76614e-05
8.20544e-05
8.64176e-05
2.60958e-06
7.83774e-06
1.33406e-05
1.94449e-05
2.62647e-05
3.33764e-05
4.03893e-05
4.73348e-05
5.40477e-05
6.04289e-05
6.65501e-05
7.24119e-05
7.80148e-05
8.33767e-05
8.84249e-05
9.33428e-05
9.83161e-05
2.85447e-06
8.69199e-06
1.49902e-05
2.20805e-05
2.96965e-05
3.73815e-05
4.51211e-05
5.30483e-05
6.05744e-05
6.75935e-05
7.44727e-05
8.1062e-05
8.74408e-05
9.36522e-05
9.96766e-05
0.000105538
0.000111273
3.27122e-06
9.99414e-06
1.72664e-05
2.53135e-05
3.37437e-05
4.21481e-05
5.05691e-05
5.90139e-05
6.73211e-05
7.55667e-05
8.33146e-05
9.04808e-05
9.76213e-05
0.000104655
0.000111578
0.000118304
0.000124775
3.8242e-06
1.16858e-05
2.02302e-05
2.93316e-05
3.85359e-05
4.77376e-05
5.6923e-05
6.60634e-05
7.50813e-05
8.3937e-05
9.24622e-05
0.000100629
0.000108609
0.000116478
0.000124425
0.000131996
0.000139137
4.51846e-06
1.37383e-05
2.36012e-05
3.38529e-05
4.40334e-05
5.41557e-05
6.42079e-05
7.416e-05
8.3963e-05
9.35612e-05
0.000102887
0.000111921
0.000120737
0.000129376
0.000137901
0.00014626
0.000154537
5.33939e-06
1.6132e-05
2.74176e-05
3.89015e-05
5.01953e-05
6.13541e-05
7.23776e-05
8.3235e-05
9.38863e-05
0.000104302
0.000114451
0.000124331
0.000133958
0.00014338
0.000152619
0.000161675
0.000170578
6.27358e-06
1.89207e-05
3.17471e-05
4.44425e-05
5.69364e-05
6.92325e-05
8.13089e-05
9.31344e-05
0.000104685
0.000115945
0.000126915
0.000137596
0.000148027
0.000158221
0.000168187
0.000177966
0.000187564
7.29463e-06
2.18065e-05
3.62212e-05
5.03061e-05
6.41109e-05
7.76343e-05
9.08384e-05
0.000103678
0.000116137
0.000128238
0.000140003
0.000151464
0.000162637
0.00017355
0.000184229
0.000194694
0.00020498
8.44623e-06
2.48407e-05
4.07673e-05
5.63209e-05
7.15282e-05
8.63692e-05
0.000100758
0.000114625
0.000127981
0.000140881
0.00015339
0.00016555
0.000177414
0.000188995
0.000200318
0.000211427
0.000222335
9.45156e-06
2.76511e-05
4.51919e-05
6.2283e-05
7.89795e-05
9.52347e-05
0.000110876
0.00012576
0.00013994
0.000153566
0.000166743
0.000179545
0.000192011
0.000204177
0.000216082
0.000227746
0.000239207
1.03526e-05
3.02131e-05
4.93184e-05
6.7956e-05
8.62083e-05
0.000104042
0.000121055
0.000136865
0.000151717
0.000165959
0.000179709
0.000193043
0.000206035
0.000218709
0.000231098
0.000243244
0.000255152
1.11488e-05
3.25215e-05
5.31184e-05
7.32766e-05
9.30934e-05
0.000112222
0.000130282
0.000147209
0.000162932
0.00017772
0.000191945
0.000205736
0.000219153
0.000232238
0.000245037
0.000257565
0.000269836
1.18376e-05
3.45428e-05
5.65026e-05
7.81514e-05
9.92431e-05
0.000119331
0.000138352
0.000156256
0.000172994
0.000188506
0.000203123
0.000217253
0.000231009
0.000244427
0.000257542
0.000270386
0.00028294
1.24206e-05
3.62522e-05
5.93402e-05
8.21162e-05
0.000104237
0.000125227
0.000145107
0.00016386
0.000181445
0.000197827
0.000212977
0.000227329
0.000241324
0.00025499
0.000268363
0.000281455
0.000294239
1.28725e-05
3.75843e-05
6.15445e-05
8.51779e-05
0.00010811
0.000129855
0.000150454
0.000169911
0.000188191
0.000205247
0.00022096
0.000235644
0.000249841
0.0002637
0.000277282
0.000290571
0.00030354
1.31681e-05
3.84835e-05
6.30562e-05
8.73002e-05
0.000110824
0.000133138
0.000154286
0.000174285
0.000193105
0.000210715
0.000227043
0.000242087
0.000256352
0.000270375
0.000284119
0.00029755
0.000310708
1.33156e-05
3.89653e-05
6.38933e-05
8.84929e-05
0.000112391
0.000135064
0.000156582
0.000176941
0.000196142
0.000214123
0.000230826
0.000246117
0.000260546
0.000274704
0.000288539
0.000302085
0.000315349
1.33526e-05
3.91294e-05
6.41779e-05
8.89414e-05
0.000113014
0.000135864
0.000157558
0.000178111
0.000197498
0.000215686
0.000232568
0.000247984
0.000262512
0.000276718
0.000290614
0.000304227
0.000317545
3.74767e-05
3.34838e-05
3.44011e-05
3.52721e-05
3.6118e-05
3.69414e-05
3.7735e-05
3.85068e-05
3.92452e-05
3.99323e-05
4.05741e-05
4.12104e-05
4.18957e-05
4.2723e-05
4.38255e-05
4.50937e-05
4.65776e-05
3.95882e-05
4.09353e-05
4.22336e-05
4.34874e-05
4.47155e-05
4.59243e-05
4.70979e-05
4.82265e-05
4.9297e-05
5.03179e-05
5.13212e-05
5.23632e-05
5.3527e-05
5.48945e-05
5.64285e-05
5.81429e-05
4.72495e-05
4.90647e-05
5.0818e-05
5.25402e-05
5.42249e-05
5.58653e-05
5.74577e-05
5.89834e-05
6.04363e-05
6.18331e-05
6.32187e-05
6.46356e-05
6.61468e-05
6.78441e-05
6.96364e-05
7.16089e-05
5.61276e-05
5.8449e-05
6.07148e-05
6.2926e-05
6.50936e-05
6.72051e-05
6.92101e-05
7.11057e-05
7.29105e-05
7.46669e-05
7.64117e-05
7.8193e-05
8.00618e-05
8.20502e-05
8.41558e-05
8.6349e-05
6.60981e-05
6.89573e-05
7.17484e-05
7.44914e-05
7.71785e-05
7.97615e-05
8.21809e-05
8.44293e-05
8.65672e-05
8.86603e-05
9.07638e-05
9.29042e-05
9.51084e-05
9.7432e-05
9.9804e-05
0.00010225
7.71007e-05
8.05221e-05
8.3888e-05
8.71663e-05
9.0403e-05
9.35498e-05
9.63944e-05
9.89432e-05
0.000101386
0.00010382
0.00010628
0.000108783
0.00011133
0.000113924
0.000116552
0.000119161
8.92124e-05
9.32535e-05
9.71966e-05
0.000100971
0.000104856
0.000108815
0.000112056
0.000114762
0.000117517
0.000120313
0.000123159
0.000126032
0.000128905
0.000131768
0.000134549
0.000137278
0.000139904
0.000102497
0.000107244
0.000111853
0.0001168
0.000121477
0.000125292
0.000128726
0.000131917
0.000135093
0.000138321
0.000141593
0.000144877
0.000148101
0.000151169
0.000154096
0.000156838
0.00015937
0.000116895
0.00012248
0.000128377
0.000134236
0.000139129
0.000143194
0.000146804
0.000150355
0.000153953
0.000157629
0.000161358
0.000165073
0.000168637
0.000171925
0.000174892
0.00017754
0.000179909
0.000131898
0.000138608
0.000145338
0.000151894
0.000157391
0.000161877
0.000165905
0.000169752
0.000173749
0.000177887
0.000182068
0.000186268
0.000190251
0.000193683
0.000196658
0.000199093
0.000200918
0.000147716
0.000155378
0.000163079
0.000170019
0.000175754
0.000180913
0.000185687
0.000190123
0.000194537
0.000199218
0.000203863
0.000208187
0.000212118
0.00021551
0.000218287
0.000220397
0.000221731
0.000164368
0.0001728
0.000181219
0.000188627
0.000194745
0.000200441
0.000205822
0.000210961
0.000215969
0.000220895
0.000225602
0.000229944
0.000233793
0.000236969
0.000239499
0.000241237
0.000242054
0.000181737
0.00019082
0.000199809
0.000207679
0.000214208
0.000220338
0.0002262
0.000231811
0.000237186
0.000242288
0.000247032
0.000251301
0.000254962
0.000257898
0.000260062
0.000261379
0.000261733
0.000199593
0.000209222
0.000218681
0.000226933
0.000233828
0.000240351
0.000246577
0.000252501
0.000258082
0.00026326
0.000267951
0.000272061
0.000275476
0.000278049
0.000279818
0.000280676
0.000280493
0.000217626
0.000227777
0.000237573
0.000246084
0.000253317
0.000260169
0.000266678
0.000272803
0.000278473
0.000283619
0.000288173
0.000292042
0.000295119
0.0002973
0.000298598
0.000298922
0.000298202
0.000235551
0.000246335
0.00025622
0.000264692
0.000272351
0.000279518
0.000286238
0.000292463
0.000298127
0.000303164
0.000307503
0.000311073
0.000313779
0.000315506
0.0003163
0.000316054
0.000314609
0.000252934
0.000264151
0.000274206
0.000282779
0.000290696
0.000298077
0.000304926
0.000311177
0.000316766
0.00032163
0.000325711
0.000328943
0.000331238
0.000332507
0.000332776
0.000331959
0.000329964
0.000269451
0.000280975
0.000291231
0.000299947
0.000308035
0.000315562
0.000322465
0.000328682
0.000334148
0.000338809
0.000342608
0.000345491
0.000347389
0.000348197
0.00034798
0.000346663
0.000344151
0.00028479
0.000296551
0.000306967
0.000315836
0.000324064
0.00033167
0.000338586
0.000344738
0.000350063
0.000354508
0.000358033
0.000360583
0.000362098
0.000362491
0.000361813
0.000360022
0.000357099
0.000298706
0.000310613
0.000321098
0.000330101
0.000338454
0.000346124
0.00035303
0.0003591
0.000364281
0.00036853
0.0003718
0.000374053
0.000375236
0.000375246
0.000374152
0.000371932
0.000368595
0.000311065
0.000322875
0.000333149
0.000342412
0.0003509
0.000358619
0.000365507
0.000371505
0.000376565
0.000380648
0.00038371
0.000385717
0.000386608
0.000386301
0.000384822
0.000382058
0.000378373
0.000321145
0.000332942
0.000343153
0.000352506
0.00036108
0.000368829
0.000375697
0.000381631
0.0003866
0.000390553
0.000393461
0.000395273
0.000395948
0.000395362
0.000393564
0.000390448
0.000386438
0.000328703
0.000340526
0.000350719
0.000360105
0.000368714
0.000376473
0.000383323
0.000389221
0.000394131
0.000398006
0.000400818
0.000402501
0.000403005
0.0004022
0.000400156
0.000396746
0.000392499
0.000333504
0.000345348
0.000355502
0.000364884
0.000373475
0.000381232
0.00038807
0.000393956
0.000398844
0.000402707
0.000405472
0.000407093
0.000407472
0.000406508
0.000404268
0.000400668
0.000396288
0.000335779
0.000347569
0.000357682
0.000367035
0.000375611
0.00038335
0.000390183
0.000396073
0.000400974
0.000404848
0.000407618
0.000409214
0.000409534
0.000408484
0.000406146
0.00040247
0.000398021
3.45685e-05
3.55106e-05
3.63955e-05
3.72287e-05
3.80155e-05
3.87789e-05
3.95128e-05
4.02217e-05
4.08963e-05
4.15627e-05
4.22321e-05
4.29536e-05
4.38109e-05
4.48813e-05
4.61024e-05
4.75175e-05
4.06787e-05
4.20733e-05
4.33823e-05
4.46305e-05
4.58287e-05
4.6989e-05
4.8119e-05
4.9214e-05
5.02715e-05
5.12957e-05
5.23213e-05
5.33864e-05
5.45616e-05
5.59232e-05
5.74032e-05
5.90366e-05
4.8231e-05
5.00987e-05
5.18836e-05
5.35947e-05
5.52471e-05
5.68544e-05
5.84053e-05
5.9899e-05
6.13341e-05
6.27372e-05
6.4127e-05
6.5559e-05
6.70792e-05
6.87539e-05
7.05179e-05
7.2397e-05
5.69792e-05
5.93524e-05
6.16375e-05
6.38502e-05
6.59978e-05
6.8063e-05
7.00401e-05
7.19208e-05
7.37259e-05
7.54781e-05
7.72237e-05
7.90057e-05
8.08652e-05
8.28567e-05
8.49109e-05
8.70603e-05
6.67809e-05
6.9684e-05
7.25104e-05
7.52562e-05
7.79191e-05
8.04691e-05
8.28624e-05
8.51113e-05
8.7256e-05
8.93534e-05
9.14425e-05
9.35654e-05
9.57569e-05
9.80424e-05
0.000100397
0.000102786
7.76224e-05
8.10983e-05
8.44889e-05
8.78134e-05
9.1039e-05
9.40761e-05
9.68812e-05
9.94783e-05
0.000101962
0.000104393
0.000106828
0.000109293
0.000111797
0.000114365
0.000116943
0.000119537
8.95498e-05
9.36386e-05
9.76418e-05
0.000101615
0.000105479
0.000109035
0.000112213
0.000115131
0.000117945
0.000120741
0.00012354
0.000126353
0.000129167
0.000131963
0.000134735
0.000137438
0.000102652
0.000107423
0.000111999
0.00011692
0.000121615
0.000125404
0.000128872
0.000132134
0.000135326
0.000138507
0.0001417
0.000144882
0.000148007
0.000151041
0.000153921
0.000156646
0.000159235
0.000116871
0.000122545
0.000128165
0.00013378
0.000138935
0.000143176
0.000146849
0.00015042
0.000153985
0.000157583
0.000161185
0.000164745
0.000168207
0.00017145
0.000174395
0.000177047
0.000179362
0.000131636
0.000138235
0.000144791
0.000151303
0.000157004
0.00016169
0.000165823
0.000169708
0.000173672
0.000177676
0.000181666
0.000185574
0.000189394
0.000192895
0.000195838
0.000198296
0.000200282
0.000147249
0.000154745
0.000162309
0.000169254
0.000175181
0.000180532
0.000185388
0.000189966
0.000194458
0.00019893
0.000203285
0.000207416
0.000211237
0.000214595
0.000217387
0.000219565
0.000221025
0.000163801
0.000172095
0.000180414
0.000187875
0.000194168
0.000199974
0.000205401
0.000210563
0.000215542
0.000220344
0.000224905
0.000229118
0.000232876
0.000236065
0.000238603
0.000240401
0.000241377
0.000181116
0.0001901
0.000199052
0.00020697
0.000213603
0.00021982
0.000225707
0.000231307
0.000236633
0.000241659
0.00024631
0.000250495
0.000254114
0.000257041
0.00025923
0.000260634
0.000261071
0.000198943
0.00020852
0.000217977
0.000226286
0.000233257
0.000239816
0.00024606
0.00025197
0.000257521
0.000262645
0.000267281
0.000271342
0.000274727
0.000277319
0.000279109
0.000279998
0.000279937
0.00021698
0.00022707
0.000236919
0.00024552
0.000252784
0.000259654
0.000266167
0.000272282
0.00027793
0.000283057
0.000287585
0.000291435
0.00029451
0.000296697
0.000298001
0.000298402
0.000297752
0.000234895
0.000245491
0.000255582
0.000264322
0.000271868
0.000279005
0.000285721
0.000291946
0.000297614
0.000302652
0.000306996
0.000310568
0.000313273
0.000315009
0.00031582
0.000315623
0.000314377
0.000252325
0.000263502
0.000273623
0.000282266
0.000290164
0.000297547
0.000304399
0.000310663
0.000316272
0.000321169
0.00032528
0.000328534
0.000330845
0.000332132
0.000332431
0.000331665
0.000329695
0.000268826
0.000280351
0.000290624
0.00029936
0.000307447
0.000314966
0.000321881
0.000328124
0.000333634
0.000338345
0.000342198
0.000345125
0.000347048
0.000347888
0.000347696
0.000346394
0.000343916
0.000284093
0.000295858
0.000306294
0.000315157
0.000323366
0.000330971
0.000337899
0.000344086
0.000349466
0.000353985
0.000357582
0.000360196
0.000361759
0.000362185
0.000361554
0.000359814
0.000356878
0.000297863
0.000309795
0.00032034
0.000329316
0.000337632
0.000345282
0.000352202
0.000358318
0.000363575
0.000367908
0.00037127
0.000373603
0.000374841
0.000374911
0.000373886
0.000371724
0.000368421
0.000309896
0.000321896
0.000332413
0.000341505
0.000349911
0.000357609
0.000364513
0.000370567
0.000375707
0.000379888
0.000383052
0.000385149
0.000386117
0.000385872
0.000384499
0.000381954
0.000378296
0.000320009
0.000331872
0.000342152
0.000351441
0.000359949
0.000367681
0.000374577
0.00038058
0.000385638
0.000389699
0.000392713
0.000394633
0.000395389
0.000394887
0.000393192
0.00039018
0.000386226
0.000327569
0.000339388
0.000349576
0.000358908
0.000367476
0.00037523
0.00038212
0.000388091
0.000393095
0.000397082
0.000400001
0.000401797
0.000402392
0.000401666
0.000399694
0.000396373
0.000392183
0.000332406
0.000344195
0.000354323
0.000363652
0.000372228
0.000379981
0.000386865
0.000392818
0.000397805
0.000401768
0.000404645
0.000406366
0.000406837
0.000405939
0.00040377
0.000400248
0.000395932
0.000334708
0.000346456
0.000356525
0.000365836
0.000374396
0.000382139
0.000389018
0.000394976
0.000399962
0.000403929
0.000406806
0.000408497
0.000408896
0.000407917
0.000405652
0.00040204
0.000397667
3.60666e-05
3.70227e-05
3.79125e-05
3.87407e-05
3.95198e-05
4.02569e-05
4.09565e-05
4.16277e-05
4.23023e-05
4.29916e-05
4.37164e-05
4.45236e-05
4.5451e-05
4.65471e-05
4.77231e-05
4.90101e-05
4.21814e-05
4.36015e-05
4.49348e-05
4.61866e-05
4.7372e-05
4.84979e-05
4.95812e-05
5.06301e-05
5.16581e-05
5.2687e-05
5.37421e-05
5.48584e-05
5.60713e-05
5.74502e-05
5.88792e-05
6.04131e-05
4.95679e-05
5.15019e-05
5.33255e-05
5.50451e-05
5.66832e-05
5.82539e-05
5.97575e-05
6.12047e-05
6.26165e-05
6.40114e-05
6.54128e-05
6.68614e-05
6.84029e-05
7.00595e-05
7.17881e-05
7.35718e-05
5.81189e-05
6.05631e-05
6.28914e-05
6.51182e-05
6.72459e-05
6.92748e-05
7.12123e-05
7.3068e-05
7.48555e-05
7.66059e-05
7.8357e-05
8.01367e-05
8.19876e-05
8.39576e-05
8.59654e-05
8.80247e-05
6.77083e-05
7.06825e-05
7.35496e-05
7.63055e-05
7.89485e-05
8.14616e-05
8.38347e-05
8.60801e-05
8.8238e-05
9.0338e-05
9.24173e-05
9.45249e-05
9.66956e-05
9.89452e-05
0.00010124
0.000103542
7.83435e-05
8.18808e-05
8.53077e-05
8.86396e-05
9.1838e-05
9.4846e-05
9.76502e-05
0.000100284
0.000102794
0.000105237
0.000107659
0.000110086
0.00011255
0.000115081
0.000117611
0.000120139
9.00485e-05
9.41846e-05
9.82231e-05
0.000102185
0.000106009
0.000109544
0.000112761
0.000115751
0.000118614
0.000121407
0.000124164
0.000126918
0.000129677
0.000132438
0.000135165
0.00013783
0.000102866
0.000107648
0.000112308
0.00011701
0.000121608
0.00012567
0.000129228
0.000132538
0.000135731
0.000138872
0.000141985
0.000145056
0.000148074
0.000151034
0.000153879
0.000156581
0.000116806
0.000122296
0.000127545
0.000133058
0.000138774
0.000143376
0.00014702
0.000150565
0.000154059
0.000157544
0.000160989
0.000164363
0.000167626
0.000170707
0.000173583
0.000176251
0.000131315
0.000137442
0.000143635
0.000150108
0.000156392
0.000161682
0.000165927
0.000169782
0.000173524
0.000177357
0.000181139
0.000184788
0.000188233
0.000191418
0.000194241
0.000196787
0.000199162
0.000146667
0.000153751
0.000160822
0.000167821
0.000174494
0.000180255
0.000185081
0.000189597
0.000193956
0.000198225
0.000202334
0.000206215
0.000209785
0.000212941
0.000215671
0.000217954
0.000219788
0.000163012
0.000170995
0.000178911
0.000186601
0.000193442
0.000199373
0.000204818
0.000209916
0.000214767
0.000219393
0.00022375
0.000227754
0.000231325
0.000234397
0.000236911
0.000238857
0.000240158
0.000180237
0.000189029
0.000197827
0.000205856
0.000212751
0.000219088
0.000224995
0.000230542
0.000235768
0.000240653
0.000245145
0.000249179
0.000252674
0.000255534
0.000257761
0.000259261
0.000259943
0.000198054
0.000207529
0.000216939
0.000225317
0.000232411
0.000239055
0.000245313
0.000251189
0.000256656
0.000261685
0.000266221
0.000270183
0.000273489
0.000276066
0.000277889
0.000278892
0.000278979
0.000216125
0.000226167
0.000236017
0.000244668
0.000252001
0.000258915
0.000265433
0.000271517
0.000277124
0.000282198
0.000286671
0.000290474
0.000293523
0.000295719
0.000297071
0.000297511
0.000296966
0.000234076
0.000244651
0.000254765
0.000263543
0.000271115
0.000278274
0.000284986
0.000291198
0.000296849
0.000301879
0.000306222
0.000309791
0.000312501
0.000314267
0.000315108
0.000314968
0.000313782
0.000251517
0.000262691
0.000272828
0.000281488
0.000289396
0.000296776
0.000303622
0.000309887
0.000315519
0.000320446
0.000324596
0.000327889
0.000330243
0.000331563
0.000331897
0.00033117
0.000329231
0.000267977
0.000279501
0.00028978
0.000298514
0.000306586
0.000314091
0.000321003
0.00032727
0.000332826
0.000337606
0.000341538
0.000344538
0.000346521
0.000347413
0.000347267
0.000346014
0.00034355
0.000283137
0.000294904
0.00030534
0.000314176
0.000322352
0.000329931
0.000336863
0.000343089
0.000348548
0.000353168
0.000356872
0.000359588
0.000361238
0.000361736
0.000361167
0.000359473
0.000356545
0.000296729
0.000308672
0.000319219
0.00032815
0.000336404
0.000344024
0.000350954
0.00035713
0.000362483
0.000366944
0.000370443
0.000372903
0.00037425
0.000374406
0.000373468
0.000371385
0.000368097
0.000308507
0.000320553
0.000331135
0.000340137
0.000348452
0.000356109
0.000363032
0.000369158
0.000374415
0.00037874
0.000382054
0.000384301
0.000385399
0.000385262
0.000384
0.00038158
0.000377966
0.000318276
0.000330318
0.000340808
0.000349874
0.000358266
0.000365959
0.000372882
0.00037897
0.000384151
0.000388363
0.000391539
0.000393617
0.000394507
0.000394122
0.000392565
0.0003898
0.000385924
0.000325919
0.00033774
0.000347932
0.000357163
0.000365655
0.000373386
0.000380316
0.000386379
0.000391513
0.000395651
0.000398737
0.000400692
0.000401421
0.000400816
0.000398973
0.000395786
0.000391686
0.000330796
0.000342527
0.000352603
0.000361859
0.000370386
0.00037813
0.00038506
0.000391109
0.000396219
0.000400323
0.00040336
0.000405228
0.000405833
0.000405052
0.000402999
0.000399595
0.000395382
0.000333113
0.000344817
0.000354823
0.000364078
0.000372592
0.000380339
0.000387266
0.000393311
0.000398413
0.000402515
0.000405534
0.000407365
0.000407896
0.000407033
0.00040488
0.000401385
0.000397116
3.72508e-05
3.82372e-05
3.91363e-05
3.99757e-05
4.07598e-05
4.14894e-05
4.21839e-05
4.28609e-05
4.35469e-05
4.42601e-05
4.50472e-05
4.59208e-05
4.69194e-05
4.80622e-05
4.92233e-05
5.04111e-05
4.3382e-05
4.48484e-05
4.62027e-05
4.74662e-05
4.86481e-05
4.97656e-05
5.08307e-05
5.18611e-05
5.28814e-05
5.39219e-05
5.5006e-05
5.61594e-05
5.74203e-05
5.88207e-05
6.02278e-05
6.16715e-05
5.06768e-05
5.26517e-05
5.45072e-05
5.62441e-05
5.78818e-05
5.9434e-05
6.09151e-05
6.2341e-05
6.37404e-05
6.51318e-05
6.65487e-05
6.80161e-05
6.95683e-05
7.1232e-05
7.29238e-05
7.46446e-05
5.906e-05
6.15558e-05
6.39235e-05
6.61652e-05
6.82866e-05
7.03021e-05
7.22198e-05
7.40582e-05
7.58386e-05
7.75946e-05
7.93443e-05
8.11301e-05
8.29785e-05
8.49326e-05
8.68988e-05
8.88865e-05
6.84834e-05
7.15109e-05
7.44095e-05
7.71783e-05
7.98161e-05
8.23143e-05
8.46798e-05
8.69285e-05
8.90931e-05
9.11981e-05
9.32855e-05
9.53859e-05
9.75368e-05
9.97592e-05
0.000101999
0.000104235
7.8947e-05
8.25239e-05
8.59789e-05
8.93124e-05
9.25037e-05
9.55152e-05
9.83306e-05
0.000100984
0.000103516
0.000105974
0.000108389
0.0001108
0.000113239
0.000115732
0.000118218
0.000120675
9.04768e-05
9.46325e-05
9.86712e-05
0.000102622
0.000106447
0.000110005
0.000113264
0.000116296
0.000119183
0.000121975
0.000124719
0.000127436
0.000130154
0.000132874
0.000135566
0.000138185
0.000103082
0.000107843
0.000112466
0.000117114
0.000121728
0.0001259
0.000129538
0.000132886
0.000136079
0.000139199
0.000142251
0.000145256
0.000148206
0.000151112
0.00015393
0.000156635
0.000116818
0.000122197
0.000127272
0.000132704
0.00013855
0.00014337
0.000147157
0.000150713
0.000154148
0.00015755
0.000160894
0.000164144
0.000167277
0.000170267
0.000173117
0.000175827
0.00013115
0.000137118
0.000142909
0.000149146
0.000155583
0.000161381
0.000166031
0.000169721
0.000173319
0.000177011
0.00018063
0.000184091
0.000187337
0.000190337
0.000193095
0.000195681
0.000146421
0.000152851
0.000159564
0.000166643
0.000173452
0.000179754
0.000184954
0.000189255
0.000193446
0.000197537
0.000201461
0.000205122
0.000208445
0.00021137
0.000213863
0.000216127
0.000218424
0.000162431
0.000170015
0.000177611
0.000185212
0.000192482
0.00019889
0.00020433
0.000209298
0.000213991
0.00021845
0.000222611
0.000226413
0.000229774
0.000232642
0.000235055
0.000237098
0.000238785
0.000179515
0.00018806
0.000196514
0.000204714
0.00021204
0.000218456
0.000224347
0.000229806
0.00023491
0.00023965
0.000243992
0.000247865
0.000251205
0.000253949
0.000256125
0.000257746
0.000258782
0.000197339
0.000206683
0.000215981
0.000224406
0.000231654
0.000238375
0.000244635
0.000250455
0.000255842
0.000260776
0.000265203
0.000269062
0.000272281
0.000274791
0.000276627
0.000277734
0.000278007
0.000215453
0.000225463
0.000235248
0.000243878
0.00025128
0.000258243
0.000264765
0.000270818
0.000276377
0.000281392
0.000285812
0.000289561
0.000292568
0.000294749
0.000296122
0.00029662
0.00029619
0.000233458
0.000244164
0.000254095
0.000262681
0.000270405
0.000277606
0.00028432
0.000290516
0.000296148
0.000301165
0.000305492
0.000309057
0.000311773
0.000313557
0.00031444
0.000314321
0.000313071
0.000250864
0.00026206
0.000272148
0.000280758
0.000288686
0.000296067
0.000302908
0.000309172
0.000314809
0.000319751
0.000323929
0.000327255
0.000329646
0.000331009
0.000331374
0.00033066
0.000328751
0.00026726
0.000278783
0.000289042
0.000297744
0.000305796
0.000313288
0.000320195
0.000326471
0.000332058
0.000336888
0.000340879
0.000343946
0.000345999
0.000346949
0.000346846
0.000345632
0.00034316
0.000282314
0.00029408
0.000304488
0.000313287
0.000321426
0.000328979
0.000335909
0.000342161
0.000347673
0.000352367
0.000356165
0.000358978
0.000360719
0.000361294
0.00036078
0.000359117
0.000356209
0.000295752
0.000307684
0.000318204
0.00032708
0.000335283
0.000342873
0.000349806
0.000356019
0.000361444
0.000366007
0.000369622
0.000372203
0.000373665
0.000373918
0.000373055
0.000371023
0.000367738
0.000307339
0.000319377
0.000329932
0.000338865
0.000347117
0.000354739
0.000361667
0.000367841
0.000373188
0.000377631
0.000381082
0.000383467
0.00038469
0.000384664
0.000383492
0.000381139
0.000377568
0.000316917
0.000328953
0.000339425
0.000348405
0.000356723
0.000364381
0.000371314
0.000377457
0.00038274
0.000387088
0.000390409
0.000392632
0.000393649
0.000393379
0.000391931
0.000389271
0.000385452
0.000324465
0.000336243
0.000346385
0.000355544
0.000363969
0.000371673
0.000378617
0.000384742
0.000389985
0.000394255
0.000397494
0.000399582
0.000400443
0.000399954
0.000398222
0.00039514
0.000391126
0.00032927
0.00034096
0.000350977
0.000360165
0.000368637
0.000376361
0.00038331
0.000389425
0.000394634
0.000398859
0.000402036
0.000404034
0.00040477
0.000404109
0.00040217
0.000398881
0.000394767
0.000331577
0.000343218
0.000353164
0.000362358
0.000370827
0.000378558
0.000385502
0.00039161
0.000396807
0.000401023
0.000404156
0.000406123
0.000406773
0.000406033
0.000404006
0.000400629
0.000396467
3.78718e-05
3.88692e-05
3.97851e-05
4.06355e-05
4.14277e-05
4.21671e-05
4.28701e-05
4.35619e-05
4.42637e-05
4.50128e-05
4.58334e-05
4.6746e-05
4.7771e-05
4.89299e-05
5.00646e-05
5.12197e-05
4.40286e-05
4.55081e-05
4.68805e-05
4.81541e-05
4.93418e-05
5.04581e-05
5.15219e-05
5.25572e-05
5.35913e-05
5.46471e-05
5.57485e-05
5.69282e-05
5.82082e-05
5.96094e-05
6.09875e-05
6.23959e-05
5.12597e-05
5.32646e-05
5.51365e-05
5.68851e-05
5.85249e-05
6.00733e-05
6.15489e-05
6.29765e-05
6.43777e-05
6.57782e-05
6.7202e-05
6.86814e-05
7.02377e-05
7.19075e-05
7.35781e-05
7.52549e-05
5.95599e-05
6.20849e-05
6.44716e-05
6.67225e-05
6.88464e-05
7.0857e-05
7.27703e-05
7.46057e-05
7.63925e-05
7.81499e-05
7.9907e-05
8.1698e-05
8.35543e-05
8.5491e-05
8.74399e-05
8.93812e-05
6.88978e-05
7.19494e-05
7.48658e-05
7.76423e-05
8.02809e-05
8.27779e-05
8.51415e-05
8.73949e-05
8.95638e-05
9.16791e-05
9.37717e-05
9.58752e-05
9.80192e-05
0.000100235
0.000102446
0.00010464
7.92669e-05
8.2865e-05
8.63311e-05
8.96695e-05
9.28638e-05
9.58772e-05
9.87002e-05
0.000101362
0.00010391
0.000106374
0.000108794
0.000111206
0.000113642
0.000116112
0.000118572
0.000120984
9.07003e-05
9.48638e-05
9.89019e-05
0.000102856
0.000106685
0.000110258
0.000113532
0.000116583
0.000119478
0.00012228
0.000125019
0.000127728
0.000130423
0.000133138
0.000135806
0.000138397
0.000103208
0.000107941
0.000112552
0.000117197
0.000121827
0.000126029
0.000129698
0.000133059
0.00013626
0.000139364
0.000142397
0.00014537
0.000148301
0.000151184
0.000154007
0.000156715
0.000116826
0.000122109
0.000127156
0.000132627
0.000138509
0.000143369
0.000147194
0.000150754
0.000154163
0.000157526
0.000160818
0.000164004
0.000167072
0.000170043
0.0001729
0.000175638
0.00013095
0.000136651
0.000142528
0.000148959
0.000155308
0.000161217
0.000165962
0.000169611
0.000173141
0.000176753
0.000180278
0.000183626
0.000186737
0.000189618
0.000192364
0.000195054
0.000146011
0.000152309
0.000158948
0.000166105
0.000172954
0.000179454
0.000184799
0.000189044
0.00019314
0.00019714
0.000200948
0.000204453
0.000207455
0.00021009
0.000212601
0.000215035
0.000162296
0.000169318
0.000176723
0.00018444
0.000191716
0.000198517
0.000204211
0.000208971
0.00021355
0.000217899
0.000221947
0.000225609
0.0002288
0.000231502
0.000233712
0.00023568
0.000237773
0.000179193
0.000187502
0.000195787
0.000203854
0.00021146
0.000218215
0.000224027
0.000229386
0.000234395
0.000239048
0.000243292
0.000247062
0.00025029
0.000252939
0.000255083
0.000256782
0.000257998
0.000196973
0.000206219
0.000215442
0.000223842
0.000231181
0.000238005
0.000244254
0.000250029
0.000255362
0.000260232
0.000264594
0.000268389
0.000271557
0.000274038
0.000275876
0.000277033
0.00027744
0.000215089
0.000225023
0.000234799
0.000243457
0.000250872
0.000257856
0.000264372
0.000270404
0.000275926
0.000280907
0.000285289
0.000289009
0.000291991
0.000294163
0.000295572
0.000296141
0.000295785
0.000233064
0.00024359
0.000253664
0.000262429
0.000270026
0.000277206
0.000283909
0.00029009
0.000295706
0.000300704
0.000305021
0.00030858
0.000311305
0.000313109
0.000314012
0.000313947
0.000312857
0.000250487
0.000261638
0.00027174
0.000280375
0.000288276
0.000295645
0.000302479
0.000308738
0.000314371
0.000319321
0.000323512
0.000326862
0.000329277
0.000330669
0.000331073
0.000330407
0.000328514
0.000266847
0.000278363
0.000288602
0.000297286
0.000305326
0.000312807
0.000319709
0.000325988
0.000331589
0.000336443
0.00034047
0.00034358
0.000345683
0.000346677
0.00034661
0.000345416
0.000342956
0.000281843
0.000293598
0.000303979
0.000312746
0.000320869
0.00032841
0.000335338
0.000341603
0.000347138
0.000351874
0.000355726
0.000358601
0.000360402
0.000361031
0.000360563
0.000358936
0.000356017
0.000295184
0.000307109
0.000317593
0.00032643
0.00033461
0.000342186
0.000349119
0.00035535
0.000360813
0.000365429
0.000369112
0.00037177
0.000373307
0.00037362
0.000372816
0.000370811
0.000367538
0.000306664
0.000318692
0.000329206
0.000338098
0.000346319
0.000353929
0.000360855
0.000367057
0.000372443
0.000376955
0.000380481
0.000382952
0.000384251
0.000384297
0.000383195
0.000380893
0.00037733
0.000316139
0.000328148
0.000338593
0.000347521
0.000355814
0.000363453
0.000370392
0.000376559
0.000381896
0.000386307
0.000389717
0.000392018
0.000393128
0.000392937
0.000391558
0.000388946
0.00038516
0.00032362
0.000335355
0.000345456
0.000354574
0.000362973
0.000370655
0.000377609
0.000383759
0.000389061
0.000393402
0.000396726
0.000398895
0.000399845
0.000399429
0.000397771
0.000394739
0.000390764
0.00032835
0.000339998
0.000349956
0.000359117
0.000367547
0.000375263
0.00038221
0.000388357
0.000393618
0.000397925
0.000401165
0.000403253
0.000404055
0.000403483
0.000401626
0.000398398
0.000394337
0.000330587
0.000342175
0.000352074
0.000361223
0.000369666
0.000377374
0.000384323
0.000390455
0.000395701
0.00039998
0.000403182
0.000405212
0.000405944
0.0004053
0.000403368
0.000400063
0.000395967
4.70959e-05
4.94265e-05
5.1723e-05
5.39508e-05
5.6061e-05
5.80504e-05
5.99004e-05
6.15796e-05
6.30499e-05
6.42569e-05
6.51311e-05
6.55934e-05
6.54869e-05
4.83249e-05
5.03257e-05
5.25551e-05
5.50143e-05
5.74935e-05
5.99725e-05
6.23949e-05
6.46873e-05
6.68572e-05
6.88959e-05
7.07709e-05
7.24623e-05
7.39341e-05
7.51379e-05
7.60096e-05
7.64703e-05
7.63777e-05
6.01044e-05
6.22806e-05
6.46215e-05
6.70832e-05
6.95962e-05
7.20546e-05
7.44287e-05
7.66964e-05
7.88394e-05
8.08314e-05
8.26552e-05
8.42993e-05
8.57194e-05
8.68762e-05
8.77098e-05
8.81538e-05
8.80745e-05
7.37367e-05
7.59861e-05
7.83597e-05
8.07749e-05
8.3159e-05
8.55044e-05
8.77762e-05
8.99091e-05
9.19159e-05
9.37861e-05
9.54945e-05
9.70256e-05
9.83433e-05
9.94123e-05
0.000100183
0.00010059
0.000100519
8.86587e-05
9.10374e-05
9.3385e-05
9.57065e-05
9.79796e-05
0.000100142
0.0001022
0.000104144
0.000105972
0.000107653
0.000109185
0.000110554
0.000111725
0.000112669
0.000113346
0.000113705
0.000113648
0.000104732
0.000107149
0.000109506
0.000111745
0.000113805
0.000115741
0.000117575
0.000119262
0.000120836
0.000122285
0.000123598
0.000124758
0.000125747
0.000126541
0.00012711
0.000127408
0.00012736
0.000121755
0.000124282
0.000126623
0.000128719
0.000130547
0.000132167
0.000133673
0.000135076
0.000136373
0.000137546
0.000138595
0.000139517
0.000140296
0.000140915
0.000141354
0.000141586
0.000141556
0.000142389
0.000144735
0.000146696
0.000148081
0.000149243
0.0001504
0.000151457
0.000152418
0.000153279
0.000154041
0.000154693
0.000155236
0.000155664
0.000155966
0.000156123
0.000156105
0.000161723
0.000163527
0.000164794
0.000165856
0.000166741
0.000167523
0.000168227
0.000168838
0.000169355
0.000169793
0.000170155
0.000170443
0.000170661
0.00017081
0.000170889
0.000170893
0.000181654
0.000182733
0.000183509
0.000184093
0.000184571
0.000184954
0.000185247
0.000185458
0.000185607
0.000185705
0.000185755
0.000185771
0.000185769
0.000185761
0.000185755
0.000185769
0.000202041
0.00020243
0.000202481
0.000202555
0.000202548
0.000202458
0.000202327
0.000202133
0.00020189
0.000201624
0.000201349
0.000201084
0.000200851
0.000200676
0.000200585
0.000200615
0.000222079
0.000221791
0.000221401
0.00022093
0.000220431
0.000219887
0.000219298
0.000218666
0.000218023
0.000217391
0.000216783
0.000216229
0.000215765
0.000215426
0.000215244
0.000215274
0.00024181
0.00024093
0.000239976
0.000239025
0.000238023
0.000236983
0.000235948
0.000234894
0.000233847
0.000232842
0.000231904
0.000231067
0.000230372
0.000229865
0.000229597
0.000229641
0.000260929
0.000259501
0.000258059
0.000256576
0.000255097
0.000253603
0.000252108
0.000250624
0.000249188
0.000247823
0.000246561
0.000245448
0.000244533
0.000243869
0.000243516
0.000243566
0.000279188
0.000277282
0.000275335
0.000273411
0.000271461
0.000269504
0.00026759
0.000265709
0.000263895
0.000262185
0.000260621
0.000259248
0.000258123
0.000257308
0.00025688
0.000256942
0.000296378
0.000294053
0.000291711
0.000289328
0.000286956
0.000284594
0.000282263
0.000279997
0.000277835
0.000275808
0.000273959
0.000272344
0.000271028
0.000270078
0.000269576
0.000269646
0.00031231
0.000309704
0.000306989
0.00030425
0.000301478
0.000298709
0.000296008
0.000293401
0.000290912
0.000288588
0.000286478
0.000284641
0.000283147
0.000282069
0.000281505
0.000281586
0.000327191
0.000324255
0.000321201
0.000318074
0.000314938
0.000311826
0.000308775
0.000305832
0.000303042
0.000300445
0.000298089
0.000296046
0.000294388
0.000293195
0.000292569
0.000292656
0.000340974
0.000337662
0.000334255
0.000330799
0.00032731
0.000323846
0.000320475
0.000317235
0.000314157
0.000311298
0.000308715
0.000306477
0.000304663
0.000303362
0.000302679
0.000302773
0.000353527
0.000349878
0.000346137
0.000342328
0.000338512
0.000334742
0.000331061
0.00032752
0.000324172
0.000321067
0.000318266
0.000315845
0.000313887
0.000312484
0.000311745
0.000311841
0.000364712
0.000360742
0.000356686
0.000352581
0.000348457
0.000344377
0.000340409
0.000336601
0.000332992
0.000329652
0.00032665
0.00032406
0.000321967
0.000320468
0.000319679
0.000319778
0.000374313
0.000370099
0.000365773
0.000361379
0.00035698
0.00035264
0.000348409
0.000344341
0.000340501
0.000336955
0.000333769
0.000331028
0.000328815
0.000327232
0.000326398
0.000326502
0.000382165
0.00037772
0.00037316
0.000368546
0.000363916
0.000359341
0.000354887
0.000350614
0.000346578
0.000342855
0.000339522
0.000336656
0.000334344
0.000332692
0.000331823
0.000331932
0.000388035
0.000383407
0.000378677
0.000373876
0.000369068
0.000364328
0.000359711
0.000355277
0.000351101
0.000347255
0.000343814
0.000340859
0.000338478
0.000336777
0.000335883
0.000336
0.000391712
0.000386978
0.000382133
0.00037722
0.000372314
0.000367473
0.000362762
0.000358244
0.000353991
0.000350076
0.000346579
0.000343578
0.000341162
0.000339439
0.000338531
0.000338634
0.000393411
0.00038863
0.000383731
0.000378787
0.000373841
0.000368963
0.000364218
0.000359669
0.000355385
0.000351445
0.000347928
0.000344911
0.000342484
0.000340752
0.000339836
0.000339907
5.16696e-05
5.38344e-05
5.59204e-05
5.79165e-05
5.97839e-05
6.14889e-05
6.29839e-05
6.42102e-05
6.50977e-05
6.55539e-05
6.54363e-05
4.91379e-05
5.09864e-05
5.29998e-05
5.51978e-05
5.75305e-05
5.99287e-05
6.22669e-05
6.45283e-05
6.67099e-05
6.87556e-05
7.06551e-05
7.23723e-05
7.38684e-05
7.50922e-05
7.597e-05
7.64344e-05
7.63352e-05
6.08516e-05
6.28703e-05
6.50497e-05
6.73527e-05
6.97049e-05
7.20616e-05
7.43718e-05
7.6607e-05
7.87363e-05
8.07236e-05
8.2573e-05
8.42296e-05
8.5661e-05
8.68314e-05
8.7678e-05
8.81266e-05
8.80517e-05
7.44081e-05
7.65516e-05
7.87776e-05
8.10529e-05
8.33442e-05
8.55941e-05
8.77744e-05
8.98791e-05
9.18752e-05
9.37351e-05
9.54453e-05
9.6983e-05
9.83067e-05
9.93818e-05
0.000100153
0.000100566
0.000100498
8.92669e-05
9.1494e-05
9.3753e-05
9.59881e-05
9.8153e-05
0.000100244
0.000102265
0.000104178
0.00010597
0.000107638
0.000109175
0.000110539
0.000111707
0.000112652
0.000113332
0.00011369
0.00011363
0.000105191
0.000107523
0.000109788
0.000111934
0.000113961
0.000115854
0.000117632
0.000119304
0.000120867
0.000122307
0.000123611
0.000124766
0.00012575
0.00012654
0.000127102
0.0001274
0.000127352
0.000122121
0.000124551
0.000126796
0.00012883
0.000130618
0.000132246
0.000133752
0.000135139
0.000136417
0.000137581
0.000138631
0.000139542
0.00014031
0.000140923
0.000141361
0.000141589
0.000141555
0.000140079
0.000142623
0.000144754
0.000146511
0.000147996
0.000149288
0.000150452
0.000151517
0.000152478
0.000153339
0.000154085
0.000154729
0.000155264
0.000155684
0.000155977
0.000156132
0.000156115
0.000161659
0.000163525
0.000164814
0.00016589
0.00016681
0.00016761
0.000168307
0.000168906
0.000169419
0.000169853
0.000170202
0.000170478
0.000170687
0.000170832
0.000170906
0.000170903
0.000181284
0.000182673
0.000183552
0.000184186
0.000184666
0.000185038
0.000185329
0.000185546
0.000185693
0.000185772
0.000185808
0.000185815
0.000185804
0.000185785
0.000185775
0.000185784
0.000201646
0.000202307
0.000202548
0.000202641
0.000202642
0.00020257
0.000202429
0.000202226
0.000201977
0.000201701
0.00020141
0.000201131
0.000200888
0.000200708
0.000200609
0.000200636
0.000221636
0.000221635
0.000221396
0.000221012
0.000220525
0.00021998
0.000219388
0.000218766
0.00021812
0.000217465
0.000216841
0.000216277
0.000215803
0.000215452
0.000215266
0.000215298
0.000241351
0.0002407
0.000239941
0.000239046
0.000238084
0.000237082
0.00023604
0.00023498
0.000233927
0.000232909
0.000231955
0.000231106
0.000230402
0.000229891
0.000229617
0.000229662
0.000260465
0.000259235
0.000257927
0.000256561
0.000255124
0.000253649
0.00025216
0.000250688
0.000249246
0.000247866
0.000246594
0.000245475
0.000244554
0.000243883
0.00024353
0.000243584
0.000278765
0.000276986
0.000275194
0.00027333
0.000271436
0.000269525
0.000267613
0.000265732
0.000263914
0.000262202
0.00026063
0.000259256
0.000258132
0.00025732
0.00025689
0.000256955
0.000296044
0.000293787
0.000291512
0.000289218
0.00028689
0.000284547
0.000282233
0.000279984
0.000277825
0.000275791
0.000273944
0.000272339
0.000271029
0.000270081
0.000269584
0.000269658
0.000312145
0.000309478
0.000306808
0.000304091
0.000301356
0.000298635
0.000295956
0.000293354
0.000290869
0.000288555
0.000286452
0.000284629
0.000283147
0.000282079
0.000281516
0.000281599
0.000326961
0.000324018
0.000320978
0.000317901
0.000314795
0.000311709
0.000308688
0.000305773
0.000302998
0.000300405
0.000298066
0.000296041
0.000294398
0.000293211
0.000292588
0.000292679
0.000340733
0.000337428
0.000334044
0.000330596
0.000327147
0.000323738
0.000320404
0.000317182
0.00031412
0.00031128
0.000308712
0.00030649
0.00030469
0.000303395
0.000302712
0.000302808
0.000353299
0.000349642
0.000345905
0.000342141
0.000338371
0.000334642
0.000331005
0.0003275
0.000324175
0.000321081
0.000318297
0.00031589
0.000313938
0.000312532
0.000311793
0.000311893
0.000364496
0.000360519
0.000356481
0.000352403
0.000348339
0.000344328
0.000340409
0.000336625
0.000333038
0.000329719
0.000326726
0.000324138
0.000322042
0.000320537
0.000319743
0.000319847
0.000374118
0.000369872
0.000365566
0.000361238
0.000356913
0.000352635
0.000348451
0.000344422
0.000340606
0.000337065
0.000333885
0.000331139
0.000328914
0.000327316
0.000326475
0.000326586
0.000381929
0.00037749
0.000372981
0.000368434
0.000363888
0.000359389
0.000354989
0.000350742
0.000346726
0.000343014
0.000339675
0.000336794
0.000334461
0.000332791
0.000331913
0.000332033
0.000387754
0.000383176
0.00037851
0.000373799
0.000369083
0.000364412
0.000359843
0.000355446
0.000351288
0.000347443
0.000343992
0.000341018
0.000338609
0.000336887
0.000335982
0.000336108
0.000391424
0.000386758
0.000381997
0.000377177
0.00037235
0.000367579
0.000362916
0.000358431
0.000354191
0.000350277
0.000346766
0.000343742
0.000341299
0.000339554
0.000338635
0.000338749
0.000393129
0.000388432
0.000383627
0.000378759
0.000373893
0.000369078
0.000364379
0.000359858
0.00035559
0.00035165
0.000348116
0.000345077
0.000342625
0.000340872
0.000339944
0.000340025
5.76786e-05
5.95548e-05
6.12908e-05
6.28317e-05
6.40928e-05
6.50019e-05
6.54746e-05
6.53416e-05
5.04531e-05
5.20784e-05
5.38521e-05
5.57646e-05
5.7813e-05
5.99412e-05
6.21003e-05
6.42834e-05
6.64382e-05
6.84827e-05
7.04094e-05
7.21744e-05
7.37028e-05
7.49601e-05
7.58796e-05
7.63586e-05
7.62515e-05
6.20622e-05
6.38763e-05
6.58212e-05
6.78772e-05
6.99836e-05
7.21523e-05
7.43265e-05
7.64643e-05
7.8543e-05
8.05371e-05
8.23923e-05
8.40635e-05
8.55217e-05
8.67245e-05
8.7599e-05
8.80625e-05
8.79835e-05
7.54487e-05
7.74265e-05
7.94715e-05
8.15584e-05
8.36722e-05
8.57729e-05
8.78383e-05
8.9866e-05
9.18126e-05
9.36433e-05
9.53522e-05
9.68933e-05
9.82219e-05
9.93038e-05
0.000100092
0.000100511
0.000100439
9.01145e-05
9.2211e-05
9.43336e-05
9.64302e-05
9.84649e-05
0.000100454
0.000102387
0.000104233
0.000105981
0.000107637
0.000109143
0.000110494
0.000111664
0.000112613
0.000113293
0.000113652
0.000113584
0.000105834
0.000108076
0.000110234
0.000112281
0.000114222
0.000116048
0.000117761
0.000119394
0.000120926
0.000122335
0.000123624
0.000124772
0.000125743
0.000126523
0.000127083
0.000127378
0.000127328
0.000122603
0.00012493
0.000127093
0.000129045
0.000130794
0.000132395
0.000133875
0.00013523
0.000136486
0.00013764
0.000138665
0.000139561
0.000140324
0.000140933
0.000141361
0.000141585
0.000141549
0.000140394
0.000142789
0.000144859
0.000146603
0.000148104
0.000149405
0.000150558
0.00015161
0.000152561
0.0001534
0.000154141
0.00015478
0.000155299
0.000155704
0.00015599
0.000156142
0.000156127
0.000159173
0.000161531
0.000163457
0.0001649
0.000166002
0.000166923
0.000167722
0.000168405
0.000168996
0.000169505
0.000169919
0.000170253
0.000170523
0.000170727
0.000170859
0.000170927
0.000170918
0.000178759
0.000181102
0.000182882
0.000183823
0.00018435
0.000184802
0.000185161
0.000185449
0.000185654
0.00018578
0.000185856
0.000185886
0.000185875
0.000185846
0.000185818
0.000185803
0.000185817
0.000201135
0.000202384
0.00020284
0.000202842
0.000202795
0.000202712
0.000202552
0.000202339
0.000202084
0.000201789
0.000201481
0.000201194
0.000200942
0.000200747
0.000200641
0.000200661
0.000221065
0.000221719
0.00022164
0.000221191
0.000220675
0.000220111
0.000219513
0.000218878
0.00021821
0.000217551
0.000216921
0.00021634
0.000215848
0.000215488
0.000215296
0.000215332
0.000240726
0.000240573
0.000239954
0.000239115
0.000238175
0.00023718
0.000236129
0.000235065
0.00023401
0.000232975
0.000232006
0.00023115
0.000230441
0.000229921
0.000229644
0.00022969
0.000259732
0.000258869
0.000257762
0.000256507
0.000255128
0.000253676
0.000252206
0.000250732
0.000249278
0.000247897
0.000246625
0.000245498
0.000244569
0.000243902
0.000243548
0.000243606
0.000278053
0.000276526
0.000274915
0.000273171
0.000271347
0.000269479
0.000267581
0.00026571
0.000263905
0.000262185
0.000260611
0.000259245
0.000258131
0.000257327
0.000256901
0.00025697
0.000295424
0.000293318
0.00029117
0.000288974
0.000286711
0.000284416
0.000282141
0.000279907
0.00027775
0.000275731
0.000273902
0.000272309
0.00027101
0.000270082
0.000269592
0.000269671
0.000311623
0.000309033
0.000306437
0.000303785
0.00030111
0.000298445
0.000295801
0.000293224
0.000290769
0.000288466
0.000286383
0.000284586
0.00028313
0.000282083
0.000281529
0.000281617
0.000326528
0.000323605
0.000320603
0.000317564
0.000314513
0.000311482
0.000308512
0.000305629
0.000302877
0.000300319
0.000298016
0.000296018
0.000294392
0.000293228
0.000292614
0.000292711
0.000340349
0.000337041
0.000333665
0.000330254
0.00032686
0.000323514
0.00032023
0.000317052
0.000314039
0.000311232
0.000308695
0.000306503
0.000304722
0.000303438
0.00030276
0.000302863
0.000352943
0.000349263
0.000345537
0.000341806
0.000338103
0.000334448
0.000330881
0.000327434
0.000324149
0.000321102
0.000318353
0.000315964
0.000314013
0.000312608
0.000311867
0.000311977
0.000364143
0.000360146
0.00035612
0.000352098
0.000348115
0.000344193
0.000340352
0.000336636
0.00033311
0.000329828
0.000326856
0.000324277
0.00032217
0.000320649
0.000319847
0.000319961
0.000373749
0.000369491
0.000365221
0.000360963
0.000356739
0.000352565
0.00034848
0.000344528
0.000340767
0.000337268
0.000334099
0.000331338
0.000329083
0.000327459
0.000326604
0.000326727
0.000381529
0.000377102
0.00037265
0.000368199
0.00036377
0.000359392
0.000355093
0.000350931
0.000346979
0.000343291
0.000339947
0.000337037
0.000334666
0.000332959
0.000332063
0.000332199
0.000387298
0.000382786
0.000378212
0.000373613
0.000369025
0.000364477
0.000360014
0.0003557
0.000351592
0.000347766
0.0003443
0.000341286
0.000338832
0.00033707
0.000336146
0.00033629
0.000390961
0.000386402
0.000381752
0.000377052
0.000372355
0.000367695
0.00036313
0.000358713
0.000354517
0.000350612
0.000347078
0.000344014
0.000341527
0.000339744
0.000338807
0.000338944
0.000392681
0.000388106
0.00038342
0.000378676
0.000373925
0.000369216
0.000364602
0.000360145
0.000355914
0.000351976
0.00034842
0.000345343
0.000342852
0.000341064
0.000340119
0.000340219
6.10405e-05
6.26034e-05
6.39156e-05
6.48689e-05
6.53712e-05
6.52164e-05
5.16964e-05
5.31147e-05
5.46938e-05
5.64121e-05
5.82449e-05
6.01568e-05
6.21344e-05
6.41482e-05
6.61622e-05
6.81693e-05
7.00985e-05
7.18848e-05
7.34575e-05
7.47881e-05
7.57697e-05
7.62699e-05
7.61504e-05
6.31957e-05
6.48209e-05
6.65752e-05
6.84321e-05
7.03671e-05
7.23556e-05
7.43676e-05
7.63865e-05
7.83926e-05
8.03363e-05
8.21614e-05
8.38477e-05
8.53468e-05
8.65941e-05
8.7505e-05
8.79852e-05
8.79039e-05
7.64057e-05
7.82355e-05
8.01287e-05
8.20679e-05
8.40311e-05
8.59957e-05
8.79574e-05
8.98943e-05
9.17781e-05
9.35737e-05
9.52427e-05
9.67669e-05
9.81115e-05
9.92165e-05
0.000100025
0.000100453
0.000100379
9.08775e-05
9.2879e-05
9.48801e-05
9.68543e-05
9.87933e-05
0.000100688
0.000102527
0.000104313
0.000106028
0.000107633
0.00010911
0.000110448
0.000111615
0.000112559
0.000113243
0.000113607
0.000113535
0.000106439
0.000108591
0.000110659
0.000112627
0.000114488
0.000116246
0.000117914
0.000119501
0.000120992
0.000122374
0.000123633
0.000124758
0.000125726
0.000126502
0.000127061
0.000127355
0.000127303
0.00012305
0.000125303
0.000127389
0.00012928
0.000130999
0.000132563
0.000133999
0.000135334
0.000136566
0.000137685
0.000138694
0.00013958
0.000140334
0.00014093
0.000141352
0.000141575
0.000141537
0.000140676
0.000142972
0.000145012
0.000146758
0.000148242
0.00014953
0.000150675
0.000151706
0.000152634
0.000153461
0.000154187
0.000154809
0.000155322
0.000155721
0.000156001
0.000156147
0.000156131
0.000159189
0.000161529
0.000163496
0.000164992
0.000166118
0.000167036
0.000167815
0.00016849
0.000169073
0.000169566
0.000169973
0.000170306
0.000170564
0.000170753
0.000170876
0.00017094
0.000170933
0.000178417
0.000180883
0.000182852
0.000183942
0.000184493
0.000184914
0.000185263
0.000185533
0.000185725
0.000185852
0.000185918
0.00018594
0.00018592
0.000185884
0.000185846
0.000185825
0.00018584
0.000198182
0.000200507
0.00020224
0.000203059
0.000203136
0.000202946
0.000202804
0.000202628
0.000202409
0.000202146
0.000201851
0.000201546
0.000201246
0.000200978
0.000200771
0.000200662
0.000200682
0.000220341
0.000221526
0.000221869
0.000221465
0.000220796
0.000220192
0.000219573
0.000218923
0.000218264
0.000217601
0.000216967
0.000216377
0.000215882
0.000215514
0.000215317
0.000215356
0.000239954
0.000240449
0.000240083
0.00023921
0.000238217
0.000237193
0.00023614
0.000235077
0.00023402
0.000232993
0.000232031
0.000231171
0.000230456
0.000229933
0.000229655
0.000229698
0.000259088
0.000258651
0.00025766
0.00025642
0.00025505
0.000253619
0.000252155
0.000250682
0.000249247
0.000247871
0.000246604
0.000245484
0.000244568
0.000243906
0.000243553
0.000243611
0.000277365
0.000276104
0.000274614
0.000272948
0.000271168
0.000269324
0.000267454
0.000265602
0.000263806
0.000262107
0.000260557
0.000259208
0.000258108
0.000257315
0.000256897
0.000256962
0.000294778
0.000292823
0.000290792
0.000288653
0.000286438
0.000284194
0.000281946
0.000279732
0.000277607
0.000275617
0.000273813
0.000272245
0.000270977
0.00027007
0.000269588
0.000269666
0.000310967
0.000308545
0.000306013
0.000303418
0.000300792
0.000298161
0.000295555
0.000293015
0.00029059
0.000288329
0.000286292
0.000284529
0.000283097
0.000282069
0.000281529
0.000281614
0.000326052
0.000323159
0.00032019
0.000317181
0.000314168
0.000311184
0.000308252
0.000305408
0.000302708
0.000300202
0.00029794
0.000295976
0.000294382
0.000293237
0.00029263
0.000292728
0.00033996
0.000336636
0.000333259
0.000329881
0.000326526
0.000323219
0.000319986
0.000316866
0.000313908
0.000311157
0.000308675
0.000306514
0.000304747
0.000303471
0.000302796
0.0003029
0.000352584
0.000348874
0.000345151
0.000341446
0.000337786
0.000334192
0.000330687
0.000327305
0.000324096
0.000321112
0.000318403
0.000316031
0.000314087
0.000312679
0.000311933
0.000312046
0.000363771
0.000359753
0.000355736
0.000351758
0.000347834
0.000343981
0.000340223
0.000336597
0.000333151
0.000329928
0.000326991
0.000324415
0.000322294
0.000320754
0.00031994
0.000320057
0.000373342
0.000369084
0.000364843
0.000360639
0.00035649
0.00035241
0.000348427
0.000344575
0.000340902
0.000337463
0.000334309
0.000331534
0.000329251
0.000327599
0.000326726
0.000326856
0.000381077
0.000376677
0.000372274
0.000367898
0.000363562
0.000359288
0.000355104
0.000351056
0.000347189
0.000343547
0.00034021
0.000337278
0.000334866
0.000333123
0.000332205
0.000332349
0.0003868
0.000382355
0.000377856
0.000373349
0.000368862
0.00036443
0.000360086
0.000355877
0.000351846
0.000348057
0.000344586
0.000341538
0.000339045
0.000337246
0.0003363
0.000336457
0.000390437
0.000385975
0.00038142
0.000376825
0.000372239
0.000367692
0.000363237
0.000358913
0.00035478
0.000350895
0.000347352
0.000344256
0.000341735
0.000339918
0.000338962
0.000339111
0.000392138
0.000387673
0.000383097
0.000378465
0.000373824
0.000369226
0.000364712
0.000360336
0.00035615
0.00035223
0.000348666
0.000345564
0.000343042
0.000341227
0.000340265
0.000340363
6.47801e-05
6.52924e-05
6.51464e-05
5.24143e-05
5.37364e-05
5.52071e-05
5.68179e-05
5.85426e-05
6.03537e-05
6.22261e-05
6.41314e-05
6.60416e-05
6.79581e-05
6.98248e-05
7.15926e-05
7.32402e-05
7.46718e-05
7.56769e-05
7.61948e-05
7.60789e-05
6.38383e-05
6.53865e-05
6.70382e-05
6.8792e-05
7.0626e-05
7.25177e-05
7.44426e-05
7.63819e-05
7.83046e-05
8.01831e-05
8.1999e-05
8.36922e-05
8.52046e-05
8.64928e-05
8.74254e-05
8.79177e-05
8.78277e-05
7.69631e-05
7.87135e-05
8.05218e-05
8.23745e-05
8.42552e-05
8.61482e-05
8.80433e-05
8.99191e-05
9.17469e-05
9.35129e-05
9.51725e-05
9.6685e-05
9.80368e-05
9.91436e-05
9.99587e-05
0.000100402
0.000100318
9.13282e-05
9.3268e-05
9.52007e-05
9.71094e-05
9.89848e-05
0.000100822
0.000102615
0.000104362
0.000106036
0.000107615
0.000109087
0.000110413
0.000111572
0.00011251
0.000113202
0.00011357
0.0001135
0.000106796
0.000108893
0.000110908
0.000112824
0.000114638
0.000116358
0.000117997
0.000119555
0.000121017
0.000122383
0.000123631
0.000124737
0.000125705
0.00012648
0.000127035
0.000127335
0.000127277
0.000123315
0.000125527
0.000127569
0.000129425
0.00013111
0.00013265
0.000134068
0.000135387
0.000136598
0.000137705
0.000138708
0.000139588
0.000140329
0.000140918
0.000141342
0.000141564
0.000141529
0.000140852
0.000143114
0.00014512
0.000146848
0.000148318
0.000149596
0.000150733
0.000151751
0.000152664
0.000153488
0.000154205
0.000154816
0.000155329
0.000155727
0.000156001
0.000156147
0.000156126
0.000159246
0.000161565
0.000163542
0.000165043
0.000166173
0.000167088
0.00016786
0.000168529
0.000169104
0.000169591
0.00017
0.000170333
0.00017058
0.000170761
0.000170887
0.000170945
0.000170943
0.00017828
0.000180791
0.000182843
0.000183991
0.000184556
0.000184965
0.000185298
0.000185561
0.000185754
0.000185882
0.000185944
0.000185954
0.000185941
0.000185904
0.000185861
0.000185837
0.000185841
0.000197839
0.000200379
0.000202164
0.000203122
0.000203232
0.000203001
0.000202832
0.000202647
0.000202426
0.000202164
0.000201874
0.000201573
0.000201263
0.000200992
0.00020079
0.000200673
0.000200696
0.000217642
0.00021999
0.000221412
0.000221934
0.00022157
0.00022084
0.0002202
0.000219565
0.000218924
0.000218272
0.000217612
0.000216967
0.000216388
0.000215895
0.000215526
0.000215329
0.00021536
0.000239448
0.000240309
0.000240232
0.000239373
0.000238229
0.00023716
0.0002361
0.000235043
0.000233994
0.00023298
0.00023203
0.000231168
0.000230456
0.000229939
0.000229658
0.000229701
0.000258608
0.000258578
0.000257718
0.00025639
0.000254975
0.000253531
0.000252066
0.000250611
0.000249189
0.000247828
0.000246566
0.000245464
0.000244561
0.000243902
0.000243553
0.000243601
0.000276947
0.000275837
0.000274439
0.000272788
0.000271013
0.000269176
0.00026732
0.000265489
0.000263707
0.000262036
0.000260514
0.000259173
0.000258088
0.00025731
0.00025689
0.00025695
0.000294439
0.00029253
0.000290536
0.000288428
0.000286236
0.000284006
0.000281773
0.000279585
0.000277485
0.000275523
0.000273741
0.000272205
0.000270959
0.000270056
0.000269582
0.00026965
0.000310788
0.000308266
0.000305745
0.000303172
0.000300563
0.000297949
0.000295363
0.000292852
0.000290456
0.000288236
0.000286237
0.000284494
0.00028308
0.000282067
0.000281525
0.000281608
0.000325815
0.000322901
0.000319929
0.000316933
0.000313937
0.000310969
0.000308059
0.000305253
0.000302591
0.000300125
0.000297896
0.000295959
0.000294386
0.000293243
0.000292639
0.000292731
0.000339736
0.000336392
0.000333018
0.000329646
0.000326305
0.000323018
0.000319817
0.00031674
0.000313825
0.00031112
0.000308674
0.000306532
0.000304773
0.000303501
0.00030282
0.000302924
0.000352372
0.00034865
0.000344923
0.000341228
0.000337586
0.000334019
0.000330552
0.000327221
0.000324068
0.000321127
0.000318443
0.000316084
0.000314145
0.00031273
0.000311977
0.000312086
0.000363554
0.000359523
0.000355514
0.000351551
0.000347653
0.000343837
0.000340129
0.000336566
0.000333177
0.00033
0.000327086
0.000324505
0.000322381
0.000320831
0.000320003
0.00032012
0.000373101
0.000368845
0.000364618
0.000360441
0.000356327
0.000352296
0.000348373
0.000344591
0.000340981
0.000337576
0.000334438
0.000331662
0.000329369
0.000327698
0.00032681
0.000326939
0.000380797
0.00037642
0.000372049
0.000367705
0.000363416
0.000359197
0.000355087
0.000351111
0.000347298
0.000343696
0.000340374
0.000337428
0.000335
0.000333237
0.0003323
0.000332444
0.000386486
0.000382087
0.000377632
0.000373171
0.000368738
0.000364368
0.000360098
0.000355956
0.000351981
0.000348216
0.000344752
0.000341695
0.000339185
0.000337364
0.0003364
0.000336552
0.000390077
0.000385674
0.000381178
0.000376645
0.000372114
0.000367641
0.000363252
0.000358994
0.000354897
0.00035104
0.000347499
0.000344397
0.000341858
0.000340024
0.000339053
0.000339185
0.000391712
0.00038732
0.000382816
0.00037825
0.00037368
0.000369149
0.000364704
0.00036038
0.000356233
0.000352333
0.000348774
0.000345667
0.000343139
0.000341314
0.00034034
0.000340431
)
;

boundaryField
{
    frontAndBack
    {
        type            slip;
    }
    inlet
    {
        type            zeroGradient;
    }
    outlet
    {
        type            fixedValue;
        value           uniform 0;
    }
    lowerWall
    {
        type            zeroGradient;
    }
    upperWall
    {
        type            slip;
    }
}


// ************************************************************************* //
