/*--------------------------------*- C++ -*----------------------------------*\
  =========                 |
  \\      /  F ield         | OpenFOAM: The Open Source CFD Toolbox
   \\    /   O peration     | Website:  https://openfoam.org
    \\  /    A nd           | Version:  10
     \\/     M anipulation  |
\*---------------------------------------------------------------------------*/
FoamFile
{
    format      ascii;
    class       surfaceScalarField;
    location    "10";
    object      phi;
}
// * * * * * * * * * * * * * * * * * * * * * * * * * * * * * * * * * * * * * //

dimensions      [0 3 -1 0 0 0 0];

internalField   nonuniform List<scalar> 
34500
(
-200
6.96337e-06
4.85251e-06
-200
6.9278e-06
3.71083e-06
-200
6.38359e-06
2.35002e-06
-200
5.92933e-06
1.47545e-06
-200
5.45845e-06
1.01906e-06
-200
5.07109e-06
7.55447e-07
-200
4.80957e-06
7.297e-07
-200
4.52617e-06
7.4064e-07
-200
4.50943e-06
9.17445e-07
-200
4.55463e-06
1.04946e-06
-200
4.75077e-06
1.21214e-06
-200
5.15341e-06
1.28409e-06
-200
5.22958e-06
1.20923e-06
-200
5.41461e-06
1.18855e-06
-200
5.23214e-06
1.24089e-06
4.99654e-06
1.46961e-06
-200
-200
1.44997e-05
4.88233e-06
-200
1.4596e-05
3.56177e-06
-200
1.34676e-05
2.09956e-06
-200
1.24347e-05
1.22197e-06
-200
1.1629e-05
6.89167e-07
-200
1.09584e-05
3.86687e-07
-200
1.04551e-05
3.09313e-07
-200
1.01001e-05
3.07221e-07
-200
1.00996e-05
3.56843e-07
-200
1.03239e-05
4.45956e-07
-200
1.08773e-05
4.64392e-07
-200
1.15096e-05
4.69439e-07
-200
1.18688e-05
3.26347e-07
-200
1.19429e-05
2.85744e-07
-200
1.16736e-05
4.29736e-07
1.12627e-05
5.63357e-07
-200
-200
2.16892e-05
4.79744e-06
-200
2.18735e-05
3.48434e-06
-200
2.01887e-05
2.00637e-06
-200
1.86232e-05
1.21799e-06
-200
1.75518e-05
6.903e-07
-200
1.66898e-05
4.40999e-07
-200
1.60406e-05
3.61585e-07
-200
1.5703e-05
4.07854e-07
-200
1.57312e-05
4.78218e-07
-200
1.62053e-05
5.50637e-07
-200
1.69529e-05
6.0357e-07
-200
1.76513e-05
5.26655e-07
-200
1.81212e-05
4.14404e-07
-200
1.79759e-05
4.20413e-07
-200
1.77216e-05
5.45895e-07
1.71055e-05
6.86272e-07
-200
-200
2.84733e-05
4.71685e-06
-200
2.86541e-05
3.33924e-06
-200
2.65142e-05
1.88344e-06
-200
2.46633e-05
1.07771e-06
-200
2.32941e-05
6.21657e-07
-200
2.22714e-05
4.36438e-07
-200
2.15627e-05
4.50219e-07
-200
2.12532e-05
5.05523e-07
-200
2.14123e-05
6.2371e-07
-200
2.20781e-05
6.92062e-07
-200
2.28207e-05
6.82776e-07
-200
2.35685e-05
5.34369e-07
-200
2.38017e-05
4.6176e-07
-200
2.37108e-05
4.87777e-07
-200
2.33272e-05
5.49941e-07
2.26174e-05
7.39164e-07
-200
-200
3.48074e-05
4.68146e-06
-200
3.4851e-05
3.25936e-06
-200
3.24e-05
1.83557e-06
-200
3.03661e-05
1.03381e-06
-200
2.87846e-05
6.50293e-07
-200
2.76466e-05
5.15508e-07
-200
2.69297e-05
5.69593e-07
-200
2.66759e-05
6.63313e-07
-200
2.70206e-05
7.90007e-07
-200
2.76701e-05
8.44649e-07
-200
2.84275e-05
7.30525e-07
-200
2.90101e-05
5.75216e-07
-200
2.91146e-05
4.91533e-07
-200
2.90716e-05
5.02588e-07
-200
2.84866e-05
5.41893e-07
2.7752e-05
7.78003e-07
-200
-200
4.06706e-05
4.54144e-06
-200
4.04947e-05
3.16628e-06
-200
3.78851e-05
1.76191e-06
-200
3.5662e-05
1.0346e-06
-200
3.39961e-05
6.72016e-07
-200
3.28192e-05
5.87727e-07
-200
3.21226e-05
6.28912e-07
-200
3.20454e-05
7.39436e-07
-200
3.24463e-05
8.31446e-07
-200
3.31153e-05
7.94173e-07
-200
3.37575e-05
5.85792e-07
-200
3.40729e-05
4.86363e-07
-200
3.41898e-05
4.24265e-07
-200
3.39624e-05
3.89204e-07
-200
3.33149e-05
5.07954e-07
3.24866e-05
5.99155e-07
-200
-200
4.59366e-05
4.4798e-06
-200
4.55098e-05
3.15733e-06
-200
4.28299e-05
1.77889e-06
-200
4.0502e-05
1.11279e-06
-200
3.88216e-05
7.70596e-07
-200
3.76985e-05
7.01832e-07
-200
3.70785e-05
7.30806e-07
-200
3.72379e-05
8.14521e-07
-200
3.75845e-05
8.16568e-07
-200
3.83061e-05
6.65332e-07
-200
3.8637e-05
5.19255e-07
-200
3.88187e-05
4.13046e-07
-200
3.88043e-05
3.77561e-07
-200
3.83699e-05
3.25385e-07
-200
3.77306e-05
4.28296e-07
3.67073e-05
5.51202e-07
-200
-200
5.05332e-05
4.40714e-06
-200
4.98569e-05
3.09553e-06
-200
4.72118e-05
1.81444e-06
-200
4.49174e-05
1.11884e-06
-200
4.3309e-05
8.40747e-07
-200
4.22734e-05
7.39087e-07
-200
4.19122e-05
7.50922e-07
-200
4.20869e-05
7.80896e-07
-200
4.25485e-05
6.5334e-07
-200
4.30413e-05
4.54536e-07
-200
4.31996e-05
3.38734e-07
-200
4.32481e-05
2.61901e-07
-200
4.29758e-05
1.68185e-07
-200
4.25042e-05
1.68813e-07
-200
4.16888e-05
2.10022e-07
4.05872e-05
3.93156e-07
-200
-200
5.42991e-05
4.30894e-06
-200
5.34079e-05
3.08378e-06
-200
5.09764e-05
1.8939e-06
-200
4.88014e-05
1.21901e-06
-200
4.74023e-05
9.4314e-07
-200
4.65046e-05
8.27588e-07
-200
4.64691e-05
8.02901e-07
-200
4.65817e-05
6.84903e-07
-200
4.71296e-05
5.01029e-07
-200
4.72242e-05
3.80686e-07
-200
4.73034e-05
2.68544e-07
-200
4.71076e-05
2.03926e-07
-200
4.66912e-05
5.87849e-08
-200
4.61765e-05
5.31745e-08
-200
4.5189e-05
7.27619e-09
4.40242e-05
2.96238e-07
-200
-200
5.71842e-05
4.02826e-06
-200
5.61805e-05
3.01813e-06
-200
5.41193e-05
1.86266e-06
-200
5.22975e-05
1.25657e-06
-200
5.11002e-05
9.56021e-07
-200
5.05971e-05
8.14132e-07
-200
5.06093e-05
7.10449e-07
-200
5.08796e-05
5.02872e-07
-200
5.11262e-05
3.39503e-07
-200
5.10506e-05
2.32105e-07
-200
5.08961e-05
1.75393e-07
-200
5.04846e-05
9.94583e-09
-200
5.00272e-05
-1.18486e-07
-200
4.93087e-05
-2.54411e-07
-200
4.83009e-05
-1.44166e-07
4.70597e-05
-6.92515e-08
-200
-200
5.91285e-05
3.79937e-06
-200
5.81099e-05
3.00423e-06
-200
5.65365e-05
1.92514e-06
-200
5.53588e-05
1.32817e-06
-200
5.44425e-05
1.01337e-06
-200
5.43911e-05
8.45677e-07
-200
5.43489e-05
5.962e-07
-200
5.47146e-05
4.28389e-07
-200
5.45264e-05
3.03561e-07
-200
5.43645e-05
2.1455e-07
-200
5.38705e-05
1.78386e-07
-200
5.33685e-05
-1.31009e-07
-200
5.27712e-05
-2.43039e-07
-200
5.18616e-05
-3.88638e-07
-200
5.08767e-05
-3.13435e-07
4.9555e-05
-2.33276e-07
-200
-200
6.02221e-05
3.54131e-06
-200
5.94037e-05
2.8873e-06
-200
5.83407e-05
1.94806e-06
-200
5.79684e-05
1.31356e-06
-200
5.77419e-05
9.5504e-07
-200
5.77547e-05
6.83095e-07
-200
5.78808e-05
4.62659e-07
-200
5.79075e-05
3.08353e-07
-200
5.75685e-05
1.98613e-07
-200
5.71224e-05
1.58239e-07
-200
5.64595e-05
-9.73574e-08
-200
5.57937e-05
-2.53013e-07
-200
5.49601e-05
-5.0957e-07
-200
5.40585e-05
-5.9894e-07
-200
5.29567e-05
-6.22299e-07
5.17009e-05
-5.01396e-07
-200
-200
6.06367e-05
3.31145e-06
-200
6.01484e-05
2.87579e-06
-200
5.96473e-05
1.98071e-06
-200
6.01339e-05
1.37044e-06
-200
6.0786e-05
9.37557e-07
-200
6.06657e-05
6.39302e-07
-200
6.08981e-05
4.46694e-07
-200
6.04669e-05
3.11031e-07
-200
6.00684e-05
2.13965e-07
-200
5.92519e-05
1.91639e-07
-200
5.84929e-05
-8.81843e-08
-200
5.7625e-05
-2.84277e-07
-200
5.66351e-05
-5.82654e-07
-200
5.57392e-05
-6.85944e-07
-200
5.45481e-05
-7.85696e-07
5.32911e-05
-5.87205e-07
-200
-200
6.08037e-05
2.95533e-06
-200
6.04985e-05
2.84242e-06
-200
6.07943e-05
1.9371e-06
-200
6.19743e-05
1.36164e-06
-200
6.33826e-05
8.29878e-07
-200
6.33402e-05
5.42075e-07
-200
6.31706e-05
3.67104e-07
-200
6.26289e-05
2.37864e-07
-200
6.19478e-05
2.02435e-07
-200
6.10157e-05
-2.16636e-08
-200
6.00511e-05
-1.06149e-07
-200
5.89945e-05
-3.98249e-07
-200
5.79731e-05
-6.18353e-07
-200
5.69338e-05
-8.35542e-07
-200
5.57364e-05
-8.26137e-07
5.45238e-05
-9.00646e-07
-200
-200
6.09267e-05
2.92858e-06
-200
6.06919e-05
2.83695e-06
-200
6.18067e-05
1.9566e-06
-200
6.35263e-05
1.30789e-06
-200
6.54521e-05
8.12371e-07
-200
6.54118e-05
5.07575e-07
-200
6.47343e-05
3.57472e-07
-200
6.42064e-05
2.25511e-07
-200
6.31942e-05
2.1804e-07
-200
6.22023e-05
5.59994e-08
-200
6.10477e-05
-4.95422e-08
-200
5.98776e-05
-2.91823e-07
-200
5.88236e-05
-4.95792e-07
-200
5.76953e-05
-7.46456e-07
-200
5.65468e-05
-8.57124e-07
-200
5.5282e-05
-7.68271e-07
5.40133e-05
-5.31521e-05
-200
-6.09716e-07
-200
6.13225e-05
2.78702e-06
-200
6.11409e-05
2.80409e-06
-200
6.25934e-05
1.87772e-06
-200
6.49111e-05
1.15935e-06
-200
6.70656e-05
6.7808e-07
-200
6.65694e-05
4.14209e-07
-200
6.58706e-05
2.05278e-07
-200
6.51002e-05
1.44938e-07
-200
6.40444e-05
2.45481e-08
-200
6.28808e-05
7.2646e-09
-200
6.16054e-05
-1.08582e-07
-200
6.03855e-05
-2.27895e-07
-200
5.92513e-05
-4.63677e-07
-200
5.81204e-05
-5.37994e-07
-200
5.69871e-05
-6.77407e-07
-200
5.58023e-05
-8.35046e-07
5.46239e-05
-200
-6.75009e-07
-200
6.20413e-05
2.49553e-06
-200
6.16569e-05
2.94021e-06
-200
6.30299e-05
1.90112e-06
-200
6.58131e-05
1.15528e-06
-200
6.78289e-05
6.49848e-07
-200
6.69054e-05
3.59376e-07
-200
6.63686e-05
1.05781e-07
-200
6.5359e-05
3.94522e-08
-200
6.43309e-05
-2.39346e-08
-200
6.30298e-05
-6.41722e-08
-200
6.17e-05
-1.11163e-07
-200
6.04464e-05
-1.7879e-07
-200
5.92464e-05
-2.35362e-07
-200
5.82163e-05
-3.4825e-07
-200
5.71666e-05
-5.64583e-07
-200
5.59514e-05
-6.59782e-07
5.47372e-05
-2.87703e-07
-200
-200
6.25991e-05
2.37812e-06
-200
6.17343e-05
3.00132e-06
-200
6.31533e-05
1.95413e-06
-200
6.58633e-05
1.18912e-06
-200
6.75088e-05
6.30012e-07
-200
6.67684e-05
1.75989e-07
-200
6.6117e-05
-6.1795e-08
-200
6.51907e-05
-1.93736e-07
-200
6.41014e-05
-2.49152e-07
-200
6.27966e-05
-2.99668e-07
-200
6.14419e-05
-2.83876e-07
-200
6.01476e-05
-2.88678e-07
-200
5.89787e-05
-2.21399e-07
-200
5.78789e-05
-1.60203e-07
-200
5.68197e-05
-7.74872e-08
-200
5.57282e-05
-3.74076e-07
5.4539e-05
-2.9686e-07
-200
-200
6.19976e-05
2.61473e-06
-200
6.0758e-05
3.31798e-06
-200
6.2357e-05
2.19696e-06
-200
6.48555e-05
1.29686e-06
-200
6.62921e-05
6.55642e-07
-200
6.5938e-05
1.17771e-07
-200
6.51782e-05
-1.76912e-07
-200
6.44609e-05
-3.41924e-07
-200
6.33662e-05
-4.74153e-07
-200
6.2139e-05
-5.15494e-07
-200
6.0805e-05
-5.14903e-07
-200
5.948e-05
-3.88095e-07
-200
5.82899e-05
-1.30672e-07
-200
5.72436e-05
-6.87453e-08
-200
5.63256e-05
-1.82184e-07
-200
5.52577e-05
-3.12037e-07
5.41372e-05
-4.45918e-07
-200
-200
5.94225e-05
2.88411e-06
-200
5.84139e-05
3.78414e-06
-200
5.99348e-05
2.56481e-06
-200
6.28547e-05
1.48518e-06
-200
6.46078e-05
6.17299e-07
-200
6.426e-05
3.93127e-08
-200
6.38137e-05
-3.43232e-07
-200
6.32065e-05
-6.29736e-07
-200
6.22862e-05
-7.90264e-07
-200
6.11706e-05
-9.20326e-07
-200
5.98991e-05
-8.70096e-07
-200
5.85958e-05
-6.68583e-07
-200
5.73913e-05
-4.70179e-07
-200
5.62866e-05
9.52457e-09
-200
5.54377e-05
-4.26421e-08
-200
5.45683e-05
-3.70825e-07
5.35604e-05
-6.72782e-07
-200
-200
5.40815e-05
3.55364e-06
-200
5.39118e-05
4.74554e-06
-200
5.59594e-05
3.2474e-06
-200
5.95909e-05
1.99668e-06
-200
6.19883e-05
9.42018e-07
-200
6.18894e-05
2.06738e-07
-200
6.18892e-05
-3.64455e-07
-200
6.14228e-05
-7.21661e-07
-200
6.07559e-05
-9.88206e-07
-200
5.97655e-05
-1.09952e-06
-200
5.85516e-05
-1.02884e-06
-200
5.72803e-05
-7.90974e-07
-200
5.60347e-05
-3.65655e-07
-200
5.50015e-05
-1.23985e-07
-200
5.42398e-05
-1.60947e-07
-200
5.33098e-05
-7.37393e-08
5.24422e-05
-3.09015e-07
-200
-200
4.57793e-05
4.22754e-06
-200
4.76771e-05
5.57924e-06
-200
5.11223e-05
3.99891e-06
-200
5.52071e-05
2.53372e-06
-200
5.84894e-05
1.24577e-06
-200
5.92805e-05
2.0883e-07
-200
5.96716e-05
-4.98609e-07
-200
5.95145e-05
-9.5097e-07
-200
5.88859e-05
-1.23976e-06
-200
5.80494e-05
-1.34798e-06
-200
5.67932e-05
-1.22735e-06
-200
5.56563e-05
-8.85173e-07
-200
5.43921e-05
-6.53824e-07
-200
5.3466e-05
-3.54042e-07
-200
5.25554e-05
8.17397e-09
-200
5.17977e-05
-2.70038e-07
5.1292e-05
-4.06357e-07
-200
-200
3.60037e-05
4.92691e-06
-200
4.14778e-05
6.27732e-06
-200
4.67264e-05
4.25522e-06
-200
5.07629e-05
2.76772e-06
-200
5.51533e-05
1.36495e-06
-200
5.65009e-05
2.6246e-07
-200
5.73454e-05
-6.60041e-07
-200
5.72672e-05
-9.82243e-07
-200
5.66728e-05
-1.34019e-06
-200
5.58701e-05
-1.34228e-06
-200
5.4855e-05
-1.39429e-06
-200
5.37137e-05
-1.15936e-06
-200
5.27826e-05
-9.18143e-07
-200
5.16484e-05
-6.20889e-07
-200
5.0841e-05
-5.53092e-07
-200
5.02982e-05
-4.17746e-07
5.0044e-05
-3.29457e-07
-200
-200
2.90568e-05
5.77347e-06
-200
3.69775e-05
6.9411e-06
-200
4.41111e-05
4.61742e-06
-200
4.81973e-05
2.55492e-06
-200
5.30119e-05
1.07644e-06
-200
5.44018e-05
-3.54942e-09
-200
5.46394e-05
-3.70622e-07
-200
5.47703e-05
-1.06579e-06
-200
5.40809e-05
-1.24702e-06
-200
5.33105e-05
-1.39917e-06
-200
5.23824e-05
-1.33009e-06
-200
5.16418e-05
-1.32148e-06
-200
5.10013e-05
-1.27776e-06
-200
4.97497e-05
-9.48474e-07
-200
4.9128e-05
-7.67907e-07
-200
4.89518e-05
-5.47341e-07
4.85685e-05
9.90012e-08
-200
-200
2.79859e-05
7.30192e-06
-200
3.63838e-05
7.84703e-06
-200
4.37805e-05
5.18685e-06
-200
2.82931e-06
4.84893e-05
-200
1.31455e-06
5.15606e-05
-200
5.59493e-07
5.26881e-05
-200
-4.9303e-07
5.23118e-05
-200
-5.40858e-07
5.15982e-05
-200
-7.29249e-07
5.04393e-05
-200
-8.4472e-07
4.98278e-05
-200
-1.04235e-06
4.92914e-05
-200
-1.11688e-06
4.9248e-05
-200
-1.05975e-06
4.86032e-05
-200
-1.17701e-06
4.80394e-05
-200
-9.60583e-07
4.76805e-05
-200
8.94774e-08
4.74006e-05
-3.33518e-07
-200
4.79135e-05
-200
8.68103e-06
3.25478e-05
-200
9.09959e-06
3.96472e-05
6.58237e-06
-200
4.58872e-05
-200
6.9227e-06
7.31326e-06
-200
6.92233e-06
5.71351e-06
-200
6.46982e-06
3.70299e-06
-200
6.06804e-06
2.31902e-06
-200
5.65873e-06
1.6534e-06
-200
5.30404e-06
1.24454e-06
-200
5.03295e-06
1.18589e-06
-200
4.89102e-06
1.17301e-06
-200
4.86156e-06
1.41289e-06
-200
4.97396e-06
1.62431e-06
-200
5.21442e-06
1.83966e-06
-200
5.51434e-06
1.95215e-06
-200
5.68397e-06
1.88149e-06
-200
5.69634e-06
1.88805e-06
-200
5.58833e-06
1.9882e-06
5.38078e-06
2.3163e-06
-200
-200
1.42897e-05
7.3762e-06
-200
1.43743e-05
5.50333e-06
-200
1.35075e-05
3.30185e-06
-200
1.27057e-05
1.90757e-06
-200
1.19394e-05
1.07779e-06
-200
1.12701e-05
6.37527e-07
-200
1.07544e-05
5.24875e-07
-200
1.05104e-05
4.96118e-07
-200
1.05344e-05
5.70728e-07
-200
1.08267e-05
6.86687e-07
-200
1.1336e-05
7.37536e-07
-200
1.19299e-05
6.89082e-07
-200
1.22475e-05
5.33636e-07
-200
1.22928e-05
4.61911e-07
-200
1.2079e-05
6.35908e-07
1.16974e-05
8.52846e-07
-200
-200
2.12606e-05
7.2964e-06
-200
2.13789e-05
5.43717e-06
-200
2.01587e-05
3.23184e-06
-200
1.9028e-05
1.93092e-06
-200
1.79624e-05
1.12505e-06
-200
1.70678e-05
7.47165e-07
-200
1.63645e-05
6.68271e-07
-200
1.60705e-05
7.15556e-07
-200
1.61874e-05
8.14265e-07
-200
1.66746e-05
9.09808e-07
-200
1.74237e-05
9.30362e-07
-200
1.81901e-05
7.86082e-07
-200
1.86024e-05
6.0277e-07
-200
1.86369e-05
5.8212e-07
-200
1.83285e-05
7.34623e-07
1.77885e-05
9.63548e-07
-200
-200
2.77991e-05
7.17126e-06
-200
2.78779e-05
5.27209e-06
-200
2.63563e-05
3.11798e-06
-200
2.49541e-05
1.85403e-06
-200
2.36882e-05
1.11224e-06
-200
2.26643e-05
8.00685e-07
-200
2.19025e-05
7.76191e-07
-200
2.16393e-05
8.4127e-07
-200
2.18914e-05
9.7053e-07
-200
2.25886e-05
1.02927e-06
-200
2.35008e-05
9.47104e-07
-200
2.43169e-05
7.12061e-07
-200
2.47299e-05
5.65458e-07
-200
2.47145e-05
5.73724e-07
-200
2.43127e-05
6.82184e-07
2.36297e-05
9.37873e-07
-200
-200
3.38848e-05
7.12641e-06
-200
3.38381e-05
5.18467e-06
-200
3.20666e-05
3.08861e-06
-200
3.04654e-05
1.86141e-06
-200
2.90969e-05
1.20687e-06
-200
2.80057e-05
9.59676e-07
-200
2.72758e-05
9.65557e-07
-200
2.71315e-05
1.05712e-06
-200
2.75569e-05
1.17134e-06
-200
2.8428e-05
1.17334e-06
-200
2.9397e-05
9.77328e-07
-200
3.01695e-05
7.28574e-07
-200
3.05137e-05
5.58288e-07
-200
3.04245e-05
5.71085e-07
-200
2.99059e-05
6.88703e-07
2.90949e-05
9.7984e-07
-200
-200
3.95198e-05
6.94155e-06
-200
3.92979e-05
5.02458e-06
-200
3.73308e-05
2.98513e-06
-200
3.56244e-05
1.82936e-06
-200
3.42169e-05
1.23703e-06
-200
3.31284e-05
1.03742e-06
-200
3.2514e-05
1.02999e-06
-200
3.25306e-05
1.12249e-06
-200
3.31538e-05
1.17044e-06
-200
3.41155e-05
1.06005e-06
-200
3.50614e-05
7.43116e-07
-200
3.57696e-05
4.74852e-07
-200
3.59759e-05
3.93343e-07
-200
3.57782e-05
3.93464e-07
-200
3.51492e-05
5.37719e-07
3.41932e-05
7.1762e-07
-200
-200
4.46008e-05
6.87041e-06
-200
4.41775e-05
5.00722e-06
-200
4.20756e-05
3.02317e-06
-200
4.03453e-05
1.94966e-06
-200
3.89484e-05
1.40353e-06
-200
3.79391e-05
1.22636e-06
-200
3.7498e-05
1.20456e-06
-200
3.7702e-05
1.25196e-06
-200
3.84786e-05
1.18586e-06
-200
3.94348e-05
9.57577e-07
-200
4.03438e-05
6.00786e-07
-200
4.08345e-05
4.73318e-07
-200
4.09029e-05
4.27983e-07
-200
4.06016e-05
3.57618e-07
-200
3.98621e-05
4.89597e-07
3.87857e-05
7.07261e-07
-200
-200
4.90691e-05
6.68985e-06
-200
4.84827e-05
4.8778e-06
-200
4.63354e-05
3.00594e-06
-200
4.46441e-05
1.94762e-06
-200
4.33445e-05
1.45931e-06
-200
4.25058e-05
1.241e-06
-200
4.22782e-05
1.18125e-06
-200
4.27056e-05
1.125e-06
-200
4.35412e-05
9.23585e-07
-200
4.44458e-05
5.55434e-07
-200
4.51593e-05
3.65741e-07
-200
4.54079e-05
2.96626e-07
-200
4.53601e-05
1.36491e-07
-200
4.495e-05
1.15419e-07
-200
4.41168e-05
1.96579e-07
4.29684e-05
4.20333e-07
-200
-200
5.27481e-05
6.56001e-06
-200
5.20596e-05
4.88824e-06
-200
4.99666e-05
3.1378e-06
-200
4.84099e-05
2.12524e-06
-200
4.72963e-05
1.64561e-06
-200
4.67103e-05
1.39413e-06
-200
4.67403e-05
1.2677e-06
-200
4.73487e-05
1.03103e-06
-200
4.81543e-05
7.6039e-07
-200
4.89406e-05
4.28013e-07
-200
4.92918e-05
4.32778e-07
-200
4.93644e-05
2.73716e-07
-200
4.91615e-05
9.67553e-08
-200
4.86426e-05
6.82565e-08
-200
4.77342e-05
6.28108e-08
4.65554e-05
3.71507e-07
-200
-200
5.55964e-05
6.17635e-06
-200
5.49294e-05
4.74743e-06
-200
5.30403e-05
3.06479e-06
-200
5.17381e-05
2.13159e-06
-200
5.09259e-05
1.61441e-06
-200
5.06534e-05
1.31542e-06
-200
5.09857e-05
1.04967e-06
-200
5.16802e-05
7.2391e-07
-200
5.24371e-05
3.46246e-07
-200
5.28949e-05
2.80757e-07
-200
5.29731e-05
1.70613e-07
-200
5.28406e-05
-4.01853e-08
-200
5.2462e-05
-2.11102e-07
-200
5.18227e-05
-3.49852e-07
-200
5.08568e-05
-2.42374e-07
4.96451e-05
-1.11364e-07
-200
-200
5.75255e-05
5.91343e-06
-200
5.70122e-05
4.75536e-06
-200
5.54817e-05
3.16417e-06
-200
5.45448e-05
2.27025e-06
-200
5.41401e-05
1.72779e-06
-200
5.42402e-05
1.37528e-06
-200
5.48318e-05
9.33967e-07
-200
5.55416e-05
6.11207e-07
-200
5.61105e-05
3.52042e-07
-200
5.6186e-05
3.59314e-07
-200
5.60305e-05
2.07819e-07
-200
5.56456e-05
-1.11644e-07
-200
5.50634e-05
-2.68715e-07
-200
5.42809e-05
-4.11332e-07
-200
5.32671e-05
-3.46172e-07
5.2068e-05
-2.05722e-07
-200
-200
5.86721e-05
5.49744e-06
-200
5.84805e-05
4.58817e-06
-200
5.74358e-05
3.10091e-06
-200
5.7017e-05
2.17602e-06
-200
5.70732e-05
1.59702e-06
-200
5.75969e-05
1.07089e-06
-200
5.83502e-05
6.72475e-07
-200
5.90192e-05
3.02331e-07
-200
5.92418e-05
2.56458e-07
-200
5.90674e-05
1.00055e-07
-200
5.86151e-05
-1.5303e-07
-200
5.79458e-05
-3.41152e-07
-200
5.71267e-05
-6.12765e-07
-200
5.61945e-05
-7.29084e-07
-200
5.51425e-05
-7.47082e-07
5.39869e-05
-6.26401e-07
-200
-200
5.91822e-05
5.23937e-06
-200
5.93577e-05
4.64218e-06
-200
5.89089e-05
3.18092e-06
-200
5.90934e-05
2.24383e-06
-200
5.96488e-05
1.58606e-06
-200
6.0542e-05
1.01831e-06
-200
6.13756e-05
6.29452e-07
-200
6.1879e-05
3.71745e-07
-200
6.18116e-05
2.51094e-07
-200
6.13644e-05
1.92297e-07
-200
6.06e-05
-8.13955e-08
-200
5.96408e-05
-2.94963e-07
-200
5.85798e-05
-6.1202e-07
-200
5.74918e-05
-7.49477e-07
-200
5.6367e-05
-8.38398e-07
5.52784e-05
-6.89708e-07
-200
-200
5.93836e-05
4.84701e-06
-200
5.99311e-05
4.58931e-06
-200
6.01546e-05
3.09169e-06
-200
6.09074e-05
2.11423e-06
-200
6.20035e-05
1.30409e-06
-200
6.31263e-05
7.79967e-07
-200
6.39874e-05
3.53645e-07
-200
6.422e-05
2.38517e-07
-200
6.39582e-05
7.84811e-08
-200
6.32509e-05
-1.3572e-07
-200
6.2216e-05
-2.2843e-07
-200
6.1015e-05
-5.2529e-07
-200
5.97328e-05
-7.93451e-07
-200
5.84864e-05
-1.03207e-06
-200
5.72989e-05
-1.10167e-06
5.62072e-05
-1.14172e-06
-200
-200
5.95579e-05
4.81858e-06
-200
6.03826e-05
4.72932e-06
-200
6.10878e-05
3.18551e-06
-200
6.23447e-05
2.10821e-06
-200
6.38688e-05
1.2687e-06
-200
6.51178e-05
7.27431e-07
-200
6.58677e-05
4.47822e-07
-200
6.59411e-05
1.83171e-07
-200
6.54816e-05
1.6254e-07
-200
6.45614e-05
4.5497e-10
-200
6.33364e-05
-1.04781e-07
-200
6.19601e-05
-3.68312e-07
-200
6.05343e-05
-6.25912e-07
-200
5.91635e-05
-8.90506e-07
-200
5.77721e-05
-9.63548e-07
5.66514e-05
-9.2743e-07
-200
-200
6.00824e-05
4.57649e-06
-200
6.08686e-05
4.88649e-06
-200
6.17289e-05
3.14733e-06
-200
6.34229e-05
1.94369e-06
-200
6.51439e-05
1.07367e-06
-200
6.6535e-05
4.87231e-07
-200
6.71404e-05
1.48582e-07
-200
6.70798e-05
2.78461e-08
-200
6.6475e-05
-1.0449e-07
-200
6.54347e-05
-1.4004e-07
-200
6.41071e-05
-2.64789e-07
-200
6.26396e-05
-4.25325e-07
-200
6.11631e-05
-6.64315e-07
-200
5.96827e-05
-7.46066e-07
-200
5.82953e-05
-9.24076e-07
5.71309e-05
-1.21267e-06
-200
-200
6.07583e-05
4.54314e-06
-200
6.11278e-05
5.25429e-06
-200
6.19586e-05
3.36591e-06
-200
6.37969e-05
2.03382e-06
-200
6.56267e-05
1.10192e-06
-200
6.70187e-05
5.77254e-07
-200
6.75403e-05
1.57721e-07
-200
6.74165e-05
3.69105e-08
-200
6.67396e-05
-4.56438e-08
-200
6.56561e-05
-1.02706e-07
-200
6.42838e-05
-1.63418e-07
-200
6.2802e-05
-2.50502e-07
-200
6.13728e-05
-3.32875e-07
-200
5.99946e-05
-4.84739e-07
-200
5.86978e-05
-6.14778e-07
-200
5.75452e-05
-6.4595e-07
5.64005e-05
-5.59845e-05
-200
-3.49751e-07
-200
6.12877e-05
4.28536e-06
-200
6.09987e-05
5.40535e-06
-200
6.17587e-05
3.37657e-06
-200
6.35035e-05
1.95901e-06
-200
6.54781e-05
9.18575e-07
-200
6.67993e-05
2.56789e-07
-200
6.72897e-05
-1.09535e-07
-200
6.71596e-05
-3.06283e-07
-200
6.65041e-05
-4.10724e-07
-200
6.54391e-05
-4.92374e-07
-200
6.41061e-05
-5.06192e-07
-200
6.26974e-05
-5.22463e-07
-200
6.14158e-05
-4.93318e-07
-200
6.02308e-05
-3.98707e-07
-200
5.94224e-05
-4.34446e-07
-200
5.84036e-05
-1.02135e-06
5.67544e-05
-3.20345e-07
-200
-200
6.07711e-05
4.58551e-06
-200
6.00993e-05
5.73089e-06
-200
6.0678e-05
3.64017e-06
-200
6.2424e-05
2.10911e-06
-200
6.44299e-05
1.02154e-06
-200
6.57594e-05
2.64597e-07
-200
6.6302e-05
-2.00609e-07
-200
6.6241e-05
-4.63275e-07
-200
6.56721e-05
-6.70284e-07
-200
6.46954e-05
-7.84305e-07
-200
6.34652e-05
-7.89405e-07
-200
6.22135e-05
-6.7849e-07
-200
6.11659e-05
-4.64288e-07
-200
6.02212e-05
-4.5882e-07
-200
5.98429e-05
-6.54669e-07
-200
5.87953e-05
-6.99432e-07
5.67241e-05
-8.09716e-07
-200
-200
5.85379e-05
4.93174e-06
-200
5.77832e-05
6.42308e-06
-200
5.85755e-05
4.08064e-06
-200
6.05489e-05
2.30992e-06
-200
6.26154e-05
1.05304e-06
-200
6.40657e-05
1.4047e-07
-200
6.47656e-05
-4.57018e-07
-200
6.48207e-05
-8.86601e-07
-200
6.43872e-05
-1.1721e-06
-200
6.35335e-05
-1.35892e-06
-200
6.24386e-05
-1.31152e-06
-200
6.13779e-05
-1.10901e-06
-200
6.04218e-05
-8.19907e-07
-200
5.99084e-05
-3.99942e-07
-200
5.96581e-05
-6.36538e-07
-200
5.83747e-05
-7.79761e-07
5.6095e-05
-8.70159e-07
-200
-200
5.38524e-05
6.065e-06
-200
5.36112e-05
7.90147e-06
-200
5.54044e-05
5.10739e-06
-200
5.77458e-05
3.07561e-06
-200
6.00422e-05
1.57395e-06
-200
6.16974e-05
4.8146e-07
-200
6.25155e-05
-3.09515e-07
-200
6.27147e-05
-8.67365e-07
-200
6.24383e-05
-1.24904e-06
-200
6.17049e-05
-1.42361e-06
-200
6.07446e-05
-1.32286e-06
-200
5.97689e-05
-9.84899e-07
-200
5.89825e-05
-4.39215e-07
-200
5.85362e-05
-2.08522e-07
-200
5.80969e-05
7.0819e-08
-200
5.67306e-05
-1.46136e-08
5.49032e-05
-5.17008e-07
-200
-200
4.66961e-05
7.06231e-06
-200
4.81884e-05
9.0789e-06
-200
5.17747e-05
5.97111e-06
-200
5.47036e-05
3.49228e-06
-200
5.74018e-05
1.69558e-06
-200
5.90254e-05
4.22041e-07
-200
6.00051e-05
-5.84743e-07
-200
6.03131e-05
-1.24538e-06
-200
6.01202e-05
-1.65765e-06
-200
5.95474e-05
-1.83811e-06
-200
5.8752e-05
-1.72953e-06
-200
5.78122e-05
-1.23289e-06
-200
5.7221e-05
-9.19242e-07
-200
5.65027e-05
-2.86964e-07
-200
5.59535e-05
-1.60349e-08
-200
5.44113e-05
-3.47026e-07
5.3453e-05
-5.30207e-07
-200
-200
3.82569e-05
8.25487e-06
-200
4.26124e-05
1.01798e-05
-200
4.81103e-05
6.652e-06
-200
5.18533e-05
3.86011e-06
-200
5.48603e-05
1.87573e-06
-200
5.64783e-05
3.8164e-07
-200
5.72373e-05
-7.06698e-07
-200
5.77027e-05
-1.36894e-06
-200
5.75344e-05
-1.84022e-06
-200
5.70238e-05
-1.93723e-06
-200
5.6313e-05
-1.87357e-06
-200
5.55215e-05
-1.53954e-06
-200
5.47377e-05
-1.07346e-06
-200
5.39684e-05
-6.57371e-07
-200
5.29802e-05
-4.24436e-07
-200
5.21145e-05
-3.93348e-07
5.18033e-05
-4.68597e-07
-200
-200
3.17602e-05
9.77185e-06
-200
3.84954e-05
1.15149e-05
-200
4.52948e-05
7.45567e-06
-200
4.97465e-05
4.03685e-06
-200
5.28861e-05
1.82289e-06
-200
5.41629e-05
2.4678e-07
-200
5.512e-05
-7.97552e-07
-200
5.50459e-05
-1.54478e-06
-200
5.46366e-05
-1.76224e-06
-200
5.42123e-05
-2.03659e-06
-200
5.36286e-05
-2.00705e-06
-200
5.29789e-05
-1.892e-06
-200
5.20565e-05
-1.64102e-06
-200
5.11683e-05
-1.2691e-06
-200
5.03782e-05
-9.44123e-07
-200
5.01704e-05
-7.19154e-07
5.00534e-05
-3.14819e-08
-200
-200
3.00999e-05
1.23677e-05
-200
3.7047e-05
1.333e-05
-200
4.44913e-05
8.52089e-06
-200
4.9185e-05
4.73763e-06
-200
5.1685e-05
2.24584e-06
-200
5.2786e-05
7.85705e-07
-200
-2.66694e-07
5.28317e-05
-200
-5.76559e-07
5.19431e-05
-200
-1.17207e-06
5.12749e-05
-200
-1.27936e-06
5.08745e-05
-200
-1.45071e-06
5.03667e-05
-200
-1.53087e-06
4.99328e-05
-200
-1.61097e-06
4.93963e-05
-200
-1.50904e-06
4.85222e-05
-200
-1.14405e-06
4.79954e-05
-200
-6.93518e-08
4.81731e-05
2.34696e-07
-200
4.83399e-05
-200
1.45523e-05
3.35314e-05
-200
1.52569e-05
3.92965e-05
-200
1.00778e-05
4.64386e-05
-200
5.36604e-06
-3.33379e-06
5.0557e-05
-200
2.4044e-06
-1.21426e-06
5.15389e-05
1.05048e-06
-3.48999e-07
-200
5.21628e-05
-200
6.84975e-06
6.78658e-06
-200
6.89924e-06
5.40761e-06
-200
6.50818e-06
3.61822e-06
-200
6.14816e-06
2.33952e-06
-200
5.8328e-06
1.68355e-06
-200
5.56663e-06
1.30556e-06
-200
5.37787e-06
1.23671e-06
-200
5.24617e-06
1.25332e-06
-200
5.2917e-06
1.42161e-06
-200
5.4257e-06
1.63488e-06
-200
5.64012e-06
1.81674e-06
-200
5.88147e-06
1.93343e-06
-200
6.01782e-06
1.94303e-06
-200
6.01825e-06
1.99182e-06
-200
5.9095e-06
2.10573e-06
5.72674e-06
2.30691e-06
-200
-200
1.40436e-05
6.87467e-06
-200
1.41309e-05
5.23455e-06
-200
1.33446e-05
3.27281e-06
-200
1.26262e-05
1.96456e-06
-200
1.19981e-05
1.16369e-06
-200
1.14834e-05
7.52429e-07
-200
1.11063e-05
6.34928e-07
-200
1.08909e-05
6.17129e-07
-200
1.0959e-05
6.8325e-07
-200
1.12384e-05
7.79941e-07
-200
1.16453e-05
8.25531e-07
-200
1.20839e-05
8.06436e-07
-200
1.23163e-05
7.3242e-07
-200
1.22993e-05
7.29588e-07
-200
1.20797e-05
8.3911e-07
1.17045e-05
1.03254e-06
-200
-200
2.09367e-05
6.81088e-06
-200
2.10314e-05
5.16795e-06
-200
1.98909e-05
3.23234e-06
-200
1.88784e-05
1.96948e-06
-200
1.79942e-05
1.21006e-06
-200
1.72967e-05
8.49184e-07
-200
1.67833e-05
7.64135e-07
-200
1.65584e-05
7.91828e-07
-200
1.66893e-05
8.82122e-07
-200
1.7104e-05
9.57851e-07
-200
1.76805e-05
9.63408e-07
-200
1.82244e-05
8.82568e-07
-200
1.84787e-05
7.88315e-07
-200
1.84354e-05
7.78693e-07
-200
1.81004e-05
8.89362e-07
1.75616e-05
1.09922e-06
-200
-200
2.74462e-05
6.68032e-06
-200
2.74981e-05
5.02827e-06
-200
2.60638e-05
3.13442e-06
-200
2.48121e-05
1.91837e-06
-200
2.37504e-05
1.21638e-06
-200
2.29321e-05
9.11228e-07
-200
2.23669e-05
8.56547e-07
-200
2.21836e-05
9.11412e-07
-200
2.24151e-05
1.00617e-06
-200
2.29532e-05
1.04622e-06
-200
2.3634e-05
9.83169e-07
-200
2.4184e-05
8.44255e-07
-200
2.44187e-05
7.25984e-07
-200
2.43223e-05
7.20007e-07
-200
2.38764e-05
8.23049e-07
2.31967e-05
1.00485e-06
-200
-200
3.3526e-05
6.65325e-06
-200
3.34854e-05
4.97271e-06
-200
3.182e-05
3.11313e-06
-200
3.03959e-05
1.9462e-06
-200
2.92397e-05
1.3125e-06
-200
2.83586e-05
1.05878e-06
-200
2.78196e-05
1.03025e-06
-200
2.77288e-05
1.09849e-06
-200
2.8073e-05
1.17325e-06
-200
2.87129e-05
1.15826e-06
-200
2.94182e-05
1.02575e-06
-200
2.99083e-05
8.47496e-07
-200
3.00764e-05
6.71313e-07
-200
2.9897e-05
6.80398e-07
-200
2.93359e-05
8.09395e-07
2.8525e-05
1.02753e-06
-200
-200
3.91306e-05
6.49964e-06
-200
3.89745e-05
4.81864e-06
-200
3.71354e-05
3.01124e-06
-200
3.56195e-05
1.9048e-06
-200
3.44237e-05
1.33029e-06
-200
3.35552e-05
1.10647e-06
-200
3.30976e-05
1.07858e-06
-200
3.31287e-05
1.12808e-06
-200
3.35799e-05
1.14349e-06
-200
3.4265e-05
1.04892e-06
-200
3.489e-05
8.54094e-07
-200
3.53026e-05
5.60899e-07
-200
3.53727e-05
4.66955e-07
-200
3.50924e-05
4.97e-07
-200
3.443e-05
5.98398e-07
3.34789e-05
7.59002e-07
-200
-200
4.41678e-05
6.47489e-06
-200
4.39066e-05
4.82484e-06
-200
4.19616e-05
3.06488e-06
-200
4.04264e-05
2.02535e-06
-200
3.92506e-05
1.49835e-06
-200
3.8466e-05
1.29046e-06
-200
3.81341e-05
1.2473e-06
-200
3.82921e-05
1.25002e-06
-200
3.88129e-05
1.18737e-06
-200
3.94674e-05
1.02488e-06
-200
3.99793e-05
7.05106e-07
-200
4.02601e-05
5.5234e-07
-200
4.02168e-05
5.02163e-07
-200
3.98278e-05
4.65359e-07
-200
3.90563e-05
5.67047e-07
3.79914e-05
7.75914e-07
-200
-200
4.85785e-05
6.25397e-06
-200
4.82659e-05
4.68327e-06
-200
4.62959e-05
2.99886e-06
-200
4.48027e-05
2.00664e-06
-200
4.37345e-05
1.50388e-06
-200
4.30846e-05
1.27295e-06
-200
4.29133e-05
1.17544e-06
-200
4.31929e-05
1.08933e-06
-200
4.37277e-05
9.33433e-07
-200
4.42566e-05
6.50984e-07
-200
4.46337e-05
4.1853e-07
-200
4.47535e-05
3.23532e-07
-200
4.45859e-05
1.83111e-07
-200
4.40886e-05
1.73806e-07
-200
4.32293e-05
2.54503e-07
4.20881e-05
4.02676e-07
-200
-200
5.22112e-05
6.1774e-06
-200
5.19361e-05
4.73548e-06
-200
5.00598e-05
3.11961e-06
-200
4.87054e-05
2.17616e-06
-200
4.78129e-05
1.68558e-06
-200
4.73495e-05
1.42173e-06
-200
4.7353e-05
1.25594e-06
-200
4.76954e-05
1.0754e-06
-200
4.81815e-05
8.58613e-07
-200
4.85637e-05
5.14373e-07
-200
4.87464e-05
4.84056e-07
-200
4.87047e-05
2.95088e-07
-200
4.83896e-05
1.71739e-07
-200
4.77794e-05
1.49092e-07
-200
4.68142e-05
2.13799e-07
4.5643e-05
4.134e-07
-200
-200
5.50265e-05
5.8327e-06
-200
5.49121e-05
4.57706e-06
-200
5.32544e-05
3.03281e-06
-200
5.21562e-05
2.12507e-06
-200
5.15111e-05
1.61342e-06
-200
5.12853e-05
1.28547e-06
-200
5.14558e-05
1.02468e-06
-200
5.1829e-05
7.61129e-07
-200
5.21989e-05
4.11178e-07
-200
5.23963e-05
2.95617e-07
-200
5.23656e-05
1.30248e-07
-200
5.2139e-05
-4.08843e-08
-200
5.16463e-05
-1.61065e-07
-200
5.08954e-05
-2.16279e-07
-200
4.98942e-05
-1.72609e-07
4.86888e-05
-6.9485e-08
-200
-200
5.69813e-05
5.68012e-06
-200
5.71467e-05
4.64053e-06
-200
5.58462e-05
3.1498e-06
-200
5.51179e-05
2.26416e-06
-200
5.47832e-05
1.73109e-06
-200
5.48368e-05
1.34304e-06
-200
5.51094e-05
1.01274e-06
-200
5.54933e-05
6.8337e-07
-200
5.56984e-05
4.08166e-07
-200
5.56761e-05
3.66281e-07
-200
5.54541e-05
1.43566e-07
-200
5.49608e-05
-8.24329e-09
-200
5.42866e-05
-1.51689e-07
-200
5.34068e-05
-2.37645e-07
-200
5.23602e-05
-2.11611e-07
5.11516e-05
-6.13722e-08
-200
-200
5.8219e-05
5.27635e-06
-200
5.87633e-05
4.47638e-06
-200
5.79612e-05
3.02239e-06
-200
5.76626e-05
2.12439e-06
-200
5.77059e-05
1.53378e-06
-200
5.79987e-05
1.07272e-06
-200
5.83981e-05
6.98416e-07
-200
5.87114e-05
3.21911e-07
-200
5.87454e-05
2.2004e-07
-200
5.85115e-05
-1.27758e-08
-200
5.80253e-05
-1.54849e-07
-200
5.73165e-05
-3.22947e-07
-200
5.64304e-05
-5.085e-07
-200
5.54288e-05
-6.22343e-07
-200
5.43271e-05
-6.34844e-07
5.31489e-05
-5.77674e-07
-200
-200
5.88414e-05
5.16465e-06
-200
5.98271e-05
4.60516e-06
-200
5.96034e-05
3.13546e-06
-200
5.97562e-05
2.2102e-06
-200
6.02095e-05
1.56399e-06
-200
6.06979e-05
1.08935e-06
-200
6.11919e-05
6.77433e-07
-200
6.13822e-05
4.04493e-07
-200
6.12534e-05
2.30987e-07
-200
6.08427e-05
9.65912e-08
-200
6.00931e-05
-4.33983e-08
-200
5.91565e-05
-2.16543e-07
-200
5.80571e-05
-4.33768e-07
-200
5.69124e-05
-5.69772e-07
-200
5.57017e-05
-6.05423e-07
5.45097e-05
-4.99491e-07
-200
-200
5.91354e-05
4.88434e-06
-200
6.06215e-05
4.5478e-06
-200
6.08893e-05
3.03106e-06
-200
6.15324e-05
2.01904e-06
-200
6.22922e-05
1.29581e-06
-200
6.3018e-05
7.65802e-07
-200
6.34917e-05
3.4711e-07
-200
6.35786e-05
1.91909e-07
-200
6.3304e-05
-4.01266e-08
-200
6.26761e-05
-1.42882e-07
-200
6.17646e-05
-2.61641e-07
-200
6.06356e-05
-4.61267e-07
-200
5.93875e-05
-6.88693e-07
-200
5.80807e-05
-8.44463e-07
-200
5.66386e-05
-8.96852e-07
5.53063e-05
-9.05579e-07
-200
-200
5.94425e-05
4.95229e-06
-200
6.11985e-05
4.8688e-06
-200
6.18117e-05
3.19973e-06
-200
6.28734e-05
2.08141e-06
-200
6.38625e-05
1.29005e-06
-200
6.47689e-05
7.26351e-07
-200
6.51933e-05
4.39897e-07
-200
6.51964e-05
1.42697e-07
-200
6.48218e-05
6.16395e-08
-200
6.4052e-05
-1.99915e-08
-200
6.30174e-05
-1.209e-07
-200
6.1792e-05
-3.13405e-07
-200
6.04726e-05
-5.197e-07
-200
5.89384e-05
-6.72976e-07
-200
5.73424e-05
-7.64416e-07
5.59819e-05
-7.33775e-07
-200
-200
6.00589e-05
4.86158e-06
-200
6.17092e-05
5.09301e-06
-200
6.24837e-05
3.20473e-06
-200
6.3681e-05
1.95563e-06
-200
6.49554e-05
1.02097e-06
-200
6.59032e-05
4.26712e-07
-200
6.63312e-05
5.76667e-08
-200
6.62849e-05
-1.16101e-07
-200
6.58248e-05
-1.99817e-07
-200
6.50172e-05
-2.66009e-07
-200
6.39456e-05
-3.71776e-07
-200
6.27386e-05
-5.24089e-07
-200
6.14017e-05
-7.00953e-07
-200
5.99513e-05
-8.78648e-07
-200
5.83391e-05
-9.42693e-07
5.67905e-05
-9.96529e-07
-200
-200
6.08237e-05
5.15656e-06
-200
6.19611e-05
5.67473e-06
-200
6.26837e-05
3.52665e-06
-200
6.38737e-05
2.08312e-06
-200
6.53393e-05
1.0763e-06
-200
6.63039e-05
5.44683e-07
-200
6.67412e-05
1.15667e-07
-200
6.66917e-05
-3.95997e-08
-200
6.62308e-05
-1.17759e-07
-200
6.54249e-05
-1.77842e-07
-200
6.43934e-05
-2.46224e-07
-200
6.32603e-05
-3.33462e-07
-200
6.20551e-05
-4.52448e-07
-200
6.0812e-05
-5.18054e-07
-200
5.94858e-05
-5.54724e-07
5.81791e-05
-6.11181e-07
-200
-200
6.14267e-05
4.8586e-06
-200
6.18325e-05
5.81719e-06
-200
6.22908e-05
3.49269e-06
-200
6.35402e-05
1.90671e-06
-200
6.49257e-05
9.03264e-07
-200
6.59963e-05
2.33812e-07
-200
6.64515e-05
-1.40011e-07
-200
6.64431e-05
-3.38014e-07
-200
6.6028e-05
-4.53809e-07
-200
6.52846e-05
-5.33158e-07
-200
6.43354e-05
-5.54513e-07
-200
6.33247e-05
-5.68151e-07
-200
6.23406e-05
-5.48451e-07
-200
6.14957e-05
-5.30148e-07
-200
6.07327e-05
-5.83129e-07
-200
5.96068e-05
-7.73531e-07
5.75434e-05
-5.67687e-05
-200
-4.50835e-07
-200
6.12946e-05
4.79496e-06
-200
6.09001e-05
6.03548e-06
-200
6.11934e-05
3.69707e-06
-200
6.2418e-05
2.08124e-06
-200
6.37718e-05
1.02769e-06
-200
6.49485e-05
2.96346e-07
-200
6.5466e-05
-1.53115e-07
-200
6.55475e-05
-4.33659e-07
-200
6.52099e-05
-6.23027e-07
-200
6.45694e-05
-7.38445e-07
-200
6.37327e-05
-7.31508e-07
-200
6.29162e-05
-6.54198e-07
-200
6.21305e-05
-5.03194e-07
-200
6.17046e-05
-5.64802e-07
-200
6.15339e-05
-7.12408e-07
-200
6.0369e-05
-8.55765e-07
5.76573e-05
-5.86136e-07
-200
-200
5.95519e-05
5.14129e-06
-200
5.87658e-05
6.56411e-06
-200
5.93045e-05
4.05078e-06
-200
6.05056e-05
2.2487e-06
-200
6.21036e-05
9.78573e-07
-200
6.3286e-05
1.53456e-07
-200
6.39658e-05
-4.38324e-07
-200
6.41295e-05
-8.51018e-07
-200
6.39209e-05
-1.1373e-06
-200
6.33689e-05
-1.29549e-06
-200
6.26775e-05
-1.25252e-06
-200
6.19843e-05
-1.04146e-06
-200
6.13878e-05
-7.84789e-07
-200
6.12382e-05
-6.10204e-07
-200
6.11721e-05
-5.00291e-07
-200
5.99965e-05
-7.29341e-07
5.73309e-05
-8.61975e-07
-200
-200
5.55684e-05
6.40028e-06
-200
5.52122e-05
8.01895e-06
-200
5.65572e-05
4.97657e-06
-200
5.81e-05
2.91828e-06
-200
5.99744e-05
1.46033e-06
-200
6.12459e-05
4.49017e-07
-200
6.2045e-05
-2.94048e-07
-200
6.22982e-05
-8.28234e-07
-200
6.21664e-05
-1.18046e-06
-200
6.17358e-05
-1.35118e-06
-200
6.11787e-05
-1.23047e-06
-200
6.04966e-05
-8.89805e-07
-200
6.01839e-05
-4.91184e-07
-200
5.9725e-05
-1.60568e-08
-200
5.96617e-05
6.21257e-08
-200
5.82728e-05
-1.54321e-07
5.63591e-05
-4.35229e-07
-200
-200
4.9307e-05
7.38978e-06
-200
5.05918e-05
9.10723e-06
-200
5.32898e-05
5.6888e-06
-200
5.55676e-05
3.19448e-06
-200
5.76536e-05
1.50583e-06
-200
5.91114e-05
2.96781e-07
-200
5.98703e-05
-6.02058e-07
-200
6.01134e-05
-1.20566e-06
-200
6.01065e-05
-1.64303e-06
-200
5.9726e-05
-1.79174e-06
-200
5.92328e-05
-1.65916e-06
-200
5.8644e-05
-1.25841e-06
-200
5.8136e-05
-7.44197e-07
-200
5.77194e-05
-3.03087e-07
-200
5.6962e-05
-2.17226e-07
-200
5.59456e-05
-6.00922e-07
5.4909e-05
-7.22139e-07
-200
-200
4.19132e-05
8.50793e-06
-200
4.55846e-05
1.03865e-05
-200
4.99861e-05
6.40824e-06
-200
5.31419e-05
3.59723e-06
-200
5.55194e-05
1.67481e-06
-200
5.69188e-05
3.59056e-07
-200
5.75229e-05
-6.42129e-07
-200
5.77417e-05
-1.32118e-06
-200
5.76865e-05
-1.7364e-06
-200
5.73597e-05
-1.88634e-06
-200
5.67599e-05
-1.74453e-06
-200
5.63003e-05
-1.46587e-06
-200
5.55679e-05
-1.01667e-06
-200
5.49494e-05
-6.58625e-07
-200
5.3932e-05
-6.46498e-07
-200
5.33533e-05
-5.92479e-07
5.26117e-05
-4.43112e-07
-200
-200
3.59441e-05
1.0218e-05
-200
4.17191e-05
1.16924e-05
-200
4.75641e-05
7.12023e-06
-200
5.1451e-05
3.7763e-06
-200
5.3887e-05
1.64019e-06
-200
5.51147e-05
1.92573e-07
-200
5.53584e-05
-8.03173e-07
-200
5.54258e-05
-1.50231e-06
-200
5.54307e-05
-1.94893e-06
-200
5.48608e-05
-2.13974e-06
-200
5.41781e-05
-2.11888e-06
-200
5.34803e-05
-1.86351e-06
-200
5.28565e-05
-1.76136e-06
-200
5.19397e-05
-1.54204e-06
-200
5.12152e-05
-1.17877e-06
-200
5.0834e-05
-8.78807e-07
5.08221e-05
-4.42053e-07
-200
-200
3.39448e-05
1.27451e-05
-200
4.00381e-05
1.37657e-05
-200
4.65445e-05
8.37176e-06
-200
5.08103e-05
4.59959e-06
-200
5.29744e-05
2.22134e-06
-200
5.37301e-05
7.5032e-07
-200
5.35139e-05
-3.49289e-08
-200
5.32608e-05
-5.75055e-07
-200
-1.05241e-06
5.27516e-05
-200
-1.23774e-06
5.18739e-05
-200
-1.21486e-06
5.11156e-05
-200
-1.49315e-06
5.03773e-05
-200
-1.4424e-06
4.95255e-05
-200
-1.25144e-06
4.88035e-05
-200
-8.6562e-07
4.80491e-05
-200
-1.14146e-07
4.8505e-05
6.23096e-07
-200
4.8449e-05
-200
1.50024e-05
3.61772e-05
-200
1.54661e-05
4.17787e-05
-200
9.55328e-06
4.78445e-05
-200
5.21072e-06
5.15108e-05
-200
2.49777e-06
5.28778e-05
-200
1.22905e-06
5.28738e-05
-200
2.57668e-07
-3.29155e-07
5.23856e-05
9.84783e-08
1.21019e-07
-200
5.10769e-05
-200
6.78923e-06
3.98655e-06
-200
6.87742e-06
3.24372e-06
-200
6.5331e-06
2.24643e-06
-200
6.21159e-06
1.56223e-06
-200
5.96543e-06
1.15827e-06
-200
5.7669e-06
9.62321e-07
-200
5.63331e-06
9.35446e-07
-200
5.56668e-06
9.77609e-07
-200
5.61967e-06
1.08419e-06
-200
5.75818e-06
1.22467e-06
-200
5.94457e-06
1.34979e-06
-200
6.13061e-06
1.44735e-06
-200
6.24399e-06
1.50401e-06
-200
6.23585e-06
1.56672e-06
-200
6.14241e-06
1.6362e-06
5.93664e-06
1.70415e-06
-200
-200
1.38506e-05
4.06381e-06
-200
1.39503e-05
3.16533e-06
-200
1.32277e-05
2.07219e-06
-200
1.25915e-05
1.33678e-06
-200
1.20634e-05
8.87696e-07
-200
1.16588e-05
6.64478e-07
-200
1.13866e-05
6.06455e-07
-200
1.12554e-05
6.24899e-07
-200
1.13248e-05
6.85719e-07
-200
1.15559e-05
7.58428e-07
-200
1.18764e-05
8.11255e-07
-200
1.21859e-05
8.33557e-07
-200
1.236e-05
8.41558e-07
-200
1.23236e-05
8.77805e-07
-200
1.21033e-05
9.34369e-07
1.17262e-05
1.01099e-06
-200
-200
2.068e-05
4.02702e-06
-200
2.07695e-05
3.11503e-06
-200
1.97124e-05
2.0334e-06
-200
1.88013e-05
1.31908e-06
-200
1.80511e-05
8.94179e-07
-200
1.74897e-05
6.98448e-07
-200
1.71212e-05
6.58769e-07
-200
1.698e-05
6.93608e-07
-200
1.70971e-05
7.63104e-07
-200
1.74188e-05
8.25329e-07
-200
1.78456e-05
8.52047e-07
-200
1.82301e-05
8.42266e-07
-200
1.84177e-05
8.30294e-07
-200
1.83335e-05
8.54615e-07
-200
1.79873e-05
9.15522e-07
1.74593e-05
1.00832e-06
-200
-200
2.71484e-05
3.95477e-06
-200
2.71982e-05
3.03695e-06
-200
2.58587e-05
1.98279e-06
-200
2.47266e-05
1.29841e-06
-200
2.38184e-05
9.09146e-07
-200
2.31506e-05
7.45413e-07
-200
2.27423e-05
7.23558e-07
-200
2.26298e-05
7.72175e-07
-200
2.2813e-05
8.41385e-07
-200
2.32144e-05
8.83266e-07
-200
2.37022e-05
8.74056e-07
-200
2.41053e-05
8.28667e-07
-200
2.42578e-05
7.93345e-07
-200
2.40972e-05
8.17077e-07
-200
2.3628e-05
8.67959e-07
2.29488e-05
9.37993e-07
-200
-200
3.32205e-05
3.93885e-06
-200
3.32137e-05
3.00383e-06
-200
3.16509e-05
1.96336e-06
-200
3.03644e-05
1.30667e-06
-200
2.93621e-05
9.53286e-07
-200
2.86518e-05
8.15076e-07
-200
2.82615e-05
8.06024e-07
-200
2.82087e-05
8.58423e-07
-200
2.84661e-05
9.12291e-07
-200
2.8924e-05
9.20681e-07
-200
2.94246e-05
8.68917e-07
-200
2.97934e-05
7.90629e-07
-200
2.98402e-05
7.38881e-07
-200
2.9585e-05
7.55281e-07
-200
2.90046e-05
8.20128e-07
2.81922e-05
9.2126e-07
-200
-200
3.87992e-05
3.84226e-06
-200
3.87251e-05
2.90968e-06
-200
3.69984e-05
1.90278e-06
-200
3.56206e-05
1.28206e-06
-200
3.45845e-05
9.61321e-07
-200
3.38941e-05
8.37076e-07
-200
3.35582e-05
8.30399e-07
-200
3.35806e-05
8.68231e-07
-200
3.38956e-05
8.88101e-07
-200
3.43688e-05
8.50221e-07
-200
3.48248e-05
7.57385e-07
-200
3.50579e-05
6.49583e-07
-200
3.50063e-05
5.97334e-07
-200
3.46595e-05
6.19894e-07
-200
3.39656e-05
6.63812e-07
3.30205e-05
7.25526e-07
-200
-200
4.38316e-05
3.83815e-06
-200
4.37314e-05
2.91644e-06
-200
4.19112e-05
1.93092e-06
-200
4.05176e-05
1.34172e-06
-200
3.95194e-05
1.04474e-06
-200
3.89008e-05
9.24887e-07
-200
3.86507e-05
9.07446e-07
-200
3.87496e-05
9.15053e-07
-200
3.9095e-05
8.89348e-07
-200
3.95348e-05
8.06878e-07
-200
3.98566e-05
6.82624e-07
-200
3.9971e-05
5.84607e-07
-200
3.983e-05
5.41997e-07
-200
3.93583e-05
5.49035e-07
-200
3.85494e-05
6.0532e-07
3.75051e-05
7.12513e-07
-200
-200
4.81886e-05
3.68801e-06
-200
4.81187e-05
2.82201e-06
-200
4.62911e-05
1.87832e-06
-200
4.49603e-05
1.3168e-06
-200
4.40613e-05
1.02914e-06
-200
4.35484e-05
8.95154e-07
-200
4.33975e-05
8.44029e-07
-200
4.3553e-05
8.00635e-07
-200
4.38838e-05
7.19422e-07
-200
4.42178e-05
5.94585e-07
-200
4.43856e-05
4.71239e-07
-200
4.43771e-05
3.81646e-07
-200
4.40955e-05
3.2954e-07
-200
4.35074e-05
3.37884e-07
-200
4.26066e-05
3.71889e-07
4.14788e-05
4.24118e-07
-200
-200
5.18134e-05
3.66055e-06
-200
5.18809e-05
2.86294e-06
-200
5.01682e-05
1.94291e-06
-200
4.89922e-05
1.40245e-06
-200
4.82519e-05
1.11763e-06
-200
4.78806e-05
9.62159e-07
-200
4.78341e-05
8.70007e-07
-200
4.80214e-05
7.74347e-07
-200
4.83024e-05
6.51629e-07
-200
4.84614e-05
5.11498e-07
-200
4.85114e-05
4.12693e-07
-200
4.83305e-05
3.26408e-07
-200
4.79023e-05
2.7665e-07
-200
4.71995e-05
2.70826e-07
-200
4.62162e-05
3.15882e-07
4.50426e-05
4.17638e-07
-200
-200
5.46144e-05
3.44615e-06
-200
5.49272e-05
2.75351e-06
-200
5.34479e-05
1.87331e-06
-200
5.25132e-05
1.34616e-06
-200
5.19824e-05
1.0479e-06
-200
5.17749e-05
8.5355e-07
-200
5.18207e-05
7.08346e-07
-200
5.2008e-05
5.59627e-07
-200
5.21619e-05
4.00311e-07
-200
5.21814e-05
2.7844e-07
-200
5.20406e-05
1.77529e-07
-200
5.16822e-05
9.24452e-08
-200
5.11007e-05
3.24441e-08
-200
5.02822e-05
1.80539e-08
-200
4.92377e-05
2.91155e-08
4.80232e-05
6.57628e-08
-200
-200
5.66472e-05
3.39506e-06
-200
5.73182e-05
2.81167e-06
-200
5.62041e-05
1.94032e-06
-200
5.55909e-05
1.41803e-06
-200
5.53252e-05
1.1033e-06
-200
5.52969e-05
8.74768e-07
-200
5.54256e-05
6.91893e-07
-200
5.55807e-05
5.14258e-07
-200
5.55953e-05
3.58505e-07
-200
5.54818e-05
2.56898e-07
-200
5.51301e-05
1.60529e-07
-200
5.45834e-05
7.7415e-08
-200
5.38334e-05
8.85464e-09
-200
5.28989e-05
-3.05349e-08
-200
5.17891e-05
-1.14193e-08
5.05712e-05
7.8631e-08
-200
-200
5.79546e-05
3.15814e-06
-200
5.9057e-05
2.70093e-06
-200
5.83872e-05
1.8447e-06
-200
5.81541e-05
1.30943e-06
-200
5.81759e-05
9.62585e-07
-200
5.83263e-05
6.98e-07
-200
5.85233e-05
4.84019e-07
-200
5.86023e-05
2.85329e-07
-200
5.85194e-05
1.45504e-07
-200
5.81976e-05
3.6605e-08
-200
5.76634e-05
-5.29483e-08
-200
5.69225e-05
-1.47078e-07
-200
5.60001e-05
-2.39467e-07
-200
5.49359e-05
-2.92423e-07
-200
5.37529e-05
-3.07472e-07
5.25279e-05
-2.92838e-07
-200
-200
5.87446e-05
3.1503e-06
-200
6.03306e-05
2.80016e-06
-200
6.01262e-05
1.91508e-06
-200
6.03207e-05
1.35208e-06
-200
6.06227e-05
9.78067e-07
-200
6.09676e-05
6.99074e-07
-200
6.11897e-05
4.72428e-07
-200
6.12037e-05
2.87682e-07
-200
6.09999e-05
1.61955e-07
-200
6.05338e-05
7.66082e-08
-200
5.98268e-05
-5.7742e-09
-200
5.89138e-05
-1.03869e-07
-200
5.78275e-05
-2.05658e-07
-200
5.66062e-05
-2.7672e-07
-200
5.53225e-05
-2.88454e-07
5.40942e-05
-2.24317e-07
-200
-200
5.92128e-05
3.00052e-06
-200
6.12002e-05
2.76587e-06
-200
6.1443e-05
1.82953e-06
-200
6.19941e-05
1.22407e-06
-200
6.25754e-05
7.94433e-07
-200
6.30598e-05
4.82772e-07
-200
6.32799e-05
2.47045e-07
-200
6.3279e-05
8.74744e-08
-200
6.29513e-05
-2.48038e-08
-200
6.23692e-05
-9.7889e-08
-200
6.15406e-05
-1.79333e-07
-200
6.0508e-05
-2.86815e-07
-200
5.92832e-05
-4.04114e-07
-200
5.79259e-05
-4.9262e-07
-200
5.65162e-05
-5.38806e-07
5.51983e-05
-5.5798e-07
-200
-200
5.96752e-05
3.11796e-06
-200
6.18713e-05
3.02301e-06
-200
6.24629e-05
1.95447e-06
-200
6.32381e-05
1.27229e-06
-200
6.40876e-05
7.8454e-07
-200
6.46434e-05
4.55372e-07
-200
6.49149e-05
2.3677e-07
-200
6.48367e-05
8.89567e-08
-200
6.44746e-05
1.43649e-08
-200
6.3831e-05
-4.29824e-08
-200
6.29558e-05
-1.14117e-07
-200
6.18763e-05
-2.14697e-07
-200
6.06134e-05
-3.36443e-07
-200
5.91615e-05
-4.27181e-07
-200
5.75864e-05
-4.86587e-07
5.60882e-05
-4.16014e-07
-200
-200
6.02479e-05
3.18029e-06
-200
6.24372e-05
3.17724e-06
-200
6.302e-05
2.02379e-06
-200
6.39811e-05
1.19909e-06
-200
6.49093e-05
6.45992e-07
-200
6.55311e-05
2.77681e-07
-200
6.58105e-05
5.46198e-08
-200
6.57382e-05
-6.50901e-08
-200
6.53635e-05
-1.23707e-07
-200
6.47168e-05
-1.69086e-07
-200
6.38524e-05
-2.28458e-07
-200
6.2827e-05
-3.18505e-07
-200
6.16252e-05
-4.17468e-07
-200
6.01749e-05
-5.4709e-07
-200
5.85901e-05
-5.6442e-07
5.69514e-05
-4.34833e-07
-200
-200
6.10717e-05
3.43388e-06
-200
6.29145e-05
3.59244e-06
-200
6.32032e-05
2.22807e-06
-200
6.42202e-05
1.29439e-06
-200
6.51079e-05
7.04337e-07
-200
6.58371e-05
3.39766e-07
-200
6.61057e-05
1.20841e-07
-200
6.60619e-05
2.29443e-08
-200
6.57083e-05
-2.43976e-08
-200
6.51059e-05
-5.23899e-08
-200
6.43069e-05
-7.95477e-08
-200
6.34034e-05
-1.15534e-07
-200
6.2378e-05
-2.06985e-07
-200
6.12162e-05
-2.26546e-07
-200
5.96939e-05
-9.91414e-08
5.80288e-05
-7.41827e-08
-200
-200
6.18062e-05
3.25224e-06
-200
6.28398e-05
3.74579e-06
-200
6.28723e-05
2.15176e-06
-200
6.36478e-05
1.18326e-06
-200
6.46333e-05
5.61138e-07
-200
6.53379e-05
1.92442e-07
-200
6.56708e-05
-2.23458e-08
-200
6.56692e-05
-1.32691e-07
-200
6.5374e-05
-1.90518e-07
-200
6.48333e-05
-2.15545e-07
-200
6.41415e-05
-2.01358e-07
-200
6.33751e-05
-1.9735e-07
-200
6.26491e-05
-1.65474e-07
-200
6.18591e-05
-7.57589e-08
-200
6.07636e-05
-7.1054e-08
5.92568e-05
-1.49724e-07
-200
-200
6.20614e-05
2.95978e-06
-200
6.21019e-05
3.69433e-06
-200
6.18883e-05
2.23188e-06
-200
6.24472e-05
1.23185e-06
-200
6.35976e-05
5.51347e-07
-200
6.43337e-05
1.43091e-07
-200
6.47568e-05
-1.19783e-07
-200
6.48259e-05
-2.88074e-07
-200
6.46147e-05
-3.89186e-07
-200
6.4166e-05
-4.47827e-07
-200
6.36108e-05
-4.36363e-07
-200
6.29692e-05
-3.73011e-07
-200
6.25248e-05
-2.69893e-07
-200
6.21886e-05
-4.45131e-07
-200
6.19912e-05
-3.26358e-07
-200
6.03554e-05
-3.84996e-07
5.79665e-05
-5.73054e-05
-200
-5.11168e-07
-200
6.08868e-05
3.02099e-06
-200
6.01392e-05
4.12664e-06
-200
5.9981e-05
2.42194e-06
-200
6.07158e-05
1.24733e-06
-200
6.18903e-05
5.03526e-07
-200
6.28202e-05
1.008e-08
-200
6.33068e-05
-3.33509e-07
-200
6.3452e-05
-5.72935e-07
-200
6.33127e-05
-7.35857e-07
-200
6.29668e-05
-8.17854e-07
-200
6.2483e-05
-7.72207e-07
-200
6.20031e-05
-6.37213e-07
-200
6.16392e-05
-5.0895e-07
-200
6.16834e-05
-2.73488e-07
-200
6.21317e-05
-1.08043e-07
-200
6.04917e-05
-6.98348e-07
5.76768e-05
-4.58195e-07
-200
-200
5.7454e-05
4.15789e-06
-200
5.7212e-05
4.68554e-06
-200
5.76044e-05
2.79948e-06
-200
5.86936e-05
1.55477e-06
-200
6.00528e-05
6.86318e-07
-200
6.11607e-05
8.04259e-08
-200
6.17295e-05
-3.56944e-07
-200
6.19171e-05
-6.73942e-07
-200
6.18438e-05
-8.89286e-07
-200
6.15787e-05
-9.96913e-07
-200
6.11639e-05
-9.15758e-07
-200
6.08198e-05
-7.1322e-07
-200
6.04738e-05
-4.83332e-07
-200
6.07474e-05
-1.85243e-07
-200
6.0872e-05
-4.69143e-07
-200
5.94494e-05
-2.97115e-07
5.69965e-05
-2.16257e-07
-200
-200
5.20123e-05
4.36459e-06
-200
5.30068e-05
5.61912e-06
-200
5.46842e-05
3.22696e-06
-200
5.63258e-05
1.72188e-06
-200
5.80854e-05
6.70192e-07
-200
5.92998e-05
-3.66101e-08
-200
5.98724e-05
-5.4433e-07
-200
6.00672e-05
-9.10494e-07
-200
5.99726e-05
-1.17268e-06
-200
5.97013e-05
-1.25731e-06
-200
5.92707e-05
-1.14864e-06
-200
5.8994e-05
-9.45979e-07
-200
5.87509e-05
-6.67061e-07
-200
5.87066e-05
-5.03204e-07
-200
5.81297e-05
-3.93384e-07
-200
5.70458e-05
-9.84256e-07
5.52836e-05
-6.13567e-07
-200
-200
4.53325e-05
5.31326e-06
-200
4.8547e-05
6.27875e-06
-200
5.17051e-05
3.67007e-06
-200
5.40944e-05
1.9849e-06
-200
5.6178e-05
8.25427e-07
-200
5.74586e-05
7.63498e-08
-200
5.79595e-05
-5.36812e-07
-200
5.80747e-05
-9.53917e-07
-200
5.78404e-05
-1.17506e-06
-200
5.74883e-05
-1.27463e-06
-200
5.7008e-05
-1.23188e-06
-200
5.66379e-05
-1.06408e-06
-200
5.63882e-05
-8.36459e-07
-200
5.57537e-05
-6.78239e-07
-200
5.49776e-05
-8.93898e-07
-200
5.39107e-05
-4.97595e-07
5.32198e-05
-4.46032e-07
-200
-200
3.98993e-05
6.33389e-06
-200
4.48027e-05
7.23192e-06
-200
4.93013e-05
4.13645e-06
-200
5.22807e-05
2.16828e-06
-200
5.4569e-05
8.37712e-07
-200
5.57898e-05
-2.37835e-08
-200
5.60618e-05
-5.8411e-07
-200
5.5905e-05
-9.66163e-07
-200
5.54982e-05
-1.29629e-06
-200
5.49397e-05
-1.39917e-06
-200
5.42983e-05
-1.40202e-06
-200
5.39623e-05
-1.40526e-06
-200
5.32698e-05
-1.37657e-06
-200
5.23081e-05
-1.22765e-06
-200
5.12768e-05
-7.30282e-07
-200
5.10886e-05
-8.62994e-07
5.0876e-05
-4.65506e-07
-200
-200
3.77468e-05
7.93169e-06
-200
4.3175e-05
8.49973e-06
-200
4.83165e-05
4.97842e-06
-200
5.15212e-05
2.69253e-06
-200
5.36748e-05
1.29169e-06
-200
5.46112e-05
4.57833e-07
-200
5.45684e-05
-3.11888e-08
-200
5.41187e-05
-4.0059e-07
-200
5.32279e-05
-5.13768e-07
-200
5.25257e-05
-7.84752e-07
-200
5.16732e-05
-7.70164e-07
-200
-9.45026e-07
5.10008e-05
-200
-8.66276e-07
4.98495e-05
-200
-5.8919e-07
4.87607e-05
-200
-6.73004e-07
4.82932e-05
-200
8.30184e-08
4.82681e-05
2.03658e-07
-200
4.87577e-05
-200
9.2645e-06
3.8975e-05
-200
9.57706e-06
4.42202e-05
-200
5.54108e-06
4.92229e-05
-200
3.01363e-06
5.20416e-05
-200
1.47323e-06
5.35424e-05
-200
6.89146e-07
5.40826e-05
-200
3.38619e-07
5.32851e-05
-200
2.52753e-07
5.24638e-05
-200
-4.41171e-07
3.61203e-07
5.13361e-05
-200
-3.45377e-07
5.45316e-07
5.02099e-05
-4.94429e-07
7.83456e-07
-200
4.91638e-05
-200
6.59165e-06
-200
6.75445e-06
-200
6.50191e-06
-200
6.27908e-06
-200
6.1074e-06
-200
5.99784e-06
-200
5.95928e-06
-200
5.98644e-06
-200
6.10373e-06
-200
6.28289e-06
-200
6.50299e-06
-200
6.7102e-06
-200
6.8611e-06
-200
6.89796e-06
-200
6.84478e-06
6.67756e-06
-200
-200
1.33922e-05
-200
1.36329e-05
-200
1.3083e-05
-200
1.26198e-05
-200
1.22608e-05
-200
1.20297e-05
-200
1.19272e-05
-200
1.19723e-05
-200
1.21621e-05
-200
1.24705e-05
-200
1.28429e-05
-200
1.31942e-05
-200
1.34345e-05
-200
1.34765e-05
-200
1.33364e-05
1.30378e-05
-200
-200
1.99859e-05
-200
2.0273e-05
-200
1.94562e-05
-200
1.87876e-05
-200
1.82853e-05
-200
1.79703e-05
-200
1.78474e-05
-200
1.79369e-05
-200
1.8218e-05
-200
1.86529e-05
-200
1.9154e-05
-200
1.96121e-05
-200
1.98953e-05
-200
1.99159e-05
-200
1.96941e-05
1.92811e-05
-200
-200
2.62528e-05
-200
2.65645e-05
-200
2.55321e-05
-200
2.47141e-05
-200
2.41249e-05
-200
2.37755e-05
-200
2.36809e-05
-200
2.38407e-05
-200
2.42267e-05
-200
2.47725e-05
-200
2.53689e-05
-200
2.58823e-05
-200
2.61564e-05
-200
2.61318e-05
-200
2.58116e-05
2.52665e-05
-200
-200
3.21534e-05
-200
3.24797e-05
-200
3.12791e-05
-200
3.03672e-05
-200
2.97449e-05
-200
2.94183e-05
-200
2.9389e-05
-200
2.96413e-05
-200
3.01286e-05
-200
3.07587e-05
-200
3.14014e-05
-200
3.19131e-05
-200
3.21324e-05
-200
3.20371e-05
-200
3.1627e-05
3.09737e-05
-200
-200
3.75627e-05
-200
3.7899e-05
-200
3.65941e-05
-200
3.56525e-05
-200
3.50567e-05
-200
3.48008e-05
-200
3.48628e-05
-200
3.52128e-05
-200
3.57811e-05
-200
3.64521e-05
-200
3.70853e-05
-200
3.75297e-05
-200
3.76681e-05
-200
3.74884e-05
-200
3.69687e-05
3.61921e-05
-200
-200
4.24671e-05
-200
4.28508e-05
-200
4.15074e-05
-200
4.06018e-05
-200
4.00905e-05
-200
3.99404e-05
-200
4.01096e-05
-200
4.05495e-05
-200
4.11659e-05
-200
4.18279e-05
-200
4.23962e-05
-200
4.27339e-05
-200
4.27811e-05
-200
4.25015e-05
-200
4.18943e-05
4.10432e-05
-200
-200
4.6685e-05
-200
4.71747e-05
-200
4.58837e-05
-200
4.50855e-05
-200
4.47048e-05
-200
4.46807e-05
-200
4.49551e-05
-200
4.54578e-05
-200
4.60754e-05
-200
4.66731e-05
-200
4.71237e-05
-200
4.73335e-05
-200
4.72669e-05
-200
4.68845e-05
-200
4.61823e-05
4.52443e-05
-200
-200
5.0239e-05
-200
5.09442e-05
-200
4.97997e-05
-200
4.91805e-05
-200
4.89743e-05
-200
4.90942e-05
-200
4.94669e-05
-200
5.00029e-05
-200
5.05802e-05
-200
5.10657e-05
-200
5.13691e-05
-200
5.14408e-05
-200
5.12492e-05
-200
5.07627e-05
-200
5.00009e-05
4.90346e-05
-200
-200
5.29785e-05
-200
5.3986e-05
-200
5.30963e-05
-200
5.2726e-05
-200
5.27285e-05
-200
5.29969e-05
-200
5.34476e-05
-200
5.39796e-05
-200
5.44692e-05
-200
5.48061e-05
-200
5.49449e-05
-200
5.48603e-05
-200
5.45277e-05
-200
5.39373e-05
-200
5.31033e-05
5.20891e-05
-200
-200
5.50504e-05
-200
5.64607e-05
-200
5.59133e-05
-200
5.58555e-05
-200
5.60985e-05
-200
5.65236e-05
-200
5.7039e-05
-200
5.75439e-05
-200
5.79154e-05
-200
5.80989e-05
-200
5.80697e-05
-200
5.78178e-05
-200
5.7336e-05
-200
5.6635e-05
-200
5.57547e-05
5.47529e-05
-200
-200
5.64118e-05
-200
5.82426e-05
-200
5.81145e-05
-200
5.84096e-05
-200
5.89073e-05
-200
5.94842e-05
-200
6.00462e-05
-200
6.04876e-05
-200
6.07339e-05
-200
6.07615e-05
-200
6.05616e-05
-200
6.01344e-05
-200
5.94897e-05
-200
5.86669e-05
-200
5.77101e-05
5.6686e-05
-200
-200
5.73549e-05
-200
5.95906e-05
-200
5.99175e-05
-200
6.0566e-05
-200
6.13355e-05
-200
6.20552e-05
-200
6.26486e-05
-200
6.30219e-05
-200
6.31649e-05
-200
6.30604e-05
-200
6.27122e-05
-200
6.21284e-05
-200
6.133e-05
-200
6.03728e-05
-200
5.93433e-05
5.83204e-05
-200
-200
5.79279e-05
-200
6.04655e-05
-200
6.11979e-05
-200
6.2178e-05
-200
6.31771e-05
-200
6.40115e-05
-200
6.46052e-05
-200
6.49337e-05
-200
6.49945e-05
-200
6.47906e-05
-200
6.43327e-05
-200
6.36292e-05
-200
6.27039e-05
-200
6.15977e-05
-200
6.0438e-05
5.93234e-05
-200
-200
5.84637e-05
-200
6.12189e-05
-200
6.21727e-05
-200
6.34371e-05
-200
6.45724e-05
-200
6.55033e-05
-200
6.60983e-05
-200
6.64044e-05
-200
6.64279e-05
-200
6.61824e-05
-200
6.56804e-05
-200
6.49447e-05
-200
6.39515e-05
-200
6.27278e-05
-200
6.14201e-05
6.02182e-05
-200
-200
5.90477e-05
-200
6.17702e-05
-200
6.2797e-05
-200
6.41481e-05
-200
6.53673e-05
-200
6.63162e-05
-200
6.6922e-05
-200
6.72372e-05
-200
6.72692e-05
-200
6.70384e-05
-200
6.65752e-05
-200
6.58992e-05
-200
6.49543e-05
-200
6.3761e-05
-200
6.22184e-05
6.07474e-05
-200
-200
5.99375e-05
-200
6.22893e-05
-200
6.31867e-05
-200
6.43963e-05
-200
6.56894e-05
-200
6.66331e-05
-200
6.72804e-05
-200
6.76437e-05
-200
6.77382e-05
-200
6.75823e-05
-200
6.72401e-05
-200
6.67292e-05
-200
6.60648e-05
-200
6.49884e-05
-200
6.34624e-05
6.20637e-05
-200
-200
6.08284e-05
-200
6.24476e-05
-200
6.28566e-05
-200
6.39425e-05
-200
6.52181e-05
-200
6.62288e-05
-200
6.69434e-05
-200
6.73897e-05
-200
6.75745e-05
-200
6.75376e-05
-200
6.73442e-05
-200
6.70749e-05
-200
6.67627e-05
-200
6.60503e-05
-200
6.53463e-05
6.39847e-05
-200
-200
6.11542e-05
-200
6.1771e-05
-200
6.17321e-05
-200
6.28346e-05
-200
6.40906e-05
-200
6.52194e-05
-200
6.6006e-05
-200
6.65374e-05
-200
6.68108e-05
-200
6.6886e-05
-200
6.67851e-05
-200
6.6705e-05
-200
6.6634e-05
-200
6.65929e-05
-200
6.706e-05
6.57015e-05
-200
-200
6.00154e-05
-200
6.00381e-05
-200
5.98649e-05
-200
6.09776e-05
-200
6.23914e-05
-200
6.36096e-05
-200
6.44772e-05
-200
6.50696e-05
-200
6.54211e-05
-200
6.55673e-05
-200
6.55577e-05
-200
6.55408e-05
-200
6.57742e-05
-200
6.65759e-05
-200
6.73601e-05
-200
6.6237e-05
6.21673e-05
-6.21592e-05
-200
-200
5.70667e-05
-200
5.71122e-05
-200
5.73705e-05
-200
5.8777e-05
-200
6.0453e-05
-200
6.17722e-05
-200
6.26907e-05
-200
6.33039e-05
-200
6.36857e-05
-200
6.38456e-05
-200
6.38711e-05
-200
6.39928e-05
-200
6.43216e-05
-200
6.52926e-05
-200
6.55958e-05
-200
6.47414e-05
6.16189e-05
-200
-200
5.18678e-05
-200
5.32864e-05
-200
5.44153e-05
-200
5.63513e-05
-200
5.82671e-05
-200
5.96889e-05
-200
6.06188e-05
-200
6.12001e-05
-200
6.15248e-05
-200
6.16288e-05
-200
6.16888e-05
-200
6.19085e-05
-200
6.20948e-05
-200
6.25418e-05
-200
6.24202e-05
-200
6.12012e-05
6.01398e-05
-200
-200
4.59138e-05
-200
4.90623e-05
-200
5.14596e-05
-200
5.40475e-05
-200
5.62555e-05
-200
5.77312e-05
-200
5.85666e-05
-200
5.90263e-05
-200
5.92282e-05
-200
5.92031e-05
-200
5.92225e-05
-200
5.92555e-05
-200
5.91942e-05
-200
5.89658e-05
-200
5.83652e-05
-200
5.8047e-05
5.76797e-05
-200
-200
4.10757e-05
-200
4.56018e-05
-200
4.90834e-05
-200
5.21692e-05
-200
5.4511e-05
-200
5.58827e-05
-200
5.65342e-05
-200
5.67753e-05
-200
5.67201e-05
-200
5.65538e-05
-200
5.62905e-05
-200
5.59507e-05
-200
5.54545e-05
-200
5.47022e-05
-200
5.48103e-05
-200
5.45797e-05
5.45923e-05
-200
-200
3.90207e-05
-200
4.40455e-05
-200
4.81446e-05
-200
5.14185e-05
-200
5.3689e-05
-200
5.48096e-05
-200
5.51573e-05
-200
5.50559e-05
-200
5.48593e-05
-200
5.4341e-05
-200
5.38152e-05
-200
5.30354e-05
-200
5.21339e-05
-200
5.15704e-05
-200
5.17319e-05
-200
5.17688e-05
-200
5.23133e-05
-200
3.95201e-05
-200
4.458e-05
-200
4.87592e-05
-200
5.17238e-05
-200
5.36301e-05
-200
5.43501e-05
-200
5.43111e-05
-200
5.38385e-05
-200
5.30367e-05
-200
5.22552e-05
-200
5.14702e-05
-200
5.24968e-07
5.05994e-05
-200
5.48176e-07
4.95684e-05
6.01789e-07
-200
4.91304e-05
-200
4.86117e-06
1.30241e-06
-200
4.45146e-06
1.23824e-06
-200
4.356e-06
1.18857e-06
-200
3.98411e-06
1.09528e-06
-200
3.82863e-06
9.37877e-07
-200
3.51876e-06
6.46287e-07
-200
3.27694e-06
3.70668e-07
-200
2.96334e-06
-5.0226e-08
-200
2.71516e-06
-2.30869e-07
-200
2.4732e-06
-2.6476e-07
-200
2.3416e-06
-1.82083e-07
-200
2.29349e-06
-2.48325e-08
-200
2.33776e-06
1.83959e-07
-200
2.43519e-06
3.31231e-07
-200
1.39992e-06
5.16036e-07
-200
1.07618e-06
6.8037e-07
9.30312e-07
6.9599e-07
-200
-200
1.08049e-05
5.12441e-07
-200
1.01922e-05
4.31084e-07
-200
9.72477e-06
4.41029e-07
-200
9.05487e-06
4.17655e-07
-200
8.53128e-06
2.80869e-07
-200
7.85906e-06
1.51639e-07
-200
7.22931e-06
-1.50301e-07
-200
6.56229e-06
-4.38456e-07
-200
5.95629e-06
-5.67015e-07
-200
5.45882e-06
-5.63288e-07
-200
5.16796e-06
-4.49285e-07
-200
5.06473e-06
-2.73933e-07
-200
5.12565e-06
-6.32058e-08
-200
5.30767e-06
1.36649e-07
-200
3.08763e-06
3.33287e-07
-200
2.50247e-06
4.4263e-07
2.21925e-06
4.34601e-07
-200
-200
1.64312e-05
6.57029e-07
-200
1.56274e-05
5.21625e-07
-200
1.47914e-05
5.26875e-07
-200
1.39084e-05
4.67851e-07
-200
1.29736e-05
3.34518e-07
-200
1.20199e-05
2.093e-07
-200
1.10432e-05
-1.91871e-07
-200
1.0082e-05
-4.00941e-07
-200
9.17805e-06
-5.85524e-07
-200
8.48238e-06
-5.73137e-07
-200
8.04825e-06
-4.67044e-07
-200
7.88174e-06
-2.96384e-07
-200
7.93347e-06
-8.83436e-08
-200
8.1655e-06
1.33707e-07
-200
4.74333e-06
3.04108e-07
-200
3.89065e-06
4.25265e-07
3.4635e-06
4.5636e-07
-200
-200
2.17835e-05
6.65589e-07
-200
2.06539e-05
5.50123e-07
-200
1.95945e-05
5.60834e-07
-200
1.84384e-05
4.54183e-07
-200
1.72394e-05
3.29954e-07
-200
1.60085e-05
8.42375e-08
-200
1.47657e-05
-2.0919e-07
-200
1.35115e-05
-4.42169e-07
-200
1.23804e-05
-5.79656e-07
-200
1.15102e-05
-5.7018e-07
-200
1.09535e-05
-4.61978e-07
-200
1.07217e-05
-3.01571e-07
-200
1.07552e-05
-9.24287e-08
-200
1.09995e-05
9.38393e-08
-200
6.41e-06
2.56036e-07
-200
5.25041e-06
4.40562e-07
4.67394e-06
4.16961e-07
-200
-200
2.66572e-05
6.98228e-07
-200
2.53142e-05
5.75834e-07
-200
2.4036e-05
5.72357e-07
-200
2.26491e-05
4.50459e-07
-200
2.12373e-05
2.98736e-07
-200
1.97565e-05
1.84742e-08
-200
1.82602e-05
-1.31233e-07
-200
1.67699e-05
-4.08089e-07
-200
1.54624e-05
-4.80126e-07
-200
1.44435e-05
-4.66879e-07
-200
1.37923e-05
-3.48896e-07
-200
1.34975e-05
-1.93842e-07
-200
1.3502e-05
-1.04628e-08
-200
1.37356e-05
1.50745e-07
-200
8.01256e-06
3.37603e-07
-200
6.57931e-06
4.22988e-07
5.82041e-06
4.69981e-07
-200
-200
3.11845e-05
5.75333e-07
-200
2.97174e-05
4.72738e-07
-200
2.82097e-05
4.08051e-07
-200
2.66454e-05
3.32068e-07
-200
2.50215e-05
8.77049e-08
-200
2.3339e-05
-4.14325e-08
-200
2.16112e-05
-2.74786e-07
-200
1.99339e-05
-4.03328e-07
-200
1.84798e-05
-4.45182e-07
-200
1.73426e-05
-3.82657e-07
-200
1.66161e-05
-2.48768e-07
-200
1.62499e-05
-8.12431e-08
-200
1.62251e-05
3.16735e-08
-200
1.64406e-05
1.74086e-07
-200
9.66789e-06
2.7511e-07
-200
7.90483e-06
3.67521e-07
7.01938e-06
3.52747e-07
-200
-200
3.5338e-05
5.40513e-07
-200
3.37294e-05
3.67785e-07
-200
3.20473e-05
3.23063e-07
-200
3.0328e-05
2.31525e-07
-200
2.85017e-05
1.64141e-09
-200
2.66336e-05
-4.86727e-08
-200
2.47437e-05
-3.08817e-07
-200
2.2947e-05
-3.36756e-07
-200
2.13671e-05
-3.03382e-07
-200
2.01447e-05
-1.59346e-07
-200
1.93552e-05
-3.71844e-09
-200
1.89521e-05
9.62478e-08
-200
1.88791e-05
1.51755e-07
-200
1.90593e-05
2.35702e-07
-200
1.12802e-05
2.74565e-07
-200
9.22999e-06
2.96582e-07
8.11421e-06
3.76103e-07
-200
-200
3.91624e-05
3.42421e-07
-200
3.73797e-05
1.78185e-07
-200
3.55939e-05
1.92669e-07
-200
3.37169e-05
3.98282e-08
-200
3.17672e-05
-1.17946e-07
-200
2.9766e-05
-3.11884e-07
-200
2.7752e-05
-3.53653e-07
-200
2.58474e-05
-3.18426e-07
-200
2.41744e-05
-1.40389e-07
-200
2.29055e-05
8.43253e-08
-200
2.21163e-05
1.91269e-07
-200
2.1656e-05
2.29042e-07
-200
2.1515e-05
2.14182e-07
-200
2.16372e-05
1.77471e-07
-200
1.28866e-05
1.91692e-07
-200
1.05517e-05
2.54743e-07
9.17237e-06
2.63222e-07
-200
-200
4.24597e-05
2.5184e-07
-200
4.06181e-05
1.36483e-07
-200
3.87568e-05
1.28189e-07
-200
3.67686e-05
-6.98013e-08
-200
3.4719e-05
-1.68835e-07
-200
3.26347e-05
-3.68488e-07
-200
3.0546e-05
-3.06033e-07
-200
2.85407e-05
-1.34055e-07
-200
2.68648e-05
1.78601e-07
-200
2.55958e-05
4.40761e-07
-200
2.48081e-05
5.21581e-07
-200
2.42818e-05
4.13088e-07
-200
2.40649e-05
2.86231e-07
-200
2.40586e-05
1.99839e-07
-200
1.44144e-05
2.12902e-07
-200
1.17842e-05
2.07529e-07
1.01419e-05
2.7559e-07
-200
-200
4.54069e-05
-1.88007e-08
-200
4.35484e-05
4.11165e-08
-200
4.16272e-05
-6.55486e-08
-200
3.95938e-05
-2.03845e-07
-200
3.7497e-05
-4.30852e-07
-200
3.53241e-05
-3.9376e-07
-200
3.31627e-05
-2.80785e-07
-200
3.11635e-05
4.8372e-08
-200
2.9537e-05
4.68248e-07
-200
2.83349e-05
7.04558e-07
-200
2.74952e-05
6.73175e-07
-200
2.6896e-05
4.74657e-07
-200
2.65802e-05
2.1828e-07
-200
2.63911e-05
1.2015e-07
-200
1.59307e-05
1.13681e-07
-200
1.29501e-05
1.13444e-07
1.11597e-05
9.76343e-08
-200
-200
4.79112e-05
-6.47165e-08
-200
4.6074e-05
-2.03546e-08
-200
4.41239e-05
-1.0781e-07
-200
4.20702e-05
-2.09339e-07
-200
3.99505e-05
-4.00323e-07
-200
3.77379e-05
-2.88687e-07
-200
3.55601e-05
-5.88562e-08
-200
3.3674e-05
4.02909e-07
-200
3.2125e-05
8.47455e-07
-200
3.09979e-05
9.94401e-07
-200
3.0088e-05
8.30854e-07
-200
2.94338e-05
4.69556e-07
-200
2.89235e-05
2.73139e-07
-200
2.85431e-05
1.1866e-07
-200
1.73517e-05
3.4239e-08
-200
1.40603e-05
-1.13267e-08
1.20526e-05
4.2316e-08
-200
-200
5.00843e-05
-2.83668e-07
-200
4.82692e-05
-1.82788e-07
-200
4.63516e-05
-1.98414e-07
-200
4.43123e-05
-3.76849e-07
-200
4.21578e-05
-3.27483e-07
-200
3.99789e-05
-2.40486e-07
-200
3.79145e-05
1.28648e-07
-200
3.61585e-05
6.76743e-07
-200
3.47477e-05
1.04688e-06
-200
3.36256e-05
1.05144e-06
-200
3.26527e-05
8.01423e-07
-200
3.19002e-05
3.52661e-07
-200
3.1186e-05
1.69816e-07
-200
3.05793e-05
-8.63115e-09
-200
1.87088e-05
-1.35768e-07
-200
1.50955e-05
-5.73507e-08
1.28705e-05
-1.45905e-07
-200
-200
5.17947e-05
-3.47606e-07
-200
5.0076e-05
-1.89196e-07
-200
4.82041e-05
-1.79341e-07
-200
4.62027e-05
-3.12296e-07
-200
4.40807e-05
-2.12925e-07
-200
4.20158e-05
-2.98694e-08
-200
4.01303e-05
4.92941e-07
-200
3.85363e-05
1.01792e-06
-200
3.72657e-05
1.24963e-06
-200
3.6152e-05
1.11367e-06
-200
3.51638e-05
6.16182e-07
-200
3.42087e-05
3.18129e-07
-200
3.32686e-05
1.65626e-07
-200
3.24255e-05
-8.59324e-08
-200
1.99199e-05
-1.52533e-07
-200
1.60069e-05
-1.36366e-07
1.35264e-05
-1.20877e-07
-200
-200
-6.25745e-07
-200
5.1527e-05
-1.43458e-07
-200
4.97725e-05
-3.05555e-07
-200
4.78566e-05
-2.88636e-07
-200
4.58993e-05
-3.24406e-07
-200
4.3984e-05
1.44452e-07
-200
4.23057e-05
6.82487e-07
-200
4.09023e-05
1.1762e-06
-200
3.97348e-05
1.21762e-06
-200
3.86552e-05
9.88195e-07
-200
3.757e-05
4.07965e-07
-200
3.64006e-05
2.55953e-07
-200
3.52345e-05
5.62929e-08
-200
3.41454e-05
-1.87873e-07
-200
2.10459e-05
-2.2354e-07
-200
1.68131e-05
-2.85316e-07
1.41524e-05
-2.41802e-07
-200
-200
5.25951e-05
-3.32101e-07
-200
5.09169e-05
-1.78495e-07
-200
4.91316e-05
-1.5832e-07
-200
4.73817e-05
-5.48092e-08
-200
4.57291e-05
4.39758e-07
-200
4.43391e-05
9.21154e-07
-200
4.31515e-05
1.27325e-06
-200
4.20856e-05
1.17504e-06
-200
4.10101e-05
8.58693e-07
-200
3.97863e-05
3.55795e-07
-200
3.84139e-05
2.69238e-07
-200
3.70237e-05
4.62715e-08
-200
3.56951e-05
-1.12155e-07
-200
2.2022e-05
-2.44793e-07
-200
1.74962e-05
-3.72029e-07
1.46574e-05
-3.65474e-07
-200
-200
5.32677e-05
-5.53172e-07
-200
5.17184e-05
-2.02639e-07
-200
5.01388e-05
-2.17833e-07
-200
4.86408e-05
1.16541e-07
-200
4.73559e-05
5.0756e-07
-200
4.62734e-05
1.03783e-06
-200
4.53338e-05
1.11051e-06
-200
4.43864e-05
9.33888e-07
-200
4.32485e-05
5.86608e-07
-200
4.18744e-05
3.46661e-07
-200
4.03721e-05
1.29094e-07
-200
3.87597e-05
7.73474e-09
-200
3.72057e-05
-9.12766e-08
-200
2.28798e-05
-2.78416e-07
-200
1.80934e-05
-4.18523e-07
1.50772e-05
-5.68141e-07
-200
-200
5.34239e-05
-3.89724e-07
-200
5.20855e-05
-2.11453e-07
-200
5.07801e-05
-1.3647e-07
-200
4.9642e-05
2.27797e-07
-200
4.88025e-05
6.32728e-07
-200
4.80822e-05
9.67174e-07
-200
4.73537e-05
9.4583e-07
-200
4.64871e-05
7.22568e-07
-200
4.52931e-05
4.7859e-07
-200
4.38577e-05
3.03147e-07
-200
4.22147e-05
2.0102e-07
-200
4.04411e-05
1.4807e-07
-200
3.87039e-05
2.33954e-08
-200
2.36178e-05
-1.50487e-07
-200
1.85789e-05
-4.3174e-07
1.53586e-05
-5.18031e-07
-200
-200
5.3363e-05
-4.69394e-07
-200
5.22028e-05
-2.86998e-07
-200
5.12536e-05
-2.0388e-07
-200
5.05496e-05
1.33763e-07
-200
5.01299e-05
5.73851e-07
-200
4.9779e-05
6.98331e-07
-200
4.92254e-05
6.20851e-07
-200
4.83886e-05
4.28966e-07
-200
4.72146e-05
3.55599e-07
-200
4.57637e-05
2.11743e-07
-200
4.40585e-05
2.95652e-07
-200
4.22105e-05
2.69668e-07
-200
4.03424e-05
1.51343e-07
-200
2.43587e-05
-3.31156e-08
-200
1.89677e-05
-3.62497e-07
1.57194e-05
-6.44389e-07
-200
-200
5.30213e-05
-3.7431e-07
-200
5.20502e-05
-2.14878e-07
-200
5.13918e-05
5.23291e-08
-200
5.12101e-05
2.3885e-07
-200
5.12158e-05
4.66002e-07
-200
5.11706e-05
5.18251e-07
-200
5.07695e-05
3.72758e-07
-200
4.99908e-05
2.88119e-07
-200
4.8904e-05
3.16781e-07
-200
4.75104e-05
2.74924e-07
-200
4.58797e-05
4.87346e-07
-200
4.40556e-05
5.13478e-07
-200
4.21801e-05
4.47774e-07
-200
2.51595e-05
9.08339e-08
-200
1.9355e-05
-2.29321e-07
1.5992e-05
-3.99271e-07
-200
-200
5.24116e-05
-2.96228e-07
-200
5.16857e-05
-3.88769e-08
-200
5.15262e-05
-6.81939e-08
-200
5.17855e-05
1.18493e-07
-200
5.21426e-05
1.86682e-07
-200
5.2309e-05
1.3263e-07
-200
5.2071e-05
-3.85318e-09
-200
5.14351e-05
8.55096e-09
-200
5.04742e-05
9.8354e-08
-200
4.92684e-05
1.8542e-07
-200
4.78082e-05
4.50648e-07
-200
4.61317e-05
6.23907e-07
-200
4.43955e-05
6.00498e-07
-200
2.5981e-05
3.80023e-07
-200
1.98343e-05
8.60522e-08
1.63825e-05
-1.81307e-07
-200
-200
5.16887e-05
-3.40323e-07
-200
5.12856e-05
-1.15172e-07
-200
5.15949e-05
-3.26282e-08
-200
5.21701e-05
5.05716e-08
-200
5.27656e-05
-1.42757e-08
-200
5.30843e-05
-1.55958e-07
-200
5.29898e-05
-1.9177e-07
-200
5.25886e-05
-1.46054e-07
-200
5.18499e-05
-1.58285e-08
-200
5.0912e-05
1.60979e-07
-200
4.97212e-05
4.32896e-07
-200
4.83531e-05
7.61427e-07
-200
4.68648e-05
8.58509e-07
-200
2.69008e-05
7.59231e-07
-200
2.04718e-05
4.93483e-07
1.69628e-05
3.57605e-07
-200
-200
5.08744e-05
-3.1451e-07
-200
5.10399e-05
-3.63203e-07
-200
5.17407e-05
-2.18089e-07
-200
5.25125e-05
-2.10105e-07
-200
5.31709e-05
-3.27114e-07
-200
5.35385e-05
-4.08959e-07
-200
5.36246e-05
-4.89777e-07
-200
5.34519e-05
-3.378e-07
-200
5.30335e-05
-1.98342e-07
-200
5.24535e-05
-1.06555e-08
-200
5.16752e-05
2.65839e-07
-200
5.06933e-05
7.03393e-07
-200
4.95741e-05
9.89709e-07
-200
2.81344e-05
1.06626e-06
-200
2.13989e-05
9.91752e-07
1.77738e-05
7.59081e-07
-200
-200
5.0083e-05
-3.24766e-07
-200
5.09356e-05
-2.60737e-07
-200
5.16718e-05
-1.49722e-07
-200
5.24002e-05
-5.88294e-08
-200
5.30622e-05
-2.05068e-07
-200
5.35167e-05
-3.59948e-07
-200
5.37134e-05
-3.76912e-07
-200
5.37282e-05
-2.19307e-07
-200
5.36764e-05
-1.50845e-07
-200
5.34916e-05
1.2511e-07
-200
5.32327e-05
5.42088e-07
-200
5.28325e-05
7.57294e-07
-200
5.23334e-05
1.41806e-06
-200
2.92478e-05
1.91604e-06
-200
2.22142e-05
1.74015e-06
1.85418e-05
1.70398e-06
-200
-200
4.95487e-05
-1.46399e-07
-200
5.07875e-05
-1.58257e-07
-200
5.12836e-05
1.19364e-07
-200
5.19574e-05
-6.52643e-08
-200
5.24181e-05
2.04733e-07
-200
5.27027e-05
3.31932e-07
-200
5.31702e-05
1.05579e-08
-200
5.36116e-05
-2.71483e-07
-200
5.39039e-05
-2.53647e-07
-200
5.42161e-05
-4.87419e-08
-200
5.4647e-05
2.80582e-07
-200
5.4915e-05
9.3026e-07
-200
5.51459e-05
1.72524e-06
-200
3.05776e-05
2.20758e-06
-200
2.29555e-05
2.63451e-06
2.0515e-06
-200
1.98405e-05
-200
5.84066e-07
4.89181e-05
-200
5.93524e-07
4.98551e-05
-200
3.394e-07
5.04573e-05
-200
1.04239e-06
5.06625e-05
-200
1.15014e-06
5.1069e-05
-200
3.20766e-07
5.18356e-05
-200
1.24205e-07
5.25471e-05
-200
-4.31574e-08
5.32004e-05
-200
-4.82232e-07
5.40082e-05
-200
-4.78564e-07
5.49143e-05
-200
2.2155e-07
5.58743e-05
-200
7.96154e-07
5.71191e-05
-200
1.68867e-06
5.83274e-05
-200
2.39903e-06
3.20875e-05
1.67988e-06
-200
2.51204e-05
-200
5.18504e-06
1.8908e-06
-200
4.9401e-06
1.89847e-06
-200
4.65615e-06
1.84908e-06
-200
4.37674e-06
1.69226e-06
-200
4.08859e-06
1.422e-06
-200
3.76719e-06
1.023e-06
-200
3.45004e-06
5.70768e-07
-200
3.13072e-06
2.92008e-08
-200
2.81807e-06
-2.5148e-07
-200
2.58176e-06
-3.00854e-07
-200
2.43661e-06
-1.81719e-07
-200
2.38152e-06
5.01915e-08
-200
2.41503e-06
3.56865e-07
-200
2.5566e-06
5.67435e-07
-200
1.45583e-06
8.49265e-07
-200
1.1785e-06
1.09243e-06
1.00818e-06
1.13061e-06
-200
-200
1.12228e-05
6.73243e-07
-200
1.06541e-05
6.4927e-07
-200
1.008e-05
6.64972e-07
-200
9.46924e-06
6.27139e-07
-200
8.83071e-06
4.17388e-07
-200
8.14389e-06
1.75375e-07
-200
7.42957e-06
-2.21166e-07
-200
6.72768e-06
-5.98248e-07
-200
6.04079e-06
-7.85149e-07
-200
5.52401e-06
-7.50294e-07
-200
5.21251e-06
-5.79292e-07
-200
5.10838e-06
-3.23854e-07
-200
5.18692e-06
-1.80321e-08
-200
5.4191e-06
2.60801e-07
-200
3.17639e-06
5.09422e-07
-200
2.60699e-06
7.24584e-07
2.30274e-06
6.99864e-07
-200
-200
1.7049e-05
8.56431e-07
-200
1.61641e-05
7.55474e-07
-200
1.531e-05
7.50361e-07
-200
1.43902e-05
6.72783e-07
-200
1.34093e-05
4.75362e-07
-200
1.23687e-05
2.54477e-07
-200
1.1258e-05
-2.07136e-07
-200
1.01832e-05
-5.07892e-07
-200
9.12523e-06
-7.08245e-07
-200
8.33922e-06
-6.61344e-07
-200
7.87519e-06
-4.95282e-07
-200
7.73829e-06
-2.54421e-07
-200
7.86816e-06
2.86244e-08
-200
8.18475e-06
3.18831e-07
-200
4.83591e-06
5.3184e-07
-200
3.97985e-06
7.20678e-07
3.57247e-06
7.48263e-07
-200
-200
2.26307e-05
8.611e-07
-200
2.14624e-05
7.13488e-07
-200
2.03417e-05
7.17735e-07
-200
1.91349e-05
5.81565e-07
-200
1.78291e-05
4.05671e-07
-200
1.6432e-05
1.24415e-07
-200
1.49662e-05
-2.48172e-07
-200
1.35055e-05
-5.27839e-07
-200
1.21233e-05
-6.77315e-07
-200
1.1063e-05
-6.13813e-07
-200
1.04737e-05
-4.46301e-07
-200
1.0326e-05
-2.28414e-07
-200
1.05232e-05
3.03475e-08
-200
1.09373e-05
2.6824e-07
-200
6.48515e-06
4.74063e-07
-200
5.38191e-06
6.80053e-07
4.8487e-06
7.01246e-07
-200
-200
2.78634e-05
8.91254e-07
-200
2.64111e-05
7.40638e-07
-200
2.50504e-05
7.36213e-07
-200
2.35754e-05
5.87218e-07
-200
2.19879e-05
3.79539e-07
-200
2.02653e-05
6.9299e-08
-200
1.84891e-05
-1.71388e-07
-200
1.66595e-05
-4.42841e-07
-200
1.49704e-05
-5.0418e-07
-200
1.36528e-05
-4.26386e-07
-200
1.29891e-05
-2.55716e-07
-200
1.28669e-05
-6.32054e-08
-200
1.31503e-05
1.46583e-07
-200
1.36469e-05
3.43007e-07
-200
8.11564e-06
5.56194e-07
-200
6.77778e-06
6.80921e-07
6.08045e-06
7.70175e-07
-200
-200
3.2744e-05
7.00249e-07
-200
3.10416e-05
5.5784e-07
-200
2.94663e-05
5.05291e-07
-200
2.77627e-05
3.90069e-07
-200
2.59209e-05
1.01951e-07
-200
2.39187e-05
-8.33083e-08
-200
2.18171e-05
-3.23341e-07
-200
1.96967e-05
-4.54688e-07
-200
1.76988e-05
-4.45564e-07
-200
1.62071e-05
-3.26322e-07
-200
1.55403e-05
-1.56663e-07
-200
1.54876e-05
1.72752e-08
-200
1.58512e-05
1.37089e-07
-200
1.64059e-05
2.85902e-07
-200
9.83533e-06
4.25351e-07
-200
8.21866e-06
5.54614e-07
7.3435e-06
5.26762e-07
-200
-200
3.71485e-05
6.86347e-07
-200
3.5219e-05
4.88911e-07
-200
3.34599e-05
4.54129e-07
-200
3.15764e-05
3.16808e-07
-200
2.94921e-05
5.25655e-08
-200
2.72501e-05
-6.8706e-08
-200
2.4879e-05
-2.86517e-07
-200
2.24815e-05
-2.85946e-07
-200
2.02419e-05
-1.84872e-07
-200
1.87288e-05
-6.28469e-09
-200
1.81269e-05
1.59601e-07
-200
1.81581e-05
2.40749e-07
-200
1.8561e-05
2.83736e-07
-200
1.91251e-05
3.64885e-07
-200
1.15004e-05
4.4997e-07
-200
9.5898e-06
5.09983e-07
8.52038e-06
5.806e-07
-200
-200
4.11678e-05
3.87017e-07
-200
3.90339e-05
2.16119e-07
-200
3.7142e-05
2.19222e-07
-200
3.50995e-05
4.34308e-08
-200
3.27911e-05
-1.72973e-07
-200
3.03093e-05
-3.45237e-07
-200
2.77625e-05
-3.71823e-07
-200
2.51165e-05
-2.68548e-07
-200
2.2797e-05
-3.24134e-08
-200
2.14269e-05
2.07229e-07
-200
2.09239e-05
3.02711e-07
-200
2.09981e-05
3.11138e-07
-200
2.13612e-05
2.66854e-07
-200
2.18311e-05
2.42583e-07
-200
1.3196e-05
2.77819e-07
-200
1.0989e-05
3.4456e-07
9.71165e-06
3.63883e-07
-200
-200
4.46441e-05
3.37633e-07
-200
4.23741e-05
2.01887e-07
-200
4.03885e-05
1.97855e-07
-200
3.81894e-05
-1.42107e-08
-200
3.5692e-05
-1.91047e-07
-200
3.30561e-05
-3.3194e-07
-200
3.03212e-05
-2.21633e-07
-200
2.75662e-05
2.00485e-08
-200
2.53959e-05
3.76791e-07
-200
2.42534e-05
6.41584e-07
-200
2.38449e-05
6.92839e-07
-200
2.38718e-05
5.49842e-07
-200
2.40851e-05
3.92323e-07
-200
2.43539e-05
3.07275e-07
-200
1.48014e-05
3.21543e-07
-200
1.22623e-05
3.51966e-07
1.07519e-05
4.30831e-07
-200
-200
4.77035e-05
-4.95658e-08
-200
4.5393e-05
-1.73025e-08
-200
4.33506e-05
-9.85795e-08
-200
4.10092e-05
-2.83474e-07
-200
3.8332e-05
-5.06102e-07
-200
3.56407e-05
-4.34414e-07
-200
3.27415e-05
-2.39807e-07
-200
3.00823e-05
1.5458e-07
-200
2.82571e-05
6.0875e-07
-200
2.7335e-05
8.43521e-07
-200
2.69635e-05
7.75086e-07
-200
2.68292e-05
5.29515e-07
-200
2.67821e-05
2.54353e-07
-200
2.67925e-05
1.35553e-07
-200
1.64109e-05
1.28291e-07
-200
1.35333e-05
1.37289e-07
1.17486e-05
1.28939e-07
-200
-200
5.02045e-05
-5.85497e-08
-200
4.7952e-05
-3.06191e-08
-200
4.58957e-05
-9.33612e-08
-200
4.34452e-05
-2.66118e-07
-200
4.06962e-05
-4.28376e-07
-200
3.79208e-05
-2.29549e-07
-200
3.50004e-05
6.9085e-08
-200
3.26712e-05
5.90332e-07
-200
3.12269e-05
1.07883e-06
-200
3.0479e-05
1.21752e-06
-200
3.00344e-05
1.01821e-06
-200
2.96479e-05
5.73598e-07
-200
2.92651e-05
3.79835e-07
-200
2.89863e-05
2.00018e-07
-200
1.78324e-05
1.13563e-07
-200
1.45776e-05
7.14752e-08
1.25773e-05
1.32437e-07
-200
-200
5.22954e-05
-4.16379e-07
-200
5.02278e-05
-2.99087e-07
-200
4.81968e-05
-3.31986e-07
-200
4.56482e-05
-5.02508e-07
-200
4.29856e-05
-4.76127e-07
-200
4.01108e-05
-2.69409e-07
-200
3.73974e-05
1.5286e-07
-200
3.5518e-05
7.75366e-07
-200
3.43897e-05
1.21458e-06
-200
3.37096e-05
1.21303e-06
-200
3.30616e-05
9.20089e-07
-200
3.23197e-05
4.40873e-07
-200
3.16003e-05
2.3055e-07
-200
3.10183e-05
6.72961e-09
-200
1.91362e-05
-1.35713e-07
-200
1.55853e-05
-1.0434e-07
1.33909e-05
-1.75548e-07
-200
-200
5.3909e-05
-4.64697e-07
-200
5.20272e-05
-2.50977e-07
-200
5.00899e-05
-2.44115e-07
-200
4.75436e-05
-3.58755e-07
-200
4.49289e-05
-2.23231e-07
-200
4.21836e-05
-5.52215e-08
-200
3.98932e-05
5.71005e-07
-200
3.84104e-05
1.20756e-06
-200
3.75146e-05
1.51434e-06
-200
3.67503e-05
1.37907e-06
-200
3.57957e-05
8.48135e-07
-200
3.47085e-05
4.72039e-07
-200
3.3623e-05
3.41126e-07
-200
3.26858e-05
5.12718e-08
-200
2.01764e-05
-7.22455e-08
-200
1.63756e-05
-1.00608e-07
1.40522e-05
-9.49594e-08
-200
-200
5.50635e-05
-7.87465e-07
-200
5.34036e-05
-3.11159e-07
-200
5.18556e-05
-5.01474e-07
-200
4.92871e-05
-4.56671e-07
-200
4.66441e-05
-3.37465e-07
-200
4.43033e-05
3.41504e-08
-200
4.25506e-05
6.92317e-07
-200
4.14341e-05
1.30313e-06
-200
4.06424e-05
1.40179e-06
-200
3.96675e-05
1.17853e-06
-200
3.83491e-05
5.46544e-07
-200
3.69768e-05
3.42284e-07
-200
3.54786e-05
1.69646e-07
-200
3.41804e-05
-1.15117e-07
-200
2.11175e-05
-2.2792e-07
-200
1.70697e-05
-3.14644e-07
1.46034e-05
-3.57126e-07
-200
-200
5.57176e-05
-8.39759e-07
-200
5.45618e-05
-4.20171e-07
-200
5.30398e-05
-2.7628e-07
-200
5.05773e-05
-2.47913e-07
-200
4.81103e-05
8.08396e-09
-200
4.62864e-05
4.70428e-07
-200
4.5108e-05
1.05677e-06
-200
4.43313e-05
1.49198e-06
-200
4.35024e-05
1.44312e-06
-200
4.22491e-05
1.14885e-06
-200
4.05834e-05
5.70678e-07
-200
3.89529e-05
4.72013e-07
-200
3.70158e-05
2.95868e-07
-200
3.54015e-05
8.01499e-08
-200
2.1766e-05
-1.13348e-07
-200
1.74597e-05
-2.85344e-07
1.48059e-05
-3.33122e-07
-200
-200
-6.82786e-07
-200
5.55361e-05
-6.74475e-07
-200
5.37245e-05
-5.18443e-07
-200
5.14837e-05
-4.64117e-07
-200
4.94943e-05
5.90171e-08
-200
4.82768e-05
4.91689e-07
-200
4.76898e-05
1.07363e-06
-200
4.71331e-05
1.22745e-06
-200
4.61816e-05
1.09477e-06
-200
4.46198e-05
7.90485e-07
-200
4.27172e-05
5.28044e-07
-200
4.07426e-05
3.21075e-07
-200
3.84677e-05
2.07521e-07
-200
3.65758e-05
8.66634e-08
-200
2.22897e-05
-1.64171e-07
-200
1.77051e-05
-3.74662e-07
1.4883e-05
-5.9035e-07
-200
-200
5.55391e-05
-4.3308e-07
-200
5.35642e-05
-1.74757e-07
-200
5.17604e-05
-1.65569e-07
-200
5.05562e-05
2.44759e-07
-200
5.00768e-05
7.11683e-07
-200
4.99563e-05
1.13026e-06
-200
4.95562e-05
1.14304e-06
-200
4.84682e-05
9.64566e-07
-200
4.66538e-05
7.58596e-07
-200
4.47157e-05
5.26516e-07
-200
4.23495e-05
5.08157e-07
-200
3.98112e-05
4.79e-07
-200
3.76851e-05
3.56014e-07
-200
2.25982e-05
1.21644e-07
-200
1.76774e-05
-2.15604e-07
1.46887e-05
-3.76652e-07
-200
-200
5.48895e-05
-3.8213e-07
-200
5.30469e-05
-4.47527e-07
-200
5.18577e-05
-2.09482e-07
-200
5.14299e-05
1.60605e-07
-200
5.16769e-05
6.00452e-07
-200
5.19722e-05
7.75852e-07
-200
5.16783e-05
7.15401e-07
-200
5.05146e-05
5.59315e-07
-200
4.85937e-05
5.07706e-07
-200
4.66936e-05
3.41267e-07
-200
4.41004e-05
4.93859e-07
-200
4.14196e-05
5.28814e-07
-200
3.90776e-05
4.344e-07
-200
2.29495e-05
2.3888e-07
-200
1.76027e-05
-1.66558e-07
1.43725e-05
-4.99957e-07
-200
-200
5.40591e-05
-2.2579e-07
-200
5.20858e-05
1.67447e-07
-200
5.17345e-05
2.0688e-07
-200
5.20303e-05
3.80988e-07
-200
5.28042e-05
6.14325e-07
-200
5.35045e-05
6.68672e-07
-200
5.32708e-05
5.4155e-07
-200
5.21707e-05
4.53492e-07
-200
5.03482e-05
5.01042e-07
-200
4.85128e-05
4.3962e-07
-200
4.59866e-05
7.04322e-07
-200
4.33009e-05
8.32565e-07
-200
4.0784e-05
8.41882e-07
-200
2.333e-05
4.61145e-07
-200
1.74118e-05
1.37443e-07
1.39892e-05
-8.85586e-08
-200
-200
5.3359e-05
-3.106e-07
-200
5.1576e-05
-1.02067e-08
-200
5.17239e-05
5.75252e-08
-200
5.25044e-05
1.82506e-07
-200
5.37118e-05
1.99871e-07
-200
5.46043e-05
1.74238e-07
-200
5.44694e-05
4.02303e-08
-200
5.35911e-05
2.50005e-08
-200
5.20655e-05
1.57682e-07
-200
5.03606e-05
1.68566e-07
-200
4.8216e-05
5.10391e-07
-200
4.56257e-05
8.20553e-07
-200
4.3051e-05
9.33006e-07
-200
2.39439e-05
7.55099e-07
-200
1.74234e-05
4.22009e-07
1.39745e-05
8.5006e-08
-200
-200
5.26043e-05
-2.39104e-07
-200
5.13219e-05
-1.38739e-07
-200
5.18298e-05
1.68221e-08
-200
5.28491e-05
5.16506e-08
-200
5.42236e-05
4.43862e-08
-200
5.50211e-05
-3.01647e-08
-200
5.50764e-05
-6.13505e-08
-200
5.45873e-05
-8.37278e-08
-200
5.35228e-05
5.03114e-08
-200
5.20922e-05
1.6776e-07
-200
5.04974e-05
5.4573e-07
-200
4.81713e-05
1.03453e-06
-200
4.56624e-05
1.32895e-06
-200
2.47403e-05
1.28521e-06
-200
1.76962e-05
9.7558e-07
1.4339e-05
8.01228e-07
-200
-200
5.22371e-05
-7.9e-07
-200
5.1506e-05
-6.87389e-07
-200
5.20659e-05
-3.32216e-07
-200
5.31811e-05
-3.44513e-07
-200
5.42436e-05
-3.50083e-07
-200
5.50246e-05
-4.09746e-07
-200
5.53069e-05
-5.18452e-07
-200
5.52568e-05
-3.31773e-07
-200
5.47803e-05
-3.47844e-07
-200
5.38647e-05
-1.01749e-07
-200
5.26568e-05
3.52955e-07
-200
5.09136e-05
9.2707e-07
-200
4.88109e-05
1.33142e-06
-200
2.59458e-05
1.52009e-06
-200
1.87229e-05
1.37763e-06
1.52813e-05
1.13296e-06
-200
-200
5.11207e-05
-4.12493e-07
-200
5.17077e-05
-3.93057e-07
-200
5.21463e-05
-2.47135e-07
-200
5.30605e-05
-1.044e-07
-200
5.38114e-05
-1.54743e-07
-200
5.44382e-05
-1.73046e-07
-200
5.49654e-05
-2.1779e-07
-200
5.54029e-05
-1.5264e-07
-200
5.54286e-05
-9.2003e-08
-200
5.51524e-05
3.25651e-07
-200
5.44216e-05
7.66961e-07
-200
5.34301e-05
1.14925e-06
-200
5.20413e-05
1.99852e-06
-200
2.76101e-05
2.41896e-06
-200
2.02693e-05
2.37624e-06
1.64088e-05
2.29586e-06
-200
-200
4.97973e-05
2.03434e-08
-200
5.18739e-05
-3.39561e-07
-200
5.21416e-05
-9.77381e-08
-200
5.25894e-05
-5.83889e-08
-200
5.31747e-05
2.61883e-07
-200
5.38698e-05
2.63508e-07
-200
5.45136e-05
1.04974e-07
-200
5.52332e-05
-2.61757e-07
-200
5.57106e-05
-1.87643e-07
-200
5.6199e-05
-1.60454e-07
-200
5.62002e-05
3.51922e-07
-200
5.60681e-05
1.12024e-06
-200
5.5619e-05
1.91469e-06
-200
3.02114e-05
2.58392e-06
-200
2.27457e-05
2.73498e-06
1.89303e-05
2.17993e-06
-200
-200
7.36614e-07
4.87516e-05
-200
5.85839e-07
5.15691e-05
-200
5.5011e-07
5.15679e-05
-200
1.14873e-06
5.18709e-05
-200
1.40805e-06
5.22082e-05
-200
1.16306e-06
5.28322e-05
-200
6.09775e-07
5.36625e-05
-200
2.38481e-07
5.46742e-05
-200
-5.44853e-07
5.57857e-05
-200
-2.14178e-07
5.65485e-05
-200
8.61135e-08
5.78562e-05
-200
8.67766e-07
5.86524e-05
-200
1.91947e-06
5.9477e-05
-200
2.7983e-06
3.29943e-05
-200
2.4327e-06
2.53055e-05
2.22779e-06
-200
-1.84292e-06
2.2779e-05
-200
5.46378e-06
1.96062e-06
-200
5.25907e-06
1.93984e-06
-200
4.96312e-06
1.89982e-06
-200
4.6542e-06
1.76396e-06
-200
4.33456e-06
1.47607e-06
-200
3.98624e-06
1.10471e-06
-200
3.659e-06
6.79156e-07
-200
3.30298e-06
2.56886e-07
-200
2.98299e-06
-1.70525e-08
-200
2.7366e-06
-6.87036e-08
-200
2.57977e-06
3.24141e-08
-200
2.51136e-06
2.38601e-07
-200
2.52417e-06
5.18148e-07
-200
2.63662e-06
7.16374e-07
-200
1.54629e-06
9.55506e-07
-200
1.25116e-06
1.18928e-06
1.10439e-06
1.20477e-06
-200
-200
1.12226e-05
8.38619e-07
-200
1.07016e-05
8.17687e-07
-200
1.01386e-05
8.42173e-07
-200
9.52698e-06
7.92719e-07
-200
8.86517e-06
5.82726e-07
-200
8.1751e-06
3.24912e-07
-200
7.49724e-06
-1.15076e-09
-200
6.783e-06
-3.12837e-07
-200
6.13678e-06
-4.93237e-07
-200
5.64126e-06
-4.71013e-07
-200
5.3275e-06
-3.2278e-07
-200
5.20058e-06
-9.48688e-08
-200
5.24003e-06
1.93176e-07
-200
5.42361e-06
4.33798e-07
-200
3.17488e-06
6.39505e-07
-200
2.58136e-06
8.47336e-07
2.28505e-06
8.67851e-07
-200
-200
1.68533e-05
9.57417e-07
-200
1.60367e-05
8.67906e-07
-200
1.52111e-05
8.73185e-07
-200
1.43178e-05
7.7514e-07
-200
1.33262e-05
5.82584e-07
-200
1.23152e-05
3.37204e-07
-200
1.12629e-05
1.64696e-08
-200
1.02068e-05
-2.70229e-07
-200
9.23506e-06
-4.35233e-07
-200
8.50111e-06
-4.02901e-07
-200
8.04316e-06
-2.56388e-07
-200
7.87111e-06
-3.97919e-08
-200
7.9431e-06
2.2514e-07
-200
8.19376e-06
4.65411e-07
-200
4.78132e-06
6.70366e-07
-200
3.91648e-06
8.4788e-07
3.49751e-06
8.8731e-07
-200
-200
2.2251e-05
9.53257e-07
-200
2.11605e-05
8.11789e-07
-200
2.00848e-05
8.07794e-07
-200
1.89113e-05
6.87745e-07
-200
1.76225e-05
4.93997e-07
-200
1.6281e-05
2.63651e-07
-200
1.48835e-05
-2.29203e-08
-200
1.34973e-05
-2.73219e-07
-200
1.22247e-05
-4.00861e-07
-200
1.12679e-05
-3.51372e-07
-200
1.06909e-05
-2.04417e-07
-200
1.04932e-05
-7.56931e-09
-200
1.0604e-05
2.28956e-07
-200
1.0928e-05
4.30138e-07
-200
6.37939e-06
6.21819e-07
-200
5.28366e-06
7.73003e-07
4.71933e-06
8.11595e-07
-200
-200
2.73665e-05
9.52032e-07
-200
2.60376e-05
7.83612e-07
-200
2.47291e-05
7.85343e-07
-200
2.32922e-05
6.57631e-07
-200
2.17328e-05
4.4917e-07
-200
2.00676e-05
2.33301e-07
-200
1.83757e-05
-5.69908e-09
-200
1.66693e-05
-2.04094e-07
-200
1.51318e-05
-2.73256e-07
-200
1.39711e-05
-2.02146e-07
-200
1.33114e-05
-5.17201e-08
-200
1.31081e-05
1.30894e-07
-200
1.32724e-05
3.08884e-07
-200
1.36587e-05
4.78039e-07
-200
8.02623e-06
6.5299e-07
-200
6.6533e-06
8.03668e-07
5.95136e-06
8.42366e-07
-200
-200
3.21318e-05
7.29304e-07
-200
3.05683e-05
6.04043e-07
-200
2.90467e-05
5.83065e-07
-200
2.7385e-05
4.58859e-07
-200
2.55626e-05
2.45997e-07
-200
2.36354e-05
6.91539e-08
-200
2.16637e-05
-1.24535e-07
-200
1.96967e-05
-2.42583e-07
-200
1.7932e-05
-2.40757e-07
-200
1.66158e-05
-1.34179e-07
-200
1.59231e-05
1.74502e-08
-200
1.57515e-05
1.61167e-07
-200
1.59543e-05
2.77132e-07
-200
1.63734e-05
3.95871e-07
-200
9.69228e-06
5.36368e-07
-200
8.04071e-06
6.40549e-07
7.12442e-06
6.40605e-07
-200
-200
3.6491e-05
7.1313e-07
-200
3.47266e-05
5.47815e-07
-200
3.30252e-05
5.37614e-07
-200
3.11738e-05
4.06439e-07
-200
2.9136e-05
1.94765e-07
-200
2.69888e-05
5.37628e-08
-200
2.47612e-05
-8.05403e-08
-200
2.25853e-05
-1.07039e-07
-200
2.06486e-05
-1.73033e-08
-200
1.92594e-05
1.39385e-07
-200
1.85856e-05
2.80845e-07
-200
1.84377e-05
3.62823e-07
-200
1.86462e-05
4.1094e-07
-200
1.90497e-05
4.74929e-07
-200
1.13625e-05
5.60269e-07
-200
9.37812e-06
6.36247e-07
8.2854e-06
6.78525e-07
-200
-200
4.04448e-05
3.9409e-07
-200
3.85064e-05
2.87118e-07
-200
3.66793e-05
2.65312e-07
-200
3.46711e-05
1.28047e-07
-200
3.24428e-05
-7.06852e-08
-200
3.00819e-05
-1.77471e-07
-200
2.76874e-05
-2.14709e-07
-200
2.53633e-05
-1.32593e-07
-200
2.33422e-05
6.4907e-08
-200
2.19835e-05
2.70316e-07
-200
2.13423e-05
3.75662e-07
-200
2.12082e-05
3.79581e-07
-200
2.13709e-05
3.40614e-07
-200
2.16848e-05
3.28519e-07
-200
1.30293e-05
3.69295e-07
-200
1.07207e-05
4.08435e-07
9.41832e-06
4.23297e-07
-200
-200
4.3933e-05
3.8063e-07
-200
4.19045e-05
2.50539e-07
-200
3.99873e-05
2.46174e-07
-200
3.78462e-05
9.1434e-08
-200
3.54612e-05
-9.62217e-08
-200
3.29324e-05
-1.44441e-07
-200
3.04384e-05
-8.0414e-08
-200
2.80506e-05
1.24139e-07
-200
2.60513e-05
4.24573e-07
-200
2.48122e-05
6.50323e-07
-200
2.42141e-05
6.97797e-07
-200
2.40204e-05
6.02462e-07
-200
2.40544e-05
4.73937e-07
-200
2.42117e-05
3.96899e-07
-200
1.46446e-05
3.97522e-07
-200
1.20082e-05
4.4414e-07
1.04868e-05
4.74421e-07
-200
-200
4.69655e-05
-1.18293e-08
-200
4.49359e-05
-1.71707e-08
-200
4.29635e-05
-5.6158e-08
-200
4.07193e-05
-2.03328e-07
-200
3.81791e-05
-3.64654e-07
-200
3.56088e-05
-3.0797e-07
-200
3.30699e-05
-1.37703e-07
-200
3.071e-05
1.90009e-07
-200
2.88553e-05
5.7272e-07
-200
2.77629e-05
7.73648e-07
-200
2.71632e-05
7.33568e-07
-200
2.68499e-05
5.3693e-07
-200
2.66681e-05
3.23725e-07
-200
2.66192e-05
1.95741e-07
-200
1.6213e-05
1.73247e-07
-200
1.32647e-05
1.71773e-07
1.14591e-05
1.68505e-07
-200
-200
4.95121e-05
-7.05238e-09
-200
4.75711e-05
-2.2872e-08
-200
4.559e-05
-3.16941e-08
-200
4.32856e-05
-1.70694e-07
-200
4.06328e-05
-2.74867e-07
-200
3.81311e-05
-1.13192e-07
-200
3.55925e-05
1.40427e-07
-200
3.3371e-05
5.72863e-07
-200
3.17479e-05
9.89881e-07
-200
3.07613e-05
1.11666e-06
-200
3.00883e-05
9.72046e-07
-200
2.95566e-05
6.46318e-07
-200
2.91492e-05
4.36026e-07
-200
2.88359e-05
2.7333e-07
-200
1.76432e-05
2.03836e-07
-200
1.43392e-05
1.93015e-07
1.23284e-05
2.13564e-07
-200
-200
5.16437e-05
-4.18304e-07
-200
4.98243e-05
-2.89795e-07
-200
4.79213e-05
-3.17116e-07
-200
4.56107e-05
-4.17572e-07
-200
4.29466e-05
-4.20437e-07
-200
4.05365e-05
-2.06028e-07
-200
3.80864e-05
1.24754e-07
-200
3.61096e-05
6.55564e-07
-200
3.47215e-05
1.04624e-06
-200
3.37664e-05
1.06413e-06
-200
3.29723e-05
8.19818e-07
-200
3.2165e-05
4.75439e-07
-200
3.14746e-05
2.32042e-07
-200
3.08758e-05
5.53204e-08
-200
1.89615e-05
-5.6323e-08
-200
1.53685e-05
-8.42762e-08
1.31305e-05
-1.06422e-07
-200
-200
5.318e-05
-3.44343e-07
-200
5.16461e-05
-2.18575e-07
-200
4.99892e-05
-2.29077e-07
-200
4.76844e-05
-2.76484e-07
-200
4.5101e-05
-1.66539e-07
-200
4.2741e-05
-2.38811e-08
-200
4.05624e-05
4.82905e-07
-200
3.8875e-05
1.04287e-06
-200
3.76614e-05
1.33401e-06
-200
3.66428e-05
1.23505e-06
-200
3.56043e-05
9.09406e-07
-200
3.45639e-05
5.10156e-07
-200
3.3549e-05
3.69974e-07
-200
3.26506e-05
1.54435e-07
-200
2.00926e-05
2.64041e-08
-200
1.62212e-05
-1.05189e-08
1.38125e-05
-1.04088e-08
-200
-200
5.43185e-05
-7.12785e-07
-200
5.33382e-05
-4.81923e-07
-200
5.17365e-05
-4.93412e-07
-200
4.95347e-05
-4.73681e-07
-200
4.7017e-05
-2.52943e-07
-200
4.47659e-05
4.55369e-08
-200
4.29974e-05
5.59153e-07
-200
4.16364e-05
1.06611e-06
-200
4.05206e-05
1.19142e-06
-200
3.93743e-05
1.00738e-06
-200
3.80546e-05
6.04322e-07
-200
3.6794e-05
3.25874e-07
-200
3.54397e-05
1.68045e-07
-200
3.42234e-05
-4.17176e-08
-200
2.10951e-05
-1.7767e-07
-200
1.69713e-05
-2.7276e-07
1.43814e-05
-3.4174e-07
-200
-200
5.47228e-05
-5.0197e-07
-200
5.47022e-05
-3.97287e-07
-200
5.31658e-05
-3.8627e-07
-200
5.09379e-05
-2.58569e-07
-200
4.85941e-05
6.22702e-08
-200
4.66738e-05
4.49246e-07
-200
4.53123e-05
9.33893e-07
-200
4.4247e-05
1.30104e-06
-200
4.31654e-05
1.28675e-06
-200
4.18503e-05
1.06339e-06
-200
4.02595e-05
6.65351e-07
-200
3.8789e-05
4.90761e-07
-200
3.70999e-05
3.4331e-07
-200
3.55844e-05
1.63836e-07
-200
2.18732e-05
-2.53749e-09
-200
1.74752e-05
-1.40764e-07
1.47383e-05
-2.16789e-07
-200
-200
5.56103e-05
-7.5783e-07
-200
5.52908e-05
-5.42544e-07
-200
5.39961e-05
-5.64215e-07
-200
5.17667e-05
-4.95501e-07
-200
4.98248e-05
2.04996e-08
-200
4.84462e-05
4.14008e-07
-200
4.75507e-05
8.56635e-07
-200
4.66964e-05
1.03143e-06
-200
4.56056e-05
9.44387e-07
-200
4.41233e-05
7.32045e-07
-200
4.23742e-05
5.12501e-07
-200
4.06369e-05
3.24786e-07
-200
3.86627e-05
2.2069e-07
-200
3.68986e-05
8.17384e-08
-200
2.25573e-05
-1.12031e-07
-200
1.78986e-05
-3.22646e-07
1.49685e-05
-4.82259e-07
-200
-200
-3.16366e-07
-200
5.50777e-05
-3.91596e-07
-200
5.40529e-05
-2.78424e-07
-200
5.20331e-05
-1.39657e-07
-200
5.07039e-05
2.56937e-07
-200
4.99605e-05
6.48368e-07
-200
4.9516e-05
9.89979e-07
-200
4.8849e-05
1.02986e-06
-200
4.7748e-05
9.16321e-07
-200
4.61429e-05
7.66886e-07
-200
4.43419e-05
5.80266e-07
-200
4.23643e-05
5.42893e-07
-200
4.01747e-05
5.0639e-07
-200
3.81929e-05
3.96264e-07
-200
2.31168e-05
1.79476e-07
-200
1.81145e-05
-6.26252e-08
1.5035e-05
-2.37006e-07
-200
-200
5.48693e-05
-3.92947e-07
-200
5.32514e-05
-4.90853e-07
-200
5.19349e-05
-1.44273e-07
-200
5.13743e-05
1.51853e-07
-200
5.12413e-05
4.85392e-07
-200
5.11872e-05
6.74256e-07
-200
5.07078e-05
6.44857e-07
-200
4.9645e-05
5.51251e-07
-200
4.80258e-05
4.97717e-07
-200
4.62757e-05
3.60265e-07
-200
4.41708e-05
4.55541e-07
-200
4.18387e-05
4.97862e-07
-200
3.97127e-05
4.29467e-07
-200
2.37093e-05
2.11876e-07
-200
1.83033e-05
-1.12233e-07
1.49996e-05
-3.61912e-07
-200
-200
5.4689e-05
4.23074e-08
-200
5.21695e-05
9.10009e-08
-200
5.17754e-05
1.87855e-07
-200
5.18978e-05
3.65293e-07
-200
5.22394e-05
5.31075e-07
-200
5.2528e-05
6.13482e-07
-200
5.2228e-05
5.50784e-07
-200
5.12879e-05
4.89249e-07
-200
4.97863e-05
5.20108e-07
-200
4.81566e-05
4.50227e-07
-200
4.61157e-05
6.3885e-07
-200
4.37633e-05
7.92051e-07
-200
4.15676e-05
8.06559e-07
-200
2.42713e-05
5.21908e-07
-200
1.83959e-05
2.56855e-07
1.4993e-05
5.01654e-08
-200
-200
5.44101e-05
-2.68996e-07
-200
5.15265e-05
1.60655e-08
-200
5.17464e-05
2.38522e-08
-200
5.23091e-05
1.5464e-07
-200
5.29917e-05
1.2519e-07
-200
5.35278e-05
1.36775e-07
-200
5.3413e-05
7.49733e-08
-200
5.26945e-05
5.9259e-08
-200
5.14516e-05
1.67564e-07
-200
5.00132e-05
1.31399e-07
-200
4.8246e-05
4.38934e-07
-200
4.6045e-05
7.40358e-07
-200
4.38657e-05
8.68451e-07
-200
2.50141e-05
7.3469e-07
-200
1.86677e-05
3.909e-07
1.52379e-05
1.75539e-07
-200
-200
5.38526e-05
-9.66239e-08
-200
5.15986e-05
-1.09037e-07
-200
5.18716e-05
5.02128e-08
-200
5.264e-05
2.87678e-08
-200
5.33989e-05
5.59392e-08
-200
5.41009e-05
1.12636e-08
-200
5.42291e-05
-3.14422e-08
-200
5.38209e-05
-3.62644e-08
-200
5.28458e-05
1.36587e-07
-200
5.17967e-05
1.36272e-07
-200
5.05111e-05
5.30805e-07
-200
4.85488e-05
1.01498e-06
-200
4.65709e-05
1.31013e-06
-200
2.59469e-05
1.20705e-06
-200
1.92171e-05
9.7508e-07
1.58641e-05
8.74689e-07
-200
-200
5.33076e-05
-9.6354e-07
-200
5.21096e-05
-7.1067e-07
-200
5.22104e-05
-4.22893e-07
-200
5.27573e-05
-3.52065e-07
-200
5.35854e-05
-3.82008e-07
-200
5.42369e-05
-4.28755e-07
-200
5.46474e-05
-5.18175e-07
-200
5.46863e-05
-4.29066e-07
-200
5.42255e-05
-4.30018e-07
-200
5.35754e-05
-1.40674e-07
-200
5.26753e-05
3.46406e-07
-200
5.12481e-05
9.42802e-07
-200
4.9541e-05
1.30892e-06
-200
2.73005e-05
1.3236e-06
-200
2.03035e-05
1.31724e-06
1.69762e-05
1.10481e-06
-200
-200
5.24103e-05
-3.00646e-07
-200
5.22765e-05
-3.93074e-07
-200
5.22858e-05
-1.99552e-07
-200
5.26259e-05
-1.01475e-07
-200
5.33076e-05
-1.30817e-07
-200
5.39215e-05
-1.42997e-07
-200
5.47451e-05
-2.53194e-07
-200
5.52178e-05
-2.99228e-07
-200
5.53395e-05
-1.5653e-07
-200
5.51452e-05
3.411e-07
-200
5.4666e-05
7.56403e-07
-200
5.3793e-05
1.36348e-06
-200
5.26219e-05
2.0461e-06
-200
2.90246e-05
2.19491e-06
-200
2.18741e-05
2.31827e-06
1.8435e-05
2.11869e-06
-200
-200
5.10305e-05
-3.38252e-07
-200
5.22719e-05
-3.38656e-07
-200
5.22673e-05
-3.38426e-07
-200
5.24708e-05
-2.60105e-07
-200
5.30521e-05
-1.18278e-07
-200
5.39787e-05
-2.4014e-07
-200
5.49109e-05
-3.17272e-07
-200
5.55637e-05
-3.99032e-07
-200
5.62291e-05
-4.16115e-07
-200
5.6538e-05
-2.55551e-07
-200
5.6594e-05
4.42051e-07
-200
5.65395e-05
8.70929e-07
-200
5.6312e-05
1.40075e-06
-200
3.13285e-05
2.07867e-06
-200
2.43019e-05
1.97287e-06
2.04074e-05
1.89048e-06
-200
-200
7.87023e-07
4.95807e-05
-200
6.83408e-07
5.14374e-05
-200
7.50624e-07
5.1692e-05
-200
9.49777e-07
5.19906e-05
-200
1.12754e-06
5.27228e-05
-200
1.2338e-06
5.34266e-05
-200
1.00408e-06
5.42797e-05
-200
5.15579e-07
5.52935e-05
-200
3.13871e-07
5.60451e-05
-200
5.36819e-07
5.69715e-05
-200
4.87635e-07
5.78027e-05
-200
1.10076e-06
5.88594e-05
-200
1.97366e-06
5.94517e-05
-200
2.472e-06
3.33724e-05
-200
2.92776e-06
2.59635e-05
2.37438e-06
-200
2.29036e-05
-200
5.68951e-06
1.60512e-06
-200
5.4863e-06
1.53366e-06
-200
5.18049e-06
1.50765e-06
-200
4.85118e-06
1.43118e-06
-200
4.50477e-06
1.27226e-06
-200
4.14968e-06
1.05195e-06
-200
3.79201e-06
7.99951e-07
-200
3.43613e-06
5.62046e-07
-200
3.11376e-06
4.00943e-07
-200
2.86275e-06
3.61754e-07
-200
2.69843e-06
4.10305e-07
-200
2.61711e-06
5.20863e-07
-200
2.61583e-06
6.77889e-07
-200
2.69072e-06
7.93174e-07
-200
1.59881e-06
9.20397e-07
-200
1.30683e-06
1.05414e-06
1.14403e-06
1.04048e-06
-200
-200
1.12498e-05
9.7094e-07
-200
1.07662e-05
9.25153e-07
-200
1.02143e-05
9.3382e-07
-200
9.60537e-06
8.83708e-07
-200
8.92419e-06
7.7837e-07
-200
8.23599e-06
6.22182e-07
-200
7.54874e-06
4.35073e-07
-200
6.86712e-06
2.56298e-07
-200
6.24706e-06
1.46348e-07
-200
5.76481e-06
1.44692e-07
-200
5.44859e-06
2.19173e-07
-200
5.30163e-06
3.41838e-07
-200
5.30972e-06
5.07524e-07
-200
5.43938e-06
6.35454e-07
-200
3.14672e-06
7.57763e-07
-200
2.56372e-06
8.71463e-07
2.27215e-06
8.8058e-07
-200
-200
1.67516e-05
9.589e-07
-200
1.59862e-05
8.90623e-07
-200
1.51811e-05
8.9625e-07
-200
1.4292e-05
8.28983e-07
-200
1.33092e-05
7.13295e-07
-200
1.22904e-05
5.61943e-07
-200
1.1274e-05
3.94446e-07
-200
1.0271e-05
2.30544e-07
-200
9.35915e-06
1.31691e-07
-200
8.6556e-06
1.35273e-07
-200
8.20033e-06
2.10291e-07
-200
7.99872e-06
3.29239e-07
-200
8.02167e-06
4.8244e-07
-200
8.21328e-06
6.05497e-07
-200
4.73309e-06
7.33091e-07
-200
3.87385e-06
8.43341e-07
3.46475e-06
8.4745e-07
-200
-200
2.20356e-05
9.23058e-07
-200
2.09927e-05
8.64007e-07
-200
1.99377e-05
8.57027e-07
-200
1.87758e-05
7.86304e-07
-200
1.75143e-05
6.5895e-07
-200
1.61841e-05
5.18846e-07
-200
1.4854e-05
3.7689e-07
-200
1.35467e-05
2.30279e-07
-200
1.23652e-05
1.48695e-07
-200
1.14554e-05
1.62548e-07
-200
1.08829e-05
2.37921e-07
-200
1.06416e-05
3.47711e-07
-200
1.06854e-05
4.85424e-07
-200
1.09331e-05
5.87877e-07
-200
6.31101e-06
6.99997e-07
-200
5.18329e-06
7.83301e-07
4.62634e-06
8.07139e-07
-200
-200
2.7078e-05
8.76958e-07
-200
2.57956e-05
7.86577e-07
-200
2.45134e-05
7.83222e-07
-200
2.31008e-05
7.08369e-07
-200
2.15712e-05
5.77812e-07
-200
1.9956e-05
4.56253e-07
-200
1.83389e-05
3.34671e-07
-200
1.67521e-05
2.14598e-07
-200
1.53307e-05
1.64578e-07
-200
1.4236e-05
1.94513e-07
-200
1.35741e-05
2.76264e-07
-200
1.3311e-05
3.8461e-07
-200
1.33779e-05
4.85073e-07
-200
1.36697e-05
5.76839e-07
-200
7.95334e-06
6.76119e-07
-200
6.55179e-06
7.75299e-07
5.84374e-06
7.76316e-07
-200
-200
3.17319e-05
7.24426e-07
-200
3.02365e-05
6.69468e-07
-200
2.87559e-05
6.52671e-07
-200
2.71233e-05
5.77881e-07
-200
2.53502e-05
4.51581e-07
-200
2.34855e-05
3.62736e-07
-200
2.16166e-05
2.544e-07
-200
1.97904e-05
1.7215e-07
-200
1.81681e-05
1.61827e-07
-200
1.69291e-05
2.14592e-07
-200
1.62127e-05
3.00568e-07
-200
1.59443e-05
3.86828e-07
-200
1.60269e-05
4.5427e-07
-200
1.63373e-05
5.18785e-07
-200
9.57546e-06
5.99921e-07
-200
7.888e-06
6.52743e-07
6.97362e-06
6.62397e-07
-200
-200
3.60682e-05
6.66016e-07
-200
3.43943e-05
5.7246e-07
-200
3.27513e-05
5.65502e-07
-200
3.09319e-05
4.87854e-07
-200
2.89467e-05
3.63598e-07
-200
2.6867e-05
3.07157e-07
-200
2.47862e-05
2.2104e-07
-200
2.27664e-05
1.8985e-07
-200
2.09914e-05
2.33015e-07
-200
1.96665e-05
3.19183e-07
-200
1.89286e-05
4.04687e-07
-200
1.86565e-05
4.58902e-07
-200
1.87297e-05
4.92796e-07
-200
1.90183e-05
5.28841e-07
-200
1.12517e-05
5.79386e-07
-200
9.2516e-06
6.38648e-07
8.15228e-06
6.36789e-07
-200
-200
3.99365e-05
4.38235e-07
-200
3.81325e-05
3.97181e-07
-200
3.63627e-05
3.7727e-07
-200
3.43926e-05
3.01048e-07
-200
3.22291e-05
1.84473e-07
-200
2.99708e-05
1.59796e-07
-200
2.77363e-05
1.1463e-07
-200
2.55842e-05
1.48089e-07
-200
2.37231e-05
2.52755e-07
-200
2.23835e-05
3.70215e-07
-200
2.1645e-05
4.39006e-07
-200
2.13546e-05
4.50815e-07
-200
2.13755e-05
4.34018e-07
-200
2.15872e-05
4.27284e-07
-200
1.28649e-05
4.51276e-07
-200
1.05479e-05
4.63381e-07
9.21966e-06
4.76005e-07
-200
-200
4.34457e-05
3.86802e-07
-200
4.15773e-05
3.05869e-07
-200
3.97218e-05
3.04973e-07
-200
3.76333e-05
2.24634e-07
-200
3.53246e-05
1.1676e-07
-200
3.29341e-05
1.26392e-07
-200
3.06113e-05
1.35724e-07
-200
2.83952e-05
2.42538e-07
-200
2.65202e-05
4.09269e-07
-200
2.52251e-05
5.43792e-07
-200
2.44875e-05
5.82491e-07
-200
2.41393e-05
5.43142e-07
-200
2.40482e-05
4.78269e-07
-200
2.41242e-05
4.34106e-07
-200
1.45024e-05
4.30258e-07
-200
1.18586e-05
4.67807e-07
1.03254e-05
4.5765e-07
-200
-200
4.64385e-05
1.11117e-07
-200
4.45817e-05
1.1684e-07
-200
4.26834e-05
9.84406e-08
-200
4.05164e-05
2.69928e-08
-200
3.81014e-05
-5.69314e-08
-200
3.56516e-05
-4.7975e-10
-200
3.33102e-05
7.30783e-08
-200
3.10993e-05
2.53587e-07
-200
2.92863e-05
4.68763e-07
-200
2.80665e-05
5.92033e-07
-200
2.73073e-05
5.83091e-07
-200
2.68541e-05
4.85905e-07
-200
2.65859e-05
3.73505e-07
-200
2.64749e-05
2.96055e-07
-200
1.60259e-05
2.76135e-07
-200
1.30552e-05
2.56747e-07
1.12596e-05
2.73061e-07
-200
-200
4.90599e-05
7.96627e-08
-200
4.72824e-05
5.63307e-08
-200
4.54013e-05
6.56165e-08
-200
4.32021e-05
1.21923e-09
-200
4.07285e-05
-4.81583e-08
-200
3.83103e-05
5.69405e-08
-200
3.59826e-05
1.86299e-07
-200
3.3849e-05
4.3072e-07
-200
3.21588e-05
6.69791e-07
-200
3.10015e-05
7.53784e-07
-200
3.01732e-05
6.89396e-07
-200
2.9542e-05
5.4053e-07
-200
2.90676e-05
4.02979e-07
-200
2.87354e-05
3.05275e-07
-200
1.75167e-05
2.62484e-07
-200
1.42085e-05
2.70295e-07
1.21974e-05
2.58056e-07
-200
-200
5.11446e-05
-2.00204e-07
-200
4.95435e-05
-1.30845e-07
-200
4.77374e-05
-1.33658e-07
-200
4.55636e-05
-1.67548e-07
-200
4.31059e-05
-1.55415e-07
-200
4.07098e-05
-2.04953e-08
-200
3.84835e-05
1.44057e-07
-200
3.65061e-05
4.50234e-07
-200
3.49672e-05
6.8083e-07
-200
3.38279e-05
7.02642e-07
-200
3.28865e-05
5.82261e-07
-200
3.20533e-05
4.01947e-07
-200
3.13421e-05
2.43907e-07
-200
3.07489e-05
1.42019e-07
-200
1.88325e-05
7.82006e-08
-200
1.52132e-05
3.9069e-08
1.29651e-05
4.08702e-08
-200
-200
5.28563e-05
-1.76639e-07
-200
5.15374e-05
-1.42996e-07
-200
4.98614e-05
-1.10527e-07
-200
4.7758e-05
-1.17991e-07
-200
4.53689e-05
-4.33643e-08
-200
4.2978e-05
7.98011e-08
-200
4.09549e-05
3.08137e-07
-200
3.92011e-05
6.31981e-07
-200
3.77971e-05
8.15292e-07
-200
3.66168e-05
7.75477e-07
-200
3.55156e-05
6.13331e-07
-200
3.44274e-05
4.21943e-07
-200
3.35048e-05
2.81521e-07
-200
3.26176e-05
1.73526e-07
-200
2.00697e-05
9.72719e-08
-200
1.61551e-05
7.84121e-08
1.37304e-05
5.60836e-08
-200
-200
5.40529e-05
-4.40965e-07
-200
5.31088e-05
-3.08458e-07
-200
5.16213e-05
-2.86566e-07
-200
4.95837e-05
-2.55618e-07
-200
4.72882e-05
-1.18284e-07
-200
4.50605e-05
9.53274e-08
-200
4.32353e-05
3.60985e-07
-200
4.17378e-05
6.24578e-07
-200
4.043e-05
7.13674e-07
-200
3.91693e-05
6.23083e-07
-200
3.78708e-05
4.38961e-07
-200
3.65821e-05
2.59436e-07
-200
3.53875e-05
1.41376e-07
-200
3.42241e-05
2.72602e-08
-200
2.10978e-05
-6.26481e-08
-200
1.69141e-05
-1.36339e-07
1.42783e-05
-1.59539e-07
-200
-200
5.50648e-05
-3.05089e-07
-200
5.45027e-05
-2.93564e-07
-200
5.30567e-05
-2.4546e-07
-200
5.10862e-05
-1.37279e-07
-200
4.89537e-05
5.20766e-08
-200
4.70094e-05
3.01891e-07
-200
4.54676e-05
5.57095e-07
-200
4.41961e-05
7.5896e-07
-200
4.29466e-05
7.66892e-07
-200
4.1589e-05
6.50165e-07
-200
4.00818e-05
4.85215e-07
-200
3.86491e-05
3.22524e-07
-200
3.71559e-05
2.31672e-07
-200
3.57409e-05
1.26751e-07
-200
2.20364e-05
2.46111e-08
-200
1.758e-05
-3.71577e-08
1.47983e-05
-1.08088e-07
-200
-200
5.54152e-05
-3.15914e-07
-200
5.5438e-05
-2.92104e-07
-200
5.39507e-05
-3.26032e-07
-200
5.19296e-05
-2.38877e-07
-200
5.01301e-05
2.24947e-08
-200
4.85815e-05
2.77246e-07
-200
4.74223e-05
5.07147e-07
-200
4.6355e-05
6.1689e-07
-200
4.51574e-05
5.82826e-07
-200
4.3726e-05
4.68948e-07
-200
4.21202e-05
3.3717e-07
-200
4.05037e-05
2.16389e-07
-200
3.87407e-05
1.46671e-07
-200
3.71095e-05
5.36753e-08
-200
2.27888e-05
-6.45986e-08
-200
1.8066e-05
-2.02021e-07
1.50902e-05
-2.5412e-07
-200
-200
5.62114e-05
-1.57206e-08
-200
5.54753e-05
-1.52699e-07
-200
5.43175e-05
-1.1753e-07
-200
5.23809e-05
-4.80525e-08
-200
5.09327e-05
1.98189e-07
-200
4.99123e-05
4.15976e-07
-200
4.91757e-05
6.00245e-07
-200
4.83286e-05
6.40545e-07
-200
4.72026e-05
5.91889e-07
-200
4.57363e-05
5.06384e-07
-200
4.41152e-05
3.8506e-07
-200
4.23381e-05
3.49944e-07
-200
4.03754e-05
3.1657e-07
-200
3.85672e-05
2.41719e-07
-200
2.35121e-05
1.12908e-07
-200
1.84633e-05
5.6821e-09
1.53571e-05
-1.16843e-07
-200
-200
-9.34062e-08
-200
5.48813e-05
-9.59393e-08
-200
5.37643e-05
-3.37421e-07
-200
5.22073e-05
2.12941e-08
-200
5.13395e-05
1.69327e-07
-200
5.09013e-05
3.33878e-07
-200
5.05748e-05
4.4636e-07
-200
4.99734e-05
4.50552e-07
-200
4.8963e-05
4.09202e-07
-200
4.75305e-05
3.74224e-07
-200
4.59787e-05
2.74186e-07
-200
4.4113e-05
3.11476e-07
-200
4.20478e-05
3.20073e-07
-200
4.01207e-05
2.77702e-07
-200
2.41248e-05
1.42398e-07
-200
1.8707e-05
-5.40498e-08
1.54317e-05
-1.28925e-07
-200
-200
5.50179e-05
1.05053e-07
-200
5.24731e-05
1.18132e-07
-200
5.18556e-05
1.44857e-07
-200
5.17411e-05
2.57052e-07
-200
5.18005e-05
3.12057e-07
-200
5.18171e-05
3.89324e-07
-200
5.14749e-05
3.85024e-07
-200
5.06272e-05
3.54477e-07
-200
4.93199e-05
3.67604e-07
-200
4.78829e-05
3.05403e-07
-200
4.60705e-05
4.07564e-07
-200
4.40141e-05
4.93001e-07
-200
4.20374e-05
4.96823e-07
-200
2.48024e-05
3.5318e-07
-200
1.89341e-05
2.30947e-07
1.56482e-05
1.02845e-07
-200
-200
5.49944e-05
5.11273e-09
-200
5.16167e-05
-1.87182e-07
-200
5.16536e-05
-1.87097e-08
-200
5.2081e-05
7.99875e-08
-200
5.24144e-05
5.32424e-08
-200
5.27264e-05
9.80694e-08
-200
5.26455e-05
9.39694e-08
-200
5.20129e-05
9.28512e-08
-200
5.09394e-05
1.5122e-07
-200
4.96346e-05
1.26869e-07
-200
4.80677e-05
3.21709e-07
-200
4.61613e-05
5.11354e-07
-200
4.42326e-05
5.96136e-07
-200
2.55765e-05
5.08757e-07
-200
1.92147e-05
3.31719e-07
1.59878e-05
2.64306e-07
-200
-200
5.46523e-05
-4.54805e-07
-200
5.17709e-05
1.14083e-07
-200
5.18943e-05
-1.14691e-07
-200
5.23664e-05
-5.62801e-08
-200
5.29855e-05
-9.7665e-08
-200
5.34501e-05
-4.79633e-08
-200
5.36223e-05
-7.86854e-08
-200
5.32644e-05
-6.52971e-08
-200
5.2593e-05
7.96166e-09
-200
5.14217e-05
3.02117e-08
-200
5.02779e-05
3.16978e-07
-200
4.86862e-05
6.58293e-07
-200
4.69353e-05
8.61495e-07
-200
2.67137e-05
7.38325e-07
-200
2.01081e-05
7.17042e-07
1.69892e-05
6.30599e-07
-200
-200
5.40271e-05
-5.95855e-07
-200
5.22944e-05
-7.83118e-07
-200
5.21854e-05
-4.43398e-07
-200
5.25765e-05
-3.83221e-07
-200
5.3182e-05
-3.54065e-07
-200
5.37544e-05
-3.9413e-07
-200
5.41355e-05
-4.2909e-07
-200
5.41557e-05
-4.25473e-07
-200
5.38573e-05
-3.41852e-07
-200
5.30954e-05
-1.39437e-07
-200
5.24231e-05
1.54083e-07
-200
5.12921e-05
6.31868e-07
-200
5.00227e-05
8.16356e-07
-200
2.81945e-05
8.31392e-07
-200
2.17746e-05
8.2613e-07
1.82317e-05
8.06937e-07
-200
-200
5.25163e-05
-1.89221e-07
-200
5.23518e-05
-9.93732e-09
-200
5.21548e-05
-1.0349e-07
-200
5.25428e-05
-6.15837e-08
-200
5.29965e-05
-5.17693e-08
-200
5.36753e-05
-7.99271e-08
-200
5.41836e-05
-1.23264e-07
-200
5.46502e-05
-1.81759e-07
-200
5.47521e-05
-4.18688e-09
-200
5.47891e-05
2.45446e-07
-200
5.43642e-05
7.42271e-07
-200
5.39055e-05
1.08447e-06
-200
5.33935e-05
1.44402e-06
-200
3.0227e-05
1.42158e-06
-200
2.36099e-05
1.70286e-06
1.97931e-05
1.46036e-06
-200
-200
5.04451e-05
-3.49287e-07
-200
5.21484e-05
-3.57224e-07
-200
5.19207e-05
-3.10241e-07
-200
5.21756e-05
-2.35404e-07
-200
5.27069e-05
-2.20291e-07
-200
5.32793e-05
-1.94358e-07
-200
5.40628e-05
-2.7616e-07
-200
5.49468e-05
-2.70613e-07
-200
5.55436e-05
-3.0234e-07
-200
5.60208e-05
3.3377e-08
-200
5.63117e-05
3.29606e-07
-200
5.64217e-05
8.18087e-07
-200
5.66357e-05
8.33237e-07
-200
3.20968e-05
1.5164e-06
-200
2.51029e-05
1.06818e-06
2.13326e-05
1.41554e-06
-200
-200
5.1087e-07
4.88703e-05
-200
5.99215e-07
5.13388e-05
-200
6.13035e-07
5.14915e-05
-200
7.23539e-07
5.18572e-05
-200
7.99529e-07
5.23977e-05
-200
7.95114e-07
5.3206e-05
-200
7.67962e-07
5.42228e-05
-200
6.47593e-07
5.51554e-05
-200
8.46873e-07
5.59662e-05
-200
9.59762e-07
5.68647e-05
-200
1.209e-06
5.7693e-05
-200
1.27852e-06
5.8519e-05
-200
1.82922e-06
5.96357e-05
-200
1.65961e-06
3.36034e-05
-200
2.41158e-06
2.62507e-05
1.99948e-06
-200
2.29492e-05
-200
6.4669e-06
-200
6.27496e-06
-200
5.98482e-06
-200
5.67637e-06
-200
5.33406e-06
-200
4.96583e-06
-200
4.59675e-06
-200
4.24016e-06
-200
3.91648e-06
-200
3.65732e-06
-200
3.47974e-06
-200
3.3818e-06
-200
3.36785e-06
-200
3.40382e-06
-200
2.34227e-06
-200
2.08479e-06
1.92687e-06
-200
-200
1.26505e-05
-200
1.22042e-05
-200
1.16799e-05
-200
1.10972e-05
-200
1.04564e-05
-200
9.76644e-06
-200
9.07649e-06
-200
8.40987e-06
-200
7.79946e-06
-200
7.30246e-06
-200
6.96376e-06
-200
6.7836e-06
-200
6.75468e-06
-200
6.83829e-06
-200
4.59754e-06
-200
4.09308e-06
3.81043e-06
-200
-200
1.86808e-05
-200
1.79735e-05
-200
1.72184e-05
-200
1.63649e-05
-200
1.54282e-05
-200
1.4424e-05
-200
1.34288e-05
-200
1.24611e-05
-200
1.15731e-05
-200
1.08491e-05
-200
1.03602e-05
-200
1.01128e-05
-200
1.00775e-05
-200
1.0205e-05
-200
6.82313e-06
-200
6.09375e-06
5.68204e-06
-200
-200
2.44847e-05
-200
2.35419e-05
-200
2.25572e-05
-200
2.14456e-05
-200
2.02237e-05
-200
1.89188e-05
-200
1.7648e-05
-200
1.63874e-05
-200
1.52351e-05
-200
1.4303e-05
-200
1.36828e-05
-200
1.33811e-05
-200
1.33493e-05
-200
1.3511e-05
-200
9.02294e-06
-200
8.05976e-06
7.51489e-06
-200
-200
2.9994e-05
-200
2.88185e-05
-200
2.76216e-05
-200
2.62706e-05
-200
2.47834e-05
-200
2.3208e-05
-200
2.16852e-05
-200
2.01491e-05
-200
1.8759e-05
-200
1.76469e-05
-200
1.69295e-05
-200
1.65937e-05
-200
1.65657e-05
-200
1.67579e-05
-200
1.1215e-05
-200
1.00326e-05
9.32979e-06
-200
-200
3.50722e-05
-200
3.3713e-05
-200
3.23286e-05
-200
3.07654e-05
-200
2.9042e-05
-200
2.72479e-05
-200
2.54838e-05
-200
2.37043e-05
-200
2.21136e-05
-200
2.08594e-05
-200
2.00807e-05
-200
1.9722e-05
-200
1.96936e-05
-200
1.9894e-05
-200
1.33441e-05
-200
1.1909e-05
1.10309e-05
-200
-200
3.97693e-05
-200
3.82353e-05
-200
3.66991e-05
-200
3.49556e-05
-200
3.30279e-05
-200
3.10634e-05
-200
2.90799e-05
-200
2.7105e-05
-200
2.53662e-05
-200
2.40273e-05
-200
2.3219e-05
-200
2.2843e-05
-200
2.2801e-05
-200
2.29801e-05
-200
1.54714e-05
-200
1.37848e-05
1.27115e-05
-200
-200
4.39059e-05
-200
4.22787e-05
-200
4.06247e-05
-200
3.87394e-05
-200
3.66471e-05
-200
3.45506e-05
-200
3.23963e-05
-200
3.02884e-05
-200
2.84653e-05
-200
2.71049e-05
-200
2.62833e-05
-200
2.58804e-05
-200
2.5787e-05
-200
2.58951e-05
-200
1.74755e-05
-200
1.55001e-05
1.42207e-05
-200
-200
4.76316e-05
-200
4.59374e-05
-200
4.42122e-05
-200
4.22242e-05
-200
4.00077e-05
-200
3.78127e-05
-200
3.55565e-05
-200
3.33882e-05
-200
3.15504e-05
-200
3.02201e-05
-200
2.93895e-05
-200
2.89331e-05
-200
2.87438e-05
-200
2.87311e-05
-200
1.94578e-05
-200
1.72067e-05
1.57025e-05
-200
-200
5.07334e-05
-200
4.90849e-05
-200
4.73307e-05
-200
4.52891e-05
-200
4.30006e-05
-200
4.07427e-05
-200
3.84726e-05
-200
3.63171e-05
-200
3.45271e-05
-200
3.325e-05
-200
3.23937e-05
-200
3.18421e-05
-200
3.15035e-05
-200
3.1319e-05
-200
2.1253e-05
-200
1.86878e-05
1.69576e-05
-200
-200
5.34422e-05
-200
5.18697e-05
-200
5.01466e-05
-200
4.8103e-05
-200
4.58047e-05
-200
4.34973e-05
-200
4.1314e-05
-200
3.92337e-05
-200
3.75364e-05
-200
3.63051e-05
-200
3.53919e-05
-200
3.47005e-05
-200
3.41725e-05
-200
3.37761e-05
-200
2.29847e-05
-200
2.01335e-05
1.81651e-05
-200
-200
5.5526e-05
-200
5.41406e-05
-200
5.24978e-05
-200
5.05126e-05
-200
4.82662e-05
-200
4.59758e-05
-200
4.38844e-05
-200
4.19643e-05
-200
4.03856e-05
-200
3.91664e-05
-200
3.81568e-05
-200
3.72889e-05
-200
3.65347e-05
-200
3.59004e-05
-200
2.44455e-05
-200
2.1282e-05
1.90913e-05
-200
-200
5.72691e-05
-200
5.61025e-05
-200
5.46029e-05
-200
5.27187e-05
-200
5.05581e-05
-200
4.83567e-05
-200
4.63657e-05
-200
4.46466e-05
-200
4.31943e-05
-200
4.19505e-05
-200
4.08084e-05
-200
3.97502e-05
-200
3.87577e-05
-200
3.78671e-05
-200
2.58086e-05
-200
2.23717e-05
1.99792e-05
-200
-200
5.83678e-05
-200
5.761e-05
-200
5.62797e-05
-200
5.45103e-05
-200
5.24716e-05
-200
5.04438e-05
-200
4.86374e-05
-200
4.70918e-05
-200
4.57302e-05
-200
4.44312e-05
-200
4.31335e-05
-200
4.18925e-05
-200
4.06456e-05
-200
3.94916e-05
-200
2.68596e-05
-200
2.31425e-05
2.05575e-05
-200
-200
5.91842e-05
-200
5.88769e-05
-200
5.7805e-05
-200
5.60621e-05
-200
5.41694e-05
-200
5.2374e-05
-200
5.0813e-05
-200
4.94606e-05
-200
4.81577e-05
-200
4.67937e-05
-200
4.53705e-05
-200
4.39367e-05
-200
4.24336e-05
-200
4.10405e-05
-200
2.78358e-05
-200
2.38755e-05
2.11133e-05
-200
-200
5.99607e-05
-200
5.99422e-05
-200
5.87929e-05
-200
5.70959e-05
-200
5.53711e-05
-200
5.389e-05
-200
5.26482e-05
-200
5.15025e-05
-200
5.02649e-05
-200
4.88475e-05
-200
4.73705e-05
-200
4.57256e-05
-200
4.39906e-05
-200
4.23831e-05
-200
2.85484e-05
-200
2.43137e-05
2.14112e-05
-200
-200
6.07952e-05
-200
6.09077e-05
-200
5.9422e-05
-200
5.76726e-05
-200
5.625e-05
-200
5.51977e-05
-200
5.43404e-05
-200
5.34291e-05
-200
5.22888e-05
-200
5.08532e-05
-200
4.9373e-05
-200
4.75579e-05
-200
4.56447e-05
-200
4.38638e-05
-200
2.92794e-05
-200
2.47825e-05
2.17542e-05
-200
-200
6.15175e-05
-200
6.10373e-05
-200
5.91485e-05
-200
5.75837e-05
-200
5.67267e-05
-200
5.61805e-05
-200
5.57222e-05
-200
5.509e-05
-200
5.40831e-05
-200
5.26951e-05
-200
5.12453e-05
-200
4.935e-05
-200
4.73265e-05
-200
4.54234e-05
-200
2.98823e-05
-200
2.50391e-05
2.19779e-05
-200
-200
-200
6.0283e-05
-200
5.84718e-05
-200
5.73869e-05
-200
5.71408e-05
-200
5.7057e-05
-200
5.69463e-05
-200
5.66351e-05
-200
5.57992e-05
-200
5.45308e-05
-200
5.31658e-05
-200
5.13168e-05
-200
4.92913e-05
-200
4.73437e-05
-200
3.06183e-05
-200
2.54468e-05
2.24281e-05
-200
-200
5.98694e-05
-200
5.72249e-05
-200
5.71267e-05
-200
5.7388e-05
-200
5.75954e-05
-200
5.78292e-05
-200
5.78135e-05
-200
5.72052e-05
-200
5.61389e-05
-200
5.49183e-05
-200
5.32965e-05
-200
5.14375e-05
-200
4.96144e-05
-200
3.1439e-05
-200
2.61956e-05
2.31745e-05
-200
-200
5.98626e-05
-200
5.67638e-05
-200
5.70871e-05
-200
5.7496e-05
-200
5.78963e-05
-200
5.84685e-05
-200
5.86499e-05
-200
5.83364e-05
-200
5.75056e-05
-200
5.65154e-05
-200
5.53341e-05
-200
5.38516e-05
-200
5.23693e-05
-200
3.28604e-05
-200
2.78629e-05
2.4472e-05
-200
-200
5.84741e-05
-200
5.66197e-05
-200
5.67737e-05
-200
5.71942e-05
-200
5.78546e-05
-200
5.85027e-05
-200
5.88733e-05
-200
5.88648e-05
-200
5.83985e-05
-200
5.78475e-05
-200
5.71362e-05
-200
5.63361e-05
-200
5.54333e-05
-200
3.50954e-05
-200
2.96035e-05
2.63937e-05
-200
-200
5.69892e-05
-200
5.67966e-05
-200
5.67158e-05
-200
5.71351e-05
-200
5.78681e-05
-200
5.85241e-05
-200
5.91204e-05
-200
5.93287e-05
-200
5.95022e-05
-200
5.94341e-05
-200
5.94667e-05
-200
5.94233e-05
-200
5.95089e-05
-200
3.78318e-05
-200
3.19933e-05
2.88712e-05
-200
-200
5.48346e-05
-200
5.59714e-05
-200
5.61715e-05
-200
5.66791e-05
-200
5.73937e-05
-200
5.8183e-05
-200
5.89632e-05
-200
5.9607e-05
-200
6.02272e-05
-200
6.07994e-05
-200
6.16199e-05
-200
6.22385e-05
-200
6.31347e-05
-200
3.97752e-05
-200
3.37228e-05
3.07271e-05
-200
-200
5.33988e-05
-200
5.55889e-05
-200
5.62218e-05
-200
5.68513e-05
-200
5.76636e-05
-200
5.86261e-05
-200
5.96525e-05
-200
6.08065e-05
-200
6.19929e-05
-200
6.32717e-05
-200
6.45192e-05
-200
6.57099e-05
-200
6.7111e-05
-200
4.2004e-05
-200
3.58269e-05
-200
3.38776e-05
-200
8.49909e-07
4.95884e-07
-200
5.29417e-07
2.96462e-07
-200
4.08113e-07
1.17263e-07
-200
1.7103e-07
-4.55584e-08
-200
-7.51646e-08
-9.45712e-08
-200
-3.51605e-07
-9.4459e-08
-200
-6.55793e-07
-7.10236e-08
-200
-9.93658e-07
-4.38216e-08
-200
-1.37066e-06
-2.16066e-08
-200
-1.79418e-06
-6.79841e-09
-200
-2.27266e-06
2.9672e-09
-200
-2.81496e-06
1.09063e-08
-200
-3.4357e-06
1.91375e-08
-200
-4.15567e-06
3.93132e-08
-200
-4.97415e-06
6.15881e-08
-200
-5.93922e-06
1.04145e-07
3.80513e-07
-2.81021e-08
-200
1.88227e-06
3.18592e-07
-200
1.35368e-06
1.86971e-07
-200
9.55296e-07
2.44038e-08
-200
4.38203e-07
-1.07356e-07
-200
-1.10675e-07
-1.29365e-07
-200
-7.08813e-07
-1.05619e-07
-200
-1.35823e-06
-6.56174e-08
-200
-2.07083e-06
-2.74754e-08
-200
-2.86041e-06
1.30697e-09
-200
-3.74238e-06
1.97033e-08
-200
-4.73527e-06
3.06516e-08
-200
-5.85966e-06
3.7104e-08
-200
-7.14256e-06
4.57793e-08
-200
-8.61961e-06
6.30215e-08
-200
-1.03193e-05
7.37922e-08
-200
-1.23073e-05
1.16721e-07
7.78128e-07
-2.28688e-08
-200
2.86674e-06
3.17887e-07
-200
2.25429e-06
1.84186e-07
-200
1.52428e-06
-1.02717e-08
-200
7.44752e-07
-1.25033e-07
-200
-1.0204e-07
-1.56013e-07
-200
-1.01553e-06
-1.35918e-07
-200
-2.00625e-06
-9.90716e-08
-200
-3.09011e-06
-6.19206e-08
-200
-4.28735e-06
-3.5078e-08
-200
-5.62189e-06
-1.69848e-08
-200
-7.12168e-06
-5.74776e-09
-200
-8.81905e-06
2.83054e-09
-200
-1.07524e-05
1.15963e-08
-200
-1.29733e-05
3.05378e-08
-200
-1.55352e-05
6.29822e-08
-200
-1.85121e-05
8.93279e-08
1.1453e-06
-3.47013e-08
-200
3.95466e-06
3.11535e-07
-200
3.08329e-06
1.82923e-07
-200
2.11506e-06
-2.72438e-08
-200
1.07572e-06
-1.39746e-07
-200
-5.96071e-08
-1.73639e-07
-200
-1.28255e-06
-1.56358e-07
-200
-2.60775e-06
-1.21911e-07
-200
-4.05504e-06
-8.7859e-08
-200
-5.65231e-06
-6.15796e-08
-200
-7.42985e-06
-4.38832e-08
-200
-9.42483e-06
-3.22096e-08
-200
-1.16803e-05
-2.35565e-08
-200
-1.42484e-05
-8.91249e-09
-200
-1.71898e-05
1.52257e-08
-200
-2.05761e-05
2.09656e-08
-200
-2.45184e-05
8.16107e-08
1.48816e-06
-2.46848e-08
-200
4.98921e-06
3.54309e-07
-200
3.8639e-06
1.55928e-07
-200
2.68324e-06
9.47028e-09
-200
1.37419e-06
-1.06445e-07
-200
-4.16314e-08
-1.39573e-07
-200
-1.56549e-06
-1.25265e-07
-200
-3.21391e-06
-9.4521e-08
-200
-5.01306e-06
-6.23982e-08
-200
-6.99438e-06
-4.25024e-08
-200
-9.19725e-06
-2.8877e-08
-200
-1.16667e-05
-2.11762e-08
-200
-1.4456e-05
-1.44157e-08
-200
-1.76271e-05
-6.891e-09
-200
-2.12571e-05
7.28383e-09
-200
-2.54401e-05
5.40414e-08
-200
-3.0281e-05
7.05002e-08
1.80604e-06
-3.32272e-08
-200
5.94423e-06
2.54945e-07
-200
4.65459e-06
1.86951e-07
-200
3.21892e-06
1.20838e-08
-200
1.65517e-06
-1.06328e-07
-200
-2.95925e-08
-1.41864e-07
-200
-1.84305e-06
-1.26741e-07
-200
-3.80261e-06
-9.69474e-08
-200
-5.93828e-06
-6.88955e-08
-200
-8.28919e-06
-4.81158e-08
-200
-1.08992e-05
-3.51321e-08
-200
-1.38216e-05
-2.74919e-08
-200
-1.71187e-05
-2.22653e-08
-200
-2.08648e-05
-8.43155e-09
-200
-2.51439e-05
1.29243e-08
-200
-3.00579e-05
9.3543e-09
-200
-3.5758e-05
7.16536e-08
2.09186e-06
-1.87373e-08
-200
6.81984e-06
2.55385e-07
-200
5.36522e-06
2.24299e-07
-200
3.68956e-06
1.12303e-08
-200
1.88259e-06
-7.75124e-08
-200
-6.27372e-08
-1.09938e-07
-200
-2.15281e-06
-9.38912e-08
-200
-4.40862e-06
-6.62894e-08
-200
-6.86441e-06
-3.79575e-08
-200
-9.56247e-06
-2.30451e-08
-200
-1.25549e-05
-1.32941e-08
-200
-1.59016e-05
-8.66508e-09
-200
-1.96733e-05
-4.67955e-09
-200
-2.39518e-05
1.9256e-10
-200
-2.88352e-05
1.04921e-08
-200
-3.44458e-05
6.17888e-08
-200
-4.09123e-05
6.49433e-08
2.34374e-06
-2.9694e-08
-200
7.735e-06
2.22868e-07
-200
6.02484e-06
8.31801e-08
-200
4.13891e-06
-4.68922e-08
-200
2.09366e-06
-1.11905e-07
-200
-1.04641e-07
-1.29217e-07
-200
-2.46e-06
-1.10664e-07
-200
-4.99762e-06
-8.13268e-08
-200
-7.75509e-06
-5.46538e-08
-200
-1.07814e-05
-3.70778e-08
-200
-1.41331e-05
-2.59321e-08
-200
-1.78772e-05
-1.91992e-08
-200
-2.20921e-05
-1.40255e-08
-200
-2.68686e-05
-1.96354e-09
-200
-3.231e-05
2.05753e-08
-200
-3.85354e-05
7.19816e-09
-200
-4.57219e-05
7.00459e-08
2.55457e-06
-1.22594e-08
-200
8.54681e-06
2.25138e-07
-200
6.62932e-06
-2.34283e-08
-200
4.5227e-06
-4.47008e-08
-200
2.24042e-06
-9.79879e-08
-200
-1.98875e-07
-1.02698e-07
-200
-2.80497e-06
-8.32279e-08
-200
-5.60655e-06
-5.46524e-08
-200
-8.64649e-06
-2.75136e-08
-200
-1.19759e-05
-1.32827e-08
-200
-1.56593e-05
-2.95938e-09
-200
-1.97699e-05
4.56583e-09
-200
-2.43917e-05
1.00387e-08
-200
-2.96212e-05
1.55562e-08
-200
-3.55708e-05
2.3574e-08
-200
-4.23761e-05
7.71022e-08
-200
-5.0176e-05
6.90537e-08
2.72742e-06
-2.52172e-08
-200
9.32448e-06
-5.06338e-08
-200
7.18214e-06
-1.95335e-09
-200
4.86527e-06
-8.54275e-08
-200
2.36685e-06
-1.34337e-07
-200
-2.96494e-07
-1.34984e-07
-200
-3.13791e-06
-1.12031e-07
-200
-6.18717e-06
-8.21103e-08
-200
-9.49065e-06
-5.61811e-08
-200
-1.31047e-05
-3.50966e-08
-200
-1.70975e-05
-2.02431e-08
-200
-2.15485e-05
-7.79541e-09
-200
-2.65488e-05
2.25465e-09
-200
-3.22008e-05
1.86482e-08
-200
-3.86153e-05
4.11856e-08
-200
-4.59158e-05
1.98227e-08
-200
-5.42848e-05
8.42926e-08
2.85813e-06
-5.8671e-09
-200
9.97849e-06
-2.77701e-08
-200
7.65764e-06
-2.10727e-08
-200
5.13955e-06
-9.81358e-08
-200
2.43993e-06
-1.1455e-07
-200
-4.31959e-07
-1.08329e-07
-200
-3.49277e-06
-8.24646e-08
-200
-6.77246e-06
-5.35488e-08
-200
-1.03206e-05
-2.76654e-08
-200
-1.41988e-05
-5.61781e-09
-200
-1.84778e-05
1.32361e-08
-200
-2.32436e-05
2.64795e-08
-200
-2.85957e-05
4.0084e-08
-200
-3.46342e-05
4.88792e-08
-200
-4.14734e-05
5.53062e-08
-200
-4.92453e-05
1.08717e-07
-200
-5.80775e-05
9.40616e-08
2.958e-06
-2.06901e-08
-200
1.06056e-05
-1.32905e-08
-200
8.10138e-06
-1.80993e-07
-200
5.4047e-06
-1.69171e-07
-200
2.51738e-06
-1.52382e-07
-200
-5.48919e-07
-1.28907e-07
-200
-3.81089e-06
-9.8479e-08
-200
-7.30342e-06
-6.83244e-08
-200
-1.10808e-05
-4.0255e-08
-200
-1.52089e-05
-1.20349e-08
-200
-1.97606e-05
1.21309e-08
-200
-2.48295e-05
2.9203e-08
-200
-3.0518e-05
4.28489e-08
-200
-3.69296e-05
5.95894e-08
-200
-4.41671e-05
7.84298e-08
-200
-5.23421e-05
5.27926e-08
-200
-6.16131e-05
1.24284e-07
3.02442e-06
-2.42199e-09
-200
1.10912e-05
-6.61009e-09
-200
8.46424e-06
-2.35759e-07
-200
5.61394e-06
-1.48345e-07
-200
2.56085e-06
-1.1009e-07
-200
-6.73299e-07
-7.34808e-08
-200
-4.11044e-06
-4.01421e-08
-200
-7.7931e-06
-1.07668e-08
-200
-1.17868e-05
2.19931e-08
-200
-1.61502e-05
5.33233e-08
-200
-2.09708e-05
7.22729e-08
-200
-2.63384e-05
8.26236e-08
-200
-3.23609e-05
8.81007e-08
-200
-3.91341e-05
9.21964e-08
-200
-4.67565e-05
9.3638e-08
-200
-5.53396e-05
1.47916e-07
-200
-6.4983e-05
1.49828e-07
3.06973e-06
-2.00988e-08
-200
1.15857e-05
-4.08445e-07
-200
8.79123e-06
-2.23029e-07
-200
5.82031e-06
-1.70376e-07
-200
2.64653e-06
-1.17474e-07
-200
-7.17605e-07
-6.61533e-08
-200
-4.30168e-06
-2.27411e-08
-200
-8.16046e-06
1.78956e-08
-200
-1.23596e-05
6.29591e-08
-200
-1.69623e-05
9.32676e-08
-200
-2.20616e-05
1.00119e-07
-200
-2.7741e-05
9.07375e-08
-200
-3.4118e-05
8.15368e-08
-200
-4.1274e-05
8.64663e-08
-200
-4.92903e-05
1.02395e-07
-200
-5.82496e-05
9.00984e-08
-200
-6.82586e-05
1.60561e-07
3.06543e-06
-9.76752e-09
-200
1.19238e-05
-4.06153e-07
-200
9.05589e-06
-2.41925e-07
-200
6.00946e-06
-1.51501e-07
-200
2.7621e-06
-5.11281e-08
-200
-6.92592e-07
3.33131e-08
-200
-4.39019e-06
9.15572e-08
-200
-8.41084e-06
1.54055e-07
-200
-1.28008e-05
1.99427e-07
-200
-1.76603e-05
2.09773e-07
-200
-2.30574e-05
1.78037e-07
-200
-2.9098e-05
1.64713e-07
-200
-3.58551e-05
1.15248e-07
-200
-4.34166e-05
8.45067e-08
-200
-5.18547e-05
8.67014e-08
-200
-6.12378e-05
1.59603e-07
-200
-7.15872e-05
1.65054e-07
3.03072e-06
-2.79589e-08
-200
1.22458e-05
-4.76693e-07
-200
9.31993e-06
-3.78756e-07
-200
6.25053e-06
-1.79738e-07
-200
2.96957e-06
-1.26445e-08
-200
-5.27622e-07
1.15883e-07
-200
-4.31579e-06
2.10139e-07
-200
-8.47159e-06
2.89467e-07
-200
-1.30667e-05
3.27818e-07
-200
-1.81997e-05
3.0428e-07
-200
-2.39301e-05
2.16379e-07
-200
-3.03634e-05
1.35455e-07
-200
-3.75641e-05
5.52622e-08
-200
-4.5599e-05
2.78367e-08
-200
-5.45213e-05
5.75277e-08
-200
-6.43602e-05
6.25477e-08
-200
-7.51488e-05
1.80064e-07
3.01645e-06
-1.88009e-08
-200
1.24861e-05
-5.16327e-07
-200
9.57823e-06
-4.05108e-07
-200
6.5097e-06
-5.85989e-08
-200
3.26131e-06
1.1229e-07
-200
-2.35707e-07
2.85407e-07
-200
-4.08819e-06
4.15035e-07
-200
-8.35863e-06
4.89456e-07
-200
-1.31746e-05
5.03268e-07
-200
-1.8587e-05
4.10333e-07
-200
-2.47027e-05
2.62373e-07
-200
-3.15979e-05
1.1972e-07
-200
-3.93171e-05
7.68687e-09
-200
-4.78995e-05
-1.53726e-08
-200
-5.73912e-05
1.78541e-08
-200
-6.78145e-05
1.31427e-07
-200
-7.91148e-05
1.69255e-07
3.07901e-06
-4.44581e-08
-200
1.27696e-05
-6.99378e-07
-200
9.9172e-06
-3.24393e-07
-200
6.92116e-06
-1.06292e-08
-200
3.74678e-06
1.77097e-07
-200
2.62608e-07
3.95403e-07
-200
-3.62816e-06
5.26284e-07
-200
-8.00925e-06
5.84299e-07
-200
-1.30218e-05
5.46966e-07
-200
-1.87694e-05
3.75815e-07
-200
-2.53646e-05
2.20873e-07
-200
-3.28082e-05
7.38837e-09
-200
-4.11322e-05
-8.84599e-08
-200
-5.03646e-05
-7.12901e-08
-200
-6.05359e-05
-8.19272e-10
-200
-7.16432e-05
3.30924e-08
-200
-8.36568e-05
1.96308e-07
3.24213e-06
-3.7117e-08
-200
1.30712e-05
-4.87612e-07
-200
1.03743e-05
-1.669e-07
-200
7.47615e-06
1.23058e-07
-200
4.37517e-06
3.41626e-07
-200
9.70149e-07
4.91374e-07
-200
-2.91303e-06
5.7315e-07
-200
-7.40469e-06
6.33322e-07
-200
-1.2656e-05
5.4195e-07
-200
-1.88412e-05
3.5874e-07
-200
-2.59681e-05
1.04601e-07
-200
-3.4056e-05
-7.37247e-08
-200
-4.30789e-05
-1.07696e-07
-200
-5.30637e-05
-6.85026e-08
-200
-6.40433e-05
-2.61299e-09
-200
-7.60341e-05
1.35515e-07
-200
-8.89196e-05
1.87154e-07
3.56223e-06
-6.88032e-08
-200
1.36081e-05
-2.23708e-07
-200
1.10413e-05
-3.8239e-08
-200
8.28206e-06
1.81479e-07
-200
5.31138e-06
2.99785e-07
-200
2.03741e-06
3.94219e-07
-200
-1.84347e-06
5.00729e-07
-200
-6.50313e-06
5.18077e-07
-200
-1.20907e-05
3.63244e-07
-200
-1.87599e-05
1.26807e-07
-200
-2.65308e-05
-8.87979e-08
-200
-3.53434e-05
-1.62714e-07
-200
-4.51654e-05
-1.33074e-07
-200
-5.60279e-05
-5.41768e-08
-200
-6.7972e-05
4.539e-08
-200
-8.09859e-05
4.92987e-08
-200
-9.50247e-05
2.13894e-07
4.05425e-06
-5.63051e-08
-200
1.43232e-05
1.58376e-07
-200
1.19081e-05
2.08853e-07
-200
9.30544e-06
3.23376e-07
-200
6.45842e-06
3.62493e-07
-200
3.42109e-06
4.16912e-07
-200
-4.96201e-07
4.53063e-07
-200
-5.50921e-06
4.31295e-07
-200
-1.14779e-05
1.99442e-07
-200
-1.87399e-05
-1.71789e-08
-200
-2.72107e-05
-1.45116e-07
-200
-3.67843e-05
-1.36468e-07
-200
-4.74773e-05
-6.25338e-08
-200
-5.93138e-05
7.4427e-09
-200
-7.23517e-05
5.39674e-08
-200
-8.66179e-05
1.59322e-07
-200
-0.000102044
2.09509e-07
4.76124e-06
-8.72701e-08
-200
1.53167e-05
4.88189e-07
-200
1.30838e-05
3.98488e-07
-200
1.05849e-05
4.47382e-07
-200
7.87422e-06
5.10995e-07
-200
5.05966e-06
4.54072e-07
-200
1.11546e-06
3.07632e-07
-200
-4.36251e-06
1.07109e-07
-200
-1.10125e-05
1.12482e-08
-200
-1.89474e-05
-1.76806e-07
-200
-2.80712e-05
-2.15976e-07
-200
-3.84527e-05
-1.18853e-07
-200
-5.00712e-05
-4.43975e-09
-200
-6.29611e-05
6.04105e-08
-200
-7.71843e-05
8.30246e-08
-200
-9.28268e-05
5.87735e-08
-200
-0.000109956
2.39784e-07
5.64137e-06
-6.04138e-08
-200
1.56211e-05
1.48609e-06
-200
1.46433e-05
9.83235e-07
-200
1.1885e-05
1.01015e-06
-200
9.24385e-06
9.30234e-07
-200
7.78607e-06
7.90492e-08
-200
2.57943e-06
3.85604e-08
-200
-3.85645e-06
2.95832e-07
-200
-1.10156e-05
-1.84218e-07
-200
-1.94211e-05
-4.26776e-07
-200
-2.92442e-05
-2.29986e-07
-200
-4.03754e-05
-1.84365e-07
-200
-5.29049e-05
-6.57894e-08
-200
-6.68988e-05
1.24023e-08
-200
-8.24075e-05
5.82118e-08
-200
-9.96093e-05
1.59824e-07
-200
-0.000118599
1.80032e-07
6.7219e-06
-1.0681e-07
-200
1.69304e-05
1.4154e-06
-200
1.62266e-05
1.76477e-06
-200
1.3182e-05
1.35377e-06
-200
1.21149e-05
9.74777e-07
-200
1.23612e-06
9.00554e-06
-200
3.22191e-08
3.14487e-06
-200
-9.53415e-07
-3.34573e-06
-200
-8.02177e-07
-1.129e-05
-200
-5.73392e-07
-2.02793e-05
-200
-5.78272e-07
-3.06644e-05
-200
-2.73505e-07
-4.26039e-05
-200
-5.69616e-08
-5.60836e-05
-200
-1.34374e-08
-7.11594e-05
-200
3.34186e-08
-8.79719e-05
-200
2.76869e-08
-0.00010677
-200
2.51149e-07
-0.000127794
-4.06612e-08
7.91965e-06
-200
2.30154e-06
200
1.99443e-05
-200
7.38547e-07
1.89186e-05
-200
1.66179e-06
1.56855e-05
1.88984e-06
-200
1.44324e-05
-200
8.56036e-07
8.11598e-07
-200
6.43275e-07
5.61406e-07
-200
4.40293e-07
2.51769e-07
-200
1.88189e-07
8.58411e-09
-200
-7.59611e-08
-7.13262e-08
-200
-3.6325e-07
-7.39976e-08
-200
-6.76874e-07
-4.10736e-08
-200
-1.02206e-06
-1.69037e-09
-200
-1.40475e-06
3.00109e-08
-200
-1.83277e-06
4.90667e-08
-200
-2.31482e-06
6.41754e-08
-200
-2.8604e-06
7.48171e-08
-200
-3.48241e-06
8.21036e-08
-200
-4.20387e-06
1.00731e-07
-200
-5.02501e-06
1.23054e-07
-200
-5.99336e-06
1.76768e-07
4.14217e-07
-3.82098e-08
-200
1.97423e-06
5.09699e-07
-200
1.43968e-06
3.50177e-07
-200
1.01508e-06
8.21624e-08
-200
4.696e-07
-1.08392e-07
-200
-1.03821e-07
-1.44356e-07
-200
-7.17167e-07
-1.08735e-07
-200
-1.38057e-06
-4.8235e-08
-200
-2.10595e-06
1.01074e-08
-200
-2.90631e-06
5.38643e-08
-200
-3.79862e-06
8.02915e-08
-200
-4.80146e-06
1.00041e-07
-200
-5.93427e-06
1.10572e-07
-200
-7.22263e-06
1.18749e-07
-200
-8.70396e-06
1.31815e-07
-200
-1.04114e-05
1.49372e-07
-200
-1.23979e-05
2.07462e-07
7.9999e-07
-2.40086e-08
-200
3.05098e-06
5.3931e-07
-200
2.24095e-06
3.56012e-07
-200
1.56329e-06
8.4984e-08
-200
7.25013e-07
-9.16499e-08
-200
-1.5728e-07
-1.34737e-07
-200
-1.09357e-06
-1.03274e-07
-200
-2.10282e-06
-4.72917e-08
-200
-3.20272e-06
7.1166e-09
-200
-4.41449e-06
4.75078e-08
-200
-5.76216e-06
7.14144e-08
-200
-7.27282e-06
8.5508e-08
-200
-8.97918e-06
9.59092e-08
-200
-1.09186e-05
1.02096e-07
-200
-1.31393e-05
1.15918e-07
-200
-1.56925e-05
1.40927e-07
-200
-1.86691e-05
1.82134e-07
1.1546e-06
-3.38054e-08
-200
4.11723e-06
5.12493e-07
-200
3.08061e-06
3.33446e-07
-200
2.12665e-06
5.3216e-08
-200
9.92879e-07
-1.15966e-07
-200
-1.96247e-07
-1.59666e-07
-200
-1.45237e-06
-1.29048e-07
-200
-2.80297e-06
-7.47486e-08
-200
-4.27212e-06
-2.22376e-08
-200
-5.88702e-06
1.68497e-08
-200
-7.68064e-06
4.10093e-08
-200
-9.68965e-06
5.98561e-08
-200
-1.1954e-05
7.03561e-08
-200
-1.45235e-05
8.20309e-08
-200
-1.74573e-05
9.76217e-08
-200
-2.08354e-05
1.08333e-07
-200
-2.47554e-05
1.74354e-07
1.49634e-06
-2.00379e-08
-200
5.16288e-06
5.42058e-07
-200
3.91389e-06
3.08017e-07
-200
2.67598e-06
8.68914e-08
-200
1.2511e-06
-7.56027e-08
-200
-2.42864e-07
-1.16842e-07
-200
-1.81188e-06
-8.84774e-08
-200
-3.49449e-06
-3.85021e-08
-200
-5.3208e-06
8.71347e-09
-200
-7.3265e-06
4.21074e-08
-200
-9.54944e-06
6.06333e-08
-200
-1.2034e-05
6.80183e-08
-200
-1.48331e-05
7.58865e-08
-200
-1.80058e-05
8.07802e-08
-200
-2.16235e-05
9.08347e-08
-200
-2.57708e-05
1.26304e-07
-200
-3.05887e-05
1.48322e-07
1.81565e-06
-3.28458e-08
-200
6.19945e-06
4.05239e-07
-200
4.76143e-06
2.79975e-07
-200
3.2345e-06
4.90007e-08
-200
1.52637e-06
-1.11219e-07
-200
-2.69486e-07
-1.52089e-07
-200
-2.1438e-06
-1.20781e-07
-200
-4.14797e-06
-7.07609e-08
-200
-6.32012e-06
-2.46599e-08
-200
-8.70041e-06
8.03514e-09
-200
-1.13364e-05
2.84603e-08
-200
-1.42796e-05
4.26184e-08
-200
-1.75888e-05
5.06622e-08
-200
-2.13331e-05
6.31016e-08
-200
-2.55936e-05
7.73575e-08
-200
-3.04809e-05
8.15846e-08
-200
-3.61342e-05
1.51334e-07
2.10237e-06
-1.38861e-08
-200
7.17059e-06
4.19285e-07
-200
5.53148e-06
3.02674e-07
-200
3.72352e-06
7.48628e-08
-200
1.73951e-06
-5.32051e-08
-200
-3.43429e-07
-9.10242e-08
-200
-2.51172e-06
-5.97888e-08
-200
-4.81992e-06
-1.43175e-08
-200
-7.31627e-06
2.5946e-08
-200
-1.00495e-05
5.19659e-08
-200
-1.30712e-05
6.44378e-08
-200
-1.64389e-05
6.74418e-08
-200
-2.02211e-05
6.84453e-08
-200
-2.44981e-05
7.07744e-08
-200
-2.93599e-05
8.00235e-08
-200
-3.4914e-05
1.20549e-07
-200
-4.13383e-05
1.25431e-07
2.35422e-06
-3.01593e-08
-200
8.12575e-06
3.21158e-07
-200
6.22456e-06
1.54618e-07
-200
4.1707e-06
-2.68712e-08
-200
1.92588e-06
-1.2457e-07
-200
-4.22666e-07
-1.44131e-07
-200
-2.87097e-06
-1.09854e-07
-200
-5.46568e-06
-6.26492e-08
-200
-8.26771e-06
-2.22084e-08
-200
-1.13303e-05
4.56361e-09
-200
-1.47118e-05
1.86914e-08
-200
-1.84775e-05
2.90416e-08
-200
-2.2702e-05
3.65532e-08
-200
-2.74719e-05
4.8252e-08
-200
-3.28838e-05
6.53863e-08
-200
-3.90691e-05
6.04822e-08
-200
-4.6195e-05
1.35609e-07
2.56475e-06
-7.14144e-09
-200
8.93568e-06
3.65739e-07
-200
6.8089e-06
7.01665e-08
-200
4.50505e-06
3.65283e-09
-200
2.00646e-06
-6.57714e-08
-200
-5.91808e-07
-6.90533e-08
-200
-3.29834e-06
-3.63426e-08
-200
-6.15572e-06
5.5112e-09
-200
-9.23573e-06
3.93011e-08
-200
-1.25983e-05
5.91029e-08
-200
-1.63035e-05
6.65953e-08
-200
-2.04233e-05
6.64377e-08
-200
-2.50432e-05
6.49609e-08
-200
-3.02573e-05
6.36917e-08
-200
-3.61756e-05
7.32374e-08
-200
-4.29143e-05
1.19245e-07
-200
-5.06677e-05
1.1043e-07
2.73697e-06
-2.73975e-08
-200
9.70767e-06
2.1889e-08
-200
7.36421e-06
-1.61378e-09
-200
4.80622e-06
-9.38423e-08
-200
2.06328e-06
-1.44885e-07
-200
-7.79191e-07
-1.34972e-07
-200
-3.72563e-06
-9.66238e-08
-200
-6.82706e-06
-5.28952e-08
-200
-1.01639e-05
-1.79755e-08
-200
-1.37974e-05
4.11486e-09
-200
-1.77929e-05
1.4691e-08
-200
-2.22298e-05
1.79225e-08
-200
-2.72076e-05
1.98938e-08
-200
-3.28317e-05
4.07803e-08
-200
-3.9205e-05
5.29656e-08
-200
-4.64671e-05
4.54795e-08
-200
-5.47839e-05
1.32032e-07
2.86695e-06
-2.0409e-09
-200
1.03862e-05
7.44507e-08
-200
7.76834e-06
-3.81239e-09
-200
4.98248e-06
-5.48921e-08
-200
2.0124e-06
-6.60802e-08
-200
-1.05934e-06
-4.54072e-08
-200
-4.22196e-06
-7.12012e-09
-200
-7.54393e-06
3.13385e-08
-200
-1.11095e-05
5.91847e-08
-200
-1.49792e-05
7.35793e-08
-200
-1.92216e-05
7.55734e-08
-200
-2.39317e-05
6.97956e-08
-200
-2.92233e-05
6.46031e-08
-200
-3.52134e-05
6.14353e-08
-200
-4.20123e-05
7.07047e-08
-200
-4.97324e-05
1.23156e-07
-200
-5.85492e-05
1.24425e-07
2.96311e-06
-2.69346e-08
-200
1.10764e-05
-6.3596e-08
-200
8.09798e-06
-1.83178e-07
-200
5.13121e-06
-1.76669e-07
-200
1.95532e-06
-1.48481e-07
-200
-1.32227e-06
-1.05467e-07
-200
-4.68094e-06
-5.78729e-08
-200
-8.20611e-06
-1.57248e-08
-200
-1.19806e-05
1.42042e-08
-200
-1.60574e-05
3.05486e-08
-200
-2.05137e-05
3.20642e-08
-200
-2.54678e-05
2.33942e-08
-200
-3.1052e-05
1.77143e-08
-200
-3.73912e-05
2.74792e-08
-200
-4.459e-05
4.63937e-08
-200
-5.27678e-05
4.71044e-08
-200
-6.2025e-05
1.47683e-07
3.02886e-06
-3.05439e-09
-200
1.14838e-05
1.59215e-08
-200
8.34642e-06
-2.01452e-07
-200
5.19689e-06
-1.11274e-07
-200
1.83463e-06
-4.79124e-08
-200
-1.62076e-06
1.30503e-08
-200
-5.14919e-06
6.90389e-08
-200
-8.85366e-06
1.06176e-07
-200
-1.28072e-05
1.28487e-07
-200
-1.70584e-05
1.39304e-07
-200
-2.17e-05
1.18342e-07
-200
-2.68789e-05
8.60204e-08
-200
-3.27459e-05
6.21054e-08
-200
-3.94241e-05
5.22142e-08
-200
-4.70215e-05
6.46967e-08
-200
-5.56202e-05
1.34088e-07
-200
-6.52961e-05
1.53932e-07
3.07446e-06
-3.33052e-08
-200
1.17849e-05
-4.29109e-07
-200
8.59844e-06
-2.82915e-07
-200
5.29442e-06
-1.94074e-07
-200
1.78305e-06
-1.00372e-07
-200
-1.81446e-06
-1.35723e-08
-200
-5.4768e-06
5.00137e-08
-200
-9.33803e-06
9.8707e-08
-200
-1.34449e-05
1.30517e-07
-200
-1.78509e-05
1.27682e-07
-200
-2.26868e-05
8.92818e-08
-200
-2.81207e-05
3.84379e-08
-200
-3.43038e-05
5.13273e-10
-200
-4.13366e-05
1.17397e-09
-200
-4.93471e-05
2.83285e-08
-200
-5.8387e-05
5.17193e-08
-200
-6.84912e-05
1.92124e-07
3.07055e-06
-1.92501e-08
-200
1.19767e-05
-3.80386e-07
-200
8.69069e-06
-2.51105e-07
-200
5.32963e-06
-1.01829e-07
-200
1.74633e-06
3.97987e-08
-200
-1.91425e-06
1.52826e-07
-200
-5.66865e-06
2.25318e-07
-200
-9.64308e-06
2.81132e-07
-200
-1.3872e-05
3.01723e-07
-200
-1.8436e-05
2.65251e-07
-200
-2.35268e-05
1.83275e-07
-200
-2.92868e-05
1.26641e-07
-200
-3.58194e-05
6.41006e-08
-200
-4.32555e-05
1.44903e-08
-200
-5.17206e-05
3.71509e-08
-200
-6.11964e-05
1.36007e-07
-200
-7.17021e-05
1.71681e-07
3.03643e-06
-4.84942e-08
-200
1.20594e-05
-5.35008e-07
-200
8.74554e-06
-3.8515e-07
-200
5.41733e-06
-1.3857e-07
-200
1.8819e-06
3.12591e-08
-200
-1.74635e-06
1.8761e-07
-200
-5.54255e-06
2.8612e-07
-200
-9.58562e-06
3.5276e-07
-200
-1.3932e-05
3.58781e-07
-200
-1.87111e-05
2.84307e-07
-200
-2.4194e-05
1.68525e-07
-200
-3.03452e-05
6.89428e-08
-200
-3.73056e-05
-4.39338e-08
-200
-4.52513e-05
-6.24251e-08
-200
-5.42205e-05
-9.53281e-09
-200
-6.42085e-05
4.3155e-08
-200
-7.51719e-05
2.38767e-07
3.02098e-06
-3.99252e-08
-200
1.18569e-05
-4.53261e-07
-200
8.75978e-06
-3.11727e-07
-200
5.55427e-06
5.26746e-08
-200
2.16904e-06
2.3698e-07
-200
-1.34379e-06
4.10235e-07
-200
-5.10466e-06
5.24543e-07
-200
-9.17545e-06
5.7469e-07
-200
-1.3663e-05
5.43992e-07
-200
-1.88049e-05
4.04823e-07
-200
-2.47103e-05
2.29606e-07
-200
-3.13763e-05
5.957e-08
-200
-3.89241e-05
-5.33462e-08
-200
-4.74568e-05
-6.006e-08
-200
-5.69946e-05
3.06377e-09
-200
-6.75422e-05
1.40044e-07
-200
-7.90422e-05
2.14951e-07
3.07736e-06
-7.47983e-08
-200
1.15978e-05
-5.985e-07
-200
8.8891e-06
-2.4603e-07
-200
5.90177e-06
9.45705e-08
-200
2.77927e-06
2.28917e-07
-200
-5.80618e-07
4.71575e-07
-200
-4.25066e-06
5.82899e-07
-200
-8.36615e-06
6.11952e-07
-200
-1.3047e-05
5.15566e-07
-200
-1.86209e-05
2.98426e-07
-200
-2.50837e-05
1.28982e-07
-200
-3.24495e-05
-8.60782e-08
-200
-4.06963e-05
-1.5556e-07
-200
-4.98833e-05
-1.14511e-07
-200
-6.00839e-05
-2.44728e-08
-200
-7.13389e-05
5.50942e-08
-200
-8.35248e-05
2.86906e-07
3.2425e-06
-6.57772e-08
-200
1.14379e-05
-2.71154e-07
-200
9.11255e-06
1.82101e-08
-200
6.43735e-06
3.02598e-07
-200
3.58309e-06
5.14824e-07
-200
3.73551e-07
6.66167e-07
-200
-3.11741e-06
6.81202e-07
-200
-7.21409e-06
6.46467e-07
-200
-1.21746e-05
5.07659e-07
-200
-1.8296e-05
3.00327e-07
-200
-2.55104e-05
2.92016e-08
-200
-3.36481e-05
-1.27901e-07
-200
-4.26553e-05
-1.33841e-07
-200
-5.25812e-05
-7.81194e-08
-200
-6.35814e-05
1.42324e-08
-200
-7.56695e-05
1.70749e-07
-200
-8.87428e-05
2.65511e-07
3.56273e-06
-1.03367e-07
-200
1.16403e-05
-1.96847e-08
-200
9.58996e-06
1.76111e-07
-200
7.28367e-06
3.57677e-07
-200
4.56757e-06
4.95527e-07
-200
1.64096e-06
4.94002e-07
-200
-1.5759e-06
5.21645e-07
-200
-5.74359e-06
4.50176e-07
-200
-1.10291e-05
2.08954e-07
-200
-1.78775e-05
-6.22348e-08
-200
-2.59059e-05
-2.59407e-07
-200
-3.48524e-05
-2.9522e-07
-200
-4.46918e-05
-2.28625e-07
-200
-5.55262e-05
-8.28551e-08
-200
-6.7486e-05
3.64399e-08
-200
-8.0646e-05
9.63271e-08
-200
-9.48445e-05
3.21071e-07
4.06756e-06
-8.03792e-08
-200
1.21203e-05
5.55167e-07
-200
1.03e-05
5.60664e-07
-200
8.28881e-06
6.41541e-07
-200
5.62354e-06
6.41817e-07
-200
3.14228e-06
6.33447e-07
-200
7.62385e-08
5.29131e-07
-200
-4.04466e-06
3.11359e-07
-200
-9.85236e-06
-1.94661e-08
-200
-1.75313e-05
-2.28356e-07
-200
-2.63398e-05
-3.23631e-07
-200
-3.60868e-05
-2.83249e-07
-200
-4.68835e-05
-1.42997e-07
-200
-5.87548e-05
-2.35316e-08
-200
-7.18474e-05
5.67004e-08
-200
-8.62463e-05
1.92506e-07
-200
-0.000101874
3.04089e-07
4.7821e-06
-1.07191e-07
-200
1.31141e-05
8.7011e-07
-200
1.13395e-05
8.75397e-07
-200
9.45431e-06
8.03753e-07
-200
7.11628e-06
7.5098e-07
-200
4.77247e-06
6.32509e-07
-200
1.99957e-06
3.30636e-07
-200
-2.54741e-06
-1.12909e-08
-200
-8.80266e-06
-3.0603e-07
-200
-1.71977e-05
-5.25926e-07
-200
-2.66509e-05
-5.54162e-07
-200
-3.73844e-05
-3.40156e-07
-200
-4.92418e-05
-1.66103e-07
-200
-6.22741e-05
-6.08923e-09
-200
-7.66436e-05
5.37703e-08
-200
-9.25054e-05
1.00685e-07
-200
-0.000109906
4.33532e-07
5.69686e-06
-6.52604e-08
-200
1.47723e-05
1.76128e-06
-200
1.30218e-05
1.562e-06
-200
1.10421e-05
1.3526e-06
-200
9.05171e-06
1.35067e-06
-200
5.80299e-06
1.00771e-06
-200
3.07558e-06
5.47256e-07
-200
-1.1193e-06
3.58946e-08
-200
-8.33905e-06
-3.75786e-07
-200
-1.74651e-05
-4.97817e-07
-200
-2.77228e-05
-1.78649e-07
-200
-3.89883e-05
-3.17784e-07
-200
-5.19513e-05
-9.87806e-08
-200
-6.62565e-05
3.6116e-08
-200
-8.19264e-05
1.01112e-07
-200
-9.93569e-05
2.64036e-07
-200
-0.000118739
3.9081e-07
6.76379e-06
-1.18993e-07
-200
1.6692e-05
1.92055e-06
-200
1.6203e-05
1.64325e-06
-200
1.36583e-05
1.52185e-06
-200
1.17079e-05
1.2815e-06
-200
7.84543e-06
1.16597e-06
-200
4.39166e-06
1.08229e-08
-200
-5.6422e-07
-1.00982e-06
-200
-7.36678e-07
-9.09214e-06
-200
-6.89677e-07
-1.83561e-05
-200
-9.29019e-07
-2.89169e-05
-200
-5.42944e-07
-4.09611e-05
-200
-3.08564e-07
-5.49623e-05
-200
-3.07022e-08
-7.05777e-05
-200
1.39758e-07
-8.76962e-05
-200
3.6956e-07
-0.000106924
-200
6.8555e-07
-0.000128193
-6.74554e-08
7.94325e-06
-200
1.90296e-06
1.98989e-05
-200
1.33135e-06
1.95175e-05
-200
1.64511e-06
1.70986e-05
-200
1.86346e-06
1.47061e-05
-200
1.17718e-07
6.18848e-07
1.00073e-05
-7.4781e-07
9.32421e-07
-200
5.12587e-06
-200
9.19158e-07
9.43564e-07
-200
7.45755e-07
7.17424e-07
-200
4.87974e-07
4.16696e-07
-200
2.17482e-07
1.84404e-07
-200
-6.05288e-08
9.70639e-08
-200
-3.58118e-07
8.82138e-08
-200
-6.80073e-07
1.12144e-07
-200
-1.0314e-06
1.42467e-07
-200
-1.41889e-06
1.65563e-07
-200
-1.84989e-06
1.75914e-07
-200
-2.33345e-06
1.8066e-07
-200
-2.87941e-06
1.83702e-07
-200
-3.5e-06
1.78808e-07
-200
-4.21794e-06
1.70183e-07
-200
-5.04053e-06
1.6141e-07
-200
-6.0135e-06
2.03338e-07
4.11422e-07
1.35928e-09
-200
1.91917e-06
6.87066e-07
-200
1.52059e-06
5.03634e-07
-200
1.0248e-06
2.55733e-07
-200
4.7041e-07
7.4102e-08
-200
-1.07735e-07
2.85839e-08
-200
-7.25495e-07
5.49479e-08
-200
-1.39423e-06
1.04828e-07
-200
-2.12416e-06
1.53289e-07
-200
-2.92901e-06
1.88006e-07
-200
-3.82373e-06
2.04984e-07
-200
-4.82734e-06
2.1437e-07
-200
-5.96106e-06
2.2089e-07
-200
-7.248e-06
2.15756e-07
-200
-8.72542e-06
1.95696e-07
-200
-1.04385e-05
2.03134e-07
-200
-1.24289e-05
2.49725e-07
7.98597e-07
1.26896e-08
-200
2.95171e-06
7.0549e-07
-200
2.32303e-06
4.649e-07
-200
1.57623e-06
2.47101e-07
-200
7.38563e-07
7.57096e-08
-200
-1.41578e-07
2.83365e-08
-200
-1.0792e-06
5.19005e-08
-200
-2.09285e-06
9.86751e-08
-200
-3.19819e-06
1.44127e-07
-200
-4.41552e-06
1.76304e-07
-200
-5.76772e-06
1.91601e-07
-200
-7.28238e-06
1.95817e-07
-200
-8.99085e-06
2.00043e-07
-200
-1.09323e-05
1.96043e-07
-200
-1.31525e-05
1.82651e-07
-200
-1.57034e-05
1.65584e-07
-200
-1.86876e-05
2.08027e-07
1.15386e-06
4.02464e-09
-200
4.00335e-06
6.51878e-07
-200
3.12075e-06
4.62045e-07
-200
2.10851e-06
2.35304e-07
-200
9.91908e-07
6.45079e-08
-200
-1.87363e-07
1.57318e-08
-200
-1.44075e-06
3.88927e-08
-200
-2.79359e-06
8.42404e-08
-200
-4.26707e-06
1.2814e-07
-200
-5.88746e-06
1.58833e-07
-200
-7.68541e-06
1.73805e-07
-200
-9.6969e-06
1.82255e-07
-200
-1.19644e-05
1.8994e-07
-200
-1.45351e-05
1.85111e-07
-200
-1.74693e-05
1.64727e-07
-200
-2.08559e-05
1.78936e-07
-200
-2.4777e-05
2.20908e-07
1.49768e-06
1.33971e-08
-200
5.06454e-06
6.56524e-07
-200
3.91532e-06
4.35246e-07
-200
2.65178e-06
2.36949e-07
-200
1.2568e-06
8.27813e-08
-200
-2.1925e-07
3.64441e-08
-200
-1.78297e-06
5.85742e-08
-200
-3.46712e-06
1.0066e-07
-200
-5.29847e-06
1.39992e-07
-200
-7.30986e-06
1.66135e-07
-200
-9.5389e-06
1.767e-07
-200
-1.20287e-05
1.74653e-07
-200
-1.4831e-05
1.76358e-07
-200
-1.80083e-05
1.71163e-07
-200
-2.16288e-05
1.60851e-07
-200
-2.57705e-05
1.39897e-07
-200
-3.05986e-05
1.66282e-07
1.81673e-06
2.93953e-09
-200
6.07875e-06
5.21804e-07
-200
4.68273e-06
3.89864e-07
-200
3.17149e-06
1.89616e-07
-200
1.50193e-06
3.97146e-08
-200
-2.66674e-07
-2.64443e-09
-200
-2.13226e-06
2.18449e-08
-200
-4.13642e-06
6.49284e-08
-200
-6.31204e-06
1.0445e-07
-200
-8.6979e-06
1.30557e-07
-200
-1.13383e-05
1.43452e-07
-200
-1.42843e-05
1.50567e-07
-200
-1.75963e-05
1.56939e-07
-200
-2.13418e-05
1.52489e-07
-200
-2.56033e-05
1.33364e-07
-200
-3.05008e-05
1.54591e-07
-200
-3.6154e-05
1.98672e-07
2.1038e-06
1.55772e-08
-200
7.02162e-06
5.46399e-07
-200
5.44029e-06
3.61415e-07
-200
3.66586e-06
1.96248e-07
-200
1.72542e-06
7.33817e-08
-200
-3.25941e-07
3.87914e-08
-200
-2.48308e-06
6.29437e-08
-200
-4.79186e-06
1.01909e-07
-200
-7.2932e-06
1.35316e-07
-200
-1.00323e-05
1.55019e-07
-200
-1.30594e-05
1.60629e-07
-200
-1.64323e-05
1.55798e-07
-200
-2.02185e-05
1.50417e-07
-200
-2.44989e-05
1.445e-07
-200
-2.93634e-05
1.40599e-07
-200
-3.49086e-05
1.21192e-07
-200
-4.13433e-05
1.29799e-07
2.35431e-06
9.48833e-10
-200
7.92463e-06
4.04789e-07
-200
6.10722e-06
2.59462e-07
-200
4.08126e-06
9.95628e-08
-200
1.8891e-06
-7.28832e-09
-200
-4.2505e-07
-2.71934e-08
-200
-2.8594e-06
2.36729e-09
-200
-5.45526e-06
4.3998e-08
-200
-8.26131e-06
7.88233e-08
-200
-1.1329e-05
1.00049e-07
-200
-1.47148e-05
1.08377e-07
-200
-1.84833e-05
1.12556e-07
-200
-2.27111e-05
1.20342e-07
-200
-2.74814e-05
1.20858e-07
-200
-3.28926e-05
1.04893e-07
-200
-3.90881e-05
1.30765e-07
-200
-4.62101e-05
1.7814e-07
2.56389e-06
1.65195e-08
-200
8.77354e-06
4.42413e-07
-200
6.68341e-06
1.98505e-07
-200
4.42726e-06
1.09802e-07
-200
1.99257e-06
3.92395e-08
-200
-5.68703e-07
3.23008e-08
-200
-3.26043e-06
6.04942e-08
-200
-6.12222e-06
9.62883e-08
-200
-9.20731e-06
1.23562e-07
-200
-1.25747e-05
1.37553e-07
-200
-1.62862e-05
1.39243e-07
-200
-2.04122e-05
1.32549e-07
-200
-2.50364e-05
1.21769e-07
-200
-3.02571e-05
1.14902e-07
-200
-3.61768e-05
1.19077e-07
-200
-4.29012e-05
1.06006e-07
-200
-5.06628e-05
9.95692e-08
2.73229e-06
-2.03998e-09
-200
9.52866e-06
1.4885e-07
-200
7.17816e-06
8.03556e-08
-200
4.70283e-06
-1.19485e-08
-200
2.03403e-06
-5.78182e-08
-200
-7.63141e-07
-5.04044e-08
-200
-3.69387e-06
-1.56329e-08
-200
-6.7985e-06
2.29277e-08
-200
-1.0138e-05
5.32192e-08
-200
-1.37766e-05
7.11596e-08
-200
-1.77802e-05
7.69264e-08
-200
-2.22273e-05
7.54148e-08
-200
-2.72129e-05
7.43351e-08
-200
-3.28385e-05
8.4665e-08
-200
-3.92114e-05
6.63665e-08
-200
-4.64843e-05
1.08717e-07
-200
-5.47902e-05
1.66813e-07
2.86001e-06
1.36653e-08
-200
1.0177e-05
2.32244e-07
-200
7.60636e-06
3.73521e-08
-200
4.90859e-06
1.88291e-08
-200
2.01739e-06
9.33723e-09
-200
-1.00121e-06
2.87336e-08
-200
-4.14918e-06
6.2557e-08
-200
-7.47018e-06
9.5153e-08
-200
-1.10372e-05
1.17422e-07
-200
-1.4915e-05
1.25439e-07
-200
-1.91741e-05
1.20529e-07
-200
-2.39045e-05
1.08449e-07
-200
-2.92135e-05
9.51392e-08
-200
-3.52138e-05
8.69435e-08
-200
-4.20134e-05
9.6456e-08
-200
-4.97135e-05
8.8134e-08
-200
-5.85277e-05
9.94516e-08
2.95007e-06
-8.29312e-09
-200
1.08106e-05
-5.80398e-08
-200
7.94565e-06
-9.48095e-08
-200
5.04899e-06
-1.12938e-07
-200
1.96014e-06
-9.57799e-08
-200
-1.25791e-06
-5.65432e-08
-200
-4.5959e-06
-1.2327e-08
-200
-8.1118e-06
2.65847e-08
-200
-1.18835e-05
5.23092e-08
-200
-1.59734e-05
6.27385e-08
-200
-2.04597e-05
5.88634e-08
-200
-2.54492e-05
4.72761e-08
-200
-3.10614e-05
4.07368e-08
-200
-3.74106e-05
4.09804e-08
-200
-4.46079e-05
4.04489e-08
-200
-5.27889e-05
1.00626e-07
-200
-6.20201e-05
1.67863e-07
3.0114e-06
5.52996e-09
-200
1.13267e-05
4.20314e-08
-200
8.22478e-06
-1.12345e-07
-200
5.14988e-06
-5.38239e-08
-200
1.88551e-06
-1.78496e-10
-200
-1.50417e-06
5.51655e-08
-200
-4.99957e-06
1.06934e-07
-200
-8.68803e-06
1.40567e-07
-200
-1.26394e-05
1.53624e-07
-200
-1.69168e-05
1.55902e-07
-200
-2.16123e-05
1.30209e-07
-200
-2.68488e-05
9.37944e-08
-200
-3.27553e-05
6.52518e-08
-200
-3.94509e-05
5.53049e-08
-200
-4.70415e-05
7.10186e-08
-200
-5.56015e-05
7.08081e-08
-200
-6.52697e-05
1.19694e-07
3.04715e-06
-2.05296e-08
-200
1.16954e-05
-3.07814e-07
-200
8.44927e-06
-2.30532e-07
-200
5.24638e-06
-1.61385e-07
-200
1.84843e-06
-7.85474e-08
-200
-1.66817e-06
1.46169e-09
-200
-5.29254e-06
6.16467e-08
-200
-9.13121e-06
1.04328e-07
-200
-1.32453e-05
1.27132e-07
-200
-1.7704e-05
1.19666e-07
-200
-2.26186e-05
8.20827e-08
-200
-2.81242e-05
3.45705e-08
-200
-3.43542e-05
3.54044e-09
-200
-4.13984e-05
-1.20319e-10
-200
-4.93891e-05
1.32218e-08
-200
-5.841e-05
7.90794e-08
-200
-6.84679e-05
2.04787e-07
3.04541e-06
-1.28106e-08
-200
1.19395e-05
-2.14526e-07
-200
8.63626e-06
-2.11268e-07
-200
5.35526e-06
-5.881e-08
-200
1.88423e-06
6.91755e-08
-200
-1.69665e-06
1.69606e-07
-200
-5.41822e-06
2.36146e-07
-200
-9.37974e-06
2.77607e-07
-200
-1.36433e-05
2.87614e-07
-200
-1.82961e-05
2.49142e-07
-200
-2.34656e-05
1.70488e-07
-200
-2.93008e-05
9.42442e-08
-200
-3.58766e-05
6.41712e-08
-200
-4.33168e-05
2.16225e-08
-200
-5.17531e-05
4.76293e-08
-200
-6.11796e-05
7.1225e-08
-200
-7.16679e-05
1.47592e-07
3.01585e-06
-4.38642e-08
-200
1.20987e-05
-4.5445e-07
-200
8.82087e-06
-2.90006e-07
-200
5.51979e-06
-9.30485e-08
-200
2.07419e-06
4.39901e-08
-200
-1.50866e-06
1.83063e-07
-200
-5.28465e-06
2.67432e-07
-200
-9.34432e-06
3.18004e-07
-200
-1.37655e-05
3.18341e-07
-200
-1.86588e-05
2.48361e-07
-200
-2.42172e-05
1.47724e-07
-200
-3.04287e-05
7.41598e-08
-200
-3.74147e-05
-1.70277e-08
-200
-4.53179e-05
-3.62152e-08
-200
-5.42538e-05
-6.60051e-09
-200
-6.42305e-05
1.10055e-07
-200
-7.51394e-05
2.647e-07
2.99719e-06
-3.53196e-08
-200
1.21553e-05
-3.19616e-07
-200
9.04867e-06
-1.81548e-07
-200
5.82559e-06
7.58497e-08
-200
2.46429e-06
2.75817e-07
-200
-1.06757e-06
4.16283e-07
-200
-4.8399e-06
5.03106e-07
-200
-8.98195e-06
5.40875e-07
-200
-1.35834e-05
5.02189e-07
-200
-1.88497e-05
3.75249e-07
-200
-2.48593e-05
2.39253e-07
-200
-3.15158e-05
9.33817e-08
-200
-3.90421e-05
2.85894e-09
-200
-4.74904e-05
-8.22686e-09
-200
-5.69976e-05
4.70982e-08
-200
-6.75034e-05
8.58272e-08
-200
-7.89923e-05
2.01773e-07
3.05074e-06
-6.50033e-08
-200
1.21791e-05
-4.0455e-07
-200
9.35835e-06
-1.11382e-07
-200
6.29462e-06
1.46072e-07
-200
3.0833e-06
2.88664e-07
-200
-3.25193e-07
4.59844e-07
-200
-4.03707e-06
5.59269e-07
-200
-8.29005e-06
5.77323e-07
-200
-1.31349e-05
4.88628e-07
-200
-1.88928e-05
3.24454e-07
-200
-2.53816e-05
1.56461e-07
-200
-3.26791e-05
3.3853e-09
-200
-4.08295e-05
-5.6042e-08
-200
-4.9912e-05
-3.87742e-08
-200
-6.00834e-05
7.18797e-09
-200
-7.13487e-05
1.45052e-07
-200
-8.34967e-05
3.24101e-07
3.21821e-06
-5.06978e-08
-200
1.23356e-05
-5.72566e-08
-200
9.8157e-06
1.43867e-07
-200
6.98191e-06
3.74939e-07
-200
3.97763e-06
5.58912e-07
-200
6.83649e-07
6.78291e-07
-200
-2.93282e-06
7.0788e-07
-200
-7.27471e-06
6.32218e-07
-200
-1.24385e-05
5.1772e-07
-200
-1.87313e-05
3.3176e-07
-200
-2.5894e-05
1.22202e-07
-200
-3.39147e-05
3.11943e-09
-200
-4.27609e-05
-2.94092e-08
-200
-5.2599e-05
-2.87066e-10
-200
-6.35697e-05
6.59914e-08
-200
-7.56329e-05
1.06457e-07
-200
-8.86968e-05
2.33586e-07
3.54735e-06
-7.27208e-08
-200
1.27504e-05
1.59696e-07
-200
1.04132e-05
3.35777e-07
-200
7.89122e-06
4.49995e-07
-200
5.00705e-06
5.69588e-07
-200
1.96684e-06
5.32856e-07
-200
-1.56183e-06
5.65396e-07
-200
-5.98239e-06
4.73239e-07
-200
-1.15757e-05
2.80239e-07
-200
-1.85439e-05
5.60797e-08
-200
-2.64268e-05
-9.89498e-08
-200
-3.51651e-05
-1.59138e-07
-200
-4.48563e-05
-1.09462e-07
-200
-5.555e-05
-2.7124e-08
-200
-6.74774e-05
1.83813e-08
-200
-8.06535e-05
1.6681e-07
-200
-9.48203e-05
3.52826e-07
4.06418e-06
-3.61601e-08
-200
1.34189e-05
7.38076e-07
-200
1.11945e-05
7.5348e-07
-200
8.98084e-06
7.50036e-07
-200
6.19076e-06
7.09758e-07
-200
3.48504e-06
7.09645e-07
-200
-7.28e-08
6.29089e-07
-200
-4.55967e-06
4.15515e-07
-200
-1.0785e-05
1.6083e-07
-200
-1.83426e-05
-6.49091e-08
-200
-2.67926e-05
-2.0336e-07
-200
-3.63818e-05
-1.89245e-07
-200
-4.70604e-05
-6.28875e-08
-200
-5.87539e-05
-8.82109e-09
-200
-7.17989e-05
3.48934e-08
-200
-8.61569e-05
8.05357e-08
-200
-0.000101776
2.43498e-07
4.78241e-06
-3.89819e-08
-200
1.42915e-05
1.04718e-06
-200
1.22366e-05
1.10634e-06
-200
1.02087e-05
9.05146e-07
-200
7.71585e-06
7.65002e-07
-200
5.01753e-06
7.24612e-07
-200
1.45578e-06
5.18589e-07
-200
-3.45672e-06
2.37025e-07
-200
-1.00987e-05
-1.02759e-07
-200
-1.81426e-05
-2.78106e-07
-200
-2.73419e-05
-3.16264e-07
-200
-3.75555e-05
-2.64604e-07
-200
-4.91941e-05
-2.54892e-07
-200
-6.224e-05
-6.2948e-08
-200
-7.65518e-05
-2.16189e-08
-200
-9.23935e-05
1.54851e-07
-200
-0.000109756
5.03156e-07
5.69048e-06
7.62965e-09
-200
1.576e-05
1.71455e-06
-200
1.40924e-05
1.59141e-06
-200
1.18712e-05
1.34366e-06
-200
9.60407e-06
1.34232e-06
-200
6.51122e-06
1.22114e-06
-200
2.82353e-06
8.74962e-07
-200
-2.99413e-06
3.97546e-07
-200
-9.74437e-06
1.57075e-07
-200
-1.87832e-05
1.99853e-07
-200
-2.74032e-05
-2.13641e-07
-200
-3.90846e-05
-2.09288e-07
-200
-5.21477e-05
2.83905e-07
-200
-6.61087e-05
2.47922e-09
-200
-8.17256e-05
6.27719e-08
-200
-9.90676e-05
2.76836e-07
-200
-0.000118526
4.10349e-07
6.729e-06
-3.97965e-08
-200
1.80583e-05
1.62043e-06
-200
1.70716e-05
1.3605e-06
-200
1.44886e-05
1.24589e-06
-200
1.20354e-05
1.14942e-06
-200
8.78037e-06
7.07968e-07
-200
4.11413e-06
9.80807e-08
-200
-2.5113e-06
-4.45275e-08
-200
-9.74223e-06
-5.62106e-07
-200
-1.85705e-05
-7.90425e-07
-200
-4.69892e-07
-2.85215e-05
-200
-2.97451e-07
-4.14223e-05
-200
-5.36872e-07
-5.5098e-05
-200
-3.13988e-08
-7.04106e-05
-200
1.39971e-07
-8.74397e-05
-200
5.17268e-07
-0.000106529
-200
1.00456e-06
-0.000128029
-6.59746e-08
7.91332e-06
-200
1.93564e-06
2.0694e-05
-200
1.79516e-06
1.9874e-05
-200
1.74341e-06
1.73723e-05
-200
1.65464e-06
1.46517e-05
-200
1.07398e-06
9.93835e-06
-200
3.01135e-07
4.57359e-06
-200
-8.5136e-07
1.19601e-06
-1.92543e-06
-200
-8.44659e-07
1.59406e-06
-1.04542e-05
-2.22962e-07
1.33103e-06
-200
-1.95653e-05
-200
9.61608e-07
9.38825e-07
-200
8.04267e-07
7.8791e-07
-200
5.26534e-07
5.97476e-07
-200
2.46638e-07
4.49547e-07
-200
-4.29316e-08
3.85106e-07
-200
-3.4849e-07
3.6886e-07
-200
-6.76981e-07
3.6969e-07
-200
-1.03341e-06
3.7246e-07
-200
-1.42492e-06
3.73648e-07
-200
-1.85881e-06
3.65469e-07
-200
-2.34478e-06
3.46459e-07
-200
-2.891e-06
3.25651e-07
-200
-3.50877e-06
2.95575e-07
-200
-4.22986e-06
2.57745e-07
-200
-5.06177e-06
2.18427e-07
-200
-6.04191e-06
2.20326e-07
4.18039e-07
4.78319e-08
-200
1.92648e-06
7.97742e-07
-200
1.55022e-06
6.58882e-07
-200
1.03788e-06
5.08676e-07
-200
4.86716e-07
3.92113e-07
-200
-9.75478e-08
3.52246e-07
-200
-7.19683e-07
3.55711e-07
-200
-1.393e-06
3.71173e-07
-200
-2.12795e-06
3.85781e-07
-200
-2.93669e-06
3.92873e-07
-200
-3.83477e-06
3.87057e-07
-200
-4.84002e-06
3.70322e-07
-200
-5.97436e-06
3.54182e-07
-200
-7.26019e-06
3.25748e-07
-200
-8.74185e-06
2.75196e-07
-200
-1.04626e-05
2.54843e-07
-200
-1.2451e-05
2.46232e-07
8.19235e-07
5.05284e-08
-200
2.94942e-06
7.80768e-07
-200
2.31013e-06
5.95876e-07
-200
1.57327e-06
4.67078e-07
-200
7.54113e-07
3.61044e-07
-200
-1.26411e-07
3.22666e-07
-200
-1.06546e-06
3.2594e-07
-200
-2.08265e-06
3.40992e-07
-200
-3.19272e-06
3.54564e-07
-200
-4.41494e-06
3.61357e-07
-200
-5.77202e-06
3.56149e-07
-200
-7.29086e-06
3.4018e-07
-200
-9.00211e-06
3.2264e-07
-200
-1.09439e-05
2.97948e-07
-200
-1.31665e-05
2.56832e-07
-200
-1.57257e-05
1.91942e-07
-200
-1.87146e-05
2.12937e-07
1.16144e-06
5.25017e-08
-200
3.96446e-06
7.31525e-07
-200
3.072e-06
6.03364e-07
-200
2.09113e-06
4.69858e-07
-200
1.00234e-06
3.62176e-07
-200
-1.73492e-07
3.23598e-07
-200
-1.42544e-06
3.25933e-07
-200
-2.78066e-06
3.39879e-07
-200
-4.25902e-06
3.54192e-07
-200
-5.88486e-06
3.59603e-07
-200
-7.68755e-06
3.53239e-07
-200
-9.70118e-06
3.36531e-07
-200
-1.19708e-05
3.23099e-07
-200
-1.45441e-05
2.94998e-07
-200
-1.7481e-05
2.43786e-07
-200
-2.08652e-05
2.407e-07
-200
-2.47836e-05
2.18838e-07
1.50079e-06
4.78136e-08
-200
4.99242e-06
7.09576e-07
-200
3.86478e-06
5.43739e-07
-200
2.63385e-06
4.28935e-07
-200
1.2759e-06
3.34694e-07
-200
-1.91836e-07
2.9907e-07
-200
-1.75402e-06
3.03123e-07
-200
-3.44053e-06
3.16918e-07
-200
-5.27712e-06
3.28027e-07
-200
-7.29536e-06
3.31843e-07
-200
-9.53112e-06
3.2456e-07
-200
-1.20276e-05
3.08414e-07
-200
-1.48344e-05
2.90847e-07
-200
-1.80138e-05
2.66627e-07
-200
-2.16356e-05
2.31232e-07
-200
-2.5784e-05
1.57275e-07
-200
-3.06254e-05
1.81519e-07
1.81644e-06
4.63219e-08
-200
5.96984e-06
6.03675e-07
-200
4.60809e-06
5.16808e-07
-200
3.12677e-06
3.99994e-07
-200
1.50346e-06
3.05578e-07
-200
-2.48132e-07
2.72305e-07
-200
-2.11247e-06
2.77749e-07
-200
-4.11831e-06
2.92925e-07
-200
-6.29983e-06
3.07701e-07
-200
-8.69263e-06
3.12084e-07
-200
-1.13383e-05
3.05876e-07
-200
-1.42872e-05
2.92218e-07
-200
-1.76009e-05
2.80296e-07
-200
-2.13499e-05
2.54567e-07
-200
-2.56134e-05
2.05865e-07
-200
-3.0505e-05
2.23101e-07
-200
-3.61547e-05
1.95602e-07
2.10432e-06
4.15535e-08
-200
6.93816e-06
5.91821e-07
-200
5.35305e-06
4.44462e-07
-200
3.62172e-06
3.55283e-07
-200
1.73822e-06
2.78505e-07
-200
-2.88492e-07
2.52223e-07
-200
-2.44335e-06
2.57922e-07
-200
-4.75564e-06
2.72392e-07
-200
-7.26474e-06
2.82709e-07
-200
-1.00141e-05
2.85346e-07
-200
-1.30488e-05
2.77432e-07
-200
-1.64285e-05
2.62395e-07
-200
-2.02205e-05
2.45374e-07
-200
-2.45042e-05
2.24098e-07
-200
-2.93683e-05
1.98601e-07
-200
-3.49184e-05
1.25674e-07
-200
-4.13689e-05
1.44447e-07
2.35097e-06
4.00744e-08
-200
7.82351e-06
4.67757e-07
-200
5.99864e-06
3.88405e-07
-200
4.0207e-06
2.93519e-07
-200
1.88272e-06
2.20432e-07
-200
-4.05262e-07
2.01685e-07
-200
-2.83252e-06
2.11118e-07
-200
-5.43162e-06
2.27747e-07
-200
-8.24671e-06
2.42382e-07
-200
-1.1326e-05
2.4734e-07
-200
-1.47182e-05
2.42864e-07
-200
-1.84898e-05
2.32069e-07
-200
-2.27179e-05
2.24569e-07
-200
-2.74901e-05
2.06577e-07
-200
-3.29017e-05
1.62629e-07
-200
-3.90891e-05
1.99996e-07
-200
-4.62035e-05
1.71897e-07
2.56148e-06
3.3671e-08
-200
8.66988e-06
4.73197e-07
-200
6.6098e-06
3.0234e-07
-200
4.3991e-06
2.4557e-07
-200
2.01179e-06
1.98028e-07
-200
-5.24104e-07
1.88143e-07
-200
-3.20825e-06
1.98892e-07
-200
-6.075e-06
2.13968e-07
-200
-9.17195e-06
2.23188e-07
-200
-1.25521e-05
2.24255e-07
-200
-1.62724e-05
2.18038e-07
-200
-2.04062e-05
2.05664e-07
-200
-2.50377e-05
1.89e-07
-200
-3.02626e-05
1.73617e-07
-200
-3.61783e-05
1.60174e-07
-200
-4.29058e-05
9.41337e-08
-200
-5.06819e-05
1.08211e-07
2.72505e-06
3.22153e-08
-200
9.38784e-06
2.6702e-07
-200
7.08503e-06
2.26839e-07
-200
4.6544e-06
1.56056e-07
-200
2.0326e-06
1.22226e-07
-200
-7.35661e-07
1.2068e-07
-200
-3.65612e-06
1.36425e-07
-200
-6.76542e-06
1.547e-07
-200
-1.01143e-05
1.67801e-07
-200
-1.37626e-05
1.74387e-07
-200
-1.77758e-05
1.73009e-07
-200
-2.22328e-05
1.66893e-07
-200
-2.72247e-05
1.58628e-07
-200
-3.28514e-05
1.46219e-07
-200
-3.92235e-05
1.08661e-07
-200
-4.64817e-05
1.75653e-07
-200
-5.47745e-05
1.54121e-07
2.85355e-06
2.2986e-08
-200
1.01031e-05
2.91282e-07
-200
7.52821e-06
1.35009e-07
-200
4.88568e-06
1.21182e-07
-200
2.04723e-06
1.10852e-07
-200
-9.38407e-07
1.18436e-07
-200
-4.07623e-06
1.35442e-07
-200
-7.4024e-06
1.51638e-07
-200
-1.09776e-05
1.61847e-07
-200
-1.48671e-05
1.63361e-07
-200
-1.91433e-05
1.5688e-07
-200
-2.38931e-05
1.45806e-07
-200
-2.92174e-05
1.33027e-07
-200
-3.52244e-05
1.23228e-07
-200
-4.20191e-05
1.20475e-07
-200
-4.97146e-05
6.08866e-08
-200
-5.85328e-05
8.64168e-08
2.93897e-06
2.24412e-08
-200
1.06801e-05
6.30499e-08
-200
7.85344e-06
5.0868e-08
-200
5.0092e-06
2.46557e-08
-200
1.9741e-06
2.6006e-08
-200
-1.20498e-06
4.48244e-08
-200
-4.52952e-06
6.91033e-08
-200
-8.0446e-06
9.12167e-08
-200
-1.18201e-05
1.0599e-07
-200
-1.59249e-05
1.11844e-07
-200
-2.04358e-05
1.09014e-07
-200
-2.54515e-05
1.02267e-07
-200
-3.10825e-05
9.81709e-08
-200
-3.74369e-05
8.61039e-08
-200
-4.46277e-05
6.95665e-08
-200
-5.27726e-05
1.55642e-07
-200
-6.20032e-05
1.48391e-07
3.001e-06
1.17536e-08
-200
1.1245e-05
1.0818e-07
-200
8.17846e-06
-2.01502e-08
-200
5.15468e-06
1.14483e-08
-200
1.94781e-06
3.87553e-08
-200
-1.39563e-06
6.94315e-08
-200
-4.87541e-06
9.81716e-08
-200
-8.56204e-06
1.20208e-07
-200
-1.25226e-05
1.2999e-07
-200
-1.68265e-05
1.30359e-07
-200
-2.15629e-05
1.18445e-07
-200
-2.68409e-05
9.9866e-08
-200
-3.27765e-05
8.19178e-08
-200
-3.94791e-05
7.91558e-08
-200
-4.70561e-05
8.52368e-08
-200
-5.56076e-05
3.84429e-08
-200
-6.52719e-05
9.05644e-08
3.03449e-06
9.76305e-09
-200
1.16537e-05
-1.42936e-07
-200
8.41228e-06
-9.21441e-08
-200
5.25202e-06
-6.57129e-08
-200
1.91472e-06
-2.21753e-08
-200
-1.54836e-06
2.45005e-08
-200
-5.15889e-06
6.34645e-08
-200
-8.99547e-06
9.12307e-08
-200
-1.31267e-05
1.08422e-07
-200
-1.76275e-05
1.08355e-07
-200
-2.25955e-05
9.35187e-08
-200
-2.81488e-05
7.2171e-08
-200
-3.44063e-05
5.76052e-08
-200
-4.14502e-05
4.98148e-08
-200
-4.94136e-05
5.07433e-08
-200
-5.84177e-05
1.1503e-07
-200
-6.84222e-05
1.56109e-07
3.03689e-06
-3.06598e-09
-200
1.20279e-05
-7.77432e-08
-200
8.69313e-06
-1.20431e-07
-200
5.44559e-06
-2.83107e-08
-200
2.03542e-06
4.72999e-08
-200
-1.50299e-06
1.09415e-07
-200
-5.21864e-06
1.53556e-07
-200
-9.19204e-06
1.82126e-07
-200
-1.34951e-05
1.9219e-07
-200
-1.8212e-05
1.7383e-07
-200
-2.34522e-05
1.38907e-07
-200
-2.93451e-05
9.50695e-08
-200
-3.59358e-05
8.84897e-08
-200
-4.3365e-05
6.54265e-08
-200
-5.17603e-05
7.67951e-08
-200
-6.11811e-05
2.03496e-08
-200
-7.16394e-05
1.21828e-07
2.99392e-06
-8.81232e-09
-200
1.22483e-05
-2.4914e-07
-200
8.96345e-06
-1.2728e-07
-200
5.68926e-06
-3.47069e-08
-200
2.26469e-06
6.03257e-08
-200
-1.2988e-06
1.41241e-07
-200
-5.08446e-06
1.98011e-07
-200
-9.17855e-06
2.32925e-07
-200
-1.3664e-05
2.40751e-07
-200
-1.86397e-05
2.08389e-07
-200
-2.42571e-05
1.52789e-07
-200
-3.05076e-05
1.2169e-07
-200
-3.74959e-05
7.84893e-08
-200
-4.53627e-05
5.66265e-08
-200
-5.42591e-05
5.44847e-08
-200
-6.42101e-05
1.82074e-07
-200
-7.50715e-05
2.02997e-07
2.98113e-06
-1.67166e-08
-200
1.24774e-05
-1.18941e-07
-200
9.35544e-06
-5.9351e-08
-200
6.12219e-06
9.09656e-08
-200
2.76297e-06
2.14497e-07
-200
-7.86566e-07
3.07042e-07
-200
-4.60666e-06
3.65362e-07
-200
-8.81368e-06
3.93765e-07
-200
-1.35101e-05
3.7992e-07
-200
-1.88793e-05
3.15067e-07
-200
-2.49112e-05
2.41302e-07
-200
-3.16135e-05
1.70489e-07
-200
-3.90945e-05
1.09685e-07
-200
-4.7501e-05
9.68375e-08
-200
-5.69798e-05
1.11459e-07
-200
-6.74905e-05
4.18615e-08
-200
-7.89668e-05
1.76054e-07
3.0322e-06
-1.4337e-08
-200
1.26596e-05
-1.32914e-07
-200
9.81411e-06
5.7837e-08
-200
6.68392e-06
1.91818e-07
-200
3.41537e-06
3.13777e-07
-200
-4.85157e-08
3.9623e-07
-200
-3.84988e-06
4.70339e-07
-200
-8.16749e-06
4.84104e-07
-200
-1.31655e-05
4.49285e-07
-200
-1.89751e-05
3.64399e-07
-200
-2.55029e-05
2.74698e-07
-200
-3.27873e-05
1.90609e-07
-200
-4.08875e-05
1.47431e-07
-200
-4.99104e-05
1.17197e-07
-200
-6.00841e-05
1.05734e-07
-200
-7.13486e-05
2.41558e-07
-200
-8.34582e-05
2.6618e-07
3.21903e-06
-1.46996e-08
-200
1.30758e-05
1.14966e-07
-200
1.04603e-05
2.20342e-07
-200
7.48913e-06
3.59653e-07
-200
4.39399e-06
4.75638e-07
-200
1.03164e-06
5.53239e-07
-200
-2.74606e-06
5.94931e-07
-200
-7.15893e-06
5.42624e-07
-200
-1.25304e-05
5.00919e-07
-200
-1.88144e-05
3.986e-07
-200
-2.60273e-05
3.03121e-07
-200
-3.39713e-05
2.21626e-07
-200
-4.28383e-05
1.82167e-07
-200
-5.26009e-05
1.59116e-07
-200
-6.35979e-05
1.58944e-07
-200
-7.56774e-05
6.50637e-08
-200
-8.87271e-05
2.08621e-07
3.55779e-06
2.18296e-09
-200
1.35956e-05
3.04002e-07
-200
1.12179e-05
3.73795e-07
-200
8.44952e-06
4.37063e-07
-200
5.49739e-06
5.13994e-07
-200
2.26476e-06
5.17849e-07
-200
-1.39574e-06
5.45211e-07
-200
-5.97484e-06
5.17728e-07
-200
-1.17264e-05
4.1878e-07
-200
-1.86557e-05
3.14198e-07
-200
-2.65708e-05
2.40928e-07
-200
-3.53218e-05
1.94561e-07
-200
-4.50032e-05
1.85748e-07
-200
-5.56281e-05
1.44404e-07
-200
-6.75465e-05
1.03813e-07
-200
-8.07008e-05
2.57379e-07
-200
-9.47983e-05
3.12143e-07
4.09617e-06
1.88134e-08
-200
1.43412e-05
6.31225e-07
-200
1.21359e-05
5.98692e-07
-200
9.68042e-06
5.49078e-07
-200
6.82731e-06
5.39453e-07
-200
3.8426e-06
5.72703e-07
-200
2.27632e-07
5.28841e-07
-200
-4.54907e-06
4.39394e-07
-200
-1.08084e-05
3.15992e-07
-200
-1.84019e-05
2.213e-07
-200
-2.70893e-05
1.68917e-07
-200
-3.67541e-05
1.54576e-07
-200
-4.71207e-05
8.59002e-08
-200
-5.88116e-05
5.28618e-08
-200
-7.18425e-05
7.32427e-08
-200
-8.61928e-05
6.48219e-08
-200
-0.000101723
2.32569e-07
4.79249e-06
5.48288e-08
-200
1.56767e-05
6.71992e-07
-200
1.28557e-05
9.31617e-07
-200
1.09913e-05
7.5966e-07
-200
8.25609e-06
6.59101e-07
-200
5.49284e-06
6.35374e-07
-200
1.72302e-06
5.63555e-07
-200
-3.29212e-06
3.94002e-07
-200
-1.00989e-05
2.34777e-07
-200
-1.83657e-05
2.16031e-07
-200
-2.7817e-05
1.98586e-07
-200
-3.81632e-05
1.64197e-07
-200
-4.97474e-05
1.13608e-07
-200
-6.22242e-05
6.01236e-08
-200
-7.65664e-05
1.16792e-07
-200
-9.20963e-05
1.57824e-07
-200
-0.000109497
4.60376e-07
5.66947e-06
6.38232e-08
-200
1.69961e-05
1.51042e-06
-200
1.44195e-05
1.27634e-06
-200
1.24911e-05
1.2592e-06
-200
1.00074e-05
1.20511e-06
-200
7.12539e-06
1.11687e-06
-200
3.12671e-06
9.48074e-07
-200
-2.44572e-06
6.76628e-07
-200
-9.60709e-06
6.06362e-07
-200
-1.84976e-05
7.063e-07
-200
-2.87914e-05
5.11848e-07
-200
-4.00843e-05
4.05662e-07
-200
-5.18235e-05
1.6862e-07
-200
-6.59963e-05
1.08815e-07
-200
-8.14926e-05
3.30312e-08
-200
-9.89357e-05
5.49951e-07
-200
-0.000118195
4.46374e-07
6.60436e-06
7.75796e-08
-200
1.88559e-05
1.09386e-06
-200
1.69497e-05
1.35845e-06
-200
1.4546e-05
1.18243e-06
-200
1.19829e-05
1.16316e-06
-200
8.53289e-06
9.48884e-07
-200
4.07592e-06
5.87579e-07
-200
-1.91978e-06
4.47957e-07
-200
-9.62745e-06
2.49247e-07
-200
-1.91579e-05
2.05484e-07
-200
-2.98269e-05
2.18206e-07
-200
-4.17431e-05
1.44833e-09
-200
2.49074e-08
-5.47377e-05
-200
3.46155e-07
-7.06325e-05
-200
7.67799e-07
-8.76761e-05
-200
5.04016e-07
-0.000106279
-200
9.03432e-07
-0.000127636
-2.55626e-08
7.78497e-06
-200
2.19256e-06
2.14538e-05
-200
1.87124e-06
1.96865e-05
-200
1.87764e-06
1.71945e-05
-200
1.74518e-06
1.42049e-05
-200
1.4212e-06
9.98898e-06
-200
1.1017e-06
4.68347e-06
-200
8.55268e-07
-2.25936e-06
-200
5.27288e-07
-1.05326e-05
-200
8.68181e-07
-1.99237e-05
-200
-3.68449e-10
1.05594e-06
-3.10992e-05
4.27033e-07
3.21098e-07
-200
-4.37088e-05
-200
1.7535e-06
-200
1.56998e-06
-200
1.29683e-06
-200
9.9951e-07
-200
6.92948e-07
-200
3.71225e-07
-200
2.63057e-08
-200
-3.47765e-07
-200
-7.56461e-07
-200
-1.20918e-06
-200
-1.71544e-06
-200
-2.28394e-06
-200
-2.93187e-06
-200
-3.6822e-06
-200
-4.5313e-06
-200
-5.53218e-06
4.48852e-07
-200
3.47453e-06
-200
3.04735e-06
-200
2.54916e-06
-200
1.98211e-06
-200
1.37435e-06
-200
7.27314e-07
-200
2.69375e-08
-200
-7.36878e-07
-200
-1.57691e-06
-200
-2.50923e-06
-200
-3.55248e-06
-200
-4.72651e-06
-200
-6.06109e-06
-200
-7.59906e-06
-200
-9.35444e-06
-200
-1.13943e-05
8.96643e-07
-200
5.19347e-06
-200
4.46582e-06
-200
3.75139e-06
-200
2.92402e-06
-200
2.02108e-06
-200
1.05033e-06
-200
-1.98584e-09
-200
-1.15138e-06
-200
-2.416e-06
-200
-3.81912e-06
-200
-5.38878e-06
-200
-7.15713e-06
-200
-9.16255e-06
-200
-1.14599e-05
-200
-1.41089e-05
-200
-1.71593e-05
1.30125e-06
-200
6.87178e-06
-200
5.90278e-06
-200
4.95061e-06
-200
3.85486e-06
-200
2.65893e-06
-200
1.36789e-06
-200
-3.10696e-08
-200
-1.55843e-06
-200
-3.23811e-06
-200
-5.10044e-06
-200
-7.18198e-06
-200
-9.5244e-06
-200
-1.21805e-05
-200
-1.52125e-05
-200
-1.86885e-05
-200
-2.27304e-05
1.68768e-06
-200
8.50119e-06
-200
7.29305e-06
-200
6.09587e-06
-200
4.73626e-06
-200
3.25211e-06
-200
1.64937e-06
-200
-8.72641e-08
-200
-1.9833e-06
-200
-4.06609e-06
-200
-6.37144e-06
-200
-8.94529e-06
-200
-1.184e-05
-200
-1.51165e-05
-200
-1.88492e-05
-200
-2.31474e-05
-200
-2.81117e-05
2.04392e-06
-200
1.00253e-05
-200
8.62868e-06
-200
7.18321e-06
-200
5.55577e-06
-200
3.78737e-06
-200
1.88221e-06
-200
-1.78454e-07
-200
-2.42389e-06
-200
-4.89025e-06
-200
-7.61619e-06
-200
-1.06549e-05
-200
-1.40687e-05
-200
-1.79309e-05
-200
-2.23237e-05
-200
-2.73492e-05
-200
-3.31884e-05
2.37e-06
-200
1.14948e-05
-200
9.86847e-06
-200
8.18061e-06
-200
6.2965e-06
-200
4.25416e-06
-200
2.0583e-06
-200
-3.11837e-07
-200
-2.89038e-06
-200
-5.71842e-06
-200
-8.84093e-06
-200
-1.23164e-05
-200
-1.62179e-05
-200
-2.06246e-05
-200
-2.5629e-05
-200
-3.13729e-05
-200
-3.80053e-05
2.65169e-06
-200
1.28152e-05
-200
1.09924e-05
-200
9.05687e-06
-200
6.91464e-06
-200
4.60838e-06
-200
2.13852e-06
-200
-5.19541e-07
-200
-3.40394e-06
-200
-6.56303e-06
-200
-1.00467e-05
-200
-1.39207e-05
-200
-1.82643e-05
-200
-2.31694e-05
-200
-2.8736e-05
-200
-3.50864e-05
-200
-4.24404e-05
2.89383e-06
-200
1.40739e-05
-200
1.1986e-05
-200
9.81171e-06
-200
7.42799e-06
-200
4.87332e-06
-200
2.14693e-06
-200
-7.78446e-07
-200
-3.94596e-06
-200
-7.40772e-06
-200
-1.122e-05
-200
-1.54588e-05
-200
-2.021e-05
-200
-2.55694e-05
-200
-3.1644e-05
-200
-3.85957e-05
-200
-4.65925e-05
3.08742e-06
-200
1.51162e-05
-200
1.28087e-05
-200
1.03975e-05
-200
7.7796e-06
-200
4.99231e-06
-200
2.03198e-06
-200
-1.13262e-06
-200
-4.54864e-06
-200
-8.27319e-06
-200
-1.23743e-05
-200
-1.69343e-05
-200
-2.2047e-05
-200
-2.78159e-05
-200
-3.43532e-05
-200
-4.17848e-05
-200
-5.03383e-05
3.24019e-06
-200
1.61053e-05
-200
1.34888e-05
-200
1.08648e-05
-200
8.03471e-06
-200
5.03512e-06
-200
1.86243e-06
-200
-1.51458e-06
-200
-5.15084e-06
-200
-9.11149e-06
-200
-1.34727e-05
-200
-1.83237e-05
-200
-2.37663e-05
-200
-2.9907e-05
-200
-3.68639e-05
-200
-4.47944e-05
-200
-5.3843e-05
3.35352e-06
-200
1.68431e-05
-200
1.39992e-05
-200
1.11689e-05
-200
8.14091e-06
-200
4.95207e-06
-200
1.59984e-06
-200
-1.95683e-06
-200
-5.78241e-06
-200
-9.94804e-06
-200
-1.45361e-05
-200
-1.9645e-05
-200
-2.53846e-05
-200
-3.18691e-05
-200
-3.92119e-05
-200
-4.75344e-05
-200
-5.70009e-05
3.43498e-06
-200
1.75347e-05
-200
1.44176e-05
-200
1.14144e-05
-200
8.22288e-06
-200
4.87914e-06
-200
1.37883e-06
-200
-2.3373e-06
-200
-6.33637e-06
-200
-1.06921e-05
-200
-1.54965e-05
-200
-2.08579e-05
-200
-2.68929e-05
-200
-3.3703e-05
-200
-4.14196e-05
-200
-5.01856e-05
-200
-6.00622e-05
3.49614e-06
-200
1.79611e-05
-200
1.47203e-05
-200
1.15769e-05
-200
8.25696e-06
-200
4.80405e-06
-200
1.18499e-06
-200
-2.66725e-06
-200
-6.82066e-06
-200
-1.13567e-05
-200
-1.63736e-05
-200
-2.19899e-05
-200
-2.83375e-05
-200
-3.54663e-05
-200
-4.35495e-05
-200
-5.27008e-05
-200
-6.29708e-05
3.51865e-06
-200
1.83765e-05
-200
1.50358e-05
-200
1.1815e-05
-200
8.43137e-06
-200
4.91344e-06
-200
1.20102e-06
-200
-2.77241e-06
-200
-7.08375e-06
-200
-1.18239e-05
-200
-1.70796e-05
-200
-2.30313e-05
-200
-2.96743e-05
-200
-3.71664e-05
-200
-4.56679e-05
-200
-5.53e-05
-200
-6.59695e-05
3.49503e-06
-200
1.86004e-05
-200
1.53953e-05
-200
1.21396e-05
-200
8.75183e-06
-200
5.21298e-06
-200
1.44607e-06
-200
-2.63006e-06
-200
-7.10433e-06
-200
-1.20811e-05
-200
-1.76847e-05
-200
-2.39677e-05
-200
-3.09656e-05
-200
-3.88904e-05
-200
-4.7886e-05
-200
-5.79687e-05
-200
-6.91095e-05
3.50668e-06
-200
1.89477e-05
-200
1.59295e-05
-200
1.27209e-05
-200
9.39693e-06
-200
5.89014e-06
-200
2.10783e-06
-200
-2.06904e-06
-200
-6.72724e-06
-200
-1.20559e-05
-200
-1.80753e-05
-200
-2.47403e-05
-200
-3.22429e-05
-200
-4.0691e-05
-200
-5.02979e-05
-200
-6.10414e-05
-200
-7.274e-05
3.60343e-06
-200
1.93805e-05
-200
1.66496e-05
-200
1.35504e-05
-200
1.03337e-05
-200
6.91053e-06
-200
3.17623e-06
-200
-1.11266e-06
-200
-6.0084e-06
-200
-1.17542e-05
-200
-1.82212e-05
-200
-2.54485e-05
-200
-3.35583e-05
-200
-4.26785e-05
-200
-5.30136e-05
-200
-6.44323e-05
-200
-7.68531e-05
3.83815e-06
-200
2.01113e-05
-200
1.76316e-05
-200
1.46731e-05
-200
1.16258e-05
-200
8.32345e-06
-200
4.67101e-06
-200
2.57235e-07
-200
-4.92414e-06
-200
-1.11363e-05
-200
-1.81684e-05
-200
-2.61207e-05
-200
-3.49575e-05
-200
-4.49175e-05
-200
-5.61084e-05
-200
-6.84618e-05
-200
-8.17556e-05
4.24349e-06
-200
2.09712e-05
-200
1.87371e-05
-200
1.59406e-05
-200
1.30668e-05
-200
9.96049e-06
-200
6.3985e-06
-200
1.93162e-06
-200
-3.6238e-06
-200
-1.0382e-05
-200
-1.80891e-05
-200
-2.68386e-05
-200
-3.65504e-05
-200
-4.74566e-05
-200
-5.96126e-05
-200
-7.28932e-05
-200
-8.72316e-05
4.83262e-06
-200
2.22683e-05
-200
1.96565e-05
-200
1.73231e-05
-200
1.46156e-05
-200
1.18629e-05
-200
8.29966e-06
-200
3.74619e-06
-200
-2.27961e-06
-200
-9.63054e-06
-200
-1.80943e-05
-200
-2.76939e-05
-200
-3.84259e-05
-200
-5.0368e-05
-200
-6.35361e-05
-200
-7.77582e-05
-200
-9.35151e-05
5.57261e-06
-200
2.35693e-05
-200
2.07025e-05
-200
1.90071e-05
-200
1.64731e-05
-200
1.3865e-05
-200
1.03389e-05
-200
5.49382e-06
-200
-1.03618e-06
-200
-9.00352e-06
-200
-1.81572e-05
-200
-2.86513e-05
-200
-4.04532e-05
-200
-5.35366e-05
-200
-6.73614e-05
-200
-8.31504e-05
-200
-0.000100189
6.42495e-06
-200
2.54821e-05
-200
2.30412e-05
-200
2.14735e-05
-200
1.91822e-05
-200
1.63395e-05
-200
1.27099e-05
-200
7.39096e-06
-200
4.042e-07
-200
-8.16558e-06
-200
-1.79414e-05
-200
-2.93411e-05
-200
-4.27012e-05
-200
-5.64112e-05
-200
-7.19473e-05
-200
-8.83238e-05
-200
-0.000108122
7.43475e-06
-200
2.79049e-05
-200
2.64405e-05
-200
2.45188e-05
-200
2.21957e-05
-200
1.8913e-05
-200
1.46685e-05
-200
8.89328e-06
-200
1.41855e-06
-200
-7.69824e-06
-200
-1.8034e-05
-200
-3.01978e-05
-200
-4.46002e-05
-200
-5.98018e-05
-200
-7.5958e-05
-200
-9.45792e-05
-200
-0.000117085
8.75513e-06
-200
3.17827e-05
-200
3.11464e-05
-200
2.88741e-05
-200
2.60676e-05
-200
2.21391e-05
-200
1.7111e-05
-200
1.06481e-05
-200
2.67536e-06
-200
-6.70203e-06
-200
-1.81977e-05
-200
-3.08376e-05
-200
-3.27214e-07
-4.56032e-05
-200
-3.68908e-07
-6.35729e-05
-4.24712e-07
-200
-8.05893e-05
-200
5.04419e-05
-200
5.17561e-05
-200
5.20597e-05
-200
4.99383e-05
3.71641e-07
-200
4.70931e-05
1.01475e-07
-200
4.52868e-05
1.57214e-07
-200
4.50947e-05
-8.77977e-08
-200
4.56503e-05
-3.28109e-07
-200
4.62037e-05
-6.12046e-07
-200
4.60297e-05
-7.91871e-07
-200
4.61468e-05
-8.55421e-07
-200
4.59847e-05
-3.09153e-07
-200
4.66036e-05
-7.20915e-07
4.70983e-05
6.72545e-07
-200
-200
4.02076e-05
9.41597e-06
-200
4.623e-05
9.40724e-06
-200
5.17962e-05
5.1166e-06
-200
5.46183e-05
2.68952e-06
-200
5.48517e-05
1.40413e-06
-200
5.32454e-05
6.9247e-07
-200
4.72483e-05
5.11121e-07
-200
4.04951e-05
1.4076e-06
-200
3.75893e-05
1.5418e-06
-200
3.85893e-05
1.02167e-06
-200
4.1585e-05
3.15632e-07
-200
4.29478e-05
-1.18893e-07
-200
4.3774e-05
-5.82291e-07
-200
4.44071e-05
-7.75491e-07
-200
4.50066e-05
-1.14028e-06
-200
4.56238e-05
-1.18141e-07
4.65952e-05
-4.25443e-07
-200
-200
4.70756e-05
9.57141e-06
-200
5.22425e-05
8.93011e-06
-200
5.62436e-05
5.01906e-06
-200
5.82342e-05
1.8722e-06
-200
5.76656e-05
2.58809e-07
-200
5.28379e-05
-8.506e-08
-200
4.75978e-05
2.23726e-06
-200
4.51556e-05
4.17079e-06
-200
4.19663e-05
4.79555e-06
-200
3.81543e-05
3.63133e-06
-200
3.7504e-05
1.74749e-06
-200
3.9946e-05
6.50679e-07
-200
4.16017e-05
4.23298e-08
-200
4.26104e-05
-4.57688e-07
-200
4.33612e-05
-2.67428e-08
-200
4.45753e-05
-7.50088e-07
4.50458e-05
5.54838e-07
-200
-200
5.31924e-05
9.86384e-06
-200
5.74721e-05
9.30264e-06
-200
6.08197e-05
5.12331e-06
-200
6.21571e-05
2.3913e-06
-200
6.08021e-05
9.9459e-07
-200
5.79029e-05
9.43527e-07
-200
5.46714e-05
1.08262e-06
-200
5.12795e-05
2.05882e-06
-200
4.77094e-05
2.66937e-06
-200
4.38254e-05
3.67857e-06
-200
3.88341e-05
3.3629e-06
-200
3.75082e-05
1.63658e-06
-200
3.96619e-05
6.22709e-07
-200
4.09319e-05
2.29852e-07
-200
4.18827e-05
-6.09848e-07
-200
4.2588e-05
3.94945e-07
4.36575e-05
-3.76193e-07
-200
-200
5.94455e-05
1.02153e-05
-200
6.29926e-05
1.00134e-05
-200
6.61068e-05
6.22162e-06
-200
6.73975e-05
3.22249e-06
-200
6.36189e-05
1.44054e-06
-200
6.09159e-05
8.11344e-07
-200
6.03648e-05
9.17498e-07
-200
5.76253e-05
7.06253e-07
-200
5.44281e-05
8.17784e-07
-200
5.07719e-05
1.55757e-06
-200
4.62536e-05
3.0732e-06
-200
4.07507e-05
2.90149e-06
-200
3.85286e-05
1.19895e-06
-200
3.97406e-05
3.39369e-07
-200
3.94515e-05
6.03032e-07
-200
4.06574e-05
-3.15831e-07
4.14936e-05
8.88779e-07
-200
-200
6.40515e-05
1.08735e-05
-200
6.64188e-05
1.11827e-05
-200
7.1454e-05
6.94314e-06
-200
7.32057e-05
4.00707e-06
-200
7.18568e-05
2.32509e-06
-200
6.96444e-05
1.21344e-06
-200
6.7459e-05
2.74207e-08
-200
6.42627e-05
-1.03959e-07
-200
6.11549e-05
1.75185e-08
-200
5.83787e-05
2.47848e-07
-200
5.53857e-05
9.29434e-07
-200
5.11083e-05
1.39802e-06
-200
4.4761e-05
1.14436e-06
-200
3.94109e-05
7.7099e-07
-200
3.67314e-05
2.59291e-07
-200
3.7459e-05
1.28649e-06
3.98797e-05
-2.8415e-08
-200
-200
7.89336e-05
1.29311e-05
-200
8.00971e-05
1.37451e-05
-200
7.74867e-05
8.26398e-06
-200
7.95275e-05
4.48567e-06
-200
7.79606e-05
2.19056e-06
-200
7.56826e-05
6.07674e-07
-200
7.24496e-05
4.3353e-08
-200
6.84412e-05
-8.97961e-07
-200
6.49299e-05
-1.02091e-06
-200
6.32434e-05
-6.64571e-07
-200
6.17215e-05
3.43124e-08
-200
5.94017e-05
2.4668e-07
-200
5.62163e-05
5.15828e-07
-200
5.26402e-05
6.80446e-07
-200
4.82977e-05
2.59815e-06
-200
4.24945e-05
1.46583e-06
3.85946e-05
1.74703e-06
-200
-200
8.66845e-05
1.11925e-05
-200
9.53175e-05
1.21352e-05
-200
9.46058e-05
8.06307e-06
-200
8.7837e-05
4.55922e-06
-200
8.33661e-05
2.29496e-06
-200
8.12301e-05
8.49792e-07
-200
7.82883e-05
-7.57033e-07
-200
7.10971e-05
-9.68387e-07
-200
6.68491e-05
-8.96535e-07
-200
6.7938e-05
-6.68721e-07
-200
6.79911e-05
-3.0055e-07
-200
6.77797e-05
1.66509e-07
-200
6.65515e-05
3.51354e-07
-200
6.47281e-05
6.34621e-07
-200
6.14588e-05
2.95916e-07
-200
5.42199e-05
2.03466e-06
4.55865e-05
5.13774e-07
-200
-200
9.42229e-05
1.11103e-05
-200
9.82126e-05
1.1957e-05
-200
9.5391e-05
8.13246e-06
-200
8.7386e-05
3.40905e-06
-200
8.2624e-05
5.54432e-07
-200
8.2044e-05
1.55148e-07
-200
8.1109e-05
-2.88393e-07
-200
8.24625e-05
-9.23408e-07
-200
7.67116e-05
-8.16372e-07
-200
6.95737e-05
-1.70218e-07
-200
7.02334e-05
1.43834e-07
-200
7.1045e-05
2.36885e-07
-200
7.07935e-05
1.19289e-07
-200
7.15335e-05
-3.47306e-07
-200
6.80124e-05
5.15763e-07
-200
5.98155e-05
-3.51981e-07
5.23497e-05
9.54971e-07
-200
-200
0.000101794
1.09556e-05
-200
0.000102187
1.14651e-05
-200
9.77491e-05
7.38297e-06
-200
9.08736e-05
4.0557e-06
-200
8.56923e-05
2.0111e-06
-200
8.30759e-05
4.60939e-07
-200
8.18958e-05
-9.58288e-07
-200
8.23208e-05
-7.65963e-07
-200
8.42308e-05
1.39518e-07
-200
7.82713e-05
7.07951e-07
-200
7.23914e-05
7.2283e-07
-200
7.56415e-05
4.41897e-08
-200
7.31278e-05
-7.46089e-07
-200
6.30904e-05
-2.4368e-06
-200
5.81701e-05
-1.45421e-06
-200
5.59281e-05
2.70014e-06
5.27208e-05
-6.9677e-08
-200
-200
0.000109332
1.07239e-05
-200
0.000106992
1.11112e-05
-200
0.000100246
7.36115e-06
-200
9.23755e-05
4.03408e-06
-200
8.66419e-05
1.64114e-06
-200
8.29184e-05
3.73139e-09
-200
8.04319e-05
-3.18616e-07
-200
7.97398e-05
-7.25488e-07
-200
8.00426e-05
2.73984e-07
-200
8.14292e-05
3.39493e-06
-200
7.72816e-05
3.81161e-06
-200
6.68585e-05
-1.10269e-06
-200
6.18488e-05
-2.05512e-06
-200
6.02585e-05
-6.80619e-07
-200
5.71477e-05
8.71762e-07
-200
5.49393e-05
-2.52382e-07
5.15987e-05
8.10328e-07
-200
-200
0.000116055
1.03451e-05
-200
0.000111627
1.07523e-05
-200
0.000101925
6.25187e-06
-200
9.22584e-05
3.15777e-06
-200
8.58539e-05
1.61906e-06
-200
8.11256e-05
2.32781e-07
-200
7.77913e-05
-1.09066e-06
-200
7.54688e-05
-6.79636e-07
-200
7.41175e-05
2.59498e-08
-200
7.28632e-05
1.01269e-06
-200
6.94784e-05
1.19314e-06
-200
6.40502e-05
3.97911e-07
-200
6.0009e-05
1.28535e-07
-200
5.7385e-05
6.53819e-07
-200
5.49807e-05
-2.25377e-07
-200
5.19175e-05
1.23052e-06
4.9763e-05
-3.7292e-07
-200
-200
0.000121351
1.00253e-05
-200
0.000115204
1.05055e-05
-200
0.000101787
5.2434e-06
-200
9.01037e-05
1.98243e-06
-200
8.41208e-05
9.26815e-07
-200
7.78201e-05
-5.50707e-08
-200
7.26787e-05
-1.74319e-07
-200
6.96837e-05
-5.11306e-07
-200
6.79686e-05
-3.77418e-07
-200
6.57998e-05
3.99107e-07
-200
6.30456e-05
7.1726e-07
-200
5.96709e-05
7.06662e-07
-200
5.66122e-05
6.78098e-07
-200
5.40125e-05
6.83321e-07
-200
5.14953e-05
1.13989e-06
-200
4.95375e-05
-5.93838e-07
4.71731e-05
4.62888e-07
-200
-200
0.000124215
9.39645e-06
-200
0.000117413
9.78746e-06
-200
0.000104935
5.62835e-06
-200
9.20269e-05
2.79531e-06
-200
8.15807e-05
1.58016e-06
-200
7.25236e-05
5.01984e-07
-200
6.4754e-05
-3.24324e-07
-200
6.17252e-05
-1.49456e-07
-200
6.11296e-05
-1.64091e-08
-200
5.93372e-05
-5.70411e-08
-200
5.71778e-05
2.11946e-07
-200
5.4721e-05
5.36827e-07
-200
5.23347e-05
6.98601e-07
-200
5.00835e-05
7.47255e-07
-200
4.81638e-05
-2.25614e-07
-200
4.58524e-05
8.93246e-07
4.44455e-05
-5.84947e-07
-200
-200
0.00012487
8.68656e-06
-200
0.000118103
9.0358e-06
-200
0.000105315
5.64062e-06
-200
9.15402e-05
3.11847e-06
-200
7.73142e-05
1.65198e-06
-200
6.47311e-05
8.38472e-07
-200
4.96691e-05
1.76399e-06
-200
4.96246e-05
8.11005e-07
-200
5.50534e-05
-3.47697e-07
-200
5.27394e-05
-2.08541e-07
-200
5.10171e-05
1.74651e-07
-200
4.94723e-05
2.16115e-07
-200
4.7698e-05
4.30107e-07
-200
4.58975e-05
2.91329e-07
-200
4.40295e-05
5.42823e-07
-200
4.27974e-05
-9.75236e-07
4.08852e-05
-3.19177e-08
-200
-200
0.000121967
7.82066e-06
-200
0.000114581
7.93439e-06
-200
0.000101797
4.27128e-06
-200
8.49973e-05
2.61634e-06
-200
7.13344e-05
1.38466e-06
-200
6.24158e-05
1.95845e-06
-200
5.81567e-05
5.84368e-06
-200
4.09163e-05
3.70341e-06
-200
3.54235e-05
-1.74203e-06
-200
4.53169e-05
-9.89084e-07
-200
4.48085e-05
-6.5012e-07
-200
4.40128e-05
-7.86607e-08
-200
4.28316e-05
8.93839e-08
-200
4.15054e-05
3.49385e-08
-200
4.02734e-05
-7.1035e-07
-200
3.87016e-05
2.24722e-07
3.77576e-05
-7.81551e-07
-200
-200
0.000115446
7.40965e-06
-200
0.000105227
7.80162e-06
-200
9.22533e-05
4.51151e-06
-200
7.61976e-05
2.50534e-06
-200
7.00095e-05
1.02857e-06
-200
6.12867e-05
1.3006e-06
-200
5.47996e-05
3.08635e-06
-200
4.90031e-05
5.48563e-06
-200
3.10208e-05
1.63931e-06
-200
2.67681e-05
-2.3816e-06
-200
3.83559e-05
-1.04083e-06
-200
3.86958e-05
-6.4209e-07
-200
3.79505e-05
-3.79573e-07
-200
3.69444e-05
-3.19216e-07
-200
3.5907e-05
-6.41047e-08
-200
3.52321e-05
-1.33621e-06
3.41542e-05
-3.06837e-07
-200
-200
0.000106519
7.01572e-06
-200
9.85881e-05
7.72153e-06
-200
8.58706e-05
4.34884e-06
-200
6.90233e-05
1.55864e-06
-200
6.38249e-05
6.23031e-07
-200
5.67937e-05
3.92069e-07
-200
5.08082e-05
6.02559e-07
-200
4.50372e-05
2.28818e-06
-200
3.94783e-05
4.99226e-06
-200
2.24397e-05
1.56097e-06
-200
2.19286e-05
-2.85674e-06
-200
3.45564e-05
-1.67478e-06
-200
3.30083e-05
-9.02023e-07
-200
3.23299e-05
-6.31683e-07
-200
3.17379e-05
-1.16503e-06
-200
3.06402e-05
-1.27837e-07
3.0173e-05
-9.33896e-07
-200
-200
9.47769e-05
6.72744e-06
-200
8.82828e-05
7.94477e-06
-200
7.4163e-05
5.00938e-06
-200
6.1092e-05
1.01848e-07
-200
5.46706e-05
-1.36644e-06
-200
5.04531e-05
-8.62844e-07
-200
4.53223e-05
-1.58106e-07
-200
4.02464e-05
4.42609e-07
-200
3.46131e-05
2.15054e-06
-200
2.69185e-05
6.18501e-06
-200
2.14809e-05
1.70109e-06
-200
2.39089e-05
-4.00684e-06
-200
2.73277e-05
-1.73893e-06
-200
2.75313e-05
-1.10573e-06
-200
2.69522e-05
-4.89499e-07
-200
2.62744e-05
-1.26418e-06
2.51858e-05
-3.71992e-07
-200
-200
8.01151e-05
6.27428e-06
-200
7.46637e-05
7.80491e-06
-200
6.15091e-05
4.40397e-06
-200
5.62758e-05
1.5102e-06
-200
4.92756e-05
-3.57169e-09
-200
4.44599e-05
-6.18182e-07
-200
4.01178e-05
-9.80793e-07
-200
3.58875e-05
-1.65247e-07
-200
3.19559e-05
1.22743e-06
-200
2.95774e-05
4.8921e-06
-200
1.28481e-05
1.36564e-06
-200
1.12266e-05
-3.93733e-06
-200
2.46902e-05
-2.43732e-06
-200
2.30154e-05
-1.32661e-06
-200
2.24137e-05
-1.15828e-06
-200
2.10351e-05
-1.7726e-07
1.94046e-05
-5.7155e-08
-200
-200
6.35361e-05
5.99053e-06
-200
5.90741e-05
7.68416e-06
-200
4.93308e-05
4.18031e-06
-200
4.62295e-05
2.25711e-06
-200
4.02666e-05
4.38918e-07
-200
3.64017e-05
-5.03809e-07
-200
3.23523e-05
-6.40262e-07
-200
2.9534e-05
-6.6744e-07
-200
2.62155e-05
-5.41376e-08
-200
2.20268e-05
1.66482e-06
-200
1.61471e-05
4.34863e-06
-200
1.37719e-05
-5.6105e-07
-200
1.66224e-05
-4.84042e-06
-200
1.7458e-05
-1.91158e-06
-200
1.74288e-05
-6.05211e-07
-200
1.65497e-05
-5.97781e-07
1.50256e-05
7.31837e-07
-200
-200
4.67111e-05
5.54035e-06
-200
4.39152e-05
7.29758e-06
-200
3.76747e-05
3.99762e-06
-200
3.4669e-05
2.20249e-06
-200
3.03093e-05
7.26209e-07
-200
2.68664e-05
-1.75629e-07
-200
2.49735e-05
-9.58059e-07
-200
2.17868e-05
-8.09714e-07
-200
2.08245e-05
-6.23992e-07
-200
1.67817e-05
7.10317e-07
-200
1.45465e-05
4.41469e-06
-200
9.75987e-06
4.33786e-09
-200
9.61564e-06
-5.05431e-06
-200
1.22857e-05
-1.97805e-06
-200
1.30493e-05
-1.03404e-06
-200
1.18239e-05
-9.60968e-09
1.0921e-05
5.05522e-07
-200
-200
3.09701e-05
5.34923e-06
-200
2.98157e-05
7.55388e-06
-200
2.62437e-05
3.82537e-06
-200
2.31731e-05
2.02167e-06
-200
2.013e-05
9.16312e-07
-200
1.7383e-05
-4.02253e-07
-200
1.71363e-05
-9.73166e-07
-200
1.40885e-05
-1.44217e-06
-200
1.47866e-05
-1.17482e-06
-200
1.1983e-05
6.644e-07
-200
1.39444e-05
3.91061e-06
-200
-1.4566e-06
1.11137e-06
-200
-2.50052e-06
-4.33961e-06
-200
1.04478e-05
-2.62797e-06
-200
8.95386e-06
-8.75104e-07
-200
7.40574e-06
-6.60524e-07
7.12319e-06
3.90388e-08
-200
-200
1.6279e-05
5.1261e-06
-200
1.61858e-05
7.36658e-06
-200
1.38858e-05
3.76639e-06
-200
1.19468e-05
2.06386e-06
-200
9.16526e-06
-1.20601e-07
-200
8.02377e-06
4.65753e-08
-200
7.39362e-06
-2.1494e-06
-200
6.07637e-06
-1.25885e-06
-200
5.8189e-06
-1.92687e-06
-200
4.66763e-06
-1.90273e-08
-200
3.71977e-06
1.41327e-06
-200
-5.76514e-08
4.33938e-06
-200
1.19455e-07
-8.96079e-07
-200
4.17476e-06
-4.72144e-06
-200
3.70118e-06
-2.01095e-06
-200
3.18094e-06
-4.76901e-07
2.90811e-06
-2.87884e-07
-200
-200
5.84336e-06
-200
7.58831e-06
-200
4.36049e-06
-200
2.17574e-06
-200
1.03678e-06
-200
-1.13536e-06
-200
-7.24184e-07
-200
-2.56586e-06
-200
-1.53942e-06
-200
-1.34389e-06
-200
1.02062e-06
-200
4.70091e-06
-200
1.57982e-07
-200
-5.38945e-06
-200
-2.02716e-06
-200
-1.04009e-06
-8.36144e-07
-200
-200
5.06565e-05
-200
4.88137e-05
-200
4.75789e-05
-9.21902e-08
-200
4.70027e-05
-4.56689e-07
-200
4.68435e-05
-6.0093e-07
-200
4.66228e-05
-8.13141e-07
-200
4.64566e-05
-1.02687e-06
-200
4.60385e-05
-1.09121e-06
-200
4.57735e-05
-5.4629e-07
-200
4.62244e-05
-3.97404e-07
4.70158e-05
8.63454e-07
-200
-200
3.9698e-05
1.60079e-05
-200
4.48355e-05
1.60404e-05
-200
5.02e-05
9.27496e-06
-200
5.34104e-05
4.9347e-06
-200
5.33333e-05
2.94182e-06
-200
5.18591e-05
1.29846e-06
-200
4.83147e-05
9.62056e-07
-200
4.54306e-05
1.11538e-06
-200
4.34681e-05
8.31354e-07
-200
4.27526e-05
5.88277e-07
-200
4.31431e-05
2.11793e-07
-200
4.34667e-05
-2.57738e-07
-200
4.36247e-05
-7.19132e-07
-200
4.37244e-05
-1.03629e-06
-200
4.38009e-05
-1.04608e-06
-200
4.47835e-05
-2.96324e-07
4.56959e-05
-1.07324e-07
-200
-200
4.66051e-05
1.64533e-05
-200
5.20363e-05
1.60044e-05
-200
5.61894e-05
9.31895e-06
-200
5.844e-05
4.58612e-06
-200
5.72975e-05
2.23031e-06
-200
5.18435e-05
1.88498e-06
-200
4.61376e-05
2.20806e-06
-200
4.2279e-05
2.59389e-06
-200
3.90952e-05
2.98065e-06
-200
3.86103e-05
2.30287e-06
-200
3.99637e-05
1.32416e-06
-200
4.06763e-05
5.79587e-07
-200
4.10822e-05
1.04566e-07
-200
4.15434e-05
-4.15683e-07
-200
4.21761e-05
-2.27215e-07
-200
4.31066e-05
-4.5501e-07
4.432e-05
6.30615e-07
-200
-200
5.24052e-05
1.65148e-05
-200
5.70494e-05
1.56236e-05
-200
6.03431e-05
8.50169e-06
-200
6.1658e-05
3.9696e-06
-200
5.96958e-05
1.89025e-06
-200
5.62692e-05
2.62326e-06
-200
5.30654e-05
4.43801e-06
-200
4.98679e-05
5.53281e-06
-200
4.62043e-05
5.6655e-06
-200
4.09587e-05
4.31012e-06
-200
3.81326e-05
2.44045e-06
-200
3.85792e-05
1.54887e-06
-200
3.90499e-05
7.03951e-07
-200
3.9668e-05
2.72407e-07
-200
4.03796e-05
-3.81811e-07
-200
4.15227e-05
2.92858e-07
4.25702e-05
2.44124e-08
-200
-200
5.86991e-05
1.71275e-05
-200
6.29451e-05
1.68696e-05
-200
6.58282e-05
1.00168e-05
-200
6.64514e-05
5.24025e-06
-200
6.21918e-05
2.78855e-06
-200
5.95642e-05
2.3578e-06
-200
5.9848e-05
2.4566e-06
-200
5.75196e-05
2.41225e-06
-200
5.40027e-05
2.72206e-06
-200
4.96093e-05
2.63825e-06
-200
4.30803e-05
2.49047e-06
-200
3.74003e-05
2.34574e-06
-200
3.68217e-05
1.82078e-06
-200
3.78061e-05
9.09264e-07
-200
3.85355e-05
7.04273e-07
-200
3.95417e-05
1.92152e-07
4.07687e-05
1.05984e-06
-200
-200
6.52795e-05
1.76989e-05
-200
6.83802e-05
1.78875e-05
-200
7.03385e-05
1.09059e-05
-200
7.14291e-05
6.20032e-06
-200
6.99328e-05
3.8251e-06
-200
6.84916e-05
1.71891e-06
-200
6.69356e-05
5.43113e-07
-200
6.4363e-05
1.60661e-07
-200
6.11521e-05
-9.66874e-08
-200
5.75908e-05
3.14578e-07
-200
5.32215e-05
1.29839e-06
-200
4.8229e-05
3.13607e-06
-200
4.19762e-05
3.07403e-06
-200
3.67805e-05
1.61497e-06
-200
3.63564e-05
9.09817e-07
-200
3.81559e-05
1.0757e-06
3.87209e-05
6.06957e-07
-200
-200
7.39144e-05
1.81185e-05
-200
7.47305e-05
1.91575e-05
-200
7.49565e-05
1.2647e-05
-200
7.72502e-05
7.03874e-06
-200
7.61742e-05
3.5319e-06
-200
7.51496e-05
1.32787e-06
-200
7.33382e-05
-2.52305e-07
-200
6.96323e-05
-1.33457e-06
-200
6.5964e-05
-1.22492e-06
-200
6.3694e-05
-8.79405e-07
-200
6.12247e-05
-3.60457e-09
-200
5.79971e-05
7.99576e-07
-200
5.36591e-05
1.69193e-06
-200
4.94006e-05
2.65076e-06
-200
4.34055e-05
2.86885e-06
-200
3.78641e-05
1.44472e-06
3.70633e-05
1.91394e-06
-200
-200
8.38524e-05
1.65582e-05
-200
9.21649e-05
1.94845e-05
-200
9.13791e-05
1.48838e-05
-200
8.35114e-05
7.82412e-06
-200
8.03379e-05
4.20678e-06
-200
8.10901e-05
9.3653e-07
-200
7.91236e-05
-8.48268e-07
-200
7.25711e-05
-1.49694e-06
-200
6.8444e-05
-1.76261e-06
-200
6.88155e-05
-1.3151e-06
-200
6.78173e-05
-6.66004e-07
-200
6.62651e-05
9.22205e-08
-200
6.38313e-05
3.26589e-07
-200
6.12581e-05
6.79909e-07
-200
5.7227e-05
6.6516e-07
-200
5.16114e-05
2.65244e-06
4.34126e-05
2.32767e-06
-200
-200
9.09688e-05
1.82309e-05
-200
9.45813e-05
1.98199e-05
-200
9.19193e-05
1.35163e-05
-200
8.70878e-05
7.20181e-06
-200
8.38097e-05
3.36101e-06
-200
8.27904e-05
9.9251e-07
-200
8.2515e-05
-7.09755e-07
-200
8.41129e-05
-1.41921e-06
-200
7.84653e-05
-6.75239e-07
-200
7.14375e-05
-4.89195e-07
-200
7.09919e-05
-5.20158e-07
-200
6.9657e-05
4.07382e-08
-200
6.76088e-05
5.1899e-07
-200
6.55181e-05
3.96673e-07
-200
6.4954e-05
-1.38216e-07
-200
5.94438e-05
-7.95445e-07
5.10065e-05
6.28354e-07
-200
-200
9.83573e-05
1.84316e-05
-200
9.87287e-05
1.94972e-05
-200
9.38104e-05
1.24359e-05
-200
8.91098e-05
6.84431e-06
-200
8.56977e-05
3.82765e-06
-200
8.38249e-05
5.59543e-07
-200
8.27938e-05
-8.49157e-07
-200
8.33993e-05
-6.68277e-07
-200
8.5583e-05
1.59571e-06
-200
8.26393e-05
1.64065e-07
-200
7.6495e-05
-1.79901e-06
-200
7.33575e-05
3.2412e-08
-200
6.99228e-05
1.48707e-07
-200
6.52945e-05
-5.5657e-07
-200
5.81732e-05
-3.69838e-06
-200
5.39289e-05
-3.10248e-06
5.21163e-05
-2.02978e-06
-200
-200
0.000105628
1.82382e-05
-200
0.000103313
1.92068e-05
-200
9.56484e-05
1.18958e-05
-200
8.98879e-05
5.9979e-06
-200
8.6216e-05
2.74324e-06
-200
8.33728e-05
4.8599e-07
-200
8.15993e-05
-9.07462e-07
-200
8.03751e-05
-1.21023e-06
-200
7.97494e-05
1.67858e-07
-200
7.80325e-05
6.66601e-07
-200
7.41059e-05
6.63811e-07
-200
6.92207e-05
3.79944e-07
-200
6.503e-05
5.82666e-07
-200
6.15439e-05
4.41193e-07
-200
5.76207e-05
-2.89961e-07
-200
5.38679e-05
-1.82562e-06
5.11877e-05
-9.96888e-07
-200
-200
0.000112209
1.78439e-05
-200
0.000107771
1.86864e-05
-200
9.62359e-05
9.80545e-06
-200
8.8803e-05
4.12809e-06
-200
8.56099e-05
2.63237e-06
-200
8.18867e-05
-6.13881e-08
-200
7.85886e-05
-1.12983e-06
-200
7.6231e-05
-1.01832e-06
-200
7.44337e-05
-7.08314e-07
-200
7.21614e-05
1.24915e-07
-200
6.89101e-05
6.89109e-07
-200
6.50912e-05
9.68443e-07
-200
6.16333e-05
8.17647e-07
-200
5.86643e-05
8.70126e-07
-200
5.55366e-05
-1.64548e-07
-200
5.28969e-05
-2.35551e-08
5.01391e-05
-1.39854e-06
-200
-200
0.000116985
1.71309e-05
-200
0.000110978
1.80955e-05
-200
9.94357e-05
1.05191e-05
-200
9.08636e-05
4.9266e-06
-200
8.45266e-05
1.96346e-06
-200
7.89106e-05
2.45791e-07
-200
7.44341e-05
-8.45851e-07
-200
7.09953e-05
-1.10572e-06
-200
6.84213e-05
-4.26946e-07
-200
6.62166e-05
1.58554e-07
-200
6.36714e-05
5.80006e-07
-200
6.06461e-05
9.514e-07
-200
5.77683e-05
1.22512e-06
-200
5.51657e-05
1.27263e-06
-200
5.28599e-05
8.31072e-07
-200
5.03912e-05
-4.152e-07
4.82715e-05
3.15434e-09
-200
-200
0.000119773
1.6244e-05
-200
0.0001128
1.69877e-05
-200
0.000100605
9.57511e-06
-200
9.07781e-05
4.87762e-06
-200
8.22299e-05
2.39033e-06
-200
7.42316e-05
1.75782e-07
-200
6.76915e-05
-4.49719e-07
-200
6.40319e-05
-4.24123e-07
-200
6.19811e-05
-5.77356e-07
-200
6.01114e-05
-2.61579e-07
-200
5.80695e-05
3.00651e-07
-200
5.59293e-05
7.18135e-07
-200
5.38082e-05
6.87521e-07
-200
5.17708e-05
5.3768e-07
-200
4.95464e-05
-1.01954e-07
-200
4.79014e-05
9.29826e-08
4.57826e-05
-9.79784e-07
-200
-200
0.000120145
1.51438e-05
-200
0.000112672
1.55153e-05
-200
0.000100002
8.54676e-06
-200
8.93757e-05
4.45264e-06
-200
7.85799e-05
2.05392e-06
-200
6.63577e-05
1.30286e-06
-200
5.78242e-05
9.44544e-07
-200
5.48498e-05
2.53509e-07
-200
5.37541e-05
1.62634e-07
-200
5.31336e-05
-1.35505e-08
-200
5.22652e-05
1.02475e-07
-200
5.0824e-05
2.60048e-07
-200
4.92419e-05
5.9284e-07
-200
4.76161e-05
5.1684e-07
-200
4.60153e-05
5.19155e-08
-200
4.41825e-05
-8.1319e-07
4.25133e-05
-2.83753e-07
-200
-200
0.000117609
1.38676e-05
-200
0.000109935
1.27751e-05
-200
9.70613e-05
5.41468e-06
-200
8.59732e-05
3.46753e-06
-200
7.2889e-05
2.26457e-06
-200
6.19652e-05
2.94141e-06
-200
5.31083e-05
3.4732e-06
-200
4.43082e-05
2.21082e-06
-200
4.25173e-05
5.79951e-07
-200
4.4957e-05
-1.26049e-07
-200
4.56365e-05
-2.35644e-07
-200
4.54333e-05
-3.71222e-08
-200
4.46858e-05
-2.01048e-07
-200
4.3522e-05
-4.16897e-07
-200
4.20108e-05
-8.71651e-07
-200
4.07416e-05
-6.71049e-07
3.90691e-05
-1.25533e-06
-200
-200
0.000111331
1.28553e-05
-200
0.000101164
1.19058e-05
-200
8.80066e-05
4.93257e-06
-200
7.87711e-05
3.12679e-06
-200
6.82644e-05
2.8257e-06
-200
5.97474e-05
3.21934e-06
-200
5.25819e-05
2.63005e-06
-200
4.52435e-05
3.75752e-06
-200
3.71621e-05
3.28959e-06
-200
3.52876e-05
8.11249e-07
-200
3.87585e-05
-2.32803e-07
-200
3.98029e-05
-4.73712e-07
-200
3.95421e-05
-3.24874e-07
-200
3.87397e-05
-3.08631e-07
-200
3.77446e-05
-6.85645e-07
-200
3.63945e-05
-1.28545e-06
3.54148e-05
-5.62986e-07
-200
-200
0.000102778
1.21761e-05
-200
9.48175e-05
1.29036e-05
-200
8.21896e-05
6.19937e-06
-200
6.96516e-05
3.26448e-06
-200
6.03033e-05
1.55024e-06
-200
5.51912e-05
5.64814e-07
-200
4.91369e-05
6.56094e-07
-200
4.32402e-05
1.74346e-06
-200
3.72268e-05
3.19761e-06
-200
3.1876e-05
2.20342e-06
-200
3.14326e-05
-2.22066e-07
-200
3.38779e-05
-8.04989e-07
-200
3.4413e-05
-1.05993e-06
-200
3.40379e-05
-1.19173e-06
-200
3.30724e-05
-1.46877e-06
-200
3.22062e-05
-9.71624e-07
3.12796e-05
-1.26427e-06
-200
-200
9.13946e-05
1.15852e-05
-200
8.4598e-05
1.31897e-05
-200
7.37911e-05
6.94926e-06
-200
6.36814e-05
3.63417e-06
-200
5.56852e-05
1.08295e-06
-200
5.00961e-05
7.02705e-08
-200
4.52395e-05
-1.27339e-07
-200
4.02223e-05
2.58726e-07
-200
3.49447e-05
1.34646e-06
-200
2.76784e-05
1.68681e-06
-200
2.43455e-05
2.52634e-07
-200
2.67911e-05
-1.18344e-06
-200
2.86036e-05
-1.13804e-06
-200
2.87622e-05
-1.1197e-06
-200
2.82272e-05
-1.12597e-06
-200
2.70469e-05
-1.2869e-06
2.62387e-05
-5.04996e-07
-200
-200
7.76736e-05
1.08926e-05
-200
7.2031e-05
1.29566e-05
-200
6.33155e-05
6.56331e-06
-200
5.52696e-05
3.50926e-06
-200
4.86076e-05
8.68829e-07
-200
4.34015e-05
-6.74108e-07
-200
3.93457e-05
-1.09669e-06
-200
3.56873e-05
-6.20171e-07
-200
3.17895e-05
-8.67961e-08
-200
2.68862e-05
7.84086e-07
-200
1.97322e-05
4.57168e-07
-200
1.89665e-05
-8.09102e-07
-200
2.32045e-05
-1.50896e-06
-200
2.38244e-05
-1.56631e-06
-200
2.32015e-05
-1.45722e-06
-200
2.21126e-05
-8.41932e-07
2.0739e-05
-3.96895e-07
-200
-200
6.21207e-05
1.02009e-05
-200
5.77364e-05
1.24668e-05
-200
5.1092e-05
6.40459e-06
-200
4.48885e-05
3.58577e-06
-200
3.91883e-05
6.83258e-07
-200
3.49536e-05
-7.48905e-07
-200
3.21266e-05
-1.44464e-06
-200
2.92774e-05
-1.59338e-06
-200
2.63712e-05
-1.09449e-06
-200
2.26398e-05
-1.6967e-07
-200
1.83355e-05
1.70295e-06
-200
1.6717e-05
8.25453e-07
-200
1.79655e-05
-1.36346e-06
-200
1.86059e-05
-1.35992e-06
-200
1.83814e-05
-9.8898e-07
-200
1.68286e-05
-6.30356e-07
1.4994e-05
4.96205e-07
-200
-200
4.63565e-05
8.62771e-06
-200
4.38253e-05
1.08984e-05
-200
3.86692e-05
6.36241e-06
-200
3.40574e-05
3.26205e-06
-200
2.92199e-05
8.18931e-07
-200
2.6604e-05
-7.67775e-07
-200
2.41525e-05
-1.75995e-06
-200
2.25194e-05
-1.7216e-06
-200
2.0435e-05
-1.83582e-06
-200
1.78061e-05
-1.10891e-06
-200
1.47718e-05
1.77848e-07
-200
1.19147e-05
-1.67545e-07
-200
1.22478e-05
-1.65346e-06
-200
1.3551e-05
-1.48091e-06
-200
1.3676e-05
-1.07392e-06
-200
1.22348e-05
-3.27107e-07
1.11101e-05
5.39468e-07
-200
-200
3.11369e-05
8.22528e-06
-200
3.08005e-05
1.07686e-05
-200
2.65932e-05
5.801e-06
-200
2.31456e-05
3.3036e-06
-200
1.94347e-05
1.16579e-06
-200
1.79138e-05
-1.03024e-06
-200
1.62277e-05
-1.80546e-06
-200
1.53152e-05
-2.63625e-06
-200
1.3912e-05
-2.33374e-06
-200
1.25338e-05
-1.28429e-06
-200
9.48414e-06
4.44371e-08
-200
4.30161e-06
7.30071e-08
-200
3.41773e-06
-9.33714e-07
-200
8.38037e-06
-1.19038e-06
-200
8.58178e-06
-5.98492e-07
-200
7.80756e-06
-3.59786e-07
7.49523e-06
3.50123e-08
-200
-200
1.62304e-05
7.98545e-06
-200
1.69636e-05
1.07413e-05
-200
1.40961e-05
5.77493e-06
-200
1.15437e-05
3.39224e-06
-200
9.3482e-06
1.50513e-07
-200
8.01059e-06
-8.09992e-07
-200
7.42702e-06
-2.88829e-06
-200
6.26269e-06
-2.48765e-06
-200
5.93184e-06
-3.48622e-06
-200
4.98162e-06
-1.46039e-06
-200
2.91309e-06
-3.79786e-07
-200
1.92855e-06
6.74382e-07
-200
1.17245e-06
-2.61947e-07
-200
3.86091e-06
-1.05207e-06
-200
3.4206e-06
-7.8666e-07
-200
3.76539e-06
-4.9618e-07
3.43527e-06
-1.1423e-07
-200
-200
8.62488e-06
-200
1.11538e-05
-200
7.38779e-06
-200
3.84413e-06
-200
1.68117e-06
-200
-1.05635e-06
-200
-1.90828e-06
-200
-3.66133e-06
-200
-3.00563e-06
-200
-2.53019e-06
-200
-9.71157e-07
-200
5.57243e-07
-200
-1.77982e-07
-200
-1.68283e-06
-200
-1.34889e-06
-200
-1.12242e-06
-9.20443e-07
-200
-200
4.98409e-05
-200
4.88643e-05
-200
4.81154e-05
-200
4.73346e-05
-7.81245e-07
-200
4.64613e-05
-9.33117e-07
-200
4.5955e-05
-9.40782e-07
-200
4.54861e-05
-3.3512e-07
-200
4.5853e-05
9.90474e-08
4.68271e-05
7.88852e-07
-200
-200
4.09606e-05
1.67519e-05
-200
4.59178e-05
1.69173e-05
-200
5.04842e-05
9.65759e-06
-200
5.33671e-05
5.21625e-06
-200
5.38235e-05
3.06656e-06
-200
5.29601e-05
1.26182e-06
-200
5.13926e-05
8.37181e-07
-200
4.90192e-05
5.39642e-07
-200
4.691e-05
4.06911e-07
-200
4.57235e-05
2.25028e-07
-200
4.499e-05
9.05089e-08
-200
4.44961e-05
-5.61528e-07
-200
4.37836e-05
-7.56806e-07
-200
4.32459e-05
-7.26479e-07
-200
4.34017e-05
-6.8067e-07
-200
4.38305e-05
-2.35506e-07
4.52734e-05
2.46163e-07
-200
-200
4.68544e-05
1.71527e-05
-200
5.18433e-05
1.69172e-05
-200
5.54467e-05
9.50049e-06
-200
5.73301e-05
4.91362e-06
-200
5.63944e-05
2.64904e-06
-200
5.3789e-05
1.83832e-06
-200
5.04437e-05
1.49163e-06
-200
4.6997e-05
1.55923e-06
-200
4.42724e-05
1.59599e-06
-200
4.25068e-05
1.29555e-06
-200
4.18406e-05
8.76324e-07
-200
4.15703e-05
6.58567e-07
-200
4.1336e-05
1.14554e-07
-200
4.12045e-05
-2.787e-07
-200
4.16781e-05
-2.25532e-07
-200
4.22034e-05
-2.29693e-08
4.37096e-05
5.20878e-07
-200
-200
5.33848e-05
1.74776e-05
-200
5.90271e-05
1.7058e-05
-200
6.23379e-05
9.34114e-06
-200
6.3545e-05
4.82957e-06
-200
6.12079e-05
2.74165e-06
-200
5.57858e-05
2.26741e-06
-200
5.0049e-05
2.74847e-06
-200
4.58095e-05
2.94428e-06
-200
4.19183e-05
2.95355e-06
-200
3.85816e-05
2.81474e-06
-200
3.81695e-05
2.22996e-06
-200
3.93667e-05
1.17584e-06
-200
3.94612e-05
5.58046e-07
-200
3.95331e-05
1.98043e-07
-200
4.00362e-05
-6.82894e-08
-200
4.09969e-05
1.00852e-07
4.19899e-05
3.6214e-07
-200
-200
5.94619e-05
1.74584e-05
-200
6.45695e-05
1.67815e-05
-200
6.72783e-05
8.87686e-06
-200
6.74746e-05
4.15584e-06
-200
6.27424e-05
2.19025e-06
-200
5.88944e-05
2.98664e-06
-200
5.74597e-05
4.15715e-06
-200
5.42196e-05
4.65292e-06
-200
5.05706e-05
5.14104e-06
-200
4.65894e-05
5.31814e-06
-200
4.11213e-05
4.1355e-06
-200
3.79623e-05
2.63812e-06
-200
3.81274e-05
1.62771e-06
-200
3.81753e-05
8.67266e-07
-200
3.87856e-05
5.97837e-07
-200
3.95094e-05
5.597e-07
4.05573e-05
8.71345e-07
-200
-200
6.56564e-05
1.81113e-05
-200
6.97612e-05
1.8082e-05
-200
7.20429e-05
1.01963e-05
-200
7.24092e-05
5.68501e-06
-200
7.00158e-05
4.74431e-06
-200
6.76941e-05
3.25394e-06
-200
6.58772e-05
1.43252e-06
-200
6.28925e-05
7.63992e-07
-200
5.93439e-05
7.16521e-07
-200
5.54451e-05
1.61026e-06
-200
5.04886e-05
3.44454e-06
-200
4.37979e-05
3.30419e-06
-200
3.80608e-05
2.09172e-06
-200
3.68715e-05
1.53412e-06
-200
3.7826e-05
8.99374e-07
-200
3.85341e-05
7.30749e-07
3.89466e-05
9.08396e-07
-200
-200
7.10708e-05
1.90486e-05
-200
7.46651e-05
2.0023e-05
-200
7.81076e-05
1.2099e-05
-200
7.77335e-05
6.70563e-06
-200
7.60753e-05
3.74159e-06
-200
7.49528e-05
1.71641e-06
-200
7.30557e-05
-2.20834e-08
-200
6.92754e-05
-8.11807e-07
-200
6.561e-05
-8.26538e-07
-200
6.28454e-05
-4.53334e-07
-200
5.95464e-05
3.76061e-07
-200
5.52481e-05
1.46046e-06
-200
5.04054e-05
2.92696e-06
-200
4.39335e-05
2.9484e-06
-200
3.86107e-05
1.81184e-06
-200
3.74763e-05
1.66604e-06
3.81495e-05
1.43189e-06
-200
-200
8.58276e-05
2.11175e-05
-200
9.16991e-05
2.29495e-05
-200
8.799e-05
1.33664e-05
-200
8.2372e-05
7.38544e-06
-200
8.00399e-05
4.09472e-06
-200
8.11386e-05
1.03464e-06
-200
7.95418e-05
-5.13478e-07
-200
7.31992e-05
-1.44756e-06
-200
6.93824e-05
-1.67283e-06
-200
6.90171e-05
-1.12544e-06
-200
6.67509e-05
-3.19709e-07
-200
6.47328e-05
-7.44318e-08
-200
6.15291e-05
5.11359e-07
-200
5.72444e-05
8.90198e-07
-200
5.21739e-05
2.08694e-06
-200
4.58649e-05
2.25202e-06
3.9489e-05
1.30632e-06
-200
-200
9.07708e-05
1.98825e-05
-200
9.36745e-05
2.14182e-05
-200
9.02741e-05
1.31523e-05
-200
8.61811e-05
7.18373e-06
-200
8.37369e-05
3.62158e-06
-200
8.29431e-05
1.12321e-06
-200
8.2666e-05
-5.96018e-07
-200
8.47824e-05
-1.2019e-06
-200
8.19881e-05
-9.76927e-07
-200
7.19811e-05
-7.63656e-07
-200
6.79033e-05
-3.84724e-07
-200
6.7976e-05
5.39586e-07
-200
6.54234e-05
7.75998e-07
-200
6.21967e-05
4.86756e-07
-200
5.80733e-05
1.38476e-07
-200
5.28079e-05
2.36675e-07
4.80776e-05
3.41307e-07
-200
-200
9.75596e-05
1.94845e-05
-200
9.76886e-05
2.07021e-05
-200
9.228e-05
1.23937e-05
-200
8.78277e-05
6.79116e-06
-200
8.54229e-05
3.70631e-06
-200
8.367e-05
6.8544e-07
-200
8.27169e-05
-6.15474e-07
-200
8.27297e-05
-1.12733e-06
-200
8.21429e-05
-7.81463e-07
-200
8.21784e-05
-3.98606e-07
-200
7.91103e-05
4.72977e-09
-200
7.29605e-05
1.75599e-07
-200
6.87844e-05
3.33647e-07
-200
6.51664e-05
-3.60651e-10
-200
6.05509e-05
-1.004e-06
-200
5.65459e-05
-1.62633e-06
5.23622e-05
-1.64718e-06
-200
-200
0.000104748
1.92425e-05
-200
0.000102474
2.03569e-05
-200
9.29407e-05
1.18036e-05
-200
8.70056e-05
6.00169e-06
-200
8.55584e-05
2.83336e-06
-200
8.3247e-05
5.55801e-07
-200
8.121e-05
-8.64004e-07
-200
7.95966e-05
-1.02997e-06
-200
7.82275e-05
-4.98921e-07
-200
7.67575e-05
-1.39306e-07
-200
7.37056e-05
2.50464e-07
-200
6.92299e-05
1.11795e-06
-200
6.55173e-05
1.32602e-06
-200
6.2386e-05
7.89728e-07
-200
5.88081e-05
-5.93228e-07
-200
5.49763e-05
-1.86291e-06
5.18895e-05
-4.12222e-06
-200
-200
0.000110858
1.88216e-05
-200
0.000106676
1.98122e-05
-200
9.70532e-05
1.10445e-05
-200
9.00522e-05
5.46932e-06
-200
8.57564e-05
2.73326e-06
-200
8.18157e-05
8.93406e-08
-200
7.8525e-05
-8.56116e-07
-200
7.58565e-05
-1.17591e-06
-200
7.35544e-05
-9.46139e-07
-200
7.12046e-05
-1.31997e-07
-200
6.84024e-05
7.54721e-07
-200
6.5247e-05
7.25652e-07
-200
6.21538e-05
9.27299e-07
-200
5.93353e-05
9.08143e-07
-200
5.62726e-05
-4.23732e-08
-200
5.34492e-05
-1.14687e-06
5.0071e-05
-2.38838e-06
-200
-200
0.000115567
1.82065e-05
-200
0.000109766
1.91875e-05
-200
9.91573e-05
1.06241e-05
-200
9.09892e-05
5.24799e-06
-200
8.46179e-05
2.13978e-06
-200
7.91829e-05
1.9453e-07
-200
7.4581e-05
-8.92791e-07
-200
7.09522e-05
-9.23728e-07
-200
6.82109e-05
-4.70137e-07
-200
6.58858e-05
-1.18168e-07
-200
6.3361e-05
3.135e-07
-200
6.0649e-05
1.22237e-06
-200
5.81384e-05
1.62449e-06
-200
5.60224e-05
1.19128e-06
-200
5.34949e-05
4.86345e-07
-200
5.07114e-05
-1.273e-07
4.81167e-05
-7.50972e-07
-200
-200
0.000118124
1.73078e-05
-200
0.000110621
1.77753e-05
-200
9.8835e-05
9.09183e-06
-200
8.99822e-05
4.73013e-06
-200
8.21145e-05
2.03176e-06
-200
7.48552e-05
4.54577e-08
-200
6.89428e-05
-5.20167e-07
-200
6.48443e-05
-7.57268e-07
-200
6.20829e-05
-7.66581e-07
-200
5.99268e-05
-2.4024e-07
-200
5.80494e-05
4.43068e-07
-200
5.62664e-05
2.52112e-07
-200
5.43174e-05
3.47687e-07
-200
5.23155e-05
3.84348e-07
-200
5.01939e-05
-1.11755e-07
-200
4.81072e-05
-5.66261e-07
4.53075e-05
-7.4813e-07
-200
-200
0.000118291
1.62606e-05
-200
0.000108671
1.56483e-05
-200
9.60189e-05
7.10603e-06
-200
8.75033e-05
4.06919e-06
-200
7.79438e-05
1.76588e-06
-200
6.86918e-05
6.24954e-07
-200
6.11554e-05
9.86045e-08
-200
5.67561e-05
1.19958e-09
-200
5.46601e-05
3.45475e-08
-200
5.34635e-05
-1.39518e-07
-200
5.23535e-05
-1.09372e-07
-200
5.09991e-05
5.3467e-07
-200
4.96495e-05
8.23498e-07
-200
4.83e-05
2.63752e-07
-200
4.65795e-05
-2.41639e-07
-200
4.44329e-05
-4.22995e-07
4.23327e-05
-5.03434e-07
-200
-200
0.000116093
1.5097e-05
-200
0.000108407
1.52308e-05
-200
9.57224e-05
6.88571e-06
-200
8.4655e-05
3.74607e-06
-200
7.30253e-05
1.68976e-06
-200
6.07119e-05
1.26089e-06
-200
5.06261e-05
1.56129e-06
-200
4.64195e-05
1.05048e-06
-200
4.5941e-05
1.913e-07
-200
4.59728e-05
-5.92761e-08
-200
4.6043e-05
4.53414e-08
-200
4.58191e-05
-4.30415e-07
-200
4.50536e-05
-5.45464e-07
-200
4.38526e-05
-5.54084e-07
-200
4.25106e-05
-9.77419e-07
-200
4.09781e-05
-1.21775e-06
3.8843e-05
-1.12415e-06
-200
-200
0.000110415
1.37855e-05
-200
0.000102961
1.40525e-05
-200
9.04625e-05
6.17556e-06
-200
7.83762e-05
3.13458e-06
-200
6.49021e-05
1.56037e-06
-200
5.52117e-05
2.65246e-06
-200
4.88727e-05
4.0576e-06
-200
4.12972e-05
3.21944e-06
-200
3.73567e-05
1.55953e-06
-200
3.82803e-05
3.96443e-07
-200
3.93753e-05
-2.69268e-07
-200
3.97756e-05
-7.56577e-08
-200
3.96601e-05
1.81018e-08
-200
3.91181e-05
-5.49033e-07
-200
3.8132e-05
-9.86999e-07
-200
3.66836e-05
-9.55519e-07
3.55438e-05
-7.72561e-07
-200
-200
0.000101987
1.19614e-05
-200
9.50149e-05
1.26279e-05
-200
8.26296e-05
6.08654e-06
-200
6.88952e-05
3.75147e-06
-200
5.83863e-05
1.78775e-06
-200
5.27372e-05
9.1649e-07
-200
4.68905e-05
1.03294e-06
-200
4.07358e-05
1.18523e-06
-200
3.37344e-05
9.79528e-07
-200
3.06664e-05
5.50594e-07
-200
3.24131e-05
5.70191e-09
-200
3.39028e-05
-8.66142e-07
-200
3.4376e-05
-1.19633e-06
-200
3.40492e-05
-1.35734e-06
-200
3.33578e-05
-1.57531e-06
-200
3.25098e-05
-1.54814e-06
3.15189e-05
-1.16653e-06
-200
-200
9.04986e-05
1.09702e-05
-200
8.40297e-05
1.20169e-05
-200
7.32e-05
6.1053e-06
-200
6.25489e-05
4.93982e-06
-200
5.39977e-05
2.6459e-06
-200
4.83619e-05
1.86315e-07
-200
4.33073e-05
-4.74847e-07
-200
3.82673e-05
-1.67896e-07
-200
3.28322e-05
5.07182e-07
-200
2.67319e-05
6.64101e-07
-200
2.498e-05
7.41448e-09
-200
2.73464e-05
-4.15887e-07
-200
2.85064e-05
-6.74628e-07
-200
2.87837e-05
-1.21457e-06
-200
2.83545e-05
-1.42903e-06
-200
2.74217e-05
-1.12586e-06
2.68406e-05
-6.85715e-07
-200
-200
7.65471e-05
1.04255e-05
-200
7.09236e-05
1.18922e-05
-200
6.22718e-05
5.72928e-06
-200
5.41055e-05
3.48527e-06
-200
4.70581e-05
7.11375e-07
-200
4.20391e-05
-1.10988e-06
-200
3.78686e-05
-1.5689e-06
-200
3.39383e-05
-1.53342e-06
-200
2.97094e-05
-1.03783e-06
-200
2.49362e-05
8.49058e-07
-200
2.14761e-05
1.20904e-06
-200
2.15651e-05
-7.07752e-07
-200
2.30044e-05
-1.31987e-06
-200
2.34934e-05
-1.62739e-06
-200
2.32782e-05
-1.66645e-06
-200
2.24759e-05
-1.38934e-06
2.15522e-05
-7.72883e-07
-200
-200
5.98887e-05
1.02333e-05
-200
5.54826e-05
1.22208e-05
-200
5.04196e-05
5.97277e-06
-200
4.41823e-05
3.57715e-06
-200
3.87664e-05
5.03027e-07
-200
3.47757e-05
-1.01663e-06
-200
3.16568e-05
-1.81358e-06
-200
2.86756e-05
-1.86646e-06
-200
2.56315e-05
-1.59079e-06
-200
2.15083e-05
-8.96678e-07
-200
1.61019e-05
-3.36497e-07
-200
1.44887e-05
-2.92962e-07
-200
1.74103e-05
-9.75607e-07
-200
1.82044e-05
-1.27306e-06
-200
1.83935e-05
-1.30565e-06
-200
1.70854e-05
-7.89581e-07
1.59847e-05
-2.31091e-07
-200
-200
4.58303e-05
1.09861e-05
-200
4.33703e-05
1.34139e-05
-200
3.83558e-05
6.41524e-06
-200
3.307e-05
3.18283e-06
-200
2.90612e-05
3.04465e-07
-200
2.60319e-05
-1.38093e-06
-200
2.39354e-05
-2.27665e-06
-200
2.1896e-05
-2.52656e-06
-200
1.96126e-05
-2.68766e-06
-200
1.64992e-05
-2.07186e-06
-200
1.35779e-05
-9.0971e-07
-200
1.19333e-05
-8.29573e-07
-200
1.19801e-05
-1.11772e-06
-200
1.35459e-05
-1.49098e-06
-200
1.33194e-05
-1.16149e-06
-200
1.24041e-05
-9.56537e-07
1.05577e-05
-4.05641e-07
-200
-200
3.08056e-05
1.09153e-05
-200
3.00184e-05
1.38518e-05
-200
2.60491e-05
6.26426e-06
-200
2.21067e-05
3.51798e-06
-200
1.93966e-05
3.43918e-07
-200
1.71079e-05
-1.25511e-06
-200
1.62143e-05
-2.66809e-06
-200
1.45847e-05
-2.89523e-06
-200
1.31332e-05
-3.21594e-06
-200
1.11969e-05
-2.43068e-06
-200
8.97831e-06
-1.06334e-06
-200
5.66459e-06
-2.63363e-07
-200
4.69998e-06
-3.5655e-07
-200
8.38576e-06
-5.63306e-07
-200
8.33992e-06
-6.28923e-07
-200
7.83713e-06
-3.81518e-07
7.1675e-06
-2.98772e-07
-200
-200
1.54273e-05
1.07889e-05
-200
1.57214e-05
1.36846e-05
-200
1.31953e-05
6.26695e-06
-200
1.09775e-05
3.15438e-06
-200
8.52168e-06
1.82808e-07
-200
7.95055e-06
-2.08606e-06
-200
6.74391e-06
-2.81447e-06
-200
6.51878e-06
-4.03063e-06
-200
5.09316e-06
-3.87935e-06
-200
4.38465e-06
-3.27134e-06
-200
3.49332e-06
-1.47956e-06
-200
2.12685e-06
1.36564e-06
-200
2.84076e-06
1.43458e-06
-200
3.46865e-06
1.25769e-07
-200
4.14672e-06
-4.75603e-07
-200
3.48903e-06
-9.28002e-07
3.90179e-06
-2.76125e-07
-200
-200
1.08851e-05
-200
1.38117e-05
-200
7.8767e-06
-200
3.91756e-06
-200
8.32672e-07
-200
-1.30111e-06
-200
-3.16174e-06
-200
-3.96817e-06
-200
-4.3929e-06
-200
-3.69183e-06
-200
-2.08463e-06
-200
1.10909e-06
-200
2.17541e-06
-200
-4.77526e-07
-200
-1.1488e-06
-200
-1.08727e-06
-1.11416e-06
-200
-200
4.79849e-05
-200
4.69035e-05
-200
4.59107e-05
-200
4.56544e-05
1.08542e-07
-200
4.58314e-05
-9.12745e-08
4.68316e-05
6.33268e-07
-200
-200
4.25224e-05
1.05465e-05
-200
4.7547e-05
1.06895e-05
-200
5.15292e-05
5.94503e-06
-200
5.36791e-05
3.20689e-06
-200
5.4513e-05
1.69989e-06
-200
5.40127e-05
9.10424e-07
-200
5.26229e-05
5.11102e-07
-200
5.10342e-05
1.86965e-07
-200
4.93155e-05
2.64177e-07
-200
4.78593e-05
7.95608e-08
-200
4.64904e-05
1.6553e-08
-200
4.51324e-05
-3.88118e-07
-200
4.41517e-05
-2.99127e-07
-200
4.34562e-05
-1.47822e-07
-200
4.32619e-05
-2.88409e-07
-200
4.36862e-05
1.56038e-08
4.48499e-05
3.63141e-07
-200
-200
4.74206e-05
1.07965e-05
-200
5.23522e-05
1.07561e-05
-200
5.5579e-05
5.89896e-06
-200
5.6859e-05
3.15039e-06
-200
5.65847e-05
1.74368e-06
-200
5.49093e-05
1.07538e-06
-200
5.23142e-05
8.22694e-07
-200
4.96714e-05
8.23258e-07
-200
4.73556e-05
7.06462e-07
-200
4.52953e-05
7.05595e-07
-200
4.37988e-05
6.16219e-07
-200
4.27362e-05
5.42514e-07
-200
4.19913e-05
8.50528e-08
-200
4.14671e-05
-9.02404e-08
-200
4.1373e-05
2.85646e-07
-200
4.19927e-05
2.40505e-07
4.32487e-05
5.24386e-07
-200
-200
5.33794e-05
1.10959e-05
-200
5.8646e-05
1.10365e-05
-200
6.15172e-05
6.02171e-06
-200
6.20554e-05
3.25527e-06
-200
6.03803e-05
1.8603e-06
-200
5.67172e-05
1.34865e-06
-200
5.24818e-05
1.23548e-06
-200
4.87232e-05
1.1492e-06
-200
4.54004e-05
1.30543e-06
-200
4.28671e-05
1.29882e-06
-200
4.1439e-05
1.14776e-06
-200
4.06795e-05
5.97103e-07
-200
3.99787e-05
5.3547e-07
-200
3.97008e-05
5.25716e-07
-200
3.99493e-05
9.33223e-08
-200
4.05791e-05
3.31844e-07
4.16174e-05
4.86839e-07
-200
-200
6.04751e-05
1.12926e-05
-200
6.6652e-05
1.12969e-05
-200
6.93682e-05
6.19236e-06
-200
6.92049e-05
3.39668e-06
-200
6.59265e-05
2.00948e-06
-200
5.97283e-05
1.48601e-06
-200
5.33441e-05
1.37373e-06
-200
4.86763e-05
1.44599e-06
-200
4.45504e-05
1.49116e-06
-200
4.10015e-05
1.9577e-06
-200
3.96589e-05
1.9464e-06
-200
3.92605e-05
1.59701e-06
-200
3.8727e-05
9.23466e-07
-200
3.86066e-05
5.10931e-07
-200
3.88018e-05
7.4493e-07
-200
3.94388e-05
6.00313e-07
4.02016e-05
8.01633e-07
-200
-200
6.69042e-05
1.15865e-05
-200
7.24216e-05
1.18021e-05
-200
7.44399e-05
6.65049e-06
-200
7.34601e-05
3.82354e-06
-200
6.86188e-05
2.28906e-06
-200
6.51551e-05
1.20839e-06
-200
6.39179e-05
3.26761e-07
-200
6.0628e-05
-1.18967e-07
-200
5.66252e-05
2.61371e-07
-200
5.21604e-05
2.08211e-06
-200
4.5536e-05
2.75145e-06
-200
3.92813e-05
1.28511e-06
-200
3.7626e-05
1.09549e-06
-200
3.80041e-05
1.05892e-06
-200
3.81686e-05
4.79897e-07
-200
3.85292e-05
6.65824e-07
3.89016e-05
7.97086e-07
-200
-200
7.40772e-05
1.21069e-05
-200
7.89327e-05
1.28134e-05
-200
7.98306e-05
7.63677e-06
-200
7.80213e-05
4.56804e-06
-200
7.5626e-05
2.52892e-06
-200
7.44203e-05
1.01896e-06
-200
7.24418e-05
1.17802e-07
-200
6.86287e-05
-2.82086e-07
-200
6.47943e-05
-4.14221e-07
-200
6.1365e-05
1.68869e-07
-200
5.72634e-05
6.24181e-07
-200
5.25328e-05
9.06198e-07
-200
4.60118e-05
8.98573e-07
-200
3.96696e-05
7.73649e-07
-200
3.8096e-05
1.04175e-06
-200
3.85489e-05
9.32274e-07
3.80457e-05
1.06169e-06
-200
-200
8.35158e-05
1.26641e-05
-200
8.86892e-05
1.37137e-05
-200
8.69544e-05
8.19332e-06
-200
8.18655e-05
4.89182e-06
-200
7.98293e-05
2.56689e-06
-200
8.12611e-05
9.41416e-07
-200
7.9753e-05
-8.87411e-08
-200
7.34868e-05
-6.99321e-07
-200
6.9608e-05
-6.25184e-07
-200
6.89795e-05
-3.99352e-07
-200
6.6037e-05
-4.39868e-08
-200
6.33607e-05
-1.48635e-07
-200
5.93909e-05
2.90115e-07
-200
5.43897e-05
5.02285e-07
-200
4.76264e-05
2.46443e-07
-200
4.10641e-05
6.17012e-07
3.74161e-05
7.46288e-07
-200
-200
8.99514e-05
1.26045e-05
-200
9.2396e-05
1.37041e-05
-200
8.91198e-05
8.2372e-06
-200
8.52682e-05
4.78698e-06
-200
8.3237e-05
2.42841e-06
-200
8.29664e-05
8.46868e-07
-200
8.27179e-05
-3.31265e-08
-200
8.50121e-05
-4.0939e-07
-200
8.25492e-05
-5.41249e-07
-200
7.18147e-05
-1.97546e-07
-200
6.70066e-05
1.2153e-07
-200
6.69528e-05
6.782e-07
-200
6.38725e-05
4.49514e-07
-200
5.95052e-05
1.12443e-08
-200
5.40607e-05
1.58002e-07
-200
4.91712e-05
7.27268e-08
4.52493e-05
5.80602e-07
-200
-200
9.69845e-05
1.25376e-05
-200
9.69085e-05
1.34491e-05
-200
9.11052e-05
7.63914e-06
-200
8.67202e-05
4.17507e-06
-200
8.48376e-05
2.06374e-06
-200
8.3517e-05
6.97285e-07
-200
8.25851e-05
-1.72457e-07
-200
8.24457e-05
-5.91709e-07
-200
8.14341e-05
-3.23826e-07
-200
8.19844e-05
-1.43356e-07
-200
7.92498e-05
2.75906e-07
-200
7.23643e-05
1.8717e-07
-200
6.75014e-05
5.02731e-07
-200
6.33866e-05
2.94947e-07
-200
5.8718e-05
-1.12759e-06
-200
5.40675e-05
-1.11852e-06
4.80972e-05
-3.78143e-07
-200
-200
0.000104067
1.25075e-05
-200
0.000101806
1.33415e-05
-200
9.21789e-05
6.11939e-06
-200
8.63507e-05
2.46968e-06
-200
8.50725e-05
1.56696e-06
-200
8.31012e-05
3.89301e-07
-200
8.09804e-05
-2.1409e-07
-200
7.93082e-05
-2.96978e-07
-200
7.78125e-05
-3.57446e-07
-200
7.63077e-05
4.01797e-08
-200
7.35325e-05
4.77967e-07
-200
6.91845e-05
1.16885e-06
-200
6.54966e-05
8.89681e-07
-200
6.2198e-05
-9.26129e-08
-200
5.89051e-05
-2.72575e-06
-200
5.61816e-05
-3.90006e-06
5.51095e-05
2.05922e-07
-200
-200
0.000109949
1.21519e-05
-200
0.000105793
1.29196e-05
-200
9.64933e-05
6.70143e-06
-200
8.97768e-05
3.30508e-06
-200
8.54965e-05
1.4274e-06
-200
8.17096e-05
2.91768e-07
-200
7.8446e-05
-3.96644e-07
-200
7.56632e-05
-6.39123e-07
-200
7.31788e-05
-2.86859e-07
-200
7.1048e-05
2.72643e-08
-200
6.839e-05
5.44023e-07
-200
6.53429e-05
3.49017e-07
-200
6.22964e-05
8.17668e-07
-200
5.97285e-05
7.67222e-07
-200
5.72091e-05
-1.08822e-06
-200
5.43484e-05
-1.54683e-06
5.1764e-05
-3.65295e-06
-200
-200
0.000114348
1.17202e-05
-200
0.000108063
1.22755e-05
-200
9.76781e-05
6.26084e-06
-200
9.02365e-05
3.21722e-06
-200
8.43017e-05
1.29799e-06
-200
7.92141e-05
8.7045e-08
-200
7.46606e-05
-3.38472e-07
-200
7.10688e-05
-3.33502e-07
-200
6.83263e-05
-3.67705e-07
-200
6.57953e-05
2.93688e-08
-200
6.34327e-05
4.0456e-07
-200
6.10533e-05
1.10655e-06
-200
5.90489e-05
1.04933e-06
-200
5.69217e-05
4.46751e-07
-200
5.44189e-05
4.88302e-07
-200
5.18472e-05
-6.61289e-07
4.84556e-05
-9.6269e-07
-200
-200
0.000116687
1.1086e-05
-200
0.000107543
1.02835e-05
-200
9.58725e-05
4.1822e-06
-200
8.88456e-05
2.58452e-06
-200
8.17417e-05
9.4764e-07
-200
7.51012e-05
7.52169e-08
-200
6.95849e-05
-4.13143e-07
-200
6.5398e-05
-5.84589e-07
-200
6.23373e-05
-3.03644e-07
-200
6.02561e-05
-1.37871e-07
-200
5.83714e-05
2.38241e-07
-200
5.66372e-05
-1.16491e-07
-200
5.48648e-05
2.76851e-07
-200
5.31145e-05
4.90865e-07
-200
5.11536e-05
-3.63112e-07
-200
4.84671e-05
-1.63415e-07
4.53307e-05
-5.50053e-07
-200
-200
0.000116622
1.0268e-05
-200
0.000108365
1.0292e-05
-200
9.63796e-05
4.6288e-06
-200
8.66104e-05
2.40704e-06
-200
7.76558e-05
9.07097e-07
-200
6.9476e-05
5.79962e-08
-200
6.26955e-05
-1.14459e-07
-200
5.81452e-05
-6.57477e-08
-200
5.55951e-05
-2.51261e-07
-200
5.39201e-05
-9.12189e-08
-200
5.27301e-05
2.79925e-08
-200
5.16058e-05
5.63465e-07
-200
5.05832e-05
4.50373e-07
-200
4.91179e-05
-1.23879e-07
-200
4.72972e-05
8.73612e-08
-200
4.5165e-05
-5.02466e-07
4.21791e-05
-1.53643e-07
-200
-200
0.000114205
8.32161e-06
-200
0.000106539
8.31863e-06
-200
9.43858e-05
4.09686e-06
-200
8.3085e-05
2.12664e-06
-200
7.20746e-05
7.34434e-07
-200
6.18101e-05
3.25501e-07
-200
5.39345e-05
1.48117e-07
-200
4.91422e-05
8.94808e-10
-200
4.71487e-05
4.08474e-08
-200
4.68451e-05
-1.68508e-07
-200
4.66198e-05
-8.30137e-08
-200
4.62589e-05
-6.57752e-07
-200
4.54325e-05
-4.16811e-07
-200
4.44156e-05
-2.07827e-07
-200
4.31683e-05
-1.02632e-06
-200
4.11652e-05
-5.79956e-07
3.89332e-05
-6.65328e-07
-200
-200
0.000107708
7.63657e-06
-200
0.000100883
7.75902e-06
-200
9.06561e-05
3.74086e-06
-200
7.8663e-05
1.91882e-06
-200
6.4795e-05
9.63184e-07
-200
5.21204e-05
6.08124e-07
-200
4.34705e-05
6.26994e-07
-200
3.79622e-05
8.87726e-07
-200
3.72077e-05
5.30124e-07
-200
3.89131e-05
1.46904e-07
-200
3.99803e-05
-2.06261e-07
-200
4.03406e-05
3.61622e-08
-200
4.02998e-05
-1.60998e-07
-200
3.96548e-05
-7.83804e-07
-200
3.85509e-05
-5.18032e-07
-200
3.7283e-05
-9.80875e-07
3.56674e-05
-5.30241e-07
-200
-200
0.000100546
8.06865e-06
-200
9.3865e-05
8.36548e-06
-200
8.21761e-05
3.37769e-06
-200
6.98032e-05
1.63098e-06
-200
5.87649e-05
1.54019e-06
-200
5.04925e-05
1.01662e-06
-200
4.39687e-05
-2.65783e-07
-200
3.81061e-05
1.08966e-06
-200
3.2194e-05
1.80344e-06
-200
3.08846e-05
3.84612e-07
-200
3.31773e-05
-1.2168e-07
-200
3.42958e-05
-1.05501e-06
-200
3.45616e-05
-1.03172e-06
-200
3.43351e-05
-9.6747e-07
-200
3.37894e-05
-1.65775e-06
-200
3.26832e-05
-1.15356e-06
3.17459e-05
-1.10484e-06
-200
-200
8.96761e-05
7.92584e-06
-200
8.36426e-05
8.74469e-06
-200
7.25486e-05
3.77131e-06
-200
5.94314e-05
1.84293e-06
-200
5.0406e-05
3.45521e-07
-200
4.60932e-05
-8.74686e-07
-200
4.09983e-05
-1.3363e-06
-200
3.5983e-05
-6.86514e-07
-200
3.09864e-05
9.8334e-07
-200
2.72815e-05
1.33308e-06
-200
2.68273e-05
-2.54235e-07
-200
2.7994e-05
-4.16741e-07
-200
2.88873e-05
-7.02899e-07
-200
2.90247e-05
-1.33379e-06
-200
2.86487e-05
-1.14e-06
-200
2.79893e-05
-1.32856e-06
2.7242e-05
-8.66193e-07
-200
-200
7.62018e-05
7.70737e-06
-200
7.10257e-05
8.90385e-06
-200
6.19933e-05
3.94478e-06
-200
5.28157e-05
1.70109e-06
-200
4.60871e-05
-3.47238e-07
-200
4.11881e-05
-1.38818e-06
-200
3.70219e-05
-1.8013e-06
-200
3.28189e-05
-1.76974e-06
-200
2.8166e-05
-1.1574e-06
-200
2.18313e-05
-7.59608e-07
-200
1.91846e-05
-5.77156e-07
-200
2.14952e-05
-1.287e-06
-200
2.29267e-05
-1.2937e-06
-200
2.35051e-05
-1.37509e-06
-200
2.35143e-05
-1.82285e-06
-200
2.27598e-05
-1.37311e-06
2.20667e-05
-1.17825e-06
-200
-200
6.11065e-05
7.49133e-06
-200
5.72421e-05
8.98888e-06
-200
5.03073e-05
4.06692e-06
-200
4.35721e-05
1.63463e-06
-200
3.83921e-05
-4.52218e-07
-200
3.43522e-05
-1.5673e-06
-200
3.10122e-05
-2.06818e-06
-200
2.77353e-05
-2.11864e-06
-200
2.42856e-05
-2.1733e-06
-200
1.96975e-05
-1.68983e-06
-200
1.46816e-05
-1.04052e-06
-200
1.43646e-05
-5.22449e-07
-200
1.72733e-05
-1.12667e-06
-200
1.83722e-05
-1.51671e-06
-200
1.82442e-05
-1.22745e-06
-200
1.77982e-05
-1.33439e-06
1.63221e-05
-8.87437e-07
-200
-200
4.55007e-05
7.29231e-06
-200
4.3293e-05
8.92896e-06
-200
3.7871e-05
3.97057e-06
-200
3.27378e-05
1.32264e-06
-200
2.87839e-05
-8.38502e-07
-200
2.58767e-05
-2.01532e-06
-200
2.3353e-05
-2.66233e-06
-200
2.10457e-05
-3.01883e-06
-200
1.83421e-05
-3.12121e-06
-200
1.52171e-05
-2.6688e-06
-200
1.24795e-05
-3.78487e-07
-200
1.15028e-05
-1.34748e-07
-200
1.26758e-05
-1.2136e-06
-200
1.30852e-05
-1.37135e-06
-200
1.37563e-05
-1.69333e-06
-200
1.24043e-05
-1.25112e-06
1.06482e-05
-1.29898e-06
-200
-200
2.98683e-05
7.11959e-06
-200
2.92313e-05
9.18507e-06
-200
2.51515e-05
4.19693e-06
-200
2.16191e-05
1.76428e-06
-200
1.88047e-05
-6.08264e-07
-200
1.68156e-05
-1.65318e-06
-200
1.52421e-05
-2.60283e-06
-200
1.37059e-05
-2.76553e-06
-200
1.19093e-05
-3.35925e-06
-200
1.01184e-05
-2.68241e-06
-200
8.66324e-06
-1.93314e-06
-200
7.3928e-06
-1.00361e-06
-200
8.09428e-06
-1.33892e-06
-200
8.67604e-06
-1.22153e-06
-200
9.22912e-06
-1.10551e-06
-200
7.69758e-06
-1.25503e-06
7.66259e-06
-9.50756e-07
-200
-200
1.45269e-05
7.06078e-06
-200
1.48602e-05
9.06611e-06
-200
1.23414e-05
4.54198e-06
-200
1.03665e-05
1.77729e-06
-200
8.47674e-06
-3.0348e-07
-200
7.28577e-06
-1.83322e-06
-200
6.76521e-06
-2.3752e-06
-200
5.90238e-06
-3.40499e-06
-200
4.8376e-06
-3.14223e-06
-200
4.2066e-06
-3.18772e-06
-200
3.19494e-06
-1.88891e-06
-200
3.38442e-06
-1.43375e-06
-200
3.31378e-06
-7.4461e-07
-200
4.86571e-06
-9.52151e-07
-200
4.1602e-06
-1.41533e-06
-200
3.73989e-06
-1.37032e-06
4.00631e-06
-1.10418e-06
-200
-200
7.01172e-06
-200
9.28647e-06
-200
5.14376e-06
-200
2.49782e-06
-200
2.01668e-07
-200
-1.30771e-06
-200
-2.44738e-06
-200
-2.91623e-06
-200
-3.49994e-06
-200
-3.06779e-06
-200
-2.50981e-06
-200
-1.48195e-06
-200
-5.79462e-07
-200
-1.28075e-06
-200
-1.54685e-06
-200
-1.39402e-06
-1.60279e-06
-200
-200
4.88476e-05
-200
4.954e-05
5.07499e-05
-200
-200
4.22524e-05
-200
4.73672e-05
-200
5.1052e-05
-200
5.32922e-05
-200
5.45452e-05
-200
5.4583e-05
-200
5.38141e-05
-200
5.26694e-05
-200
5.14836e-05
-200
5.03795e-05
-200
4.93329e-05
-200
4.83763e-05
-200
4.76473e-05
-200
4.68619e-05
-200
4.66201e-05
-200
4.77946e-05
4.93432e-05
-200
-200
4.64726e-05
-200
5.16075e-05
-200
5.48316e-05
-200
5.63547e-05
-200
5.66814e-05
-200
5.56054e-05
-200
5.37548e-05
-200
5.18408e-05
-200
5.00071e-05
-200
4.86699e-05
-200
4.75493e-05
-200
4.67442e-05
-200
4.58713e-05
-200
4.52781e-05
-200
4.56477e-05
-200
4.6603e-05
4.82021e-05
-200
-200
5.21511e-05
-200
5.76842e-05
-200
6.06123e-05
-200
6.14352e-05
-200
6.04713e-05
-200
5.75296e-05
-200
5.39439e-05
-200
5.08599e-05
-200
4.83975e-05
-200
4.69107e-05
-200
4.59774e-05
-200
4.50724e-05
-200
4.45625e-05
-200
4.43993e-05
-200
4.47652e-05
-200
4.57704e-05
4.71748e-05
-200
-200
5.92596e-05
-200
6.60204e-05
-200
6.88819e-05
-200
6.91057e-05
-200
6.65503e-05
-200
6.02241e-05
-200
5.36601e-05
-200
4.93017e-05
-200
4.58212e-05
-200
4.50464e-05
-200
4.51372e-05
-200
4.41042e-05
-200
4.35232e-05
-200
4.3803e-05
-200
4.44959e-05
-200
4.53753e-05
4.65715e-05
-200
-200
6.58898e-05
-200
7.24334e-05
-200
7.46144e-05
-200
7.38977e-05
-200
6.93132e-05
-200
6.61482e-05
-200
6.54512e-05
-200
6.26014e-05
-200
5.89122e-05
-200
5.28856e-05
-200
4.63952e-05
-200
4.24859e-05
-200
4.23504e-05
-200
4.37065e-05
-200
4.42277e-05
-200
4.51519e-05
4.59769e-05
-200
-200
7.30638e-05
-200
7.88576e-05
-200
7.96068e-05
-200
7.82163e-05
-200
7.64551e-05
-200
7.5614e-05
-200
7.43484e-05
-200
7.11548e-05
-200
6.76295e-05
-200
6.43056e-05
-200
6.0492e-05
-200
5.66141e-05
-200
5.02792e-05
-200
4.46911e-05
-200
4.43713e-05
-200
4.56247e-05
4.57335e-05
-200
-200
8.13416e-05
-200
8.70111e-05
-200
8.58982e-05
-200
8.16365e-05
-200
8.05465e-05
-200
8.28516e-05
-200
8.20679e-05
-200
7.65602e-05
-200
7.35089e-05
-200
7.30833e-05
-200
7.03842e-05
-200
6.80593e-05
-200
6.44874e-05
-200
5.98572e-05
-200
5.32037e-05
-200
4.74678e-05
4.53493e-05
-200
-200
8.77717e-05
-200
9.08051e-05
-200
8.77212e-05
-200
8.48971e-05
-200
8.4324e-05
-200
8.48644e-05
-200
8.54363e-05
-200
8.82795e-05
-200
8.62689e-05
-200
7.64138e-05
-200
7.22951e-05
-200
7.25558e-05
-200
6.93031e-05
-200
6.4894e-05
-200
5.9589e-05
-200
5.54666e-05
5.4166e-05
-200
-200
9.48467e-05
-200
9.56084e-05
-200
8.85478e-05
-200
8.503e-05
-200
8.59597e-05
-200
8.58698e-05
-200
8.5689e-05
-200
8.61197e-05
-200
8.58218e-05
-200
8.68226e-05
-200
8.46101e-05
-200
7.81503e-05
-200
7.39567e-05
-200
6.96034e-05
-200
6.23342e-05
-200
5.89407e-05
5.8733e-05
-200
-200
0.000101374
-200
0.000100304
-200
9.34298e-05
-200
8.91859e-05
-200
8.75134e-05
-200
8.60103e-05
-200
8.47382e-05
-200
8.37898e-05
-200
8.27696e-05
-200
8.20537e-05
-200
7.99631e-05
-200
7.65346e-05
-200
7.30851e-05
-200
7.11563e-05
-200
7.17021e-05
-200
6.9091e-05
6.06873e-05
-200
-200
0.000107034
-200
0.000103949
-200
9.61589e-05
-200
9.13001e-05
-200
8.79918e-05
-200
8.51412e-05
-200
8.26694e-05
-200
8.06509e-05
-200
7.90361e-05
-200
7.74981e-05
-200
7.56302e-05
-200
7.31734e-05
-200
7.10754e-05
-200
6.99379e-05
-200
6.85972e-05
-200
6.71116e-05
6.68129e-05
-200
-200
0.000111081
-200
0.000104445
-200
9.52809e-05
-200
9.13271e-05
-200
8.70449e-05
-200
8.29667e-05
-200
7.9543e-05
-200
7.6844e-05
-200
7.47061e-05
-200
7.30339e-05
-200
7.14781e-05
-200
7.00867e-05
-200
6.85443e-05
-200
6.74151e-05
-200
6.60494e-05
-200
6.39298e-05
6.18231e-05
-200
-200
0.00011305
-200
0.000106872
-200
9.72254e-05
-200
9.05597e-05
-200
8.46822e-05
-200
7.93505e-05
-200
7.4901e-05
-200
7.16238e-05
-200
6.94837e-05
-200
6.79718e-05
-200
6.6836e-05
-200
6.57019e-05
-200
6.49393e-05
-200
6.39871e-05
-200
6.26021e-05
-200
6.07562e-05
5.81322e-05
-200
-200
0.000111235
-200
0.000104735
-200
9.63277e-05
-200
8.82859e-05
-200
8.08673e-05
-200
7.40324e-05
-200
6.86394e-05
-200
6.51317e-05
-200
6.31598e-05
-200
6.22161e-05
-200
6.16839e-05
-200
6.14401e-05
-200
6.08627e-05
-200
6.00224e-05
-200
5.9073e-05
-200
5.72673e-05
5.5059e-05
-200
-200
0.000110721
-200
0.000104763
-200
9.4202e-05
-200
8.46131e-05
-200
7.54432e-05
-200
6.67357e-05
-200
5.99888e-05
-200
5.6481e-05
-200
5.5476e-05
-200
5.54071e-05
-200
5.5665e-05
-200
5.57137e-05
-200
5.57618e-05
-200
5.5336e-05
-200
5.44844e-05
-200
5.32983e-05
5.1394e-05
-200
-200
0.000106052
-200
0.000101038
-200
9.04694e-05
-200
7.99732e-05
-200
6.90538e-05
-200
5.71006e-05
-200
4.79143e-05
-200
4.55121e-05
-200
4.66417e-05
-200
4.79182e-05
-200
4.90804e-05
-200
5.00659e-05
-200
5.03744e-05
-200
5.02048e-05
-200
4.98588e-05
-200
4.88817e-05
4.78443e-05
-200
-200
9.80789e-05
-200
9.34282e-05
-200
8.2875e-05
-200
7.16222e-05
-200
5.961e-05
-200
5.15875e-05
-200
4.72443e-05
-200
4.10335e-05
-200
3.81908e-05
-200
3.99226e-05
-200
4.18767e-05
-200
4.31119e-05
-200
4.40236e-05
-200
4.42856e-05
-200
4.40849e-05
-200
4.3691e-05
4.31192e-05
-200
-200
8.72096e-05
-200
8.29216e-05
-200
7.29159e-05
-200
6.05876e-05
-200
5.20769e-05
-200
4.85827e-05
-200
4.46599e-05
-200
3.99845e-05
-200
3.39559e-05
-200
3.17917e-05
-200
3.41971e-05
-200
3.63253e-05
-200
3.75528e-05
-200
3.8095e-05
-200
3.83195e-05
-200
3.79663e-05
3.78096e-05
-200
-200
7.39214e-05
-200
7.00643e-05
-200
6.19211e-05
-200
5.37532e-05
-200
4.75347e-05
-200
4.34973e-05
-200
3.99484e-05
-200
3.63596e-05
-200
3.20114e-05
-200
2.64115e-05
-200
2.53751e-05
-200
2.85824e-05
-200
3.05062e-05
-200
3.14731e-05
-200
3.18346e-05
-200
3.16505e-05
3.13457e-05
-200
-200
5.92891e-05
-200
5.63698e-05
-200
5.00033e-05
-200
4.40636e-05
-200
3.94363e-05
-200
3.59711e-05
-200
3.31262e-05
-200
3.04436e-05
-200
2.72977e-05
-200
2.37735e-05
-200
2.1278e-05
-200
2.19612e-05
-200
2.36285e-05
-200
2.49333e-05
-200
2.57646e-05
-200
2.50432e-05
2.43804e-05
-200
-200
4.40375e-05
-200
4.24539e-05
-200
3.77458e-05
-200
3.32905e-05
-200
3.00352e-05
-200
2.74428e-05
-200
2.55078e-05
-200
2.35358e-05
-200
2.13759e-05
-200
1.83806e-05
-200
1.40823e-05
-200
1.35315e-05
-200
1.65878e-05
-200
1.87395e-05
-200
1.90434e-05
-200
1.83039e-05
1.6762e-05
-200
-200
2.84003e-05
-200
2.80821e-05
-200
2.4719e-05
-200
2.15742e-05
-200
1.92533e-05
-200
1.75724e-05
-200
1.62893e-05
-200
1.5104e-05
-200
1.34893e-05
-200
1.17793e-05
-200
1.03047e-05
-200
9.8075e-06
-200
1.09953e-05
-200
1.2759e-05
-200
1.25019e-05
-200
1.23115e-05
1.1651e-05
-200
-200
1.33545e-05
-200
1.3927e-05
-200
1.20408e-05
-200
1.0185e-05
-200
8.55808e-06
-200
7.72111e-06
-200
7.16139e-06
-200
6.42814e-06
-200
5.6981e-06
-200
4.83998e-06
-200
4.48447e-06
-200
4.24923e-06
-200
5.64623e-06
-200
6.17851e-06
-200
6.06945e-06
-200
6.04855e-06
5.94012e-06
-200
-200
-200
-200
-200
-200
-200
-200
-200
-200
-200
-200
-200
-200
-200
-200
-200
-200
2.20985e-05
-200
4.81638e-05
4.2494e-07
-200
4.87316e-05
4.46638e-07
-200
4.88972e-05
1.27644e-06
-200
4.93627e-05
1.05768e-06
-200
5.00574e-05
6.65616e-07
-200
5.0832e-05
7.97443e-07
-200
5.19439e-05
2.03803e-07
-200
5.31241e-05
-6.55892e-07
-200
5.43795e-05
-1.03033e-06
-200
5.57622e-05
-8.30624e-07
-200
5.74854e-05
-6.53118e-07
-200
5.95021e-05
2.0752e-07
-200
6.16153e-05
1.69047e-06
-200
3.41504e-05
1.25861e-06
-200
2.7064e-05
1.91612e-06
2.52483e-05
2.08522e-06
-200
-200
4.68912e-05
7.64802e-07
-200
4.73947e-05
5.76559e-07
-200
4.78219e-05
3.89912e-07
-200
4.81876e-05
8.47144e-07
-200
4.88426e-05
1.00918e-06
-200
5.00632e-05
3.05445e-07
-200
5.12551e-05
4.93435e-08
-200
5.26303e-05
-3.93025e-07
-200
5.42468e-05
-6.28303e-07
-200
5.62902e-05
-7.58093e-07
-200
5.86143e-05
-3.77569e-07
-200
6.14231e-05
3.01714e-07
-200
6.45922e-05
7.26797e-07
-200
3.45963e-05
2.46712e-06
-200
2.87919e-05
1.91371e-06
2.65997e-05
2.99127e-06
-200
-200
4.5871e-05
4.96998e-08
-200
4.62637e-05
1.26204e-07
-200
4.64477e-05
9.02917e-07
-200
4.71503e-05
5.06289e-07
-200
4.79621e-05
2.28989e-07
-200
4.87597e-05
6.21958e-07
-200
5.00891e-05
1.24775e-07
-200
5.19007e-05
-4.24809e-07
-200
5.40511e-05
-7.05778e-07
-200
5.65404e-05
-3.63613e-07
-200
5.9612e-05
-3.7942e-07
-200
6.31036e-05
4.85017e-08
-200
6.68262e-05
1.08502e-06
-200
3.62526e-05
3.28525e-07
-200
2.99386e-05
1.88763e-06
2.83853e-05
1.54414e-06
-200
-200
4.40791e-05
8.87025e-07
-200
4.4355e-05
9.64985e-07
-200
4.50879e-05
4.73484e-07
-200
4.5602e-05
8.75902e-07
-200
4.6224e-05
8.80459e-07
-200
4.70487e-05
-4.68333e-08
-200
4.83918e-05
-1.27837e-07
-200
5.05093e-05
-1.40391e-07
-200
5.31945e-05
5.85605e-08
-200
5.6374e-05
9.19964e-09
-200
5.99288e-05
3.84101e-07
-200
6.40202e-05
6.99541e-07
-200
6.86904e-05
3.70869e-07
-200
3.61956e-05
2.0173e-06
-200
3.06634e-05
1.36197e-06
2.82571e-05
2.0141e-06
-200
-200
4.22812e-05
5.40516e-07
-200
4.28732e-05
3.13546e-07
-200
4.33778e-05
9.58781e-07
-200
4.44287e-05
2.91257e-07
-200
4.47494e-05
-2.18121e-07
-200
4.40983e-05
1.50188e-07
-200
4.5402e-05
4.40144e-08
-200
4.87688e-05
-1.50776e-07
-200
5.24434e-05
3.97014e-08
-200
5.61343e-05
4.80828e-07
-200
6.03399e-05
3.50888e-07
-200
6.4799e-05
4.41444e-07
-200
6.96012e-05
1.28217e-06
-200
3.69414e-05
5.00413e-07
-200
3.0377e-05
1.46274e-06
2.8501e-05
1.07193e-06
-200
-200
4.0108e-05
8.94896e-07
-200
4.0601e-05
1.34434e-06
-200
4.17281e-05
1.73339e-07
-200
4.4016e-05
-2.01355e-07
-200
4.28633e-05
-5.22388e-07
-200
3.8224e-05
-3.99641e-07
-200
4.05055e-05
3.95232e-07
-200
4.71795e-05
5.56769e-07
-200
5.15743e-05
7.57583e-07
-200
5.58643e-05
8.0296e-07
-200
6.01761e-05
1.03621e-06
-200
6.49007e-05
8.46371e-07
-200
6.99664e-05
6.37918e-07
-200
3.55952e-05
1.94731e-06
-200
2.95983e-05
1.11863e-06
2.72491e-05
8.60168e-07
-200
-200
3.85417e-05
4.89565e-07
-200
3.81278e-05
8.43815e-07
-200
3.82876e-05
5.69582e-07
-200
2.8982e-05
-2.92951e-06
-200
2.56506e-05
-3.52934e-06
-200
3.83408e-05
1.70449e-06
-200
4.49782e-05
2.6694e-06
-200
4.68239e-05
8.02361e-07
-200
5.04089e-05
6.6178e-07
-200
5.43545e-05
1.0017e-06
-200
5.84825e-05
5.86567e-07
-200
6.25109e-05
6.38885e-07
-200
6.66164e-05
1.12469e-06
-200
3.18723e-05
3.3237e-07
-200
2.46779e-05
9.8473e-07
-200
2.19626e-05
1.21486e-06
1.80939e-05
-2.37614e-05
-200
-1.57313e-07
-200
3.82336e-05
3.50978e-07
-200
3.55316e-05
4.12162e-07
-200
2.48358e-05
-3.17098e-07
-200
2.00666e-05
6.02679e-08
-200
2.70534e-05
-1.71696e-07
-200
3.30514e-05
-3.2266e-07
-200
4.05654e-05
3.70757e-07
-200
4.52634e-05
6.49223e-07
-200
4.94954e-05
1.08553e-06
-200
5.33162e-05
1.01117e-06
-200
5.66926e-05
1.15491e-06
-200
5.95169e-05
1.0083e-06
-200
6.27839e-05
3.03943e-08
-200
2.63395e-05
1.48944e-06
-200
1.9035e-05
1.65184e-06
-200
1.58336e-05
3.81434e-07
1.12169e-05
2.12065e-06
-200
-200
4.57951e-05
9.09683e-09
-200
3.77373e-05
-2.16894e-06
-200
3.46065e-05
1.19308e-06
-200
3.32545e-05
3.09531e-06
-200
3.31219e-05
4.71204e-08
-200
3.61327e-05
-4.72533e-07
-200
3.9479e-05
-4.8818e-07
-200
4.54498e-05
-9.90878e-08
-200
4.98361e-05
3.1312e-07
-200
5.27418e-05
7.30894e-07
-200
5.49854e-05
6.82942e-07
-200
5.52403e-05
6.9874e-07
-200
5.55094e-05
1.29634e-06
-200
1.87088e-05
1.05665e-06
-200
1.04869e-05
7.26822e-07
-200
7.91038e-06
1.70129e-06
8.577e-06
7.27405e-07
-200
-200
4.82889e-05
-4.62508e-07
-200
4.2703e-05
1.92885e-07
-200
3.63016e-05
1.19179e-06
-200
3.9895e-05
2.11685e-06
-200
4.5729e-05
7.26423e-07
-200
4.39953e-05
-1.22537e-06
-200
4.1263e-05
-1.20122e-06
-200
4.16297e-05
-7.22523e-07
-200
4.46828e-05
-4.64401e-07
-200
4.4763e-05
-2.18644e-07
-200
4.47883e-05
4.76829e-07
-200
4.93907e-05
1.96419e-06
-200
5.57795e-05
1.18855e-06
-200
2.06688e-05
2.04635e-06
-200
1.46317e-05
7.92575e-07
-200
1.28461e-05
-7.65163e-07
1.19763e-05
1.36572e-06
-200
-200
4.84015e-05
4.92769e-07
-200
4.5109e-05
6.17335e-07
-200
4.22899e-05
2.25234e-06
-200
4.3629e-05
2.07662e-06
-200
4.63247e-05
4.95728e-07
-200
4.64554e-05
3.57005e-07
-200
4.55446e-05
1.56849e-07
-200
4.28556e-05
-1.22277e-06
-200
4.12914e-05
-2.74705e-06
-200
4.45727e-05
-1.36226e-06
-200
4.93926e-05
-9.2863e-08
-200
5.35365e-05
3.42912e-07
-200
5.80539e-05
8.09998e-07
-200
2.4744e-05
-5.04403e-07
-200
1.80519e-05
-3.22875e-07
-200
1.63405e-05
5.05197e-07
1.55011e-05
-1.81136e-06
-200
-200
4.72654e-05
-2.37113e-07
-200
4.48925e-05
9.17083e-08
-200
4.38386e-05
5.45988e-07
-200
4.44686e-05
8.61727e-07
-200
4.60097e-05
4.31135e-07
-200
4.72858e-05
-3.18464e-07
-200
4.76586e-05
1.85566e-07
-200
4.75811e-05
2.77317e-07
-200
4.81302e-05
-8.15948e-08
-200
5.02489e-05
-3.3565e-07
-200
5.31773e-05
5.01336e-09
-200
5.65234e-05
-2.71031e-07
-200
6.0583e-05
-1.74315e-06
-200
2.68321e-05
8.77015e-08
-200
2.09442e-05
-6.64596e-07
-200
1.91753e-05
-2.38839e-06
1.68913e-05
-9.37559e-07
-200
-200
4.51959e-05
9.75e-08
-200
4.37955e-05
-5.01393e-07
-200
4.36322e-05
4.62084e-07
-200
4.49865e-05
2.88959e-07
-200
4.66082e-05
-2.59242e-08
-200
4.78459e-05
8.68559e-07
-200
4.90125e-05
9.06054e-07
-200
5.01254e-05
7.09274e-07
-200
5.13086e-05
3.32866e-07
-200
5.29589e-05
1.90252e-07
-200
5.52168e-05
-1.70924e-07
-200
5.78313e-05
-7.0111e-07
-200
6.07875e-05
-4.6275e-07
-200
2.88874e-05
-1.33316e-06
-200
2.24943e-05
-1.72298e-06
-200
2.03357e-05
-5.51999e-07
1.87285e-05
-3.27563e-06
-200
-200
4.25903e-05
-5.85254e-07
-200
4.10224e-05
-1.74754e-07
-200
4.25843e-05
-3.773e-07
-200
4.54659e-05
5.6285e-08
-200
4.69751e-05
6.02558e-07
-200
4.83464e-05
4.24208e-07
-200
4.96382e-05
6.4918e-07
-200
5.08748e-05
6.03097e-07
-200
5.21022e-05
3.19524e-07
-200
5.36354e-05
-1.2182e-07
-200
5.53609e-05
-2.63894e-07
-200
5.75199e-05
-6.56841e-07
-200
6.02807e-05
-1.75708e-06
-200
2.91684e-05
-9.11515e-07
-200
2.32184e-05
-7.46152e-07
-200
2.14417e-05
-2.73643e-06
1.94073e-05
-1.40529e-06
-200
-200
3.87493e-05
5.87311e-08
-200
3.47374e-05
6.82308e-08
-200
4.01625e-05
5.19781e-07
-200
4.77573e-05
-2.39475e-07
-200
4.70704e-05
-4.0805e-08
-200
4.75933e-05
8.69679e-07
-200
4.88224e-05
6.5803e-07
-200
5.00488e-05
2.16437e-07
-200
5.12801e-05
-2.32318e-07
-200
5.24839e-05
-1.78514e-07
-200
5.39757e-05
-5.93143e-07
-200
5.57022e-05
-9.0097e-07
-200
5.76606e-05
-7.50466e-07
-200
2.85967e-05
-8.12265e-07
-200
2.26272e-05
-1.81702e-06
-200
2.10862e-05
-6.47188e-07
2.21675e-05
-3.29639e-06
-200
-200
3.64527e-05
4.01317e-08
-200
3.52648e-05
2.71115e-06
-200
3.87343e-05
1.8695e-07
-200
4.33831e-05
-1.89382e-06
-200
4.48794e-05
1.74173e-07
-200
4.61497e-05
1.25803e-07
-200
4.73656e-05
4.81354e-08
-200
4.84632e-05
-2.18628e-07
-200
4.9563e-05
-2.89288e-07
-200
5.07564e-05
-5.83086e-07
-200
5.19576e-05
-3.82866e-07
-200
5.34328e-05
-5.08505e-07
-200
5.53091e-05
-9.83139e-07
-200
2.80278e-05
-7.75887e-07
-200
2.2504e-05
-4.9498e-07
-200
2.09884e-05
-2.28178e-06
1.93148e-05
-2.13732e-06
-200
-200
3.37101e-05
9.8672e-08
-200
3.4045e-05
5.48774e-07
-200
3.64048e-05
6.5114e-07
-200
3.96843e-05
-3.19685e-07
-200
4.18312e-05
-2.92366e-07
-200
4.32864e-05
2.59973e-08
-200
4.46136e-05
-4.71943e-07
-200
4.57865e-05
-9.34537e-07
-200
4.68785e-05
-1.10708e-06
-200
4.78321e-05
-9.06916e-07
-200
4.8943e-05
-8.32091e-07
-200
5.01559e-05
-8.65906e-07
-200
5.16909e-05
-7.03819e-07
-200
2.69848e-05
-9.1136e-07
-200
2.14846e-05
-1.58081e-06
-200
1.93771e-05
1.86835e-07
1.7642e-05
-2.14796e-06
-200
-200
2.99953e-05
-1.58235e-07
-200
3.10596e-05
4.53468e-07
-200
3.37305e-05
-7.52381e-08
-200
3.61463e-05
-1.10088e-08
-200
3.80782e-05
-1.42753e-07
-200
3.97332e-05
-9.3975e-07
-200
4.09982e-05
-1.32278e-06
-200
4.19876e-05
-1.43181e-06
-200
4.28655e-05
-1.33643e-06
-200
4.3714e-05
-1.19666e-06
-200
4.45685e-05
-7.80894e-07
-200
4.56369e-05
-5.26398e-07
-200
4.72475e-05
-9.78025e-07
-200
2.49655e-05
-1.03405e-06
-200
2.03091e-05
-6.87532e-07
-200
1.86162e-05
-1.61231e-06
1.59194e-05
-2.20208e-08
-200
-200
2.4505e-05
3.30129e-07
-200
2.68242e-05
3.44354e-07
-200
3.05546e-05
3.86555e-07
-200
3.27463e-05
-3.77468e-07
-200
3.4169e-05
-1.06639e-06
-200
3.53309e-05
-1.26169e-06
-200
3.63594e-05
-1.69511e-06
-200
3.72221e-05
-1.83891e-06
-200
3.78899e-05
-1.7383e-06
-200
3.85121e-05
-1.1635e-06
-200
3.92388e-05
-8.59468e-07
-200
4.0243e-05
-5.67183e-07
-200
4.15395e-05
-3.90262e-07
-200
2.24575e-05
-8.45145e-07
-200
1.85908e-05
-1.27541e-06
-200
1.72988e-05
5.62257e-07
1.54924e-05
-1.11842e-06
-200
-200
1.57944e-05
7.18647e-07
-200
2.16708e-05
7.66174e-07
-200
2.9661e-05
-6.49514e-07
-200
2.89309e-05
-9.71823e-07
-200
2.93696e-05
-1.30461e-06
-200
3.02126e-05
-1.99935e-06
-200
3.0854e-05
-2.12638e-06
-200
3.13875e-05
-2.01853e-06
-200
3.17384e-05
-1.54383e-06
-200
3.21668e-05
-1.17481e-06
-200
3.27444e-05
-5.27918e-07
-200
3.36332e-05
-7.17026e-08
-200
3.49922e-05
-4.29184e-07
-200
1.8777e-05
-7.95726e-07
-200
1.62984e-05
-2.83334e-07
-200
1.79717e-05
-1.67246e-06
1.61842e-05
-4.65902e-07
-200
-200
1.43227e-05
3.33554e-06
-200
1.73208e-05
9.08913e-07
-200
2.22112e-05
-2.26931e-06
-200
2.36015e-05
-1.73851e-06
-200
2.41723e-05
-1.9063e-06
-200
2.47125e-05
-2.06155e-06
-200
2.51729e-05
-2.12634e-06
-200
2.54826e-05
-1.88358e-06
-200
2.57848e-05
-1.52363e-06
-200
2.59259e-05
-8.89542e-07
-200
2.67067e-05
-3.41146e-07
-200
2.75262e-05
6.64128e-08
-200
2.86451e-05
4.6621e-07
-200
1.55788e-05
-2.484e-07
-200
1.35246e-05
-1.13825e-06
-200
1.32978e-05
-1.54382e-06
1.20768e-05
-2.74858e-06
-200
-200
1.11419e-05
1.43785e-06
-200
1.3154e-05
5.8923e-07
-200
1.59088e-05
-1.32715e-06
-200
1.74911e-05
-1.67328e-06
-200
1.80413e-05
-2.01267e-06
-200
1.85394e-05
-2.34897e-06
-200
1.87964e-05
-2.26954e-06
-200
1.89168e-05
-1.7863e-06
-200
1.88949e-05
-1.32328e-06
-200
1.9413e-05
-1.11027e-06
-200
1.99365e-05
-4.34219e-07
-200
2.09196e-05
1.39215e-07
-200
2.16858e-05
-4.62771e-08
-200
1.15594e-05
-5.0324e-07
-200
9.71031e-06
-3.58921e-07
-200
8.81784e-06
-1.61293e-06
8.16423e-06
-1.06071e-06
-200
-200
7.58914e-06
3.419e-07
-200
8.84352e-06
4.61325e-08
-200
1.00319e-05
-9.1638e-07
-200
1.12598e-05
-1.46691e-06
-200
1.16288e-05
-2.2707e-06
-200
1.19163e-05
-2.32284e-06
-200
1.19299e-05
-2.1676e-06
-200
1.20828e-05
-1.85338e-06
-200
1.17997e-05
-1.53356e-06
-200
1.26548e-05
-1.09614e-06
-200
1.28232e-05
-7.18019e-07
-200
1.39342e-05
-1.81929e-07
-200
1.39567e-05
-1.85404e-07
-200
7.23517e-06
-5.16619e-07
-200
5.32669e-06
-9.44995e-07
-200
4.39715e-06
-5.80984e-07
4.92515e-06
-9.65332e-07
-200
-200
3.81832e-06
2.13964e-07
-200
3.87158e-06
-5.0145e-07
-200
4.52476e-06
-6.37938e-07
-200
4.94318e-06
-1.79006e-06
-200
4.86571e-06
-1.5807e-06
-200
4.90315e-06
-2.24789e-06
-200
4.95594e-06
-2.00498e-06
-200
4.87464e-06
-1.79137e-06
-200
4.77271e-06
-1.3596e-06
-200
5.07499e-06
-1.02855e-06
-200
5.36974e-06
-5.92073e-07
-200
5.80489e-06
-2.57733e-07
-200
5.63274e-06
-2.07978e-07
-200
2.18795e-06
-6.11388e-07
-200
6.00614e-07
-4.76197e-07
-200
1.08368e-06
-7.52757e-07
1.78916e-06
-7.20978e-07
-200
-200
-7.9785e-07
-200
-8.11526e-07
-200
-1.42015e-06
-200
-1.91087e-06
-200
-2.47444e-06
-200
-2.75776e-06
-200
-2.50827e-06
-200
-2.34574e-06
-200
-2.01297e-06
-200
-1.69183e-06
-200
-1.15206e-06
-200
-8.36182e-07
-200
-7.96647e-07
-200
-1.00966e-06
-200
-1.20146e-06
-200
-1.05431e-06
-1.07489e-06
-200
-200
4.79676e-05
9.52582e-07
-200
5.00067e-05
1.06284e-06
-200
5.03307e-05
1.70534e-06
-200
5.04464e-05
1.74959e-06
-200
5.08885e-05
1.68542e-06
-200
5.19327e-05
1.28459e-06
-200
5.28693e-05
6.73323e-07
-200
5.39204e-05
-3.97567e-07
-200
5.50807e-05
-3.90554e-07
-200
5.66237e-05
-7.63578e-07
-200
5.84415e-05
-2.7746e-07
-200
6.08109e-05
5.55641e-07
-200
6.31275e-05
1.88983e-06
-200
3.49824e-05
2.15508e-06
-200
2.80842e-05
2.83141e-06
2.59018e-05
2.90803e-06
-200
-200
4.7274e-05
8.13645e-07
-200
4.81829e-05
9.43938e-07
-200
4.87674e-05
9.42418e-07
-200
4.92169e-05
1.26299e-06
-200
5.01937e-05
1.12352e-06
-200
5.10396e-05
7.54962e-07
-200
5.21241e-05
2.69958e-07
-200
5.31444e-05
-1.9674e-07
-200
5.46364e-05
-7.09305e-07
-200
5.64835e-05
-5.39946e-07
-200
5.8861e-05
-5.8403e-08
-200
6.25911e-05
5.17352e-07
-200
6.59418e-05
1.26896e-06
-200
3.68396e-05
2.80762e-06
-200
3.02413e-05
2.6083e-06
2.88041e-05
3.48393e-06
-200
-200
4.54547e-05
7.01098e-07
-200
4.61202e-05
7.7219e-07
-200
4.70893e-05
1.33912e-06
-200
4.78896e-05
8.72586e-07
-200
4.90077e-05
7.14034e-07
-200
5.01315e-05
6.30035e-07
-200
5.107e-05
2.59213e-07
-200
5.21947e-05
-4.34722e-07
-200
5.37066e-05
-2.79448e-07
-200
5.61386e-05
-2.05461e-07
-200
5.93361e-05
-5.85584e-08
-200
6.36452e-05
6.00289e-07
-200
6.81942e-05
1.62188e-06
-200
3.7394e-05
1.44607e-06
-200
3.15154e-05
2.79527e-06
3.05857e-05
2.27769e-06
-200
-200
4.37112e-05
1.12224e-06
-200
4.43897e-05
1.16962e-06
-200
4.54152e-05
9.08981e-07
-200
4.65701e-05
1.1116e-06
-200
4.7803e-05
7.05194e-07
-200
4.84992e-05
1.0357e-07
-200
4.95031e-05
-2.03592e-07
-200
5.08573e-05
-9.50156e-08
-200
5.30377e-05
-1.81089e-07
-200
5.58634e-05
1.96743e-07
-200
5.98591e-05
5.38173e-07
-200
6.48234e-05
9.36529e-07
-200
7.00625e-05
9.00963e-07
-200
3.81243e-05
2.47887e-06
-200
3.25553e-05
2.11556e-06
3.08686e-05
2.90673e-06
-200
-200
4.163e-05
1.08353e-06
-200
4.236e-05
1.02615e-06
-200
4.37101e-05
1.29612e-06
-200
4.48182e-05
6.59845e-07
-200
4.53592e-05
3.15135e-07
-200
4.59772e-05
-2.02499e-08
-200
4.70715e-05
-2.31658e-08
-200
4.90952e-05
-1.94371e-07
-200
5.17961e-05
4.76986e-07
-200
5.56858e-05
5.63652e-07
-200
6.03277e-05
5.5026e-07
-200
6.58391e-05
7.24385e-07
-200
7.16069e-05
1.48959e-06
-200
3.87889e-05
1.19285e-06
-200
3.27434e-05
2.1001e-06
3.06244e-05
1.75776e-06
-200
-200
3.96904e-05
1.36261e-06
-200
4.07011e-05
1.52037e-06
-200
4.19972e-05
7.73582e-07
-200
4.23669e-05
5.70476e-07
-200
4.16149e-05
-8.21898e-08
-200
4.1798e-05
-3.04901e-07
-200
4.39876e-05
-1.47836e-07
-200
4.73095e-05
3.70058e-07
-200
5.11779e-05
4.58244e-07
-200
5.57194e-05
9.05545e-07
-200
6.09586e-05
1.00281e-06
-200
6.68108e-05
6.7752e-07
-200
7.28825e-05
6.35011e-07
-200
3.94508e-05
1.60787e-06
-200
3.28259e-05
1.46319e-06
3.0152e-05
1.4752e-06
-200
-200
3.74847e-05
1.75339e-06
-200
3.82107e-05
1.8768e-06
-200
4.08724e-05
1.25394e-06
-200
3.61388e-05
1.12721e-07
-200
3.20536e-05
-3.50452e-08
-200
3.76074e-05
2.55507e-07
-200
4.20366e-05
5.27676e-07
-200
4.59124e-05
4.86513e-07
-200
5.03793e-05
1.17965e-06
-200
5.56353e-05
1.22502e-06
-200
6.11234e-05
7.95577e-07
-200
6.67621e-05
8.80151e-07
-200
7.2663e-05
1.17921e-06
-200
3.83813e-05
1.18422e-06
-200
3.16301e-05
1.39776e-06
2.87863e-05
1.70399e-06
-200
-200
3.66611e-05
1.30277e-06
-200
3.40769e-05
1.3464e-06
-200
2.84607e-05
-7.91003e-07
-200
2.80746e-05
1.37276e-06
-200
3.04948e-05
1.99561e-06
-200
3.24688e-05
-7.33262e-07
-200
3.90433e-05
-7.10673e-07
-200
4.44027e-05
2.34071e-07
-200
4.99583e-05
5.45173e-07
-200
5.50851e-05
9.7435e-07
-200
6.02445e-05
9.05336e-07
-200
6.50871e-05
6.75777e-07
-200
6.98149e-05
9.80298e-08
-200
3.46358e-05
1.29325e-06
-200
2.72432e-05
1.66915e-06
-200
2.4445e-05
8.01138e-07
1.94933e-05
-2.36558e-05
-200
1.56219e-06
-200
4.57353e-05
6.28049e-07
-200
4.24064e-05
1.79446e-06
-200
3.83549e-05
5.65627e-06
-200
3.38712e-05
5.91994e-06
-200
3.45465e-05
-1.69711e-07
-200
3.68048e-05
-3.29206e-06
-200
3.91141e-05
-1.68655e-06
-200
4.49692e-05
-6.51531e-07
-200
5.01637e-05
8.08177e-07
-200
5.50337e-05
1.07502e-06
-200
5.93265e-05
1.14019e-06
-200
6.31582e-05
1.18816e-06
-200
6.5532e-05
2.08379e-06
-200
2.79122e-05
2.81301e-06
-200
1.96307e-05
3.65509e-06
-200
1.71627e-05
3.43329e-06
1.17877e-05
-200
1.79251e-06
-200
4.86785e-05
-7.88096e-07
-200
4.49034e-05
3.31616e-06
-200
3.88927e-05
6.39196e-06
-200
4.18899e-05
7.07739e-06
-200
4.78842e-05
1.13466e-06
-200
4.61813e-05
-4.44216e-06
-200
4.38468e-05
-4.55958e-06
-200
4.30922e-05
-3.04656e-06
-200
4.52334e-05
-1.17776e-06
-200
4.77258e-05
-3.35081e-07
-200
5.03562e-05
-5.94019e-08
-200
5.4106e-05
3.80552e-07
-200
6.02851e-05
1.75509e-06
-200
2.68981e-05
5.5574e-06
-200
2.04166e-05
5.09427e-06
-200
1.802e-05
5.33912e-06
1.57479e-05
3.65361e-06
-200
-200
4.8123e-05
-7.24891e-07
-200
4.49186e-05
1.93859e-06
-200
4.23502e-05
7.12125e-06
-200
4.31084e-05
6.63701e-06
-200
4.62206e-05
-5.37898e-07
-200
4.79478e-05
-3.59541e-06
-200
4.81597e-05
-2.05464e-06
-200
4.87477e-05
-1.20695e-06
-200
5.0274e-05
-2.81146e-08
-200
5.30138e-05
3.50664e-07
-200
5.59326e-05
5.62663e-07
-200
5.95251e-05
8.05571e-07
-200
6.39615e-05
1.61132e-06
-200
2.92586e-05
1.12835e-06
-200
2.21435e-05
2.77754e-06
-200
2.12414e-05
2.03535e-06
1.78212e-05
3.13665e-07
-200
-200
4.73316e-05
-8.56636e-07
-200
4.47632e-05
7.68717e-07
-200
4.32234e-05
4.5439e-06
-200
4.42845e-05
3.03785e-06
-200
4.7354e-05
-1.72961e-06
-200
4.95019e-05
-1.84987e-06
-200
5.13871e-05
-1.03993e-06
-200
5.31912e-05
5.9271e-08
-200
5.53263e-05
3.48162e-08
-200
5.73014e-05
3.24714e-07
-200
5.96492e-05
3.9659e-07
-200
6.24288e-05
1.58505e-07
-200
6.55254e-05
-7.24533e-07
-200
3.13075e-05
5.99367e-07
-200
2.40888e-05
-2.56917e-07
-200
2.15408e-05
-3.5245e-08
1.95463e-05
-1.1357e-06
-200
-200
4.59656e-05
-3.29376e-07
-200
4.3791e-05
1.23334e-08
-200
4.35913e-05
1.87066e-06
-200
4.51073e-05
1.32609e-06
-200
4.78341e-05
-1.5763e-07
-200
5.08056e-05
-4.35326e-08
-200
5.35728e-05
3.84861e-07
-200
5.60615e-05
4.32967e-07
-200
5.79043e-05
7.75326e-07
-200
5.95999e-05
4.67961e-07
-200
6.1276e-05
2.38372e-07
-200
6.33326e-05
-2.46972e-07
-200
6.57811e-05
-3.2292e-07
-200
3.21028e-05
-1.29767e-06
-200
2.53663e-05
-1.27552e-06
-200
2.28836e-05
-1.71178e-06
1.97555e-05
-2.84429e-06
-200
-200
4.35719e-05
-7.25762e-07
-200
4.19233e-05
-4.02506e-07
-200
4.29188e-05
-5.17247e-09
-200
4.56643e-05
3.95741e-07
-200
4.87476e-05
7.1459e-08
-200
5.17098e-05
1.55738e-07
-200
5.47131e-05
2.63364e-07
-200
5.71567e-05
5.39438e-07
-200
5.88804e-05
4.46599e-08
-200
6.00014e-05
3.97457e-09
-200
6.1183e-05
-1.84529e-07
-200
6.26687e-05
-6.503e-07
-200
6.43589e-05
-1.82274e-06
-200
3.25471e-05
-1.52737e-06
-200
2.58359e-05
-1.78572e-06
-200
2.26051e-05
-2.16021e-06
1.99602e-05
-2.11845e-06
-200
-200
4.0319e-05
-3.59015e-07
-200
3.8116e-05
-3.50919e-07
-200
4.1063e-05
3.28128e-07
-200
4.61933e-05
1.9894e-07
-200
4.9008e-05
3.96824e-07
-200
5.18523e-05
6.01188e-07
-200
5.45227e-05
4.76527e-07
-200
5.65264e-05
-1.22021e-10
-200
5.76687e-05
-9.96031e-09
-200
5.85811e-05
-2.34194e-07
-200
5.93303e-05
-5.77359e-07
-200
6.03285e-05
-9.7327e-07
-200
6.1537e-05
-1.09704e-06
-200
3.14364e-05
-1.48636e-06
-200
2.57446e-05
-2.18035e-06
-200
2.28992e-05
-2.32135e-06
1.98905e-05
-2.90827e-06
-200
-200
3.66505e-05
-5.04272e-07
-200
3.24067e-05
-4.57855e-08
-200
3.86584e-05
-3.67423e-07
-200
4.75668e-05
-4.76558e-08
-200
4.85897e-05
1.61874e-07
-200
5.06633e-05
-5.1101e-08
-200
5.28886e-05
-4.08017e-07
-200
5.43258e-05
-5.47724e-07
-200
5.52702e-05
-9.1608e-07
-200
5.57114e-05
-9.41643e-07
-200
5.61578e-05
-8.55818e-07
-200
5.68027e-05
-1.13146e-06
-200
5.76845e-05
-1.87559e-06
-200
3.02635e-05
-2.07718e-06
-200
2.42236e-05
-1.56114e-06
-200
2.0977e-05
-1.93909e-06
2.08822e-05
-1.55533e-06
-200
-200
3.4231e-05
-2.23576e-07
-200
3.33569e-05
1.44267e-07
-200
3.71298e-05
4.63575e-07
-200
4.23306e-05
3.12002e-08
-200
4.54346e-05
-5.1302e-08
-200
4.82271e-05
-3.20367e-07
-200
5.00732e-05
-7.41316e-07
-200
5.11939e-05
-1.25409e-06
-200
5.17304e-05
-1.14671e-06
-200
5.21195e-05
-1.15649e-06
-200
5.24274e-05
-1.1011e-06
-200
5.29298e-05
-1.21302e-06
-200
5.40175e-05
-1.2922e-06
-200
2.885e-05
-1.59303e-06
-200
2.28097e-05
-1.79858e-06
-200
2.02962e-05
-1.27525e-06
1.72737e-05
-2.07848e-06
-200
-200
3.07917e-05
-2.00008e-07
-200
3.13166e-05
2.38959e-07
-200
3.45719e-05
-1.18083e-07
-200
3.86124e-05
-1.50303e-07
-200
4.19957e-05
-6.9754e-07
-200
4.44089e-05
-1.28778e-06
-200
4.58618e-05
-1.77205e-06
-200
4.66527e-05
-1.80856e-06
-200
4.71185e-05
-1.93447e-06
-200
4.72943e-05
-1.60707e-06
-200
4.75435e-05
-1.20248e-06
-200
4.80447e-05
-1.04581e-06
-200
4.91706e-05
-1.5331e-06
-200
2.67095e-05
-1.72109e-06
-200
2.11518e-05
-1.66943e-06
-200
1.83025e-05
-1.45045e-06
1.56657e-05
-9.294e-07
-200
-200
2.61331e-05
2.34761e-07
-200
2.75446e-05
5.49055e-07
-200
3.13664e-05
3.77398e-07
-200
3.47516e-05
-4.81972e-07
-200
3.74584e-05
-1.12973e-06
-200
3.93924e-05
-1.71774e-06
-200
4.03919e-05
-2.11246e-06
-200
4.09281e-05
-2.3666e-06
-200
4.11129e-05
-2.03378e-06
-200
4.1327e-05
-1.60596e-06
-200
4.16111e-05
-1.2289e-06
-200
4.21385e-05
-9.01515e-07
-200
4.32013e-05
-7.4817e-07
-200
2.37003e-05
-1.25235e-06
-200
1.91344e-05
-1.77502e-06
-200
1.74898e-05
-7.08179e-07
1.44622e-05
-1.40477e-06
-200
-200
1.98853e-05
3.68444e-07
-200
2.30882e-05
5.84457e-07
-200
2.80386e-05
-4.63534e-07
-200
3.07708e-05
-1.12811e-06
-200
3.22913e-05
-1.93694e-06
-200
3.35097e-05
-2.58759e-06
-200
3.40799e-05
-2.89174e-06
-200
3.43849e-05
-2.75679e-06
-200
3.45567e-05
-2.48467e-06
-200
3.46882e-05
-1.88501e-06
-200
3.50051e-05
-1.13538e-06
-200
3.5637e-05
-6.39942e-07
-200
3.66042e-05
-8.12524e-07
-200
2.00639e-05
-1.19685e-06
-200
1.6883e-05
-1.1397e-06
-200
1.59501e-05
-1.41726e-06
1.40023e-05
-1.1079e-06
-200
-200
1.20078e-05
1.65017e-06
-200
1.78403e-05
8.54817e-07
-200
2.57981e-05
-9.08561e-07
-200
2.55791e-05
-1.92507e-06
-200
2.60832e-05
-2.2928e-06
-200
2.67317e-05
-2.85773e-06
-200
2.70384e-05
-3.01824e-06
-200
2.71853e-05
-2.89506e-06
-200
2.72157e-05
-2.35542e-06
-200
2.73403e-05
-1.70312e-06
-200
2.78659e-05
-1.09186e-06
-200
2.84687e-05
-4.7354e-07
-200
2.94017e-05
-1.20533e-07
-200
1.58362e-05
-7.70515e-07
-200
1.35193e-05
-1.53742e-06
-200
1.51094e-05
-1.48483e-06
1.38269e-05
-2.01343e-06
-200
-200
1.07747e-05
3.2009e-06
-200
1.34243e-05
7.64713e-07
-200
1.83437e-05
-3.25054e-06
-200
1.89351e-05
-2.30038e-06
-200
1.97921e-05
-2.94411e-06
-200
1.98294e-05
-3.18022e-06
-200
2.01684e-05
-3.27424e-06
-200
2.01928e-05
-2.7509e-06
-200
2.0395e-05
-2.32599e-06
-200
2.03769e-05
-1.75016e-06
-200
2.11929e-05
-8.63506e-07
-200
2.18264e-05
-1.32484e-07
-200
2.25827e-05
-1.65255e-07
-200
1.19234e-05
-6.16189e-07
-200
9.95585e-06
-1.10488e-06
-200
9.65363e-06
-2.97304e-06
9.23412e-06
-2.81918e-06
-200
-200
7.94218e-06
9.0337e-07
-200
9.1492e-06
3.28511e-08
-200
1.13942e-05
-1.53304e-06
-200
1.21484e-05
-2.14369e-06
-200
1.26177e-05
-3.10664e-06
-200
1.2737e-05
-3.37427e-06
-200
1.28648e-05
-3.24553e-06
-200
1.30127e-05
-2.96823e-06
-200
1.28597e-05
-2.20592e-06
-200
1.31789e-05
-1.84067e-06
-200
1.38577e-05
-1.03949e-06
-200
1.45348e-05
-4.26858e-07
-200
1.46573e-05
-3.81489e-07
-200
7.27893e-06
-9.08942e-07
-200
5.43165e-06
-1.41409e-06
-200
5.0018e-06
-1.48157e-06
5.3816e-06
-1.7178e-06
-200
-200
4.02408e-06
2.32852e-07
-200
4.2267e-06
-4.68222e-07
-200
5.02806e-06
-8.73253e-07
-200
5.4695e-06
-2.51349e-06
-200
5.45938e-06
-2.57518e-06
-200
5.50999e-06
-3.33556e-06
-200
5.46879e-06
-3.20252e-06
-200
5.43546e-06
-2.58648e-06
-200
5.2856e-06
-2.13386e-06
-200
5.58182e-06
-1.75827e-06
-200
5.84899e-06
-8.25224e-07
-200
6.17777e-06
-4.0442e-07
-200
5.77493e-06
-3.61376e-07
-200
2.10849e-06
-1.02967e-06
-200
1.03738e-06
-1.16906e-06
-200
1.06028e-06
-1.1729e-06
2.07615e-06
-1.16758e-06
-200
-200
-1.042e-06
-200
-1.27077e-06
-200
-2.24458e-06
-200
-2.88195e-06
-200
-3.98356e-06
-200
-4.22715e-06
-200
-4.12544e-06
-200
-3.83746e-06
-200
-3.32338e-06
-200
-2.64647e-06
-200
-2.03502e-06
-200
-1.52793e-06
-200
-1.64462e-06
-200
-2.06343e-06
-200
-2.16919e-06
-200
-1.92671e-06
-1.89196e-06
-200
-200
4.78539e-05
1.39841e-06
-200
5.00826e-05
1.29071e-06
-200
5.08315e-05
1.4996e-06
-200
5.12923e-05
1.64131e-06
-200
5.19062e-05
1.80016e-06
-200
5.26301e-05
1.48187e-06
-200
5.3496e-05
1.00746e-06
-200
5.44375e-05
5.6701e-07
-200
5.56078e-05
3.59164e-07
-200
5.69935e-05
-1.3367e-07
-200
5.85678e-05
4.78142e-07
-200
6.05206e-05
1.04486e-06
-200
6.27987e-05
1.63249e-06
-200
3.43536e-05
2.68168e-06
-200
2.79117e-05
3.03313e-06
2.54808e-05
3.26946e-06
-200
-200
4.61491e-05
8.54257e-07
-200
4.86202e-05
9.02195e-07
-200
4.92711e-05
1.09129e-06
-200
5.01453e-05
1.27224e-06
-200
5.09093e-05
1.1086e-06
-200
5.17431e-05
9.35568e-07
-200
5.26645e-05
5.38248e-07
-200
5.3879e-05
3.23562e-08
-200
5.51646e-05
-2.14838e-07
-200
5.68672e-05
7.59592e-08
-200
5.95214e-05
9.7704e-08
-200
6.21107e-05
6.62356e-07
-200
6.55669e-05
1.47955e-06
-200
3.57233e-05
2.38431e-06
-200
2.97508e-05
2.72729e-06
2.8097e-05
3.00245e-06
-200
-200
4.46349e-05
8.91665e-07
-200
4.64097e-05
1.06224e-06
-200
4.75068e-05
1.29611e-06
-200
4.84635e-05
1.14956e-06
-200
4.94356e-05
1.03913e-06
-200
5.05411e-05
6.9466e-07
-200
5.16256e-05
3.44411e-07
-200
5.28111e-05
4.87913e-08
-200
5.45527e-05
6.37725e-08
-200
5.68625e-05
-6.05158e-08
-200
5.98281e-05
4.93362e-07
-200
6.34318e-05
9.48483e-07
-200
6.7766e-05
1.49544e-06
-200
3.63184e-05
2.18531e-06
-200
3.09019e-05
2.71259e-06
2.93229e-05
2.83043e-06
-200
-200
4.32256e-05
7.7588e-07
-200
4.45553e-05
9.97078e-07
-200
4.56154e-05
1.0319e-06
-200
4.68148e-05
1.03932e-06
-200
4.78671e-05
5.63826e-07
-200
4.88022e-05
2.632e-07
-200
5.00088e-05
2.25196e-10
-200
5.17014e-05
-1.71142e-07
-200
5.38404e-05
-1.10212e-07
-200
5.66924e-05
3.91058e-07
-200
6.05362e-05
3.52381e-07
-200
6.48904e-05
7.59015e-07
-200
6.94702e-05
1.33824e-06
-200
3.75016e-05
2.02613e-06
-200
3.16177e-05
2.40564e-06
3.05474e-05
2.31881e-06
-200
-200
4.13649e-05
1.2173e-06
-200
4.23792e-05
1.33706e-06
-200
4.36663e-05
1.3148e-06
-200
4.45592e-05
9.62889e-07
-200
4.52374e-05
6.97535e-07
-200
4.61874e-05
1.61426e-07
-200
4.77057e-05
5.79544e-08
-200
4.97864e-05
1.99742e-07
-200
5.27406e-05
5.7262e-07
-200
5.63691e-05
5.46499e-07
-200
6.065e-05
9.76369e-07
-200
6.56852e-05
1.09545e-06
-200
7.11102e-05
1.3121e-06
-200
3.78534e-05
1.73688e-06
-200
3.18581e-05
2.12191e-06
3.01978e-05
2.13419e-06
-200
-200
3.9696e-05
1.25147e-06
-200
4.05999e-05
1.37482e-06
-200
4.16109e-05
1.18308e-06
-200
4.19333e-05
8.75852e-07
-200
4.16723e-05
1.57661e-07
-200
4.23267e-05
-1.36881e-08
-200
4.45705e-05
-2.62447e-09
-200
4.77932e-05
1.8129e-07
-200
5.14949e-05
5.42555e-07
-200
5.58614e-05
1.05864e-06
-200
6.09999e-05
8.02206e-07
-200
6.62865e-05
7.84045e-07
-200
7.19812e-05
1.04634e-06
-200
3.80533e-05
1.51084e-06
-200
3.15148e-05
1.91883e-06
2.89306e-05
1.78279e-06
-200
-200
3.791e-05
2.0527e-06
-200
3.86191e-05
2.17868e-06
-200
3.98867e-05
1.68784e-06
-200
3.85561e-05
1.06511e-06
-200
3.58334e-05
7.30813e-07
-200
3.67677e-05
2.39893e-07
-200
4.0798e-05
3.4026e-07
-200
4.52492e-05
8.3134e-07
-200
5.01757e-05
1.28981e-06
-200
5.52424e-05
1.28057e-06
-200
6.04136e-05
1.42278e-06
-200
6.59605e-05
1.37232e-06
-200
7.20408e-05
1.28957e-06
-200
3.69316e-05
1.86547e-06
-200
3.00841e-05
1.9262e-06
2.66552e-05
2.42082e-06
-200
-200
3.63567e-05
1.46087e-06
-200
3.64491e-05
1.57735e-06
-200
3.83456e-05
1.29931e-06
-200
3.58924e-05
1.33493e-06
-200
2.71232e-05
6.66415e-07
-200
2.80006e-05
-9.89214e-08
-200
3.68034e-05
-2.40869e-07
-200
4.32937e-05
2.03622e-07
-200
4.91016e-05
7.48235e-07
-200
5.45342e-05
1.25798e-06
-200
5.97683e-05
8.98074e-07
-200
6.50613e-05
7.46459e-07
-200
7.03045e-05
9.48333e-07
-200
3.53204e-05
1.04978e-06
-200
2.77104e-05
1.68013e-06
2.38232e-05
1.89744e-06
-200
-200
4.5039e-05
8.19841e-07
-200
4.63003e-05
1.60033e-06
-200
4.1797e-05
2.74896e-06
-200
3.65889e-05
2.99069e-06
-200
3.73346e-05
1.69208e-06
-200
3.56644e-05
-3.44271e-07
-200
3.53824e-05
-9.8382e-07
-200
4.08381e-05
-1.79521e-07
-200
4.75126e-05
7.81665e-07
-200
5.24193e-05
8.69686e-07
-200
5.65972e-05
1.2191e-06
-200
6.11644e-05
1.05898e-06
-200
6.59031e-05
9.8156e-07
-200
3.01367e-05
1.72066e-06
-200
2.2799e-05
2.10143e-06
1.92065e-05
1.92638e-06
-200
-200
4.87251e-05
-1.18245e-06
-200
4.36395e-05
-5.85064e-07
-200
4.0034e-05
3.096e-06
-200
4.1916e-05
5.63564e-06
-200
4.55712e-05
4.18832e-06
-200
4.74592e-05
-4.40967e-07
-200
4.75642e-05
-4.11273e-06
-200
4.64422e-05
-1.75468e-06
-200
4.61957e-05
-3.39407e-07
-200
4.82693e-05
4.7753e-07
-200
5.1199e-05
2.47935e-07
-200
5.44492e-05
4.14248e-07
-200
5.84499e-05
1.10853e-06
-200
2.36041e-05
1.78595e-06
-200
1.58877e-05
2.44046e-06
-200
1.35007e-05
3.07954e-06
1.1619e-05
-1.25214e-05
-200
2.99012e-06
-200
4.82868e-05
-3.865e-06
-200
4.33064e-05
2.28088e-06
-200
3.95993e-05
5.74115e-06
-200
3.7899e-05
4.9573e-06
-200
4.49912e-05
4.48321e-06
-200
5.17813e-05
-8.24445e-07
-200
5.09565e-05
-4.27093e-06
-200
5.05612e-05
-1.56235e-06
-200
5.14298e-05
-2.9926e-07
-200
5.32161e-05
-1.66097e-07
-200
5.56316e-05
1.67176e-07
-200
5.85901e-05
1.69879e-07
-200
6.24252e-05
3.31214e-07
-200
2.72001e-05
1.07802e-06
-200
2.03535e-05
2.96512e-06
-200
1.73193e-05
3.9731e-06
1.41588e-05
3.40496e-06
-200
-200
4.6645e-05
-2.08535e-06
-200
4.23211e-05
7.06724e-07
-200
3.6859e-05
3.84348e-06
-200
4.07076e-05
5.52639e-06
-200
4.91713e-05
1.5638e-06
-200
5.14309e-05
-2.70504e-06
-200
5.26209e-05
-2.04843e-06
-200
5.37135e-05
-7.4626e-07
-200
5.49391e-05
1.51766e-08
-200
5.65784e-05
4.88017e-07
-200
5.87431e-05
2.198e-07
-200
6.12245e-05
9.98504e-08
-200
6.40293e-05
1.89156e-07
-200
3.01814e-05
4.10494e-07
-200
2.29744e-05
8.78576e-07
-200
2.04862e-05
1.17383e-06
1.75766e-05
-1.6457e-07
-200
-200
4.49461e-05
-5.9023e-07
-200
4.16857e-05
8.90688e-07
-200
4.00257e-05
4.4063e-06
-200
4.28639e-05
2.99978e-06
-200
4.81046e-05
-7.16282e-07
-200
5.15089e-05
-8.78635e-07
-200
5.37258e-05
-3.55337e-07
-200
5.55601e-05
3.58209e-07
-200
5.7215e-05
7.40708e-07
-200
5.87978e-05
5.16928e-07
-200
6.04406e-05
6.51986e-07
-200
6.25282e-05
3.21808e-07
-200
6.52236e-05
-1.24567e-07
-200
3.21374e-05
-4.74236e-07
-200
2.53418e-05
-7.0772e-07
-200
2.24955e-05
-1.06338e-06
1.91997e-05
-9.88733e-07
-200
-200
4.25847e-05
-5.71628e-07
-200
4.0349e-05
-1.43213e-07
-200
4.08411e-05
9.30649e-07
-200
4.41591e-05
1.00609e-06
-200
4.81061e-05
-2.02606e-07
-200
5.1289e-05
-2.03444e-07
-200
5.39784e-05
-1.02137e-07
-200
5.62428e-05
3.08476e-08
-200
5.7787e-05
-6.16805e-08
-200
5.91405e-05
8.18499e-08
-200
6.0649e-05
-3.68234e-07
-200
6.23008e-05
-7.31445e-07
-200
6.42625e-05
-1.18113e-06
-200
3.28663e-05
-1.59399e-06
-200
2.62154e-05
-1.83598e-06
-200
2.3522e-05
-1.93829e-06
2.08269e-05
-2.47128e-06
-200
-200
3.95849e-05
-4.57288e-07
-200
3.70686e-05
-4.12468e-07
-200
3.97854e-05
2.12493e-07
-200
4.49905e-05
7.24224e-07
-200
4.81996e-05
5.91122e-07
-200
5.08395e-05
2.27878e-07
-200
5.33826e-05
3.12762e-08
-200
5.52831e-05
-9.18793e-08
-200
5.67832e-05
-2.13093e-07
-200
5.7987e-05
-5.89662e-07
-200
5.90033e-05
-6.44396e-07
-200
6.03343e-05
-1.05691e-06
-200
6.22401e-05
-1.62264e-06
-200
3.24751e-05
-2.17923e-06
-200
2.60804e-05
-2.52571e-06
-200
2.35914e-05
-2.83414e-06
2.11594e-05
-1.76647e-06
-200
-200
3.61551e-05
-9.13746e-07
-200
3.1557e-05
-2.63572e-06
-200
3.78268e-05
-6.05312e-07
-200
4.67028e-05
1.73423e-06
-200
4.73816e-05
3.81619e-08
-200
4.93546e-05
-3.91813e-07
-200
5.15008e-05
-7.70645e-07
-200
5.31931e-05
-1.0763e-06
-200
5.43455e-05
-1.3247e-06
-200
5.5203e-05
-1.27265e-06
-200
5.60748e-05
-1.56795e-06
-200
5.70417e-05
-1.85812e-06
-200
5.83235e-05
-2.21509e-06
-200
3.04413e-05
-2.55738e-06
-200
2.46941e-05
-2.34724e-06
-200
2.24478e-05
-2.03486e-06
2.25533e-05
-1.14173e-06
-200
-200
3.40303e-05
-4.4944e-07
-200
3.29809e-05
-3.82616e-07
-200
3.65827e-05
4.63707e-08
-200
4.14267e-05
3.14304e-07
-200
4.42764e-05
-8.85231e-08
-200
4.68277e-05
-6.35111e-07
-200
4.88014e-05
-1.02596e-06
-200
5.0145e-05
-1.27719e-06
-200
5.11726e-05
-1.39243e-06
-200
5.19075e-05
-1.57383e-06
-200
5.24692e-05
-1.44056e-06
-200
5.3241e-05
-1.57554e-06
-200
5.44945e-05
-1.86827e-06
-200
2.90431e-05
-2.2803e-06
-200
2.38256e-05
-2.37734e-06
-200
2.08844e-05
-2.23116e-06
1.83651e-05
-1.41283e-06
-200
-200
3.09878e-05
-4.92268e-07
-200
3.13121e-05
-2.1313e-07
-200
3.40312e-05
-2.92436e-07
-200
3.77155e-05
-5.05759e-07
-200
4.07222e-05
-1.12363e-06
-200
4.31307e-05
-1.54536e-06
-200
4.47853e-05
-1.93308e-06
-200
4.59954e-05
-2.17457e-06
-200
4.67161e-05
-2.23912e-06
-200
4.722e-05
-1.95316e-06
-200
4.77464e-05
-1.84971e-06
-200
4.83661e-05
-1.7775e-06
-200
4.92816e-05
-1.856e-06
-200
2.6502e-05
-2.11558e-06
-200
2.14977e-05
-2.00398e-06
-200
1.88644e-05
-1.67973e-06
1.61843e-05
-1.81992e-06
-200
-200
2.68556e-05
-8.9766e-08
-200
2.79546e-05
2.99793e-07
-200
3.07611e-05
-3.59775e-08
-200
3.38761e-05
-7.03059e-07
-200
3.63629e-05
-1.26602e-06
-200
3.84406e-05
-1.93508e-06
-200
3.97167e-05
-2.31334e-06
-200
4.05479e-05
-2.44502e-06
-200
4.11116e-05
-2.31259e-06
-200
4.15502e-05
-2.17285e-06
-200
4.18664e-05
-1.71343e-06
-200
4.24433e-05
-1.47674e-06
-200
4.34299e-05
-1.47587e-06
-200
2.3366e-05
-1.69595e-06
-200
1.91548e-05
-2.15805e-06
-200
1.71834e-05
-1.97162e-06
1.40988e-05
-1.34048e-06
-200
-200
2.1651e-05
-2.069e-07
-200
2.37406e-05
1.6154e-08
-200
2.6936e-05
-6.60502e-07
-200
2.97442e-05
-1.39665e-06
-200
3.15108e-05
-2.29244e-06
-200
3.29298e-05
-2.80664e-06
-200
3.37859e-05
-3.12952e-06
-200
3.43824e-05
-3.17085e-06
-200
3.47339e-05
-3.00934e-06
-200
3.50158e-05
-2.44952e-06
-200
3.53687e-05
-1.96614e-06
-200
3.59732e-05
-1.56254e-06
-200
3.67249e-05
-1.41969e-06
-200
1.97722e-05
-1.64094e-06
-200
1.65215e-05
-1.7895e-06
-200
1.50162e-05
-1.51465e-06
1.2943e-05
-1.82765e-06
-200
-200
1.54061e-05
3.13471e-07
-200
1.84408e-05
2.03575e-07
-200
2.34538e-05
-7.69126e-07
-200
2.50214e-05
-1.80273e-06
-200
2.5972e-05
-2.38473e-06
-200
2.66379e-05
-3.1003e-06
-200
2.71677e-05
-3.32025e-06
-200
2.74293e-05
-3.32164e-06
-200
2.77122e-05
-2.94675e-06
-200
2.78107e-05
-2.46042e-06
-200
2.83038e-05
-1.87286e-06
-200
2.87993e-05
-1.27954e-06
-200
2.96702e-05
-1.18115e-06
-200
1.58274e-05
-1.44767e-06
-200
1.35512e-05
-1.94886e-06
-200
1.32461e-05
-1.95324e-06
1.16529e-05
-1.54495e-06
-200
-200
7.61326e-06
2.44198e-07
-200
1.29988e-05
-3.65849e-07
-200
2.10356e-05
-1.67774e-06
-200
1.96905e-05
-2.20235e-06
-200
1.98049e-05
-3.23436e-06
-200
1.98022e-05
-3.54541e-06
-200
2.00749e-05
-3.80259e-06
-200
2.01916e-05
-3.64123e-06
-200
2.03717e-05
-3.28737e-06
-200
2.02469e-05
-2.65438e-06
-200
2.08806e-05
-1.85475e-06
-200
2.12975e-05
-1.38711e-06
-200
2.19147e-05
-1.27662e-06
-200
1.13439e-05
-1.61748e-06
-200
9.9052e-06
-1.94551e-06
-200
1.14127e-05
-1.90095e-06
1.1421e-05
-1.95554e-06
-200
-200
6.94319e-06
1.77879e-07
-200
9.14385e-06
-5.19474e-07
-200
1.21126e-05
-1.41283e-06
-200
1.28485e-05
-2.24563e-06
-200
1.28471e-05
-3.14609e-06
-200
1.30488e-05
-3.62073e-06
-200
1.30787e-05
-3.65468e-06
-200
1.31915e-05
-3.50715e-06
-200
1.31726e-05
-2.75575e-06
-200
1.33664e-05
-2.51559e-06
-200
1.37279e-05
-1.60229e-06
-200
1.43114e-05
-1.37005e-06
-200
1.43549e-05
-1.0941e-06
-200
7.35459e-06
-1.769e-06
-200
5.61291e-06
-1.86911e-06
-200
5.5612e-06
-1.9261e-06
6.02049e-06
-1.73149e-06
-200
-200
3.60814e-06
-5.22105e-07
-200
4.59113e-06
-7.15708e-07
-200
5.53026e-06
-1.25209e-06
-200
5.85227e-06
-2.4512e-06
-200
5.90505e-06
-3.04713e-06
-200
5.92383e-06
-3.51344e-06
-200
5.86606e-06
-3.61544e-06
-200
5.88895e-06
-3.10135e-06
-200
5.81246e-06
-2.7143e-06
-200
5.86785e-06
-2.15161e-06
-200
6.03703e-06
-1.57356e-06
-200
6.18427e-06
-9.39435e-07
-200
5.96481e-06
-1.27042e-06
-200
2.49364e-06
-1.70429e-06
-200
1.18759e-06
-1.81401e-06
-200
1.47696e-06
-1.59475e-06
2.47018e-06
-1.60543e-06
-200
-200
-1.19356e-06
-200
-1.66397e-06
-200
-2.45387e-06
-200
-3.28311e-06
-200
-4.22321e-06
-200
-4.53746e-06
-200
-4.64095e-06
-200
-4.3618e-06
-200
-3.77765e-06
-200
-3.1471e-06
-200
-2.71652e-06
-200
-2.35914e-06
-200
-2.51094e-06
-200
-2.81018e-06
-200
-2.85391e-06
-200
-2.56786e-06
-2.32585e-06
-200
-200
4.78134e-05
7.46111e-07
-200
5.02893e-05
7.82003e-07
-200
5.104e-05
9.24457e-07
-200
5.15368e-05
9.98851e-07
-200
5.21934e-05
1.07562e-06
-200
5.31143e-05
9.81111e-07
-200
5.41489e-05
8.03847e-07
-200
5.50603e-05
8.56315e-07
-200
5.61866e-05
6.40626e-07
-200
5.74041e-05
6.79792e-07
-200
5.89962e-05
7.18443e-07
-200
6.0697e-05
1.14831e-06
-200
6.27126e-05
1.14711e-06
-200
3.44681e-05
2.2627e-06
-200
2.74884e-05
2.29898e-06
2.55236e-05
2.59739e-06
-200
-200
4.65226e-05
5.32712e-07
-200
4.85113e-05
7.22097e-07
-200
4.96941e-05
8.54284e-07
-200
5.0453e-05
9.38271e-07
-200
5.12806e-05
9.07834e-07
-200
5.23487e-05
8.03987e-07
-200
5.34194e-05
6.7952e-07
-200
5.45629e-05
3.78737e-07
-200
5.59081e-05
4.45491e-07
-200
5.78342e-05
4.42764e-07
-200
5.97693e-05
5.73326e-07
-200
6.2459e-05
8.34107e-07
-200
6.50453e-05
1.65465e-06
-200
3.52244e-05
1.80987e-06
-200
2.85637e-05
2.36768e-06
2.76949e-05
2.32302e-06
-200
-200
4.47624e-05
8.39849e-07
-200
4.66401e-05
8.43799e-07
-200
4.79191e-05
9.95914e-07
-200
4.88694e-05
1.0005e-06
-200
4.99015e-05
9.29456e-07
-200
5.10272e-05
7.8078e-07
-200
5.22593e-05
5.5066e-07
-200
5.36433e-05
5.20306e-07
-200
5.54928e-05
3.52943e-07
-200
5.7731e-05
5.10711e-07
-200
6.04764e-05
6.92233e-07
-200
6.38021e-05
1.12901e-06
-200
6.73765e-05
1.16538e-06
-200
3.5835e-05
2.12392e-06
-200
2.9713e-05
2.13769e-06
2.89008e-05
2.44786e-06
-200
-200
4.29342e-05
7.20299e-07
-200
4.45415e-05
8.56067e-07
-200
4.58227e-05
9.22677e-07
-200
4.69053e-05
8.99255e-07
-200
4.78938e-05
7.23463e-07
-200
4.90511e-05
5.32593e-07
-200
5.04327e-05
4.45031e-07
-200
5.22259e-05
2.38601e-07
-200
5.44694e-05
4.9513e-07
-200
5.74309e-05
5.93862e-07
-200
6.07981e-05
6.85039e-07
-200
6.47863e-05
9.0319e-07
-200
6.9024e-05
1.59909e-06
-200
3.65547e-05
1.57716e-06
-200
3.061e-05
1.97883e-06
2.95061e-05
1.84904e-06
-200
-200
4.1192e-05
1.05164e-06
-200
4.25083e-05
1.11645e-06
-200
4.37576e-05
1.11334e-06
-200
4.46007e-05
9.77976e-07
-200
4.53786e-05
7.72892e-07
-200
4.63193e-05
5.74648e-07
-200
4.79971e-05
4.50527e-07
-200
5.03277e-05
6.29781e-07
-200
5.33567e-05
6.49381e-07
-200
5.678e-05
9.02731e-07
-200
6.1009e-05
1.02173e-06
-200
6.55656e-05
1.24474e-06
-200
7.06131e-05
1.04401e-06
-200
3.68304e-05
1.84225e-06
-200
3.10036e-05
1.79214e-06
2.92698e-05
1.94564e-06
-200
-200
3.94157e-05
1.03494e-06
-200
4.05926e-05
1.16987e-06
-200
4.17151e-05
1.10952e-06
-200
4.21071e-05
8.91495e-07
-200
4.17967e-05
5.93864e-07
-200
4.24575e-05
4.14721e-07
-200
4.46766e-05
4.70919e-07
-200
4.79443e-05
4.61201e-07
-200
5.16826e-05
9.19848e-07
-200
5.61169e-05
9.88948e-07
-200
6.07902e-05
1.00418e-06
-200
6.59311e-05
9.60972e-07
-200
7.1184e-05
1.51212e-06
-200
3.70733e-05
1.27025e-06
-200
3.08086e-05
1.72772e-06
2.83202e-05
1.43902e-06
-200
-200
3.79543e-05
1.44999e-06
-200
3.91761e-05
1.57247e-06
-200
4.05324e-05
1.36501e-06
-200
3.9965e-05
1.02544e-06
-200
3.70832e-05
7.52407e-07
-200
3.68446e-05
5.67433e-07
-200
4.04942e-05
5.69111e-07
-200
4.53108e-05
9.66157e-07
-200
5.02893e-05
1.02782e-06
-200
5.53361e-05
1.2688e-06
-200
6.04997e-05
1.30059e-06
-200
6.60626e-05
1.33269e-06
-200
7.16628e-05
9.51289e-07
-200
3.68668e-05
1.71212e-06
-200
2.99762e-05
1.62387e-06
2.69966e-05
1.70012e-06
-200
-200
3.60588e-05
1.21953e-06
-200
3.70949e-05
1.46885e-06
-200
4.11759e-05
1.30121e-06
-200
3.90437e-05
9.44725e-07
-200
2.84733e-05
5.37453e-07
-200
2.77029e-05
2.9456e-07
-200
3.56242e-05
3.7379e-07
-200
4.23595e-05
5.47006e-07
-200
4.87502e-05
1.04844e-06
-200
5.43664e-05
1.11295e-06
-200
5.96284e-05
1.01419e-06
-200
6.50722e-05
8.62733e-07
-200
7.06568e-05
1.31201e-06
-200
3.56333e-05
8.8938e-07
-200
2.86247e-05
1.22155e-06
2.51206e-05
1.2561e-06
-200
-200
4.38785e-05
1.33192e-06
-200
4.53557e-05
1.86179e-06
-200
4.48624e-05
1.71401e-06
-200
4.21301e-05
8.95435e-07
-200
4.28049e-05
4.40516e-07
-200
3.59846e-05
2.31814e-07
-200
3.12395e-05
2.37027e-07
-200
3.90011e-05
7.5458e-07
-200
4.65976e-05
9.27039e-07
-200
5.13272e-05
1.22986e-06
-200
5.60488e-05
1.27075e-06
-200
6.06315e-05
1.34703e-06
-200
6.5933e-05
8.66087e-07
-200
3.05148e-05
1.74763e-06
-200
2.34754e-05
1.88266e-06
2.0003e-05
1.79549e-06
-200
-200
4.58603e-05
1.06035e-06
-200
4.96419e-05
3.69937e-06
-200
4.49709e-05
2.00206e-06
-200
4.13874e-05
-3.64237e-07
-200
4.54851e-05
7.15204e-07
-200
4.69045e-05
-1.01422e-07
-200
4.72032e-05
-6.92568e-07
-200
4.63534e-05
-1.64484e-07
-200
4.55048e-05
7.07419e-07
-200
4.75029e-05
8.44818e-07
-200
5.0127e-05
9.06885e-07
-200
5.35047e-05
9.51053e-07
-200
5.74653e-05
2.03662e-06
-200
2.21328e-05
2.32122e-06
-200
1.64085e-05
2.46794e-06
1.52091e-05
1.64726e-06
-200
-200
5.11046e-05
1.13225e-06
-200
4.21297e-05
1.93709e-06
-200
3.7448e-05
2.64889e-06
-200
3.9124e-05
1.74034e-06
-200
4.1155e-05
1.54122e-06
-200
4.93282e-05
-2.56267e-07
-200
5.46385e-05
-1.63544e-06
-200
5.23519e-05
-8.20362e-07
-200
5.21533e-05
-5.11967e-07
-200
5.36443e-05
-3.21335e-07
-200
5.59237e-05
-2.86111e-07
-200
5.87567e-05
1.02931e-07
-200
6.16246e-05
1.59271e-06
-200
2.56339e-05
3.81061e-06
-200
1.58333e-05
3.72858e-06
-200
1.09807e-05
2.60296e-06
1.03973e-05
-1.04844e-05
-200
7.39027e-07
-200
4.77859e-05
-3.22482e-06
-200
4.0942e-05
2.41263e-06
-200
3.61742e-05
4.1769e-06
-200
3.567e-05
3.08182e-06
-200
4.44221e-05
3.39995e-06
-200
5.37095e-05
-6.00014e-07
-200
5.48357e-05
-3.16069e-06
-200
5.4703e-05
-1.17382e-06
-200
5.51277e-05
-3.73275e-07
-200
5.65957e-05
-3.02244e-07
-200
5.84325e-05
-4.05065e-07
-200
6.07351e-05
-5.56359e-07
-200
6.3099e-05
1.34357e-07
-200
2.84293e-05
8.14066e-07
-200
2.04213e-05
2.47127e-06
-200
1.68831e-05
2.71614e-06
1.46867e-05
2.05786e-06
-200
-200
4.45257e-05
-4.81288e-07
-200
3.93815e-05
9.76026e-07
-200
3.39512e-05
2.67446e-06
-200
3.92006e-05
4.32613e-06
-200
4.96454e-05
1.57592e-06
-200
5.28916e-05
-1.916e-06
-200
5.4595e-05
-1.00428e-06
-200
5.55498e-05
-2.51952e-08
-200
5.67844e-05
8.91481e-08
-200
5.80954e-05
2.28489e-07
-200
5.98454e-05
1.06494e-07
-200
6.17793e-05
7.57427e-08
-200
6.41733e-05
-3.68487e-07
-200
3.11207e-05
-6.42413e-07
-200
2.39833e-05
-2.58963e-07
-200
2.05834e-05
7.49377e-07
1.88206e-05
-5.64749e-07
-200
-200
4.18531e-05
-3.33939e-07
-200
3.80813e-05
4.31906e-07
-200
3.7933e-05
8.04431e-07
-200
4.26506e-05
1.17272e-06
-200
4.80334e-05
3.89279e-07
-200
5.14365e-05
-5.79403e-07
-200
5.38337e-05
-4.33849e-07
-200
5.56674e-05
-3.56107e-07
-200
5.71468e-05
-2.01254e-07
-200
5.86914e-05
-3.47642e-07
-200
6.02016e-05
-5.76949e-07
-200
6.20035e-05
-9.779e-07
-200
6.40846e-05
-1.05703e-06
-200
3.27882e-05
-1.17649e-06
-200
2.64482e-05
-1.42458e-06
-200
2.36912e-05
-2.69837e-06
2.14962e-05
-2.11958e-06
-200
-200
3.86006e-05
1.86382e-07
-200
3.3283e-05
4.56849e-07
-200
3.81718e-05
4.34668e-07
-200
4.63339e-05
8.50922e-08
-200
4.77935e-05
-3.2591e-09
-200
5.02032e-05
-2.02106e-07
-200
5.25707e-05
-3.39241e-07
-200
5.44825e-05
-2.97817e-07
-200
5.61054e-05
-5.94865e-07
-200
5.73843e-05
-7.02876e-07
-200
5.87315e-05
-9.17527e-07
-200
6.0193e-05
-1.10945e-06
-200
6.21208e-05
-1.73739e-06
-200
3.26165e-05
-2.42596e-06
-200
2.61832e-05
-2.49187e-06
-200
2.37726e-05
-1.92572e-06
2.40766e-05
-2.53902e-06
-200
-200
3.63797e-05
-1.13139e-07
-200
3.36958e-05
2.01365e-06
-200
3.74945e-05
5.72592e-08
-200
4.35592e-05
-2.09919e-06
-200
4.61356e-05
-7.96806e-07
-200
4.84873e-05
-6.82898e-07
-200
5.07206e-05
-7.57848e-07
-200
5.25654e-05
-1.00151e-06
-200
5.39916e-05
-1.03694e-06
-200
5.52337e-05
-1.21802e-06
-200
5.62821e-05
-1.37117e-06
-200
5.75083e-05
-1.68879e-06
-200
5.90403e-05
-1.72948e-06
-200
3.13874e-05
-1.76099e-06
-200
2.5655e-05
-2.11684e-06
-200
2.37248e-05
-3.03155e-06
2.15139e-05
-3.6339e-06
-200
-200
3.41513e-05
-8.79709e-08
-200
3.3479e-05
1.70443e-07
-200
3.61863e-05
-1.74491e-07
-200
4.02438e-05
-7.67561e-07
-200
4.32803e-05
-7.93129e-07
-200
4.58523e-05
-9.66867e-07
-200
4.79643e-05
-1.1997e-06
-200
4.96314e-05
-1.30262e-06
-200
5.09486e-05
-1.62329e-06
-200
5.18422e-05
-1.6484e-06
-200
5.27084e-05
-1.75838e-06
-200
5.36194e-05
-1.78788e-06
-200
5.50135e-05
-2.18882e-06
-200
2.95115e-05
-2.67215e-06
-200
2.39033e-05
-2.76961e-06
-200
2.17042e-05
-2.11014e-06
1.87084e-05
-2.57662e-06
-200
-200
3.11926e-05
-7.89197e-07
-200
3.12894e-05
-4.31926e-07
-200
3.36642e-05
-7.14817e-07
-200
3.68754e-05
-1.03315e-06
-200
3.96936e-05
-1.39241e-06
-200
4.2183e-05
-1.70153e-06
-200
4.40586e-05
-1.92193e-06
-200
4.55201e-05
-2.19995e-06
-200
4.65066e-05
-2.19535e-06
-200
4.72803e-05
-2.25782e-06
-200
4.78637e-05
-2.20638e-06
-200
4.85958e-05
-2.3164e-06
-200
4.9639e-05
-2.23008e-06
-200
2.65448e-05
-2.41105e-06
-200
2.18041e-05
-2.33156e-06
-200
1.94862e-05
-2.89443e-06
1.6088e-05
-2.23768e-06
-200
-200
2.72303e-05
-4.98168e-07
-200
2.80471e-05
-5.56196e-07
-200
3.04826e-05
-7.31678e-07
-200
3.31741e-05
-1.08847e-06
-200
3.57001e-05
-1.5981e-06
-200
3.773e-05
-1.99058e-06
-200
3.92748e-05
-2.29797e-06
-200
4.041e-05
-2.3879e-06
-200
4.11957e-05
-2.51965e-06
-200
4.16763e-05
-2.4517e-06
-200
4.21175e-05
-2.29526e-06
-200
4.26774e-05
-2.14274e-06
-200
4.36346e-05
-2.31152e-06
-200
2.32651e-05
-2.37383e-06
-200
1.90524e-05
-2.79724e-06
-200
1.66663e-05
-2.0686e-06
1.41674e-05
-2.17433e-06
-200
-200
2.21803e-05
-9.17349e-07
-200
2.38059e-05
-8.25963e-07
-200
2.65284e-05
-1.22016e-06
-200
2.9103e-05
-1.68611e-06
-200
3.08218e-05
-2.25426e-06
-200
3.24566e-05
-2.67612e-06
-200
3.3497e-05
-2.90093e-06
-200
3.43646e-05
-3.05495e-06
-200
3.48037e-05
-2.97167e-06
-200
3.51905e-05
-2.79095e-06
-200
3.5474e-05
-2.53454e-06
-200
3.60391e-05
-2.39986e-06
-200
3.67874e-05
-2.20501e-06
-200
1.95992e-05
-2.43814e-06
-200
1.61686e-05
-2.41795e-06
-200
1.47042e-05
-2.91207e-06
1.23317e-05
-2.23179e-06
-200
-200
1.60573e-05
-7.14923e-07
-200
1.86092e-05
-9.38157e-07
-200
2.29697e-05
-1.31776e-06
-200
2.47519e-05
-1.95769e-06
-200
2.56644e-05
-2.40291e-06
-200
2.65269e-05
-2.96743e-06
-200
2.71502e-05
-3.13338e-06
-200
2.76472e-05
-3.24783e-06
-200
2.79068e-05
-3.13168e-06
-200
2.80199e-05
-2.89508e-06
-200
2.83504e-05
-2.56752e-06
-200
2.88213e-05
-2.25637e-06
-200
2.95771e-05
-2.33059e-06
-200
1.57349e-05
-2.53696e-06
-200
1.30838e-05
-2.84581e-06
-200
1.2537e-05
-2.29792e-06
1.13268e-05
-2.26521e-06
-200
-200
7.03582e-06
-1.09544e-06
-200
1.26937e-05
-1.34002e-06
-200
2.1601e-05
-1.99525e-06
-200
1.98022e-05
-2.25552e-06
-200
1.98579e-05
-3.1597e-06
-200
1.98532e-05
-3.2976e-06
-200
2.0238e-05
-3.67137e-06
-200
2.02858e-05
-3.55669e-06
-200
2.04842e-05
-3.47596e-06
-200
2.00959e-05
-3.03292e-06
-200
2.08432e-05
-2.70443e-06
-200
2.09214e-05
-2.52349e-06
-200
2.17561e-05
-2.52165e-06
-200
1.12882e-05
-2.73339e-06
-200
9.59372e-06
-2.82533e-06
-200
1.19567e-05
-3.0317e-06
1.17157e-05
-2.39149e-06
-200
-200
6.80311e-06
-1.08e-06
-200
9.00911e-06
-1.41161e-06
-200
1.27713e-05
-1.79575e-06
-200
1.31261e-05
-2.43049e-06
-200
1.33386e-05
-2.93368e-06
-200
1.3399e-05
-3.4127e-06
-200
1.34873e-05
-3.40712e-06
-200
1.35216e-05
-3.45983e-06
-200
1.36412e-05
-3.1951e-06
-200
1.33923e-05
-2.96267e-06
-200
1.37121e-05
-2.5161e-06
-200
1.41929e-05
-2.5704e-06
-200
1.45498e-05
-2.39369e-06
-200
7.53215e-06
-2.91431e-06
-200
5.77049e-06
-2.9822e-06
-200
5.98038e-06
-2.49366e-06
6.48212e-06
-2.30124e-06
-200
-200
4.03386e-06
-1.53262e-06
-200
4.7278e-06
-1.50521e-06
-200
6.07239e-06
-1.73097e-06
-200
6.27791e-06
-2.30876e-06
-200
6.52963e-06
-3.04412e-06
-200
6.46456e-06
-3.10897e-06
-200
6.45404e-06
-3.42517e-06
-200
6.52153e-06
-3.23488e-06
-200
6.30818e-06
-2.95153e-06
-200
6.42411e-06
-2.6601e-06
-200
6.08134e-06
-2.54319e-06
-200
6.77722e-06
-2.12151e-06
-200
6.32747e-06
-2.53812e-06
-200
2.76212e-06
-2.59445e-06
-200
1.67172e-06
-2.65574e-06
-200
2.02284e-06
-2.46534e-06
2.83616e-06
-2.09207e-06
-200
-200
-1.44233e-06
-200
-1.91862e-06
-200
-2.12012e-06
-200
-3.05899e-06
-200
-3.29313e-06
-200
-3.81585e-06
-200
-3.76145e-06
-200
-3.74465e-06
-200
-3.37818e-06
-200
-3.11032e-06
-200
-2.95502e-06
-200
-2.8653e-06
-200
-2.96182e-06
-200
-3.18235e-06
-200
-3.21848e-06
-200
-2.82228e-06
-2.40902e-06
-200
-200
5.20744e-05
-200
5.50049e-05
-200
5.60474e-05
-200
5.68952e-05
-200
5.78708e-05
-200
5.90204e-05
-200
6.0294e-05
-200
6.18514e-05
-200
6.34611e-05
-200
6.51717e-05
-200
6.68318e-05
-200
6.87771e-05
-200
7.05868e-05
-200
4.38694e-05
-200
3.85648e-05
3.71867e-05
-200
-200
5.06505e-05
-200
5.39451e-05
-200
5.52596e-05
-200
5.64074e-05
-200
5.75971e-05
-200
5.89602e-05
-200
6.05141e-05
-200
6.22269e-05
-200
6.42907e-05
-200
6.6397e-05
-200
6.87436e-05
-200
7.13257e-05
-200
7.43161e-05
-200
4.53343e-05
-200
4.14924e-05
4.01243e-05
-200
-200
4.98238e-05
-200
5.25688e-05
-200
5.42009e-05
-200
5.55973e-05
-200
5.70048e-05
-200
5.85339e-05
-200
6.02744e-05
-200
6.23165e-05
-200
6.46432e-05
-200
6.73144e-05
-200
7.03864e-05
-200
7.37703e-05
-200
7.74199e-05
-200
4.75121e-05
-200
4.37879e-05
4.31808e-05
-200
-200
4.87946e-05
-200
5.11247e-05
-200
5.28597e-05
-200
5.43826e-05
-200
5.5841e-05
-200
5.74502e-05
-200
5.94259e-05
-200
6.17511e-05
-200
6.46589e-05
-200
6.79157e-05
-200
7.16579e-05
-200
7.57972e-05
-200
8.04015e-05
-200
4.93493e-05
-200
4.57068e-05
4.51861e-05
-200
-200
4.79483e-05
-200
4.99939e-05
-200
5.16444e-05
-200
5.30656e-05
-200
5.4257e-05
-200
5.58059e-05
-200
5.80422e-05
-200
6.09793e-05
-200
6.44238e-05
-200
6.84579e-05
-200
7.28879e-05
-200
7.77559e-05
-200
8.27029e-05
-200
5.11798e-05
-200
4.7291e-05
4.66274e-05
-200
-200
4.71083e-05
-200
4.89763e-05
-200
5.06373e-05
-200
5.15646e-05
-200
5.18408e-05
-200
5.30499e-05
-200
5.58356e-05
-200
5.95365e-05
-200
6.39788e-05
-200
6.87278e-05
-200
7.37859e-05
-200
7.91836e-05
-200
8.48419e-05
-200
5.23939e-05
-200
4.83151e-05
4.68009e-05
-200
-200
4.66034e-05
-200
4.84752e-05
-200
5.06386e-05
-200
5.05035e-05
-200
4.83344e-05
-200
4.86081e-05
-200
5.26958e-05
-200
5.79378e-05
-200
6.34897e-05
-200
6.89622e-05
-200
7.46503e-05
-200
8.03619e-05
-200
8.61948e-05
-200
5.34315e-05
-200
4.8765e-05
4.63662e-05
-200
-200
4.54426e-05
-200
4.81315e-05
-200
5.27167e-05
-200
5.04943e-05
-200
4.07835e-05
-200
4.06589e-05
-200
4.87239e-05
-200
5.58915e-05
-200
6.29635e-05
-200
6.89524e-05
-200
7.47251e-05
-200
8.06024e-05
-200
8.6799e-05
-200
5.34703e-05
-200
4.81955e-05
4.48127e-05
-200
-200
5.49075e-05
-200
6.02038e-05
-200
5.79538e-05
-200
5.35297e-05
-200
5.67189e-05
-200
4.99639e-05
-200
4.48516e-05
-200
5.37051e-05
-200
6.16192e-05
-200
6.72352e-05
-200
7.22699e-05
-200
7.77782e-05
-200
8.35678e-05
-200
5.0596e-05
-200
4.49993e-05
4.15202e-05
-200
-200
5.83611e-05
-200
6.02066e-05
-200
5.90172e-05
-200
5.81448e-05
-200
6.06043e-05
-200
6.11685e-05
-200
6.12019e-05
-200
6.10207e-05
-200
6.0913e-05
-200
6.32048e-05
-200
6.63309e-05
-200
7.03205e-05
-200
7.67186e-05
-200
4.50018e-05
-200
4.01054e-05
3.77196e-05
-200
-200
5.69961e-05
-200
5.59949e-05
-200
5.44372e-05
-200
5.59453e-05
-200
5.94219e-05
-200
6.45012e-05
-200
6.85279e-05
-200
6.91857e-05
-200
6.9909e-05
-200
7.19219e-05
-200
7.47479e-05
-200
7.74483e-05
-200
7.77784e-05
-200
4.12431e-05
-200
3.65527e-05
3.6139e-05
-200
-200
6.28253e-05
-200
5.17077e-05
-200
4.757e-05
-200
5.21558e-05
-200
5.67724e-05
-200
6.72972e-05
-200
7.46321e-05
-200
7.32773e-05
-200
7.4004e-05
-200
7.5763e-05
-200
7.80854e-05
-200
8.04138e-05
-200
8.24785e-05
-200
4.8207e-05
-200
3.91467e-05
-200
3.43212e-05
3.35241e-05
-3.44008e-05
-200
-200
5.81531e-05
-200
5.19155e-05
-200
4.59609e-05
-200
5.00637e-05
-200
6.39114e-05
-200
7.17663e-05
-200
7.28126e-05
-200
7.35156e-05
-200
7.47273e-05
-200
7.64772e-05
-200
7.84494e-05
-200
8.05344e-05
-200
8.25612e-05
-200
5.03727e-05
-200
4.43323e-05
-200
4.10724e-05
3.86544e-05
-200
-200
5.52115e-05
-200
5.20212e-05
-200
5.15966e-05
-200
5.59458e-05
-200
6.30824e-05
-200
6.83181e-05
-200
7.10893e-05
-200
7.30839e-05
-200
7.49629e-05
-200
7.67685e-05
-200
7.8584e-05
-200
8.04711e-05
-200
8.27437e-05
-200
5.28087e-05
-200
4.72341e-05
-200
4.37318e-05
4.14688e-05
-200
-200
5.25037e-05
-200
4.98563e-05
-200
5.26736e-05
-200
5.8548e-05
-200
6.28124e-05
-200
6.63279e-05
-200
6.91867e-05
-200
7.15459e-05
-200
7.34485e-05
-200
7.51593e-05
-200
7.6735e-05
-200
7.83679e-05
-200
8.01453e-05
-200
5.16705e-05
-200
4.67077e-05
-200
4.39306e-05
4.20496e-05
-200
-200
4.90227e-05
-200
4.47558e-05
-200
5.11207e-05
-200
5.99699e-05
-200
6.11423e-05
-200
6.36382e-05
-200
6.62002e-05
-200
6.83654e-05
-200
7.01724e-05
-200
7.15866e-05
-200
7.28025e-05
-200
7.40035e-05
-200
7.55974e-05
-200
4.8985e-05
-200
4.39018e-05
-200
4.13782e-05
4.1711e-05
-200
-200
4.67662e-05
-200
4.59343e-05
-200
4.95513e-05
-200
5.44545e-05
-200
5.74401e-05
-200
6.01854e-05
-200
6.26331e-05
-200
6.4653e-05
-200
6.61471e-05
-200
6.73274e-05
-200
6.82498e-05
-200
6.92083e-05
-200
7.03735e-05
-200
4.54496e-05
-200
4.10458e-05
-200
3.83333e-05
3.59609e-05
-200
-200
4.29392e-05
-200
4.33894e-05
-200
4.60958e-05
-200
4.95701e-05
-200
5.25848e-05
-200
5.52632e-05
-200
5.74742e-05
-200
5.9163e-05
-200
6.04396e-05
-200
6.12981e-05
-200
6.19433e-05
-200
6.26014e-05
-200
6.36286e-05
-200
4.10781e-05
-200
3.7243e-05
-200
3.39453e-05
3.13232e-05
-200
-200
3.81198e-05
-200
3.90831e-05
-200
4.16296e-05
-200
4.45683e-05
-200
4.71369e-05
-200
4.94413e-05
-200
5.12382e-05
-200
5.26095e-05
-200
5.35046e-05
-200
5.40787e-05
-200
5.45206e-05
-200
5.50318e-05
-200
5.57273e-05
-200
3.5984e-05
-200
3.27047e-05
-200
2.98166e-05
2.71961e-05
-200
-200
3.1764e-05
-200
3.33589e-05
-200
3.61155e-05
-200
3.87379e-05
-200
4.06326e-05
-200
4.24208e-05
-200
4.37339e-05
-200
4.46975e-05
-200
4.53154e-05
-200
4.56846e-05
-200
4.6015e-05
-200
4.64155e-05
-200
4.70541e-05
-200
3.05887e-05
-200
2.75956e-05
-200
2.52924e-05
2.33379e-05
-200
-200
2.42563e-05
-200
2.63087e-05
-200
3.09211e-05
-200
3.23785e-05
-200
3.38349e-05
-200
3.44109e-05
-200
3.56201e-05
-200
3.57727e-05
-200
3.6493e-05
-200
3.63049e-05
-200
3.69599e-05
-200
3.70803e-05
-200
3.77752e-05
-200
2.44589e-05
-200
2.2257e-05
-200
2.14641e-05
2.01155e-05
-200
-200
1.31823e-05
-200
1.88401e-05
-200
2.69544e-05
-200
2.55603e-05
-200
2.55309e-05
-200
2.57612e-05
-200
2.61885e-05
-200
2.62832e-05
-200
2.648e-05
-200
2.64764e-05
-200
2.69e-05
-200
2.7116e-05
-200
2.74773e-05
-200
1.75383e-05
-200
1.62039e-05
-200
1.83339e-05
1.82942e-05
-200
-200
1.07623e-05
-200
1.32122e-05
-200
1.61025e-05
-200
1.70755e-05
-200
1.69207e-05
-200
1.73797e-05
-200
1.72126e-05
-200
1.76451e-05
-200
1.71192e-05
-200
1.77644e-05
-200
1.75268e-05
-200
1.82277e-05
-200
1.78858e-05
-200
1.13883e-05
-200
9.89483e-06
-200
1.033e-05
1.06712e-05
-200
-200
5.76858e-06
-200
6.5785e-06
-200
7.89808e-06
-200
8.25993e-06
-200
8.39028e-06
-200
8.43244e-06
-200
8.43588e-06
-200
8.42944e-06
-200
8.22204e-06
-200
8.35121e-06
-200
8.26485e-06
-200
8.49442e-06
-200
7.9844e-06
-200
4.78757e-06
-200
3.81121e-06
-200
4.15103e-06
4.98474e-06
-200
-200
-200
-200
-200
-200
-200
-200
-200
-200
-200
-200
-200
-200
-200
-200
-200
-200
-200
9.91503e-06
-200
3.66148e-06
-200
-3.48617e-06
-7.89087e-07
-200
-1.15225e-05
-1.62123e-06
-200
-2.10748e-05
-1.14999e-06
-200
-3.22147e-05
-7.95259e-07
-200
-4.48184e-05
-6.91802e-07
-200
-5.9198e-05
-4.55316e-07
-200
-7.54341e-05
-2.58776e-07
-200
-9.37051e-05
-4.39609e-08
-200
-0.000114205
3.27444e-07
-200
-0.000137141
2.14488e-07
9.11876e-06
-1.47843e-07
-200
2.32819e-05
1.4816e-06
-200
2.09926e-05
2.38376e-06
-200
1.87168e-05
1.74901e-06
-200
1.56762e-05
-5.80503e-07
-200
9.79619e-06
4.07402e-07
-200
3.70877e-06
-6.12845e-07
-200
-3.36106e-06
-2.22927e-06
-200
-1.22093e-05
-1.33135e-06
-200
-2.24742e-05
-8.45562e-07
-200
-3.40013e-05
-9.81516e-07
-200
-4.73017e-05
-6.52949e-07
-200
-6.26001e-05
-3.84845e-07
-200
-7.9889e-05
-1.85158e-07
-200
-9.9436e-05
-3.23191e-08
-200
-0.000121408
4.80966e-09
-200
-0.000146323
2.65016e-07
1.01256e-05
-8.70263e-08
-200
2.4787e-05
2.92779e-06
-200
2.29543e-05
1.33642e-06
-200
1.94926e-05
1.51655e-06
-200
1.49142e-05
2.16913e-06
-200
9.93745e-06
-7.55195e-07
-200
3.31546e-06
-1.02289e-06
-200
-4.81592e-06
-2.28496e-07
-200
-1.36722e-05
-5.88215e-07
-200
-2.39523e-05
-1.0135e-06
-200
-3.60682e-05
-8.2106e-07
-200
-5.00471e-05
-3.44925e-07
-200
-6.5989e-05
-4.66755e-07
-200
-8.41911e-05
-2.45172e-07
-200
-0.000104879
-1.80355e-07
-200
-0.000128394
2.47228e-07
-200
-0.000155016
1.47822e-07
1.10337e-05
-1.15707e-07
-200
2.63571e-05
6.21596e-07
-200
2.30213e-05
2.33625e-06
-200
1.97077e-05
9.93222e-07
-200
1.51677e-05
-7.40365e-07
-200
8.79196e-06
6.17354e-07
-200
2.03054e-06
3.54032e-07
-200
-5.52373e-06
-1.61794e-06
-200
-1.49357e-05
-8.58611e-07
-200
-2.59832e-05
-3.52231e-07
-200
-3.84202e-05
-4.06272e-07
-200
-5.28281e-05
-2.66545e-07
-200
-6.94331e-05
-2.57876e-07
-200
-8.83801e-05
-1.34834e-07
-200
-0.000110005
-6.10173e-08
-200
-0.00013468
-1.12706e-07
-200
-0.000162922
1.35049e-07
1.17871e-05
-4.08532e-08
-200
2.59032e-05
2.33995e-06
-200
2.31344e-05
-3.10339e-07
-200
1.87252e-05
5.30307e-07
-200
1.33058e-05
1.42467e-06
-200
7.7895e-06
-6.69625e-07
-200
9.85602e-07
-8.41697e-07
-200
-7.49565e-06
9.31911e-08
-200
-1.68247e-05
-3.82948e-08
-200
-2.77289e-05
-6.96568e-07
-200
-4.06109e-05
-4.04186e-07
-200
-5.54809e-05
-1.4248e-07
-200
-7.24633e-05
-4.18397e-07
-200
-9.2065e-05
-2.31168e-07
-200
-0.000114551
-1.05205e-07
-200
-0.000140341
1.5744e-07
-200
-0.000169839
6.41735e-08
1.24199e-05
-5.3169e-08
-200
2.59073e-05
-1.06416e-06
-200
2.10486e-05
1.12604e-06
-200
1.65959e-05
4.74454e-07
-200
1.11547e-05
-1.04619e-06
-200
5.05729e-06
6.01346e-07
-200
-1.0583e-06
5.66388e-07
-200
-8.58596e-06
-1.42374e-06
-200
-1.83047e-05
-4.50089e-07
-200
-2.97279e-05
-2.27008e-07
-200
-4.27631e-05
-1.98283e-07
-200
-5.78315e-05
-2.76417e-07
-200
-7.5261e-05
-1.95341e-07
-200
-9.53419e-05
-1.29114e-07
-200
-0.000118413
-5.7788e-08
-200
-0.000144918
-2.24968e-07
-200
-0.000175508
1.27969e-08
1.29102e-05
4.58025e-09
-200
1.62954e-06
-200
1.94167e-05
-1.23117e-06
-200
1.22628e-05
5.97505e-09
-200
5.25419e-06
1.62337e-06
-200
1.77494e-06
-1.5529e-07
-200
-2.74896e-06
-4.38684e-07
-200
-1.07095e-05
4.10229e-07
-200
-2.01298e-05
1.45981e-08
-200
-3.12919e-05
-4.95049e-07
-200
-4.44819e-05
-4.31308e-07
-200
-5.9838e-05
-2.34002e-07
-200
-7.74676e-05
-2.70773e-07
-200
-9.78528e-05
-2.57592e-07
-200
-0.000121398
-1.53338e-07
-200
-0.000148567
7.79473e-08
-200
-0.000179845
-3.75557e-08
1.32537e-05
-3.05321e-08
-200
1.22455e-05
1.29204e-06
-200
1.14726e-05
1.36787e-06
-200
1.24259e-05
1.56178e-06
-200
5.71599e-06
2.18356e-06
-200
-3.0518e-06
5.47639e-07
-200
-1.13665e-05
-1.07823e-06
-200
-2.13801e-05
-4.32064e-07
-200
-3.29196e-05
-1.79904e-07
-200
-4.61268e-05
-8.09978e-08
-200
-6.14207e-05
-3.3151e-07
-200
-7.92269e-05
-1.55733e-07
-200
-9.97669e-05
-1.28464e-07
-200
-0.000123489
-9.87665e-08
-200
-0.000150885
-2.96505e-07
-200
-0.000182649
-9.80352e-08
1.34308e-05
1.82061e-08
-200
1.16732e-05
1.92219e-07
-200
1.22039e-05
-3.02774e-07
-200
8.02062e-06
1.21152e-06
-200
2.85229e-06
-5.81675e-08
-200
-4.5174e-06
-5.28171e-07
-200
-1.31432e-05
4.46783e-07
-200
-2.2776e-05
-1.91695e-07
-200
-3.39262e-05
-5.50594e-07
-200
-4.71376e-05
-4.1397e-07
-200
-6.2532e-05
-2.27967e-07
-200
-8.02383e-05
-2.85776e-07
-200
-0.000100761
-2.26307e-07
-200
-0.000124552
-1.45824e-07
-200
-0.000152115
6.40837e-08
-200
-0.000183962
-5.15911e-08
1.34973e-05
-1.06631e-07
-200
8.2382e-06
1.87545e-06
-200
7.27892e-06
4.66398e-08
-200
6.34467e-06
-1.92215e-06
-200
9.33345e-07
-6.04672e-08
-200
-5.81306e-06
-9.28181e-08
-200
-1.37101e-05
-1.0572e-06
-200
-2.35781e-05
-6.60036e-07
-200
-3.49869e-05
-1.25598e-07
-200
-4.80186e-05
6.60793e-09
-200
-6.30965e-05
-3.24195e-07
-200
-8.06758e-05
-1.76645e-07
-200
-0.000101032
-7.98825e-08
-200
-0.000124585
-6.84389e-08
-200
-0.00015187
-2.95525e-07
-200
-0.000183595
-1.17621e-07
1.33794e-05
-2.33487e-08
-200
1.40409e-05
3.55408e-07
-200
1.25392e-05
-1.52332e-06
-200
6.09765e-06
8.88858e-07
-200
7.86747e-07
-1.18656e-06
-200
-6.3068e-06
-1.20187e-06
-200
-1.48761e-05
4.67892e-07
-200
-2.43471e-05
-3.67898e-07
-200
-3.52895e-05
-4.87239e-07
-200
-4.81537e-05
-3.22764e-07
-200
-6.30999e-05
-1.8974e-07
-200
-8.03348e-05
-1.88139e-07
-200
-0.000100301
-1.61216e-07
-200
-0.000123509
-7.88567e-08
-200
-0.000150449
7.98745e-08
-200
-0.000181649
-7.08789e-08
1.31384e-05
-7.508e-08
-200
1.41637e-05
-1.31598e-06
-200
1.10992e-05
-6.28242e-08
-200
6.64337e-06
-2.27178e-06
-200
9.06303e-08
3.81453e-08
-200
-6.8378e-06
-8.73343e-08
-200
-1.48066e-05
-9.2374e-07
-200
-2.4451e-05
-7.16344e-07
-200
-3.55116e-05
-1.16973e-07
-200
-4.80352e-05
5.69316e-08
-200
-6.24778e-05
-2.38785e-07
-200
-7.92758e-05
-1.7489e-07
-200
-9.87796e-05
-4.76991e-10
-200
-0.000121361
7.69753e-09
-200
-0.000147553
-2.24955e-07
-200
-0.000178069
-9.46302e-08
1.27607e-05
6.41694e-08
-200
1.47943e-05
-1.9112e-06
-200
1.11008e-05
-1.79187e-06
-200
5.50508e-06
1.29644e-06
-200
6.86392e-08
-8.4661e-07
-200
-7.13931e-06
-6.85995e-07
-200
-1.55931e-05
8.56098e-07
-200
-2.46223e-05
-2.22587e-07
-200
-3.50666e-05
-3.23357e-07
-200
-4.72946e-05
-6.96692e-08
-200
-6.12975e-05
-7.57078e-08
-200
-7.74559e-05
-8.12928e-08
-200
-9.62509e-05
-6.71178e-08
-200
-0.000118104
2.70683e-09
-200
-0.000143487
1.58656e-07
-200
-0.000172939
-3.71399e-08
1.22868e-05
1.59639e-08
-200
1.5469e-05
-1.84937e-06
-200
1.09356e-05
9.343e-08
-200
5.97836e-06
-1.58246e-06
-200
-5.98323e-07
5.06486e-07
-200
-7.50225e-06
2.11117e-07
-200
-1.51421e-05
-6.03641e-07
-200
-2.42429e-05
-2.86913e-07
-200
-3.45195e-05
1.16268e-07
-200
-4.60953e-05
-2.5437e-09
-200
-5.94342e-05
-1.31718e-07
-200
-7.49622e-05
4.31361e-08
-200
-9.29325e-05
6.35401e-08
-200
-0.000113806
6.64564e-08
-200
-0.000138032
-9.33425e-08
-200
-0.000166276
-7.86346e-09
1.17219e-05
5.7321e-08
-200
1.64664e-05
-1.73821e-06
-200
1.13568e-05
-1.62635e-06
-200
5.04344e-06
1.34659e-06
-200
-5.64786e-07
-5.37311e-07
-200
-7.61499e-06
-3.41349e-07
-200
-1.54677e-05
9.8131e-07
-200
-2.37376e-05
-2.02665e-08
-200
-3.32525e-05
-1.15238e-07
-200
-4.43056e-05
-5.85819e-08
-200
-5.69988e-05
3.48571e-08
-200
-7.16061e-05
-6.99201e-08
-200
-8.86336e-05
9.87392e-09
-200
-0.000108453
2.36689e-08
-200
-0.000131491
2.49743e-07
-200
-0.000158207
1.13236e-08
1.10783e-05
1.36955e-08
-200
1.86582e-05
-1.2505e-06
-200
1.15104e-05
-3.31105e-07
-200
5.52427e-06
-1.58091e-06
-200
-1.10043e-06
4.59913e-07
-200
-7.71125e-06
3.08464e-07
-200
-1.45898e-05
-4.72604e-07
-200
-2.26373e-05
-1.08666e-07
-200
-3.18386e-05
2.41209e-07
-200
-4.20751e-05
5.46751e-08
-200
-5.39009e-05
-8.0847e-08
-200
-6.7652e-05
7.76911e-08
-200
-8.36043e-05
1.09478e-07
-200
-0.000102153
5.76232e-08
-200
-0.000123707
-9.9465e-09
-200
-0.000148811
4.8614e-08
1.03562e-05
2.56452e-08
-200
1.62063e-05
-3.18853e-06
-200
1.03977e-05
-1.26086e-06
-200
4.47695e-06
6.05063e-07
-200
-9.84499e-07
-7.84572e-07
-200
-7.25768e-06
-7.44119e-07
-200
-1.42769e-05
7.95773e-07
-200
-2.161e-05
4.97894e-07
-200
-2.97716e-05
-5.04021e-08
-200
-3.93222e-05
5.45406e-08
-200
-5.02935e-05
4.78744e-08
-200
-6.29387e-05
3.37809e-09
-200
-7.77036e-05
4.43367e-08
-200
-9.49251e-05
2.91362e-08
-200
-0.000114952
2.44406e-07
-200
-0.000138133
-4.28085e-08
9.5563e-06
-3.07986e-09
-200
1.38967e-05
-8.36269e-07
-200
9.31723e-06
-9.31442e-07
-200
4.22043e-06
-1.35361e-06
-200
-1.49031e-06
7.39839e-08
-200
-7.06529e-06
2.31922e-07
-200
-1.29408e-05
-4.17819e-07
-200
-1.97622e-05
-8.08066e-08
-200
-2.75345e-05
2.70974e-07
-200
-3.61523e-05
1.31344e-07
-200
-4.60882e-05
-6.12849e-08
-200
-5.76916e-05
1.26734e-07
-200
-7.11721e-05
1.41112e-07
-200
-8.68483e-05
3.38623e-08
-200
-0.000105091
-4.80831e-08
-200
-0.000126283
-4.29792e-08
8.6752e-06
1.75557e-08
-200
1.25246e-05
-1.27508e-06
-200
7.94977e-06
-7.23229e-07
-200
3.24205e-06
5.99574e-08
-200
-1.27477e-06
-8.8833e-07
-200
-6.3702e-06
-5.70544e-07
-200
-1.20722e-05
6.48691e-07
-200
-1.807e-05
4.97082e-07
-200
-2.47278e-05
-2.29576e-08
-200
-3.25344e-05
1.23837e-07
-200
-4.14942e-05
1.63452e-07
-200
-5.18201e-05
1.1058e-07
-200
-6.39003e-05
1.0148e-07
-200
-7.79887e-05
6.34901e-08
-200
-9.43538e-05
1.0006e-07
-200
-0.000113284
-1.51978e-07
7.71843e-06
2.1904e-08
-200
1.14166e-05
-5.79041e-07
-200
7.30211e-06
-9.52761e-07
-200
3.12317e-06
-1.41679e-06
-200
-1.38258e-06
-2.74702e-07
-200
-5.80867e-06
1.89675e-07
-200
-1.04203e-05
-2.48179e-07
-200
-1.5763e-05
2.23806e-08
-200
-2.18853e-05
3.73402e-07
-200
-2.86245e-05
2.77356e-07
-200
-3.63873e-05
1.08218e-07
-200
-4.55013e-05
2.67047e-07
-200
-5.60871e-05
2.04912e-07
-200
-6.83778e-05
5.92999e-08
-200
-8.26273e-05
-1.68085e-07
-200
-9.91755e-05
-2.5959e-07
6.70108e-06
6.23045e-08
-200
1.07334e-05
-1.16181e-06
-200
6.18586e-06
-8.02053e-07
-200
2.42332e-06
-2.8824e-07
-200
-1.09119e-06
-7.8246e-07
-200
-4.89194e-06
-4.44472e-07
-200
-9.12263e-06
5.27816e-07
-200
-1.36413e-05
5.36613e-07
-200
-1.8589e-05
1.2592e-07
-200
-2.43948e-05
3.76389e-07
-200
-3.10689e-05
5.11179e-07
-200
-3.87203e-05
3.6906e-07
-200
-4.7667e-05
2.23089e-07
-200
-5.80628e-05
3.87878e-08
-200
-7.01076e-05
-8.42498e-08
-200
-8.40641e-05
-3.60384e-07
5.61522e-06
1.02739e-07
-200
8.76092e-06
-1.19553e-06
-200
5.17345e-06
-1.11278e-06
-200
2.12631e-06
-1.20243e-06
-200
-1.05921e-06
-4.2795e-07
-200
-4.17053e-06
1.60165e-07
-200
-7.39063e-06
-1.26517e-08
-200
-1.10732e-05
1.37791e-07
-200
-1.53242e-05
5.55273e-07
-200
-1.99606e-05
6.0686e-07
-200
-2.52795e-05
4.26809e-07
-200
-3.15386e-05
4.91226e-07
-200
-3.87737e-05
2.87443e-07
-200
-4.71166e-05
2.53478e-08
-200
-5.67603e-05
-2.88573e-07
-200
-6.79945e-05
-4.91379e-07
4.43908e-06
1.46858e-07
-200
6.49864e-06
-1.27646e-06
-200
3.71679e-06
-9.49937e-07
-200
1.41806e-06
-4.90845e-07
-200
-1.0544e-06
-5.32805e-07
-200
-3.31784e-06
-1.75511e-07
-200
-5.88041e-06
4.11481e-07
-200
-8.67087e-06
5.9281e-07
-200
-1.16951e-05
3.77228e-07
-200
-1.5248e-05
6.54803e-07
-200
-1.93158e-05
7.60737e-07
-200
-2.39953e-05
5.62379e-07
-200
-2.93946e-05
2.61737e-07
-200
-3.56085e-05
-2.42078e-08
-200
-4.27924e-05
-2.65975e-07
-200
-5.11705e-05
-5.65762e-07
3.17227e-06
1.83745e-07
-200
4.25128e-06
-1.20267e-06
-200
2.57402e-06
-9.41236e-07
-200
8.95585e-07
-1.07704e-06
-200
-9.24255e-07
-5.93092e-07
-200
-2.31809e-06
-3.63084e-08
-200
-3.99964e-06
3.49617e-08
-200
-5.76726e-06
1.17122e-07
-200
-7.88962e-06
5.09437e-07
-200
-1.02431e-05
6.39027e-07
-200
-1.2916e-05
5.68556e-07
-200
-1.60559e-05
4.60185e-07
-200
-1.96089e-05
1.65464e-07
-200
-2.36396e-05
-1.17443e-07
-200
-2.82984e-05
-4.39721e-07
-200
-3.37398e-05
-6.84862e-07
1.87094e-06
1.90779e-07
-200
1.8199e-06
-9.29812e-07
-200
1.18365e-06
-9.68069e-07
-200
7.88005e-08
-7.48361e-07
-200
-5.46564e-07
-5.38119e-07
-200
-1.12441e-06
-3.55662e-07
-200
-2.02962e-06
8.31008e-08
-200
-2.8474e-06
2.62409e-07
-200
-3.80274e-06
3.93933e-07
-200
-4.89568e-06
4.32586e-07
-200
-6.21416e-06
5.08632e-07
-200
-7.72844e-06
2.58554e-07
-200
-9.42474e-06
-9.67385e-09
-200
-1.13139e-05
-2.772e-07
-200
-1.35561e-05
-4.96526e-07
-200
-1.61236e-05
-7.55958e-07
7.72915e-07
1.75251e-07
-200
-1.34234e-06
-200
-9.76666e-07
-200
-8.58593e-07
-200
-7.68381e-07
-200
-1.56503e-07
-200
-1.57496e-08
-200
2.17166e-07
-200
4.02306e-07
-200
6.03572e-07
-200
5.68856e-07
-200
3.2326e-07
-200
9.82324e-08
-200
-8.84117e-08
-200
-3.73616e-07
-200
-6.48837e-07
1.75789e-07
-200
-1.8802e-06
-200
-1.02933e-05
-200
-1.97356e-05
-200
-3.05229e-05
-1.25468e-06
-200
-4.38162e-05
-5.30259e-07
-200
-5.86623e-05
-3.62569e-07
-200
-7.52989e-05
-1.98902e-07
-200
-9.39211e-05
2.6642e-07
-200
-0.000114507
4.02098e-07
-200
-0.000137712
5.81315e-07
9.22271e-06
-2.36377e-07
-200
2.39966e-05
1.88139e-06
-200
2.31396e-05
2.05652e-06
-200
2.05249e-05
1.99157e-06
-200
1.7007e-05
-1.07767e-07
-200
1.21804e-05
-6.38891e-08
-200
4.86981e-06
-1.23339e-06
-200
-3.25588e-06
-1.97457e-06
-200
-1.18815e-05
-1.04561e-06
-200
-2.12859e-05
-1.38759e-06
-200
-3.31243e-05
-8.6988e-07
-200
-4.70968e-05
-5.47588e-07
-200
-6.26278e-05
-2.28738e-07
-200
-8.01057e-05
-9.7722e-08
-200
-0.000100023
4.3108e-08
-200
-0.000122374
6.10304e-07
-200
-0.000147271
7.36433e-07
1.0305e-05
-1.47704e-07
-200
2.82947e-05
2.51814e-06
-200
2.58891e-05
1.67418e-06
-200
2.30304e-05
1.44724e-06
-200
1.85843e-05
1.73614e-06
-200
1.19034e-05
-3.09555e-07
-200
3.83217e-06
-4.81865e-07
-200
-3.96322e-06
-7.02937e-07
-200
-1.3081e-05
-1.04449e-06
-200
-2.355e-05
-1.30655e-06
-200
-3.60171e-05
-2.25617e-07
-200
-5.01008e-05
-5.99294e-07
-200
-6.648e-05
-5.24559e-07
-200
-8.48944e-05
-7.59913e-09
-200
-0.000105949
7.30385e-08
-200
-0.000129564
4.99563e-07
-200
-0.000156265
5.34723e-07
1.11256e-05
-1.58743e-07
-200
2.98744e-05
1.67089e-06
-200
2.7859e-05
2.03381e-06
-200
2.39604e-05
1.12975e-06
-200
1.81897e-05
9.76399e-08
-200
1.15553e-05
5.69658e-07
-200
3.42754e-06
-4.48051e-07
-200
-5.34231e-06
-1.41359e-06
-200
-1.49608e-05
-8.76622e-07
-200
-2.58045e-05
-2.32843e-07
-200
-3.85738e-05
-4.53709e-07
-200
-5.33545e-05
-6.62252e-08
-200
-7.02833e-05
-1.65875e-07
-200
-8.94023e-05
5.03591e-08
-200
-0.000111368
6.28136e-08
-200
-0.000136313
3.22562e-07
-200
-0.000164476
4.52886e-07
1.18354e-05
-3.13093e-08
-200
3.06366e-05
2.13295e-06
-200
2.7818e-05
4.3191e-07
-200
2.34141e-05
8.18668e-07
-200
1.76747e-05
8.87518e-07
-200
1.01673e-05
-6.08093e-07
-200
2.03437e-06
-4.27586e-07
-200
-6.60111e-06
-4.59456e-07
-200
-1.65451e-05
-4.29278e-07
-200
-2.7935e-05
-8.71989e-07
-200
-4.11553e-05
-3.32557e-08
-200
-5.61898e-05
-2.35741e-07
-200
-7.36645e-05
-4.46328e-07
-200
-9.34864e-05
-7.62721e-08
-200
-0.000116223
1.14309e-07
-200
-0.00014198
1.89362e-07
-200
-0.000171545
2.59421e-07
1.24778e-05
-6.30031e-08
-200
2.77925e-05
7.78603e-07
-200
2.69921e-05
1.01821e-06
-200
2.14973e-05
4.10888e-07
-200
1.48875e-05
-2.76639e-07
-200
8.13067e-06
5.50525e-07
-200
3.11277e-07
2.25166e-07
-200
-8.66947e-06
-1.11452e-06
-200
-1.85483e-05
-4.11004e-07
-200
-3.00858e-05
1.01591e-08
-200
-4.32771e-05
-4.78829e-07
-200
-5.89726e-05
-1.70533e-07
-200
-7.67117e-05
-1.30556e-07
-200
-9.69599e-05
-3.71924e-08
-200
-0.000120235
-2.24213e-08
-200
-0.000146913
4.68253e-08
-200
-0.000177379
1.48213e-07
1.29681e-05
2.86229e-08
-200
2.57185e-05
1.2241e-06
-200
2.27829e-05
-2.02148e-07
-200
1.76548e-05
3.02717e-07
-200
1.17126e-05
6.14216e-07
-200
5.23473e-06
-1.97644e-07
-200
-1.87779e-06
-1.45899e-07
-200
-1.02986e-05
-5.53839e-08
-200
-2.02746e-05
-1.57324e-08
-200
-3.22121e-05
-5.49205e-07
-200
-4.56237e-05
-3.52386e-08
-200
-6.11136e-05
-4.29144e-07
-200
-7.91377e-05
-3.55166e-07
-200
-9.97846e-05
-1.77914e-07
-200
-0.000123468
2.22785e-09
-200
-0.000150505
-5.27214e-09
-200
-0.000181766
2.09488e-08
1.33244e-05
-2.73911e-08
-200
9.38189e-07
-200
1.58014e-05
1.35467e-06
-200
1.20399e-05
5.41462e-07
-200
8.68478e-06
-1.22961e-07
-200
3.52455e-06
7.82736e-07
-200
-3.71215e-06
2.34187e-08
-200
-1.23915e-05
-6.67285e-07
-200
-2.23426e-05
-2.65539e-07
-200
-3.40377e-05
9.57474e-08
-200
-4.7388e-05
-3.67664e-07
-200
-6.31912e-05
-1.24165e-07
-200
-8.1159e-05
-5.25016e-08
-200
-0.000101849
-8.59466e-08
-200
-0.000125662
-1.13402e-07
-200
-0.000153106
-1.61253e-07
-200
-0.000184686
-5.7014e-08
1.34904e-05
4.17025e-08
-200
1.39043e-05
1.3781e-06
-200
1.09503e-05
7.17674e-07
-200
6.339e-06
-8.67473e-08
-200
1.11676e-06
-5.49864e-07
-200
-5.80666e-06
-3.5076e-07
-200
-1.39892e-05
2.18328e-07
-200
-2.38745e-05
-2.60721e-07
-200
-3.56371e-05
-6.81755e-07
-200
-4.9064e-05
-1.04995e-07
-200
-6.4465e-05
-3.55283e-07
-200
-8.23682e-05
-3.80638e-07
-200
-0.000103081
-1.9993e-07
-200
-0.000126906
-5.50682e-08
-200
-0.000154261
4.18377e-10
-200
-0.000185978
-9.8039e-08
1.35733e-05
-1.55118e-07
-200
6.99924e-06
-2.35066e-07
-200
5.72502e-06
-3.5622e-06
-200
4.04348e-06
-3.95877e-06
-200
-4.56113e-07
-9.69441e-07
-200
-7.27262e-06
-6.72659e-07
-200
-1.56332e-05
-8.1185e-07
-200
-2.54842e-05
-4.86222e-07
-200
-3.68341e-05
5.32194e-08
-200
-4.99731e-05
-3.48311e-07
-200
-6.53737e-05
-2.91482e-07
-200
-8.30337e-05
-3.90336e-08
-200
-0.000103416
-8.13817e-08
-200
-0.000126956
-1.27155e-07
-200
-0.000154199
-2.66408e-07
-200
-0.000185671
-1.64365e-07
1.3441e-05
2.17732e-08
-200
1.45231e-05
-4.95114e-07
-200
1.0795e-05
-3.86469e-06
-200
5.39641e-06
-3.00655e-06
-200
-1.07924e-06
-2.38904e-06
-200
-8.17887e-06
-1.43968e-06
-200
-1.6524e-05
8.23769e-08
-200
-2.62316e-05
-6.23677e-07
-200
-3.76198e-05
-7.58012e-07
-200
-5.06377e-05
-1.36633e-07
-200
-6.54716e-05
-2.97671e-07
-200
-8.27476e-05
-3.01423e-07
-200
-0.000102796
-1.84315e-07
-200
-0.000125928
-3.81646e-08
-200
-0.000152573
-1.03239e-07
-200
-0.000183619
-1.32841e-07
1.31752e-05
-1.04595e-07
-200
1.54155e-05
-2.75537e-06
-200
1.08393e-05
-4.20855e-06
-200
5.25292e-06
-4.74089e-06
-200
-1.06653e-06
-1.64966e-06
-200
-8.56899e-06
-9.12219e-07
-200
-1.74384e-05
-8.46677e-07
-200
-2.70839e-05
-5.62069e-07
-200
-3.79225e-05
-9.16762e-08
-200
-5.0425e-05
-3.98605e-07
-200
-6.50257e-05
-3.01756e-07
-200
-8.18079e-05
-7.7262e-08
-200
-0.000101195
-6.59664e-08
-200
-0.000123655
-1.02284e-07
-200
-0.000149739
-2.24443e-07
-200
-0.00017998
-1.58626e-07
1.28054e-05
8.85487e-08
-200
1.69319e-05
-4.46525e-06
-200
1.06036e-05
-3.55019e-06
-200
5.29927e-06
-1.18797e-06
-200
-1.82189e-06
-1.53355e-06
-200
-9.23996e-06
-6.64119e-07
-200
-1.76684e-05
2.7931e-07
-200
-2.6963e-05
-6.11669e-07
-200
-3.77226e-05
-7.08686e-07
-200
-4.98579e-05
-3.03238e-08
-200
-6.37264e-05
-2.44738e-07
-200
-7.98549e-05
-2.58246e-07
-200
-9.86111e-05
-1.4622e-07
-200
-0.000120302
-6.44545e-09
-200
-0.000145365
-3.41712e-08
-200
-0.000174679
-1.1689e-07
1.23422e-05
-3.82141e-10
-200
1.67199e-05
-2.66049e-06
-200
1.02236e-05
-9.72991e-07
-200
4.2128e-06
-1.6694e-06
-200
-2.16667e-06
-3.06184e-07
-200
-9.66549e-06
-2.88501e-07
-200
-1.80559e-05
-5.30135e-07
-200
-2.70645e-05
-8.83833e-08
-200
-3.70535e-05
6.09895e-08
-200
-4.84948e-05
-3.83325e-07
-200
-6.18562e-05
-2.90984e-07
-200
-7.72316e-05
6.98296e-08
-200
-9.50526e-05
-7.061e-08
-200
-0.000115777
-9.059e-08
-200
-0.000139919
-1.51865e-08
-200
-0.000167925
-5.16076e-08
1.17883e-05
4.38841e-08
-200
1.63762e-05
-2.21722e-06
-200
9.5214e-06
-1.3089e-06
-200
3.91568e-06
2.54623e-07
-200
-2.99103e-06
-5.47646e-07
-200
-1.01444e-05
-1.54637e-07
-200
-1.77586e-05
5.20259e-07
-200
-2.61732e-05
-3.86643e-07
-200
-3.58346e-05
-5.16604e-07
-200
-4.67633e-05
1.8997e-08
-200
-5.9143e-05
-2.26487e-07
-200
-7.36841e-05
-2.19676e-07
-200
-9.06147e-05
-9.85529e-08
-200
-0.000110298
-1.3877e-08
-200
-0.000133076
1.12731e-07
-200
-0.000159712
-4.07878e-08
1.11501e-05
-2.49124e-08
-200
1.6718e-05
-1.31788e-06
-200
9.30539e-06
-5.56663e-07
-200
2.94002e-06
-1.10048e-06
-200
-3.16772e-06
3.49057e-08
-200
-1.00085e-05
-3.52363e-07
-200
-1.74448e-05
-3.75107e-07
-200
-2.54115e-05
6.71679e-08
-200
-3.41704e-05
2.07239e-07
-200
-4.42041e-05
-4.27991e-07
-200
-5.6029e-05
-6.53659e-08
-200
-6.95484e-05
1.15186e-07
-200
-8.53255e-05
-4.26254e-08
-200
-0.000103794
-1.25052e-07
-200
-0.000125334
1.08939e-07
-200
-0.000150256
3.29891e-08
1.04243e-05
-1.07453e-08
-200
1.7461e-05
-1.79676e-06
-200
8.83026e-06
-1.02146e-06
-200
2.7667e-06
-1.82554e-07
-200
-3.53237e-06
-1.06185e-06
-200
-9.88745e-06
-6.44409e-07
-200
-1.64207e-05
3.66828e-07
-200
-2.36139e-05
1.78514e-08
-200
-3.20002e-05
-4.27384e-07
-200
-4.14873e-05
2.79703e-07
-200
-5.20904e-05
-1.92207e-07
-200
-6.46232e-05
-9.13287e-08
-200
-7.93334e-05
8.95072e-10
-200
-9.65038e-05
-3.11252e-08
-200
-0.00011638
1.53094e-07
-200
-0.000139532
-8.35158e-08
9.61686e-06
-5.19952e-08
-200
1.38128e-05
-1.06499e-06
-200
7.35555e-06
-1.31899e-06
-200
1.66292e-06
-1.09822e-06
-200
-3.45177e-06
-5.297e-07
-200
-9.1651e-06
-3.99997e-07
-200
-1.53489e-05
-4.2119e-07
-200
-2.19833e-05
-5.7886e-08
-200
-2.9428e-05
2.17128e-07
-200
-3.79292e-05
-3.50052e-07
-200
-4.78806e-05
4.2419e-08
-200
-5.92587e-05
2.37567e-07
-200
-7.26099e-05
6.29364e-08
-200
-8.8322e-05
-1.61353e-07
-200
-0.000106605
4.19055e-08
-200
-0.000127664
-1.04803e-07
8.71731e-06
-1.34465e-08
-200
1.18057e-05
-1.70853e-06
-200
6.2479e-06
-1.22811e-06
-200
1.47652e-06
-1.03528e-06
-200
-3.5069e-06
-1.13839e-06
-200
-8.49466e-06
-5.83643e-07
-200
-1.37091e-05
1.74645e-07
-200
-1.95118e-05
-1.03726e-08
-200
-2.6483e-05
-4.02577e-07
-200
-3.43439e-05
3.85869e-07
-200
-4.29478e-05
-7.23013e-09
-200
-5.32535e-05
1.10803e-07
-200
-6.53562e-05
2.25264e-07
-200
-7.94423e-05
-3.74096e-09
-200
-9.57124e-05
-3.18253e-08
-200
-0.000114587
-3.02189e-07
7.74907e-06
-3.07907e-09
-200
1.08547e-05
-1.26366e-06
-200
5.48018e-06
-1.75873e-06
-200
1.01196e-06
-1.63768e-06
-200
-2.84719e-06
-1.09334e-06
-200
-7.24182e-06
-5.54466e-07
-200
-1.19986e-05
-4.65556e-07
-200
-1.72977e-05
-3.49601e-08
-200
-2.32293e-05
2.89603e-07
-200
-3.00264e-05
-1.07408e-07
-200
-3.7848e-05
3.33933e-07
-200
-4.68428e-05
4.26062e-07
-200
-5.73688e-05
1.61042e-07
-200
-6.96758e-05
-1.59381e-07
-200
-8.39758e-05
-2.35968e-07
-200
-0.000100396
-4.93325e-07
6.71184e-06
6.48172e-08
-200
1.02288e-05
-1.81047e-06
-200
4.88543e-06
-1.52606e-06
-200
1.33268e-06
-1.50012e-06
-200
-2.3744e-06
-1.29284e-06
-200
-6.09523e-06
-7.45387e-07
-200
-1.00524e-05
6.16219e-09
-200
-1.44696e-05
3.31607e-08
-200
-1.97522e-05
-1.04625e-07
-200
-2.56965e-05
6.50277e-07
-200
-3.20742e-05
4.45587e-07
-200
-3.9795e-05
3.72314e-07
-200
-4.88225e-05
2.46618e-07
-200
-5.92501e-05
-3.26436e-08
-200
-7.12e-05
-3.8145e-07
-200
-8.50812e-05
-7.19787e-07
5.62301e-06
1.22605e-07
-200
9.24254e-06
-1.75322e-06
-200
4.47884e-06
-2.00942e-06
-200
1.25564e-06
-1.74772e-06
-200
-1.58185e-06
-1.28705e-06
-200
-4.67987e-06
-6.87124e-07
-200
-8.17705e-06
-3.91169e-07
-200
-1.18337e-05
1.24495e-08
-200
-1.60251e-05
5.03718e-07
-200
-2.07015e-05
3.23356e-07
-200
-2.61051e-05
6.5256e-07
-200
-3.23669e-05
6.25953e-07
-200
-3.96044e-05
1.42593e-07
-200
-4.79768e-05
-2.64019e-07
-200
-5.76357e-05
-5.88766e-07
-200
-6.88067e-05
-9.4206e-07
4.44071e-06
2.04195e-07
-200
7.19145e-06
-2.22592e-06
-200
3.78994e-06
-1.80494e-06
-200
1.43824e-06
-1.58824e-06
-200
-1.06545e-06
-1.31413e-06
-200
-3.606e-06
-6.2314e-07
-200
-6.09994e-06
-1.42587e-07
-200
-8.8435e-06
1.50846e-07
-200
-1.20589e-05
2.49928e-07
-200
-1.56894e-05
8.48004e-07
-200
-1.96509e-05
7.91545e-07
-200
-2.43956e-05
5.31703e-07
-200
-2.99312e-05
1.77498e-07
-200
-3.61506e-05
-2.64063e-07
-200
-4.33088e-05
-6.97941e-07
-200
-5.16848e-05
-1.09703e-06
3.15848e-06
2.53163e-07
-200
4.68916e-06
-1.84809e-06
-200
2.74366e-06
-1.72354e-06
-200
1.03832e-06
-1.77755e-06
-200
-6.8481e-07
-1.27804e-06
-200
-2.32674e-06
-7.99198e-07
-200
-4.09752e-06
-3.81845e-07
-200
-5.92612e-06
-3.85144e-08
-200
-8.03287e-06
5.4828e-07
-200
-1.03014e-05
5.81818e-07
-200
-1.30431e-05
7.53131e-07
-200
-1.62353e-05
5.64036e-07
-200
-1.98037e-05
-1.16093e-07
-200
-2.38706e-05
-4.16903e-07
-200
-2.85938e-05
-8.38622e-07
-200
-3.40394e-05
-1.23593e-06
1.86655e-06
2.75956e-07
-200
1.96055e-06
-1.54995e-06
-200
1.15155e-06
-1.44181e-06
-200
3.49615e-07
-1.39962e-06
-200
-4.42593e-07
-1.24039e-06
-200
-1.35511e-06
-5.9005e-07
-200
-2.10665e-06
-2.50089e-07
-200
-2.95135e-06
2.20053e-07
-200
-3.91888e-06
3.82318e-07
-200
-5.06538e-06
7.72021e-07
-200
-6.30448e-06
7.40117e-07
-200
-7.85013e-06
3.28009e-07
-200
-9.56586e-06
-1.4671e-07
-200
-1.15113e-05
-4.13816e-07
-200
-1.37275e-05
-8.94082e-07
-200
-1.6284e-05
-1.28183e-06
7.47501e-07
2.69179e-07
-200
-2.33648e-06
-200
-1.81184e-06
-200
-1.72657e-06
-200
-1.32995e-06
-200
-8.47835e-07
-200
-3.5489e-07
-200
1.998e-08
-200
5.06714e-07
-200
7.85004e-07
-200
7.97025e-07
-200
4.60484e-07
-200
2.45683e-08
-200
-2.77646e-07
-200
-7.00432e-07
-200
-1.12545e-06
2.4215e-07
-200
-3.1012e-05
-200
-4.4087e-05
-200
-5.85496e-05
-1.45673e-07
-200
-7.51761e-05
-2.12912e-07
-200
-9.3602e-05
3.48397e-07
-200
-0.000114505
7.77643e-07
-200
-0.00013768
6.34992e-07
9.21242e-06
-1.93309e-07
-200
2.40506e-05
2.04839e-06
-200
2.29195e-05
1.89423e-06
-200
2.03057e-05
1.79213e-06
-200
1.6212e-05
1.01932e-06
-200
1.12392e-05
3.4982e-07
-200
5.11123e-06
-9.20368e-07
-200
-2.26748e-06
-9.71342e-07
-200
-1.09423e-05
-6.27744e-07
-200
-2.13973e-05
-1.45099e-06
-200
-3.38633e-05
8.98331e-09
-200
-4.67349e-05
-4.59553e-07
-200
-6.21548e-05
-7.05907e-07
-200
-8.00814e-05
1.07524e-07
-200
-0.000100271
7.78627e-07
-200
-0.000122524
9.09405e-07
-200
-0.000147461
1.10247e-06
1.02847e-05
-1.20309e-07
-200
2.73836e-05
2.28904e-06
-200
2.52074e-05
1.86859e-06
-200
2.22933e-05
1.58931e-06
-200
1.79902e-05
1.01817e-06
-200
1.17555e-05
4.48861e-07
-200
4.60729e-06
2.64753e-07
-200
-2.96925e-06
-4.59367e-07
-200
-1.25417e-05
-4.9982e-07
-200
-2.37846e-05
-1.28407e-07
-200
-3.58647e-05
-4.97356e-07
-200
-4.99413e-05
-6.92419e-07
-200
-6.66158e-05
2.93358e-07
-200
-8.49534e-05
4.52817e-07
-200
-0.000106121
2.51713e-07
-200
-0.000129818
6.1215e-07
-200
-0.000156423
5.7831e-07
1.10634e-05
-1.18694e-07
-200
2.87616e-05
2.26959e-06
-200
2.70204e-05
1.55699e-06
-200
2.31504e-05
1.15605e-06
-200
1.78021e-05
8.95255e-07
-200
1.16408e-05
5.77434e-07
-200
4.051e-06
-3.76651e-07
-200
-4.77071e-06
-2.0858e-07
-200
-1.4401e-05
-1.81035e-07
-200
-2.54196e-05
-7.09162e-07
-200
-3.84687e-05
5.95417e-09
-200
-5.31341e-05
4.027e-07
-200
-6.9929e-05
-5.71639e-07
-200
-8.93981e-05
1.76003e-07
-200
-0.000111662
4.12063e-07
-200
-0.00013654
5.61263e-07
-200
-0.000164718
7.19768e-07
1.17869e-05
-3.52206e-09
-200
2.93792e-05
1.79275e-06
-200
2.68894e-05
1.15219e-06
-200
2.26499e-05
9.75007e-07
-200
1.72351e-05
4.70882e-07
-200
1.0157e-05
1.88977e-07
-200
2.38957e-06
3.03754e-07
-200
-6.01918e-06
-6.01515e-07
-200
-1.62115e-05
-4.56453e-07
-200
-2.77467e-05
7.91937e-08
-200
-4.06475e-05
-3.64856e-07
-200
-5.60214e-05
-2.0538e-07
-200
-7.36452e-05
1.39141e-07
-200
-9.35463e-05
2.4632e-07
-200
-0.000116239
5.1271e-08
-200
-0.000142167
1.92901e-07
-200
-0.000171738
3.06683e-07
1.24539e-05
-2.97948e-08
-200
2.77792e-05
1.68754e-06
-200
2.57355e-05
8.36179e-07
-200
2.07968e-05
4.13998e-07
-200
1.47414e-05
4.58986e-07
-200
8.39211e-06
3.56714e-07
-200
7.63233e-07
-5.70109e-08
-200
-8.3526e-06
-1.56637e-07
-200
-1.8208e-05
4.17093e-08
-200
-2.95888e-05
-4.47473e-07
-200
-4.31949e-05
-6.88139e-08
-200
-5.86495e-05
1.60035e-07
-200
-7.63012e-05
-5.76647e-07
-200
-9.68628e-05
-1.01558e-07
-200
-0.000120408
2.20836e-07
-200
-0.000147057
2.80608e-07
-200
-0.0001776
3.58361e-07
1.29787e-05
3.68808e-08
-200
2.58481e-05
9.50699e-07
-200
2.22474e-05
5.08323e-07
-200
1.69822e-05
5.23651e-07
-200
1.18342e-05
4.77456e-09
-200
5.43048e-06
2.43323e-07
-200
-1.726e-06
2.41584e-07
-200
-1.00642e-05
-4.40722e-07
-200
-2.00078e-05
-1.1846e-07
-200
-3.1754e-05
4.26884e-08
-200
-4.5186e-05
-2.16746e-07
-200
-6.10961e-05
-4.18902e-07
-200
-7.91463e-05
1.99352e-07
-200
-9.98166e-05
1.02564e-07
-200
-0.000123396
-1.202e-07
-200
-0.000150581
-6.15423e-08
-200
-0.000181903
2.3855e-08
1.3337e-05
-1.53705e-09
-200
2.21538e-05
1.9123e-06
-200
1.78177e-05
1.99129e-07
-200
1.21301e-05
-2.77012e-07
-200
7.37212e-06
1.11514e-07
-200
2.57997e-06
1.43642e-07
-200
-4.03774e-06
-2.03137e-07
-200
-1.25354e-05
1.15351e-08
-200
-2.17549e-05
-8.10101e-08
-200
-3.36435e-05
-1.45045e-07
-200
-4.7333e-05
-4.01928e-08
-200
-6.29678e-05
1.46608e-07
-200
-8.07845e-05
-5.5371e-07
-200
-0.000101742
-1.89711e-07
-200
-0.000125774
9.88116e-08
-200
-0.000153181
4.56556e-08
-200
-0.000184796
5.71287e-08
1.35212e-05
2.40151e-08
-200
1.91328e-05
8.48643e-07
-200
1.14746e-05
1.66137e-07
-200
4.65171e-06
-9.802e-08
-200
1.86684e-06
-5.29231e-07
-200
-6.74191e-07
-4.48845e-07
-200
-6.32721e-06
-1.85031e-07
-200
-1.40954e-05
-2.21648e-07
-200
-2.34843e-05
-3.30235e-07
-200
-3.54325e-05
-1.55262e-07
-200
-4.86935e-05
-3.48393e-07
-200
-6.44349e-05
-4.76534e-07
-200
-8.25052e-05
2.35615e-07
-200
-0.000103116
6.92478e-09
-200
-0.000126788
-2.17428e-07
-200
-0.000154231
-7.82182e-08
-200
-0.000186006
-2.0289e-07
1.35238e-05
-5.97569e-08
-200
2.06961e-06
-200
7.92645e-06
6.80892e-07
-200
6.55805e-06
-1.16109e-06
-200
2.48441e-06
-1.72252e-06
-200
-1.44164e-06
-1.48125e-06
-200
-7.54585e-06
-1.0634e-06
-200
-1.5856e-05
-3.50069e-07
-200
-2.50498e-05
-2.00263e-07
-200
-3.65918e-05
-3.65571e-07
-200
-5.00179e-05
-4.91277e-08
-200
-6.5225e-05
-1.22516e-07
-200
-8.27467e-05
-5.86721e-07
-200
-0.00010333
-2.31904e-07
-200
-0.000127029
3.58886e-08
-200
-0.000154198
-1.01009e-07
-200
-0.000185692
-6.75556e-08
1.34243e-05
-2.09017e-08
-200
1.06331e-05
1.17568e-06
-200
8.78993e-06
-7.77345e-07
-200
5.0727e-06
-3.40408e-06
-200
-1.09758e-06
-3.54341e-06
-200
-8.24986e-06
-1.40784e-06
-200
-1.63462e-05
-7.65703e-07
-200
-2.61082e-05
-7.19605e-07
-200
-3.74921e-05
-4.63951e-07
-200
-5.03286e-05
-4.94163e-07
-200
-6.54359e-05
-5.33969e-07
-200
-8.29396e-05
2.45877e-07
-200
-0.000102839
-6.48042e-08
-200
-0.000125783
-2.32765e-07
-200
-0.000152497
-2.28741e-07
-200
-0.000183552
-2.73529e-07
1.31592e-05
-5.457e-08
-200
1.3599e-05
7.95705e-07
-200
1.23358e-05
-1.54965e-06
-200
7.94782e-06
-3.99236e-06
-200
9.26441e-08
-4.02332e-06
-200
-8.15177e-06
-1.85663e-06
-200
-1.73349e-05
-5.68417e-07
-200
-2.6727e-05
-4.59666e-07
-200
-3.77301e-05
-6.72024e-07
-200
-5.05821e-05
-1.56109e-07
-200
-6.50003e-05
-9.82382e-08
-200
-8.16116e-05
-6.35588e-07
-200
-0.000101116
-2.89607e-07
-200
-0.000123681
-8.89229e-10
-200
-0.000149683
-1.12136e-07
-200
-0.000179935
-5.63524e-08
1.28233e-05
3.46324e-08
-200
1.80598e-05
-2.59627e-06
-200
1.31996e-05
-2.39773e-06
-200
6.8539e-06
-3.93337e-06
-200
-8.15476e-07
-2.45558e-06
-200
-8.92059e-06
-9.71118e-07
-200
-1.73456e-05
-7.19036e-07
-200
-2.70173e-05
-8.22298e-07
-200
-3.77081e-05
-5.16706e-07
-200
-4.96666e-05
-5.647e-07
-200
-6.37897e-05
-5.70902e-07
-200
-8.01271e-05
2.21199e-07
-200
-9.86614e-05
-5.04942e-08
-200
-0.000120125
-2.14023e-07
-200
-0.000145268
-1.9404e-07
-200
-0.000174555
-2.19845e-07
1.23712e-05
-4.11062e-08
-200
1.76264e-05
-3.34058e-06
-200
1.098e-05
-3.08233e-06
-200
4.59182e-06
-2.08913e-06
-200
-1.84671e-06
-1.5745e-06
-200
-9.48625e-06
-1.06663e-06
-200
-1.80558e-05
-3.12483e-07
-200
-2.68747e-05
-1.9946e-07
-200
-3.69175e-05
-6.60199e-07
-200
-4.87446e-05
-2.05374e-07
-200
-6.19398e-05
-1.3406e-07
-200
-7.70692e-05
-5.66989e-07
-200
-9.49342e-05
-3.83624e-07
-200
-0.000115748
9.03968e-09
-200
-0.000139814
-1.51871e-08
-200
-0.000167849
2.32753e-08
1.18318e-05
-2.28286e-08
-200
1.71205e-05
-2.43702e-06
-200
9.21367e-06
-1.0561e-06
-200
3.58743e-06
-1.18037e-06
-200
-3.08874e-06
-8.09308e-07
-200
-1.02392e-05
-3.26823e-07
-200
-1.77003e-05
-4.42609e-07
-200
-2.63862e-05
-7.03188e-07
-200
-3.59737e-05
-2.56581e-07
-200
-4.66642e-05
-5.81812e-07
-200
-5.92699e-05
-5.96445e-07
-200
-7.38893e-05
2.19325e-07
-200
-9.06358e-05
-1.33767e-08
-200
-0.000110112
-1.74615e-07
-200
-0.00013302
-5.52998e-08
-200
-0.000159654
-1.25673e-07
1.11957e-05
-1.00937e-07
-200
1.72838e-05
-1.27597e-06
-200
8.77694e-06
-1.00473e-06
-200
2.25202e-06
-7.15768e-07
-200
-3.70747e-06
-6.91271e-07
-200
-1.02985e-05
-9.37638e-07
-200
-1.76632e-05
-2.56468e-07
-200
-2.53657e-05
-1.65969e-07
-200
-3.41438e-05
-5.16258e-07
-200
-4.44884e-05
-3.737e-07
-200
-5.60212e-05
8.6856e-08
-200
-6.93116e-05
-4.18293e-07
-200
-8.51698e-05
-4.12819e-07
-200
-0.000103823
8.67067e-09
-200
-0.000125306
4.39048e-08
-200
-0.000150312
6.60517e-08
1.04584e-05
-8.65768e-08
-200
1.79505e-05
-3.61003e-07
-200
8.28172e-06
-7.00068e-07
-200
1.91787e-06
-9.84117e-07
-200
-4.20496e-06
-1.10229e-06
-200
-1.02878e-05
-6.17531e-07
-200
-1.65393e-05
-4.85172e-07
-200
-2.38562e-05
-5.59068e-07
-200
-3.21263e-05
-2.84674e-07
-200
-4.12539e-05
-3.06173e-07
-200
-5.20012e-05
-5.74941e-07
-200
-6.46214e-05
2.29777e-07
-200
-7.93052e-05
8.78578e-08
-200
-9.64123e-05
-2.37823e-07
-200
-0.000116444
-3.84066e-08
-200
-0.000139675
-1.68219e-07
9.63215e-06
-1.30305e-07
-200
1.40441e-05
-1.1212e-06
-200
6.84608e-06
-1.4631e-06
-200
1.12381e-06
-1.12069e-06
-200
-4.07367e-06
-1.01195e-06
-200
-9.51147e-06
-9.41158e-07
-200
-1.55298e-05
-4.76402e-07
-200
-2.19834e-05
-3.62602e-07
-200
-2.93666e-05
-4.65863e-07
-200
-3.79563e-05
-4.06072e-07
-200
-4.75886e-05
1.76193e-07
-200
-5.88984e-05
-1.99496e-07
-200
-7.2336e-05
-4.17125e-07
-200
-8.84504e-05
-9.10534e-08
-200
-0.000106782
-5.27263e-09
-200
-0.000127925
-1.23204e-07
8.70505e-06
-7.56885e-08
-200
1.17863e-05
-1.75298e-06
-200
5.81363e-06
-1.55903e-06
-200
9.76992e-07
-1.64273e-06
-200
-3.82321e-06
-1.22645e-06
-200
-8.63473e-06
-7.4173e-07
-200
-1.36987e-05
-6.44339e-07
-200
-1.97336e-05
-6.02245e-07
-200
-2.65179e-05
-3.66247e-07
-200
-3.3821e-05
-1.23567e-07
-200
-4.2548e-05
-5.06114e-07
-200
-5.30455e-05
3.00755e-07
-200
-6.51842e-05
2.61514e-07
-200
-7.94551e-05
-2.52329e-07
-200
-9.59359e-05
-2.4723e-07
-200
-0.000114888
-4.41844e-07
7.71538e-06
-6.80862e-08
-200
1.05355e-05
-1.59209e-06
-200
5.08014e-06
-2.05338e-06
-200
8.38657e-07
-1.73144e-06
-200
-3.09865e-06
-1.47843e-06
-200
-7.27341e-06
-1.16239e-06
-200
-1.2076e-05
-6.74575e-07
-200
-1.71995e-05
-4.46357e-07
-200
-2.30384e-05
-5.27903e-07
-200
-2.97287e-05
-1.7372e-07
-200
-3.73447e-05
4.06532e-07
-200
-4.63853e-05
9.72385e-09
-200
-5.72068e-05
-2.01137e-07
-200
-6.98449e-05
-2.45736e-07
-200
-8.42387e-05
-3.08976e-07
-200
-0.000100746
-5.58786e-07
6.65747e-06
3.49614e-09
-200
9.48369e-06
-1.95064e-06
-200
4.87547e-06
-2.02508e-06
-200
1.28004e-06
-2.05411e-06
-200
-2.30213e-06
-1.54561e-06
-200
-6.04181e-06
-1.04189e-06
-200
-9.92662e-06
-8.13833e-07
-200
-1.44247e-05
-7.68907e-07
-200
-1.96577e-05
-1.86638e-07
-200
-2.50239e-05
1.6529e-07
-200
-3.16299e-05
2.8952e-08
-200
-3.96088e-05
4.23343e-07
-200
-4.86806e-05
-5.16912e-08
-200
-5.93072e-05
-2.73516e-07
-200
-7.14252e-05
-6.02401e-07
-200
-8.53703e-05
-9.06751e-07
5.56956e-06
4.15239e-08
-200
8.59632e-06
-1.89387e-06
-200
4.66247e-06
-2.25046e-06
-200
1.55393e-06
-1.98878e-06
-200
-1.44934e-06
-1.68903e-06
-200
-4.66243e-06
-1.35577e-06
-200
-7.99929e-06
-9.06625e-07
-200
-1.17367e-05
-4.02554e-07
-200
-1.57072e-05
-2.89861e-07
-200
-2.03298e-05
4.65801e-08
-200
-2.57781e-05
5.6284e-07
-200
-3.21005e-05
1.83099e-07
-200
-3.95373e-05
-2.17448e-07
-200
-4.8131e-05
-4.35161e-07
-200
-5.78435e-05
-7.0316e-07
-200
-6.90676e-05
-1.04688e-06
4.39873e-06
1.20529e-07
-200
7.53742e-06
-2.20428e-06
-200
4.29725e-06
-2.11819e-06
-200
1.86305e-06
-2.09956e-06
-200
-7.79379e-07
-1.77056e-06
-200
-3.39422e-06
-1.20288e-06
-200
-5.91405e-06
-9.8537e-07
-200
-8.7689e-06
-6.47642e-07
-200
-1.19191e-05
8.98937e-09
-200
-1.53354e-05
3.88094e-07
-200
-1.9482e-05
3.54646e-07
-200
-2.44042e-05
3.52827e-07
-200
-2.99529e-05
-3.17897e-08
-200
-3.62601e-05
-5.1042e-07
-200
-4.34485e-05
-8.97309e-07
-200
-5.18455e-05
-1.27276e-06
3.13122e-06
1.47713e-07
-200
4.99779e-06
-1.9094e-06
-200
3.21287e-06
-2.01493e-06
-200
1.45719e-06
-2.01221e-06
-200
-4.21469e-07
-1.6725e-06
-200
-2.23518e-06
-1.44072e-06
-200
-3.979e-06
-1.05688e-06
-200
-5.91875e-06
-4.14517e-07
-200
-7.89469e-06
-5.82455e-08
-200
-1.02743e-05
2.89626e-07
-200
-1.3066e-05
5.30002e-07
-200
-1.62317e-05
1.73575e-07
-200
-1.98885e-05
-4.60612e-07
-200
-2.40051e-05
-6.12799e-07
-200
-2.86996e-05
-9.52049e-07
-200
-3.41352e-05
-1.3367e-06
1.8558e-06
1.66571e-07
-200
2.32515e-06
-1.80391e-06
-200
1.5313e-06
-1.69061e-06
-200
6.2919e-07
-1.72622e-06
-200
-2.37796e-07
-1.64165e-06
-200
-1.19684e-06
-1.19388e-06
-200
-2.01142e-06
-7.79336e-07
-200
-2.97703e-06
-3.33669e-07
-200
-3.94903e-06
9.66296e-08
-200
-5.0112e-06
4.88288e-07
-200
-6.42418e-06
4.44022e-07
-200
-7.96492e-06
1.62143e-07
-200
-9.71764e-06
-2.89776e-07
-200
-1.15828e-05
-5.61497e-07
-200
-1.37926e-05
-9.97735e-07
-200
-1.63136e-05
-1.33097e-06
7.20801e-07
1.4649e-07
-200
-2.62386e-06
-200
-2.26097e-06
-200
-2.24057e-06
-200
-1.81549e-06
-200
-1.51811e-06
-200
-9.42995e-07
-200
-5.23695e-07
-200
1.0998e-07
-200
4.3598e-07
-200
4.88173e-07
-200
2.09814e-07
-200
-2.36203e-07
-200
-4.98654e-07
-200
-8.13446e-07
-200
-1.18174e-06
1.0108e-07
-200
-5.88959e-05
-200
-7.54225e-05
-200
-9.4124e-05
-200
-0.000114428
1.16362e-06
-200
-0.000137772
4.92336e-07
9.18712e-06
-3.57525e-08
-200
2.39509e-05
2.02745e-06
-200
2.27209e-05
1.89467e-06
-200
1.99591e-05
1.70956e-06
-200
1.60802e-05
1.4054e-06
-200
1.09635e-05
1.01459e-06
-200
4.59953e-06
5.68411e-07
-200
-2.76586e-06
3.92329e-07
-200
-1.12939e-05
3.56878e-07
-200
-2.09214e-05
-3.73603e-07
-200
-3.25807e-05
5.44912e-07
-200
-4.70183e-05
3.64403e-07
-200
-6.29537e-05
-2.28167e-07
-200
-8.01835e-05
6.51202e-07
-200
-0.000100294
1.0925e-06
-200
-0.000122521
5.48183e-07
-200
-0.000147562
9.74754e-07
1.03316e-05
-3.68953e-08
-200
2.59609e-05
2.20684e-06
-200
2.51752e-05
1.83282e-06
-200
2.18917e-05
1.61436e-06
-200
1.72799e-05
1.34734e-06
-200
1.14732e-05
1.03085e-06
-200
4.64332e-06
7.7639e-07
-200
-3.38496e-06
4.11118e-07
-200
-1.23623e-05
4.8337e-07
-200
-2.2656e-05
6.57141e-07
-200
-3.52323e-05
4.46342e-08
-200
-5.01702e-05
2.73969e-07
-200
-6.64553e-05
5.98335e-07
-200
-8.47519e-05
7.81096e-07
-200
-0.00010627
2.17144e-07
-200
-0.000130173
7.94507e-07
-200
-0.000156752
5.66119e-07
1.10173e-05
3.81472e-08
-200
2.76294e-05
1.94308e-06
-200
2.64371e-05
1.53323e-06
-200
2.26875e-05
1.29331e-06
-200
1.76409e-05
1.07554e-06
-200
1.13365e-05
8.48346e-07
-200
3.83313e-06
4.89733e-07
-200
-4.43279e-06
4.95373e-07
-200
-1.38751e-05
4.60737e-07
-200
-2.48636e-05
-1.69548e-08
-200
-3.77842e-05
5.5157e-07
-200
-5.2841e-05
4.3848e-07
-200
-6.98115e-05
-2.95853e-07
-200
-8.9115e-05
2.67094e-07
-200
-0.000111727
8.91742e-07
-200
-0.000136685
3.28137e-07
-200
-0.000164934
7.01432e-07
1.17407e-05
3.74671e-08
-200
2.81571e-05
1.60495e-06
-200
2.63816e-05
1.32591e-06
-200
2.21916e-05
1.10602e-06
-200
1.67002e-05
8.92138e-07
-200
1.01481e-05
6.96309e-07
-200
2.62756e-06
5.91507e-07
-200
-6.04848e-06
1.76977e-07
-200
-1.58466e-05
3.31142e-07
-200
-2.70828e-05
4.68619e-07
-200
-4.04145e-05
-1.03505e-07
-200
-5.56484e-05
3.50383e-07
-200
-7.30816e-05
4.48462e-07
-200
-9.30488e-05
4.27249e-07
-200
-0.000116399
-2.25378e-08
-200
-0.000142448
4.16853e-07
-200
-0.000172034
3.21344e-07
1.24021e-05
5.79496e-08
-200
2.76708e-05
1.45818e-06
-200
2.48996e-05
9.5807e-07
-200
2.01842e-05
7.60646e-07
-200
1.47187e-05
6.45686e-07
-200
8.22254e-06
5.53497e-07
-200
7.05897e-07
3.31984e-07
-200
-7.95547e-06
3.6589e-07
-200
-1.78492e-05
3.98934e-07
-200
-2.94022e-05
-6.77858e-08
-200
-4.27965e-05
3.53477e-07
-200
-5.8216e-05
2.20393e-07
-200
-7.60671e-05
-2.96807e-07
-200
-9.66918e-05
4.66027e-08
-200
-0.000120345
5.79318e-07
-200
-0.000147079
1.83197e-07
-200
-0.000177738
3.99056e-07
1.29589e-05
3.11427e-08
-200
2.55446e-05
1.14008e-06
-200
2.17996e-05
7.85856e-07
-200
1.68035e-05
5.7788e-07
-200
1.13396e-05
4.2094e-07
-200
5.41015e-06
3.91627e-07
-200
-1.63526e-06
3.78172e-07
-200
-1.01695e-05
3.77821e-08
-200
-2.00052e-05
2.85429e-07
-200
-3.16151e-05
3.32318e-07
-200
-4.49505e-05
-1.6932e-07
-200
-6.07397e-05
1.66153e-07
-200
-7.86854e-05
4.78198e-07
-200
-9.94984e-05
2.78259e-07
-200
-0.000123456
-2.58674e-07
-200
-0.000150729
1.52873e-07
-200
-0.000182077
8.62634e-08
1.33156e-05
4.70653e-08
-200
2.30601e-05
1.14033e-06
-200
1.73094e-05
2.74623e-07
-200
1.1335e-05
1.02546e-07
-200
6.67204e-06
2.13111e-07
-200
1.91696e-06
2.21058e-07
-200
-4.39877e-06
8.05545e-08
-200
-1.23432e-05
2.07009e-07
-200
-2.20195e-05
1.06156e-07
-200
-3.36171e-05
3.80965e-08
-200
-4.68165e-05
2.46474e-07
-200
-6.26622e-05
4.57123e-08
-200
-8.05961e-05
-5.38481e-07
-200
-0.000101712
-1.15401e-07
-200
-0.000125669
4.14385e-07
-200
-0.000153137
3.17073e-08
-200
-0.000184855
1.15434e-07
1.35267e-05
-9.41519e-09
-200
1.96159e-05
7.77965e-07
-200
1.09267e-05
2.09082e-07
-200
3.17636e-06
-8.81603e-08
-200
-1.10805e-07
-1.98354e-07
-200
-2.04221e-06
-1.2157e-07
-200
-7.0186e-06
8.00745e-09
-200
-1.43509e-05
-2.0718e-08
-200
-2.39423e-05
-1.53273e-08
-200
-3.52732e-05
-4.26012e-08
-200
-4.84992e-05
-3.59315e-07
-200
-6.42176e-05
-5.65336e-08
-200
-8.20798e-05
3.77812e-07
-200
-0.000102934
1.25309e-07
-200
-0.000126825
-4.16222e-07
-200
-0.000154297
9.80494e-08
-200
-0.000186104
-1.56123e-07
1.35305e-05
1.70592e-08
-200
1.53082e-05
5.87214e-07
-200
1.00852e-05
-2.07356e-07
-200
6.45834e-06
-7.202e-07
-200
-1.97133e-07
-9.03844e-07
-200
-5.07515e-06
-6.67466e-07
-200
-8.87185e-06
-4.66996e-07
-200
-1.58515e-05
-2.46079e-07
-200
-2.52879e-05
-2.86941e-07
-200
-3.66404e-05
-1.96581e-07
-200
-4.96216e-05
1.35778e-07
-200
-6.5121e-05
-1.97072e-07
-200
-8.27011e-05
-7.10845e-07
-200
-0.00010336
-2.57046e-07
-200
-0.000126916
2.70439e-07
-200
-0.000154074
-1.22042e-07
-200
-0.00018566
2.15881e-09
1.34316e-05
-8.02542e-08
-200
-2.93229e-07
-200
8.14691e-06
-1.74751e-06
-200
8.2174e-06
-1.43883e-06
-200
3.95287e-06
-1.46875e-06
-200
-1.8096e-06
-1.38525e-06
-200
-8.60754e-06
-8.12512e-07
-200
-1.66258e-05
-6.00208e-07
-200
-2.63447e-05
-4.54836e-07
-200
-3.74133e-05
-4.57479e-07
-200
-5.02956e-05
-5.94459e-07
-200
-6.54249e-05
-2.93001e-07
-200
-8.27086e-05
2.77191e-07
-200
-0.000102722
-2.46351e-08
-200
-0.000125803
-5.17531e-07
-200
-0.000152534
1.06086e-08
-200
-0.000183577
-2.742e-07
1.31673e-05
-8.37585e-09
-200
1.16793e-05
-1.04067e-07
-200
1.01679e-05
-9.75735e-07
-200
8.38416e-06
-2.4213e-06
-200
1.81489e-06
-2.19616e-06
-200
-8.04309e-06
-1.28612e-06
-200
-1.69038e-05
-5.93889e-07
-200
-2.67217e-05
-7.27799e-07
-200
-3.78211e-05
-5.30716e-07
-200
-5.03607e-05
-6.07878e-08
-200
-6.50221e-05
-2.41572e-07
-200
-8.17449e-05
-8.54565e-07
-200
-0.000101171
-3.93279e-07
-200
-0.000123542
1.46032e-07
-200
-0.000149521
-2.07813e-07
-200
-0.000179806
-3.31792e-08
1.28401e-05
-5.14995e-08
-200
1.55355e-05
-7.49551e-07
-200
1.335e-05
-1.54912e-06
-200
9.31897e-06
-3.63703e-06
-200
6.37267e-07
-3.36434e-06
-200
-8.29966e-06
-1.33893e-06
-200
-1.73319e-05
-8.70232e-07
-200
-2.70356e-05
-7.55837e-07
-200
-3.76579e-05
-6.09093e-07
-200
-4.98714e-05
-7.822e-07
-200
-6.39273e-05
-4.40271e-07
-200
-7.99996e-05
1.79844e-07
-200
-9.84984e-05
-1.06577e-07
-200
-0.000120075
-5.46496e-07
-200
-0.000145237
-1.27379e-07
-200
-0.000174497
-2.56018e-07
1.23914e-05
-5.3671e-08
-200
1.99051e-05
-1.59093e-06
-200
1.3341e-05
-2.59263e-06
-200
6.4891e-06
-3.60511e-06
-200
-1.23587e-06
-2.05611e-06
-200
-9.30699e-06
-1.23628e-06
-200
-1.7706e-05
-6.16236e-07
-200
-2.68002e-05
-7.22963e-07
-200
-3.71238e-05
-6.69781e-07
-200
-4.87133e-05
-2.75222e-07
-200
-6.20096e-05
-3.75986e-07
-200
-7.71639e-05
-8.94585e-07
-200
-9.49326e-05
-5.58091e-07
-200
-0.000115553
8.70658e-08
-200
-0.000139607
-3.09018e-07
-200
-0.000167718
-2.50377e-08
1.18646e-05
-1.00604e-07
-200
1.86322e-05
-1.82659e-06
-200
9.89007e-06
-1.73228e-06
-200
3.70724e-06
-1.58787e-06
-200
-2.92015e-06
-1.26095e-06
-200
-1.00204e-05
-8.6805e-07
-200
-1.78553e-05
-8.41652e-07
-200
-2.64415e-05
-8.52247e-07
-200
-3.59864e-05
-4.87417e-07
-200
-4.69191e-05
-9.26779e-07
-200
-5.93929e-05
-5.23133e-07
-200
-7.36875e-05
1.91045e-07
-200
-9.03375e-05
-1.63089e-07
-200
-0.000110013
-5.44755e-07
-200
-0.000133044
2.70905e-08
-200
-0.000159658
-2.49267e-07
1.12138e-05
-1.18583e-07
-200
1.98475e-05
-2.18707e-06
-200
8.65099e-06
-1.11699e-06
-200
2.25596e-06
-1.26951e-06
-200
-3.98939e-06
-1.08431e-06
-200
-1.06286e-05
-9.62891e-07
-200
-1.76184e-05
-6.68508e-07
-200
-2.53963e-05
-7.63417e-07
-200
-3.43598e-05
-7.09654e-07
-200
-4.44017e-05
-4.87673e-07
-200
-5.5827e-05
-4.35997e-07
-200
-6.91835e-05
-8.03294e-07
-200
-8.51036e-05
-5.44599e-07
-200
-0.000103554
2.17668e-08
-200
-0.00012523
-3.88623e-07
-200
-0.000150338
-4.79011e-08
1.04744e-05
-1.49033e-07
-200
1.7067e-05
-3.26087e-06
-200
7.68887e-06
-1.90269e-06
-200
1.27337e-06
-1.26366e-06
-200
-4.61919e-06
-1.14227e-06
-200
-1.0489e-05
-9.8963e-07
-200
-1.68688e-05
-9.0824e-07
-200
-2.40313e-05
-8.41564e-07
-200
-3.20468e-05
-6.34266e-07
-200
-4.11949e-05
-8.58131e-07
-200
-5.18462e-05
-5.58769e-07
-200
-6.42164e-05
3.62925e-08
-200
-7.89232e-05
-1.77097e-07
-200
-9.62959e-05
-5.91023e-07
-200
-0.000116617
-5.93162e-08
-200
-0.000139861
-3.24631e-07
9.61531e-06
-1.44905e-07
-200
1.42876e-05
-2.13224e-06
-200
6.2684e-06
-1.48764e-06
-200
7.57986e-07
-1.46566e-06
-200
-4.56983e-06
-1.25729e-06
-200
-9.93551e-06
-1.09744e-06
-200
-1.56199e-05
-9.06594e-07
-200
-2.20288e-05
-9.26093e-07
-200
-2.92968e-05
-7.90349e-07
-200
-3.75498e-05
-6.02605e-07
-200
-4.71201e-05
-4.29095e-07
-200
-5.85375e-05
-6.67254e-07
-200
-7.23384e-05
-6.55616e-07
-200
-8.82533e-05
-1.0807e-07
-200
-0.000106843
-4.13256e-07
-200
-0.000128147
-2.29751e-07
8.6737e-06
-1.3904e-07
-200
1.19282e-05
-1.84003e-06
-200
5.51079e-06
-2.00083e-06
-200
5.0231e-07
-1.58123e-06
-200
-4.08858e-06
-1.42758e-06
-200
-8.7859e-06
-1.16146e-06
-200
-1.3954e-05
-1.09908e-06
-200
-1.97285e-05
-9.73755e-07
-200
-2.61409e-05
-7.28244e-07
-200
-3.34356e-05
-7.7645e-07
-200
-4.21853e-05
-6.53694e-07
-200
-5.25747e-05
-6.38744e-08
-200
-6.48493e-05
-2.61854e-07
-200
-7.94053e-05
-6.3375e-07
-200
-9.62047e-05
-2.9711e-07
-200
-0.000115231
-5.07687e-07
7.6515e-06
-1.11249e-07
-200
1.03621e-05
-1.94257e-06
-200
4.89264e-06
-1.82522e-06
-200
7.53745e-07
-1.8312e-06
-200
-3.31866e-06
-1.57335e-06
-200
-7.48903e-06
-1.39232e-06
-200
-1.20219e-05
-1.13258e-06
-200
-1.70472e-05
-1.06736e-06
-200
-2.27153e-05
-1.01202e-06
-200
-2.91577e-05
-4.75181e-07
-200
-3.6708e-05
-3.9257e-07
-200
-4.6078e-05
-6.09103e-07
-200
-5.70052e-05
-6.96004e-07
-200
-6.98446e-05
-3.29532e-07
-200
-8.44263e-05
-5.41942e-07
-200
-0.000101046
-5.60605e-07
6.59506e-06
-9.62111e-08
-200
9.18189e-06
-2.03677e-06
-200
4.86427e-06
-2.26237e-06
-200
1.17883e-06
-1.95156e-06
-200
-2.29522e-06
-1.75328e-06
-200
-5.93836e-06
-1.47304e-06
-200
-9.9276e-06
-1.33719e-06
-200
-1.43329e-05
-1.25491e-06
-200
-1.90454e-05
-7.48636e-07
-200
-2.45254e-05
-7.22379e-07
-200
-3.12883e-05
-3.73815e-07
-200
-3.92764e-05
-1.49669e-07
-200
-4.85074e-05
-5.77693e-07
-200
-5.9328e-05
-7.42766e-07
-200
-7.16791e-05
-6.15217e-07
-200
-8.56991e-05
-8.37912e-07
5.50744e-06
-7.14564e-08
-200
8.50301e-06
-2.20877e-06
-200
4.85541e-06
-2.14052e-06
-200
1.7482e-06
-2.07679e-06
-200
-1.29949e-06
-1.87179e-06
-200
-4.52924e-06
-1.6578e-06
-200
-7.8207e-06
-1.43916e-06
-200
-1.1424e-05
-1.13315e-06
-200
-1.53035e-05
-1.00515e-06
-200
-1.99584e-05
-4.86979e-07
-200
-2.54349e-05
-4.44784e-07
-200
-3.1995e-05
-5.81385e-07
-200
-3.94936e-05
-7.69227e-07
-200
-4.82352e-05
-4.91462e-07
-200
-5.79754e-05
-8.04105e-07
-200
-6.92704e-05
-9.13657e-07
4.35398e-06
-5.07898e-08
-200
7.6832e-06
-2.23348e-06
-200
4.77869e-06
-2.37806e-06
-200
2.12025e-06
-2.20324e-06
-200
-5.15238e-07
-2.00568e-06
-200
-3.01789e-06
-1.78135e-06
-200
-5.74132e-06
-1.60649e-06
-200
-8.49573e-06
-1.34063e-06
-200
-1.15054e-05
-7.37912e-07
-200
-1.51139e-05
-6.98179e-07
-200
-1.94695e-05
-3.74528e-07
-200
-2.43811e-05
-3.04893e-07
-200
-2.99695e-05
-5.32488e-07
-200
-3.62811e-05
-8.80403e-07
-200
-4.35706e-05
-8.68447e-07
-200
-5.19675e-05
-1.08088e-06
3.09035e-06
-4.25661e-08
-200
5.44313e-06
-2.21502e-06
-200
3.68108e-06
-2.13354e-06
-200
1.95239e-06
-2.1787e-06
-200
-1.20401e-08
-2.02162e-06
-200
-1.84177e-06
-1.80224e-06
-200
-3.72986e-06
-1.69688e-06
-200
-5.52928e-06
-1.15023e-06
-200
-7.63599e-06
-9.99892e-07
-200
-1.02373e-05
-4.76074e-07
-200
-1.30706e-05
-4.91252e-07
-200
-1.63387e-05
-6.20072e-07
-200
-2.0015e-05
-8.82208e-07
-200
-2.40704e-05
-7.32277e-07
-200
-2.8701e-05
-9.55138e-07
-200
-3.41397e-05
-1.07411e-06
1.78977e-06
-3.67589e-08
-200
2.7752e-06
-1.97208e-06
-200
2.05662e-06
-2.00128e-06
-200
1.16194e-06
-1.95078e-06
-200
1.15177e-07
-1.81175e-06
-200
-7.93246e-07
-1.79094e-06
-200
-1.76131e-06
-1.31578e-06
-200
-2.62146e-06
-1.14402e-06
-200
-3.76244e-06
-6.09685e-07
-200
-5.03536e-06
-5.82366e-07
-200
-6.46499e-06
-3.39722e-07
-200
-8.05692e-06
-4.83714e-07
-200
-9.72028e-06
-6.1405e-07
-200
-1.15892e-05
-8.42975e-07
-200
-1.37695e-05
-8.89587e-07
-200
-1.62559e-05
-1.03232e-06
6.21915e-07
-4.96975e-08
-200
-2.38463e-06
-200
-2.21789e-06
-200
-2.13528e-06
-200
-2.0191e-06
-200
-1.72069e-06
-200
-1.47166e-06
-200
-1.01891e-06
-200
-6.94572e-07
-200
-3.90794e-07
-200
-3.24909e-07
-200
-4.40683e-07
-200
-6.31534e-07
-200
-6.70715e-07
-200
-7.81266e-07
-200
-9.31301e-07
-1.13611e-07
-200
-0.000102227
-200
-0.000126515
1.01375e-05
-200
3.60855e-05
-200
3.56812e-05
-200
3.31107e-05
-200
2.95625e-05
-200
2.48015e-05
-200
1.88852e-05
-200
1.17735e-05
-200
3.26294e-06
-200
-6.79888e-06
-200
-1.83307e-05
-200
-3.18904e-05
-200
-4.77062e-05
-200
-6.61113e-05
-200
-8.66541e-05
-200
-0.000109779
-200
-0.000135193
1.1237e-05
-200
4.01888e-05
-200
3.93525e-05
-200
3.65438e-05
-200
3.23616e-05
-200
2.69085e-05
-200
2.03183e-05
-200
1.25159e-05
-200
3.54986e-06
-200
-6.80132e-06
-200
-1.92451e-05
-200
-3.36006e-05
-200
-5.00004e-05
-200
-6.91561e-05
-200
-9.219e-05
-200
-0.000116285
-200
-0.000143719
1.21637e-05
-200
4.29318e-05
-200
4.19441e-05
-200
3.86704e-05
-200
3.39936e-05
-200
2.80482e-05
-200
2.09185e-05
-200
1.27563e-05
-200
3.26167e-06
-200
-7.8106e-06
-200
-2.0447e-05
-200
-3.55609e-05
-200
-5.29865e-05
-200
-7.27539e-05
-200
-9.62664e-05
-200
-0.000122157
-200
-0.000151137
1.30279e-05
-200
4.45541e-05
-200
4.32471e-05
-200
3.94583e-05
-200
3.44029e-05
-200
2.81759e-05
-200
2.08211e-05
-200
1.22237e-05
-200
2.42181e-06
-200
-8.91242e-06
-200
-2.22749e-05
-200
-3.7658e-05
-200
-5.52118e-05
-200
-7.61952e-05
-200
-0.000100233
-200
-0.000127101
-200
-0.000157675
1.37865e-05
-200
4.5151e-05
-200
4.29269e-05
-200
3.86181e-05
-200
3.34234e-05
-200
2.72145e-05
-200
1.9837e-05
-200
1.1276e-05
-200
1.23417e-06
-200
-1.05622e-05
-200
-2.3907e-05
-200
-3.97777e-05
-200
-5.78619e-05
-200
-7.91426e-05
-200
-0.000103468
-200
-0.000131192
-200
-0.000162756
1.43923e-05
-200
4.44874e-05
-200
4.09562e-05
-200
3.61654e-05
-200
3.10301e-05
-200
2.52222e-05
-200
1.82093e-05
-200
9.68207e-06
-200
-2.62468e-07
-200
-1.19604e-05
-200
-2.57695e-05
-200
-4.16882e-05
-200
-5.9622e-05
-200
-8.16128e-05
-200
-0.000106313
-200
-0.000134392
-200
-0.000166762
1.48016e-05
-200
4.25327e-05
-200
3.70133e-05
-200
3.16654e-05
-200
2.69666e-05
-200
2.22526e-05
-200
1.59546e-05
-200
7.91347e-06
-200
-1.89536e-06
-200
-1.34394e-05
-200
-2.73102e-05
-200
-4.34174e-05
-200
-6.18702e-05
-200
-8.3442e-05
-200
-0.000108104
-200
-0.000136544
-200
-0.000169219
1.50141e-05
-200
3.99483e-05
-200
3.16181e-05
-200
2.37135e-05
-200
2.06232e-05
-200
1.85387e-05
-200
1.35957e-05
-200
6.15258e-06
-200
-3.46492e-06
-200
-1.49682e-05
-200
-2.89537e-05
-200
-4.47773e-05
-200
-6.28796e-05
-200
-8.46229e-05
-200
-0.000109312
-200
-0.000137555
-200
-0.000170429
1.50538e-05
-200
3.44237e-05
-200
3.10898e-05
-200
2.76856e-05
-200
2.05415e-05
-200
1.53211e-05
-200
1.18639e-05
-200
4.71536e-06
-200
-4.9194e-06
-200
-1.6301e-05
-200
-2.99625e-05
-200
-4.58396e-05
-200
-6.40875e-05
-200
-8.50981e-05
-200
-0.000109293
-200
-0.000137416
-200
-0.000169924
1.49195e-05
-200
3.38499e-05
-200
3.24662e-05
-200
3.03154e-05
-200
2.47413e-05
-200
1.87251e-05
-200
1.21391e-05
-200
3.81627e-06
-200
-6.01767e-06
-200
-1.74615e-05
-200
-3.10254e-05
-200
-4.63872e-05
-200
-6.39131e-05
-200
-8.47246e-05
-200
-0.000108538
-200
-0.000135971
-200
-0.0001681
1.46649e-05
-200
-200
3.30203e-05
-200
3.21095e-05
-200
2.73749e-05
-200
2.09209e-05
-200
1.23786e-05
-200
3.26099e-06
-200
-6.89266e-06
-200
-1.82436e-05
-200
-3.12873e-05
-200
-4.64065e-05
-200
-6.37945e-05
-200
-8.35276e-05
-200
-0.000106491
-200
-0.000133342
-200
-0.000164522
1.42872e-05
-200
3.46769e-05
-200
3.26732e-05
-200
3.04559e-05
-200
2.32276e-05
-200
1.22894e-05
-200
2.47395e-06
-200
-7.63379e-06
-200
-1.87959e-05
-200
-3.15263e-05
-200
-4.58485e-05
-200
-6.21225e-05
-200
-8.13688e-05
-200
-0.000103677
-200
-0.000129513
-200
-0.000159778
1.37982e-05
-200
4.03317e-05
-200
3.59316e-05
-200
2.95121e-05
-200
1.9721e-05
-200
1.04876e-05
-200
1.42877e-06
-200
-8.25416e-06
-200
-1.89925e-05
-200
-3.0895e-05
-200
-4.46079e-05
-200
-6.04579e-05
-200
-7.84538e-05
-200
-9.96888e-05
-200
-0.000124667
-200
-0.000153509
1.32113e-05
-200
3.86439e-05
-200
2.94842e-05
-200
2.36623e-05
-200
1.62971e-05
-200
8.49074e-06
-200
1.92432e-07
-200
-8.77319e-06
-200
-1.87296e-05
-200
-3.00297e-05
-200
-4.2695e-05
-200
-5.72117e-05
-200
-7.45591e-05
-200
-9.50068e-05
-200
-0.000118652
-200
-0.000146255
1.24987e-05
-200
3.75651e-05
-200
2.68328e-05
-200
2.03621e-05
-200
1.37287e-05
-200
6.78621e-06
-200
-6.14991e-07
-200
-8.86094e-06
-200
-1.80388e-05
-200
-2.82954e-05
-200
-4.01705e-05
-200
-5.39754e-05
-200
-7.01202e-05
-200
-8.93855e-05
-200
-0.000111931
-200
-0.000137705
1.16751e-05
-200
3.68656e-05
-200
2.48876e-05
-200
1.81203e-05
-200
1.18838e-05
-200
5.60331e-06
-200
-1.11735e-06
-200
-8.52705e-06
-200
-1.67972e-05
-200
-2.62411e-05
-200
-3.7078e-05
-200
-4.96308e-05
-200
-6.49584e-05
-200
-8.31926e-05
-200
-0.000104131
-200
-0.000128252
1.07209e-05
-200
3.10119e-05
-200
2.2233e-05
-200
1.61281e-05
-200
1.05193e-05
-200
4.88114e-06
-200
-1.12952e-06
-200
-7.78033e-06
-200
-1.52145e-05
-200
-2.36371e-05
-200
-3.35591e-05
-200
-4.54823e-05
-200
-5.94276e-05
-200
-7.62193e-05
-200
-9.55898e-05
-200
-0.000117515
9.68388e-06
-200
2.6682e-05
-200
1.96157e-05
-200
1.44495e-05
-200
9.51551e-06
-200
4.53038e-06
-200
-8.5567e-07
-200
-6.73308e-06
-200
-1.32835e-05
-200
-2.09013e-05
-200
-2.99143e-05
-200
-4.04525e-05
-200
-5.34544e-05
-200
-6.86828e-05
-200
-8.60018e-05
-200
-0.000105754
8.56316e-06
-200
2.31979e-05
-200
1.75238e-05
-200
1.30138e-05
-200
8.7253e-06
-200
4.31124e-06
-200
-3.87192e-07
-200
-5.57682e-06
-200
-1.1376e-05
-200
-1.78723e-05
-200
-2.60663e-05
-200
-3.57076e-05
-200
-4.71137e-05
-200
-6.03699e-05
-200
-7.554e-05
-200
-9.27273e-05
7.4002e-06
-200
1.99501e-05
-200
1.54757e-05
-200
1.16957e-05
-200
7.95669e-06
-200
4.1293e-06
-200
6.07196e-09
-200
-4.46717e-06
-200
-9.28138e-06
-200
-1.50888e-05
-200
-2.21084e-05
-200
-3.03517e-05
-200
-4.02367e-05
-200
-5.15501e-05
-200
-6.41226e-05
-200
-7.87094e-05
6.18667e-06
-200
1.69938e-05
-200
1.36188e-05
-200
1.03072e-05
-200
7.02854e-06
-200
3.77077e-06
-200
2.93741e-07
-200
-3.33436e-06
-200
-7.47942e-06
-200
-1.22561e-05
-200
-1.81871e-05
-200
-2.50476e-05
-200
-3.29732e-05
-200
-4.18058e-05
-200
-5.1917e-05
-200
-6.36024e-05
4.87586e-06
-200
1.41279e-05
-200
1.11359e-05
-200
8.42946e-06
-200
5.80973e-06
-200
3.06327e-06
-200
3.95633e-07
-200
-2.51705e-06
-200
-5.58957e-06
-200
-9.53486e-06
-200
-1.40201e-05
-200
-1.91825e-05
-200
-2.50363e-05
-200
-3.16621e-05
-200
-3.90502e-05
-200
-4.77497e-05
3.45148e-06
-200
9.51974e-06
-200
7.86523e-06
-200
5.96477e-06
-200
4.12854e-06
-200
2.18274e-06
-200
2.50276e-07
-200
-1.66916e-06
-200
-3.90614e-06
-200
-6.63997e-06
-200
-9.65442e-06
-200
-1.31832e-05
-200
-1.68984e-05
-200
-2.10183e-05
-200
-2.58018e-05
-200
-3.13483e-05
2.03261e-06
-200
4.75767e-06
-200
4.05838e-06
-200
3.19704e-06
-200
2.15344e-06
-200
1.21191e-06
-200
1.88106e-07
-200
-7.66994e-07
-200
-1.98545e-06
-200
-3.36698e-06
-200
-4.87523e-06
-200
-6.50505e-06
-200
-8.27827e-06
-200
-1.01945e-05
-200
-1.23882e-05
-200
-1.49698e-05
8.45982e-07
-200
-200
-200
-200
-200
-200
-200
-200
-200
-200
-200
-200
-200
-200
-200
)
;

boundaryField
{
    frontAndBack
    {
        type            calculated;
        value           uniform 0;
    }
    inlet
    {
        type            calculated;
        value           uniform -200;
    }
    outlet
    {
        type            calculated;
        value           uniform 200;
    }
    lowerWall
    {
        type            calculated;
        value           uniform 0;
    }
    upperWall
    {
        type            calculated;
        value           uniform 0;
    }
}


// ************************************************************************* //
