/*--------------------------------*- C++ -*----------------------------------*\
  =========                 |
  \\      /  F ield         | OpenFOAM: The Open Source CFD Toolbox
   \\    /   O peration     | Website:  https://openfoam.org
    \\  /    A nd           | Version:  10
     \\/     M anipulation  |
\*---------------------------------------------------------------------------*/
FoamFile
{
    format      ascii;
    class       volVectorField;
    location    "10";
    object      U;
}
// * * * * * * * * * * * * * * * * * * * * * * * * * * * * * * * * * * * * * //

dimensions      [0 1 -1 0 0 0 0];

internalField   nonuniform List<vector> 
12500
(
(-9.99999 1.66508e-07 1.95679e-07)
(-9.99999 1.67783e-07 1.69873e-07)
(-9.99999 1.54947e-07 1.31048e-07)
(-9.99999 1.45397e-07 1.04215e-07)
(-10 1.32984e-07 8.89152e-08)
(-10 1.22407e-07 8.3342e-08)
(-10 1.15824e-07 8.83382e-08)
(-10 1.05979e-07 9.34365e-08)
(-10 1.05842e-07 1.0137e-07)
(-10 1.06208e-07 1.07616e-07)
(-10 1.14035e-07 1.14811e-07)
(-10 1.25376e-07 1.20131e-07)
(-10 1.30431e-07 1.1938e-07)
(-10 1.38597e-07 1.2285e-07)
(-10 1.36419e-07 1.24721e-07)
(-10 1.29064e-07 1.28169e-07)
(-9.99999 5.37003e-07 1.9805e-07)
(-9.99999 5.38514e-07 1.67192e-07)
(-9.99999 5.0037e-07 1.25505e-07)
(-9.99999 4.66514e-07 9.8087e-08)
(-9.99999 4.28013e-07 8.22583e-08)
(-10 3.95297e-07 7.54941e-08)
(-10 3.72038e-07 7.77076e-08)
(-10 3.48495e-07 8.48446e-08)
(-10 3.47194e-07 8.72081e-08)
(-10 3.51254e-07 9.17431e-08)
(-10 3.64567e-07 9.04086e-08)
(-10 3.99248e-07 9.65156e-08)
(-10 4.04345e-07 9.30946e-08)
(-10 4.24261e-07 9.38677e-08)
(-10 4.1025e-07 9.86235e-08)
(-10 3.9645e-07 1.03984e-07)
(-9.99999 9.1389e-07 1.93038e-07)
(-9.99999 9.24118e-07 1.62106e-07)
(-9.99999 8.51849e-07 1.19711e-07)
(-9.99999 7.81694e-07 9.42177e-08)
(-9.99999 7.37319e-07 7.86227e-08)
(-10 6.98401e-07 7.44917e-08)
(-10 6.66447e-07 7.37275e-08)
(-10 6.4961e-07 8.19696e-08)
(-10 6.46956e-07 8.60842e-08)
(-10 6.62768e-07 8.90673e-08)
(-10 7.06198e-07 9.20155e-08)
(-10 7.40239e-07 9.19061e-08)
(-10 7.77955e-07 9.11606e-08)
(-10 7.70522e-07 8.70238e-08)
(-10 7.59021e-07 9.27153e-08)
(-10 7.33828e-07 9.7685e-08)
(-9.99999 1.25765e-06 1.89665e-07)
(-9.99999 1.26982e-06 1.54755e-07)
(-9.99999 1.17383e-06 1.12792e-07)
(-9.99999 1.08538e-06 8.59951e-08)
(-9.99999 1.02382e-06 7.35185e-08)
(-10 9.76894e-07 7.12803e-08)
(-10 9.42507e-07 7.72896e-08)
(-10 9.26399e-07 8.47673e-08)
(-10 9.31049e-07 9.25405e-08)
(-10 9.65165e-07 9.42717e-08)
(-10 1.00332e-06 9.43488e-08)
(-10 1.04279e-06 9.13655e-08)
(-10 1.05958e-06 8.34299e-08)
(-10 1.04985e-06 8.27848e-08)
(-10 1.03999e-06 8.36631e-08)
(-10 1.00378e-06 9.18071e-08)
(-9.99999 1.58924e-06 1.88892e-07)
(-9.99999 1.59733e-06 1.5089e-07)
(-9.99999 1.4805e-06 1.09797e-07)
(-9.99999 1.38534e-06 8.3079e-08)
(-10 1.3098e-06 7.40584e-08)
(-10 1.25569e-06 7.30781e-08)
(-10 1.22112e-06 8.11434e-08)
(-10 1.20858e-06 8.86702e-08)
(-10 1.22183e-06 9.63085e-08)
(-10 1.25964e-06 9.67862e-08)
(-10 1.29604e-06 9.42044e-08)
(-10 1.33478e-06 8.70029e-08)
(-10 1.33977e-06 7.66774e-08)
(-10 1.34269e-06 7.62079e-08)
(-10 1.3185e-06 7.40144e-08)
(-10 1.28531e-06 8.69351e-08)
(-9.99999 1.89278e-06 1.82511e-07)
(-9.99999 1.88978e-06 1.46485e-07)
(-9.99999 1.76247e-06 1.05164e-07)
(-10 1.657e-06 8.28912e-08)
(-10 1.57572e-06 7.34167e-08)
(-10 1.51759e-06 7.57389e-08)
(-10 1.48309e-06 8.24151e-08)
(-10 1.47158e-06 9.03549e-08)
(-10 1.49716e-06 9.3522e-08)
(-10 1.52678e-06 9.23139e-08)
(-10 1.57185e-06 8.68442e-08)
(-10 1.59417e-06 7.39989e-08)
(-10 1.60008e-06 6.78405e-08)
(-10 1.59937e-06 6.12523e-08)
(-10 1.56512e-06 6.68151e-08)
(-10 1.53082e-06 6.87094e-08)
(-9.99999 2.17433e-06 1.79403e-07)
(-9.99999 2.16065e-06 1.45133e-07)
(-10 2.03032e-06 1.03629e-07)
(-10 1.91563e-06 8.41274e-08)
(-10 1.83407e-06 7.52663e-08)
(-10 1.77691e-06 7.82224e-08)
(-10 1.745e-06 8.31462e-08)
(-10 1.75047e-06 8.91162e-08)
(-10 1.77032e-06 8.83785e-08)
(-10 1.80941e-06 8.43037e-08)
(-10 1.83265e-06 7.40053e-08)
(-10 1.84262e-06 6.16012e-08)
(-10 1.85291e-06 5.57399e-08)
(-10 1.83341e-06 4.84684e-08)
(-10 1.80327e-06 5.36869e-08)
(-10 1.75624e-06 5.61237e-08)
(-9.99999 2.42011e-06 1.77954e-07)
(-10 2.39528e-06 1.4196e-07)
(-10 2.26167e-06 1.03987e-07)
(-10 2.14774e-06 8.29876e-08)
(-10 2.06499e-06 7.74653e-08)
(-10 2.01464e-06 7.80252e-08)
(-10 1.9871e-06 8.21393e-08)
(-10 2.00419e-06 8.26831e-08)
(-10 2.02065e-06 7.96288e-08)
(-10 2.05991e-06 7.1801e-08)
(-10 2.06787e-06 5.8057e-08)
(-10 2.07614e-06 4.93146e-08)
(-10 2.06665e-06 3.83884e-08)
(-10 2.0396e-06 3.8961e-08)
(-10 2.00988e-06 3.75052e-08)
(-10 1.95358e-06 4.50443e-08)
(-10 2.63518e-06 1.73286e-07)
(-10 2.59734e-06 1.38572e-07)
(-10 2.47029e-06 1.03074e-07)
(-10 2.36114e-06 8.27971e-08)
(-10 2.28688e-06 7.75095e-08)
(-10 2.23903e-06 7.61511e-08)
(-10 2.23324e-06 7.74646e-08)
(-10 2.24029e-06 7.39636e-08)
(-10 2.27267e-06 6.79497e-08)
(-10 2.28553e-06 5.60388e-08)
(-10 2.29377e-06 4.43028e-08)
(-10 2.29162e-06 3.49739e-08)
(-10 2.27181e-06 2.54596e-08)
(-10 2.25139e-06 2.57384e-08)
(-10 2.20164e-06 2.09361e-08)
(-10 2.14693e-06 3.33484e-08)
(-10 2.80074e-06 1.59284e-07)
(-10 2.756e-06 1.33253e-07)
(-10 2.64588e-06 9.83966e-08)
(-10 2.54117e-06 8.14965e-08)
(-10 2.48152e-06 7.399e-08)
(-10 2.44148e-06 7.16493e-08)
(-10 2.45128e-06 6.76353e-08)
(-10 2.45617e-06 6.15805e-08)
(-10 2.48555e-06 5.14391e-08)
(-10 2.48102e-06 3.88028e-08)
(-10 2.48401e-06 2.92218e-08)
(-10 2.46836e-06 1.79384e-08)
(-10 2.44682e-06 1.45617e-08)
(-10 2.4207e-06 6.05056e-09)
(-10 2.36697e-06 9.81996e-09)
(-10 2.30846e-06 8.01285e-09)
(-10 2.9226e-06 1.47021e-07)
(-10 2.87501e-06 1.277e-07)
(-10 2.78401e-06 9.44949e-08)
(-10 2.70931e-06 7.83933e-08)
(-10 2.65412e-06 6.94075e-08)
(-10 2.64561e-06 6.46022e-08)
(-10 2.6439e-06 5.74161e-08)
(-10 2.66805e-06 4.81573e-08)
(-10 2.66672e-06 3.52154e-08)
(-10 2.66523e-06 2.47052e-08)
(-10 2.64943e-06 1.47079e-08)
(-10 2.62684e-06 6.12072e-09)
(-10 2.60488e-06 -3.49613e-10)
(-10 2.55926e-06 -1.11707e-08)
(-10 2.51154e-06 -8.24819e-09)
(-10 2.44313e-06 -8.65836e-09)
(-10 2.99552e-06 1.36411e-07)
(-10 2.94823e-06 1.18079e-07)
(-10 2.88695e-06 9.19029e-08)
(-10 2.84769e-06 7.29709e-08)
(-10 2.81072e-06 6.31328e-08)
(-10 2.82302e-06 5.4684e-08)
(-10 2.81899e-06 4.52844e-08)
(-10 2.83956e-06 3.29124e-08)
(-10 2.82135e-06 2.0775e-08)
(-10 2.81259e-06 1.08209e-08)
(-10 2.78253e-06 1.35618e-09)
(-10 2.7554e-06 -5.05371e-09)
(-10 2.72089e-06 -1.98718e-08)
(-10 2.67107e-06 -2.4371e-08)
(-10 2.62138e-06 -2.82056e-08)
(-10 2.55243e-06 -2.26532e-08)
(-10 3.02939e-06 1.24508e-07)
(-10 2.99755e-06 1.11545e-07)
(-10 2.95661e-06 8.56937e-08)
(-10 2.95917e-06 6.73427e-08)
(-10 2.97444e-06 5.55332e-08)
(-10 2.96691e-06 4.44371e-08)
(-10 2.98501e-06 3.25983e-08)
(-10 2.97088e-06 1.91667e-08)
(-10 2.9578e-06 9.13471e-09)
(-10 2.92525e-06 -7.32414e-10)
(-10 2.89175e-06 -8.05276e-09)
(-10 2.85613e-06 -1.8143e-08)
(-10 2.80805e-06 -3.45e-08)
(-10 2.76856e-06 -3.89867e-08)
(-10 2.70802e-06 -4.59657e-08)
(-10 2.6496e-06 -3.37329e-08)
(-10 3.0368e-06 1.03462e-07)
(-10 3.01934e-06 1.03341e-07)
(-10 3.00637e-06 7.64625e-08)
(-10 3.05319e-06 6.09545e-08)
(-10 3.1056e-06 4.52944e-08)
(-10 3.0964e-06 3.15935e-08)
(-10 3.10903e-06 1.84901e-08)
(-10 3.07755e-06 6.40439e-09)
(-10 3.05622e-06 -3.35504e-09)
(-10 3.00963e-06 -1.0252e-08)
(-10 2.96907e-06 -1.71318e-08)
(-10 2.9216e-06 -3.38111e-08)
(-10 2.87153e-06 -4.37456e-08)
(-10 2.82817e-06 -5.61588e-08)
(-10 2.76857e-06 -5.35606e-08)
(-10 2.70585e-06 -6.17376e-08)
(-10 3.03741e-06 1.02627e-07)
(-10 3.02013e-06 9.61653e-08)
(-10 3.05533e-06 7.14951e-08)
(-10 3.1259e-06 5.19561e-08)
(-10 3.21265e-06 3.68257e-08)
(-10 3.21702e-06 2.07789e-08)
(-10 3.18816e-06 7.72622e-09)
(-10 3.16495e-06 -2.7621e-09)
(-10 3.11831e-06 -1.11325e-08)
(-10 3.07097e-06 -1.46927e-08)
(-10 3.01729e-06 -2.42457e-08)
(-10 2.96012e-06 -3.79556e-08)
(-10 2.9119e-06 -4.70774e-08)
(-10 2.85499e-06 -6.18706e-08)
(-10 2.7999e-06 -6.69463e-08)
(-10 2.74114e-06 -5.26074e-08)
(-10 2.68237e-06 -3.79539e-08)
(-10 3.04515e-06 1.00793e-07)
(-10 3.0265e-06 8.3355e-08)
(-10 3.1006e-06 6.17684e-08)
(-10 3.19584e-06 3.9503e-08)
(-10 3.30051e-06 2.41238e-08)
(-10 3.29744e-06 8.45612e-09)
(-10 3.25141e-06 -4.93413e-09)
(-10 3.22287e-06 -1.44458e-08)
(-10 3.16456e-06 -1.83097e-08)
(-10 3.11112e-06 -2.295e-08)
(-10 3.04751e-06 -3.28286e-08)
(-10 2.98611e-06 -4.01373e-08)
(-10 2.93143e-06 -5.60334e-08)
(-10 2.87326e-06 -5.82041e-08)
(-10 2.81812e-06 -5.75127e-08)
(-10 2.75879e-06 -5.50047e-08)
(-10 2.6976e-06 -6.20277e-08)
(-10 3.0773e-06 8.28738e-08)
(-10 3.06344e-06 8.60564e-08)
(-10 3.13388e-06 5.48296e-08)
(-10 3.26723e-06 3.22083e-08)
(-10 3.37853e-06 1.29819e-08)
(-10 3.33062e-06 -3.20497e-09)
(-10 3.3028e-06 -1.59505e-08)
(-10 3.25048e-06 -2.46056e-08)
(-10 3.19752e-06 -2.71041e-08)
(-10 3.1311e-06 -3.39134e-08)
(-10 3.06236e-06 -4.02827e-08)
(-10 2.99876e-06 -4.73031e-08)
(-10 2.93588e-06 -5.2934e-08)
(-10 2.88234e-06 -5.47166e-08)
(-10 2.82619e-06 -6.95255e-08)
(-10 2.76791e-06 -6.79714e-08)
(-10 2.71246e-06 -4.75774e-08)
(-10 3.12282e-06 7.80396e-08)
(-10 3.09861e-06 7.96941e-08)
(-10 3.16068e-06 5.25582e-08)
(-10 3.31308e-06 3.12396e-08)
(-10 3.40638e-06 6.88196e-09)
(-10 3.35366e-06 -1.30211e-08)
(-10 3.32822e-06 -2.70587e-08)
(-10 3.27274e-06 -3.3325e-08)
(-10 3.22022e-06 -3.9627e-08)
(-10 3.15047e-06 -4.55e-08)
(-10 3.08135e-06 -4.86268e-08)
(-10 3.01552e-06 -5.34461e-08)
(-10 2.95338e-06 -5.27975e-08)
(-10 2.90015e-06 -5.94139e-08)
(-10 2.84528e-06 -4.01621e-08)
(-10 2.7844e-06 -2.57887e-08)
(-10 2.72323e-06 -8.41479e-08)
(-10 3.14095e-06 7.75057e-08)
(-10 3.08963e-06 9.35366e-08)
(-10 3.17527e-06 6.34318e-08)
(-10 3.30351e-06 2.97596e-08)
(-10 3.37707e-06 3.55826e-09)
(-10 3.35452e-06 -1.86601e-08)
(-10 3.31507e-06 -3.32323e-08)
(-10 3.27545e-06 -4.11359e-08)
(-10 3.21729e-06 -5.03123e-08)
(-10 3.15289e-06 -5.27146e-08)
(-10 3.08352e-06 -5.8234e-08)
(-10 3.01458e-06 -5.6037e-08)
(-10 2.9548e-06 -4.53189e-08)
(-10 2.89577e-06 -3.83638e-08)
(-10 2.84323e-06 -5.31271e-08)
(-10 2.78725e-06 -6.28475e-08)
(-10 2.7254e-06 -2.81561e-08)
(-10 3.07292e-06 9.62278e-08)
(-10 3.01897e-06 9.94465e-08)
(-10 3.11548e-06 7.73852e-08)
(-10 3.23558e-06 3.80798e-08)
(-10 3.30671e-06 2.44202e-09)
(-10 3.30718e-06 -2.19682e-08)
(-10 3.26981e-06 -3.67204e-08)
(-10 3.24263e-06 -5.07347e-08)
(-10 3.18919e-06 -5.58467e-08)
(-10 3.13114e-06 -6.46229e-08)
(-10 3.06335e-06 -6.49312e-08)
(-10 2.99626e-06 -5.64333e-08)
(-10 2.93456e-06 -4.9061e-08)
(-10 2.87706e-06 -4.17822e-08)
(-10 2.83188e-06 -1.3549e-08)
(-10 2.78032e-06 -1.90217e-08)
(-10 2.7233e-06 -6.72677e-08)
(-10 2.89036e-06 1.04776e-07)
(-10 2.88014e-06 1.4405e-07)
(-10 2.95749e-06 9.20433e-08)
(-10 3.1415e-06 4.96909e-08)
(-10 3.2546e-06 1.06238e-08)
(-10 3.22421e-06 -1.72541e-08)
(-10 3.22416e-06 -3.89509e-08)
(-10 3.19367e-06 -5.18169e-08)
(-10 3.15589e-06 -6.41685e-08)
(-10 3.10135e-06 -6.92763e-08)
(-10 3.04166e-06 -6.75698e-08)
(-10 2.97787e-06 -5.8781e-08)
(-10 2.91284e-06 -4.21672e-08)
(-10 2.86317e-06 -1.80163e-08)
(-10 2.81996e-06 -3.42573e-08)
(-10 2.77281e-06 -3.44024e-08)
(-10 2.72533e-06 -8.4571e-09)
(-10 2.56924e-06 1.42675e-07)
(-10 2.62266e-06 1.58881e-07)
(-10 2.77769e-06 1.17486e-07)
(-10 2.98347e-06 7.28179e-08)
(-10 3.12269e-06 2.64983e-08)
(-10 3.13594e-06 -5.50081e-09)
(-10 3.13402e-06 -2.58041e-08)
(-10 3.11647e-06 -3.84275e-08)
(-10 3.09373e-06 -5.41125e-08)
(-10 3.05384e-06 -5.8944e-08)
(-10 2.99603e-06 -5.33887e-08)
(-10 2.93104e-06 -4.23039e-08)
(-10 2.87888e-06 -2.46216e-08)
(-10 2.81982e-06 -1.50713e-08)
(-10 2.78411e-06 4.27385e-09)
(-10 2.7474e-06 1.20213e-08)
(-10 2.70134e-06 -1.66654e-08)
(-10 2.06426e-06 1.51457e-07)
(-10 2.23806e-06 2.08645e-07)
(-10 2.4647e-06 1.2499e-07)
(-10 2.689e-06 8.45063e-08)
(-10 2.88121e-06 3.88055e-08)
(-10 2.95585e-06 4.71164e-09)
(-10 2.99488e-06 -2.55068e-08)
(-10 2.99369e-06 -2.29409e-08)
(-10 2.95003e-06 -3.97781e-08)
(-10 2.90198e-06 -3.28259e-08)
(-10 2.83317e-06 -3.74281e-08)
(-10 2.79171e-06 -2.53593e-08)
(-10 2.7139e-06 -9.45667e-09)
(-10 2.69101e-06 1.28123e-08)
(-10 2.64238e-06 1.2648e-08)
(-10 2.59078e-06 1.62865e-08)
(-10 2.58279e-06 3.99081e-08)
(-10 1.51838e-06 1.9539e-07)
(-10 1.87463e-06 2.27856e-07)
(-10 2.1359e-06 1.61358e-07)
(-10 2.29557e-06 8.68603e-08)
(-10 2.5234e-06 2.59419e-08)
(-10 2.58004e-06 -4.55812e-09)
(-10 2.62273e-06 -4.76225e-09)
(-10 2.61042e-06 -2.936e-08)
(-10 2.5839e-06 -3.27872e-08)
(-10 2.55321e-06 -3.45444e-08)
(-10 2.51911e-06 -2.74775e-08)
(-10 2.44203e-06 -1.73959e-08)
(-10 2.4233e-06 -9.21025e-09)
(-10 2.32319e-06 1.01726e-08)
(-10 2.27371e-06 2.20042e-08)
(-10 2.2617e-06 3.7828e-08)
(-10 2.2255e-06 5.93421e-08)
(-10 1.27653e-06 2.51355e-07)
(-10 1.59464e-06 2.873e-07)
(-10 1.98031e-06 2.05778e-07)
(-10 2.15805e-06 1.2723e-07)
(-10 2.40077e-06 6.26237e-08)
(-10 2.45639e-06 2.00019e-08)
(-10 2.42334e-06 -2.18867e-08)
(-10 2.42713e-06 2.68005e-09)
(-10 2.38269e-06 7.16337e-09)
(-10 2.32605e-06 -1.20126e-09)
(-10 2.26293e-06 -2.64623e-09)
(-10 2.24668e-06 -6.1492e-09)
(-10 2.1892e-06 1.05124e-08)
(-10 2.13609e-06 1.33769e-08)
(-10 2.10234e-06 3.15712e-08)
(-10 2.06724e-06 8.22085e-08)
(-10 2.05896e-06 5.19697e-08)
(-10 1.43725e-06 3.14583e-07)
(-10 1.85897e-06 3.26313e-07)
(-10 2.16044e-06 2.79955e-07)
(-9.99999 1.64987e-07 4.53856e-07)
(-9.99999 1.66595e-07 3.84849e-07)
(-9.99999 1.56546e-07 2.78229e-07)
(-9.99999 1.47325e-07 2.10642e-07)
(-10 1.37037e-07 1.77722e-07)
(-10 1.27729e-07 1.59432e-07)
(-10 1.20082e-07 1.61233e-07)
(-10 1.17156e-07 1.65904e-07)
(-10 1.15357e-07 1.8962e-07)
(-10 1.17995e-07 2.0693e-07)
(-10 1.24845e-07 2.26229e-07)
(-10 1.33937e-07 2.34867e-07)
(-10 1.41399e-07 2.2663e-07)
(-10 1.43633e-07 2.2224e-07)
(-10 1.44038e-07 2.24865e-07)
(-10 1.38811e-07 2.47865e-07)
(-9.99999 5.32029e-07 4.58092e-07)
(-9.99999 5.34324e-07 3.74414e-07)
(-9.99999 5.00165e-07 2.57537e-07)
(-9.99999 4.68248e-07 1.88793e-07)
(-9.99999 4.36137e-07 1.4985e-07)
(-10 4.0687e-07 1.29993e-07)
(-10 3.84524e-07 1.29657e-07)
(-10 3.70636e-07 1.33811e-07)
(-10 3.67565e-07 1.46096e-07)
(-10 3.75869e-07 1.5973e-07)
(-10 3.94003e-07 1.68254e-07)
(-10 4.18586e-07 1.64888e-07)
(-10 4.31607e-07 1.50257e-07)
(-10 4.34197e-07 1.40849e-07)
(-10 4.25636e-07 1.52453e-07)
(-10 4.11031e-07 1.60543e-07)
(-9.99999 8.97802e-07 4.52017e-07)
(-9.99999 9.06055e-07 3.68051e-07)
(-9.99999 8.54187e-07 2.47854e-07)
(-9.99999 8.0536e-07 1.88087e-07)
(-9.99999 7.58287e-07 1.49788e-07)
(-10 7.1723e-07 1.34821e-07)
(-10 6.84027e-07 1.37664e-07)
(-10 6.70022e-07 1.47587e-07)
(-10 6.72978e-07 1.60332e-07)
(-10 6.92773e-07 1.72278e-07)
(-10 7.26871e-07 1.77589e-07)
(-10 7.64073e-07 1.6513e-07)
(-10 7.86283e-07 1.47428e-07)
(-10 7.90989e-07 1.45933e-07)
(-10 7.80052e-07 1.5408e-07)
(-10 7.57782e-07 1.628e-07)
(-9.99999 1.23121e-06 4.451e-07)
(-9.99999 1.2382e-06 3.55267e-07)
(-9.99999 1.16981e-06 2.38011e-07)
(-9.99999 1.10596e-06 1.79301e-07)
(-9.99999 1.04657e-06 1.46151e-07)
(-10 9.97834e-07 1.36743e-07)
(-10 9.60443e-07 1.44699e-07)
(-10 9.45076e-07 1.54909e-07)
(-10 9.54683e-07 1.69673e-07)
(-10 9.85184e-07 1.7877e-07)
(-10 1.02905e-06 1.74009e-07)
(-10 1.07234e-06 1.525e-07)
(-10 1.09488e-06 1.42799e-07)
(-10 1.09679e-06 1.43374e-07)
(-10 1.07931e-06 1.46125e-07)
(-10 1.0498e-06 1.59188e-07)
(-9.99999 1.54906e-06 4.40545e-07)
(-9.99999 1.55176e-06 3.46412e-07)
(-9.99999 1.46975e-06 2.33218e-07)
(-9.99999 1.39464e-06 1.75451e-07)
(-10 1.3284e-06 1.48455e-07)
(-10 1.27611e-06 1.43823e-07)
(-10 1.23876e-06 1.5346e-07)
(-10 1.229e-06 1.65842e-07)
(-10 1.24643e-06 1.79081e-07)
(-10 1.2884e-06 1.83079e-07)
(-10 1.33851e-06 1.65886e-07)
(-10 1.3794e-06 1.45447e-07)
(-10 1.40147e-06 1.39119e-07)
(-10 1.4004e-06 1.37226e-07)
(-10 1.37984e-06 1.38304e-07)
(-10 1.34398e-06 1.5289e-07)
(-9.99999 1.83979e-06 4.27066e-07)
(-9.99999 1.83409e-06 3.35762e-07)
(-9.99999 1.74072e-06 2.25904e-07)
(-10 1.65791e-06 1.72772e-07)
(-10 1.58934e-06 1.49328e-07)
(-10 1.53489e-06 1.47846e-07)
(-10 1.5014e-06 1.55216e-07)
(-10 1.49941e-06 1.67846e-07)
(-10 1.52691e-06 1.7635e-07)
(-10 1.57519e-06 1.68493e-07)
(-10 1.62507e-06 1.39286e-07)
(-10 1.66501e-06 1.31272e-07)
(-10 1.6793e-06 1.24138e-07)
(-10 1.67357e-06 1.18559e-07)
(-10 1.64573e-06 1.23815e-07)
(-10 1.6025e-06 1.28177e-07)
(-9.99999 2.11202e-06 4.20233e-07)
(-9.99999 2.09734e-06 3.32343e-07)
(-10 1.99653e-06 2.25397e-07)
(-10 1.91158e-06 1.77188e-07)
(-10 1.84275e-06 1.55427e-07)
(-10 1.79129e-06 1.54381e-07)
(-10 1.76626e-06 1.59936e-07)
(-10 1.77301e-06 1.68657e-07)
(-10 1.81121e-06 1.65937e-07)
(-10 1.86193e-06 1.45402e-07)
(-10 1.91002e-06 1.27793e-07)
(-10 1.94223e-06 1.18743e-07)
(-10 1.94984e-06 1.11592e-07)
(-10 1.93832e-06 1.03909e-07)
(-10 1.90481e-06 1.07615e-07)
(-10 1.8539e-06 1.1447e-07)
(-9.99999 2.35064e-06 4.11384e-07)
(-10 2.32677e-06 3.24083e-07)
(-10 2.22154e-06 2.2562e-07)
(-10 2.1377e-06 1.74926e-07)
(-10 2.07099e-06 1.57346e-07)
(-10 2.02535e-06 1.51908e-07)
(-10 2.0103e-06 1.54655e-07)
(-10 2.02745e-06 1.56072e-07)
(-10 2.07086e-06 1.39022e-07)
(-10 2.1194e-06 1.13694e-07)
(-10 2.16395e-06 1.05485e-07)
(-10 2.18185e-06 9.68268e-08)
(-10 2.18279e-06 8.62946e-08)
(-10 2.16467e-06 7.93206e-08)
(-10 2.12438e-06 7.80165e-08)
(-10 2.06816e-06 8.83707e-08)
(-10 2.55864e-06 4.01097e-07)
(-10 2.52884e-06 3.20509e-07)
(-10 2.42453e-06 2.31152e-07)
(-10 2.34393e-06 1.8118e-07)
(-10 2.28492e-06 1.62131e-07)
(-10 2.25062e-06 1.53715e-07)
(-10 2.24658e-06 1.51142e-07)
(-10 2.27615e-06 1.33506e-07)
(-10 2.31946e-06 1.10688e-07)
(-10 2.36482e-06 9.88158e-08)
(-10 2.39228e-06 8.95297e-08)
(-10 2.4008e-06 8.2762e-08)
(-10 2.39506e-06 6.55515e-08)
(-10 2.37197e-06 5.73163e-08)
(-10 2.32858e-06 4.68248e-08)
(-10 2.27042e-06 6.60742e-08)
(-10 2.72104e-06 3.75594e-07)
(-10 2.68948e-06 3.10489e-07)
(-10 2.5898e-06 2.23373e-07)
(-10 2.51947e-06 1.7901e-07)
(-10 2.47134e-06 1.55777e-07)
(-10 2.45113e-06 1.43552e-07)
(-10 2.46181e-06 1.29252e-07)
(-10 2.497e-06 1.02874e-07)
(-10 2.53826e-06 8.29815e-08)
(-10 2.57251e-06 7.44279e-08)
(-10 2.58299e-06 6.94917e-08)
(-10 2.58238e-06 5.07975e-08)
(-10 2.56857e-06 2.99909e-08)
(-10 2.53999e-06 1.07541e-08)
(-10 2.49303e-06 1.48821e-08)
(-10 2.43203e-06 1.92671e-08)
(-10 2.84251e-06 3.54565e-07)
(-10 2.81427e-06 3.05071e-07)
(-10 2.72974e-06 2.23504e-07)
(-10 2.67398e-06 1.79745e-07)
(-10 2.64418e-06 1.53621e-07)
(-10 2.64026e-06 1.36967e-07)
(-10 2.66671e-06 1.02739e-07)
(-10 2.70441e-06 8.31694e-08)
(-10 2.74177e-06 6.92989e-08)
(-10 2.75538e-06 6.12804e-08)
(-10 2.75479e-06 5.81082e-08)
(-10 2.74371e-06 1.8022e-08)
(-10 2.72093e-06 1.00755e-09)
(-10 2.68581e-06 -1.65701e-08)
(-10 2.63519e-06 -1.4753e-08)
(-10 2.57315e-06 -9.45512e-09)
(-10 2.9163e-06 3.29203e-07)
(-10 2.89919e-06 2.91272e-07)
(-10 2.83584e-06 2.17608e-07)
(-10 2.80028e-06 1.69655e-07)
(-10 2.79244e-06 1.3973e-07)
(-10 2.80952e-06 1.0572e-07)
(-10 2.84576e-06 7.81189e-08)
(-10 2.88313e-06 5.86904e-08)
(-10 2.90502e-06 4.78234e-08)
(-10 2.90386e-06 4.45128e-08)
(-10 2.89104e-06 1.21121e-08)
(-10 2.86662e-06 -1.03027e-08)
(-10 2.8324e-06 -3.86093e-08)
(-10 2.78955e-06 -5.09422e-08)
(-10 2.73714e-06 -5.5688e-08)
(-10 2.67756e-06 -4.66322e-08)
(-10 2.95308e-06 3.07049e-07)
(-10 2.95413e-06 2.86403e-07)
(-10 2.91444e-06 2.13848e-07)
(-10 2.90885e-06 1.65734e-07)
(-10 2.92354e-06 1.2701e-07)
(-10 2.96095e-06 8.83417e-08)
(-10 3.00268e-06 6.52579e-08)
(-10 3.03515e-06 4.73942e-08)
(-10 3.0393e-06 3.71719e-08)
(-10 3.02515e-06 3.38172e-08)
(-10 2.99653e-06 -3.83335e-09)
(-10 2.95674e-06 -2.89387e-08)
(-10 2.91108e-06 -5.96557e-08)
(-10 2.86185e-06 -7.25046e-08)
(-10 2.80929e-06 -8.18016e-08)
(-10 2.75265e-06 -6.72736e-08)
(-10 2.96547e-06 2.77065e-07)
(-10 2.98279e-06 2.78748e-07)
(-10 2.9749e-06 2.04083e-07)
(-10 2.99959e-06 1.54911e-07)
(-10 3.03993e-06 1.0305e-07)
(-10 3.09327e-06 7.05134e-08)
(-10 3.13731e-06 4.55337e-08)
(-10 3.15619e-06 2.95961e-08)
(-10 3.14806e-06 2.42156e-08)
(-10 3.12001e-06 -8.07428e-09)
(-10 3.07503e-06 -2.29212e-08)
(-10 3.02154e-06 -5.50789e-08)
(-10 2.96515e-06 -7.9924e-08)
(-10 2.909e-06 -1.01077e-07)
(-10 2.85182e-06 -1.02451e-07)
(-10 2.79879e-06 -1.02264e-07)
(-10 2.9688e-06 2.70752e-07)
(-10 2.99893e-06 2.72885e-07)
(-10 3.02535e-06 1.9924e-07)
(-10 3.07312e-06 1.41181e-07)
(-10 3.14182e-06 9.09177e-08)
(-10 3.20072e-06 5.7327e-08)
(-10 3.24241e-06 3.41706e-08)
(-10 3.24875e-06 1.82402e-08)
(-10 3.22993e-06 1.24946e-08)
(-10 3.18799e-06 -1.60193e-08)
(-10 3.13009e-06 -3.32418e-08)
(-10 3.06588e-06 -6.19098e-08)
(-10 2.99744e-06 -8.64927e-08)
(-10 2.93357e-06 -1.09065e-07)
(-10 2.87931e-06 -1.14056e-07)
(-10 2.83046e-06 -1.08496e-07)
(-10 2.97859e-06 2.51088e-07)
(-10 3.01719e-06 2.706e-07)
(-10 3.05826e-06 1.85518e-07)
(-10 3.13203e-06 1.20058e-07)
(-10 3.21663e-06 7.07611e-08)
(-10 3.28223e-06 3.62991e-08)
(-10 3.31445e-06 1.15425e-08)
(-10 3.31177e-06 -4.03806e-10)
(-10 3.28242e-06 -2.44297e-08)
(-10 3.22976e-06 -3.6222e-08)
(-10 3.16317e-06 -5.55859e-08)
(-10 3.08862e-06 -7.56512e-08)
(-10 3.01379e-06 -1.01033e-07)
(-10 2.94407e-06 -1.10547e-07)
(-10 2.86152e-06 -1.26454e-07)
(-10 2.80185e-06 -1.40107e-07)
(-10 3.01466e-06 2.25549e-07)
(-10 3.04598e-06 2.77597e-07)
(-10 3.08399e-06 1.80796e-07)
(-10 3.17976e-06 1.12603e-07)
(-10 3.26537e-06 5.89763e-08)
(-10 3.33608e-06 2.13545e-08)
(-10 3.3608e-06 -8.06144e-09)
(-10 3.35281e-06 -2.27507e-08)
(-10 3.31623e-06 -4.14858e-08)
(-10 3.25889e-06 -5.58337e-08)
(-10 3.18711e-06 -7.03361e-08)
(-10 3.10857e-06 -8.62592e-08)
(-10 3.02974e-06 -1.00722e-07)
(-10 2.9432e-06 -1.20914e-07)
(-10 2.88195e-06 -1.37087e-07)
(-10 2.82682e-06 -1.41134e-07)
(-10 2.76752e-06 -9.15298e-08)
(-10 3.05893e-06 2.1442e-07)
(-10 3.06046e-06 2.86071e-07)
(-10 3.10559e-06 1.84871e-07)
(-10 3.19737e-06 1.08803e-07)
(-10 3.29372e-06 4.79958e-08)
(-10 3.36086e-06 6.84931e-10)
(-10 3.3839e-06 -2.88353e-08)
(-10 3.37511e-06 -5.15417e-08)
(-10 3.33879e-06 -6.68557e-08)
(-10 3.28251e-06 -8.1494e-08)
(-10 3.21128e-06 -9.04244e-08)
(-10 3.1354e-06 -1.00336e-07)
(-10 3.06486e-06 -1.03995e-07)
(-10 3.0078e-06 -1.00038e-07)
(-10 2.93836e-06 -1.10516e-07)
(-10 2.88289e-06 -1.4966e-07)
(-10 2.82596e-06 -6.21898e-08)
(-10 3.07564e-06 2.44241e-07)
(-10 3.05553e-06 3.10972e-07)
(-10 3.09579e-06 2.0528e-07)
(-10 3.18004e-06 1.17211e-07)
(-10 3.28424e-06 4.93947e-08)
(-10 3.34808e-06 -4.79501e-09)
(-10 3.37338e-06 -4.09362e-08)
(-10 3.36699e-06 -6.45919e-08)
(-10 3.33513e-06 -8.51119e-08)
(-10 3.28211e-06 -9.87685e-08)
(-10 3.21607e-06 -1.04638e-07)
(-10 3.14768e-06 -1.00286e-07)
(-10 3.08754e-06 -8.49226e-08)
(-10 3.02608e-06 -8.77887e-08)
(-10 3.00681e-06 -8.90526e-08)
(-10 2.95449e-06 -8.60277e-08)
(-10 2.84793e-06 -1.13212e-07)
(-10 3.0158e-06 2.58293e-07)
(-10 2.98971e-06 3.62744e-07)
(-10 3.02148e-06 2.29101e-07)
(-10 3.11848e-06 1.27606e-07)
(-10 3.21824e-06 4.62549e-08)
(-10 3.2909e-06 -1.51541e-08)
(-10 3.32028e-06 -5.84536e-08)
(-10 3.32106e-06 -9.14739e-08)
(-10 3.29635e-06 -1.14986e-07)
(-10 3.25007e-06 -1.31141e-07)
(-10 3.19164e-06 -1.3078e-07)
(-10 3.13231e-06 -1.17546e-07)
(-10 3.08483e-06 -1.00758e-07)
(-10 3.04414e-06 -4.52377e-08)
(-10 3.03075e-06 -6.91535e-08)
(-10 2.96573e-06 -1.01878e-07)
(-10 2.84406e-06 -8.52316e-08)
(-10 2.85685e-06 3.27707e-07)
(-10 2.84023e-06 4.28409e-07)
(-10 2.90586e-06 2.82185e-07)
(-10 3.02027e-06 1.65338e-07)
(-10 3.13574e-06 6.84574e-08)
(-10 3.21183e-06 -4.01259e-09)
(-10 3.25729e-06 -5.94435e-08)
(-10 3.2651e-06 -9.88802e-08)
(-10 3.24712e-06 -1.26355e-07)
(-10 3.21007e-06 -1.39697e-07)
(-10 3.15962e-06 -1.34789e-07)
(-10 3.11336e-06 -1.12062e-07)
(-10 3.06358e-06 -6.97176e-08)
(-10 3.05455e-06 -5.48265e-08)
(-10 3.02734e-06 -3.93452e-08)
(-10 2.96577e-06 -1.65165e-08)
(-10 2.8559e-06 -6.82146e-08)
(-10 2.5715e-06 3.67655e-07)
(-10 2.61229e-06 5.07414e-07)
(-10 2.75665e-06 3.40935e-07)
(-10 2.89842e-06 1.97295e-07)
(-10 3.02578e-06 8.31279e-08)
(-10 3.12652e-06 -4.97911e-09)
(-10 3.16812e-06 -6.99141e-08)
(-10 3.18508e-06 -1.13636e-07)
(-10 3.18109e-06 -1.37742e-07)
(-10 3.14702e-06 -1.48673e-07)
(-10 3.10566e-06 -1.37883e-07)
(-10 3.05733e-06 -9.75883e-08)
(-10 3.02995e-06 -7.7645e-08)
(-10 2.99691e-06 -3.32694e-08)
(-10 2.99269e-06 7.95861e-09)
(-10 2.91349e-06 -2.67014e-08)
(-10 2.81896e-06 -2.52887e-08)
(-10 2.14368e-06 4.48069e-07)
(-10 2.29175e-06 5.57978e-07)
(-10 2.52744e-06 3.79627e-07)
(-10 2.6957e-06 2.25271e-07)
(-10 2.85196e-06 1.01962e-07)
(-10 2.92112e-06 8.30862e-09)
(-10 2.98693e-06 -6.69979e-08)
(-10 3.00264e-06 -1.03091e-07)
(-10 2.9877e-06 -1.28583e-07)
(-10 2.96924e-06 -1.29152e-07)
(-10 2.93264e-06 -1.24165e-07)
(-10 2.89185e-06 -9.36932e-08)
(-10 2.86974e-06 -5.70818e-08)
(-10 2.83322e-06 -2.58907e-08)
(-10 2.7799e-06 -2.62566e-09)
(-10 2.69299e-06 1.32573e-08)
(-10 2.6998e-06 -4.53205e-10)
(-10 1.66888e-06 5.28585e-07)
(-10 1.9331e-06 6.54421e-07)
(-10 2.23491e-06 4.45865e-07)
(-10 2.42093e-06 2.54474e-07)
(-10 2.54466e-06 1.24519e-07)
(-10 2.62972e-06 1.95149e-08)
(-10 2.62566e-06 -2.95605e-08)
(-10 2.64944e-06 -8.14378e-08)
(-10 2.64363e-06 -8.8447e-08)
(-10 2.60887e-06 -9.58745e-08)
(-10 2.57613e-06 -7.99745e-08)
(-10 2.53536e-06 -7.05586e-08)
(-10 2.47371e-06 -4.88507e-08)
(-10 2.42825e-06 -5.81143e-09)
(-10 2.36397e-06 2.01953e-08)
(-10 2.35936e-06 3.91953e-08)
(-10 2.32327e-06 1.08803e-07)
(-10 1.42249e-06 6.90896e-07)
(-10 1.74529e-06 7.68539e-07)
(-10 2.0526e-06 5.39577e-07)
(-10 2.26082e-06 3.25334e-07)
(-10 2.41948e-06 1.74539e-07)
(-10 2.42348e-06 1.0446e-07)
(-10 2.49337e-06 4.12693e-09)
(-10 2.45268e-06 -1.51471e-08)
(-10 2.41137e-06 -3.04735e-08)
(-10 2.38938e-06 -2.41462e-08)
(-10 2.35171e-06 -2.88839e-08)
(-10 2.3137e-06 -1.21233e-08)
(-10 2.26159e-06 -4.84978e-09)
(-10 2.19456e-06 4.27747e-09)
(-10 2.16749e-06 3.44352e-08)
(-10 2.14265e-06 1.37764e-07)
(-10 2.13722e-06 1.15735e-07)
(-10 1.51693e-06 8.15055e-07)
(-10 1.80917e-06 9.17486e-07)
(-10 2.20183e-06 6.79972e-07)
(-10 2.44051e-06 4.01769e-07)
(-10 2.51871e-06 2.0928e-07)
(-10 2.59917e-06 1.07511e-07)
(-9.99999 1.6245e-07 4.98573e-07)
(-9.99999 1.64794e-07 4.17911e-07)
(-9.99999 1.56046e-07 3.03227e-07)
(-9.99999 1.47765e-07 2.16119e-07)
(-10 1.40178e-07 1.79686e-07)
(-10 1.33466e-07 1.56194e-07)
(-10 1.28816e-07 1.54969e-07)
(-10 1.24633e-07 1.57453e-07)
(-10 1.26411e-07 1.72647e-07)
(-10 1.29933e-07 1.90586e-07)
(-10 1.36341e-07 2.05921e-07)
(-10 1.43691e-07 2.15849e-07)
(-10 1.49253e-07 2.17066e-07)
(-10 1.50325e-07 2.20931e-07)
(-10 1.50499e-07 2.29657e-07)
(-10 1.4537e-07 2.44659e-07)
(-9.99999 5.23387e-07 5.03105e-07)
(-9.99999 5.26582e-07 4.05223e-07)
(-9.99999 4.95832e-07 2.79368e-07)
(-9.99999 4.67108e-07 1.95052e-07)
(-9.99999 4.41268e-07 1.444e-07)
(-10 4.19043e-07 1.19713e-07)
(-10 4.02452e-07 1.15164e-07)
(-10 3.9086e-07 1.15835e-07)
(-10 3.91481e-07 1.2286e-07)
(-10 4.00682e-07 1.32647e-07)
(-10 4.15705e-07 1.37511e-07)
(-10 4.33512e-07 1.37899e-07)
(-10 4.4311e-07 1.32897e-07)
(-10 4.43003e-07 1.32437e-07)
(-10 4.34124e-07 1.40567e-07)
(-10 4.2042e-07 1.55331e-07)
(-9.99999 8.81795e-07 4.97307e-07)
(-9.99999 8.88745e-07 3.99364e-07)
(-9.99999 8.40784e-07 2.75915e-07)
(-9.99999 7.9721e-07 1.94915e-07)
(-9.99999 7.58578e-07 1.47229e-07)
(-10 7.27185e-07 1.26512e-07)
(-10 7.0393e-07 1.2429e-07)
(-10 6.92305e-07 1.28998e-07)
(-10 6.97032e-07 1.38019e-07)
(-10 7.1514e-07 1.45733e-07)
(-10 7.41322e-07 1.47826e-07)
(-10 7.68404e-07 1.43464e-07)
(-10 7.8337e-07 1.36756e-07)
(-10 7.84055e-07 1.34625e-07)
(-10 7.72124e-07 1.4229e-07)
(-10 7.50087e-07 1.57661e-07)
(-9.99999 1.21428e-06 4.86885e-07)
(-9.99999 1.21961e-06 3.88022e-07)
(-9.99999 1.15544e-06 2.66933e-07)
(-9.99999 1.09861e-06 1.88995e-07)
(-10 1.04938e-06 1.45343e-07)
(-10 1.01148e-06 1.28851e-07)
(-10 9.83799e-07 1.28917e-07)
(-10 9.73219e-07 1.36043e-07)
(-10 9.8272e-07 1.45508e-07)
(-10 1.00747e-06 1.50165e-07)
(-10 1.04081e-06 1.47289e-07)
(-10 1.07059e-06 1.379e-07)
(-10 1.08451e-06 1.2772e-07)
(-10 1.08256e-06 1.243e-07)
(-10 1.06319e-06 1.31478e-07)
(-10 1.03387e-06 1.44795e-07)
(-9.99999 1.53132e-06 4.84681e-07)
(-9.99999 1.53329e-06 3.83477e-07)
(-9.99999 1.45622e-06 2.64668e-07)
(-9.99999 1.38946e-06 1.90297e-07)
(-10 1.33416e-06 1.51849e-07)
(-10 1.29203e-06 1.3923e-07)
(-10 1.26465e-06 1.41527e-07)
(-10 1.25848e-06 1.49941e-07)
(-10 1.27396e-06 1.57881e-07)
(-10 1.30513e-06 1.58597e-07)
(-10 1.34213e-06 1.50354e-07)
(-10 1.36987e-06 1.3655e-07)
(-10 1.38216e-06 1.17198e-07)
(-10 1.37688e-06 1.15461e-07)
(-10 1.35373e-06 1.24869e-07)
(-10 1.31747e-06 1.39768e-07)
(-9.99999 1.82178e-06 4.7463e-07)
(-9.99999 1.81792e-06 3.72404e-07)
(-9.99999 1.73061e-06 2.56447e-07)
(-10 1.65731e-06 1.86313e-07)
(-10 1.59956e-06 1.52011e-07)
(-10 1.55585e-06 1.41434e-07)
(-10 1.53147e-06 1.43777e-07)
(-10 1.53108e-06 1.5054e-07)
(-10 1.55237e-06 1.53786e-07)
(-10 1.58733e-06 1.48523e-07)
(-10 1.6227e-06 1.34803e-07)
(-10 1.64707e-06 1.04744e-07)
(-10 1.65398e-06 9.54447e-08)
(-10 1.64336e-06 9.59e-08)
(-10 1.61337e-06 1.02138e-07)
(-10 1.56983e-06 1.13553e-07)
(-9.99999 2.09179e-06 4.72054e-07)
(-10 2.08273e-06 3.71931e-07)
(-10 1.98898e-06 2.59366e-07)
(-10 1.91428e-06 1.94127e-07)
(-10 1.85557e-06 1.63053e-07)
(-10 1.81542e-06 1.53578e-07)
(-10 1.797e-06 1.545e-07)
(-10 1.8034e-06 1.57386e-07)
(-10 1.82972e-06 1.54741e-07)
(-10 1.86556e-06 1.43785e-07)
(-10 1.89596e-06 1.12411e-07)
(-10 1.91496e-06 9.94578e-08)
(-10 1.91679e-06 9.46528e-08)
(-10 1.90086e-06 8.67603e-08)
(-10 1.86584e-06 9.15661e-08)
(-10 1.81539e-06 1.04732e-07)
(-10 2.32802e-06 4.57506e-07)
(-10 2.31488e-06 3.6194e-07)
(-10 2.21844e-06 2.53927e-07)
(-10 2.14336e-06 1.91619e-07)
(-10 2.08842e-06 1.61995e-07)
(-10 2.05362e-06 1.5041e-07)
(-10 2.04249e-06 1.46694e-07)
(-10 2.0552e-06 1.42439e-07)
(-10 2.08368e-06 1.32415e-07)
(-10 2.11611e-06 1.07024e-07)
(-10 2.13978e-06 8.52277e-08)
(-10 2.15091e-06 7.80122e-08)
(-10 2.14595e-06 6.10477e-08)
(-10 2.12404e-06 5.62822e-08)
(-10 2.08217e-06 6.04122e-08)
(-10 2.02651e-06 7.0225e-08)
(-10 2.53266e-06 4.50374e-07)
(-10 2.51998e-06 3.64013e-07)
(-10 2.42482e-06 2.6045e-07)
(-10 2.35488e-06 2.01549e-07)
(-10 2.30703e-06 1.72564e-07)
(-10 2.28058e-06 1.57948e-07)
(-10 2.27803e-06 1.48577e-07)
(-10 2.29567e-06 1.37294e-07)
(-10 2.32373e-06 1.21267e-07)
(-10 2.34788e-06 8.56296e-08)
(-10 2.36413e-06 8.77258e-08)
(-10 2.36653e-06 6.58791e-08)
(-10 2.35503e-06 5.08843e-08)
(-10 2.32725e-06 4.55334e-08)
(-10 2.28171e-06 4.76972e-08)
(-10 2.22341e-06 5.9317e-08)
(-10 2.69289e-06 4.26736e-07)
(-10 2.68491e-06 3.52788e-07)
(-10 2.59718e-06 2.53533e-07)
(-10 2.53655e-06 1.96561e-07)
(-10 2.49894e-06 1.6549e-07)
(-10 2.48273e-06 1.45401e-07)
(-10 2.48878e-06 1.28588e-07)
(-10 2.50853e-06 1.1006e-07)
(-10 2.53245e-06 7.6745e-08)
(-10 2.5492e-06 6.90822e-08)
(-10 2.55313e-06 5.06666e-08)
(-10 2.54699e-06 3.17397e-08)
(-10 2.52725e-06 1.87257e-08)
(-10 2.49325e-06 1.09054e-08)
(-10 2.44354e-06 1.17416e-08)
(-10 2.38293e-06 1.80932e-08)
(-10 2.81313e-06 4.12642e-07)
(-10 2.81585e-06 3.54435e-07)
(-10 2.74281e-06 2.59311e-07)
(-10 2.69733e-06 2.03658e-07)
(-10 2.67386e-06 1.70203e-07)
(-10 2.67056e-06 1.45005e-07)
(-10 2.68367e-06 1.22684e-07)
(-10 2.70502e-06 9.50125e-08)
(-10 2.72176e-06 6.90773e-08)
(-10 2.72718e-06 6.75408e-08)
(-10 2.72204e-06 3.9686e-08)
(-10 2.70531e-06 2.50899e-08)
(-10 2.67703e-06 9.39268e-09)
(-10 2.63632e-06 -7.71228e-10)
(-10 2.58459e-06 -2.40939e-09)
(-10 2.52342e-06 5.80441e-09)
(-10 2.88993e-06 3.83224e-07)
(-10 2.90894e-06 3.41984e-07)
(-10 2.8556e-06 2.49257e-07)
(-10 2.83062e-06 1.92146e-07)
(-10 2.82306e-06 1.5357e-07)
(-10 2.83355e-06 1.22678e-07)
(-10 2.85148e-06 9.47899e-08)
(-10 2.87213e-06 6.03369e-08)
(-10 2.87909e-06 5.46576e-08)
(-10 2.87392e-06 2.52887e-08)
(-10 2.85772e-06 1.01227e-08)
(-10 2.82906e-06 -7.14969e-09)
(-10 2.79082e-06 -2.59833e-08)
(-10 2.74431e-06 -3.91799e-08)
(-10 2.69058e-06 -4.21008e-08)
(-10 2.62975e-06 -3.86612e-08)
(-10 2.93355e-06 3.70653e-07)
(-10 2.97163e-06 3.47973e-07)
(-10 2.94557e-06 2.55649e-07)
(-10 2.94221e-06 1.955e-07)
(-10 2.95481e-06 1.52345e-07)
(-10 2.97581e-06 1.18727e-07)
(-10 3.00058e-06 8.50468e-08)
(-10 3.0143e-06 6.12515e-08)
(-10 3.0131e-06 4.20348e-08)
(-10 2.99825e-06 2.3054e-08)
(-10 2.96881e-06 7.95368e-09)
(-10 2.92912e-06 -1.01875e-08)
(-10 2.88124e-06 -3.27798e-08)
(-10 2.82943e-06 -4.71268e-08)
(-10 2.77265e-06 -5.25412e-08)
(-10 2.71618e-06 -4.77862e-08)
(-10 2.95138e-06 3.50221e-07)
(-10 3.01174e-06 3.44359e-07)
(-10 3.01463e-06 2.48336e-07)
(-10 3.03223e-06 1.80984e-07)
(-10 3.06519e-06 1.30999e-07)
(-10 3.09459e-06 9.20556e-08)
(-10 3.12155e-06 5.54881e-08)
(-10 3.12882e-06 4.38182e-08)
(-10 3.11937e-06 1.35304e-08)
(-10 3.09394e-06 3.84004e-10)
(-10 3.05305e-06 -1.43829e-08)
(-10 3.00234e-06 -3.55382e-08)
(-10 2.94485e-06 -5.86298e-08)
(-10 2.88593e-06 -7.46027e-08)
(-10 2.82921e-06 -8.23555e-08)
(-10 2.76891e-06 -8.2532e-08)
(-10 2.95884e-06 3.49189e-07)
(-10 3.03966e-06 3.62276e-07)
(-10 3.06098e-06 2.56188e-07)
(-10 3.10489e-06 1.83419e-07)
(-10 3.14843e-06 1.26098e-07)
(-10 3.19167e-06 8.33808e-08)
(-10 3.21261e-06 6.11091e-08)
(-10 3.21416e-06 2.6883e-08)
(-10 3.19696e-06 1.32454e-08)
(-10 3.16086e-06 1.35924e-09)
(-10 3.11108e-06 -1.24011e-08)
(-10 3.05093e-06 -3.38673e-08)
(-10 2.98706e-06 -5.55185e-08)
(-10 2.92285e-06 -7.21565e-08)
(-10 2.84073e-06 -7.97598e-08)
(-10 2.77034e-06 -7.9811e-08)
(-10 2.97647e-06 3.33594e-07)
(-10 3.06199e-06 3.79415e-07)
(-10 3.09482e-06 2.5497e-07)
(-10 3.15624e-06 1.73195e-07)
(-10 3.20983e-06 1.05748e-07)
(-10 3.25729e-06 5.84881e-08)
(-10 3.27678e-06 2.43503e-08)
(-10 3.27345e-06 3.84849e-09)
(-10 3.24946e-06 -8.93269e-09)
(-10 3.20702e-06 -2.08824e-08)
(-10 3.1507e-06 -3.56445e-08)
(-10 3.08675e-06 -5.35128e-08)
(-10 3.01787e-06 -7.14387e-08)
(-10 2.92815e-06 -8.48487e-08)
(-10 2.84926e-06 -9.84351e-08)
(-10 2.7884e-06 -1.18173e-07)
(-10 3.01534e-06 3.52191e-07)
(-10 3.08401e-06 4.10596e-07)
(-10 3.12506e-06 2.80476e-07)
(-10 3.1823e-06 1.80713e-07)
(-10 3.25402e-06 1.0812e-07)
(-10 3.29833e-06 6.79281e-08)
(-10 3.31746e-06 2.46424e-08)
(-10 3.31109e-06 5.25144e-09)
(-10 3.28401e-06 -7.4031e-09)
(-10 3.2388e-06 -1.91707e-08)
(-10 3.18112e-06 -3.10214e-08)
(-10 3.11652e-06 -4.29528e-08)
(-10 3.04254e-06 -5.33323e-08)
(-10 2.97499e-06 -6.60163e-08)
(-10 2.88982e-06 -7.2689e-08)
(-10 2.8002e-06 -7.00026e-08)
(-10 3.06246e-06 3.31688e-07)
(-10 3.10399e-06 4.21503e-07)
(-10 3.13639e-06 2.7613e-07)
(-10 3.19593e-06 1.67232e-07)
(-10 3.271e-06 8.95542e-08)
(-10 3.31927e-06 3.40886e-08)
(-10 3.34017e-06 -1.96868e-09)
(-10 3.33621e-06 -2.50417e-08)
(-10 3.31171e-06 -4.20225e-08)
(-10 3.26967e-06 -5.61309e-08)
(-10 3.21715e-06 -6.52909e-08)
(-10 3.16057e-06 -7.09261e-08)
(-10 3.10586e-06 -7.44909e-08)
(-10 3.04693e-06 -7.30831e-08)
(-10 2.99457e-06 -7.32016e-08)
(-10 2.95311e-06 -1.0573e-07)
(-10 2.8375e-06 -7.35056e-08)
(-10 3.08782e-06 3.4419e-07)
(-10 3.09228e-06 4.40409e-07)
(-10 3.10918e-06 2.84759e-07)
(-10 3.17758e-06 1.74498e-07)
(-10 3.24186e-06 9.34361e-08)
(-10 3.2998e-06 3.11133e-08)
(-10 3.32225e-06 -1.12908e-08)
(-10 3.32279e-06 -4.1321e-08)
(-10 3.30166e-06 -6.46686e-08)
(-10 3.26523e-06 -8.17201e-08)
(-10 3.21832e-06 -8.8436e-08)
(-10 3.17007e-06 -8.72596e-08)
(-10 3.12442e-06 -7.96551e-08)
(-10 3.09178e-06 -7.83335e-08)
(-10 3.06674e-06 -9.63175e-08)
(-10 2.99554e-06 -1.0304e-07)
(-10 2.87768e-06 -9.18519e-08)
(-10 3.05101e-06 3.72298e-07)
(-10 3.02576e-06 4.73738e-07)
(-10 3.04769e-06 3.12069e-07)
(-10 3.11068e-06 1.83522e-07)
(-10 3.18362e-06 8.79622e-08)
(-10 3.24629e-06 1.6002e-08)
(-10 3.27498e-06 -3.79156e-08)
(-10 3.28127e-06 -7.84021e-08)
(-10 3.26683e-06 -1.0876e-07)
(-10 3.23757e-06 -1.29027e-07)
(-10 3.19911e-06 -1.32403e-07)
(-10 3.16315e-06 -1.23815e-07)
(-10 3.12767e-06 -1.03282e-07)
(-10 3.11818e-06 -9.78483e-08)
(-10 3.11268e-06 -1.08827e-07)
(-10 3.05576e-06 -8.97582e-08)
(-10 2.90096e-06 -1.13526e-07)
(-10 2.92373e-06 4.4526e-07)
(-10 2.90081e-06 5.92848e-07)
(-10 2.954e-06 3.93528e-07)
(-10 3.02286e-06 2.42623e-07)
(-10 3.11903e-06 1.30006e-07)
(-10 3.18011e-06 4.4614e-08)
(-10 3.2239e-06 -2.18368e-08)
(-10 3.23764e-06 -7.09691e-08)
(-10 3.23571e-06 -1.0524e-07)
(-10 3.21325e-06 -1.23523e-07)
(-10 3.18599e-06 -1.1985e-07)
(-10 3.15788e-06 -9.74204e-08)
(-10 3.13575e-06 -6.64468e-08)
(-10 3.13116e-06 -4.35125e-08)
(-10 3.13798e-06 -1.20868e-08)
(-10 3.07054e-06 -4.12694e-08)
(-10 2.92175e-06 -6.43382e-08)
(-10 2.67015e-06 5.32954e-07)
(-10 2.70031e-06 6.71533e-07)
(-10 2.80839e-06 4.56545e-07)
(-10 2.91119e-06 2.74687e-07)
(-10 3.01797e-06 1.43614e-07)
(-10 3.09469e-06 4.3609e-08)
(-10 3.14202e-06 -3.85115e-08)
(-10 3.16394e-06 -9.29706e-08)
(-10 3.16045e-06 -1.29795e-07)
(-10 3.1478e-06 -1.43948e-07)
(-10 3.12751e-06 -1.3767e-07)
(-10 3.09484e-06 -1.07523e-07)
(-10 3.09318e-06 -7.46865e-08)
(-10 3.05862e-06 -3.05393e-08)
(-10 3.0503e-06 -2.59314e-08)
(-10 2.96255e-06 -3.66046e-08)
(-10 2.91172e-06 -5.64635e-08)
(-10 2.29653e-06 6.09569e-07)
(-10 2.42283e-06 7.70038e-07)
(-10 2.60316e-06 5.22643e-07)
(-10 2.74366e-06 3.18125e-07)
(-10 2.85613e-06 1.71106e-07)
(-10 2.93804e-06 5.31183e-08)
(-10 2.97705e-06 -2.81196e-08)
(-10 2.98914e-06 -8.77482e-08)
(-10 3.00062e-06 -1.25744e-07)
(-10 2.98276e-06 -1.36083e-07)
(-10 2.96004e-06 -1.22764e-07)
(-10 2.93756e-06 -9.9151e-08)
(-10 2.89645e-06 -6.47233e-08)
(-10 2.8909e-06 -2.98654e-08)
(-10 2.81895e-06 -1.09416e-08)
(-10 2.80862e-06 -1.30267e-08)
(-10 2.76126e-06 -8.62963e-09)
(-10 1.88066e-06 7.28212e-07)
(-10 2.10697e-06 8.7201e-07)
(-10 2.3521e-06 5.89679e-07)
(-10 2.5124e-06 3.51362e-07)
(-10 2.627e-06 1.90962e-07)
(-10 2.67416e-06 7.67741e-08)
(-10 2.69079e-06 -1.8437e-08)
(-10 2.69088e-06 -7.90681e-08)
(-10 2.66739e-06 -1.07177e-07)
(-10 2.6494e-06 -1.27147e-07)
(-10 2.61379e-06 -1.25038e-07)
(-10 2.58973e-06 -1.01832e-07)
(-10 2.55072e-06 -7.76718e-08)
(-10 2.4926e-06 -5.52699e-08)
(-10 2.44654e-06 -2.53168e-08)
(-10 2.40399e-06 3.54732e-09)
(-10 2.3909e-06 2.65194e-08)
(-10 1.65622e-06 9.08868e-07)
(-10 1.93955e-06 1.0217e-06)
(-10 2.22509e-06 6.86597e-07)
(-10 2.41056e-06 4.28616e-07)
(-10 2.50356e-06 2.56829e-07)
(-10 2.55051e-06 1.27819e-07)
(-10 2.52349e-06 6.88019e-08)
(-10 2.50792e-06 2.13049e-08)
(-10 2.51188e-06 -4.65351e-08)
(-10 2.46446e-06 -5.5005e-08)
(-10 2.41476e-06 -5.86187e-08)
(-10 2.36007e-06 -6.33786e-08)
(-10 2.32124e-06 -5.72771e-08)
(-10 2.26239e-06 -3.77838e-08)
(-10 2.23443e-06 -4.45272e-10)
(-10 2.22036e-06 4.19591e-08)
(-10 2.21264e-06 1.22013e-07)
(-10 1.69005e-06 1.07323e-06)
(-10 1.96664e-06 1.15589e-06)
(-10 2.30446e-06 8.01515e-07)
(-10 2.52007e-06 5.02313e-07)
(-10 2.61536e-06 3.05496e-07)
(-10 2.61385e-06 2.06946e-07)
(-10 2.59733e-06 9.8037e-08)
(-10 2.57327e-06 5.14567e-08)
(-9.99999 1.60701e-07 3.69435e-07)
(-9.99999 1.63707e-07 3.0978e-07)
(-9.99999 1.55999e-07 2.24863e-07)
(-9.99999 1.48728e-07 1.67686e-07)
(-10 1.43057e-07 1.32882e-07)
(-10 1.38471e-07 1.16528e-07)
(-10 1.34912e-07 1.1456e-07)
(-10 1.33069e-07 1.18146e-07)
(-10 1.35092e-07 1.27216e-07)
(-10 1.39366e-07 1.39863e-07)
(-10 1.44939e-07 1.50674e-07)
(-10 1.50767e-07 1.5901e-07)
(-10 1.55212e-07 1.62683e-07)
(-10 1.55499e-07 1.66726e-07)
(-10 1.55863e-07 1.7127e-07)
(-10 1.49193e-07 1.76493e-07)
(-9.99999 5.16876e-07 3.76865e-07)
(-9.99999 5.21014e-07 3.03695e-07)
(-9.99999 4.92985e-07 2.10364e-07)
(-9.99999 4.67392e-07 1.48214e-07)
(-9.99999 4.46197e-07 1.09987e-07)
(-10 4.2909e-07 9.12065e-08)
(-10 4.17222e-07 8.66652e-08)
(-10 4.10319e-07 8.83152e-08)
(-10 4.11666e-07 9.3192e-08)
(-10 4.20001e-07 9.92753e-08)
(-10 4.3218e-07 1.03555e-07)
(-10 4.44734e-07 1.04985e-07)
(-10 4.5177e-07 1.04238e-07)
(-10 4.50788e-07 1.05997e-07)
(-10 4.41975e-07 1.09634e-07)
(-10 4.28124e-07 1.14768e-07)
(-9.99999 8.68754e-07 3.73999e-07)
(-9.99999 8.75212e-07 2.99762e-07)
(-9.99999 8.3086e-07 2.0736e-07)
(-9.99999 7.92006e-07 1.4712e-07)
(-9.99999 7.59604e-07 1.11233e-07)
(-10 7.35048e-07 9.47763e-08)
(-10 7.18694e-07 9.18831e-08)
(-10 7.11531e-07 9.50651e-08)
(-10 7.16431e-07 1.01031e-07)
(-10 7.30756e-07 1.06038e-07)
(-10 7.5076e-07 1.08112e-07)
(-10 7.69551e-07 1.06405e-07)
(-10 7.80861e-07 1.04166e-07)
(-10 7.79365e-07 1.0515e-07)
(-10 7.67062e-07 1.08879e-07)
(-10 7.44851e-07 1.1534e-07)
(-9.99999 1.20066e-06 3.67315e-07)
(-9.99999 1.20561e-06 2.92283e-07)
(-9.99999 1.14601e-06 2.02143e-07)
(-9.99999 1.09497e-06 1.44352e-07)
(-10 1.05338e-06 1.11599e-07)
(-10 1.02285e-06 9.77952e-08)
(-10 1.00319e-06 9.63644e-08)
(-10 9.97184e-07 1.00664e-07)
(-10 1.00517e-06 1.06492e-07)
(-10 1.02435e-06 1.09769e-07)
(-10 1.04859e-06 1.08289e-07)
(-10 1.07024e-06 1.0347e-07)
(-10 1.08008e-06 9.93904e-08)
(-10 1.07541e-06 1.00274e-07)
(-10 1.05516e-06 1.03193e-07)
(-10 1.02633e-06 1.07476e-07)
(-9.99999 1.51584e-06 3.65991e-07)
(-9.99999 1.51838e-06 2.89214e-07)
(-9.99999 1.44629e-06 2.00278e-07)
(-10 1.38612e-06 1.44813e-07)
(-10 1.339e-06 1.15154e-07)
(-10 1.30465e-06 1.0361e-07)
(-10 1.28525e-06 1.03274e-07)
(-10 1.28182e-06 1.07725e-07)
(-10 1.29398e-06 1.12193e-07)
(-10 1.31683e-06 1.12391e-07)
(-10 1.34338e-06 1.0706e-07)
(-10 1.3643e-06 9.95141e-08)
(-10 1.37117e-06 9.46531e-08)
(-10 1.36209e-06 9.46271e-08)
(-10 1.33766e-06 9.80923e-08)
(-10 1.30077e-06 1.05066e-07)
(-9.99999 1.80685e-06 3.56952e-07)
(-9.99999 1.8059e-06 2.80244e-07)
(-10 1.7242e-06 1.94087e-07)
(-10 1.65838e-06 1.41502e-07)
(-10 1.6079e-06 1.1447e-07)
(-10 1.5735e-06 1.04237e-07)
(-10 1.55618e-06 1.03746e-07)
(-10 1.55652e-06 1.06792e-07)
(-10 1.57219e-06 1.08012e-07)
(-10 1.59709e-06 1.03912e-07)
(-10 1.62273e-06 9.49448e-08)
(-10 1.63959e-06 8.57334e-08)
(-10 1.64024e-06 7.99482e-08)
(-10 1.62616e-06 7.98812e-08)
(-10 1.59437e-06 8.20928e-08)
(-10 1.55114e-06 8.55361e-08)
(-10 2.07492e-06 3.56552e-07)
(-10 2.07182e-06 2.80858e-07)
(-10 1.98438e-06 1.96469e-07)
(-10 1.91597e-06 1.46491e-07)
(-10 1.86596e-06 1.21507e-07)
(-10 1.83444e-06 1.11719e-07)
(-10 1.82108e-06 1.10068e-07)
(-10 1.82566e-06 1.10345e-07)
(-10 1.8439e-06 1.0735e-07)
(-10 1.86868e-06 9.93135e-08)
(-10 1.88978e-06 8.85977e-08)
(-10 1.89991e-06 7.88635e-08)
(-10 1.89635e-06 7.33465e-08)
(-10 1.8765e-06 7.24868e-08)
(-10 1.83983e-06 7.56029e-08)
(-10 1.78973e-06 8.32198e-08)
(-10 2.31033e-06 3.4282e-07)
(-10 2.3076e-06 2.71785e-07)
(-10 2.21721e-06 1.90769e-07)
(-10 2.15002e-06 1.42978e-07)
(-10 2.10382e-06 1.18652e-07)
(-10 2.07683e-06 1.07412e-07)
(-10 2.06823e-06 1.02526e-07)
(-10 2.07627e-06 9.80188e-08)
(-10 2.09501e-06 8.98952e-08)
(-10 2.11624e-06 7.85838e-08)
(-10 2.13039e-06 6.69217e-08)
(-10 2.13394e-06 5.72981e-08)
(-10 2.1238e-06 5.158e-08)
(-10 2.09766e-06 5.06736e-08)
(-10 2.05397e-06 5.22551e-08)
(-10 1.99928e-06 5.53338e-08)
(-10 2.51232e-06 3.4015e-07)
(-10 2.51387e-06 2.75067e-07)
(-10 2.42642e-06 1.96327e-07)
(-10 2.36494e-06 1.50283e-07)
(-10 2.32528e-06 1.26003e-07)
(-10 2.30454e-06 1.12703e-07)
(-10 2.30124e-06 1.03967e-07)
(-10 2.31159e-06 9.44792e-08)
(-10 2.32889e-06 8.27356e-08)
(-10 2.34305e-06 7.04162e-08)
(-10 2.34981e-06 5.93385e-08)
(-10 2.34579e-06 5.09148e-08)
(-10 2.32871e-06 4.54503e-08)
(-10 2.29619e-06 4.35612e-08)
(-10 2.24916e-06 4.56656e-08)
(-10 2.19093e-06 5.33237e-08)
(-10 2.67234e-06 3.20427e-07)
(-10 2.68326e-06 2.64725e-07)
(-10 2.60433e-06 1.89226e-07)
(-10 2.55246e-06 1.44064e-07)
(-10 2.52171e-06 1.18171e-07)
(-10 2.50847e-06 1.01102e-07)
(-10 2.50998e-06 8.71986e-08)
(-10 2.52105e-06 7.29234e-08)
(-10 2.53374e-06 5.8453e-08)
(-10 2.53998e-06 4.57149e-08)
(-10 2.53836e-06 3.58005e-08)
(-10 2.52554e-06 2.74036e-08)
(-10 2.50056e-06 2.08828e-08)
(-10 2.46265e-06 1.80348e-08)
(-10 2.41121e-06 1.80063e-08)
(-10 2.35071e-06 1.98837e-08)
(-10 2.79312e-06 3.15454e-07)
(-10 2.8194e-06 2.69989e-07)
(-10 2.75487e-06 1.95398e-07)
(-10 2.71706e-06 1.50354e-07)
(-10 2.69791e-06 1.22723e-07)
(-10 2.69336e-06 1.02209e-07)
(-10 2.69911e-06 8.45658e-08)
(-10 2.70958e-06 6.80606e-08)
(-10 2.71596e-06 5.31536e-08)
(-10 2.71446e-06 4.19532e-08)
(-10 2.70319e-06 3.34309e-08)
(-10 2.68154e-06 2.47448e-08)
(-10 2.64906e-06 1.76932e-08)
(-10 2.60521e-06 1.29578e-08)
(-10 2.55141e-06 1.32303e-08)
(-10 2.48996e-06 1.964e-08)
(-10 2.874e-06 2.93899e-07)
(-10 2.91875e-06 2.60368e-07)
(-10 2.87481e-06 1.86869e-07)
(-10 2.85374e-06 1.40087e-07)
(-10 2.84845e-06 1.09023e-07)
(-10 2.85229e-06 8.42794e-08)
(-10 2.86198e-06 6.40227e-08)
(-10 2.86986e-06 4.55083e-08)
(-10 2.86899e-06 3.0672e-08)
(-10 2.85917e-06 2.08391e-08)
(-10 2.83817e-06 1.1796e-08)
(-10 2.80717e-06 2.45889e-09)
(-10 2.76593e-06 -6.79909e-09)
(-10 2.71686e-06 -1.27674e-08)
(-10 2.6599e-06 -1.54726e-08)
(-10 2.59852e-06 -1.5798e-08)
(-10 2.92344e-06 2.92989e-07)
(-10 2.99085e-06 2.70616e-07)
(-10 2.96945e-06 1.94196e-07)
(-10 2.96808e-06 1.44843e-07)
(-10 2.97717e-06 1.10413e-07)
(-10 2.99009e-06 8.4571e-08)
(-10 3.00259e-06 6.25436e-08)
(-10 3.00571e-06 4.43896e-08)
(-10 2.9996e-06 3.19522e-08)
(-10 2.98098e-06 2.3891e-08)
(-10 2.9513e-06 1.5231e-08)
(-10 2.91102e-06 5.5283e-09)
(-10 2.86236e-06 -4.62174e-09)
(-10 2.80752e-06 -1.24443e-08)
(-10 2.7471e-06 -1.57652e-08)
(-10 2.68668e-06 -1.17379e-08)
(-10 2.95058e-06 2.79321e-07)
(-10 3.0406e-06 2.69115e-07)
(-10 3.04032e-06 1.87908e-07)
(-10 3.06049e-06 1.34168e-07)
(-10 3.0816e-06 9.41662e-08)
(-10 3.10434e-06 6.44073e-08)
(-10 3.11572e-06 4.17263e-08)
(-10 3.11668e-06 2.47515e-08)
(-10 3.10369e-06 1.43438e-08)
(-10 3.07807e-06 6.35703e-09)
(-10 3.03997e-06 -1.90982e-09)
(-10 2.99192e-06 -1.25737e-08)
(-10 2.93608e-06 -2.40084e-08)
(-10 2.87245e-06 -3.333e-08)
(-10 2.80854e-06 -3.92102e-08)
(-10 2.74866e-06 -4.3949e-08)
(-10 2.96835e-06 2.90935e-07)
(-10 3.07269e-06 2.96368e-07)
(-10 3.09351e-06 2.04027e-07)
(-10 3.1277e-06 1.41535e-07)
(-10 3.16363e-06 9.6738e-08)
(-10 3.19019e-06 6.43368e-08)
(-10 3.20212e-06 4.22167e-08)
(-10 3.19966e-06 2.79284e-08)
(-10 3.18162e-06 2.00904e-08)
(-10 3.15003e-06 1.3469e-08)
(-10 3.10638e-06 6.12487e-09)
(-10 3.05317e-06 -3.30456e-09)
(-10 2.98946e-06 -1.38132e-08)
(-10 2.92215e-06 -2.33376e-08)
(-10 2.85117e-06 -3.15429e-08)
(-10 2.78235e-06 -2.91697e-08)
(-10 2.9917e-06 2.98922e-07)
(-10 3.099e-06 3.11828e-07)
(-10 3.13366e-06 2.12937e-07)
(-10 3.17422e-06 1.37737e-07)
(-10 3.22262e-06 8.51119e-08)
(-10 3.24972e-06 4.9424e-08)
(-10 3.26275e-06 2.71614e-08)
(-10 3.25703e-06 1.44071e-08)
(-10 3.23685e-06 7.11893e-09)
(-10 3.202e-06 1.45394e-09)
(-10 3.15604e-06 -4.90183e-09)
(-10 3.09996e-06 -1.23495e-08)
(-10 3.03716e-06 -2.16389e-08)
(-10 2.96144e-06 -3.25062e-08)
(-10 2.87476e-06 -2.86935e-08)
(-10 2.79653e-06 -1.69268e-08)
(-10 3.02741e-06 3.22599e-07)
(-10 3.13091e-06 3.60625e-07)
(-10 3.15145e-06 2.33688e-07)
(-10 3.20315e-06 1.4853e-07)
(-10 3.24667e-06 9.04534e-08)
(-10 3.27981e-06 5.41418e-08)
(-10 3.29121e-06 3.22468e-08)
(-10 3.28542e-06 2.06101e-08)
(-10 3.26359e-06 1.38277e-08)
(-10 3.22831e-06 9.05833e-09)
(-10 3.182e-06 5.30736e-09)
(-10 3.12917e-06 1.39743e-09)
(-10 3.06631e-06 -4.81663e-09)
(-10 2.99044e-06 1.31107e-10)
(-10 2.92154e-06 5.89294e-09)
(-10 2.84642e-06 2.56485e-09)
(-10 3.06978e-06 3.03135e-07)
(-10 3.14452e-06 3.63575e-07)
(-10 3.14942e-06 2.24123e-07)
(-10 3.20007e-06 1.33669e-07)
(-10 3.24103e-06 7.41682e-08)
(-10 3.2774e-06 3.55227e-08)
(-10 3.28884e-06 1.1551e-08)
(-10 3.28433e-06 -2.61351e-09)
(-10 3.26326e-06 -1.19768e-08)
(-10 3.22994e-06 -1.77614e-08)
(-10 3.18687e-06 -1.95993e-08)
(-10 3.13928e-06 -2.0954e-08)
(-10 3.08767e-06 -1.90937e-08)
(-10 3.03964e-06 -1.96577e-08)
(-10 2.95243e-06 -1.8171e-08)
(-10 2.85036e-06 -1.08677e-08)
(-10 3.1075e-06 2.76508e-07)
(-10 3.13614e-06 3.63015e-07)
(-10 3.13431e-06 2.29437e-07)
(-10 3.16306e-06 1.34313e-07)
(-10 3.22041e-06 7.02444e-08)
(-10 3.25221e-06 2.76107e-08)
(-10 3.26935e-06 -1.77331e-09)
(-10 3.26771e-06 -2.20253e-08)
(-10 3.25194e-06 -3.63979e-08)
(-10 3.22311e-06 -4.58629e-08)
(-10 3.18809e-06 -4.87679e-08)
(-10 3.15e-06 -4.8035e-08)
(-10 3.11884e-06 -4.43696e-08)
(-10 3.07645e-06 -5.45675e-08)
(-10 3.03195e-06 -6.52918e-08)
(-10 2.99444e-06 -7.21434e-08)
(-10 2.8565e-06 -3.97289e-08)
(-10 3.10762e-06 2.92541e-07)
(-10 3.09259e-06 3.91493e-07)
(-10 3.08668e-06 2.47327e-07)
(-10 3.11815e-06 1.40621e-07)
(-10 3.18141e-06 6.63515e-08)
(-10 3.22346e-06 1.64898e-08)
(-10 3.24871e-06 -2.05259e-08)
(-10 3.25582e-06 -4.82818e-08)
(-10 3.24914e-06 -6.79867e-08)
(-10 3.23155e-06 -8.01629e-08)
(-10 3.21071e-06 -8.08008e-08)
(-10 3.18338e-06 -7.13106e-08)
(-10 3.16978e-06 -6.46662e-08)
(-10 3.17023e-06 -6.16081e-08)
(-10 3.19541e-06 -3.82934e-08)
(-10 3.06587e-06 -7.28583e-08)
(-10 2.93797e-06 -6.24866e-08)
(-10 3.00478e-06 3.79737e-07)
(-10 2.98583e-06 4.68997e-07)
(-10 2.99246e-06 2.93456e-07)
(-10 3.04783e-06 1.77459e-07)
(-10 3.11097e-06 9.35054e-08)
(-10 3.17089e-06 3.24957e-08)
(-10 3.20131e-06 -1.27469e-08)
(-10 3.21642e-06 -4.70942e-08)
(-10 3.21671e-06 -7.10385e-08)
(-10 3.20813e-06 -8.41929e-08)
(-10 3.18949e-06 -7.92534e-08)
(-10 3.17947e-06 -6.49165e-08)
(-10 3.16843e-06 -4.73144e-08)
(-10 3.18614e-06 -1.61614e-08)
(-10 3.21635e-06 -3.75006e-08)
(-10 3.13674e-06 -4.72083e-08)
(-10 2.94795e-06 -3.59287e-08)
(-10 2.7775e-06 4.25776e-07)
(-10 2.80104e-06 5.34861e-07)
(-10 2.85945e-06 3.30348e-07)
(-10 2.93135e-06 1.95552e-07)
(-10 3.01635e-06 9.5837e-08)
(-10 3.07955e-06 2.37507e-08)
(-10 3.11772e-06 -2.96186e-08)
(-10 3.13291e-06 -7.00888e-08)
(-10 3.13735e-06 -1.00703e-07)
(-10 3.13179e-06 -1.1344e-07)
(-10 3.12066e-06 -1.07174e-07)
(-10 3.10729e-06 -9.02437e-08)
(-10 3.09186e-06 -6.23554e-08)
(-10 3.11376e-06 -4.87877e-08)
(-10 3.09329e-06 -4.46184e-08)
(-10 3.04147e-06 -7.09896e-08)
(-10 2.95169e-06 -6.44106e-08)
(-10 2.44652e-06 4.92582e-07)
(-10 2.5533e-06 6.15303e-07)
(-10 2.67661e-06 3.76041e-07)
(-10 2.77846e-06 2.24126e-07)
(-10 2.8795e-06 1.11714e-07)
(-10 2.94618e-06 3.99417e-08)
(-10 2.97527e-06 -2.9384e-08)
(-10 2.98974e-06 -7.58521e-08)
(-10 2.98679e-06 -1.03724e-07)
(-10 2.97606e-06 -1.19876e-07)
(-10 2.95458e-06 -1.18518e-07)
(-10 2.94843e-06 -1.07426e-07)
(-10 2.9459e-06 -8.60713e-08)
(-10 2.92351e-06 -6.78499e-08)
(-10 2.88732e-06 -7.94538e-08)
(-10 2.83181e-06 -6.38677e-08)
(-10 2.77348e-06 -4.34802e-08)
(-10 2.07513e-06 5.97511e-07)
(-10 2.271e-06 6.92577e-07)
(-10 2.45191e-06 4.21898e-07)
(-10 2.5771e-06 2.40796e-07)
(-10 2.67486e-06 1.17291e-07)
(-10 2.72815e-06 2.7759e-08)
(-10 2.74097e-06 -2.89869e-08)
(-10 2.73198e-06 -7.45099e-08)
(-10 2.70645e-06 -1.17667e-07)
(-10 2.67638e-06 -1.34466e-07)
(-10 2.64524e-06 -1.42516e-07)
(-10 2.61035e-06 -1.35979e-07)
(-10 2.58578e-06 -1.39435e-07)
(-10 2.53439e-06 -1.29588e-07)
(-10 2.48689e-06 -9.96301e-08)
(-10 2.43849e-06 -8.97911e-08)
(-10 2.43948e-06 -5.52705e-08)
(-10 1.86987e-06 7.39662e-07)
(-10 2.11692e-06 8.22931e-07)
(-10 2.34344e-06 5.0658e-07)
(-10 2.48409e-06 2.98697e-07)
(-10 2.58549e-06 1.65121e-07)
(-10 2.62853e-06 8.77153e-08)
(-10 2.62168e-06 3.25421e-08)
(-10 2.59241e-06 -8.46271e-09)
(-10 2.55254e-06 -2.4938e-08)
(-10 2.50944e-06 -6.12602e-08)
(-10 2.45785e-06 -6.32473e-08)
(-10 2.44169e-06 -9.82025e-08)
(-10 2.38445e-06 -9.16918e-08)
(-10 2.32438e-06 -7.71455e-08)
(-10 2.25677e-06 -6.40655e-08)
(-10 2.27664e-06 -6.213e-09)
(-10 2.2488e-06 1.71705e-08)
(-10 1.87729e-06 8.71377e-07)
(-10 2.13598e-06 9.24274e-07)
(-10 2.40761e-06 5.68809e-07)
(-10 2.56751e-06 3.34437e-07)
(-10 2.65973e-06 1.92637e-07)
(-10 2.68835e-06 1.17072e-07)
(-10 2.66256e-06 8.99823e-08)
(-10 2.62306e-06 8.16849e-08)
(-10 2.56324e-06 -7.06886e-09)
(-10 2.5167e-06 -1.0381e-08)
(-10 2.47353e-06 -3.65463e-08)
(-9.99999 1.57487e-07 1.36878e-07)
(-9.99999 1.62315e-07 1.17552e-07)
(-10 1.57069e-07 8.93299e-08)
(-10 1.52324e-07 7.04373e-08)
(-10 1.48762e-07 5.98808e-08)
(-10 1.46582e-07 5.56528e-08)
(-10 1.46332e-07 5.67741e-08)
(-10 1.47048e-07 6.0546e-08)
(-10 1.5072e-07 6.62395e-08)
(-10 1.56047e-07 7.23595e-08)
(-10 1.62613e-07 7.85786e-08)
(-10 1.68974e-07 8.38376e-08)
(-10 1.74157e-07 8.8214e-08)
(-10 1.75604e-07 9.12715e-08)
(-10 1.76371e-07 9.25024e-08)
(-10 1.70185e-07 9.19586e-08)
(-9.99999 5.00699e-07 1.409e-07)
(-9.99999 5.10311e-07 1.17204e-07)
(-9.99999 4.88954e-07 8.62728e-08)
(-9.99999 4.7038e-07 6.60373e-08)
(-10 4.55546e-07 5.44701e-08)
(-10 4.45433e-07 4.95408e-08)
(-10 4.40512e-07 4.97193e-08)
(-10 4.40937e-07 5.25902e-08)
(-10 4.47625e-07 5.70076e-08)
(-10 4.5882e-07 6.13256e-08)
(-10 4.73319e-07 6.5327e-08)
(-10 4.8698e-07 6.82522e-08)
(-10 4.96679e-07 7.12281e-08)
(-10 4.98885e-07 7.34312e-08)
(-10 4.93115e-07 7.36912e-08)
(-10 4.82696e-07 7.36651e-08)
(-9.99999 8.38523e-07 1.39515e-07)
(-9.99999 8.52982e-07 1.15262e-07)
(-9.99999 8.18949e-07 8.4588e-08)
(-10 7.90544e-07 6.49328e-08)
(-10 7.68728e-07 5.40489e-08)
(-10 7.55045e-07 5.00913e-08)
(-10 7.48959e-07 5.06132e-08)
(-10 7.52525e-07 5.38586e-08)
(-10 7.64354e-07 5.81214e-08)
(-10 7.83735e-07 6.22776e-08)
(-10 8.06335e-07 6.51738e-08)
(-10 8.27906e-07 6.72714e-08)
(-10 8.42684e-07 6.91658e-08)
(-10 8.4535e-07 7.07731e-08)
(-10 8.37981e-07 7.13404e-08)
(-10 8.20091e-07 7.17462e-08)
(-9.99999 1.16093e-06 1.37249e-07)
(-9.99999 1.17723e-06 1.12844e-07)
(-9.99999 1.13136e-06 8.32181e-08)
(-10 1.09433e-06 6.46433e-08)
(-10 1.0672e-06 5.49284e-08)
(-10 1.05064e-06 5.20464e-08)
(-10 1.0455e-06 5.30925e-08)
(-10 1.05203e-06 5.66318e-08)
(-10 1.06948e-06 6.08241e-08)
(-10 1.0949e-06 6.41462e-08)
(-10 1.12372e-06 6.59451e-08)
(-10 1.14951e-06 6.66503e-08)
(-10 1.16479e-06 6.75362e-08)
(-10 1.16605e-06 6.89973e-08)
(-10 1.15286e-06 6.86541e-08)
(-10 1.13063e-06 6.81758e-08)
(-9.99999 1.46619e-06 1.36395e-07)
(-9.99999 1.48341e-06 1.11275e-07)
(-10 1.42806e-06 8.18509e-08)
(-10 1.3853e-06 6.39985e-08)
(-10 1.35555e-06 5.52279e-08)
(-10 1.33894e-06 5.29356e-08)
(-10 1.33642e-06 5.42114e-08)
(-10 1.34755e-06 5.76957e-08)
(-10 1.3704e-06 6.10944e-08)
(-10 1.40115e-06 6.30822e-08)
(-10 1.43363e-06 6.31766e-08)
(-10 1.46087e-06 6.25234e-08)
(-10 1.47483e-06 6.23645e-08)
(-10 1.47295e-06 6.31438e-08)
(-10 1.45623e-06 6.36989e-08)
(-10 1.42616e-06 6.44436e-08)
(-10 1.74962e-06 1.33027e-07)
(-10 1.76752e-06 1.08104e-07)
(-10 1.70565e-06 7.98833e-08)
(-10 1.65996e-06 6.31822e-08)
(-10 1.63e-06 5.54252e-08)
(-10 1.61625e-06 5.3306e-08)
(-10 1.61808e-06 5.47571e-08)
(-10 1.63427e-06 5.76394e-08)
(-10 1.66204e-06 5.97851e-08)
(-10 1.69608e-06 6.00479e-08)
(-10 1.72961e-06 5.8525e-08)
(-10 1.7553e-06 5.64893e-08)
(-10 1.76504e-06 5.58328e-08)
(-10 1.75918e-06 5.6715e-08)
(-10 1.73605e-06 5.59778e-08)
(-10 1.70129e-06 5.52328e-08)
(-10 2.00933e-06 1.32784e-07)
(-10 2.02864e-06 1.0796e-07)
(-10 1.96328e-06 7.99978e-08)
(-10 1.91798e-06 6.40179e-08)
(-10 1.89135e-06 5.67796e-08)
(-10 1.88242e-06 5.43516e-08)
(-10 1.8895e-06 5.53703e-08)
(-10 1.91073e-06 5.69881e-08)
(-10 1.94197e-06 5.73292e-08)
(-10 1.97702e-06 5.57331e-08)
(-10 2.00864e-06 5.26892e-08)
(-10 2.02957e-06 5.0401e-08)
(-10 2.03538e-06 4.95961e-08)
(-10 2.02444e-06 4.95993e-08)
(-10 1.99696e-06 5.00009e-08)
(-10 1.95566e-06 5.131e-08)
(-10 2.2386e-06 1.27355e-07)
(-10 2.26169e-06 1.04327e-07)
(-10 2.19683e-06 7.78081e-08)
(-10 2.15533e-06 6.26198e-08)
(-10 2.1343e-06 5.5519e-08)
(-10 2.13135e-06 5.23807e-08)
(-10 2.14393e-06 5.2249e-08)
(-10 2.16915e-06 5.19988e-08)
(-10 2.20173e-06 5.02566e-08)
(-10 2.23494e-06 4.69024e-08)
(-10 2.26237e-06 4.34171e-08)
(-10 2.27684e-06 4.08235e-08)
(-10 2.27689e-06 3.93457e-08)
(-10 2.26072e-06 3.94511e-08)
(-10 2.22742e-06 3.85518e-08)
(-10 2.18253e-06 3.79274e-08)
(-10 2.43433e-06 1.2645e-07)
(-10 2.46562e-06 1.05378e-07)
(-10 2.40584e-06 7.90427e-08)
(-10 2.37159e-06 6.40408e-08)
(-10 2.35826e-06 5.66169e-08)
(-10 2.36209e-06 5.24407e-08)
(-10 2.37984e-06 5.07044e-08)
(-10 2.40751e-06 4.83896e-08)
(-10 2.43914e-06 4.48358e-08)
(-10 2.46805e-06 4.04567e-08)
(-10 2.48802e-06 3.71112e-08)
(-10 2.49589e-06 3.41959e-08)
(-10 2.49009e-06 3.25566e-08)
(-10 2.46828e-06 3.19292e-08)
(-10 2.4316e-06 3.24483e-08)
(-10 2.38319e-06 3.43016e-08)
(-10 2.59143e-06 1.18885e-07)
(-10 2.63573e-06 1.01257e-07)
(-10 2.58573e-06 7.60354e-08)
(-10 2.56202e-06 6.11605e-08)
(-10 2.5581e-06 5.30095e-08)
(-10 2.56915e-06 4.73422e-08)
(-10 2.59123e-06 4.36712e-08)
(-10 2.61956e-06 3.92852e-08)
(-10 2.64796e-06 3.41529e-08)
(-10 2.67014e-06 2.98394e-08)
(-10 2.68199e-06 2.60198e-08)
(-10 2.68247e-06 2.2835e-08)
(-10 2.66972e-06 2.07068e-08)
(-10 2.64295e-06 2.00955e-08)
(-10 2.60257e-06 1.89824e-08)
(-10 2.55247e-06 1.84956e-08)
(-10 2.71104e-06 1.17858e-07)
(-10 2.7727e-06 1.03409e-07)
(-10 2.73768e-06 7.771e-08)
(-10 2.72774e-06 6.23291e-08)
(-10 2.7349e-06 5.31714e-08)
(-10 2.75335e-06 4.60301e-08)
(-10 2.77894e-06 4.08035e-08)
(-10 2.8064e-06 3.49964e-08)
(-10 2.82986e-06 2.9471e-08)
(-10 2.84369e-06 2.53021e-08)
(-10 2.84748e-06 2.12723e-08)
(-10 2.83998e-06 1.80372e-08)
(-10 2.82031e-06 1.56363e-08)
(-10 2.78819e-06 1.41159e-08)
(-10 2.74533e-06 1.42324e-08)
(-10 2.69452e-06 1.63186e-08)
(-10 2.79447e-06 1.10253e-07)
(-10 2.87682e-06 9.9919e-08)
(-10 2.85996e-06 7.43754e-08)
(-10 2.86633e-06 5.81986e-08)
(-10 2.88557e-06 4.76092e-08)
(-10 2.91158e-06 3.94377e-08)
(-10 2.93972e-06 3.2604e-08)
(-10 2.96529e-06 2.56769e-08)
(-10 2.98142e-06 2.02326e-08)
(-10 2.98779e-06 1.55183e-08)
(-10 2.98316e-06 1.16028e-08)
(-10 2.96716e-06 7.91924e-09)
(-10 2.93984e-06 4.78093e-09)
(-10 2.90263e-06 2.98107e-09)
(-10 2.85721e-06 1.26569e-09)
(-10 2.8063e-06 5.11808e-10)
(-10 2.84922e-06 1.11632e-07)
(-10 2.95175e-06 1.04552e-07)
(-10 2.95645e-06 7.70413e-08)
(-10 2.98074e-06 5.93756e-08)
(-10 3.01251e-06 4.73585e-08)
(-10 3.04619e-06 3.79625e-08)
(-10 3.0764e-06 3.06776e-08)
(-10 3.09737e-06 2.38003e-08)
(-10 3.10802e-06 1.83119e-08)
(-10 3.10708e-06 1.41655e-08)
(-10 3.09431e-06 1.03575e-08)
(-10 3.07015e-06 6.55406e-09)
(-10 3.03543e-06 3.25618e-09)
(-10 2.99225e-06 4.77663e-10)
(-10 2.94358e-06 -2.72413e-10)
(-10 2.8939e-06 1.07826e-09)
(-10 2.88386e-06 1.08269e-07)
(-10 3.00321e-06 1.04725e-07)
(-10 3.03038e-06 7.58366e-08)
(-10 3.07073e-06 5.58721e-08)
(-10 3.1159e-06 4.1772e-08)
(-10 3.15483e-06 3.09502e-08)
(-10 3.18537e-06 2.23653e-08)
(-10 3.20331e-06 1.62303e-08)
(-10 3.20877e-06 1.10782e-08)
(-10 3.20132e-06 7.21408e-09)
(-10 3.18152e-06 3.36167e-09)
(-10 3.14992e-06 -4.74802e-10)
(-10 3.10747e-06 -4.68213e-09)
(-10 3.05777e-06 -8.09724e-09)
(-10 3.00561e-06 -1.03753e-08)
(-10 2.95331e-06 -1.1736e-08)
(-10 2.9084e-06 1.15542e-07)
(-10 3.03988e-06 1.1545e-07)
(-10 3.08399e-06 8.20329e-08)
(-10 3.13959e-06 5.86839e-08)
(-10 3.19449e-06 4.19446e-08)
(-10 3.23897e-06 3.00483e-08)
(-10 3.2684e-06 2.17881e-08)
(-10 3.28392e-06 1.55064e-08)
(-10 3.28567e-06 1.15262e-08)
(-10 3.27382e-06 8.09129e-09)
(-10 3.24934e-06 4.9412e-09)
(-10 3.21257e-06 1.20445e-09)
(-10 3.16574e-06 -3.40138e-09)
(-10 3.1092e-06 -5.27542e-09)
(-10 3.0477e-06 -6.419e-09)
(-10 2.99259e-06 -2.51395e-09)
(-10 2.93421e-06 1.20046e-07)
(-10 3.07261e-06 1.26384e-07)
(-10 3.121e-06 8.68456e-08)
(-10 3.18971e-06 5.84967e-08)
(-10 3.24646e-06 3.85544e-08)
(-10 3.29427e-06 2.52808e-08)
(-10 3.32333e-06 1.65763e-08)
(-10 3.33766e-06 1.11948e-08)
(-10 3.33722e-06 7.65049e-09)
(-10 3.32341e-06 5.15172e-09)
(-10 3.29662e-06 2.68565e-09)
(-10 3.25972e-06 -1.10024e-09)
(-10 3.20892e-06 -2.86641e-09)
(-10 3.14387e-06 -7.01116e-09)
(-10 3.0839e-06 -7.94626e-09)
(-10 3.02757e-06 -4.08267e-09)
(-10 2.96864e-06 1.28965e-07)
(-10 3.09705e-06 1.31447e-07)
(-10 3.14527e-06 9.04018e-08)
(-10 3.21019e-06 5.87571e-08)
(-10 3.27254e-06 3.71524e-08)
(-10 3.31808e-06 2.36707e-08)
(-10 3.34705e-06 1.44286e-08)
(-10 3.3611e-06 9.51133e-09)
(-10 3.36062e-06 5.75146e-09)
(-10 3.34664e-06 3.65898e-09)
(-10 3.32189e-06 1.63995e-09)
(-10 3.28646e-06 8.39995e-11)
(-10 3.23811e-06 -5.13074e-09)
(-10 3.18972e-06 -6.23731e-09)
(-10 3.10233e-06 7.94955e-09)
(-10 3.00343e-06 4.92282e-09)
(-10 3.01313e-06 1.23842e-07)
(-10 3.11068e-06 1.43899e-07)
(-10 3.14806e-06 8.79069e-08)
(-10 3.20076e-06 5.20486e-08)
(-10 3.26645e-06 2.99467e-08)
(-10 3.3109e-06 1.58073e-08)
(-10 3.34142e-06 7.04571e-09)
(-10 3.35675e-06 1.02448e-09)
(-10 3.35843e-06 -2.59321e-09)
(-10 3.34709e-06 -5.09937e-09)
(-10 3.32668e-06 -5.6914e-09)
(-10 3.29829e-06 -8.39738e-09)
(-10 3.26914e-06 -8.04816e-09)
(-10 3.19642e-06 3.57027e-09)
(-10 3.1077e-06 -4.51267e-09)
(-10 3.07651e-06 -1.62428e-08)
(-10 3.05644e-06 1.09041e-07)
(-10 3.11428e-06 1.32019e-07)
(-10 3.12213e-06 9.00454e-08)
(-10 3.1779e-06 5.30487e-08)
(-10 3.23832e-06 2.66644e-08)
(-10 3.29056e-06 1.01688e-08)
(-10 3.32538e-06 -6.87006e-10)
(-10 3.34666e-06 -9.07634e-09)
(-10 3.35414e-06 -1.41092e-08)
(-10 3.35106e-06 -1.82824e-08)
(-10 3.34073e-06 -1.95859e-08)
(-10 3.32873e-06 -1.97542e-08)
(-10 3.30933e-06 -1.79495e-08)
(-10 3.28111e-06 -4.21788e-08)
(-10 3.29089e-06 -1.18295e-08)
(-10 3.19957e-06 -9.12949e-09)
(-10 3.06546e-06 1.00631e-07)
(-10 3.08639e-06 1.63602e-07)
(-10 3.08074e-06 9.72668e-08)
(-10 3.1418e-06 5.36289e-08)
(-10 3.20925e-06 2.55105e-08)
(-10 3.27256e-06 7.72465e-09)
(-10 3.31705e-06 -5.80391e-09)
(-10 3.34915e-06 -1.47993e-08)
(-10 3.36875e-06 -2.18024e-08)
(-10 3.37996e-06 -2.48363e-08)
(-10 3.38097e-06 -2.38746e-08)
(-10 3.38762e-06 -2.20476e-08)
(-10 3.39739e-06 -2.35588e-08)
(-10 3.42793e-06 -4.81897e-10)
(-10 3.46867e-06 -5.9347e-10)
(-10 3.3918e-06 -5.21595e-08)
(-10 3.14284e-06 -1.10367e-08)
(-10 2.9722e-06 1.63412e-07)
(-10 2.9778e-06 1.56643e-07)
(-10 2.98587e-06 1.00767e-07)
(-10 3.05098e-06 5.89691e-08)
(-10 3.13621e-06 2.63978e-08)
(-10 3.20398e-06 5.19438e-09)
(-10 3.25563e-06 -1.11372e-08)
(-10 3.29233e-06 -2.32024e-08)
(-10 3.31838e-06 -3.19209e-08)
(-10 3.33317e-06 -3.67181e-08)
(-10 3.3447e-06 -3.56211e-08)
(-10 3.34893e-06 -2.90709e-08)
(-10 3.38042e-06 -2.4746e-08)
(-10 3.44408e-06 -2.16748e-08)
(-10 3.4782e-06 -4.4254e-08)
(-10 3.43191e-06 2.696e-11)
(-10 3.19443e-06 -7.87725e-09)
(-10 2.75872e-06 1.3998e-07)
(-10 2.79956e-06 2.15885e-07)
(-10 2.83803e-06 1.23481e-07)
(-10 2.92616e-06 6.46313e-08)
(-10 3.02129e-06 2.69167e-08)
(-10 3.09659e-06 2.60138e-09)
(-10 3.14855e-06 -1.52581e-08)
(-10 3.1856e-06 -2.85251e-08)
(-10 3.21072e-06 -3.86959e-08)
(-10 3.22609e-06 -4.30503e-08)
(-10 3.23001e-06 -4.1451e-08)
(-10 3.25075e-06 -3.67685e-08)
(-10 3.26901e-06 -2.8268e-08)
(-10 3.31817e-06 -2.44379e-08)
(-10 3.32139e-06 -1.85014e-08)
(-10 3.26702e-06 -6.98703e-08)
(-10 3.18023e-06 -2.3009e-08)
(-10 2.44866e-06 1.9498e-07)
(-10 2.56456e-06 2.1644e-07)
(-10 2.65162e-06 1.30957e-07)
(-10 2.76685e-06 6.75017e-08)
(-10 2.86969e-06 2.70516e-08)
(-10 2.94334e-06 -3.24005e-09)
(-10 2.98986e-06 -2.13899e-08)
(-10 3.01775e-06 -3.8923e-08)
(-10 3.0347e-06 -5.08834e-08)
(-10 3.03834e-06 -5.8627e-08)
(-10 3.04774e-06 -6.49325e-08)
(-10 3.06024e-06 -5.94388e-08)
(-10 3.06455e-06 -5.27259e-08)
(-10 3.06058e-06 -5.69629e-08)
(-10 3.04781e-06 -7.71464e-08)
(-10 2.99215e-06 -4.27845e-08)
(-10 3.00571e-06 -4.59473e-08)
(-10 2.12672e-06 2.18451e-07)
(-10 2.31157e-06 2.64176e-07)
(-10 2.4511e-06 1.47322e-07)
(-10 2.58343e-06 7.67329e-08)
(-10 2.69074e-06 2.48533e-08)
(-10 2.75456e-06 -2.39157e-09)
(-10 2.78424e-06 -2.55428e-08)
(-10 2.79549e-06 -4.1224e-08)
(-10 2.79022e-06 -5.44902e-08)
(-10 2.77776e-06 -6.44564e-08)
(-10 2.76849e-06 -6.7007e-08)
(-10 2.7522e-06 -8.26196e-08)
(-10 2.73229e-06 -8.60162e-08)
(-10 2.70581e-06 -8.11905e-08)
(-10 2.64366e-06 -5.92442e-08)
(-10 2.67078e-06 -7.95822e-08)
(-10 2.63926e-06 -5.21954e-08)
(-10 1.94813e-06 2.84659e-07)
(-10 2.17691e-06 3.06132e-07)
(-10 2.35764e-06 1.84578e-07)
(-10 2.50814e-06 1.00578e-07)
(-10 2.61495e-06 5.31385e-08)
(-10 2.67071e-06 2.24981e-08)
(-10 2.68842e-06 8.28348e-09)
(-10 2.68285e-06 -4.89621e-09)
(-10 2.66759e-06 -1.22556e-08)
(-10 2.64474e-06 -2.39652e-08)
(-10 2.60998e-06 -3.4924e-08)
(-10 2.57592e-06 -3.57764e-08)
(-10 2.53333e-06 -4.505e-08)
(-10 2.45939e-06 -3.29148e-08)
(-10 2.52508e-06 -5.33313e-08)
(-10 2.48897e-06 -6.3401e-09)
(-10 2.49836e-06 -1.72954e-08)
(-10 1.93899e-06 3.29749e-07)
(-10 2.19069e-06 3.61412e-07)
(-10 2.40408e-06 2.11047e-07)
(-10 2.56806e-06 1.24229e-07)
(-10 2.67045e-06 6.67115e-08)
(-10 2.7077e-06 4.2734e-08)
(-10 2.7058e-06 2.6835e-08)
(-10 2.68353e-06 2.36413e-08)
(-10 2.6524e-06 1.21849e-08)
(-10 2.60925e-06 1.18407e-08)
(-10 2.57164e-06 -5.70225e-09)
(-10 2.51448e-06 -3.89004e-08)
(-10 2.45334e-06 -3.09016e-08)
(-10 2.47859e-06 -2.5267e-08)
(-10 1.30823e-07 1.24886e-07)
(-10 1.1636e-07 1.12487e-07)
(-10 1.18206e-07 1.05784e-07)
(-10 1.09742e-07 9.61986e-08)
(-10 1.05609e-07 8.1659e-08)
(-10 9.86515e-08 5.90523e-08)
(-10 9.35585e-08 4.69141e-08)
(-10 8.52778e-08 2.46556e-08)
(-10 7.88091e-08 1.28157e-08)
(-10 7.25796e-08 7.23172e-09)
(-10 6.8714e-08 8.06535e-09)
(-10 6.65884e-08 1.30073e-08)
(-10 6.83484e-08 2.04145e-08)
(-10 7.16961e-08 2.69548e-08)
(-10 4.878e-08 3.34698e-08)
(-10 3.99743e-08 3.99914e-08)
(-10 3.62803e-08 3.85018e-08)
(-10 3.82414e-07 9.72222e-08)
(-10 3.51202e-07 8.69431e-08)
(-10 3.40789e-07 8.17246e-08)
(-10 3.09153e-07 7.5167e-08)
(-10 2.9823e-07 5.69604e-08)
(-10 2.71281e-07 4.65765e-08)
(-10 2.51296e-07 2.96702e-08)
(-10 2.24621e-07 1.31262e-08)
(-10 2.03918e-07 3.70757e-09)
(-10 1.83681e-07 -1.65498e-09)
(-10 1.72824e-07 2.68418e-10)
(-10 1.6944e-07 5.79798e-09)
(-10 1.72703e-07 1.29314e-08)
(-10 1.79396e-07 2.19616e-08)
(-10 1.0015e-07 2.91479e-08)
(-10 7.66059e-08 2.90942e-08)
(-10 6.54719e-08 3.28053e-08)
(-10 7.00275e-07 9.20546e-08)
(-10 6.72093e-07 7.81603e-08)
(-10 6.36036e-07 7.36241e-08)
(-10 6.0109e-07 6.3627e-08)
(-10 5.6034e-07 4.84847e-08)
(-10 5.19731e-07 3.86219e-08)
(-10 4.7813e-07 1.798e-08)
(-10 4.37147e-07 5.91694e-09)
(-10 3.97376e-07 -6.42297e-09)
(-10 3.66941e-07 -9.18355e-09)
(-10 3.48288e-07 -7.13322e-09)
(-10 3.41067e-07 -1.62728e-09)
(-10 3.43359e-07 5.65975e-09)
(-10 3.54026e-07 1.46599e-08)
(-10 2.10868e-07 2.07222e-08)
(-10 1.74705e-07 2.3953e-08)
(-10 1.55035e-07 2.7438e-08)
(-10 9.73003e-07 8.53242e-08)
(-10 9.25869e-07 7.02758e-08)
(-10 8.78641e-07 6.70838e-08)
(-10 8.27994e-07 5.65504e-08)
(-10 7.7371e-07 4.40222e-08)
(-10 7.208e-07 2.64872e-08)
(-10 6.62675e-07 1.27481e-08)
(-10 6.08251e-07 -1.32159e-09)
(-10 5.56338e-07 -9.18881e-09)
(-10 5.16766e-07 -1.12351e-08)
(-10 4.91064e-07 -8.61564e-09)
(-10 4.80207e-07 -3.46152e-09)
(-10 4.80919e-07 4.16199e-09)
(-10 4.91881e-07 1.10035e-08)
(-10 2.89465e-07 1.70625e-08)
(-10 2.36604e-07 2.43896e-08)
(-10 2.11446e-07 1.86616e-08)
(-10 1.23827e-06 7.84159e-08)
(-10 1.17315e-06 6.42339e-08)
(-10 1.1166e-06 6.11911e-08)
(-10 1.05246e-06 5.08191e-08)
(-10 9.88308e-07 3.87381e-08)
(-10 9.19393e-07 2.19957e-08)
(-10 8.52261e-07 1.39316e-08)
(-10 7.82386e-07 -2.44836e-09)
(-10 7.20918e-07 -7.1953e-09)
(-10 6.73061e-07 -7.95373e-09)
(-10 6.41572e-07 -4.62974e-09)
(-10 6.27067e-07 4.15454e-10)
(-10 6.26952e-07 6.76776e-09)
(-10 6.37195e-07 1.26443e-08)
(-10 3.77084e-07 2.10041e-08)
(-10 3.12373e-07 2.37377e-08)
(-10 2.77478e-07 1.93486e-08)
(-10 1.46793e-06 6.23785e-08)
(-10 1.39791e-06 5.60778e-08)
(-10 1.32858e-06 5.00331e-08)
(-10 1.25433e-06 4.24349e-08)
(-10 1.17928e-06 2.893e-08)
(-10 1.0987e-06 2.01613e-08)
(-10 1.01855e-06 3.74733e-09)
(-10 9.37856e-07 -3.75837e-09)
(-10 8.68236e-07 -6.34764e-09)
(-10 8.12837e-07 -4.27752e-09)
(-10 7.77231e-07 -2.79755e-10)
(-10 7.59585e-07 4.44071e-09)
(-10 7.57971e-07 8.07004e-09)
(-10 7.68535e-07 1.40272e-08)
(-10 4.55472e-07 1.80065e-08)
(-10 3.76067e-07 1.91862e-08)
(-10 3.34826e-07 2.00034e-08)
(-10 1.68855e-06 5.4058e-08)
(-10 1.61506e-06 4.33486e-08)
(-10 1.53421e-06 3.91013e-08)
(-10 1.45272e-06 3.24654e-08)
(-10 1.36525e-06 1.90072e-08)
(-10 1.27667e-06 1.63437e-08)
(-10 1.18413e-06 -1.55422e-09)
(-10 1.09567e-06 -3.50093e-09)
(-10 1.01842e-06 -1.84443e-09)
(-10 9.5763e-07 3.656e-09)
(-10 9.17762e-07 8.21751e-09)
(-10 8.96213e-07 1.14102e-08)
(-10 8.93179e-07 1.22583e-08)
(-10 9.02753e-07 1.53872e-08)
(-10 5.38161e-07 1.54597e-08)
(-10 4.40788e-07 1.28705e-08)
(-10 3.91976e-07 1.83172e-08)
(-10 1.88751e-06 4.07488e-08)
(-10 1.80294e-06 3.07797e-08)
(-10 1.7155e-06 2.97911e-08)
(-10 1.62564e-06 2.01165e-08)
(-10 1.52921e-06 1.32224e-08)
(-10 1.43194e-06 -8.35183e-11)
(-10 1.33131e-06 -4.07669e-09)
(-10 1.23826e-06 -1.46863e-09)
(-10 1.15416e-06 6.7403e-09)
(-10 1.08864e-06 1.4994e-08)
(-10 1.04579e-06 1.95508e-08)
(-10 1.02403e-06 1.85408e-08)
(-10 1.01803e-06 1.67532e-08)
(-10 1.02647e-06 1.33762e-08)
(-10 6.12342e-07 1.50415e-08)
(-10 5.0274e-07 1.66696e-08)
(-10 4.40727e-07 1.45962e-08)
(-10 2.07316e-06 2.80448e-08)
(-10 1.97836e-06 2.13084e-08)
(-10 1.88684e-06 1.94411e-08)
(-10 1.78824e-06 9.01396e-09)
(-10 1.68731e-06 6.6624e-09)
(-10 1.58251e-06 -7.20261e-09)
(-10 1.47904e-06 -4.02334e-09)
(-10 1.37815e-06 5.58792e-09)
(-10 1.28962e-06 1.86459e-08)
(-10 1.22362e-06 2.89949e-08)
(-10 1.18411e-06 3.15546e-08)
(-10 1.15968e-06 2.54364e-08)
(-10 1.15174e-06 1.92416e-08)
(-10 1.15584e-06 1.38061e-08)
(-10 6.94833e-07 1.39812e-08)
(-10 5.72531e-07 1.15089e-08)
(-10 4.9614e-07 1.25857e-08)
(-10 2.22221e-06 8.82726e-09)
(-10 2.12855e-06 1.25528e-08)
(-10 2.03267e-06 5.82121e-09)
(-10 1.92955e-06 2.81471e-09)
(-10 1.82483e-06 -1.00975e-08)
(-10 1.71611e-06 -1.04374e-08)
(-10 1.60811e-06 -2.39711e-09)
(-10 1.50311e-06 1.35923e-08)
(-10 1.41934e-06 3.08717e-08)
(-10 1.35551e-06 4.08118e-08)
(-10 1.31681e-06 3.81733e-08)
(-10 1.28891e-06 2.88563e-08)
(-10 1.27775e-06 1.58842e-08)
(-10 1.27411e-06 9.70543e-09)
(-10 7.71971e-07 7.23923e-09)
(-10 6.32833e-07 7.63965e-09)
(-10 5.47266e-07 5.2747e-09)
(-10 2.35961e-06 -4.47083e-10)
(-10 2.26614e-06 1.23511e-09)
(-10 2.16691e-06 -3.41147e-09)
(-10 2.06344e-06 -1.0554e-09)
(-10 1.95585e-06 -1.50537e-08)
(-10 1.84458e-06 -9.3842e-09)
(-10 1.73285e-06 4.77839e-09)
(-10 1.63415e-06 2.52178e-08)
(-10 1.55384e-06 4.45236e-08)
(-10 1.49776e-06 5.05584e-08)
(-10 1.4542e-06 4.22838e-08)
(-10 1.42436e-06 2.93292e-08)
(-10 1.40479e-06 1.62797e-08)
(-10 1.39116e-06 6.59019e-09)
(-10 8.49376e-07 4.59379e-10)
(-10 6.91845e-07 -2.42152e-10)
(-10 5.97435e-07 3.43799e-10)
(-10 2.47126e-06 -1.26649e-08)
(-10 2.37952e-06 -9.36308e-09)
(-10 2.2804e-06 -8.57858e-09)
(-10 2.17686e-06 -1.53286e-08)
(-10 2.06785e-06 -1.50171e-08)
(-10 1.9567e-06 -5.48694e-09)
(-10 1.84821e-06 1.41914e-08)
(-10 1.75794e-06 3.87628e-08)
(-10 1.68429e-06 5.47539e-08)
(-10 1.63084e-06 5.44822e-08)
(-10 1.58415e-06 4.37294e-08)
(-10 1.55129e-06 2.45146e-08)
(-10 1.52062e-06 1.11638e-08)
(-10 1.4961e-06 4.73734e-09)
(-10 9.18151e-07 -1.42441e-09)
(-10 7.4385e-07 3.84835e-09)
(-10 6.38226e-07 -4.39976e-09)
(-10 2.56631e-06 -2.30626e-08)
(-10 2.47444e-06 -1.67966e-08)
(-10 2.37955e-06 -1.33324e-08)
(-10 2.27759e-06 -1.79525e-08)
(-10 2.16985e-06 -1.16559e-08)
(-10 2.06234e-06 3.52704e-09)
(-10 1.96377e-06 2.75011e-08)
(-10 1.88089e-06 5.19175e-08)
(-10 1.81721e-06 6.15199e-08)
(-10 1.7623e-06 5.56502e-08)
(-10 1.7163e-06 4.17677e-08)
(-10 1.67498e-06 2.00262e-08)
(-10 1.63441e-06 1.09364e-08)
(-10 1.59876e-06 1.7031e-10)
(-10 9.88062e-07 -2.69674e-09)
(-10 8.00311e-07 -1.68042e-09)
(-10 6.81511e-07 -2.5801e-09)
(-10 2.63486e-06 -4.49848e-08)
(-10 2.54872e-06 -1.29496e-08)
(-10 2.45871e-06 -2.03877e-08)
(-10 2.35972e-06 -1.69722e-08)
(-10 2.25783e-06 -1.25413e-08)
(-10 2.15747e-06 1.4212e-08)
(-10 2.07002e-06 3.70653e-08)
(-10 1.99644e-06 5.9406e-08)
(-10 1.93824e-06 6.20653e-08)
(-10 1.88559e-06 5.30554e-08)
(-10 1.8374e-06 3.32096e-08)
(-10 1.78507e-06 2.04521e-08)
(-10 1.73418e-06 7.96738e-09)
(-10 1.68663e-06 -1.74631e-09)
(-10 1.04647e-06 -2.68856e-09)
(-10 8.43518e-07 -8.65403e-09)
(-10 7.13538e-07 -4.58589e-09)
(-10 2.60884e-06 -3.25715e-08)
(-10 2.52018e-06 -2.07425e-08)
(-10 2.42811e-06 -1.26777e-08)
(-10 2.33506e-06 -5.05812e-09)
(-10 2.24738e-06 2.38207e-08)
(-10 2.17182e-06 4.51897e-08)
(-10 2.10992e-06 6.31633e-08)
(-10 2.05625e-06 6.06291e-08)
(-10 2.0065e-06 4.77422e-08)
(-10 1.95021e-06 2.88769e-08)
(-10 1.88825e-06 2.1483e-08)
(-10 1.82531e-06 5.83935e-09)
(-10 1.76469e-06 6.59149e-10)
(-10 1.09616e-06 -4.8027e-09)
(-10 8.75537e-07 -1.35754e-08)
(-10 7.37725e-07 -1.1769e-08)
(-10 2.63712e-06 -5.83254e-08)
(-10 2.56084e-06 -6.57189e-09)
(-10 2.47814e-06 -8.34414e-09)
(-10 2.39794e-06 6.34768e-09)
(-10 2.32542e-06 2.7936e-08)
(-10 2.26506e-06 5.47617e-08)
(-10 2.21491e-06 6.0375e-08)
(-10 2.16714e-06 5.48191e-08)
(-10 2.11444e-06 3.90993e-08)
(-10 2.0497e-06 2.90935e-08)
(-10 1.97924e-06 1.80114e-08)
(-10 1.90429e-06 1.17921e-08)
(-10 1.83213e-06 3.49329e-09)
(-10 1.13298e-06 -3.22026e-09)
(-10 8.98464e-07 -1.08782e-08)
(-10 7.51772e-07 -1.92216e-08)
(-10 2.64711e-06 -4.42133e-08)
(-10 2.58002e-06 -2.9779e-08)
(-10 2.51074e-06 -9.83496e-09)
(-10 2.44621e-06 1.32176e-08)
(-10 2.39306e-06 3.35359e-08)
(-10 2.35025e-06 4.95131e-08)
(-10 2.30976e-06 5.12513e-08)
(-10 2.26665e-06 4.2531e-08)
(-10 2.20741e-06 3.21407e-08)
(-10 2.1369e-06 2.83522e-08)
(-10 2.05848e-06 2.08607e-08)
(-10 1.97334e-06 1.84156e-08)
(-10 1.8917e-06 9.21589e-09)
(-10 1.15807e-06 9.138e-10)
(-10 9.1417e-07 -1.25419e-08)
(-10 7.56692e-07 -1.59465e-08)
(-10 2.66005e-06 -4.12795e-08)
(-10 2.59681e-06 -1.22161e-08)
(-10 2.53918e-06 -1.39494e-08)
(-10 2.49127e-06 6.2875e-09)
(-10 2.46062e-06 3.03013e-08)
(-10 2.43301e-06 3.82983e-08)
(-10 2.40158e-06 3.5968e-08)
(-10 2.35792e-06 2.81139e-08)
(-10 2.29573e-06 2.66757e-08)
(-10 2.22294e-06 2.21399e-08)
(-10 2.13599e-06 2.72488e-08)
(-10 2.04494e-06 2.40415e-08)
(-10 1.95497e-06 1.75576e-08)
(-10 1.18143e-06 4.2482e-09)
(-10 9.2437e-07 -8.16033e-09)
(-10 7.62105e-07 -2.28013e-08)
(-10 2.66461e-06 -3.82349e-08)
(-10 2.60596e-06 -4.53558e-08)
(-10 2.56197e-06 -7.20827e-09)
(-10 2.53712e-06 8.40217e-09)
(-10 2.52541e-06 2.04122e-08)
(-10 2.51453e-06 2.34837e-08)
(-10 2.48761e-06 1.77576e-08)
(-10 2.44221e-06 1.5888e-08)
(-10 2.38217e-06 1.87106e-08)
(-10 2.30503e-06 2.22719e-08)
(-10 2.21742e-06 3.25753e-08)
(-10 2.1228e-06 3.12934e-08)
(-10 2.02654e-06 2.73141e-08)
(-10 1.20616e-06 1.18215e-08)
(-10 9.26067e-07 -4.99025e-09)
(-10 7.62035e-07 -1.26132e-08)
(-10 2.66101e-06 -3.75462e-08)
(-10 2.61358e-06 -8.31088e-09)
(-10 2.58845e-06 -1.93289e-08)
(-10 2.58923e-06 1.75615e-09)
(-10 2.59568e-06 8.20298e-09)
(-10 2.59702e-06 5.44339e-09)
(-10 2.57549e-06 1.77237e-09)
(-10 2.534e-06 3.87831e-09)
(-10 2.4768e-06 5.00641e-09)
(-10 2.40512e-06 2.12338e-08)
(-10 2.32248e-06 3.29959e-08)
(-10 2.22852e-06 4.05009e-08)
(-10 2.13366e-06 3.71239e-08)
(-10 1.25007e-06 2.78654e-08)
(-10 9.47791e-07 1.546e-08)
(-10 7.76321e-07 1.30351e-09)
(-10 2.67145e-06 -1.26212e-08)
(-10 2.63997e-06 -2.46663e-08)
(-10 2.6403e-06 -6.52071e-09)
(-10 2.65997e-06 1.29991e-09)
(-10 2.68242e-06 2.88861e-09)
(-10 2.68874e-06 -3.0336e-09)
(-10 2.67435e-06 -4.2922e-09)
(-10 2.64051e-06 -3.50993e-10)
(-10 2.58967e-06 5.89644e-09)
(-10 2.5301e-06 2.10115e-08)
(-10 2.45691e-06 3.48509e-08)
(-10 2.37195e-06 5.12043e-08)
(-10 2.28516e-06 5.51969e-08)
(-10 1.3212e-06 5.17019e-08)
(-10 1.00216e-06 4.04565e-08)
(-10 8.19739e-07 3.31194e-08)
(-10 2.67415e-06 -1.11244e-08)
(-10 2.66291e-06 1.2004e-08)
(-10 2.68392e-06 3.60342e-09)
(-10 2.71168e-06 8.96206e-09)
(-10 2.73963e-06 8.91056e-09)
(-10 2.7526e-06 5.62739e-09)
(-10 2.74533e-06 2.47251e-09)
(-10 2.72359e-06 4.94971e-09)
(-10 2.68579e-06 1.82116e-08)
(-10 2.63917e-06 3.12523e-08)
(-10 2.5811e-06 3.95462e-08)
(-10 2.51647e-06 6.65054e-08)
(-10 2.44164e-06 7.97383e-08)
(-10 1.39198e-06 8.62298e-08)
(-10 1.05281e-06 8.16334e-08)
(-10 8.80411e-07 6.58226e-08)
(-10 2.56032e-06 4.59644e-08)
(-10 2.5707e-06 2.07988e-08)
(-10 2.61559e-06 3.74226e-08)
(-10 2.65799e-06 4.81546e-08)
(-10 2.68903e-06 4.32598e-08)
(-10 2.7033e-06 3.33081e-08)
(-10 2.70491e-06 3.37243e-08)
(-10 2.69469e-06 4.06964e-08)
(-10 2.6759e-06 4.89821e-08)
(-10 2.64751e-06 5.69144e-08)
(-10 2.61256e-06 7.90301e-08)
(-10 2.57043e-06 9.41967e-08)
(-10 2.51479e-06 1.33327e-07)
(-10 1.40861e-06 1.49306e-07)
(-10 1.07214e-06 1.35928e-07)
(-10 8.66551e-07 1.34055e-07)
(-10 2.23702e-06 4.78253e-08)
(-10 2.30601e-06 6.35771e-08)
(-10 2.32795e-06 7.59595e-08)
(-10 2.36057e-06 6.41853e-08)
(-10 2.38455e-06 8.0569e-08)
(-10 2.40496e-06 9.58234e-08)
(-10 2.42166e-06 6.48975e-08)
(-10 2.43288e-06 6.01308e-08)
(-10 2.43929e-06 5.10471e-08)
(-10 2.44112e-06 7.73881e-08)
(-10 2.44009e-06 1.00881e-07)
(-10 2.42515e-06 1.14362e-07)
(-10 2.42625e-06 1.72183e-07)
(-10 1.21789e-06 1.73466e-07)
(-10 8.39486e-07 2.26895e-07)
(-10 6.98394e-07 1.97396e-07)
(-10 2.12764e-06 1.06208e-07)
(-10 2.18787e-06 1.06749e-07)
(-10 2.22273e-06 9.25038e-08)
(-10 2.2454e-06 1.37236e-07)
(-10 2.27228e-06 1.3677e-07)
(-10 2.29884e-06 4.57093e-08)
(-10 2.33376e-06 5.99347e-08)
(-10 2.37099e-06 5.16981e-08)
(-10 2.4078e-06 6.40039e-08)
(-10 2.4464e-06 4.44313e-08)
(-10 2.48876e-06 6.64854e-08)
(-10 2.5316e-06 1.04449e-07)
(-10 2.55352e-06 1.32285e-07)
(-10 1.30446e-06 1.62526e-07)
(-10 9.50499e-07 1.45191e-07)
(-10 1.34329e-07 2.27826e-07)
(-10 1.31862e-07 2.18574e-07)
(-10 1.25018e-07 2.07275e-07)
(-10 1.18442e-07 1.90108e-07)
(-10 1.11725e-07 1.70194e-07)
(-10 1.0411e-07 1.37394e-07)
(-10 9.63336e-08 9.66287e-08)
(-10 8.83259e-08 4.57017e-08)
(-10 8.0398e-08 1.98539e-08)
(-10 7.40899e-08 1.01141e-08)
(-10 7.001e-08 1.33156e-08)
(-10 6.78385e-08 2.53885e-08)
(-10 6.86093e-08 4.37227e-08)
(-10 7.40003e-08 5.55124e-08)
(-10 4.89214e-08 7.27742e-08)
(-10 4.17924e-08 8.4827e-08)
(-10 3.55002e-08 8.44142e-08)
(-10 3.96162e-07 1.56968e-07)
(-10 3.75687e-07 1.47372e-07)
(-10 3.53857e-07 1.40423e-07)
(-10 3.31588e-07 1.29529e-07)
(-10 3.0877e-07 1.13549e-07)
(-10 2.83781e-07 8.98006e-08)
(-10 2.58288e-07 4.84373e-08)
(-10 2.32902e-07 9.71359e-09)
(-10 2.08272e-07 -1.17436e-08)
(-10 1.89388e-07 -1.64999e-08)
(-10 1.779e-07 -1.03033e-08)
(-10 1.73997e-07 3.19954e-09)
(-10 1.76812e-07 2.14641e-08)
(-10 1.8684e-07 3.75197e-08)
(-10 1.02045e-07 5.40967e-08)
(-10 7.97691e-08 6.45955e-08)
(-10 6.75611e-08 5.51423e-08)
(-10 7.26017e-07 1.61179e-07)
(-10 6.89658e-07 1.49211e-07)
(-10 6.55197e-07 1.42414e-07)
(-10 6.17277e-07 1.31899e-07)
(-10 5.76898e-07 1.13803e-07)
(-10 5.33446e-07 9.16395e-08)
(-10 4.87728e-07 4.26537e-08)
(-10 4.43224e-07 1.30803e-08)
(-10 3.98948e-07 -1.02868e-08)
(-10 3.66053e-07 -1.40229e-08)
(-10 3.46183e-07 -7.91117e-09)
(-10 3.39317e-07 4.92079e-09)
(-10 3.43692e-07 2.20358e-08)
(-10 3.55505e-07 3.98568e-08)
(-10 2.1449e-07 5.26816e-08)
(-10 1.79402e-07 6.19119e-08)
(-10 1.59824e-07 5.75512e-08)
(-10 1.00922e-06 1.5125e-07)
(-10 9.59451e-07 1.4229e-07)
(-10 9.10147e-07 1.36719e-07)
(-10 8.57338e-07 1.20957e-07)
(-10 8.00027e-07 1.03503e-07)
(-10 7.39123e-07 7.38418e-08)
(-10 6.7392e-07 3.53743e-08)
(-10 6.10964e-07 7.35933e-09)
(-10 5.49047e-07 -1.1275e-08)
(-10 5.02945e-07 -1.38135e-08)
(-10 4.75673e-07 -7.04622e-09)
(-10 4.67589e-07 4.71991e-09)
(-10 4.74311e-07 2.10175e-08)
(-10 4.91642e-07 3.50841e-08)
(-10 2.95673e-07 4.71097e-08)
(-10 2.42816e-07 6.04567e-08)
(-10 2.18774e-07 5.80455e-08)
(-10 1.28761e-06 1.44322e-07)
(-10 1.22231e-06 1.35061e-07)
(-10 1.16078e-06 1.27744e-07)
(-10 1.09383e-06 1.10697e-07)
(-10 1.02121e-06 9.02221e-08)
(-10 9.43023e-07 5.71609e-08)
(-10 8.62102e-07 3.46789e-08)
(-10 7.78677e-07 5.74699e-09)
(-10 7.02181e-07 -4.6061e-09)
(-10 6.41949e-07 -6.03962e-09)
(-10 6.09037e-07 1.80626e-09)
(-10 6.00324e-07 1.26401e-08)
(-10 6.10814e-07 2.61341e-08)
(-10 6.32532e-07 3.78516e-08)
(-10 3.80912e-07 5.11368e-08)
(-10 3.20048e-07 5.54159e-08)
(-10 2.89254e-07 6.1264e-08)
(-10 1.53736e-06 1.25864e-07)
(-10 1.45872e-06 1.13157e-07)
(-10 1.38496e-06 1.00994e-07)
(-10 1.30504e-06 8.80822e-08)
(-10 1.21925e-06 5.81831e-08)
(-10 1.12563e-06 4.00693e-08)
(-10 1.02901e-06 1.69712e-08)
(-10 9.29132e-07 1.73123e-09)
(-10 8.36603e-07 -3.97569e-09)
(-10 7.64013e-07 -9.21658e-10)
(-10 7.2843e-07 8.04801e-09)
(-10 7.22275e-07 2.00437e-08)
(-10 7.37432e-07 2.64353e-08)
(-10 7.62983e-07 3.55527e-08)
(-10 4.58983e-07 4.1488e-08)
(-10 3.86052e-07 4.84689e-08)
(-10 3.4661e-07 4.24863e-08)
(-10 1.77561e-06 1.11043e-07)
(-10 1.6847e-06 9.27985e-08)
(-10 1.60156e-06 8.23261e-08)
(-10 1.5114e-06 6.76143e-08)
(-10 1.41322e-06 4.2128e-08)
(-10 1.30693e-06 3.14755e-08)
(-10 1.19227e-06 8.94446e-09)
(-10 1.07944e-06 5.05884e-09)
(-10 9.70779e-07 6.60523e-09)
(-10 8.9152e-07 1.6371e-08)
(-10 8.57467e-07 2.71368e-08)
(-10 8.55591e-07 3.17411e-08)
(-10 8.74662e-07 3.3508e-08)
(-10 9.03048e-07 3.79604e-08)
(-10 5.49737e-07 4.03201e-08)
(-10 4.59829e-07 4.23785e-08)
(-10 4.11291e-07 4.40476e-08)
(-10 1.98315e-06 8.06901e-08)
(-10 1.88202e-06 6.23894e-08)
(-10 1.78981e-06 5.79088e-08)
(-10 1.6913e-06 3.99523e-08)
(-10 1.58075e-06 2.09794e-08)
(-10 1.46137e-06 4.20741e-09)
(-10 1.33718e-06 2.56754e-10)
(-10 1.20846e-06 3.01832e-09)
(-10 1.09008e-06 1.71366e-08)
(-10 1.01382e-06 3.39016e-08)
(-10 9.84456e-07 3.88903e-08)
(-10 9.8731e-07 4.01627e-08)
(-10 1.00754e-06 3.64999e-08)
(-10 1.03525e-06 3.24372e-08)
(-10 6.26354e-07 3.10309e-08)
(-10 5.25319e-07 3.51033e-08)
(-10 4.65437e-07 3.42647e-08)
(-10 2.17566e-06 5.90104e-08)
(-10 2.06311e-06 4.58006e-08)
(-10 1.96526e-06 4.08707e-08)
(-10 1.85865e-06 2.08753e-08)
(-10 1.7373e-06 8.42086e-09)
(-10 1.60599e-06 -6.17016e-09)
(-10 1.47349e-06 6.46658e-10)
(-10 1.33404e-06 1.54815e-08)
(-10 1.21571e-06 4.18611e-08)
(-10 1.15132e-06 6.20364e-08)
(-10 1.12811e-06 6.63055e-08)
(-10 1.13195e-06 5.4672e-08)
(-10 1.14847e-06 4.20985e-08)
(-10 1.16868e-06 3.44587e-08)
(-10 7.13758e-07 3.38665e-08)
(-10 5.93775e-07 3.26289e-08)
(-10 5.27187e-07 3.69516e-08)
(-10 2.33402e-06 2.05013e-08)
(-10 2.21793e-06 2.22724e-08)
(-10 2.11539e-06 1.16007e-08)
(-10 2.00055e-06 -4.05271e-09)
(-10 1.86952e-06 -2.06388e-08)
(-10 1.73433e-06 -1.44026e-08)
(-10 1.59029e-06 -2.74005e-09)
(-10 1.45012e-06 2.69839e-08)
(-10 1.34702e-06 6.27675e-08)
(-10 1.29518e-06 8.13864e-08)
(-10 1.27691e-06 7.65056e-08)
(-10 1.27648e-06 5.76896e-08)
(-10 1.28262e-06 3.53816e-08)
(-10 1.29041e-06 2.6791e-08)
(-10 7.90883e-07 2.52592e-08)
(-10 6.5848e-07 2.16737e-08)
(-10 5.75582e-07 1.92363e-08)
(-10 2.47533e-06 2.42108e-09)
(-10 2.35837e-06 5.28311e-09)
(-10 2.2543e-06 -2.30246e-09)
(-10 2.13296e-06 -1.50382e-08)
(-10 1.99323e-06 -2.39868e-08)
(-10 1.85692e-06 -9.48034e-09)
(-10 1.70825e-06 1.3329e-08)
(-10 1.57907e-06 5.58875e-08)
(-10 1.49858e-06 9.39347e-08)
(-10 1.45816e-06 1.05769e-07)
(-10 1.44046e-06 9.05414e-08)
(-10 1.42946e-06 5.5677e-08)
(-10 1.4195e-06 4.07059e-08)
(-10 1.41312e-06 2.72594e-08)
(-10 8.75436e-07 1.86012e-08)
(-10 7.21397e-07 1.07913e-08)
(-10 6.25638e-07 1.34721e-08)
(-10 2.58635e-06 -2.97511e-08)
(-10 2.47409e-06 -2.15285e-08)
(-10 2.37063e-06 -2.2085e-08)
(-10 2.24393e-06 -3.37873e-08)
(-10 2.10608e-06 -2.27354e-08)
(-10 1.96406e-06 -1.08184e-08)
(-10 1.81968e-06 2.58335e-08)
(-10 1.71542e-06 7.59512e-08)
(-10 1.65275e-06 1.09465e-07)
(-10 1.62034e-06 1.10003e-07)
(-10 1.59588e-06 8.79801e-08)
(-10 1.56915e-06 4.77279e-08)
(-10 1.54196e-06 3.46306e-08)
(-10 1.52107e-06 1.48054e-08)
(-10 9.43829e-07 1.13125e-09)
(-10 7.71304e-07 2.84654e-09)
(-10 6.65706e-07 -5.01021e-09)
(-10 2.67082e-06 -4.68596e-08)
(-10 2.57457e-06 -2.97213e-08)
(-10 2.47433e-06 -2.66365e-08)
(-10 2.34418e-06 -3.24816e-08)
(-10 2.21601e-06 -1.61498e-08)
(-10 2.07032e-06 4.53794e-09)
(-10 1.94213e-06 5.59571e-08)
(-10 1.86089e-06 1.0481e-07)
(-10 1.81334e-06 1.27969e-07)
(-10 1.78129e-06 1.17803e-07)
(-10 1.74374e-06 6.7919e-08)
(-10 1.69905e-06 4.96946e-08)
(-10 1.65433e-06 3.54312e-08)
(-10 1.61707e-06 1.02133e-08)
(-10 1.00495e-06 4.52969e-10)
(-10 8.20973e-07 -2.73669e-09)
(-10 7.06745e-07 -4.20261e-09)
(-10 2.74546e-06 -7.54739e-08)
(-10 2.65648e-06 -3.42578e-08)
(-10 2.55391e-06 -4.46887e-08)
(-10 2.42878e-06 -3.55548e-08)
(-10 2.29704e-06 -3.12605e-08)
(-10 2.16852e-06 1.54867e-08)
(-10 2.06963e-06 6.94652e-08)
(-10 2.00552e-06 1.17225e-07)
(-10 1.96803e-06 1.24549e-07)
(-10 1.9281e-06 1.07413e-07)
(-10 1.87351e-06 5.2691e-08)
(-10 1.81041e-06 4.30434e-08)
(-10 1.74867e-06 2.60862e-08)
(-10 1.69309e-06 3.45857e-10)
(-10 1.05398e-06 -8.39556e-09)
(-10 8.57662e-07 -1.60645e-08)
(-10 7.3971e-07 -1.76899e-08)
(-10 2.77082e-06 -9.58288e-08)
(-10 2.68277e-06 -5.84246e-08)
(-10 2.63228e-06 -3.5556e-08)
(-10 2.50174e-06 -2.60847e-08)
(-10 2.37119e-06 -6.72392e-09)
(-10 2.26909e-06 4.15423e-08)
(-10 2.19748e-06 9.06631e-08)
(-10 2.15471e-06 1.25639e-07)
(-10 2.11843e-06 1.22214e-07)
(-10 2.0654e-06 9.81149e-08)
(-10 1.99247e-06 5.27203e-08)
(-10 1.91984e-06 4.55927e-08)
(-10 1.83332e-06 2.87886e-08)
(-10 1.75986e-06 9.17841e-09)
(-10 1.09242e-06 -8.56192e-09)
(-10 8.83169e-07 -2.23995e-08)
(-10 7.52517e-07 -2.71525e-08)
(-10 2.76836e-06 -1.05625e-07)
(-10 2.74684e-06 -8.36704e-08)
(-10 2.66357e-06 -5.29448e-08)
(-10 2.55622e-06 -3.1973e-08)
(-10 2.44205e-06 7.86797e-09)
(-10 2.36492e-06 4.80581e-08)
(-10 2.32296e-06 9.88096e-08)
(-10 2.29343e-06 1.10978e-07)
(-10 2.25138e-06 1.00938e-07)
(-10 2.18248e-06 7.5004e-08)
(-10 2.09062e-06 5.38931e-08)
(-10 2.00466e-06 3.62302e-08)
(-10 1.89905e-06 2.41788e-08)
(-10 1.81074e-06 1.47202e-08)
(-10 1.11374e-06 -8.99382e-09)
(-10 8.90649e-07 -2.55773e-08)
(-10 7.5284e-07 -4.15591e-08)
(-10 2.77255e-06 -7.90865e-08)
(-10 2.67961e-06 -3.17159e-08)
(-10 2.57236e-06 -1.71819e-08)
(-10 2.49258e-06 1.82675e-08)
(-10 2.44926e-06 5.87158e-08)
(-10 2.4355e-06 9.44589e-08)
(-10 2.41237e-06 9.80189e-08)
(-10 2.36156e-06 8.40116e-08)
(-10 2.27619e-06 6.62417e-08)
(-10 2.17882e-06 4.74315e-08)
(-10 2.06909e-06 4.30886e-08)
(-10 1.94884e-06 3.7489e-08)
(-10 1.84856e-06 2.61307e-08)
(-10 1.11692e-06 6.66512e-09)
(-10 8.80384e-07 -2.21156e-08)
(-10 7.35602e-07 -3.4385e-08)
(-10 2.74875e-06 -8.17328e-08)
(-10 2.65338e-06 -5.41327e-08)
(-10 2.57465e-06 -2.49066e-08)
(-10 2.5337e-06 9.16847e-09)
(-10 2.53075e-06 5.07622e-08)
(-10 2.53347e-06 6.69721e-08)
(-10 2.51646e-06 6.6164e-08)
(-10 2.45787e-06 5.42796e-08)
(-10 2.361e-06 5.0192e-08)
(-10 2.26382e-06 3.74617e-08)
(-10 2.13667e-06 4.61488e-08)
(-10 2.00316e-06 4.53131e-08)
(-10 1.89241e-06 3.41125e-08)
(-10 1.11649e-06 1.99607e-08)
(-10 8.63215e-07 -1.50295e-08)
(-10 7.09608e-07 -4.04063e-08)
(-10 2.71392e-06 -6.72872e-08)
(-10 2.61292e-06 -2.46703e-08)
(-10 2.57373e-06 -1.26721e-08)
(-10 2.57034e-06 8.76944e-09)
(-10 2.59719e-06 3.66062e-08)
(-10 2.61999e-06 4.75559e-08)
(-10 2.60412e-06 4.09093e-08)
(-10 2.54236e-06 3.66531e-08)
(-10 2.44294e-06 4.14907e-08)
(-10 2.3471e-06 3.73954e-08)
(-10 2.21153e-06 5.8151e-08)
(-10 2.07496e-06 6.33962e-08)
(-10 1.9524e-06 5.96065e-08)
(-10 1.1185e-06 2.89463e-08)
(-10 8.38569e-07 1.46572e-09)
(-10 6.70137e-07 -1.65041e-08)
(-10 2.7042e-06 -5.38767e-08)
(-10 2.59565e-06 -4.2245e-08)
(-10 2.5884e-06 -2.55009e-08)
(-10 2.61606e-06 -8.68631e-09)
(-10 2.66059e-06 4.67726e-09)
(-10 2.7022e-06 8.55412e-09)
(-10 2.68803e-06 1.58858e-09)
(-10 2.63185e-06 5.3021e-09)
(-10 2.54101e-06 1.89944e-08)
(-10 2.44795e-06 2.30618e-08)
(-10 2.324e-06 4.93327e-08)
(-10 2.18847e-06 6.89803e-08)
(-10 2.05662e-06 7.37975e-08)
(-10 1.14516e-06 5.84636e-08)
(-10 8.34073e-07 3.37813e-08)
(-10 6.58408e-07 8.06044e-09)
(-10 2.70101e-06 -7.50631e-08)
(-10 2.62323e-06 -2.72501e-08)
(-10 2.63788e-06 -2.6762e-08)
(-10 2.67999e-06 -1.18626e-08)
(-10 2.74599e-06 -1.22067e-08)
(-10 2.78805e-06 -1.35784e-08)
(-10 2.7792e-06 -1.07375e-08)
(-10 2.73801e-06 -5.14309e-09)
(-10 2.66591e-06 8.33055e-09)
(-10 2.57868e-06 2.53368e-08)
(-10 2.47789e-06 5.21355e-08)
(-10 2.34718e-06 8.75366e-08)
(-10 2.21657e-06 1.05833e-07)
(-10 1.21265e-06 1.04743e-07)
(-10 8.68381e-07 8.55194e-08)
(-10 6.94691e-07 6.80194e-08)
(-10 2.73941e-06 -2.58947e-08)
(-10 2.67757e-06 -5.66713e-08)
(-10 2.70221e-06 -2.50511e-08)
(-10 2.75252e-06 -1.90178e-08)
(-10 2.82212e-06 -1.93146e-08)
(-10 2.84858e-06 -1.81269e-08)
(-10 2.85096e-06 -2.12289e-08)
(-10 2.82797e-06 -2.73793e-09)
(-10 2.78146e-06 7.0894e-09)
(-10 2.71058e-06 2.40589e-08)
(-10 2.642e-06 6.10736e-08)
(-10 2.52813e-06 1.01603e-07)
(-10 2.39728e-06 1.38037e-07)
(-10 1.30001e-06 1.56679e-07)
(-10 9.27117e-07 1.51832e-07)
(-10 7.57121e-07 1.263e-07)
(-10 2.65536e-06 -8.28974e-09)
(-10 2.63455e-06 1.53404e-08)
(-10 2.66289e-06 1.73217e-08)
(-10 2.72077e-06 2.83673e-08)
(-10 2.74643e-06 2.45559e-08)
(-10 2.78821e-06 2.00887e-08)
(-10 2.80325e-06 1.93102e-08)
(-10 2.80939e-06 3.34454e-08)
(-10 2.79248e-06 3.75962e-08)
(-10 2.75501e-06 6.94628e-08)
(-10 2.69317e-06 1.15583e-07)
(-10 2.61662e-06 1.38107e-07)
(-10 2.51971e-06 1.95976e-07)
(-10 1.31925e-06 2.5378e-07)
(-10 9.58655e-07 2.36971e-07)
(-10 7.84652e-07 2.25516e-07)
(-10 2.29174e-06 9.01321e-08)
(-10 2.36346e-06 6.28229e-08)
(-10 2.37449e-06 8.86047e-08)
(-10 2.40083e-06 8.24635e-08)
(-10 2.44523e-06 1.06385e-07)
(-10 2.46517e-06 1.08632e-07)
(-10 2.49291e-06 9.24573e-08)
(-10 2.52406e-06 6.00788e-08)
(-10 2.53567e-06 7.15367e-08)
(-10 2.54247e-06 8.02298e-08)
(-10 2.5141e-06 1.09085e-07)
(-10 2.48822e-06 1.92089e-07)
(-10 2.44356e-06 2.45186e-07)
(-10 1.18663e-06 2.9924e-07)
(-10 8.18824e-07 2.94164e-07)
(-10 5.98318e-07 2.29913e-07)
(-10 2.1436e-06 1.86704e-07)
(-10 2.27797e-06 1.78288e-07)
(-10 2.28778e-06 1.60796e-07)
(-10 2.30798e-06 2.11523e-07)
(-10 2.3201e-06 2.19924e-07)
(-10 2.35298e-06 1.81345e-07)
(-10 2.40001e-06 1.36826e-07)
(-10 2.44918e-06 1.22372e-07)
(-10 2.49743e-06 5.59211e-08)
(-10 2.53772e-06 7.88877e-08)
(-10 2.57101e-06 1.53334e-07)
(-10 2.57858e-06 1.95276e-07)
(-10 2.56892e-06 2.77757e-07)
(-10 1.28618e-06 3.18425e-07)
(-10 9.06797e-07 2.26482e-07)
(-10 7.57819e-07 2.56595e-07)
(-10 1.36542e-07 2.01425e-07)
(-10 1.37677e-07 2.04684e-07)
(-10 1.30558e-07 1.97928e-07)
(-10 1.2327e-07 1.8121e-07)
(-10 1.15706e-07 1.5012e-07)
(-10 1.07324e-07 1.14638e-07)
(-10 9.93651e-08 7.78156e-08)
(-10 9.06067e-08 4.20459e-08)
(-10 8.25602e-08 1.67659e-08)
(-10 7.61746e-08 8.79829e-09)
(-10 7.1988e-08 1.29076e-08)
(-10 6.96371e-08 2.5557e-08)
(-10 6.96864e-08 4.35042e-08)
(-10 7.47498e-08 5.70073e-08)
(-10 4.95922e-08 7.37706e-08)
(-10 4.2189e-08 9.00015e-08)
(-10 3.61088e-08 9.04277e-08)
(-10 4.04822e-07 1.27274e-07)
(-10 3.86134e-07 1.24668e-07)
(-10 3.64195e-07 1.21617e-07)
(-10 3.4113e-07 1.12617e-07)
(-10 3.16872e-07 8.49952e-08)
(-10 2.90782e-07 5.81999e-08)
(-10 2.65808e-07 2.86739e-08)
(-10 2.39215e-07 4.69326e-10)
(-10 2.15106e-07 -1.80235e-08)
(-10 1.965e-07 -2.07315e-08)
(-10 1.84611e-07 -1.32938e-08)
(-10 1.79758e-07 8.25093e-10)
(-10 1.81008e-07 1.87197e-08)
(-10 1.88615e-07 3.66226e-08)
(-10 1.04338e-07 5.01227e-08)
(-10 8.04711e-08 6.45116e-08)
(-10 6.92887e-08 6.55175e-08)
(-10 7.18932e-07 1.37338e-07)
(-10 6.85438e-07 1.27149e-07)
(-10 6.51875e-07 1.21006e-07)
(-10 6.14597e-07 1.06969e-07)
(-10 5.73245e-07 8.38565e-08)
(-10 5.30757e-07 5.8824e-08)
(-10 4.87448e-07 2.99933e-08)
(-10 4.43012e-07 3.22811e-09)
(-10 4.02246e-07 -1.38561e-08)
(-10 3.71113e-07 -1.56435e-08)
(-10 3.51335e-07 -8.21133e-09)
(-10 3.43057e-07 5.19634e-09)
(-10 3.45021e-07 2.17223e-08)
(-10 3.54368e-07 3.97893e-08)
(-10 2.12299e-07 5.3027e-08)
(-10 1.75583e-07 6.47227e-08)
(-10 1.56847e-07 6.80096e-08)
(-10 9.94972e-07 1.34729e-07)
(-10 9.48074e-07 1.15663e-07)
(-10 9.00629e-07 1.08994e-07)
(-10 8.49217e-07 9.32639e-08)
(-10 7.92159e-07 7.26449e-08)
(-10 7.33353e-07 4.94902e-08)
(-10 6.72035e-07 2.28308e-08)
(-10 6.10631e-07 -1.01952e-09)
(-10 5.54078e-07 -1.50169e-08)
(-10 5.11403e-07 -1.49452e-08)
(-10 4.84646e-07 -7.12055e-09)
(-10 4.74545e-07 5.10253e-09)
(-10 4.78118e-07 1.98342e-08)
(-10 4.91535e-07 3.55198e-08)
(-10 2.90842e-07 4.86272e-08)
(-10 2.39955e-07 5.87738e-08)
(-10 2.14402e-07 6.04532e-08)
(-10 1.26396e-06 1.29276e-07)
(-10 1.20375e-06 1.09412e-07)
(-10 1.14469e-06 1.03663e-07)
(-10 1.07955e-06 8.81457e-08)
(-10 1.00815e-06 6.75813e-08)
(-10 9.3274e-07 4.58691e-08)
(-10 8.55215e-07 2.22832e-08)
(-10 7.77373e-07 2.92525e-09)
(-10 7.06515e-07 -6.38336e-09)
(-10 6.52931e-07 -4.08181e-09)
(-10 6.20806e-07 4.40836e-09)
(-10 6.09308e-07 1.52402e-08)
(-10 6.149e-07 2.72381e-08)
(-10 6.31755e-07 3.97574e-08)
(-10 3.75464e-07 5.19562e-08)
(-10 3.13704e-07 6.15538e-08)
(-10 2.82017e-07 6.38519e-08)
(-10 1.50921e-06 1.04854e-07)
(-10 1.43749e-06 8.82367e-08)
(-10 1.36614e-06 8.18815e-08)
(-10 1.28829e-06 6.74009e-08)
(-10 1.20334e-06 4.74629e-08)
(-10 1.11317e-06 2.84626e-08)
(-10 1.02094e-06 8.89071e-09)
(-10 9.28385e-07 -3.7416e-09)
(-10 8.44875e-07 -6.68041e-09)
(-10 7.8142e-07 -1.11142e-09)
(-10 7.45891e-07 8.1114e-09)
(-10 7.35206e-07 1.6676e-08)
(-10 7.43545e-07 2.46837e-08)
(-10 7.63257e-07 3.33455e-08)
(-10 4.54025e-07 4.33715e-08)
(-10 3.77927e-07 5.05213e-08)
(-10 3.37252e-07 4.89617e-08)
(-10 1.74267e-06 9.58173e-08)
(-10 1.65868e-06 7.86123e-08)
(-10 1.57813e-06 7.34109e-08)
(-10 1.48971e-06 5.92265e-08)
(-10 1.39268e-06 3.95716e-08)
(-10 1.29009e-06 2.34687e-08)
(-10 1.18389e-06 9.60199e-09)
(-10 1.07893e-06 4.96912e-09)
(-10 9.84551e-07 9.70264e-09)
(-10 9.14446e-07 1.9706e-08)
(-10 8.78575e-07 2.87286e-08)
(-10 8.6957e-07 3.35735e-08)
(-10 8.79662e-07 3.61799e-08)
(-10 9.00447e-07 4.02596e-08)
(-10 5.40726e-07 4.5918e-08)
(-10 4.50553e-07 4.91708e-08)
(-10 3.99927e-07 5.23636e-08)
(-10 1.94816e-06 6.42015e-08)
(-10 1.85509e-06 5.0913e-08)
(-10 1.76583e-06 4.55995e-08)
(-10 1.66853e-06 3.15824e-08)
(-10 1.56121e-06 1.32062e-08)
(-10 1.44729e-06 6.00903e-10)
(-10 1.33011e-06 -4.58508e-09)
(-10 1.21545e-06 5.71501e-10)
(-10 1.11405e-06 1.45872e-08)
(-10 1.04256e-06 2.91954e-08)
(-10 1.00842e-06 3.63631e-08)
(-10 1.00137e-06 3.54065e-08)
(-10 1.01142e-06 3.13708e-08)
(-10 1.03034e-06 2.95328e-08)
(-10 6.21219e-07 3.14841e-08)
(-10 5.13519e-07 3.29156e-08)
(-10 4.535e-07 3.29356e-08)
(-10 2.1373e-06 5.43761e-08)
(-10 2.03628e-06 4.17842e-08)
(-10 1.94166e-06 3.78795e-08)
(-10 1.83698e-06 2.31788e-08)
(-10 1.72052e-06 6.11501e-09)
(-10 1.59634e-06 -5.24672e-10)
(-10 1.47188e-06 3.73111e-09)
(-10 1.35161e-06 1.94437e-08)
(-10 1.24824e-06 4.20439e-08)
(-10 1.18131e-06 5.88937e-08)
(-10 1.15001e-06 6.18789e-08)
(-10 1.14251e-06 5.36093e-08)
(-10 1.14856e-06 4.24315e-08)
(-10 1.16149e-06 3.50529e-08)
(-10 7.05374e-07 3.35165e-08)
(-10 5.81431e-07 3.49752e-08)
(-10 5.12718e-07 3.68411e-08)
(-10 2.29646e-06 1.83763e-08)
(-10 2.19349e-06 1.38765e-08)
(-10 2.09466e-06 8.79653e-09)
(-10 1.98382e-06 -4.71289e-09)
(-10 1.85918e-06 -1.88192e-08)
(-10 1.72923e-06 -1.57843e-08)
(-10 1.60133e-06 -1.72477e-09)
(-10 1.48054e-06 2.42271e-08)
(-10 1.38156e-06 5.41399e-08)
(-10 1.32298e-06 6.96492e-08)
(-10 1.29363e-06 6.63967e-08)
(-10 1.28228e-06 5.03988e-08)
(-10 1.2798e-06 3.26119e-08)
(-10 1.28341e-06 2.09173e-08)
(-10 7.83504e-07 1.73626e-08)
(-10 6.44891e-07 1.74077e-08)
(-10 5.61153e-07 1.4184e-08)
(-10 2.43737e-06 9.1981e-09)
(-10 2.33575e-06 7.23692e-09)
(-10 2.23579e-06 4.66211e-09)
(-10 2.12072e-06 -6.92143e-09)
(-10 1.98934e-06 -1.57144e-08)
(-10 1.85956e-06 -2.34554e-09)
(-10 1.73241e-06 1.91843e-08)
(-10 1.61589e-06 5.3759e-08)
(-10 1.52817e-06 8.70836e-08)
(-10 1.47738e-06 9.71564e-08)
(-10 1.44707e-06 8.59253e-08)
(-10 1.42722e-06 5.8322e-08)
(-10 1.41251e-06 4.25676e-08)
(-10 1.40469e-06 2.76618e-08)
(-10 8.64138e-07 2.03776e-08)
(-10 7.08084e-07 1.72e-08)
(-10 6.12463e-07 1.82146e-08)
(-10 2.54881e-06 -2.84119e-08)
(-10 2.4547e-06 -1.91683e-08)
(-10 2.35629e-06 -2.16467e-08)
(-10 2.23886e-06 -2.91409e-08)
(-10 2.10441e-06 -2.95569e-08)
(-10 1.98231e-06 -9.74343e-09)
(-10 1.85576e-06 1.91127e-08)
(-10 1.74972e-06 6.1528e-08)
(-10 1.67564e-06 9.25568e-08)
(-10 1.62895e-06 9.48011e-08)
(-10 1.59413e-06 7.58217e-08)
(-10 1.56158e-06 4.8378e-08)
(-10 1.53644e-06 2.84354e-08)
(-10 1.51292e-06 1.26913e-08)
(-10 9.34285e-07 2.10189e-09)
(-10 7.60793e-07 -8.46581e-10)
(-10 6.54025e-07 -4.79961e-09)
(-10 2.64772e-06 -3.40633e-08)
(-10 2.55873e-06 -1.98716e-08)
(-10 2.46244e-06 -1.92476e-08)
(-10 2.3475e-06 -2.09637e-08)
(-10 2.21538e-06 -1.04975e-08)
(-10 2.09913e-06 2.8711e-09)
(-10 1.98043e-06 4.68821e-08)
(-10 1.88958e-06 9.19881e-08)
(-10 1.8268e-06 1.15356e-07)
(-10 1.77993e-06 1.0847e-07)
(-10 1.736e-06 8.43429e-08)
(-10 1.69055e-06 4.79119e-08)
(-10 1.64769e-06 3.91622e-08)
(-10 1.61136e-06 1.95531e-08)
(-10 9.98413e-07 7.24612e-09)
(-10 8.11135e-07 1.96504e-09)
(-10 6.94616e-07 1.05672e-09)
(-10 2.69867e-06 -6.24651e-08)
(-10 2.63177e-06 -4.17392e-08)
(-10 2.55822e-06 -4.22385e-08)
(-10 2.44021e-06 -3.5719e-08)
(-10 2.31336e-06 -1.31275e-08)
(-10 2.19619e-06 5.29092e-09)
(-10 2.09971e-06 5.35558e-08)
(-10 2.02538e-06 9.60254e-08)
(-10 1.9701e-06 1.06579e-07)
(-10 1.91845e-06 9.27861e-08)
(-10 1.86109e-06 5.96496e-08)
(-10 1.80373e-06 3.68873e-08)
(-10 1.74577e-06 2.45496e-08)
(-10 1.69281e-06 5.65965e-09)
(-10 1.04978e-06 -6.70958e-09)
(-10 8.49679e-07 -1.48083e-08)
(-10 7.23973e-07 -2.30226e-08)
(-10 2.74533e-06 -6.86975e-08)
(-10 2.70231e-06 -4.14262e-08)
(-10 2.61987e-06 -3.17257e-08)
(-10 2.52167e-06 -2.11284e-08)
(-10 2.40119e-06 9.3209e-09)
(-10 2.29492e-06 3.82281e-08)
(-10 2.21795e-06 8.19447e-08)
(-10 2.15997e-06 1.13278e-07)
(-10 2.10778e-06 1.13192e-07)
(-10 2.0481e-06 9.60253e-08)
(-10 1.97652e-06 6.03586e-08)
(-10 1.90957e-06 4.88796e-08)
(-10 1.83303e-06 3.55078e-08)
(-10 1.76433e-06 1.90221e-08)
(-10 1.09305e-06 4.60165e-09)
(-10 8.78821e-07 -9.15289e-09)
(-10 7.44301e-07 -1.51053e-08)
(-10 2.69244e-06 -6.56209e-08)
(-10 2.74646e-06 -5.14823e-08)
(-10 2.68425e-06 -5.37324e-08)
(-10 2.57268e-06 -4.5801e-08)
(-10 2.46587e-06 3.49735e-09)
(-10 2.38259e-06 3.70215e-08)
(-10 2.32675e-06 7.61624e-08)
(-10 2.28122e-06 9.21934e-08)
(-10 2.22844e-06 8.62741e-08)
(-10 2.15932e-06 6.98874e-08)
(-10 2.07517e-06 5.18055e-08)
(-10 1.99611e-06 3.60407e-08)
(-10 1.90448e-06 2.56201e-08)
(-10 1.82188e-06 1.21131e-08)
(-10 1.12062e-06 -4.26178e-09)
(-10 8.93715e-07 -2.10162e-08)
(-10 7.5117e-07 -3.65491e-08)
(-10 2.79598e-06 -5.92296e-08)
(-10 2.75332e-06 -3.85008e-08)
(-10 2.69745e-06 -3.17451e-08)
(-10 2.59007e-06 -2.5275e-08)
(-10 2.5042e-06 1.25499e-08)
(-10 2.45226e-06 5.09689e-08)
(-10 2.42038e-06 8.23635e-08)
(-10 2.38262e-06 8.74518e-08)
(-10 2.32769e-06 7.96458e-08)
(-10 2.24979e-06 6.84261e-08)
(-10 2.15872e-06 5.3879e-08)
(-10 2.06611e-06 4.95118e-08)
(-10 1.96135e-06 4.43706e-08)
(-10 1.86722e-06 3.31218e-08)
(-10 1.13365e-06 1.42693e-08)
(-10 8.92669e-07 -7.07727e-09)
(-10 7.4215e-07 -2.04011e-08)
(-10 2.70662e-06 -4.95931e-08)
(-10 2.67282e-06 -5.53289e-08)
(-10 2.57872e-06 -3.16353e-08)
(-10 2.53249e-06 1.58698e-09)
(-10 2.51128e-06 3.42159e-08)
(-10 2.49849e-06 5.28959e-08)
(-10 2.46908e-06 5.26671e-08)
(-10 2.41323e-06 4.69435e-08)
(-10 2.3303e-06 4.39244e-08)
(-10 2.24071e-06 3.44324e-08)
(-10 2.13554e-06 4.12419e-08)
(-10 2.02157e-06 4.25003e-08)
(-10 1.91754e-06 3.50064e-08)
(-10 1.14479e-06 1.63516e-08)
(-10 8.86292e-07 -7.78206e-09)
(-10 7.2694e-07 -3.05794e-08)
(-10 2.72914e-06 -5.41639e-08)
(-10 2.60677e-06 -1.45965e-08)
(-10 2.56729e-06 -3.26099e-09)
(-10 2.55339e-06 1.50968e-08)
(-10 2.55791e-06 3.27746e-08)
(-10 2.56189e-06 4.08153e-08)
(-10 2.53973e-06 3.8251e-08)
(-10 2.48624e-06 3.59485e-08)
(-10 2.40427e-06 4.06136e-08)
(-10 2.31723e-06 3.84648e-08)
(-10 2.21027e-06 5.23701e-08)
(-10 2.08981e-06 6.31248e-08)
(-10 1.98191e-06 6.33264e-08)
(-10 1.15485e-06 3.87685e-08)
(-10 8.74352e-07 1.82379e-08)
(-10 7.05629e-07 1.9947e-09)
(-10 2.73696e-06 -7.06604e-08)
(-10 2.58172e-06 -2.90476e-08)
(-10 2.57108e-06 -1.87873e-08)
(-10 2.59029e-06 -6.26215e-09)
(-10 2.61271e-06 -4.61234e-09)
(-10 2.63155e-06 -1.72107e-09)
(-10 2.61759e-06 -4.36938e-09)
(-10 2.57156e-06 -1.83619e-09)
(-10 2.49809e-06 9.99927e-09)
(-10 2.419e-06 1.16516e-08)
(-10 2.31843e-06 3.57297e-08)
(-10 2.20173e-06 5.88679e-08)
(-10 2.09068e-06 6.8862e-08)
(-10 1.19046e-06 5.87823e-08)
(-10 8.86167e-07 3.61141e-08)
(-10 7.11567e-07 1.44378e-08)
(-10 2.77026e-06 -1.78859e-08)
(-10 2.60834e-06 -4.92121e-08)
(-10 2.62602e-06 -2.04026e-08)
(-10 2.65352e-06 -2.14953e-08)
(-10 2.69323e-06 -1.04343e-08)
(-10 2.72054e-06 -1.20269e-08)
(-10 2.7177e-06 -9.45499e-09)
(-10 2.6854e-06 -6.11356e-09)
(-10 2.63001e-06 1.11919e-08)
(-10 2.55732e-06 1.71461e-08)
(-10 2.47121e-06 4.9069e-08)
(-10 2.36443e-06 8.47706e-08)
(-10 2.25377e-06 1.09637e-07)
(-10 1.27022e-06 1.09652e-07)
(-10 9.36904e-07 8.6904e-08)
(-10 7.67963e-07 7.68247e-08)
(-10 2.78784e-06 -9.40358e-08)
(-10 2.70672e-06 -5.6936e-08)
(-10 2.70742e-06 -3.54429e-08)
(-10 2.75057e-06 -3.40215e-08)
(-10 2.77894e-06 -3.17016e-08)
(-10 2.81829e-06 -3.14652e-08)
(-10 2.82494e-06 -3.22668e-08)
(-10 2.80502e-06 -1.44222e-08)
(-10 2.74812e-06 -1.5348e-08)
(-10 2.70362e-06 1.2957e-08)
(-10 2.65461e-06 4.78789e-08)
(-10 2.5536e-06 9.39987e-08)
(-10 2.45902e-06 1.23307e-07)
(-10 1.36953e-06 1.33071e-07)
(-10 1.0233e-06 1.21325e-07)
(-10 8.54538e-07 1.10145e-07)
(-10 2.72746e-06 -5.51376e-09)
(-10 2.70287e-06 -1.64692e-08)
(-10 2.70686e-06 1.64567e-09)
(-10 2.71347e-06 1.1959e-08)
(-10 2.76289e-06 1.23056e-08)
(-10 2.77919e-06 1.97482e-08)
(-10 2.80139e-06 1.99133e-08)
(-10 2.81417e-06 2.34726e-08)
(-10 2.80986e-06 3.53569e-08)
(-10 2.7771e-06 7.349e-08)
(-10 2.72324e-06 9.62743e-08)
(-10 2.66371e-06 1.39252e-07)
(-10 2.57216e-06 2.05741e-07)
(-10 1.42693e-06 2.07968e-07)
(-10 1.06465e-06 2.20989e-07)
(-10 9.02954e-07 2.12875e-07)
(-10 2.42188e-06 5.31217e-08)
(-10 2.41418e-06 3.81831e-08)
(-10 2.40968e-06 4.19909e-08)
(-10 2.42736e-06 5.13801e-08)
(-10 2.43998e-06 6.7232e-08)
(-10 2.47372e-06 6.22109e-08)
(-10 2.52738e-06 6.32906e-08)
(-10 2.55123e-06 5.20251e-08)
(-10 2.5664e-06 5.82928e-08)
(-10 2.56688e-06 6.05069e-08)
(-10 2.55801e-06 1.10602e-07)
(-10 2.53187e-06 1.43033e-07)
(-10 2.49933e-06 2.04181e-07)
(-10 1.27411e-06 2.46841e-07)
(-10 9.25398e-07 2.63142e-07)
(-10 7.28643e-07 2.50634e-07)
(-10 2.19162e-06 1.18529e-07)
(-10 2.33189e-06 1.13275e-07)
(-10 2.32081e-06 1.19915e-07)
(-10 2.32189e-06 1.36526e-07)
(-10 2.35623e-06 1.56897e-07)
(-10 2.41027e-06 1.74705e-07)
(-10 2.44619e-06 1.43122e-07)
(-10 2.49241e-06 1.03515e-07)
(-10 2.53393e-06 6.52835e-08)
(-10 2.56996e-06 9.18372e-08)
(-10 2.59526e-06 7.41905e-08)
(-10 2.60593e-06 1.45411e-07)
(-10 2.61314e-06 2.1458e-07)
(-10 1.33878e-06 2.96128e-07)
(-10 9.65819e-07 3.29643e-07)
(-10 7.75905e-07 2.54355e-07)
(-10 1.43333e-07 1.68491e-07)
(-10 1.43479e-07 1.55832e-07)
(-10 1.35143e-07 1.49811e-07)
(-10 1.27012e-07 1.40466e-07)
(-10 1.19412e-07 1.24305e-07)
(-10 1.11031e-07 1.0292e-07)
(-10 1.02394e-07 7.84036e-08)
(-10 9.36654e-08 5.50909e-08)
(-10 8.5617e-08 3.92988e-08)
(-10 7.92151e-08 3.48474e-08)
(-10 7.49288e-08 3.8466e-08)
(-10 7.21525e-08 4.77924e-08)
(-10 7.19278e-08 6.19239e-08)
(-10 7.627e-08 7.09292e-08)
(-10 5.105e-08 8.16415e-08)
(-10 4.3672e-08 9.26705e-08)
(-10 3.62245e-08 9.16408e-08)
(-10 4.12079e-07 1.10192e-07)
(-10 3.94601e-07 1.01734e-07)
(-10 3.73197e-07 9.89384e-08)
(-10 3.49467e-07 9.1649e-08)
(-10 3.23534e-07 8.1547e-08)
(-10 2.97693e-07 6.56372e-08)
(-10 2.7165e-07 4.63721e-08)
(-10 2.45749e-07 2.83737e-08)
(-10 2.22199e-07 1.7219e-08)
(-10 2.03778e-07 1.63932e-08)
(-10 1.91585e-07 2.23407e-08)
(-10 1.85936e-07 3.27761e-08)
(-10 1.86027e-07 4.80238e-08)
(-10 1.90077e-07 5.77335e-08)
(-10 1.05481e-07 6.74943e-08)
(-10 8.19219e-08 7.72535e-08)
(-10 7.10333e-08 7.66462e-08)
(-10 7.14076e-07 1.09437e-07)
(-10 6.83397e-07 9.97126e-08)
(-10 6.5032e-07 9.74277e-08)
(-10 6.13432e-07 8.88942e-08)
(-10 5.71689e-07 7.72589e-08)
(-10 5.29127e-07 6.22267e-08)
(-10 4.86477e-07 4.38319e-08)
(-10 4.44192e-07 2.71273e-08)
(-10 4.05605e-07 1.68495e-08)
(-10 3.75591e-07 1.67367e-08)
(-10 3.5584e-07 2.28223e-08)
(-10 3.46326e-07 3.29315e-08)
(-10 3.46205e-07 4.69205e-08)
(-10 3.53703e-07 5.64718e-08)
(-10 2.08074e-07 6.69821e-08)
(-10 1.72269e-07 7.59741e-08)
(-10 1.53817e-07 7.54867e-08)
(-10 9.87899e-07 1.03534e-07)
(-10 9.42637e-07 9.57101e-08)
(-10 8.96335e-07 9.28032e-08)
(-10 8.45276e-07 8.41161e-08)
(-10 7.89422e-07 7.07877e-08)
(-10 7.30435e-07 5.70461e-08)
(-10 6.71559e-07 4.044e-08)
(-10 6.13436e-07 2.57907e-08)
(-10 5.6055e-07 1.73176e-08)
(-10 5.19738e-07 1.80786e-08)
(-10 4.93191e-07 2.43966e-08)
(-10 4.81426e-07 3.37781e-08)
(-10 4.82431e-07 4.64435e-08)
(-10 4.92361e-07 5.40834e-08)
(-10 2.88258e-07 6.3107e-08)
(-10 2.36804e-07 7.01743e-08)
(-10 2.12347e-07 7.088e-08)
(-10 1.24917e-06 9.87747e-08)
(-10 1.19163e-06 8.85198e-08)
(-10 1.13356e-06 8.61142e-08)
(-10 1.06922e-06 7.72027e-08)
(-10 9.99339e-07 6.33607e-08)
(-10 9.25315e-07 5.07997e-08)
(-10 8.51208e-07 3.66178e-08)
(-10 7.78347e-07 2.48125e-08)
(-10 7.12647e-07 1.94275e-08)
(-10 6.61778e-07 2.14494e-08)
(-10 6.29997e-07 2.83241e-08)
(-10 6.16201e-07 3.80357e-08)
(-10 6.17854e-07 4.65985e-08)
(-10 6.30818e-07 5.38537e-08)
(-10 3.7089e-07 6.20073e-08)
(-10 3.07711e-07 6.9941e-08)
(-10 2.7536e-07 6.97324e-08)
(-10 1.49264e-06 8.2855e-08)
(-10 1.42322e-06 7.56106e-08)
(-10 1.35364e-06 7.20391e-08)
(-10 1.27711e-06 6.33348e-08)
(-10 1.19405e-06 4.99787e-08)
(-10 1.10648e-06 3.93454e-08)
(-10 1.01864e-06 2.79005e-08)
(-10 9.32527e-07 1.98743e-08)
(-10 8.55479e-07 1.82051e-08)
(-10 7.95922e-07 2.23301e-08)
(-10 7.60175e-07 2.96088e-08)
(-10 7.46014e-07 3.73447e-08)
(-10 7.49239e-07 4.29159e-08)
(-10 7.63742e-07 4.80632e-08)
(-10 4.50428e-07 5.46148e-08)
(-10 3.72242e-07 5.90159e-08)
(-10 3.31753e-07 5.81411e-08)
(-10 1.72003e-06 7.70203e-08)
(-10 1.64019e-06 6.65118e-08)
(-10 1.56177e-06 6.39681e-08)
(-10 1.4748e-06 5.52006e-08)
(-10 1.3801e-06 4.24034e-08)
(-10 1.28061e-06 3.38896e-08)
(-10 1.18083e-06 2.57308e-08)
(-10 1.08343e-06 2.23703e-08)
(-10 9.97114e-07 2.54858e-08)
(-10 9.31382e-07 3.26091e-08)
(-10 8.93886e-07 3.98822e-08)
(-10 8.79548e-07 4.45695e-08)
(-10 8.83084e-07 4.73871e-08)
(-10 8.98314e-07 5.03067e-08)
(-10 5.3424e-07 5.4239e-08)
(-10 4.42582e-07 5.83908e-08)
(-10 3.91859e-07 5.80403e-08)
(-10 1.92481e-06 5.41449e-08)
(-10 1.83676e-06 4.81973e-08)
(-10 1.75035e-06 4.4856e-08)
(-10 1.65464e-06 3.64291e-08)
(-10 1.54999e-06 2.47624e-08)
(-10 1.44042e-06 1.88609e-08)
(-10 1.33112e-06 1.52905e-08)
(-10 1.22521e-06 1.77611e-08)
(-10 1.13262e-06 2.64745e-08)
(-10 1.06427e-06 3.64552e-08)
(-10 1.02644e-06 4.23662e-08)
(-10 1.01229e-06 4.34221e-08)
(-10 1.01514e-06 4.18064e-08)
(-10 1.02807e-06 4.09184e-08)
(-10 6.15094e-07 4.24792e-08)
(-10 5.06603e-07 4.32788e-08)
(-10 4.46216e-07 4.23447e-08)
(-10 2.11035e-06 4.8873e-08)
(-10 2.0168e-06 3.98518e-08)
(-10 1.92511e-06 3.84801e-08)
(-10 1.8225e-06 2.99146e-08)
(-10 1.70948e-06 1.93522e-08)
(-10 1.59181e-06 1.66964e-08)
(-10 1.47604e-06 1.85108e-08)
(-10 1.36509e-06 2.7486e-08)
(-10 1.26994e-06 4.17055e-08)
(-10 1.20274e-06 5.3378e-08)
(-10 1.16552e-06 5.68087e-08)
(-10 1.14978e-06 5.32799e-08)
(-10 1.14858e-06 4.74089e-08)
(-10 1.15668e-06 4.31885e-08)
(-10 6.97417e-07 4.21972e-08)
(-10 5.74127e-07 4.41856e-08)
(-10 5.02743e-07 4.31614e-08)
(-10 2.27038e-06 2.17735e-08)
(-10 2.17605e-06 2.07307e-08)
(-10 2.0807e-06 1.77497e-08)
(-10 1.97305e-06 1.03702e-08)
(-10 1.85364e-06 2.10112e-09)
(-10 1.73096e-06 4.37672e-09)
(-10 1.61274e-06 1.21861e-08)
(-10 1.50075e-06 2.75927e-08)
(-10 1.40719e-06 4.62791e-08)
(-10 1.34381e-06 5.7366e-08)
(-10 1.30662e-06 5.67388e-08)
(-10 1.28737e-06 4.82274e-08)
(-10 1.2793e-06 3.80604e-08)
(-10 1.27911e-06 3.09309e-08)
(-10 7.76592e-07 2.84568e-08)
(-10 6.36178e-07 2.60839e-08)
(-10 5.53645e-07 2.60487e-08)
(-10 2.41099e-06 1.83057e-08)
(-10 2.31843e-06 1.49461e-08)
(-10 2.22287e-06 1.47941e-08)
(-10 2.11259e-06 8.23413e-09)
(-10 1.98916e-06 3.33178e-09)
(-10 1.86488e-06 1.09433e-08)
(-10 1.74851e-06 2.32775e-08)
(-10 1.63891e-06 4.42239e-08)
(-10 1.5506e-06 6.55041e-08)
(-10 1.49169e-06 7.34005e-08)
(-10 1.45287e-06 6.79805e-08)
(-10 1.42657e-06 5.50021e-08)
(-10 1.40868e-06 4.22889e-08)
(-10 1.39799e-06 3.33308e-08)
(-10 8.55773e-07 2.86684e-08)
(-10 6.99059e-07 2.79615e-08)
(-10 6.03597e-07 2.676e-08)
(-10 2.52521e-06 -9.46828e-09)
(-10 2.43958e-06 -4.57134e-09)
(-10 2.34634e-06 -5.44642e-09)
(-10 2.23573e-06 -9.11347e-09)
(-10 2.11143e-06 -8.38885e-09)
(-10 1.99513e-06 3.26453e-09)
(-10 1.87805e-06 1.79357e-08)
(-10 1.77406e-06 4.45829e-08)
(-10 1.69353e-06 6.58552e-08)
(-10 1.63744e-06 6.84076e-08)
(-10 1.59435e-06 5.81514e-08)
(-10 1.55875e-06 4.21325e-08)
(-10 1.52904e-06 2.78895e-08)
(-10 1.507e-06 1.84745e-08)
(-10 9.27505e-07 1.17782e-08)
(-10 7.54038e-07 7.84659e-09)
(-10 6.47295e-07 6.02516e-09)
(-10 2.62175e-06 -8.58211e-09)
(-10 2.54638e-06 -6.4467e-09)
(-10 2.45764e-06 -4.45353e-09)
(-10 2.34987e-06 -5.23257e-09)
(-10 2.22829e-06 1.35013e-09)
(-10 2.10558e-06 9.15765e-09)
(-10 2.00203e-06 3.25583e-08)
(-10 1.90939e-06 6.17839e-08)
(-10 1.83734e-06 7.86304e-08)
(-10 1.78084e-06 7.58548e-08)
(-10 1.73105e-06 6.15612e-08)
(-10 1.68372e-06 4.50745e-08)
(-10 1.64363e-06 3.20418e-08)
(-10 1.6066e-06 2.17626e-08)
(-10 9.94163e-07 1.40528e-08)
(-10 8.04923e-07 1.11457e-08)
(-10 6.87506e-07 8.98766e-09)
(-10 2.69044e-06 -3.76022e-08)
(-10 2.63145e-06 -2.49691e-08)
(-10 2.549e-06 -2.25938e-08)
(-10 2.44588e-06 -2.07319e-08)
(-10 2.32969e-06 -8.85634e-09)
(-10 2.21428e-06 1.13457e-08)
(-10 2.1182e-06 3.25754e-08)
(-10 2.03873e-06 5.86372e-08)
(-10 1.9729e-06 6.7744e-08)
(-10 1.91338e-06 6.06387e-08)
(-10 1.85446e-06 4.48327e-08)
(-10 1.79477e-06 2.90642e-08)
(-10 1.7431e-06 1.7706e-08)
(-10 1.69133e-06 6.92254e-09)
(-10 1.04857e-06 -1.76847e-09)
(-10 8.45674e-07 -9.02242e-09)
(-10 7.18488e-07 -1.26812e-08)
(-10 2.71994e-06 -1.52073e-08)
(-10 2.68595e-06 -2.0533e-08)
(-10 2.62496e-06 -2.38379e-08)
(-10 2.52816e-06 -1.37262e-08)
(-10 2.41839e-06 3.07338e-09)
(-10 2.31486e-06 2.71711e-08)
(-10 2.23075e-06 4.9638e-08)
(-10 2.16306e-06 6.94478e-08)
(-10 2.10072e-06 7.12429e-08)
(-10 2.03641e-06 6.20754e-08)
(-10 1.96695e-06 4.78741e-08)
(-10 1.89903e-06 3.33141e-08)
(-10 1.83175e-06 2.44428e-08)
(-10 1.76682e-06 1.46519e-08)
(-10 1.09551e-06 4.91794e-09)
(-10 8.78009e-07 -1.77605e-09)
(-10 7.4102e-07 -7.90152e-09)
(-10 2.77367e-06 -3.32811e-08)
(-10 2.74633e-06 -3.29717e-08)
(-10 2.66952e-06 -3.1784e-08)
(-10 2.57832e-06 -2.82835e-08)
(-10 2.48211e-06 -5.50868e-09)
(-10 2.39555e-06 1.8524e-08)
(-10 2.32834e-06 4.08332e-08)
(-10 2.27105e-06 5.21372e-08)
(-10 2.21059e-06 5.04011e-08)
(-10 2.14119e-06 4.16507e-08)
(-10 2.0626e-06 3.12787e-08)
(-10 1.98723e-06 1.96061e-08)
(-10 1.90503e-06 1.31645e-08)
(-10 1.82779e-06 4.79811e-09)
(-10 1.12703e-06 -5.87502e-09)
(-10 8.97134e-07 -1.8179e-08)
(-10 7.52597e-07 -2.52306e-08)
(-10 2.71934e-06 2.19353e-08)
(-10 2.77149e-06 -2.67544e-08)
(-10 2.70159e-06 -3.09914e-08)
(-10 2.597e-06 -1.56786e-08)
(-10 2.51852e-06 7.31796e-09)
(-10 2.45364e-06 2.74941e-08)
(-10 2.40712e-06 4.61373e-08)
(-10 2.35884e-06 5.13522e-08)
(-10 2.30034e-06 4.83163e-08)
(-10 2.22721e-06 4.22675e-08)
(-10 2.14495e-06 3.29416e-08)
(-10 2.05998e-06 2.92327e-08)
(-10 1.96606e-06 2.62861e-08)
(-10 1.87946e-06 1.99453e-08)
(-10 1.14656e-06 8.73244e-09)
(-10 9.02448e-07 -2.1642e-09)
(-10 7.49008e-07 -1.27563e-08)
(-10 2.80799e-06 -2.36597e-08)
(-10 2.71738e-06 -2.55601e-08)
(-10 2.68525e-06 -4.00193e-08)
(-10 2.6011e-06 -1.50448e-08)
(-10 2.53591e-06 -2.13784e-10)
(-10 2.49812e-06 1.70426e-08)
(-10 2.46969e-06 2.92438e-08)
(-10 2.43224e-06 3.11828e-08)
(-10 2.37735e-06 2.90333e-08)
(-10 2.30335e-06 2.7161e-08)
(-10 2.22301e-06 1.99474e-08)
(-10 2.13073e-06 2.33671e-08)
(-10 2.02853e-06 2.51475e-08)
(-10 1.93433e-06 2.2069e-08)
(-10 1.16255e-06 1.10599e-08)
(-10 9.01334e-07 -6.55288e-09)
(-10 7.41341e-07 -1.69238e-08)
(-10 2.69281e-06 3.08396e-09)
(-10 2.64161e-06 -1.33571e-08)
(-10 2.5708e-06 6.26114e-10)
(-10 2.54022e-06 1.19148e-08)
(-10 2.5273e-06 2.09357e-08)
(-10 2.51832e-06 2.87096e-08)
(-10 2.49171e-06 2.88694e-08)
(-10 2.44294e-06 2.8067e-08)
(-10 2.37196e-06 3.05515e-08)
(-10 2.29658e-06 2.65453e-08)
(-10 2.20173e-06 3.64513e-08)
(-10 2.09813e-06 4.51013e-08)
(-10 2.00147e-06 4.68227e-08)
(-10 1.17528e-06 3.50369e-08)
(-10 8.96551e-07 2.1745e-08)
(-10 7.29686e-07 1.06515e-08)
(-10 2.78498e-06 -2.29422e-08)
(-10 2.56478e-06 -6.554e-09)
(-10 2.5552e-06 -6.27258e-09)
(-10 2.56525e-06 3.62618e-09)
(-10 2.57822e-06 4.29873e-09)
(-10 2.58269e-06 8.53685e-09)
(-10 2.57009e-06 9.6239e-09)
(-10 2.53069e-06 1.11041e-08)
(-10 2.46868e-06 1.8251e-08)
(-10 2.39865e-06 1.76598e-08)
(-10 2.3115e-06 3.53233e-08)
(-10 2.21044e-06 5.28538e-08)
(-10 2.11174e-06 6.04142e-08)
(-10 1.21871e-06 5.30994e-08)
(-10 9.14097e-07 3.44892e-08)
(-10 7.47883e-07 2.74646e-08)
(-10 2.80198e-06 -2.28174e-08)
(-10 2.61045e-06 -2.95647e-09)
(-10 2.61263e-06 6.13992e-11)
(-10 2.64061e-06 6.49157e-09)
(-10 2.6539e-06 3.74618e-09)
(-10 2.67541e-06 7.39696e-09)
(-10 2.67598e-06 6.45377e-09)
(-10 2.64676e-06 9.73187e-09)
(-10 2.59695e-06 1.99578e-08)
(-10 2.53303e-06 2.40678e-08)
(-10 2.45702e-06 4.88245e-08)
(-10 2.36385e-06 7.7129e-08)
(-10 2.26916e-06 9.29295e-08)
(-10 1.29583e-06 7.92756e-08)
(-10 9.60341e-07 7.28716e-08)
(-10 8.08545e-07 7.15352e-08)
(-10 2.8166e-06 -5.42169e-08)
(-10 2.73117e-06 -4.21291e-08)
(-10 2.72285e-06 -2.73416e-08)
(-10 2.73084e-06 -1.8572e-08)
(-10 2.77327e-06 -1.70648e-08)
(-10 2.7933e-06 -1.84664e-08)
(-10 2.80256e-06 -2.01565e-08)
(-10 2.78907e-06 -1.72126e-08)
(-10 2.76012e-06 -6.13807e-09)
(-10 2.69611e-06 1.1091e-08)
(-10 2.64961e-06 4.45834e-08)
(-10 2.57086e-06 7.83548e-08)
(-10 2.47565e-06 9.44627e-08)
(-10 1.41619e-06 8.72831e-08)
(-10 1.08659e-06 9.28674e-08)
(-10 9.35205e-07 8.88152e-08)
(-10 2.80792e-06 -1.29143e-08)
(-10 2.7092e-06 -2.00262e-08)
(-10 2.70791e-06 -8.48338e-09)
(-10 2.73377e-06 -4.37825e-09)
(-10 2.74766e-06 -2.31181e-09)
(-10 2.7783e-06 -4.3325e-09)
(-10 2.80056e-06 -5.70444e-09)
(-10 2.80476e-06 -6.42067e-09)
(-10 2.79321e-06 1.2683e-08)
(-10 2.76427e-06 4.03757e-08)
(-10 2.72798e-06 7.6793e-08)
(-10 2.68102e-06 1.18861e-07)
(-10 2.63632e-06 1.39627e-07)
(-10 1.50355e-06 1.55827e-07)
(-10 1.18948e-06 1.61735e-07)
(-10 9.88119e-07 1.55214e-07)
(-10 2.35842e-06 -5.17384e-08)
(-10 2.44419e-06 -3.35512e-08)
(-10 2.41861e-06 -3.43433e-08)
(-10 2.42501e-06 -2.91396e-08)
(-10 2.44563e-06 -2.39982e-08)
(-10 2.47295e-06 -2.36074e-08)
(-10 2.49071e-06 -2.62842e-08)
(-10 2.52189e-06 -1.6152e-08)
(-10 2.53397e-06 -1.74228e-08)
(-10 2.5597e-06 9.43456e-09)
(-10 2.55118e-06 5.74422e-08)
(-10 2.54427e-06 8.09544e-08)
(-10 2.53876e-06 9.73872e-08)
(-10 1.34799e-06 1.42757e-07)
(-10 1.00103e-06 1.31298e-07)
(-10 7.98313e-07 1.31322e-07)
(-10 2.26051e-06 4.42276e-08)
(-10 2.34642e-06 4.17959e-08)
(-10 2.3422e-06 5.09828e-08)
(-10 2.35273e-06 6.18299e-08)
(-10 2.37896e-06 7.15317e-08)
(-10 2.40156e-06 7.12319e-08)
(-10 2.45118e-06 7.87967e-08)
(-10 2.50419e-06 6.57473e-08)
(-10 2.54704e-06 9.0253e-08)
(-10 2.57427e-06 9.86301e-08)
(-10 2.60135e-06 1.04826e-07)
(-10 2.62873e-06 1.25336e-07)
(-10 2.65091e-06 1.74492e-07)
(-10 1.38978e-06 1.75488e-07)
(-10 1.01667e-06 2.15103e-07)
(-10 8.27028e-07 2.12152e-07)
(-10 1.64266e-07 8.70562e-08)
(-10 1.66516e-07 8.52124e-08)
(-10 1.59339e-07 8.27809e-08)
(-10 1.51629e-07 7.83536e-08)
(-10 1.43244e-07 7.20881e-08)
(-10 1.34633e-07 6.36326e-08)
(-10 1.25678e-07 5.42439e-08)
(-10 1.16825e-07 4.54365e-08)
(-10 1.08667e-07 3.92876e-08)
(-10 1.02091e-07 3.70811e-08)
(-10 9.73134e-08 3.79323e-08)
(-10 9.40605e-08 4.10357e-08)
(-10 9.41477e-08 4.53548e-08)
(-10 9.46631e-08 4.9794e-08)
(-10 7.18692e-08 5.34584e-08)
(-10 6.45374e-08 5.68038e-08)
(-10 5.79246e-08 5.3994e-08)
(-10 4.69848e-07 7.15303e-08)
(-10 4.52265e-07 6.94399e-08)
(-10 4.31947e-07 6.85715e-08)
(-10 4.09864e-07 6.52068e-08)
(-10 3.85388e-07 5.9183e-08)
(-10 3.58774e-07 5.28445e-08)
(-10 3.32314e-07 4.601e-08)
(-10 3.06642e-07 3.91599e-08)
(-10 2.83213e-07 3.44358e-08)
(-10 2.64291e-07 3.30493e-08)
(-10 2.5129e-07 3.46702e-08)
(-10 2.44436e-07 3.81244e-08)
(-10 2.42851e-07 4.23705e-08)
(-10 2.45696e-07 4.70524e-08)
(-10 1.62187e-07 5.13829e-08)
(-10 1.41925e-07 5.33499e-08)
(-10 1.31545e-07 5.3165e-08)
(-10 7.94848e-07 6.89198e-08)
(-10 7.67461e-07 6.5923e-08)
(-10 7.35999e-07 6.48358e-08)
(-10 7.00361e-07 6.11581e-08)
(-10 6.611e-07 5.51395e-08)
(-10 6.18859e-07 4.80664e-08)
(-10 5.76462e-07 4.27456e-08)
(-10 5.3549e-07 3.66732e-08)
(-10 4.97783e-07 3.23313e-08)
(-10 4.66833e-07 3.0839e-08)
(-10 4.45734e-07 3.25125e-08)
(-10 4.34133e-07 3.59844e-08)
(-10 4.32062e-07 4.01187e-08)
(-10 4.36805e-07 4.46071e-08)
(-10 2.9511e-07 4.87522e-08)
(-10 2.6435e-07 5.14071e-08)
(-10 2.45701e-07 5.03e-08)
(-10 1.0975e-06 6.69158e-08)
(-10 1.05546e-06 6.44147e-08)
(-10 1.01236e-06 6.28434e-08)
(-10 9.63511e-07 5.90692e-08)
(-10 9.09634e-07 5.30903e-08)
(-10 8.51855e-07 4.59372e-08)
(-10 7.94759e-07 4.23122e-08)
(-10 7.38854e-07 3.63651e-08)
(-10 6.87439e-07 3.24163e-08)
(-10 6.45418e-07 3.13237e-08)
(-10 6.16832e-07 3.29516e-08)
(-10 6.02645e-07 3.62525e-08)
(-10 5.99954e-07 3.9971e-08)
(-10 6.06382e-07 4.39175e-08)
(-10 4.083e-07 4.77511e-08)
(-10 3.64563e-07 4.90517e-08)
(-10 3.40835e-07 4.95623e-08)
(-10 1.38168e-06 6.14904e-08)
(-10 1.32993e-06 5.75927e-08)
(-10 1.27549e-06 5.61032e-08)
(-10 1.21385e-06 5.21792e-08)
(-10 1.14593e-06 4.63037e-08)
(-10 1.07334e-06 4.064e-08)
(-10 1.00327e-06 3.7529e-08)
(-10 9.32909e-07 3.19778e-08)
(-10 8.6869e-07 2.90592e-08)
(-10 8.16832e-07 2.88859e-08)
(-10 7.82443e-07 3.0993e-08)
(-10 7.65364e-07 3.41552e-08)
(-10 7.63337e-07 3.75384e-08)
(-10 7.716e-07 4.08675e-08)
(-10 5.19417e-07 4.41191e-08)
(-10 4.65743e-07 4.667e-08)
(-10 4.33408e-07 4.52841e-08)
(-10 1.64975e-06 5.44999e-08)
(-10 1.58557e-06 5.21059e-08)
(-10 1.52073e-06 5.0155e-08)
(-10 1.44752e-06 4.6288e-08)
(-10 1.36675e-06 4.061e-08)
(-10 1.28156e-06 3.78838e-08)
(-10 1.19907e-06 3.36637e-08)
(-10 1.11533e-06 2.91247e-08)
(-10 1.03986e-06 2.75149e-08)
(-10 9.79634e-07 2.83598e-08)
(-10 9.41112e-07 3.08782e-08)
(-10 9.23199e-07 3.36443e-08)
(-10 9.2096e-07 3.61284e-08)
(-10 9.30405e-07 3.84114e-08)
(-10 6.26843e-07 4.09676e-08)
(-10 5.60553e-07 4.12936e-08)
(-10 5.21411e-07 4.20026e-08)
(-10 1.89465e-06 4.82132e-08)
(-10 1.82222e-06 4.39444e-08)
(-10 1.74861e-06 4.24679e-08)
(-10 1.66519e-06 3.86409e-08)
(-10 1.57309e-06 3.32714e-08)
(-10 1.4782e-06 3.31734e-08)
(-10 1.38364e-06 2.83345e-08)
(-10 1.28863e-06 2.56286e-08)
(-10 1.20415e-06 2.60491e-08)
(-10 1.13793e-06 2.83755e-08)
(-10 1.09745e-06 3.1301e-08)
(-10 1.07825e-06 3.34478e-08)
(-10 1.07649e-06 3.48712e-08)
(-10 1.08602e-06 3.60784e-08)
(-10 7.33561e-07 3.7635e-08)
(-10 6.55877e-07 3.93972e-08)
(-10 6.06452e-07 3.76912e-08)
(-10 2.11689e-06 3.79806e-08)
(-10 2.03632e-06 3.62515e-08)
(-10 1.95554e-06 3.44201e-08)
(-10 1.8638e-06 3.08672e-08)
(-10 1.76225e-06 2.60003e-08)
(-10 1.65977e-06 2.76195e-08)
(-10 1.55499e-06 2.34531e-08)
(-10 1.4515e-06 2.30181e-08)
(-10 1.36104e-06 2.56359e-08)
(-10 1.29222e-06 2.92984e-08)
(-10 1.25076e-06 3.19048e-08)
(-10 1.23127e-06 3.28454e-08)
(-10 1.22785e-06 3.26903e-08)
(-10 1.23541e-06 3.24389e-08)
(-10 8.3637e-07 3.30067e-08)
(-10 7.44465e-07 3.20206e-08)
(-10 6.86288e-07 3.29695e-08)
(-10 2.31293e-06 3.18511e-08)
(-10 2.22857e-06 2.82573e-08)
(-10 2.14293e-06 2.72665e-08)
(-10 2.04488e-06 2.39346e-08)
(-10 1.93593e-06 1.97331e-08)
(-10 1.82751e-06 2.27556e-08)
(-10 1.71573e-06 2.01754e-08)
(-10 1.60735e-06 2.24888e-08)
(-10 1.51448e-06 2.75604e-08)
(-10 1.44626e-06 3.21876e-08)
(-10 1.40464e-06 3.4156e-08)
(-10 1.38314e-06 3.36833e-08)
(-10 1.37672e-06 3.20037e-08)
(-10 1.37967e-06 3.05168e-08)
(-10 9.36635e-07 3.00794e-08)
(-10 8.31621e-07 3.10427e-08)
(-10 7.61908e-07 2.89725e-08)
(-10 2.48263e-06 1.99038e-08)
(-10 2.39762e-06 1.97398e-08)
(-10 2.30933e-06 1.85434e-08)
(-10 2.20737e-06 1.58077e-08)
(-10 2.09351e-06 1.27298e-08)
(-10 1.98124e-06 1.73333e-08)
(-10 1.86651e-06 1.67265e-08)
(-10 1.75721e-06 2.19041e-08)
(-10 1.66552e-06 2.88343e-08)
(-10 1.59998e-06 3.33432e-08)
(-10 1.55792e-06 3.39852e-08)
(-10 1.53334e-06 3.16968e-08)
(-10 1.52059e-06 2.83943e-08)
(-10 1.51634e-06 2.55985e-08)
(-10 1.03215e-06 2.44257e-08)
(-10 9.11666e-07 2.21591e-08)
(-10 8.31288e-07 2.28322e-08)
(-10 2.62662e-06 1.49624e-08)
(-10 2.54465e-06 1.29944e-08)
(-10 2.45673e-06 1.29207e-08)
(-10 2.35356e-06 1.07768e-08)
(-10 2.23782e-06 9.12334e-09)
(-10 2.12445e-06 1.53217e-08)
(-10 2.01079e-06 1.6659e-08)
(-10 1.90406e-06 2.44628e-08)
(-10 1.8165e-06 3.2492e-08)
(-10 1.75416e-06 3.61363e-08)
(-10 1.7105e-06 3.52655e-08)
(-10 1.67996e-06 3.13861e-08)
(-10 1.65909e-06 2.71451e-08)
(-10 1.64514e-06 2.35662e-08)
(-10 1.12294e-06 2.1609e-08)
(-10 9.87722e-07 2.15331e-08)
(-10 8.9555e-07 1.91987e-08)
(-10 2.74404e-06 3.11658e-09)
(-10 2.66979e-06 4.85642e-09)
(-10 2.58486e-06 4.5817e-09)
(-10 2.48326e-06 3.67886e-09)
(-10 2.3689e-06 4.27213e-09)
(-10 2.25143e-06 8.44631e-09)
(-10 2.14744e-06 1.3e-08)
(-10 2.04637e-06 2.3736e-08)
(-10 1.96462e-06 3.19108e-08)
(-10 1.90425e-06 3.38048e-08)
(-10 1.85702e-06 3.11281e-08)
(-10 1.81891e-06 2.60293e-08)
(-10 1.78719e-06 2.08653e-08)
(-10 1.76173e-06 1.66976e-08)
(-10 1.20476e-06 1.40448e-08)
(-10 1.05455e-06 1.11053e-08)
(-10 9.49846e-07 1.14841e-08)
(-10 2.83895e-06 2.86613e-10)
(-10 2.77407e-06 1.19808e-10)
(-10 2.69489e-06 1.5446e-09)
(-10 2.59766e-06 1.21192e-09)
(-10 2.48727e-06 3.65815e-09)
(-10 2.37502e-06 1.04272e-08)
(-10 2.27202e-06 1.41531e-08)
(-10 2.18291e-06 2.55787e-08)
(-10 2.108e-06 3.32816e-08)
(-10 2.0475e-06 3.33748e-08)
(-10 1.99466e-06 2.93376e-08)
(-10 1.94665e-06 2.37302e-08)
(-10 1.90348e-06 1.87001e-08)
(-10 1.86579e-06 1.44555e-08)
(-10 1.27723e-06 1.15279e-08)
(-10 1.11131e-06 1.05202e-08)
(-10 9.96612e-07 8.01532e-09)
(-10 2.90508e-06 -7.82127e-09)
(-10 2.85515e-06 -7.12951e-09)
(-10 2.78544e-06 -7.65557e-09)
(-10 2.69425e-06 -6.64172e-09)
(-10 2.59004e-06 -2.00849e-09)
(-10 2.48512e-06 6.26664e-09)
(-10 2.39054e-06 1.68693e-08)
(-10 2.30974e-06 2.4112e-08)
(-10 2.24096e-06 2.81548e-08)
(-10 2.17846e-06 2.65796e-08)
(-10 2.11829e-06 2.15657e-08)
(-10 2.06105e-06 1.55358e-08)
(-10 2.00541e-06 1.12465e-08)
(-10 1.95391e-06 6.98319e-09)
(-10 1.33581e-06 3.44698e-09)
(-10 1.15652e-06 6.01668e-12)
(-10 1.03102e-06 -2.2095e-10)
(-10 2.95184e-06 -4.69524e-09)
(-10 2.92251e-06 -9.81685e-09)
(-10 2.85525e-06 -8.93885e-09)
(-10 2.77369e-06 -7.59818e-09)
(-10 2.67763e-06 -1.24177e-09)
(-10 2.58333e-06 8.01126e-09)
(-10 2.50015e-06 1.7898e-08)
(-10 2.42849e-06 2.45451e-08)
(-10 2.36305e-06 2.62901e-08)
(-10 2.29722e-06 2.34247e-08)
(-10 2.22892e-06 1.91892e-08)
(-10 2.16268e-06 1.36369e-08)
(-10 2.09388e-06 1.02989e-08)
(-10 2.02927e-06 6.41889e-09)
(-10 1.38295e-06 2.83252e-09)
(-10 1.18949e-06 1.17558e-09)
(-10 1.05457e-06 -2.97111e-09)
(-10 2.95249e-06 2.38181e-09)
(-10 2.95355e-06 -4.48904e-09)
(-10 2.91919e-06 -1.75621e-08)
(-10 2.82811e-06 -1.45892e-08)
(-10 2.74098e-06 -5.54926e-09)
(-10 2.66067e-06 4.31728e-09)
(-10 2.591e-06 1.29149e-08)
(-10 2.52943e-06 1.76988e-08)
(-10 2.46614e-06 1.81025e-08)
(-10 2.39673e-06 1.47157e-08)
(-10 2.32331e-06 9.43588e-09)
(-10 2.24689e-06 7.12516e-09)
(-10 2.165e-06 4.52375e-09)
(-10 2.08926e-06 1.2288e-09)
(-10 1.41314e-06 -2.87806e-09)
(-10 1.20792e-06 -8.26167e-09)
(-10 1.06531e-06 -8.12173e-09)
(-10 3.00659e-06 -2.27488e-08)
(-10 3.00016e-06 -1.3957e-08)
(-10 2.92945e-06 -4.0988e-09)
(-10 2.86149e-06 -1.05544e-08)
(-10 2.78315e-06 -2.95005e-09)
(-10 2.7184e-06 5.8405e-09)
(-10 2.66539e-06 1.27278e-08)
(-10 2.61324e-06 1.57382e-08)
(-10 2.5532e-06 1.57946e-08)
(-10 2.48126e-06 1.31927e-08)
(-10 2.40708e-06 8.09874e-09)
(-10 2.31955e-06 8.6606e-09)
(-10 2.22776e-06 7.79596e-09)
(-10 2.14196e-06 5.46254e-09)
(-10 1.43357e-06 1.82453e-09)
(-10 1.21465e-06 -5.53206e-10)
(-10 1.06459e-06 -6.30212e-09)
(-10 2.97414e-06 1.22498e-08)
(-10 3.01629e-06 -1.3436e-08)
(-10 2.95499e-06 -3.15499e-08)
(-10 2.86436e-06 -5.76311e-09)
(-10 2.80174e-06 -8.56155e-10)
(-10 2.76004e-06 4.58772e-09)
(-10 2.72472e-06 9.11463e-09)
(-10 2.68377e-06 1.10167e-08)
(-10 2.62877e-06 1.11245e-08)
(-10 2.55675e-06 1.08762e-08)
(-10 2.48306e-06 6.96158e-09)
(-10 2.38903e-06 9.37773e-09)
(-10 2.2897e-06 9.77955e-09)
(-10 2.19796e-06 9.04435e-09)
(-10 1.44837e-06 4.82737e-09)
(-10 1.21606e-06 -2.20981e-09)
(-10 1.06199e-06 -1.39405e-09)
(-10 3.07812e-06 -4.26507e-08)
(-10 3.04241e-06 1.48646e-08)
(-10 2.91947e-06 9.43727e-09)
(-10 2.84024e-06 -4.01293e-09)
(-10 2.80825e-06 2.04514e-09)
(-10 2.78815e-06 2.68531e-09)
(-10 2.77425e-06 8.65609e-09)
(-10 2.74868e-06 1.1927e-08)
(-10 2.70087e-06 1.22025e-08)
(-10 2.63313e-06 1.38702e-08)
(-10 2.56187e-06 1.18582e-08)
(-10 2.46737e-06 1.68085e-08)
(-10 2.36673e-06 2.06102e-08)
(-10 2.27119e-06 2.08376e-08)
(-10 1.46928e-06 1.61833e-08)
(-10 1.22172e-06 1.38568e-08)
(-10 1.06478e-06 8.05742e-09)
(-10 2.9469e-06 2.84079e-08)
(-10 2.88067e-06 -1.93372e-08)
(-10 2.83887e-06 7.00565e-10)
(-10 2.83645e-06 5.89675e-09)
(-10 2.84229e-06 3.8406e-09)
(-10 2.83921e-06 9.01119e-09)
(-10 2.82983e-06 1.16339e-08)
(-10 2.79161e-06 1.33462e-08)
(-10 2.73076e-06 1.62009e-08)
(-10 2.66527e-06 1.56212e-08)
(-10 2.57579e-06 2.46348e-08)
(-10 2.47583e-06 3.18969e-08)
(-10 2.38064e-06 3.44639e-08)
(-10 1.51727e-06 3.07102e-08)
(-10 1.24331e-06 2.22971e-08)
(-10 1.09717e-06 2.56064e-08)
(-10 3.08882e-06 -5.13372e-08)
(-10 2.86991e-06 3.98781e-08)
(-10 2.88214e-06 5.57206e-09)
(-10 2.9025e-06 6.17238e-09)
(-10 2.91076e-06 4.95691e-09)
(-10 2.93031e-06 9.30091e-09)
(-10 2.93398e-06 9.88899e-09)
(-10 2.90709e-06 1.19258e-08)
(-10 2.85833e-06 1.54714e-08)
(-10 2.79711e-06 1.47636e-08)
(-10 2.71882e-06 2.71756e-08)
(-10 2.62969e-06 4.12521e-08)
(-10 2.53862e-06 4.48405e-08)
(-10 1.57602e-06 3.61143e-08)
(-10 1.32082e-06 3.92811e-08)
(-10 1.18039e-06 4.02259e-08)
(-10 3.10389e-06 -8.40614e-09)
(-10 2.95204e-06 -4.30405e-08)
(-10 2.97044e-06 -5.8229e-09)
(-10 2.98673e-06 -2.82216e-09)
(-10 3.012e-06 -1.03549e-09)
(-10 3.04712e-06 -1.63503e-09)
(-10 3.05629e-06 -8.19157e-10)
(-10 3.04456e-06 4.7843e-10)
(-10 3.00138e-06 6.1153e-09)
(-10 2.95385e-06 1.79664e-08)
(-10 2.90422e-06 2.21578e-08)
(-10 2.83104e-06 4.52432e-08)
(-10 2.758e-06 4.53021e-08)
(-10 1.75648e-06 4.63763e-08)
(-10 1.52631e-06 5.37384e-08)
(-10 1.32984e-06 5.76061e-08)
(-10 2.93073e-06 -3.39005e-08)
(-10 2.91842e-06 1.15008e-08)
(-10 2.9026e-06 -9.49121e-09)
(-10 2.91755e-06 -6.63582e-09)
(-10 2.95346e-06 -7.89389e-09)
(-10 2.97756e-06 -6.50302e-09)
(-10 2.99863e-06 -7.8206e-09)
(-10 3.00342e-06 -5.90166e-09)
(-10 2.9889e-06 3.78733e-09)
(-10 2.97171e-06 1.89821e-08)
(-10 2.93841e-06 4.81006e-08)
(-10 2.91615e-06 4.44068e-08)
(-10 2.89019e-06 6.25616e-08)
(-10 1.85894e-06 4.55717e-08)
(-10 1.53965e-06 8.33942e-08)
(-10 1.41284e-06 5.86167e-08)
(-10 2.65195e-06 -4.59839e-08)
(-10 2.65186e-06 -5.2032e-08)
(-10 2.65629e-06 -4.15382e-08)
(-10 2.67752e-06 -3.59465e-08)
(-10 2.707e-06 -3.61654e-08)
(-10 2.73813e-06 -3.06278e-08)
(-10 2.76635e-06 -3.1574e-08)
(-10 2.77116e-06 -3.1063e-08)
(-10 2.79465e-06 -2.3015e-08)
(-10 2.7972e-06 2.49574e-09)
(-10 2.82497e-06 -6.90296e-09)
(-10 2.84828e-06 3.55976e-08)
(-10 2.88065e-06 1.37271e-08)
(-10 1.75239e-06 6.14095e-08)
(-10 1.45731e-06 4.71378e-09)
(-10 1.2618e-06 5.45092e-08)
(-10 2.50488e-06 1.81349e-09)
(-10 2.61269e-06 2.00148e-08)
(-10 2.62211e-06 1.65198e-08)
(-10 2.64576e-06 2.46577e-08)
(-10 2.68023e-06 2.67286e-08)
(-10 2.72033e-06 3.15934e-08)
(-10 2.7627e-06 3.24519e-08)
(-10 2.81122e-06 3.88371e-08)
(-10 2.84748e-06 4.99596e-08)
(-10 2.89753e-06 6.24735e-08)
(-10 2.95969e-06 1.03676e-07)
(-10 2.99597e-06 8.80627e-08)
(-10 3.06268e-06 1.08319e-07)
(-10 1.82674e-06 7.39265e-08)
(-10 1.53133e-06 1.28309e-07)
(-10 1.38358e-06 7.95146e-08)
(-10 3.26106e-08 2.89496e-08)
(-10 2.38435e-08 1.30123e-08)
(-10 2.09649e-08 7.15009e-09)
(-10 1.50448e-08 -1.13584e-09)
(-10 8.78432e-09 -4.57081e-09)
(-10 1.79067e-09 -5.60464e-09)
(-10 -5.84383e-09 -5.31229e-09)
(-10 -1.42904e-08 -4.5675e-09)
(-10 -2.36928e-08 -3.81673e-09)
(-10 -3.42733e-08 -3.18955e-09)
(-10 -4.62315e-08 -2.66676e-09)
(-10 -5.97188e-08 -2.13991e-09)
(-10 -7.5438e-08 -1.55128e-09)
(-10 -9.41937e-08 -6.80926e-10)
(-10 -1.13271e-07 5.86918e-10)
(-10 -1.37831e-07 2.23842e-09)
(-10 7.36361e-09 -1.22791e-09)
(-10 5.93904e-08 2.24573e-08)
(-10 3.05222e-08 1.23233e-08)
(-10 1.93694e-08 5.86534e-09)
(-10 -9.43297e-11 -1.46872e-09)
(-10 -1.97683e-08 -3.9955e-09)
(-10 -4.14337e-08 -4.24903e-09)
(-10 -6.49514e-08 -3.45263e-09)
(-10 -9.0832e-08 -2.41054e-09)
(-10 -1.19561e-07 -1.52785e-09)
(-10 -1.5172e-07 -8.77501e-10)
(-10 -1.87985e-07 -4.30211e-10)
(-10 -2.291e-07 -8.8987e-11)
(-10 -2.75964e-07 3.97776e-10)
(-10 -3.29723e-07 1.02286e-09)
(-10 -3.92623e-07 1.54234e-09)
(-10 -4.65307e-07 4.13955e-09)
(-10 3.09434e-08 -7.36111e-10)
(-10 1.2631e-07 1.68737e-08)
(-10 9.93019e-08 7.57994e-09)
(-10 7.02531e-08 -1.49017e-09)
(-10 3.70609e-08 -6.95569e-09)
(-10 1.36459e-09 -9.42411e-09)
(-10 -3.7135e-08 -9.50217e-09)
(-10 -7.87598e-08 -8.53923e-09)
(-10 -1.2423e-07 -7.15929e-09)
(-10 -1.7442e-07 -6.15839e-09)
(-10 -2.30324e-07 -5.24601e-09)
(-10 -2.93122e-07 -4.4981e-09)
(-10 -3.64137e-07 -3.77883e-09)
(-10 -4.45065e-07 -2.98176e-09)
(-10 -5.38458e-07 -1.88882e-09)
(-10 -6.45178e-07 3.86677e-10)
(-10 -7.6994e-07 1.32785e-09)
(-10 4.68819e-08 -1.81517e-09)
(-10 1.76343e-07 1.69157e-08)
(-10 1.44259e-07 5.70573e-09)
(-10 9.88678e-08 -4.15044e-09)
(-10 5.28779e-08 -9.35135e-09)
(-10 2.62735e-09 -1.16486e-08)
(-10 -5.13253e-08 -1.16756e-08)
(-10 -1.0976e-07 -1.0658e-08)
(-10 -1.73534e-07 -9.36061e-09)
(-10 -2.43867e-07 -8.17628e-09)
(-10 -3.22116e-07 -7.16778e-09)
(-10 -4.09922e-07 -6.28948e-09)
(-10 -5.09198e-07 -5.43795e-09)
(-10 -6.22154e-07 -4.31389e-09)
(-10 -7.51295e-07 -2.8959e-09)
(-10 -9.00797e-07 -2.06701e-09)
(-10 -1.07448e-06 1.87613e-09)
(-10 6.81282e-08 -1.3244e-09)
(-10 2.40738e-07 1.83855e-08)
(-10 1.86265e-07 2.00586e-09)
(-10 1.32359e-07 -3.25434e-09)
(-10 7.31078e-08 -8.46969e-09)
(-10 8.59964e-09 -1.05371e-08)
(-10 -6.08142e-08 -1.06103e-08)
(-10 -1.35915e-07 -9.67231e-09)
(-10 -2.17838e-07 -8.15516e-09)
(-10 -3.08072e-07 -7.42442e-09)
(-10 -4.08365e-07 -6.56066e-09)
(-10 -5.20779e-07 -5.81718e-09)
(-10 -6.47714e-07 -5.04029e-09)
(-10 -7.92076e-07 -4.19704e-09)
(-10 -9.57518e-07 -3.00588e-09)
(-10 -1.14752e-06 -1.33747e-10)
(-10 -1.36794e-06 4.6474e-10)
(-10 8.17453e-08 -1.82761e-09)
(-10 2.87378e-07 1.02148e-08)
(-10 2.23061e-07 5.86789e-09)
(-10 1.57939e-07 -2.24969e-09)
(-10 8.53722e-08 -7.69226e-09)
(-10 7.34276e-09 -9.76089e-09)
(-10 -7.6685e-08 -9.77953e-09)
(-10 -1.67467e-07 -8.88202e-09)
(-10 -2.6644e-07 -7.80591e-09)
(-10 -3.75358e-07 -6.84276e-09)
(-10 -4.96301e-07 -6.04469e-09)
(-10 -6.31725e-07 -5.36262e-09)
(-10 -7.84528e-07 -4.71911e-09)
(-10 -9.58105e-07 -3.74002e-09)
(-10 -1.15633e-06 -2.39414e-09)
(-10 -1.38457e-06 -2.1955e-09)
(-10 -1.64904e-06 1.87813e-09)
(-10 9.98026e-08 -9.23077e-10)
(-10 3.30904e-07 9.53291e-09)
(-10 2.64869e-07 9.55571e-09)
(-10 1.8626e-07 -2.95326e-09)
(-10 1.01436e-07 -7.18106e-09)
(-10 1.01241e-08 -8.9866e-09)
(-10 -8.81083e-08 -8.86974e-09)
(-10 -1.94199e-07 -8.0127e-09)
(-10 -3.09756e-07 -6.56453e-09)
(-10 -4.36802e-07 -6.08734e-09)
(-10 -5.77733e-07 -5.39291e-09)
(-10 -7.35377e-07 -4.8062e-09)
(-10 -9.13059e-07 -4.2046e-09)
(-10 -1.11469e-06 -3.52045e-09)
(-10 -1.34494e-06 -2.56368e-09)
(-10 -1.60911e-06 4.55092e-10)
(-10 -1.91426e-06 4.21963e-10)
(-10 1.10855e-07 -1.62264e-09)
(-10 3.71043e-07 1.16918e-08)
(-10 2.95655e-07 2.11203e-09)
(-10 2.06624e-07 -4.50668e-09)
(-10 1.10302e-07 -7.59673e-09)
(-10 6.35815e-09 -8.74547e-09)
(-10 -1.05194e-07 -8.4394e-09)
(-10 -2.25559e-07 -7.52063e-09)
(-10 -3.56495e-07 -6.39856e-09)
(-10 -5.00279e-07 -5.66724e-09)
(-10 -6.59615e-07 -4.99446e-09)
(-10 -8.37664e-07 -4.42734e-09)
(-10 -1.03816e-06 -3.86042e-09)
(-10 -1.26538e-06 -2.96256e-09)
(-10 -1.52427e-06 -1.7388e-09)
(-10 -1.82111e-06 -2.08866e-09)
(-10 -2.16355e-06 1.98777e-09)
(-10 1.24674e-07 -5.97858e-10)
(-10 4.23817e-07 1.01533e-08)
(-10 3.3066e-07 -4.12191e-09)
(-10 2.30623e-07 -5.33923e-09)
(-10 1.22329e-07 -7.77362e-09)
(-10 6.06882e-09 -8.26869e-09)
(-10 -1.18435e-07 -7.79705e-09)
(-10 -2.52538e-07 -6.83235e-09)
(-10 -3.98228e-07 -5.42421e-09)
(-10 -5.58008e-07 -5.00461e-09)
(-10 -7.34885e-07 -4.37016e-09)
(-10 -9.32351e-07 -3.65125e-09)
(-10 -1.15443e-06 -3.18876e-09)
(-10 -1.4058e-06 -2.60788e-09)
(-10 -1.69188e-06 -1.84706e-09)
(-10 -2.01889e-06 1.28144e-09)
(-10 -2.3947e-06 6.50115e-10)
(-10 1.32434e-07 -1.41433e-09)
(-10 4.62628e-07 -3.05111e-09)
(-10 3.58557e-07 -1.09263e-09)
(-10 2.47981e-07 -5.37722e-09)
(-10 1.28141e-07 -7.80458e-09)
(-10 3.40298e-10 -8.14723e-09)
(-10 -1.36249e-07 -7.49558e-09)
(-10 -2.83057e-07 -6.48825e-09)
(-10 -4.42338e-07 -5.49945e-09)
(-10 -6.16779e-07 -4.53198e-09)
(-10 -8.0966e-07 -3.92504e-09)
(-10 -1.02479e-06 -3.27827e-09)
(-10 -1.26648e-06 -2.70041e-09)
(-10 -1.53966e-06 -1.7856e-09)
(-10 -1.84983e-06 -6.43986e-10)
(-10 -2.20357e-06 -1.49737e-09)
(-10 -2.60901e-06 2.46309e-09)
(-10 1.41501e-07 -3.13984e-10)
(-10 4.97316e-07 -3.96847e-09)
(-10 3.87468e-07 -2.24415e-09)
(-10 2.66682e-07 -6.63548e-09)
(-10 1.36442e-07 -7.3681e-09)
(-10 -2.34963e-09 -7.23566e-09)
(-10 -1.50353e-07 -6.30221e-09)
(-10 -3.0922e-07 -5.23597e-09)
(-10 -4.81425e-07 -4.22149e-09)
(-10 -6.69848e-07 -3.35489e-09)
(-10 -8.78093e-07 -2.56863e-09)
(-10 -1.11005e-06 -2.19044e-09)
(-10 -1.37038e-06 -1.55235e-09)
(-10 -1.66414e-06 -1.02066e-09)
(-10 -1.99694e-06 -4.72697e-10)
(-10 -2.37511e-06 2.5774e-09)
(-10 -2.80636e-06 1.582e-09)
(-10 1.45871e-07 -1.21475e-09)
(-10 5.28441e-07 -8.67405e-10)
(-10 4.09952e-07 -8.17485e-09)
(-10 2.79536e-07 -7.27617e-09)
(-10 1.39915e-07 -6.16671e-09)
(-10 -8.80125e-09 -5.14056e-09)
(-10 -1.67603e-07 -4.05408e-09)
(-10 -3.37888e-07 -3.07708e-09)
(-10 -5.22135e-07 -2.26653e-09)
(-10 -7.23689e-07 -1.50413e-09)
(-10 -9.45925e-07 -9.86361e-10)
(-10 -1.1933e-06 -7.40898e-10)
(-10 -1.47091e-06 -4.3723e-10)
(-10 -1.78353e-06 2.26285e-10)
(-10 -2.13665e-06 1.1262e-09)
(-10 -2.53645e-06 -1.87427e-10)
(-10 -2.99018e-06 3.68266e-09)
(-10 1.50831e-07 -9.22567e-11)
(-10 5.64945e-07 1.3363e-09)
(-10 4.34322e-07 -1.12277e-08)
(-10 2.94296e-07 -6.22727e-09)
(-10 1.44565e-07 -3.94176e-09)
(-10 -1.42563e-08 -2.18321e-09)
(-10 -1.82976e-07 -9.32057e-10)
(-10 -3.63739e-07 -1.02805e-12)
(-10 -5.59525e-07 9.50555e-10)
(-10 -7.73641e-07 1.63173e-09)
(-10 -1.00955e-06 1.65415e-09)
(-10 -1.2721e-06 1.43999e-09)
(-10 -1.56612e-06 1.16724e-09)
(-10 -1.89704e-06 1.11747e-09)
(-10 -2.26967e-06 1.17941e-09)
(-10 -2.68952e-06 3.9006e-09)
(-10 -3.16311e-06 4.32379e-09)
(-10 1.52518e-07 -1.15177e-09)
(-10 5.88529e-07 -1.52896e-08)
(-10 4.49058e-07 -7.27517e-09)
(-10 3.01742e-07 -4.65106e-09)
(-10 1.44216e-07 -1.94546e-09)
(-10 -2.24811e-08 4.31783e-10)
(-10 -1.99895e-07 2.1864e-09)
(-10 -3.90148e-07 3.63253e-09)
(-10 -5.97006e-07 5.01544e-09)
(-10 -8.22625e-07 5.37932e-09)
(-10 -1.07211e-06 4.73958e-09)
(-10 -1.34916e-06 3.54782e-09)
(-10 -1.66004e-06 2.74047e-09)
(-10 -2.00883e-06 2.04545e-09)
(-10 -2.40019e-06 2.47216e-09)
(-10 -2.83912e-06 1.8294e-09)
(-10 -3.33074e-06 4.89898e-09)
(-10 1.54872e-07 -1.44308e-10)
(-10 6.0185e-07 -1.79013e-08)
(-10 4.59854e-07 -8.55712e-09)
(-10 3.07135e-07 -4.37485e-09)
(-10 1.43707e-07 6.65585e-10)
(-10 -2.96533e-08 4.63169e-09)
(-10 -2.14291e-07 7.24398e-09)
(-10 -4.13643e-07 9.91571e-09)
(-10 -6.3025e-07 1.12341e-08)
(-10 -8.67784e-07 1.08521e-08)
(-10 -1.13072e-06 8.87745e-09)
(-10 -1.42391e-06 6.48226e-09)
(-10 -1.75211e-06 3.27597e-09)
(-10 -2.11958e-06 1.86129e-09)
(-10 -2.53044e-06 1.55654e-09)
(-10 -2.98851e-06 4.72359e-09)
(-10 -3.49711e-06 4.56537e-09)
(-10 1.51867e-07 -1.31652e-09)
(-10 6.09771e-07 -1.64483e-08)
(-10 4.64548e-07 -1.25394e-08)
(-10 3.09108e-07 -3.3746e-09)
(-10 1.42817e-07 4.64101e-09)
(-10 -3.44826e-08 1.04002e-08)
(-10 -2.24484e-07 1.47883e-08)
(-10 -4.31512e-07 1.80798e-08)
(-10 -6.5688e-07 1.91405e-08)
(-10 -9.07354e-07 1.77311e-08)
(-10 -1.18503e-06 1.30424e-08)
(-10 -1.49603e-06 7.09718e-09)
(-10 -1.84325e-06 3.00476e-09)
(-10 -2.23155e-06 1.15558e-09)
(-10 -2.66417e-06 1.5e-09)
(-10 -3.14357e-06 8.40686e-10)
(-10 -3.67089e-06 5.81154e-09)
(-10 1.50008e-07 -1.94876e-10)
(-10 6.15358e-07 -1.65704e-08)
(-10 4.65223e-07 -1.43957e-08)
(-10 3.07982e-07 -1.17898e-09)
(-10 1.41108e-07 1.0005e-08)
(-10 -3.62958e-08 1.71166e-08)
(-10 -2.29477e-07 2.32811e-08)
(-10 -4.40672e-07 2.63349e-08)
(-10 -6.76085e-07 2.71311e-08)
(-10 -9.39181e-07 2.33322e-08)
(-10 -1.23344e-06 1.45894e-08)
(-10 -1.56381e-06 7.41276e-09)
(-10 -1.9341e-06 1.42815e-09)
(-10 -2.34734e-06 -7.58806e-10)
(-10 -2.80583e-06 -5.0378e-10)
(-10 -3.31049e-06 4.05876e-09)
(-10 -3.86085e-06 4.21837e-09)
(-10 1.50081e-07 -1.73306e-09)
(-10 6.15275e-07 -2.57202e-08)
(-10 4.66965e-07 -9.19858e-09)
(-10 3.1266e-07 3.57051e-09)
(-10 1.50555e-07 1.42329e-08)
(-10 -2.51424e-08 2.26812e-08)
(-10 -2.18967e-07 2.86085e-08)
(-10 -4.35335e-07 3.09987e-08)
(-10 -6.81539e-07 3.1348e-08)
(-10 -9.57659e-07 2.33324e-08)
(-10 -1.27253e-06 1.3655e-08)
(-10 -1.62748e-06 4.24272e-09)
(-10 -2.02611e-06 -1.261e-09)
(-10 -2.46924e-06 -2.20432e-09)
(-10 -2.95863e-06 -4.61398e-10)
(-10 -3.49473e-06 -4.67037e-10)
(-10 -4.07513e-06 6.35497e-09)
(-10 1.55162e-07 -6.52222e-10)
(-10 6.11915e-07 -1.84489e-08)
(-10 4.73488e-07 -3.97568e-09)
(-10 3.27322e-07 8.50523e-09)
(-10 1.71423e-07 1.74515e-08)
(-10 -2.97981e-10 2.24348e-08)
(-10 -1.94328e-07 2.9543e-08)
(-10 -4.16296e-07 3.20554e-08)
(-10 -6.69743e-07 2.82216e-08)
(-10 -9.65482e-07 1.7595e-08)
(-10 -1.3054e-06 8.34149e-09)
(-10 -1.69172e-06 -9.0661e-10)
(-10 -2.12354e-06 -3.86761e-09)
(-10 -2.60188e-06 -3.73447e-09)
(-10 -3.12824e-06 -1.72011e-09)
(-10 -3.70266e-06 3.99033e-09)
(-10 -4.32192e-06 4.4152e-09)
(-10 1.66047e-07 -2.63769e-09)
(-10 6.31512e-07 -7.99655e-10)
(-10 5.03856e-07 4.71006e-09)
(-10 3.62978e-07 1.29037e-08)
(-10 2.11716e-07 1.55633e-08)
(-10 4.51938e-08 2.08806e-08)
(-10 -1.49708e-07 2.36988e-08)
(-10 -3.75791e-07 2.36233e-08)
(-10 -6.44813e-07 1.66138e-08)
(-10 -9.65179e-07 7.73708e-09)
(-10 -1.33631e-06 -2.35139e-09)
(-10 -1.75807e-06 -6.38742e-09)
(-10 -2.22736e-06 -6.26682e-09)
(-10 -2.7461e-06 -3.51223e-09)
(-10 -3.31595e-06 -7.03059e-10)
(-10 -3.93778e-06 -6.20658e-10)
(-10 -4.60704e-06 7.44306e-09)
(-10 1.86159e-07 -1.42331e-09)
(-10 6.88927e-07 2.12298e-08)
(-10 5.59556e-07 1.96473e-08)
(-10 4.2472e-07 2.15314e-08)
(-10 2.78285e-07 2.05937e-08)
(-10 1.12155e-07 1.80994e-08)
(-10 -8.34872e-08 1.64807e-08)
(-10 -3.24844e-07 1.32337e-08)
(-10 -6.16876e-07 3.33058e-09)
(-10 -9.64383e-07 -5.53785e-09)
(-10 -1.37051e-06 -1.03697e-08)
(-10 -1.82939e-06 -1.07263e-08)
(-10 -2.34036e-06 -7.51468e-09)
(-10 -2.90475e-06 -4.38641e-09)
(-10 -3.52584e-06 -1.67322e-09)
(-10 -4.20361e-06 4.63244e-09)
(-10 -4.9361e-06 4.73174e-09)
(-10 2.15206e-07 -3.79902e-09)
(-10 7.33691e-07 4.76531e-08)
(-10 6.20735e-07 3.83714e-08)
(-10 4.8455e-07 3.73443e-08)
(-10 3.32762e-07 3.54003e-08)
(-10 1.89911e-07 2.45665e-08)
(-10 -2.30854e-08 6.56052e-09)
(-10 -2.89739e-07 -6.94333e-09)
(-10 -5.96964e-07 -9.63362e-09)
(-10 -9.73823e-07 -1.5278e-08)
(-10 -1.41313e-06 -1.86269e-08)
(-10 -1.90912e-06 -1.4802e-08)
(-10 -2.46325e-06 -5.10977e-09)
(-10 -3.07731e-06 -3.95695e-09)
(-10 -3.75471e-06 -6.36111e-10)
(-10 -4.49873e-06 -1.60282e-09)
(-10 -5.30713e-06 8.07613e-09)
(-10 2.56746e-07 -2.02154e-09)
(-10 7.67549e-07 1.13985e-07)
(-10 6.26435e-07 8.35415e-08)
(-10 4.99053e-07 8.099e-08)
(-10 3.8023e-07 6.1926e-08)
(-10 2.03958e-07 2.12681e-09)
(-10 2.61767e-08 -1.29993e-09)
(-10 -2.48483e-07 7.61903e-09)
(-10 -5.88742e-07 -1.24419e-08)
(-10 -9.94038e-07 -3.56805e-08)
(-10 -1.46032e-06 -2.74529e-08)
(-10 -1.99217e-06 -1.89325e-08)
(-10 -2.59184e-06 -7.00007e-09)
(-10 -3.26103e-06 -6.51477e-09)
(-10 -4.0016e-06 -3.08551e-09)
(-10 -4.81799e-06 3.99504e-09)
(-10 -5.71834e-06 3.1757e-09)
(-10 3.04609e-07 -4.78502e-09)
(-10 5.09672e-07 1.24853e-07)
(-10 5.55801e-07 1.443e-07)
(-10 4.27761e-07 9.07704e-08)
(-10 2.59367e-07 7.6705e-08)
(-10 3.46322e-07 7.15363e-08)
(-10 7.46734e-08 -2.21259e-08)
(-10 -2.42245e-07 -6.28984e-08)
(-10 -6.00985e-07 -4.34124e-08)
(-10 -1.02079e-06 -9.70657e-09)
(-10 -1.51824e-06 -1.96806e-09)
(-10 -2.09262e-06 -1.91325e-08)
(-10 -2.73934e-06 -1.52887e-08)
(-10 -3.46236e-06 -4.40183e-09)
(-10 -4.26689e-06 1.12645e-09)
(-10 -5.1673e-06 2.00833e-10)
(-10 -6.16934e-06 5.12621e-09)
(-10 3.6335e-07 -2.30897e-10)
(-10 6.83059e-07 2.1983e-07)
(-10 6.53336e-07 3.06821e-08)
(-10 5.11092e-07 8.41627e-08)
(-10 6.75204e-07 4.27567e-08)
(-10 3.02476e-08 6.27438e-08)
(-10 2.75973e-08 4.31585e-08)
(-10 2.18964e-08 1.95405e-08)
(-10 1.52461e-08 9.93723e-10)
(-10 8.53467e-09 -6.41684e-09)
(-10 1.29855e-09 -8.54271e-09)
(-10 -6.55446e-09 -7.80185e-09)
(-10 -1.51735e-08 -6.13862e-09)
(-10 -2.47196e-08 -4.50428e-09)
(-10 -3.54038e-08 -3.29603e-09)
(-10 -4.74583e-08 -2.45297e-09)
(-10 -6.1071e-08 -1.57922e-09)
(-10 -7.67227e-08 -5.05548e-10)
(-10 -9.55616e-08 1.88667e-09)
(-10 -1.15193e-07 3.89057e-09)
(-10 -1.38326e-07 7.59563e-09)
(-10 1.15072e-08 -2.85368e-09)
(-10 5.60242e-08 4.38695e-08)
(-10 3.76751e-08 3.12403e-08)
(-10 2.17131e-08 9.69616e-09)
(-10 1.73969e-09 -6.07555e-09)
(-10 -1.89781e-08 -1.10847e-08)
(-10 -4.12371e-08 -1.10417e-08)
(-10 -6.53395e-08 -8.73906e-09)
(-10 -9.1726e-08 -6.0026e-09)
(-10 -1.20873e-07 -3.67797e-09)
(-10 -1.53412e-07 -2.03835e-09)
(-10 -1.90023e-07 -9.74709e-10)
(-10 -2.3145e-07 -9.76835e-11)
(-10 -2.78558e-07 1.15645e-09)
(-10 -3.32481e-07 3.43289e-09)
(-10 -3.95305e-07 4.83538e-09)
(-10 -4.68964e-07 8.19764e-09)
(-10 3.07876e-08 -2.26931e-09)
(-10 1.3707e-07 4.4623e-08)
(-10 9.99993e-08 3.25909e-08)
(-10 7.25115e-08 9.57696e-09)
(-10 3.74449e-08 -4.97081e-09)
(-10 4.48592e-10 -1.05735e-08)
(-10 -3.88725e-08 -1.07237e-08)
(-10 -8.12282e-08 -8.66962e-09)
(-10 -1.27372e-07 -6.14667e-09)
(-10 -1.78163e-07 -4.01506e-09)
(-10 -2.34646e-07 -2.52832e-09)
(-10 -2.97976e-07 -1.5659e-09)
(-10 -3.69442e-07 -6.99025e-10)
(-10 -4.50681e-07 3.17052e-10)
(-10 -5.44328e-07 2.36678e-09)
(-10 -6.51512e-07 4.84538e-09)
(-10 -7.75878e-07 7.61244e-09)
(-10 4.88734e-08 -2.74866e-09)
(-10 1.87673e-07 4.2992e-08)
(-10 1.41674e-07 3.07335e-08)
(-10 9.99743e-08 7.42029e-09)
(-10 5.00313e-08 -6.34738e-09)
(-10 -2.32722e-09 -1.18724e-08)
(-10 -5.76543e-08 -1.20134e-08)
(-10 -1.17138e-07 -1.00108e-08)
(-10 -1.81817e-07 -7.57952e-09)
(-10 -2.52916e-07 -5.53078e-09)
(-10 -3.31862e-07 -4.07508e-09)
(-10 -4.20254e-07 -3.11467e-09)
(-10 -5.1994e-07 -2.27238e-09)
(-10 -6.33082e-07 -7.74632e-10)
(-10 -7.61836e-07 1.66112e-09)
(-10 -9.10622e-07 2.11237e-09)
(-10 -1.08414e-06 6.31998e-09)
(-10 6.71314e-08 -1.99229e-09)
(-10 2.45834e-07 4.40372e-08)
(-10 1.86813e-07 2.71943e-08)
(-10 1.32114e-07 8.97523e-09)
(-10 6.74432e-08 -4.67278e-09)
(-10 -2.54807e-10 -9.82622e-09)
(-10 -7.16169e-08 -9.9723e-09)
(-10 -1.4819e-07 -8.11528e-09)
(-10 -2.31321e-07 -5.94687e-09)
(-10 -3.22587e-07 -4.16566e-09)
(-10 -4.2376e-07 -2.98664e-09)
(-10 -5.36881e-07 -2.25273e-09)
(-10 -6.64267e-07 -1.53197e-09)
(-10 -8.08685e-07 -6.54601e-10)
(-10 -9.73854e-07 7.38167e-10)
(-10 -1.16292e-06 4.50833e-09)
(-10 -1.38188e-06 6.3779e-09)
(-10 8.3475e-08 -2.57982e-09)
(-10 2.96232e-07 3.53246e-08)
(-10 2.28555e-07 2.63696e-08)
(-10 1.58056e-07 7.62231e-09)
(-10 7.89553e-08 -5.99336e-09)
(-10 -3.83852e-09 -1.11788e-08)
(-10 -9.04715e-08 -1.10426e-08)
(-10 -1.83218e-07 -9.1192e-09)
(-10 -2.8377e-07 -6.96825e-09)
(-10 -3.94016e-07 -5.24675e-09)
(-10 -5.1609e-07 -4.09066e-09)
(-10 -6.52397e-07 -3.35806e-09)
(-10 -8.0574e-07 -2.72411e-09)
(-10 -9.79296e-07 -1.19942e-09)
(-10 -1.17645e-06 9.35752e-10)
(-10 -1.40301e-06 8.69502e-10)
(-10 -1.66597e-06 5.19027e-09)
(-10 9.91689e-08 -1.61337e-09)
(-10 3.47396e-07 3.3782e-08)
(-10 2.7138e-07 2.70222e-08)
(-10 1.87611e-07 7.29162e-09)
(-10 9.48146e-08 -3.51509e-09)
(-10 -2.95845e-09 -8.36489e-09)
(-10 -1.0465e-07 -8.01402e-09)
(-10 -2.13212e-07 -6.20058e-09)
(-10 -3.30727e-07 -4.2898e-09)
(-10 -4.59408e-07 -2.84859e-09)
(-10 -6.0174e-07 -2.00166e-09)
(-10 -7.60456e-07 -1.55006e-09)
(-10 -9.3871e-07 -1.0634e-09)
(-10 -1.14028e-06 -4.49555e-10)
(-10 -1.36982e-06 6.18961e-10)
(-10 -1.63197e-06 4.83903e-09)
(-10 -1.93465e-06 5.7331e-09)
(-10 1.12418e-07 -2.31372e-09)
(-10 3.93547e-07 2.86659e-08)
(-10 3.05435e-07 1.54127e-08)
(-10 2.08833e-07 1.25311e-09)
(-10 1.02965e-07 -7.03511e-09)
(-10 -8.26633e-09 -1.03344e-08)
(-10 -1.24197e-07 -9.6651e-09)
(-10 -2.47346e-07 -7.64458e-09)
(-10 -3.80449e-07 -5.6746e-09)
(-10 -5.26057e-07 -4.2246e-09)
(-10 -6.86916e-07 -3.33181e-09)
(-10 -8.66088e-07 -2.82482e-09)
(-10 -1.06714e-06 -2.37739e-09)
(-10 -1.2942e-06 -1.23605e-09)
(-10 -1.55155e-06 1.01677e-09)
(-10 -1.84588e-06 2.77657e-10)
(-10 -2.18587e-06 4.71322e-09)
(-10 1.24298e-07 -1.12405e-09)
(-10 4.41758e-07 2.9119e-08)
(-10 3.39689e-07 5.98203e-09)
(-10 2.31229e-07 1.59638e-09)
(-10 1.12627e-07 -5.09558e-09)
(-10 -1.12536e-08 -6.94996e-09)
(-10 -1.40664e-07 -6.10111e-09)
(-10 -2.77661e-07 -4.14937e-09)
(-10 -4.25546e-07 -2.43418e-09)
(-10 -5.87156e-07 -1.26684e-09)
(-10 -7.65447e-07 -6.7767e-10)
(-10 -9.63821e-07 -4.3744e-10)
(-10 -1.18622e-06 -1.12866e-10)
(-10 -1.43711e-06 2.97394e-10)
(-10 -1.72194e-06 1.06882e-09)
(-10 -2.04629e-06 5.46497e-09)
(-10 -2.41921e-06 5.62727e-09)
(-10 1.33702e-07 -1.98729e-09)
(-10 4.79511e-07 3.44992e-09)
(-10 3.68845e-07 5.62645e-09)
(-10 2.46766e-07 -2.66807e-09)
(-10 1.15307e-07 -8.24963e-09)
(-10 -2.08936e-08 -9.25059e-09)
(-10 -1.62683e-07 -7.9302e-09)
(-10 -3.12242e-07 -5.8293e-09)
(-10 -4.73455e-07 -4.05264e-09)
(-10 -6.49353e-07 -2.8466e-09)
(-10 -8.43047e-07 -2.13946e-09)
(-10 -1.05828e-06 -1.75497e-09)
(-10 -1.29955e-06 -1.46711e-09)
(-10 -1.57172e-06 -4.54357e-10)
(-10 -1.87985e-06 1.6807e-09)
(-10 -2.23086e-06 4.42505e-10)
(-10 -2.6338e-06 5.26208e-09)
(-10 1.41324e-07 -6.69594e-10)
(-10 5.17633e-07 4.36809e-09)
(-10 3.95753e-07 4.11943e-09)
(-10 2.61943e-07 -2.71541e-09)
(-10 1.18964e-07 -5.06845e-09)
(-10 -2.93338e-08 -5.07308e-09)
(-10 -1.82677e-07 -3.38146e-09)
(-10 -3.44078e-07 -1.4194e-09)
(-10 -5.17705e-07 1.13887e-10)
(-10 -7.06666e-07 1.06442e-09)
(-10 -9.14303e-07 1.45569e-09)
(-10 -1.14477e-06 1.47259e-09)
(-10 -1.40323e-06 1.57526e-09)
(-10 -1.69515e-06 1.74102e-09)
(-10 -2.02607e-06 2.23257e-09)
(-10 -2.40186e-06 6.6985e-09)
(-10 -2.83119e-06 6.48009e-09)
(-10 1.46828e-07 -1.70686e-09)
(-10 5.5363e-07 5.48654e-09)
(-10 4.1388e-07 -9.49586e-09)
(-10 2.69646e-07 -9.57913e-09)
(-10 1.15689e-07 -8.60871e-09)
(-10 -4.36547e-08 -6.72792e-09)
(-10 -2.07455e-07 -4.31996e-09)
(-10 -3.79615e-07 -2.12594e-09)
(-10 -5.64366e-07 -4.82759e-10)
(-10 -7.6465e-07 6.15489e-10)
(-10 -9.83974e-07 9.61557e-10)
(-10 -1.22737e-06 6.61116e-10)
(-10 -1.50087e-06 3.86337e-10)
(-10 -1.81044e-06 9.75356e-10)
(-10 -2.16127e-06 2.54948e-09)
(-10 -2.55961e-06 1.35047e-09)
(-10 -3.0131e-06 7.30964e-09)
(-10 1.50452e-07 -6.13171e-10)
(-10 5.89697e-07 5.84718e-09)
(-10 4.29315e-07 -1.41904e-08)
(-10 2.76287e-07 -7.72567e-09)
(-10 1.12108e-07 -4.12199e-09)
(-10 -5.71647e-08 -5.13111e-10)
(-10 -2.30623e-07 2.49737e-09)
(-10 -4.12766e-07 4.73683e-09)
(-10 -6.07725e-07 6.49439e-09)
(-10 -8.1802e-07 7.23122e-09)
(-10 -1.04745e-06 6.42242e-09)
(-10 -1.30255e-06 4.9057e-09)
(-10 -1.59029e-06 3.52451e-09)
(-10 -1.91691e-06 2.86588e-09)
(-10 -2.28791e-06 2.98013e-09)
(-10 -2.70795e-06 8.1919e-09)
(-10 -3.18064e-06 9.32812e-09)
(-10 1.53272e-07 -1.83923e-09)
(-10 5.97223e-07 -3.12224e-08)
(-10 4.41982e-07 -1.62892e-08)
(-10 2.78243e-07 -1.07669e-08)
(-10 1.04383e-07 -4.87761e-09)
(-10 -7.38188e-08 6.85521e-10)
(-10 -2.55549e-07 4.86693e-09)
(-10 -4.46621e-07 8.00396e-09)
(-10 -6.50274e-07 1.04078e-08)
(-10 -8.68623e-07 1.05325e-08)
(-10 -1.10699e-06 8.14511e-09)
(-10 -1.37287e-06 4.59015e-09)
(-10 -1.67409e-06 1.42203e-09)
(-10 -2.01787e-06 8.84419e-10)
(-10 -2.40831e-06 2.28282e-09)
(-10 -2.84989e-06 2.25855e-09)
(-10 -3.3452e-06 9.38236e-09)
(-10 1.54655e-07 -1.56732e-09)
(-10 6.09668e-07 -3.07473e-08)
(-10 4.46602e-07 -1.69872e-08)
(-10 2.77165e-07 -7.82626e-09)
(-10 9.65256e-08 2.16913e-09)
(-10 -8.84417e-08 1.05483e-08)
(-10 -2.76325e-07 1.60295e-08)
(-10 -4.74763e-07 2.06877e-08)
(-10 -6.85261e-07 2.27643e-08)
(-10 -9.10571e-07 2.07441e-08)
(-10 -1.15794e-06 1.50756e-08)
(-10 -1.43674e-06 1.22054e-08)
(-10 -1.75618e-06 5.51099e-09)
(-10 -2.11675e-06 1.02104e-09)
(-10 -2.52821e-06 1.11342e-09)
(-10 -2.99061e-06 7.78083e-09)
(-10 -3.50566e-06 9.83563e-09)
(-10 1.52449e-07 -2.74084e-09)
(-10 6.10764e-07 -3.61186e-08)
(-10 4.41015e-07 -2.80032e-08)
(-10 2.70546e-07 -1.06463e-08)
(-10 8.89008e-08 4.88953e-09)
(-10 -9.70014e-08 1.67043e-08)
(-10 -2.88718e-07 2.50471e-08)
(-10 -4.91573e-07 3.10352e-08)
(-10 -7.07037e-07 3.23031e-08)
(-10 -9.402e-07 2.7479e-08)
(-10 -1.20207e-06 1.7788e-08)
(-10 -1.50091e-06 9.37383e-09)
(-10 -1.83474e-06 -2.37829e-10)
(-10 -2.2174e-06 -3.78593e-09)
(-10 -2.65226e-06 -1.34989e-09)
(-10 -3.13826e-06 -1.06384e-10)
(-10 -3.67438e-06 1.02229e-08)
(-10 1.5016e-07 -2.66463e-09)
(-10 5.94722e-07 -3.65612e-08)
(-10 4.28154e-07 -2.84617e-08)
(-10 2.61485e-07 3.08698e-09)
(-10 8.43025e-08 1.48218e-08)
(-10 -9.64413e-08 3.06214e-08)
(-10 -2.87806e-07 4.13702e-08)
(-10 -4.91773e-07 4.67592e-08)
(-10 -7.1145e-07 4.59511e-08)
(-10 -9.54824e-07 3.62286e-08)
(-10 -1.24184e-06 2.2408e-08)
(-10 -1.55631e-06 8.04413e-09)
(-10 -1.91591e-06 -3.05279e-09)
(-10 -2.32624e-06 -5.88957e-09)
(-10 -2.78775e-06 -3.58028e-09)
(-10 -3.29942e-06 5.73722e-09)
(-10 -3.85916e-06 1.07227e-08)
(-10 1.50272e-07 -4.34398e-09)
(-10 5.64423e-07 -4.95216e-08)
(-10 4.17714e-07 -2.18494e-08)
(-10 2.59629e-07 4.78313e-09)
(-10 9.56161e-08 1.8271e-08)
(-10 -7.79212e-08 3.7302e-08)
(-10 -2.63676e-07 4.7649e-08)
(-10 -4.65792e-07 5.19488e-08)
(-10 -6.93672e-07 4.59324e-08)
(-10 -9.63685e-07 3.03609e-08)
(-10 -1.26435e-06 1.77432e-08)
(-10 -1.612e-06 -2.38428e-09)
(-10 -2.00445e-06 -1.15336e-08)
(-10 -2.44587e-06 -1.09317e-08)
(-10 -2.93678e-06 -5.47578e-09)
(-10 -3.47995e-06 -1.96739e-09)
(-10 -4.07011e-06 1.19472e-08)
(-10 1.54918e-07 -4.46652e-09)
(-10 5.36417e-07 -2.78231e-08)
(-10 4.11777e-07 -5.13022e-09)
(-10 2.7038e-07 1.67141e-08)
(-10 1.20883e-07 3.34968e-08)
(-10 -3.91325e-08 4.64738e-08)
(-10 -2.18058e-07 4.77128e-08)
(-10 -4.26437e-07 5.10725e-08)
(-10 -6.64524e-07 4.17173e-08)
(-10 -9.48444e-07 2.77681e-08)
(-10 -1.28766e-06 4.22286e-09)
(-10 -1.67319e-06 -1.11165e-08)
(-10 -2.10304e-06 -1.4422e-08)
(-10 -2.57825e-06 -1.14473e-08)
(-10 -3.10584e-06 -6.00095e-09)
(-10 -3.68596e-06 5.69282e-09)
(-10 -4.31359e-06 1.23096e-08)
(-10 1.66181e-07 -6.55125e-09)
(-10 5.36887e-07 -1.51338e-09)
(-10 4.30517e-07 9.93817e-09)
(-10 3.06147e-07 2.41057e-08)
(-10 1.73828e-07 3.29611e-08)
(-10 1.52826e-08 3.52127e-08)
(-10 -1.55991e-07 3.86218e-08)
(-10 -3.54358e-07 3.58728e-08)
(-10 -6.09505e-07 1.95883e-08)
(-10 -9.32479e-07 -1.63548e-09)
(-10 -1.3122e-06 -1.93878e-08)
(-10 -1.73843e-06 -2.55868e-08)
(-10 -2.20757e-06 -2.2384e-08)
(-10 -2.72269e-06 -1.47166e-08)
(-10 -3.29228e-06 -3.55273e-09)
(-10 -3.91964e-06 -1.72077e-09)
(-10 -4.59809e-06 1.23333e-08)
(-10 1.86222e-07 -6.24086e-09)
(-10 5.82956e-07 4.40932e-08)
(-10 4.84688e-07 4.22538e-08)
(-10 3.77936e-07 4.62605e-08)
(-10 2.3946e-07 4.54931e-08)
(-10 9.76505e-08 4.27104e-08)
(-10 -5.21258e-08 3.58058e-08)
(-10 -2.76394e-07 2.25106e-08)
(-10 -5.48603e-07 -3.27813e-09)
(-10 -9.09501e-07 -2.28985e-08)
(-10 -1.33248e-06 -3.46851e-08)
(-10 -1.80147e-06 -3.27625e-08)
(-10 -2.31422e-06 -2.3194e-08)
(-10 -2.87859e-06 -1.26168e-08)
(-10 -3.50147e-06 -4.70989e-09)
(-10 -4.18628e-06 5.96371e-09)
(-10 -4.92667e-06 1.43168e-08)
(-10 2.16328e-07 -7.92444e-09)
(-10 6.42517e-07 9.41383e-08)
(-10 5.55745e-07 7.83137e-08)
(-10 4.54302e-07 7.47491e-08)
(-10 3.12089e-07 6.95642e-08)
(-10 1.93886e-07 5.46789e-08)
(-10 1.77988e-08 2.85015e-08)
(-10 -1.7064e-07 -2.23548e-09)
(-10 -4.88302e-07 -2.56318e-08)
(-10 -9.03535e-07 -5.13502e-08)
(-10 -1.36655e-06 -5.58599e-08)
(-10 -1.86717e-06 -3.97761e-08)
(-10 -2.42852e-06 -2.51112e-08)
(-10 -3.04792e-06 -1.04513e-08)
(-10 -3.72987e-06 -3.53182e-09)
(-10 -4.48252e-06 -1.97817e-10)
(-10 -5.30249e-06 1.56253e-08)
(-10 2.57441e-07 -6.3574e-09)
(-10 6.66395e-07 1.87779e-07)
(-10 5.60987e-07 1.43015e-07)
(-10 4.65566e-07 1.33001e-07)
(-10 3.61925e-07 1.17213e-07)
(-10 2.4032e-07 6.07614e-08)
(-10 1.41172e-07 2.0923e-08)
(-10 -1.44188e-07 5.18935e-09)
(-10 -4.58837e-07 -5.20874e-08)
(-10 -8.81908e-07 -6.90147e-08)
(-10 -1.35621e-06 -4.60916e-08)
(-10 -1.92915e-06 -4.71519e-08)
(-10 -2.55103e-06 -3.50866e-08)
(-10 -3.2261e-06 -1.36617e-08)
(-10 -3.9746e-06 -9.85173e-10)
(-10 -4.80041e-06 1.21034e-08)
(-10 -5.71543e-06 1.76532e-08)
(-10 3.09526e-07 -8.87547e-09)
(-10 5.48595e-07 2.01075e-07)
(-10 4.83081e-07 1.97824e-07)
(-10 3.88102e-07 1.69051e-07)
(-10 3.16971e-07 1.22559e-07)
(-10 1.53296e-07 1.20873e-07)
(-10 -7.47882e-09 1.13571e-08)
(-10 -1.07475e-07 -8.82683e-08)
(-10 -4.64372e-07 -8.06473e-08)
(-10 -9.25995e-07 -7.93744e-08)
(-10 -1.46796e-06 -9.21972e-08)
(-10 -2.00767e-06 -3.7451e-08)
(-10 -2.67057e-06 -3.73391e-09)
(-10 -3.42421e-06 -1.55669e-09)
(-10 -4.24143e-06 3.07358e-09)
(-10 -5.16177e-06 4.02522e-09)
(-10 -6.18602e-06 2.69092e-08)
(-10 3.63973e-07 -4.41433e-09)
(-10 6.42454e-07 2.36529e-07)
(-10 6.73208e-07 1.58342e-07)
(-10 5.5854e-07 1.82527e-07)
(-10 4.79888e-07 1.89803e-07)
(-10 2.88726e-07 -1.17897e-08)
(-10 2.09934e-07 -1.41295e-07)
(-10 3.05396e-08 6.49284e-08)
(-10 2.87907e-08 4.67371e-08)
(-10 2.2157e-08 2.39313e-08)
(-10 1.52113e-08 5.45134e-09)
(-10 8.22663e-09 -2.3657e-09)
(-10 7.98865e-10 -4.43134e-09)
(-10 -7.19558e-09 -3.65582e-09)
(-10 -1.59129e-08 -1.9569e-09)
(-10 -2.5522e-08 -3.57198e-10)
(-10 -3.62274e-08 6.90154e-10)
(-10 -4.82717e-08 2.09393e-09)
(-10 -6.18891e-08 3.13936e-09)
(-10 -7.73417e-08 3.82533e-09)
(-10 -9.60015e-08 4.83304e-09)
(-10 -1.1621e-07 6.5234e-09)
(-10 -1.39486e-07 9.58717e-09)
(-10 1.15059e-08 -2.56334e-09)
(-10 5.71735e-08 4.68732e-08)
(-10 4.33244e-08 3.1415e-08)
(-10 2.38244e-08 1.18026e-08)
(-10 3.14408e-09 -3.02628e-09)
(-10 -1.81198e-08 -7.93569e-09)
(-10 -4.07823e-08 -7.49702e-09)
(-10 -6.52654e-08 -4.87902e-09)
(-10 -9.1951e-08 -1.87365e-09)
(-10 -1.21373e-07 5.81919e-10)
(-10 -1.54086e-07 2.18417e-09)
(-10 -1.90792e-07 4.03621e-09)
(-10 -2.32271e-07 5.11801e-09)
(-10 -2.7939e-07 5.85431e-09)
(-10 -3.33163e-07 6.43302e-09)
(-10 -3.9594e-07 7.94875e-09)
(-10 -4.69908e-07 1.16474e-08)
(-10 3.05822e-08 -1.55493e-09)
(-10 1.30647e-07 4.88691e-08)
(-10 1.03529e-07 3.05478e-08)
(-10 7.25264e-08 1.25928e-08)
(-10 3.71955e-08 -1.66691e-09)
(-10 1.99915e-10 -6.75416e-09)
(-10 -3.92078e-08 -6.51329e-09)
(-10 -8.17633e-08 -4.11905e-09)
(-10 -1.28114e-07 -1.35321e-09)
(-10 -1.79125e-07 8.86433e-10)
(-10 -2.35742e-07 2.30043e-09)
(-10 -2.99156e-07 3.47007e-09)
(-10 -3.70679e-07 4.48841e-09)
(-10 -4.51883e-07 5.1278e-09)
(-10 -5.45334e-07 5.96412e-09)
(-10 -6.5278e-07 7.30881e-09)
(-10 -7.77368e-07 9.39124e-09)
(-10 4.89641e-08 -2.27054e-09)
(-10 1.83862e-07 4.45913e-08)
(-10 1.4538e-07 2.89865e-08)
(-10 1.00172e-07 1.02833e-08)
(-10 5.06292e-08 -3.60988e-09)
(-10 -1.387e-09 -8.62226e-09)
(-10 -5.66652e-08 -8.28575e-09)
(-10 -1.16305e-07 -5.90068e-09)
(-10 -1.81235e-07 -3.17964e-09)
(-10 -2.52613e-07 -9.87178e-10)
(-10 -3.31795e-07 4.9913e-10)
(-10 -4.20367e-07 2.24591e-09)
(-10 -5.20196e-07 3.21568e-09)
(-10 -6.33449e-07 4.03064e-09)
(-10 -7.62295e-07 4.61293e-09)
(-10 -9.11031e-07 6.01534e-09)
(-10 -1.08484e-06 9.68602e-09)
(-10 6.69793e-08 -1.27273e-09)
(-10 2.38904e-07 4.56275e-08)
(-10 1.87532e-07 2.90242e-08)
(-10 1.30461e-07 1.24727e-08)
(-10 6.70312e-08 -4.22213e-10)
(-10 -1.27139e-11 -5.23087e-09)
(-10 -7.11428e-08 -4.92027e-09)
(-10 -1.47769e-07 -2.74949e-09)
(-10 -2.31092e-07 -3.49303e-10)
(-10 -3.22592e-07 1.47648e-09)
(-10 -4.23982e-07 2.53179e-09)
(-10 -5.37257e-07 2.99538e-09)
(-10 -6.64767e-07 3.73592e-09)
(-10 -8.09277e-07 4.24426e-09)
(-10 -9.74441e-07 5.06454e-09)
(-10 -1.16376e-06 6.38213e-09)
(-10 -1.38293e-06 7.02934e-09)
(-10 8.37152e-08 -2.19075e-09)
(-10 2.91012e-07 3.59057e-08)
(-10 2.26709e-07 2.42499e-08)
(-10 1.56138e-07 7.68919e-09)
(-10 7.88213e-08 -4.32874e-09)
(-10 -2.88023e-09 -8.69128e-09)
(-10 -8.91759e-08 -7.99339e-09)
(-10 -1.81957e-07 -5.65775e-09)
(-10 -2.82711e-07 -3.20394e-09)
(-10 -3.93231e-07 -1.35152e-09)
(-10 -5.15574e-07 -8.6941e-12)
(-10 -6.52085e-07 1.29486e-09)
(-10 -8.05578e-07 2.09582e-09)
(-10 -9.79328e-07 2.87834e-09)
(-10 -1.17667e-06 3.41101e-09)
(-10 -1.40316e-06 4.38443e-09)
(-10 -1.66643e-06 8.46199e-09)
(-10 9.90874e-08 -8.08462e-10)
(-10 3.41484e-07 3.79633e-08)
(-10 2.65791e-07 2.44384e-08)
(-10 1.83913e-07 1.03277e-08)
(-10 9.32829e-08 1.70502e-10)
(-10 -2.87289e-09 -3.67998e-09)
(-10 -1.04028e-07 -2.86722e-09)
(-10 -2.1256e-07 -7.60874e-10)
(-10 -3.30243e-07 1.29274e-09)
(-10 -4.59175e-07 2.66005e-09)
(-10 -6.01718e-07 3.2853e-09)
(-10 -7.60602e-07 3.40897e-09)
(-10 -9.39021e-07 3.41176e-09)
(-10 -1.14067e-06 3.68585e-09)
(-10 -1.37023e-06 4.5209e-09)
(-10 -1.63257e-06 5.92769e-09)
(-10 -1.93549e-06 5.47436e-09)
(-10 1.1259e-07 -2.04149e-09)
(-10 3.84877e-07 2.83082e-08)
(-10 3.01219e-07 1.58466e-08)
(-10 2.05581e-07 2.29507e-09)
(-10 1.01928e-07 -5.99416e-09)
(-10 -7.61054e-09 -8.54441e-09)
(-10 -1.2289e-07 -7.29352e-09)
(-10 -2.46038e-07 -4.9108e-09)
(-10 -3.79367e-07 -2.73552e-09)
(-10 -5.25264e-07 -1.26931e-09)
(-10 -6.86377e-07 -5.05733e-10)
(-10 -8.65764e-07 4.42614e-10)
(-10 -1.06701e-06 1.20639e-09)
(-10 -1.2942e-06 2.04989e-09)
(-10 -1.55168e-06 2.61508e-09)
(-10 -1.84594e-06 2.893e-09)
(-10 -2.18613e-06 7.57495e-09)
(-10 1.24211e-07 -3.74063e-10)
(-10 4.32162e-07 3.14097e-08)
(-10 3.33703e-07 1.40068e-08)
(-10 2.27085e-07 5.47385e-09)
(-10 1.11349e-07 -4.44264e-10)
(-10 -1.08363e-08 -1.94562e-09)
(-10 -1.39544e-07 -7.33591e-10)
(-10 -2.76674e-07 1.2588e-09)
(-10 -4.24807e-07 2.89952e-09)
(-10 -5.8668e-07 3.77397e-09)
(-10 -7.65232e-07 3.93433e-09)
(-10 -9.63817e-07 3.6929e-09)
(-10 -1.18638e-06 3.41978e-09)
(-10 -1.43741e-06 3.22099e-09)
(-10 -1.72221e-06 4.08761e-09)
(-10 -2.04658e-06 5.78103e-09)
(-10 -2.41961e-06 4.38833e-09)
(-10 1.33644e-07 -1.92524e-09)
(-10 4.70219e-07 1.24192e-08)
(-10 3.61526e-07 3.61402e-09)
(-10 2.42627e-07 -3.38901e-09)
(-10 1.14734e-07 -7.38978e-09)
(-10 -1.95303e-08 -7.60749e-09)
(-10 -1.60554e-07 -5.81301e-09)
(-10 -3.10455e-07 -3.59407e-09)
(-10 -4.7194e-07 -1.80349e-09)
(-10 -6.48122e-07 -7.61535e-10)
(-10 -8.42192e-07 -4.08404e-10)
(-10 -1.0578e-06 -4.52967e-10)
(-10 -1.29931e-06 -3.60979e-10)
(-10 -1.57169e-06 1.59946e-09)
(-10 -1.87989e-06 1.30076e-09)
(-10 -2.23073e-06 1.43176e-09)
(-10 -2.63365e-06 7.18414e-09)
(-10 1.41008e-07 -9.46717e-11)
(-10 5.11193e-07 1.71379e-08)
(-10 3.86159e-07 3.47587e-09)
(-10 2.57387e-07 9.94038e-10)
(-10 1.18277e-07 -4.90889e-10)
(-10 -2.75453e-08 1.86508e-10)
(-10 -1.80232e-07 1.94721e-09)
(-10 -3.41841e-07 3.75377e-09)
(-10 -5.15677e-07 4.90317e-09)
(-10 -7.05e-07 5.18661e-09)
(-10 -9.1317e-07 4.69627e-09)
(-10 -1.14427e-06 3.83598e-09)
(-10 -1.40327e-06 3.11324e-09)
(-10 -1.69542e-06 2.65186e-09)
(-10 -2.02626e-06 3.43978e-09)
(-10 -2.40191e-06 5.70111e-09)
(-10 -2.83091e-06 5.91205e-09)
(-10 1.46375e-07 -2.07078e-09)
(-10 5.40905e-07 -3.62705e-09)
(-10 4.06697e-07 -7.53916e-09)
(-10 2.65962e-07 -8.71945e-09)
(-10 1.15912e-07 -7.79644e-09)
(-10 -4.06538e-08 -5.51536e-09)
(-10 -2.03834e-07 -2.92844e-09)
(-10 -3.75831e-07 -7.12023e-10)
(-10 -5.60624e-07 6.51194e-10)
(-10 -7.61387e-07 1.05906e-09)
(-10 -9.81699e-07 5.6781e-10)
(-10 -1.22633e-06 -4.35394e-10)
(-10 -1.50085e-06 -1.04074e-09)
(-10 -1.81086e-06 -4.61729e-10)
(-10 -2.16169e-06 2.92308e-10)
(-10 -2.55956e-06 1.16978e-09)
(-10 -3.01213e-06 7.45743e-09)
(-10 1.497e-07 -2.12634e-10)
(-10 5.75592e-07 9.45128e-10)
(-10 4.22617e-07 -6.73473e-09)
(-10 2.7293e-07 -3.13147e-09)
(-10 1.13245e-07 3.22774e-10)
(-10 -5.30907e-08 3.79291e-09)
(-10 -2.25336e-07 7.27788e-09)
(-10 -4.06935e-07 9.0663e-09)
(-10 -6.01685e-07 9.52613e-09)
(-10 -8.12699e-07 9.73174e-09)
(-10 -1.04404e-06 7.51698e-09)
(-10 -1.30134e-06 4.49847e-09)
(-10 -1.59072e-06 2.38877e-09)
(-10 -1.91801e-06 1.38517e-09)
(-10 -2.28883e-06 2.50976e-09)
(-10 -2.70819e-06 5.78362e-09)
(-10 -3.18034e-06 6.42449e-09)
(-10 1.5223e-07 -2.72194e-09)
(-10 5.91391e-07 -2.12515e-08)
(-10 4.34274e-07 -1.75131e-08)
(-10 2.75203e-07 -1.18153e-08)
(-10 1.06776e-07 -5.72153e-09)
(-10 -6.79158e-08 -1.3657e-10)
(-10 -2.4754e-07 3.82564e-09)
(-10 -4.37438e-07 6.7057e-09)
(-10 -6.40835e-07 8.07335e-09)
(-10 -8.6085e-07 7.24933e-09)
(-10 -1.10242e-06 4.06859e-09)
(-10 -1.37204e-06 8.20298e-11)
(-10 -1.67547e-06 -2.72647e-09)
(-10 -2.01985e-06 -2.90138e-09)
(-10 -2.40986e-06 -1.60383e-09)
(-10 -2.84969e-06 4.38515e-10)
(-10 -3.3437e-06 1.02684e-08)
(-10 1.5294e-07 -1.40456e-09)
(-10 6.0733e-07 -1.766e-08)
(-10 4.39036e-07 -1.54616e-08)
(-10 2.75007e-07 -4.54241e-09)
(-10 1.0078e-07 4.87664e-09)
(-10 -7.92194e-08 1.23109e-08)
(-10 -2.64924e-07 1.71755e-08)
(-10 -4.61784e-07 2.02818e-08)
(-10 -6.72802e-07 2.10705e-08)
(-10 -9.01529e-07 1.80006e-08)
(-10 -1.15395e-06 1.16486e-08)
(-10 -1.43556e-06 5.5526e-09)
(-10 -1.75771e-06 2.28494e-09)
(-10 -2.11981e-06 -1.33633e-09)
(-10 -2.53017e-06 2.8065e-10)
(-10 -2.99117e-06 5.59109e-09)
(-10 -3.50443e-06 6.96631e-09)
(-10 1.5159e-07 -3.91981e-09)
(-10 6.06431e-07 -3.59358e-08)
(-10 4.38876e-07 -2.48669e-08)
(-10 2.71813e-07 -8.10043e-09)
(-10 9.58907e-08 8.72796e-10)
(-10 -8.5465e-08 1.22286e-08)
(-10 -2.74856e-07 1.88195e-08)
(-10 -4.76905e-07 2.29699e-08)
(-10 -6.94627e-07 2.30625e-08)
(-10 -9.33028e-07 1.73761e-08)
(-10 -1.19752e-06 9.87439e-09)
(-10 -1.50184e-06 2.55296e-09)
(-10 -1.83835e-06 -5.43705e-09)
(-10 -2.22058e-06 -7.13634e-09)
(-10 -2.65409e-06 -4.40981e-09)
(-10 -3.13847e-06 -4.42512e-12)
(-10 -3.67281e-06 1.37218e-08)
(-10 1.49052e-07 -3.049e-09)
(-10 5.97113e-07 -2.99858e-08)
(-10 4.33867e-07 -1.73256e-08)
(-10 2.67796e-07 1.43271e-09)
(-10 9.53861e-08 1.73381e-08)
(-10 -8.41096e-08 2.82233e-08)
(-10 -2.74161e-07 3.54794e-08)
(-10 -4.79573e-07 3.8827e-08)
(-10 -7.04073e-07 3.59634e-08)
(-10 -9.53667e-07 2.58258e-08)
(-10 -1.24555e-06 1.45507e-08)
(-10 -1.56196e-06 2.47683e-09)
(-10 -1.9223e-06 -5.16372e-09)
(-10 -2.32942e-06 -6.40695e-09)
(-10 -2.78909e-06 -2.09724e-09)
(-10 -3.29943e-06 5.62111e-09)
(-10 -3.85727e-06 9.48935e-09)
(-10 1.48927e-07 -5.78811e-09)
(-10 5.81628e-07 -3.59193e-08)
(-10 4.31934e-07 -1.62939e-08)
(-10 2.72825e-07 4.69739e-09)
(-10 1.07353e-07 1.29318e-08)
(-10 -6.72834e-08 2.97909e-08)
(-10 -2.54582e-07 3.68743e-08)
(-10 -4.61734e-07 3.82276e-08)
(-10 -6.95662e-07 3.12575e-08)
(-10 -9.71214e-07 1.69822e-08)
(-10 -1.27798e-06 3.44612e-09)
(-10 -1.62297e-06 -9.31544e-09)
(-10 -2.01256e-06 -1.3622e-08)
(-10 -2.44795e-06 -1.12014e-08)
(-10 -2.93722e-06 -5.98709e-09)
(-10 -3.47906e-06 3.21861e-10)
(-10 -4.06805e-06 1.5406e-08)
(-10 1.53577e-07 -4.79892e-09)
(-10 5.67933e-07 -1.11472e-08)
(-10 4.34781e-07 4.09972e-09)
(-10 2.8669e-07 2.13511e-08)
(-10 1.3089e-07 3.51058e-08)
(-10 -3.33497e-08 4.4176e-08)
(-10 -2.15761e-07 4.65859e-08)
(-10 -4.31388e-07 3.99387e-08)
(-10 -6.78678e-07 2.99984e-08)
(-10 -9.7463e-07 1.3991e-08)
(-10 -1.3102e-06 -3.23869e-09)
(-10 -1.68969e-06 -1.25713e-08)
(-10 -2.11097e-06 -1.32367e-08)
(-10 -2.58041e-06 -9.50425e-09)
(-10 -3.10564e-06 -2.68674e-09)
(-10 -3.68522e-06 6.54301e-09)
(-10 -4.31156e-06 1.1796e-08)
(-10 1.65078e-07 -7.52709e-09)
(-10 5.82708e-07 6.36369e-09)
(-10 4.64765e-07 1.91799e-08)
(-10 3.30351e-07 2.81612e-08)
(-10 1.87856e-07 3.63887e-08)
(-10 2.30389e-08 3.30999e-08)
(-10 -1.54921e-07 3.42803e-08)
(-10 -3.71001e-07 2.55513e-08)
(-10 -6.35966e-07 7.7101e-09)
(-10 -9.61673e-07 -1.22153e-08)
(-10 -1.33586e-06 -2.6006e-08)
(-10 -1.75456e-06 -2.85154e-08)
(-10 -2.21341e-06 -2.35889e-08)
(-10 -2.72332e-06 -1.11526e-08)
(-10 -3.2908e-06 -4.52066e-09)
(-10 -3.91837e-06 2.42216e-09)
(-10 -4.59604e-06 1.66274e-08)
(-10 1.85807e-07 -5.30889e-09)
(-10 6.48983e-07 6.20781e-08)
(-10 5.34525e-07 5.9527e-08)
(-10 4.16313e-07 6.15099e-08)
(-10 2.69689e-07 5.68655e-08)
(-10 1.25081e-07 5.53439e-08)
(-10 -5.06656e-08 4.5681e-08)
(-10 -2.80063e-07 2.59418e-08)
(-10 -5.71289e-07 1.05955e-09)
(-10 -9.42062e-07 -1.8934e-08)
(-10 -1.35883e-06 -2.96187e-08)
(-10 -1.80988e-06 -2.84457e-08)
(-10 -2.31746e-06 -1.72546e-08)
(-10 -2.87596e-06 -9.23209e-09)
(-10 -3.49974e-06 -2.9875e-09)
(-10 -4.18425e-06 6.49889e-09)
(-10 -4.92404e-06 1.23834e-08)
(-10 2.16527e-07 -7.0447e-09)
(-10 7.33401e-07 1.01935e-07)
(-10 6.2601e-07 1.03314e-07)
(-10 5.18216e-07 8.88738e-08)
(-10 3.7535e-07 7.8524e-08)
(-10 2.41745e-07 6.99462e-08)
(-10 4.7149e-08 4.96168e-08)
(-10 -1.82939e-07 2.2341e-08)
(-10 -5.25737e-07 -1.03888e-08)
(-10 -9.2653e-07 -3.22047e-08)
(-10 -1.35543e-06 -4.05615e-08)
(-10 -1.87688e-06 -3.74737e-08)
(-10 -2.44139e-06 -2.95352e-08)
(-10 -3.04841e-06 -1.31701e-08)
(-10 -3.72522e-06 -5.19822e-09)
(-10 -4.47734e-06 5.51655e-10)
(-10 -5.29735e-06 2.60869e-08)
(-10 2.57183e-07 -3.5518e-09)
(-10 7.46464e-07 1.79575e-07)
(-10 6.38024e-07 1.79405e-07)
(-10 5.36911e-07 1.47474e-07)
(-10 4.21927e-07 1.48735e-07)
(-10 2.77826e-07 1.32306e-07)
(-10 1.11762e-07 9.57393e-08)
(-10 -1.49583e-07 3.83006e-08)
(-10 -4.95682e-07 9.01644e-09)
(-10 -9.01197e-07 -1.00642e-08)
(-10 -1.42238e-06 -1.90434e-08)
(-10 -1.9223e-06 -2.76931e-08)
(-10 -2.51823e-06 8.16228e-11)
(-10 -3.21435e-06 2.30329e-09)
(-10 -3.96975e-06 3.89604e-10)
(-10 -4.79796e-06 6.1344e-09)
(-10 -5.7076e-06 1.79238e-08)
(-10 3.08898e-07 -7.81057e-09)
(-10 6.01192e-07 2.2708e-07)
(-10 5.33791e-07 1.78339e-07)
(-10 4.16987e-07 1.69782e-07)
(-10 3.21006e-07 1.50519e-07)
(-10 1.83827e-07 1.03829e-07)
(-10 4.92167e-09 4.2054e-08)
(-10 -3.07708e-07 2.54881e-08)
(-10 -5.99705e-07 -4.33455e-08)
(-10 -1.09607e-06 -6.51766e-08)
(-10 -1.40433e-06 -6.84516e-08)
(-10 -2.03459e-06 -4.51739e-08)
(-10 -2.73206e-06 -4.25721e-08)
(-10 -3.4322e-06 -1.29314e-08)
(-10 -4.23108e-06 4.00226e-09)
(-10 -5.13236e-06 3.19496e-08)
(-10 -6.17244e-06 4.67658e-08)
(-10 3.61772e-07 -5.4471e-09)
(-10 6.92281e-07 1.87811e-07)
(-10 6.75956e-07 1.87479e-07)
(-10 5.61084e-07 1.70195e-07)
(-10 4.54315e-07 1.63118e-07)
(-10 2.89613e-07 1.19235e-07)
(-10 4.38143e-08 3.75048e-08)
(-10 -2.38153e-07 -1.29929e-07)
(-10 -6.18274e-07 -1.15227e-07)
(-10 -9.34861e-07 -1.36651e-07)
(-10 3.11514e-08 8.00763e-08)
(-10 3.06061e-08 6.61041e-08)
(-10 2.36773e-08 4.74049e-08)
(-10 1.64271e-08 3.28727e-08)
(-10 9.15863e-09 2.60423e-08)
(-10 1.57315e-09 2.38185e-08)
(-10 -6.57062e-09 2.34603e-08)
(-10 -1.5392e-08 2.35235e-08)
(-10 -2.50987e-08 2.31598e-08)
(-10 -3.58561e-08 2.22252e-08)
(-10 -4.80003e-08 2.07948e-08)
(-10 -6.15423e-08 1.9823e-08)
(-10 -7.68089e-08 1.81787e-08)
(-10 -9.57795e-08 1.56062e-08)
(-10 -1.16421e-07 1.24121e-08)
(-10 -1.40135e-07 1.43065e-08)
(-10 1.24609e-08 2.46391e-09)
(-10 5.9426e-08 6.79394e-08)
(-10 4.65683e-08 5.61054e-08)
(-10 2.58574e-08 4.04824e-08)
(-10 5.06128e-09 2.83691e-08)
(-10 -1.66969e-08 2.36692e-08)
(-10 -3.9714e-08 2.31889e-08)
(-10 -6.45201e-08 2.41023e-08)
(-10 -9.152e-08 2.50012e-08)
(-10 -1.21192e-07 2.51678e-08)
(-10 -1.5412e-07 2.44752e-08)
(-10 -1.90983e-07 2.31207e-08)
(-10 -2.32575e-07 2.25407e-08)
(-10 -2.79681e-07 2.08304e-08)
(-10 -3.33635e-07 1.72352e-08)
(-10 -3.96889e-07 1.62953e-08)
(-10 -4.71404e-07 1.83367e-08)
(-10 3.02948e-08 2.9812e-09)
(-10 1.28858e-07 6.73231e-08)
(-10 1.0293e-07 5.10204e-08)
(-10 7.18364e-08 3.79244e-08)
(-10 3.69568e-08 2.6643e-08)
(-10 -1.13906e-10 2.20824e-08)
(-10 -3.96106e-08 2.15792e-08)
(-10 -8.23053e-08 2.24367e-08)
(-10 -1.28845e-07 2.32801e-08)
(-10 -1.80009e-07 2.34172e-08)
(-10 -2.36785e-07 2.27335e-08)
(-10 -3.00284e-07 2.13845e-08)
(-10 -3.71826e-07 2.05516e-08)
(-10 -4.52916e-07 1.90832e-08)
(-10 -5.46587e-07 1.60746e-08)
(-10 -6.54484e-07 1.2301e-08)
(-10 -7.78023e-07 1.54692e-08)
(-10 5.14614e-08 2.73037e-09)
(-10 1.84398e-07 6.32478e-08)
(-10 1.44164e-07 5.09684e-08)
(-10 1.00069e-07 3.78219e-08)
(-10 5.19046e-08 2.6454e-08)
(-10 -5.69105e-11 2.18258e-08)
(-10 -5.53364e-08 2.13678e-08)
(-10 -1.15136e-07 2.22048e-08)
(-10 -1.80312e-07 2.29843e-08)
(-10 -2.51974e-07 2.30785e-08)
(-10 -3.31415e-07 2.23516e-08)
(-10 -4.20167e-07 2.10218e-08)
(-10 -5.20157e-07 2.06931e-08)
(-10 -6.33585e-07 1.89082e-08)
(-10 -7.62438e-07 1.5303e-08)
(-10 -9.11217e-07 1.53275e-08)
(-10 -1.08633e-06 1.69942e-08)
(-10 6.52739e-08 2.93063e-09)
(-10 2.3488e-07 6.13905e-08)
(-10 1.84011e-07 4.6489e-08)
(-10 1.28726e-07 3.48994e-08)
(-10 6.68136e-08 2.49475e-08)
(-10 7.10671e-11 2.0633e-08)
(-10 -7.08861e-08 2.03032e-08)
(-10 -1.4757e-07 2.11267e-08)
(-10 -2.31082e-07 2.18228e-08)
(-10 -3.22826e-07 2.18059e-08)
(-10 -4.24444e-07 2.10079e-08)
(-10 -5.37881e-07 1.95968e-08)
(-10 -6.65495e-07 1.87122e-08)
(-10 -8.10019e-07 1.71937e-08)
(-10 -9.75372e-07 1.46547e-08)
(-10 -1.16486e-06 1.03285e-08)
(-10 -1.38318e-06 1.24975e-08)
(-10 8.55024e-08 2.39631e-09)
(-10 2.86502e-07 5.25202e-08)
(-10 2.24037e-07 4.36835e-08)
(-10 1.55043e-07 3.2159e-08)
(-10 7.99512e-08 2.21939e-08)
(-10 -1.17707e-09 1.82372e-08)
(-10 -8.73965e-08 1.80882e-08)
(-10 -1.80266e-07 1.90958e-08)
(-10 -2.81296e-07 1.99121e-08)
(-10 -3.92168e-07 2.00079e-08)
(-10 -5.14824e-07 1.93207e-08)
(-10 -6.51603e-07 1.83221e-08)
(-10 -8.05309e-07 1.79749e-08)
(-10 -9.79283e-07 1.62434e-08)
(-10 -1.17663e-06 1.28929e-08)
(-10 -1.40308e-06 1.41454e-08)
(-10 -1.66763e-06 1.5609e-08)
(-10 9.75396e-08 2.7407e-09)
(-10 3.35568e-07 5.16733e-08)
(-10 2.60906e-07 3.85877e-08)
(-10 1.80965e-07 2.93535e-08)
(-10 9.28814e-08 2.11485e-08)
(-10 -2.06311e-09 1.7952e-08)
(-10 -1.03192e-07 1.78454e-08)
(-10 -2.118e-07 1.8761e-08)
(-10 -3.29765e-07 1.94129e-08)
(-10 -4.59046e-07 1.93201e-08)
(-10 -6.01866e-07 1.84838e-08)
(-10 -7.60965e-07 1.71018e-08)
(-10 -9.39528e-07 1.60085e-08)
(-10 -1.14127e-06 1.4644e-08)
(-10 -1.37095e-06 1.29277e-08)
(-10 -1.63336e-06 8.66535e-09)
(-10 -1.93566e-06 9.60418e-09)
(-10 1.13906e-07 1.99601e-09)
(-10 3.81435e-07 4.14873e-08)
(-10 2.97299e-07 3.31839e-08)
(-10 2.03552e-07 2.3934e-08)
(-10 1.02788e-07 1.60174e-08)
(-10 -5.47201e-09 1.36145e-08)
(-10 -1.2049e-07 1.39621e-08)
(-10 -2.4384e-07 1.51121e-08)
(-10 -3.77617e-07 1.59402e-08)
(-10 -5.24115e-07 1.60598e-08)
(-10 -6.85648e-07 1.54996e-08)
(-10 -8.65327e-07 1.44992e-08)
(-10 -1.06678e-06 1.43737e-08)
(-10 -1.29418e-06 1.32575e-08)
(-10 -1.55162e-06 1.0285e-08)
(-10 -1.84573e-06 1.27615e-08)
(-10 -2.18697e-06 1.40885e-08)
(-10 1.22898e-07 2.45788e-09)
(-10 4.27726e-07 4.24418e-08)
(-10 3.28546e-07 2.67214e-08)
(-10 2.24489e-07 2.10799e-08)
(-10 1.11376e-07 1.56622e-08)
(-10 -9.51861e-09 1.40678e-08)
(-10 -1.37805e-07 1.45016e-08)
(-10 -2.75141e-07 1.54474e-08)
(-10 -4.23789e-07 1.60058e-08)
(-10 -5.86345e-07 1.58673e-08)
(-10 -7.65273e-07 1.51127e-08)
(-10 -9.64103e-07 1.39109e-08)
(-10 -1.18682e-06 1.23824e-08)
(-10 -1.43794e-06 1.1388e-08)
(-10 -1.7227e-06 1.0711e-08)
(-10 -2.04702e-06 6.97801e-09)
(-10 -2.41955e-06 6.95552e-09)
(-10 1.34376e-07 1.50025e-09)
(-10 4.63656e-07 2.3882e-08)
(-10 3.58403e-07 2.02141e-08)
(-10 2.41682e-07 1.28717e-08)
(-10 1.15953e-07 8.91681e-09)
(-10 -1.70407e-08 8.10835e-09)
(-10 -1.57711e-07 9.001e-09)
(-10 -3.07866e-07 1.02484e-08)
(-10 -4.70055e-07 1.113e-08)
(-10 -6.46871e-07 1.14074e-08)
(-10 -8.41423e-07 1.10737e-08)
(-10 -1.05747e-06 1.04188e-08)
(-10 -1.29934e-06 9.85468e-09)
(-10 -1.57188e-06 8.96343e-09)
(-10 -1.87992e-06 6.61216e-09)
(-10 -2.23043e-06 1.13196e-08)
(-10 -2.634e-06 1.3037e-08)
(-10 1.39925e-07 1.81794e-09)
(-10 5.06503e-07 2.76076e-08)
(-10 3.81556e-07 1.33503e-08)
(-10 2.55418e-07 1.11298e-08)
(-10 1.18806e-07 9.32429e-09)
(-10 -2.55242e-08 9.27925e-09)
(-10 -1.77751e-07 1.02275e-08)
(-10 -3.39834e-07 1.12644e-08)
(-10 -5.1415e-07 1.18929e-08)
(-10 -7.03977e-07 1.18365e-08)
(-10 -9.12743e-07 1.1168e-08)
(-10 -1.14448e-06 1.01296e-08)
(-10 -1.4039e-06 8.88441e-09)
(-10 -1.69614e-06 8.08829e-09)
(-10 -2.02687e-06 8.22359e-09)
(-10 -2.40207e-06 4.53252e-09)
(-10 -2.83035e-06 5.38928e-09)
(-10 1.4645e-07 8.46772e-10)
(-10 5.35671e-07 7.44796e-09)
(-10 4.03132e-07 5.22996e-09)
(-10 2.64813e-07 1.93662e-09)
(-10 1.17235e-07 1.19062e-09)
(-10 -3.77181e-08 2.16903e-09)
(-10 -2.00517e-07 3.80849e-09)
(-10 -3.72678e-07 5.42548e-09)
(-10 -5.57809e-07 6.49693e-09)
(-10 -7.59161e-07 6.87529e-09)
(-10 -9.80403e-07 6.57758e-09)
(-10 -1.22606e-06 5.95899e-09)
(-10 -1.50136e-06 5.65165e-09)
(-10 -1.81168e-06 5.00631e-09)
(-10 -2.16218e-06 3.89309e-09)
(-10 -2.55934e-06 1.00495e-08)
(-10 -3.01168e-06 1.26665e-08)
(-10 1.48911e-07 8.75587e-10)
(-10 5.69565e-07 1.26218e-08)
(-10 4.18445e-07 -3.23601e-10)
(-10 2.71586e-07 1.39849e-09)
(-10 1.14632e-07 2.92007e-09)
(-10 -4.97214e-08 4.94357e-09)
(-10 -2.21196e-07 6.953e-09)
(-10 -4.02706e-07 8.63242e-09)
(-10 -5.97659e-07 9.27925e-09)
(-10 -8.09508e-07 9.15136e-09)
(-10 -1.04232e-06 8.07029e-09)
(-10 -1.3012e-06 6.50485e-09)
(-10 -1.59174e-06 5.03028e-09)
(-10 -1.91935e-06 4.67029e-09)
(-10 -2.28975e-06 5.31126e-09)
(-10 -2.70705e-06 1.71873e-09)
(-10 -3.18052e-06 6.90881e-09)
(-10 1.51585e-07 -1.08756e-10)
(-10 5.8714e-07 -1.15625e-08)
(-10 4.31248e-07 -8.51861e-09)
(-10 2.7447e-07 -7.27114e-09)
(-10 1.09127e-07 -4.2756e-09)
(-10 -6.28758e-08 -7.55282e-10)
(-10 -2.41583e-07 2.27906e-09)
(-10 -4.31135e-07 4.45302e-09)
(-10 -6.34853e-07 5.86038e-09)
(-10 -8.56325e-07 5.88061e-09)
(-10 -1.10012e-06 4.51268e-09)
(-10 -1.37194e-06 2.66801e-09)
(-10 -1.67705e-06 1.63235e-09)
(-10 -2.02163e-06 1.35664e-09)
(-10 -2.4108e-06 1.56339e-09)
(-10 -2.85074e-06 7.92604e-09)
(-10 -3.34264e-06 1.33807e-08)
(-10 1.52638e-07 -3.22564e-10)
(-10 6.07618e-07 -7.62187e-09)
(-10 4.37438e-07 -1.18195e-08)
(-10 2.75861e-07 -4.86406e-09)
(-10 1.05167e-07 9.95555e-10)
(-10 -7.16282e-08 5.87623e-09)
(-10 -2.5635e-07 9.35565e-09)
(-10 -4.52901e-07 1.1609e-08)
(-10 -6.64869e-07 1.23932e-08)
(-10 -8.96133e-07 1.10184e-08)
(-10 -1.15188e-06 7.7418e-09)
(-10 -1.43672e-06 3.92024e-09)
(-10 -1.75981e-06 3.7207e-09)
(-10 -2.12216e-06 2.03705e-09)
(-10 -2.53113e-06 3.46534e-09)
(-10 -2.99184e-06 8.79713e-10)
(-10 -3.50228e-06 8.73518e-09)
(-10 1.50783e-07 -1.89696e-09)
(-10 6.08036e-07 -2.4611e-08)
(-10 4.41255e-07 -1.57841e-08)
(-10 2.75723e-07 -8.70066e-09)
(-10 1.02646e-07 -8.03372e-10)
(-10 -7.63505e-08 5.62294e-09)
(-10 -2.65039e-07 1.01258e-08)
(-10 -4.67542e-07 1.28489e-08)
(-10 -6.87526e-07 1.32941e-08)
(-10 -9.29503e-07 1.05653e-08)
(-10 -1.19756e-06 5.50395e-09)
(-10 -1.50421e-06 3.58784e-09)
(-10 -1.84226e-06 2.88946e-10)
(-10 -2.22377e-06 -4.71516e-10)
(-10 -2.65477e-06 3.45061e-10)
(-10 -3.13793e-06 1.03032e-08)
(-10 -3.67107e-06 1.63812e-08)
(-10 1.4788e-07 -1.64018e-09)
(-10 6.05158e-07 -1.55204e-08)
(-10 4.4093e-07 -1.10066e-08)
(-10 2.76223e-07 1.42678e-09)
(-10 1.05354e-07 1.13874e-08)
(-10 -7.36551e-08 1.86019e-08)
(-10 -2.6439e-07 2.29335e-08)
(-10 -4.71822e-07 2.47615e-08)
(-10 -7.00333e-07 2.3062e-08)
(-10 -9.54293e-07 1.72987e-08)
(-10 -1.24887e-06 1.08916e-08)
(-10 -1.56756e-06 5.09846e-09)
(-10 -1.92739e-06 1.27538e-09)
(-10 -2.33158e-06 1.28348e-09)
(-10 -2.78947e-06 4.1307e-09)
(-10 -3.29898e-06 1.464e-09)
(-10 -3.85438e-06 1.1732e-08)
(-10 1.4812e-07 -2.84832e-09)
(-10 5.96671e-07 -1.74133e-08)
(-10 4.459e-07 -1.89559e-09)
(-10 2.85774e-07 9.00113e-09)
(-10 1.1901e-07 1.90663e-08)
(-10 -5.68054e-08 2.40662e-08)
(-10 -2.47407e-07 3.00027e-08)
(-10 -4.58531e-07 3.03453e-08)
(-10 -6.97146e-07 2.60359e-08)
(-10 -9.78709e-07 1.84586e-08)
(-10 -1.28501e-06 1.05331e-08)
(-10 -1.63215e-06 4.25446e-09)
(-10 -2.01659e-06 1.72968e-09)
(-10 -2.44967e-06 1.66298e-09)
(-10 -2.93701e-06 2.61527e-09)
(-10 -3.47848e-06 1.36926e-08)
(-10 -4.06707e-06 2.12934e-08)
(-10 1.52803e-07 -1.90223e-09)
(-10 5.91744e-07 8.20628e-09)
(-10 4.57001e-07 1.73769e-08)
(-10 3.03263e-07 2.8855e-08)
(-10 1.43472e-07 3.79404e-08)
(-10 -2.57246e-08 4.34525e-08)
(-10 -2.13257e-07 4.47872e-08)
(-10 -4.32359e-07 3.95971e-08)
(-10 -6.89892e-07 3.35424e-08)
(-10 -9.84854e-07 2.37688e-08)
(-10 -1.32361e-06 1.46862e-08)
(-10 -1.69861e-06 8.57627e-09)
(-10 -2.11716e-06 6.2738e-09)
(-10 -2.58107e-06 5.89087e-09)
(-10 -3.10616e-06 7.75555e-09)
(-10 -3.68609e-06 3.55556e-09)
(-10 -4.30993e-06 1.32877e-08)
(-10 1.6558e-07 -2.08822e-09)
(-10 6.27348e-07 3.25405e-08)
(-10 4.99297e-07 4.09051e-08)
(-10 3.5621e-07 4.57824e-08)
(-10 2.07627e-07 5.16209e-08)
(-10 4.05924e-08 4.97943e-08)
(-10 -1.49548e-07 4.95553e-08)
(-10 -3.6823e-07 4.44335e-08)
(-10 -6.44126e-07 3.40369e-08)
(-10 -9.69476e-07 2.29227e-08)
(-10 -1.34524e-06 1.58054e-08)
(-10 -1.75624e-06 1.07215e-08)
(-10 -2.21635e-06 1.07812e-08)
(-10 -2.72151e-06 7.89014e-09)
(-10 -3.29201e-06 5.01739e-09)
(-10 -3.91928e-06 1.56203e-08)
(-10 -4.59716e-06 2.41195e-08)
(-10 1.86874e-07 5.44778e-10)
(-10 6.99145e-07 7.48621e-08)
(-10 5.89036e-07 7.68331e-08)
(-10 4.57094e-07 7.3848e-08)
(-10 3.08967e-07 7.17013e-08)
(-10 1.4864e-07 7.10995e-08)
(-10 -2.98627e-08 6.5771e-08)
(-10 -2.71385e-07 5.51914e-08)
(-10 -5.68745e-07 4.24462e-08)
(-10 -9.35745e-07 3.16303e-08)
(-10 -1.34937e-06 2.42536e-08)
(-10 -1.81064e-06 2.06214e-08)
(-10 -2.32258e-06 1.64296e-08)
(-10 -2.87834e-06 1.09047e-08)
(-10 -3.49851e-06 7.05516e-09)
(-10 -4.18458e-06 2.022e-09)
(-10 -4.92048e-06 1.43258e-08)
(-10 2.18557e-07 1.80735e-09)
(-10 7.91723e-07 9.47457e-08)
(-10 7.04121e-07 1.13027e-07)
(-10 5.85232e-07 9.85822e-08)
(-10 4.4093e-07 8.83777e-08)
(-10 2.9403e-07 8.5285e-08)
(-10 1.02844e-07 7.61433e-08)
(-10 -1.43499e-07 6.15167e-08)
(-10 -4.83184e-07 4.71593e-08)
(-10 -8.88741e-07 4.45508e-08)
(-10 -1.35714e-06 4.02937e-08)
(-10 -1.87993e-06 3.48454e-08)
(-10 -2.40506e-06 1.97102e-08)
(-10 -3.03324e-06 1.08859e-08)
(-10 -3.725e-06 1.47594e-09)
(-10 -4.48253e-06 1.12724e-08)
(-10 -5.29533e-06 3.12464e-08)
(-10 2.5654e-07 4.21202e-09)
(-10 8.69607e-07 1.40745e-07)
(-10 6.60432e-07 1.35881e-07)
(-10 5.88487e-07 1.31215e-07)
(-10 4.52403e-07 1.23167e-07)
(-10 3.19548e-07 1.17555e-07)
(-10 1.26362e-07 1.03734e-07)
(-10 -1.36242e-07 8.3072e-08)
(-10 -4.91988e-07 7.94297e-08)
(-10 -9.24584e-07 9.28965e-08)
(-10 -1.41615e-06 5.20713e-08)
(-10 -1.93461e-06 4.06078e-08)
(-10 -2.59596e-06 4.56239e-08)
(-10 -3.22395e-06 4.59743e-10)
(-10 -3.97153e-06 1.85403e-09)
(-10 -4.76076e-06 2.60164e-08)
(-10 -5.68845e-06 2.52623e-08)
(-10 3.07281e-07 2.42588e-09)
(-10 6.16097e-07 1.20006e-07)
(-10 5.30735e-07 1.21673e-07)
(-10 4.1511e-07 1.10227e-07)
(-10 3.1172e-07 1.0747e-07)
(-10 1.69789e-07 9.00789e-08)
(-10 -2.00476e-08 6.25253e-08)
(-10 -2.96383e-07 5.04044e-08)
(-10 -6.43391e-07 3.24509e-08)
(-10 -1.08372e-06 1.32286e-08)
(-10 -1.60155e-06 2.73561e-08)
(-10 -2.20632e-06 -9.15976e-09)
(-10 -2.69232e-06 -4.71684e-08)
(-10 -3.43779e-06 -5.23823e-10)
(-10 -4.2163e-06 1.20438e-08)
(-10 -5.16152e-06 2.78287e-08)
(-10 -6.1546e-06 6.86543e-08)
(-10 3.51011e-07 -3.37643e-09)
(-10 7.40187e-07 1.93626e-07)
(-10 6.7254e-07 1.72626e-07)
(-10 5.54956e-07 1.6965e-07)
(-10 4.31329e-07 1.54722e-07)
(-10 2.59761e-07 1.23377e-07)
(-10 3.84179e-08 1.0482e-07)
(-10 -2.56274e-07 1.02452e-07)
(-10 -6.26563e-07 4.96355e-08)
(-10 -1.09764e-06 9.38341e-08)
(-10 -1.60678e-06 -6.2869e-08)
(-10 -2.11861e-06 -6.90492e-08)
(-10 5.28789e-08 5.29589e-08)
(-10 5.21436e-08 4.61837e-08)
(-10 4.51144e-08 3.78161e-08)
(-10 3.73012e-08 3.07687e-08)
(-10 2.9499e-08 2.68846e-08)
(-10 2.13916e-08 2.4972e-08)
(-10 1.27405e-08 2.37718e-08)
(-10 3.34941e-09 2.28119e-08)
(-10 -6.89695e-09 2.2531e-08)
(-10 -1.83e-08 2.18034e-08)
(-10 -3.1039e-08 2.00762e-08)
(-10 -4.52335e-08 1.77665e-08)
(-10 -6.18805e-08 1.52177e-08)
(-10 -8.18485e-08 1.2875e-08)
(-10 -1.01329e-07 1.1382e-08)
(-10 -1.25954e-07 1.10017e-08)
(-10 1.05529e-08 3.65667e-09)
(-10 1.19948e-07 5.0716e-08)
(-10 1.04363e-07 4.26401e-08)
(-10 8.46761e-08 3.62485e-08)
(-10 6.2869e-08 3.0553e-08)
(-10 4.00646e-08 2.74288e-08)
(-10 1.59644e-08 2.60375e-08)
(-10 -1.00068e-08 2.52171e-08)
(-10 -3.82458e-08 2.47641e-08)
(-10 -6.92142e-08 2.45172e-08)
(-10 -1.03554e-07 2.36449e-08)
(-10 -1.41973e-07 2.1998e-08)
(-10 -1.85215e-07 1.97703e-08)
(-10 -2.34239e-07 1.72402e-08)
(-10 -2.90438e-07 1.40685e-08)
(-10 -3.56269e-07 1.28017e-08)
(-10 -4.3293e-07 1.05157e-08)
(-10 3.50881e-08 3.32159e-09)
(-10 2.22427e-07 4.93502e-08)
(-10 1.94022e-07 3.96759e-08)
(-10 1.63323e-07 3.35054e-08)
(-10 1.2803e-07 2.85386e-08)
(-10 8.97244e-08 2.55548e-08)
(-10 4.89214e-08 2.42469e-08)
(-10 4.74693e-09 2.34862e-08)
(-10 -4.34294e-08 2.29941e-08)
(-10 -9.63864e-08 2.27353e-08)
(-10 -1.55096e-07 2.19366e-08)
(-10 -2.20756e-07 2.04389e-08)
(-10 -2.94625e-07 1.83076e-08)
(-10 -3.78551e-07 1.60052e-08)
(-10 -4.75524e-07 1.3377e-08)
(-10 -5.85096e-07 9.11559e-09)
(-10 -7.10615e-07 9.7627e-09)
(-10 5.45578e-08 3.82113e-09)
(-10 3.13818e-07 4.67268e-08)
(-10 2.68127e-07 4.02818e-08)
(-10 2.26038e-07 3.3785e-08)
(-10 1.77464e-07 2.89067e-08)
(-10 1.24506e-07 2.60976e-08)
(-10 6.73876e-08 2.46993e-08)
(-10 5.61118e-09 2.3898e-08)
(-10 -6.17451e-08 2.3666e-08)
(-10 -1.35811e-07 2.33057e-08)
(-10 -2.17915e-07 2.24037e-08)
(-10 -3.09667e-07 2.07626e-08)
(-10 -4.12979e-07 1.86686e-08)
(-10 -5.29964e-07 1.62575e-08)
(-10 -6.62995e-07 1.2946e-08)
(-10 -8.1784e-07 1.30861e-08)
(-10 -9.97982e-07 9.63168e-09)
(-10 7.61104e-08 3.07472e-09)
(-10 3.94474e-07 4.46047e-08)
(-10 3.40777e-07 3.58132e-08)
(-10 2.8639e-07 3.03361e-08)
(-10 2.24383e-07 2.59722e-08)
(-10 1.5677e-07 2.34669e-08)
(-10 8.3845e-08 2.22886e-08)
(-10 4.8551e-09 2.15981e-08)
(-10 -8.13431e-08 2.11189e-08)
(-10 -1.75954e-07 2.0752e-08)
(-10 -2.80752e-07 1.98837e-08)
(-10 -3.9777e-07 1.85516e-08)
(-10 -5.29319e-07 1.65461e-08)
(-10 -6.78415e-07 1.4421e-08)
(-10 -8.48959e-07 1.20725e-08)
(-10 -1.04308e-06 7.21045e-09)
(-10 -1.26747e-06 9.71417e-09)
(-10 9.35184e-08 3.60067e-09)
(-10 4.76646e-07 3.95628e-08)
(-10 4.09678e-07 3.48789e-08)
(-10 3.43197e-07 2.92102e-08)
(-10 2.68036e-07 2.50079e-08)
(-10 1.862e-07 2.26689e-08)
(-10 9.79469e-08 2.16196e-08)
(-10 2.43893e-09 2.10201e-08)
(-10 -1.01723e-07 2.09713e-08)
(-10 -2.16113e-07 2.05974e-08)
(-10 -3.42524e-07 1.97625e-08)
(-10 -4.83534e-07 1.82951e-08)
(-10 -6.42029e-07 1.64992e-08)
(-10 -8.21224e-07 1.43971e-08)
(-10 -1.02454e-06 1.11912e-08)
(-10 -1.25949e-06 1.27966e-08)
(-10 -1.53175e-06 8.69744e-09)
(-10 1.12015e-07 2.52622e-09)
(-10 5.49502e-07 3.78003e-08)
(-10 4.74978e-07 2.96729e-08)
(-10 3.96283e-07 2.53012e-08)
(-10 3.08085e-07 2.17601e-08)
(-10 2.12343e-07 1.97698e-08)
(-10 1.09277e-07 1.89156e-08)
(-10 -2.10071e-09 1.84453e-08)
(-10 -1.23353e-07 1.80272e-08)
(-10 -2.56455e-07 1.76363e-08)
(-10 -4.03473e-07 1.68034e-08)
(-10 -5.67176e-07 1.56813e-08)
(-10 -7.50924e-07 1.40791e-08)
(-10 -9.58644e-07 1.22331e-08)
(-10 -1.19512e-06 1.0361e-08)
(-10 -1.46449e-06 5.49788e-09)
(-10 -1.77647e-06 8.37776e-09)
(-10 1.26261e-07 3.25496e-09)
(-10 6.21879e-07 3.16031e-08)
(-10 5.34673e-07 2.77094e-08)
(-10 4.43983e-07 2.29816e-08)
(-10 3.43098e-07 1.96838e-08)
(-10 2.34028e-07 1.7935e-08)
(-10 1.16906e-07 1.72447e-08)
(-10 -9.39735e-09 1.69144e-08)
(-10 -1.4669e-07 1.69548e-08)
(-10 -2.97176e-07 1.66716e-08)
(-10 -4.6327e-07 1.60141e-08)
(-10 -6.47972e-07 1.50318e-08)
(-10 -8.55146e-07 1.36555e-08)
(-10 -1.08893e-06 1.19817e-08)
(-10 -1.35375e-06 9.05242e-09)
(-10 -1.65793e-06 1.20756e-08)
(-10 -2.00934e-06 7.65273e-09)
(-10 1.40325e-07 1.808e-09)
(-10 6.85572e-07 3.00938e-08)
(-10 5.88773e-07 2.21542e-08)
(-10 4.86063e-07 1.88641e-08)
(-10 3.72744e-07 1.63039e-08)
(-10 2.50879e-07 1.4944e-08)
(-10 1.20453e-07 1.44343e-08)
(-10 -1.98242e-08 1.42162e-08)
(-10 -1.7196e-07 1.38869e-08)
(-10 -3.38526e-07 1.34439e-08)
(-10 -5.22049e-07 1.2844e-08)
(-10 -7.26033e-07 1.20122e-08)
(-10 -9.54571e-07 1.10123e-08)
(-10 -1.21242e-06 9.65692e-09)
(-10 -1.50508e-06 8.35505e-09)
(-10 -1.83815e-06 3.78665e-09)
(-10 -2.22274e-06 6.71571e-09)
(-10 1.5049e-07 2.76529e-09)
(-10 7.45233e-07 2.23021e-08)
(-10 6.35777e-07 1.92561e-08)
(-10 5.20981e-07 1.55927e-08)
(-10 3.95716e-07 1.32196e-08)
(-10 2.61756e-07 1.2116e-08)
(-10 1.18976e-07 1.18251e-08)
(-10 -3.40869e-08 1.17989e-08)
(-10 -1.99769e-07 1.17592e-08)
(-10 -3.80649e-07 1.17269e-08)
(-10 -5.79713e-07 1.14422e-08)
(-10 -8.01001e-07 1.0981e-08)
(-10 -1.04894e-06 1.0143e-08)
(-10 -1.3284e-06 8.98602e-09)
(-10 -1.64455e-06 6.39316e-09)
(-10 -2.00584e-06 1.10422e-08)
(-10 -2.42115e-06 6.59691e-09)
(-10 1.59741e-07 1.0698e-09)
(-10 7.97675e-07 2.0772e-08)
(-10 6.74606e-07 1.31091e-08)
(-10 5.48712e-07 1.12597e-08)
(-10 4.12171e-07 9.71792e-09)
(-10 2.66918e-07 9.04239e-09)
(-10 1.12776e-07 8.95704e-09)
(-10 -5.19777e-08 9.03742e-09)
(-10 -2.2957e-07 9.05263e-09)
(-10 -4.23005e-07 8.86763e-09)
(-10 -6.36038e-07 8.44135e-09)
(-10 -8.72801e-07 7.90647e-09)
(-10 -1.13812e-06 7.38387e-09)
(-10 -1.43726e-06 6.74062e-09)
(-10 -1.77618e-06 6.13555e-09)
(-10 -2.16092e-06 2.28075e-09)
(-10 -2.60177e-06 5.22678e-09)
(-10 1.65577e-07 2.11839e-09)
(-10 8.42015e-07 1.11191e-08)
(-10 7.0566e-07 9.48378e-09)
(-10 5.6865e-07 6.99457e-09)
(-10 4.21477e-07 5.74517e-09)
(-10 2.65888e-07 5.4679e-09)
(-10 1.01459e-07 5.7147e-09)
(-10 -7.3109e-08 6.15266e-09)
(-10 -2.6097e-07 6.52877e-09)
(-10 -4.65614e-07 6.69055e-09)
(-10 -6.9087e-07 6.59935e-09)
(-10 -9.41367e-07 6.43226e-09)
(-10 -1.22237e-06 6.23578e-09)
(-10 -1.53927e-06 5.18277e-09)
(-10 -1.89766e-06 4.23078e-09)
(-10 -2.30543e-06 9.89898e-09)
(-10 -2.77024e-06 5.78721e-09)
(-10 1.70979e-07 5.22074e-10)
(-10 8.79178e-07 9.64195e-09)
(-10 7.28185e-07 3.11153e-09)
(-10 5.81652e-07 2.8212e-09)
(-10 4.25165e-07 2.65889e-09)
(-10 2.6048e-07 2.98038e-09)
(-10 8.78406e-08 3.59791e-09)
(-10 -9.53255e-08 4.23129e-09)
(-10 -2.9241e-07 4.7042e-09)
(-10 -5.06948e-07 4.91184e-09)
(-10 -7.43251e-07 4.79393e-09)
(-10 -1.00647e-06 4.40585e-09)
(-10 -1.30217e-06 3.88883e-09)
(-10 -1.63578e-06 4.02648e-09)
(-10 -2.01349e-06 4.14804e-09)
(-10 -2.44092e-06 1.66306e-09)
(-10 -2.92378e-06 3.6388e-09)
(-10 1.73135e-07 1.37065e-09)
(-10 9.02983e-07 -1.25746e-09)
(-10 7.43677e-07 -5.78118e-10)
(-10 5.88362e-07 -1.23894e-09)
(-10 4.23985e-07 -8.32268e-10)
(-10 2.52385e-07 1.63721e-10)
(-10 7.3096e-08 1.32508e-09)
(-10 -1.17449e-07 2.40979e-09)
(-10 -3.22554e-07 3.25698e-09)
(-10 -5.46067e-07 3.57501e-09)
(-10 -7.92757e-07 3.72748e-09)
(-10 -1.06829e-06 3.6754e-09)
(-10 -1.37776e-06 3.61402e-09)
(-10 -1.72741e-06 3.06717e-09)
(-10 -2.12331e-06 3.06206e-09)
(-10 -2.57234e-06 5.00472e-09)
(-10 -3.07681e-06 5.49656e-09)
(-10 1.7701e-07 -2.33631e-10)
(-10 9.21087e-07 -1.07565e-09)
(-10 7.5253e-07 -5.34515e-09)
(-10 5.91844e-07 -3.34471e-09)
(-10 4.2241e-07 -1.52607e-09)
(-10 2.46839e-07 2.62591e-10)
(-10 6.23231e-08 1.80306e-09)
(-10 -1.34405e-07 3.00586e-09)
(-10 -3.46877e-07 3.68221e-09)
(-10 -5.7944e-07 3.29987e-09)
(-10 -8.37195e-07 3.10884e-09)
(-10 -1.12462e-06 2.78716e-09)
(-10 -1.4525e-06 3.11925e-09)
(-10 -1.81811e-06 2.65776e-09)
(-10 -2.23252e-06 3.09433e-09)
(-10 -2.70138e-06 -1.42393e-09)
(-10 -3.22456e-06 4.74718e-09)
(-10 1.749e-07 7.16594e-10)
(-10 9.23862e-07 -9.7918e-09)
(-10 7.57249e-07 -6.025e-09)
(-10 5.93438e-07 -4.11435e-09)
(-10 4.22487e-07 -1.5572e-09)
(-10 2.44885e-07 9.49494e-10)
(-10 5.69625e-08 2.93442e-09)
(-10 -1.44799e-07 4.33271e-09)
(-10 -3.64487e-07 5.08607e-09)
(-10 -6.07118e-07 4.4644e-09)
(-10 -8.74924e-07 3.70357e-09)
(-10 -1.18452e-06 3.39414e-09)
(-10 -1.52336e-06 2.78674e-09)
(-10 -1.90793e-06 2.2388e-09)
(-10 -2.34373e-06 2.31469e-09)
(-10 -2.83615e-06 1.00927e-08)
(-10 -3.38034e-06 6.64163e-09)
(-10 1.7351e-07 -8.32331e-10)
(-10 9.21979e-07 -4.61511e-09)
(-10 7.63828e-07 -4.83421e-09)
(-10 6.00373e-07 -4.43793e-10)
(-10 4.31427e-07 3.30462e-09)
(-10 2.54427e-07 6.3592e-09)
(-10 6.51855e-08 8.26915e-09)
(-10 -1.40824e-07 9.44019e-09)
(-10 -3.68416e-07 9.27765e-09)
(-10 -6.22016e-07 7.51382e-09)
(-10 -9.14504e-07 6.48074e-09)
(-10 -1.23434e-06 4.96958e-09)
(-10 -1.59381e-06 3.47562e-09)
(-10 -2.00072e-06 3.6998e-09)
(-10 -2.46366e-06 4.1757e-09)
(-10 -2.98102e-06 -1.28565e-09)
(-10 -3.54993e-06 7.03494e-09)
(-10 1.75234e-07 7.30587e-10)
(-10 9.21122e-07 -3.29262e-09)
(-10 7.77526e-07 3.81966e-09)
(-10 6.18286e-07 7.4994e-09)
(-10 4.53943e-07 1.13214e-08)
(-10 2.7989e-07 1.45e-08)
(-10 9.20857e-08 1.62365e-08)
(-10 -1.17071e-07 1.67882e-08)
(-10 -3.52842e-07 1.58569e-08)
(-10 -6.30353e-07 1.34322e-08)
(-10 -9.38046e-07 1.11876e-08)
(-10 -1.27966e-06 8.80891e-09)
(-10 -1.66614e-06 7.68673e-09)
(-10 -2.1e-06 5.82759e-09)
(-10 -2.59389e-06 5.00495e-09)
(-10 -3.14578e-06 1.30638e-08)
(-10 -3.74609e-06 9.03334e-09)
(-10 1.82532e-07 -4.24914e-10)
(-10 9.38958e-07 1.23973e-08)
(-10 8.04819e-07 1.46588e-08)
(-10 6.53545e-07 1.91468e-08)
(-10 4.96445e-07 2.30933e-08)
(-10 3.30385e-07 2.52885e-08)
(-10 1.45823e-07 2.66663e-08)
(-10 -7.25463e-08 2.38618e-08)
(-10 -3.23146e-07 2.31677e-08)
(-10 -6.15755e-07 2.01794e-08)
(-10 -9.47551e-07 1.69587e-08)
(-10 -1.32075e-06 1.41371e-08)
(-10 -1.73787e-06 1.11874e-08)
(-10 -2.20804e-06 9.64743e-09)
(-10 -2.74211e-06 7.67747e-09)
(-10 -3.33096e-06 -2.45286e-10)
(-10 -3.97057e-06 9.91647e-09)
(-10 1.98023e-07 2.17478e-09)
(-10 9.93243e-07 3.08962e-08)
(-10 8.73963e-07 3.25177e-08)
(-10 7.29994e-07 3.53963e-08)
(-10 5.82902e-07 3.75621e-08)
(-10 4.17645e-07 3.70258e-08)
(-10 2.37313e-07 3.87062e-08)
(-10 1.61778e-08 3.73177e-08)
(-10 -2.4784e-07 3.40106e-08)
(-10 -5.69894e-07 3.06134e-08)
(-10 -9.33517e-07 2.72676e-08)
(-10 -1.34764e-06 2.39275e-08)
(-10 -1.80532e-06 1.99743e-08)
(-10 -2.32488e-06 1.35115e-08)
(-10 -2.9038e-06 8.29801e-09)
(-10 -3.54267e-06 1.58005e-08)
(-10 -4.23303e-06 1.37216e-08)
(-10 2.22994e-07 1.72012e-09)
(-10 1.07264e-06 4.4709e-08)
(-10 9.85393e-07 5.17802e-08)
(-10 8.51912e-07 4.92568e-08)
(-10 7.09822e-07 4.85054e-08)
(-10 5.59054e-07 5.00982e-08)
(-10 3.80725e-07 4.85507e-08)
(-10 1.5227e-07 4.54683e-08)
(-10 -1.39151e-07 4.21856e-08)
(-10 -4.92777e-07 3.96156e-08)
(-10 -8.98037e-07 3.66584e-08)
(-10 -1.35798e-06 3.24192e-08)
(-10 -1.87267e-06 2.31423e-08)
(-10 -2.44488e-06 1.40692e-08)
(-10 -3.08341e-06 9.4161e-09)
(-10 -3.78558e-06 3.39136e-09)
(-10 -4.52811e-06 1.21436e-08)
(-10 2.5652e-07 5.31517e-09)
(-10 1.24148e-06 4.91365e-08)
(-10 1.08868e-06 6.74017e-08)
(-10 9.85344e-07 6.24358e-08)
(-10 8.5057e-07 5.83446e-08)
(-10 7.20116e-07 5.90324e-08)
(-10 5.32944e-07 5.70524e-08)
(-10 2.99066e-07 5.2897e-08)
(-10 -2.23663e-08 4.9813e-08)
(-10 -4.1398e-07 5.06608e-08)
(-10 -8.66665e-07 4.90626e-08)
(-10 -1.38127e-06 4.30637e-08)
(-10 -1.95782e-06 3.58288e-08)
(-10 -2.59473e-06 2.49431e-08)
(-10 -3.29983e-06 2.18406e-08)
(-10 -4.01595e-06 1.18556e-08)
(-10 -4.86122e-06 2.27617e-08)
(-10 2.96983e-07 3.89966e-09)
(-10 1.21073e-06 8.92944e-08)
(-10 1.04296e-06 5.77825e-08)
(-10 9.74446e-07 6.12682e-08)
(-10 8.52231e-07 6.24853e-08)
(-10 7.22287e-07 6.0634e-08)
(-10 5.52921e-07 5.65069e-08)
(-10 2.96633e-07 5.08973e-08)
(-10 -3.86084e-08 5.34589e-08)
(-10 -4.51478e-07 5.55874e-08)
(-10 -9.31371e-07 5.93178e-08)
(-10 -1.47936e-06 4.50218e-08)
(-10 -2.09351e-06 6.10886e-09)
(-10 -2.79527e-06 1.83569e-08)
(-10 -3.45977e-06 -1.10119e-09)
(-10 -4.34532e-06 2.63226e-08)
(-10 -5.19563e-06 2.11071e-08)
(-10 3.42505e-07 6.48553e-09)
(-10 1.07987e-06 2.5416e-08)
(-10 9.98035e-07 6.55811e-08)
(-10 9.0824e-07 5.06885e-08)
(-10 8.0741e-07 5.08596e-08)
(-10 6.60974e-07 4.48453e-08)
(-10 4.81069e-07 3.43281e-08)
(-10 2.18306e-07 3.41567e-08)
(-10 -1.36629e-07 3.33688e-08)
(-10 -5.707e-07 4.03311e-08)
(-10 -1.04598e-06 1.40266e-08)
(-10 -1.62033e-06 7.36858e-09)
(-10 -2.31455e-06 2.70958e-08)
(-10 -2.93634e-06 1.5125e-09)
(-10 -3.82377e-06 3.1175e-08)
(-10 -4.54334e-06 -1.63357e-09)
(-10 -5.63834e-06 2.94017e-08)
(-10 3.9556e-07 -2.6003e-09)
(-10 1.29083e-06 1.43713e-07)
(-10 1.21378e-06 1.05539e-07)
(-10 1.11681e-06 1.07119e-07)
(-10 1.00357e-06 1.0184e-07)
(-10 8.43691e-07 8.897e-08)
(-10 6.27436e-07 7.5494e-08)
(-10 3.40632e-07 5.78512e-08)
(-10 -2.338e-08 5.53911e-08)
(-10 -4.64256e-07 4.46793e-08)
(-10 -9.98912e-07 7.05237e-08)
(-10 -1.60062e-06 6.7137e-08)
(-10 -2.30781e-06 -6.96779e-08)
(-10 -3.15075e-06 1.36557e-09)
(-10 -3.82976e-06 -1.17498e-08)
(-10 2.46064e-06 1.46649e-07)
(-10 2.52272e-06 4.98851e-08)
(-10 2.55481e-06 2.68849e-08)
(-10 2.49659e-06 7.67393e-08)
(-10 2.40986e-06 4.21751e-08)
(-10 2.31461e-06 3.03169e-08)
(-10 2.30228e-06 3.95491e-08)
(-10 2.30273e-06 3.99254e-08)
(-10 2.32022e-06 4.55246e-08)
(-10 2.30233e-06 3.31938e-08)
(-10 2.2928e-06 3.9958e-08)
(-10 2.28066e-06 7.04538e-08)
(-10 2.30195e-06 5.84939e-08)
(-10 2.34709e-06 1.04397e-07)
(-10 1.83937e-06 3.3115e-07)
(-10 2.16283e-06 3.39419e-07)
(-10 2.50863e-06 1.86448e-07)
(-10 2.65055e-06 1.19346e-07)
(-10 2.65555e-06 9.26129e-08)
(-10 2.6182e-06 9.08419e-08)
(-10 2.42797e-06 4.74073e-08)
(-10 2.16703e-06 7.59248e-08)
(-10 2.06808e-06 9.74009e-08)
(-10 2.0934e-06 8.44517e-08)
(-10 2.19747e-06 6.20803e-08)
(-10 2.25617e-06 4.5174e-08)
(-10 2.27398e-06 3.60058e-08)
(-10 2.31889e-06 4.00033e-08)
(-10 2.34536e-06 2.16875e-08)
(-10 2.38944e-06 8.02387e-08)
(-10 2.44168e-06 5.5902e-08)
(-10 2.21326e-06 3.40888e-07)
(-10 2.493e-06 3.31245e-07)
(-10 2.69239e-06 2.21798e-07)
(-10 2.80784e-06 1.12412e-07)
(-10 2.81999e-06 6.40938e-08)
(-10 2.6778e-06 3.99251e-08)
(-10 2.389e-06 1.27713e-07)
(-10 2.16373e-06 1.78544e-07)
(-10 2.01157e-06 1.86891e-07)
(-10 1.94175e-06 1.55335e-07)
(-10 2.00922e-06 1.01925e-07)
(-10 2.09808e-06 7.35964e-08)
(-10 2.18037e-06 5.23022e-08)
(-10 2.21749e-06 3.37852e-08)
(-10 2.25544e-06 5.87108e-08)
(-10 2.31246e-06 2.07771e-08)
(-10 2.34541e-06 9.51539e-08)
(-10 2.49933e-06 3.48811e-07)
(-10 2.73347e-06 3.44126e-07)
(-10 2.91848e-06 2.1582e-07)
(-10 3.00627e-06 1.33301e-07)
(-10 2.9751e-06 9.61846e-08)
(-10 2.77474e-06 9.35687e-08)
(-10 2.56164e-06 6.66328e-08)
(-10 2.42375e-06 1.00167e-07)
(-10 2.24948e-06 1.31497e-07)
(-10 2.05955e-06 1.61752e-07)
(-10 1.91277e-06 1.48412e-07)
(-10 1.94686e-06 9.03043e-08)
(-10 2.03696e-06 6.37161e-08)
(-10 2.09862e-06 5.15342e-08)
(-10 2.15271e-06 1.75679e-08)
(-10 2.19741e-06 7.94282e-08)
(-10 2.23541e-06 3.6358e-08)
(-10 2.80912e-06 3.59034e-07)
(-10 3.00105e-06 3.59206e-07)
(-10 3.17577e-06 2.62713e-07)
(-10 3.24005e-06 1.70467e-07)
(-10 3.10727e-06 1.01207e-07)
(-10 2.97765e-06 6.53408e-08)
(-10 2.884e-06 8.4573e-08)
(-10 2.72329e-06 6.64876e-08)
(-10 2.55398e-06 5.31379e-08)
(-10 2.36582e-06 8.09693e-08)
(-10 2.12447e-06 1.30494e-07)
(-10 1.94908e-06 1.36823e-07)
(-10 1.95651e-06 7.60975e-08)
(-10 2.02131e-06 4.83741e-08)
(-10 2.04231e-06 7.08953e-08)
(-10 2.08826e-06 1.73289e-08)
(-10 2.13168e-06 9.69528e-08)
(-10 3.07918e-06 3.81126e-07)
(-10 3.23318e-06 3.98903e-07)
(-10 3.42026e-06 2.66938e-07)
(-10 3.51946e-06 1.85754e-07)
(-10 3.38998e-06 1.38467e-07)
(-10 3.25461e-06 9.77233e-08)
(-10 3.18867e-06 2.38096e-08)
(-10 3.03753e-06 2.18172e-08)
(-10 2.8813e-06 3.99328e-08)
(-10 2.71517e-06 4.36258e-08)
(-10 2.5246e-06 6.49037e-08)
(-10 2.293e-06 7.36354e-08)
(-10 2.05662e-06 7.28209e-08)
(-10 1.9428e-06 6.74635e-08)
(-10 1.85421e-06 3.24985e-08)
(-10 1.90964e-06 1.02233e-07)
(-10 2.00738e-06 1.53705e-08)
(-10 3.56596e-06 4.45451e-07)
(-10 3.64204e-06 4.602e-07)
(-10 3.72587e-06 3.27304e-07)
(-10 3.79731e-06 2.06253e-07)
(-10 3.73255e-06 1.22858e-07)
(-10 3.62306e-06 5.11078e-08)
(-10 3.48207e-06 5.35423e-08)
(-10 3.30387e-06 7.64034e-09)
(-10 3.13644e-06 -1.39049e-08)
(-10 3.02368e-06 1.5699e-09)
(-10 2.91955e-06 3.10283e-08)
(-10 2.72999e-06 5.05784e-08)
(-10 2.50391e-06 5.46227e-08)
(-10 2.2952e-06 5.40106e-08)
(-10 2.11173e-06 1.34396e-07)
(-10 1.99148e-06 4.32265e-08)
(-10 1.94954e-06 1.03001e-07)
(-10 4.12696e-06 3.879e-07)
(-10 4.37829e-06 4.28587e-07)
(-10 4.28054e-06 3.07168e-07)
(-10 4.17901e-06 2.03269e-07)
(-10 4.0168e-06 1.36511e-07)
(-10 3.90286e-06 8.45337e-08)
(-10 3.74458e-06 -1.17628e-08)
(-10 3.469e-06 -1.46034e-08)
(-10 3.27414e-06 4.4091e-09)
(-10 3.26537e-06 1.31121e-08)
(-10 3.22495e-06 2.32297e-08)
(-10 3.18015e-06 3.50459e-08)
(-10 3.07375e-06 4.92581e-08)
(-10 2.92569e-06 6.05954e-08)
(-10 2.75548e-06 2.71629e-08)
(-10 2.42254e-06 1.21609e-07)
(-10 2.10513e-06 6.27648e-09)
(-10 4.51694e-06 3.86115e-07)
(-10 4.82673e-06 4.151e-07)
(-10 4.74575e-06 3.17816e-07)
(-10 4.37534e-06 1.79929e-07)
(-10 4.1387e-06 6.47751e-08)
(-10 4.07078e-06 2.8653e-08)
(-10 3.97841e-06 3.65691e-08)
(-10 3.82749e-06 -1.05563e-10)
(-10 3.58112e-06 -1.81854e-08)
(-10 3.43298e-06 1.27346e-08)
(-10 3.45359e-06 2.97334e-08)
(-10 3.47149e-06 5.2371e-08)
(-10 3.43594e-06 3.91606e-08)
(-10 3.42324e-06 1.76832e-08)
(-10 3.24819e-06 5.07233e-08)
(-10 2.85929e-06 -2.63654e-08)
(-10 2.45967e-06 3.8283e-08)
(-10 4.90278e-06 3.81209e-07)
(-10 5.02295e-06 4.00427e-07)
(-10 4.82434e-06 2.82055e-07)
(-10 4.44925e-06 1.80303e-07)
(-10 4.21247e-06 1.20447e-07)
(-10 4.12525e-06 6.39692e-08)
(-10 4.07348e-06 -3.28003e-08)
(-10 4.11845e-06 -2.14781e-08)
(-10 4.02663e-06 2.98983e-08)
(-10 3.69615e-06 4.7407e-08)
(-10 3.57035e-06 4.9148e-08)
(-10 3.67583e-06 2.02931e-08)
(-10 3.61006e-06 4.4982e-09)
(-10 3.37748e-06 -4.6663e-08)
(-10 3.16586e-06 -4.35886e-08)
(-10 2.90621e-06 1.11555e-07)
(-10 2.64343e-06 5.40285e-10)
(-10 5.29e-06 3.70099e-07)
(-10 5.23053e-06 3.73298e-07)
(-10 4.97175e-06 2.90728e-07)
(-10 4.59774e-06 1.89083e-07)
(-10 4.31598e-06 8.66363e-08)
(-10 4.16513e-06 5.89834e-09)
(-10 4.07214e-06 2.54268e-08)
(-10 4.07086e-06 -6.54883e-09)
(-10 4.12435e-06 5.24108e-09)
(-10 4.01338e-06 1.09846e-07)
(-10 3.76579e-06 1.3213e-07)
(-10 3.58559e-06 -5.94359e-09)
(-10 3.39948e-06 -4.3903e-08)
(-10 3.10834e-06 -1.23204e-08)
(-10 2.91296e-06 3.3583e-08)
(-10 2.80313e-06 -3.13443e-08)
(-10 2.64283e-06 4.57693e-09)
(-10 5.65216e-06 3.50743e-07)
(-10 5.48977e-06 3.65796e-07)
(-10 5.07326e-06 2.38773e-07)
(-10 4.63999e-06 1.3853e-07)
(-10 4.33485e-06 9.29995e-08)
(-10 4.1257e-06 4.51798e-08)
(-10 3.98218e-06 -5.31922e-08)
(-10 3.91146e-06 -3.09374e-08)
(-10 3.88552e-06 1.49215e-08)
(-10 3.89363e-06 4.62191e-08)
(-10 3.70254e-06 4.72216e-08)
(-10 3.30594e-06 1.23776e-08)
(-10 3.08472e-06 1.13868e-08)
(-10 2.98003e-06 2.8317e-08)
(-10 2.8448e-06 -2.55066e-08)
(-10 2.72023e-06 4.75297e-08)
(-10 2.57753e-06 -2.16462e-08)
(-10 5.96883e-06 3.35407e-07)
(-10 5.70938e-06 3.47916e-07)
(-10 5.13137e-06 2.06302e-07)
(-10 4.60118e-06 1.11013e-07)
(-10 4.29786e-06 4.83225e-08)
(-10 4.02309e-06 -9.62518e-09)
(-10 3.81862e-06 1.7404e-08)
(-10 3.68477e-06 -7.54148e-09)
(-10 3.61406e-06 -2.79024e-08)
(-10 3.52768e-06 4.66594e-09)
(-10 3.37578e-06 2.2363e-08)
(-10 3.16176e-06 3.49604e-08)
(-10 2.97815e-06 2.27382e-08)
(-10 2.85403e-06 1.16579e-08)
(-10 2.73177e-06 2.94143e-08)
(-10 2.60454e-06 -6.29426e-08)
(-10 2.49874e-06 -2.1062e-08)
(-10 6.17944e-06 3.10409e-07)
(-10 5.86719e-06 3.14992e-07)
(-10 5.22952e-06 2.00029e-07)
(-10 4.60452e-06 1.07549e-07)
(-10 4.20123e-06 7.66169e-08)
(-10 3.82255e-06 4.06777e-08)
(-10 3.50471e-06 -3.91115e-08)
(-10 3.35313e-06 -2.40387e-08)
(-10 3.29787e-06 5.22722e-09)
(-10 3.19814e-06 -2.44416e-09)
(-10 3.08068e-06 5.18708e-11)
(-10 2.92939e-06 -3.03277e-09)
(-10 2.80303e-06 1.0091e-08)
(-10 2.67927e-06 1.2235e-08)
(-10 2.57166e-06 -4.2461e-08)
(-10 2.46615e-06 2.34829e-08)
(-10 2.37143e-06 -4.7542e-08)
(-10 6.26932e-06 2.82602e-07)
(-10 5.93257e-06 2.78216e-07)
(-10 5.30312e-06 2.03254e-07)
(-10 4.64759e-06 1.31483e-07)
(-10 4.09261e-06 6.13937e-08)
(-10 3.50092e-06 -2.25402e-09)
(-10 2.9231e-06 5.02933e-08)
(-10 2.85783e-06 1.14711e-08)
(-10 2.9785e-06 -3.90774e-08)
(-10 2.87857e-06 -3.53323e-08)
(-10 2.77938e-06 -1.28318e-08)
(-10 2.68716e-06 -4.29756e-09)
(-10 2.57587e-06 -4.08356e-09)
(-10 2.47761e-06 -1.77312e-08)
(-10 2.38243e-06 -2.27115e-09)
(-10 2.29422e-06 -8.88314e-08)
(-10 2.21316e-06 -5.60949e-08)
(-10 6.2163e-06 2.46495e-07)
(-10 5.87017e-06 2.4144e-07)
(-10 5.23248e-06 1.4297e-07)
(-10 4.55858e-06 9.12442e-08)
(-10 3.66744e-06 4.54385e-08)
(-10 3.24443e-06 7.15664e-08)
(-10 2.77051e-06 1.49833e-07)
(-10 2.33312e-06 8.07703e-08)
(-10 2.33053e-06 -7.74742e-08)
(-10 2.52458e-06 -4.96322e-08)
(-10 2.46925e-06 -5.05822e-08)
(-10 2.40421e-06 -3.7009e-08)
(-10 2.33713e-06 -2.6933e-08)
(-10 2.25682e-06 -2.74857e-08)
(-10 2.17643e-06 -6.64646e-08)
(-10 2.11213e-06 -1.23574e-08)
(-10 2.03566e-06 -6.39163e-08)
(-10 5.98341e-06 2.311e-07)
(-10 5.56142e-06 2.32513e-07)
(-10 4.92511e-06 1.566e-07)
(-10 4.01316e-06 5.80547e-08)
(-10 3.66935e-06 2.52132e-08)
(-10 3.16606e-06 1.98653e-08)
(-10 2.89896e-06 9.92051e-08)
(-10 2.32421e-06 1.61985e-07)
(-10 1.74101e-06 4.85738e-09)
(-10 1.87951e-06 -1.27426e-07)
(-10 2.15677e-06 -6.0408e-08)
(-10 2.15328e-06 -4.77753e-08)
(-10 2.09603e-06 -4.42951e-08)
(-10 2.03962e-06 -4.41087e-08)
(-10 1.98426e-06 -2.70455e-08)
(-10 1.92195e-06 -1.04417e-07)
(-10 1.87964e-06 -6.05895e-08)
(-10 5.59963e-06 2.14533e-07)
(-10 5.15361e-06 2.21777e-07)
(-10 4.52075e-06 1.36249e-07)
(-10 3.70286e-06 2.27669e-08)
(-10 3.41199e-06 1.91299e-08)
(-10 3.03246e-06 2.14985e-08)
(-10 2.71908e-06 -1.38862e-08)
(-10 2.42966e-06 3.92346e-08)
(-10 1.84184e-06 1.3272e-07)
(-10 1.30927e-06 1.35005e-08)
(-10 1.59e-06 -1.41041e-07)
(-10 1.90474e-06 -1.027e-07)
(-10 1.85998e-06 -6.64288e-08)
(-10 1.81184e-06 -4.91616e-08)
(-10 1.77432e-06 -8.18933e-08)
(-10 1.7348e-06 -2.48071e-08)
(-10 1.68899e-06 -7.22192e-08)
(-10 5.07506e-06 2.03946e-07)
(-10 4.72912e-06 2.26756e-07)
(-10 4.12944e-06 1.62222e-07)
(-10 3.25489e-06 -2.22124e-08)
(-10 3.03231e-06 -5.16512e-08)
(-10 2.73452e-06 -4.80824e-08)
(-10 2.45662e-06 -1.13557e-08)
(-10 2.19131e-06 -6.30986e-09)
(-10 1.91162e-06 2.55923e-08)
(-10 1.29695e-06 1.42772e-07)
(-10 1.14839e-06 -6.44078e-09)
(-10 1.5368e-06 -1.76684e-07)
(-10 1.56958e-06 -9.57921e-08)
(-10 1.56771e-06 -7.70864e-08)
(-10 1.53591e-06 -4.82396e-08)
(-10 1.4892e-06 -1.03583e-07)
(-10 1.4565e-06 -7.00793e-08)
(-10 4.41186e-06 1.88927e-07)
(-10 4.11754e-06 2.25029e-07)
(-10 3.35329e-06 7.70205e-08)
(-10 3.04642e-06 4.35964e-08)
(-10 2.62659e-06 9.65567e-10)
(-10 2.4252e-06 -1.92467e-08)
(-10 2.18968e-06 -6.19848e-08)
(-10 1.95512e-06 -4.49798e-08)
(-10 1.71896e-06 2.11969e-09)
(-10 1.47124e-06 1.07521e-07)
(-10 9.16936e-07 -1.98801e-08)
(-10 9.27185e-07 -1.89018e-07)
(-10 1.36797e-06 -1.29028e-07)
(-10 1.32727e-06 -8.4342e-08)
(-10 1.29941e-06 -8.87555e-08)
(-10 1.25486e-06 -4.36387e-08)
(-10 1.18123e-06 -5.64226e-08)
(-10 3.61318e-06 1.80141e-07)
(-10 3.37643e-06 2.24432e-07)
(-10 2.79816e-06 7.0533e-08)
(-10 2.5965e-06 7.16079e-08)
(-10 2.32181e-06 1.07939e-08)
(-10 2.06758e-06 -3.76697e-08)
(-10 1.88313e-06 -4.87419e-08)
(-10 1.68038e-06 -4.99422e-08)
(-10 1.5045e-06 -5.04803e-08)
(-10 1.33986e-06 -5.52308e-09)
(-10 7.6888e-07 7.26141e-08)
(-10 6.88535e-07 -8.16703e-08)
(-10 1.07927e-06 -2.16807e-07)
(-10 1.06437e-06 -1.13995e-07)
(-10 1.05366e-06 -6.45498e-08)
(-10 9.89313e-07 -9.01812e-08)
(-10 9.30628e-07 -4.51839e-08)
(-10 2.75146e-06 1.63991e-07)
(-10 2.55316e-06 2.11424e-07)
(-10 2.16857e-06 6.06998e-08)
(-10 2.06386e-06 4.92923e-08)
(-10 1.75319e-06 1.37146e-08)
(-10 1.66109e-06 -4.49496e-08)
(-10 1.43481e-06 -4.16427e-08)
(-10 1.39437e-06 -7.2889e-08)
(-10 1.23275e-06 -5.26525e-08)
(-10 1.06465e-06 -3.14376e-08)
(-10 8.4803e-07 7.94266e-08)
(-10 6.37063e-07 -7.43783e-08)
(-10 7.30138e-07 -2.28639e-07)
(-10 8.35012e-07 -1.11857e-07)
(-10 8.32728e-07 -9.69302e-08)
(-10 8.01302e-07 -5.26908e-08)
(-10 7.15097e-07 -4.22688e-08)
(-10 1.88853e-06 1.5562e-07)
(-10 1.77759e-06 2.32674e-07)
(-10 1.55662e-06 5.23846e-08)
(-10 1.36629e-06 3.26488e-08)
(-10 1.26318e-06 -3.83811e-08)
(-10 1.0479e-06 -7.02996e-09)
(-10 1.12508e-06 -9.5451e-08)
(-10 8.80114e-07 -5.86011e-08)
(-10 9.79453e-07 -9.25901e-08)
(-10 7.51073e-07 -2.84083e-08)
(-10 7.95282e-07 5.97719e-08)
(-10 3.34937e-07 -5.59208e-08)
(-10 2.66109e-07 -2.05209e-07)
(-10 6.15023e-07 -1.54409e-07)
(-10 6.3534e-07 -8.36365e-08)
(-10 5.42541e-07 -1.1101e-07)
(-10 5.10258e-07 -7.97688e-08)
(-10 1.1806e-06 1.49282e-07)
(-10 1.14543e-06 2.24744e-07)
(-10 9.73959e-07 4.13145e-08)
(-10 8.18009e-07 3.21745e-08)
(-10 6.2769e-07 -4.32165e-08)
(-10 5.33699e-07 -2.05555e-08)
(-10 4.79282e-07 -1.10562e-07)
(-10 3.82917e-07 -8.78709e-08)
(-10 3.90129e-07 -8.2496e-08)
(-10 3.07626e-07 -7.33011e-08)
(-10 3.41284e-07 -6.31643e-08)
(-10 -1.84112e-07 7.35517e-08)
(-10 -1.51056e-07 -1.13978e-07)
(-10 2.70359e-07 -2.20596e-07)
(-10 2.05062e-07 -1.49787e-07)
(-10 1.25411e-07 -1.08338e-07)
(-10 1.2639e-07 -9.06913e-08)
(-10 4.34765e-07 1.94361e-07)
(-10 4.28625e-07 2.51426e-07)
(-10 3.39031e-07 9.60927e-08)
(-10 2.81756e-07 4.83428e-08)
(-10 1.39788e-07 -2.66718e-08)
(-10 1.29486e-07 -8.30122e-08)
(-10 5.17894e-08 -2.64366e-08)
(-10 4.92388e-08 -1.20677e-07)
(-10 -1.95786e-08 -7.77346e-08)
(-10 -6.46465e-09 -1.26749e-07)
(-10 -8.03701e-08 -2.72095e-08)
(-10 -1.03782e-07 7.51027e-08)
(-10 -1.55417e-07 -6.14029e-08)
(-10 7.77114e-09 -2.36016e-07)
(-10 -5.56394e-08 -1.35754e-07)
(-10 -2.40593e-08 -8.7554e-08)
(-10 -4.74404e-08 -9.79252e-08)
(-10 2.53488e-06 6.96516e-08)
(-10 2.45818e-06 5.00709e-08)
(-10 2.4075e-06 6.8365e-08)
(-10 2.3869e-06 5.39346e-08)
(-10 2.36638e-06 5.11016e-08)
(-10 2.35259e-06 3.06934e-08)
(-10 2.34361e-06 3.96738e-08)
(-10 2.31705e-06 4.89519e-08)
(-10 2.29069e-06 1.13963e-07)
(-10 2.31806e-06 8.2141e-08)
(-10 2.35151e-06 2.26027e-07)
(-10 1.83158e-06 8.87673e-07)
(-10 2.10614e-06 9.30948e-07)
(-10 2.44431e-06 5.89685e-07)
(-10 2.62604e-06 3.68102e-07)
(-10 2.62633e-06 2.38524e-07)
(-10 2.60391e-06 1.53177e-07)
(-10 2.46471e-06 1.24002e-07)
(-10 2.34185e-06 1.61333e-07)
(-10 2.26848e-06 1.53088e-07)
(-10 2.23099e-06 1.26561e-07)
(-10 2.24724e-06 9.67039e-08)
(-10 2.25285e-06 8.53153e-08)
(-10 2.26123e-06 6.36403e-08)
(-10 2.26005e-06 5.31782e-08)
(-10 2.26518e-06 3.80095e-08)
(-10 2.31471e-06 1.27137e-07)
(-10 2.37462e-06 1.19494e-07)
(-10 2.18895e-06 9.10831e-07)
(-10 2.46912e-06 9.19505e-07)
(-10 2.66771e-06 5.96812e-07)
(-10 2.79081e-06 3.44377e-07)
(-10 2.76672e-06 2.00025e-07)
(-10 2.58731e-06 1.626e-07)
(-10 2.359e-06 2.36414e-07)
(-10 2.20571e-06 2.89219e-07)
(-10 2.07613e-06 3.19984e-07)
(-10 2.0502e-06 2.68394e-07)
(-10 2.09273e-06 1.82277e-07)
(-10 2.12652e-06 1.20573e-07)
(-10 2.14053e-06 9.33221e-08)
(-10 2.16475e-06 6.37876e-08)
(-10 2.19095e-06 1.08626e-07)
(-10 2.24433e-06 6.48936e-08)
(-10 2.29931e-06 1.75671e-07)
(-10 2.46432e-06 9.23071e-07)
(-10 2.70807e-06 9.19635e-07)
(-10 2.89869e-06 5.75861e-07)
(-10 2.99201e-06 3.46281e-07)
(-10 2.92243e-06 2.13957e-07)
(-10 2.68946e-06 2.24724e-07)
(-10 2.49128e-06 2.61271e-07)
(-10 2.30636e-06 3.18219e-07)
(-10 2.13418e-06 3.36121e-07)
(-10 1.99146e-06 3.18842e-07)
(-10 1.95814e-06 2.50951e-07)
(-10 1.98378e-06 1.82077e-07)
(-10 2.01318e-06 1.26178e-07)
(-10 2.04348e-06 1.09828e-07)
(-10 2.07953e-06 4.25771e-08)
(-10 2.13478e-06 1.26551e-07)
(-10 2.19101e-06 8.53317e-08)
(-10 2.77002e-06 9.53108e-07)
(-10 2.98957e-06 9.85262e-07)
(-10 3.14589e-06 6.61391e-07)
(-10 3.19514e-06 4.11269e-07)
(-10 3.03629e-06 2.57449e-07)
(-10 2.90658e-06 2.06495e-07)
(-10 2.81019e-06 1.93921e-07)
(-10 2.68144e-06 1.65275e-07)
(-10 2.50438e-06 1.72651e-07)
(-10 2.26207e-06 1.98746e-07)
(-10 2.02405e-06 2.4679e-07)
(-10 1.897e-06 2.30391e-07)
(-10 1.88793e-06 1.6405e-07)
(-10 1.93366e-06 1.03227e-07)
(-10 1.97785e-06 1.18938e-07)
(-10 2.02569e-06 5.92401e-08)
(-10 2.08378e-06 1.56554e-07)
(-10 3.09123e-06 9.93286e-07)
(-10 3.27333e-06 1.04925e-06)
(-10 3.39463e-06 7.12267e-07)
(-10 3.43989e-06 4.66106e-07)
(-10 3.30143e-06 3.0775e-07)
(-10 3.17792e-06 1.95997e-07)
(-10 3.17186e-06 9.48992e-08)
(-10 3.03914e-06 6.71509e-08)
(-10 2.86649e-06 5.54467e-08)
(-10 2.66739e-06 6.75973e-08)
(-10 2.39641e-06 1.22696e-07)
(-10 2.12188e-06 2.09253e-07)
(-10 1.95463e-06 2.02457e-07)
(-10 1.83639e-06 1.36046e-07)
(-10 1.83948e-06 8.0547e-08)
(-10 1.91574e-06 1.41623e-07)
(-10 1.9642e-06 7.47149e-08)
(-10 3.47044e-06 1.0683e-06)
(-10 3.56693e-06 1.17693e-06)
(-10 3.62219e-06 8.0827e-07)
(-10 3.70548e-06 5.1049e-07)
(-10 3.63342e-06 3.01057e-07)
(-10 3.59682e-06 1.56063e-07)
(-10 3.48306e-06 6.79269e-08)
(-10 3.33486e-06 -2.12345e-08)
(-10 3.16653e-06 -2.5955e-08)
(-10 3.02012e-06 3.90965e-09)
(-10 2.84616e-06 6.72273e-08)
(-10 2.64297e-06 8.42393e-08)
(-10 2.37898e-06 1.28443e-07)
(-10 2.13177e-06 1.52064e-07)
(-10 1.97114e-06 2.23831e-07)
(-10 1.88871e-06 1.18269e-07)
(-10 1.88242e-06 1.7602e-07)
(-10 3.9337e-06 9.6738e-07)
(-10 4.16028e-06 1.13328e-06)
(-10 4.14648e-06 8.7206e-07)
(-10 4.00788e-06 5.40015e-07)
(-10 3.90712e-06 3.09653e-07)
(-10 3.87313e-06 1.49902e-07)
(-10 3.80358e-06 1.23208e-08)
(-10 3.54006e-06 -2.47551e-08)
(-10 3.34302e-06 -3.80434e-08)
(-10 3.29834e-06 -2.20198e-08)
(-10 3.21651e-06 1.32109e-08)
(-10 3.10389e-06 7.15343e-08)
(-10 2.92357e-06 8.42494e-08)
(-10 2.77976e-06 9.98901e-08)
(-10 2.5239e-06 5.37263e-08)
(-10 2.23324e-06 1.95726e-07)
(-10 2.00818e-06 1.15294e-07)
(-10 4.36502e-06 1.01571e-06)
(-10 4.66322e-06 1.14218e-06)
(-10 4.57776e-06 8.35334e-07)
(-10 4.25741e-06 4.86248e-07)
(-10 4.08944e-06 2.36974e-07)
(-10 4.10457e-06 1.23049e-07)
(-10 4.02672e-06 2.86416e-08)
(-10 3.90799e-06 -3.61762e-08)
(-10 3.66764e-06 -1.23566e-08)
(-10 3.50095e-06 2.74711e-08)
(-10 3.46644e-06 4.70445e-08)
(-10 3.38742e-06 5.59159e-08)
(-10 3.29469e-06 6.78424e-08)
(-10 3.17013e-06 3.72724e-08)
(-10 3.0586e-06 5.88031e-08)
(-10 2.77949e-06 -4.53002e-08)
(-10 2.36705e-06 6.59646e-08)
(-10 4.73471e-06 1.01738e-06)
(-10 4.83601e-06 1.10961e-06)
(-10 4.64469e-06 7.70293e-07)
(-10 4.4075e-06 4.90125e-07)
(-10 4.24535e-06 2.79849e-07)
(-10 4.15224e-06 1.08982e-07)
(-10 4.13775e-06 -8.69168e-09)
(-10 4.18966e-06 -4.74763e-09)
(-10 4.10009e-06 9.09172e-08)
(-10 3.85352e-06 5.64171e-08)
(-10 3.68653e-06 7.59767e-10)
(-10 3.58915e-06 5.51432e-08)
(-10 3.44354e-06 3.42551e-08)
(-10 3.27696e-06 -4.39468e-08)
(-10 3.08802e-06 -1.62998e-07)
(-10 2.84405e-06 2.04507e-08)
(-10 2.5859e-06 -1.02222e-07)
(-10 5.10996e-06 9.98279e-07)
(-10 5.06272e-06 1.08872e-06)
(-10 4.74902e-06 7.48095e-07)
(-10 4.48677e-06 4.5489e-07)
(-10 4.30362e-06 2.35965e-07)
(-10 4.20491e-06 8.50368e-08)
(-10 4.12104e-06 7.16341e-09)
(-10 4.10923e-06 -3.8552e-08)
(-10 4.15258e-06 3.64477e-08)
(-10 4.03619e-06 1.62052e-07)
(-10 3.79197e-06 1.90441e-07)
(-10 3.5795e-06 5.03026e-09)
(-10 3.39826e-06 -1.44518e-08)
(-10 3.19638e-06 3.69549e-09)
(-10 2.92184e-06 5.6551e-08)
(-10 2.72658e-06 -1.11773e-07)
(-10 2.61285e-06 -1.99972e-08)
(-10 5.46382e-06 9.67801e-07)
(-10 5.29734e-06 1.04946e-06)
(-10 4.81895e-06 6.34523e-07)
(-10 4.49101e-06 3.62343e-07)
(-10 4.32593e-06 2.1294e-07)
(-10 4.14874e-06 6.4085e-08)
(-10 4.03443e-06 -3.80795e-08)
(-10 3.94643e-06 -2.53381e-08)
(-10 3.88679e-06 1.33803e-09)
(-10 3.78959e-06 5.01949e-08)
(-10 3.6051e-06 7.11815e-08)
(-10 3.402e-06 7.44051e-08)
(-10 3.20191e-06 5.91973e-08)
(-10 3.04446e-06 6.86499e-08)
(-10 2.87268e-06 -4.14666e-08)
(-10 2.7115e-06 3.68518e-08)
(-10 2.58e-06 -1.30994e-07)
(-10 5.76061e-06 9.27644e-07)
(-10 5.50497e-06 1.01622e-06)
(-10 4.93141e-06 6.20819e-07)
(-10 4.53365e-06 3.32862e-07)
(-10 4.29571e-06 1.67116e-07)
(-10 4.0735e-06 5.95897e-08)
(-10 3.87791e-06 -2.73728e-09)
(-10 3.73502e-06 -4.1695e-08)
(-10 3.62819e-06 -2.00311e-08)
(-10 3.51709e-06 3.40036e-08)
(-10 3.37989e-06 5.66762e-08)
(-10 3.19953e-06 5.20735e-08)
(-10 3.05289e-06 5.3491e-08)
(-10 2.91541e-06 4.06131e-08)
(-10 2.77856e-06 5.85728e-08)
(-10 2.6553e-06 -1.09475e-07)
(-10 2.53873e-06 -3.32989e-08)
(-10 5.95855e-06 8.71554e-07)
(-10 5.64163e-06 9.41528e-07)
(-10 5.05149e-06 5.86365e-07)
(-10 4.59491e-06 3.4025e-07)
(-10 4.22869e-06 1.87629e-07)
(-10 3.88918e-06 5.72846e-08)
(-10 3.61613e-06 -1.00748e-08)
(-10 3.44225e-06 -9.06134e-09)
(-10 3.32762e-06 -1.58183e-08)
(-10 3.22732e-06 -2.40688e-08)
(-10 3.11001e-06 -3.15e-09)
(-10 2.99044e-06 3.54647e-08)
(-10 2.86369e-06 3.83422e-08)
(-10 2.74801e-06 2.57875e-08)
(-10 2.64106e-06 -7.05176e-08)
(-10 2.54124e-06 -7.45076e-09)
(-10 2.43254e-06 -1.5247e-07)
(-10 6.0413e-06 8.03689e-07)
(-10 5.68879e-06 8.61715e-07)
(-10 5.07139e-06 5.46726e-07)
(-10 4.56618e-06 3.20403e-07)
(-10 4.08486e-06 1.70491e-07)
(-10 3.58354e-06 1.03183e-07)
(-10 3.21283e-06 1.03812e-07)
(-10 3.04539e-06 2.63243e-08)
(-10 2.96668e-06 -2.23522e-08)
(-10 2.90713e-06 -1.97927e-08)
(-10 2.83955e-06 -6.69049e-09)
(-10 2.7489e-06 -2.05177e-08)
(-10 2.65731e-06 -6.0651e-09)
(-10 2.56997e-06 -2.72178e-08)
(-10 2.47168e-06 -2.12435e-08)
(-10 2.38922e-06 -1.53143e-07)
(-10 2.29713e-06 -8.29254e-08)
(-10 5.98679e-06 7.26278e-07)
(-10 5.61714e-06 7.27293e-07)
(-10 4.98467e-06 3.96122e-07)
(-10 4.44405e-06 2.6434e-07)
(-10 3.85452e-06 1.70156e-07)
(-10 3.28001e-06 1.7514e-07)
(-10 2.84028e-06 2.87814e-07)
(-10 2.55044e-06 1.78254e-07)
(-10 2.48301e-06 -5.08269e-08)
(-10 2.52817e-06 -7.39074e-08)
(-10 2.52207e-06 -7.74125e-08)
(-10 2.47943e-06 -3.91807e-08)
(-10 2.42478e-06 -3.60465e-08)
(-10 2.3553e-06 -5.17413e-08)
(-10 2.28238e-06 -1.23026e-07)
(-10 2.20417e-06 -6.47217e-08)
(-10 2.12043e-06 -1.67231e-07)
(-10 5.76998e-06 6.74313e-07)
(-10 5.33422e-06 6.88125e-07)
(-10 4.68849e-06 3.86277e-07)
(-10 4.18886e-06 2.55047e-07)
(-10 3.60107e-06 1.61797e-07)
(-10 3.11427e-06 1.60863e-07)
(-10 2.72386e-06 1.75866e-07)
(-10 2.31798e-06 2.62941e-07)
(-10 2.06714e-06 1.16032e-07)
(-10 2.08383e-06 -8.45233e-08)
(-10 2.18881e-06 -8.89256e-08)
(-10 2.21399e-06 -9.54538e-08)
(-10 2.1884e-06 -8.47854e-08)
(-10 2.14041e-06 -8.92677e-08)
(-10 2.07689e-06 -7.56444e-08)
(-10 2.01015e-06 -1.80596e-07)
(-10 1.94633e-06 -1.04182e-07)
(-10 5.3988e-06 6.32209e-07)
(-10 4.95614e-06 7.01624e-07)
(-10 4.31832e-06 4.13743e-07)
(-10 3.77622e-06 2.14176e-07)
(-10 3.28492e-06 1.05609e-07)
(-10 2.95301e-06 3.43797e-08)
(-10 2.61468e-06 2.17552e-08)
(-10 2.286e-06 9.58531e-08)
(-10 1.94027e-06 2.12456e-07)
(-10 1.75749e-06 4.86314e-08)
(-10 1.8349e-06 -1.72744e-07)
(-10 1.92177e-06 -1.4418e-07)
(-10 1.93102e-06 -1.22163e-07)
(-10 1.90254e-06 -1.19513e-07)
(-10 1.85291e-06 -1.69722e-07)
(-10 1.80004e-06 -9.96342e-08)
(-10 1.74942e-06 -1.73325e-07)
(-10 4.89283e-06 5.96771e-07)
(-10 4.53237e-06 7.09887e-07)
(-10 3.95145e-06 4.55352e-07)
(-10 3.39291e-06 1.73976e-07)
(-10 2.96538e-06 1.76548e-08)
(-10 2.6932e-06 -2.42986e-08)
(-10 2.42632e-06 -2.79244e-08)
(-10 2.15857e-06 -2.51898e-08)
(-10 1.86424e-06 4.33825e-08)
(-10 1.55652e-06 1.72352e-07)
(-10 1.46302e-06 -1.58486e-08)
(-10 1.5886e-06 -2.50561e-07)
(-10 1.64475e-06 -1.79762e-07)
(-10 1.6382e-06 -1.59426e-07)
(-10 1.6012e-06 -1.2382e-07)
(-10 1.54808e-06 -1.88791e-07)
(-10 1.50603e-06 -1.21054e-07)
(-10 4.25677e-06 5.51371e-07)
(-10 3.95283e-06 6.90718e-07)
(-10 3.47219e-06 4.41686e-07)
(-10 3.02415e-06 1.93016e-07)
(-10 2.65415e-06 4.30947e-08)
(-10 2.39828e-06 -4.85222e-08)
(-10 2.17138e-06 -1.01656e-07)
(-10 1.93969e-06 -7.23303e-08)
(-10 1.73784e-06 -3.41789e-08)
(-10 1.42672e-06 8.33881e-08)
(-10 1.16679e-06 -4.96438e-08)
(-10 1.20329e-06 -2.44708e-07)
(-10 1.35709e-06 -2.12932e-07)
(-10 1.37504e-06 -1.78678e-07)
(-10 1.3487e-06 -1.8343e-07)
(-10 1.29334e-06 -1.2178e-07)
(-10 1.24221e-06 -1.17663e-07)
(-10 3.52042e-06 5.20635e-07)
(-10 3.27534e-06 6.72167e-07)
(-10 2.89594e-06 4.30941e-07)
(-10 2.53741e-06 2.06477e-07)
(-10 2.24768e-06 3.9541e-08)
(-10 1.9928e-06 -5.36907e-08)
(-10 1.82279e-06 -9.80103e-08)
(-10 1.69646e-06 -1.35744e-07)
(-10 1.49395e-06 -1.20376e-07)
(-10 1.29348e-06 -5.28945e-08)
(-10 1.00303e-06 8.2129e-08)
(-10 9.46926e-07 -1.0422e-07)
(-10 1.0759e-06 -3.02542e-07)
(-10 1.1111e-06 -2.11488e-07)
(-10 1.08408e-06 -1.47791e-07)
(-10 1.02869e-06 -1.55137e-07)
(-10 9.52557e-07 -7.17124e-08)
(-10 2.71352e-06 4.60102e-07)
(-10 2.53413e-06 6.16423e-07)
(-10 2.2409e-06 4.14196e-07)
(-10 1.98803e-06 1.94563e-07)
(-10 1.71834e-06 4.36696e-08)
(-10 1.55692e-06 -4.52807e-08)
(-10 1.47015e-06 -1.50524e-07)
(-10 1.31183e-06 -1.48738e-07)
(-10 1.24306e-06 -1.72748e-07)
(-10 1.06826e-06 -1.2358e-07)
(-10 8.92593e-07 1.80842e-08)
(-10 7.83338e-07 -1.22151e-07)
(-10 8.21544e-07 -3.17561e-07)
(-10 8.7258e-07 -2.1937e-07)
(-10 8.75207e-07 -1.79747e-07)
(-10 7.95016e-07 -1.24997e-07)
(-10 7.02087e-07 -9.78894e-08)
(-10 1.89024e-06 4.4578e-07)
(-10 1.78652e-06 6.27607e-07)
(-10 1.57869e-06 3.93157e-07)
(-10 1.37311e-06 1.68565e-07)
(-10 1.17874e-06 8.56029e-08)
(-10 1.12144e-06 -1.22231e-07)
(-10 9.88104e-07 -1.22193e-07)
(-10 1.02423e-06 -2.37621e-07)
(-10 9.01698e-07 -2.01384e-07)
(-10 8.32832e-07 -9.94239e-08)
(-10 7.03201e-07 -8.90753e-09)
(-10 4.82422e-07 -5.28835e-08)
(-10 5.06018e-07 -2.81474e-07)
(-10 6.30991e-07 -2.31528e-07)
(-10 6.48124e-07 -1.59809e-07)
(-10 5.52586e-07 -1.6733e-07)
(-10 5.2934e-07 -1.26641e-07)
(-10 1.19068e-06 4.33047e-07)
(-10 1.22657e-06 6.28976e-07)
(-10 9.89448e-07 4.01585e-07)
(-10 8.29519e-07 1.85516e-07)
(-10 6.35967e-07 -4.55327e-08)
(-10 5.49559e-07 -3.637e-08)
(-10 5.0423e-07 -2.65245e-07)
(-10 4.00379e-07 -1.60675e-07)
(-10 3.88758e-07 -2.87211e-07)
(-10 3.27894e-07 -8.82419e-08)
(-10 1.75692e-07 -3.02236e-08)
(-10 6.29638e-08 4.8179e-08)
(-10 -5.57e-09 -1.26034e-07)
(-10 2.16217e-07 -2.73869e-07)
(-10 1.80681e-07 -2.04013e-07)
(-10 1.92932e-07 -1.19842e-07)
(-10 1.66631e-07 -1.39045e-07)
(-10 4.39998e-07 4.99672e-07)
(-10 4.64159e-07 6.72937e-07)
(-10 3.61817e-07 4.39564e-07)
(-10 2.39075e-07 1.98744e-07)
(-10 1.92401e-07 1.15612e-07)
(-10 9.76875e-08 -1.26288e-07)
(-10 8.86689e-08 -1.25513e-07)
(-10 3.19581e-08 -2.9275e-07)
(-10 1.46822e-08 -2.17099e-07)
(-10 -1.7154e-08 -1.8625e-07)
(-10 -5.92321e-08 -6.99978e-08)
(-10 -7.70207e-08 9.3123e-08)
(-10 -1.16489e-07 -7.96781e-08)
(-10 -2.79446e-08 -3.23032e-07)
(-10 -3.60048e-08 -1.90476e-07)
(-10 -2.30957e-09 -1.6312e-07)
(-10 -6.93859e-09 -1.66273e-07)
(-10 2.52062e-06 4.48039e-08)
(-10 2.45906e-06 8.2711e-09)
(-10 2.42196e-06 3.55569e-10)
(-10 2.38304e-06 7.78696e-09)
(-10 2.3308e-06 -3.24045e-09)
(-10 2.31702e-06 -1.55414e-09)
(-10 2.26117e-06 1.57436e-08)
(-10 2.31889e-06 9.05389e-08)
(-10 2.3228e-06 1.20541e-07)
(-10 1.9123e-06 1.18745e-06)
(-10 2.17283e-06 1.25846e-06)
(-10 2.44567e-06 8.14074e-07)
(-10 2.61067e-06 5.09049e-07)
(-10 2.6584e-06 3.7242e-07)
(-10 2.64825e-06 1.99935e-07)
(-10 2.6045e-06 1.62377e-07)
(-10 2.48876e-06 1.35749e-07)
(-10 2.39e-06 9.57223e-08)
(-10 2.35001e-06 8.42853e-08)
(-10 2.31405e-06 7.22103e-08)
(-10 2.28532e-06 3.84678e-08)
(-10 2.24706e-06 1.17453e-08)
(-10 2.21332e-06 -4.09973e-09)
(-10 2.22674e-06 2.39235e-08)
(-10 2.23074e-06 4.93284e-08)
(-10 2.33199e-06 9.72375e-08)
(-10 2.21433e-06 1.21811e-06)
(-10 2.47095e-06 1.25884e-06)
(-10 2.64818e-06 8.05396e-07)
(-10 2.75312e-06 4.80465e-07)
(-10 2.73464e-06 3.13696e-07)
(-10 2.64896e-06 2.57516e-07)
(-10 2.52906e-06 2.13733e-07)
(-10 2.39556e-06 2.15409e-07)
(-10 2.28391e-06 2.24332e-07)
(-10 2.20785e-06 1.78064e-07)
(-10 2.17477e-06 1.27734e-07)
(-10 2.15883e-06 9.7954e-08)
(-10 2.14034e-06 7.10344e-08)
(-10 2.12985e-06 4.443e-08)
(-10 2.15047e-06 3.4637e-08)
(-10 2.18189e-06 6.21992e-08)
(-10 2.25678e-06 1.03624e-07)
(-10 2.49259e-06 1.23261e-06)
(-10 2.75344e-06 1.25378e-06)
(-10 2.92835e-06 7.78134e-07)
(-10 3.00772e-06 4.60927e-07)
(-10 2.927e-06 3.1104e-07)
(-10 2.73274e-06 2.76304e-07)
(-10 2.50618e-06 3.37413e-07)
(-10 2.30911e-06 3.57212e-07)
(-10 2.14802e-06 3.33776e-07)
(-10 2.02235e-06 2.84942e-07)
(-10 1.99622e-06 2.09177e-07)
(-10 2.01792e-06 1.45791e-07)
(-10 2.01826e-06 8.80305e-08)
(-10 2.02357e-06 5.26183e-08)
(-10 2.05029e-06 4.8409e-08)
(-10 2.09155e-06 5.66293e-08)
(-10 2.15119e-06 8.05749e-08)
(-10 2.81269e-06 1.25275e-06)
(-10 3.07812e-06 1.28477e-06)
(-10 3.22998e-06 8.09459e-07)
(-10 3.26621e-06 4.74674e-07)
(-10 3.08881e-06 3.14316e-07)
(-10 2.85267e-06 3.03998e-07)
(-10 2.67301e-06 3.03857e-07)
(-10 2.49686e-06 2.97669e-07)
(-10 2.30408e-06 3.1981e-07)
(-10 2.11931e-06 3.04386e-07)
(-10 1.97248e-06 2.53861e-07)
(-10 1.92778e-06 1.99771e-07)
(-10 1.93307e-06 1.57253e-07)
(-10 1.93551e-06 1.07269e-07)
(-10 1.96767e-06 7.12316e-08)
(-10 2.01046e-06 7.93452e-08)
(-10 2.0622e-06 1.00856e-07)
(-10 3.11843e-06 1.28952e-06)
(-10 3.34643e-06 1.3602e-06)
(-10 3.47124e-06 8.81439e-07)
(-10 3.48536e-06 5.5683e-07)
(-10 3.31079e-06 4.4529e-07)
(-10 3.15841e-06 2.7246e-07)
(-10 3.07848e-06 1.65462e-07)
(-10 2.91222e-06 1.08547e-07)
(-10 2.73618e-06 6.77858e-08)
(-10 2.54039e-06 1.08902e-07)
(-10 2.27906e-06 1.97366e-07)
(-10 2.02567e-06 2.48608e-07)
(-10 1.88968e-06 1.92638e-07)
(-10 1.86349e-06 1.24051e-07)
(-10 1.89808e-06 1.02869e-07)
(-10 1.93913e-06 7.83842e-08)
(-10 1.97547e-06 9.97649e-08)
(-10 3.41041e-06 1.33628e-06)
(-10 3.60128e-06 1.46432e-06)
(-10 3.74449e-06 9.97456e-07)
(-10 3.74464e-06 6.03778e-07)
(-10 3.63882e-06 3.8168e-07)
(-10 3.54986e-06 2.26986e-07)
(-10 3.45552e-06 7.4723e-08)
(-10 3.2957e-06 -3.17524e-09)
(-10 3.11193e-06 -2.67576e-09)
(-10 2.94417e-06 1.8148e-09)
(-10 2.73724e-06 4.14748e-08)
(-10 2.47343e-06 1.03764e-07)
(-10 2.20481e-06 1.77237e-07)
(-10 2.01041e-06 2.13686e-07)
(-10 1.91047e-06 1.58949e-07)
(-10 1.89636e-06 1.46354e-07)
(-10 1.92255e-06 1.22771e-07)
(-10 3.91305e-06 1.35286e-06)
(-10 4.14834e-06 1.56635e-06)
(-10 4.14114e-06 1.10995e-06)
(-10 3.99284e-06 6.51621e-07)
(-10 3.89368e-06 4.41168e-07)
(-10 3.89454e-06 1.68348e-07)
(-10 3.80616e-06 5.28123e-08)
(-10 3.54521e-06 -2.52678e-08)
(-10 3.36195e-06 -7.23301e-08)
(-10 3.28708e-06 -4.0382e-08)
(-10 3.15275e-06 8.18868e-09)
(-10 2.98473e-06 3.59249e-08)
(-10 2.79266e-06 4.33704e-08)
(-10 2.52244e-06 5.42165e-08)
(-10 2.25471e-06 1.19416e-07)
(-10 2.07032e-06 1.48084e-07)
(-10 1.92949e-06 1.39657e-07)
(-10 4.4114e-06 1.37113e-06)
(-10 4.63034e-06 1.53318e-06)
(-10 4.45322e-06 1.06246e-06)
(-10 4.20627e-06 6.07941e-07)
(-10 4.08604e-06 3.69007e-07)
(-10 4.09018e-06 1.88608e-07)
(-10 4.04442e-06 3.05429e-08)
(-10 3.94542e-06 -3.06683e-08)
(-10 3.77834e-06 1.25061e-09)
(-10 3.5175e-06 -7.51235e-09)
(-10 3.35717e-06 -7.49905e-09)
(-10 3.32078e-06 3.60555e-08)
(-10 3.16535e-06 6.26851e-08)
(-10 2.97501e-06 6.01579e-08)
(-10 2.75063e-06 -1.0526e-08)
(-10 2.46284e-06 7.33554e-09)
(-10 2.18859e-06 2.09848e-08)
(-10 4.70855e-06 1.36212e-06)
(-10 4.78504e-06 1.50263e-06)
(-10 4.56435e-06 1.00678e-06)
(-10 4.35315e-06 5.90353e-07)
(-10 4.23233e-06 4.08785e-07)
(-10 4.17077e-06 1.36407e-07)
(-10 4.13746e-06 4.20876e-08)
(-10 4.18629e-06 2.53436e-09)
(-10 4.10327e-06 4.94247e-08)
(-10 3.85667e-06 2.16856e-08)
(-10 3.68034e-06 -2.69907e-08)
(-10 3.52035e-06 3.37911e-08)
(-10 3.36245e-06 1.83015e-08)
(-10 3.19834e-06 -3.26164e-08)
(-10 2.97162e-06 -1.31079e-07)
(-10 2.73866e-06 -1.86852e-07)
(-10 2.51547e-06 -1.27146e-07)
(-10 5.06758e-06 1.35059e-06)
(-10 5.01632e-06 1.48313e-06)
(-10 4.64365e-06 9.69952e-07)
(-10 4.38218e-06 5.26892e-07)
(-10 4.28621e-06 3.16893e-07)
(-10 4.18287e-06 1.47506e-07)
(-10 4.11249e-06 2.91174e-09)
(-10 4.07616e-06 -2.83163e-08)
(-10 4.02761e-06 3.55353e-08)
(-10 3.99059e-06 4.14332e-08)
(-10 3.83745e-06 3.55855e-08)
(-10 3.57861e-06 5.36551e-08)
(-10 3.37664e-06 6.27099e-08)
(-10 3.2077e-06 6.14872e-08)
(-10 3.00817e-06 -6.89986e-08)
(-10 2.81029e-06 -1.11964e-07)
(-10 2.62914e-06 -2.1022e-07)
(-10 5.40768e-06 1.32297e-06)
(-10 5.24954e-06 1.44645e-06)
(-10 4.77247e-06 8.79899e-07)
(-10 4.45166e-06 4.51303e-07)
(-10 4.31067e-06 3.27074e-07)
(-10 4.1584e-06 8.52005e-08)
(-10 4.02314e-06 1.83781e-08)
(-10 3.91601e-06 -1.81344e-08)
(-10 3.82584e-06 -3.62476e-08)
(-10 3.73372e-06 1.72641e-08)
(-10 3.58897e-06 6.36641e-08)
(-10 3.39563e-06 6.65062e-08)
(-10 3.23056e-06 3.99361e-08)
(-10 3.08515e-06 2.60966e-08)
(-10 2.92143e-06 -9.68254e-09)
(-10 2.75814e-06 -1.04849e-07)
(-10 2.5963e-06 -1.61248e-07)
(-10 5.6904e-06 1.27908e-06)
(-10 5.44631e-06 1.40428e-06)
(-10 4.94393e-06 8.82133e-07)
(-10 4.56639e-06 4.65908e-07)
(-10 4.30322e-06 2.60235e-07)
(-10 4.06948e-06 1.17049e-07)
(-10 3.87706e-06 -5.05796e-09)
(-10 3.723e-06 -3.01019e-08)
(-10 3.59972e-06 1.11665e-08)
(-10 3.48265e-06 1.51849e-08)
(-10 3.35113e-06 2.74623e-08)
(-10 3.20956e-06 5.82032e-08)
(-10 3.07427e-06 7.57893e-08)
(-10 2.95337e-06 8.45952e-08)
(-10 2.81724e-06 -1.6513e-08)
(-10 2.67887e-06 -3.03408e-08)
(-10 2.53491e-06 -8.67025e-08)
(-10 5.87993e-06 1.21777e-06)
(-10 5.55483e-06 1.32265e-06)
(-10 4.99886e-06 7.94513e-07)
(-10 4.57862e-06 4.55029e-07)
(-10 4.22456e-06 2.74415e-07)
(-10 3.91189e-06 8.26386e-08)
(-10 3.65138e-06 4.1097e-08)
(-10 3.4595e-06 7.57137e-09)
(-10 3.32171e-06 -3.50329e-08)
(-10 3.21329e-06 -5.88689e-09)
(-10 3.10606e-06 3.11904e-08)
(-10 2.99625e-06 3.35868e-08)
(-10 2.88354e-06 5.68309e-09)
(-10 2.78668e-06 -2.03603e-08)
(-10 2.67189e-06 -2.26597e-08)
(-10 2.55651e-06 -8.96846e-08)
(-10 2.42081e-06 -1.01737e-07)
(-10 5.95291e-06 1.14742e-06)
(-10 5.53346e-06 1.20454e-06)
(-10 4.92712e-06 6.90379e-07)
(-10 4.49673e-06 4.13002e-07)
(-10 4.06965e-06 2.37188e-07)
(-10 3.65745e-06 1.53316e-07)
(-10 3.32245e-06 7.3652e-08)
(-10 3.11198e-06 3.55646e-08)
(-10 2.99527e-06 3.77767e-08)
(-10 2.91258e-06 2.70857e-09)
(-10 2.83984e-06 -1.1199e-08)
(-10 2.76244e-06 5.49928e-09)
(-10 2.6884e-06 1.77881e-08)
(-10 2.60355e-06 2.1794e-08)
(-10 2.51204e-06 -6.68545e-08)
(-10 2.40646e-06 -6.12427e-08)
(-10 2.28678e-06 -7.99952e-08)
(-10 5.90425e-06 1.06873e-06)
(-10 5.48108e-06 1.10085e-06)
(-10 4.85304e-06 5.68886e-07)
(-10 4.3694e-06 3.73899e-07)
(-10 3.83655e-06 2.33165e-07)
(-10 3.30533e-06 1.96798e-07)
(-10 2.86874e-06 2.20589e-07)
(-10 2.6559e-06 1.40451e-07)
(-10 2.58956e-06 2.56998e-08)
(-10 2.56214e-06 -5.27394e-09)
(-10 2.5388e-06 -5.3038e-09)
(-10 2.50477e-06 -2.07456e-08)
(-10 2.44745e-06 -5.83326e-08)
(-10 2.38743e-06 -8.53604e-08)
(-10 2.3129e-06 -8.33226e-08)
(-10 2.22384e-06 -1.36445e-07)
(-10 2.11779e-06 -1.18025e-07)
(-10 5.70832e-06 9.90596e-07)
(-10 5.33931e-06 1.03037e-06)
(-10 4.71506e-06 5.17423e-07)
(-10 4.14069e-06 3.33531e-07)
(-10 3.52482e-06 2.42145e-07)
(-10 2.97216e-06 2.64748e-07)
(-10 2.56157e-06 2.46318e-07)
(-10 2.26701e-06 2.39428e-07)
(-10 2.16211e-06 1.76548e-07)
(-10 2.18815e-06 3.70484e-08)
(-10 2.21822e-06 -3.34905e-08)
(-10 2.21876e-06 -4.63012e-08)
(-10 2.20352e-06 -4.36003e-08)
(-10 2.16187e-06 -3.82833e-08)
(-10 2.10387e-06 -1.16324e-07)
(-10 2.02777e-06 -9.59301e-08)
(-10 1.947e-06 -9.0273e-08)
(-10 5.35418e-06 9.07372e-07)
(-10 5.0027e-06 1.01406e-06)
(-10 4.38643e-06 5.35343e-07)
(-10 3.74742e-06 3.54215e-07)
(-10 3.14391e-06 2.01048e-07)
(-10 2.77045e-06 1.0345e-07)
(-10 2.46898e-06 1.03926e-07)
(-10 2.12922e-06 1.22122e-07)
(-10 1.85114e-06 1.2723e-07)
(-10 1.79754e-06 7.97151e-08)
(-10 1.87052e-06 -1.57788e-08)
(-10 1.92634e-06 -6.7048e-08)
(-10 1.93297e-06 -1.12148e-07)
(-10 1.90888e-06 -1.37444e-07)
(-10 1.86782e-06 -1.27701e-07)
(-10 1.81215e-06 -1.47402e-07)
(-10 1.75737e-06 -1.1585e-07)
(-10 4.84857e-06 8.52439e-07)
(-10 4.51944e-06 9.96464e-07)
(-10 3.94496e-06 5.44379e-07)
(-10 3.33841e-06 3.96016e-07)
(-10 2.87499e-06 2.05808e-07)
(-10 2.59025e-06 7.76433e-08)
(-10 2.31858e-06 1.04495e-08)
(-10 2.03517e-06 1.71496e-08)
(-10 1.73395e-06 6.9879e-08)
(-10 1.50744e-06 6.44372e-08)
(-10 1.50766e-06 -1.87626e-08)
(-10 1.59439e-06 -8.92486e-08)
(-10 1.63861e-06 -9.73782e-08)
(-10 1.64002e-06 -1.0346e-07)
(-10 1.61182e-06 -1.46843e-07)
(-10 1.56556e-06 -1.06831e-07)
(-10 1.52814e-06 -8.13939e-08)
(-10 4.20504e-06 8.11168e-07)
(-10 3.90793e-06 9.80177e-07)
(-10 3.42791e-06 5.02301e-07)
(-10 2.96221e-06 3.4357e-07)
(-10 2.57493e-06 1.37692e-07)
(-10 2.31513e-06 -7.53329e-09)
(-10 2.086e-06 -4.50393e-08)
(-10 1.87286e-06 -5.07324e-08)
(-10 1.62192e-06 -4.41585e-08)
(-10 1.35077e-06 3.09317e-08)
(-10 1.22085e-06 2.86029e-08)
(-10 1.29067e-06 -7.70388e-08)
(-10 1.34893e-06 -1.43819e-07)
(-10 1.3643e-06 -1.65367e-07)
(-10 1.34736e-06 -1.46109e-07)
(-10 1.30817e-06 -1.36795e-07)
(-10 1.27382e-06 -9.04332e-08)
(-10 3.43189e-06 7.77567e-07)
(-10 3.18455e-06 9.67876e-07)
(-10 2.84728e-06 4.96285e-07)
(-10 2.50273e-06 3.55707e-07)
(-10 2.18328e-06 1.23166e-07)
(-10 1.95992e-06 5.79566e-10)
(-10 1.7872e-06 -7.97351e-08)
(-10 1.60823e-06 -1.05651e-07)
(-10 1.43674e-06 -9.24958e-08)
(-10 1.22131e-06 -5.98129e-08)
(-10 9.94884e-07 3.78676e-10)
(-10 9.51927e-07 -3.57608e-08)
(-10 1.05075e-06 -1.24988e-07)
(-10 1.09302e-06 -1.3375e-07)
(-10 1.08307e-06 -1.45969e-07)
(-10 1.0391e-06 -9.69257e-08)
(-10 9.81863e-07 -4.92383e-08)
(-10 2.64785e-06 7.47182e-07)
(-10 2.47307e-06 9.51767e-07)
(-10 2.223e-06 5.2387e-07)
(-10 1.92873e-06 3.22391e-07)
(-10 1.70629e-06 1.19305e-07)
(-10 1.54204e-06 -2.21313e-08)
(-10 1.40581e-06 -1.0614e-07)
(-10 1.30131e-06 -1.35047e-07)
(-10 1.17908e-06 -1.71968e-07)
(-10 9.94787e-07 -1.44146e-07)
(-10 7.9525e-07 -7.54621e-08)
(-10 6.9801e-07 -7.84944e-08)
(-10 8.14259e-07 -1.50282e-07)
(-10 8.2833e-07 -1.66484e-07)
(-10 8.63414e-07 -1.39209e-07)
(-10 7.75861e-07 -1.19196e-07)
(-10 7.20371e-07 -6.13792e-08)
(-10 1.88456e-06 7.37265e-07)
(-10 1.79493e-06 9.64941e-07)
(-10 1.57636e-06 4.88576e-07)
(-10 1.34817e-06 3.52566e-07)
(-10 1.1952e-06 1.26523e-07)
(-10 1.0673e-06 -4.34927e-09)
(-10 1.02914e-06 -1.49657e-07)
(-10 9.45314e-07 -1.91828e-07)
(-10 8.68403e-07 -2.23507e-07)
(-10 7.51027e-07 -2.15017e-07)
(-10 6.26801e-07 -8.22992e-08)
(-10 5.34637e-07 -9.87228e-08)
(-10 4.66809e-07 -9.89611e-08)
(-10 6.55417e-07 -1.32333e-07)
(-10 6.00694e-07 -1.20321e-07)
(-10 5.87577e-07 -8.07872e-08)
(-10 4.77072e-07 -9.17009e-08)
(-10 1.15688e-06 7.29002e-07)
(-10 1.13313e-06 9.70077e-07)
(-10 9.43893e-07 4.8371e-07)
(-10 7.57424e-07 3.38683e-07)
(-10 6.14096e-07 1.2169e-07)
(-10 5.30301e-07 -7.93006e-08)
(-10 4.69783e-07 -1.48392e-07)
(-10 4.17485e-07 -2.67873e-07)
(-10 3.3903e-07 -3.0171e-07)
(-10 2.85626e-07 -2.68065e-07)
(-10 2.13847e-07 -1.71294e-07)
(-10 1.10201e-07 -8.58579e-09)
(-10 1.1126e-07 -5.66052e-08)
(-10 2.16011e-07 -1.14134e-07)
(-10 2.22752e-07 -9.83727e-08)
(-10 1.91561e-07 -1.27514e-07)
(-10 2.03388e-07 -8.5559e-08)
(-10 3.99201e-07 7.39531e-07)
(-10 4.34245e-07 9.62855e-07)
(-10 3.15908e-07 6.39172e-07)
(-10 2.55776e-07 3.79812e-07)
(-10 1.38948e-07 1.43971e-07)
(-10 1.28083e-07 -4.77724e-09)
(-10 6.20243e-08 -1.76341e-07)
(-10 5.84648e-08 -2.65821e-07)
(-10 5.41436e-09 -3.02192e-07)
(-10 -1.69157e-08 -2.83732e-07)
(-10 -1.96167e-08 -1.82712e-07)
(-10 -8.7432e-08 -3.3802e-08)
(-10 -2.41573e-08 -3.20224e-08)
(-10 -5.88033e-08 -1.27853e-07)
(-10 2.62823e-08 -1.43202e-07)
(-10 -2.19126e-08 -1.55352e-07)
(-10 3.29233e-08 -1.24338e-07)
(-10 2.41985e-06 -3.44825e-08)
(-10 2.34432e-06 -4.84046e-08)
(-10 2.28773e-06 -5.30129e-08)
(-10 2.30291e-06 3.01254e-09)
(-10 2.28741e-06 2.28751e-09)
(-10 2.34758e-06 6.02474e-08)
(-10 2.01471e-06 9.90974e-07)
(-10 2.27055e-06 1.03798e-06)
(-10 2.49611e-06 6.08063e-07)
(-10 2.62149e-06 3.6098e-07)
(-10 2.67826e-06 2.17896e-07)
(-10 2.68488e-06 1.47964e-07)
(-10 2.6208e-06 1.08023e-07)
(-10 2.57127e-06 6.73601e-08)
(-10 2.50108e-06 6.38928e-08)
(-10 2.43473e-06 3.98432e-08)
(-10 2.36717e-06 2.47928e-08)
(-10 2.28792e-06 -2.8387e-08)
(-10 2.25012e-06 -3.21384e-08)
(-10 2.21085e-06 -1.50274e-08)
(-10 2.18574e-06 -2.17941e-08)
(-10 2.21655e-06 1.09256e-08)
(-10 2.27939e-06 3.40167e-08)
(-10 2.24361e-06 1.01149e-06)
(-10 2.49047e-06 1.04308e-06)
(-10 2.65184e-06 6.02596e-07)
(-10 2.72661e-06 3.54999e-07)
(-10 2.74046e-06 2.21585e-07)
(-10 2.68653e-06 1.5782e-07)
(-10 2.60689e-06 1.36626e-07)
(-10 2.4971e-06 1.30395e-07)
(-10 2.40359e-06 1.09225e-07)
(-10 2.31929e-06 8.98279e-08)
(-10 2.2507e-06 6.78795e-08)
(-10 2.20045e-06 6.18187e-08)
(-10 2.15587e-06 2.13697e-08)
(-10 2.12941e-06 9.02726e-10)
(-10 2.12878e-06 1.97084e-08)
(-10 2.15488e-06 2.87301e-08)
(-10 2.22161e-06 5.44137e-08)
(-10 2.50669e-06 1.0341e-06)
(-10 2.75769e-06 1.06004e-06)
(-10 2.91134e-06 6.03754e-07)
(-10 2.95736e-06 3.54886e-07)
(-10 2.90837e-06 2.23562e-07)
(-10 2.77889e-06 1.87378e-07)
(-10 2.5983e-06 1.83731e-07)
(-10 2.44647e-06 1.70994e-07)
(-10 2.30511e-06 1.7414e-07)
(-10 2.1896e-06 1.6308e-07)
(-10 2.11778e-06 1.32659e-07)
(-10 2.07539e-06 6.6116e-08)
(-10 2.04381e-06 4.76234e-08)
(-10 2.0268e-06 4.10974e-08)
(-10 2.03144e-06 1.94679e-08)
(-10 2.06746e-06 3.40112e-08)
(-10 2.12543e-06 4.79694e-08)
(-10 2.83607e-06 1.04224e-06)
(-10 3.11903e-06 1.06429e-06)
(-10 3.25887e-06 5.96949e-07)
(-10 3.26889e-06 3.43611e-07)
(-10 3.14511e-06 2.17764e-07)
(-10 2.89434e-06 2.0531e-07)
(-10 2.63893e-06 2.33815e-07)
(-10 2.42014e-06 2.46391e-07)
(-10 2.23411e-06 2.43859e-07)
(-10 2.08466e-06 2.54721e-07)
(-10 2.01716e-06 2.12501e-07)
(-10 1.98648e-06 1.61576e-07)
(-10 1.9551e-06 1.00419e-07)
(-10 1.9473e-06 5.67811e-08)
(-10 1.96467e-06 6.1932e-08)
(-10 1.9968e-06 5.77869e-08)
(-10 2.04242e-06 7.61372e-08)
(-10 3.17553e-06 1.07582e-06)
(-10 3.46541e-06 1.12531e-06)
(-10 3.58336e-06 6.54949e-07)
(-10 3.55469e-06 4.03877e-07)
(-10 3.35075e-06 2.9272e-07)
(-10 3.11358e-06 2.14037e-07)
(-10 2.91285e-06 1.11005e-07)
(-10 2.72128e-06 5.92665e-08)
(-10 2.51796e-06 6.85858e-08)
(-10 2.31493e-06 1.48339e-07)
(-10 2.1145e-06 2.1953e-07)
(-10 1.95127e-06 1.50889e-07)
(-10 1.89816e-06 1.11099e-07)
(-10 1.90674e-06 9.84897e-08)
(-10 1.91536e-06 5.91338e-08)
(-10 1.94375e-06 6.23803e-08)
(-10 1.96941e-06 7.04605e-08)
(-10 3.51636e-06 1.12338e-06)
(-10 3.77365e-06 1.22133e-06)
(-10 3.84631e-06 7.45622e-07)
(-10 3.77628e-06 4.67478e-07)
(-10 3.59547e-06 2.8328e-07)
(-10 3.47335e-06 1.4884e-07)
(-10 3.40233e-06 6.26831e-08)
(-10 3.21831e-06 1.79439e-08)
(-10 3.02192e-06 -7.93137e-09)
(-10 2.82799e-06 1.1513e-08)
(-10 2.56173e-06 4.7303e-08)
(-10 2.28617e-06 9.92008e-08)
(-10 2.08533e-06 1.39829e-07)
(-10 1.93654e-06 1.24353e-07)
(-10 1.90404e-06 1.04139e-07)
(-10 1.92257e-06 9.60175e-08)
(-10 1.92133e-06 9.71821e-08)
(-10 3.93281e-06 1.20945e-06)
(-10 4.18192e-06 1.34578e-06)
(-10 4.1609e-06 8.04777e-07)
(-10 3.98748e-06 4.97298e-07)
(-10 3.87544e-06 2.77201e-07)
(-10 3.88558e-06 1.36568e-07)
(-10 3.78892e-06 3.34424e-08)
(-10 3.54165e-06 -3.21598e-08)
(-10 3.3509e-06 -3.80526e-08)
(-10 3.24717e-06 -2.01635e-08)
(-10 3.07266e-06 9.78141e-09)
(-10 2.89233e-06 -7.05989e-09)
(-10 2.62879e-06 3.12568e-08)
(-10 2.34805e-06 5.47217e-08)
(-10 2.13999e-06 8.13265e-08)
(-10 1.98725e-06 9.87547e-08)
(-10 1.88336e-06 7.39278e-08)
(-10 4.33283e-06 1.16908e-06)
(-10 4.52298e-06 1.2999e-06)
(-10 4.39733e-06 7.98084e-07)
(-10 4.17379e-06 4.98351e-07)
(-10 4.07228e-06 2.76639e-07)
(-10 4.09593e-06 1.23146e-07)
(-10 4.05934e-06 4.02254e-08)
(-10 3.95711e-06 -9.27049e-11)
(-10 3.79639e-06 -1.97807e-08)
(-10 3.51604e-06 -1.39091e-08)
(-10 3.32291e-06 4.12559e-09)
(-10 3.24914e-06 6.28712e-08)
(-10 3.07813e-06 5.82103e-08)
(-10 2.84131e-06 1.08807e-08)
(-10 2.53595e-06 1.40097e-08)
(-10 2.25078e-06 2.05797e-08)
(-10 2.05952e-06 3.93272e-08)
(-10 4.67466e-06 1.15779e-06)
(-10 4.73476e-06 1.27306e-06)
(-10 4.5079e-06 7.55906e-07)
(-10 4.30183e-06 4.63562e-07)
(-10 4.20319e-06 2.49367e-07)
(-10 4.16775e-06 1.18779e-07)
(-10 4.13185e-06 2.37173e-08)
(-10 4.1875e-06 -2.2045e-08)
(-10 4.10254e-06 -2.90561e-09)
(-10 3.84487e-06 9.43054e-09)
(-10 3.65378e-06 3.08204e-08)
(-10 3.48871e-06 8.43928e-09)
(-10 3.27959e-06 2.93703e-08)
(-10 3.06201e-06 1.62548e-08)
(-10 2.80456e-06 -6.45422e-08)
(-10 2.56442e-06 -8.99069e-08)
(-10 2.31808e-06 -5.85231e-08)
(-10 5.03548e-06 1.14928e-06)
(-10 4.97915e-06 1.26058e-06)
(-10 4.59468e-06 6.86956e-07)
(-10 4.3404e-06 3.89904e-07)
(-10 4.26299e-06 2.23645e-07)
(-10 4.17802e-06 8.71102e-08)
(-10 4.10617e-06 2.45793e-08)
(-10 4.06067e-06 9.77093e-09)
(-10 3.99661e-06 -1.78914e-09)
(-10 3.97516e-06 1.08075e-08)
(-10 3.84062e-06 3.40207e-08)
(-10 3.54625e-06 9.83024e-08)
(-10 3.33296e-06 9.53774e-08)
(-10 3.14962e-06 8.83161e-09)
(-10 2.94818e-06 -1.06929e-07)
(-10 2.76462e-06 -1.85628e-07)
(-10 2.59976e-06 -1.35313e-07)
(-10 5.36859e-06 1.12666e-06)
(-10 5.21216e-06 1.23153e-06)
(-10 4.74102e-06 6.8121e-07)
(-10 4.42925e-06 3.96028e-07)
(-10 4.291e-06 1.97894e-07)
(-10 4.1504e-06 8.4641e-08)
(-10 4.01571e-06 2.71434e-09)
(-10 3.90519e-06 -3.10457e-08)
(-10 3.80873e-06 -1.04321e-08)
(-10 3.71763e-06 2.15274e-08)
(-10 3.57978e-06 6.34645e-08)
(-10 3.40486e-06 2.86912e-08)
(-10 3.23931e-06 5.75779e-08)
(-10 3.09301e-06 5.54872e-08)
(-10 2.95089e-06 -4.11575e-08)
(-10 2.81566e-06 -9.76635e-08)
(-10 2.7226e-06 -2.0345e-07)
(-10 5.63605e-06 1.09179e-06)
(-10 5.38083e-06 1.19181e-06)
(-10 4.89208e-06 6.50827e-07)
(-10 4.54125e-06 3.83583e-07)
(-10 4.2896e-06 1.87355e-07)
(-10 4.06927e-06 5.72099e-08)
(-10 3.87645e-06 1.18127e-08)
(-10 3.71988e-06 2.54727e-09)
(-10 3.59003e-06 -6.75474e-09)
(-10 3.47636e-06 5.97555e-09)
(-10 3.35621e-06 3.06625e-08)
(-10 3.22359e-06 9.84609e-08)
(-10 3.10277e-06 1.18332e-07)
(-10 2.99516e-06 3.20341e-08)
(-10 2.87723e-06 2.94205e-08)
(-10 2.74195e-06 -2.77422e-08)
(-10 2.59057e-06 -7.25533e-08)
(-10 5.81264e-06 1.04253e-06)
(-10 5.43459e-06 1.08263e-06)
(-10 4.88724e-06 5.3668e-07)
(-10 4.52941e-06 3.37176e-07)
(-10 4.20568e-06 1.55476e-07)
(-10 3.91614e-06 6.48115e-08)
(-10 3.66688e-06 1.25453e-09)
(-10 3.47428e-06 -2.68015e-08)
(-10 3.33194e-06 -1.42696e-08)
(-10 3.2193e-06 7.29062e-09)
(-10 3.11483e-06 3.78661e-08)
(-10 3.014e-06 -5.99211e-09)
(-10 2.92883e-06 1.72333e-08)
(-10 2.83722e-06 3.57726e-08)
(-10 2.72705e-06 -2.91453e-08)
(-10 2.59923e-06 -3.26871e-08)
(-10 2.43834e-06 -4.255e-08)
(-10 5.8749e-06 9.79637e-07)
(-10 5.44861e-06 1.01353e-06)
(-10 4.86197e-06 4.83967e-07)
(-10 4.44648e-06 3.05709e-07)
(-10 4.0506e-06 1.5062e-07)
(-10 3.68229e-06 5.4891e-08)
(-10 3.37778e-06 3.45347e-08)
(-10 3.16183e-06 2.64682e-08)
(-10 3.02413e-06 2.22873e-09)
(-10 2.93157e-06 -8.5447e-09)
(-10 2.85849e-06 -2.7402e-09)
(-10 2.79396e-06 5.23849e-08)
(-10 2.72379e-06 7.02615e-08)
(-10 2.64381e-06 -2.26945e-08)
(-10 2.55455e-06 -7.61792e-09)
(-10 2.4374e-06 -3.08032e-08)
(-10 2.28567e-06 -3.18076e-08)
(-10 5.81544e-06 8.76503e-07)
(-10 5.42683e-06 9.31565e-07)
(-10 4.82838e-06 4.59906e-07)
(-10 4.30666e-06 2.75184e-07)
(-10 3.80947e-06 1.28095e-07)
(-10 3.35294e-06 9.25563e-08)
(-10 2.98865e-06 6.8193e-08)
(-10 2.75736e-06 3.33638e-08)
(-10 2.64461e-06 1.1835e-08)
(-10 2.60014e-06 6.70694e-10)
(-10 2.56658e-06 1.02713e-09)
(-10 2.52736e-06 -5.45382e-08)
(-10 2.48581e-06 -4.46575e-08)
(-10 2.4274e-06 -2.68295e-08)
(-10 2.35339e-06 -8.5121e-08)
(-10 2.2501e-06 -7.11295e-08)
(-10 2.12136e-06 -6.3801e-08)
(-10 5.59276e-06 8.07469e-07)
(-10 5.23948e-06 8.70316e-07)
(-10 4.68515e-06 4.21025e-07)
(-10 4.10708e-06 2.42396e-07)
(-10 3.4918e-06 1.28106e-07)
(-10 2.91934e-06 1.17253e-07)
(-10 2.50956e-06 1.61703e-07)
(-10 2.25378e-06 1.38578e-07)
(-10 2.18915e-06 6.006e-08)
(-10 2.22218e-06 1.44354e-09)
(-10 2.24533e-06 -2.73571e-08)
(-10 2.25342e-06 3.25197e-09)
(-10 2.23135e-06 9.75866e-09)
(-10 2.18979e-06 -8.30291e-08)
(-10 2.12917e-06 -6.89278e-08)
(-10 2.05058e-06 -7.64936e-08)
(-10 1.9535e-06 -6.09188e-08)
(-10 5.24853e-06 7.58304e-07)
(-10 4.91908e-06 8.36936e-07)
(-10 4.37658e-06 4.05864e-07)
(-10 3.77239e-06 2.44176e-07)
(-10 3.15211e-06 1.3839e-07)
(-10 2.63483e-06 8.2039e-08)
(-10 2.25679e-06 1.99471e-08)
(-10 1.97497e-06 5.5016e-08)
(-10 1.80713e-06 7.3918e-08)
(-10 1.82366e-06 2.14889e-08)
(-10 1.91028e-06 -2.14403e-08)
(-10 1.94066e-06 -9.42231e-08)
(-10 1.94671e-06 -1.01105e-07)
(-10 1.92721e-06 -1.0123e-07)
(-10 1.89173e-06 -1.36472e-07)
(-10 1.82901e-06 -1.19587e-07)
(-10 1.76705e-06 -9.23157e-08)
(-10 4.79054e-06 7.16717e-07)
(-10 4.47855e-06 8.23497e-07)
(-10 3.91447e-06 4.15599e-07)
(-10 3.28317e-06 2.79968e-07)
(-10 2.78717e-06 1.26388e-07)
(-10 2.4734e-06 -2.40611e-08)
(-10 2.18979e-06 -6.26614e-08)
(-10 1.91803e-06 -3.80793e-08)
(-10 1.65172e-06 2.49408e-08)
(-10 1.52217e-06 2.88279e-08)
(-10 1.56634e-06 -3.51106e-08)
(-10 1.63054e-06 -4.01492e-08)
(-10 1.66083e-06 -6.49376e-08)
(-10 1.65652e-06 -1.32885e-07)
(-10 1.62417e-06 -1.20127e-07)
(-10 1.58527e-06 -1.12586e-07)
(-10 1.54239e-06 -8.27002e-08)
(-10 4.17445e-06 6.86157e-07)
(-10 3.89855e-06 8.15783e-07)
(-10 3.40086e-06 4.08612e-07)
(-10 2.85215e-06 2.2379e-07)
(-10 2.45875e-06 2.74315e-08)
(-10 2.24076e-06 -7.9206e-08)
(-10 2.00412e-06 -1.26066e-07)
(-10 1.78495e-06 -1.39544e-07)
(-10 1.53869e-06 -1.08641e-07)
(-10 1.29713e-06 -2.77625e-08)
(-10 1.222e-06 -1.50282e-08)
(-10 1.29725e-06 -1.11543e-07)
(-10 1.35044e-06 -1.24064e-07)
(-10 1.36614e-06 -1.42186e-07)
(-10 1.36623e-06 -1.62309e-07)
(-10 1.32535e-06 -1.39472e-07)
(-10 1.28915e-06 -1.01666e-07)
(-10 3.45319e-06 6.67505e-07)
(-10 3.2283e-06 8.23214e-07)
(-10 2.83637e-06 4.16799e-07)
(-10 2.43592e-06 2.1401e-07)
(-10 2.15134e-06 1.5258e-08)
(-10 1.91959e-06 -9.35167e-08)
(-10 1.74907e-06 -1.49476e-07)
(-10 1.55573e-06 -1.59413e-07)
(-10 1.36746e-06 -1.61427e-07)
(-10 1.08982e-06 -1.32656e-07)
(-10 8.92729e-07 -9.21099e-08)
(-10 9.44931e-07 -6.64086e-08)
(-10 1.05622e-06 -1.15028e-07)
(-10 1.09167e-06 -1.48812e-07)
(-10 1.0842e-06 -1.3677e-07)
(-10 1.04776e-06 -1.19742e-07)
(-10 1.0111e-06 -8.75201e-08)
(-10 2.67144e-06 6.79781e-07)
(-10 2.517e-06 8.501e-07)
(-10 2.21108e-06 4.15756e-07)
(-10 1.91947e-06 1.91432e-07)
(-10 1.689e-06 -4.05766e-09)
(-10 1.52693e-06 -1.22969e-07)
(-10 1.37883e-06 -1.8425e-07)
(-10 1.2549e-06 -2.27288e-07)
(-10 1.10049e-06 -2.42113e-07)
(-10 9.13453e-07 -2.09471e-07)
(-10 7.17712e-07 -9.96878e-08)
(-10 7.0407e-07 -1.03332e-07)
(-10 7.83956e-07 -1.47549e-07)
(-10 8.45388e-07 -1.62135e-07)
(-10 8.24629e-07 -1.57276e-07)
(-10 8.15441e-07 -1.36121e-07)
(-10 6.94168e-07 -1.16851e-07)
(-10 1.86942e-06 6.60588e-07)
(-10 1.79604e-06 8.63718e-07)
(-10 1.56093e-06 4.29623e-07)
(-10 1.34748e-06 2.18811e-07)
(-10 1.1889e-06 1.03743e-09)
(-10 1.07798e-06 -1.06188e-07)
(-10 9.80833e-07 -1.93549e-07)
(-10 8.87907e-07 -2.2168e-07)
(-10 7.89862e-07 -2.73712e-07)
(-10 6.6282e-07 -2.183e-07)
(-10 5.91406e-07 -1.72949e-07)
(-10 5.14212e-07 -1.07886e-07)
(-10 6.0289e-07 -1.48839e-07)
(-10 5.79808e-07 -1.31255e-07)
(-10 6.79067e-07 -1.32327e-07)
(-10 5.68229e-07 -1.15433e-07)
(-10 5.19131e-07 -1.02601e-07)
(-10 1.09378e-06 6.47999e-07)
(-10 1.08023e-06 8.37592e-07)
(-10 8.85706e-07 4.39219e-07)
(-10 7.27647e-07 2.01487e-07)
(-10 5.89214e-07 5.18409e-09)
(-10 4.95688e-07 -1.27049e-07)
(-10 4.4164e-07 -2.03512e-07)
(-10 3.85358e-07 -2.90462e-07)
(-10 3.00641e-07 -2.82041e-07)
(-10 2.65445e-07 -2.84282e-07)
(-10 1.89472e-07 -1.92446e-07)
(-10 1.87901e-07 -1.09794e-07)
(-10 2.00017e-07 -7.72967e-08)
(-10 2.79448e-07 -1.2439e-07)
(-10 2.47827e-07 -1.44908e-07)
(-10 1.66755e-07 -1.83884e-07)
(-10 2.22188e-07 -1.19128e-07)
(-10 3.49217e-07 6.34246e-07)
(-10 3.63591e-07 8.36158e-07)
(-10 2.65556e-07 4.76535e-07)
(-10 1.92834e-07 2.38127e-07)
(-10 1.2847e-07 5.14955e-08)
(-10 8.63644e-08 -1.08318e-07)
(-10 7.74924e-08 -2.17686e-07)
(-10 4.03053e-08 -2.74422e-07)
(-10 2.58822e-08 -3.31614e-07)
(-10 -7.91333e-10 -3.05124e-07)
(-10 -2.26771e-08 -2.60807e-07)
(-10 -1.77393e-08 -1.30063e-07)
(-10 -4.7072e-08 -3.84358e-08)
(-10 4.90457e-08 -1.58267e-07)
(-10 -1.7862e-08 -2.01518e-07)
(-10 4.96997e-08 -1.59117e-07)
(-10 2.20556e-08 -1.80904e-07)
(-10 2.45349e-06 2.77907e-08)
(-10 2.45745e-06 -1.45226e-08)
(-10 2.5042e-06 2.51715e-08)
(-10 2.01863e-06 3.80351e-07)
(-10 2.26997e-06 4.03199e-07)
(-10 2.46835e-06 2.38668e-07)
(-10 2.5951e-06 1.35069e-07)
(-10 2.6738e-06 7.86501e-08)
(-10 2.69229e-06 5.11954e-08)
(-10 2.67226e-06 4.03509e-08)
(-10 2.63063e-06 3.31862e-08)
(-10 2.58109e-06 3.68809e-08)
(-10 2.53375e-06 1.39755e-08)
(-10 2.48906e-06 -1.21769e-09)
(-10 2.44752e-06 -1.5929e-08)
(-10 2.40871e-06 2.64886e-09)
(-10 2.34627e-06 1.69552e-08)
(-10 2.31654e-06 4.62082e-10)
(-10 2.40145e-06 3.27654e-09)
(-10 2.4859e-06 2.1641e-08)
(-10 2.19628e-06 3.90846e-07)
(-10 2.44522e-06 4.07129e-07)
(-10 2.60631e-06 2.42182e-07)
(-10 2.6926e-06 1.36812e-07)
(-10 2.73137e-06 8.34373e-08)
(-10 2.71075e-06 5.9761e-08)
(-10 2.65187e-06 5.09042e-08)
(-10 2.58326e-06 4.77079e-08)
(-10 2.51343e-06 3.91006e-08)
(-10 2.46054e-06 4.22392e-08)
(-10 2.40902e-06 3.67025e-08)
(-10 2.36874e-06 2.48818e-08)
(-10 2.32869e-06 8.59518e-10)
(-10 2.29826e-06 4.88006e-10)
(-10 2.31427e-06 3.09654e-08)
(-10 2.36089e-06 1.55171e-08)
(-10 2.44629e-06 2.67123e-08)
(-10 2.45238e-06 4.0214e-07)
(-10 2.71607e-06 4.18863e-07)
(-10 2.87044e-06 2.49694e-07)
(-10 2.92847e-06 1.42234e-07)
(-10 2.91203e-06 8.87818e-08)
(-10 2.81142e-06 6.76005e-08)
(-10 2.67543e-06 6.2796e-08)
(-10 2.55076e-06 5.8941e-08)
(-10 2.44361e-06 6.4758e-08)
(-10 2.37295e-06 5.18928e-08)
(-10 2.32251e-06 4.09159e-08)
(-10 2.28315e-06 2.55852e-08)
(-10 2.25161e-06 3.56191e-08)
(-10 2.23474e-06 3.92767e-08)
(-10 2.2598e-06 4.24368e-09)
(-10 2.30828e-06 2.35232e-08)
(-10 2.38292e-06 2.72135e-08)
(-10 2.77482e-06 4.11728e-07)
(-10 3.07917e-06 4.3132e-07)
(-10 3.22338e-06 2.5818e-07)
(-10 3.2494e-06 1.4959e-07)
(-10 3.16119e-06 9.58245e-08)
(-10 2.92917e-06 7.60909e-08)
(-10 2.67565e-06 6.91211e-08)
(-10 2.48971e-06 6.74294e-08)
(-10 2.34118e-06 6.19711e-08)
(-10 2.28412e-06 8.28392e-08)
(-10 2.26417e-06 8.19239e-08)
(-10 2.2135e-06 6.32467e-08)
(-10 2.18818e-06 2.9552e-08)
(-10 2.19885e-06 2.09702e-08)
(-10 2.22262e-06 4.95914e-08)
(-10 2.27405e-06 3.25113e-08)
(-10 2.33892e-06 3.84954e-08)
(-10 3.11958e-06 4.22728e-07)
(-10 3.44951e-06 4.4961e-07)
(-10 3.57497e-06 2.75279e-07)
(-10 3.56214e-06 1.64222e-07)
(-10 3.38347e-06 1.05878e-07)
(-10 3.146e-06 6.63542e-08)
(-10 2.96421e-06 3.77805e-08)
(-10 2.78395e-06 2.27051e-08)
(-10 2.60462e-06 3.53716e-08)
(-10 2.43493e-06 7.61235e-08)
(-10 2.2747e-06 9.06252e-08)
(-10 2.15497e-06 4.8856e-08)
(-10 2.13893e-06 5.74296e-08)
(-10 2.17585e-06 5.95071e-08)
(-10 2.21294e-06 1.65559e-08)
(-10 2.25683e-06 3.70936e-08)
(-10 2.30891e-06 4.07712e-08)
(-10 3.46621e-06 4.4192e-07)
(-10 3.77255e-06 4.83977e-07)
(-10 3.84508e-06 3.08847e-07)
(-10 3.79212e-06 1.89034e-07)
(-10 3.63308e-06 1.15418e-07)
(-10 3.53253e-06 6.48701e-08)
(-10 3.4839e-06 3.30413e-08)
(-10 3.33247e-06 1.66259e-08)
(-10 3.15239e-06 4.4911e-09)
(-10 2.91873e-06 3.01188e-08)
(-10 2.66276e-06 4.44607e-08)
(-10 2.46678e-06 4.36076e-08)
(-10 2.30561e-06 2.75135e-08)
(-10 2.20984e-06 3.06723e-08)
(-10 2.21476e-06 6.29655e-08)
(-10 2.27058e-06 4.36839e-08)
(-10 2.29155e-06 5.14625e-08)
(-10 3.85402e-06 4.59224e-07)
(-10 4.13925e-06 5.14275e-07)
(-10 4.1294e-06 3.28375e-07)
(-10 3.9878e-06 2.0041e-07)
(-10 3.91592e-06 1.1707e-07)
(-10 3.95213e-06 6.05685e-08)
(-10 3.90064e-06 2.7404e-08)
(-10 3.68284e-06 7.15511e-09)
(-10 3.51853e-06 1.05357e-08)
(-10 3.42588e-06 5.71396e-10)
(-10 3.26364e-06 4.50233e-09)
(-10 3.11144e-06 6.54673e-09)
(-10 2.87285e-06 3.62786e-08)
(-10 2.61489e-06 4.7086e-08)
(-10 2.43981e-06 8.55708e-09)
(-10 2.32725e-06 4.02479e-08)
(-10 2.27191e-06 4.09556e-08)
(-10 4.22482e-06 4.59802e-07)
(-10 4.44197e-06 5.17117e-07)
(-10 4.33687e-06 3.32228e-07)
(-10 4.15956e-06 1.99008e-07)
(-10 4.11773e-06 1.14027e-07)
(-10 4.18914e-06 6.20855e-08)
(-10 4.18292e-06 2.92304e-08)
(-10 4.11625e-06 1.44799e-08)
(-10 3.98967e-06 -4.42944e-10)
(-10 3.7319e-06 2.19034e-08)
(-10 3.55993e-06 3.18454e-08)
(-10 3.5133e-06 4.0105e-08)
(-10 3.33114e-06 1.20334e-08)
(-10 3.11154e-06 1.21117e-08)
(-10 2.81295e-06 4.08042e-08)
(-10 2.56032e-06 1.71733e-08)
(-10 2.47834e-06 4.86765e-08)
(-10 4.56736e-06 4.59066e-07)
(-10 4.66303e-06 5.09072e-07)
(-10 4.4097e-06 3.16728e-07)
(-10 4.25137e-06 1.79667e-07)
(-10 4.26028e-06 1.03129e-07)
(-10 4.27148e-06 5.28737e-08)
(-10 4.28109e-06 2.61934e-08)
(-10 4.36251e-06 9.96707e-09)
(-10 4.30412e-06 2.12126e-08)
(-10 4.08221e-06 7.29456e-09)
(-10 3.92723e-06 1.42838e-08)
(-10 3.75893e-06 1.748e-08)
(-10 3.57696e-06 4.68541e-08)
(-10 3.33934e-06 4.50627e-08)
(-10 3.02136e-06 -3.54886e-08)
(-10 2.83721e-06 -4.35295e-09)
(-10 2.80633e-06 -5.36935e-09)
(-10 4.91519e-06 4.58996e-07)
(-10 4.9099e-06 5.0814e-07)
(-10 4.56275e-06 2.72088e-07)
(-10 4.36992e-06 1.2764e-07)
(-10 4.35235e-06 8.76632e-08)
(-10 4.3131e-06 4.76613e-08)
(-10 4.27727e-06 2.25583e-08)
(-10 4.26488e-06 1.37682e-08)
(-10 4.23268e-06 2.60404e-09)
(-10 4.24033e-06 2.9331e-08)
(-10 4.12596e-06 4.54495e-08)
(-10 3.88161e-06 5.7124e-08)
(-10 3.67916e-06 2.34968e-08)
(-10 3.51389e-06 1.61229e-08)
(-10 3.34529e-06 -3.91591e-08)
(-10 3.20586e-06 -1.21447e-07)
(-10 2.99182e-06 3.84673e-08)
(-10 5.22841e-06 4.46175e-07)
(-10 5.1287e-06 4.96133e-07)
(-10 4.76424e-06 2.90256e-07)
(-10 4.53864e-06 1.51957e-07)
(-10 4.41616e-06 8.05424e-08)
(-10 4.30824e-06 3.67013e-08)
(-10 4.21594e-06 1.49488e-08)
(-10 4.1429e-06 4.62597e-09)
(-10 4.07782e-06 1.89873e-08)
(-10 4.02253e-06 1.03277e-08)
(-10 3.92794e-06 2.09784e-08)
(-10 3.78337e-06 2.23656e-08)
(-10 3.64858e-06 5.75215e-08)
(-10 3.58795e-06 6.28856e-08)
(-10 3.56727e-06 -3.81881e-08)
(-10 3.45961e-06 -5.99213e-09)
(-10 3.24443e-06 -1.03775e-07)
(-10 5.48063e-06 4.33332e-07)
(-10 5.24366e-06 4.75597e-07)
(-10 4.82315e-06 2.75134e-07)
(-10 4.606e-06 1.45392e-07)
(-10 4.41877e-06 7.24073e-08)
(-10 4.24796e-06 3.10397e-08)
(-10 4.10274e-06 1.01032e-08)
(-10 3.98692e-06 5.43108e-09)
(-10 3.89553e-06 -6.45341e-09)
(-10 3.81772e-06 2.54415e-08)
(-10 3.73624e-06 3.98631e-08)
(-10 3.64379e-06 5.38677e-08)
(-10 3.56237e-06 1.92954e-08)
(-10 3.52022e-06 3.91978e-08)
(-10 3.45738e-06 6.30252e-08)
(-10 3.3673e-06 -2.74625e-08)
(-10 3.30796e-06 2.16491e-09)
(-10 5.63856e-06 4.1076e-07)
(-10 5.3259e-06 4.11465e-07)
(-10 4.85976e-06 2.08587e-07)
(-10 4.59796e-06 1.19386e-07)
(-10 4.34703e-06 5.46496e-08)
(-10 4.11452e-06 1.69799e-08)
(-10 3.92021e-06 1.03917e-09)
(-10 3.77313e-06 -7.40135e-09)
(-10 3.66841e-06 7.06016e-09)
(-10 3.59138e-06 -6.3072e-09)
(-10 3.52667e-06 5.01774e-09)
(-10 3.47109e-06 -2.05004e-09)
(-10 3.42112e-06 2.96776e-08)
(-10 3.36653e-06 4.11549e-08)
(-10 3.30501e-06 -4.471e-09)
(-10 3.21031e-06 3.1878e-08)
(-10 3.09162e-06 -1.19939e-08)
(-10 5.64801e-06 3.83578e-07)
(-10 5.33979e-06 4.0918e-07)
(-10 4.89321e-06 2.17103e-07)
(-10 4.53003e-06 1.07083e-07)
(-10 4.20113e-06 4.54237e-08)
(-10 3.90038e-06 1.47518e-08)
(-10 3.65722e-06 8.34877e-10)
(-10 3.49016e-06 -1.70788e-09)
(-10 3.38995e-06 -1.7986e-08)
(-10 3.33162e-06 1.15084e-08)
(-10 3.29411e-06 1.7701e-08)
(-10 3.2607e-06 2.79445e-08)
(-10 3.22901e-06 -1.16831e-08)
(-10 3.18881e-06 1.22973e-08)
(-10 3.13504e-06 2.92095e-08)
(-10 3.04598e-06 -3.1224e-08)
(-10 2.92742e-06 1.53448e-08)
(-10 5.5921e-06 3.18791e-07)
(-10 5.28992e-06 3.42491e-07)
(-10 4.82079e-06 1.93722e-07)
(-10 4.38419e-06 8.82491e-08)
(-10 3.97333e-06 3.04397e-08)
(-10 3.58791e-06 5.69191e-09)
(-10 3.28706e-06 -1.95097e-09)
(-10 3.11408e-06 -9.37439e-09)
(-10 3.04201e-06 1.83783e-09)
(-10 3.01893e-06 -2.31586e-08)
(-10 3.01349e-06 -1.31007e-08)
(-10 3.0126e-06 -3.42233e-08)
(-10 3.00378e-06 -7.70085e-09)
(-10 2.97284e-06 7.65175e-10)
(-10 2.92769e-06 -4.97704e-08)
(-10 2.85742e-06 -8.164e-10)
(-10 2.75563e-06 -3.27391e-08)
(-10 5.46234e-06 2.9326e-07)
(-10 5.19678e-06 3.19569e-07)
(-10 4.67355e-06 1.73816e-07)
(-10 4.17633e-06 7.20795e-08)
(-10 3.67865e-06 2.56077e-08)
(-10 3.16505e-06 8.90289e-09)
(-10 2.76981e-06 8.9928e-10)
(-10 2.62455e-06 7.5531e-09)
(-10 2.62998e-06 -1.21154e-08)
(-10 2.66298e-06 2.94816e-09)
(-10 2.70158e-06 -9.26751e-09)
(-10 2.72993e-06 -8.41229e-09)
(-10 2.73699e-06 -4.55781e-08)
(-10 2.72308e-06 -2.93347e-08)
(-10 2.69933e-06 -4.18919e-09)
(-10 2.64284e-06 -6.3466e-08)
(-10 2.56997e-06 -2.11905e-08)
(-10 5.14304e-06 3.0055e-07)
(-10 4.90921e-06 3.30953e-07)
(-10 4.38532e-06 1.54355e-07)
(-10 3.8476e-06 5.23892e-08)
(-10 3.27766e-06 3.40116e-08)
(-10 2.78335e-06 5.1127e-09)
(-10 2.44715e-06 -3.62077e-08)
(-10 2.23464e-06 3.26872e-09)
(-10 2.1941e-06 3.66842e-08)
(-10 2.27089e-06 -2.58047e-08)
(-10 2.35005e-06 -2.21361e-08)
(-10 2.4056e-06 -6.60735e-08)
(-10 2.44062e-06 -4.83286e-08)
(-10 2.44549e-06 -4.09277e-08)
(-10 2.42413e-06 -1.00152e-07)
(-10 2.39501e-06 -4.59058e-08)
(-10 2.35537e-06 -7.22346e-08)
(-10 4.66594e-06 2.90563e-07)
(-10 4.44765e-06 3.35938e-07)
(-10 3.93972e-06 1.56683e-07)
(-10 3.35386e-06 4.91851e-08)
(-10 2.84777e-06 -1.52794e-08)
(-10 2.56283e-06 -5.91925e-08)
(-10 2.36248e-06 -8.25089e-08)
(-10 2.09287e-06 -6.15227e-08)
(-10 1.87346e-06 -1.75198e-08)
(-10 1.86534e-06 2.63326e-08)
(-10 1.97629e-06 -3.58899e-08)
(-10 2.0618e-06 -4.29088e-08)
(-10 2.11057e-06 -5.46602e-08)
(-10 2.1251e-06 -6.72546e-08)
(-10 2.13387e-06 -5.36014e-08)
(-10 2.10962e-06 -9.08314e-08)
(-10 2.08968e-06 -5.92568e-08)
(-10 4.05439e-06 2.80427e-07)
(-10 3.85495e-06 3.36315e-07)
(-10 3.40669e-06 1.57174e-07)
(-10 2.89975e-06 3.77995e-08)
(-10 2.53628e-06 -3.95324e-08)
(-10 2.35378e-06 -8.44242e-08)
(-10 2.1708e-06 -1.01563e-07)
(-10 1.9675e-06 -1.0049e-07)
(-10 1.71406e-06 -6.87342e-08)
(-10 1.52029e-06 -7.82117e-08)
(-10 1.55378e-06 -6.28301e-08)
(-10 1.68101e-06 -9.33691e-08)
(-10 1.76236e-06 -8.15622e-08)
(-10 1.80333e-06 -7.46281e-08)
(-10 1.80382e-06 -1.16832e-07)
(-10 1.79257e-06 -7.72088e-08)
(-10 1.78621e-06 -9.05069e-08)
(-10 3.34837e-06 2.70856e-07)
(-10 3.17897e-06 3.34526e-07)
(-10 2.82187e-06 1.55419e-07)
(-10 2.47271e-06 3.04072e-08)
(-10 2.20307e-06 -4.70134e-08)
(-10 2.02028e-06 -9.4677e-08)
(-10 1.86259e-06 -1.12663e-07)
(-10 1.71418e-06 -1.18147e-07)
(-10 1.5264e-06 -1.33453e-07)
(-10 1.30309e-06 -1.01607e-07)
(-10 1.21465e-06 -8.2259e-08)
(-10 1.31282e-06 -6.50298e-08)
(-10 1.39608e-06 -9.63941e-08)
(-10 1.44072e-06 -1.09013e-07)
(-10 1.4707e-06 -8.26879e-08)
(-10 1.45737e-06 -1.06511e-07)
(-10 1.42931e-06 -8.04079e-08)
(-10 2.59113e-06 2.59053e-07)
(-10 2.48128e-06 3.2945e-07)
(-10 2.20339e-06 1.46087e-07)
(-10 1.94893e-06 2.26253e-08)
(-10 1.75585e-06 -6.78977e-08)
(-10 1.60804e-06 -1.08225e-07)
(-10 1.49495e-06 -1.42156e-07)
(-10 1.38241e-06 -1.51758e-07)
(-10 1.25681e-06 -1.58531e-07)
(-10 1.09594e-06 -1.5272e-07)
(-10 9.24791e-07 -7.32383e-08)
(-10 9.2909e-07 -8.36636e-08)
(-10 1.05439e-06 -1.03373e-07)
(-10 1.12774e-06 -1.04699e-07)
(-10 1.18143e-06 -1.27902e-07)
(-10 1.12386e-06 -9.08404e-08)
(-10 1.0657e-06 -1.08007e-07)
(-10 1.80921e-06 2.51495e-07)
(-10 1.75765e-06 3.35483e-07)
(-10 1.56357e-06 1.48558e-07)
(-10 1.37591e-06 3.66025e-08)
(-10 1.24336e-06 -5.42881e-08)
(-10 1.14187e-06 -9.56657e-08)
(-10 1.06479e-06 -1.3695e-07)
(-10 9.88667e-07 -1.41512e-07)
(-10 9.0022e-07 -1.77676e-07)
(-10 7.88032e-07 -1.5341e-07)
(-10 6.50846e-07 -1.45654e-07)
(-10 6.51303e-07 -1.08164e-07)
(-10 7.34163e-07 -1.25155e-07)
(-10 8.77724e-07 -1.1644e-07)
(-10 8.63746e-07 -9.03903e-08)
(-10 8.35568e-07 -1.3453e-07)
(-10 7.75122e-07 -8.17728e-08)
(-10 1.01495e-06 2.45416e-07)
(-10 1.00874e-06 3.20166e-07)
(-10 8.57127e-07 1.624e-07)
(-10 7.03764e-07 3.40613e-08)
(-10 5.9605e-07 -3.89272e-08)
(-10 5.18479e-07 -1.15655e-07)
(-10 4.73692e-07 -1.21966e-07)
(-10 4.242e-07 -1.79441e-07)
(-10 3.653e-07 -1.65332e-07)
(-10 2.98641e-07 -1.8405e-07)
(-10 2.71946e-07 -1.24037e-07)
(-10 2.24549e-07 -1.41095e-07)
(-10 3.28894e-07 -1.06726e-07)
(-10 3.84799e-07 -1.05636e-07)
(-10 3.55915e-07 -1.65922e-07)
(-10 3.74617e-07 -8.67512e-08)
(-10 3.56568e-07 -1.18359e-07)
(-10 2.88424e-07 2.37789e-07)
(-10 3.14393e-07 3.25963e-07)
(-10 2.25726e-07 1.63804e-07)
(-10 1.76772e-07 6.63672e-08)
(-10 1.06339e-07 -4.36556e-08)
(-10 9.19926e-08 -9.14108e-08)
(-10 6.76987e-08 -1.41585e-07)
(-10 4.99718e-08 -1.59879e-07)
(-10 2.75534e-08 -1.94481e-07)
(-10 1.97502e-08 -1.80775e-07)
(-10 -3.06469e-09 -1.60123e-07)
(-10 1.91572e-08 -1.40967e-07)
(-10 6.4987e-08 -1.2223e-07)
(-10 4.49826e-08 -1.57735e-07)
(-10 7.43926e-08 -1.34994e-07)
(-10 5.84488e-08 -1.39407e-07)
(-10 6.50766e-08 -1.49195e-07)
(-10 7.73871e-07 1.28611e-07)
(-10 2.41761e-06 9.94037e-08)
(-10 2.46029e-06 1.01306e-07)
(-10 2.47989e-06 1.5212e-07)
(-10 2.4962e-06 1.29272e-07)
(-10 2.52391e-06 7.59633e-08)
(-10 2.56967e-06 9.88246e-08)
(-10 2.6255e-06 5.79668e-08)
(-10 2.68213e-06 4.0786e-08)
(-10 2.74499e-06 -1.56391e-08)
(-10 2.81365e-06 3.09295e-09)
(-10 2.89111e-06 2.11951e-08)
(-10 2.98456e-06 5.16367e-08)
(-10 3.08758e-06 1.17138e-07)
(-10 1.74814e-06 7.72184e-08)
(-10 1.38547e-06 9.41451e-08)
(-10 1.27909e-06 1.49685e-07)
(-10 2.46788e-06 1.1252e-07)
(-10 2.48866e-06 1.25972e-07)
(-10 2.50577e-06 1.06849e-07)
(-10 2.52969e-06 1.35488e-07)
(-10 2.56883e-06 1.34254e-07)
(-10 2.62368e-06 6.97548e-08)
(-10 2.68956e-06 5.91448e-08)
(-10 2.76055e-06 3.45187e-08)
(-10 2.84237e-06 4.05623e-08)
(-10 2.93899e-06 2.91971e-08)
(-10 3.05385e-06 3.36909e-08)
(-10 3.18968e-06 6.58026e-08)
(-10 3.33044e-06 7.59497e-08)
(-10 1.89802e-06 1.6423e-07)
(-10 1.58174e-06 1.54675e-07)
(-10 1.4939e-06 1.66611e-07)
(-10 2.37083e-06 7.03495e-08)
(-10 2.40061e-06 8.07465e-08)
(-10 2.41315e-06 1.30343e-07)
(-10 2.44334e-06 1.10456e-07)
(-10 2.48081e-06 7.34289e-08)
(-10 2.5379e-06 1.01194e-07)
(-10 2.60145e-06 6.38667e-08)
(-10 2.68298e-06 4.78893e-08)
(-10 2.77592e-06 9.27935e-09)
(-10 2.88927e-06 3.24577e-08)
(-10 3.02389e-06 4.82562e-08)
(-10 3.18147e-06 5.62111e-08)
(-10 3.35784e-06 1.07792e-07)
(-10 1.83633e-06 6.58692e-08)
(-10 1.54463e-06 1.3529e-07)
(-10 1.4418e-06 1.37538e-07)
(-10 2.2711e-06 1.11853e-07)
(-10 2.28338e-06 1.28654e-07)
(-10 2.30884e-06 9.43489e-08)
(-10 2.33915e-06 1.16192e-07)
(-10 2.37846e-06 1.21731e-07)
(-10 2.41833e-06 5.14324e-08)
(-10 2.4842e-06 5.87937e-08)
(-10 2.57939e-06 4.7273e-08)
(-10 2.69623e-06 7.74865e-08)
(-10 2.83481e-06 6.7719e-08)
(-10 2.99724e-06 7.10967e-08)
(-10 3.18667e-06 8.98325e-08)
(-10 3.39686e-06 7.06479e-08)
(-10 1.82444e-06 1.68255e-07)
(-10 1.52964e-06 1.34308e-07)
(-10 1.44644e-06 1.37152e-07)
(-10 2.16328e-06 7.62047e-08)
(-10 2.18181e-06 5.98215e-08)
(-10 2.21356e-06 1.10306e-07)
(-10 2.25191e-06 7.50571e-08)
(-10 2.27766e-06 3.56756e-08)
(-10 2.27977e-06 7.3806e-08)
(-10 2.34422e-06 5.46826e-08)
(-10 2.47629e-06 5.59049e-08)
(-10 2.63214e-06 3.58613e-08)
(-10 2.79964e-06 6.67801e-08)
(-10 2.9937e-06 7.9626e-08)
(-10 3.20938e-06 6.85052e-08)
(-10 3.45278e-06 1.08899e-07)
(-10 1.82415e-06 4.2224e-08)
(-10 1.54955e-06 1.00924e-07)
(-10 1.4462e-06 1.0389e-07)
(-10 2.03103e-06 6.93227e-08)
(-10 2.05711e-06 1.15181e-07)
(-10 2.09648e-06 4.67422e-08)
(-10 2.18186e-06 4.36269e-08)
(-10 2.15814e-06 3.80436e-08)
(-10 2.02218e-06 4.87586e-09)
(-10 2.10551e-06 4.73937e-08)
(-10 2.35033e-06 4.93087e-08)
(-10 2.54614e-06 8.68037e-08)
(-10 2.74027e-06 7.61088e-08)
(-10 2.95221e-06 6.7522e-08)
(-10 3.18102e-06 6.61923e-08)
(-10 3.42948e-06 2.45933e-08)
(-10 1.76311e-06 1.14503e-07)
(-10 1.42245e-06 3.54714e-08)
(-10 1.31671e-06 2.73328e-08)
(-10 1.9517e-06 3.58053e-09)
(-10 1.96215e-06 3.94054e-08)
(-10 1.99787e-06 5.81785e-08)
(-10 1.82663e-06 -7.48308e-08)
(-10 1.71454e-06 -1.13705e-07)
(-10 1.9172e-06 8.08136e-08)
(-10 2.13904e-06 9.7533e-08)
(-10 2.35356e-06 5.06356e-08)
(-10 2.55315e-06 2.42168e-08)
(-10 2.7659e-06 4.55065e-08)
(-10 2.98136e-06 3.74113e-08)
(-10 3.20981e-06 1.37212e-08)
(-10 3.44869e-06 3.23387e-08)
(-10 1.7065e-06 -1.03789e-07)
(-10 1.40466e-06 -2.09431e-08)
(-10 1.30472e-06 1.34206e-08)
(-10 1.10098e-06 -3.25791e-08)
(-10 1.92866e-06 7.47889e-09)
(-10 1.85686e-06 1.5187e-08)
(-10 1.60142e-06 -2.02639e-08)
(-10 1.25437e-06 -1.94199e-09)
(-10 1.35131e-06 6.24709e-09)
(-10 1.82243e-06 -3.28476e-08)
(-10 2.18209e-06 1.20608e-08)
(-10 2.35232e-06 1.90952e-08)
(-10 2.55817e-06 6.31923e-08)
(-10 2.76472e-06 3.68522e-08)
(-10 2.96545e-06 2.1275e-08)
(-10 3.14935e-06 2.91095e-09)
(-10 3.3373e-06 -7.41505e-08)
(-10 1.5695e-06 -1.30289e-09)
(-10 1.19576e-06 -8.94403e-09)
(-10 1.02406e-06 -3.08042e-08)
(-10 8.15559e-07 5.9433e-08)
(-10 2.11802e-06 7.99944e-10)
(-10 1.85143e-06 -8.81765e-08)
(-10 1.51269e-06 2.81005e-08)
(-10 1.36264e-06 7.1284e-08)
(-10 1.53854e-06 -3.33673e-08)
(-10 1.76673e-06 -6.58089e-09)
(-10 2.04448e-06 -1.98368e-08)
(-10 2.317e-06 1.17386e-08)
(-10 2.54483e-06 -2.70161e-09)
(-10 2.72098e-06 1.32596e-08)
(-10 2.87376e-06 1.18956e-08)
(-10 2.95701e-06 -1.52564e-08)
(-10 3.05566e-06 2.10275e-08)
(-10 1.21999e-06 1.20302e-08)
(-10 8.30734e-07 -6.60524e-08)
(-10 6.86675e-07 6.52127e-08)
(-10 5.72156e-07 -4.047e-08)
(-10 2.36983e-06 -4.04686e-08)
(-10 2.03295e-06 -2.15291e-08)
(-10 1.79611e-06 -5.80586e-09)
(-10 1.85469e-06 3.46118e-08)
(-10 1.99886e-06 1.8478e-08)
(-10 2.03453e-06 -6.96486e-08)
(-10 2.05389e-06 -3.60728e-08)
(-10 2.22069e-06 -2.58703e-08)
(-10 2.41429e-06 7.7462e-09)
(-10 2.49834e-06 -8.15158e-09)
(-10 2.56245e-06 -1.08461e-08)
(-10 2.68824e-06 3.11012e-08)
(-10 2.85907e-06 -2.60158e-08)
(-10 1.06145e-06 3.36806e-08)
(-10 7.05064e-07 5.02498e-08)
(-10 5.88746e-07 -2.00673e-07)
(-10 5.78023e-07 6.19964e-09)
(-10 2.44997e-06 -1.23807e-08)
(-10 2.23248e-06 -2.54211e-08)
(-10 2.00237e-06 3.3574e-08)
(-10 2.12755e-06 1.60388e-08)
(-10 2.34131e-06 -3.59584e-08)
(-10 2.30416e-06 1.01485e-08)
(-10 2.21624e-06 -2.83593e-09)
(-10 2.16607e-06 -3.60137e-08)
(-10 2.20629e-06 -1.12244e-07)
(-10 2.29857e-06 -6.70185e-08)
(-10 2.41945e-06 -3.02511e-08)
(-10 2.64047e-06 -3.2978e-08)
(-10 2.9142e-06 2.16083e-09)
(-10 1.19749e-06 6.75144e-09)
(-10 8.81315e-07 -1.4652e-07)
(-10 7.90761e-07 2.46589e-08)
(-10 7.49416e-07 -1.0775e-07)
(-10 2.44243e-06 -4.67897e-08)
(-10 2.30208e-06 -5.02789e-08)
(-10 2.20444e-06 -3.97606e-08)
(-10 2.25269e-06 -1.69832e-08)
(-10 2.35985e-06 3.53979e-09)
(-10 2.39552e-06 -3.38905e-08)
(-10 2.38757e-06 3.95688e-10)
(-10 2.3194e-06 -4.90493e-09)
(-10 2.30199e-06 1.31865e-08)
(-10 2.43577e-06 -2.31577e-08)
(-10 2.63073e-06 -2.73914e-08)
(-10 2.81789e-06 -3.55051e-08)
(-10 3.02994e-06 -1.17374e-07)
(-10 1.34898e-06 -1.38778e-08)
(-10 1.0256e-06 -6.33441e-09)
(-10 9.46644e-07 -2.52195e-07)
(-10 8.68376e-07 -5.85552e-08)
(-10 2.3846e-06 -4.17134e-08)
(-10 2.28301e-06 -7.81068e-08)
(-10 2.25226e-06 -3.33691e-08)
(-10 2.30084e-06 -4.55601e-08)
(-10 2.37969e-06 -5.25776e-08)
(-10 2.44416e-06 2.56545e-08)
(-10 2.48497e-06 1.2253e-08)
(-10 2.51445e-06 1.43712e-08)
(-10 2.55705e-06 -2.77654e-08)
(-10 2.64921e-06 -2.88597e-08)
(-10 2.776e-06 -3.55594e-08)
(-10 2.9216e-06 -6.70748e-08)
(-10 3.09345e-06 -3.14585e-08)
(-10 1.44275e-06 -3.78748e-08)
(-10 1.13901e-06 -1.73991e-07)
(-10 1.03469e-06 -1.49925e-08)
(-10 9.41543e-07 -1.3793e-07)
(-10 2.27191e-06 -7.77348e-08)
(-10 2.19646e-06 -5.88813e-08)
(-10 2.22722e-06 -7.15779e-08)
(-10 2.33162e-06 -3.91499e-08)
(-10 2.40827e-06 1.26247e-08)
(-10 2.47737e-06 -1.55259e-08)
(-10 2.53776e-06 5.86841e-09)
(-10 2.59869e-06 -2.01791e-08)
(-10 2.65484e-06 3.96758e-09)
(-10 2.7313e-06 -2.23601e-08)
(-10 2.82761e-06 -4.12011e-08)
(-10 2.94171e-06 -4.60043e-08)
(-10 3.08072e-06 -7.18168e-08)
(-10 1.49944e-06 -4.92409e-08)
(-10 1.18475e-06 -3.18614e-08)
(-10 1.08976e-06 -2.41194e-07)
(-10 9.90115e-07 -7.18366e-08)
(-10 2.11224e-06 -5.23421e-08)
(-10 1.97205e-06 -5.90878e-08)
(-10 2.14771e-06 -2.75255e-08)
(-10 2.40908e-06 -5.04324e-08)
(-10 2.43128e-06 -4.74917e-08)
(-10 2.47748e-06 1.65022e-08)
(-10 2.54229e-06 -3.4249e-09)
(-10 2.60012e-06 -1.17336e-08)
(-10 2.65779e-06 -5.10885e-08)
(-10 2.72095e-06 -3.91033e-08)
(-10 2.7941e-06 -4.62262e-08)
(-10 2.88466e-06 -5.98098e-08)
(-10 2.99615e-06 -5.05716e-08)
(-10 1.4821e-06 -5.67093e-08)
(-10 1.18137e-06 -1.51411e-07)
(-10 1.08294e-06 -7.58747e-09)
(-10 1.06012e-06 -1.36375e-07)
(-10 1.95412e-06 -5.27723e-08)
(-10 1.82945e-06 2.9581e-08)
(-10 2.05143e-06 -4.81507e-08)
(-10 2.35717e-06 -9.00551e-08)
(-10 2.37971e-06 -4.8468e-09)
(-10 2.42413e-06 -3.12125e-08)
(-10 2.48614e-06 -2.41221e-08)
(-10 2.53893e-06 -4.43477e-08)
(-10 2.592e-06 -2.06287e-08)
(-10 2.64412e-06 -3.77787e-08)
(-10 2.70487e-06 -3.55703e-08)
(-10 2.77938e-06 -3.03044e-08)
(-10 2.86655e-06 -3.62256e-08)
(-10 1.44743e-06 -3.95091e-08)
(-10 1.14724e-06 -2.06822e-08)
(-10 1.0743e-06 -1.82151e-07)
(-10 1.04744e-06 -8.73083e-08)
(-10 1.83352e-06 -4.58263e-08)
(-10 1.80799e-06 -3.66421e-08)
(-10 1.95412e-06 -1.21696e-08)
(-10 2.15579e-06 -4.20676e-08)
(-10 2.24685e-06 -5.95011e-08)
(-10 2.31513e-06 -2.19865e-08)
(-10 2.37167e-06 -4.85231e-08)
(-10 2.42338e-06 -5.61145e-08)
(-10 2.4717e-06 -7.69993e-08)
(-10 2.5229e-06 -6.03616e-08)
(-10 2.57436e-06 -4.25058e-08)
(-10 2.63456e-06 -4.82116e-08)
(-10 2.71099e-06 -4.19058e-08)
(-10 1.40208e-06 -5.09744e-08)
(-10 1.12304e-06 -9.75494e-08)
(-10 1.01387e-06 2.89501e-08)
(-10 9.34411e-07 -8.26765e-08)
(-10 1.67458e-06 -6.35768e-08)
(-10 1.70781e-06 -2.4531e-08)
(-10 1.83087e-06 -4.33768e-08)
(-10 1.97107e-06 -3.4803e-08)
(-10 2.07045e-06 -2.57256e-08)
(-10 2.14705e-06 -7.26036e-08)
(-10 2.20866e-06 -7.91024e-08)
(-10 2.26004e-06 -8.79398e-08)
(-10 2.30759e-06 -6.0814e-08)
(-10 2.3448e-06 -5.43479e-08)
(-10 2.39038e-06 -4.25248e-08)
(-10 2.43959e-06 -2.1994e-08)
(-10 2.51706e-06 -3.89374e-08)
(-10 1.33349e-06 -3.88397e-08)
(-10 1.06903e-06 -1.79957e-08)
(-10 9.8675e-07 -1.11074e-07)
(-10 8.61604e-07 -5.32757e-09)
(-10 1.43291e-06 -4.30342e-08)
(-10 1.51615e-06 -3.83193e-08)
(-10 1.68069e-06 -2.49248e-08)
(-10 1.79597e-06 -5.54744e-08)
(-10 1.8821e-06 -9.67172e-08)
(-10 1.94773e-06 -8.45491e-08)
(-10 2.00506e-06 -1.0585e-07)
(-10 2.04706e-06 -9.99388e-08)
(-10 2.08099e-06 -1.05674e-07)
(-10 2.11402e-06 -7.09033e-08)
(-10 2.14822e-06 -4.6942e-08)
(-10 2.19718e-06 -3.47007e-08)
(-10 2.26452e-06 -2.43649e-08)
(-10 1.22651e-06 -4.36334e-08)
(-10 1.01558e-06 -6.43837e-08)
(-10 9.20961e-07 4.31463e-08)
(-10 8.23787e-07 -4.29569e-08)
(-10 1.0769e-06 -3.29558e-08)
(-10 1.29188e-06 -2.40389e-08)
(-10 1.58459e-06 -7.39391e-08)
(-10 1.62343e-06 -8.48688e-08)
(-10 1.6687e-06 -8.68471e-08)
(-10 1.72034e-06 -1.26816e-07)
(-10 1.75816e-06 -1.23338e-07)
(-10 1.79131e-06 -1.20343e-07)
(-10 1.81188e-06 -7.73006e-08)
(-10 1.83639e-06 -6.08971e-08)
(-10 1.86345e-06 -3.33454e-08)
(-10 1.9085e-06 -7.44872e-09)
(-10 1.97513e-06 -3.11928e-08)
(-10 1.08994e-06 -2.92269e-08)
(-10 9.21563e-07 1.40294e-09)
(-10 9.56162e-07 -8.08936e-08)
(-10 8.42718e-07 -1.00397e-08)
(-10 8.19573e-07 4.24957e-08)
(-10 1.0493e-06 -3.37889e-08)
(-10 1.36644e-06 -1.31295e-07)
(-10 1.38548e-06 -1.20015e-07)
(-10 1.41095e-06 -1.44371e-07)
(-10 1.44407e-06 -1.36441e-07)
(-10 1.46851e-06 -1.3731e-07)
(-10 1.48853e-06 -1.19833e-07)
(-10 1.50109e-06 -1.04125e-07)
(-10 1.51706e-06 -6.60416e-08)
(-10 1.54368e-06 -2.6051e-08)
(-10 1.58782e-06 -1.31185e-08)
(-10 1.64157e-06 4.95364e-09)
(-10 9.17418e-07 -2.42871e-08)
(-10 8.21525e-07 -4.95817e-08)
(-10 8.2013e-07 -2.77773e-08)
(-10 7.73187e-07 -8.00526e-08)
(-10 7.20477e-07 -2.08246e-08)
(-10 8.09278e-07 -4.45154e-08)
(-10 1.02712e-06 -1.09867e-07)
(-10 1.09724e-06 -1.29653e-07)
(-10 1.12844e-06 -1.34888e-07)
(-10 1.15094e-06 -1.53623e-07)
(-10 1.17053e-06 -1.46189e-07)
(-10 1.17327e-06 -1.28979e-07)
(-10 1.18883e-06 -8.78486e-08)
(-10 1.18055e-06 -6.89239e-08)
(-10 1.23105e-06 -2.64747e-08)
(-10 1.2613e-06 -3.0802e-09)
(-10 1.3334e-06 -1.59969e-08)
(-10 7.40398e-07 -2.67407e-08)
(-10 6.28596e-07 6.93316e-09)
(-10 6.66228e-07 -4.60941e-08)
(-10 5.62776e-07 -2.32431e-08)
(-10 4.96807e-07 -6.91324e-08)
(-10 6.28653e-07 -7.72288e-08)
(-10 7.15106e-07 -1.09773e-07)
(-10 7.94753e-07 -1.42306e-07)
(-10 8.20196e-07 -1.68563e-07)
(-10 8.43415e-07 -1.70161e-07)
(-10 8.47647e-07 -1.65591e-07)
(-10 8.5848e-07 -1.41844e-07)
(-10 8.39315e-07 -1.17143e-07)
(-10 8.9199e-07 -8.07125e-08)
(-10 8.97998e-07 -6.13095e-08)
(-10 9.66003e-07 -3.33065e-08)
(-10 9.69765e-07 -2.05249e-08)
(-10 5.51379e-07 -3.63765e-08)
(-10 4.87866e-07 -5.2267e-08)
(-10 3.40179e-07 -2.42654e-08)
(-10 3.71692e-07 -3.42297e-08)
(-10 1.6048e-07 -8.28465e-08)
(-10 1.85348e-07 -1.23192e-07)
(-10 2.09453e-07 -1.21023e-07)
(-10 2.46455e-07 -1.70081e-07)
(-10 2.33351e-07 -1.39466e-07)
(-10 2.40558e-07 -1.86574e-07)
(-10 2.37778e-07 -1.51059e-07)
(-10 2.45635e-07 -1.58903e-07)
(-10 2.37367e-07 -1.2174e-07)
(-10 2.90079e-07 -9.44308e-08)
(-10 2.99018e-07 -7.46849e-08)
(-10 3.55422e-07 -5.10709e-08)
(-10 3.44874e-07 -4.05537e-08)
(-10 8.47422e-08 -6.09153e-08)
(-10 -6.29554e-08 -4.23466e-08)
(-10 -1.26802e-08 -4.99825e-08)
(-10 2.51929e-08 -5.05645e-08)
(-10 3.44726e-08 -1.0063e-07)
(-10 -4.00703e-08 -1.10553e-07)
(-10 -1.65065e-08 -1.39134e-07)
(-10 -3.36828e-08 -1.57801e-07)
(-10 -3.34763e-08 -1.61967e-07)
(-10 -5.12855e-08 -1.79348e-07)
(-10 -4.26017e-08 -1.6982e-07)
(-10 -4.963e-08 -1.56297e-07)
(-10 -3.11267e-08 -1.3316e-07)
(-10 -3.94362e-08 -1.19635e-07)
(-10 6.1448e-09 -8.30143e-08)
(-10 -4.48073e-10 -6.30959e-08)
(-10 -1.74347e-09 -6.11103e-08)
(-10 -8.8683e-08 -6.39532e-08)
(-10 -9.73736e-08 -6.68816e-08)
(-10 -7.94106e-08 -6.34405e-08)
(-10 -4.57186e-08 -5.8543e-08)
(-10 2.37904e-06 1.89386e-07)
(-10 2.54837e-06 2.02765e-07)
(-10 2.55185e-06 2.63744e-07)
(-10 2.55903e-06 2.52065e-07)
(-10 2.57944e-06 2.33248e-07)
(-10 2.63687e-06 2.14844e-07)
(-10 2.68067e-06 1.66898e-07)
(-10 2.74731e-06 6.91021e-08)
(-10 2.81852e-06 6.98891e-08)
(-10 2.88131e-06 8.53989e-08)
(-10 2.98981e-06 9.33227e-08)
(-10 3.06436e-06 1.65631e-07)
(-10 3.16558e-06 2.81934e-07)
(-10 1.80877e-06 2.36099e-07)
(-10 1.41868e-06 2.84145e-07)
(-10 1.33194e-06 2.46397e-07)
(-10 2.47183e-06 2.21216e-07)
(-10 2.51883e-06 2.08755e-07)
(-10 2.54983e-06 2.03521e-07)
(-10 2.5668e-06 2.26802e-07)
(-10 2.60729e-06 2.31681e-07)
(-10 2.65285e-06 1.86222e-07)
(-10 2.71845e-06 1.50509e-07)
(-10 2.77425e-06 1.12451e-07)
(-10 2.84989e-06 7.83106e-08)
(-10 2.95184e-06 7.4029e-08)
(-10 3.05422e-06 1.22441e-07)
(-10 3.24685e-06 1.73409e-07)
(-10 3.40009e-06 2.11127e-07)
(-10 1.96018e-06 3.30084e-07)
(-10 1.67262e-06 2.50423e-07)
(-10 1.52716e-06 3.51132e-07)
(-10 2.36443e-06 1.55794e-07)
(-10 2.40318e-06 1.68579e-07)
(-10 2.44268e-06 2.24599e-07)
(-10 2.47474e-06 1.84045e-07)
(-10 2.53274e-06 1.6872e-07)
(-10 2.58906e-06 1.79691e-07)
(-10 2.64062e-06 1.42289e-07)
(-10 2.69752e-06 8.34459e-08)
(-10 2.77201e-06 8.25504e-08)
(-10 2.8774e-06 1.09555e-07)
(-10 3.02004e-06 9.05463e-08)
(-10 3.21825e-06 1.40942e-07)
(-10 3.41445e-06 2.17732e-07)
(-10 1.95228e-06 1.55554e-07)
(-10 1.58839e-06 2.73627e-07)
(-10 1.59132e-06 1.96177e-07)
(-10 2.24402e-06 1.96989e-07)
(-10 2.27527e-06 2.01356e-07)
(-10 2.32534e-06 1.72586e-07)
(-10 2.37645e-06 1.97085e-07)
(-10 2.43952e-06 1.85018e-07)
(-10 2.48847e-06 1.19562e-07)
(-10 2.53748e-06 9.63886e-08)
(-10 2.59622e-06 1.0466e-07)
(-10 2.68313e-06 1.05859e-07)
(-10 2.80945e-06 1.07109e-07)
(-10 2.98826e-06 1.49196e-07)
(-10 3.21744e-06 1.71135e-07)
(-10 3.47691e-06 1.45718e-07)
(-10 1.8707e-06 2.63757e-07)
(-10 1.64501e-06 1.9596e-07)
(-10 1.57339e-06 2.7553e-07)
(-10 2.13314e-06 1.45304e-07)
(-10 2.16158e-06 1.39101e-07)
(-10 2.22207e-06 1.79749e-07)
(-10 2.2803e-06 1.30053e-07)
(-10 2.32843e-06 9.56595e-08)
(-10 2.35998e-06 9.33289e-08)
(-10 2.40892e-06 8.79586e-08)
(-10 2.48616e-06 6.40178e-08)
(-10 2.60393e-06 1.07967e-07)
(-10 2.76378e-06 1.34241e-07)
(-10 2.97788e-06 9.84279e-08)
(-10 3.24088e-06 1.13967e-07)
(-10 3.51056e-06 1.77047e-07)
(-10 1.9178e-06 1.31878e-07)
(-10 1.62525e-06 2.02353e-07)
(-10 1.53035e-06 1.41429e-07)
(-10 2.00947e-06 1.55669e-07)
(-10 2.05529e-06 1.82777e-07)
(-10 2.11852e-06 1.09395e-07)
(-10 2.16016e-06 9.57261e-08)
(-10 2.15366e-06 6.29198e-08)
(-10 2.17073e-06 4.43066e-08)
(-10 2.24677e-06 7.36146e-08)
(-10 2.37516e-06 1.12893e-07)
(-10 2.53107e-06 1.20259e-07)
(-10 2.74055e-06 1.29738e-07)
(-10 2.98426e-06 1.55274e-07)
(-10 3.26983e-06 1.1879e-07)
(-10 3.56947e-06 1.17836e-07)
(-10 1.90023e-06 1.87573e-07)
(-10 1.56639e-06 1.43834e-07)
(-10 1.47676e-06 1.33194e-07)
(-10 1.92011e-06 1.19322e-07)
(-10 1.96241e-06 1.44801e-07)
(-10 2.06782e-06 1.21655e-07)
(-10 1.96227e-06 -3.85206e-08)
(-10 1.84161e-06 -7.48718e-08)
(-10 1.98379e-06 1.08043e-07)
(-10 2.14572e-06 1.52824e-07)
(-10 2.32677e-06 9.04464e-08)
(-10 2.53339e-06 1.23779e-07)
(-10 2.78377e-06 1.46571e-07)
(-10 3.05765e-06 8.41863e-08)
(-10 3.35101e-06 9.23828e-08)
(-10 3.65724e-06 1.13e-07)
(-10 1.9539e-06 1.15226e-07)
(-10 1.6515e-06 1.23894e-07)
(-10 1.46862e-06 1.12402e-07)
(-10 1.85448e-06 7.06368e-08)
(-10 1.81796e-06 8.33773e-08)
(-10 1.75262e-06 -2.46825e-08)
(-10 1.62892e-06 6.27446e-08)
(-10 1.59043e-06 7.25531e-08)
(-10 1.78e-06 -2.17189e-08)
(-10 2.0617e-06 1.12891e-08)
(-10 2.29472e-06 7.23814e-08)
(-10 2.55702e-06 9.34683e-08)
(-10 2.82683e-06 9.10871e-08)
(-10 3.10991e-06 9.82171e-08)
(-10 3.3848e-06 6.47912e-08)
(-10 3.65812e-06 -1.19197e-08)
(-10 1.95037e-06 9.97123e-08)
(-10 1.55782e-06 1.07274e-07)
(-10 1.46094e-06 -3.42435e-08)
(-10 1.19198e-06 1.33084e-07)
(-10 2.06355e-06 6.5119e-09)
(-10 1.92909e-06 -4.89306e-08)
(-10 1.6894e-06 1.90706e-07)
(-10 1.57236e-06 2.485e-07)
(-10 1.65108e-06 -3.99023e-08)
(-10 1.75885e-06 -1.35657e-07)
(-10 1.98473e-06 -6.98993e-08)
(-10 2.2697e-06 -2.97218e-08)
(-10 2.55021e-06 3.81599e-08)
(-10 2.81112e-06 5.88298e-08)
(-10 3.05879e-06 2.01069e-08)
(-10 3.28732e-06 6.56432e-09)
(-10 3.48697e-06 4.27041e-08)
(-10 1.6432e-06 4.7333e-08)
(-10 1.30796e-06 9.35661e-08)
(-10 1.13582e-06 8.12648e-08)
(-10 8.35706e-07 -4.11813e-08)
(-10 2.37636e-06 -8.87791e-08)
(-10 2.20083e-06 6.28119e-08)
(-10 1.95524e-06 1.77848e-07)
(-10 1.91896e-06 2.35544e-07)
(-10 2.08715e-06 1.59887e-08)
(-10 2.10504e-06 -2.12365e-07)
(-10 2.1067e-06 -2.08415e-07)
(-10 2.24114e-06 -1.21531e-07)
(-10 2.43402e-06 -6.8528e-08)
(-10 2.62928e-06 -5.48665e-08)
(-10 2.81182e-06 -2.66921e-08)
(-10 3.00675e-06 2.59811e-09)
(-10 3.21391e-06 -1.95395e-08)
(-10 1.49427e-06 1.88893e-07)
(-10 1.03617e-06 3.47897e-08)
(-10 9.46858e-07 7.65908e-08)
(-10 7.71761e-07 1.11927e-07)
(-10 2.45206e-06 -4.92232e-08)
(-10 2.28015e-06 7.53384e-09)
(-10 2.06872e-06 2.30355e-07)
(-10 2.16288e-06 2.10765e-07)
(-10 2.39113e-06 -6.29553e-08)
(-10 2.3924e-06 -1.3721e-07)
(-10 2.34025e-06 -8.02599e-08)
(-10 2.34752e-06 -9.73131e-08)
(-10 2.44357e-06 -1.09353e-07)
(-10 2.58544e-06 -5.67874e-08)
(-10 2.72632e-06 -5.33037e-08)
(-10 2.9144e-06 -4.30662e-08)
(-10 3.19439e-06 -9.0463e-09)
(-10 1.40898e-06 -1.3055e-07)
(-10 1.19997e-06 7.80434e-08)
(-10 1.05497e-06 2.05349e-08)
(-10 8.98121e-07 -1.79044e-07)
(-10 2.43689e-06 -1.04658e-07)
(-10 2.29422e-06 -4.6143e-08)
(-10 2.19047e-06 7.11576e-08)
(-10 2.23502e-06 4.53328e-08)
(-10 2.39035e-06 -1.0019e-07)
(-10 2.4888e-06 -1.23754e-07)
(-10 2.54535e-06 -6.82399e-08)
(-10 2.61132e-06 -1.31242e-08)
(-10 2.7129e-06 -5.07815e-08)
(-10 2.83068e-06 -7.06304e-08)
(-10 2.96268e-06 -5.56192e-08)
(-10 3.11919e-06 -9.88031e-08)
(-10 3.2883e-06 -1.99901e-07)
(-10 1.63404e-06 -2.33354e-08)
(-10 1.12749e-06 -1.10488e-07)
(-10 1.14448e-06 -9.09456e-08)
(-10 1.0019e-06 -1.05151e-07)
(-10 2.40821e-06 -7.3396e-08)
(-10 2.28722e-06 -1.14215e-07)
(-10 2.24009e-06 -1.0185e-08)
(-10 2.30498e-06 -2.42338e-08)
(-10 2.44666e-06 -7.61371e-08)
(-10 2.5749e-06 -2.31557e-08)
(-10 2.70107e-06 4.2795e-09)
(-10 2.80937e-06 -1.05494e-08)
(-10 2.91228e-06 -1.51448e-08)
(-10 3.00122e-06 -3.47848e-08)
(-10 3.0983e-06 -8.41627e-08)
(-10 3.21494e-06 -1.23734e-07)
(-10 3.36384e-06 -1.15673e-07)
(-10 1.58725e-06 -2.00041e-07)
(-10 1.35124e-06 -1.09539e-07)
(-10 1.12737e-06 -9.42596e-08)
(-10 1.02719e-06 -3.40322e-07)
(-10 2.32104e-06 -1.4021e-07)
(-10 2.21883e-06 -1.07275e-07)
(-10 2.23908e-06 -1.05721e-07)
(-10 2.33998e-06 -6.70475e-08)
(-10 2.48949e-06 -4.13932e-08)
(-10 2.6403e-06 -4.0167e-08)
(-10 2.78634e-06 -2.5928e-08)
(-10 2.91621e-06 -2.86374e-09)
(-10 2.99996e-06 -5.45927e-08)
(-10 3.06627e-06 -8.78474e-08)
(-10 3.13325e-06 -8.97017e-08)
(-10 3.21727e-06 -1.33642e-07)
(-10 3.30516e-06 -2.38248e-07)
(-10 1.71182e-06 -1.36702e-07)
(-10 1.29171e-06 -1.3043e-07)
(-10 1.20075e-06 -1.88422e-07)
(-10 1.04798e-06 -1.57503e-07)
(-10 2.18372e-06 -9.3539e-08)
(-10 2.08767e-06 -1.11628e-07)
(-10 2.18305e-06 -5.06351e-08)
(-10 2.38105e-06 -7.63414e-08)
(-10 2.52563e-06 -5.65794e-08)
(-10 2.67746e-06 -9.2139e-09)
(-10 2.82068e-06 -1.55533e-08)
(-10 2.93003e-06 -5.871e-08)
(-10 2.99731e-06 -7.60123e-08)
(-10 3.04257e-06 -7.59606e-08)
(-10 3.08426e-06 -1.19865e-07)
(-10 3.14035e-06 -1.41342e-07)
(-10 3.21393e-06 -1.24044e-07)
(-10 1.61649e-06 -1.25065e-07)
(-10 1.32961e-06 -1.67955e-07)
(-10 1.15946e-06 -1.25139e-07)
(-10 1.00895e-06 -3.15206e-07)
(-10 2.00823e-06 -1.15641e-07)
(-10 1.84796e-06 1.08346e-08)
(-10 2.07557e-06 -8.99311e-08)
(-10 2.42625e-06 -1.33175e-07)
(-10 2.5267e-06 -4.87653e-08)
(-10 2.64962e-06 -5.68102e-08)
(-10 2.77456e-06 -7.48852e-08)
(-10 2.8556e-06 -8.36684e-08)
(-10 2.90253e-06 -1.06869e-07)
(-10 2.93001e-06 -1.2387e-07)
(-10 2.95275e-06 -9.61625e-08)
(-10 2.98391e-06 -1.15374e-07)
(-10 3.01597e-06 -1.70613e-07)
(-10 1.58144e-06 -1.4633e-07)
(-10 1.30452e-06 -1.28457e-07)
(-10 1.12734e-06 -1.75648e-07)
(-10 1.0319e-06 -1.3345e-07)
(-10 1.85329e-06 -8.54455e-08)
(-10 1.72526e-06 -6.6306e-08)
(-10 1.97463e-06 -3.70793e-08)
(-10 2.32744e-06 -8.49603e-08)
(-10 2.43263e-06 -8.05232e-08)
(-10 2.55503e-06 -7.64158e-08)
(-10 2.65499e-06 -1.0813e-07)
(-10 2.71294e-06 -1.49814e-07)
(-10 2.74358e-06 -1.44086e-07)
(-10 2.75741e-06 -1.23343e-07)
(-10 2.76852e-06 -1.23545e-07)
(-10 2.78883e-06 -1.20446e-07)
(-10 2.83095e-06 -1.10008e-07)
(-10 1.52363e-06 -1.26823e-07)
(-10 1.17885e-06 -1.54538e-07)
(-10 1.03061e-06 -3.79559e-08)
(-10 9.63232e-07 -2.11552e-07)
(-10 1.70473e-06 -9.615e-08)
(-10 1.69035e-06 -5.83654e-08)
(-10 1.86691e-06 -9.63927e-08)
(-10 2.10278e-06 -8.17294e-08)
(-10 2.2659e-06 -1.02419e-07)
(-10 2.39718e-06 -1.55661e-07)
(-10 2.47179e-06 -1.87982e-07)
(-10 2.51436e-06 -1.82838e-07)
(-10 2.53341e-06 -1.83039e-07)
(-10 2.54116e-06 -1.61003e-07)
(-10 2.54865e-06 -1.10549e-07)
(-10 2.56827e-06 -9.38249e-08)
(-10 2.62568e-06 -1.36942e-07)
(-10 1.40185e-06 -1.40647e-07)
(-10 1.12919e-06 -1.16352e-07)
(-10 9.96638e-07 -1.45979e-07)
(-10 8.36388e-07 -3.33467e-08)
(-10 1.49074e-06 -6.89161e-08)
(-10 1.54146e-06 -7.07981e-08)
(-10 1.72031e-06 -6.40196e-08)
(-10 1.90973e-06 -1.23805e-07)
(-10 2.06095e-06 -1.70559e-07)
(-10 2.16723e-06 -1.98086e-07)
(-10 2.2249e-06 -2.24788e-07)
(-10 2.25247e-06 -2.3803e-07)
(-10 2.26324e-06 -2.08918e-07)
(-10 2.26831e-06 -1.5425e-07)
(-10 2.27679e-06 -1.27498e-07)
(-10 2.29958e-06 -9.42506e-08)
(-10 2.35086e-06 -7.93585e-08)
(-10 1.31908e-06 -1.1938e-07)
(-10 1.03893e-06 -1.40383e-07)
(-10 9.22655e-07 8.90255e-10)
(-10 8.00263e-07 -1.34836e-07)
(-10 1.22817e-06 -7.12443e-08)
(-10 1.33116e-06 -6.02772e-08)
(-10 1.56994e-06 -1.46394e-07)
(-10 1.71214e-06 -1.77956e-07)
(-10 1.83278e-06 -2.21969e-07)
(-10 1.90008e-06 -2.72797e-07)
(-10 1.93651e-06 -2.85699e-07)
(-10 1.95319e-06 -2.63924e-07)
(-10 1.96026e-06 -2.28488e-07)
(-10 1.96412e-06 -1.83449e-07)
(-10 1.97774e-06 -1.13924e-07)
(-10 2.00107e-06 -7.225e-08)
(-10 2.04862e-06 -9.1443e-08)
(-10 1.13659e-06 -1.28385e-07)
(-10 9.59097e-07 -7.72407e-08)
(-10 9.01808e-07 -1.54992e-07)
(-10 7.56458e-07 -5.58989e-08)
(-10 8.41711e-07 4.10561e-08)
(-10 1.10535e-06 -6.84834e-08)
(-10 1.39408e-06 -2.19641e-07)
(-10 1.48952e-06 -2.53747e-07)
(-10 1.50911e-06 -2.75883e-07)
(-10 1.57036e-06 -3.0424e-07)
(-10 1.58489e-06 -3.05968e-07)
(-10 1.59622e-06 -2.79631e-07)
(-10 1.59528e-06 -2.34939e-07)
(-10 1.60472e-06 -1.75541e-07)
(-10 1.61722e-06 -1.28394e-07)
(-10 1.6521e-06 -7.97613e-08)
(-10 1.69894e-06 -3.93541e-08)
(-10 9.49423e-07 -9.42547e-08)
(-10 8.18191e-07 -1.4448e-07)
(-10 8.36027e-07 -1.06581e-07)
(-10 7.66388e-07 -2.00277e-07)
(-10 6.3926e-07 1.19212e-08)
(-10 8.26906e-07 -8.71044e-08)
(-10 1.17741e-06 -2.86803e-07)
(-10 1.16467e-06 -2.76452e-07)
(-10 1.21764e-06 -3.19788e-07)
(-10 1.22227e-06 -3.40807e-07)
(-10 1.23972e-06 -3.28502e-07)
(-10 1.24046e-06 -2.67097e-07)
(-10 1.24647e-06 -2.30582e-07)
(-10 1.24367e-06 -2.00007e-07)
(-10 1.28148e-06 -1.40443e-07)
(-10 1.30873e-06 -7.18695e-08)
(-10 1.35809e-06 -7.27043e-08)
(-10 7.63253e-07 -1.00321e-07)
(-10 6.54115e-07 -9.22725e-08)
(-10 6.87914e-07 -2.10513e-07)
(-10 6.28267e-07 -1.51876e-07)
(-10 5.12679e-07 -1.05654e-07)
(-10 6.24982e-07 -1.37422e-07)
(-10 8.16447e-07 -2.30215e-07)
(-10 8.40445e-07 -2.68617e-07)
(-10 8.79553e-07 -3.44325e-07)
(-10 8.81583e-07 -3.45492e-07)
(-10 8.99494e-07 -3.16745e-07)
(-10 9.02809e-07 -2.82197e-07)
(-10 9.13458e-07 -2.46494e-07)
(-10 9.13197e-07 -2.01659e-07)
(-10 9.57587e-07 -1.57863e-07)
(-10 9.95025e-07 -9.56934e-08)
(-10 1.0284e-06 -9.14131e-08)
(-10 5.47463e-07 -1.04788e-07)
(-10 4.4501e-07 -1.36785e-07)
(-10 4.03244e-07 -1.03961e-07)
(-10 3.99135e-07 -1.33787e-07)
(-10 1.98697e-07 -9.62577e-08)
(-10 2.18934e-07 -1.63259e-07)
(-10 2.65113e-07 -1.82803e-07)
(-10 3.0295e-07 -2.88454e-07)
(-10 2.96599e-07 -2.87259e-07)
(-10 3.01484e-07 -3.22779e-07)
(-10 2.95692e-07 -3.11897e-07)
(-10 3.04619e-07 -2.63294e-07)
(-10 2.87409e-07 -2.20634e-07)
(-10 3.28419e-07 -1.85751e-07)
(-10 3.56015e-07 -1.2924e-07)
(-10 3.89883e-07 -9.17218e-08)
(-10 3.60959e-07 -7.82308e-08)
(-10 8.77327e-08 -1.03472e-07)
(-10 -4.21151e-09 -9.63444e-08)
(-10 -6.58727e-09 -1.09713e-07)
(-10 5.3314e-08 -9.6205e-08)
(-10 2.29711e-08 -1.76242e-07)
(-10 3.38426e-10 -1.81561e-07)
(-10 1.13236e-08 -2.37073e-07)
(-10 3.40787e-09 -2.88838e-07)
(-10 -7.34179e-09 -3.50651e-07)
(-10 -1.56413e-08 -3.66868e-07)
(-10 -1.50985e-08 -3.30251e-07)
(-10 -1.67522e-08 -3.08387e-07)
(-10 -7.43758e-09 -2.72748e-07)
(-10 -4.12963e-09 -2.28877e-07)
(-10 1.4549e-08 -1.74288e-07)
(-10 1.9385e-08 -1.39854e-07)
(-10 2.60173e-09 -1.27457e-07)
(-10 -8.39898e-08 -1.43372e-07)
(-10 -9.39443e-08 -1.53396e-07)
(-10 -7.68767e-08 -1.34951e-07)
(-10 -2.77532e-08 -1.27454e-07)
(-10 2.44835e-06 1.87021e-07)
(-10 2.50321e-06 1.77769e-07)
(-10 2.55572e-06 1.9238e-07)
(-10 2.58115e-06 2.06542e-07)
(-10 2.62542e-06 2.23111e-07)
(-10 2.6523e-06 1.86122e-07)
(-10 2.70983e-06 1.486e-07)
(-10 2.7663e-06 9.42806e-08)
(-10 2.82432e-06 9.48084e-08)
(-10 2.89303e-06 3.16301e-08)
(-10 2.94811e-06 8.98553e-08)
(-10 3.05395e-06 1.46078e-07)
(-10 3.11267e-06 2.10327e-07)
(-10 1.77944e-06 3.02334e-07)
(-10 1.42281e-06 3.28805e-07)
(-10 1.30436e-06 3.45045e-07)
(-10 2.35138e-06 1.33158e-07)
(-10 2.52671e-06 1.46813e-07)
(-10 2.55968e-06 1.57785e-07)
(-10 2.6003e-06 1.74957e-07)
(-10 2.63306e-06 1.55409e-07)
(-10 2.68476e-06 1.50536e-07)
(-10 2.73022e-06 1.14526e-07)
(-10 2.79467e-06 8.00833e-08)
(-10 2.86315e-06 3.65685e-08)
(-10 2.94839e-06 6.00986e-08)
(-10 3.0794e-06 7.45774e-08)
(-10 3.18882e-06 1.10511e-07)
(-10 3.36759e-06 1.72433e-07)
(-10 1.89042e-06 2.52532e-07)
(-10 1.60537e-06 2.98004e-07)
(-10 1.5026e-06 2.9697e-07)
(-10 2.31089e-06 1.38126e-07)
(-10 2.40631e-06 1.48071e-07)
(-10 2.4528e-06 1.67934e-07)
(-10 2.50174e-06 1.54021e-07)
(-10 2.54962e-06 1.50942e-07)
(-10 2.60008e-06 1.2177e-07)
(-10 2.657e-06 1.02081e-07)
(-10 2.71845e-06 6.00901e-08)
(-10 2.79563e-06 7.46459e-08)
(-10 2.89696e-06 5.00276e-08)
(-10 3.03706e-06 8.87352e-08)
(-10 3.19735e-06 1.20421e-07)
(-10 3.39162e-06 1.79395e-07)
(-10 1.86639e-06 2.12269e-07)
(-10 1.58381e-06 2.60755e-07)
(-10 1.51114e-06 2.61418e-07)
(-10 2.20847e-06 1.1545e-07)
(-10 2.28013e-06 1.3069e-07)
(-10 2.33455e-06 1.36624e-07)
(-10 2.38902e-06 1.41685e-07)
(-10 2.44332e-06 9.81711e-08)
(-10 2.49783e-06 8.38522e-08)
(-10 2.55451e-06 5.7452e-08)
(-10 2.62463e-06 5.65286e-08)
(-10 2.72026e-06 3.44073e-08)
(-10 2.84791e-06 7.86329e-08)
(-10 3.01528e-06 8.33316e-08)
(-10 3.21627e-06 1.0722e-07)
(-10 3.44241e-06 1.2631e-07)
(-10 1.85354e-06 1.94744e-07)
(-10 1.58214e-06 2.1715e-07)
(-10 1.52296e-06 2.13689e-07)
(-10 2.11071e-06 1.30465e-07)
(-10 2.16622e-06 1.45494e-07)
(-10 2.22365e-06 1.43807e-07)
(-10 2.27803e-06 1.15482e-07)
(-10 2.32257e-06 1.03107e-07)
(-10 2.3684e-06 5.44031e-08)
(-10 2.4351e-06 5.69301e-08)
(-10 2.52633e-06 5.56264e-08)
(-10 2.65058e-06 1.00247e-07)
(-10 2.80834e-06 8.33801e-08)
(-10 3.00965e-06 1.12818e-07)
(-10 3.24629e-06 1.16955e-07)
(-10 3.49448e-06 1.46346e-07)
(-10 1.87073e-06 1.52063e-07)
(-10 1.57961e-06 1.78187e-07)
(-10 1.52454e-06 1.77545e-07)
(-10 2.01521e-06 1.26793e-07)
(-10 2.0599e-06 1.29527e-07)
(-10 2.11763e-06 1.16642e-07)
(-10 2.14922e-06 9.32246e-08)
(-10 2.15952e-06 3.16347e-08)
(-10 2.19913e-06 3.93711e-08)
(-10 2.29033e-06 3.90681e-08)
(-10 2.42093e-06 6.68331e-08)
(-10 2.58322e-06 6.62702e-08)
(-10 2.78288e-06 1.17706e-07)
(-10 3.01881e-06 1.0548e-07)
(-10 3.27865e-06 9.42807e-08)
(-10 3.56062e-06 8.56945e-08)
(-10 1.88245e-06 1.33282e-07)
(-10 1.56856e-06 1.59096e-07)
(-10 1.48928e-06 1.5409e-07)
(-10 1.93567e-06 1.81842e-07)
(-10 1.97604e-06 1.8137e-07)
(-10 2.03814e-06 1.30296e-07)
(-10 2.01437e-06 7.36504e-08)
(-10 1.94232e-06 6.95438e-08)
(-10 1.98264e-06 4.21372e-08)
(-10 2.13986e-06 6.77846e-08)
(-10 2.33337e-06 8.65345e-08)
(-10 2.5523e-06 1.44569e-07)
(-10 2.79207e-06 1.24907e-07)
(-10 3.05793e-06 1.25295e-07)
(-10 3.33498e-06 1.213e-07)
(-10 3.63846e-06 1.33337e-07)
(-10 1.91444e-06 1.45227e-07)
(-10 1.593e-06 1.46947e-07)
(-10 1.41839e-06 1.95622e-07)
(-10 1.85034e-06 1.11617e-07)
(-10 1.87541e-06 1.11694e-07)
(-10 1.95763e-06 3.57051e-08)
(-10 1.86566e-06 9.30283e-08)
(-10 1.58062e-06 8.05483e-08)
(-10 1.62734e-06 -3.58146e-09)
(-10 1.95376e-06 -9.39094e-09)
(-10 2.22658e-06 4.30196e-08)
(-10 2.50235e-06 5.5512e-08)
(-10 2.77142e-06 1.07756e-07)
(-10 3.04229e-06 8.38198e-08)
(-10 3.32111e-06 7.04167e-08)
(-10 3.61694e-06 5.76422e-08)
(-10 1.85091e-06 7.46987e-08)
(-10 1.48979e-06 1.1479e-07)
(-10 1.31015e-06 1.3781e-07)
(-10 2.03111e-06 3.0719e-08)
(-10 2.07204e-06 1.08829e-07)
(-10 2.01004e-06 2.49601e-07)
(-10 1.82222e-06 2.67999e-07)
(-10 1.62374e-06 5.16166e-08)
(-10 1.60571e-06 -1.26378e-07)
(-10 1.81905e-06 -8.46153e-08)
(-10 2.12543e-06 -2.39314e-08)
(-10 2.44131e-06 7.26005e-08)
(-10 2.71071e-06 6.22569e-08)
(-10 2.95108e-06 7.9059e-08)
(-10 3.20825e-06 6.49969e-08)
(-10 3.45698e-06 8.23872e-08)
(-10 1.69837e-06 1.03015e-07)
(-10 1.29804e-06 1.29678e-07)
(-10 1.09538e-06 1.09318e-07)
(-10 2.35047e-06 -8.61431e-08)
(-10 2.26505e-06 3.75329e-08)
(-10 2.06172e-06 2.53682e-07)
(-10 1.98544e-06 3.52904e-07)
(-10 2.09571e-06 1.1519e-07)
(-10 2.10775e-06 -1.76711e-07)
(-10 2.10323e-06 -2.96073e-07)
(-10 2.21926e-06 -1.69858e-07)
(-10 2.38524e-06 -8.28496e-08)
(-10 2.57027e-06 -1.57418e-08)
(-10 2.75307e-06 -3.1186e-08)
(-10 2.95852e-06 -1.92028e-08)
(-10 3.18294e-06 3.7635e-08)
(-10 1.41516e-06 1.21599e-07)
(-10 1.06203e-06 1.68031e-07)
(-10 9.28777e-07 1.961e-07)
(-10 6.44955e-07 1.24322e-07)
(-10 2.45631e-06 -2.01336e-07)
(-10 2.19907e-06 7.35919e-08)
(-10 2.02712e-06 3.2505e-07)
(-10 2.02817e-06 2.92109e-07)
(-10 2.30169e-06 8.07564e-08)
(-10 2.51592e-06 -1.95366e-07)
(-10 2.50484e-06 -2.42485e-07)
(-10 2.46728e-06 -1.37632e-07)
(-10 2.4936e-06 -4.10575e-08)
(-10 2.58961e-06 -5.34535e-08)
(-10 2.73139e-06 -3.51323e-08)
(-10 2.88077e-06 -4.64986e-08)
(-10 3.08439e-06 -3.12341e-08)
(-10 1.33353e-06 -1.9316e-08)
(-10 9.52123e-07 1.32913e-08)
(-10 8.17338e-07 3.52956e-08)
(-10 7.28349e-07 7.49801e-08)
(-10 2.42221e-06 -1.53733e-07)
(-10 2.19586e-06 -4.05956e-08)
(-10 1.96633e-06 1.781e-07)
(-10 2.02314e-06 1.89354e-07)
(-10 2.41207e-06 -8.52872e-08)
(-10 2.63909e-06 -1.95879e-07)
(-10 2.65375e-06 -1.52735e-07)
(-10 2.67607e-06 -7.69192e-08)
(-10 2.73319e-06 -6.78019e-08)
(-10 2.82427e-06 -3.36964e-08)
(-10 2.93856e-06 -6.2057e-08)
(-10 3.07773e-06 -7.9949e-08)
(-10 3.23746e-06 -1.14071e-07)
(-10 1.49824e-06 -1.41182e-07)
(-10 1.17162e-06 -1.45087e-07)
(-10 1.01814e-06 -8.76457e-08)
(-10 8.32797e-07 -1.74006e-07)
(-10 2.36977e-06 -1.1456e-07)
(-10 2.17901e-06 -4.44534e-08)
(-10 1.99882e-06 1.10419e-07)
(-10 2.16691e-06 5.62871e-08)
(-10 2.50864e-06 -8.11095e-08)
(-10 2.65589e-06 -9.4057e-08)
(-10 2.74033e-06 -5.59455e-08)
(-10 2.82081e-06 -3.84464e-08)
(-10 2.89446e-06 -7.05727e-10)
(-10 2.97457e-06 -4.20643e-08)
(-10 3.06782e-06 -4.603e-08)
(-10 3.18037e-06 -8.84799e-08)
(-10 3.31763e-06 -1.23294e-07)
(-10 1.64612e-06 -1.65096e-07)
(-10 1.27227e-06 -2.1592e-07)
(-10 1.15208e-06 -2.91284e-07)
(-10 9.97714e-07 -1.67376e-07)
(-10 2.27417e-06 -9.59261e-08)
(-10 2.13533e-06 -9.67565e-08)
(-10 2.10551e-06 -4.09049e-08)
(-10 2.25896e-06 -1.86928e-08)
(-10 2.48875e-06 -7.78884e-08)
(-10 2.65427e-06 -4.83929e-08)
(-10 2.78261e-06 -4.61077e-08)
(-10 2.88624e-06 -3.49373e-08)
(-10 2.96383e-06 -6.43246e-08)
(-10 3.03475e-06 -5.10542e-08)
(-10 3.11135e-06 -8.63124e-08)
(-10 3.20189e-06 -1.16885e-07)
(-10 3.31321e-06 -1.73531e-07)
(-10 1.6891e-06 -2.30888e-07)
(-10 1.36151e-06 -2.58522e-07)
(-10 1.20274e-06 -2.14092e-07)
(-10 1.05481e-06 -2.44424e-07)
(-10 2.1495e-06 -9.01673e-08)
(-10 2.02871e-06 -7.19742e-08)
(-10 2.10879e-06 -4.2767e-08)
(-10 2.31874e-06 -2.24402e-08)
(-10 2.50103e-06 -4.13548e-09)
(-10 2.64886e-06 -1.91157e-08)
(-10 2.77848e-06 -2.65046e-08)
(-10 2.88269e-06 -5.08159e-08)
(-10 2.95637e-06 -3.95073e-08)
(-10 3.01702e-06 -7.73254e-08)
(-10 3.07484e-06 -8.66416e-08)
(-10 3.14345e-06 -1.22208e-07)
(-10 3.23503e-06 -1.57952e-07)
(-10 1.69723e-06 -1.95622e-07)
(-10 1.34746e-06 -2.15939e-07)
(-10 1.21649e-06 -2.96016e-07)
(-10 1.08179e-06 -1.70515e-07)
(-10 1.98193e-06 -7.59202e-08)
(-10 1.80579e-06 -1.40291e-07)
(-10 2.02746e-06 -7.11177e-08)
(-10 2.3813e-06 1.28688e-08)
(-10 2.47678e-06 -4.10631e-08)
(-10 2.59234e-06 -4.90686e-08)
(-10 2.71367e-06 -7.78634e-08)
(-10 2.79863e-06 -8.9539e-08)
(-10 2.86078e-06 -1.19537e-07)
(-10 2.90652e-06 -1.06158e-07)
(-10 2.94825e-06 -1.21164e-07)
(-10 2.99806e-06 -1.37288e-07)
(-10 3.06839e-06 -1.73916e-07)
(-10 1.61531e-06 -2.10449e-07)
(-10 1.30677e-06 -1.63823e-07)
(-10 1.18261e-06 -1.49028e-07)
(-10 1.12087e-06 -1.47906e-07)
(-10 1.84145e-06 -6.83108e-08)
(-10 1.69723e-06 -3.69299e-08)
(-10 1.94305e-06 -2.03517e-08)
(-10 2.28416e-06 -2.14354e-08)
(-10 2.37532e-06 -3.01661e-08)
(-10 2.48874e-06 -7.06588e-08)
(-10 2.58656e-06 -9.45814e-08)
(-10 2.65915e-06 -1.20397e-07)
(-10 2.70944e-06 -1.06023e-07)
(-10 2.74357e-06 -1.22899e-07)
(-10 2.77162e-06 -1.10307e-07)
(-10 2.80825e-06 -1.18767e-07)
(-10 2.86447e-06 -1.28154e-07)
(-10 1.51478e-06 -1.45585e-07)
(-10 1.23742e-06 -1.41131e-07)
(-10 1.10862e-06 -1.87081e-07)
(-10 1.02972e-06 -1.11472e-07)
(-10 1.70246e-06 -5.59701e-08)
(-10 1.68016e-06 -3.82655e-08)
(-10 1.83985e-06 -3.93844e-08)
(-10 2.05487e-06 -5.56563e-08)
(-10 2.20023e-06 -1.06408e-07)
(-10 2.32208e-06 -1.2968e-07)
(-10 2.41108e-06 -1.61765e-07)
(-10 2.4694e-06 -1.67168e-07)
(-10 2.50632e-06 -1.76936e-07)
(-10 2.53147e-06 -1.44783e-07)
(-10 2.55347e-06 -1.29122e-07)
(-10 2.58161e-06 -1.14218e-07)
(-10 2.62877e-06 -1.22751e-07)
(-10 1.42461e-06 -1.37026e-07)
(-10 1.16847e-06 -1.4639e-07)
(-10 9.91375e-07 -7.39794e-08)
(-10 8.92153e-07 -1.21688e-07)
(-10 1.515e-06 -4.11347e-08)
(-10 1.55104e-06 1.35708e-09)
(-10 1.69038e-06 -2.47197e-08)
(-10 1.85999e-06 -7.60683e-08)
(-10 1.99912e-06 -1.13642e-07)
(-10 2.11044e-06 -1.69025e-07)
(-10 2.17698e-06 -1.91301e-07)
(-10 2.22481e-06 -2.03701e-07)
(-10 2.25403e-06 -1.73939e-07)
(-10 2.27343e-06 -1.56981e-07)
(-10 2.28949e-06 -1.1919e-07)
(-10 2.31558e-06 -9.56828e-08)
(-10 2.36226e-06 -7.94392e-08)
(-10 1.28204e-06 -9.01083e-08)
(-10 1.03835e-06 -1.26825e-07)
(-10 9.66573e-07 -1.31289e-07)
(-10 7.7918e-07 -7.98129e-08)
(-10 1.27921e-06 -4.13791e-08)
(-10 1.35593e-06 -2.27517e-08)
(-10 1.51123e-06 -7.65961e-08)
(-10 1.65998e-06 -1.31913e-07)
(-10 1.76629e-06 -2.01362e-07)
(-10 1.84934e-06 -2.35259e-07)
(-10 1.90279e-06 -2.59029e-07)
(-10 1.93432e-06 -2.51101e-07)
(-10 1.95339e-06 -2.36581e-07)
(-10 1.96735e-06 -1.8332e-07)
(-10 1.98407e-06 -1.3542e-07)
(-10 2.00923e-06 -9.54676e-08)
(-10 2.05054e-06 -8.23614e-08)
(-10 1.12567e-06 -8.70212e-08)
(-10 9.51375e-07 -1.20469e-07)
(-10 8.27547e-07 -6.03589e-08)
(-10 7.37001e-07 -1.23698e-07)
(-10 9.72386e-07 8.7314e-09)
(-10 1.11949e-06 -1.29375e-08)
(-10 1.30594e-06 -1.12107e-07)
(-10 1.43102e-06 -1.83548e-07)
(-10 1.486e-06 -2.21e-07)
(-10 1.54455e-06 -2.71314e-07)
(-10 1.57047e-06 -2.84851e-07)
(-10 1.59272e-06 -2.81347e-07)
(-10 1.60484e-06 -2.35922e-07)
(-10 1.61997e-06 -1.88542e-07)
(-10 1.62713e-06 -1.36917e-07)
(-10 1.66078e-06 -8.33624e-08)
(-10 1.70134e-06 -5.91063e-08)
(-10 9.31705e-07 -6.98129e-08)
(-10 7.89017e-07 -1.06425e-07)
(-10 7.87391e-07 -1.50805e-07)
(-10 6.57927e-07 -1.17814e-07)
(-10 6.19289e-07 4.41695e-08)
(-10 8.24842e-07 -5.56213e-08)
(-10 1.17412e-06 -2.27812e-07)
(-10 1.15793e-06 -2.2387e-07)
(-10 1.19615e-06 -2.9253e-07)
(-10 1.20132e-06 -3.11335e-07)
(-10 1.22948e-06 -3.28939e-07)
(-10 1.2339e-06 -3.08106e-07)
(-10 1.2456e-06 -2.72201e-07)
(-10 1.23238e-06 -2.11283e-07)
(-10 1.27345e-06 -1.34119e-07)
(-10 1.28956e-06 -8.88464e-08)
(-10 1.33299e-06 -7.05014e-08)
(-10 7.26755e-07 -8.69623e-08)
(-10 6.50393e-07 -1.3327e-07)
(-10 6.52372e-07 -1.47851e-07)
(-10 6.33148e-07 -1.7246e-07)
(-10 4.26211e-07 -3.23573e-08)
(-10 6.0422e-07 -9.20517e-08)
(-10 8.87752e-07 -1.72623e-07)
(-10 8.75888e-07 -2.37605e-07)
(-10 8.8646e-07 -2.98858e-07)
(-10 8.94732e-07 -3.34559e-07)
(-10 8.99748e-07 -3.37783e-07)
(-10 9.06497e-07 -3.20962e-07)
(-10 9.15563e-07 -2.41178e-07)
(-10 9.16739e-07 -2.20763e-07)
(-10 9.42288e-07 -1.37998e-07)
(-10 9.72091e-07 -9.7523e-08)
(-10 9.94559e-07 -8.07196e-08)
(-10 5.35963e-07 -1.1626e-07)
(-10 4.38723e-07 -1.21338e-07)
(-10 4.62923e-07 -1.36368e-07)
(-10 4.52036e-07 -1.22615e-07)
(-10 1.7609e-07 -8.5241e-08)
(-10 2.49752e-07 -1.12968e-07)
(-10 3.22436e-07 -1.50627e-07)
(-10 3.5706e-07 -2.59965e-07)
(-10 3.4014e-07 -2.77227e-07)
(-10 3.44439e-07 -3.34873e-07)
(-10 3.40269e-07 -3.20103e-07)
(-10 3.46566e-07 -2.71064e-07)
(-10 3.38226e-07 -2.40162e-07)
(-10 3.59436e-07 -2.06595e-07)
(-10 3.74771e-07 -1.21423e-07)
(-10 3.96459e-07 -8.49443e-08)
(-10 3.72991e-07 -7.72433e-08)
(-10 1.10165e-07 -1.17815e-07)
(-10 1.86225e-08 -1.25461e-07)
(-10 2.41902e-08 -9.76091e-08)
(-10 1.03155e-07 -9.56115e-08)
(-10 -9.1589e-10 -1.44893e-07)
(-10 3.94365e-08 -1.6204e-07)
(-10 5.32067e-08 -2.35244e-07)
(-10 3.95304e-08 -2.66034e-07)
(-10 3.46971e-08 -3.51601e-07)
(-10 2.90329e-08 -3.6e-07)
(-10 2.50702e-08 -3.73931e-07)
(-10 2.32559e-08 -3.44865e-07)
(-10 2.84722e-08 -2.99004e-07)
(-10 2.63418e-08 -2.38357e-07)
(-10 3.39101e-08 -1.96089e-07)
(-10 3.48138e-08 -1.49746e-07)
(-10 2.78873e-08 -1.56284e-07)
(-10 -4.88455e-08 -1.79769e-07)
(-10 -8.06213e-08 -1.74862e-07)
(-10 -3.87367e-08 -1.46134e-07)
(-10 -1.46976e-08 -1.40344e-07)
(-10 2.35596e-06 7.58864e-08)
(-10 2.52199e-06 8.43066e-08)
(-10 2.54532e-06 9.4715e-08)
(-10 2.57452e-06 1.04095e-07)
(-10 2.60464e-06 1.10784e-07)
(-10 2.66155e-06 1.08498e-07)
(-10 2.72247e-06 9.22696e-08)
(-10 2.77075e-06 1.03688e-07)
(-10 2.82159e-06 7.95975e-08)
(-10 2.87961e-06 7.73694e-08)
(-10 2.95479e-06 1.08315e-07)
(-10 3.00782e-06 1.25752e-07)
(-10 3.1067e-06 1.51176e-07)
(-10 1.76474e-06 2.08589e-07)
(-10 1.40605e-06 2.40776e-07)
(-10 1.26715e-06 2.40743e-07)
(-10 2.38439e-06 6.27522e-08)
(-10 2.4886e-06 7.40762e-08)
(-10 2.5604e-06 8.67062e-08)
(-10 2.59804e-06 9.5564e-08)
(-10 2.64539e-06 9.46967e-08)
(-10 2.70091e-06 8.45607e-08)
(-10 2.75889e-06 7.50151e-08)
(-10 2.81633e-06 4.76277e-08)
(-10 2.88716e-06 6.03315e-08)
(-10 2.97734e-06 7.42945e-08)
(-10 3.06778e-06 6.65325e-08)
(-10 3.19761e-06 1.0006e-07)
(-10 3.30871e-06 1.54024e-07)
(-10 1.84865e-06 1.95912e-07)
(-10 1.52071e-06 2.06114e-07)
(-10 1.48739e-06 2.25407e-07)
(-10 2.30112e-06 7.88218e-08)
(-10 2.40297e-06 8.50556e-08)
(-10 2.46477e-06 9.74455e-08)
(-10 2.51096e-06 9.81095e-08)
(-10 2.55968e-06 9.14079e-08)
(-10 2.6191e-06 7.88068e-08)
(-10 2.67903e-06 5.73588e-08)
(-10 2.74708e-06 6.32051e-08)
(-10 2.82982e-06 4.93505e-08)
(-10 2.93661e-06 5.56793e-08)
(-10 3.05558e-06 9.06177e-08)
(-10 3.20776e-06 1.18942e-07)
(-10 3.36611e-06 1.26995e-07)
(-10 1.83443e-06 1.89588e-07)
(-10 1.51801e-06 2.0105e-07)
(-10 1.4784e-06 2.19882e-07)
(-10 2.19642e-06 6.73207e-08)
(-10 2.28302e-06 8.07947e-08)
(-10 2.34584e-06 8.51249e-08)
(-10 2.39865e-06 8.32488e-08)
(-10 2.45101e-06 6.90141e-08)
(-10 2.50821e-06 5.09084e-08)
(-10 2.57571e-06 4.60245e-08)
(-10 2.65451e-06 2.3082e-08)
(-10 2.7561e-06 5.18331e-08)
(-10 2.88609e-06 7.4327e-08)
(-10 3.03948e-06 5.92914e-08)
(-10 3.22361e-06 8.95202e-08)
(-10 3.42189e-06 1.41196e-07)
(-10 1.82136e-06 1.61399e-07)
(-10 1.52143e-06 1.79531e-07)
(-10 1.48323e-06 1.69643e-07)
(-10 2.09699e-06 9.54227e-08)
(-10 2.1681e-06 9.9382e-08)
(-10 2.2303e-06 9.98124e-08)
(-10 2.27905e-06 8.70094e-08)
(-10 2.32359e-06 6.93394e-08)
(-10 2.37712e-06 5.38937e-08)
(-10 2.45183e-06 4.0982e-08)
(-10 2.55406e-06 6.19032e-08)
(-10 2.68543e-06 6.23616e-08)
(-10 2.84305e-06 7.5004e-08)
(-10 3.03309e-06 1.06652e-07)
(-10 3.24763e-06 1.16573e-07)
(-10 3.48247e-06 1.1002e-07)
(-10 1.8252e-06 1.5315e-07)
(-10 1.5419e-06 1.67473e-07)
(-10 1.4746e-06 1.69597e-07)
(-10 2.01072e-06 8.83637e-08)
(-10 2.066e-06 9.98099e-08)
(-10 2.12803e-06 9.17928e-08)
(-10 2.15676e-06 7.3566e-08)
(-10 2.17105e-06 4.90129e-08)
(-10 2.21033e-06 3.19502e-08)
(-10 2.30748e-06 3.91949e-08)
(-10 2.44682e-06 3.15419e-08)
(-10 2.61695e-06 7.89795e-08)
(-10 2.81168e-06 9.55686e-08)
(-10 3.03904e-06 7.39543e-08)
(-10 3.28084e-06 8.47487e-08)
(-10 3.54819e-06 1.23502e-07)
(-10 1.84739e-06 1.28418e-07)
(-10 1.55445e-06 1.48252e-07)
(-10 1.46073e-06 1.25385e-07)
(-10 1.92675e-06 1.2229e-07)
(-10 1.99048e-06 1.32876e-07)
(-10 2.05229e-06 1.10503e-07)
(-10 2.05127e-06 8.40253e-08)
(-10 1.97259e-06 6.07506e-08)
(-10 1.98446e-06 4.53882e-08)
(-10 2.13388e-06 4.12422e-08)
(-10 2.33815e-06 8.10259e-08)
(-10 2.55761e-06 7.78329e-08)
(-10 2.80067e-06 9.35146e-08)
(-10 3.05077e-06 1.18642e-07)
(-10 3.32888e-06 1.13272e-07)
(-10 3.60363e-06 8.98456e-08)
(-10 1.89246e-06 1.35312e-07)
(-10 1.57632e-06 1.40612e-07)
(-10 1.43034e-06 1.45069e-07)
(-10 1.8446e-06 1.04314e-07)
(-10 1.90876e-06 1.09121e-07)
(-10 2.04194e-06 9.97934e-08)
(-10 1.98198e-06 8.63152e-08)
(-10 1.64546e-06 5.48453e-08)
(-10 1.62474e-06 1.46845e-08)
(-10 1.91439e-06 1.61776e-08)
(-10 2.21134e-06 2.41141e-08)
(-10 2.49671e-06 7.75325e-08)
(-10 2.77552e-06 9.34598e-08)
(-10 3.04003e-06 6.50029e-08)
(-10 3.32905e-06 6.26985e-08)
(-10 3.6154e-06 9.73909e-08)
(-10 1.87387e-06 8.90261e-08)
(-10 1.50679e-06 1.19565e-07)
(-10 1.35542e-06 1.3152e-07)
(-10 1.99678e-06 9.95969e-08)
(-10 2.05581e-06 1.40889e-07)
(-10 2.15452e-06 1.60767e-07)
(-10 2.0321e-06 1.3807e-07)
(-10 1.79031e-06 7.37023e-08)
(-10 1.60217e-06 8.99713e-09)
(-10 1.68761e-06 -1.45998e-08)
(-10 2.04913e-06 3.95439e-08)
(-10 2.40907e-06 5.63998e-08)
(-10 2.66867e-06 7.3121e-08)
(-10 2.93062e-06 1.02459e-07)
(-10 3.18206e-06 9.70919e-08)
(-10 3.4629e-06 7.14804e-08)
(-10 1.68936e-06 1.42206e-07)
(-10 1.3691e-06 1.66481e-07)
(-10 1.19284e-06 1.79658e-07)
(-10 2.2405e-06 6.54677e-09)
(-10 2.3709e-06 1.05373e-07)
(-10 2.24989e-06 1.63255e-07)
(-10 2.09009e-06 1.59814e-07)
(-10 2.21382e-06 1.50491e-07)
(-10 2.07637e-06 -2.94445e-08)
(-10 1.96943e-06 -1.56704e-07)
(-10 2.14061e-06 -7.99169e-08)
(-10 2.31579e-06 1.0645e-08)
(-10 2.484e-06 3.47239e-08)
(-10 2.67312e-06 1.28761e-08)
(-10 2.86995e-06 2.05798e-08)
(-10 3.10484e-06 8.98433e-08)
(-10 1.34169e-06 1.14001e-07)
(-10 9.79689e-07 1.49575e-07)
(-10 8.38308e-07 1.62064e-07)
(-10 2.43323e-06 -1.0519e-07)
(-10 2.32034e-06 1.18617e-07)
(-10 2.08088e-06 2.46795e-07)
(-10 2.0414e-06 1.91315e-07)
(-10 2.1906e-06 1.61303e-07)
(-10 2.436e-06 -5.84442e-08)
(-10 2.57208e-06 -2.18468e-07)
(-10 2.50225e-06 -9.50641e-08)
(-10 2.47217e-06 -7.10678e-08)
(-10 2.56631e-06 -6.3849e-08)
(-10 2.68237e-06 -4.45889e-08)
(-10 2.8442e-06 -4.4797e-08)
(-10 3.00704e-06 -1.16689e-08)
(-10 1.19157e-06 8.10675e-08)
(-10 8.22489e-07 1.31259e-07)
(-10 7.11657e-07 1.24475e-07)
(-10 5.48331e-07 1.00087e-07)
(-10 2.52893e-06 -1.91688e-07)
(-10 2.13534e-06 7.14429e-08)
(-10 1.90195e-06 2.28818e-07)
(-10 1.93322e-06 2.4341e-07)
(-10 2.20465e-06 1.28352e-07)
(-10 2.64477e-06 -1.39652e-07)
(-10 2.80875e-06 -2.00304e-07)
(-10 2.75271e-06 -1.09392e-07)
(-10 2.76264e-06 -4.91072e-08)
(-10 2.84144e-06 -4.1141e-08)
(-10 2.94942e-06 -7.32423e-08)
(-10 3.07657e-06 -8.90905e-08)
(-10 3.20791e-06 -6.70814e-08)
(-10 1.46159e-06 -5.5839e-08)
(-10 1.00229e-06 1.50593e-08)
(-10 7.6233e-07 3.83999e-08)
(-10 7.04037e-07 -2.92764e-08)
(-10 2.39841e-06 -4.51639e-08)
(-10 2.09264e-06 4.63593e-08)
(-10 1.84346e-06 2.00931e-07)
(-10 1.9611e-06 2.08789e-07)
(-10 2.44708e-06 -4.18846e-09)
(-10 2.75949e-06 -1.18747e-07)
(-10 2.839e-06 -8.1467e-08)
(-10 2.86035e-06 -1.80804e-08)
(-10 2.90979e-06 -2.57042e-08)
(-10 2.97869e-06 -3.33609e-08)
(-10 3.07133e-06 -2.86273e-08)
(-10 3.17937e-06 -5.16066e-08)
(-10 3.30424e-06 -9.93317e-08)
(-10 1.60328e-06 -1.24426e-07)
(-10 1.23736e-06 -1.41579e-07)
(-10 1.07438e-06 -8.71159e-08)
(-10 9.4496e-07 -1.02214e-07)
(-10 2.25207e-06 -3.79418e-08)
(-10 2.03187e-06 -5.21994e-09)
(-10 1.89045e-06 3.7125e-08)
(-10 2.1415e-06 4.29473e-08)
(-10 2.53648e-06 -1.67559e-08)
(-10 2.70823e-06 -5.85701e-08)
(-10 2.80937e-06 -4.81423e-08)
(-10 2.88339e-06 -5.35298e-08)
(-10 2.9498e-06 -4.4321e-08)
(-10 3.02332e-06 -4.99788e-08)
(-10 3.10374e-06 -8.95624e-08)
(-10 3.19601e-06 -1.19107e-07)
(-10 3.30489e-06 -1.34763e-07)
(-10 1.69279e-06 -1.61514e-07)
(-10 1.35456e-06 -1.66817e-07)
(-10 1.17927e-06 -2.08933e-07)
(-10 1.05733e-06 -2.12762e-07)
(-10 2.10991e-06 -1.14144e-08)
(-10 1.88088e-06 -2.61741e-09)
(-10 1.99945e-06 3.31271e-09)
(-10 2.32096e-06 3.9579e-09)
(-10 2.49317e-06 -1.12757e-08)
(-10 2.63685e-06 -2.90652e-08)
(-10 2.75844e-06 -4.43719e-08)
(-10 2.85143e-06 -3.77707e-08)
(-10 2.92732e-06 -7.06784e-08)
(-10 2.99309e-06 -9.10078e-08)
(-10 3.06093e-06 -9.39937e-08)
(-10 3.13769e-06 -1.21209e-07)
(-10 3.23312e-06 -1.67299e-07)
(-10 1.7049e-06 -2.10043e-07)
(-10 1.36601e-06 -2.47506e-07)
(-10 1.22652e-06 -2.04525e-07)
(-10 1.20681e-06 -1.78191e-07)
(-10 1.96701e-06 -4.65965e-08)
(-10 1.768e-06 -3.31348e-08)
(-10 1.98353e-06 -3.71048e-08)
(-10 2.33825e-06 -4.1795e-08)
(-10 2.43852e-06 -5.63383e-08)
(-10 2.55891e-06 -7.19274e-08)
(-10 2.67232e-06 -8.37631e-08)
(-10 2.76352e-06 -1.11935e-07)
(-10 2.83637e-06 -1.14829e-07)
(-10 2.89697e-06 -1.22379e-07)
(-10 2.9514e-06 -1.50629e-07)
(-10 3.01296e-06 -1.70459e-07)
(-10 3.08935e-06 -1.79166e-07)
(-10 1.64679e-06 -1.91606e-07)
(-10 1.34339e-06 -1.99494e-07)
(-10 1.22982e-06 -1.98221e-07)
(-10 1.15611e-06 -2.11876e-07)
(-10 1.85263e-06 -3.00018e-08)
(-10 1.76465e-06 -2.0318e-08)
(-10 1.92678e-06 -2.94478e-08)
(-10 2.17873e-06 -4.52772e-08)
(-10 2.3192e-06 -6.6609e-08)
(-10 2.43872e-06 -8.84272e-08)
(-10 2.54777e-06 -1.1209e-07)
(-10 2.63169e-06 -1.17613e-07)
(-10 2.69629e-06 -1.48863e-07)
(-10 2.74269e-06 -1.58332e-07)
(-10 2.7846e-06 -1.51663e-07)
(-10 2.82992e-06 -1.59234e-07)
(-10 2.89823e-06 -1.83388e-07)
(-10 1.56164e-06 -2.10424e-07)
(-10 1.25639e-06 -2.30864e-07)
(-10 1.1435e-06 -1.88741e-07)
(-10 1.02607e-06 -1.56767e-07)
(-10 1.70943e-06 -6.55803e-08)
(-10 1.69491e-06 -4.72566e-08)
(-10 1.82037e-06 -6.49367e-08)
(-10 2.00193e-06 -9.0359e-08)
(-10 2.14606e-06 -1.22182e-07)
(-10 2.27519e-06 -1.51815e-07)
(-10 2.36766e-06 -1.70008e-07)
(-10 2.443e-06 -1.97149e-07)
(-10 2.49588e-06 -1.94985e-07)
(-10 2.53378e-06 -1.88342e-07)
(-10 2.56412e-06 -1.90052e-07)
(-10 2.59973e-06 -1.89001e-07)
(-10 2.6529e-06 -1.8022e-07)
(-10 1.42552e-06 -1.91561e-07)
(-10 1.16829e-06 -1.67005e-07)
(-10 1.08121e-06 -1.94825e-07)
(-10 8.84588e-07 -1.79021e-07)
(-10 1.53037e-06 -4.73908e-08)
(-10 1.55193e-06 -3.8753e-08)
(-10 1.67018e-06 -6.48013e-08)
(-10 1.82048e-06 -1.02486e-07)
(-10 1.95212e-06 -1.44084e-07)
(-10 2.06105e-06 -1.7701e-07)
(-10 2.14738e-06 -2.04628e-07)
(-10 2.20832e-06 -2.08083e-07)
(-10 2.24872e-06 -2.19674e-07)
(-10 2.27477e-06 -2.17201e-07)
(-10 2.29598e-06 -1.88247e-07)
(-10 2.32443e-06 -1.72612e-07)
(-10 2.37332e-06 -1.75564e-07)
(-10 1.28549e-06 -1.824e-07)
(-10 1.06513e-06 -2.03642e-07)
(-10 9.07474e-07 -1.8197e-07)
(-10 7.94896e-07 -1.39222e-07)
(-10 1.29704e-06 -7.30755e-08)
(-10 1.34935e-06 -7.28655e-08)
(-10 1.49227e-06 -1.11825e-07)
(-10 1.61134e-06 -1.57243e-07)
(-10 1.72862e-06 -2.06301e-07)
(-10 1.8138e-06 -2.42309e-07)
(-10 1.87612e-06 -2.60712e-07)
(-10 1.92184e-06 -2.75012e-07)
(-10 1.95147e-06 -2.65342e-07)
(-10 1.97023e-06 -2.40279e-07)
(-10 1.98894e-06 -2.18524e-07)
(-10 2.01216e-06 -1.94378e-07)
(-10 2.0545e-06 -1.73059e-07)
(-10 1.11016e-06 -1.79218e-07)
(-10 9.18853e-07 -1.63157e-07)
(-10 8.52754e-07 -1.90186e-07)
(-10 7.00331e-07 -1.73499e-07)
(-10 9.90882e-07 -6.55104e-08)
(-10 1.12254e-06 -7.55292e-08)
(-10 1.2694e-06 -1.26665e-07)
(-10 1.40415e-06 -1.86688e-07)
(-10 1.44458e-06 -2.23088e-07)
(-10 1.51868e-06 -2.69028e-07)
(-10 1.55262e-06 -2.84709e-07)
(-10 1.59072e-06 -2.89363e-07)
(-10 1.60165e-06 -2.80097e-07)
(-10 1.61604e-06 -2.58126e-07)
(-10 1.61975e-06 -2.19489e-07)
(-10 1.65217e-06 -1.84468e-07)
(-10 1.68924e-06 -1.80574e-07)
(-10 9.1728e-07 -1.89004e-07)
(-10 7.69945e-07 -2.14948e-07)
(-10 7.03057e-07 -1.85694e-07)
(-10 6.43125e-07 -1.55211e-07)
(-10 6.23681e-07 -8.63783e-08)
(-10 8.12286e-07 -1.21553e-07)
(-10 1.16003e-06 -1.89781e-07)
(-10 1.13945e-06 -2.23294e-07)
(-10 1.1797e-06 -2.87305e-07)
(-10 1.19014e-06 -3.10342e-07)
(-10 1.21981e-06 -3.30162e-07)
(-10 1.22845e-06 -3.30657e-07)
(-10 1.23979e-06 -3.13224e-07)
(-10 1.24071e-06 -2.73073e-07)
(-10 1.26269e-06 -2.36671e-07)
(-10 1.28192e-06 -2.04376e-07)
(-10 1.31236e-06 -1.99533e-07)
(-10 7.03935e-07 -2.14519e-07)
(-10 6.03284e-07 -2.05545e-07)
(-10 6.74282e-07 -2.14408e-07)
(-10 6.049e-07 -1.95871e-07)
(-10 3.95844e-07 -9.17678e-08)
(-10 5.84826e-07 -1.34984e-07)
(-10 9.26887e-07 -1.88189e-07)
(-10 8.92429e-07 -2.28542e-07)
(-10 9.02851e-07 -2.90221e-07)
(-10 9.0672e-07 -3.18356e-07)
(-10 9.21129e-07 -3.27351e-07)
(-10 9.2061e-07 -3.21798e-07)
(-10 9.36184e-07 -2.98197e-07)
(-10 8.89046e-07 -2.73066e-07)
(-10 9.55343e-07 -2.22233e-07)
(-10 9.34697e-07 -2.25308e-07)
(-10 9.95504e-07 -1.9334e-07)
(-10 5.49558e-07 -2.27834e-07)
(-10 4.43403e-07 -2.28447e-07)
(-10 4.61599e-07 -2.11304e-07)
(-10 4.89726e-07 -1.85817e-07)
(-10 1.75286e-07 -1.64735e-07)
(-10 2.65469e-07 -1.55005e-07)
(-10 3.66472e-07 -1.8692e-07)
(-10 3.81122e-07 -2.39232e-07)
(-10 3.86555e-07 -3.04572e-07)
(-10 3.83599e-07 -3.13184e-07)
(-10 3.80622e-07 -3.41631e-07)
(-10 3.85377e-07 -3.25451e-07)
(-10 3.75525e-07 -2.9964e-07)
(-10 3.95662e-07 -2.56387e-07)
(-10 3.61709e-07 -2.4953e-07)
(-10 4.25409e-07 -1.97936e-07)
(-10 3.97717e-07 -2.24538e-07)
(-10 1.19834e-07 -2.26936e-07)
(-10 3.13242e-08 -2.22574e-07)
(-10 7.7123e-08 -2.04797e-07)
(-10 1.17261e-07 -1.93166e-07)
(-10 6.63524e-08 -1.62774e-07)
(-10 4.18596e-08 -2.14594e-07)
(-10 7.03393e-08 -2.43679e-07)
(-10 6.79647e-08 -3.23164e-07)
(-10 6.51093e-08 -3.61905e-07)
(-10 5.88076e-08 -3.95889e-07)
(-10 5.28965e-08 -4.0122e-07)
(-10 5.43143e-08 -3.90529e-07)
(-10 4.75863e-08 -3.551e-07)
(-10 5.20756e-08 -3.2704e-07)
(-10 4.15402e-08 -3.10265e-07)
(-10 6.02217e-08 -2.89885e-07)
(-10 2.45531e-08 -2.93855e-07)
(-10 -4.47143e-08 -2.97065e-07)
(-10 -4.85561e-08 -2.92471e-07)
(-10 -4.2877e-08 -2.70381e-07)
(-10 2.20972e-09 -2.31925e-07)
(-10 2.60513e-06 2.67923e-08)
(-10 2.71711e-06 1.9744e-08)
(-10 2.77593e-06 3.54234e-08)
(-10 2.81771e-06 3.89734e-08)
(-10 2.86654e-06 4.56308e-08)
(-10 2.92392e-06 4.5579e-08)
(-10 2.98594e-06 4.72535e-08)
(-10 3.06336e-06 5.05974e-08)
(-10 3.14404e-06 5.46068e-08)
(-10 3.22913e-06 7.80188e-08)
(-10 3.29309e-06 5.28923e-08)
(-10 3.38071e-06 9.26543e-08)
(-10 3.44829e-06 6.00872e-08)
(-10 2.19494e-06 1.36699e-07)
(-10 1.84864e-06 9.61577e-08)
(-10 1.8275e-06 1.46004e-07)
(-10 2.54123e-06 2.50442e-08)
(-10 2.7428e-06 3.01433e-08)
(-10 2.8082e-06 3.89853e-08)
(-10 2.86669e-06 4.35008e-08)
(-10 2.92781e-06 4.57564e-08)
(-10 2.99906e-06 4.51108e-08)
(-10 3.07932e-06 4.4566e-08)
(-10 3.16859e-06 4.43523e-08)
(-10 3.27023e-06 5.2262e-08)
(-10 3.36836e-06 4.4438e-08)
(-10 3.4772e-06 7.01497e-08)
(-10 3.59209e-06 7.41687e-08)
(-10 3.71989e-06 1.191e-07)
(-10 2.30545e-06 8.94508e-08)
(-10 2.13858e-06 1.36764e-07)
(-10 2.04184e-06 1.19441e-07)
(-10 2.52596e-06 3.5837e-08)
(-10 2.67434e-06 3.6367e-08)
(-10 2.75197e-06 4.30247e-08)
(-10 2.81852e-06 4.4892e-08)
(-10 2.88677e-06 4.43409e-08)
(-10 2.96236e-06 4.22112e-08)
(-10 3.04801e-06 3.9119e-08)
(-10 3.14405e-06 3.82133e-08)
(-10 3.25568e-06 3.67609e-08)
(-10 3.37881e-06 5.76294e-08)
(-10 3.51756e-06 4.46184e-08)
(-10 3.6697e-06 7.25888e-08)
(-10 3.83982e-06 6.80876e-08)
(-10 2.36792e-06 1.27047e-07)
(-10 2.17715e-06 1.15693e-07)
(-10 2.14507e-06 1.27523e-07)
(-10 2.46961e-06 3.45777e-08)
(-10 2.59071e-06 3.99408e-08)
(-10 2.67659e-06 4.31146e-08)
(-10 2.75129e-06 4.31311e-08)
(-10 2.82436e-06 3.93838e-08)
(-10 2.90414e-06 3.49139e-08)
(-10 2.99816e-06 3.2837e-08)
(-10 3.10852e-06 3.4094e-08)
(-10 3.23872e-06 4.42922e-08)
(-10 3.38765e-06 3.31824e-08)
(-10 3.55971e-06 6.51584e-08)
(-10 3.75045e-06 6.35713e-08)
(-10 3.96048e-06 1.05359e-07)
(-10 2.43559e-06 7.58976e-08)
(-10 2.25472e-06 1.10798e-07)
(-10 2.22954e-06 9.78368e-08)
(-10 2.41264e-06 4.76816e-08)
(-10 2.51885e-06 4.95295e-08)
(-10 2.60427e-06 4.99058e-08)
(-10 2.6765e-06 4.65301e-08)
(-10 2.74486e-06 4.09267e-08)
(-10 2.82364e-06 3.60775e-08)
(-10 2.92864e-06 3.48086e-08)
(-10 3.05894e-06 3.8385e-08)
(-10 3.21962e-06 4.09948e-08)
(-10 3.40027e-06 6.5273e-08)
(-10 3.60677e-06 4.92468e-08)
(-10 3.8324e-06 7.19291e-08)
(-10 4.07558e-06 5.56451e-08)
(-10 2.5113e-06 1.17477e-07)
(-10 2.32651e-06 9.68254e-08)
(-10 2.30886e-06 1.07415e-07)
(-10 2.36822e-06 4.8148e-08)
(-10 2.46714e-06 5.42486e-08)
(-10 2.54582e-06 5.24294e-08)
(-10 2.6081e-06 4.62393e-08)
(-10 2.64327e-06 3.80773e-08)
(-10 2.71362e-06 3.28364e-08)
(-10 2.83937e-06 3.38649e-08)
(-10 3.00742e-06 3.99571e-08)
(-10 3.20257e-06 5.19902e-08)
(-10 3.42664e-06 4.34817e-08)
(-10 3.66359e-06 7.30857e-08)
(-10 3.92716e-06 6.25488e-08)
(-10 4.19434e-06 9.98505e-08)
(-10 2.59918e-06 6.21281e-08)
(-10 2.40751e-06 9.73569e-08)
(-10 2.36091e-06 7.86192e-08)
(-10 2.33865e-06 6.1575e-08)
(-10 2.43253e-06 6.47905e-08)
(-10 2.52884e-06 6.07036e-08)
(-10 2.55099e-06 5.11282e-08)
(-10 2.50557e-06 4.19032e-08)
(-10 2.54566e-06 3.64018e-08)
(-10 2.71911e-06 3.75472e-08)
(-10 2.9456e-06 4.56496e-08)
(-10 3.19915e-06 5.30959e-08)
(-10 3.46041e-06 7.50264e-08)
(-10 3.73507e-06 5.43925e-08)
(-10 4.02076e-06 7.12157e-08)
(-10 4.31602e-06 4.62358e-08)
(-10 2.69528e-06 1.0651e-07)
(-10 2.48322e-06 8.60169e-08)
(-10 2.38824e-06 8.76879e-08)
(-10 2.3061e-06 5.79987e-08)
(-10 2.40959e-06 7.30061e-08)
(-10 2.58763e-06 6.56346e-08)
(-10 2.52616e-06 5.20475e-08)
(-10 2.23655e-06 3.83949e-08)
(-10 2.24032e-06 2.95819e-08)
(-10 2.55167e-06 3.10289e-08)
(-10 2.86308e-06 4.07504e-08)
(-10 3.18873e-06 5.48277e-08)
(-10 3.47682e-06 4.37019e-08)
(-10 3.77681e-06 6.78961e-08)
(-10 4.07e-06 5.28767e-08)
(-10 4.38887e-06 8.53751e-08)
(-10 2.73414e-06 4.36384e-08)
(-10 2.50844e-06 6.78692e-08)
(-10 2.37359e-06 6.18668e-08)
(-10 2.49217e-06 6.85827e-08)
(-10 2.70468e-06 6.57977e-08)
(-10 2.76205e-06 7.02648e-08)
(-10 2.60174e-06 4.53161e-08)
(-10 2.43897e-06 3.18776e-08)
(-10 2.27091e-06 2.14335e-08)
(-10 2.34555e-06 2.11655e-08)
(-10 2.75055e-06 3.13373e-08)
(-10 3.12694e-06 3.83751e-08)
(-10 3.42508e-06 6.21029e-08)
(-10 3.69731e-06 3.72104e-08)
(-10 3.99161e-06 5.22273e-08)
(-10 4.29068e-06 1.90627e-08)
(-10 2.65378e-06 7.75829e-08)
(-10 2.36266e-06 8.48616e-08)
(-10 2.15516e-06 6.44052e-08)
(-10 2.81747e-06 4.59849e-08)
(-10 3.00419e-06 1.49843e-07)
(-10 2.91643e-06 8.10947e-08)
(-10 2.78865e-06 6.27354e-09)
(-10 2.92642e-06 3.50451e-08)
(-10 2.77523e-06 9.32425e-09)
(-10 2.64426e-06 -1.42417e-08)
(-10 2.86512e-06 5.01358e-09)
(-10 3.05735e-06 2.70805e-08)
(-10 3.25734e-06 1.509e-08)
(-10 3.45738e-06 3.7599e-08)
(-10 3.69489e-06 2.41805e-08)
(-10 3.99929e-06 6.80381e-08)
(-10 2.33002e-06 6.23077e-08)
(-10 2.05159e-06 5.99406e-08)
(-10 1.96667e-06 2.70356e-09)
(-10 2.89863e-06 5.14871e-08)
(-10 2.91752e-06 6.76233e-08)
(-10 2.85524e-06 1.04283e-07)
(-10 2.86826e-06 7.21812e-08)
(-10 3.02078e-06 5.67603e-08)
(-10 3.15829e-06 -3.19069e-09)
(-10 3.26364e-06 -4.75099e-08)
(-10 3.27241e-06 -3.16148e-08)
(-10 3.29016e-06 -2.37446e-08)
(-10 3.39513e-06 -6.78985e-09)
(-10 3.54584e-06 -3.56886e-08)
(-10 3.70507e-06 -1.63614e-08)
(-10 3.85149e-06 2.31581e-09)
(-10 2.15167e-06 6.76065e-08)
(-10 1.91671e-06 1.0415e-07)
(-10 1.76398e-06 9.45329e-08)
(-10 3.057e-06 -9.87692e-08)
(-10 2.75616e-06 9.62952e-08)
(-10 2.61689e-06 1.40444e-07)
(-10 2.77235e-06 1.00342e-07)
(-10 2.9785e-06 1.08713e-07)
(-10 3.37226e-06 -2.16898e-08)
(-10 3.66128e-06 -1.03953e-07)
(-10 3.64777e-06 -4.44765e-08)
(-10 3.69113e-06 -2.68148e-08)
(-10 3.78859e-06 -4.28447e-08)
(-10 3.92247e-06 -3.21198e-08)
(-10 4.0533e-06 -6.0789e-08)
(-10 4.12857e-06 -3.86913e-08)
(-10 2.35766e-06 -7.68416e-09)
(-10 1.99681e-06 2.45499e-08)
(-10 1.93606e-06 -5.53514e-08)
(-10 1.80499e-06 7.48908e-08)
(-10 3.11297e-06 1.83163e-08)
(-10 2.68429e-06 3.40287e-08)
(-10 2.43328e-06 9.72235e-08)
(-10 2.65548e-06 1.43317e-07)
(-10 3.11974e-06 5.19466e-08)
(-10 3.58557e-06 -6.28531e-08)
(-10 3.79843e-06 -3.60611e-08)
(-10 3.78978e-06 -1.4219e-08)
(-10 3.84058e-06 -1.44852e-08)
(-10 3.93754e-06 1.24981e-09)
(-10 4.04844e-06 -3.33511e-08)
(-10 4.16568e-06 -2.73585e-08)
(-10 4.27401e-06 -5.75153e-08)
(-10 2.61467e-06 -9.2534e-08)
(-10 2.26958e-06 -3.07485e-08)
(-10 2.0459e-06 5.20872e-08)
(-10 1.915e-06 -9.7917e-08)
(-10 2.93088e-06 -3.1179e-09)
(-10 2.69407e-06 3.85648e-08)
(-10 2.53603e-06 3.05697e-08)
(-10 2.74805e-06 3.63929e-08)
(-10 3.27493e-06 7.02675e-09)
(-10 3.60342e-06 -2.82818e-08)
(-10 3.70148e-06 -2.85191e-08)
(-10 3.76957e-06 -2.50587e-08)
(-10 3.85177e-06 -2.37593e-08)
(-10 3.93802e-06 -4.73579e-08)
(-10 4.03382e-06 -4.22402e-08)
(-10 4.13155e-06 -7.11793e-08)
(-10 4.23835e-06 -6.90331e-08)
(-10 2.68954e-06 -5.36173e-08)
(-10 2.38111e-06 -8.25958e-08)
(-10 2.18404e-06 -2.01557e-07)
(-10 2.08312e-06 -9.936e-08)
(-10 2.79123e-06 2.16904e-08)
(-10 2.64437e-06 5.13384e-09)
(-10 2.70456e-06 1.30994e-08)
(-10 2.96031e-06 -3.72441e-09)
(-10 3.24579e-06 -1.49979e-08)
(-10 3.46467e-06 -2.58849e-08)
(-10 3.6057e-06 -3.22153e-08)
(-10 3.71616e-06 -3.80787e-08)
(-10 3.80558e-06 -5.03632e-08)
(-10 3.89382e-06 -4.63228e-08)
(-10 3.97436e-06 -7.68609e-08)
(-10 4.05927e-06 -7.46669e-08)
(-10 4.15574e-06 -1.10107e-07)
(-10 2.67807e-06 -1.54139e-07)
(-10 2.40988e-06 -1.07424e-07)
(-10 2.25567e-06 -5.09989e-08)
(-10 2.13735e-06 -1.43966e-07)
(-10 2.63169e-06 -2.06457e-08)
(-10 2.45965e-06 6.10475e-08)
(-10 2.68793e-06 -1.61931e-08)
(-10 3.05541e-06 -8.92267e-08)
(-10 3.19004e-06 -5.31947e-08)
(-10 3.34027e-06 -5.34446e-08)
(-10 3.475e-06 -5.92048e-08)
(-10 3.58409e-06 -6.6419e-08)
(-10 3.6776e-06 -7.18277e-08)
(-10 3.7493e-06 -9.45052e-08)
(-10 3.81509e-06 -8.75098e-08)
(-10 3.87843e-06 -1.10087e-07)
(-10 3.95291e-06 -1.02025e-07)
(-10 2.57565e-06 -8.54923e-08)
(-10 2.31195e-06 -1.23579e-07)
(-10 2.15524e-06 -2.1065e-07)
(-10 2.12708e-06 -1.38461e-07)
(-10 2.4845e-06 -1.05633e-08)
(-10 2.35351e-06 -2.67069e-08)
(-10 2.60233e-06 -3.32492e-08)
(-10 2.94495e-06 -5.67302e-08)
(-10 3.04834e-06 -6.3809e-08)
(-10 3.17775e-06 -7.23818e-08)
(-10 3.30113e-06 -8.18276e-08)
(-10 3.40455e-06 -9.11988e-08)
(-10 3.47942e-06 -1.04916e-07)
(-10 3.54163e-06 -9.80228e-08)
(-10 3.58833e-06 -1.1977e-07)
(-10 3.63677e-06 -1.11317e-07)
(-10 3.70059e-06 -1.3381e-07)
(-10 2.39263e-06 -1.61663e-07)
(-10 2.13901e-06 -1.37646e-07)
(-10 2.028e-06 -6.82547e-08)
(-10 1.95998e-06 -1.59076e-07)
(-10 2.31925e-06 -6.444e-08)
(-10 2.31004e-06 -4.2426e-08)
(-10 2.46704e-06 -6.69666e-08)
(-10 2.67496e-06 -8.31047e-08)
(-10 2.82433e-06 -9.66528e-08)
(-10 2.95817e-06 -1.08783e-07)
(-10 3.0724e-06 -1.18768e-07)
(-10 3.15986e-06 -1.28281e-07)
(-10 3.22806e-06 -1.30694e-07)
(-10 3.27267e-06 -1.47023e-07)
(-10 3.30734e-06 -1.3445e-07)
(-10 3.34067e-06 -1.43739e-07)
(-10 3.38763e-06 -1.31774e-07)
(-10 2.19505e-06 -1.32995e-07)
(-10 1.99114e-06 -1.38154e-07)
(-10 1.82016e-06 -1.81482e-07)
(-10 1.70597e-06 -1.03974e-07)
(-10 2.09684e-06 -4.81803e-08)
(-10 2.12728e-06 -7.17606e-08)
(-10 2.25934e-06 -7.61668e-08)
(-10 2.41953e-06 -9.17933e-08)
(-10 2.55819e-06 -1.11971e-07)
(-10 2.68165e-06 -1.27256e-07)
(-10 2.77866e-06 -1.3879e-07)
(-10 2.85372e-06 -1.47728e-07)
(-10 2.90246e-06 -1.55036e-07)
(-10 2.93568e-06 -1.46094e-07)
(-10 2.95759e-06 -1.51488e-07)
(-10 2.98457e-06 -1.38842e-07)
(-10 3.02861e-06 -1.48407e-07)
(-10 1.95923e-06 -1.39876e-07)
(-10 1.78179e-06 -1.583e-07)
(-10 1.64014e-06 -7.58592e-08)
(-10 1.49332e-06 -1.46281e-07)
(-10 1.80077e-06 -8.81021e-08)
(-10 1.86641e-06 -7.79474e-08)
(-10 2.00265e-06 -1.03061e-07)
(-10 2.13689e-06 -1.2346e-07)
(-10 2.25195e-06 -1.42731e-07)
(-10 2.3485e-06 -1.58446e-07)
(-10 2.42794e-06 -1.68981e-07)
(-10 2.4804e-06 -1.74696e-07)
(-10 2.51952e-06 -1.73945e-07)
(-10 2.53628e-06 -1.75319e-07)
(-10 2.55639e-06 -1.58936e-07)
(-10 2.57454e-06 -1.5693e-07)
(-10 2.60546e-06 -1.42461e-07)
(-10 1.70074e-06 -1.58843e-07)
(-10 1.56142e-06 -1.57562e-07)
(-10 1.40426e-06 -1.91979e-07)
(-10 1.30552e-06 -1.16028e-07)
(-10 1.43727e-06 -7.60974e-08)
(-10 1.5529e-06 -9.87295e-08)
(-10 1.70414e-06 -1.12747e-07)
(-10 1.83435e-06 -1.36971e-07)
(-10 1.88773e-06 -1.55315e-07)
(-10 1.97147e-06 -1.75716e-07)
(-10 2.00976e-06 -1.84081e-07)
(-10 2.05826e-06 -1.9186e-07)
(-10 2.06743e-06 -1.91056e-07)
(-10 2.09236e-06 -1.779e-07)
(-10 2.09371e-06 -1.72164e-07)
(-10 2.12169e-06 -1.57705e-07)
(-10 2.14443e-06 -1.63295e-07)
(-10 1.41133e-06 -1.6942e-07)
(-10 1.25823e-06 -1.6613e-07)
(-10 1.22326e-06 -1.15568e-07)
(-10 1.12602e-06 -1.51719e-07)
(-10 9.82834e-07 -1.06552e-07)
(-10 1.12961e-06 -1.17846e-07)
(-10 1.51309e-06 -1.44575e-07)
(-10 1.45442e-06 -1.48977e-07)
(-10 1.5475e-06 -1.87998e-07)
(-10 1.51333e-06 -1.8383e-07)
(-10 1.60303e-06 -2.09872e-07)
(-10 1.55945e-06 -1.98118e-07)
(-10 1.62838e-06 -2.03812e-07)
(-10 1.57397e-06 -1.93933e-07)
(-10 1.64162e-06 -1.79084e-07)
(-10 1.61682e-06 -1.86466e-07)
(-10 1.67249e-06 -1.71845e-07)
(-10 1.08031e-06 -1.68892e-07)
(-10 1.02327e-06 -1.80068e-07)
(-10 1.02044e-06 -2.01977e-07)
(-10 9.96169e-07 -1.37264e-07)
(-10 6.53473e-07 -1.11942e-07)
(-10 8.86724e-07 -1.2436e-07)
(-10 1.11421e-06 -1.30101e-07)
(-10 1.16168e-06 -1.71027e-07)
(-10 1.10939e-06 -1.67086e-07)
(-10 1.17655e-06 -2.03915e-07)
(-10 1.14063e-06 -1.92053e-07)
(-10 1.19506e-06 -2.10221e-07)
(-10 1.15408e-06 -1.97556e-07)
(-10 1.20508e-06 -1.91904e-07)
(-10 1.19244e-06 -1.82816e-07)
(-10 1.23335e-06 -1.76938e-07)
(-10 1.22122e-06 -1.71651e-07)
(-10 7.9588e-07 -1.94134e-07)
(-10 6.84724e-07 -1.90161e-07)
(-10 7.60195e-07 -1.48928e-07)
(-10 7.51646e-07 -1.53811e-07)
(-10 3.14413e-07 -1.21424e-07)
(-10 3.92676e-07 -1.4237e-07)
(-10 5.04517e-07 -1.58187e-07)
(-10 5.14969e-07 -1.73181e-07)
(-10 5.28234e-07 -2.08596e-07)
(-10 5.21083e-07 -2.06682e-07)
(-10 5.26228e-07 -2.26788e-07)
(-10 5.26534e-07 -2.2015e-07)
(-10 5.0184e-07 -2.09491e-07)
(-10 5.28041e-07 -2.02289e-07)
(-10 4.9771e-07 -2.00809e-07)
(-10 5.39633e-07 -1.83382e-07)
(-10 4.88635e-07 -2.10632e-07)
(-10 2.58234e-07 -1.95944e-07)
(-10 2.01828e-07 -1.91624e-07)
(-10 2.1356e-07 -1.84382e-07)
(-10 2.78509e-07 -1.47448e-07)
(-10 8.67383e-08 -1.47722e-07)
(-10 7.78837e-08 -1.68073e-07)
(-10 1.09429e-07 -1.74518e-07)
(-10 1.07132e-07 -2.21648e-07)
(-10 1.0525e-07 -2.13187e-07)
(-10 9.53199e-08 -2.55067e-07)
(-10 9.57314e-08 -2.44563e-07)
(-10 8.35705e-08 -2.58917e-07)
(-10 9.21213e-08 -2.48535e-07)
(-10 7.09315e-08 -2.39945e-07)
(-10 9.76386e-08 -2.30137e-07)
(-10 6.42599e-08 -2.43707e-07)
(-10 7.07959e-08 -2.38653e-07)
(-10 -1.13056e-08 -2.4163e-07)
(-10 -2.98143e-08 -2.31477e-07)
(-10 1.30101e-08 -1.96067e-07)
(-10 3.86652e-08 -1.75707e-07)
(-10 4.10384e-07 -1.58777e-07)
(-10 1.20291e-07 -3.52539e-08)
(-10 -1.97508e-07 9.64629e-09)
(-10 -5.91418e-07 -2.81655e-08)
(-10 -1.05098e-06 -4.88351e-08)
(-10 -1.58577e-06 -7.98318e-08)
(-10 -2.1917e-06 -2.13813e-08)
(-10 -2.88497e-06 -2.34526e-09)
(-10 -3.66641e-06 -7.95117e-09)
(-10 -4.54315e-06 -5.69322e-09)
(-10 -5.5254e-06 8.41201e-09)
(-10 -6.62164e-06 1.15307e-09)
(-10 4.28723e-07 -6.97717e-09)
(-10 1.187e-06 6.60166e-08)
(-10 1.10671e-06 1.37074e-07)
(-10 1.00096e-06 1.0422e-08)
(-10 8.03518e-07 -1.27429e-07)
(-10 5.38296e-07 -3.66607e-09)
(-10 2.16405e-07 -1.45833e-08)
(-10 -1.51497e-07 -1.00868e-07)
(-10 -5.80984e-07 -1.16244e-07)
(-10 -1.07714e-06 -4.23946e-08)
(-10 -1.64181e-06 -9.94612e-10)
(-10 -2.2922e-06 -2.90392e-08)
(-10 -3.03522e-06 -3.2253e-08)
(-10 -3.87444e-06 -1.4891e-08)
(-10 -4.82103e-06 -4.04459e-09)
(-10 -5.88233e-06 -5.60691e-10)
(-10 -7.07997e-06 7.09729e-09)
(-10 4.84499e-07 -2.74883e-09)
(-10 1.38739e-06 2.00614e-07)
(-10 1.24781e-06 2.60367e-08)
(-10 1.07162e-06 5.60656e-08)
(-10 8.46324e-07 5.83264e-08)
(-10 5.49128e-07 -5.59958e-08)
(-10 2.28596e-07 -6.75198e-08)
(-10 -1.63383e-07 -8.02344e-09)
(-10 -6.0957e-07 -1.40462e-08)
(-10 -1.12984e-06 -2.64743e-09)
(-10 -1.72721e-06 -8.20685e-08)
(-10 -2.41204e-06 -2.5097e-08)
(-10 -3.19625e-06 -5.31422e-10)
(-10 -4.08694e-06 -7.36064e-09)
(-10 -5.09637e-06 -7.47399e-09)
(-10 -6.23702e-06 1.11117e-09)
(-10 -7.52841e-06 -3.70028e-11)
(-10 5.3067e-07 -5.39435e-09)
(-10 1.33918e-06 2.65701e-08)
(-10 1.22581e-06 1.40822e-07)
(-10 1.04696e-06 2.70801e-08)
(-10 8.13617e-07 -7.76323e-08)
(-10 5.33714e-07 3.70017e-08)
(-10 1.81964e-07 3.47827e-08)
(-10 -2.13932e-07 -9.40554e-08)
(-10 -6.77879e-07 -5.42634e-08)
(-10 -1.2151e-06 -2.84191e-08)
(-10 -1.83258e-06 1.83481e-08)
(-10 -2.54684e-06 -1.39698e-08)
(-10 -3.36438e-06 -3.47012e-08)
(-10 -4.2965e-06 -1.47802e-08)
(-10 -5.35755e-06 -4.59635e-09)
(-10 -6.56595e-06 -5.44701e-09)
(-10 -7.94135e-06 4.21882e-09)
(-10 5.75506e-07 -1.46098e-09)
(-10 1.35735e-06 2.01111e-07)
(-10 1.20203e-06 -2.49446e-08)
(-10 1.00795e-06 2.37443e-08)
(-10 7.61643e-07 8.00211e-08)
(-10 4.56798e-07 -1.46335e-08)
(-10 1.21362e-07 -4.37588e-08)
(-10 -2.82586e-07 8.14992e-09)
(-10 -7.54301e-07 1.34613e-09)
(-10 -1.30736e-06 7.33691e-09)
(-10 -1.94457e-06 -5.40252e-08)
(-10 -2.67969e-06 -1.62531e-08)
(-10 -3.52281e-06 -2.1986e-09)
(-10 -4.49018e-06 -5.42042e-09)
(-10 -5.59682e-06 -6.79506e-09)
(-10 -6.86246e-06 -5.89564e-10)
(-10 -8.30999e-06 5.75777e-11)
(-10 6.07771e-07 -3.46131e-09)
(-10 1.32193e-06 -6.19032e-08)
(-10 1.12841e-06 8.38708e-08)
(-10 9.08815e-07 2.17468e-08)
(-10 6.44365e-07 -8.4317e-08)
(-10 3.60878e-07 3.20113e-08)
(-10 3.55405e-08 2.76376e-08)
(-10 -3.67677e-07 -7.94514e-08)
(-10 -8.46207e-07 -3.23091e-08)
(-10 -1.40615e-06 -2.83247e-08)
(-10 -2.05615e-06 3.05991e-08)
(-10 -2.80756e-06 -9.83594e-09)
(-10 -3.67079e-06 -2.92625e-08)
(-10 -4.66584e-06 -1.29653e-08)
(-10 -5.80788e-06 -5.13108e-09)
(-10 -7.11866e-06 -7.80175e-09)
(-10 -8.62481e-06 1.22566e-09)
(-10 6.38568e-07 6.52062e-11)
(-10 1.19107e-06 1.58333e-07)
(-10 9.97455e-07 -6.92468e-08)
(-10 7.50618e-07 -1.07137e-08)
(-10 4.41744e-07 9.73712e-08)
(-10 1.99853e-07 1.29716e-08)
(-10 -6.28038e-08 -1.35635e-08)
(-10 -4.48722e-07 3.01637e-08)
(-10 -9.26977e-07 -1.09932e-10)
(-10 -1.49431e-06 5.20417e-09)
(-10 -2.15238e-06 -4.74608e-08)
(-10 -2.91532e-06 -1.64742e-08)
(-10 -3.79452e-06 6.97768e-09)
(-10 -4.80925e-06 -3.68114e-09)
(-10 -5.97811e-06 -9.54033e-09)
(-10 -7.32372e-06 -1.78881e-09)
(-10 -8.87441e-06 -6.00419e-09)
(-10 6.58385e-07 -2.3764e-09)
(-10 8.32531e-07 1.35048e-07)
(-10 6.15126e-07 5.26149e-08)
(-10 4.71409e-07 1.37901e-08)
(-10 2.2051e-07 5.10205e-08)
(-10 -1.12254e-07 2.97607e-08)
(-10 -5.20222e-07 -6.17953e-08)
(-10 -1.0077e-06 -2.36028e-08)
(-10 -1.57621e-06 -3.14315e-08)
(-10 -2.23777e-06 3.87225e-08)
(-10 -3.0063e-06 -7.72813e-09)
(-10 -3.89474e-06 -2.50197e-08)
(-10 -4.92067e-06 -1.09746e-08)
(-10 -6.10546e-06 -5.76727e-09)
(-10 -7.47303e-06 -8.17006e-09)
(-10 -9.05322e-06 -3.86732e-09)
(-10 6.71986e-07 1.1725e-09)
(-10 6.69558e-07 -4.37946e-08)
(-10 6.48543e-07 -2.95305e-08)
(-10 5.52874e-07 9.23851e-08)
(-10 2.52625e-07 -2.03102e-11)
(-10 -1.52953e-07 -2.81e-08)
(-10 -5.77406e-07 1.96846e-08)
(-10 -1.0699e-06 -1.78389e-09)
(-10 -1.63868e-06 6.6507e-09)
(-10 -2.30155e-06 -3.60395e-08)
(-10 -3.07144e-06 -1.16904e-08)
(-10 -3.96223e-06 1.41049e-08)
(-10 -4.99207e-06 -9.57453e-11)
(-10 -6.18346e-06 -6.15929e-09)
(-10 -7.56127e-06 -4.33899e-10)
(-10 -9.15533e-06 -1.89933e-09)
(-10 6.77881e-07 -1.28362e-09)
(-10 5.60197e-07 1.84218e-08)
(-10 5.37685e-07 -5.12506e-09)
(-10 4.07728e-07 -1.03521e-07)
(-10 1.38382e-07 -1.59405e-08)
(-10 -2.17695e-07 -1.12341e-08)
(-10 -6.33079e-07 -4.01652e-08)
(-10 -1.12328e-06 -2.24565e-08)
(-10 -1.69015e-06 -2.86408e-08)
(-10 -2.34912e-06 4.87313e-08)
(-10 -3.11382e-06 -1.91476e-09)
(-10 -3.99906e-06 -2.1507e-08)
(-10 -5.02431e-06 -6.20345e-09)
(-10 -6.21143e-06 -8.22218e-10)
(-10 -7.58633e-06 -5.52798e-09)
(-10 -9.1798e-06 -1.38521e-09)
(-10 6.77132e-07 -6.92687e-10)
(-10 6.17288e-07 -3.10387e-08)
(-10 5.5519e-07 -7.94622e-08)
(-10 3.63225e-07 9.2932e-08)
(-10 9.1148e-08 -5.13688e-08)
(-10 -2.57623e-07 -4.78022e-08)
(-10 -6.73653e-07 2.05555e-08)
(-10 -1.16028e-06 2.58411e-09)
(-10 -1.72205e-06 8.86825e-09)
(-10 -2.37243e-06 -2.55117e-08)
(-10 -3.12652e-06 -5.29523e-09)
(-10 -4.00023e-06 2.06413e-08)
(-10 -5.01178e-06 5.33653e-09)
(-10 -6.18443e-06 1.41817e-09)
(-10 -7.54391e-06 3.24404e-09)
(-10 -9.12127e-06 -2.64445e-09)
(-10 6.67806e-07 -1.97749e-09)
(-10 7.68571e-07 -5.95331e-08)
(-10 6.47735e-07 -1.53338e-08)
(-10 3.74785e-07 -9.99752e-08)
(-10 7.33207e-08 -5.34978e-09)
(-10 -2.8567e-07 -1.9728e-08)
(-10 -6.9956e-07 -3.7022e-08)
(-10 -1.18109e-06 -1.74763e-08)
(-10 -1.73481e-06 -2.23509e-08)
(-10 -2.37333e-06 5.68832e-08)
(-10 -3.11124e-06 6.01826e-09)
(-10 -3.96572e-06 -1.40588e-08)
(-10 -4.95623e-06 6.71742e-10)
(-10 -6.10484e-06 5.5255e-09)
(-10 -7.43705e-06 -7.75063e-10)
(-10 -8.9839e-06 1.67519e-09)
(-10 6.50664e-07 3.06743e-09)
(-10 7.82018e-07 -8.19968e-08)
(-10 6.15274e-07 -9.25594e-08)
(-10 3.54595e-07 1.07584e-07)
(-10 5.12193e-08 -4.53383e-08)
(-10 -2.98419e-07 -4.66744e-08)
(-10 -7.19094e-07 6.03503e-08)
(-10 -1.18991e-06 3.04096e-08)
(-10 -1.73136e-06 1.67771e-08)
(-10 -2.35335e-06 -1.27956e-08)
(-10 -3.06846e-06 4.35023e-09)
(-10 -3.89594e-06 2.68158e-08)
(-10 -4.85679e-06 1.19053e-08)
(-10 -5.971e-06 6.64365e-09)
(-10 -7.26389e-06 7.74568e-09)
(-10 -8.76699e-06 -1.13622e-09)
(-10 6.32148e-07 9.42638e-10)
(-10 8.06523e-07 -7.18369e-08)
(-10 5.9149e-07 -4.08899e-09)
(-10 3.3447e-07 -6.5062e-08)
(-10 3.17069e-08 2.37891e-08)
(-10 -3.31597e-07 -2.96677e-10)
(-10 -7.32424e-07 -1.43029e-08)
(-10 -1.18921e-06 -7.04344e-09)
(-10 -1.71068e-06 -1.01925e-08)
(-10 -2.3098e-06 3.68562e-08)
(-10 -2.99604e-06 1.22648e-08)
(-10 -3.79094e-06 -8.4239e-09)
(-10 -4.71295e-06 4.47705e-09)
(-10 -5.78418e-06 9.32533e-09)
(-10 -7.02738e-06 3.86471e-09)
(-10 -8.47276e-06 4.25012e-09)
(-10 6.01323e-07 3.84966e-09)
(-10 8.32804e-07 -8.58737e-08)
(-10 5.99681e-07 -6.37937e-08)
(-10 3.04755e-07 1.03655e-07)
(-10 -2.6842e-09 -3.0049e-08)
(-10 -3.47961e-07 -1.81993e-08)
(-10 -7.41325e-07 6.66526e-08)
(-10 -1.17792e-06 4.02875e-08)
(-10 -1.67467e-06 2.34303e-08)
(-10 -2.24135e-06 -2.76689e-08)
(-10 -2.89434e-06 8.98994e-09)
(-10 -3.64967e-06 1.93937e-08)
(-10 -4.52648e-06 1.32778e-08)
(-10 -5.54558e-06 7.63055e-09)
(-10 -6.72945e-06 1.04999e-08)
(-10 -8.10621e-06 2.56202e-09)
(-10 5.76314e-07 1.0691e-09)
(-10 8.96112e-07 -3.49849e-08)
(-10 5.83901e-07 -1.95324e-08)
(-10 2.8559e-07 -7.62134e-08)
(-10 -2.02232e-08 3.14796e-08)
(-10 -3.68484e-07 2.09957e-08)
(-10 -7.33839e-07 -1.24796e-08)
(-10 -1.14292e-06 -7.9871e-09)
(-10 -1.61222e-06 -7.81639e-09)
(-10 -2.14627e-06 3.65362e-08)
(-10 -2.75961e-06 1.29775e-08)
(-10 -3.46936e-06 -6.75564e-09)
(-10 -4.29504e-06 5.01683e-09)
(-10 -5.25585e-06 1.08689e-08)
(-10 -6.37235e-06 5.865e-09)
(-10 -7.66975e-06 5.4925e-09)
(-10 5.35682e-07 2.76849e-09)
(-10 8.79654e-07 -1.30523e-07)
(-10 5.58773e-07 -2.25216e-08)
(-10 2.54334e-07 6.49138e-08)
(-10 -4.36137e-08 -3.75762e-08)
(-10 -3.6252e-07 -2.89735e-08)
(-10 -7.1487e-07 5.25403e-08)
(-10 -1.099e-06 5.36792e-08)
(-10 -1.53212e-06 1.95597e-08)
(-10 -2.02526e-06 -2.27644e-08)
(-10 -2.59551e-06 7.56906e-09)
(-10 -3.25572e-06 1.93783e-08)
(-10 -4.02399e-06 1.02742e-08)
(-10 -4.91887e-06 5.74683e-09)
(-10 -5.95982e-06 1.02758e-08)
(-10 -7.16906e-06 1.34714e-09)
(-10 5.04563e-07 5.41095e-10)
(-10 7.6075e-07 -1.96606e-08)
(-10 4.998e-07 -4.26098e-08)
(-10 2.32173e-07 -9.76435e-08)
(-10 -5.51925e-08 3.52241e-08)
(-10 -3.52781e-07 2.5113e-08)
(-10 -6.69055e-07 -1.47722e-08)
(-10 -1.02281e-06 -1.06167e-08)
(-10 -1.42095e-06 -4.50488e-09)
(-10 -1.87604e-06 4.17433e-08)
(-10 -2.39797e-06 8.55886e-09)
(-10 -3.00433e-06 -4.16059e-09)
(-10 -3.71132e-06 5.36423e-09)
(-10 -4.53531e-06 9.89977e-09)
(-10 -5.49363e-06 4.4631e-09)
(-10 -6.60481e-06 2.54721e-09)
(-10 4.54868e-07 2.3296e-09)
(-10 6.8753e-07 -6.20186e-08)
(-10 4.53604e-07 -2.62365e-08)
(-10 1.9732e-07 3.51474e-08)
(-10 -5.08634e-08 -3.88979e-08)
(-10 -3.16873e-07 -2.9676e-08)
(-10 -6.13056e-07 4.18565e-08)
(-10 -9.32782e-07 4.96302e-08)
(-10 -1.29298e-06 1.49592e-08)
(-10 -1.7024e-06 -1.48204e-08)
(-10 -2.17626e-06 1.30303e-08)
(-10 -2.72556e-06 2.01166e-08)
(-10 -3.36574e-06 1.0362e-08)
(-10 -4.11105e-06 6.64761e-09)
(-10 -4.97845e-06 6.7174e-09)
(-10 -5.9841e-06 -1.70023e-09)
(-10 4.16871e-07 1.5588e-09)
(-10 6.25674e-07 -9.95894e-09)
(-10 4.11102e-07 -3.86032e-08)
(-10 1.97494e-07 -8.98049e-08)
(-10 -4.15311e-08 1.95232e-08)
(-10 -2.82326e-07 3.12188e-08)
(-10 -5.34061e-07 -1.61242e-09)
(-10 -8.19772e-07 -2.39664e-10)
(-10 -1.1419e-06 9.40214e-09)
(-10 -1.5093e-06 4.14145e-08)
(-10 -1.92847e-06 1.01742e-08)
(-10 -2.41642e-06 4.52598e-09)
(-10 -2.98547e-06 1.00968e-08)
(-10 -3.64804e-06 8.81885e-09)
(-10 -4.41577e-06 1.60554e-09)
(-10 -5.30522e-06 -3.83621e-09)
(-10 3.58695e-07 3.78582e-09)
(-10 6.10452e-07 -4.44887e-08)
(-10 3.87742e-07 -3.32693e-08)
(-10 1.71195e-07 2.11694e-08)
(-10 -1.78165e-08 -2.55877e-08)
(-10 -2.25822e-07 -1.01433e-08)
(-10 -4.59026e-07 4.53207e-08)
(-10 -7.07555e-07 5.26482e-08)
(-10 -9.86458e-07 1.73844e-08)
(-10 -1.30162e-06 4.77543e-09)
(-10 -1.66708e-06 2.50844e-08)
(-10 -2.08966e-06 2.95567e-08)
(-10 -2.58077e-06 1.80852e-08)
(-10 -3.15005e-06 8.35651e-09)
(-10 -3.81056e-06 2.73973e-09)
(-10 -4.576e-06 -7.58651e-09)
(-10 3.15027e-07 4.57953e-09)
(-10 5.36363e-07 -2.60307e-08)
(-10 3.3225e-07 -3.42848e-08)
(-10 1.75955e-07 -6.15784e-08)
(-10 -1.38407e-08 1.78461e-08)
(-10 -1.90237e-07 4.25225e-08)
(-10 -3.69576e-07 2.40225e-08)
(-10 -5.80862e-07 1.80049e-08)
(-10 -8.17291e-07 2.71116e-08)
(-10 -1.08508e-06 5.16936e-08)
(-10 -1.38721e-06 2.27814e-08)
(-10 -1.73813e-06 1.8862e-08)
(-10 -2.14639e-06 1.71159e-08)
(-10 -2.61896e-06 1.02727e-08)
(-10 -3.16353e-06 -9.41888e-10)
(-10 -3.79527e-06 -1.05136e-08)
(-10 2.50127e-07 6.58225e-09)
(-10 4.41905e-07 -3.49221e-08)
(-10 2.71375e-07 -2.25515e-08)
(-10 1.11528e-07 1.49251e-08)
(-10 -1.40985e-09 3.9393e-09)
(-10 -1.41135e-07 1.8536e-08)
(-10 -3.02842e-07 4.94708e-08)
(-10 -4.67584e-07 5.8197e-08)
(-10 -6.5135e-07 2.8965e-08)
(-10 -8.57092e-07 2.82842e-08)
(-10 -1.09761e-06 3.72865e-08)
(-10 -1.37447e-06 3.58895e-08)
(-10 -1.69265e-06 2.26744e-08)
(-10 -2.05804e-06 9.31043e-09)
(-10 -2.48146e-06 -7.23306e-10)
(-10 -2.97392e-06 -1.24022e-08)
(-10 1.96778e-07 7.95462e-09)
(-10 3.00885e-07 -4.37946e-08)
(-10 1.80588e-07 -2.90934e-08)
(-10 1.14876e-07 -3.63123e-08)
(-10 -3.84835e-08 4.14782e-09)
(-10 -1.36223e-07 3.13604e-08)
(-10 -2.28565e-07 2.71596e-08)
(-10 -3.47574e-07 1.8271e-08)
(-10 -4.80702e-07 2.78663e-08)
(-10 -6.3273e-07 4.08287e-08)
(-10 -7.98999e-07 3.02606e-08)
(-10 -9.95373e-07 2.1809e-08)
(-10 -1.22093e-06 1.33114e-08)
(-10 -1.47979e-06 3.83363e-09)
(-10 -1.77572e-06 -7.63357e-09)
(-10 -2.12129e-06 -1.79239e-08)
(-10 1.23696e-07 7.57816e-09)
(-10 2.95318e-08 -4.60543e-08)
(-10 -9.33233e-09 -5.302e-08)
(-10 -1.15517e-07 -2.36762e-08)
(-10 -1.45981e-07 -8.94959e-09)
(-10 -1.779e-07 -1.49683e-08)
(-10 -2.53929e-07 1.2355e-08)
(-10 -3.07442e-07 1.52701e-08)
(-10 -3.76096e-07 2.36758e-08)
(-10 -4.52059e-07 1.40378e-08)
(-10 -5.48912e-07 1.72866e-08)
(-10 -6.59239e-07 1.43502e-08)
(-10 -7.83184e-07 3.50866e-09)
(-10 -9.21949e-07 -6.92444e-09)
(-10 -1.08802e-06 -1.41956e-08)
(-10 -1.28374e-06 -2.35539e-08)
(-10 6.01568e-08 5.45857e-09)
(-10 -2.73828e-08 -5.52397e-08)
(-10 -4.57456e-08 -4.03791e-08)
(-10 -4.39859e-08 -2.67348e-08)
(-10 -5.35859e-08 -2.81077e-08)
(-10 -7.05146e-08 9.1262e-09)
(-10 -7.13764e-08 1.45059e-08)
(-10 -8.70671e-08 1.66843e-08)
(-10 -1.03555e-07 2.38632e-08)
(-10 -1.29187e-07 2.81772e-08)
(-10 -1.547e-07 2.79169e-08)
(-10 -1.88572e-07 2.08813e-08)
(-10 -2.27481e-07 1.11857e-08)
(-10 -2.71872e-07 1.67487e-09)
(-10 -3.26389e-07 -8.56357e-09)
(-10 -3.88814e-07 -1.96536e-08)
(-10 1.27139e-08 5.88917e-09)
(-10 -1.26713e-07 -1.14269e-07)
(-10 -5.55078e-07 -1.82159e-07)
(-10 -1.00255e-06 -1.02273e-07)
(-10 -1.48243e-06 -2.99007e-08)
(-10 -2.12781e-06 -6.63341e-08)
(-10 -2.85398e-06 -4.85895e-08)
(-10 -3.65142e-06 -1.71834e-08)
(-10 -4.54087e-06 8.72953e-09)
(-10 -5.53651e-06 4.2859e-08)
(-10 -6.6472e-06 2.58628e-08)
(-10 4.28372e-07 -1.17352e-08)
(-10 1.14287e-06 2.27826e-07)
(-10 1.14207e-06 2.40944e-07)
(-10 1.03374e-06 2.206e-07)
(-10 9.14085e-07 -1.61131e-08)
(-10 7.03506e-07 -1.92594e-08)
(-10 3.00685e-07 -9.73793e-08)
(-10 -1.12826e-07 -2.09196e-07)
(-10 -5.20277e-07 -7.58353e-08)
(-10 -9.85651e-07 -7.12252e-08)
(-10 -1.57996e-06 -1.24187e-07)
(-10 -2.26151e-06 -4.74159e-08)
(-10 -3.01633e-06 -9.44583e-09)
(-10 -3.87788e-06 3.96609e-09)
(-10 -4.84614e-06 1.44563e-08)
(-10 -5.91466e-06 5.21585e-09)
(-10 -7.11224e-06 2.75403e-08)
(-10 4.95731e-07 -8.17239e-09)
(-10 1.51865e-06 2.64521e-07)
(-10 1.39829e-06 2.01471e-07)
(-10 1.25789e-06 1.62838e-07)
(-10 1.01421e-06 2.17465e-07)
(-10 6.76972e-07 -6.02316e-08)
(-10 2.8484e-07 -8.74493e-08)
(-10 -1.19973e-07 -4.46812e-08)
(-10 -5.83238e-07 -7.21313e-08)
(-10 -1.08782e-06 -1.28435e-07)
(-10 -1.69476e-06 -3.07225e-08)
(-10 -2.40736e-06 -1.21209e-08)
(-10 -3.21207e-06 -4.82756e-08)
(-10 -4.10841e-06 -1.52391e-08)
(-10 -5.13577e-06 -8.8828e-09)
(-10 -6.29252e-06 3.52809e-08)
(-10 -7.5864e-06 2.19953e-08)
(-10 5.38698e-07 -8.25452e-09)
(-10 1.54985e-06 1.56965e-07)
(-10 1.42767e-06 2.40896e-07)
(-10 1.23553e-06 1.46611e-07)
(-10 9.81373e-07 2.43023e-09)
(-10 6.4392e-07 5.4823e-08)
(-10 2.23056e-07 9.56385e-09)
(-10 -1.83428e-07 -1.32034e-07)
(-10 -6.51356e-07 -6.955e-08)
(-10 -1.19803e-06 -2.21702e-08)
(-10 -1.83961e-06 -7.26825e-08)
(-10 -2.55976e-06 -2.10958e-08)
(-10 -3.39446e-06 4.10538e-09)
(-10 -4.33762e-06 2.09903e-09)
(-10 -5.41864e-06 3.07081e-09)
(-10 -6.63584e-06 -7.95358e-09)
(-10 -8.01205e-06 1.56037e-08)
(-10 5.75812e-07 -3.06468e-09)
(-10 1.54233e-06 2.20858e-07)
(-10 1.43551e-06 5.48374e-08)
(-10 1.24342e-06 9.69083e-08)
(-10 9.36685e-07 1.4049e-07)
(-10 5.86715e-07 -5.70695e-08)
(-10 1.89644e-07 -6.4022e-08)
(-10 -2.57676e-07 5.55519e-09)
(-10 -7.55888e-07 -1.28295e-09)
(-10 -1.31421e-06 -9.98292e-08)
(-10 -1.96242e-06 -7.09433e-09)
(-10 -2.70901e-06 2.76917e-09)
(-10 -3.57596e-06 -4.54837e-08)
(-10 -4.55243e-06 -2.0211e-08)
(-10 -5.67315e-06 -4.6078e-09)
(-10 -6.9451e-06 2.44109e-08)
(-10 -8.39252e-06 1.06008e-08)
(-10 6.1199e-07 -2.87872e-09)
(-10 1.54767e-06 2.51717e-08)
(-10 1.38492e-06 1.25197e-07)
(-10 1.13671e-06 7.89501e-08)
(-10 8.58131e-07 -3.5262e-08)
(-10 4.9692e-07 6.13099e-08)
(-10 9.19389e-08 5.39231e-08)
(-10 -3.47768e-07 -1.03709e-07)
(-10 -8.46981e-07 -2.61878e-08)
(-10 -1.41377e-06 4.8514e-10)
(-10 -2.08204e-06 -5.01326e-08)
(-10 -2.8558e-06 -2.02497e-08)
(-10 -3.73645e-06 8.16355e-09)
(-10 -4.74195e-06 8.10009e-10)
(-10 -5.89524e-06 2.56179e-09)
(-10 -7.20906e-06 -1.98358e-08)
(-10 -8.71394e-06 2.66351e-09)
(-10 6.40644e-07 8.14077e-10)
(-10 1.22177e-06 1.33048e-07)
(-10 1.29414e-06 -2.93244e-08)
(-10 1.0225e-06 2.84426e-08)
(-10 7.02797e-07 1.07293e-07)
(-10 3.72553e-07 -4.45974e-08)
(-10 -2.28141e-09 -3.88153e-08)
(-10 -4.42402e-07 3.36488e-08)
(-10 -9.34411e-07 1.36663e-08)
(-10 -1.53187e-06 -6.05478e-08)
(-10 -2.19172e-06 -2.40981e-09)
(-10 -2.97521e-06 -9.21041e-11)
(-10 -3.87362e-06 -2.99208e-08)
(-10 -4.89832e-06 -2.27959e-08)
(-10 -6.07572e-06 -7.30274e-09)
(-10 -7.4224e-06 1.65636e-08)
(-10 -8.96961e-06 4.19494e-09)
(-10 6.6174e-07 -1.27631e-09)
(-10 1.27459e-06 2.49703e-08)
(-10 1.01993e-06 1.32902e-07)
(-10 8.04207e-07 9.48541e-08)
(-10 5.4106e-07 1.85778e-08)
(-10 2.41266e-07 1.23004e-07)
(-10 -1.10051e-07 2.91649e-08)
(-10 -5.33324e-07 -7.31774e-08)
(-10 -1.03489e-06 -2.11317e-08)
(-10 -1.62539e-06 2.2331e-08)
(-10 -2.29989e-06 -2.8953e-08)
(-10 -3.0832e-06 -2.2987e-08)
(-10 -3.98489e-06 1.31221e-08)
(-10 -5.02179e-06 2.26164e-09)
(-10 -6.21194e-06 2.24078e-10)
(-10 -7.57713e-06 -2.62935e-08)
(-10 -9.15196e-06 -5.51498e-09)
(-10 6.76441e-07 1.41342e-09)
(-10 7.25813e-07 6.76806e-08)
(-10 5.9243e-07 1.48444e-08)
(-10 4.09901e-07 4.29263e-08)
(-10 1.6168e-07 -2.31805e-08)
(-10 -1.96815e-07 -2.92923e-08)
(-10 -6.23562e-07 5.73874e-08)
(-10 -1.12e-06 -4.76754e-11)
(-10 -1.70978e-06 -5.90591e-08)
(-10 -2.3812e-06 -9.59976e-10)
(-10 -3.16394e-06 1.97586e-09)
(-10 -4.06354e-06 -3.47779e-08)
(-10 -5.10199e-06 -1.90316e-08)
(-10 -6.29659e-06 -7.02269e-09)
(-10 -7.67058e-06 1.4783e-08)
(-10 -9.25716e-06 -1.34643e-10)
(-10 6.78623e-07 -1.18841e-08)
(-10 5.98914e-07 1.88914e-08)
(-10 4.54044e-07 -1.05444e-07)
(-10 3.02297e-07 -2.02155e-07)
(-10 5.73875e-08 1.51977e-08)
(-10 -2.89653e-07 1.84619e-08)
(-10 -7.01241e-07 -7.6225e-08)
(-10 -1.19908e-06 -4.45347e-08)
(-10 -1.77853e-06 3.67487e-08)
(-10 -2.44458e-06 -1.78565e-08)
(-10 -3.21937e-06 -2.08415e-08)
(-10 -4.11208e-06 9.97396e-09)
(-10 -5.14248e-06 6.52069e-09)
(-10 -6.33021e-06 1.79588e-09)
(-10 -7.69872e-06 -2.60659e-08)
(-10 -9.28215e-06 -9.16128e-09)
(-10 6.84093e-07 -2.41527e-09)
(-10 5.9218e-07 -2.19177e-08)
(-10 4.68955e-07 -2.25469e-07)
(-10 2.8176e-07 -3.77926e-08)
(-10 4.56429e-09 -1.07306e-07)
(-10 -3.42369e-07 -8.96153e-08)
(-10 -7.62257e-07 6.70687e-08)
(-10 -1.25288e-06 -2.02533e-08)
(-10 -1.82493e-06 -4.40985e-08)
(-10 -2.48572e-06 8.64889e-09)
(-10 -3.24198e-06 4.57526e-09)
(-10 -4.11828e-06 -2.64191e-08)
(-10 -5.13362e-06 -1.40841e-08)
(-10 -6.30431e-06 -3.89769e-09)
(-10 -7.6557e-06 1.5563e-08)
(-10 -9.223e-06 -6.96332e-10)
(-10 6.67306e-07 -6.76577e-09)
(-10 8.16151e-07 -2.15931e-07)
(-10 5.90984e-07 -1.32969e-07)
(-10 3.26174e-07 -2.73728e-07)
(-10 -7.36394e-11 4.94294e-09)
(-10 -3.74534e-07 2.17327e-08)
(-10 -8.08012e-07 -5.93892e-08)
(-10 -1.29642e-06 -5.29803e-08)
(-10 -1.85482e-06 3.85887e-08)
(-10 -2.49194e-06 -1.32928e-08)
(-10 -3.23555e-06 -1.34922e-08)
(-10 -4.09178e-06 4.50532e-09)
(-10 -5.08028e-06 1.10428e-08)
(-10 -6.22393e-06 6.01311e-09)
(-10 -7.54562e-06 -2.12967e-08)
(-10 -9.08126e-06 -8.24719e-09)
(-10 6.54965e-07 5.46243e-09)
(-10 8.70236e-07 -2.59427e-07)
(-10 6.11689e-07 -2.48946e-07)
(-10 3.12016e-07 2.47689e-08)
(-10 -2.70657e-08 -7.03044e-08)
(-10 -3.95138e-07 -2.81155e-08)
(-10 -8.35666e-07 8.18456e-08)
(-10 -1.31313e-06 -2.52497e-08)
(-10 -1.8575e-06 -2.65501e-08)
(-10 -2.48332e-06 3.11419e-08)
(-10 -3.19366e-06 1.04065e-08)
(-10 -4.01846e-06 -1.83462e-08)
(-10 -4.97681e-06 -8.18224e-09)
(-10 -6.0837e-06 1.24589e-09)
(-10 -7.36592e-06 2.00624e-08)
(-10 -8.85872e-06 1.41231e-09)
(-10 6.3201e-07 1.53165e-09)
(-10 9.17287e-07 -2.27263e-07)
(-10 5.60877e-07 -4.16925e-08)
(-10 2.89144e-07 -1.67284e-07)
(-10 -5.4435e-08 4.78406e-08)
(-10 -4.37321e-07 4.45043e-08)
(-10 -8.61983e-07 -3.86868e-08)
(-10 -1.32327e-06 -8.51924e-09)
(-10 -1.84553e-06 5.41746e-08)
(-10 -2.43068e-06 -7.66289e-09)
(-10 -3.11954e-06 -8.73627e-09)
(-10 -3.91155e-06 2.56821e-08)
(-10 -4.82721e-06 1.42589e-08)
(-10 -5.89005e-06 8.47971e-09)
(-10 -7.1226e-06 -1.2278e-08)
(-10 -8.55798e-06 -1.70789e-09)
(-10 6.07093e-07 3.78258e-09)
(-10 8.45509e-07 -1.78618e-07)
(-10 5.34549e-07 -1.85638e-07)
(-10 2.34038e-07 6.40633e-08)
(-10 -1.02546e-07 -3.77996e-08)
(-10 -4.71051e-07 -1.06114e-08)
(-10 -8.71316e-07 8.68042e-08)
(-10 -1.30907e-06 -1.49302e-08)
(-10 -1.80269e-06 -1.33191e-08)
(-10 -2.37126e-06 3.73547e-08)
(-10 -3.01053e-06 1.34046e-08)
(-10 -3.75826e-06 -1.49932e-08)
(-10 -4.62975e-06 -2.71855e-09)
(-10 -5.64121e-06 1.19605e-09)
(-10 -6.816e-06 2.63653e-08)
(-10 -8.18501e-06 1.85863e-09)
(-10 5.7694e-07 9.8579e-10)
(-10 8.62027e-07 -1.37864e-07)
(-10 4.88406e-07 -4.32555e-08)
(-10 1.88818e-07 -1.40828e-07)
(-10 -1.36951e-07 3.51088e-08)
(-10 -4.86577e-07 3.42666e-08)
(-10 -8.69645e-07 -3.36927e-08)
(-10 -1.28123e-06 5.30389e-09)
(-10 -1.7414e-06 5.63127e-08)
(-10 -2.25728e-06 -1.07133e-08)
(-10 -2.86938e-06 -1.41911e-08)
(-10 -3.57298e-06 2.14598e-08)
(-10 -4.38906e-06 1.5794e-08)
(-10 -5.34385e-06 4.30864e-09)
(-10 -6.45283e-06 -4.85643e-09)
(-10 -7.7433e-06 3.05054e-09)
(-10 5.4226e-07 7.56852e-10)
(-10 8.56843e-07 -2.0051e-07)
(-10 4.60594e-07 -1.36673e-07)
(-10 1.52021e-07 1.39817e-08)
(-10 -1.59054e-07 -6.47517e-08)
(-10 -4.96741e-07 -6.35012e-08)
(-10 -8.39126e-07 6.18194e-08)
(-10 -1.21729e-06 2.70429e-08)
(-10 -1.64471e-06 -1.30232e-08)
(-10 -2.14119e-06 3.50813e-08)
(-10 -2.69397e-06 6.59469e-09)
(-10 -3.34283e-06 -1.25602e-08)
(-10 -4.10693e-06 1.25233e-09)
(-10 -4.99783e-06 3.72553e-09)
(-10 -6.035e-06 2.60576e-08)
(-10 -7.23948e-06 -3.7166e-09)
(-10 5.04629e-07 -6.19204e-10)
(-10 7.8303e-07 -9.40006e-08)
(-10 4.12722e-07 -9.44846e-08)
(-10 1.14804e-07 -9.56253e-08)
(-10 -1.70696e-07 -2.84861e-08)
(-10 -4.65102e-07 3.09029e-09)
(-10 -7.89602e-07 -3.98402e-08)
(-10 -1.13316e-06 1.54553e-09)
(-10 -1.52977e-06 4.72165e-08)
(-10 -1.96716e-06 -1.36588e-08)
(-10 -2.48821e-06 -1.38334e-08)
(-10 -3.08777e-06 2.09685e-08)
(-10 -3.78787e-06 1.75765e-08)
(-10 -4.61162e-06 3.67834e-09)
(-10 -5.56719e-06 -6.0829e-09)
(-10 -6.67403e-06 -3.47648e-09)
(-10 4.61025e-07 3.27859e-10)
(-10 6.6941e-07 -1.3211e-07)
(-10 3.52514e-07 -9.242e-08)
(-10 9.60784e-08 -4.23588e-08)
(-10 -1.5951e-07 -9.44987e-08)
(-10 -4.33565e-07 -5.54051e-08)
(-10 -7.09449e-07 4.22871e-08)
(-10 -1.02199e-06 2.36032e-08)
(-10 -1.37664e-06 -9.12225e-09)
(-10 -1.79947e-06 3.30746e-08)
(-10 -2.25588e-06 1.20328e-08)
(-10 -2.79572e-06 -1.87572e-09)
(-10 -3.43567e-06 6.69837e-09)
(-10 -4.18262e-06 9.09478e-09)
(-10 -5.04921e-06 1.38345e-08)
(-10 -6.05102e-06 -1.11529e-08)
(-10 4.14908e-07 1.75259e-09)
(-10 5.83598e-07 -9.77734e-08)
(-10 3.33892e-07 -1.1309e-07)
(-10 8.67917e-08 -1.20982e-07)
(-10 -1.32167e-07 -6.75108e-08)
(-10 -3.59639e-07 -1.27359e-08)
(-10 -6.20729e-07 -3.11269e-08)
(-10 -8.92626e-07 7.1139e-09)
(-10 -1.22684e-06 4.68146e-08)
(-10 -1.57917e-06 5.47265e-09)
(-10 -1.99961e-06 5.83613e-09)
(-10 -2.48841e-06 3.11437e-08)
(-10 -3.05427e-06 2.12248e-08)
(-10 -3.71731e-06 8.92853e-09)
(-10 -4.48445e-06 -1.52954e-08)
(-10 -5.36874e-06 -2.13937e-08)
(-10 3.63865e-07 4.7354e-09)
(-10 5.92804e-07 -1.28278e-07)
(-10 2.97249e-07 -9.23876e-08)
(-10 1.05726e-07 -7.40136e-08)
(-10 -8.89045e-08 -9.02155e-08)
(-10 -3.03473e-07 -4.9764e-08)
(-10 -5.07406e-07 3.44758e-08)
(-10 -7.64367e-07 3.41087e-08)
(-10 -1.03646e-06 1.1653e-08)
(-10 -1.37802e-06 4.96111e-08)
(-10 -1.72883e-06 4.69726e-08)
(-10 -2.14529e-06 2.36706e-08)
(-10 -2.64037e-06 1.57483e-08)
(-10 -3.21187e-06 3.99415e-09)
(-10 -3.87137e-06 -3.9579e-09)
(-10 -4.63228e-06 -2.90923e-08)
(-10 3.11059e-07 9.12712e-09)
(-10 5.34519e-07 -1.31033e-07)
(-10 2.84619e-07 -1.30464e-07)
(-10 1.06248e-07 -1.12805e-07)
(-10 -5.48033e-08 -7.3913e-08)
(-10 -2.14658e-07 -8.23456e-09)
(-10 -4.21452e-07 -4.18974e-09)
(-10 -6.19377e-07 1.90186e-08)
(-10 -8.72988e-07 6.20044e-08)
(-10 -1.12463e-06 4.12435e-08)
(-10 -1.43111e-06 3.70196e-08)
(-10 -1.79061e-06 4.84058e-08)
(-10 -2.19806e-06 2.72605e-08)
(-10 -2.67208e-06 3.07672e-09)
(-10 -3.21463e-06 -2.62607e-08)
(-10 -3.84158e-06 -4.18557e-08)
(-10 2.54681e-07 1.27183e-08)
(-10 4.66707e-07 -1.50229e-07)
(-10 2.5051e-07 -1.20992e-07)
(-10 1.15429e-07 -8.5504e-08)
(-10 -1.85926e-08 -6.70055e-08)
(-10 -1.73932e-07 -1.83851e-08)
(-10 -3.1733e-07 3.49515e-08)
(-10 -4.84854e-07 5.09692e-08)
(-10 -6.67452e-07 4.15401e-08)
(-10 -8.95881e-07 6.91105e-08)
(-10 -1.12539e-06 7.20789e-08)
(-10 -1.39943e-06 4.67816e-08)
(-10 -1.72549e-06 2.10291e-08)
(-10 -2.09251e-06 -2.2976e-09)
(-10 -2.51517e-06 -2.18263e-08)
(-10 -3.0069e-06 -4.78303e-08)
(-10 1.92946e-07 1.62966e-08)
(-10 3.27883e-07 -1.4329e-07)
(-10 2.03757e-07 -1.141e-07)
(-10 9.66509e-08 -1.11369e-07)
(-10 -1.90246e-08 -6.7363e-08)
(-10 -1.2137e-07 -5.26734e-09)
(-10 -2.37522e-07 1.30305e-08)
(-10 -3.56181e-07 2.94981e-08)
(-10 -4.93773e-07 6.46993e-08)
(-10 -6.29164e-07 6.34145e-08)
(-10 -8.07008e-07 5.85834e-08)
(-10 -1.00992e-06 5.19777e-08)
(-10 -1.23678e-06 2.44989e-08)
(-10 -1.49613e-06 -4.39452e-09)
(-10 -1.79432e-06 -3.52423e-08)
(-10 -2.14052e-06 -5.61419e-08)
(-10 1.25673e-07 1.74725e-08)
(-10 5.67621e-08 -1.09555e-07)
(-10 -1.51433e-08 -9.7464e-08)
(-10 -7.37972e-08 -7.90155e-08)
(-10 -1.3341e-07 -4.44435e-08)
(-10 -2.01228e-07 -5.83398e-09)
(-10 -2.55383e-07 3.14317e-08)
(-10 -3.12516e-07 5.0576e-08)
(-10 -3.80058e-07 5.75507e-08)
(-10 -4.6936e-07 6.58666e-08)
(-10 -5.56139e-07 6.95892e-08)
(-10 -6.65969e-07 3.94762e-08)
(-10 -7.92305e-07 1.53346e-08)
(-10 -9.33709e-07 -1.25697e-08)
(-10 -1.09984e-06 -3.36695e-08)
(-10 -1.29483e-06 -5.80047e-08)
(-10 5.79641e-08 1.76892e-08)
(-10 -3.3664e-08 -1.50078e-07)
(-10 -3.01426e-08 -1.03933e-07)
(-10 -4.73386e-08 -8.1533e-08)
(-10 -5.9468e-08 -5.93152e-08)
(-10 -6.64301e-08 -4.97843e-09)
(-10 -8.05024e-08 1.31652e-08)
(-10 -9.67031e-08 4.27747e-08)
(-10 -1.18282e-07 5.56403e-08)
(-10 -1.30717e-07 7.53311e-08)
(-10 -1.59629e-07 7.03749e-08)
(-10 -1.97298e-07 4.3445e-08)
(-10 -2.33562e-07 2.30493e-08)
(-10 -2.77923e-07 5.26623e-09)
(-10 -3.31408e-07 -2.29754e-08)
(-10 -3.93641e-07 -4.81176e-08)
(-10 1.2263e-08 1.75182e-08)
(-10 -1.53879e-06 -1.43772e-07)
(-10 -2.1967e-06 -1.66041e-08)
(-10 -2.84732e-06 -1.61797e-08)
(-10 -3.6373e-06 -1.11999e-08)
(-10 -4.5248e-06 2.07643e-08)
(-10 -5.53274e-06 -1.5874e-09)
(-10 -6.64322e-06 4.12086e-08)
(-10 4.26247e-07 -1.83037e-08)
(-10 1.17643e-06 2.10408e-07)
(-10 1.15298e-06 1.88378e-07)
(-10 1.03525e-06 1.7625e-07)
(-10 8.7164e-07 1.09699e-07)
(-10 6.17357e-07 4.52897e-08)
(-10 3.58901e-07 -1.08661e-07)
(-10 -2.80698e-09 -1.22313e-07)
(-10 -4.43229e-07 -1.23999e-07)
(-10 -1.00575e-06 -1.44639e-07)
(-10 -1.59511e-06 -1.7159e-08)
(-10 -2.2196e-06 -4.38834e-08)
(-10 -2.99385e-06 -2.48097e-08)
(-10 -3.88706e-06 -2.33486e-08)
(-10 -4.84729e-06 -2.55094e-08)
(-10 -5.91516e-06 5.99434e-08)
(-10 -7.11581e-06 5.49166e-08)
(-10 4.97559e-07 -1.11413e-08)
(-10 1.47652e-06 2.41485e-07)
(-10 1.37013e-06 1.76691e-07)
(-10 1.23364e-06 1.45714e-07)
(-10 1.00916e-06 7.90171e-08)
(-10 7.16801e-07 4.45643e-08)
(-10 3.43001e-07 1.7013e-08)
(-10 -3.80979e-08 -6.96482e-08)
(-10 -5.18168e-07 -1.0021e-07)
(-10 -1.06218e-06 -8.19601e-08)
(-10 -1.70339e-06 -2.01905e-08)
(-10 -2.38701e-06 -7.98781e-08)
(-10 -3.193e-06 -3.37866e-08)
(-10 -4.09168e-06 -1.73466e-09)
(-10 -5.14337e-06 4.36276e-09)
(-10 -6.30715e-06 1.57311e-08)
(-10 -7.5971e-06 3.64278e-08)
(-10 5.35297e-07 -1.28073e-08)
(-10 1.482e-06 2.12019e-07)
(-10 1.37968e-06 1.46073e-07)
(-10 1.20326e-06 1.05229e-07)
(-10 9.57037e-07 8.88948e-08)
(-10 6.41711e-07 5.59672e-08)
(-10 2.71799e-07 -4.96415e-08)
(-10 -1.48794e-07 -4.09634e-08)
(-10 -6.23189e-07 -4.87851e-08)
(-10 -1.19872e-06 -2.46829e-08)
(-10 -1.81055e-06 -6.28696e-09)
(-10 -2.54264e-06 3.05415e-09)
(-10 -3.39367e-06 -2.85017e-08)
(-10 -4.34181e-06 -3.78286e-09)
(-10 -5.43105e-06 -8.82194e-09)
(-10 -6.6453e-06 3.9068e-08)
(-10 -8.02172e-06 3.11078e-08)
(-10 5.72598e-07 -2.12003e-09)
(-10 1.49374e-06 1.6033e-07)
(-10 1.39044e-06 1.08624e-07)
(-10 1.18846e-06 9.2691e-08)
(-10 9.16863e-07 3.35049e-08)
(-10 5.84139e-07 2.42509e-08)
(-10 1.9914e-07 4.06229e-08)
(-10 -2.34729e-07 -4.86846e-08)
(-10 -7.40865e-07 -5.41345e-08)
(-10 -1.2891e-06 -1.73098e-08)
(-10 -1.95486e-06 9.23027e-09)
(-10 -2.70843e-06 -3.95871e-08)
(-10 -3.5572e-06 -1.95538e-08)
(-10 -4.55223e-06 3.16477e-09)
(-10 -5.67838e-06 1.60954e-08)
(-10 -6.9564e-06 -6.39657e-09)
(-10 -8.40335e-06 1.57569e-08)
(-10 6.10151e-07 -5.82397e-09)
(-10 1.44651e-06 1.51272e-07)
(-10 1.33856e-06 7.89149e-08)
(-10 1.11178e-06 3.76651e-08)
(-10 8.34992e-07 5.61643e-08)
(-10 4.97687e-07 4.26297e-08)
(-10 1.09917e-07 1.79941e-09)
(-10 -3.29829e-07 -1.90905e-08)
(-10 -8.28064e-07 -1.40363e-08)
(-10 -1.41433e-06 8.44873e-09)
(-10 -2.06795e-06 -1.15962e-08)
(-10 -2.8359e-06 8.8977e-10)
(-10 -3.73469e-06 -1.80191e-08)
(-10 -4.74179e-06 -4.66878e-09)
(-10 -5.90075e-06 -9.0959e-09)
(-10 -7.21602e-06 2.286e-08)
(-10 -8.72381e-06 1.09459e-08)
(-10 6.40584e-07 2.18428e-09)
(-10 1.34333e-06 7.37092e-08)
(-10 1.22847e-06 4.58468e-08)
(-10 9.90813e-07 5.3641e-08)
(-10 6.93046e-07 -1.1317e-10)
(-10 3.75463e-07 4.67586e-08)
(-10 6.68649e-09 3.93929e-08)
(-10 -4.2932e-07 -2.56116e-08)
(-10 -9.34442e-07 -9.66677e-09)
(-10 -1.50002e-06 -3.02706e-09)
(-10 -2.18317e-06 1.15732e-08)
(-10 -2.97424e-06 -5.17774e-08)
(-10 -3.85903e-06 -1.6805e-08)
(-10 -4.89746e-06 1.09217e-09)
(-10 -6.07842e-06 1.28289e-08)
(-10 -7.42853e-06 -1.67153e-08)
(-10 -8.97861e-06 -1.59173e-09)
(-10 6.62692e-07 -2.14859e-09)
(-10 1.25649e-06 1.53357e-07)
(-10 1.05009e-06 6.85451e-09)
(-10 7.40345e-07 -1.41855e-08)
(-10 5.13702e-07 4.1524e-08)
(-10 2.3392e-07 3.30412e-08)
(-10 -1.11136e-07 -3.77518e-09)
(-10 -5.38662e-07 4.36949e-09)
(-10 -1.00938e-06 -1.33201e-09)
(-10 -1.60725e-06 8.63426e-10)
(-10 -2.28739e-06 -1.56729e-08)
(-10 -3.07614e-06 1.56375e-08)
(-10 -3.97818e-06 -6.98624e-09)
(-10 -5.01998e-06 -6.41956e-09)
(-10 -6.21302e-06 -1.31774e-08)
(-10 -7.58062e-06 8.27145e-09)
(-10 -9.15795e-06 2.41304e-10)
(-10 6.77482e-07 4.14693e-09)
(-10 1.03864e-06 5.93668e-08)
(-10 7.55542e-07 3.78037e-08)
(-10 4.74621e-07 1.29346e-08)
(-10 2.7404e-07 -3.2313e-08)
(-10 8.5268e-08 -1.86061e-08)
(-10 -2.27636e-07 1.19262e-09)
(-10 -6.22975e-07 -1.35165e-08)
(-10 -1.09289e-06 -2.18777e-08)
(-10 -1.69583e-06 -1.38526e-08)
(-10 -2.36828e-06 4.68946e-09)
(-10 -3.15785e-06 -4.01538e-08)
(-10 -4.05837e-06 -1.20977e-08)
(-10 -5.10052e-06 -1.3608e-09)
(-10 -6.29618e-06 9.19076e-09)
(-10 -7.67146e-06 -9.54062e-09)
(-10 -9.26063e-06 -7.51271e-09)
(-10 6.79256e-07 -7.30614e-09)
(-10 8.70323e-07 1.52725e-07)
(-10 5.53844e-07 3.11741e-08)
(-10 3.23191e-07 -1.59587e-07)
(-10 1.47788e-07 -1.58005e-07)
(-10 -1.76249e-08 -1.0311e-07)
(-10 -2.95787e-07 -7.93352e-08)
(-10 -7.15531e-07 -4.41023e-09)
(-10 -1.17132e-06 9.54685e-09)
(-10 -1.7618e-06 -9.9814e-09)
(-10 -2.43896e-06 -1.99065e-08)
(-10 -3.2134e-06 -2.38949e-09)
(-10 -4.1046e-06 2.10974e-09)
(-10 -5.13946e-06 -5.78878e-09)
(-10 -6.32861e-06 -1.31909e-08)
(-10 -7.69803e-06 -2.37905e-09)
(-10 -9.28309e-06 -6.26319e-09)
(-10 6.80439e-07 6.20457e-09)
(-10 4.88617e-07 -4.06192e-08)
(-10 4.39326e-07 -1.08595e-07)
(-10 2.37976e-07 -2.32788e-07)
(-10 4.8977e-10 -1.83361e-07)
(-10 -3.58045e-07 -6.90995e-08)
(-10 -7.52786e-07 -2.86185e-08)
(-10 -1.24536e-06 -3.41229e-08)
(-10 -1.82021e-06 -2.83435e-08)
(-10 -2.47132e-06 -2.4143e-09)
(-10 -3.23541e-06 -2.87884e-08)
(-10 -4.11864e-06 -5.45048e-09)
(-10 -5.13282e-06 2.02005e-11)
(-10 -6.30189e-06 1.0895e-08)
(-10 -7.65262e-06 -2.10531e-08)
(-10 -9.22176e-06 -8.75925e-09)
(-10 6.67197e-07 -6.06972e-09)
(-10 6.48692e-07 -1.19322e-07)
(-10 5.79149e-07 -2.09593e-07)
(-10 3.88033e-07 -2.25804e-07)
(-10 1.42942e-08 -2.10675e-07)
(-10 -3.49852e-07 -1.0589e-07)
(-10 -8.03044e-07 -1.50282e-08)
(-10 -1.27483e-06 1.81752e-08)
(-10 -1.83811e-06 -2.20354e-08)
(-10 -2.49558e-06 -2.58556e-08)
(-10 -3.23399e-06 -7.77872e-09)
(-10 -4.08636e-06 6.16104e-09)
(-10 -5.07783e-06 -5.11262e-09)
(-10 -6.2211e-06 -1.19766e-08)
(-10 -7.54375e-06 -1.82942e-10)
(-10 -9.07877e-06 -5.87113e-09)
(-10 6.55041e-07 6.34603e-09)
(-10 8.81163e-07 -3.05965e-07)
(-10 6.88607e-07 -1.5926e-07)
(-10 4.16236e-07 -1.96844e-07)
(-10 4.24227e-08 -1.13217e-07)
(-10 -3.90264e-07 -2.70074e-08)
(-10 -8.23531e-07 -1.7112e-08)
(-10 -1.31246e-06 -2.42709e-08)
(-10 -1.8603e-06 -3.63313e-08)
(-10 -2.47236e-06 -8.08982e-09)
(-10 -3.19344e-06 -2.43937e-08)
(-10 -4.02663e-06 -5.62557e-09)
(-10 -4.97893e-06 -6.32879e-10)
(-10 -6.08047e-06 9.41731e-09)
(-10 -7.36082e-06 -1.67231e-08)
(-10 -8.85441e-06 -8.47831e-09)
(-10 6.33008e-07 -6.15555e-10)
(-10 9.38636e-07 -2.32214e-07)
(-10 6.66304e-07 -1.68807e-07)
(-10 3.34328e-07 -7.5904e-08)
(-10 -3.72262e-08 -8.78489e-08)
(-10 -4.20356e-07 -6.01788e-08)
(-10 -8.5748e-07 -4.07648e-09)
(-10 -1.31786e-06 2.93162e-08)
(-10 -1.83614e-06 -2.02311e-08)
(-10 -2.44569e-06 -2.71804e-08)
(-10 -3.12781e-06 -1.2462e-08)
(-10 -3.91117e-06 1.34599e-09)
(-10 -4.82529e-06 -1.15339e-08)
(-10 -5.88675e-06 -1.60893e-08)
(-10 -7.12005e-06 1.72729e-08)
(-10 -8.55371e-06 8.13669e-10)
(-10 6.09016e-07 2.44309e-09)
(-10 9.40546e-07 -2.09244e-07)
(-10 5.32586e-07 -4.93634e-08)
(-10 2.32724e-07 -7.36991e-08)
(-10 -8.93614e-08 -3.62539e-08)
(-10 -4.73623e-07 5.27283e-10)
(-10 -8.71738e-07 -6.265e-09)
(-10 -1.31827e-06 -1.93842e-08)
(-10 -1.81486e-06 -3.74563e-08)
(-10 -2.36657e-06 -1.3458e-08)
(-10 -3.01792e-06 -3.2049e-08)
(-10 -3.76926e-06 -1.03208e-08)
(-10 -4.63207e-06 -7.16825e-09)
(-10 -5.63673e-06 1.89263e-09)
(-10 -6.81063e-06 -6.8174e-09)
(-10 -8.18148e-06 -9.70186e-10)
(-10 5.79128e-07 -3.16355e-09)
(-10 8.70292e-07 -1.18604e-07)
(-10 4.81957e-07 -8.92153e-08)
(-10 1.65185e-07 -3.46981e-08)
(-10 -1.60669e-07 -5.09599e-08)
(-10 -5.02701e-07 -8.51653e-08)
(-10 -8.79692e-07 -9.929e-09)
(-10 -1.28404e-06 1.74394e-08)
(-10 -1.73907e-06 -1.88904e-08)
(-10 -2.2802e-06 -4.1442e-08)
(-10 -2.8786e-06 1.00918e-08)
(-10 -3.56794e-06 -3.03895e-10)
(-10 -4.38534e-06 -1.80634e-08)
(-10 -5.34097e-06 -2.27867e-08)
(-10 -6.45436e-06 2.19679e-08)
(-10 -7.74383e-06 5.5414e-09)
(-10 5.44563e-07 -1.34507e-09)
(-10 9.11937e-07 -1.02213e-07)
(-10 4.25343e-07 -5.3586e-08)
(-10 1.1096e-07 -8.4721e-08)
(-10 -1.92688e-07 -9.79202e-08)
(-10 -5.12741e-07 -3.5225e-08)
(-10 -8.49154e-07 -2.32506e-08)
(-10 -1.23053e-06 -2.9726e-08)
(-10 -1.66083e-06 -4.19591e-08)
(-10 -2.13113e-06 7.26998e-09)
(-10 -2.69204e-06 -3.34624e-08)
(-10 -3.34718e-06 -6.94305e-09)
(-10 -4.10588e-06 -6.31811e-09)
(-10 -4.99734e-06 -7.76824e-09)
(-10 -6.03182e-06 -3.33054e-09)
(-10 -7.24401e-06 -1.00498e-09)
(-10 5.05593e-07 -4.93363e-09)
(-10 7.89985e-07 -9.59351e-08)
(-10 3.99023e-07 -1.21593e-07)
(-10 8.19237e-08 -8.2285e-08)
(-10 -2.02606e-07 -7.95629e-08)
(-10 -4.89542e-07 -8.00252e-08)
(-10 -8.00061e-07 -2.66436e-08)
(-10 -1.13514e-06 -1.05993e-08)
(-10 -1.52064e-06 -2.20693e-08)
(-10 -1.97867e-06 -4.03632e-08)
(-10 -2.48314e-06 1.33171e-08)
(-10 -3.06807e-06 8.30528e-09)
(-10 -3.78034e-06 -1.03794e-08)
(-10 -4.61153e-06 -2.79444e-08)
(-10 -5.57662e-06 1.54841e-08)
(-10 -6.6847e-06 -3.54184e-09)
(-10 4.61654e-07 -1.10896e-09)
(-10 6.77538e-07 -1.29904e-07)
(-10 3.20729e-07 -1.08956e-07)
(-10 6.77968e-08 -1.37471e-07)
(-10 -1.83379e-07 -8.57397e-08)
(-10 -4.40618e-07 -4.45352e-08)
(-10 -7.10737e-07 -3.62255e-08)
(-10 -1.03099e-06 -3.63196e-08)
(-10 -1.38985e-06 -4.8666e-08)
(-10 -1.7702e-06 1.70799e-08)
(-10 -2.2289e-06 -1.38841e-08)
(-10 -2.79164e-06 1.14262e-08)
(-10 -3.41843e-06 2.23476e-08)
(-10 -4.18551e-06 -5.22202e-09)
(-10 -5.05549e-06 -1.0264e-08)
(-10 -6.06404e-06 -1.6922e-08)
(-10 4.13136e-07 -8.20978e-10)
(-10 5.75604e-07 -1.04008e-07)
(-10 3.15803e-07 -1.5348e-07)
(-10 7.41097e-08 -1.25618e-07)
(-10 -1.44497e-07 -1.12166e-07)
(-10 -3.66596e-07 -8.37405e-08)
(-10 -6.19433e-07 -3.88971e-08)
(-10 -8.92336e-07 -1.09039e-08)
(-10 -1.20121e-06 -5.23647e-09)
(-10 -1.56942e-06 -2.069e-08)
(-10 -1.9825e-06 4.18041e-08)
(-10 -2.45408e-06 3.32065e-08)
(-10 -3.04517e-06 1.18199e-08)
(-10 -3.71881e-06 -2.08583e-08)
(-10 -4.49916e-06 -2.72546e-09)
(-10 -5.3855e-06 -2.7674e-08)
(-10 3.62458e-07 4.98999e-09)
(-10 5.6557e-07 -1.40091e-07)
(-10 2.79886e-07 -1.44638e-07)
(-10 9.53176e-08 -1.60378e-07)
(-10 -9.18684e-08 -1.03673e-07)
(-10 -2.91833e-07 -6.09134e-08)
(-10 -5.06734e-07 -3.7865e-08)
(-10 -7.55431e-07 -2.44767e-08)
(-10 -1.04496e-06 -1.18327e-08)
(-10 -1.33442e-06 5.17746e-08)
(-10 -1.6887e-06 2.72026e-08)
(-10 -2.13746e-06 4.08472e-08)
(-10 -2.62993e-06 3.68799e-08)
(-10 -3.21662e-06 1.21649e-08)
(-10 -3.87901e-06 -2.59636e-08)
(-10 -4.64715e-06 -4.30421e-08)
(-10 3.07248e-07 8.41903e-09)
(-10 4.85894e-07 -1.35816e-07)
(-10 2.9463e-07 -1.65827e-07)
(-10 1.16161e-07 -1.42773e-07)
(-10 -4.91999e-08 -1.17057e-07)
(-10 -2.20855e-07 -8.88184e-08)
(-10 -4.09925e-07 -3.82665e-08)
(-10 -6.11143e-07 6.46386e-09)
(-10 -8.41108e-07 3.11163e-08)
(-10 -1.10544e-06 2.85689e-08)
(-10 -1.41635e-06 7.98507e-08)
(-10 -1.76429e-06 6.60398e-08)
(-10 -2.18892e-06 2.272e-08)
(-10 -2.67621e-06 -1.12366e-08)
(-10 -3.22931e-06 -2.55516e-08)
(-10 -3.85616e-06 -5.5364e-08)
(-10 2.53149e-07 1.53014e-08)
(-10 4.55366e-07 -1.67192e-07)
(-10 2.56648e-07 -1.47887e-07)
(-10 1.26084e-07 -1.50819e-07)
(-10 -1.026e-08 -1.16868e-07)
(-10 -1.64918e-07 -5.91832e-08)
(-10 -3.03083e-07 -3.10074e-08)
(-10 -4.83915e-07 1.45899e-09)
(-10 -6.65702e-07 3.3853e-08)
(-10 -8.5983e-07 8.87327e-08)
(-10 -1.10344e-06 7.61817e-08)
(-10 -1.40168e-06 6.43129e-08)
(-10 -1.72671e-06 3.90841e-08)
(-10 -2.09845e-06 1.74735e-09)
(-10 -2.51949e-06 -3.94955e-08)
(-10 -3.01627e-06 -6.50252e-08)
(-10 1.90544e-07 1.82352e-08)
(-10 3.40235e-07 -1.35284e-07)
(-10 2.3561e-07 -1.425e-07)
(-10 1.28117e-07 -1.36296e-07)
(-10 2.57879e-10 -1.02553e-07)
(-10 -1.08301e-07 -8.2672e-08)
(-10 -2.32312e-07 -2.71052e-08)
(-10 -3.43503e-07 1.39838e-08)
(-10 -4.72906e-07 6.13292e-08)
(-10 -6.34484e-07 6.81496e-08)
(-10 -8.08974e-07 9.53249e-08)
(-10 -1.00278e-06 7.28983e-08)
(-10 -1.23655e-06 5.29489e-09)
(-10 -1.50364e-06 -1.2182e-08)
(-10 -1.80409e-06 -4.03976e-08)
(-10 -2.14812e-06 -7.17563e-08)
(-10 1.25065e-07 2.01912e-08)
(-10 8.80791e-08 -1.24457e-07)
(-10 1.7195e-08 -1.05548e-07)
(-10 -4.85302e-08 -1.03916e-07)
(-10 -1.13196e-07 -1.03161e-07)
(-10 -1.8895e-07 -3.62702e-08)
(-10 -2.41293e-07 -1.66062e-08)
(-10 -3.19153e-07 3.60381e-08)
(-10 -3.93196e-07 5.31749e-08)
(-10 -4.6353e-07 9.72384e-08)
(-10 -5.62773e-07 8.86619e-08)
(-10 -6.81728e-07 5.94349e-08)
(-10 -8.06566e-07 1.46356e-08)
(-10 -9.41393e-07 9.7587e-10)
(-10 -1.1029e-06 -4.59187e-08)
(-10 -1.29755e-06 -7.26737e-08)
(-10 5.80097e-08 1.98328e-08)
(-10 -1.30459e-08 -1.65322e-07)
(-10 -1.45011e-08 -1.30101e-07)
(-10 -3.48483e-08 -1.29048e-07)
(-10 -5.02712e-08 -8.28964e-08)
(-10 -6.71432e-08 -6.40872e-08)
(-10 -8.914e-08 -8.07107e-09)
(-10 -1.04576e-07 1.6514e-08)
(-10 -1.16208e-07 7.17645e-08)
(-10 -1.42679e-07 9.00508e-08)
(-10 -1.77865e-07 9.21443e-08)
(-10 -2.0247e-07 7.01273e-08)
(-10 -2.40904e-07 2.69341e-08)
(-10 -2.81669e-07 9.63564e-11)
(-10 -3.36044e-07 -3.1623e-08)
(-10 -3.94545e-07 -6.14215e-08)
(-10 8.88674e-09 1.72683e-08)
(-10 -2.85608e-06 -4.58545e-09)
(-10 -3.68594e-06 -3.88346e-08)
(-10 -4.59059e-06 2.86556e-09)
(-10 -5.50127e-06 7.00986e-08)
(-10 -6.63681e-06 2.09652e-08)
(-10 4.21279e-07 -8.90789e-09)
(-10 1.23362e-06 2.06044e-07)
(-10 1.12219e-06 1.75411e-07)
(-10 1.00852e-06 1.60226e-07)
(-10 8.4376e-07 1.31726e-07)
(-10 6.11284e-07 9.87745e-08)
(-10 3.20315e-07 7.20185e-08)
(-10 -4.10452e-08 5.15474e-08)
(-10 -4.78194e-07 4.23981e-08)
(-10 -9.22722e-07 -9.32209e-08)
(-10 -1.49069e-06 -3.21349e-08)
(-10 -2.2337e-06 -4.97819e-08)
(-10 -3.04296e-06 -9.49539e-08)
(-10 -3.86878e-06 -1.29613e-09)
(-10 -4.82314e-06 8.90359e-08)
(-10 -5.91306e-06 4.08136e-08)
(-10 -7.11672e-06 7.35384e-08)
(-10 5.02587e-07 -5.57709e-09)
(-10 1.37829e-06 1.90938e-07)
(-10 1.37494e-06 1.69239e-07)
(-10 1.21713e-06 1.49637e-07)
(-10 9.95258e-07 1.27983e-07)
(-10 7.11529e-07 9.27253e-08)
(-10 3.67369e-07 7.04079e-08)
(-10 -3.04021e-08 3.0769e-08)
(-10 -4.66947e-07 3.47633e-08)
(-10 -9.92771e-07 5.89689e-08)
(-10 -1.62968e-06 -6.39115e-08)
(-10 -2.37687e-06 -4.86397e-08)
(-10 -3.18069e-06 3.15142e-08)
(-10 -4.07893e-06 3.42222e-08)
(-10 -5.15451e-06 8.49028e-09)
(-10 -6.31711e-06 5.04935e-08)
(-10 -7.61091e-06 2.77605e-08)
(-10 5.34941e-07 -2.55693e-09)
(-10 1.41625e-06 1.83451e-07)
(-10 1.35469e-06 1.42341e-07)
(-10 1.18174e-06 1.19677e-07)
(-10 9.38384e-07 9.6178e-08)
(-10 6.31912e-07 7.48796e-08)
(-10 2.68911e-07 4.29891e-08)
(-10 -1.41385e-07 4.61276e-08)
(-10 -6.10858e-07 4.21258e-08)
(-10 -1.14421e-06 -5.51124e-08)
(-10 -1.78381e-06 1.17682e-08)
(-10 -2.53769e-06 2.75621e-08)
(-10 -3.37868e-06 -7.16821e-08)
(-10 -4.33572e-06 4.09539e-09)
(-10 -5.43004e-06 5.20395e-08)
(-10 -6.66151e-06 2.91919e-08)
(-10 -8.03588e-06 5.46578e-08)
(-10 5.68619e-07 1.64976e-09)
(-10 1.42299e-06 1.44356e-07)
(-10 1.35989e-06 1.16677e-07)
(-10 1.16242e-06 9.70507e-08)
(-10 8.98539e-07 7.88473e-08)
(-10 5.75144e-07 5.36592e-08)
(-10 1.97082e-07 4.11058e-08)
(-10 -2.30551e-07 -1.8808e-09)
(-10 -7.13431e-07 1.7378e-08)
(-10 -1.27575e-06 5.37672e-08)
(-10 -1.93216e-06 -5.07075e-08)
(-10 -2.68812e-06 1.00988e-08)
(-10 -3.54407e-06 3.18116e-08)
(-10 -4.51821e-06 2.33853e-08)
(-10 -5.68925e-06 -1.61268e-08)
(-10 -6.96378e-06 2.43335e-08)
(-10 -8.41557e-06 1.80561e-08)
(-10 6.0854e-07 1.46687e-09)
(-10 1.41005e-06 1.3315e-07)
(-10 1.30836e-06 8.74195e-08)
(-10 1.09034e-06 6.88019e-08)
(-10 8.17738e-07 5.40047e-08)
(-10 4.906e-07 4.46117e-08)
(-10 1.13025e-07 2.30299e-08)
(-10 -3.20697e-07 3.33943e-08)
(-10 -8.17156e-07 4.35373e-08)
(-10 -1.38644e-06 -4.71993e-08)
(-10 -2.06061e-06 1.77214e-08)
(-10 -2.82514e-06 2.0954e-08)
(-10 -3.71259e-06 -5.89082e-08)
(-10 -4.73743e-06 -1.05005e-08)
(-10 -5.90018e-06 3.54098e-08)
(-10 -7.22496e-06 1.31785e-08)
(-10 -8.73454e-06 3.27093e-08)
(-10 6.38151e-07 2.45083e-09)
(-10 1.37237e-06 9.67113e-08)
(-10 1.20115e-06 6.79481e-08)
(-10 9.54149e-07 5.26995e-08)
(-10 6.79378e-07 3.93885e-08)
(-10 3.6923e-07 2.71851e-08)
(-10 5.11195e-09 2.56401e-08)
(-10 -4.28249e-07 -9.6733e-09)
(-10 -9.2058e-07 1.71025e-08)
(-10 -1.5024e-06 2.93886e-08)
(-10 -2.17178e-06 -3.46685e-08)
(-10 -2.95014e-06 2.23863e-09)
(-10 -3.84672e-06 4.6167e-08)
(-10 -4.8799e-06 1.61448e-08)
(-10 -6.08017e-06 -2.91552e-08)
(-10 -7.43201e-06 6.50596e-09)
(-10 -8.98634e-06 2.91687e-09)
(-10 6.62464e-07 1.62215e-09)
(-10 1.23926e-06 1.11922e-07)
(-10 1.00882e-06 3.78811e-08)
(-10 7.3964e-07 1.25163e-08)
(-10 4.8473e-07 1.79346e-08)
(-10 2.15987e-07 1.7545e-08)
(-10 -1.18702e-07 2.45705e-09)
(-10 -5.31908e-07 2.2251e-08)
(-10 -1.0234e-06 1.06282e-08)
(-10 -1.6049e-06 -7.08401e-09)
(-10 -2.2638e-06 2.226e-08)
(-10 -3.06121e-06 9.21732e-09)
(-10 -3.96113e-06 -6.18884e-08)
(-10 -5.01468e-06 -1.55957e-08)
(-10 -6.21091e-06 2.88108e-08)
(-10 -7.58276e-06 6.03795e-11)
(-10 -9.16329e-06 7.21973e-09)
(-10 6.7598e-07 -1.0724e-09)
(-10 1.14235e-06 6.0525e-08)
(-10 7.62293e-07 1.38265e-08)
(-10 3.8968e-07 1.07807e-08)
(-10 2.00224e-07 -1.74656e-08)
(-10 3.41154e-08 -1.52878e-08)
(-10 -2.4838e-07 -3.02663e-09)
(-10 -6.3435e-07 -5.14107e-09)
(-10 -1.11135e-06 -7.28459e-09)
(-10 -1.68668e-06 6.04415e-09)
(-10 -2.35234e-06 -4.47902e-08)
(-10 -3.14641e-06 -1.37716e-08)
(-10 -4.04011e-06 5.15118e-08)
(-10 -5.09401e-06 1.01553e-08)
(-10 -6.29449e-06 -3.48069e-08)
(-10 -7.67298e-06 -1.55707e-09)
(-10 -9.26498e-06 -1.79743e-08)
(-10 6.8116e-07 -3.94155e-11)
(-10 8.97956e-07 1.26032e-07)
(-10 5.63774e-07 -3.37585e-09)
(-10 2.99115e-07 -7.79695e-08)
(-10 3.10896e-08 -8.6848e-08)
(-10 -1.35572e-07 -6.15223e-08)
(-10 -3.56234e-07 -4.05556e-08)
(-10 -7.04749e-07 -2.2648e-08)
(-10 -1.19121e-06 -2.67489e-08)
(-10 -1.76131e-06 -3.40382e-08)
(-10 -2.4207e-06 2.32974e-08)
(-10 -3.20007e-06 -7.49476e-09)
(-10 -4.09557e-06 -7.02587e-08)
(-10 -5.136e-06 -2.03073e-08)
(-10 -6.32642e-06 2.25879e-08)
(-10 -7.69433e-06 -7.31047e-09)
(-10 -9.28399e-06 -1.06369e-09)
(-10 6.79582e-07 -8.4088e-09)
(-10 6.59195e-07 7.32639e-08)
(-10 4.71246e-07 -2.9877e-08)
(-10 4.05877e-07 -9.04024e-08)
(-10 1.59104e-07 -1.63294e-07)
(-10 -1.14923e-07 -1.57126e-07)
(-10 -3.82925e-07 -7.36279e-08)
(-10 -7.72298e-07 -6.24481e-08)
(-10 -1.24823e-06 -5.1405e-08)
(-10 -1.81279e-06 -2.59061e-08)
(-10 -2.46077e-06 -5.99955e-08)
(-10 -3.23586e-06 -3.28875e-08)
(-10 -4.10435e-06 4.76261e-08)
(-10 -5.12761e-06 3.85289e-10)
(-10 -6.2983e-06 -3.81232e-08)
(-10 -7.65309e-06 -1.06635e-08)
(-10 -9.22232e-06 -2.59336e-08)
(-10 6.68099e-07 -6.52299e-10)
(-10 5.33892e-07 3.24987e-08)
(-10 5.31605e-07 -1.10221e-07)
(-10 3.64112e-07 -2.20141e-07)
(-10 5.32324e-08 -1.99031e-07)
(-10 -3.68215e-07 -1.08501e-07)
(-10 -7.86409e-07 -4.81922e-08)
(-10 -1.28528e-06 -7.44087e-08)
(-10 -1.84451e-06 -7.02326e-08)
(-10 -2.48562e-06 9.81184e-09)
(-10 -3.22908e-06 -2.88191e-09)
(-10 -4.09118e-06 -8.20163e-08)
(-10 -5.08087e-06 -3.07542e-08)
(-10 -6.22047e-06 1.47381e-08)
(-10 -7.5376e-06 -1.22983e-08)
(-10 -9.07568e-06 -8.3966e-10)
(-10 6.5597e-07 -1.69604e-09)
(-10 7.47902e-07 -1.64378e-07)
(-10 6.42652e-07 -1.34174e-07)
(-10 4.92192e-07 -2.6109e-07)
(-10 1.07089e-07 -2.08941e-07)
(-10 -3.66099e-07 -1.01193e-07)
(-10 -8.21251e-07 -8.68009e-08)
(-10 -1.31047e-06 -8.80562e-08)
(-10 -1.85455e-06 -3.86061e-08)
(-10 -2.47761e-06 -7.56453e-08)
(-10 -3.20489e-06 -5.32628e-08)
(-10 -4.02358e-06 3.41269e-08)
(-10 -4.9729e-06 -4.45201e-09)
(-10 -6.07465e-06 -3.88575e-08)
(-10 -7.36039e-06 -1.15722e-08)
(-10 -8.85067e-06 -2.126e-08)
(-10 6.32417e-07 -5.0158e-09)
(-10 9.72653e-07 -2.12089e-07)
(-10 7.05759e-07 -2.14484e-07)
(-10 4.33537e-07 -2.19131e-07)
(-10 2.07767e-08 -1.4127e-07)
(-10 -4.07508e-07 -1.02685e-07)
(-10 -8.468e-07 -5.40681e-08)
(-10 -1.32027e-06 -7.44366e-08)
(-10 -1.85093e-06 -8.82543e-08)
(-10 -2.44729e-06 -1.1031e-08)
(-10 -3.13063e-06 -1.7867e-08)
(-10 -3.9193e-06 -8.45287e-08)
(-10 -4.82932e-06 -4.68598e-08)
(-10 -5.88432e-06 1.36813e-08)
(-10 -7.11066e-06 -2.11308e-08)
(-10 -8.54849e-06 -7.10395e-11)
(-10 6.12652e-07 -5.31688e-09)
(-10 1.02152e-06 -1.81802e-07)
(-10 6.21223e-07 -1.23968e-07)
(-10 2.8294e-07 -1.25932e-07)
(-10 -8.0912e-08 -1.08956e-07)
(-10 -4.64446e-07 -8.17727e-08)
(-10 -8.74153e-07 -9.10052e-08)
(-10 -1.31948e-06 -9.97397e-08)
(-10 -1.81446e-06 -2.26786e-08)
(-10 -2.38499e-06 -9.11473e-08)
(-10 -3.03397e-06 -6.69054e-08)
(-10 -3.76314e-06 2.19178e-08)
(-10 -4.6204e-06 -4.0338e-09)
(-10 -5.62727e-06 -3.23429e-08)
(-10 -6.8112e-06 -9.8067e-09)
(-10 -8.17936e-06 -1.89211e-08)
(-10 5.7756e-07 -1.01524e-08)
(-10 1.00078e-06 -1.5852e-07)
(-10 4.83981e-07 -1.17125e-07)
(-10 1.67938e-07 -1.10775e-07)
(-10 -1.60111e-07 -9.68936e-08)
(-10 -5.07817e-07 -9.01555e-08)
(-10 -8.80915e-07 -6.71065e-08)
(-10 -1.29081e-06 -8.14957e-08)
(-10 -1.75974e-06 -8.97893e-08)
(-10 -2.27966e-06 -3.65302e-08)
(-10 -2.87249e-06 -2.53325e-08)
(-10 -3.57047e-06 -7.48943e-08)
(-10 -4.38407e-06 -5.38631e-08)
(-10 -5.33958e-06 1.41548e-08)
(-10 -6.4475e-06 -2.03031e-08)
(-10 -7.74397e-06 -8.8412e-10)
(-10 5.48717e-07 -9.77743e-09)
(-10 9.30213e-07 -1.59626e-07)
(-10 4.30214e-07 -1.23466e-07)
(-10 9.57839e-08 -1.13268e-07)
(-10 -2.1137e-07 -1.05054e-07)
(-10 -5.26897e-07 -9.87954e-08)
(-10 -8.62426e-07 -9.63007e-08)
(-10 -1.23639e-06 -9.09823e-08)
(-10 -1.65657e-06 -3.76298e-08)
(-10 -2.14008e-06 -8.90699e-08)
(-10 -2.6927e-06 -7.10288e-08)
(-10 -3.32413e-06 1.52235e-08)
(-10 -4.09006e-06 3.87034e-09)
(-10 -4.97732e-06 -3.30408e-08)
(-10 -6.04225e-06 -1.12873e-08)
(-10 -7.25021e-06 -2.37672e-08)
(-10 5.02174e-07 -1.20352e-08)
(-10 8.09826e-07 -1.43473e-07)
(-10 3.51413e-07 -1.39432e-07)
(-10 6.04751e-08 -1.25188e-07)
(-10 -2.23311e-07 -1.11426e-07)
(-10 -5.0502e-07 -1.00733e-07)
(-10 -8.05616e-07 -8.74681e-08)
(-10 -1.14417e-06 -8.85241e-08)
(-10 -1.52916e-06 -8.76712e-08)
(-10 -1.9558e-06 -4.56283e-08)
(-10 -2.45672e-06 -1.59047e-08)
(-10 -3.06064e-06 -5.30915e-08)
(-10 -3.76938e-06 -5.64486e-08)
(-10 -4.61568e-06 9.72666e-09)
(-10 -5.57397e-06 -1.8459e-08)
(-10 -6.69356e-06 -1.33948e-08)
(-10 4.64227e-07 -8.39023e-09)
(-10 6.65175e-07 -1.49656e-07)
(-10 3.20874e-07 -1.49005e-07)
(-10 4.52933e-08 -1.35372e-07)
(-10 -2.02222e-07 -1.27914e-07)
(-10 -4.53116e-07 -1.0529e-07)
(-10 -7.23722e-07 -1.03239e-07)
(-10 -1.02802e-06 -9.05581e-08)
(-10 -1.3623e-06 -3.81048e-08)
(-10 -1.758e-06 -6.68994e-08)
(-10 -2.21932e-06 -7.27353e-08)
(-10 -2.75188e-06 1.83436e-08)
(-10 -3.41525e-06 7.24701e-09)
(-10 -4.16235e-06 -2.93704e-08)
(-10 -5.07001e-06 -2.35901e-08)
(-10 -6.07923e-06 -3.82545e-08)
(-10 4.06893e-07 -7.81145e-09)
(-10 5.95962e-07 -1.4818e-07)
(-10 2.82825e-07 -1.65243e-07)
(-10 6.30422e-08 -1.52735e-07)
(-10 -1.54147e-07 -1.32361e-07)
(-10 -3.75019e-07 -1.205e-07)
(-10 -6.17099e-07 -9.62268e-08)
(-10 -8.85608e-07 -8.98965e-08)
(-10 -1.19553e-06 -9.84133e-08)
(-10 -1.53152e-06 -1.85638e-08)
(-10 -1.9373e-06 3.95458e-09)
(-10 -2.44723e-06 -3.08682e-08)
(-10 -3.02028e-06 -3.48077e-08)
(-10 -3.73083e-06 -4.19342e-09)
(-10 -4.50275e-06 -3.05273e-08)
(-10 -5.39994e-06 -3.78252e-08)
(-10 3.63049e-07 -4.01979e-09)
(-10 5.19551e-07 -1.64719e-07)
(-10 2.90755e-07 -1.72668e-07)
(-10 8.70143e-08 -1.62541e-07)
(-10 -9.93e-08 -1.49193e-07)
(-10 -2.93769e-07 -1.24162e-07)
(-10 -5.07813e-07 -1.14528e-07)
(-10 -7.45907e-07 -1.09339e-07)
(-10 -1.00261e-06 -3.23772e-08)
(-10 -1.30949e-06 -3.70508e-08)
(-10 -1.67126e-06 -1.70004e-08)
(-10 -2.1023e-06 2.77555e-08)
(-10 -2.62179e-06 -2.65957e-08)
(-10 -3.20209e-06 -3.47075e-08)
(-10 -3.89729e-06 -4.2219e-08)
(-10 -4.6641e-06 -6.34628e-08)
(-10 2.99965e-07 -2.64503e-09)
(-10 4.95327e-07 -1.73156e-07)
(-10 2.7847e-07 -1.84426e-07)
(-10 1.18975e-07 -1.71608e-07)
(-10 -4.51538e-08 -1.55339e-07)
(-10 -2.15706e-07 -1.37749e-07)
(-10 -3.998e-07 -1.18571e-07)
(-10 -6.01209e-07 -8.51281e-08)
(-10 -8.21003e-07 -7.79317e-08)
(-10 -1.07124e-06 -1.22332e-08)
(-10 -1.38215e-06 1.659e-08)
(-10 -1.76073e-06 -1.57507e-08)
(-10 -2.18062e-06 -2.71456e-08)
(-10 -2.68949e-06 -2.53293e-08)
(-10 -3.23021e-06 -4.86226e-08)
(-10 -3.86766e-06 -6.42696e-08)
(-10 2.54968e-07 9.74356e-10)
(-10 4.32773e-07 -1.87859e-07)
(-10 2.86546e-07 -1.88898e-07)
(-10 1.32567e-07 -1.80762e-07)
(-10 -3.30618e-09 -1.66351e-07)
(-10 -1.54172e-07 -1.45501e-07)
(-10 -3.01537e-07 -1.34882e-07)
(-10 -4.66288e-07 -1.04987e-07)
(-10 -6.36507e-07 -3.02685e-08)
(-10 -8.52008e-07 -1.97084e-08)
(-10 -1.10695e-06 -1.81306e-09)
(-10 -1.39116e-06 1.1891e-08)
(-10 -1.72011e-06 -1.09619e-08)
(-10 -2.09259e-06 -4.31039e-08)
(-10 -2.53205e-06 -5.64971e-08)
(-10 -3.02562e-06 -8.04673e-08)
(-10 1.83938e-07 1.66189e-09)
(-10 3.68854e-07 -1.82678e-07)
(-10 2.53771e-07 -1.81663e-07)
(-10 1.53567e-07 -1.82278e-07)
(-10 2.61425e-08 -1.64834e-07)
(-10 -8.03451e-08 -1.48565e-07)
(-10 -2.08122e-07 -1.40017e-07)
(-10 -3.23885e-07 -7.96385e-08)
(-10 -4.59544e-07 -6.08261e-08)
(-10 -6.17978e-07 -6.96342e-09)
(-10 -7.96769e-07 5.82208e-09)
(-10 -1.00929e-06 -1.68593e-08)
(-10 -1.25106e-06 -3.44111e-08)
(-10 -1.51233e-06 -4.16531e-08)
(-10 -1.80244e-06 -6.07208e-08)
(-10 -2.14926e-06 -7.94305e-08)
(-10 1.28159e-07 2.68778e-09)
(-10 1.08765e-07 -1.80656e-07)
(-10 5.4572e-08 -1.75484e-07)
(-10 -1.56581e-08 -1.74203e-07)
(-10 -8.92957e-08 -1.55406e-07)
(-10 -1.6223e-07 -1.52679e-07)
(-10 -2.32311e-07 -1.06248e-07)
(-10 -2.97414e-07 -8.34389e-08)
(-10 -3.79348e-07 -2.80108e-08)
(-10 -4.76002e-07 -6.5076e-09)
(-10 -5.84713e-07 -2.33926e-09)
(-10 -6.9402e-07 -7.93508e-09)
(-10 -8.09473e-07 -2.58238e-08)
(-10 -9.41475e-07 -4.8413e-08)
(-10 -1.10742e-06 -6.07647e-08)
(-10 -1.29741e-06 -7.65924e-08)
(-10 4.85531e-08 7.78446e-10)
(-10 7.34666e-09 -2.31492e-07)
(-10 -5.51591e-09 -2.12875e-07)
(-10 -1.80815e-08 -2.03147e-07)
(-10 -4.08449e-08 -1.84372e-07)
(-10 -6.20723e-08 -1.55647e-07)
(-10 -8.15491e-08 -1.23347e-07)
(-10 -1.0325e-07 -8.02216e-08)
(-10 -1.29736e-07 -4.20241e-08)
(-10 -1.59729e-07 -1.38834e-08)
(-10 -1.81467e-07 -5.0645e-09)
(-10 -2.1769e-07 -1.72991e-08)
(-10 -2.51493e-07 -3.28364e-08)
(-10 -2.95271e-07 -4.43102e-08)
(-10 -3.37023e-07 -5.4398e-08)
(-10 -3.97177e-07 -7.26324e-08)
(-10 6.4197e-09 -3.76331e-09)
(-10 -4.91222e-06 6.10929e-08)
(-10 -6.10255e-06 2.2795e-08)
(-10 4.76989e-07 3.9137e-09)
(-10 1.70372e-06 1.02701e-07)
(-10 1.73734e-06 1.23536e-07)
(-10 1.61691e-06 1.09687e-07)
(-10 1.46105e-06 9.47926e-08)
(-10 1.2452e-06 8.05534e-08)
(-10 9.7367e-07 5.85762e-08)
(-10 6.35877e-07 4.86746e-08)
(-10 2.25881e-07 3.85107e-08)
(-10 -2.60861e-07 6.09381e-08)
(-10 -8.35082e-07 6.54072e-08)
(-10 -1.47846e-06 1.65114e-08)
(-10 -2.2388e-06 -3.26678e-08)
(-10 -3.18738e-06 1.96213e-08)
(-10 -4.16515e-06 2.81462e-08)
(-10 -5.29984e-06 2.60007e-09)
(-10 -6.52147e-06 2.78974e-08)
(-10 5.41268e-07 -5.16646e-10)
(-10 2.08233e-06 1.27184e-07)
(-10 2.03076e-06 1.15819e-07)
(-10 1.90371e-06 1.04797e-07)
(-10 1.707e-06 9.23607e-08)
(-10 1.44465e-06 7.89892e-08)
(-10 1.12318e-06 6.65737e-08)
(-10 7.42286e-07 5.78578e-08)
(-10 2.98168e-07 5.00268e-08)
(-10 -2.16166e-07 1.57366e-08)
(-10 -8.27296e-07 3.48652e-08)
(-10 -1.55128e-06 5.25393e-08)
(-10 -2.38103e-06 1.24102e-08)
(-10 -3.33088e-06 2.71585e-08)
(-10 -4.47749e-06 -5.08247e-09)
(-10 -5.64999e-06 2.70876e-08)
(-10 -6.97299e-06 2.37912e-08)
(-10 5.85754e-07 4.74061e-09)
(-10 2.1299e-06 1.05356e-07)
(-10 2.09316e-06 9.27661e-08)
(-10 1.94262e-06 8.06236e-08)
(-10 1.72057e-06 6.94714e-08)
(-10 1.43319e-06 5.87015e-08)
(-10 1.08636e-06 4.46049e-08)
(-10 6.82909e-07 3.29347e-08)
(-10 2.16956e-07 2.25094e-08)
(-10 -3.24443e-07 4.36399e-08)
(-10 -9.57477e-07 3.98554e-08)
(-10 -1.7005e-06 1.76038e-08)
(-10 -2.55262e-06 2.29275e-08)
(-10 -3.51567e-06 1.6808e-08)
(-10 -4.69359e-06 3.99942e-08)
(-10 -5.94701e-06 -1.0634e-08)
(-10 -7.36634e-06 1.90068e-08)
(-10 6.32832e-07 8.30973e-10)
(-10 2.22102e-06 9.71495e-08)
(-10 2.16715e-06 8.1088e-08)
(-10 1.99436e-06 6.89544e-08)
(-10 1.75156e-06 5.85345e-08)
(-10 1.44597e-06 4.92356e-08)
(-10 1.08148e-06 4.23426e-08)
(-10 6.59656e-07 3.51296e-08)
(-10 1.73971e-07 2.89235e-08)
(-10 -3.91344e-07 -6.21906e-09)
(-10 -1.04312e-06 2.62682e-08)
(-10 -1.80847e-06 2.93426e-08)
(-10 -2.68797e-06 1.67799e-08)
(-10 -3.71488e-06 1.82345e-08)
(-10 -4.88587e-06 -1.7449e-09)
(-10 -6.21846e-06 1.65701e-08)
(-10 -7.71046e-06 1.21855e-08)
(-10 6.74241e-07 5.02505e-09)
(-10 2.25599e-06 8.18266e-08)
(-10 2.18346e-06 5.85454e-08)
(-10 1.98345e-06 4.80005e-08)
(-10 1.72728e-06 4.00103e-08)
(-10 1.41533e-06 3.41099e-08)
(-10 1.04543e-06 2.54276e-08)
(-10 6.14353e-07 1.51089e-08)
(-10 1.15791e-07 6.28281e-09)
(-10 -4.61485e-07 3.24246e-08)
(-10 -1.13632e-06 1.90632e-08)
(-10 -1.91704e-06 2.37749e-09)
(-10 -2.80376e-06 1.26886e-08)
(-10 -3.8608e-06 7.75039e-09)
(-10 -5.0803e-06 2.94785e-08)
(-10 -6.44251e-06 -7.88914e-10)
(-10 -8.00156e-06 1.14055e-08)
(-10 7.09778e-07 4.99355e-10)
(-10 2.27301e-06 7.0707e-08)
(-10 2.13262e-06 5.26876e-08)
(-10 1.90418e-06 3.86254e-08)
(-10 1.64278e-06 2.99266e-08)
(-10 1.34122e-06 2.58371e-08)
(-10 9.80937e-07 2.24433e-08)
(-10 5.52879e-07 1.82357e-08)
(-10 5.19358e-08 1.84387e-08)
(-10 -5.46526e-07 5.66932e-09)
(-10 -1.2162e-06 1.08717e-08)
(-10 -2.01322e-06 1.85842e-08)
(-10 -2.91969e-06 1.1916e-08)
(-10 -4.00427e-06 1.1479e-08)
(-10 -5.2264e-06 -1.07301e-08)
(-10 -6.62621e-06 8.51978e-09)
(-10 -8.22803e-06 3.6718e-09)
(-10 7.3517e-07 4.10867e-09)
(-10 2.2436e-06 5.19601e-08)
(-10 2.00072e-06 2.99949e-08)
(-10 1.72094e-06 2.09435e-08)
(-10 1.48099e-06 1.56742e-08)
(-10 1.21828e-06 1.34146e-08)
(-10 8.85415e-07 8.57987e-09)
(-10 4.70429e-07 1.95665e-09)
(-10 -2.85061e-08 -7.97502e-10)
(-10 -6.02595e-07 6.73166e-09)
(-10 -1.30151e-06 5.48816e-09)
(-10 -2.10429e-06 -7.60277e-09)
(-10 -3.0055e-06 -1.09489e-08)
(-10 -4.10504e-06 -2.40689e-09)
(-10 -5.34351e-06 2.03899e-08)
(-10 -6.75959e-06 3.47106e-10)
(-10 -8.3895e-06 5.3064e-09)
(-10 7.50516e-07 -6.7469e-10)
(-10 2.1006e-06 7.01695e-08)
(-10 1.7374e-06 3.77699e-08)
(-10 1.44208e-06 -4.15625e-09)
(-10 1.22343e-06 -4.83637e-09)
(-10 1.0568e-06 -2.59951e-09)
(-10 7.77376e-07 1.66588e-10)
(-10 3.84887e-07 1.57361e-09)
(-10 -9.38607e-08 1.69624e-09)
(-10 -6.72781e-07 -1.71961e-08)
(-10 -1.37362e-06 -4.20236e-09)
(-10 -2.17476e-06 6.1683e-09)
(-10 -3.1039e-06 -4.41861e-09)
(-10 -4.18012e-06 1.38746e-09)
(-10 -5.41779e-06 -2.06213e-08)
(-10 -6.83753e-06 1.50719e-08)
(-10 -8.48173e-06 -2.85244e-09)
(-10 7.57157e-07 2.41795e-09)
(-10 1.94266e-06 -2.61368e-08)
(-10 1.59797e-06 -9.11634e-09)
(-10 1.29012e-06 -7.62033e-09)
(-10 1.07831e-06 -3.41402e-08)
(-10 8.95913e-07 -2.88406e-08)
(-10 6.77631e-07 -2.2299e-08)
(-10 3.20242e-07 -2.01675e-08)
(-10 -1.6899e-07 -2.02579e-08)
(-10 -7.44715e-07 4.73052e-09)
(-10 -1.43933e-06 -1.13472e-08)
(-10 -2.23527e-06 -2.13096e-08)
(-10 -3.13923e-06 -2.73858e-08)
(-10 -4.21922e-06 -1.31096e-08)
(-10 -5.44486e-06 1.10863e-08)
(-10 -6.86092e-06 -7.61333e-09)
(-10 -8.49829e-06 1.93758e-09)
(-10 7.53675e-07 -2.36716e-09)
(-10 1.61717e-06 2.11591e-10)
(-10 1.65377e-06 -5.49496e-08)
(-10 1.51693e-06 -9.1368e-08)
(-10 1.1869e-06 -5.41812e-08)
(-10 9.01255e-07 -5.33162e-08)
(-10 6.576e-07 -4.35386e-08)
(-10 2.61433e-07 -2.53954e-08)
(-10 -2.2913e-07 -1.97061e-08)
(-10 -8.04006e-07 -4.46948e-08)
(-10 -1.48786e-06 -2.38638e-08)
(-10 -2.27294e-06 -1.00702e-08)
(-10 -3.17654e-06 -1.75397e-08)
(-10 -4.22422e-06 -9.66109e-09)
(-10 -5.4298e-06 -2.97743e-08)
(-10 -6.81948e-06 1.63539e-08)
(-10 -8.44224e-06 -8.50245e-09)
(-10 7.44879e-07 -9.80243e-11)
(-10 1.73323e-06 -6.46489e-08)
(-10 1.66679e-06 -3.12791e-08)
(-10 1.63202e-06 -2.21367e-08)
(-10 1.36907e-06 -1.1883e-07)
(-10 1.05344e-06 -9.97015e-08)
(-10 6.6279e-07 -6.52454e-08)
(-10 2.21829e-07 -4.89191e-08)
(-10 -2.8228e-07 -4.3469e-08)
(-10 -8.55113e-07 -1.11203e-08)
(-10 -1.52541e-06 -3.13104e-08)
(-10 -2.29174e-06 -3.79826e-08)
(-10 -3.16937e-06 -4.04812e-08)
(-10 -4.18598e-06 -2.40601e-08)
(-10 -5.35768e-06 1.05484e-09)
(-10 -6.72243e-06 -1.4489e-08)
(-10 -8.3058e-06 -2.76267e-09)
(-10 7.27423e-07 -5.30052e-09)
(-10 1.69525e-06 -5.27519e-09)
(-10 1.69473e-06 -1.1176e-07)
(-10 1.49336e-06 -1.3636e-07)
(-10 1.14482e-06 -1.32479e-07)
(-10 6.56184e-07 -7.26802e-08)
(-10 1.80176e-07 -4.90431e-08)
(-10 -3.29646e-07 -3.81673e-08)
(-10 -8.97108e-07 -6.441e-08)
(-10 -1.54407e-06 -4.33216e-08)
(-10 -2.28561e-06 -1.69353e-08)
(-10 -3.12859e-06 -2.17757e-08)
(-10 -4.10894e-06 -1.91193e-08)
(-10 -5.24442e-06 -3.5357e-08)
(-10 -6.55873e-06 -4.73654e-09)
(-10 -8.10141e-06 -1.27449e-08)
(-10 7.06576e-07 -1.80454e-09)
(-10 1.99294e-06 -8.95624e-08)
(-10 1.73369e-06 -8.3179e-08)
(-10 1.53261e-06 -1.5551e-07)
(-10 1.1071e-06 -1.0531e-07)
(-10 6.00216e-07 -7.6123e-08)
(-10 1.24869e-07 -6.33379e-08)
(-10 -3.73453e-07 -5.97525e-08)
(-10 -9.24732e-07 -2.66615e-08)
(-10 -1.54568e-06 -5.24477e-08)
(-10 -2.24915e-06 -4.99753e-08)
(-10 -3.05794e-06 -4.66637e-08)
(-10 -3.98464e-06 -3.22697e-08)
(-10 -5.07112e-06 -7.43368e-09)
(-10 -6.3485e-06 -2.23159e-08)
(-10 -7.82432e-06 -5.12949e-09)
(-10 6.78131e-07 -8.18157e-09)
(-10 2.0509e-06 -9.18826e-08)
(-10 1.6721e-06 -1.27724e-07)
(-10 1.35881e-06 -8.68678e-08)
(-10 9.239e-07 -8.0649e-08)
(-10 4.93236e-07 -7.02718e-08)
(-10 5.52436e-08 -6.08123e-08)
(-10 -4.13952e-07 -5.42311e-08)
(-10 -9.35138e-07 -7.8241e-08)
(-10 -1.51725e-06 -5.75548e-08)
(-10 -2.17769e-06 -1.96037e-08)
(-10 -2.93167e-06 -8.9063e-09)
(-10 -3.82237e-06 -2.7641e-08)
(-10 -4.86566e-06 -4.18398e-08)
(-10 -6.0733e-06 1.42568e-08)
(-10 -7.49022e-06 -1.60061e-08)
(-10 6.47309e-07 -5.22886e-09)
(-10 1.93727e-06 -1.20663e-07)
(-10 1.44091e-06 -4.92816e-08)
(-10 1.11909e-06 -9.03215e-08)
(-10 7.62973e-07 -8.02579e-08)
(-10 3.89749e-07 -7.3006e-08)
(-10 -5.52898e-09 -6.73033e-08)
(-10 -4.38052e-07 -6.50381e-08)
(-10 -9.18706e-07 -3.85934e-08)
(-10 -1.45762e-06 -5.82064e-08)
(-10 -2.06897e-06 -5.36936e-08)
(-10 -2.78584e-06 -4.35084e-08)
(-10 -3.60624e-06 -1.93286e-08)
(-10 -4.59505e-06 -1.23855e-08)
(-10 -5.76075e-06 -3.35285e-08)
(-10 -7.0916e-06 -7.81539e-09)
(-10 6.06741e-07 -9.78139e-09)
(-10 1.895e-06 -1.39032e-07)
(-10 1.30305e-06 -1.33504e-07)
(-10 9.74487e-07 -7.8568e-08)
(-10 6.47363e-07 -7.68121e-08)
(-10 3.13126e-07 -7.04627e-08)
(-10 -4.15021e-08 -6.33488e-08)
(-10 -4.34868e-07 -5.97706e-08)
(-10 -8.69394e-07 -8.03814e-08)
(-10 -1.36e-06 -4.75681e-08)
(-10 -1.92737e-06 -1.42925e-08)
(-10 -2.56622e-06 -1.58853e-08)
(-10 -3.37193e-06 -2.95314e-08)
(-10 -4.31652e-06 -4.12872e-08)
(-10 -5.39068e-06 7.13897e-09)
(-10 -6.64537e-06 -1.91492e-08)
(-10 5.64835e-07 -6.38427e-09)
(-10 1.70059e-06 -1.18517e-07)
(-10 1.20398e-06 -6.62104e-08)
(-10 8.66795e-07 -9.17463e-08)
(-10 5.67966e-07 -8.07686e-08)
(-10 2.69223e-07 -7.31816e-08)
(-10 -4.93394e-08 -6.83777e-08)
(-10 -3.99258e-07 -6.79507e-08)
(-10 -7.90373e-07 -3.93829e-08)
(-10 -1.23617e-06 -5.06831e-08)
(-10 -1.75102e-06 -4.95993e-08)
(-10 -2.37944e-06 -3.42839e-08)
(-10 -3.09491e-06 -2.27258e-08)
(-10 -3.95902e-06 -1.65356e-08)
(-10 -4.98718e-06 -3.20188e-08)
(-10 -6.13575e-06 -1.42901e-08)
(-10 5.11527e-07 -9.40697e-09)
(-10 1.476e-06 -9.67904e-08)
(-10 1.05588e-06 -1.26438e-07)
(-10 7.83269e-07 -8.49068e-08)
(-10 5.18581e-07 -8.01453e-08)
(-10 2.53054e-07 -7.35181e-08)
(-10 -3.16033e-08 -6.78335e-08)
(-10 -3.43016e-07 -6.09718e-08)
(-10 -6.92092e-07 -7.41691e-08)
(-10 -1.09068e-06 -4.1446e-08)
(-10 -1.56581e-06 -7.90836e-09)
(-10 -2.11415e-06 -1.97334e-08)
(-10 -2.79405e-06 -3.16593e-08)
(-10 -3.62245e-06 -4.06842e-08)
(-10 -4.52605e-06 -4.51099e-09)
(-10 -5.57778e-06 -2.14003e-08)
(-10 4.61268e-07 -5.77327e-09)
(-10 1.26294e-06 -1.13856e-07)
(-10 9.69843e-07 -7.99244e-08)
(-10 7.16314e-07 -9.707e-08)
(-10 4.86952e-07 -8.68748e-08)
(-10 2.53229e-07 -7.90948e-08)
(-10 2.8398e-09 -7.42362e-08)
(-10 -2.73745e-07 -6.84449e-08)
(-10 -5.8193e-07 -4.05237e-08)
(-10 -9.38776e-07 -4.18984e-08)
(-10 -1.36371e-06 -4.64639e-08)
(-10 -1.88298e-06 -3.53378e-08)
(-10 -2.50481e-06 -3.91701e-08)
(-10 -3.19534e-06 -2.32895e-08)
(-10 -4.03191e-06 -2.72378e-08)
(-10 -4.95263e-06 -2.46716e-08)
(-10 3.99421e-07 -7.60983e-09)
(-10 1.13328e-06 -1.08238e-07)
(-10 8.52497e-07 -1.30178e-07)
(-10 6.57906e-07 -9.79586e-08)
(-10 4.58739e-07 -9.22202e-08)
(-10 2.53209e-07 -8.58872e-08)
(-10 3.25273e-08 -7.70067e-08)
(-10 -2.1031e-07 -6.67177e-08)
(-10 -4.77928e-07 -6.80884e-08)
(-10 -7.77016e-07 -4.9677e-08)
(-10 -1.17511e-06 -1.54296e-08)
(-10 -1.61761e-06 -2.87969e-08)
(-10 -2.15106e-06 -3.25043e-08)
(-10 -2.79463e-06 -4.19784e-08)
(-10 -3.47771e-06 -1.86035e-08)
(-10 -4.28295e-06 -3.05471e-08)
(-10 3.44438e-07 -5.25769e-09)
(-10 9.5149e-07 -1.25313e-07)
(-10 7.77002e-07 -1.03656e-07)
(-10 5.8972e-07 -1.09417e-07)
(-10 4.17459e-07 -1.01212e-07)
(-10 2.39705e-07 -9.39743e-08)
(-10 5.07937e-08 -8.59639e-08)
(-10 -1.53781e-07 -7.50597e-08)
(-10 -3.73293e-07 -5.29537e-08)
(-10 -6.55204e-07 -4.21736e-08)
(-10 -9.68668e-07 -6.30486e-08)
(-10 -1.36547e-06 -4.24253e-08)
(-10 -1.81935e-06 -5.01152e-08)
(-10 -2.31397e-06 -1.44492e-08)
(-10 -2.89524e-06 -3.34861e-08)
(-10 -3.54748e-06 -3.54718e-08)
(-10 2.78664e-07 -6.02744e-09)
(-10 8.14274e-07 -1.24316e-07)
(-10 6.53173e-07 -1.35527e-07)
(-10 5.14294e-07 -1.1723e-07)
(-10 3.58403e-07 -1.10734e-07)
(-10 2.14629e-07 -1.03949e-07)
(-10 5.16603e-08 -9.13091e-08)
(-10 -1.07311e-07 -7.86387e-08)
(-10 -3.02692e-07 -6.85985e-08)
(-10 -5.08283e-07 -6.64023e-08)
(-10 -7.89534e-07 -3.24644e-08)
(-10 -1.07952e-06 -2.99606e-08)
(-10 -1.43227e-06 -3.80182e-08)
(-10 -1.82989e-06 -4.60081e-08)
(-10 -2.26108e-06 -3.16595e-08)
(-10 -2.7815e-06 -3.93461e-08)
(-10 2.12531e-07 -5.62015e-09)
(-10 6.36214e-07 -1.35155e-07)
(-10 5.31769e-07 -1.17684e-07)
(-10 4.07828e-07 -1.18906e-07)
(-10 3.02986e-07 -1.17513e-07)
(-10 1.66067e-07 -1.04782e-07)
(-10 5.83931e-08 -9.77496e-08)
(-10 -7.91837e-08 -8.08102e-08)
(-10 -2.01341e-07 -7.26375e-08)
(-10 -3.90442e-07 -4.98004e-08)
(-10 -5.71879e-07 -6.01644e-08)
(-10 -8.08612e-07 -4.74487e-08)
(-10 -1.0442e-06 -5.7451e-08)
(-10 -1.3086e-06 -2.91469e-08)
(-10 -1.62095e-06 -3.98937e-08)
(-10 -1.96983e-06 -4.07329e-08)
(-10 1.36112e-07 -6.49293e-09)
(-10 2.56445e-07 -1.28921e-07)
(-10 1.96829e-07 -1.31512e-07)
(-10 1.35135e-07 -1.19328e-07)
(-10 5.92898e-08 -1.14397e-07)
(-10 -4.25212e-09 -1.15906e-07)
(-10 -8.96062e-08 -9.21372e-08)
(-10 -1.53091e-07 -8.64892e-08)
(-10 -2.53696e-07 -6.32684e-08)
(-10 -3.50813e-07 -7.86812e-08)
(-10 -4.63483e-07 -4.06968e-08)
(-10 -5.75363e-07 -4.79135e-08)
(-10 -7.00995e-07 -3.89277e-08)
(-10 -8.43537e-07 -4.58523e-08)
(-10 -9.9966e-07 -3.84277e-08)
(-10 -1.19926e-06 -4.49102e-08)
(-10 6.32672e-08 -7.67567e-09)
(-10 3.43037e-08 -1.61404e-07)
(-10 3.46666e-08 -1.48659e-07)
(-10 2.05342e-08 -1.37597e-07)
(-10 -4.52723e-09 -1.3655e-07)
(-10 -2.51316e-08 -1.17628e-07)
(-10 -4.55094e-08 -1.12766e-07)
(-10 -7.30298e-08 -8.79537e-08)
(-10 -9.94873e-08 -7.88795e-08)
(-10 -1.30122e-07 -5.94886e-08)
(-10 -1.63167e-07 -5.29862e-08)
(-10 -1.97869e-07 -4.9371e-08)
(-10 -2.33737e-07 -5.20866e-08)
(-10 -2.61453e-07 -3.94633e-08)
(-10 -3.12417e-07 -4.10619e-08)
(-10 -3.69654e-07 -4.32807e-08)
(-10 1.45863e-08 -1.0695e-08)
)
;

boundaryField
{
    frontAndBack
    {
        type            slip;
    }
    inlet
    {
        type            fixedValue;
        value           uniform (-10 0 0);
    }
    outlet
    {
        type            inletOutlet;
        inletValue      uniform (0 0 0);
        value           nonuniform List<vector> 
250
(
(-9.99999 1.66508e-07 1.95679e-07)
(-9.99999 5.37003e-07 1.9805e-07)
(-9.99999 9.1389e-07 1.93038e-07)
(-9.99999 1.25765e-06 1.89665e-07)
(-9.99999 1.58924e-06 1.88892e-07)
(-9.99999 1.89278e-06 1.82511e-07)
(-9.99999 2.17433e-06 1.79403e-07)
(-9.99999 2.42011e-06 1.77954e-07)
(-10 2.63518e-06 1.73286e-07)
(-10 2.80074e-06 1.59284e-07)
(-10 2.9226e-06 1.47021e-07)
(-10 2.99552e-06 1.36411e-07)
(-10 3.02939e-06 1.24508e-07)
(-10 3.0368e-06 1.03462e-07)
(-10 3.03741e-06 1.02627e-07)
(-10 3.04515e-06 1.00793e-07)
(-10 3.0773e-06 8.28738e-08)
(-10 3.12282e-06 7.80396e-08)
(-10 3.14095e-06 7.75057e-08)
(-10 3.07292e-06 9.62278e-08)
(-10 2.89036e-06 1.04776e-07)
(-10 2.56924e-06 1.42675e-07)
(-10 2.06426e-06 1.51457e-07)
(-10 1.51838e-06 1.9539e-07)
(-10 1.27653e-06 2.51355e-07)
(-10 1.43725e-06 3.14583e-07)
(-9.99999 1.64987e-07 4.53856e-07)
(-9.99999 5.32029e-07 4.58092e-07)
(-9.99999 8.97802e-07 4.52017e-07)
(-9.99999 1.23121e-06 4.451e-07)
(-9.99999 1.54906e-06 4.40545e-07)
(-9.99999 1.83979e-06 4.27066e-07)
(-9.99999 2.11202e-06 4.20233e-07)
(-9.99999 2.35064e-06 4.11384e-07)
(-10 2.55864e-06 4.01097e-07)
(-10 2.72104e-06 3.75594e-07)
(-10 2.84251e-06 3.54565e-07)
(-10 2.9163e-06 3.29203e-07)
(-10 2.95308e-06 3.07049e-07)
(-10 2.96547e-06 2.77065e-07)
(-10 2.9688e-06 2.70752e-07)
(-10 2.97859e-06 2.51088e-07)
(-10 3.01466e-06 2.25549e-07)
(-10 3.05893e-06 2.1442e-07)
(-10 3.07564e-06 2.44241e-07)
(-10 3.0158e-06 2.58293e-07)
(-10 2.85685e-06 3.27707e-07)
(-10 2.5715e-06 3.67655e-07)
(-10 2.14368e-06 4.48069e-07)
(-10 1.66888e-06 5.28585e-07)
(-10 1.42249e-06 6.90896e-07)
(-10 1.51693e-06 8.15055e-07)
(-9.99999 1.6245e-07 4.98573e-07)
(-9.99999 5.23387e-07 5.03105e-07)
(-9.99999 8.81795e-07 4.97307e-07)
(-9.99999 1.21428e-06 4.86885e-07)
(-9.99999 1.53132e-06 4.84681e-07)
(-9.99999 1.82178e-06 4.7463e-07)
(-9.99999 2.09179e-06 4.72054e-07)
(-10 2.32802e-06 4.57506e-07)
(-10 2.53266e-06 4.50374e-07)
(-10 2.69289e-06 4.26736e-07)
(-10 2.81313e-06 4.12642e-07)
(-10 2.88993e-06 3.83224e-07)
(-10 2.93355e-06 3.70653e-07)
(-10 2.95138e-06 3.50221e-07)
(-10 2.95884e-06 3.49189e-07)
(-10 2.97647e-06 3.33594e-07)
(-10 3.01534e-06 3.52191e-07)
(-10 3.06246e-06 3.31688e-07)
(-10 3.08782e-06 3.4419e-07)
(-10 3.05101e-06 3.72298e-07)
(-10 2.92373e-06 4.4526e-07)
(-10 2.67015e-06 5.32954e-07)
(-10 2.29653e-06 6.09569e-07)
(-10 1.88066e-06 7.28212e-07)
(-10 1.65622e-06 9.08868e-07)
(-10 1.69005e-06 1.07323e-06)
(-9.99999 1.60701e-07 3.69435e-07)
(-9.99999 5.16876e-07 3.76865e-07)
(-9.99999 8.68754e-07 3.73999e-07)
(-9.99999 1.20066e-06 3.67315e-07)
(-9.99999 1.51584e-06 3.65991e-07)
(-9.99999 1.80685e-06 3.56952e-07)
(-10 2.07492e-06 3.56552e-07)
(-10 2.31033e-06 3.4282e-07)
(-10 2.51232e-06 3.4015e-07)
(-10 2.67234e-06 3.20427e-07)
(-10 2.79312e-06 3.15454e-07)
(-10 2.874e-06 2.93899e-07)
(-10 2.92344e-06 2.92989e-07)
(-10 2.95058e-06 2.79321e-07)
(-10 2.96835e-06 2.90935e-07)
(-10 2.9917e-06 2.98922e-07)
(-10 3.02741e-06 3.22599e-07)
(-10 3.06978e-06 3.03135e-07)
(-10 3.1075e-06 2.76508e-07)
(-10 3.10762e-06 2.92541e-07)
(-10 3.00478e-06 3.79737e-07)
(-10 2.7775e-06 4.25776e-07)
(-10 2.44652e-06 4.92582e-07)
(-10 2.07513e-06 5.97511e-07)
(-10 1.86987e-06 7.39662e-07)
(-10 1.87729e-06 8.71377e-07)
(-9.99999 1.57487e-07 1.36878e-07)
(-9.99999 5.00699e-07 1.409e-07)
(-9.99999 8.38523e-07 1.39515e-07)
(-9.99999 1.16093e-06 1.37249e-07)
(-9.99999 1.46619e-06 1.36395e-07)
(-10 1.74962e-06 1.33027e-07)
(-10 2.00933e-06 1.32784e-07)
(-10 2.2386e-06 1.27355e-07)
(-10 2.43433e-06 1.2645e-07)
(-10 2.59143e-06 1.18885e-07)
(-10 2.71104e-06 1.17858e-07)
(-10 2.79447e-06 1.10253e-07)
(-10 2.84922e-06 1.11632e-07)
(-10 2.88386e-06 1.08269e-07)
(-10 2.9084e-06 1.15542e-07)
(-10 2.93421e-06 1.20046e-07)
(-10 2.96864e-06 1.28965e-07)
(-10 3.01313e-06 1.23842e-07)
(-10 3.05644e-06 1.09041e-07)
(-10 3.06546e-06 1.00631e-07)
(-10 2.9722e-06 1.63412e-07)
(-10 2.75872e-06 1.3998e-07)
(-10 2.44866e-06 1.9498e-07)
(-10 2.12672e-06 2.18451e-07)
(-10 1.94813e-06 2.84659e-07)
(-10 1.93899e-06 3.29749e-07)
(-10 1.83937e-06 3.3115e-07)
(-10 2.21326e-06 3.40888e-07)
(-10 2.49933e-06 3.48811e-07)
(-10 2.80912e-06 3.59034e-07)
(-10 3.07918e-06 3.81126e-07)
(-10 3.56596e-06 4.45451e-07)
(-10 4.12696e-06 3.879e-07)
(-10 4.51694e-06 3.86115e-07)
(-10 4.90278e-06 3.81209e-07)
(-10 5.29e-06 3.70099e-07)
(-10 5.65216e-06 3.50743e-07)
(-10 5.96883e-06 3.35407e-07)
(-10 6.17944e-06 3.10409e-07)
(-10 6.26932e-06 2.82602e-07)
(-10 6.2163e-06 2.46495e-07)
(-10 5.98341e-06 2.311e-07)
(-10 5.59963e-06 2.14533e-07)
(-10 5.07506e-06 2.03946e-07)
(-10 4.41186e-06 1.88927e-07)
(-10 3.61318e-06 1.80141e-07)
(-10 2.75146e-06 1.63991e-07)
(-10 1.88853e-06 1.5562e-07)
(-10 1.1806e-06 1.49282e-07)
(-10 4.34765e-07 1.94361e-07)
(-10 1.83158e-06 8.87673e-07)
(-10 2.18895e-06 9.10831e-07)
(-10 2.46432e-06 9.23071e-07)
(-10 2.77002e-06 9.53108e-07)
(-10 3.09123e-06 9.93286e-07)
(-10 3.47044e-06 1.0683e-06)
(-10 3.9337e-06 9.6738e-07)
(-10 4.36502e-06 1.01571e-06)
(-10 4.73471e-06 1.01738e-06)
(-10 5.10996e-06 9.98279e-07)
(-10 5.46382e-06 9.67801e-07)
(-10 5.76061e-06 9.27644e-07)
(-10 5.95855e-06 8.71554e-07)
(-10 6.0413e-06 8.03689e-07)
(-10 5.98679e-06 7.26278e-07)
(-10 5.76998e-06 6.74313e-07)
(-10 5.3988e-06 6.32209e-07)
(-10 4.89283e-06 5.96771e-07)
(-10 4.25677e-06 5.51371e-07)
(-10 3.52042e-06 5.20635e-07)
(-10 2.71352e-06 4.60102e-07)
(-10 1.89024e-06 4.4578e-07)
(-10 1.19068e-06 4.33047e-07)
(-10 4.39998e-07 4.99672e-07)
(-10 1.9123e-06 1.18745e-06)
(-10 2.21433e-06 1.21811e-06)
(-10 2.49259e-06 1.23261e-06)
(-10 2.81269e-06 1.25275e-06)
(-10 3.11843e-06 1.28952e-06)
(-10 3.41041e-06 1.33628e-06)
(-10 3.91305e-06 1.35286e-06)
(-10 4.4114e-06 1.37113e-06)
(-10 4.70855e-06 1.36212e-06)
(-10 5.06758e-06 1.35059e-06)
(-10 5.40768e-06 1.32297e-06)
(-10 5.6904e-06 1.27908e-06)
(-10 5.87993e-06 1.21777e-06)
(-10 5.95291e-06 1.14742e-06)
(-10 5.90425e-06 1.06873e-06)
(-10 5.70832e-06 9.90596e-07)
(-10 5.35418e-06 9.07372e-07)
(-10 4.84857e-06 8.52439e-07)
(-10 4.20504e-06 8.11168e-07)
(-10 3.43189e-06 7.77567e-07)
(-10 2.64785e-06 7.47182e-07)
(-10 1.88456e-06 7.37265e-07)
(-10 1.15688e-06 7.29002e-07)
(-10 3.99201e-07 7.39531e-07)
(-10 2.01471e-06 9.90974e-07)
(-10 2.24361e-06 1.01149e-06)
(-10 2.50669e-06 1.0341e-06)
(-10 2.83607e-06 1.04224e-06)
(-10 3.17553e-06 1.07582e-06)
(-10 3.51636e-06 1.12338e-06)
(-10 3.93281e-06 1.20945e-06)
(-10 4.33283e-06 1.16908e-06)
(-10 4.67466e-06 1.15779e-06)
(-10 5.03548e-06 1.14928e-06)
(-10 5.36859e-06 1.12666e-06)
(-10 5.63605e-06 1.09179e-06)
(-10 5.81264e-06 1.04253e-06)
(-10 5.8749e-06 9.79637e-07)
(-10 5.81544e-06 8.76503e-07)
(-10 5.59276e-06 8.07469e-07)
(-10 5.24853e-06 7.58304e-07)
(-10 4.79054e-06 7.16717e-07)
(-10 4.17445e-06 6.86157e-07)
(-10 3.45319e-06 6.67505e-07)
(-10 2.67144e-06 6.79781e-07)
(-10 1.86942e-06 6.60588e-07)
(-10 1.09378e-06 6.47999e-07)
(-10 3.49217e-07 6.34246e-07)
(-10 2.01863e-06 3.80351e-07)
(-10 2.19628e-06 3.90846e-07)
(-10 2.45238e-06 4.0214e-07)
(-10 2.77482e-06 4.11728e-07)
(-10 3.11958e-06 4.22728e-07)
(-10 3.46621e-06 4.4192e-07)
(-10 3.85402e-06 4.59224e-07)
(-10 4.22482e-06 4.59802e-07)
(-10 4.56736e-06 4.59066e-07)
(-10 4.91519e-06 4.58996e-07)
(-10 5.22841e-06 4.46175e-07)
(-10 5.48063e-06 4.33332e-07)
(-10 5.63856e-06 4.1076e-07)
(-10 5.64801e-06 3.83578e-07)
(-10 5.5921e-06 3.18791e-07)
(-10 5.46234e-06 2.9326e-07)
(-10 5.14304e-06 3.0055e-07)
(-10 4.66594e-06 2.90563e-07)
(-10 4.05439e-06 2.80427e-07)
(-10 3.34837e-06 2.70856e-07)
(-10 2.59113e-06 2.59053e-07)
(-10 1.80921e-06 2.51495e-07)
(-10 1.01495e-06 2.45416e-07)
(-10 2.88424e-07 2.37789e-07)
)
;
    }
    lowerWall
    {
        type            fixedValue;
        value           uniform (-10 0 0);
    }
    upperWall
    {
        type            slip;
    }
}


// ************************************************************************* //
