# vtk DataFile Version 2.0
sampleSurface
ASCII
DATASET POLYDATA
POINTS 9772 float
0.566775 -44.6732 7.39931 -0.578112 -44.6732 7.39931 0.566773 44.6855 7.39932 -0.578114 44.6855
7.39932 0.566774 -44.8827 6.96975 -0.578113 -44.8827 6.96974 0.566773 44.895 6.96975
-0.578115 44.895 6.96975 1.62451 -45.067 7.59136 -1.63585 -45.067 7.59136 1.62451
45.0793 7.59138 -1.63585 45.0793 7.59138 1.62451 -45.2765 7.16181 -1.63585 -45.2765
7.16181 1.62451 45.2888 7.16182 -1.63585 45.2888 7.16181 0.43405 -45.4938 7.23886
-0.445388 -45.4938 7.23886 0.434048 45.5062 7.23886 -0.44539 45.5062 7.23886 0.360697
-45.6043 7.85346 -0.372035 -45.6043 7.85346 0.360696 45.6167 7.85346 -0.372037 45.6167
7.85346 1.24654 -45.7963 7.3864 -1.25788 -45.7963 7.3864 1.24654 45.8087 7.3864
-1.25788 45.8087 7.3864 2.43407 -45.7946 7.94626 -2.44541 -45.7946 7.94626 2.43407
45.8069 7.94627 -2.44541 45.8069 7.94627 1.03765 -45.8564 7.97638 -1.04899 -45.8564
7.97638 1.03765 45.8687 7.97639 -1.04899 45.8687 7.97639 2.43407 -46.0041 7.51669
-2.44541 -46.0041 7.51669 2.43407 46.0165 7.5167 -2.44541 46.0165 7.5167 1.8684
-46.3552 7.659 -1.87974 -46.3552 7.659 1.8684 46.3676 7.659 -1.87974 46.3676
7.659 1.55577 -46.3221 8.20351 -1.56711 -46.3221 8.20351 1.55577 46.3344 8.20352
-1.56711 46.3344 8.20352 0.434052 -47.0741 3.99872 -0.445386 -47.0741 3.99872 0.43405
47.0865 3.99872 -0.445388 47.0865 3.99872 1.24655 -47.3766 4.14625 -1.25788 -47.3766
4.14625 2.8722 -46.7453 8.40994 -2.88354 -46.7453 8.40994 1.24654 47.389 4.14626
-1.25788 47.389 4.14626 2.8722 46.7576 8.40995 -2.88354 46.7576 8.40995 -0.005668
-47.5411 3.22473 -0.005669 47.5535 3.22473 -0.005575 -47.588 2.74889 -0.005577 47.6003
2.74889 2.8722 -46.9548 7.98038 -2.88354 -46.9548 7.98038 2.8722 46.9671 7.98038
-2.88354 46.9671 7.98038 1.83618 -46.9305 8.50028 -1.84752 -46.9305 8.50028 -0.00576
-47.588 3.70058 1.83618 46.9429 8.50028 -1.84752 46.9429 8.50028 -0.005762 47.6003
3.70057 0.381979 -47.6442 3.42716 -0.393312 -47.6442 3.42716 0.381977 47.6565 3.42717
-0.393314 47.6565 3.42717 -0.005486 -47.7268 2.29133 -0.005488 47.7391 2.29134 2.20495
-47.0855 8.01517 -2.21629 -47.0855 8.01517 2.20495 47.0978 8.01518 -2.21629 47.0978
8.01518 -0.005849 -47.7268 4.15813 -0.00585 47.7391 4.15813 -0.005404 -47.9522 1.86965
-0.005406 47.9645 1.86965 1.09825 -47.9108 3.55722 -1.10959 -47.9108 3.55722 1.09825
47.9232 3.55723 -1.10959 47.9232 3.55723 -0.005931 -47.9522 4.57981 1.8684 -47.9356
4.41886 -1.87974 -47.9356 4.41886 -0.005932 47.9645 4.57982 1.8684 47.9479 4.41886
-1.87974 47.9479 4.41886 -0.005333 -48.2555 1.50004 -0.005334 48.2678 1.50004 1.83618
-47.5891 8.82148 -1.84752 -47.5891 8.82148 1.83618 47.6014 8.82148 -1.84752 47.6014
8.82148 -0.006002 -48.2555 4.94942 -0.006004 48.2678 4.94943 0.269391 -48.457 3.05174
-0.280726 -48.457 3.05174 0.26939 48.4694 3.05174 -0.280728 48.4694 3.05174 1.64647
-48.4036 3.79754 -1.6578 -48.4036 3.79754 1.64647 48.4159 3.79755 -1.6578 48.4159
3.79755 -0.005274 -48.6251 1.19671 -0.005275 48.6375 1.19671 2.20495 -47.8759 8.40069
-2.21629 -47.8759 8.40069 2.20495 47.8883 8.4007 -2.21629 47.8883 8.4007 2.8722
-47.7743 8.91183 -2.88354 -47.7743 8.91183 2.8722 47.7866 8.91183 -2.88354 47.7866
8.91183 0.777633 -48.6462 3.14403 -0.788968 -48.6462 3.14403 0.777632 48.6586 3.14403
-0.788969 48.6586 3.14403 2.8722 -47.9838 8.48226 -2.88354 -47.9838 8.48226 2.8722
47.9962 8.48227 -2.88354 47.9962 8.48227 -0.006061 -48.6251 5.25275 -0.006063 48.6375
5.25275 2.20495 -48.6658 4.77503 -2.21628 -48.6658 4.77503 2.20495 48.6782 4.77504
-2.21629 48.6782 4.77504 -0.00523 -49.0468 0.971312 -0.005232 49.0591 0.971312 1.55577
-48.1975 9.11824 -1.56711 -48.1975 9.11824 1.55577 48.2099 9.11824 -1.56711 48.2099
9.11824 1.16662 -48.9959 3.31455 -1.17796 -48.9959 3.31455 1.16662 49.0082 3.31455
-1.17796 49.0082 3.31455 1.94316 -49.0474 4.11154 -1.95449 -49.0474 4.11154 1.94316
49.0597 4.11154 -1.95449 49.0597 4.11154 -0.006105 -49.0468 5.47815 -0.006107 49.0591
5.47816 1.8684 -48.6062 8.75687 -1.87974 -48.6062 8.75687 1.8684 48.6185 8.75687
-1.87974 48.6185 8.75687 -0.005203 -49.5044 0.832506 -0.005205 49.5167 0.832513 1.03765
-48.6632 9.34537 -1.04899 -48.6632 9.34537 1.03765 48.6756 9.34537 -1.04899 48.6756
9.34537 1.37715 -49.4527 3.53735 -1.38848 -49.4527 3.53735 1.37714 49.465 3.53735
-1.38848 49.465 3.53735 2.43407 -48.725 9.37551 -2.44541 -48.725 9.37551 2.43407
48.7373 9.37551 -2.44541 48.7373 9.37551 2.20495 -49.4562 5.16055 -2.21628 -49.4562
5.16054 2.20495 49.4686 5.16056 -2.21629 49.4686 5.16056 2.43407 -48.9345 8.94594
-2.44541 -48.9345 8.94594 2.43407 48.9468 8.94594 -2.44541 48.9468 8.94594 -0.006132
-49.5044 5.61695 0.360697 -48.9152 9.46829 -0.372036 -48.9152 9.46829 -0.006134 49.5167
5.61695 0.360695 48.9276 9.46829 -0.372038 48.9276 9.46829 1.94316 -49.7442 4.4514
-1.95449 -49.7442 4.4514 -0.005194 -49.9802 0.78565 1.94316 49.7565 4.45141 -1.95449
49.7565 4.45141 -0.005196 49.9925 0.78565 1.24654 -49.1651 9.02947 -1.25788 -49.1651
9.02947 1.24654 49.1775 9.02948 -1.25788 49.1775 9.02948 1.37715 -49.9471 3.7785
-1.38848 -49.9471 3.7785 1.37714 49.9595 3.7785 -1.38848 49.9595 3.7785 -0.006141
-49.9802 5.66381 -0.006143 49.9925 5.66381 0.434049 -49.4676 9.17701 -0.445389 -49.4676
9.17701 0.434048 49.4799 9.17701 -0.445391 49.4799 9.17701 1.62451 -49.4526 9.73039
-1.63585 -49.4526 9.73039 1.62451 49.465 9.7304 -1.63585 49.465 9.7304 -0.005203
-50.456 0.832513 -0.005205 50.4684 0.832513 1.8684 -50.1865 5.51673 -1.87974 -50.1865
5.51673 1.8684 50.1989 5.51673 -1.87974 50.1989 5.51673 1.62451 -49.6621 9.30083
-1.63585 -49.6621 9.30083 1.62451 49.6745 9.30083 -1.63585 49.6745 9.30083 1.16662
-50.4039 4.0013 -1.17796 -50.4039 4.0013 1.16662 50.4163 4.00131 -1.17796 50.4163
4.00131 1.64647 -50.388 4.7654 -1.6578 -50.388 4.7654 1.64647 50.4003 4.7654
-1.6578 50.4003 4.7654 -0.006132 -50.456 5.61695 -0.006134 50.4684 5.61695 0.566774
-49.8464 9.92246 -0.578113 -49.8464 9.92246 0.566772 49.8587 9.92246 -0.578115 49.8587
9.92246 -0.00523 -50.9136 0.971312 0.777633 -50.7535 4.17182 -0.788968 -50.7535 4.17182
-0.005232 50.9259 0.971312 0.777631 50.7659 4.17182 -0.78897 50.7659 4.17182 0.566773
-50.0559 9.49289 -0.578114 -50.0559 9.49289 0.566772 50.0683 9.49289 -0.578115 50.0683
9.49289 1.24655 -50.7454 5.78933 -1.25788 -50.7454 5.78933 1.24654 50.7578 5.78934
-1.25788 50.7578 5.78934 0.269391 -50.9428 4.2641 -0.280726 -50.9428 4.2641 0.269389
50.9551 4.26411 -0.280728 50.9551 4.26411 1.09825 -50.8807 5.00572 -1.10959 -50.8807
5.00572 1.09825 50.893 5.00572 -1.10959 50.893 5.00572 -0.006105 -50.9136 5.47814
-0.006107 50.9259 5.47815 -0.005274 -51.3353 1.1967 -0.005275 51.3476 1.19671 0.434051
-51.0479 5.93686 -0.445387 -51.0479 5.93686 0.381978 -51.1474 5.13579 -0.393313 -51.1474
5.13579 0.434049 51.0603 5.93687 -0.445389 51.0603 5.93687 0.381976 51.1597 5.13579
-0.393315 51.1597 5.13579 -0.006061 -51.3353 5.25275 -0.006063 51.3476 5.25276 -0.005333
-51.7049 1.50004 -0.005334 51.7172 1.50004 -0.006002 -51.7049 4.94941 -0.006004 51.7172
4.94943 -0.005404 -52.0082 1.86965 -0.005406 52.0206 1.86965 -0.005931 -52.0082 4.57981
-0.005932 52.0206 4.57981 -0.005486 -52.2336 2.29133 -0.005488 52.246 2.29133 -0.005849
-52.2336 4.15813 -0.00585 52.246 4.15813 -0.005575 -52.3724 2.74889 -0.005577 52.3848
2.74889 -0.00576 -52.3724 3.70057 -0.005762 52.3848 3.70057 -0.005668 -52.4193 3.22473
-0.005669 52.4316 3.22473 -9.1216 -9.95703 56.2432 -9.1216 9.96937 56.2432 1.7247
-11.4833 56.8345 1.7247 -11.1255 56.9057 1.7247 11.1378 56.9057 1.7247 11.4956
56.8345 1.7247 -11.841 56.9057 1.7247 -10.8222 57.1084 1.7247 10.8345 57.1084
1.7247 11.8534 56.9057 1.7247 -12.1444 57.1084 1.7247 -10.6195 57.4117 1.7247
10.6318 57.4117 1.7247 12.1567 57.1084 -9.1216 -13.0095 56.2432 -9.1216 13.0218
56.2432 -12.6297 -9.95703 56.2432 -12.6297 9.96937 56.2432 1.7247 -12.347 57.4117
1.7247 -10.5483 57.7695 1.7247 10.5607 57.7695 1.7247 12.3594 57.4117 -12.6297
-13.0095 56.2432 -12.6297 13.0218 56.2432 1.7247 -12.4182 57.7695 1.7247 -10.6195
58.1272 1.7247 10.6318 58.1272 1.7247 12.4305 57.7695 1.7247 -12.347 58.1272
1.7247 -10.8222 58.4306 1.7247 10.8345 58.4306 1.7247 12.3594 58.1272 1.7247
-12.1444 58.4306 1.7247 -11.1255 58.6332 1.7247 11.1378 58.6332 1.7247 12.1567
58.4306 1.7247 -11.841 58.6332 1.7247 -11.4833 58.7044 1.7247 11.4956 58.7044
1.7247 11.8534 58.6332 4.52095 -12.4321 58.7009 4.52095 12.4444 58.7009 4.52095
-13.0496 58.7009 4.52095 13.062 58.7009 -5.90343 -13.0496 58.7009 19.961 -9.95703
56.2432 19.961 9.96938 56.2432 -9.1216 -9.95703 59.2957 -9.1216 9.96937 59.2957
19.961 -13.0095 56.2432 19.961 13.0218 56.2432 11.5043 -12.4321 58.7009 11.5043
12.4444 58.7009 11.5043 -13.0496 58.7009 11.5043 13.062 58.7009 4.52095 -16.8458
58.7009 4.52095 16.8581 58.7009 -9.1216 -13.0095 59.2957 -9.1216 13.0218 59.2957
-12.6297 -9.95703 59.2957 -12.6297 9.96937 59.2957 -13.403 -12.4321 58.7009 -13.403
12.4444 58.7009 -13.403 13.062 58.7009 40.0631 -46.8094 3.23281 -40.0745 -46.8094
3.21724 40.0631 46.8217 3.23282 -40.0745 46.8217 3.21725 40.0633 -46.8703 2.61421
-40.0744 -46.8703 2.59864 40.0633 46.8826 2.61422 -40.0744 46.8827 2.59864 23.4691
-9.95703 56.2432 23.4691 9.96938 56.2432 40.063 -46.8703 3.85139 -40.0745 -46.8703
3.83584 40.063 46.8826 3.85141 -40.0746 46.8826 3.83584 40.0634 -47.0507 2.01939
-40.0743 -47.0507 2.00383 40.0634 47.0631 2.01939 -40.0743 47.0631 2.00383 40.0628
-47.0507 4.44621 -40.0746 -47.0507 4.43066 40.0628 47.0631 4.44623 -40.0746 47.0631
4.43066 -12.6297 -13.0095 59.2957 -12.6297 13.0218 59.2957 -15.6684 -12.4321 58.7009
-15.6684 12.4444 58.7009 40.0635 -47.3438 1.4712 -40.0742 -47.3438 1.45564 40.0635
47.3561 1.4712 -40.0742 47.3561 1.45564 -22.3892 -11.4833 56.8147 -22.3892 11.4956
56.8147 11.5043 -16.8458 58.7009 11.5043 16.8581 58.7009 -22.3892 -11.1298 56.916
-22.3892 11.1421 56.916 40.0627 -47.3438 4.9944 -40.0747 -47.3438 4.97886 40.0627
47.3561 4.99442 -40.0747 47.3561 4.97886 40.0595 -47.5411 3.23251 -40.0708 -47.5411
3.21695 40.0595 47.5535 3.23251 40.0596 -47.588 2.75668 -40.0708 47.5535 3.21695
-40.0707 -47.588 2.74111 -22.3892 -10.8082 57.0944 -22.3892 10.8205 57.0944 40.0596
47.6003 2.75668 -40.0708 47.6003 2.74111 -22.3892 -11.8368 56.916 -22.3892 11.8491
56.916 40.0594 -47.588 3.70835 23.4691 -13.0095 56.2432 23.4691 13.0218 56.2432
-40.0709 -47.588 3.69279 40.0594 47.6003 3.70836 40.0636 -47.7381 0.990705 -40.0709
47.6003 3.69279 -40.0741 -47.7381 0.975144 40.0637 47.7504 0.990712 -40.0741 47.7504
0.975144 40.0597 -47.7268 2.29911 -40.0707 -47.7268 2.28355 40.0597 47.7391 2.29911
-40.0707 47.7391 2.28355 40.0593 -47.7268 4.1659 -40.071 -47.7268 4.15035 40.0593
47.7391 4.16591 -40.071 47.7391 4.15035 40.0598 -47.9522 1.87742 -40.0706 -47.9522
1.86187 -22.3892 -12.1583 57.0944 40.0598 47.9645 1.87743 -22.3892 12.1707 57.0944
-40.0706 47.9645 1.86187 -22.3892 -10.6298 57.416 -22.3892 10.6422 57.416 40.0626
-47.7381 5.47491 -40.0748 -47.7381 5.45935 40.0626 47.7504 5.47491 -40.0748 47.7504
5.45934 40.0592 -47.9522 4.58759 -40.0711 -47.9522 4.57203 40.0592 47.9645 4.58759
-40.0711 47.9645 4.57203 40.0637 -48.2186 0.596377 -40.0741 -48.2186 0.580801 40.0638
48.2309 0.596377 -40.0741 48.2309 0.580816 40.0598 -48.2555 1.50781 -40.0705 -48.2555
1.49225 40.0598 48.2678 1.50782 -40.0705 48.2678 1.49225 -22.3892 -10.5285 57.7695
-22.3892 10.5409 57.7695 -22.3892 -12.3367 57.416 -22.3892 12.349 57.416 40.0592
-48.2555 4.9572 -40.0712 -48.2555 4.94164 40.0592 48.2678 4.95721 -40.0712 48.2678
4.94164 40.0625 -48.2186 5.86923 -40.0748 -48.2186 5.85368 40.0625 48.2309 5.86924
-40.0749 48.2309 5.85367 40.0599 -48.6251 1.20448 -40.0704 -48.6251 1.18893 40.0599
48.6375 1.2045 -40.0704 48.6375 1.18893 40.0638 -48.7668 0.303357 -40.074 -48.7668
0.287804 40.0638 48.7791 0.303365 -40.074 48.7791 0.287797 -22.3892 -10.6298 58.123
-22.3892 10.6422 58.123 -22.3892 -12.438 57.7695 -22.3892 12.4503 57.7695 40.0591
-48.6251 5.26053 -40.0712 -48.6251 5.24498 40.0591 48.6375 5.26054 -40.0712 48.6375
5.24497 40.0599 -49.0468 0.979085 -40.0704 -49.0468 0.963531 40.0599 49.0591 0.979099
-40.0704 49.0591 0.963531 19.961 -9.95703 59.2957 19.961 9.96938 59.2957 40.0624
-48.7668 6.16224 -40.0749 -48.7668 6.14669 40.0624 48.7791 6.16225 -40.0749 48.7791
6.14669 23.9496 0.006171 58.7623 -22.3892 -12.3367 58.123 -22.3892 12.349 58.123
-22.3892 -10.8082 58.4445 -22.3892 10.8205 58.4445 40.0591 -49.0468 5.48592 -40.0713
-49.0468 5.47037 40.0591 49.0591 5.48593 40.0639 -49.3616 0.122915 -40.0713 49.0591
5.47038 -40.074 -49.3616 0.107362 40.0639 49.3739 0.12293 -40.074 49.3739 0.107362
40.06 -49.5044 0.840294 -40.0704 -49.5043 0.824733 40.06 49.5167 0.840301 0.375773
-19.8251 60.5356 -0.387109 -19.8251 60.5356 -40.0704 49.5167 0.824733 0.375772 19.8375
60.5356 -0.38711 19.8375 60.5356 0.360699 -19.9172 60.52 -0.372034 -19.9172 60.52
0.360697 19.9295 60.52 -0.372036 19.9295 60.52 -22.3892 -11.1298 58.6229 -22.3892
11.1421 58.6229 -22.3892 -12.1583 58.4445 -22.3892 12.1707 58.4445 -22.3892 -11.8368
58.6229 -22.3892 11.8491 58.6229 -22.3892 -11.4833 58.7242 40.0624 -49.3616 6.34269
-22.3892 11.4956 58.7242 -40.0749 -49.3616 6.32713 40.0624 49.3739 6.34269 19.961
-13.0095 59.2957 -40.0749 49.3739 6.32713 19.961 13.0218 59.2957 1.08058 -20.0875
60.6636 -1.09192 -20.0875 60.6636 1.08058 20.0999 60.6636 -1.09192 20.0999 60.6636
1.03765 -20.1692 60.6429 -1.04899 -20.1692 60.6429 1.03765 20.1815 60.6429 -1.04899
20.1815 60.6429 40.059 -49.5044 5.62472 -40.0713 -49.5043 5.60917 40.059 49.5167
5.62473 -40.0713 49.5167 5.60917 40.0639 -49.9802 0.062002 40.06 -49.9802 0.793423
-40.074 -49.9802 0.046434 -40.0704 -49.9802 0.77787 40.0639 49.9925 0.062002 40.06
49.9925 0.793431 -40.074 49.9925 0.046434 -40.0704 49.9925 0.77787 1.55578 -20.6349
60.87 -1.56711 -20.6349 60.87 1.55577 20.6472 60.87 -1.56711 20.6472 60.87
1.62002 -20.5724 60.9001 -1.63136 -20.5724 60.9001 40.059 -49.9802 5.67159 1.62002
20.5847 60.9001 -1.63136 20.5847 60.9001 -40.0713 -49.9802 5.65604 40.059 49.9925
5.6716 -40.0713 49.9925 5.65604 40.0624 -49.9802 6.40361 -40.0749 -49.9802 6.38805
40.0624 49.9925 6.40362 -40.0749 49.9925 6.38805 40.06 -50.456 0.840286 -40.0704
-50.456 0.824733 40.06 50.4684 0.840301 -40.0704 50.4684 0.824733 40.0639 -50.5988
0.122923 23.4691 -9.95703 59.2957 23.4691 9.96938 59.2957 -40.074 -50.5988 0.107362
40.0639 50.6111 0.12293 -40.074 50.6111 0.107362 26.824 0.006171 58.7623 23.9496
-12.3414 58.7623 23.9496 12.3538 58.7623 40.059 -50.456 5.62472 -40.0713 -50.456
5.60917 40.059 50.4684 5.62473 -40.0713 50.4684 5.60917 24.1941 -12.4321 58.7009
24.1941 12.4444 58.7009 23.9496 -12.9132 58.7623 23.9496 12.9359 58.7623 1.83618
-21.2433 61.1668 -1.84752 -21.2433 61.1668 1.83618 21.2557 61.1668 -1.84752 21.2557
61.1668 40.0599 -50.9136 0.979085 -40.0704 -50.9136 0.963531 40.0599 50.9259 0.979099
1.91197 -21.2059 61.2091 -1.9233 -21.2059 61.2091 -40.0704 50.9259 0.963531 1.91196
21.2182 61.2091 -1.9233 21.2182 61.2091 24.1941 -13.0496 58.7009 24.1941 13.062
58.7009 40.0624 -50.5988 6.34269 -40.0749 -50.5988 6.32713 40.0624 50.6111 6.34269
-40.0749 50.6111 6.32713 40.0638 -51.1936 0.303357 -40.074 -51.1936 0.287797 40.0591
-50.9136 5.48593 40.0638 51.206 0.303365 -40.0713 -50.9136 5.47037 -40.074 51.206
0.287804 40.0591 50.9259 5.48593 -40.0713 50.9259 5.47037 23.4691 -13.0095 59.2957
23.4691 13.0218 59.2957 40.0599 -51.3353 1.20448 -40.0704 -51.3353 1.18893 40.0599
51.3476 1.20449 -40.0704 51.3476 1.18892 24.3769 -12.9132 59.0433 24.3769 12.9359
59.0433 40.0624 -51.1936 6.16225 1.83618 -21.9019 61.488 -1.84752 -21.9019 61.488
1.83618 21.9143 61.488 -1.84752 21.9143 61.488 -40.0749 -51.1936 6.14669 40.0624
51.206 6.16225 -40.0749 51.206 6.1467 40.0591 -51.3353 5.26053 -40.0712 -51.3353
5.24497 40.0591 51.3476 5.26053 -40.0712 51.3476 5.24497 1.91197 -21.8915 61.5435
-1.9233 -21.8915 61.5435 1.91196 21.9039 61.5435 -1.9233 21.9039 61.5435 26.824
-10.376 58.7623 26.824 10.3883 58.7623 40.0598 -51.7049 1.50781 -40.0705 -51.7049
1.49226 40.0598 51.7172 1.50782 -40.0705 51.7172 1.49226 40.0637 -51.7418 0.596369
-40.0741 -51.7418 0.580809 40.0638 51.7541 0.596377 -40.0741 51.7541 0.580816 40.0592
-51.7049 4.9572 -40.0712 -51.7049 4.94165 40.0592 51.7172 4.95721 -40.0712 51.7172
4.94165 40.0598 -52.0082 1.87742 -40.0706 -52.0082 1.86187 40.0598 52.0206 1.87743
-40.0706 52.0206 1.86187 40.0625 -51.7418 5.86924 -40.0748 -51.7418 5.85367 40.0625
51.7541 5.86924 -40.0749 51.7541 5.85367 1.55578 -22.5103 61.7847 -1.56711 -22.5103
61.7847 1.55577 22.5227 61.7848 -1.56711 22.5227 61.7848 40.0592 -52.0082 4.58759
-40.0711 -52.0082 4.57203 40.0592 52.0206 4.58759 -40.0711 52.0206 4.57203 40.0637
-52.2223 0.990698 -40.0741 -52.2223 0.975137 40.0637 52.2346 0.990705 -40.0741 52.2346
0.975144 1.62002 -22.525 61.8525 -1.63136 -22.525 61.8525 1.62002 22.5374 61.8525
-1.63136 22.5374 61.8525 27.2513 -10.376 59.0433 27.2513 10.3882 59.0433 40.0597
-52.2336 2.29911 -40.0707 -52.2336 2.28355 26.824 -12.9132 58.7623 40.0597 52.246
2.29912 26.824 12.9359 58.7623 -40.0707 52.246 2.28356 40.0593 -52.2336 4.16591
-40.071 -52.2336 4.15035 40.0593 52.246 4.16592 -40.071 52.246 4.15035 40.0596
-52.3724 2.75667 -40.0707 -52.3724 2.7411 40.0596 52.3848 2.75668 -40.0708 52.3848
2.74111 40.0594 -52.3724 3.70835 40.0626 -52.2223 5.4749 -40.0709 -52.3724 3.69279
40.0594 52.3848 3.70836 -40.0748 -52.2223 5.45935 40.0595 -52.4193 3.23251 40.0626
52.2346 5.47491 -40.0709 52.3848 3.69279 -40.0708 -52.4193 3.21695 -40.0748 52.2346
5.45934 40.0595 52.4316 3.23251 -40.0708 52.4316 3.21695 1.03765 -22.976 62.0119
-1.04899 -22.976 62.0119 1.03765 22.9884 62.0119 -1.04899 22.9884 62.0119 40.0635
-52.6166 1.4712 -40.0742 -52.6166 1.45564 40.0635 52.629 1.4712 -40.0742 52.629
1.45563 1.08058 -23.0099 62.0889 -1.09192 -23.0099 62.0889 1.08058 23.0222 62.0889
-1.09192 23.0222 62.0889 28.1033 -8.9492 59.3527 28.1112 8.97061 59.3527 27.2513
-12.9132 59.0433 27.2513 12.9359 59.0433 40.0627 -52.6166 4.99441 -40.0747 -52.6166
4.97885 40.0627 52.629 4.99442 0.360698 -23.2281 62.1348 -0.372035 -23.2281 62.1348
-40.0747 52.629 4.97885 0.360696 23.2404 62.1348 -0.372036 23.2404 62.1348 28.836
8.70125 59.1182 28.8484 -8.66262 59.1182 30.8499 0.006171 58.7623 28.6112 -8.92953
59.2157 28.6004 8.96948 59.2157 0.451839 -17.9621 63.8949 -0.463175 -17.9621 63.8949
0.451838 17.9745 63.8949 -0.463176 17.9745 63.8949 29.0166 8.85908 59.0417 29.0281
-8.82145 59.0417 40.0634 -52.9096 2.01939 28.7726 -9.11064 59.146 28.7627 9.14969
59.146 -40.0743 -52.9096 2.00383 40.0634 52.922 2.0194 -40.0743 52.922 2.00383
0.375773 -23.2723 62.2169 -0.387109 -23.2723 62.2169 0.375771 23.2846 62.2169 -0.387111
23.2846 62.2169 28.6568 8.54467 59.3451 28.67 -8.50504 59.3451 0.375773 -18.1112
63.9528 -0.387109 -18.1112 63.9528 28.489 -8.70775 59.4216 28.4769 8.74839 59.4216
0.375772 18.1235 63.9529 -0.387111 18.1235 63.9529 28.3991 -9.17107 59.3992 28.3896
9.2122 59.3992 30.8499 -4.05783 58.7623 30.8499 4.07018 58.7623 29.0702 8.43174
59.2157 29.0841 -8.39442 59.2157 40.0628 -52.9096 4.44622 28.543 -9.37044 59.3451
28.5346 9.41076 59.3451 -40.0746 -52.9096 4.43066 40.0628 52.922 4.44623 28.5592
-9.35208 59.3527 -40.0746 52.922 4.43066 28.5694 9.37094 59.3527 29.2706 8.56846
59.146 29.2837 -8.53226 59.146 29.2079 -8.98029 59.1182 29.1973 9.0169 59.1182
28.327 -8.89324 59.5597 28.316 8.93477 59.5597 40.0633 -53.0901 2.61421 31.0981
-1.44372 58.8371 31.0981 1.48444 58.8371 -40.0744 -53.0901 2.59865 28.9722 -9.24849
59.2157 28.9631 9.28642 59.2157 40.0633 53.1024 2.61422 28.8346 8.33909 59.4216
28.8489 -8.30045 59.4216 -40.0744 53.1024 2.59865 28.5733 8.47171 59.5493 28.5869
-8.43162 59.5493 31.338 -1.44372 58.7606 31.338 1.48444 58.7606 30.7296 -2.15183
59.0717 40.063 -53.0901 3.85139 30.7296 2.16417 59.0717 -40.0745 -53.0901 3.83584
40.063 53.1024 3.8514 40.0631 -53.151 3.23279 -40.0746 53.1024 3.83584 -40.0745
-53.151 3.21725 31.0972 -1.08668 58.9347 31.0972 1.12739 58.9347 0.45184 -17.6914
64.2538 -0.463174 -17.6914 64.2538 40.0631 53.1633 3.23281 0.451838 17.7038 64.2538
-0.463176 17.7038 64.2538 -40.0745 53.1633 3.21725 30.8602 -1.44372 59.0641 30.8602
1.48444 59.0641 31.0972 -1.80077 58.9347 28.3395 -8.71163 59.7041 28.3274 8.7531
59.7041 31.0972 1.84149 58.9347 1.2972 -18.2336 64.116 -1.30854 -18.2336 64.116
28.7586 -9.48874 59.3992 1.2972 18.246 64.116 -1.30854 18.246 64.116 28.7508
9.52786 59.3992 31.338 -1.0578 58.865 31.338 1.09852 58.865 29.4329 8.74867
59.2157 29.445 -8.71337 59.2157 31.338 -1.82964 58.865 31.338 1.87036 58.865
1.08058 -18.3387 64.1358 -1.09192 -18.3387 64.1358 30.8587 -1.17196 59.1406 1.08058
18.351 64.1358 30.8587 1.21268 59.1406 -1.09192 18.351 64.1358 28.2769 -9.30792
59.7207 29.2825 8.1903 59.3992 30.8587 -1.71549 59.1406 30.8587 1.75621 59.1406
28.2681 9.34973 59.7207 29.2977 -8.15417 59.3992 28.9977 8.15457 59.5597 28.2345
-8.99576 59.806 29.0131 -8.11685 59.5597 28.224 9.03781 59.806 30.7493 -1.44372
59.2682 30.7493 1.48444 59.2682 28.4112 -9.51963 59.6918 29.4987 8.30739 59.3451
31.5779 -1.44372 58.8371 31.5779 1.48444 58.8371 28.4036 9.56068 59.6918 29.5132
-8.27247 59.3451 28.8192 8.19032 59.7041 28.8344 -8.1516 59.7041 31.0981 -0.76521
59.1182 31.0981 0.805929 59.1182 31.0981 -2.12224 59.1182 31.0981 2.16296 59.1182
30.8602 -0.925694 59.2786 30.8602 0.966413 59.2786 29.3862 -9.13786 59.3451 29.3765
9.17348 59.3451 30.8602 -1.96175 59.2786 30.8602 2.00247 59.2786 31.338 -0.711119
59.0641 31.338 0.751837 59.0641 33.3382 -11.4833 56.8148 29.2073 -9.34245 59.4216
29.1987 9.37907 59.4216 33.3382 11.4956 56.8148 31.338 0.006171 59.0717 31.5788
-1.08668 58.9347 31.5788 1.12739 58.9347 31.5788 -1.80077 58.9347 31.5788 1.84149
58.9347 33.3382 -11.1298 56.916 33.3382 11.1421 56.916 31.338 -2.17633 59.0641
31.338 2.21705 59.0641 31.338 -2.15183 59.0717 31.338 2.16417 59.0717 30.7493
-1.07005 59.423 30.7493 1.11077 59.423 28.6378 -9.62687 59.7207 29.6437 8.50595
59.3992 29.6572 -8.47184 59.3992 28.6308 9.66666 59.7207 30.7493 -1.8174 59.423
30.7493 1.85812 59.423 29.0432 -9.52605 59.5597 29.9882 -7.73496 59.3527 29.0356
9.56358 59.5597 29.9893 7.74587 59.3527 1.2972 -17.9468 64.4933 -1.30854 -17.9468
64.4933 30.7627 6.49621 59.1182 1.2972 17.9592 64.4933 -1.30854 17.9592 64.4933
30.527 6.76444 59.2157 28.237 -8.82762 60.0777 30.7873 -6.46837 59.1182 28.2256
8.86966 60.0777 29.5564 8.96976 59.4216 29.5672 -8.93515 59.4216 30.5501 -6.73528
59.2157 28.1849 -9.05403 60.0777 28.1748 9.09636 60.0777 29.0874 8.04967 59.806
30.9433 6.65403 59.0417 29.1034 -8.01245 59.806 33.3382 -10.8082 57.0944 33.3382
10.8205 57.0944 30.6894 6.94465 59.146 30.967 -6.6272 59.0417 30.7115 -6.91639
59.146 33.3382 -11.8368 56.916 33.3382 11.8491 56.916 31.5779 -0.76521 59.1182
31.5779 0.805929 59.1182 28.5078 8.41444 60.0777 28.5217 -8.37398 60.0777 28.213
-9.38168 60.0777 28.2047 9.42384 60.0777 29.4024 8.05149 59.7207 30.8587 -0.787628
59.5249 30.8587 0.828347 59.5249 29.4184 -8.01603 59.7207 30.3162 7.00716 59.3992
31.5779 -2.12224 59.1182 31.5779 2.16296 59.1182 30.338 -6.97682 59.3992 30.5835
6.33963 59.3451 30.4036 6.54334 59.4216 30.609 -6.31079 59.3451 30.4279 -6.5135
59.4216 29.4693 -9.21129 59.5493 29.46 9.24644 59.5493 30.8587 -2.09982 59.5249
30.8587 2.14054 59.5249 31.0972 -0.581733 59.4396 31.0972 0.622451 59.4396 30.4613
7.20572 59.3451 30.4819 -7.17618 59.3451 31.8158 -1.44372 59.0641 31.8158 1.48444
59.0641 28.3421 -9.59783 60.0777 28.335 9.63928 60.0777 31.0972 -2.30571 59.4396
31.0972 2.34643 59.4396 30.9968 6.22669 59.2157 30.2426 6.72973 59.5597 31.023
-6.20016 59.2157 29.6297 8.15747 59.6918 29.7173 8.78338 59.5597 29.7292 -8.74967
59.5597 28.9528 -9.63045 59.806 29.645 -8.12328 59.6918 28.9459 9.66849 59.806
30.2659 -6.69898 59.5597 29.2219 -9.49131 59.7041 29.2141 9.52784 59.7041 31.1239
6.81186 59.1182 30.8897 7.08138 59.2157 28.921 8.07376 60.0777 31.1468 -6.78603
59.1182 28.9369 -8.03561 60.0777 31.8173 -1.17196 59.1406 1.62002 -18.759 64.4739
31.8173 1.21268 59.1406 -1.63136 -18.759 64.4739 30.9111 -7.05423 59.2157 1.62002
18.7714 64.4739 -1.63136 18.7714 64.4739 31.338 -0.512031 59.4107 31.338 0.55275
59.4107 31.1972 6.36342 59.146 31.8173 -1.71549 59.1406 31.8173 1.75621 59.1406
31.2226 -6.33801 59.146 30.951 5.72047 59.3527 30.9612 -5.71496 59.3527 30.7612
6.13404 59.4216 30.4999 6.26666 59.5493 30.7878 -6.1062 59.4216 30.5259 -6.23736
59.5493 31.338 -2.37542 59.4107 31.338 2.41614 59.4107 30.6622 -1.44372 59.7967
30.6622 1.48444 59.7967 1.94421 -18.7353 64.5245 -1.95555 -18.7353 64.5245 1.94421
18.7477 64.5245 -1.95555 18.7477 64.5245 33.3382 -12.1583 57.0944 33.3382 12.1707
57.0944 28.5725 -9.69934 60.0777 28.2345 -8.99576 60.3495 28.5659 9.7395 60.0777
28.224 9.03781 60.3495 33.3382 -10.6298 57.416 33.3382 10.6422 57.416 30.7493
-0.915269 59.7967 30.7493 0.955989 59.7967 29.1388 7.99299 60.0777 29.7652 8.36843
59.7207 29.1551 -7.95606 60.0777 30.2541 6.54806 59.7041 29.7794 -8.33499 59.7207
30.6775 7.32281 59.3992 30.6975 -7.29448 59.3992 30.2784 -6.51738 59.7041 30.7493
-1.97218 59.7967 30.7493 2.0129 59.7967 31.8158 -0.925694 59.2786 31.8158 0.966413
59.2786 29.7059 8.96505 59.7041 29.7167 -8.93127 59.7041 30.8602 -0.711119 59.7967
30.8602 0.751838 59.7967 30.1948 7.14468 59.7207 31.8158 -1.96175 59.2786 30.2158
-7.11366 59.7207 31.8158 2.00247 59.2786 31.5788 -0.581733 59.4396 31.5788 0.622452
59.4396 30.1507 6.83277 59.806 30.8602 -2.17633 59.7967 31.3596 6.54363 59.2157
30.8602 2.21705 59.7967 28.3395 -8.71163 60.4514 28.3274 8.7531 60.4514 30.1735
-6.8015 59.806 31.3839 -6.51912 59.2157 31.9267 -1.44372 59.2682 31.9267 1.48444
59.2682 31.5788 -2.30572 59.4396 31.5788 2.34643 59.4396 30.3303 7.35564 59.6918
30.3501 -7.32537 59.6918 31.2091 5.98525 59.3992 28.9011 -9.68685 60.0777 28.2769
-9.30792 60.4348 28.8945 9.72517 60.0777 28.2681 9.34973 60.4348 30.9243 5.94953
59.5597 31.2366 -5.95992 59.3992 30.952 -5.9226 59.5597 29.8092 8.68035 59.806
29.8217 -8.64715 59.806 29.4674 7.97865 60.0777 29.4838 -7.94356 60.0777 31.0981
-0.484161 59.7967 31.0981 0.52488 59.7967 30.7458 5.98527 59.7041 31.4253 6.10235
59.3451 31.4092 6.1208 59.3527 30.7733 -5.95735 59.7041 31.4171 -6.11784 59.3527
31.4521 -6.07821 59.3451 31.0981 -2.40329 59.7967 31.0981 2.44401 59.7967 32.2691
-4.69099 59.0433 32.2691 4.70317 59.0433 29.1194 -9.60729 60.0777 29.1123 9.6444
60.0777 31.3031 6.96844 59.3451 31.1254 7.17402 59.4216 31.3251 -6.94361 59.3451
31.9267 -1.07005 59.423 31.9267 1.11077 59.423 28.8192 8.19032 60.4514 31.1462
-7.1482 59.4216 28.8344 -8.1516 60.4514 29.0874 8.04967 60.3495 29.1034 -8.01245
60.3495 28.327 -8.89324 60.5958 28.316 8.93477 60.5958 28.4112 -9.51963 60.4637
31.9267 -1.8174 59.423 31.9267 1.85812 59.423 28.4036 9.56068 60.4637 30.5575
7.46162 59.7207 31.8173 -0.787628 59.5249 31.8173 0.828347 59.5249 29.6983 8.07888
60.0777 30.5767 -7.43262 59.7207 29.7142 -8.04507 60.0777 31.338 -0.407664 59.7967
31.338 0.448383 59.7967 33.3382 -10.5285 57.7695 1.94421 -18.4187 64.936 -1.95555
-18.4187 64.936 33.3382 10.5409 57.7695 31.8173 -2.09982 59.5249 31.8173 2.14054
59.5249 1.94421 18.4311 64.936 30.9623 7.35854 59.5597 -1.95555 18.4311 64.936
33.3382 -12.3367 57.416 33.3382 12.349 57.416 30.9821 -7.3318 59.5597 30.8587
-0.787628 60.0684 30.8587 0.828347 60.0684 28.5733 8.47171 60.6062 28.5869 -8.43162
60.6062 30.1522 6.66462 60.0777 30.1014 6.89131 60.0777 30.1239 -6.85978 60.0777
31.338 -2.47978 59.7967 30.1759 -6.63337 60.0777 31.338 2.5205 59.7967 31.5704
6.30091 59.3992 30.8587 -2.09982 60.0684 30.8587 2.14054 60.0684 28.6378 -9.62687
60.4348 28.6308 9.66666 60.4348 31.5961 -6.27758 59.3992 30.7493 -1.07005 60.1703
30.7493 1.11077 60.1703 29.5345 -9.26892 60.0777 29.5255 9.30371 60.0777 31.483
6.76472 59.4216 29.8286 8.29431 60.0777 29.8433 -8.26123 60.0777 31.5061 -6.7409
59.4216 30.7493 -1.8174 60.1703 30.1313 7.2188 60.0777 30.7493 1.85812 60.1703
30.1519 -7.18742 60.0777 31.0141 5.84462 59.806 31.5779 -0.484161 59.7967 28.9528
-9.63045 60.3495 31.5779 0.52488 59.7967 28.9459 9.66849 60.3495 30.4344 6.2094
60.0777 31.0423 -5.8182 59.806 29.8585 8.6218 60.0777 30.4606 -6.17973 60.0777
29.8713 -8.58887 60.0777 28.489 -8.70775 60.7338 28.4769 8.74839 60.7338 29.8077
8.84849 60.0777 29.8192 -8.81529 60.0777 31.5779 -2.40329 59.7967 31.5779 2.44401
59.7967 28.9977 8.15457 60.5958 29.0131 -8.11685 60.5958 30.2616 7.43423 60.0777
31.3866 7.0414 59.5493 30.281 -7.40358 60.0777 29.4024 8.05149 60.4348 31.4082
-7.01704 59.5493 28.3991 -9.17107 60.7563 29.4184 -8.01603 60.4348 28.3896 9.2122
60.7563 31.3291 5.84645 59.7207 31.3573 -5.82178 59.7207 30.8725 7.46344 59.806
31.0972 -0.581733 60.1537 31.0972 0.622451 60.1537 30.8917 -7.4362 59.806 30.7493
-1.44372 60.3251 30.7493 1.48444 60.3251 31.1408 7.32279 59.7041 31.8158 -0.711119
59.7967 31.8158 0.751837 59.7967 31.1608 -7.29705 59.7041 28.8346 8.33909 60.7338
28.8489 -8.30045 60.7338 1.91197 -19.3083 64.9156 -1.9233 -19.3083 64.9156 31.0972
-2.30572 60.1537 1.91196 19.3206 64.9156 31.0972 2.34643 60.1537 -1.9233 19.3206
64.9156 30.8602 -0.925694 60.3147 30.8602 0.966413 60.3147 31.644 6.57834 59.5597
28.6568 8.54467 60.8103 28.67 -8.50504 60.8103 31.8158 -2.17633 59.7967 31.8158
2.21705 59.7967 31.6681 -6.55542 59.5597 30.8602 -1.96175 60.3147 30.8602 2.00247
60.3147 31.5563 5.95243 59.6918 30.8477 5.86871 60.0777 31.9267 -0.915269 59.7967
31.584 -5.92902 59.6918 31.9267 0.955988 59.7967 30.4926 7.53445 60.0777 30.5114
-7.50509 60.0777 30.8758 -5.84136 60.0777 30.1507 6.83277 60.3495 29.2219 -9.49131
60.4514 29.2141 9.52784 60.4514 30.1735 -6.8015 60.3495 31.9267 -1.97218 59.7967
31.9267 2.0129 59.7967 29.6297 8.15747 60.4637 28.543 -9.37044 60.8103 29.645
-8.12328 60.4637 28.5346 9.41076 60.8103 32.0138 -1.44372 59.7967 33.3382 -10.6298
58.123 32.0138 1.48444 59.7967 33.3382 10.6422 58.123 33.3382 -12.438 57.7695
33.3382 12.4503 57.7695 31.338 -0.512031 60.1826 31.338 0.55275 60.1826 29.8092
8.68035 60.3495 29.0432 -9.52605 60.5958 29.8217 -8.64715 60.3495 29.0356 9.56358
60.5958 31.0655 5.78794 60.0777 30.8587 -1.17196 60.4528 30.8587 1.21268 60.4528
29.7652 8.36843 60.4348 28.7586 -9.48874 60.7563 29.7794 -8.33499 60.4348 28.7508
9.52786 60.7563 31.6918 6.16338 59.7207 31.0941 -5.76181 60.0777 31.2466 0.006171
60.2748 31.338 -2.37542 60.1826 30.8587 -1.71549 60.4528 31.338 2.41614 60.1826
30.8587 1.75621 60.4528 31.7183 -6.14073 59.7207 31.6325 6.76001 59.7041 28.6112
-8.92953 60.9397 31.6556 -6.73702 59.7041 28.6004 8.96948 60.9397 30.2541 6.54806
60.4514 30.2784 -6.51738 60.4514 2.29437 -19.3909 65.0583 -2.30571 -19.3909 65.0583
2.29437 19.4032 65.0583 -2.30571 19.4032 65.0583 30.1948 7.14468 60.4348 30.8211
7.52012 60.0777 29.2825 8.1903 60.7563 30.2158 -7.11366 60.4348 31.5788 -0.581733
60.1537 31.5788 0.622451 60.1537 29.2977 -8.15417 60.7562 30.84 -7.49259 60.0777
29.7059 8.96505 60.4514 29.7167 -8.93127 60.4514 30.8602 -1.44372 60.5293 30.8602
1.48444 60.5293 31.5788 -2.30572 60.1537 29.9197 -7.67446 60.5558 31.8173 -0.787628
60.0684 31.5788 2.34643 60.1537 31.8173 0.828347 60.0684 29.9205 7.68575 60.5558
29.6036 -8.03224 60.6838 29.6064 8.04529 60.6838 31.0981 -0.76521 60.4752 31.8173
-2.09982 60.0684 31.0981 0.805929 60.4752 31.2466 -0.471277 60.4027 31.2466 0.483619
60.4027 31.8173 2.14054 60.0684 31.7359 6.4753 59.806 29.4693 -9.21129 60.6062
29.46 9.24644 60.6062 31.7606 -6.4529 59.806 31.0389 7.43935 60.0777 31.394
5.77361 60.0777 31.0981 -2.12224 60.4752 31.0583 -7.41304 60.0777 29.2073 -9.34245
60.7338 31.0981 2.16296 60.4752 29.1987 9.37907 60.7338 31.4227 -5.74931 60.0777
29.0702 8.43174 60.9397 30.3303 7.35564 60.4637 29.0841 -8.39442 60.9397 30.3501
-7.32537 60.4637 23.9496 0.006171 63.697 30.2426 6.72973 60.5958 29.7173 8.78338
60.5958 29.7292 -8.74967 60.5958 30.2659 -6.69898 60.5958 28.836 8.70125 61.0373
28.8484 -8.66262 61.0373 28.7726 -9.11064 61.0094 28.7627 9.14969 61.0094 30.7458
5.98527 60.4514 30.7733 -5.95735 60.4514 29.4987 8.30739 60.8103 29.5132 -8.27247
60.8103 31.0141 5.84462 60.3495 28.9722 -9.24849 60.9397 28.9631 9.28642 60.9397
31.0423 -5.8182 60.3495 31.4576 0.006171 60.4252 31.9267 -1.07005 60.1703 31.9267
1.11077 60.1703 30.5575 7.46162 60.4348 33.3382 -12.3367 58.123 33.3382 12.349
58.123 29.6437 8.50595 60.7563 30.5767 -7.43262 60.4348 30.4999 6.26666 60.6062
29.5564 8.96976 60.7338 29.6572 -8.47184 60.7563 29.5672 -8.93515 60.7338 31.9267
-1.8174 60.1703 31.9267 1.85812 60.1703 31.7926 0.006171 60.2748 30.5259 -6.23736
60.6062 31.625 5.87383 60.0777 33.3382 -10.8082 58.4445 33.3382 10.8205 58.4445
29.3862 -9.13786 60.8103 29.3765 9.17348 60.8103 31.6531 -5.85081 60.0777 31.338
-0.711119 60.5293 31.338 0.751837 60.5293 31.0971 -1.08668 60.6587 31.0971 1.12739
60.6587 31.4522 7.09867 60.0777 31.0971 -1.80077 60.6587 31.0971 1.84149 60.6587
31.4734 -7.07467 60.0777 30.2359 -7.31668 60.6838 30.2346 7.32621 60.6838 31.338
-2.17633 60.5293 31.338 2.21705 60.5293 30.8725 7.46344 60.3495 31.8158 -0.925694
60.3147 30.0778 -7.81416 60.7062 31.8158 0.966413 60.3147 30.0794 7.82457 60.7062
31.6251 0.006171 60.4252 30.3288 -8.03597 60.5558 30.8917 -7.4362 60.3495 30.3316
8.04498 60.5558 29.2706 8.56846 61.0094 29.2837 -8.53226 61.0094 29.8115 -8.1156
60.814 29.8147 8.12749 60.814 30.0127 -8.39375 60.6838 0.112752 -18.8511 65.5635
-0.124086 -18.8511 65.5635 31.8158 -1.96175 60.3147 31.4576 -0.39608 60.5329 31.4576
0.408421 60.5329 31.8158 2.00247 60.3147 30.0175 8.40452 60.6838 0.11275 18.8634
65.5635 -0.124088 18.8634 65.5635 31.7553 6.08926 60.0777 31.5779 -0.76521 60.4752
31.5779 0.805929 60.4752 29.0166 8.85908 61.1138 29.0281 -8.82145 61.1138 30.4036
6.54334 60.7338 31.7822 -6.06697 60.0777 29.4329 8.74867 60.9397 29.3721 -8.29415
61.0333 29.445 -8.71337 60.9397 30.4279 -6.5135 60.7338 29.3764 8.3085 61.0333
31.5779 -2.12224 60.4752 31.5779 2.16296 60.4752 29.2079 -8.98029 61.0373 29.1973
9.0169 61.0373 31.7926 -0.471277 60.4027 31.7926 0.483619 60.4027 30.3162 7.00716
60.7563 2.29437 -19.0353 65.5143 -2.30571 -19.0353 65.5143 2.29437 19.0476 65.5143
-2.30571 19.0476 65.5143 30.2033 -7.92507 60.7062 30.338 -6.97682 60.7563 31.0981
-1.44372 60.7562 31.9267 -1.44372 60.3251 31.7343 6.64345 60.0777 30.2055 7.93478
60.7062 31.0981 1.48444 60.7562 31.9267 1.48444 60.3251 31.7852 6.41675 60.0777
31.7581 -6.62103 60.0777 31.7926 0.006171 60.4252 31.8102 -6.39462 60.0777 29.937
-8.2265 60.814 29.9408 8.23769 60.814 30.9243 5.94953 60.5958 31.6251 -0.39608
60.5329 31.6251 0.408421 60.5329 0.331561 -18.9164 65.6264 -0.342896 -18.9164 65.6264
30.952 -5.9226 60.5958 0.33156 18.9287 65.6264 -0.342898 18.9287 65.6264 31.2466
-0.820795 60.7522 31.2466 0.833136 60.7522 31.3291 5.84645 60.4348 31.8173 -1.17196
60.4528 31.8173 1.21268 60.4528 31.3573 -5.82178 60.4348 30.3288 -8.03597 60.7062
31.8173 -1.71549 60.4528 31.8173 1.75621 60.4528 30.3316 8.04498 60.7062 31.338
-1.0578 60.7284 31.338 1.09852 60.7284 30.0625 -8.3374 60.814 33.3382 -11.1298
58.6229 30.067 8.34789 60.814 33.3382 11.1421 58.6229 30.7612 6.13404 60.7338
31.338 -1.82964 60.7284 30.5835 6.33963 60.8103 31.338 1.87036 60.7284 30.7878
-6.1062 60.7338 30.609 -6.31079 60.8103 33.3382 -12.1583 58.4445 31.7926 -0.39608
60.5329 31.7926 0.408421 60.5329 33.3382 12.1707 58.4445 30.3442 -7.51273 60.814
30.344 7.52166 60.814 1.91197 -19.9027 65.3937 -1.9233 -19.9027 65.3937 1.91196
19.9151 65.3937 -1.9233 19.9151 65.3937 30.4613 7.20572 60.8103 31.1408 7.32279
60.4514 31.5788 -1.08668 60.6587 31.5788 1.12739 60.6587 31.8158 -1.44372 60.5293
31.8158 1.48444 60.5293 30.4819 -7.17618 60.8103 31.1608 -7.29705 60.4514 31.5788
-1.80077 60.6587 31.5788 1.84149 60.6587 30.645 -7.67819 60.6838 30.6458 7.68544
60.6838 29.6165 -8.33626 61.1085 29.621 8.34924 61.1085 30.9623 7.35854 60.5958
0.499031 -19.037 65.7426 -0.510366 -19.037 65.7426 31.338 -1.44372 60.8327 30.4697
-7.62364 60.814 31.338 1.48444 60.8327 30.4702 7.63186 60.814 0.499029 19.0493
65.7426 -0.510367 19.0493 65.7426 30.9821 -7.3318 60.5958 30.6775 7.32281 60.7563
28.5592 -9.35208 61.5107 30.6975 -7.29448 60.7563 29.7812 -8.65567 61.0333 31.5563
5.95243 60.4637 29.7875 8.66772 61.0333 28.5694 9.37094 61.5107 33.3382 -11.8368
58.6229 33.3382 11.8491 58.6229 31.584 -5.92902 60.4637 31.4576 -0.690548 60.8274
31.4576 0.70289 60.8274 29.742 -8.44716 61.1085 31.5779 -1.44372 60.7562 31.5779
1.48444 60.7562 29.7471 8.45944 61.1085 31.7359 6.4753 60.3495 30.527 6.76444
60.9397 33.3382 -11.4833 58.7242 33.3382 11.4956 58.7242 30.5501 -6.73528 60.9397
31.7606 -6.4529 60.3495 30.5952 -7.73454 60.814 30.5963 7.74206 60.814 31.6918
6.16338 60.4348 31.7183 -6.14073 60.4348 29.8675 -8.55807 61.1085 29.8732 8.56964
61.1085 31.4576 0.006171 60.9168 31.6251 -0.690548 60.8274 31.6251 0.70289 60.8274
31.6325 6.76001 60.4514 31.2091 5.98525 60.7563 31.6556 -6.73702 60.4514 31.7926
-0.820795 60.7522 31.7926 0.833136 60.7522 31.2366 -5.95992 60.7563 30.4646 7.06301
61.0333 30.4673 -7.05476 61.0333 31.4576 -0.150245 60.9587 31.4576 0.162587 60.9587
31.3866 7.0414 60.6062 50.0722 -46.8094 3.23415 31.4082 -7.01704 60.6062 31.1254
7.17402 60.7338 31.1462 -7.1482 60.7338 -50.0835 -46.8094 3.21471 50.0722 46.8217
3.23416 0.589665 -19.1946 65.8944 -0.601 -19.1946 65.8944 50.0723 -46.8703 2.61557
30.0778 -7.81416 61.1979 -50.0835 46.8217 3.21473 30.0794 7.82457 61.1979 31.7926
-0.690548 60.8274 31.7926 0.70289 60.8274 0.589663 19.2069 65.8944 -0.601001 19.2069
65.8944 29.9742 -7.93138 61.2398 29.2874 -8.39002 61.5107 -50.0834 -46.8703 2.59612
29.9765 7.94236 61.2398 50.0723 46.8826 2.61557 30.6894 6.94465 61.0094 29.2922
8.40483 61.5107 -50.0834 46.8826 2.59613 30.7115 -6.91639 61.0094 30.9968 6.22669
60.9397 30.7627 6.49621 61.0373 31.023 -6.20016 60.9397 30.7873 -6.46837 61.0373
31.644 6.57834 60.5958 2.29437 -20.1004 65.6361 -2.30571 -20.1004 65.6361 31.6681
-6.55542 60.5958 2.29437 20.1127 65.6361 -2.30571 20.1127 65.6361 30.8897 7.08138
60.9397 50.072 -46.8703 3.85276 30.9111 -7.05423 60.9397 31.4576 -0.26475 61.0732
31.4576 0.277092 61.0732 -50.0836 -46.8703 3.83331 50.072 46.8826 3.85276 30.5392
-7.29207 61.1085 30.5378 7.29991 61.1085 30.1814 -7.69695 61.2398 30.1823 7.70679
61.2398 -50.0836 46.8826 3.83331 29.8984 -8.01718 61.3543 31.4253 6.10235 60.8103
29.9011 8.02859 61.3543 31.4521 -6.07821 60.8103 50.0725 -47.0507 2.02074 31.483
6.76472 60.7338 -50.0833 -47.0507 2.0013 50.0725 47.0631 2.02075 31.2466 -0.948726
61.2297 31.3031 6.96844 60.8103 31.2466 0.961068 61.2297 31.5061 -6.7409 60.7338
-50.0833 47.0631 2.00131 29.5451 -8.41703 61.5107 31.3251 -6.94361 60.8103 31.5704
6.30091 60.7563 29.55 8.4304 61.5107 31.5961 -6.27758 60.7563 30.6647 -7.40297
61.1085 30.6639 7.41012 61.1085 31.338 0.006171 61.2297 30.8764 -7.41628 61.0333
30.8757 7.42224 61.0333 31.338 -2.15183 61.2297 31.338 2.16417 61.2297 31.1972
6.36342 61.0094 29.6706 -8.52793 61.5107 30.9433 6.65403 61.1138 31.2226 -6.33801
61.0094 29.6762 8.5406 61.5107 30.967 -6.6272 61.1138 30.2572 -7.61115 61.3543
30.2576 7.62056 61.3543 30.7902 -7.51388 61.1085 31.4576 -0.306661 61.2297 31.4576
0.319003 61.2297 30.7901 7.52032 61.1085 0.589665 -19.3651 66.0587 -0.601 -19.3651
66.0587 31.4576 -0.798331 61.2297 31.4576 0.810673 61.2297 0.589663 19.3775 66.0587
-0.601001 19.3775 66.0587 31.3596 6.54363 60.9397 29.8707 -8.04859 61.5107 31.1239
6.81186 61.0373 50.0719 -47.0507 4.44759 29.8735 8.06015 61.5107 31.3839 -6.51912
60.9397 31.1468 -6.78603 61.0373 -50.0837 -47.0507 4.42813 50.0719 47.0631 4.44758
29.6965 -8.75153 61.5107 29.7033 8.76406 61.5107 29.9882 -7.73496 61.5107 -50.0837
47.0631 4.42813 29.9893 7.74587 61.5107 29.7961 -8.63883 61.5107 29.8023 8.65081
61.5107 31.6251 -0.798331 61.2297 31.6251 0.810673 61.2297 50.0726 -47.3438 1.47256
28.836 8.70125 62.0011 28.8484 -8.66262 62.0011 -50.0833 -47.3438 1.4531 50.0726
47.3561 1.47256 -50.0833 47.3561 1.45312 28.6112 -8.92953 62.0986 28.6004 8.96948
62.0986 29.0166 8.85908 61.9246 29.0281 -8.82145 61.9246 1.62002 -20.452 65.8354
-1.63136 -20.452 65.8354 1.62002 20.4643 65.8354 -1.63136 20.4643 65.8354 4.52095
-13.0496 67.5716 4.52095 13.062 67.5716 31.4576 -0.26475 61.3861 31.4576 0.277092
61.3861 30.285 -7.57974 61.5107 30.2852 7.589 61.5107 28.7726 -9.11064 62.0289
28.7627 9.14969 62.0289 31.7926 -0.798331 61.2297 31.7926 0.810673 61.2297 31.7926
-0.948726 61.2297 31.7926 0.961068 61.2297 29.8984 -8.01718 61.6671 29.9011 8.02859
61.6671 0.499031 -19.5227 66.2105 -0.510366 -19.5227 66.2105 30.5488 6.96667 61.5107
30.552 -6.9589 61.5107 0.499029 19.535 66.2105 -0.510367 19.535 66.2105 28.6568
8.54467 62.228 28.67 -8.50504 62.228 2.29437 -19.7026 66.1403 -2.30571 -19.7026
66.1403 2.29437 19.715 66.1403 -2.30571 19.715 66.1403 28.489 -8.70775 62.3045
28.4769 8.74839 62.3045 28.3991 -9.17107 62.2821 28.3896 9.2122 62.2821 -5.90343
-13.0496 67.5716 31.4576 -0.150245 61.5006 31.4576 0.162587 61.5006 29.0702 8.43174
62.0986 30.6087 7.21875 61.5107 30.6105 -7.2113 61.5107 29.0841 -8.39442 62.0986
50.0718 -47.3438 4.99577 29.3721 -8.29415 61.9882 29.3764 8.3085 61.9882 -50.0838
-47.3438 4.97632 50.0718 47.3561 4.99578 28.543 -9.37044 62.228 28.5346 9.41076
62.228 -50.0838 47.3561 4.97633 30.2572 -7.61115 61.6671 30.2576 7.62056 61.6671
31.4576 0.006171 61.5425 29.2706 8.56846 62.0289 29.2079 -8.98029 62.0011 29.1973
9.0169 62.0011 29.2837 -8.53226 62.0289 29.9742 -7.93138 61.7816 31.0981 -1.44372
61.72 29.9765 7.94236 61.7816 31.0981 1.48444 61.72 29.6165 -8.33626 61.913
29.621 8.34924 61.913 28.327 -8.89324 62.4426 28.316 8.93477 62.4426 28.9722
-9.24849 62.0986 28.9631 9.28642 62.0986 30.736 -7.32221 61.5107 30.7348 7.32895
61.5107 28.8346 8.33909 62.3045 28.8489 -8.30045 62.3045 23.9496 -12.3414 63.697
23.9496 12.3538 63.697 31.338 -1.44372 61.6435 31.338 1.48444 61.6435 31.2466
-0.820795 61.7071 31.2466 0.833136 61.7071 0.331561 -19.6433 66.3267 -0.342896 -19.6433
66.3267 0.33156 19.6557 66.3267 -0.342898 19.6557 66.3267 28.5733 8.47171 62.4322
28.5869 -8.43162 62.4322 30.1814 -7.69695 61.7816 50.0727 -47.7381 0.992065 30.1823
7.70679 61.7816 30.0778 -7.81416 61.8236 30.0794 7.82457 61.8236 -50.0832 -47.7381
0.972617 50.0727 47.7504 0.992065 31.4576 -0.690548 61.6319 31.4576 0.70289 61.6319
29.742 -8.44716 61.913 -50.0832 47.7504 0.972617 31.0971 -1.08668 61.8176 29.7471
8.45944 61.913 31.0971 1.12739 61.8176 30.8615 -7.43311 61.5107 30.861 7.43915
61.5107 31.0971 -1.80077 61.8176 31.0971 1.84149 61.8176 30.8602 -1.44372 61.9469
30.8602 1.48444 61.9469 30.9611 -7.32041 61.5107 30.9599 7.3259 61.5107 31.338
-1.0578 61.7479 0.112751 -19.7086 66.3896 -0.124086 -19.7086 66.3896 31.338 1.09852
61.7479 28.3395 -8.71163 62.5869 28.7586 -9.48874 62.2821 28.3274 8.7531 62.5869
28.7508 9.52786 62.2821 0.11275 19.7209 66.3896 -0.124088 19.7209 66.3896 23.9496
-12.9132 63.697 31.338 -1.82964 61.7479 23.9496 12.9359 63.697 31.338 1.87036
61.7479 29.8675 -8.55807 61.913 29.8732 8.56964 61.913 29.4329 8.74867 62.0986
31.6251 -0.690548 61.6319 31.6251 0.70289 61.6319 29.445 -8.71337 62.0986 30.8587
-1.17196 62.0234 30.8587 1.21268 62.0234 30.8587 -1.71549 62.0234 30.8587 1.75621
62.0234 29.2825 8.1903 62.2821 29.2977 -8.15417 62.2821 29.7812 -8.65567 61.9882
29.7875 8.66772 61.9882 28.2769 -9.30792 62.6036 28.2681 9.34973 62.6036 28.9977
8.15457 62.4426 29.0131 -8.11685 62.4426 31.4092 6.1208 61.5107 28.2345 -8.99576
62.6889 31.4171 -6.11784 61.5107 28.224 9.03781 62.6889 31.5779 -1.44372 61.72
31.5779 1.48444 61.72 31.7926 -0.690548 61.6319 31.7926 0.70289 61.6319 30.7493
-1.44372 62.1511 30.7493 1.48444 62.1511 29.4987 8.30739 62.228 29.5132 -8.27247
62.228 31.0981 -0.765209 62.001 31.0981 0.805929 62.001 1.94421 -20.7559 66.1699
-1.95555 -20.7559 66.1699 28.4112 -9.51963 62.5747 1.94421 20.7682 66.1699 -1.95555
20.7682 66.1699 28.4036 9.56068 62.5747 28.8192 8.19032 62.5869 28.8344 -8.1516
62.5869 31.0981 -2.12224 62.001 1.08058 -20.8723 66.1735 -1.09192 -20.8723 66.1735
31.0981 2.16296 62.001 50.0716 -47.7381 5.47626 1.08058 20.8847 66.1735 -1.09192
20.8847 66.1735 -50.0839 -47.7381 5.45682 30.8602 -0.925694 62.1615 50.0716 47.7504
5.47627 30.8602 0.966413 62.1615 -50.0839 47.7504 5.45682 30.5392 -7.29207 61.913
30.5378 7.29991 61.913 31.7926 -0.820795 61.7071 31.7926 0.833136 61.7071 29.3862
-9.13786 62.228 29.3765 9.17348 62.228 31.5788 -1.08668 61.8176 31.5788 1.12739
61.8176 31.338 -0.711119 61.9469 31.338 0.751837 61.9469 30.8602 -1.96175 62.1615
30.8602 2.00247 62.1615 30.4646 7.06301 61.9882 30.4673 -7.05476 61.9882 31.5788
-1.80077 61.8176 31.5788 1.84149 61.8176 29.2073 -9.34245 62.3045 29.1987 9.37907
62.3045 31.338 -2.17633 61.9469 29.8115 -8.1156 62.2074 31.338 2.21705 61.9469
31.4576 -0.39608 61.9264 31.4576 0.408421 61.9264 29.8147 8.12749 62.2074 29.6036
-8.03224 62.3377 29.6064 8.04529 62.3377 31.2466 -0.471277 62.0566 31.2466 0.483619
62.0566 30.6647 -7.40297 61.913 30.6639 7.41012 61.913 30.7493 -1.07005 62.3059
30.7493 1.11077 62.3059 29.6437 8.50595 62.2821 29.6572 -8.47183 62.2821 30.7493
-1.8174 62.3059 30.7493 1.85812 62.3059 28.6378 -9.62687 62.6036 28.6308 9.66666
62.6036 30.7627 6.49621 62.0011 50.0728 -48.2186 0.597729 29.0432 -9.52605 62.4426
29.0356 9.56358 62.4426 29.937 -8.2265 62.2074 -50.0831 -48.2186 0.578289 30.7873
-6.46837 62.0011 50.0728 48.2309 0.597729 30.527 6.76444 62.0986 29.9408 8.23769
62.2074 -50.0831 48.2309 0.578289 30.5501 -6.73528 62.0986 31.6251 -0.39608 61.9264
31.6251 0.408421 61.9264 29.5564 8.96976 62.3045 29.5672 -8.93515 62.3045 30.9433
6.65403 61.9246 30.967 -6.6272 61.9246 30.6894 6.94465 62.0289 30.7902 -7.51388
61.913 30.79 7.52032 61.913 31.4576 0.006171 62.0342 30.7115 -6.91639 62.0289
28.237 -8.82762 62.9606 28.2256 8.86966 62.9606 28.1849 -9.05403 62.9606 28.1748
9.09636 62.9606 29.0874 8.04967 62.6889 29.1034 -8.01245 62.6889 31.5779 -0.76521
62.001 31.5779 0.805929 62.001 30.0625 -8.3374 62.2074 31.2466 0.006171 62.1845
30.067 8.34789 62.2074 31.5779 -2.12224 62.001 31.7926 -0.39608 61.9264 31.7926
0.408421 61.9264 31.5779 2.16296 62.001 30.3442 -7.51273 62.2074 30.344 7.52166
62.2074 30.3162 7.00716 62.2821 28.5078 8.41444 62.9606 30.8587 -0.787628 62.4078
28.5217 -8.37398 62.9606 30.8587 0.828347 62.4078 30.5834 6.33963 62.228 28.213
-9.38168 62.9606 30.338 -6.97682 62.2821 28.2047 9.42384 62.9606 31.6251 0.006171
62.0342 0.375773 -21.0998 66.3564 -0.387109 -21.0998 66.3564 29.4024 8.05149 62.6036
29.4184 -8.01603 62.6036 30.0778 -7.81416 62.3152 0.375771 21.1122 66.3564 30.4036
6.54334 62.3045 -0.387111 21.1122 66.3564 30.609 -6.31079 62.228 30.0794 7.82457
62.3152 30.4279 -6.5135 62.3045 30.8764 -7.41628 61.9882 30.8757 7.42224 61.9882
29.4693 -9.21129 62.4322 29.46 9.24644 62.4322 50.9896 -47.3392 3.23438 30.8587
-2.09982 62.4078 31.0971 -0.581733 62.3225 31.0971 0.622451 62.3225 30.8587 2.14054
62.4078 31.8158 -1.44372 61.9469 31.8158 1.48444 61.9469 30.4613 7.20572 62.228
-51.0009 -47.3392 3.21458 50.9896 47.3515 3.23438 30.4819 -7.17618 62.228 50.9897
-47.3899 2.71915 -51.0009 47.3515 3.21459 30.2359 -7.31668 62.3377 30.2346 7.32621
62.3377 -51.0008 -47.3899 2.69934 24.3769 -12.9132 63.9781 50.9897 47.4023 2.71915
24.3769 12.9359 63.9781 -51.0008 47.4023 2.69935 30.9968 6.22669 62.0986 29.9197
-7.67446 62.4656 29.9205 7.68575 62.4656 30.4697 -7.62364 62.2074 30.4702 7.63186
62.2074 31.0971 -2.30572 62.3225 31.0971 2.34643 62.3225 31.023 -6.20016 62.0986
30.0127 -8.39375 62.3377 30.0175 8.40452 62.3377 30.2033 -7.92507 62.3152 30.2055
7.93478 62.3152 30.2426 6.72973 62.4426 31.7926 0.006171 62.0342 31.1239 6.81186
62.0011 29.7173 8.78338 62.4426 28.3421 -9.59783 62.9606 29.7292 -8.74967 62.4426
50.9894 -47.3899 3.74961 28.335 9.63928 62.9606 30.2659 -6.69898 62.4426 29.6297
8.15747 62.5747 31.1468 -6.78603 62.0011 29.645 -8.12328 62.5747 30.8897 7.08138
62.0986 31.8173 -1.17196 62.0234 31.8173 1.21268 62.0234 -51.001 -47.3899 3.72981
28.9528 -9.63046 62.6889 50.9894 47.4023 3.74961 29.2219 -9.49131 62.5869 28.9459
9.66849 62.6889 31.1972 6.36342 62.0289 29.2141 9.52784 62.5869 30.9111 -7.05423
62.0986 -51.001 47.4023 3.72982 31.7926 -0.471277 62.0566 31.7926 0.483619 62.0566
31.8173 -1.71549 62.0234 31.8173 1.75621 62.0234 31.2226 -6.33801 62.0289 31.338
-0.512031 62.2936 31.338 0.55275 62.2936 50.9898 -47.5402 2.22371 28.921 8.07376
62.9606 30.5952 -7.73454 62.2074 30.7612 6.13404 62.3045 30.5963 7.74206 62.2074
28.9369 -8.03561 62.9606 -51.0007 -47.5402 2.2039 50.9898 47.5526 2.22371 50.0715
-48.2186 5.87059 30.7878 -6.1062 62.3045 -51.0007 47.5526 2.20391 30.4999 6.26666
62.4322 30.3288 -8.03597 62.3152 -50.0839 -48.2186 5.85115 50.0715 48.2309 5.8706
30.3316 8.04498 62.3152 1.94421 -20.3192 66.7187 -1.95555 -20.3192 66.7187 31.338
-2.37542 62.2936 31.338 2.41614 62.2936 30.5259 -6.23736 62.4322 1.94421 20.3315
66.7187 11.5043 -13.0496 67.5716 -1.95555 20.3315 66.7187 -50.0839 48.2309 5.85115
11.5043 13.062 67.5716 4.52095 -16.8458 67.5716 4.52095 16.8581 67.5716 30.6622
-1.44372 62.6795 30.6622 1.48444 62.6795 30.6775 7.32281 62.2821 28.5725 -9.69934
62.9606 30.6975 -7.29448 62.2821 28.5659 9.7395 62.9606 30.7493 -0.915269 62.6795
30.7493 0.955988 62.6795 29.7652 8.36843 62.6036 30.2541 6.54806 62.5869 29.7794
-8.33499 62.6036 30.2784 -6.51738 62.5869 28.2345 -8.99576 63.2324 28.224 9.03781
63.2324 29.1388 7.99299 62.9606 31.8158 -0.925694 62.1615 31.8158 0.966413 62.1615
29.1551 -7.95606 62.9606 31.7926 0.006171 62.1845 50.9893 -47.5402 4.24505 30.7493
-1.97218 62.6795 30.7493 2.0129 62.6795 -51.001 -47.5402 4.22525 50.9893 47.5526
4.24506 29.7059 8.96505 62.5869 29.7167 -8.93127 62.5869 31.8158 -1.96175 62.1615
-51.001 47.5526 4.22526 31.8158 2.00247 62.1615 30.8602 -0.711119 62.6795 30.8602
0.751838 62.6795 31.5788 -0.581733 62.3225 31.5788 0.622452 62.3225 30.1948 7.14468
62.6036 31.3596 6.54363 62.0986 30.2158 -7.11366 62.6036 31.3839 -6.51912 62.0986
30.645 -7.67819 62.3377 31.9267 -1.44372 62.1511 30.6458 7.68544 62.3377 31.9267
1.48444 62.1511 50.0729 -48.7668 0.304717 30.1507 6.83277 62.6889 30.8602 -2.17633
62.6795 30.8602 2.21705 62.6795 1.2972 -21.2576 66.5785 -1.30854 -21.2576 66.5785
30.3288 -8.03597 62.4656 50.9899 -47.7843 1.76712 30.1735 -6.8015 62.6889 -50.0831
-48.7668 0.28527 31.5788 -2.30571 62.3225 30.3316 8.04498 62.4656 1.2972 21.2699
66.5785 50.0729 48.7791 0.304724 -1.30854 21.2699 66.5785 31.5788 2.34643 62.3225
-51.0007 -47.7843 1.74731 50.9899 47.7966 1.76711 -50.0831 48.7791 0.285277 -51.0007
47.7966 1.74732 31.2091 5.98525 62.2821 30.3303 7.35564 62.5747 28.3395 -8.71163
63.3343 28.3274 8.7531 63.3343 31.2366 -5.95992 62.2821 30.3501 -7.32537 62.5747
30.9243 5.94953 62.4426 30.952 -5.9226 62.4426 28.9011 -9.68685 62.9606 28.8945
9.72517 62.9606 29.8092 8.68035 62.6889 29.8217 -8.64715 62.6889 28.2769 -9.30792
63.3177 28.2681 9.34973 63.3177 29.4674 7.97865 62.9606 31.0981 -0.484161 62.6795
31.0981 0.52488 62.6795 29.4838 -7.94356 62.9606 31.4253 6.10235 62.228 30.7458
5.98527 62.5869 31.4521 -6.07821 62.228 30.7733 -5.95735 62.5869 -13.403 -12.4321
67.5716 -13.403 12.4444 67.5716 31.3031 6.96844 62.228 31.0981 -2.40329 62.6795
31.0981 2.44401 62.6795 31.3251 -6.94361 62.228 31.1254 7.17402 62.3045 31.9267
-1.07005 62.3059 31.9267 1.11077 62.3059 31.1462 -7.1482 62.3045 4.52095 -17.7978
67.5716 4.52095 17.8101 67.5716 29.1194 -9.60729 62.9606 29.1123 9.64439 62.9606
31.9267 -1.8174 62.3059 31.9267 1.85812 62.3059 50.9892 -47.7843 4.70165 -51.0011
-47.7843 4.68184 50.9892 47.7966 4.70165 -51.0011 47.7966 4.68185 31.8173 -0.787628
62.4078 31.8173 0.828347 62.4078 30.5575 7.46162 62.6036 28.8192 8.19032 63.3343
28.8344 -8.1516 63.3343 29.0874 8.04967 63.2324 30.5767 -7.43262 62.6036 29.1034
-8.01245 63.2324 28.4112 -9.51963 63.3465 28.4036 9.56068 63.3465 31.338 -0.407664
62.6795 31.338 0.448383 62.6795 28.327 -8.89324 63.4786 28.316 8.93477 63.4786
29.6983 8.07888 62.9606 31.8173 -2.09982 62.4078 31.8173 2.14054 62.4078 29.7142
-8.04507 62.9606 30.9623 7.35854 62.4426 30.9821 -7.3318 62.4426 31.5704 6.30091
62.2821 30.8587 -0.787628 62.9513 30.8587 0.828347 62.9513 -13.403 13.062 67.5716
50.99 -48.1127 1.36691 31.5961 -6.27758 62.2821 31.338 -2.47978 62.6795 31.338
2.5205 62.6795 30.1522 6.66462 62.9606 30.1014 6.89131 62.9606 -51.0006 -48.1127
1.3471 50.99 48.1251 1.3669 30.1239 -6.85978 62.9606 30.1759 -6.63337 62.9606
31.483 6.76472 62.3045 -51.0006 48.1251 1.34711 28.5733 8.47171 63.4891 28.5869
-8.43162 63.4891 30.8587 -2.09982 62.9513 30.8587 2.14054 62.9513 31.5061 -6.7409
62.3045 28.6378 -9.62687 63.3177 29.5345 -9.26892 62.9606 28.6308 9.66666 63.3177
29.5255 9.30371 62.9606 30.7493 -1.07005 63.0532 30.7493 1.11077 63.0532 29.8286
8.29431 62.9606 29.8433 -8.26123 62.9606 50.0715 -48.7668 6.1636 28.1033 -8.9492
63.6687 30.1313 7.2188 62.9606 -50.084 -48.7668 6.14416 28.1112 8.97061 63.6687
30.7493 -1.8174 63.0532 50.0715 48.7791 6.16361 30.7493 1.85812 63.0532 30.1519
-7.18742 62.9606 -50.084 48.7791 6.14417 0.451838 -21.5291 66.7996 -0.463175 -21.5291
66.7996 31.0141 5.84462 62.6889 31.5779 -0.484161 62.6795 31.5779 0.52488 62.6795
0.451837 21.5414 66.7996 -0.463177 21.5414 66.7996 31.0423 -5.8182 62.6889 24.8448
-12.4697 64.4659 30.4344 6.2094 62.9606 24.8448 12.491 64.4659 28.9528 -9.63045
63.2324 28.9459 9.66849 63.2324 29.8585 8.6218 62.9606 30.4606 -6.17973 62.9606
29.8713 -8.58887 62.9606 29.8077 8.84849 62.9606 29.8192 -8.81529 62.9606 31.5779
-2.40329 62.6795 31.5779 2.44401 62.6795 31.3866 7.0414 62.4322 0.108072 -17.671
67.9729 -0.119406 -17.671 67.9729 0.10807 17.6833 67.9729 -0.119408 17.6833 67.9729
31.4082 -7.01704 62.4322 28.489 -8.70775 63.6167 28.4769 8.74839 63.6167 31.3291
5.84645 62.6036 30.2616 7.43423 62.9606 30.281 -7.40358 62.9606 31.3573 -5.82178
62.6036 28.9977 8.15457 63.4786 29.0131 -8.11685 63.4786 29.4024 8.05149 63.3177
30.8725 7.46344 62.6889 29.4184 -8.01603 63.3177 30.8917 -7.4362 62.6889 31.1408
7.32279 62.5869 28.3991 -9.17107 63.6391 0.318234 -17.7492 68.0112 -0.329569 -17.7492
68.0112 50.9891 -48.1127 5.10186 28.3896 9.2122 63.6391 31.0971 -0.581733 63.0366
31.0971 0.622452 63.0366 0.318232 17.7616 68.0112 -0.32957 17.7616 68.0112 31.1608
-7.29705 62.5869 31.8158 -0.711119 62.6795 31.8158 0.751837 62.6795 -51.0012 -48.1127
5.08205 50.9891 48.1251 5.10186 30.7493 -1.44372 63.208 -51.0012 48.1251 5.08206
30.7493 1.48444 63.208 27.2513 -10.376 63.9781 31.644 6.57834 62.4426 27.2513
10.3882 63.9781 50.0729 -49.3616 0.124282 1.2972 -20.7911 67.1613 -1.30854 -20.7911
67.1613 -50.0831 -49.3616 0.104843 31.6681 -6.55542 62.4426 50.0729 49.3739 0.124275
1.2972 20.8034 67.1613 -1.30854 20.8034 67.1613 31.8158 -2.17633 62.6795 31.8158
2.21705 62.6795 31.0971 -2.30571 63.0366 -50.0831 49.3739 0.104843 31.0971 2.34643
63.0366 31.5563 5.95243 62.5747 30.8602 -0.925694 63.1976 30.8602 0.966413 63.1976
28.8345 8.33909 63.6167 28.8489 -8.30045 63.6167 31.584 -5.92902 62.5747 31.9267
-0.915269 62.6795 31.9267 0.955988 62.6795 30.8477 5.86871 62.9606 30.8602 -1.96175
63.1976 30.8602 2.00247 63.1976 30.4926 7.53445 62.9606 28.6568 8.54467 63.6932
28.67 -8.50504 63.6932 30.5114 -7.50509 62.9606 30.8758 -5.84136 62.9606 31.9267
-1.97218 62.6795 31.9267 2.0129 62.6795 30.1507 6.83277 63.2324 50.9901 -48.5129
1.03847 30.1735 -6.8015 63.2324 29.2219 -9.49131 63.3343 29.2141 9.52784 63.3343
0.479085 -17.8937 68.0818 -0.49042 -17.8937 68.0818 -51.0006 -48.5129 1.01867 32.0138
-1.44372 62.6795 50.9901 48.5253 1.03847 32.0138 1.48444 62.6795 0.479084 17.9061
68.0818 -0.490422 17.9061 68.0818 28.5592 -9.35208 63.6687 -51.0006 48.5253 1.01867
29.6297 8.15747 63.3465 28.8119 -8.30796 63.7049 29.645 -8.12328 63.3465 28.5694
9.37094 63.6687 28.8163 8.32543 63.7049 28.543 -9.37044 63.6932 31.338 -0.512031
63.0655 28.5346 9.41076 63.6932 31.338 0.55275 63.0655 31.6918 6.16338 62.6036
29.8092 8.68035 63.2324 29.8217 -8.64715 63.2324 31.0655 5.78794 62.9606 31.7183
-6.14073 62.6036 31.6325 6.76001 62.5869 29.0432 -9.52605 63.4786 29.0356 9.56358
63.4786 31.0941 -5.76181 62.9606 31.6556 -6.73702 62.5869 31.338 -2.37542 63.0655
30.8587 -1.17196 63.3356 29.7652 8.36843 63.3177 30.8587 1.21268 63.3356 31.338
2.41614 63.0655 29.7794 -8.33499 63.3177 -15.6684 -12.4321 67.5716 -15.6684 12.4444
67.5716 30.8587 -1.71549 63.3356 30.8587 1.75621 63.3356 30.7296 -2.15183 63.3877
30.7296 2.16417 63.3877 28.7586 -9.48874 63.6391 28.7508 9.52786 63.6391 30.2541
6.54806 63.3343 30.2784 -6.51738 63.3343 30.8211 7.52012 62.9606 31.5788 -0.581733
63.0366 31.5788 0.622451 63.0366 30.84 -7.49259 62.9606 28.6112 -8.92953 63.8226
28.6004 8.96948 63.8226 30.1948 7.14468 63.3177 30.2158 -7.11366 63.3177 29.7059
8.96505 63.3343 29.7167 -8.93127 63.3343 29.2825 8.1903 63.6391 29.2977 -8.15417
63.6391 30.836 -1.20209 63.4238 30.836 1.21443 63.4238 0.566137 -18.0826 68.174
-0.577472 -18.0826 68.174 0.566136 18.0949 68.174 -0.577474 18.0949 68.174 30.8602
-1.44372 63.4122 30.8602 1.48444 63.4122 31.8173 -0.787628 62.9513 31.8173 0.828347
62.9513 31.5788 -2.30572 63.0366 31.5788 2.34643 63.0366 31.7359 6.4753 62.6889
31.8173 -2.09982 62.9513 31.8173 2.14054 62.9513 31.7606 -6.4529 62.6889 29.135
-8.59341 63.7049 29.1409 8.60907 63.7049 31.0981 -0.76521 63.3581 31.0981 0.805929
63.3581 11.5043 -16.8458 67.5716 11.5043 16.8581 67.5716 31.0389 7.43935 62.9606
50.989 -48.5129 5.4303 31.394 5.77361 62.9606 31.0583 -7.41304 62.9606 -51.0012
-48.5129 5.4105 50.0714 -49.3616 6.34404 50.989 48.5253 5.4303 29.4693 -9.21129
63.4891 29.46 9.24644 63.4891 31.4227 -5.74931 62.9606 -50.084 -49.3616 6.3246
-51.0012 48.5253 5.4105 50.0714 49.3739 6.34405 31.0981 -2.12224 63.3581 31.0981
2.16296 63.3581 0.451839 -21.0465 67.4009 -0.463175 -21.0465 67.4009 -50.084 49.3739
6.3246 0.451838 21.0588 67.4009 -0.463176 21.0588 67.4009 30.3303 7.35564 63.3465
29.2073 -9.34245 63.6167 30.3501 -7.32537 63.3465 29.1987 9.37907 63.6167 30.2426
6.72973 63.4786 29.0702 8.43174 63.8226 29.0841 -8.39442 63.8226 29.7173 8.78338
63.4786 29.7292 -8.74967 63.4786 30.2659 -6.69898 63.4786 26.8569 -10.6937 64.4659
26.8569 10.7076 64.4659 30.7458 5.98527 63.3343 28.836 8.70125 63.9202 28.8484
-8.66262 63.9202 28.7726 -9.11064 63.8923 28.7627 9.14969 63.8923 30.7733 -5.95735
63.3343 31.0141 5.84462 63.2324 31.0423 -5.8182 63.2324 29.4987 8.30739 63.6932
0.566137 -18.287 68.2739 -0.577472 -18.287 68.2739 31.9267 -1.07005 63.0532 31.9267
1.11077 63.0532 29.5132 -8.27247 63.6932 0.566136 18.2993 68.2739 -0.577474 18.2993
68.2739 28.9722 -9.24849 63.8226 31.9267 -1.8174 63.0532 28.9631 9.28642 63.8226
31.9267 1.85812 63.0532 30.5575 7.46162 63.3177 50.9901 -48.9695 0.794401 31.625
5.87383 62.9606 30.5767 -7.43262 63.3177 -51.0005 -48.9695 0.774609 50.9901 48.9819
0.794409 31.338 0.006171 63.3877 31.6531 -5.85081 62.9606 31.267 0.006171 63.4238
30.4999 6.26666 63.4891 -51.0005 48.9819 0.774616 29.6437 8.50595 63.6391 29.5564
8.96976 63.6167 29.5672 -8.93515 63.6167 29.6572 -8.47183 63.6391 30.5259 -6.23736
63.4891 31.267 -1.20209 63.4238 31.267 1.21443 63.4238 27.2513 -12.9132 63.9781
27.2513 12.9359 63.9781 31.4522 7.09867 62.9606 31.338 -0.711119 63.4122 31.338
0.751837 63.4122 23.9993 0.006171 66.5425 29.3862 -9.13786 63.6932 29.3765 9.17348
63.6932 31.4734 -7.07467 62.9606 31.338 -2.15183 63.3877 31.338 2.16417 63.3877
50.0729 -49.9802 0.063362 31.0971 -1.08668 63.5415 31.0971 1.12739 63.5415 -50.083
-49.9802 0.043907 50.0729 49.9925 0.063362 31.8158 -0.925694 63.1976 31.8158 0.966413
63.1976 30.8725 7.46344 63.2324 -50.083 49.9925 0.043922 31.0971 -1.80077 63.5415
31.338 -2.17633 63.4122 30.8917 -7.4362 63.2324 31.0971 1.84149 63.5415 31.338
2.21705 63.4122 30.8499 0.006171 63.697 31.7553 6.08926 62.9606 31.8158 -1.96175
63.1976 31.8158 2.00247 63.1976 31.7822 -6.06697 62.9606 31.5779 -0.765209 63.3581
31.5779 0.805929 63.3581 29.2706 8.56846 63.8923 29.2837 -8.53226 63.8923 29.9882
-7.73496 63.6687 29.9893 7.74587 63.6687 29.935 -7.68798 63.7049 29.9359 7.69919
63.7049 30.4036 6.54334 63.6167 11.5043 -17.7978 67.5716 31.7343 6.64345 62.9606
30.4279 -6.5135 63.6167 11.5043 17.8101 67.5716 31.7852 6.41675 62.9606 0.479085
-18.4758 68.3662 -0.49042 -18.4758 68.3662 31.5779 -2.12224 63.3581 0.479083 18.4881
68.3662 -0.490422 18.4881 68.3662 29.0166 8.85908 63.9967 29.0281 -8.82145 63.9967
31.5779 2.16296 63.3581 29.4329 8.74867 63.8226 29.445 -8.71337 63.8226 31.7581
-6.62103 62.9606 31.9267 -1.44372 63.208 31.9267 1.48444 63.208 31.8102 -6.39462
62.9606 30.3162 7.00716 63.6391 30.338 -6.97682 63.6391 31.0981 -1.44372 63.6391
31.0981 1.48444 63.6391 26.8569 -11.9312 64.4659 29.2079 -8.98029 63.9202 29.1973
9.0169 63.9202 26.8569 11.9524 64.4659 30.9243 5.94953 63.4786 30.952 -5.9226
63.4786 51.6623 -48.4074 3.23454 -51.6736 -48.4074 3.21448 51.6623 -48.4376 2.9277
51.6623 48.4197 3.23454 -51.6736 -48.4376 2.90764 31.3291 5.84645 63.3177 -51.6736
48.4197 3.21448 51.6623 48.4499 2.9277 31.8173 -1.17196 63.3356 30.4063 6.50568
63.7049 31.8173 1.21268 63.3356 30.4121 -6.49712 63.7049 30.8499 -4.05783 63.697
30.8499 4.07018 63.697 -51.6736 48.4499 2.90764 31.3573 -5.82178 63.3177 31.8173
-1.71549 63.3356 31.8173 1.75621 63.3356 51.6622 -48.4376 3.54138 -51.6737 -48.4376
3.52133 51.6622 48.4499 3.54138 31.338 -1.0578 63.6112 31.338 1.09852 63.6112
-51.6737 48.4499 3.52133 50.989 -48.9695 5.67435 0.318234 -18.6203 68.4368 -0.329569
-18.6203 68.4368 51.6624 -48.5271 2.63265 0.318232 18.6327 68.4368 -0.32957 18.6327
68.4368 30.7612 6.13404 63.6167 -51.0013 -48.9695 5.65455 50.989 48.9819 5.67435
31.338 -1.82964 63.6112 -51.6735 -48.5271 2.61258 31.338 1.87036 63.6112 51.6624
48.5394 2.63265 30.7878 -6.1062 63.6167 -51.0013 48.9819 5.65456 30.5834 6.33963
63.6932 -51.6735 48.5394 2.61259 30.609 -6.31079 63.6932 31.1408 7.32279 63.3343
31.8158 -1.44372 63.4122 31.1608 -7.29705 63.3343 31.8158 1.48444 63.4122 31.5788
-1.08668 63.5415 31.5788 1.12739 63.5415 30.4613 7.20572 63.6932 30.4819 -7.17618
63.6932 31.5788 -1.80077 63.5415 31.5788 1.84149 63.5415 0.108071 -18.6985 68.475
-0.119407 -18.6985 68.475 51.6621 -48.5271 3.83644 0.10807 18.7109 68.475 -0.119408
18.7109 68.475 -51.6737 -48.5271 3.81638 51.6621 48.5394 3.83644 -51.6737 48.5394
3.81639 30.9623 7.35854 63.4786 30.9821 -7.3318 63.4786 51.6625 -48.6724 2.36073
31.338 -1.44372 63.7156 31.338 1.48444 63.7156 31.5563 5.95243 63.3465 30.951
5.72047 63.6687 -51.6735 -48.6724 2.34066 30.6775 7.32281 63.6391 51.6625 48.6848
2.36073 30.9612 -5.71496 63.6687 31.584 -5.92902 63.3465 30.6975 -7.29448 63.6391
-51.6735 48.6848 2.34067 50.0714 -49.9802 6.40497 50.9902 -49.4649 0.644122 -50.084
-49.9802 6.38553 50.0714 49.9925 6.40497 31.7359 6.4753 63.2324 -51.0005 -49.465
0.624315 50.9902 49.4773 0.644122 -50.084 49.9925 6.38553 31.7606 -6.4529 63.2324
30.7309 6.78932 63.7049 30.7351 -6.78256 63.7049 31.5779 -1.44372 63.6391 31.5779
1.48444 63.6391 -51.0005 49.4773 0.624323 30.527 6.76444 63.8226 31.6918 6.16338
63.3177 30.5501 -6.73528 63.8226 31.7183 -6.14073 63.3177 51.662 -48.6724 4.10837
-51.6737 -48.6724 4.08829 51.6621 48.6848 4.10837 -51.6737 48.6848 4.0883 31.6325
6.76001 63.3343 31.6556 -6.73702 63.3343 31.2091 5.98525 63.6391 31.2366 -5.95992
63.6391 51.6625 -48.868 2.12238 -51.6734 -48.868 2.10232 51.6625 48.8804 2.12238
-51.6734 48.8804 2.10232 31.3866 7.0414 63.4891 31.4082 -7.01704 63.4891 31.1254
7.17402 63.6167 50.0729 -50.5988 0.124282 31.1462 -7.1482 63.6167 -50.0831 -50.5988
0.104828 50.0729 50.6111 0.124282 -50.0831 50.6111 0.104843 30.6894 6.94465 63.8923
30.9968 6.22669 63.8226 30.7115 -6.91639 63.8923 31.644 6.57834 63.4786 31.023
-6.20016 63.8226 30.7627 6.49621 63.9202 31.6681 -6.55542 63.4786 30.7873 -6.46837
63.9202 51.662 -48.868 4.3467 -51.6738 -48.868 4.32664 51.662 48.8804 4.3467
30.8897 7.08138 63.8226 31.4092 6.1208 63.6687 31.4171 -6.11784 63.6687 -51.6738
48.8804 4.32665 30.9111 -7.05423 63.8226 50.9889 -49.465 5.82464 -51.0013 -49.465
5.80484 31.4253 6.10235 63.6932 50.9889 49.4773 5.82464 -51.0013 49.4773 5.80485
31.4521 -6.07821 63.6932 31.483 6.76472 63.6167 51.6626 -49.1064 1.92679 31.5061
-6.7409 63.6167 -51.6734 -49.1064 1.90672 31.3031 6.96844 63.6932 51.6626 49.1187
1.92679 31.3251 -6.94361 63.6932 31.5704 6.30091 63.6391 -51.6734 49.1187 1.90672
31.5961 -6.27758 63.6391 24.5904 0.006171 67.0074 31.1972 6.36342 63.8923 31.2226
-6.33801 63.8923 30.9433 6.65403 63.9967 50.9902 -49.9802 0.593376 30.967 -6.6272
63.9967 -51.0005 -49.9802 0.573569 31.3596 6.54363 63.8226 50.9902 49.9925 0.593376
23.9993 -9.78658 66.5425 23.9993 9.79892 66.5425 -51.0005 49.9925 0.573584 31.3839
-6.51912 63.8226 31.1239 6.81186 63.9202 51.6619 -49.1064 4.5423 31.1468 -6.78603
63.9202 -51.6738 -49.1064 4.52224 51.662 49.1187 4.5423 -51.6738 49.1187 4.52225
50.0714 -50.5988 6.34405 -50.084 -50.5988 6.3246 50.0714 50.6111 6.34405 -50.084
50.6111 6.3246 51.6626 -49.3783 1.78144 -51.6734 -49.3783 1.76137 51.6626 49.3906
1.78144 -51.6734 49.3906 1.76138 50.0729 -51.1936 0.304717 51.6619 -49.3783 4.68765
-50.0831 -51.1936 0.285277 50.0729 51.206 0.30471 -51.6738 -49.3783 4.66759 51.6619
49.3906 4.68765 -50.0831 51.206 0.285285 -51.6738 49.3906 4.66759 50.9889 -49.9802
5.87538 -51.0013 -49.9802 5.85559 50.9889 49.9925 5.87539 -51.0013 49.9925 5.85559
51.6626 -49.6733 1.69194 -51.6734 -49.6733 1.67187 51.6626 49.6857 1.69193 24.8796
-10.2811 66.4577 -51.6734 49.6857 1.67188 24.8796 10.2951 66.4577 50.9902 -50.4954
0.644122 -51.0005 -50.4954 0.624315 50.9902 50.5078 0.644115 -51.0005 50.5078 0.624323
24.5904 -7.60431 67.0074 24.5904 7.61666 67.0074 32.2691 -4.69099 63.9781 32.2691
4.70317 63.9781 24.4266 -9.78665 66.8236 24.4266 9.79884 66.8236 51.6619 -49.6733
4.77715 -51.6738 -49.6734 4.75709 51.6619 49.6857 4.77716 -51.6738 49.6857 4.7571
51.8457 -49.6454 3.23459 51.8457 -49.6518 3.16928 -51.8571 -49.6454 3.21446 51.8457
-49.6519 3.2999 51.8457 49.6578 3.23459 -51.8571 -49.6519 3.14914 51.8457 49.6642
3.16928 51.8457 -49.6709 3.10648 -51.8571 -49.6519 3.27977 -51.8571 49.6578 3.21446
51.8457 49.6642 3.2999 -51.8571 49.6642 3.14915 -51.857 -49.6709 3.08634 50.0715
-51.1936 6.16361 51.8458 49.6833 3.10648 -51.8571 49.6642 3.27977 51.8457 -49.6709
3.3627 -50.084 -51.1936 6.14416 -51.8571 49.6833 3.08635 50.0715 51.206 6.16361
-51.8571 -49.6709 3.34257 51.8458 -49.7018 3.0486 51.8457 49.6833 3.3627 -50.084
51.206 6.14416 -51.857 -49.7018 3.02847 -51.8571 49.6833 3.34257 51.8458 49.7142
3.04859 24.8796 -11.5749 66.4577 51.6626 -49.9802 1.66171 -51.857 49.7142 3.02847
51.8457 -49.7018 3.42058 24.8796 11.5962 66.4577 23.9993 -12.9132 66.5425 -51.6734
-49.9802 1.64165 -51.8571 -49.7018 3.40045 51.6626 49.9925 1.66171 51.8457 49.7142
3.42058 23.9993 12.9359 66.5425 51.8458 -49.7435 2.99787 -51.6734 49.9925 1.64165
-51.8571 49.7142 3.40045 -51.857 -49.7435 2.97773 51.8458 49.7558 2.99787 -51.857
49.7558 2.97775 51.8457 -49.7435 3.47131 -51.8571 -49.7435 3.45118 51.8457 49.7558
3.47131 51.8458 -49.7942 2.95623 -51.8571 49.7558 3.45119 -51.857 -49.7942 2.9361
51.8458 49.8066 2.95623 -51.857 49.8066 2.93611 51.8456 -49.7942 3.51295 -51.8571
-49.7942 3.49282 51.8457 49.8066 3.51295 51.8458 -49.8521 2.9253 -51.8571 49.8066
3.49282 -51.857 -49.8521 2.90516 51.8458 49.8644 2.9253 50.9889 -50.4954 5.82465
-51.857 49.8644 2.90517 -51.0013 -50.4954 5.80485 50.9889 50.5078 5.82465 50.0728
-51.7418 0.597736 0.108073 -16.6439 70.0609 -0.119405 -16.6439 70.0609 51.8456 -49.8521
3.54388 -51.0013 50.5078 5.80485 -50.0831 -51.7418 0.578289 0.108071 16.6562 70.061
-0.119407 16.6562 70.061 50.0728 51.7541 0.597736 -51.8571 -49.8521 3.52375 51.8456
49.8644 3.54388 -50.0831 51.7541 0.578289 51.8458 -49.9149 2.90625 -51.8571 49.8644
3.52376 -51.857 -49.9149 2.88611 51.8458 49.9272 2.90624 51.6619 -49.9802 4.80738
-51.857 49.9272 2.88612 -51.6738 -49.9802 4.78731 51.6619 49.9925 4.80738 51.8456
-49.9149 3.56294 -51.6738 49.9925 4.78731 -51.8571 -49.9149 3.5428 26.5215 0.006171
67.0074 51.8456 49.9272 3.56294 0.318235 -16.7221 70.0992 -0.329568 -16.7221 70.0992
0.318233 16.7344 70.0992 -0.329569 16.7344 70.0992 51.8458 -49.9802 2.89981 -51.8571
49.9272 3.54281 -51.857 -49.9802 2.87968 51.8458 49.9925 2.89981 -51.857 49.9925
2.87969 26.4842 -8.2278 66.5425 26.4842 8.24014 66.5425 51.8456 -49.9802 3.56937
-51.8571 -49.9802 3.54924 51.8456 49.9925 3.56937 51.6626 -50.287 1.69194 50.9901
-50.9909 0.794416 51.8458 -50.0455 2.90624 -51.8571 49.9925 3.54924 -51.6734 -50.287
1.67188 -51.0005 -50.9909 0.774609 51.6626 50.2994 1.69194 50.9901 51.0032 0.794409
-51.857 -50.0455 2.88611 51.8458 50.0579 2.90625 -51.6734 50.2994 1.67187 -51.0005
51.0032 0.774609 -51.857 50.0579 2.88612 51.8456 -50.0455 3.56294 -51.8571 -50.0455
3.54281 51.8456 50.0579 3.56294 51.8458 -50.1083 2.9253 -51.8571 50.0579 3.54281
-51.857 -50.1083 2.90516 0.479086 -16.8666 70.1698 -0.490419 -16.8666 70.1698 51.8458
50.1207 2.92529 0.479084 16.8789 70.1698 -0.49042 16.8789 70.1698 26.619 -9.18995
66.4577 -51.857 50.1207 2.90517 26.619 9.20393 66.4577 51.8456 -50.1083 3.54388
-51.8571 -50.1083 3.52375 51.8456 50.1207 3.54389 51.8458 -50.1662 2.95623 -51.8571
50.1207 3.52376 -51.857 -50.1662 2.9361 51.8458 50.1785 2.95623 -51.857 50.1785
2.93611 51.8456 -50.1662 3.51295 -51.8571 -50.1662 3.49282 51.8457 50.1785 3.51295
51.8458 -50.2169 2.99788 50.0715 -51.7418 5.87059 -51.8571 50.1785 3.49282 -51.857
-50.2169 2.97773 -50.0839 -51.7418 5.85115 51.8458 50.2293 2.99787 50.0715 51.7541
5.8706 51.6619 -50.287 4.77716 -51.857 50.2293 2.97773 -50.0839 51.7541 5.85115
-51.6738 -50.287 4.75709 51.8457 -50.2169 3.47132 51.6619 50.2994 4.77716 -51.8571
-50.2169 3.45117 -51.6738 50.2994 4.7571 51.8457 50.2293 3.47132 51.8458 -50.2586
3.04859 -51.8571 50.2293 3.45119 -51.857 -50.2586 3.02846 51.8458 50.2709 3.04859
-51.857 50.2709 3.02847 51.8457 -50.2586 3.42058 -51.8571 -50.2586 3.40045 51.8457
-50.2895 3.10648 51.8457 50.2709 3.42058 -51.857 -50.2895 3.08635 -51.8571 50.2709
3.40045 51.8458 50.3018 3.10648 0.566138 -17.0554 70.262 -0.577471 -17.0554 70.262
51.8457 -50.2895 3.3627 0.566137 17.0678 70.262 -0.577473 17.0678 70.262 24.4266
-12.9132 66.8236 -51.8571 50.3018 3.08635 51.8457 -50.3085 3.16928 -51.8571 -50.2895
3.34257 24.4266 12.9359 66.8236 51.8457 50.3018 3.3627 51.8457 -50.3085 3.29991
-51.8571 -50.3085 3.14914 51.8457 -50.315 3.23459 51.8457 50.3209 3.16928 -51.8571
50.3018 3.34258 51.6626 -50.5821 1.78144 -51.8571 -50.3085 3.27977 51.8457 50.3209
3.2999 -51.8571 -50.315 3.21446 -51.8571 50.3209 3.14914 51.8457 50.3273 3.23459
-51.6734 -50.5821 1.76138 51.6626 50.5944 1.78144 -51.8571 50.3209 3.27977 50.989
-50.9909 5.67435 -51.8571 50.3273 3.21446 -51.6734 50.5944 1.76138 -51.0013 -50.9909
5.65454 50.989 51.0032 5.67436 26.5215 -6.3929 67.0074 26.5215 6.40524 67.0074
-51.0013 51.0032 5.65456 50.0727 -52.2223 0.992065 -50.0832 -52.2223 0.972617 50.0727
52.2346 0.992065 -50.0832 52.2346 0.972617 26.619 -10.9151 66.4577 26.619 10.9364
66.4577 50.9901 -51.4474 1.03847 -51.0006 -51.4475 1.01866 0.566138 -17.2598 70.3619
-0.577471 -17.2598 70.3619 50.9901 51.4598 1.03847 0.566137 17.2722 70.3619 -0.577473
17.2722 70.3619 51.6619 -50.5821 4.68765 -51.0006 51.4598 1.01867 -51.6738 -50.5821
4.66758 51.6619 50.5944 4.68765 -51.6738 50.5944 4.66759 26.9115 -8.22788 66.8236
26.9115 8.24007 66.8236 51.6626 -50.854 1.92678 -51.6734 -50.854 1.90672 51.6626
50.8664 1.92678 -51.6734 50.8664 1.90673 50.0716 -52.2223 5.47626 -50.0839 -52.2223
5.45682 50.0716 52.2346 5.47626 -50.0839 52.2346 5.45682 0.479086 -17.4486 70.4542
-0.490419 -17.4486 70.4542 0.479084 17.461 70.4542 -0.490421 17.461 70.4542 51.6619
-50.854 4.5423 50.989 -51.4474 5.43029 -51.6738 -50.854 4.52224 51.662 50.8664
4.5423 -51.0012 -51.4475 5.4105 50.989 51.4598 5.43029 50.0726 -52.6166 1.47256
-51.6738 50.8664 4.52225 -51.0012 51.4598 5.4105 -50.0833 -52.6166 1.45311 50.0726
52.629 1.47256 -50.0833 52.629 1.45311 0.318235 -17.5932 70.5248 -0.329568 -17.5932
70.5248 0.318233 17.6055 70.5248 -0.329569 17.6055 70.5248 51.6625 -51.0924 2.12239
-51.6734 -51.0924 2.10232 51.6625 51.1047 2.12239 -51.6734 51.1047 2.10232 50.99
-51.8477 1.3669 -51.0006 -51.8477 1.3471 50.99 51.86 1.3669 0.108072 -17.6714
70.563 -0.119406 -17.6714 70.563 0.108071 17.6837 70.563 -0.119407 17.6837 70.563
-51.0006 51.86 1.3471 29.4719 0.006171 66.5425 51.662 -51.0924 4.3467 -51.6738
-51.0924 4.32665 51.662 51.1047 4.3467 -51.6738 51.1047 4.32665 50.0718 -52.6166
4.99577 -50.0838 -52.6166 4.97633 50.0718 52.629 4.99576 -50.0838 52.629 4.97633
51.6625 -51.2879 2.36073 24.1941 -12.4321 67.5716 -51.6735 -51.2879 2.34066 24.1941
12.4444 67.5716 51.6625 51.3003 2.36073 -51.6735 51.3003 2.34067 50.0725 -52.9096
2.02075 -50.0833 -52.9096 2.0013 50.0725 52.922 2.02075 -50.0833 52.922 2.0013
50.9891 -51.8477 5.10186 -51.0012 -51.8477 5.08206 50.9891 51.86 5.10186 51.662
-51.2879 4.10837 -51.0012 51.86 5.08207 -51.6737 -51.288 4.0883 51.6621 51.3003
4.10836 -51.6737 51.3003 4.08831 29.4719 -4.76273 66.5425 29.4719 4.77509 66.5425
51.6624 -51.4333 2.63265 24.1941 -13.0496 67.5716 24.1941 13.062 67.5716 28.8434
0.006171 67.0074 -51.6735 -51.4333 2.61258 51.6624 51.4456 2.63265 -51.6735 51.4456
2.61259 50.9899 -52.1761 1.76712 50.0719 -52.9096 4.44758 -51.0007 -52.1761 1.74731
50.9899 52.1885 1.76712 -50.0837 -52.9096 4.42812 50.0719 52.922 4.44758 -51.0007
52.1885 1.74732 -50.0837 52.922 4.42814 51.6621 -51.4333 3.83644 -51.6737 -51.4333
3.81638 51.6621 51.4456 3.83644 -51.6737 51.4456 3.81639 51.6623 -51.5228 2.92769
50.0723 -53.0901 2.61557 -51.6736 -51.5228 2.90764 51.6623 51.5352 2.9277 -50.0834
-53.0901 2.59612 50.0723 53.1024 2.61557 -51.6736 51.5352 2.90764 -50.0834 53.1024
2.59613 51.6622 -51.5228 3.54139 -51.6737 -51.5228 3.52133 51.6623 -51.553 3.23454
51.6622 51.5351 3.54139 28.8434 -3.98826 67.0074 28.8434 4.00062 67.0074 -51.6736
-51.553 3.21448 51.6623 51.5654 3.23454 -51.6737 51.5352 3.52133 -51.6736 51.5654
3.21448 50.072 -53.0901 3.85276 -50.0836 -53.0901 3.83331 50.072 53.1024 3.85276
50.0722 -53.151 3.23416 -50.0836 53.1024 3.83332 -50.0835 -53.151 3.21472 50.0722
53.1633 3.23416 50.9892 -52.1761 4.70164 -50.0835 53.1633 3.21473 -51.0011 -52.1761
4.68184 50.9892 52.1885 4.70164 -51.0011 52.1885 4.68185 50.9898 -52.4202 2.22371
-51.0007 -52.4202 2.2039 50.9898 52.4325 2.22371 -51.0007 52.4325 2.20392 50.9893
-52.4202 4.24505 -51.001 -52.4202 4.22524 50.9893 52.4325 4.24505 -51.001 52.4325
4.22525 50.9897 -52.5704 2.71914 -51.0008 -52.5704 2.69934 50.9897 52.5828 2.71914
-51.0008 52.5828 2.69935 50.9894 -52.5704 3.74962 -51.001 -52.5704 3.72982 50.9894
52.5828 3.74962 50.9896 -52.6212 3.23438 -51.001 52.5828 3.72982 -51.0009 -52.6212
3.21458 50.9896 52.6335 3.23438 -51.0009 52.6335 3.21459 29.8992 -5.20614 66.8236
29.8992 5.2183 66.8236 -17.0075 -7.64307 73.6824 -17.0543 -7.45736 73.7341 -16.9852
-7.8343 73.7303 -17.0075 -8.47248 73.6824 -17.0543 -8.28676 73.7341 -16.9852 -8.6637
73.7303 -18.8686 -7.82825 73.3656 24.1479 -1.78374 72.2055 24.1479 1.79609 72.2055
-17.1131 -7.32691 73.8715 -18.8723 -7.63871 73.4241 -16.9935 -7.97979 73.8649 -18.8712
-8.02167 73.4096 -14.8209 -7.05961 74.4451 -18.8686 -8.65765 73.3656 -17.1131 -8.15632
73.8715 -14.8991 -6.88197 74.4861 -18.8723 -8.46812 73.4241 -14.7804 -7.24611 74.4991
-16.9935 -8.8092 73.8649 -18.8712 -8.85107 73.4096 -14.8209 -7.88901 74.4451 -18.8813
-7.50384 73.5693 -14.8991 -7.71138 74.4861 -18.8793 -8.16715 73.5442 -17.1682 -7.28668
74.0577 -14.7804 -8.07551 74.4991 -14.9939 -6.76079 74.6114 -17.0301 -8.04056 74.0501
-18.8813 -8.33325 73.5693 -14.7882 -7.39149 74.6339 -17.1682 -8.11609 74.0577 -18.8793
-8.99655 73.5442 -14.9939 -7.5902 74.6114 -17.0301 -8.86997 74.0501 -18.8932 -7.45978
73.7623 -14.7882 -8.2209 74.6339 -18.8909 -8.2257 73.7334 -17.2048 -7.34746 74.243
-15.08 -6.72854 74.7872 -18.8932 -8.28919 73.7623 -17.0852 -8.00034 74.2364 26.2497
-1.78374 71.9405 26.2497 1.79609 71.9405 -20.4178 -7.67713 73.4387 -20.3685 -7.49314
73.4941 -14.8425 -7.45681 74.8132 -17.2048 -8.17686 74.243 -18.8909 -9.05511 73.7334
-15.08 -7.55794 74.7872 -20.4503 -7.86742 73.4844 -17.0852 -8.82974 74.2364 -20.4178
-8.50654 73.4387 -18.9048 -7.51834 73.9515 -17.2131 -7.49295 74.3776 -20.3685 -8.32255
73.4941 -14.8425 -8.28622 74.8132 -17.144 -7.86989 74.3738 -20.3155 -7.36477 73.6357
-18.9028 -8.18164 73.9265 -17.1909 -7.68417 74.4255 -20.4503 -8.69683 73.4844 -15.1342
-6.79385 74.9664 -18.9048 -8.34775 73.9515 -17.2131 -8.32235 74.3776 -17.144 -8.69929
74.3738 -14.9285 -7.42456 74.989 -20.3155 -8.19417 73.6357 -20.4571 -8.01304 73.6189
-18.9028 -9.01105 73.9265 -18.9129 -7.66382 74.0861 -15.1342 -7.62326 74.9664 -17.1909
-8.51358 74.4255 -18.9118 -8.04678 74.0717 -14.9285 -8.25396 74.989 -18.9155 -7.85724
74.1301 -20.273 -7.3264 73.8257 -20.4571 -8.84245 73.6189 -15.1421 -6.93924 75.1012
-18.9129 -8.49323 74.0861 -15.0233 -7.30338 75.1142 -18.9118 -8.87618 74.0717 -15.1015
-7.12574 75.1553 -20.273 -8.1558 73.8257 -18.9155 -8.68665 74.1301 -15.1421 -7.76865
75.1012 -20.4365 -8.07496 73.8063 -15.0233 -8.13278 75.1142 -15.1015 -7.95514 75.1553
-20.2524 -7.38831 74.013 -20.4365 -8.90436 73.8063 -20.2524 -8.21772 74.013 -20.394
-8.03659 73.9962 -20.2593 -7.53393 74.1476 -20.394 -8.86599 73.9962 26.1935 0.006171
72.7071 -20.341 -7.90821 74.1379 -21.5514 -7.08847 73.882 -21.6521 -7.25495 73.8436
-20.2917 -7.72422 74.1933 -20.2593 -8.36333 74.1476 26.5253 0.006171 72.6628 -21.4374
-6.98083 74.0036 -21.5514 -7.91788 73.882 -20.341 -8.73762 74.1379 -21.6521 -8.08436
73.8436 -21.7128 -7.43566 73.8985 26.2071 -0.490148 72.807 26.2071 0.502489 72.807
-20.2917 -8.55363 74.1933 -21.4374 -7.81024 74.0036 26.5388 -0.490148 72.7627 26.5388
0.502489 72.7627 -21.7128 -8.26507 73.8985 -21.3408 -6.96087 74.1757 -21.7169 -7.58218
74.0322 26.9705 0.006171 72.7001 26.5554 0.006171 72.8883 -21.3408 -7.79028 74.1757
4.52095 -12.4321 76.4423 4.52095 12.4444 76.4423 -21.7169 -8.41159 74.0322 26.8129
0.006171 72.8539 26.9831 -0.453511 72.7926 26.9831 0.465852 72.7926 26.5666 -0.403244
72.9706 26.5666 0.415585 72.9706 -21.2874 -7.03394 74.3522 26.2439 -0.91235 73.0843
26.2439 0.924691 73.0843 4.52095 -13.0496 76.4423 4.52095 13.062 76.4423 -21.6636
-7.65526 74.2087 27.604 0.006171 72.6155 26.8241 -0.403244 72.9363 26.8241 0.415585
72.9363 26.5756 -0.91235 73.0399 26.5756 0.924691 73.0399 -21.2874 -7.86335 74.3522
27.3207 0.006171 72.8091 -21.6636 -8.48466 74.2087 -5.90343 -13.0496 76.4423 27.6164
-0.453511 72.708 27.6164 0.465852 72.708 -21.2916 -7.18046 74.4859 26.8367 0.006171
73.0319 -21.567 -7.6353 74.3808 27.6245 0.006171 72.7685 27.0117 0.006171 73.0086
27.3315 -0.394536 72.8897 27.3315 0.406878 72.8897 26.846 -0.334609 73.1005 26.846
0.34695 73.1005 -21.2916 -8.00987 74.4859 26.5969 -0.751519 73.1994 26.5969 0.763861
73.1994 27.4422 0.006171 72.8924 -21.3522 -7.36118 74.5408 27.0171 -0.844546 73.0494
27.0171 0.856888 73.0494 -21.453 -7.52766 74.5024 -21.567 -8.46471 74.3808 27.021
-0.334609 73.0771 27.021 0.34695 73.0771 27.6352 -0.394536 72.8491 27.6352 0.406878
72.8491 26.8544 -0.751519 73.165 26.8544 0.763861 73.165 27.452 -0.356847 72.9654
27.452 0.369188 72.9654 -21.3522 -8.19058 74.5408 -21.453 -8.35706 74.5024 27.6507
-0.844546 72.9648 27.6507 0.856888 72.9648 26.8712 -0.624499 73.2909 26.8712 0.63684
73.2909 27.3614 -0.735403 73.1135 27.3614 0.747745 73.1135 26.3 -1.19205 73.5027
26.3 1.20439 73.5027 -22.4272 -6.49694 74.5209 27.0463 -0.624499 73.2675 27.0463
0.63684 73.2675 27.5475 0.006171 73.084 -22.2681 -6.41902 74.6102 -22.5653 -6.63879
74.5092 27.6651 -0.735403 73.073 27.6651 0.747745 73.073 26.6318 -1.19205 73.4584
26.6318 1.20439 73.4584 27.5551 -0.278942 73.1414 27.5551 0.291283 73.1414 27.479
-0.665655 73.1682 27.479 0.677996 73.1682 -22.4272 -7.32635 74.5209 -22.2681 -7.24843
74.6102 -22.5653 -7.4682 74.5092 -22.1307 -6.42592 74.7532 26.6432 -0.982243 73.5445
26.6432 0.994585 73.5445 -22.6456 -6.80657 74.5783 27.0691 -1.1036 73.437 27.0691
1.11594 73.437 26.9007 -0.982243 73.5102 26.9007 0.994585 73.5102 11.5043 -12.4321
76.4423 -22.1307 -7.25532 74.7532 11.5043 12.4444 76.4423 -22.6456 -7.63597 74.5783
27.5764 -0.521477 73.3006 27.5764 0.533819 73.3006 26.9098 -0.816544 73.5782 26.9098
0.828886 73.5782 -22.0519 -6.51577 74.9115 -22.6464 -6.95531 74.7095 27.0848 -0.816544
73.5548 27.0848 0.828886 73.5548 11.5043 -13.0496 76.4423 11.5043 13.062 76.4423
27.4065 -0.961221 73.4514 27.4065 0.973562 73.4514 4.52095 -16.8458 76.4423 4.52095
16.8581 76.4423 27.7024 -1.1036 73.3524 27.7024 1.11594 73.3524 -22.0519 -7.34518
74.9115 -22.6464 -7.78472 74.7095 27.5199 -0.870232 73.4743 27.5199 0.882573 73.4743
27.7103 -0.961221 73.4108 27.7103 0.973562 73.4108 27.6639 0.006171 73.4396 -22.0527
-6.66452 75.0427 27.6678 -0.138385 73.4687 27.6678 0.150727 73.4687 -22.5676 -7.04517
74.8678 27.6085 -0.682151 73.541 27.6085 0.694493 73.541 26.3655 -1.29281 73.9947
26.3655 1.30515 73.9947 -22.0527 -7.49392 75.0427 27.6786 -0.261355 73.5494 27.6786
0.273696 73.5494 -22.5676 -7.87457 74.8678 -13.403 -12.4321 76.4423 -13.403 12.4444
76.4423 -22.1329 -6.83229 75.1117 -22.4302 -7.05206 75.0108 4.52095 -17.7978 76.4423
4.52095 17.8101 76.4423 26.6972 -1.06536 73.9504 26.6972 1.07771 73.9504 26.6972
-1.29281 73.9504 26.6972 1.30515 73.9504 -22.2711 -6.97414 75.1001 -22.1329 -7.6617
75.1117 26.9547 -0.885731 73.916 26.9547 0.898072 73.916 26.9547 -1.06536 73.916
26.9547 1.07771 73.916 -22.4302 -7.88147 75.0108 -13.403 13.062 76.4423 27.6948
-0.342819 73.6713 27.6948 0.35516 73.6713 -22.2711 -7.80355 75.1001 27.1298 -0.885731
73.8926 27.1298 0.898072 73.8926 27.1297 -1.19693 73.8926 27.1297 1.20927 73.8926
27.7421 0.006171 73.6909 27.7434 -0.039263 73.7 27.7434 0.051605 73.7 27.7467
-0.077912 73.7254 27.7467 0.090254 73.7254 27.4595 -1.04257 73.8486 27.4595 1.05492
73.8486 27.7519 -0.103516 73.7637 27.7519 0.115858 73.7637 27.568 -0.943934 73.8341
27.568 0.956275 73.8341 27.6463 -0.740036 73.8236 27.6463 0.752377 73.8236 27.714
-0.372167 73.8146 27.714 0.384508 73.8146 27.7579 -0.11274 73.8087 27.7579 0.125082
73.8087 27.7633 -1.04257 73.808 27.7633 1.05492 73.808 27.7633 -1.19693 73.808
27.7633 1.20927 73.808 27.7639 -0.103516 73.8538 27.7639 0.115858 73.8538 20.639
0.006171 76.1893 27.769 -0.077912 73.8921 27.769 0.090254 73.8921 -20.6503 0.006171
76.1893 27.7724 -0.039263 73.9174 27.7724 0.051605 73.9174 27.7736 0.006171 73.9266
-22.8223 -5.74562 75.3947 27.7331 -0.342819 73.9579 27.7331 0.35516 73.9579 -23.0073
-5.79312 75.3411 27 -0.816544 74.2538 27 0.828886 74.2538 -15.6684 -12.4321
76.4423 -15.6684 12.4444 76.4423 26.7516 -0.982243 74.3562 26.7516 0.994585 74.3562
11.675 -17.4751 76.1893 8.0401 -19.418 76.1893 20.6149 -4.09552 76.1893 20.6149
4.10786 76.1893 -8.05143 -19.418 76.1893 -11.6863 -17.4751 76.1893 11.675 17.4875
76.1893 8.0401 19.4304 76.1893 -20.6263 -4.09552 76.1893 -20.6263 4.10786 76.1893
-8.05143 19.4304 76.1893 -11.6863 17.4875 76.1893 -22.661 -5.78069 75.5047 26.4314
-1.19205 74.4866 26.4314 1.20439 74.4866 -22.8223 -6.57503 75.3947 27.175 -0.816544
74.2304 27.175 0.828886 74.2304 -23.0073 -6.62252 75.3411 -23.1663 -5.91045 75.3581
27.0091 -0.982243 74.3218 27.0091 0.994585 74.3218 27.7494 -0.261355 74.0798 27.7494
0.273696 74.0798 -22.661 -6.6101 75.5047 27.684 -0.682151 74.1062 27.684 0.694493
74.1062 26.7632 -1.19205 74.4423 26.7632 1.20439 74.4423 11.5043 -16.8458 76.4423
11.5043 16.8581 76.4423 21.2011 0.006171 76.2277 -21.2124 0.006171 76.2277 -23.1663
-6.73985 75.3581 -22.5665 -5.88893 75.6414 27.616 -0.870232 74.1939 27.616 0.882573
74.1939 27.1908 -1.1036 74.3482 27.1908 1.11594 74.3482 -23.2568 -6.06617 75.4412
27.5126 -0.961221 74.2458 27.5126 0.973562 74.2458 27.7602 -0.138385 74.1605 27.7602
0.150727 74.1605 27.7641 0.006171 74.1896 -22.5665 -6.71834 75.6414 11.993 -17.9511
76.2277 8.25915 -19.9469 76.2277 21.1764 -4.20719 76.2277 21.1764 4.21954 76.2277
-8.27048 -19.9469 76.2277 -12.0043 -17.9511 76.2277 11.993 17.9634 76.2277 8.25915
19.9592 76.2277 -21.1877 -4.20719 76.2277 -21.1877 4.21954 76.2277 -8.27048 19.9592
76.2277 -12.0043 17.9634 76.2277 -23.2568 -6.89558 75.4412 27.8163 -0.961221 74.2052
27.8163 0.973562 74.2052 -22.5642 -6.04134 75.7684 15.5344 -15.5339 76.1893 18.2675
-12.2036 76.1893 20.2984 -8.40405 76.1893 4.28182 -21.5485 76.1893 -0.005669 -21.9708
76.1893 -4.29316 -21.5485 76.1893 20.2984 8.41639 76.1893 18.2675 12.2159 76.1893
-15.5457 -15.5339 76.1893 15.5344 15.5462 76.1893 27.0382 -0.624499 74.5411 -18.2788
-12.2036 76.1893 27.0382 0.63684 74.5411 -20.3097 -8.40405 76.1893 4.28182 21.5609
76.1893 -0.005669 21.9831 76.1893 -4.29316 21.5609 76.1893 -20.3097 8.41639 76.1893
-18.2788 12.2159 76.1893 -15.5457 15.5462 76.1893 -23.2545 -6.21858 75.5682 27.8242
-1.1036 74.2636 27.8242 1.11594 74.2636 11.5043 -17.7978 76.4423 11.5043 17.8101
76.4423 27.2133 -0.624499 74.5177 27.2133 0.63684 74.5177 27.7161 -0.521477 74.3466
27.7161 0.533819 74.3466 -22.5642 -6.87074 75.7684 26.7975 -0.751519 74.7014 26.7975
0.763861 74.7014 -23.2545 -7.04798 75.5682 21.2065 0.006171 76.4961 -21.2178 0.006171
76.4961 -22.6547 -6.19706 75.8516 -23.16 -6.32681 75.705 27.055 -0.751519 74.667
27.055 0.763861 74.667 18.798 -12.558 76.169 -0.005669 -22.6088 76.169 18.798
12.5704 76.169 26.4871 -0.91235 74.9051 26.4871 0.924691 74.9051 -18.8093 -12.558
76.169 -0.005669 22.6211 76.169 -18.8093 12.5704 76.169 15.6898 -16.3454 76.169
21.1076 -8.2371 76.169 4.87019 -22.1286 76.169 -4.88153 -22.1286 76.169 21.1076
8.24945 76.169 -15.7012 -16.3454 76.169 15.6898 16.3577 76.169 -21.1189 -8.2371
76.169 27.6569 -0.665655 74.5 27.6569 0.677996 74.5 4.87019 22.1409 76.169
-4.88153 22.1409 76.169 -21.1189 8.24945 76.169 -15.7012 16.3577 76.169 -22.6547
-7.02647 75.8516 -22.8137 -6.31439 75.8686 -22.9987 -6.36189 75.8149 27.0638 -0.334609
74.7314 27.0638 0.34695 74.7314 11.996 -17.9557 76.4961 8.26126 -19.9519 76.4961
21.1818 -4.20827 76.4961 21.1818 4.22061 76.4961 -8.27259 -19.9519 76.4961 -12.0074
-17.9557 76.4961 11.996 17.968 76.4961 8.26126 19.9643 76.4961 -21.1931 -4.20827
76.4961 -21.1931 4.22061 76.4961 -8.27259 19.9643 76.4961 -12.0074 17.968 76.4961
-23.16 -7.15622 75.705 15.9575 -15.957 76.2277 18.765 -12.536 76.2277 20.8512
-8.63302 76.2277 4.39855 -22.1354 76.2277 -0.005669 -22.5691 76.2277 -4.40989 -22.1354
76.2277 20.8512 8.64537 76.2277 18.765 12.5483 76.2277 -15.9688 -15.957 76.2277
15.9575 15.9693 76.2277 -18.7764 -12.536 76.2277 -20.8625 -8.63302 76.2277 4.39855
22.1477 76.2277 27.7374 -0.278942 74.5059 27.7374 0.291283 74.5059 -0.005669 22.5815
76.2277 -4.40989 22.1477 76.2277 -20.8625 8.64537 76.2277 -18.7764 12.5483 76.2277
-15.9688 15.9693 76.2277 27.5577 -0.735403 74.5836 27.5577 0.747745 74.5836 27.2388
-0.334609 74.7081 27.2388 0.34695 74.7081 26.8188 -0.91235 74.8608 26.8188 0.924691
74.8608 -22.8137 -7.1438 75.8686 27.0728 0.006171 74.8 27.2424 -0.844546 74.7359
27.2424 0.856888 74.7359 -22.9987 -7.19129 75.8149 27.745 0.006171 74.5633 27.8615
-0.735403 74.5431 27.8615 0.747745 74.5431 27.2478 0.006171 74.7767 26.8283 -0.403244
74.9301 26.8283 0.415585 74.9301 27.0857 -0.403244 74.8957 27.0857 0.415585 74.8957
27.684 -0.356847 74.7028 27.684 0.369188 74.7028 26.8391 0.006171 75.0125 27.8759
-0.844546 74.6512 27.8759 0.856888 74.6512 27.0965 0.006171 74.9781 26.5243 -0.490148
75.1823 26.5243 0.502489 75.1823 27.5876 -0.394536 74.8075 27.5876 0.406878 74.8075
19.1485 0.006171 77.4043 27.6937 0.006171 74.7758 -19.1599 0.006171 77.4043 15.9616
-15.9611 76.4961 18.7698 -12.5392 76.4961 20.8565 -8.63523 76.4961 4.39968 -22.141
76.4961 -0.005669 -22.5749 76.4961 -4.41102 -22.141 76.4961 20.8565 8.64757 76.4961
18.7698 12.5515 76.4961 -15.9729 -15.9611 76.4961 15.9616 15.9734 76.4961 -18.7811
-12.5392 76.4961 -20.8679 -8.63523 76.4961 4.39968 22.1533 76.4961 -0.005669 22.5872
76.4961 -4.41102 22.1533 76.4961 -20.8679 8.64757 76.4961 -18.7811 12.5515 76.4961
-15.9729 15.9734 76.4961 26.8561 -0.490148 75.138 26.8561 0.502489 75.138 27.2769
-0.453511 74.9926 27.2769 0.465852 74.9926 27.8914 -0.394536 74.7669 27.8914 0.406878
74.7669 27.5984 0.006171 74.8881 10.8317 -16.2131 77.4043 7.45922 -18.0157 77.4043
26.5374 0.006171 75.2822 19.1262 -3.7994 77.4043 19.1262 3.81174 77.4043 -7.47056
-18.0157 77.4043 -10.843 -16.2131 77.4043 10.8317 16.2254 77.4043 7.45922 18.028
77.4043 -19.1376 -3.7994 77.4043 -19.1376 3.81174 77.4043 -7.47056 18.028 77.4043
-10.843 16.2254 77.4043 -23.1112 -5.02937 76.2938 27.9021 0.006171 74.8475 27.289
0.006171 75.0851 26.8692 0.006171 75.2379 -22.9389 -5.09074 76.3705 -23.3077 -5.04945
76.2748 -23.1112 -5.85878 76.2938 27.9102 -0.453511 74.908 27.9102 0.465852 74.908
-22.9389 -5.92014 76.3705 -23.3077 -5.87886 76.2748 -22.8368 -5.21711 76.4844 -23.4756
-5.14561 76.3186 27.9226 0.006171 75.0005 14.4125 -14.412 77.4043 18.8325 -7.79686
77.4043 3.97228 -19.9923 77.4043 -3.98362 -19.9923 77.4043 18.8325 7.80921 77.4043
-14.4238 -14.412 77.4043 14.4125 14.4243 77.4043 -18.8439 -7.79686 77.4043 3.97228
20.0047 77.4043 -3.98362 20.0047 77.4043 -18.8439 7.80921 77.4043 -14.4238 14.4243
77.4043 -22.8368 -6.04651 76.4844 -23.4756 -5.97501 76.3186 -22.8324 -5.37462 76.6049
-23.5699 -5.29206 76.4134 -22.8324 -6.20403 76.6049 -23.5699 -6.12146 76.4134 24.6638
-1.78374 76.2967 24.6638 1.79609 76.2967 -22.9268 -5.52107 76.6998 -23.5655 -5.44957
76.534 18.7433 -17.1828 76.169 23.0498 -10.7377 76.169 3.87009 -25.1327 76.169
-3.88143 -25.1327 76.169 23.0498 10.75 76.169 -18.7546 -17.1828 76.169 18.7433
17.1952 76.169 -22.9268 -6.35048 76.6998 -23.0611 -10.7377 76.169 3.87009 25.145
76.169 -3.88143 25.145 76.169 -23.0611 10.75 76.169 -18.7546 17.1952 76.169
21.2049 -14.1663 76.169 -0.005669 -25.5036 76.169 -23.5655 -6.27898 76.534 21.2049
14.1787 76.169 -21.2163 -14.1663 76.169 -0.005669 25.516 76.169 -21.2163 14.1787
76.169 -23.0947 -5.61723 76.7436 -23.4634 -5.57594 76.6478 -23.2911 -5.63731 76.7245
-23.0947 -6.44663 76.7436 -23.4634 -6.40535 76.6478 -23.2911 -6.46671 76.7245 26.7656
-1.78374 76.0317 26.7656 1.79609 76.0317 -17.7271 -2.42096 78.6763 -22.9724 -4.42693
77.2846 -23.1461 -4.34068 77.2425 -22.9724 -5.25633 77.2846 -23.1461 -5.17008 77.2425
-22.8694 -4.57159 77.373 -23.3438 -4.33596 77.258 -17.7271 -5.80774 78.6763 -22.8694
-5.40099 77.373 -23.3438 -5.16537 77.258 -22.8646 -4.7359 77.484 -23.5126 -4.41403
77.327 -22.8646 -5.56531 77.484 -23.5126 -5.24344 77.327 -8.72835 15.2274 79.0976
-10.1287 14.479 79.0976 -22.9593 -4.87584 77.588 -23.6073 -4.55397 77.4309 -6.93473
16.5242 79.0976 -22.9593 -5.70525 77.588 -23.6073 -5.38338 77.4309 24.194 -12.4321
76.4423 24.194 12.4444 76.4423 -23.1282 -4.95391 77.6569 -23.6025 -4.71829 77.542
-12.1347 13.7448 79.0976 -23.1282 -5.78332 77.6569 24.194 -13.0496 76.4423 24.194
13.062 76.4423 -23.6025 -5.54769 77.542 -23.3259 -4.94919 77.6724 -23.4995 -4.86295
77.6304 -5.83626 17.8745 79.0976 -23.3259 -5.7786 77.6724 -23.4995 -5.69236 77.6304
-13.8677 13.5816 79.0976 -21.1139 -2.42096 78.6763 -22.7738 -3.8614 78.1782 -22.678
-4.02547 78.2354 -22.9381 -3.75034 78.1762 -22.7738 -4.69081 78.1782 -5.00909 19.4061
79.0976 -22.678 -4.85488 78.2354 -22.9381 -4.57974 78.1762 -22.6765 -4.19857 78.3323
-23.1271 -3.72202 78.2297 -21.1139 -5.80774 78.6763 -22.6765 -5.02797 78.3323 -23.1271
-4.55143 78.2297 -20.3673 -2.83368 79.089 -15.6008 13.7448 79.0976 -22.7697 -4.33432
78.4429 -23.2899 -3.78405 78.3245 -22.7697 -5.16372 78.4429 -23.2899 -4.61346 78.3245
-20.3673 -5.39502 79.089 20.4897 -14.4068 77.9396 21.0304 -13.6055 77.9396 0.477701
-25.045 77.9396 -0.489038 -25.045 77.9396 21.033 13.6139 77.9396 20.4924 14.4153
77.9396 -20.4984 -14.4106 77.9396 -21.0393 -13.6093 77.9396 0.477701 25.0573 77.9396
-0.489038 25.0573 77.9396 -21.0453 13.6123 77.9396 -20.5048 14.4138 77.9396 -21.1139
-2.83368 79.089 -22.9325 -4.39635 78.5378 -23.383 -3.91981 78.4352 -22.9325 -5.22575
78.5378 -23.383 -4.74921 78.4352 -21.1139 -5.39502 79.089 -23.1214 -4.36803 78.5913
-23.3815 -4.0929 78.5321 -23.2858 -4.25697 78.5892 -23.1214 -5.19744 78.5913 -23.3815
-4.92231 78.5321 -10.8336 19.1706 79.0999 -23.2858 -5.08637 78.5892 -12.2339 18.4221
79.0999 -22.3594 -3.46473 78.983 -22.2855 -3.6481 78.9993 -22.3594 -4.29413 78.983
-9.04002 20.4674 79.0999 -22.2855 -4.47751 78.9993 19.9901 -15.1472 78.3095 21.53
-12.8651 78.3095 1.37085 -25.045 78.3095 -1.38219 -25.045 78.3095 21.5324 12.8734
78.3095 19.9929 15.1558 78.3095 -19.9987 -15.1509 78.3095 -21.539 -12.8691 78.3095
1.37085 25.0573 78.3095 -1.38219 25.0573 78.3095 -21.5447 12.8718 78.3095 -20.0054
15.1543 78.3095 -22.4971 -3.33012 79.0307 -22.2952 -3.83111 79.0753 -22.4971 -4.15953
79.0307 -22.2952 -4.66051 79.0753 -14.24 17.6879 79.0999 -22.6617 -3.28035 79.1296
-22.3859 -3.96471 79.1905 -22.6617 -4.10976 79.1296 -22.3859 -4.79411 79.1905 -7.94156
21.8177 79.0999 -11.4732 20.4496 79.0999 -12.8735 19.7012 79.0999 -22.8091 -3.32875
79.2532 -20.1466 -3.71665 79.9546 -22.5333 -4.01311 79.3141 -22.8091 -4.15815 79.2532
-15.973 17.5248 79.0999 -20.15 -3.52603 80.0095 -21.7191 -3.49716 79.6036 -20.1457
-3.90918 80.0024 -22.5333 -4.84251 79.3141 -10.2458 21.4569 79.0999 -20.1985 -4.68751
79.9519 -20.1863 -4.49227 79.9849 -21.7467 -3.30326 79.635 -21.7191 -4.32657 79.6036
-21.7543 -3.68599 79.6531 -21.7467 -4.13266 79.635 -14.3929 19.2403 79.0999 -20.2121
-4.87291 80.0211 -22.8998 -3.46235 79.3684 -22.6979 -3.96334 79.413 -21.7543 -4.51539
79.6531 -20.155 -3.38841 80.1522 -22.8998 -4.29176 79.3684 -20.9907 -3.61709 79.934
-20.1788 -4.33952 80.1112 -22.6979 -4.79274 79.413 -20.1475 -4.05203 80.14 -21.8299
-3.15623 79.739 -22.9095 -3.64536 79.4444 -22.8356 -3.82873 79.4607 -20.9945 -4.49034
79.9356 -20.9941 -3.42648 79.9888 -21.8299 -3.98564 79.739 -20.9897 -3.80962 79.9818
-7.11438 23.3493 79.0999 -20.9824 -4.29511 79.9686 -21.843 -3.81913 79.7704 -22.9095
-4.47476 79.4444 -9.23851 22.6843 79.0999 -22.8356 -4.65813 79.4607 -20.2235 -4.99881
80.174 -21.843 -4.64854 79.7704 -21.0082 -4.67575 80.0048 19.6077 -15.7138 78.9931
21.9124 -12.2985 78.9931 2.05444 -25.045 78.9931 -2.06577 -25.045 78.9931 21.9147
12.3067 78.9931 19.6107 15.7225 78.9931 -19.6162 -15.7174 78.9931 -21.9214 -12.3025
78.9931 2.05444 25.0573 78.9931 -2.06577 25.0573 78.9931 -21.9269 12.3051 78.9931
-19.6232 15.721 78.9931 -20.9749 -4.14235 80.0949 -20.999 -3.28886 80.1316 -20.1602
-3.34066 80.3447 -20.1781 -4.27018 80.2971 -21.9463 -3.09547 79.8877 -20.9915 -3.95248
80.1194 -20.1516 -4.10695 80.3306 -15.973 19.0846 79.0999 -21.9463 -3.92488 79.8877
-17.7061 17.6879 79.0999 -21.9615 -3.86093 79.924 -21.0196 -4.80164 80.1577 -21.9615
-4.69034 79.924 -20.2297 -5.03146 80.3696 -20.9741 -4.07301 80.2808 -22.0648 -3.13727
80.0413 -21.0043 -3.24111 80.3241 -20.1643 -3.39557 80.5353 -20.1842 -4.30283 80.4926
-20.9956 -4.00739 80.31 -20.1568 -4.05919 80.5231 -8.49003 24.0846 79.0999 -22.0648
-3.96668 80.0413 -22.0779 -3.80017 80.0727 -22.0779 -4.62958 80.0727 -21.0257 -4.8343
80.3533 -20.2289 -4.96212 80.5554 -22.1535 -3.27042 80.1585 -20.1661 -3.53843 80.6729
-20.1618 -3.92157 80.6659 -20.1956 -4.42872 80.6455 -22.161 -3.65315 80.1767 -22.1535
-4.09982 80.1585 -20.9803 -4.10567 80.4764 -21.0083 -3.29602 80.5147 -17.5532 19.2403
79.0999 -20.1652 -3.73096 80.7207 -21.0008 -3.95964 80.5025 -22.1887 -3.45924 80.2081
-22.161 -4.48255 80.1767 -20.2214 -4.80937 80.6818 -22.1887 -4.28865 80.2081 -20.2093
-4.61413 80.7147 23.7642 -16.5634 78.1605 24.2557 -15.8349 78.1605 0.433756 -28.9656
78.1605 -0.445097 -28.9656 78.1605 24.2587 15.8427 78.1605 23.7673 16.5713 78.1605
-23.7725 -16.5677 78.1605 -24.2642 -15.8393 78.1605 0.433756 28.9779 78.1605 -0.445097
28.9779 78.1605 -24.2712 15.8409 78.1605 -23.7798 16.5695 78.1605 -21.025 -4.76496
80.5391 -21.0101 -3.43887 80.6523 -21.0058 -3.82202 80.6452 -20.9917 -4.23156 80.6292
-21.0092 -3.6314 80.7001 -21.0175 -4.6122 80.6655 -21.0053 -4.41697 80.6985 -8.02912
25.604 79.0999 23.31 -17.2364 78.4968 24.7099 -15.1618 78.4968 1.24571 -28.9656
78.4968 -1.25705 -28.9656 78.4968 24.7128 15.1695 78.4968 23.3132 17.2444 78.4968
-23.3182 -17.2407 78.4968 -24.7185 -15.1664 78.4968 1.24571 28.9779 78.4968 -1.25705
28.9779 78.4968 -24.7252 15.1677 78.4968 -23.3259 17.2427 78.4968 23.805 -16.5028
78.5278 24.2149 -15.8954 78.5278 0.360697 -28.9656 78.5278 -0.372037 -28.9656 78.5278
24.2179 15.9032 78.5278 23.8081 16.5107 78.5278 -23.8133 -16.5072 78.5278 -24.2233
-15.8999 78.5278 0.360697 28.9779 78.5278 -0.372037 28.9779 78.5278 -24.2304 15.9014
78.5278 -23.8207 16.5089 78.5278 -19.0726 19.7012 79.0999 19.4008 -16.0205 79.8863
22.1193 -11.9918 79.8863 2.42439 -25.045 79.8863 -2.43573 -25.045 79.8863 22.1215
12 79.8863 19.4038 16.0292 79.8863 -19.4092 -16.0241 79.8863 -22.1284 -11.9959
79.8863 2.42439 25.0573 79.8863 -2.43573 25.0573 79.8863 -22.1338 11.9983 79.8863
-19.4163 16.0278 79.8863 23.4264 -17.064 78.8082 24.5935 -15.3343 78.8082 1.03765
-28.9656 78.8082 -1.04899 -28.9656 78.8082 24.5964 15.342 78.8082 23.4296 17.0719
78.8082 -23.4346 -17.0683 78.8082 -24.6021 -15.3388 78.8082 1.03765 28.9779 78.8082
-1.04899 28.9779 78.8082 -24.6089 15.3402 78.8082 -23.4422 17.0702 78.8082 -17.7271
-2.42096 82.063 -7.87349 27.1842 79.0999 -17.7271 -5.80774 82.063 -20.3673 -2.83368
81.6503 -20.4729 20.4496 79.0999 22.9624 -17.7516 79.1183 25.0575 -14.6467 79.1183
1.86715 -28.9656 79.1183 -1.87849 -28.9656 79.1183 -3.82754 0.006102 84.1885 25.0603
14.6543 79.1183 22.9657 17.7596 79.1183 -22.9705 -17.7558 79.1183 -25.0662 -14.6513
79.1183 1.86715 28.9779 79.1183 -1.87849 28.9779 79.1183 -25.0727 14.6525 79.1183
-22.9784 17.7579 79.1183 -20.3673 -5.39502 81.6503 -21.1139 -2.83368 81.6503 23.1366
-17.4935 79.3263 24.8833 -14.9048 79.3263 1.55577 -28.9656 79.3263 -1.56711 -28.9656
79.3263 24.8861 14.9125 79.3263 23.1399 17.5015 79.3263 -23.1447 -17.4977 79.3263
-24.892 -14.9094 79.3263 1.55577 28.9779 79.3263 -1.56711 28.9779 79.3263 -24.8986
14.9106 79.3263 -23.1525 17.4997 79.3263 -21.1139 -5.39502 81.6503 -7.39626 0.005903
84.1885 -8.02912 28.7643 79.0999 -3.82754 -7.22225 84.1885 -3.82754 7.23459 84.1885
19.4008 -16.0205 80.853 22.1193 -11.9918 80.853 2.42439 -25.045 80.853 -2.43573
-25.045 80.853 22.1215 12 80.853 19.4038 16.0292 80.853 -19.4092 -16.0241
80.853 -22.1284 -11.9959 80.853 2.42439 25.0573 80.853 -2.43573 25.0573 80.853
-22.1338 11.9983 80.853 -19.4163 16.0278 80.853 5.9014 -10.3563 83.9083 -21.1139
-2.42096 82.063 -21.7003 21.4569 79.0999 -22.906 20.4674 79.0999 -6.29637 -9.04983
84.1885 -6.29637 9.06217 84.1885 0.774975 -13.0821 83.9083 -21.1139 -5.80774 82.063
11.0278 -7.63057 83.9083 22.7743 -18.0304 79.9302 25.2456 -14.3679 79.9302 2.20347
-28.9656 79.9302 -2.21481 -28.9656 79.9302 25.2483 14.3755 79.9302 22.7777 18.0384
79.9302 -22.7823 -18.0345 79.9302 -25.2543 -14.3725 79.9302 2.20347 28.9779 79.9302
-2.21481 28.9779 79.9302 -25.2607 14.3736 79.9302 -22.7903 18.0367 79.9302 -12.1532
0.006171 84.1885 12.2243 0.006171 84.1885 22.9797 -17.7259 80.0033 25.0402 -14.6724
80.0033 1.83618 -28.9656 80.0033 -1.84752 -28.9656 80.0033 25.0429 14.68 80.0033
22.983 17.7339 80.0033 -22.9878 -17.7301 80.0033 -25.0488 -14.677 80.0033 1.83618
28.9779 80.0033 -1.84752 28.9779 80.0033 -25.0554 14.6781 80.0033 -22.9957 17.7322
80.0033 -8.49003 30.2837 79.0999 10.3125 -7.22225 84.1885 10.3125 7.23459 84.1885
0.448198 -34.0494 78.0879 -0.459542 -34.0494 78.0879 0.448198 34.0617 78.0879 -0.459542
34.0617 78.0879 11.0441 -7.13623 84.1885 11.0441 7.14857 84.1885 7.37579 -13.1293
83.9083 -7.11438 31.019 79.0999 11.6643 -6.89129 84.1885 11.6643 6.90363 84.1885
12.2243 -6.09228 84.1885 12.2243 6.10462 84.1885 -10.2414 -9.04983 84.1885 -10.2414
9.06217 84.1885 12.0788 -6.5247 84.1885 12.0788 6.53704 84.1885 -22.7075 22.6843
79.0999 -10.973 -8.96318 84.1885 -10.973 8.97552 84.1885 2.24937 -15.855 83.9083
-12.1532 -7.91145 84.1885 -11.5933 -8.71641 84.1885 -12.1532 7.92379 84.1885 -11.5933
8.72875 84.1885 0.448198 -34.6529 78.0879 -0.459542 -34.6529 78.0879 0.448198 34.6652
78.0879 -0.459542 34.6652 78.0879 -12.0077 -8.34709 84.1885 -12.0077 8.35943 84.1885
12.5022 -10.4035 83.9083 -24.0045 21.8177 79.0999 19.1485 0.006171 83.335 -19.1599
0.006171 83.335 1.28684 -34.0494 78.4353 -1.29818 -34.0494 78.4353 19.6077 -15.7138
81.7462 21.9124 -12.2985 81.7462 2.05443 -25.045 81.7462 1.28684 34.0617 78.4353
-2.06577 -25.045 81.7462 -1.29818 34.0617 78.4353 21.9147 12.3067 81.7462 19.6107
15.7225 81.7462 -19.6162 -15.7174 81.7462 -21.9214 -12.3025 81.7462 2.05443 25.0573
81.7462 -2.06577 25.0573 81.7462 -21.9269 12.3051 81.7462 -19.6232 15.721 81.7462
10.8317 -16.2131 83.335 7.45922 -18.0157 83.335 19.1262 -3.7994 83.335 19.1262
3.81174 83.335 -7.47056 -18.0157 83.335 -10.843 -16.2131 83.335 10.8317 16.2254
83.335 7.45922 18.028 83.335 -19.1376 -3.7994 83.335 -19.1376 3.81174 83.335
-7.47056 18.028 83.335 -10.843 16.2254 83.335 0.360696 -34.0428 78.5278 -0.372038
-34.0428 78.5278 0.360696 34.0552 78.5278 -0.372038 34.0552 78.5278 -9.23851 31.684
79.0999 1.28684 -34.6529 78.4353 -1.29818 -34.6529 78.4353 1.28684 34.6652 78.4353
-1.29818 34.6652 78.4353 14.4125 -14.412 83.335 18.8325 -7.79686 83.335 3.97228
-19.9923 83.335 -3.98362 -19.9923 83.335 18.8325 7.80921 83.335 -14.4238 -14.412
83.335 14.4125 14.4243 83.335 22.9797 -17.7259 80.736 25.0402 -14.6724 80.736
-18.8439 -7.79686 83.335 1.83618 -28.9656 80.736 3.97228 20.0047 83.335 -1.84752
-28.9656 80.736 -3.98362 20.0047 83.335 -18.8439 7.80921 83.335 -14.4238 14.4243
83.335 25.0429 14.68 80.736 22.983 17.7339 80.736 -22.9878 -17.7301 80.736
-25.0488 -14.677 80.736 1.83618 28.9779 80.736 -1.84752 28.9779 80.736 -25.0554
14.6781 80.736 -22.9957 17.7322 80.736 -8.67017 -16.2663 83.8267 -8.90433 -16.1487
83.8267 0.36037 -34.6856 78.5294 -0.371713 -34.6856 78.5294 1.03765 -34.0428 78.8082
-1.04899 -34.0428 78.8082 0.36037 34.698 78.5294 -0.371713 34.698 78.5294 1.03765
34.0552 78.8082 -1.04899 34.0552 78.8082 8.85019 -15.9022 83.9083 -8.70539 16.4116
83.8267 -8.58777 -16.5151 83.8267 -8.95414 16.3292 83.8267 22.7743 -18.0304 80.8091
25.2456 -14.3679 80.8091 2.20347 -28.9656 80.8091 -2.21481 -28.9656 80.8091 -9.15308
-16.2311 83.8267 25.2483 14.3755 80.8091 22.7777 18.0384 80.8091 -22.7823 -18.0345
80.8091 -25.2543 -14.3725 80.8091 2.20347 28.9779 80.8091 -2.21481 28.9779 80.8091
-25.2607 14.3736 80.8091 -22.7903 18.0367 80.8091 8.88788 16.4469 83.8267 9.12204
16.3292 83.8267 -8.58777 16.6458 83.8267 -7.94156 32.5506 79.0999 -9.1883 16.4468
83.8267 8.80548 16.6956 83.8267 -8.70539 -16.7493 83.8267 -9.27071 -16.4653 83.8267
9.37079 16.4116 83.8267 -23.456 24.0846 79.0999 18.8958 0.031079 83.8461 -8.67017
16.8945 83.8267 -8.69812 15.2339 84.1476 -4.11681 -16.8941 84.1885 18.9782 -0.217671
83.8461 -8.95415 -16.8317 83.8267 -9.1883 -16.714 83.8267 -9.27071 16.6956 83.8267
19.0135 0.265239 83.8461 -10.0984 14.4855 84.1476 8.9231 16.9298 83.8267 9.48842
16.6458 83.8267 -8.90433 17.0122 83.8267 -9.15308 16.9298 83.8267 19.2124 -0.335299
83.8461 9.17185 17.0122 83.8267 -19.2468 -0.018738 83.8461 9.40601 16.8945 83.8267
19.2622 0.34764 83.8461 3.72377 -18.628 83.9083 -6.93473 16.5242 84.1476 17.4393
9.05454 83.7625 17.5911 8.84097 83.7625 -19.3292 0.230013 83.8461 -19.3645 -0.252896
83.8461 14.9562 12.9141 83.7625 14.7875 13.1146 83.7625 17.4829 9.31292 83.7625
19.4611 -0.252897 83.8461 13.9766 -13.1764 83.9083 19.4964 0.230013 83.8461 2.3109
-19.5714 83.8053 17.8495 8.79731 83.7625 -19.5634 0.347641 83.8461 2.57278 -19.5806
83.8053 19.5788 -0.018737 83.8461 -2.27811 -19.6229 83.8053 -2.53838 -19.5925 83.8053
15.2172 12.8916 83.7625 14.81 13.3757 83.7625 -19.6132 -0.335299 83.8461 1.03672
-34.6856 78.8096 -1.04807 -34.6856 78.8096 1.03672 34.698 78.8096 -1.04807 34.698
78.8096 1.92871 -34.0494 79.0771 -1.94005 -34.0494 79.0771 -12.1347 13.7448 84.1476
1.92871 34.0617 79.0771 -1.94005 34.0617 79.0771 2.11922 -19.7501 83.8053 -24.8317
23.3493 79.0999 17.6965 9.46476 83.7625 -2.11562 -19.8285 83.8053 -2.74396 -19.755
83.8053 2.75147 -19.7723 83.8053 17.8288 -9.01415 83.8053 18.0631 8.94914 83.7625
17.7112 -9.24831 83.8053 -19.8122 0.265238 83.8461 15.1454 -13.0534 83.8053 -7.10481
-16.8941 84.1885 19.9901 -15.1472 82.4298 21.53 -12.8651 82.4298 1.37085 -25.045
82.4297 -1.38219 -25.045 82.4297 21.5324 12.8734 82.4298 19.9929 15.1558 82.4298
-19.8474 -0.217671 83.8461 -19.9987 -15.1509 82.4297 -21.539 -12.8691 82.4297 1.37085
25.0573 82.4297 15.4178 13.0603 83.7625 -1.38219 25.0573 82.4297 -21.5447 12.8718
82.4297 -20.0054 15.1543 82.4297 15.0091 -13.2772 83.8053 15.0105 13.5444 83.7625
2.3109 19.9327 83.8053 17.9549 9.4211 83.7625 -19.9298 0.031079 83.8461 2.57278
19.9419 83.8053 -2.27811 19.9842 83.8053 -2.53838 19.9537 83.8053 2.11004 -20.012
83.8053 18.1067 9.20752 83.7625 15.4001 -12.9915 83.8053 18.0776 -8.93175 83.8053
17.7936 -9.49706 83.8053 -2.14608 -20.0888 83.8053 -2.77442 -20.0152 83.8053 15.4403
13.3214 83.7625 15.2716 13.5219 83.7625 2.74227 -20.0342 83.8053 2.11923 20.1113
83.8053 15.071 -13.5318 83.8053 -5.83626 17.8745 84.1476 -2.11562 20.1898 83.8053
-2.74396 20.1162 83.8053 -15.5025 -13.1178 83.8053 -18.055 -9.32313 83.8053 2.75147
20.1335 83.8053 -15.3438 -13.3263 83.8053 2.28871 -20.2037 83.8053 -18.1853 -9.09578
83.8053 2.5506 -20.2129 83.8053 -2.35166 -20.2513 83.8053 -2.61193 -20.2208 83.8053
15.6239 -13.1278 83.8053 18.3117 -9.04938 83.8053 18.0278 -9.61469 83.8053 2.11004
20.3732 83.8053 -15.7622 -13.0826 83.8053 -18.1236 -9.57603 83.8053 15.2949 -13.6681
83.8053 -15.3791 -13.586 83.8053 -18.4382 -9.02717 83.8053 -10.2458 32.9114 79.0999
-2.14608 20.45 83.8053 -2.77442 20.3765 83.8053 2.74227 20.3954 83.8053 18.3941
-9.29813 83.8053 18.2765 -9.53229 83.8053 15.6858 -13.3824 83.8053 -15.7783 13.2801
83.8053 -15.6196 13.4886 83.8053 -18.3308 9.48537 83.8053 -18.4611 9.25803 83.8053
15.5495 -13.6062 83.8053 2.28872 20.5649 83.8053 2.5506 20.5741 83.8053 -15.9707
-13.2413 83.8053 -2.35166 20.6125 83.8053 -2.61193 20.5821 83.8053 1.55577 -34.0428
79.3263 -1.56711 -34.0428 79.3263 -18.351 -9.70634 83.8053 1.55577 34.0552 79.3263
-1.56711 34.0552 79.3263 -15.5876 -13.7447 83.8053 -18.6656 -9.15748 83.8053 -16.038
13.2448 83.8053 -18.3994 9.73828 83.8053 -15.6549 13.7483 83.8053 -13.8677 13.5816
84.1476 1.92871 -34.6529 79.0771 -1.94005 -34.6529 79.0771 -18.714 9.18941 83.8053
1.92871 34.6652 79.0771 -1.94005 34.6652 79.0771 -16.0059 -13.5009 83.8053 -18.6039
-9.63772 83.8053 -15.8473 -13.7094 83.8053 -18.7342 -9.41038 83.8053 -16.2465 13.4035
83.8053 -18.6268 9.86859 83.8053 -15.8634 13.9069 83.8053 -18.9414 9.31973 83.8053
23.1366 -17.4935 81.413 24.8833 -14.9048 81.413 1.55577 -28.9656 81.413 -1.56711
-28.9656 81.413 24.8861 14.9125 81.413 23.1399 17.5015 81.413 -23.1447 -17.4977
81.413 -24.892 -14.9094 81.413 1.55577 28.9779 81.413 -1.56711 28.9779 81.413
-24.8986 14.9106 81.413 -23.1525 17.4997 81.413 -16.2818 13.6632 83.8053 -16.1231
13.8717 83.8053 -18.8797 9.79997 83.8053 -19.01 9.57263 83.8053 -8.67017 -16.2663
84.5115 -8.90433 -16.1487 84.5115 -5.00909 19.4061 84.1476 20.4897 -14.4068 82.7997
21.0304 -13.6055 82.7997 0.4777 -25.045 82.7997 -0.489039 -25.045 82.7997 21.033
13.6139 82.7997 20.4924 14.4153 82.7997 -20.4984 -14.4106 82.7997 -21.0393 -13.6093
82.7997 0.4777 25.0573 82.7997 -0.489039 25.0573 82.7997 -21.0453 13.6123 82.7997
-20.5048 14.4138 82.7997 -23.9169 25.604 79.0999 -8.70539 16.4116 84.5115 -9.04002
33.9009 79.0999 -8.58777 -16.5151 84.5115 -8.95414 16.3292 84.5115 -9.15308 -16.2311
84.5115 8.88788 16.4469 84.5115 9.12204 16.3292 84.5115 -8.58777 16.6458 84.5115
-9.1883 16.4468 84.5115 1.55438 -34.6856 79.3273 -1.56573 -34.6856 79.3273 8.80548
16.6956 84.5115 -8.70539 -16.7493 84.5115 1.55438 34.698 79.3273 -1.56573 34.698
79.3273 -9.27071 -16.4653 84.5115 9.37079 16.4116 84.5115 -4.11681 -19.8821 84.1885
18.8958 0.031079 84.5308 -8.67017 16.8945 84.5115 22.9624 -17.7516 81.621 25.0575
-14.6467 81.621 1.86715 -28.9656 81.621 -1.87849 -28.9656 81.621 25.0603 14.6543
81.621 22.9657 17.7596 81.621 -22.9705 -17.7558 81.621 -25.0662 -14.6513 81.621
1.86715 28.9779 81.621 -1.87849 28.9779 81.621 -25.0727 14.6525 81.621 -22.9784
17.7579 81.621 -8.95415 -16.8317 84.5115 18.9782 -0.217671 84.5308 -9.1883 -16.714
84.5115 -9.27071 16.6956 84.5115 19.0135 0.265239 84.5308 8.9231 16.9298 84.5115
9.48842 16.6458 84.5115 -8.90433 17.0122 84.5115 -9.15308 16.9298 84.5115 -15.6008
13.7448 84.1476 19.2124 -0.335299 84.5308 9.17185 17.0122 84.5115 -19.2468 -0.018738
84.5308 9.40601 16.8945 84.5115 19.2622 0.34764 84.5308 17.4393 9.05454 84.4472
17.5911 8.84097 84.4472 -19.3292 0.230013 84.5308 -19.3645 -0.252896 84.5308 14.9562
12.9141 84.4472 14.7875 13.1146 84.4472 17.4829 9.31292 84.4472 19.4611 -0.252897
84.5308 19.4964 0.230013 84.5308 2.3109 -19.5714 84.49 17.8495 8.79731 84.4472
-19.5634 0.347641 84.5308 2.57278 -19.5806 84.49 19.5788 -0.018737 84.5308 -2.27811
-19.6229 84.49 -2.53838 -19.5925 84.49 15.2172 12.8916 84.4472 14.81 13.3757
84.4472 -19.6132 -0.335299 84.5308 2.11922 -19.7501 84.49 -7.10481 -19.8821 84.1885
17.6965 9.46476 84.4472 -2.11562 -19.8285 84.49 -2.74396 -19.755 84.49 2.75147
-19.7723 84.49 17.8288 -9.01415 84.49 18.0631 8.94914 84.4472 17.7112 -9.24831
84.49 -19.8122 0.265238 84.5308 15.1454 -13.0534 84.49 -11.4732 33.9187 79.0999
-19.8474 -0.217671 84.5308 15.4178 13.0603 84.4472 15.0105 13.5444 84.4472 15.0091
-13.2772 84.49 2.3109 19.9327 84.49 17.9549 9.4211 84.4472 -19.9298 0.031079
84.5308 2.57278 19.9419 84.49 21.3377 0.006171 84.1885 -2.27811 19.9842 84.49
-2.53838 19.9537 84.49 -21.349 0.006171 84.1885 2.11004 -20.012 84.49 18.1067
9.20752 84.4472 15.4001 -12.9915 84.49 18.0776 -8.93175 84.49 17.7936 -9.49706
84.49 -2.14608 -20.0888 84.49 -2.77442 -20.0152 84.49 15.4403 13.3214 84.4472
15.2716 13.5219 84.4472 2.74227 -20.0342 84.49 2.11923 20.1113 84.49 15.071
-13.5318 84.49 -2.11562 20.1898 84.49 -2.74396 20.1162 84.49 -15.5025 -13.1178
84.49 2.27608 -34.0494 79.9158 -2.28743 -34.0494 79.9158 -18.055 -9.32313 84.49
2.75147 20.1335 84.49 -15.3438 -13.3263 84.49 2.27608 34.0617 79.9158 -2.28743
34.0617 79.9158 2.28871 -20.2037 84.49 -18.1853 -9.09578 84.49 23.4264 -17.064
81.9311 24.5935 -15.3343 81.9311 1.03765 -28.9656 81.9311 -1.04899 -28.9656 81.9311
24.5964 15.342 81.9311 23.4296 17.0719 81.9311 -23.4346 -17.0683 81.9311 -24.6021
-15.3388 81.9311 1.03765 28.9779 81.9311 -1.04899 28.9779 81.9311 -24.6089 15.3402
81.9311 -23.4422 17.0702 81.9311 2.5506 -20.2129 84.49 -2.35167 -20.2513 84.49
-2.61193 -20.2208 84.49 15.6239 -13.1278 84.49 18.3117 -9.04938 84.49 18.0278
-9.61469 84.49 2.11004 20.3732 84.49 -15.7622 -13.0826 84.49 -18.1236 -9.57603
84.49 15.2949 -13.6681 84.49 -15.3791 -13.586 84.49 12.0703 -18.0668 84.1885
8.3124 -20.0754 84.1885 21.3128 -4.23434 84.1885 21.3128 4.24669 84.1885 -8.32374
-20.0754 84.1885 -18.4382 -9.02717 84.49 -12.0816 -18.0668 84.1885 12.0703 18.0791
84.1885 8.3124 20.0878 84.1885 -21.3242 -4.23434 84.1885 -21.3242 4.24669 84.1885
-8.32374 20.0878 84.1885 -12.0816 18.0791 84.1885 -2.14608 20.45 84.49 -2.77443
20.3765 84.49 2.74227 20.3954 84.49 1.83618 -34.0428 80.0033 -1.84752 -34.0428
80.0033 18.3941 -9.29813 84.49 18.2765 -9.53229 84.49 1.83618 34.0552 80.0033
-1.84752 34.0552 80.0033 15.6858 -13.3824 84.49 -15.7783 13.2801 84.49 -15.6196
13.4886 84.49 -18.3308 9.48537 84.49 -18.4611 9.25803 84.49 15.5495 -13.6062
84.49 -10.8034 19.1771 84.1499 2.28872 20.5649 84.49 2.5506 20.5741 84.49
-15.9707 -13.2413 84.49 -2.35166 20.6125 84.49 -2.61193 20.5821 84.49 -18.351
-9.70634 84.49 -12.2037 18.4286 84.1499 -15.5876 -13.7447 84.49 -18.6656 -9.15748
84.49 -16.038 13.2448 84.49 -18.3994 9.73828 84.49 -15.6549 13.7483 84.49
-18.714 9.18941 84.49 -24.0726 27.1842 79.0999 -16.0059 -13.5009 84.49 -18.6039
-9.63772 84.49 -15.8473 -13.7094 84.49 -18.7342 -9.41038 84.49 -9.04002 20.4674
84.1499 -16.2465 13.4035 84.49 -18.6268 9.86859 84.49 -15.8634 13.9069 84.49
-18.9414 9.31973 84.49 -16.2818 13.6632 84.49 -16.1231 13.8717 84.49 -18.8797
9.79997 84.49 -19.01 9.57263 84.49 2.27608 -34.6529 79.9158 -2.28743 -34.6529
79.9158 2.27608 34.6652 79.9158 -2.28743 34.6652 79.9158 0.448199 -38.7063 78.0879
-0.459542 -38.7063 78.0879 -14.24 17.6879 84.1499 0.448199 38.7187 78.0879 -0.459542
38.7187 78.0879 23.805 -16.5028 82.2115 24.2149 -15.8954 82.2115 0.360696 -28.9656
82.2115 -0.372037 -28.9656 82.2115 24.2179 15.9032 82.2115 23.8081 16.5107 82.2115
-23.8133 -16.5072 82.2115 -24.2233 -15.8999 82.2115 0.360696 28.9779 82.2115 -0.372037
28.9779 82.2115 -24.2304 15.9014 82.2115 -23.8207 16.5089 82.2115 16.0603 -16.0598
84.1885 18.886 -12.6168 84.1885 20.9856 -8.68869 84.1885 4.42693 -22.278 84.1885
-0.005671 -22.7146 84.1885 -4.43827 -22.278 84.1885 20.9856 8.70103 84.1885 18.886
12.6292 84.1885 -16.0717 -16.0598 84.1885 16.0603 16.0722 84.1885 -18.8973 -12.6168
84.1885 -20.9969 -8.68869 84.1885 4.42693 22.2904 84.1885 -0.005671 22.7269 84.1885
-4.43827 22.2904 84.1885 -20.9969 8.70103 84.1885 23.31 -17.2364 82.2425 24.7099
-15.1618 82.2425 -18.8973 12.6292 84.1885 -16.0717 16.0722 84.1885 1.24571 -28.9656
82.2425 -1.25705 -28.9656 82.2425 24.7128 15.1695 82.2425 23.3132 17.2444 82.2425
-23.3182 -17.2407 82.2425 -24.7185 -15.1664 82.2425 1.24571 28.9779 82.2425 -1.25705
28.9779 82.2425 -24.7252 15.1677 82.2425 -23.3259 17.2427 82.2425 1.83454 -34.6856
80.0036 -1.84588 -34.6856 80.0036 1.83454 34.698 80.0036 -1.84588 34.698 80.0036
-7.94156 21.8177 84.1499 -12.8735 34.6672 79.0999 -12.0313 19.6368 84.2521 -11.8626
19.7484 84.2521 -11.4732 20.4496 84.1499 -10.5375 20.5385 84.2521 -10.3868 20.6647
84.2521 -12.8735 19.7012 84.1499 -13.3988 18.9938 84.2521 -13.587 18.9369 84.2521
0.448199 -39.3098 78.0879 -0.45954 -39.3098 78.0879 -15.973 17.5248 84.1499 0.448199
39.3222 78.0879 -0.45954 39.3222 78.0879 -10.2458 21.4569 84.1499 1.28684 -38.7063
78.4353 -1.29818 -38.7063 78.4353 1.28684 38.7187 78.4353 -1.29818 38.7187 78.4353
-23.9169 28.7643 79.0999 -11.9408 19.6754 84.4222 23.7642 -16.5634 82.5788 24.2557
-15.8349 82.5788 0.433755 -28.9656 82.5788 -0.445098 -28.9656 82.5788 -14.3929 19.2403
84.1499 24.2587 15.8427 82.5788 23.7673 16.5713 82.5788 -23.7725 -16.5677 82.5788
-24.2642 -15.8393 82.5788 0.433755 28.9779 82.5788 -0.445098 28.9779 82.5788 -24.2712
15.8409 82.5788 -23.7798 16.5695 82.5788 -10.4588 20.5981 84.4222 0.360371 -38.6736
78.5294 -0.371712 -38.6736 78.5294 18.798 -12.558 84.5703 -0.005671 -22.6088 84.5703
18.798 12.5704 84.5703 0.360371 38.6859 78.5294 -0.371712 38.6859 78.5294 -18.8093
-12.558 84.5703 -0.005671 22.6211 84.5703 -18.8093 12.5704 84.5703 15.6898 -16.3454
84.5703 21.1076 -8.2371 84.5703 4.87019 -22.1286 84.5703 -4.88153 -22.1286 84.5703
21.1076 8.24945 84.5703 -15.7012 -16.3454 84.5703 15.6898 16.3577 84.5703 -21.1189
-8.2371 84.5703 4.87019 22.1409 84.5703 -4.88153 22.1409 84.5703 -21.1189 8.24945
84.5703 -15.7012 16.3577 84.5703 -13.4913 18.9608 84.4222 21.4704 11.6005 84.1423
-7.11439 23.3493 84.1499 21.6222 11.3869 84.1423 18.8185 15.6605 84.1423 18.9872
15.46 84.1423 1.83618 -34.0428 80.736 -1.84752 -34.0428 80.736 1.83618 34.0552
80.736 -1.84752 34.0552 80.736 21.514 11.8589 84.1423 18.9643 -15.3872 84.1851
-19.0032 -15.3455 84.1851 -18.8445 -15.554 84.1851 21.6477 -11.3479 84.1851 21.5301
-11.5821 84.1851 -21.5557 -11.5508 84.1851 18.8281 -15.611 84.1851 -21.686 -11.3235
84.1851 2.3109 24.3881 84.1851 21.8806 11.3432 84.1423 -19.0668 15.4017 84.1851
-18.9081 15.6102 84.1851 18.841 15.9216 84.1423 19.2483 15.4375 84.1423 2.57279
24.3973 84.1851 -21.6193 11.607 84.1851 -2.53838 24.4091 84.1851 -2.27811 24.4396
84.1851 -21.7496 11.3796 84.1851 2.3109 -24.4511 84.1851 19.219 -15.3253 84.1851
2.57278 -24.4603 84.1851 -2.53838 -24.4722 84.1851 -19.2628 -15.3103 84.1851 -2.27811
-24.5027 84.1851 21.8965 -11.2655 84.1851 -18.8797 -15.8137 84.1851 -21.6243 -11.8037
84.1851 21.6125 -11.8308 84.1851 -21.9389 -11.2549 84.1851 2.11923 24.5667 84.1851
18.8899 -15.8656 84.1851 21.7276 12.0107 84.1423 -19.3265 15.3664 84.1851 2.27608
-34.0494 80.8235 -2.28743 -34.0494 80.8235 2.27608 34.0617 80.8235 -18.9434 15.8699
84.1851 -2.28743 34.0617 80.8235 -14.3929 35.1281 79.0999 -21.6879 11.8599 84.1851
2.11923 -24.6298 84.1851 -2.74396 24.5716 84.1851 -2.11562 24.6452 84.1851 1.28684
-39.3098 78.4353 -1.29818 -39.3098 78.4353 -22.0025 11.311 84.1851 2.75147 24.5889
84.1851 1.28684 39.3222 78.4353 -1.29818 39.3222 78.4353 22.0941 11.4951 84.1423
19.0415 16.0903 84.1423 -2.74396 -24.6347 84.1851 19.4488 15.6062 84.1423 -2.11562
-24.7082 84.1851 -11.1863 20.1324 84.6863 2.75147 -24.652 84.1851 -12.6905 19.2464
84.6863 19.4428 -15.4616 84.1851 -19.4714 -15.469 84.1851 22.1306 -11.3832 84.1851
21.986 11.967 84.1423 -19.0883 -15.9724 84.1851 -21.8516 -11.934 84.1851 21.8467
-11.9485 84.1851 -17.7061 17.6879 84.1499 1.03672 -38.6736 78.8096 -1.04807 -38.6736
78.8096 2.11004 24.8286 84.1851 -22.1662 -11.3852 84.1851 22.1378 11.7535 84.1423
19.1138 -16.0019 84.1851 1.03672 38.6859 78.8096 -1.04807 38.6859 78.8096 -19.535
15.5251 84.1851 19.3026 16.0678 84.1423 19.4713 15.8673 84.1423 -19.1519 16.0286
84.1851 -21.9153 11.9902 84.1851 2.11004 -24.8917 84.1851 -2.77442 24.8319 84.1851
-2.14609 24.9054 84.1851 -22.2299 11.4413 84.1851 2.74227 24.8508 84.1851 0.360696
-39.3164 78.5278 -0.372038 -39.3164 78.5278 0.360696 39.3287 78.5278 -0.372038 39.3287
78.5278 19.5047 -15.7162 84.1851 -2.77442 -24.895 84.1851 -19.5066 -15.7286 84.1851
-2.14608 -24.9685 84.1851 2.74227 -24.9139 84.1851 -19.3479 -15.9371 84.1851 22.213
-11.6319 84.1851 22.0954 -11.8661 84.1851 19.3684 -15.94 84.1851 -22.1045 -11.8654
84.1851 -9.83475 21.1755 84.6863 -22.2349 -11.6381 84.1851 2.28872 25.0203 84.1851
-19.5703 15.7848 84.1851 -19.4116 15.9933 84.1851 2.5506 25.0295 84.1851 -22.1682
11.9216 84.1851 -2.61193 25.0375 84.1851 -2.35166 25.0679 84.1851 -22.2985 11.6942
84.1851 2.28871 -25.0834 84.1851 2.5506 -25.0926 84.1851 -2.61193 -25.1005 84.1851
-23.456 30.2837 79.0999 -2.35167 -25.131 84.1851 1.83454 -34.6856 80.7357 -1.84588
-34.6856 80.7357 1.83454 34.698 80.7357 -1.84588 34.698 80.7357 -12.6013 19.2885
84.8563 -14.3432 18.8185 84.6863 -11.2872 20.0969 84.8563 -11.1202 20.1977 84.8563
-12.783 19.2134 84.8563 -8.49004 24.0846 84.1499 2.27608 -34.6529 80.8235 -2.28743
-34.6529 80.8235 2.27608 34.6652 80.8235 -2.28743 34.6652 80.8235 -9.90681 21.1088
84.8563 -9.76926 21.2492 84.8563 5.9014 -10.3563 87.2221 1.9287 -38.7063 79.0771
-1.94005 -38.7063 79.0771 1.9287 38.7187 79.0771 -1.94005 38.7187 79.0771 -15.973
35.2837 79.0999 1.03765 -39.3164 78.8082 -1.04899 -39.3164 78.8082 -3.82754 -7.22225
87.7014 -3.82754 7.23459 87.7014 1.03765 39.3287 78.8082 -1.04899 39.3287 78.8082
-14.2488 18.8458 84.8563 -7.78983 24.5 84.2521 -17.5532 19.2403 84.1499 -14.45
18.8255 84.8563 4.88797 -31.1164 82.3052 4.88797 31.1287 82.3052 -7.73256 24.6881
84.2521 5.07347 -11.7583 87.2221 7.12152 -10.6693 87.2221 -5.63204 -31.1164 82.3052
-5.63204 31.1287 82.3052 -22.7075 31.684 79.0999 0.774974 -13.0821 87.2221 3.02543
-12.8472 87.2221 11.0278 -7.63057 87.2221 1.55577 -34.0428 81.413 -1.56711 -34.0428
81.413 1.55577 34.0552 81.413 -1.56711 34.0552 81.413 1.55438 -38.6736 79.3273
-1.56573 -38.6736 79.3273 -18.2955 18.9189 84.2521 21.4704 11.6005 84.8271 1.55438
38.6859 79.3273 -1.56573 38.6859 79.3273 21.6222 11.3869 84.8271 18.8185 15.6605
84.8271 18.9872 15.46 84.8271 -7.7565 24.6798 84.4222 18.7433 -17.1828 84.5703
23.0498 -10.7377 84.5703 3.87009 -25.1327 84.5703 -3.88143 -25.1327 84.5703 -17.5532
35.1281 79.0999 23.0498 10.75 84.5703 21.514 11.8589 84.8271 -18.7546 -17.1828
84.5703 18.7433 17.1952 84.5703 -23.0611 -10.7377 84.5703 18.9643 -15.3872 84.8699
3.87009 25.145 84.5703 -3.88143 25.145 84.5703 -19.0032 -15.3455 84.8699 -23.0611
10.75 84.5703 -18.7546 17.1952 84.5703 -18.8445 -15.554 84.8699 -18.4842 18.9742
84.2521 21.6477 -11.3479 84.8699 21.5301 -11.5821 84.8699 -21.5557 -11.5508 84.8699
18.8281 -15.611 84.8699 -8.02913 25.604 84.1499 -21.686 -11.3235 84.8699 1.92871
-39.3098 79.0771 -1.94005 -39.3098 79.0771 21.2049 -14.1663 84.5703 -0.005671 -25.5036
84.5703 21.2049 14.1787 84.5703 -21.2163 -14.1663 84.5703 2.3109 24.3881 84.8699
21.8806 11.3432 84.8271 1.92871 39.3222 79.0771 -1.94005 39.3222 79.0771 -0.005671
25.516 84.5703 -21.2163 14.1787 84.5703 -19.0668 15.4017 84.8699 -18.9081 15.6102
84.8699 18.841 15.9216 84.8271 -8.11143 23.8055 84.6863 19.2483 15.4375 84.8271
2.57279 24.3973 84.8699 -21.6193 11.607 84.8699 -14.24 36.6804 79.0999 -2.53838
24.4091 84.8699 -2.27811 24.4396 84.8699 -21.7496 11.3796 84.8699 2.3109 -24.4511
84.8699 19.219 -15.3253 84.8699 2.57278 -24.4603 84.8699 -2.53838 -24.4722 84.8699
-19.2628 -15.3103 84.8699 -2.27811 -24.5027 84.8699 21.8965 -11.2655 84.8699 -18.8797
-15.8137 84.8699 -21.6243 -11.8037 84.8699 21.6125 -11.8308 84.8699 -21.7003 32.9114
79.0999 -21.9389 -11.2549 84.8699 2.11923 24.5667 84.8699 18.8899 -15.8656 84.8699
21.7276 12.0107 84.8271 -19.3265 15.3664 84.8699 -18.9434 15.8699 84.8699 -21.6879
11.8599 84.8699 2.11923 -24.6298 84.8699 -2.74396 24.5716 84.8699 -2.11562 24.6452
84.8699 -22.0025 11.311 84.8699 2.75147 24.5889 84.8699 22.0941 11.4951 84.8271
19.0415 16.0903 84.8271 -2.74396 -24.6347 84.8699 19.4488 15.6062 84.8271 -2.11562
-24.7082 84.8699 2.75147 -24.652 84.8699 19.4428 -15.4616 84.8699 -6.29637 -9.43807
87.7014 -6.29637 9.45041 87.7014 -19.4714 -15.469 84.8699 21.986 11.967 84.8271
22.1306 -11.3832 84.8699 -19.0726 34.6672 79.0999 -19.0883 -15.9724 84.8699 -21.8516
-11.934 84.8699 21.8467 -11.9485 84.8699 2.11003 24.8286 84.8699 22.1378 11.7535
84.8271 -22.1662 -11.3852 84.8699 -18.391 18.9418 84.4222 19.1138 -16.0019 84.8699
-19.535 15.5251 84.8699 19.3026 16.0678 84.8271 -20.4729 33.9187 79.0999 19.4713
15.8673 84.8271 -19.1519 16.0286 84.8699 -21.9153 11.9902 84.8699 2.11003 -24.8917
84.8699 -2.77442 24.8319 84.8699 -2.14609 24.9054 84.8699 -22.2299 11.4413 84.8699
2.74227 24.8508 84.8699 -8.17655 23.7206 84.8563 19.5047 -15.7162 84.8699 -2.77442
-24.895 84.8699 -19.5066 -15.7286 84.8699 -2.14608 -24.9685 84.8699 2.74227 -24.9139
84.8699 -19.3479 -15.9371 84.8699 -17.5643 18.7431 84.6863 22.213 -11.6319 84.8699
1.92871 -34.0494 81.6622 -1.94005 -34.0494 81.6622 22.0954 -11.8661 84.8699 19.3684
-15.94 84.8699 -22.1045 -11.8654 84.8699 1.92871 34.0617 81.6622 -1.94005 34.0617
81.6622 -22.2349 -11.6381 84.8699 -19.0726 19.7012 84.1499 1.55438 -34.6856 81.412
-1.56573 -34.6856 81.412 2.28872 25.0203 84.8699 1.55438 34.698 81.412 -1.56573
34.698 81.412 -19.5703 15.7848 84.8699 -19.4116 15.9933 84.8699 -24.8317 31.019
79.0999 2.5506 25.0295 84.8699 8.19727 -12.6925 87.2221 -22.1682 11.9216 84.8699
-2.61193 25.0375 84.8699 -2.35166 25.0679 84.8699 -22.2985 11.6942 84.8699 2.28871
-25.0834 84.8699 2.5506 -25.0926 84.8699 -12.1532 0.006171 87.7014 -2.61193 -25.1005
84.8699 -2.35167 -25.131 84.8699 -7.50759 26.1824 84.2521 1.55577 -39.3164 79.3263
-1.56711 -39.3164 79.3263 12.2243 0.006171 87.7014 -8.08168 23.9862 84.8563 1.55577
39.3287 79.3263 -1.56711 39.3287 79.3263 4.10118 -14.8704 87.2221 10.3125 -7.22225
87.7014 10.3125 7.23459 87.7014 -7.50669 26.4716 84.2521 -17.4666 18.7296 84.8563
2.24937 -15.855 87.2221 11.0441 -7.13623 87.7014 11.0441 7.14857 87.7014 -17.6598
18.7661 84.8563 -7.49722 26.6566 84.2521 -15.973 36.8435 79.0999 12.5022 -10.4035
87.2221 1.03765 -34.0428 81.9311 -1.04899 -34.0428 81.9311 1.92871 -34.6529 81.6622
-1.94005 -34.6529 81.6622 1.03765 34.0552 81.9311 -1.04899 34.0552 81.9311 1.92871
34.6652 81.6622 -1.94005 34.6652 81.6622 -7.54917 25.4174 84.6863 11.6643 -6.89129
87.7014 11.6643 6.90363 87.7014 -7.49633 26.8588 84.2521 12.2243 -6.09228 87.7014
12.2243 6.10462 87.7014 -7.48945 26.366 84.4222 -19.877 19.6379 84.2521 -12.6013
19.2885 85.7247 12.0788 -6.5247 87.7014 -11.2872 20.0969 85.7247 12.0788 6.53704
87.7014 -11.1202 20.1977 85.7247 -12.783 19.2134 85.7247 -7.87349 27.1842 84.1499
-10.2414 -9.43807 87.7014 -10.2414 9.45041 87.7014 -20.0634 19.7163 84.2521 2.27608
-38.7063 79.9158 -2.28742 -38.7063 79.9158 2.27608 38.7187 79.9158 -2.28742 38.7187
79.9158 -9.90681 21.1088 85.7247 -24.0045 32.5506 79.0999 -9.76926 21.2492 85.7247
-7.47909 26.7532 84.4222 -10.973 -9.35141 87.7014 1.83454 -38.6736 80.0036 -10.973
9.36375 87.7014 -1.84588 -38.6736 80.0036 1.83454 38.6859 80.0036 -1.84588 38.6859
80.0036 -7.57311 25.4092 84.8563 -14.2488 18.8458 85.7247 -12.1532 -8.29968 87.7014
-12.1532 8.31202 87.7014 -11.1863 20.1324 85.8948 -11.5933 -9.10464 87.7014 -11.5933
9.11698 87.7014 -12.6905 19.2464 85.8948 7.22497 -15.8046 87.2221 9.27302 -14.7157
87.2221 -7.41725 27.5225 84.2521 -19.1821 19.2885 84.6863 -14.45 18.8255 85.7247
-12.0077 -8.73532 87.7014 -12.0077 8.74766 87.7014 -7.53462 25.602 84.8563 -19.9811
19.6625 84.4222 -17.7061 36.6804 79.0999 1.03672 -34.6856 81.9297 -1.04807 -34.6856
81.9297 1.03672 34.698 81.9297 -1.04807 34.698 81.9297 0.360695 -34.0428 82.2115
-0.372039 -34.0428 82.2115 -20.4729 20.4496 84.1499 0.360695 34.0552 82.2115 -0.372039
34.0552 82.2115 5.17693 -16.8936 87.2221 -9.83475 21.1755 85.8948 -22.906 33.9009
79.0999 1.28684 -34.0494 82.304 -1.29818 -34.0494 82.304 1.28684 34.0617 82.304
-1.29818 34.0617 82.304 -19.0911 19.2698 84.8563 2.27608 -39.3098 79.9158 -2.28743
-39.3098 79.9158 -14.3432 18.8185 85.8948 2.27608 39.3222 79.9158 -2.28743 39.3222
79.9158 -7.42762 28.0124 84.2521 8.85019 -15.9022 87.2221 -7.4231 27.621 84.4222
-19.2676 19.3527 84.8563 -7.44888 28.2079 84.2521 1.83618 -39.3164 80.0033 -1.84752
-39.3164 80.0033 1.83618 39.3287 80.0033 -1.84752 39.3287 80.0033 -11.9408 19.6754
86.1589 -10.4588 20.5981 86.1589 0.360369 -34.6856 82.2099 -0.371714 -34.6856 82.2099
0.360369 34.698 82.2099 -0.371714 34.698 82.2099 -13.4913 18.9608 86.1589 3.72376
-18.628 87.2221 -7.43347 28.1109 84.4222 -8.02913 28.7643 84.1499 -21.3573 20.4969
84.2521 1.28684 -34.6529 82.304 -1.29818 -34.6529 82.304 13.9766 -13.1764 87.2221
1.28684 34.6652 82.304 -1.29818 34.6652 82.304 -8.17655 23.7206 85.7247 -12.0313
19.6368 86.329 -11.8626 19.7484 86.329 -10.5375 20.5385 86.329 -21.509 20.6219
84.2521 -10.3868 20.6647 86.329 -8.08168 23.9862 85.7247 0.448197 -34.0494 82.6514
-0.459542 -34.0494 82.6514 0.448197 34.0617 82.6514 -0.459542 34.0617 82.6514 -13.3988
18.9938 86.329 -13.587 18.9369 86.329 -20.754 20.048 84.6863 -17.4666 18.7296
85.7247 -21.4361 20.5556 84.4222 -21.7003 21.4569 84.1499 -17.6598 18.7661 85.7247
-8.11143 23.8924 85.8948 1.83454 -38.6736 80.7357 -1.84588 -38.6736 80.7357 1.83454
38.6859 80.7357 -1.84588 38.6859 80.7357 -22.906 20.4674 84.1499 -8.51359 23.0299
86.1589 -20.6695 19.9971 84.8563 0.448197 -34.6529 82.6514 -0.459542 -34.6529 82.6514
0.448197 34.6652 82.6514 -0.459542 34.6652 82.6514 2.27608 -38.7063 80.8235 -2.28742
-38.7063 80.8235 4.88797 -31.1164 83.9307 2.27608 38.7187 80.8235 -2.28742 38.7187
80.8235 4.88797 31.1287 83.9307 -17.5643 18.7431 85.8948 -20.8328 20.1066 84.8563
-7.82936 29.6704 84.2521 -5.63204 -31.1164 83.9307 -5.63204 31.1287 83.9307 -7.57311
25.4092 85.7247 -8.55247 22.9384 86.329 -7.90803 29.8567 84.2521 5.38392 -12.3421
88.7619 -7.53462 25.602 85.7247 -8.47414 23.2082 86.329 -7.56692 28.9506 84.6863
1.83618 -39.3164 80.736 -1.84752 -39.3164 80.736 1.83618 39.3287 80.736 -1.84752
39.3287 80.736 6.6739 -12.102 88.7619 -8.49004 30.2837 84.1499 5.62051 -12.7871
88.7619 -7.85068 29.7664 84.4222 4.46353 -13.2773 88.7619 6.5117 -12.6212 88.7619
2.27608 -39.3098 80.8235 -2.28743 -39.3098 80.8235 2.27608 39.3222 80.8235 -2.28743
39.3222 80.8235 4.98464 -13.4332 88.7619 -19.0911 19.2698 85.7247 -7.54917 25.5044
85.8948 -7.55151 28.8536 84.8563 -7.7565 24.6798 86.1589 -7.11439 31.019 84.1499
-19.2676 19.3527 85.7247 -7.59189 29.046 84.8563 7.15581 -13.2462 88.7619 7.60623
-13.0067 88.7619 -22.0272 21.1853 84.6863 5.14264 -14.3167 88.7619 4.69222 -14.5561
88.7619 -7.78982 24.587 86.329 -19.1821 19.2885 85.8948 -18.391 18.9418 86.1589
1.55438 -38.6736 81.412 -1.56573 -38.6736 81.412 -7.73256 24.7751 86.329 1.55438
38.6859 81.412 -1.56573 38.6859 81.412 -21.9521 21.1218 84.8563 6.76901 -10.914
89.2441 7.3138 -14.1297 88.7619 7.00856 -10.873 89.2441 6.62864 -11.1124 89.2441
-24.0045 21.8177 84.1499 -12.0313 19.6368 87.1973 -11.8626 19.7484 87.1973 5.78674
-14.9417 88.7619 -10.5375 20.5385 87.1973 7.20697 -11.0133 89.2441 6.66969 -11.352
89.2441 -10.3868 20.6647 87.1973 3.39588 -12.7496 89.2441 3.63433 -12.7026 89.2441
-22.0807 21.2779 84.8563 6.67794 -14.7758 88.7619 3.26051 -12.9515 89.2441 7.24802
-11.2529 89.2441 -13.3988 18.9938 87.1973 6.86811 -11.4923 89.2441 3.83618 -12.838
89.2441 7.83491 -14.2856 88.7619 -18.2955 18.9189 86.329 7.10766 -11.4513 89.2441
-13.587 18.9369 87.1973 5.07347 -11.7583 89.3501 7.12152 -10.6693 89.3501 5.62454
-15.4609 88.7619 3.30752 -13.1899 89.2441 3.88319 -13.0765 89.2441 3.11042 -33.16
83.9307 -18.4842 18.9742 86.329 3.50937 -13.3253 89.2441 3.11042 33.1723 83.9307
3.74782 -13.2783 89.2441 3.02543 -12.8472 89.3501 6.91452 -15.2208 88.7619 -3.8545
-33.16 83.9307 -3.8545 33.1723 83.9307 -11.9408 19.6754 87.3674 5.38392 -12.3421
89.3501 -10.4588 20.5981 87.3674 6.76901 -10.914 89.4561 7.00856 -10.873 89.4561
6.62864 -11.1124 89.4561 1.9287 -38.7063 81.6622 -1.94005 -38.7063 81.6622 1.9287
38.7187 81.6622 -1.94005 38.7187 81.6622 -8.18254 30.5745 84.6863 6.6739 -12.102
89.3501 -13.4913 18.9608 87.3674 -7.48945 26.366 86.1589 7.20697 -11.0133 89.4561
6.66969 -11.352 89.4561 -20.6695 19.9971 85.7247 1.55577 -39.3164 81.413 -1.56712
-39.3164 81.413 3.39588 -12.7496 89.4561 3.63433 -12.7026 89.4561 1.55577 39.3287
81.413 -1.56712 39.3287 81.413 5.62051 -12.7871 89.3501 4.46353 -13.2773 89.3501
3.26051 -12.9515 89.4561 7.24802 -11.2529 89.4561 6.86811 -11.4923 89.4561 3.83618
-12.838 89.4561 7.10766 -11.4513 89.4561 6.5117 -12.6212 89.3501 -20.8328 20.1066
85.7247 3.30752 -13.1899 89.4561 3.88319 -13.0765 89.4561 4.98464 -13.4332 89.3501
3.50937 -13.3253 89.4561 3.74782 -13.2783 89.4561 -7.47909 26.7532 86.1589 -8.15134
30.4801 84.8563 -7.50759 26.2694 86.329 -8.55247 22.9384 87.1973 -7.94156 32.5506
84.1499 -8.21317 30.6691 84.8563 1.03672 -38.6736 81.9297 -19.9811 19.6625 86.1589
-1.04807 -38.6736 81.9297 -11.1863 20.1324 87.6315 -7.50669 26.4716 86.329 7.15581
-13.2462 89.3501 1.03672 38.6859 81.9297 -1.04807 38.6859 81.9297 7.60623 -13.0067
89.3501 -20.754 20.048 85.8948 -12.6905 19.2464 87.6315 6.14922 -13.7814 89.3501
-23.456 24.0846 84.1499 8.19727 -12.6925 89.3501 -8.47414 23.2082 87.1973 5.14264
-14.3167 89.3501 4.69222 -14.5561 89.3501 1.92871 -39.3098 81.6622 -1.94005 -39.3098
81.6622 1.92871 39.3222 81.6622 -1.94005 39.3222 81.6622 4.10118 -14.8704 89.3501
-9.83475 21.1755 87.6315 -7.49633 26.8588 86.329 -19.877 19.6379 86.329 -8.51359
23.0299 87.3674 7.3138 -14.1297 89.3501 -7.55151 28.8536 85.7247 -14.3432 18.8185
87.6315 -11.1202 20.1976 87.7929 -12.6013 19.2885 87.8016 8.49459 -14.2634 89.2441
5.78674 -14.9417 89.3501 -11.2872 20.0969 87.8016 -7.4231 27.621 86.1589 -12.783
19.2134 87.8016 8.33259 -14.4446 89.2441 -24.8317 23.3493 84.1499 8.73726 -14.2498
89.2441 -20.0634 19.7163 86.329 6.67794 -14.7758 89.3501 7.83491 -14.2856 89.3501
5.20441 -16.055 89.2441 8.34615 -14.6872 89.2441 -7.59189 29.046 85.7247 5.44666
-16.0353 89.2441 8.91843 -14.4118 89.2441 -9.90681 21.1088 87.8016 5.04698 -16.2401
89.2441 5.62454 -15.4609 89.3501 0.36037 -38.6736 82.2099 -0.371713 -38.6736 82.2099
0.36037 38.6859 82.2099 -0.371713 38.6859 82.2099 -9.76926 21.2492 87.8016 8.52733
-14.8492 89.2441 5.63182 -16.1928 89.2441 8.93199 -14.6545 89.2441 1.03765 -39.3164
81.9311 -1.04899 -39.3164 81.9311 1.03765 39.3287 81.9311 -1.04899 39.3287 81.9311
8.76999 -14.8357 89.2441 5.06658 -16.4824 89.2441 6.91452 -15.2208 89.3501 -7.41725
27.5225 86.329 5.65143 -16.435 89.2441 -14.2488 18.8458 87.8016 -7.78982 24.587
87.1973 -7.43347 28.1109 86.1589 5.25174 -16.6398 89.2441 -10.2458 32.9114 84.1499
5.49399 -16.6202 89.2441 -14.45 18.8255 87.8016 -7.56692 28.9506 85.8948 1.28684
-38.7063 82.304 -1.29818 -38.7063 82.304 1.28684 38.7187 82.304 -1.29818 38.7187
82.304 -21.9521 21.1218 85.7247 -7.73256 24.7751 87.1973 8.49459 -14.2634 89.4561
-24.1413 24.455 84.2521 8.33259 -14.4446 89.4561 8.73726 -14.2498 89.4561 7.22497
-15.8046 89.3501 9.27302 -14.7157 89.3501 5.20441 -16.055 89.4561 8.34615 -14.6872
89.4561 -22.0807 21.2779 85.7247 5.44666 -16.0353 89.4561 8.91843 -14.4118 89.4561
-24.1996 24.6427 84.2521 5.04698 -16.2401 89.4561 -7.42762 28.0124 86.329 8.52733
-14.8492 89.4561 5.17693 -16.8936 89.3501 -18.2955 18.9189 87.1973 5.63182 -16.1928
89.4561 8.93199 -14.6545 89.4561 8.76999 -14.8357 89.4561 5.06658 -16.4824 89.4561
-7.7565 24.6798 87.3674 -23.8159 23.7622 84.6863 -7.44888 28.2079 86.329 5.65143
-16.435 89.4561 0.360695 -39.3164 82.2115 -0.372039 -39.3164 82.2115 -18.4842 18.9742
87.1973 -21.4361 20.5556 86.1589 0.360695 39.3287 82.2115 -0.372039 39.3287 82.2115
5.25174 -16.6398 89.4561 -23.9169 25.604 84.1499 5.49399 -16.6202 89.4561 -22.0272
21.1853 85.8948 -9.04002 33.9009 84.1499 -8.11143 23.8924 87.6315 -24.1756 24.6346
84.4221 1.28684 -39.3098 82.304 -1.29818 -39.3098 82.304 1.28684 39.3222 82.304
-1.29818 39.3222 82.304 -23.7503 23.6777 84.8563 -21.3573 20.4969 86.329 0.448199
-38.7063 82.6514 -0.459542 -38.7063 82.6514 -18.391 18.9418 87.3674 0.448199 38.7187
82.6514 -0.459542 38.7187 82.6514 -8.17655 23.7206 87.8016 -17.5643 18.7431 87.6315
-21.509 20.6219 86.329 3.11042 -33.16 85.0392 3.11042 33.1723 85.0392 -23.8466
23.9427 84.8563 -8.15134 30.4801 85.7247 -10.4209 33.7328 84.2521 -3.8545 -33.16
85.0392 -3.8545 33.1723 85.0392 -8.08168 23.9862 87.8016 -7.50759 26.2694 87.1973
-10.5724 33.8581 84.2521 -8.21317 30.6691 85.7247 -7.5067 26.4716 87.1973 -11.4732
33.9187 84.1499 -17.4666 18.7296 87.8016 -9.90411 33.1682 84.6863 -7.85068 29.7664
86.1589 -17.6598 18.7661 87.8016 0.448199 -39.3098 82.6514 -0.459541 -39.3098 82.6514
0.448199 39.3222 82.6514 -0.459541 39.3222 82.6514 -24.4328 26.1358 84.2521 -10.4938
33.7993 84.4222 -8.18254 30.5745 85.8948 -7.49633 26.8588 87.1973 -19.877 19.6379
87.1973 -7.48945 26.366 87.3674 -7.54917 25.5044 87.6315 -9.85093 33.0754 84.8563
-12.6013 19.2885 88.6613 -11.2872 20.0969 88.6613 -11.1202 20.1977 88.6613 -12.783
19.2134 88.6613 -24.4353 26.4249 84.2521 -7.82936 29.6704 86.329 -20.0634 19.7163
87.1973 -3.02179 0.006338 91.5941 -24.0726 27.1842 84.1499 -24.4458 26.6098 84.2521
-9.97913 33.2318 84.8563 -9.90681 21.1088 88.6613 -7.47909 26.7532 87.3674 -7.90803
29.8567 86.329 -9.76926 21.2492 88.6613 -5.61081 -17.7788 89.7871 -24.387 25.371
84.6863 -5.17996 -17.9573 89.7871 -22.5894 21.854 86.1589 -7.57311 25.4092 87.8016
-3.02179 -3.69527 91.5941 -3.02179 3.70762 91.5941 -24.4478 26.812 84.2521 -7.41725
27.5225 87.1973 -24.452 26.3193 84.4221 -19.9811 19.6625 87.3674 -14.2488 18.8458
88.6613 -19.1821 19.2885 87.6315 -6.04167 -17.9573 89.7871 -5.62343 0.006391 91.5941
-7.53462 25.602 87.8016 -11.1863 20.1324 88.8314 -12.6905 19.2464 88.8314 -14.45
18.8255 88.6613 -5.00149 -18.3881 89.7871 -22.5202 21.7826 86.329 -9.83475 21.1755
88.8314 -24.363 25.3629 84.8563 -6.22014 -18.3881 89.7871 -24.4645 26.7064 84.4221
-11.8643 34.642 84.2521 -5.17996 -18.819 89.7871 -7.42762 28.0124 87.1973 -19.0912
19.2697 87.7929 -5.62343 -4.82992 91.5941 -5.62343 4.84227 91.5941 -22.6589 21.925
86.329 -12.8735 34.6672 84.1499 -24.4026 25.5554 84.8563 -12.0506 34.7208 84.2521
-14.3432 18.8185 88.8314 -7.4231 27.621 87.3674 -6.04167 -18.819 89.7871 -5.61081
-18.9975 89.7871 -7.44888 28.2079 87.1973 -19.2676 19.3527 87.8016 -24.5305 27.4753
84.2521 7.28645 -3.69527 91.5941 7.28645 3.70762 91.5941 7.81982 -3.65123 91.5941
7.81982 3.66358 91.5941 8.6802 0.006175 91.5941 -11.9468 19.7025 89.0955 8.27198
-3.5258 91.5941 8.27198 3.53815 91.5941 -10.4588 20.5981 89.0955 -7.69756 -4.82992
91.5941 -9.09131 0.006175 91.5941 -7.69756 4.84227 91.5941 -23.7503 23.6777 85.7247
-11.9465 34.696 84.4222 -11.1746 34.3086 84.6863 8.5741 -3.33808 91.5941 8.5741
3.35043 91.5941 8.6802 -3.11665 91.5941 8.6802 3.129 91.5941 -7.43347 28.1109
87.3674 -13.4913 18.9608 89.0955 -21.3573 20.497 87.1973 -8.23093 -4.78555 91.5941
-8.23093 4.7979 91.5941 -23.9169 28.7643 84.1499 -24.5229 27.9653 84.2521 -8.68309
-4.65918 91.5941 -8.68309 4.67154 91.5941 -24.5252 27.5738 84.4222 -9.09131 -4.24699
91.5941 -8.98522 -4.47007 91.5941 -9.09131 4.25934 91.5941 -8.98522 4.48242 91.5941
-8.17655 23.7206 88.6613 -23.8466 23.9427 85.7247 -21.509 20.6219 87.1973 -24.5027
28.1608 84.2521 -4.64077 -17.4181 90.3965 -11.0959 34.2498 84.8563 -12.0313 19.6368
89.2656 -11.8626 19.7484 89.2656 -23.4094 22.9888 86.1589 -10.5375 20.5385 89.2656
-8.08168 23.9862 88.6613 -10.3868 20.6647 89.2656 -11.259 34.3597 84.8563 -13.3988
18.9938 89.2656 -13.587 18.9369 89.2656 -20.754 20.048 87.6315 -23.8164 23.8491
85.8948 -21.4361 20.5556 87.3674 -24.5176 28.0638 84.4222 -17.4666 18.7296 88.6613
-6.58086 -17.4181 90.3965 -14.3929 35.1281 84.1499 -23.3701 22.8976 86.329 -17.6598
18.7661 88.6613 -8.11143 23.8924 88.8314 -13.4417 35.388 84.2521 -20.6695 19.9971
87.8016 -23.4499 23.1669 86.329 -9.85093 33.0754 85.7247 -13.6302 35.4437 84.2521
-8.51359 23.0299 89.0955 -7.82936 29.6704 87.1973 -20.8328 20.1066 87.8016 -23.456
30.2837 84.1499 -17.5643 18.7431 88.8314 -9.97913 33.2318 85.7247 -7.90803 29.8567
87.1973 -24.1303 29.6254 84.2521 -7.57311 25.4092 88.6613 -12.7446 35.072 84.6863
-13.5348 35.4206 84.4222 -24.0526 29.8121 84.2521 -8.55247 22.9384 89.2656 -4.64077
-19.3582 90.3965 -7.53462 25.602 88.6613 -7.56692 28.9506 87.6315 -9.90411 33.1682
85.8948 -8.47415 23.2082 89.2656 -7.85068 29.7664 87.3674 4.88797 -42.2224 82.3052
4.88797 42.2347 82.3052 -22.5202 21.7826 87.1973 -24.363 25.3629 85.7247 -12.6592
35.0075 84.8563 -5.63204 -42.2224 82.3052 -6.58086 -19.3582 90.3965 -5.63204 42.2347
82.3052 -24.1095 29.7215 84.4222 -19.0911 19.2698 88.6613 -12.8355 35.0909 84.8563
-24.4026 25.5554 85.7247 -22.6589 21.925 87.1973 -7.54917 25.5044 88.8314 -7.55151
28.8536 87.8016 -24.3888 28.9042 84.6863 -19.2676 19.3527 88.6613 -7.7565 24.6798
89.0955 -7.59189 29.046 87.8016 -22.0272 21.1853 87.6315 -24.1756 24.6346 86.1589
-24.3875 25.458 85.8948 -22.5894 21.854 87.3674 -17.5532 35.1281 84.1499 -24.4036
28.8072 84.8563 -14.24 36.6804 84.1499 -19.1821 19.2885 88.8314 -7.78983 24.587
89.2656 -18.391 18.9418 89.0955 -24.3643 28.9998 84.8563 -21.7003 32.9114 84.1499
-21.9521 21.1218 87.8016 -24.1418 24.5419 86.329 -7.73256 24.7751 89.2656 -11.0959
34.2498 85.7247 -19.0726 34.6672 84.1499 -14.361 35.6213 84.6863 -22.0807 21.2779
87.8016 -24.2001 24.7296 86.329 -20.4729 33.9187 84.1499 -12.0313 19.6368 90.1427
-11.259 34.3597 85.7247 -11.8626 19.7484 90.1427 -10.5375 20.5385 90.1427 -24.8317
31.019 84.1499 -10.3868 20.6647 90.1427 -18.2955 18.9189 89.2655 -13.3988 18.9938
90.1427 3.11042 -40.1788 83.9307 -13.587 18.9369 90.1427 3.11042 40.1911 83.9307
-23.7821 30.5315 84.6863 -18.4842 18.9742 89.2655 -14.2656 35.5981 84.8563 -3.8545
-40.1788 83.9307 -23.3701 22.8976 87.1973 -3.8545 40.1911 83.9307 -10.4938 33.7993
86.1589 -14.4587 35.635 84.8563 -8.18254 30.5745 87.6229 -11.1746 34.3086 85.8948
-18.2731 35.3823 84.2521 -18.4612 35.3079 84.2521 -11.9408 19.6754 90.3127 -20.6695
19.9971 88.6613 -23.4499 23.1669 87.1973 -10.4588 20.5981 90.3127 -7.51529 26.3761
89.0955 -21.454 33.6761 84.2521 -15.973 36.8435 84.1499 -23.8128 30.4369 84.8563
-21.3103 33.8185 84.2521 -13.4913 18.9608 90.3127 -20.8328 20.1066 88.6613 -10.4209
33.7328 86.329 -23.752 30.6262 84.8563 -8.15117 30.4801 87.7929 -19.9209 34.8081
84.2521 -20.0944 34.7157 84.2521 -23.4094 22.9888 87.3674 -7.50493 26.7633 89.0955
-10.5724 33.8581 86.329 -24.452 26.3193 86.1589 -7.50759 26.2694 89.2656 -18.3696
35.3632 84.4222 -8.21307 30.6691 87.7929 -24.0045 32.5506 84.1499 -8.55258 22.9385
90.1339 -20.754 20.048 88.8314 -19.9618 19.6825 89.0955 -21.3915 33.7629 84.4222
-7.5067 26.4716 89.2656 -12.6592 35.0075 85.7247 -8.47432 23.2082 90.1339 -11.1863
20.1324 90.5769 -24.4645 26.7064 86.1589 -12.6905 19.2464 90.5769 -20.0101 34.7661
84.4222 -24.4333 26.2227 86.329 -17.7061 36.6804 84.1499 -12.8355 35.0909 85.7247
-7.49633 26.8588 89.2656 -24.4353 26.4249 86.329 -17.5476 35.6283 84.6863 -19.877
19.6379 89.2655 -9.83475 21.1755 90.5769 -7.55151 28.8536 88.6613 -22.906 33.9009
84.1499 -22.0182 33.1543 84.6863 -7.4231 27.621 89.0955 -8.51359 23.0299 90.304
-20.0634 19.7163 89.2655 -7.59189 29.046 88.6613 -14.3432 18.8185 90.5769 -12.6013
19.2885 90.7469 -11.2872 20.0969 90.7469 -11.1202 20.1977 90.7469 -12.783 19.2134
90.7469 -24.4478 26.812 86.329 -11.9465 34.696 86.1589 -12.7446 35.072 85.8948
-19.2022 35.0717 84.6863 -24.4036 28.8072 85.7247 -17.4503 35.6415 84.8563 -9.90681
21.1088 90.7469 -17.6436 35.6055 84.8563 -20.7398 34.3298 84.6863 -7.41726 27.5225
89.2656 -9.76926 21.2492 90.7469 -24.3643 28.9998 85.7247 -7.43347 28.1109 89.0955
-22.0946 33.0907 84.8563 -24.5252 27.5738 86.1589 -21.9421 33.2184 84.8563 -7.56692
28.9506 88.8314 -24.1418 24.5419 87.1973 -21.9521 21.1218 88.6613 -7.78983 24.587
90.1427 -14.2488 18.8458 90.7469 -11.8643 34.642 86.329 -19.0962 35.0856 84.8563
-14.45 18.8255 90.7469 -19.2803 35.0214 84.8563 -7.73256 24.7751 90.1427 -24.2001
24.7296 87.1973 -22.0807 21.2779 88.6613 -12.0506 34.7208 86.329 -24.3888 28.9042
85.8948 -7.42762 28.0124 89.2656 -20.8191 34.2711 84.8563 -20.6556 34.3802 84.8563
-24.5305 27.4753 86.329 -24.5176 28.0638 86.1589 -23.8164 23.8491 87.6315 -18.2955
18.9189 90.1427 -14.2656 35.5981 85.7247 -7.44888 28.2079 89.2656 -21.4361 20.5556
89.0955 -24.1756 24.6346 87.3674 -22.0272 21.1853 88.8314 -7.7565 24.6798 90.3127
-18.4842 18.9742 90.1427 -14.4587 35.635 85.7247 -23.7503 23.6777 87.8016 -24.5229
27.9653 86.329 -8.11143 23.8924 90.5769 -23.8128 30.4369 85.7247 -21.3573 20.497
89.2655 -24.5027 28.1608 86.329 -10.4209 33.7328 87.1973 -23.752 30.6262 85.7247
4.88797 -42.2224 83.9307 -23.8466 23.9427 87.8016 4.88797 42.2347 83.9307 -14.361
35.6213 85.8948 -18.391 18.9418 90.3127 3.11042 -40.1788 85.0392 -21.509 20.6219
89.2655 -8.15134 30.4801 88.6613 3.11042 40.1911 85.0392 -5.63204 -42.2224 83.9307
-5.63204 42.2347 83.9307 -3.8545 -40.1788 85.0392 -13.5348 35.4206 86.1589 -10.5724
33.8581 87.1973 -3.8545 40.1911 85.0392 -17.5643 18.7431 90.5769 -8.17655 23.7206
90.7469 -8.21317 30.6691 88.6613 -7.50759 26.2694 90.1427 -8.08168 23.9862 90.7469
-23.7821 30.5315 85.8948 -9.90411 33.1682 87.6315 -7.5067 26.4716 90.1427 -10.4938
33.7993 87.3674 -13.4417 35.388 86.329 -7.85068 29.7664 89.0955 -24.4333 26.2227
87.1973 -24.1095 29.7215 86.1589 -17.4666 18.7296 90.7469 -8.18254 30.5745 88.8314
-13.6302 35.4437 86.329 -24.4353 26.4249 87.1973 -17.6598 18.7661 90.7469 -9.85093
33.0754 87.8016 -7.49633 26.8588 90.1427 -19.877 19.6379 90.1427 -7.48946 26.366
90.3127 -7.82936 29.6704 89.2656 -7.54917 25.5044 90.5769 -24.1303 29.6254 86.329
-9.97913 33.2318 87.8016 -20.0634 19.7163 90.1427 -24.4478 26.812 87.1973 -24.0526
29.8121 86.329 -24.3875 25.458 87.6315 -7.90803 29.8567 89.2656 -17.4503 35.6415
85.7247 -24.452 26.3193 87.3674 -12.6013 19.2885 91.6153 -11.1202 20.1977 91.6153
-11.2946 20.1022 91.6153 -22.5894 21.854 89.0955 -12.783 19.2134 91.6153 -17.6436
35.6055 85.7247 -7.47909 26.7532 90.3127 -22.0946 33.0907 85.7247 -21.9421 33.2184
85.7247 -9.90681 21.1088 91.6153 -7.57311 25.4092 90.7469 -7.41725 27.5225 90.1427
-9.76926 21.2492 91.6153 -19.9811 19.6625 90.3127 -19.1821 19.2885 90.5769 -11.8643
34.642 87.1973 -19.0962 35.0856 85.7247 -24.4645 26.7064 87.3674 -24.363 25.3629
87.8016 -19.2803 35.0214 85.7247 -7.53462 25.602 90.7469 -22.5202 21.7826 89.2655
-14.2488 18.8458 91.6153 -12.0506 34.7208 87.1973 -11.1863 20.1324 91.7853 -17.5476
35.6283 85.8948 -12.6905 19.2464 91.7853 -14.45 18.8255 91.6153 -20.8191 34.2711
85.7247 -20.6556 34.3802 85.7247 -24.4026 25.5554 87.8016 -24.5305 27.4753 87.1973
-22.0182 33.1543 85.8948 -22.6589 21.925 89.2655 -7.42762 28.0124 90.1427 -9.83475
21.1755 91.7853 -19.0911 19.2698 90.7469 -7.42311 27.621 90.3127 -19.2022 35.0717
85.8948 -7.44888 28.2079 90.1427 -11.9465 34.696 87.3674 -19.2676 19.3527 90.7469
-11.1746 34.3086 87.6315 -14.3432 18.8185 91.7853 -23.7503 23.6777 88.6613 -20.7399
34.3298 85.8948 -24.5229 27.9653 87.1973 -24.5252 27.5738 87.3674 -24.5027 28.1608
87.1973 -7.43347 28.1109 90.3127 -21.3573 20.497 90.1427 -23.8466 23.9427 88.6613
-11.9408 19.6754 92.0495 -11.0959 34.2498 87.8016 -10.4588 20.5981 92.0495 -18.3696
35.3632 86.1589 -21.509 20.6219 90.1427 -23.4094 22.9888 89.0955 -13.4913 18.9608
92.0495 -11.259 34.3597 87.8016 -21.3915 33.7629 86.1589 -24.5176 28.0638 87.3674
-8.17655 23.7206 91.6153 -23.8164 23.8491 88.8314 -20.0101 34.7661 86.1589 -8.08168
23.9862 91.6153 -12.0293 19.6471 92.2195 -11.8639 19.7574 92.2195 -13.4417 35.388
87.1973 -20.754 20.048 90.5769 -10.5375 20.5385 92.2195 -21.4361 20.5556 90.3127
-18.2731 35.3823 86.329 -23.3701 22.8976 89.2655 -10.3868 20.6647 92.2195 -18.4612
35.3079 86.329 -13.3988 18.9938 92.2195 -13.6302 35.4437 87.1973 -21.454 33.6761
86.329 -13.587 18.9369 92.2195 -17.4666 18.7296 91.6153 -21.3103 33.8185 86.329
-9.85093 33.0754 88.6613 -23.4499 23.1669 89.2655 -17.6598 18.7661 91.6153 -19.9209
34.8081 86.329 -8.11143 23.8924 91.7853 -20.0944 34.7157 86.329 -20.6695 19.9971
90.7469 -24.1303 29.6254 87.1973 -9.97913 33.2318 88.6613 -7.82936 29.6704 90.1427
-24.0526 29.8121 87.1973 -13.5348 35.4206 87.3674 -12.7446 35.072 87.6315 -20.8328
20.1066 90.7469 -8.51359 23.0299 92.0495 -7.90803 29.8567 90.1427 -17.5643 18.7431
91.7853 -9.90411 33.1682 88.8314 -12.6592 35.0075 87.8016 -7.57311 25.4092 91.6153
-24.363 25.3629 88.6613 -24.1095 29.7215 87.3674 -7.56692 28.9506 90.5769 -12.8355
35.091 87.7929 -8.55248 22.9384 92.2195 -7.85068 29.7664 90.3127 -7.53462 25.602
91.6153 -22.52 21.7827 90.1339 -24.4026 25.5554 88.6613 -24.3888 28.9042 87.6315
-8.47415 23.2082 92.2195 -22.6589 21.9251 90.1339 -7.55151 28.8536 90.7469 -19.0911
19.2698 91.6153 -24.1756 24.6346 89.0955 -7.54917 25.5044 91.7853 -24.3875 25.458
88.8314 -24.4036 28.8072 87.8016 -7.59189 29.046 90.7469 -22.0272 21.1853 90.5769
-19.2674 19.3618 91.6153 -7.7565 24.6798 92.0495 -22.5894 21.854 90.304 -24.3643
28.9998 87.8016 -24.1418 24.5419 89.2655 -14.361 35.6213 87.6315 -11.0959 34.2498
88.6613 -21.9521 21.1218 90.7469 -19.1821 19.2885 91.7853 -24.2001 24.7296 89.2655
-11.259 34.3597 88.6613 -7.78983 24.587 92.2195 -18.391 18.9418 92.0495 -22.0807
21.2779 90.7469 -23.7821 30.5315 87.6229 -7.73256 24.7751 92.2195 -14.2656 35.5981
87.8016 -14.4587 35.635 87.8016 -18.2731 35.3823 87.1973 -10.4938 33.7993 89.0955
-18.4612 35.3079 87.1973 -11.1746 34.3086 88.8314 -23.37 22.8976 90.1339 -12.0313
19.6368 93.0879 -11.8626 19.7484 93.0879 -18.2955 18.9189 92.2195 -21.454 33.6761
87.1973 -10.5375 20.5385 93.0879 -10.3868 20.6647 93.0879 -23.8129 30.4369 87.7929
-21.3103 33.8185 87.1973 -13.3988 18.9938 93.0879 -8.18254 30.5745 90.5769 -18.4842
18.9742 92.2195 -13.587 18.9369 93.0879 -23.7521 30.6262 87.7929 -23.4497 23.1669
90.1339 -19.9209 34.8081 87.1973 -20.0944 34.7157 87.1973 -10.4209 33.7328 89.2656
-20.6695 19.9971 91.6153 -18.3696 35.3632 87.3674 -7.48946 26.366 92.0495 -10.5724
33.8581 89.2656 -11.9408 19.6754 93.2579 -24.4262 26.3295 89.0955 -8.15134 30.4801
90.7469 -21.3915 33.7629 87.3674 -10.4588 20.5981 93.2579 -23.4094 22.9888 90.304
-20.8328 20.1066 91.6153 -13.4913 18.9608 93.2579 -20.0101 34.7661 87.3674 -8.21317
30.6691 90.7469 -7.47909 26.7532 92.0495 -12.6592 35.0075 88.6613 -24.4387 26.7166
89.0955 -7.5151 26.2768 92.2195 -24.4333 26.2227 89.2655 -17.5476 35.6283 87.6315
-12.8355 35.0909 88.6613 -20.754 20.048 91.7853 -19.9811 19.6625 92.0495 -22.0182
33.1543 87.6229 -7.51491 26.4756 92.2195 -24.4353 26.4249 89.2655 -8.55248 22.9384
93.0879 -8.47415 23.2082 93.0879 -11.1863 20.1324 93.5221 -12.6905 19.2464 93.5221
-19.2022 35.0717 87.6315 -7.50455 26.8628 92.2195 -7.55151 28.8536 91.6153 -12.7446
35.072 88.8314 -11.9658 34.6761 89.0955 -17.4503 35.6415 87.8016 -24.4478 26.812
89.2655 -19.8701 19.644 92.2195 -24.4036 28.8072 88.6613 -20.7399 34.3298 87.6315
-17.6436 35.6055 87.8016 -22.0946 33.0907 87.7929 -7.42311 27.621 92.0495 -9.83475
21.1755 93.5221 -21.9422 33.2185 87.7929 -7.59189 29.046 91.6153 -24.3643 28.9998
88.6613 -20.0537 19.7204 92.2195 -24.5252 27.5738 89.0955 -8.51359 23.0299 93.2579
-19.0962 35.0856 87.8016 -19.2803 35.0215 87.7929 -14.3432 18.8185 93.5221 -11.1202
20.1977 93.686 -12.6013 19.2885 93.6921 -11.8643 34.642 89.2656 -11.2872 20.0969
93.6921 -12.783 19.2134 93.686 -24.1418 24.5419 90.1427 -7.41725 27.5225 92.2195
-20.8191 34.2711 87.8016 -20.6556 34.3802 87.8016 -7.43347 28.1109 92.0495 -12.0506
34.7208 89.2656 -7.56692 28.9506 91.7853 -9.90682 21.1088 93.686 -24.3888 28.9042
88.8314 -21.9521 21.1218 91.6153 -24.2001 24.7296 90.1427 -24.5305 27.4753 89.2655
-9.76926 21.2492 93.6921 -24.5176 28.0638 89.0955 -7.78983 24.587 93.0879 -14.2656
35.5981 88.6613 -22.0807 21.2779 91.6153 -14.2488 18.8458 93.6921 -7.73256 24.7751
93.0879 -14.4587 35.635 88.6613 -23.8164 23.8491 90.5769 -14.45 18.8255 93.6921
-7.42762 28.0124 92.2195 -24.1756 24.6346 90.3127 -24.5229 27.9653 89.2655 -23.8128
30.4369 88.6613 -21.4361 20.5556 92.0495 -7.44888 28.2079 92.2195 -18.2955 18.9189
93.0879 -22.0272 21.1853 91.7853 -23.7503 23.6777 90.7469 -24.5027 28.1608 89.2655
-23.752 30.6262 88.6613 -14.361 35.6213 88.8314 -7.7565 24.6798 93.2579 -18.4842
18.9742 93.0879 -10.4209 33.7328 90.1427 -13.5348 35.4206 89.0955 -23.8466 23.9427
90.7469 -21.3573 20.497 92.2195 -8.11143 23.8924 93.5221 -10.5724 33.8581 90.1427
-23.7821 30.5315 88.8314 -8.15134 30.4801 91.6153 -21.509 20.6219 92.2195 -18.391
18.9418 93.2579 -13.4417 35.388 89.2656 -8.21317 30.6691 91.6153 -9.90411 33.1682
90.5769 -24.1095 29.7215 89.0955 -17.5643 18.7431 93.5221 -8.17655 23.7206 93.6921
-10.4938 33.7993 90.3127 -24.4333 26.2227 90.1427 -13.6302 35.4437 89.2656 -7.50759
26.2694 93.0879 -8.08168 23.9862 93.6921 -7.85068 29.7664 92.0495 -24.4353 26.4249
90.1427 -7.5067 26.4716 93.0879 -9.85093 33.0754 90.7469 -8.18254 30.5745 91.7853
-24.1303 29.6254 89.2655 -17.4666 18.7296 93.6921 -24.0526 29.8121 89.2655 -17.4503
35.6415 88.6613 -9.97913 33.2318 90.7469 -17.6436 35.6055 88.6613 -17.6598 18.7661
93.686 -24.4478 26.812 90.1427 -7.49633 26.8588 93.0879 -22.0946 33.0907 88.6613
-21.9421 33.2184 88.6613 -7.82936 29.6704 92.2195 -19.877 19.6379 93.0879 -24.452
26.3193 90.3127 -24.3875 25.458 90.5769 -7.48946 26.3661 93.2579 -7.54917 25.5044
93.5221 -19.0962 35.0856 88.6613 -20.0634 19.7163 93.0879 -7.90803 29.8567 92.2195
-19.2803 35.0214 88.6613 -22.5894 21.854 92.0495 -11.8643 34.642 90.1427 -24.4645
26.7064 90.3127 -17.5476 35.6283 88.8314 -7.47909 26.7532 93.2579 -20.8191 34.2711
88.6613 -20.6556 34.3802 88.6613 -12.6013 19.2885 94.5544 -11.2872 20.0969 94.5544
-24.363 25.3629 90.7469 -11.1202 20.1977 94.5544 -12.783 19.2134 94.5544 -22.0182
33.1543 88.8314 -12.0506 34.7208 90.1427 -7.41725 27.5225 93.0879 -7.57311 25.4092
93.686 -24.5305 27.4753 90.1427 -19.9811 19.6625 93.2579 -24.4026 25.5554 90.7469
-9.90681 21.1088 94.5544 -22.5202 21.7826 92.2195 -19.1821 19.2885 93.5221 -9.76926
21.2492 94.5544 -19.2022 35.0717 88.8314 -7.53462 25.602 93.6921 -22.6589 21.925
92.2195 -14.2488 18.8458 94.5544 -20.7399 34.3298 88.8314 -11.9465 34.696 90.3127
-11.1863 20.1324 94.7244 -14.45 18.8255 94.5544 -12.6905 19.2464 94.7244 -7.42762
28.0124 93.0879 -11.1746 34.3086 90.5769 -24.5229 27.9653 90.1427 -19.0912 19.2697
93.686 -7.42311 27.621 93.2579 -7.44888 28.2079 93.0879 -9.83475 21.1755 94.7244
-23.7503 23.6777 91.6153 -24.5252 27.5738 90.3127 -24.5027 28.1608 90.1427 -19.2676
19.3527 93.6921 -18.3694 35.3355 89.0955 -11.0959 34.2498 90.7469 -14.3432 18.8185
94.7244 -23.8466 23.9427 91.6153 -21.3915 33.7629 89.0955 -21.3573 20.497 93.0879
-11.259 34.3597 90.7469 -7.43347 28.1109 93.2579 -24.5176 28.0638 90.3127 -20.0101
34.7661 89.0955 -23.4094 22.9888 92.0495 -11.9408 19.6754 94.9886 -21.509 20.6219
93.0879 -18.2731 35.3823 89.2655 -18.4612 35.3079 89.2655 -10.4588 20.5981 94.9886
-13.4417 35.388 90.1427 -23.8164 23.8491 91.7853 -21.454 33.6761 89.2655 -13.4913
18.9608 94.9886 -21.3103 33.8185 89.2655 -13.6302 35.4437 90.1427 -8.17655 23.7206
94.5544 -23.3701 22.8976 92.2195 -19.9209 34.8081 89.2655 -20.0944 34.7157 89.2655
-20.754 20.048 93.5221 -21.4361 20.5556 93.2579 -8.08168 23.9862 94.5544 -9.85093
33.0754 91.6153 -12.0313 19.6368 95.1586 -24.1303 29.6254 90.1427 -11.8626 19.7484
95.1586 -10.5375 20.5385 95.1586 -10.3868 20.6647 95.1586 -23.4499 23.1669 92.2195
-24.0526 29.8121 90.1427 -13.5348 35.4206 90.3127 -13.3988 18.9938 95.1586 -17.4666
18.7296 94.5544 -12.7446 35.072 90.5769 -9.97913 33.2318 91.6153 -13.587 18.9369
95.1586 -17.6598 18.7661 94.5544 -20.6695 19.9971 93.6921 -7.82936 29.6704 93.0879
-8.11143 23.8924 94.7244 -20.8328 20.1066 93.686 -7.90803 29.8567 93.0879 -12.6592
35.0075 90.7469 -24.1095 29.7215 90.3127 -9.90411 33.1682 91.7853 -8.51359 23.0299
94.9886 -24.363 25.3629 91.6153 -12.8355 35.0909 90.7469 -17.5643 18.7431 94.7244
-24.3888 28.9042 90.5769 -7.56692 28.9506 93.5221 -24.4026 25.5554 91.6153 -7.57311
25.4092 94.5544 -7.85068 29.7664 93.2579 -22.5202 21.7826 93.0879 -7.53462 25.602
94.5544 -8.55248 22.9384 95.1586 -22.6589 21.925 93.0879 -24.4036 28.8072 90.7469
-24.1756 24.6346 92.0495 -8.47414 23.2082 95.1586 -7.55151 28.8536 93.686 -24.3875
25.458 91.7853 -24.3643 28.9998 90.7469 -19.0911 19.2698 94.5544 -14.361 35.6213
90.5769 -7.59189 29.046 93.6921 -7.54918 25.5044 94.7244 -22.0272 21.1853 93.5221
-22.5894 21.854 93.2579 -19.2676 19.3527 94.5544 -11.0959 34.2498 91.6153 -24.1418
24.5419 92.2195 -7.7565 24.6798 94.9886 -11.259 34.3597 91.6153 -24.2001 24.7296
92.2195 -23.7821 30.5315 90.5769 -14.2656 35.5981 90.7469 -21.9521 21.1218 93.6921
-18.2731 35.3823 90.1427 -19.1821 19.2885 94.7244 -18.4612 35.3079 90.1427 -14.4587
35.635 90.7469 -22.0807 21.2779 93.6921 -18.391 18.9418 94.9886 -21.454 33.6761
90.1427 -7.78983 24.587 95.1586 -21.3103 33.8185 90.1427 -10.4938 33.7993 92.0495
-11.1746 34.3086 91.7853 -23.8128 30.4369 90.7469 -7.73256 24.7751 95.1586 -19.9209
34.8081 90.1427 -20.0944 34.7157 90.1427 -23.3701 22.8976 93.0879 -23.752 30.6262
90.7469 -18.3696 35.3632 90.3127 -8.18254 30.5745 93.516 -18.2955 18.9189 95.1586
-10.4209 33.7328 92.2195 -12.0313 19.6368 96.027 -23.4499 23.1669 93.0879 -11.8639
19.7574 96.027 -21.3915 33.7629 90.3127 -10.5375 20.5385 96.027 -10.3868 20.6647
96.027 -18.4842 18.9742 95.1586 -13.3988 18.9938 96.027 -10.5724 33.8581 92.2195
-24.452 26.3193 92.0495 -13.587 18.9369 96.027 -20.0101 34.7661 90.3127 -20.6695
19.9971 94.5544 -8.15122 30.4801 93.686 -23.4094 22.9888 93.2579 -7.48946 26.3661
94.9886 -12.6595 34.9984 91.6153 -20.8328 20.1066 94.5544 -17.5476 35.6283 90.5769
-11.9408 19.6754 96.197 -24.4645 26.7064 92.0495 -8.2131 30.6691 93.686 -10.4588
20.5981 96.197 -22.0182 33.1543 90.5769 -24.4258 26.2301 92.2195 -12.8355 35.0909
91.6153 -7.47909 26.7532 94.9886 -13.4913 18.9608 96.197 -24.4271 26.429 92.2195
-7.50759 26.2694 95.1586 -19.2022 35.0717 90.5769 -20.754 20.048 94.7244 -19.9811
19.6625 94.9886 -17.4503 35.6415 90.7469 -7.5067 26.4716 95.1586 -20.7399 34.3298
90.5769 -17.6436 35.6055 90.7469 -12.7446 35.072 91.7853 -22.0946 33.0907 90.7469
-24.4036 28.8072 91.6153 -11.9465 34.696 92.0495 -21.9421 33.2184 90.7469 -8.55248
22.9384 96.027 -24.4396 26.8161 92.2195 -24.3643 28.9998 91.6153 -7.55151 28.8536
94.5544 -19.0962 35.0856 90.7469 -8.47415 23.2082 96.027 -7.49633 26.8588 95.1586
-19.2803 35.0214 90.7469 -24.5252 27.5738 92.0495 -19.877 19.6379 95.1586 -12.6905
19.2464 96.4612 -11.2075 20.1502 96.4701 -7.42311 27.621 94.9886 -7.59189 29.046
94.5544 -20.8191 34.2711 90.7469 -20.6556 34.3802 90.7469 -11.8741 34.6379 92.2195
-20.0634 19.7163 95.1586 -9.83475 21.1755 96.4612 -24.1418 24.5419 93.0879 -24.3888
28.9042 91.7853 -12.0574 34.7148 92.2195 -8.51359 23.0299 96.197 -24.5305 27.4753
92.2195 -24.5176 28.0638 92.0495 -24.2001 24.7296 93.0879 -14.2656 35.5981 91.6153
-14.3432 18.8185 96.4612 -7.41725 27.5225 95.1586 -7.56692 28.9506 94.7244 -7.43347
28.1109 94.9886 -12.6013 19.2885 96.6312 -21.9521 21.1218 94.5544 -11.2872 20.0969
96.6312 -12.783 19.2134 96.6312 -11.1203 20.1978 96.6401 -14.4587 35.635 91.6153
-22.0807 21.2779 94.5544 -9.90682 21.1088 96.6312 -23.8164 23.8491 93.5221 -9.76926
21.2492 96.6312 -7.78983 24.587 96.027 -23.8128 30.4369 91.6153 -24.5229 27.9653
92.2195 -24.1756 24.6346 93.2579 -7.73256 24.7751 96.027 -7.42762 28.0124 95.1586
-23.752 30.6262 91.6153 -14.2488 18.8458 96.6312 -24.5027 28.1608 92.2195 -14.361
35.6213 91.7853 -14.45 18.8255 96.6312 -23.7503 23.6777 93.6921 -21.4361 20.5556
94.9886 -7.44888 28.2079 95.1586 -22.0272 21.1853 94.7244 -13.5348 35.4206 92.0495
-10.4209 33.7328 93.0879 -18.2955 18.9189 96.027 -23.8466 23.9427 93.6921 -23.7821
30.5315 91.7853 -18.4842 18.9742 96.027 -7.7565 24.6798 96.197 -10.5724 33.8581
93.0879 -21.3573 20.497 95.1586 -8.15134 30.4801 94.5544 -13.4417 35.388 92.2195
-24.1095 29.7215 92.0495 -8.11143 23.8924 96.4612 -21.509 20.6219 95.1586 -9.90411
33.1682 93.5221 -13.6302 35.4437 92.2195 -8.21317 30.6691 94.5544 -10.4938 33.7993
93.2579 -24.4333 26.2227 93.0879 -18.391 18.9418 96.197 -24.4353 26.4249 93.0879
-24.1303 29.6254 92.2195 -17.5643 18.7431 96.4612 -8.17655 23.7206 96.6312 -7.50759
26.2694 96.027 -17.4503 35.6415 91.6153 -9.85093 33.0754 93.6921 -7.85069 29.7664
94.9886 -24.0526 29.8121 92.2195 -17.6436 35.6055 91.6153 -8.18254 30.5745 94.7244
-22.0946 33.0907 91.6153 -8.08169 23.9862 96.6312 -21.9421 33.2184 91.6153 -7.51491
26.4756 96.027 -24.4478 26.812 93.0879 -9.97913 33.2318 93.6921 -24.452 26.3193
93.2579 -19.09 35.0789 91.6153 -24.3875 25.458 93.5221 -19.2803 35.0214 91.6153
-17.4666 18.7296 96.6312 -7.82936 29.6704 95.1586 -7.50455 26.8628 96.027 -20.8191
34.2711 91.6153 -17.6598 18.7661 96.6312 -17.5476 35.6283 91.7853 -19.8701 19.644
96.027 -20.6556 34.3802 91.6153 -7.48946 26.3661 96.197 -11.8643 34.642 93.0879
-22.0182 33.1543 91.7853 -24.4645 26.7064 93.2579 -7.90803 29.8567 95.1586 -22.5894
21.854 94.9886 -7.54918 25.5044 96.4612 -20.0634 19.7163 96.027 -24.363 25.3629
93.686 -12.0506 34.7208 93.0879 -24.5305 27.4753 93.0879 -19.2022 35.0717 91.7853
-7.47909 26.7532 96.197 -24.4026 25.5554 93.6921 -20.7399 34.3298 91.7853 -7.41726
27.5225 96.027 -22.5202 21.7826 95.1586 -12.6013 19.2885 97.5085 -11.2872 20.0969
97.5085 -11.1202 20.1977 97.5085 -19.9811 19.6625 96.197 -12.783 19.2134 97.5085
-7.57312 25.4092 96.6312 -11.9465 34.696 93.2579 -19.1791 19.316 96.47 -11.1746
34.3086 93.5221 -24.5229 27.9653 93.0879 -22.6589 21.925 95.1586 -7.53462 25.602
96.6312 -9.90682 21.1088 97.5085 -9.76926 21.2492 97.5085 -24.5027 28.1608 93.0879
-24.5252 27.5738 93.2579 -7.42762 28.0124 96.027 -18.3696 35.3632 92.0495 -23.7503
23.6777 94.5544 -14.2488 18.8458 97.5085 -21.3915 33.7629 92.0495 -14.45 18.8255
97.5085 -11.1863 20.1324 97.6785 -7.42311 27.621 96.197 -7.44888 28.2079 96.027
-12.6905 19.2464 97.6785 -11.096 34.2498 93.686 -19.091 19.2699 96.6401 -20.0101
34.7661 92.0495 -23.8466 23.9427 94.5544 -19.2676 19.3527 96.6312 -11.259 34.3597
93.6921 -24.5176 28.0638 93.2579 -9.83475 21.1755 97.6785 -18.2772 35.3726 92.2195
-18.4619 35.2988 92.2195 -21.3573 20.497 96.027 -13.4417 35.388 93.0879 -21.454
33.6761 92.2195 -23.4094 22.9888 94.9886 -7.43347 28.1109 96.197 -14.3432 18.8185
97.6785 -21.3103 33.8185 92.2195 -13.6302 35.4437 93.0879 -23.8164 23.8491 94.7244
-21.509 20.6219 96.027 -19.9209 34.8081 92.2195 -20.0944 34.7157 92.2195 -11.9408
19.6754 97.9427 -24.1303 29.6254 93.0879 -23.3701 22.8976 95.1586 -10.4588 20.5981
97.9427 -9.85093 33.0754 94.5544 -24.0526 29.8121 93.0879 -13.4913 18.9608 97.9427
-13.5348 35.4206 93.2579 -21.4361 20.5556 96.197 -20.754 20.048 96.4612 -8.17655
23.7206 97.5085 -12.7446 35.072 93.5221 -23.4499 23.1669 95.1586 -9.97914 33.2318
94.5544 -8.08169 23.9862 97.5085 -12.0313 19.6368 98.1127 -11.8626 19.7484 98.1127
-10.5375 20.5385 98.1127 -10.3868 20.6647 98.1127 -24.1095 29.7215 93.2579 -7.82936
29.6704 96.027 -17.4666 18.7296 97.5085 -12.6592 35.0075 93.6921 -20.6695 19.9971
96.6312 -13.3988 18.9938 98.1127 -13.587 18.9369 98.1127 -9.90411 33.1682 94.7244
-17.6598 18.7661 97.5085 -12.8355 35.0909 93.686 -7.90803 29.8567 96.027 -20.8328
20.1066 96.6312 -24.3888 28.9042 93.5221 -24.363 25.3629 94.5544 -8.11143 23.8924
97.6785 -24.4026 25.5554 94.5544 -8.51359 23.0299 97.9427 -7.56692 28.9506 96.4612
-17.5643 18.7431 97.6785 -7.85069 29.7664 96.197 -24.4036 28.8072 93.686 -22.5202
21.7826 96.027 -7.57312 25.4092 97.5085 -24.3643 28.9998 93.6921 -24.1756 24.6346
94.9886 -22.6589 21.925 96.027 -24.3875 25.458 94.7244 -7.53462 25.602 97.5085
-14.361 35.6213 93.5221 -8.55248 22.9384 98.1127 -7.55151 28.8536 96.6312 -8.47415
23.2082 98.1127 -11.096 34.2498 94.5544 -22.0272 21.1853 96.4612 -7.59189 29.046
96.6312 -24.1418 24.5419 95.1586 -22.5894 21.854 96.197 -23.7821 30.5315 93.516
-19.0911 19.2698 97.5085 -14.2656 35.5981 93.686 -11.259 34.3597 94.5544 -7.54918
25.5044 97.6785 -18.2731 35.3823 93.0879 -24.2001 24.7296 95.1586 -18.4612 35.3079
93.0879 -19.2676 19.3527 97.5085 -14.4587 35.635 93.6921 -21.454 33.6761 93.0879
-7.7565 24.6798 97.9427 -21.3103 33.8185 93.0879 -21.9521 21.1218 96.6312 -23.8129
30.4369 93.686 -19.9209 34.8081 93.0879 -20.0944 34.7157 93.0879 -11.1746 34.3086
94.7244 -10.4938 33.7993 94.9886 -22.0807 21.2779 96.6312 -23.7521 30.6262 93.686
-19.1821 19.2885 97.6785 -18.3696 35.3632 93.2579 -18.391 18.9418 97.9427 -7.78983
24.587 98.1127 -23.3701 22.8976 96.027 -21.3915 33.7629 93.2579 -7.73256 24.7751
98.1127 -10.4209 33.7328 95.1586 -20.0101 34.7661 93.2579 -23.4499 23.1669 96.027
-8.18254 30.5745 96.4701 -10.5724 33.8581 95.1586 -24.452 26.3193 94.9886 -18.2955
18.9189 98.1127 -17.5476 35.6283 93.5221 -12.6592 35.0075 94.5544 -18.4842 18.9742
98.1127 -11.8626 19.7484 98.9811 -22.0182 33.1543 93.516 -10.5375 20.5385 98.9811
-23.4094 22.9888 96.197 -12.0313 19.6368 98.9976 -24.4645 26.7064 94.9886 -8.15152
30.48 96.6401 -20.6695 19.9971 97.5085 -10.3868 20.6647 98.9976 -12.8355 35.0909
94.5544 -24.4333 26.2227 95.1586 -13.587 18.9369 98.9811 -13.3988 18.9938 98.9976
-7.48946 26.3661 97.9427 -19.2022 35.0717 93.5221 -20.8328 20.1066 97.5085 -8.21328
30.669 96.6401 -24.4353 26.4249 95.1586 -17.4503 35.6415 93.686 -20.7399 34.3298
93.5221 -17.6436 35.6055 93.6921 -22.0946 33.0907 93.686 -11.9408 19.6754 99.1511
-21.9422 33.2185 93.686 -7.47909 26.7532 97.9427 -10.4588 20.5981 99.1511 -12.7446
35.072 94.7244 -24.4036 28.8072 94.5544 -11.9465 34.696 94.9886 -24.4478 26.812
95.1586 -7.50759 26.2694 98.1127 -20.754 20.048 97.6785 -19.0962 35.0856 93.6921
-24.3643 28.9998 94.5544 -19.2803 35.0214 93.686 -13.4913 18.9608 99.1676 -19.9811
19.6625 97.9427 -7.5067 26.4716 98.1127 -24.5252 27.5738 94.9886 -20.6556 34.3802
93.686 -20.8191 34.2711 93.6921 -11.8643 34.642 95.1586 -8.55248 22.9384 98.9811
-7.55151 28.8536 97.5085 -24.3888 28.9042 94.7244 -7.49633 26.8588 98.1127 -12.0506
34.7208 95.1586 -24.1418 24.5419 96.027 -19.877 19.6379 98.1127 -8.47415 23.2082
98.9811 -7.59189 29.046 97.5085 -7.42311 27.621 97.9427 -14.2656 35.5981 94.5544
-24.5176 28.0638 94.9886 -24.5305 27.4753 95.1586 -11.1863 20.1324 99.4153 -20.0634
19.7163 98.1127 -12.6905 19.2464 99.4318 -24.2001 24.7296 96.027 -14.4587 35.635
94.5544 -9.83475 21.1755 99.4318 -8.51359 23.0299 99.1511 -23.8128 30.4369 94.5544
-21.9521 21.1218 97.5085 -7.56692 28.9506 97.6785 -7.43347 28.1109 97.9427 -24.5229
27.9653 95.1586 -7.41726 27.5225 98.1127 -23.8164 23.8491 96.4612 -23.752 30.6262
94.5544 -24.1756 24.6346 96.197 -14.3432 18.8185 99.4318 -14.361 35.6212 94.7244
-12.6013 19.2885 99.5853 -22.0807 21.2779 97.5085 -11.1102 20.1947 99.5853 -24.5027
28.1608 95.1586 -12.783 19.2134 99.5853 -11.2872 20.0969 99.6018 -13.5348 35.4206
94.9886 -9.90682 21.1088 99.5853 -23.7503 23.6777 96.6312 -7.78983 24.587 98.9811
-9.76926 21.2492 99.5853 -7.42762 28.0124 98.1127 -10.4209 33.7328 96.027 -23.7821
30.5315 94.7244 -7.73256 24.7751 98.9976 -21.4361 20.5556 97.9427 -22.0272 21.1853
97.6785 -7.44888 28.2079 98.1127 -14.2488 18.8458 99.6018 -10.5724 33.8581 96.027
-23.8466 23.9427 96.6312 -14.45 18.8255 99.6018 -24.1095 29.7215 94.9886 -13.4417
35.388 95.1586 -18.2955 18.9189 98.9976 -13.6302 35.4437 95.1586 -18.4842 18.9742
98.9811 -21.3573 20.497 98.1127 -9.90411 33.1682 96.4612 -8.15134 30.4801 97.5085
-7.7565 24.6798 99.1676 -24.4333 26.2227 96.027 -10.4938 33.7993 96.197 -21.509
20.6219 98.1127 -24.1303 29.6254 95.1586 -17.4503 35.6415 94.5544 -8.21317 30.6691
97.5085 -24.4271 26.429 96.027 -17.6436 35.6055 94.5544 -24.0526 29.8121 95.1586
-8.11143 23.8924 99.4318 -22.0946 33.0907 94.5544 -21.9421 33.2184 94.5544 -18.391
18.9418 99.1511 -9.85093 33.0754 96.6312 -19.0962 35.0856 94.5544 -24.4396 26.8161
96.027 -19.2803 35.0214 94.5544 -7.85068 29.7664 97.9427 -9.97914 33.2318 96.6312
-8.18254 30.5745 97.6785 -24.452 26.3193 96.197 -17.5643 18.7431 99.4318 -7.50759
26.2694 98.9976 -24.3875 25.458 96.4612 -20.8191 34.2711 94.5544 -20.6556 34.3802
94.5544 -17.5476 35.6283 94.7244 -8.17655 23.7206 99.6018 -7.5067 26.4716 98.9811
-22.0182 33.1543 94.7244 -8.08169 23.9862 99.6018 -11.8643 34.642 96.027 -24.4645
26.7064 96.197 -7.82936 29.6704 98.1127 -19.2022 35.0717 94.7244 -12.0574 34.7148
96.027 -17.4666 18.7296 99.5853 -24.363 25.3629 96.6312 -7.49634 26.8588 98.9811
-24.5305 27.4753 96.027 -19.877 19.6379 98.9811 -7.90803 29.8567 98.1127 -22.5894
21.854 97.9427 -17.6598 18.7661 99.5853 -20.7399 34.3298 94.7244 -7.48946 26.3661
99.1511 -24.4026 25.5554 96.6312 -20.0634 19.7163 98.9976 -7.54918 25.5044 99.4318
-11.9465 34.696 96.197 -7.47909 26.7532 99.1511 -24.5229 27.9653 96.027 -11.1746
34.3086 96.4612 -22.5202 21.7826 98.1127 -7.41726 27.5225 98.9811 -18.3696 35.3632
94.9886 -24.5027 28.1608 96.027 -24.5252 27.5738 96.197 -19.9811 19.6625 99.1511
-7.57312 25.4092 99.5853 -22.6589 21.925 98.1127 -21.3915 33.7629 94.9886 -19.1821
19.2885 99.4153 -12.6013 19.2885 100.47 -11.2872 20.0969 100.47 -11.1202 20.1977
100.47 -12.783 19.2134 100.47 -7.53462 25.602 99.5853 -20.0101 34.7661 94.9886
-23.7503 23.6777 97.5085 -11.096 34.2498 96.6312 -7.42762 28.0124 98.9811 -9.90682
21.1088 100.47 -18.2731 35.3823 95.1586 -9.76926 21.2492 100.47 -24.5176 28.0638
96.197 -18.4612 35.3079 95.1586 -11.259 34.3597 96.6312 -7.42311 27.621 99.1511
-21.454 33.6761 95.1586 -23.8466 23.9427 97.5085 -7.44888 28.2079 98.9976 -14.2488
18.8458 100.47 -19.088 19.2597 99.5853 -21.3103 33.8185 95.1586 -13.4417 35.388
96.027 -14.45 18.8255 100.47 -11.1863 20.1324 100.64 -12.6905 19.2464 100.64
-13.6302 35.4437 96.027 -19.9209 34.8081 95.1586 -20.0944 34.7157 95.1586 -19.2676
19.3527 99.6018 -23.4094 22.9888 97.9427 -9.83475 21.1755 100.64 -7.43347 28.1109
99.1511 -21.3573 20.497 98.9976 -23.8164 23.8491 97.6785 -24.1303 29.6254 96.027
-21.509 20.6219 98.9811 -14.3432 18.8185 100.64 -24.0526 29.8121 96.027 -13.5348
35.4206 96.197 -23.3701 22.8976 98.1127 -12.7477 35.0444 96.4701 -9.85093 33.0754
97.5085 -11.9408 19.6754 100.904 -9.97914 33.2318 97.5085 -23.4499 23.1669 98.1127
-10.4588 20.5981 100.904 -21.4361 20.5556 99.1676 -24.1095 29.7215 96.197 -20.754
20.048 99.4318 -13.4913 18.9608 100.904 -12.6592 35.0075 96.6312 -8.17655 23.7206
100.47 -8.08169 23.9862 100.47 -24.3888 28.9042 96.4612 -12.8356 35.0908 96.6401
-7.82936 29.6704 98.9811 -9.90411 33.1682 97.6785 -20.6695 19.9971 99.5853 -24.363
25.3629 97.5085 -12.0313 19.6368 101.074 -11.8626 19.7484 101.074 -10.5375 20.5385
101.074 -17.4666 18.7296 100.47 -10.3868 20.6647 101.074 -7.90803 29.8567 98.9811
-20.8328 20.1066 99.5853 -13.3988 18.9938 101.074 -24.4026 25.5554 97.5085 -17.6598
18.7661 100.47 -13.587 18.9369 101.074 -24.4036 28.8072 96.6312 -8.11143 23.8924
100.64 -24.3643 28.9998 96.6312 -22.5202 21.7826 98.9811 -14.361 35.6212 96.4612
-7.85069 29.7664 99.1676 -7.56692 28.9506 99.4318 -24.3875 25.458 97.6785 -24.1756
24.6346 97.9427 -8.51359 23.0299 100.904 -17.5643 18.7431 100.64 -22.6589 21.925
98.9811 -7.57312 25.4092 100.47 -11.096 34.2498 97.5085 -23.7821 30.5315 96.47
-7.53462 25.602 100.47 -7.55151 28.8536 99.5853 -18.2731 35.3823 96.027 -18.4619
35.2988 96.027 -14.2656 35.5981 96.6312 -24.1418 24.5419 98.1127 -11.259 34.3597
97.5085 -8.55248 22.9384 101.074 -21.454 33.6761 96.027 -14.4587 35.635 96.6312
-7.59189 29.046 99.5853 -22.5894 21.854 99.1511 -21.3103 33.8185 96.027 -22.0272
21.1853 99.4318 -24.2001 24.7296 98.1127 -8.47415 23.2082 101.074 -19.9209 34.8081
96.027 -19.0911 19.2698 100.47 -20.0944 34.7157 96.027 -23.8126 30.4369 96.6401
-7.54918 25.5044 100.64 -19.2676 19.3527 100.47 -23.7519 30.6262 96.6401 -18.3696
35.3632 96.197 -11.1746 34.3086 97.6785 -10.4938 33.7993 97.9427 -21.9521 21.1218
99.6018 -7.7565 24.6798 100.904 -21.3915 33.7629 96.197 -22.0807 21.2779 99.6018
-20.0101 34.7661 96.197 -23.3701 22.8976 98.9811 -19.1821 19.2885 100.64 -10.4209
33.7328 98.1127 -18.391 18.9418 100.904 -7.78983 24.587 101.074 -17.5476 35.6283
96.4612 -24.452 26.3193 97.9427 -23.4499 23.1669 98.9811 -10.5724 33.8581 98.1127
-8.18254 30.5745 99.4318 -7.73256 24.7751 101.074 -22.0182 33.1543 96.47 -12.6592
35.0075 97.5085 -19.1851 35.0498 96.47 -12.8355 35.0909 97.5085 -24.4645 26.7064
97.9427 -23.4094 22.9888 99.1511 -18.2955 18.9189 101.074 -24.4333 26.2227 98.1127
-17.4503 35.6415 96.6312 -20.7399 34.3298 96.4612 -8.15134 30.4801 99.6018 -17.6436
35.6055 96.6312 -18.4842 18.9742 101.074 -20.6695 19.9971 100.47 -24.4353 26.4249
98.1127 -22.0945 33.0906 96.6401 -12.0313 19.6368 101.943 -11.8626 19.7484 101.943
-21.942 33.2182 96.6401 -10.5375 20.5385 101.943 -10.3868 20.6647 101.943 -8.21317
30.6691 99.6018 -20.8328 20.1066 100.47 -13.3988 18.9938 101.943 -7.48946 26.3661
100.904 -19.0962 35.0856 96.6312 -24.4036 28.8072 97.5085 -12.7446 35.072 97.6785
-13.587 18.9369 101.943 -19.2803 35.0213 96.6401 -11.9465 34.696 97.9427 -24.3643
28.9998 97.5085 -24.4478 26.812 98.1127 -20.8191 34.2711 96.6312 -20.6556 34.3802
96.6312 -7.47909 26.7532 100.904 -24.5252 27.5738 97.9427 -11.9408 19.6754 102.113
-10.4588 20.5981 102.113 -20.754 20.048 100.64 -7.50759 26.2694 101.074 -11.8643
34.642 98.1127 -19.9811 19.6625 100.904 -13.4913 18.9608 102.113 -24.3888 28.9042
97.6785 -7.5067 26.4716 101.074 -12.0506 34.7208 98.1127 -14.2656 35.5981 97.5085
-24.5176 28.0638 97.9427 -24.1418 24.5419 98.9811 -24.5305 27.4753 98.1127 -7.55151
28.8536 100.47 -14.4587 35.635 97.5085 -8.55248 22.9384 101.943 -7.49634 26.8588
101.074 -7.59189 29.046 100.47 -19.877 19.6379 101.074 -24.2001 24.7296 98.9976
-7.42311 27.621 100.904 -23.8128 30.4369 97.5085 -8.47415 23.2082 101.943 -20.0634
19.7163 101.074 -24.5229 27.9653 98.1127 -23.752 30.6262 97.5085 -11.1863 20.1324
102.377 -12.6905 19.2464 102.377 -14.361 35.6212 97.6785 -24.5027 28.1608 98.1127
-21.9521 21.1218 100.47 -23.8164 23.8491 99.4318 -7.56692 28.9506 100.64 -24.1756
24.6346 99.1676 -9.83475 21.1755 102.377 -7.43347 28.1109 100.904 -7.41726 27.5225
101.074 -8.51359 23.0299 102.113 -13.5348 35.4206 97.9427 -22.0807 21.2779 100.47
-23.7821 30.5315 97.6785 -14.3432 18.8185 102.377 -10.4209 33.7328 98.9811 -23.7503
23.6777 99.6018 -11.1202 20.1976 102.538 -12.6013 19.2885 102.547 -11.2872 20.0969
102.547 -12.783 19.2134 102.547 -7.42762 28.0124 101.074 -24.1095 29.7215 97.9427
-7.78983 24.587 101.943 -10.5724 33.8581 98.9976 -13.4417 35.388 98.1127 -9.90682
21.1088 102.547 -23.8466 23.9427 99.6018 -22.0272 21.1853 100.64 -9.76926 21.2492
102.547 -21.4361 20.5556 100.904 -7.73256 24.7751 101.943 -7.44888 28.2079 101.074
-13.6302 35.4437 98.1127 -14.2488 18.8458 102.547 -14.45 18.8255 102.547 -17.4503
35.6415 97.5085 -9.90411 33.1682 99.4318 -18.2955 18.9189 101.943 -24.4333 26.2227
98.9976 -24.1303 29.6254 98.1127 -10.4938 33.7993 99.1676 -17.6436 35.6055 97.5085
-8.15134 30.4801 100.47 -22.0946 33.0907 97.5085 -21.3573 20.497 101.074 -24.4353
26.4249 98.9811 -21.9421 33.2184 97.5085 -24.0526 29.8121 98.1127 -18.4842 18.9742
101.943 -7.7565 24.6798 102.113 -8.21317 30.6691 100.47 -19.0962 35.0856 97.5085
-21.509 20.6219 101.074 -19.2803 35.0214 97.5085 -9.85093 33.0754 99.6018 -24.4478
26.812 98.9811 -20.8191 34.2711 97.5085 -20.6556 34.3802 97.5085 -8.11143 23.8924
102.377 -17.5476 35.6283 97.6785 -24.452 26.3193 99.1511 -18.391 18.9418 102.113
-9.97914 33.2318 99.6018 -22.0182 33.1543 97.6785 -7.85069 29.7664 100.904 -24.3875
25.458 99.4318 -8.18254 30.5745 100.64 -7.50759 26.2694 101.943 -19.2022 35.0717
97.6785 -17.5643 18.7431 102.377 -11.8643 34.642 98.9976 -24.4645 26.7064 99.1511
-8.17655 23.7206 102.547 -12.0506 34.7208 98.9811 -7.5067 26.4716 101.943 -20.7399
34.3298 97.6785 -24.5305 27.4753 98.9811 -24.363 25.3629 99.5853 -8.08169 23.9862
102.547 -7.82936 29.6704 101.074 -24.4026 25.5554 99.5853 -22.5894 21.854 100.904
-7.49634 26.8588 101.943 -7.90803 29.8567 101.074 -17.4666 18.7296 102.547 -19.877
19.6379 101.943 -11.9465 34.696 99.1511 -7.48946 26.3661 102.113 -17.6598 18.7661
102.547 -24.5229 27.9653 98.9811 -18.3696 35.3632 97.9427 -20.0634 19.7163 101.943
-7.54918 25.5044 102.377 -11.1746 34.3086 99.4318 -21.3915 33.7629 97.9427 -24.5252
27.5738 99.1511 -24.5027 28.1608 98.9976 -22.5202 21.7826 101.074 -7.47909 26.7532
102.113 -20.0101 34.7661 97.9427 -7.41726 27.5225 101.943 -22.6589 21.925 101.074
-18.2731 35.3823 98.1127 -19.9811 19.6625 102.113 -11.096 34.2498 99.5853 -18.4612
35.3079 98.1127 -7.57312 25.4092 102.547 -23.7503 23.6777 100.47 -24.5176 28.0638
99.1511 -21.454 33.6761 98.1127 -19.1821 19.2885 102.377 -12.6013 19.2885 103.407
-21.3103 33.8185 98.1127 -11.2872 20.0969 103.407 -11.1202 20.1977 103.407 -11.259
34.3597 99.5853 -12.783 19.2134 103.407 -7.53462 25.602 102.547 -13.4417 35.388
98.9811 -7.42762 28.0124 101.943 -19.9209 34.8081 98.1127 -20.0944 34.7157 98.1127
-23.8466 23.9427 100.47 -9.90682 21.1088 103.407 -9.76927 21.2492 103.407 -13.6302
35.4437 98.9976 -7.44888 28.2079 101.943 -7.42311 27.621 102.113 -19.0912 19.2697
102.538 -14.2488 18.8458 103.407 -14.45 18.8255 103.407 -24.1303 29.6254 98.9811
-23.4094 22.9888 100.904 -11.1863 20.1324 103.577 -12.6905 19.2464 103.577 -19.2676
19.3527 102.547 -23.8164 23.8491 100.64 -24.0526 29.8121 98.9811 -21.3573 20.497
101.943 -13.5348 35.4206 99.1511 -7.43347 28.1109 102.113 -9.83475 21.1755 103.577
-12.7446 35.072 99.4153 -21.509 20.6219 101.943 -9.85093 33.0754 100.47 -23.3701
22.8976 101.074 -14.3432 18.8185 103.577 -9.97914 33.2318 100.47 -24.1095 29.7215
99.1676 -23.4499 23.1669 101.074 -12.6592 35.0075 99.6018 -21.4361 20.5556 102.113
-20.754 20.048 102.377 -11.9468 19.7025 103.841 -12.8386 35.101 99.5853 -10.4588
20.5981 103.841 -24.3888 28.9042 99.4318 -8.17656 23.7206 103.407 -13.4913 18.9608
103.841 -9.90411 33.1682 100.64 -24.363 25.3629 100.47 -8.08169 23.9862 103.407
-7.82936 29.6704 101.943 -24.4036 28.8072 99.5853 -24.4026 25.5554 100.47 -20.6695
19.9971 102.547 -7.90803 29.8567 101.943 -5.61081 -17.7788 104.882 -12.0313 19.6368
104.011 -17.4666 18.7296 103.407 -11.8626 19.7484 104.011 -5.17996 -17.9573 104.882
-10.5375 20.5385 104.011 -24.3643 28.9998 99.5853 -10.3868 20.6647 104.011 -20.8328
20.1066 102.547 -17.6598 18.7661 103.407 -13.3988 18.9938 104.011 -6.04167 -17.9573
104.882 -13.587 18.9369 104.011 -14.361 35.6212 99.4318 -5.00149 -18.3881 104.882
-8.11143 23.8924 103.577 -24.3875 25.458 100.64 -24.1756 24.6346 100.904 -22.5202
21.7826 101.943 -7.85069 29.7664 102.113 -7.56692 28.9506 102.377 -6.22014 -18.3881
104.882 -5.17996 -18.819 104.882 -23.7821 30.5315 99.4318 -18.4612 35.3079 98.9811
-8.51359 23.0299 103.841 -18.2731 35.3823 98.9976 -22.6589 21.925 101.943 -17.5643
18.7431 103.577 -14.2656 35.5981 99.5853 -11.096 34.2498 100.47 -6.04167 -18.819
104.882 -21.454 33.6761 98.9811 -5.61081 -18.9975 104.882 -21.3103 33.8185 98.9811
-7.57312 25.4092 103.407 -14.4587 35.635 99.5853 -24.1418 24.5419 101.074 -11.259
34.3597 100.47 -7.53463 25.602 103.407 -7.55151 28.8536 102.547 -19.9209 34.8081
98.9811 -20.0944 34.7157 98.9976 -24.2001 24.7296 101.074 -23.8128 30.4369 99.6018
-22.5894 21.854 102.113 -22.0272 21.1853 102.377 -7.59189 29.046 102.547 -8.55248
22.9384 104.011 -18.3696 35.3632 99.1511 -23.752 30.6262 99.6018 -8.47415 23.2082
104.011 -19.0911 19.2698 103.407 -11.1746 34.3086 100.64 -21.3915 33.7629 99.1676
-10.4938 33.7993 100.904 -7.54918 25.5044 103.577 -19.2676 19.3527 103.407 -20.0101
34.7661 99.1511 -21.9521 21.1218 102.547 -7.7565 24.6798 103.841 -22.0807 21.2779
102.547 -10.4209 33.7328 101.074 -23.3701 22.8976 101.943 -17.5476 35.6283 99.4318
-19.1821 19.2885 103.577 -22.0182 33.1543 99.4318 -24.452 26.3193 100.904 -10.5724
33.8581 101.074 -23.4499 23.1669 101.943 -18.391 18.9418 103.841 -12.6592 35.0075
100.47 -8.18254 30.5745 102.368 -19.2022 35.0717 99.4153 -7.78983 24.587 104.011
-12.8355 35.0909 100.47 -7.73256 24.7751 104.011 -17.4503 35.6415 99.5853 -24.4645
26.7064 100.904 -20.7399 34.3298 99.4318 -17.6436 35.6055 99.5853 -24.4333 26.2227
101.074 -23.4094 22.9888 102.113 -22.0946 33.0907 99.6018 -21.9421 33.2184 99.6018
-8.15117 30.4801 102.538 -18.2955 18.9189 104.011 -24.4353 26.4249 101.074 -19.2896
35.0264 99.5853 -19.0962 35.0856 99.6018 -24.4036 28.8072 100.47 -18.4842 18.9742
104.011 -20.6695 19.9971 103.407 -12.7446 35.072 100.64 -8.21307 30.6691 102.538
-20.8191 34.2711 99.5853 -20.6556 34.3802 99.5853 -11.9465 34.696 100.904 -24.3643
28.9998 100.47 -20.8328 20.1066 103.407 -12.0313 19.6368 104.888 -11.8626 19.7484
104.888 -24.4478 26.812 101.074 -10.5375 20.5385 104.888 -7.51529 26.3761 103.841
-10.3868 20.6647 104.888 -13.3988 18.9938 104.888 -24.5252 27.5738 100.904 -13.587
18.9369 104.888 -7.50493 26.7633 103.841 -11.8643 34.642 101.074 -24.3888 28.9042
100.64 -20.754 20.048 103.577 -7.50759 26.2694 104.011 -14.2656 35.5981 100.47
-12.0506 34.7208 101.074 -11.9408 19.6754 105.058 -19.9618 19.6825 103.841 -24.5176
28.0638 100.904 -10.4588 20.5981 105.058 -24.5305 27.4753 101.074 -14.4587 35.635
100.47 -7.5067 26.4716 104.011 -24.1418 24.5419 101.943 -13.4913 18.9608 105.058
-7.55151 28.8536 103.407 -23.8128 30.4369 100.47 -24.2001 24.7296 101.943 -7.59189
29.046 103.407 -7.49634 26.8588 104.011 -23.752 30.6262 100.47 -8.55258 22.9385
104.879 -19.877 19.6379 104.011 -24.5229 27.9653 101.074 -7.42311 27.621 103.841
-14.361 35.6212 100.64 -24.5027 28.1608 101.074 -20.0634 19.7163 104.011 -8.47433
23.2082 104.879 -23.8164 23.8491 102.377 -24.1756 24.6346 102.113 -13.5348 35.4206
100.904 -21.9521 21.1218 103.407 -11.1863 20.1324 105.322 -7.56692 28.9506 103.577
-12.6905 19.2464 105.322 -23.7821 30.5315 100.64 -7.43347 28.1109 103.841 -7.41726
27.5225 104.011 -22.0807 21.2779 103.407 -9.83475 21.1755 105.322 -8.51359 23.0299
105.049 -10.4209 33.7328 101.943 -23.7503 23.6777 102.547 -24.1095 29.7215 100.904
-13.4417 35.388 101.074 -10.5724 33.8581 101.943 -14.3432 18.8185 105.322 -23.8466
23.9427 102.547 -13.6302 35.4437 101.074 -7.42762 28.0124 104.011 -12.6013 19.2885
105.492 -11.2872 20.0969 105.492 -11.1202 20.1977 105.492 -12.783 19.2134 105.492
-22.0272 21.1853 103.577 -21.4361 20.5556 103.841 -7.78983 24.587 104.888 -17.4503
35.6415 100.47 -7.44888 28.2079 104.011 -9.90682 21.1088 105.492 -17.6436 35.6055
100.47 -7.73256 24.7751 104.888 -9.76926 21.2492 105.492 -24.1303 29.6254 101.074
-24.4333 26.2227 101.943 -22.0946 33.0907 100.47 -21.9421 33.2184 100.47 -9.90411
33.1682 102.377 -10.4938 33.7993 102.113 -24.0526 29.8121 101.074 -14.2488 18.8458
105.492 -24.4353 26.4249 101.943 -8.15134 30.4801 103.407 -19.0962 35.0856 100.47
-14.45 18.8255 105.492 -19.2803 35.0214 100.47 -18.2955 18.9189 104.888 -21.3573
20.497 104.011 -8.21317 30.6691 103.407 -20.8192 34.2711 100.47 -20.6556 34.3802
100.47 -18.4842 18.9742 104.888 -17.5476 35.6283 100.64 -21.509 20.6219 104.011
-7.7565 24.6798 105.058 -9.85093 33.0754 102.547 -24.4478 26.812 101.943 -22.0182
33.1543 100.64 -24.452 26.3193 102.113 -9.97914 33.2318 102.547 -24.3875 25.458
102.377 -19.2022 35.0717 100.64 -8.11143 23.8924 105.322 -8.18254 30.5745 103.577
-7.85069 29.7664 103.841 -11.8643 34.642 101.943 -18.391 18.9418 105.058 -20.7399
34.3298 100.64 -24.4645 26.7064 102.113 -12.0506 34.7208 101.943 -7.50759 26.2694
104.888 -24.5305 27.4753 101.943 -17.5643 18.7431 105.322 -24.363 25.3629 102.547
-8.17656 23.7206 105.492 -7.5067 26.4716 104.888 -7.82936 29.6704 104.011 -24.4026
25.5554 102.547 -8.08169 23.9862 105.492 -18.3696 35.3632 100.904 -22.5894 21.854
103.841 -7.90803 29.8567 104.011 -11.9465 34.696 102.113 -24.5229 27.9653 101.943
-7.49634 26.8588 104.888 -21.3915 33.7629 100.904 -19.877 19.6379 104.888 -11.1746
34.3086 102.377 -17.4666 18.7296 105.492 -24.5027 28.1608 101.943 -7.48946 26.366
105.058 -24.5252 27.5738 102.113 -20.0101 34.7661 100.904 -17.6598 18.7661 105.492
-20.0634 19.7163 104.888 -22.5202 21.7826 104.011 -7.54918 25.5044 105.322 -18.2731
35.3823 101.074 -18.4612 35.3079 101.074 -7.47909 26.7532 105.058 -21.454 33.6761
101.074 -11.096 34.2498 102.547 -22.6589 21.925 104.011 -21.3103 33.8185 101.074
-7.41726 27.5225 104.888 -24.5176 28.0638 102.113 -23.7503 23.6777 103.407 -19.9811
19.6625 105.058 -11.259 34.3597 102.547 -19.9209 34.8081 101.074 -20.0944 34.7157
101.074 -13.4417 35.388 101.943 -7.57312 25.4092 105.492 -19.1821 19.2885 105.322
-13.6302 35.4437 101.943 -23.8466 23.9427 103.407 -7.53463 25.602 105.492 -7.42762
28.0124 104.888 -12.6013 19.2885 106.361 -11.1202 20.1977 106.361 -11.2946 20.1022
106.361 -12.783 19.2134 106.361 -24.1303 29.6254 101.943 -7.44888 28.2079 104.888
-7.42311 27.621 105.058 -9.90682 21.1088 106.361 -23.4094 22.9888 103.841 -9.76926
21.2492 106.361 -24.0526 29.8121 101.943 -23.8164 23.8491 103.577 -19.0911 19.2698
105.492 -13.5348 35.4206 102.113 -14.2488 18.8458 106.361 -12.7446 35.072 102.377
-19.2676 19.3527 105.492 -14.45 18.8255 106.361 -21.3573 20.497 104.888 -11.1863
20.1324 106.531 -12.6905 19.2464 106.531 -7.43347 28.1109 105.058 -9.85093 33.0754
103.407 -23.3701 22.8976 104.011 -21.509 20.6219 104.888 -24.1095 29.7215 102.113
-9.83475 21.1755 106.531 -9.97914 33.2318 103.407 -12.6592 35.0075 102.547 -23.4499
23.1669 104.011 -14.3432 18.8185 106.531 -12.8355 35.091 102.538 -24.3888 28.9042
102.377 -21.4361 20.5556 105.058 -20.754 20.048 105.322 -9.90411 33.1682 103.577
-24.363 25.3629 103.407 -11.9408 19.6754 106.795 -10.4588 20.5981 106.795 -24.4036
28.8072 102.547 -24.4026 25.5554 103.407 -8.17656 23.7206 106.361 -7.82936 29.6704
104.888 -13.4913 18.9608 106.795 -24.3643 28.9998 102.547 -8.08169 23.9862 106.361
-7.90803 29.8567 104.888 -20.6695 19.9971 105.492 -14.361 35.6212 102.377 -20.8328
20.1066 105.492 -17.4666 18.7296 106.361 -24.3875 25.458 103.577 -12.0293 19.6471
106.965 -11.8639 19.7574 106.965 -24.1756 24.6346 103.841 -10.5375 20.5385 106.965
-10.3868 20.6647 106.965 -17.6598 18.7661 106.361 -23.7821 30.5315 102.368 -18.2731
35.3823 101.943 -18.4612 35.3079 101.943 -22.52 21.7827 104.879 -13.3988 18.9938
106.965 -13.587 18.9369 106.965 -7.85069 29.7664 105.058 -8.11143 23.8924 106.531
-14.2656 35.5981 102.547 -21.454 33.6761 101.943 -7.56692 28.9506 105.322 -11.096
34.2498 103.407 -21.3103 33.8185 101.943 -22.6589 21.9251 104.879 -14.4587 35.635
102.547 -11.259 34.3597 103.407 -19.9209 34.8081 101.943 -20.0944 34.7157 101.943
-24.1418 24.5419 104.011 -23.8129 30.4369 102.538 -8.51359 23.0299 106.795 -17.5643
18.7431 106.531 -18.3696 35.3632 102.113 -24.2001 24.7296 104.011 -7.57312 25.4092
106.361 -23.7521 30.6262 102.538 -7.55151 28.8536 105.492 -22.5894 21.854 105.049
-21.3915 33.7629 102.113 -7.53463 25.602 106.361 -22.0272 21.1853 105.322 -7.59189
29.046 105.492 -11.1746 34.3086 103.577 -10.4938 33.7993 103.841 -20.0101 34.7661
102.113 -8.55248 22.9384 106.965 -19.0911 19.2698 106.361 -8.47415 23.2082 106.965
-7.54918 25.5044 106.531 -21.9521 21.1218 105.492 -17.5476 35.6283 102.377 -19.2674
19.3618 106.361 -22.0182 33.1543 102.368 -10.4209 33.7328 104.011 -22.0807 21.2779
105.492 -23.37 22.8976 104.879 -24.4262 26.3295 103.841 -7.7565 24.6798 106.795
-10.5724 33.8581 104.011 -12.6592 35.0075 103.407 -19.2022 35.0717 102.377 -23.4497
23.1669 104.879 -19.1821 19.2885 106.531 -12.8355 35.0909 103.407 -20.7399 34.3298
102.377 -17.4503 35.6415 102.547 -24.4387 26.7166 103.841 -8.18254 30.5745 105.322
-17.6436 35.6055 102.547 -22.0946 33.0907 102.538 -21.9422 33.2185 102.538 -18.391
18.9418 106.795 -24.4333 26.2227 104.011 -7.78983 24.587 106.965 -19.0962 35.0856
102.547 -23.4094 22.9888 105.049 -19.2803 35.0215 102.538 -24.4353 26.4249 104.011
-7.73256 24.7751 106.965 -24.4036 28.8072 103.407 -12.7446 35.072 103.577 -20.8192
34.2711 102.547 -8.15134 30.4801 105.492 -20.6556 34.3802 102.547 -24.3643 28.9998
103.407 -11.9658 34.6761 103.841 -18.2955 18.9189 106.965 -24.4478 26.812 104.011
-8.21317 30.6691 105.492 -20.6695 19.9971 106.361 -18.4842 18.9742 106.965 -24.5252
27.5738 103.841 -20.8328 20.1066 106.361 -7.48946 26.3661 106.795 -12.0313 19.6368
107.833 -24.3888 28.9042 103.577 -11.8626 19.7484 107.833 -11.8643 34.642 104.011
-10.5375 20.5385 107.833 -10.3868 20.6647 107.833 -14.2656 35.5981 103.407 -13.3988
18.9938 107.833 -12.0506 34.7208 104.011 -13.587 18.9369 107.833 -24.5176 28.0638
103.841 -14.4587 35.635 103.407 -24.5305 27.4753 104.011 -7.4791 26.7532 106.795
-20.754 20.048 106.531 -23.8128 30.4369 103.407 -24.1418 24.5419 104.888 -7.5151
26.2768 106.965 -19.9811 19.6625 106.795 -11.9408 19.6754 108.003 -23.752 30.6262
103.407 -10.4588 20.5981 108.003 -24.2001 24.7296 104.888 -7.51491 26.4756 106.965
-24.5229 27.9653 104.011 -7.55151 28.8536 106.361 -14.361 35.6212 103.577 -13.4913
18.9608 108.003 -24.5027 28.1608 104.011 -7.59189 29.046 106.361 -7.50455 26.8628
106.965 -13.5348 35.4206 103.841 -19.8701 19.644 106.965 -7.42311 27.621 106.795
-23.7821 30.5315 103.577 -8.55248 22.9384 107.833 -24.1756 24.6346 105.058 -23.8164
23.8491 105.322 -20.0537 19.7204 106.965 -8.47415 23.2082 107.833 -21.9521 21.1218
106.361 -7.56692 28.9506 106.531 -24.1095 29.7215 103.841 -10.4209 33.7328 104.888
-7.43347 28.1109 106.795 -13.4417 35.388 104.011 -11.1863 20.1324 108.268 -22.0807
21.2779 106.361 -12.6905 19.2464 108.268 -23.7503 23.6777 105.492 -7.41726 27.5225
106.965 -10.5724 33.8581 104.888 -13.6302 35.4437 104.011 -9.83475 21.1755 108.268
-8.51359 23.0299 108.003 -17.4503 35.6415 103.407 -23.8466 23.9427 105.492 -17.6436
35.6055 103.407 -22.0946 33.0907 103.407 -21.9421 33.2184 103.407 -24.1303 29.6254
104.011 -7.42762 28.0124 106.965 -14.3432 18.8185 108.268 -22.0272 21.1853 106.531
-24.0526 29.8121 104.011 -24.4333 26.2227 104.888 -21.4361 20.5556 106.795 -19.0962
35.0856 103.407 -11.1202 20.1977 108.431 -12.6013 19.2885 108.438 -10.4938 33.7993
105.058 -12.783 19.2134 108.431 -11.2872 20.0969 108.438 0.466972 -78.7873 77.9935
-0.478311 -78.7873 77.9935 -9.90411 33.1682 105.322 -19.2803 35.0214 103.407 65.0361
-44.4469 78.0189 65.5592 -43.6717 78.0189 0.466972 78.7996 77.9935 -0.478311 78.7996
77.9935 -7.44888 28.2079 106.965 -7.78983 24.587 107.833 65.5674 43.6717 78.0189
65.0444 44.4471 78.0189 -65.0393 -44.4589 78.0188 -65.5625 -43.6837 78.0188 -65.582
43.6669 78.0188 -65.0591 44.4422 78.0188 -24.4353 26.4249 104.888 -20.8192 34.2711
103.407 -9.90682 21.1088 108.431 -20.6556 34.3802 103.407 -7.73256 24.7751 107.833
-17.5476 35.6283 103.577 -9.76927 21.2492 108.438 -8.15134 30.4801 106.361 -22.0182
33.1543 103.577 -14.2488 18.8458 108.438 -21.3573 20.497 106.965 -24.4478 26.812
104.888 0.579157 -79.5164 77.4295 -0.590492 -79.5164 77.4295 -9.85093 33.0754 105.492
65.572 -44.9425 77.4609 66.2193 -43.9832 77.4609 64.8222 -44.1805 78.5278 65.2321
-43.5731 78.5278 0.579157 79.5288 77.4295 -0.590492 79.5288 77.4295 -8.21317 30.6691
106.361 -18.2955 18.9189 107.833 66.2275 43.9831 77.4609 65.5805 44.9425 77.4609
-65.5751 -44.9545 77.4609 -66.2226 -43.9954 77.4609 65.2403 43.5732 78.5278 64.8305
44.1807 78.5278 -14.45 18.8255 108.438 -64.8255 -44.1924 78.5278 -65.2354 -43.5851
78.5278 -66.2422 43.9782 77.4609 -65.5951 44.9376 77.4609 -65.2548 43.5684 78.5278
-64.8451 44.1759 78.5278 -19.2022 35.0717 103.577 -24.452 26.3193 105.058 -9.04003
20.4674 108.757 -8.69044 20.1287 108.849 -21.509 20.6219 106.965 -7.7565 24.5929
108.003 -18.4842 18.9742 107.833 -9.97914 33.2318 105.492 -24.3875 25.458 105.322
0.360696 -78.5451 78.5278 -0.372036 -78.5451 78.5278 -20.7399 34.3298 103.577 0.360696
78.5575 78.5278 -0.372036 78.5575 78.5278 -11.8643 34.642 104.888 -14.24 17.6879
108.757 -14.1526 17.2091 108.849 1.3403 -78.7873 78.3553 -1.35164 -78.7873 78.3553
-24.4645 26.7064 105.058 64.5528 -45.1631 78.3767 66.0425 -42.9555 78.3767 -8.18254
30.5745 106.531 1.3403 78.7996 78.3553 -1.35164 78.7996 78.3553 66.0506 42.9554
78.3767 64.5613 45.1634 78.3767 -64.5559 -45.175 78.3767 -66.046 -42.9676 78.3767
-66.0651 42.9505 78.3767 -64.576 45.1586 78.3767 -12.0506 34.7208 104.888 -7.85069
29.7664 106.795 -24.5305 27.4753 104.888 -8.11143 23.8924 108.268 -18.391 18.9418
108.003 -24.363 25.3629 105.492 64.4436 -44.7416 78.8082 65.6107 -43.012 78.8082
65.6188 43.012 78.8082 64.452 44.7419 78.8082 -64.4467 -44.7535 78.8082 -65.6142
-43.024 78.8082 -7.94156 21.8177 108.757 -65.6334 43.0071 78.8082 -64.4666 44.7371
78.8082 -18.3694 35.3355 103.841 -7.53658 21.5471 108.849 -7.50759 26.2694 107.833
-24.4026 25.5554 105.492 -11.4732 20.4496 108.757 -11.2463 20.1101 108.849 -21.3915
33.7629 103.841 1.03765 -78.5451 78.8082 -1.04899 -78.5451 78.8082 -17.5643 18.7431
108.268 -12.8735 19.7012 108.757 1.03765 78.5574 78.8082 -1.04899 78.5574 78.8082
-7.82936 29.6704 106.965 -12.7172 19.3238 108.849 -11.9465 34.696 105.058 -24.5229
27.9653 104.888 -7.5067 26.4716 107.833 -8.17656 23.7206 108.438 -15.973 17.5248
108.757 1.65978 -79.5164 77.8771 -1.67111 -79.5164 77.8771 64.974 -45.8287 77.9037
66.8173 -43.097 77.9037 66.8254 43.0968 77.9037 64.9826 45.8288 77.9037 -20.0101
34.7661 103.841 -64.977 -45.8406 77.9037 -66.8207 -43.1093 77.9037 1.65978 79.5288
77.8771 -1.67111 79.5288 77.8771 -22.5894 21.854 106.795 -10.2458 21.4569 108.757
-66.8399 43.0919 77.9037 -64.9974 45.824 77.9037 -15.973 17.0377 108.849 -11.1746
34.3086 105.322 -24.5027 28.1608 104.888 -8.08169 23.8992 108.438 -9.957 21.1681
108.849 -7.90803 29.8567 106.965 -24.5252 27.5738 105.058 -18.2731 35.3823 104.011
-14.3929 19.2403 108.757 -7.49634 26.8588 107.833 -18.4612 35.3079 104.011 -14.3132
18.8397 108.849 -19.877 19.6379 107.833 -7.48946 26.2791 108.003 -21.454 33.6761
104.011 -17.4666 18.7296 108.438 -21.3103 33.8185 104.011 -20.0634 19.7163 107.833
-17.6598 18.7661 108.431 -22.5202 21.7826 106.965 -7.11439 23.3493 108.757 -11.096
34.2498 105.492 -24.5176 28.0638 105.058 -19.9209 34.8081 104.011 -20.0944 34.7157
104.011 -6.6677 23.1559 108.849 -7.54918 25.5044 108.268 -13.4417 35.388 104.888
-22.6589 21.925 106.965 -11.259 34.3597 105.492 -7.4791 26.7532 108.003 -23.7503
23.6777 106.361 -7.41726 27.5225 107.833 -13.6302 35.4437 104.888 64.1538 -45.1711
79.3263 65.9005 -42.5825 79.3263 65.9085 42.5824 79.3263 64.1623 45.1714 79.3263
-64.1568 -45.1829 79.3263 -65.9041 -42.5945 79.3263 -19.9811 19.6625 108.003 -65.923
42.5776 79.3263 -64.1769 45.1667 79.3263 -17.7061 17.6879 108.757 -23.8466 23.9427
106.361 -7.57312 25.3222 108.431 64.1829 -45.7113 79.038 66.4124 -42.4073 79.038
2.00872 -78.7873 79.0237 -2.02006 -78.7873 79.0237 66.4203 42.4072 79.038 64.1915
45.7116 79.038 -64.1859 -45.7231 79.038 -66.416 -42.4195 79.038 2.00872 78.7996
79.0237 -2.02006 78.7996 79.0237 -66.4348 42.4023 79.038 -64.2062 45.7069 79.038
-17.7934 17.2091 108.849 -24.1303 29.6254 104.888 -19.1821 19.2885 108.268 1.55577
-78.5451 79.3263 -1.56711 -78.5451 79.3263 1.55577 78.5575 79.3263 -1.56711 78.5574
79.3263 -7.53463 25.515 108.438 -7.42762 28.0124 107.833 -24.0526 29.8121 104.888
-13.5348 35.4206 105.058 -8.69044 20.1287 109.532 -7.44888 28.2079 107.833 -8.49004
24.0846 108.757 -23.4095 22.9888 106.795 -7.42311 27.621 108.003 -23.8164 23.8491
106.531 -12.7446 35.072 105.322 -8.11271 23.9283 108.849 -19.0912 19.2697 108.431
-14.1526 17.2091 109.532 -24.1095 29.7215 105.058 -9.85093 33.0754 106.361 -21.3573
20.497 107.833 -19.2676 19.3527 108.438 -17.5532 19.2403 108.757 -7.43347 28.1109
108.003 -23.3701 22.8976 106.965 -17.6328 18.8397 108.849 -12.6592 35.0075 105.492
-21.509 20.6219 107.833 -9.97914 33.2318 106.361 -7.53658 21.5471 109.532 64.5163
-46.5069 78.722 67.275 -42.4187 78.722 -24.3888 28.9042 105.322 2.48685 -79.5164
78.7042 -2.49818 -79.5164 78.7042 67.2829 42.4184 78.722 64.525 46.5072 78.722
-64.5191 -46.5188 78.7219 -67.2785 -42.4311 78.7219 -12.8355 35.0909 105.492 -67.2974
42.4135 78.7219 -64.5398 46.5024 78.7219 2.48685 79.5288 78.7042 -2.49818 79.5288
78.7042 -23.4499 23.1669 106.965 -11.2463 20.1101 109.532 -12.7172 19.3238 109.532
-15.973 17.0377 109.532 -9.957 21.1681 109.532 -21.4361 20.5556 108.003 -9.90411
33.1682 106.531 -8.02913 25.604 108.757 -24.363 25.3629 106.361 -24.4036 28.8072
105.492 -20.754 20.048 108.268 -14.3132 18.8397 109.532 63.9969 -45.4036 80.0033
66.0574 -42.35 80.0033 -7.62856 25.5243 108.849 66.0653 42.35 80.0033 64.0055
45.4039 80.0033 -64 -45.4153 80.0033 -66.061 -42.3621 80.0033 -66.0798 42.3451
80.0033 -64.0202 45.3992 80.0033 -24.4026 25.5554 106.361 -24.3643 28.9998 105.492
-14.361 35.6212 105.322 -7.82936 29.6704 107.833 1.83618 -78.5451 80.0033 -1.84752
-78.5451 80.0033 1.83618 78.5575 80.0033 -1.84752 78.5574 80.0033 -6.6677 23.1559
109.532 -19.0726 19.7012 108.757 -8.89893 22.4574 109.532 -7.90803 29.8567 107.833
-20.6695 19.9971 108.438 -18.2732 35.3823 104.888 -18.4612 35.3079 104.888 -23.7821
30.5315 105.322 -19.2289 19.3238 108.849 -24.3875 25.458 106.531 63.9827 -46.008
79.9021 66.6126 -42.1107 79.9021 -20.8328 20.1066 108.431 -21.454 33.6761 104.888
66.6205 42.1105 79.9021 63.9914 46.0083 79.9021 -63.9856 -46.0197 79.902 -66.6162
-42.1229 79.902 -24.1756 24.6346 106.795 2.37047 -78.7873 79.897 -2.3818 -78.7873
79.897 -66.635 42.1056 79.902 -64.0061 46.0036 79.902 2.37047 78.7996 79.897
-2.3818 78.7996 79.897 -21.3103 33.8185 104.888 -14.2656 35.5981 105.492 -15.973
18.6762 109.532 -14.4587 35.635 105.492 -11.096 34.2498 106.361 -22.5202 21.7826
107.833 -19.9209 34.8081 104.888 -17.7934 17.2091 109.532 -20.0944 34.7157 104.888
-7.85069 29.7664 108.003 -7.56692 28.9506 108.268 -11.259 34.3597 106.361 -23.8128
30.4369 105.492 -22.6589 21.925 107.833 -18.3696 35.3632 105.058 -24.1418 24.5419
106.965 -7.8735 27.1842 108.757 -23.752 30.6262 105.492 -21.3915 33.7629 105.058
-8.11271 23.9283 109.532 -24.2001 24.7296 106.965 -7.46509 27.1842 108.849 -20.0101
34.7661 105.058 -7.55151 28.8536 108.431 -11.1746 34.3086 106.531 -22.5894 21.854
108.003 -22.0272 21.1853 108.268 -10.4938 33.7993 106.795 -7.59189 29.046 108.438
-17.6328 18.8397 109.532 -20.4729 20.4496 108.757 -17.5476 35.6283 105.322 63.9969
-45.4036 80.736 66.0574 -42.35 80.736 66.0653 42.35 80.736 64.0055 45.4039
80.736 -22.0182 33.1543 105.322 -64 -45.4153 80.736 -66.061 -42.3621 80.736
-66.0798 42.3451 80.736 -64.0202 45.3992 80.736 -20.6998 20.1101 108.849 -21.9521
21.1218 108.438 -10.4209 33.7328 106.965 1.83618 -78.5451 80.736 -1.84752 -78.5451
80.736 -19.2022 35.0717 105.322 1.83618 78.5575 80.736 -1.84752 78.5574 80.736
64.2686 -46.874 79.7911 67.5227 -42.0517 79.7911 67.5306 42.0513 79.7911 64.2774
46.8743 79.7911 -64.2714 -46.8858 79.791 -24.452 26.3193 106.795 -67.5263 -42.064
79.791 -67.545 42.0463 79.791 -64.2922 46.8695 79.791 2.93445 -79.5164 79.7848
-2.94579 -79.5164 79.7848 -12.6595 34.9984 106.361 -23.3701 22.8976 107.833 -22.0807
21.2779 108.438 2.93445 79.5288 79.7848 -2.94579 79.5288 79.7848 -10.5724 33.8581
106.965 -20.7399 34.3298 105.322 -17.4503 35.6415 105.492 -7.62856 25.5243 109.532
-17.6436 35.6055 105.492 -12.8355 35.0909 106.361 -22.0946 33.0907 105.492 -21.9421
33.2184 105.492 -23.4499 23.1669 107.833 -24.4645 26.7064 106.795 -8.02913 28.7643
108.757 -8.18254 30.5745 108.261 -19.0962 35.0856 105.492 -24.4258 26.2301 106.965
-19.2803 35.0214 105.492 -20.8192 34.2711 105.492 -24.4271 26.429 106.965 -20.6556
34.3802 105.492 -24.4036 28.8072 106.361 -7.62856 28.844 108.849 -19.2289 19.3238
109.532 -23.4095 22.9888 108.003 -12.7446 35.072 106.531 63.9827 -46.008 80.8373
66.6126 -42.1107 80.8373 66.6205 42.1105 80.8373 63.9914 46.0083 80.8373 -63.9856
-46.0197 80.8372 -66.6162 -42.1229 80.8372 -24.3643 28.9998 106.361 -66.635 42.1056
80.8372 -64.0061 46.0036 80.8372 2.37047 -78.7873 80.8423 -2.3818 -78.7873 80.8423
2.37047 78.7996 80.8423 -2.3818 78.7996 80.8423 -11.9465 34.696 106.795 -8.15122
30.4801 108.431 -24.4396 26.8161 106.965 -21.7003 21.4569 108.757 -8.2131 30.6691
108.431 -24.5252 27.5738 106.795 -22.906 20.4674 108.757 -24.3888 28.9042 106.531
-21.9891 21.1681 108.849 -11.8741 34.6379 106.965 -14.2656 35.5981 106.361 64.1538
-45.1711 81.413 65.9005 -42.5825 81.413 65.9085 42.5824 81.413 64.1623 45.1714
81.413 -64.1568 -45.1829 81.413 -65.9041 -42.5945 81.413 -65.923 42.5776 81.413
-64.1769 45.1667 81.413 -14.4587 35.635 106.361 -12.0574 34.7148 106.965 -7.46509
27.1842 109.532 -24.5176 28.0638 106.795 -23.2556 20.1287 108.849 -24.5305 27.4753
106.965 1.55577 -78.5451 81.413 -1.56711 -78.5451 81.413 1.55577 78.5575 81.413
-1.56711 78.5574 81.413 -23.8128 30.4369 106.361 -24.1418 24.5419 107.833 -23.752
30.6262 106.361 -8.49004 30.2837 108.757 -14.361 35.6212 106.531 -24.5229 27.9653
106.965 -24.2001 24.7296 107.833 -20.6998 20.1101 109.532 -24.5027 28.1608 106.965
-8.11271 30.44 108.849 -7.11439 31.019 108.757 -13.5348 35.4206 106.795 -23.7821
30.5315 106.531 -24.1751 24.5476 108.003 -23.8164 23.8491 108.268 -6.6677 31.2124
108.849 64.4436 -44.7416 81.9311 65.6107 -43.012 81.9311 65.6188 43.012 81.9311
64.452 44.7419 81.9311 -64.4467 -44.7535 81.9311 -65.6142 -43.024 81.9311 -24.1095
29.7215 106.795 -65.6334 43.0071 81.9311 -64.4666 44.7371 81.9311 -13.4417 35.388
106.965 -10.4209 33.7328 107.833 -24.0045 21.8177 108.757 64.2686 -46.874 80.9483
67.5227 -42.0517 80.9483 67.5306 42.0513 80.9483 64.2774 46.8743 80.9483 -64.2714
-46.8858 80.9482 -67.5263 -42.064 80.9482 -67.545 42.0463 80.9482 -64.2922 46.8695
80.9482 1.03765 -78.5451 81.9311 -1.04899 -78.5451 81.9311 -23.7503 23.6777 108.438
-13.6302 35.4437 106.965 64.1829 -45.7113 81.7013 66.4124 -42.4073 81.7013 1.03765
78.5574 81.9311 -1.04899 78.5574 81.9311 2.93445 -79.5164 80.9545 66.4203 42.4072
81.7013 -2.94579 -79.5164 80.9545 64.1915 45.7116 81.7013 -64.1859 -45.7231 81.7013
-66.416 -42.4195 81.7013 -10.5724 33.8581 107.833 -66.4348 42.4023 81.7013 -64.2062
45.7069 81.7013 2.93445 79.5288 80.9545 -2.94579 79.5288 80.9545 -17.4503 35.6415
106.361 -7.62856 28.844 109.532 2.00872 -78.7873 81.7156 -2.02006 -78.7873 81.7156
2.00872 78.7996 81.7156 -2.02006 78.7996 81.7156 -17.6436 35.6055 106.361 -22.0946
33.0907 106.361 -23.8461 23.8557 108.438 -21.9421 33.2184 106.361 -24.1303 29.6254
106.965 -19.09 35.0789 106.361 -24.4095 21.5471 108.849 -24.0526 29.8121 106.965
-19.2803 35.0214 106.361 64.8222 -44.1805 82.2115 65.2321 -43.5731 82.2115 -24.4333
26.2227 107.833 65.2403 43.5732 82.2115 64.8305 44.1807 82.2115 -64.8255 -44.1924
82.2115 -65.2354 -43.5851 82.2115 -65.2548 43.5684 82.2115 -64.8451 44.1759 82.2115
-10.4938 33.7993 108.003 -9.90411 33.1682 108.268 -20.8192 34.2711 106.361 -20.6556
34.3802 106.361 -24.4353 26.4249 107.833 -17.5476 35.6283 106.531 0.360695 -78.5451
82.2115 -0.372036 -78.5451 82.2115 -21.9891 21.1681 109.532 0.360695 78.5575 82.2115
-0.372036 78.5575 82.2115 -22.0182 33.1543 106.531 -23.2556 20.1287 109.532 -24.4478
26.812 107.833 -19.2022 35.0717 106.531 -9.85093 33.0754 108.438 -7.94156 32.5506
108.757 -24.4515 26.2323 108.003 -20.7399 34.3298 106.531 -23.456 24.0846 108.757
-9.97914 33.2318 108.438 -24.3875 25.458 108.268 -11.8643 34.642 107.833 -24.4645
26.7064 108.003 -12.0506 34.7208 107.833 -7.53658 32.8212 108.849 -24.5305 27.4753
107.833 -23.8333 23.9283 108.849 -8.11271 30.44 109.532 -24.8317 23.3493 108.757
-24.3626 25.2759 108.431 64.5528 -45.1631 82.3626 66.0425 -42.9555 82.3626 66.0506
42.9554 82.3626 64.5613 45.1634 82.3626 -64.5559 -45.175 82.3626 -66.046 -42.9676
82.3626 -66.0651 42.9505 82.3626 -64.576 45.1586 82.3626 -18.3696 35.3632 106.795
1.3403 -78.7873 82.384 -1.35164 -78.7873 82.384 1.3403 78.7996 82.384 -1.35164
78.7996 82.384 -21.3915 33.7629 106.795 -24.4021 25.4685 108.438 -11.9465 34.696
108.003 -24.5229 27.9653 107.833 -20.0101 34.7661 106.795 -6.6677 31.2124 109.532
-10.2458 32.9114 108.757 -24.5027 28.1608 107.833 -25.2784 23.1559 108.849 -11.1746
34.3086 108.268 -24.5252 27.5738 108.003 -18.2772 35.3726 106.965 -18.4619 35.2988
106.965 -23.0471 22.4574 109.532 -21.454 33.6761 106.965 -21.3103 33.8185 106.965
65.0361 -44.4469 82.7205 65.5592 -43.6717 82.7205 65.5674 43.6717 82.7205 65.0444
44.4471 82.7205 -65.0393 -44.4589 82.7205 -65.5625 -43.6837 82.7205 -9.957 33.2002
108.849 -19.9209 34.8081 106.965 -20.0944 34.7157 106.965 -65.582 43.6669 82.7205
-65.0591 44.4422 82.7205 69.72 -47.9039 76.784 70.5179 -46.7214 76.784 64.5163
-46.5069 82.0174 67.275 -42.4187 82.0174 70.5267 46.7205 76.784 69.729 47.9031
76.784 -69.7226 -47.9167 76.7839 -70.5207 -46.7344 76.7839 67.2829 42.4184 82.0174
64.525 46.5072 82.0174 -24.5176 28.0638 108.003 -11.096 34.2498 108.431 -64.5191
-46.5188 82.0173 -67.2785 -42.4311 82.0173 -70.5415 46.7153 76.7839 -69.7439 47.898
76.7839 0.466972 -78.7873 82.7458 -0.478312 -78.7873 82.7458 -67.2974 42.4135 82.0173
-64.5399 46.5024 82.0173 -23.9169 25.604 108.757 0.466972 78.7996 82.7458 -0.478312
78.7996 82.7458 -24.4095 21.5471 109.532 0.715254 -84.6662 76.7453 -0.726603 -84.6662
76.7453 2.48685 -79.5164 82.0351 -2.49819 -79.5164 82.0351 -9.04003 33.9009 108.757
2.48685 79.5288 82.0351 0.715254 84.6786 76.7453 -2.49819 79.5288 82.0351 -0.726603
84.6786 76.7453 -13.4417 35.388 107.833 -11.259 34.3597 108.438 -13.6302 35.4437
107.833 70.4924 -47.6065 76.5003 -24.1303 29.6254 107.833 70.5401 47.548 76.5003
-70.5338 -47.5619 76.5003 -70.5162 47.6003 76.5003 -24.3175 25.5243 108.849 -8.89893
31.9109 109.532 -24.0526 29.8121 107.833 -8.69044 34.2396 108.849 -13.5348 35.4206
108.003 0.013922 -85.1546 76.5003 0.013922 85.167 76.5003 -11.4732 33.9187 108.757
-12.7446 35.072 108.268 -24.1095 29.7215 108.003 -7.53658 32.8212 109.532 -23.8333
23.9283 109.532 68.9829 -48.9963 77.3298 71.2551 -45.629 77.3298 71.2637 45.628
77.3298 68.9921 48.9957 77.3298 -68.9852 -49.009 77.3298 -71.2581 -45.6421 77.3298
-71.2784 45.6227 77.3298 -69.007 48.9906 77.3298 -12.6592 35.0075 108.438 -24.0726
27.1842 108.757 2.04735 -84.6662 77.2971 -2.0587 -84.6662 77.2971 -11.2463 34.2583
108.849 2.04735 84.6786 77.2971 -2.0587 84.6786 77.2971 -24.3888 28.9042 108.268
-12.8355 35.0909 108.431 69.7953 -47.7923 77.4609 70.4426 -46.833 77.4609 70.4514
46.8321 77.4609 69.8043 47.7915 77.4609 -69.7979 -47.8051 77.4609 -70.4454 -46.846
77.4609 -70.4662 46.8269 77.4609 -69.8192 47.7863 77.4609 0.579151 -84.6662 77.4295
-0.590499 -84.6662 77.4295 0.579151 84.6785 77.4295 -0.590499 84.6785 77.4295 -25.2784
23.1559 109.532 -24.4036 28.8072 108.431 71.6405 -46.065 76.9964 64.974 -45.8287
82.8356 66.8173 -43.097 82.8356 69.5407 49.1898 76.9964 -69.5338 -49.2033 76.9964
66.8254 43.0968 82.8356 64.9826 45.8288 82.8356 -64.977 -45.8406 82.8356 -66.8207
-43.1093 82.8356 -71.6639 46.0586 76.9964 -66.8399 43.0919 82.8356 -64.9974 45.824
82.8356 -24.481 27.1842 108.849 1.65978 -79.5164 82.8622 -1.67112 -79.5164 82.8622
-24.3643 28.9998 108.438 69.5468 -49.2798 76.9964 1.65978 79.5288 82.8622 -1.67112
79.5288 82.8622 71.7377 46.0447 76.9964 -71.7319 -46.059 76.9964 -12.8735 34.6672
108.757 -69.571 49.274 76.9964 -14.361 35.6212 108.268 -9.957 33.2002 109.532
-1.90433 -85.2755 76.9964 1.93218 -85.2755 76.9964 -1.90433 85.2879 76.9964 1.93218
85.2879 76.9964 -18.2731 35.3823 107.833 -18.4612 35.3079 107.833 -23.7821 30.5315
108.261 -21.454 33.6761 107.833 -21.3103 33.8185 107.833 69.1973 -48.6785 77.9037
71.0406 -45.9468 77.9037 -23.9169 28.7643 108.757 71.0492 45.9458 77.9037 69.2065
48.6778 77.9037 -14.2656 35.5981 108.431 -69.1998 -48.6912 77.9037 -71.0435 -45.9599
77.9037 -71.064 45.9406 77.9037 -69.2214 48.6727 77.9037 1.65977 -84.6662 77.8771
-1.67112 -84.6662 77.8771 -19.9209 34.8081 107.833 -20.0944 34.7157 107.833 -14.4587
35.635 108.438 -12.7172 35.0445 108.849 1.65977 84.6786 77.8771 -1.67112 84.6786
77.8771 -24.3175 25.5243 109.532 -8.69044 34.2396 109.532 -23.8129 30.4369 108.431
-18.3696 35.3632 108.003 65.572 -44.9425 83.2784 66.2193 -43.9832 83.2784 66.2275
43.9831 83.2784 65.5805 44.9425 83.2784 -65.5751 -44.9545 83.2784 -66.2226 -43.9954
83.2784 -66.2422 43.9782 83.2784 -65.5951 44.9376 83.2784 -23.7521 30.6262 108.431
-21.3915 33.7629 108.003 0.579156 -79.5164 83.3098 -0.590493 -79.5164 83.3098 0.579156
79.5288 83.3098 -0.590493 79.5288 83.3098 -14.3929 35.1281 108.757 -24.3175 28.844
108.849 -20.0101 34.7661 108.003 70.8786 -48.6857 76.784 71.6765 -47.5032 76.784
71.6855 47.5021 76.784 70.8878 48.6847 76.784 -70.8811 -48.6987 76.7839 -71.6792
-47.5164 76.7839 -71.7003 47.4968 76.7839 -70.9027 48.6795 76.7839 -23.456 30.2837
108.757 -11.2463 34.2583 109.532 -17.5476 35.6283 108.268 0.715251 -86.079 76.7453
-0.726603 -86.079 76.7453 68.4187 -49.8325 78.3385 71.8193 -44.7929 78.3385 0.715251
86.0913 76.7453 -0.726603 86.0913 76.7453 71.8277 44.7917 78.3385 68.428 49.832
78.3385 -68.4209 -49.845 78.3385 -71.8224 -44.806 78.3385 -71.8424 44.7864 78.3385
-68.4431 49.8269 78.3385 -22.0182 33.1543 108.261 3.0669 -84.6662 78.3166 -3.07824
-84.6662 78.3166 3.0669 84.6786 78.3166 -3.07824 84.6786 78.3166 -14.3132 35.5286
108.849 -19.2022 35.0717 108.268 -20.7399 34.3298 108.268 -17.4503 35.6415 108.431
-24.481 27.1842 109.532 -17.6436 35.6055 108.438 -22.0946 33.0907 108.431 -21.9422
33.2185 108.431 -23.8333 30.44 108.849 -19.0962 35.0856 108.438 -19.2803 35.0214
108.431 68.7396 -49.3568 78.722 71.4983 -45.2686 78.722 71.5068 45.2675 78.722
68.7489 49.3562 78.722 -68.7419 -49.3694 78.7219 -71.5013 -45.2817 78.7219 -71.5215
45.2622 78.7219 -68.7639 49.3511 78.7219 -20.6556 34.3802 108.431 -20.8192 34.2711
108.438 2.48684 -84.6662 78.7042 -2.49818 -84.6662 78.7042 -17.5532 35.1281 108.757
2.48684 84.6786 78.7042 -2.49818 84.6786 78.7042 -14.24 36.6804 108.757 70.1415
-49.7781 77.3298 72.4137 -46.4108 77.3298 72.4224 46.4095 77.3298 70.1508 49.7773
77.3298 -70.1437 -49.791 77.3298 -72.4165 -46.4241 77.3298 -72.4372 46.4042 77.3298
-70.1659 49.7721 77.3298 -21.7003 32.9114 108.757 -12.7172 35.0445 109.532 2.04735
-86.079 77.2971 -2.0587 -86.079 77.2971 2.04735 86.0913 77.2971 -2.0587 86.0913
77.2971 72.5404 -44.9815 78.143 68.8729 50.43 78.143 -68.8655 -50.4432 78.143
-19.0726 34.6672 108.757 -72.5635 44.9748 78.143 -20.4729 33.9187 108.757 -24.8317
31.019 108.757 68.9196 -50.541 78.143 72.6723 44.9909 78.143 -72.6669 -45.0056
78.143 -68.9442 50.5353 78.143 -3.30338 -85.4383 78.143 3.33122 -85.4383 78.143
-3.30338 85.4506 78.143 3.33122 85.4506 78.143 -24.3175 28.844 109.532 -17.6328
35.5286 108.849 -14.1526 37.1592 108.849 -21.9891 33.2002 108.849 -15.973 36.8435
108.757 -19.2289 35.0445 108.849 -20.6998 34.2583 108.849 -25.2784 31.2124 108.849
-24.0045 32.5506 108.757 -14.3132 35.5286 109.532 -17.7061 36.6804 108.757 -23.8333
30.44 109.532 -15.973 37.3306 108.849 -22.906 33.9009 108.757 68.1133 -50.285
79.6564 72.1246 -44.3403 79.6564 72.133 44.3391 79.6564 68.1228 50.2845 79.6564
-68.1154 -50.2975 79.6564 -72.1279 -44.3536 79.6564 -72.1476 44.3338 79.6564 -68.1378
50.2795 79.6564 -24.4095 32.8212 108.849 3.61867 -84.6662 79.6487 -3.63001 -84.6662
79.6487 -15.973 35.6921 109.532 3.61867 84.6786 79.6487 -3.63001 84.6786 79.6487
68.4919 -49.7238 79.7911 71.746 -44.9015 79.7911 71.7544 44.9003 79.7911 68.5013
49.7233 79.7911 -68.4942 -49.7364 79.791 -71.7491 -44.9146 79.791 -71.7691 44.895
79.791 -68.5163 49.7182 79.791 69.5773 -50.6143 78.3385 72.9779 -45.5747 78.3385
72.9865 45.5733 78.3385 69.5868 50.6136 78.3385 -69.5793 -50.627 78.3385 -72.9809
-45.5881 78.3385 -73.0012 45.5679 78.3385 -69.6019 50.6084 78.3385 2.93445 -84.6662
79.7848 -2.9458 -84.6662 79.7848 2.93445 84.6785 79.7848 -2.9458 84.6786 79.7848
-17.7934 37.1592 108.849 -23.0471 31.9109 109.532 3.0669 -86.079 78.3166 -3.07824
-86.079 78.3166 3.0669 86.0913 78.3166 -3.07824 86.0913 78.3166 -23.2556 34.2396
108.849 -17.6328 35.5286 109.532 -14.1526 37.1592 109.532 -21.9891 33.2002 109.532
-19.2289 35.0445 109.532 -20.6998 34.2583 109.532 72.9259 -49.1914 76.587 72.9209
49.2111 76.587 -72.914 -49.2259 76.5869 -72.9501 49.1846 76.5869 -25.2784 31.2124
109.532 0.013922 -88.0588 76.5869 0.013922 88.0712 76.5869 -15.973 37.3306 109.532
-24.4095 32.8212 109.532 -17.7934 37.1592 109.532 70.4953 -47.6084 80.368 70.543
47.5501 80.368 -70.5367 -47.5639 80.3679 -70.5191 47.6023 80.3679 -23.2556 34.2396
109.532 0.013922 -85.1582 80.368 74.4858 -47.943 76.587 71.8403 -45.7567 80.3619
0.013922 85.1705 80.368 72.3475 51.125 76.587 -72.3398 -51.1395 76.5869 69.3296
49.4905 80.3619 -69.3225 -49.5039 80.3619 -74.5097 47.9359 76.5869 -71.8636 45.7502
80.3619 68.4919 -49.7238 80.9482 71.746 -44.9015 80.9482 71.7544 44.9003 80.9482
68.5013 49.7233 80.9482 -68.4942 -49.7364 80.9482 -71.7491 -44.9146 80.9482 -71.7691
44.895 80.9482 -68.5163 49.7182 80.9482 72.4149 -51.1228 76.587 74.5205 48.0141
76.587 -74.5141 -48.0294 76.5869 69.3455 -49.5872 80.3619 -72.4396 51.1162 76.5869
71.9473 45.743 80.3619 -71.9417 -45.7574 80.3619 -69.3699 49.5814 80.3619 2.93445
-84.6662 80.9545 -2.9458 -84.6662 80.9545 2.93445 84.6785 80.9545 -2.9458 84.6786
80.9545 -1.88344 -88.6847 76.5869 1.91128 -88.6847 76.5869 -2.27172 -85.2746 80.3619
2.29956 -85.2746 80.3619 -1.88344 88.697 76.5869 1.91128 88.697 76.5869 -2.27172
85.287 80.3619 2.29956 85.287 80.3619 68.1133 -50.285 81.0829 72.1246 -44.3403
81.0829 72.133 44.3391 81.0829 68.1228 50.2845 81.0829 -68.1154 -50.2975 81.0829
-72.1279 -44.3536 81.0829 -72.1476 44.3338 81.0829 -68.1378 50.2795 81.0829 72.935
-44.379 80.3679 68.4621 51.0215 80.3679 -68.4545 -51.0345 80.3679 -72.958 44.3723
80.3679 69.2719 -51.0668 79.6564 73.2832 -45.1222 79.6564 73.2917 45.1207 79.6564
69.2815 51.0661 79.6564 -69.2739 -51.0795 79.6564 -73.2863 -45.1356 79.6564 -73.3064
45.1153 79.6564 -69.2966 51.061 79.6564 3.61867 -84.6662 81.0906 -3.63001 -84.6662
81.0906 3.61867 84.6786 81.0906 -3.63001 84.6786 81.0906 3.61867 -86.079 79.6487
-3.63001 -86.079 79.6487 3.61867 86.0913 79.6487 -3.63001 86.0913 79.6487 68.5282
-51.1455 80.3679 73.0863 44.4017 80.3679 -73.0811 -44.4164 80.3679 -68.553 51.1399
80.3679 -4.02356 -85.4402 80.3679 4.05141 -85.4402 80.3679 -4.02356 85.4525 80.3679
4.05141 85.4525 80.3679 76.2129 -46.9386 76.587 72.0628 53.1025 76.587 -72.0544
-53.1169 76.5869 -76.2365 46.931 76.5869 68.7396 -49.3568 82.0174 71.4983 -45.2686
82.0174 71.5068 45.2675 82.0174 68.7489 49.3562 82.0174 -68.7419 -49.3694 82.0173
-71.5013 -45.2817 82.0173 -71.5215 45.2622 82.0173 -68.7639 49.3511 82.0173 72.1946
-53.1086 76.587 76.2793 47.0663 76.587 -76.2732 -47.0823 76.5869 -72.2199 53.102
76.5869 -3.66763 -89.5838 76.5869 2.48684 -84.6662 82.0351 -2.49819 -84.6662 82.0351
3.69547 -89.5838 76.5869 2.48684 84.6786 82.0351 -2.49819 84.6786 82.0351 -3.66763
89.5961 76.5869 3.69547 89.5961 76.5869 68.4187 -49.8325 82.4008 71.8193 -44.7929
82.4008 71.8277 44.7917 82.4008 68.428 49.832 82.4008 -68.4209 -49.845 82.4008
-71.8224 -44.806 82.4008 -71.8424 44.7864 82.4008 -68.4431 49.8269 82.4008 3.0669
-84.6662 82.4227 -3.07824 -84.6662 82.4227 3.0669 84.6786 82.4227 -3.07824 84.6786
82.4227 69.2719 -51.0668 81.0829 73.2832 -45.1222 81.0829 73.2917 45.1207 81.0829
69.2815 51.0661 81.0829 -69.2739 -51.0795 81.0829 -73.2863 -45.1356 81.0829 -73.3064
45.1153 81.0829 -69.2966 51.061 81.0829 3.61867 -86.079 81.0906 -3.63001 -86.079
81.0906 3.61867 86.0913 81.0906 -3.63001 86.0913 81.0906 69.1973 -48.6785 82.8356
71.0406 -45.9468 82.8356 71.0492 45.9458 82.8356 69.2065 48.6778 82.8356 -69.1998
-48.6912 82.8356 -71.0435 -45.9599 82.8356 -71.064 45.9406 82.8356 -69.2214 48.6727
82.8356 1.65977 -84.6662 82.8622 -1.67112 -84.6662 82.8622 1.65977 84.6786 82.8622
-1.67112 84.6786 82.8622 72.6229 -44.8618 82.4437 68.7929 50.5513 82.4437 -68.7855
-50.5645 82.4437 -72.646 44.8552 82.4437 69.7953 -47.7923 83.2784 70.4426 -46.833
83.2784 70.4514 46.8321 83.2784 69.8043 47.7915 83.2784 -69.7979 -47.8051 83.2784
-70.4454 -46.846 83.2784 -70.4662 46.8269 83.2784 -69.8192 47.7863 83.2784 68.8436
-50.6649 82.4437 72.7587 44.8741 82.4437 -72.7534 -44.8887 82.4437 -68.8682 50.6592
82.4437 -3.44868 -85.4422 82.4437 0.57915 -84.6662 83.3098 -0.5905 -84.6662 83.3098
3.47652 -85.4422 82.4437 0.57915 84.6785 83.3098 -0.5905 84.6785 83.3098 -3.44868
85.4545 82.4437 3.47652 85.4545 82.4437 68.9829 -48.9963 83.4095 71.2551 -45.629
83.4095 71.2637 45.628 83.4095 68.9921 48.9957 83.4095 -68.9852 -49.009 83.4095
-71.2581 -45.6421 83.4095 -71.2784 45.6227 83.4095 -69.007 48.9906 83.4095 2.04735
-84.6662 83.4422 -2.0587 -84.6662 83.4422 2.04735 84.6786 83.4422 -2.0587 84.6786
83.4422 69.5773 -50.6143 82.4008 72.9779 -45.5747 82.4008 72.9865 45.5733 82.4008
69.5868 50.6136 82.4008 -69.5793 -50.627 82.4008 -72.9809 -45.5881 82.4008 -73.0012
45.5679 82.4008 -69.6019 50.6084 82.4008 69.72 -47.9039 83.9554 70.5179 -46.7214
83.9554 78.1986 -47.1589 76.587 70.5267 46.7205 83.9554 69.729 47.9031 83.9554
-69.7226 -47.9167 83.9553 -70.5207 -46.7344 83.9553 73.0106 54.8613 76.587 -73.0016
-54.8761 76.5869 -70.5415 46.7153 83.9553 -69.7439 47.898 83.9553 -78.2223 47.1508
76.5869 3.0669 -86.079 82.4227 -3.07824 -86.079 82.4227 3.0669 86.0913 82.4227
-3.07824 86.0913 82.4227 0.715253 -84.6662 83.994 -0.726604 -84.6662 83.994 0.715253
84.6786 83.994 -0.726604 84.6786 83.994 73.199 -54.8357 76.587 78.2569 47.351
76.587 -78.2506 -47.3677 76.5869 -73.2247 54.8288 76.5869 -4.56671 -91.368 76.5869
4.59455 -91.368 76.5869 -4.56671 91.3803 76.5869 4.59455 91.3803 76.5869 71.6937
-45.98 83.8699 69.4818 49.271 83.8699 -69.4748 -49.2845 83.8699 -71.7171 45.9736
83.8699 69.4905 -49.3629 83.8699 71.7937 45.9614 83.8699 -71.7879 -45.9757 83.8699
-69.5148 49.3571 83.8699 -2.00463 -85.2738 83.8699 2.03248 -85.2738 83.8699 -2.00463
85.2861 83.8699 2.03248 85.2861 83.8699 70.4983 -47.6103 84.3278 70.5459 47.5521
84.3278 -70.5396 -47.5659 84.3278 -70.5221 47.6042 84.3278 70.1415 -49.7781 83.4095
72.4137 -46.4108 83.4095 72.4224 46.4095 83.4095 70.1508 49.7773 83.4095 -70.1437
-49.791 83.4095 -72.4165 -46.4241 83.4095 -72.4372 46.4042 83.4095 -70.1659 49.7721
83.4095 0.013921 -85.1617 84.3278 0.013921 85.1741 84.3278 2.04735 -86.079 83.4422
-2.0587 -86.079 83.4422 2.04735 86.0913 83.4422 -2.0587 86.0913 83.4422 70.8786
-48.6857 83.9554 71.6765 -47.5032 83.9554 71.6854 47.5021 83.9554 70.8878 48.6847
83.9554 -70.8811 -48.6987 83.9553 -71.6792 -47.5164 83.9553 -71.7003 47.4968 83.9553
-70.9027 48.6795 83.9553 0.71525 -86.079 83.994 -0.726604 -86.079 83.994 0.71525
86.0913 83.994 -0.726604 86.0913 83.994 76.2169 -46.9573 80.3628 72.0816 53.0992
80.3628 -72.0732 -53.1136 80.3627 -76.2405 46.9496 80.3627 -5.61082 -15.6667 119.176
-3.68646 -16.4638 119.176 72.2133 -53.1046 80.3628 76.2826 47.0851 80.3628 -76.2765
-47.1011 80.3627 -72.2385 53.098 80.3627 -3.65414 -89.5973 80.3627 3.68199 -89.5973
80.3627 -3.65414 89.6096 80.3627 3.68199 89.6096 80.3627 -5.61082 -15.6667 119.333
-3.68646 -16.4638 119.333 -7.53517 -16.4638 119.176 -2.88936 -18.3881 119.176 -5.61082
-17.7788 119.18 -5.17996 -17.9573 119.18 80.1301 -47.6699 76.587 74.2076 56.4609
76.587 -74.198 -56.4761 76.5869 -80.1539 47.6613 76.5869 -6.04167 -17.9573 119.18
-5.00149 -18.3881 119.18 -7.53517 -16.4638 119.333 -6.22014 -18.3881 119.18 -5.17996
-18.819 119.18 -5.61082 -15.056 119.694 -2.88936 -18.3881 119.333 -5.61082 -17.7788
119.33 74.4474 -56.3956 76.587 -5.17996 -17.9573 119.33 80.1707 47.9244 76.587
-80.1643 -47.9418 76.5869 -5.19257 -93.2653 76.5869 5.22042 -93.2653 76.5869 -74.4735
56.3884 76.5869 -5.19257 93.2777 76.5869 5.22042 93.2777 76.5869 -3.25467 -16.032
119.694 -6.04167 -18.819 119.18 -5.61082 -18.9975 119.18 -6.04167 -17.9573 119.33
-5.00149 -18.3881 119.33 -8.33227 -18.3881 119.176 -6.22014 -18.3881 119.33 -5.17996
-18.819 119.33 -3.68646 -20.3125 119.176 -6.04167 -18.819 119.33 -5.61082 -18.9975
119.33 -5.61082 -17.7788 119.55 -5.17996 -17.9573 119.55 -7.96696 -16.032 119.694
-8.33227 -18.3881 119.333 -6.04167 -17.9573 119.55 -5.00149 -18.3881 119.55 -3.68646
-20.3125 119.333 -6.22014 -18.3881 119.55 -2.27872 -18.3881 119.694 -7.53517 -20.3125
119.176 -5.17996 -18.819 119.55 -5.61082 -21.1096 119.176 -6.04167 -18.819 119.55
-5.61082 -18.9975 119.55 -7.53517 -20.3125 119.333 -5.61082 -21.1096 119.333 -8.94291
-18.3881 119.694 -3.25467 -20.7443 119.694 78.1999 -47.152 80.3628 73.0047 54.8651
80.3628 -72.9957 -54.8798 80.3627 -78.2236 47.1439 80.3627 -5.48183 -15.221 120.649
-5.72479 -15.2148 120.649 -7.96696 -20.7443 119.694 -5.31443 -15.3972 120.649 73.1933
-54.8396 80.3628 72.9579 -49.2122 84.1386 78.2584 47.3442 80.3628 -78.2521 -47.3608
80.3627 72.9522 49.233 84.1386 -72.9453 -49.2477 84.1385 -73.219 54.8328 80.3627
-4.57316 -91.3653 80.3627 -72.9821 49.2054 84.1385 4.60101 -91.3653 80.3628 -5.90099
-15.3822 120.649 -4.57316 91.3776 80.3627 -5.32065 -15.6402 120.649 4.60101 91.3776
80.3628 -5.61082 -21.7202 119.694 -5.90721 -15.6252 120.649 -5.49685 -15.8076 120.649
-5.73981 -15.8013 120.649 0.013921 -88.097 84.1385 0.013921 88.1093 84.1385 -5.61082
-15.056 120.813 -3.25467 -16.032 120.813 -5.48183 -15.221 120.861 -7.5508 -16.028
120.649 -5.72479 -15.2148 120.861 -5.31443 -15.3972 120.861 -7.3721 -16.1927 120.649
-7.79364 -16.0378 120.649 -5.61082 -16.6734 120.697 -5.90099 -15.3822 120.861 -5.32065
-15.6402 120.861 -7.36222 -16.4355 120.649 -4.39829 -17.1756 120.697 -7.95837 -16.2165
120.649 -5.90721 -15.6252 120.861 -5.49685 -15.8076 120.861 -7.52695 -16.6142 120.649
-5.73981 -15.8013 120.861 -7.94849 -16.4594 120.649 -7.76979 -16.6241 120.649 72.9259
-49.1914 84.6236 72.9209 49.2111 84.6236 -72.914 -49.2259 84.6236 -72.9501 49.1846
84.6236 -6.82335 -17.1756 120.697 81.3785 -49.2298 76.587 76.1215 57.0344 76.587
-76.1117 -57.0503 76.5869 -81.4027 49.2209 76.5869 0.013921 -88.0588 84.6236 -7.96696
-16.032 120.813 0.013921 88.0712 84.6236 -3.89604 -18.3881 120.697 -7.5508 -16.028
120.861 74.4779 -47.9315 84.1386 -7.3721 -16.1927 120.861 72.3338 51.122 84.1386
-7.79364 -16.0378 120.861 -72.3262 -51.1365 84.1385 -74.5018 47.9243 84.1385 -7.36222
-16.4355 120.861 -7.95837 -16.2165 120.861 72.4012 -51.1203 84.1386 74.513 48.0023
84.1386 -74.5065 -48.0176 84.1385 -72.4259 51.1136 84.1385 76.3788 -56.9066 76.587
81.3677 49.524 76.587 -2.27872 -18.3881 120.813 -81.3607 -49.5419 76.5869 -7.52695
-16.6142 120.861 -76.4051 56.8989 76.5869 -7.94849 -16.4594 120.861 -4.56671 -95.1627
76.5869 4.59455 -95.1627 76.5869 -7.76979 -16.6241 120.861 -4.56671 95.175 76.5869
4.59455 95.175 76.5869 -1.88878 -88.6718 84.1385 1.91663 -88.6718 84.1385 -1.88878
88.6841 84.1385 1.91663 88.6841 84.1385 -8.33034 -18.094 120.649 -8.15734 -18.2647
120.649 -8.57338 -18.0956 120.649 -7.32559 -18.3881 120.697 -8.15571 -18.5077 120.649
-8.74408 -18.2686 120.649 -4.39829 -19.6007 120.697 -8.32642 -18.6807 120.649 -8.74246
-18.5116 120.649 -8.56945 -18.6823 120.649 -6.82335 -19.6007 120.697 -5.61082 -20.1029
120.697 -8.33034 -18.094 120.861 -8.15734 -18.2647 120.861 74.4858 -47.943 84.6236
-8.57338 -18.0956 120.861 72.3475 51.125 84.6236 -72.3398 -51.1395 84.6236 -74.5097
47.9359 84.6236 -8.94291 -18.3881 120.813 -8.15571 -18.5077 120.861 -8.74408 -18.2686
120.861 -7.55805 -20.1243 120.649 72.4149 -51.1228 84.6236 74.5205 48.0141 84.6236
-74.5141 -48.0294 84.6236 -72.4396 51.1162 84.6236 -7.37541 -20.2847 120.649 -7.80058
-20.1401 120.649 -8.32642 -18.6807 120.861 -5.49572 -20.9691 120.649 -8.74246 -18.5116
120.861 -5.7387 -20.9744 120.649 -1.88344 -88.6847 84.6236 1.91128 -88.6847 84.6236
-8.56945 -18.6823 120.861 -5.32016 -21.1372 120.649 -7.35966 -20.5272 120.649 -1.88344
88.697 84.6236 1.91128 88.697 84.6236 -7.96094 -20.3227 120.649 -3.25467 -20.7443
120.813 -5.90677 -21.15 120.649 -5.31486 -21.3802 120.649 -7.52001 -20.7099 120.649
-7.94518 -20.5653 120.649 -7.76254 -20.7256 120.649 -5.90148 -21.393 120.649 -5.48293
-21.5558 120.649 -5.72592 -21.561 120.649 -7.55805 -20.1243 120.861 -7.37541 -20.2847
120.861 -7.80058 -20.1401 120.861 -5.49572 -20.9691 120.861 -5.7387 -20.9744 120.861
-5.32016 -21.1372 120.861 -7.35966 -20.5272 120.861 -7.96094 -20.3227 120.861 -7.96696
-20.7443 120.813 -5.90677 -21.15 120.861 -5.31486 -21.3802 120.861 -7.52001 -20.7099
120.861 -7.94518 -20.5653 120.861 76.2208 -46.9759 84.1386 72.1003 53.0959 84.1386
-7.76254 -20.7256 120.861 -72.092 -53.1103 84.1385 -76.2444 46.9683 84.1385 -5.61082
-21.7202 120.813 -5.90148 -21.393 120.861 -5.48293 -21.5558 120.861 -5.72592 -21.561
120.861 72.2319 -53.1007 84.1386 76.286 47.1039 84.1386 -76.2798 -47.1198 84.1385
-72.2572 53.0941 84.1385 -3.64066 -89.6107 84.1385 3.6685 -89.6107 84.1385 -3.64066
89.6231 84.1385 3.6685 89.6231 84.1385 80.1197 -47.6859 80.3628 74.2185 56.4453
80.3628 -74.2089 -56.4605 80.3627 -80.1435 47.6773 80.3627 72.9349 -49.1972 86.199
72.9297 49.2173 86.199 -72.9228 -49.232 86.1989 76.2129 -46.9386 84.6236 -72.9591
49.1905 86.1989 72.0628 53.1025 84.6236 -72.0544 -53.1169 84.6236 -76.2365 46.931
84.6236 74.4578 -56.3796 80.3628 80.1598 47.9401 80.3628 -80.1533 -47.9575 80.3627
-5.1735 -93.2653 80.3627 5.20135 -93.2653 80.3628 -74.4839 56.3724 80.3627 -5.1735
93.2777 80.3627 5.20135 93.2777 80.3628 0.013921 -88.0695 86.199 0.013921 88.0819
86.199 72.1946 -53.1086 84.6236 76.2793 47.0663 84.6236 -76.2732 -47.0823 84.6236
-72.2199 53.102 84.6236 -3.66763 -89.5838 84.6236 3.69547 -89.5838 84.6236 -3.66763
89.5961 84.6236 3.69547 89.5961 84.6236 82.3829 -50.9569 76.587 78.099 57.3191
76.587 -78.0891 -57.3357 76.5869 -82.4076 50.9477 76.5869 78.3646 -57.1269 76.587
82.3155 51.2828 76.587 -82.3079 -51.3011 76.5869 -78.3909 57.1187 76.5869 -3.66763
-96.9469 76.5869 3.69547 -96.9469 76.5869 74.4916 -47.9514 86.199 72.3574 51.1272
86.199 -3.66763 96.9592 76.5869 -72.3498 -51.1417 86.1989 3.69547 96.9592 76.5869
-74.5155 47.9443 86.1989 72.4249 -51.1247 86.199 74.526 48.0227 86.199 -74.5195
-48.038 86.1989 -72.4497 51.1181 86.1989 -1.87953 -88.6941 86.199 1.90737 -88.6941
86.199 -1.87953 88.7064 86.199 1.90737 88.7064 86.199 75.1698 -50.6527 84.6236
75.1162 50.7446 84.6236 -75.1087 -50.7602 84.6236 -75.1944 50.6454 84.6236 0.013921
-90.7366 84.6236 0.013921 90.749 84.6236 78.2012 -47.1452 84.1386 72.9988 54.8688
84.1386 -72.9898 -54.8836 84.1385 82.1626 -52.9426 76.587 -78.2249 47.137 84.1385
79.8578 56.3713 76.587 -79.8482 -56.3886 76.5869 -82.1878 52.9335 76.5869 72.9349
-49.1972 87.6654 72.9297 49.2173 87.6654 -72.9228 -49.232 87.6654 -72.9591 49.1905
87.6654 80.0917 -56.1225 76.587 75.9274 -50.0464 84.6236 82.0309 53.2604 76.587
-82.0225 -53.2785 76.5869 74.8376 51.6741 84.6236 -74.8298 -51.6896 84.6236 -80.1177
56.1138 76.5869 -75.9519 50.0389 84.6236 74.9216 -51.5908 84.6236 75.8931 50.1632
84.6236 -75.8858 -50.1791 84.6236 -74.9465 51.5835 84.6236 0.013921 -88.0695 87.6654
-1.88344 -97.8459 76.5869 1.91128 -97.8459 76.5869 76.2151 -46.9491 86.199 73.1875
-54.8435 84.1386 0.013921 88.0819 87.6654 72.0733 53.1006 86.199 78.2599 47.3373
84.1386 -72.065 -53.1151 86.1989 -78.2536 -47.354 84.1385 -1.88344 97.8583 76.5869
1.91128 97.8583 76.5869 -76.2388 46.9415 86.1989 -73.2132 54.8367 84.1385 -4.57962
-91.3626 84.1385 4.60746 -91.3626 84.1385 -4.57962 91.375 84.1385 4.60746 91.375
84.1385 -0.907587 -91.0406 84.6236 0.935428 -91.0406 84.6236 -0.907587 91.0529 84.6236
0.935428 91.0529 84.6236 72.2051 -53.1063 86.199 76.2812 47.0769 86.199 -76.2751
-47.0928 86.1989 -72.2303 53.0998 86.1989 -3.66005 -89.5913 86.199 3.68789 -89.5913
86.199 -3.66005 89.6037 86.199 3.68789 89.6037 86.199 78.1986 -47.1589 84.6236
73.0106 54.8613 84.6236 -73.0016 -54.8761 84.6236 -78.2223 47.1508 84.6236 81.3842
-49.2259 80.3628 76.12 57.0412 80.3628 -76.1102 -57.0571 80.3627 -81.4085 49.2169
80.3627 76.7662 -49.5586 84.6236 74.6994 52.6346 84.6236 -74.6912 -52.65 84.6236
-76.7906 49.5509 84.6236 74.8146 -52.5552 84.6236 76.7473 49.7029 84.6236 -76.7402
-49.7191 84.6236 -74.8397 52.548 84.6236 73.199 -54.8357 84.6236 78.2569 47.351
84.6236 -78.2506 -47.3677 84.6236 -73.2247 54.8288 84.6236 -4.56671 -91.368 84.6236
4.59455 -91.368 84.6236 76.3775 -56.9134 80.3628 81.3736 49.5203 80.3628 -4.56671
91.3803 84.6236 -1.77413 -91.4773 84.6236 1.80197 -91.4773 84.6236 4.59455 91.3803
84.6236 -81.3666 -49.5381 80.3627 74.4916 -47.9514 87.6654 -76.4038 56.9058 80.3627
-1.77413 91.4896 84.6236 1.80197 91.4896 84.6236 72.3574 51.1272 87.6654 -72.3498
-51.1417 87.6654 -4.57316 -95.1653 80.3627 4.60101 -95.1653 80.3628 -74.5155 47.9443
87.6654 -4.57316 95.1777 80.3627 4.60101 95.1777 80.3628 81.6516 -54.8741 76.587
72.4249 -51.1247 87.6654 81.4574 55.1742 76.587 74.526 48.0227 87.6654 -81.4483
-55.1921 76.5869 -74.5195 -48.038 87.6654 -81.6773 54.8651 76.5869 -72.4497 51.1181
87.6654 -1.87953 -88.6941 87.6654 1.90737 -88.6941 87.6654 -1.87953 88.7064 87.6654
1.90737 88.7064 87.6654 0.013922 -98.4718 76.5869 0.013922 98.4842 76.5869 75.1698
-50.6527 86.199 75.1162 50.7446 86.199 -75.1087 -50.7602 86.1989 -75.1944 50.6454
86.1989 0.013921 -90.7366 86.199 0.013921 90.749 86.199 77.7307 -49.6656 84.6236
75.1597 53.4888 84.6236 -75.1512 -53.5043 84.6236 -77.755 49.6576 84.6236 75.3025
-53.3941 84.6236 77.7077 49.8412 84.6236 -77.7006 -49.8577 84.6236 -75.3278 53.3867
84.6236 73.8617 -49.8008 88.0623 73.8364 49.8506 88.0623 -73.8292 -49.8657 88.0623
-2.21079 -92.3438 84.6236 -73.8861 49.7938 88.0623 2.23864 -92.3438 84.6236 -2.21079
92.3562 84.6236 2.23864 92.3562 84.6236 76.2151 -46.9491 87.6654 72.0733 53.1006
87.6654 -72.065 -53.1151 87.6654 75.9274 -50.0464 86.199 -76.2388 46.9415 87.6654
74.8376 51.6741 86.199 -74.8298 -51.6896 86.1989 -75.9519 50.0389 86.1989 74.9216
-51.5908 86.199 75.8931 50.1632 86.199 -75.8858 -50.1791 86.1989 0.01392 -89.1755
88.0623 -74.9465 51.5835 86.1989 0.01392 89.1879 88.0623 72.2051 -53.1063 87.6654
-0.907587 -91.0406 86.199 0.935428 -91.0406 86.199 76.2812 47.0769 87.6654 -76.2751
-47.0928 87.6654 -0.907587 91.0529 86.199 0.935428 91.0529 86.199 -72.2303 53.0998
87.6654 -3.66005 -89.5913 87.6654 3.68789 -89.5913 87.6654 -3.66005 89.6037 87.6654
3.68789 89.6037 87.6654 78.1968 -47.1689 86.199 73.0192 54.8558 86.199 -73.0102
-54.8706 86.1989 80.1093 -47.7019 84.1386 -78.2205 47.1608 86.1989 74.2295 56.4297
84.1386 -74.2199 -56.4449 84.1385 -80.1331 47.6932 84.1385 75.087 -48.8202 88.0623
73.3859 51.354 88.0623 -73.3782 -51.3689 88.0623 -75.1111 48.8129 88.0623 76.7662
-49.5586 86.199 74.6994 52.6346 86.199 -74.6912 -52.65 86.1989 -76.7906 49.5509
86.1989 73.4603 -51.318 88.0623 75.0929 48.9103 88.0623 -75.0861 -48.9259 88.0623
-73.485 51.3111 88.0623 74.8146 -52.5552 86.199 76.7473 49.7029 86.199 -76.7402
-49.7191 86.1989 -74.8397 52.548 86.1989 73.2074 -54.8299 86.199 78.2546 47.3609
86.199 -1.47649 -89.6671 88.0623 1.50433 -89.6671 88.0623 -78.2484 -47.3776 86.1989
-73.2331 54.823 86.1989 -1.47649 89.6795 88.0623 1.50433 89.6795 88.0623 -4.55728
-91.3719 86.199 4.58512 -91.3719 86.199 -1.77413 -91.4773 86.199 1.80197 -91.4773
86.199 74.4682 -56.3636 84.1386 -4.55728 91.3842 86.199 4.58512 91.3842 86.199
80.1489 47.9557 84.1386 -80.1424 -47.9731 84.1385 -1.77413 91.4896 86.199 1.80197
91.4896 86.199 -5.15444 -93.2653 84.1385 5.18228 -93.2653 84.1385 -74.4943 56.3564
84.1385 -5.15444 93.2777 84.1385 5.18228 93.2777 84.1385 82.3642 -50.9609 80.3628
78.0957 57.3003 80.3628 -78.0858 -57.3169 80.3627 78.6687 -49.9138 84.6236 -82.3889
50.9516 80.3627 75.7411 54.2657 84.6236 -75.7323 -54.2815 84.6236 -78.6932 49.9056
84.6236 80.1301 -47.6699 84.6236 75.9087 -54.1517 84.6236 74.2076 56.4609 84.6236
-74.198 -56.4761 84.6236 78.6372 50.1197 84.6236 -80.1539 47.6613 84.6236 -78.63
-50.1365 84.6236 -75.9343 54.1441 84.6236 78.3606 -57.1082 80.3628 82.2968 51.2862
80.3628 -82.2891 -51.3044 80.3627 -78.3869 57.1 80.3627 -2.51477 -93.2653 84.6236
2.54261 -93.2653 84.6236 -3.65414 -96.9334 80.3627 3.68199 -96.9334 80.3627 -2.51477
93.2777 84.6236 2.54261 93.2777 84.6236 -3.65414 96.9457 80.3627 3.68199 96.9457
80.3627 74.4474 -56.3956 84.6236 80.1707 47.9244 84.6236 -80.1643 -47.9418 84.6236
-5.19257 -93.2653 84.6236 5.22042 -93.2653 84.6236 -74.4735 56.3884 84.6236 -5.19257
93.2777 84.6236 5.22042 93.2777 84.6236 76.4436 -48.0312 88.0623 73.1623 52.9074
88.0623 -73.154 -52.9222 88.0623 -76.4676 48.0235 88.0623 73.2872 -52.8778 88.0623
76.4745 48.1658 88.0623 -76.4679 -48.1819 88.0623 -73.3124 52.871 88.0623 -2.878
-90.3734 88.0623 2.90584 -90.3734 88.0623 -2.878 90.3857 88.0623 2.90584 90.3857
88.0623 77.7307 -49.6656 86.199 75.1597 53.4888 86.199 -75.1512 -53.5043 86.1989
-77.755 49.6576 86.1989 75.3025 -53.3941 86.199 77.7077 49.8412 86.199 -77.7006
-49.8577 86.1989 -75.3278 53.3867 86.1989 -2.21079 -92.3438 86.199 2.23864 -92.3438
86.199 -2.21079 92.3562 86.199 2.23864 92.3562 86.199 82.1694 -52.9439 80.3628
79.275 -50.6714 84.6236 79.8616 56.3771 80.3628 76.6706 54.5442 84.6236 -79.852
-56.3944 80.3627 -76.6617 -54.5603 84.6236 -82.1946 52.9347 80.3627 -79.2997 50.663
84.6236 80.0956 -56.1282 80.3628 78.1968 -47.1689 87.6654 82.0377 53.2619 80.3628
-82.0293 -53.28 80.3627 76.8468 -54.3999 84.6236 73.0192 54.8558 87.6654 -73.0102
-54.8706 87.6654 -80.1217 56.1196 80.3627 79.2186 50.8966 84.6236 -79.2111 -50.9136
84.6236 -78.2205 47.1608 87.6654 -76.8724 54.3921 84.6236 -1.88611 -97.8524 80.3627
1.91395 -97.8524 80.3627 -2.21079 -94.1868 84.6236 2.23864 -94.1868 84.6236 -1.88611
97.8648 80.3627 1.91395 97.8648 80.3627 -2.21079 94.1992 84.6236 2.23864 94.1992
84.6236 73.2074 -54.8299 87.6654 78.2546 47.3609 87.6654 -78.2484 -47.3776 87.6654
-73.2331 54.823 87.6654 -4.55728 -91.3719 87.6654 4.58512 -91.3719 87.6654 -4.55728
91.3842 87.6654 4.58512 91.3842 87.6654 75.3686 -50.7822 88.3826 75.3107 50.8805
88.3826 -75.3032 -50.8961 88.3825 -75.3933 50.7748 88.3825 0.01392 -90.9739 88.3825
0.01392 90.9863 88.3825 78.6687 -49.9138 86.199 75.7411 54.2657 86.199 -75.7323
-54.2815 86.1989 -78.6932 49.9056 86.1989 76.0552 -50.2328 88.3826 75.0583 51.7228
88.3826 -75.0505 -51.7383 88.3825 -76.0797 50.2253 88.3825 80.1243 -47.6789 86.199
75.1437 -51.6323 88.3826 74.2137 56.4521 86.199 75.9087 -54.1517 86.199 -74.2042
-56.4673 86.1989 76.0147 50.3537 88.3826 -76.0073 -50.3695 88.3825 78.6372 50.1197
86.199 -80.1481 47.6703 86.1989 81.39 -49.2219 84.1386 -78.63 -50.1365 86.1989
-75.1686 51.6249 88.3825 76.1185 57.048 84.1386 -75.9343 54.1441 86.1989 -76.1087
-57.064 84.1385 -81.4142 49.213 84.1385 81.6356 -54.8637 80.3628 81.4418 55.1633
80.3628 -81.4327 -55.1812 80.3627 -2.51477 -93.2653 86.199 2.54261 -93.2653 86.199
-81.6613 54.8547 80.3627 -2.51477 93.2777 86.199 2.54261 93.2777 86.199 -0.821115
-91.2494 88.3825 0.848955 -91.2494 88.3825 -0.821115 91.2617 88.3825 0.848955 91.2617
88.3825 0.013922 -98.4528 80.3627 76.3763 -56.9203 84.1386 74.4532 -56.3866 86.199
0.013922 98.4651 80.3627 81.3795 49.5165 84.1386 80.1646 47.9332 86.199 -81.3725
-49.5344 84.1385 -80.1581 -47.9506 86.1989 -5.18186 -93.2653 86.199 -76.4025 56.9126
84.1385 5.2097 -93.2653 86.199 -74.4793 56.3794 86.1989 -4.57962 -95.168 84.1385
4.60746 -95.168 84.1385 -5.18186 93.2776 86.199 5.2097 93.2776 86.199 -4.57962
95.1804 84.1385 4.60746 95.1804 84.1385 78.0035 -48.2043 88.0623 73.9068 54.2889
88.0623 -73.898 -54.304 88.0623 -78.0275 48.1962 88.0623 79.7629 -51.5102 84.6236
77.6311 54.6825 84.6236 -77.6221 -54.6989 84.6236 -79.7877 51.5017 84.6236 74.0762
-54.2345 88.0623 78.0278 48.3894 88.0623 -78.0212 -48.406 88.0623 -74.1017 54.2274
88.0623 77.8112 -54.5069 84.6236 79.6789 51.7508 84.6236 -79.6711 -51.768 84.6236
-77.8369 54.4988 84.6236 -3.58424 -91.7749 88.0623 3.61209 -91.7749 88.0623 76.8153
-49.7908 88.3826 74.933 52.5931 88.3826 -3.58424 91.7872 88.0623 -74.9249 -52.6086
88.3825 3.61209 91.7872 88.0623 -76.8397 49.783 88.3825 -1.77413 -95.0534 84.6236
1.80197 -95.0534 84.6236 75.0468 -52.5062 88.3826 76.7887 49.9365 88.3826 -1.77413
95.0657 84.6236 1.80197 95.0657 84.6236 -76.7815 -49.9527 88.3825 -75.0719 52.4989
88.3825 81.3785 -49.2298 84.6236 76.1215 57.0344 84.6236 -76.1117 -57.0503 84.6236
-81.4027 49.2209 84.6236 -1.60634 -91.6451 88.3825 1.63418 -91.6451 88.3825 -1.60634
91.6574 88.3825 1.63418 91.6574 88.3825 76.3788 -56.9066 84.6236 81.3677 49.524
84.6236 -81.3607 -49.5419 84.6236 -76.4051 56.8989 84.6236 -4.56671 -95.1627 84.6236
4.59455 -95.1627 84.6236 -4.56671 95.175 84.6236 4.59455 95.175 84.6236 79.6559
-52.4747 84.6236 78.4853 54.2221 84.6236 -78.4765 -54.2389 84.6236 -79.681 52.4661
84.6236 78.6501 -54.019 84.6236 79.5407 52.7112 84.6236 -79.5325 -52.7284 84.6236
-78.6756 54.0108 84.6236 -0.907587 -95.49 84.6236 0.935428 -95.49 84.6236 79.275
-50.6714 86.199 -0.907587 95.5024 84.6236 0.935428 95.5024 84.6236 76.6706 54.5442
86.199 -76.6617 -54.5603 86.1989 -79.2997 50.663 86.1989 76.8468 -54.3999 86.199
79.2186 50.8966 86.199 -79.2111 -50.9136 86.1989 -76.8724 54.3921 86.1989 -2.21079
-94.1868 86.199 2.23864 -94.1868 86.199 -2.21079 94.1992 86.199 2.23864 94.1992
86.199 79.4077 -53.4127 84.6236 79.2622 53.6408 84.6236 -79.2536 -53.6578 84.6236
-79.433 53.4043 84.6236 77.6892 -49.8877 88.3826 75.3502 53.3672 88.3826 -75.3417
-53.3828 88.3825 0.013921 -95.794 84.6236 -77.7136 49.8797 88.3825 0.013921 95.8064
84.6236 75.4888 -53.2663 88.3826 77.659 50.0618 88.3826 -77.6518 -50.0783 88.3825
-75.5141 53.2589 88.3825 -2.00203 -92.4303 88.3825 2.02987 -92.4303 88.3825 -2.00203
92.4426 88.3825 2.02987 92.4426 88.3825 80.1243 -47.6789 87.6654 74.2137 56.4521
87.6654 -74.2042 -56.4673 87.6654 -80.1481 47.6703 87.6654 74.4532 -56.3866 87.6654
80.1646 47.9332 87.6654 -80.1581 -47.9506 87.6654 -5.18186 -93.2653 87.6654 5.2097
-93.2653 87.6654 -74.4793 56.3794 87.6654 -5.18186 93.2776 87.6654 5.2097 93.2776
87.6654 76.8883 -51.7719 88.5296 76.7974 51.919 88.5296 -76.7895 -51.9352 88.5295
-76.9132 51.7641 88.5295 77.0315 -51.6573 88.5296 76.8414 -51.9492 88.5296 79.5207
-48.6057 88.0623 76.7447 52.0947 88.5296 -76.7368 -52.1108 88.5295 76.9442 51.8091
88.5296 74.8471 55.5455 88.0623 -76.9363 -51.8253 88.5295 -74.8378 -55.5609 88.0623
-77.0563 51.6495 88.5295 -76.8663 51.9414 88.5295 -79.5448 48.5972 88.0623 79.7629
-51.5102 86.199 0.01392 -92.7874 88.5295 77.6311 54.6825 86.199 -77.6221 -54.6989
86.1989 -79.7877 51.5017 86.1989 0.01392 92.7997 88.5295 77.19 -51.5651 88.5296
77.8112 -54.5069 86.199 76.7186 52.2762 88.5296 -76.7105 -52.2923 88.5295 76.8211
-52.1315 88.5296 79.6789 51.7508 86.199 82.3456 -50.9648 84.1386 -79.6711 -51.768
86.1989 -0.160241 -92.8449 88.5295 0.188081 -92.8449 88.5295 -77.2148 51.5573 88.5295
77.1056 51.7221 88.5296 -77.0978 -51.7384 88.5295 78.0923 57.2815 84.1386 -77.8369
54.4988 86.1989 -78.0824 -57.2982 84.1385 -76.8461 52.1237 88.5295 -0.160241 92.8572
88.5295 0.188081 92.8572 88.5295 -82.3702 50.9556 84.1385 75.0568 -55.4598 88.0623
79.5312 48.8399 88.0623 -79.5244 -48.8571 88.0623 -75.0827 55.4525 88.0623 -1.77413
-95.0534 86.199 1.80197 -95.0534 86.199 -4.07587 -93.2653 88.0623 4.10371 -93.2653
88.0623 -1.77413 95.0657 86.199 1.80197 95.0657 86.199 -4.07587 93.2776 88.0623
4.10371 93.2776 88.0623 -0.324014 -92.9274 88.5295 0.351854 -92.9274 88.5295 -0.324014
92.9397 88.5295 0.351854 92.9397 88.5295 81.37 -49.2356 86.199 76.1237 57.0244
86.199 -76.1139 -57.0403 86.1989 78.3567 -57.0896 84.1386 -81.3943 49.2266 86.1989
82.278 51.2895 84.1386 -82.2703 -51.3077 84.1385 -78.383 57.0814 84.1385 77.3723
-51.5854 88.5296 -3.64066 -96.9199 84.1385 3.6685 -96.9199 84.1385 76.8056 52.4376
88.5296 -76.7975 -52.4538 88.5295 76.9133 -52.29 88.5296 -77.3971 51.5774 88.5295
-3.64066 96.9322 84.1385 3.6685 96.9322 84.1385 77.2872 51.7483 88.5296 -77.2793
-51.7646 88.5295 -76.9384 52.2822 88.5295 78.5392 -50.1126 88.3826 75.877 54.0712
88.3826 -75.8683 -54.087 88.3825 -78.5637 50.1044 88.3825 76.3807 -56.8965 86.199
81.3591 49.5295 86.199 -81.3521 -49.5474 86.1989 -0.406542 -93.0912 88.5295 0.434382
-93.0912 88.5295 76.0382 -53.9528 88.3826 -76.4069 56.8889 86.1989 78.5013 50.3142
88.3826 -0.406542 93.1035 88.5295 0.434382 93.1035 88.5295 -78.494 -50.331 88.3825
-4.55728 -95.1588 86.199 4.58512 -95.1588 86.199 -76.0637 53.9453 88.3825 -4.55728
95.1711 86.199 4.58512 95.1711 86.199 -2.27748 -93.2653 88.3825 2.30532 -93.2653
88.3825 77.5496 -51.6323 88.5296 -2.27748 93.2777 88.3825 2.30532 93.2777 88.3825
76.9155 52.5845 88.5296 -76.9073 -52.6007 88.5295 77.0279 -52.4332 88.5296 -77.5744
51.6243 88.5295 77.4628 51.8009 88.5296 -77.455 -51.8173 88.5295 -77.053 52.4254
88.5295 79.6559 -52.4747 86.199 78.4853 54.2221 86.199 -78.4765 -54.2389 86.1989
-79.681 52.4661 86.1989 78.6501 -54.019 86.199 79.5407 52.7112 86.199 -79.5325
-52.7284 86.1989 -0.463991 -93.2653 88.5295 0.491831 -93.2653 88.5295 -78.6756 54.0108
86.1989 -0.463991 93.2777 88.5295 0.491831 93.2777 88.5295 82.3829 -50.9569 84.6236
78.099 57.3191 84.6236 -78.0891 -57.3357 84.6236 -82.4076 50.9477 84.6236 -0.907587
-95.49 86.199 0.935428 -95.49 86.199 77.6641 -51.7755 88.5296 77.0912 52.6371
88.5296 -77.083 -52.6534 88.5295 -0.907587 95.5024 86.199 0.935428 95.5024 86.199
77.2052 -52.4801 88.5296 -77.689 51.7675 88.5295 77.5727 51.9477 88.5296 -77.5648
-51.9642 88.5295 -77.2303 52.4722 88.5295 78.3646 -57.1269 84.6236 82.3155 51.2828
84.6236 -82.3079 -51.3011 84.6236 -0.406542 -93.4395 88.5295 0.434382 -93.4395 88.5295
-78.3909 57.1187 84.6236 -0.406542 93.4518 88.5295 0.434382 93.4518 88.5295 -3.66763
-96.9469 84.6236 3.69547 -96.9469 84.6236 -3.66763 96.9592 84.6236 3.69547 96.9592
84.6236 77.7563 -51.934 88.5296 77.2727 52.6632 88.5296 -77.2645 -52.6796 88.5295
77.3875 -52.5003 88.5296 -77.7813 51.926 88.5295 77.6597 52.1092 88.5296 -77.6517
-52.1256 88.5295 -77.4126 52.4924 88.5295 79.4077 -53.4127 86.199 79.2622 53.6408
86.199 -79.2536 -53.6578 86.1989 -79.433 53.4043 86.1989 77.7361 -52.1163 88.5296
77.546 -52.4081 88.5296 77.4341 52.5762 88.5296 -77.426 -52.5926 88.5295 77.6336
52.2907 88.5296 -0.324014 -93.6032 88.5295 0.351854 -93.6032 88.5295 -77.6255 -52.3072
88.5295 -77.7611 52.1082 88.5295 -77.5711 52.4002 88.5295 -0.324014 93.6156 88.5295
0.351854 93.6156 88.5295 0.013921 -95.794 86.199 77.6892 -52.2936 88.5296 77.581
52.4664 88.5296 0.013921 95.8064 86.199 -77.5728 -52.4828 88.5295 -77.7143 52.2856
88.5295 -0.160241 -93.6858 88.5295 0.188081 -93.6858 88.5295 -0.160241 93.6981 88.5295
0.188081 93.6981 88.5295 0.01392 -93.7432 88.5295 0.01392 93.7556 88.5295 82.1763
-52.9452 84.1386 79.8653 56.383 84.1386 -79.8557 -56.4003 84.1385 -82.2015 52.936
84.1385 80.0996 -56.134 84.1386 79.0886 -50.7992 88.3826 82.0445 53.2634 84.1386
-82.0361 -53.2815 84.1385 76.7193 54.3235 88.3826 -76.7104 -54.3397 88.3825 -80.1256
56.1253 84.1385 -79.1133 50.7908 88.3825 76.8883 -54.1777 88.3826 -1.88878 -97.8589
84.1385 1.91663 -97.8589 84.1385 79.0282 51.0182 88.3826 -79.0206 -51.0352 88.3825
-76.9138 54.1699 88.3825 -1.88878 97.8712 84.1385 1.91663 97.8712 84.1385 -2.00203
-94.1004 88.3825 2.02987 -94.1004 88.3825 -2.00203 94.1127 88.3825 2.02987 94.1127
88.3825 82.1626 -52.9426 84.6236 79.8578 56.3713 84.6236 -79.8482 -56.3886 84.6236
-82.1878 52.9335 84.6236 80.5013 -49.831 88.0623 76.3505 55.9959 88.0623 -76.341
-56.0119 88.0623 -80.5257 49.8223 88.0623 80.0917 -56.1225 84.6236 82.0309 53.2604
84.6236 -82.0225 -53.2785 84.6236 -80.1177 56.1138 84.6236 81.37 -49.2356 87.6654
76.1237 57.0244 87.6654 -76.1139 -57.0403 87.6654 -81.3943 49.2266 87.6654 -1.88344
-97.8459 84.6236 1.91128 -97.8459 84.6236 76.574 -55.8612 88.0623 80.4715 50.0964
88.0623 -80.4643 -50.1139 88.0623 -1.88344 97.8583 84.6236 1.91128 97.8583 84.6236
-76.6 55.8535 88.0623 -3.58424 -94.7557 88.0623 3.61209 -94.7557 88.0623 -3.58424
94.7681 88.0623 3.61209 94.7681 88.0623 81.6196 -54.8533 84.1386 81.4262 55.1524
84.1386 -81.417 -55.1703 84.1385 -81.6453 54.8443 84.1385 76.3807 -56.8965 87.6654
81.3591 49.5295 87.6654 -81.3521 -49.5474 87.6654 -76.4069 56.8889 87.6654 -4.55728
-95.1588 87.6654 4.58512 -95.1588 87.6654 -4.55728 95.1711 87.6654 4.58512 95.1711
87.6654 0.013921 -98.4337 84.1385 0.013921 98.446 84.1385 79.5307 -51.5593 88.3826
77.5896 54.4488 88.3826 -77.5807 -54.4653 88.3825 -79.5555 51.5508 88.3825 77.7622
-54.2747 88.3826 79.4453 51.7923 88.3826 -79.4374 -51.8094 88.3825 -77.7878 54.2667
88.3825 82.3724 -50.9591 86.199 78.0971 57.3085 86.199 -78.0872 -57.3251 86.1989
-82.3971 50.9499 86.1989 -1.60634 -94.8856 88.3825 1.63418 -94.8856 88.3825 -1.60634
94.8979 88.3825 1.63418 94.8979 88.3825 78.3623 -57.1164 86.199 82.305 51.2847
86.199 -82.2973 -51.3029 86.1989 -78.3886 57.1082 86.1989 81.6516 -54.8741 84.6236
81.4574 55.1742 84.6236 -3.66005 -96.9393 86.199 3.68789 -96.9393 86.199 -81.4483
-55.1921 84.6236 -81.6773 54.8651 84.6236 -3.66005 96.9516 86.199 3.68789 96.9516
86.199 0.013921 -98.4718 84.6236 0.013921 98.4842 84.6236 79.4337 -52.4332 88.3826
78.3636 54.0317 88.3826 -78.3549 -54.0484 88.3825 -79.4588 52.4247 88.3825 78.5223
-53.8326 88.3826 79.32 52.6626 88.3826 -79.3118 -52.6797 88.3825 -78.5478 53.8244
88.3825 -0.821115 -95.2813 88.3825 0.848955 -95.2813 88.3825 -0.821115 95.2936 88.3825
0.848955 95.2936 88.3825 79.2088 -53.2832 88.3826 79.0676 53.5049 88.3826 -79.0591
-53.5219 88.3825 -79.2341 53.2748 88.3825 0.01392 -95.5567 88.3825 0.01392 95.5691
88.3825 82.1525 -52.9408 86.199 81.2903 -51.1877 88.0623 79.8523 56.3627 86.199
-79.8427 -56.38 86.1989 77.9038 56.2195 88.0623 -77.8943 -56.2361 88.0623 -82.1777
52.9316 86.1989 -81.315 51.1787 88.0623 80.0859 -56.114 86.199 82.0209 53.2582
86.199 -82.0125 -53.2763 86.1989 -80.1119 56.1054 86.1989 78.1338 -56.0343 88.0623
81.216 51.478 88.0623 -81.2083 -51.4958 88.0623 -78.1598 56.0261 88.0623 -1.87953
-97.8365 86.199 1.90737 -97.8365 86.199 -1.87953 97.8488 86.199 1.90737 97.8488
86.199 -2.878 -96.1572 88.0623 2.90584 -96.1572 88.0623 -2.878 96.1696 88.0623
2.90584 96.1696 88.0623 82.3724 -50.9591 87.6654 78.0971 57.3085 87.6654 -78.0872
-57.3251 87.6654 -82.3971 50.9499 87.6654 78.3623 -57.1164 87.6654 82.305 51.2847
87.6654 -82.2973 -51.3029 87.6654 -78.3886 57.1082 87.6654 -3.66005 -96.9393 87.6654
3.68789 -96.9393 87.6654 -3.66005 96.9516 87.6654 3.68789 96.9516 87.6654 81.6426
-54.8683 86.199 81.4486 55.1681 86.199 -81.4395 -55.186 86.1989 -81.6683 54.8592
86.1989 81.1172 -52.7475 88.0623 79.2854 55.475 88.0623 -79.2762 -55.4921 88.0623
-81.1424 52.7386 88.0623 0.013921 -98.4611 86.199 79.4905 -55.2453 88.0623 80.9924
53.0314 88.0623 0.013921 98.4734 86.199 -80.9841 -53.0491 88.0623 -79.5163 55.2368
88.0623 -1.47649 -96.8635 88.0623 1.50433 -96.8635 88.0623 -1.47649 96.8758 88.0623
1.50433 96.8758 88.0623 80.7158 -54.2647 88.0623 80.5419 54.5347 88.0623 -80.5331
-54.5523 88.0623 -80.7414 54.2559 88.0623 0.01392 -97.3551 88.0623 0.01392 97.3674
88.0623 82.1525 -52.9408 87.6654 79.8523 56.3627 87.6654 -79.8427 -56.38 87.6654
-82.1777 52.9316 87.6654 80.0859 -56.114 87.6654 82.0209 53.2582 87.6654 -82.0125
-53.2763 87.6654 -80.1119 56.1054 87.6654 -1.87953 -97.8365 87.6654 1.90737 -97.8365
87.6654 -1.87953 97.8488 87.6654 1.90737 97.8488 87.6654 81.6426 -54.8683 87.6654
81.4486 55.1681 87.6654 -81.4395 -55.186 87.6654 -81.6683 54.8592 87.6654 0.013921
-98.4611 87.6654 0.013921 98.4734 87.6654 
POLYGONS 17351 69404
3 5688 5669 5679 3 5765 5731 5753 3 5307 5297
5333 3 5494 5475 5489 3 5581 5571 5595 3
5554 5536 5548 3 5660 5651 5674 3 5350 5318
5338 3 5468 5446 5483 3 5425 5393 5414 3
5527 5519 5537 3 5618 5598 5614 3 5718 5713
5734 3 5381 5369 5401 3 6289 6269 6282 3
6348 6325 6343 3 5965 5955 5978 3 6116 6091
6104 3 6189 6182 6202 3 6163 6147 6160 3
6255 6249 6274 3 5993 5975 5985 3 6084 6077
6098 3 6056 6031 6047 3 6139 6134 6150 3
6216 6197 6212 3 6306 6304 6323 3 6013 6008
6030 3 5818 5792 5808 3 5893 5879 5906 3
5866 5851 5861 3 5786 5779 5798 3 5845 5837
5853 3 6587 6562 6575 3 6644 6621 6635 3
6412 6391 6402 3 6486 6481 6497 3 6462 6443
6454 3 6552 6541 6564 3 6381 6370 6396 3
6434 6432 6445 3 6511 6489 6504 3 6604 6598
6618 3 6935 6920 6932 3 6706 6691 6701 3
6785 6778 6794 3 6761 6740 6752 3 6846 6838
6860 3 6678 6667 6695 3 6729 6720 6739 3
6803 6784 6796 3 6900 6893 6915 3 5860 5846
5854 3 5470 5459 5485 3 5684 5668 5680 3
5783 5781 5796 3 5545 5531 5540 3 5645 5638
5663 3 5730 5714 5726 3 5827 5824 5838 3
5508 5504 5524 3 6442 6431 6439 3 6079 6072
6089 3 6279 6254 6273 3 6366 6361 6384 3
6151 6137 6146 3 6232 6227 6250 3 6314 6297
6307 3 6405 6401 6419 3 6117 6112 6131 3
5922 5902 5915 3 5986 5968 5979 3 5943 5935
5963 3 6019 6004 6017 3 6734 6715 6732 3
6570 6547 6560 3 6654 6649 6673 3 6527 6521
6538 3 6606 6589 6601 3 6699 6696 6709 3
7028 7011 7018 3 6856 6837 6851 3 6951 6944
6963 3 6820 6815 6833 3 6902 6876 6894 3
6992 6986 7003 3 7180 7161 7175 3 7240 7223
7236 3 7004 6987 7000 3 7091 7085 7104 3
7065 7039 7059 3 7149 7145 7162 3 6881 6858
6870 3 6977 6962 6991 3 7019 7015 7038 3
7109 7089 7103 3 7204 7197 7221 3 7981 7932
7956 3 8042 8018 8027 3 7445 7439 7459 3
7734 7701 7714 3 7861 7849 7874 3 7808 7781
7803 3 7924 7919 7931 3 7479 7460 7472 3
7673 7660 7703 3 7597 7556 7584 3 7755 7742
7772 3 7869 7842 7866 3 8001 7990 8014 3
7512 7488 7549 3 7310 7289 7304 3 7390 7384
7404 3 7362 7335 7357 3 7278 7269 7292 3
7321 7317 7332 3 7325 7313 7320 3 7158 7140
7155 3 7252 7246 7268 3 7120 7112 7133 3
7202 7176 7196 3 7291 7285 7306 3 8167 8136
8151 3 7631 7610 7651 3 7926 7911 7923 3
8048 8044 8078 3 7756 7722 7743 3 7882 7871
7896 3 7986 7940 7983 3 8111 8105 8118 3
7696 7688 7708 3 7406 7385 7401 3 7451 7433
7447 3 7413 7408 7424 3 7487 7465 7483 3
8216 8183 8206 3 5355 5332 5345 3 5407 5375
5396 3 4763 4758 4785 3 5095 5073 5091 3
5229 5212 5240 3 5129 5115 5124 3 5295 5283
5317 3 4929 4825 4888 3 5055 5049 5067 3
4999 4952 4984 3 5094 5090 5113 3 5219 5185
5211 3 5359 5356 5374 3 4935 4925 4958 3
6011 5995 6006 3 6062 6033 6053 3 5659 5653
5676 3 5847 5831 5841 3 5924 5923 5946 3
5872 5858 5868 3 5973 5969 5989 3 5706 5681
5703 3 5800 5797 5821 3 5755 5725 5745 3
5843 5836 5852 3 5921 5899 5914 3 6014 6010
6032 3 5709 5705 5723 3 5514 5497 5509 3
5609 5603 5626 3 5549 5533 5543 3 5477 5467
5491 3 5511 5505 5529 3 6318 6298 6309 3
6363 6341 6357 3 6148 6133 6144 3 6235 6230
6252 3 6179 6161 6174 3 6275 6271 6292 3
6109 6103 6127 3 6143 6140 6155 3 6222 6203
6217 3 6320 6310 6335 3 6665 6646 6657 3
6450 6435 6448 3 6543 6536 6555 3 6483 6467
6480 3 6581 6576 6597 3 6414 6410 6433 3
6446 6441 6460 3 6531 6507 6524 3 6626 6620
6643 3 5534 5512 5530 3 5028 5024 5041 3
5319 5284 5309 3 5431 5419 5453 3 5118 5096
5114 3 5259 5242 5289 3 5390 5363 5382 3
5503 5498 5515 3 5092 5087 5104 3 6154 6138
6149 3 5774 5769 5784 3 5982 5959 5977 3
6075 6070 6088 3 5855 5839 5849 3 5942 5929
5961 3 6036 6012 6028 3 6129 6126 6141 3
5832 5826 5842 3 5607 5583 5599 3 5672 5646
5664 3 5628 5622 5650 3 5732 5712 5724 3
5704 5694 5716 3 6453 6436 6449 3 6284 6260
6276 3 6376 6368 6392 3 6243 6233 6259 3
6339 6313 6328 3 6429 6420 6438 3 6302 6295
6316 3 6757 6738 6748 3 6584 6559 6578 3
6679 6669 6693 3 6544 6537 6558 3 6639 6615
6631 3 6726 6717 6737 3 6933 6913 6927 3
6972 6947 6961 3 6762 6741 6754 3 6849 6842
6864 3 6788 6774 6782 3 6885 6877 6904 3
6628 6607 6625 3 6714 6713 6733 3 6747 6744
6767 3 6834 6813 6829 3 6929 6922 6942 3
7632 7582 7612 3 7694 7655 7674 3 7194 7189
7217 3 7376 7359 7374 3 7462 7458 7477 3
7407 7386 7402 3 7516 7505 7553 3 7241 7225
7237 3 7326 7322 7346 3 7279 7259 7275 3
7368 7363 7377 3 7446 7422 7440 3 7611 7596
7642 3 7238 7233 7253 3 7073 7047 7070 3
7160 7153 7173 3 7098 7082 7096 3 7016 7012
7037 3 7061 7057 7078 3 7069 7042 7062 3
6886 6862 6875 3 6981 6974 6995 3 6844 6840
6859 3 6938 6919 6934 3 7021 7017 7041 3
7816 7798 7811 3 7286 7280 7302 3 7504 7467
7484 3 7699 7695 7713 3 7370 7349 7365 3
7452 7448 7464 3 7634 7580 7607 3 7766 7758
7797 3 7327 7323 7345 3 7144 7126 7135 3
7191 7169 7182 3 7150 7147 7166 3 7244 7227
7239 3 7211 7205 7226 3 7893 7864 7890 3
5727 5708 5720 3 5794 5777 5788 3 5357 5352
5370 3 5597 5573 5590 3 5700 5685 5710 3
5387 5362 5376 3 5502 5495 5513 3 5479 5448
5472 3 5557 5550 5576 3 5662 5635 5655 3
5758 5750 5775 3 5426 5417 5447 3 6322 6300
6312 3 6383 6360 6378 3 5996 5991 6007 3
6196 6176 6187 3 6293 6287 6303 3 6021 6003
6015 3 6122 6110 6132 3 6087 6071 6082 3
6162 6159 6177 3 6251 6228 6246 3 6344 6336
6358 3 6051 6039 6066 3 5900 5876 5896 3
5825 5817 5834 3 5867 5863 5878 3 6616 6595
6611 3 6675 6650 6668 3 6488 6474 6484 3
6586 6579 6599 3 6413 6404 6426 3 6459 6451
6473 3 6540 6522 6535 3 6633 6629 6647 3
6970 6948 6959 3 6786 6772 6780 3 6878 6869
6895 3 6705 6703 6718 3 6753 6745 6771 3
6835 6819 6830 3 6928 6925 6941 3 6716 6702
6712 3 5840 5829 5835 3 5874 5862 5873 3
5496 5492 5507 3 5717 5699 5711 3 5812 5803
5828 3 5526 5506 5520 3 5616 5608 5636 3
5574 5552 5569 3 5678 5671 5690 3 6428 6411
6422 3 6465 6447 6458 3 6102 6097 6118 3
6301 6286 6296 3 6395 6389 6407 3 6135 6121
6130 3 6213 6204 6225 3 6170 6153 6165 3
6266 6256 6280 3 5960 5931 5952 3 6009 5992
6001 3 5917 5912 5930 3 5974 5970 5988 3
6756 6736 6751 3 6592 6573 6590 3 6687 6683
6700 3 6503 6492 6520 3 6553 6546 6566 3
7009 6997 7005 3 7058 7035 7051 3 6887 6865
6879 3 6980 6973 6994 3 6792 6790 6816 3
6841 6836 6855 3 7222 7200 7218 3 7271 7250
7264 3 7090 7077 7084 3 7178 7174 7201 3
6917 6891 6909 3 7002 6999 7014 3 7060 7052
7075 3 7137 7119 7132 3 7232 7228 7245 3
8017 7998 8012 3 8102 8050 8079 3 7474 7466
7493 3 7853 7815 7831 3 7968 7944 7997 3
7555 7498 7526 3 7718 7709 7740 3 7658 7630
7650 3 7799 7792 7812 3 7909 7889 7898 3
8021 8019 8043 3 7579 7562 7609 3 7387 7372
7382 3 7308 7303 7316 3 7354 7350 7371 3
7312 7296 7309 3 7353 7329 7347 3 7181 7163
7177 3 7277 7274 7294 3 7097 7093 7115 3
7143 7136 7157 3 8137 8117 8129 3 8200 8175
8191 3 7662 7656 7697 3 7957 7929 7943 3
8103 8101 8113 3 7729 7704 7716 3 7858 7848
7875 3 7791 7757 7789 3 7908 7899 7922 3
7431 7414 7426 3 7475 7454 7468 3 7392 7388
7409 3 7434 7429 7449 3 5937 5916 5932 3
5641 5619 5639 3 5740 5733 5760 3 5810 5790
5807 3 5877 5875 5898 3 5578 5577 5600 3
6514 6491 6512 3 6224 6206 6221 3 6315 6311
6332 3 6387 6369 6386 3 6463 6461 6478 3
6169 6167 6184 3 6022 6020 6041 3 6800 6783
6797 3 6605 6602 6624 3 6674 6653 6671 3
6750 6749 6770 3 7102 7086 7099 3 6896 6890
6914 3 6960 6945 6957 3 7046 7048 7071 3
6818 6791 6814 3 5948 5927 5947 3 5957 5936
5958 3 5594 5593 5613 3 5822 5799 5820 3
5895 5894 5909 3 5658 5637 5656 3 5754 5751
5773 3 5665 5642 5666 3 5763 5764 5780 3
5813 5795 5816 3 5883 5887 5904 3 5584 5587
5606 3 6528 6508 6526 3 6534 6513 6533 3
6181 6180 6199 3 6399 6380 6398 3 6472 6471
6485 3 6237 6218 6234 3 6326 6324 6346 3
6244 6223 6245 3 6330 6334 6349 3 6390 6372
6394 3 6466 6468 6482 3 6173 6175 6191 3
6095 6081 6094 3 6106 6090 6105 3 6037 6034
6061 3 6043 6044 6065 3 6099 6085 6101 3
6822 6798 6823 3 6689 6666 6688 3 6765 6763
6777 3 6614 6612 6632 3 6622 6623 6642 3
6677 6659 6682 3 6755 6759 6775 3 7110 7095
7111 3 7117 7101 7118 3 6976 6954 6975 3
7064 7063 7080 3 6908 6906 6923 3 6911 6912
6930 3 6964 6949 6967 3 7054 7056 7076 3
7397 7379 7394 3 7193 7190 7215 3 7261 7242
7260 3 7341 7340 7361 3 8258 8235 8256 3
7857 7819 7855 3 7979 7973 8002 3 8053 8036
8052 3 8182 8181 8207 3 7769 7768 7802 3
7480 7478 7517 3 7405 7389 7403 3 7410 7393
7412 3 7273 7255 7272 3 7356 7355 7373 3
7208 7206 7224 3 7212 7213 7230 3 7263 7248
7266 3 7348 7351 7367 3 8263 8254 8262 3
8273 8255 8272 3 7796 7794 7810 3 8065 8045
8064 3 8199 8198 8224 3 7867 7834 7865 3
7987 7984 8011 3 7868 7854 7870 3 7999 8000
8015 3 8055 8041 8056 3 8184 8185 8217 3
7776 7788 7806 3 7639 7594 7636 3 7653 7620
7652 3 7499 7490 7548 3 7513 7515 7559 3
7643 7600 7645 3 8259 8248 8260 3 5547 5535
5553 3 5493 5482 5499 3 5043 5053 5064 3
5339 5324 5347 3 5455 5469 5484 3 5132 5121
5147 3 5294 5304 5330 3 5074 5062 5086 3
5188 5203 5224 3 5239 5216 5254 3 5373 5383
5402 3 4959 4969 5000 3 6166 6156 6171 3
6125 6107 6128 3 5785 5791 5806 3 5994 5981
5999 3 6086 6093 6108 3 5864 5856 5870 3
5964 5971 5984 3 5823 5804 5830 3 5897 5907
5918 3 5934 5919 5944 3 6029 6035 6055 3
5722 5728 5748 3 5683 5673 5693 3 5652 5661
5675 3 5580 5589 5604 3 6469 6452 6475 3
6423 6409 6430 3 6294 6283 6299 3 6388 6397
6408 3 6262 6267 6285 3 6200 6205 6219 3
6239 6220 6247 3 6333 6342 6355 3 6719 6710
6727 3 6594 6582 6600 3 6694 6697 6708 3
6557 6568 6583 3 6501 6509 6525 3 6542 6530
6550 3 6638 6645 6656 3 6379 6359 6382 3
5420 5404 5432 3 5361 5346 5364 3 4778 4803
4875 3 5155 5126 5164 3 5312 5323 5342 3
5018 4995 5027 3 5112 5117 5125 3 4936 4895
4940 3 5063 5066 5085 3 6073 6059 6080 3
6018 6005 6023 3 5670 5677 5691 3 5882 5869
5890 3 5983 5990 6000 3 5771 5749 5776 3
5850 5857 5865 3 5715 5702 5719 3 5815 5819
5833 3 5620 5605 5627 3 5562 5544 5568 3
5525 5532 5542 3 5486 5490 5501 3 6327 6308
6331 3 6186 6172 6194 3 6288 6291 6305 3
6152 6158 6168 3 6120 6124 6136 3 6681 6660
6690 3 6634 6619 6641 3 6490 6479 6493 3
6591 6593 6610 3 6457 6464 6477 3 6421 6427
6437 3 7081 7068 7083 3 7020 7007 7030 3
6899 6884 6907 3 6993 6998 7006 3 6773 6760
6776 3 6857 6866 6882 3 6802 6811 6828 3
6845 6831 6850 3 6940 6946 6958 3 7830 7814
7850 3 7767 7744 7775 3 7299 7305 7314 3
7522 7489 7552 3 7710 7717 7739 3 7378 7369
7383 3 7463 7470 7486 3 7328 7315 7330 3
7418 7421 7437 3 7455 7441 7461 3 7641 7646
7669 3 7249 7257 7270 3 7210 7188 7216 3
7164 7171 7187 3 7114 7121 7134 3 6983 6965
6990 3 6939 6924 6943 3 6795 6781 6801 3
6892 6903 6916 3 6764 6768 6779 3 6724 6730
6742 3 7706 7689 7711 3 7644 7603 7647 3
7209 7214 7229 3 7415 7400 7419 3 7534 7554
7583 3 7293 7276 7297 3 7375 7380 7391 3
7251 7235 7256 3 7331 7338 7360 3 7154 7139
7159 3 7108 7092 7113 3 7074 7079 7087 3
7024 7031 7050 3 5282 5243 5288 3 5245 5225
5250 3 4555 4556 4605 3 5060 5039 5061 3
5151 5157 5184 3 4757 4734 4760 3 4985 4996
5021 3 4733 4673 4737 3 4960 4965 4991 3
5051 5033 5050 3 5139 5138 5172 3 4550 4549
4568 3 5972 5949 5976 3 5951 5926 5954 3
5563 5565 5588 3 5811 5793 5814 3 5888 5891
5908 3 5654 5629 5657 3 5757 5762 5778 3
5630 5612 5633 3 5735 5739 5761 3 5802 5787
5801 3 5881 5880 5901 3 5558 5556 5579 3
5480 5454 5481 3 5403 5410 5427 3 5377 5380
5409 3 6278 6257 6281 3 6261 6240 6264 3
6119 6100 6123 3 6195 6198 6215 3 6064 6068
6083 3 6045 6049 6069 3 6113 6092 6111 3
6190 6188 6207 3 6567 6551 6571 3 6424 6406
6425 3 6506 6505 6529 3 6371 6373 6393 3
6352 6356 6377 3 6416 6400 6415 3 6494 6498
6516 3 6265 6241 6263 3 5244 5218 5248 3
5269 5237 5262 3 4553 4552 4582 3 5054 5034
5052 3 5144 5141 5174 3 4736 4671 4735 3
4964 4962 4988 3 4744 4714 4743 3 4976 4974
5012 3 5950 5925 5953 3 5967 5940 5962 3
5561 5559 5582 3 5809 5789 5805 3 5885 5884
5905 3 5632 5610 5631 3 5736 5737 5759 3
5644 5621 5640 3 5747 5744 5770 3 5474 5439
5473 3 5478 5442 5476 3 5379 5378 5408 3
5391 5388 5413 3 6115 6096 6114 3 6193 6192
6210 3 6048 6046 6067 3 6060 6057 6076 3
6569 6549 6572 3 6577 6554 6574 3 6418 6403
6417 3 6502 6496 6519 3 6354 6353 6374 3
6365 6364 6385 3 6888 6868 6889 3 6872 6854
6874 3 6728 6711 6731 3 6812 6817 6832 3
6585 6565 6588 3 6680 6684 6698 3 6661 6664
6686 3 6722 6704 6721 3 6806 6805 6826 3
7521 7485 7541 3 7492 7471 7494 3 7128 7130
7146 3 7343 7324 7344 3 7430 7432 7450 3
7203 7179 7207 3 7295 7298 7311 3 7183 7167
7186 3 7281 7284 7301 3 7334 7318 7333 3
7425 7423 7442 3 7123 7122 7138 3 7032 7013
7034 3 6984 6985 7001 3 6966 6971 6989 3
6871 6853 6873 3 6883 6861 6880 3 6725 6707
6723 3 6809 6808 6827 3 6663 6662 6685 3
6672 6670 6692 3 7491 7469 7495 3 7518 7476
7514 3 7127 7125 7141 3 7337 7319 7336 3
7428 7427 7444 3 7185 7165 7184 3 7282 7283
7300 3 7195 7172 7192 3 7290 7288 7307 3
7025 7008 7023 3 7029 7010 7027 3 6969 6968
6988 3 6979 6978 6996 3 4439 4052 4519 3
4052 4439 4030 3 4447 4038 4448 3 4038 4447
4037 3 4800 3438 4603 3 3438 4800 3595 3
3566 3539 3448 3 3448 3516 3566 3 4516 3513
3564 3 4516 3564 4050 3 3546 3455 3547 3
3455 3456 3547 3 3516 4519 3566 3 3566 4519
4052 3 4516 4028 4437 3 4028 4516 4050 3
3564 3513 3536 3 3513 3446 3536 3 4448 4063
4532 3 4063 4448 4038 3 4445 4057 4524 3
4057 4445 4035 3 3547 3456 3573 3 3456 3527
3573 3 4437 4027 4436 3 4027 4437 4028 3
3569 3544 3453 3 3453 3521 3569 3 4590 4524
4600 3 4524 4590 4523 3 4585 4594 4515 3
4585 4515 4514 3 4532 3573 3527 3 3573 4532
4063 3 3536 3446 3535 3 3446 3445 3535 3
3521 4524 3569 3 3569 4524 4057 3 3428 4516
4595 3 4516 3428 3513 3 3431 4521 4598 3
4521 3431 3518 3 3568 4522 3519 3 4522 3568
4054 3 4436 4048 4513 3 4048 4436 4027 3
4532 3439 4604 3 3439 4532 3527 3 3525 3425
3526 3 3425 3525 3438 3 3584 4786 4593 3
4593 3426 3584 3 3510 3511 3418 3 3510 3418
3426 3 4513 3426 4593 3 3426 4513 3510 3
4586 4595 4516 3 4586 4516 4517 3 3515 3514
3419 3 3515 3419 3429 3 4590 4598 4521 3
4590 4521 4523 3 3521 3520 3423 3 3521 3423
3433 3 4591 4525 4601 3 4525 4591 4526 3
4518 3429 4596 3 3429 4518 3515 3 4592 4532
4604 3 4532 4592 4531 3 4524 3433 4600 3
3433 4524 3521 3 3437 4527 4602 3 4527 3437
3524 3 3432 4522 4599 3 4522 3432 3519 3
3518 3423 3520 3 3423 3518 3431 3 4591 4602
4527 3 4591 4527 4526 3 3438 4528 4603 3
4528 3438 3525 3 4587 4599 4522 3 4587 4522
4520 3 4592 4603 4528 3 4592 4528 4531 3
3516 3517 3420 3 3516 3420 3430 3 3522 3523
3424 3 3522 3424 3436 3 3527 3526 3425 3
3527 3425 3439 3 4525 3436 4601 3 3436 4525
3522 3 4519 3430 4597 3 3430 4519 3516 3
3524 3424 3523 3 3424 3524 3437 3 3512 3418
3511 3 3418 3512 3427 3 3519 3420 3517 3
3420 3519 3432 3 4585 4513 4593 3 4513 4585
4514 3 4587 4519 4597 3 4519 4587 4520 3
3513 3419 3514 3 3419 3513 3428 3 3427 4515
4594 3 4515 3427 3512 3 4586 4518 4596 3
4518 4586 4517 3 4820 3594 4798 3 3594 4820
3602 3 4797 3602 4820 3 3602 4797 3593 3
4798 3437 4602 3 3437 4798 3594 3 3593 4797
4601 3 4601 3436 3593 3 4814 3590 4794 3
3590 4814 3600 3 4791 3600 4814 3 3600 4791
3588 3 4794 3432 4599 3 3432 4794 3590 3
3588 4791 4597 3 4597 3430 3588 3 4812 3585
4787 3 3585 4812 3597 3 4786 3597 4812 3
3597 4786 3584 3 4787 3427 4594 3 3427 4787
3585 3 4813 3586 4788 3 3586 4813 3598 3
4789 3598 4813 3 3598 4789 3587 3 3587 4789
4596 3 4596 3429 3587 3 4788 3428 4595 3
3428 4788 3586 3 4793 3431 4598 3 3431 4793
3589 3 4815 3589 4793 3 3589 4815 3601 3
4795 3601 4815 3 3601 4795 3592 3 3592 4795
4600 3 4600 3433 3592 3 4821 3595 4800 3
3595 4821 3603 3 4801 3603 4821 3 3603 4801
3596 3 3596 4801 4604 3 4604 3439 3596 3
4036 3509 4010 3 3509 4036 3545 3 4062 3545
4036 3 3545 4062 3572 3 4038 3573 4063 3
3573 4038 3547 3 4037 3547 4038 3 3547 4037
3546 3 4061 3546 4037 3 3546 4061 3571 3
4034 3570 4059 3 3570 4034 3543 3 4033 3543
4034 3 3543 4033 3542 3 4054 3542 4033 3
3542 4054 3568 3 4030 3566 4052 3 3566 4030
3539 3 4009 3539 4030 3 3539 4009 3507 3
4029 3507 4009 3 3507 4029 3538 3 4049 3538
4029 3 3538 4049 3563 3 4027 3562 4048 3
3562 4027 3535 3 4028 3535 4027 3 3535 4028
3536 3 4050 3536 4028 3 3536 4050 3564 3
4031 3565 4051 3 3565 4031 3540 3 4032 3540
4031 3 3540 4032 3541 3 4053 3541 4032 3
3541 4053 3567 3 4035 3569 4057 3 3569 4035
3544 3 4010 3544 4035 3 3544 4010 3509 3
3571 3524 3546 3 3524 3455 3546 3 4527 4037
4447 3 4037 4527 4061 3 4527 3524 3571 3
4527 3571 4061 3 4518 3565 3515 3 3565 4518
4051 3 3540 3515 3565 3 3515 3540 3449 3
4440 4031 4518 3 4518 4031 4051 3 3563 3447
3538 3 3447 3563 3512 3 3541 3449 3540 3
3449 3541 3450 3 4515 4049 4438 3 4438 4049
4029 3 4525 3570 3522 3 3570 4525 4059 3
4442 4032 4440 3 4440 4032 4031 3 4515 3512
3563 3 4515 3563 4049 3 3543 3522 3570 3
3522 3543 3452 3 4444 4034 4525 3 4525 4034
4059 3 3567 3450 3541 3 3450 3567 3518 3
3572 3454 3545 3 3454 3572 3525 3 4521 4053
4442 3 4442 4053 4032 3 3542 3452 3543 3
3452 3542 3451 3 4528 4062 4446 3 4446 4062
4036 3 3567 4521 3518 3 4521 3567 4053 3
4443 4033 4444 3 4444 4033 4034 3 4528 3525
3572 3 4528 3572 4062 3 4513 3562 3510 3
3562 4513 4048 3 3568 3451 3542 3 3451 3568
3519 3 3535 3445 3562 3 3445 3510 3562 3
4522 4054 4443 3 4443 4054 4033 3 3455 3374
3456 3 3374 3455 3373 3 3450 3518 3466 3
3450 3466 3368 3 3512 3511 3459 3 3512 3459
3460 3 3522 3452 3370 3 3522 3370 3470 3
3413 3371 3453 3 3371 3413 3349 3 3413 3454
3372 3 3413 3372 3349 3 3513 3364 3446 3
3364 3513 3461 3 3516 3465 3517 3 3465 3516
3464 3 3456 3477 3527 3 3477 3456 3374 3
3449 3450 3368 3 3449 3368 3367 3 3447 3512
3460 3 3447 3460 3365 3 3523 3522 3470 3
3523 3470 3473 3 3453 3469 3521 3 3469 3453
3371 3 3446 3363 3445 3 3363 3446 3364 3
3517 3467 3519 3 3467 3517 3465 3 3526 3527
3477 3 3526 3477 3476 3 3515 3449 3367 3
3515 3367 3463 3 3412 3447 3365 3 3412 3365
3348 3 3523 3474 3524 3 3474 3523 3473 3
3521 3468 3520 3 3468 3521 3469 3 3445 3458
3510 3 3458 3445 3363 3 3451 3519 3467 3
3451 3467 3369 3 3525 3526 3476 3 3525 3476
3475 3 3463 3514 3515 3 3514 3463 3462 3
3412 3366 3448 3 3366 3412 3348 3 3524 3373
3455 3 3373 3524 3474 3 3520 3466 3518 3
3466 3520 3468 3 3511 3510 3458 3 3511 3458
3459 3 3452 3451 3369 3 3452 3369 3370 3
3454 3525 3475 3 3454 3475 3372 3 3514 3461
3513 3 3461 3514 3462 3 3448 3464 3516 3
3464 3448 3366 3 3380 3460 3459 3 3460 3380
3381 3 3393 3370 3324 3 3370 3393 3470 3
3382 3318 3364 3 3364 3461 3382 3 3386 3464
3385 3 3464 3386 3465 3 3381 3365 3460 3
3365 3381 3319 3 3394 3470 3393 3 3470 3394
3473 3 3392 3371 3325 3 3371 3392 3469 3
3386 3388 3467 3 3467 3465 3386 3 3397 3477
3398 3 3477 3397 3476 3 3367 3384 3463 3
3384 3367 3321 3 3394 3474 3473 3 3474 3394
3395 3 3390 3469 3392 3 3469 3390 3468 3
3397 3396 3475 3 3475 3476 3397 3 3383 3463
3384 3 3463 3383 3462 3 3373 3474 3395 3
3373 3395 3327 3 3390 3466 3468 3 3466 3390
3387 3 3380 3458 3379 3 3458 3380 3459 3
3396 3326 3372 3 3372 3475 3396 3 3383 3382
3461 3 3461 3462 3383 3 3366 3385 3464 3
3385 3366 3320 3 35 530 47 3 546 47
530 3 617 142 654 3 617 102 142 3
618 103 583 3 72 583 103 3 530 35
508 3 23 508 35 3 654 162 698 3
654 142 162 3 508 22 507 3 22 508
23 3 184 698 162 3 698 184 718 3
34 507 22 3 507 34 529 3 718 184
719 3 719 184 185 3 529 46 545 3
529 34 46 3 719 185 699 3 163 699
185 3 545 71 582 3 545 46 71 3
699 163 655 3 143 655 163 3 583 72
546 3 47 546 72 3 582 102 617 3
582 71 102 3 655 143 618 3 103 618
143 3 195 157 179 3 179 219 195 3
38 14 26 3 38 26 42 3 243 205
219 3 195 219 205 3 18 14 6 3
14 18 26 3 242 205 243 3 205 242
204 3 19 18 6 3 19 6 7 3
204 218 194 3 218 204 242 3 15 19
7 3 19 15 27 3 194 178 156 3
178 194 218 3 39 27 15 3 27 39
43 3 156 130 118 3 130 156 178 3
119 67 131 3 67 119 83 3 67 43
39 3 43 67 83 3 118 66 82 3
66 118 130 3 157 119 131 3 131 179
157 3 56 18 50 3 18 56 26 3
233 243 209 3 219 209 243 3 14 38
10 3 30 10 38 3 179 171 219 3
171 209 219 3 38 66 30 3 58 30
66 3 179 131 123 3 123 171 179 3
66 130 58 3 122 58 130 3 67 39
31 3 31 59 67 3 131 67 59 3
59 123 131 3 130 178 122 3 170 122
178 3 15 11 39 3 11 31 39 3
178 218 170 3 208 170 218 3 11 15
3 3 7 3 15 3 242 208 218 3
208 242 232 3 3 6 2 3 6 3
7 3 232 242 233 3 233 242 243 3
66 38 42 3 66 42 82 3 14 2
6 3 2 14 10 3 51 77 50 3
50 77 76 3 204 265 205 3 265 204
264 3 19 51 18 3 18 51 50 3
264 194 246 3 194 264 204 3 27 57
19 3 51 19 57 3 246 194 156 3
156 214 246 3 43 97 27 3 57 27
97 3 214 156 118 3 118 174 214 3
119 175 83 3 137 83 175 3 83 137
43 3 97 43 137 3 174 118 82 3
82 136 174 3 157 215 119 3 175 119
215 3 136 82 42 3 42 96 136 3
195 247 157 3 215 157 247 3 96 42
26 3 26 56 96 3 205 265 195 3
247 195 265 3 146 90 126 3 90 146
112 3 266 246 254 3 246 266 264 3
57 91 51 3 77 51 91 3 254 246
214 3 214 226 254 3 97 113 57 3
91 57 113 3 226 214 174 3 174 189
226 3 175 190 137 3 151 137 190 3
137 151 97 3 113 97 151 3 189 174
136 3 136 150 189 3 215 227 175 3
190 175 227 3 150 96 112 3 96 150
136 3 247 255 215 3 227 215 255 3
112 56 90 3 56 112 96 3 265 267
247 3 255 247 267 3 90 50 76 3
50 90 56 3 264 267 265 3 267 264
266 3 267 251 255 3 239 255 251 3
126 76 108 3 76 126 90 3 266 250
267 3 267 250 251 3 77 108 76 3
108 77 109 3 250 254 238 3 254 250
266 3 91 127 77 3 109 77 127 3
238 226 222 3 226 238 254 3 113 147
91 3 127 91 147 3 222 226 189 3
189 198 222 3 190 199 151 3 167 151
199 3 151 167 113 3 147 113 167 3
198 150 166 3 150 198 189 3 227 223
190 3 199 190 223 3 166 112 146 3
112 166 150 3 255 239 227 3 223 227
239 3 662 634 702 3 646 702 634 3
412 380 444 3 444 380 425 3 545 525
529 3 525 545 550 3 707 719 699 3
707 740 719 3 582 550 545 3 550 582
590 3 699 655 667 3 699 667 707 3
551 591 583 3 583 546 551 3 526 551
546 3 546 530 526 3 590 617 628 3
617 590 582 3 666 628 654 3 617 654
628 3 629 667 655 3 655 618 629 3
591 629 618 3 618 583 591 3 504 526
530 3 530 508 504 3 698 666 654 3
666 698 706 3 504 507 503 3 507 504
508 3 718 706 698 3 706 718 739 3
529 503 507 3 503 529 525 3 740 739
718 3 740 718 719 3 528 45 544 3
528 33 45 3 100 615 140 3 652 140
615 3 101 616 581 3 581 69 101 3
33 528 506 3 506 21 33 3 140 652
160 3 696 160 652 3 506 20 21 3
20 506 505 3 696 181 160 3 181 696
715 3 505 32 20 3 32 505 527 3
181 715 716 3 716 182 181 3 32 527
44 3 543 44 527 3 182 716 697 3
697 161 182 3 44 543 68 3 580 68
543 3 161 697 653 3 653 141 161 3
69 581 544 3 544 45 69 3 68 580
100 3 615 100 580 3 141 653 616 3
616 101 141 3 155 193 177 3 177 193
217 3 40 24 36 3 12 36 24 3
241 217 203 3 217 193 203 3 16 4
12 3 12 24 16 3 240 203 202 3
203 240 241 3 17 4 16 3 4 17
5 3 216 202 192 3 202 216 240 3
17 13 5 3 13 17 25 3 176 192
154 3 192 176 216 3 25 37 13 3
37 25 41 3 128 154 116 3 154 128
176 3 129 65 117 3 117 65 81 3
41 65 37 3 65 41 81 3 116 64
128 3 64 116 80 3 177 129 155 3
155 129 117 3 16 52 48 3 52 16
24 3 231 207 241 3 207 217 241 3
8 36 12 3 36 8 28 3 177 217
169 3 169 217 207 3 28 64 36 3
64 28 54 3 129 177 121 3 121 177
169 3 54 128 64 3 128 54 120 3
37 65 29 3 29 65 55 3 65 129
55 3 55 129 121 3 120 176 128 3
176 120 168 3 13 37 9 3 9 37
29 3 168 216 176 3 216 168 206 3
9 1 13 3 1 5 13 3 206 240
216 3 240 206 230 3 1 4 5 3
4 1 0 3 240 230 231 3 231 241
240 3 80 40 64 3 36 64 40 3
0 12 4 3 12 0 8 3 75 49
48 3 48 74 75 3 202 261 260 3
261 202 203 3 49 17 16 3 16 48
49 3 192 260 244 3 260 192 202 3
53 25 17 3 17 49 53 3 212 154
244 3 192 244 154 3 94 41 25 3
25 53 94 3 172 116 212 3 154 212
116 3 173 117 81 3 81 135 173 3
135 81 41 3 41 94 135 3 134 80
172 3 116 172 80 3 213 155 117 3
117 173 213 3 93 40 134 3 80 134
40 3 245 193 155 3 155 213 245 3
52 24 93 3 40 93 24 3 261 203
193 3 193 245 261 3 88 144 124 3
144 88 110 3 244 262 252 3 262 244
260 3 89 53 49 3 49 75 89 3
224 212 252 3 244 252 212 3 111 94
53 3 53 89 111 3 186 172 224 3
212 224 172 3 187 173 135 3 135 149
187 3 94 111 149 3 94 149 135 3
148 134 186 3 172 186 134 3 225 213
173 3 173 187 225 3 93 148 110 3
148 93 134 3 253 245 213 3 213 225
253 3 52 110 88 3 110 52 93 3
263 261 245 3 245 253 263 3 48 88
74 3 88 48 52 3 260 263 262 3
263 260 261 3 249 263 253 3 253 236
249 3 74 124 106 3 124 74 88 3
248 262 263 3 263 249 248 3 75 106
107 3 106 75 74 3 252 248 235 3
248 252 262 3 125 89 75 3 75 107
125 3 224 235 220 3 235 224 252 3
89 125 145 3 89 145 111 3 196 186
220 3 224 220 186 3 197 187 149 3
149 165 197 3 111 145 165 3 111 165
149 3 164 148 196 3 186 196 148 3
221 225 187 3 187 197 221 3 110 164
144 3 164 110 148 3 236 253 225 3
225 221 236 3 660 700 632 3 644 632
700 3 409 442 378 3 442 422 378 3
523 543 527 3 543 523 547 3 697 716
705 3 716 738 705 3 547 580 543 3
580 547 587 3 705 665 697 3 653 697
665 3 588 548 581 3 544 581 548 3
548 524 544 3 528 544 524 3 587 615
580 3 615 587 626 3 652 615 626 3
626 664 652 3 665 627 653 3 616 653
627 3 627 588 616 3 581 616 588 3
524 501 528 3 506 528 501 3 664 696
652 3 696 664 704 3 500 506 501 3
506 500 505 3 704 715 696 3 715 704
737 3 500 527 505 3 527 500 523 3
737 716 715 3 716 737 738 3 344 1969
2305 3 2305 385 344 3 384 2304 1968 3
1968 343 384 3 2415 3402 3256 3 3256 2063
2415 3 2064 3257 3403 3 3403 2418 2064 3
2064 2418 2305 3 2305 1969 2064 3 2415 1968
2304 3 1968 2415 2063 3 3051 3050 3015 3
3051 3015 3016 3 3610 3015 3050 3 3015 3610
3580 3 3610 3051 3611 3 3051 3610 3050 3
3611 3051 3016 3 3611 3016 3581 3 3610 3581
3580 3 3581 3610 3611 3 3581 3015 3580 3
3015 3581 3016 3 3209 3166 3231 3 3231 3166
3180 3 3180 3131 3150 3 3180 3166 3131 3
3237 3184 3227 3 3184 3237 3194 3 3194 3157
3184 3 3157 3194 3172 3 3147 3172 3155 3
3172 3147 3157 3 3158 3147 3173 3 3155 3173
3147 3 3150 3124 3141 3 3150 3131 3124 3
3124 3151 3141 3 3151 3124 3132 3 3160 3171
3153 3 3171 3156 3153 3 3170 3153 3156 3
3153 3170 3159 3 3134 3143 3125 3 3143 3130
3125 3 3142 3125 3130 3 3125 3142 3133 3
3116 3120 3103 3 3120 3109 3103 3 3119 3103
3109 3 3103 3119 3115 3 3144 3115 3119 3
3115 3144 3136 3 3196 3136 3144 3 3136 3196
3186 3 3174 3133 3142 3 3133 3174 3162 3
3211 3162 3174 3 3162 3211 3206 3 3189 3159
3170 3 3159 3189 3182 3 3223 3182 3189 3
3182 3223 3219 3 3273 3219 3223 3 3219 3273
3264 3 3275 3209 3296 3 3296 3209 3231 3
3354 3275 3400 3 3400 3275 3296 3 3376 3282
3357 3 3282 3376 3294 3 3294 3227 3282 3
3227 3294 3237 3 3532 3478 3505 3 3478 3532
3490 3 3490 3357 3478 3 3357 3490 3376 3
3555 3486 3500 3 3555 3530 3486 3 3486 3354
3500 3 3500 3354 3400 3 3404 3311 3333 3
3311 3404 3389 3 3480 3389 3404 3 3389 3480
3443 3 3416 3315 3337 3 3315 3416 3409 3
3495 3409 3416 3 3409 3495 3493 3 3482 3330
3344 3 3330 3482 3421 3 3528 3421 3482 3
3421 3528 3503 3 3551 3503 3528 3 3503 3551
3537 3 3537 3551 3504 3 3551 3529 3504 3
3502 3493 3495 3 3493 3502 3499 3 3499 3502
3494 3 3502 3496 3494 3 3492 3443 3480 3
3443 3492 3485 3 3485 3492 3444 3 3492 3481
3444 3 3561 3530 3555 3 3561 3550 3530 3
3531 3561 3556 3 3561 3531 3550 3 3534 3506
3549 3 3533 3549 3506 3 3505 3549 3532 3
3549 3505 3534 3 3479 3358 3491 3 3377 3491
3358 3 3506 3479 3533 3 3491 3533 3479 3
3501 3355 3487 3 3355 3501 3401 3 3487 3556
3501 3 3556 3487 3531 3 3391 3444 3481 3
3481 3405 3391 3 3312 3391 3405 3 3405 3334
3312 3 3410 3494 3496 3 3496 3417 3410 3
3316 3410 3417 3 3417 3338 3316 3 3422 3504
3529 3 3529 3483 3422 3 3331 3422 3483 3
3483 3345 3331 3 3247 3331 3345 3 3345 3261
3247 3 3187 3247 3261 3 3261 3197 3187 3
3259 3316 3338 3 3338 3267 3259 3 3207 3259
3267 3 3267 3212 3207 3 3265 3312 3334 3
3334 3274 3265 3 3220 3265 3274 3 3274 3224
3220 3 3401 3276 3355 3 3276 3401 3297 3
3297 3210 3276 3 3210 3297 3232 3 3283 3228
3295 3 3238 3295 3228 3 3358 3283 3377 3
3295 3377 3283 3 3185 3158 3195 3 3173 3195
3158 3 3228 3185 3238 3 3195 3238 3185 3
3132 3181 3151 3 3181 3132 3167 3 3232 3167
3210 3 3167 3232 3181 3 3183 3220 3224 3
3224 3190 3183 3 3160 3183 3190 3 3190 3171
3160 3 3163 3207 3212 3 3212 3175 3163 3
3134 3163 3175 3 3175 3143 3134 3 3137 3187
3197 3 3197 3145 3137 3 3116 3137 3145 3
3145 3120 3116 3 3344 3246 3260 3 3246 3344
3330 3 3260 3186 3196 3 3186 3260 3246 3
3266 3206 3211 3 3206 3266 3258 3 3337 3258
3266 3 3258 3337 3315 3 3333 3264 3273 3
3264 3333 3311 3 2641 2744 2866 3 2744 2641
2597 3 2639 3006 2935 3 2935 2456 2639 3
711 631 669 3 631 711 674 3 1051 669
631 3 631 752 1051 3 3007 2745 2867 3
2745 3007 2936 3 1050 630 668 3 630 1050
751 3 2824 2642 2598 3 2824 2598 2684 3
2641 2820 2679 3 2641 2679 2597 3 3006 2866
2744 3 2744 2935 3006 3 1050 2639 2456 3
2456 751 1050 3 2642 2867 2745 3 2745 2598
2642 3 3007 2640 2936 3 2457 2936 2640 3
668 672 710 3 672 668 630 3 613 674
711 3 674 613 579 3 2457 1051 752 3
1051 2457 2640 3 2637 2845 2744 3 2744 2597
2637 3 1051 2640 2190 3 2190 669 1051 3
2336 2188 2438 3 2188 2376 2438 3 2867 2640
3007 3 2640 2867 2190 3 2142 2377 2441 3
2377 2142 1897 3 3006 2639 2866 3 2639 2188
2866 3 668 2188 2639 3 2639 1050 668 3
2641 2674 2820 3 2674 2641 2630 3 710 2376
2188 3 2188 668 710 3 2140 2438 2376 3
2376 1895 2140 3 2441 2190 2337 3 2190 2441
2377 3 711 2377 1897 3 1897 613 711 3
2867 2337 2190 3 2337 2867 2775 3 2377 669
2190 3 669 2377 711 3 2773 2852 2630 3
2630 2852 2674 3 2852 2140 2674 3 2140 2852
2438 3 2852 2336 2438 3 2336 2852 2773 3
2336 2866 2188 3 2866 2336 2773 3 2866 2630
2641 3 2630 2866 2773 3 1895 2820 2140 3
2140 2820 2674 3 2632 2853 2775 3 2853 2632
2678 3 2678 2142 2853 3 2853 2142 2441 3
2853 2337 2775 3 2337 2853 2441 3 2824 1897
2142 3 2824 2142 2678 3 2632 2867 2642 3
2867 2632 2775 3 2824 2678 2642 3 2642 2678
2632 3 2968 2935 2845 3 2935 2744 2845 3
2846 2936 2969 3 2936 2846 2745 3 2638 2745
2846 3 2745 2638 2598 3 5522 4316 5510 3
4316 5522 4366 3 5487 4366 5522 3 4366 5487
4170 3 5471 4170 5487 3 4170 5471 4112 3
5510 4112 5471 3 4112 5510 4316 3 4112 4316
4366 3 4112 4366 4170 3 5510 5487 5522 3
5487 5510 5471 3 8701 8697 8694 3 8697 8701
8724 3 8698 8687 8678 3 8698 8678 8693 3
8833 8701 8778 3 8778 8701 8692 3 8685 8692
8689 3 8692 8685 8673 3 8724 8708 8696 3
8724 8696 8697 3 8661 8688 8686 3 8688 8661
8684 3 8701 8689 8692 3 8689 8701 8694 3
8696 8708 8691 3 8691 8708 8700 3 8700 8688
8691 3 8688 8700 8686 3 8684 8661 8685 3
8685 8661 8673 3 8860 8802 8850 3 8802 8860
8803 3 8731 8673 8730 3 8730 8673 8661 3
8760 8686 8811 3 8811 8686 8700 3 8811 8700
8850 3 8850 8700 8708 3 8860 8724 8833 3
8833 8724 8701 3 8778 8692 8731 3 8731 8692
8673 3 8730 8661 8760 3 8760 8661 8686 3
8850 8708 8860 3 8860 8708 8724 3 8833 8762
8798 3 8762 8833 8778 3 8730 8742 8731 3
8742 8730 8738 3 8754 8811 8795 3 8811 8754
8760 3 8850 8795 8811 3 8795 8850 8802 3
8833 8798 8860 3 8860 8798 8803 3 8762 8778
8742 3 8778 8731 8742 3 8730 8760 8754 3
8730 8754 8738 3 8696 8683 8697 3 8683 8696
8682 3 8697 8680 8694 3 8680 8697 8683 3
8694 8677 8689 3 8677 8694 8680 3 8689 8665
8685 3 8665 8689 8677 3 8685 8663 8684 3
8663 8685 8665 3 8684 8676 8688 3 8676 8684
8663 3 8688 8679 8691 3 8679 8688 8676 3
8691 8682 8696 3 8682 8691 8679 3 8699 8698
8693 3 8699 8693 8695 3 8695 8690 8699 3
8690 8695 8681 3 8681 8662 8690 3 8662 8681
8649 3 8647 8662 8649 3 8647 8649 8637 3
8646 8647 8637 3 8646 8637 8636 3 8658 8646
8636 3 8658 8636 8648 3 8687 8658 8648 3
8687 8648 8678 3 5256 5154 5279 3 5279 5154
5169 3 5279 5169 5264 3 5264 5169 5160 3
5093 5183 5173 3 5183 5093 5101 3 5183 5101
5223 3 5223 5101 5120 3 5264 5160 5231 3
5231 5160 5123 3 5223 5120 5256 3 5256 5120
5154 3 5231 5123 5196 3 5196 5123 5105 3
5105 5173 5196 3 5173 5105 5093 3 5230 5122
5247 3 5247 5122 5140 3 5247 5140 5255 3
5255 5140 5148 3 5202 5106 5195 3 5195 5106
5103 3 5255 5148 5241 3 5241 5148 5134 3
5195 5103 5206 3 5206 5103 5111 3 5241 5134
5220 3 5220 5134 5119 3 5206 5111 5230 3
5230 5111 5122 3 5220 5119 5202 3 5202 5119
5106 3 3957 3936 4096 3 3936 3957 3875 3
3875 3905 3775 3 3905 3875 3957 3 4024 4328
3936 3 4328 4096 3936 3 4276 4614 4069 3
4614 4276 4775 3 4614 3971 4069 3 3971 4614
4457 3 4903 4654 4775 3 4614 4775 4654 3
4654 4457 4614 3 4654 4410 4457 3 4158 4410
4495 3 4495 4258 4158 3 4973 5083 5110 3
5110 5023 4973 3 5110 5235 5194 3 5194 5100
5110 3 5023 5110 5100 3 5023 5100 5032 3
7978 7888 7917 3 7836 7917 7888 3 7888 7762
7836 3 7888 7787 7762 3 8099 7972 7978 3
7888 7978 7972 3 7888 7852 7787 3 7852 7888
7972 3 8479 7972 8099 3 7972 8479 8413 3
8413 7852 7972 3 7852 8413 8356 3 8493 8505
8445 3 8505 8493 8577 3 8445 8449 8336 3
8449 8445 8505 3 8449 8362 8336 3 8336 8362
8252 3 8252 8293 8135 3 8293 8252 8362 3
8356 7733 7852 3 7733 8356 8278 3 8278 7624
7733 3 7624 8278 8203 3 7852 7733 7684 3
7684 7787 7852 3 7733 7624 7572 3 7572 7684
7733 3 7787 7684 7693 3 7693 7762 7787 3
7606 7693 7684 3 7684 7572 7606 3 4819 5023
4931 3 5032 4931 5023 3 4665 4819 4756 3
4931 4756 4819 3 4972 4818 5022 3 4818 4972
4748 3 4566 4749 4819 3 4819 4665 4566 3
4158 4018 4081 3 4081 4247 4158 3 4410 4158
4247 3 4247 4457 4410 3 4457 3919 3971 3
3919 4457 4247 3 4247 4081 3919 3 3919 4081
3887 3 3775 3850 3708 3 3850 3775 3905 3
3708 3830 3677 3 3830 3708 3850 3 3829 3677
3830 3 3677 3829 3676 3 3887 4042 3862 3
4042 3887 4081 3 3862 4041 3861 3 4041 3862
4042 3 4042 3979 4041 3 3979 4042 3980 3
3980 4042 4018 3 4042 4081 4018 3 3979 4016
4041 3 4080 4041 4016 3 3861 4041 3886 3
4080 3886 4041 3 4016 4157 4080 3 4246 4080
4157 3 4246 3886 4080 3 3886 4246 3918 3
3707 3829 3849 3 3829 3707 3676 3 3774 3849
3904 3 3849 3774 3707 3 3874 3904 3956 3
3904 3874 3774 3 3935 3956 4095 3 3956 3935
3874 3 4456 3970 4246 3 3970 3918 4246 3
4613 4068 4456 3 4068 3970 4456 3 4409 4652
4613 3 4409 4613 4456 3 4157 4409 4246 3
4456 4246 4409 3 4652 4494 4741 3 4494 4652
4409 3 5292 5234 5336 3 5234 5292 5180 3
5109 5031 5099 3 5109 5022 5031 3 5022 4818
4930 3 4930 5031 5022 3 7887 7761 7786 3
7761 7887 7835 3 7683 7786 7692 3 7761 7692
7786 3 7732 7851 7683 3 7786 7683 7851 3
7851 7971 7887 3 7851 7887 7786 3 8355 7732
8277 3 7732 8355 7851 3 8412 7851 8355 3
7851 8412 7971 3 8361 8448 8335 3 8335 8251
8361 3 8444 8448 8504 3 8448 8444 8335 3
8504 8576 8492 3 8492 8444 8504 3 8576 8618
8552 3 8552 8492 8576 3 8478 7971 8412 3
7971 8478 8097 3 8516 8097 8478 3 8097 8516
8169 3 7971 8097 7977 3 7977 7887 7971 3
8039 7977 8097 3 8097 8169 8039 3 7887 7977
7916 3 7916 7835 7887 3 7960 7916 7977 3
7960 7977 8039 3 5336 5234 5275 3 5193 5275
5234 3 5234 5109 5193 3 5099 5193 5109 3
5343 5336 5367 3 5336 5343 5292 3 5180 5109
5234 3 5109 5180 5082 3 4902 5016 4948 3
4948 4774 4902 3 4652 4902 4774 3 4774 4613
4652 3 4948 4421 4774 3 4421 4275 4774 3
4774 4275 4613 3 4275 4068 4613 3 4327 3935
4095 3 3935 4327 4023 3 4539 4023 4327 3
4023 4539 4180 3 4578 4180 4539 3 4180 4578
4294 3 4295 4578 4579 3 4578 4295 4294 3
4421 5009 4509 3 5009 4421 4948 3 4509 5009
4510 3 5010 4510 5009 3 5059 5010 5058 3
5058 5010 5009 3 4948 5016 5009 3 5016 5058
5009 3 5059 5077 5078 3 5077 5059 5058 3
5293 5344 5368 3 5368 5337 5293 3 5336 5325
5367 3 5325 5336 5275 3 5367 5325 5368 3
5368 5325 5326 3 8090 8006 8089 3 8006 8090
8007 3 7960 8039 8006 3 8039 8089 8006 3
8039 8169 8089 3 8169 8220 8089 3 8221 8089
8220 3 8089 8221 8090 3 8169 8538 8220 3
8538 8169 8516 3 8220 8538 8221 3 8539 8221
8538 3 8618 8630 8580 3 8580 8552 8618 3
8631 8581 8630 3 8581 8580 8630 3 8581 8619
8553 3 8619 8581 8631 3 8553 8577 8493 3
8577 8553 8619 3 8539 8170 8221 3 8170 8539
8517 3 8517 8099 8170 3 8099 8517 8479 3
8170 8090 8221 3 8090 8170 8040 3 8170 8099
8040 3 7978 8040 8099 3 8040 8007 8090 3
8007 8040 7961 3 8040 7978 7961 3 7917 7961
7978 3 5235 5337 5276 3 5276 5194 5235 3
5276 5337 5326 3 5337 5368 5326 3 4903 5017
5048 3 5048 4951 4903 3 4499 4561 4560 3
4561 4499 4500 3 5017 5010 5059 3 5010 5017
4949 3 5017 4903 4949 3 4775 4949 4903 3
4949 4276 4422 3 4276 4949 4775 3 5010 4422
4510 3 4422 5010 4949 3 4540 4182 4579 3
4295 4579 4182 3 4182 4540 4024 3 4540 4328
4024 3 8292 8361 8251 3 8251 8134 8292 3
8292 8098 8240 3 8098 8292 8134 3 8202 7623
7531 3 8202 7531 8148 3 8277 7623 8202 3
7623 8277 7732 3 7531 7623 7502 3 7571 7502
7623 3 7623 7732 7571 3 7683 7571 7732 3
7571 7605 7560 3 7560 7502 7571 3 7571 7683
7605 3 7692 7605 7683 3 4818 4664 4755 3
4755 4930 4818 3 4560 4702 4664 3 4702 4755
4664 3 4702 4561 4703 3 4561 4702 4560 3
7561 7503 7560 3 7560 7503 7502 3 4561 4665
4703 3 4756 4703 4665 3 7606 7572 7561 3
7503 7561 7572 3 7532 7503 7624 3 7503 7572
7624 3 7503 7532 7502 3 7502 7532 7531 3
7624 8149 7532 3 8149 7624 8203 3 7532 8148
7531 3 8148 7532 8149 3 8293 8100 8135 3
8100 8293 8241 3 8240 8100 8241 3 8100 8240
8098 3 4664 4499 4560 3 4499 4664 4565 3
4566 4561 4500 3 4561 4566 4665 3 4748 4664
4818 3 4664 4748 4565 3 4780 4312 4688 3
4312 4152 4688 3 5689 5517 5697 3 5697 5517
5523 3 5084 4762 5689 3 5689 4762 5517 3
5089 4767 5084 3 5084 4767 4762 3 5697 5523
5089 3 5089 5523 4767 3 5517 4767 5523 3
4767 5517 4762 3 5354 5695 5701 3 5695 5354
5349 3 4157 4046 4257 3 4046 4157 4016 3
4046 3979 4003 3 3979 4046 4016 3 3979 4004
4003 3 4004 3979 3980 3 3980 4018 4047 3
4047 4004 3980 3 5059 5048 5017 3 5048 5059
5078 3 5293 5235 5181 3 5235 5293 5337 3
5058 5047 5077 3 5047 5058 5016 3 5368 5343
5367 3 5343 5368 5344 3 5016 4950 5047 3
4950 5016 4902 3 4902 4741 4950 3 4741 4902
4652 3 4409 4257 4494 3 4257 4409 4157 3
5082 5022 5109 3 5022 5082 4972 3 4018 4158
4258 3 4258 4047 4018 3 4749 4973 5023 3
5023 4819 4749 3 4410 4654 4742 3 4742 4495
4410 3 5083 5181 5235 3 5235 5110 5083 3
4500 4589 4566 3 4566 4589 4689 3 5037 5047
5004 3 5047 5037 5077 3 4972 4780 4748 3
4780 4972 4982 3 5344 5268 5343 3 5343 5268
5267 3 4312 4545 4494 3 4494 4257 4312 3
4047 4079 4004 3 4079 4047 4153 3 4972 5082
5070 3 4972 5070 4982 3 4973 5071 5083 3
5071 4973 4983 3 5077 5037 5078 3 5078 5037
5038 3 4565 4588 4499 3 4588 4565 4688 3
4495 4742 4732 3 4495 4732 4546 3 5268 5293
5222 3 5293 5268 5344 3 4741 4494 4545 3
4741 4545 4731 3 5131 5083 5071 3 5083 5131
5181 3 5221 5130 5180 3 5180 5292 5221 3
4003 4078 4046 3 4046 4078 4152 3 4654 4903
4951 3 4951 4742 4654 3 4078 4588 4152 3
4688 4152 4588 3 4689 4079 4153 3 4079 4689
4589 3 4079 4588 4078 3 4588 4079 4589 3
5222 4910 5005 3 4910 5222 5131 3 5038 5222
5005 3 5222 5038 5268 3 5037 5267 5038 3
5268 5038 5267 3 5004 5221 5037 3 5267 5037
5221 3 5130 4909 5070 3 4909 4731 5070 3
5221 5004 5130 3 5004 4909 5130 3 5070 4731
4982 3 4731 4545 4982 3 4982 4545 4780 3
4545 4312 4780 3 4546 4781 4313 3 4781 4546
4983 3 4313 4689 4153 3 4689 4313 4781 3
4910 5071 4732 3 5071 4910 5131 3 4732 4983
4546 3 4983 4732 5071 3 4078 4003 4079 3
4079 4003 4004 3 4495 4313 4258 3 4313 4495
4546 3 5343 5267 5292 3 5221 5292 5267 3
4589 4499 4588 3 4499 4589 4500 3 4781 4983
4973 3 4973 4749 4781 3 4909 4741 4731 3
4741 4909 4950 3 5005 4910 4951 3 4951 5048
5005 3 4313 4153 4258 3 4047 4258 4153 3
4257 4046 4152 3 4257 4152 4312 3 4749 4566
4689 3 4749 4689 4781 3 5130 5070 5082 3
5082 5180 5130 3 5131 5222 5181 3 5293 5181
5222 3 4780 4688 4748 3 4565 4748 4688 3
4909 5004 4950 3 5047 4950 5004 3 5078 5038
5048 3 5005 5048 5038 3 4910 4732 4742 3
4742 4951 4910 3 7606 4703 4756 3 4703 7606
7561 3 4703 7561 4702 3 7560 4702 7561 3
4755 7605 4930 3 7692 4930 7605 3 4702 7605
4755 3 7605 4702 7560 3 7961 5194 5276 3
5194 7961 7917 3 5326 7961 5276 3 7961 5326
8007 3 5275 7960 5325 3 8006 5325 7960 3
5325 8007 5326 3 8007 5325 8006 3 5193 7916
5275 3 7960 5275 7916 3 5099 7916 5193 3
7916 5099 7835 3 4930 7692 5031 3 7761 5031
7692 3 5031 7761 5099 3 7835 5099 7761 3
4931 7693 7606 3 4931 7606 4756 3 5032 7693
4931 3 7693 5032 7762 3 5100 7762 5032 3
7762 5100 7836 3 5194 7836 5100 3 7836 5194
7917 3 9338 9467 9290 3 9467 9338 9542 3
9625 9645 9598 3 9645 9625 9675 3 9626 9468
9599 3 9468 9626 9543 3 9339 9135 9291 3
9135 9339 9171 3 9013 8871 8973 3 8871 9013
8901 3 8831 8729 8791 3 8729 8831 8761 3
8830 8870 8790 3 8870 8830 8900 3 9010 9134
8972 3 9134 9010 9170 3 8870 8600 8790 3
8600 8870 8540 3 9010 8870 8900 3 8870 9010
8972 3 8481 8180 8419 3 8180 8481 8308 3
8830 8729 8761 3 8729 8830 8790 3 8871 8723
8973 3 8723 8871 8645 3 8831 8871 8901 3
8871 8831 8791 3 9135 9025 9291 3 9025 9135
8891 3 9013 9135 9171 3 9135 9013 8973 3
8179 8480 8418 3 8307 8480 8179 3 9468 9221
9599 3 9221 9468 9163 3 9339 9468 9543 3
9468 9339 9291 3 8307 8456 8644 3 8644 8480
8307 3 9645 9220 9598 3 9220 9645 9277 3
9626 9645 9675 3 9645 9626 9599 3 8600 8729
8790 3 8729 8600 8615 3 9467 9024 9290 3
9024 9467 9162 3 9625 9467 9542 3 9467 9625
9598 3 8420 8600 8540 3 8420 8540 8456 3
9338 9134 9170 3 9134 9338 9290 3 8601 8421
8541 3 8457 8541 8421 3 8601 8729 8615 3
8729 8601 8791 3 8645 8871 8541 3 8645 8541
8457 3 8179 8375 8115 3 8375 8179 8418 3
8870 8721 8644 3 8721 8870 8972 3 8180 8375
8419 3 8375 8180 8115 3 8541 8871 8601 3
8601 8871 8791 3 9135 8723 8891 3 8723 9135
8973 3 9468 9025 9163 3 9025 9468 9291 3
9645 9221 9277 3 9221 9645 9599 3 9467 9220
9162 3 9220 9467 9598 3 9134 9024 8890 3
9024 9134 9290 3 9134 8721 8972 3 8721 9134
8890 3 8890 8588 8721 3 8588 8890 8671 3
8890 8786 8671 3 8786 8890 9024 3 9162 8966
8914 3 8966 9162 9220 3 9277 8967 9039 3
8967 9277 9221 3 9163 8787 8916 3 8787 9163
9025 3 8891 8589 8672 3 8589 8891 8723 3
8644 8588 8480 3 8588 8644 8721 3 8645 8308
8481 3 8308 8645 8457 3 8421 8308 8457 3
8421 8180 8308 3 8307 8420 8456 3 8179 8420
8307 3 9162 8786 9024 3 8786 9162 8914 3
9277 8966 9220 3 8966 9277 9039 3 8644 8540
8870 3 8540 8644 8456 3 9163 8967 9221 3
8967 9163 8916 3 8891 8787 9025 3 8787 8891
8672 3 8645 8589 8723 3 8589 8645 8481 3
9194 9060 9129 3 9129 9060 9017 3 9362 9222
9268 3 9268 9222 9160 3 9268 9160 9194 3
9194 9160 9060 3 9444 9320 9362 3 9362 9320
9222 3 9525 9351 9444 3 9444 9351 9320 3
9571 9373 9525 3 9525 9373 9351 3 9526 9352
9571 3 9571 9352 9373 3 9445 9321 9526 3
9526 9321 9352 3 9363 9223 9445 3 9445 9223
9321 3 9269 9161 9363 3 9363 9161 9223 3
9195 9061 9269 3 9269 9061 9161 3 9130 9018
9195 3 9195 9018 9061 3 9082 8977 9130 3
9130 8977 9018 3 9045 8931 9082 3 9082 8931
8977 3 9081 8976 9045 3 9045 8976 8931 3
9129 9017 9081 3 9081 9017 8976 3 9729 9673
9765 3 9765 9673 9713 3 9630 9392 9446 3
9392 9630 9642 3 9643 9491 9729 3 9729 9491
9673 3 9393 9289 9643 3 9643 9289 9491 3
9231 9126 9393 3 9393 9126 9289 3 9087 8985
9231 3 9231 8985 9126 3 9037 8925 9087 3
9087 8925 8985 3 8961 8893 9037 3 9037 8893
8925 3 9036 8924 8961 3 8961 8924 8893 3
9086 8984 9036 3 9036 8984 8924 3 9230 9125
9086 3 9086 9125 8984 3 9642 9490 9392 3
9392 9490 9288 3 9392 9288 9230 3 9230 9288
9125 3 9728 9672 9642 3 9642 9672 9490 3
9764 9712 9728 3 9728 9712 9672 3 9771 9741
9764 3 9764 9741 9712 3 9765 9713 9771 3
9771 9713 9741 3 9183 9331 9119 3 9119 9331
9273 3 9312 9446 9392 3 9392 9230 9312 3
9716 9642 9630 3 9642 9716 9728 3 9746 9764
9716 3 9764 9728 9716 3 9746 9753 9771 3
9771 9764 9746 3 9747 9771 9753 3 9771 9747
9765 3 9717 9765 9747 3 9765 9717 9729 3
9631 9643 9717 3 9643 9729 9717 3 9631 9447
9393 3 9393 9643 9631 3 9314 9393 9447 3
9393 9314 9231 3 9183 9231 9314 3 9231 9183
9087 3 9119 9037 9183 3 9037 9087 9183 3
9119 9075 8961 3 8961 9037 9119 3 9118 8961
9075 3 8961 9118 9036 3 9182 9036 9118 3
9036 9182 9086 3 9312 9230 9182 3 9230 9086
9182 3 9687 9567 9661 3 9567 9687 9577 3
9237 9075 9273 3 9075 9119 9273 3 9272 9075
9237 3 9075 9272 9118 3 9118 9330 9182 3
9330 9118 9272 3 9330 9312 9182 3 9312 9330
9380 3 9602 9446 9495 3 9446 9602 9630 3
9495 9446 9380 3 9446 9312 9380 3 9660 9630
9602 3 9630 9660 9716 3 9746 9716 9660 3
9746 9660 9686 3 9693 9753 9686 3 9753 9746
9686 3 9687 9753 9693 3 9753 9687 9747 3
9747 9661 9717 3 9661 9747 9687 3 9603 9631
9661 3 9631 9717 9661 3 9496 9447 9603 3
9447 9631 9603 3 9381 9447 9496 3 9447 9381
9314 3 9314 9331 9183 3 9331 9314 9381 3
9661 9567 9603 3 9539 9603 9567 3 9515 9603
9539 3 9603 9515 9496 3 9485 9381 9515 3
9515 9381 9496 3 9381 9451 9331 3 9451 9381
9485 3 9331 9451 9273 3 9273 9451 9434 3
9273 9415 9237 3 9415 9273 9434 3 9237 9415
9272 3 9433 9272 9415 3 9450 9272 9433 3
9272 9450 9330 3 9450 9380 9330 3 9380 9450
9484 3 9495 9514 9602 3 9538 9602 9514 3
9380 9514 9495 3 9514 9380 9484 3 9602 9566
9660 3 9566 9602 9538 3 9576 9686 9566 3
9686 9660 9566 3 9579 9686 9576 3 9686 9579
9693 3 9579 9687 9693 3 9687 9579 9577 3
3953 3932 4092 3 3932 3953 3871 3 3871 3901
3771 3 3901 3871 3953 3 4020 4324 3932 3
4324 4092 3932 3 7965 7879 7903 3 7823 7903
7879 3 7879 7750 7823 3 7879 7778 7750 3
7965 7949 7879 3 7949 7965 8077 3 7949 7778
7879 3 7949 7840 7778 3 8077 8397 7949 3
8397 8077 8465 3 8397 7840 7949 3 7840 8397
8340 3 8497 8485 8557 3 8485 8497 8425 3
8425 8437 8326 3 8437 8425 8497 3 8437 8243
8326 3 8243 8437 8348 3 8348 8124 8243 3
8124 8348 8283 3 8340 7726 7840 3 7726 8340
8267 3 8267 7619 7726 3 7619 8267 8190 3
7840 7726 7680 3 7840 7680 7778 3 7726 7619
7574 3 7574 7680 7726 3 7778 7680 7666 3
7666 7750 7778 3 7588 7680 7574 3 7680 7588
7666 3 3771 3846 3704 3 3846 3771 3901 3
3704 3826 3673 3 3826 3704 3846 3 3825 3673
3826 3 3673 3825 3672 3 7588 7574 7540 3
7507 7540 7574 3 7540 7506 7539 3 7506 7540
7507 3 7536 7507 7619 3 7507 7574 7619 3
7507 7535 7506 3 7535 7507 7536 3 8190 7536
7619 3 7536 8190 8141 3 7536 8140 7535 3
8140 7536 8141 3 8283 8073 8124 3 8073 8283
8228 3 8228 8072 8073 3 8072 8228 8227 3
8227 8282 8123 3 8123 8072 8227 3 8282 8347
8242 3 8242 8123 8282 3 7618 8140 8189 3
8140 7618 7535 3 8266 7725 8189 3 7725 7618
8189 3 7618 7506 7535 3 7506 7618 7573 3
7618 7725 7573 3 7679 7573 7725 3 7573 7587
7539 3 7539 7506 7573 3 7573 7679 7587 3
7665 7587 7679 3 3703 3825 3845 3 3825 3703
3672 3 3770 3845 3900 3 3845 3770 3703 3
3870 3900 3952 3 3900 3870 3770 3 3931 3952
4091 3 3952 3931 3870 3 7679 7777 7665 3
7749 7665 7777 3 7777 7878 7822 3 7777 7822
7749 3 7839 7679 7725 3 7679 7839 7777 3
7839 7948 7878 3 7839 7878 7777 3 8339 7839
8266 3 7839 7725 8266 3 8396 7839 8339 3
7839 8396 7948 3 8347 8436 8325 3 8325 8242
8347 3 8424 8436 8496 3 8436 8424 8325 3
8556 8424 8496 3 8424 8556 8484 3 8608 8484
8556 3 8484 8608 8544 3 8464 7948 8396 3
7948 8464 8076 3 8508 8076 8464 3 8076 8508
8157 3 7948 8076 7963 3 7963 7878 7948 3
8076 8030 7963 3 8030 8076 8157 3 7878 7963
7902 3 7902 7822 7878 3 7963 8030 7936 3
7936 7902 7963 3 4323 3931 4091 3 3931 4323
4019 3 4535 4019 4323 3 4019 4535 4175 3
4175 4574 4290 3 4574 4175 4535 3 4575 4291
4574 3 4290 4574 4291 3 7936 8030 7991 3
7991 8030 8059 3 8060 7992 8059 3 8059 7992
7991 3 8030 8157 8059 3 8059 8157 8210 3
8211 8060 8210 3 8060 8059 8210 3 8157 8524
8210 3 8524 8157 8508 3 8524 8211 8210 3
8211 8524 8525 3 8544 8622 8565 3 8622 8544
8608 3 8565 8623 8566 3 8623 8565 8622 3
8609 8566 8623 3 8566 8609 8545 3 8557 8545
8609 3 8545 8557 8485 3 8509 8211 8525 3
8211 8509 8158 3 8158 8465 8077 3 8465 8158
8509 3 8060 8158 8031 3 8158 8060 8211 3
8158 8077 8031 3 7965 8031 8077 3 7992 8031
7937 3 8031 7992 8060 3 8031 7965 7937 3
7903 7937 7965 3 4536 4176 4575 3 4575 4176
4291 3 4176 4536 4020 3 4536 4324 4020 3
4418 7903 4272 3 7903 4418 7937 3 4506 7937
4418 3 7937 4506 7992 3 7991 4506 4505 3
7992 4506 7991 3 4417 7991 4505 3 7991 4417
7936 3 4271 7936 4417 3 7936 4271 7902 3
4064 7902 4271 3 7902 4064 7822 3 3966 7749
4064 3 7822 4064 7749 3 3914 7665 3966 3
7749 3966 7665 3 3882 7587 3914 3 7665 3914
7587 3 3857 7539 3882 3 7587 3882 7539 3
3858 7539 3857 3 7539 3858 7540 3 7588 3858
3883 3 3858 7588 7540 3 7666 3883 3915 3
3883 7666 7588 3 7750 3915 3967 3 3915 7750
7666 3 4065 7750 3967 3 7750 4065 7823 3
4272 7823 4065 3 7823 4272 7903 3 9325 9429
9258 3 9429 9325 9517 3 9605 9633 9581 3
9633 9605 9667 3 9613 9457 9586 3 9457 9613
9533 3 9333 9127 9278 3 9127 9333 9165 3
9003 8865 8963 3 8865 9003 8895 3 8816 8714
8773 3 8714 8816 8751 3 8808 8856 8766 3
8856 8808 8881 3 8987 9093 8933 3 9093 8987
9146 3 8856 8591 8766 3 8591 8856 8519 3
8987 8856 8881 3 8856 8987 8933 3 8471 8171
8403 3 8171 8471 8302 3 8808 8714 8751 3
8714 8808 8766 3 8865 8712 8963 3 8712 8865
8639 3 8816 8865 8895 3 8865 8816 8773 3
9127 9009 9278 3 9009 9127 8885 3 9003 9127
9165 3 9127 9003 8963 3 8459 8155 8295 3
8155 8459 8388 3 9333 9457 9533 3 9457 9333
9278 3 8295 8431 8633 3 8633 8459 8295 3
9613 9633 9667 3 9633 9613 9586 3 8603 8714
8591 3 8714 8766 8591 3 9605 9429 9517 3
9429 9605 9581 3 8390 8591 8519 3 8390 8519
8431 3 9325 9093 9146 3 9093 9325 9258 3
8595 8380 8407 3 8380 8595 8603 3 8595 8407
8531 3 8451 8531 8407 3 8714 8595 8773 3
8595 8714 8603 3 8639 8865 8531 3 8639 8531
8451 3 8155 8370 8106 3 8370 8155 8388 3
8856 8703 8633 3 8703 8856 8933 3 8106 8370
8171 3 8370 8403 8171 3 8531 8865 8595 3
8595 8865 8773 3 9127 8712 8885 3 8712 9127
8963 3 9093 8991 8873 3 8991 9093 9258 3
9093 8703 8933 3 8703 9093 8873 3 8873 8569
8703 3 8569 8873 8653 3 8873 8756 8653 3
8756 8873 8991 3 8885 8583 8666 3 8583 8885
8712 3 8633 8569 8459 3 8569 8633 8703 3
8639 8302 8471 3 8302 8639 8451 3 8407 8302
8451 3 8407 8171 8302 3 8380 8171 8407 3
8380 8106 8171 3 8295 8390 8431 3 8155 8390
8295 3 8633 8519 8856 3 8519 8633 8431 3
8885 8777 9009 3 8777 8885 8666 3 8639 8583
8712 3 8583 8639 8471 3 9185 9047 9101 3
9101 9047 8995 3 9353 9199 9239 3 9239 9199
9141 3 9239 9141 9185 3 9185 9141 9047 3
9412 9297 9353 3 9353 9297 9199 3 9505 9341
9412 3 9412 9341 9297 3 9553 9365 9505 3
9505 9365 9341 3 9509 9345 9553 3 9553 9345
9365 3 9421 9305 9509 3 9509 9305 9345 3
9357 9212 9421 3 9421 9212 9305 3 9253 9148
9357 3 9357 9148 9212 3 9189 9051 9253 3
9253 9051 9148 3 9109 8999 9189 3 9189 8999
9051 3 9071 8953 9109 3 9109 8953 8999 3
9041 8927 9071 3 9071 8927 8953 3 9067 8948
9041 3 9041 8948 8927 3 9101 8995 9067 3
9067 8995 8948 3 9723 9663 9759 3 9759 9663
9703 3 9609 9617 9404 3 9617 9383 9404 3
9637 9477 9723 3 9723 9477 9663 3 9387 9279
9637 3 9637 9279 9477 3 9225 9113 9387 3
9387 9113 9279 3 9079 8979 9225 3 9225 8979
9113 3 9029 8919 9079 3 9079 8919 8979 3
8941 8877 9029 3 9029 8877 8919 3 9019 8913
8941 3 8941 8913 8877 3 9063 8962 9019 3
9019 8962 8913 3 9209 9089 9063 3 9063 9089
8962 3 9617 9453 9383 3 9383 9453 9248 3
9383 9248 9209 3 9209 9248 9089 3 9719 9655
9617 3 9617 9655 9453 3 9755 9696 9719 3
9719 9696 9655 3 9767 9731 9755 3 9755 9731
9696 3 9759 9703 9767 3 9767 9703 9731 3
9251 9105 9319 3 9105 9177 9319 3 9404 9209
9293 3 9209 9404 9383 3 9609 9698 9719 3
9609 9719 9617 3 9735 9719 9698 3 9719 9735
9755 3 9749 9755 9735 3 9755 9749 9767 3
9740 9759 9749 3 9759 9767 9749 3 9740 9707
9723 3 9740 9723 9759 3 9623 9723 9707 3
9723 9623 9637 3 9437 9637 9623 3 9637 9437
9387 3 9301 9225 9437 3 9225 9387 9437 3
9301 9177 9079 3 9301 9079 9225 3 9105 9079
9177 3 9079 9105 9029 3 9055 9029 9105 3
9029 9055 8941 3 9097 9019 9055 3 9019 8941
9055 3 9097 9173 9063 3 9097 9063 9019 3
9293 9063 9173 3 9063 9293 9209 3 9549 9681
9560 3 9681 9549 9651 3 9233 9105 9251 3
9105 9233 9055 3 9243 9097 9233 3 9097 9055
9233 3 9173 9097 9243 3 9173 9243 9311 3
9173 9311 9293 3 9369 9293 9311 3 9588 9609
9473 3 9609 9404 9473 3 9473 9293 9369 3
9293 9473 9404 3 9698 9609 9588 3 9698 9588
9647 3 9698 9647 9735 3 9735 9647 9677 3
9735 9689 9749 3 9689 9735 9677 3 9681 9740
9689 3 9740 9749 9689 3 9707 9740 9681 3
9707 9681 9651 3 9651 9623 9707 3 9623 9651
9595 3 9623 9483 9437 3 9483 9623 9595 3
9375 9301 9483 3 9301 9437 9483 3 9177 9301
9375 3 9177 9375 9319 3 9549 9595 9651 3
9595 9549 9529 3 9595 9501 9483 3 9501 9595
9529 3 9483 9501 9375 3 9375 9501 9469 3
9375 9427 9319 3 9427 9375 9469 3 9403 9251
9427 3 9251 9319 9427 3 9395 9251 9403 3
9251 9395 9233 3 9395 9243 9233 3 9243 9395
9401 3 9243 9418 9311 3 9418 9243 9401 3
9311 9418 9369 3 9463 9369 9418 3 9523 9588
9497 3 9588 9473 9497 3 9369 9497 9473 3
9497 9369 9463 3 9588 9545 9647 3 9545 9588
9523 3 9647 9545 9677 3 9677 9545 9558 3
9677 9570 9689 3 9570 9677 9558 3 9689 9570
9681 3 9560 9681 9570 3 3951 3930 4089 3
3930 3951 3869 3 3869 3898 3769 3 3898 3869
3951 3 4017 4322 3930 3 4322 4089 3930 3
4270 4612 4060 3 4612 4270 4773 3 4612 3965
4060 3 3965 4612 4453 3 4898 4651 4773 3
4612 4773 4651 3 4651 4453 4612 3 4651 4405
4453 3 4155 4405 4493 3 4493 4255 4155 3
4971 5080 5108 3 5108 5020 4971 3 5108 5233
5190 3 5190 5098 5108 3 5020 5108 5098 3
5020 5098 5030 3 7976 7886 7915 3 7833 7915
7886 3 7886 7760 7833 3 7886 7783 7760 3
8095 7964 7976 3 7886 7976 7964 3 7886 7847
7783 3 7847 7886 7964 3 8476 7964 8095 3
7964 8476 8411 3 8411 7847 7964 3 7847 8411
8354 3 8491 8503 8443 3 8503 8491 8575 3
8443 8447 8333 3 8447 8443 8503 3 8447 8360
8333 3 8333 8360 8250 3 8360 8132 8250 3
8132 8360 8291 3 8354 7724 7847 3 7724 8354
8275 3 8275 7615 7724 3 7615 8275 8197 3
7847 7724 7678 3 7678 7783 7847 3 7724 7615
7566 3 7566 7678 7724 3 7783 7678 7691 3
7691 7760 7783 3 7602 7691 7678 3 7678 7566
7602 3 4811 5020 4927 3 5030 4927 5020 3
4661 4811 4752 3 4927 4752 4811 3 4970 4810
5019 3 4810 4970 4746 3 4564 4747 4811 3
4811 4661 4564 3 4155 4012 4077 3 4077 4244
4155 3 4405 4155 4244 3 4244 4453 4405 3
4453 3913 3965 3 3913 4453 4244 3 4244 4077
3913 3 3913 4077 3881 3 3769 3844 3702 3
3844 3769 3898 3 3702 3824 3671 3 3824 3702
3844 3 3823 3671 3824 3 3671 3823 3670 3
3881 4040 3856 3 4040 3881 4077 3 3856 4039
3855 3 4039 3856 4040 3 4040 3977 4039 3
3977 4040 3978 3 3978 4040 4012 3 4040 4077
4012 3 3977 4011 4039 3 4076 4039 4011 3
3855 4039 3880 3 4076 3880 4039 3 4011 4154
4076 3 4243 4076 4154 3 4243 3880 4076 3
3880 4243 3912 3 3701 3823 3843 3 3823 3701
3670 3 3768 3843 3897 3 3843 3768 3701 3
3868 3897 3950 3 3897 3868 3768 3 3929 3950
4088 3 3950 3929 3868 3 4452 3964 4243 3
3964 3912 4243 3 4611 4058 4452 3 4058 3964
4452 3 4404 4650 4611 3 4404 4611 4452 3
4154 4404 4243 3 4452 4243 4404 3 4650 4492
4739 3 4492 4650 4404 3 5290 5232 5334 3
5232 5290 5178 3 5107 5029 5097 3 5107 5019
5029 3 5019 4810 4926 3 4926 5029 5019 3
7885 7759 7782 3 7759 7885 7832 3 7677 7782
7690 3 7759 7690 7782 3 7723 7846 7677 3
7782 7677 7846 3 7846 7962 7885 3 7846 7885
7782 3 8353 7723 8274 3 7723 8353 7846 3
8410 7846 8353 3 7846 8410 7962 3 8359 8446
8332 3 8332 8249 8359 3 8442 8446 8502 3
8446 8442 8332 3 8502 8574 8490 3 8490 8442
8502 3 8574 8616 8550 3 8550 8490 8574 3
8475 7962 8410 3 7962 8475 8094 3 8514 8094
8475 3 8094 8514 8165 3 7962 8094 7975 3
7975 7885 7962 3 8037 7975 8094 3 8094 8165
8037 3 7885 7975 7914 3 7914 7832 7885 3
7954 7914 7975 3 7954 7975 8037 3 5334 5232
5273 3 5189 5273 5232 3 5232 5107 5189 3
5097 5189 5107 3 5340 5334 5365 3 5334 5340
5290 3 5178 5107 5232 3 5107 5178 5079 3
4897 5014 4944 3 4944 4772 4897 3 4650 4897
4772 3 4772 4611 4650 3 4944 4415 4772 3
4415 4269 4772 3 4772 4269 4611 3 4269 4058
4611 3 4321 3929 4088 3 3929 4321 4015 3
4533 4015 4321 3 4015 4533 4173 3 4571 4173
4533 3 4173 4571 4288 3 4572 4289 4571 3
4288 4571 4289 3 4415 5006 4503 3 5006 4415
4944 3 5006 4504 4503 3 4504 5006 5007 3
5057 5007 5056 3 5056 5007 5006 3 4944 5014
5006 3 5014 5056 5006 3 5056 5075 5057 3
5075 5076 5057 3 5291 5341 5366 3 5366 5335
5291 3 5334 5321 5365 3 5321 5334 5273 3
5365 5321 5366 3 5366 5321 5322 3 8085 8003
8084 3 8003 8085 8004 3 7954 8037 8003 3
8037 8084 8003 3 8037 8165 8084 3 8165 8218
8084 3 8219 8084 8218 3 8084 8219 8085 3
8165 8535 8218 3 8535 8165 8514 3 8535 8219
8218 3 8219 8535 8536 3 8616 8628 8578 3
8578 8550 8616 3 8628 8579 8578 3 8579 8628
8629 3 8579 8617 8551 3 8617 8579 8629 3
8551 8575 8491 3 8575 8551 8617 3 8536 8166
8219 3 8166 8536 8515 3 8515 8095 8166 3
8095 8515 8476 3 8166 8085 8219 3 8085 8166
8038 3 8166 8095 8038 3 7976 8038 8095 3
8038 8004 8085 3 8004 8038 7955 3 8038 7976
7955 3 7915 7955 7976 3 5233 5335 5274 3
5274 5190 5233 3 5274 5335 5322 3 5335 5366
5322 3 4898 5015 5045 3 5045 4947 4898 3
4497 4558 4496 3 4558 4557 4496 3 5015 5007
5057 3 5007 5015 4945 3 5015 4898 4945 3
4773 4945 4898 3 4945 4270 4416 3 4270 4945
4773 3 5007 4416 4504 3 4416 5007 4945 3
4534 4174 4572 3 4289 4572 4174 3 4174 4534
4017 3 4534 4322 4017 3 8290 8359 8249 3
8249 8131 8290 3 8236 8290 8131 3 8131 8092
8236 3 8196 7614 7524 3 8196 7524 8146 3
8274 7614 8196 3 7614 8274 7723 3 7524 7614
7496 3 7565 7496 7614 3 7614 7723 7565 3
7677 7565 7723 3 7565 7601 7557 3 7557 7496
7565 3 7565 7677 7601 3 7690 7601 7677 3
4810 4660 4751 3 4751 4926 4810 3 4557 4700
4660 3 4700 4751 4660 3 4700 4558 4701 3
4558 4700 4557 3 7558 7497 7557 3 7557 7497
7496 3 4558 4661 4701 3 4752 4701 4661 3
7602 7566 7558 3 7497 7558 7566 3 7525 7497
7615 3 7497 7566 7615 3 7497 7525 7496 3
7496 7525 7524 3 8197 7525 7615 3 7525 8197
8147 3 7525 8146 7524 3 8146 7525 8147 3
8291 8093 8132 3 8093 8291 8237 3 8093 8236
8092 3 8236 8093 8237 3 4660 4496 4557 3
4496 4660 4563 3 4564 4558 4497 3 4558 4564
4661 3 4746 4660 4810 3 4660 4746 4563 3
4776 4308 4682 3 4308 4150 4682 3 5687 5516
5696 3 5696 5516 5521 3 5081 4761 5687 3
5687 4761 5516 3 5088 4766 5081 3 5081 4766
4761 3 5696 5521 5088 3 5088 5521 4766 3
4766 5516 4761 3 5516 4766 5521 3 5348 5692
5353 3 5692 5698 5353 3 4154 4044 4254 3
4044 4154 4011 3 4044 3977 4001 3 3977 4044
4011 3 3978 4002 3977 3 4002 4001 3977 3
3978 4012 4045 3 4045 4002 3978 3 5057 5045
5015 3 5045 5057 5076 3 5291 5233 5179 3
5233 5291 5335 3 5056 5044 5075 3 5044 5056
5014 3 5340 5366 5341 3 5366 5340 5365 3
5014 4946 5044 3 4946 5014 4897 3 4897 4739
4946 3 4739 4897 4650 3 4404 4254 4492 3
4254 4404 4154 3 5079 5019 5107 3 5019 5079
4970 3 4012 4155 4255 3 4255 4045 4012 3
4747 4971 5020 3 5020 4811 4747 3 4405 4651
4740 3 4740 4493 4405 3 5080 5179 5233 3
5233 5108 5080 3 4497 4584 4564 3 4564 4584
4683 3 5035 5044 5002 3 5044 5035 5075 3
4970 4776 4746 3 4776 4970 4979 3 5341 5266
5340 3 5340 5266 5265 3 4308 4543 4492 3
4492 4254 4308 3 4045 4075 4002 3 4075 4045
4151 3 4970 5079 5068 3 4970 5068 4979 3
4971 5069 5080 3 5069 4971 4981 3 5075 5035
5076 3 5076 5035 5036 3 4563 4583 4496 3
4583 4563 4682 3 4493 4740 4730 3 4493 4730
4544 3 5266 5291 5217 3 5291 5266 5341 3
4739 4492 4543 3 4739 4543 4729 3 5128 5080
5069 3 5080 5128 5179 3 5215 5127 5178 3
5178 5290 5215 3 4001 4074 4044 3 4044 4074
4150 3 4651 4898 4947 3 4947 4740 4651 3
4074 4583 4150 3 4682 4150 4583 3 4683 4075
4151 3 4075 4683 4584 3 4075 4583 4074 3
4583 4075 4584 3 5217 4907 5003 3 4907 5217
5128 3 5036 5217 5003 3 5217 5036 5266 3
5265 5036 5035 3 5036 5265 5266 3 5002 5215
5035 3 5265 5035 5215 3 5127 4906 5068 3
4906 4729 5068 3 5215 5002 5127 3 5002 4906
5127 3 5068 4729 4979 3 4729 4543 4979 3
4979 4543 4776 3 4543 4308 4776 3 4544 4777
4309 3 4777 4544 4981 3 4309 4683 4151 3
4683 4309 4777 3 4907 5069 4730 3 5069 4907
5128 3 4730 4981 4544 3 4981 4730 5069 3
4074 4001 4075 3 4075 4001 4002 3 4493 4309
4255 3 4309 4493 4544 3 5340 5265 5290 3
5215 5290 5265 3 4584 4496 4583 3 4496 4584
4497 3 4777 4981 4971 3 4971 4747 4777 3
4906 4739 4729 3 4739 4906 4946 3 5003 4907
4947 3 4947 5045 5003 3 4309 4151 4255 3
4045 4255 4151 3 4254 4044 4150 3 4254 4150
4308 3 4747 4564 4683 3 4747 4683 4777 3
5127 5068 5079 3 5079 5178 5127 3 5128 5217
5179 3 5291 5179 5217 3 4776 4682 4746 3
4563 4746 4682 3 4906 5002 4946 3 5044 4946
5002 3 5076 5036 5045 3 5003 5045 5036 3
4907 4730 4740 3 4740 4947 4907 3 7602 4701
4752 3 4701 7602 7558 3 7558 4700 4701 3
4700 7558 7557 3 4751 7601 4926 3 7690 4926
7601 3 4700 7601 4751 3 7601 4700 7557 3
7955 5190 5274 3 5190 7955 7915 3 5322 7955
5274 3 7955 5322 8004 3 5273 7954 5321 3
8003 5321 7954 3 5321 8004 5322 3 8004 5321
8003 3 5189 7914 5273 3 7954 5273 7914 3
5097 7914 5189 3 7914 5097 7832 3 4926 7690
5029 3 7759 5029 7690 3 5029 7759 5097 3
7832 5097 7759 3 4927 7691 7602 3 4927 7602
4752 3 5030 7691 4927 3 7691 5030 7760 3
5098 7760 5030 3 7760 5098 7833 3 5190 7833
5098 3 7833 5190 7915 3 9336 9461 9286 3
9461 9336 9540 3 9620 9644 9593 3 9644 9620
9674 3 9621 9462 9594 3 9462 9621 9541 3
9337 9132 9287 3 9132 9337 9168 3 9007 8869
8971 3 8869 9007 8899 3 8826 8728 8789 3
8728 8826 8759 3 8825 8868 8788 3 8868 8825
8898 3 9006 9131 8970 3 9131 9006 9167 3
8868 8598 8788 3 8598 8868 8534 3 9006 8868
8898 3 8868 9006 8970 3 8477 8178 8415 3
8178 8477 8306 3 8825 8728 8759 3 8728 8825
8788 3 8869 8719 8971 3 8719 8869 8643 3
8826 8869 8899 3 8869 8826 8789 3 9132 9022
9287 3 9022 9132 8888 3 9007 9132 9168 3
9132 9007 8971 3 8177 8474 8414 3 8305 8474
8177 3 9462 9217 9594 3 9217 9462 9159 3
9337 9462 9541 3 9462 9337 9287 3 8305 8454
8642 3 8642 8474 8305 3 9644 9216 9593 3
9216 9644 9274 3 9621 9644 9674 3 9644 9621
9594 3 8614 8728 8598 3 8728 8788 8598 3
9461 9021 9286 3 9021 9461 9158 3 9620 9461
9540 3 9461 9620 9593 3 8416 8598 8534 3
8416 8534 8454 3 9336 9131 9167 3 9131 9336
9286 3 8599 8417 8537 3 8455 8537 8417 3
8728 8599 8789 3 8599 8728 8614 3 8643 8869
8537 3 8643 8537 8455 3 8374 8177 8414 3
8177 8374 8114 3 8868 8717 8642 3 8717 8868
8970 3 8114 8374 8178 3 8374 8415 8178 3
8537 8869 8599 3 8599 8869 8789 3 9132 8719
8888 3 8719 9132 8971 3 9462 9022 9159 3
9022 9462 9287 3 9644 9217 9274 3 9217 9644
9594 3 9461 9216 9158 3 9216 9461 9593 3
9131 9021 8887 3 9021 9131 9286 3 9131 8717
8970 3 8717 9131 8887 3 8887 8586 8717 3
8586 8887 8668 3 8887 8783 8668 3 8783 8887
9021 3 9158 8957 8910 3 8957 9158 9216 3
9274 8958 9038 3 8958 9274 9217 3 9159 8784
8911 3 8784 9159 9022 3 8888 8587 8669 3
8587 8888 8719 3 8642 8586 8474 3 8586 8642
8717 3 8643 8306 8477 3 8306 8643 8455 3
8417 8306 8455 3 8417 8178 8306 3 8305 8416
8454 3 8177 8416 8305 3 9158 8783 9021 3
8783 9158 8910 3 9274 8957 9216 3 8957 9274
9038 3 8642 8534 8868 3 8534 8642 8454 3
9159 8958 9217 3 8958 9159 8911 3 8888 8784
9022 3 8784 8888 8669 3 8643 8587 8719 3
8587 8643 8477 3 9192 9057 9122 3 9122 9057
9011 3 9360 9218 9265 3 9265 9218 9156 3
9265 9156 9192 3 9192 9156 9057 3 9440 9316
9360 3 9360 9316 9218 3 9520 9348 9440 3
9440 9348 9316 3 9568 9371 9520 3 9520 9371
9348 3 9521 9349 9568 3 9568 9349 9371 3
9441 9317 9521 3 9521 9317 9349 3 9361 9219
9441 3 9441 9219 9317 3 9266 9157 9361 3
9361 9157 9219 3 9193 9059 9266 3 9266 9059
9157 3 9123 9012 9193 3 9193 9012 9059 3
9078 8975 9123 3 9123 8975 9012 3 9044 8930
9078 3 9078 8930 8975 3 9077 8974 9044 3
9044 8974 8930 3 9122 9011 9077 3 9077 9011
8974 3 9727 9669 9763 3 9763 9669 9711 3
9628 9389 9442 3 9389 9628 9640 3 9641 9488
9727 3 9727 9488 9669 3 9390 9284 9641 3
9641 9284 9488 3 9229 9121 9390 3 9390 9121
9284 3 9085 8983 9229 3 9229 8983 9121 3
9035 8923 9085 3 9085 8923 8983 3 8956 8892
9035 3 9035 8892 8923 3 9034 8922 8956 3
8956 8922 8892 3 9084 8982 9034 3 9034 8982
8922 3 9228 9120 9084 3 9084 9120 8982 3
9640 9487 9389 3 9389 9487 9282 3 9389 9282
9228 3 9228 9282 9120 3 9726 9668 9640 3
9640 9668 9487 3 9762 9710 9726 3 9726 9710
9668 3 9770 9738 9762 3 9762 9738 9710 3
9763 9711 9770 3 9770 9711 9738 3 9115 9181
9329 3 9115 9329 9271 3 9308 9442 9389 3
9389 9228 9308 3 9714 9640 9628 3 9640 9714
9726 3 9744 9762 9714 3 9762 9726 9714 3
9744 9752 9770 3 9770 9762 9744 3 9745 9770
9752 3 9770 9745 9763 3 9715 9763 9745 3
9763 9715 9727 3 9629 9641 9715 3 9641 9727
9715 3 9629 9443 9390 3 9390 9641 9629 3
9309 9390 9443 3 9390 9309 9229 3 9181 9229
9309 3 9229 9181 9085 3 9115 9035 9181 3
9035 9085 9181 3 9115 9073 8956 3 8956 9035
9115 3 9114 8956 9073 3 8956 9114 9034 3
9180 9034 9114 3 9034 9180 9084 3 9308 9228
9180 3 9228 9084 9180 3 9562 9685 9575 3
9685 9562 9659 3 9236 9073 9271 3 9073 9115
9271 3 9270 9073 9236 3 9073 9270 9114 3
9114 9328 9180 3 9328 9114 9270 3 9378 9308
9328 3 9308 9180 9328 3 9600 9442 9492 3
9442 9600 9628 3 9492 9442 9378 3 9442 9308
9378 3 9628 9658 9714 3 9658 9628 9600 3
9714 9658 9744 3 9744 9658 9684 3 9692 9752
9684 3 9752 9744 9684 3 9685 9752 9692 3
9752 9685 9745 3 9745 9659 9715 3 9659 9745
9685 3 9659 9629 9715 3 9629 9659 9601 3
9493 9443 9601 3 9443 9629 9601 3 9379 9443
9493 3 9443 9379 9309 3 9329 9309 9379 3
9309 9329 9181 3 9562 9601 9659 3 9601 9562
9536 3 9601 9512 9493 3 9512 9601 9536 3
9493 9512 9379 3 9480 9379 9512 3 9379 9449
9329 3 9449 9379 9480 3 9425 9271 9449 3
9271 9329 9449 3 9411 9271 9425 3 9271 9411
9236 3 9411 9270 9236 3 9270 9411 9424 3
9270 9448 9328 3 9448 9270 9424 3 9328 9448
9378 3 9479 9378 9448 3 9535 9600 9511 3
9511 9600 9492 3 9511 9378 9479 3 9378 9511
9492 3 9600 9561 9658 3 9561 9600 9535 3
9658 9561 9684 3 9684 9561 9574 3 9684 9578
9692 3 9578 9684 9574 3 9692 9578 9685 3
9575 9685 9578 3 3949 3928 4087 3 3928 3949
3867 3 3867 3896 3767 3 3896 3867 3949 3
4014 4320 3928 3 4320 4087 3928 3 7959 7877
7901 3 7821 7901 7877 3 7877 7747 7821 3
7877 7774 7747 3 7959 7947 7877 3 7947 7959
8071 3 7947 7774 7877 3 7947 7838 7774 3
8463 7947 8071 3 7947 8463 8395 3 8395 7838
7947 3 7838 8395 8338 3 8555 8423 8483 3
8423 8555 8495 3 8423 8435 8324 3 8435 8423
8495 3 8435 8346 8324 3 8324 8346 8239 3
8281 8239 8346 3 8239 8281 8122 3 7838 8265
7721 3 8265 7838 8338 3 7721 8187 7617 3
8187 7721 8265 3 7838 7721 7676 3 7838 7676
7774 3 7721 7617 7569 3 7569 7676 7721 3
7774 7676 7664 3 7664 7747 7774 3 7586 7664
7676 3 7676 7569 7586 3 3767 3842 3700 3
3842 3767 3896 3 3822 3700 3842 3 3700 3822
3669 3 3821 3669 3822 3 3669 3821 3668 3
7586 7569 7530 3 7501 7530 7569 3 7530 7501
7529 3 7529 7501 7500 3 7528 7501 7617 3
7501 7569 7617 3 7501 7528 7500 3 7500 7528
7527 3 8139 7617 8187 3 7617 8139 7528 3
7528 8138 7527 3 8138 7528 8139 3 8226 8122
8281 3 8122 8226 8069 3 8225 8068 8226 3
8068 8069 8226 3 8068 8280 8121 3 8280 8068
8225 3 8345 8121 8280 3 8121 8345 8238 3
8186 7616 7527 3 7527 8138 8186 3 8264 7616
8186 3 7616 8264 7720 3 7616 7500 7527 3
7500 7616 7568 3 7616 7720 7568 3 7675 7568
7720 3 7568 7585 7529 3 7529 7500 7568 3
7568 7675 7585 3 7663 7585 7675 3 3821 3699
3668 3 3699 3821 3841 3 3766 3841 3895 3
3841 3766 3699 3 3866 3895 3948 3 3895 3866
3766 3 3927 3948 4086 3 3948 3927 3866 3
7675 7773 7663 3 7746 7663 7773 3 7773 7876
7820 3 7773 7820 7746 3 7837 7675 7720 3
7675 7837 7773 3 7837 7946 7876 3 7837 7876
7773 3 8337 7720 8264 3 7720 8337 7837 3
8394 7837 8337 3 7837 8394 7946 3 8434 8238
8345 3 8238 8434 8323 3 8422 8434 8494 3
8434 8422 8323 3 8494 8554 8482 3 8482 8422
8494 3 8554 8606 8542 3 8542 8482 8554 3
8462 8070 8394 3 8070 7946 8394 3 8506 8153
8462 3 8153 8070 8462 3 7946 8070 7958 3
7958 7876 7946 3 8070 8028 7958 3 8028 8070
8153 3 7876 7958 7900 3 7900 7820 7876 3
7934 7900 7958 3 7934 7958 8028 3 4319 3927
4086 3 3927 4319 4013 3 4529 4013 4319 3
4013 4529 4171 3 4569 4171 4529 3 4171 4569
4286 3 4287 4569 4570 3 4569 4287 4286 3
7934 8028 7988 3 7988 8028 8057 3 8058 7988
8057 3 7988 8058 7989 3 8028 8153 8057 3
8057 8153 8208 3 8209 8057 8208 3 8057 8209
8058 3 8522 8208 8506 3 8208 8153 8506 3
8208 8522 8209 3 8523 8209 8522 3 8606 8620
8562 3 8562 8542 8606 3 8621 8562 8620 3
8562 8621 8563 3 8621 8543 8563 3 8543 8621
8607 3 8607 8483 8543 3 8483 8607 8555 3
8523 8154 8209 3 8154 8523 8507 3 8507 8071
8154 3 8071 8507 8463 3 8154 8029 8058 3
8058 8209 8154 3 8154 8071 8029 3 7959 8029
8071 3 8029 7935 7989 3 7989 8058 8029 3
8029 7959 7935 3 7901 7935 7959 3 4530 4172
4570 3 4287 4570 4172 3 4172 4530 4014 3
4530 4320 4014 3 7935 4268 4414 3 4268 7935
7901 3 7989 4414 4502 3 4414 7989 7935 3
4501 7989 4502 3 7989 4501 7988 3 4413 7934
4501 3 7988 4501 7934 3 4267 7900 4413 3
7934 4413 7900 3 4055 7820 4267 3 7900 4267
7820 3 3962 7746 4055 3 7820 4055 7746 3
3910 7746 3962 3 7746 3910 7663 3 3878 7663
3910 3 7663 3878 7585 3 3853 7585 3878 3
7585 3853 7529 3 3854 7530 3853 3 7529 3853
7530 3 3879 7530 3854 3 7530 3879 7586 3
3911 7664 7586 3 3911 7586 3879 3 3963 7664
3911 3 7664 3963 7747 3 4056 7747 3963 3
7747 4056 7821 3 7901 4056 4268 3 4056 7901
7821 3 9324 9422 9255 3 9422 9324 9516 3
9604 9632 9580 3 9632 9604 9666 3 9612 9455
9584 3 9455 9612 9532 3 9332 9124 9275 3
9124 9332 9164 3 9002 8864 8960 3 8864 9002
8894 3 8815 8711 8772 3 8711 8815 8750 3
8806 8855 8764 3 8855 8806 8879 3 8986 9091
8932 3 9091 8986 9144 3 8855 8590 8764 3
8590 8855 8518 3 8986 8855 8879 3 8855 8986
8932 3 8470 8168 8402 3 8168 8470 8301 3
8806 8711 8750 3 8711 8806 8764 3 8864 8710
8960 3 8710 8864 8638 3 8815 8864 8894 3
8864 8815 8772 3 9124 9008 9275 3 9008 9124
8884 3 9002 9124 9164 3 9124 9002 8960 3
8458 8152 8294 3 8152 8458 8385 3 9332 9455
9532 3 9455 9332 9275 3 8294 8430 8632 3
8632 8458 8294 3 9612 9632 9666 3 9632 9612
9584 3 8590 8711 8764 3 8711 8590 8602 3
9604 9422 9516 3 9422 9604 9580 3 8379 8602
8590 3 8379 8590 8386 3 8386 8590 8518 3
8386 8518 8430 3 9324 9091 9144 3 9091 9324
9255 3 8594 8379 8405 3 8379 8594 8602 3
8594 8405 8530 3 8450 8530 8405 3 8594 8711
8602 3 8711 8594 8772 3 8638 8864 8530 3
8638 8530 8450 3 8152 8369 8104 3 8369 8152
8385 3 8855 8702 8632 3 8702 8855 8932 3
8168 8369 8402 3 8369 8168 8104 3 8594 8864
8772 3 8530 8864 8594 3 9124 8710 8884 3
8710 9124 8960 3 9091 8990 8872 3 8990 9091
9255 3 9091 8702 8932 3 8702 9091 8872 3
8872 8564 8702 3 8564 8872 8652 3 8872 8755
8652 3 8755 8872 8990 3 8884 8582 8664 3
8582 8884 8710 3 8632 8564 8458 3 8564 8632
8702 3 8638 8301 8470 3 8301 8638 8450 3
8405 8301 8450 3 8405 8168 8301 3 8379 8168
8405 3 8379 8104 8168 3 8294 8386 8430 3
8152 8386 8294 3 8379 8152 8104 3 8152 8379
8386 3 8632 8518 8855 3 8518 8632 8430 3
8884 8776 9008 3 8776 8884 8664 3 8638 8582
8710 3 8582 8638 8470 3 9184 9046 9100 3
9100 9046 8994 3 9350 9197 9238 3 9238 9197
9139 3 9238 9139 9184 3 9184 9139 9046 3
9410 9296 9350 3 9350 9296 9197 3 9504 9340
9410 3 9410 9340 9296 3 9552 9364 9504 3
9504 9364 9340 3 9508 9344 9552 3 9552 9344
9364 3 9417 9304 9508 3 9508 9304 9344 3
9356 9208 9417 3 9417 9208 9304 3 9249 9145
9356 3 9356 9145 9208 3 9188 9050 9249 3
9249 9050 9145 3 9108 8998 9188 3 9188 8998
9050 3 9070 8952 9108 3 9108 8952 8998 3
9040 8926 9070 3 9070 8926 8952 3 9065 8945
9040 3 9040 8945 8926 3 9100 8994 9065 3
9065 8994 8945 3 9722 9662 9758 3 9758 9662
9702 3 9608 9616 9400 3 9616 9382 9400 3
9636 9476 9722 3 9722 9476 9662 3 9386 9276
9636 3 9636 9276 9476 3 9224 9112 9386 3
9386 9112 9276 3 9076 8978 9224 3 9224 8978
9112 3 9027 8918 9076 3 9076 8918 8978 3
8940 8876 9027 3 9027 8876 8918 3 9015 8912
8940 3 8940 8912 8876 3 9062 8959 9015 3
9015 8959 8912 3 9205 9088 9062 3 9062 9088
8959 3 9616 9452 9382 3 9382 9452 9246 3
9382 9246 9205 3 9205 9246 9088 3 9718 9654
9616 3 9616 9654 9452 3 9754 9694 9718 3
9718 9694 9654 3 9766 9730 9754 3 9754 9730
9694 3 9758 9702 9766 3 9766 9702 9730 3
9104 9176 9318 3 9104 9318 9247 3 9400 9205
9292 3 9205 9400 9382 3 9695 9718 9608 3
9718 9616 9608 3 9695 9734 9754 3 9695 9754
9718 3 9748 9754 9734 3 9754 9748 9766 3
9739 9758 9748 3 9758 9766 9748 3 9706 9722
9739 3 9722 9758 9739 3 9706 9622 9636 3
9706 9636 9722 3 9436 9636 9622 3 9636 9436
9386 3 9300 9224 9436 3 9224 9386 9436 3
9176 9076 9300 3 9076 9224 9300 3 9176 9104
9027 3 9176 9027 9076 3 9054 9027 9104 3
9027 9054 8940 3 9096 9015 9054 3 9015 8940
9054 3 9172 9062 9096 3 9062 9015 9096 3
9172 9292 9205 3 9172 9205 9062 3 9680 9547
9650 3 9547 9680 9557 3 9232 9104 9247 3
9104 9232 9054 3 9242 9096 9232 3 9096 9054
9232 3 9310 9096 9242 3 9096 9310 9172 3
9292 9172 9310 3 9292 9310 9368 3 9400 9472
9608 3 9585 9608 9472 3 9472 9292 9368 3
9292 9472 9400 3 9646 9608 9585 3 9608 9646
9695 3 9734 9695 9646 3 9734 9646 9676 3
9688 9734 9676 3 9734 9688 9748 3 9688 9739
9748 3 9739 9688 9680 3 9739 9650 9706 3
9650 9739 9680 3 9622 9706 9650 3 9622 9650
9592 3 9481 9622 9592 3 9622 9481 9436 3
9300 9481 9374 3 9481 9300 9436 3 9300 9318
9176 3 9318 9300 9374 3 9650 9547 9592 3
9527 9592 9547 3 9499 9592 9527 3 9592 9499
9481 3 9499 9374 9481 3 9374 9499 9465 3
9374 9420 9318 3 9420 9374 9465 3 9318 9420
9247 3 9247 9420 9399 3 9247 9394 9232 3
9394 9247 9399 3 9232 9394 9242 3 9398 9242
9394 3 9416 9242 9398 3 9242 9416 9310 3
9416 9368 9310 3 9368 9416 9460 3 9472 9494
9585 3 9522 9585 9494 3 9368 9494 9472 3
9494 9368 9460 3 9585 9544 9646 3 9544 9585
9522 3 9556 9676 9544 3 9676 9646 9544 3
9569 9676 9556 3 9676 9569 9688 3 9569 9680
9688 3 9680 9569 9557 3 3954 3933 4093 3
3933 3954 3872 3 3872 3902 3772 3 3902 3872
3954 3 4021 4325 3933 3 4325 4093 3933 3
7966 7880 7904 3 7825 7904 7880 3 7880 7751
7825 3 7880 7779 7751 3 7966 7950 7880 3
7950 7966 8080 3 7950 7779 7880 3 7950 7841
7779 3 8080 8398 7950 3 8398 8080 8466 3
8398 7841 7950 3 7841 8398 8341 3 8498 8486
8558 3 8486 8498 8426 3 8426 8438 8327 3
8438 8426 8498 3 8438 8244 8327 3 8244 8438
8349 3 8349 8125 8244 3 8125 8349 8284 3
8341 7727 7841 3 7727 8341 8268 3 8268 7621
7727 3 7621 8268 8192 3 7841 7727 7681 3
7841 7681 7779 3 7727 7621 7575 3 7575 7681
7727 3 7779 7681 7667 3 7667 7751 7779 3
7589 7681 7575 3 7681 7589 7667 3 3772 3847
3705 3 3847 3772 3902 3 3705 3827 3674 3
3827 3705 3847 3 3828 3674 3827 3 3674 3828
3675 3 7589 7575 7542 3 7508 7542 7575 3
7542 7509 7543 3 7509 7542 7508 3 7537 7508
7621 3 7508 7575 7621 3 7508 7538 7509 3
7538 7508 7537 3 8192 7537 7621 3 7537 8192
8142 3 7537 8143 7538 3 8143 7537 8142 3
8284 8074 8125 3 8074 8284 8229 3 8230 8075
8229 3 8075 8074 8229 3 8230 8285 8126 3
8126 8075 8230 3 8285 8350 8245 3 8245 8126
8285 3 7622 8143 8193 3 8143 7622 7538 3
8269 7728 8193 3 7728 7622 8193 3 7622 7509
7538 3 7509 7622 7576 3 7622 7728 7576 3
7682 7576 7728 3 7576 7590 7543 3 7543 7509
7576 3 7576 7682 7590 3 7668 7590 7682 3
3706 3828 3848 3 3828 3706 3675 3 3773 3848
3903 3 3848 3773 3706 3 3873 3903 3955 3
3903 3873 3773 3 3934 3955 4094 3 3955 3934
3873 3 7682 7780 7668 3 7752 7668 7780 3
7780 7881 7826 3 7780 7826 7752 3 7843 7682
7728 3 7682 7843 7780 3 7843 7951 7881 3
7843 7881 7780 3 8342 7843 8269 3 7843 7728
8269 3 8399 7843 8342 3 7843 8399 7951 3
8350 8439 8328 3 8328 8245 8350 3 8427 8439
8499 3 8439 8427 8328 3 8559 8427 8499 3
8427 8559 8487 3 8611 8487 8559 3 8487 8611
8547 3 8467 7951 8399 3 7951 8467 8081 3
8511 8081 8467 3 8081 8511 8160 3 7951 8081
7967 3 7967 7881 7951 3 8081 8033 7967 3
8033 8081 8160 3 7881 7967 7905 3 7905 7826
7881 3 7967 8033 7939 3 7939 7905 7967 3
4326 3934 4094 3 3934 4326 4022 3 4538 4022
4326 3 4022 4538 4179 3 4179 4577 4293 3
4577 4179 4538 3 4292 4577 4576 3 4577 4292
4293 3 7939 8033 7994 3 7994 8033 8062 3
8061 7993 8062 3 8062 7993 7994 3 8033 8160
8062 3 8062 8160 8213 3 8212 8061 8213 3
8061 8062 8213 3 8160 8527 8213 3 8527 8160
8511 3 8213 8527 8212 3 8526 8212 8527 3
8547 8625 8568 3 8625 8547 8611 3 8624 8568
8625 3 8568 8624 8567 3 8610 8567 8624 3
8567 8610 8546 3 8558 8546 8610 3 8546 8558
8486 3 8510 8212 8526 3 8212 8510 8159 3
8159 8466 8080 3 8466 8159 8510 3 8061 8159
8032 3 8159 8061 8212 3 8159 8080 8032 3
7966 8032 8080 3 7993 8032 7938 3 8032 7993
8061 3 8032 7966 7938 3 7904 7938 7966 3
4537 4178 4576 3 4576 4178 4292 3 4178 4537
4021 3 4537 4325 4021 3 4419 7904 4273 3
7904 4419 7938 3 4507 7938 4419 3 7938 4507
7993 3 4508 7993 4507 3 7993 4508 7994 3
4420 7994 4508 3 7994 4420 7939 3 4274 7939
4420 3 7939 4274 7905 3 4067 7905 4274 3
7905 4067 7826 3 3969 7752 4067 3 7826 4067
7752 3 3917 7668 3969 3 7752 3969 7668 3
3885 7590 3917 3 7668 3917 7590 3 3860 7543
3885 3 7590 3885 7543 3 3859 7542 3860 3
7543 3860 7542 3 7589 3859 3884 3 3859 7589
7542 3 7667 3884 3916 3 3884 7667 7589 3
7751 3916 3968 3 3916 7751 7667 3 4066 7751
3968 3 7751 4066 7825 3 4273 7825 4066 3
7825 4273 7904 3 9326 9431 9260 3 9431 9326
9518 3 9606 9634 9582 3 9634 9606 9670 3
9614 9458 9587 3 9458 9614 9534 3 9334 9128
9280 3 9128 9334 9166 3 9004 8866 8965 3
8866 9004 8896 3 8817 8715 8774 3 8715 8817
8752 3 8809 8858 8768 3 8858 8809 8882 3
8988 9094 8934 3 9094 8988 9147 3 8858 8592
8768 3 8592 8858 8520 3 8988 8858 8882 3
8858 8988 8934 3 8472 8172 8404 3 8172 8472
8303 3 8809 8715 8752 3 8715 8809 8768 3
8866 8713 8965 3 8713 8866 8640 3 8817 8866
8896 3 8866 8817 8774 3 9128 9014 9280 3
9014 9128 8886 3 9004 9128 9166 3 9128 9004
8965 3 8460 8156 8296 3 8156 8460 8389 3
9334 9458 9534 3 9458 9334 9280 3 8296 8432
8634 3 8634 8460 8296 3 9614 9634 9670 3
9634 9614 9587 3 8592 8715 8768 3 8715 8592
8604 3 9606 9431 9518 3 9431 9606 9582 3
8391 8592 8520 3 8391 8520 8432 3 9326 9094
9147 3 9094 9326 9260 3 8596 8381 8408 3
8381 8596 8604 3 8596 8408 8532 3 8452 8532
8408 3 8596 8715 8604 3 8715 8596 8774 3
8640 8866 8532 3 8640 8532 8452 3 8156 8371
8107 3 8371 8156 8389 3 8858 8704 8634 3
8704 8858 8934 3 8172 8371 8404 3 8371 8172
8107 3 8532 8866 8596 3 8596 8866 8774 3
9128 8713 8886 3 8713 9128 8965 3 9094 8992
8874 3 8992 9094 9260 3 9094 8704 8934 3
8704 9094 8874 3 8874 8570 8704 3 8570 8874
8654 3 8874 8757 8654 3 8757 8874 8992 3
8886 8584 8667 3 8584 8886 8713 3 8634 8570
8460 3 8570 8634 8704 3 8640 8303 8472 3
8303 8640 8452 3 8408 8303 8452 3 8408 8172
8303 3 8381 8172 8408 3 8381 8107 8172 3
8296 8391 8432 3 8156 8391 8296 3 8634 8520
8858 3 8520 8634 8432 3 8886 8779 9014 3
8779 8886 8667 3 8640 8584 8713 3 8584 8640
8472 3 9186 9048 9102 3 9102 9048 8996 3
9354 9201 9240 3 9240 9201 9142 3 9240 9142
9186 3 9186 9142 9048 3 9413 9298 9354 3
9354 9298 9201 3 9506 9342 9413 3 9413 9342
9298 3 9554 9366 9506 3 9506 9366 9342 3
9510 9346 9554 3 9554 9346 9366 3 9423 9306
9510 3 9510 9306 9346 3 9358 9213 9423 3
9423 9213 9306 3 9256 9150 9358 3 9358 9150
9213 3 9190 9052 9256 3 9256 9052 9150 3
9110 9000 9190 3 9190 9000 9052 3 9072 8954
9110 3 9110 8954 9000 3 9042 8928 9072 3
9072 8928 8954 3 9068 8949 9042 3 9042 8949
8928 3 9102 8996 9068 3 9068 8996 8949 3
9724 9664 9760 3 9760 9664 9704 3 9610 9618
9406 3 9618 9384 9406 3 9638 9478 9724 3
9724 9478 9664 3 9388 9281 9638 3 9638 9281
9478 3 9226 9116 9388 3 9388 9116 9281 3
9080 8980 9226 3 9226 8980 9116 3 9031 8920
9080 3 9080 8920 8980 3 8942 8878 9031 3
9031 8878 8920 3 9020 8915 8942 3 8942 8915
8878 3 9064 8964 9020 3 9020 8964 8915 3
9210 9090 9064 3 9064 9090 8964 3 9618 9454
9384 3 9384 9454 9250 3 9384 9250 9210 3
9210 9250 9090 3 9720 9656 9618 3 9618 9656
9454 3 9756 9697 9720 3 9720 9697 9656 3
9768 9732 9756 3 9756 9732 9697 3 9760 9704
9768 3 9768 9704 9732 3 9178 9322 9106 3
9106 9322 9252 3 9406 9210 9294 3 9210 9406
9384 3 9610 9699 9720 3 9610 9720 9618 3
9736 9720 9699 3 9720 9736 9756 3 9750 9756
9736 3 9756 9750 9768 3 9742 9760 9750 3
9760 9768 9750 3 9742 9708 9724 3 9742 9724
9760 3 9624 9724 9708 3 9724 9624 9638 3
9438 9638 9624 3 9638 9438 9388 3 9302 9226
9438 3 9226 9388 9438 3 9302 9178 9080 3
9302 9080 9226 3 9106 9080 9178 3 9080 9106
9031 3 9056 9031 9106 3 9031 9056 8942 3
9098 9020 9056 3 9020 8942 9056 3 9098 9174
9064 3 9098 9064 9020 3 9294 9064 9174 3
9064 9294 9210 3 9682 9550 9652 3 9550 9682
9563 3 9106 9234 9056 3 9234 9106 9252 3
9244 9098 9234 3 9098 9056 9234 3 9174 9098
9244 3 9174 9244 9313 3 9313 9294 9174 3
9294 9313 9370 3 9589 9610 9474 3 9610 9406
9474 3 9294 9474 9406 3 9474 9294 9370 3
9699 9610 9589 3 9699 9589 9648 3 9678 9736
9648 3 9736 9699 9648 3 9690 9736 9678 3
9736 9690 9750 3 9682 9742 9690 3 9742 9750
9690 3 9708 9742 9682 3 9708 9682 9652 3
9708 9652 9624 3 9596 9624 9652 3 9486 9624
9596 3 9624 9486 9438 3 9376 9302 9486 3
9302 9438 9486 3 9178 9302 9376 3 9178 9376
9322 3 9652 9550 9596 3 9530 9596 9550 3
9596 9502 9486 3 9502 9596 9530 3 9470 9376
9502 3 9376 9486 9502 3 9376 9428 9322 3
9428 9376 9470 3 9322 9428 9252 3 9252 9428
9405 3 9252 9396 9234 3 9396 9252 9405 3
9234 9396 9244 3 9402 9244 9396 3 9419 9244
9402 3 9244 9419 9313 3 9419 9370 9313 3
9370 9419 9464 3 9474 9498 9589 3 9589 9498
9524 3 9370 9498 9474 3 9498 9370 9464 3
9589 9546 9648 3 9546 9589 9524 3 9559 9678
9546 3 9678 9648 9546 3 9572 9678 9559 3
9678 9572 9690 3 9572 9682 9690 3 9682 9572
9563 3 3958 3937 4097 3 3937 3958 3876 3
3876 3906 3776 3 3906 3876 3958 3 4025 4329
3937 3 4329 4097 3937 3 7969 7883 7906 3
7827 7906 7883 3 7883 7753 7827 3 7883 7784
7753 3 7969 7952 7883 3 7952 7969 8086 3
7952 7784 7883 3 7952 7844 7784 3 8468 7952
8086 3 7952 8468 8400 3 8400 7844 7952 3
7844 8400 8343 3 8560 8428 8488 3 8428 8560
8500 3 8428 8440 8329 3 8440 8428 8500 3
8440 8351 8329 3 8329 8351 8246 3 8286 8246
8351 3 8246 8286 8127 3 7844 8270 7730 3
8270 7844 8343 3 7730 8194 7627 3 8194 7730
8270 3 7844 7730 7685 3 7844 7685 7784 3
7730 7627 7577 3 7577 7685 7730 3 7784 7685
7670 3 7670 7753 7784 3 7592 7670 7685 3
7685 7577 7592 3 3776 3851 3709 3 3851 3776
3906 3 3831 3709 3851 3 3709 3831 3678 3
3832 3678 3831 3 3678 3832 3679 3 7592 7577
7546 3 7510 7546 7577 3 7546 7510 7547 3
7547 7510 7511 3 7544 7510 7627 3 7510 7577
7627 3 7510 7544 7511 3 7511 7544 7545 3
8144 7627 8194 3 7627 8144 7544 3 7544 8145
7545 3 8145 7544 8144 3 8231 8127 8286 3
8127 8231 8082 3 8231 8083 8082 3 8083 8231
8232 3 8083 8287 8128 3 8287 8083 8232 3
8352 8128 8287 3 8128 8352 8247 3 8195 7628
7545 3 7545 8145 8195 3 8271 7628 8195 3
7628 8271 7731 3 7628 7511 7545 3 7511 7628
7578 3 7628 7731 7578 3 7686 7578 7731 3
7578 7593 7547 3 7547 7511 7578 3 7578 7686
7593 3 7671 7593 7686 3 3832 3710 3679 3
3710 3832 3852 3 3777 3852 3907 3 3852 3777
3710 3 3877 3907 3959 3 3907 3877 3777 3
3938 3959 4098 3 3959 3938 3877 3 7686 7785
7671 3 7754 7671 7785 3 7785 7884 7828 3
7785 7828 7754 3 7845 7686 7731 3 7686 7845
7785 3 7845 7953 7884 3 7845 7884 7785 3
8344 7731 8271 3 7731 8344 7845 3 8401 7845
8344 3 7845 8401 7953 3 8441 8247 8352 3
8247 8441 8330 3 8429 8441 8501 3 8441 8429
8330 3 8501 8561 8489 3 8489 8429 8501 3
8561 8613 8549 3 8549 8489 8561 3 8469 8087
8401 3 8087 7953 8401 3 8513 8163 8469 3
8163 8087 8469 3 7953 8087 7970 3 7970 7884
7953 3 8087 8035 7970 3 8035 8087 8163 3
7884 7970 7907 3 7907 7828 7884 3 7942 7907
7970 3 7942 7970 8035 3 4330 3938 4098 3
3938 4330 4026 3 4542 4026 4330 3 4026 4542
4184 3 4581 4184 4542 3 4184 4581 4297 3
4580 4296 4581 3 4297 4581 4296 3 7942 8035
7996 3 7996 8035 8067 3 8066 7996 8067 3
7996 8066 7995 3 8035 8163 8067 3 8067 8163
8215 3 8214 8067 8215 3 8067 8214 8066 3
8529 8215 8513 3 8215 8163 8513 3 8529 8214
8215 3 8214 8529 8528 3 8613 8627 8572 3
8572 8549 8613 3 8572 8626 8571 3 8626 8572
8627 3 8626 8548 8571 3 8548 8626 8612 3
8612 8488 8548 3 8488 8612 8560 3 8528 8162
8214 3 8162 8528 8512 3 8512 8086 8162 3
8086 8512 8468 3 8162 8034 8066 3 8066 8214
8162 3 8162 8086 8034 3 7969 8034 8086 3
8034 7941 7995 3 7995 8066 8034 3 8034 7969
7941 3 7906 7941 7969 3 4541 4183 4580 3
4296 4580 4183 3 4183 4541 4025 3 4541 4329
4025 3 7941 4277 4423 3 4277 7941 7906 3
7995 4423 4511 3 4423 7995 7941 3 7996 4511
4512 3 4511 7996 7995 3 4424 7942 4512 3
7996 4512 7942 3 4278 7907 4424 3 7942 4424
7907 3 4071 7828 4278 3 7907 4278 7828 3
3973 7754 4071 3 7828 4071 7754 3 3921 7754
3973 3 7754 3921 7671 3 3889 7671 3921 3
7671 3889 7593 3 3864 7593 3889 3 7593 3864
7547 3 3863 7547 3864 3 7547 3863 7546 3
3888 7546 3863 3 7546 3888 7592 3 3920 7670
7592 3 3920 7592 3888 3 3972 7670 3920 3
7670 3972 7753 3 4070 7753 3972 3 7753 4070
7827 3 7906 4070 4277 3 4070 7906 7827 3
9327 9435 9261 3 9435 9327 9519 3 9607 9635
9583 3 9635 9607 9671 3 9615 9459 9590 3
9459 9615 9537 3 9335 9133 9283 3 9133 9335
9169 3 9005 8867 8969 3 8867 9005 8897 3
8818 8718 8775 3 8718 8818 8753 3 8883 8769
8810 3 8769 8883 8859 3 8989 9095 8936 3
9095 8989 9149 3 8859 8593 8769 3 8593 8859
8521 3 8989 8859 8883 3 8859 8989 8936 3
8473 8174 8406 3 8174 8473 8304 3 8810 8718
8753 3 8718 8810 8769 3 8867 8716 8969 3
8716 8867 8641 3 8818 8867 8897 3 8867 8818
8775 3 9133 9016 9283 3 9016 9133 8889 3
9005 9133 9169 3 9133 9005 8969 3 8461 8161
8298 3 8161 8461 8392 3 9335 9459 9537 3
9459 9335 9283 3 8298 8433 8635 3 8635 8461
8298 3 9615 9635 9671 3 9635 9615 9590 3
8605 8718 8593 3 8718 8769 8593 3 9607 9435
9519 3 9435 9607 9583 3 8382 8605 8593 3
8382 8593 8393 3 8393 8593 8521 3 8393 8521
8433 3 9327 9095 9149 3 9095 9327 9261 3
8597 8382 8409 3 8382 8597 8605 3 8597 8409
8533 3 8453 8533 8409 3 8597 8718 8605 3
8718 8597 8775 3 8641 8867 8533 3 8641 8533
8453 3 8372 8161 8392 3 8161 8372 8108 3
8859 8705 8635 3 8705 8859 8936 3 8108 8372
8174 3 8372 8406 8174 3 8597 8867 8775 3
8533 8867 8597 3 9133 8716 8889 3 8716 9133
8969 3 9095 8993 8875 3 8993 9095 9261 3
9095 8705 8936 3 8705 9095 8875 3 8875 8573
8705 3 8573 8875 8655 3 8875 8758 8655 3
8758 8875 8993 3 8889 8585 8670 3 8585 8889
8716 3 8635 8573 8461 3 8573 8635 8705 3
8641 8304 8473 3 8304 8641 8453 3 8409 8304
8453 3 8409 8174 8304 3 8382 8174 8409 3
8382 8108 8174 3 8298 8393 8433 3 8161 8393
8298 3 8382 8161 8108 3 8161 8382 8393 3
8635 8521 8859 3 8521 8635 8433 3 8889 8781
9016 3 8781 8889 8670 3 8641 8585 8716 3
8585 8641 8473 3 9187 9049 9103 3 9103 9049
8997 3 9355 9203 9241 3 9241 9203 9143 3
9241 9143 9187 3 9187 9143 9049 3 9414 9299
9355 3 9355 9299 9203 3 9507 9343 9414 3
9414 9343 9299 3 9555 9367 9507 3 9507 9367
9343 3 9513 9347 9555 3 9555 9347 9367 3
9430 9307 9513 3 9513 9307 9347 3 9359 9215
9430 3 9430 9215 9307 3 9259 9151 9359 3
9359 9151 9215 3 9191 9053 9259 3 9259 9053
9151 3 9111 9001 9191 3 9191 9001 9053 3
9074 8955 9111 3 9111 8955 9001 3 9043 8929
9074 3 9074 8929 8955 3 9069 8951 9043 3
9043 8951 8929 3 9103 8997 9069 3 9069 8997
8951 3 9725 9665 9761 3 9761 9665 9705 3
9611 9619 9409 3 9619 9385 9409 3 9639 9482
9725 3 9725 9482 9665 3 9391 9285 9639 3
9639 9285 9482 3 9227 9117 9391 3 9391 9117
9285 3 9083 8981 9227 3 9227 8981 9117 3
9033 8921 9083 3 9083 8921 8981 3 8943 8880
9033 3 9033 8880 8921 3 9023 8917 8943 3
8943 8917 8880 3 9066 8968 9023 3 9023 8968
8917 3 9214 9092 9066 3 9066 9092 8968 3
9619 9456 9385 3 9385 9456 9254 3 9385 9254
9214 3 9214 9254 9092 3 9721 9657 9619 3
9619 9657 9456 3 9757 9700 9721 3 9721 9700
9657 3 9769 9733 9757 3 9757 9733 9700 3
9761 9705 9769 3 9769 9705 9733 3 9107 9179
9323 3 9107 9323 9257 3 9409 9214 9295 3
9214 9409 9385 3 9701 9721 9611 3 9721 9619
9611 3 9701 9737 9757 3 9701 9757 9721 3
9751 9757 9737 3 9757 9751 9769 3 9743 9761
9751 3 9761 9769 9751 3 9709 9725 9743 3
9725 9761 9743 3 9709 9627 9639 3 9709 9639
9725 3 9439 9639 9627 3 9639 9439 9391 3
9303 9227 9439 3 9227 9391 9439 3 9179 9083
9303 3 9083 9227 9303 3 9179 9107 9033 3
9179 9033 9083 3 9058 9033 9107 3 9033 9058
8943 3 9099 9023 9058 3 9023 8943 9058 3
9175 9066 9099 3 9066 9023 9099 3 9175 9295
9214 3 9175 9214 9066 3 9551 9683 9565 3
9683 9551 9653 3 9235 9107 9257 3 9107 9235
9058 3 9235 9099 9058 3 9099 9235 9245 3
9099 9315 9175 3 9315 9099 9245 3 9295 9175
9315 3 9295 9315 9372 3 9611 9475 9591 3
9475 9611 9409 3 9475 9295 9372 3 9295 9475
9409 3 9611 9649 9701 3 9649 9611 9591 3
9737 9701 9649 3 9737 9649 9679 3 9691 9737
9679 3 9737 9691 9751 3 9683 9743 9691 3
9743 9751 9691 3 9653 9743 9683 3 9743 9653
9709 3 9627 9709 9653 3 9627 9653 9597 3
9489 9627 9597 3 9627 9489 9439 3 9439 9489
9303 3 9377 9303 9489 3 9323 9303 9377 3
9303 9323 9179 3 9551 9597 9653 3 9597 9551
9531 3 9597 9503 9489 3 9503 9597 9531 3
9489 9503 9377 3 9471 9377 9503 3 9377 9432
9323 3 9432 9377 9471 3 9408 9257 9432 3
9257 9323 9432 3 9397 9257 9408 3 9257 9397
9235 3 9397 9245 9235 3 9245 9397 9407 3
9245 9426 9315 3 9426 9245 9407 3 9315 9426
9372 3 9466 9372 9426 3 9500 9591 9475 3
9591 9500 9528 3 9500 9372 9466 3 9372 9500
9475 3 9591 9548 9649 3 9548 9591 9528 3
9649 9548 9679 3 9679 9548 9564 3 9679 9573
9691 3 9573 9679 9564 3 9691 9573 9683 3
9565 9683 9573 3 4226 5360 5286 3 5360 4226
4376 3 7912 7985 7945 3 7945 7895 7912 3
4483 7550 7626 3 7626 4562 4483 3 7640 7564
7563 3 7563 7637 7640 3 7715 7672 7687 3
7672 7715 7712 3 7654 7595 7591 3 7591 7649
7654 3 3891 5042 4966 3 5042 3891 3924 3
7591 4607 7649 3 4607 7591 4547 3 7550 4547
7591 3 4547 7550 4483 3 7613 4498 7563 3
4498 7613 4559 3 7672 4559 7613 3 4559 7672
4681 3 8312 8322 8363 3 8322 8312 8288 3
5539 4790 5551 3 5551 4790 4868 3 8321 8319
8357 3 8319 8321 8313 3 5360 4376 5424 3
5424 4376 4548 3 7629 7687 7672 3 7629 7672
7613 3 4727 5458 5500 3 5458 4727 4567 3
7563 4573 7637 3 4573 7563 4498 3 3840 4966
4808 3 4966 3840 3891 3 4905 3865 4759 3
4759 3865 3813 3 4298 5227 5328 3 5227 4298
4108 3 3799 4808 4738 3 4808 3799 3840 3
5008 3894 4905 3 4905 3894 3865 3 5555 4879
5546 3 5546 4879 4843 3 4567 5385 5458 3
5385 4567 4478 3 4478 5328 5385 3 5328 4478
4298 3 5424 4548 5488 3 5488 4548 4655 3
5065 3941 5008 3 5008 3941 3894 3 5551 4868
5555 3 5555 4868 4879 3 3924 5102 5042 3
5102 3924 3974 3 4340 3662 4253 3 4253 3662
3647 3 4253 3647 4156 3 4156 3647 3637 3
3644 4285 4205 3 4285 3644 3653 3 3630 4205
4129 3 4205 3630 3644 3 4111 3630 4129 3
3630 4111 3626 3 3626 4111 4118 3 4118 3627
3626 3 4156 3627 4118 3 3627 4156 3637 3
4340 3787 3662 3 3787 4340 4681 3 4285 3757
4607 3 3757 4285 3653 3 8321 8311 8279 3
8321 8279 8313 3 8253 8279 8311 3 8279 8253
8222 3 7551 7591 7595 3 7591 7551 7550 3
8310 8357 8319 3 8319 8276 8310 3 8049 7945
7985 3 7945 8049 8026 3 7705 7654 7649 3
7649 7700 7705 3 8316 8317 8300 3 8317 8316
8331 3 8024 8026 8049 3 8026 8024 8016 3
8112 8013 8096 3 8013 8112 8022 3 7633 7550
7551 3 7550 7633 7626 3 7927 7928 7933 3
7928 7927 7921 3 7629 7563 7564 3 7563 7629
7613 3 8063 8112 8096 3 8096 8047 8063 3
7897 7912 7895 3 7895 7892 7897 3 8363 8317
8331 3 8317 8363 8322 3 8013 7933 7928 3
7933 8013 8022 3 8261 8316 8300 3 8300 8233
8261 3 5688 5674 5669 3 5651 5669 5674 3
5765 5734 5731 3 5713 5731 5734 3 5393 5307
5333 3 5333 5414 5393 3 5494 5483 5475 3
5446 5475 5483 3 5581 5494 5571 3 5571 5494
5489 3 5669 5581 5595 3 5595 5679 5669 3
5554 5537 5536 3 5519 5536 5537 3 5660 5554
5651 3 5651 5554 5548 3 5731 5660 5674 3
5674 5753 5731 3 5350 5333 5318 3 5297 5318
5333 3 5468 5350 5446 3 5446 5350 5338 3
5536 5468 5483 3 5483 5548 5536 3 5369 5393
5401 3 5401 5393 5425 3 5527 5425 5519 3
5519 5425 5414 3 5598 5527 5537 3 5537 5614
5598 3 5718 5618 5713 3 5713 5618 5614 3
6289 6274 6269 3 6249 6269 6274 3 6348 6323
6325 3 6304 6325 6323 3 6031 5965 5978 3
5978 6047 6031 3 6116 6098 6091 3 6077 6091
6098 3 6189 6116 6182 3 6182 6116 6104 3
6269 6189 6202 3 6202 6282 6269 3 6163 6150
6147 3 6134 6147 6150 3 6255 6163 6249 3
6249 6163 6160 3 6325 6255 6274 3 6274 6343
6325 3 5993 5978 5975 3 5955 5975 5978 3
6084 5993 6077 3 6077 5993 5985 3 6147 6084
6098 3 6098 6160 6147 3 6056 6030 6031 3
6008 6031 6030 3 6139 6056 6134 3 6134 6056
6047 3 6197 6139 6150 3 6150 6212 6197 3
6306 6212 6304 3 6212 6306 6216 3 5818 5798
5792 3 5779 5792 5798 3 5893 5818 5879 3
5879 5818 5808 3 5975 5893 5906 3 5906 5985
5975 3 5866 5853 5851 3 5837 5851 5853 3
5965 5866 5955 3 5955 5866 5861 3 5786 5688
5779 3 5779 5688 5679 3 5851 5786 5798 3
5798 5861 5851 3 5845 5765 5837 3 5837 5765
5753 3 5902 5845 5853 3 5853 5915 5902 3
6013 5922 6008 3 6008 5922 5915 3 6587 6564
6562 3 6541 6562 6564 3 6644 6618 6621 3
6598 6621 6618 3 6412 6396 6391 3 6370 6391
6396 3 6486 6412 6481 3 6481 6412 6402 3
6562 6486 6497 3 6497 6575 6562 3 6462 6445
6443 3 6432 6443 6445 3 6552 6462 6541 3
6541 6462 6454 3 6621 6552 6564 3 6564 6635
6621 3 6381 6289 6370 3 6370 6289 6282 3
6443 6381 6396 3 6396 6454 6443 3 6434 6348
6432 3 6432 6348 6343 3 6489 6434 6445 3
6445 6504 6489 3 6604 6511 6598 3 6598 6511
6504 3 6881 6860 6858 3 6838 6858 6860 3
6935 6915 6920 3 6893 6920 6915 3 6706 6695
6691 3 6667 6691 6695 3 6785 6706 6778 3
6778 6706 6701 3 6858 6785 6794 3 6794 6870
6858 3 6761 6739 6740 3 6720 6740 6739 3
6846 6761 6838 3 6838 6761 6752 3 6920 6846
6860 3 6860 6932 6920 3 6678 6587 6667 3
6667 6587 6575 3 6740 6678 6695 3 6695 6752
6740 3 6729 6644 6720 3 6720 6644 6635 3
6784 6729 6739 3 6739 6796 6784 3 6900 6796
6893 3 6796 6900 6803 3 5860 5838 5846 3
5824 5846 5838 3 5531 5470 5485 3 5485 5540
5531 3 5684 5663 5668 3 5638 5668 5663 3
5783 5684 5781 3 5781 5684 5680 3 5846 5783
5796 3 5796 5854 5846 3 5545 5524 5531 3
5504 5531 5524 3 5645 5545 5638 3 5638 5545
5540 3 5714 5645 5663 3 5663 5726 5714 3
5730 5707 5714 3 5682 5714 5707 3 5827 5730
5824 3 5824 5730 5726 3 5567 5508 5524 3
5524 5586 5567 3 6442 6419 6431 3 6401 6431
6419 3 6137 6079 6089 3 6089 6146 6137 3
6279 6250 6254 3 6227 6254 6250 3 6366 6279
6361 3 6361 6279 6273 3 6431 6366 6384 3
6384 6439 6431 3 6151 6131 6137 3 6112 6137
6131 3 6232 6151 6227 3 6227 6151 6146 3
6297 6232 6250 3 6250 6307 6297 3 6314 6290
6297 3 6272 6297 6290 3 6405 6314 6401 3
6401 6314 6307 3 6164 6117 6131 3 6131 6178
6164 3 5986 5963 5968 3 5935 5968 5963 3
6079 5986 6072 3 6072 5986 5979 3 5943 5860
5935 3 5935 5860 5854 3 6004 5943 5963 3
5963 6017 6004 3 6019 5997 6004 3 5980 6004
5997 3 6117 6019 6112 3 6112 6019 6017 3
5871 5827 5838 3 5838 5886 5871 3 6734 6709
6715 3 6696 6715 6709 3 6570 6538 6547 3
6521 6547 6538 3 6654 6570 6649 3 6649 6570
6560 3 6715 6654 6673 3 6673 6732 6715 3
6527 6442 6521 3 6521 6442 6439 3 6589 6527
6538 3 6538 6601 6589 3 6606 6580 6589 3
6556 6589 6580 3 6699 6606 6696 3 6696 6606
6601 3 6456 6405 6419 3 6419 6470 6456 3
7028 7003 7011 3 6986 7011 7003 3 6856 6833
6837 3 6815 6837 6833 3 6951 6856 6944 3
6944 6856 6851 3 7011 6951 6963 3 6963 7018
7011 3 6820 6734 6815 3 6815 6734 6732 3
6876 6820 6833 3 6833 6894 6876 3 6902 6867
6876 3 6848 6876 6867 3 6992 6902 6986 3
6986 6902 6894 3 6746 6699 6709 3 6709 6766
6746 3 7180 7162 7161 3 7145 7161 7162 3
7240 7221 7223 3 7197 7223 7221 3 7004 6991
6987 3 6962 6987 6991 3 7091 7004 7085 3
7085 7004 7000 3 7161 7091 7104 3 7104 7175
7161 3 7065 7038 7039 3 7015 7039 7038 3
7149 7065 7145 3 7145 7065 7059 3 7223 7149
7162 3 7162 7236 7223 3 6977 6881 6962 3
6962 6881 6870 3 7039 6977 6991 3 6991 7059
7039 3 7019 6935 7015 3 7015 6935 6932 3
7089 7019 7038 3 7038 7103 7089 3 7204 7109
7197 3 7197 7109 7103 3 7919 7932 7931 3
7981 7931 7932 3 7990 8018 8014 3 8042 8014
8018 3 7556 7445 7459 3 7459 7584 7556 3
7734 7703 7701 3 7660 7701 7703 3 7861 7734
7849 3 7849 7734 7714 3 7932 7861 7874 3
7874 7956 7932 3 7808 7772 7781 3 7742 7781
7772 3 7924 7808 7919 3 7919 7808 7803 3
7931 8018 7924 3 8018 7931 8027 3 7479 7459
7460 3 7439 7460 7459 3 7673 7479 7660 3
7660 7479 7472 3 7781 7673 7703 3 7703 7803
7781 3 7597 7549 7556 3 7488 7556 7549 3
7755 7597 7742 3 7742 7597 7584 3 7842 7755
7772 3 7772 7866 7842 3 8001 7866 7990 3
7866 8001 7869 3 7310 7292 7289 3 7269 7289
7292 3 7390 7310 7384 3 7384 7310 7304 3
7460 7390 7404 3 7404 7472 7460 3 7362 7332
7335 3 7317 7335 7332 3 7445 7362 7439 3
7439 7362 7357 3 7278 7180 7269 3 7269 7180
7175 3 7335 7278 7292 3 7292 7357 7335 3
7321 7240 7317 3 7317 7240 7236 3 7385 7321
7332 3 7332 7401 7385 3 7512 7401 7488 3
7401 7512 7406 3 7325 7306 7313 3 7285 7313
7306 3 7158 7133 7140 3 7112 7140 7133 3
7252 7158 7246 3 7246 7158 7155 3 7313 7252
7268 3 7268 7320 7313 3 7120 7028 7112 3
7112 7028 7018 3 7176 7120 7133 3 7133 7196
7176 3 7202 7168 7176 3 7148 7176 7168 3
7291 7202 7285 3 7285 7202 7196 3 7045 6992
7003 3 7003 7066 7045 3 8167 8118 8136 3
8105 8136 8118 3 7722 7631 7651 3 7651 7743
7722 3 7926 7896 7911 3 7871 7911 7896 3
8048 7926 8044 3 8044 7926 7923 3 8136 8048
8078 3 8078 8151 8136 3 7756 7708 7722 3
7688 7722 7708 3 7882 7756 7871 3 7871 7756
7743 3 7940 7882 7896 3 7896 7983 7940 3
7986 7930 7940 3 7918 7940 7930 3 8111 7986
8105 3 8105 7986 7983 3 7770 7696 7708 3
7708 7800 7770 3 7451 7424 7433 3 7408 7433
7424 3 7631 7451 7610 3 7610 7451 7447 3
7413 7325 7408 3 7408 7325 7320 3 7465 7413
7424 3 7424 7483 7465 3 7487 7457 7465 3
7438 7465 7457 3 7696 7487 7688 3 7688 7487
7483 3 7339 7291 7306 3 7306 7358 7339 3
8183 8111 8118 3 8118 8206 8183 3 7986 8183
7930 3 8183 7986 8111 3 7457 7696 7770 3
7696 7457 7487 3 7202 7339 7168 3 7339 7202
7291 3 6867 6992 7045 3 6992 6867 6902 3
6580 6699 6746 3 6699 6580 6606 3 6314 6456
6290 3 6456 6314 6405 3 6019 6164 5997 3
6164 6019 6117 3 5730 5871 5707 3 5871 5730
5827 3 8010 7869 8001 3 7869 8010 7891 3
7231 7395 7385 3 7385 7221 7231 3 6604 6523
6511 3 6523 6604 6613 3 7231 7204 7221 3
7204 7231 7219 3 6926 6900 6915 3 6900 6926
6910 3 7862 7869 7891 3 7869 7862 7842 3
7523 7406 7512 3 7406 7523 7416 3 7567 7862
7842 3 7842 7549 7567 3 5386 5369 5381 3
5381 5399 5386 3 6630 6604 6618 3 6604 6630
6613 3 7567 7512 7549 3 7512 7567 7523 3
5729 5618 5718 3 5618 5729 5634 3 7395 7406
7416 3 7406 7395 7385 3 5913 5922 5933 3
5922 5913 5902 3 6338 6306 6323 3 6306 6338
6321 3 6926 7100 7089 3 7089 6915 6926 3
7100 7109 7124 3 7109 7100 7089 3 5416 5381
5401 3 5381 5416 5399 3 5752 5718 5734 3
5718 5752 5729 3 6630 6793 6784 3 6784 6618
6630 3 6499 6511 6523 3 6511 6499 6489 3
6910 6803 6900 3 6803 6910 6821 3 5611 5618
5634 3 5618 5611 5598 3 6793 6803 6821 3
6803 6793 6784 3 6338 6499 6489 3 6489 6323
6338 3 7219 7109 7204 3 7109 7219 7124 3
6040 6013 6030 3 6013 6040 6024 3 6321 6216
6306 3 6216 6321 6231 3 6040 6208 6197 3
6197 6030 6040 3 6024 5922 6013 3 5922 6024
5933 3 8020 8001 8014 3 8001 8020 8010 3
6208 6216 6231 3 6216 6208 6197 3 5752 5913
5902 3 5902 5734 5752 3 5611 5401 5598 3
5401 5611 5416 3 5945 5966 5979 3 5979 5968
5945 3 7913 8023 8044 3 8044 7923 7913 3
6078 6072 6054 3 6072 6078 6089 3 6238 6253
6273 3 6273 6254 6238 3 7142 7234 7246 3
7246 7155 7142 3 6078 6238 6254 3 6254 6089
6078 3 7254 7246 7234 3 7246 7254 7268 3
8051 8044 8023 3 8044 8051 8078 3 5667 5766
5781 3 5781 5680 5667 3 6825 6839 6851 3
6851 6837 6825 3 6548 6637 6649 3 6649 6560
6548 3 5782 5945 5968 3 5968 5796 5782 3
5966 6054 6072 3 6072 5979 5966 3 6253 6345
6361 3 6361 6273 6253 3 5462 5648 5668 3
5668 5485 5462 3 7254 7420 7433 3 7433 7268
7254 3 5782 5781 5766 3 5781 5782 5796 3
6950 6944 6931 3 6944 6950 6963 3 6655 6649
6637 3 6649 6655 6673 3 7635 7894 7911 3
7911 7651 7635 3 6367 6361 6345 3 6361 6367
6384 3 6950 7129 7140 3 7140 6963 6950 3
7420 7435 7447 3 7447 7433 7420 3 7129 7142
7155 3 7155 7140 7129 3 7635 7610 7581 3
7610 7635 7651 3 7894 7913 7923 3 7923 7911
7894 3 6839 6931 6944 3 6944 6851 6839 3
5462 5459 5433 3 5459 5462 5485 3 6655 6825
6837 3 6837 6673 6655 3 6532 6548 6560 3
6560 6547 6532 3 7435 7581 7610 3 7610 7447
7435 3 6367 6532 6547 3 6547 6384 6367 3
5648 5667 5680 3 5680 5668 5648 3 5355 5317
5332 3 5283 5332 5317 3 5407 5374 5375 3
5356 5375 5374 3 4952 4763 4785 3 4785 4984
4952 3 5095 5067 5073 3 5049 5073 5067 3
5229 5095 5212 3 5212 5095 5091 3 5332 5229
5240 3 5240 5345 5332 3 5129 5113 5115 3
5090 5115 5113 3 5295 5129 5283 3 5283 5129
5124 3 5375 5295 5317 3 5317 5396 5375 3
4929 4785 4825 3 4758 4825 4785 3 5055 4929
5049 3 5049 4929 4888 3 5115 5055 5067 3
5067 5124 5115 3 4925 4952 4958 3 4958 4952
4999 3 5094 4999 5090 3 5090 4999 4984 3
5185 5094 5113 3 5113 5211 5185 3 5359 5219
5356 3 5356 5219 5211 3 6011 5989 5995 3
5969 5995 5989 3 6062 6032 6033 3 6010 6033
6032 3 5725 5659 5676 3 5676 5745 5725 3
5847 5821 5831 3 5797 5831 5821 3 5924 5847
5923 3 5923 5847 5841 3 5995 5924 5946 3
5946 6006 5995 3 5872 5852 5858 3 5836 5858
5852 3 5973 5872 5969 3 5969 5872 5868 3
6033 5973 5989 3 5989 6053 6033 3 5706 5676
5681 3 5653 5681 5676 3 5800 5706 5797 3
5797 5706 5703 3 5858 5800 5821 3 5821 5868
5858 3 5755 5723 5725 3 5705 5725 5723 3
5843 5755 5836 3 5836 5755 5745 3 5899 5843
5852 3 5852 5914 5899 3 6014 5914 6010 3
5914 6014 5921 3 5514 5491 5497 3 5467 5497
5491 3 5609 5514 5603 3 5603 5514 5509 3
5681 5609 5626 3 5626 5703 5681 3 5549 5529
5533 3 5505 5533 5529 3 5659 5549 5653 3
5653 5549 5543 3 5477 5355 5467 3 5467 5355
5345 3 5533 5477 5491 3 5491 5543 5533 3
5511 5407 5505 3 5505 5407 5396 3 5583 5511
5529 3 5529 5599 5583 3 5709 5607 5705 3
5705 5607 5599 3 6318 6292 6298 3 6271 6298
6292 3 6363 6335 6341 3 6310 6341 6335 3
6148 6127 6133 3 6103 6133 6127 3 6235 6148
6230 3 6230 6148 6144 3 6298 6235 6252 3
6252 6309 6298 3 6179 6155 6161 3 6140 6161
6155 3 6275 6179 6271 3 6271 6179 6174 3
6341 6275 6292 3 6292 6357 6341 3 6109 6011
6103 3 6103 6011 6006 3 6161 6109 6127 3
6127 6174 6161 3 6143 6062 6140 3 6140 6062
6053 3 6203 6143 6155 3 6155 6217 6203 3
6320 6222 6310 3 6310 6222 6217 3 6628 6597
6607 3 6576 6607 6597 3 6665 6643 6646 3
6620 6646 6643 3 6450 6433 6435 3 6410 6435
6433 3 6543 6450 6536 3 6536 6450 6448 3
6607 6543 6555 3 6555 6625 6607 3 6483 6460
6467 3 6441 6467 6460 3 6581 6483 6576 3
6576 6483 6480 3 6646 6581 6597 3 6597 6657
6646 3 6414 6318 6410 3 6410 6318 6309 3
6467 6414 6433 3 6433 6480 6467 3 6446 6363
6441 3 6441 6363 6357 3 6507 6446 6460 3
6460 6524 6507 3 6626 6524 6620 3 6524 6626
6531 3 5534 5515 5512 3 5498 5512 5515 3
5096 5028 5041 3 5041 5114 5096 3 5319 5289
5284 3 5242 5284 5289 3 5431 5319 5419 3
5419 5319 5309 3 5512 5431 5453 3 5453 5530
5512 3 5118 5104 5096 3 5087 5096 5104 3
5259 5118 5242 3 5242 5118 5114 3 5363 5259
5289 3 5289 5382 5363 3 5390 5371 5363 3
5351 5363 5371 3 5503 5390 5498 3 5498 5390
5382 3 5182 5092 5104 3 5104 5210 5182 3
6154 6141 6138 3 6126 6138 6141 3 5839 5774
5784 3 5784 5849 5839 3 5982 5961 5959 3
5929 5959 5961 3 6075 5982 6070 3 6070 5982
5977 3 6138 6075 6088 3 6088 6149 6138 3
5855 5842 5839 3 5826 5839 5842 3 5942 5855
5929 3 5929 5855 5849 3 6012 5942 5961 3
5961 6028 6012 3 6036 6016 6012 3 5998 6012
6016 3 6129 6036 6126 3 6126 6036 6028 3
5889 5832 5842 3 5842 5903 5889 3 5672 5650
5646 3 5622 5646 5650 3 5774 5672 5769 3
5769 5672 5664 3 5628 5534 5622 3 5622 5534
5530 3 5712 5628 5650 3 5650 5724 5712 3
5732 5716 5712 3 5694 5712 5716 3 5832 5732
5826 3 5826 5732 5724 3 5575 5503 5515 3
5515 5592 5575 3 6453 6438 6436 3 6420 6436
6438 3 6284 6259 6260 3 6233 6260 6259 3
6376 6284 6368 3 6368 6284 6276 3 6436 6376
6392 3 6392 6449 6436 3 6243 6154 6233 3
6233 6154 6149 3 6313 6243 6259 3 6259 6328
6313 3 6339 6316 6313 3 6295 6313 6316 3
6429 6339 6420 3 6420 6339 6328 3 6185 6129
6141 3 6141 6201 6185 3 6757 6737 6738 3
6717 6738 6737 3 6584 6558 6559 3 6537 6559
6558 3 6679 6584 6669 3 6669 6584 6578 3
6738 6679 6693 3 6693 6748 6738 3 6544 6453
6537 3 6537 6453 6449 3 6615 6544 6558 3
6558 6631 6615 3 6639 6617 6615 3 6596 6615
6617 3 6726 6639 6717 3 6717 6639 6631 3
6487 6429 6438 3 6438 6500 6487 3 6933 6904
6913 3 6877 6913 6904 3 6972 6942 6947 3
6922 6947 6942 3 6762 6733 6741 3 6713 6741
6733 3 6849 6762 6842 3 6842 6762 6754 3
6913 6849 6864 3 6864 6927 6913 3 6788 6767
6774 3 6744 6774 6767 3 6885 6788 6877 3
6877 6788 6782 3 6947 6885 6904 3 6904 6961
6947 3 6714 6628 6713 3 6713 6628 6625 3
6774 6714 6733 3 6733 6782 6774 3 6747 6665
6744 3 6744 6665 6657 3 6813 6747 6767 3
6767 6829 6813 3 6929 6834 6922 3 6922 6834
6829 3 7505 7582 7553 3 7632 7553 7582 3
7596 7655 7642 3 7694 7642 7655 3 7259 7194
7217 3 7217 7275 7259 3 7376 7346 7359 3
7322 7359 7346 3 7462 7376 7458 3 7458 7376
7374 3 7582 7462 7477 3 7477 7612 7582 3
7407 7377 7386 3 7363 7386 7377 3 7516 7407
7505 3 7505 7407 7402 3 7553 7655 7516 3
7655 7553 7674 3 7241 7217 7225 3 7189 7225
7217 3 7326 7241 7322 3 7322 7241 7237 3
7386 7326 7346 3 7346 7402 7386 3 7279 7253
7259 3 7233 7259 7253 3 7368 7279 7363 3
7363 7279 7275 3 7422 7368 7377 3 7377 7440
7422 3 7611 7440 7596 3 7440 7611 7446 3
7073 7037 7047 3 7012 7047 7037 3 7160 7073
7153 3 7153 7073 7070 3 7225 7160 7173 3
7173 7237 7225 3 7098 7078 7082 3 7057 7082
7078 3 7194 7098 7189 3 7189 7098 7096 3
7016 6933 7012 3 7012 6933 6927 3 7082 7016
7037 3 7037 7096 7082 3 7061 6972 7057 3
7057 6972 6961 3 7126 7061 7078 3 7078 7135
7126 3 7238 7144 7233 3 7233 7144 7135 3
7069 7041 7042 3 7017 7042 7041 3 6886 6859
6862 3 6840 6862 6859 3 6981 6886 6974 3
6974 6886 6875 3 7042 6981 6995 3 6995 7062
7042 3 6844 6757 6840 3 6840 6757 6748 3
6919 6844 6859 3 6859 6934 6919 3 6938 6921
6919 3 6897 6919 6921 3 7021 6938 7017 3
7017 6938 6934 3 6787 6726 6737 3 6737 6799
6787 3 7816 7797 7798 3 7758 7798 7797 3
7349 7286 7302 3 7302 7365 7349 3 7504 7464
7467 3 7448 7467 7464 3 7699 7504 7695 3
7695 7504 7484 3 7798 7699 7713 3 7713 7811
7798 3 7370 7345 7349 3 7323 7349 7345 3
7452 7370 7448 3 7448 7370 7365 3 7580 7452
7464 3 7464 7607 7580 3 7634 7570 7580 3
7519 7580 7570 3 7766 7634 7758 3 7758 7634
7607 3 7396 7327 7345 3 7345 7411 7396 3
7191 7166 7169 3 7147 7169 7166 3 7286 7191
7280 3 7280 7191 7182 3 7150 7069 7147 3
7147 7069 7062 3 7227 7150 7166 3 7166 7239
7227 3 7244 7226 7227 3 7205 7227 7226 3
7327 7244 7323 3 7323 7244 7239 3 7094 7021
7041 3 7041 7107 7094 3 7864 7766 7797 3
7797 7890 7864 3 7634 7864 7570 3 7864 7634
7766 3 7226 7327 7396 3 7327 7226 7244 3
6938 7094 6921 3 7094 6938 7021 3 6617 6726
6787 3 6726 6617 6639 3 6316 6429 6487 3
6429 6316 6339 3 6036 6185 6016 3 6185 6036
6129 3 5716 5832 5889 3 5832 5716 5732 3
5390 5575 5371 3 5575 5390 5503 3 7638 7446
7611 3 7446 7638 7453 3 6953 7131 7126 3
7126 6942 6953 3 6320 6236 6222 3 6236 6320
6329 3 6953 6929 6942 3 6929 6953 6937 3
6648 6626 6643 3 6626 6648 6636 3 7436 7446
7453 3 7446 7436 7422 3 7247 7144 7238 3
7144 7247 7151 3 7262 7436 7422 3 7422 7253
7262 3 4941 4925 4935 3 4935 4955 4941 3
6347 6320 6335 3 6320 6347 6329 3 7262 7238
7253 3 7238 7262 7247 3 5372 5219 5359 3
5219 5372 5238 3 7131 7144 7151 3 7144 7131
7126 3 5596 5607 5617 3 5607 5596 5583 3
6042 6014 6032 3 6014 6042 6025 3 6648 6824
6813 3 6813 6643 6648 3 6824 6834 6843 3
6834 6824 6813 3 4977 4935 4958 3 4935 4977
4955 3 5389 5359 5374 3 5359 5389 5372 3
6518 6335 6347 3 6335 6518 6507 3 6214 6222
6236 3 6222 6214 6203 3 6636 6531 6626 3
6531 6636 6539 3 5209 5219 5238 3 5219 5209
5185 3 6518 6531 6539 3 6531 6518 6507 3
6042 6214 6203 3 6203 6032 6042 3 6937 6834
6929 3 6834 6937 6843 3 5741 5709 5723 3
5709 5741 5721 3 6025 5921 6014 3 5921 6025
5928 3 5741 5911 5899 3 5899 5723 5741 3
5721 5607 5709 3 5607 5721 5617 3 7659 7611
7642 3 7611 7659 7638 3 5911 5921 5928 3
5921 5911 5899 3 5389 5596 5583 3 5583 5374
5389 3 5209 4958 5185 3 4958 5209 4977 3
5625 5643 5664 3 5664 5646 5625 3 7473 7661
7695 3 7695 7484 7473 3 5772 5769 5746 3
5769 5772 5784 3 5939 5956 5977 3 5977 5959
5939 3 6863 6955 6974 3 6974 6875 6863 3
5772 5939 5959 3 5959 5784 5772 3 6982 6974
6955 3 6974 6982 6995 3 7702 7695 7661 3
7695 7702 7713 3 5280 5400 5419 3 5419 5309
5280 3 6545 6561 6578 3 6578 6559 6545 3
6258 6350 6368 3 6368 6276 6258 3 5428 5625
5646 3 5646 5453 5428 3 5643 5746 5769 3
5769 5664 5643 3 5956 6052 6070 3 6070 5977
5956 3 5026 5249 5284 3 5284 5041 5026 3
6982 7156 7169 3 7169 6995 6982 3 5428 5419
5400 3 5419 5428 5453 3 6676 6669 6652 3
6669 6676 6693 3 6375 6368 6350 3 6368 6375
6392 3 7287 7456 7467 3 7467 7302 7287 3
6074 6070 6052 3 6070 6074 6088 3 6676 6847
6862 3 6862 6693 6676 3 7156 7170 7182 3
7182 7169 7156 3 6847 6863 6875 3 6875 6862
6847 3 7287 7280 7267 3 7280 7287 7302 3
7456 7473 7484 3 7484 7467 7456 3 6561 6652
6669 3 6669 6578 6561 3 5026 5024 4994 3
5024 5026 5041 3 6375 6545 6559 3 6559 6392
6375 3 6242 6258 6276 3 6276 6260 6242 3
7170 7267 7280 3 7280 7182 7170 3 6074 6242
6260 3 6260 6088 6074 3 5249 5280 5309 3
5309 5284 5249 3 5727 5710 5708 3 5685 5708
5710 3 5794 5775 5777 3 5750 5777 5775 3
5448 5357 5370 3 5370 5472 5448 3 5597 5576
5573 3 5550 5573 5576 3 5700 5597 5685 3
5685 5597 5590 3 5777 5700 5710 3 5710 5788
5777 3 5387 5370 5362 3 5352 5362 5370 3
5502 5387 5495 3 5495 5387 5376 3 5573 5502
5513 3 5513 5590 5573 3 5479 5447 5448 3
5417 5448 5447 3 5557 5479 5550 3 5550 5479
5472 3 5635 5557 5576 3 5576 5655 5635 3
5662 5636 5635 3 5608 5635 5636 3 5758 5662
5750 3 5750 5662 5655 3 5616 5520 5608 3
5520 5616 5526 3 5506 5426 5447 3 5447 5520
5506 3 6322 6303 6300 3 6287 6300 6303 3
6383 6358 6360 3 6336 6360 6358 3 6071 5996
6007 3 6007 6082 6071 3 6196 6177 6176 3
6159 6176 6177 3 6293 6196 6287 3 6287 6196
6187 3 6360 6293 6303 3 6303 6378 6360 3
6021 6007 6003 3 5991 6003 6007 3 6122 6021
6110 3 6110 6021 6015 3 6176 6122 6132 3
6132 6187 6176 3 6087 6066 6071 3 6039 6071
6066 3 6162 6087 6159 3 6159 6087 6082 3
6228 6162 6177 3 6177 6246 6228 3 6251 6225
6228 3 6204 6228 6225 3 6344 6246 6336 3
6246 6344 6251 3 6213 6135 6204 3 6204 6135
6130 3 6121 6051 6066 3 6066 6130 6121 3
5900 5878 5876 3 5863 5876 5878 3 5996 5900
5991 3 5991 5900 5896 3 5825 5727 5817 3
5817 5727 5720 3 5876 5825 5834 3 5834 5896
5876 3 5867 5794 5863 3 5863 5794 5788 3
5931 5867 5878 3 5878 5952 5931 3 6051 5960
6039 3 6039 5960 5952 3 5917 5835 5912 3
5835 5917 5840 3 5829 5758 5775 3 5775 5835
5829 3 6616 6599 6595 3 6579 6595 6599 3
6675 6647 6650 3 6629 6650 6647 3 6488 6473
6474 3 6451 6474 6473 3 6586 6488 6579 3
6579 6488 6484 3 6650 6586 6599 3 6599 6668
6650 3 6413 6322 6404 3 6404 6322 6312 3
6474 6413 6426 3 6426 6484 6474 3 6459 6383
6451 3 6451 6383 6378 3 6522 6459 6473 3
6473 6535 6522 3 6540 6520 6522 3 6492 6522
6520 3 6633 6540 6629 3 6629 6540 6535 3
6503 6422 6492 3 6422 6503 6428 3 6411 6344
6358 3 6358 6422 6411 3 6917 6895 6891 3
6869 6891 6895 3 6970 6941 6948 3 6925 6948
6941 3 6786 6771 6772 3 6745 6772 6771 3
6878 6786 6869 3 6869 6786 6780 3 6948 6878
6895 3 6895 6959 6948 3 6705 6616 6703 3
6703 6616 6611 3 6772 6705 6718 3 6718 6780
6772 3 6753 6675 6745 3 6745 6675 6668 3
6819 6753 6771 3 6771 6830 6819 3 6835 6816
6819 3 6790 6819 6816 3 6928 6830 6925 3
6830 6928 6835 3 6792 6716 6790 3 6790 6716
6712 3 6702 6633 6647 3 6647 6712 6702 3
5840 5828 5829 3 5803 5829 5828 3 5552 5496
5507 3 5507 5569 5552 3 5717 5690 5699 3
5671 5699 5690 3 5812 5717 5803 3 5803 5717
5711 3 5862 5812 5828 3 5828 5873 5862 3
5526 5507 5506 3 5492 5506 5507 3 5699 5616
5636 3 5636 5711 5699 3 5678 5574 5671 3
5671 5574 5569 3 6428 6407 6411 3 6389 6411
6407 3 6153 6102 6118 3 6118 6165 6153 3
6301 6280 6286 3 6256 6286 6280 3 6395 6301
6389 3 6389 6301 6296 3 6447 6395 6407 3
6407 6458 6447 3 6135 6118 6121 3 6097 6121
6118 3 6286 6213 6225 3 6225 6296 6286 3
6266 6170 6256 3 6256 6170 6165 3 5960 5930
5931 3 5912 5931 5930 3 6009 5988 5992 3
5970 5992 5988 3 6102 6009 6097 3 6097 6009
6001 3 5992 5917 5930 3 5930 6001 5992 3
5974 5874 5970 3 5970 5874 5873 3 6716 6700
6702 3 6683 6702 6700 3 6592 6566 6573 3
6546 6573 6566 3 6687 6592 6683 3 6683 6592
6590 3 6736 6687 6700 3 6700 6751 6736 3
6573 6503 6520 3 6520 6590 6573 3 6553 6465
6546 3 6546 6465 6458 3 7009 6994 6997 3
6973 6997 6994 3 6997 6928 6941 3 6941 7005
6997 3 6887 6855 6865 3 6836 6865 6855 3
6980 6887 6973 3 6973 6887 6879 3 7035 6980
6994 3 6994 7051 7035 3 6865 6792 6816 3
6816 6879 6865 3 6841 6756 6836 3 6836 6756
6751 3 7222 7201 7200 3 7174 7200 7201 3
7271 7245 7250 3 7228 7250 7245 3 7090 7075
7077 3 7052 7077 7075 3 7178 7090 7174 3
7174 7090 7084 3 7250 7178 7201 3 7201 7264
7250 3 7002 6917 6999 3 6999 6917 6909 3
7077 7002 7014 3 7014 7084 7077 3 7060 6959
7052 3 6959 7060 6970 3 7119 7060 7075 3
7075 7132 7119 3 7137 7115 7119 3 7093 7119
7115 3 7232 7137 7228 3 7228 7137 7132 3
7097 7005 7093 3 7005 7097 7009 3 8017 7997
7998 3 7944 7998 7997 3 8102 8043 8050 3
8019 8050 8043 3 7630 7474 7493 3 7493 7650
7630 3 7853 7812 7815 3 7792 7815 7812 3
7968 7853 7944 3 7944 7853 7831 3 8050 7968
7997 3 7997 8079 8050 3 7555 7493 7498 3
7466 7498 7493 3 7718 7555 7709 3 7709 7555
7526 3 7815 7718 7740 3 7740 7831 7815 3
7658 7609 7630 3 7562 7630 7609 3 7799 7658
7792 3 7792 7658 7650 3 7889 7799 7812 3
7812 7898 7889 3 7909 7875 7889 3 7848 7889
7875 3 8021 7898 8019 3 7898 8021 7909 3
7858 7729 7848 3 7848 7729 7716 3 7704 7579
7609 3 7609 7716 7704 3 7387 7371 7372 3
7350 7372 7371 3 7474 7382 7466 3 7382 7474
7387 3 7308 7222 7303 3 7303 7222 7218 3
7372 7308 7316 3 7316 7382 7372 3 7354 7271
7350 3 7350 7271 7264 3 7414 7354 7371 3
7371 7426 7414 3 7579 7431 7562 3 7562 7431
7426 3 7392 7309 7388 3 7309 7392 7312 3
7296 7232 7245 3 7245 7309 7296 3 8117 8021
8043 3 8043 8129 8117 3 7312 7294 7296 3
7274 7296 7294 3 7181 7157 7163 3 7136 7163
7157 3 7277 7181 7274 3 7274 7181 7177 3
7329 7277 7294 3 7294 7347 7329 3 7163 7097
7115 3 7115 7177 7163 3 7143 7058 7136 3
7136 7058 7051 3 8137 8113 8117 3 8101 8117
8113 3 7757 7662 7697 3 7697 7789 7757 3
7957 7922 7929 3 7899 7929 7922 3 8103 7957
8101 3 8101 7957 7943 3 8175 8103 8113 3
8113 8191 8175 3 7729 7697 7704 3 7656 7704
7697 3 7929 7858 7875 3 7875 7943 7929 3
7908 7791 7899 3 7899 7791 7789 3 7431 7409
7414 3 7388 7414 7409 3 7475 7449 7454 3
7429 7454 7449 3 7662 7475 7656 3 7656 7475
7468 3 7454 7392 7409 3 7409 7468 7454 3
7434 7347 7429 3 7347 7434 7353 3 7944 7740
7998 3 7740 7944 7831 3 7498 7382 7316 3
7382 7498 7466 3 7200 7084 7014 3 7084 7200
7174 3 6869 6718 6891 3 6718 6869 6780 3
6579 6426 6595 3 6426 6579 6484 3 6287 6132
6300 3 6132 6287 6187 3 6003 5896 5834 3
5896 6003 5991 3 5685 5513 5708 3 5513 5685
5590 3 5937 5898 5916 3 5875 5916 5898 3
5641 5600 5619 3 5577 5619 5600 3 5740 5641
5733 3 5733 5641 5639 3 5790 5740 5760 3
5760 5807 5790 3 5810 5773 5790 3 5751 5790
5773 3 5877 5810 5875 3 5875 5810 5807 3
5754 5656 5751 3 5656 5754 5658 3 5637 5578
5600 3 5600 5656 5637 3 6514 6478 6491 3
6461 6491 6478 3 6224 6184 6206 3 6167 6206
6184 3 6315 6224 6311 3 6311 6224 6221 3
6369 6315 6332 3 6332 6386 6369 3 6387 6346
6369 3 6324 6369 6346 3 6463 6386 6461 3
6386 6463 6387 3 6326 6234 6324 3 6234 6326
6237 3 6218 6169 6184 3 6184 6234 6218 3
6022 5937 6020 3 6020 5937 5932 3 6081 6022
6041 3 6041 6094 6081 3 6169 6095 6167 3
6167 6095 6094 3 6037 5947 6034 3 5947 6037
5948 3 5927 5877 5898 3 5898 5947 5927 3
6800 6770 6783 3 6749 6783 6770 3 6605 6514
6602 3 6602 6514 6512 3 6653 6605 6624 3
6624 6671 6653 3 6674 6632 6653 3 6612 6653
6632 3 6750 6674 6749 3 6749 6674 6671 3
6614 6526 6612 3 6526 6614 6528 3 6508 6463
6478 3 6478 6526 6508 3 7102 7071 7086 3
7048 7086 7071 3 6896 6800 6890 3 6890 6800
6797 3 6945 6896 6914 3 6914 6957 6945 3
6960 6923 6945 3 6906 6945 6923 3 7046 6957
7048 3 6957 7046 6960 3 6908 6818 6906 3
6906 6818 6814 3 6791 6750 6770 3 6770 6814
6791 3 5948 5909 5927 3 5894 5927 5909 3
5957 5904 5936 3 5887 5936 5904 3 5642 5594
5613 3 5613 5666 5642 3 5822 5780 5799 3
5764 5799 5780 3 5895 5822 5894 3 5894 5822
5820 3 5936 5895 5909 3 5909 5958 5936 3
5658 5613 5637 3 5593 5637 5613 3 5799 5754
5773 3 5773 5820 5799 3 5665 5606 5642 3
5587 5642 5606 3 5763 5665 5764 3 5764 5665
5666 3 5795 5763 5780 3 5780 5816 5795 3
5813 5767 5795 3 5743 5795 5767 3 5883 5813
5887 3 5887 5813 5816 3 5624 5584 5606 3
5606 5649 5624 3 6528 6485 6508 3 6471 6508
6485 3 6534 6482 6513 3 6468 6513 6482 3
6223 6181 6199 3 6199 6245 6223 3 6399 6349
6380 3 6334 6380 6349 3 6472 6399 6471 3
6471 6399 6398 3 6513 6472 6485 3 6485 6533
6513 3 6237 6199 6218 3 6180 6218 6199 3
6380 6326 6346 3 6346 6398 6380 3 6244 6191
6223 3 6175 6223 6191 3 6330 6244 6334 3
6334 6244 6245 3 6372 6330 6349 3 6349 6394
6372 3 6390 6337 6372 3 6319 6372 6337 3
6466 6390 6468 3 6468 6390 6394 3 6211 6173
6191 3 6191 6229 6211 3 6095 6061 6081 3
6034 6081 6061 3 6106 6065 6090 3 6044 6090
6065 3 6181 6106 6180 3 6180 6106 6105 3
6090 6037 6061 3 6061 6105 6090 3 6043 5957
6044 3 6044 5957 5958 3 6085 6043 6065 3
6065 6101 6085 3 6099 6050 6085 3 6027 6085
6050 3 6173 6099 6175 3 6175 6099 6101 3
5920 5883 5904 3 5904 5941 5920 3 6818 6777
6791 3 6763 6791 6777 3 6822 6775 6798 3
6759 6798 6775 3 6689 6642 6666 3 6623 6666
6642 3 6765 6689 6763 3 6763 6689 6688 3
6798 6765 6777 3 6777 6823 6798 3 6666 6614
6632 3 6632 6688 6666 3 6622 6534 6623 3
6623 6534 6533 3 6659 6622 6642 3 6642 6682
6659 3 6677 6627 6659 3 6609 6659 6627 3
6755 6677 6759 3 6759 6677 6682 3 6495 6466
6482 3 6482 6517 6495 3 7110 7080 7095 3
7063 7095 7080 3 7117 7076 7101 3 7056 7101
7076 3 7095 7046 7071 3 7071 7111 7095 3
6976 6930 6954 3 6912 6954 6930 3 7064 6976
7063 3 7063 6976 6975 3 7101 7064 7080 3
7080 7118 7101 3 6954 6908 6923 3 6923 6975
6954 3 6911 6822 6912 3 6912 6822 6823 3
6949 6911 6930 3 6930 6967 6949 3 6964 6918
6949 3 6901 6949 6918 3 7054 6964 7056 3
7056 6964 6967 3 6789 6755 6775 3 6775 6807
6789 3 7397 7361 7379 3 7340 7379 7361 3
7193 7102 7190 3 7190 7102 7099 3 7242 7193
7215 3 7215 7260 7242 3 7261 7224 7242 3
7206 7242 7224 3 7341 7261 7340 3 7340 7261
7260 3 7208 7111 7206 3 7111 7208 7110 3
8258 8207 8235 3 8181 8235 8207 3 7857 7802
7819 3 7768 7819 7802 3 7979 7857 7973 3
7973 7857 7855 3 8036 7979 8002 3 8002 8052
8036 3 8053 8011 8036 3 7984 8036 8011 3
8182 8052 8181 3 8052 8182 8053 3 7987 7865
7984 3 7865 7987 7867 3 7834 7769 7802 3
7802 7865 7834 3 7480 7397 7478 3 7478 7397
7394 3 7594 7480 7517 3 7517 7636 7594 3
7769 7639 7768 3 7768 7639 7636 3 7499 7403
7490 3 7403 7499 7405 3 7389 7341 7361 3
7361 7403 7389 3 8254 8182 8207 3 8207 8262
8254 3 7405 7373 7389 3 7355 7389 7373 3
7410 7367 7393 3 7351 7393 7367 3 7273 7230
7255 3 7213 7255 7230 3 7356 7272 7355 3
7272 7356 7273 3 7393 7356 7373 3 7373 7412
7393 3 7255 7208 7224 3 7224 7272 7255 3
7212 7117 7213 3 7213 7117 7118 3 7248 7212
7230 3 7230 7266 7248 3 7263 7220 7248 3
7199 7248 7220 3 7348 7263 7351 3 7351 7263
7266 3 7088 7054 7076 3 7076 7106 7088 3
8263 8224 8254 3 8198 8254 8224 3 8273 8217
8255 3 8185 8255 8217 3 7854 7796 7810 3
7810 7870 7854 3 8065 8015 8045 3 8000 8045
8015 3 8199 8065 8198 3 8198 8065 8064 3
8255 8199 8224 3 8224 8272 8255 3 7867 7810
7834 3 7794 7834 7810 3 8045 7987 8011 3
8011 8064 8045 3 7868 7806 7854 3 7788 7854
7806 3 7999 7868 8000 3 8000 7868 7870 3
8041 7999 8015 3 8015 8056 8041 3 8055 8008
8041 3 7982 8041 8008 3 8184 8055 8185 3
8185 8055 8056 3 7824 7776 7806 3 7806 7860
7824 3 7639 7548 7594 3 7490 7594 7548 3
7653 7559 7620 3 7515 7620 7559 3 7796 7653
7794 3 7794 7653 7652 3 7620 7499 7548 3
7548 7652 7620 3 7513 7412 7515 3 7412 7513
7410 3 7600 7513 7559 3 7559 7645 7600 3
7643 7520 7600 3 7482 7600 7520 3 7776 7643
7788 3 7788 7643 7645 3 7381 7348 7367 3
7367 7399 7381 3 8248 8184 8217 3 8217 8260
8248 3 8055 8248 8008 3 8248 8055 8184 3
7520 7776 7824 3 7776 7520 7643 3 7263 7381
7220 3 7381 7263 7348 3 6918 7054 7088 3
7054 6918 6964 3 6627 6755 6789 3 6755 6627
6677 3 6390 6495 6337 3 6495 6390 6466 3
6099 6211 6050 3 6211 6099 6173 3 5813 5920
5767 3 5920 5813 5883 3 5547 5484 5535 3
5469 5535 5484 3 5493 5402 5482 3 5383 5482
5402 3 5062 5043 5064 3 5064 5086 5062 3
5412 5330 5395 3 5304 5395 5330 3 5535 5518
5538 3 5538 5553 5535 3 5339 5224 5324 3
5203 5324 5224 3 5455 5339 5469 3 5469 5339
5347 3 5482 5455 5484 3 5484 5499 5482 3
5132 5064 5121 3 5053 5121 5064 3 5294 5132
5304 3 5304 5132 5147 3 5324 5294 5330 3
5330 5347 5324 3 5074 5000 5062 3 4969 5062
5000 3 5188 5074 5203 3 5203 5074 5086 3
5216 5188 5224 3 5224 5254 5216 3 5239 5125
5216 3 5117 5216 5125 3 5373 5239 5383 3
5383 5239 5254 3 5112 5027 5117 3 5027 5112
5018 3 4995 4959 5000 3 5000 5027 4995 3
6166 6108 6156 3 6093 6156 6108 3 6125 6055
6107 3 6035 6107 6055 3 5804 5785 5806 3
5806 5830 5804 3 6058 5984 6038 3 5971 6038
5984 3 6156 6142 6157 3 6157 6171 6156 3
5994 5918 5981 3 5907 5981 5918 3 6086 5994
6093 3 6093 5994 5999 3 6107 6086 6108 3
6108 6128 6107 3 5864 5806 5856 3 5791 5856
5806 3 5964 5864 5971 3 5971 5864 5870 3
5981 5964 5984 3 5984 5999 5981 3 5823 5748
5804 3 5728 5804 5748 3 5897 5823 5907 3
5907 5823 5830 3 5919 5897 5918 3 5918 5944
5919 3 5934 5865 5919 3 5857 5919 5865 3
6029 5944 6035 3 5944 6029 5934 3 5850 5771
5857 3 5857 5771 5776 3 5749 5722 5748 3
5748 5776 5749 3 5756 5675 5738 3 5661 5738
5675 3 5856 5844 5859 3 5859 5870 5856 3
5683 5604 5673 3 5589 5673 5604 3 5785 5693
5791 3 5693 5785 5683 3 5652 5547 5661 3
5661 5547 5553 3 5673 5652 5675 3 5675 5693
5673 3 5580 5493 5589 3 5589 5493 5499 3
5605 5580 5604 3 5604 5627 5605 3 5722 5620
5728 3 5728 5620 5627 3 5525 5432 5532 3
5432 5525 5420 3 5404 5373 5402 3 5402 5432
5404 3 6469 6408 6452 3 6397 6452 6408 3
6423 6355 6409 3 6342 6409 6355 3 6351 6285
6340 3 6267 6340 6285 3 6452 6440 6455 3
6455 6475 6452 3 6294 6219 6283 3 6205 6283
6219 3 6388 6294 6397 3 6397 6294 6299 3
6409 6388 6408 3 6408 6430 6409 3 6262 6166
6267 3 6267 6166 6171 3 6283 6262 6285 3
6285 6299 6283 3 6200 6125 6205 3 6205 6125
6128 3 6220 6200 6219 3 6219 6247 6220 3
6239 6168 6220 3 6158 6220 6168 3 6333 6239
6342 3 6342 6239 6247 3 6152 6080 6158 3
6080 6152 6073 3 6059 6029 6055 3 6055 6080
6059 3 6773 6708 6760 3 6697 6760 6708 3
6719 6656 6710 3 6645 6710 6656 3 6651 6583
6640 3 6568 6640 6583 3 6760 6735 6758 3
6758 6776 6760 3 6594 6525 6582 3 6509 6582
6525 3 6694 6594 6697 3 6697 6594 6600 3
6710 6694 6708 3 6708 6727 6710 3 6557 6469
6568 3 6568 6469 6475 3 6582 6557 6583 3
6583 6600 6582 3 6501 6423 6509 3 6509 6423
6430 3 6530 6501 6525 3 6525 6550 6530 3
6542 6477 6530 3 6464 6530 6477 3 6638 6550
6645 3 6550 6638 6542 3 6457 6379 6464 3
6464 6379 6382 3 6359 6333 6355 3 6355 6382
6359 3 5420 5342 5404 3 5323 5404 5342 3
4895 4778 4875 3 4875 4940 4895 3 5312 5155
5323 3 5323 5155 5164 3 5018 4875 4995 3
4803 4995 4875 3 5126 5112 5125 3 5125 5164
5126 3 5063 4936 5066 3 5066 4936 4940 3
6073 6000 6059 3 5990 6059 6000 3 5983 5882
5990 3 5990 5882 5890 3 5771 5691 5749 3
5677 5749 5691 3 5869 5850 5865 3 5865 5890
5869 3 5815 5715 5819 3 5819 5715 5719 3
5620 5542 5605 3 5532 5605 5542 3 5670 5568
5677 3 5568 5670 5562 3 5544 5525 5542 3
5542 5568 5544 3 5486 5361 5490 3 5490 5361
5364 3 6379 6305 6359 3 6291 6359 6305 3
6288 6186 6291 3 6291 6186 6194 3 6172 6152
6168 3 6168 6194 6172 3 6120 6018 6124 3
6124 6018 6023 3 6681 6610 6660 3 6593 6660
6610 3 6660 6638 6656 3 6656 6690 6660 3
6591 6490 6593 3 6593 6490 6493 3 6479 6457
6477 3 6477 6493 6479 3 6421 6327 6427 3
6427 6327 6331 3 7081 7006 7068 3 6998 7068
7006 3 7020 6958 7007 3 6946 7007 6958 3
6952 6882 6936 3 6866 6936 6882 3 7068 7040
7067 3 7067 7083 7068 3 6899 6828 6884 3
6811 6884 6828 3 6993 6899 6998 3 6998 6899
6907 3 7007 6993 7006 3 7006 7030 7007 3
6857 6773 6866 3 6866 6773 6776 3 6884 6857
6882 3 6882 6907 6884 3 6802 6719 6811 3
6811 6719 6727 3 6831 6802 6828 3 6828 6850
6831 3 6845 6779 6831 3 6768 6831 6779 3
6940 6845 6946 3 6946 6845 6850 3 6764 6690
6768 3 6690 6764 6681 3 7830 7739 7814 3
7717 7814 7739 3 7767 7669 7744 3 7646 7744
7669 3 7315 7299 7314 3 7314 7330 7315 3
7648 7486 7625 3 7470 7625 7486 3 7814 7793
7813 3 7813 7850 7814 3 7522 7437 7489 3
7421 7489 7437 3 7710 7522 7717 3 7717 7522
7552 3 7744 7710 7739 3 7739 7775 7744 3
7378 7314 7369 3 7305 7369 7314 3 7463 7378
7470 3 7470 7378 7383 3 7489 7463 7486 3
7486 7552 7489 3 7328 7270 7315 3 7257 7315
7270 3 7418 7328 7421 3 7421 7328 7330 3
7441 7418 7437 3 7437 7461 7441 3 7455 7391
7441 3 7380 7441 7391 3 7641 7461 7646 3
7461 7641 7455 3 7375 7293 7380 3 7380 7293
7297 3 7276 7249 7270 3 7270 7297 7276 3
7258 7187 7243 3 7171 7243 7187 3 7369 7342
7366 3 7366 7383 7369 3 7210 7134 7188 3
7121 7188 7134 3 7299 7216 7305 3 7216 7299
7210 3 7164 7081 7171 3 7171 7081 7083 3
7188 7164 7187 3 7187 7216 7188 3 7114 7020
7121 3 7121 7020 7030 3 7139 7114 7134 3
7134 7159 7139 3 7249 7154 7257 3 7257 7154
7159 3 7074 6990 7079 3 6990 7074 6983 3
6965 6940 6958 3 6958 6990 6965 3 7689 7641
7669 3 7669 7711 7689 3 6983 6916 6965 3
6903 6965 6916 3 6892 6795 6903 3 6903 6795
6801 3 6781 6764 6779 3 6779 6801 6781 3
6724 6634 6730 3 6730 6634 6641 3 7706 7583
7689 3 7554 7689 7583 3 7534 7415 7554 3
7554 7415 7419 3 7293 7229 7276 3 7214 7276
7229 3 7400 7375 7391 3 7391 7419 7400 3
7331 7251 7338 3 7338 7251 7256 3 7154 7087
7139 3 7079 7139 7087 3 7209 7108 7214 3
7214 7108 7113 3 7092 7074 7087 3 7087 7113
7092 3 7024 6939 7031 3 7031 6939 6943 3
5282 5184 5243 3 5157 5243 5184 3 5245 5172
5225 3 5138 5225 5172 3 4673 4555 4605 3
4605 4737 4673 3 5060 4991 5039 3 4965 5039
4991 3 5151 5060 5157 3 5157 5060 5061 3
5225 5151 5184 3 5184 5250 5225 3 4757 4605
4734 3 4556 4734 4605 3 4985 4757 4996 3
4996 4757 4760 3 5039 4985 5021 3 5021 5061
5039 3 4733 4568 4673 3 4549 4673 4568 3
4960 4733 4965 3 4965 4733 4737 3 5033 4960
4991 3 4991 5050 5033 3 5051 4988 5033 3
4962 5033 4988 3 5139 5051 5138 3 5138 5051
5050 3 4964 4735 4962 3 4735 4964 4736 3
4671 4550 4568 3 4568 4735 4671 3 5972 5908
5949 3 5891 5949 5908 3 5951 5901 5926 3
5880 5926 5901 3 5612 5563 5588 3 5588 5633
5612 3 5811 5761 5793 3 5739 5793 5761 3
5888 5811 5891 3 5891 5811 5814 3 5926 5888
5908 3 5908 5954 5926 3 5654 5588 5629 3
5565 5629 5588 3 5757 5654 5762 3 5762 5654
5657 3 5793 5757 5778 3 5778 5814 5793 3
5630 5579 5612 3 5556 5612 5579 3 5735 5630
5739 3 5739 5630 5633 3 5787 5735 5761 3
5761 5801 5787 3 5802 5759 5787 3 5737 5787
5759 3 5881 5801 5880 3 5801 5881 5802 3
5736 5631 5737 3 5631 5736 5632 3 5610 5558
5579 3 5579 5631 5610 3 5480 5409 5454 3
5380 5454 5409 3 5563 5480 5565 3 5565 5480
5481 3 5403 5282 5410 3 5410 5282 5288 3
5454 5403 5427 3 5427 5481 5454 3 5377 5250
5380 3 5250 5377 5245 3 5439 5377 5409 3
5409 5473 5439 3 5558 5474 5556 3 5556 5474
5473 3 5379 5248 5378 3 5248 5379 5244 3
5218 5139 5172 3 5172 5248 5218 3 6278 6215
6257 3 6198 6257 6215 3 6261 6207 6240 3
6188 6240 6207 3 6119 6069 6100 3 6049 6100
6069 3 6195 6119 6198 3 6198 6119 6123 3
6240 6195 6215 3 6215 6264 6240 3 6064 5972
6068 3 6068 5972 5976 3 6100 6064 6083 3
6083 6123 6100 3 6045 5951 6049 3 6049 5951
5954 3 6092 6045 6069 3 6069 6111 6092 3
6113 6067 6092 3 6046 6092 6067 3 6190 6111
6188 3 6111 6190 6113 3 6048 5953 6046 3
5953 6048 5950 3 5925 5881 5901 3 5901 5953
5925 3 6585 6529 6565 3 6505 6565 6529 3
6567 6516 6551 3 6498 6551 6516 3 6424 6377
6406 3 6356 6406 6377 3 6506 6424 6505 3
6505 6424 6425 3 6551 6506 6529 3 6529 6571
6551 3 6371 6278 6373 3 6373 6278 6281 3
6406 6371 6393 3 6393 6425 6406 3 6352 6261
6356 3 6356 6261 6264 3 6400 6352 6377 3
6377 6415 6400 3 6416 6374 6400 3 6353 6400
6374 3 6494 6415 6498 3 6415 6494 6416 3
6354 6265 6353 3 6353 6265 6263 3 6241 6190
6207 3 6207 6263 6241 3 5244 5174 5218 3
5141 5218 5174 3 4714 4553 4582 3 4582 4743
4714 3 5054 5012 5034 3 4974 5034 5012 3
5144 5054 5141 3 5141 5054 5052 3 5237 5144
5174 3 5174 5262 5237 3 4736 4582 4671 3
4552 4671 4582 3 5034 4964 4988 3 4988 5052
5034 3 4976 4744 4974 3 4974 4744 4743 3
5950 5905 5925 3 5884 5925 5905 3 5621 5561
5582 3 5582 5640 5621 3 5809 5770 5789 3
5744 5789 5770 3 5885 5809 5884 3 5884 5809
5805 3 5940 5885 5905 3 5905 5962 5940 3
5632 5582 5610 3 5559 5610 5582 3 5789 5736
5759 3 5759 5805 5789 3 5747 5644 5744 3
5744 5644 5640 3 5474 5408 5439 3 5378 5439
5408 3 5478 5413 5442 3 5388 5442 5413 3
5561 5478 5559 3 5559 5478 5476 3 5442 5379
5408 3 5408 5476 5442 3 5391 5269 5388 3
5388 5269 5262 3 6265 6210 6241 3 6192 6241
6210 3 6115 6076 6096 3 6057 6096 6076 3
6193 6115 6192 3 6192 6115 6114 3 6248 6193
6210 3 6210 6268 6248 3 6096 6048 6067 3
6067 6114 6096 3 6060 5967 6057 3 6057 5967
5962 3 6569 6519 6549 3 6496 6549 6519 3
6549 6494 6516 3 6516 6572 6549 3 6418 6385
6403 3 6364 6403 6385 3 6502 6418 6496 3
6496 6418 6417 3 6554 6502 6519 3 6519 6574
6554 3 6403 6354 6374 3 6374 6417 6403 3
6365 6270 6364 3 6364 6270 6268 3 6888 6832
6868 3 6817 6868 6832 3 6872 6826 6854 3
6805 6854 6826 3 6728 6686 6711 3 6664 6711
6686 3 6812 6728 6817 3 6817 6728 6731 3
6854 6812 6832 3 6832 6874 6854 3 6680 6585
6684 3 6684 6585 6588 3 6711 6680 6698 3
6698 6731 6711 3 6661 6567 6664 3 6664 6567
6571 3 6704 6661 6686 3 6686 6721 6704 3
6722 6685 6704 3 6662 6704 6685 3 6806 6722
6805 3 6805 6722 6721 3 6663 6572 6662 3
6572 6663 6569 3 7521 7450 7485 3 7432 7485
7450 3 7492 7442 7471 3 7423 7471 7442 3
7167 7128 7146 3 7146 7186 7167 3 7343 7301
7324 3 7284 7324 7301 3 7430 7343 7432 3
7432 7343 7344 3 7471 7430 7450 3 7450 7494
7471 3 7203 7146 7179 3 7130 7179 7146 3
7295 7203 7298 3 7298 7203 7207 3 7324 7295
7311 3 7311 7344 7324 3 7183 7138 7167 3
7122 7167 7138 3 7281 7186 7284 3 7186 7281
7183 3 7318 7281 7301 3 7301 7333 7318 3
7334 7300 7318 3 7283 7318 7300 3 7425 7333
7423 3 7333 7425 7334 3 7282 7184 7283 3
7184 7282 7185 3 7165 7123 7138 3 7138 7184
7165 3 7032 6989 7013 3 6971 7013 6989 3
7128 7032 7130 3 7130 7032 7034 3 6984 6888
6985 3 6985 6888 6889 3 7013 6984 7001 3
7001 7034 7013 3 6966 6872 6971 3 6971 6872
6874 3 7008 6966 6989 3 6989 7023 7008 3
7123 7025 7122 3 7122 7025 7023 3 6969 6873
6968 3 6873 6969 6871 3 6853 6806 6826 3
6826 6873 6853 3 7469 7425 7442 3 7442 7495
7469 3 6871 6827 6853 3 6808 6853 6827 3
6725 6692 6707 3 6670 6707 6692 3 6809 6725
6808 3 6808 6725 6723 3 6861 6809 6827 3
6827 6880 6861 3 6707 6663 6685 3 6685 6723
6707 3 6672 6577 6670 3 6670 6577 6574 3
7491 7444 7469 3 7427 7469 7444 3 7172 7127
7141 3 7141 7192 7172 3 7337 7307 7319 3
7288 7319 7307 3 7428 7337 7427 3 7427 7337
7336 3 7476 7428 7444 3 7444 7514 7476 3
7185 7141 7165 3 7125 7165 7141 3 7319 7282
7300 3 7300 7336 7319 3 7290 7195 7288 3
7288 7195 7192 3 7025 6988 7008 3 6968 7008
6988 3 7029 6996 7010 3 6978 7010 6996 3
7127 7029 7125 3 7125 7029 7027 3 7010 6969
6988 3 6988 7027 7010 3 6979 6883 6978 3
6978 6883 6880 3 7432 7311 7485 3 7311 7432
7344 3 7179 7034 7001 3 7034 7179 7130 3
6868 6731 6698 3 6731 6868 6817 3 6505 6393
6565 3 6393 6505 6425 3 6198 6083 6257 3
6083 6198 6123 3 5891 5778 5949 3 5778 5891
5814 3 5629 5481 5427 3 5481 5629 5565 3
5157 5021 5243 3 5021 5157 5061 3 5892 5871
5886 3 5886 5987 5892 3 5987 5886 5980 3
5987 5980 5997 3 6476 6456 6470 3 6470 6563
6476 3 6563 6470 6556 3 6563 6556 6580 3
7364 7339 7358 3 7358 7443 7364 3 7443 7358
7438 3 7443 7438 7457 3 5601 5575 5592 3
5592 5704 5601 3 5704 5592 5694 3 6209 6185
6201 3 6201 6302 6209 3 6302 6201 6295 3
7116 7094 7107 3 7107 7211 7116 3 7211 7107
7205 3 5938 5920 5941 3 5941 6026 5938 3
6026 5941 6027 3 6026 6027 6050 3 6515 6495
6517 3 6517 6608 6515 3 6608 6517 6609 3
6608 6609 6627 3 7859 7824 7860 3 7860 7980
7859 3 7980 7860 7982 3 7980 7982 8008 3
7398 7381 7399 3 7399 7481 7398 3 7481 7399
7482 3 7481 7482 7520 3 5756 5738 5768 3
5768 5844 5756 3 5844 5768 5848 3 5844 5848
5859 3 7258 7243 7265 3 7265 7342 7258 3
7342 7265 7352 3 7342 7352 7366 3 441 461
413 3 445 413 461 3 413 445 381 3
445 427 381 3 639 611 589 3 589 603
639 3 562 603 589 3 603 562 568 3
542 568 562 3 568 542 541 3 541 542
496 3 502 496 542 3 496 502 465 3
477 465 502 3 465 477 441 3 461 441
477 3 611 639 663 3 663 635 611 3
663 703 635 3 647 635 703 3 457 473
493 3 493 483 457 3 534 483 493 3
483 534 521 3 554 521 534 3 521 554
558 3 558 554 597 3 597 554 575 3
597 575 621 3 605 621 575 3 621 605
651 3 625 651 605 3 473 457 433 3
433 453 473 3 453 433 391 3 391 437
453 3 659 717 643 3 643 717 693 3
643 693 625 3 625 693 651 3 634 662
610 3 638 610 662 3 610 638 586 3
601 586 638 3 601 561 586 3 561 601
567 3 567 540 561 3 540 567 539 3
540 539 495 3 495 499 540 3 499 495
464 3 464 476 499 3 476 464 440 3
440 460 476 3 460 440 412 3 460 412
444 3 472 456 491 3 482 491 456 3
482 533 491 3 533 482 519 3 519 553
533 3 553 519 557 3 596 553 557 3
596 574 553 3 574 596 620 3 620 604
574 3 604 620 650 3 650 624 604 3
456 472 432 3 452 432 472 3 390 432
452 3 452 436 390 3 714 658 642 3
642 690 714 3 690 642 624 3 624 650
690 3 459 439 411 3 459 411 443 3
411 379 443 3 443 379 423 3 609 637
585 3 599 585 637 3 599 560 585 3
560 599 566 3 566 538 560 3 538 566
537 3 538 537 494 3 494 498 538 3
498 494 463 3 463 475 498 3 475 463
439 3 439 459 475 3 637 609 661 3
633 661 609 3 661 633 701 3 645 701
633 3 471 455 490 3 481 490 455 3
481 532 490 3 532 481 518 3 518 552
532 3 552 518 556 3 595 552 556 3
595 573 552 3 573 595 619 3 619 602
573 3 602 619 649 3 649 623 602 3
455 471 431 3 451 431 471 3 389 431
451 3 451 435 389 3 713 657 641 3
641 688 713 3 688 641 623 3 623 649
688 3 442 409 458 3 438 458 409 3
458 438 474 3 462 474 438 3 474 462
497 3 492 497 462 3 497 492 536 3
535 536 492 3 563 536 535 3 536 563
559 3 598 559 563 3 559 598 584 3
584 598 636 3 636 608 584 3 608 636
660 3 660 632 608 3 454 470 489 3
489 480 454 3 531 480 489 3 480 531
516 3 549 516 531 3 516 549 555 3
555 549 594 3 594 549 572 3 594 572
614 3 600 614 572 3 614 600 648 3
622 648 600 3 470 454 430 3 430 450
470 3 450 430 388 3 388 434 450 3
656 712 640 3 640 712 685 3 640 685
622 3 622 685 648 3 3994 4978 4989 3
4989 3998 3994 3 3998 4989 4997 3 4997 4005
3998 3 4005 4997 4986 3 4997 5464 4986 3
4986 3997 4005 3 5463 4986 5464 3 4922 3997
4986 3 4922 4986 5463 3 3997 4922 3960 3
5444 4922 5463 3 4922 3999 3960 3 5465 4922
5444 3 3999 4922 4987 3 4922 5465 4987 3
5466 4987 5465 3 4987 4006 3999 3 4987 5466
4998 3 4006 4987 4998 3 4006 4998 4990 3
4990 4000 4006 3 4978 3994 3989 3 3989 4967
4978 3 3943 4967 3989 3 4967 3943 4863 3
3925 4863 3943 3 4863 3925 4753 3 4753 5421
4863 3 5421 4753 5397 3 3975 4753 3925 3
4753 3975 4933 3 3981 4933 3975 3 4933 3981
4938 3 3985 4938 3981 3 4938 3985 4953 3
3991 4953 3985 3 4953 3991 4961 3 3987 4961
3991 3 4961 3987 4956 3 4956 5449 4961 3
5449 4956 5451 3 4000 4990 4980 3 4980 3995
4000 3 3995 4980 4968 3 4968 3990 3995 3
4864 3990 4968 3 3990 4864 3944 3 3982 4939
4954 3 4954 3986 3982 3 3986 4954 4963 3
4963 3992 3986 3 3992 4963 4957 3 4963 5450
4957 3 4957 3988 3992 3 5452 4957 5450 3
4928 3988 4957 3 4928 4957 5452 3 5438 4928
5452 3 5451 4928 5438 3 3988 4928 3961 3
4928 5451 4956 3 4956 3961 4928 3 3961 4956
3987 3 4939 3982 3976 3 3976 4934 4939 3
3926 4934 3976 3 4934 3926 4754 3 2063 3256
3229 3 3229 1968 2063 3 1968 3229 3138 3
3138 1610 1968 3 343 1968 1610 3 1610 330
343 3 3403 3257 3230 3 3230 3347 3403 3
3347 3230 3139 3 3139 3226 3347 3 3139 3215
3226 3 3640 3226 3215 3 3215 3634 3640 3
3215 3633 3634 3 3139 3269 3253 3 3128 3215
3139 3 3253 3128 3139 3 3215 3213 3633 3
3128 3213 3215 3 3633 3225 3639 3 3225 3633
3213 3 3128 3127 3213 3 3127 3225 3213 3
3253 3127 3128 3 3138 3225 3127 3 3229 3225
3138 3 3127 3149 3138 3 3225 3229 3346 3
3127 3252 3149 3 3252 3127 3253 3 3256 3346
3229 3 3346 3256 3402 3 3314 3252 3253 3
3314 3313 3252 3 2418 3403 3347 3 3347 2305
2418 3 2305 3347 3226 3 3226 1967 2305 3
385 2305 1967 3 1967 342 385 3 386 382
402 3 402 398 386 3 424 398 402 3
448 398 424 3 398 448 428 3 428 448
446 3 468 446 448 3 485 446 468 3
485 466 446 3 466 485 487 3 511 487
485 3 487 511 509 3 513 509 511 3
509 513 515 3 751 2456 2401 3 2401 722
751 3 722 2401 2457 3 2457 752 722 3
579 1722 1677 3 1677 571 579 3 571 1677
1271 3 1271 484 571 3 484 1271 1676 3
1676 570 484 3 1720 570 1676 3 570 1720
578 3 674 579 571 3 571 631 674 3
484 631 571 3 631 484 569 3 569 752
631 3 752 569 722 3 569 751 722 3
569 630 751 3 484 630 569 3 484 570
630 3 570 672 630 3 672 570 578 3
5311 5011 5300 3 5300 5011 4992 3 5300 4992
5301 3 5301 4992 4993 3 5159 4765 5158 3
5158 4765 4764 3 5158 4764 5168 3 5168 4764
4770 3 5168 4770 5236 3 5236 4770 4932 3
5236 4932 5311 3 5311 4932 5011 3 5301 4993
5228 3 5228 4993 4915 3 5228 4915 5159 3
5159 4915 4765 3 5342 5364 5346 3 5346 5312
5342 3 5085 5312 5346 3 5312 5085 5155 3
5155 5085 5126 3 5066 5126 5085 3 6000 6023
6005 3 6005 5983 6000 3 5833 5983 6005 3
5983 5833 5882 3 5882 5833 5869 3 5819 5869
5833 3 5490 5544 5501 3 5562 5501 5544 3
5562 5702 5501 3 5702 5562 5670 3 5702 5670
5691 3 5691 5719 5702 3 6305 6331 6308 3
6308 6288 6305 3 6136 6288 6308 3 6288 6136
6186 3 6186 6136 6172 3 6124 6172 6136 3
6427 6479 6437 3 6490 6437 6479 3 6490 6619
6437 3 6619 6490 6591 3 6619 6591 6610 3
6610 6641 6619 3 6916 6943 6924 3 6924 6892
6916 3 6742 6892 6924 3 6892 6742 6795 3
6795 6742 6781 3 6730 6781 6742 3 7583 7647
7603 3 7603 7534 7583 3 7360 7534 7603 3
7534 7360 7415 3 7415 7360 7400 3 7338 7400
7360 3 7031 7092 7050 3 7108 7050 7092 3
7108 7235 7050 3 7235 7108 7209 3 7235 7209
7229 3 7229 7256 7235 3 5591 5567 5586 3
5682 5591 5586 3 5686 5591 5682 3 5686 5682
5707 3 6183 6164 6178 3 6272 6183 6178 3
6277 6183 6272 3 6277 6272 6290 3 6769 6746
6766 3 6848 6769 6766 3 6852 6769 6848 3
6852 6848 6867 3 7072 7045 7066 3 7148 7072
7066 3 7152 7072 7148 3 7152 7148 7168 3
7805 7770 7800 3 7918 7805 7800 3 7920 7805
7918 3 7920 7918 7930 3 5214 5182 5210 3
5351 5214 5210 3 5358 5214 5351 3 5358 5351
5371 3 5910 5889 5903 3 5998 5910 5903 3
6002 5910 5998 3 6002 5998 6016 3 6510 6487
6500 3 6596 6510 6500 3 6603 6510 6596 3
6603 6596 6617 3 6810 6787 6799 3 6897 6810
6799 3 6905 6810 6897 3 6905 6897 6921 3
7417 7396 7411 3 7519 7417 7411 3 7533 7417
7519 3 7533 7519 7570 3 5647 5624 5649 3
5743 5647 5649 3 5742 5647 5743 3 5742 5743
5767 3 6226 6211 6229 3 6319 6226 6229 3
6317 6226 6319 3 6317 6319 6337 3 6804 6789
6807 3 6901 6804 6807 3 6898 6804 6901 3
6898 6901 6918 3 7105 7088 7106 3 7199 7105
7106 3 7198 7105 7199 3 7198 7199 7220 3
5412 5395 5423 3 5528 5412 5423 3 5518 5412
5528 3 5518 5528 5538 3 6058 6038 6063 3
6145 6058 6063 3 6142 6058 6145 3 6142 6145
6157 3 6351 6340 6362 3 6444 6351 6362 3
6440 6351 6444 3 6440 6444 6455 3 6651 6640
6658 3 6743 6651 6658 3 6735 6651 6743 3
6735 6743 6758 3 6952 6936 6956 3 7049 6952
6956 3 7040 6952 7049 3 7040 7049 7067 3
7648 7625 7657 3 7801 7648 7657 3 7793 7648
7801 3 7793 7801 7813 3 3328 3373 3327 3
3373 3328 3374 3 3398 3374 3328 3 3374 3398
3477 3 3368 3466 3387 3 3368 3387 3322 3
3367 3368 3322 3 3367 3322 3321 3 3369 3467
3388 3 3388 3323 3369 3 3323 3370 3369 3
3323 3324 3370 3 703 736 647 3 675 647
736 3 778 675 736 3 675 778 683 3
798 683 778 3 683 798 695 3 691 695
798 3 798 789 691 3 679 691 789 3
789 761 679 3 659 679 761 3 659 761
717 3 391 373 437 3 421 437 373 3
373 365 421 3 410 421 365 3 355 410
365 3 410 355 396 3 355 401 396 3
355 359 401 3 417 401 359 3 359 369
417 3 427 417 369 3 369 381 427 3
87 417 427 3 417 87 79 3 87 425
79 3 416 79 425 3 201 575 554 3
575 201 229 3 201 553 229 3 229 553
574 3 575 257 605 3 575 229 257 3
229 604 257 3 604 229 574 3 646 735
702 3 735 646 673 3 673 775 735 3
775 673 682 3 682 795 775 3 795 682
694 3 687 795 694 3 787 795 687 3
687 678 787 3 759 787 678 3 678 658
759 3 714 759 658 3 436 372 390 3
372 436 420 3 420 364 372 3 364 420
408 3 408 354 364 3 354 408 394 3
394 400 354 3 354 400 358 3 400 416
358 3 368 358 416 3 425 368 416 3
380 368 425 3 645 734 701 3 734 645
671 3 671 772 734 3 772 671 681 3
681 790 772 3 790 681 692 3 686 790
692 3 786 790 686 3 686 677 786 3
758 786 677 3 677 657 758 3 713 758
657 3 435 371 389 3 371 435 419 3
419 363 371 3 363 419 407 3 407 353
363 3 353 407 393 3 393 397 353 3
353 397 357 3 397 415 357 3 367 357
415 3 423 367 415 3 379 367 423 3
475 158 498 3 158 475 138 3 138 497
158 3 138 474 497 3 435 84 419 3
84 435 92 3 92 418 84 3 92 434
418 3 471 104 451 3 104 471 132 3
132 450 104 3 132 470 450 3 490 132
471 3 132 490 152 3 152 470 132 3
152 489 470 3 268 602 623 3 602 268
256 3 622 256 268 3 256 622 600 3
538 210 560 3 210 538 188 3 188 559
210 3 559 188 536 3 700 731 644 3
670 644 731 3 769 670 731 3 670 769
680 3 788 680 769 3 680 788 689 3
684 689 788 3 788 784 684 3 676 684
784 3 784 755 676 3 656 676 755 3
656 755 712 3 388 370 434 3 418 434
370 3 370 362 418 3 404 418 362 3
352 404 362 3 404 352 392 3 352 395
392 3 352 356 395 3 414 395 356 3
356 366 414 3 422 414 366 3 366 378
422 3 1897 2824 2684 3 2684 1722 1897 3
613 1897 1722 3 1722 579 613 3 4340 4559
4681 3 4253 4559 4340 3 4253 4498 4559 3
4156 4498 4253 3 4156 4471 4498 3 4118 4471
4156 3 4471 4573 4498 3 4111 4471 4118 3
4573 4471 4554 3 4471 4111 4464 3 4464 4554
4471 3 4554 4464 4551 3 4464 4562 4551 3
4129 4464 4111 3 4464 4483 4562 3 4464 4129
4483 3 4205 4483 4129 3 4483 4205 4547 3
4285 4547 4205 3 4547 4285 4607 3 159 502
542 3 542 191 159 3 191 499 159 3
499 191 540 3 159 477 502 3 477 159
139 3 159 499 139 3 476 139 499 3
139 461 477 3 461 139 115 3 139 476
115 3 460 115 476 3 115 445 461 3
445 115 99 3 115 460 99 3 444 99
460 3 99 427 445 3 427 99 87 3
99 444 87 3 425 87 444 3 79 401
417 3 401 79 63 3 79 416 63 3
400 63 416 3 63 396 401 3 396 63
61 3 63 400 61 3 394 61 400 3
61 410 396 3 410 61 73 3 61 394
73 3 408 73 394 3 73 421 410 3
421 73 85 3 73 408 85 3 420 85
408 3 85 437 421 3 437 85 95 3
85 420 95 3 436 95 420 3 95 453
437 3 453 95 105 3 95 436 105 3
452 105 436 3 105 473 453 3 473 105
133 3 105 452 133 3 472 133 452 3
133 493 473 3 493 133 153 3 133 472
153 3 491 153 472 3 153 534 493 3
534 153 183 3 153 491 183 3 533 183
491 3 534 201 554 3 201 534 183 3
183 553 201 3 553 183 533 3 605 269
625 3 605 257 269 3 257 624 269 3
624 257 604 3 625 273 643 3 625 269
273 3 269 642 273 3 642 269 624 3
643 277 659 3 643 273 277 3 273 658
277 3 658 273 642 3 659 281 679 3
659 277 281 3 277 678 281 3 678 277
658 3 679 285 691 3 679 281 285 3
281 687 285 3 687 281 678 3 691 287
695 3 691 285 287 3 285 694 287 3
694 285 687 3 695 283 683 3 695 287
283 3 287 682 283 3 682 287 694 3
683 279 675 3 683 283 279 3 283 673
279 3 673 283 682 3 675 275 647 3
675 279 275 3 279 646 275 3 646 279
673 3 647 271 635 3 647 275 271 3
275 634 271 3 634 275 646 3 635 259
611 3 635 271 259 3 271 610 259 3
610 271 634 3 611 237 589 3 611 259
237 3 259 586 237 3 586 259 610 3
589 211 562 3 589 237 211 3 237 561
211 3 561 237 586 3 211 542 562 3
542 211 191 3 561 191 211 3 540 191
561 3 158 538 498 3 188 538 158 3
497 188 158 3 188 497 536 3 459 138
475 3 138 459 114 3 114 474 138 3
114 458 474 3 443 114 459 3 114 443
98 3 98 458 114 3 98 442 458 3
423 98 443 3 98 423 86 3 86 442
98 3 86 422 442 3 415 86 423 3
86 415 78 3 78 422 86 3 78 414
422 3 397 78 415 3 78 397 62 3
62 414 78 3 62 395 414 3 393 62
397 3 62 393 60 3 60 395 62 3
60 392 395 3 407 60 393 3 60 407
70 3 70 392 60 3 70 404 392 3
419 70 407 3 70 419 84 3 84 404
70 3 84 418 404 3 451 92 435 3
92 451 104 3 104 434 92 3 104 450
434 3 532 152 490 3 152 532 180 3
180 489 152 3 180 531 489 3 552 200
532 3 532 200 180 3 549 180 200 3
180 549 531 3 573 200 552 3 200 573
228 3 549 200 228 3 228 572 549 3
256 573 602 3 573 256 228 3 600 228
256 3 228 600 572 3 272 623 641 3
623 272 268 3 640 268 272 3 268 640
622 3 276 641 657 3 641 276 272 3
656 272 276 3 272 656 640 3 280 657
677 3 657 280 276 3 676 276 280 3
276 676 656 3 284 677 686 3 677 284
280 3 684 280 284 3 280 684 676 3
286 686 692 3 686 286 284 3 689 284
286 3 284 689 684 3 282 692 681 3
692 282 286 3 680 286 282 3 286 680
689 3 278 681 671 3 681 278 282 3
670 282 278 3 282 670 680 3 274 671
645 3 671 274 278 3 644 278 274 3
278 644 670 3 270 645 633 3 645 270
274 3 632 274 270 3 274 632 644 3
258 633 609 3 633 258 270 3 608 270
258 3 270 608 632 3 234 609 585 3
609 234 258 3 584 258 234 3 258 584
608 3 210 585 560 3 585 210 234 3
559 234 210 3 234 559 584 3 3225 2938
3639 3 2938 3225 1964 3 1964 592 2938 3
592 1964 341 3 3139 2096 3269 3 2096 3139
1611 3 1611 351 2096 3 351 1611 331 3
3149 1610 3138 3 1610 3149 1640 3 1640 330
1610 3 330 1640 332 3 3640 1967 3226 3
1967 3640 2939 3 2939 342 1967 3 342 2939
593 3 2415 3346 3402 3 3346 2415 2304 3
2304 3225 3346 3 3225 2304 1964 3 2304 341
1964 3 341 2304 384 3 2064 3230 3257 3
3230 2064 1969 3 1969 3139 3230 3 3139 1969
1611 3 1969 331 1611 3 331 1969 344 3
3115 3116 3103 3 3115 3137 3116 3 3136 3137
3115 3 3137 3136 3186 3 3186 3187 3137 3
3246 3187 3186 3 3246 3247 3187 3 3247 3246
3331 3 3331 3246 3330 3 3331 3330 3422 3
3421 3422 3330 3 3422 3421 3504 3 3503 3504
3421 3 3504 3503 3537 3 905 865 858 3
905 900 865 3 900 905 983 3 1088 900
983 3 900 1088 989 3 989 1088 1081 3
1197 1081 1088 3 1081 1197 1195 3 1293 1195
1197 3 1195 1293 1306 3 1306 1293 1415 3
1306 1415 1454 3 1454 1405 1306 3 1405 1454
1465 3 864 904 855 3 899 904 864 3
899 982 904 3 982 899 1087 3 1087 899
988 3 1078 1087 988 3 1087 1078 1196 3
1196 1078 1292 3 1193 1292 1078 3 1305 1292
1193 3 1292 1305 1412 3 1412 1305 1403 3
1403 1453 1412 3 1453 1403 1464 3 3313 2053
3252 3 2053 3313 2262 3 2262 349 2053 3
349 2262 376 3 3314 2262 3313 3 2262 3314
2263 3 2263 376 2262 3 376 2263 377 3
3253 2263 3314 3 2263 3253 2054 3 2054 377
2263 3 377 2054 350 3 2053 349 332 3
332 1640 2053 3 3252 2053 1640 3 1640 3149
3252 3 387 403 383 3 399 403 387 3
403 399 426 3 399 449 426 3 449 399
429 3 447 449 429 3 447 469 449 3
469 447 486 3 486 447 467 3 488 486
467 3 486 488 512 3 512 488 514 3
510 514 488 3 514 510 517 3 1676 2679
1720 3 2679 1676 2597 3 1271 2597 1676 3
2597 1271 2381 3 2381 1271 2598 3 1271 1677
2598 3 1677 2684 2598 3 2684 1677 1722 3
8659 7053 8674 3 7053 8659 7043 3 7043 5429
7053 3 5429 7043 5415 3 8651 7022 8650 3
7022 8651 7026 3 7026 5392 7022 3 5392 7026
5394 3 8657 7026 8651 3 7026 8657 7036 3
7036 5394 7026 3 5394 7036 5411 3 8660 7036
8657 3 7036 8660 7044 3 7044 5411 7036 3
5411 7044 5418 3 8675 7044 8660 3 7044 8675
7055 3 7055 5418 7044 3 5418 7055 5430 3
8674 7055 8675 3 7055 8674 7053 3 7053 5430
7055 3 5430 7053 5429 3 8656 7043 8659 3
7043 8656 7033 3 7033 5415 7043 3 5415 7033
5405 3 5405 7022 5392 3 7022 5405 7033 3
7033 8650 7022 3 8650 7033 8656 3 4082 5040
4128 3 5040 4082 5025 3 4138 5025 4082 3
5025 4138 5046 3 3996 4769 3945 3 4769 3996
4937 3 4128 4937 3996 3 4937 4128 5040 3
3939 4771 3947 3 4771 3939 4745 3 3945 4745
3939 3 4745 3945 4769 3 4007 5046 4138 3
5046 4007 4943 3 3947 4943 4007 3 4943 3947
4771 3 8630 8619 8631 3 8618 8619 8630 3
8619 8618 8577 3 8576 8577 8618 3 8577 8576
8505 3 8504 8505 8576 3 8504 8449 8505 3
8448 8449 8504 3 8449 8448 8361 3 8449 8361
8362 3 8292 8362 8361 3 8292 8293 8362 3
8240 8293 8292 3 8293 8240 8241 3 8628 8617
8629 3 8616 8617 8628 3 8617 8616 8575 3
8574 8575 8616 3 8575 8574 8503 3 8502 8503
8574 3 8502 8447 8503 3 8446 8447 8502 3
8447 8446 8359 3 8447 8359 8360 3 8290 8360
8359 3 8290 8291 8360 3 8236 8291 8290 3
8291 8236 8237 3 4287 4171 4286 3 4172 4171
4287 3 4171 4172 4013 3 4014 4013 4172 3
4014 3927 4013 3 3927 4014 3928 3 3927 3928
3866 3 3867 3866 3928 3 3767 3866 3867 3
3866 3767 3766 3 3766 3767 3699 3 3699 3767
3700 3 3669 3699 3700 3 3699 3669 3668 3
8620 8607 8621 3 8606 8607 8620 3 8607 8606
8555 3 8554 8555 8606 3 8494 8555 8554 3
8555 8494 8495 3 8495 8494 8435 3 8434 8435
8494 3 8434 8346 8435 3 8346 8434 8345 3
8345 8280 8346 3 8280 8281 8346 3 8281 8280
8226 3 8226 8280 8225 3 4292 4179 4293 3
4178 4179 4292 3 4178 4022 4179 3 4021 4022
4178 3 4022 4021 3933 3 4022 3933 3934 3
3934 3933 3873 3 3872 3873 3933 3 3873 3872
3773 3 3772 3773 3872 3 3773 3772 3706 3
3706 3772 3705 3 3705 3674 3706 3 3706 3674
3675 3 8625 8610 8624 3 8611 8610 8625 3
8610 8611 8558 3 8559 8558 8611 3 8558 8559
8498 3 8499 8498 8559 3 8498 8499 8438 3
8439 8438 8499 3 8438 8439 8350 3 8438 8350
8349 3 8285 8349 8350 3 8285 8284 8349 3
8230 8284 8285 3 8284 8230 8229 3 4296 4184
4297 3 4183 4184 4296 3 4183 4026 4184 3
4025 4026 4183 3 4025 3938 4026 3 3938 4025
3937 3 3938 3937 3877 3 3876 3877 3937 3
3776 3877 3876 3 3877 3776 3777 3 3777 3776
3710 3 3710 3776 3709 3 3678 3710 3709 3
3710 3678 3679 3 8627 8612 8626 3 8613 8612
8627 3 8612 8613 8560 3 8561 8560 8613 3
8560 8561 8500 3 8501 8500 8561 3 8500 8501
8440 3 8441 8440 8501 3 8440 8441 8352 3
8440 8352 8351 3 8352 8287 8351 3 8287 8286
8351 3 8232 8286 8287 3 8286 8232 8231 3
4388 4035 4445 3 4035 4388 4010 3 4388 4036
4010 3 4446 4036 4388 3 3544 3413 3453 3
3544 3509 3413 3 3545 3413 3509 3 3413 3545
3454 3 3539 3412 3448 3 3539 3507 3412 3
3538 3412 3507 3 3412 3538 3447 3 4385 4030
4439 3 4030 4385 4009 3 4385 4029 4009 3
4029 4385 4438 3 3349 3325 3371 3 3325 3349
3303 3 3326 3303 3349 3 3326 3349 3372 3
3318 3363 3364 3 3318 3317 3363 3 3379 3363
3317 3 3363 3379 3458 3 3319 3348 3365 3
3348 3319 3300 3 3320 3348 3300 3 3348 3320
3366 3 350 376 377 3 350 349 376 3
329 349 350 3 329 350 351 3 351 331
329 3 329 328 349 3 349 328 332 3
332 328 330 3 342 329 331 3 342 331
344 3 344 385 342 3 340 328 329 3
340 329 342 3 330 384 343 3 384 330
341 3 577 340 342 3 342 593 577 3
577 339 340 3 328 340 339 3 339 330
328 3 341 330 339 3 577 576 339 3
339 592 341 3 592 339 576 3 426 297
403 3 426 301 297 3 983 297 301 3
297 983 905 3 315 449 469 3 449 315
309 3 315 1088 309 3 315 1197 1088 3
323 486 512 3 486 323 319 3 323 1293
319 3 323 1415 1293 3 326 514 517 3
514 326 327 3 326 1454 327 3 326 1465
1454 3 488 322 510 3 322 488 318 3
1306 322 318 3 322 1306 1405 3 308 467
447 3 467 308 314 3 1195 314 308 3
1195 308 1081 3 296 429 399 3 429 296
300 3 296 989 300 3 989 296 900 3
293 387 383 3 387 293 292 3 293 865
292 3 865 293 858 3 900 292 865 3
900 296 292 3 399 292 296 3 292 399
387 3 308 989 1081 3 989 308 300 3
308 429 300 3 308 447 429 3 318 1195
1306 3 1195 318 314 3 318 467 314 3
318 488 467 3 326 1405 1465 3 1405 326
322 3 326 510 322 3 326 517 510 3
327 1454 1415 3 327 1415 323 3 512 327
323 3 327 512 514 3 315 1293 1197 3
1293 315 319 3 486 319 315 3 486 315
469 3 301 1088 983 3 1088 301 309 3
449 309 301 3 449 301 426 3 293 905
858 3 905 293 297 3 403 297 293 3
403 293 383 3 294 424 402 3 424 294
298 3 294 982 298 3 982 294 904 3
448 312 468 3 312 448 306 3 1087 312
306 3 312 1087 1196 3 485 320 511 3
320 485 316 3 1292 320 316 3 320 1292
1412 3 513 325 515 3 325 513 324 3
1453 325 324 3 325 1453 1464 3 509 321
487 3 317 487 321 3 321 1305 317 3
1305 321 1403 3 466 307 446 3 307 466
313 3 313 1193 307 3 1078 307 1193 3
428 295 398 3 295 428 299 3 299 988
295 3 899 295 988 3 386 290 382 3
290 386 291 3 291 864 290 3 855 290
864 3 864 291 899 3 295 899 291 3
291 398 295 3 398 291 386 3 988 307
1078 3 307 988 299 3 299 428 307 3
446 307 428 3 1193 317 1305 3 317 1193
313 3 313 466 317 3 487 317 466 3
1403 325 1464 3 325 1403 321 3 321 509
325 3 515 325 509 3 324 1412 1453 3
1412 324 320 3 324 511 320 3 511 324
513 3 1292 312 1196 3 312 1292 316 3
485 312 316 3 312 485 468 3 1087 298
982 3 298 1087 306 3 448 298 306 3
298 448 424 3 904 290 855 3 290 904
294 3 402 290 294 3 290 402 382 3
2820 1895 2679 3 1720 2679 1895 3 1895 612
1720 3 612 1895 2376 3 578 1720 612 3
2376 710 612 3 672 578 612 3 612 710
672 3 8387 8615 8600 3 8387 8600 8420 3
8179 8387 8420 3 8387 8179 8115 3 8387 8601
8615 3 8601 8387 8421 3 8387 8180 8421 3
8387 8115 8180 3 8380 8603 8591 3 8380 8591
8390 3 8155 8380 8390 3 8380 8155 8106 3
8384 8614 8598 3 8384 8598 8416 3 8177 8384
8416 3 8384 8177 8114 3 8384 8599 8614 3
8599 8384 8417 3 8384 8178 8417 3 8384 8114
8178 3 8381 8604 8592 3 8381 8592 8391 3
8156 8381 8391 3 8381 8156 8107 3 4590 4793
4598 3 4793 4590 4815 3 4815 4590 4795 3
4590 4600 4795 3 3419 3587 3429 3 3587 3419
3598 3 3419 3586 3598 3 3586 3419 3428 3
3423 3592 3433 3 3592 3423 3601 3 3589 3601
3423 3 3423 3431 3589 3 3595 3425 3438 3
3425 3595 3603 3 3596 3425 3603 3 3425 3596
3439 3 4789 4586 4596 3 4586 4789 4813 3
4788 4586 4813 3 4586 4788 4595 3 4585 4593
4786 3 4786 4812 4585 3 4787 4585 4812 3
4585 4787 4594 3 3424 3437 3594 3 3602 3424
3594 3 3593 3424 3602 3 3424 3593 3436 3
4591 4798 4602 3 4798 4591 4820 3 4820 4591
4797 3 4591 4601 4797 3 3590 3420 3432 3
3420 3590 3600 3 3588 3420 3600 3 3420 3588
3430 3 4587 4794 4599 3 4794 4587 4814 3
4587 4791 4814 3 4791 4587 4597 3 3418 3584
3426 3 3584 3418 3597 3 3597 3418 3585 3
3418 3427 3585 3 4592 4800 4603 3 4800 4592
4821 3 4592 4801 4821 3 4801 4592 4604 3
250 239 251 3 238 239 250 3 222 239
238 3 239 222 223 3 223 222 199 3
198 199 222 3 199 198 166 3 199 166
167 3 167 166 147 3 146 147 166 3
147 146 127 3 127 146 126 3 126 108
127 3 127 108 109 3 236 248 249 3
248 236 235 3 235 236 220 3 221 220
236 3 221 196 220 3 197 196 221 3
197 164 196 3 164 197 165 3 145 164
165 3 164 145 144 3 125 144 145 3
125 124 144 3 124 125 106 3 106 125
107 3 3985 3987 3991 3 3981 3987 3985 3
3975 3987 3981 3 3987 3975 3961 3 3961 3975
3899 3 3899 3975 3925 3 3976 3961 3899 3
3976 3988 3961 3 3982 3988 3976 3 3986 3988
3982 3 3988 3986 3992 3 3976 3899 3926 3
3923 3926 3899 3 3925 3923 3899 3 3926 3923
3944 3 3923 3925 3943 3 3944 3923 3990 3
3923 3943 3989 3 3999 3990 3923 3 3990 3999
3995 3 3999 4000 3995 3 4000 3999 4006 3
3999 3923 3960 3 3923 3997 3960 3 3997 3923
3989 3 3994 3997 3989 3 3998 3997 3994 3
3997 3998 4005 3 3944 4754 3926 3 4754 3944
4864 3 4754 4864 5422 3 5398 4754 5422 3
2096 3253 3269 3 3253 2096 2054 3 2096 350
2054 3 350 2096 351 3 2381 2598 2638 3
2638 2588 2381 3 2637 2381 2588 3 2381 2637
2597 3 2908 2456 2935 3 2456 2908 2401 3
2908 2457 2401 3 2936 2457 2908 3 2908 2969
2936 3 2969 2908 2940 3 2968 2940 2908 3
2908 2935 2968 3 3707 3677 3676 3 3708 3677
3707 3 3707 3775 3708 3 3774 3775 3707 3
3775 3774 3875 3 3874 3875 3774 3 3875 3874
3936 3 3935 3936 3874 3 4023 3936 3935 3
4023 4024 3936 3 4180 4024 4023 3 4024 4180
4182 3 4182 4180 4295 3 4295 4180 4294 3
3703 3673 3672 3 3704 3673 3703 3 3703 3771
3704 3 3770 3771 3703 3 3771 3770 3871 3
3870 3871 3770 3 3871 3870 3932 3 3931 3932
3870 3 4019 3932 3931 3 4019 4020 3932 3
4175 4020 4019 3 4020 4175 4176 3 4176 4175
4291 3 4291 4175 4290 3 8608 8623 8622 3
8623 8608 8609 3 8609 8608 8557 3 8556 8557
8608 3 8557 8556 8497 3 8496 8497 8556 3
8497 8496 8437 3 8436 8437 8496 3 8437 8436
8347 3 8437 8347 8348 3 8282 8348 8347 3
8282 8283 8348 3 8283 8282 8228 3 8228 8282
8227 3 3701 3671 3670 3 3702 3671 3701 3
3701 3769 3702 3 3768 3769 3701 3 3769 3768
3869 3 3868 3869 3768 3 3869 3868 3930 3
3929 3930 3868 3 4015 3930 3929 3 4015 4017
3930 3 4173 4017 4015 3 4017 4173 4174 3
4174 4173 4289 3 4289 4173 4288 3 5213 3984
4102 3 3984 5213 5116 3 5213 7928 5116 3
7928 5213 8013 3 8300 5500 8233 3 5500 8300
5560 3 4913 5500 5560 3 5500 4913 4727 3
5602 5013 4975 3 5013 5602 5623 3 5602 8322
5623 3 8322 5602 8317 3 7895 5065 7892 3
5065 7895 5072 3 3942 5065 5072 3 5065 3942
3941 3 8317 5560 8300 3 5560 8317 5602 3
4975 5560 5602 3 5560 4975 4913 3 8313 5615
8319 3 5615 8313 5585 3 5585 4942 5615 3
5615 4942 5001 3 8279 5585 8313 3 5585 8279
5541 3 5541 4829 5585 3 5585 4829 4942 3
8013 5331 8096 3 5331 8013 5213 3 4102 5331
5213 3 5331 4102 4300 3 7945 5072 7895 3
5072 7945 5137 3 4008 5072 5137 3 5072 4008
3942 3 8026 5137 7945 3 5137 8026 5252 3
4160 5137 5252 3 5137 4160 4008 3 8319 5539
8276 3 5539 8319 5615 3 5001 5539 5615 3
5539 5001 4790 3 4681 7672 7712 3 7712 4759
4681 3 4759 3813 4681 3 4681 3813 3787 3
8096 5286 8047 3 5286 8096 5331 3 4300 5286
5331 3 5286 4300 4226 3 5252 8026 8016 3
8016 5227 5252 3 4108 5252 5227 3 5252 4108
4160 3 5623 8322 8288 3 8288 5546 5623 3
4843 5623 5546 3 5623 4843 5013 3 4738 3757
3799 3 4607 3757 4738 3 4738 7649 4607 3
7649 4738 7700 3 5541 8279 8222 3 8222 5488
5541 3 4655 5541 5488 3 5541 4655 4829 3
5116 7928 7921 3 7921 5102 5116 3 5102 3974
5116 3 5116 3974 3984 3 4523 4445 4524 3
4523 4442 4445 3 4442 4523 4521 3 4442 4388
4445 3 4440 4388 4442 3 4517 4440 4518 3
4437 4517 4516 3 4517 4437 4440 3 4385 4440
4437 3 4440 4385 4388 3 4385 4437 4436 3
4514 4436 4513 3 4514 4438 4436 3 4438 4514
4515 3 4385 4436 4438 3 4385 4447 4388 3
4448 4388 4447 3 4388 4448 4446 3 4446 4448
4531 3 4446 4531 4528 3 4531 4448 4532 3
4447 4526 4527 3 4526 4447 4444 3 4526 4444
4525 3 4447 4385 4444 3 4444 4385 4443 3
4443 4385 4439 3 4520 4443 4439 3 4443 4520
4522 3 4520 4439 4519 3 3320 3386 3385 3
3320 3323 3386 3 3386 3323 3388 3 3323 3320
3300 3 3300 3324 3323 3 3324 3394 3393 3
3394 3324 3327 3 3394 3327 3395 3 3324 3300
3327 3 3300 3303 3327 3 3303 3328 3327 3
3328 3397 3398 3 3397 3328 3326 3 3397 3326
3396 3 3328 3303 3326 3 3321 3303 3300 3
3303 3321 3322 3 3303 3322 3325 3 3322 3390
3325 3 3390 3322 3387 3 3325 3390 3392 3
3321 3383 3384 3 3318 3383 3321 3 3383 3318
3382 3 3300 3318 3321 3 3318 3300 3317 3
3317 3300 3319 3 3319 3380 3317 3 3380 3319
3381 3 3317 3380 3379 3 4989 5464 4997 3
5464 4989 5460 3 4978 5460 4989 3 5460 5463
5464 3 5460 4978 5456 3 5463 5460 5456 3
4967 5456 4978 3 5443 5463 5456 3 5456 4967
5443 3 4863 5443 4967 3 5443 5444 5463 3
5443 4863 5421 3 5406 5443 5421 3 5444 5443
5406 3 5397 5406 5421 3 5445 5444 5406 3
5445 5465 5444 3 5406 5397 5384 3 5445 5406
5422 3 5422 4864 5445 3 5406 5398 5422 3
5398 5406 5384 3 4864 4968 5445 3 5445 4968
5457 3 5457 5465 5445 3 4980 5457 4968 3
5461 5465 5457 3 5457 4980 5461 3 5465 5461
5466 3 4990 5461 4980 3 5461 4990 5466 3
4998 5466 4990 3 5384 5435 5398 3 5435 4754
5398 3 4754 5435 4934 3 5438 5435 5384 3
5437 4934 5435 3 4934 5437 4939 3 5452 5435
5438 3 5435 5452 5437 3 5434 5438 5384 3
5434 5384 5397 3 5397 4753 5434 3 5434 5451
5438 3 4753 4933 5434 3 5434 4933 5436 3
5451 5434 5436 3 4938 5436 4933 3 5440 5451
5436 3 5436 4938 5440 3 5451 5440 5449 3
4953 5440 4938 3 5440 4953 5449 3 4961 5449
4953 3 5437 5452 5441 3 5441 4939 5437 3
5441 5452 5450 3 4939 5441 4954 3 5450 4954
5441 3 4954 5450 4963 3 2939 3640 3634 3
3634 2920 2939 3 593 2939 2920 3 3633 2920
3634 3 2920 577 593 3 2918 577 2920 3
2920 3633 2918 3 577 2918 576 3 3633 2938
2918 3 2938 576 2918 3 2938 3633 3639 3
576 2938 592 3 5429 5418 5430 3 5429 5392
5418 3 5392 5429 5415 3 5392 5415 5405 3
5392 5411 5418 3 5411 5392 5394 3 8754 8742
8738 3 8803 8742 8754 3 8742 8803 8762 3
8762 8803 8798 3 8803 8754 8795 3 8803 8795
8802 3 2588 2845 2637 3 2846 2588 2638 3
2845 2588 2733 3 2846 2733 2588 3 2733 2968
2845 3 2969 2733 2846 3 2968 2733 2940 3
2969 2940 2733 3 3939 3996 3945 3 3996 3939
3983 3 3983 4128 3996 3 4128 3983 4082 3
3939 4007 3983 3 4007 4082 3983 3 4007 3939
3947 3 4082 4007 4138 3 8787 8967 8916 3
8589 8787 8672 3 8589 8967 8787 3 8967 8966
9039 3 8589 8966 8967 3 8966 8786 8914 3
8966 8588 8786 3 8786 8588 8671 3 8966 8589
8588 3 8588 8418 8480 3 8589 8418 8588 3
8418 8589 8419 3 8418 8419 8375 3 8419 8589
8481 3 9576 9577 9579 3 9577 9539 9567 3
9539 9577 9576 3 9538 9576 9566 3 9538 9539
9576 3 9539 9485 9515 3 9539 9538 9485 3
9484 9538 9514 3 9485 9434 9451 3 9538 9484
9433 3 9485 9538 9433 3 9485 9433 9434 3
9433 9484 9450 3 9434 9433 9415 3 8946 8937
9028 3 8937 8756 8903 3 8756 8937 8946 3
8777 8946 8907 3 8777 8756 8946 3 8583 8777
8666 3 8756 8569 8653 3 8403 8777 8583 3
8777 8403 8756 3 8403 8583 8471 3 8756 8403
8569 3 8403 8388 8569 3 8388 8403 8370 3
8569 8388 8459 3 9560 9529 9549 3 9558 9560
9570 3 9529 9560 9558 3 9529 9469 9501 3
9469 9529 9558 3 9523 9558 9545 3 9523 9469
9558 3 9463 9523 9497 3 9463 9469 9523 3
9469 9403 9427 3 9469 9463 9403 3 9403 9463
9401 3 9403 9401 9395 3 9401 9463 9418 3
8783 8586 8668 3 8957 8783 8910 3 8957 8586
8783 3 8586 8414 8474 3 8957 8414 8586 3
8414 8415 8374 3 8414 8957 8415 3 8958 8957
9038 3 8958 8415 8957 3 8415 8587 8477 3
8415 8958 8587 3 8587 8958 8784 3 8587 8784
8669 3 8784 8958 8911 3 9574 9575 9578 3
9575 9536 9562 3 9536 9575 9574 3 9535 9574
9561 3 9535 9536 9574 3 9536 9480 9512 3
9536 9535 9480 3 9479 9535 9511 3 9480 9425
9449 3 9535 9479 9424 3 9480 9535 9424 3
9480 9424 9425 3 9424 9479 9448 3 9425 9424
9411 3 8755 8564 8652 3 8564 8385 8458 3
8755 8385 8564 3 8935 8755 8902 3 8935 8385
8755 3 8385 8402 8369 3 8385 8582 8402 3
8402 8582 8470 3 8582 8385 8935 3 8582 8776
8664 3 8582 8935 8776 3 8776 8935 8944 3
8776 8944 8906 3 8944 8935 9026 3 9522 9556
9544 3 9556 9557 9569 3 9522 9557 9556 3
9460 9522 9494 3 9460 9557 9522 3 9557 9527
9547 3 9398 9460 9416 3 9557 9465 9527 3
9465 9557 9460 3 9527 9465 9499 3 9398 9465
9460 3 9465 9398 9399 3 9465 9399 9420 3
9399 9398 9394 3 8757 8570 8654 3 8570 8389
8460 3 8757 8389 8570 3 8938 8757 8904 3
8938 8389 8757 3 8389 8404 8371 3 8947 8938
9030 3 8389 8584 8404 3 8389 8938 8584 3
8404 8584 8472 3 8584 8938 8947 3 8584 8947
8779 3 8584 8779 8667 3 8779 8947 8908 3
9530 9470 9502 3 9470 9405 9428 3 9530 9405
9470 3 9563 9530 9550 3 9563 9405 9530 3
9405 9402 9396 3 9405 9563 9402 3 9559 9563
9572 3 9402 9464 9419 3 9524 9563 9559 3
9402 9563 9524 3 9524 9464 9402 3 9524 9559
9546 3 9464 9524 9498 3 8781 8950 8909 3
8950 8939 9032 3 8781 8939 8950 3 8585 8781
8670 3 8585 8939 8781 3 8406 8585 8473 3
8392 8585 8406 3 8392 8406 8372 3 8392 8939
8585 3 8573 8392 8461 3 8939 8392 8573 3
8939 8573 8758 3 8939 8758 8905 3 8758 8573
8655 3 9471 9408 9432 3 9408 9407 9397 3
9531 9408 9471 3 9531 9407 9408 3 9531 9471
9503 3 9407 9466 9426 3 9407 9531 9466 3
9466 9528 9500 3 9531 9528 9466 3 9528 9564
9548 3 9528 9531 9564 3 9531 9565 9564 3
9565 9531 9551 3 9564 9565 9573 3 3840 3924
3891 3 3761 3924 3840 3 3761 3840 3799 3
3761 3799 3757 3 3720 3761 3757 3 3757 3653
3720 3 3644 3720 3653 3 3720 3644 3697 3
3697 3761 3720 3 3630 3697 3644 3 3761 3697
3732 3 3924 3761 3732 3 3697 3630 3691 3
3691 3732 3697 3 3691 3630 3626 3 3732 3691
3721 3 3626 3693 3691 3 3693 3626 3627 3
3637 3693 3627 3 3691 3722 3721 3 3722 3691
3693 3 3722 3732 3721 3 3693 3637 3715 3
3647 3715 3637 3 3693 3739 3722 3 3739 3693
3715 3 3785 3722 3739 3 3715 3785 3739 3
3722 3785 3732 3 3715 3647 3727 3 3785 3715
3727 3 3662 3727 3647 3 3727 3662 3787 3
3787 3785 3727 3 3785 3787 3813 3 3865 3785
3813 3 3865 3941 3785 3 3941 3865 3894 3
3941 3732 3785 3 3732 3941 4478 3 3732 4478
3924 3 3993 4478 3941 3 3993 3941 3942 3
4008 3993 3942 3 4160 3993 4008 3 3993 4160
4108 3 4478 3993 4108 3 4478 4108 4298 3
4478 4043 3924 3 3924 4043 3974 3 4043 3984
3974 3 3984 4043 4102 3 4043 4300 4102 3
4300 4043 4226 3 4043 4376 4226 3 4043 4750
4376 3 4043 4478 4750 3 4376 4750 4548 3
4548 4750 4655 3 4750 4829 4655 3 4829 4750
4942 3 4942 4750 5001 3 4750 4790 5001 3
4750 4868 4790 3 4868 4750 4879 3 4879 4750
4768 3 4750 4478 4768 3 4879 4768 4843 3
4768 4478 4567 3 4768 5013 4843 3 4768 4567
4727 3 5013 4768 4975 3 4913 4768 4727 3
4768 4913 4975 3 3130 3153 3142 3 3143 3153
3130 3 3159 3142 3153 3 3153 3143 3160 3
3174 3142 3159 3 3143 3175 3160 3 3159 3182
3174 3 3183 3160 3175 3 3211 3174 3182 3
3175 3212 3183 3 3182 3219 3211 3 3220 3183
3212 3 3266 3211 3219 3 3267 3220 3212 3
3266 3219 3264 3 3220 3267 3265 3 3264 3311
3266 3 3312 3265 3267 3 3337 3266 3311 3
3267 3338 3312 3 3311 3389 3337 3 3391 3312
3338 3 3416 3337 3389 3 3338 3417 3391 3
3389 3443 3416 3 3444 3391 3417 3 3495 3416
3443 3 3444 3417 3496 3 3485 3495 3443 3
3496 3485 3444 3 3495 3485 3502 3 3496 3502
3485 3 3109 3125 3119 3 3120 3125 3109 3
3133 3119 3125 3 3125 3120 3134 3 3144 3119
3133 3 3120 3145 3134 3 3133 3162 3144 3
3163 3134 3145 3 3196 3144 3162 3 3145 3197
3163 3 3162 3206 3196 3 3207 3163 3197 3
3260 3196 3206 3 3261 3207 3197 3 3260 3206
3258 3 3207 3261 3259 3 3258 3315 3260 3
3316 3259 3261 3 3344 3260 3315 3 3261 3345
3316 3 3315 3409 3344 3 3410 3316 3345 3
3482 3344 3409 3 3345 3483 3410 3 3409 3493
3482 3 3494 3410 3483 3 3528 3482 3493 3
3494 3483 3529 3 3499 3528 3493 3 3529 3499
3494 3 3528 3499 3551 3 3529 3551 3499 3
3550 3492 3530 3 3531 3492 3550 3 3480 3530
3492 3 3492 3531 3481 3 3486 3530 3480 3
3531 3487 3481 3 3404 3486 3480 3 3405 3481
3487 3 3354 3486 3404 3 3355 3405 3487 3
3404 3333 3354 3 3405 3355 3334 3 3275 3354
3333 3 3276 3334 3355 3 3275 3333 3273 3
3334 3276 3274 3 3223 3275 3273 3 3224 3274
3276 3 3275 3223 3209 3 3276 3210 3224 3
3189 3209 3223 3 3190 3224 3210 3 3209 3189
3166 3 3210 3167 3190 3 3170 3166 3189 3
3167 3171 3190 3 3166 3170 3131 3 3132 3171
3167 3 3156 3131 3170 3 3171 3132 3156 3
3131 3156 3124 3 3156 3132 3124 3 8674 8693
8659 3 8675 8693 8674 3 8659 8693 8678 3
8693 8675 8695 3 8678 8656 8659 3 8660 8695
8675 3 8656 8678 8648 3 8695 8660 8681 3
8648 8650 8656 3 8657 8681 8660 3 8636 8650
8648 3 8681 8657 8649 3 8650 8636 8651 3
8651 8649 8657 3 8651 8636 8637 3 8649 8651
8637 3 8581 8539 8580 3 8539 8581 8553 3
8580 8539 8538 3 8553 8517 8539 3 8552 8580
8538 3 8553 8493 8517 3 8516 8552 8538 3
8479 8517 8493 3 8492 8552 8516 3 8493 8445
8479 3 8516 8478 8492 3 8413 8479 8445 3
8444 8492 8478 3 8336 8413 8445 3 8478 8412
8444 3 8413 8336 8356 3 8335 8444 8412 3
8278 8356 8336 3 8335 8412 8355 3 8336 8252
8278 3 8355 8277 8335 3 8203 8278 8252 3
8251 8335 8277 3 8252 8135 8203 3 8277 8202
8251 3 8149 8203 8135 3 8134 8251 8202 3
8100 8149 8135 3 8202 8148 8134 3 8149 8100
8148 3 8098 8134 8148 3 8148 8100 8098 3
8073 8141 8124 3 8072 8141 8073 3 8190 8124
8141 3 8141 8072 8140 3 8243 8124 8190 3
8140 8072 8123 3 8190 8267 8243 3 8123 8189
8140 3 8326 8243 8267 3 8123 8242 8189 3
8267 8340 8326 3 8266 8189 8242 3 8397 8326
8340 3 8242 8325 8266 3 8326 8397 8425 3
8339 8266 8325 3 8397 8465 8425 3 8325 8396
8339 3 8485 8425 8465 3 8325 8424 8396 3
8465 8509 8485 3 8464 8396 8424 3 8545 8485
8509 3 8424 8484 8464 3 8545 8509 8525 3
8508 8464 8484 3 8525 8566 8545 3 8484 8544
8508 3 8566 8525 8565 3 8508 8544 8524 3
8565 8525 8524 3 8544 8565 8524 3 8536 8579
8551 3 8579 8536 8578 3 8551 8515 8536 3
8578 8536 8535 3 8551 8491 8515 3 8550 8578
8535 3 8476 8515 8491 3 8514 8550 8535 3
8491 8443 8476 3 8490 8550 8514 3 8411 8476
8443 3 8514 8475 8490 3 8333 8411 8443 3
8442 8490 8475 3 8411 8333 8354 3 8475 8410
8442 3 8275 8354 8333 3 8332 8442 8410 3
8333 8250 8275 3 8332 8410 8353 3 8197 8275
8250 3 8353 8274 8332 3 8250 8132 8197 3
8249 8332 8274 3 8147 8197 8132 3 8274 8196
8249 3 8093 8147 8132 3 8131 8249 8196 3
8147 8093 8146 3 8196 8146 8131 3 8146 8093
8092 3 8092 8131 8146 3 8138 8068 8121 3
8138 8069 8068 3 8121 8186 8138 3 8139 8069
8138 3 8121 8238 8186 3 8069 8139 8122 3
8264 8186 8238 3 8187 8122 8139 3 8238 8323
8264 3 8239 8122 8187 3 8337 8264 8323 3
8187 8265 8239 3 8323 8394 8337 3 8324 8239
8265 3 8323 8422 8394 3 8265 8338 8324 3
8462 8394 8422 3 8395 8324 8338 3 8422 8482
8462 3 8324 8395 8423 3 8506 8462 8482 3
8395 8463 8423 3 8482 8542 8506 3 8483 8423
8463 3 8506 8542 8522 3 8463 8507 8483 3
8542 8562 8522 3 8543 8483 8507 3 8563 8522
8562 3 8543 8507 8523 3 8522 8563 8523 3
8523 8563 8543 3 8145 8083 8128 3 8145 8082
8083 3 8128 8195 8145 3 8144 8082 8145 3
8128 8247 8195 3 8082 8144 8127 3 8271 8195
8247 3 8194 8127 8144 3 8247 8330 8271 3
8246 8127 8194 3 8344 8271 8330 3 8194 8270
8246 3 8330 8401 8344 3 8329 8246 8270 3
8330 8429 8401 3 8270 8343 8329 3 8469 8401
8429 3 8400 8329 8343 3 8429 8489 8469 3
8329 8400 8428 3 8513 8469 8489 3 8400 8468
8428 3 8489 8549 8513 3 8488 8428 8468 3
8513 8549 8529 3 8468 8512 8488 3 8549 8572
8529 3 8548 8488 8512 3 8571 8529 8572 3
8548 8512 8528 3 8529 8571 8528 3 8528 8571
8548 3 3155 3141 3151 3 3155 3150 3141 3
3151 3173 3155 3 3150 3155 3172 3 3151 3181
3173 3 3180 3150 3172 3 3195 3173 3181 3
3172 3194 3180 3 3181 3232 3195 3 3231 3180
3194 3 3238 3195 3232 3 3194 3237 3231 3
3232 3297 3238 3 3237 3296 3231 3 3238 3297
3295 3 3296 3237 3294 3 3377 3295 3297 3
3376 3296 3294 3 3297 3401 3377 3 3400 3296
3376 3 3491 3377 3401 3 3376 3490 3400 3
3401 3501 3491 3 3500 3400 3490 3 3533 3491
3501 3 3490 3532 3500 3 3501 3556 3533 3
3500 3532 3555 3 3556 3549 3533 3 3555 3532
3549 3 3549 3556 3561 3 3561 3555 3549 3
233 185 232 3 209 185 233 3 232 185
184 3 185 209 163 3 184 208 232 3
171 163 209 3 208 184 162 3 163 171
143 3 162 170 208 3 123 143 171 3
142 170 162 3 143 123 103 3 142 122
170 3 59 103 123 3 142 102 122 3
103 59 72 3 58 122 102 3 59 47
72 3 58 102 71 3 59 31 47 3
46 58 71 3 35 47 31 3 58 46
30 3 11 35 31 3 34 30 46 3
35 11 23 3 30 34 10 3 3 23
11 3 22 10 34 3 23 3 22 3
10 22 2 3 22 3 2 3 20 0
1 3 20 8 0 3 1 21 20 3
8 20 32 3 21 1 9 3 32 28
8 3 21 9 33 3 28 32 44 3
9 29 33 3 44 54 28 3 33 29
45 3 54 44 68 3 29 55 45 3
100 54 68 3 45 55 69 3 120 54
100 3 55 101 69 3 100 140 120 3
101 55 121 3 168 120 140 3 121 141
101 3 168 140 160 3 141 121 169 3
160 206 168 3 169 161 141 3 206 160
181 3 161 169 207 3 181 230 206 3
207 182 161 3 182 230 181 3 182 207
231 3 230 182 231 3 3862 3830 3850 3
3862 3829 3830 3 3850 3887 3862 3 3861 3829
3862 3 3905 3887 3850 3 3829 3861 3849 3
3887 3905 3919 3 3849 3861 3886 3 3905 3957
3919 3 3904 3849 3886 3 3971 3919 3957 3
3886 3918 3904 3 4096 3971 3957 3 3956 3904
3918 3 3971 4096 4069 3 3918 3970 3956 3
4276 4069 4096 3 4095 3956 3970 3 4096 4328
4276 3 4095 3970 4068 3 4422 4276 4328 3
4275 4095 4068 3 4328 4540 4422 3 4095 4275
4327 3 4422 4540 4510 3 4275 4421 4327 3
4540 4579 4510 3 4539 4327 4421 3 4510 4579
4578 3 4509 4539 4421 3 4578 4509 4510 3
4539 4509 4578 3 3825 3857 3845 3 3826 3857
3825 3 3845 3857 3882 3 3857 3826 3858 3
3900 3845 3882 3 3858 3826 3846 3 3882 3914
3900 3 3846 3883 3858 3 3952 3900 3914 3
3846 3901 3883 3 3914 3966 3952 3 3915 3883
3901 3 4091 3952 3966 3 3901 3953 3915 3
4091 3966 4064 3 3967 3915 3953 3 4271 4091
4064 3 4092 3967 3953 3 4323 4091 4271 3
3967 4092 4065 3 4271 4417 4323 3 4272 4065
4092 3 4535 4323 4417 3 4092 4324 4272 3
4417 4505 4535 3 4418 4272 4324 3 4574 4535
4505 3 4324 4536 4418 3 4505 4575 4574 3
4418 4536 4506 3 4575 4505 4506 3 4536 4575
4506 3 3856 3824 3844 3 3856 3823 3824 3
3844 3881 3856 3 3855 3823 3856 3 3898 3881
3844 3 3823 3855 3843 3 3881 3898 3913 3
3843 3855 3880 3 3898 3951 3913 3 3897 3843
3880 3 3965 3913 3951 3 3880 3912 3897 3
4089 3965 3951 3 3950 3897 3912 3 3965 4089
4060 3 3912 3964 3950 3 4270 4060 4089 3
4088 3950 3964 3 4089 4322 4270 3 4088 3964
4058 3 4416 4270 4322 3 4269 4088 4058 3
4322 4534 4416 3 4088 4269 4321 3 4416 4534
4504 3 4269 4415 4321 3 4534 4572 4504 3
4533 4321 4415 3 4504 4572 4571 3 4503 4533
4415 3 4571 4503 4504 3 4533 4503 4571 3
3854 3822 3842 3 3854 3821 3822 3 3842 3879
3854 3 3853 3821 3854 3 3842 3896 3879 3
3821 3853 3841 3 3911 3879 3896 3 3841 3853
3878 3 3896 3949 3911 3 3895 3841 3878 3
3963 3911 3949 3 3878 3910 3895 3 4087 3963
3949 3 3948 3895 3910 3 3963 4087 4056 3
3910 3962 3948 3 4268 4056 4087 3 4086 3948
3962 3 4087 4320 4268 3 4086 3962 4055 3
4414 4268 4320 3 4267 4086 4055 3 4320 4530
4414 3 4319 4086 4267 3 4414 4530 4502 3
4267 4413 4319 3 4530 4570 4502 3 4529 4319
4413 3 4502 4570 4569 3 4413 4501 4529 3
4569 4501 4502 3 4569 4529 4501 3 3859 3827
3847 3 3859 3828 3827 3 3847 3884 3859 3
3860 3828 3859 3 3847 3902 3884 3 3828 3860
3848 3 3916 3884 3902 3 3848 3860 3885 3
3902 3954 3916 3 3903 3848 3885 3 3968 3916
3954 3 3885 3917 3903 3 4093 3968 3954 3
3955 3903 3917 3 3968 4093 4066 3 3917 3969
3955 3 4273 4066 4093 3 4094 3955 3969 3
4093 4325 4273 3 4094 3969 4067 3 4419 4273
4325 3 4274 4094 4067 3 4325 4537 4419 3
4326 4094 4274 3 4419 4537 4507 3 4274 4420
4326 3 4537 4576 4507 3 4538 4326 4420 3
4507 4576 4577 3 4420 4508 4538 3 4577 4508
4507 3 4577 4538 4508 3 8074 8142 8125 3
8075 8142 8074 3 8192 8125 8142 3 8142 8075
8143 3 8244 8125 8192 3 8143 8075 8126 3
8192 8268 8244 3 8126 8193 8143 3 8327 8244
8268 3 8126 8245 8193 3 8268 8341 8327 3
8269 8193 8245 3 8398 8327 8341 3 8245 8328
8269 3 8327 8398 8426 3 8342 8269 8328 3
8398 8466 8426 3 8328 8399 8342 3 8486 8426
8466 3 8328 8427 8399 3 8466 8510 8486 3
8467 8399 8427 3 8546 8486 8510 3 8427 8487
8467 3 8546 8510 8526 3 8511 8467 8487 3
8526 8567 8546 3 8487 8547 8511 3 8567 8526
8568 3 8511 8547 8527 3 8568 8526 8527 3
8547 8568 8527 3 3863 3831 3851 3 3863 3832
3831 3 3851 3888 3863 3 3864 3832 3863 3
3851 3906 3888 3 3832 3864 3852 3 3920 3888
3906 3 3852 3864 3889 3 3906 3958 3920 3
3907 3852 3889 3 3972 3920 3958 3 3889 3921
3907 3 4097 3972 3958 3 3959 3907 3921 3
3972 4097 4070 3 3921 3973 3959 3 4277 4070
4097 3 4098 3959 3973 3 4097 4329 4277 3
4098 3973 4071 3 4423 4277 4329 3 4278 4098
4071 3 4329 4541 4423 3 4330 4098 4278 3
4423 4541 4511 3 4278 4424 4330 3 4541 4580
4511 3 4542 4330 4424 3 4511 4580 4581 3
4424 4512 4542 3 4581 4512 4511 3 4581 4542
4512 3 8665 8662 8647 3 8646 8665 8647 3
8662 8665 8677 3 8665 8646 8663 3 8677 8690
8662 3 8658 8663 8646 3 8680 8690 8677 3
8663 8658 8676 3 8699 8690 8680 3 8687 8676
8658 3 8699 8680 8683 3 8676 8687 8679 3
8683 8698 8699 3 8698 8679 8687 3 8698 8683
8682 3 8679 8698 8682 3 5566 5697 5572 3
5689 5697 5566 3 5697 5089 5572 3 5166 5689
5566 3 5572 5089 5171 3 5689 5166 5084 3
5089 5084 5171 3 5171 5084 5166 3 5687 5696
5564 3 5163 5687 5564 3 5564 5696 5570 3
5081 5687 5163 3 5088 5570 5696 3 5170 5081
5163 3 5570 5088 5170 3 5088 5081 5170 3
5046 4993 5025 3 4943 4993 5046 3 4993 4992
5025 3 4993 4943 4915 3 5011 5025 4992 3
4915 4943 4765 3 5025 5011 5040 3 4771 4765
4943 3 5011 4937 5040 3 4745 4765 4771 3
4937 5011 4932 3 4765 4745 4764 3 4770 4937
4932 3 4745 4770 4764 3 4937 4770 4769 3
4745 4769 4770 3 5236 5311 5264 3 5300 5264
5311 3 5236 5264 5231 3 5264 5300 5279 3
5196 5236 5231 3 5300 5256 5279 3 5236 5196
5168 3 5301 5256 5300 3 5158 5168 5196 3
5228 5256 5301 3 5196 5173 5158 3 5256 5228
5223 3 5183 5158 5173 3 5228 5183 5223 3
5158 5183 5159 3 5228 5159 5183 3 5123 5111
5105 3 5093 5105 5111 3 5111 5123 5122 3
5111 5103 5093 3 5123 5140 5122 3 5106 5093
5103 3 5123 5160 5140 3 5093 5106 5101 3
5169 5140 5160 3 5120 5101 5106 3 5140 5169
5148 3 5120 5106 5119 3 5169 5134 5148 3
5134 5120 5119 3 5134 5169 5154 3 5120 5134
5154 3 9626 9321 9543 3 9543 9321 9339 3
9321 9626 9352 3 9223 9339 9321 3 9626 9373
9352 3 9161 9339 9223 3 9373 9626 9675 3
9339 9161 9171 3 9625 9373 9675 3 9161 9013
9171 3 9373 9625 9351 3 9013 9161 9061 3
9351 9625 9320 3 9018 9013 9061 3 9625 9542
9320 3 9013 9018 8901 3 9338 9320 9542 3
8901 9018 8831 3 9320 9338 9222 3 8831 9018
8977 3 9338 9160 9222 3 8931 8831 8977 3
9170 9160 9338 3 8831 8931 8761 3 9010 9160
9170 3 8830 8761 8931 3 9160 9010 9060 3
8976 8830 8931 3 9010 9017 9060 3 9017 8830
8976 3 9017 9010 8900 3 8830 9017 8900 3
8985 9130 9126 3 8925 9130 8985 3 9130 9195
9126 3 9130 8925 9082 3 9269 9126 9195 3
8925 9045 9082 3 9126 9269 9289 3 9045 8925
8893 3 9491 9289 9269 3 8924 9045 8893 3
9491 9269 9363 3 9045 8924 9081 3 9445 9491
9363 3 8924 9129 9081 3 9491 9445 9673 3
8984 9129 8924 3 9445 9713 9673 3 9125 9129
8984 3 9526 9713 9445 3 9129 9125 9194 3
9571 9713 9526 3 9194 9125 9268 3 9713 9571
9741 3 9268 9125 9288 3 9741 9571 9712 3
9490 9268 9288 3 9571 9525 9712 3 9268 9490
9362 3 9444 9712 9525 3 9490 9444 9362 3
9712 9444 9672 3 9444 9490 9672 3 9305 9613
9345 3 9345 9613 9365 3 9613 9305 9533 3
9613 9667 9365 3 9305 9333 9533 3 9605 9365
9667 3 9333 9305 9212 3 9365 9605 9341 3
9148 9333 9212 3 9605 9297 9341 3 9333 9148
9165 3 9517 9297 9605 3 9165 9148 9003 3
9325 9297 9517 3 9003 9148 9051 3 9297 9325
9199 3 8999 9003 9051 3 9325 9141 9199 3
9003 8999 8895 3 9325 9146 9141 3 8816 8895
8999 3 8987 9141 9146 3 8953 8816 8999 3
9141 8987 9047 3 8927 8816 8953 3 9047 8987
8995 3 8816 8927 8751 3 8881 8995 8987 3
8927 8808 8751 3 8808 8995 8881 3 8808 8927
8948 3 8995 8808 8948 3 9113 9109 9189 3
9253 9113 9189 3 9109 9113 8979 3 9113 9253
9279 3 8919 9109 8979 3 9279 9253 9477 3
9109 8919 9071 3 9357 9477 9253 3 8919 9041
9071 3 9421 9477 9357 3 8877 9041 8919 3
9477 9421 9663 3 8913 9041 8877 3 9703 9663
9421 3 9041 8913 9067 3 9703 9421 9509 3
9067 8913 9101 3 9553 9703 9509 3 9101 8913
8962 3 9703 9553 9731 3 9089 9101 8962 3
9553 9696 9731 3 9101 9089 9185 3 9696 9553
9505 3 9089 9239 9185 3 9412 9696 9505 3
9089 9248 9239 3 9696 9412 9655 3 9453 9239
9248 3 9655 9412 9453 3 9239 9453 9353 3
9412 9353 9453 3 9621 9317 9541 3 9317 9337
9541 3 9317 9621 9349 3 9337 9317 9219 3
9349 9621 9371 3 9157 9337 9219 3 9621 9674
9371 3 9337 9157 9168 3 9620 9371 9674 3
9168 9157 9007 3 9371 9620 9348 3 9007 9157
9059 3 9620 9316 9348 3 9012 9007 9059 3
9540 9316 9620 3 9007 9012 8899 3 9336 9316
9540 3 8826 8899 9012 3 9316 9336 9218 3
8975 8826 9012 3 9336 9156 9218 3 8930 8826
8975 3 9156 9336 9167 3 8826 8930 8759 3
9006 9156 9167 3 8930 8825 8759 3 9156 9006
9057 3 8825 8930 8974 3 9057 9006 9011 3
9011 8825 8974 3 8898 9011 9006 3 8825 9011
8898 3 9121 9123 9193 3 9266 9121 9193 3
9123 9121 8983 3 9121 9266 9284 3 8923 9123
8983 3 9266 9488 9284 3 9123 8923 9078 3
9361 9488 9266 3 9044 9078 8923 3 9441 9488
9361 3 8892 9044 8923 3 9488 9441 9669 3
8922 9044 8892 3 9669 9441 9711 3 9044 8922
9077 3 9711 9441 9521 3 9077 8922 9122 3
9568 9711 9521 3 9122 8922 8982 3 9711 9568
9738 3 9120 9122 8982 3 9568 9710 9738 3
9122 9120 9192 3 9710 9568 9520 3 9120 9265
9192 3 9440 9710 9520 3 9120 9282 9265 3
9710 9440 9668 3 9487 9265 9282 3 9668 9440
9487 3 9265 9487 9360 3 9440 9360 9487 3
9612 9304 9532 3 9532 9304 9332 3 9304 9612
9344 3 9208 9332 9304 3 9612 9364 9344 3
9145 9332 9208 3 9364 9612 9666 3 9332 9145
9164 3 9604 9364 9666 3 9145 9002 9164 3
9364 9604 9340 3 9002 9145 9050 3 9604 9296
9340 3 8998 9002 9050 3 9604 9516 9296 3
9002 8998 8894 3 9324 9296 9516 3 8894 8998
8815 3 9296 9324 9197 3 8815 8998 8952 3
9197 9324 9139 3 8926 8815 8952 3 9144 9139
9324 3 8815 8926 8750 3 8986 9139 9144 3
8806 8750 8926 3 9139 8986 9046 3 8945 8806
8926 3 8986 8994 9046 3 8994 8806 8945 3
8994 8986 8879 3 8806 8994 8879 3 9188 9112
9108 3 9249 9112 9188 3 8978 9108 9112 3
9112 9249 9276 3 8918 9108 8978 3 9476 9276
9249 3 9108 8918 9070 3 9476 9249 9356 3
8918 9040 9070 3 9417 9476 9356 3 9040 8918
8876 3 9476 9417 9662 3 8912 9040 8876 3
9417 9702 9662 3 9040 8912 9065 3 9508 9702
9417 3 8912 9100 9065 3 9552 9702 9508 3
8959 9100 8912 3 9702 9552 9730 3 9088 9100
8959 3 9730 9552 9694 3 9100 9088 9184 3
9552 9504 9694 3 9184 9088 9238 3 9410 9694
9504 3 9238 9088 9246 3 9694 9410 9654 3
9452 9238 9246 3 9410 9452 9654 3 9238 9452
9350 3 9452 9410 9350 3 9614 9306 9534 3
9534 9306 9334 3 9306 9614 9346 3 9213 9334
9306 3 9614 9366 9346 3 9150 9334 9213 3
9366 9614 9670 3 9334 9150 9166 3 9606 9366
9670 3 9004 9166 9150 3 9366 9606 9342 3
9004 9150 9052 3 9342 9606 9298 3 9000 9004
9052 3 9606 9518 9298 3 9004 9000 8896 3
9326 9298 9518 3 8896 9000 8817 3 9298 9326
9201 3 8817 9000 8954 3 9326 9142 9201 3
8928 8817 8954 3 9147 9142 9326 3 8817 8928
8752 3 8988 9142 9147 3 8809 8752 8928 3
9142 8988 9048 3 8949 8809 8928 3 8988 8996
9048 3 8996 8809 8949 3 8996 8988 8882 3
8809 8996 8882 3 8980 9110 9116 3 8920 9110
8980 3 9110 9190 9116 3 9110 8920 9072 3
9256 9116 9190 3 8920 9042 9072 3 9116 9256
9281 3 9042 8920 8878 3 9478 9281 9256 3
8915 9042 8878 3 9478 9256 9358 3 9042 8915
9068 3 9423 9478 9358 3 8915 9102 9068 3
9478 9423 9664 3 8915 8964 9102 3 9423 9704
9664 3 9090 9102 8964 3 9510 9704 9423 3
9102 9090 9186 3 9554 9704 9510 3 9186 9090
9240 3 9704 9554 9732 3 9250 9240 9090 3
9732 9554 9697 3 9454 9240 9250 3 9697 9554
9506 3 9240 9454 9354 3 9413 9697 9506 3
9454 9413 9354 3 9697 9413 9656 3 9413 9454
9656 3 9307 9615 9347 3 9347 9615 9367 3
9615 9307 9537 3 9615 9671 9367 3 9307 9335
9537 3 9607 9367 9671 3 9335 9307 9215 3
9367 9607 9343 3 9151 9335 9215 3 9607 9299
9343 3 9335 9151 9169 3 9519 9299 9607 3
9169 9151 9005 3 9327 9299 9519 3 9053 9005
9151 3 9299 9327 9203 3 9001 9005 9053 3
9327 9143 9203 3 9005 9001 8897 3 9143 9327
9149 3 8818 8897 9001 3 8989 9143 9149 3
8818 9001 8955 3 9143 8989 9049 3 8929 8818
8955 3 9049 8989 8997 3 8818 8929 8753 3
8883 8997 8989 3 8929 8810 8753 3 8810 8997
8883 3 8810 8929 8951 3 8997 8810 8951 3
9117 9111 9191 3 9259 9117 9191 3 9111 9117
8981 3 9117 9259 9285 3 8921 9111 8981 3
9259 9482 9285 3 9111 8921 9074 3 9359 9482
9259 3 9043 9074 8921 3 9430 9482 9359 3
8880 9043 8921 3 9482 9430 9665 3 8917 9043
8880 3 9665 9430 9705 3 9043 8917 9069 3
9705 9430 9513 3 9069 8917 9103 3 9555 9705
9513 3 9103 8917 8968 3 9705 9555 9733 3
9092 9103 8968 3 9555 9700 9733 3 9103 9092
9187 3 9700 9555 9507 3 9092 9241 9187 3
9414 9700 9507 3 9092 9254 9241 3 9700 9414
9657 3 9456 9241 9254 3 9657 9414 9456 3
9241 9456 9355 3 9355 9456 9414 3 4354 4127
4345 3 4127 4354 4139 3 4345 4117 4335 3
4117 4345 4127 3 4335 4109 4317 3 4109 4335
4117 3 4317 4113 4332 3 4113 4317 4109 3
4332 4123 4341 3 4123 4332 4113 3 4341 4137
4353 3 4137 4341 4123 3 4353 4144 4359 3
4144 4353 4137 3 4359 4139 4354 3 4139 4359
4144 3 4872 4646 4845 3 4646 4872 4684 3
4908 4684 4872 3 4684 4908 4716 3 4914 4716
4908 3 4716 4914 4719 3 4887 4719 4914 3
4719 4887 4699 3 4855 4699 4887 3 4699 4855
4663 3 4827 4663 4855 3 4663 4827 4630 3
4816 4630 4827 3 4630 4816 4624 3 4845 4624
4816 3 4624 4845 4646 3 4884 4658 4852 3
4658 4884 4696 3 4917 4696 4884 3 4696 4917
4721 3 4918 4721 4917 3 4721 4918 4722 3
4885 4722 4918 3 4722 4885 4697 3 4853 4697
4885 3 4697 4853 4659 3 4831 4659 4853 3
4659 4831 4633 3 4830 4633 4831 3 4633 4830
4632 3 4852 4632 4830 3 4632 4852 4658 3
4848 4626 4822 3 4626 4848 4649 3 4877 4649
4848 3 4649 4877 4690 3 4911 4690 4877 3
4690 4911 4717 3 4912 4717 4911 3 4717 4912
4718 3 4881 4718 4912 3 4718 4881 4693 3
4849 4693 4881 3 4693 4849 4653 3 4823 4653
4849 3 4653 4823 4627 3 4822 4627 4823 3
4627 4822 4626 3 4886 4662 4854 3 4662 4886
4698 3 4919 4698 4886 3 4698 4919 4723 3
4916 4723 4919 3 4723 4916 4720 3 4882 4720
4916 3 4720 4882 4694 3 4850 4694 4882 3
4694 4850 4656 3 4828 4656 4850 3 4656 4828
4631 3 4832 4631 4828 3 4631 4832 4634 3
4854 4634 4832 3 4634 4854 4662 3 4847 4615
4792 3 4615 4847 4648 3 4866 4648 4847 3
4648 4866 4677 3 4873 4677 4866 3 4677 4873
4686 3 4856 4686 4873 3 4686 4856 4666 3
4817 4666 4856 3 4666 4817 4625 3 4782 4625
4817 3 4625 4782 4608 3 4779 4608 4782 3
4608 4779 4606 3 4792 4606 4779 3 4606 4792
4615 3 4857 4628 4824 3 4628 4857 4667 3
4878 4667 4857 3 4667 4878 4691 3 4880 4691
4878 3 4691 4880 4692 3 4859 4692 4880 3
4692 4859 4669 3 4826 4669 4859 3 4669 4826
4629 3 4784 4629 4826 3 4629 4784 4610 3
4783 4610 4784 3 4610 4783 4609 3 4824 4609
4783 3 4609 4824 4628 3 4862 4636 4834 3
4636 4862 4674 3 4889 4674 4862 3 4674 4889
4704 3 4900 4704 4889 3 4704 4900 4712 3
4876 4712 4900 3 4712 4876 4687 3 4846 4687
4876 3 4687 4846 4647 3 4807 4647 4846 3
4647 4807 4622 3 4796 4622 4807 3 4622 4796
4616 3 4834 4616 4796 3 4616 4834 4636 3
4867 4641 4839 3 4641 4867 4676 3 4896 4676
4867 3 4676 4896 4710 3 4899 4710 4896 3
4710 4899 4711 3 4871 4711 4899 3 4711 4871
4680 3 4842 4680 4871 3 4680 4842 4644 3
4805 4644 4842 3 4644 4805 4620 3 4804 4620
4805 3 4620 4804 4619 3 4839 4619 4804 3
4619 4839 4641 3 4851 4657 4883 3 4883 4657
4695 3 4883 4695 4920 3 4920 4695 4724 3
4920 4724 4921 3 4921 4724 4725 3 4921 4725
4893 3 4893 4725 4708 3 4893 4708 4861 3
4861 4708 4672 3 4861 4672 4835 3 4835 4672
4637 3 4835 4637 4833 3 4833 4637 4635 3
4833 4635 4851 3 4851 4635 4657 3 4858 4668
4890 3 4890 4668 4705 3 4890 4705 4923 3
4923 4705 4726 3 4923 4726 4924 3 4924 4726
4728 3 4924 4728 4892 3 4892 4728 4707 3
4892 4707 4860 3 4860 4707 4670 3 4860 4670
4838 3 4838 4670 4640 3 4838 4640 4836 3
4836 4640 4638 3 4836 4638 4858 3 4858 4638
4668 3 4799 4617 4837 3 4837 4617 4639 3
4837 4639 4865 3 4865 4639 4675 3 4865 4675
4891 3 4891 4675 4706 3 4891 4706 4894 3
4894 4706 4709 3 4894 4709 4869 3 4869 4709
4678 3 4869 4678 4840 3 4840 4678 4642 3
4840 4642 4802 3 4802 4642 4618 3 4802 4618
4799 3 4799 4618 4617 3 4844 4645 4874 3
4874 4645 4685 3 4874 4685 4904 3 4904 4685
4715 3 4904 4715 4901 3 4901 4715 4713 3
4901 4713 4870 3 4870 4713 4679 3 4870 4679
4841 3 4841 4679 4643 3 4841 4643 4806 3
4806 4643 4621 3 4806 4621 4809 3 4809 4621
4623 3 4809 4623 4844 3 4844 4623 4645 3
4431 4203 4399 3 4203 4431 4220 3 4465 4220
4431 3 4220 4465 4238 3 4466 4238 4465 3
4238 4466 4239 3 4451 4239 4466 3 4239 4451
4229 3 4407 4229 4451 3 4229 4407 4210 3
4384 4210 4407 3 4210 4384 4190 3 4381 4190
4384 3 4190 4381 4187 3 4399 4187 4381 3
4187 4399 4203 3 4450 4207 4402 3 4207 4450
4228 3 4469 4228 4450 3 4228 4469 4242 3
4468 4242 4469 3 4242 4468 4241 3 4449 4241
4468 3 4241 4449 4227 3 4401 4227 4449 3
4227 4401 4206 3 4386 4206 4401 3 4206 4386
4191 3 4387 4191 4386 3 4191 4387 4192 3
4402 4192 4387 3 4192 4402 4207 3 4474 4233
4459 3 4233 4474 4250 3 4484 4250 4474 3
4250 4484 4263 3 4488 4263 4484 3 4263 4488
4279 3 4489 4279 4488 3 4279 4489 4280 3
4486 4280 4489 3 4280 4486 4265 3 4476 4265
4486 3 4265 4476 4252 3 4460 4252 4476 3
4252 4460 4234 3 4459 4234 4460 3 4234 4459
4233 3 4487 4256 4477 3 4256 4487 4266 3
4491 4266 4487 3 4266 4491 4282 3 4490 4282
4491 3 4282 4490 4281 3 4485 4281 4490 3
4281 4485 4264 3 4475 4264 4485 3 4264 4475
4251 3 4461 4251 4475 3 4251 4461 4235 3
4462 4235 4461 3 4235 4462 4236 3 4477 4236
4462 3 4236 4477 4256 3 4403 4208 4432 3
4432 4208 4221 3 4432 4221 4467 3 4467 4221
4240 3 4467 4240 4479 3 4479 4240 4259 3
4479 4259 4481 3 4481 4259 4261 3 4481 4261
4472 3 4472 4261 4248 3 4472 4248 4435 3
4435 4248 4224 3 4435 4224 4408 3 4408 4224
4211 3 4408 4211 4403 3 4403 4211 4208 3
4441 4225 4473 3 4473 4225 4249 3 4473 4249
4482 3 4482 4249 4262 3 4482 4262 4480 3
4480 4262 4260 3 4480 4260 4470 3 4470 4260
4245 3 4470 4245 4433 3 4433 4245 4222 3
4433 4222 4406 3 4406 4222 4209 3 4406 4209
4412 3 4412 4209 4213 3 4412 4213 4441 3
4441 4213 4225 3 4365 4159 4389 3 4389 4159
4193 3 4389 4193 4411 3 4411 4193 4212 3
4411 4212 4425 3 4425 4212 4214 3 4425 4214
4398 3 4398 4214 4202 3 4398 4202 4370 3
4370 4202 4164 3 4370 4164 4358 3 4358 4164
4143 3 4358 4143 4355 3 4355 4143 4140 3
4355 4140 4365 3 4365 4140 4159 3 4369 4163
4395 3 4395 4163 4199 3 4395 4199 4427 3
4427 4199 4216 3 4427 4216 4426 3 4426 4216
4215 3 4426 4215 4394 3 4394 4215 4198 3
4394 4198 4368 3 4368 4198 4162 3 4368 4162
4360 3 4360 4162 4145 3 4360 4145 4361 3
4361 4145 4146 3 4361 4146 4369 3 4369 4146
4163 3 4428 4195 4391 3 4195 4428 4217 3
4458 4217 4428 3 4217 4458 4232 3 4463 4232
4458 3 4232 4463 4237 3 4434 4237 4463 3
4237 4434 4223 3 4400 4223 4434 3 4223 4400
4204 3 4380 4204 4400 3 4204 4380 4185 3
4375 4185 4380 3 4185 4375 4169 3 4391 4169
4375 3 4169 4391 4195 3 4367 4136 4352 3
4136 4367 4161 3 4382 4161 4367 3 4161 4382
4188 3 4390 4188 4382 3 4188 4390 4194 3
4372 4194 4390 3 4194 4372 4166 3 4356 4166
4372 3 4166 4356 4141 3 4347 4141 4356 3
4141 4347 4131 3 4346 4131 4347 3 4131 4346
4130 3 4352 4130 4346 3 4130 4352 4136 3
4379 4148 4363 3 4148 4379 4186 3 4397 4186
4379 3 4186 4397 4201 3 4396 4201 4397 3
4201 4396 4200 3 4378 4200 4396 3 4200 4378
4181 3 4362 4181 4378 3 4181 4362 4147 3
4350 4147 4362 3 4147 4350 4134 3 4351 4134
4350 3 4134 4351 4135 3 4363 4135 4351 3
4135 4363 4148 3 4429 4196 4392 3 4196 4429
4218 3 4392 4165 4371 3 4165 4392 4196 3
4371 4167 4373 3 4167 4371 4165 3 4373 4197
4393 3 4197 4373 4167 3 4393 4219 4430 3
4219 4393 4197 3 4430 4231 4455 3 4231 4430
4219 3 4455 4230 4454 3 4230 4455 4231 3
4454 4218 4429 3 4218 4454 4230 3 4344 4124
4342 3 4124 4344 4126 3 4342 4119 4336 3
4119 4342 4124 3 4336 4104 4310 3 4104 4336
4119 3 4310 4099 4304 3 4099 4310 4104 3
4304 4100 4305 3 4100 4304 4099 3 4305 4107
4315 3 4107 4305 4100 3 4315 4120 4337 3
4120 4315 4107 3 4337 4126 4344 3 4126 4337
4120 3 4318 4121 4338 3 4121 4318 4110 3
4338 4122 4339 3 4122 4338 4121 3 4339 4116
4334 3 4116 4339 4122 3 4334 4103 4307 3
4103 4334 4116 3 4307 4085 4302 3 4085 4307
4103 3 4302 4083 4299 3 4083 4302 4085 3
4299 4101 4306 3 4101 4299 4083 3 4306 4110
4318 3 4110 4306 4101 3 4283 4073 4284 3
4073 4283 4072 3 4284 4090 4303 3 4090 4284
4073 3 4303 4106 4314 3 4106 4303 4090 3
4314 4115 4333 3 4115 4314 4106 3 4333 4114
4331 3 4114 4333 4115 3 4331 4105 4311 3
4105 4331 4114 3 4311 4084 4301 3 4084 4311
4105 3 4301 4072 4283 3 4072 4301 4084 3
4348 4142 4357 3 4142 4348 4132 3 4357 4168
4374 3 4168 4357 4142 3 4374 4189 4383 3
4189 4374 4168 3 4383 4177 4377 3 4177 4383
4189 3 4377 4149 4364 3 4149 4377 4177 3
4364 4133 4349 3 4133 4364 4149 3 4349 4125
4343 3 4125 4349 4133 3 4343 4132 4348 3
4132 4343 4125 3 1502 2288 2233 3 2233 1443
1502 3 2860 2353 2819 3 2289 2819 2353 3
2178 1443 2233 3 2178 1388 1443 3 1388 2155
1343 3 2155 1388 2178 3 2179 1389 2156 3
1344 2156 1389 3 2353 1577 2289 3 1503 2289
1577 3 2234 1444 2179 3 1389 2179 1444 3
2424 1629 2353 3 1577 2353 1629 3 2859 2352
2423 3 2423 2878 2859 3 2772 2234 2738 3
2179 2738 2234 3 2878 2423 2472 3 2472 2894
2878 3 2738 2179 2717 3 2156 2717 2179 3
2894 2499 2905 3 2499 2894 2472 3 2905 2499
2906 3 2906 2499 2500 3 2716 2178 2737 3
2178 2716 2155 3 2906 2500 2895 3 2473 2895
2500 3 2737 2178 2233 3 2233 2771 2737 3
2895 2473 2879 3 2424 2879 2473 3 2771 2233
2288 3 2288 2818 2771 3 2879 2424 2860 3
2353 2860 2424 3 2818 2288 2352 3 2352 2859
2818 3 2819 2289 2772 3 2234 2772 2289 3
2289 1503 2234 3 1444 2234 1503 3 2473 1685
2424 3 1629 2424 1685 3 2500 1719 2473 3
1685 2473 1719 3 2499 1718 2500 3 2500 1718
1719 3 1718 2472 1684 3 2472 1718 2499 3
1684 2472 2423 3 2423 1628 1684 3 1628 2423
2352 3 2352 1576 1628 3 1576 2352 2288 3
2288 1502 1576 3 1389 886 1344 3 797 1344
886 3 1634 1502 1366 3 1502 1634 1576 3
1719 2198 1685 3 2198 1719 2325 3 1086 1444
1367 3 1367 1444 1503 3 1084 1388 885 3
1388 1084 1443 3 2324 1718 2197 3 1684 2197
1718 3 1577 1635 1503 3 1635 1367 1503 3
1344 797 1343 3 797 796 1343 3 1634 1963
1628 3 1634 1628 1576 3 1685 1965 1629 3
1965 1685 2198 3 1444 1086 1389 3 886 1389
1086 3 1366 1443 1084 3 1443 1366 1502 3
2325 1719 2324 3 2324 1719 1718 3 885 1343
796 3 1343 885 1388 3 2197 1684 1963 3
1628 1963 1684 3 1635 1629 1965 3 1629 1635
1577 3 1437 2227 1494 3 2286 1494 2227 3
2816 2287 2348 3 2348 2857 2816 3 1385 2172
1437 3 2227 1437 2172 3 2153 1385 1336 3
1385 2153 2172 3 1386 2173 2154 3 2154 1337
1386 3 1573 2348 2287 3 2287 1495 1573 3
1438 2228 2173 3 2173 1386 1438 3 1625 2421
2348 3 2348 1573 1625 3 2856 2420 2347 3
2420 2856 2876 3 2736 2173 2228 3 2228 2769
2736 3 2469 2876 2892 3 2420 2876 2469 3
2712 2154 2173 3 2173 2736 2712 3 2892 2496
2469 3 2496 2892 2903 3 2904 2496 2903 3
2496 2904 2497 3 2711 2172 2153 3 2172 2711
2735 3 2893 2470 2497 3 2497 2904 2893 3
2227 2735 2768 3 2172 2735 2227 3 2877 2421
2470 3 2470 2893 2877 3 2768 2286 2227 3
2286 2768 2815 3 2857 2348 2421 3 2421 2877
2857 3 2815 2347 2286 3 2347 2815 2856 3
2769 2228 2287 3 2287 2816 2769 3 1495 2287
2228 3 2228 1438 1495 3 1683 2470 2421 3
2421 1625 1683 3 1712 2497 2470 3 2470 1683
1712 3 1711 2496 2497 3 2497 1712 1711 3
2469 1711 1682 3 1711 2469 2496 3 1624 2420
1682 3 2469 1682 2420 3 1572 2347 1624 3
2420 1624 2347 3 1494 2286 1572 3 2347 1572
2286 3 1337 794 883 3 883 1386 1337 3
1632 1494 1572 3 1494 1632 1364 3 2193 1712
1683 3 1712 2193 2322 3 1438 1080 1365 3
1365 1495 1438 3 1437 1079 1385 3 882 1385
1079 3 1711 2321 2192 3 2192 1682 1711 3
1495 1633 1573 3 1365 1633 1495 3 794 1336
793 3 1336 794 1337 3 1632 1624 1958 3
1624 1632 1572 3 1625 1959 1683 3 2193 1683
1959 3 1386 883 1080 3 1080 1438 1386 3
1437 1364 1079 3 1364 1437 1494 3 1712 2322
2321 3 2321 1711 1712 3 1336 882 793 3
882 1336 1385 3 1958 1624 1682 3 1958 1682
2192 3 1633 1625 1573 3 1625 1633 1959 3
8813 8800 8823 3 8800 8813 8797 3 8807 8797
8813 3 8797 8807 8794 3 8804 8794 8807 3
8794 8804 8792 3 8805 8792 8804 3 8792 8805
8793 3 8812 8793 8805 3 8793 8812 8796 3
8821 8796 8812 3 8796 8821 8799 3 8827 8799
8821 3 8799 8827 8801 3 8823 8801 8827 3
8801 8823 8800 3 8767 8743 8771 3 8743 8767
8737 3 8763 8737 8767 3 8737 8763 8733 3
8765 8733 8763 3 8733 8765 8736 3 8770 8736
8765 3 8736 8770 8741 3 8780 8741 8770 3
8741 8780 8746 3 8785 8746 8780 3 8746 8785
8749 3 8782 8749 8785 3 8749 8782 8748 3
8771 8748 8782 3 8748 8771 8743 3 8844 8832
8849 3 8832 8844 8820 3 8842 8820 8844 3
8820 8842 8814 3 8843 8814 8842 3 8814 8843
8819 3 8848 8819 8843 3 8819 8848 8829 3
8853 8829 8848 3 8829 8853 8836 3 8857 8836
8853 3 8836 8857 8838 3 8854 8838 8857 3
8838 8854 8837 3 8849 8837 8854 3 8837 8849
8832 3 8846 8834 8851 3 8834 8846 8824 3
8845 8824 8846 3 8824 8845 8822 3 8847 8822
8845 3 8822 8847 8828 3 8852 8828 8847 3
8828 8852 8835 3 8862 8835 8852 3 8835 8862
8840 3 8863 8840 8862 3 8840 8863 8841 3
8861 8841 8863 3 8841 8861 8839 3 8851 8839
8861 3 8839 8851 8834 3 8734 8720 8739 3
8720 8734 8707 3 8732 8707 8734 3 8707 8732
8706 3 8735 8706 8732 3 8706 8735 8709 3
8740 8709 8735 3 8709 8740 8722 3 8745 8722
8740 3 8722 8745 8726 3 8747 8726 8745 3
8726 8747 8727 3 8744 8727 8747 3 8727 8744
8725 3 8739 8725 8744 3 8725 8739 8720 3
5298 5258 5303 3 5258 5298 5251 3 5296 5251
5298 3 5251 5296 5246 3 5299 5246 5296 3
5246 5299 5253 3 5306 5253 5299 3 5253 5306
5261 3 5314 5261 5306 3 5261 5314 5272 3
5315 5272 5314 3 5272 5315 5277 3 5310 5277
5315 3 5277 5310 5270 3 5303 5270 5310 3
5270 5303 5258 3 5177 5143 5187 3 5143 5177
5136 3 5175 5136 5177 3 5136 5175 5133 3
5176 5133 5175 3 5133 5176 5135 3 5186 5135
5176 3 5135 5186 5142 3 5198 5142 5186 3
5142 5198 5150 3 5201 5150 5198 3 5150 5201
5156 3 5199 5156 5201 3 5156 5199 5152 3
5187 5152 5199 3 5152 5187 5143 3 5308 5278
5316 3 5278 5308 5263 3 5302 5263 5308 3
5263 5302 5257 3 5305 5257 5302 3 5257 5305
5260 3 5313 5260 5305 3 5260 5313 5271 3
5320 5271 5313 3 5271 5320 5281 3 5329 5281
5320 3 5281 5329 5287 3 5327 5287 5329 3
5287 5327 5285 3 5316 5285 5327 3 5285 5316
5278 3 5197 5161 5204 3 5161 5197 5149 3
5191 5149 5197 3 5149 5191 5145 3 5192 5145
5191 3 5145 5192 5146 3 5200 5146 5192 3
5146 5200 5153 3 5205 5153 5200 3 5153 5205
5162 3 5208 5162 5205 3 5162 5208 5167 3
5207 5167 5208 3 5167 5207 5165 3 5204 5165
5207 3 5165 5204 5161 3 1343 2156 1344 3
2156 1343 2155 3 2155 2717 2156 3 2717 2155
2716 3 2154 1336 1337 3 1336 2154 2153 3
2712 2153 2154 3 2153 2712 2711 3 4885 4831
4853 3 4918 4831 4885 3 4831 4918 4830 3
4918 4852 4830 3 4852 4918 4884 3 4918 4917
4884 3 4633 4697 4659 3 4697 4633 4722 3
4632 4722 4633 3 4722 4632 4658 3 4722 4658
4696 3 4722 4696 4721 3 4381 4431 4399 3
4381 4465 4431 3 4384 4465 4381 3 4465 4384
4451 3 4465 4451 4466 3 4451 4384 4407 3
4220 4187 4203 3 4238 4187 4220 3 4187 4238
4190 3 4190 4238 4229 3 4190 4229 4210 3
4229 4238 4239 3 4435 4481 4472 3 4481 4435
4479 3 4408 4479 4435 3 4479 4408 4467 3
4403 4467 4408 3 4467 4403 4432 3 4261 4224
4248 3 4224 4261 4259 3 4224 4259 4211 3
4240 4211 4259 3 4211 4240 4208 3 4208 4240
4221 3 4363 4397 4379 3 4397 4363 4396 3
4396 4363 4351 3 4362 4396 4351 3 4362 4351
4350 3 4396 4362 4378 3 4201 4148 4186 3
4200 4148 4201 3 4200 4135 4148 3 4147 4135
4200 3 4135 4147 4134 3 4147 4200 4181 3
4073 4106 4090 3 4072 4106 4073 3 4106 4072
4115 3 4115 4072 4084 3 4105 4115 4084 3
4115 4105 4114 3 4314 4284 4303 3 4284 4314
4283 3 4333 4283 4314 3 4333 4301 4283 3
4301 4333 4311 3 4311 4333 4331 3 2737 2717
2716 3 2717 2737 2738 3 2771 2738 2737 3
2738 2771 2772 3 2818 2772 2771 3 2772 2818
2819 3 2819 2818 2860 3 2859 2860 2818 3
2878 2860 2859 3 2878 2879 2860 3 2894 2879
2878 3 2879 2894 2895 3 2895 2894 2906 3
2906 2894 2905 3 2892 2904 2903 3 2904 2892
2893 3 2876 2893 2892 3 2893 2876 2877 3
2877 2876 2857 3 2856 2857 2876 3 2857 2856
2816 3 2815 2816 2856 3 2816 2815 2768 3
2816 2768 2769 3 2768 2736 2769 3 2736 2768
2735 3 2736 2735 2712 3 2712 2735 2711 3
8851 8845 8846 3 8845 8851 8847 3 8861 8847
8851 3 8847 8861 8852 3 8852 8861 8863 3
8852 8863 8862 3 8822 8834 8824 3 8828 8834
8822 3 8828 8839 8834 3 8835 8839 8828 3
8839 8835 8841 3 8841 8835 8840 3 5198 5199
5201 3 5199 5198 5186 3 5186 5187 5199 3
5175 5187 5186 3 5175 5186 5176 3 5187 5175
5177 3 5152 5150 5156 3 5152 5142 5150 3
5142 5152 5143 3 5142 5143 5133 3 5142 5133
5135 3 5133 5143 5136 3 4822 4877 4848 3
4877 4822 4911 3 4881 4911 4822 3 4911 4881
4912 3 4881 4822 4823 3 4881 4823 4849 3
4690 4626 4649 3 4717 4626 4690 3 4626 4717
4693 3 4693 4717 4718 3 4693 4627 4626 3
4627 4693 4653 3 4882 4828 4850 3 4916 4828
4882 3 4828 4916 4886 3 4886 4916 4919 3
4828 4886 4832 3 4832 4886 4854 3 4698 4634
4662 3 4634 4698 4631 3 4720 4698 4723 3
4720 4631 4698 3 4694 4631 4720 3 4631 4694
4656 3 4826 4783 4784 3 4783 4826 4824 3
4880 4824 4826 3 4880 4826 4859 3 4824 4880
4857 3 4857 4880 4878 3 4692 4667 4691 3
4692 4628 4667 3 4628 4692 4629 3 4629 4692
4669 3 4629 4609 4628 3 4609 4629 4610 3
4865 4799 4837 3 4891 4799 4865 3 4799 4891
4869 3 4869 4891 4894 3 4799 4869 4802 3
4802 4869 4840 3 4678 4618 4642 3 4618 4678
4617 3 4706 4678 4709 3 4617 4678 4706 3
4617 4706 4675 3 4617 4675 4639 3 4391 4458
4428 3 4458 4391 4463 3 4463 4391 4400 3
4463 4400 4434 3 4375 4400 4391 3 4400 4375
4380 3 4232 4195 4217 3 4237 4195 4232 3
4195 4237 4204 3 4204 4237 4223 3 4204 4169
4195 3 4169 4204 4185 3 4356 4346 4347 3
4356 4352 4346 3 4390 4356 4372 3 4390 4352
4356 3 4382 4352 4390 3 4352 4382 4367 3
4188 4136 4161 3 4194 4136 4188 3 4136 4194
4141 3 4141 4194 4166 3 4141 4130 4136 3
4130 4141 4131 3 4100 4120 4107 3 4120 4100
4126 3 4104 4100 4099 3 4100 4104 4126 3
4119 4126 4104 3 4126 4119 4124 3 4336 4344
4342 3 4310 4344 4336 3 4344 4310 4305 3
4305 4310 4304 3 4305 4337 4344 3 4337 4305
4315 3 4132 4168 4142 3 4168 4132 4189 3
4133 4132 4125 3 4133 4189 4132 3 4149 4189
4133 3 4189 4149 4177 3 4374 4348 4357 3
4383 4348 4374 3 4348 4349 4343 3 4383 4349
4348 3 4349 4383 4364 3 4364 4383 4377 3
8821 8823 8827 3 8823 8821 8813 3 8821 8804
8813 3 8813 8804 8807 3 8804 8821 8812 3
8804 8812 8805 3 8796 8792 8793 3 8799 8792
8796 3 8792 8797 8794 3 8792 8799 8797 3
8797 8799 8800 3 8800 8799 8801 3 8744 8734
8739 3 8747 8734 8744 3 8745 8734 8747 3
8745 8732 8734 3 8732 8745 8735 3 8735 8745
8740 3 8707 8725 8720 3 8725 8707 8727 3
8727 8707 8726 3 8706 8726 8707 3 8726 8706
8709 3 8726 8709 8722 3 5204 5191 5197 3
5191 5204 5192 3 5208 5204 5207 3 5208 5192
5204 3 5205 5192 5208 3 5192 5205 5200 3
5162 5146 5153 3 5167 5146 5162 3 5146 5167
5161 3 5161 5167 5165 3 5146 5161 5145 3
5145 5161 5149 3 4866 4856 4873 3 4856 4866
4792 3 4792 4866 4847 3 4792 4817 4856 3
4817 4792 4782 3 4782 4792 4779 3 4666 4677
4686 3 4677 4666 4615 3 4677 4615 4648 3
4615 4666 4625 3 4615 4625 4608 3 4615 4608
4606 3 4807 4834 4796 3 4834 4807 4876 3
4876 4807 4846 3 4834 4876 4862 3 4876 4889
4862 3 4889 4876 4900 3 4636 4622 4616 3
4687 4622 4636 3 4622 4687 4647 3 4674 4687
4636 3 4687 4674 4704 3 4687 4704 4712 3
4896 4871 4899 3 4896 4804 4871 3 4804 4896
4867 3 4804 4867 4839 3 4804 4842 4871 3
4842 4804 4805 3 4680 4710 4711 3 4680 4619
4710 3 4644 4619 4680 3 4619 4644 4620 3
4710 4619 4676 3 4676 4619 4641 3 4851 4835
4833 3 4835 4851 4893 3 4835 4893 4861 3
4893 4851 4883 3 4893 4883 4920 3 4893 4920
4921 3 4637 4657 4635 3 4637 4708 4657 3
4708 4637 4672 3 4708 4695 4657 3 4695 4708
4724 3 4724 4708 4725 3 4860 4924 4892 3
4860 4858 4924 3 4858 4860 4838 3 4858 4838
4836 3 4858 4923 4924 3 4923 4858 4890 3
4728 4670 4707 3 4668 4670 4728 3 4670 4668
4640 3 4640 4668 4638 3 4668 4728 4726 3
4668 4726 4705 3 4806 4870 4841 3 4874 4870
4806 3 4870 4874 4901 3 4901 4874 4904 3
4874 4806 4809 3 4874 4809 4844 3 4679 4621
4643 3 4679 4685 4621 3 4685 4679 4713 3
4685 4713 4715 3 4685 4623 4621 3 4623 4685
4645 3 4468 4401 4449 3 4468 4387 4401 3
4401 4387 4386 3 4469 4387 4468 3 4387 4469
4450 3 4387 4450 4402 3 4206 4241 4227 3
4206 4192 4241 3 4192 4206 4191 3 4192 4242
4241 3 4192 4228 4242 3 4228 4192 4207 3
4474 4488 4484 3 4460 4488 4474 3 4460 4474
4459 3 4488 4460 4489 3 4460 4486 4489 3
4486 4460 4476 3 4279 4250 4263 3 4279 4234
4250 3 4250 4234 4233 3 4234 4279 4280 3
4234 4280 4265 3 4234 4265 4252 3 4462 4487
4477 3 4462 4490 4487 3 4487 4490 4491 3
4490 4462 4461 3 4475 4490 4461 3 4490 4475
4485 3 4266 4236 4256 3 4281 4236 4266 3
4281 4266 4282 3 4236 4281 4235 3 4235 4281
4251 3 4251 4281 4264 3 4103 4083 4085 3
4121 4083 4103 3 4083 4121 4101 3 4101 4121
4110 3 4121 4103 4116 3 4121 4116 4122 3
4299 4307 4302 3 4307 4299 4338 3 4307 4338
4334 3 4334 4338 4339 3 4306 4338 4299 3
4338 4306 4318 3 8770 8785 8780 3 8767 8785
8770 3 8785 8767 8782 3 8782 8767 8771 3
8767 8770 8765 3 8767 8765 8763 3 8749 8741
8746 3 8749 8737 8741 3 8748 8737 8749 3
8737 8748 8743 3 8741 8737 8736 3 8736 8737
8733 3 8844 8843 8842 3 8853 8843 8844 3
8843 8853 8848 3 8853 8844 8849 3 8853 8849
8854 3 8853 8854 8857 3 8819 8820 8814 3
8820 8819 8836 3 8836 8819 8829 3 8820 8836
8832 3 8836 8837 8832 3 8837 8836 8838 3
5302 5313 5305 3 5302 5327 5313 3 5327 5302
5308 3 5327 5308 5316 3 5327 5320 5313 3
5320 5327 5329 3 5271 5257 5260 3 5285 5257
5271 3 5257 5285 5263 3 5263 5285 5278 3
5285 5271 5281 3 5285 5281 5287 3 4113 4137
4123 3 4137 4113 4144 3 4113 4139 4144 3
4113 4127 4139 3 4113 4117 4127 3 4117 4113
4109 3 4332 4335 4317 3 4332 4345 4335 3
4332 4354 4345 3 4332 4359 4354 3 4359 4332
4353 3 4353 4332 4341 3 4389 4355 4365 3
4355 4389 4358 3 4389 4370 4358 3 4370 4389
4398 3 4398 4389 4425 3 4425 4389 4411 3
4140 4193 4159 3 4193 4140 4143 3 4164 4193
4143 3 4193 4164 4202 3 4193 4202 4214 3
4193 4214 4212 3 4197 4231 4219 3 4231 4197
4230 3 4197 4218 4230 3 4197 4196 4218 3
4197 4165 4196 3 4165 4197 4167 3 4393 4371
4373 3 4393 4392 4371 3 4392 4393 4429 3
4393 4454 4429 3 4454 4393 4455 3 4455 4393
4430 3 4845 4908 4872 3 4827 4845 4816 3
4827 4908 4845 3 4908 4827 4887 3 4908 4887
4914 3 4887 4827 4855 3 4699 4716 4719 3
4630 4699 4663 3 4630 4716 4699 3 4716 4630
4646 3 4716 4646 4684 3 4646 4630 4624 3
4480 4473 4482 3 4433 4480 4470 3 4433 4473
4480 3 4433 4412 4473 3 4412 4433 4406 3
4473 4412 4441 3 4222 4213 4209 3 4213 4249
4225 3 4222 4249 4213 3 4249 4222 4260 3
4249 4260 4262 3 4260 4222 4245 3 4361 4368
4360 3 4368 4426 4394 3 4361 4426 4368 3
4426 4361 4395 3 4426 4395 4427 3 4395 4361
4369 3 4162 4146 4145 3 4215 4162 4198 3
4146 4162 4215 3 4199 4146 4215 3 4199 4215
4216 3 4146 4199 4163 3 5310 5298 5303 3
5314 5310 5315 3 5310 5314 5298 3 5314 5299
5298 3 5299 5314 5306 3 5298 5299 5296 3
5272 5253 5261 3 5253 5251 5246 3 5251 5253
5272 3 5270 5251 5272 3 5270 5272 5277 3
5251 5270 5258 3 5241 5226 5255 3 5226 5241
5220 3 5226 5247 5255 3 5202 5226 5220 3
5247 5226 5230 3 5226 5202 5195 3 5226 5206
5230 3 5206 5226 5195 3 2742 2758 2725 3
2724 2741 2757 3 2767 2724 2757 3 2722 2751
2739 3 2686 2531 2631 3 2531 2686 2599 3
568 2395 2555 3 2395 568 541 3 2621 603
568 3 2621 568 2555 3 2721 639 603 3
2721 603 2621 3 2851 663 639 3 2851 639
2721 3 2891 703 663 3 2891 663 2851 3
2926 736 703 3 2926 703 2891 3 2963 778
736 3 2963 736 2926 3 2982 798 778 3
2982 778 2963 3 2978 789 798 3 2978 798
2982 3 2951 761 789 3 2951 789 2978 3
2916 717 761 3 2916 761 2951 3 2875 693
717 3 2875 717 2916 3 2796 651 693 3
2796 693 2875 3 2670 621 651 3 2670 651
2796 3 2610 597 621 3 2610 621 2670 3
2610 558 597 3 558 2610 2525 3 2323 558
2525 3 558 2323 521 3 2323 483 521 3
483 2323 2131 3 2131 457 483 3 457 2131
1966 3 1966 433 457 3 433 1966 1775 3
1775 391 433 3 391 1775 1654 3 1654 373
391 3 373 1654 1590 3 1590 365 373 3
365 1590 1534 3 1534 355 365 3 355 1534
1498 3 1498 359 355 3 359 1498 1511 3
1511 369 359 3 369 1511 1547 3 1547 381
369 3 381 1547 1601 3 1601 413 381 3
413 1601 1698 3 1698 441 413 3 441 1698
1824 3 1824 465 441 3 465 1824 2029 3
2931 2916 2985 3 2916 2931 2875 3 2029 496
465 3 496 2029 2202 3 2395 541 496 3
496 2202 2395 3 1511 1952 1547 3 1952 1511
1898 3 2888 2875 2931 3 2875 2888 2796 3
2636 2555 2599 3 2599 2555 2395 3 1547 2030
1601 3 2030 1547 1952 3 2847 2670 2796 3
2796 2888 2847 3 1601 2108 1698 3 2108 1601
2030 3 2714 2670 2847 3 2670 2714 2610 3
2760 2621 2636 3 2555 2636 2621 3 2236 1824
1698 3 1698 2108 2236 3 2610 2626 2525 3
2626 2610 2714 3 2621 2760 2721 3 2721 2760
2862 3 1824 2368 2029 3 2368 1824 2236 3
2525 2626 2323 3 2576 2323 2626 3 2721 2862
2851 3 2907 2851 2862 3 2029 2531 2202 3
2531 2029 2368 3 2323 2576 2131 3 2482 2131
2576 3 2950 2891 2907 3 2891 2851 2907 3
2599 2202 2531 3 2202 2599 2395 3 2131 2482
1966 3 2317 1966 2482 3 2989 2926 2950 3
2926 2891 2950 3 2186 1775 2317 3 1775 1966
2317 3 2989 2997 2963 3 2963 2926 2989 3
2186 2072 1654 3 1654 1775 2186 3 2997 3005
2982 3 2982 2963 2997 3 2072 1997 1590 3
1590 1654 2072 3 3002 2982 3005 3 2982 3002
2978 3 1997 1934 1534 3 1534 1590 1997 3
2993 2978 3002 3 2978 2993 2951 3 1934 1498
1534 3 1498 1934 1891 3 2985 2951 2993 3
2951 2985 2916 3 1498 1898 1511 3 1898 1498
1891 3 2783 2871 2774 3 2842 2774 2871 3
2922 2950 2899 3 2907 2899 2950 3 2576 2646
2482 3 2622 2482 2646 3 2368 2631 2531 3
2631 2368 2614 3 2899 2907 2871 3 2862 2871
2907 3 2626 2731 2576 3 2646 2576 2731 3
2614 2368 2236 3 2236 2586 2614 3 2871 2862
2842 3 2760 2842 2862 3 2714 2731 2626 3
2731 2714 2801 3 2586 2236 2108 3 2108 2547
2586 3 2842 2760 2759 3 2636 2759 2760 3
2801 2847 2865 3 2847 2801 2714 3 2547 2108
2030 3 2030 2517 2547 3 2759 2636 2686 3
2686 2636 2599 3 2865 2847 2888 3 2888 2887
2865 3 1952 2517 2030 3 2517 1952 2484 3
2887 2888 2931 3 2931 2912 2887 3 1898 2484
1952 3 2484 1898 2458 3 2912 2931 2985 3
2985 2934 2912 3 1891 2458 1898 3 2458 1891
2450 3 2934 2993 2955 3 2993 2934 2985 3
1891 1934 2467 3 1891 2467 2450 3 2955 3002
2972 3 3002 2955 2993 3 2503 2467 1934 3
1934 1997 2503 3 3005 2972 3002 3 2972 3005
2973 3 2072 2539 1997 3 2503 1997 2539 3
2973 3005 2962 3 3005 2997 2962 3 2186 2570
2072 3 2539 2072 2570 3 2989 2943 2997 3
2962 2997 2943 3 2317 2606 2186 3 2570 2186
2606 3 2950 2922 2989 3 2989 2922 2943 3
2482 2622 2317 3 2606 2317 2622 3 2801 2752
2731 3 2752 2801 2766 3 2698 2586 2547 3
2547 2690 2698 3 2774 2842 2761 3 2759 2761
2842 3 2766 2865 2780 3 2865 2766 2801 3
2690 2547 2517 3 2517 2676 2690 3 2761 2759
2743 3 2743 2759 2686 3 2780 2887 2789 3
2887 2780 2865 3 2484 2676 2517 3 2676 2484
2665 3 2789 2887 2912 3 2912 2804 2789 3
2458 2665 2484 3 2665 2458 2658 3 2804 2912
2934 3 2934 2813 2804 3 2450 2658 2458 3
2658 2450 2656 3 2813 2955 2830 3 2955 2813
2934 3 2450 2467 2662 3 2450 2662 2656 3
2830 2972 2839 3 2972 2830 2955 3 2503 2672
2467 3 2662 2467 2672 3 2839 2973 2841 3
2973 2839 2972 3 2539 2687 2503 3 2672 2503
2687 3 2962 2835 2973 3 2841 2973 2835 3
2570 2695 2539 3 2687 2539 2695 3 2943 2821
2962 3 2835 2962 2821 3 2606 2703 2570 3
2695 2570 2703 3 2821 2943 2807 3 2922 2807
2943 3 2622 2723 2606 3 2703 2606 2723 3
2743 2631 2727 3 2631 2743 2686 3 2807 2922
2795 3 2899 2795 2922 3 2646 2740 2622 3
2723 2622 2740 3 2614 2727 2631 3 2727 2614
2707 3 2795 2899 2783 3 2871 2783 2899 3
2731 2752 2646 3 2740 2646 2752 3 2707 2614
2586 3 2586 2698 2707 3 2682 2524 2596 3
2524 2682 2629 3 2391 539 2554 3 2554 539
567 3 601 2554 567 3 2554 601 2618 3
638 2618 601 3 2618 638 2718 3 662 2718
638 3 2718 662 2850 3 702 2850 662 3
2850 702 2890 3 735 2890 702 3 2890 735
2925 3 775 2925 735 3 2925 775 2961 3
795 2961 775 3 2961 795 2980 3 787 2980
795 3 2980 787 2976 3 759 2976 787 3
2976 759 2949 3 714 2949 759 3 2949 714
2915 3 690 2915 714 3 2915 690 2874 3
650 2874 690 3 2874 650 2793 3 620 2793
650 3 2793 620 2666 3 596 2666 620 3
2666 596 2609 3 557 2521 596 3 596 2521
2609 3 519 2521 557 3 2521 519 2318 3
482 2128 519 3 2318 519 2128 3 456 1956
482 3 2128 482 1956 3 432 1773 456 3
1956 456 1773 3 390 1651 432 3 1773 432
1651 3 372 1586 390 3 1651 390 1586 3
364 1529 372 3 1586 372 1529 3 354 1493
364 3 1529 364 1493 3 358 1508 354 3
1493 354 1508 3 368 1542 358 3 1508 358
1542 3 380 1600 368 3 1542 368 1600 3
412 1694 380 3 1600 380 1694 3 440 1821
412 3 1694 412 1821 3 464 2024 440 3
1821 440 2024 3 2915 2874 2929 3 2929 2984
2915 3 495 2196 464 3 2024 464 2196 3
2196 539 2391 3 539 2196 495 3 1508 1949
1896 3 1949 1508 1542 3 2929 2874 2885 3
2793 2885 2874 3 2596 2554 2635 3 2596 2391
2554 3 1542 2028 1949 3 2028 1542 1600 3
2885 2793 2844 3 2666 2844 2793 3 1600 2104
2028 3 2104 1600 1694 3 2666 2709 2844 3
2709 2666 2609 3 2635 2554 2618 3 2618 2756
2635 3 1694 1821 2231 3 2231 2104 1694 3
2609 2625 2709 3 2625 2609 2521 3 2756 2618
2718 3 2718 2858 2756 3 2231 1821 2363 3
2024 2363 1821 3 2625 2521 2318 3 2318 2575
2625 3 2858 2718 2850 3 2850 2902 2858 3
2524 2024 2196 3 2024 2524 2363 3 2575 2318
2128 3 2128 2476 2575 3 2947 2902 2890 3
2850 2890 2902 3 2596 2196 2391 3 2196 2596
2524 3 1956 2312 2476 3 1956 2476 2128 3
2988 2947 2925 3 2890 2925 2947 3 2184 2312
1773 3 2312 1956 1773 3 2996 2988 2961 3
2925 2961 2988 3 2071 2184 1651 3 2184 1773
1651 3 3004 2996 2980 3 2961 2980 2996 3
1651 1586 2071 3 1993 2071 1586 3 3000 2980
2976 3 2980 3000 3004 3 1586 1529 1993 3
1993 1529 1928 3 2976 2992 3000 3 2992 2976
2949 3 1529 1493 1928 3 1928 1493 1888 3
2949 2984 2992 3 2984 2949 2915 3 1493 1896
1888 3 1896 1493 1508 3 2770 2838 2870 3
2870 2782 2770 3 2898 2902 2947 3 2947 2921
2898 3 2645 2575 2476 3 2476 2620 2645 3
2629 2363 2524 3 2363 2629 2613 3 2870 2858
2902 3 2902 2898 2870 3 2729 2625 2575 3
2575 2645 2729 3 2583 2231 2613 3 2363 2613
2231 3 2838 2756 2858 3 2858 2870 2838 3
2709 2729 2799 3 2729 2709 2625 3 2546 2104
2583 3 2231 2583 2104 3 2755 2635 2756 3
2756 2838 2755 3 2844 2799 2864 3 2799 2844
2709 3 2513 2028 2546 3 2104 2546 2028 3
2682 2596 2635 3 2682 2635 2755 3 2883 2885
2864 3 2844 2864 2885 3 2480 1949 2513 3
2028 2513 1949 3 2911 2929 2883 3 2885 2883
2929 3 1896 2480 2451 3 2480 1896 1949 3
2933 2984 2911 3 2929 2911 2984 3 1888 2451
2447 3 2451 1888 1896 3 2954 2992 2933 3
2984 2933 2992 3 1928 1888 2464 3 2464 1888
2447 3 2967 3000 2954 3 2992 2954 3000 3
2502 1928 2464 3 2502 1993 1928 3 3004 2967
2971 3 2967 3004 3000 3 1993 2502 2538 3
1993 2538 2071 3 2959 3004 2971 3 2996 3004
2959 3 2566 2184 2071 3 2071 2538 2566 3
2988 2996 2942 3 2996 2959 2942 3 2605 2312
2184 3 2184 2566 2605 3 2921 2947 2988 3
2988 2942 2921 3 2620 2476 2312 3 2312 2605
2620 3 2799 2748 2764 3 2748 2799 2729 3
2689 2546 2697 3 2583 2697 2546 3 2758 2755
2838 3 2838 2770 2758 3 2864 2764 2778 3
2764 2864 2799 3 2673 2513 2689 3 2546 2689
2513 3 2742 2682 2755 3 2742 2755 2758 3
2786 2883 2778 3 2864 2778 2883 3 2661 2480
2673 3 2513 2673 2480 3 2802 2911 2786 3
2883 2786 2911 3 2451 2661 2653 3 2661 2451
2480 3 2811 2933 2802 3 2911 2802 2933 3
2447 2653 2651 3 2653 2447 2451 3 2825 2954
2811 3 2933 2811 2954 3 2657 2464 2447 3
2657 2447 2651 3 2833 2967 2825 3 2954 2825
2967 3 2669 2464 2657 3 2669 2502 2464 3
2971 2833 2836 3 2833 2971 2967 3 2683 2538
2502 3 2502 2669 2683 3 2829 2971 2836 3
2959 2971 2829 3 2693 2566 2538 3 2538 2683
2693 3 2814 2942 2959 3 2959 2829 2814 3
2701 2605 2566 3 2566 2693 2701 3 2806 2921
2942 3 2942 2814 2806 3 2720 2620 2605 3
2605 2701 2720 3 2742 2629 2682 3 2629 2742
2725 3 2792 2898 2921 3 2921 2806 2792 3
2734 2645 2620 3 2620 2720 2734 3 2725 2613
2629 3 2613 2725 2705 3 2782 2870 2898 3
2898 2792 2782 3 2748 2729 2645 3 2645 2734
2748 3 2697 2583 2705 3 2613 2705 2583 3
1228 981 1086 3 1228 1086 1367 3 809 886
981 3 981 886 1086 3 728 797 809 3
797 886 809 3 797 727 796 3 727 797
728 3 796 808 885 3 808 796 727 3
885 808 980 3 980 1084 885 3 1366 1084
1227 3 980 1227 1084 3 1634 1366 1521 3
1227 1521 1366 3 1634 1521 1759 3 1759 1963
1634 3 1963 1759 2023 3 2023 2197 1963 3
2197 2137 2324 3 2137 2197 2023 3 2324 2137
2325 3 2325 2137 2138 3 2325 2138 2198 3
2025 2198 2138 3 1760 1965 2025 3 2025 1965
2198 3 1522 1635 1760 3 1760 1635 1965 3
1609 1760 1770 3 2025 1770 1760 3 822 748
809 3 728 809 748 3 1420 1227 1161 3
1227 1420 1521 3 2138 1869 1871 3 1869 2138
2137 3 981 1228 1163 3 1163 961 981 3
808 960 980 3 960 808 820 3 1608 1769
1759 3 1759 1769 2023 3 1609 1421 1522 3
1522 1760 1609 3 728 747 727 3 747 728
748 3 2138 1871 2025 3 1770 2025 1871 3
809 981 961 3 809 961 822 3 1869 2023
1769 3 2023 1869 2137 3 1420 1608 1521 3
1759 1521 1608 3 1161 980 960 3 980 1161
1227 3 1421 1163 1228 3 1228 1522 1421 3
747 808 727 3 808 747 820 3 1367 1635
1522 3 1522 1228 1367 3 1609 667 1421 3
629 1421 667 3 628 1420 1161 3 1161 590
628 3 1163 591 961 3 551 961 591 3
1770 707 1609 3 667 1609 707 3 590 1161
960 3 960 550 590 3 1871 740 1770 3
707 1770 740 3 550 960 820 3 820 525
550 3 1869 739 1871 3 1871 739 740 3
525 747 503 3 747 525 820 3 739 1769
706 3 1769 739 1869 3 748 503 747 3
503 748 504 3 706 1769 1608 3 1608 666
706 3 822 526 748 3 504 748 526 3
1421 629 1163 3 591 1163 629 3 666 1608
1420 3 1420 628 666 3 961 551 822 3
526 822 551 3 2680 2523 2594 3 2523 2680
2628 3 566 2390 537 3 2390 566 2553 3
2617 566 599 3 566 2617 2553 3 2715 599
637 3 599 2715 2617 3 2849 637 661 3
637 2849 2715 3 2889 661 701 3 661 2889
2849 3 2924 701 734 3 701 2924 2889 3
2960 734 772 3 734 2960 2924 3 2979 772
790 3 772 2979 2960 3 2975 790 786 3
790 2975 2979 3 2948 786 758 3 786 2948
2975 3 2914 758 713 3 758 2914 2948 3
2873 713 688 3 713 2873 2914 3 2791 688
649 3 688 2791 2873 3 2664 649 619 3
649 2664 2791 3 2608 619 595 3 619 2608
2664 3 2608 556 2520 3 556 2608 595 3
2520 556 2316 3 2316 556 518 3 481 2316
518 3 2316 481 2125 3 455 2125 481 3
2125 455 1955 3 431 1955 455 3 1955 431
1771 3 389 1771 431 3 1771 389 1650 3
371 1650 389 3 1650 371 1585 3 363 1585
371 3 1585 363 1528 3 353 1528 363 3
1528 353 1492 3 357 1492 353 3 1492 357
1506 3 367 1506 357 3 1506 367 1541 3
379 1541 367 3 1541 379 1599 3 411 1599
379 3 1599 411 1693 3 439 1693 411 3
1693 439 1819 3 463 1819 439 3 1819 463
2020 3 2914 2873 2928 3 2928 2983 2914 3
494 2020 463 3 2020 494 2194 3 537 2390
494 3 494 2390 2194 3 1506 1948 1894 3
1948 1506 1541 3 2928 2873 2884 3 2791 2884
2873 3 2594 2553 2634 3 2594 2390 2553 3
1541 2027 1948 3 2027 1541 1599 3 2884 2791
2843 3 2664 2843 2791 3 1599 2103 2027 3
2103 1599 1693 3 2664 2708 2843 3 2708 2664
2608 3 2634 2553 2617 3 2617 2754 2634 3
1693 1819 2229 3 2229 2103 1693 3 2608 2624
2708 3 2624 2608 2520 3 2754 2617 2715 3
2715 2855 2754 3 2229 1819 2362 3 2020 2362
1819 3 2624 2520 2316 3 2316 2573 2624 3
2855 2715 2849 3 2849 2901 2855 3 2523 2020
2194 3 2020 2523 2362 3 2573 2316 2125 3
2125 2475 2573 3 2946 2901 2889 3 2849 2889
2901 3 2594 2194 2390 3 2194 2594 2523 3
1955 2310 2475 3 1955 2475 2125 3 2987 2946
2924 3 2889 2924 2946 3 2183 2310 1771 3
2310 1955 1771 3 2995 2987 2960 3 2924 2960
2987 3 2070 2183 1650 3 2183 1771 1650 3
2995 2979 3003 3 2960 2979 2995 3 1650 1585
2070 3 1992 2070 1585 3 2999 2979 2975 3
2979 2999 3003 3 1585 1528 1992 3 1992 1528
1926 3 2975 2991 2999 3 2991 2975 2948 3
1528 1492 1926 3 1926 1492 1887 3 2948 2983
2991 3 2983 2948 2914 3 1492 1894 1887 3
1894 1492 1506 3 2767 2837 2869 3 2869 2781
2767 3 2897 2901 2946 3 2946 2919 2897 3
2644 2573 2475 3 2475 2619 2644 3 2628 2362
2523 3 2362 2628 2612 3 2869 2855 2901 3
2901 2897 2869 3 2728 2624 2573 3 2573 2644
2728 3 2581 2229 2612 3 2362 2612 2229 3
2837 2754 2855 3 2855 2869 2837 3 2708 2728
2797 3 2728 2708 2624 3 2545 2103 2581 3
2229 2581 2103 3 2753 2634 2754 3 2754 2837
2753 3 2843 2797 2863 3 2797 2843 2708 3
2511 2027 2545 3 2103 2545 2027 3 2680 2594
2634 3 2680 2634 2753 3 2882 2884 2863 3
2843 2863 2884 3 2478 1948 2511 3 2027 2511
1948 3 2910 2928 2882 3 2884 2882 2928 3
1894 2478 2448 3 2478 1894 1948 3 2932 2983
2910 3 2928 2910 2983 3 1887 2448 2445 3
2448 1887 1894 3 2953 2991 2932 3 2983 2932
2991 3 1926 1887 2463 3 2463 1887 2445 3
2965 2999 2953 3 2991 2953 2999 3 2501 1926
2463 3 2501 1992 1926 3 3003 2965 2970 3
2965 3003 2999 3 1992 2501 2537 3 1992 2537
2070 3 2958 3003 2970 3 2995 3003 2958 3
2565 2183 2070 3 2070 2537 2565 3 2987 2995
2941 3 2995 2958 2941 3 2604 2310 2183 3
2183 2565 2604 3 2919 2946 2987 3 2987 2941
2919 3 2619 2475 2310 3 2310 2604 2619 3
2797 2747 2763 3 2747 2797 2728 3 2688 2545
2696 3 2581 2696 2545 3 2757 2753 2837 3
2837 2767 2757 3 2863 2763 2777 3 2763 2863
2797 3 2671 2511 2688 3 2545 2688 2511 3
2741 2680 2753 3 2741 2753 2757 3 2785 2882
2777 3 2863 2777 2882 3 2659 2478 2671 3
2511 2671 2478 3 2800 2910 2785 3 2882 2785
2910 3 2448 2659 2652 3 2659 2448 2478 3
2809 2932 2800 3 2910 2800 2932 3 2445 2652
2649 3 2652 2445 2448 3 2823 2953 2809 3
2932 2809 2953 3 2655 2463 2445 3 2655 2445
2649 3 2832 2965 2823 3 2953 2823 2965 3
2667 2463 2655 3 2667 2501 2463 3 2970 2832
2834 3 2832 2970 2965 3 2681 2537 2501 3
2501 2667 2681 3 2827 2970 2834 3 2958 2970
2827 3 2692 2565 2537 3 2537 2681 2692 3
2812 2941 2958 3 2958 2827 2812 3 2700 2604
2565 3 2565 2692 2700 3 2805 2919 2941 3
2941 2812 2805 3 2719 2619 2604 3 2604 2700
2719 3 2741 2628 2680 3 2628 2741 2724 3
2790 2897 2919 3 2919 2805 2790 3 2732 2644
2619 3 2619 2719 2732 3 2724 2612 2628 3
2612 2724 2704 3 2781 2869 2897 3 2897 2790
2781 3 2747 2728 2644 3 2644 2732 2747 3
2696 2581 2704 3 2612 2704 2581 3 2675 2519
2627 3 2519 2675 2592 3 2551 535 2387 3
535 2551 563 3 598 2551 2615 3 2551 598
563 3 636 2615 2710 3 2615 636 598 3
660 2710 2848 3 2710 660 636 3 700 2848
2886 3 2848 700 660 3 731 2886 2923 3
2886 731 700 3 769 2923 2957 3 2923 769
731 3 788 2957 2977 3 2957 788 769 3
784 2977 2974 3 2977 784 788 3 755 2974
2945 3 2974 755 784 3 712 2945 2913 3
2945 712 755 3 685 2913 2872 3 2913 685
712 3 648 2872 2788 3 2872 648 685 3
614 2788 2660 3 2788 614 648 3 594 2660
2607 3 2660 594 614 3 2518 555 594 3
594 2607 2518 3 516 2518 2311 3 2518 516
555 3 516 2311 2122 3 516 2122 480 3
480 2122 1950 3 480 1950 454 3 454 1950
1768 3 454 1768 430 3 430 1768 1647 3
430 1647 388 3 388 1647 1581 3 388 1581
370 3 370 1581 1524 3 370 1524 362 3
362 1524 1488 3 362 1488 352 3 352 1488
1496 3 352 1496 356 3 356 1496 1539 3
356 1539 366 3 366 1539 1596 3 366 1596
378 3 378 1596 1689 3 378 1689 409 3
409 1689 1815 3 409 1815 438 3 438 1815
2011 3 438 2011 462 3 2927 2913 2981 3
2913 2927 2872 3 462 2011 2191 3 462 2191
492 3 2191 535 492 3 535 2191 2387 3
1496 1942 1539 3 1942 1496 1890 3 2881 2872
2927 3 2872 2881 2788 3 2633 2551 2592 3
2592 2551 2387 3 1539 2018 1596 3 2018 1539
1942 3 2840 2660 2788 3 2788 2881 2840 3
1596 2097 1689 3 2097 1596 2018 3 2706 2660
2840 3 2660 2706 2607 3 2750 2615 2633 3
2551 2633 2615 3 2223 1815 1689 3 1689 2097
2223 3 2607 2623 2518 3 2623 2607 2706 3
2615 2750 2710 3 2710 2750 2854 3 1815 2359
2011 3 2359 1815 2223 3 2518 2623 2311 3
2572 2311 2623 3 2710 2854 2848 3 2900 2848
2854 3 2011 2519 2191 3 2519 2011 2359 3
2311 2572 2122 3 2468 2122 2572 3 2944 2886
2900 3 2886 2848 2900 3 2592 2191 2519 3
2191 2592 2387 3 2122 2468 1950 3 2307 1950
2468 3 2986 2923 2944 3 2923 2886 2944 3
2174 1768 2307 3 1768 1950 2307 3 2986 2994
2957 3 2957 2923 2986 3 2174 2069 1647 3
1647 1768 2174 3 2994 3001 2977 3 2977 2957
2994 3 2069 1989 1581 3 1581 1647 2069 3
2998 2977 3001 3 2977 2998 2974 3 1989 1917
1524 3 1524 1581 1989 3 2990 2974 2998 3
2974 2990 2945 3 1917 1488 1524 3 1488 1917
1879 3 2981 2945 2990 3 2945 2981 2913 3
1488 1890 1496 3 1890 1488 1879 3 2779 2868
2765 3 2831 2765 2868 3 2917 2944 2896 3
2900 2896 2944 3 2572 2643 2468 3 2616 2468
2643 3 2359 2627 2519 3 2627 2359 2611 3
2896 2900 2868 3 2854 2868 2900 3 2623 2726
2572 3 2643 2572 2726 3 2611 2359 2223 3
2223 2579 2611 3 2868 2854 2831 3 2750 2831
2854 3 2706 2726 2623 3 2726 2706 2794 3
2579 2223 2097 3 2097 2544 2579 3 2831 2750
2749 3 2633 2749 2750 3 2794 2840 2861 3
2840 2794 2706 3 2544 2097 2018 3 2018 2506
2544 3 2749 2633 2675 3 2675 2633 2592 3
2861 2840 2881 3 2881 2880 2861 3 1942 2506
2018 3 2506 1942 2471 3 2880 2881 2927 3
2927 2909 2880 3 1890 2471 1942 3 2471 1890
2446 3 2909 2927 2981 3 2981 2930 2909 3
1879 2446 1890 3 2446 1879 2444 3 2930 2990
2952 3 2990 2930 2981 3 1879 1917 2462 3
1879 2462 2444 3 2952 2998 2964 3 2998 2952
2990 3 2498 2462 1917 3 1917 1989 2498 3
3001 2964 2998 3 2964 3001 2966 3 2069 2536
1989 3 2498 1989 2536 3 2966 3001 2956 3
3001 2994 2956 3 2174 2564 2069 3 2536 2069
2564 3 2986 2937 2994 3 2956 2994 2937 3
2307 2602 2174 3 2564 2174 2602 3 2944 2917
2986 3 2986 2917 2937 3 2468 2616 2307 3
2602 2307 2616 3 2794 2746 2726 3 2746 2794
2762 3 2694 2579 2544 3 2544 2685 2694 3
2765 2831 2751 3 2749 2751 2831 3 2762 2861
2776 3 2861 2762 2794 3 2685 2544 2506 3
2506 2668 2685 3 2751 2749 2739 3 2739 2749
2675 3 2776 2880 2784 3 2880 2776 2861 3
2471 2668 2506 3 2668 2471 2654 3 2784 2880
2909 3 2909 2798 2784 3 2446 2654 2471 3
2654 2446 2648 3 2798 2909 2930 3 2930 2808
2798 3 2444 2648 2446 3 2648 2444 2647 3
2808 2952 2817 3 2952 2808 2930 3 2444 2462
2650 3 2444 2650 2647 3 2817 2964 2826 3
2964 2817 2952 3 2498 2663 2462 3 2650 2462
2663 3 2826 2966 2828 3 2966 2826 2964 3
2536 2677 2498 3 2663 2498 2677 3 2956 2822
2966 3 2828 2966 2822 3 2564 2691 2536 3
2677 2536 2691 3 2937 2810 2956 3 2822 2956
2810 3 2602 2699 2564 3 2691 2564 2699 3
2810 2937 2803 3 2917 2803 2937 3 2616 2713
2602 3 2699 2602 2713 3 2739 2627 2722 3
2627 2739 2675 3 2803 2917 2787 3 2896 2787
2917 3 2643 2730 2616 3 2713 2616 2730 3
2611 2722 2627 3 2722 2611 2702 3 2787 2896
2779 3 2868 2779 2896 3 2726 2746 2643 3
2730 2643 2746 3 2702 2611 2579 3 2579 2694
2702 3 1365 1080 1226 3 979 1226 1080 3
806 979 883 3 979 1080 883 3 794 726
806 3 806 883 794 3 794 725 726 3
725 794 793 3 793 805 725 3 805 793
882 3 978 805 882 3 882 1079 978 3
1225 978 1079 3 1079 1364 1225 3 1518 1225
1364 3 1364 1632 1518 3 1756 1518 1632 3
1632 1958 1756 3 2192 2015 1958 3 1756 1958
2015 3 2192 2132 2015 3 2132 2192 2321 3
2322 2132 2321 3 2132 2322 2133 3 2193 2016
2133 3 2133 2322 2193 3 1959 1757 2016 3
2016 2193 1959 3 1519 1757 1633 3 1757 1959
1633 3 1607 1766 1757 3 2016 1757 1766 3
744 806 726 3 806 744 818 3 1225 1518
1418 3 1418 1158 1225 3 2133 1865 2132 3
2132 1865 1864 3 1159 979 958 3 979 1159
1226 3 956 805 978 3 805 956 817 3
1765 1606 1756 3 1756 2015 1765 3 1757 1519
1607 3 1419 1607 1519 3 725 744 726 3
744 725 743 3 2133 2016 1865 3 2016 1766
1865 3 818 958 806 3 979 806 958 3
2015 1864 1765 3 1864 2015 2132 3 1518 1756
1606 3 1606 1418 1518 3 978 1225 1158 3
1158 956 978 3 1519 1226 1419 3 1159 1419
1226 3 817 743 805 3 725 805 743 3
1226 1519 1365 3 1633 1365 1519 3 665 1607
1419 3 1419 627 665 3 1418 626 1158 3
587 1158 626 3 588 1159 958 3 958 548
588 3 705 1766 1607 3 1607 665 705 3
1158 587 956 3 547 956 587 3 738 1865
1766 3 1766 705 738 3 956 547 817 3
523 817 547 3 737 1864 1865 3 1865 738
737 3 743 523 500 3 523 743 817 3
1765 737 704 3 737 1765 1864 3 744 500
501 3 500 744 743 3 1765 704 1606 3
664 1606 704 3 524 818 744 3 744 501
524 3 627 1419 1159 3 1159 588 627 3
1606 664 1418 3 626 1418 664 3 548 958
818 3 818 524 548 3 406 522 607 3
522 406 338 3 565 361 607 3 607 361
406 3 334 565 479 3 565 334 361 3
522 338 479 3 479 338 334 3 479 607
522 3 607 479 565 3 406 361 338 3
361 334 338 3 405 606 520 3 520 337
405 3 360 564 606 3 606 405 360 3
333 478 564 3 564 360 333 3 337 520
478 3 478 333 337 3 478 520 606 3
478 606 564 3 405 337 360 3 360 337
333 3 346 303 375 3 375 303 311 3
289 346 336 3 346 289 303 3 348 305
336 3 336 305 289 3 311 348 375 3
348 311 305 3 348 346 375 3 346 348
336 3 303 289 311 3 289 305 311 3
302 345 374 3 374 310 302 3 288 335
345 3 345 302 288 3 304 347 335 3
335 288 304 3 310 374 347 3 347 304
310 3 347 374 345 3 347 345 335 3
310 288 302 3 288 310 304 3 2727 2761
2743 3 2707 2761 2727 3 2707 2774 2761 3
2774 2707 2783 3 2698 2783 2707 3 2698 2795
2783 3 2795 2698 2690 3 2795 2690 2807 3
2676 2807 2690 3 2807 2676 2821 3 2665 2821
2676 3 2821 2665 2835 3 2658 2835 2665 3
2835 2658 2841 3 2656 2841 2658 3 2656 2839
2841 3 2839 2656 2662 3 2672 2839 2662 3
2839 2672 2830 3 2687 2830 2672 3 2830 2687
2813 3 2813 2687 2804 3 2695 2804 2687 3
2703 2804 2695 3 2804 2703 2789 3 2703 2780
2789 3 2780 2703 2723 3 2780 2723 2766 3
2740 2766 2723 3 2766 2740 2752 3 2734 2764
2748 3 2720 2764 2734 3 2764 2720 2778 3
2778 2720 2786 3 2701 2786 2720 3 2786 2701
2802 3 2693 2802 2701 3 2693 2811 2802 3
2811 2693 2683 3 2669 2811 2683 3 2811 2669
2825 3 2825 2669 2833 3 2657 2833 2669 3
2833 2657 2836 3 2651 2836 2657 3 2836 2651
2829 3 2653 2829 2651 3 2829 2653 2661 3
2829 2661 2814 3 2661 2806 2814 3 2673 2806
2661 3 2689 2806 2673 3 2806 2689 2792 3
2792 2689 2782 3 2697 2782 2689 3 2705 2782
2697 3 2782 2705 2770 3 2705 2758 2770 3
2758 2705 2725 3 2767 2704 2724 3 2781 2704
2767 3 2704 2781 2696 3 2696 2781 2688 3
2790 2688 2781 3 2805 2688 2790 3 2688 2805
2671 3 2812 2671 2805 3 2671 2812 2659 3
2812 2652 2659 3 2652 2812 2827 3 2834 2652
2827 3 2652 2834 2649 3 2832 2649 2834 3
2649 2832 2655 3 2655 2832 2667 3 2823 2667
2832 3 2667 2823 2681 3 2681 2823 2809 3
2800 2681 2809 3 2800 2692 2681 3 2785 2692
2800 3 2692 2785 2700 3 2700 2785 2719 3
2777 2719 2785 3 2719 2777 2732 3 2763 2732
2777 3 2732 2763 2747 3 2762 2730 2746 3
2730 2762 2713 3 2776 2713 2762 3 2713 2776
2784 3 2784 2699 2713 3 2798 2699 2784 3
2699 2798 2691 3 2808 2691 2798 3 2691 2808
2677 3 2677 2808 2663 3 2817 2663 2808 3
2826 2663 2817 3 2663 2826 2650 3 2650 2826
2828 3 2828 2647 2650 3 2647 2828 2648 3
2822 2648 2828 3 2648 2822 2654 3 2810 2654
2822 3 2654 2810 2668 3 2803 2668 2810 3
2787 2668 2803 3 2668 2787 2685 3 2685 2787
2779 3 2779 2694 2685 3 2765 2694 2779 3
2694 2765 2702 3 2765 2722 2702 3 2722 2765
2751 3 3807 3806 3814 3 3807 3795 3806 3
3795 3807 3798 3 3795 3798 3780 3 3784 3780
3798 3 3784 3744 3780 3 3744 3784 3749 3
3744 3749 3728 3 3730 3728 3749 3 3728 3730
3724 3 3088 3086 3090 3 3074 3086 3088 3
3086 3074 3070 3 3070 3074 3054 3 3054 3047
3070 3 3038 3047 3054 3 3047 3038 3035 3
3035 3038 3026 3 3035 3026 3024 3 3024 3026
3021 3 3806 3837 3814 3 3837 3806 3834 3
3816 3837 3834 3 3795 3834 3806 3 3834 3805
3816 3 3751 3816 3805 3 3834 3795 3812 3
3805 3834 3812 3 3780 3812 3795 3 3812 3780
3794 3 3805 3741 3751 3 3687 3751 3741 3
3741 3682 3687 3 3812 3793 3805 3 3793 3812
3794 3 3741 3805 3793 3 3794 3782 3793 3
3682 3741 3723 3 3793 3723 3741 3 3723 3793
3782 3 3723 3664 3682 3 3782 3716 3723 3
3814 3837 3807 3 3835 3807 3837 3 3816 3835
3837 3 3807 3835 3798 3 3835 3816 3809 3
3751 3809 3816 3 3835 3815 3798 3 3809 3815
3835 3 3798 3815 3784 3 3815 3797 3784 3
3801 3797 3815 3 3815 3809 3801 3 3797 3801
3788 3 3809 3751 3752 3 3809 3752 3801 3
3801 3742 3788 3 3801 3752 3742 3 3725 3788
3742 3 3688 3752 3751 3 3688 3742 3752 3
3751 3687 3688 3 3686 3725 3742 3 3742 3688
3686 3 3725 3686 3681 3 3725 3681 3717 3
3663 3717 3681 3 3642 3681 3686 3 3642 3686
3688 3 3681 3642 3635 3 3604 3635 3642 3
3643 3688 3687 3 3688 3643 3642 3 3687 3636
3643 3 3642 3606 3604 3 3606 3642 3643 3
3441 3604 3606 3 3605 3643 3636 3 3643 3605
3606 3 3636 3583 3605 3 3606 3442 3441 3
3442 3606 3605 3 3262 3441 3442 3 3415 3605
3583 3 3605 3415 3442 3 3583 3399 3415 3
3442 3255 3262 3 3255 3442 3415 3 3168 3262
3255 3 3243 3415 3399 3 3415 3243 3255 3
3399 3222 3243 3 3255 3154 3168 3 3154 3255
3243 3 3154 3104 3168 3 3140 3243 3222 3
3243 3140 3154 3 3222 3123 3140 3 3100 3154
3140 3 3154 3100 3104 3 3094 3140 3123 3
3123 3076 3094 3 3140 3094 3100 3 3083 3107
3104 3 3067 3100 3094 3 3067 3094 3045 3
3036 3067 3045 3 3081 3104 3100 3 3081 3100
3067 3 3083 3104 3081 3 3067 3036 3049 3
3049 3081 3067 3 3054 3049 3036 3 3049 3054
3074 3 3065 3083 3081 3 3081 3049 3065 3
3074 3065 3049 3 3083 3065 3068 3 3065 3074
3088 3 3088 3068 3065 3 3068 3088 3090 3
3036 3038 3054 3 3038 3036 3019 3 3019 3026
3038 3 3045 3019 3036 3 3026 3019 3010 3
3010 3021 3026 3 3021 3010 3008 3 3019 3045
3032 3 3032 3010 3019 3 3045 3094 3076 3
3045 3076 3032 3 3020 3008 3010 3 3010 3032
3020 3 3008 3020 3014 3 3020 3052 3014 3
3020 3058 3052 3 3032 3058 3020 3 3032 3076
3058 3 3114 3058 3076 3 3076 3123 3114 3
3033 3047 3035 3 3035 3017 3033 3 3017 3035
3024 3 3043 3033 3017 3 3024 3009 3017 3
3009 3024 3021 3 3021 3008 3009 3 3017 3030
3043 3 3030 3017 3009 3 3018 3009 3008 3
3009 3018 3030 3 3008 3014 3018 3 3052 3018
3014 3 3018 3052 3053 3 3053 3030 3018 3
3066 3043 3030 3 3030 3053 3066 3 3043 3066
3084 3 3105 3066 3053 3 3066 3105 3110 3
3110 3084 3066 3 3105 3188 3110 3 3084 3110
3122 3 3122 3097 3084 3 3097 3122 3135 3
3192 3110 3188 3 3110 3192 3122 3 3188 3310
3192 3 3122 3205 3135 3 3205 3122 3192 3
3221 3135 3205 3 3307 3192 3310 3 3192 3307
3205 3 3553 3307 3310 3 3205 3329 3221 3
3329 3205 3307 3 3351 3221 3329 3 3307 3553
3548 3 3307 3548 3329 3 3618 3548 3553 3
3329 3552 3351 3 3552 3329 3548 3 3559 3351
3552 3 3548 3618 3614 3 3548 3614 3552 3
3552 3613 3559 3 3613 3552 3614 3 3617 3559
3613 3 3651 3614 3618 3 3651 3613 3614 3
3618 3657 3651 3 3613 3649 3617 3 3613 3651
3649 3 3650 3617 3649 3 3694 3650 3649 3
3694 3649 3651 3 3650 3694 3695 3 3694 3729
3695 3 3651 3711 3694 3 3711 3651 3657 3
3694 3735 3729 3 3735 3694 3711 3 3746 3729
3735 3 3657 3716 3711 3 3716 3657 3664 3
3664 3723 3716 3 3750 3711 3716 3 3711 3750
3735 3 3716 3782 3750 3 3735 3754 3746 3
3754 3735 3750 3 3754 3724 3746 3 3724 3754
3728 3 3779 3750 3782 3 3750 3779 3754 3
3779 3728 3754 3 3782 3794 3779 3 3728 3779
3744 3 3794 3744 3779 3 3744 3794 3780 3
3068 3090 3086 3 3086 3062 3068 3 3062 3086
3070 3 3083 3068 3062 3 3070 3046 3062 3
3046 3070 3047 3 3047 3033 3046 3 3062 3078
3083 3 3078 3062 3046 3 3083 3101 3107 3
3101 3083 3078 3 3061 3046 3033 3 3046 3061
3078 3 3033 3043 3061 3 3084 3061 3043 3
3061 3084 3097 3 3097 3078 3061 3 3078 3097
3101 3 3097 3135 3101 3 3152 3101 3135 3
3681 3635 3663 3 3628 3663 3635 3 3604 3628
3635 3 3663 3628 3656 3 3628 3604 3582 3
3441 3582 3604 3 3622 3656 3628 3 3628 3582
3622 3 3656 3622 3650 3 3617 3650 3622 3
3622 3576 3617 3 3576 3622 3582 3 3559 3617
3576 3 3582 3441 3414 3 3582 3414 3576 3
3262 3414 3441 3 3576 3378 3559 3 3378 3576
3414 3 3351 3559 3378 3 3414 3262 3254 3
3254 3378 3414 3 3378 3240 3351 3 3378 3254
3240 3 3221 3351 3240 3 3165 3254 3262 3
3165 3240 3254 3 3262 3168 3165 3 3240 3152
3221 3 3240 3165 3152 3 3135 3221 3152 3
3168 3107 3165 3 3107 3152 3165 3 3168 3104
3107 3 3152 3107 3101 3 3784 3797 3749 3
3797 3783 3749 3 3788 3783 3797 3 3749 3783
3730 3 3783 3788 3759 3 3788 3725 3759 3
3783 3756 3730 3 3759 3756 3783 3 3730 3756
3724 3 3717 3759 3725 3 3746 3724 3756 3
3756 3759 3737 3 3737 3746 3756 3 3759 3717
3737 3 3746 3737 3729 3 3712 3737 3717 3
3712 3729 3737 3 3717 3663 3712 3 3729 3712
3695 3 3656 3712 3663 3 3712 3656 3695 3
3650 3695 3656 3 3636 3687 3682 3 3682 3629
3636 3 3629 3682 3664 3 3583 3636 3629 3
3664 3623 3629 3 3623 3664 3657 3 3657 3618
3623 3 3629 3577 3583 3 3577 3629 3623 3
3399 3583 3577 3 3560 3623 3618 3 3623 3560
3577 3 3618 3553 3560 3 3577 3356 3399 3
3356 3577 3560 3 3222 3399 3356 3 3336 3560
3553 3 3560 3336 3356 3 3553 3310 3336 3
3356 3208 3222 3 3208 3356 3336 3 3123 3222
3208 3 3208 3114 3123 3 3193 3336 3310 3
3336 3193 3208 3 3114 3208 3193 3 3193 3310
3188 3 3105 3193 3188 3 3193 3106 3114 3
3193 3105 3106 3 3058 3114 3106 3 3053 3106
3105 3 3106 3052 3058 3 3106 3053 3052 3
3227 3184 3200 3 3200 3235 3227 3 3184 3157
3176 3 3176 3200 3184 3 3235 3200 3217 3
3217 3244 3235 3 3200 3176 3198 3 3198 3217
3200 3 3244 3217 3249 3 3249 3270 3244 3
3249 3217 3241 3 3198 3241 3217 3 3284 3270
3280 3 3249 3280 3270 3 3280 3249 3278 3
3241 3278 3249 3 3277 3241 3239 3 3241 3277
3278 3 3277 3239 3242 3 3242 3279 3277 3
3239 3198 3191 3 3198 3239 3241 3 3239 3191
3199 3 3199 3242 3239 3 3191 3176 3164 3
3176 3191 3198 3 3191 3164 3177 3 3177 3199
3191 3 3164 3157 3147 3 3157 3164 3176 3
3164 3147 3158 3 3158 3177 3164 3 3357 3282
3352 3 3352 3282 3286 3 3282 3235 3286 3
3235 3282 3227 3 3352 3286 3342 3 3342 3286
3288 3 3244 3286 3235 3 3286 3244 3288 3
3342 3288 3308 3 3308 3288 3290 3 3288 3270
3290 3 3270 3288 3244 3 3298 3308 3290 3
3298 3290 3292 3 3290 3284 3292 3 3284 3290
3270 3 3301 3339 3308 3 3308 3298 3301 3
3304 3359 3339 3 3339 3301 3304 3 3359 3471
3406 3 3406 3339 3359 3 3308 3339 3342 3
3342 3339 3406 3 3406 3471 3434 3 3434 3471
3497 3 3434 3352 3406 3 3342 3406 3352 3
3505 3478 3497 3 3434 3497 3478 3 3478 3357
3434 3 3352 3434 3357 3 3506 3508 3498 3
3508 3506 3534 3 3497 3508 3505 3 3534 3505
3508 3 3498 3489 3472 3 3489 3498 3508 3
3489 3508 3497 3 3497 3471 3489 3 3472 3361
3360 3 3361 3472 3489 3 3361 3489 3471 3
3471 3359 3361 3 3360 3306 3305 3 3306 3360
3361 3 3306 3361 3359 3 3359 3304 3306 3
3302 3340 3305 3 3360 3305 3340 3 3299 3309
3302 3 3340 3302 3309 3 3309 3343 3340 3
3407 3340 3343 3 3340 3407 3360 3 3472 3360
3407 3 3353 3435 3407 3 3407 3343 3353 3
3407 3435 3472 3 3498 3472 3435 3 3358 3479
3435 3 3435 3353 3358 3 3479 3506 3498 3
3498 3435 3479 3 3236 3283 3287 3 3228 3283
3236 3 3283 3358 3353 3 3353 3287 3283 3
3245 3287 3289 3 3236 3287 3245 3 3287 3353
3343 3 3343 3289 3287 3 3271 3289 3291 3
3245 3289 3271 3 3289 3343 3309 3 3309 3291
3289 3 3285 3291 3293 3 3271 3291 3285 3
3291 3309 3299 3 3299 3293 3291 3 3281 3250
3271 3 3271 3285 3281 3 3279 3242 3250 3
3250 3281 3279 3 3242 3199 3218 3 3218 3250
3242 3 3250 3218 3245 3 3245 3271 3250 3
3177 3201 3199 3 3201 3218 3199 3 3245 3218
3236 3 3201 3236 3218 3 3201 3177 3185 3
3158 3185 3177 3 3236 3201 3228 3 3185 3228
3201 3 3612 3619 3658 3 3612 3658 3648 3
3946 3619 3892 3 3619 3946 3658 3 3892 3612
3890 3 3612 3892 3619 3 3890 3648 3940 3
3648 3890 3612 3 3892 3940 3946 3 3940 3892
3890 3 3893 3908 3922 3 3893 3922 3909 3
3661 3893 3909 3 3909 3680 3661 3 3893 3667
3908 3 3667 3893 3661 3 3680 3685 3667 3
3680 3667 3661 3 3908 3685 3922 3 3685 3908
3667 3 3922 3658 3946 3 3658 3922 3685 3
3278 3277 3279 3 3279 3280 3278 3 3281 3280
3279 3 3280 3281 3284 3 3285 3284 3281 3
3284 3285 3292 3 3293 3292 3285 3 3299 3292
3293 3 3299 3298 3292 3 3298 3299 3301 3
3302 3301 3299 3 3301 3302 3304 3 3305 3304
3302 3 3304 3305 3306 3 1246 1248 1319 3
1356 1319 1248 3 1356 1483 1319 3 1483 1356
1626 3 1510 1626 1356 3 1626 1510 1788 3
1649 1788 1510 3 1788 1649 1893 3 1801 1893
1649 3 1893 1801 1901 3 1242 1318 1247 3
1484 1247 1318 3 1484 1353 1247 3 1353 1484
1505 3 1627 1505 1484 3 1505 1627 1648 3
1789 1648 1627 3 1648 1789 1800 3 1892 1800
1789 3 1800 1892 1900 3 783 1558 868 3
783 2266 1558 3 2266 2385 1558 3 2284 2385
2266 3 2385 2284 2374 3 1559 785 869 3
2267 785 1559 3 2267 1559 2386 3 2386 2285
2267 3 2285 2386 2375 3 868 859 783 3
785 783 859 3 785 859 869 3 1253 1302
1362 3 1302 1253 1213 3 1361 1302 1213 3
1252 1361 1213 3 1480 1361 1252 3 1252 1390
1480 3 1362 1391 1253 3 1391 1362 1481 3
1481 1545 1391 3 1545 1481 1621 3 1621 1681
1545 3 1681 1621 1779 3 1779 1803 1681 3
1803 1779 1936 3 1936 1846 1803 3 1846 1936
1988 3 1846 1988 1802 3 1988 1935 1802 3
1680 1802 1935 3 1935 1778 1680 3 1543 1680
1778 3 1778 1620 1543 3 1390 1543 1620 3
1620 1480 1390 3 1252 1213 1253 3 1391 1252
1253 3 1391 1390 1252 3 1390 1391 1543 3
1543 1391 1545 3 1543 1545 1680 3 1681 1680
1545 3 1680 1681 1802 3 1803 1802 1681 3
1802 1803 1846 3 1797 1695 1826 3 1826 1695
1727 3 1574 1727 1695 3 1727 1574 1594 3
1594 1748 1727 3 1456 1594 1574 3 1748 1594
1618 3 1594 1456 1475 3 1475 1618 1594 3
1618 1475 1500 3 1849 1727 1748 3 1826 1727
1849 3 1912 1826 1849 3 1826 1912 1863 3
1863 1797 1826 3 1912 1850 1863 3 1797 1863
1835 3 1863 1850 1827 3 1863 1827 1835 3
1850 1749 1827 3 1835 1827 1798 3 1827 1749
1728 3 1827 1728 1798 3 1798 1728 1696 3
968 1742 1044 3 968 2510 1742 3 2510 2568
1742 3 2453 2568 2510 3 2568 2453 2527 3
1452 709 762 3 2126 709 1452 3 2126 1452
2240 3 2241 2126 2240 3 2240 2301 2241 3
881 968 1044 3 709 968 881 3 881 762
709 3 1246 1342 1248 3 1342 1246 1330 3
1319 1330 1246 3 1330 1319 1433 3 1483 1433
1319 3 1433 1483 1557 3 1451 1248 1342 3
1248 1451 1356 3 1588 1356 1451 3 1356 1588
1510 3 1588 1649 1510 3 1649 1588 1737 3
1737 1801 1649 3 1801 1737 1908 3 1908 1901
1801 3 1901 1908 2022 3 1893 1901 2022 3
2022 2009 1893 3 1788 1893 2009 3 2009 1876
1788 3 1853 1777 1903 3 1903 1777 1805 3
1777 1644 1805 3 1554 1644 1531 3 1805 1644
1673 3 1644 1554 1673 3 1805 1673 1834 3
1571 1673 1554 3 1834 1673 1703 3 1673 1571
1703 3 1946 1805 1834 3 1903 1805 1946 3
1957 1903 1946 3 1910 1903 1957 3 1910 1853
1903 3 1957 1847 1910 3 1873 1853 1910 3
1823 1910 1847 3 1910 1823 1873 3 1847 1725
1823 3 1799 1873 1823 3 1700 1823 1725 3
1823 1700 1799 3 1667 1799 1700 3 708 1447
760 3 708 2123 1447 3 2123 2235 1447 3
2238 2235 2123 3 2235 2238 2300 3 2514 708
969 3 2123 708 2514 3 2455 2123 2514 3
2123 2455 2238 3 1744 969 1046 3 2514 969
1744 3 2514 1744 2569 3 2569 2455 2514 3
2455 2569 2528 3 969 879 1046 3 969 708
879 3 879 708 760 3 1318 1328 1432 3
1328 1318 1242 3 1335 1328 1242 3 1242 1247
1335 3 1449 1335 1247 3 1247 1353 1449 3
1432 1484 1318 3 1484 1432 1556 3 1556 1627
1484 3 1627 1556 1708 3 1875 1627 1708 3
1627 1875 1789 3 2007 1789 1875 3 1789 2007
1892 3 2017 1892 2007 3 1892 2017 1900 3
1907 1900 2017 3 1900 1907 1800 3 1736 1800
1907 3 1800 1736 1648 3 2267 783 785 3
2266 783 2267 3 2266 2267 2284 3 2284 2267
2285 3 2126 968 709 3 2510 968 2126 3
2510 2126 2453 3 2453 2126 2241 3 1626 1788
1876 3 1876 1709 1626 3 1557 1626 1709 3
1626 1557 1483 3 1587 1648 1736 3 1648 1587
1505 3 1353 1505 1587 3 1587 1449 1353 3
3946 3909 3922 3 3909 3946 3940 3 3648 3909
3940 3 3909 3648 3680 3 3685 3680 3648 3
3685 3648 3658 3 1558 859 868 3 1555 859
1558 3 1555 869 859 3 2385 1555 1558 3
1559 869 1555 3 2364 1555 2385 3 2364 1559
1555 3 2364 2385 2374 3 2386 1559 2364 3
2374 2366 2364 3 2386 2364 2375 3 2375 2364
2366 3 1339 1475 1456 3 1475 1339 1383 3
1383 1500 1475 3 1288 1383 1339 3 1500 1383
1413 3 1383 1288 1327 3 1327 1413 1383 3
1340 1327 1288 3 1413 1327 1378 3 1384 1327
1340 3 1384 1378 1327 3 1457 1384 1340 3
1414 1378 1384 3 1476 1384 1457 3 1476 1414
1384 3 1501 1414 1476 3 1575 1476 1457 3
1595 1476 1575 3 1696 1595 1575 3 1595 1501
1476 3 1728 1595 1696 3 1619 1501 1595 3
1728 1619 1595 3 1749 1619 1728 3 1742 881
1044 3 1591 881 1742 3 1591 762 881 3
2568 1591 1742 3 1452 762 1591 3 2411 1591
2568 3 2411 1452 1591 3 2527 2411 2568 3
2240 1452 2411 3 2411 2527 2413 3 2240 2411
2301 3 2301 2411 2413 3 1461 1334 1435 3
1334 1461 1381 3 1473 1381 1461 3 1381 1326
1334 3 1381 1473 1404 3 1326 1381 1373 3
1404 1373 1381 3 1373 1417 1326 3 1373 1404
1399 3 1417 1373 1442 3 1399 1442 1373 3
1442 1531 1417 3 1442 1399 1469 3 1531 1442
1554 3 1469 1554 1442 3 1554 1469 1571 3
1447 879 760 3 1589 879 1447 3 1589 1046
879 3 2235 1589 1447 3 1744 1046 1589 3
2410 1589 2235 3 2410 1744 1589 3 2410 2235
2300 3 2569 1744 2410 3 2300 2412 2410 3
2569 2410 2528 3 2528 2410 2412 3 1434 1333
1458 3 1458 1333 1380 3 1458 1380 1472 3
1333 1324 1380 3 1472 1380 1402 3 1380 1324
1368 3 1380 1368 1402 3 1324 1416 1368 3
1402 1368 1396 3 1440 1368 1416 3 1368 1440
1396 3 1416 1530 1440 3 1468 1396 1440 3
1553 1440 1530 3 1440 1553 1468 3 1568 1468
1553 3 1804 1944 1833 3 1944 1804 1902 3
1776 1902 1804 3 1902 1954 1944 3 1902 1776
1852 3 1954 1902 1909 3 1852 1909 1902 3
1909 1845 1954 3 1909 1852 1868 3 1845 1909
1818 3 1868 1818 1909 3 1818 1868 1795 3
1818 1724 1845 3 1724 1818 1697 3 1795 1697
1818 3 1697 1795 1666 3 1697 1592 1724 3
1666 1561 1697 3 1592 1697 1561 3 1561 1666
1548 3 1548 1434 1561 3 1561 1434 1458 3
1561 1458 1592 3 1592 1458 1472 3 1461 1593
1473 3 1725 1593 1700 3 1593 1461 1564 3
1593 1564 1700 3 1435 1564 1461 3 1700 1564
1667 3 1564 1435 1551 3 1564 1551 1667 3
1804 1645 1776 3 1553 1530 1645 3 1645 1804
1672 3 1672 1553 1645 3 1833 1672 1804 3
1568 1553 1672 3 1672 1833 1702 3 1702 1568
1672 3 1378 1302 1361 3 1378 1362 1302 3
1361 1413 1378 3 1362 1378 1414 3 1361 1480
1413 3 1481 1362 1414 3 1500 1413 1480 3
1414 1501 1481 3 1480 1620 1500 3 1621 1481
1501 3 1500 1620 1618 3 1621 1501 1619 3
1748 1618 1620 3 1749 1621 1619 3 1620 1778
1748 3 1779 1621 1749 3 1849 1748 1778 3
1749 1850 1779 3 1778 1935 1849 3 1936 1779
1850 3 1935 1912 1849 3 1850 1912 1936 3
1912 1935 1988 3 1988 1936 1912 3 1399 1330
1433 3 1342 1330 1399 3 1433 1469 1399 3
1399 1404 1342 3 1433 1557 1469 3 1451 1342
1404 3 1571 1469 1557 3 1404 1473 1451 3
1557 1709 1571 3 1588 1451 1473 3 1571 1709
1703 3 1588 1473 1593 3 1834 1703 1709 3
1725 1588 1593 3 1709 1876 1834 3 1737 1588
1725 3 1946 1834 1876 3 1725 1847 1737 3
1876 2009 1946 3 1908 1737 1847 3 2009 1957
1946 3 1847 1957 1908 3 1957 2009 2022 3
2022 1908 1957 3 1396 1328 1335 3 1432 1328
1396 3 1335 1402 1396 3 1396 1468 1432 3
1335 1449 1402 3 1556 1432 1468 3 1472 1402
1449 3 1468 1568 1556 3 1449 1587 1472 3
1708 1556 1568 3 1472 1587 1592 3 1708 1568
1702 3 1724 1592 1587 3 1833 1708 1702 3
1587 1736 1724 3 1875 1708 1833 3 1845 1724
1736 3 1833 1944 1875 3 1736 1907 1845 3
2007 1875 1944 3 1907 1954 1845 3 1944 1954
2007 3 1954 1907 2017 3 2017 2007 1954 3
1657 1797 1835 3 1657 1835 1798 3 1797 1657
1641 3 1797 1641 1695 3 1798 1642 1657 3
1642 1641 1657 3 1696 1642 1798 3 1612 1695
1641 3 1641 1642 1612 3 1574 1695 1612 3
1696 1613 1642 3 1613 1612 1642 3 1696 1575
1613 3 1612 1569 1574 3 1612 1613 1569 3
1613 1575 1570 3 1570 1569 1613 3 1575 1527
1570 3 1569 1570 1527 3 1575 1457 1527 3
1526 1574 1569 3 1569 1527 1526 3 1456 1574
1526 3 1527 1457 1486 3 1340 1486 1457 3
1526 1527 1485 3 1456 1526 1485 3 1486 1485
1527 3 1485 1339 1456 3 1340 1474 1486 3
1485 1486 1474 3 1339 1485 1474 3 1474 1340
1288 3 1474 1288 1339 3 1692 1853 1873 3
1692 1873 1799 3 1853 1692 1690 3 1853 1690
1777 3 1799 1664 1692 3 1664 1690 1692 3
1664 1799 1667 3 1656 1777 1690 3 1690 1664
1656 3 1644 1777 1656 3 1667 1623 1664 3
1623 1656 1664 3 1667 1551 1623 3 1656 1615
1644 3 1656 1623 1615 3 1623 1551 1582 3
1582 1615 1623 3 1551 1537 1582 3 1615 1582
1537 3 1551 1435 1537 3 1567 1644 1615 3
1615 1537 1567 3 1531 1644 1567 3 1537 1435
1507 3 1334 1507 1435 3 1567 1537 1533 3
1531 1567 1533 3 1507 1533 1537 3 1533 1417
1531 3 1334 1499 1507 3 1533 1507 1499 3
1417 1533 1499 3 1499 1334 1326 3 1499 1326
1417 3 1691 1795 1868 3 1691 1868 1852 3
1795 1691 1662 3 1795 1662 1666 3 1852 1688
1691 3 1688 1662 1691 3 1688 1852 1776 3
1622 1666 1662 3 1548 1666 1622 3 1655 1662
1688 3 1776 1655 1688 3 1662 1655 1622 3
1776 1645 1655 3 1622 1579 1548 3 1622 1655
1579 3 1655 1645 1614 3 1614 1579 1655 3
1645 1566 1614 3 1579 1614 1566 3 1645 1530
1566 3 1535 1548 1579 3 1579 1566 1535 3
1434 1548 1535 3 1566 1530 1532 3 1416 1532
1530 3 1535 1566 1504 3 1434 1535 1504 3
1532 1504 1566 3 1504 1333 1434 3 1416 1497
1532 3 1504 1532 1497 3 1333 1504 1497 3
1497 1416 1324 3 1497 1324 1333 3 1730 1754
1772 3 1730 1772 1806 3 1754 1730 1699 3
1699 1784 1754 3 1730 1806 1750 3 1750 1806
1970 3 1810 1750 1970 3 1706 1730 1750 3
1706 1699 1730 3 1732 1750 1810 3 1732 1706
1750 3 1786 1732 1810 3 1764 1732 1786 3
1704 1732 1764 3 1732 1704 1706 3 1704 1764
1794 3 1699 1706 1663 3 1663 1706 1704 3
1794 1721 1704 3 1663 1704 1721 3 1663 1710
1699 3 1784 1699 1710 3 1678 1663 1721 3
1710 1663 1678 3 1794 1790 1721 3 1790 1794
1848 3 1721 1746 1678 3 1710 1678 1746 3
1746 1721 1790 3 1784 1710 1782 3 1746 1782
1710 3 1782 1843 1784 3 1790 1884 1746 3
1746 1884 1782 3 1782 1924 1843 3 1924 1782
1884 3 1924 1985 1843 3 2060 1985 1924 3
2060 1924 2008 3 2008 1924 1884 3 2230 2060
2008 3 2230 2008 2067 3 2008 1884 1937 3
2008 1937 2067 3 1884 1790 1937 3 1790 1848
1937 3 2067 1937 1996 3 1996 1937 1848 3
2243 2406 2379 3 2243 2379 2302 3 2406 2243
2273 3 2406 2273 2392 3 2302 2176 2243 3
2176 2302 2205 3 2083 2273 2243 3 2176 2083
2243 3 2292 2392 2273 3 2349 2392 2292 3
2205 2094 2176 3 2094 2205 2118 3 2349 2292
2210 3 2230 2349 2210 3 2230 2210 2060 3
2210 2292 2181 3 2210 2073 2060 3 2210 2181
2073 3 2060 2073 1985 3 2181 2292 2135 3
2135 2073 2181 3 2273 2135 2292 3 2273 2083
2135 3 1985 2073 2001 3 2135 2001 2073 3
2083 2001 2135 3 2001 1843 1985 3 1940 1843
2001 3 2083 1940 2001 3 1940 1784 1843 3
1940 1754 1784 3 1754 1940 1881 3 2083 1881
1940 3 1881 1772 1754 3 1881 2083 2046 3
2083 2176 2046 3 2046 2176 2094 3 1772 1881
1856 3 2046 1856 1881 3 1772 1856 1806 3
2046 2094 1999 3 1856 2046 1999 3 1999 2094
1976 3 1856 1999 1976 3 1856 1976 1806 3
2094 2118 1976 3 1806 1976 1970 3 1976 2118
1970 3 2264 2319 2213 3 2264 2213 2127 3
2319 2264 2396 3 2396 2397 2319 3 2264 2127
2185 3 2185 2127 1970 3 2118 2185 1970 3
2290 2264 2185 3 2290 2396 2264 3 2257 2185
2118 3 2257 2290 2185 3 2205 2257 2118 3
2205 2302 2257 3 2302 2388 2257 3 2257 2388
2290 3 2388 2302 2379 3 2396 2290 2436 3
2436 2290 2388 3 2379 2465 2388 3 2436 2388
2465 3 2436 2477 2396 3 2397 2396 2477 3
2465 2507 2436 3 2477 2436 2507 3 2379 2490
2465 3 2490 2379 2406 3 2465 2529 2507 3
2477 2507 2529 3 2529 2465 2490 3 2397 2477
2494 3 2494 2477 2529 3 2494 2422 2397 3
2490 2487 2529 3 2529 2487 2494 3 2460 2422
2494 3 2460 2494 2487 3 2403 2422 2460 3
2355 2403 2460 3 2355 2460 2431 3 2431 2460
2487 3 2230 2355 2431 3 2230 2431 2349 3
2431 2487 2452 3 2431 2452 2349 3 2487 2490
2452 3 2452 2490 2406 3 2349 2452 2392 3
2406 2392 2452 3 1960 1848 1794 3 1960 1794
1764 3 1848 1960 2021 3 1848 2021 1996 3
1764 1904 1960 3 1904 1764 1786 3 2099 2021
1960 3 2099 1960 1904 3 2088 1996 2021 3
2067 1996 2088 3 2021 2099 2150 3 2150 2088
2021 3 2067 2088 2220 3 2230 2067 2220 3
2230 2220 2355 3 2220 2088 2199 3 2088 2150
2199 3 2220 2297 2355 3 2220 2199 2297 3
2297 2199 2150 3 2355 2297 2403 3 2150 2294
2297 3 2403 2297 2294 3 2294 2150 2099 3
2294 2422 2403 3 2422 2294 2256 3 2099 2256
2294 3 2256 2397 2422 3 2256 2319 2397 3
2319 2256 2201 3 2099 2201 2256 3 2201 2213
2319 3 2201 2099 2056 3 1904 2056 2099 3
2213 2201 2111 3 2056 2111 2201 3 2213 2111
2127 3 2056 1904 1880 3 1786 1880 1904 3
1880 1786 1810 3 2111 2056 2013 3 1880 2013
2056 3 2111 1990 2127 3 2111 2013 1990 3
2013 1880 1990 3 1880 1810 1990 3 2127 1990
1970 3 1990 1810 1970 3 1733 1767 1787 3
1733 1787 1811 3 1767 1733 1705 3 1705 1796
1767 3 1733 1811 1751 3 1751 1811 1971 3
1807 1751 1971 3 1707 1733 1751 3 1707 1705
1733 3 1731 1751 1807 3 1731 1707 1751 3
1774 1731 1807 3 1755 1731 1774 3 1701 1731
1755 3 1731 1701 1707 3 1701 1755 1785 3
1705 1707 1665 3 1665 1707 1701 3 1785 1713
1701 3 1665 1701 1713 3 1665 1723 1705 3
1796 1705 1723 3 1679 1665 1713 3 1723 1665
1679 3 1785 1783 1713 3 1783 1785 1844 3
1713 1747 1679 3 1723 1679 1747 3 1747 1713
1783 3 1796 1723 1791 3 1747 1791 1723 3
1791 1851 1796 3 1783 1885 1747 3 1747 1885
1791 3 1791 1938 1851 3 1938 1791 1885 3
1938 1998 1851 3 2068 1998 1938 3 2068 1938
2010 3 2010 1938 1885 3 2232 2068 2010 3
2232 2010 2061 3 2010 1885 1925 3 2010 1925
2061 3 1885 1783 1925 3 1783 1844 1925 3
2061 1925 1986 3 1986 1925 1844 3 2260 2427
2400 3 2260 2400 2320 3 2427 2260 2295 3
2427 2295 2404 3 2320 2203 2260 3 2203 2320
2214 3 2100 2295 2260 3 2203 2100 2260 3
2298 2404 2295 3 2357 2404 2298 3 2214 2112
2203 3 2112 2214 2129 3 2357 2298 2221 3
2232 2357 2221 3 2232 2221 2068 3 2221 2298
2200 3 2221 2089 2068 3 2221 2200 2089 3
2068 2089 1998 3 2200 2298 2151 3 2151 2089
2200 3 2295 2151 2298 3 2295 2100 2151 3
1998 2089 2026 3 2151 2026 2089 3 2100 2026
2151 3 2026 1851 1998 3 1961 1851 2026 3
2100 1961 2026 3 1961 1796 1851 3 1961 1767
1796 3 1767 1961 1905 3 2100 1905 1961 3
1905 1787 1767 3 1905 2100 2057 3 2100 2203
2057 3 2057 2203 2112 3 1787 1905 1883 3
2057 1883 1905 3 1787 1883 1811 3 2057 2112
2014 3 1883 2057 2014 3 2014 2112 1991 3
1883 2014 1991 3 1883 1991 1811 3 2112 2129
1991 3 1811 1991 1971 3 1991 2129 1971 3
2259 2303 2206 3 2259 2206 2119 3 2303 2259
2389 3 2389 2380 2303 3 2259 2119 2187 3
2187 2119 1971 3 2129 2187 1971 3 2291 2259
2187 3 2291 2389 2259 3 2265 2187 2129 3
2265 2291 2187 3 2214 2265 2129 3 2214 2320
2265 3 2320 2399 2265 3 2265 2399 2291 3
2399 2320 2400 3 2389 2291 2437 3 2437 2291
2399 3 2400 2479 2399 3 2437 2399 2479 3
2437 2466 2389 3 2380 2389 2466 3 2479 2508
2437 3 2466 2437 2508 3 2400 2495 2479 3
2495 2400 2427 3 2479 2530 2508 3 2466 2508
2530 3 2530 2479 2495 3 2380 2466 2491 3
2491 2466 2530 3 2491 2407 2380 3 2495 2489
2530 3 2530 2489 2491 3 2454 2407 2491 3
2454 2491 2489 3 2393 2407 2454 3 2350 2393
2454 3 2350 2454 2432 3 2432 2454 2489 3
2232 2350 2432 3 2232 2432 2357 3 2432 2489
2461 3 2432 2461 2357 3 2489 2495 2461 3
2461 2495 2427 3 2357 2461 2404 3 2427 2404
2461 3 1941 1844 1785 3 1941 1785 1755 3
1844 1941 2002 3 1844 2002 1986 3 1755 1882
1941 3 1882 1755 1774 3 2084 2002 1941 3
2084 1941 1882 3 2074 1986 2002 3 2061 1986
2074 3 2002 2084 2136 3 2136 2074 2002 3
2061 2074 2211 3 2232 2061 2211 3 2232 2211
2350 3 2211 2074 2182 3 2074 2136 2182 3
2211 2293 2350 3 2211 2182 2293 3 2293 2182
2136 3 2350 2293 2393 3 2136 2274 2293 3
2393 2293 2274 3 2274 2136 2084 3 2274 2407
2393 3 2407 2274 2245 3 2084 2245 2274 3
2245 2380 2407 3 2245 2303 2380 3 2303 2245
2177 3 2084 2177 2245 3 2177 2206 2303 3
2177 2084 2047 3 1882 2047 2084 3 2206 2177
2095 3 2047 2095 2177 3 2206 2095 2119 3
2047 1882 1858 3 1774 1858 1882 3 1858 1774
1807 3 2095 2047 2000 3 1858 2000 2047 3
2095 1977 2119 3 2095 2000 1977 3 2000 1858
1977 3 1858 1807 1977 3 2119 1977 1971 3
1977 1807 1971 3 819 843 847 3 819 847
870 3 843 819 791 3 791 853 843 3
819 870 833 3 833 870 976 3 876 833
976 3 799 819 833 3 799 791 819 3
825 833 876 3 825 799 833 3 851 825
876 3 845 825 851 3 801 825 845 3
825 801 799 3 801 845 866 3 791 799
770 3 770 799 801 3 866 815 801 3
770 801 815 3 770 811 791 3 853 791
811 3 781 770 815 3 811 770 781 3
866 862 815 3 862 866 917 3 815 837
781 3 811 781 837 3 837 815 862 3
853 811 860 3 837 860 811 3 860 906
853 3 862 932 837 3 837 932 860 3
860 955 906 3 955 860 932 3 955 1002
906 3 1057 1002 955 3 1057 955 1022 3
1022 955 932 3 1192 1057 1022 3 1192 1022
1067 3 1022 932 965 3 1022 965 1067 3
932 862 965 3 862 917 965 3 1067 965
1009 3 1009 965 917 3 1198 1346 1310 3
1198 1310 1249 3 1346 1198 1233 3 1346 1233
1323 3 1249 1147 1198 3 1147 1249 1164 3
1076 1233 1198 3 1147 1076 1198 3 1243 1323
1233 3 1289 1323 1243 3 1164 1090 1147 3
1090 1164 1106 3 1289 1243 1176 3 1192 1289
1176 3 1192 1176 1057 3 1176 1243 1153 3
1176 1071 1057 3 1176 1153 1071 3 1057 1071
1002 3 1153 1243 1119 3 1119 1071 1153 3
1233 1119 1243 3 1233 1076 1119 3 1002 1071
1012 3 1119 1012 1071 3 1076 1012 1119 3
1012 906 1002 3 962 906 1012 3 1076 962
1012 3 962 853 906 3 962 843 853 3
843 962 928 3 1076 928 962 3 928 847
843 3 928 1076 1040 3 1076 1147 1040 3
1040 1147 1090 3 847 928 913 3 1040 913
928 3 847 913 870 3 1040 1090 1006 3
913 1040 1006 3 1006 1090 990 3 913 1006
990 3 913 990 870 3 1090 1106 990 3
870 990 976 3 990 1106 976 3 1215 1261
1172 3 1215 1172 1114 3 1261 1215 1315 3
1315 1320 1261 3 1215 1114 1150 3 1150 1114
976 3 1106 1150 976 3 1239 1215 1150 3
1239 1315 1215 3 1205 1150 1106 3 1205 1239
1150 3 1164 1205 1106 3 1164 1249 1205 3
1249 1312 1205 3 1205 1312 1239 3 1312 1249
1310 3 1315 1239 1370 3 1370 1239 1312 3
1310 1400 1312 3 1370 1312 1400 3 1370 1407
1315 3 1320 1315 1407 3 1400 1439 1370 3
1407 1370 1439 3 1310 1424 1400 3 1424 1310
1346 3 1400 1459 1439 3 1407 1439 1459 3
1459 1400 1424 3 1320 1407 1430 3 1430 1407
1459 3 1430 1357 1320 3 1424 1426 1459 3
1459 1426 1430 3 1397 1357 1430 3 1397 1430
1426 3 1338 1357 1397 3 1300 1338 1397 3
1300 1397 1371 3 1371 1397 1426 3 1192 1300
1371 3 1192 1371 1289 3 1371 1426 1393 3
1371 1393 1289 3 1426 1424 1393 3 1393 1424
1346 3 1289 1393 1323 3 1346 1323 1393 3
974 917 866 3 974 866 845 3 917 974
1024 3 917 1024 1009 3 845 936 974 3
936 845 851 3 1097 1024 974 3 1097 974
936 3 1082 1009 1024 3 1067 1009 1082 3
1024 1097 1132 3 1132 1082 1024 3 1067 1082
1186 3 1192 1067 1186 3 1192 1186 1300 3
1186 1082 1169 3 1082 1132 1169 3 1186 1250
1300 3 1186 1169 1250 3 1250 1169 1132 3
1300 1250 1338 3 1132 1241 1250 3 1338 1250
1241 3 1241 1132 1097 3 1241 1357 1338 3
1357 1241 1214 3 1097 1214 1241 3 1214 1320
1357 3 1214 1261 1320 3 1261 1214 1160 3
1097 1160 1214 3 1160 1172 1261 3 1160 1097
1048 3 936 1048 1097 3 1172 1160 1101 3
1048 1101 1160 3 1172 1101 1114 3 1048 936
926 3 851 926 936 3 926 851 876 3
1101 1048 1015 3 926 1015 1048 3 1101 1000
1114 3 1101 1015 1000 3 1015 926 1000 3
926 876 1000 3 1114 1000 976 3 1000 876
976 3 826 846 852 3 826 852 877 3
846 826 804 3 804 867 846 3 826 877
834 3 834 877 977 3 871 834 977 3
800 826 834 3 800 804 826 3 821 834
871 3 821 800 834 3 848 821 871 3
844 821 848 3 792 821 844 3 821 792
800 3 792 844 854 3 804 800 771 3
771 800 792 3 854 812 792 3 771 792
812 3 771 816 804 3 867 804 816 3
782 771 812 3 816 771 782 3 854 861
812 3 861 854 907 3 812 838 782 3
816 782 838 3 838 812 861 3 867 816
863 3 838 863 816 3 863 918 867 3
861 933 838 3 838 933 863 3 863 966
918 3 966 863 933 3 966 1011 918 3
1068 1011 966 3 1068 966 1023 3 1023 966
933 3 1194 1068 1023 3 1194 1023 1058 3
1023 933 957 3 1023 957 1058 3 933 861
957 3 861 907 957 3 1058 957 1003 3
1003 957 907 3 1216 1358 1321 3 1216 1321
1264 3 1358 1216 1244 3 1358 1244 1341 3
1264 1162 1216 3 1162 1264 1173 3 1099 1244
1216 3 1162 1099 1216 3 1254 1341 1244 3
1301 1341 1254 3 1173 1102 1162 3 1102 1173
1116 3 1301 1254 1187 3 1194 1301 1187 3
1194 1187 1068 3 1187 1254 1170 3 1187 1083
1068 3 1187 1170 1083 3 1068 1083 1011 3
1170 1254 1133 3 1133 1083 1170 3 1244 1133
1254 3 1244 1099 1133 3 1011 1083 1025 3
1133 1025 1083 3 1099 1025 1133 3 1025 918
1011 3 975 918 1025 3 1099 975 1025 3
975 867 918 3 975 846 867 3 846 975
937 3 1099 937 975 3 937 852 846 3
937 1099 1049 3 1099 1162 1049 3 1049 1162
1102 3 852 937 927 3 1049 927 937 3
852 927 877 3 1049 1102 1017 3 927 1049
1017 3 1017 1102 1001 3 927 1017 1001 3
927 1001 877 3 1102 1116 1001 3 877 1001
977 3 1001 1116 977 3 1206 1251 1165 3
1206 1165 1107 3 1251 1206 1313 3 1313 1311
1251 3 1206 1107 1151 3 1151 1107 977 3
1116 1151 977 3 1240 1206 1151 3 1240 1313
1206 3 1217 1151 1116 3 1217 1240 1151 3
1173 1217 1116 3 1173 1264 1217 3 1264 1316
1217 3 1217 1316 1240 3 1316 1264 1321 3
1313 1240 1374 3 1374 1240 1316 3 1321 1409
1316 3 1374 1316 1409 3 1374 1401 1313 3
1311 1313 1401 3 1409 1441 1374 3 1401 1374
1441 3 1321 1431 1409 3 1431 1321 1358 3
1409 1460 1441 3 1401 1441 1460 3 1460 1409
1431 3 1311 1401 1425 3 1425 1401 1460 3
1425 1347 1311 3 1431 1427 1460 3 1460 1427
1425 3 1394 1347 1425 3 1394 1425 1427 3
1325 1347 1394 3 1290 1325 1394 3 1290 1394
1375 3 1375 1394 1427 3 1194 1290 1375 3
1194 1375 1301 3 1375 1427 1398 3 1375 1398
1301 3 1427 1431 1398 3 1398 1431 1358 3
1301 1398 1341 3 1358 1341 1398 3 963 907
854 3 963 854 844 3 907 963 1013 3
907 1013 1003 3 844 929 963 3 929 844
848 3 1077 1013 963 3 1077 963 929 3
1072 1003 1013 3 1058 1003 1072 3 1013 1077
1121 3 1121 1072 1013 3 1058 1072 1178 3
1194 1058 1178 3 1194 1178 1290 3 1178 1072
1154 3 1072 1121 1154 3 1178 1245 1290 3
1178 1154 1245 3 1245 1154 1121 3 1290 1245
1325 3 1121 1234 1245 3 1325 1245 1234 3
1234 1121 1077 3 1234 1347 1325 3 1347 1234
1199 3 1077 1199 1234 3 1199 1311 1347 3
1199 1251 1311 3 1251 1199 1148 3 1077 1148
1199 3 1148 1165 1251 3 1148 1077 1041 3
929 1041 1077 3 1165 1148 1091 3 1041 1091
1148 3 1165 1091 1107 3 1041 929 914 3
848 914 929 3 914 848 871 3 1091 1041
1007 3 914 1007 1041 3 1091 991 1107 3
1091 1007 991 3 1007 914 991 3 914 871
991 3 1107 991 977 3 991 871 977 3
1870 1854 1911 3 1870 1911 1979 3 1854 1870
1822 3 1822 1886 1854 3 1870 1979 1953 3
1953 1979 2141 3 2050 1953 2141 3 1859 1870
1953 3 1859 1822 1870 3 1945 1953 2050 3
1945 1859 1953 3 2037 1945 2050 3 2031 1945
2037 3 1899 1945 2031 3 1945 1899 1859 3
2049 1899 2031 3 1822 1859 1814 3 1814 1859
1899 3 2049 1931 1899 3 1931 1814 1899 3
1814 1832 1822 3 1886 1822 1832 3 1830 1814
1931 3 1832 1814 1830 3 2049 2004 1931 3
2004 2049 2093 3 1931 1913 1830 3 1832 1830
1913 3 1913 1931 2004 3 1886 1832 1923 3
1913 1923 1832 3 1923 1972 1886 3 2004 2055
1913 3 1913 2055 1923 3 1923 2059 1972 3
2059 1923 2055 3 2059 2091 1972 3 2170 2091
2059 3 2170 2059 2152 3 2152 2059 2055 3
2378 2170 2152 3 2378 2152 2251 3 2152 2055
2107 3 2152 2107 2251 3 2055 2004 2107 3
2004 2093 2107 3 2251 2107 2189 3 2189 2107
2093 3 2326 2512 2492 3 2326 2492 2434 3
2512 2326 2358 3 2512 2358 2504 3 2434 2278
2326 3 2278 2434 2330 3 2161 2358 2326 3
2278 2161 2326 3 2394 2504 2358 3 2486 2504
2394 3 2330 2222 2278 3 2222 2330 2270 3
2486 2394 2306 3 2378 2486 2306 3 2378 2306
2170 3 2306 2394 2272 3 2306 2167 2170 3
2306 2272 2167 3 2170 2167 2091 3 2394 2215
2272 3 2215 2167 2272 3 2215 2394 2358 3
2358 2161 2215 3 2091 2167 2075 3 2215 2075
2167 3 2161 2075 2215 3 2075 1972 2091 3
2032 1972 2075 3 2161 2032 2075 3 2032 1886
1972 3 2032 1854 1886 3 1854 2032 2003 3
2161 2003 2032 3 2003 1911 1854 3 2003 2161
2124 3 2161 2278 2124 3 2124 2278 2222 3
1911 2003 2012 3 2124 2012 2003 3 1911 2012
1979 3 2124 2222 2102 3 2012 2124 2102 3
2102 2222 2101 3 2012 2102 2101 3 2012 2101
1979 3 2222 2270 2101 3 1979 2101 2141 3
2101 2270 2141 3 2474 2542 2442 3 2474 2442
2338 3 2542 2474 2557 3 2557 2574 2542 3
2474 2338 2367 3 2367 2338 2141 3 2270 2367
2141 3 2483 2474 2367 3 2483 2557 2474 3
2414 2367 2270 3 2414 2483 2367 3 2330 2414
2270 3 2330 2434 2414 3 2434 2532 2414 3
2414 2532 2483 3 2532 2434 2492 3 2557 2483
2561 3 2561 2483 2532 3 2492 2556 2532 3
2561 2532 2556 3 2561 2589 2557 3 2574 2557
2589 3 2556 2591 2561 3 2589 2561 2591 3
2492 2567 2556 3 2567 2492 2512 3 2556 2601
2591 3 2601 2589 2591 3 2601 2556 2567 3
2574 2589 2595 3 2595 2589 2601 3 2595 2585
2574 3 2567 2582 2601 3 2601 2582 2595 3
2578 2585 2595 3 2578 2595 2582 3 2559 2585
2578 3 2540 2559 2578 3 2540 2578 2548 3
2548 2578 2582 3 2378 2540 2548 3 2378 2548
2486 3 2548 2582 2550 3 2548 2550 2486 3
2582 2567 2550 3 2550 2567 2512 3 2486 2550
2504 3 2512 2504 2550 3 2204 2093 2049 3
2204 2049 2031 3 2093 2204 2246 3 2093 2246
2189 3 2031 2160 2204 3 2160 2031 2037 3
2360 2246 2204 3 2360 2204 2160 3 2296 2189
2246 3 2251 2189 2296 3 2246 2360 2402 3
2402 2296 2246 3 2251 2296 2416 3 2378 2251
2416 3 2378 2416 2540 3 2416 2296 2419 3
2296 2402 2419 3 2416 2522 2540 3 2416 2419
2522 3 2522 2419 2402 3 2540 2522 2559 3
2402 2533 2522 3 2559 2522 2533 3 2533 2402
2360 3 2533 2585 2559 3 2585 2533 2509 3
2360 2509 2533 3 2509 2574 2585 3 2509 2542
2574 3 2542 2509 2449 3 2360 2449 2509 3
2449 2442 2542 3 2449 2360 2308 3 2160 2308
2360 3 2442 2449 2344 3 2308 2344 2449 3
2442 2344 2338 3 2308 2160 2134 3 2037 2134
2160 3 2134 2037 2050 3 2344 2308 2249 3
2134 2249 2308 3 2344 2212 2338 3 2344 2249
2212 3 2249 2134 2212 3 2134 2050 2212 3
2338 2212 2141 3 2212 2050 2141 3 1637 1639
1669 3 1637 1669 1716 3 1639 1637 1603 3
1603 1653 1639 3 1637 1716 1686 3 1686 1716
1855 3 1762 1686 1855 3 1630 1637 1686 3
1630 1603 1637 3 1674 1686 1762 3 1674 1630
1686 3 1740 1674 1762 3 1734 1674 1740 3
1643 1674 1734 3 1674 1643 1630 3 1752 1643
1734 3 1603 1630 1597 3 1597 1630 1643 3
1752 1658 1643 3 1658 1597 1643 3 1597 1617
1603 3 1653 1603 1617 3 1604 1597 1658 3
1617 1597 1604 3 1752 1726 1658 3 1726 1752
1808 3 1658 1660 1604 3 1617 1604 1660 3
1660 1658 1726 3 1653 1617 1671 3 1660 1671
1617 3 1671 1717 1653 3 1726 1781 1660 3
1660 1781 1671 3 1671 1793 1717 3 1793 1671
1781 3 1793 1817 1717 3 1932 1817 1793 3
1932 1793 1878 3 1878 1793 1781 3 2117 1932
1878 3 2117 1878 1994 3 1878 1781 1828 3
1878 1828 1994 3 1781 1726 1828 3 1726 1808
1828 3 1994 1828 1914 3 1914 1828 1808 3
2082 2269 2244 3 2082 2244 2175 3 2269 2082
2116 3 2269 2116 2253 3 2175 2044 2082 3
2044 2175 2086 3 1918 2116 2082 3 2044 1918
2082 3 2144 2253 2116 3 2226 2253 2144 3
2086 1983 2044 3 1983 2086 2034 3 2226 2144
2066 3 2117 2226 2066 3 2117 2066 1932 3
2066 2144 2040 3 2066 1930 1932 3 2066 2040
1930 3 1932 1930 1817 3 2144 1975 2040 3
1975 1930 2040 3 1975 2144 2116 3 2116 1918
1975 3 1817 1930 1813 3 1975 1813 1930 3
1918 1813 1975 3 1813 1717 1817 3 1761 1717
1813 3 1918 1761 1813 3 1761 1653 1717 3
1761 1639 1653 3 1639 1761 1739 3 1918 1739
1761 3 1739 1669 1639 3 1739 1918 1862 3
1918 2044 1862 3 1862 2044 1983 3 1669 1739
1745 3 1862 1745 1739 3 1669 1745 1716 3
1862 1983 1840 3 1745 1862 1840 3 1840 1983
1838 3 1745 1840 1838 3 1745 1838 1716 3
1983 2034 1838 3 1716 1838 1855 3 1838 2034
1855 3 2207 2282 2164 3 2207 2164 2076 3
2282 2207 2331 3 2331 2346 2282 3 2207 2076
2109 3 2109 2076 1855 3 2034 2109 1855 3
2216 2207 2109 3 2216 2331 2207 3 2159 2109
2034 3 2159 2216 2109 3 2086 2159 2034 3
2086 2175 2159 3 2175 2277 2159 3 2159 2277
2216 3 2277 2175 2244 3 2331 2216 2339 3
2339 2216 2277 3 2244 2342 2277 3 2339 2277
2342 3 2339 2408 2331 3 2346 2331 2408 3
2342 2425 2339 3 2408 2339 2425 3 2244 2356
2342 3 2356 2244 2269 3 2342 2440 2425 3
2440 2408 2425 3 2440 2342 2356 3 2346 2408
2428 3 2428 2408 2440 3 2428 2369 2346 3
2356 2383 2440 3 2440 2383 2428 3 2370 2369
2428 3 2370 2428 2383 3 2333 2369 2370 3
2280 2333 2370 3 2280 2370 2314 3 2314 2370
2383 3 2117 2280 2314 3 2117 2314 2226 3
2314 2383 2329 3 2314 2329 2226 3 2383 2356
2329 3 2329 2356 2269 3 2226 2329 2253 3
2269 2253 2329 3 1920 1808 1752 3 1920 1752
1734 3 1808 1920 1978 3 1808 1978 1914 3
1734 1866 1920 3 1866 1734 1740 3 2087 1978
1920 3 2087 1920 1866 3 2041 1914 1978 3
1994 1914 2041 3 1978 2087 2120 3 2120 2041
1978 3 1994 2041 2148 3 2117 1994 2148 3
2117 2148 2280 3 2148 2041 2145 3 2041 2120
2145 3 2148 2247 2280 3 2148 2145 2247 3
2247 2145 2120 3 2280 2247 2333 3 2120 2258
2247 3 2333 2247 2258 3 2258 2120 2087 3
2258 2369 2333 3 2369 2258 2237 3 2087 2237
2258 3 2237 2346 2369 3 2237 2282 2346 3
2282 2237 2166 3 2087 2166 2237 3 2166 2164
2282 3 2166 2087 2045 3 1866 2045 2087 3
2164 2166 2078 3 2045 2078 2166 3 2164 2078
2076 3 2045 1866 1841 3 1740 1841 1866 3
1841 1740 1762 3 2078 2045 1984 3 1841 1984
2045 3 2078 1943 2076 3 2078 1984 1943 3
1984 1841 1943 3 1841 1762 1943 3 2076 1943
1855 3 1943 1762 1855 3 921 916 939 3
921 939 995 3 916 921 887 3 887 930
916 3 921 995 971 3 971 995 1123 3
1042 971 1123 3 920 921 971 3 920 887
921 3 970 971 1042 3 970 920 971 3
1033 970 1042 3 1028 970 1033 3 938 970
1028 3 970 938 920 3 1043 938 1028 3
887 920 884 3 884 920 938 3 1043 964
938 3 964 884 938 3 884 901 887 3
930 887 901 3 897 884 964 3 901 884
897 3 1043 1016 964 3 1016 1043 1100 3
964 950 897 3 901 897 950 3 950 964
1016 3 930 901 951 3 950 951 901 3
951 997 930 3 1016 1054 950 3 950 1054
951 3 951 1055 997 3 1055 951 1054 3
1055 1085 997 3 1152 1085 1055 3 1152 1055
1137 3 1137 1055 1054 3 1314 1152 1137 3
1314 1137 1219 3 1137 1054 1110 3 1137 1110
1219 3 1054 1016 1110 3 1016 1100 1110 3
1219 1110 1166 3 1166 1110 1100 3 1268 1446
1422 3 1268 1422 1363 3 1446 1268 1291 3
1446 1291 1436 3 1363 1229 1268 3 1229 1363
1272 3 1136 1291 1268 3 1229 1136 1268 3
1322 1436 1291 3 1423 1436 1322 3 1272 1182
1229 3 1182 1272 1223 3 1423 1322 1259 3
1314 1423 1259 3 1314 1259 1152 3 1259 1322
1230 3 1259 1146 1152 3 1259 1230 1146 3
1152 1146 1085 3 1322 1179 1230 3 1179 1146
1230 3 1179 1322 1291 3 1291 1136 1179 3
1085 1146 1070 3 1179 1070 1146 3 1136 1070
1179 3 1070 997 1085 3 1026 997 1070 3
1136 1026 1070 3 1026 930 997 3 1026 916
930 3 916 1026 1008 3 1136 1008 1026 3
1008 939 916 3 1008 1136 1115 3 1136 1229
1115 3 1115 1229 1182 3 939 1008 1014 3
1115 1014 1008 3 939 1014 995 3 1115 1182
1095 3 1014 1115 1095 3 1095 1182 1094 3
1014 1095 1094 3 1014 1094 995 3 1182 1223
1094 3 995 1094 1123 3 1094 1223 1123 3
1406 1478 1382 3 1406 1382 1280 3 1478 1406
1513 3 1513 1536 1478 3 1406 1280 1296 3
1296 1280 1123 3 1223 1296 1123 3 1408 1406
1296 3 1408 1513 1406 3 1350 1296 1223 3
1350 1408 1296 3 1272 1350 1223 3 1272 1363
1350 3 1363 1463 1350 3 1350 1463 1408 3
1463 1363 1422 3 1513 1408 1514 3 1514 1408
1463 3 1422 1509 1463 3 1514 1463 1509 3
1514 1560 1513 3 1536 1513 1560 3 1509 1562
1514 3 1560 1514 1562 3 1422 1523 1509 3
1523 1422 1446 3 1509 1580 1562 3 1580 1560
1562 3 1580 1509 1523 3 1536 1560 1578 3
1578 1560 1580 3 1578 1550 1536 3 1523 1544
1580 3 1580 1544 1578 3 1540 1550 1578 3
1540 1578 1544 3 1517 1550 1540 3 1477 1517
1540 3 1477 1540 1487 3 1487 1540 1544 3
1314 1477 1487 3 1314 1487 1423 3 1487 1544
1490 3 1487 1490 1423 3 1544 1523 1490 3
1490 1523 1446 3 1423 1490 1436 3 1446 1436
1490 3 1174 1100 1043 3 1174 1043 1028 3
1100 1174 1211 3 1100 1211 1166 3 1028 1144
1174 3 1144 1028 1033 3 1304 1211 1174 3
1304 1174 1144 3 1255 1166 1211 3 1219 1166
1255 3 1211 1304 1345 3 1345 1255 1211 3
1219 1255 1372 3 1314 1219 1372 3 1314 1372
1477 3 1372 1255 1376 3 1255 1345 1376 3
1372 1462 1477 3 1372 1376 1462 3 1462 1376
1345 3 1477 1462 1517 3 1345 1470 1462 3
1517 1462 1470 3 1470 1345 1304 3 1470 1550
1517 3 1550 1470 1450 3 1304 1450 1470 3
1450 1536 1550 3 1450 1478 1536 3 1478 1450
1392 3 1304 1392 1450 3 1392 1382 1478 3
1392 1304 1260 3 1144 1260 1304 3 1382 1392
1284 3 1260 1284 1392 3 1382 1284 1280 3
1260 1144 1118 3 1033 1118 1144 3 1118 1033
1042 3 1284 1260 1204 3 1118 1204 1260 3
1284 1175 1280 3 1284 1204 1175 3 1204 1118
1175 3 1118 1042 1175 3 1280 1175 1123 3
1175 1042 1123 3 746 750 768 3 746 768
803 3 750 746 724 3 724 757 750 3
746 803 779 3 779 803 908 3 841 779
908 3 741 746 779 3 741 724 746 3
776 779 841 3 776 741 779 3 829 776
841 3 824 776 829 3 753 776 824 3
776 753 741 3 836 753 824 3 724 741
720 3 720 741 753 3 836 763 753 3
763 720 753 3 720 733 724 3 757 724
733 3 729 720 763 3 733 720 729 3
836 813 763 3 813 836 873 3 763 766
729 3 733 729 766 3 766 763 813 3
757 733 774 3 766 774 733 3 774 810
757 3 813 850 766 3 766 850 774 3
774 857 810 3 857 774 850 3 857 880
810 3 949 880 857 3 949 857 925 3
925 857 850 3 1109 949 925 3 1109 925
1004 3 925 850 891 3 925 891 1004 3
850 813 891 3 813 873 891 3 1004 891
942 3 942 891 873 3 1069 1210 1191 3
1069 1191 1143 3 1210 1069 1104 3 1210 1104
1203 3 1143 1032 1069 3 1032 1143 1065 3
935 1104 1069 3 1032 935 1069 3 1122 1203
1104 3 1184 1203 1122 3 1065 987 1032 3
987 1065 1019 3 1184 1122 1053 3 1109 1184
1053 3 1109 1053 949 3 1053 1122 1031 3
1053 946 949 3 1053 1031 946 3 949 946
880 3 1122 986 1031 3 986 946 1031 3
986 1122 1104 3 1104 935 986 3 880 946
875 3 986 875 946 3 935 875 986 3
875 810 880 3 839 810 875 3 935 839
875 3 839 757 810 3 839 750 757 3
750 839 827 3 935 827 839 3 827 768
750 3 827 935 911 3 935 1032 911 3
911 1032 987 3 768 827 832 3 911 832
827 3 768 832 803 3 911 987 895 3
832 911 895 3 895 987 890 3 832 895
890 3 832 890 803 3 987 1019 890 3
803 890 908 3 890 1019 908 3 1156 1231
1134 3 1156 1134 1059 3 1231 1156 1267 3
1267 1282 1231 3 1156 1059 1092 3 1092 1059
908 3 1019 1092 908 3 1167 1156 1092 3
1167 1267 1156 3 1129 1092 1019 3 1129 1167
1092 3 1065 1129 1019 3 1065 1143 1129 3
1143 1222 1129 3 1129 1222 1167 3 1222 1143
1191 3 1267 1167 1276 3 1276 1167 1222 3
1191 1279 1222 3 1276 1222 1279 3 1276 1331
1267 3 1282 1267 1331 3 1279 1348 1276 3
1331 1276 1348 3 1191 1286 1279 3 1286 1191
1210 3 1279 1360 1348 3 1360 1331 1348 3
1360 1279 1286 3 1282 1331 1352 3 1352 1331
1360 3 1352 1294 1282 3 1286 1308 1360 3
1360 1308 1352 3 1297 1294 1352 3 1297 1352
1308 3 1273 1294 1297 3 1237 1273 1297 3
1237 1297 1257 3 1257 1297 1308 3 1109 1237
1257 3 1109 1257 1184 3 1257 1308 1265 3
1257 1265 1184 3 1308 1286 1265 3 1265 1286
1210 3 1184 1265 1203 3 1210 1203 1265 3
941 873 836 3 941 836 824 3 873 941
993 3 873 993 942 3 824 912 941 3
912 824 829 3 1073 993 941 3 1073 941
912 3 1036 942 993 3 1004 942 1036 3
993 1073 1111 3 1111 1036 993 3 1004 1036
1130 3 1109 1004 1130 3 1109 1130 1237 3
1130 1036 1125 3 1036 1111 1125 3 1130 1200
1237 3 1130 1125 1200 3 1200 1125 1111 3
1237 1200 1273 3 1111 1207 1200 3 1273 1200
1207 3 1207 1111 1073 3 1207 1294 1273 3
1294 1207 1188 3 1073 1188 1207 3 1188 1282
1294 3 1188 1231 1282 3 1231 1188 1139 3
1073 1139 1188 3 1139 1134 1231 3 1139 1073
1038 3 912 1038 1073 3 1134 1139 1062 3
1038 1062 1139 3 1134 1062 1059 3 1038 912
896 3 829 896 912 3 896 829 841 3
1062 1038 992 3 896 992 1038 3 1062 952
1059 3 1062 992 952 3 992 896 952 3
896 841 952 3 1059 952 908 3 952 841
908 3 1675 1735 1741 3 1675 1741 1763 3
1735 1675 1646 3 1646 1753 1735 3 1675 1763
1687 3 1687 1763 1857 3 1714 1687 1857 3
1631 1675 1687 3 1631 1646 1675 3 1636 1687
1714 3 1636 1631 1687 3 1668 1636 1714 3
1638 1636 1668 3 1602 1636 1638 3 1636 1602
1631 3 1652 1602 1638 3 1646 1631 1598 3
1598 1631 1602 3 1652 1616 1602 3 1616 1598
1602 3 1598 1661 1646 3 1753 1646 1661 3
1605 1598 1616 3 1661 1598 1605 3 1652 1670
1616 3 1670 1652 1715 3 1616 1659 1605 3
1661 1605 1659 3 1659 1616 1670 3 1753 1661
1729 3 1659 1729 1661 3 1729 1809 1753 3
1670 1780 1659 3 1659 1780 1729 3 1729 1829
1809 3 1829 1729 1780 3 1829 1916 1809 3
1995 1916 1829 3 1995 1829 1877 3 1877 1829
1780 3 2115 1995 1877 3 2115 1877 1929 3
1877 1780 1792 3 1877 1792 1929 3 1780 1670
1792 3 1670 1715 1792 3 1929 1792 1816 3
1816 1792 1715 3 2239 2372 2351 3 2239 2351
2283 3 2372 2239 2261 3 2372 2261 2334 3
2283 2168 2239 3 2168 2283 2165 3 2090 2261
2239 3 2168 2090 2239 3 2248 2334 2261 3
2281 2334 2248 3 2165 2080 2168 3 2080 2165
2077 3 2281 2248 2149 3 2115 2281 2149 3
2115 2149 1995 3 2149 2248 2147 3 2149 2042
1995 3 2149 2147 2042 3 1995 2042 1916 3
2248 2121 2147 3 2121 2042 2147 3 2121 2248
2261 3 2261 2090 2121 3 1916 2042 1980 3
2121 1980 2042 3 2090 1980 2121 3 1980 1809
1916 3 1922 1809 1980 3 2090 1922 1980 3
1922 1753 1809 3 1922 1735 1753 3 1735 1922
1867 3 2090 1867 1922 3 1867 1741 1735 3
1867 2090 2048 3 2090 2168 2048 3 2048 2168
2080 3 1741 1867 1842 3 2048 1842 1867 3
1741 1842 1763 3 2048 2080 1987 3 1842 2048
1987 3 1987 2080 1947 3 1842 1987 1947 3
1842 1947 1763 3 2080 2077 1947 3 1763 1947
1857 3 1947 2077 1857 3 2158 2171 2085 3
2158 2085 2033 3 2171 2158 2276 3 2276 2242
2171 3 2158 2033 2110 3 2110 2033 1857 3
2077 2110 1857 3 2217 2158 2110 3 2217 2276
2158 3 2208 2110 2077 3 2208 2217 2110 3
2165 2208 2077 3 2165 2283 2208 3 2283 2332
2208 3 2208 2332 2217 3 2332 2283 2351 3
2276 2217 2340 3 2340 2217 2332 3 2351 2409
2332 3 2340 2332 2409 3 2340 2341 2276 3
2242 2276 2341 3 2409 2426 2340 3 2341 2340
2426 3 2351 2429 2409 3 2429 2351 2372 3
2409 2439 2426 3 2439 2341 2426 3 2439 2409
2429 3 2242 2341 2354 3 2354 2341 2439 3
2354 2268 2242 3 2429 2382 2439 3 2439 2382
2354 3 2327 2268 2354 3 2327 2354 2382 3
2252 2268 2327 3 2225 2252 2327 3 2225 2327
2313 3 2313 2327 2382 3 2115 2225 2313 3
2115 2313 2281 3 2313 2382 2371 3 2313 2371
2281 3 2382 2429 2371 3 2371 2429 2372 3
2281 2371 2334 3 2372 2334 2371 3 1758 1715
1652 3 1758 1652 1638 3 1715 1758 1812 3
1715 1812 1816 3 1638 1738 1758 3 1738 1638
1668 3 1915 1812 1758 3 1915 1758 1738 3
1927 1816 1812 3 1929 1816 1927 3 1812 1915
1973 3 1973 1927 1812 3 1929 1927 2065 3
2115 1929 2065 3 2115 2065 2225 3 2065 1927
2039 3 1927 1973 2039 3 2065 2143 2225 3
2065 2039 2143 3 2143 2039 1973 3 2225 2143
2252 3 1973 2114 2143 3 2252 2143 2114 3
2114 1973 1915 3 2114 2268 2252 3 2268 2114
2081 3 1915 2081 2114 3 2081 2242 2268 3
2081 2171 2242 3 2171 2081 2043 3 1915 2043
2081 3 2043 2085 2171 3 2043 1915 1860 3
1738 1860 1915 3 2085 2043 1982 3 1860 1982
2043 3 2085 1982 2033 3 1860 1738 1743 3
1668 1743 1738 3 1743 1668 1714 3 1982 1860
1839 3 1743 1839 1860 3 1982 1837 2033 3
1982 1839 1837 3 1839 1743 1837 3 1743 1714
1837 3 2033 1837 1857 3 1837 1714 1857 3
1951 2035 2038 3 1951 2038 2052 3 2035 1951
1906 3 1906 2051 2035 3 1951 2052 1962 3
1962 2052 2146 3 1981 1962 2146 3 1872 1951
1962 3 1872 1906 1951 3 1874 1962 1981 3
1874 1872 1962 3 1919 1874 1981 3 1861 1874
1919 3 1825 1874 1861 3 1874 1825 1872 3
1889 1825 1861 3 1906 1872 1820 3 1820 1872
1825 3 1889 1836 1825 3 1836 1820 1825 3
1820 1939 1906 3 2051 1906 1939 3 1831 1820
1836 3 1939 1820 1831 3 1889 1933 1836 3
1933 1889 1974 3 1836 1921 1831 3 1939 1831
1921 3 1921 1836 1933 3 2051 1939 2006 3
1921 2006 1939 3 2006 2098 2051 3 1933 2058
1921 3 1921 2058 2006 3 2006 2113 2098 3
2113 2006 2058 3 2113 2195 2098 3 2255 2195
2113 3 2255 2113 2157 3 2157 2113 2058 3
2384 2255 2157 3 2384 2157 2180 3 2157 2058
2062 3 2157 2062 2180 3 2058 1933 2062 3
1933 1974 2062 3 2180 2062 2092 3 2092 2062
1974 3 2515 2587 2577 3 2515 2577 2543 3
2587 2515 2535 3 2587 2535 2562 3 2543 2459
2515 3 2459 2543 2443 3 2365 2535 2515 3
2459 2365 2515 3 2526 2562 2535 3 2541 2562
2526 3 2443 2345 2459 3 2345 2443 2343 3
2541 2526 2430 3 2384 2541 2430 3 2384 2430
2255 3 2430 2526 2433 3 2430 2299 2255 3
2430 2433 2299 3 2255 2299 2195 3 2526 2405
2433 3 2405 2299 2433 3 2405 2526 2535 3
2535 2365 2405 3 2195 2299 2250 3 2405 2250
2299 3 2365 2250 2405 3 2250 2098 2195 3
2209 2098 2250 3 2365 2209 2250 3 2209 2051
2098 3 2209 2035 2051 3 2035 2209 2163 3
2365 2163 2209 3 2163 2038 2035 3 2163 2365
2315 3 2365 2459 2315 3 2315 2459 2345 3
2038 2163 2139 3 2315 2139 2163 3 2038 2139
2052 3 2315 2345 2254 3 2139 2315 2254 3
2254 2345 2219 3 2139 2254 2219 3 2139 2219
2052 3 2345 2343 2219 3 2052 2219 2146 3
2219 2343 2146 3 2417 2435 2335 3 2417 2335
2271 3 2435 2417 2534 3 2534 2493 2435 3
2417 2271 2373 3 2373 2271 2146 3 2343 2373
2146 3 2485 2417 2373 3 2485 2534 2417 3
2481 2373 2343 3 2481 2485 2373 3 2443 2481
2343 3 2443 2543 2481 3 2543 2560 2481 3
2481 2560 2485 3 2560 2543 2577 3 2534 2485
2563 3 2563 2485 2560 3 2577 2590 2560 3
2563 2560 2590 3 2563 2558 2534 3 2493 2534
2558 3 2590 2593 2563 3 2558 2563 2593 3
2577 2600 2590 3 2600 2577 2587 3 2590 2603
2593 3 2603 2558 2593 3 2603 2590 2600 3
2493 2558 2571 3 2571 2558 2603 3 2571 2516
2493 3 2600 2584 2603 3 2603 2584 2571 3
2552 2516 2571 3 2552 2571 2584 3 2505 2516
2552 3 2488 2505 2552 3 2488 2552 2549 3
2549 2552 2584 3 2384 2488 2549 3 2384 2549
2541 3 2549 2584 2580 3 2549 2580 2541 3
2584 2600 2580 3 2580 2600 2587 3 2541 2580
2562 3 2587 2562 2580 3 2036 1974 1889 3
2036 1889 1861 3 1974 2036 2079 3 1974 2079
2092 3 1861 2005 2036 3 2005 1861 1919 3
2162 2079 2036 3 2162 2036 2005 3 2169 2092
2079 3 2180 2092 2169 3 2079 2162 2218 3
2218 2169 2079 3 2180 2169 2309 3 2384 2180
2309 3 2384 2309 2488 3 2309 2169 2275 3
2169 2218 2275 3 2309 2398 2488 3 2309 2275
2398 3 2398 2275 2218 3 2488 2398 2505 3
2218 2361 2398 3 2505 2398 2361 3 2361 2218
2162 3 2361 2516 2505 3 2516 2361 2328 3
2162 2328 2361 3 2328 2493 2516 3 2328 2435
2493 3 2435 2328 2279 3 2162 2279 2328 3
2279 2335 2435 3 2279 2162 2130 3 2005 2130
2162 3 2335 2279 2224 3 2130 2224 2279 3
2335 2224 2271 3 2130 2005 2019 3 1919 2019
2005 3 2019 1919 1981 3 2224 2130 2105 3
2019 2105 2130 3 2224 2106 2271 3 2224 2105
2106 3 2105 2019 2106 3 2019 1981 2106 3
2271 2106 2146 3 2106 1981 2146 3 777 828
831 3 777 831 842 3 828 777 754 3
754 840 828 3 777 842 780 3 780 842
909 3 802 780 909 3 742 777 780 3
742 754 777 3 745 780 802 3 745 742
780 3 767 745 802 3 749 745 767 3
723 745 749 3 745 723 742 3 756 723
749 3 754 742 721 3 721 742 723 3
756 732 723 3 732 721 723 3 721 764
754 3 840 754 764 3 730 721 732 3
764 721 730 3 756 773 732 3 773 756
807 3 732 765 730 3 764 730 765 3
765 732 773 3 840 764 814 3 765 814
764 3 814 874 840 3 773 849 765 3
765 849 814 3 814 892 874 3 892 814
849 3 892 943 874 3 1005 943 892 3
1005 892 924 3 924 892 849 3 1108 1005
924 3 1108 924 948 3 924 849 856 3
924 856 948 3 849 773 856 3 773 807
856 3 948 856 878 3 878 856 807 3
1190 1298 1283 3 1190 1283 1235 3 1298 1190
1209 3 1298 1209 1274 3 1235 1142 1190 3
1142 1235 1135 3 1075 1209 1190 3 1142 1075
1190 3 1202 1274 1209 3 1238 1274 1202 3
1135 1063 1142 3 1063 1135 1061 3 1238 1202
1131 3 1108 1238 1131 3 1108 1131 1005 3
1131 1202 1127 3 1131 1037 1005 3 1131 1127
1037 3 1005 1037 943 3 1202 1112 1127 3
1112 1037 1127 3 1112 1202 1209 3 1209 1075
1112 3 943 1037 996 3 1112 996 1037 3
1075 996 1112 3 996 874 943 3 945 874
996 3 1075 945 996 3 945 840 874 3
945 828 840 3 828 945 915 3 1075 915
945 3 915 831 828 3 915 1075 1039 3
1075 1142 1039 3 1039 1142 1063 3 831 915
898 3 1039 898 915 3 831 898 842 3
1039 1063 994 3 898 1039 994 3 994 1063
954 3 898 994 954 3 898 954 842 3
1063 1061 954 3 842 954 909 3 954 1061
909 3 1128 1141 1064 3 1128 1064 1018 3
1141 1128 1220 3 1220 1189 1141 3 1128 1018
1093 3 1093 1018 909 3 1061 1093 909 3
1168 1128 1093 3 1168 1220 1128 3 1157 1093
1061 3 1157 1168 1093 3 1135 1157 1061 3
1135 1235 1157 3 1235 1269 1157 3 1157 1269
1168 3 1269 1235 1283 3 1220 1168 1277 3
1277 1168 1269 3 1283 1332 1269 3 1277 1269
1332 3 1277 1278 1220 3 1189 1220 1278 3
1332 1349 1277 3 1278 1277 1349 3 1283 1354
1332 3 1354 1283 1298 3 1332 1359 1349 3
1359 1278 1349 3 1359 1332 1354 3 1189 1278
1285 3 1285 1278 1359 3 1285 1208 1189 3
1354 1307 1359 3 1359 1307 1285 3 1263 1208
1285 3 1263 1285 1307 3 1201 1208 1263 3
1183 1201 1263 3 1183 1263 1256 3 1256 1263
1307 3 1108 1183 1256 3 1108 1256 1238 3
1256 1307 1299 3 1256 1299 1238 3 1307 1354
1299 3 1299 1354 1298 3 1238 1299 1274 3
1298 1274 1299 3 835 807 756 3 835 756
749 3 807 835 872 3 807 872 878 3
749 823 835 3 823 749 767 3 934 872
835 3 934 835 823 3 944 878 872 3
948 878 944 3 872 934 984 3 984 944
872 3 948 944 1052 3 1108 948 1052 3
1108 1052 1183 3 1052 944 1029 3 944 984
1029 3 1052 1120 1183 3 1052 1029 1120 3
1120 1029 984 3 1183 1120 1201 3 984 1103
1120 3 1201 1120 1103 3 1103 984 934 3
1103 1208 1201 3 1208 1103 1066 3 934 1066
1103 3 1066 1189 1208 3 1066 1141 1189 3
1141 1066 1030 3 934 1030 1066 3 1030 1064
1141 3 1030 934 910 3 823 910 934 3
1064 1030 985 3 910 985 1030 3 1064 985
1018 3 910 823 830 3 767 830 823 3
830 767 802 3 985 910 894 3 830 894
910 3 985 888 1018 3 985 894 888 3
894 830 888 3 830 802 888 3 1018 888
909 3 888 802 909 3 972 1034 1035 3
972 1035 1045 3 1034 972 940 3 940 1047
1034 3 972 1045 973 3 973 1045 1126 3
999 973 1126 3 922 972 973 3 922 940
972 3 923 973 999 3 923 922 973 3
947 923 999 3 919 923 947 3 893 923
919 3 923 893 922 3 931 893 919 3
940 922 889 3 889 922 893 3 931 903
893 3 903 889 893 3 889 967 940 3
1047 940 967 3 902 889 903 3 967 889
902 3 931 959 903 3 959 931 998 3
903 953 902 3 967 902 953 3 953 903
959 3 1047 967 1021 3 953 1021 967 3
1021 1105 1047 3 959 1056 953 3 953 1056
1021 3 1021 1113 1105 3 1113 1021 1056 3
1113 1171 1105 3 1221 1171 1113 3 1221 1113
1140 3 1140 1113 1056 3 1317 1221 1140 3
1317 1140 1155 3 1140 1056 1060 3 1140 1060
1155 3 1056 959 1060 3 959 998 1060 3
1155 1060 1089 3 1089 1060 998 3 1455 1552
1538 3 1455 1538 1482 3 1552 1455 1471 3
1552 1471 1520 3 1482 1395 1455 3 1395 1482
1387 3 1309 1471 1455 3 1395 1309 1455 3
1467 1520 1471 3 1479 1520 1467 3 1387 1287
1395 3 1287 1387 1281 3 1479 1467 1377 3
1317 1479 1377 3 1317 1377 1221 3 1377 1467
1379 3 1377 1258 1221 3 1377 1379 1258 3
1221 1258 1171 3 1467 1351 1379 3 1351 1258
1379 3 1351 1467 1471 3 1471 1309 1351 3
1171 1258 1218 3 1351 1218 1258 3 1309 1218
1351 3 1218 1105 1171 3 1177 1105 1218 3
1309 1177 1218 3 1177 1047 1105 3 1177 1034
1047 3 1034 1177 1145 3 1309 1145 1177 3
1145 1035 1034 3 1145 1309 1266 3 1309 1395
1266 3 1266 1395 1287 3 1035 1145 1124 3
1266 1124 1145 3 1035 1124 1045 3 1266 1287
1212 3 1124 1266 1212 3 1212 1287 1181 3
1124 1212 1181 3 1124 1181 1045 3 1287 1281
1181 3 1045 1181 1126 3 1181 1281 1126 3
1355 1369 1275 3 1355 1275 1224 3 1369 1355
1466 3 1466 1428 1369 3 1355 1224 1303 3
1303 1224 1126 3 1281 1303 1126 3 1411 1355
1303 3 1411 1466 1355 3 1410 1303 1281 3
1410 1411 1303 3 1387 1410 1281 3 1387 1482
1410 3 1482 1515 1410 3 1410 1515 1411 3
1515 1482 1538 3 1466 1411 1516 3 1516 1411
1515 3 1538 1563 1515 3 1516 1515 1563 3
1516 1512 1466 3 1428 1466 1512 3 1563 1565
1516 3 1512 1516 1565 3 1538 1583 1563 3
1583 1538 1552 3 1563 1584 1565 3 1584 1512
1565 3 1584 1563 1583 3 1428 1512 1525 3
1525 1512 1584 3 1525 1448 1428 3 1583 1549
1584 3 1584 1549 1525 3 1491 1448 1525 3
1491 1525 1549 3 1445 1448 1491 3 1429 1445
1491 3 1429 1491 1489 3 1489 1491 1549 3
1317 1429 1489 3 1317 1489 1479 3 1489 1549
1546 3 1489 1546 1479 3 1549 1583 1546 3
1546 1583 1552 3 1479 1546 1520 3 1552 1520
1546 3 1027 998 931 3 1027 931 919 3
998 1027 1074 3 998 1074 1089 3 919 1010
1027 3 1010 919 947 3 1138 1074 1027 3
1138 1027 1010 3 1149 1089 1074 3 1155 1089
1149 3 1074 1138 1180 3 1180 1149 1074 3
1155 1149 1262 3 1317 1155 1262 3 1317 1262
1429 3 1262 1149 1236 3 1149 1180 1236 3
1262 1329 1429 3 1262 1236 1329 3 1329 1236
1180 3 1429 1329 1445 3 1180 1295 1329 3
1445 1329 1295 3 1295 1180 1138 3 1295 1448
1445 3 1448 1295 1270 3 1138 1270 1295 3
1270 1428 1448 3 1270 1369 1428 3 1369 1270
1232 3 1138 1232 1270 3 1232 1275 1369 3
1232 1138 1117 3 1010 1117 1138 3 1275 1232
1185 3 1117 1185 1232 3 1275 1185 1224 3
1117 1010 1020 3 947 1020 1010 3 1020 947
999 3 1185 1117 1096 3 1020 1096 1117 3
1185 1098 1224 3 1185 1096 1098 3 1096 1020
1098 3 1020 999 1098 3 1224 1098 1126 3
1098 999 1126 3 9457 9206 9586 3 9206 9457
9153 3 9633 9198 9581 3 9198 9633 9263 3
9429 8991 9258 3 8991 9429 9137 3 9457 9009
9153 3 9009 9457 9278 3 9633 9206 9263 3
9206 9633 9586 3 9429 9198 9137 3 9198 9429
9581 3 9137 8937 8903 3 8937 9137 9198 3
9263 8946 9028 3 8946 9263 9206 3 9153 8777
8907 3 8777 9153 9009 3 9137 8756 8991 3
8756 9137 8903 3 9263 8937 9198 3 8937 9263
9028 3 9153 8946 9206 3 8946 9153 8907 3
9455 9204 9584 3 9204 9455 9152 3 9632 9196
9580 3 9196 9632 9262 3 9422 8990 9255 3
8990 9422 9136 3 9455 9008 9152 3 9008 9455
9275 3 9632 9204 9262 3 9204 9632 9584 3
9422 9196 9136 3 9196 9422 9580 3 9136 8935
8902 3 8935 9136 9196 3 9262 8944 9026 3
8944 9262 9204 3 9152 8776 8906 3 8776 9152
9008 3 9136 8755 8990 3 8755 9136 8902 3
9262 8935 9196 3 8935 9262 9026 3 9152 8944
9204 3 8944 9152 8906 3 3818 3808 3820 3
3804 3808 3818 3 3804 3796 3808 3 3791 3796
3804 3 3796 3791 3781 3 3781 3791 3763 3
3763 3747 3781 3 3740 3747 3763 3 3747 3740
3734 3 3734 3740 3733 3 3095 3093 3096 3
3082 3093 3095 3 3093 3082 3079 3 3079 3082
3064 3 3064 3057 3079 3 3044 3057 3064 3
3057 3044 3041 3 3041 3044 3034 3 3041 3034
3031 3 3031 3034 3029 3 3808 3839 3820 3
3839 3808 3836 3 3819 3839 3836 3 3796 3836
3808 3 3836 3810 3819 3 3760 3819 3810 3
3836 3796 3811 3 3810 3836 3811 3 3781 3811
3796 3 3810 3745 3760 3 3811 3781 3792 3
3811 3800 3810 3 3800 3811 3792 3 3745 3810
3800 3 3792 3786 3800 3 3800 3726 3745 3
3726 3800 3786 3 3786 3718 3726 3 3684 3745
3726 3 3726 3666 3684 3 3692 3762 3760 3
3760 3690 3692 3 3690 3760 3745 3 3646 3692
3690 3 3745 3684 3690 3 3690 3641 3646 3
3641 3690 3684 3 3608 3646 3641 3 3684 3632
3641 3 3632 3684 3666 3 3666 3625 3632 3
3641 3599 3608 3 3599 3641 3632 3 3457 3608
3599 3 3579 3632 3625 3 3632 3579 3599 3
3625 3575 3579 3 3599 3411 3457 3 3411 3599
3579 3 3251 3457 3411 3 3375 3579 3575 3
3579 3375 3411 3 3575 3350 3375 3 3411 3234
3251 3 3234 3411 3375 3 3148 3251 3234 3
3234 3129 3148 3 3216 3375 3350 3 3375 3216
3234 3 3129 3234 3216 3 3350 3204 3216 3
3216 3121 3129 3 3121 3216 3204 3 3204 3113
3121 3 3098 3148 3129 3 3129 3085 3098 3
3085 3129 3121 3 3056 3098 3085 3 3121 3069
3085 3 3069 3121 3113 3 3113 3060 3069 3
3056 3085 3040 3 3040 3085 3069 3 3028 3069
3060 3 3040 3069 3028 3 3028 3060 3022 3
3011 3028 3022 3 3028 3011 3013 3 3013 3040
3028 3 3029 3013 3011 3 3013 3029 3034 3
3040 3013 3027 3 3034 3027 3013 3 3027 3056
3040 3 3027 3034 3044 3 3056 3027 3042 3
3044 3042 3027 3 3042 3044 3064 3 3039 3057
3041 3 3041 3023 3039 3 3023 3041 3031 3
3048 3039 3023 3 3031 3012 3023 3 3012 3031
3029 3 3029 3011 3012 3 3023 3037 3048 3
3037 3023 3012 3 3025 3012 3011 3 3012 3025
3037 3 3011 3022 3025 3 3060 3025 3022 3
3025 3060 3063 3 3063 3037 3025 3 3113 3063
3060 3 3075 3048 3037 3 3037 3063 3075 3
3048 3075 3091 3 3063 3113 3111 3 3111 3075
3063 3 3204 3111 3113 3 3118 3091 3075 3
3075 3111 3118 3 3091 3118 3126 3 3111 3204
3202 3 3111 3202 3118 3 3118 3203 3126 3
3203 3118 3202 3 3214 3126 3203 3 3204 3335
3202 3 3202 3335 3203 3 3204 3350 3335 3
3203 3332 3214 3 3332 3203 3335 3 3341 3214
3332 3 3558 3335 3350 3 3558 3332 3335 3
3350 3575 3558 3 3332 3554 3341 3 3332 3558
3554 3 3557 3341 3554 3 3621 3558 3575 3
3621 3554 3558 3 3575 3625 3621 3 3554 3616
3557 3 3554 3621 3616 3 3615 3557 3616 3
3660 3621 3625 3 3625 3666 3660 3 3655 3616
3621 3 3655 3615 3616 3 3621 3660 3655 3
3615 3655 3652 3 3696 3652 3655 3 3718 3660
3666 3 3666 3726 3718 3 3713 3655 3660 3
3660 3718 3713 3 3655 3713 3696 3 3755 3713
3718 3 3718 3786 3755 3 3738 3696 3713 3
3713 3755 3738 3 3696 3736 3698 3 3696 3738
3736 3 3753 3736 3738 3 3758 3738 3755 3
3738 3758 3753 3 3778 3755 3786 3 3755 3778
3758 3 3786 3792 3778 3 3758 3734 3753 3
3778 3734 3758 3 3733 3753 3734 3 3734 3778
3747 3 3792 3747 3778 3 3747 3792 3781 3
3080 3096 3093 3 3093 3072 3080 3 3072 3093
3079 3 3092 3080 3072 3 3079 3055 3072 3
3055 3079 3057 3 3057 3039 3055 3 3072 3087
3092 3 3087 3072 3055 3 3071 3055 3039 3
3055 3071 3087 3 3039 3048 3071 3 3091 3071
3048 3 3071 3091 3099 3 3099 3087 3071 3
3126 3099 3091 3 3099 3126 3146 3 3087 3099
3108 3 3099 3146 3108 3 3108 3092 3087 3
3161 3108 3146 3 3092 3108 3117 3 3161 3117
3108 3 3117 3161 3178 3 3080 3095 3096 3
3095 3080 3073 3 3073 3082 3095 3 3092 3073
3080 3 3082 3073 3059 3 3059 3064 3082 3
3064 3059 3042 3 3073 3092 3089 3 3089 3059
3073 3 3077 3042 3059 3 3059 3089 3077 3
3042 3077 3056 3 3077 3098 3056 3 3077 3102
3098 3 3089 3102 3077 3 3148 3098 3102 3
3092 3112 3089 3 3089 3112 3102 3 3092 3117
3112 3 3102 3169 3148 3 3169 3102 3112 3
3251 3148 3169 3 3179 3112 3117 3 3169 3112
3179 3 3179 3117 3178 3 3169 3268 3251 3
3268 3169 3179 3 3457 3251 3268 3 3272 3179
3178 3 3179 3272 3268 3 3178 3263 3272 3
3440 3272 3263 3 3268 3488 3457 3 3488 3268
3272 3 3608 3457 3488 3 3272 3440 3484 3
3272 3484 3488 3 3591 3484 3440 3 3488 3609
3608 3 3609 3488 3484 3 3646 3608 3609 3
3484 3591 3607 3 3484 3607 3609 3 3631 3607
3591 3 3609 3645 3646 3 3645 3609 3607 3
3692 3646 3645 3 3607 3631 3638 3 3607 3638
3645 3 3631 3665 3638 3 3683 3638 3665 3
3683 3645 3638 3 3665 3719 3683 3 3731 3683
3719 3 3645 3683 3689 3 3731 3689 3683 3
3645 3689 3692 3 3689 3731 3748 3 3748 3692
3689 3 3731 3790 3748 3 3692 3748 3762 3
3802 3748 3790 3 3802 3762 3748 3 3803 3802
3790 3 3817 3762 3802 3 3817 3760 3762 3
3760 3817 3819 3 3802 3803 3833 3 3833 3817
3802 3 3833 3803 3791 3 3804 3833 3791 3
3838 3819 3817 3 3817 3833 3838 3 3838 3833
3804 3 3819 3838 3839 3 3818 3838 3804 3
3838 3820 3839 3 3820 3838 3818 3 3791 3803
3763 3 3803 3789 3763 3 3790 3789 3803 3
3763 3789 3740 3 3789 3790 3764 3 3790 3731
3764 3 3789 3765 3740 3 3764 3765 3789 3
3740 3765 3733 3 3719 3764 3731 3 3753 3733
3765 3 3765 3764 3743 3 3743 3753 3765 3
3764 3719 3743 3 3753 3743 3736 3 3714 3743
3719 3 3714 3736 3743 3 3736 3714 3698 3
3719 3665 3714 3 3659 3714 3665 3 3126 3214
3146 3 3233 3146 3214 3 3214 3341 3233 3
3146 3233 3161 3 3362 3233 3341 3 3341 3557
3362 3 3248 3161 3233 3 3233 3362 3248 3
3248 3178 3161 3 3178 3248 3263 3 3408 3263
3248 3 3408 3248 3362 3 3263 3408 3440 3
3574 3362 3557 3 3362 3574 3408 3 3557 3615
3574 3 3408 3578 3440 3 3578 3408 3574 3
3591 3440 3578 3 3620 3574 3615 3 3574 3620
3578 3 3615 3652 3620 3 3578 3624 3591 3
3624 3578 3620 3 3631 3591 3624 3 3654 3620
3652 3 3620 3654 3624 3 3696 3654 3652 3
3654 3696 3698 3 3624 3659 3631 3 3659 3624
3654 3 3654 3698 3659 3 3665 3631 3659 3
3714 3659 3698 3 2455 2528 2412 3 2238 2455
2412 3 2238 2412 2300 3 2366 2285 2375 3
2366 2284 2285 3 2284 2366 2374 3 2301 2413
2241 3 2453 2241 2413 3 2413 2527 2453 3
5701 5171 5354 3 5171 5701 5572 3 5349 5566
5695 3 5566 5349 5166 3 5354 5166 5349 3
5166 5354 5171 3 5695 5572 5701 3 5572 5695
5566 3 5698 5170 5353 3 5170 5698 5570 3
5348 5564 5692 3 5564 5348 5163 3 5353 5163
5348 3 5163 5353 5170 3 5692 5570 5698 3
5570 5692 5564 3 8188 5385 8130 3 5385 8188
5458 3 8233 5458 8188 3 5458 8233 5500 3
8299 5546 8288 3 5546 8299 5555 3 8297 5555
8299 3 5555 8297 5551 3 8276 5551 8297 3
5551 8276 5539 3 8173 5488 8222 3 5488 8173
5424 3 8116 5424 8173 3 5424 8116 5360 3
8047 5360 8116 3 5360 8047 5286 3 7863 5102
7921 3 5102 7863 5042 3 7804 5042 7863 3
5042 7804 4966 3 7741 4966 7804 3 4966 7741
4808 3 7700 4808 7741 3 4808 7700 4738 3
7598 4562 7626 3 4562 7598 4551 3 7604 4551
7598 3 4551 7604 4554 3 7637 4554 7604 3
4554 7637 4573 3 7764 4759 7712 3 4759 7764
4905 3 7818 4905 7764 3 4905 7818 5008 3
7892 5008 7818 3 5008 7892 5065 3 8109 8016
8024 3 8016 8109 8088 3 8088 5227 8016 3
5227 8088 5328 3 8130 5328 8088 3 5328 8130
5385 3 7608 7598 7599 3 7598 7608 7604 3
7715 7771 7764 3 7715 7764 7712 3 7809 7748
7741 3 7809 7741 7804 3 7599 7626 7633 3
7626 7599 7598 3 8133 8063 8047 3 8047 8116
8133 3 8234 8133 8289 3 8289 8133 8201 3
8373 8316 8320 3 8320 8316 8261 3 7736 7608
7735 3 7735 7608 7599 3 8383 8363 8377 3
8377 8363 8331 3 8289 8201 8318 3 8318 8201
8253 3 7735 7599 7738 3 7738 7599 7633 3
8377 8331 8373 3 8373 8331 8316 3 8025 7927
8046 3 8046 7927 7933 3 8257 8164 8204 3
8204 8164 8109 3 7738 7633 7698 3 7698 7633
7551 3 7763 7654 7807 3 7807 7654 7705 3
8204 8109 8120 3 8120 8109 8024 3 8364 8310
8367 3 8367 8310 8314 3 7748 7705 7700 3
7748 7700 7741 3 7771 7829 7818 3 7818 7764
7771 3 8315 8288 8312 3 8288 8315 8299 3
7640 7604 7608 3 7604 7640 7637 3 8164 8088
8109 3 8088 8164 8130 3 8164 8223 8188 3
8164 8188 8130 3 8253 8201 8173 3 8253 8173
8222 3 7829 7897 7892 3 7892 7818 7829 3
8314 8299 8315 3 8299 8314 8297 3 7872 7921
7927 3 7921 7872 7863 3 8201 8133 8116 3
8116 8173 8201 3 8223 8261 8233 3 8223 8233
8188 3 8310 8297 8314 3 8297 8310 8276 3
7809 7863 7872 3 7863 7809 7804 3 8376 8321
8378 3 8378 8321 8357 3 7745 7640 7736 3
7736 7640 7608 3 7817 7715 7795 3 7795 7715
7687 3 8176 8063 8234 3 8234 8063 8133 3
8365 8311 8376 3 8376 8311 8321 3 8378 8357
8364 3 8364 8357 8310 3 8119 8022 8205 3
8205 8022 8112 3 7707 7564 7745 3 7745 7564
7640 3 8046 7933 8119 3 8119 7933 8022 3
8309 8223 8257 3 8257 8223 8164 3 7873 7771
7817 3 7817 7771 7715 3 8120 8024 8150 3
8150 8024 8049 3 7719 7595 7763 3 7763 7595
7654 3 8320 8261 8309 3 8309 8261 8223 3
7925 7829 7873 3 7873 7829 7771 3 8205 8112
8176 3 8176 8112 8063 3 7974 7872 8025 3
8025 7872 7927 3 7698 7551 7719 3 7719 7551
7595 3 8005 7897 7925 3 7925 7897 7829 3
7910 7809 7974 3 7974 7809 7872 3 7737 7629
7707 3 7707 7629 7564 3 8366 8312 8383 3
8383 8312 8363 3 7856 7748 7910 3 7910 7748
7809 3 7795 7687 7737 3 7737 7687 7629 3
8368 8315 8366 3 8366 8315 8312 3 8009 7912
8005 3 8005 7912 7897 3 7807 7705 7856 3
7856 7705 7748 3 8091 7985 8009 3 8009 7985
7912 3 8367 8314 8368 3 8368 8314 8315 3
8318 8253 8365 3 8365 8253 8311 3 8150 8049
8091 3 8091 8049 7985 3 7873 8005 7925 3
7817 8005 7873 3 7817 8120 8005 3 8005 8120
8054 3 8054 8009 8005 3 8009 8054 8091 3
8091 8054 8150 3 8054 8120 8150 3 8120 8257
8204 3 8120 7817 8257 3 8257 8320 8309 3
7795 7790 7817 3 7790 7795 7737 3 7707 7790
7737 3 7790 7707 7745 3 7745 7817 7790 3
8257 7817 7745 3 7735 7745 7736 3 7738 7745
7735 3 7765 7745 7738 3 7765 7738 7698 3
7719 7765 7698 3 7763 7765 7719 3 7765 7763
7807 3 7745 7765 7807 3 7856 7745 7807 3
7974 7745 7856 3 7974 7856 7910 3 7745 7974
8257 3 8318 8257 7974 3 8318 8234 8289 3
8234 8318 8176 3 8176 8318 7974 3 8176 7974
8110 3 8110 7974 8025 3 8110 8205 8176 3
8046 8110 8025 3 8205 8110 8119 3 8110 8046
8119 3 8318 8364 8257 3 8364 8320 8257 3
8364 8318 8334 3 8334 8318 8365 3 8376 8334
8365 3 8378 8334 8376 3 8334 8378 8364 3
8320 8364 8366 3 8367 8366 8364 3 8366 8367
8368 3 8320 8366 8358 3 8358 8373 8320 3
8383 8358 8366 3 8373 8358 8377 3 8358 8383
8377 3 9458 9207 9587 3 9207 9458 9154 3
9634 9200 9582 3 9200 9634 9264 3 9431 8992
9260 3 8992 9431 9138 3 9458 9014 9154 3
9014 9458 9280 3 9634 9207 9264 3 9207 9634
9587 3 9431 9200 9138 3 9200 9431 9582 3
9138 8938 8904 3 8938 9138 9200 3 9264 8947
9030 3 8947 9264 9207 3 9154 8779 8908 3
8779 9154 9014 3 9138 8757 8992 3 8757 9138
8904 3 9264 8938 9200 3 8938 9264 9030 3
9154 8947 9207 3 8947 9154 8908 3 9459 9211
9590 3 9211 9459 9155 3 9635 9202 9583 3
9202 9635 9267 3 9435 8993 9261 3 8993 9435
9140 3 9459 9016 9155 3 9016 9459 9283 3
9635 9211 9267 3 9211 9635 9590 3 9435 9202
9140 3 9202 9435 9583 3 9140 8939 8905 3
8939 9140 9202 3 9267 8950 9032 3 8950 9267
9211 3 9155 8781 8909 3 8781 9155 9016 3
8993 8905 8758 3 8905 8993 9140 3 9267 8939
9202 3 8939 9267 9032 3 9155 8950 9211 3
8950 9155 8909 
CELL_DATA 17351
FIELD attributes 1
zone 1 17351 float
0 0 0 0 0 0 0 0 0 0 0
0 0 0 0 0 0 0 0 0 0
0 0 0 0 0 0 0 0 0 0
0 0 0 0 0 0 0 0 0 0
0 0 0 0 0 0 0 0 0 0
0 1 1 1 1 1 1 1 1 1
1 1 1 1 1 1 1 1 1 0
1 1 1 1 1 1 1 1 1 1
1 1 1 1 1 0 0 0 0 0
0 0 0 0 0 0 0 0 0 0
0 0 0 0 0 0 0 0 0 0
0 0 0 0 0 1 1 1 1 1
1 1 1 1 1 1 1 1 1 1
0 1 1 1 1 2 2 2 2 2
2 2 2 2 2 2 2 2 2 2
2 2 2 2 2 2 2 2 2 2
2 2 2 2 2 2 2 2 2 2
2 2 2 2 2 2 2 2 2 2
2 2 2 2 2 2 2 3 3 3
3 3 3 3 3 3 3 3 3 3
3 3 3 3 3 2 3 3 3 3
3 3 3 3 3 3 3 3 3 3
3 3 3 2 2 2 2 2 2 2
2 2 2 2 2 2 2 2 2 2
2 2 2 2 2 2 2 2 2 2
2 2 2 3 3 3 3 3 3 3
3 3 3 3 3 3 3 3 2 3
3 3 3 3 4 4 4 4 4 4
4 4 4 4 4 4 4 4 4 4
4 4 4 4 4 4 4 4 4 4
4 4 4 4 4 4 4 4 4 4
4 4 4 4 4 4 4 4 4 4
4 4 4 4 4 4 4 4 4 4
4 4 4 4 4 4 4 4 4 4
4 4 4 4 4 4 4 4 4 4
4 4 4 4 4 4 4 4 4 4
4 4 4 4 4 4 4 4 4 4
4 4 4 4 4 4 4 4 4 4
4 4 4 4 4 4 4 4 4 4
4 4 4 5 5 5 5 5 5 5
5 5 5 5 5 5 5 5 5 5
5 5 5 5 5 5 5 5 5 5
5 5 5 5 5 5 5 5 5 5
5 5 5 5 5 5 5 5 5 5
5 5 5 5 5 5 5 5 5 5
5 5 5 5 5 5 5 5 5 5
5 5 5 5 5 5 5 5 5 5
5 5 5 5 5 5 5 5 5 5
5 5 5 5 5 5 5 5 5 5
5 5 5 5 5 5 6 6 6 6
6 6 6 6 6 6 6 6 6 6
6 6 6 6 6 6 6 6 6 6
6 6 6 6 6 6 6 6 6 6
6 6 6 6 6 6 6 6 6 6
6 6 6 6 6 6 6 6 6 6
6 6 6 6 6 6 6 6 6 6
6 6 6 6 6 6 6 6 6 6
6 6 6 6 6 6 6 6 6 6
6 6 6 6 6 6 6 6 6 6
6 6 6 6 6 6 6 6 6 6
6 6 6 6 6 6 6 6 6 6
6 6 6 6 6 7 7 7 7 7
7 7 7 7 7 7 7 7 7 7
7 7 7 7 7 7 7 7 7 7
7 7 7 7 7 7 7 7 7 7
7 7 7 7 7 7 7 7 7 7
7 7 7 7 7 7 7 7 7 7
7 7 7 7 7 7 7 7 7 7
7 7 7 7 7 7 7 7 7 7
7 7 7 7 7 7 7 7 7 7
7 7 7 7 7 7 7 7 7 7
7 7 7 7 7 7 7 7 7 7
7 7 7 7 7 7 7 7 7 7
7 7 7 8 8 8 8 8 8 8
8 8 8 8 8 8 8 8 8 8
8 8 8 8 8 8 8 8 8 8
8 8 8 8 8 8 8 8 8 8
8 8 8 8 8 8 8 8 8 8
8 8 8 8 8 8 8 8 8 8
8 8 8 8 8 8 8 8 8 8
8 8 8 8 8 8 8 8 8 8
8 8 8 8 8 8 8 8 8 8
8 8 8 8 8 8 8 8 8 8
8 8 8 8 8 8 8 8 8 8
8 8 8 8 8 8 8 8 8 8
8 8 8 8 8 8 8 8 8 8
8 8 8 8 8 8 8 8 8 8
8 8 8 8 8 8 8 8 8 8
8 8 8 8 8 8 8 8 8 8
8 8 8 8 8 8 8 8 8 8
8 8 8 8 8 8 8 8 8 8
8 8 8 8 8 8 8 8 8 8
8 8 8 8 8 8 8 8 8 8
8 8 8 8 8 8 8 8 8 8
8 8 8 8 8 8 8 8 8 8
8 8 8 8 8 8 8 8 8 8
8 8 8 8 8 8 8 8 8 8
8 8 8 8 8 8 8 8 8 8
8 8 8 8 8 8 8 8 8 8
8 8 8 8 8 8 8 8 8 8
8 8 8 8 8 8 8 8 8 8
8 8 8 8 8 8 8 8 8 8
8 8 8 8 8 8 8 8 8 8
8 8 8 8 8 8 8 8 8 8
8 8 8 8 8 8 8 8 8 8
8 8 8 8 8 8 8 8 8 8
8 8 8 8 8 8 8 8 8 8
8 8 8 8 8 8 8 8 8 8
8 8 8 8 8 9 9 9 9 9
9 9 9 9 9 9 9 9 9 9
9 9 9 9 9 9 9 9 9 9
9 9 9 9 9 9 9 9 9 9
9 9 9 9 9 9 9 9 9 9
9 9 9 9 9 9 9 9 9 9
9 9 9 9 9 9 9 9 9 9
9 9 9 9 9 9 9 9 9 9
9 9 9 9 9 9 9 9 9 9
9 9 9 9 9 9 9 9 9 9
9 9 9 9 9 9 9 9 9 9
9 9 9 9 9 9 9 9 9 9
9 9 9 9 9 9 9 9 9 9
9 9 9 9 9 9 9 9 9 9
9 9 9 9 9 9 9 9 9 9
9 9 9 9 9 9 9 9 9 9
9 9 9 9 9 9 9 9 9 9
9 9 9 9 9 9 9 9 9 9
9 9 9 9 9 9 9 9 9 9
9 9 9 9 9 9 9 10 10 10
10 9 9 9 9 9 9 9 9 9
9 9 9 9 9 9 9 9 9 9
9 9 9 9 9 9 9 9 9 9
9 9 9 11 11 11 11 11 11 11
11 11 11 11 11 11 11 11 11 11
11 11 11 11 11 11 11 11 11 11
11 11 11 11 11 11 11 11 11 11
11 11 11 11 11 11 11 11 11 11
11 11 11 11 11 11 11 11 11 11
11 11 11 11 11 11 11 11 11 11
11 11 11 11 11 11 11 11 11 11
11 11 11 11 11 11 11 11 11 11
11 11 11 11 11 11 11 11 11 11
11 11 11 11 11 11 11 11 11 11
11 11 11 11 11 11 11 11 11 11
11 11 11 11 11 11 11 11 11 11
11 11 11 11 11 11 11 11 11 11
11 11 11 11 11 11 11 11 11 11
11 11 11 11 11 11 11 11 11 11
11 11 11 11 11 11 11 11 11 11
11 11 11 11 11 11 11 11 11 11
11 11 11 11 11 11 11 11 11 11
11 11 11 11 11 12 12 12 12 11
11 11 11 11 11 11 11 11 11 11
11 11 11 11 11 11 11 11 11 11
11 11 11 11 11 11 11 11 11 11
11 13 13 13 13 13 13 13 13 13
13 13 13 14 14 14 14 14 14 14
14 14 14 14 14 15 15 15 15 15
15 15 15 15 15 15 15 15 15 15
15 15 15 15 15 15 15 15 15 15
15 15 15 15 15 15 15 15 15 15
15 15 15 15 15 15 15 15 15 15
15 15 15 15 15 15 15 15 15 15
15 15 15 15 15 15 15 15 15 15
15 15 15 15 15 15 15 15 15 15
15 15 15 15 15 15 15 15 15 15
15 15 15 15 15 15 15 15 15 15
15 15 15 15 15 15 15 15 15 15
15 15 15 15 15 15 15 15 15 15
15 15 15 15 15 15 15 15 15 15
15 15 15 15 15 15 15 15 15 15
15 15 15 15 15 15 15 15 15 15
15 15 15 15 15 15 15 15 15 15
15 15 15 15 15 16 16 16 16 16
16 16 16 16 16 16 16 16 16 16
16 16 16 16 16 16 16 16 16 16
16 16 16 16 16 16 16 16 16 16
16 16 16 16 16 16 16 16 16 16
16 16 16 16 16 16 16 16 16 16
16 16 16 16 16 16 16 16 16 16
16 16 16 16 16 16 16 16 16 16
16 16 16 16 16 16 16 16 16 16
16 16 16 17 17 17 17 17 17 17
17 17 17 17 17 18 18 18 18 18
18 18 18 18 18 18 18 18 18 18
18 18 18 18 18 18 18 18 18 18
18 18 18 18 18 18 18 18 18 18
18 18 18 18 18 18 18 18 18 18
18 18 18 18 18 18 18 18 18 18
18 18 18 18 18 18 18 18 18 18
18 18 18 18 18 18 18 18 18 18
18 18 18 18 18 19 19 19 19 19
19 19 19 19 19 19 19 19 19 19
19 19 19 19 19 19 19 19 19 19
19 19 19 19 19 19 19 20 20 20
20 20 20 20 20 20 20 20 20 20
20 20 20 20 20 20 20 20 20 20
20 20 20 20 20 20 20 20 20 20
20 20 20 20 20 20 20 20 20 20
20 20 20 20 20 20 20 20 20 20
20 20 20 20 20 20 20 20 20 20
20 20 20 20 20 20 20 20 20 20
20 20 20 20 20 20 20 20 20 20
20 20 20 20 20 20 20 20 20 20
20 20 20 20 20 20 20 20 20 20
20 20 20 20 20 20 20 20 20 20
20 20 20 20 20 20 20 20 20 20
20 20 20 20 20 20 20 20 20 20
20 20 20 20 20 20 20 20 20 20
20 20 20 20 20 20 20 20 20 20
20 20 20 20 20 20 20 20 20 20
20 20 20 20 20 20 20 20 20 20
20 20 20 20 20 20 20 20 20 20
20 20 20 20 20 20 20 20 20 20
20 20 20 20 20 20 20 20 20 20
20 20 20 20 20 20 20 20 20 20
20 20 20 20 20 20 20 20 20 20
20 20 20 20 20 20 20 20 20 20
20 20 20 20 20 20 20 20 20 20
20 20 20 20 20 20 20 20 20 20
20 20 20 20 20 20 20 20 20 20
20 20 20 20 20 20 20 20 20 20
20 20 20 20 20 20 20 20 20 20
20 20 20 20 20 21 21 21 21 21
21 21 21 21 21 21 21 20 20 20
20 20 20 20 20 20 20 20 20 20
20 20 20 20 20 20 20 20 20 20
20 20 20 20 20 20 20 20 20 20
20 20 20 20 20 20 20 20 20 20
20 20 20 20 20 20 20 20 20 20
20 20 20 20 20 20 20 20 20 20
20 20 20 20 20 20 20 20 20 20
20 20 20 20 20 20 20 20 20 20
20 20 20 20 20 20 20 20 20 20
20 20 20 20 20 20 20 20 20 20
20 20 20 20 20 20 20 20 20 20
20 20 20 20 20 20 20 20 20 20
20 20 20 20 20 20 20 20 20 20
20 20 20 20 20 20 20 20 20 20
20 20 20 20 20 20 20 20 20 20
20 20 20 20 20 20 20 22 22 22
22 22 22 22 22 22 22 22 22 22
22 22 22 22 22 22 22 22 22 22
22 22 22 22 22 22 22 22 22 22
22 22 22 22 22 22 22 22 22 22
22 22 22 22 22 22 22 22 22 22
22 22 22 22 22 22 22 22 22 22
22 22 22 22 22 22 22 22 22 22
22 22 22 22 22 22 22 22 22 22
22 22 22 22 22 22 22 22 22 22
22 22 22 22 22 22 22 22 22 22
22 22 22 22 22 22 22 22 22 22
22 22 22 22 22 22 22 22 22 22
22 22 22 22 22 22 22 22 22 22
22 22 22 22 22 22 22 22 22 22
22 22 22 22 22 22 22 22 22 22
22 22 22 22 22 22 22 22 22 22
22 22 22 22 22 22 22 22 22 22
22 22 22 22 22 22 22 22 22 22
22 22 22 22 22 22 22 22 22 22
22 22 22 22 22 22 22 22 22 22
22 22 22 22 22 22 22 22 22 22
22 22 22 22 22 22 22 22 22 22
22 22 22 22 22 22 22 22 22 22
22 22 22 22 22 22 22 22 22 22
22 22 22 22 22 22 22 22 22 22
22 22 22 22 22 22 22 22 22 22
22 22 22 22 22 22 22 22 22 23
23 23 23 23 23 23 23 23 23 23
23 23 23 23 23 23 23 23 23 23
23 23 23 23 23 23 23 23 23 23
23 23 23 23 23 23 23 23 23 23
23 23 23 23 23 23 23 23 23 23
23 23 23 23 23 23 23 23 23 23
23 23 23 23 23 23 23 23 23 23
23 23 23 23 23 23 23 23 23 23
23 23 23 23 23 23 23 23 23 23
23 23 23 23 23 23 23 23 23 23
23 23 23 23 23 23 23 23 23 23
23 23 23 23 23 23 23 23 23 23
23 23 23 23 23 23 23 23 23 23
23 23 23 23 23 23 23 23 23 23
23 23 23 23 23 23 23 23 23 23
23 23 23 23 23 23 23 23 23 23
23 23 23 23 23 23 23 23 23 23
23 23 23 23 23 23 23 23 23 23
23 23 23 23 23 23 23 23 23 23
23 24 24 24 24 24 24 24 24 24
24 24 24 24 24 24 24 24 24 24
24 24 24 24 24 24 24 24 24 24
24 24 24 24 24 24 24 24 24 24
24 24 24 24 24 24 24 24 24 24
24 24 24 24 24 24 24 24 24 24
24 24 24 24 24 24 24 24 24 24
24 24 24 24 24 24 24 24 24 24
24 24 24 24 24 24 24 24 24 24
24 24 24 24 24 24 24 24 24 24
24 24 24 24 24 24 24 24 24 24
24 24 24 24 24 24 24 24 24 24
24 24 24 24 24 24 24 24 24 24
24 24 24 24 24 24 24 24 24 24
24 24 24 24 24 24 24 24 24 24
24 24 24 24 24 24 24 24 24 24
24 24 24 24 24 24 24 24 24 24
24 24 24 24 24 24 24 24 24 24
24 24 24 24 24 24 24 24 24 24
24 24 24 24 24 24 24 24 24 24
24 24 24 24 24 24 24 24 24 24
24 24 24 24 24 24 24 24 24 24
24 24 24 24 24 24 24 24 24 24
24 24 24 24 24 24 24 24 24 24
24 24 24 24 24 24 24 24 24 24
24 24 24 25 25 25 25 25 25 25
25 25 25 25 25 25 25 25 25 25
25 25 25 25 25 25 25 25 25 25
25 25 25 25 25 25 25 25 25 25
25 25 25 25 25 25 25 25 25 25
25 25 25 25 25 25 25 25 25 25
25 25 25 25 25 25 25 25 25 25
25 25 25 25 25 25 25 25 25 25
25 25 25 25 25 25 25 25 25 25
25 25 25 25 25 25 25 25 25 25
25 25 25 25 25 25 25 25 25 25
25 25 25 25 25 25 25 25 25 25
25 25 25 25 25 25 25 25 25 25
25 25 25 25 25 25 25 25 25 25
25 25 25 25 25 25 25 25 25 25
25 25 25 25 25 25 25 25 25 25
25 25 25 25 25 25 25 25 25 25
25 25 25 25 25 25 25 25 25 25
25 25 25 25 25 25 25 25 25 25
25 25 25 25 25 25 25 25 25 25
25 25 25 25 25 25 25 25 25 25
25 25 25 25 25 25 25 25 25 25
25 25 25 25 25 25 25 25 25 25
25 25 25 25 25 25 25 25 25 25
25 25 25 25 25 25 25 25 25 25
25 25 25 25 25 25 25 25 25 25
25 25 25 25 25 25 25 25 25 25
25 25 25 25 25 25 25 25 25 25
25 25 25 25 25 25 25 25 25 25
25 26 26 26 26 26 26 26 26 26
26 26 26 25 25 25 25 25 25 25
25 25 25 25 25 25 25 25 25 25
25 25 25 25 25 25 25 25 25 25
25 25 25 25 25 25 25 25 25 25
25 25 25 25 25 25 25 25 25 25
25 25 25 25 25 25 25 25 25 25
25 25 25 25 25 25 25 25 25 25
25 25 25 25 25 25 25 25 25 25
25 25 25 25 25 25 25 25 25 25
25 25 25 25 25 25 25 25 25 25
25 25 25 25 25 25 25 25 25 25
25 25 25 25 25 25 25 25 25 25
25 25 25 25 25 25 25 25 25 25
25 25 25 25 25 25 25 25 25 25
25 25 25 25 25 25 25 25 25 25
25 25 25 25 25 25 25 25 25 25
25 25 25 27 27 27 27 27 27 27
27 27 27 27 27 27 27 27 27 27
27 27 27 27 27 27 27 27 27 27
27 27 27 27 27 27 27 27 27 27
27 27 27 27 27 27 27 27 27 27
27 27 27 27 27 27 27 27 27 27
27 27 27 27 27 27 27 27 27 27
27 27 27 27 27 27 27 27 27 27
27 27 27 27 27 27 27 27 27 27
27 27 27 27 27 27 27 27 27 27
27 27 27 27 27 27 27 27 27 27
27 27 27 27 27 27 27 27 27 27
27 27 27 27 27 27 27 27 27 27
27 27 27 27 27 27 27 27 27 27
27 27 27 27 27 27 27 27 27 27
27 27 27 27 27 27 27 27 27 27
27 27 27 27 27 27 27 27 27 27
27 27 27 27 27 27 27 27 27 27
27 27 27 27 27 27 27 27 27 27
27 27 27 27 27 27 27 27 27 27
27 27 27 27 27 27 27 27 27 27
27 27 27 27 27 27 27 27 27 27
27 27 27 27 27 27 27 27 27 27
27 27 27 27 27 27 27 27 27 27
27 27 27 27 27 27 27 27 27 27
27 27 27 27 27 27 27 27 27 27
27 27 27 27 27 27 27 27 27 27
27 27 27 27 27 28 28 28 28 28
28 28 28 28 28 28 28 28 28 28
28 28 28 28 28 28 28 28 28 28
28 28 28 28 28 28 28 28 28 28
28 28 28 28 28 28 28 28 28 28
28 28 28 28 28 28 28 28 28 28
28 28 28 28 28 28 28 28 28 28
28 28 28 28 28 28 28 28 28 28
28 28 28 28 28 28 28 28 28 28
28 28 28 28 28 28 28 28 28 28
28 28 28 28 28 28 28 28 28 28
28 28 28 28 28 28 28 28 28 28
28 28 28 28 28 28 28 28 28 28
28 28 28 28 28 28 28 28 28 28
28 28 28 28 28 28 28 28 28 28
28 28 28 28 28 28 28 28 28 28
28 28 28 28 28 28 28 28 28 28
28 28 28 28 28 28 28 28 28 28
28 28 28 28 28 28 28 28 28 28
28 28 28 28 28 28 28 29 29 29
29 29 29 29 29 29 29 29 29 29
29 29 29 29 29 29 29 29 29 29
29 29 29 29 29 29 29 29 29 29
29 29 29 29 29 29 29 29 29 29
29 29 29 29 29 29 29 29 29 29
29 29 29 29 29 29 29 29 29 29
29 29 29 29 29 29 29 29 29 29
29 29 29 29 29 29 29 29 29 29
29 29 29 29 29 29 29 29 29 29
29 29 29 29 29 29 29 29 29 29
29 29 29 29 29 29 29 29 29 29
29 29 29 29 29 29 29 29 29 29
29 29 29 29 29 29 29 29 29 29
29 29 29 29 29 29 29 29 29 29
29 29 29 29 29 29 29 29 29 29
29 29 29 29 29 29 29 29 29 29
29 29 29 29 29 29 29 29 29 29
29 29 29 29 29 29 29 29 29 29
29 29 29 29 29 29 29 29 29 29
29 29 29 29 29 29 29 29 29 29
29 29 29 29 29 29 29 29 29 29
29 29 29 29 29 29 29 29 29 29
29 29 29 29 29 29 29 29 29 29
29 29 29 29 29 29 29 29 29 29
29 29 29 29 29 29 29 29 29 29
29 29 29 30 30 30 30 30 30 30
30 30 30 30 30 30 30 30 30 30
30 30 30 30 30 30 30 30 30 30
30 30 30 30 30 30 30 30 30 30
30 30 30 30 30 30 30 30 30 30
30 30 30 30 30 30 30 30 30 30
30 30 30 30 30 30 30 30 30 30
30 30 30 30 30 30 30 30 30 30
30 30 30 30 30 30 30 30 30 30
30 30 30 30 30 30 30 30 30 30
30 30 30 30 30 30 30 30 30 30
30 30 30 30 30 30 30 30 30 30
30 30 30 30 30 30 30 30 30 30
30 30 30 30 30 30 30 30 30 30
30 30 30 30 30 30 30 30 30 30
30 30 30 30 30 30 30 30 30 30
30 30 30 30 30 30 30 30 30 30
30 30 30 30 30 30 30 30 30 30
30 30 30 30 30 30 30 30 30 30
30 30 30 30 30 31 31 31 31 31
31 31 31 31 31 31 31 31 31 31
31 31 31 31 31 31 31 31 31 31
31 31 31 31 31 31 31 31 31 31
31 31 31 31 31 31 31 31 31 31
31 31 31 31 31 31 31 31 31 31
31 31 31 31 31 31 31 31 31 31
31 31 31 31 31 31 31 31 31 31
31 31 31 31 31 31 31 31 31 31
31 31 31 31 31 31 31 31 31 31
31 31 31 31 31 31 31 31 31 31
31 31 31 31 31 31 31 31 31 31
31 31 31 31 31 31 31 31 31 31
31 31 31 31 31 31 31 31 31 31
31 31 31 31 31 31 31 31 31 31
31 31 31 31 31 31 31 31 31 31
31 31 31 31 31 31 31 31 31 31
31 31 31 31 31 31 31 31 31 31
31 31 31 31 31 31 31 31 31 31
31 31 31 31 31 31 31 31 31 31
31 31 31 31 31 31 31 31 31 31
31 31 31 31 31 31 31 31 31 31
31 31 31 31 31 31 31 31 31 31
31 31 31 31 31 31 31 31 31 31
31 31 31 31 31 31 31 31 31 31
31 31 31 31 31 31 31 32 32 32
32 32 32 32 32 32 32 32 32 32
32 32 32 32 32 32 32 32 32 32
32 32 32 32 32 32 32 32 32 32
32 32 32 32 32 32 32 32 32 32
32 32 32 32 32 32 32 32 32 32
32 32 32 32 32 32 32 32 32 32
32 32 32 32 32 32 32 32 32 32
32 32 32 32 32 32 32 32 32 32
32 32 32 32 32 32 32 32 32 32
32 32 32 32 32 32 32 32 32 32
32 32 32 32 32 32 32 32 32 32
32 32 32 32 32 32 32 32 32 32
32 32 32 32 32 32 32 32 32 32
32 32 32 32 32 32 32 32 32 32
32 32 32 32 32 32 32 32 32 32
32 32 32 32 32 32 32 32 32 32
32 32 32 32 32 32 32 32 32 32
32 32 32 32 32 32 32 32 32 32
32 32 32 32 32 32 32 32 32 33
33 33 33 33 33 33 33 33 33 33
33 33 33 33 33 33 33 33 33 33
33 33 33 33 33 33 33 33 33 33
33 33 33 33 33 33 33 33 33 33
33 33 33 33 33 33 33 33 33 33
33 33 33 33 33 33 33 33 33 33
33 33 33 33 33 33 33 33 33 33
33 33 33 33 33 33 33 33 33 33
33 33 33 33 33 33 33 33 33 33
33 33 33 33 33 33 33 33 33 33
33 33 33 33 33 33 33 33 33 33
33 33 33 33 33 33 33 33 33 33
33 33 33 33 33 33 33 33 33 33
33 33 33 33 33 33 33 33 33 33
33 33 33 33 33 33 33 33 33 33
33 33 33 33 33 33 33 33 33 33
33 33 33 33 33 33 33 33 33 33
33 33 33 33 33 33 33 33 33 33
33 33 33 33 33 33 33 33 33 33
33 33 33 33 33 33 33 33 33 33
33 33 33 33 33 33 33 33 33 33
33 33 33 33 33 33 33 33 33 33
33 33 33 33 33 33 33 33 33 33
33 33 33 33 33 33 33 33 33 33
33 33 33 33 33 33 33 33 33 33
33 33 33 33 33 34 34 34 34 34
34 34 34 34 34 34 34 34 34 34
34 34 34 34 34 34 34 34 34 34
34 34 34 34 34 34 34 34 34 34
34 34 34 34 34 34 34 34 34 34
34 34 34 34 34 34 34 34 34 34
34 34 34 34 34 34 34 34 34 34
34 34 34 34 34 34 34 34 34 34
34 34 34 34 34 34 34 34 34 34
34 34 34 34 34 34 34 34 34 34
34 34 34 34 34 34 34 34 34 34
34 34 34 34 34 34 34 0 0 0
0 0 0 0 0 0 0 0 0 0
0 0 0 0 0 0 0 0 0 0
0 0 0 0 0 0 0 0 0 0
0 0 0 0 0 0 0 0 0 0
0 0 0 0 0 0 0 0 0 0
0 0 0 0 0 0 0 0 0 0
0 0 0 0 0 0 0 0 0 0
0 0 0 0 0 0 0 0 0 0
0 0 0 0 0 0 0 0 0 0
0 0 0 0 0 0 0 0 0 0
0 0 0 0 0 0 0 0 0 0
0 0 0 0 0 0 0 0 0 0
0 0 0 0 0 0 0 0 0 0
0 0 0 1 1 1 1 1 1 1
1 1 1 1 1 1 1 1 1 1
1 1 1 1 1 1 1 1 1 1
1 1 1 1 1 1 1 1 1 1
1 1 1 1 1 1 1 1 1 1
1 1 1 1 1 1 1 1 1 1
1 1 1 1 1 1 1 1 1 1
1 1 1 1 1 1 1 1 1 1
1 1 1 1 1 1 1 1 1 1
1 1 1 1 1 1 1 0 0 0
0 0 0 0 0 0 0 0 0 0
0 0 0 0 0 0 0 0 0 0
0 0 0 0 0 0 0 0 0 0
0 0 0 0 0 0 0 0 0 0
0 0 0 0 0 0 0 0 0 0
0 0 0 0 0 0 0 0 0 0
0 0 0 0 0 0 0 0 0 0
0 0 0 0 0 1 1 1 1 1
1 1 1 1 1 1 1 1 1 1
1 1 1 1 1 1 1 1 1 1
1 1 1 1 1 1 1 1 1 1
1 1 1 1 1 1 1 1 1 1
1 1 1 1 1 1 1 1 1 1
1 1 1 1 1 1 1 1 1 1
1 1 1 1 1 1 1 0 0 0
0 0 0 0 0 0 0 0 0 0
0 0 0 0 0 0 0 0 0 0
0 0 0 0 0 0 0 0 0 0
0 0 0 0 0 0 0 0 0 0
0 0 0 0 0 0 0 0 0 0
0 0 0 0 0 0 0 0 0 0
0 0 0 0 0 1 1 1 1 1
1 1 1 1 1 1 1 1 1 1
1 1 1 1 1 1 1 1 1 1
1 1 1 1 1 1 1 1 1 1
1 1 1 1 1 1 1 1 1 1
1 1 1 1 1 1 1 1 1 1
1 1 1 1 1 1 1 1 1 1
1 2 2 2 2 2 2 2 2 2
2 2 2 2 2 2 2 2 2 2
2 2 2 2 2 2 2 2 2 2
2 2 2 2 2 2 2 2 2 2
2 2 2 2 2 2 2 2 2 2
2 2 2 2 2 2 2 2 2 2
2 2 2 2 2 2 2 2 2 2
2 2 2 2 2 2 2 2 2 2
2 2 2 2 2 2 2 2 2 2
2 2 2 2 2 2 2 2 2 2
2 2 2 2 2 2 2 2 2 2
2 2 2 2 2 2 2 2 2 2
2 2 2 2 2 2 2 2 2 2
2 2 2 2 2 2 2 3 3 3
3 3 3 3 3 3 3 3 3 3
3 3 3 3 3 3 3 3 3 3
3 3 3 3 3 3 3 3 3 3
3 3 3 3 3 3 3 3 3 3
3 3 3 3 3 3 3 3 3 3
3 3 3 3 3 3 3 3 3 3
3 3 3 3 3 3 3 3 3 3
3 3 3 3 3 3 3 3 3 3
3 3 3 3 3 3 3 3 3 3
3 2 2 2 2 2 2 2 2 2
2 2 2 2 2 2 2 2 2 2
2 2 2 2 2 2 2 2 2 2
2 2 2 2 2 2 2 2 2 2
2 2 2 2 2 2 2 2 2 2
2 2 2 2 2 2 2 2 2 2
2 2 2 2 2 2 2 2 2 2
2 2 2 2 2 2 2 2 2 3
3 3 3 3 3 3 3 3 3 3
3 3 3 3 3 3 3 3 3 3
3 3 3 3 3 3 3 3 3 3
3 3 3 3 3 3 3 3 3 3
3 3 3 3 3 3 3 3 3 3
3 3 3 3 3 3 3 3 3 3
3 3 3 3 3 3 3 3 3 3
3 2 2 2 2 2 2 2 2 2
2 2 2 2 2 2 2 2 2 2
2 2 2 2 2 2 2 2 2 2
2 2 2 2 2 2 2 2 2 2
2 2 2 2 2 2 2 2 2 2
2 2 2 2 2 2 2 2 2 2
2 2 2 2 2 2 2 2 2 3
3 3 3 3 3 3 3 3 3 3
3 3 3 3 3 3 3 3 3 3
3 3 3 3 3 3 3 3 3 3
3 3 3 3 3 3 3 3 3 3
3 3 3 3 3 3 3 3 3 3
3 3 3 3 3 3 3 3 3 3
3 3 3 3 3 4 4 4 4 4
4 4 4 4 4 4 4 4 4 4
4 4 4 4 4 4 4 4 4 4
4 4 4 4 4 4 4 4 4 4
4 4 4 4 4 4 4 4 4 4
4 4 4 4 4 4 4 4 4 4
4 4 4 4 4 4 4 4 4 4
4 4 4 4 4 4 4 4 4 4
4 4 4 4 4 4 4 4 4 4
4 4 4 4 4 4 4 4 4 4
4 4 4 4 4 4 4 4 4 4
4 4 4 4 4 4 4 4 4 4
4 4 4 4 4 4 4 4 4 4
4 4 4 4 4 4 4 4 4 4
4 4 4 4 4 4 4 4 4 4
4 4 4 4 4 4 4 4 4 4
4 4 4 4 4 4 4 4 4 4
4 4 4 4 4 4 4 4 4 4
4 4 4 4 4 4 4 4 4 4
4 4 4 4 4 4 4 4 4 4
4 4 4 4 4 4 4 4 4 4
4 4 4 4 4 4 4 4 4 4
4 4 4 4 4 4 4 4 4 4
4 4 4 4 4 4 4 4 4 4
4 4 4 4 4 4 4 4 4 4
4 4 4 4 4 4 4 4 4 4
4 4 4 4 4 4 4 4 4 4
4 4 4 4 4 4 4 4 4 4
4 4 4 4 4 4 4 4 4 4
4 4 4 4 4 4 4 4 4 4
4 4 4 4 4 4 4 4 4 4
4 4 4 4 4 4 4 4 4 4
4 4 4 4 4 4 4 4 4 4
4 4 4 4 4 4 4 5 5 5
5 5 5 5 5 5 5 5 5 5
5 5 5 5 5 5 5 5 5 5
5 5 5 5 5 5 5 5 5 5
5 5 5 5 5 5 5 5 5 5
5 5 5 5 5 5 5 5 5 5
5 5 5 5 5 5 5 5 5 5
5 5 5 5 5 5 5 5 5 5
5 5 5 5 5 5 5 5 5 5
5 5 5 5 5 5 5 5 5 5
5 5 5 5 5 5 5 5 5 5
5 5 5 5 5 5 5 5 5 5
5 5 5 5 5 5 5 5 5 5
5 5 5 5 5 5 5 5 5 5
5 5 5 5 5 5 5 5 5 5
5 5 5 5 5 5 5 5 5 5
5 5 5 5 5 5 5 5 5 5
5 5 5 5 5 5 5 5 5 5
5 5 5 5 5 5 5 5 5 5
5 5 5 5 5 5 5 5 5 5
5 5 5 5 5 5 5 5 5 5
5 5 5 5 5 5 5 5 5 5
5 5 5 5 5 5 5 5 5 5
5 5 5 5 5 5 5 5 5 5
5 5 5 5 5 5 5 5 5 5
5 5 5 5 5 5 5 5 5 5
5 5 5 5 5 5 5 5 5 5
5 5 5 5 5 5 5 5 5 5
5 5 5 5 5 5 5 5 5 5
5 5 5 5 5 5 5 5 5 5
5 5 5 5 5 5 5 5 5 5
5 5 5 5 5 5 5 5 5 5
5 5 5 6 6 6 6 6 6 6
6 6 6 6 6 6 6 6 6 6
6 6 6 6 6 6 6 6 6 6
6 6 6 6 6 6 6 6 6 6
6 6 6 6 6 6 6 6 6 6
6 6 6 6 6 6 6 6 6 6
6 6 6 6 6 6 6 6 6 6
6 6 6 6 6 6 6 6 6 6
6 6 6 6 6 6 6 6 6 6
6 6 6 6 6 6 6 6 6 6
6 6 6 6 6 6 6 6 6 6
6 6 6 6 6 6 6 6 6 6
6 6 6 6 6 6 6 6 6 6
6 6 6 6 6 6 6 6 6 6
6 6 6 6 6 6 6 6 6 6
6 6 6 6 6 6 6 6 6 6
6 6 6 6 6 6 6 6 6 6
6 6 6 6 6 6 6 6 6 6
6 6 6 6 6 6 6 6 6 6
6 6 6 6 6 6 6 6 6 6
6 6 6 6 6 6 6 6 6 6
6 6 6 6 6 6 6 6 6 6
6 6 6 6 6 6 6 6 6 6
6 6 6 6 6 6 6 6 6 6
6 6 6 6 6 6 6 6 6 6
6 6 6 6 6 6 6 6 6 6
6 6 6 6 6 6 6 6 6 6
6 6 6 6 6 6 6 6 6 6
6 6 6 6 6 6 6 6 6 6
6 6 6 6 6 6 6 6 6 6
6 6 6 6 6 6 6 6 6 6
6 6 6 6 6 6 6 6 6 7
7 7 7 7 7 7 7 7 7 7
7 7 7 7 7 7 7 7 7 7
7 7 7 7 7 7 7 7 7 7
7 7 7 7 7 7 7 7 7 7
7 7 7 7 7 7 7 7 7 7
7 7 7 7 7 7 7 7 7 7
7 7 7 7 7 7 7 7 7 7
7 7 7 7 7 7 7 7 7 7
7 7 7 7 7 7 7 7 7 7
7 7 7 7 7 7 7 7 7 7
7 7 7 7 7 7 7 7 7 7
7 7 7 7 7 7 7 7 7 7
7 7 7 7 7 7 7 7 7 7
7 7 7 7 7 7 7 7 7 7
7 7 7 7 7 7 7 7 7 7
7 7 7 7 7 7 7 7 7 7
7 7 7 7 7 7 7 7 7 7
7 7 7 7 7 7 7 7 7 7
7 7 7 7 7 7 7 7 7 7
7 7 7 7 7 7 7 7 7 7
7 7 7 7 7 7 7 7 7 7
7 7 7 7 7 7 7 7 7 7
7 7 7 7 7 7 7 7 7 7
7 7 7 7 7 7 7 7 7 7
7 7 7 7 7 7 7 7 7 7
7 7 7 7 7 7 7 7 7 7
7 7 7 7 7 7 7 7 7 7
7 7 7 7 7 7 7 7 7 7
7 7 7 7 7 7 7 7 7 7
7 7 7 7 7 7 7 7 7 7
7 7 7 7 7 7 7 7 7 7
7 7 7 7 7 7 7 7 7 7
7 7 7 7 7 7 7 7 7 7
7 1 1 1 1 1 1 1 1 1
1 1 1 3 3 3 3 3 3 3
3 3 5 5 5 5 5 5 5 5
5 5 5 5 5 5 5 5 6 6
6 6 6 6 6 6 10 10 10 10
10 10 10 10 10 10 10 10 10 10
10 10 10 10 10 10 10 10 10 10
10 10 10 10 10 10 10 10 10 10
10 10 10 10 10 10 10 10 10 10
10 10 10 10 10 10 10 10 10 10
10 10 10 10 10 10 10 10 10 10
10 10 10 10 10 10 10 10 10 10
10 10 12 12 12 12 12 12 12 12
12 12 12 12 12 12 12 12 12 12
12 12 12 12 12 12 12 12 12 12
12 12 12 12 12 12 12 12 12 12
12 12 12 12 12 12 12 12 12 12
12 12 12 12 12 12 12 12 12 12
12 12 12 12 12 12 12 12 12 12
12 12 12 12 12 12 12 12 35 35
35 35 35 35 35 35 35 35 35 35
35 35 35 35 35 35 35 35 35 35
35 35 35 35 35 35 35 35 35 35
35 35 35 35 35 35 35 35 35 35
35 35 35 35 35 35 35 35 35 35
35 35 35 35 35 35 35 35 35 35
35 35 35 35 35 35 13 13 13 13
13 13 13 13 13 13 13 13 13 13
13 13 13 13 13 13 13 13 13 13
13 13 13 13 13 13 13 13 13 13
13 13 13 13 13 13 36 36 36 36
36 36 36 36 36 36 36 36 36 36
16 16 16 16 16 16 16 16 16 16
16 16 16 16 16 16 16 16 16 16
16 16 16 16 19 19 19 19 19 19
19 19 19 19 19 19 19 19 19 19
6 6 6 6 6 6 6 6 6 6
6 6 6 6 6 6 6 6 6 6
6 6 6 6 6 6 6 6 6 6
6 6 6 6 6 6 6 6 6 6
6 6 6 6 6 6 6 6 1 1
1 1 1 1 1 1 1 1 1 1
1 1 1 1 1 1 1 1 3 3
3 3 3 3 3 3 3 3 3 3
3 3 3 3 3 3 3 3 5 5
5 5 5 5 5 5 5 5 5 5
5 5 5 5 6 6 6 6 6 6
6 6 6 6 6 6 6 6 6 6
6 6 6 6 6 6 6 6 8 8
8 8 8 8 8 8 8 8 8 8
10 10 10 10 10 10 10 10 10 10
10 10 10 10 10 10 10 10 10 10
10 10 10 10 10 10 10 10 10 10
10 10 10 10 10 10 10 10 10 10
10 10 10 10 10 10 10 10 10 10
10 10 10 10 10 10 10 10 10 10
12 12 12 12 12 12 12 12 12 12
12 12 12 12 12 12 12 12 12 12
12 12 12 12 12 12 12 12 12 12
12 12 12 12 12 12 12 12 12 12
12 12 12 12 12 12 12 12 12 12
12 12 12 12 12 12 12 12 12 12
12 12 12 12 12 12 12 12 12 12
12 12 16 16 16 16 34 34 34 34
34 34 34 34 34 34 34 34 34 34
34 34 34 34 34 34 10 10 10 10
10 10 10 10 10 10 10 10 10 10
10 10 10 10 10 10 10 10 10 10
10 10 10 10 10 10 10 10 10 10
10 10 10 10 10 10 10 10 10 10
10 10 10 10 10 10 10 10 10 10
10 10 10 10 10 10 10 10 10 10
10 10 10 10 10 10 10 10 10 10
10 10 10 10 10 10 10 10 10 10
10 10 10 10 10 10 10 10 10 10
10 10 10 10 10 10 10 10 10 10
10 10 10 10 10 10 10 10 10 10
10 10 12 12 12 12 12 12 12 12
12 12 12 12 12 12 12 12 12 12
12 12 12 12 12 12 12 12 12 12
12 12 12 12 12 12 12 12 12 12
12 12 12 12 12 12 12 12 12 12
12 12 12 12 12 12 12 12 12 12
12 12 12 12 12 12 12 12 12 12
12 12 12 12 12 12 12 12 12 12
12 12 12 12 12 12 12 12 12 12
12 12 12 12 12 12 12 12 12 12
12 12 12 12 12 12 13 13 13 13
13 13 13 13 13 13 13 13 13 13
13 13 13 13 13 13 13 13 13 13
13 13 13 13 15 15 15 15 15 15
15 15 15 15 15 15 15 15 37 37
37 37 37 37 37 37 37 37 37 37
37 37 36 36 36 36 36 36 36 36
36 36 36 36 36 36 13 13 13 13
13 13 13 13 13 13 13 13 13 13
13 13 37 37 37 37 37 37 37 37
37 37 37 37 37 37 16 16 16 16
16 16 16 16 18 18 18 18 18 18
18 18 18 18 18 18 18 18 18 18
18 18 18 18 18 18 18 18 18 18
18 18 18 18 18 18 19 19 19 19
19 19 19 19 19 19 19 19 19 19
19 19 20 20 20 20 20 20 20 20
20 20 20 20 20 20 25 25 25 25
25 25 25 25 25 25 25 25 25 25
28 28 28 28 28 28 28 28 28 28
28 28 28 28 28 28 28 28 28 28
28 28 28 28 28 28 28 28 30 30
30 30 30 30 30 30 30 30 30 30
30 30 30 30 30 30 30 30 30 30
30 30 30 30 30 30 32 32 32 32
32 32 32 32 32 32 32 32 32 32
32 32 32 32 32 32 32 32 32 32
32 32 32 32 8 8 8 8 8 8
8 8 8 8 8 8 8 8 8 8
8 8 8 8 8 8 8 8 8 8
8 8 13 13 13 13 13 13 13 13
13 13 13 13 13 13 13 13 13 13
13 13 13 13 13 13 37 37 37 37
37 37 37 37 37 37 37 37 37 37
37 37 37 37 37 37 37 37 37 37
37 37 37 37 37 37 37 37 37 37
37 37 37 37 37 37 37 37 37 37
37 37 37 37 37 37 37 37 37 37
37 37 37 37 37 37 37 37 37 37
36 36 36 36 36 36 36 36 36 36
36 36 36 36 36 36 36 36 36 36
36 36 36 36 36 36 36 36 36 36
36 36 36 36 36 36 36 36 36 36
36 36 36 36 36 36 36 36 36 36
36 36 36 36 36 36 36 36 36 36
36 36 36 36 16 16 16 16 16 16
16 16 22 22 22 22 22 22 22 22
24 24 24 24 27 27 27 27 27 27
27 27 31 31 31 31 8 8 8 8
8 8 8 8 8 8 8 8 8 8
8 8 8 8 8 8 8 8 8 8
8 8 8 8 8 8 8 8 8 8
8 8 8 8 8 8 8 8 8 8
8 8 8 8 9 9 9 9 9 9
9 9 9 9 9 9 9 9 11 11
11 11 11 11 11 11 11 11 11 11
11 11 35 35 35 35 35 35 35 35
35 35 35 35 35 35 35 35 35 35
35 35 35 35 35 35 35 35 35 35
35 35 35 35 13 13 13 13 16 16
16 16 16 16 16 16 16 16 16 16
20 20 20 20 20 20 20 20 20 20
20 20 20 20 23 23 23 23 23 23
23 23 23 23 23 23 23 23 23 23
23 23 23 23 23 23 23 23 23 23
23 23 25 25 25 25 25 25 25 25
25 25 25 25 25 25 34 34 34 34
34 34 34 34 34 34 34 34 34 34
34 34 34 34 34 34 34 34 34 34
34 34 34 34 34 34 34 34 34 34
34 34 34 34 34 34 34 34 34 34
34 34 34 34 34 34 34 34 34 34
34 34 34 34 34 34 34 34 34 34
34 34 34 34 34 34 34 34 8 8
8 8 8 8 8 8 8 8 8 8
8 8 8 8 8 8 8 8 8 8
8 8 8 8 8 8 8 8 8 8
8 8 8 8 8 8 8 8 8 8
8 8 8 8 8 8 8 8 8 8
8 8 8 8 8 8 8 8 35 35
35 35 35 35 35 35 35 35 35 35
35 35 35 35 35 35 35 35 35 35
35 35 35 35 35 35 35 35 35 35
35 35 35 35 35 35 35 35 35 35
35 35 35 35 35 35 35 35 35 35
35 35 35 35 35 35 35 35 13 13
13 13 13 13 13 13 13 13 13 13
18 18 18 18 18 18 18 18 18 18
18 18 16 16 16 16 16 16 16 16
19 19 19 19 19 19 19 19 22 22
22 22 22 22 22 22 22 22 22 22
22 22 22 22 22 22 22 22 22 22
22 22 22 22 22 22 24 24 24 24
24 24 24 24 24 24 24 24 24 24
24 24 24 24 24 24 24 24 24 24
24 24 24 24 27 27 27 27 27 27
27 27 27 27 27 27 27 27 27 27
27 27 27 27 27 27 27 27 27 27
27 27 29 29 29 29 29 29 29 29
29 29 29 29 29 29 29 29 29 29
29 29 29 29 29 29 29 29 29 29
31 31 31 31 31 31 31 31 31 31
31 31 31 31 31 31 31 31 31 31
31 31 31 31 31 31 31 31 33 33
33 33 33 33 33 33 33 33 33 33
33 33 33 33 33 33 33 33 33 33
33 33 33 33 33 33 34 34 34 34
34 34 34 34 34 34 34 34 34 34
34 34 34 34 34 34 34 34 34 34
34 34 34 34 34 34 34 34 34 34
34 34 34 34 34 34 34 34 34 34
34 34 34 34 34 34 34 34 34 34
34 34 34 34 34 34 34 34 34 34
34 34 34 34 34 34 34 34 34 34
15 15 15 15 15 15 15 15 15 15
15 15 15 15 15 15 15 15 15 15
15 15 15 15 15 15 15 15 15 15
15 15 15 15 15 15 15 15 15 15
15 15 15 15 15 15 15 15 15 15
15 15 15 15 15 15 15 15 15 15
15 15 15 15 15 15 15 15 15 15
15 15 15 15 15 15 15 15 15 15
15 15 15 15 15 15 15 15 15 15
15 15 15 15 15 15 18 18 18 18
18 18 18 18 18 18 18 18 18 18
18 18 20 20 20 20 20 20 20 20
20 20 20 20 20 20 20 20 20 20
20 20 20 20 20 20 20 20 20 20
20 20 20 20 23 23 23 23 23 23
23 23 23 23 23 23 23 23 23 23
23 23 23 23 23 23 23 23 23 23
23 23 23 23 23 23 25 25 25 25
25 25 25 25 25 25 25 25 25 25
25 25 25 25 25 25 25 25 25 25
25 25 25 25 25 25 25 25 28 28
28 28 28 28 28 28 28 28 28 28
28 28 28 28 28 28 28 28 28 28
28 28 28 28 28 28 28 28 28 28
32 32 32 32 32 32 32 32 32 32
32 32 32 32 32 32 32 32 32 32
32 32 32 32 32 32 32 32 32 32
32 32 15 15 15 15 15 15 15 15
15 15 15 15 15 15 15 15 15 15
15 15 15 15 15 15 15 15 15 15
15 15 15 15 9 9 9 9 9 9
9 9 9 9 9 9 9 9 9 9
9 9 9 9 9 9 9 9 9 9
9 9 9 9 9 9 11 11 11 11
11 11 11 11 11 11 11 11 11 11
11 11 11 11 11 11 11 11 11 11
11 11 11 11 11 11 11 11 20 20
20 20 20 20 20 20 20 20 20 20
20 20 20 20 20 20 20 20 20 20
20 20 20 20 20 20 20 20 20 20
23 23 23 23 23 23 23 23 23 23
23 23 23 23 23 23 23 23 23 23
23 23 23 23 23 23 23 23 23 23
23 23 25 25 25 25 25 25 25 25
25 25 25 25 25 25 25 25 25 25
25 25 25 25 25 25 25 25 25 25
25 25 25 25 28 28 28 28 28 28
28 28 28 28 28 28 28 28 28 28
28 28 28 28 28 28 28 28 28 28
28 28 28 28 28 28 30 30 30 30
30 30 30 30 30 30 30 30 30 30
30 30 30 30 30 30 30 30 30 30
30 30 30 30 30 30 30 30 30 30
30 30 30 30 30 30 30 30 30 30
30 30 30 30 30 30 30 30 30 30
30 30 30 30 30 30 30 30 30 30
32 32 32 32 32 32 32 32 32 32
32 32 32 32 32 32 32 32 32 32
32 32 32 32 32 32 32 32 32 32
32 32 18 18 18 18 18 18 18 18
18 18 18 18 18 18 18 18 21 21
21 21 21 21 21 21 26 26 26 26
26 26 26 26 19 19 19 19 19 19
19 19 19 19 19 19 19 19 19 19
19 19 19 19 19 19 19 19 19 19
19 19 19 19 19 19 19 19 19 19
19 19 19 19 19 19 19 19 19 19
19 19 22 22 22 22 22 22 22 22
22 22 22 22 22 22 22 22 22 22
22 22 22 22 22 22 22 22 22 22
22 22 22 22 22 22 22 22 22 22
22 22 22 22 22 22 22 22 22 22
22 22 22 22 22 22 22 22 22 22
22 22 22 22 22 22 24 24 24 24
24 24 24 24 24 24 24 24 24 24
24 24 24 24 24 24 24 24 24 24
24 24 24 24 24 24 24 24 24 24
24 24 24 24 24 24 24 24 24 24
24 24 24 24 24 24 24 24 24 24
24 24 24 24 24 24 24 24 24 24
27 27 27 27 27 27 27 27 27 27
27 27 27 27 27 27 27 27 27 27
27 27 27 27 27 27 27 27 27 27
27 27 27 27 27 27 27 27 27 27
27 27 27 27 27 27 27 27 27 27
27 27 27 27 27 27 27 27 27 27
27 27 27 27 29 29 29 29 29 29
29 29 29 29 29 29 29 29 29 29
29 29 29 29 29 29 29 29 29 29
29 29 29 29 29 29 29 29 29 29
29 29 29 29 29 29 29 29 29 29
29 29 29 29 29 29 29 29 29 29
29 29 29 29 29 29 29 29 31 31
31 31 31 31 31 31 31 31 31 31
31 31 31 31 31 31 31 31 31 31
31 31 31 31 31 31 31 31 31 31
31 31 31 31 31 31 31 31 31 31
31 31 31 31 31 31 31 31 31 31
31 31 31 31 31 31 31 31 31 31
31 31 33 33 33 33 33 33 33 33
33 33 33 33 33 33 33 33 33 33
33 33 33 33 33 33 33 33 33 33
33 33 33 33 33 33 33 33 33 33
33 33 33 33 33 33 33 33 33 33
33 33 33 33 33 33 33 33 33 33
33 33 33 33 33 33 38 38 38 38
38 38 38 38 38 38 38 38 38 38
38 38 39 39 39 39 39 39 39 39
39 39 39 39 39 39 39 39 40 40
40 40 40 40 40 40 40 40 40 40
40 40 40 40 41 41 41 41 41 41
41 41 41 41 41 41 41 41 41 41
42 42 42 42 42 42 42 42 42 42
42 42 42 42 42 42 43 43 43 43
43 43 43 43 43 43 43 43 43 43
43 43 44 44 44 44 44 44 44 44
44 44 44 44 44 44 44 44 45 45
45 45 45 45 45 45 45 45 45 45
45 45 45 45 46 46 46 46 46 46
46 46 46 46 46 46 46 46 46 46
47 47 47 47 47 47 47 47 47 47
47 47 47 47 47 47 48 48 48 48
48 48 48 48 48 48 48 48 48 48
48 48 49 49 49 49 49 49 49 49
49 49 49 49 49 49 49 49 50 50
50 50 50 50 50 50 50 50 50 50
50 50 50 50 51 51 51 51 51 51
51 51 51 51 51 51 51 51 51 51
52 52 52 52 52 52 52 52 52 52
52 52 52 52 52 52 53 53 53 53
53 53 53 53 53 53 53 53 53 53
53 53 54 54 54 54 54 54 54 54
54 54 54 54 54 54 54 54 55 55
55 55 55 55 55 55 55 55 55 55
55 55 55 55 56 56 56 56 56 56
56 56 56 56 56 56 56 56 56 56
57 57 57 57 57 57 57 57 57 57
57 57 57 57 57 57 58 58 58 58
58 58 58 58 58 58 58 58 58 58
58 58 59 59 59 59 59 59 59 59
59 59 59 59 59 59 59 59 60 60
60 60 60 60 60 60 60 60 60 60
60 60 60 60 61 61 61 61 61 61
61 61 61 61 61 61 61 61 61 61
62 62 62 62 62 62 62 62 62 62
62 62 62 62 62 62 63 63 63 63
63 63 63 63 63 63 63 63 63 63
63 63 64 64 64 64 64 64 64 64
64 64 64 64 64 64 64 64 65 65
65 65 65 65 65 65 65 65 65 65
65 65 65 65 66 66 66 66 66 66
66 66 66 66 66 66 66 66 66 66
9 9 9 9 9 9 9 9 9 9
9 9 9 9 9 9 9 9 9 9
9 9 9 9 9 9 9 9 9 9
9 9 9 9 9 9 9 9 9 9
9 9 9 9 9 9 9 9 9 9
9 9 9 9 9 9 9 9 9 9
9 9 9 9 9 9 9 9 9 9
9 9 9 9 9 9 9 9 9 9
9 9 9 9 9 9 9 9 9 9
9 9 11 11 11 11 11 11 11 11
11 11 11 11 11 11 11 11 11 11
11 11 11 11 11 11 11 11 11 11
11 11 11 11 11 11 11 11 11 11
11 11 11 11 11 11 11 11 11 11
11 11 11 11 11 11 11 11 11 11
11 11 11 11 11 11 11 11 11 11
11 11 11 11 11 11 11 11 11 11
11 11 11 11 11 11 11 11 11 11
11 11 11 11 67 67 67 67 67 67
67 67 67 67 67 67 67 67 67 67
68 68 68 68 68 68 68 68 68 68
68 68 68 68 68 68 69 69 69 69
69 69 69 69 69 69 69 69 69 69
69 69 70 70 70 70 70 70 70 70
70 70 70 70 70 70 70 70 71 71
71 71 71 71 71 71 71 71 71 71
71 71 71 71 72 72 72 72 72 72
72 72 72 72 72 72 72 72 72 72
73 73 73 73 73 73 73 73 73 73
73 73 73 73 73 73 74 74 74 74
74 74 74 74 74 74 74 74 74 74
74 74 75 75 75 75 75 75 75 75
75 75 75 75 75 75 75 75 9 9
9 9 11 11 11 11 40 40 40 40
40 40 40 40 40 40 40 40 51 51
51 51 51 51 51 51 51 51 51 51
55 55 55 55 55 55 55 55 55 55
55 55 61 61 61 61 61 61 61 61
61 61 61 61 65 65 65 65 65 65
65 65 65 65 65 65 9 9 9 9
9 9 9 9 9 9 9 9 9 9
11 11 11 11 11 11 11 11 11 11
11 11 11 11 70 70 70 70 70 70
70 70 70 70 70 70 73 73 73 73
73 73 73 73 73 73 73 73 41 41
41 41 41 41 41 41 41 41 41 41
42 42 42 42 42 42 42 42 42 42
42 42 44 44 44 44 44 44 44 44
44 44 44 44 49 49 49 49 49 49
49 49 49 49 49 49 59 59 59 59
59 59 59 59 59 59 59 59 60 60
60 60 60 60 60 60 60 60 60 60
63 63 63 63 63 63 63 63 63 63
63 63 66 66 66 66 66 66 66 66
66 66 66 66 67 67 67 67 67 67
67 67 67 67 67 67 71 71 71 71
71 71 71 71 71 71 71 71 75 75
75 75 75 75 75 75 75 75 75 75
43 43 43 43 43 43 43 43 43 43
43 43 45 45 45 45 45 45 45 45
45 45 45 45 46 46 46 46 46 46
46 46 46 46 46 46 47 47 47 47
47 47 47 47 47 47 47 47 48 48
48 48 48 48 48 48 48 48 48 48
50 50 50 50 50 50 50 50 50 50
50 50 52 52 52 52 52 52 52 52
52 52 52 52 53 53 53 53 53 53
53 53 53 53 53 53 54 54 54 54
54 54 54 54 54 54 54 54 64 64
64 64 64 64 64 64 64 64 64 64
68 68 68 68 68 68 68 68 68 68
68 68 69 69 69 69 69 69 69 69
69 69 69 69 74 74 74 74 74 74
74 74 74 74 74 74 38 38 38 38
38 38 38 38 38 38 38 38 57 57
57 57 57 57 57 57 57 57 57 57
62 62 62 62 62 62 62 62 62 62
62 62 39 39 39 39 39 39 39 39
39 39 39 39 56 56 56 56 56 56
56 56 56 56 56 56 58 58 58 58
58 58 58 58 58 58 58 58 72 72
72 72 72 72 72 72 72 72 72 72
19 19 19 19 19 19 19 19 10 12
12 12 10 10 10 10 10 10 10 10
10 10 10 10 10 10 10 10 10 10
10 10 10 10 10 10 10 10 10 10
10 10 10 10 10 10 10 10 10 10
10 10 10 10 10 10 10 10 10 10
10 10 10 10 10 10 10 10 10 10
10 10 10 10 10 10 10 10 10 10
10 10 10 10 10 10 10 10 10 10
10 10 10 10 10 10 10 10 10 10
10 10 10 10 10 10 10 10 10 10
10 10 10 10 10 10 10 10 10 10
10 10 10 10 10 10 10 10 10 10
10 10 10 10 10 10 10 10 10 10
10 10 10 10 10 10 10 10 10 10
10 10 10 10 10 10 10 10 10 10
10 10 10 10 10 10 10 10 10 10
10 10 10 10 10 10 10 10 10 10
10 10 10 10 10 10 10 10 10 10
10 10 10 10 10 10 10 10 10 10
10 10 10 10 10 10 10 10 10 10
10 10 10 10 10 10 10 10 10 10
10 10 10 10 10 10 10 10 10 10
10 10 10 10 10 10 10 10 10 10
10 10 10 10 10 10 10 10 10 10
10 10 10 10 10 10 10 10 10 10
10 10 10 10 10 10 10 10 10 10
10 10 10 10 10 10 10 10 10 10
10 10 10 10 10 10 10 10 10 10
10 10 10 10 10 10 10 10 10 10
10 10 10 10 10 10 10 10 10 10
10 10 10 10 10 10 10 10 10 10
10 10 10 10 10 10 10 10 10 10
10 10 10 10 10 10 10 10 10 10
10 10 10 10 10 10 10 10 10 10
10 10 10 10 10 10 10 10 10 10
10 10 10 10 10 10 10 10 10 10
10 10 10 10 10 10 10 10 10 10
10 10 10 10 10 10 10 10 10 10
10 10 10 10 10 10 10 10 10 10
10 10 10 10 10 10 10 10 10 10
10 10 10 10 10 10 10 10 10 10
10 10 10 10 10 10 10 10 10 10
10 10 10 10 10 10 10 10 10 10
10 10 10 10 10 10 10 10 10 10
10 10 10 10 10 10 10 10 10 10
10 10 10 10 10 10 10 10 10 10
10 10 10 10 10 10 10 10 10 10
10 10 10 10 10 10 10 10 10 10
10 10 10 10 10 10 10 10 10 10
10 10 10 10 10 10 10 10 10 10
10 10 10 10 10 10 10 10 10 10
10 10 10 10 9 9 9 9 9 9
9 9 9 9 9 9 9 9 9 9
9 9 9 9 9 9 9 9 9 9
9 9 9 9 9 9 9 9 9 9
9 9 9 9 9 9 9 9 9 9
9 9 9 9 9 9 9 9 9 9
9 9 9 9 9 9 9 9 9 9
9 9 9 9 9 9 9 9 9 9
9 9 9 9 9 9 9 9 9 9
9 9 9 9 9 9 9 9 9 9
12 12 12 12 12 12 12 12 12 12
12 12 12 12 12 12 12 12 12 12
12 12 12 12 12 12 12 12 12 12
12 12 12 12 12 12 12 12 12 12
12 12 12 12 12 12 12 12 12 12
12 12 12 12 12 12 12 12 12 12
12 12 12 12 12 12 12 12 12 12
12 12 12 12 12 12 12 12 12 12
12 12 12 12 12 12 12 12 12 12
12 12 12 12 12 12 12 12 12 12
12 12 12 12 12 12 12 12 12 12
12 12 12 12 12 12 12 12 12 12
12 12 12 12 12 12 12 12 12 12
12 12 12 12 12 12 12 12 12 12
12 12 12 12 12 12 12 12 12 12
12 12 12 12 12 12 12 12 12 12
12 12 12 12 12 12 12 12 12 12
12 12 12 12 12 12 12 12 12 12
12 12 12 12 12 12 12 12 12 12
12 12 12 12 12 12 12 12 12 12
12 12 12 12 12 12 12 12 12 12
12 12 12 12 12 12 12 12 12 12
12 12 12 12 12 12 12 12 12 12
12 12 12 12 12 12 12 12 12 12
12 12 12 12 12 12 12 12 12 12
12 12 12 12 12 12 12 12 12 12
12 12 12 12 12 12 12 12 12 12
12 12 12 12 12 12 12 12 12 12
12 12 12 12 12 12 12 12 12 12
12 12 12 12 12 12 12 12 12 12
12 12 12 12 12 12 12 12 12 12
12 12 12 12 12 12 12 12 12 12
12 12 12 12 12 12 12 12 12 12
12 12 12 12 12 12 12 12 12 12
12 12 12 12 12 12 12 12 12 12
12 12 12 12 12 12 12 12 12 12
12 12 12 12 12 12 12 12 12 12
12 12 12 12 12 12 12 12 12 12
12 12 12 12 12 12 12 12 12 12
12 12 12 12 12 12 12 12 12 12
12 12 12 12 12 12 12 12 12 12
12 12 12 12 12 12 12 12 12 12
12 12 12 12 12 12 12 12 12 12
12 12 12 12 12 12 12 12 12 12
12 12 12 12 12 12 12 12 12 12
12 12 12 12 12 12 12 12 12 12
12 12 12 12 12 12 12 12 12 12
12 12 12 12 12 12 12 12 12 12
12 12 12 12 12 12 12 12 12 12
12 12 12 12 12 12 12 12 12 12
12 12 12 12 12 12 12 12 12 12
12 12 11 11 11 11 11 11 11 11
11 11 11 11 11 11 11 11 11 11
11 11 11 11 11 11 11 11 11 11
11 11 11 11 11 11 11 11 11 11
11 11 11 11 11 11 11 11 11 11
11 11 11 11 11 11 11 11 11 11
11 11 11 11 11 11 11 11 11 11
11 11 11 11 11 11 11 11 11 11
11 11 11 11 11 11 11 11 11 11
11 11 11 11 11 11 11 11 76 76
76 76 76 76 76 76 76 76 76 76
77 77 77 77 77 77 77 77 77 77
77 77 78 78 78 78 78 78 78 78
78 78 78 78 79 79 79 79 79 79
79 79 79 79 79 79 10 10 10 10
10 10 10 10 10 10 10 10 10 10
10 10 10 10 10 10 10 10 10 10
10 10 10 10 10 10 10 10 10 10
10 10 10 10 10 10 10 10 10 10
10 10 10 10 10 10 10 10 10 10
10 10 10 10 10 12 12 12 12 12
12 12 12 12 12 12 12 12 12 12
12 12 12 12 12 12 12 12 12 12
12 12 12 12 12 12 12 12 12 12
12 12 12 12 12 12 12 12 12 12
12 12 12 12 12 12 12 12 12 12
12 12 80 80 80 80 80 80 80 80
80 80 80 80 80 80 80 80 80 80
80 80 80 80 80 80 80 80 80 80
80 80 80 80 80 80 80 80 80 80
80 80 80 80 80 80 80 80 80 80
80 80 80 80 80 80 80 80 80 80
80 80 80 80 80 80 80 80 80 80
80 80 80 80 80 80 80 80 80 80
80 80 80 80 80 80 80 80 80 80
80 80 80 80 80 80 80 80 80 80
80 80 80 80 80 80 80 80 80 80
80 80 80 80 80 80 80 80 80 80
80 80 80 80 80 80 80 80 80 80
80 80 80 80 80 80 80 80 80 80
80 80 80 80 80 80 80 80 80 80
80 80 80 80 80 80 80 80 80 80
80 80 80 80 80 80 80 80 80 80
80 80 80 80 80 80 80 80 80 80
80 80 80 80 80 80 80 80 80 80
80 80 80 80 80 80 80 80 80 80
80 80 80 80 80 80 80 80 80 80
80 80 80 80 80 80 80 80 80 80
80 80 80 80 80 80 80 80 80 80
80 80 80 80 80 80 80 80 80 80
80 80 80 80 80 80 80 80 80 80
80 80 80 80 80 80 80 80 80 80
80 80 80 80 80 80 80 80 80 80
80 80 80 80 80 80 80 80 80 80
80 80 80 80 80 80 80 80 80 80
80 80 80 80 80 80 80 80 80 80
80 80 80 80 80 80 80 80 80 80
80 80 80 80 80 80 80 80 80 80
80 80 80 80 80 80 80 80 80 80
80 80 80 80 15 15 15 15 15 15
15 15 15 15 15 15 15 15 15 15
15 15 15 15 15 15 15 15 15 15
15 15 15 15 15 15 15 15 15 15
15 15 15 15 15 15 15 15 15 15
15 15 15 15 15 15 15 15 15 15
15 15 15 15 15 15 15 15 15 15
15 15 15 15 15 15 15 15 15 15
15 15 15 15 15 15 15 15 15 15
15 15 15 15 15 15 15 15 15 15
15 15 15 15 15 15 15 15 15 15
15 15 15 15 15 15 15 15 15 15
15 15 15 15 15 15 15 15 15 15
15 15 81 81 81 81 81 81 81 81
81 81 81 81 81 81 81 81 81 81
81 81 81 81 15 15 15 15 15 15
15 15 15 15 15 15 15 15 82 82
82 82 82 82 82 82 82 82 83 83
83 83 83 83 83 83 83 83 84 84
84 84 84 84 84 84 84 84 84 84
84 85 85 85 85 85 85 85 85 85
85 85 85 85 85 85 85 85 85 85
85 85 85 85 85 85 85 85 85 85
85 85 85 85 85 85 85 85 85 85
85 85 85 85 85 85 85 85 85 85
85 85 85 85 85 85 85 85 85 86
86 86 86 86 86 86 86 86 86 86
86 86 82 82 82 82 82 82 82 82
82 82 82 82 82 82 82 82 82 82
82 82 82 82 82 82 82 82 82 82
82 82 82 82 82 82 82 82 82 82
82 82 82 82 82 82 87 87 87 87
87 87 87 87 87 87 87 87 87 87
87 87 87 83 83 83 83 83 83 83
83 83 83 83 83 83 83 83 83 83
83 83 83 84 84 84 84 86 86 86
86 82 82 82 82 83 83 83 83 81
81 81 81 81 81 84 84 84 84 84
84 84 84 84 84 84 84 85 85 85
85 85 85 85 85 85 85 85 85 85
85 85 85 85 85 85 85 85 85 85
85 86 86 86 86 86 86 86 86 86
86 86 86 82 82 82 82 82 82 82
82 82 82 82 82 82 82 82 82 87
87 87 87 87 87 87 87 87 87 87
87 83 83 83 83 83 83 83 83 83
83 83 83 83 83 83 83 83 83 83
83 83 83 83 83 83 83 83 83 83
83 83 83 83 83 83 83 83 83 83
83 82 82 82 82 82 82 82 82 83
83 83 83 83 83 83 83 85 85 85
85 85 85 85 85 85 85 85 85 85
85 85 85 85 85 85 85 85 85 85
85 82 82 82 82 82 82 82 82 82
82 82 82 82 82 82 82 82 82 82
82 82 82 82 82 83 83 83 83 83
83 83 83 83 83 83 83 83 83 83
83 83 83 83 83 83 83 83 83 85
85 85 85 85 85 85 85 85 85 85
85 85 85 85 85 85 85 85 85 85
85 85 85 85 85 85 85 85 85 85
85 85 85 82 82 82 82 82 82 82
82 82 82 82 82 82 82 82 82 82
82 82 82 82 82 82 82 82 82 82
82 82 82 82 82 82 82 83 83 83
83 83 83 83 83 83 83 83 83 83
83 83 83 83 83 83 83 83 83 83
83 83 83 83 83 83 83 83 83 83
83 88 88 88 88 88 88 88 88 88
88 88 88 88 88 88 88 88 88 88
88 88 88 88 88 88 88 88 88 88
88 88 88 88 88 88 88 88 88 88
88 88 88 88 88 88 88 88 88 88
88 88 88 88 88 88 88 88 88 88
88 88 88 88 88 88 88 88 88 88
88 88 88 88 88 88 88 88 88 88
88 88 88 88 88 88 88 88 88 88
88 88 88 88 88 88 88 88 88 88
88 88 88 88 88 88 88 88 88 88
88 88 88 88 88 88 88 88 88 88
88 88 88 88 88 88 88 88 88 88
88 88 88 88 88 88 88 88 88 88
88 88 88 88 88 88 88 88 88 88
88 88 88 88 88 88 88 88 88 88
88 88 88 88 88 88 88 88 88 88
88 88 88 88 88 88 88 88 88 88
88 88 88 88 88 88 88 88 88 88
88 88 88 89 89 89 89 89 89 89
89 89 89 89 89 89 89 89 89 89
89 89 89 89 89 89 89 89 89 89
89 89 89 89 89 89 89 89 89 89
89 89 89 89 89 89 89 89 89 89
89 89 89 89 89 89 89 89 89 89
89 89 89 89 89 89 89 89 89 89
89 89 89 89 89 89 89 89 89 89
89 89 89 89 89 89 89 89 89 89
89 89 89 89 89 89 89 89 89 89
89 89 89 89 89 89 89 89 89 89
89 89 89 89 89 89 89 89 89 89
89 89 89 89 89 89 89 89 89 89
89 89 89 89 89 89 89 89 89 89
89 89 89 89 89 89 89 89 89 89
89 89 89 89 89 89 89 89 89 89
89 89 89 89 89 89 89 89 89 89
89 89 89 89 89 89 89 89 89 89
89 89 89 89 89 89 89 89 89 89
89 89 89 89 89 90 90 90 90 90
90 90 90 90 90 90 90 90 90 90
90 90 90 90 90 90 90 90 90 90
90 90 90 90 90 90 90 90 90 90
90 90 90 90 90 90 90 90 90 90
90 90 90 90 90 90 90 90 90 90
90 90 90 90 90 90 90 90 90 90
90 90 90 90 90 90 90 90 90 90
90 90 90 90 90 90 90 90 90 90
90 90 90 90 90 90 90 90 90 90
90 90 90 90 90 90 90 90 90 90
90 90 90 90 90 90 90 90 90 90
90 90 90 90 90 90 90 90 90 90
90 90 90 90 90 90 90 90 90 90
90 90 90 90 90 90 90 90 90 90
90 90 90 90 90 90 90 90 90 90
90 90 90 90 90 90 90 90 90 90
90 90 90 90 90 90 90 90 90 90
90 90 90 90 90 90 90 90 90 90
90 90 90 90 90 90 90 91 91 91
91 91 91 91 91 91 91 91 91 91
91 91 91 91 91 91 91 91 91 91
91 91 91 91 91 91 91 91 91 91
91 91 91 91 91 91 91 91 91 91
91 91 91 91 91 91 91 91 91 91
91 91 91 91 91 91 91 91 91 91
91 91 91 91 91 91 91 91 91 91
91 91 91 91 91 91 91 91 91 91
91 91 91 91 91 91 91 91 91 91
91 91 91 91 91 91 91 91 91 91
91 91 91 91 91 91 91 91 91 91
91 91 91 91 91 91 91 91 91 91
91 91 91 91 91 91 91 91 91 91
91 91 91 91 91 91 91 91 91 91
91 91 91 91 91 91 91 91 91 91
91 91 91 91 91 91 91 91 91 91
91 91 91 91 91 91 91 91 91 91
91 91 91 91 91 91 91 91 91 91
91 91 91 91 91 91 91 91 91 92
92 92 92 92 92 92 92 92 92 92
92 92 92 92 92 92 92 92 92 92
92 92 92 92 92 92 92 92 92 92
92 92 92 92 92 92 92 92 92 92
92 92 92 92 92 92 92 92 92 92
92 92 92 92 92 92 92 92 92 92
92 92 92 92 92 92 92 92 92 92
92 92 92 92 92 92 92 92 92 92
92 92 92 92 92 92 92 92 92 92
92 92 92 92 92 92 92 92 92 92
92 92 92 92 92 92 92 92 92 92
92 92 92 92 92 92 92 92 92 92
92 92 92 92 92 92 92 92 92 92
92 92 92 92 92 92 92 92 92 92
92 92 92 92 92 92 92 92 92 92
92 92 92 92 92 92 92 92 92 92
92 92 92 92 92 92 92 92 92 92
92 92 92 92 92 92 92 92 92 92
92 92 92 92 92 92 92 92 92 92
92 93 93 93 93 93 93 93 93 93
93 93 93 93 93 93 93 93 93 93
93 93 93 93 93 93 93 93 93 93
93 93 93 93 93 93 93 93 93 93
93 93 93 93 93 93 93 93 93 93
93 93 93 93 93 93 93 93 93 93
93 93 93 93 93 93 93 93 93 93
93 93 93 93 93 93 93 93 93 93
93 93 93 93 93 93 93 93 93 93
93 93 93 93 93 93 93 93 93 93
93 93 93 93 93 93 93 93 93 93
93 93 93 93 93 93 93 93 93 93
93 93 93 93 93 93 93 93 93 93
93 93 93 93 93 93 93 93 93 93
93 93 93 93 93 93 93 93 93 93
93 93 93 93 93 93 93 93 93 93
93 93 93 93 93 93 93 93 93 93
93 93 93 93 93 93 93 93 93 93
93 93 93 93 93 93 93 93 93 93
93 93 93 94 94 94 94 94 94 94
94 94 94 94 94 94 94 94 94 94
94 94 94 94 94 94 94 94 94 94
94 94 94 94 94 94 94 94 94 94
94 94 94 94 94 94 94 94 94 94
94 94 94 94 94 94 94 94 94 94
94 94 94 94 94 94 94 94 94 94
94 94 94 94 94 94 94 94 94 94
94 94 94 94 94 94 94 94 94 94
94 94 94 94 94 94 94 94 94 94
94 94 94 94 94 94 94 94 94 94
94 94 94 94 94 94 94 94 94 94
94 94 94 94 94 94 94 94 94 94
94 94 94 94 94 94 94 94 94 94
94 94 94 94 94 94 94 94 94 94
94 94 94 94 94 94 94 94 94 94
94 94 94 94 94 94 94 94 94 94
94 94 94 94 94 94 94 94 94 94
94 94 94 94 94 94 94 94 94 94
94 94 94 94 94 95 95 95 95 95
95 95 95 95 95 95 95 95 95 95
95 95 95 95 95 95 95 95 95 95
95 95 95 95 95 95 95 95 95 95
95 95 95 95 95 95 95 95 95 95
95 95 95 95 95 95 95 95 95 95
95 95 95 95 95 95 95 95 95 95
95 95 95 95 95 95 95 95 95 95
95 95 95 95 95 95 95 95 95 95
95 95 95 95 95 95 95 95 95 95
95 95 95 95 95 95 95 95 95 95
95 95 95 95 95 95 95 95 95 95
95 95 95 95 95 95 95 95 95 95
95 95 95 95 95 95 95 95 95 95
95 95 95 95 95 95 95 95 95 95
95 95 95 95 95 95 95 95 95 95
95 95 95 95 95 95 95 95 95 95
95 95 95 95 95 95 95 95 95 95
95 95 95 95 95 95 95 95 95 95
95 95 95 95 95 95 95 96 96 96
96 96 96 96 96 96 96 96 96 96
96 96 96 96 96 96 96 96 96 96
96 96 96 96 96 96 96 96 96 96
96 96 96 96 96 96 96 96 96 96
96 96 96 96 96 96 96 96 96 96
96 96 96 96 96 96 96 96 96 96
96 96 96 96 96 96 96 96 96 96
96 96 96 96 96 96 96 96 96 96
96 96 96 96 96 96 96 96 96 96
96 96 96 96 96 96 96 96 96 96
96 96 96 96 96 96 96 96 96 96
96 96 96 96 96 96 96 96 96 96
96 96 96 96 96 96 96 96 96 96
96 96 96 96 96 96 96 96 96 96
96 96 96 96 96 96 96 96 96 96
96 96 96 96 96 96 96 96 96 96
96 96 96 96 96 96 96 96 96 96
96 96 96 96 96 96 96 96 96 96
96 96 96 96 96 96 96 96 96 97
97 97 97 97 97 97 97 97 97 97
97 97 97 97 97 97 97 97 97 97
97 97 97 97 97 97 97 97 97 97
97 97 97 97 97 97 97 97 97 97
97 97 97 97 97 97 97 97 97 97
97 97 97 97 97 97 97 97 97 97
97 97 97 97 97 97 97 97 97 97
97 97 97 97 97 97 97 97 97 97
97 97 97 97 97 97 97 97 97 97
97 97 97 97 97 97 97 97 97 97
97 97 97 97 97 97 97 97 97 97
97 97 97 97 97 97 97 97 97 97
97 97 97 97 97 97 97 97 97 97
97 97 97 97 97 97 97 97 97 97
97 97 97 97 97 97 97 97 97 97
97 97 97 97 97 97 97 97 97 97
97 97 97 97 97 97 97 97 97 97
97 97 97 97 97 97 97 97 97 97
97 97 97 97 97 97 97 97 97 97
97 98 98 98 98 98 98 98 98 98
98 98 98 98 98 98 98 98 98 98
98 98 98 98 98 98 98 98 98 98
98 98 98 98 98 98 98 98 98 98
98 98 98 98 98 98 98 98 98 98
98 98 98 98 98 98 98 98 98 98
98 98 98 98 98 98 98 98 98 98
98 98 98 98 98 98 98 98 98 98
98 98 98 98 98 98 98 98 98 98
98 98 98 98 98 98 98 98 98 98
98 98 98 98 98 98 98 98 98 98
98 98 98 98 98 98 98 98 98 98
98 98 98 98 98 98 98 98 98 98
98 98 98 98 98 98 98 98 98 98
98 98 98 98 98 98 98 98 98 98
98 98 98 98 98 98 98 98 98 98
98 98 98 98 98 98 98 98 98 98
98 98 98 98 98 98 98 98 98 98
98 98 98 98 98 98 98 98 98 98
98 98 98 99 99 99 99 99 99 99
99 99 99 99 99 99 99 99 99 99
99 99 99 99 99 99 99 99 99 99
99 99 99 99 99 99 99 99 99 99
99 99 99 99 99 99 99 99 99 99
99 99 99 99 99 99 99 99 99 99
99 99 99 99 99 99 99 99 99 99
99 99 99 99 99 99 99 99 99 99
99 99 99 99 99 99 99 99 99 99
99 99 99 99 99 99 99 99 99 99
99 99 99 99 99 99 99 99 99 99
99 99 99 99 99 99 99 99 99 99
99 99 99 99 99 99 99 99 99 99
99 99 99 99 99 99 99 99 99 99
99 99 99 99 99 99 99 99 99 99
99 99 99 99 99 99 99 99 99 99
99 99 99 99 99 99 99 99 99 99
99 99 99 99 99 99 99 99 99 99
99 99 99 99 99 99 99 99 99 99
99 99 99 99 99 24 24 24 24 24
24 24 24 24 24 24 24 24 24 24
24 24 24 24 24 24 24 24 24 29
29 29 29 29 29 29 29 29 29 29
29 29 29 29 29 29 29 29 29 29
29 29 29 100 100 100 100 100 100 100
100 100 100 100 100 100 100 100 100 100
100 100 100 100 100 100 100 100 100 100
100 100 100 100 100 100 100 100 100 100
100 100 100 100 100 100 100 100 100 100
100 100 100 100 100 100 100 100 100 100
100 100 100 100 100 100 100 100 100 100
100 100 100 100 100 100 100 100 100 100
100 100 100 100 100 100 100 100 100 100
100 100 100 100 100 100 100 100 100 100
100 100 100 100 100 100 100 100 100 100
100 100 100 100 100 100 100 100 100 100
100 100 100 100 100 100 100 100 100 100
100 100 100 100 100 100 100 100 100 100
100 100 100 100 100 100 100 100 100 100
100 100 100 100 100 100 100 100 100 100
100 100 100 100 100 100 100 100 100 100
100 100 100 100 100 100 100 100 100 100
100 100 100 100 100 100 100 100 100 100
100 100 100 100 100 100 100 100 100 100
100 100 100 100 100 100 100 100 100 100
100 100 100 100 100 100 100 100 100 100
100 100 100 100 100 100 100 100 100 100
100 100 100 100 100 100 100 100 100 100
100 100 100 100 100 100 100 100 100 100
100 100 100 100 100 100 100 100 100 100
100 100 100 100 100 100 100 100 100 100
100 100 100 100 100 100 100 100 100 100
100 100 100 100 100 100 100 100 100 100
100 100 100 100 100 100 100 100 100 100
100 100 100 100 100 100 100 100 100 100
100 100 100 100 100 100 100 100 100 100
100 100 100 100 100 100 100 100 100 100
100 100 100 100 100 87 87 87 84 84
84 86 86 86 21 21 21 21 21 21
21 21 26 26 26 26 26 26 26 26
34 34 34 34 34 34 34 34 34 34
34 34 34 34 34 34 34 34 34 34
34 34 34 34 34 34 34 34 34 34
34 34 34 34 34 34 34 34 34 34
34 34 34 34 34 34 34 34 34 34
34 34 34 34 34 34 34 34 34 34
34 34 34 34 34 34 34 34 34 34
34 34 34 34 34 34 34 34 34 34
34 34 34 34 34 34 34 34 34 34
34 34 34 34 34 34 34 34 34 34
34 34 34 34 34 34 34 34 34 34
34 34 34 34 34 34 34 34 34 34
34 34 34 34 34 34 34 34 34 34
34 34 34 34 34 34 34 34 34 34
34 34 34 34 34 34 34 34 34 34
34 34 34 34 34 34 34 34 34 34
34 34 34 34 34 34 34 34 34 34
34 34 34 34 34 34 34 34 34 34
34 34 34 34 34 34 34 34 34 34
34 34 34 34 34 34 34 34 34 34
34 34 34 34 34 34 34 34 34 34
34 34 34 34 34 34 34 34 34 34
34 34 31 31 31 31 31 31 31 31
31 31 31 31 31 31 31 31 31 31
31 31 31 31 31 31 33 33 33 33
33 33 33 33 33 33 33 33 33 33
33 33 33 33 33 33 33 33 33 33

