# vtk DataFile Version 2.0
tracks
ASCII
DATASET POLYDATA
POINTS 2520 float
-1.001 -0.05 0.0011 -1.6008 -0.05 0.0011 -2.2006 -0.05 0.0011 -2.8004 -0.05
0.0011 -3.4002 -0.05 0.0011 -4 -0.05 0.0011 -4.8 -0.05 0.0011
-5.6 -0.05 0.0011 -6.4 -0.05 0.0011 -7.2 -0.05 0.0011 -8
-0.05 0.0011 -8.8 -0.05 0.0011 -9.6 -0.05 0.0011 -10.4 -0.05
0.0011 -11.2 -0.05 0.0011 -12 -0.05 0.0011 -12.8 -0.05 0.0011
-13.6 -0.05 0.0011 -14.4 -0.05 0.0011 -15.2 -0.05 0.0011 -16
-0.05 0.0011 -16.8 -0.05 0.0011 -17.6 -0.05 0.0011 -18.4 -0.05
0.0011 -19.2 -0.05 0.0011 -20 -0.05 0.0011 -20.8 -0.05 0.0011
-21.6 -0.05 0.0011 -22.4 -0.05 0.0011 -23.2 -0.05 0.0011 -24
-0.05 0.0011 -24.8 -0.05 0.0011 -25.6 -0.05 0.0011 -26.4 -0.05
0.0011 -27.2 -0.05 0.0011 -28 -0.05 0.0011 -28.8 -0.05 0.0011
-29.6 -0.05 0.0011 -30.4 -0.05 0.0011 -31.2 -0.05 0.0011 -32
-0.05 0.0011 -32.8 -0.05 0.0011 -33.6 -0.05 0.0011 -34.4 -0.05
0.0011 -35.2 -0.05 0.0011 -36 -0.05 0.0011 -36.8 -0.05 0.0011
-37.6 -0.05 0.0011 -38.4 -0.05 0.0011 -39.2 -0.05 0.0011 -40
-0.05 0.0011 -40.8 -0.05 0.0011 -41.6 -0.05 0.0011 -42.4 -0.05
0.0011 -43.2 -0.05 0.0011 -44 -0.05 0.0011 -44.8 -0.05 0.0011
-45.6 -0.05 0.0011 -46.4 -0.05 0.0011 -47.2 -0.05 0.0011 -48
-0.05 0.0011 -48.8 -0.05 0.0011 -49.6 -0.05 0.0011 -50.4 -0.05
0.0011 -51.2 -0.05 0.0011 -52 -0.05 0.0011 -52.8 -0.05 0.0011
-53.6 -0.05 0.0011 -54.4 -0.05 0.0011 -55.2 -0.05 0.0011 -56
-0.05 0.0011 -56.8 -0.05 0.0011 -57.6 -0.05 0.0011 -58.4 -0.05
0.0011 -59.2 -0.05 0.0011 -60 -0.05 0.0011 -60.8 -0.05 0.0011
-61.6 -0.05 0.0011 -62.4 -0.05 0.0011 -63.2 -0.05 0.0011 -64
-0.05 0.0011 -64.8 -0.05 0.0011 -65.6 -0.05 0.0011 -66.4 -0.05
0.0011 -67.2 -0.05 0.0011 -68 -0.05 0.0011 -68.8 -0.05 0.0011
-69.6 -0.05 0.0011 -70.4 -0.05 0.0011 -71.2 -0.05 0.0011 -72
-0.05 0.0011 -72.8 -0.05 0.0011 -73.6 -0.05 0.0011 -74.4 -0.05
0.0011 -75.2 -0.05 0.0011 -76 -0.05 0.0011 -76.8 -0.05 0.0011
-77.6 -0.05 0.0011 -78.4 -0.05 0.0011 -79.2 -0.05 0.0011 -80
-0.05 0.0011 -80.8 -0.05 0.0011 -81.6 -0.05 0.0011 -82.4 -0.05
0.0011 -83.2 -0.05 0.0011 -84 -0.05 0.0011 -84.8 -0.05 0.0011
-85.6 -0.05 0.0011 -86.4 -0.05 0.0011 -87.2 -0.05 0.0011 -88
-0.05 0.0011 -88.8 -0.05 0.0011 -89.6 -0.05 0.0011 -90.4 -0.05
0.0011 -91.2 -0.05 0.0011 -92 -0.05 0.0011 -92.8 -0.05 0.0011
-93.6 -0.05 0.0011 -94.4 -0.05 0.0011 -95.2 -0.05 0.0011 -96
-0.05 0.0011 -96.8 -0.05 0.0011 -97.6 -0.05 0.0011 -98.4 -0.05
0.0011 -99.2 -0.0499999 0.0011 -100 -0.0499999 0.0011 -1.001 -0.05 0.0537316
-1.6008 -0.05 0.0537316 -2.2006 -0.05 0.0537316 -2.8004 -0.05 0.0537316 -3.4002
-0.05 0.0537316 -4 -0.05 0.0537316 -4.8 -0.05 0.0537316 -5.6 -0.05
0.0537316 -6.4 -0.05 0.0537316 -7.2 -0.05 0.0537316 -8 -0.05 0.0537316
-8.8 -0.05 0.0537316 -9.6 -0.05 0.0537316 -10.4 -0.05 0.0537316 -11.2
-0.05 0.0537316 -12 -0.05 0.0537316 -12.8 -0.05 0.0537316 -13.6 -0.05
0.0537316 -14.4 -0.05 0.0537316 -15.2 -0.05 0.0537316 -16 -0.05 0.0537316
-16.8 -0.05 0.0537316 -17.6 -0.05 0.0537316 -18.4 -0.05 0.0537316 -19.2
-0.05 0.0537316 -20 -0.05 0.0537316 -20.8 -0.05 0.0537316 -21.6 -0.05
0.0537316 -22.4 -0.05 0.0537316 -23.2 -0.05 0.0537316 -24 -0.05 0.0537316
-24.8 -0.05 0.0537316 -25.6 -0.05 0.0537316 -26.4 -0.05 0.0537316 -27.2
-0.05 0.0537316 -28 -0.05 0.0537316 -28.8 -0.05 0.0537316 -29.6 -0.05
0.0537316 -30.4 -0.05 0.0537316 -31.2 -0.05 0.0537316 -32 -0.05 0.0537316
-32.8 -0.05 0.0537316 -33.6 -0.05 0.0537316 -34.4 -0.05 0.0537316 -35.2
-0.05 0.0537316 -36 -0.05 0.0537316 -36.8 -0.05 0.0537316 -37.6 -0.05
0.0537316 -38.4 -0.05 0.0537316 -39.2 -0.05 0.0537316 -40 -0.05 0.0537316
-40.8 -0.05 0.0537316 -41.6 -0.05 0.0537316 -42.4 -0.05 0.0537316 -43.2
-0.05 0.0537316 -44 -0.05 0.0537316 -44.8 -0.05 0.0537316 -45.6 -0.05
0.0537316 -46.4 -0.0499999 0.0537316 -47.2 -0.0499999 0.0537316 -48 -0.0499999 0.0537316
-48.8 -0.0499999 0.0537316 -49.6 -0.0499999 0.0537316 -50.4 -0.0499999 0.0537316 -51.2
-0.0499999 0.0537316 -52 -0.0499999 0.0537316 -52.8 -0.0499999 0.0537316 -53.6 -0.0499999
0.0537316 -54.4 -0.0499999 0.0537316 -55.2 -0.0499999 0.0537316 -56 -0.0499999 0.0537316
-56.8 -0.0499999 0.0537316 -57.6 -0.0499999 0.0537316 -58.4 -0.0499999 0.0537316 -59.2
-0.0499999 0.0537316 -60 -0.0499999 0.0537316 -60.8 -0.0499999 0.0537316 -61.6 -0.0499999
0.0537316 -62.4 -0.0499999 0.0537316 -63.2 -0.0499999 0.0537316 -64 -0.0499999 0.0537316
-64.8 -0.0499999 0.0537316 -65.6 -0.0499999 0.0537316 -66.4 -0.0499999 0.0537316 -67.2
-0.0499999 0.0537316 -68 -0.0499999 0.0537316 -68.8 -0.0499999 0.0537316 -69.6 -0.0499999
0.0537316 -70.4 -0.0499999 0.0537316 -71.2 -0.0499999 0.0537316 -72 -0.0499999 0.0537316
-72.8 -0.0499999 0.0537316 -73.6 -0.0499999 0.0537316 -74.4 -0.0499999 0.0537316 -75.2
-0.0499999 0.0537316 -76 -0.0499999 0.0537316 -76.8 -0.0499999 0.0537316 -77.6 -0.0499999
0.0537316 -78.4 -0.0499999 0.0537316 -79.2 -0.0499999 0.0537316 -80 -0.0499999 0.0537316
-80.8 -0.0499999 0.0537316 -81.6 -0.0499999 0.0537316 -82.4 -0.0499999 0.0537316 -83.2
-0.0499999 0.0537316 -84 -0.0499999 0.0537316 -84.8 -0.0499999 0.0537316 -85.6 -0.0499999
0.0537316 -86.4 -0.0499999 0.0537316 -87.2 -0.0499999 0.0537316 -88 -0.0499999 0.0537316
-88.8 -0.0499999 0.0537316 -89.6 -0.0499999 0.0537316 -90.4 -0.0499999 0.0537316 -91.2
-0.0499999 0.0537316 -92 -0.0499999 0.0537316 -92.8 -0.0499999 0.0537316 -93.6 -0.0499999
0.0537316 -94.4 -0.0499999 0.0537316 -95.2 -0.0499999 0.0537316 -96 -0.0499999 0.0537316
-96.8 -0.0499999 0.0537316 -97.6 -0.0499999 0.0537316 -98.4 -0.0499998 0.0537316 -99.2
-0.0499998 0.0537316 -100 -0.0499998 0.0537316 -1.001 -0.05 0.106363 -1.6008 -0.05
0.106363 -2.2006 -0.05 0.106363 -2.8004 -0.05 0.106363 -3.4002 -0.05 0.106363
-4 -0.05 0.106363 -4.8 -0.05 0.106363 -5.6 -0.05 0.106363 -6.4
-0.05 0.106363 -7.2 -0.05 0.106363 -8 -0.05 0.106363 -8.8 -0.05
0.106363 -9.6 -0.05 0.106363 -10.4 -0.05 0.106363 -11.2 -0.05 0.106363
-12 -0.05 0.106363 -12.8 -0.05 0.106363 -13.6 -0.05 0.106363 -14.4
-0.05 0.106363 -15.2 -0.05 0.106363 -16 -0.05 0.106363 -16.8 -0.05
0.106363 -17.6 -0.05 0.106363 -18.4 -0.05 0.106363 -19.2 -0.05 0.106363
-20 -0.05 0.106363 -20.8 -0.05 0.106363 -21.6 -0.05 0.106363 -22.4
-0.05 0.106363 -23.2 -0.05 0.106363 -24 -0.05 0.106363 -24.8 -0.05
0.106363 -25.6 -0.05 0.106363 -26.4 -0.05 0.106363 -27.2 -0.05 0.106363
-28 -0.05 0.106363 -28.8 -0.05 0.106363 -29.6 -0.05 0.106363 -30.4
-0.05 0.106363 -31.2 -0.05 0.106363 -32 -0.05 0.106363 -32.8 -0.05
0.106363 -33.6 -0.05 0.106363 -34.4 -0.0499999 0.106363 -35.2 -0.0499999 0.106363
-36 -0.0499999 0.106363 -36.8 -0.0499999 0.106363 -37.6 -0.0499999 0.106363 -38.4
-0.0499999 0.106363 -39.2 -0.0499999 0.106363 -40 -0.0499999 0.106363 -40.8 -0.0499999
0.106363 -41.6 -0.0499999 0.106363 -42.4 -0.0499999 0.106363 -43.2 -0.0499999 0.106363
-44 -0.0499999 0.106363 -44.8 -0.0499999 0.106363 -45.6 -0.0499999 0.106363 -46.4
-0.0499999 0.106363 -47.2 -0.0499999 0.106363 -48 -0.0499999 0.106363 -48.8 -0.0499999
0.106363 -49.6 -0.0499999 0.106363 -50.4 -0.0499999 0.106363 -51.2 -0.0499999 0.106363
-52 -0.0499999 0.106363 -52.8 -0.0499999 0.106363 -53.6 -0.0499999 0.106363 -54.4
-0.0499999 0.106363 -55.2 -0.0499999 0.106363 -56 -0.0499999 0.106363 -56.8 -0.0499999
0.106363 -57.6 -0.0499999 0.106363 -58.4 -0.0499999 0.106363 -59.2 -0.0499999 0.106363
-60 -0.0499999 0.106363 -60.8 -0.0499999 0.106363 -61.6 -0.0499999 0.106363 -62.4
-0.0499999 0.106363 -63.2 -0.0499999 0.106363 -64 -0.0499999 0.106363 -64.8 -0.0499999
0.106363 -65.6 -0.0499999 0.106363 -66.4 -0.0499999 0.106363 -67.2 -0.0499999 0.106363
-68 -0.0499999 0.106363 -68.8 -0.0499999 0.106363 -69.6 -0.0499999 0.106363 -70.4
-0.0499999 0.106363 -71.2 -0.0499999 0.106363 -72 -0.0499999 0.106363 -72.8 -0.0499999
0.106363 -73.6 -0.0499999 0.106363 -74.4 -0.0499998 0.106363 -75.2 -0.0499998 0.106363
-76 -0.0499998 0.106363 -76.8 -0.0499998 0.106363 -77.6 -0.0499998 0.106363 -78.4
-0.0499998 0.106363 -79.2 -0.0499998 0.106363 -80 -0.0499998 0.106363 -80.8 -0.0499998
0.106363 -81.6 -0.0499998 0.106363 -82.4 -0.0499998 0.106363 -83.2 -0.0499998 0.106363
-84 -0.0499998 0.106363 -84.8 -0.0499998 0.106363 -85.6 -0.0499998 0.106363 -86.4
-0.0499998 0.106363 -87.2 -0.0499998 0.106363 -88 -0.0499998 0.106363 -88.8 -0.0499998
0.106363 -89.6 -0.0499998 0.106363 -90.4 -0.0499998 0.106363 -91.2 -0.0499998 0.106363
-92 -0.0499998 0.106363 -92.8 -0.0499998 0.106363 -93.6 -0.0499998 0.106363 -94.4
-0.0499998 0.106363 -95.2 -0.0499998 0.106363 -96 -0.0499998 0.106363 -96.8 -0.0499998
0.106363 -97.6 -0.0499998 0.106363 -98.4 -0.0499997 0.106363 -99.2 -0.0499997 0.106363
-100 -0.0499997 0.106363 -1.001 -0.05 0.158995 -1.6008 -0.05 0.158995 -2.2006
-0.05 0.158995 -2.8004 -0.05 0.158995 -3.4002 -0.05 0.158995 -4 -0.05
0.158995 -4.8 -0.05 0.158995 -5.6 -0.05 0.158995 -6.4 -0.05 0.158995
-7.2 -0.05 0.158995 -8 -0.05 0.158995 -8.8 -0.05 0.158995 -9.6
-0.05 0.158995 -10.4 -0.05 0.158995 -11.2 -0.05 0.158995 -12 -0.05
0.158995 -12.8 -0.05 0.158995 -13.6 -0.05 0.158995 -14.4 -0.05 0.158995
-15.2 -0.05 0.158995 -16 -0.05 0.158995 -16.8 -0.05 0.158995 -17.6
-0.05 0.158995 -18.4 -0.05 0.158995 -19.2 -0.05 0.158995 -20 -0.05
0.158995 -20.8 -0.05 0.158995 -21.6 -0.05 0.158995 -22.4 -0.05 0.158995
-23.2 -0.05 0.158995 -24 -0.05 0.158995 -24.8 -0.05 0.158995 -25.6
-0.05 0.158995 -26.4 -0.05 0.158995 -27.2 -0.05 0.158995 -28 -0.05
0.158995 -28.8 -0.05 0.158995 -29.6 -0.0499999 0.158995 -30.4 -0.0499999 0.158995
-31.2 -0.0499999 0.158995 -32 -0.0499999 0.158995 -32.8 -0.0499999 0.158995 -33.6
-0.0499999 0.158995 -34.4 -0.0499999 0.158995 -35.2 -0.0499999 0.158995 -36 -0.0499999
0.158995 -36.8 -0.0499999 0.158995 -37.6 -0.0499999 0.158995 -38.4 -0.0499999 0.158995
-39.2 -0.0499999 0.158995 -40 -0.0499999 0.158995 -40.8 -0.0499999 0.158995 -41.6
-0.0499999 0.158995 -42.4 -0.0499999 0.158995 -43.2 -0.0499999 0.158995 -44 -0.0499999
0.158995 -44.8 -0.0499999 0.158995 -45.6 -0.0499999 0.158995 -46.4 -0.0499999 0.158995
-47.2 -0.0499999 0.158995 -48 -0.0499999 0.158995 -48.8 -0.0499999 0.158995 -49.6
-0.0499999 0.158995 -50.4 -0.0499999 0.158995 -51.2 -0.0499999 0.158995 -52 -0.0499999
0.158995 -52.8 -0.0499999 0.158995 -53.6 -0.0499999 0.158995 -54.4 -0.0499999 0.158995
-55.2 -0.0499999 0.158995 -56 -0.0499999 0.158995 -56.8 -0.0499999 0.158995 -57.6
-0.0499999 0.158995 -58.4 -0.0499999 0.158995 -59.2 -0.0499999 0.158995 -60 -0.0499999
0.158995 -60.8 -0.0499998 0.158995 -61.6 -0.0499998 0.158995 -62.4 -0.0499998 0.158995
-63.2 -0.0499998 0.158995 -64 -0.0499998 0.158995 -64.8 -0.0499998 0.158995 -65.6
-0.0499998 0.158995 -66.4 -0.0499998 0.158995 -67.2 -0.0499998 0.158995 -68 -0.0499998
0.158995 -68.8 -0.0499998 0.158995 -69.6 -0.0499998 0.158995 -70.4 -0.0499998 0.158995
-71.2 -0.0499998 0.158995 -72 -0.0499998 0.158995 -72.8 -0.0499998 0.158995 -73.6
-0.0499998 0.158995 -74.4 -0.0499998 0.158995 -75.2 -0.0499998 0.158995 -76 -0.0499998
0.158995 -76.8 -0.0499998 0.158995 -77.6 -0.0499998 0.158995 -78.4 -0.0499998 0.158995
-79.2 -0.0499998 0.158995 -80 -0.0499998 0.158995 -80.8 -0.0499998 0.158995 -81.6
-0.0499998 0.158995 -82.4 -0.0499998 0.158995 -83.2 -0.0499998 0.158995 -84 -0.0499998
0.158995 -84.8 -0.0499998 0.158995 -85.6 -0.0499998 0.158995 -86.4 -0.0499998 0.158995
-87.2 -0.0499998 0.158995 -88 -0.0499998 0.158995 -88.8 -0.0499997 0.158995 -89.6
-0.0499997 0.158995 -90.4 -0.0499997 0.158995 -91.2 -0.0499997 0.158995 -92 -0.0499997
0.158995 -92.8 -0.0499997 0.158995 -93.6 -0.0499997 0.158995 -94.4 -0.0499997 0.158995
-95.2 -0.0499997 0.158995 -96 -0.0499997 0.158995 -96.8 -0.0499997 0.158995 -97.6
-0.0499997 0.158995 -98.4 -0.0499997 0.158995 -99.2 -0.0499996 0.158995 -100 -0.0499996
0.158995 -1.001 -0.05 0.211626 -1.6008 -0.05 0.211626 -2.2006 -0.05 0.211626
-2.8004 -0.05 0.211626 -3.4002 -0.05 0.211626 -4 -0.05 0.211626 -4.8
-0.05 0.211626 -5.6 -0.05 0.211626 -6.4 -0.05 0.211626 -7.2 -0.05
0.211626 -8 -0.05 0.211626 -8.8 -0.05 0.211626 -9.6 -0.05 0.211626
-10.4 -0.05 0.211626 -11.2 -0.05 0.211626 -12 -0.05 0.211626 -12.8
-0.05 0.211626 -13.6 -0.05 0.211626 -14.4 -0.05 0.211626 -15.2 -0.05
0.211626 -16 -0.05 0.211626 -16.8 -0.05 0.211626 -17.6 -0.05 0.211626
-18.4 -0.05 0.211626 -19.2 -0.05 0.211626 -20 -0.05 0.211626 -20.8
-0.05 0.211626 -21.6 -0.05 0.211626 -22.4 -0.05 0.211626 -23.2 -0.05
0.211626 -24 -0.05 0.211626 -24.8 -0.05 0.211626 -25.6 -0.05 0.211626
-26.4 -0.0499999 0.211626 -27.2 -0.0499999 0.211626 -28 -0.0499999 0.211626 -28.8
-0.0499999 0.211626 -29.6 -0.0499999 0.211626 -30.4 -0.0499999 0.211626 -31.2 -0.0499999
0.211626 -32 -0.0499999 0.211626 -32.8 -0.0499999 0.211626 -33.6 -0.0499999 0.211626
-34.4 -0.0499999 0.211626 -35.2 -0.0499999 0.211626 -36 -0.0499999 0.211626 -36.8
-0.0499999 0.211626 -37.6 -0.0499999 0.211626 -38.4 -0.0499999 0.211626 -39.2 -0.0499999
0.211626 -40 -0.0499999 0.211626 -40.8 -0.0499999 0.211626 -41.6 -0.0499999 0.211626
-42.4 -0.0499999 0.211626 -43.2 -0.0499999 0.211626 -44 -0.0499999 0.211626 -44.8
-0.0499999 0.211626 -45.6 -0.0499999 0.211626 -46.4 -0.0499999 0.211626 -47.2 -0.0499999
0.211626 -48 -0.0499999 0.211626 -48.8 -0.0499999 0.211626 -49.6 -0.0499999 0.211626
-50.4 -0.0499999 0.211626 -51.2 -0.0499999 0.211626 -52 -0.0499998 0.211626 -52.8
-0.0499998 0.211626 -53.6 -0.0499998 0.211626 -54.4 -0.0499998 0.211626 -55.2 -0.0499998
0.211626 -56 -0.0499998 0.211626 -56.8 -0.0499998 0.211626 -57.6 -0.0499998 0.211626
-58.4 -0.0499998 0.211626 -59.2 -0.0499998 0.211626 -60 -0.0499998 0.211626 -60.8
-0.0499998 0.211626 -61.6 -0.0499998 0.211626 -62.4 -0.0499998 0.211626 -63.2 -0.0499998
0.211626 -64 -0.0499998 0.211626 -64.8 -0.0499998 0.211626 -65.6 -0.0499998 0.211626
-66.4 -0.0499998 0.211626 -67.2 -0.0499998 0.211626 -68 -0.0499998 0.211626 -68.8
-0.0499998 0.211626 -69.6 -0.0499998 0.211626 -70.4 -0.0499998 0.211626 -71.2 -0.0499998
0.211626 -72 -0.0499998 0.211626 -72.8 -0.0499998 0.211626 -73.6 -0.0499998 0.211626
-74.4 -0.0499998 0.211626 -75.2 -0.0499997 0.211626 -76 -0.0499997 0.211626 -76.8
-0.0499997 0.211626 -77.6 -0.0499997 0.211626 -78.4 -0.0499997 0.211626 -79.2 -0.0499997
0.211626 -80 -0.0499997 0.211626 -80.8 -0.0499997 0.211626 -81.6 -0.0499997 0.211626
-82.4 -0.0499997 0.211626 -83.2 -0.0499997 0.211626 -84 -0.0499997 0.211626 -84.8
-0.0499997 0.211626 -85.6 -0.0499997 0.211626 -86.4 -0.0499997 0.211626 -87.2 -0.0499997
0.211626 -88 -0.0499997 0.211626 -88.8 -0.0499997 0.211626 -89.6 -0.0499997 0.211626
-90.4 -0.0499997 0.211626 -91.2 -0.0499997 0.211626 -92 -0.0499997 0.211626 -92.8
-0.0499997 0.211626 -93.6 -0.0499997 0.211626 -94.4 -0.0499997 0.211626 -95.2 -0.0499997
0.211626 -96 -0.0499996 0.211626 -96.8 -0.0499996 0.211626 -97.6 -0.0499996 0.211626
-98.4 -0.0499996 0.211626 -99.2 -0.0499996 0.211626 -100 -0.0499995 0.211626 -1.001
-0.05 0.264258 -1.6008 -0.05 0.264258 -2.2006 -0.05 0.264258 -2.8004 -0.05
0.264258 -3.4002 -0.05 0.264258 -4 -0.05 0.264258 -4.8 -0.05 0.264258
-5.6 -0.05 0.264258 -6.4 -0.05 0.264258 -7.2 -0.05 0.264258 -8
-0.05 0.264258 -8.8 -0.05 0.264258 -9.6 -0.05 0.264258 -10.4 -0.05
0.264258 -11.2 -0.05 0.264258 -12 -0.05 0.264258 -12.8 -0.05 0.264258
-13.6 -0.05 0.264258 -14.4 -0.05 0.264258 -15.2 -0.05 0.264258 -16
-0.05 0.264258 -16.8 -0.05 0.264258 -17.6 -0.05 0.264258 -18.4 -0.05
0.264258 -19.2 -0.05 0.264258 -20 -0.05 0.264258 -20.8 -0.05 0.264258
-21.6 -0.05 0.264258 -22.4 -0.05 0.264258 -23.2 -0.05 0.264258 -24
-0.05 0.264258 -24.8 -0.0499999 0.264258 -25.6 -0.0499999 0.264258 -26.4 -0.0499999
0.264258 -27.2 -0.0499999 0.264258 -28 -0.0499999 0.264258 -28.8 -0.0499999 0.264258
-29.6 -0.0499999 0.264258 -30.4 -0.0499999 0.264258 -31.2 -0.0499999 0.264258 -32
-0.0499999 0.264258 -32.8 -0.0499999 0.264258 -33.6 -0.0499999 0.264258 -34.4 -0.0499999
0.264258 -35.2 -0.0499999 0.264258 -36 -0.0499999 0.264258 -36.8 -0.0499999 0.264258
-37.6 -0.0499999 0.264258 -38.4 -0.0499999 0.264258 -39.2 -0.0499999 0.264258 -40
-0.0499999 0.264258 -40.8 -0.0499999 0.264258 -41.6 -0.0499999 0.264258 -42.4 -0.0499999
0.264258 -43.2 -0.0499999 0.264258 -44 -0.0499999 0.264258 -44.8 -0.0499999 0.264258
-45.6 -0.0499998 0.264258 -46.4 -0.0499998 0.264258 -47.2 -0.0499998 0.264258 -48
-0.0499998 0.264258 -48.8 -0.0499998 0.264258 -49.6 -0.0499998 0.264258 -50.4 -0.0499998
0.264258 -51.2 -0.0499998 0.264258 -52 -0.0499998 0.264258 -52.8 -0.0499998 0.264258
-53.6 -0.0499998 0.264258 -54.4 -0.0499998 0.264258 -55.2 -0.0499998 0.264258 -56
-0.0499998 0.264258 -56.8 -0.0499998 0.264258 -57.6 -0.0499998 0.264258 -58.4 -0.0499998
0.264258 -59.2 -0.0499998 0.264258 -60 -0.0499998 0.264258 -60.8 -0.0499998 0.264258
-61.6 -0.0499998 0.264258 -62.4 -0.0499998 0.264258 -63.2 -0.0499998 0.264258 -64
-0.0499998 0.264258 -64.8 -0.0499998 0.264258 -65.6 -0.0499998 0.264258 -66.4 -0.0499997
0.264258 -67.2 -0.0499997 0.264258 -68 -0.0499997 0.264258 -68.8 -0.0499997 0.264258
-69.6 -0.0499997 0.264258 -70.4 -0.0499997 0.264258 -71.2 -0.0499997 0.264258 -72
-0.0499997 0.264258 -72.8 -0.0499997 0.264258 -73.6 -0.0499997 0.264258 -74.4 -0.0499997
0.264258 -75.2 -0.0499997 0.264258 -76 -0.0499997 0.264258 -76.8 -0.0499997 0.264258
-77.6 -0.0499997 0.264258 -78.4 -0.0499997 0.264258 -79.2 -0.0499997 0.264258 -80
-0.0499997 0.264258 -80.8 -0.0499997 0.264258 -81.6 -0.0499997 0.264258 -82.4 -0.0499997
0.264258 -83.2 -0.0499997 0.264258 -84 -0.0499997 0.264258 -84.8 -0.0499997 0.264258
-85.6 -0.0499996 0.264258 -86.4 -0.0499996 0.264258 -87.2 -0.0499996 0.264258 -88
-0.0499996 0.264258 -88.8 -0.0499996 0.264258 -89.6 -0.0499996 0.264258 -90.4 -0.0499996
0.264258 -91.2 -0.0499996 0.264258 -92 -0.0499996 0.264258 -92.8 -0.0499996 0.264258
-93.6 -0.0499996 0.264258 -94.4 -0.0499996 0.264258 -95.2 -0.0499996 0.264258 -96
-0.0499996 0.264258 -96.8 -0.0499996 0.264258 -97.6 -0.0499996 0.264258 -98.4 -0.0499995
0.264258 -99.2 -0.0499995 0.264258 -100 -0.0499995 0.264258 -1.001 -0.05 0.316889
-1.6008 -0.05 0.316889 -2.2006 -0.05 0.316889 -2.8004 -0.05 0.316889 -3.4002
-0.05 0.316889 -4 -0.05 0.316889 -4.8 -0.05 0.316889 -5.6 -0.05
0.316889 -6.4 -0.05 0.316889 -7.2 -0.05 0.316889 -8 -0.05 0.316889
-8.8 -0.05 0.316889 -9.6 -0.05 0.316889 -10.4 -0.05 0.316889 -11.2
-0.05 0.316889 -12 -0.05 0.316889 -12.8 -0.05 0.316889 -13.6 -0.05
0.316889 -14.4 -0.05 0.316889 -15.2 -0.05 0.316889 -16 -0.05 0.316889
-16.8 -0.05 0.316889 -17.6 -0.05 0.316889 -18.4 -0.05 0.316889 -19.2
-0.05 0.316889 -20 -0.05 0.316889 -20.8 -0.05 0.316889 -21.6 -0.05
0.316889 -22.4 -0.05 0.316889 -23.2 -0.0499999 0.316889 -24 -0.0499999 0.316889
-24.8 -0.0499999 0.316889 -25.6 -0.0499999 0.316889 -26.4 -0.0499999 0.316889 -27.2
-0.0499999 0.316889 -28 -0.0499999 0.316889 -28.8 -0.0499999 0.316889 -29.6 -0.0499999
0.316889 -30.4 -0.0499999 0.316889 -31.2 -0.0499999 0.316889 -32 -0.0499999 0.316889
-32.8 -0.0499999 0.316889 -33.6 -0.0499999 0.316889 -34.4 -0.0499999 0.316889 -35.2
-0.0499999 0.316889 -36 -0.0499999 0.316889 -36.8 -0.0499999 0.316889 -37.6 -0.0499999
0.316889 -38.4 -0.0499999 0.316889 -39.2 -0.0499999 0.316889 -40 -0.0499999 0.316889
-40.8 -0.0499999 0.316889 -41.6 -0.0499998 0.316889 -42.4 -0.0499998 0.316889 -43.2
-0.0499998 0.316889 -44 -0.0499998 0.316889 -44.8 -0.0499998 0.316889 -45.6 -0.0499998
0.316889 -46.4 -0.0499998 0.316889 -47.2 -0.0499998 0.316889 -48 -0.0499998 0.316889
-48.8 -0.0499998 0.316889 -49.6 -0.0499998 0.316889 -50.4 -0.0499998 0.316889 -51.2
-0.0499998 0.316889 -52 -0.0499998 0.316889 -52.8 -0.0499998 0.316889 -53.6 -0.0499998
0.316889 -54.4 -0.0499998 0.316889 -55.2 -0.0499998 0.316889 -56 -0.0499998 0.316889
-56.8 -0.0499998 0.316889 -57.6 -0.0499998 0.316889 -58.4 -0.0499998 0.316889 -59.2
-0.0499997 0.316889 -60 -0.0499997 0.316889 -60.8 -0.0499997 0.316889 -61.6 -0.0499997
0.316889 -62.4 -0.0499997 0.316889 -63.2 -0.0499997 0.316889 -64 -0.0499997 0.316889
-64.8 -0.0499997 0.316889 -65.6 -0.0499997 0.316889 -66.4 -0.0499997 0.316889 -67.2
-0.0499997 0.316889 -68 -0.0499997 0.316889 -68.8 -0.0499997 0.316889 -69.6 -0.0499997
0.316889 -70.4 -0.0499997 0.316889 -71.2 -0.0499997 0.316889 -72 -0.0499997 0.316889
-72.8 -0.0499997 0.316889 -73.6 -0.0499997 0.316889 -74.4 -0.0499997 0.316889 -75.2
-0.0499997 0.316889 -76 -0.0499996 0.316889 -76.8 -0.0499996 0.316889 -77.6 -0.0499996
0.316889 -78.4 -0.0499996 0.316889 -79.2 -0.0499996 0.316889 -80 -0.0499996 0.316889
-80.8 -0.0499996 0.316889 -81.6 -0.0499996 0.316889 -82.4 -0.0499996 0.316889 -83.2
-0.0499996 0.316889 -84 -0.0499996 0.316889 -84.8 -0.0499996 0.316889 -85.6 -0.0499996
0.316889 -86.4 -0.0499996 0.316889 -87.2 -0.0499996 0.316889 -88 -0.0499996 0.316889
-88.8 -0.0499996 0.316889 -89.6 -0.0499996 0.316889 -90.4 -0.0499996 0.316889 -91.2
-0.0499995 0.316889 -92 -0.0499995 0.316889 -92.8 -0.0499995 0.316889 -93.6 -0.0499995
0.316889 -94.4 -0.0499995 0.316889 -95.2 -0.0499995 0.316889 -96 -0.0499995 0.316889
-96.8 -0.0499995 0.316889 -97.6 -0.0499995 0.316889 -98.4 -0.0499995 0.316889 -99.2
-0.0499994 0.316889 -100 -0.0499994 0.316889 -1.001 -0.05 0.369521 -1.6008 -0.05
0.369521 -2.2006 -0.05 0.369521 -2.8004 -0.05 0.369521 -3.4002 -0.05 0.369521
-4 -0.05 0.369521 -4.8 -0.05 0.369521 -5.6 -0.05 0.369521 -6.4
-0.05 0.369521 -7.2 -0.05 0.369521 -8 -0.05 0.369521 -8.8 -0.05
0.369521 -9.6 -0.05 0.369521 -10.4 -0.05 0.369521 -11.2 -0.05 0.369521
-12 -0.05 0.369521 -12.8 -0.05 0.369521 -13.6 -0.05 0.369521 -14.4
-0.05 0.369521 -15.2 -0.05 0.369521 -16 -0.05 0.369521 -16.8 -0.05
0.369521 -17.6 -0.05 0.369521 -18.4 -0.05 0.369521 -19.2 -0.05 0.369521
-20 -0.05 0.369521 -20.8 -0.05 0.369521 -21.6 -0.0499999 0.369521 -22.4
-0.0499999 0.369521 -23.2 -0.0499999 0.369521 -24 -0.0499999 0.369521 -24.8 -0.0499999
0.369521 -25.6 -0.0499999 0.369521 -26.4 -0.0499999 0.369521 -27.2 -0.0499999 0.369521
-28 -0.0499999 0.369521 -28.8 -0.0499999 0.369521 -29.6 -0.0499999 0.369521 -30.4
-0.0499999 0.369521 -31.2 -0.0499999 0.369521 -32 -0.0499999 0.369521 -32.8 -0.0499999
0.369521 -33.6 -0.0499999 0.369521 -34.4 -0.0499999 0.369521 -35.2 -0.0499999 0.369521
-36 -0.0499999 0.369521 -36.8 -0.0499999 0.369521 -37.6 -0.0499999 0.369521 -38.4
-0.0499998 0.369521 -39.2 -0.0499998 0.369521 -40 -0.0499998 0.369521 -40.8 -0.0499998
0.369521 -41.6 -0.0499998 0.369521 -42.4 -0.0499998 0.369521 -43.2 -0.0499998 0.369521
-44 -0.0499998 0.369521 -44.8 -0.0499998 0.369521 -45.6 -0.0499998 0.369521 -46.4
-0.0499998 0.369521 -47.2 -0.0499998 0.369521 -48 -0.0499998 0.369521 -48.8 -0.0499998
0.369521 -49.6 -0.0499998 0.369521 -50.4 -0.0499998 0.369521 -51.2 -0.0499998 0.369521
-52 -0.0499998 0.369521 -52.8 -0.0499998 0.369521 -53.6 -0.0499998 0.369521 -54.4
-0.0499997 0.369521 -55.2 -0.0499997 0.369521 -56 -0.0499997 0.369521 -56.8 -0.0499997
0.369521 -57.6 -0.0499997 0.369521 -58.4 -0.0499997 0.369521 -59.2 -0.0499997 0.369521
-60 -0.0499997 0.369521 -60.8 -0.0499997 0.369521 -61.6 -0.0499997 0.369521 -62.4
-0.0499997 0.369521 -63.2 -0.0499997 0.369521 -64 -0.0499997 0.369521 -64.8 -0.0499997
0.369521 -65.6 -0.0499997 0.369521 -66.4 -0.0499997 0.369521 -67.2 -0.0499997 0.369521
-68 -0.0499997 0.369521 -68.8 -0.0499996 0.369521 -69.6 -0.0499996 0.369521 -70.4
-0.0499996 0.369521 -71.2 -0.0499996 0.369521 -72 -0.0499996 0.369521 -72.8 -0.0499996
0.369521 -73.6 -0.0499996 0.369521 -74.4 -0.0499996 0.369521 -75.2 -0.0499996 0.369521
-76 -0.0499996 0.369521 -76.8 -0.0499996 0.369521 -77.6 -0.0499996 0.369521 -78.4
-0.0499996 0.369521 -79.2 -0.0499996 0.369521 -80 -0.0499996 0.369521 -80.8 -0.0499996
0.369521 -81.6 -0.0499996 0.369521 -82.4 -0.0499995 0.369521 -83.2 -0.0499995 0.369521
-84 -0.0499995 0.369521 -84.8 -0.0499995 0.369521 -85.6 -0.0499995 0.369521 -86.4
-0.0499995 0.369521 -87.2 -0.0499995 0.369521 -88 -0.0499995 0.369521 -88.8 -0.0499995
0.369521 -89.6 -0.0499995 0.369521 -90.4 -0.0499995 0.369521 -91.2 -0.0499995 0.369521
-92 -0.0499995 0.369521 -92.8 -0.0499995 0.369521 -93.6 -0.0499995 0.369521 -94.4
-0.0499995 0.369521 -95.2 -0.0499994 0.369521 -96 -0.0499994 0.369521 -96.8 -0.0499994
0.369521 -97.6 -0.0499994 0.369521 -98.4 -0.0499994 0.369521 -99.2 -0.0499993 0.369521
-100 -0.0499993 0.369521 -1.001 -0.05 0.422153 -1.6008 -0.05 0.422153 -2.2006
-0.05 0.422153 -2.8004 -0.05 0.422153 -3.4002 -0.05 0.422153 -4 -0.05
0.422153 -4.8 -0.05 0.422153 -5.6 -0.05 0.422153 -6.4 -0.05 0.422153
-7.2 -0.05 0.422153 -8 -0.05 0.422153 -8.8 -0.05 0.422153 -9.6
-0.05 0.422153 -10.4 -0.05 0.422153 -11.2 -0.05 0.422153 -12 -0.05
0.422153 -12.8 -0.05 0.422153 -13.6 -0.05 0.422153 -14.4 -0.05 0.422153
-15.2 -0.05 0.422153 -16 -0.05 0.422153 -16.8 -0.05 0.422153 -17.6
-0.05 0.422153 -18.4 -0.05 0.422153 -19.2 -0.05 0.422153 -20 -0.05
0.422153 -20.8 -0.0499999 0.422153 -21.6 -0.0499999 0.422153 -22.4 -0.0499999 0.422153
-23.2 -0.0499999 0.422153 -24 -0.0499999 0.422153 -24.8 -0.0499999 0.422153 -25.6
-0.0499999 0.422153 -26.4 -0.0499999 0.422153 -27.2 -0.0499999 0.422153 -28 -0.0499999
0.422153 -28.8 -0.0499999 0.422153 -29.6 -0.0499999 0.422153 -30.4 -0.0499999 0.422153
-31.2 -0.0499999 0.422153 -32 -0.0499999 0.422153 -32.8 -0.0499999 0.422153 -33.6
-0.0499999 0.422153 -34.4 -0.0499999 0.422153 -35.2 -0.0499998 0.422153 -36 -0.0499998
0.422153 -36.8 -0.0499998 0.422153 -37.6 -0.0499998 0.422153 -38.4 -0.0499998 0.422153
-39.2 -0.0499998 0.422153 -40 -0.0499998 0.422153 -40.8 -0.0499998 0.422153 -41.6
-0.0499998 0.422153 -42.4 -0.0499998 0.422153 -43.2 -0.0499998 0.422153 -44 -0.0499998
0.422153 -44.8 -0.0499998 0.422153 -45.6 -0.0499998 0.422153 -46.4 -0.0499998 0.422153
-47.2 -0.0499998 0.422153 -48 -0.0499998 0.422153 -48.8 -0.0499998 0.422153 -49.6
-0.0499997 0.422153 -50.4 -0.0499997 0.422153 -51.2 -0.0499997 0.422153 -52 -0.0499997
0.422153 -52.8 -0.0499997 0.422153 -53.6 -0.0499997 0.422153 -54.4 -0.0499997 0.422153
-55.2 -0.0499997 0.422153 -56 -0.0499997 0.422153 -56.8 -0.0499997 0.422153 -57.6
-0.0499997 0.422153 -58.4 -0.0499997 0.422153 -59.2 -0.0499997 0.422153 -60 -0.0499997
0.422153 -60.8 -0.0499997 0.422153 -61.6 -0.0499997 0.422153 -62.4 -0.0499997 0.422153
-63.2 -0.0499996 0.422153 -64 -0.0499996 0.422153 -64.8 -0.0499996 0.422153 -65.6
-0.0499996 0.422153 -66.4 -0.0499996 0.422153 -67.2 -0.0499996 0.422153 -68 -0.0499996
0.422153 -68.8 -0.0499996 0.422153 -69.6 -0.0499996 0.422153 -70.4 -0.0499996 0.422153
-71.2 -0.0499996 0.422153 -72 -0.0499996 0.422153 -72.8 -0.0499996 0.422153 -73.6
-0.0499996 0.422153 -74.4 -0.0499996 0.422153 -75.2 -0.0499996 0.422153 -76 -0.0499995
0.422153 -76.8 -0.0499995 0.422153 -77.6 -0.0499995 0.422153 -78.4 -0.0499995 0.422153
-79.2 -0.0499995 0.422153 -80 -0.0499995 0.422153 -80.8 -0.0499995 0.422153 -81.6
-0.0499995 0.422153 -82.4 -0.0499995 0.422153 -83.2 -0.0499995 0.422153 -84 -0.0499995
0.422153 -84.8 -0.0499995 0.422153 -85.6 -0.0499995 0.422153 -86.4 -0.0499995 0.422153
-87.2 -0.0499995 0.422153 -88 -0.0499994 0.422153 -88.8 -0.0499994 0.422153 -89.6
-0.0499994 0.422153 -90.4 -0.0499994 0.422153 -91.2 -0.0499994 0.422153 -92 -0.0499994
0.422153 -92.8 -0.0499994 0.422153 -93.6 -0.0499994 0.422153 -94.4 -0.0499994 0.422153
-95.2 -0.0499994 0.422153 -96 -0.0499994 0.422153 -96.8 -0.0499994 0.422153 -97.6
-0.0499993 0.422153 -98.4 -0.0499993 0.422153 -99.2 -0.0499993 0.422153 -100 -0.0499992
0.422153 -1.001 -0.05 0.474784 -1.6008 -0.05 0.474784 -2.2006 -0.05 0.474784
-2.8004 -0.05 0.474784 -3.4002 -0.05 0.474784 -4 -0.05 0.474784 -4.8
-0.05 0.474784 -5.6 -0.05 0.474784 -6.4 -0.05 0.474784 -7.2 -0.05
0.474784 -8 -0.05 0.474784 -8.8 -0.05 0.474784 -9.6 -0.05 0.474784
-10.4 -0.05 0.474784 -11.2 -0.05 0.474784 -12 -0.05 0.474784 -12.8
-0.05 0.474784 -13.6 -0.05 0.474784 -14.4 -0.05 0.474784 -15.2 -0.05
0.474784 -16 -0.05 0.474784 -16.8 -0.05 0.474784 -17.6 -0.05 0.474784
-18.4 -0.05 0.474784 -19.2 -0.05 0.474784 -20 -0.0499999 0.474784 -20.8
-0.0499999 0.474784 -21.6 -0.0499999 0.474784 -22.4 -0.0499999 0.474784 -23.2 -0.0499999
0.474784 -24 -0.0499999 0.474784 -24.8 -0.0499999 0.474784 -25.6 -0.0499999 0.474784
-26.4 -0.0499999 0.474784 -27.2 -0.0499999 0.474784 -28 -0.0499999 0.474784 -28.8
-0.0499999 0.474784 -29.6 -0.0499999 0.474784 -30.4 -0.0499999 0.474784 -31.2 -0.0499999
0.474784 -32 -0.0499999 0.474784 -32.8 -0.0499999 0.474784 -33.6 -0.0499998 0.474784
-34.4 -0.0499998 0.474784 -35.2 -0.0499998 0.474784 -36 -0.0499998 0.474784 -36.8
-0.0499998 0.474784 -37.6 -0.0499998 0.474784 -38.4 -0.0499998 0.474784 -39.2 -0.0499998
0.474784 -40 -0.0499998 0.474784 -40.8 -0.0499998 0.474784 -41.6 -0.0499998 0.474784
-42.4 -0.0499998 0.474784 -43.2 -0.0499998 0.474784 -44 -0.0499998 0.474784 -44.8
-0.0499998 0.474784 -45.6 -0.0499998 0.474784 -46.4 -0.0499997 0.474784 -47.2 -0.0499997
0.474784 -48 -0.0499997 0.474784 -48.8 -0.0499997 0.474784 -49.6 -0.0499997 0.474784
-50.4 -0.0499997 0.474784 -51.2 -0.0499997 0.474784 -52 -0.0499997 0.474784 -52.8
-0.0499997 0.474784 -53.6 -0.0499997 0.474784 -54.4 -0.0499997 0.474784 -55.2 -0.0499997
0.474784 -56 -0.0499997 0.474784 -56.8 -0.0499997 0.474784 -57.6 -0.0499997 0.474784
-58.4 -0.0499997 0.474784 -59.2 -0.0499996 0.474784 -60 -0.0499996 0.474784 -60.8
-0.0499996 0.474784 -61.6 -0.0499996 0.474784 -62.4 -0.0499996 0.474784 -63.2 -0.0499996
0.474784 -64 -0.0499996 0.474784 -64.8 -0.0499996 0.474784 -65.6 -0.0499996 0.474784
-66.4 -0.0499996 0.474784 -67.2 -0.0499996 0.474784 -68 -0.0499996 0.474784 -68.8
-0.0499996 0.474784 -69.6 -0.0499995 0.474784 -70.4 -0.0499995 0.474784 -71.2 -0.0499995
0.474784 -72 -0.0499995 0.474784 -72.8 -0.0499995 0.474784 -73.6 -0.0499995 0.474784
-74.4 -0.0499995 0.474784 -75.2 -0.0499995 0.474784 -76 -0.0499995 0.474784 -76.8
-0.0499995 0.474784 -77.6 -0.0499995 0.474784 -78.4 -0.0499995 0.474784 -79.2 -0.0499995
0.474784 -80 -0.0499995 0.474784 -80.8 -0.0499995 0.474784 -81.6 -0.0499994 0.474784
-82.4 -0.0499994 0.474784 -83.2 -0.0499994 0.474784 -84 -0.0499994 0.474784 -84.8
-0.0499994 0.474784 -85.6 -0.0499994 0.474784 -86.4 -0.0499994 0.474784 -87.2 -0.0499994
0.474784 -88 -0.0499994 0.474784 -88.8 -0.0499994 0.474784 -89.6 -0.0499994 0.474784
-90.4 -0.0499994 0.474784 -91.2 -0.0499994 0.474784 -92 -0.0499993 0.474784 -92.8
-0.0499993 0.474784 -93.6 -0.0499993 0.474784 -94.4 -0.0499993 0.474784 -95.2 -0.0499993
0.474784 -96 -0.0499993 0.474784 -96.8 -0.0499993 0.474784 -97.6 -0.0499993 0.474784
-98.4 -0.0499992 0.474784 -99.2 -0.0499992 0.474784 -100 -0.0499992 0.474784 -1.001
-0.05 0.527416 -1.6008 -0.05 0.527416 -2.2006 -0.05 0.527416 -2.8004 -0.05
0.527416 -3.4002 -0.05 0.527416 -4 -0.05 0.527416 -4.8 -0.05 0.527416
-5.6 -0.05 0.527416 -6.4 -0.05 0.527416 -7.2 -0.05 0.527416 -8
-0.05 0.527416 -8.8 -0.05 0.527416 -9.6 -0.05 0.527416 -10.4 -0.05
0.527416 -11.2 -0.05 0.527416 -12 -0.05 0.527416 -12.8 -0.05 0.527416
-13.6 -0.05 0.527416 -14.4 -0.05 0.527416 -15.2 -0.05 0.527416 -16
-0.05 0.527416 -16.8 -0.05 0.527416 -17.6 -0.05 0.527416 -18.4 -0.05
0.527416 -19.2 -0.0499999 0.527416 -20 -0.0499999 0.527416 -20.8 -0.0499999 0.527416
-21.6 -0.0499999 0.527416 -22.4 -0.0499999 0.527416 -23.2 -0.0499999 0.527416 -24
-0.0499999 0.527416 -24.8 -0.0499999 0.527416 -25.6 -0.0499999 0.527416 -26.4 -0.0499999
0.527416 -27.2 -0.0499999 0.527416 -28 -0.0499999 0.527416 -28.8 -0.0499999 0.527416
-29.6 -0.0499999 0.527416 -30.4 -0.0499999 0.527416 -31.2 -0.0499999 0.527416 -32
-0.0499998 0.527416 -32.8 -0.0499998 0.527416 -33.6 -0.0499998 0.527416 -34.4 -0.0499998
0.527416 -35.2 -0.0499998 0.527416 -36 -0.0499998 0.527416 -36.8 -0.0499998 0.527416
-37.6 -0.0499998 0.527416 -38.4 -0.0499998 0.527416 -39.2 -0.0499998 0.527416 -40
-0.0499998 0.527416 -40.8 -0.0499998 0.527416 -41.6 -0.0499998 0.527416 -42.4 -0.0499998
0.527416 -43.2 -0.0499997 0.527416 -44 -0.0499997 0.527416 -44.8 -0.0499997 0.527416
-45.6 -0.0499997 0.527416 -46.4 -0.0499997 0.527416 -47.2 -0.0499997 0.527416 -48
-0.0499997 0.527416 -48.8 -0.0499997 0.527416 -49.6 -0.0499997 0.527416 -50.4 -0.0499997
0.527416 -51.2 -0.0499997 0.527416 -52 -0.0499997 0.527416 -52.8 -0.0499997 0.527416
-53.6 -0.0499997 0.527416 -54.4 -0.0499997 0.527416 -55.2 -0.0499996 0.527416 -56
-0.0499996 0.527416 -56.8 -0.0499996 0.527416 -57.6 -0.0499996 0.527416 -58.4 -0.0499996
0.527416 -59.2 -0.0499996 0.527416 -60 -0.0499996 0.527416 -60.8 -0.0499996 0.527416
-61.6 -0.0499996 0.527416 -62.4 -0.0499996 0.527416 -63.2 -0.0499996 0.527416 -64
-0.0499996 0.527416 -64.8 -0.0499996 0.527416 -65.6 -0.0499995 0.527416 -66.4 -0.0499995
0.527416 -67.2 -0.0499995 0.527416 -68 -0.0499995 0.527416 -68.8 -0.0499995 0.527416
-69.6 -0.0499995 0.527416 -70.4 -0.0499995 0.527416 -71.2 -0.0499995 0.527416 -72
-0.0499995 0.527416 -72.8 -0.0499995 0.527416 -73.6 -0.0499995 0.527416 -74.4 -0.0499995
0.527416 -75.2 -0.0499995 0.527416 -76 -0.0499994 0.527416 -76.8 -0.0499994 0.527416
-77.6 -0.0499994 0.527416 -78.4 -0.0499994 0.527416 -79.2 -0.0499994 0.527416 -80
-0.0499994 0.527416 -80.8 -0.0499994 0.527416 -81.6 -0.0499994 0.527416 -82.4 -0.0499994
0.527416 -83.2 -0.0499994 0.527416 -84 -0.0499994 0.527416 -84.8 -0.0499994 0.527416
-85.6 -0.0499994 0.527416 -86.4 -0.0499993 0.527416 -87.2 -0.0499993 0.527416 -88
-0.0499993 0.527416 -88.8 -0.0499993 0.527416 -89.6 -0.0499993 0.527416 -90.4 -0.0499993
0.527416 -91.2 -0.0499993 0.527416 -92 -0.0499993 0.527416 -92.8 -0.0499993 0.527416
-93.6 -0.0499993 0.527416 -94.4 -0.0499993 0.527416 -95.2 -0.0499992 0.527416 -96
-0.0499992 0.527416 -96.8 -0.0499992 0.527416 -97.6 -0.0499992 0.527416 -98.4 -0.0499992
0.527416 -99.2 -0.0499991 0.527416 -100 -0.0499991 0.527416 -1.001 -0.05 0.580047
-1.6008 -0.05 0.580047 -2.2006 -0.05 0.580047 -2.8004 -0.05 0.580047 -3.4002
-0.05 0.580047 -4 -0.05 0.580047 -4.8 -0.05 0.580047 -5.6 -0.05
0.580047 -6.4 -0.05 0.580047 -7.2 -0.05 0.580047 -8 -0.05 0.580047
-8.8 -0.05 0.580047 -9.6 -0.05 0.580047 -10.4 -0.05 0.580047 -11.2
-0.05 0.580047 -12 -0.05 0.580047 -12.8 -0.05 0.580047 -13.6 -0.05
0.580047 -14.4 -0.05 0.580047 -15.2 -0.05 0.580047 -16 -0.05 0.580047
-16.8 -0.05 0.580047 -17.6 -0.05 0.580047 -18.4 -0.0499999 0.580047 -19.2
-0.0499999 0.580047 -20 -0.0499999 0.580047 -20.8 -0.0499999 0.580047 -21.6 -0.0499999
0.580047 -22.4 -0.0499999 0.580047 -23.2 -0.0499999 0.580047 -24 -0.0499999 0.580047
-24.8 -0.0499999 0.580047 -25.6 -0.0499999 0.580047 -26.4 -0.0499999 0.580047 -27.2
-0.0499999 0.580047 -28 -0.0499999 0.580047 -28.8 -0.0499999 0.580047 -29.6 -0.0499999
0.580047 -30.4 -0.0499998 0.580047 -31.2 -0.0499998 0.580047 -32 -0.0499998 0.580047
-32.8 -0.0499998 0.580047 -33.6 -0.0499998 0.580047 -34.4 -0.0499998 0.580047 -35.2
-0.0499998 0.580047 -36 -0.0499998 0.580047 -36.8 -0.0499998 0.580047 -37.6 -0.0499998
0.580047 -38.4 -0.0499998 0.580047 -39.2 -0.0499998 0.580047 -40 -0.0499998 0.580047
-40.8 -0.0499997 0.580047 -41.6 -0.0499997 0.580047 -42.4 -0.0499997 0.580047 -43.2
-0.0499997 0.580047 -44 -0.0499997 0.580047 -44.8 -0.0499997 0.580047 -45.6 -0.0499997
0.580047 -46.4 -0.0499997 0.580047 -47.2 -0.0499997 0.580047 -48 -0.0499997 0.580047
-48.8 -0.0499997 0.580047 -49.6 -0.0499997 0.580047 -50.4 -0.0499997 0.580047 -51.2
-0.0499997 0.580047 -52 -0.0499996 0.580047 -52.8 -0.0499996 0.580047 -53.6 -0.0499996
0.580047 -54.4 -0.0499996 0.580047 -55.2 -0.0499996 0.580047 -56 -0.0499996 0.580047
-56.8 -0.0499996 0.580047 -57.6 -0.0499996 0.580047 -58.4 -0.0499996 0.580047 -59.2
-0.0499996 0.580047 -60 -0.0499996 0.580047 -60.8 -0.0499996 0.580047 -61.6 -0.0499995
0.580047 -62.4 -0.0499995 0.580047 -63.2 -0.0499995 0.580047 -64 -0.0499995 0.580047
-64.8 -0.0499995 0.580047 -65.6 -0.0499995 0.580047 -66.4 -0.0499995 0.580047 -67.2
-0.0499995 0.580047 -68 -0.0499995 0.580047 -68.8 -0.0499995 0.580047 -69.6 -0.0499995
0.580047 -70.4 -0.0499995 0.580047 -71.2 -0.0499994 0.580047 -72 -0.0499994 0.580047
-72.8 -0.0499994 0.580047 -73.6 -0.0499994 0.580047 -74.4 -0.0499994 0.580047 -75.2
-0.0499994 0.580047 -76 -0.0499994 0.580047 -76.8 -0.0499994 0.580047 -77.6 -0.0499994
0.580047 -78.4 -0.0499994 0.580047 -79.2 -0.0499994 0.580047 -80 -0.0499994 0.580047
-80.8 -0.0499993 0.580047 -81.6 -0.0499993 0.580047 -82.4 -0.0499993 0.580047 -83.2
-0.0499993 0.580047 -84 -0.0499993 0.580047 -84.8 -0.0499993 0.580047 -85.6 -0.0499993
0.580047 -86.4 -0.0499993 0.580047 -87.2 -0.0499993 0.580047 -88 -0.0499993 0.580047
-88.8 -0.0499993 0.580047 -89.6 -0.0499992 0.580047 -90.4 -0.0499992 0.580047 -91.2
-0.0499992 0.580047 -92 -0.0499992 0.580047 -92.8 -0.0499992 0.580047 -93.6 -0.0499992
0.580047 -94.4 -0.0499992 0.580047 -95.2 -0.0499992 0.580047 -96 -0.0499992 0.580047
-96.8 -0.0499992 0.580047 -97.6 -0.0499991 0.580047 -98.4 -0.0499991 0.580047 -99.2
-0.0499991 0.580047 -100 -0.049999 0.580047 -1.001 -0.05 0.632679 -1.6008 -0.05
0.632679 -2.2006 -0.05 0.632679 -2.8004 -0.05 0.632679 -3.4002 -0.05 0.632679
-4 -0.05 0.632679 -4.8 -0.05 0.632679 -5.6 -0.05 0.632679 -6.4
-0.05 0.632679 -7.2 -0.05 0.632679 -8 -0.05 0.632679 -8.8 -0.05
0.632679 -9.6 -0.05 0.632679 -10.4 -0.05 0.632679 -11.2 -0.05 0.632679
-12 -0.05 0.632679 -12.8 -0.05 0.632679 -13.6 -0.05 0.632679 -14.4
-0.05 0.632679 -15.2 -0.05 0.632679 -16 -0.05 0.632679 -16.8 -0.05
0.632679 -17.6 -0.0499999 0.632679 -18.4 -0.0499999 0.632679 -19.2 -0.0499999 0.632679
-20 -0.0499999 0.632679 -20.8 -0.0499999 0.632679 -21.6 -0.0499999 0.632679 -22.4
-0.0499999 0.632679 -23.2 -0.0499999 0.632679 -24 -0.0499999 0.632679 -24.8 -0.0499999
0.632679 -25.6 -0.0499999 0.632679 -26.4 -0.0499999 0.632679 -27.2 -0.0499999 0.632679
-28 -0.0499999 0.632679 -28.8 -0.0499999 0.632679 -29.6 -0.0499998 0.632679 -30.4
-0.0499998 0.632679 -31.2 -0.0499998 0.632679 -32 -0.0499998 0.632679 -32.8 -0.0499998
0.632679 -33.6 -0.0499998 0.632679 -34.4 -0.0499998 0.632679 -35.2 -0.0499998 0.632679
-36 -0.0499998 0.632679 -36.8 -0.0499998 0.632679 -37.6 -0.0499998 0.632679 -38.4
-0.0499998 0.632679 -39.2 -0.0499997 0.632679 -40 -0.0499997 0.632679 -40.8 -0.0499997
0.632679 -41.6 -0.0499997 0.632679 -42.4 -0.0499997 0.632679 -43.2 -0.0499997 0.632679
-44 -0.0499997 0.632679 -44.8 -0.0499997 0.632679 -45.6 -0.0499997 0.632679 -46.4
-0.0499997 0.632679 -47.2 -0.0499997 0.632679 -48 -0.0499997 0.632679 -48.8 -0.0499996
0.632679 -49.6 -0.0499996 0.632679 -50.4 -0.0499996 0.632679 -51.2 -0.0499996 0.632679
-52 -0.0499996 0.632679 -52.8 -0.0499996 0.632679 -53.6 -0.0499996 0.632679 -54.4
-0.0499996 0.632679 -55.2 -0.0499996 0.632679 -56 -0.0499996 0.632679 -56.8 -0.0499996
0.632679 -57.6 -0.0499996 0.632679 -58.4 -0.0499995 0.632679 -59.2 -0.0499995 0.632679
-60 -0.0499995 0.632679 -60.8 -0.0499995 0.632679 -61.6 -0.0499995 0.632679 -62.4
-0.0499995 0.632679 -63.2 -0.0499995 0.632679 -64 -0.0499995 0.632679 -64.8 -0.0499995
0.632679 -65.6 -0.0499995 0.632679 -66.4 -0.0499995 0.632679 -67.2 -0.0499994 0.632679
-68 -0.0499994 0.632679 -68.8 -0.0499994 0.632679 -69.6 -0.0499994 0.632679 -70.4
-0.0499994 0.632679 -71.2 -0.0499994 0.632679 -72 -0.0499994 0.632679 -72.8 -0.0499994
0.632679 -73.6 -0.0499994 0.632679 -74.4 -0.0499994 0.632679 -75.2 -0.0499994 0.632679
-76 -0.0499993 0.632679 -76.8 -0.0499993 0.632679 -77.6 -0.0499993 0.632679 -78.4
-0.0499993 0.632679 -79.2 -0.0499993 0.632679 -80 -0.0499993 0.632679 -80.8 -0.0499993
0.632679 -81.6 -0.0499993 0.632679 -82.4 -0.0499993 0.632679 -83.2 -0.0499993 0.632679
-84 -0.0499993 0.632679 -84.8 -0.0499992 0.632679 -85.6 -0.0499992 0.632679 -86.4
-0.0499992 0.632679 -87.2 -0.0499992 0.632679 -88 -0.0499992 0.632679 -88.8 -0.0499992
0.632679 -89.6 -0.0499992 0.632679 -90.4 -0.0499992 0.632679 -91.2 -0.0499992 0.632679
-92 -0.0499992 0.632679 -92.8 -0.0499991 0.632679 -93.6 -0.0499991 0.632679 -94.4
-0.0499991 0.632679 -95.2 -0.0499991 0.632679 -96 -0.0499991 0.632679 -96.8 -0.0499991
0.632679 -97.6 -0.0499991 0.632679 -98.4 -0.049999 0.632679 -99.2 -0.049999 0.632679
-100 -0.0499989 0.632679 -1.001 -0.05 0.685311 -1.6008 -0.05 0.685311 -2.2006
-0.05 0.685311 -2.8004 -0.05 0.685311 -3.4002 -0.05 0.685311 -4 -0.05
0.685311 -4.8 -0.05 0.685311 -5.6 -0.05 0.685311 -6.4 -0.05 0.685311
-7.2 -0.05 0.685311 -8 -0.05 0.685311 -8.8 -0.05 0.685311 -9.6
-0.05 0.685311 -10.4 -0.05 0.685311 -11.2 -0.05 0.685311 -12 -0.05
0.685311 -12.8 -0.05 0.685311 -13.6 -0.05 0.685311 -14.4 -0.05 0.685311
-15.2 -0.05 0.685311 -16 -0.05 0.685311 -16.8 -0.05 0.685311 -17.6
-0.0499999 0.685311 -18.4 -0.0499999 0.685311 -19.2 -0.0499999 0.685311 -20 -0.0499999
0.685311 -20.8 -0.0499999 0.685311 -21.6 -0.0499999 0.685311 -22.4 -0.0499999 0.685311
-23.2 -0.0499999 0.685311 -24 -0.0499999 0.685311 -24.8 -0.0499999 0.685311 -25.6
-0.0499999 0.685311 -26.4 -0.0499999 0.685311 -27.2 -0.0499999 0.685311 -28 -0.0499998
0.685311 -28.8 -0.0499998 0.685311 -29.6 -0.0499998 0.685311 -30.4 -0.0499998 0.685311
-31.2 -0.0499998 0.685311 -32 -0.0499998 0.685311 -32.8 -0.0499998 0.685311 -33.6
-0.0499998 0.685311 -34.4 -0.0499998 0.685311 -35.2 -0.0499998 0.685311 -36 -0.0499998
0.685311 -36.8 -0.0499998 0.685311 -37.6 -0.0499997 0.685311 -38.4 -0.0499997 0.685311
-39.2 -0.0499997 0.685311 -40 -0.0499997 0.685311 -40.8 -0.0499997 0.685311 -41.6
-0.0499997 0.685311 -42.4 -0.0499997 0.685311 -43.2 -0.0499997 0.685311 -44 -0.0499997
0.685311 -44.8 -0.0499997 0.685311 -45.6 -0.0499997 0.685311 -46.4 -0.0499996 0.685311
-47.2 -0.0499996 0.685311 -48 -0.0499996 0.685311 -48.8 -0.0499996 0.685311 -49.6
-0.0499996 0.685311 -50.4 -0.0499996 0.685311 -51.2 -0.0499996 0.685311 -52 -0.0499996
0.685311 -52.8 -0.0499996 0.685311 -53.6 -0.0499996 0.685311 -54.4 -0.0499996 0.685311
-55.2 -0.0499995 0.685311 -56 -0.0499995 0.685311 -56.8 -0.0499995 0.685311 -57.6
-0.0499995 0.685311 -58.4 -0.0499995 0.685311 -59.2 -0.0499995 0.685311 -60 -0.0499995
0.685311 -60.8 -0.0499995 0.685311 -61.6 -0.0499995 0.685311 -62.4 -0.0499995 0.685311
-63.2 -0.0499995 0.685311 -64 -0.0499994 0.685311 -64.8 -0.0499994 0.685311 -65.6
-0.0499994 0.685311 -66.4 -0.0499994 0.68531 -67.2 -0.0499994 0.68531 -68 -0.0499994
0.68531 -68.8 -0.0499994 0.68531 -69.6 -0.0499994 0.68531 -70.4 -0.0499994 0.68531
-71.2 -0.0499994 0.68531 -72 -0.0499993 0.68531 -72.8 -0.0499993 0.68531 -73.6
-0.0499993 0.68531 -74.4 -0.0499993 0.68531 -75.2 -0.0499993 0.68531 -76 -0.0499993
0.68531 -76.8 -0.0499993 0.68531 -77.6 -0.0499993 0.68531 -78.4 -0.0499993 0.68531
-79.2 -0.0499993 0.68531 -80 -0.0499993 0.68531 -80.8 -0.0499992 0.68531 -81.6
-0.0499992 0.68531 -82.4 -0.0499992 0.68531 -83.2 -0.0499992 0.68531 -84 -0.0499992
0.68531 -84.8 -0.0499992 0.68531 -85.6 -0.0499992 0.68531 -86.4 -0.0499992 0.68531
-87.2 -0.0499992 0.68531 -88 -0.0499991 0.68531 -88.8 -0.0499991 0.68531 -89.6
-0.0499991 0.68531 -90.4 -0.0499991 0.68531 -91.2 -0.0499991 0.68531 -92 -0.0499991
0.68531 -92.8 -0.0499991 0.68531 -93.6 -0.0499991 0.68531 -94.4 -0.0499991 0.68531
-95.2 -0.049999 0.68531 -96 -0.049999 0.68531 -96.8 -0.049999 0.68531 -97.6
-0.049999 0.68531 -98.4 -0.049999 0.68531 -99.2 -0.0499989 0.68531 -100 -0.0499989
0.68531 -1.001 -0.05 0.737942 -1.6008 -0.05 0.737942 -2.2006 -0.05 0.737942
-2.8004 -0.05 0.737942 -3.4002 -0.05 0.737942 -4 -0.05 0.737942 -4.8
-0.05 0.737942 -5.6 -0.05 0.737942 -6.4 -0.05 0.737942 -7.2 -0.05
0.737942 -8 -0.05 0.737942 -8.8 -0.05 0.737942 -9.6 -0.05 0.737942
-10.4 -0.05 0.737942 -11.2 -0.05 0.737942 -12 -0.05 0.737942 -12.8
-0.05 0.737942 -13.6 -0.05 0.737942 -14.4 -0.05 0.737942 -15.2 -0.05
0.737942 -16 -0.05 0.737942 -16.8 -0.0499999 0.737942 -17.6 -0.0499999 0.737942
-18.4 -0.0499999 0.737942 -19.2 -0.0499999 0.737942 -20 -0.0499999 0.737942 -20.8
-0.0499999 0.737942 -21.6 -0.0499999 0.737942 -22.4 -0.0499999 0.737942 -23.2 -0.0499999
0.737942 -24 -0.0499999 0.737942 -24.8 -0.0499999 0.737942 -25.6 -0.0499999 0.737942
-26.4 -0.0499999 0.737942 -27.2 -0.0499998 0.737942 -28 -0.0499998 0.737942 -28.8
-0.0499998 0.737942 -29.6 -0.0499998 0.737942 -30.4 -0.0499998 0.737942 -31.2 -0.0499998
0.737942 -32 -0.0499998 0.737942 -32.8 -0.0499998 0.737942 -33.6 -0.0499998 0.737942
-34.4 -0.0499998 0.737942 -35.2 -0.0499998 0.737942 -36 -0.0499997 0.737942 -36.8
-0.0499997 0.737942 -37.6 -0.0499997 0.737942 -38.4 -0.0499997 0.737942 -39.2 -0.0499997
0.737942 -40 -0.0499997 0.737942 -40.8 -0.0499997 0.737942 -41.6 -0.0499997 0.737942
-42.4 -0.0499997 0.737942 -43.2 -0.0499997 0.737942 -44 -0.0499996 0.737942 -44.8
-0.0499996 0.737942 -45.6 -0.0499996 0.737942 -46.4 -0.0499996 0.737942 -47.2 -0.0499996
0.737942 -48 -0.0499996 0.737942 -48.8 -0.0499996 0.737942 -49.6 -0.0499996 0.737942
-50.4 -0.0499996 0.737942 -51.2 -0.0499996 0.737942 -52 -0.0499996 0.737942 -52.8
-0.0499995 0.737942 -53.6 -0.0499995 0.737942 -54.4 -0.0499995 0.737942 -55.2 -0.0499995
0.737942 -56 -0.0499995 0.737942 -56.8 -0.0499995 0.737942 -57.6 -0.0499995 0.737942
-58.4 -0.0499995 0.737942 -59.2 -0.0499995 0.737942 -60 -0.0499995 0.737942 -60.8
-0.0499994 0.737942 -61.6 -0.0499994 0.737942 -62.4 -0.0499994 0.737942 -63.2 -0.0499994
0.737942 -64 -0.0499994 0.737942 -64.8 -0.0499994 0.737942 -65.6 -0.0499994 0.737942
-66.4 -0.0499994 0.737942 -67.2 -0.0499994 0.737942 -68 -0.0499993 0.737942 -68.8
-0.0499993 0.737942 -69.6 -0.0499993 0.737942 -70.4 -0.0499993 0.737942 -71.2 -0.0499993
0.737942 -72 -0.0499993 0.737942 -72.8 -0.0499993 0.737942 -73.6 -0.0499993 0.737942
-74.4 -0.0499993 0.737942 -75.2 -0.0499993 0.737942 -76 -0.0499992 0.737942 -76.8
-0.0499992 0.737942 -77.6 -0.0499992 0.737942 -78.4 -0.0499992 0.737942 -79.2 -0.0499992
0.737942 -80 -0.0499992 0.737942 -80.8 -0.0499992 0.737942 -81.6 -0.0499992 0.737942
-82.4 -0.0499992 0.737942 -83.2 -0.0499992 0.737942 -84 -0.0499991 0.737942 -84.8
-0.0499991 0.737942 -85.6 -0.0499991 0.737942 -86.4 -0.0499991 0.737942 -87.2 -0.0499991
0.737942 -88 -0.0499991 0.737942 -88.8 -0.0499991 0.737942 -89.6 -0.0499991 0.737942
-90.4 -0.0499991 0.737942 -91.2 -0.049999 0.737942 -92 -0.049999 0.737942 -92.8
-0.049999 0.737942 -93.6 -0.049999 0.737942 -94.4 -0.049999 0.737942 -95.2 -0.049999
0.737942 -96 -0.049999 0.737942 -96.8 -0.0499989 0.737942 -97.6 -0.0499989 0.737942
-98.4 -0.0499989 0.737942 -99.2 -0.0499988 0.737942 -100 -0.0499988 0.737942 -1.001
-0.05 0.790574 -1.6008 -0.05 0.790574 -2.2006 -0.05 0.790574 -2.8004 -0.05
0.790574 -3.4002 -0.05 0.790574 -4 -0.05 0.790574 -4.8 -0.05 0.790574
-5.6 -0.05 0.790574 -6.4 -0.05 0.790574 -7.2 -0.05 0.790574 -8
-0.05 0.790574 -8.8 -0.05 0.790574 -9.6 -0.05 0.790574 -10.4 -0.05
0.790574 -11.2 -0.05 0.790574 -12 -0.05 0.790574 -12.8 -0.05 0.790574
-13.6 -0.05 0.790574 -14.4 -0.05 0.790574 -15.2 -0.05 0.790574 -16
-0.05 0.790574 -16.8 -0.0499999 0.790574 -17.6 -0.0499999 0.790574 -18.4 -0.0499999
0.790574 -19.2 -0.0499999 0.790574 -20 -0.0499999 0.790574 -20.8 -0.0499999 0.790574
-21.6 -0.0499999 0.790574 -22.4 -0.0499999 0.790574 -23.2 -0.0499999 0.790574 -24
-0.0499999 0.790574 -24.8 -0.0499999 0.790574 -25.6 -0.0499999 0.790574 -26.4 -0.0499998
0.790574 -27.2 -0.0499998 0.790574 -28 -0.0499998 0.790574 -28.8 -0.0499998 0.790574
-29.6 -0.0499998 0.790574 -30.4 -0.0499998 0.790574 -31.2 -0.0499998 0.790574 -32
-0.0499998 0.790574 -32.8 -0.0499998 0.790574 -33.6 -0.0499998 0.790574 -34.4 -0.0499997
0.790574 -35.2 -0.0499997 0.790574 -36 -0.0499997 0.790574 -36.8 -0.0499997 0.790574
-37.6 -0.0499997 0.790574 -38.4 -0.0499997 0.790574 -39.2 -0.0499997 0.790574 -40
-0.0499997 0.790574 -40.8 -0.0499997 0.790574 -41.6 -0.0499997 0.790574 -42.4 -0.0499996
0.790574 -43.2 -0.0499996 0.790574 -44 -0.0499996 0.790574 -44.8 -0.0499996 0.790574
-45.6 -0.0499996 0.790574 -46.4 -0.0499996 0.790574 -47.2 -0.0499996 0.790574 -48
-0.0499996 0.790574 -48.8 -0.0499996 0.790574 -49.6 -0.0499996 0.790574 -50.4 -0.0499995
0.790574 -51.2 -0.0499995 0.790574 -52 -0.0499995 0.790574 -52.8 -0.0499995 0.790574
-53.6 -0.0499995 0.790574 -54.4 -0.0499995 0.790574 -55.2 -0.0499995 0.790574 -56
-0.0499995 0.790574 -56.8 -0.0499995 0.790574 -57.6 -0.0499995 0.790574 -58.4 -0.0499994
0.790574 -59.2 -0.0499994 0.790574 -60 -0.0499994 0.790574 -60.8 -0.0499994 0.790574
-61.6 -0.0499994 0.790574 -62.4 -0.0499994 0.790574 -63.2 -0.0499994 0.790574 -64
-0.0499994 0.790574 -64.8 -0.0499994 0.790574 -65.6 -0.0499993 0.790574 -66.4 -0.0499993
0.790574 -67.2 -0.0499993 0.790574 -68 -0.0499993 0.790574 -68.8 -0.0499993 0.790574
-69.6 -0.0499993 0.790574 -70.4 -0.0499993 0.790574 -71.2 -0.0499993 0.790574 -72
-0.0499993 0.790574 -72.8 -0.0499992 0.790574 -73.6 -0.0499992 0.790574 -74.4 -0.0499992
0.790574 -75.2 -0.0499992 0.790574 -76 -0.0499992 0.790574 -76.8 -0.0499992 0.790574
-77.6 -0.0499992 0.790574 -78.4 -0.0499992 0.790574 -79.2 -0.0499992 0.790574 -80
-0.0499991 0.790574 -80.8 -0.0499991 0.790574 -81.6 -0.0499991 0.790574 -82.4 -0.0499991
0.790574 -83.2 -0.0499991 0.790574 -84 -0.0499991 0.790574 -84.8 -0.0499991 0.790574
-85.6 -0.0499991 0.790574 -86.4 -0.0499991 0.790574 -87.2 -0.049999 0.790574 -88
-0.049999 0.790574 -88.8 -0.049999 0.790574 -89.6 -0.049999 0.790574 -90.4 -0.049999
0.790574 -91.2 -0.049999 0.790574 -92 -0.049999 0.790574 -92.8 -0.0499989 0.790574
-93.6 -0.0499989 0.790574 -94.4 -0.0499989 0.790574 -95.2 -0.0499989 0.790574 -96
-0.0499989 0.790574 -96.8 -0.0499989 0.790574 -97.6 -0.0499988 0.790574 -98.4 -0.0499988
0.790574 -99.2 -0.0499988 0.790574 -100 -0.0499987 0.790574 -1.001 -0.05 0.843205
-1.6008 -0.05 0.843205 -2.2006 -0.05 0.843205 -2.8004 -0.05 0.843205 -3.4002
-0.05 0.843205 -4 -0.05 0.843205 -4.8 -0.05 0.843205 -5.6 -0.05
0.843205 -6.4 -0.05 0.843205 -7.2 -0.05 0.843205 -8 -0.05 0.843205
-8.8 -0.05 0.843205 -9.6 -0.05 0.843205 -10.4 -0.05 0.843205 -11.2
-0.05 0.843205 -12 -0.05 0.843205 -12.8 -0.05 0.843205 -13.6 -0.05
0.843205 -14.4 -0.05 0.843205 -15.2 -0.05 0.843205 -16 -0.0499999 0.843205
-16.8 -0.0499999 0.843205 -17.6 -0.0499999 0.843205 -18.4 -0.0499999 0.843205 -19.2
-0.0499999 0.843205 -20 -0.0499999 0.843205 -20.8 -0.0499999 0.843205 -21.6 -0.0499999
0.843205 -22.4 -0.0499999 0.843205 -23.2 -0.0499999 0.843205 -24 -0.0499999 0.843205
-24.8 -0.0499999 0.843205 -25.6 -0.0499998 0.843205 -26.4 -0.0499998 0.843205 -27.2
-0.0499998 0.843205 -28 -0.0499998 0.843205 -28.8 -0.0499998 0.843205 -29.6 -0.0499998
0.843205 -30.4 -0.0499998 0.843205 -31.2 -0.0499998 0.843205 -32 -0.0499998 0.843205
-32.8 -0.0499998 0.843205 -33.6 -0.0499997 0.843205 -34.4 -0.0499997 0.843205 -35.2
-0.0499997 0.843205 -36 -0.0499997 0.843205 -36.8 -0.0499997 0.843205 -37.6 -0.0499997
0.843205 -38.4 -0.0499997 0.843205 -39.2 -0.0499997 0.843205 -40 -0.0499997 0.843205
-40.8 -0.0499996 0.843205 -41.6 -0.0499996 0.843205 -42.4 -0.0499996 0.843205 -43.2
-0.0499996 0.843205 -44 -0.0499996 0.843205 -44.8 -0.0499996 0.843205 -45.6 -0.0499996
0.843205 -46.4 -0.0499996 0.843205 -47.2 -0.0499996 0.843205 -48 -0.0499995 0.843205
-48.8 -0.0499995 0.843205 -49.6 -0.0499995 0.843205 -50.4 -0.0499995 0.843205 -51.2
-0.0499995 0.843205 -52 -0.0499995 0.843205 -52.8 -0.0499995 0.843205 -53.6 -0.0499995
0.843205 -54.4 -0.0499995 0.843205 -55.2 -0.0499994 0.843205 -56 -0.0499994 0.843205
-56.8 -0.0499994 0.843205 -57.6 -0.0499994 0.843205 -58.4 -0.0499994 0.843205 -59.2
-0.0499994 0.843205 -60 -0.0499994 0.843205 -60.8 -0.0499994 0.843205 -61.6 -0.0499994
0.843205 -62.4 -0.0499993 0.843205 -63.2 -0.0499993 0.843205 -64 -0.0499993 0.843205
-64.8 -0.0499993 0.843205 -65.6 -0.0499993 0.843205 -66.4 -0.0499993 0.843205 -67.2
-0.0499993 0.843205 -68 -0.0499993 0.843205 -68.8 -0.0499993 0.843205 -69.6 -0.0499992
0.843205 -70.4 -0.0499992 0.843205 -71.2 -0.0499992 0.843205 -72 -0.0499992 0.843205
-72.8 -0.0499992 0.843205 -73.6 -0.0499992 0.843205 -74.4 -0.0499992 0.843205 -75.2
-0.0499992 0.843205 -76 -0.0499991 0.843205 -76.8 -0.0499991 0.843205 -77.6 -0.0499991
0.843205 -78.4 -0.0499991 0.843205 -79.2 -0.0499991 0.843205 -80 -0.0499991 0.843205
-80.8 -0.0499991 0.843205 -81.6 -0.0499991 0.843205 -82.4 -0.0499991 0.843205 -83.2
-0.049999 0.843205 -84 -0.049999 0.843205 -84.8 -0.049999 0.843205 -85.6 -0.049999
0.843205 -86.4 -0.049999 0.843205 -87.2 -0.049999 0.843205 -88 -0.049999 0.843205
-88.8 -0.049999 0.843205 -89.6 -0.0499989 0.843205 -90.4 -0.0499989 0.843205 -91.2
-0.0499989 0.843205 -92 -0.0499989 0.843205 -92.8 -0.0499989 0.843205 -93.6 -0.0499989
0.843205 -94.4 -0.0499988 0.843205 -95.2 -0.0499988 0.843205 -96 -0.0499988 0.843205
-96.8 -0.0499988 0.843205 -97.6 -0.0499988 0.843205 -98.4 -0.0499987 0.843205 -99.2
-0.0499987 0.843205 -100 -0.0499986 0.843205 -1.001 -0.05 0.895837 -1.6008 -0.05
0.895837 -2.2006 -0.05 0.895837 -2.8004 -0.05 0.895837 -3.4002 -0.05 0.895837
-4 -0.05 0.895837 -4.8 -0.05 0.895837 -5.6 -0.05 0.895837 -6.4
-0.05 0.895837 -7.2 -0.05 0.895837 -8 -0.05 0.895837 -8.8 -0.05
0.895837 -9.6 -0.05 0.895837 -10.4 -0.05 0.895837 -11.2 -0.05 0.895837
-12 -0.05 0.895837 -12.8 -0.05 0.895837 -13.6 -0.05 0.895837 -14.4
-0.05 0.895837 -15.2 -0.05 0.895837 -16 -0.0499999 0.895837 -16.8 -0.0499999
0.895837 -17.6 -0.0499999 0.895837 -18.4 -0.0499999 0.895837 -19.2 -0.0499999 0.895837
-20 -0.0499999 0.895837 -20.8 -0.0499999 0.895837 -21.6 -0.0499999 0.895837 -22.4
-0.0499999 0.895837 -23.2 -0.0499999 0.895837 -24 -0.0499999 0.895837 -24.8 -0.0499998
0.895837 -25.6 -0.0499998 0.895837 -26.4 -0.0499998 0.895837 -27.2 -0.0499998 0.895837
-28 -0.0499998 0.895837 -28.8 -0.0499998 0.895837 -29.6 -0.0499998 0.895837 -30.4
-0.0499998 0.895837 -31.2 -0.0499998 0.895837 -32 -0.0499997 0.895837 -32.8 -0.0499997
0.895837 -33.6 -0.0499997 0.895837 -34.4 -0.0499997 0.895837 -35.2 -0.0499997 0.895837
-36 -0.0499997 0.895837 -36.8 -0.0499997 0.895837 -37.6 -0.0499997 0.895837 -38.4
-0.0499997 0.895837 -39.2 -0.0499996 0.895837 -40 -0.0499996 0.895837 -40.8 -0.0499996
0.895837 -41.6 -0.0499996 0.895837 -42.4 -0.0499996 0.895837 -43.2 -0.0499996 0.895837
-44 -0.0499996 0.895837 -44.8 -0.0499996 0.895837 -45.6 -0.0499996 0.895837 -46.4
-0.0499995 0.895837 -47.2 -0.0499995 0.895837 -48 -0.0499995 0.895837 -48.8 -0.0499995
0.895837 -49.6 -0.0499995 0.895837 -50.4 -0.0499995 0.895837 -51.2 -0.0499995 0.895837
-52 -0.0499995 0.895837 -52.8 -0.0499995 0.895837 -53.6 -0.0499994 0.895837 -54.4
-0.0499994 0.895837 -55.2 -0.0499994 0.895837 -56 -0.0499994 0.895837 -56.8 -0.0499994
0.895837 -57.6 -0.0499994 0.895837 -58.4 -0.0499994 0.895837 -59.2 -0.0499994 0.895837
-60 -0.0499993 0.895837 -60.8 -0.0499993 0.895837 -61.6 -0.0499993 0.895837 -62.4
-0.0499993 0.895837 -63.2 -0.0499993 0.895837 -64 -0.0499993 0.895837 -64.8 -0.0499993
0.895837 -65.6 -0.0499993 0.895837 -66.4 -0.0499992 0.895837 -67.2 -0.0499992 0.895837
-68 -0.0499992 0.895837 -68.8 -0.0499992 0.895837 -69.6 -0.0499992 0.895837 -70.4
-0.0499992 0.895837 -71.2 -0.0499992 0.895837 -72 -0.0499992 0.895837 -72.8 -0.0499991
0.895837 -73.6 -0.0499991 0.895837 -74.4 -0.0499991 0.895837 -75.2 -0.0499991 0.895837
-76 -0.0499991 0.895837 -76.8 -0.0499991 0.895837 -77.6 -0.0499991 0.895837 -78.4
-0.0499991 0.895837 -79.2 -0.0499991 0.895837 -80 -0.049999 0.895837 -80.8 -0.049999
0.895837 -81.6 -0.049999 0.895837 -82.4 -0.049999 0.895837 -83.2 -0.049999 0.895837
-84 -0.049999 0.895837 -84.8 -0.049999 0.895837 -85.6 -0.049999 0.895837 -86.4
-0.0499989 0.895837 -87.2 -0.0499989 0.895837 -88 -0.0499989 0.895837 -88.8 -0.0499989
0.895837 -89.6 -0.0499989 0.895837 -90.4 -0.0499989 0.895837 -91.2 -0.0499988 0.895837
-92 -0.0499988 0.895837 -92.8 -0.0499988 0.895837 -93.6 -0.0499988 0.895837 -94.4
-0.0499988 0.895837 -95.2 -0.0499988 0.895837 -96 -0.0499987 0.895837 -96.8 -0.0499987
0.895837 -97.6 -0.0499987 0.895837 -98.4 -0.0499987 0.895837 -99.2 -0.0499986 0.895837
-100 -0.0499986 0.895837 -1.001 -0.05 0.948468 -1.6008 -0.05 0.948468 -2.2006
-0.05 0.948468 -2.8004 -0.05 0.948468 -3.4002 -0.05 0.948468 -4 -0.05
0.948468 -4.8 -0.05 0.948468 -5.6 -0.05 0.948468 -6.4 -0.05 0.948468
-7.2 -0.05 0.948468 -8 -0.05 0.948468 -8.8 -0.05 0.948468 -9.6
-0.05 0.948468 -10.4 -0.05 0.948468 -11.2 -0.05 0.948468 -12 -0.05
0.948468 -12.8 -0.05 0.948468 -13.6 -0.05 0.948468 -14.4 -0.05 0.948468
-15.2 -0.0499999 0.948468 -16 -0.0499999 0.948468 -16.8 -0.0499999 0.948468 -17.6
-0.0499999 0.948468 -18.4 -0.0499999 0.948468 -19.2 -0.0499999 0.948468 -20 -0.0499999
0.948468 -20.8 -0.0499999 0.948468 -21.6 -0.0499999 0.948468 -22.4 -0.0499999 0.948468
-23.2 -0.0499999 0.948468 -24 -0.0499998 0.948468 -24.8 -0.0499998 0.948468 -25.6
-0.0499998 0.948468 -26.4 -0.0499998 0.948468 -27.2 -0.0499998 0.948468 -28 -0.0499998
0.948468 -28.8 -0.0499998 0.948468 -29.6 -0.0499998 0.948468 -30.4 -0.0499998 0.948468
-31.2 -0.0499997 0.948468 -32 -0.0499997 0.948468 -32.8 -0.0499997 0.948468 -33.6
-0.0499997 0.948468 -34.4 -0.0499997 0.948468 -35.2 -0.0499997 0.948468 -36 -0.0499997
0.948468 -36.8 -0.0499997 0.948468 -37.6 -0.0499997 0.948468 -38.4 -0.0499996 0.948468
-39.2 -0.0499996 0.948468 -40 -0.0499996 0.948468 -40.8 -0.0499996 0.948468 -41.6
-0.0499996 0.948468 -42.4 -0.0499996 0.948468 -43.2 -0.0499996 0.948468 -44 -0.0499995
0.948468 -44.8 -0.0499995 0.948468 -45.6 -0.0499995 0.948468 -46.4 -0.0499995 0.948468
-47.2 -0.0499995 0.948468 -48 -0.0499995 0.948468 -48.8 -0.0499995 0.948468 -49.6
-0.0499995 0.948468 -50.4 -0.0499995 0.948468 -51.2 -0.0499994 0.948468 -52 -0.0499994
0.948468 -52.8 -0.0499994 0.948468 -53.6 -0.0499994 0.948468 -54.4 -0.0499994 0.948468
-55.2 -0.0499994 0.948468 -56 -0.0499994 0.948468 -56.8 -0.0499994 0.948468 -57.6
-0.0499993 0.948468 -58.4 -0.0499993 0.948468 -59.2 -0.0499993 0.948468 -60 -0.0499993
0.948468 -60.8 -0.0499993 0.948468 -61.6 -0.0499993 0.948468 -62.4 -0.0499993 0.948468
-63.2 -0.0499993 0.948468 -64 -0.0499992 0.948468 -64.8 -0.0499992 0.948468 -65.6
-0.0499992 0.948468 -66.4 -0.0499992 0.948468 -67.2 -0.0499992 0.948468 -68 -0.0499992
0.948468 -68.8 -0.0499992 0.948468 -69.6 -0.0499992 0.948468 -70.4 -0.0499991 0.948468
-71.2 -0.0499991 0.948468 -72 -0.0499991 0.948468 -72.8 -0.0499991 0.948468 -73.6
-0.0499991 0.948468 -74.4 -0.0499991 0.948468 -75.2 -0.0499991 0.948468 -76 -0.0499991
0.948468 -76.8 -0.049999 0.948468 -77.6 -0.049999 0.948468 -78.4 -0.049999 0.948468
-79.2 -0.049999 0.948468 -80 -0.049999 0.948468 -80.8 -0.049999 0.948468 -81.6
-0.049999 0.948468 -82.4 -0.0499989 0.948468 -83.2 -0.0499989 0.948468 -84 -0.0499989
0.948468 -84.8 -0.0499989 0.948468 -85.6 -0.0499989 0.948468 -86.4 -0.0499989 0.948468
-87.2 -0.0499989 0.948468 -88 -0.0499988 0.948468 -88.8 -0.0499988 0.948468 -89.6
-0.0499988 0.948468 -90.4 -0.0499988 0.948468 -91.2 -0.0499988 0.948468 -92 -0.0499988
0.948468 -92.8 -0.0499988 0.948468 -93.6 -0.0499987 0.948468 -94.4 -0.0499987 0.948468
-95.2 -0.0499987 0.948468 -96 -0.0499987 0.948468 -96.8 -0.0499987 0.948468 -97.6
-0.0499986 0.948468 -98.4 -0.0499986 0.948468 -99.2 -0.0499986 0.948468 -100 -0.0499985
0.948468 -1.001 -0.05 1.0011 -1.6008 -0.05 1.0011 -2.2006 -0.05 1.0011
-2.8004 -0.05 1.0011 -3.4002 -0.05 1.0011 -4 -0.05 1.0011 -4.8
-0.05 1.0011 -5.6 -0.05 1.0011 -6.4 -0.05 1.0011 -7.2 -0.05
1.0011 -8 -0.05 1.0011 -8.8 -0.05 1.0011 -9.6 -0.05 1.0011
-10.4 -0.05 1.0011 -11.2 -0.05 1.0011 -12 -0.05 1.0011 -12.8
-0.05 1.0011 -13.6 -0.05 1.0011 -14.4 -0.05 1.0011 -15.2 -0.0499999
1.0011 -16 -0.0499999 1.0011 -16.8 -0.0499999 1.0011 -17.6 -0.0499999 1.0011
-18.4 -0.0499999 1.0011 -19.2 -0.0499999 1.0011 -20 -0.0499999 1.0011 -20.8
-0.0499999 1.0011 -21.6 -0.0499999 1.0011 -22.4 -0.0499999 1.0011 -23.2 -0.0499999
1.0011 -24 -0.0499998 1.0011 -24.8 -0.0499998 1.0011 -25.6 -0.0499998 1.0011
-26.4 -0.0499998 1.0011 -27.2 -0.0499998 1.0011 -28 -0.0499998 1.0011 -28.8
-0.0499998 1.0011 -29.6 -0.0499998 1.0011 -30.4 -0.0499997 1.0011 -31.2 -0.0499997
1.0011 -32 -0.0499997 1.0011 -32.8 -0.0499997 1.0011 -33.6 -0.0499997 1.0011
-34.4 -0.0499997 1.0011 -35.2 -0.0499997 1.0011 -36 -0.0499997 1.0011 -36.8
-0.0499996 1.0011 -37.6 -0.0499996 1.0011 -38.4 -0.0499996 1.0011 -39.2 -0.0499996
1.0011 -40 -0.0499996 1.0011 -40.8 -0.0499996 1.0011 -41.6 -0.0499996 1.0011
-42.4 -0.0499996 1.0011 -43.2 -0.0499995 1.0011 -44 -0.0499995 1.0011 -44.8
-0.0499995 1.0011 -45.6 -0.0499995 1.0011 -46.4 -0.0499995 1.0011 -47.2 -0.0499995
1.0011 -48 -0.0499995 1.0011 -48.8 -0.0499995 1.0011 -49.6 -0.0499994 1.0011
-50.4 -0.0499994 1.0011 -51.2 -0.0499994 1.0011 -52 -0.0499994 1.0011 -52.8
-0.0499994 1.0011 -53.6 -0.0499994 1.0011 -54.4 -0.0499994 1.0011 -55.2 -0.0499994
1.0011 -56 -0.0499993 1.0011 -56.8 -0.0499993 1.0011 -57.6 -0.0499993 1.0011
-58.4 -0.0499993 1.0011 -59.2 -0.0499993 1.0011 -60 -0.0499993 1.0011 -60.8
-0.0499993 1.0011 -61.6 -0.0499992 1.0011 -62.4 -0.0499992 1.0011 -63.2 -0.0499992
1.0011 -64 -0.0499992 1.0011 -64.8 -0.0499992 1.0011 -65.6 -0.0499992 1.0011
-66.4 -0.0499992 1.0011 -67.2 -0.0499991 1.0011 -68 -0.0499991 1.0011 -68.8
-0.0499991 1.0011 -69.6 -0.0499991 1.0011 -70.4 -0.0499991 1.0011 -71.2 -0.0499991
1.0011 -72 -0.0499991 1.0011 -72.8 -0.0499991 1.0011 -73.6 -0.049999 1.0011
-74.4 -0.049999 1.0011 -75.2 -0.049999 1.0011 -76 -0.049999 1.0011 -76.8
-0.049999 1.0011 -77.6 -0.049999 1.0011 -78.4 -0.049999 1.0011 -79.2 -0.0499989
1.0011 -80 -0.0499989 1.0011 -80.8 -0.0499989 1.0011 -81.6 -0.0499989 1.0011
-82.4 -0.0499989 1.0011 -83.2 -0.0499989 1.0011 -84 -0.0499989 1.0011 -84.8
-0.0499988 1.0011 -85.6 -0.0499988 1.0011 -86.4 -0.0499988 1.0011 -87.2 -0.0499988
1.0011 -88 -0.0499988 1.0011 -88.8 -0.0499988 1.0011 -89.6 -0.0499988 1.0011
-90.4 -0.0499987 1.0011 -91.2 -0.0499987 1.0011 -92 -0.0499987 1.0011 -92.8
-0.0499987 1.0011 -93.6 -0.0499987 1.0011 -94.4 -0.0499986 1.0011 -95.2 -0.0499986
1.0011 -96 -0.0499986 1.0011 -96.8 -0.0499986 1.0011 -97.6 -0.0499986 1.0011
-98.4 -0.0499985 1.0011 -99.2 -0.0499985 1.0011 -100 -0.0499984 1.0011 
LINES 20 2540
126 0 1 2 3 4 5 6 7 8 9
10 11 12 13 14 15 16 17 18 19
20 21 22 23 24 25 26 27 28 29
30 31 32 33 34 35 36 37 38 39
40 41 42 43 44 45 46 47 48 49
50 51 52 53 54 55 56 57 58 59
60 61 62 63 64 65 66 67 68 69
70 71 72 73 74 75 76 77 78 79
80 81 82 83 84 85 86 87 88 89
90 91 92 93 94 95 96 97 98 99
100 101 102 103 104 105 106 107 108 109
110 111 112 113 114 115 116 117 118 119
120 121 122 123 124 125 126 126 127 128
129 130 131 132 133 134 135 136 137 138
139 140 141 142 143 144 145 146 147 148
149 150 151 152 153 154 155 156 157 158
159 160 161 162 163 164 165 166 167 168
169 170 171 172 173 174 175 176 177 178
179 180 181 182 183 184 185 186 187 188
189 190 191 192 193 194 195 196 197 198
199 200 201 202 203 204 205 206 207 208
209 210 211 212 213 214 215 216 217 218
219 220 221 222 223 224 225 226 227 228
229 230 231 232 233 234 235 236 237 238
239 240 241 242 243 244 245 246 247 248
249 250 251 126 252 253 254 255 256 257
258 259 260 261 262 263 264 265 266 267
268 269 270 271 272 273 274 275 276 277
278 279 280 281 282 283 284 285 286 287
288 289 290 291 292 293 294 295 296 297
298 299 300 301 302 303 304 305 306 307
308 309 310 311 312 313 314 315 316 317
318 319 320 321 322 323 324 325 326 327
328 329 330 331 332 333 334 335 336 337
338 339 340 341 342 343 344 345 346 347
348 349 350 351 352 353 354 355 356 357
358 359 360 361 362 363 364 365 366 367
368 369 370 371 372 373 374 375 376 377
126 378 379 380 381 382 383 384 385 386
387 388 389 390 391 392 393 394 395 396
397 398 399 400 401 402 403 404 405 406
407 408 409 410 411 412 413 414 415 416
417 418 419 420 421 422 423 424 425 426
427 428 429 430 431 432 433 434 435 436
437 438 439 440 441 442 443 444 445 446
447 448 449 450 451 452 453 454 455 456
457 458 459 460 461 462 463 464 465 466
467 468 469 470 471 472 473 474 475 476
477 478 479 480 481 482 483 484 485 486
487 488 489 490 491 492 493 494 495 496
497 498 499 500 501 502 503 126 504 505
506 507 508 509 510 511 512 513 514 515
516 517 518 519 520 521 522 523 524 525
526 527 528 529 530 531 532 533 534 535
536 537 538 539 540 541 542 543 544 545
546 547 548 549 550 551 552 553 554 555
556 557 558 559 560 561 562 563 564 565
566 567 568 569 570 571 572 573 574 575
576 577 578 579 580 581 582 583 584 585
586 587 588 589 590 591 592 593 594 595
596 597 598 599 600 601 602 603 604 605
606 607 608 609 610 611 612 613 614 615
616 617 618 619 620 621 622 623 624 625
626 627 628 629 126 630 631 632 633 634
635 636 637 638 639 640 641 642 643 644
645 646 647 648 649 650 651 652 653 654
655 656 657 658 659 660 661 662 663 664
665 666 667 668 669 670 671 672 673 674
675 676 677 678 679 680 681 682 683 684
685 686 687 688 689 690 691 692 693 694
695 696 697 698 699 700 701 702 703 704
705 706 707 708 709 710 711 712 713 714
715 716 717 718 719 720 721 722 723 724
725 726 727 728 729 730 731 732 733 734
735 736 737 738 739 740 741 742 743 744
745 746 747 748 749 750 751 752 753 754
755 126 756 757 758 759 760 761 762 763
764 765 766 767 768 769 770 771 772 773
774 775 776 777 778 779 780 781 782 783
784 785 786 787 788 789 790 791 792 793
794 795 796 797 798 799 800 801 802 803
804 805 806 807 808 809 810 811 812 813
814 815 816 817 818 819 820 821 822 823
824 825 826 827 828 829 830 831 832 833
834 835 836 837 838 839 840 841 842 843
844 845 846 847 848 849 850 851 852 853
854 855 856 857 858 859 860 861 862 863
864 865 866 867 868 869 870 871 872 873
874 875 876 877 878 879 880 881 126 882
883 884 885 886 887 888 889 890 891 892
893 894 895 896 897 898 899 900 901 902
903 904 905 906 907 908 909 910 911 912
913 914 915 916 917 918 919 920 921 922
923 924 925 926 927 928 929 930 931 932
933 934 935 936 937 938 939 940 941 942
943 944 945 946 947 948 949 950 951 952
953 954 955 956 957 958 959 960 961 962
963 964 965 966 967 968 969 970 971 972
973 974 975 976 977 978 979 980 981 982
983 984 985 986 987 988 989 990 991 992
993 994 995 996 997 998 999 1000 1001 1002
1003 1004 1005 1006 1007 126 1008 1009 1010 1011
1012 1013 1014 1015 1016 1017 1018 1019 1020 1021
1022 1023 1024 1025 1026 1027 1028 1029 1030 1031
1032 1033 1034 1035 1036 1037 1038 1039 1040 1041
1042 1043 1044 1045 1046 1047 1048 1049 1050 1051
1052 1053 1054 1055 1056 1057 1058 1059 1060 1061
1062 1063 1064 1065 1066 1067 1068 1069 1070 1071
1072 1073 1074 1075 1076 1077 1078 1079 1080 1081
1082 1083 1084 1085 1086 1087 1088 1089 1090 1091
1092 1093 1094 1095 1096 1097 1098 1099 1100 1101
1102 1103 1104 1105 1106 1107 1108 1109 1110 1111
1112 1113 1114 1115 1116 1117 1118 1119 1120 1121
1122 1123 1124 1125 1126 1127 1128 1129 1130 1131
1132 1133 126 1134 1135 1136 1137 1138 1139 1140
1141 1142 1143 1144 1145 1146 1147 1148 1149 1150
1151 1152 1153 1154 1155 1156 1157 1158 1159 1160
1161 1162 1163 1164 1165 1166 1167 1168 1169 1170
1171 1172 1173 1174 1175 1176 1177 1178 1179 1180
1181 1182 1183 1184 1185 1186 1187 1188 1189 1190
1191 1192 1193 1194 1195 1196 1197 1198 1199 1200
1201 1202 1203 1204 1205 1206 1207 1208 1209 1210
1211 1212 1213 1214 1215 1216 1217 1218 1219 1220
1221 1222 1223 1224 1225 1226 1227 1228 1229 1230
1231 1232 1233 1234 1235 1236 1237 1238 1239 1240
1241 1242 1243 1244 1245 1246 1247 1248 1249 1250
1251 1252 1253 1254 1255 1256 1257 1258 1259 126
1260 1261 1262 1263 1264 1265 1266 1267 1268 1269
1270 1271 1272 1273 1274 1275 1276 1277 1278 1279
1280 1281 1282 1283 1284 1285 1286 1287 1288 1289
1290 1291 1292 1293 1294 1295 1296 1297 1298 1299
1300 1301 1302 1303 1304 1305 1306 1307 1308 1309
1310 1311 1312 1313 1314 1315 1316 1317 1318 1319
1320 1321 1322 1323 1324 1325 1326 1327 1328 1329
1330 1331 1332 1333 1334 1335 1336 1337 1338 1339
1340 1341 1342 1343 1344 1345 1346 1347 1348 1349
1350 1351 1352 1353 1354 1355 1356 1357 1358 1359
1360 1361 1362 1363 1364 1365 1366 1367 1368 1369
1370 1371 1372 1373 1374 1375 1376 1377 1378 1379
1380 1381 1382 1383 1384 1385 126 1386 1387 1388
1389 1390 1391 1392 1393 1394 1395 1396 1397 1398
1399 1400 1401 1402 1403 1404 1405 1406 1407 1408
1409 1410 1411 1412 1413 1414 1415 1416 1417 1418
1419 1420 1421 1422 1423 1424 1425 1426 1427 1428
1429 1430 1431 1432 1433 1434 1435 1436 1437 1438
1439 1440 1441 1442 1443 1444 1445 1446 1447 1448
1449 1450 1451 1452 1453 1454 1455 1456 1457 1458
1459 1460 1461 1462 1463 1464 1465 1466 1467 1468
1469 1470 1471 1472 1473 1474 1475 1476 1477 1478
1479 1480 1481 1482 1483 1484 1485 1486 1487 1488
1489 1490 1491 1492 1493 1494 1495 1496 1497 1498
1499 1500 1501 1502 1503 1504 1505 1506 1507 1508
1509 1510 1511 126 1512 1513 1514 1515 1516 1517
1518 1519 1520 1521 1522 1523 1524 1525 1526 1527
1528 1529 1530 1531 1532 1533 1534 1535 1536 1537
1538 1539 1540 1541 1542 1543 1544 1545 1546 1547
1548 1549 1550 1551 1552 1553 1554 1555 1556 1557
1558 1559 1560 1561 1562 1563 1564 1565 1566 1567
1568 1569 1570 1571 1572 1573 1574 1575 1576 1577
1578 1579 1580 1581 1582 1583 1584 1585 1586 1587
1588 1589 1590 1591 1592 1593 1594 1595 1596 1597
1598 1599 1600 1601 1602 1603 1604 1605 1606 1607
1608 1609 1610 1611 1612 1613 1614 1615 1616 1617
1618 1619 1620 1621 1622 1623 1624 1625 1626 1627
1628 1629 1630 1631 1632 1633 1634 1635 1636 1637
126 1638 1639 1640 1641 1642 1643 1644 1645 1646
1647 1648 1649 1650 1651 1652 1653 1654 1655 1656
1657 1658 1659 1660 1661 1662 1663 1664 1665 1666
1667 1668 1669 1670 1671 1672 1673 1674 1675 1676
1677 1678 1679 1680 1681 1682 1683 1684 1685 1686
1687 1688 1689 1690 1691 1692 1693 1694 1695 1696
1697 1698 1699 1700 1701 1702 1703 1704 1705 1706
1707 1708 1709 1710 1711 1712 1713 1714 1715 1716
1717 1718 1719 1720 1721 1722 1723 1724 1725 1726
1727 1728 1729 1730 1731 1732 1733 1734 1735 1736
1737 1738 1739 1740 1741 1742 1743 1744 1745 1746
1747 1748 1749 1750 1751 1752 1753 1754 1755 1756
1757 1758 1759 1760 1761 1762 1763 126 1764 1765
1766 1767 1768 1769 1770 1771 1772 1773 1774 1775
1776 1777 1778 1779 1780 1781 1782 1783 1784 1785
1786 1787 1788 1789 1790 1791 1792 1793 1794 1795
1796 1797 1798 1799 1800 1801 1802 1803 1804 1805
1806 1807 1808 1809 1810 1811 1812 1813 1814 1815
1816 1817 1818 1819 1820 1821 1822 1823 1824 1825
1826 1827 1828 1829 1830 1831 1832 1833 1834 1835
1836 1837 1838 1839 1840 1841 1842 1843 1844 1845
1846 1847 1848 1849 1850 1851 1852 1853 1854 1855
1856 1857 1858 1859 1860 1861 1862 1863 1864 1865
1866 1867 1868 1869 1870 1871 1872 1873 1874 1875
1876 1877 1878 1879 1880 1881 1882 1883 1884 1885
1886 1887 1888 1889 126 1890 1891 1892 1893 1894
1895 1896 1897 1898 1899 1900 1901 1902 1903 1904
1905 1906 1907 1908 1909 1910 1911 1912 1913 1914
1915 1916 1917 1918 1919 1920 1921 1922 1923 1924
1925 1926 1927 1928 1929 1930 1931 1932 1933 1934
1935 1936 1937 1938 1939 1940 1941 1942 1943 1944
1945 1946 1947 1948 1949 1950 1951 1952 1953 1954
1955 1956 1957 1958 1959 1960 1961 1962 1963 1964
1965 1966 1967 1968 1969 1970 1971 1972 1973 1974
1975 1976 1977 1978 1979 1980 1981 1982 1983 1984
1985 1986 1987 1988 1989 1990 1991 1992 1993 1994
1995 1996 1997 1998 1999 2000 2001 2002 2003 2004
2005 2006 2007 2008 2009 2010 2011 2012 2013 2014
2015 126 2016 2017 2018 2019 2020 2021 2022 2023
2024 2025 2026 2027 2028 2029 2030 2031 2032 2033
2034 2035 2036 2037 2038 2039 2040 2041 2042 2043
2044 2045 2046 2047 2048 2049 2050 2051 2052 2053
2054 2055 2056 2057 2058 2059 2060 2061 2062 2063
2064 2065 2066 2067 2068 2069 2070 2071 2072 2073
2074 2075 2076 2077 2078 2079 2080 2081 2082 2083
2084 2085 2086 2087 2088 2089 2090 2091 2092 2093
2094 2095 2096 2097 2098 2099 2100 2101 2102 2103
2104 2105 2106 2107 2108 2109 2110 2111 2112 2113
2114 2115 2116 2117 2118 2119 2120 2121 2122 2123
2124 2125 2126 2127 2128 2129 2130 2131 2132 2133
2134 2135 2136 2137 2138 2139 2140 2141 126 2142
2143 2144 2145 2146 2147 2148 2149 2150 2151 2152
2153 2154 2155 2156 2157 2158 2159 2160 2161 2162
2163 2164 2165 2166 2167 2168 2169 2170 2171 2172
2173 2174 2175 2176 2177 2178 2179 2180 2181 2182
2183 2184 2185 2186 2187 2188 2189 2190 2191 2192
2193 2194 2195 2196 2197 2198 2199 2200 2201 2202
2203 2204 2205 2206 2207 2208 2209 2210 2211 2212
2213 2214 2215 2216 2217 2218 2219 2220 2221 2222
2223 2224 2225 2226 2227 2228 2229 2230 2231 2232
2233 2234 2235 2236 2237 2238 2239 2240 2241 2242
2243 2244 2245 2246 2247 2248 2249 2250 2251 2252
2253 2254 2255 2256 2257 2258 2259 2260 2261 2262
2263 2264 2265 2266 2267 126 2268 2269 2270 2271
2272 2273 2274 2275 2276 2277 2278 2279 2280 2281
2282 2283 2284 2285 2286 2287 2288 2289 2290 2291
2292 2293 2294 2295 2296 2297 2298 2299 2300 2301
2302 2303 2304 2305 2306 2307 2308 2309 2310 2311
2312 2313 2314 2315 2316 2317 2318 2319 2320 2321
2322 2323 2324 2325 2326 2327 2328 2329 2330 2331
2332 2333 2334 2335 2336 2337 2338 2339 2340 2341
2342 2343 2344 2345 2346 2347 2348 2349 2350 2351
2352 2353 2354 2355 2356 2357 2358 2359 2360 2361
2362 2363 2364 2365 2366 2367 2368 2369 2370 2371
2372 2373 2374 2375 2376 2377 2378 2379 2380 2381
2382 2383 2384 2385 2386 2387 2388 2389 2390 2391
2392 2393 126 2394 2395 2396 2397 2398 2399 2400
2401 2402 2403 2404 2405 2406 2407 2408 2409 2410
2411 2412 2413 2414 2415 2416 2417 2418 2419 2420
2421 2422 2423 2424 2425 2426 2427 2428 2429 2430
2431 2432 2433 2434 2435 2436 2437 2438 2439 2440
2441 2442 2443 2444 2445 2446 2447 2448 2449 2450
2451 2452 2453 2454 2455 2456 2457 2458 2459 2460
2461 2462 2463 2464 2465 2466 2467 2468 2469 2470
2471 2472 2473 2474 2475 2476 2477 2478 2479 2480
2481 2482 2483 2484 2485 2486 2487 2488 2489 2490
2491 2492 2493 2494 2495 2496 2497 2498 2499 2500
2501 2502 2503 2504 2505 2506 2507 2508 2509 2510
2511 2512 2513 2514 2515 2516 2517 2518 2519 
POINT_DATA 2520
FIELD attributes 4
age 1 2520 float
0 0.05998 0.11996 0.17994 0.23992 0.2999 0.3799 0.4599 0.5399 0.6199 0.6999
0.7799 0.8599 0.9399 1.0199 1.0999 1.1799 1.2599 1.3399 1.4199 1.4999
1.5799 1.6599 1.7399 1.8199 1.8999 1.9799 2.0599 2.1399 2.2199 2.2999
2.3799 2.4599 2.5399 2.6199 2.6999 2.7799 2.8599 2.9399 3.0199 3.0999
3.1799 3.2599 3.3399 3.4199 3.4999 3.5799 3.6599 3.7399 3.8199 3.8999
3.9799 4.0599 4.1399 4.2199 4.2999 4.3799 4.4599 4.5399 4.6199 4.6999
4.7799 4.8599 4.9399 5.0199 5.0999 5.1799 5.2599 5.3399 5.4199 5.4999
5.5799 5.6599 5.7399 5.8199 5.8999 5.9799 6.0599 6.1399 6.2199 6.2999
6.3799 6.4599 6.5399 6.6199 6.6999 6.7799 6.8599 6.9399 7.0199 7.0999
7.1799 7.2599 7.3399 7.4199 7.4999 7.5799 7.6599 7.7399 7.8199 7.8999
7.9799 8.0599 8.1399 8.2199 8.2999 8.3799 8.4599 8.5399 8.6199 8.6999
8.7799 8.8599 8.9399 9.0199 9.0999 9.1799 9.2599 9.3399 9.4199 9.4999
9.5799 9.6599 9.7399 9.8199 9.8999 0 0.05998 0.11996 0.17994 0.23992
0.2999 0.3799 0.4599 0.5399 0.6199 0.6999 0.7799 0.8599 0.9399 1.0199
1.0999 1.1799 1.2599 1.3399 1.4199 1.4999 1.5799 1.6599 1.7399 1.8199
1.8999 1.9799 2.0599 2.1399 2.2199 2.2999 2.3799 2.4599 2.5399 2.6199
2.6999 2.7799 2.8599 2.9399 3.0199 3.0999 3.1799 3.2599 3.3399 3.4199
3.4999 3.5799 3.6599 3.7399 3.8199 3.8999 3.9799 4.0599 4.1399 4.2199
4.2999 4.3799 4.4599 4.5399 4.6199 4.6999 4.7799 4.8599 4.9399 5.0199
5.0999 5.1799 5.2599 5.3399 5.4199 5.4999 5.5799 5.6599 5.7399 5.8199
5.8999 5.9799 6.0599 6.1399 6.2199 6.2999 6.3799 6.4599 6.5399 6.6199
6.6999 6.7799 6.8599 6.9399 7.0199 7.0999 7.1799 7.2599 7.3399 7.4199
7.4999 7.5799 7.6599 7.7399 7.8199 7.8999 7.9799 8.0599 8.1399 8.2199
8.2999 8.3799 8.4599 8.5399 8.6199 8.6999 8.7799 8.8599 8.9399 9.0199
9.0999 9.1799 9.2599 9.3399 9.4199 9.4999 9.5799 9.6599 9.7399 9.8199
9.8999 0 0.05998 0.11996 0.17994 0.23992 0.2999 0.3799 0.4599 0.5399
0.6199 0.6999 0.7799 0.8599 0.9399 1.0199 1.0999 1.1799 1.2599 1.3399
1.4199 1.4999 1.5799 1.6599 1.7399 1.8199 1.8999 1.9799 2.0599 2.1399
2.2199 2.2999 2.3799 2.4599 2.5399 2.6199 2.6999 2.7799 2.8599 2.9399
3.0199 3.0999 3.1799 3.2599 3.3399 3.4199 3.4999 3.5799 3.6599 3.7399
3.8199 3.8999 3.9799 4.0599 4.1399 4.2199 4.2999 4.3799 4.4599 4.5399
4.6199 4.6999 4.7799 4.8599 4.9399 5.0199 5.0999 5.1799 5.2599 5.3399
5.4199 5.4999 5.5799 5.6599 5.7399 5.8199 5.8999 5.9799 6.0599 6.1399
6.2199 6.2999 6.3799 6.4599 6.5399 6.6199 6.6999 6.7799 6.8599 6.9399
7.0199 7.0999 7.1799 7.2599 7.3399 7.4199 7.4999 7.5799 7.6599 7.7399
7.8199 7.8999 7.9799 8.0599 8.1399 8.2199 8.2999 8.3799 8.4599 8.5399
8.6199 8.6999 8.7799 8.8599 8.9399 9.0199 9.0999 9.1799 9.2599 9.3399
9.4199 9.4999 9.5799 9.6599 9.7399 9.8199 9.8999 0 0.05998 0.11996
0.17994 0.23992 0.2999 0.3799 0.4599 0.5399 0.6199 0.6999 0.7799 0.8599
0.9399 1.0199 1.0999 1.1799 1.2599 1.3399 1.4199 1.4999 1.5799 1.6599
1.7399 1.8199 1.8999 1.9799 2.0599 2.1399 2.2199 2.2999 2.3799 2.4599
2.5399 2.6199 2.6999 2.7799 2.8599 2.9399 3.0199 3.0999 3.1799 3.2599
3.3399 3.4199 3.4999 3.5799 3.6599 3.7399 3.8199 3.8999 3.9799 4.0599
4.1399 4.2199 4.2999 4.3799 4.4599 4.5399 4.6199 4.6999 4.7799 4.8599
4.9399 5.0199 5.0999 5.1799 5.2599 5.3399 5.4199 5.4999 5.5799 5.6599
5.7399 5.8199 5.8999 5.9799 6.0599 6.1399 6.2199 6.2999 6.3799 6.4599
6.5399 6.6199 6.6999 6.7799 6.8599 6.9399 7.0199 7.0999 7.1799 7.2599
7.3399 7.4199 7.4999 7.5799 7.6599 7.7399 7.8199 7.8999 7.9799 8.0599
8.1399 8.2199 8.2999 8.3799 8.4599 8.5399 8.6199 8.6999 8.7799 8.8599
8.9399 9.0199 9.0999 9.1799 9.2599 9.3399 9.4199 9.4999 9.5799 9.6599
9.7399 9.8199 9.8999 0 0.05998 0.11996 0.17994 0.23992 0.2999 0.3799
0.4599 0.5399 0.6199 0.6999 0.7799 0.8599 0.9399 1.0199 1.0999 1.1799
1.2599 1.3399 1.4199 1.4999 1.5799 1.6599 1.7399 1.8199 1.8999 1.9799
2.0599 2.1399 2.2199 2.2999 2.3799 2.4599 2.5399 2.6199 2.6999 2.7799
2.8599 2.9399 3.0199 3.0999 3.1799 3.2599 3.3399 3.4199 3.4999 3.5799
3.6599 3.7399 3.8199 3.8999 3.9799 4.0599 4.1399 4.2199 4.2999 4.3799
4.4599 4.5399 4.6199 4.6999 4.7799 4.8599 4.9399 5.0199 5.0999 5.1799
5.2599 5.3399 5.4199 5.4999 5.5799 5.6599 5.7399 5.8199 5.8999 5.9799
6.0599 6.1399 6.2199 6.2999 6.3799 6.4599 6.5399 6.6199 6.6999 6.7799
6.8599 6.9399 7.0199 7.0999 7.1799 7.2599 7.3399 7.4199 7.4999 7.5799
7.6599 7.7399 7.8199 7.8999 7.9799 8.0599 8.1399 8.2199 8.2999 8.3799
8.4599 8.5399 8.6199 8.6999 8.7799 8.8599 8.9399 9.0199 9.0999 9.1799
9.2599 9.3399 9.4199 9.4999 9.5799 9.6599 9.7399 9.8199 9.8999 0
0.05998 0.11996 0.17994 0.23992 0.2999 0.3799 0.4599 0.5399 0.6199 0.6999
0.7799 0.8599 0.9399 1.0199 1.0999 1.1799 1.2599 1.3399 1.4199 1.4999
1.5799 1.6599 1.7399 1.8199 1.8999 1.9799 2.0599 2.1399 2.2199 2.2999
2.3799 2.4599 2.5399 2.6199 2.6999 2.7799 2.8599 2.9399 3.0199 3.0999
3.1799 3.2599 3.3399 3.4199 3.4999 3.5799 3.6599 3.7399 3.8199 3.8999
3.9799 4.0599 4.1399 4.2199 4.2999 4.3799 4.4599 4.5399 4.6199 4.6999
4.7799 4.8599 4.9399 5.0199 5.0999 5.1799 5.2599 5.3399 5.4199 5.4999
5.5799 5.6599 5.7399 5.8199 5.8999 5.9799 6.0599 6.1399 6.2199 6.2999
6.3799 6.4599 6.5399 6.6199 6.6999 6.7799 6.8599 6.9399 7.0199 7.0999
7.1799 7.2599 7.3399 7.4199 7.4999 7.5799 7.6599 7.7399 7.8199 7.8999
7.9799 8.0599 8.1399 8.2199 8.2999 8.3799 8.4599 8.5399 8.6199 8.6999
8.7799 8.8599 8.9399 9.0199 9.0999 9.1799 9.2599 9.3399 9.4199 9.4999
9.5799 9.6599 9.7399 9.8199 9.8999 0 0.05998 0.11996 0.17994 0.23992
0.2999 0.3799 0.4599 0.5399 0.6199 0.6999 0.7799 0.8599 0.9399 1.0199
1.0999 1.1799 1.2599 1.3399 1.4199 1.4999 1.5799 1.6599 1.7399 1.8199
1.8999 1.9799 2.0599 2.1399 2.2199 2.2999 2.3799 2.4599 2.5399 2.6199
2.6999 2.7799 2.8599 2.9399 3.0199 3.0999 3.1799 3.2599 3.3399 3.4199
3.4999 3.5799 3.6599 3.7399 3.8199 3.8999 3.9799 4.0599 4.1399 4.2199
4.2999 4.3799 4.4599 4.5399 4.6199 4.6999 4.7799 4.8599 4.9399 5.0199
5.0999 5.1799 5.2599 5.3399 5.4199 5.4999 5.5799 5.6599 5.7399 5.8199
5.8999 5.9799 6.0599 6.1399 6.2199 6.2999 6.3799 6.4599 6.5399 6.6199
6.6999 6.7799 6.8599 6.9399 7.0199 7.0999 7.1799 7.2599 7.3399 7.4199
7.4999 7.5799 7.6599 7.7399 7.8199 7.8999 7.9799 8.0599 8.1399 8.2199
8.2999 8.3799 8.4599 8.5399 8.6199 8.6999 8.7799 8.8599 8.9399 9.0199
9.0999 9.1799 9.2599 9.3399 9.4199 9.4999 9.5799 9.6599 9.7399 9.8199
9.8999 0 0.05998 0.11996 0.17994 0.23992 0.2999 0.3799 0.4599 0.5399
0.6199 0.6999 0.7799 0.8599 0.9399 1.0199 1.0999 1.1799 1.2599 1.3399
1.4199 1.4999 1.5799 1.6599 1.7399 1.8199 1.8999 1.9799 2.0599 2.1399
2.2199 2.2999 2.3799 2.4599 2.5399 2.6199 2.6999 2.7799 2.8599 2.9399
3.0199 3.0999 3.1799 3.2599 3.3399 3.4199 3.4999 3.5799 3.6599 3.7399
3.8199 3.8999 3.9799 4.0599 4.1399 4.2199 4.2999 4.3799 4.4599 4.5399
4.6199 4.6999 4.7799 4.8599 4.9399 5.0199 5.0999 5.1799 5.2599 5.3399
5.4199 5.4999 5.5799 5.6599 5.7399 5.8199 5.8999 5.9799 6.0599 6.1399
6.2199 6.2999 6.3799 6.4599 6.5399 6.6199 6.6999 6.7799 6.8599 6.9399
7.0199 7.0999 7.1799 7.2599 7.3399 7.4199 7.4999 7.5799 7.6599 7.7399
7.8199 7.8999 7.9799 8.0599 8.1399 8.2199 8.2999 8.3799 8.4599 8.5399
8.6199 8.6999 8.7799 8.8599 8.9399 9.0199 9.0999 9.1799 9.2599 9.3399
9.4199 9.4999 9.5799 9.6599 9.7399 9.8199 9.8999 0 0.05998 0.11996
0.17994 0.23992 0.2999 0.3799 0.4599 0.5399 0.6199 0.6999 0.7799 0.8599
0.9399 1.0199 1.0999 1.1799 1.2599 1.3399 1.4199 1.4999 1.5799 1.6599
1.7399 1.8199 1.8999 1.9799 2.0599 2.1399 2.2199 2.2999 2.3799 2.4599
2.5399 2.6199 2.6999 2.7799 2.8599 2.9399 3.0199 3.0999 3.1799 3.2599
3.3399 3.4199 3.4999 3.5799 3.6599 3.7399 3.8199 3.8999 3.9799 4.0599
4.1399 4.2199 4.2999 4.3799 4.4599 4.5399 4.6199 4.6999 4.7799 4.8599
4.9399 5.0199 5.0999 5.1799 5.2599 5.3399 5.4199 5.4999 5.5799 5.6599
5.7399 5.8199 5.8999 5.9799 6.0599 6.1399 6.2199 6.2999 6.3799 6.4599
6.5399 6.6199 6.6999 6.7799 6.8599 6.9399 7.0199 7.0999 7.1799 7.2599
7.3399 7.4199 7.4999 7.5799 7.6599 7.7399 7.8199 7.8999 7.9799 8.0599
8.1399 8.2199 8.2999 8.3799 8.4599 8.5399 8.6199 8.6999 8.7799 8.8599
8.9399 9.0199 9.0999 9.1799 9.2599 9.3399 9.4199 9.4999 9.5799 9.6599
9.7399 9.8199 9.8999 0 0.05998 0.11996 0.17994 0.23992 0.2999 0.3799
0.4599 0.5399 0.6199 0.6999 0.7799 0.8599 0.9399 1.0199 1.0999 1.1799
1.2599 1.3399 1.4199 1.4999 1.5799 1.6599 1.7399 1.8199 1.8999 1.9799
2.0599 2.1399 2.2199 2.2999 2.3799 2.4599 2.5399 2.6199 2.6999 2.7799
2.8599 2.9399 3.0199 3.0999 3.1799 3.2599 3.3399 3.4199 3.4999 3.5799
3.6599 3.7399 3.8199 3.8999 3.9799 4.0599 4.1399 4.2199 4.2999 4.3799
4.4599 4.5399 4.6199 4.6999 4.7799 4.8599 4.9399 5.0199 5.0999 5.1799
5.2599 5.3399 5.4199 5.4999 5.5799 5.6599 5.7399 5.8199 5.8999 5.9799
6.0599 6.1399 6.2199 6.2999 6.3799 6.4599 6.5399 6.6199 6.6999 6.7799
6.8599 6.9399 7.0199 7.0999 7.1799 7.2599 7.3399 7.4199 7.4999 7.5799
7.6599 7.7399 7.8199 7.8999 7.9799 8.0599 8.1399 8.2199 8.2999 8.3799
8.4599 8.5399 8.6199 8.6999 8.7799 8.8599 8.9399 9.0199 9.0999 9.1799
9.2599 9.3399 9.4199 9.4999 9.5799 9.6599 9.7399 9.8199 9.8999 0
0.05998 0.11996 0.17994 0.23992 0.2999 0.3799 0.4599 0.5399 0.6199 0.6999
0.7799 0.8599 0.9399 1.0199 1.0999 1.1799 1.2599 1.3399 1.4199 1.4999
1.5799 1.6599 1.7399 1.8199 1.8999 1.9799 2.0599 2.1399 2.2199 2.2999
2.3799 2.4599 2.5399 2.6199 2.6999 2.7799 2.8599 2.9399 3.0199 3.0999
3.1799 3.2599 3.3399 3.4199 3.4999 3.5799 3.6599 3.7399 3.8199 3.8999
3.9799 4.0599 4.1399 4.2199 4.2999 4.3799 4.4599 4.5399 4.6199 4.6999
4.7799 4.8599 4.9399 5.0199 5.0999 5.1799 5.2599 5.3399 5.4199 5.4999
5.5799 5.6599 5.7399 5.8199 5.8999 5.9799 6.0599 6.1399 6.2199 6.2999
6.3799 6.4599 6.5399 6.6199 6.6999 6.7799 6.8599 6.9399 7.0199 7.0999
7.1799 7.2599 7.3399 7.4199 7.4999 7.5799 7.6599 7.7399 7.8199 7.8999
7.9799 8.0599 8.1399 8.2199 8.2999 8.3799 8.4599 8.5399 8.6199 8.6999
8.7799 8.8599 8.9399 9.0199 9.0999 9.1799 9.2599 9.3399 9.4199 9.4999
9.5799 9.6599 9.7399 9.8199 9.8999 0 0.05998 0.11996 0.17994 0.23992
0.2999 0.3799 0.4599 0.5399 0.6199 0.6999 0.7799 0.8599 0.9399 1.0199
1.0999 1.1799 1.2599 1.3399 1.4199 1.4999 1.5799 1.6599 1.7399 1.8199
1.8999 1.9799 2.0599 2.1399 2.2199 2.2999 2.3799 2.4599 2.5399 2.6199
2.6999 2.7799 2.8599 2.9399 3.0199 3.0999 3.1799 3.2599 3.3399 3.4199
3.4999 3.5799 3.6599 3.7399 3.8199 3.8999 3.9799 4.0599 4.1399 4.2199
4.2999 4.3799 4.4599 4.5399 4.6199 4.6999 4.7799 4.8599 4.9399 5.0199
5.0999 5.1799 5.2599 5.3399 5.4199 5.4999 5.5799 5.6599 5.7399 5.8199
5.8999 5.9799 6.0599 6.1399 6.2199 6.2999 6.3799 6.4599 6.5399 6.6199
6.6999 6.7799 6.8599 6.9399 7.0199 7.0999 7.1799 7.2599 7.3399 7.4199
7.4999 7.5799 7.6599 7.7399 7.8199 7.8999 7.9799 8.0599 8.1399 8.2199
8.2999 8.3799 8.4599 8.5399 8.6199 8.6999 8.7799 8.8599 8.9399 9.0199
9.0999 9.1799 9.2599 9.3399 9.4199 9.4999 9.5799 9.6599 9.7399 9.8199
9.8999 0 0.05998 0.11996 0.17994 0.23992 0.2999 0.3799 0.4599 0.5399
0.6199 0.6999 0.7799 0.8599 0.9399 1.0199 1.0999 1.1799 1.2599 1.3399
1.4199 1.4999 1.5799 1.6599 1.7399 1.8199 1.8999 1.9799 2.0599 2.1399
2.2199 2.2999 2.3799 2.4599 2.5399 2.6199 2.6999 2.7799 2.8599 2.9399
3.0199 3.0999 3.1799 3.2599 3.3399 3.4199 3.4999 3.5799 3.6599 3.7399
3.8199 3.8999 3.9799 4.0599 4.1399 4.2199 4.2999 4.3799 4.4599 4.5399
4.6199 4.6999 4.7799 4.8599 4.9399 5.0199 5.0999 5.1799 5.2599 5.3399
5.4199 5.4999 5.5799 5.6599 5.7399 5.8199 5.8999 5.9799 6.0599 6.1399
6.2199 6.2999 6.3799 6.4599 6.5399 6.6199 6.6999 6.7799 6.8599 6.9399
7.0199 7.0999 7.1799 7.2599 7.3399 7.4199 7.4999 7.5799 7.6599 7.7399
7.8199 7.8999 7.9799 8.0599 8.1399 8.2199 8.2999 8.3799 8.4599 8.5399
8.6199 8.6999 8.7799 8.8599 8.9399 9.0199 9.0999 9.1799 9.2599 9.3399
9.4199 9.4999 9.5799 9.6599 9.7399 9.8199 9.8999 0 0.05998 0.11996
0.17994 0.23992 0.2999 0.3799 0.4599 0.5399 0.6199 0.6999 0.7799 0.8599
0.9399 1.0199 1.0999 1.1799 1.2599 1.3399 1.4199 1.4999 1.5799 1.6599
1.7399 1.8199 1.8999 1.9799 2.0599 2.1399 2.2199 2.2999 2.3799 2.4599
2.5399 2.6199 2.6999 2.7799 2.8599 2.9399 3.0199 3.0999 3.1799 3.2599
3.3399 3.4199 3.4999 3.5799 3.6599 3.7399 3.8199 3.8999 3.9799 4.0599
4.1399 4.2199 4.2999 4.3799 4.4599 4.5399 4.6199 4.6999 4.7799 4.8599
4.9399 5.0199 5.0999 5.1799 5.2599 5.3399 5.4199 5.4999 5.5799 5.6599
5.7399 5.8199 5.8999 5.9799 6.0599 6.1399 6.2199 6.2999 6.3799 6.4599
6.5399 6.6199 6.6999 6.7799 6.8599 6.9399 7.0199 7.0999 7.1799 7.2599
7.3399 7.4199 7.4999 7.5799 7.6599 7.7399 7.8199 7.8999 7.9799 8.0599
8.1399 8.2199 8.2999 8.3799 8.4599 8.5399 8.6199 8.6999 8.7799 8.8599
8.9399 9.0199 9.0999 9.1799 9.2599 9.3399 9.4199 9.4999 9.5799 9.6599
9.7399 9.8199 9.8999 0 0.05998 0.11996 0.17994 0.23992 0.2999 0.3799
0.4599 0.5399 0.6199 0.6999 0.7799 0.8599 0.9399 1.0199 1.0999 1.1799
1.2599 1.3399 1.4199 1.4999 1.5799 1.6599 1.7399 1.8199 1.8999 1.9799
2.0599 2.1399 2.2199 2.2999 2.3799 2.4599 2.5399 2.6199 2.6999 2.7799
2.8599 2.9399 3.0199 3.0999 3.1799 3.2599 3.3399 3.4199 3.4999 3.5799
3.6599 3.7399 3.8199 3.8999 3.9799 4.0599 4.1399 4.2199 4.2999 4.3799
4.4599 4.5399 4.6199 4.6999 4.7799 4.8599 4.9399 5.0199 5.0999 5.1799
5.2599 5.3399 5.4199 5.4999 5.5799 5.6599 5.7399 5.8199 5.8999 5.9799
6.0599 6.1399 6.2199 6.2999 6.3799 6.4599 6.5399 6.6199 6.6999 6.7799
6.8599 6.9399 7.0199 7.0999 7.1799 7.2599 7.3399 7.4199 7.4999 7.5799
7.6599 7.7399 7.8199 7.8999 7.9799 8.0599 8.1399 8.2199 8.2999 8.3799
8.4599 8.5399 8.6199 8.6999 8.7799 8.8599 8.9399 9.0199 9.0999 9.1799
9.2599 9.3399 9.4199 9.4999 9.5799 9.6599 9.7399 9.8199 9.8999 0
0.05998 0.11996 0.17994 0.23992 0.2999 0.3799 0.4599 0.5399 0.6199 0.6999
0.7799 0.8599 0.9399 1.0199 1.0999 1.1799 1.2599 1.3399 1.4199 1.4999
1.5799 1.6599 1.7399 1.8199 1.8999 1.9799 2.0599 2.1399 2.2199 2.2999
2.3799 2.4599 2.5399 2.6199 2.6999 2.7799 2.8599 2.9399 3.0199 3.0999
3.1799 3.2599 3.3399 3.4199 3.4999 3.5799 3.6599 3.7399 3.8199 3.8999
3.9799 4.0599 4.1399 4.2199 4.2999 4.3799 4.4599 4.5399 4.6199 4.6999
4.7799 4.8599 4.9399 5.0199 5.0999 5.1799 5.2599 5.3399 5.4199 5.4999
5.5799 5.6599 5.7399 5.8199 5.8999 5.9799 6.0599 6.1399 6.2199 6.2999
6.3799 6.4599 6.5399 6.6199 6.6999 6.7799 6.8599 6.9399 7.0199 7.0999
7.1799 7.2599 7.3399 7.4199 7.4999 7.5799 7.6599 7.7399 7.8199 7.8999
7.9799 8.0599 8.1399 8.2199 8.2999 8.3799 8.4599 8.5399 8.6199 8.6999
8.7799 8.8599 8.9399 9.0199 9.0999 9.1799 9.2599 9.3399 9.4199 9.4999
9.5799 9.6599 9.7399 9.8199 9.8999 0 0.05998 0.11996 0.17994 0.23992
0.2999 0.3799 0.4599 0.5399 0.6199 0.6999 0.7799 0.8599 0.9399 1.0199
1.0999 1.1799 1.2599 1.3399 1.4199 1.4999 1.5799 1.6599 1.7399 1.8199
1.8999 1.9799 2.0599 2.1399 2.2199 2.2999 2.3799 2.4599 2.5399 2.6199
2.6999 2.7799 2.8599 2.9399 3.0199 3.0999 3.1799 3.2599 3.3399 3.4199
3.4999 3.5799 3.6599 3.7399 3.8199 3.8999 3.9799 4.0599 4.1399 4.2199
4.2999 4.3799 4.4599 4.5399 4.6199 4.6999 4.7799 4.8599 4.9399 5.0199
5.0999 5.1799 5.2599 5.3399 5.4199 5.4999 5.5799 5.6599 5.7399 5.8199
5.8999 5.9799 6.0599 6.1399 6.2199 6.2999 6.3799 6.4599 6.5399 6.6199
6.6999 6.7799 6.8599 6.9399 7.0199 7.0999 7.1799 7.2599 7.3399 7.4199
7.4999 7.5799 7.6599 7.7399 7.8199 7.8999 7.9799 8.0599 8.1399 8.2199
8.2999 8.3799 8.4599 8.5399 8.6199 8.6999 8.7799 8.8599 8.9399 9.0199
9.0999 9.1799 9.2599 9.3399 9.4199 9.4999 9.5799 9.6599 9.7399 9.8199
9.8999 0 0.05998 0.11996 0.17994 0.23992 0.2999 0.3799 0.4599 0.5399
0.6199 0.6999 0.7799 0.8599 0.9399 1.0199 1.0999 1.1799 1.2599 1.3399
1.4199 1.4999 1.5799 1.6599 1.7399 1.8199 1.8999 1.9799 2.0599 2.1399
2.2199 2.2999 2.3799 2.4599 2.5399 2.6199 2.6999 2.7799 2.8599 2.9399
3.0199 3.0999 3.1799 3.2599 3.3399 3.4199 3.4999 3.5799 3.6599 3.7399
3.8199 3.8999 3.9799 4.0599 4.1399 4.2199 4.2999 4.3799 4.4599 4.5399
4.6199 4.6999 4.7799 4.8599 4.9399 5.0199 5.0999 5.1799 5.2599 5.3399
5.4199 5.4999 5.5799 5.6599 5.7399 5.8199 5.8999 5.9799 6.0599 6.1399
6.2199 6.2999 6.3799 6.4599 6.5399 6.6199 6.6999 6.7799 6.8599 6.9399
7.0199 7.0999 7.1799 7.2599 7.3399 7.4199 7.4999 7.5799 7.6599 7.7399
7.8199 7.8999 7.9799 8.0599 8.1399 8.2199 8.2999 8.3799 8.4599 8.5399
8.6199 8.6999 8.7799 8.8599 8.9399 9.0199 9.0999 9.1799 9.2599 9.3399
9.4199 9.4999 9.5799 9.6599 9.7399 9.8199 9.8999 0 0.05998 0.11996
0.17994 0.23992 0.2999 0.3799 0.4599 0.5399 0.6199 0.6999 0.7799 0.8599
0.9399 1.0199 1.0999 1.1799 1.2599 1.3399 1.4199 1.4999 1.5799 1.6599
1.7399 1.8199 1.8999 1.9799 2.0599 2.1399 2.2199 2.2999 2.3799 2.4599
2.5399 2.6199 2.6999 2.7799 2.8599 2.9399 3.0199 3.0999 3.1799 3.2599
3.3399 3.4199 3.4999 3.5799 3.6599 3.7399 3.8199 3.8999 3.9799 4.0599
4.1399 4.2199 4.2999 4.3799 4.4599 4.5399 4.6199 4.6999 4.7799 4.8599
4.9399 5.0199 5.0999 5.1799 5.2599 5.3399 5.4199 5.4999 5.5799 5.6599
5.7399 5.8199 5.8999 5.9799 6.0599 6.1399 6.2199 6.2999 6.3799 6.4599
6.5399 6.6199 6.6999 6.7799 6.8599 6.9399 7.0199 7.0999 7.1799 7.2599
7.3399 7.4199 7.4999 7.5799 7.6599 7.7399 7.8199 7.8999 7.9799 8.0599
8.1399 8.2199 8.2999 8.3799 8.4599 8.5399 8.6199 8.6999 8.7799 8.8599
8.9399 9.0199 9.0999 9.1799 9.2599 9.3399 9.4199 9.4999 9.5799 9.6599
9.7399 9.8199 9.8999 0 0.05998 0.11996 0.17994 0.23992 0.2999 0.3799
0.4599 0.5399 0.6199 0.6999 0.7799 0.8599 0.9399 1.0199 1.0999 1.1799
1.2599 1.3399 1.4199 1.4999 1.5799 1.6599 1.7399 1.8199 1.8999 1.9799
2.0599 2.1399 2.2199 2.2999 2.3799 2.4599 2.5399 2.6199 2.6999 2.7799
2.8599 2.9399 3.0199 3.0999 3.1799 3.2599 3.3399 3.4199 3.4999 3.5799
3.6599 3.7399 3.8199 3.8999 3.9799 4.0599 4.1399 4.2199 4.2999 4.3799
4.4599 4.5399 4.6199 4.6999 4.7799 4.8599 4.9399 5.0199 5.0999 5.1799
5.2599 5.3399 5.4199 5.4999 5.5799 5.6599 5.7399 5.8199 5.8999 5.9799
6.0599 6.1399 6.2199 6.2999 6.3799 6.4599 6.5399 6.6199 6.6999 6.7799
6.8599 6.9399 7.0199 7.0999 7.1799 7.2599 7.3399 7.4199 7.4999 7.5799
7.6599 7.7399 7.8199 7.8999 7.9799 8.0599 8.1399 8.2199 8.2999 8.3799
8.4599 8.5399 8.6199 8.6999 8.7799 8.8599 8.9399 9.0199 9.0999 9.1799
9.2599 9.3399 9.4199 9.4999 9.5799 9.6599 9.7399 9.8199 9.8999 
p 1 2520 float
2.36988e-05 2.37752e-05 2.38516e-05 2.39281e-05 2.40045e-05 2.4081e-05 2.4153e-05 2.42238e-05 2.42946e-05 2.43654e-05 2.44362e-05
2.44808e-05 2.45243e-05 2.45678e-05 2.46113e-05 2.46549e-05 2.46753e-05 2.46949e-05 2.47144e-05 2.47339e-05 2.47535e-05
2.47522e-05 2.475e-05 2.47479e-05 2.47458e-05 2.47437e-05 2.47217e-05 2.46989e-05 2.46762e-05 2.46535e-05 2.46308e-05
2.45886e-05 2.45456e-05 2.45026e-05 2.44596e-05 2.44166e-05 2.43566e-05 2.42958e-05 2.42351e-05 2.41743e-05 2.41136e-05
2.4037e-05 2.396e-05 2.3883e-05 2.38059e-05 2.37289e-05 2.36309e-05 2.35327e-05 2.34346e-05 2.33364e-05 2.32382e-05
2.31125e-05 2.29867e-05 2.28609e-05 2.27351e-05 2.26093e-05 2.24513e-05 2.22932e-05 2.21352e-05 2.19772e-05 2.18192e-05
2.16244e-05 2.14296e-05 2.12348e-05 2.104e-05 2.08452e-05 2.06124e-05 2.03794e-05 2.01465e-05 1.99135e-05 1.96805e-05
1.94101e-05 1.91394e-05 1.88687e-05 1.85981e-05 1.83274e-05 1.80177e-05 1.77075e-05 1.73974e-05 1.70873e-05 1.67771e-05
1.64271e-05 1.60763e-05 1.57255e-05 1.53747e-05 1.50239e-05 1.46365e-05 1.42479e-05 1.38594e-05 1.34709e-05 1.30823e-05
1.26684e-05 1.22532e-05 1.18381e-05 1.14229e-05 1.10077e-05 1.05829e-05 1.01571e-05 9.73127e-06 9.30547e-06 8.8797e-06
8.45523e-06 8.03015e-06 7.60507e-06 7.18e-06 6.75496e-06 6.34794e-06 5.94091e-06 5.53388e-06 5.12685e-06 4.71988e-06
4.35366e-06 3.98838e-06 3.6231e-06 3.25782e-06 2.89259e-06 2.5793e-06 2.26758e-06 1.95587e-06 1.64416e-06 1.33249e-06
1.13074e-06 9.30566e-07 7.30395e-07 5.30224e-07 3.30063e-07 2.36978e-05 2.37742e-05 2.38506e-05 2.3927e-05 2.40035e-05
2.4083e-05 2.41522e-05 2.4223e-05 2.42938e-05 2.43646e-05 2.44383e-05 2.44803e-05 2.45238e-05 2.45673e-05 2.46108e-05
2.46571e-05 2.46749e-05 2.46944e-05 2.47139e-05 2.47335e-05 2.47558e-05 2.47519e-05 2.47497e-05 2.47476e-05 2.47454e-05
2.4746e-05 2.47216e-05 2.46988e-05 2.46761e-05 2.46533e-05 2.46331e-05 2.45884e-05 2.45454e-05 2.45024e-05 2.44594e-05
2.44189e-05 2.43564e-05 2.42956e-05 2.42349e-05 2.41741e-05 2.41158e-05 2.40374e-05 2.39603e-05 2.38833e-05 2.38063e-05
2.37309e-05 2.36317e-05 2.35335e-05 2.34353e-05 2.33371e-05 2.32399e-05 2.31136e-05 2.29878e-05 2.28621e-05 2.27363e-05
2.26107e-05 2.24527e-05 2.22947e-05 2.21367e-05 2.19787e-05 2.18202e-05 2.1626e-05 2.14312e-05 2.12365e-05 2.10417e-05
2.08459e-05 2.06139e-05 2.03809e-05 2.0148e-05 1.9915e-05 1.9681e-05 1.94116e-05 1.91409e-05 1.88702e-05 1.85996e-05
1.83277e-05 1.8019e-05 1.77088e-05 1.73987e-05 1.70886e-05 1.67774e-05 1.64281e-05 1.60773e-05 1.57265e-05 1.53757e-05
1.50242e-05 1.46371e-05 1.42485e-05 1.386e-05 1.34715e-05 1.30831e-05 1.26688e-05 1.22536e-05 1.18384e-05 1.14233e-05
1.10089e-05 1.05829e-05 1.01571e-05 9.73133e-06 9.30552e-06 8.88137e-06 8.45519e-06 8.03011e-06 7.60503e-06 7.17995e-06
6.75709e-06 6.34737e-06 5.94034e-06 5.53331e-06 5.12627e-06 4.72227e-06 4.3531e-06 3.98782e-06 3.62254e-06 3.25726e-06
2.89479e-06 2.57863e-06 2.26692e-06 1.95521e-06 1.64349e-06 1.33388e-06 1.12681e-06 9.26641e-07 7.2647e-07 5.26299e-07
3.26596e-07 2.36993e-05 2.37757e-05 2.38521e-05 2.39286e-05 2.4005e-05 2.4085e-05 2.41538e-05 2.42246e-05 2.42954e-05
2.43661e-05 2.44404e-05 2.4482e-05 2.45255e-05 2.4569e-05 2.46125e-05 2.46593e-05 2.46766e-05 2.46962e-05 2.47157e-05
2.47352e-05 2.47581e-05 2.47537e-05 2.47516e-05 2.47494e-05 2.47473e-05 2.47484e-05 2.47235e-05 2.47008e-05 2.4678e-05
2.46553e-05 2.46355e-05 2.45904e-05 2.45474e-05 2.45044e-05 2.44614e-05 2.44212e-05 2.43583e-05 2.42975e-05 2.42367e-05
2.4176e-05 2.41179e-05 2.40392e-05 2.39622e-05 2.38852e-05 2.38081e-05 2.37329e-05 2.36335e-05 2.35353e-05 2.34371e-05
2.33389e-05 2.32416e-05 2.31152e-05 2.29895e-05 2.28637e-05 2.27379e-05 2.26121e-05 2.24541e-05 2.22961e-05 2.21381e-05
2.19801e-05 2.18212e-05 2.16272e-05 2.14324e-05 2.12376e-05 2.10428e-05 2.08466e-05 2.06147e-05 2.03818e-05 2.01488e-05
1.99159e-05 1.96815e-05 1.94122e-05 1.91415e-05 1.88709e-05 1.86002e-05 1.83279e-05 1.80194e-05 1.77093e-05 1.73992e-05
1.70891e-05 1.67776e-05 1.64285e-05 1.60777e-05 1.57269e-05 1.53761e-05 1.50246e-05 1.46375e-05 1.4249e-05 1.38604e-05
1.34719e-05 1.30838e-05 1.26694e-05 1.22543e-05 1.18391e-05 1.14239e-05 1.10101e-05 1.05839e-05 1.01581e-05 9.73233e-06
9.30653e-06 8.88304e-06 8.45657e-06 8.03149e-06 7.60642e-06 7.18134e-06 6.75921e-06 6.34905e-06 5.94201e-06 5.53498e-06
5.12795e-06 4.72467e-06 4.35501e-06 3.98973e-06 3.62445e-06 3.25916e-06 2.89699e-06 2.58035e-06 2.26864e-06 1.95693e-06
1.64521e-06 1.33527e-06 1.12731e-06 9.27144e-07 7.26973e-07 5.26802e-07 3.23128e-07 2.37013e-05 2.37778e-05 2.38542e-05
2.39306e-05 2.4007e-05 2.4087e-05 2.41558e-05 2.42266e-05 2.42974e-05 2.43682e-05 2.44424e-05 2.4484e-05 2.45275e-05
2.4571e-05 2.46146e-05 2.46614e-05 2.46788e-05 2.46984e-05 2.47179e-05 2.47374e-05 2.47604e-05 2.4756e-05 2.47539e-05
2.47517e-05 2.47496e-05 2.47507e-05 2.47258e-05 2.47031e-05 2.46804e-05 2.46576e-05 2.46378e-05 2.45927e-05 2.45497e-05
2.45067e-05 2.44637e-05 2.44234e-05 2.43605e-05 2.42998e-05 2.4239e-05 2.41782e-05 2.41201e-05 2.40414e-05 2.39644e-05
2.38873e-05 2.38103e-05 2.37349e-05 2.36355e-05 2.35373e-05 2.34391e-05 2.33409e-05 2.32433e-05 2.3117e-05 2.29912e-05
2.28654e-05 2.27396e-05 2.26135e-05 2.24555e-05 2.22975e-05 2.21395e-05 2.19815e-05 2.18223e-05 2.16282e-05 2.14334e-05
2.12386e-05 2.10438e-05 2.08473e-05 2.06154e-05 2.03825e-05 2.01495e-05 1.99166e-05 1.96819e-05 1.94127e-05 1.9142e-05
1.88713e-05 1.86007e-05 1.83282e-05 1.80197e-05 1.77096e-05 1.73995e-05 1.70893e-05 1.67779e-05 1.64287e-05 1.60779e-05
1.57271e-05 1.53763e-05 1.5025e-05 1.46379e-05 1.42494e-05 1.38608e-05 1.34723e-05 1.30845e-05 1.26702e-05 1.2255e-05
1.18398e-05 1.14247e-05 1.10113e-05 1.05851e-05 1.01593e-05 9.73353e-06 9.30773e-06 8.88471e-06 8.45824e-06 8.03316e-06
7.60809e-06 7.18301e-06 6.76134e-06 6.35117e-06 5.94414e-06 5.53711e-06 5.13007e-06 4.72707e-06 4.3574e-06 3.99212e-06
3.62684e-06 3.26156e-06 2.89919e-06 2.58255e-06 2.27084e-06 1.95912e-06 1.64741e-06 1.33666e-06 1.1287e-06 9.28532e-07
7.28361e-07 5.2819e-07 3.19661e-07 2.37034e-05 2.37798e-05 2.38562e-05 2.39327e-05 2.40091e-05 2.40891e-05 2.41578e-05
2.42286e-05 2.42994e-05 2.43702e-05 2.44445e-05 2.44861e-05 2.45296e-05 2.45731e-05 2.46166e-05 2.46636e-05 2.4681e-05
2.47005e-05 2.47201e-05 2.47396e-05 2.47627e-05 2.47583e-05 2.47562e-05 2.4754e-05 2.47519e-05 2.47531e-05 2.47282e-05
2.47055e-05 2.46827e-05 2.466e-05 2.46401e-05 2.4595e-05 2.4552e-05 2.4509e-05 2.4466e-05 2.44257e-05 2.43628e-05
2.4302e-05 2.42413e-05 2.41805e-05 2.41223e-05 2.40436e-05 2.39665e-05 2.38895e-05 2.38125e-05 2.37369e-05 2.36374e-05
2.35393e-05 2.34411e-05 2.33429e-05 2.32451e-05 2.31187e-05 2.29929e-05 2.28671e-05 2.27413e-05 2.26149e-05 2.24569e-05
2.22989e-05 2.21409e-05 2.19829e-05 2.18233e-05 2.16292e-05 2.14344e-05 2.12397e-05 2.10449e-05 2.0848e-05 2.06161e-05
2.03832e-05 2.01502e-05 1.99173e-05 1.96824e-05 1.94131e-05 1.91425e-05 1.88718e-05 1.86011e-05 1.83285e-05 1.802e-05
1.77098e-05 1.73997e-05 1.70896e-05 1.67781e-05 1.64289e-05 1.60781e-05 1.57273e-05 1.53765e-05 1.50254e-05 1.46383e-05
1.42497e-05 1.38612e-05 1.34727e-05 1.30853e-05 1.26709e-05 1.22557e-05 1.18406e-05 1.14254e-05 1.10125e-05 1.05863e-05
1.01605e-05 9.73473e-06 9.30893e-06 8.88638e-06 8.45991e-06 8.03483e-06 7.60975e-06 7.18467e-06 6.76346e-06 6.35329e-06
5.94626e-06 5.53923e-06 5.1322e-06 4.72946e-06 4.3598e-06 3.99452e-06 3.62924e-06 3.26396e-06 2.90138e-06 2.58474e-06
2.27303e-06 1.96132e-06 1.64961e-06 1.33804e-06 1.13009e-06 9.2992e-07 7.29749e-07 5.29578e-07 3.16193e-07 2.37054e-05
2.37819e-05 2.38583e-05 2.39347e-05 2.40111e-05 2.40911e-05 2.41599e-05 2.42306e-05 2.43014e-05 2.43722e-05 2.44466e-05
2.44882e-05 2.45317e-05 2.45752e-05 2.46187e-05 2.46658e-05 2.46832e-05 2.47027e-05 2.47223e-05 2.47418e-05 2.4765e-05
2.47606e-05 2.47585e-05 2.47563e-05 2.47542e-05 2.47554e-05 2.47306e-05 2.47078e-05 2.46851e-05 2.46623e-05 2.46425e-05
2.45974e-05 2.45544e-05 2.45114e-05 2.44684e-05 2.4428e-05 2.43651e-05 2.43043e-05 2.42436e-05 2.41828e-05 2.41245e-05
2.40458e-05 2.39687e-05 2.38917e-05 2.38146e-05 2.37389e-05 2.36394e-05 2.35412e-05 2.3443e-05 2.33449e-05 2.32468e-05
2.31204e-05 2.29946e-05 2.28688e-05 2.2743e-05 2.26163e-05 2.24583e-05 2.23003e-05 2.21423e-05 2.19842e-05 2.18243e-05
2.16302e-05 2.14355e-05 2.12407e-05 2.10459e-05 2.08488e-05 2.06168e-05 2.03839e-05 2.01509e-05 1.9918e-05 1.96828e-05
1.94136e-05 1.91429e-05 1.88722e-05 1.86016e-05 1.83288e-05 1.80202e-05 1.77101e-05 1.74e-05 1.70899e-05 1.67783e-05
1.64292e-05 1.60784e-05 1.57276e-05 1.53768e-05 1.50258e-05 1.46386e-05 1.42501e-05 1.38616e-05 1.34731e-05 1.3086e-05
1.26716e-05 1.22565e-05 1.18413e-05 1.14261e-05 1.10137e-05 1.05875e-05 1.01617e-05 9.73593e-06 9.31012e-06 8.88804e-06
8.46158e-06 8.0365e-06 7.61142e-06 7.18634e-06 6.76559e-06 6.35542e-06 5.94839e-06 5.54136e-06 5.13432e-06 4.73186e-06
4.3622e-06 3.99691e-06 3.63163e-06 3.26635e-06 2.90358e-06 2.58694e-06 2.27523e-06 1.96352e-06 1.65181e-06 1.33943e-06
1.13148e-06 9.31308e-07 7.31137e-07 5.30966e-07 3.12726e-07 2.37075e-05 2.37839e-05 2.38603e-05 2.39368e-05 2.40132e-05
2.40931e-05 2.41619e-05 2.42327e-05 2.43035e-05 2.43742e-05 2.44487e-05 2.44903e-05 2.45338e-05 2.45773e-05 2.46208e-05
2.4668e-05 2.46854e-05 2.47049e-05 2.47244e-05 2.4744e-05 2.47673e-05 2.47629e-05 2.47608e-05 2.47586e-05 2.47565e-05
2.47578e-05 2.47329e-05 2.47102e-05 2.46874e-05 2.46647e-05 2.46448e-05 2.45997e-05 2.45567e-05 2.45137e-05 2.44707e-05
2.44303e-05 2.43674e-05 2.43066e-05 2.42458e-05 2.41851e-05 2.41266e-05 2.40479e-05 2.39709e-05 2.38939e-05 2.38168e-05
2.37408e-05 2.36414e-05 2.35432e-05 2.3445e-05 2.33468e-05 2.32485e-05 2.31221e-05 2.29963e-05 2.28705e-05 2.27448e-05
2.26177e-05 2.24597e-05 2.23017e-05 2.21437e-05 2.19856e-05 2.18253e-05 2.16313e-05 2.14365e-05 2.12417e-05 2.10469e-05
2.08495e-05 2.06175e-05 2.03846e-05 2.01516e-05 1.99187e-05 1.96833e-05 1.9414e-05 1.91434e-05 1.88727e-05 1.8602e-05
1.83291e-05 1.80205e-05 1.77104e-05 1.74003e-05 1.70902e-05 1.67786e-05 1.64294e-05 1.60786e-05 1.57278e-05 1.5377e-05
1.50262e-05 1.4639e-05 1.42505e-05 1.3862e-05 1.34734e-05 1.30867e-05 1.26724e-05 1.22572e-05 1.1842e-05 1.14269e-05
1.10149e-05 1.05887e-05 1.01629e-05 9.73712e-06 9.31132e-06 8.88971e-06 8.46325e-06 8.03817e-06 7.61309e-06 7.18801e-06
6.76771e-06 6.35754e-06 5.95051e-06 5.54348e-06 5.13645e-06 4.73426e-06 4.36459e-06 3.99931e-06 3.63403e-06 3.26875e-06
2.90578e-06 2.58914e-06 2.27743e-06 1.96572e-06 1.654e-06 1.34082e-06 1.13287e-06 9.32696e-07 7.32525e-07 5.32354e-07
3.09258e-07 2.37095e-05 2.3786e-05 2.38624e-05 2.39388e-05 2.40152e-05 2.40952e-05 2.41639e-05 2.42347e-05 2.43055e-05
2.43763e-05 2.44508e-05 2.44924e-05 2.45359e-05 2.45794e-05 2.46229e-05 2.46702e-05 2.46876e-05 2.47071e-05 2.47266e-05
2.47462e-05 2.47696e-05 2.47652e-05 2.47631e-05 2.47609e-05 2.47588e-05 2.47601e-05 2.47353e-05 2.47125e-05 2.46898e-05
2.46671e-05 2.46471e-05 2.4602e-05 2.4559e-05 2.4516e-05 2.4473e-05 2.44325e-05 2.43696e-05 2.43089e-05 2.42481e-05
2.41873e-05 2.41288e-05 2.40501e-05 2.39731e-05 2.3896e-05 2.3819e-05 2.37428e-05 2.36434e-05 2.35452e-05 2.3447e-05
2.33488e-05 2.32502e-05 2.31238e-05 2.2998e-05 2.28723e-05 2.27465e-05 2.26191e-05 2.24611e-05 2.23031e-05 2.21451e-05
2.1987e-05 2.18264e-05 2.16323e-05 2.14375e-05 2.12427e-05 2.1048e-05 2.08502e-05 2.06183e-05 2.03853e-05 2.01524e-05
1.99194e-05 1.96837e-05 1.94145e-05 1.91438e-05 1.88732e-05 1.86025e-05 1.83293e-05 1.80208e-05 1.77107e-05 1.74006e-05
1.70904e-05 1.67788e-05 1.64297e-05 1.60789e-05 1.57281e-05 1.53773e-05 1.50265e-05 1.46394e-05 1.42509e-05 1.38623e-05
1.34738e-05 1.30875e-05 1.26731e-05 1.22579e-05 1.18428e-05 1.14276e-05 1.10161e-05 1.05899e-05 1.01641e-05 9.73832e-06
9.31252e-06 8.89138e-06 8.46492e-06 8.03984e-06 7.61476e-06 7.18968e-06 6.76984e-06 6.35967e-06 5.95264e-06 5.54561e-06
5.13857e-06 4.73665e-06 4.36699e-06 4.00171e-06 3.63643e-06 3.27115e-06 2.90798e-06 2.59134e-06 2.27962e-06 1.96791e-06
1.6562e-06 1.34221e-06 1.13425e-06 9.34084e-07 7.33913e-07 5.33742e-07 3.05791e-07 2.37116e-05 2.3788e-05 2.38644e-05
2.39409e-05 2.40173e-05 2.40972e-05 2.41659e-05 2.42367e-05 2.43075e-05 2.43783e-05 2.44529e-05 2.44944e-05 2.45379e-05
2.45815e-05 2.4625e-05 2.46724e-05 2.46898e-05 2.47093e-05 2.47288e-05 2.47483e-05 2.47719e-05 2.47675e-05 2.47654e-05
2.47632e-05 2.47611e-05 2.47625e-05 2.47376e-05 2.47149e-05 2.46921e-05 2.46694e-05 2.46494e-05 2.46044e-05 2.45614e-05
2.45184e-05 2.44754e-05 2.44348e-05 2.43719e-05 2.43111e-05 2.42504e-05 2.41896e-05 2.4131e-05 2.40523e-05 2.39752e-05
2.38982e-05 2.38212e-05 2.37448e-05 2.36454e-05 2.35472e-05 2.3449e-05 2.33508e-05 2.32519e-05 2.31255e-05 2.29997e-05
2.2874e-05 2.27482e-05 2.26205e-05 2.24625e-05 2.23045e-05 2.21464e-05 2.19884e-05 2.18274e-05 2.16333e-05 2.14386e-05
2.12438e-05 2.1049e-05 2.08509e-05 2.0619e-05 2.0386e-05 2.01531e-05 1.99201e-05 1.96842e-05 1.94149e-05 1.91443e-05
1.88736e-05 1.86029e-05 1.83296e-05 1.80211e-05 1.7711e-05 1.74008e-05 1.70907e-05 1.6779e-05 1.64299e-05 1.60791e-05
1.57283e-05 1.53775e-05 1.50269e-05 1.46398e-05 1.42513e-05 1.38627e-05 1.34742e-05 1.30882e-05 1.26738e-05 1.22587e-05
1.18435e-05 1.14283e-05 1.10173e-05 1.05911e-05 1.01653e-05 9.73952e-06 9.31372e-06 8.89305e-06 8.46659e-06 8.04151e-06
7.61643e-06 7.19135e-06 6.77196e-06 6.36179e-06 5.95476e-06 5.54773e-06 5.1407e-06 4.73905e-06 4.36938e-06 4.0041e-06
3.63882e-06 3.27354e-06 2.91017e-06 2.59353e-06 2.28182e-06 1.97011e-06 1.6584e-06 1.3436e-06 1.13564e-06 9.35472e-07
7.35301e-07 5.3513e-07 3.02323e-07 2.37136e-05 2.37901e-05 2.38665e-05 2.39429e-05 2.40193e-05 2.40992e-05 2.4168e-05
2.42388e-05 2.43095e-05 2.43803e-05 2.44549e-05 2.44965e-05 2.454e-05 2.45835e-05 2.4627e-05 2.46746e-05 2.46919e-05
2.47115e-05 2.4731e-05 2.47505e-05 2.47742e-05 2.47698e-05 2.47677e-05 2.47655e-05 2.47634e-05 2.47648e-05 2.474e-05
2.47172e-05 2.46945e-05 2.46718e-05 2.46518e-05 2.46067e-05 2.45637e-05 2.45207e-05 2.44777e-05 2.44371e-05 2.43742e-05
2.43134e-05 2.42527e-05 2.41919e-05 2.41332e-05 2.40545e-05 2.39774e-05 2.39004e-05 2.38233e-05 2.37468e-05 2.36474e-05
2.35492e-05 2.3451e-05 2.33528e-05 2.32536e-05 2.31272e-05 2.30015e-05 2.28757e-05 2.27499e-05 2.26218e-05 2.24639e-05
2.23059e-05 2.21478e-05 2.19898e-05 2.18284e-05 2.16344e-05 2.14396e-05 2.12448e-05 2.105e-05 2.08516e-05 2.06197e-05
2.03867e-05 2.01538e-05 1.99208e-05 1.96846e-05 1.94154e-05 1.91447e-05 1.88741e-05 1.86034e-05 1.83299e-05 1.80214e-05
1.77112e-05 1.74011e-05 1.7091e-05 1.67793e-05 1.64301e-05 1.60793e-05 1.57285e-05 1.53777e-05 1.50273e-05 1.46402e-05
1.42516e-05 1.38631e-05 1.34746e-05 1.30889e-05 1.26746e-05 1.22594e-05 1.18442e-05 1.14291e-05 1.10185e-05 1.05923e-05
1.01665e-05 9.74072e-06 9.31491e-06 8.89472e-06 8.46825e-06 8.04318e-06 7.6181e-06 7.19302e-06 6.77408e-06 6.36392e-06
5.95689e-06 5.54985e-06 5.14282e-06 4.74144e-06 4.37178e-06 4.0065e-06 3.64122e-06 3.27594e-06 2.91237e-06 2.59573e-06
2.28402e-06 1.97231e-06 1.6606e-06 1.34498e-06 1.13703e-06 9.3686e-07 7.36689e-07 5.36519e-07 2.98856e-07 2.37157e-05
2.37921e-05 2.38685e-05 2.3945e-05 2.40214e-05 2.41012e-05 2.417e-05 2.42408e-05 2.43116e-05 2.43824e-05 2.4457e-05
2.44986e-05 2.45421e-05 2.45856e-05 2.46291e-05 2.46768e-05 2.46941e-05 2.47137e-05 2.47332e-05 2.47527e-05 2.47765e-05
2.47721e-05 2.477e-05 2.47679e-05 2.47657e-05 2.47672e-05 2.47423e-05 2.47196e-05 2.46968e-05 2.46741e-05 2.46541e-05
2.4609e-05 2.4566e-05 2.4523e-05 2.448e-05 2.44394e-05 2.43765e-05 2.43157e-05 2.42549e-05 2.41942e-05 2.41353e-05
2.40566e-05 2.39796e-05 2.39026e-05 2.38255e-05 2.37488e-05 2.36494e-05 2.35512e-05 2.3453e-05 2.33548e-05 2.32553e-05
2.3129e-05 2.30032e-05 2.28774e-05 2.27516e-05 2.26232e-05 2.24653e-05 2.23072e-05 2.21492e-05 2.19912e-05 2.18295e-05
2.16354e-05 2.14406e-05 2.12458e-05 2.1051e-05 2.08523e-05 2.06204e-05 2.03874e-05 2.01545e-05 1.99215e-05 1.96851e-05
1.94158e-05 1.91452e-05 1.88745e-05 1.86039e-05 1.83302e-05 1.80216e-05 1.77115e-05 1.74014e-05 1.70913e-05 1.67795e-05
1.64304e-05 1.60796e-05 1.57288e-05 1.5378e-05 1.50277e-05 1.46406e-05 1.4252e-05 1.38635e-05 1.3475e-05 1.30897e-05
1.26753e-05 1.22601e-05 1.1845e-05 1.14298e-05 1.10197e-05 1.05935e-05 1.01677e-05 9.74192e-06 9.31611e-06 8.89639e-06
8.46992e-06 8.04484e-06 7.61977e-06 7.19469e-06 6.77621e-06 6.36604e-06 5.95901e-06 5.55198e-06 5.14495e-06 4.74384e-06
4.37418e-06 4.0089e-06 3.64362e-06 3.27834e-06 2.91457e-06 2.59793e-06 2.28622e-06 1.9745e-06 1.66279e-06 1.34637e-06
1.13842e-06 9.38248e-07 7.38077e-07 5.37907e-07 2.95388e-07 2.37177e-05 2.37942e-05 2.38706e-05 2.3947e-05 2.40234e-05
2.41033e-05 2.4172e-05 2.42428e-05 2.43136e-05 2.43844e-05 2.44591e-05 2.45007e-05 2.45442e-05 2.45877e-05 2.46312e-05
2.46789e-05 2.46963e-05 2.47159e-05 2.47354e-05 2.47549e-05 2.47788e-05 2.47744e-05 2.47723e-05 2.47702e-05 2.4768e-05
2.47695e-05 2.47447e-05 2.47219e-05 2.46992e-05 2.46765e-05 2.46564e-05 2.46113e-05 2.45683e-05 2.45254e-05 2.44824e-05
2.44416e-05 2.43787e-05 2.4318e-05 2.42572e-05 2.41964e-05 2.41375e-05 2.40588e-05 2.39818e-05 2.39047e-05 2.38277e-05
2.37508e-05 2.36513e-05 2.35532e-05 2.3455e-05 2.33568e-05 2.32571e-05 2.31307e-05 2.30049e-05 2.28791e-05 2.27533e-05
2.26246e-05 2.24667e-05 2.23086e-05 2.21506e-05 2.19926e-05 2.18305e-05 2.16364e-05 2.14416e-05 2.12469e-05 2.10521e-05
2.0853e-05 2.06211e-05 2.03881e-05 2.01552e-05 1.99222e-05 1.96855e-05 1.94163e-05 1.91456e-05 1.8875e-05 1.86043e-05
1.83305e-05 1.80219e-05 1.77118e-05 1.74017e-05 1.70916e-05 1.67797e-05 1.64306e-05 1.60798e-05 1.5729e-05 1.53782e-05
1.50281e-05 1.46409e-05 1.42524e-05 1.38639e-05 1.34753e-05 1.30904e-05 1.2676e-05 1.22609e-05 1.18457e-05 1.14306e-05
1.10209e-05 1.05947e-05 1.01689e-05 9.74311e-06 9.31731e-06 8.89806e-06 8.47159e-06 8.04651e-06 7.62143e-06 7.19635e-06
6.77833e-06 6.36817e-06 5.96114e-06 5.5541e-06 5.14707e-06 4.74624e-06 4.37657e-06 4.01129e-06 3.64601e-06 3.28073e-06
2.91676e-06 2.60013e-06 2.28841e-06 1.9767e-06 1.66499e-06 1.34776e-06 1.13981e-06 9.39636e-07 7.39465e-07 5.39295e-07
2.91921e-07 2.37198e-05 2.37962e-05 2.38726e-05 2.39491e-05 2.40255e-05 2.41053e-05 2.4174e-05 2.42448e-05 2.43156e-05
2.43864e-05 2.44612e-05 2.45028e-05 2.45463e-05 2.45898e-05 2.46333e-05 2.46811e-05 2.46985e-05 2.4718e-05 2.47376e-05
2.47571e-05 2.47811e-05 2.47767e-05 2.47746e-05 2.47725e-05 2.47703e-05 2.47719e-05 2.4747e-05 2.47243e-05 2.47016e-05
2.46788e-05 2.46588e-05 2.46137e-05 2.45707e-05 2.45277e-05 2.44847e-05 2.44439e-05 2.4381e-05 2.43202e-05 2.42595e-05
2.41987e-05 2.41397e-05 2.4061e-05 2.39839e-05 2.39069e-05 2.38299e-05 2.37528e-05 2.36533e-05 2.35551e-05 2.34569e-05
2.33588e-05 2.32588e-05 2.31324e-05 2.30066e-05 2.28808e-05 2.2755e-05 2.2626e-05 2.2468e-05 2.231e-05 2.2152e-05
2.1994e-05 2.18315e-05 2.16375e-05 2.14427e-05 2.12479e-05 2.10531e-05 2.08537e-05 2.06218e-05 2.03888e-05 2.01559e-05
1.99229e-05 1.9686e-05 1.94168e-05 1.91461e-05 1.88754e-05 1.86048e-05 1.83307e-05 1.80222e-05 1.77121e-05 1.7402e-05
1.70918e-05 1.678e-05 1.64308e-05 1.608e-05 1.57292e-05 1.53784e-05 1.50284e-05 1.46413e-05 1.42528e-05 1.38643e-05
1.34757e-05 1.30912e-05 1.26768e-05 1.22616e-05 1.18465e-05 1.14313e-05 1.10221e-05 1.05959e-05 1.01701e-05 9.74431e-06
9.31851e-06 8.89972e-06 8.47326e-06 8.04818e-06 7.6231e-06 7.19802e-06 6.78046e-06 6.37029e-06 5.96326e-06 5.55623e-06
5.1492e-06 4.74863e-06 4.37897e-06 4.01369e-06 3.64841e-06 3.28313e-06 2.91896e-06 2.60232e-06 2.29061e-06 1.9789e-06
1.66719e-06 1.34915e-06 1.1412e-06 9.41024e-07 7.40854e-07 5.40683e-07 2.88453e-07 2.37218e-05 2.37983e-05 2.38747e-05
2.39511e-05 2.40275e-05 2.41073e-05 2.41761e-05 2.42469e-05 2.43176e-05 2.43884e-05 2.44633e-05 2.45048e-05 2.45483e-05
2.45919e-05 2.46354e-05 2.46833e-05 2.47007e-05 2.47202e-05 2.47398e-05 2.47593e-05 2.47834e-05 2.4779e-05 2.47769e-05
2.47748e-05 2.47726e-05 2.47743e-05 2.47494e-05 2.47266e-05 2.47039e-05 2.46812e-05 2.46611e-05 2.4616e-05 2.4573e-05
2.453e-05 2.4487e-05 2.44462e-05 2.43833e-05 2.43225e-05 2.42618e-05 2.4201e-05 2.41419e-05 2.40632e-05 2.39861e-05
2.39091e-05 2.3832e-05 2.37547e-05 2.36553e-05 2.35571e-05 2.34589e-05 2.33607e-05 2.32605e-05 2.31341e-05 2.30083e-05
2.28825e-05 2.27568e-05 2.26274e-05 2.24694e-05 2.23114e-05 2.21534e-05 2.19954e-05 2.18325e-05 2.16385e-05 2.14437e-05
2.12489e-05 2.10541e-05 2.08544e-05 2.06225e-05 2.03895e-05 2.01566e-05 1.99236e-05 1.96865e-05 1.94172e-05 1.91465e-05
1.88759e-05 1.86052e-05 1.8331e-05 1.80225e-05 1.77124e-05 1.74022e-05 1.70921e-05 1.67802e-05 1.64311e-05 1.60803e-05
1.57295e-05 1.53787e-05 1.50288e-05 1.46417e-05 1.42532e-05 1.38646e-05 1.34761e-05 1.30919e-05 1.26775e-05 1.22623e-05
1.18472e-05 1.1432e-05 1.10233e-05 1.05971e-05 1.01713e-05 9.74551e-06 9.31971e-06 8.90139e-06 8.47493e-06 8.04985e-06
7.62477e-06 7.19969e-06 6.78258e-06 6.37242e-06 5.96539e-06 5.55835e-06 5.15132e-06 4.75103e-06 4.38137e-06 4.01609e-06
3.6508e-06 3.28552e-06 2.92116e-06 2.60452e-06 2.29281e-06 1.9811e-06 1.66939e-06 1.35054e-06 1.14258e-06 9.42412e-07
7.42242e-07 5.42071e-07 2.84986e-07 2.37239e-05 2.38003e-05 2.38767e-05 2.39532e-05 2.40296e-05 2.41093e-05 2.41781e-05
2.42489e-05 2.43197e-05 2.43905e-05 2.44653e-05 2.45069e-05 2.45504e-05 2.45939e-05 2.46374e-05 2.46855e-05 2.47029e-05
2.47224e-05 2.47419e-05 2.47615e-05 2.47857e-05 2.47814e-05 2.47792e-05 2.47771e-05 2.47749e-05 2.47766e-05 2.47517e-05
2.4729e-05 2.47063e-05 2.46835e-05 2.46634e-05 2.46183e-05 2.45753e-05 2.45323e-05 2.44893e-05 2.44485e-05 2.43856e-05
2.43248e-05 2.4264e-05 2.42033e-05 2.4144e-05 2.40653e-05 2.39883e-05 2.39113e-05 2.38342e-05 2.37567e-05 2.36573e-05
2.35591e-05 2.34609e-05 2.33627e-05 2.32622e-05 2.31358e-05 2.301e-05 2.28843e-05 2.27585e-05 2.26288e-05 2.24708e-05
2.23128e-05 2.21548e-05 2.19968e-05 2.18336e-05 2.16395e-05 2.14447e-05 2.12499e-05 2.10552e-05 2.08551e-05 2.06232e-05
2.03903e-05 2.01573e-05 1.99244e-05 1.96869e-05 1.94177e-05 1.9147e-05 1.88763e-05 1.86057e-05 1.83313e-05 1.80228e-05
1.77126e-05 1.74025e-05 1.70924e-05 1.67805e-05 1.64313e-05 1.60805e-05 1.57297e-05 1.53789e-05 1.50292e-05 1.46421e-05
1.42536e-05 1.3865e-05 1.34765e-05 1.30926e-05 1.26782e-05 1.22631e-05 1.18479e-05 1.14328e-05 1.10245e-05 1.05983e-05
1.01725e-05 9.74671e-06 9.3209e-06 8.90306e-06 8.4766e-06 8.05152e-06 7.62644e-06 7.20136e-06 6.78471e-06 6.37454e-06
5.96751e-06 5.56048e-06 5.15345e-06 4.75343e-06 4.38376e-06 4.01848e-06 3.6532e-06 3.28792e-06 2.92336e-06 2.60672e-06
2.29501e-06 1.98329e-06 1.67158e-06 1.35192e-06 1.14397e-06 9.43801e-07 7.4363e-07 5.43459e-07 2.81518e-07 2.37259e-05
2.38024e-05 2.38788e-05 2.39552e-05 2.40316e-05 2.41114e-05 2.41801e-05 2.42509e-05 2.43217e-05 2.43925e-05 2.44674e-05
2.4509e-05 2.45525e-05 2.4596e-05 2.46395e-05 2.46877e-05 2.47051e-05 2.47246e-05 2.47441e-05 2.47637e-05 2.4788e-05
2.47837e-05 2.47815e-05 2.47794e-05 2.47772e-05 2.4779e-05 2.47541e-05 2.47313e-05 2.47086e-05 2.46859e-05 2.46658e-05
2.46207e-05 2.45777e-05 2.45347e-05 2.44917e-05 2.44507e-05 2.43878e-05 2.43271e-05 2.42663e-05 2.42055e-05 2.41462e-05
2.40675e-05 2.39905e-05 2.39134e-05 2.38364e-05 2.37587e-05 2.36593e-05 2.35611e-05 2.34629e-05 2.33647e-05 2.32639e-05
2.31375e-05 2.30118e-05 2.2886e-05 2.27602e-05 2.26302e-05 2.24722e-05 2.23142e-05 2.21562e-05 2.19981e-05 2.18346e-05
2.16405e-05 2.14458e-05 2.1251e-05 2.10562e-05 2.08558e-05 2.06239e-05 2.0391e-05 2.0158e-05 1.99251e-05 1.96874e-05
1.94181e-05 1.91475e-05 1.88768e-05 1.86061e-05 1.83316e-05 1.8023e-05 1.77129e-05 1.74028e-05 1.70927e-05 1.67807e-05
1.64315e-05 1.60807e-05 1.57299e-05 1.53791e-05 1.50296e-05 1.46425e-05 1.42539e-05 1.38654e-05 1.34769e-05 1.30934e-05
1.2679e-05 1.22638e-05 1.18487e-05 1.14335e-05 1.10257e-05 1.05995e-05 1.01737e-05 9.7479e-06 9.3221e-06 8.90473e-06
8.47827e-06 8.05319e-06 7.62811e-06 7.20303e-06 6.78683e-06 6.37667e-06 5.96964e-06 5.5626e-06 5.15557e-06 4.75582e-06
4.38616e-06 4.02088e-06 3.6556e-06 3.29032e-06 2.92555e-06 2.60891e-06 2.2972e-06 1.98549e-06 1.67378e-06 1.35331e-06
1.14536e-06 9.45189e-07 7.45018e-07 5.44847e-07 2.78051e-07 2.3728e-05 2.38044e-05 2.38808e-05 2.39573e-05 2.40337e-05
2.41134e-05 2.41821e-05 2.42529e-05 2.43237e-05 2.43945e-05 2.44695e-05 2.45111e-05 2.45546e-05 2.45981e-05 2.46416e-05
2.46899e-05 2.47073e-05 2.47268e-05 2.47463e-05 2.47658e-05 2.47903e-05 2.4786e-05 2.47838e-05 2.47817e-05 2.47795e-05
2.47813e-05 2.47564e-05 2.47337e-05 2.4711e-05 2.46882e-05 2.46681e-05 2.4623e-05 2.458e-05 2.4537e-05 2.4494e-05
2.4453e-05 2.43901e-05 2.43294e-05 2.42686e-05 2.42078e-05 2.41484e-05 2.40697e-05 2.39926e-05 2.39156e-05 2.38386e-05
2.37607e-05 2.36613e-05 2.35631e-05 2.34649e-05 2.33667e-05 2.32656e-05 2.31392e-05 2.30135e-05 2.28877e-05 2.27619e-05
2.26316e-05 2.24736e-05 2.23156e-05 2.21576e-05 2.19995e-05 2.18356e-05 2.16416e-05 2.14468e-05 2.1252e-05 2.10572e-05
2.08565e-05 2.06246e-05 2.03917e-05 2.01587e-05 1.99258e-05 1.96878e-05 1.94186e-05 1.91479e-05 1.88773e-05 1.86066e-05
1.83318e-05 1.80233e-05 1.77132e-05 1.74031e-05 1.70929e-05 1.67809e-05 1.64318e-05 1.6081e-05 1.57302e-05 1.53794e-05
1.503e-05 1.46428e-05 1.42543e-05 1.38658e-05 1.34773e-05 1.30941e-05 1.26797e-05 1.22646e-05 1.18494e-05 1.14342e-05
1.10269e-05 1.06007e-05 1.01749e-05 9.7491e-06 9.3233e-06 8.9064e-06 8.47993e-06 8.05486e-06 7.62978e-06 7.2047e-06
6.78896e-06 6.37879e-06 5.97176e-06 5.56473e-06 5.1577e-06 4.75822e-06 4.38856e-06 4.02327e-06 3.65799e-06 3.29271e-06
2.92775e-06 2.61111e-06 2.2994e-06 1.98769e-06 1.67598e-06 1.3547e-06 1.14675e-06 9.46577e-07 7.46406e-07 5.46235e-07
2.74583e-07 2.373e-05 2.38065e-05 2.38829e-05 2.39593e-05 2.40357e-05 2.41154e-05 2.41842e-05 2.4255e-05 2.43257e-05
2.43965e-05 2.44716e-05 2.45132e-05 2.45567e-05 2.46002e-05 2.46437e-05 2.46921e-05 2.47095e-05 2.4729e-05 2.47485e-05
2.4768e-05 2.47927e-05 2.47883e-05 2.47861e-05 2.4784e-05 2.47818e-05 2.47837e-05 2.47588e-05 2.47361e-05 2.47133e-05
2.46906e-05 2.46704e-05 2.46253e-05 2.45823e-05 2.45393e-05 2.44963e-05 2.44553e-05 2.43924e-05 2.43316e-05 2.42709e-05
2.42101e-05 2.41506e-05 2.40719e-05 2.39948e-05 2.39178e-05 2.38407e-05 2.37627e-05 2.36633e-05 2.35651e-05 2.34669e-05
2.33687e-05 2.32673e-05 2.3141e-05 2.30152e-05 2.28894e-05 2.27636e-05 2.2633e-05 2.2475e-05 2.2317e-05 2.21589e-05
2.20009e-05 2.18367e-05 2.16426e-05 2.14478e-05 2.1253e-05 2.10583e-05 2.08572e-05 2.06253e-05 2.03924e-05 2.01594e-05
1.99265e-05 1.96883e-05 1.9419e-05 1.91484e-05 1.88777e-05 1.8607e-05 1.83321e-05 1.80236e-05 1.77135e-05 1.74033e-05
1.70932e-05 1.67812e-05 1.6432e-05 1.60812e-05 1.57304e-05 1.53796e-05 1.50304e-05 1.46432e-05 1.42547e-05 1.38662e-05
1.34776e-05 1.30948e-05 1.26804e-05 1.22653e-05 1.18501e-05 1.1435e-05 1.10281e-05 1.06019e-05 1.01761e-05 9.7503e-06
9.3245e-06 8.90807e-06 8.4816e-06 8.05652e-06 7.63145e-06 7.20637e-06 6.79108e-06 6.38092e-06 5.97388e-06 5.56685e-06
5.15982e-06 4.76061e-06 4.39095e-06 4.02567e-06 3.66039e-06 3.29511e-06 2.92995e-06 2.61331e-06 2.3016e-06 1.98989e-06
1.67817e-06 1.35609e-06 1.14814e-06 9.47965e-07 7.47794e-07 5.47623e-07 2.71116e-07 2.37321e-05 2.38085e-05 2.38849e-05
2.39614e-05 2.40377e-05 2.41174e-05 2.41862e-05 2.4257e-05 2.43278e-05 2.43986e-05 2.44737e-05 2.45152e-05 2.45588e-05
2.46023e-05 2.46458e-05 2.46943e-05 2.47116e-05 2.47312e-05 2.47507e-05 2.47702e-05 2.4795e-05 2.47906e-05 2.47884e-05
2.47863e-05 2.47841e-05 2.4786e-05 2.47611e-05 2.47384e-05 2.47157e-05 2.46929e-05 2.46728e-05 2.46277e-05 2.45847e-05
2.45417e-05 2.44987e-05 2.44576e-05 2.43947e-05 2.43339e-05 2.42731e-05 2.42124e-05 2.41527e-05 2.4074e-05 2.3997e-05
2.392e-05 2.38429e-05 2.37647e-05 2.36652e-05 2.35671e-05 2.34689e-05 2.33707e-05 2.32691e-05 2.31427e-05 2.30169e-05
2.28911e-05 2.27653e-05 2.26344e-05 2.24764e-05 2.23184e-05 2.21603e-05 2.20023e-05 2.18377e-05 2.16436e-05 2.14488e-05
2.12541e-05 2.10593e-05 2.08579e-05 2.0626e-05 2.03931e-05 2.01601e-05 1.99272e-05 1.96887e-05 1.94195e-05 1.91488e-05
1.88782e-05 1.86075e-05 1.83324e-05 1.80239e-05 1.77137e-05 1.74036e-05 1.70935e-05 1.67814e-05 1.64323e-05 1.60815e-05
1.57307e-05 1.53799e-05 1.50307e-05 1.46436e-05 1.42551e-05 1.38666e-05 1.3478e-05 1.30956e-05 1.26812e-05 1.2266e-05
1.18509e-05 1.14357e-05 1.10293e-05 1.06031e-05 1.01773e-05 9.7515e-06 9.32569e-06 8.90974e-06 8.48327e-06 8.05819e-06
7.63311e-06 7.20804e-06 6.79321e-06 6.38304e-06 5.97601e-06 5.56898e-06 5.16195e-06 4.76301e-06 4.39335e-06 4.02807e-06
3.66279e-06 3.29751e-06 2.93215e-06 2.61551e-06 2.30379e-06 1.99208e-06 1.68037e-06 1.35748e-06 1.14952e-06 9.49353e-07
7.49182e-07 5.49011e-07 2.67648e-07 2.37341e-05 2.38106e-05 2.3887e-05 2.39634e-05 2.40397e-05 2.41195e-05 2.41882e-05
2.4259e-05 2.43298e-05 2.44006e-05 2.44757e-05 2.45173e-05 2.45608e-05 2.46043e-05 2.46478e-05 2.46964e-05 2.47138e-05
2.47334e-05 2.47529e-05 2.47724e-05 2.47973e-05 2.47929e-05 2.47907e-05 2.47886e-05 2.47864e-05 2.47884e-05 2.47635e-05
2.47408e-05 2.4718e-05 2.46953e-05 2.46751e-05 2.463e-05 2.4587e-05 2.4544e-05 2.4501e-05 2.44598e-05 2.43969e-05
2.43362e-05 2.42754e-05 2.42146e-05 2.41549e-05 2.40762e-05 2.39992e-05 2.39221e-05 2.38451e-05 2.37666e-05 2.36672e-05
2.3569e-05 2.34708e-05 2.33727e-05 2.32708e-05 2.31444e-05 2.30186e-05 2.28928e-05 2.2767e-05 2.26357e-05 2.24778e-05
2.23198e-05 2.21617e-05 2.20037e-05 2.18387e-05 2.16447e-05 2.14499e-05 2.12551e-05 2.10603e-05 2.08587e-05 2.06267e-05
2.03938e-05 2.01608e-05 1.99279e-05 1.96892e-05 1.94199e-05 1.91493e-05 1.88786e-05 1.86079e-05 1.83327e-05 1.80241e-05
1.7714e-05 1.74039e-05 1.70938e-05 1.67816e-05 1.64325e-05 1.60817e-05 1.57309e-05 1.53801e-05 1.50311e-05 1.4644e-05
1.42555e-05 1.38669e-05 1.34784e-05 1.30963e-05 1.26819e-05 1.22668e-05 1.18516e-05 1.14364e-05 1.10305e-05 1.06043e-05
1.01785e-05 9.7527e-06 9.3269e-06 8.9114e-06 8.48494e-06 8.05986e-06 7.63478e-06 7.20971e-06 6.79533e-06 6.38517e-06
5.97813e-06 5.5711e-06 5.16408e-06 4.76541e-06 4.39574e-06 4.03046e-06 3.66518e-06 3.2999e-06 2.93434e-06 2.6177e-06
2.30599e-06 1.99428e-06 1.68255e-06 1.35887e-06 1.15091e-06 9.50741e-07 7.5057e-07 5.50298e-07 2.64181e-07 
k 1 2520 float
0.227851 0.227851 0.227851 0.227851 0.227851 0.22785 0.227851 0.227851 0.227851 0.227851 0.22785
0.227851 0.227851 0.227851 0.227851 0.22785 0.227851 0.227851 0.227851 0.227851 0.22785
0.227851 0.227851 0.227851 0.227851 0.22785 0.227851 0.227851 0.227851 0.227851 0.22785
0.227851 0.227852 0.227852 0.227852 0.227851 0.227853 0.227853 0.227853 0.227854 0.227853
0.227854 0.227854 0.227854 0.227854 0.227853 0.227854 0.227854 0.227853 0.227853 0.227852
0.227852 0.227852 0.227852 0.227852 0.22785 0.227851 0.227851 0.227851 0.227851 0.22785
0.227851 0.227851 0.227851 0.227851 0.22785 0.227851 0.227851 0.227851 0.227851 0.22785
0.227851 0.227851 0.227851 0.227851 0.22785 0.227851 0.227851 0.227851 0.227851 0.22785
0.227851 0.227851 0.227851 0.227851 0.22785 0.227851 0.227851 0.227851 0.227851 0.22785
0.227851 0.227851 0.227851 0.227851 0.22785 0.227851 0.227851 0.227851 0.227851 0.22785
0.227851 0.227851 0.227851 0.227851 0.227851 0.227852 0.227852 0.227852 0.227852 0.227851
0.227851 0.227851 0.227851 0.227851 0.227849 0.227848 0.227845 0.227843 0.22784 0.227837
0.227836 0.227833 0.227831 0.227829 0.227825 0.227851 0.227851 0.227851 0.227851 0.227851
0.227798 0.227851 0.227851 0.227851 0.227851 0.227798 0.227851 0.227851 0.227851 0.227851
0.227798 0.227851 0.227851 0.227851 0.227851 0.227798 0.227851 0.227851 0.227851 0.227851
0.227798 0.227851 0.227851 0.227851 0.227851 0.227798 0.227851 0.227851 0.227852 0.227852
0.227799 0.227853 0.227853 0.227853 0.227854 0.227801 0.227854 0.227854 0.227854 0.227854
0.227801 0.227854 0.227854 0.227853 0.227853 0.2278 0.227852 0.227852 0.227852 0.227852
0.227798 0.227851 0.227851 0.227851 0.227851 0.227798 0.227851 0.227851 0.227851 0.227851
0.227798 0.227851 0.227851 0.227851 0.227851 0.227798 0.227851 0.227851 0.227851 0.227851
0.227798 0.227851 0.227851 0.227851 0.227851 0.227798 0.227851 0.227851 0.227851 0.227851
0.227798 0.227851 0.227851 0.227851 0.227851 0.227798 0.227851 0.227851 0.227851 0.227851
0.227798 0.227851 0.227851 0.227851 0.227851 0.227798 0.227851 0.227851 0.227851 0.227851
0.227799 0.227852 0.227852 0.227852 0.227852 0.227799 0.227851 0.227851 0.227851 0.227851
0.227797 0.227848 0.227845 0.227843 0.22784 0.227785 0.227835 0.227833 0.227831 0.227829
0.227773 0.227808 0.227808 0.227808 0.227808 0.227808 0.227746 0.227808 0.227808 0.227808
0.227808 0.227746 0.227808 0.227808 0.227808 0.227808 0.227746 0.227808 0.227808 0.227808
0.227808 0.227746 0.227808 0.227808 0.227808 0.227808 0.227746 0.227808 0.227808 0.227808
0.227808 0.227746 0.227808 0.227808 0.227808 0.227809 0.227748 0.227809 0.22781 0.22781
0.22781 0.227749 0.227811 0.227811 0.227811 0.227811 0.227749 0.227811 0.22781 0.22781
0.22781 0.227748 0.227809 0.227809 0.227809 0.227808 0.227747 0.227808 0.227808 0.227808
0.227808 0.227746 0.227808 0.227808 0.227808 0.227808 0.227746 0.227808 0.227808 0.227808
0.227808 0.227746 0.227808 0.227808 0.227808 0.227808 0.227746 0.227808 0.227808 0.227808
0.227808 0.227746 0.227808 0.227808 0.227808 0.227808 0.227746 0.227808 0.227808 0.227808
0.227808 0.227746 0.227808 0.227808 0.227808 0.227808 0.227746 0.227808 0.227808 0.227808
0.227808 0.227746 0.227808 0.227808 0.227808 0.227808 0.227747 0.227808 0.227808 0.227808
0.227808 0.227747 0.227808 0.227808 0.227808 0.227807 0.227745 0.227805 0.227802 0.2278
0.227797 0.227733 0.227792 0.22779 0.227788 0.227785 0.227721 0.227756 0.227756 0.227756
0.227756 0.227756 0.227694 0.227756 0.227756 0.227756 0.227756 0.227694 0.227756 0.227756
0.227756 0.227756 0.227694 0.227756 0.227756 0.227756 0.227756 0.227694 0.227756 0.227756
0.227756 0.227756 0.227694 0.227756 0.227756 0.227756 0.227756 0.227694 0.227756 0.227756
0.227757 0.227757 0.227696 0.227758 0.227758 0.227758 0.227758 0.227697 0.227759 0.227759
0.227759 0.227759 0.227697 0.227759 0.227758 0.227758 0.227758 0.227696 0.227757 0.227757
0.227757 0.227756 0.227695 0.227756 0.227756 0.227756 0.227756 0.227694 0.227756 0.227756
0.227756 0.227756 0.227694 0.227756 0.227756 0.227756 0.227756 0.227694 0.227756 0.227756
0.227756 0.227756 0.227694 0.227756 0.227756 0.227756 0.227756 0.227694 0.227756 0.227756
0.227756 0.227756 0.227694 0.227756 0.227756 0.227756 0.227756 0.227694 0.227756 0.227756
0.227756 0.227756 0.227694 0.227756 0.227756 0.227756 0.227756 0.227694 0.227756 0.227756
0.227756 0.227756 0.227695 0.227756 0.227756 0.227756 0.227756 0.227695 0.227756 0.227756
0.227756 0.227755 0.227694 0.227753 0.22775 0.227748 0.227745 0.227681 0.22774 0.227738
0.227736 0.227733 0.22767 0.227704 0.227704 0.227704 0.227704 0.227704 0.227642 0.227704
0.227704 0.227704 0.227704 0.227642 0.227704 0.227704 0.227704 0.227704 0.227642 0.227704
0.227704 0.227704 0.227704 0.227642 0.227704 0.227704 0.227704 0.227704 0.227642 0.227704
0.227704 0.227704 0.227704 0.227642 0.227704 0.227704 0.227705 0.227705 0.227644 0.227706
0.227706 0.227706 0.227707 0.227645 0.227707 0.227707 0.227707 0.227707 0.227645 0.227707
0.227707 0.227706 0.227706 0.227644 0.227705 0.227705 0.227705 0.227705 0.227643 0.227704
0.227704 0.227704 0.227704 0.227643 0.227704 0.227704 0.227704 0.227704 0.227642 0.227704
0.227704 0.227704 0.227704 0.227642 0.227704 0.227704 0.227704 0.227704 0.227642 0.227704
0.227704 0.227704 0.227704 0.227642 0.227704 0.227704 0.227704 0.227704 0.227642 0.227704
0.227704 0.227704 0.227704 0.227642 0.227704 0.227704 0.227704 0.227704 0.227642 0.227704
0.227704 0.227704 0.227704 0.227642 0.227704 0.227704 0.227704 0.227704 0.227643 0.227705
0.227705 0.227705 0.227705 0.227643 0.227704 0.227704 0.227704 0.227703 0.227642 0.227701
0.227698 0.227696 0.227693 0.227629 0.227688 0.227686 0.227684 0.227681 0.227618 0.227652
0.227652 0.227652 0.227652 0.227652 0.22759 0.227652 0.227652 0.227652 0.227652 0.22759
0.227652 0.227652 0.227652 0.227652 0.22759 0.227652 0.227652 0.227652 0.227652 0.22759
0.227652 0.227652 0.227652 0.227652 0.22759 0.227652 0.227652 0.227652 0.227652 0.22759
0.227652 0.227653 0.227653 0.227653 0.227592 0.227654 0.227654 0.227654 0.227655 0.227593
0.227655 0.227655 0.227655 0.227655 0.227594 0.227655 0.227655 0.227654 0.227654 0.227592
0.227654 0.227653 0.227653 0.227653 0.227591 0.227652 0.227652 0.227652 0.227652 0.227591
0.227652 0.227652 0.227652 0.227652 0.227591 0.227652 0.227652 0.227652 0.227652 0.22759
0.227652 0.227652 0.227652 0.227652 0.22759 0.227652 0.227652 0.227652 0.227652 0.22759
0.227652 0.227652 0.227652 0.227652 0.22759 0.227652 0.227652 0.227652 0.227652 0.22759
0.227652 0.227652 0.227652 0.227652 0.227591 0.227652 0.227652 0.227652 0.227652 0.22759
0.227652 0.227652 0.227652 0.227653 0.227591 0.227653 0.227653 0.227653 0.227653 0.227591
0.227652 0.227652 0.227652 0.227652 0.22759 0.227649 0.227646 0.227644 0.227642 0.227577
0.227636 0.227634 0.227632 0.22763 0.227566 0.2276 0.2276 0.2276 0.2276 0.2276
0.227539 0.2276 0.2276 0.2276 0.2276 0.227539 0.2276 0.2276 0.2276 0.2276
0.227539 0.2276 0.2276 0.2276 0.2276 0.227539 0.2276 0.2276 0.2276 0.2276
0.227539 0.2276 0.2276 0.2276 0.2276 0.227539 0.2276 0.227601 0.227601 0.227601
0.22754 0.227602 0.227602 0.227602 0.227603 0.227542 0.227603 0.227603 0.227603 0.227603
0.227542 0.227603 0.227603 0.227602 0.227602 0.22754 0.227602 0.227601 0.227601 0.227601
0.227539 0.2276 0.2276 0.2276 0.2276 0.227539 0.2276 0.2276 0.2276 0.2276
0.227539 0.2276 0.2276 0.2276 0.2276 0.227539 0.2276 0.2276 0.2276 0.2276
0.227539 0.2276 0.2276 0.2276 0.2276 0.227539 0.2276 0.2276 0.2276 0.2276
0.227539 0.2276 0.2276 0.2276 0.2276 0.227539 0.2276 0.2276 0.2276 0.2276
0.227539 0.2276 0.2276 0.2276 0.2276 0.227539 0.2276 0.2276 0.227601 0.227601
0.227539 0.227601 0.227601 0.227601 0.227601 0.227539 0.2276 0.2276 0.2276 0.2276
0.227538 0.227597 0.227595 0.227592 0.22759 0.227525 0.227585 0.227582 0.22758 0.227578
0.227514 0.227548 0.227548 0.227548 0.227548 0.227548 0.227487 0.227548 0.227548 0.227548
0.227548 0.227487 0.227548 0.227548 0.227548 0.227548 0.227487 0.227548 0.227548 0.227548
0.227548 0.227487 0.227548 0.227548 0.227548 0.227548 0.227487 0.227548 0.227548 0.227548
0.227548 0.227487 0.227549 0.227549 0.227549 0.227549 0.227488 0.22755 0.22755 0.227551
0.227551 0.22749 0.227551 0.227551 0.227551 0.227551 0.22749 0.227551 0.227551 0.227551
0.22755 0.227489 0.22755 0.22755 0.227549 0.227549 0.227487 0.227549 0.227549 0.227549
0.227548 0.227487 0.227548 0.227548 0.227548 0.227548 0.227487 0.227548 0.227548 0.227548
0.227548 0.227487 0.227548 0.227548 0.227548 0.227548 0.227487 0.227548 0.227548 0.227548
0.227548 0.227487 0.227548 0.227548 0.227548 0.227548 0.227487 0.227548 0.227548 0.227548
0.227548 0.227487 0.227548 0.227548 0.227548 0.227548 0.227487 0.227548 0.227548 0.227548
0.227548 0.227487 0.227548 0.227549 0.227549 0.227549 0.227487 0.227549 0.227549 0.227549
0.227549 0.227487 0.227549 0.227548 0.227548 0.227548 0.227486 0.227545 0.227543 0.22754
0.227538 0.227473 0.227533 0.22753 0.227528 0.227526 0.227462 0.227496 0.227496 0.227496
0.227496 0.227496 0.227435 0.227496 0.227496 0.227496 0.227496 0.227435 0.227496 0.227496
0.227496 0.227496 0.227435 0.227496 0.227496 0.227496 0.227496 0.227435 0.227496 0.227496
0.227496 0.227496 0.227435 0.227496 0.227496 0.227496 0.227496 0.227435 0.227497 0.227497
0.227497 0.227497 0.227436 0.227498 0.227498 0.227499 0.227499 0.227438 0.227499 0.227499
0.227499 0.227499 0.227438 0.227499 0.227499 0.227499 0.227498 0.227437 0.227498 0.227498
0.227497 0.227497 0.227435 0.227497 0.227497 0.227497 0.227497 0.227435 0.227497 0.227497
0.227496 0.227496 0.227435 0.227496 0.227496 0.227496 0.227496 0.227435 0.227496 0.227496
0.227496 0.227496 0.227435 0.227496 0.227496 0.227496 0.227496 0.227435 0.227496 0.227496
0.227496 0.227496 0.227435 0.227496 0.227496 0.227496 0.227496 0.227435 0.227496 0.227496
0.227496 0.227496 0.227435 0.227496 0.227496 0.227496 0.227496 0.227435 0.227497 0.227497
0.227497 0.227497 0.227435 0.227497 0.227497 0.227497 0.227497 0.227435 0.227497 0.227496
0.227496 0.227496 0.227434 0.227493 0.227491 0.227488 0.227486 0.227422 0.227481 0.227478
0.227476 0.227474 0.22741 0.227444 0.227444 0.227444 0.227444 0.227444 0.227383 0.227444
0.227444 0.227444 0.227444 0.227383 0.227444 0.227444 0.227444 0.227444 0.227383 0.227444
0.227444 0.227444 0.227444 0.227383 0.227444 0.227444 0.227444 0.227444 0.227383 0.227444
0.227444 0.227444 0.227444 0.227383 0.227445 0.227445 0.227445 0.227446 0.227384 0.227446
0.227447 0.227447 0.227447 0.227386 0.227447 0.227448 0.227448 0.227448 0.227386 0.227447
0.227447 0.227447 0.227447 0.227385 0.227446 0.227446 0.227445 0.227445 0.227383 0.227445
0.227445 0.227445 0.227445 0.227383 0.227445 0.227445 0.227445 0.227445 0.227383 0.227445
0.227445 0.227445 0.227444 0.227383 0.227444 0.227444 0.227444 0.227444 0.227383 0.227444
0.227444 0.227444 0.227444 0.227383 0.227444 0.227444 0.227444 0.227444 0.227383 0.227444
0.227444 0.227444 0.227444 0.227383 0.227445 0.227445 0.227445 0.227445 0.227383 0.227445
0.227445 0.227445 0.227445 0.227383 0.227445 0.227445 0.227445 0.227445 0.227384 0.227445
0.227445 0.227445 0.227445 0.227383 0.227445 0.227445 0.227444 0.227444 0.227382 0.227441
0.227439 0.227436 0.227434 0.22737 0.227429 0.227427 0.227424 0.227422 0.227358 0.227393
0.227393 0.227393 0.227393 0.227393 0.227331 0.227393 0.227393 0.227393 0.227393 0.227331
0.227393 0.227393 0.227393 0.227393 0.227331 0.227393 0.227393 0.227393 0.227393 0.227331
0.227393 0.227393 0.227393 0.227393 0.227331 0.227393 0.227393 0.227393 0.227393 0.227331
0.227393 0.227393 0.227393 0.227394 0.227332 0.227394 0.227395 0.227395 0.227395 0.227334
0.227396 0.227396 0.227396 0.227396 0.227334 0.227396 0.227395 0.227395 0.227395 0.227333
0.227394 0.227394 0.227394 0.227393 0.227331 0.227393 0.227393 0.227393 0.227393 0.227331
0.227393 0.227393 0.227393 0.227393 0.227331 0.227393 0.227393 0.227393 0.227393 0.227331
0.227393 0.227393 0.227393 0.227393 0.227331 0.227393 0.227393 0.227393 0.227393 0.227331
0.227393 0.227393 0.227393 0.227393 0.227331 0.227393 0.227393 0.227393 0.227393 0.227331
0.227393 0.227393 0.227393 0.227393 0.227331 0.227393 0.227393 0.227393 0.227393 0.227331
0.227393 0.227393 0.227393 0.227393 0.227332 0.227393 0.227393 0.227393 0.227393 0.227332
0.227393 0.227393 0.227392 0.227392 0.22733 0.227389 0.227387 0.227385 0.227382 0.227318
0.227377 0.227375 0.227372 0.22737 0.227306 0.227341 0.227341 0.227341 0.227341 0.227341
0.227279 0.227341 0.227341 0.227341 0.227341 0.227279 0.227341 0.227341 0.227341 0.227341
0.227279 0.227341 0.227341 0.227341 0.227341 0.227279 0.227341 0.227341 0.227341 0.227341
0.227279 0.227341 0.227341 0.227341 0.227341 0.227279 0.227341 0.227341 0.227342 0.227342
0.227281 0.227342 0.227343 0.227343 0.227343 0.227282 0.227344 0.227344 0.227344 0.227344
0.227282 0.227344 0.227343 0.227343 0.227343 0.227281 0.227342 0.227342 0.227342 0.227341
0.22728 0.227341 0.227341 0.227341 0.227341 0.227279 0.227341 0.227341 0.227341 0.227341
0.227279 0.227341 0.227341 0.227341 0.227341 0.227279 0.227341 0.227341 0.227341 0.227341
0.227279 0.227341 0.227341 0.227341 0.227341 0.227279 0.227341 0.227341 0.227341 0.227341
0.227279 0.227341 0.227341 0.227341 0.227341 0.227279 0.227341 0.227341 0.227341 0.227341
0.227279 0.227341 0.227341 0.227341 0.227341 0.227279 0.227341 0.227341 0.227341 0.227341
0.22728 0.227341 0.227341 0.227341 0.227341 0.22728 0.227341 0.227341 0.22734 0.22734
0.227278 0.227338 0.227335 0.227333 0.22733 0.227266 0.227325 0.227323 0.22732 0.227318
0.227254 0.227289 0.227289 0.227289 0.227289 0.227289 0.227227 0.227289 0.227289 0.227289
0.227289 0.227227 0.227289 0.227289 0.227289 0.227289 0.227227 0.227289 0.227289 0.227289
0.227289 0.227227 0.227289 0.227289 0.227289 0.227289 0.227227 0.227289 0.227289 0.227289
0.227289 0.227227 0.227289 0.227289 0.22729 0.22729 0.227229 0.227291 0.227291 0.227291
0.227292 0.22723 0.227292 0.227292 0.227292 0.227292 0.22723 0.227292 0.227291 0.227291
0.227291 0.227229 0.22729 0.22729 0.22729 0.22729 0.227228 0.227289 0.227289 0.227289
0.227289 0.227227 0.227289 0.227289 0.227289 0.227289 0.227227 0.227289 0.227289 0.227289
0.227289 0.227227 0.227289 0.227289 0.227289 0.227289 0.227227 0.227289 0.227289 0.227289
0.227289 0.227227 0.227289 0.227289 0.227289 0.227289 0.227227 0.227289 0.227289 0.227289
0.227289 0.227227 0.227289 0.227289 0.227289 0.227289 0.227227 0.227289 0.227289 0.227289
0.227289 0.227227 0.227289 0.227289 0.227289 0.227289 0.227228 0.227289 0.227289 0.227289
0.227289 0.227228 0.227289 0.227289 0.227289 0.227288 0.227226 0.227286 0.227283 0.227281
0.227278 0.227214 0.227273 0.227271 0.227269 0.227266 0.227202 0.227237 0.227237 0.227237
0.227237 0.227237 0.227175 0.227237 0.227237 0.227237 0.227237 0.227175 0.227237 0.227237
0.227237 0.227237 0.227175 0.227237 0.227237 0.227237 0.227237 0.227175 0.227237 0.227237
0.227237 0.227237 0.227175 0.227237 0.227237 0.227237 0.227237 0.227175 0.227237 0.227238
0.227238 0.227238 0.227177 0.227239 0.227239 0.227239 0.22724 0.227178 0.22724 0.22724
0.22724 0.22724 0.227179 0.22724 0.22724 0.227239 0.227239 0.227177 0.227239 0.227238
0.227238 0.227238 0.227176 0.227237 0.227237 0.227237 0.227237 0.227176 0.227237 0.227237
0.227237 0.227237 0.227175 0.227237 0.227237 0.227237 0.227237 0.227175 0.227237 0.227237
0.227237 0.227237 0.227175 0.227237 0.227237 0.227237 0.227237 0.227175 0.227237 0.227237
0.227237 0.227237 0.227175 0.227237 0.227237 0.227237 0.227237 0.227175 0.227237 0.227237
0.227237 0.227237 0.227176 0.227237 0.227237 0.227237 0.227237 0.227175 0.227237 0.227237
0.227237 0.227238 0.227176 0.227238 0.227238 0.227238 0.227238 0.227176 0.227237 0.227237
0.227237 0.227236 0.227175 0.227234 0.227231 0.227229 0.227226 0.227162 0.227221 0.227219
0.227217 0.227214 0.22715 0.227185 0.227185 0.227185 0.227185 0.227185 0.227124 0.227185
0.227185 0.227185 0.227185 0.227124 0.227185 0.227185 0.227185 0.227185 0.227124 0.227185
0.227185 0.227185 0.227185 0.227124 0.227185 0.227185 0.227185 0.227185 0.227124 0.227185
0.227185 0.227185 0.227185 0.227124 0.227185 0.227186 0.227186 0.227186 0.227125 0.227187
0.227187 0.227187 0.227188 0.227127 0.227188 0.227188 0.227188 0.227188 0.227127 0.227188
0.227188 0.227187 0.227187 0.227125 0.227187 0.227186 0.227186 0.227186 0.227124 0.227185
0.227185 0.227185 0.227185 0.227124 0.227185 0.227185 0.227185 0.227185 0.227124 0.227185
0.227185 0.227185 0.227185 0.227124 0.227185 0.227185 0.227185 0.227185 0.227124 0.227185
0.227185 0.227185 0.227185 0.227124 0.227185 0.227185 0.227185 0.227185 0.227124 0.227185
0.227185 0.227185 0.227185 0.227124 0.227185 0.227185 0.227185 0.227185 0.227124 0.227185
0.227185 0.227185 0.227185 0.227124 0.227185 0.227185 0.227186 0.227186 0.227124 0.227186
0.227186 0.227186 0.227186 0.227124 0.227185 0.227185 0.227185 0.227184 0.227123 0.227182
0.227179 0.227177 0.227174 0.22711 0.227169 0.227167 0.227165 0.227162 0.227098 0.227133
0.227133 0.227133 0.227133 0.227133 0.227072 0.227133 0.227133 0.227133 0.227133 0.227072
0.227133 0.227133 0.227133 0.227133 0.227072 0.227133 0.227133 0.227133 0.227133 0.227072
0.227133 0.227133 0.227133 0.227133 0.227072 0.227133 0.227133 0.227133 0.227133 0.227072
0.227133 0.227134 0.227134 0.227134 0.227073 0.227135 0.227135 0.227136 0.227136 0.227075
0.227136 0.227136 0.227136 0.227136 0.227075 0.227136 0.227136 0.227136 0.227135 0.227074
0.227135 0.227134 0.227134 0.227134 0.227072 0.227134 0.227134 0.227133 0.227133 0.227072
0.227133 0.227133 0.227133 0.227133 0.227072 0.227133 0.227133 0.227133 0.227133 0.227072
0.227133 0.227133 0.227133 0.227133 0.227072 0.227133 0.227133 0.227133 0.227133 0.227072
0.227133 0.227133 0.227133 0.227133 0.227072 0.227133 0.227133 0.227133 0.227133 0.227072
0.227133 0.227133 0.227133 0.227133 0.227072 0.227133 0.227133 0.227133 0.227133 0.227072
0.227133 0.227134 0.227134 0.227134 0.227072 0.227134 0.227134 0.227134 0.227134 0.227072
0.227133 0.227133 0.227133 0.227133 0.227071 0.22713 0.227127 0.227125 0.227123 0.227058
0.227117 0.227115 0.227113 0.22711 0.227047 0.227081 0.227081 0.227081 0.227081 0.227081
0.22702 0.227081 0.227081 0.227081 0.227081 0.22702 0.227081 0.227081 0.227081 0.227081
0.22702 0.227081 0.227081 0.227081 0.227081 0.22702 0.227081 0.227081 0.227081 0.227081
0.22702 0.227081 0.227081 0.227081 0.227081 0.22702 0.227082 0.227082 0.227082 0.227082
0.227021 0.227083 0.227083 0.227084 0.227084 0.227023 0.227084 0.227084 0.227084 0.227084
0.227023 0.227084 0.227084 0.227084 0.227083 0.227022 0.227083 0.227083 0.227082 0.227082
0.22702 0.227082 0.227082 0.227082 0.227082 0.22702 0.227081 0.227081 0.227081 0.227081
0.22702 0.227081 0.227081 0.227081 0.227081 0.22702 0.227081 0.227081 0.227081 0.227081
0.22702 0.227081 0.227081 0.227081 0.227081 0.22702 0.227081 0.227081 0.227081 0.227081
0.22702 0.227081 0.227081 0.227081 0.227081 0.22702 0.227081 0.227081 0.227081 0.227081
0.22702 0.227081 0.227081 0.227081 0.227081 0.22702 0.227081 0.227082 0.227082 0.227082
0.22702 0.227082 0.227082 0.227082 0.227082 0.22702 0.227081 0.227081 0.227081 0.227081
0.227019 0.227078 0.227076 0.227073 0.227071 0.227006 0.227066 0.227063 0.227061 0.227059
0.226995 0.227029 0.227029 0.227029 0.227029 0.227029 0.226968 0.227029 0.227029 0.227029
0.227029 0.226968 0.227029 0.227029 0.227029 0.227029 0.226968 0.227029 0.227029 0.227029
0.227029 0.226968 0.227029 0.227029 0.227029 0.227029 0.226968 0.227029 0.227029 0.227029
0.227029 0.226968 0.22703 0.22703 0.22703 0.227031 0.226969 0.227031 0.227032 0.227032
0.227032 0.226971 0.227032 0.227033 0.227033 0.227033 0.226971 0.227032 0.227032 0.227032
0.227032 0.22697 0.227031 0.227031 0.22703 0.22703 0.226968 0.22703 0.22703 0.22703
0.22703 0.226968 0.22703 0.22703 0.22703 0.22703 0.226968 0.227029 0.227029 0.227029
0.227029 0.226968 0.227029 0.227029 0.227029 0.227029 0.226968 0.227029 0.227029 0.227029
0.227029 0.226968 0.227029 0.227029 0.227029 0.227029 0.226968 0.227029 0.227029 0.227029
0.227029 0.226968 0.22703 0.22703 0.22703 0.22703 0.226968 0.22703 0.22703 0.22703
0.22703 0.226968 0.22703 0.22703 0.22703 0.22703 0.226968 0.22703 0.22703 0.22703
0.22703 0.226968 0.22703 0.227029 0.227029 0.227029 0.226967 0.227026 0.227024 0.227021
0.227019 0.226954 0.227014 0.227011 0.227009 0.227007 0.226943 0.226978 0.226978 0.226978
0.226978 0.226978 0.226916 0.226978 0.226978 0.226978 0.226978 0.226916 0.226978 0.226978
0.226978 0.226978 0.226916 0.226978 0.226978 0.226978 0.226978 0.226916 0.226978 0.226978
0.226978 0.226978 0.226916 0.226978 0.226978 0.226978 0.226978 0.226916 0.226978 0.226978
0.226978 0.226979 0.226917 0.226979 0.22698 0.22698 0.22698 0.226919 0.226981 0.226981
0.226981 0.226981 0.226919 0.22698 0.22698 0.22698 0.22698 0.226918 0.226979 0.226979
0.226979 0.226978 0.226916 0.226978 0.226978 0.226978 0.226978 0.226916 0.226978 0.226978
0.226978 0.226978 0.226916 0.226978 0.226978 0.226978 0.226978 0.226916 0.226978 0.226978
0.226978 0.226978 0.226916 0.226978 0.226978 0.226978 0.226978 0.226916 0.226978 0.226978
0.226978 0.226978 0.226916 0.226978 0.226978 0.226978 0.226978 0.226916 0.226978 0.226978
0.226978 0.226978 0.226916 0.226978 0.226978 0.226978 0.226978 0.226916 0.226978 0.226978
0.226978 0.226978 0.226917 0.226978 0.226978 0.226978 0.226978 0.226916 0.226978 0.226977
0.226977 0.226977 0.226915 0.226974 0.226972 0.226969 0.226967 0.226903 0.226962 0.226959
0.226957 0.226955 0.226891 0.226926 0.226926 0.226926 0.226926 0.226926 0.226864 0.226926
0.226926 0.226926 0.226926 0.226864 0.226926 0.226926 0.226926 0.226926 0.226864 0.226926
0.226926 0.226926 0.226926 0.226864 0.226926 0.226926 0.226926 0.226926 0.226864 0.226926
0.226926 0.226926 0.226926 0.226864 0.226926 0.226926 0.226927 0.226927 0.226866 0.226927
0.226928 0.226928 0.226928 0.226867 0.226929 0.226929 0.226929 0.226929 0.226867 0.226929
0.226928 0.226928 0.226928 0.226866 0.226927 0.226927 0.226927 0.226926 0.226865 0.226926
0.226926 0.226926 0.226926 0.226864 0.226926 0.226926 0.226926 0.226926 0.226864 0.226926
0.226926 0.226926 0.226926 0.226864 0.226926 0.226926 0.226926 0.226926 0.226864 0.226926
0.226926 0.226926 0.226926 0.226864 0.226926 0.226926 0.226926 0.226926 0.226864 0.226926
0.226926 0.226926 0.226926 0.226864 0.226926 0.226926 0.226926 0.226926 0.226864 0.226926
0.226926 0.226926 0.226926 0.226864 0.226926 0.226926 0.226926 0.226926 0.226865 0.226926
0.226926 0.226926 0.226926 0.226864 0.226926 0.226926 0.226925 0.226925 0.226863 0.226922
0.22692 0.226917 0.226915 0.226851 0.22691 0.226907 0.226905 0.226903 0.226839 
U 3 2520 float
-10 -1.36595e-11 -1.18567e-12 -10 -1.36595e-11 -1.18567e-12 -10 -1.36595e-11 -1.18567e-12 -10 -1.36595e-11
-1.18567e-12 -10 -1.36595e-11 -1.18567e-12 -10 1.9844e-11 -8.78329e-12 -10 7.68201e-11 -2.29212e-12
-10 7.68201e-11 -2.29212e-12 -10 7.68201e-11 -2.29212e-12 -10 7.68201e-11 -2.29212e-12 -10
6.02036e-11 -8.38336e-12 -10 1.51059e-10 -1.45764e-11 -10 1.51059e-10 -1.45764e-11 -10 1.51059e-10
-1.45764e-11 -10 1.51059e-10 -1.45764e-11 -10 9.23729e-11 -5.79672e-12 -10 2.09886e-10 -1.19849e-11
-10 2.09886e-10 -1.19849e-11 -10 2.09886e-10 -1.19849e-11 -10 2.09886e-10 -1.19849e-11 -10
1.17398e-10 -1.85407e-12 -10 2.56925e-10 7.0754e-12 -10 2.56925e-10 7.0754e-12 -10 2.56925e-10
7.0754e-12 -10 2.56925e-10 7.0754e-12 -10 1.36889e-10 1.7704e-12 -10 2.93576e-10 5.1187e-12
-10 2.93576e-10 5.1187e-12 -10 2.93576e-10 5.1187e-12 -10 2.93576e-10 5.1187e-12 -10
1.52861e-10 3.52607e-12 -10 3.22282e-10 7.95335e-13 -10 3.22282e-10 7.95335e-13 -10 3.22282e-10
7.95335e-13 -10 3.22282e-10 7.95335e-13 -10 1.63654e-10 3.94931e-12 -10 3.40974e-10 1.57638e-11
-10 3.40974e-10 1.57638e-11 -10 3.40974e-10 1.57638e-11 -10 3.40974e-10 1.57638e-11 -10
1.67649e-10 4.19422e-12 -10 3.45378e-10 3.75677e-12 -10 3.45378e-10 3.75677e-12 -10 3.45378e-10
3.75677e-12 -10 3.45378e-10 3.75677e-12 -10 1.67462e-10 3.36896e-12 -10 3.38807e-10 5.02182e-12
-10 3.38807e-10 5.02182e-12 -10 3.38807e-10 5.02182e-12 -10 3.38807e-10 5.02182e-12 -10
1.65682e-10 1.97381e-12 -10 3.42984e-10 4.80913e-12 -10 3.42984e-10 4.80913e-12 -10 3.42984e-10
4.80913e-12 -10 3.42984e-10 4.80913e-12 -10 1.62752e-10 -4.19458e-13 -10 3.41416e-10 -6.44871e-12
-10 3.41416e-10 -6.44871e-12 -10 3.41416e-10 -6.44871e-12 -10 3.41416e-10 -6.44871e-12 -10
1.6082e-10 -5.19046e-12 -10 3.43393e-10 -1.0883e-11 -10 3.43393e-10 -1.0883e-11 -10 3.43393e-10
-1.0883e-11 -10 3.43393e-10 -1.0883e-11 -10 1.6279e-10 -9.31236e-12 -10 3.56215e-10 -1.56139e-11
-10 3.56215e-10 -1.56139e-11 -10 3.56215e-10 -1.56139e-11 -10 3.56215e-10 -1.56139e-11 -10
1.70533e-10 -1.10645e-11 -10 3.79286e-10 -1.82116e-11 -10 3.79286e-10 -1.82116e-11 -10 3.79286e-10
-1.82116e-11 -10 3.79286e-10 -1.82116e-11 -10 1.81479e-10 -1.14634e-11 -10 4.00136e-10 -1.689e-11
-10 4.00136e-10 -1.689e-11 -10 4.00136e-10 -1.689e-11 -10 4.00136e-10 -1.689e-11 -10
1.82675e-10 -1.03599e-11 -10 3.90743e-10 -1.62653e-11 -10 3.90743e-10 -1.62653e-11 -10 3.90743e-10
-1.62653e-11 -10 3.90743e-10 -1.62653e-11 -10 1.75813e-10 -8.86562e-12 -10 3.86459e-10 -1.20899e-11
-10 3.86459e-10 -1.20899e-11 -10 3.86459e-10 -1.20899e-11 -10 3.86459e-10 -1.20899e-11 -10
1.7282e-10 -8.25242e-12 -10 3.85909e-10 -1.53147e-11 -10 3.85909e-10 -1.53147e-11 -10 3.85909e-10
-1.53147e-11 -10 3.85909e-10 -1.53147e-11 -10 1.74837e-10 -8.59604e-12 -10 3.94515e-10 -1.785e-11
-10 3.94515e-10 -1.785e-11 -10 3.94515e-10 -1.785e-11 -10 3.94515e-10 -1.785e-11 -10
1.82352e-10 -1.0087e-11 -10 4.11051e-10 -1.74634e-11 -10 4.11051e-10 -1.74634e-11 -10 4.11051e-10
-1.74634e-11 -10 4.11051e-10 -1.74634e-11 -10 1.95532e-10 -1.27633e-11 -10 4.36024e-10 -1.80919e-11
-10 4.36024e-10 -1.80919e-11 -10 4.36024e-10 -1.80919e-11 -10 4.36024e-10 -1.80919e-11 -10
2.13593e-10 -1.3164e-11 -10 4.65911e-10 -1.41711e-11 -10 4.65911e-10 -1.41711e-11 -10 4.65911e-10
-1.41711e-11 -10 4.65911e-10 -1.41711e-11 -10 2.35727e-10 -4.73738e-12 -10 5.29157e-10 -5.68799e-13
-10 5.29157e-10 -5.68799e-13 -10 5.29157e-10 -5.68799e-13 -10 5.29157e-10 -5.68799e-13 -10
2.6005e-10 -1.00518e-13 -10 1.21027e-07 -1.02057e-09 -10 2.40936e-07 -2.10947e-09 -10 3.60846e-07
-3.19837e-09 -10 4.80755e-07 -4.28727e-09 -10 6.0035e-07 -5.37195e-09 -10 -6.67224e-10 -5.79161e-11
-10 -6.67224e-10 -5.79161e-11 -10 -6.67224e-10 -5.79161e-11 -10 -6.67224e-10 -5.79161e-11 -10
-6.67224e-10 -5.79161e-11 -10 9.6932e-10 -4.29037e-10 -10 3.75242e-09 -1.11963e-10 -10 3.75242e-09
-1.11963e-10 -10 3.75242e-09 -1.11963e-10 -10 3.75242e-09 -1.11963e-10 -10 2.94076e-09 -4.09501e-10
-10 7.37874e-09 -7.12013e-10 -10 7.37874e-09 -7.12013e-10 -10 7.37874e-09 -7.12013e-10 -10
7.37874e-09 -7.12013e-10 -10 4.51213e-09 -2.83152e-10 -10 1.02523e-08 -5.85424e-10 -10 1.02523e-08
-5.85424e-10 -10 1.02523e-08 -5.85424e-10 -10 1.02523e-08 -5.85424e-10 -10 5.73451e-09 -9.05656e-11
-10 1.255e-08 3.45611e-10 -10 1.255e-08 3.45611e-10 -10 1.255e-08 3.45611e-10 -10
1.255e-08 3.45611e-10 -10 6.68659e-09 8.64783e-11 -10 1.43403e-08 2.50033e-10 -10 1.43403e-08
2.50033e-10 -10 1.43403e-08 2.50033e-10 -10 1.43403e-08 2.50033e-10 -10 7.46676e-09 1.72237e-10
-10 1.57425e-08 3.88496e-11 -10 1.57425e-08 3.88496e-11 -10 1.57425e-08 3.88496e-11 -10
1.57425e-08 3.88496e-11 -10 7.99398e-09 1.92912e-10 -10 1.66555e-08 7.7001e-10 -10 1.66555e-08
7.7001e-10 -10 1.66555e-08 7.7001e-10 -10 1.66555e-08 7.7001e-10 -10 8.18914e-09 2.04875e-10
-10 1.68706e-08 1.83506e-10 -10 1.68706e-08 1.83506e-10 -10 1.68706e-08 1.83506e-10 -10
1.68706e-08 1.83506e-10 -10 8.17999e-09 1.64563e-10 -10 1.65497e-08 2.453e-10 -10 1.65497e-08
2.453e-10 -10 1.65497e-08 2.453e-10 -10 1.65497e-08 2.453e-10 -10 8.09303e-09 9.64143e-11
-10 1.67537e-08 2.34911e-10 -10 1.67537e-08 2.34911e-10 -10 1.67537e-08 2.34911e-10 -10
1.67537e-08 2.34911e-10 -10 7.94993e-09 -2.04892e-11 -10 1.66771e-08 -3.15e-10 -10 1.66771e-08
-3.15e-10 -10 1.66771e-08 -3.15e-10 -10 1.66771e-08 -3.15e-10 -10 7.85555e-09 -2.53538e-10
-10 1.67737e-08 -5.31603e-10 -10 1.67737e-08 -5.31603e-10 -10 1.67737e-08 -5.31603e-10 -10
1.67737e-08 -5.31603e-10 -10 7.95177e-09 -4.5488e-10 -10 1.74e-08 -7.6269e-10 -10 1.74e-08
-7.6269e-10 -10 1.74e-08 -7.6269e-10 -10 1.74e-08 -7.6269e-10 -10 8.32999e-09 -5.40465e-10
-10 1.85269e-08 -8.89578e-10 -10 1.85269e-08 -8.89578e-10 -10 1.85269e-08 -8.89578e-10 -10
1.85269e-08 -8.89578e-10 -10 8.86469e-09 -5.59953e-10 -10 1.95454e-08 -8.25023e-10 -10 1.95454e-08
-8.25023e-10 -10 1.95454e-08 -8.25023e-10 -10 1.95454e-08 -8.25023e-10 -10 8.92311e-09 -5.06048e-10
-10 1.90866e-08 -7.94511e-10 -10 1.90866e-08 -7.94511e-10 -10 1.90866e-08 -7.94511e-10 -10
1.90866e-08 -7.94511e-10 -10 8.5879e-09 -4.33058e-10 -10 1.88773e-08 -5.90556e-10 -10 1.88773e-08
-5.90556e-10 -10 1.88773e-08 -5.90556e-10 -10 1.88773e-08 -5.90556e-10 -10 8.4417e-09 -4.03105e-10
-10 1.88504e-08 -7.48076e-10 -10 1.88504e-08 -7.48076e-10 -10 1.88504e-08 -7.48076e-10 -10
1.88504e-08 -7.48076e-10 -10 8.54024e-09 -4.1989e-10 -10 1.92708e-08 -8.71916e-10 -10 1.92708e-08
-8.71916e-10 -10 1.92708e-08 -8.71916e-10 -10 1.92708e-08 -8.71916e-10 -10 8.9073e-09 -4.92718e-10
-10 2.00785e-08 -8.53031e-10 -10 2.00785e-08 -8.53031e-10 -10 2.00785e-08 -8.53031e-10 -10
2.00785e-08 -8.53031e-10 -10 9.55112e-09 -6.23446e-10 -10 2.12984e-08 -8.83732e-10 -10 2.12984e-08
-8.83732e-10 -10 2.12984e-08 -8.83732e-10 -10 2.12984e-08 -8.83732e-10 -10 1.04334e-08 -6.43021e-10
-10 2.27583e-08 -6.92213e-10 -10 2.27583e-08 -6.92213e-10 -10 2.27583e-08 -6.92213e-10 -10
2.27583e-08 -6.92213e-10 -10 1.15145e-08 -2.31406e-10 -10 2.58477e-08 -2.77841e-11 -10 2.58477e-08
-2.77841e-11 -10 2.58477e-08 -2.77841e-11 -10 2.58477e-08 -2.77841e-11 -10 1.27026e-08 -4.90999e-12
-10 1.42836e-07 -1.29624e-09 -10 2.62745e-07 -2.38514e-09 -10 3.82655e-07 -3.47404e-09 -10
5.02565e-07 -4.56295e-09 -10 6.07077e-07 -5.44545e-09 -10 -1.96814e-09 -3.13725e-10 -10 -1.96814e-09
-3.13725e-10 -10 -1.96814e-09 -3.13725e-10 -10 -1.96814e-09 -3.13725e-10 -10 -1.96814e-09 -3.13725e-10
-10 1.9188e-09 -8.4929e-10 -10 5.15607e-09 -4.80473e-10 -10 5.15607e-09 -4.80473e-10 -10
5.15607e-09 -4.80473e-10 -10 5.15607e-09 -4.80473e-10 -10 5.82132e-09 -8.10619e-10 -10 1.09835e-08
-1.1625e-09 -10 1.09835e-08 -1.1625e-09 -10 1.09835e-08 -1.1625e-09 -10 1.09835e-08 -1.1625e-09
-10 8.93188e-09 -5.60507e-10 -10 1.56087e-08 -9.12107e-10 -10 1.56087e-08 -9.12107e-10 -10
1.56087e-08 -9.12107e-10 -10 1.56087e-08 -9.12106e-10 -10 1.13516e-08 -1.79277e-10 -10 1.92793e-08
3.28079e-10 -10 1.92793e-08 3.28079e-10 -10 1.92793e-08 3.28079e-10 -10 1.92793e-08 3.28079e-10
-10 1.32363e-08 1.71186e-10 -10 2.2139e-08 3.61431e-10 -10 2.2139e-08 3.61431e-10 -10
2.2139e-08 3.61431e-10 -10 2.2139e-08 3.61431e-10 -10 1.47807e-08 3.40949e-10 -10 2.44069e-08
1.85794e-10 -10 2.44069e-08 1.85794e-10 -10 2.44069e-08 1.85794e-10 -10 2.44069e-08 1.85794e-10
-10 1.58243e-08 3.81874e-10 -10 2.58993e-08 1.05315e-09 -10 2.58993e-08 1.05315e-09 -10
2.58993e-08 1.05315e-09 -10 2.58993e-08 1.05315e-09 -10 1.62106e-08 4.05555e-10 -10 2.63088e-08
3.807e-10 -10 2.63088e-08 3.807e-10 -10 2.63088e-08 3.807e-10 -10 2.63088e-08 3.807e-10
-10 1.61925e-08 3.25758e-10 -10 2.5928e-08 4.1967e-10 -10 2.5928e-08 4.1967e-10 -10
2.5928e-08 4.1967e-10 -10 2.5928e-08 4.1967e-10 -10 1.60204e-08 1.90855e-10 -10 2.60944e-08
3.51952e-10 -10 2.60944e-08 3.51952e-10 -10 2.60944e-08 3.51952e-10 -10 2.60944e-08 3.51952e-10
-10 1.57371e-08 -4.0559e-11 -10 2.58885e-08 -3.8313e-10 -10 2.58885e-08 -3.8313e-10 -10
2.58885e-08 -3.8313e-10 -10 2.58885e-08 -3.8313e-10 -10 1.55503e-08 -5.01885e-10 -10 2.59237e-08
-8.25327e-10 -10 2.59237e-08 -8.25327e-10 -10 2.59237e-08 -8.25327e-10 -10 2.59237e-08 -8.25327e-10
-10 1.57408e-08 -9.00448e-10 -10 2.67308e-08 -1.25849e-09 -10 2.67308e-08 -1.25849e-09 -10
2.67308e-08 -1.25849e-09 -10 2.67308e-08 -1.25849e-09 -10 1.64895e-08 -1.06987e-09 -10 2.83504e-08
-1.47595e-09 -10 2.83504e-08 -1.47595e-09 -10 2.83504e-08 -1.47595e-09 -10 2.83504e-08 -1.47595e-09
-10 1.75479e-08 -1.10844e-09 -10 2.99715e-08 -1.41677e-09 -10 2.99715e-08 -1.41677e-09 -10
2.99715e-08 -1.41677e-09 -10 2.99715e-08 -1.41677e-09 -10 1.76635e-08 -1.00174e-09 -10 2.94855e-08
-1.33727e-09 -10 2.94855e-08 -1.33727e-09 -10 2.94855e-08 -1.33727e-09 -10 2.94855e-08 -1.33727e-09
-10 1.7e-08 -8.5725e-10 -10 2.89685e-08 -1.04045e-09 -10 2.89685e-08 -1.04045e-09 -10
2.89685e-08 -1.04045e-09 -10 2.89685e-08 -1.04045e-09 -10 1.67106e-08 -7.97957e-10 -10 2.88179e-08
-1.19922e-09 -10 2.88179e-08 -1.19922e-09 -10 2.88179e-08 -1.19922e-09 -10 2.88179e-08 -1.19922e-09
-10 1.69056e-08 -8.31183e-10 -10 2.93873e-08 -1.35697e-09 -10 2.93873e-08 -1.35697e-09 -10
2.93873e-08 -1.35697e-09 -10 2.93873e-08 -1.35697e-09 -10 1.76323e-08 -9.7535e-10 -10 3.06265e-08
-1.39446e-09 -10 3.06265e-08 -1.39446e-09 -10 3.06265e-08 -1.39446e-09 -10 3.06265e-08 -1.39446e-09
-10 1.89067e-08 -1.23413e-09 -10 3.2571e-08 -1.53689e-09 -10 3.2571e-08 -1.53689e-09 -10
3.2571e-08 -1.53689e-09 -10 3.2571e-08 -1.53689e-09 -10 2.06531e-08 -1.27288e-09 -10 3.49893e-08
-1.3301e-09 -10 3.49893e-08 -1.3301e-09 -10 3.49893e-08 -1.3301e-09 -10 3.49893e-08 -1.3301e-09
-10 2.27933e-08 -4.58075e-10 -10 3.94654e-08 -2.21225e-10 -10 3.94654e-08 -2.21225e-10 -10
3.94654e-08 -2.21225e-10 -10 3.94654e-08 -2.21225e-10 -10 2.51452e-08 -9.71945e-12 -10 1.56839e-07
-1.34618e-09 -10 2.76748e-07 -2.43508e-09 -10 3.96658e-07 -3.52398e-09 -10 5.16568e-07 -4.61288e-09
-10 6.13805e-07 -5.51895e-09 -10 -3.39846e-09 -6.09331e-10 -10 -3.39846e-09 -6.09331e-10 -10
-3.39846e-09 -6.09331e-10 -10 -3.39846e-09 -6.09331e-10 -10 -3.39846e-09 -6.09331e-10 -10 2.86827e-09
-1.26954e-09 -10 6.10555e-09 -9.00727e-10 -10 6.10555e-09 -9.00727e-10 -10 6.10555e-09 -9.00727e-10
-10 6.10555e-09 -9.00727e-10 -10 8.70187e-09 -1.21174e-09 -10 1.38641e-08 -1.56362e-09 -10
1.38641e-08 -1.56362e-09 -10 1.38641e-08 -1.56362e-09 -10 1.38641e-08 -1.56362e-09 -10 1.33516e-08
-8.37862e-10 -10 2.00285e-08 -1.18946e-09 -10 2.00285e-08 -1.18946e-09 -10 2.00285e-08 -1.18946e-09
-10 2.00285e-08 -1.18946e-09 -10 1.69687e-08 -2.67989e-10 -10 2.48964e-08 2.39367e-10 -10
2.48964e-08 2.39367e-10 -10 2.48964e-08 2.39367e-10 -10 2.48964e-08 2.39367e-10 -10 1.9786e-08
2.55894e-10 -10 2.86887e-08 4.46139e-10 -10 2.86887e-08 4.46139e-10 -10 2.86887e-08 4.46139e-10
-10 2.86887e-08 4.46139e-10 -10 2.20946e-08 5.0966e-10 -10 3.17208e-08 3.54505e-10 -10
3.17208e-08 3.54505e-10 -10 3.17208e-08 3.54505e-10 -10 3.17208e-08 3.54505e-10 -10 2.36546e-08
5.70836e-10 -10 3.37297e-08 1.24211e-09 -10 3.37297e-08 1.24211e-09 -10 3.37297e-08 1.24211e-09
-10 3.37297e-08 1.24211e-09 -10 2.42321e-08 6.06235e-10 -10 3.43303e-08 5.8138e-10 -10
3.43303e-08 5.8138e-10 -10 3.43303e-08 5.8138e-10 -10 3.43303e-08 5.8138e-10 -10 2.42051e-08
4.86952e-10 -10 3.39406e-08 5.80864e-10 -10 3.39406e-08 5.80864e-10 -10 3.39406e-08 5.80864e-10
-10 3.39406e-08 5.80864e-10 -10 2.39477e-08 2.85295e-10 -10 3.40217e-08 4.46393e-10 -10
3.40217e-08 4.46393e-10 -10 3.40217e-08 4.46393e-10 -10 3.40217e-08 4.46393e-10 -10 2.35243e-08
-6.06288e-11 -10 3.36756e-08 -4.03199e-10 -10 3.36756e-08 -4.03199e-10 -10 3.36756e-08 -4.03199e-10
-10 3.36756e-08 -4.03199e-10 -10 2.3245e-08 -7.50232e-10 -10 3.36184e-08 -1.07367e-09 -10
3.36184e-08 -1.07367e-09 -10 3.36184e-08 -1.07367e-09 -10 3.36184e-08 -1.07367e-09 -10 2.35297e-08
-1.34602e-09 -10 3.45198e-08 -1.70406e-09 -10 3.45198e-08 -1.70406e-09 -10 3.45198e-08 -1.70406e-09
-10 3.45198e-08 -1.70406e-09 -10 2.46489e-08 -1.59927e-09 -10 3.65098e-08 -2.00535e-09 -10
3.65098e-08 -2.00535e-09 -10 3.65098e-08 -2.00535e-09 -10 3.65098e-08 -2.00535e-09 -10 2.62311e-08
-1.65693e-09 -10 3.86547e-08 -1.96526e-09 -10 3.86547e-08 -1.96526e-09 -10 3.86547e-08 -1.96526e-09
-10 3.86547e-08 -1.96526e-09 -10 2.6404e-08 -1.49743e-09 -10 3.8226e-08 -1.83296e-09 -10
3.8226e-08 -1.83296e-09 -10 3.8226e-08 -1.83296e-09 -10 3.8226e-08 -1.83296e-09 -10 2.54121e-08
-1.28144e-09 -10 3.73805e-08 -1.46464e-09 -10 3.73805e-08 -1.46464e-09 -10 3.73805e-08 -1.46464e-09
-10 3.73805e-08 -1.46464e-09 -10 2.49795e-08 -1.19281e-09 -10 3.70867e-08 -1.59408e-09 -10
3.70867e-08 -1.59408e-09 -10 3.70867e-08 -1.59408e-09 -10 3.70867e-08 -1.59407e-09 -10 2.5271e-08
-1.24248e-09 -10 3.77527e-08 -1.76827e-09 -10 3.77527e-08 -1.76827e-09 -10 3.77527e-08 -1.76827e-09
-10 3.77527e-08 -1.76827e-09 -10 2.63572e-08 -1.45798e-09 -10 3.93514e-08 -1.87709e-09 -10
3.93514e-08 -1.87709e-09 -10 3.93514e-08 -1.87709e-09 -10 3.93514e-08 -1.87709e-09 -10 2.82623e-08
-1.84481e-09 -10 4.19266e-08 -2.14757e-09 -10 4.19266e-08 -2.14757e-09 -10 4.19266e-08 -2.14757e-09
-10 4.19266e-08 -2.14757e-09 -10 3.08729e-08 -1.90273e-09 -10 4.52091e-08 -1.95995e-09 -10
4.52091e-08 -1.95995e-09 -10 4.52091e-08 -1.95995e-09 -10 4.52091e-08 -1.95995e-09 -10 3.40721e-08
-6.84744e-10 -10 5.07442e-08 -4.47894e-10 -10 5.07442e-08 -4.47894e-10 -10 5.07442e-08 -4.47894e-10
-10 5.07442e-08 -4.47894e-10 -10 3.75878e-08 -1.45289e-11 -10 1.69281e-07 -1.35099e-09 -10
2.89191e-07 -2.43989e-09 -10 4.09101e-07 -3.52879e-09 -10 5.2901e-07 -4.61769e-09 -10 6.20532e-07
-5.59245e-09 -10 -4.82879e-09 -9.04936e-10 -10 -4.82879e-09 -9.04936e-10 -10 -4.82879e-09 -9.04936e-10
-10 -4.82879e-09 -9.04936e-10 -10 -4.82879e-09 -9.04936e-10 -10 3.81775e-09 -1.6898e-09 -10
7.05502e-09 -1.32098e-09 -10 7.05502e-09 -1.32098e-09 -10 7.05502e-09 -1.32098e-09 -10 7.05502e-09
-1.32098e-09 -10 1.15824e-08 -1.61285e-09 -10 1.67446e-08 -1.96473e-09 -10 1.67446e-08 -1.96473e-09
-10 1.67446e-08 -1.96473e-09 -10 1.67446e-08 -1.96473e-09 -10 1.77714e-08 -1.11522e-09 -10
2.44483e-08 -1.46682e-09 -10 2.44483e-08 -1.46682e-09 -10 2.44483e-08 -1.46682e-09 -10 2.44483e-08
-1.46682e-09 -10 2.25858e-08 -3.567e-10 -10 3.05135e-08 1.50656e-10 -10 3.05135e-08 1.50656e-10
-10 3.05135e-08 1.50656e-10 -10 3.05135e-08 1.50656e-10 -10 2.63357e-08 3.40602e-10 -10
3.52384e-08 5.30847e-10 -10 3.52384e-08 5.30847e-10 -10 3.52384e-08 5.30847e-10 -10 3.52384e-08
5.30847e-10 -10 2.94085e-08 6.78371e-10 -10 3.90347e-08 5.23216e-10 -10 3.90347e-08 5.23216e-10
-10 3.90347e-08 5.23216e-10 -10 3.90347e-08 5.23216e-10 -10 3.14849e-08 7.59798e-10 -10
4.156e-08 1.43107e-09 -10 4.156e-08 1.43107e-09 -10 4.156e-08 1.43107e-09 -10 4.156e-08
1.43107e-09 -10 3.22536e-08 8.06916e-10 -10 4.23518e-08 7.82061e-10 -10 4.23518e-08 7.82061e-10
-10 4.23518e-08 7.82061e-10 -10 4.23518e-08 7.82061e-10 -10 3.22176e-08 6.48147e-10 -10
4.19531e-08 7.42059e-10 -10 4.19531e-08 7.42059e-10 -10 4.19531e-08 7.42059e-10 -10 4.19531e-08
7.42059e-10 -10 3.18751e-08 3.79736e-10 -10 4.19491e-08 5.40833e-10 -10 4.19491e-08 5.40833e-10
-10 4.19491e-08 5.40833e-10 -10 4.19491e-08 5.40833e-10 -10 3.13115e-08 -8.06985e-11 -10
4.14628e-08 -4.23269e-10 -10 4.14628e-08 -4.23269e-10 -10 4.14628e-08 -4.23269e-10 -10 4.14628e-08
-4.23269e-10 -10 3.09397e-08 -9.98579e-10 -10 4.13132e-08 -1.32202e-09 -10 4.13132e-08 -1.32202e-09
-10 4.13132e-08 -1.32202e-09 -10 4.13132e-08 -1.32202e-09 -10 3.13187e-08 -1.79158e-09 -10
4.23087e-08 -2.14962e-09 -10 4.23087e-08 -2.14962e-09 -10 4.23087e-08 -2.14962e-09 -10 4.23087e-08
-2.14962e-09 -10 3.28084e-08 -2.12867e-09 -10 4.46693e-08 -2.53475e-09 -10 4.46693e-08 -2.53475e-09
-10 4.46693e-08 -2.53475e-09 -10 4.46693e-08 -2.53475e-09 -10 3.49143e-08 -2.20542e-09 -10
4.7338e-08 -2.51375e-09 -10 4.7338e-08 -2.51375e-09 -10 4.73379e-08 -2.51375e-09 -10 4.73379e-08
-2.51375e-09 -10 3.51444e-08 -1.99311e-09 -10 4.69664e-08 -2.32865e-09 -10 4.69664e-08 -2.32865e-09
-10 4.69664e-08 -2.32865e-09 -10 4.69664e-08 -2.32865e-09 -10 3.38241e-08 -1.70563e-09 -10
4.57926e-08 -1.88883e-09 -10 4.57926e-08 -1.88883e-09 -10 4.57926e-08 -1.88883e-09 -10 4.57926e-08
-1.88883e-09 -10 3.32483e-08 -1.58766e-09 -10 4.53556e-08 -1.98893e-09 -10 4.53556e-08 -1.98893e-09
-10 4.53556e-08 -1.98893e-09 -10 4.53556e-08 -1.98893e-09 -10 3.36364e-08 -1.65377e-09 -10
4.61181e-08 -2.17956e-09 -10 4.61181e-08 -2.17956e-09 -10 4.61181e-08 -2.17956e-09 -10 4.61181e-08
-2.17956e-09 -10 3.50822e-08 -1.94061e-09 -10 4.80764e-08 -2.35972e-09 -10 4.80764e-08 -2.35972e-09
-10 4.80764e-08 -2.35972e-09 -10 4.80764e-08 -2.35972e-09 -10 3.76179e-08 -2.45549e-09 -10
5.12822e-08 -2.75825e-09 -10 5.12822e-08 -2.75825e-09 -10 5.12822e-08 -2.75825e-09 -10 5.12822e-08
-2.75825e-09 -10 4.10927e-08 -2.53259e-09 -10 5.54288e-08 -2.58981e-09 -10 5.54288e-08 -2.58981e-09
-10 5.54288e-08 -2.58981e-09 -10 5.54288e-08 -2.58981e-09 -10 4.5351e-08 -9.11413e-10 -10
6.2023e-08 -6.74563e-10 -10 6.2023e-08 -6.74563e-10 -10 6.2023e-08 -6.74563e-10 -10 6.2023e-08
-6.74563e-10 -10 5.00304e-08 -1.93384e-11 -10 1.81724e-07 -1.3558e-09 -10 3.01634e-07 -2.4447e-09
-10 4.21543e-07 -3.5336e-09 -10 5.41453e-07 -4.6225e-09 -10 6.2726e-07 -5.66595e-09 -10
-6.25911e-09 -1.20054e-09 -10 -6.25911e-09 -1.20054e-09 -10 -6.25911e-09 -1.20054e-09 -10 -6.25911e-09
-1.20054e-09 -10 -6.25911e-09 -1.20054e-09 -10 4.76722e-09 -2.11005e-09 -10 8.0045e-09 -1.74123e-09
-10 8.0045e-09 -1.74123e-09 -10 8.0045e-09 -1.74123e-09 -10 8.0045e-09 -1.74123e-09 -10
1.4463e-08 -2.01397e-09 -10 1.96252e-08 -2.36585e-09 -10 1.96252e-08 -2.36585e-09 -10 1.96252e-08
-2.36585e-09 -10 1.96252e-08 -2.36585e-09 -10 2.21912e-08 -1.39257e-09 -10 2.8868e-08 -1.74417e-09
-10 2.8868e-08 -1.74417e-09 -10 2.8868e-08 -1.74417e-09 -10 2.8868e-08 -1.74417e-09 -10
2.8203e-08 -4.45412e-10 -10 3.61306e-08 6.19442e-11 -10 3.61306e-08 6.19442e-11 -10 3.61306e-08
6.19441e-11 -10 3.61306e-08 6.19441e-11 -10 3.28854e-08 4.2531e-10 -10 4.17881e-08 6.15555e-10
-10 4.17881e-08 6.15555e-10 -10 4.17881e-08 6.15555e-10 -10 4.17881e-08 6.15554e-10 -10
3.67224e-08 8.47082e-10 -10 4.63486e-08 6.91927e-10 -10 4.63486e-08 6.91927e-10 -10 4.63486e-08
6.91927e-10 -10 4.63486e-08 6.91927e-10 -10 3.93153e-08 9.4876e-10 -10 4.93903e-08 1.62003e-09
-10 4.93903e-08 1.62003e-09 -10 4.93903e-08 1.62003e-09 -10 4.93903e-08 1.62003e-09 -10
4.02751e-08 1.0076e-09 -10 5.03733e-08 9.82741e-10 -10 5.03733e-08 9.82741e-10 -10 5.03733e-08
9.82741e-10 -10 5.03733e-08 9.82741e-10 -10 4.02301e-08 8.09341e-10 -10 4.99656e-08 9.03253e-10
-10 4.99656e-08 9.03253e-10 -10 4.99656e-08 9.03253e-10 -10 4.99656e-08 9.03253e-10 -10
3.98024e-08 4.74176e-10 -10 4.98764e-08 6.35274e-10 -10 4.98764e-08 6.35274e-10 -10 4.98764e-08
6.35274e-10 -10 4.98764e-08 6.35274e-10 -10 3.90987e-08 -1.00768e-10 -10 4.925e-08 -4.43339e-10
-10 4.925e-08 -4.43339e-10 -10 4.925e-08 -4.43339e-10 -10 4.925e-08 -4.43339e-10 -10
3.86345e-08 -1.24693e-09 -10 4.90079e-08 -1.57037e-09 -10 4.90079e-08 -1.57037e-09 -10 4.90079e-08
-1.57037e-09 -10 4.90079e-08 -1.57037e-09 -10 3.91077e-08 -2.23715e-09 -10 5.00977e-08 -2.59519e-09
-10 5.00977e-08 -2.59519e-09 -10 5.00977e-08 -2.59519e-09 -10 5.00977e-08 -2.59519e-09 -10
4.09678e-08 -2.65807e-09 -10 5.28288e-08 -3.06415e-09 -10 5.28288e-08 -3.06415e-09 -10 5.28288e-08
-3.06415e-09 -10 5.28288e-08 -3.06415e-09 -10 4.35975e-08 -2.75391e-09 -10 5.60212e-08 -3.06224e-09
-10 5.60212e-08 -3.06224e-09 -10 5.60212e-08 -3.06224e-09 -10 5.60212e-08 -3.06224e-09 -10
4.38848e-08 -2.4888e-09 -10 5.57068e-08 -2.82434e-09 -10 5.57068e-08 -2.82434e-09 -10 5.57068e-08
-2.82434e-09 -10 5.57068e-08 -2.82434e-09 -10 4.22362e-08 -2.12983e-09 -10 5.42047e-08 -2.31303e-09
-10 5.42047e-08 -2.31303e-09 -10 5.42047e-08 -2.31303e-09 -10 5.42047e-08 -2.31303e-09 -10
4.15172e-08 -1.98251e-09 -10 5.36245e-08 -2.38378e-09 -10 5.36245e-08 -2.38378e-09 -10 5.36245e-08
-2.38378e-09 -10 5.36245e-08 -2.38378e-09 -10 4.20018e-08 -2.06506e-09 -10 5.44835e-08 -2.59085e-09
-10 5.44835e-08 -2.59085e-09 -10 5.44835e-08 -2.59085e-09 -10 5.44835e-08 -2.59085e-09 -10
4.38071e-08 -2.42324e-09 -10 5.68013e-08 -2.84235e-09 -10 5.68013e-08 -2.84235e-09 -10 5.68013e-08
-2.84235e-09 -10 5.68013e-08 -2.84235e-09 -10 4.69735e-08 -3.06618e-09 -10 6.06377e-08 -3.36894e-09
-10 6.06377e-08 -3.36894e-09 -10 6.06377e-08 -3.36894e-09 -10 6.06377e-08 -3.36894e-09 -10
5.13125e-08 -3.16245e-09 -10 6.56486e-08 -3.21967e-09 -10 6.56486e-08 -3.21967e-09 -10 6.56486e-08
-3.21967e-09 -10 6.56486e-08 -3.21967e-09 -10 5.66298e-08 -1.13808e-09 -10 7.33018e-08 -9.01232e-10
-10 7.33018e-08 -9.01232e-10 -10 7.33018e-08 -9.01232e-10 -10 7.33018e-08 -9.01232e-10 -10
6.2473e-08 -2.41479e-11 -10 1.94167e-07 -1.3606e-09 -10 3.14076e-07 -2.44951e-09 -10 4.33986e-07
-3.53841e-09 -10 5.53895e-07 -4.62731e-09 -10 6.33987e-07 -5.73946e-09 -10 -7.68943e-09 -1.49615e-09
-10 -7.68943e-09 -1.49615e-09 -10 -7.68943e-09 -1.49615e-09 -10 -7.68943e-09 -1.49615e-09 -10
-7.68943e-09 -1.49615e-09 -10 5.7167e-09 -2.5303e-09 -10 8.95398e-09 -2.16149e-09 -10 8.95398e-09
-2.16149e-09 -10 8.95398e-09 -2.16149e-09 -10 8.95398e-09 -2.16149e-09 -10 1.73435e-08 -2.41509e-09
-10 2.25058e-08 -2.76697e-09 -10 2.25058e-08 -2.76697e-09 -10 2.25058e-08 -2.76697e-09 -10
2.25058e-08 -2.76697e-09 -10 2.66109e-08 -1.66993e-09 -10 3.32878e-08 -2.02153e-09 -10 3.32878e-08
-2.02153e-09 -10 3.32878e-08 -2.02153e-09 -10 3.32878e-08 -2.02153e-09 -10 3.38201e-08 -5.34123e-10
-10 4.17477e-08 -2.67674e-11 -10 4.17477e-08 -2.67674e-11 -10 4.17477e-08 -2.67675e-11 -10
4.17477e-08 -2.67675e-11 -10 3.94351e-08 5.10018e-10 -10 4.83378e-08 7.00262e-10 -10 4.83378e-08
7.00262e-10 -10 4.83378e-08 7.00262e-10 -10 4.83378e-08 7.00262e-10 -10 4.40363e-08 1.01579e-09
-10 5.36625e-08 8.60639e-10 -10 5.36625e-08 8.60639e-10 -10 5.36625e-08 8.60639e-10 -10
5.36625e-08 8.60639e-10 -10 4.71456e-08 1.13772e-09 -10 5.72206e-08 1.809e-09 -10 5.72206e-08
1.809e-09 -10 5.72206e-08 1.809e-09 -10 5.72206e-08 1.809e-09 -10 4.82966e-08 1.20828e-09
-10 5.83948e-08 1.18342e-09 -10 5.83948e-08 1.18342e-09 -10 5.83948e-08 1.18342e-09 -10
5.83948e-08 1.18342e-09 -10 4.82427e-08 9.70536e-10 -10 5.79781e-08 1.06445e-09 -10 5.79781e-08
1.06445e-09 -10 5.79781e-08 1.06445e-09 -10 5.79781e-08 1.06445e-09 -10 4.77298e-08 5.68617e-10
-10 5.78038e-08 7.29714e-10 -10 5.78038e-08 7.29714e-10 -10 5.78038e-08 7.29714e-10 -10
5.78038e-08 7.29714e-10 -10 4.68858e-08 -1.20838e-10 -10 5.70372e-08 -4.63408e-10 -10 5.70372e-08
-4.63408e-10 -10 5.70372e-08 -4.63408e-10 -10 5.70372e-08 -4.63408e-10 -10 4.63292e-08 -1.49527e-09
-10 5.67026e-08 -1.81871e-09 -10 5.67026e-08 -1.81871e-09 -10 5.67026e-08 -1.81871e-09 -10
5.67026e-08 -1.81871e-09 -10 4.68967e-08 -2.68272e-09 -10 5.78867e-08 -3.04076e-09 -10 5.78867e-08
-3.04076e-09 -10 5.78867e-08 -3.04076e-09 -10 5.78867e-08 -3.04076e-09 -10 4.91273e-08 -3.18747e-09
-10 6.09882e-08 -3.59355e-09 -10 6.09882e-08 -3.59355e-09 -10 6.09882e-08 -3.59355e-09 -10
6.09882e-08 -3.59355e-09 -10 5.22808e-08 -3.3024e-09 -10 6.47044e-08 -3.61073e-09 -10 6.47044e-08
-3.61073e-09 -10 6.47044e-08 -3.61073e-09 -10 6.47044e-08 -3.61073e-09 -10 5.26253e-08 -2.98449e-09
-10 6.44472e-08 -3.32002e-09 -10 6.44472e-08 -3.32002e-09 -10 6.44472e-08 -3.32002e-09 -10
6.44472e-08 -3.32002e-09 -10 5.06483e-08 -2.55402e-09 -10 6.26168e-08 -2.73722e-09 -10 6.26168e-08
-2.73722e-09 -10 6.26168e-08 -2.73722e-09 -10 6.26168e-08 -2.73722e-09 -10 4.97861e-08 -2.37737e-09
-10 6.18934e-08 -2.77863e-09 -10 6.18934e-08 -2.77863e-09 -10 6.18934e-08 -2.77863e-09 -10
6.18934e-08 -2.77863e-09 -10 5.03672e-08 -2.47636e-09 -10 6.28489e-08 -3.00215e-09 -10 6.28489e-08
-3.00215e-09 -10 6.28489e-08 -3.00215e-09 -10 6.28489e-08 -3.00215e-09 -10 5.25321e-08 -2.90588e-09
-10 6.55262e-08 -3.32498e-09 -10 6.55262e-08 -3.32498e-09 -10 6.55262e-08 -3.32498e-09 -10
6.55262e-08 -3.32498e-09 -10 5.6329e-08 -3.67686e-09 -10 6.99933e-08 -3.97962e-09 -10 6.99933e-08
-3.97962e-09 -10 6.99933e-08 -3.97962e-09 -10 6.99933e-08 -3.97962e-09 -10 6.15322e-08 -3.79231e-09
-10 7.58683e-08 -3.84952e-09 -10 7.58683e-08 -3.84952e-09 -10 7.58683e-08 -3.84952e-09 -10
7.58683e-08 -3.84952e-09 -10 6.79086e-08 -1.36475e-09 -10 8.45805e-08 -1.1279e-09 -10 8.45805e-08
-1.1279e-09 -10 8.45805e-08 -1.1279e-09 -10 8.45805e-08 -1.1279e-09 -10 7.49156e-08 -2.89573e-11
-10 2.06609e-07 -1.36541e-09 -10 3.26519e-07 -2.45431e-09 -10 4.46428e-07 -3.54321e-09 -10
5.66338e-07 -4.63212e-09 -10 6.40715e-07 -5.81296e-09 -10 -9.11976e-09 -1.79175e-09 -10 -9.11976e-09
-1.79175e-09 -10 -9.11976e-09 -1.79175e-09 -10 -9.11976e-09 -1.79175e-09 -10 -9.11976e-09 -1.79175e-09
-10 6.66617e-09 -2.95056e-09 -10 9.90345e-09 -2.58174e-09 -10 9.90345e-09 -2.58174e-09 -10
9.90345e-09 -2.58174e-09 -10 9.90345e-09 -2.58174e-09 -10 2.02241e-08 -2.81621e-09 -10 2.53863e-08
-3.16809e-09 -10 2.53863e-08 -3.16809e-09 -10 2.53863e-08 -3.16809e-09 -10 2.53863e-08 -3.16809e-09
-10 3.10307e-08 -1.94728e-09 -10 3.77075e-08 -2.29888e-09 -10 3.77075e-08 -2.29888e-09 -10
3.77075e-08 -2.29888e-09 -10 3.77075e-08 -2.29888e-09 -10 3.94372e-08 -6.22835e-10 -10 4.73649e-08
-1.15479e-10 -10 4.73649e-08 -1.15479e-10 -10 4.73649e-08 -1.15479e-10 -10 4.73649e-08 -1.15479e-10
-10 4.59848e-08 5.94726e-10 -10 5.48875e-08 7.8497e-10 -10 5.48875e-08 7.8497e-10 -10
5.48875e-08 7.8497e-10 -10 5.48875e-08 7.8497e-10 -10 5.13502e-08 1.1845e-09 -10 6.09764e-08
1.02935e-09 -10 6.09764e-08 1.02935e-09 -10 6.09764e-08 1.02935e-09 -10 6.09764e-08 1.02935e-09
-10 5.49759e-08 1.32668e-09 -10 6.50509e-08 1.99796e-09 -10 6.50509e-08 1.99796e-09 -10
6.50509e-08 1.99796e-09 -10 6.50509e-08 1.99796e-09 -10 5.63181e-08 1.40896e-09 -10 6.64163e-08
1.3841e-09 -10 6.64163e-08 1.3841e-09 -10 6.64163e-08 1.3841e-09 -10 6.64163e-08 1.3841e-09
-10 5.62552e-08 1.13173e-09 -10 6.59907e-08 1.22564e-09 -10 6.59907e-08 1.22564e-09 -10
6.59907e-08 1.22564e-09 -10 6.59907e-08 1.22564e-09 -10 5.56571e-08 6.63057e-10 -10 6.57311e-08
8.24155e-10 -10 6.57311e-08 8.24155e-10 -10 6.57311e-08 8.24155e-10 -10 6.57311e-08 8.24155e-10
-10 5.4673e-08 -1.40908e-10 -10 6.48244e-08 -4.83478e-10 -10 6.48244e-08 -4.83478e-10 -10
6.48244e-08 -4.83478e-10 -10 6.48243e-08 -4.83478e-10 -10 5.40239e-08 -1.74362e-09 -10 6.43973e-08
-2.06706e-09 -10 6.43973e-08 -2.06706e-09 -10 6.43973e-08 -2.06706e-09 -10 6.43973e-08 -2.06706e-09
-10 5.46857e-08 -3.12829e-09 -10 6.56757e-08 -3.48633e-09 -10 6.56757e-08 -3.48633e-09 -10
6.56757e-08 -3.48633e-09 -10 6.56757e-08 -3.48633e-09 -10 5.72868e-08 -3.71687e-09 -10 6.91477e-08
-4.12295e-09 -10 6.91477e-08 -4.12295e-09 -10 6.91477e-08 -4.12295e-09 -10 6.91477e-08 -4.12295e-09
-10 6.0964e-08 -3.85089e-09 -10 7.33876e-08 -4.15922e-09 -10 7.33876e-08 -4.15922e-09 -10
7.33876e-08 -4.15922e-09 -10 7.33876e-08 -4.15922e-09 -10 6.13657e-08 -3.48018e-09 -10 7.31877e-08
-3.81571e-09 -10 7.31877e-08 -3.81571e-09 -10 7.31877e-08 -3.81571e-09 -10 7.31877e-08 -3.81571e-09
-10 5.90604e-08 -2.97821e-09 -10 7.10288e-08 -3.16141e-09 -10 7.10288e-08 -3.16141e-09 -10
7.10288e-08 -3.16141e-09 -10 7.10288e-08 -3.16141e-09 -10 5.8055e-08 -2.77222e-09 -10 7.01622e-08
-3.17348e-09 -10 7.01622e-08 -3.17348e-09 -10 7.01622e-08 -3.17348e-09 -10 7.01622e-08 -3.17348e-09
-10 5.87326e-08 -2.88765e-09 -10 7.12143e-08 -3.41344e-09 -10 7.12143e-08 -3.41344e-09 -10
7.12143e-08 -3.41344e-09 -10 7.12143e-08 -3.41344e-09 -10 6.1257e-08 -3.38851e-09 -10 7.42512e-08
-3.80762e-09 -10 7.42512e-08 -3.80762e-09 -10 7.42512e-08 -3.80761e-09 -10 7.42512e-08 -3.80761e-09
-10 6.56846e-08 -4.28754e-09 -10 7.93489e-08 -4.5903e-09 -10 7.93489e-08 -4.5903e-09 -10
7.93489e-08 -4.5903e-09 -10 7.93489e-08 -4.5903e-09 -10 7.1752e-08 -4.42216e-09 -10 8.60881e-08
-4.47938e-09 -10 8.60881e-08 -4.47938e-09 -10 8.60881e-08 -4.47938e-09 -10 8.60881e-08 -4.47938e-09
-10 7.91874e-08 -1.59142e-09 -10 9.58593e-08 -1.35457e-09 -10 9.58593e-08 -1.35457e-09 -10
9.58593e-08 -1.35457e-09 -10 9.58593e-08 -1.35457e-09 -10 8.73582e-08 -3.37668e-11 -10 2.19052e-07
-1.37022e-09 -10 3.38961e-07 -2.45912e-09 -10 4.58871e-07 -3.54802e-09 -10 5.7878e-07 -4.63692e-09
-10 6.47442e-07 -5.88646e-09 -10 -1.05501e-08 -2.08736e-09 -10 -1.05501e-08 -2.08736e-09 -10
-1.05501e-08 -2.08736e-09 -10 -1.05501e-08 -2.08736e-09 -10 -1.05501e-08 -2.08736e-09 -10 7.61565e-09
-3.37081e-09 -10 1.08529e-08 -3.00199e-09 -10 1.08529e-08 -3.00199e-09 -10 1.08529e-08 -3.00199e-09
-10 1.08529e-08 -3.00199e-09 -10 2.31047e-08 -3.21733e-09 -10 2.82669e-08 -3.56921e-09 -10
2.82669e-08 -3.56921e-09 -10 2.82669e-08 -3.5692e-09 -10 2.82669e-08 -3.5692e-09 -10 3.54504e-08
-2.22464e-09 -10 4.21273e-08 -2.57624e-09 -10 4.21273e-08 -2.57624e-09 -10 4.21273e-08 -2.57624e-09
-10 4.21273e-08 -2.57624e-09 -10 4.50543e-08 -7.11546e-10 -10 5.2982e-08 -2.04191e-10 -10
5.2982e-08 -2.04191e-10 -10 5.2982e-08 -2.04191e-10 -10 5.2982e-08 -2.04191e-10 -10 5.25345e-08
6.79434e-10 -10 6.14371e-08 8.69678e-10 -10 6.14371e-08 8.69678e-10 -10 6.14371e-08 8.69678e-10
-10 6.14371e-08 8.69678e-10 -10 5.86641e-08 1.35322e-09 -10 6.82903e-08 1.19806e-09 -10
6.82903e-08 1.19806e-09 -10 6.82903e-08 1.19806e-09 -10 6.82903e-08 1.19806e-09 -10 6.28062e-08
1.51565e-09 -10 7.28813e-08 2.18692e-09 -10 7.28813e-08 2.18692e-09 -10 7.28813e-08 2.18692e-09
-10 7.28812e-08 2.18692e-09 -10 6.43396e-08 1.60964e-09 -10 7.44377e-08 1.58478e-09 -10
7.44377e-08 1.58478e-09 -10 7.44377e-08 1.58478e-09 -10 7.44377e-08 1.58478e-09 -10 6.42677e-08
1.29292e-09 -10 7.40032e-08 1.38684e-09 -10 7.40032e-08 1.38684e-09 -10 7.40032e-08 1.38684e-09
-10 7.40032e-08 1.38684e-09 -10 6.35845e-08 7.57498e-10 -10 7.36585e-08 9.18595e-10 -10
7.36585e-08 9.18595e-10 -10 7.36585e-08 9.18595e-10 -10 7.36585e-08 9.18595e-10 -10 6.24602e-08
-1.60978e-10 -10 7.26115e-08 -5.03547e-10 -10 7.26115e-08 -5.03547e-10 -10 7.26115e-08 -5.03547e-10
-10 7.26115e-08 -5.03547e-10 -10 6.17187e-08 -1.99197e-09 -10 7.20921e-08 -2.31541e-09 -10
7.20921e-08 -2.31541e-09 -10 7.20921e-08 -2.31541e-09 -10 7.20921e-08 -2.31541e-09 -10 6.24747e-08
-3.57385e-09 -10 7.34647e-08 -3.93189e-09 -10 7.34647e-08 -3.93189e-09 -10 7.34647e-08 -3.93189e-09
-10 7.34647e-08 -3.93189e-09 -10 6.54462e-08 -4.24627e-09 -10 7.73071e-08 -4.65235e-09 -10
7.73071e-08 -4.65235e-09 -10 7.73071e-08 -4.65235e-09 -10 7.73071e-08 -4.65235e-09 -10 6.96472e-08
-4.39938e-09 -10 8.20708e-08 -4.70771e-09 -10 8.20708e-08 -4.70771e-09 -10 8.20708e-08 -4.70771e-09
-10 8.20708e-08 -4.7077e-09 -10 7.01062e-08 -3.97587e-09 -10 8.19281e-08 -4.3114e-09 -10
8.19281e-08 -4.3114e-09 -10 8.19281e-08 -4.3114e-09 -10 8.19281e-08 -4.3114e-09 -10 6.74725e-08
-3.4024e-09 -10 7.94409e-08 -3.5856e-09 -10 7.94409e-08 -3.5856e-09 -10 7.94409e-08 -3.5856e-09
-10 7.94409e-08 -3.5856e-09 -10 6.63239e-08 -3.16707e-09 -10 7.84311e-08 -3.56834e-09 -10
7.84311e-08 -3.56834e-09 -10 7.84311e-08 -3.56834e-09 -10 7.84311e-08 -3.56833e-09 -10 6.7098e-08
-3.29894e-09 -10 7.95796e-08 -3.82473e-09 -10 7.95796e-08 -3.82473e-09 -10 7.95796e-08 -3.82473e-09
-10 7.95796e-08 -3.82473e-09 -10 6.9982e-08 -3.87114e-09 -10 8.29761e-08 -4.29025e-09 -10
8.29761e-08 -4.29025e-09 -10 8.29761e-08 -4.29025e-09 -10 8.29761e-08 -4.29025e-09 -10 7.50402e-08
-4.89822e-09 -10 8.87044e-08 -5.20098e-09 -10 8.87044e-08 -5.20098e-09 -10 8.87044e-08 -5.20098e-09
-10 8.87044e-08 -5.20098e-09 -10 8.19718e-08 -5.05202e-09 -10 9.63079e-08 -5.10924e-09 -10
9.63079e-08 -5.10924e-09 -10 9.63079e-08 -5.10924e-09 -10 9.63079e-08 -5.10924e-09 -10 9.04662e-08
-1.81809e-09 -10 1.07138e-07 -1.58124e-09 -10 1.07138e-07 -1.58124e-09 -10 1.07138e-07 -1.58124e-09
-10 1.07138e-07 -1.58124e-09 -10 9.98008e-08 -3.85763e-11 -10 2.31494e-07 -1.37503e-09 -10
3.51404e-07 -2.46393e-09 -10 4.71313e-07 -3.55283e-09 -10 5.91223e-07 -4.64173e-09 -10 6.54169e-07
-5.95996e-09 -10 -1.19804e-08 -2.38296e-09 -10 -1.19804e-08 -2.38296e-09 -10 -1.19804e-08 -2.38296e-09
-10 -1.19804e-08 -2.38296e-09 -10 -1.19804e-08 -2.38296e-09 -10 8.56512e-09 -3.79106e-09 -10
1.18024e-08 -3.42225e-09 -10 1.18024e-08 -3.42225e-09 -10 1.18024e-08 -3.42225e-09 -10 1.18024e-08
-3.42225e-09 -10 2.59852e-08 -3.61844e-09 -10 3.11474e-08 -3.97032e-09 -10 3.11474e-08 -3.97032e-09
-10 3.11474e-08 -3.97032e-09 -10 3.11474e-08 -3.97032e-09 -10 3.98702e-08 -2.50199e-09 -10
4.6547e-08 -2.85359e-09 -10 4.6547e-08 -2.85359e-09 -10 4.6547e-08 -2.85359e-09 -10 4.6547e-08
-2.85359e-09 -10 5.06714e-08 -8.00258e-10 -10 5.85991e-08 -2.92902e-10 -10 5.85991e-08 -2.92902e-10
-10 5.85991e-08 -2.92902e-10 -10 5.85991e-08 -2.92902e-10 -10 5.90842e-08 7.64142e-10 -10
6.79868e-08 9.54386e-10 -10 6.79868e-08 9.54386e-10 -10 6.79868e-08 9.54386e-10 -10 6.79868e-08
9.54386e-10 -10 6.5978e-08 1.52193e-09 -10 7.56042e-08 1.36677e-09 -10 7.56042e-08 1.36677e-09
-10 7.56042e-08 1.36677e-09 -10 7.56042e-08 1.36677e-09 -10 7.06366e-08 1.70461e-09 -10
8.07116e-08 2.37588e-09 -10 8.07116e-08 2.37588e-09 -10 8.07116e-08 2.37588e-09 -10 8.07116e-08
2.37588e-09 -10 7.23611e-08 1.81032e-09 -10 8.24592e-08 1.78546e-09 -10 8.24592e-08 1.78546e-09
-10 8.24592e-08 1.78546e-09 -10 8.24592e-08 1.78546e-09 -10 7.22802e-08 1.45412e-09 -10
8.20157e-08 1.54803e-09 -10 8.20157e-08 1.54803e-09 -10 8.20157e-08 1.54803e-09 -10 8.20157e-08
1.54803e-09 -10 7.15118e-08 8.51938e-10 -10 8.15858e-08 1.01304e-09 -10 8.15858e-08 1.01304e-09
-10 8.15858e-08 1.01304e-09 -10 8.15858e-08 1.01304e-09 -10 7.02474e-08 -1.81047e-10 -10
8.03987e-08 -5.23617e-10 -10 8.03987e-08 -5.23617e-10 -10 8.03987e-08 -5.23617e-10 -10 8.03987e-08
-5.23617e-10 -10 6.94134e-08 -2.24031e-09 -10 7.97868e-08 -2.56376e-09 -10 7.97868e-08 -2.56376e-09
-10 7.97868e-08 -2.56376e-09 -10 7.97868e-08 -2.56376e-09 -10 7.02637e-08 -4.01942e-09 -10
8.12536e-08 -4.37746e-09 -10 8.12536e-08 -4.37746e-09 -10 8.12536e-08 -4.37746e-09 -10 8.12536e-08
-4.37746e-09 -10 7.36057e-08 -4.77567e-09 -10 8.54666e-08 -5.18175e-09 -10 8.54666e-08 -5.18175e-09
-10 8.54666e-08 -5.18175e-09 -10 8.54666e-08 -5.18175e-09 -10 7.83304e-08 -4.94787e-09 -10
9.0754e-08 -5.25619e-09 -10 9.0754e-08 -5.25619e-09 -10 9.0754e-08 -5.25619e-09 -10 9.0754e-08
-5.25619e-09 -10 7.88466e-08 -4.47156e-09 -10 9.06685e-08 -4.80709e-09 -10 9.06685e-08 -4.80709e-09
-10 9.06685e-08 -4.80709e-09 -10 9.06685e-08 -4.80709e-09 -10 7.58846e-08 -3.8266e-09 -10
8.7853e-08 -4.00979e-09 -10 8.7853e-08 -4.00979e-09 -10 8.7853e-08 -4.00979e-09 -10 8.7853e-08
-4.00979e-09 -10 7.45927e-08 -3.56192e-09 -10 8.67e-08 -3.96319e-09 -10 8.67e-08 -3.96319e-09
-10 8.67e-08 -3.96319e-09 -10 8.67e-08 -3.96319e-09 -10 7.54634e-08 -3.71024e-09 -10
8.7945e-08 -4.23602e-09 -10 8.7945e-08 -4.23602e-09 -10 8.7945e-08 -4.23602e-09 -10 8.7945e-08
-4.23602e-09 -10 7.87069e-08 -4.35377e-09 -10 9.17011e-08 -4.77288e-09 -10 9.17011e-08 -4.77288e-09
-10 9.1701e-08 -4.77288e-09 -10 9.1701e-08 -4.77288e-09 -10 8.43958e-08 -5.50891e-09 -10
9.806e-08 -5.81167e-09 -10 9.806e-08 -5.81167e-09 -10 9.806e-08 -5.81166e-09 -10 9.806e-08
-5.81166e-09 -10 9.21916e-08 -5.68188e-09 -10 1.06528e-07 -5.73909e-09 -10 1.06528e-07 -5.73909e-09
-10 1.06528e-07 -5.73909e-09 -10 1.06528e-07 -5.73909e-09 -10 1.01745e-07 -2.04476e-09 -10
1.18417e-07 -1.80791e-09 -10 1.18417e-07 -1.80791e-09 -10 1.18417e-07 -1.80791e-09 -10 1.18417e-07
-1.80791e-09 -10 1.12243e-07 -4.33857e-11 -10 2.43937e-07 -1.37984e-09 -10 3.63846e-07 -2.46874e-09
-10 4.83756e-07 -3.55764e-09 -10 6.03666e-07 -4.64654e-09 -10 6.60897e-07 -6.03346e-09 -10
-1.34107e-08 -2.67857e-09 -10 -1.34107e-08 -2.67857e-09 -10 -1.34107e-08 -2.67857e-09 -10 -1.34107e-08
-2.67857e-09 -10 -1.34107e-08 -2.67857e-09 -10 9.5146e-09 -4.21132e-09 -10 1.27519e-08 -3.8425e-09
-10 1.27519e-08 -3.8425e-09 -10 1.27519e-08 -3.8425e-09 -10 1.27519e-08 -3.8425e-09 -10
2.88658e-08 -4.01956e-09 -10 3.4028e-08 -4.37144e-09 -10 3.4028e-08 -4.37144e-09 -10 3.4028e-08
-4.37144e-09 -10 3.4028e-08 -4.37144e-09 -10 4.42899e-08 -2.77935e-09 -10 5.09668e-08 -3.13095e-09
-10 5.09668e-08 -3.13095e-09 -10 5.09668e-08 -3.13095e-09 -10 5.09668e-08 -3.13095e-09 -10
5.62885e-08 -8.8897e-10 -10 6.42162e-08 -3.81614e-10 -10 6.42162e-08 -3.81614e-10 -10 6.42162e-08
-3.81614e-10 -10 6.42162e-08 -3.81614e-10 -10 6.56339e-08 8.48849e-10 -10 7.45365e-08 1.03909e-09
-10 7.45365e-08 1.03909e-09 -10 7.45365e-08 1.03909e-09 -10 7.45365e-08 1.03909e-09 -10
7.32919e-08 1.69064e-09 -10 8.29181e-08 1.53548e-09 -10 8.29181e-08 1.53548e-09 -10 8.29181e-08
1.53548e-09 -10 8.29181e-08 1.53548e-09 -10 7.84669e-08 1.89357e-09 -10 8.85419e-08 2.56484e-09
-10 8.85419e-08 2.56484e-09 -10 8.85419e-08 2.56484e-09 -10 8.85419e-08 2.56484e-09 -10
8.03825e-08 2.011e-09 -10 9.04807e-08 1.98614e-09 -10 9.04807e-08 1.98614e-09 -10 9.04807e-08
1.98614e-09 -10 9.04807e-08 1.98614e-09 -10 8.02928e-08 1.61531e-09 -10 9.00283e-08 1.70923e-09
-10 9.00283e-08 1.70923e-09 -10 9.00283e-08 1.70923e-09 -10 9.00283e-08 1.70923e-09 -10
7.94392e-08 9.46379e-10 -10 8.95132e-08 1.10748e-09 -10 8.95132e-08 1.10748e-09 -10 8.95132e-08
1.10748e-09 -10 8.95132e-08 1.10748e-09 -10 7.80346e-08 -2.01117e-10 -10 8.81859e-08 -5.43687e-10
-10 8.81859e-08 -5.43687e-10 -10 8.81859e-08 -5.43687e-10 -10 8.81859e-08 -5.43686e-10 -10
7.71081e-08 -2.48866e-09 -10 8.74815e-08 -2.8121e-09 -10 8.74815e-08 -2.8121e-09 -10 8.74815e-08
-2.8121e-09 -10 8.74815e-08 -2.8121e-09 -10 7.80526e-08 -4.46499e-09 -10 8.90426e-08 -4.82303e-09
-10 8.90426e-08 -4.82303e-09 -10 8.90426e-08 -4.82303e-09 -10 8.90426e-08 -4.82303e-09 -10
8.17651e-08 -5.30507e-09 -10 9.3626e-08 -5.71115e-09 -10 9.3626e-08 -5.71115e-09 -10 9.3626e-08
-5.71115e-09 -10 9.3626e-08 -5.71115e-09 -10 8.70136e-08 -5.49636e-09 -10 9.94372e-08 -5.80468e-09
-10 9.94372e-08 -5.80468e-09 -10 9.94372e-08 -5.80468e-09 -10 9.94372e-08 -5.80468e-09 -10
8.7587e-08 -4.96724e-09 -10 9.94089e-08 -5.30278e-09 -10 9.94089e-08 -5.30278e-09 -10 9.94089e-08
-5.30278e-09 -10 9.94089e-08 -5.30278e-09 -10 8.42966e-08 -4.25079e-09 -10 9.6265e-08 -4.43399e-09
-10 9.6265e-08 -4.43399e-09 -10 9.6265e-08 -4.43399e-09 -10 9.6265e-08 -4.43399e-09 -10
8.28616e-08 -3.95678e-09 -10 9.49688e-08 -4.35804e-09 -10 9.49688e-08 -4.35804e-09 -10 9.49688e-08
-4.35804e-09 -10 9.49688e-08 -4.35804e-09 -10 8.38288e-08 -4.12153e-09 -10 9.63104e-08 -4.64732e-09
-10 9.63104e-08 -4.64732e-09 -10 9.63104e-08 -4.64732e-09 -10 9.63104e-08 -4.64732e-09 -10
8.74319e-08 -4.8364e-09 -10 1.00426e-07 -5.25551e-09 -10 1.00426e-07 -5.25551e-09 -10 1.00426e-07
-5.25551e-09 -10 1.00426e-07 -5.25551e-09 -10 9.37514e-08 -6.11959e-09 -10 1.07416e-07 -6.42235e-09
-10 1.07416e-07 -6.42235e-09 -10 1.07416e-07 -6.42235e-09 -10 1.07416e-07 -6.42235e-09 -10
1.02411e-07 -6.31173e-09 -10 1.16747e-07 -6.36895e-09 -10 1.16747e-07 -6.36895e-09 -10 1.16747e-07
-6.36895e-09 -10 1.16747e-07 -6.36895e-09 -10 1.13024e-07 -2.27143e-09 -10 1.29696e-07 -2.03458e-09
-10 1.29696e-07 -2.03458e-09 -10 1.29696e-07 -2.03458e-09 -10 1.29696e-07 -2.03458e-09 -10
1.24686e-07 -4.81952e-11 -10 2.56379e-07 -1.38465e-09 -10 3.76289e-07 -2.47355e-09 -10 4.96199e-07
-3.56245e-09 -10 6.16108e-07 -4.65135e-09 -10 6.67624e-07 -6.10696e-09 -10 -1.4841e-08 -2.97418e-09
-10 -1.4841e-08 -2.97418e-09 -10 -1.4841e-08 -2.97418e-09 -10 -1.4841e-08 -2.97418e-09 -10
-1.4841e-08 -2.97418e-09 -10 1.04641e-08 -4.63157e-09 -10 1.37014e-08 -4.26275e-09 -10 1.37014e-08
-4.26275e-09 -10 1.37014e-08 -4.26275e-09 -10 1.37014e-08 -4.26275e-09 -10 3.17463e-08 -4.42068e-09
-10 3.69085e-08 -4.77256e-09 -10 3.69085e-08 -4.77256e-09 -10 3.69085e-08 -4.77256e-09 -10
3.69085e-08 -4.77256e-09 -10 4.87097e-08 -3.0567e-09 -10 5.53865e-08 -3.4083e-09 -10 5.53865e-08
-3.4083e-09 -10 5.53865e-08 -3.4083e-09 -10 5.53865e-08 -3.4083e-09 -10 6.19056e-08 -9.77681e-10
-10 6.98333e-08 -4.70325e-10 -10 6.98333e-08 -4.70325e-10 -10 6.98333e-08 -4.70325e-10 -10
6.98333e-08 -4.70326e-10 -10 7.21836e-08 9.33557e-10 -10 8.10862e-08 1.1238e-09 -10 8.10862e-08
1.1238e-09 -10 8.10862e-08 1.1238e-09 -10 8.10862e-08 1.1238e-09 -10 8.06058e-08 1.85935e-09
-10 9.0232e-08 1.7042e-09 -10 9.0232e-08 1.7042e-09 -10 9.0232e-08 1.7042e-09 -10
9.0232e-08 1.7042e-09 -10 8.62972e-08 2.08253e-09 -10 9.63722e-08 2.75381e-09 -10 9.63722e-08
2.75381e-09 -10 9.63722e-08 2.75381e-09 -10 9.63722e-08 2.75381e-09 -10 8.8404e-08 2.21168e-09
-10 9.85022e-08 2.18682e-09 -10 9.85022e-08 2.18682e-09 -10 9.85022e-08 2.18682e-09 -10
9.85022e-08 2.18682e-09 -10 8.83053e-08 1.77651e-09 -10 9.80408e-08 1.87042e-09 -10 9.80408e-08
1.87042e-09 -10 9.80408e-08 1.87042e-09 -10 9.80408e-08 1.87042e-09 -10 8.73666e-08 1.04082e-09
-10 9.74405e-08 1.20192e-09 -10 9.74405e-08 1.20192e-09 -10 9.74405e-08 1.20192e-09 -10
9.74405e-08 1.20192e-09 -10 8.58218e-08 -2.21187e-10 -10 9.59731e-08 -5.63756e-10 -10 9.59731e-08
-5.63756e-10 -10 9.59731e-08 -5.63756e-10 -10 9.59731e-08 -5.63756e-10 -10 8.48029e-08 -2.73701e-09
-10 9.51762e-08 -3.06045e-09 -10 9.51762e-08 -3.06045e-09 -10 9.51762e-08 -3.06045e-09 -10
9.51762e-08 -3.06045e-09 -10 8.58416e-08 -4.91056e-09 -10 9.68316e-08 -5.26859e-09 -10 9.68316e-08
-5.26859e-09 -10 9.68316e-08 -5.26859e-09 -10 9.68316e-08 -5.26859e-09 -10 8.99246e-08 -5.83447e-09
-10 1.01785e-07 -6.24055e-09 -10 1.01785e-07 -6.24055e-09 -10 1.01785e-07 -6.24055e-09 -10
1.01785e-07 -6.24055e-09 -10 9.56968e-08 -6.04485e-09 -10 1.0812e-07 -6.35317e-09 -10 1.0812e-07
-6.35317e-09 -10 1.0812e-07 -6.35317e-09 -10 1.0812e-07 -6.35317e-09 -10 9.63275e-08 -5.46293e-09
-10 1.08149e-07 -5.79847e-09 -10 1.08149e-07 -5.79847e-09 -10 1.08149e-07 -5.79847e-09 -10
1.08149e-07 -5.79847e-09 -10 9.27087e-08 -4.67498e-09 -10 1.04677e-07 -4.85818e-09 -10 1.04677e-07
-4.85818e-09 -10 1.04677e-07 -4.85818e-09 -10 1.04677e-07 -4.85818e-09 -10 9.11305e-08 -4.35163e-09
-10 1.03238e-07 -4.75289e-09 -10 1.03238e-07 -4.75289e-09 -10 1.03238e-07 -4.75289e-09 -10
1.03238e-07 -4.75289e-09 -10 9.21942e-08 -4.53282e-09 -10 1.04676e-07 -5.05861e-09 -10 1.04676e-07
-5.05861e-09 -10 1.04676e-07 -5.05861e-09 -10 1.04676e-07 -5.05861e-09 -10 9.61568e-08 -5.31903e-09
-10 1.09151e-07 -5.73814e-09 -10 1.09151e-07 -5.73814e-09 -10 1.09151e-07 -5.73814e-09 -10
1.09151e-07 -5.73814e-09 -10 1.03107e-07 -6.73027e-09 -10 1.16771e-07 -7.03303e-09 -10 1.16771e-07
-7.03303e-09 -10 1.16771e-07 -7.03303e-09 -10 1.16771e-07 -7.03303e-09 -10 1.12631e-07 -6.94159e-09
-10 1.26967e-07 -6.99881e-09 -10 1.26967e-07 -6.99881e-09 -10 1.26967e-07 -6.99881e-09 -10
1.26967e-07 -6.99881e-09 -10 1.24303e-07 -2.49809e-09 -10 1.40974e-07 -2.26125e-09 -10 1.40974e-07
-2.26125e-09 -10 1.40974e-07 -2.26125e-09 -10 1.40974e-07 -2.26125e-09 -10 1.37129e-07 -5.30047e-11
-10 2.68822e-07 -1.38946e-09 -10 3.88732e-07 -2.47836e-09 -10 5.08641e-07 -3.56726e-09 -10
6.28551e-07 -4.65616e-09 -10 6.74352e-07 -6.18047e-09 -10 -1.62714e-08 -3.26978e-09 -10 -1.62714e-08
-3.26978e-09 -10 -1.62714e-08 -3.26978e-09 -10 -1.62714e-08 -3.26978e-09 -10 -1.62714e-08 -3.26978e-09
-10 1.14136e-08 -5.05182e-09 -10 1.46508e-08 -4.68301e-09 -10 1.46508e-08 -4.68301e-09 -10
1.46508e-08 -4.68301e-09 -10 1.46508e-08 -4.68301e-09 -10 3.46269e-08 -4.8218e-09 -10 3.97891e-08
-5.17368e-09 -10 3.97891e-08 -5.17368e-09 -10 3.97891e-08 -5.17368e-09 -10 3.97891e-08 -5.17368e-09
-10 5.31294e-08 -3.33406e-09 -10 5.98063e-08 -3.68566e-09 -10 5.98063e-08 -3.68566e-09 -10
5.98063e-08 -3.68566e-09 -10 5.98063e-08 -3.68566e-09 -10 6.75227e-08 -1.06639e-09 -10 7.54504e-08
-5.59037e-10 -10 7.54504e-08 -5.59037e-10 -10 7.54504e-08 -5.59037e-10 -10 7.54504e-08 -5.59037e-10
-10 7.87333e-08 1.01827e-09 -10 8.76359e-08 1.20851e-09 -10 8.76359e-08 1.20851e-09 -10
8.76359e-08 1.20851e-09 -10 8.76359e-08 1.20851e-09 -10 8.79197e-08 2.02806e-09 -10 9.75459e-08
1.87291e-09 -10 9.75459e-08 1.87291e-09 -10 9.75459e-08 1.87291e-09 -10 9.75459e-08 1.87291e-09
-10 9.41275e-08 2.2715e-09 -10 1.04203e-07 2.94277e-09 -10 1.04203e-07 2.94277e-09 -10
1.04203e-07 2.94277e-09 -10 1.04203e-07 2.94277e-09 -10 9.64255e-08 2.41236e-09 -10 1.06524e-07
2.3875e-09 -10 1.06524e-07 2.3875e-09 -10 1.06524e-07 2.3875e-09 -10 1.06524e-07 2.3875e-09
-10 9.63178e-08 1.9377e-09 -10 1.06053e-07 2.03161e-09 -10 1.06053e-07 2.03161e-09 -10
1.06053e-07 2.03161e-09 -10 1.06053e-07 2.03161e-09 -10 9.52939e-08 1.13526e-09 -10 1.05368e-07
1.29636e-09 -10 1.05368e-07 1.29636e-09 -10 1.05368e-07 1.29636e-09 -10 1.05368e-07 1.29636e-09
-10 9.36089e-08 -2.41257e-10 -10 1.0376e-07 -5.83826e-10 -10 1.0376e-07 -5.83826e-10 -10
1.0376e-07 -5.83826e-10 -10 1.0376e-07 -5.83826e-10 -10 9.24976e-08 -2.98536e-09 -10 1.02871e-07
-3.3088e-09 -10 1.02871e-07 -3.3088e-09 -10 1.02871e-07 -3.3088e-09 -10 1.02871e-07 -3.3088e-09
-10 9.36306e-08 -5.35612e-09 -10 1.04621e-07 -5.71416e-09 -10 1.04621e-07 -5.71416e-09 -10
1.04621e-07 -5.71416e-09 -10 1.04621e-07 -5.71416e-09 -10 9.80841e-08 -6.36387e-09 -10 1.09945e-07
-6.76995e-09 -10 1.09945e-07 -6.76995e-09 -10 1.09945e-07 -6.76995e-09 -10 1.09945e-07 -6.76995e-09
-10 1.0438e-07 -6.59334e-09 -10 1.16804e-07 -6.90166e-09 -10 1.16804e-07 -6.90166e-09 -10
1.16804e-07 -6.90166e-09 -10 1.16804e-07 -6.90166e-09 -10 1.05068e-07 -5.95862e-09 -10 1.1689e-07
-6.29415e-09 -10 1.1689e-07 -6.29415e-09 -10 1.1689e-07 -6.29415e-09 -10 1.1689e-07 -6.29415e-09
-10 1.01121e-07 -5.09917e-09 -10 1.13089e-07 -5.28237e-09 -10 1.13089e-07 -5.28237e-09 -10
1.13089e-07 -5.28237e-09 -10 1.13089e-07 -5.28237e-09 -10 9.93994e-08 -4.74648e-09 -10 1.11507e-07
-5.14774e-09 -10 1.11507e-07 -5.14774e-09 -10 1.11507e-07 -5.14774e-09 -10 1.11507e-07 -5.14774e-09
-10 1.0056e-07 -4.94412e-09 -10 1.13041e-07 -5.4699e-09 -10 1.13041e-07 -5.4699e-09 -10
1.13041e-07 -5.4699e-09 -10 1.13041e-07 -5.4699e-09 -10 1.04882e-07 -5.80166e-09 -10 1.17876e-07
-6.22077e-09 -10 1.17876e-07 -6.22077e-09 -10 1.17876e-07 -6.22077e-09 -10 1.17876e-07 -6.22077e-09
-10 1.12463e-07 -7.34095e-09 -10 1.26127e-07 -7.64371e-09 -10 1.26127e-07 -7.64371e-09 -10
1.26127e-07 -7.64371e-09 -10 1.26127e-07 -7.64371e-09 -10 1.22851e-07 -7.57145e-09 -10 1.37187e-07
-7.62866e-09 -10 1.37187e-07 -7.62866e-09 -10 1.37187e-07 -7.62866e-09 -10 1.37187e-07 -7.62866e-09
-10 1.35581e-07 -2.72476e-09 -10 1.52253e-07 -2.48792e-09 -10 1.52253e-07 -2.48792e-09 -10
1.52253e-07 -2.48792e-09 -10 1.52253e-07 -2.48792e-09 -10 1.49571e-07 -5.78141e-11 -10 2.81265e-07
-1.39427e-09 -10 4.01174e-07 -2.48317e-09 -10 5.21084e-07 -3.57207e-09 -10 6.40993e-07 -4.66097e-09
-10 6.81079e-07 -6.25397e-09 -10 -1.77017e-08 -3.56539e-09 -10 -1.77017e-08 -3.56539e-09 -10
-1.77017e-08 -3.56539e-09 -10 -1.77017e-08 -3.56539e-09 -10 -1.77017e-08 -3.56539e-09 -10 1.2363e-08
-5.47208e-09 -10 1.56003e-08 -5.10326e-09 -10 1.56003e-08 -5.10326e-09 -10 1.56003e-08 -5.10326e-09
-10 1.56003e-08 -5.10326e-09 -10 3.75074e-08 -5.22291e-09 -10 4.26696e-08 -5.57479e-09 -10
4.26696e-08 -5.57479e-09 -10 4.26696e-08 -5.57479e-09 -10 4.26696e-08 -5.57479e-09 -10 5.75492e-08
-3.61141e-09 -10 6.42261e-08 -3.96301e-09 -10 6.42261e-08 -3.96301e-09 -10 6.42261e-08 -3.96301e-09
-10 6.42261e-08 -3.96301e-09 -10 7.31398e-08 -1.1551e-09 -10 8.10675e-08 -6.47749e-10 -10
8.10675e-08 -6.47749e-10 -10 8.10675e-08 -6.47749e-10 -10 8.10675e-08 -6.47749e-10 -10 8.5283e-08
1.10297e-09 -10 9.41856e-08 1.29322e-09 -10 9.41856e-08 1.29322e-09 -10 9.41856e-08 1.29322e-09
-10 9.41856e-08 1.29322e-09 -10 9.52336e-08 2.19677e-09 -10 1.0486e-07 2.04162e-09 -10
1.0486e-07 2.04162e-09 -10 1.0486e-07 2.04162e-09 -10 1.0486e-07 2.04162e-09 -10 1.01958e-07
2.46046e-09 -10 1.12033e-07 3.13173e-09 -10 1.12033e-07 3.13173e-09 -10 1.12033e-07 3.13173e-09
-10 1.12033e-07 3.13173e-09 -10 1.04447e-07 2.61304e-09 -10 1.14545e-07 2.58818e-09 -10
1.14545e-07 2.58818e-09 -10 1.14545e-07 2.58818e-09 -10 1.14545e-07 2.58818e-09 -10 1.0433e-07
2.0989e-09 -10 1.14066e-07 2.19281e-09 -10 1.14066e-07 2.19281e-09 -10 1.14066e-07 2.19281e-09
-10 1.14066e-07 2.19281e-09 -10 1.03221e-07 1.2297e-09 -10 1.13295e-07 1.3908e-09 -10
1.13295e-07 1.3908e-09 -10 1.13295e-07 1.3908e-09 -10 1.13295e-07 1.3908e-09 -10 1.01396e-07
-2.61326e-10 -10 1.11547e-07 -6.03895e-10 -10 1.11547e-07 -6.03895e-10 -10 1.11547e-07 -6.03895e-10
-10 1.11547e-07 -6.03895e-10 -10 1.00192e-07 -3.2337e-09 -10 1.10566e-07 -3.55714e-09 -10
1.10566e-07 -3.55714e-09 -10 1.10566e-07 -3.55714e-09 -10 1.10566e-07 -3.55714e-09 -10 1.0142e-07
-5.80169e-09 -10 1.1241e-07 -6.15973e-09 -10 1.1241e-07 -6.15973e-09 -10 1.1241e-07 -6.15973e-09
-10 1.1241e-07 -6.15973e-09 -10 1.06244e-07 -6.89327e-09 -10 1.18104e-07 -7.29935e-09 -10
1.18104e-07 -7.29935e-09 -10 1.18104e-07 -7.29935e-09 -10 1.18104e-07 -7.29935e-09 -10 1.13063e-07
-7.14183e-09 -10 1.25487e-07 -7.45015e-09 -10 1.25487e-07 -7.45015e-09 -10 1.25487e-07 -7.45015e-09
-10 1.25487e-07 -7.45015e-09 -10 1.13808e-07 -6.45431e-09 -10 1.2563e-07 -6.78984e-09 -10
1.2563e-07 -6.78984e-09 -10 1.2563e-07 -6.78984e-09 -10 1.2563e-07 -6.78984e-09 -10 1.09533e-07
-5.52336e-09 -10 1.21501e-07 -5.70656e-09 -10 1.21501e-07 -5.70656e-09 -10 1.21501e-07 -5.70656e-09
-10 1.21501e-07 -5.70656e-09 -10 1.07668e-07 -5.14133e-09 -10 1.19775e-07 -5.5426e-09 -10
1.19775e-07 -5.5426e-09 -10 1.19775e-07 -5.5426e-09 -10 1.19775e-07 -5.5426e-09 -10 1.08925e-07
-5.35541e-09 -10 1.21407e-07 -5.8812e-09 -10 1.21407e-07 -5.8812e-09 -10 1.21407e-07 -5.8812e-09
-10 1.21407e-07 -5.8812e-09 -10 1.13607e-07 -6.2843e-09 -10 1.26601e-07 -6.7034e-09 -10
1.26601e-07 -6.7034e-09 -10 1.26601e-07 -6.7034e-09 -10 1.26601e-07 -6.7034e-09 -10 1.21818e-07
-7.95164e-09 -10 1.35482e-07 -8.25439e-09 -10 1.35482e-07 -8.25439e-09 -10 1.35482e-07 -8.25439e-09
-10 1.35482e-07 -8.25439e-09 -10 1.33071e-07 -8.2013e-09 -10 1.47407e-07 -8.25852e-09 -10
1.47407e-07 -8.25852e-09 -10 1.47407e-07 -8.25852e-09 -10 1.47407e-07 -8.25852e-09 -10 1.4686e-07
-2.95143e-09 -10 1.63532e-07 -2.71459e-09 -10 1.63532e-07 -2.71459e-09 -10 1.63532e-07 -2.71459e-09
-10 1.63532e-07 -2.71459e-09 -10 1.62014e-07 -6.26236e-11 -10 2.93707e-07 -1.39908e-09 -10
4.13617e-07 -2.48798e-09 -10 5.33526e-07 -3.57688e-09 -10 6.53436e-07 -4.66578e-09 -10 6.87807e-07
-6.32747e-09 -10 -1.9132e-08 -3.86099e-09 -10 -1.9132e-08 -3.86099e-09 -10 -1.9132e-08 -3.86099e-09
-10 -1.9132e-08 -3.86099e-09 -10 -1.9132e-08 -3.86099e-09 -10 1.33125e-08 -5.89233e-09 -10
1.65498e-08 -5.52351e-09 -10 1.65498e-08 -5.52351e-09 -10 1.65498e-08 -5.52351e-09 -10 1.65498e-08
-5.52351e-09 -10 4.0388e-08 -5.62403e-09 -10 4.55502e-08 -5.97591e-09 -10 4.55502e-08 -5.97591e-09
-10 4.55502e-08 -5.97591e-09 -10 4.55502e-08 -5.97591e-09 -10 6.19689e-08 -3.88877e-09 -10
6.86458e-08 -4.24037e-09 -10 6.86458e-08 -4.24037e-09 -10 6.86458e-08 -4.24037e-09 -10 6.86458e-08
-4.24037e-09 -10 7.87569e-08 -1.24382e-09 -10 8.66846e-08 -7.3646e-10 -10 8.66846e-08 -7.3646e-10
-10 8.66846e-08 -7.3646e-10 -10 8.66846e-08 -7.3646e-10 -10 9.18327e-08 1.18768e-09 -10
1.00735e-07 1.37793e-09 -10 1.00735e-07 1.37793e-09 -10 1.00735e-07 1.37793e-09 -10 1.00735e-07
1.37793e-09 -10 1.02547e-07 2.36548e-09 -10 1.12174e-07 2.21033e-09 -10 1.12174e-07 2.21033e-09
-10 1.12174e-07 2.21033e-09 -10 1.12174e-07 2.21033e-09 -10 1.09788e-07 2.64942e-09 -10
1.19863e-07 3.32069e-09 -10 1.19863e-07 3.32069e-09 -10 1.19863e-07 3.32069e-09 -10 1.19863e-07
3.32069e-09 -10 1.12468e-07 2.81372e-09 -10 1.22567e-07 2.78886e-09 -10 1.22567e-07 2.78886e-09
-10 1.22567e-07 2.78886e-09 -10 1.22567e-07 2.78886e-09 -10 1.12343e-07 2.26009e-09 -10
1.22078e-07 2.354e-09 -10 1.22078e-07 2.354e-09 -10 1.22078e-07 2.354e-09 -10 1.22078e-07
2.354e-09 -10 1.11149e-07 1.32414e-09 -10 1.21223e-07 1.48524e-09 -10 1.21223e-07 1.48524e-09
-10 1.21223e-07 1.48524e-09 -10 1.21223e-07 1.48524e-09 -10 1.09183e-07 -2.81396e-10 -10
1.19335e-07 -6.23965e-10 -10 1.19335e-07 -6.23965e-10 -10 1.19335e-07 -6.23965e-10 -10 1.19335e-07
-6.23965e-10 -10 1.07887e-07 -3.48205e-09 -10 1.1826e-07 -3.80549e-09 -10 1.1826e-07 -3.80549e-09
-10 1.1826e-07 -3.80549e-09 -10 1.1826e-07 -3.80549e-09 -10 1.09209e-07 -6.24726e-09 -10
1.20199e-07 -6.6053e-09 -10 1.20199e-07 -6.6053e-09 -10 1.20199e-07 -6.6053e-09 -10 1.20199e-07
-6.6053e-09 -10 1.14403e-07 -7.42267e-09 -10 1.26264e-07 -7.82876e-09 -10 1.26264e-07 -7.82875e-09
-10 1.26264e-07 -7.82875e-09 -10 1.26264e-07 -7.82875e-09 -10 1.21746e-07 -7.69032e-09 -10
1.3417e-07 -7.99864e-09 -10 1.3417e-07 -7.99864e-09 -10 1.3417e-07 -7.99864e-09 -10 1.3417e-07
-7.99864e-09 -10 1.22549e-07 -6.95e-09 -10 1.34371e-07 -7.28553e-09 -10 1.34371e-07 -7.28553e-09
-10 1.34371e-07 -7.28553e-09 -10 1.34371e-07 -7.28553e-09 -10 1.17945e-07 -5.94756e-09 -10
1.29913e-07 -6.13075e-09 -10 1.29913e-07 -6.13075e-09 -10 1.29913e-07 -6.13075e-09 -10 1.29913e-07
-6.13075e-09 -10 1.15937e-07 -5.53619e-09 -10 1.28044e-07 -5.93745e-09 -10 1.28044e-07 -5.93745e-09
-10 1.28044e-07 -5.93745e-09 -10 1.28044e-07 -5.93745e-09 -10 1.1729e-07 -5.76671e-09 -10
1.29772e-07 -6.29249e-09 -10 1.29772e-07 -6.29249e-09 -10 1.29772e-07 -6.29249e-09 -10 1.29772e-07
-6.29249e-09 -10 1.22332e-07 -6.76693e-09 -10 1.35326e-07 -7.18603e-09 -10 1.35326e-07 -7.18603e-09
-10 1.35326e-07 -7.18603e-09 -10 1.35326e-07 -7.18603e-09 -10 1.31174e-07 -8.56232e-09 -10
1.44838e-07 -8.86508e-09 -10 1.44838e-07 -8.86508e-09 -10 1.44838e-07 -8.86508e-09 -10 1.44838e-07
-8.86508e-09 -10 1.4329e-07 -8.83116e-09 -10 1.57626e-07 -8.88838e-09 -10 1.57626e-07 -8.88838e-09
-10 1.57626e-07 -8.88838e-09 -10 1.57626e-07 -8.88838e-09 -10 1.58139e-07 -3.1781e-09 -10
1.74811e-07 -2.94126e-09 -10 1.74811e-07 -2.94126e-09 -10 1.74811e-07 -2.94126e-09 -10 1.74811e-07
-2.94126e-09 -10 1.74456e-07 -6.74331e-11 -10 3.0615e-07 -1.40389e-09 -10 4.26059e-07 -2.49279e-09
-10 5.45969e-07 -3.58169e-09 -10 6.65879e-07 -4.67059e-09 -10 6.94534e-07 -6.40097e-09 -10
-2.05623e-08 -4.1566e-09 -10 -2.05623e-08 -4.1566e-09 -10 -2.05623e-08 -4.1566e-09 -10 -2.05623e-08
-4.1566e-09 -10 -1.87164e-08 -4.25328e-09 -10 1.4262e-08 -6.31258e-09 -10 1.74993e-08 -5.94377e-09
-10 1.74993e-08 -5.94377e-09 -10 1.74993e-08 -5.94377e-09 -10 1.74993e-08 -5.94377e-09 -10
4.32685e-08 -6.02515e-09 -10 4.84308e-08 -6.37703e-09 -10 4.84308e-08 -6.37703e-09 -10 4.84308e-08
-6.37703e-09 -10 4.84308e-08 -6.37703e-09 -10 6.63887e-08 -4.16612e-09 -10 7.30656e-08 -4.51772e-09
-10 7.30656e-08 -4.51772e-09 -10 7.30656e-08 -4.51772e-09 -10 7.30656e-08 -4.51772e-09 -10
8.43741e-08 -1.33253e-09 -10 9.23017e-08 -8.25172e-10 -10 9.23017e-08 -8.25172e-10 -10 9.23017e-08
-8.25172e-10 -10 9.23017e-08 -8.25172e-10 -10 9.83824e-08 1.27239e-09 -10 1.07285e-07 1.46263e-09
-10 1.07285e-07 1.46263e-09 -10 1.07285e-07 1.46263e-09 -10 1.07285e-07 1.46263e-09 -10
1.09861e-07 2.53419e-09 -10 1.19488e-07 2.37904e-09 -10 1.19488e-07 2.37904e-09 -10 1.19488e-07
2.37904e-09 -10 1.19488e-07 2.37904e-09 -10 1.17618e-07 2.83838e-09 -10 1.27693e-07 3.50965e-09
-10 1.27693e-07 3.50965e-09 -10 1.27693e-07 3.50965e-09 -10 1.27693e-07 3.50965e-09 -10
1.2049e-07 3.0144e-09 -10 1.30588e-07 2.98954e-09 -10 1.30588e-07 2.98954e-09 -10 1.30588e-07
2.98954e-09 -10 1.30588e-07 2.98954e-09 -10 1.20355e-07 2.42129e-09 -10 1.30091e-07 2.5152e-09
-10 1.30091e-07 2.5152e-09 -10 1.30091e-07 2.5152e-09 -10 1.30091e-07 2.5152e-09 -10
1.19076e-07 1.41858e-09 -10 1.2915e-07 1.57968e-09 -10 1.2915e-07 1.57968e-09 -10 1.2915e-07
1.57968e-09 -10 1.2915e-07 1.57968e-09 -10 1.1697e-07 -3.01466e-10 -10 1.27122e-07 -6.44035e-10
-10 1.27122e-07 -6.44035e-10 -10 1.27122e-07 -6.44034e-10 -10 1.27122e-07 -6.44034e-10 -10
1.15582e-07 -3.7304e-09 -10 1.25955e-07 -4.05384e-09 -10 1.25955e-07 -4.05384e-09 -10 1.25955e-07
-4.05384e-09 -10 1.25955e-07 -4.05384e-09 -10 1.16998e-07 -6.69283e-09 -10 1.27988e-07 -7.05086e-09
-10 1.27988e-07 -7.05086e-09 -10 1.27988e-07 -7.05086e-09 -10 1.27988e-07 -7.05086e-09 -10
1.22562e-07 -7.95208e-09 -10 1.34423e-07 -8.35816e-09 -10 1.34423e-07 -8.35816e-09 -10 1.34423e-07
-8.35816e-09 -10 1.34423e-07 -8.35816e-09 -10 1.3043e-07 -8.23881e-09 -10 1.42853e-07 -8.54713e-09
-10 1.42853e-07 -8.54713e-09 -10 1.42853e-07 -8.54713e-09 -10 1.42853e-07 -8.54713e-09 -10
1.31289e-07 -7.44569e-09 -10 1.43111e-07 -7.78122e-09 -10 1.43111e-07 -7.78122e-09 -10 1.43111e-07
-7.78122e-09 -10 1.43111e-07 -7.78122e-09 -10 1.26357e-07 -6.37175e-09 -10 1.38325e-07 -6.55495e-09
-10 1.38325e-07 -6.55495e-09 -10 1.38325e-07 -6.55495e-09 -10 1.38325e-07 -6.55495e-09 -10
1.24206e-07 -5.93104e-09 -10 1.36313e-07 -6.3323e-09 -10 1.36313e-07 -6.3323e-09 -10 1.36313e-07
-6.3323e-09 -10 1.36313e-07 -6.3323e-09 -10 1.25656e-07 -6.178e-09 -10 1.38137e-07 -6.70378e-09
-10 1.38137e-07 -6.70378e-09 -10 1.38137e-07 -6.70378e-09 -10 1.38137e-07 -6.70378e-09 -10
1.31057e-07 -7.24956e-09 -10 1.44051e-07 -7.66866e-09 -10 1.44051e-07 -7.66866e-09 -10 1.44051e-07
-7.66866e-09 -10 1.44051e-07 -7.66866e-09 -10 1.40529e-07 -9.173e-09 -10 1.54193e-07 -9.47576e-09
-10 1.54193e-07 -9.47576e-09 -10 1.54193e-07 -9.47576e-09 -10 1.54193e-07 -9.47576e-09 -10
1.5351e-07 -9.46102e-09 -10 1.67846e-07 -9.51824e-09 -10 1.67846e-07 -9.51824e-09 -10 1.67846e-07
-9.51824e-09 -10 1.67846e-07 -9.51824e-09 -10 1.69418e-07 -3.40477e-09 -10 1.8609e-07 -3.16792e-09
-10 1.8609e-07 -3.16792e-09 -10 1.8609e-07 -3.16792e-09 -10 1.8609e-07 -3.16792e-09 -10
1.86899e-07 -7.22425e-11 -10 3.18592e-07 -1.4087e-09 -10 4.38502e-07 -2.4976e-09 -10 5.58412e-07
-3.5865e-09 -10 6.78321e-07 -4.6754e-09 -10 7.01262e-07 -6.47447e-09 -10 -2.19927e-08 -4.4522e-09
-10 -2.19927e-08 -4.4522e-09 -10 -2.19927e-08 -4.4522e-09 -10 -2.19927e-08 -4.4522e-09 -10
-1.7767e-08 -4.67353e-09 -10 1.52115e-08 -6.73284e-09 -10 1.84487e-08 -6.36402e-09 -10 1.84487e-08
-6.36402e-09 -10 1.84487e-08 -6.36402e-09 -10 1.84487e-08 -6.36402e-09 -10 4.61491e-08 -6.42627e-09
-10 5.13113e-08 -6.77815e-09 -10 5.13113e-08 -6.77815e-09 -10 5.13113e-08 -6.77815e-09 -10
5.13113e-08 -6.77815e-09 -10 7.08085e-08 -4.44348e-09 -10 7.74853e-08 -4.79508e-09 -10 7.74853e-08
-4.79508e-09 -10 7.74853e-08 -4.79508e-09 -10 7.74853e-08 -4.79508e-09 -10 8.99912e-08 -1.42124e-09
-10 9.79188e-08 -9.13883e-10 -10 9.79188e-08 -9.13883e-10 -10 9.79188e-08 -9.13883e-10 -10
9.79188e-08 -9.13884e-10 -10 1.04932e-07 1.3571e-09 -10 1.13835e-07 1.54734e-09 -10 1.13835e-07
1.54734e-09 -10 1.13835e-07 1.54734e-09 -10 1.13835e-07 1.54734e-09 -10 1.17175e-07 2.70291e-09
-10 1.26802e-07 2.54775e-09 -10 1.26802e-07 2.54775e-09 -10 1.26802e-07 2.54775e-09 -10
1.26802e-07 2.54775e-09 -10 1.25449e-07 3.02734e-09 -10 1.35524e-07 3.69862e-09 -10 1.35524e-07
3.69862e-09 -10 1.35524e-07 3.69862e-09 -10 1.35524e-07 3.69862e-09 -10 1.28511e-07 3.21508e-09
-10 1.3861e-07 3.19022e-09 -10 1.3861e-07 3.19022e-09 -10 1.3861e-07 3.19022e-09 -10
1.3861e-07 3.19022e-09 -10 1.28368e-07 2.58248e-09 -10 1.38103e-07 2.67639e-09 -10 1.38103e-07
2.67639e-09 -10 1.38103e-07 2.67639e-09 -10 1.38103e-07 2.67639e-09 -10 1.27003e-07 1.51302e-09
-10 1.37077e-07 1.67412e-09 -10 1.37077e-07 1.67412e-09 -10 1.37077e-07 1.67412e-09 -10
1.37077e-07 1.67412e-09 -10 1.24758e-07 -3.21536e-10 -10 1.34909e-07 -6.64104e-10 -10 1.34909e-07
-6.64104e-10 -10 1.34909e-07 -6.64104e-10 -10 1.34909e-07 -6.64104e-10 -10 1.23277e-07 -3.97874e-09
-10 1.3365e-07 -4.30218e-09 -10 1.3365e-07 -4.30218e-09 -10 1.3365e-07 -4.30218e-09 -10
1.3365e-07 -4.30218e-09 -10 1.24787e-07 -7.13839e-09 -10 1.35776e-07 -7.49643e-09 -10 1.35776e-07
-7.49643e-09 -10 1.35776e-07 -7.49643e-09 -10 1.35776e-07 -7.49643e-09 -10 1.30722e-07 -8.48148e-09
-10 1.42583e-07 -8.88756e-09 -10 1.42583e-07 -8.88756e-09 -10 1.42583e-07 -8.88756e-09 -10
1.42583e-07 -8.88756e-09 -10 1.39113e-07 -8.7873e-09 -10 1.51536e-07 -9.09562e-09 -10 1.51536e-07
-9.09562e-09 -10 1.51536e-07 -9.09562e-09 -10 1.51536e-07 -9.09562e-09 -10 1.4003e-07 -7.94137e-09
-10 1.51851e-07 -8.27691e-09 -10 1.51851e-07 -8.27691e-09 -10 1.51851e-07 -8.27691e-09 -10
1.51851e-07 -8.27691e-09 -10 1.34769e-07 -6.79594e-09 -10 1.46737e-07 -6.97914e-09 -10 1.46737e-07
-6.97914e-09 -10 1.46737e-07 -6.97914e-09 -10 1.46737e-07 -6.97914e-09 -10 1.32475e-07 -6.32589e-09
-10 1.44582e-07 -6.72715e-09 -10 1.44582e-07 -6.72715e-09 -10 1.44582e-07 -6.72715e-09 -10
1.44582e-07 -6.72715e-09 -10 1.34021e-07 -6.58929e-09 -10 1.46503e-07 -7.11508e-09 -10 1.46503e-07
-7.11508e-09 -10 1.46503e-07 -7.11508e-09 -10 1.46503e-07 -7.11508e-09 -10 1.39782e-07 -7.73219e-09
-10 1.52776e-07 -8.15129e-09 -10 1.52776e-07 -8.15129e-09 -10 1.52776e-07 -8.15129e-09 -10
1.52776e-07 -8.15129e-09 -10 1.49885e-07 -9.78369e-09 -10 1.63549e-07 -1.00864e-08 -10 1.63549e-07
-1.00864e-08 -10 1.63549e-07 -1.00864e-08 -10 1.63549e-07 -1.00864e-08 -10 1.6373e-07 -1.00909e-08
-10 1.78066e-07 -1.01481e-08 -10 1.78066e-07 -1.01481e-08 -10 1.78066e-07 -1.01481e-08 -10
1.78066e-07 -1.01481e-08 -10 1.80697e-07 -3.63144e-09 -10 1.97368e-07 -3.39459e-09 -10 1.97368e-07
-3.39459e-09 -10 1.97368e-07 -3.39459e-09 -10 1.97368e-07 -3.39459e-09 -10 1.99342e-07 -7.7052e-11
-10 3.31035e-07 -1.41351e-09 -10 4.50944e-07 -2.50241e-09 -10 5.70854e-07 -3.59131e-09 -10
6.90764e-07 -4.68021e-09 -10 7.07989e-07 -6.54797e-09 -10 -2.3423e-08 -4.74781e-09 -10 -2.3423e-08
-4.74781e-09 -10 -2.3423e-08 -4.74781e-09 -10 -2.3423e-08 -4.74781e-09 -10 -1.68175e-08 -5.09379e-09
-10 1.61609e-08 -7.15309e-09 -10 1.93982e-08 -6.78427e-09 -10 1.93982e-08 -6.78427e-09 -10
1.93982e-08 -6.78427e-09 -10 1.93982e-08 -6.78427e-09 -10 4.90297e-08 -6.82739e-09 -10 5.41919e-08
-7.17927e-09 -10 5.41919e-08 -7.17927e-09 -10 5.41919e-08 -7.17927e-09 -10 5.41919e-08 -7.17927e-09
-10 7.52282e-08 -4.72083e-09 -10 8.19051e-08 -5.07243e-09 -10 8.19051e-08 -5.07243e-09 -10
8.19051e-08 -5.07243e-09 -10 8.19051e-08 -5.07243e-09 -10 9.56083e-08 -1.50995e-09 -10 1.03536e-07
-1.00259e-09 -10 1.03536e-07 -1.0026e-09 -10 1.03536e-07 -1.0026e-09 -10 1.03536e-07 -1.0026e-09
-10 1.11482e-07 1.4418e-09 -10 1.20384e-07 1.63205e-09 -10 1.20384e-07 1.63205e-09 -10
1.20384e-07 1.63205e-09 -10 1.20384e-07 1.63205e-09 -10 1.24489e-07 2.87162e-09 -10 1.34115e-07
2.71646e-09 -10 1.34115e-07 2.71646e-09 -10 1.34115e-07 2.71646e-09 -10 1.34115e-07 2.71646e-09
-10 1.33279e-07 3.21631e-09 -10 1.43354e-07 3.88758e-09 -10 1.43354e-07 3.88758e-09 -10
1.43354e-07 3.88758e-09 -10 1.43354e-07 3.88758e-09 -10 1.36533e-07 3.41576e-09 -10 1.46631e-07
3.39091e-09 -10 1.46631e-07 3.39091e-09 -10 1.46631e-07 3.39091e-09 -10 1.46631e-07 3.39091e-09
-10 1.3638e-07 2.74367e-09 -10 1.46116e-07 2.83759e-09 -10 1.46116e-07 2.83759e-09 -10
1.46116e-07 2.83759e-09 -10 1.46116e-07 2.83759e-09 -10 1.34931e-07 1.60746e-09 -10 1.45005e-07
1.76856e-09 -10 1.45005e-07 1.76856e-09 -10 1.45005e-07 1.76856e-09 -10 1.45005e-07 1.76856e-09
-10 1.32545e-07 -3.41605e-10 -10 1.42696e-07 -6.84174e-10 -10 1.42696e-07 -6.84174e-10 -10
1.42696e-07 -6.84174e-10 -10 1.42696e-07 -6.84174e-10 -10 1.30971e-07 -4.22709e-09 -10 1.41345e-07
-4.55053e-09 -10 1.41345e-07 -4.55053e-09 -10 1.41345e-07 -4.55053e-09 -10 1.41345e-07 -4.55053e-09
-10 1.32576e-07 -7.58396e-09 -10 1.43565e-07 -7.942e-09 -10 1.43565e-07 -7.942e-09 -10
1.43565e-07 -7.942e-09 -10 1.43565e-07 -7.942e-09 -10 1.38881e-07 -9.01088e-09 -10 1.50742e-07
-9.41696e-09 -10 1.50742e-07 -9.41696e-09 -10 1.50742e-07 -9.41696e-09 -10 1.50742e-07 -9.41696e-09
-10 1.47796e-07 -9.33579e-09 -10 1.6022e-07 -9.64411e-09 -10 1.6022e-07 -9.64411e-09 -10
1.6022e-07 -9.64411e-09 -10 1.6022e-07 -9.64411e-09 -10 1.4877e-07 -8.43706e-09 -10 1.60592e-07
-8.77259e-09 -10 1.60592e-07 -8.77259e-09 -10 1.60592e-07 -8.77259e-09 -10 1.60592e-07 -8.77259e-09
-10 1.43181e-07 -7.22013e-09 -10 1.5515e-07 -7.40333e-09 -10 1.5515e-07 -7.40333e-09 -10
1.5515e-07 -7.40333e-09 -10 1.5515e-07 -7.40333e-09 -10 1.40744e-07 -6.72074e-09 -10 1.52851e-07
-7.122e-09 -10 1.52851e-07 -7.122e-09 -10 1.52851e-07 -7.122e-09 -10 1.52851e-07 -7.122e-09
-10 1.42387e-07 -7.00059e-09 -10 1.54868e-07 -7.52637e-09 -10 1.54868e-07 -7.52637e-09 -10
1.54868e-07 -7.52637e-09 -10 1.54868e-07 -7.52637e-09 -10 1.48507e-07 -8.21482e-09 -10 1.61501e-07
-8.63392e-09 -10 1.61501e-07 -8.63392e-09 -10 1.61501e-07 -8.63392e-09 -10 1.61501e-07 -8.63392e-09
-10 1.5924e-07 -1.03944e-08 -10 1.72905e-07 -1.06971e-08 -10 1.72905e-07 -1.06971e-08 -10
1.72905e-07 -1.06971e-08 -10 1.72905e-07 -1.06971e-08 -10 1.7395e-07 -1.07207e-08 -10 1.88286e-07
-1.07779e-08 -10 1.88286e-07 -1.07779e-08 -10 1.88286e-07 -1.07779e-08 -10 1.88286e-07 -1.07779e-08
-10 1.91975e-07 -3.85811e-09 -10 2.08647e-07 -3.62126e-09 -10 2.08647e-07 -3.62126e-09 -10
2.08647e-07 -3.62126e-09 -10 2.08647e-07 -3.62126e-09 -10 2.11784e-07 -8.18615e-11 -10 3.43477e-07
-1.41831e-09 -10 4.63387e-07 -2.50721e-09 -10 5.83297e-07 -3.59612e-09 -10 7.03206e-07 -4.68502e-09
-10 7.14717e-07 -6.62148e-09 -10 -2.48533e-08 -5.04342e-09 -10 -2.48533e-08 -5.04341e-09 -10
-2.48533e-08 -5.04341e-09 -10 -2.48533e-08 -5.04341e-09 -10 -1.5868e-08 -5.51404e-09 -10 1.71104e-08
-7.57334e-09 -10 2.03477e-08 -7.20453e-09 -10 2.03477e-08 -7.20453e-09 -10 2.03477e-08 -7.20453e-09
-10 2.03477e-08 -7.20453e-09 -10 5.19102e-08 -7.2285e-09 -10 5.70724e-08 -7.58038e-09 -10
5.70724e-08 -7.58038e-09 -10 5.70724e-08 -7.58038e-09 -10 5.70724e-08 -7.58038e-09 -10 7.9648e-08
-4.99819e-09 -10 8.63248e-08 -5.34979e-09 -10 8.63248e-08 -5.34979e-09 -10 8.63248e-08 -5.34979e-09
-10 8.63248e-08 -5.34979e-09 -10 1.01225e-07 -1.59866e-09 -10 1.09153e-07 -1.09131e-09 -10
1.09153e-07 -1.09131e-09 -10 1.09153e-07 -1.09131e-09 -10 1.09153e-07 -1.09131e-09 -10 1.18031e-07
1.52651e-09 -10 1.26934e-07 1.71676e-09 -10 1.26934e-07 1.71676e-09 -10 1.26934e-07 1.71676e-09
-10 1.26934e-07 1.71676e-09 -10 1.31803e-07 3.04033e-09 -10 1.41429e-07 2.88517e-09 -10
1.41429e-07 2.88517e-09 -10 1.41429e-07 2.88517e-09 -10 1.41429e-07 2.88517e-09 -10 1.41109e-07
3.40527e-09 -10 1.51184e-07 4.07654e-09 -10 1.51184e-07 4.07654e-09 -10 1.51184e-07 4.07654e-09
-10 1.51184e-07 4.07654e-09 -10 1.44554e-07 3.61644e-09 -10 1.54653e-07 3.59159e-09 -10
1.54653e-07 3.59159e-09 -10 1.54653e-07 3.59159e-09 -10 1.54653e-07 3.59159e-09 -10 1.44393e-07
2.90487e-09 -10 1.54128e-07 2.99878e-09 -10 1.54128e-07 2.99878e-09 -10 1.54128e-07 2.99878e-09
-10 1.54128e-07 2.99878e-09 -10 1.42858e-07 1.7019e-09 -10 1.52932e-07 1.863e-09 -10
1.52932e-07 1.863e-09 -10 1.52932e-07 1.863e-09 -10 1.52932e-07 1.863e-09 -10 1.40332e-07
-3.61675e-10 -10 1.50483e-07 -7.04243e-10 -10 1.50483e-07 -7.04243e-10 -10 1.50483e-07 -7.04243e-10
-10 1.50483e-07 -7.04243e-10 -10 1.38666e-07 -4.47544e-09 -10 1.49039e-07 -4.79888e-09 -10
1.49039e-07 -4.79888e-09 -10 1.49039e-07 -4.79888e-09 -10 1.49039e-07 -4.79888e-09 -10 1.40365e-07
-8.02953e-09 -10 1.51354e-07 -8.38757e-09 -10 1.51354e-07 -8.38757e-09 -10 1.51354e-07 -8.38757e-09
-10 1.51354e-07 -8.38757e-09 -10 1.47041e-07 -9.54028e-09 -10 1.58902e-07 -9.94636e-09 -10
1.58902e-07 -9.94636e-09 -10 1.58902e-07 -9.94636e-09 -10 1.58902e-07 -9.94636e-09 -10 1.56479e-07
-9.88428e-09 -10 1.68903e-07 -1.01926e-08 -10 1.68903e-07 -1.01926e-08 -10 1.68903e-07 -1.01926e-08
-10 1.68903e-07 -1.01926e-08 -10 1.5751e-07 -8.93275e-09 -10 1.69332e-07 -9.26828e-09 -10
1.69332e-07 -9.26828e-09 -10 1.69332e-07 -9.26828e-09 -10 1.69332e-07 -9.26828e-09 -10 1.51593e-07
-7.64432e-09 -10 1.63562e-07 -7.82752e-09 -10 1.63562e-07 -7.82752e-09 -10 1.63562e-07 -7.82752e-09
-10 1.63562e-07 -7.82752e-09 -10 1.49013e-07 -7.1156e-09 -10 1.6112e-07 -7.51686e-09 -10
1.6112e-07 -7.51686e-09 -10 1.6112e-07 -7.51686e-09 -10 1.6112e-07 -7.51685e-09 -10 1.50752e-07
-7.41188e-09 -10 1.63234e-07 -7.93766e-09 -10 1.63234e-07 -7.93766e-09 -10 1.63234e-07 -7.93766e-09
-10 1.63234e-07 -7.93766e-09 -10 1.57231e-07 -8.69745e-09 -10 1.70226e-07 -9.11656e-09 -10
1.70225e-07 -9.11656e-09 -10 1.70225e-07 -9.11656e-09 -10 1.70225e-07 -9.11655e-09 -10 1.68596e-07
-1.10051e-08 -10 1.8226e-07 -1.13078e-08 -10 1.8226e-07 -1.13078e-08 -10 1.8226e-07 -1.13078e-08
-10 1.8226e-07 -1.13078e-08 -10 1.8417e-07 -1.13506e-08 -10 1.98505e-07 -1.14078e-08 -10
1.98505e-07 -1.14078e-08 -10 1.98505e-07 -1.14078e-08 -10 1.98505e-07 -1.14078e-08 -10 2.03254e-07
-4.08478e-09 -10 2.19926e-07 -3.84793e-09 -10 2.19926e-07 -3.84793e-09 -10 2.19926e-07 -3.84793e-09
-10 2.19926e-07 -3.84793e-09 -10 2.24227e-07 -8.66709e-11 -10 3.5592e-07 -1.42312e-09 -10
4.7583e-07 -2.51202e-09 -10 5.95739e-07 -3.60092e-09 -10 7.15649e-07 -4.68982e-09 -10 7.21444e-07
-6.69498e-09 -10 -2.62836e-08 -5.33902e-09 -10 -2.62836e-08 -5.33902e-09 -10 -2.62836e-08 -5.33902e-09
-10 -2.62836e-08 -5.33902e-09 -10 -1.49185e-08 -5.93429e-09 -10 1.80599e-08 -7.9936e-09 -10
2.12972e-08 -7.62478e-09 -10 2.12972e-08 -7.62478e-09 -10 2.12972e-08 -7.62478e-09 -10 2.13375e-08
-7.62438e-09 -10 5.47908e-08 -7.62962e-09 -10 5.9953e-08 -7.9815e-09 -10 5.9953e-08 -7.9815e-09
-10 5.9953e-08 -7.9815e-09 -10 5.99851e-08 -7.97891e-09 -10 8.40677e-08 -5.27554e-09 -10
9.07446e-08 -5.62714e-09 -10 9.07446e-08 -5.62714e-09 -10 9.07446e-08 -5.62714e-09 -10 9.07696e-08
-5.6232e-09 -10 1.06842e-07 -1.68737e-09 -10 1.1477e-07 -1.18002e-09 -10 1.1477e-07 -1.18002e-09
-10 1.1477e-07 -1.18002e-09 -10 1.1479e-07 -1.17639e-09 -10 1.24581e-07 1.61122e-09 -10
1.33484e-07 1.80146e-09 -10 1.33484e-07 1.80146e-09 -10 1.33484e-07 1.80146e-09 -10 1.335e-07
1.80322e-09 -10 1.39117e-07 3.20904e-09 -10 1.48743e-07 3.05389e-09 -10 1.48743e-07 3.05389e-09
-10 1.48743e-07 3.05389e-09 -10 1.48754e-07 3.05431e-09 -10 1.4894e-07 3.59423e-09 -10
1.59015e-07 4.2655e-09 -10 1.59015e-07 4.2655e-09 -10 1.59015e-07 4.2655e-09 -10 1.59019e-07
4.26575e-09 -10 1.52576e-07 3.81712e-09 -10 1.62674e-07 3.79227e-09 -10 1.62674e-07 3.79227e-09
-10 1.62674e-07 3.79227e-09 -10 1.62674e-07 3.79144e-09 -10 1.52406e-07 3.06606e-09 -10
1.62141e-07 3.15997e-09 -10 1.62141e-07 3.15997e-09 -10 1.62141e-07 3.15997e-09 -10 1.62139e-07
3.15858e-09 -10 1.50785e-07 1.79634e-09 -10 1.60859e-07 1.95744e-09 -10 1.60859e-07 1.95744e-09
-10 1.60859e-07 1.95744e-09 -10 1.60856e-07 1.95505e-09 -10 1.48119e-07 -3.81745e-10 -10
1.5827e-07 -7.24313e-10 -10 1.5827e-07 -7.24313e-10 -10 1.5827e-07 -7.24313e-10 -10 1.58269e-07
-7.29084e-10 -10 1.46361e-07 -4.72379e-09 -10 1.56734e-07 -5.04723e-09 -10 1.56734e-07 -5.04723e-09
-10 1.56734e-07 -5.04723e-09 -10 1.56736e-07 -5.05135e-09 -10 1.48153e-07 -8.4751e-09 -10
1.59143e-07 -8.83313e-09 -10 1.59143e-07 -8.83313e-09 -10 1.59143e-07 -8.83313e-09 -10 1.59151e-07
-8.83489e-09 -10 1.552e-07 -1.00697e-08 -10 1.67061e-07 -1.04758e-08 -10 1.67061e-07 -1.04758e-08
-10 1.67061e-07 -1.04758e-08 -10 1.67072e-07 -1.04762e-08 -10 1.65163e-07 -1.04328e-08 -10
1.77586e-07 -1.07411e-08 -10 1.77586e-07 -1.07411e-08 -10 1.77586e-07 -1.07411e-08 -10 1.77587e-07
-1.074e-08 -10 1.66251e-07 -9.42844e-09 -10 1.78073e-07 -9.76397e-09 -10 1.78073e-07 -9.76397e-09
-10 1.78073e-07 -9.76397e-09 -10 1.78066e-07 -9.76248e-09 -10 1.60005e-07 -8.06852e-09 -10
1.71974e-07 -8.25171e-09 -10 1.71974e-07 -8.25171e-09 -10 1.71974e-07 -8.25171e-09 -10 1.71971e-07
-8.2511e-09 -10 1.57282e-07 -7.51045e-09 -10 1.69389e-07 -7.91171e-09 -10 1.69389e-07 -7.91171e-09
-10 1.69389e-07 -7.91171e-09 -10 1.69391e-07 -7.91205e-09 -10 1.59117e-07 -7.82317e-09 -10
1.71599e-07 -8.34895e-09 -10 1.71599e-07 -8.34895e-09 -10 1.71599e-07 -8.34895e-09 -10 1.71606e-07
-8.35045e-09 -10 1.65956e-07 -9.18008e-09 -10 1.7895e-07 -9.59919e-09 -10 1.7895e-07 -9.59919e-09
-10 1.7895e-07 -9.59919e-09 -10 1.78964e-07 -9.60186e-09 -10 1.77952e-07 -1.16157e-08 -10
1.91616e-07 -1.19185e-08 -10 1.91616e-07 -1.19185e-08 -10 1.91616e-07 -1.19185e-08 -10 1.91634e-07
-1.19189e-08 -10 1.94389e-07 -1.19804e-08 -10 2.08725e-07 -1.20377e-08 -10 2.08725e-07 -1.20377e-08
-10 2.08725e-07 -1.20377e-08 -10 2.08747e-07 -1.20292e-08 -10 2.14533e-07 -4.31145e-09 -10
2.31205e-07 -4.0746e-09 -10 2.31205e-07 -4.0746e-09 -10 2.31205e-07 -4.0746e-09 -10 2.31229e-07
-4.06996e-09 -10 2.36669e-07 -9.14804e-11 -10 3.68363e-07 -1.42793e-09 -10 4.88272e-07 -2.51683e-09
-10 6.08182e-07 -3.60573e-09 -10 7.27972e-07 -4.69607e-09 -10 7.28171e-07 -6.76848e-09 
