solid Chicago
facet normal -0.000000 0.000000 1.000000
outer loop
vertex 449.340637 4.601624 -0.000026
vertex 452.101379 -157.165909 -0.000014
vertex 477.048096 -156.582825 -0.000014
endloop
endfacet
facet normal 0.000000 0.000000 1.000000
outer loop
vertex 328.336304 -342.552307 30.000000
vertex 414.397461 -341.431030 30.000000
vertex 412.449341 -191.387909 29.999989
endloop
endfacet
facet normal 0.000000 0.000000 1.000000
outer loop
vertex 328.336304 -342.552307 30.000000
vertex 412.449341 -191.387909 29.999989
vertex 326.388306 -192.509201 29.999989
endloop
endfacet
facet normal 0.013028 -0.999915 0.000000
outer loop
vertex 414.397461 -341.431030 0.000000
vertex 414.397461 -341.431030 30.000000
vertex 328.336304 -342.552307 30.000000
endloop
endfacet
facet normal 0.013028 -0.999915 0.000000
outer loop
vertex 414.397461 -341.431030 0.000000
vertex 328.336304 -342.552307 30.000000
vertex 328.336304 -342.552307 0.000000
endloop
endfacet
facet normal 0.999916 0.012983 0.000000
outer loop
vertex 412.449341 -191.387909 -0.000011
vertex 412.449341 -191.387909 29.999989
vertex 414.397461 -341.431030 30.000000
endloop
endfacet
facet normal 0.999916 0.012983 0.000000
outer loop
vertex 412.449341 -191.387909 -0.000011
vertex 414.397461 -341.431030 30.000000
vertex 414.397461 -341.431030 0.000000
endloop
endfacet
facet normal -0.013028 0.999915 0.000000
outer loop
vertex 326.388306 -192.509201 -0.000011
vertex 326.388306 -192.509201 29.999989
vertex 412.449341 -191.387909 29.999989
endloop
endfacet
facet normal -0.013028 0.999915 0.000000
outer loop
vertex 326.388306 -192.509201 -0.000011
vertex 412.449341 -191.387909 29.999989
vertex 412.449341 -191.387909 -0.000011
endloop
endfacet
facet normal -0.999916 -0.012982 0.000000
outer loop
vertex 328.336304 -342.552307 0.000000
vertex 328.336304 -342.552307 30.000000
vertex 326.388306 -192.509201 29.999989
endloop
endfacet
facet normal -0.999916 -0.012982 0.000000
outer loop
vertex 328.336304 -342.552307 0.000000
vertex 326.388306 -192.509201 29.999989
vertex 326.388306 -192.509201 -0.000011
endloop
endfacet
facet normal 0.000000 0.000000 1.000000
outer loop
vertex -52.175903 -170.382263 183.999985
vertex -45.530151 -170.247711 183.999985
vertex -45.830688 -160.096222 183.999985
endloop
endfacet
facet normal 0.000000 0.000000 1.000000
outer loop
vertex -16.575928 -159.498199 183.999985
vertex -16.275391 -169.948700 183.999985
vertex 70.609497 -168.453629 183.999985
endloop
endfacet
facet normal 0.000000 0.000000 1.000000
outer loop
vertex -116.674438 -171.682968 183.999985
vertex -52.175903 -170.382263 183.999985
vertex -45.830688 -160.096222 183.999985
endloop
endfacet
facet normal 0.000000 0.000000 1.000000
outer loop
vertex -16.575928 -159.498199 183.999985
vertex 70.609497 -168.453629 183.999985
vertex 69.574219 -110.116043 183.999985
endloop
endfacet
facet normal 0.000000 0.000000 1.000000
outer loop
vertex -119.880493 -171.742783 183.999985
vertex -116.674438 -171.682968 183.999985
vertex -45.830688 -160.096222 183.999985
endloop
endfacet
facet normal 0.000000 0.000000 1.000000
outer loop
vertex -45.830688 -160.096222 183.999985
vertex -16.575928 -159.498199 183.999985
vertex 69.574219 -110.116043 183.999985
endloop
endfacet
facet normal -0.000000 0.000000 1.000000
outer loop
vertex 69.574219 -110.116043 183.999985
vertex 68.817261 -67.237274 183.999985
vertex -18.067627 -69.016418 183.999985
endloop
endfacet
facet normal -0.000001 0.000000 1.000000
outer loop
vertex -47.322388 -69.629395 183.999985
vertex -48.224121 -7.523560 183.999969
vertex -70.465698 -8.495392 183.999969
endloop
endfacet
facet normal -0.000000 0.000000 1.000000
outer loop
vertex 69.574219 -110.116043 183.999985
vertex -18.067627 -69.016418 183.999985
vertex -47.322388 -69.629395 183.999985
endloop
endfacet
facet normal 0.000000 0.000000 1.000000
outer loop
vertex -119.880493 -171.742783 183.999985
vertex -45.830688 -160.096222 183.999985
vertex 69.574219 -110.116043 183.999985
endloop
endfacet
facet normal 0.000000 0.000000 1.000000
outer loop
vertex -102.102661 -8.704681 183.999969
vertex -121.973267 -8.719635 183.999969
vertex -119.880493 -171.742783 183.999985
endloop
endfacet
facet normal 0.000000 0.000000 1.000000
outer loop
vertex -47.322388 -69.629395 183.999985
vertex -70.465698 -8.495392 183.999969
vertex -102.102661 -8.704681 183.999969
endloop
endfacet
facet normal -0.000000 0.000000 1.000000
outer loop
vertex -119.880493 -171.742783 183.999985
vertex 69.574219 -110.116043 183.999985
vertex -47.322388 -69.629395 183.999985
endloop
endfacet
facet normal -0.000000 0.000000 1.000000
outer loop
vertex -47.322388 -69.629395 183.999985
vertex -102.102661 -8.704681 183.999969
vertex -119.880493 -171.742783 183.999985
endloop
endfacet
facet normal 0.999562 0.029592 0.000000
outer loop
vertex -45.830688 -160.096237 -0.000013
vertex -45.830688 -160.096222 183.999985
vertex -45.530151 -170.247711 183.999985
endloop
endfacet
facet normal 0.999562 0.029592 -0.000000
outer loop
vertex -45.830688 -160.096237 -0.000013
vertex -45.530151 -170.247711 183.999985
vertex -45.530151 -170.247726 -0.000013
endloop
endfacet
facet normal 0.020438 -0.999791 0.000000
outer loop
vertex -16.575928 -159.498215 -0.000013
vertex -16.575928 -159.498199 183.999985
vertex -45.830688 -160.096222 183.999985
endloop
endfacet
facet normal 0.020438 -0.999791 0.000000
outer loop
vertex -16.575928 -159.498215 -0.000013
vertex -45.830688 -160.096222 183.999985
vertex -45.830688 -160.096237 -0.000013
endloop
endfacet
facet normal -0.999587 -0.028746 0.000000
outer loop
vertex -16.275391 -169.948715 -0.000013
vertex -16.275391 -169.948700 183.999985
vertex -16.575928 -159.498199 183.999985
endloop
endfacet
facet normal -0.999587 -0.028746 0.000000
outer loop
vertex -16.275391 -169.948715 -0.000013
vertex -16.575928 -159.498199 183.999985
vertex -16.575928 -159.498215 -0.000013
endloop
endfacet
facet normal 0.017205 -0.999852 0.000000
outer loop
vertex 70.609497 -168.453644 -0.000013
vertex 70.609497 -168.453629 183.999985
vertex -16.275391 -169.948700 183.999985
endloop
endfacet
facet normal 0.017205 -0.999852 0.000000
outer loop
vertex 70.609497 -168.453644 -0.000013
vertex -16.275391 -169.948700 183.999985
vertex -16.275391 -169.948715 -0.000013
endloop
endfacet
facet normal 0.999843 0.017744 -0.000000
outer loop
vertex 69.574219 -110.116058 -0.000017
vertex 69.574219 -110.116043 183.999985
vertex 70.609497 -168.453629 183.999985
endloop
endfacet
facet normal 0.999843 0.017743 0.000000
outer loop
vertex 69.574219 -110.116058 -0.000017
vertex 70.609497 -168.453629 183.999985
vertex 70.609497 -168.453644 -0.000013
endloop
endfacet
facet normal 0.999844 0.017651 0.000000
outer loop
vertex 68.817261 -67.237274 -0.000020
vertex 68.817261 -67.237274 183.999985
vertex 69.574219 -110.116043 183.999985
endloop
endfacet
facet normal 0.999844 0.017651 -0.000000
outer loop
vertex 68.817261 -67.237274 -0.000020
vertex 69.574219 -110.116043 183.999985
vertex 69.574219 -110.116058 -0.000017
endloop
endfacet
facet normal -0.020473 0.999790 0.000000
outer loop
vertex -18.067627 -69.016418 -0.000020
vertex -18.067627 -69.016418 183.999985
vertex 68.817261 -67.237274 183.999985
endloop
endfacet
facet normal -0.020473 0.999790 0.000000
outer loop
vertex -18.067627 -69.016418 -0.000020
vertex 68.817261 -67.237274 183.999985
vertex 68.817261 -67.237274 -0.000020
endloop
endfacet
facet normal -0.020948 0.999781 0.000000
outer loop
vertex -47.322388 -69.629395 -0.000020
vertex -47.322388 -69.629395 183.999985
vertex -18.067627 -69.016418 183.999985
endloop
endfacet
facet normal -0.020948 0.999781 0.000000
outer loop
vertex -47.322388 -69.629395 -0.000020
vertex -18.067627 -69.016418 183.999985
vertex -18.067627 -69.016418 -0.000020
endloop
endfacet
facet normal 0.999895 0.014518 0.000000
outer loop
vertex -48.224121 -7.523560 -0.000025
vertex -48.224121 -7.523560 183.999969
vertex -47.322388 -69.629395 183.999985
endloop
endfacet
facet normal 0.999895 0.014518 0.000000
outer loop
vertex -48.224121 -7.523560 -0.000025
vertex -47.322388 -69.629395 183.999985
vertex -47.322388 -69.629395 -0.000020
endloop
endfacet
facet normal -0.043653 0.999047 0.000000
outer loop
vertex -70.465698 -8.495392 -0.000025
vertex -70.465698 -8.495392 183.999969
vertex -48.224121 -7.523560 183.999969
endloop
endfacet
facet normal -0.043653 0.999047 0.000000
outer loop
vertex -70.465698 -8.495392 -0.000025
vertex -48.224121 -7.523560 183.999969
vertex -48.224121 -7.523560 -0.000025
endloop
endfacet
facet normal -0.006615 0.999978 0.000000
outer loop
vertex -102.102661 -8.704681 -0.000025
vertex -102.102661 -8.704681 183.999969
vertex -70.465698 -8.495392 183.999969
endloop
endfacet
facet normal -0.006615 0.999978 0.000000
outer loop
vertex -102.102661 -8.704681 -0.000025
vertex -70.465698 -8.495392 183.999969
vertex -70.465698 -8.495392 -0.000025
endloop
endfacet
facet normal -0.000753 1.000000 0.000000
outer loop
vertex -121.973267 -8.719635 -0.000025
vertex -121.973267 -8.719635 183.999969
vertex -102.102661 -8.704681 183.999969
endloop
endfacet
facet normal -0.000753 1.000000 0.000000
outer loop
vertex -121.973267 -8.719635 -0.000025
vertex -102.102661 -8.704681 183.999969
vertex -102.102661 -8.704681 -0.000025
endloop
endfacet
facet normal -0.999918 -0.012836 0.000000
outer loop
vertex -119.880493 -171.742798 -0.000013
vertex -119.880493 -171.742783 183.999985
vertex -121.973267 -8.719635 183.999969
endloop
endfacet
facet normal -0.999918 -0.012836 0.000000
outer loop
vertex -119.880493 -171.742798 -0.000013
vertex -121.973267 -8.719635 183.999969
vertex -121.973267 -8.719635 -0.000025
endloop
endfacet
facet normal 0.018653 -0.999826 0.000000
outer loop
vertex -116.674438 -171.682983 -0.000013
vertex -116.674438 -171.682968 183.999985
vertex -119.880493 -171.742783 183.999985
endloop
endfacet
facet normal 0.018653 -0.999826 0.000000
outer loop
vertex -116.674438 -171.682983 -0.000013
vertex -119.880493 -171.742783 183.999985
vertex -119.880493 -171.742798 -0.000013
endloop
endfacet
facet normal 0.020162 -0.999797 0.000000
outer loop
vertex -52.175903 -170.382278 -0.000013
vertex -52.175903 -170.382263 183.999985
vertex -116.674438 -171.682968 183.999985
endloop
endfacet
facet normal 0.020162 -0.999797 0.000000
outer loop
vertex -52.175903 -170.382278 -0.000013
vertex -116.674438 -171.682968 183.999985
vertex -116.674438 -171.682983 -0.000013
endloop
endfacet
facet normal 0.020242 -0.999795 0.000000
outer loop
vertex -45.530151 -170.247726 -0.000013
vertex -45.530151 -170.247711 183.999985
vertex -52.175903 -170.382263 183.999985
endloop
endfacet
facet normal 0.020242 -0.999795 0.000000
outer loop
vertex -45.530151 -170.247726 -0.000013
vertex -52.175903 -170.382263 183.999985
vertex -52.175903 -170.382278 -0.000013
endloop
endfacet
facet normal 0.000000 0.000000 1.000000
outer loop
vertex 508.584900 -9.691437 32.999973
vertex 449.307251 -10.827728 32.999977
vertex 452.101379 -157.165909 32.999985
endloop
endfacet
facet normal -0.000000 0.000000 1.000000
outer loop
vertex 508.584900 -9.691437 32.999973
vertex 452.101379 -157.165909 32.999985
vertex 477.048096 -156.582825 32.999985
endloop
endfacet
facet normal -0.000000 0.000000 1.000000
outer loop
vertex 477.048096 -156.582825 32.999985
vertex 509.219421 -42.628204 32.999977
vertex 508.584900 -9.691437 32.999973
endloop
endfacet
facet normal -0.999818 -0.019090 0.000000
outer loop
vertex 452.101379 -157.165909 -0.000014
vertex 452.101379 -157.165909 32.999985
vertex 449.307251 -10.827728 32.999977
endloop
endfacet
facet normal -0.999818 -0.019090 0.000000
outer loop
vertex 452.101379 -157.165909 -0.000014
vertex 449.307251 -10.827728 32.999977
vertex 449.307251 -10.827728 -0.000025
endloop
endfacet
facet normal 0.023367 -0.999727 0.000000
outer loop
vertex 477.048096 -156.582825 -0.000014
vertex 477.048096 -156.582825 32.999985
vertex 452.101379 -157.165909 32.999985
endloop
endfacet
facet normal 0.023367 -0.999727 0.000000
outer loop
vertex 477.048096 -156.582825 -0.000014
vertex 452.101379 -157.165909 32.999985
vertex 452.101379 -157.165909 -0.000014
endloop
endfacet
facet normal 0.023164 -0.999732 0.000000
outer loop
vertex 511.245422 -155.790451 -0.000014
vertex 477.048096 -156.582825 32.999985
vertex 477.048096 -156.582825 -0.000014
endloop
endfacet
facet normal 0.999815 0.019263 0.000000
outer loop
vertex 508.584900 -9.691437 -0.000025
vertex 508.584900 -9.691437 32.999973
vertex 509.219421 -42.628204 32.999977
endloop
endfacet
facet normal 0.999815 0.019260 0.000000
outer loop
vertex 508.584900 -9.691437 -0.000025
vertex 509.219421 -42.628204 32.999977
vertex 509.219421 -42.628204 -0.000022
endloop
endfacet
facet normal -0.019165 0.999816 0.000000
outer loop
vertex 449.307251 -10.827728 -0.000025
vertex 449.307251 -10.827728 32.999977
vertex 508.584900 -9.691437 32.999973
endloop
endfacet
facet normal -0.019165 0.999816 0.000000
outer loop
vertex 449.307251 -10.827728 -0.000025
vertex 508.584900 -9.691437 32.999973
vertex 508.584900 -9.691437 -0.000025
endloop
endfacet
facet normal 0.000000 0.000000 1.000000
outer loop
vertex -502.507812 66.947144 441.999969
vertex -471.004395 67.425598 441.999969
vertex -439.601196 67.918976 441.999969
endloop
endfacet
facet normal -0.000609 0.000000 1.000000
outer loop
vertex -439.601196 67.918976 441.999969
vertex -439.912842 91.108032 441.999969
vertex -440.113159 100.871063 441.999969
endloop
endfacet
facet normal 0.000348 0.000000 1.000000
outer loop
vertex -439.601196 67.918976 441.999969
vertex -440.113159 100.871063 441.999969
vertex -440.781128 132.911255 441.999969
endloop
endfacet
facet normal -0.001795 0.000000 0.999998
outer loop
vertex -439.601196 67.918976 441.999969
vertex -440.781128 132.911255 441.999969
vertex -441.059448 146.397156 441.999969
endloop
endfacet
facet normal -0.000001 0.000000 1.000000
outer loop
vertex -441.059448 146.397156 441.999969
vertex -441.304321 164.263794 441.999969
vertex -472.106445 163.875061 441.999969
endloop
endfacet
facet normal -0.000000 0.000000 1.000000
outer loop
vertex -441.059448 146.397156 441.999969
vertex -472.106445 163.875061 441.999969
vertex -503.620972 163.441467 441.999969
endloop
endfacet
facet normal 0.015186 -0.999885 0.000000
outer loop
vertex -471.004395 67.425568 -0.000031
vertex -471.004395 67.425598 441.999969
vertex -502.507812 66.947144 441.999969
endloop
endfacet
facet normal 0.015186 -0.999885 0.000000
outer loop
vertex -471.004395 67.425568 -0.000031
vertex -502.507812 66.947144 441.999969
vertex -502.507812 66.947113 -0.000031
endloop
endfacet
facet normal 0.015709 -0.999877 0.000000
outer loop
vertex -439.601196 67.918945 -0.000031
vertex -439.601196 67.918976 441.999969
vertex -471.004395 67.425598 441.999969
endloop
endfacet
facet normal 0.015709 -0.999877 0.000000
outer loop
vertex -439.601196 67.918945 -0.000031
vertex -471.004395 67.425598 441.999969
vertex -471.004395 67.425568 -0.000031
endloop
endfacet
facet normal 0.999910 0.013435 -0.000000
outer loop
vertex -439.912842 91.108002 -0.000032
vertex -439.912842 91.108032 441.999969
vertex -439.601196 67.918976 441.999969
endloop
endfacet
facet normal 0.999910 0.013438 -0.000000
outer loop
vertex -439.912842 91.108002 -0.000032
vertex -439.601196 67.918976 441.999969
vertex -439.601196 67.918945 -0.000031
endloop
endfacet
facet normal 0.999790 0.020512 -0.000000
outer loop
vertex -440.113159 100.871033 -0.000033
vertex -440.113159 100.871063 441.999969
vertex -439.912842 91.108032 441.999969
endloop
endfacet
facet normal 0.999789 0.020519 -0.000000
outer loop
vertex -440.113159 100.871033 -0.000033
vertex -439.912842 91.108032 441.999969
vertex -439.912842 91.108002 -0.000032
endloop
endfacet
facet normal 0.999783 0.020844 -0.000000
outer loop
vertex -440.781128 132.911224 -0.000036
vertex -440.781128 132.911255 441.999969
vertex -440.113159 100.871063 441.999969
endloop
endfacet
facet normal 0.999783 0.020844 -0.000000
outer loop
vertex -440.781128 132.911224 -0.000036
vertex -440.113159 100.871063 441.999969
vertex -440.113159 100.871033 -0.000033
endloop
endfacet
facet normal 0.999787 0.020636 -0.000000
outer loop
vertex -441.059448 146.397125 -0.000037
vertex -441.059448 146.397156 441.999969
vertex -440.781128 132.911255 441.999969
endloop
endfacet
facet normal 0.999787 0.020631 -0.000000
outer loop
vertex -441.059448 146.397125 -0.000037
vertex -440.781128 132.911255 441.999969
vertex -440.781128 132.911224 -0.000036
endloop
endfacet
facet normal 0.999906 0.013706 -0.000000
outer loop
vertex -441.304321 164.263763 -0.000038
vertex -441.304321 164.263794 441.999969
vertex -441.059448 146.397156 441.999969
endloop
endfacet
facet normal 0.999906 0.013702 -0.000000
outer loop
vertex -441.304321 164.263763 -0.000038
vertex -441.059448 146.397156 441.999969
vertex -441.059448 146.397125 -0.000037
endloop
endfacet
facet normal -0.012619 0.999920 -0.000000
outer loop
vertex -472.106445 163.875031 -0.000038
vertex -472.106445 163.875061 441.999969
vertex -441.304321 164.263794 441.999969
endloop
endfacet
facet normal -0.012619 0.999920 -0.000000
outer loop
vertex -472.106445 163.875031 -0.000038
vertex -441.304321 164.263794 441.999969
vertex -441.304321 164.263763 -0.000038
endloop
endfacet
facet normal -0.013757 0.999905 -0.000000
outer loop
vertex -503.620972 163.441437 -0.000038
vertex -503.620972 163.441467 441.999969
vertex -472.106445 163.875061 441.999969
endloop
endfacet
facet normal -0.013757 0.999905 -0.000000
outer loop
vertex -503.620972 163.441437 -0.000038
vertex -472.106445 163.875061 441.999969
vertex -472.106445 163.875031 -0.000038
endloop
endfacet
facet normal 0.000000 0.000000 1.000000
outer loop
vertex 134.417847 29.360352 165.999969
vertex 230.564453 30.915253 165.999969
vertex 229.762939 80.447906 165.999969
endloop
endfacet
facet normal 0.000000 0.000000 1.000000
outer loop
vertex 134.417847 29.360352 165.999969
vertex 229.762939 80.447906 165.999969
vertex 133.616333 78.893005 165.999969
endloop
endfacet
facet normal 0.016170 -0.999869 0.000000
outer loop
vertex 230.564453 30.915253 -0.000028
vertex 230.564453 30.915253 165.999969
vertex 134.417847 29.360352 165.999969
endloop
endfacet
facet normal 0.016170 -0.999869 0.000000
outer loop
vertex 230.564453 30.915253 -0.000028
vertex 134.417847 29.360352 165.999969
vertex 134.417847 29.360352 -0.000028
endloop
endfacet
facet normal 0.999869 0.016179 0.000000
outer loop
vertex 229.762939 80.447906 -0.000032
vertex 229.762939 80.447906 165.999969
vertex 230.564453 30.915253 165.999969
endloop
endfacet
facet normal 0.999869 0.016180 0.000000
outer loop
vertex 229.762939 80.447906 -0.000032
vertex 230.564453 30.915253 165.999969
vertex 230.564453 30.915253 -0.000028
endloop
endfacet
facet normal -0.016170 0.999869 0.000000
outer loop
vertex 133.616333 78.893005 -0.000031
vertex 133.616333 78.893005 165.999969
vertex 229.762939 80.447906 165.999969
endloop
endfacet
facet normal -0.016170 0.999869 0.000000
outer loop
vertex 133.616333 78.893005 -0.000031
vertex 229.762939 80.447906 165.999969
vertex 229.762939 80.447906 -0.000032
endloop
endfacet
facet normal -0.999869 -0.016180 0.000000
outer loop
vertex 134.417847 29.360352 -0.000028
vertex 134.417847 29.360352 165.999969
vertex 133.616333 78.893005 165.999969
endloop
endfacet
facet normal -0.999869 -0.016179 0.000000
outer loop
vertex 134.417847 29.360352 -0.000028
vertex 133.616333 78.893005 165.999969
vertex 133.616333 78.893005 -0.000031
endloop
endfacet
facet normal -0.000000 0.000000 1.000000
outer loop
vertex -156.059326 284.830688 174.999954
vertex -154.656616 208.384766 174.999954
vertex -101.212158 209.580811 174.999954
endloop
endfacet
facet normal 0.000000 0.000000 1.000000
outer loop
vertex -156.059326 284.830688 174.999954
vertex -101.212158 209.580811 174.999954
vertex -102.770630 285.578247 174.999954
endloop
endfacet
facet normal -0.999832 -0.018346 0.000000
outer loop
vertex -154.656616 208.384766 -0.000041
vertex -154.656616 208.384766 174.999954
vertex -156.059326 284.830688 174.999954
endloop
endfacet
facet normal -0.999832 -0.018346 0.000000
outer loop
vertex -154.656616 208.384766 -0.000041
vertex -156.059326 284.830688 174.999954
vertex -156.059326 284.830688 -0.000047
endloop
endfacet
facet normal 0.022374 -0.999750 0.000000
outer loop
vertex -101.212158 209.580811 -0.000041
vertex -101.212158 209.580811 174.999954
vertex -154.656616 208.384766 174.999954
endloop
endfacet
facet normal 0.022374 -0.999750 0.000000
outer loop
vertex -101.212158 209.580811 -0.000041
vertex -154.656616 208.384766 174.999954
vertex -154.656616 208.384766 -0.000041
endloop
endfacet
facet normal 0.999790 0.020502 0.000000
outer loop
vertex -102.770630 285.578247 -0.000047
vertex -102.770630 285.578247 174.999954
vertex -101.212158 209.580811 174.999954
endloop
endfacet
facet normal 0.999790 0.020503 0.000000
outer loop
vertex -102.770630 285.578247 -0.000047
vertex -101.212158 209.580811 174.999954
vertex -101.212158 209.580811 -0.000041
endloop
endfacet
facet normal -0.014027 0.999902 0.000000
outer loop
vertex -156.059326 284.830688 -0.000047
vertex -156.059326 284.830688 174.999954
vertex -102.770630 285.578247 174.999954
endloop
endfacet
facet normal -0.014027 0.999902 0.000000
outer loop
vertex -156.059326 284.830688 -0.000047
vertex -102.770630 285.578247 174.999954
vertex -102.770630 285.578247 -0.000047
endloop
endfacet
facet normal -0.000000 0.000000 1.000000
outer loop
vertex -313.108765 342.483276 306.899933
vertex -313.531860 369.694946 306.899933
vertex -348.998169 369.141724 306.899933
endloop
endfacet
facet normal -0.000003 0.000000 1.000000
outer loop
vertex -313.108765 342.483276 306.899933
vertex -348.998169 369.141724 306.899933
vertex -348.964844 366.973755 306.899933
endloop
endfacet
facet normal 0.000000 0.000000 1.000000
outer loop
vertex -315.145996 342.453369 306.899933
vertex -313.108765 342.483276 306.899933
vertex -348.964844 366.973755 306.899933
endloop
endfacet
facet normal 0.000000 0.000000 1.000000
outer loop
vertex -372.553467 366.614929 306.899933
vertex -372.597900 369.306213 306.899933
vertex -403.422363 368.812805 306.899933
endloop
endfacet
facet normal 0.000000 0.000000 1.000000
outer loop
vertex -315.145996 342.453369 306.899933
vertex -348.964844 366.973755 306.899933
vertex -372.553467 366.614929 306.899933
endloop
endfacet
facet normal -0.000006 0.000000 1.000000
outer loop
vertex -313.175659 305.059875 306.899933
vertex -313.097656 335.605652 306.899933
vertex -315.045776 335.575745 306.899933
endloop
endfacet
facet normal 0.000002 0.000000 1.000000
outer loop
vertex -315.045776 335.575745 306.899933
vertex -315.145996 342.453369 306.899933
vertex -372.553467 366.614929 306.899933
endloop
endfacet
facet normal 0.000000 0.000000 1.000000
outer loop
vertex -372.553467 366.614929 306.899933
vertex -403.422363 368.812805 306.899933
vertex -402.398193 303.235840 306.899933
endloop
endfacet
facet normal -0.000000 0.000000 1.000000
outer loop
vertex -402.398193 303.235840 306.899933
vertex -402.041992 285.473633 306.899933
vertex -348.808960 286.550110 306.899933
endloop
endfacet
facet normal 0.000003 0.000000 1.000000
outer loop
vertex -348.808960 286.550110 306.899933
vertex -321.724976 286.849121 306.899933
vertex -312.819336 287.282715 306.899933
endloop
endfacet
facet normal 0.000000 0.000000 1.000000
outer loop
vertex -312.819336 287.282715 306.899933
vertex -313.175659 305.059875 306.899933
vertex -315.045776 335.575745 306.899933
endloop
endfacet
facet normal 0.000000 0.000000 1.000000
outer loop
vertex -315.045776 335.575745 306.899933
vertex -372.553467 366.614929 306.899933
vertex -402.398193 303.235840 306.899933
endloop
endfacet
facet normal 0.000000 0.000000 1.000000
outer loop
vertex -402.398193 303.235840 306.899933
vertex -348.808960 286.550110 306.899933
vertex -312.819336 287.282715 306.899933
endloop
endfacet
facet normal -0.000000 0.000000 1.000000
outer loop
vertex -402.398193 303.235840 306.899933
vertex -312.819336 287.282715 306.899933
vertex -315.045776 335.575745 306.899933
endloop
endfacet
facet normal -0.015597 0.999878 0.000000
outer loop
vertex -348.998169 369.141724 -0.000053
vertex -348.998169 369.141724 306.899933
vertex -313.531860 369.694946 306.899933
endloop
endfacet
facet normal -0.015597 0.999878 0.000000
outer loop
vertex -348.998169 369.141724 -0.000053
vertex -313.531860 369.694946 306.899933
vertex -313.531860 369.694946 -0.000053
endloop
endfacet
facet normal -0.999882 -0.015380 0.000000
outer loop
vertex -348.964844 366.973755 -0.000053
vertex -348.964844 366.973755 306.899933
vertex -348.998169 369.141724 306.899933
endloop
endfacet
facet normal -0.999882 -0.015380 0.000000
outer loop
vertex -348.964844 366.973755 -0.000053
vertex -348.998169 369.141724 306.899933
vertex -348.998169 369.141724 -0.000053
endloop
endfacet
facet normal -0.015210 0.999884 0.000000
outer loop
vertex -372.553467 366.614929 -0.000053
vertex -372.553467 366.614929 306.899933
vertex -348.964844 366.973755 306.899933
endloop
endfacet
facet normal -0.015210 0.999884 0.000000
outer loop
vertex -372.553467 366.614929 -0.000053
vertex -348.964844 366.973755 306.899933
vertex -348.964844 366.973755 -0.000053
endloop
endfacet
facet normal 0.999864 0.016513 0.000000
outer loop
vertex -372.597900 369.306213 -0.000053
vertex -372.597900 369.306213 306.899933
vertex -372.553467 366.614929 306.899933
endloop
endfacet
facet normal 0.999864 0.016513 0.000000
outer loop
vertex -372.597900 369.306213 -0.000053
vertex -372.553467 366.614929 306.899933
vertex -372.553467 366.614929 -0.000053
endloop
endfacet
facet normal -0.016005 0.999872 0.000000
outer loop
vertex -403.422363 368.812805 -0.000053
vertex -403.422363 368.812805 306.899933
vertex -372.597900 369.306213 306.899933
endloop
endfacet
facet normal -0.016005 0.999872 0.000000
outer loop
vertex -403.422363 368.812805 -0.000053
vertex -372.597900 369.306213 306.899933
vertex -372.597900 369.306213 -0.000053
endloop
endfacet
facet normal -0.999878 -0.015616 0.000000
outer loop
vertex -402.398193 303.235840 -0.000048
vertex -402.398193 303.235840 306.899933
vertex -403.422363 368.812805 306.899933
endloop
endfacet
facet normal -0.999878 -0.015616 0.000000
outer loop
vertex -402.398193 303.235840 -0.000048
vertex -403.422363 368.812805 306.899933
vertex -403.422363 368.812805 -0.000053
endloop
endfacet
facet normal -0.999799 -0.020049 0.000000
outer loop
vertex -402.041992 285.473633 -0.000047
vertex -402.041992 285.473633 306.899933
vertex -402.398193 303.235840 306.899933
endloop
endfacet
facet normal -0.999799 -0.020049 0.000000
outer loop
vertex -402.041992 285.473633 -0.000047
vertex -402.398193 303.235840 306.899933
vertex -402.398193 303.235840 -0.000048
endloop
endfacet
facet normal 0.020218 -0.999796 0.000000
outer loop
vertex -348.808960 286.550110 -0.000047
vertex -348.808960 286.550110 306.899933
vertex -402.041992 285.473633 306.899933
endloop
endfacet
facet normal 0.020218 -0.999796 0.000000
outer loop
vertex -348.808960 286.550110 -0.000047
vertex -402.041992 285.473633 306.899933
vertex -402.041992 285.473633 -0.000047
endloop
endfacet
facet normal 0.011039 -0.999939 0.000000
outer loop
vertex -321.724976 286.849121 -0.000047
vertex -321.724976 286.849121 306.899933
vertex -348.808960 286.550110 306.899933
endloop
endfacet
facet normal 0.011039 -0.999939 0.000000
outer loop
vertex -321.724976 286.849121 -0.000047
vertex -348.808960 286.550110 306.899933
vertex -348.808960 286.550110 -0.000047
endloop
endfacet
facet normal 0.048630 -0.998817 0.000000
outer loop
vertex -312.819336 287.282715 -0.000047
vertex -312.819336 287.282715 306.899933
vertex -321.724976 286.849121 306.899933
endloop
endfacet
facet normal 0.048630 -0.998817 0.000000
outer loop
vertex -312.819336 287.282715 -0.000047
vertex -321.724976 286.849121 306.899933
vertex -321.724976 286.849121 -0.000047
endloop
endfacet
facet normal 0.999799 0.020041 0.000000
outer loop
vertex -313.175659 305.059875 -0.000049
vertex -313.175659 305.059875 306.899933
vertex -312.819336 287.282715 306.899933
endloop
endfacet
facet normal 0.999799 0.020041 0.000000
outer loop
vertex -313.175659 305.059875 -0.000049
vertex -312.819336 287.282715 306.899933
vertex -312.819336 287.282715 -0.000047
endloop
endfacet
facet normal 0.999997 -0.002553 0.000000
outer loop
vertex -313.097656 335.605652 -0.000051
vertex -313.097656 335.605652 306.899933
vertex -313.175659 305.059875 306.899933
endloop
endfacet
facet normal 0.999997 -0.002553 0.000000
outer loop
vertex -313.097656 335.605652 -0.000051
vertex -313.175659 305.059875 306.899933
vertex -313.175659 305.059875 -0.000049
endloop
endfacet
facet normal -0.015350 0.999882 0.000000
outer loop
vertex -315.045776 335.575745 -0.000051
vertex -315.045776 335.575745 306.899933
vertex -313.097656 335.605652 306.899933
endloop
endfacet
facet normal -0.015350 0.999882 0.000000
outer loop
vertex -315.045776 335.575745 -0.000051
vertex -313.097656 335.605652 306.899933
vertex -313.097656 335.605652 -0.000051
endloop
endfacet
facet normal 0.999894 0.014574 0.000000
outer loop
vertex -315.145996 342.453369 -0.000051
vertex -315.145996 342.453369 306.899933
vertex -315.045776 335.575745 306.899933
endloop
endfacet
facet normal 0.999894 0.014567 0.000000
outer loop
vertex -315.145996 342.453369 -0.000051
vertex -315.045776 335.575745 306.899933
vertex -315.045776 335.575745 -0.000051
endloop
endfacet
facet normal 0.014679 -0.999892 0.000000
outer loop
vertex -313.108765 342.483276 -0.000051
vertex -313.108765 342.483276 306.899933
vertex -315.145996 342.453369 306.899933
endloop
endfacet
facet normal 0.014679 -0.999892 0.000000
outer loop
vertex -313.108765 342.483276 -0.000051
vertex -315.145996 342.453369 306.899933
vertex -315.145996 342.453369 -0.000051
endloop
endfacet
facet normal 0.999879 0.015548 0.000000
outer loop
vertex -313.531860 369.694946 -0.000053
vertex -313.531860 369.694946 306.899933
vertex -313.108765 342.483276 306.899933
endloop
endfacet
facet normal 0.999879 0.015546 0.000000
outer loop
vertex -313.531860 369.694946 -0.000053
vertex -313.108765 342.483276 306.899933
vertex -313.108765 342.483276 -0.000051
endloop
endfacet
facet normal 0.999812 0.019377 0.000000
outer loop
vertex -502.518921 366.719604 -0.000053
vertex -502.518921 366.719604 207.999954
vertex -501.027222 289.749695 207.999954
endloop
endfacet
facet normal 0.999812 0.019376 0.000000
outer loop
vertex -502.518921 366.719604 -0.000053
vertex -501.027222 289.749695 207.999954
vertex -501.027222 289.749695 -0.000047
endloop
endfacet
facet normal 0.000000 0.000000 1.000000
outer loop
vertex -142.879028 -6.327515 90.999977
vertex -232.457886 -8.121613 90.999977
vertex -229.173950 -166.061539 90.999985
endloop
endfacet
facet normal 0.000000 0.000000 1.000000
outer loop
vertex -229.173950 -166.061539 90.999985
vertex -224.687744 -170.845749 90.999985
vertex -144.370728 -169.948715 90.999985
endloop
endfacet
facet normal -0.000003 0.000000 1.000000
outer loop
vertex -144.370728 -169.948715 90.999985
vertex -140.196289 -165.762527 90.999985
vertex -142.879028 -6.327515 90.999977
endloop
endfacet
facet normal 0.000000 0.000000 1.000000
outer loop
vertex -229.173950 -166.061539 90.999985
vertex -144.370728 -169.948715 90.999985
vertex -142.879028 -6.327515 90.999977
endloop
endfacet
facet normal -0.999784 -0.020788 0.000000
outer loop
vertex -229.173950 -166.061539 -0.000013
vertex -229.173950 -166.061539 90.999985
vertex -232.457886 -8.121613 90.999977
endloop
endfacet
facet normal -0.999784 -0.020788 0.000000
outer loop
vertex -229.173950 -166.061539 -0.000013
vertex -232.457886 -8.121613 90.999977
vertex -232.457886 -8.121613 -0.000025
endloop
endfacet
facet normal -0.729459 -0.684024 0.000000
outer loop
vertex -224.687744 -170.845749 -0.000013
vertex -224.687744 -170.845749 90.999985
vertex -229.173950 -166.061539 90.999985
endloop
endfacet
facet normal -0.729459 -0.684024 0.000000
outer loop
vertex -224.687744 -170.845749 -0.000013
vertex -229.173950 -166.061539 90.999985
vertex -229.173950 -166.061539 -0.000013
endloop
endfacet
facet normal 0.011168 -0.999938 0.000000
outer loop
vertex -144.370728 -169.948715 -0.000013
vertex -144.370728 -169.948715 90.999985
vertex -224.687744 -170.845749 90.999985
endloop
endfacet
facet normal 0.011168 -0.999938 0.000000
outer loop
vertex -144.370728 -169.948715 -0.000013
vertex -224.687744 -170.845749 90.999985
vertex -224.687744 -170.845749 -0.000013
endloop
endfacet
facet normal 0.708101 -0.706112 0.000000
outer loop
vertex -140.196289 -165.762527 -0.000013
vertex -140.196289 -165.762527 90.999985
vertex -144.370728 -169.948715 90.999985
endloop
endfacet
facet normal 0.708099 -0.706113 0.000000
outer loop
vertex -140.196289 -165.762527 -0.000013
vertex -144.370728 -169.948715 90.999985
vertex -144.370728 -169.948715 -0.000013
endloop
endfacet
facet normal 0.999858 0.016824 0.000000
outer loop
vertex -142.879028 -6.327515 -0.000025
vertex -142.879028 -6.327515 90.999977
vertex -140.196289 -165.762527 90.999985
endloop
endfacet
facet normal 0.999858 0.016824 0.000000
outer loop
vertex -142.879028 -6.327515 -0.000025
vertex -140.196289 -165.762527 90.999985
vertex -140.196289 -165.762527 -0.000013
endloop
endfacet
facet normal -0.020024 0.999799 0.000000
outer loop
vertex -232.457886 -8.121613 -0.000025
vertex -232.457886 -8.121613 90.999977
vertex -142.879028 -6.327515 90.999977
endloop
endfacet
facet normal -0.020024 0.999799 0.000000
outer loop
vertex -232.457886 -8.121613 -0.000025
vertex -142.879028 -6.327515 90.999977
vertex -142.879028 -6.327515 -0.000025
endloop
endfacet
facet normal 0.000000 0.000000 1.000000
outer loop
vertex -228.706421 16.098877 44.999973
vertex -100.132324 18.939545 44.999973
vertex -100.900513 87.758972 44.999969
endloop
endfacet
facet normal -0.000000 0.000000 1.000000
outer loop
vertex -228.706421 16.098877 44.999973
vertex -100.900513 87.758972 44.999969
vertex -230.498657 85.964844 44.999969
endloop
endfacet
facet normal 0.022088 -0.999756 0.000000
outer loop
vertex -100.132324 18.939545 -0.000027
vertex -100.132324 18.939545 44.999973
vertex -228.706421 16.098877 44.999973
endloop
endfacet
facet normal 0.022088 -0.999756 0.000000
outer loop
vertex -100.132324 18.939545 -0.000027
vertex -228.706421 16.098877 44.999973
vertex -228.706421 16.098877 -0.000027
endloop
endfacet
facet normal 0.999938 0.011162 0.000000
outer loop
vertex -100.900513 87.758972 -0.000032
vertex -100.900513 87.758972 44.999969
vertex -100.132324 18.939545 44.999973
endloop
endfacet
facet normal 0.999938 0.011162 0.000000
outer loop
vertex -100.900513 87.758972 -0.000032
vertex -100.132324 18.939545 44.999973
vertex -100.132324 18.939545 -0.000027
endloop
endfacet
facet normal -0.013842 0.999904 0.000000
outer loop
vertex -230.498657 85.964844 -0.000032
vertex -230.498657 85.964844 44.999969
vertex -100.900513 87.758972 44.999969
endloop
endfacet
facet normal -0.013842 0.999904 0.000000
outer loop
vertex -230.498657 85.964844 -0.000032
vertex -100.900513 87.758972 44.999969
vertex -100.900513 87.758972 -0.000032
endloop
endfacet
facet normal -0.999671 -0.025644 0.000000
outer loop
vertex -228.706421 16.098877 -0.000027
vertex -228.706421 16.098877 44.999973
vertex -230.498657 85.964844 44.999969
endloop
endfacet
facet normal -0.999671 -0.025644 0.000000
outer loop
vertex -228.706421 16.098877 -0.000027
vertex -230.498657 85.964844 44.999969
vertex -230.498657 85.964844 -0.000032
endloop
endfacet
facet normal -0.000000 0.000000 1.000000
outer loop
vertex -61.203979 19.986115 92.999969
vertex 68.383057 22.079254 92.999969
vertex 67.180786 96.116608 92.999969
endloop
endfacet
facet normal 0.000000 0.000000 1.000000
outer loop
vertex -61.203979 19.986115 92.999969
vertex 67.180786 96.116608 92.999969
vertex -62.695679 93.739380 92.999969
endloop
endfacet
facet normal 0.016150 -0.999870 0.000000
outer loop
vertex 68.383057 22.079254 -0.000027
vertex 68.383057 22.079254 92.999969
vertex -61.203979 19.986115 92.999969
endloop
endfacet
facet normal 0.016150 -0.999870 0.000000
outer loop
vertex 68.383057 22.079254 -0.000027
vertex -61.203979 19.986115 92.999969
vertex -61.203979 19.986115 -0.000027
endloop
endfacet
facet normal 0.999868 0.016237 0.000000
outer loop
vertex 67.180786 96.116608 -0.000033
vertex 67.180786 96.116608 92.999969
vertex 68.383057 22.079254 92.999969
endloop
endfacet
facet normal 0.999868 0.016237 0.000000
outer loop
vertex 67.180786 96.116608 -0.000033
vertex 68.383057 22.079254 92.999969
vertex 68.383057 22.079254 -0.000027
endloop
endfacet
facet normal -0.018301 0.999833 0.000000
outer loop
vertex -62.695679 93.739380 -0.000033
vertex -62.695679 93.739380 92.999969
vertex 67.180786 96.116608 92.999969
endloop
endfacet
facet normal -0.018301 0.999833 0.000000
outer loop
vertex -62.695679 93.739380 -0.000033
vertex 67.180786 96.116608 92.999969
vertex 67.180786 96.116608 -0.000033
endloop
endfacet
facet normal -0.999796 -0.020221 0.000000
outer loop
vertex -61.203979 19.986115 -0.000027
vertex -61.203979 19.986115 92.999969
vertex -62.695679 93.739380 92.999969
endloop
endfacet
facet normal -0.999796 -0.020221 0.000000
outer loop
vertex -61.203979 19.986115 -0.000027
vertex -62.695679 93.739380 92.999969
vertex -62.695679 93.739380 -0.000033
endloop
endfacet
facet normal 0.000000 0.000000 1.000000
outer loop
vertex -231.400269 111.351746 86.999969
vertex -98.228760 113.444885 86.999969
vertex -99.275146 181.637024 86.999962
endloop
endfacet
facet normal -0.000000 0.000000 1.000000
outer loop
vertex -231.400269 111.351746 86.999969
vertex -99.275146 181.637024 86.999962
vertex -232.446655 179.394348 86.999962
endloop
endfacet
facet normal 0.015716 -0.999877 0.000000
outer loop
vertex -98.228760 113.444885 -0.000034
vertex -98.228760 113.444885 86.999969
vertex -231.400269 111.351746 86.999969
endloop
endfacet
facet normal 0.015716 -0.999876 0.000000
outer loop
vertex -98.228760 113.444885 -0.000034
vertex -231.400269 111.351746 86.999969
vertex -231.400269 111.351746 -0.000034
endloop
endfacet
facet normal 0.999882 0.015343 0.000000
outer loop
vertex -99.275146 181.637024 -0.000039
vertex -99.275146 181.637024 86.999962
vertex -98.228760 113.444885 86.999969
endloop
endfacet
facet normal 0.999882 0.015343 0.000000
outer loop
vertex -99.275146 181.637024 -0.000039
vertex -98.228760 113.444885 86.999969
vertex -98.228760 113.444885 -0.000034
endloop
endfacet
facet normal -0.016838 0.999858 0.000000
outer loop
vertex -232.446655 179.394348 -0.000039
vertex -232.446655 179.394348 86.999962
vertex -99.275146 181.637024 86.999962
endloop
endfacet
facet normal -0.016838 0.999858 0.000000
outer loop
vertex -232.446655 179.394348 -0.000039
vertex -99.275146 181.637024 86.999962
vertex -99.275146 181.637024 -0.000039
endloop
endfacet
facet normal -0.999882 -0.015376 0.000000
outer loop
vertex -231.400269 111.351746 -0.000034
vertex -231.400269 111.351746 86.999969
vertex -232.446655 179.394348 86.999962
endloop
endfacet
facet normal -0.999882 -0.015377 0.000000
outer loop
vertex -231.400269 111.351746 -0.000034
vertex -232.446655 179.394348 86.999962
vertex -232.446655 179.394348 -0.000039
endloop
endfacet
facet normal 0.000000 0.000000 1.000000
outer loop
vertex -66.358032 230.677063 162.999954
vertex -65.979492 210.178894 162.999954
vertex -29.455566 210.687256 162.999954
endloop
endfacet
facet normal -0.000056 0.000000 1.000000
outer loop
vertex -29.455566 210.687256 162.999954
vertex 24.289429 211.419861 162.999954
vertex 64.498047 211.973022 162.999954
endloop
endfacet
facet normal 0.000000 0.000000 1.000000
outer loop
vertex 64.498047 211.973022 162.999954
vertex 64.119507 232.471191 162.999954
vertex 63.507324 265.319214 162.999954
endloop
endfacet
facet normal -0.000000 0.000000 1.000000
outer loop
vertex 63.507324 265.319214 162.999954
vertex 63.095459 287.372437 162.999954
vertex -67.382202 285.428772 162.999954
endloop
endfacet
facet normal 0.000000 0.000000 1.000000
outer loop
vertex -67.382202 285.428772 162.999954
vertex -66.959106 262.627991 162.999954
vertex -66.358032 230.677063 162.999954
endloop
endfacet
facet normal -0.000000 0.000000 1.000000
outer loop
vertex -66.358032 230.677063 162.999954
vertex -29.455566 210.687256 162.999954
vertex 64.498047 211.973022 162.999954
endloop
endfacet
facet normal 0.000000 0.000000 1.000000
outer loop
vertex 64.498047 211.973022 162.999954
vertex 63.507324 265.319214 162.999954
vertex -67.382202 285.428772 162.999954
endloop
endfacet
facet normal 0.000000 0.000000 1.000000
outer loop
vertex 64.498047 211.973022 162.999954
vertex -67.382202 285.428772 162.999954
vertex -66.358032 230.677063 162.999954
endloop
endfacet
facet normal 0.013917 -0.999903 0.000000
outer loop
vertex -29.455566 210.687256 -0.000041
vertex -29.455566 210.687256 162.999954
vertex -65.979492 210.178894 162.999954
endloop
endfacet
facet normal 0.013917 -0.999903 0.000000
outer loop
vertex -29.455566 210.687256 -0.000041
vertex -65.979492 210.178894 162.999954
vertex -65.979492 210.178894 -0.000041
endloop
endfacet
facet normal 0.013630 -0.999907 0.000000
outer loop
vertex 24.289429 211.419861 -0.000041
vertex 24.289429 211.419861 162.999954
vertex -29.455566 210.687256 162.999954
endloop
endfacet
facet normal 0.013630 -0.999907 0.000000
outer loop
vertex 24.289429 211.419861 -0.000041
vertex -29.455566 210.687256 162.999954
vertex -29.455566 210.687256 -0.000041
endloop
endfacet
facet normal 0.013756 -0.999905 0.000000
outer loop
vertex 64.498047 211.973022 -0.000042
vertex 64.498047 211.973022 162.999954
vertex 24.289429 211.419861 162.999954
endloop
endfacet
facet normal 0.013756 -0.999905 0.000000
outer loop
vertex 64.498047 211.973022 -0.000042
vertex 24.289429 211.419861 162.999954
vertex 24.289429 211.419861 -0.000041
endloop
endfacet
facet normal 0.999829 0.018464 0.000000
outer loop
vertex 64.119507 232.471191 -0.000043
vertex 64.119507 232.471191 162.999954
vertex 64.498047 211.973022 162.999954
endloop
endfacet
facet normal 0.999830 0.018464 0.000000
outer loop
vertex 64.119507 232.471191 -0.000043
vertex 64.498047 211.973022 162.999954
vertex 64.498047 211.973022 -0.000042
endloop
endfacet
facet normal 0.999826 0.018634 0.000000
outer loop
vertex 63.507324 265.319214 -0.000046
vertex 63.507324 265.319214 162.999954
vertex 64.119507 232.471191 162.999954
endloop
endfacet
facet normal 0.999826 0.018633 0.000000
outer loop
vertex 63.507324 265.319214 -0.000046
vertex 64.119507 232.471191 162.999954
vertex 64.119507 232.471191 -0.000043
endloop
endfacet
facet normal 0.999826 0.018673 0.000000
outer loop
vertex 63.095459 287.372437 -0.000047
vertex 63.095459 287.372437 162.999954
vertex 63.507324 265.319214 162.999954
endloop
endfacet
facet normal 0.999826 0.018672 0.000000
outer loop
vertex 63.095459 287.372437 -0.000047
vertex 63.507324 265.319214 162.999954
vertex 63.507324 265.319214 -0.000046
endloop
endfacet
facet normal -0.014895 0.999889 0.000000
outer loop
vertex -67.382202 285.428772 -0.000047
vertex -67.382202 285.428772 162.999954
vertex 63.095459 287.372437 162.999954
endloop
endfacet
facet normal -0.014895 0.999889 0.000000
outer loop
vertex -67.382202 285.428772 -0.000047
vertex 63.095459 287.372437 162.999954
vertex 63.095459 287.372437 -0.000047
endloop
endfacet
facet normal -0.999828 -0.018553 0.000000
outer loop
vertex -66.959106 262.627991 -0.000045
vertex -66.959106 262.627991 162.999954
vertex -67.382202 285.428772 162.999954
endloop
endfacet
facet normal -0.999828 -0.018553 0.000000
outer loop
vertex -66.959106 262.627991 -0.000045
vertex -67.382202 285.428772 162.999954
vertex -67.382202 285.428772 -0.000047
endloop
endfacet
facet normal -0.999823 -0.018809 0.000000
outer loop
vertex -66.358032 230.677063 -0.000043
vertex -66.358032 230.677063 162.999954
vertex -66.959106 262.627991 162.999954
endloop
endfacet
facet normal -0.999823 -0.018809 0.000000
outer loop
vertex -66.358032 230.677063 -0.000043
vertex -66.959106 262.627991 162.999954
vertex -66.959106 262.627991 -0.000045
endloop
endfacet
facet normal -0.999829 -0.018464 0.000000
outer loop
vertex -65.979492 210.178894 -0.000041
vertex -65.979492 210.178894 162.999954
vertex -66.358032 230.677063 162.999954
endloop
endfacet
facet normal -0.999830 -0.018464 0.000000
outer loop
vertex -65.979492 210.178894 -0.000041
vertex -66.358032 230.677063 162.999954
vertex -66.358032 230.677063 -0.000043
endloop
endfacet
facet normal 0.000000 0.000000 1.000000
outer loop
vertex 270.305542 -279.446564 47.999996
vertex 271.006836 -333.896027 48.000000
vertex 298.035156 -333.402679 48.000000
endloop
endfacet
facet normal 0.000000 0.000000 1.000000
outer loop
vertex 270.305542 -279.446564 47.999996
vertex 298.035156 -333.402679 48.000000
vertex 297.701294 -278.654205 47.999996
endloop
endfacet
facet normal -0.999917 -0.012879 0.000000
outer loop
vertex 271.006836 -333.896027 0.000000
vertex 271.006836 -333.896027 48.000000
vertex 270.305542 -279.446564 47.999996
endloop
endfacet
facet normal -0.999917 -0.012879 0.000000
outer loop
vertex 271.006836 -333.896027 0.000000
vertex 270.305542 -279.446564 47.999996
vertex 270.305542 -279.446594 -0.000004
endloop
endfacet
facet normal 0.018250 -0.999833 0.000000
outer loop
vertex 298.035156 -333.402679 0.000000
vertex 298.035156 -333.402679 48.000000
vertex 271.006836 -333.896027 48.000000
endloop
endfacet
facet normal 0.018250 -0.999833 0.000000
outer loop
vertex 298.035156 -333.402679 0.000000
vertex 271.006836 -333.896027 48.000000
vertex 271.006836 -333.896027 0.000000
endloop
endfacet
facet normal 0.999981 0.006098 0.000000
outer loop
vertex 297.701294 -278.654205 -0.000004
vertex 297.701294 -278.654205 47.999996
vertex 298.035156 -333.402679 48.000000
endloop
endfacet
facet normal 0.999981 0.006098 0.000000
outer loop
vertex 297.701294 -278.654205 -0.000004
vertex 298.035156 -333.402679 48.000000
vertex 298.035156 -333.402679 0.000000
endloop
endfacet
facet normal -0.028911 0.999582 -0.000001
outer loop
vertex 270.305542 -279.446594 -0.000004
vertex 270.305542 -279.446564 47.999996
vertex 297.701294 -278.654205 47.999996
endloop
endfacet
facet normal -0.028912 0.999582 0.000000
outer loop
vertex 270.305542 -279.446594 -0.000004
vertex 297.701294 -278.654205 47.999996
vertex 297.701294 -278.654205 -0.000004
endloop
endfacet
facet normal 0.000002 0.000000 1.000000
outer loop
vertex 275.103394 -190.685226 65.999992
vertex 272.264771 -189.040665 65.999992
vertex 269.136597 -189.190170 65.999992
endloop
endfacet
facet normal -0.000005 0.000000 1.000000
outer loop
vertex 269.136597 -189.190170 65.999992
vertex 266.887939 -191.582260 65.999992
vertex 266.442749 -194.871399 65.999992
endloop
endfacet
facet normal 0.000002 0.000000 1.000000
outer loop
vertex 269.136597 -189.190170 65.999992
vertex 266.442749 -194.871399 65.999992
vertex 268.090210 -197.547562 65.999992
endloop
endfacet
facet normal 0.000000 0.000000 1.000000
outer loop
vertex 275.103394 -190.685226 65.999992
vertex 269.136597 -189.190170 65.999992
vertex 268.090210 -197.547562 65.999992
endloop
endfacet
facet normal 0.000000 0.000000 1.000000
outer loop
vertex 269.281372 -244.133499 65.999992
vertex 268.234985 -246.675079 65.999992
vertex 267.934448 -249.052216 65.999992
endloop
endfacet
facet normal 0.000000 0.000000 1.000000
outer loop
vertex 275.103394 -190.685226 65.999992
vertex 268.090210 -197.547562 65.999992
vertex 269.281372 -244.133499 65.999992
endloop
endfacet
facet normal 0.000000 0.000000 1.000000
outer loop
vertex 295.408081 -188.592148 65.999992
vertex 291.823608 -188.741653 65.999992
vertex 289.586060 -190.386215 65.999992
endloop
endfacet
facet normal 0.000000 0.000000 1.000000
outer loop
vertex 289.586060 -190.386215 65.999992
vertex 275.103394 -190.685226 65.999992
vertex 269.281372 -244.133499 65.999992
endloop
endfacet
facet normal 0.000005 0.000000 1.000000
outer loop
vertex 269.281372 -244.133499 65.999992
vertex 267.934448 -249.052216 65.999992
vertex 268.535522 -251.743317 65.999992
endloop
endfacet
facet normal 0.000000 0.000000 1.000000
outer loop
vertex 268.535522 -251.743317 65.999992
vertex 270.260986 -253.881226 65.999992
vertex 297.523071 -253.881226 65.999992
endloop
endfacet
facet normal 0.000000 0.000000 1.000000
outer loop
vertex 297.523071 -253.881226 65.999992
vertex 298.692017 -251.444305 65.999992
vertex 299.137207 -248.753204 65.999992
endloop
endfacet
facet normal 0.000000 0.000000 1.000000
outer loop
vertex 299.137207 -248.753204 65.999992
vertex 298.692017 -245.778046 65.999992
vertex 297.344971 -243.535477 65.999992
endloop
endfacet
facet normal -0.000004 0.000000 1.000000
outer loop
vertex 296.899780 -196.949539 65.999992
vertex 298.547241 -193.525848 65.999992
vertex 297.946167 -190.535721 65.999992
endloop
endfacet
facet normal -0.000003 0.000000 1.000000
outer loop
vertex 297.523071 -253.881226 65.999992
vertex 299.137207 -248.753204 65.999992
vertex 297.344971 -243.535477 65.999992
endloop
endfacet
facet normal 0.000002 0.000000 1.000000
outer loop
vertex 296.899780 -196.949539 65.999992
vertex 297.946167 -190.535721 65.999992
vertex 295.408081 -188.592148 65.999992
endloop
endfacet
facet normal 0.000000 0.000000 1.000000
outer loop
vertex 268.535522 -251.743317 65.999992
vertex 297.523071 -253.881226 65.999992
vertex 297.344971 -243.535477 65.999992
endloop
endfacet
facet normal -0.000004 0.000000 1.000000
outer loop
vertex 297.344971 -243.535477 65.999992
vertex 296.899780 -196.949539 65.999992
vertex 295.408081 -188.592148 65.999992
endloop
endfacet
facet normal 0.000000 0.000000 1.000000
outer loop
vertex 295.408081 -188.592148 65.999992
vertex 289.586060 -190.386215 65.999992
vertex 269.281372 -244.133499 65.999992
endloop
endfacet
facet normal 0.000000 0.000000 1.000000
outer loop
vertex 269.281372 -244.133499 65.999992
vertex 268.535522 -251.743317 65.999992
vertex 297.344971 -243.535477 65.999992
endloop
endfacet
facet normal 0.000000 0.000000 1.000000
outer loop
vertex 269.281372 -244.133499 65.999992
vertex 297.344971 -243.535477 65.999992
vertex 295.408081 -188.592148 65.999992
endloop
endfacet
facet normal 0.501301 0.865273 0.000000
outer loop
vertex 272.264771 -189.040665 -0.000011
vertex 272.264771 -189.040665 65.999992
vertex 275.103394 -190.685226 65.999992
endloop
endfacet
facet normal 0.501294 0.865277 0.000000
outer loop
vertex 272.264771 -189.040665 -0.000011
vertex 275.103394 -190.685226 65.999992
vertex 275.103394 -190.685226 -0.000011
endloop
endfacet
facet normal -0.047738 0.998860 0.000000
outer loop
vertex 269.136597 -189.190170 -0.000011
vertex 269.136597 -189.190170 65.999992
vertex 272.264771 -189.040665 65.999992
endloop
endfacet
facet normal -0.047739 0.998860 0.000000
outer loop
vertex 269.136597 -189.190170 -0.000011
vertex 272.264771 -189.040665 65.999992
vertex 272.264771 -189.040665 -0.000011
endloop
endfacet
facet normal -0.728607 0.684932 0.000000
outer loop
vertex 266.887939 -191.582260 -0.000011
vertex 266.887939 -191.582260 65.999992
vertex 269.136597 -189.190170 65.999992
endloop
endfacet
facet normal -0.728616 0.684922 0.000000
outer loop
vertex 266.887939 -191.582260 -0.000011
vertex 269.136597 -189.190170 65.999992
vertex 269.136597 -189.190170 -0.000011
endloop
endfacet
facet normal -0.990964 0.134130 0.000000
outer loop
vertex 266.442749 -194.871399 -0.000011
vertex 266.442749 -194.871399 65.999992
vertex 266.887939 -191.582260 65.999992
endloop
endfacet
facet normal -0.990964 0.134130 0.000000
outer loop
vertex 266.442749 -194.871399 -0.000011
vertex 266.887939 -191.582260 65.999992
vertex 266.887939 -191.582260 -0.000011
endloop
endfacet
facet normal -0.851578 -0.524227 0.000000
outer loop
vertex 268.090210 -197.547562 -0.000011
vertex 268.090210 -197.547562 65.999992
vertex 266.442749 -194.871399 65.999992
endloop
endfacet
facet normal -0.851570 -0.524241 0.000000
outer loop
vertex 268.090210 -197.547562 -0.000011
vertex 266.442749 -194.871399 65.999992
vertex 266.442749 -194.871399 -0.000011
endloop
endfacet
facet normal -0.999673 -0.025561 0.000000
outer loop
vertex 269.281372 -244.133514 -0.000007
vertex 269.281372 -244.133499 65.999992
vertex 268.090210 -197.547562 65.999992
endloop
endfacet
facet normal -0.999673 -0.025562 0.000000
outer loop
vertex 269.281372 -244.133514 -0.000007
vertex 268.090210 -197.547562 65.999992
vertex 268.090210 -197.547562 -0.000011
endloop
endfacet
facet normal -0.924703 0.380690 0.000000
outer loop
vertex 268.234985 -246.675095 -0.000007
vertex 268.234985 -246.675079 65.999992
vertex 269.281372 -244.133499 65.999992
endloop
endfacet
facet normal -0.924695 0.380709 0.000000
outer loop
vertex 268.234985 -246.675095 -0.000007
vertex 269.281372 -244.133499 65.999992
vertex 269.281372 -244.133514 -0.000007
endloop
endfacet
facet normal -0.992102 0.125433 0.000000
outer loop
vertex 267.934448 -249.052216 -0.000007
vertex 267.934448 -249.052216 65.999992
vertex 268.234985 -246.675079 65.999992
endloop
endfacet
facet normal -0.992102 0.125434 0.000000
outer loop
vertex 267.934448 -249.052216 -0.000007
vertex 268.234985 -246.675079 65.999992
vertex 268.234985 -246.675095 -0.000007
endloop
endfacet
facet normal -0.975956 -0.217970 0.000000
outer loop
vertex 268.535522 -251.743317 -0.000007
vertex 268.535522 -251.743317 65.999992
vertex 267.934448 -249.052216 65.999992
endloop
endfacet
facet normal -0.975951 -0.217990 0.000000
outer loop
vertex 268.535522 -251.743317 -0.000007
vertex 267.934448 -249.052216 65.999992
vertex 267.934448 -249.052216 -0.000007
endloop
endfacet
facet normal -0.778179 -0.628043 0.000000
outer loop
vertex 270.260986 -253.881241 -0.000006
vertex 270.260986 -253.881226 65.999992
vertex 268.535522 -251.743317 65.999992
endloop
endfacet
facet normal -0.778170 -0.628053 0.000000
outer loop
vertex 270.260986 -253.881241 -0.000006
vertex 268.535522 -251.743317 65.999992
vertex 268.535522 -251.743317 -0.000007
endloop
endfacet
facet normal 0.000000 -1.000000 0.000000
outer loop
vertex 297.523071 -253.881241 -0.000006
vertex 297.523071 -253.881226 65.999992
vertex 270.260986 -253.881226 65.999992
endloop
endfacet
facet normal 0.000000 -1.000000 0.000001
outer loop
vertex 297.523071 -253.881241 -0.000006
vertex 270.260986 -253.881226 65.999992
vertex 270.260986 -253.881241 -0.000006
endloop
endfacet
facet normal 0.901631 -0.432506 0.000000
outer loop
vertex 298.692017 -251.444305 -0.000007
vertex 298.692017 -251.444305 65.999992
vertex 297.523071 -253.881226 65.999992
endloop
endfacet
facet normal 0.901640 -0.432487 0.000000
outer loop
vertex 298.692017 -251.444305 -0.000007
vertex 297.523071 -253.881226 65.999992
vertex 297.523071 -253.881241 -0.000006
endloop
endfacet
facet normal 0.986594 -0.163193 0.000000
outer loop
vertex 299.137207 -248.753220 -0.000007
vertex 299.137207 -248.753204 65.999992
vertex 298.692017 -251.444305 65.999992
endloop
endfacet
facet normal 0.986591 -0.163215 0.000000
outer loop
vertex 299.137207 -248.753220 -0.000007
vertex 298.692017 -251.444305 65.999992
vertex 298.692017 -251.444305 -0.000007
endloop
endfacet
facet normal 0.988989 0.147989 0.000000
outer loop
vertex 298.692017 -245.778061 -0.000007
vertex 298.692017 -245.778046 65.999992
vertex 299.137207 -248.753204 65.999992
endloop
endfacet
facet normal 0.988992 0.147970 -0.000000
outer loop
vertex 298.692017 -245.778061 -0.000007
vertex 299.137207 -248.753204 65.999992
vertex 299.137207 -248.753220 -0.000007
endloop
endfacet
facet normal 0.857236 0.514924 0.000000
outer loop
vertex 297.344971 -243.535492 -0.000007
vertex 297.344971 -243.535477 65.999992
vertex 298.692017 -245.778046 65.999992
endloop
endfacet
facet normal 0.857236 0.514924 0.000000
outer loop
vertex 297.344971 -243.535492 -0.000007
vertex 298.692017 -245.778046 65.999992
vertex 298.692017 -245.778061 -0.000007
endloop
endfacet
facet normal 0.999954 0.009556 0.000000
outer loop
vertex 296.899780 -196.949539 -0.000011
vertex 296.899780 -196.949539 65.999992
vertex 297.344971 -243.535477 65.999992
endloop
endfacet
facet normal 0.999954 0.009557 -0.000000
outer loop
vertex 296.899780 -196.949539 -0.000011
vertex 297.344971 -243.535477 65.999992
vertex 297.344971 -243.535492 -0.000007
endloop
endfacet
facet normal 0.901106 -0.433599 0.000000
outer loop
vertex 298.547241 -193.525848 -0.000011
vertex 298.547241 -193.525848 65.999992
vertex 296.899780 -196.949539 65.999992
endloop
endfacet
facet normal 0.901100 -0.433612 0.000000
outer loop
vertex 298.547241 -193.525848 -0.000011
vertex 296.899780 -196.949539 65.999992
vertex 296.899780 -196.949539 -0.000011
endloop
endfacet
facet normal 0.980387 0.197082 0.000000
outer loop
vertex 297.946167 -190.535721 -0.000011
vertex 297.946167 -190.535721 65.999992
vertex 298.547241 -193.525848 65.999992
endloop
endfacet
facet normal 0.980391 0.197063 0.000000
outer loop
vertex 297.946167 -190.535721 -0.000011
vertex 298.547241 -193.525848 65.999992
vertex 298.547241 -193.525848 -0.000011
endloop
endfacet
facet normal 0.607984 0.793949 0.000000
outer loop
vertex 295.408081 -188.592148 -0.000011
vertex 295.408081 -188.592148 65.999992
vertex 297.946167 -190.535721 65.999992
endloop
endfacet
facet normal 0.607975 0.793956 0.000000
outer loop
vertex 295.408081 -188.592148 -0.000011
vertex 297.946167 -190.535721 65.999992
vertex 297.946167 -190.535721 -0.000011
endloop
endfacet
facet normal -0.041672 0.999131 0.000000
outer loop
vertex 291.823608 -188.741653 -0.000011
vertex 291.823608 -188.741653 65.999992
vertex 295.408081 -188.592148 65.999992
endloop
endfacet
facet normal -0.041673 0.999131 0.000000
outer loop
vertex 291.823608 -188.741653 -0.000011
vertex 295.408081 -188.592148 65.999992
vertex 295.408081 -188.592148 -0.000011
endloop
endfacet
facet normal -0.592224 0.805773 0.000000
outer loop
vertex 289.586060 -190.386215 -0.000011
vertex 289.586060 -190.386215 65.999992
vertex 291.823608 -188.741653 65.999992
endloop
endfacet
facet normal -0.592234 0.805766 0.000000
outer loop
vertex 289.586060 -190.386215 -0.000011
vertex 291.823608 -188.741653 65.999992
vertex 291.823608 -188.741653 -0.000011
endloop
endfacet
facet normal -0.020642 0.999787 0.000000
outer loop
vertex 275.103394 -190.685226 -0.000011
vertex 275.103394 -190.685226 65.999992
vertex 289.586060 -190.386215 65.999992
endloop
endfacet
facet normal -0.020642 0.999787 0.000000
outer loop
vertex 275.103394 -190.685226 -0.000011
vertex 289.586060 -190.386215 65.999992
vertex 289.586060 -190.386215 -0.000011
endloop
endfacet
facet normal 0.000000 0.000000 1.000000
outer loop
vertex 297.701294 -278.654205 32.999996
vertex 297.523071 -253.881241 32.999992
vertex 270.260986 -253.881241 32.999992
endloop
endfacet
facet normal 0.000000 0.000000 1.000000
outer loop
vertex 297.701294 -278.654205 32.999996
vertex 270.260986 -253.881241 32.999992
vertex 270.305542 -279.446564 32.999996
endloop
endfacet
facet normal 0.999974 0.007193 0.000000
outer loop
vertex 297.523071 -253.881241 -0.000006
vertex 297.523071 -253.881241 32.999992
vertex 297.701294 -278.654205 32.999996
endloop
endfacet
facet normal 0.999974 0.007193 0.000000
outer loop
vertex 297.523071 -253.881241 -0.000006
vertex 297.701294 -278.654205 32.999996
vertex 297.701294 -278.654205 -0.000004
endloop
endfacet
facet normal 0.000000 1.000000 0.000000
outer loop
vertex 270.260986 -253.881241 -0.000006
vertex 270.260986 -253.881241 32.999992
vertex 297.523071 -253.881241 32.999992
endloop
endfacet
facet normal 0.000000 1.000000 0.000000
outer loop
vertex 270.260986 -253.881241 -0.000006
vertex 297.523071 -253.881241 32.999992
vertex 297.523071 -253.881241 -0.000006
endloop
endfacet
facet normal -0.999999 -0.001743 0.000000
outer loop
vertex 270.305542 -279.446594 -0.000004
vertex 270.305542 -279.446564 32.999996
vertex 270.260986 -253.881241 32.999992
endloop
endfacet
facet normal -0.999999 -0.001743 0.000000
outer loop
vertex 270.305542 -279.446594 -0.000004
vertex 270.260986 -253.881241 32.999992
vertex 270.260986 -253.881241 -0.000006
endloop
endfacet
facet normal 0.028911 -0.999582 0.000000
outer loop
vertex 297.701294 -278.654205 -0.000004
vertex 297.701294 -278.654205 32.999996
vertex 270.305542 -279.446564 32.999996
endloop
endfacet
facet normal 0.028912 -0.999582 0.000002
outer loop
vertex 297.701294 -278.654205 -0.000004
vertex 270.305542 -279.446564 32.999996
vertex 270.305542 -279.446594 -0.000004
endloop
endfacet
facet normal 0.000000 0.000000 1.000000
outer loop
vertex 232.445801 -2.858887 59.999973
vertex 202.589844 -3.307404 59.999973
vertex 206.029663 -167.227692 59.999989
endloop
endfacet
facet normal 0.000000 0.000000 1.000000
outer loop
vertex 232.445801 -2.858887 59.999973
vertex 206.029663 -167.227692 59.999989
vertex 235.885498 -166.779175 59.999989
endloop
endfacet
facet normal -0.015021 0.999887 0.000000
outer loop
vertex 202.589844 -3.307404 -0.000025
vertex 202.589844 -3.307404 59.999973
vertex 232.445801 -2.858887 59.999973
endloop
endfacet
facet normal -0.015021 0.999887 0.000000
outer loop
vertex 202.589844 -3.307404 -0.000025
vertex 232.445801 -2.858887 59.999973
vertex 232.445801 -2.858887 -0.000025
endloop
endfacet
facet normal -0.999780 -0.020980 0.000000
outer loop
vertex 206.029663 -167.227692 -0.000013
vertex 206.029663 -167.227692 59.999989
vertex 202.589844 -3.307404 59.999973
endloop
endfacet
facet normal -0.999780 -0.020980 0.000000
outer loop
vertex 206.029663 -167.227692 -0.000013
vertex 202.589844 -3.307404 59.999973
vertex 202.589844 -3.307404 -0.000025
endloop
endfacet
facet normal 0.015021 -0.999887 0.000000
outer loop
vertex 235.885498 -166.779175 -0.000013
vertex 235.885498 -166.779175 59.999989
vertex 206.029663 -167.227692 59.999989
endloop
endfacet
facet normal 0.015021 -0.999887 0.000000
outer loop
vertex 235.885498 -166.779175 -0.000013
vertex 206.029663 -167.227692 59.999989
vertex 206.029663 -167.227692 -0.000013
endloop
endfacet
facet normal 0.999780 0.020979 0.000000
outer loop
vertex 232.445801 -2.858887 -0.000025
vertex 232.445801 -2.858887 59.999973
vertex 235.885498 -166.779175 59.999989
endloop
endfacet
facet normal 0.999780 0.020979 0.000000
outer loop
vertex 232.445801 -2.858887 -0.000025
vertex 235.885498 -166.779175 59.999989
vertex 235.885498 -166.779175 -0.000013
endloop
endfacet
facet normal 0.000000 0.000000 1.000000
outer loop
vertex 297.233643 -163.490036 83.999985
vertex 295.742065 -103.328430 83.999985
vertex 264.839722 -103.776947 83.999985
endloop
endfacet
facet normal 0.000000 0.000000 1.000000
outer loop
vertex 297.233643 -163.490036 83.999985
vertex 264.839722 -103.776947 83.999985
vertex 266.030884 -164.088058 83.999985
endloop
endfacet
facet normal 0.999693 0.024785 0.000000
outer loop
vertex 295.742065 -103.328430 -0.000018
vertex 295.742065 -103.328430 83.999985
vertex 297.233643 -163.490036 83.999985
endloop
endfacet
facet normal 0.999693 0.024785 0.000000
outer loop
vertex 295.742065 -103.328430 -0.000018
vertex 297.233643 -163.490036 83.999985
vertex 297.233643 -163.490036 -0.000013
endloop
endfacet
facet normal -0.014512 0.999895 0.000000
outer loop
vertex 264.839722 -103.776947 -0.000018
vertex 264.839722 -103.776947 83.999985
vertex 295.742065 -103.328430 83.999985
endloop
endfacet
facet normal -0.014512 0.999895 0.000000
outer loop
vertex 264.839722 -103.776947 -0.000018
vertex 295.742065 -103.328430 83.999985
vertex 295.742065 -103.328430 -0.000018
endloop
endfacet
facet normal -0.999805 -0.019746 0.000000
outer loop
vertex 266.030884 -164.088058 -0.000013
vertex 266.030884 -164.088058 83.999985
vertex 264.839722 -103.776947 83.999985
endloop
endfacet
facet normal -0.999805 -0.019747 0.000000
outer loop
vertex 266.030884 -164.088058 -0.000013
vertex 264.839722 -103.776947 83.999985
vertex 264.839722 -103.776947 -0.000018
endloop
endfacet
facet normal 0.019162 -0.999816 0.000000
outer loop
vertex 297.233643 -163.490036 -0.000013
vertex 297.233643 -163.490036 83.999985
vertex 266.030884 -164.088058 83.999985
endloop
endfacet
facet normal 0.019162 -0.999816 0.000000
outer loop
vertex 297.233643 -163.490036 -0.000013
vertex 266.030884 -164.088058 83.999985
vertex 266.030884 -164.088058 -0.000013
endloop
endfacet
facet normal 0.000000 0.000000 1.000000
outer loop
vertex 323.516235 -58.834900 47.999977
vertex 323.961548 -86.762985 47.999981
vertex 362.333374 -86.463974 47.999981
endloop
endfacet
facet normal 0.000000 0.000000 1.000000
outer loop
vertex 323.516235 -58.834900 47.999977
vertex 362.333374 -86.463974 47.999981
vertex 361.888062 -58.386383 47.999977
endloop
endfacet
facet normal -0.999873 -0.015943 0.000000
outer loop
vertex 323.961548 -86.762985 -0.000019
vertex 323.961548 -86.762985 47.999981
vertex 323.516235 -58.834900 47.999977
endloop
endfacet
facet normal -0.999873 -0.015943 0.000000
outer loop
vertex 323.961548 -86.762985 -0.000019
vertex 323.516235 -58.834900 47.999977
vertex 323.516235 -58.834900 -0.000021
endloop
endfacet
facet normal 0.007792 -0.999970 0.000000
outer loop
vertex 362.333374 -86.463974 -0.000019
vertex 362.333374 -86.463974 47.999981
vertex 323.961548 -86.762985 47.999981
endloop
endfacet
facet normal 0.007792 -0.999970 0.000000
outer loop
vertex 362.333374 -86.463974 -0.000019
vertex 323.961548 -86.762985 47.999981
vertex 323.961548 -86.762985 -0.000019
endloop
endfacet
facet normal 0.999874 0.015859 0.000000
outer loop
vertex 361.888062 -58.386383 -0.000021
vertex 361.888062 -58.386383 47.999977
vertex 362.333374 -86.463974 47.999981
endloop
endfacet
facet normal 0.999874 0.015855 0.000000
outer loop
vertex 361.888062 -58.386383 -0.000021
vertex 362.333374 -86.463974 47.999981
vertex 362.333374 -86.463974 -0.000019
endloop
endfacet
facet normal -0.011688 0.999932 0.000000
outer loop
vertex 323.516235 -58.834900 -0.000021
vertex 323.516235 -58.834900 47.999977
vertex 361.888062 -58.386383 47.999977
endloop
endfacet
facet normal -0.011688 0.999932 0.000000
outer loop
vertex 323.516235 -58.834900 -0.000021
vertex 361.888062 -58.386383 47.999977
vertex 361.888062 -58.386383 -0.000021
endloop
endfacet
facet normal 0.000000 0.000000 1.000000
outer loop
vertex 294.250366 -20.919556 32.999977
vertex 263.192139 -21.218567 32.999977
vertex 264.839722 -103.776947 32.999981
endloop
endfacet
facet normal -0.000000 0.000000 1.000000
outer loop
vertex 294.250366 -20.919556 32.999977
vertex 264.839722 -103.776947 32.999981
vertex 295.742065 -103.328430 32.999981
endloop
endfacet
facet normal -0.009627 0.999954 0.000000
outer loop
vertex 263.192139 -21.218567 -0.000024
vertex 263.192139 -21.218567 32.999977
vertex 294.250366 -20.919556 32.999977
endloop
endfacet
facet normal -0.009627 0.999954 0.000000
outer loop
vertex 263.192139 -21.218567 -0.000024
vertex 294.250366 -20.919556 32.999977
vertex 294.250366 -20.919556 -0.000024
endloop
endfacet
facet normal -0.999801 -0.019953 0.000000
outer loop
vertex 264.839722 -103.776947 -0.000018
vertex 264.839722 -103.776947 32.999981
vertex 263.192139 -21.218567 32.999977
endloop
endfacet
facet normal -0.999801 -0.019953 0.000000
outer loop
vertex 264.839722 -103.776947 -0.000018
vertex 263.192139 -21.218567 32.999977
vertex 263.192139 -21.218567 -0.000024
endloop
endfacet
facet normal 0.014512 -0.999895 0.000000
outer loop
vertex 295.742065 -103.328430 -0.000018
vertex 295.742065 -103.328430 32.999981
vertex 264.839722 -103.776947 32.999981
endloop
endfacet
facet normal 0.014512 -0.999895 0.000000
outer loop
vertex 295.742065 -103.328430 -0.000018
vertex 264.839722 -103.776947 32.999981
vertex 264.839722 -103.776947 -0.000018
endloop
endfacet
facet normal 0.999836 0.018098 0.000000
outer loop
vertex 294.250366 -20.919556 -0.000024
vertex 294.250366 -20.919556 32.999977
vertex 295.742065 -103.328430 32.999981
endloop
endfacet
facet normal 0.999836 0.018099 0.000000
outer loop
vertex 294.250366 -20.919556 -0.000024
vertex 295.742065 -103.328430 32.999981
vertex 295.742065 -103.328430 -0.000018
endloop
endfacet
facet normal -0.000000 0.000000 1.000000
outer loop
vertex 409.655273 -45.110046 -0.000022
vertex 371.138672 -45.558563 -0.000022
vertex 372.040405 -134.680084 -0.000015
endloop
endfacet
facet normal -0.000000 0.000000 1.000000
outer loop
vertex 372.040405 -134.680084 -0.000015
vertex 325.163696 -135.577133 -0.000015
vertex 325.453125 -161.845459 -0.000013
endloop
endfacet
facet normal 0.000204 0.000002 1.000000
outer loop
vertex 410.857483 -160.649414 -0.000013
vertex 409.722046 -51.299683 -0.000022
vertex 409.655273 -45.110046 -0.000022
endloop
endfacet
facet normal -0.000000 0.000000 1.000000
outer loop
vertex 372.040405 -134.680084 -0.000015
vertex 325.453125 -161.845459 -0.000013
vertex 410.857483 -160.649414 -0.000013
endloop
endfacet
facet normal 0.000000 0.000000 1.000000
outer loop
vertex 372.040405 -134.680084 -0.000015
vertex 410.857483 -160.649414 -0.000013
vertex 409.655273 -45.110046 -0.000022
endloop
endfacet
facet normal 0.000001 0.000000 1.000000
outer loop
vertex 266.175537 29.958405 116.999969
vertex 312.317505 30.735840 116.999969
vertex 308.733032 185.105713 116.999962
endloop
endfacet
facet normal 0.000000 0.000000 1.000000
outer loop
vertex 266.175537 29.958405 116.999969
vertex 308.733032 185.105713 116.999962
vertex 262.746948 184.313293 116.999962
endloop
endfacet
facet normal 0.016846 -0.999858 0.000000
outer loop
vertex 312.317505 30.735840 -0.000028
vertex 312.317505 30.735840 116.999969
vertex 266.175537 29.958405 116.999969
endloop
endfacet
facet normal 0.016846 -0.999858 0.000000
outer loop
vertex 312.317505 30.735840 -0.000028
vertex 266.175537 29.958405 116.999969
vertex 266.175537 29.958405 -0.000028
endloop
endfacet
facet normal 0.999731 0.023213 0.000000
outer loop
vertex 308.733032 185.105713 -0.000040
vertex 308.733032 185.105713 116.999962
vertex 312.317505 30.735840 116.999969
endloop
endfacet
facet normal 0.999731 0.023214 0.000000
outer loop
vertex 308.733032 185.105713 -0.000040
vertex 312.317505 30.735840 116.999969
vertex 312.317505 30.735840 -0.000028
endloop
endfacet
facet normal -0.017229 0.999852 0.000000
outer loop
vertex 262.746948 184.313293 -0.000039
vertex 262.746948 184.313293 116.999962
vertex 308.733032 185.105713 116.999962
endloop
endfacet
facet normal -0.017229 0.999852 0.000000
outer loop
vertex 262.746948 184.313293 -0.000039
vertex 308.733032 185.105713 116.999962
vertex 308.733032 185.105713 -0.000040
endloop
endfacet
facet normal -0.999753 -0.022207 0.000000
outer loop
vertex 266.175537 29.958405 -0.000028
vertex 266.175537 29.958405 116.999969
vertex 262.746948 184.313293 116.999962
endloop
endfacet
facet normal -0.999753 -0.022207 0.000000
outer loop
vertex 266.175537 29.958405 -0.000028
vertex 262.746948 184.313293 116.999962
vertex 262.746948 184.313293 -0.000039
endloop
endfacet
facet normal 0.000000 0.000000 1.000000
outer loop
vertex 146.306763 -116.171097 120.999985
vertex 144.213867 -4.802521 120.999977
vertex 101.522949 -5.400543 120.999977
endloop
endfacet
facet normal -0.000000 0.000000 1.000000
outer loop
vertex 101.522949 -5.400543 120.999977
vertex 104.072144 -167.377182 120.999985
vertex 147.486694 -166.360550 120.999985
endloop
endfacet
facet normal 0.000000 -0.000000 1.000000
outer loop
vertex 146.306763 -116.171097 120.999985
vertex 101.522949 -5.400543 120.999977
vertex 147.486694 -166.360550 120.999985
endloop
endfacet
facet normal 0.999824 0.018789 0.000000
outer loop
vertex 144.213867 -4.802521 -0.000025
vertex 144.213867 -4.802521 120.999977
vertex 146.306763 -116.171097 120.999985
endloop
endfacet
facet normal 0.999824 0.018789 -0.000000
outer loop
vertex 144.213867 -4.802521 -0.000025
vertex 146.306763 -116.171097 120.999985
vertex 146.306763 -116.171112 -0.000017
endloop
endfacet
facet normal -0.014007 0.999902 0.000000
outer loop
vertex 101.522949 -5.400543 -0.000025
vertex 101.522949 -5.400543 120.999977
vertex 144.213867 -4.802521 120.999977
endloop
endfacet
facet normal -0.014007 0.999902 0.000000
outer loop
vertex 101.522949 -5.400543 -0.000025
vertex 144.213867 -4.802521 120.999977
vertex 144.213867 -4.802521 -0.000025
endloop
endfacet
facet normal -0.999876 -0.015736 0.000000
outer loop
vertex 104.072144 -167.377197 -0.000013
vertex 104.072144 -167.377182 120.999985
vertex 101.522949 -5.400543 120.999977
endloop
endfacet
facet normal -0.999876 -0.015736 0.000000
outer loop
vertex 104.072144 -167.377197 -0.000013
vertex 101.522949 -5.400543 120.999977
vertex 101.522949 -5.400543 -0.000025
endloop
endfacet
facet normal 0.023410 -0.999726 0.000000
outer loop
vertex 147.486694 -166.360565 -0.000013
vertex 147.486694 -166.360550 120.999985
vertex 104.072144 -167.377182 120.999985
endloop
endfacet
facet normal 0.023410 -0.999726 0.000000
outer loop
vertex 147.486694 -166.360565 -0.000013
vertex 104.072144 -167.377182 120.999985
vertex 104.072144 -167.377197 -0.000013
endloop
endfacet
facet normal 0.999724 0.023503 -0.000000
outer loop
vertex 146.306763 -116.171112 -0.000017
vertex 146.306763 -116.171097 120.999985
vertex 147.486694 -166.360550 120.999985
endloop
endfacet
facet normal 0.999724 0.023503 0.000000
outer loop
vertex 146.306763 -116.171112 -0.000017
vertex 147.486694 -166.360550 120.999985
vertex 147.486694 -166.360565 -0.000013
endloop
endfacet
facet normal 0.000000 0.000000 1.000000
outer loop
vertex -63.151978 104.743347 54.999966
vertex 2.682373 105.640411 54.999966
vertex 1.491211 182.982605 54.999962
endloop
endfacet
facet normal -0.000000 0.000000 1.000000
outer loop
vertex -63.151978 104.743347 54.999966
vertex 1.491211 182.982605 54.999962
vertex -64.944214 182.085571 54.999962
endloop
endfacet
facet normal 0.013625 -0.999907 0.000000
outer loop
vertex 2.682373 105.640411 -0.000034
vertex 2.682373 105.640411 54.999966
vertex -63.151978 104.743347 54.999966
endloop
endfacet
facet normal 0.013625 -0.999907 0.000000
outer loop
vertex 2.682373 105.640411 -0.000034
vertex -63.151978 104.743347 54.999966
vertex -63.151978 104.743347 -0.000033
endloop
endfacet
facet normal 0.999881 0.015399 0.000000
outer loop
vertex 1.491211 182.982605 -0.000039
vertex 1.491211 182.982605 54.999962
vertex 2.682373 105.640411 54.999966
endloop
endfacet
facet normal 0.999881 0.015399 0.000000
outer loop
vertex 1.491211 182.982605 -0.000039
vertex 2.682373 105.640411 54.999966
vertex 2.682373 105.640411 -0.000034
endloop
endfacet
facet normal -0.013501 0.999909 0.000000
outer loop
vertex -64.944214 182.085571 -0.000039
vertex -64.944214 182.085571 54.999962
vertex 1.491211 182.982605 54.999962
endloop
endfacet
facet normal -0.013501 0.999909 0.000000
outer loop
vertex -64.944214 182.085571 -0.000039
vertex 1.491211 182.982605 54.999962
vertex 1.491211 182.982605 -0.000039
endloop
endfacet
facet normal -0.999732 -0.023167 0.000000
outer loop
vertex -63.151978 104.743347 -0.000033
vertex -63.151978 104.743347 54.999966
vertex -64.944214 182.085571 54.999962
endloop
endfacet
facet normal -0.999732 -0.023166 0.000000
outer loop
vertex -63.151978 104.743347 -0.000033
vertex -64.944214 182.085571 54.999962
vertex -64.944214 182.085571 -0.000039
endloop
endfacet
facet normal 0.000000 0.000000 1.000000
outer loop
vertex 15.372681 182.683594 144.999954
vertex 16.574951 106.836517 144.999969
vertex 65.833862 107.434540 144.999969
endloop
endfacet
facet normal -0.013558 -0.000137 0.999908
outer loop
vertex 65.833862 107.434540 144.999969
vertex 65.188232 148.759399 144.999969
vertex 64.642700 183.565735 144.999954
endloop
endfacet
facet normal 0.000000 0.000000 1.000000
outer loop
vertex 65.833862 107.434540 144.999969
vertex 64.642700 183.565735 144.999954
vertex 15.372681 182.683594 144.999954
endloop
endfacet
facet normal 0.012139 -0.999926 0.000000
outer loop
vertex 65.833862 107.434540 -0.000034
vertex 65.833862 107.434540 144.999969
vertex 16.574951 106.836517 144.999969
endloop
endfacet
facet normal 0.012139 -0.999926 0.000000
outer loop
vertex 65.833862 107.434540 -0.000034
vertex 16.574951 106.836517 144.999969
vertex 16.574951 106.836517 -0.000034
endloop
endfacet
facet normal 0.999878 0.015621 0.000000
outer loop
vertex 65.188232 148.759399 -0.000037
vertex 65.188232 148.759399 144.999969
vertex 65.833862 107.434540 144.999969
endloop
endfacet
facet normal 0.999878 0.015622 0.000000
outer loop
vertex 65.188232 148.759399 -0.000037
vertex 65.833862 107.434540 144.999969
vertex 65.833862 107.434540 -0.000034
endloop
endfacet
facet normal 0.999877 0.015671 0.000000
outer loop
vertex 64.642700 183.565735 -0.000039
vertex 64.642700 183.565735 144.999954
vertex 65.188232 148.759399 144.999969
endloop
endfacet
facet normal 0.999877 0.015671 0.000000
outer loop
vertex 64.642700 183.565735 -0.000039
vertex 65.188232 148.759399 144.999969
vertex 65.188232 148.759399 -0.000037
endloop
endfacet
facet normal -0.017901 0.999840 0.000000
outer loop
vertex 15.372681 182.683594 -0.000039
vertex 15.372681 182.683594 144.999954
vertex 64.642700 183.565735 144.999954
endloop
endfacet
facet normal -0.017901 0.999840 0.000000
outer loop
vertex 15.372681 182.683594 -0.000039
vertex 64.642700 183.565735 144.999954
vertex 64.642700 183.565735 -0.000039
endloop
endfacet
facet normal -0.999874 -0.015849 0.000000
outer loop
vertex 16.574951 106.836517 -0.000034
vertex 16.574951 106.836517 144.999969
vertex 15.372681 182.683594 144.999954
endloop
endfacet
facet normal -0.999874 -0.015849 0.000000
outer loop
vertex 16.574951 106.836517 -0.000034
vertex 15.372681 182.683594 144.999954
vertex 15.372681 182.683594 -0.000039
endloop
endfacet
facet normal 0.000000 0.000000 1.000000
outer loop
vertex 150.648193 -66.056152 65.999977
vertex 190.044189 -65.443176 65.999977
vertex 188.853027 -3.636353 65.999977
endloop
endfacet
facet normal -0.000000 0.000000 1.000000
outer loop
vertex 150.648193 -66.056152 65.999977
vertex 188.853027 -3.636353 65.999977
vertex 149.735352 -4.234375 65.999977
endloop
endfacet
facet normal 0.015557 -0.999879 0.000000
outer loop
vertex 190.044189 -65.443176 -0.000021
vertex 190.044189 -65.443176 65.999977
vertex 150.648193 -66.056152 65.999977
endloop
endfacet
facet normal 0.015557 -0.999879 0.000000
outer loop
vertex 190.044189 -65.443176 -0.000021
vertex 150.648193 -66.056152 65.999977
vertex 150.648193 -66.056152 -0.000021
endloop
endfacet
facet normal 0.999814 0.019269 0.000000
outer loop
vertex 188.853027 -3.636353 -0.000025
vertex 188.853027 -3.636353 65.999977
vertex 190.044189 -65.443176 65.999977
endloop
endfacet
facet normal 0.999814 0.019269 0.000000
outer loop
vertex 188.853027 -3.636353 -0.000025
vertex 190.044189 -65.443176 65.999977
vertex 190.044189 -65.443176 -0.000021
endloop
endfacet
facet normal -0.015286 0.999883 0.000000
outer loop
vertex 149.735352 -4.234375 -0.000025
vertex 149.735352 -4.234375 65.999977
vertex 188.853027 -3.636353 65.999977
endloop
endfacet
facet normal -0.015286 0.999883 0.000000
outer loop
vertex 149.735352 -4.234375 -0.000025
vertex 188.853027 -3.636353 65.999977
vertex 188.853027 -3.636353 -0.000025
endloop
endfacet
facet normal -0.999891 -0.014764 0.000000
outer loop
vertex 150.648193 -66.056152 -0.000021
vertex 150.648193 -66.056152 65.999977
vertex 149.735352 -4.234375 65.999977
endloop
endfacet
facet normal -0.999891 -0.014765 0.000000
outer loop
vertex 150.648193 -66.056152 -0.000021
vertex 149.735352 -4.234375 65.999977
vertex 149.735352 -4.234375 -0.000025
endloop
endfacet
facet normal 0.000000 0.000000 1.000000
outer loop
vertex 68.817261 -64.546112 101.999977
vertex 67.926636 -6.028473 101.999977
vertex -18.668701 -7.224548 101.999977
endloop
endfacet
facet normal -0.000000 0.000000 1.000000
outer loop
vertex 68.817261 -64.546112 101.999977
vertex -18.668701 -7.224548 101.999977
vertex -18.067627 -66.041199 101.999977
endloop
endfacet
facet normal 0.999884 0.015218 0.000000
outer loop
vertex 67.926636 -6.028473 -0.000025
vertex 67.926636 -6.028473 101.999977
vertex 68.817261 -64.546112 101.999977
endloop
endfacet
facet normal 0.999884 0.015218 0.000000
outer loop
vertex 67.926636 -6.028473 -0.000025
vertex 68.817261 -64.546112 101.999977
vertex 68.817261 -64.546112 -0.000021
endloop
endfacet
facet normal -0.013811 0.999905 0.000000
outer loop
vertex -18.668701 -7.224548 -0.000025
vertex -18.668701 -7.224548 101.999977
vertex 67.926636 -6.028473 101.999977
endloop
endfacet
facet normal -0.013811 0.999905 0.000000
outer loop
vertex -18.668701 -7.224548 -0.000025
vertex 67.926636 -6.028473 101.999977
vertex 67.926636 -6.028473 -0.000025
endloop
endfacet
facet normal -0.999948 -0.010219 0.000000
outer loop
vertex -18.067627 -66.041199 -0.000021
vertex -18.067627 -66.041199 101.999977
vertex -18.668701 -7.224548 101.999977
endloop
endfacet
facet normal -0.999948 -0.010219 0.000000
outer loop
vertex -18.067627 -66.041199 -0.000021
vertex -18.668701 -7.224548 101.999977
vertex -18.668701 -7.224548 -0.000025
endloop
endfacet
facet normal 0.017205 -0.999852 0.000000
outer loop
vertex 68.817261 -64.546112 -0.000021
vertex 68.817261 -64.546112 101.999977
vertex -18.067627 -66.041199 101.999977
endloop
endfacet
facet normal 0.017205 -0.999852 0.000000
outer loop
vertex 68.817261 -64.546112 -0.000021
vertex -18.067627 -66.041199 101.999977
vertex -18.067627 -66.041199 -0.000021
endloop
endfacet
facet normal -0.000000 0.000000 1.000000
outer loop
vertex 124.220947 -242.219833 80.999992
vertex 151.460815 -242.174988 80.999992
vertex 106.677002 -199.177170 80.999992
endloop
endfacet
facet normal 0.000000 0.000000 1.000000
outer loop
vertex 106.677002 -199.177170 80.999992
vertex 106.677002 -242.773010 80.999992
vertex 120.335938 -242.414185 80.999992
endloop
endfacet
facet normal -0.000000 0.000000 1.000000
outer loop
vertex 120.335938 -242.414185 80.999992
vertex 117.987061 -248.588745 80.999992
vertex 121.760742 -248.603699 80.999992
endloop
endfacet
facet normal 0.000000 0.000000 1.000000
outer loop
vertex 124.220947 -242.219833 80.999992
vertex 106.677002 -199.177170 80.999992
vertex 120.335938 -242.414185 80.999992
endloop
endfacet
facet normal 0.000000 0.000000 1.000000
outer loop
vertex 120.335938 -242.414185 80.999992
vertex 121.760742 -248.603699 80.999992
vertex 124.220947 -242.219833 80.999992
endloop
endfacet
facet normal 0.692577 0.721344 0.000000
outer loop
vertex 106.677002 -199.177170 -0.000010
vertex 106.677002 -199.177170 80.999992
vertex 151.460815 -242.174988 80.999992
endloop
endfacet
facet normal 0.692577 0.721344 0.000000
outer loop
vertex 106.677002 -199.177170 -0.000010
vertex 151.460815 -242.174988 80.999992
vertex 151.460815 -242.174988 -0.000007
endloop
endfacet
facet normal -1.000000 0.000000 0.000000
outer loop
vertex 106.677002 -242.773010 -0.000007
vertex 106.677002 -242.773010 80.999992
vertex 106.677002 -199.177170 80.999992
endloop
endfacet
facet normal -1.000000 0.000000 0.000000
outer loop
vertex 106.677002 -242.773010 -0.000007
vertex 106.677002 -199.177170 80.999992
vertex 106.677002 -199.177170 -0.000010
endloop
endfacet
facet normal 0.026261 -0.999655 0.000000
outer loop
vertex 120.335938 -242.414185 -0.000007
vertex 120.335938 -242.414185 80.999992
vertex 106.677002 -242.773010 80.999992
endloop
endfacet
facet normal 0.026261 -0.999655 0.000000
outer loop
vertex 120.335938 -242.414185 -0.000007
vertex 106.677002 -242.773010 80.999992
vertex 106.677002 -242.773010 -0.000007
endloop
endfacet
facet normal -0.934656 0.355552 0.000000
outer loop
vertex 117.987061 -248.588760 -0.000007
vertex 117.987061 -248.588745 80.999992
vertex 120.335938 -242.414185 80.999992
endloop
endfacet
facet normal -0.934655 0.355555 0.000000
outer loop
vertex 117.987061 -248.588760 -0.000007
vertex 120.335938 -242.414185 80.999992
vertex 120.335938 -242.414185 -0.000007
endloop
endfacet
facet normal -0.003963 -0.999992 0.000000
outer loop
vertex 121.760742 -248.603714 -0.000007
vertex 121.760742 -248.603699 80.999992
vertex 117.987061 -248.588745 80.999992
endloop
endfacet
facet normal -0.003963 -0.999992 0.000000
outer loop
vertex 121.760742 -248.603714 -0.000007
vertex 117.987061 -248.588745 80.999992
vertex 117.987061 -248.588760 -0.000007
endloop
endfacet
facet normal 0.933107 -0.359597 0.000000
outer loop
vertex 124.220947 -242.219849 -0.000007
vertex 124.220947 -242.219833 80.999992
vertex 121.760742 -248.603699 80.999992
endloop
endfacet
facet normal 0.933106 -0.359601 0.000000
outer loop
vertex 124.220947 -242.219849 -0.000007
vertex 121.760742 -248.603699 80.999992
vertex 121.760742 -248.603714 -0.000007
endloop
endfacet
facet normal 0.001646 -0.999999 0.000000
outer loop
vertex 151.460815 -242.174988 -0.000007
vertex 151.460815 -242.174988 80.999992
vertex 124.220947 -242.219833 80.999992
endloop
endfacet
facet normal 0.001647 -0.999999 0.000000
outer loop
vertex 151.460815 -242.174988 -0.000007
vertex 124.220947 -242.219833 80.999992
vertex 124.220947 -242.219849 -0.000007
endloop
endfacet
facet normal 0.000000 0.000000 1.000000
outer loop
vertex 367.543091 -34.240784 61.999977
vertex 367.799072 -45.588470 61.999977
vertex 371.138672 -45.558563 61.999977
endloop
endfacet
facet normal 0.000000 0.000000 1.000000
outer loop
vertex 371.138672 -45.558563 61.999977
vertex 409.655273 -45.110046 61.999977
vertex 409.042969 -0.197632 61.999973
endloop
endfacet
facet normal 0.000000 0.000000 1.000000
outer loop
vertex 409.042969 -0.197632 61.999973
vertex 367.242554 -0.795654 61.999973
vertex 367.543091 -34.240784 61.999977
endloop
endfacet
facet normal 0.000000 0.000000 1.000000
outer loop
vertex 371.138672 -45.558563 61.999977
vertex 409.042969 -0.197632 61.999973
vertex 367.543091 -34.240784 61.999977
endloop
endfacet
facet normal 0.008955 -0.999960 0.000000
outer loop
vertex 371.138672 -45.558563 -0.000022
vertex 371.138672 -45.558563 61.999977
vertex 367.799072 -45.588470 61.999977
endloop
endfacet
facet normal 0.008955 -0.999960 0.000000
outer loop
vertex 371.138672 -45.558563 -0.000022
vertex 367.799072 -45.588470 61.999977
vertex 367.799072 -45.588470 -0.000022
endloop
endfacet
facet normal 0.011644 -0.999932 0.000000
outer loop
vertex 409.655273 -45.110046 -0.000022
vertex 409.655273 -45.110046 61.999977
vertex 371.138672 -45.558563 61.999977
endloop
endfacet
facet normal 0.011644 -0.999932 0.000000
outer loop
vertex 409.655273 -45.110046 -0.000022
vertex 371.138672 -45.558563 61.999977
vertex 371.138672 -45.558563 -0.000022
endloop
endfacet
facet normal 0.999907 0.013632 0.000000
outer loop
vertex 409.042969 -0.197632 -0.000026
vertex 409.042969 -0.197632 61.999973
vertex 409.655273 -45.110046 61.999977
endloop
endfacet
facet normal 0.999907 0.013633 0.000000
outer loop
vertex 409.042969 -0.197632 -0.000026
vertex 409.655273 -45.110046 61.999977
vertex 409.655273 -45.110046 -0.000022
endloop
endfacet
facet normal -0.014305 0.999898 0.000000
outer loop
vertex 367.242554 -0.795654 -0.000025
vertex 367.242554 -0.795654 61.999973
vertex 409.042969 -0.197632 61.999973
endloop
endfacet
facet normal -0.014305 0.999898 0.000000
outer loop
vertex 367.242554 -0.795654 -0.000025
vertex 409.042969 -0.197632 61.999973
vertex 409.042969 -0.197632 -0.000026
endloop
endfacet
facet normal -0.999960 -0.008986 0.000000
outer loop
vertex 367.543091 -34.240784 -0.000023
vertex 367.543091 -34.240784 61.999977
vertex 367.242554 -0.795654 61.999973
endloop
endfacet
facet normal -0.999960 -0.008983 0.000000
outer loop
vertex 367.543091 -34.240784 -0.000023
vertex 367.242554 -0.795654 61.999973
vertex 367.242554 -0.795654 -0.000025
endloop
endfacet
facet normal -0.999746 -0.022553 0.000000
outer loop
vertex 367.799072 -45.588470 -0.000022
vertex 367.799072 -45.588470 61.999977
vertex 367.543091 -34.240784 61.999977
endloop
endfacet
facet normal -0.999746 -0.022553 0.000000
outer loop
vertex 367.799072 -45.588470 -0.000022
vertex 367.543091 -34.240784 61.999977
vertex 367.543091 -34.240784 -0.000023
endloop
endfacet
facet normal 0.000000 0.000000 1.000000
outer loop
vertex 102.357788 101.887695 2.999967
vertex 183.275879 103.442627 2.999967
vertex 181.717407 184.208618 2.999961
endloop
endfacet
facet normal -0.000000 0.000000 1.000000
outer loop
vertex 102.357788 101.887695 2.999967
vertex 181.717407 184.208618 2.999961
vertex 100.799316 182.653687 2.999961
endloop
endfacet
facet normal 0.019213 -0.999815 0.000000
outer loop
vertex 183.275879 103.442627 -0.000033
vertex 183.275879 103.442627 2.999967
vertex 102.357788 101.887695 2.999967
endloop
endfacet
facet normal 0.019213 -0.999815 0.000000
outer loop
vertex 183.275879 103.442627 -0.000033
vertex 102.357788 101.887695 2.999967
vertex 102.357788 101.887695 -0.000033
endloop
endfacet
facet normal 0.999814 0.019293 0.000000
outer loop
vertex 181.717407 184.208618 -0.000039
vertex 181.717407 184.208618 2.999961
vertex 183.275879 103.442627 2.999967
endloop
endfacet
facet normal 0.999814 0.019292 0.000000
outer loop
vertex 181.717407 184.208618 -0.000039
vertex 183.275879 103.442627 2.999967
vertex 183.275879 103.442627 -0.000033
endloop
endfacet
facet normal -0.019213 0.999815 0.000000
outer loop
vertex 100.799316 182.653687 -0.000039
vertex 100.799316 182.653687 2.999961
vertex 181.717407 184.208618 2.999961
endloop
endfacet
facet normal -0.019213 0.999815 0.000000
outer loop
vertex 100.799316 182.653687 -0.000039
vertex 181.717407 184.208618 2.999961
vertex 181.717407 184.208618 -0.000039
endloop
endfacet
facet normal -0.999814 -0.019293 0.000000
outer loop
vertex 102.357788 101.887695 -0.000033
vertex 102.357788 101.887695 2.999967
vertex 100.799316 182.653687 2.999961
endloop
endfacet
facet normal -0.999814 -0.019292 0.000000
outer loop
vertex 102.357788 101.887695 -0.000033
vertex 100.799316 182.653687 2.999961
vertex 100.799316 182.653687 -0.000039
endloop
endfacet
facet normal 0.000000 0.000000 1.000000
outer loop
vertex 190.333618 -75.744263 20.999981
vertex 190.044189 -65.443176 20.999979
vertex 150.648193 -66.056152 20.999979
endloop
endfacet
facet normal 0.000000 0.000000 1.000000
outer loop
vertex 190.333618 -75.744263 20.999981
vertex 150.648193 -66.056152 20.999979
vertex 150.770630 -76.342285 20.999981
endloop
endfacet
facet normal 0.999606 0.028085 0.000000
outer loop
vertex 190.044189 -65.443176 -0.000021
vertex 190.044189 -65.443176 20.999979
vertex 190.333618 -75.744263 20.999981
endloop
endfacet
facet normal 0.999606 0.028084 0.000000
outer loop
vertex 190.044189 -65.443176 -0.000021
vertex 190.333618 -75.744263 20.999981
vertex 190.333618 -75.744263 -0.000020
endloop
endfacet
facet normal -0.015557 0.999879 0.000000
outer loop
vertex 150.648193 -66.056152 -0.000021
vertex 150.648193 -66.056152 20.999979
vertex 190.044189 -65.443176 20.999979
endloop
endfacet
facet normal -0.015557 0.999879 0.000000
outer loop
vertex 150.648193 -66.056152 -0.000021
vertex 190.044189 -65.443176 20.999979
vertex 190.044189 -65.443176 -0.000021
endloop
endfacet
facet normal -0.999929 -0.011900 0.000000
outer loop
vertex 150.770630 -76.342285 -0.000020
vertex 150.770630 -76.342285 20.999981
vertex 150.648193 -66.056152 20.999979
endloop
endfacet
facet normal -0.999929 -0.011903 0.000000
outer loop
vertex 150.770630 -76.342285 -0.000020
vertex 150.648193 -66.056152 20.999979
vertex 150.648193 -66.056152 -0.000021
endloop
endfacet
facet normal 0.015114 -0.999886 0.000000
outer loop
vertex 190.333618 -75.744263 -0.000020
vertex 190.333618 -75.744263 20.999981
vertex 150.770630 -76.342285 20.999981
endloop
endfacet
facet normal 0.015114 -0.999886 0.000000
outer loop
vertex 190.333618 -75.744263 -0.000020
vertex 150.770630 -76.342285 20.999981
vertex 150.770630 -76.342285 -0.000020
endloop
endfacet
facet normal 0.000000 0.000000 1.000000
outer loop
vertex 262.735840 -1.393707 14.999974
vertex 263.192139 -21.218567 14.999976
vertex 294.250366 -20.919556 14.999976
endloop
endfacet
facet normal 0.000000 0.000000 1.000000
outer loop
vertex 262.735840 -1.393707 14.999974
vertex 294.250366 -20.919556 14.999976
vertex 293.793945 -0.795654 14.999974
endloop
endfacet
facet normal -0.999735 -0.023011 0.000000
outer loop
vertex 263.192139 -21.218567 -0.000024
vertex 263.192139 -21.218567 14.999976
vertex 262.735840 -1.393707 14.999974
endloop
endfacet
facet normal -0.999735 -0.023010 0.000000
outer loop
vertex 263.192139 -21.218567 -0.000024
vertex 262.735840 -1.393707 14.999974
vertex 262.735840 -1.393707 -0.000025
endloop
endfacet
facet normal 0.009627 -0.999954 0.000000
outer loop
vertex 294.250366 -20.919556 -0.000024
vertex 294.250366 -20.919556 14.999976
vertex 263.192139 -21.218567 14.999976
endloop
endfacet
facet normal 0.009627 -0.999954 0.000000
outer loop
vertex 294.250366 -20.919556 -0.000024
vertex 263.192139 -21.218567 14.999976
vertex 263.192139 -21.218567 -0.000024
endloop
endfacet
facet normal 0.999743 0.022675 0.000000
outer loop
vertex 293.793945 -0.795654 -0.000025
vertex 293.793945 -0.795654 14.999974
vertex 294.250366 -20.919556 14.999976
endloop
endfacet
facet normal 0.999743 0.022676 0.000000
outer loop
vertex 293.793945 -0.795654 -0.000025
vertex 294.250366 -20.919556 14.999976
vertex 294.250366 -20.919556 -0.000024
endloop
endfacet
facet normal -0.019252 0.999815 0.000000
outer loop
vertex 262.735840 -1.393707 -0.000025
vertex 262.735840 -1.393707 14.999974
vertex 293.793945 -0.795654 14.999974
endloop
endfacet
facet normal -0.019252 0.999815 0.000000
outer loop
vertex 262.735840 -1.393707 -0.000025
vertex 293.793945 -0.795654 14.999974
vertex 293.793945 -0.795654 -0.000025
endloop
endfacet
facet normal -0.000000 0.000000 1.000000
outer loop
vertex 323.059814 -38.427032 26.999977
vertex 323.516235 -58.834900 26.999979
vertex 361.888062 -58.386383 26.999979
endloop
endfacet
facet normal 0.000000 0.000000 1.000000
outer loop
vertex 323.059814 -38.427032 26.999977
vertex 361.888062 -58.386383 26.999979
vertex 361.275757 -37.828979 26.999977
endloop
endfacet
facet normal -0.999750 -0.022359 0.000000
outer loop
vertex 323.516235 -58.834900 -0.000021
vertex 323.516235 -58.834900 26.999979
vertex 323.059814 -38.427032 26.999977
endloop
endfacet
facet normal -0.999750 -0.022361 0.000000
outer loop
vertex 323.516235 -58.834900 -0.000021
vertex 323.059814 -38.427032 26.999977
vertex 323.059814 -38.427032 -0.000023
endloop
endfacet
facet normal 0.011688 -0.999932 0.000000
outer loop
vertex 361.888062 -58.386383 -0.000021
vertex 361.888062 -58.386383 26.999979
vertex 323.516235 -58.834900 26.999979
endloop
endfacet
facet normal 0.011688 -0.999932 0.000000
outer loop
vertex 361.888062 -58.386383 -0.000021
vertex 323.516235 -58.834900 26.999979
vertex 323.516235 -58.834900 -0.000021
endloop
endfacet
facet normal 0.999557 0.029771 0.000000
outer loop
vertex 361.275757 -37.828979 -0.000023
vertex 361.275757 -37.828979 26.999977
vertex 361.888062 -58.386383 26.999979
endloop
endfacet
facet normal 0.999557 0.029774 0.000000
outer loop
vertex 361.275757 -37.828979 -0.000023
vertex 361.888062 -58.386383 26.999979
vertex 361.888062 -58.386383 -0.000021
endloop
endfacet
facet normal -0.015647 0.999878 0.000000
outer loop
vertex 323.059814 -38.427032 -0.000023
vertex 323.059814 -38.427032 26.999977
vertex 361.275757 -37.828979 26.999977
endloop
endfacet
facet normal -0.015647 0.999878 0.000000
outer loop
vertex 323.059814 -38.427032 -0.000023
vertex 361.275757 -37.828979 26.999977
vertex 361.275757 -37.828979 -0.000023
endloop
endfacet
facet normal -0.000000 0.000000 1.000000
outer loop
vertex 322.759277 -34.838806 8.999977
vertex 367.543091 -34.240784 8.999977
vertex 367.242554 -0.795654 8.999974
endloop
endfacet
facet normal 0.000000 0.000000 1.000000
outer loop
vertex 322.759277 -34.838806 8.999977
vertex 367.242554 -0.795654 8.999974
vertex 322.158081 -1.393707 8.999974
endloop
endfacet
facet normal 0.013352 -0.999911 0.000000
outer loop
vertex 367.543091 -34.240784 -0.000023
vertex 367.543091 -34.240784 8.999977
vertex 322.759277 -34.838806 8.999977
endloop
endfacet
facet normal 0.013352 -0.999911 0.000000
outer loop
vertex 367.543091 -34.240784 -0.000023
vertex 322.759277 -34.838806 8.999977
vertex 322.759277 -34.838806 -0.000023
endloop
endfacet
facet normal 0.999960 0.008986 0.000000
outer loop
vertex 367.242554 -0.795654 -0.000025
vertex 367.242554 -0.795654 8.999974
vertex 367.543091 -34.240784 8.999977
endloop
endfacet
facet normal 0.999960 0.008985 0.000000
outer loop
vertex 367.242554 -0.795654 -0.000025
vertex 367.543091 -34.240784 8.999977
vertex 367.543091 -34.240784 -0.000023
endloop
endfacet
facet normal -0.013264 0.999912 0.000000
outer loop
vertex 322.158081 -1.393707 -0.000025
vertex 322.158081 -1.393707 8.999974
vertex 367.242554 -0.795654 8.999974
endloop
endfacet
facet normal -0.013264 0.999912 0.000000
outer loop
vertex 322.158081 -1.393707 -0.000025
vertex 367.242554 -0.795654 8.999974
vertex 367.242554 -0.795654 -0.000025
endloop
endfacet
facet normal -0.999838 -0.017973 0.000000
outer loop
vertex 322.759277 -34.838806 -0.000023
vertex 322.759277 -34.838806 8.999977
vertex 322.158081 -1.393707 8.999974
endloop
endfacet
facet normal -0.999838 -0.017974 0.000000
outer loop
vertex 322.759277 -34.838806 -0.000023
vertex 322.158081 -1.393707 8.999974
vertex 322.158081 -1.393707 -0.000025
endloop
endfacet
facet normal 0.000000 0.000000 1.000000
outer loop
vertex 324.106201 -99.037567 8.999982
vertex 362.466919 -98.738541 8.999982
vertex 362.333374 -86.463974 8.999981
endloop
endfacet
facet normal -0.000000 0.000000 1.000000
outer loop
vertex 324.106201 -99.037567 8.999982
vertex 362.333374 -86.463974 8.999981
vertex 323.961548 -86.762985 8.999981
endloop
endfacet
facet normal 0.007795 -0.999970 0.000000
outer loop
vertex 362.466919 -98.738541 -0.000018
vertex 362.466919 -98.738541 8.999982
vertex 324.106201 -99.037567 8.999982
endloop
endfacet
facet normal 0.007795 -0.999970 0.000000
outer loop
vertex 362.466919 -98.738541 -0.000018
vertex 324.106201 -99.037567 8.999982
vertex 324.106201 -99.037567 -0.000018
endloop
endfacet
facet normal 0.999941 0.010875 0.000000
outer loop
vertex 362.333374 -86.463974 -0.000019
vertex 362.333374 -86.463974 8.999981
vertex 362.466919 -98.738541 8.999982
endloop
endfacet
facet normal 0.999941 0.010877 0.000000
outer loop
vertex 362.333374 -86.463974 -0.000019
vertex 362.466919 -98.738541 8.999982
vertex 362.466919 -98.738541 -0.000018
endloop
endfacet
facet normal -0.007792 0.999970 0.000000
outer loop
vertex 323.961548 -86.762985 -0.000019
vertex 323.961548 -86.762985 8.999981
vertex 362.333374 -86.463974 8.999981
endloop
endfacet
facet normal -0.007792 0.999970 0.000000
outer loop
vertex 323.961548 -86.762985 -0.000019
vertex 362.333374 -86.463974 8.999981
vertex 362.333374 -86.463974 -0.000019
endloop
endfacet
facet normal -0.999931 -0.011786 0.000000
outer loop
vertex 324.106201 -99.037567 -0.000018
vertex 324.106201 -99.037567 8.999982
vertex 323.961548 -86.762985 8.999981
endloop
endfacet
facet normal -0.999931 -0.011783 0.000000
outer loop
vertex 324.106201 -99.037567 -0.000018
vertex 323.961548 -86.762985 8.999981
vertex 323.961548 -86.762985 -0.000019
endloop
endfacet
facet normal 0.000000 0.000000 1.000000
outer loop
vertex 324.106201 -99.037567 8.999982
vertex 324.551514 -127.997116 8.999984
vertex 357.546631 -127.698105 8.999984
endloop
endfacet
facet normal 0.000000 0.000000 1.000000
outer loop
vertex 357.546631 -127.698105 8.999984
vertex 362.622803 -122.330811 8.999984
vertex 362.466919 -98.738541 8.999982
endloop
endfacet
facet normal -0.000000 0.000000 1.000000
outer loop
vertex 357.546631 -127.698105 8.999984
vertex 362.466919 -98.738541 8.999982
vertex 324.106201 -99.037567 8.999982
endloop
endfacet
facet normal 0.009062 -0.999959 0.000000
outer loop
vertex 357.546631 -127.698105 -0.000016
vertex 357.546631 -127.698105 8.999984
vertex 324.551514 -127.997116 8.999984
endloop
endfacet
facet normal 0.009062 -0.999959 0.000000
outer loop
vertex 357.546631 -127.698105 -0.000016
vertex 324.551514 -127.997116 8.999984
vertex 324.551514 -127.997116 -0.000016
endloop
endfacet
facet normal 0.726536 -0.687128 0.000000
outer loop
vertex 362.622803 -122.330811 -0.000016
vertex 362.622803 -122.330811 8.999984
vertex 357.546631 -127.698105 8.999984
endloop
endfacet
facet normal 0.726536 -0.687129 0.000000
outer loop
vertex 362.622803 -122.330811 -0.000016
vertex 357.546631 -127.698105 8.999984
vertex 357.546631 -127.698105 -0.000016
endloop
endfacet
facet normal 0.999978 0.006609 0.000000
outer loop
vertex 362.466919 -98.738541 -0.000018
vertex 362.466919 -98.738541 8.999982
vertex 362.622803 -122.330811 8.999984
endloop
endfacet
facet normal 0.999978 0.006607 0.000000
outer loop
vertex 362.466919 -98.738541 -0.000018
vertex 362.622803 -122.330811 8.999984
vertex 362.622803 -122.330811 -0.000016
endloop
endfacet
facet normal -0.007795 0.999970 0.000000
outer loop
vertex 324.106201 -99.037567 -0.000018
vertex 324.106201 -99.037567 8.999982
vertex 362.466919 -98.738541 8.999982
endloop
endfacet
facet normal -0.007795 0.999970 0.000000
outer loop
vertex 324.106201 -99.037567 -0.000018
vertex 362.466919 -98.738541 8.999982
vertex 362.466919 -98.738541 -0.000018
endloop
endfacet
facet normal -0.999882 -0.015376 0.000000
outer loop
vertex 324.551514 -127.997116 -0.000016
vertex 324.551514 -127.997116 8.999984
vertex 324.106201 -99.037567 8.999982
endloop
endfacet
facet normal -0.999882 -0.015375 0.000000
outer loop
vertex 324.551514 -127.997116 -0.000016
vertex 324.106201 -99.037567 8.999982
vertex 324.106201 -99.037567 -0.000018
endloop
endfacet
facet normal -0.000000 0.000000 1.000000
outer loop
vertex 192.426392 -167.556610 35.999989
vertex 190.333618 -75.744263 35.999981
vertex 150.770630 -76.342285 35.999981
endloop
endfacet
facet normal 0.000000 0.000000 1.000000
outer loop
vertex 192.426392 -167.556610 35.999989
vertex 150.770630 -76.342285 35.999981
vertex 152.418213 -168.453644 35.999989
endloop
endfacet
facet normal 0.999740 0.022788 0.000000
outer loop
vertex 190.333618 -75.744263 -0.000020
vertex 190.333618 -75.744263 35.999981
vertex 192.426392 -167.556610 35.999989
endloop
endfacet
facet normal 0.999740 0.022788 0.000000
outer loop
vertex 190.333618 -75.744263 -0.000020
vertex 192.426392 -167.556610 35.999989
vertex 192.426392 -167.556610 -0.000013
endloop
endfacet
facet normal -0.015114 0.999886 0.000000
outer loop
vertex 150.770630 -76.342285 -0.000020
vertex 150.770630 -76.342285 35.999981
vertex 190.333618 -75.744263 35.999981
endloop
endfacet
facet normal -0.015114 0.999886 0.000000
outer loop
vertex 150.770630 -76.342285 -0.000020
vertex 190.333618 -75.744263 35.999981
vertex 190.333618 -75.744263 -0.000020
endloop
endfacet
facet normal -0.999840 -0.017884 0.000000
outer loop
vertex 152.418213 -168.453644 -0.000013
vertex 152.418213 -168.453644 35.999989
vertex 150.770630 -76.342285 35.999981
endloop
endfacet
facet normal -0.999840 -0.017884 0.000000
outer loop
vertex 152.418213 -168.453644 -0.000013
vertex 150.770630 -76.342285 35.999981
vertex 150.770630 -76.342285 -0.000020
endloop
endfacet
facet normal 0.022416 -0.999749 0.000000
outer loop
vertex 192.426392 -167.556610 -0.000013
vertex 192.426392 -167.556610 35.999989
vertex 152.418213 -168.453644 35.999989
endloop
endfacet
facet normal 0.022416 -0.999749 0.000000
outer loop
vertex 192.426392 -167.556610 -0.000013
vertex 152.418213 -168.453644 35.999989
vertex 152.418213 -168.453644 -0.000013
endloop
endfacet
facet normal 0.000000 0.000000 1.000000
outer loop
vertex -351.937012 84.200623 41.999969
vertex -394.594727 83.512848 41.999969
vertex -393.570557 14.394470 41.999973
endloop
endfacet
facet normal -0.000000 0.000000 1.000000
outer loop
vertex -351.937012 84.200623 41.999969
vertex -393.570557 14.394470 41.999973
vertex -350.578979 15.321411 41.999973
endloop
endfacet
facet normal -0.016121 0.999870 0.000000
outer loop
vertex -394.594727 83.512848 -0.000032
vertex -394.594727 83.512848 41.999969
vertex -351.937012 84.200623 41.999969
endloop
endfacet
facet normal -0.016121 0.999870 0.000000
outer loop
vertex -394.594727 83.512848 -0.000032
vertex -351.937012 84.200623 41.999969
vertex -351.937012 84.200623 -0.000032
endloop
endfacet
facet normal -0.999890 -0.014816 0.000000
outer loop
vertex -393.570557 14.394470 -0.000027
vertex -393.570557 14.394470 41.999973
vertex -394.594727 83.512848 41.999969
endloop
endfacet
facet normal -0.999890 -0.014816 0.000000
outer loop
vertex -393.570557 14.394470 -0.000027
vertex -394.594727 83.512848 41.999969
vertex -394.594727 83.512848 -0.000032
endloop
endfacet
facet normal 0.021556 -0.999768 0.000000
outer loop
vertex -350.578979 15.321411 -0.000027
vertex -350.578979 15.321411 41.999973
vertex -393.570557 14.394470 41.999973
endloop
endfacet
facet normal 0.021556 -0.999768 0.000000
outer loop
vertex -350.578979 15.321411 -0.000027
vertex -393.570557 14.394470 41.999973
vertex -393.570557 14.394470 -0.000027
endloop
endfacet
facet normal 0.999806 0.019712 0.000000
outer loop
vertex -351.937012 84.200623 -0.000032
vertex -351.937012 84.200623 41.999969
vertex -350.578979 15.321411 41.999973
endloop
endfacet
facet normal 0.999806 0.019712 0.000000
outer loop
vertex -351.937012 84.200623 -0.000032
vertex -350.578979 15.321411 41.999973
vertex -350.578979 15.321411 -0.000027
endloop
endfacet
facet normal -0.000000 0.000000 1.000000
outer loop
vertex -307.030762 16.054016 29.999973
vertex -308.032593 84.843506 29.999968
vertex -351.937012 84.200623 29.999968
endloop
endfacet
facet normal 0.000000 0.000000 1.000000
outer loop
vertex -307.030762 16.054016 29.999973
vertex -351.937012 84.200623 29.999968
vertex -350.578979 15.321411 29.999973
endloop
endfacet
facet normal 0.999894 0.014562 0.000000
outer loop
vertex -308.032593 84.843506 -0.000032
vertex -308.032593 84.843506 29.999968
vertex -307.030762 16.054016 29.999973
endloop
endfacet
facet normal 0.999894 0.014562 0.000000
outer loop
vertex -308.032593 84.843506 -0.000032
vertex -307.030762 16.054016 29.999973
vertex -307.030762 16.054016 -0.000027
endloop
endfacet
facet normal -0.014641 0.999893 0.000000
outer loop
vertex -351.937012 84.200623 -0.000032
vertex -351.937012 84.200623 29.999968
vertex -308.032593 84.843506 29.999968
endloop
endfacet
facet normal -0.014641 0.999893 0.000000
outer loop
vertex -351.937012 84.200623 -0.000032
vertex -308.032593 84.843506 29.999968
vertex -308.032593 84.843506 -0.000032
endloop
endfacet
facet normal -0.999806 -0.019713 0.000000
outer loop
vertex -350.578979 15.321411 -0.000027
vertex -350.578979 15.321411 29.999973
vertex -351.937012 84.200623 29.999968
endloop
endfacet
facet normal -0.999806 -0.019712 0.000000
outer loop
vertex -350.578979 15.321411 -0.000027
vertex -351.937012 84.200623 29.999968
vertex -351.937012 84.200623 -0.000032
endloop
endfacet
facet normal 0.016820 -0.999859 0.000000
outer loop
vertex -307.030762 16.054016 -0.000027
vertex -307.030762 16.054016 29.999973
vertex -350.578979 15.321411 29.999973
endloop
endfacet
facet normal 0.016820 -0.999859 0.000000
outer loop
vertex -307.030762 16.054016 -0.000027
vertex -350.578979 15.321411 29.999973
vertex -350.578979 15.321411 -0.000027
endloop
endfacet
facet normal 0.000000 0.000000 1.000000
outer loop
vertex -307.030762 16.054016 80.999969
vertex -262.647705 16.711853 80.999969
vertex -263.660645 85.486389 80.999969
endloop
endfacet
facet normal 0.000000 0.000000 1.000000
outer loop
vertex -307.030762 16.054016 80.999969
vertex -263.660645 85.486389 80.999969
vertex -308.032593 84.843506 80.999969
endloop
endfacet
facet normal 0.014820 -0.999890 0.000000
outer loop
vertex -262.647705 16.711853 -0.000027
vertex -262.647705 16.711853 80.999969
vertex -307.030762 16.054016 80.999969
endloop
endfacet
facet normal 0.014820 -0.999890 0.000000
outer loop
vertex -262.647705 16.711853 -0.000027
vertex -307.030762 16.054016 80.999969
vertex -307.030762 16.054016 -0.000027
endloop
endfacet
facet normal 0.999892 0.014727 0.000000
outer loop
vertex -263.660645 85.486389 -0.000032
vertex -263.660645 85.486389 80.999969
vertex -262.647705 16.711853 80.999969
endloop
endfacet
facet normal 0.999892 0.014726 0.000000
outer loop
vertex -263.660645 85.486389 -0.000032
vertex -262.647705 16.711853 80.999969
vertex -262.647705 16.711853 -0.000027
endloop
endfacet
facet normal -0.014487 0.999895 0.000000
outer loop
vertex -308.032593 84.843506 -0.000032
vertex -308.032593 84.843506 80.999969
vertex -263.660645 85.486389 80.999969
endloop
endfacet
facet normal -0.014487 0.999895 0.000000
outer loop
vertex -308.032593 84.843506 -0.000032
vertex -263.660645 85.486389 80.999969
vertex -263.660645 85.486389 -0.000032
endloop
endfacet
facet normal -0.999894 -0.014562 0.000000
outer loop
vertex -307.030762 16.054016 -0.000027
vertex -307.030762 16.054016 80.999969
vertex -308.032593 84.843506 80.999969
endloop
endfacet
facet normal -0.999894 -0.014562 0.000000
outer loop
vertex -307.030762 16.054016 -0.000027
vertex -308.032593 84.843506 80.999969
vertex -308.032593 84.843506 -0.000032
endloop
endfacet
facet normal 0.000000 0.000000 1.000000
outer loop
vertex -395.552002 112.682373 11.999966
vertex -395.329346 98.329346 11.999967
vertex -264.250732 100.721527 11.999967
endloop
endfacet
facet normal 0.000000 0.000000 1.000000
outer loop
vertex -264.250732 100.721527 11.999967
vertex -265.152344 178.347778 11.999961
vertex -396.531616 175.656555 11.999961
endloop
endfacet
facet normal 0.000000 0.000000 1.000000
outer loop
vertex -264.250732 100.721527 11.999967
vertex -396.531616 175.656555 11.999961
vertex -395.552002 112.682373 11.999966
endloop
endfacet
facet normal 0.018247 -0.999834 0.000000
outer loop
vertex -264.250732 100.721527 -0.000033
vertex -264.250732 100.721527 11.999967
vertex -395.329346 98.329346 11.999967
endloop
endfacet
facet normal 0.018247 -0.999834 0.000000
outer loop
vertex -264.250732 100.721527 -0.000033
vertex -395.329346 98.329346 11.999967
vertex -395.329346 98.329346 -0.000033
endloop
endfacet
facet normal 0.999932 0.011614 0.000000
outer loop
vertex -265.152344 178.347778 -0.000039
vertex -265.152344 178.347778 11.999961
vertex -264.250732 100.721527 11.999967
endloop
endfacet
facet normal 0.999932 0.011613 0.000000
outer loop
vertex -265.152344 178.347778 -0.000039
vertex -264.250732 100.721527 11.999967
vertex -264.250732 100.721527 -0.000033
endloop
endfacet
facet normal -0.020480 0.999790 0.000000
outer loop
vertex -396.531616 175.656555 -0.000039
vertex -396.531616 175.656555 11.999961
vertex -265.152344 178.347778 11.999961
endloop
endfacet
facet normal -0.020480 0.999790 0.000000
outer loop
vertex -396.531616 175.656555 -0.000039
vertex -265.152344 178.347778 11.999961
vertex -265.152344 178.347778 -0.000039
endloop
endfacet
facet normal -0.999879 -0.015554 0.000000
outer loop
vertex -395.552002 112.682373 -0.000034
vertex -395.552002 112.682373 11.999966
vertex -396.531616 175.656555 11.999961
endloop
endfacet
facet normal -0.999879 -0.015553 0.000000
outer loop
vertex -395.552002 112.682373 -0.000034
vertex -396.531616 175.656555 11.999961
vertex -396.531616 175.656555 -0.000039
endloop
endfacet
facet normal -0.999880 -0.015510 0.000000
outer loop
vertex -395.329346 98.329346 -0.000033
vertex -395.329346 98.329346 11.999967
vertex -395.552002 112.682373 11.999966
endloop
endfacet
facet normal -0.999880 -0.015511 0.000000
outer loop
vertex -395.329346 98.329346 -0.000033
vertex -395.552002 112.682373 11.999966
vertex -395.552002 112.682373 -0.000034
endloop
endfacet
facet normal 0.000000 0.000000 1.000000
outer loop
vertex -273.690552 -51.150177 35.999977
vertex -260.087280 -50.955811 35.999977
vertex -260.655029 -12.726471 35.999977
endloop
endfacet
facet normal 0.000000 0.000000 1.000000
outer loop
vertex -260.655029 -12.726471 35.999977
vertex -323.060791 -13.653442 35.999977
vertex -322.493042 -51.867828 35.999977
endloop
endfacet
facet normal 0.000000 0.000000 1.000000
outer loop
vertex -260.655029 -12.726471 35.999977
vertex -322.493042 -51.867828 35.999977
vertex -273.690552 -51.150177 35.999977
endloop
endfacet
facet normal 0.999890 0.014850 0.000000
outer loop
vertex -260.655029 -12.726471 -0.000025
vertex -260.655029 -12.726471 35.999977
vertex -260.087280 -50.955811 35.999977
endloop
endfacet
facet normal 0.999890 0.014848 0.000000
outer loop
vertex -260.655029 -12.726471 -0.000025
vertex -260.087280 -50.955811 35.999977
vertex -260.087280 -50.955811 -0.000022
endloop
endfacet
facet normal -0.014852 0.999890 0.000000
outer loop
vertex -323.060791 -13.653442 -0.000025
vertex -323.060791 -13.653442 35.999977
vertex -260.655029 -12.726471 35.999977
endloop
endfacet
facet normal -0.014852 0.999890 0.000000
outer loop
vertex -323.060791 -13.653442 -0.000025
vertex -260.655029 -12.726471 35.999977
vertex -260.655029 -12.726471 -0.000025
endloop
endfacet
facet normal -0.999890 -0.014854 0.000000
outer loop
vertex -322.493042 -51.867828 -0.000022
vertex -322.493042 -51.867828 35.999977
vertex -323.060791 -13.653442 35.999977
endloop
endfacet
facet normal -0.999890 -0.014856 0.000000
outer loop
vertex -322.493042 -51.867828 -0.000022
vertex -323.060791 -13.653442 35.999977
vertex -323.060791 -13.653442 -0.000025
endloop
endfacet
facet normal 0.014704 -0.999892 0.000000
outer loop
vertex -273.690552 -51.150177 -0.000022
vertex -273.690552 -51.150177 35.999977
vertex -322.493042 -51.867828 35.999977
endloop
endfacet
facet normal 0.014704 -0.999892 0.000000
outer loop
vertex -273.690552 -51.150177 -0.000022
vertex -322.493042 -51.867828 35.999977
vertex -322.493042 -51.867828 -0.000022
endloop
endfacet
facet normal 0.014287 -0.999898 0.000000
outer loop
vertex -260.087280 -50.955811 -0.000022
vertex -260.087280 -50.955811 35.999977
vertex -273.690552 -51.150177 35.999977
endloop
endfacet
facet normal 0.014287 -0.999898 0.000000
outer loop
vertex -260.087280 -50.955811 -0.000022
vertex -273.690552 -51.150177 35.999977
vertex -273.690552 -51.150177 -0.000022
endloop
endfacet
facet normal 0.000000 0.000000 1.000000
outer loop
vertex -331.732544 -13.040436 35.999977
vertex -394.026978 -14.042145 35.999977
vertex -393.270020 -53.901123 35.999977
endloop
endfacet
facet normal 0.000000 0.000000 1.000000
outer loop
vertex -331.732544 -13.040436 35.999977
vertex -393.270020 -53.901123 35.999977
vertex -330.842041 -53.048950 35.999977
endloop
endfacet
facet normal -0.016078 0.999871 0.000000
outer loop
vertex -394.026978 -14.042145 -0.000024
vertex -394.026978 -14.042145 35.999977
vertex -331.732544 -13.040436 35.999977
endloop
endfacet
facet normal -0.016078 0.999871 0.000000
outer loop
vertex -394.026978 -14.042145 -0.000024
vertex -331.732544 -13.040436 35.999977
vertex -331.732544 -13.040436 -0.000025
endloop
endfacet
facet normal -0.999820 -0.018987 0.000000
outer loop
vertex -393.270020 -53.901123 -0.000021
vertex -393.270020 -53.901123 35.999977
vertex -394.026978 -14.042145 35.999977
endloop
endfacet
facet normal -0.999820 -0.018986 0.000000
outer loop
vertex -393.270020 -53.901123 -0.000021
vertex -394.026978 -14.042145 35.999977
vertex -394.026978 -14.042145 -0.000024
endloop
endfacet
facet normal 0.013649 -0.999907 0.000000
outer loop
vertex -330.842041 -53.048950 -0.000022
vertex -330.842041 -53.048950 35.999977
vertex -393.270020 -53.901123 35.999977
endloop
endfacet
facet normal 0.013649 -0.999907 0.000000
outer loop
vertex -330.842041 -53.048950 -0.000022
vertex -393.270020 -53.901123 35.999977
vertex -393.270020 -53.901123 -0.000021
endloop
endfacet
facet normal 0.999752 0.022253 0.000000
outer loop
vertex -331.732544 -13.040436 -0.000025
vertex -331.732544 -13.040436 35.999977
vertex -330.842041 -53.048950 35.999977
endloop
endfacet
facet normal 0.999752 0.022253 0.000000
outer loop
vertex -331.732544 -13.040436 -0.000025
vertex -330.842041 -53.048950 35.999977
vertex -330.842041 -53.048950 -0.000022
endloop
endfacet
facet normal -0.000000 0.000000 1.000000
outer loop
vertex -302.956421 -245.434204 150.000000
vertex -303.546509 -200.657272 149.999985
vertex -382.394043 -201.853317 149.999985
endloop
endfacet
facet normal 0.000000 0.000000 1.000000
outer loop
vertex -381.948730 -212.707443 149.999985
vertex -392.023193 -212.871902 149.999985
vertex -391.154907 -246.944199 150.000000
endloop
endfacet
facet normal 0.000000 -0.000000 1.000000
outer loop
vertex -302.956421 -245.434204 150.000000
vertex -382.394043 -201.853317 149.999985
vertex -381.948730 -212.707443 149.999985
endloop
endfacet
facet normal -0.000000 0.000000 1.000000
outer loop
vertex -381.948730 -212.707443 149.999985
vertex -391.154907 -246.944199 150.000000
vertex -302.956421 -245.434204 150.000000
endloop
endfacet
facet normal -0.015167 0.999885 -0.000000
outer loop
vertex -382.394043 -201.853333 -0.000010
vertex -382.394043 -201.853317 149.999985
vertex -303.546509 -200.657272 149.999985
endloop
endfacet
facet normal -0.015167 0.999885 0.000000
outer loop
vertex -382.394043 -201.853333 -0.000010
vertex -303.546509 -200.657272 149.999985
vertex -303.546509 -200.657288 -0.000010
endloop
endfacet
facet normal -0.999160 -0.040993 0.000000
outer loop
vertex -381.948730 -212.707458 -0.000009
vertex -381.948730 -212.707443 149.999985
vertex -382.394043 -201.853317 149.999985
endloop
endfacet
facet normal -0.999159 -0.040993 0.000000
outer loop
vertex -381.948730 -212.707458 -0.000009
vertex -382.394043 -201.853317 149.999985
vertex -382.394043 -201.853333 -0.000010
endloop
endfacet
facet normal -0.016322 0.999867 0.000000
outer loop
vertex -392.023193 -212.871918 -0.000009
vertex -392.023193 -212.871902 149.999985
vertex -381.948730 -212.707443 149.999985
endloop
endfacet
facet normal -0.016322 0.999867 0.000000
outer loop
vertex -392.023193 -212.871918 -0.000009
vertex -381.948730 -212.707443 149.999985
vertex -381.948730 -212.707458 -0.000009
endloop
endfacet
facet normal -0.999675 -0.025476 0.000000
outer loop
vertex -391.154907 -246.944214 -0.000007
vertex -391.154907 -246.944199 150.000000
vertex -392.023193 -212.871902 149.999985
endloop
endfacet
facet normal -0.999675 -0.025478 0.000000
outer loop
vertex -391.154907 -246.944214 -0.000007
vertex -392.023193 -212.871902 149.999985
vertex -392.023193 -212.871918 -0.000009
endloop
endfacet
facet normal 0.017118 -0.999853 0.000000
outer loop
vertex -302.956421 -245.434204 -0.000007
vertex -302.956421 -245.434204 150.000000
vertex -391.154907 -246.944199 150.000000
endloop
endfacet
facet normal 0.017118 -0.999853 0.000000
outer loop
vertex -302.956421 -245.434204 -0.000007
vertex -391.154907 -246.944199 150.000000
vertex -391.154907 -246.944214 -0.000007
endloop
endfacet
facet normal 0.999913 0.013178 0.000000
outer loop
vertex -303.546509 -200.657288 -0.000010
vertex -303.546509 -200.657272 149.999985
vertex -302.956421 -245.434204 150.000000
endloop
endfacet
facet normal 0.999913 0.013178 0.000000
outer loop
vertex -303.546509 -200.657288 -0.000010
vertex -302.956421 -245.434204 150.000000
vertex -302.956421 -245.434204 -0.000007
endloop
endfacet
facet normal 0.000000 0.000000 1.000000
outer loop
vertex -386.557373 -176.018677 41.999989
vertex -328.337280 -174.673111 41.999989
vertex -329.784424 -92.773193 41.999981
endloop
endfacet
facet normal 0.000000 0.000000 1.000000
outer loop
vertex -329.784424 -92.773193 41.999981
vertex -329.828979 -90.321274 41.999981
vertex -347.584473 -90.620285 41.999981
endloop
endfacet
facet normal 0.000000 0.000000 1.000000
outer loop
vertex -347.584473 -90.620285 41.999981
vertex -392.679932 -91.218307 41.999981
vertex -391.032471 -171.383972 41.999989
endloop
endfacet
facet normal 0.000000 0.000000 1.000000
outer loop
vertex -391.032471 -171.383972 41.999989
vertex -390.442505 -173.776077 41.999989
vertex -388.794922 -175.420654 41.999989
endloop
endfacet
facet normal 0.000000 0.000000 1.000000
outer loop
vertex -388.794922 -175.420654 41.999989
vertex -386.557373 -176.018677 41.999989
vertex -329.784424 -92.773193 41.999981
endloop
endfacet
facet normal 0.000000 0.000000 1.000000
outer loop
vertex -329.784424 -92.773193 41.999981
vertex -347.584473 -90.620285 41.999981
vertex -391.032471 -171.383972 41.999989
endloop
endfacet
facet normal 0.000000 0.000000 1.000000
outer loop
vertex -329.784424 -92.773193 41.999981
vertex -391.032471 -171.383972 41.999989
vertex -388.794922 -175.420654 41.999989
endloop
endfacet
facet normal 0.999844 0.017666 0.000000
outer loop
vertex -329.784424 -92.773193 -0.000019
vertex -329.784424 -92.773193 41.999981
vertex -328.337280 -174.673111 41.999989
endloop
endfacet
facet normal 0.999844 0.017667 0.000000
outer loop
vertex -329.784424 -92.773193 -0.000019
vertex -328.337280 -174.673111 41.999989
vertex -328.337280 -174.673111 -0.000012
endloop
endfacet
facet normal 0.999835 0.018166 0.000000
outer loop
vertex -329.828979 -90.321274 -0.000019
vertex -329.828979 -90.321274 41.999981
vertex -329.784424 -92.773193 41.999981
endloop
endfacet
facet normal 0.999835 0.018185 0.000000
outer loop
vertex -329.828979 -90.321274 -0.000019
vertex -329.784424 -92.773193 41.999981
vertex -329.784424 -92.773193 -0.000019
endloop
endfacet
facet normal -0.016838 0.999858 0.000000
outer loop
vertex -347.584473 -90.620285 -0.000019
vertex -347.584473 -90.620285 41.999981
vertex -329.828979 -90.321274 41.999981
endloop
endfacet
facet normal -0.016838 0.999858 0.000000
outer loop
vertex -347.584473 -90.620285 -0.000019
vertex -329.828979 -90.321274 41.999981
vertex -329.828979 -90.321274 -0.000019
endloop
endfacet
facet normal -0.013260 0.999912 0.000000
outer loop
vertex -392.679932 -91.218307 -0.000019
vertex -392.679932 -91.218307 41.999981
vertex -347.584473 -90.620285 41.999981
endloop
endfacet
facet normal -0.013260 0.999912 0.000000
outer loop
vertex -392.679932 -91.218307 -0.000019
vertex -347.584473 -90.620285 41.999981
vertex -347.584473 -90.620285 -0.000019
endloop
endfacet
facet normal -0.999789 -0.020546 0.000000
outer loop
vertex -391.032471 -171.383972 -0.000013
vertex -391.032471 -171.383972 41.999989
vertex -392.679932 -91.218307 41.999981
endloop
endfacet
facet normal -0.999789 -0.020547 0.000000
outer loop
vertex -391.032471 -171.383972 -0.000013
vertex -392.679932 -91.218307 41.999981
vertex -392.679932 -91.218307 -0.000019
endloop
endfacet
facet normal -0.970910 -0.239444 0.000000
outer loop
vertex -390.442505 -173.776077 -0.000012
vertex -390.442505 -173.776077 41.999989
vertex -391.032471 -171.383972 41.999989
endloop
endfacet
facet normal -0.970910 -0.239444 0.000000
outer loop
vertex -390.442505 -173.776077 -0.000012
vertex -391.032471 -171.383972 41.999989
vertex -391.032471 -171.383972 -0.000013
endloop
endfacet
facet normal -0.706457 -0.707756 0.000000
outer loop
vertex -388.794922 -175.420654 -0.000012
vertex -388.794922 -175.420654 41.999989
vertex -390.442505 -173.776077 41.999989
endloop
endfacet
facet normal -0.706457 -0.707756 0.000000
outer loop
vertex -388.794922 -175.420654 -0.000012
vertex -390.442505 -173.776077 41.999989
vertex -390.442505 -173.776077 -0.000012
endloop
endfacet
facet normal -0.258205 -0.966090 0.000000
outer loop
vertex -386.557373 -176.018677 -0.000012
vertex -386.557373 -176.018677 41.999989
vertex -388.794922 -175.420654 41.999989
endloop
endfacet
facet normal -0.258205 -0.966090 0.000000
outer loop
vertex -386.557373 -176.018677 -0.000012
vertex -388.794922 -175.420654 41.999989
vertex -388.794922 -175.420654 -0.000012
endloop
endfacet
facet normal 0.023106 -0.999733 0.000000
outer loop
vertex -328.337280 -174.673111 -0.000012
vertex -328.337280 -174.673111 41.999989
vertex -386.557373 -176.018677 41.999989
endloop
endfacet
facet normal 0.023106 -0.999733 0.000000
outer loop
vertex -328.337280 -174.673111 -0.000012
vertex -386.557373 -176.018677 41.999989
vertex -386.557373 -176.018677 -0.000012
endloop
endfacet
facet normal 0.000000 0.000000 1.000000
outer loop
vertex -393.125244 -65.547821 2.999979
vertex -392.679932 -91.218307 2.999981
vertex -347.584473 -90.620285 2.999981
endloop
endfacet
facet normal 0.000000 0.000000 1.000000
outer loop
vertex -393.125244 -65.547821 2.999979
vertex -347.584473 -90.620285 2.999981
vertex -348.185547 -64.800293 2.999979
endloop
endfacet
facet normal -0.999850 -0.017345 0.000000
outer loop
vertex -392.679932 -91.218307 -0.000019
vertex -392.679932 -91.218307 2.999981
vertex -393.125244 -65.547821 2.999979
endloop
endfacet
facet normal -0.999850 -0.017345 0.000000
outer loop
vertex -392.679932 -91.218307 -0.000019
vertex -393.125244 -65.547821 2.999979
vertex -393.125244 -65.547821 -0.000021
endloop
endfacet
facet normal 0.013260 -0.999912 0.000000
outer loop
vertex -347.584473 -90.620285 -0.000019
vertex -347.584473 -90.620285 2.999981
vertex -392.679932 -91.218307 2.999981
endloop
endfacet
facet normal 0.013260 -0.999912 0.000000
outer loop
vertex -347.584473 -90.620285 -0.000019
vertex -392.679932 -91.218307 2.999981
vertex -392.679932 -91.218307 -0.000019
endloop
endfacet
facet normal 0.999729 0.023274 0.000000
outer loop
vertex -348.185547 -64.800293 -0.000021
vertex -348.185547 -64.800293 2.999979
vertex -347.584473 -90.620285 2.999981
endloop
endfacet
facet normal 0.999729 0.023270 0.000000
outer loop
vertex -348.185547 -64.800293 -0.000021
vertex -347.584473 -90.620285 2.999981
vertex -347.584473 -90.620285 -0.000019
endloop
endfacet
facet normal -0.016632 0.999862 0.000000
outer loop
vertex -393.125244 -65.547821 -0.000021
vertex -393.125244 -65.547821 2.999979
vertex -348.185547 -64.800293 2.999979
endloop
endfacet
facet normal -0.016632 0.999862 0.000000
outer loop
vertex -393.125244 -65.547821 -0.000021
vertex -348.185547 -64.800293 2.999979
vertex -348.185547 -64.800293 -0.000021
endloop
endfacet
facet normal 0.000000 0.000000 1.000000
outer loop
vertex -321.023682 -136.160202 29.999985
vertex -271.753662 -135.113663 29.999985
vertex -272.644165 -102.715439 29.999983
endloop
endfacet
facet normal -0.000001 0.000000 1.000000
outer loop
vertex -272.644165 -102.715439 29.999983
vertex -270.106079 -102.565933 29.999983
vertex -270.261963 -94.208466 29.999981
endloop
endfacet
facet normal 0.000000 0.000000 1.000000
outer loop
vertex -270.261963 -94.208466 29.999981
vertex -262.202393 -93.909454 29.999981
vertex -262.347168 -85.551971 29.999981
endloop
endfacet
facet normal -0.000000 0.000000 1.000000
outer loop
vertex -272.944702 -85.701477 29.999981
vertex -273.690552 -51.150177 29.999979
vertex -322.493042 -51.867828 29.999979
endloop
endfacet
facet normal -0.000000 0.000000 1.000000
outer loop
vertex -270.261963 -94.208466 29.999981
vertex -262.347168 -85.551971 29.999981
vertex -272.944702 -85.701477 29.999981
endloop
endfacet
facet normal -0.000000 0.000000 1.000000
outer loop
vertex -321.023682 -136.160202 29.999985
vertex -272.644165 -102.715439 29.999983
vertex -270.261963 -94.208466 29.999981
endloop
endfacet
facet normal 0.000000 0.000000 1.000000
outer loop
vertex -272.944702 -85.701477 29.999981
vertex -322.493042 -51.867828 29.999979
vertex -321.780640 -92.683487 29.999981
endloop
endfacet
facet normal -0.000000 0.000000 1.000000
outer loop
vertex -321.780640 -92.683487 29.999981
vertex -321.023682 -136.160202 29.999985
vertex -270.261963 -94.208466 29.999981
endloop
endfacet
facet normal 0.000000 0.000000 1.000000
outer loop
vertex -270.261963 -94.208466 29.999981
vertex -272.944702 -85.701477 29.999981
vertex -321.780640 -92.683487 29.999981
endloop
endfacet
facet normal 0.999622 0.027477 0.000000
outer loop
vertex -272.644165 -102.715439 -0.000018
vertex -272.644165 -102.715439 29.999983
vertex -271.753662 -135.113663 29.999985
endloop
endfacet
facet normal 0.999623 0.027475 0.000000
outer loop
vertex -272.644165 -102.715439 -0.000018
vertex -271.753662 -135.113663 29.999985
vertex -271.753662 -135.113663 -0.000015
endloop
endfacet
facet normal 0.058803 -0.998269 0.000000
outer loop
vertex -270.106079 -102.565933 -0.000018
vertex -270.106079 -102.565933 29.999983
vertex -272.644165 -102.715439 29.999983
endloop
endfacet
facet normal 0.058803 -0.998269 0.000000
outer loop
vertex -270.106079 -102.565933 -0.000018
vertex -272.644165 -102.715439 29.999983
vertex -272.644165 -102.715439 -0.000018
endloop
endfacet
facet normal 0.999826 0.018650 0.000000
outer loop
vertex -270.261963 -94.208466 -0.000018
vertex -270.261963 -94.208466 29.999981
vertex -270.106079 -102.565933 29.999983
endloop
endfacet
facet normal 0.999826 0.018646 0.000000
outer loop
vertex -270.261963 -94.208466 -0.000018
vertex -270.106079 -102.565933 29.999983
vertex -270.106079 -102.565933 -0.000018
endloop
endfacet
facet normal 0.037075 -0.999312 0.000000
outer loop
vertex -262.202393 -93.909454 -0.000018
vertex -262.202393 -93.909454 29.999981
vertex -270.261963 -94.208466 29.999981
endloop
endfacet
facet normal 0.037075 -0.999312 0.000000
outer loop
vertex -262.202393 -93.909454 -0.000018
vertex -270.261963 -94.208466 29.999981
vertex -270.261963 -94.208466 -0.000018
endloop
endfacet
facet normal 0.999850 0.017322 0.000000
outer loop
vertex -262.347168 -85.551971 -0.000019
vertex -262.347168 -85.551971 29.999981
vertex -262.202393 -93.909454 29.999981
endloop
endfacet
facet normal 0.999850 0.017318 0.000000
outer loop
vertex -262.347168 -85.551971 -0.000019
vertex -262.202393 -93.909454 29.999981
vertex -262.202393 -93.909454 -0.000018
endloop
endfacet
facet normal -0.014106 0.999900 0.000000
outer loop
vertex -272.944702 -85.701477 -0.000019
vertex -272.944702 -85.701477 29.999981
vertex -262.347168 -85.551971 29.999981
endloop
endfacet
facet normal -0.014106 0.999900 0.000000
outer loop
vertex -272.944702 -85.701477 -0.000019
vertex -262.347168 -85.551971 29.999981
vertex -262.347168 -85.551971 -0.000019
endloop
endfacet
facet normal 0.999767 0.021580 0.000000
outer loop
vertex -273.690552 -51.150177 -0.000022
vertex -273.690552 -51.150177 29.999979
vertex -272.944702 -85.701477 29.999981
endloop
endfacet
facet normal 0.999767 0.021583 0.000000
outer loop
vertex -273.690552 -51.150177 -0.000022
vertex -272.944702 -85.701477 29.999981
vertex -272.944702 -85.701477 -0.000019
endloop
endfacet
facet normal -0.014704 0.999892 0.000000
outer loop
vertex -322.493042 -51.867828 -0.000022
vertex -322.493042 -51.867828 29.999979
vertex -273.690552 -51.150177 29.999979
endloop
endfacet
facet normal -0.014704 0.999892 0.000000
outer loop
vertex -322.493042 -51.867828 -0.000022
vertex -273.690552 -51.150177 29.999979
vertex -273.690552 -51.150177 -0.000022
endloop
endfacet
facet normal -0.999848 -0.017452 0.000000
outer loop
vertex -321.780640 -92.683487 -0.000019
vertex -321.780640 -92.683487 29.999981
vertex -322.493042 -51.867828 29.999979
endloop
endfacet
facet normal -0.999848 -0.017452 0.000000
outer loop
vertex -321.780640 -92.683487 -0.000019
vertex -322.493042 -51.867828 29.999979
vertex -322.493042 -51.867828 -0.000022
endloop
endfacet
facet normal -0.999848 -0.017407 0.000000
outer loop
vertex -321.023682 -136.160202 -0.000015
vertex -321.023682 -136.160202 29.999985
vertex -321.780640 -92.683487 29.999981
endloop
endfacet
facet normal -0.999848 -0.017408 0.000000
outer loop
vertex -321.023682 -136.160202 -0.000015
vertex -321.780640 -92.683487 29.999981
vertex -321.780640 -92.683487 -0.000019
endloop
endfacet
facet normal 0.021236 -0.999775 0.000000
outer loop
vertex -271.753662 -135.113663 -0.000015
vertex -271.753662 -135.113663 29.999985
vertex -321.023682 -136.160202 29.999985
endloop
endfacet
facet normal 0.021236 -0.999775 0.000000
outer loop
vertex -271.753662 -135.113663 -0.000015
vertex -321.023682 -136.160202 29.999985
vertex -321.023682 -136.160202 -0.000015
endloop
endfacet
facet normal 0.000000 0.000000 1.000000
outer loop
vertex -296.388672 -174.523605 61.999989
vertex -256.970337 -173.925583 61.999989
vertex -257.716187 -139.135391 61.999985
endloop
endfacet
facet normal 0.000000 0.000000 1.000000
outer loop
vertex -257.716187 -139.135391 61.999985
vertex -291.011841 -139.434402 61.999985
vertex -290.566650 -154.519638 61.999985
endloop
endfacet
facet normal 0.000000 0.000000 1.000000
outer loop
vertex -290.566650 -154.519638 61.999985
vertex -296.833862 -154.669144 61.999985
vertex -296.388672 -174.523605 61.999989
endloop
endfacet
facet normal -0.000001 0.000000 1.000000
outer loop
vertex -257.716187 -139.135391 61.999985
vertex -290.566650 -154.519638 61.999985
vertex -296.388672 -174.523605 61.999989
endloop
endfacet
facet normal 0.999770 0.021433 0.000000
outer loop
vertex -257.716187 -139.135391 -0.000015
vertex -257.716187 -139.135391 61.999985
vertex -256.970337 -173.925583 61.999989
endloop
endfacet
facet normal 0.999770 0.021433 0.000000
outer loop
vertex -257.716187 -139.135391 -0.000015
vertex -256.970337 -173.925583 61.999989
vertex -256.970337 -173.925583 -0.000012
endloop
endfacet
facet normal -0.008980 0.999960 0.000000
outer loop
vertex -291.011841 -139.434402 -0.000015
vertex -291.011841 -139.434402 61.999985
vertex -257.716187 -139.135391 61.999985
endloop
endfacet
facet normal -0.008980 0.999960 0.000000
outer loop
vertex -291.011841 -139.434402 -0.000015
vertex -257.716187 -139.135391 61.999985
vertex -257.716187 -139.135391 -0.000015
endloop
endfacet
facet normal -0.999565 -0.029499 0.000000
outer loop
vertex -290.566650 -154.519638 -0.000014
vertex -290.566650 -154.519638 61.999985
vertex -291.011841 -139.434402 61.999985
endloop
endfacet
facet normal -0.999565 -0.029499 0.000000
outer loop
vertex -290.566650 -154.519638 -0.000014
vertex -291.011841 -139.434402 61.999985
vertex -291.011841 -139.434402 -0.000015
endloop
endfacet
facet normal -0.023848 0.999716 0.000000
outer loop
vertex -296.833862 -154.669144 -0.000014
vertex -296.833862 -154.669144 61.999985
vertex -290.566650 -154.519638 61.999985
endloop
endfacet
facet normal -0.023848 0.999716 0.000000
outer loop
vertex -296.833862 -154.669144 -0.000014
vertex -290.566650 -154.519638 61.999985
vertex -290.566650 -154.519638 -0.000014
endloop
endfacet
facet normal -0.999749 -0.022416 0.000000
outer loop
vertex -296.388672 -174.523605 -0.000012
vertex -296.388672 -174.523605 61.999989
vertex -296.833862 -154.669144 61.999985
endloop
endfacet
facet normal -0.999749 -0.022420 0.000000
outer loop
vertex -296.388672 -174.523605 -0.000012
vertex -296.833862 -154.669144 61.999985
vertex -296.833862 -154.669144 -0.000014
endloop
endfacet
facet normal 0.015169 -0.999885 0.000000
outer loop
vertex -256.970337 -173.925583 -0.000012
vertex -256.970337 -173.925583 61.999989
vertex -296.388672 -174.523605 61.999989
endloop
endfacet
facet normal 0.015169 -0.999885 0.000000
outer loop
vertex -256.970337 -173.925583 -0.000012
vertex -296.388672 -174.523605 61.999989
vertex -296.388672 -174.523605 -0.000012
endloop
endfacet
facet normal 0.000000 0.000000 1.000000
outer loop
vertex -297.134521 -142.125534 29.999985
vertex -320.723022 -142.424545 29.999985
vertex -319.977173 -174.972122 29.999989
endloop
endfacet
facet normal 0.000000 0.000000 1.000000
outer loop
vertex -319.977173 -174.972122 29.999989
vertex -296.388672 -174.523605 29.999989
vertex -296.833862 -154.669144 29.999987
endloop
endfacet
facet normal 0.000000 0.000000 1.000000
outer loop
vertex -319.977173 -174.972122 29.999989
vertex -296.833862 -154.669144 29.999987
vertex -297.134521 -142.125534 29.999985
endloop
endfacet
facet normal -0.999738 -0.022910 0.000000
outer loop
vertex -319.977173 -174.972122 -0.000012
vertex -319.977173 -174.972122 29.999989
vertex -320.723022 -142.424545 29.999985
endloop
endfacet
facet normal -0.999738 -0.022909 0.000000
outer loop
vertex -319.977173 -174.972122 -0.000012
vertex -320.723022 -142.424545 29.999985
vertex -320.723022 -142.424545 -0.000015
endloop
endfacet
facet normal 0.019011 -0.999819 0.000000
outer loop
vertex -296.388672 -174.523605 -0.000012
vertex -296.388672 -174.523605 29.999989
vertex -319.977173 -174.972122 29.999989
endloop
endfacet
facet normal 0.019011 -0.999819 0.000000
outer loop
vertex -296.388672 -174.523605 -0.000012
vertex -319.977173 -174.972122 29.999989
vertex -319.977173 -174.972122 -0.000012
endloop
endfacet
facet normal 0.999749 0.022415 0.000000
outer loop
vertex -296.833862 -154.669144 -0.000014
vertex -296.833862 -154.669144 29.999987
vertex -296.388672 -174.523605 29.999989
endloop
endfacet
facet normal 0.999749 0.022417 0.000000
outer loop
vertex -296.833862 -154.669144 -0.000014
vertex -296.388672 -174.523605 29.999989
vertex -296.388672 -174.523605 -0.000012
endloop
endfacet
facet normal 0.999713 0.023959 0.000000
outer loop
vertex -297.134521 -142.125534 -0.000015
vertex -297.134521 -142.125534 29.999985
vertex -296.833862 -154.669144 29.999987
endloop
endfacet
facet normal 0.999713 0.023967 0.000000
outer loop
vertex -297.134521 -142.125534 -0.000015
vertex -296.833862 -154.669144 29.999987
vertex -296.833862 -154.669144 -0.000014
endloop
endfacet
facet normal -0.012675 0.999920 0.000000
outer loop
vertex -320.723022 -142.424545 -0.000015
vertex -320.723022 -142.424545 29.999985
vertex -297.134521 -142.125534 29.999985
endloop
endfacet
facet normal -0.012675 0.999920 0.000000
outer loop
vertex -320.723022 -142.424545 -0.000015
vertex -297.134521 -142.125534 29.999985
vertex -297.134521 -142.125534 -0.000015
endloop
endfacet
facet normal -0.000000 0.000000 1.000000
outer loop
vertex -259.809082 -202.137390 2.999990
vertex -298.025024 -202.884918 2.999990
vertex -297.880249 -210.793777 2.999990
endloop
endfacet
facet normal -0.000000 0.000000 1.000000
outer loop
vertex -297.880249 -210.793777 2.999990
vertex -257.126221 -210.061203 2.999990
vertex -257.270996 -204.977997 2.999990
endloop
endfacet
facet normal -0.000000 0.000000 1.000000
outer loop
vertex -257.270996 -204.977997 2.999990
vertex -257.872070 -203.482941 2.999990
vertex -259.809082 -202.137390 2.999990
endloop
endfacet
facet normal 0.000000 0.000000 1.000000
outer loop
vertex -297.880249 -210.793777 2.999990
vertex -257.270996 -204.977997 2.999990
vertex -259.809082 -202.137390 2.999990
endloop
endfacet
facet normal -0.999833 -0.018302 0.000000
outer loop
vertex -297.880249 -210.793777 -0.000010
vertex -297.880249 -210.793777 2.999990
vertex -298.025024 -202.884918 2.999990
endloop
endfacet
facet normal -0.999833 -0.018302 0.000000
outer loop
vertex -297.880249 -210.793777 -0.000010
vertex -298.025024 -202.884918 2.999990
vertex -298.025024 -202.884918 -0.000010
endloop
endfacet
facet normal 0.017973 -0.999838 0.000000
outer loop
vertex -257.126221 -210.061203 -0.000010
vertex -257.126221 -210.061203 2.999990
vertex -297.880249 -210.793777 2.999990
endloop
endfacet
facet normal 0.017973 -0.999838 0.000000
outer loop
vertex -257.126221 -210.061203 -0.000010
vertex -297.880249 -210.793777 2.999990
vertex -297.880249 -210.793777 -0.000010
endloop
endfacet
facet normal 0.999595 0.028470 0.000000
outer loop
vertex -257.270996 -204.977997 -0.000010
vertex -257.270996 -204.977997 2.999990
vertex -257.126221 -210.061203 2.999990
endloop
endfacet
facet normal 0.999595 0.028470 0.000000
outer loop
vertex -257.270996 -204.977997 -0.000010
vertex -257.126221 -210.061203 2.999990
vertex -257.126221 -210.061203 -0.000010
endloop
endfacet
facet normal 0.927822 0.373023 0.000000
outer loop
vertex -257.872070 -203.482941 -0.000010
vertex -257.872070 -203.482941 2.999990
vertex -257.270996 -204.977997 2.999990
endloop
endfacet
facet normal 0.927822 0.373023 0.000000
outer loop
vertex -257.872070 -203.482941 -0.000010
vertex -257.270996 -204.977997 2.999990
vertex -257.270996 -204.977997 -0.000010
endloop
endfacet
facet normal 0.570511 0.821290 0.000000
outer loop
vertex -259.809082 -202.137390 -0.000010
vertex -259.809082 -202.137390 2.999990
vertex -257.872070 -203.482941 2.999990
endloop
endfacet
facet normal 0.570511 0.821290 0.000000
outer loop
vertex -259.809082 -202.137390 -0.000010
vertex -257.872070 -203.482941 2.999990
vertex -257.872070 -203.482941 -0.000010
endloop
endfacet
facet normal -0.019557 0.999809 0.000000
outer loop
vertex -298.025024 -202.884918 -0.000010
vertex -298.025024 -202.884918 2.999990
vertex -259.809082 -202.137390 2.999990
endloop
endfacet
facet normal -0.019557 0.999809 0.000000
outer loop
vertex -298.025024 -202.884918 -0.000010
vertex -259.809082 -202.137390 2.999990
vertex -259.809082 -202.137390 -0.000010
endloop
endfacet
facet normal -0.000000 0.000000 1.000000
outer loop
vertex -256.825684 -227.074951 17.999992
vertex -257.126221 -210.061203 17.999990
vertex -297.880249 -210.793777 17.999990
endloop
endfacet
facet normal 0.000000 0.000000 1.000000
outer loop
vertex -256.825684 -227.074951 17.999992
vertex -297.880249 -210.793777 17.999990
vertex -297.635376 -227.971985 17.999992
endloop
endfacet
facet normal 0.999844 0.017660 0.000000
outer loop
vertex -257.126221 -210.061203 -0.000010
vertex -257.126221 -210.061203 17.999990
vertex -256.825684 -227.074951 17.999992
endloop
endfacet
facet normal 0.999844 0.017663 0.000000
outer loop
vertex -257.126221 -210.061203 -0.000010
vertex -256.825684 -227.074951 17.999992
vertex -256.825684 -227.074951 -0.000008
endloop
endfacet
facet normal -0.017973 0.999839 0.000000
outer loop
vertex -297.880249 -210.793777 -0.000010
vertex -297.880249 -210.793777 17.999990
vertex -257.126221 -210.061203 17.999990
endloop
endfacet
facet normal -0.017973 0.999839 0.000000
outer loop
vertex -297.880249 -210.793777 -0.000010
vertex -257.126221 -210.061203 17.999990
vertex -257.126221 -210.061203 -0.000010
endloop
endfacet
facet normal -0.999898 -0.014256 0.000000
outer loop
vertex -297.635376 -227.971985 -0.000008
vertex -297.635376 -227.971985 17.999992
vertex -297.880249 -210.793777 17.999990
endloop
endfacet
facet normal -0.999898 -0.014255 0.000000
outer loop
vertex -297.635376 -227.971985 -0.000008
vertex -297.880249 -210.793777 17.999990
vertex -297.880249 -210.793777 -0.000010
endloop
endfacet
facet normal 0.021976 -0.999758 0.000000
outer loop
vertex -256.825684 -227.074951 -0.000008
vertex -256.825684 -227.074951 17.999992
vertex -297.635376 -227.971985 17.999992
endloop
endfacet
facet normal 0.021976 -0.999758 0.000000
outer loop
vertex -256.825684 -227.074951 -0.000008
vertex -297.635376 -227.971985 17.999992
vertex -297.635376 -227.971985 -0.000008
endloop
endfacet
facet normal 0.000000 0.000000 1.000000
outer loop
vertex -261.634644 -250.233307 29.999994
vertex -256.257935 -250.203415 29.999994
vertex -256.825684 -227.074951 29.999992
endloop
endfacet
facet normal 0.000000 0.000000 1.000000
outer loop
vertex -256.825684 -227.074951 29.999992
vertex -297.635376 -227.971985 29.999992
vertex -297.958252 -250.427673 29.999994
endloop
endfacet
facet normal 0.000000 0.000000 1.000000
outer loop
vertex -256.825684 -227.074951 29.999992
vertex -297.958252 -250.427673 29.999994
vertex -261.634644 -250.233307 29.999994
endloop
endfacet
facet normal 0.999699 0.024540 0.000000
outer loop
vertex -256.825684 -227.074951 -0.000008
vertex -256.825684 -227.074951 29.999992
vertex -256.257935 -250.203415 29.999994
endloop
endfacet
facet normal 0.999699 0.024538 0.000000
outer loop
vertex -256.825684 -227.074951 -0.000008
vertex -256.257935 -250.203415 29.999994
vertex -256.257935 -250.203415 -0.000007
endloop
endfacet
facet normal -0.021976 0.999758 0.000000
outer loop
vertex -297.635376 -227.971985 -0.000008
vertex -297.635376 -227.971985 29.999992
vertex -256.825684 -227.074951 29.999992
endloop
endfacet
facet normal -0.021976 0.999758 0.000000
outer loop
vertex -297.635376 -227.971985 -0.000008
vertex -256.825684 -227.074951 29.999992
vertex -256.825684 -227.074951 -0.000008
endloop
endfacet
facet normal -0.999897 0.014377 0.000000
outer loop
vertex -297.958252 -250.427673 -0.000007
vertex -297.958252 -250.427673 29.999994
vertex -297.635376 -227.971985 29.999992
endloop
endfacet
facet normal -0.999897 0.014376 0.000000
outer loop
vertex -297.958252 -250.427673 -0.000007
vertex -297.635376 -227.971985 29.999992
vertex -297.635376 -227.971985 -0.000008
endloop
endfacet
facet normal 0.005351 -0.999986 0.000000
outer loop
vertex -261.634644 -250.233307 -0.000007
vertex -261.634644 -250.233307 29.999994
vertex -297.958252 -250.427673 29.999994
endloop
endfacet
facet normal 0.005351 -0.999986 0.000000
outer loop
vertex -261.634644 -250.233307 -0.000007
vertex -297.958252 -250.427673 29.999994
vertex -297.958252 -250.427673 -0.000007
endloop
endfacet
facet normal 0.005559 -0.999985 0.000000
outer loop
vertex -256.257935 -250.203415 -0.000007
vertex -256.257935 -250.203415 29.999994
vertex -261.634644 -250.233307 29.999994
endloop
endfacet
facet normal 0.005559 -0.999985 0.000000
outer loop
vertex -256.257935 -250.203415 -0.000007
vertex -261.634644 -250.233307 29.999994
vertex -261.634644 -250.233307 -0.000007
endloop
endfacet
facet normal 0.000000 0.000000 1.000000
outer loop
vertex -223.151489 -265.153931 5.999994
vertex -222.706299 -289.044769 5.999996
vertex -181.651611 -288.297241 5.999996
endloop
endfacet
facet normal 0.000000 0.000000 1.000000
outer loop
vertex -223.151489 -265.153931 5.999994
vertex -181.651611 -288.297241 5.999996
vertex -182.096924 -264.555908 5.999994
endloop
endfacet
facet normal -0.999826 -0.018632 0.000000
outer loop
vertex -222.706299 -289.044769 -0.000004
vertex -222.706299 -289.044769 5.999996
vertex -223.151489 -265.153931 5.999994
endloop
endfacet
facet normal -0.999826 -0.018631 0.000000
outer loop
vertex -222.706299 -289.044769 -0.000004
vertex -223.151489 -265.153931 5.999994
vertex -223.151489 -265.153931 -0.000006
endloop
endfacet
facet normal 0.018205 -0.999834 0.000000
outer loop
vertex -181.651611 -288.297241 -0.000004
vertex -181.651611 -288.297241 5.999996
vertex -222.706299 -289.044769 5.999996
endloop
endfacet
facet normal 0.018205 -0.999834 0.000000
outer loop
vertex -181.651611 -288.297241 -0.000004
vertex -222.706299 -289.044769 5.999996
vertex -222.706299 -289.044769 -0.000004
endloop
endfacet
facet normal 0.999824 0.018753 0.000000
outer loop
vertex -182.096924 -264.555908 -0.000006
vertex -182.096924 -264.555908 5.999994
vertex -181.651611 -288.297241 5.999996
endloop
endfacet
facet normal 0.999824 0.018755 0.000000
outer loop
vertex -182.096924 -264.555908 -0.000006
vertex -181.651611 -288.297241 5.999996
vertex -181.651611 -288.297241 -0.000004
endloop
endfacet
facet normal -0.014565 0.999894 0.000000
outer loop
vertex -223.151489 -265.153931 -0.000006
vertex -223.151489 -265.153931 5.999994
vertex -182.096924 -264.555908 5.999994
endloop
endfacet
facet normal -0.014565 0.999894 0.000000
outer loop
vertex -223.151489 -265.153931 -0.000006
vertex -182.096924 -264.555908 5.999994
vertex -182.096924 -264.555908 -0.000006
endloop
endfacet
facet normal 0.000000 0.000000 1.000000
outer loop
vertex -224.131104 -201.688873 2.999990
vertex -223.530029 -242.743103 2.999993
vertex -182.475342 -242.294586 2.999993
endloop
endfacet
facet normal 0.000000 0.000000 1.000000
outer loop
vertex -224.131104 -201.688873 2.999990
vertex -182.475342 -242.294586 2.999993
vertex -183.221191 -200.941345 2.999990
endloop
endfacet
facet normal -0.999893 -0.014640 0.000000
outer loop
vertex -223.530029 -242.743103 -0.000007
vertex -223.530029 -242.743103 2.999993
vertex -224.131104 -201.688873 2.999990
endloop
endfacet
facet normal -0.999893 -0.014639 0.000000
outer loop
vertex -223.530029 -242.743103 -0.000007
vertex -224.131104 -201.688873 2.999990
vertex -224.131104 -201.688873 -0.000010
endloop
endfacet
facet normal 0.010924 -0.999940 0.000000
outer loop
vertex -182.475342 -242.294586 -0.000007
vertex -182.475342 -242.294586 2.999993
vertex -223.530029 -242.743103 2.999993
endloop
endfacet
facet normal 0.010924 -0.999940 0.000000
outer loop
vertex -182.475342 -242.294586 -0.000007
vertex -223.530029 -242.743103 2.999993
vertex -223.530029 -242.743103 -0.000007
endloop
endfacet
facet normal 0.999837 0.018033 0.000000
outer loop
vertex -183.221191 -200.941345 -0.000010
vertex -183.221191 -200.941345 2.999990
vertex -182.475342 -242.294586 2.999993
endloop
endfacet
facet normal 0.999837 0.018033 0.000000
outer loop
vertex -183.221191 -200.941345 -0.000010
vertex -182.475342 -242.294586 2.999993
vertex -182.475342 -242.294586 -0.000007
endloop
endfacet
facet normal -0.018269 0.999833 0.000000
outer loop
vertex -224.131104 -201.688873 -0.000010
vertex -224.131104 -201.688873 2.999990
vertex -183.221191 -200.941345 2.999990
endloop
endfacet
facet normal -0.018269 0.999833 0.000000
outer loop
vertex -224.131104 -201.688873 -0.000010
vertex -183.221191 -200.941345 2.999990
vertex -183.221191 -200.941345 -0.000010
endloop
endfacet
facet normal 0.000000 0.000000 1.000000
outer loop
vertex -221.437256 -334.718292 3.000000
vertex -180.382568 -334.120300 3.000000
vertex -181.651611 -288.297241 2.999996
endloop
endfacet
facet normal -0.000000 0.000000 1.000000
outer loop
vertex -221.437256 -334.718292 3.000000
vertex -181.651611 -288.297241 2.999996
vertex -222.706299 -289.044769 2.999996
endloop
endfacet
facet normal 0.014564 -0.999894 0.000000
outer loop
vertex -180.382568 -334.120300 0.000000
vertex -180.382568 -334.120300 3.000000
vertex -221.437256 -334.718292 3.000000
endloop
endfacet
facet normal 0.014564 -0.999894 0.000000
outer loop
vertex -180.382568 -334.120300 0.000000
vertex -221.437256 -334.718292 3.000000
vertex -221.437256 -334.718292 0.000000
endloop
endfacet
facet normal 0.999617 0.027684 0.000000
outer loop
vertex -181.651611 -288.297241 -0.000004
vertex -181.651611 -288.297241 2.999996
vertex -180.382568 -334.120300 3.000000
endloop
endfacet
facet normal 0.999617 0.027684 0.000000
outer loop
vertex -181.651611 -288.297241 -0.000004
vertex -180.382568 -334.120300 3.000000
vertex -180.382568 -334.120300 0.000000
endloop
endfacet
facet normal -0.018205 0.999834 0.000000
outer loop
vertex -222.706299 -289.044769 -0.000004
vertex -222.706299 -289.044769 2.999996
vertex -181.651611 -288.297241 2.999996
endloop
endfacet
facet normal -0.018205 0.999834 0.000000
outer loop
vertex -222.706299 -289.044769 -0.000004
vertex -181.651611 -288.297241 2.999996
vertex -181.651611 -288.297241 -0.000004
endloop
endfacet
facet normal -0.999614 -0.027774 0.000000
outer loop
vertex -221.437256 -334.718292 0.000000
vertex -221.437256 -334.718292 3.000000
vertex -222.706299 -289.044769 2.999996
endloop
endfacet
facet normal -0.999614 -0.027774 0.000000
outer loop
vertex -221.437256 -334.718292 0.000000
vertex -222.706299 -289.044769 2.999996
vertex -222.706299 -289.044769 -0.000004
endloop
endfacet
facet normal 0.000000 0.000000 1.000000
outer loop
vertex -215.615234 -347.994232 20.000000
vertex -180.382568 -347.306519 20.000000
vertex -180.382568 -334.120300 20.000000
endloop
endfacet
facet normal 0.000000 0.000000 1.000000
outer loop
vertex -180.382568 -334.120300 20.000000
vertex -221.437256 -334.718292 20.000000
vertex -221.292480 -344.720093 20.000000
endloop
endfacet
facet normal 0.000000 0.000000 1.000000
outer loop
vertex -217.708008 -344.570587 20.000000
vertex -217.708008 -346.947723 20.000000
vertex -215.615234 -346.947723 20.000000
endloop
endfacet
facet normal 0.000000 0.000000 1.000000
outer loop
vertex -180.382568 -334.120300 20.000000
vertex -221.292480 -344.720093 20.000000
vertex -217.708008 -344.570587 20.000000
endloop
endfacet
facet normal 0.000000 0.000000 1.000000
outer loop
vertex -215.615234 -346.947723 20.000000
vertex -215.615234 -347.994232 20.000000
vertex -180.382568 -334.120300 20.000000
endloop
endfacet
facet normal 0.000000 0.000000 1.000000
outer loop
vertex -180.382568 -334.120300 20.000000
vertex -217.708008 -344.570587 20.000000
vertex -215.615234 -346.947723 20.000000
endloop
endfacet
facet normal 1.000000 0.000000 0.000000
outer loop
vertex -180.382568 -334.120300 0.000000
vertex -180.382568 -334.120300 20.000000
vertex -180.382568 -347.306519 20.000000
endloop
endfacet
facet normal 1.000000 0.000000 0.000000
outer loop
vertex -180.382568 -334.120300 0.000000
vertex -180.382568 -347.306519 20.000000
vertex -180.382568 -347.306519 0.000001
endloop
endfacet
facet normal -0.014564 0.999894 0.000000
outer loop
vertex -221.437256 -334.718292 0.000000
vertex -221.437256 -334.718292 20.000000
vertex -180.382568 -334.120300 20.000000
endloop
endfacet
facet normal -0.014564 0.999894 0.000000
outer loop
vertex -221.437256 -334.718292 0.000000
vertex -180.382568 -334.120300 20.000000
vertex -180.382568 -334.120300 0.000000
endloop
endfacet
facet normal -0.999895 -0.014473 0.000000
outer loop
vertex -221.292480 -344.720093 0.000000
vertex -221.292480 -344.720093 20.000000
vertex -221.437256 -334.718292 20.000000
endloop
endfacet
facet normal -0.999895 -0.014473 0.000000
outer loop
vertex -221.292480 -344.720093 0.000000
vertex -221.437256 -334.718292 20.000000
vertex -221.437256 -334.718292 0.000000
endloop
endfacet
facet normal 0.041673 -0.999131 0.000003
outer loop
vertex -217.708008 -344.570618 0.000000
vertex -217.708008 -344.570587 20.000000
vertex -221.292480 -344.720093 20.000000
endloop
endfacet
facet normal 0.041665 -0.999132 0.000000
outer loop
vertex -217.708008 -344.570618 0.000000
vertex -221.292480 -344.720093 20.000000
vertex -221.292480 -344.720093 0.000000
endloop
endfacet
facet normal -1.000000 0.000000 0.000000
outer loop
vertex -217.708008 -346.947723 0.000001
vertex -217.708008 -346.947723 20.000000
vertex -217.708008 -344.570587 20.000000
endloop
endfacet
facet normal -1.000000 -0.000021 0.000000
outer loop
vertex -217.708008 -346.947723 0.000001
vertex -217.708008 -344.570587 20.000000
vertex -217.708008 -344.570618 0.000000
endloop
endfacet
facet normal 0.000000 -1.000000 0.000000
outer loop
vertex -215.615234 -346.947723 0.000001
vertex -215.615234 -346.947723 20.000000
vertex -217.708008 -346.947723 20.000000
endloop
endfacet
facet normal 0.000000 -1.000000 0.000000
outer loop
vertex -215.615234 -346.947723 0.000001
vertex -217.708008 -346.947723 20.000000
vertex -217.708008 -346.947723 0.000001
endloop
endfacet
facet normal -1.000000 0.000000 0.000000
outer loop
vertex -215.615234 -347.994232 0.000001
vertex -215.615234 -347.994232 20.000000
vertex -215.615234 -346.947723 20.000000
endloop
endfacet
facet normal -1.000000 0.000000 0.000000
outer loop
vertex -215.615234 -347.994232 0.000001
vertex -215.615234 -346.947723 20.000000
vertex -215.615234 -346.947723 0.000001
endloop
endfacet
facet normal 0.019515 -0.999810 0.000000
outer loop
vertex -180.382568 -347.306519 0.000001
vertex -180.382568 -347.306519 20.000000
vertex -215.615234 -347.994232 20.000000
endloop
endfacet
facet normal 0.019515 -0.999810 0.000000
outer loop
vertex -180.382568 -347.306519 0.000001
vertex -215.615234 -347.994232 20.000000
vertex -215.615234 -347.994232 0.000001
endloop
endfacet
facet normal -0.000000 0.000000 1.000000
outer loop
vertex 193.305786 -342.851318 24.000000
vertex 191.658325 -247.751526 23.999992
vertex 132.213623 -248.469147 23.999992
endloop
endfacet
facet normal -0.000034 0.000000 1.000000
outer loop
vertex 132.213623 -248.469147 23.999992
vertex 128.629150 -248.514008 23.999992
vertex 121.760742 -248.603714 23.999992
endloop
endfacet
facet normal 0.000000 0.000000 1.000000
outer loop
vertex 121.760742 -248.603714 23.999992
vertex 117.987061 -248.588760 23.999992
vertex 114.024048 -248.648560 23.999992
endloop
endfacet
facet normal -0.007030 0.000015 0.999975
outer loop
vertex 114.024048 -248.648560 23.999992
vertex 114.191040 -261.894714 23.999994
vertex 115.226318 -343.598816 24.000000
endloop
endfacet
facet normal 0.000000 0.000000 1.000000
outer loop
vertex 115.226318 -343.598816 24.000000
vertex 193.305786 -342.851318 24.000000
vertex 132.213623 -248.469147 23.999992
endloop
endfacet
facet normal 0.000000 0.000000 1.000000
outer loop
vertex 121.760742 -248.603714 23.999992
vertex 114.024048 -248.648560 23.999992
vertex 115.226318 -343.598816 24.000000
endloop
endfacet
facet normal -0.000000 0.000000 1.000000
outer loop
vertex 132.213623 -248.469147 23.999992
vertex 121.760742 -248.603714 23.999992
vertex 115.226318 -343.598816 24.000000
endloop
endfacet
facet normal -0.012071 0.999927 0.000000
outer loop
vertex 132.213623 -248.469147 -0.000007
vertex 132.213623 -248.469147 23.999992
vertex 191.658325 -247.751526 23.999992
endloop
endfacet
facet normal -0.012071 0.999927 0.000000
outer loop
vertex 132.213623 -248.469147 -0.000007
vertex 191.658325 -247.751526 23.999992
vertex 191.658325 -247.751526 -0.000007
endloop
endfacet
facet normal -0.012514 0.999922 0.000000
outer loop
vertex 128.629150 -248.514008 -0.000007
vertex 128.629150 -248.514008 23.999992
vertex 132.213623 -248.469147 23.999992
endloop
endfacet
facet normal -0.012514 0.999922 0.000000
outer loop
vertex 128.629150 -248.514008 -0.000007
vertex 132.213623 -248.469147 23.999992
vertex 132.213623 -248.469147 -0.000007
endloop
endfacet
facet normal -0.013060 0.999915 0.000000
outer loop
vertex 121.760742 -248.603714 -0.000007
vertex 121.760742 -248.603714 23.999992
vertex 128.629150 -248.514008 23.999992
endloop
endfacet
facet normal -0.013060 0.999915 0.000000
outer loop
vertex 121.760742 -248.603714 -0.000007
vertex 128.629150 -248.514008 23.999992
vertex 128.629150 -248.514008 -0.000007
endloop
endfacet
facet normal 0.003963 0.999992 0.000000
outer loop
vertex 117.987061 -248.588760 -0.000007
vertex 117.987061 -248.588760 23.999992
vertex 121.760742 -248.603714 23.999992
endloop
endfacet
facet normal 0.003963 0.999992 0.000000
outer loop
vertex 117.987061 -248.588760 -0.000007
vertex 121.760742 -248.603714 23.999992
vertex 121.760742 -248.603714 -0.000007
endloop
endfacet
facet normal -0.015088 0.999886 0.000000
outer loop
vertex 114.024048 -248.648560 -0.000007
vertex 114.024048 -248.648560 23.999992
vertex 117.987061 -248.588760 23.999992
endloop
endfacet
facet normal -0.015088 0.999886 0.000000
outer loop
vertex 114.024048 -248.648560 -0.000007
vertex 117.987061 -248.588760 23.999992
vertex 117.987061 -248.588760 -0.000007
endloop
endfacet
facet normal -0.999920 -0.012606 0.000000
outer loop
vertex 114.191040 -261.894714 -0.000006
vertex 114.191040 -261.894714 23.999994
vertex 114.024048 -248.648560 23.999992
endloop
endfacet
facet normal -0.999920 -0.012604 0.000000
outer loop
vertex 114.191040 -261.894714 -0.000006
vertex 114.024048 -248.648560 23.999992
vertex 114.024048 -248.648560 -0.000007
endloop
endfacet
facet normal -0.999920 -0.012670 0.000000
outer loop
vertex 115.226318 -343.598816 0.000000
vertex 115.226318 -343.598816 24.000000
vertex 114.191040 -261.894714 23.999994
endloop
endfacet
facet normal -0.999920 -0.012670 0.000000
outer loop
vertex 115.226318 -343.598816 0.000000
vertex 114.191040 -261.894714 23.999994
vertex 114.191040 -261.894714 -0.000006
endloop
endfacet
facet normal 0.009573 -0.999954 0.000000
outer loop
vertex 193.305786 -342.851318 0.000000
vertex 193.305786 -342.851318 24.000000
vertex 115.226318 -343.598816 24.000000
endloop
endfacet
facet normal 0.009573 -0.999954 0.000000
outer loop
vertex 193.305786 -342.851318 0.000000
vertex 115.226318 -343.598816 24.000000
vertex 115.226318 -343.598816 0.000000
endloop
endfacet
facet normal 0.999850 0.017321 0.000000
outer loop
vertex 191.658325 -247.751526 -0.000007
vertex 191.658325 -247.751526 23.999992
vertex 193.305786 -342.851318 24.000000
endloop
endfacet
facet normal 0.999850 0.017321 0.000000
outer loop
vertex 191.658325 -247.751526 -0.000007
vertex 193.305786 -342.851318 24.000000
vertex 193.305786 -342.851318 0.000000
endloop
endfacet
facet normal 0.000000 0.000000 1.000000
outer loop
vertex -160.478638 285.354004 65.999954
vertex -194.019165 284.920410 65.999954
vertex -193.061890 221.497009 65.999954
endloop
endfacet
facet normal 0.000000 0.000001 1.000000
outer loop
vertex -193.061890 221.497009 65.999954
vertex -192.872681 208.010986 65.999962
vertex -159.231934 208.564148 65.999962
endloop
endfacet
facet normal 0.000000 0.000000 1.000000
outer loop
vertex -193.061890 221.497009 65.999954
vertex -159.231934 208.564148 65.999962
vertex -160.478638 285.354004 65.999954
endloop
endfacet
facet normal -0.999886 -0.015092 0.000000
outer loop
vertex -193.061890 221.497009 -0.000042
vertex -193.061890 221.497009 65.999954
vertex -194.019165 284.920410 65.999954
endloop
endfacet
facet normal -0.999886 -0.015091 0.000000
outer loop
vertex -193.061890 221.497009 -0.000042
vertex -194.019165 284.920410 65.999954
vertex -194.019165 284.920410 -0.000047
endloop
endfacet
facet normal -0.999902 -0.014028 0.000000
outer loop
vertex -192.872681 208.010986 -0.000041
vertex -192.872681 208.010986 65.999962
vertex -193.061890 221.497009 65.999954
endloop
endfacet
facet normal -0.999902 -0.014034 0.000000
outer loop
vertex -192.872681 208.010986 -0.000041
vertex -193.061890 221.497009 65.999954
vertex -193.061890 221.497009 -0.000042
endloop
endfacet
facet normal 0.016441 -0.999865 0.000000
outer loop
vertex -159.231934 208.564148 -0.000041
vertex -159.231934 208.564148 65.999962
vertex -192.872681 208.010986 65.999962
endloop
endfacet
facet normal 0.016441 -0.999865 0.000000
outer loop
vertex -159.231934 208.564148 -0.000041
vertex -192.872681 208.010986 65.999962
vertex -192.872681 208.010986 -0.000041
endloop
endfacet
facet normal 0.999868 0.016233 0.000000
outer loop
vertex -160.478638 285.354004 -0.000047
vertex -160.478638 285.354004 65.999954
vertex -159.231934 208.564148 65.999962
endloop
endfacet
facet normal 0.999868 0.016233 0.000000
outer loop
vertex -160.478638 285.354004 -0.000047
vertex -159.231934 208.564148 65.999962
vertex -159.231934 208.564148 -0.000041
endloop
endfacet
facet normal -0.012926 0.999916 0.000000
outer loop
vertex -194.019165 284.920410 -0.000047
vertex -194.019165 284.920410 65.999954
vertex -160.478638 285.354004 65.999954
endloop
endfacet
facet normal -0.012926 0.999916 0.000000
outer loop
vertex -194.019165 284.920410 -0.000047
vertex -160.478638 285.354004 65.999954
vertex -160.478638 285.354004 -0.000047
endloop
endfacet
facet normal -0.000000 0.000000 1.000000
outer loop
vertex -232.246338 220.913879 23.999958
vertex -232.201782 207.353088 23.999958
vertex -192.872681 208.010986 23.999958
endloop
endfacet
facet normal 0.000000 0.000000 1.000000
outer loop
vertex -232.246338 220.913879 23.999958
vertex -192.872681 208.010986 23.999958
vertex -193.061890 221.497009 23.999958
endloop
endfacet
facet normal -0.999995 -0.003286 0.000000
outer loop
vertex -232.201782 207.353088 -0.000041
vertex -232.201782 207.353088 23.999958
vertex -232.246338 220.913879 23.999958
endloop
endfacet
facet normal -0.999995 -0.003289 0.000000
outer loop
vertex -232.201782 207.353088 -0.000041
vertex -232.246338 220.913879 23.999958
vertex -232.246338 220.913879 -0.000042
endloop
endfacet
facet normal 0.016726 -0.999860 0.000000
outer loop
vertex -192.872681 208.010986 -0.000041
vertex -192.872681 208.010986 23.999958
vertex -232.201782 207.353088 23.999958
endloop
endfacet
facet normal 0.016726 -0.999860 0.000000
outer loop
vertex -192.872681 208.010986 -0.000041
vertex -232.201782 207.353088 23.999958
vertex -232.201782 207.353088 -0.000041
endloop
endfacet
facet normal 0.999902 0.014029 0.000000
outer loop
vertex -193.061890 221.497009 -0.000042
vertex -193.061890 221.497009 23.999958
vertex -192.872681 208.010986 23.999958
endloop
endfacet
facet normal 0.999902 0.014032 0.000000
outer loop
vertex -193.061890 221.497009 -0.000042
vertex -192.872681 208.010986 23.999958
vertex -192.872681 208.010986 -0.000041
endloop
endfacet
facet normal -0.014880 0.999889 0.000000
outer loop
vertex -232.246338 220.913879 -0.000042
vertex -232.246338 220.913879 23.999958
vertex -193.061890 221.497009 23.999958
endloop
endfacet
facet normal -0.014880 0.999889 0.000000
outer loop
vertex -232.246338 220.913879 -0.000042
vertex -193.061890 221.497009 23.999958
vertex -193.061890 221.497009 -0.000042
endloop
endfacet
facet normal 0.000000 0.000000 1.000000
outer loop
vertex -233.203735 284.337280 59.999954
vertex -232.246338 220.913879 59.999958
vertex -193.061890 221.497009 59.999958
endloop
endfacet
facet normal 0.000000 0.000000 1.000000
outer loop
vertex -233.203735 284.337280 59.999954
vertex -193.061890 221.497009 59.999958
vertex -194.019165 284.920410 59.999954
endloop
endfacet
facet normal -0.999886 -0.015093 0.000000
outer loop
vertex -232.246338 220.913879 -0.000042
vertex -232.246338 220.913879 59.999958
vertex -233.203735 284.337280 59.999954
endloop
endfacet
facet normal -0.999886 -0.015094 0.000000
outer loop
vertex -232.246338 220.913879 -0.000042
vertex -233.203735 284.337280 59.999954
vertex -233.203735 284.337280 -0.000047
endloop
endfacet
facet normal 0.014880 -0.999889 0.000000
outer loop
vertex -193.061890 221.497009 -0.000042
vertex -193.061890 221.497009 59.999958
vertex -232.246338 220.913879 59.999958
endloop
endfacet
facet normal 0.014880 -0.999889 0.000000
outer loop
vertex -193.061890 221.497009 -0.000042
vertex -232.246338 220.913879 59.999958
vertex -232.246338 220.913879 -0.000042
endloop
endfacet
facet normal 0.999886 0.015092 0.000000
outer loop
vertex -194.019165 284.920410 -0.000047
vertex -194.019165 284.920410 59.999954
vertex -193.061890 221.497009 59.999958
endloop
endfacet
facet normal 0.999886 0.015092 0.000000
outer loop
vertex -194.019165 284.920410 -0.000047
vertex -193.061890 221.497009 59.999958
vertex -193.061890 221.497009 -0.000042
endloop
endfacet
facet normal -0.014880 0.999889 0.000000
outer loop
vertex -233.203735 284.337280 -0.000047
vertex -233.203735 284.337280 59.999954
vertex -194.019165 284.920410 59.999954
endloop
endfacet
facet normal -0.014880 0.999889 0.000000
outer loop
vertex -233.203735 284.337280 -0.000047
vertex -194.019165 284.920410 59.999954
vertex -194.019165 284.920410 -0.000047
endloop
endfacet
facet normal -0.000000 0.000000 1.000000
outer loop
vertex -340.515625 397.743958 95.999947
vertex -273.701660 398.237366 95.999947
vertex -274.269409 474.206421 95.999939
endloop
endfacet
facet normal 0.000000 0.000000 1.000000
outer loop
vertex -274.269409 474.206421 95.999939
vertex -341.072266 473.713013 95.999939
vertex -341.105713 458.267944 95.999939
endloop
endfacet
facet normal 0.000001 -0.000000 1.000000
outer loop
vertex -340.471191 407.836243 95.999947
vertex -340.515625 397.743958 95.999947
vertex -274.269409 474.206421 95.999939
endloop
endfacet
facet normal 0.000000 0.000000 1.000000
outer loop
vertex -274.269409 474.206421 95.999939
vertex -341.105713 458.267944 95.999939
vertex -340.471191 407.836243 95.999947
endloop
endfacet
facet normal 0.999972 0.007473 0.000000
outer loop
vertex -274.269409 474.206421 -0.000061
vertex -274.269409 474.206421 95.999939
vertex -273.701660 398.237366 95.999947
endloop
endfacet
facet normal 0.999972 0.007473 0.000000
outer loop
vertex -274.269409 474.206421 -0.000061
vertex -273.701660 398.237366 95.999947
vertex -273.701660 398.237366 -0.000056
endloop
endfacet
facet normal -0.007386 0.999973 0.000000
outer loop
vertex -341.072266 473.713013 -0.000061
vertex -341.072266 473.713013 95.999939
vertex -274.269409 474.206421 95.999939
endloop
endfacet
facet normal -0.007386 0.999973 0.000000
outer loop
vertex -341.072266 473.713013 -0.000061
vertex -274.269409 474.206421 95.999939
vertex -274.269409 474.206421 -0.000061
endloop
endfacet
facet normal -0.999998 0.002166 0.000000
outer loop
vertex -341.105713 458.267944 -0.000060
vertex -341.105713 458.267944 95.999939
vertex -341.072266 473.713013 95.999939
endloop
endfacet
facet normal -0.999998 0.002166 0.000000
outer loop
vertex -341.105713 458.267944 -0.000060
vertex -341.072266 473.713013 95.999939
vertex -341.072266 473.713013 -0.000061
endloop
endfacet
facet normal -0.999921 -0.012581 0.000000
outer loop
vertex -340.471191 407.836243 -0.000056
vertex -340.471191 407.836243 95.999947
vertex -341.105713 458.267944 95.999939
endloop
endfacet
facet normal -0.999921 -0.012581 0.000000
outer loop
vertex -340.471191 407.836243 -0.000056
vertex -341.105713 458.267944 95.999939
vertex -341.105713 458.267944 -0.000060
endloop
endfacet
facet normal -0.999990 0.004403 0.000000
outer loop
vertex -340.515625 397.743958 -0.000056
vertex -340.515625 397.743958 95.999947
vertex -340.471191 407.836243 95.999947
endloop
endfacet
facet normal -0.999990 0.004403 0.000000
outer loop
vertex -340.515625 397.743958 -0.000056
vertex -340.471191 407.836243 95.999947
vertex -340.471191 407.836243 -0.000056
endloop
endfacet
facet normal 0.007385 -0.999973 0.000000
outer loop
vertex -273.701660 398.237366 -0.000056
vertex -273.701660 398.237366 95.999947
vertex -340.515625 397.743958 95.999947
endloop
endfacet
facet normal 0.007385 -0.999973 0.000000
outer loop
vertex -273.701660 398.237366 -0.000056
vertex -340.515625 397.743958 95.999947
vertex -340.515625 397.743958 -0.000056
endloop
endfacet
facet normal -0.000000 0.000000 1.000000
outer loop
vertex -151.740112 493.897766 152.999939
vertex -151.651001 485.554688 152.999939
vertex -107.601929 486.048096 152.999939
endloop
endfacet
facet normal 0.000000 0.000000 1.000000
outer loop
vertex -156.805176 502.958496 152.999939
vertex -156.704956 493.837952 152.999939
vertex -151.740112 493.897766 152.999939
endloop
endfacet
facet normal 0.010522 -0.999945 0.000000
outer loop
vertex -156.805176 502.958496 -0.000064
vertex -156.805176 502.958496 152.999939
vertex -161.068604 502.913635 152.999939
endloop
endfacet
facet normal 0.010522 -0.999945 0.000000
outer loop
vertex -156.805176 502.958496 -0.000064
vertex -161.068604 502.913635 152.999939
vertex -161.068604 502.913635 -0.000064
endloop
endfacet
facet normal -0.999940 -0.010989 0.000000
outer loop
vertex -156.704956 493.837952 -0.000063
vertex -156.704956 493.837952 152.999939
vertex -156.805176 502.958496 152.999939
endloop
endfacet
facet normal -0.999940 -0.010987 0.000000
outer loop
vertex -156.704956 493.837952 -0.000063
vertex -156.805176 502.958496 152.999939
vertex -156.805176 502.958496 -0.000064
endloop
endfacet
facet normal 0.012047 -0.999927 0.000000
outer loop
vertex -151.740112 493.897766 -0.000063
vertex -151.740112 493.897766 152.999939
vertex -156.704956 493.837952 152.999939
endloop
endfacet
facet normal 0.012047 -0.999927 0.000000
outer loop
vertex -151.740112 493.897766 -0.000063
vertex -156.704956 493.837952 152.999939
vertex -156.704956 493.837952 -0.000063
endloop
endfacet
facet normal -0.999943 -0.010679 0.000000
outer loop
vertex -151.651001 485.554688 -0.000062
vertex -151.651001 485.554688 152.999939
vertex -151.740112 493.897766 152.999939
endloop
endfacet
facet normal -0.999943 -0.010679 0.000000
outer loop
vertex -151.651001 485.554688 -0.000062
vertex -151.740112 493.897766 152.999939
vertex -151.740112 493.897766 -0.000063
endloop
endfacet
facet normal 0.011201 -0.999937 0.000000
outer loop
vertex -107.601929 486.048096 -0.000062
vertex -107.601929 486.048096 152.999939
vertex -151.651001 485.554688 152.999939
endloop
endfacet
facet normal 0.011201 -0.999937 0.000000
outer loop
vertex -107.601929 486.048096 -0.000062
vertex -151.651001 485.554688 152.999939
vertex -151.651001 485.554688 -0.000062
endloop
endfacet
facet normal 0.000000 0.000000 1.000000
outer loop
vertex 91.403931 210.732117 59.999958
vertex 169.004761 211.494629 59.999958
vertex 168.214355 291.558838 59.999954
endloop
endfacet
facet normal -0.000000 0.000000 1.000000
outer loop
vertex 91.403931 210.732117 59.999958
vertex 168.214355 291.558838 59.999954
vertex 90.624756 290.796265 59.999954
endloop
endfacet
facet normal 0.009826 -0.999952 0.000000
outer loop
vertex 169.004761 211.494629 -0.000041
vertex 169.004761 211.494629 59.999958
vertex 91.403931 210.732117 59.999958
endloop
endfacet
facet normal 0.009826 -0.999952 0.000000
outer loop
vertex 169.004761 211.494629 -0.000041
vertex 91.403931 210.732117 59.999958
vertex 91.403931 210.732117 -0.000041
endloop
endfacet
facet normal 0.999951 0.009872 0.000000
outer loop
vertex 168.214355 291.558838 -0.000048
vertex 168.214355 291.558838 59.999954
vertex 169.004761 211.494629 59.999958
endloop
endfacet
facet normal 0.999951 0.009871 0.000000
outer loop
vertex 168.214355 291.558838 -0.000048
vertex 169.004761 211.494629 59.999958
vertex 169.004761 211.494629 -0.000041
endloop
endfacet
facet normal -0.009828 0.999952 0.000000
outer loop
vertex 90.624756 290.796265 -0.000047
vertex 90.624756 290.796265 59.999954
vertex 168.214355 291.558838 59.999954
endloop
endfacet
facet normal -0.009828 0.999952 0.000000
outer loop
vertex 90.624756 290.796265 -0.000047
vertex 168.214355 291.558838 59.999954
vertex 168.214355 291.558838 -0.000048
endloop
endfacet
facet normal -0.999953 -0.009731 0.000000
outer loop
vertex 91.403931 210.732117 -0.000041
vertex 91.403931 210.732117 59.999958
vertex 90.624756 290.796265 59.999954
endloop
endfacet
facet normal -0.999953 -0.009732 0.000000
outer loop
vertex 91.403931 210.732117 -0.000041
vertex 90.624756 290.796265 59.999954
vertex 90.624756 290.796265 -0.000047
endloop
endfacet
facet normal 0.000000 0.000000 1.000000
outer loop
vertex 169.004761 211.494629 50.999958
vertex 232.479126 212.107605 50.999958
vertex 231.699951 292.171814 50.999954
endloop
endfacet
facet normal 0.000000 0.000000 1.000000
outer loop
vertex 169.004761 211.494629 50.999958
vertex 231.699951 292.171814 50.999954
vertex 168.214355 291.558838 50.999954
endloop
endfacet
facet normal 0.009657 -0.999953 0.000000
outer loop
vertex 232.479126 212.107605 -0.000042
vertex 232.479126 212.107605 50.999958
vertex 169.004761 211.494629 50.999958
endloop
endfacet
facet normal 0.009657 -0.999953 0.000000
outer loop
vertex 232.479126 212.107605 -0.000042
vertex 169.004761 211.494629 50.999958
vertex 169.004761 211.494629 -0.000041
endloop
endfacet
facet normal 0.999953 0.009732 0.000000
outer loop
vertex 231.699951 292.171814 -0.000048
vertex 231.699951 292.171814 50.999954
vertex 232.479126 212.107605 50.999958
endloop
endfacet
facet normal 0.999953 0.009731 0.000000
outer loop
vertex 231.699951 292.171814 -0.000048
vertex 232.479126 212.107605 50.999958
vertex 232.479126 212.107605 -0.000042
endloop
endfacet
facet normal -0.009655 0.999953 0.000000
outer loop
vertex 168.214355 291.558838 -0.000048
vertex 168.214355 291.558838 50.999954
vertex 231.699951 292.171814 50.999954
endloop
endfacet
facet normal -0.009655 0.999953 0.000000
outer loop
vertex 168.214355 291.558838 -0.000048
vertex 231.699951 292.171814 50.999954
vertex 231.699951 292.171814 -0.000048
endloop
endfacet
facet normal -0.999951 -0.009872 0.000000
outer loop
vertex 169.004761 211.494629 -0.000041
vertex 169.004761 211.494629 50.999958
vertex 168.214355 291.558838 50.999954
endloop
endfacet
facet normal -0.999951 -0.009872 0.000000
outer loop
vertex 169.004761 211.494629 -0.000041
vertex 168.214355 291.558838 50.999954
vertex 168.214355 291.558838 -0.000048
endloop
endfacet
facet normal -0.000001 0.000000 1.000000
outer loop
vertex -231.255615 486.212585 206.999939
vertex -187.852173 486.990051 206.999939
vertex -187.885498 488.515137 206.999939
endloop
endfacet
facet normal -0.000002 0.000000 1.000000
outer loop
vertex -240.817993 497.560913 206.999939
vertex -240.639771 487.603088 206.999939
vertex -231.288940 487.782532 206.999939
endloop
endfacet
facet normal 0.000001 0.000000 1.000000
outer loop
vertex -231.288940 487.782532 206.999939
vertex -231.255615 486.212585 206.999939
vertex -187.885498 488.515137 206.999939
endloop
endfacet
facet normal 0.000000 0.000000 1.000000
outer loop
vertex -240.817993 497.560913 206.999939
vertex -231.288940 487.782532 206.999939
vertex -187.885498 488.515137 206.999939
endloop
endfacet
facet normal 0.017294 -0.999851 0.000000
outer loop
vertex -240.817993 497.560913 -0.000063
vertex -240.817993 497.560913 206.999939
vertex -243.411621 497.516052 206.999939
endloop
endfacet
facet normal 0.017294 -0.999851 0.000000
outer loop
vertex -240.817993 497.560913 -0.000063
vertex -243.411621 497.516052 206.999939
vertex -243.411621 497.516052 -0.000063
endloop
endfacet
facet normal -0.999840 -0.017894 0.000000
outer loop
vertex -240.639771 487.603088 -0.000062
vertex -240.639771 487.603088 206.999939
vertex -240.817993 497.560913 206.999939
endloop
endfacet
facet normal -0.999840 -0.017894 0.000000
outer loop
vertex -240.639771 487.603088 -0.000062
vertex -240.817993 497.560913 206.999939
vertex -240.817993 497.560913 -0.000063
endloop
endfacet
facet normal 0.019187 -0.999816 0.000000
outer loop
vertex -231.288940 487.782532 -0.000062
vertex -231.288940 487.782532 206.999939
vertex -240.639771 487.603088 206.999939
endloop
endfacet
facet normal 0.019187 -0.999816 0.000000
outer loop
vertex -231.288940 487.782532 -0.000062
vertex -240.639771 487.603088 206.999939
vertex -240.639771 487.603088 -0.000062
endloop
endfacet
facet normal -0.999775 -0.021223 0.000000
outer loop
vertex -231.255615 486.212585 -0.000062
vertex -231.255615 486.212585 206.999939
vertex -231.288940 487.782532 206.999939
endloop
endfacet
facet normal -0.999775 -0.021223 0.000000
outer loop
vertex -231.255615 486.212585 -0.000062
vertex -231.288940 487.782532 206.999939
vertex -231.288940 487.782532 -0.000062
endloop
endfacet
facet normal 0.017910 -0.999840 0.000000
outer loop
vertex -187.852173 486.990051 -0.000062
vertex -187.852173 486.990051 206.999939
vertex -231.255615 486.212585 206.999939
endloop
endfacet
facet normal 0.017910 -0.999840 0.000000
outer loop
vertex -187.852173 486.990051 -0.000062
vertex -231.255615 486.212585 206.999939
vertex -231.255615 486.212585 -0.000062
endloop
endfacet
facet normal 0.999761 0.021847 0.000000
outer loop
vertex -187.885498 488.515137 -0.000062
vertex -187.885498 488.515137 206.999939
vertex -187.852173 486.990051 206.999939
endloop
endfacet
facet normal 0.999761 0.021847 0.000000
outer loop
vertex -187.885498 488.515137 -0.000062
vertex -187.852173 486.990051 206.999939
vertex -187.852173 486.990051 -0.000062
endloop
endfacet
facet normal 0.017773 -0.999842 0.000000
outer loop
vertex -176.107910 488.724487 -0.000062
vertex -176.107910 488.724487 206.999939
vertex -187.885498 488.515137 206.999939
endloop
endfacet
facet normal 0.017773 -0.999842 0.000000
outer loop
vertex -176.107910 488.724487 -0.000062
vertex -187.885498 488.515137 206.999939
vertex -187.885498 488.515137 -0.000062
endloop
endfacet
facet normal -0.999882 -0.015385 0.000000
outer loop
vertex 20.359863 505.231140 -0.000064
vertex 21.339478 441.567017 -0.000059
vertex 21.339478 441.567017 123.999939
endloop
endfacet
facet normal -0.000001 0.000000 1.000000
outer loop
vertex 21.339478 441.567017 123.999939
vertex 60.702026 442.180054 123.999939
vertex 60.535034 452.825562 123.999939
endloop
endfacet
facet normal -0.999889 -0.014916 0.000175
outer loop
vertex 60.535034 452.825562 123.999939
vertex 60.446045 458.791260 123.999939
vertex 59.722412 505.844177 -0.000064
endloop
endfacet
facet normal -0.013853 0.889471 0.456782
outer loop
vertex 59.722412 505.844177 -0.000064
vertex 20.359863 505.231140 -0.000064
vertex 21.339478 441.567017 123.999939
endloop
endfacet
facet normal -0.255193 0.888429 0.381537
outer loop
vertex 21.339478 441.567017 123.999939
vertex 60.535034 452.825562 123.999939
vertex 59.722412 505.844177 -0.000064
endloop
endfacet
facet normal 0.015572 -0.999879 0.000000
outer loop
vertex 60.702026 442.180054 -0.000059
vertex 60.702026 442.180054 123.999939
vertex 21.339478 441.567017 123.999939
endloop
endfacet
facet normal 0.015572 -0.999879 0.000000
outer loop
vertex 60.702026 442.180054 -0.000059
vertex 21.339478 441.567017 123.999939
vertex 21.339478 441.567017 -0.000059
endloop
endfacet
facet normal 0.999877 0.015685 0.000000
outer loop
vertex 60.535034 452.825562 -0.000060
vertex 60.535034 452.825562 123.999939
vertex 60.702026 442.180054 123.999939
endloop
endfacet
facet normal 0.999877 0.015685 0.000000
outer loop
vertex 60.535034 452.825562 -0.000060
vertex 60.702026 442.180054 123.999939
vertex 60.702026 442.180054 -0.000059
endloop
endfacet
facet normal 0.999889 0.014916 0.000000
outer loop
vertex 60.446045 458.791260 -0.000060
vertex 60.446045 458.791260 123.999939
vertex 60.535034 452.825562 123.999939
endloop
endfacet
facet normal 0.999889 0.014915 0.000000
outer loop
vertex 60.446045 458.791260 -0.000060
vertex 60.535034 452.825562 123.999939
vertex 60.535034 452.825562 -0.000060
endloop
endfacet
facet normal 0.999882 0.015377 0.000000
outer loop
vertex 59.722412 505.844177 -0.000064
vertex 60.446045 458.791260 123.999939
vertex 60.446045 458.791260 -0.000060
endloop
endfacet
facet normal -0.000000 0.000000 1.000000
outer loop
vertex -183.755615 373.178650 65.999947
vertex -182.575562 292.007324 65.999954
vertex -104.863403 293.143677 65.999954
endloop
endfacet
facet normal 0.000000 0.000000 1.000000
outer loop
vertex -183.755615 373.178650 65.999947
vertex -104.863403 293.143677 65.999954
vertex -106.043457 374.314941 65.999947
endloop
endfacet
facet normal -0.999894 -0.014536 0.000000
outer loop
vertex -182.575562 292.007324 -0.000048
vertex -182.575562 292.007324 65.999954
vertex -183.755615 373.178650 65.999947
endloop
endfacet
facet normal -0.999894 -0.014537 0.000000
outer loop
vertex -182.575562 292.007324 -0.000048
vertex -183.755615 373.178650 65.999947
vertex -183.755615 373.178650 -0.000054
endloop
endfacet
facet normal 0.014621 -0.999893 0.000000
outer loop
vertex -104.863403 293.143677 -0.000048
vertex -104.863403 293.143677 65.999954
vertex -182.575562 292.007324 65.999954
endloop
endfacet
facet normal 0.014621 -0.999893 0.000000
outer loop
vertex -104.863403 293.143677 -0.000048
vertex -182.575562 292.007324 65.999954
vertex -182.575562 292.007324 -0.000048
endloop
endfacet
facet normal 0.999894 0.014536 0.000000
outer loop
vertex -106.043457 374.314941 -0.000054
vertex -106.043457 374.314941 65.999947
vertex -104.863403 293.143677 65.999954
endloop
endfacet
facet normal 0.999894 0.014537 0.000000
outer loop
vertex -106.043457 374.314941 -0.000054
vertex -104.863403 293.143677 65.999954
vertex -104.863403 293.143677 -0.000048
endloop
endfacet
facet normal -0.014620 0.999893 0.000000
outer loop
vertex -183.755615 373.178650 -0.000054
vertex -183.755615 373.178650 65.999947
vertex -106.043457 374.314941 65.999947
endloop
endfacet
facet normal -0.014620 0.999893 0.000000
outer loop
vertex -183.755615 373.178650 -0.000054
vertex -106.043457 374.314941 65.999947
vertex -106.043457 374.314941 -0.000054
endloop
endfacet
facet normal -0.000000 0.000000 1.000000
outer loop
vertex -71.912842 360.036316 154.999954
vertex -70.855347 300.694092 154.999954
vertex -12.457153 301.740723 154.999954
endloop
endfacet
facet normal 0.000001 0.000000 1.000000
outer loop
vertex -71.912842 360.036316 154.999954
vertex -12.457153 301.740723 154.999954
vertex -13.514648 361.082886 154.999954
endloop
endfacet
facet normal -0.999841 -0.017817 0.000000
outer loop
vertex -70.855347 300.694092 -0.000048
vertex -70.855347 300.694092 154.999954
vertex -71.912842 360.036316 154.999954
endloop
endfacet
facet normal -0.999841 -0.017817 0.000000
outer loop
vertex -70.855347 300.694092 -0.000048
vertex -71.912842 360.036316 154.999954
vertex -71.912842 360.036316 -0.000053
endloop
endfacet
facet normal 0.017919 -0.999839 0.000000
outer loop
vertex -12.457153 301.740723 -0.000048
vertex -12.457153 301.740723 154.999954
vertex -70.855347 300.694092 154.999954
endloop
endfacet
facet normal 0.017919 -0.999839 0.000000
outer loop
vertex -12.457153 301.740723 -0.000048
vertex -70.855347 300.694092 154.999954
vertex -70.855347 300.694092 -0.000048
endloop
endfacet
facet normal 0.999841 0.017817 0.000000
outer loop
vertex -13.514648 361.082886 -0.000053
vertex -13.514648 361.082886 154.999954
vertex -12.457153 301.740723 154.999954
endloop
endfacet
facet normal 0.999841 0.017817 0.000000
outer loop
vertex -13.514648 361.082886 -0.000053
vertex -12.457153 301.740723 154.999954
vertex -12.457153 301.740723 -0.000048
endloop
endfacet
facet normal -0.017918 0.999839 0.000000
outer loop
vertex -71.912842 360.036316 -0.000053
vertex -71.912842 360.036316 154.999954
vertex -13.514648 361.082886 154.999954
endloop
endfacet
facet normal -0.017918 0.999839 0.000000
outer loop
vertex -71.912842 360.036316 -0.000053
vertex -13.514648 361.082886 154.999954
vertex -13.514648 361.082886 -0.000053
endloop
endfacet
facet normal -0.000000 0.000000 1.000000
outer loop
vertex 129.530884 376.722168 14.999946
vertex 131.122803 300.783813 14.999951
vertex 149.301270 301.172546 14.999951
endloop
endfacet
facet normal 0.000000 0.000000 1.000000
outer loop
vertex 129.530884 376.722168 14.999946
vertex 149.301270 301.172546 14.999951
vertex 147.709351 377.095947 14.999946
endloop
endfacet
facet normal -0.999780 -0.020959 0.000000
outer loop
vertex 131.122803 300.783813 -0.000048
vertex 131.122803 300.783813 14.999951
vertex 129.530884 376.722168 14.999946
endloop
endfacet
facet normal -0.999780 -0.020958 0.000000
outer loop
vertex 131.122803 300.783813 -0.000048
vertex 129.530884 376.722168 14.999946
vertex 129.530884 376.722168 -0.000054
endloop
endfacet
facet normal 0.021379 -0.999771 0.000000
outer loop
vertex 149.301270 301.172546 -0.000048
vertex 149.301270 301.172546 14.999951
vertex 131.122803 300.783813 14.999951
endloop
endfacet
facet normal 0.021379 -0.999771 0.000000
outer loop
vertex 149.301270 301.172546 -0.000048
vertex 131.122803 300.783813 14.999951
vertex 131.122803 300.783813 -0.000048
endloop
endfacet
facet normal 0.999780 0.020963 0.000000
outer loop
vertex 147.709351 377.095947 -0.000054
vertex 147.709351 377.095947 14.999946
vertex 149.301270 301.172546 14.999951
endloop
endfacet
facet normal 0.999780 0.020963 0.000000
outer loop
vertex 147.709351 377.095947 -0.000054
vertex 149.301270 301.172546 14.999951
vertex 149.301270 301.172546 -0.000048
endloop
endfacet
facet normal -0.020557 0.999789 0.000000
outer loop
vertex 129.530884 376.722168 -0.000054
vertex 129.530884 376.722168 14.999946
vertex 147.709351 377.095947 14.999946
endloop
endfacet
facet normal -0.020557 0.999789 0.000000
outer loop
vertex 129.530884 376.722168 -0.000054
vertex 147.709351 377.095947 14.999946
vertex 147.709351 377.095947 -0.000054
endloop
endfacet
facet normal 0.019830 -0.999803 0.000000
outer loop
vertex 348.741211 492.013855 -0.000063
vertex 348.741211 492.013855 173.999939
vertex 286.925537 490.787781 173.999939
endloop
endfacet
facet normal 0.019830 -0.999803 0.000000
outer loop
vertex 348.741211 492.013855 -0.000063
vertex 286.925537 490.787781 173.999939
vertex 286.925537 490.787781 -0.000063
endloop
endfacet
facet normal 0.000000 0.000000 1.000000
outer loop
vertex 348.062134 301.606140 113.999954
vertex 346.726318 379.742371 113.999947
vertex 260.475952 378.262146 113.999947
endloop
endfacet
facet normal 0.000000 0.000000 1.000000
outer loop
vertex 348.062134 301.606140 113.999954
vertex 260.475952 378.262146 113.999947
vertex 261.822998 300.140869 113.999954
endloop
endfacet
facet normal 0.999854 0.017094 0.000000
outer loop
vertex 346.726318 379.742371 -0.000054
vertex 346.726318 379.742371 113.999947
vertex 348.062134 301.606140 113.999954
endloop
endfacet
facet normal 0.999854 0.017093 0.000000
outer loop
vertex 346.726318 379.742371 -0.000054
vertex 348.062134 301.606140 113.999954
vertex 348.062134 301.606140 -0.000048
endloop
endfacet
facet normal -0.017159 0.999853 0.000000
outer loop
vertex 260.475952 378.262146 -0.000054
vertex 260.475952 378.262146 113.999947
vertex 346.726318 379.742371 113.999947
endloop
endfacet
facet normal -0.017159 0.999853 0.000000
outer loop
vertex 260.475952 378.262146 -0.000054
vertex 346.726318 379.742371 113.999947
vertex 346.726318 379.742371 -0.000054
endloop
endfacet
facet normal -0.999851 -0.017240 0.000000
outer loop
vertex 261.822998 300.140869 -0.000048
vertex 261.822998 300.140869 113.999954
vertex 260.475952 378.262146 113.999947
endloop
endfacet
facet normal -0.999851 -0.017241 0.000000
outer loop
vertex 261.822998 300.140869 -0.000048
vertex 260.475952 378.262146 113.999947
vertex 260.475952 378.262146 -0.000054
endloop
endfacet
facet normal 0.016988 -0.999856 0.000000
outer loop
vertex 348.062134 301.606140 -0.000048
vertex 348.062134 301.606140 113.999954
vertex 261.822998 300.140869 113.999954
endloop
endfacet
facet normal 0.016988 -0.999856 0.000000
outer loop
vertex 348.062134 301.606140 -0.000048
vertex 261.822998 300.140869 113.999954
vertex 261.822998 300.140869 -0.000048
endloop
endfacet
facet normal -0.000000 0.000000 1.000000
outer loop
vertex -235.585938 370.532227 5.999947
vertex -234.695312 292.680176 5.999952
vertex -187.484741 293.218384 5.999952
endloop
endfacet
facet normal 0.000000 0.000000 1.000000
outer loop
vertex -235.585938 370.532227 5.999947
vertex -187.484741 293.218384 5.999952
vertex -188.375366 371.070496 5.999947
endloop
endfacet
facet normal -0.999935 -0.011439 0.000000
outer loop
vertex -234.695312 292.680176 -0.000048
vertex -234.695312 292.680176 5.999952
vertex -235.585938 370.532227 5.999947
endloop
endfacet
facet normal -0.999935 -0.011439 0.000000
outer loop
vertex -234.695312 292.680176 -0.000048
vertex -235.585938 370.532227 5.999947
vertex -235.585938 370.532227 -0.000054
endloop
endfacet
facet normal 0.011399 -0.999935 0.000000
outer loop
vertex -187.484741 293.218384 -0.000048
vertex -187.484741 293.218384 5.999952
vertex -234.695312 292.680176 5.999952
endloop
endfacet
facet normal 0.011399 -0.999935 0.000000
outer loop
vertex -187.484741 293.218384 -0.000048
vertex -234.695312 292.680176 5.999952
vertex -234.695312 292.680176 -0.000048
endloop
endfacet
facet normal 0.999935 0.011439 0.000000
outer loop
vertex -188.375366 371.070496 -0.000054
vertex -188.375366 371.070496 5.999947
vertex -187.484741 293.218384 5.999952
endloop
endfacet
facet normal 0.999935 0.011439 0.000000
outer loop
vertex -188.375366 371.070496 -0.000054
vertex -187.484741 293.218384 5.999952
vertex -187.484741 293.218384 -0.000048
endloop
endfacet
facet normal -0.011401 0.999935 0.000000
outer loop
vertex -235.585938 370.532227 -0.000054
vertex -235.585938 370.532227 5.999947
vertex -188.375366 371.070496 5.999947
endloop
endfacet
facet normal -0.011401 0.999935 0.000000
outer loop
vertex -235.585938 370.532227 -0.000054
vertex -188.375366 371.070496 5.999947
vertex -188.375366 371.070496 -0.000054
endloop
endfacet
facet normal 0.000000 0.000000 1.000000
outer loop
vertex -107.635254 475.208191 41.999939
vertex -137.301880 474.460571 41.999939
vertex -136.066284 399.194275 41.999943
endloop
endfacet
facet normal 0.000000 0.000000 1.000000
outer loop
vertex -107.635254 475.208191 41.999939
vertex -136.066284 399.194275 41.999943
vertex -106.388550 399.837219 41.999943
endloop
endfacet
facet normal -0.025193 0.999683 0.000000
outer loop
vertex -137.301880 474.460571 -0.000061
vertex -137.301880 474.460571 41.999939
vertex -107.635254 475.208191 41.999939
endloop
endfacet
facet normal -0.025193 0.999683 0.000000
outer loop
vertex -137.301880 474.460571 -0.000061
vertex -107.635254 475.208191 41.999939
vertex -107.635254 475.208191 -0.000061
endloop
endfacet
facet normal -0.999865 -0.016414 0.000000
outer loop
vertex -136.066284 399.194275 -0.000056
vertex -136.066284 399.194275 41.999943
vertex -137.301880 474.460571 41.999939
endloop
endfacet
facet normal -0.999865 -0.016414 0.000000
outer loop
vertex -136.066284 399.194275 -0.000056
vertex -137.301880 474.460571 41.999939
vertex -137.301880 474.460571 -0.000061
endloop
endfacet
facet normal 0.021659 -0.999765 0.000000
outer loop
vertex -106.388550 399.837219 -0.000056
vertex -106.388550 399.837219 41.999943
vertex -136.066284 399.194275 41.999943
endloop
endfacet
facet normal 0.021659 -0.999765 0.000000
outer loop
vertex -106.388550 399.837219 -0.000056
vertex -136.066284 399.194275 41.999943
vertex -136.066284 399.194275 -0.000056
endloop
endfacet
facet normal 0.999863 0.016539 0.000000
outer loop
vertex -107.635254 475.208191 -0.000061
vertex -107.635254 475.208191 41.999939
vertex -106.388550 399.837219 41.999943
endloop
endfacet
facet normal 0.999863 0.016539 0.000000
outer loop
vertex -107.635254 475.208191 -0.000061
vertex -106.388550 399.837219 41.999943
vertex -106.388550 399.837219 -0.000056
endloop
endfacet
facet normal -0.000000 0.000000 1.000000
outer loop
vertex 129.530884 376.722168 38.999947
vertex 89.578369 375.884888 38.999947
vertex 91.248047 296.418030 38.999950
endloop
endfacet
facet normal 0.000000 0.000000 1.000000
outer loop
vertex 91.248047 296.418030 38.999950
vertex 131.200684 297.255310 38.999950
vertex 131.122803 300.783813 38.999950
endloop
endfacet
facet normal 0.000000 0.000000 1.000000
outer loop
vertex 91.248047 296.418030 38.999950
vertex 131.122803 300.783813 38.999950
vertex 129.530884 376.722168 38.999947
endloop
endfacet
facet normal -0.999779 -0.021006 0.000000
outer loop
vertex 91.248047 296.418030 -0.000048
vertex 91.248047 296.418030 38.999950
vertex 89.578369 375.884888 38.999947
endloop
endfacet
facet normal -0.999779 -0.021006 0.000000
outer loop
vertex 91.248047 296.418030 -0.000048
vertex 89.578369 375.884888 38.999947
vertex 89.578369 375.884888 -0.000054
endloop
endfacet
facet normal 0.020952 -0.999780 0.000000
outer loop
vertex 131.200684 297.255310 -0.000048
vertex 131.200684 297.255310 38.999950
vertex 91.248047 296.418030 38.999950
endloop
endfacet
facet normal 0.020952 -0.999780 0.000000
outer loop
vertex 131.200684 297.255310 -0.000048
vertex 91.248047 296.418030 38.999950
vertex 91.248047 296.418030 -0.000048
endloop
endfacet
facet normal 0.999756 0.022072 0.000000
outer loop
vertex 131.122803 300.783813 -0.000048
vertex 131.122803 300.783813 38.999950
vertex 131.200684 297.255310 38.999950
endloop
endfacet
facet normal 0.999757 0.022065 0.000000
outer loop
vertex 131.122803 300.783813 -0.000048
vertex 131.200684 297.255310 38.999950
vertex 131.200684 297.255310 -0.000048
endloop
endfacet
facet normal 0.999780 0.020959 0.000000
outer loop
vertex 129.530884 376.722168 -0.000054
vertex 129.530884 376.722168 38.999947
vertex 131.122803 300.783813 38.999950
endloop
endfacet
facet normal 0.999780 0.020959 0.000000
outer loop
vertex 129.530884 376.722168 -0.000054
vertex 131.122803 300.783813 38.999950
vertex 131.122803 300.783813 -0.000048
endloop
endfacet
facet normal -0.020952 0.999780 0.000000
outer loop
vertex 89.578369 375.884888 -0.000054
vertex 89.578369 375.884888 38.999947
vertex 129.530884 376.722168 38.999947
endloop
endfacet
facet normal -0.020952 0.999780 0.000000
outer loop
vertex 89.578369 375.884888 -0.000054
vertex 129.530884 376.722168 38.999947
vertex 129.530884 376.722168 -0.000054
endloop
endfacet
facet normal -0.000000 0.000000 1.000000
outer loop
vertex -288.106445 490.144897 26.999937
vertex -288.028564 484.552979 26.999937
vertex -271.720215 484.777222 26.999937
endloop
endfacet
facet normal 0.013155 -0.999913 0.000000
outer loop
vertex -288.106445 490.144897 -0.000063
vertex -288.106445 490.144897 26.999937
vertex -364.249023 489.143127 26.999937
endloop
endfacet
facet normal 0.013155 -0.999913 0.000000
outer loop
vertex -288.106445 490.144897 -0.000063
vertex -364.249023 489.143127 26.999937
vertex -364.249023 489.143127 -0.000062
endloop
endfacet
facet normal -0.999903 -0.013924 0.000000
outer loop
vertex -288.028564 484.552979 -0.000062
vertex -288.028564 484.552979 26.999937
vertex -288.106445 490.144897 26.999937
endloop
endfacet
facet normal -0.999903 -0.013918 0.000000
outer loop
vertex -288.028564 484.552979 -0.000062
vertex -288.106445 490.144897 26.999937
vertex -288.106445 490.144897 -0.000063
endloop
endfacet
facet normal 0.013749 -0.999905 0.000000
outer loop
vertex -271.720215 484.777222 -0.000062
vertex -271.720215 484.777222 26.999937
vertex -288.028564 484.552979 26.999937
endloop
endfacet
facet normal 0.013749 -0.999906 0.000000
outer loop
vertex -271.720215 484.777222 -0.000062
vertex -288.028564 484.552979 26.999937
vertex -288.028564 484.552979 -0.000062
endloop
endfacet
facet normal 0.000000 0.000000 1.000000
outer loop
vertex -137.301880 474.460571 38.999939
vertex -204.449829 473.294373 38.999939
vertex -204.349609 466.655823 38.999939
endloop
endfacet
facet normal 0.000000 0.000000 1.000000
outer loop
vertex -204.349609 466.655823 38.999939
vertex -203.102905 398.028076 38.999943
vertex -136.066284 399.194275 38.999943
endloop
endfacet
facet normal 0.000000 0.000000 1.000000
outer loop
vertex -204.349609 466.655823 38.999939
vertex -136.066284 399.194275 38.999943
vertex -137.301880 474.460571 38.999939
endloop
endfacet
facet normal -0.999886 -0.015093 0.000000
outer loop
vertex -204.349609 466.655823 -0.000061
vertex -204.349609 466.655823 38.999939
vertex -204.449829 473.294373 38.999939
endloop
endfacet
facet normal -0.999886 -0.015097 0.000000
outer loop
vertex -204.349609 466.655823 -0.000061
vertex -204.449829 473.294373 38.999939
vertex -204.449829 473.294373 -0.000061
endloop
endfacet
facet normal -0.999835 -0.018163 0.000000
outer loop
vertex -203.102905 398.028076 -0.000056
vertex -203.102905 398.028076 38.999943
vertex -204.349609 466.655823 38.999939
endloop
endfacet
facet normal -0.999835 -0.018163 0.000000
outer loop
vertex -203.102905 398.028076 -0.000056
vertex -204.349609 466.655823 38.999939
vertex -204.349609 466.655823 -0.000061
endloop
endfacet
facet normal 0.017394 -0.999849 0.000000
outer loop
vertex -136.066284 399.194275 -0.000056
vertex -136.066284 399.194275 38.999943
vertex -203.102905 398.028076 38.999943
endloop
endfacet
facet normal 0.017394 -0.999849 0.000000
outer loop
vertex -136.066284 399.194275 -0.000056
vertex -203.102905 398.028076 38.999943
vertex -203.102905 398.028076 -0.000056
endloop
endfacet
facet normal 0.999865 0.016414 0.000000
outer loop
vertex -137.301880 474.460571 -0.000061
vertex -137.301880 474.460571 38.999939
vertex -136.066284 399.194275 38.999943
endloop
endfacet
facet normal 0.999865 0.016414 0.000000
outer loop
vertex -137.301880 474.460571 -0.000061
vertex -136.066284 399.194275 38.999943
vertex -136.066284 399.194275 -0.000056
endloop
endfacet
facet normal -0.017365 0.999849 0.000000
outer loop
vertex -204.449829 473.294373 -0.000061
vertex -204.449829 473.294373 38.999939
vertex -137.301880 474.460571 38.999939
endloop
endfacet
facet normal -0.017365 0.999849 0.000000
outer loop
vertex -204.449829 473.294373 -0.000061
vertex -137.301880 474.460571 38.999939
vertex -137.301880 474.460571 -0.000061
endloop
endfacet
facet normal -0.000001 0.000000 1.000000
outer loop
vertex 197.903320 377.903320 150.999939
vertex 159.776367 377.350098 150.999939
vertex 161.279175 306.121460 150.999954
endloop
endfacet
facet normal 0.000000 0.000000 1.000000
outer loop
vertex 161.279175 306.121460 150.999954
vertex 219.020630 306.629822 150.999954
vertex 217.618042 359.213989 150.999954
endloop
endfacet
facet normal -0.000013 -0.000001 1.000000
outer loop
vertex 217.618042 359.213989 150.999954
vertex 216.927856 364.581543 150.999954
vertex 214.456543 370.293030 150.999939
endloop
endfacet
facet normal 0.000005 0.000000 1.000000
outer loop
vertex 214.456543 370.293030 150.999939
vertex 209.124268 375.421387 150.999939
vertex 204.938721 377.140808 150.999939
endloop
endfacet
facet normal 0.000000 0.000000 1.000000
outer loop
vertex 204.938721 377.140808 150.999939
vertex 197.903320 377.903320 150.999939
vertex 161.279175 306.121460 150.999954
endloop
endfacet
facet normal -0.000002 0.000001 1.000000
outer loop
vertex 161.279175 306.121460 150.999954
vertex 217.618042 359.213989 150.999954
vertex 214.456543 370.293030 150.999939
endloop
endfacet
facet normal -0.000001 0.000000 1.000000
outer loop
vertex 161.279175 306.121460 150.999954
vertex 214.456543 370.293030 150.999939
vertex 204.938721 377.140808 150.999939
endloop
endfacet
facet normal -0.999777 -0.021094 0.000000
outer loop
vertex 161.279175 306.121460 -0.000049
vertex 161.279175 306.121460 150.999954
vertex 159.776367 377.350098 150.999939
endloop
endfacet
facet normal -0.999777 -0.021093 0.000000
outer loop
vertex 161.279175 306.121460 -0.000049
vertex 159.776367 377.350098 150.999939
vertex 159.776367 377.350098 -0.000054
endloop
endfacet
facet normal 0.008804 -0.999961 0.000000
outer loop
vertex 219.020630 306.629822 -0.000049
vertex 219.020630 306.629822 150.999954
vertex 161.279175 306.121460 150.999954
endloop
endfacet
facet normal 0.008804 -0.999961 0.000000
outer loop
vertex 219.020630 306.629822 -0.000049
vertex 161.279175 306.121460 150.999954
vertex 161.279175 306.121460 -0.000049
endloop
endfacet
facet normal 0.999644 0.026663 0.000000
outer loop
vertex 217.618042 359.213989 -0.000053
vertex 217.618042 359.213989 150.999954
vertex 219.020630 306.629822 150.999954
endloop
endfacet
facet normal 0.999644 0.026663 0.000000
outer loop
vertex 217.618042 359.213989 -0.000053
vertex 219.020630 306.629822 150.999954
vertex 219.020630 306.629822 -0.000049
endloop
endfacet
facet normal 0.991834 0.127536 0.000000
outer loop
vertex 216.927856 364.581543 -0.000053
vertex 216.927856 364.581543 150.999954
vertex 217.618042 359.213989 150.999954
endloop
endfacet
facet normal 0.991834 0.127536 0.000000
outer loop
vertex 216.927856 364.581543 -0.000053
vertex 217.618042 359.213989 150.999954
vertex 217.618042 359.213989 -0.000053
endloop
endfacet
facet normal 0.917771 0.397109 0.000000
outer loop
vertex 214.456543 370.293030 -0.000053
vertex 214.456543 370.293030 150.999939
vertex 216.927856 364.581543 150.999954
endloop
endfacet
facet normal 0.917771 0.397111 0.000000
outer loop
vertex 214.456543 370.293030 -0.000053
vertex 216.927856 364.581543 150.999954
vertex 216.927856 364.581543 -0.000053
endloop
endfacet
facet normal 0.693190 0.720755 0.000000
outer loop
vertex 209.124268 375.421387 -0.000054
vertex 209.124268 375.421387 150.999939
vertex 214.456543 370.293030 150.999939
endloop
endfacet
facet normal 0.693193 0.720752 0.000000
outer loop
vertex 209.124268 375.421387 -0.000054
vertex 214.456543 370.293030 150.999939
vertex 214.456543 370.293030 -0.000053
endloop
endfacet
facet normal 0.379985 0.924992 0.000000
outer loop
vertex 204.938721 377.140808 -0.000054
vertex 204.938721 377.140808 150.999939
vertex 209.124268 375.421387 150.999939
endloop
endfacet
facet normal 0.379987 0.924992 0.000000
outer loop
vertex 204.938721 377.140808 -0.000054
vertex 209.124268 375.421387 150.999939
vertex 209.124268 375.421387 -0.000054
endloop
endfacet
facet normal 0.107751 0.994178 0.000000
outer loop
vertex 197.903320 377.903320 -0.000054
vertex 197.903320 377.903320 150.999939
vertex 204.938721 377.140808 150.999939
endloop
endfacet
facet normal 0.107751 0.994178 0.000000
outer loop
vertex 197.903320 377.903320 -0.000054
vertex 204.938721 377.140808 150.999939
vertex 204.938721 377.140808 -0.000054
endloop
endfacet
facet normal -0.014508 0.999895 0.000000
outer loop
vertex 159.776367 377.350098 -0.000054
vertex 159.776367 377.350098 150.999939
vertex 197.903320 377.903320 150.999939
endloop
endfacet
facet normal -0.014508 0.999895 0.000000
outer loop
vertex 159.776367 377.350098 -0.000054
vertex 197.903320 377.903320 150.999939
vertex 197.903320 377.903320 -0.000054
endloop
endfacet
facet normal -0.999848 -0.017451 0.000000
outer loop
vertex 451.633850 -348.353058 0.000001
vertex 451.633850 -348.353027 24.000000
vertex 448.761780 -183.792999 23.999989
endloop
endfacet
facet normal -0.999848 -0.017450 0.000000
outer loop
vertex 451.633850 -348.353058 0.000001
vertex 448.761780 -183.792999 23.999989
vertex 448.761780 -183.792999 -0.000012
endloop
endfacet
facet normal 0.017449 -0.999848 0.000000
outer loop
vertex 511.601624 -347.306519 0.000001
vertex 451.633850 -348.353027 24.000000
vertex 451.633850 -348.353058 0.000001
endloop
endfacet
facet normal 0.000000 0.000000 1.000000
outer loop
vertex 125.067017 -475.385437 42.000011
vertex 108.691895 -475.744232 42.000011
vertex 110.105591 -521.386963 42.000015
endloop
endfacet
facet normal 0.000000 0.000000 1.000000
outer loop
vertex 110.105591 -521.386963 42.000015
vertex 150.714966 -520.205933 42.000015
vertex 149.891235 -473.471802 42.000011
endloop
endfacet
facet normal 0.000000 0.000000 1.000000
outer loop
vertex 149.891235 -473.471802 42.000011
vertex 149.078613 -473.486755 42.000011
vertex 133.171021 -474.039917 42.000011
endloop
endfacet
facet normal -0.000001 0.000000 1.000000
outer loop
vertex 149.891235 -473.471802 42.000011
vertex 133.171021 -474.039917 42.000011
vertex 133.104248 -477.134583 42.000011
endloop
endfacet
facet normal 0.000000 0.000000 1.000000
outer loop
vertex 125.334106 -477.284088 42.000011
vertex 125.067017 -475.385437 42.000011
vertex 110.105591 -521.386963 42.000015
endloop
endfacet
facet normal 0.000000 0.000000 1.000000
outer loop
vertex 110.105591 -521.386963 42.000015
vertex 149.891235 -473.471802 42.000011
vertex 133.104248 -477.134583 42.000011
endloop
endfacet
facet normal -0.000000 0.000000 1.000000
outer loop
vertex 110.105591 -521.386963 42.000015
vertex 133.104248 -477.134583 42.000011
vertex 125.334106 -477.284088 42.000011
endloop
endfacet
facet normal -0.999521 -0.030958 0.000000
outer loop
vertex 110.105591 -521.386963 0.000014
vertex 110.105591 -521.386963 42.000015
vertex 108.691895 -475.744232 42.000011
endloop
endfacet
facet normal -0.999521 -0.030958 0.000000
outer loop
vertex 110.105591 -521.386963 0.000014
vertex 108.691895 -475.744232 42.000011
vertex 108.691895 -475.744232 0.000010
endloop
endfacet
facet normal 0.029070 -0.999577 0.000000
outer loop
vertex 150.714966 -520.205933 0.000014
vertex 150.714966 -520.205933 42.000015
vertex 110.105591 -521.386963 42.000015
endloop
endfacet
facet normal 0.029070 -0.999577 0.000000
outer loop
vertex 150.714966 -520.205933 0.000014
vertex 110.105591 -521.386963 42.000015
vertex 110.105591 -521.386963 0.000014
endloop
endfacet
facet normal 0.999845 0.017624 0.000000
outer loop
vertex 149.891235 -473.471802 0.000010
vertex 149.891235 -473.471802 42.000011
vertex 150.714966 -520.205933 42.000015
endloop
endfacet
facet normal 0.999845 0.017623 0.000000
outer loop
vertex 149.891235 -473.471802 0.000010
vertex 150.714966 -520.205933 42.000015
vertex 150.714966 -520.205933 0.000014
endloop
endfacet
facet normal -0.018399 0.999831 0.000000
outer loop
vertex 149.078613 -473.486755 0.000010
vertex 149.078613 -473.486755 42.000011
vertex 149.891235 -473.471802 42.000011
endloop
endfacet
facet normal -0.018399 0.999831 0.000000
outer loop
vertex 149.078613 -473.486755 0.000010
vertex 149.891235 -473.471802 42.000011
vertex 149.891235 -473.471802 0.000010
endloop
endfacet
facet normal -0.034752 0.999396 0.000000
outer loop
vertex 133.171021 -474.039917 0.000010
vertex 133.171021 -474.039917 42.000011
vertex 149.078613 -473.486755 42.000011
endloop
endfacet
facet normal -0.034752 0.999396 0.000000
outer loop
vertex 133.171021 -474.039917 0.000010
vertex 149.078613 -473.486755 42.000011
vertex 149.078613 -473.486755 0.000010
endloop
endfacet
facet normal -0.999767 0.021573 0.000000
outer loop
vertex 133.104248 -477.134583 0.000010
vertex 133.104248 -477.134583 42.000011
vertex 133.171021 -474.039917 42.000011
endloop
endfacet
facet normal -0.999767 0.021566 0.000000
outer loop
vertex 133.104248 -477.134583 0.000010
vertex 133.171021 -474.039917 42.000011
vertex 133.171021 -474.039917 0.000010
endloop
endfacet
facet normal -0.019237 0.999815 0.000000
outer loop
vertex 125.334106 -477.284088 0.000011
vertex 125.334106 -477.284088 42.000011
vertex 133.104248 -477.134583 42.000011
endloop
endfacet
facet normal -0.019237 0.999815 0.000000
outer loop
vertex 125.334106 -477.284088 0.000011
vertex 133.104248 -477.134583 42.000011
vertex 133.104248 -477.134583 0.000010
endloop
endfacet
facet normal 0.990248 0.139314 0.000000
outer loop
vertex 125.067017 -475.385437 0.000010
vertex 125.067017 -475.385437 42.000011
vertex 125.334106 -477.284088 42.000011
endloop
endfacet
facet normal 0.990252 0.139290 0.000000
outer loop
vertex 125.067017 -475.385437 0.000010
vertex 125.334106 -477.284088 42.000011
vertex 125.334106 -477.284088 0.000011
endloop
endfacet
facet normal -0.021906 0.999760 0.000000
outer loop
vertex 108.691895 -475.744232 0.000010
vertex 108.691895 -475.744232 42.000011
vertex 125.067017 -475.385437 42.000011
endloop
endfacet
facet normal -0.021906 0.999760 0.000000
outer loop
vertex 108.691895 -475.744232 0.000010
vertex 125.067017 -475.385437 42.000011
vertex 125.067017 -475.385437 0.000010
endloop
endfacet
facet normal 0.000000 0.000000 1.000000
outer loop
vertex -15.540649 -196.814972 53.999989
vertex -14.572144 -236.239624 53.999992
vertex 25.191162 -235.267822 53.999992
endloop
endfacet
facet normal 0.000000 0.000000 1.000000
outer loop
vertex -15.540649 -196.814972 53.999989
vertex 25.191162 -235.267822 53.999992
vertex 24.211548 -195.828232 53.999989
endloop
endfacet
facet normal -0.999698 -0.024559 0.000000
outer loop
vertex -14.572144 -236.239624 -0.000008
vertex -14.572144 -236.239624 53.999992
vertex -15.540649 -196.814972 53.999989
endloop
endfacet
facet normal -0.999698 -0.024559 0.000000
outer loop
vertex -14.572144 -236.239624 -0.000008
vertex -15.540649 -196.814972 53.999989
vertex -15.540649 -196.814972 -0.000011
endloop
endfacet
facet normal 0.024432 -0.999701 0.000000
outer loop
vertex 25.191162 -235.267838 -0.000008
vertex 25.191162 -235.267822 53.999992
vertex -14.572144 -236.239624 53.999992
endloop
endfacet
facet normal 0.024432 -0.999701 0.000000
outer loop
vertex 25.191162 -235.267838 -0.000008
vertex -14.572144 -236.239624 53.999992
vertex -14.572144 -236.239624 -0.000008
endloop
endfacet
facet normal 0.999692 0.024831 0.000000
outer loop
vertex 24.211548 -195.828232 -0.000011
vertex 24.211548 -195.828232 53.999989
vertex 25.191162 -235.267822 53.999992
endloop
endfacet
facet normal 0.999692 0.024831 0.000000
outer loop
vertex 24.211548 -195.828232 -0.000011
vertex 25.191162 -235.267822 53.999992
vertex 25.191162 -235.267838 -0.000008
endloop
endfacet
facet normal -0.024815 0.999692 0.000000
outer loop
vertex -15.540649 -196.814972 -0.000011
vertex -15.540649 -196.814972 53.999989
vertex 24.211548 -195.828232 53.999989
endloop
endfacet
facet normal -0.024815 0.999692 0.000000
outer loop
vertex -15.540649 -196.814972 -0.000011
vertex 24.211548 -195.828232 53.999989
vertex 24.211548 -195.828232 -0.000011
endloop
endfacet
facet normal 0.000000 0.000000 1.000000
outer loop
vertex 468.198181 -392.471466 57.000004
vertex 466.494995 -391.469788 57.000004
vertex 464.903137 -390.871765 57.000004
endloop
endfacet
facet normal -0.000002 0.000000 1.000000
outer loop
vertex 464.903137 -390.871765 57.000004
vertex 462.309387 -390.677429 57.000004
vertex 459.415039 -391.170776 57.000004
endloop
endfacet
facet normal 0.000000 0.000000 1.000000
outer loop
vertex 459.415039 -391.170776 57.000004
vertex 457.110718 -392.665802 57.000004
vertex 455.418701 -394.564514 57.000004
endloop
endfacet
facet normal 0.000000 0.000000 1.000000
outer loop
vertex 455.418701 -394.564514 57.000004
vertex 454.216431 -397.270508 57.000004
vertex 454.027222 -400.454895 57.000004
endloop
endfacet
facet normal -0.000006 0.000000 1.000000
outer loop
vertex 454.027222 -400.454895 57.000004
vertex 454.517029 -402.951599 57.000004
vertex 456.019836 -404.954956 57.000004
endloop
endfacet
facet normal 0.000000 0.000000 1.000000
outer loop
vertex 458.312988 -530.192566 57.000015
vertex 456.821289 -532.988220 57.000015
vertex 456.520752 -536.187561 57.000015
endloop
endfacet
facet normal 0.000000 0.000000 1.000000
outer loop
vertex 455.418701 -394.564514 57.000004
vertex 454.027222 -400.454895 57.000004
vertex 456.019836 -404.954956 57.000004
endloop
endfacet
facet normal 0.000003 0.000000 1.000000
outer loop
vertex 458.312988 -530.192566 57.000015
vertex 456.520752 -536.187561 57.000015
vertex 457.210938 -539.282227 57.000015
endloop
endfacet
facet normal 0.000000 0.000000 1.000000
outer loop
vertex 459.415039 -391.170776 57.000004
vertex 455.418701 -394.564514 57.000004
vertex 456.019836 -404.954956 57.000004
endloop
endfacet
facet normal -0.000004 0.000000 1.000000
outer loop
vertex 458.312988 -530.192566 57.000015
vertex 457.210938 -539.282227 57.000015
vertex 458.613586 -541.464905 57.000015
endloop
endfacet
facet normal 0.000000 0.000000 1.000000
outer loop
vertex 459.415039 -391.170776 57.000004
vertex 456.019836 -404.954956 57.000004
vertex 458.312988 -530.192566 57.000015
endloop
endfacet
facet normal 0.000000 0.000000 1.000000
outer loop
vertex 468.198181 -392.471466 57.000004
vertex 464.903137 -390.871765 57.000004
vertex 459.415039 -391.170776 57.000004
endloop
endfacet
facet normal 0.000001 0.000000 1.000000
outer loop
vertex 468.198181 -392.471466 57.000004
vertex 459.415039 -391.170776 57.000004
vertex 458.312988 -530.192566 57.000015
endloop
endfacet
facet normal 0.000003 0.000000 1.000000
outer loop
vertex 458.312988 -530.192566 57.000015
vertex 458.613586 -541.464905 57.000015
vertex 460.606201 -543.273865 57.000015
endloop
endfacet
facet normal 0.000000 0.000000 1.000000
outer loop
vertex 460.606201 -543.273865 57.000015
vertex 463.199951 -544.260559 57.000015
vertex 466.494995 -544.260559 57.000015
endloop
endfacet
facet normal 0.000004 0.000000 1.000000
outer loop
vertex 466.494995 -544.260559 57.000015
vertex 469.389282 -543.468201 57.000015
vertex 471.092468 -542.376831 57.000015
endloop
endfacet
facet normal 0.000000 0.000000 1.000000
outer loop
vertex 460.606201 -543.273865 57.000015
vertex 466.494995 -544.260559 57.000015
vertex 471.092468 -542.376831 57.000015
endloop
endfacet
facet normal -0.000000 0.000000 1.000000
outer loop
vertex 458.312988 -530.192566 57.000015
vertex 460.606201 -543.273865 57.000015
vertex 471.092468 -542.376831 57.000015
endloop
endfacet
facet normal 0.000000 0.000000 1.000000
outer loop
vertex 481.578796 -417.662659 57.000008
vertex 499.790649 -417.528107 57.000008
vertex 468.198181 -392.471466 57.000004
endloop
endfacet
facet normal 0.000000 -0.000000 1.000000
outer loop
vertex 482.146484 -454.335571 57.000008
vertex 481.578796 -417.662659 57.000008
vertex 468.198181 -392.471466 57.000004
endloop
endfacet
facet normal -0.000001 0.000000 1.000000
outer loop
vertex 468.198181 -392.471466 57.000004
vertex 458.312988 -530.192566 57.000015
vertex 471.092468 -542.376831 57.000015
endloop
endfacet
facet normal 0.000000 0.000000 1.000000
outer loop
vertex 471.092468 -542.376831 57.000015
vertex 482.758728 -515.915222 57.000015
vertex 482.068604 -479.392059 57.000011
endloop
endfacet
facet normal -0.000000 0.000000 1.000000
outer loop
vertex 468.198181 -392.471466 57.000004
vertex 471.092468 -542.376831 57.000015
vertex 482.068604 -479.392059 57.000011
endloop
endfacet
facet normal 0.000000 0.000000 1.000000
outer loop
vertex 482.146484 -454.335571 57.000008
vertex 468.198181 -392.471466 57.000004
vertex 482.068604 -479.392059 57.000011
endloop
endfacet
facet normal 0.000000 0.000000 1.000000
outer loop
vertex 506.725830 -453.991699 57.000008
vertex 482.146484 -454.335571 57.000008
vertex 482.068604 -479.392059 57.000011
endloop
endfacet
facet normal 0.506945 0.861978 0.000000
outer loop
vertex 466.494995 -391.469788 0.000004
vertex 466.494995 -391.469788 57.000004
vertex 468.198181 -392.471466 57.000004
endloop
endfacet
facet normal 0.506945 0.861978 0.000000
outer loop
vertex 466.494995 -391.469788 0.000004
vertex 468.198181 -392.471466 57.000004
vertex 468.198181 -392.471466 0.000004
endloop
endfacet
facet normal 0.351670 0.936124 0.000000
outer loop
vertex 464.903137 -390.871765 0.000004
vertex 464.903137 -390.871765 57.000004
vertex 466.494995 -391.469788 57.000004
endloop
endfacet
facet normal 0.351683 0.936119 0.000000
outer loop
vertex 464.903137 -390.871765 0.000004
vertex 466.494995 -391.469788 57.000004
vertex 466.494995 -391.469788 0.000004
endloop
endfacet
facet normal 0.074715 0.997205 0.000000
outer loop
vertex 462.309387 -390.677429 0.000004
vertex 462.309387 -390.677429 57.000004
vertex 464.903137 -390.871765 57.000004
endloop
endfacet
facet normal 0.074715 0.997205 0.000000
outer loop
vertex 462.309387 -390.677429 0.000004
vertex 464.903137 -390.871765 57.000004
vertex 464.903137 -390.871765 0.000004
endloop
endfacet
facet normal -0.168026 0.985783 0.000000
outer loop
vertex 459.415039 -391.170776 0.000004
vertex 459.415039 -391.170776 57.000004
vertex 462.309387 -390.677429 57.000004
endloop
endfacet
facet normal -0.168030 0.985782 0.000000
outer loop
vertex 459.415039 -391.170776 0.000004
vertex 462.309387 -390.677429 57.000004
vertex 462.309387 -390.677429 0.000004
endloop
endfacet
facet normal -0.544272 0.838909 0.000000
outer loop
vertex 457.110718 -392.665802 0.000004
vertex 457.110718 -392.665802 57.000004
vertex 459.415039 -391.170776 57.000004
endloop
endfacet
facet normal -0.544283 0.838901 0.000000
outer loop
vertex 457.110718 -392.665802 0.000004
vertex 459.415039 -391.170776 57.000004
vertex 459.415039 -391.170776 0.000004
endloop
endfacet
facet normal -0.746573 0.665303 0.000000
outer loop
vertex 455.418701 -394.564514 0.000004
vertex 455.418701 -394.564514 57.000004
vertex 457.110718 -392.665802 57.000004
endloop
endfacet
facet normal -0.746573 0.665303 0.000000
outer loop
vertex 455.418701 -394.564514 0.000004
vertex 457.110718 -392.665802 57.000004
vertex 457.110718 -392.665802 0.000004
endloop
endfacet
facet normal -0.913857 0.406037 0.000000
outer loop
vertex 454.216431 -397.270508 0.000004
vertex 454.216431 -397.270508 57.000004
vertex 455.418701 -394.564514 57.000004
endloop
endfacet
facet normal -0.913865 0.406017 0.000000
outer loop
vertex 454.216431 -397.270508 0.000004
vertex 455.418701 -394.564514 57.000004
vertex 455.418701 -394.564514 0.000004
endloop
endfacet
facet normal -0.998239 0.059314 -0.000000
outer loop
vertex 454.027222 -400.454926 0.000005
vertex 454.027222 -400.454895 57.000004
vertex 454.216431 -397.270508 57.000004
endloop
endfacet
facet normal -0.998239 0.059314 0.000000
outer loop
vertex 454.027222 -400.454926 0.000005
vertex 454.216431 -397.270508 57.000004
vertex 454.216431 -397.270508 0.000004
endloop
endfacet
facet normal -0.981296 -0.192505 0.000000
outer loop
vertex 454.517029 -402.951599 0.000005
vertex 454.517029 -402.951599 57.000004
vertex 454.027222 -400.454895 57.000004
endloop
endfacet
facet normal -0.981290 -0.192533 0.000000
outer loop
vertex 454.517029 -402.951599 0.000005
vertex 454.027222 -400.454895 57.000004
vertex 454.027222 -400.454926 0.000005
endloop
endfacet
facet normal -0.799944 -0.600075 0.000000
outer loop
vertex 456.019836 -404.954956 0.000005
vertex 456.019836 -404.954956 57.000004
vertex 454.517029 -402.951599 57.000004
endloop
endfacet
facet normal -0.799944 -0.600075 0.000000
outer loop
vertex 456.019836 -404.954956 0.000005
vertex 454.517029 -402.951599 57.000004
vertex 454.517029 -402.951599 0.000005
endloop
endfacet
facet normal -0.999832 -0.018307 0.000000
outer loop
vertex 458.312988 -530.192566 0.000014
vertex 458.312988 -530.192566 57.000015
vertex 456.019836 -404.954956 57.000004
endloop
endfacet
facet normal -0.999832 -0.018307 0.000000
outer loop
vertex 458.312988 -530.192566 0.000014
vertex 456.019836 -404.954956 57.000004
vertex 456.019836 -404.954956 0.000005
endloop
endfacet
facet normal -0.882262 0.470758 0.000000
outer loop
vertex 456.821289 -532.988220 0.000015
vertex 456.821289 -532.988220 57.000015
vertex 458.312988 -530.192566 57.000015
endloop
endfacet
facet normal -0.882262 0.470758 0.000000
outer loop
vertex 456.821289 -532.988220 0.000015
vertex 458.312988 -530.192566 57.000015
vertex 458.312988 -530.192566 0.000014
endloop
endfacet
facet normal 0.999822 0.018892 0.000000
outer loop
vertex 482.068604 -479.392059 0.000011
vertex 482.068604 -479.392059 57.000011
vertex 482.758728 -515.915222 57.000015
endloop
endfacet
facet normal 0.999822 0.018893 0.000000
outer loop
vertex 482.068604 -479.392059 0.000011
vertex 482.758728 -515.915222 57.000015
vertex 482.758728 -515.915222 0.000013
endloop
endfacet
facet normal 0.019460 -0.999811 0.000000
outer loop
vertex 507.416016 -478.898712 0.000011
vertex 482.068604 -479.392059 57.000011
vertex 482.068604 -479.392059 0.000011
endloop
endfacet
facet normal -1.000000 0.000000 0.000000
outer loop
vertex 506.725830 -453.991699 0.000009
vertex 506.725830 -453.991699 57.000008
vertex 506.725830 -452.257477 57.000008
endloop
endfacet
facet normal -1.000000 0.000000 0.000000
outer loop
vertex 506.725830 -453.991699 0.000009
vertex 506.725830 -452.257477 57.000008
vertex 506.725830 -452.257507 0.000009
endloop
endfacet
facet normal -0.013989 0.999902 0.000000
outer loop
vertex 482.146484 -454.335571 0.000009
vertex 482.146484 -454.335571 57.000008
vertex 506.725830 -453.991699 57.000008
endloop
endfacet
facet normal -0.013989 0.999902 0.000000
outer loop
vertex 482.146484 -454.335571 0.000009
vertex 506.725830 -453.991699 57.000008
vertex 506.725830 -453.991699 0.000009
endloop
endfacet
facet normal 0.999880 0.015477 0.000000
outer loop
vertex 481.578796 -417.662659 0.000006
vertex 481.578796 -417.662659 57.000008
vertex 482.146484 -454.335571 57.000008
endloop
endfacet
facet normal 0.999880 0.015480 0.000000
outer loop
vertex 481.578796 -417.662659 0.000006
vertex 482.146484 -454.335571 57.000008
vertex 482.146484 -454.335571 0.000009
endloop
endfacet
facet normal 0.007388 -0.999973 0.000000
outer loop
vertex 499.790649 -417.528107 0.000006
vertex 499.790649 -417.528107 57.000008
vertex 481.578796 -417.662659 57.000008
endloop
endfacet
facet normal 0.007388 -0.999973 0.000000
outer loop
vertex 499.790649 -417.528107 0.000006
vertex 481.578796 -417.662659 57.000008
vertex 481.578796 -417.662659 0.000006
endloop
endfacet
facet normal -1.000000 0.000000 0.000000
outer loop
vertex 499.790649 -419.187592 0.000006
vertex 499.790649 -419.187592 57.000008
vertex 499.790649 -417.528107 57.000008
endloop
endfacet
facet normal -1.000000 0.000000 0.000000
outer loop
vertex 499.790649 -419.187592 0.000006
vertex 499.790649 -417.528107 57.000008
vertex 499.790649 -417.528107 0.000006
endloop
endfacet
facet normal 0.010222 -0.999948 0.000000
outer loop
vertex 511.490295 -419.067993 0.000006
vertex 499.790649 -419.187592 57.000008
vertex 499.790649 -419.187592 0.000006
endloop
endfacet
facet normal 0.000000 0.000000 1.000000
outer loop
vertex -305.461182 369.545410 29.999947
vertex -304.859985 317.349976 29.999950
vertex -267.055908 317.783569 29.999950
endloop
endfacet
facet normal 0.000000 0.000000 1.000000
outer loop
vertex -305.461182 369.545410 29.999947
vertex -267.055908 317.783569 29.999950
vertex -267.657104 369.979004 29.999947
endloop
endfacet
facet normal -0.999934 -0.011517 0.000000
outer loop
vertex -304.859985 317.349976 -0.000049
vertex -304.859985 317.349976 29.999950
vertex -305.461182 369.545410 29.999947
endloop
endfacet
facet normal -0.999934 -0.011518 0.000000
outer loop
vertex -304.859985 317.349976 -0.000049
vertex -305.461182 369.545410 29.999947
vertex -305.461182 369.545410 -0.000053
endloop
endfacet
facet normal 0.011469 -0.999934 0.000000
outer loop
vertex -267.055908 317.783569 -0.000050
vertex -267.055908 317.783569 29.999950
vertex -304.859985 317.349976 29.999950
endloop
endfacet
facet normal 0.011469 -0.999934 0.000000
outer loop
vertex -267.055908 317.783569 -0.000050
vertex -304.859985 317.349976 29.999950
vertex -304.859985 317.349976 -0.000049
endloop
endfacet
facet normal 0.999934 0.011517 0.000000
outer loop
vertex -267.657104 369.979004 -0.000053
vertex -267.657104 369.979004 29.999947
vertex -267.055908 317.783569 29.999950
endloop
endfacet
facet normal 0.999934 0.011518 0.000000
outer loop
vertex -267.657104 369.979004 -0.000053
vertex -267.055908 317.783569 29.999950
vertex -267.055908 317.783569 -0.000050
endloop
endfacet
facet normal -0.011469 0.999934 0.000000
outer loop
vertex -305.461182 369.545410 -0.000053
vertex -305.461182 369.545410 29.999947
vertex -267.657104 369.979004 29.999947
endloop
endfacet
facet normal -0.011469 0.999934 0.000000
outer loop
vertex -305.461182 369.545410 -0.000053
vertex -267.657104 369.979004 29.999947
vertex -267.657104 369.979004 -0.000053
endloop
endfacet
facet normal 0.000000 0.000000 1.000000
outer loop
vertex 148.265991 -394.833618 33.000004
vertex 107.445068 -395.670807 33.000004
vertex 109.014648 -472.186096 33.000011
endloop
endfacet
facet normal -0.000000 0.000000 1.000000
outer loop
vertex 149.034058 -471.378784 33.000011
vertex 149.078613 -473.486755 33.000011
vertex 149.891235 -473.471802 33.000011
endloop
endfacet
facet normal 0.000000 0.000000 1.000000
outer loop
vertex 148.265991 -394.833618 33.000004
vertex 109.014648 -472.186096 33.000011
vertex 149.034058 -471.378784 33.000011
endloop
endfacet
facet normal 0.000000 0.000000 1.000000
outer loop
vertex 149.034058 -471.378784 33.000011
vertex 149.891235 -473.471802 33.000011
vertex 148.265991 -394.833618 33.000004
endloop
endfacet
facet normal -0.999790 -0.020509 0.000000
outer loop
vertex 109.014648 -472.186096 0.000010
vertex 109.014648 -472.186096 33.000011
vertex 107.445068 -395.670807 33.000004
endloop
endfacet
facet normal -0.999790 -0.020509 0.000000
outer loop
vertex 109.014648 -472.186096 0.000010
vertex 107.445068 -395.670807 33.000004
vertex 107.445068 -395.670837 0.000004
endloop
endfacet
facet normal 0.020169 -0.999797 0.000000
outer loop
vertex 149.034058 -471.378784 0.000010
vertex 149.034058 -471.378784 33.000011
vertex 109.014648 -472.186096 33.000011
endloop
endfacet
facet normal 0.020169 -0.999797 0.000000
outer loop
vertex 149.034058 -471.378784 0.000010
vertex 109.014648 -472.186096 33.000011
vertex 109.014648 -472.186096 0.000010
endloop
endfacet
facet normal -0.999776 -0.021137 0.000000
outer loop
vertex 149.078613 -473.486755 0.000010
vertex 149.078613 -473.486755 33.000011
vertex 149.034058 -471.378784 33.000011
endloop
endfacet
facet normal -0.999777 -0.021123 0.000000
outer loop
vertex 149.078613 -473.486755 0.000010
vertex 149.034058 -471.378784 33.000011
vertex 149.034058 -471.378784 0.000010
endloop
endfacet
facet normal 0.018399 -0.999831 0.000000
outer loop
vertex 149.891235 -473.471802 0.000010
vertex 149.891235 -473.471802 33.000011
vertex 149.078613 -473.486755 33.000011
endloop
endfacet
facet normal 0.018399 -0.999831 0.000000
outer loop
vertex 149.891235 -473.471802 0.000010
vertex 149.078613 -473.486755 33.000011
vertex 149.078613 -473.486755 0.000010
endloop
endfacet
facet normal 0.999786 0.020663 0.000000
outer loop
vertex 148.265991 -394.833618 0.000004
vertex 148.265991 -394.833618 33.000004
vertex 149.891235 -473.471802 33.000011
endloop
endfacet
facet normal 0.999786 0.020663 0.000000
outer loop
vertex 148.265991 -394.833618 0.000004
vertex 149.891235 -473.471802 33.000011
vertex 149.891235 -473.471802 0.000010
endloop
endfacet
facet normal -0.020505 0.999790 -0.000001
outer loop
vertex 107.445068 -395.670837 0.000004
vertex 107.445068 -395.670807 33.000004
vertex 148.265991 -394.833618 33.000004
endloop
endfacet
facet normal -0.020505 0.999790 0.000000
outer loop
vertex 107.445068 -395.670837 0.000004
vertex 148.265991 -394.833618 33.000004
vertex 148.265991 -394.833618 0.000004
endloop
endfacet
facet normal -0.000000 0.000000 1.000000
outer loop
vertex 166.388794 466.207275 -0.000061
vertex 146.707520 465.758728 -0.000061
vertex 147.152710 446.127258 -0.000059
endloop
endfacet
facet normal -0.000000 0.000000 1.000000
outer loop
vertex 166.388794 466.207275 -0.000061
vertex 147.152710 446.127258 -0.000059
vertex 166.845215 446.575806 -0.000059
endloop
endfacet
facet normal -0.000000 0.000000 1.000000
outer loop
vertex 12.678833 471.784241 35.999939
vertex -73.359985 470.498413 35.999939
vertex -72.803467 433.433350 35.999943
endloop
endfacet
facet normal 0.000000 0.000000 1.000000
outer loop
vertex -72.803467 433.433350 35.999943
vertex -54.157471 433.702454 35.999943
vertex -54.246460 439.832642 35.999943
endloop
endfacet
facet normal -0.000000 0.000000 1.000000
outer loop
vertex -54.246460 439.832642 35.999943
vertex 13.146362 440.849365 35.999943
vertex 12.678833 471.784241 35.999939
endloop
endfacet
facet normal 0.000000 0.000000 1.000000
outer loop
vertex -72.803467 433.433350 35.999943
vertex -54.246460 439.832642 35.999943
vertex 12.678833 471.784241 35.999939
endloop
endfacet
facet normal -0.999887 -0.015013 0.000000
outer loop
vertex -72.803467 433.433350 -0.000058
vertex -72.803467 433.433350 35.999943
vertex -73.359985 470.498413 35.999939
endloop
endfacet
facet normal -0.999887 -0.015013 0.000000
outer loop
vertex -72.803467 433.433350 -0.000058
vertex -73.359985 470.498413 35.999939
vertex -73.359985 470.498413 -0.000061
endloop
endfacet
facet normal 0.014431 -0.999896 0.000000
outer loop
vertex -54.157471 433.702454 -0.000058
vertex -54.157471 433.702454 35.999943
vertex -72.803467 433.433350 35.999943
endloop
endfacet
facet normal 0.014431 -0.999896 0.000000
outer loop
vertex -54.157471 433.702454 -0.000058
vertex -72.803467 433.433350 35.999943
vertex -72.803467 433.433350 -0.000058
endloop
endfacet
facet normal 0.999895 0.014515 0.000000
outer loop
vertex -54.246460 439.832642 -0.000059
vertex -54.246460 439.832642 35.999943
vertex -54.157471 433.702454 35.999943
endloop
endfacet
facet normal 0.999895 0.014515 0.000000
outer loop
vertex -54.246460 439.832642 -0.000059
vertex -54.157471 433.702454 35.999943
vertex -54.157471 433.702454 -0.000058
endloop
endfacet
facet normal 0.015085 -0.999886 0.000000
outer loop
vertex 13.146362 440.849365 -0.000059
vertex 13.146362 440.849365 35.999943
vertex -54.246460 439.832642 35.999943
endloop
endfacet
facet normal 0.015085 -0.999886 0.000000
outer loop
vertex 13.146362 440.849365 -0.000059
vertex -54.246460 439.832642 35.999943
vertex -54.246460 439.832642 -0.000059
endloop
endfacet
facet normal 0.999886 0.015112 0.000000
outer loop
vertex 12.678833 471.784241 -0.000061
vertex 12.678833 471.784241 35.999939
vertex 13.146362 440.849365 35.999943
endloop
endfacet
facet normal 0.999886 0.015112 0.000000
outer loop
vertex 12.678833 471.784241 -0.000061
vertex 13.146362 440.849365 35.999943
vertex 13.146362 440.849365 -0.000059
endloop
endfacet
facet normal -0.014943 0.999888 0.000000
outer loop
vertex -73.359985 470.498413 -0.000061
vertex -73.359985 470.498413 35.999939
vertex 12.678833 471.784241 35.999939
endloop
endfacet
facet normal -0.014943 0.999888 0.000000
outer loop
vertex -73.359985 470.498413 -0.000061
vertex 12.678833 471.784241 35.999939
vertex 12.678833 471.784241 -0.000061
endloop
endfacet
facet normal 0.000000 0.000000 1.000000
outer loop
vertex -51.808594 506.307678 50.999935
vertex -74.072510 505.933838 50.999935
vertex -73.649414 482.056030 50.999939
endloop
endfacet
facet normal -0.000003 0.000000 1.000000
outer loop
vertex -51.741821 503.033203 50.999935
vertex -51.808594 506.307678 50.999935
vertex -73.649414 482.056030 50.999939
endloop
endfacet
facet normal -0.999843 -0.017716 0.000000
outer loop
vertex -73.649414 482.056030 -0.000062
vertex -73.649414 482.056030 50.999939
vertex -74.072510 505.933838 50.999935
endloop
endfacet
facet normal -0.999843 -0.017717 0.000000
outer loop
vertex -73.649414 482.056030 -0.000062
vertex -74.072510 505.933838 50.999935
vertex -74.072510 505.933838 -0.000064
endloop
endfacet
facet normal 0.017337 -0.999850 0.000000
outer loop
vertex 4.819702 483.416626 -0.000062
vertex 4.819702 483.416626 50.999939
vertex -73.649414 482.056030 50.999939
endloop
endfacet
facet normal 0.017337 -0.999850 0.000000
outer loop
vertex 4.819702 483.416626 -0.000062
vertex -73.649414 482.056030 50.999939
vertex -73.649414 482.056030 -0.000062
endloop
endfacet
facet normal 0.999792 0.020387 0.000000
outer loop
vertex -51.808594 506.307678 -0.000064
vertex -51.808594 506.307678 50.999935
vertex -51.741821 503.033203 50.999935
endloop
endfacet
facet normal 0.999792 0.020387 0.000000
outer loop
vertex -51.808594 506.307678 -0.000064
vertex -51.741821 503.033203 50.999935
vertex -51.741821 503.033203 -0.000064
endloop
endfacet
facet normal -0.016789 0.999859 0.000000
outer loop
vertex -74.072510 505.933838 -0.000064
vertex -74.072510 505.933838 50.999935
vertex -51.808594 506.307678 50.999935
endloop
endfacet
facet normal -0.016789 0.999859 0.000000
outer loop
vertex -74.072510 505.933838 -0.000064
vertex -51.808594 506.307678 50.999935
vertex -51.808594 506.307678 -0.000064
endloop
endfacet
facet normal 0.000000 0.000000 1.000000
outer loop
vertex 203.369141 184.672119 -0.000039
vertex 203.480469 180.710022 -0.000039
vertex 224.942871 181.278198 -0.000039
endloop
endfacet
facet normal 0.000000 0.000000 1.000000
outer loop
vertex 203.369141 184.672119 -0.000039
vertex 224.942871 181.278198 -0.000039
vertex 224.842651 185.240234 -0.000040
endloop
endfacet
facet normal -0.000000 0.000000 1.000000
outer loop
vertex 102.168579 64.016724 -0.000030
vertex 102.914429 39.527008 -0.000029
vertex 115.515747 39.900787 -0.000029
endloop
endfacet
facet normal -0.000000 0.000000 1.000000
outer loop
vertex 102.168579 64.016724 -0.000030
vertex 115.515747 39.900787 -0.000029
vertex 114.781006 64.390503 -0.000030
endloop
endfacet
facet normal -0.000000 0.000000 1.000000
outer loop
vertex 201.977661 172.920471 -0.000039
vertex 190.444946 172.636414 -0.000039
vertex 190.745483 160.496063 -0.000038
endloop
endfacet
facet normal -0.000000 0.000000 1.000000
outer loop
vertex 201.977661 172.920471 -0.000039
vertex 190.745483 160.496063 -0.000038
vertex 202.278198 160.780121 -0.000038
endloop
endfacet
facet normal 0.000000 0.000000 1.000000
outer loop
vertex 208.601074 -193.167038 19.999989
vertex 209.280151 -234.565155 19.999992
vertex 236.865112 -234.116638 19.999992
endloop
endfacet
facet normal 0.000000 0.000000 1.000000
outer loop
vertex 208.601074 -193.167038 19.999989
vertex 236.865112 -234.116638 19.999992
vertex 236.186035 -192.718506 19.999989
endloop
endfacet
facet normal -0.999866 -0.016401 0.000000
outer loop
vertex 209.280151 -234.565155 -0.000008
vertex 209.280151 -234.565155 19.999992
vertex 208.601074 -193.167038 19.999989
endloop
endfacet
facet normal -0.999865 -0.016401 0.000000
outer loop
vertex 209.280151 -234.565155 -0.000008
vertex 208.601074 -193.167038 19.999989
vertex 208.601074 -193.167038 -0.000011
endloop
endfacet
facet normal 0.016257 -0.999868 0.000000
outer loop
vertex 236.865112 -234.116638 -0.000008
vertex 236.865112 -234.116638 19.999992
vertex 209.280151 -234.565155 19.999992
endloop
endfacet
facet normal 0.016257 -0.999868 0.000000
outer loop
vertex 236.865112 -234.116638 -0.000008
vertex 209.280151 -234.565155 19.999992
vertex 209.280151 -234.565155 -0.000008
endloop
endfacet
facet normal 0.999865 0.016401 0.000000
outer loop
vertex 236.186035 -192.718506 -0.000011
vertex 236.186035 -192.718506 19.999989
vertex 236.865112 -234.116638 19.999992
endloop
endfacet
facet normal 0.999866 0.016401 0.000000
outer loop
vertex 236.186035 -192.718506 -0.000011
vertex 236.865112 -234.116638 19.999992
vertex 236.865112 -234.116638 -0.000008
endloop
endfacet
facet normal -0.016258 0.999868 0.000000
outer loop
vertex 208.601074 -193.167038 -0.000011
vertex 208.601074 -193.167038 19.999989
vertex 236.186035 -192.718506 19.999989
endloop
endfacet
facet normal -0.016258 0.999868 0.000000
outer loop
vertex 208.601074 -193.167038 -0.000011
vertex 236.186035 -192.718506 19.999989
vertex 236.186035 -192.718506 -0.000011
endloop
endfacet
facet normal -0.000000 0.000000 1.000000
outer loop
vertex 237.889282 -315.088440 -0.000002
vertex 236.865112 -234.116638 -0.000008
vertex 209.280151 -234.565155 -0.000008
endloop
endfacet
facet normal -0.000000 0.000000 1.000000
outer loop
vertex 209.280151 -234.565155 -0.000008
vertex 206.029663 -234.624969 -0.000008
vertex 207.354370 -315.447235 -0.000002
endloop
endfacet
facet normal 0.000000 0.000000 1.000000
outer loop
vertex 207.354370 -315.447235 -0.000002
vertex 214.122559 -315.372498 -0.000002
vertex 237.889282 -315.088440 -0.000002
endloop
endfacet
facet normal -0.000000 0.000000 1.000000
outer loop
vertex 209.280151 -234.565155 -0.000008
vertex 207.354370 -315.447235 -0.000002
vertex 237.889282 -315.088440 -0.000002
endloop
endfacet
facet normal 0.000000 0.000000 1.000000
outer loop
vertex -167.925903 -204.290268 2.999990
vertex -167.235718 -244.402618 2.999993
vertex -147.465454 -244.118561 2.999993
endloop
endfacet
facet normal 0.000000 0.000000 1.000000
outer loop
vertex -167.925903 -204.290268 2.999990
vertex -147.465454 -244.118561 2.999993
vertex -147.921875 -203.916504 2.999990
endloop
endfacet
facet normal -0.999852 -0.017204 0.000000
outer loop
vertex -167.235718 -244.402618 -0.000007
vertex -167.235718 -244.402618 2.999993
vertex -167.925903 -204.290268 2.999990
endloop
endfacet
facet normal -0.999852 -0.017204 0.000000
outer loop
vertex -167.235718 -244.402618 -0.000007
vertex -167.925903 -204.290268 2.999990
vertex -167.925903 -204.290268 -0.000010
endloop
endfacet
facet normal 0.014366 -0.999897 0.000000
outer loop
vertex -147.465454 -244.118561 -0.000007
vertex -147.465454 -244.118561 2.999993
vertex -167.235718 -244.402618 2.999993
endloop
endfacet
facet normal 0.014366 -0.999897 0.000000
outer loop
vertex -147.465454 -244.118561 -0.000007
vertex -167.235718 -244.402618 2.999993
vertex -167.235718 -244.402618 -0.000007
endloop
endfacet
facet normal 0.999936 0.011352 0.000000
outer loop
vertex -147.921875 -203.916504 -0.000010
vertex -147.921875 -203.916504 2.999990
vertex -147.465454 -244.118561 2.999993
endloop
endfacet
facet normal 0.999936 0.011352 0.000000
outer loop
vertex -147.921875 -203.916504 -0.000010
vertex -147.465454 -244.118561 2.999993
vertex -147.465454 -244.118561 -0.000007
endloop
endfacet
facet normal -0.018681 0.999825 0.000000
outer loop
vertex -167.925903 -204.290268 -0.000010
vertex -167.925903 -204.290268 2.999990
vertex -147.921875 -203.916504 2.999990
endloop
endfacet
facet normal -0.018681 0.999825 0.000000
outer loop
vertex -167.925903 -204.290268 -0.000010
vertex -147.921875 -203.916504 2.999990
vertex -147.921875 -203.916504 -0.000010
endloop
endfacet
facet normal 0.000000 0.000000 1.000000
outer loop
vertex -312.819336 287.282715 123.999954
vertex -321.724976 286.849121 123.999954
vertex -320.878906 206.396240 123.999962
endloop
endfacet
facet normal 0.000000 0.000000 1.000000
outer loop
vertex -320.878906 206.396240 123.999962
vertex -267.467773 206.994263 123.999962
vertex -268.736816 287.507019 123.999954
endloop
endfacet
facet normal 0.000000 0.000000 1.000000
outer loop
vertex -320.878906 206.396240 123.999962
vertex -268.736816 287.507019 123.999954
vertex -312.819336 287.282715 123.999954
endloop
endfacet
facet normal -0.999945 -0.010516 0.000000
outer loop
vertex -320.878906 206.396240 -0.000041
vertex -320.878906 206.396240 123.999962
vertex -321.724976 286.849121 123.999954
endloop
endfacet
facet normal -0.999945 -0.010517 0.000000
outer loop
vertex -320.878906 206.396240 -0.000041
vertex -321.724976 286.849121 123.999954
vertex -321.724976 286.849121 -0.000047
endloop
endfacet
facet normal 0.011196 -0.999937 0.000000
outer loop
vertex -267.467773 206.994263 -0.000041
vertex -267.467773 206.994263 123.999962
vertex -320.878906 206.396240 123.999962
endloop
endfacet
facet normal 0.011196 -0.999937 0.000000
outer loop
vertex -267.467773 206.994263 -0.000041
vertex -320.878906 206.396240 123.999962
vertex -320.878906 206.396240 -0.000041
endloop
endfacet
facet normal 0.999876 0.015760 0.000000
outer loop
vertex -268.736816 287.507019 -0.000047
vertex -268.736816 287.507019 123.999954
vertex -267.467773 206.994263 123.999962
endloop
endfacet
facet normal 0.999876 0.015761 0.000000
outer loop
vertex -268.736816 287.507019 -0.000047
vertex -267.467773 206.994263 123.999962
vertex -267.467773 206.994263 -0.000041
endloop
endfacet
facet normal -0.005088 0.999987 0.000000
outer loop
vertex -312.819336 287.282715 -0.000047
vertex -312.819336 287.282715 123.999954
vertex -268.736816 287.507019 123.999954
endloop
endfacet
facet normal -0.005088 0.999987 0.000000
outer loop
vertex -312.819336 287.282715 -0.000047
vertex -268.736816 287.507019 123.999954
vertex -268.736816 287.507019 -0.000047
endloop
endfacet
facet normal -0.048630 0.998817 0.000000
outer loop
vertex -321.724976 286.849121 -0.000047
vertex -321.724976 286.849121 123.999954
vertex -312.819336 287.282715 123.999954
endloop
endfacet
facet normal -0.048630 0.998817 0.000000
outer loop
vertex -321.724976 286.849121 -0.000047
vertex -312.819336 287.282715 123.999954
vertex -312.819336 287.282715 -0.000047
endloop
endfacet
facet normal 0.000000 0.000000 1.000000
outer loop
vertex -348.808960 286.550110 163.899948
vertex -402.041992 285.473633 163.899948
vertex -400.850830 204.901123 163.899948
endloop
endfacet
facet normal 0.000001 0.000000 1.000000
outer loop
vertex -347.962891 206.112183 163.899948
vertex -320.878906 206.396240 163.899948
vertex -321.724976 286.849121 163.899948
endloop
endfacet
facet normal -0.000000 0.000000 1.000000
outer loop
vertex -348.808960 286.550110 163.899948
vertex -400.850830 204.901123 163.899948
vertex -347.962891 206.112183 163.899948
endloop
endfacet
facet normal 0.000000 0.000000 1.000000
outer loop
vertex -347.962891 206.112183 163.899948
vertex -321.724976 286.849121 163.899948
vertex -348.808960 286.550110 163.899948
endloop
endfacet
facet normal -0.999891 -0.014782 0.000000
outer loop
vertex -400.850830 204.901123 -0.000041
vertex -400.850830 204.901123 163.899948
vertex -402.041992 285.473633 163.899948
endloop
endfacet
facet normal -0.999891 -0.014782 0.000000
outer loop
vertex -400.850830 204.901123 -0.000041
vertex -402.041992 285.473633 163.899948
vertex -402.041992 285.473633 -0.000047
endloop
endfacet
facet normal 0.022893 -0.999738 0.000000
outer loop
vertex -347.962891 206.112183 -0.000041
vertex -347.962891 206.112183 163.899948
vertex -400.850830 204.901123 163.899948
endloop
endfacet
facet normal 0.022893 -0.999738 0.000000
outer loop
vertex -347.962891 206.112183 -0.000041
vertex -400.850830 204.901123 163.899948
vertex -400.850830 204.901123 -0.000041
endloop
endfacet
facet normal 0.010487 -0.999945 0.000000
outer loop
vertex -320.878906 206.396240 -0.000041
vertex -320.878906 206.396240 163.899948
vertex -347.962891 206.112183 163.899948
endloop
endfacet
facet normal 0.010487 -0.999945 0.000000
outer loop
vertex -320.878906 206.396240 -0.000041
vertex -347.962891 206.112183 163.899948
vertex -347.962891 206.112183 -0.000041
endloop
endfacet
facet normal 0.999945 0.010516 0.000000
outer loop
vertex -321.724976 286.849121 -0.000047
vertex -321.724976 286.849121 163.899948
vertex -320.878906 206.396240 163.899948
endloop
endfacet
facet normal 0.999945 0.010516 0.000000
outer loop
vertex -321.724976 286.849121 -0.000047
vertex -320.878906 206.396240 163.899948
vertex -320.878906 206.396240 -0.000041
endloop
endfacet
facet normal -0.011039 0.999939 0.000000
outer loop
vertex -348.808960 286.550110 -0.000047
vertex -348.808960 286.550110 163.899948
vertex -321.724976 286.849121 163.899948
endloop
endfacet
facet normal -0.011039 0.999939 0.000000
outer loop
vertex -348.808960 286.550110 -0.000047
vertex -321.724976 286.849121 163.899948
vertex -321.724976 286.849121 -0.000047
endloop
endfacet
facet normal -0.020218 0.999795 0.000000
outer loop
vertex -402.041992 285.473633 -0.000047
vertex -402.041992 285.473633 163.899948
vertex -348.808960 286.550110 163.899948
endloop
endfacet
facet normal -0.020218 0.999796 0.000000
outer loop
vertex -402.041992 285.473633 -0.000047
vertex -348.808960 286.550110 163.899948
vertex -348.808960 286.550110 -0.000047
endloop
endfacet
facet normal -0.999770 -0.021429 0.000000
outer loop
vertex 448.605957 32.799072 -0.000028
vertex 448.605957 32.799072 56.999973
vertex 447.548401 82.137360 56.999969
endloop
endfacet
facet normal -0.999770 -0.021430 0.000000
outer loop
vertex 448.605957 32.799072 -0.000028
vertex 447.548401 82.137360 56.999969
vertex 447.548401 82.137360 -0.000032
endloop
endfacet
facet normal 0.021468 -0.999770 0.000000
outer loop
vertex 508.484680 34.084869 -0.000028
vertex 448.605957 32.799072 56.999973
vertex 448.605957 32.799072 -0.000028
endloop
endfacet
facet normal 0.000000 0.000000 1.000000
outer loop
vertex 299.237427 478.392883 71.999939
vertex 252.961914 477.510742 71.999939
vertex 255.533447 405.548706 71.999947
endloop
endfacet
facet normal 0.000000 0.000000 1.000000
outer loop
vertex 255.533447 405.548706 71.999947
vertex 281.125732 405.473938 71.999947
vertex 280.814087 414.265442 71.999947
endloop
endfacet
facet normal 0.000000 0.000000 1.000000
outer loop
vertex 280.814087 414.265442 71.999947
vertex 300.450806 414.639221 71.999947
vertex 299.237427 478.392883 71.999939
endloop
endfacet
facet normal 0.000000 0.000000 1.000000
outer loop
vertex 255.533447 405.548706 71.999947
vertex 280.814087 414.265442 71.999947
vertex 299.237427 478.392883 71.999939
endloop
endfacet
facet normal -0.999362 -0.035711 0.000000
outer loop
vertex 255.533447 405.548706 -0.000056
vertex 255.533447 405.548706 71.999947
vertex 252.961914 477.510742 71.999939
endloop
endfacet
facet normal -0.999362 -0.035712 0.000000
outer loop
vertex 255.533447 405.548706 -0.000056
vertex 252.961914 477.510742 71.999939
vertex 252.961914 477.510742 -0.000062
endloop
endfacet
facet normal -0.002921 -0.999996 0.000000
outer loop
vertex 281.125732 405.473938 -0.000056
vertex 281.125732 405.473938 71.999947
vertex 255.533447 405.548706 71.999947
endloop
endfacet
facet normal -0.002921 -0.999996 0.000000
outer loop
vertex 281.125732 405.473938 -0.000056
vertex 255.533447 405.548706 71.999947
vertex 255.533447 405.548706 -0.000056
endloop
endfacet
facet normal 0.999372 0.035431 0.000000
outer loop
vertex 280.814087 414.265442 -0.000057
vertex 280.814087 414.265442 71.999947
vertex 281.125732 405.473938 71.999947
endloop
endfacet
facet normal 0.999372 0.035425 0.000000
outer loop
vertex 280.814087 414.265442 -0.000057
vertex 281.125732 405.473938 71.999947
vertex 281.125732 405.473938 -0.000056
endloop
endfacet
facet normal 0.019031 -0.999819 0.000000
outer loop
vertex 300.450806 414.639221 -0.000057
vertex 300.450806 414.639221 71.999947
vertex 280.814087 414.265442 71.999947
endloop
endfacet
facet normal 0.019031 -0.999819 0.000000
outer loop
vertex 300.450806 414.639221 -0.000057
vertex 280.814087 414.265442 71.999947
vertex 280.814087 414.265442 -0.000057
endloop
endfacet
facet normal 0.999819 0.019030 0.000000
outer loop
vertex 299.237427 478.392883 -0.000062
vertex 299.237427 478.392883 71.999939
vertex 300.450806 414.639221 71.999947
endloop
endfacet
facet normal 0.999819 0.019028 0.000000
outer loop
vertex 299.237427 478.392883 -0.000062
vertex 300.450806 414.639221 71.999947
vertex 300.450806 414.639221 -0.000057
endloop
endfacet
facet normal -0.019059 0.999818 0.000000
outer loop
vertex 252.961914 477.510742 -0.000062
vertex 252.961914 477.510742 71.999939
vertex 299.237427 478.392883 71.999939
endloop
endfacet
facet normal -0.019059 0.999818 0.000000
outer loop
vertex 252.961914 477.510742 -0.000062
vertex 299.237427 478.392883 71.999939
vertex 299.237427 478.392883 -0.000062
endloop
endfacet
facet normal 0.000000 0.000000 1.000000
outer loop
vertex 336.685303 482.848450 62.999939
vertex 301.864624 482.504578 62.999939
vertex 302.632690 403.844238 62.999943
endloop
endfacet
facet normal -0.000000 0.000000 1.000000
outer loop
vertex 302.632690 403.844238 62.999943
vertex 337.453369 404.188110 62.999943
vertex 337.609253 415.177490 62.999943
endloop
endfacet
facet normal -0.000001 0.000000 1.000000
outer loop
vertex 337.063843 444.766663 62.999943
vertex 336.685303 482.848450 62.999939
vertex 302.632690 403.844238 62.999943
endloop
endfacet
facet normal 0.000000 0.000000 1.000000
outer loop
vertex 302.632690 403.844238 62.999943
vertex 337.609253 415.177490 62.999943
vertex 337.063843 444.766663 62.999943
endloop
endfacet
facet normal -0.999952 -0.009764 0.000000
outer loop
vertex 302.632690 403.844238 -0.000056
vertex 302.632690 403.844238 62.999943
vertex 301.864624 482.504578 62.999939
endloop
endfacet
facet normal -0.999952 -0.009764 0.000000
outer loop
vertex 302.632690 403.844238 -0.000056
vertex 301.864624 482.504578 62.999939
vertex 301.864624 482.504578 -0.000062
endloop
endfacet
facet normal 0.009875 -0.999951 0.000000
outer loop
vertex 337.453369 404.188110 -0.000056
vertex 337.453369 404.188110 62.999943
vertex 302.632690 403.844238 62.999943
endloop
endfacet
facet normal 0.009875 -0.999951 0.000000
outer loop
vertex 337.453369 404.188110 -0.000056
vertex 302.632690 403.844238 62.999943
vertex 302.632690 403.844238 -0.000056
endloop
endfacet
facet normal 0.999899 -0.014183 0.000000
outer loop
vertex 337.609253 415.177490 -0.000057
vertex 337.609253 415.177490 62.999943
vertex 337.453369 404.188110 62.999943
endloop
endfacet
facet normal 0.999899 -0.014183 0.000000
outer loop
vertex 337.609253 415.177490 -0.000057
vertex 337.453369 404.188110 62.999943
vertex 337.453369 404.188110 -0.000056
endloop
endfacet
facet normal 0.999830 0.018431 0.000000
outer loop
vertex 337.063843 444.766663 -0.000059
vertex 337.063843 444.766663 62.999943
vertex 337.609253 415.177490 62.999943
endloop
endfacet
facet normal 0.999830 0.018429 0.000000
outer loop
vertex 337.063843 444.766663 -0.000059
vertex 337.609253 415.177490 62.999943
vertex 337.609253 415.177490 -0.000057
endloop
endfacet
facet normal 0.999951 0.009940 0.000000
outer loop
vertex 336.685303 482.848450 -0.000062
vertex 336.685303 482.848450 62.999939
vertex 337.063843 444.766663 62.999943
endloop
endfacet
facet normal 0.999951 0.009940 0.000000
outer loop
vertex 336.685303 482.848450 -0.000062
vertex 337.063843 444.766663 62.999943
vertex 337.063843 444.766663 -0.000059
endloop
endfacet
facet normal -0.009875 0.999951 0.000000
outer loop
vertex 301.864624 482.504578 -0.000062
vertex 301.864624 482.504578 62.999939
vertex 336.685303 482.848450 62.999939
endloop
endfacet
facet normal -0.009875 0.999951 0.000000
outer loop
vertex 301.864624 482.504578 -0.000062
vertex 336.685303 482.848450 62.999939
vertex 336.685303 482.848450 -0.000062
endloop
endfacet
facet normal 0.000000 0.000000 1.000000
outer loop
vertex 267.177490 289.301147 177.999954
vertex 257.481445 289.420776 177.999954
vertex 257.492676 287.088379 177.999954
endloop
endfacet
facet normal -0.000001 0.000000 1.000000
outer loop
vertex 257.492676 287.088379 177.999954
vertex 257.681885 220.136414 177.999954
vertex 267.678345 219.807495 177.999954
endloop
endfacet
facet normal 0.000000 0.000000 1.000000
outer loop
vertex 267.678345 219.807495 177.999954
vertex 267.311035 213.408386 177.999954
vertex 324.250977 214.484863 177.999954
endloop
endfacet
facet normal -0.000000 0.000000 1.000000
outer loop
vertex 324.250977 214.484863 177.999954
vertex 403.087402 215.471619 177.999954
vertex 402.096680 294.638794 177.999954
endloop
endfacet
facet normal 0.000000 0.000000 1.000000
outer loop
vertex 402.096680 294.638794 177.999954
vertex 323.260132 293.651978 177.999954
vertex 267.756348 292.620361 177.999954
endloop
endfacet
facet normal 0.000000 0.000000 1.000000
outer loop
vertex 267.177490 289.301147 177.999954
vertex 257.492676 287.088379 177.999954
vertex 267.678345 219.807495 177.999954
endloop
endfacet
facet normal 0.000000 0.000000 1.000000
outer loop
vertex 402.096680 294.638794 177.999954
vertex 267.756348 292.620361 177.999954
vertex 267.177490 289.301147 177.999954
endloop
endfacet
facet normal 0.000000 0.000000 1.000000
outer loop
vertex 267.678345 219.807495 177.999954
vertex 324.250977 214.484863 177.999954
vertex 402.096680 294.638794 177.999954
endloop
endfacet
facet normal 0.000000 0.000000 1.000000
outer loop
vertex 267.678345 219.807495 177.999954
vertex 402.096680 294.638794 177.999954
vertex 267.177490 289.301147 177.999954
endloop
endfacet
facet normal -0.999988 -0.004817 0.000000
outer loop
vertex 257.492676 287.088379 -0.000047
vertex 257.492676 287.088379 177.999954
vertex 257.481445 289.420776 177.999954
endloop
endfacet
facet normal -0.999988 -0.004817 0.000000
outer loop
vertex 257.492676 287.088379 -0.000047
vertex 257.481445 289.420776 177.999954
vertex 257.481445 289.420776 -0.000047
endloop
endfacet
facet normal -0.999996 -0.002826 0.000000
outer loop
vertex 257.681885 220.136414 -0.000042
vertex 257.681885 220.136414 177.999954
vertex 257.492676 287.088379 177.999954
endloop
endfacet
facet normal -0.999996 -0.002826 0.000000
outer loop
vertex 257.681885 220.136414 -0.000042
vertex 257.492676 287.088379 177.999954
vertex 257.492676 287.088379 -0.000047
endloop
endfacet
facet normal -0.032886 -0.999459 0.000000
outer loop
vertex 267.678345 219.807495 -0.000042
vertex 267.678345 219.807495 177.999954
vertex 257.681885 220.136414 177.999954
endloop
endfacet
facet normal -0.032886 -0.999459 0.000000
outer loop
vertex 267.678345 219.807495 -0.000042
vertex 257.681885 220.136414 177.999954
vertex 257.681885 220.136414 -0.000042
endloop
endfacet
facet normal -0.998357 0.057307 0.000000
outer loop
vertex 267.311035 213.408386 -0.000042
vertex 267.311035 213.408386 177.999954
vertex 267.678345 219.807495 177.999954
endloop
endfacet
facet normal -0.998357 0.057307 0.000000
outer loop
vertex 267.311035 213.408386 -0.000042
vertex 267.678345 219.807495 177.999954
vertex 267.678345 219.807495 -0.000042
endloop
endfacet
facet normal 0.018902 -0.999821 0.000000
outer loop
vertex 324.250977 214.484863 -0.000042
vertex 324.250977 214.484863 177.999954
vertex 267.311035 213.408386 177.999954
endloop
endfacet
facet normal 0.018902 -0.999821 0.000000
outer loop
vertex 324.250977 214.484863 -0.000042
vertex 267.311035 213.408386 177.999954
vertex 267.311035 213.408386 -0.000042
endloop
endfacet
facet normal 0.012516 -0.999922 0.000000
outer loop
vertex 403.087402 215.471619 -0.000042
vertex 403.087402 215.471619 177.999954
vertex 324.250977 214.484863 177.999954
endloop
endfacet
facet normal 0.012516 -0.999922 0.000000
outer loop
vertex 403.087402 215.471619 -0.000042
vertex 324.250977 214.484863 177.999954
vertex 324.250977 214.484863 -0.000042
endloop
endfacet
facet normal 0.999922 0.012513 0.000000
outer loop
vertex 402.096680 294.638794 -0.000048
vertex 402.096680 294.638794 177.999954
vertex 403.087402 215.471619 177.999954
endloop
endfacet
facet normal 0.999922 0.012513 0.000000
outer loop
vertex 402.096680 294.638794 -0.000048
vertex 403.087402 215.471619 177.999954
vertex 403.087402 215.471619 -0.000042
endloop
endfacet
facet normal -0.012516 0.999922 0.000000
outer loop
vertex 323.260132 293.651978 -0.000048
vertex 323.260132 293.651978 177.999954
vertex 402.096680 294.638794 177.999954
endloop
endfacet
facet normal -0.012516 0.999922 0.000000
outer loop
vertex 323.260132 293.651978 -0.000048
vertex 402.096680 294.638794 177.999954
vertex 402.096680 294.638794 -0.000048
endloop
endfacet
facet normal -0.018583 0.999827 0.000000
outer loop
vertex 267.756348 292.620361 -0.000048
vertex 267.756348 292.620361 177.999954
vertex 323.260132 293.651978 177.999954
endloop
endfacet
facet normal -0.018583 0.999827 0.000000
outer loop
vertex 267.756348 292.620361 -0.000048
vertex 323.260132 293.651978 177.999954
vertex 323.260132 293.651978 -0.000048
endloop
endfacet
facet normal -0.985131 0.171807 0.000000
outer loop
vertex 267.177490 289.301147 -0.000047
vertex 267.177490 289.301147 177.999954
vertex 267.756348 292.620361 177.999954
endloop
endfacet
facet normal -0.985133 0.171794 0.000000
outer loop
vertex 267.177490 289.301147 -0.000047
vertex 267.756348 292.620361 177.999954
vertex 267.756348 292.620361 -0.000048
endloop
endfacet
facet normal 0.012337 0.999924 0.000000
outer loop
vertex 257.481445 289.420776 -0.000047
vertex 257.481445 289.420776 177.999954
vertex 267.177490 289.301147 177.999954
endloop
endfacet
facet normal 0.012337 0.999924 0.000000
outer loop
vertex 257.481445 289.420776 -0.000047
vertex 267.177490 289.301147 177.999954
vertex 267.177490 289.301147 -0.000047
endloop
endfacet
facet normal -0.000000 0.000000 1.000000
outer loop
vertex 189.843750 465.041077 -0.000061
vertex 190.300171 429.097412 -0.000058
vertex 201.532349 429.246887 -0.000058
endloop
endfacet
facet normal -0.000000 0.000000 1.000000
outer loop
vertex 189.843750 465.041077 -0.000061
vertex 201.532349 429.246887 -0.000058
vertex 201.075928 465.190552 -0.000061
endloop
endfacet
facet normal 0.017690 -0.999844 0.000000
outer loop
vertex -437.419312 479.080627 -0.000062
vertex -437.419312 479.080627 77.999939
vertex -467.842896 478.542358 77.999939
endloop
endfacet
facet normal 0.017690 -0.999844 0.000000
outer loop
vertex -437.419312 479.080627 -0.000062
vertex -467.842896 478.542358 77.999939
vertex -467.842896 478.542358 -0.000062
endloop
endfacet
facet normal 0.000000 0.000000 1.000000
outer loop
vertex -397.522339 397.504761 107.499947
vertex -349.276489 398.102844 107.499947
vertex -349.398926 407.716675 107.499947
endloop
endfacet
facet normal 0.000000 0.000000 1.000000
outer loop
vertex -349.398926 407.716675 107.499947
vertex -340.471191 407.836243 107.499947
vertex -341.105713 458.267944 107.499939
endloop
endfacet
facet normal 0.000000 0.000000 1.000000
outer loop
vertex -350.868408 458.133423 107.499939
vertex -351.046509 472.800964 107.499939
vertex -398.468628 472.187927 107.499939
endloop
endfacet
facet normal 0.000000 0.000000 1.000000
outer loop
vertex -349.398926 407.716675 107.499947
vertex -341.105713 458.267944 107.499939
vertex -350.868408 458.133423 107.499939
endloop
endfacet
facet normal 0.000000 0.000000 1.000000
outer loop
vertex -398.468628 472.187927 107.499939
vertex -397.522339 397.504761 107.499947
vertex -349.398926 407.716675 107.499947
endloop
endfacet
facet normal 0.000000 0.000000 1.000000
outer loop
vertex -349.398926 407.716675 107.499947
vertex -350.868408 458.133423 107.499939
vertex -398.468628 472.187927 107.499939
endloop
endfacet
facet normal 0.999919 0.012729 0.000000
outer loop
vertex -349.398926 407.716675 -0.000056
vertex -349.398926 407.716675 107.499947
vertex -349.276489 398.102844 107.499947
endloop
endfacet
facet normal 0.999919 0.012736 0.000000
outer loop
vertex -349.398926 407.716675 -0.000056
vertex -349.276489 398.102844 107.499947
vertex -349.276489 398.102844 -0.000056
endloop
endfacet
facet normal 0.013392 -0.999910 0.000000
outer loop
vertex -340.471191 407.836243 -0.000056
vertex -340.471191 407.836243 107.499947
vertex -349.398926 407.716675 107.499947
endloop
endfacet
facet normal 0.013392 -0.999910 0.000000
outer loop
vertex -340.471191 407.836243 -0.000056
vertex -349.398926 407.716675 107.499947
vertex -349.398926 407.716675 -0.000056
endloop
endfacet
facet normal 0.999921 0.012580 0.000000
outer loop
vertex -341.105713 458.267944 -0.000060
vertex -341.105713 458.267944 107.499939
vertex -340.471191 407.836243 107.499947
endloop
endfacet
facet normal 0.999921 0.012582 0.000000
outer loop
vertex -341.105713 458.267944 -0.000060
vertex -340.471191 407.836243 107.499947
vertex -340.471191 407.836243 -0.000056
endloop
endfacet
facet normal -0.013778 0.999905 0.000000
outer loop
vertex -350.868408 458.133423 -0.000060
vertex -350.868408 458.133423 107.499939
vertex -341.105713 458.267944 107.499939
endloop
endfacet
facet normal -0.013778 0.999905 0.000000
outer loop
vertex -350.868408 458.133423 -0.000060
vertex -341.105713 458.267944 107.499939
vertex -341.105713 458.267944 -0.000060
endloop
endfacet
facet normal 0.999926 0.012143 0.000000
outer loop
vertex -351.046509 472.800964 -0.000061
vertex -351.046509 472.800964 107.499939
vertex -350.868408 458.133423 107.499939
endloop
endfacet
facet normal 0.999926 0.012138 0.000000
outer loop
vertex -351.046509 472.800964 -0.000061
vertex -350.868408 458.133423 107.499939
vertex -350.868408 458.133423 -0.000060
endloop
endfacet
facet normal -0.012926 0.999916 0.000000
outer loop
vertex -398.468628 472.187927 -0.000061
vertex -398.468628 472.187927 107.499939
vertex -351.046509 472.800964 107.499939
endloop
endfacet
facet normal -0.012926 0.999916 0.000000
outer loop
vertex -398.468628 472.187927 -0.000061
vertex -351.046509 472.800964 107.499939
vertex -351.046509 472.800964 -0.000061
endloop
endfacet
facet normal -0.999920 -0.012670 0.000000
outer loop
vertex -397.522339 397.504761 -0.000056
vertex -397.522339 397.504761 107.499947
vertex -398.468628 472.187927 107.499939
endloop
endfacet
facet normal -0.999920 -0.012670 0.000000
outer loop
vertex -397.522339 397.504761 -0.000056
vertex -398.468628 472.187927 107.499939
vertex -398.468628 472.187927 -0.000061
endloop
endfacet
facet normal 0.012396 -0.999923 0.000000
outer loop
vertex -349.276489 398.102844 -0.000056
vertex -349.276489 398.102844 107.499947
vertex -397.522339 397.504761 107.499947
endloop
endfacet
facet normal 0.012396 -0.999923 0.000000
outer loop
vertex -349.276489 398.102844 -0.000056
vertex -397.522339 397.504761 107.499947
vertex -397.522339 397.504761 -0.000056
endloop
endfacet
facet normal 0.000004 0.000000 1.000000
outer loop
vertex 30.779419 367.736328 68.999947
vertex 26.226440 367.661560 68.999947
vertex 27.295044 307.646484 68.999954
endloop
endfacet
facet normal 0.000000 0.000000 1.000000
outer loop
vertex 31.603149 307.721252 68.999954
vertex 31.647705 305.418762 68.999954
vertex 60.446045 305.942017 68.999954
endloop
endfacet
facet normal -0.000002 0.000000 1.000000
outer loop
vertex 30.779419 367.736328 68.999947
vertex 27.295044 307.646484 68.999954
vertex 31.603149 307.721252 68.999954
endloop
endfacet
facet normal 0.000000 0.000000 1.000000
outer loop
vertex 59.221436 374.105652 68.999947
vertex 30.679199 373.582336 68.999947
vertex 30.779419 367.736328 68.999947
endloop
endfacet
facet normal 0.000000 0.000000 1.000000
outer loop
vertex 31.603149 307.721252 68.999954
vertex 60.446045 305.942017 68.999954
vertex 59.221436 374.105652 68.999947
endloop
endfacet
facet normal 0.000000 0.000000 1.000000
outer loop
vertex 31.603149 307.721252 68.999954
vertex 59.221436 374.105652 68.999947
vertex 30.779419 367.736328 68.999947
endloop
endfacet
facet normal -0.999842 -0.017803 0.000000
outer loop
vertex 27.295044 307.646484 -0.000049
vertex 27.295044 307.646484 68.999954
vertex 26.226440 367.661560 68.999947
endloop
endfacet
facet normal -0.999842 -0.017803 0.000000
outer loop
vertex 27.295044 307.646484 -0.000049
vertex 26.226440 367.661560 68.999947
vertex 26.226440 367.661560 -0.000053
endloop
endfacet
facet normal 0.017353 -0.999849 0.000000
outer loop
vertex 31.603149 307.721252 -0.000049
vertex 31.603149 307.721252 68.999954
vertex 27.295044 307.646484 68.999954
endloop
endfacet
facet normal 0.017353 -0.999849 0.000000
outer loop
vertex 31.603149 307.721252 -0.000049
vertex 27.295044 307.646484 68.999954
vertex 27.295044 307.646484 -0.000049
endloop
endfacet
facet normal -0.999813 -0.019347 0.000000
outer loop
vertex 31.647705 305.418762 -0.000049
vertex 31.647705 305.418762 68.999954
vertex 31.603149 307.721252 68.999954
endloop
endfacet
facet normal -0.999813 -0.019350 0.000000
outer loop
vertex 31.647705 305.418762 -0.000049
vertex 31.603149 307.721252 68.999954
vertex 31.603149 307.721252 -0.000049
endloop
endfacet
facet normal 0.018167 -0.999835 0.000000
outer loop
vertex 60.446045 305.942017 -0.000049
vertex 60.446045 305.942017 68.999954
vertex 31.647705 305.418762 68.999954
endloop
endfacet
facet normal 0.018167 -0.999835 0.000000
outer loop
vertex 60.446045 305.942017 -0.000049
vertex 31.647705 305.418762 68.999954
vertex 31.647705 305.418762 -0.000049
endloop
endfacet
facet normal 0.999839 0.017963 0.000000
outer loop
vertex 59.221436 374.105652 -0.000054
vertex 59.221436 374.105652 68.999947
vertex 60.446045 305.942017 68.999954
endloop
endfacet
facet normal 0.999839 0.017963 0.000000
outer loop
vertex 59.221436 374.105652 -0.000054
vertex 60.446045 305.942017 68.999954
vertex 60.446045 305.942017 -0.000049
endloop
endfacet
facet normal -0.018332 0.999832 0.000000
outer loop
vertex 30.679199 373.582336 -0.000054
vertex 30.679199 373.582336 68.999947
vertex 59.221436 374.105652 68.999947
endloop
endfacet
facet normal -0.018332 0.999832 0.000000
outer loop
vertex 30.679199 373.582336 -0.000054
vertex 59.221436 374.105652 68.999947
vertex 59.221436 374.105652 -0.000054
endloop
endfacet
facet normal -0.999853 -0.017140 0.000000
outer loop
vertex 30.779419 367.736328 -0.000053
vertex 30.779419 367.736328 68.999947
vertex 30.679199 373.582336 68.999947
endloop
endfacet
facet normal -0.999853 -0.017140 0.000000
outer loop
vertex 30.779419 367.736328 -0.000053
vertex 30.679199 373.582336 68.999947
vertex 30.679199 373.582336 -0.000054
endloop
endfacet
facet normal -0.016420 0.999865 0.000000
outer loop
vertex 26.226440 367.661560 -0.000053
vertex 26.226440 367.661560 68.999947
vertex 30.779419 367.736328 68.999947
endloop
endfacet
facet normal -0.016420 0.999865 0.000000
outer loop
vertex 26.226440 367.661560 -0.000053
vertex 30.779419 367.736328 68.999947
vertex 30.779419 367.736328 -0.000053
endloop
endfacet
facet normal -0.000932 0.000006 1.000000
outer loop
vertex -13.514648 361.082886 59.999947
vertex -12.457153 301.740723 59.999950
vertex -12.356934 296.178772 59.999950
endloop
endfacet
facet normal 0.000000 0.000000 1.000000
outer loop
vertex -12.356934 296.178772 59.999950
vertex 27.484253 296.896423 59.999950
vertex 27.295044 307.646484 59.999950
endloop
endfacet
facet normal 0.000224 0.000001 1.000000
outer loop
vertex 27.295044 307.646484 59.999950
vertex 26.226440 367.661560 59.999947
vertex 26.115112 373.402954 59.999947
endloop
endfacet
facet normal 0.000000 0.000000 1.000000
outer loop
vertex 26.115112 373.402954 59.999947
vertex -13.726196 372.700195 59.999947
vertex -13.514648 361.082886 59.999947
endloop
endfacet
facet normal 0.000000 0.000000 1.000000
outer loop
vertex -13.514648 361.082886 59.999947
vertex -12.356934 296.178772 59.999950
vertex 27.295044 307.646484 59.999950
endloop
endfacet
facet normal -0.000000 0.000000 1.000000
outer loop
vertex -13.514648 361.082886 59.999947
vertex 27.295044 307.646484 59.999950
vertex 26.115112 373.402954 59.999947
endloop
endfacet
facet normal -0.999841 -0.017817 0.000000
outer loop
vertex -12.457153 301.740723 -0.000048
vertex -12.457153 301.740723 59.999950
vertex -13.514648 361.082886 59.999947
endloop
endfacet
facet normal -0.999841 -0.017817 0.000000
outer loop
vertex -12.457153 301.740723 -0.000048
vertex -13.514648 361.082886 59.999947
vertex -13.514648 361.082886 -0.000053
endloop
endfacet
facet normal -0.999838 -0.018016 0.000000
outer loop
vertex -12.356934 296.178772 -0.000048
vertex -12.356934 296.178772 59.999950
vertex -12.457153 301.740723 59.999950
endloop
endfacet
facet normal -0.999838 -0.018016 0.000000
outer loop
vertex -12.356934 296.178772 -0.000048
vertex -12.457153 301.740723 59.999950
vertex -12.457153 301.740723 -0.000048
endloop
endfacet
facet normal 0.018010 -0.999838 0.000000
outer loop
vertex 27.484253 296.896423 -0.000048
vertex 27.484253 296.896423 59.999950
vertex -12.356934 296.178772 59.999950
endloop
endfacet
facet normal 0.018010 -0.999838 0.000000
outer loop
vertex 27.484253 296.896423 -0.000048
vertex -12.356934 296.178772 59.999950
vertex -12.356934 296.178772 -0.000048
endloop
endfacet
facet normal 0.999845 0.017598 0.000000
outer loop
vertex 27.295044 307.646484 -0.000049
vertex 27.295044 307.646484 59.999950
vertex 27.484253 296.896423 59.999950
endloop
endfacet
facet normal 0.999845 0.017598 0.000000
outer loop
vertex 27.295044 307.646484 -0.000049
vertex 27.484253 296.896423 59.999950
vertex 27.484253 296.896423 -0.000048
endloop
endfacet
facet normal 0.999842 0.017803 0.000000
outer loop
vertex 26.226440 367.661560 -0.000053
vertex 26.226440 367.661560 59.999947
vertex 27.295044 307.646484 59.999950
endloop
endfacet
facet normal 0.999842 0.017803 0.000000
outer loop
vertex 26.226440 367.661560 -0.000053
vertex 27.295044 307.646484 59.999950
vertex 27.295044 307.646484 -0.000049
endloop
endfacet
facet normal 0.999812 0.019387 0.000000
outer loop
vertex 26.115112 373.402954 -0.000054
vertex 26.115112 373.402954 59.999947
vertex 26.226440 367.661560 59.999947
endloop
endfacet
facet normal 0.999812 0.019387 0.000000
outer loop
vertex 26.115112 373.402954 -0.000054
vertex 26.226440 367.661560 59.999947
vertex 26.226440 367.661560 -0.000053
endloop
endfacet
facet normal -0.017636 0.999844 0.000000
outer loop
vertex -13.726196 372.700195 -0.000054
vertex -13.726196 372.700195 59.999947
vertex 26.115112 373.402954 59.999947
endloop
endfacet
facet normal -0.017636 0.999844 0.000000
outer loop
vertex -13.726196 372.700195 -0.000054
vertex 26.115112 373.402954 59.999947
vertex 26.115112 373.402954 -0.000054
endloop
endfacet
facet normal -0.999834 -0.018207 0.000000
outer loop
vertex -13.514648 361.082886 -0.000053
vertex -13.514648 361.082886 59.999947
vertex -13.726196 372.700195 59.999947
endloop
endfacet
facet normal -0.999834 -0.018207 0.000000
outer loop
vertex -13.514648 361.082886 -0.000053
vertex -13.726196 372.700195 59.999947
vertex -13.726196 372.700195 -0.000054
endloop
endfacet
facet normal 0.000000 0.000000 1.000000
outer loop
vertex 233.959717 -320.425720 19.999998
vertex 237.956055 -320.365936 19.999998
vertex 237.889282 -315.088440 19.999998
endloop
endfacet
facet normal 0.000000 0.000000 1.000000
outer loop
vertex 237.889282 -315.088440 19.999998
vertex 214.122559 -315.372498 19.999998
vertex 214.189331 -320.739685 19.999998
endloop
endfacet
facet normal 0.000000 0.000000 1.000000
outer loop
vertex 214.189331 -320.739685 19.999998
vertex 216.449097 -320.709778 19.999998
vertex 233.959717 -320.425720 19.999998
endloop
endfacet
facet normal 0.000000 0.000000 1.000000
outer loop
vertex 233.959717 -320.425720 19.999998
vertex 237.889282 -315.088440 19.999998
vertex 214.189331 -320.739685 19.999998
endloop
endfacet
facet normal 0.014958 -0.999888 0.000000
outer loop
vertex 237.956055 -320.365936 -0.000001
vertex 237.956055 -320.365936 19.999998
vertex 233.959717 -320.425720 19.999998
endloop
endfacet
facet normal 0.014958 -0.999888 0.000000
outer loop
vertex 237.956055 -320.365936 -0.000001
vertex 233.959717 -320.425720 19.999998
vertex 233.959717 -320.425720 -0.000001
endloop
endfacet
facet normal 0.999920 0.012647 0.000000
outer loop
vertex 237.889282 -315.088440 -0.000002
vertex 237.889282 -315.088440 19.999998
vertex 237.956055 -320.365936 19.999998
endloop
endfacet
facet normal 0.999920 0.012656 0.000000
outer loop
vertex 237.889282 -315.088440 -0.000002
vertex 237.956055 -320.365936 19.999998
vertex 237.956055 -320.365936 -0.000001
endloop
endfacet
facet normal -0.011951 0.999929 0.000000
outer loop
vertex 214.122559 -315.372498 -0.000002
vertex 214.122559 -315.372498 19.999998
vertex 237.889282 -315.088440 19.999998
endloop
endfacet
facet normal -0.011951 0.999929 0.000000
outer loop
vertex 214.122559 -315.372498 -0.000002
vertex 237.889282 -315.088440 19.999998
vertex 237.889282 -315.088440 -0.000002
endloop
endfacet
facet normal -0.999923 -0.012435 0.000000
outer loop
vertex 214.189331 -320.739685 -0.000001
vertex 214.189331 -320.739685 19.999998
vertex 214.122559 -315.372498 19.999998
endloop
endfacet
facet normal -0.999923 -0.012444 0.000000
outer loop
vertex 214.189331 -320.739685 -0.000001
vertex 214.122559 -315.372498 19.999998
vertex 214.122559 -315.372498 -0.000002
endloop
endfacet
facet normal 0.013233 -0.999912 0.000000
outer loop
vertex 216.449097 -320.709778 -0.000001
vertex 216.449097 -320.709778 19.999998
vertex 214.189331 -320.739685 19.999998
endloop
endfacet
facet normal 0.013233 -0.999912 0.000000
outer loop
vertex 216.449097 -320.709778 -0.000001
vertex 214.189331 -320.739685 19.999998
vertex 214.189331 -320.739685 -0.000001
endloop
endfacet
facet normal 0.016220 -0.999868 0.000000
outer loop
vertex 233.959717 -320.425720 -0.000001
vertex 233.959717 -320.425720 19.999998
vertex 216.449097 -320.709778 19.999998
endloop
endfacet
facet normal 0.016220 -0.999868 0.000000
outer loop
vertex 233.959717 -320.425720 -0.000001
vertex 216.449097 -320.709778 19.999998
vertex 216.449097 -320.709778 -0.000001
endloop
endfacet
facet normal 0.000000 0.000000 1.000000
outer loop
vertex -398.769165 481.009399 26.999939
vertex -364.148804 481.442993 26.999939
vertex -364.249023 489.143127 26.999937
endloop
endfacet
facet normal 0.012523 -0.999922 0.000000
outer loop
vertex -364.148804 481.442993 -0.000062
vertex -364.148804 481.442993 26.999939
vertex -398.769165 481.009399 26.999939
endloop
endfacet
facet normal 0.012523 -0.999922 0.000000
outer loop
vertex -364.148804 481.442993 -0.000062
vertex -398.769165 481.009399 26.999939
vertex -398.769165 481.009399 -0.000062
endloop
endfacet
facet normal 0.999915 0.013017 0.000000
outer loop
vertex -364.249023 489.143127 -0.000062
vertex -364.249023 489.143127 26.999937
vertex -364.148804 481.442993 26.999939
endloop
endfacet
facet normal 0.999915 0.013010 0.000000
outer loop
vertex -364.249023 489.143127 -0.000062
vertex -364.148804 481.442993 26.999939
vertex -364.148804 481.442993 -0.000062
endloop
endfacet
facet normal 0.999897 0.014330 0.000000
outer loop
vertex -494.192261 272.406128 -0.000046
vertex -494.192261 272.406128 56.999954
vertex -493.212646 204.048889 56.999958
endloop
endfacet
facet normal 0.999897 0.014329 0.000000
outer loop
vertex -494.192261 272.406128 -0.000046
vertex -493.212646 204.048889 56.999958
vertex -493.212646 204.048889 -0.000041
endloop
endfacet
facet normal -0.000000 0.000000 1.000000
outer loop
vertex -14.572144 -236.239624 20.999992
vertex -13.125000 -344.181885 21.000000
vertex 27.595581 -343.000824 21.000000
endloop
endfacet
facet normal 0.000000 0.000000 1.000000
outer loop
vertex -14.572144 -236.239624 20.999992
vertex 27.595581 -343.000824 21.000000
vertex 25.191162 -235.267838 20.999992
endloop
endfacet
facet normal -0.999910 -0.013405 0.000000
outer loop
vertex -13.125000 -344.181885 0.000000
vertex -13.125000 -344.181885 21.000000
vertex -14.572144 -236.239624 20.999992
endloop
endfacet
facet normal -0.999910 -0.013405 0.000000
outer loop
vertex -13.125000 -344.181885 0.000000
vertex -14.572144 -236.239624 20.999992
vertex -14.572144 -236.239624 -0.000008
endloop
endfacet
facet normal 0.028992 -0.999580 0.000000
outer loop
vertex 27.595581 -343.000824 0.000000
vertex 27.595581 -343.000824 21.000000
vertex -13.125000 -344.181885 21.000000
endloop
endfacet
facet normal 0.028992 -0.999580 0.000000
outer loop
vertex 27.595581 -343.000824 0.000000
vertex -13.125000 -344.181885 21.000000
vertex -13.125000 -344.181885 0.000000
endloop
endfacet
facet normal 0.999751 0.022313 0.000000
outer loop
vertex 25.191162 -235.267838 -0.000008
vertex 25.191162 -235.267838 20.999992
vertex 27.595581 -343.000824 21.000000
endloop
endfacet
facet normal 0.999751 0.022313 0.000000
outer loop
vertex 25.191162 -235.267838 -0.000008
vertex 27.595581 -343.000824 21.000000
vertex 27.595581 -343.000824 0.000000
endloop
endfacet
facet normal -0.024432 0.999701 0.000000
outer loop
vertex -14.572144 -236.239624 -0.000008
vertex -14.572144 -236.239624 20.999992
vertex 25.191162 -235.267838 20.999992
endloop
endfacet
facet normal -0.024432 0.999701 0.000000
outer loop
vertex -14.572144 -236.239624 -0.000008
vertex 25.191162 -235.267838 20.999992
vertex 25.191162 -235.267838 -0.000008
endloop
endfacet
facet normal -0.000000 0.000000 1.000000
outer loop
vertex -497.776733 -76.476837 -0.000020
vertex -495.728394 -76.432007 -0.000020
vertex -463.479126 -40.535095 -0.000022
endloop
endfacet
facet normal -0.000000 0.000000 1.000000
outer loop
vertex -463.479126 -40.535095 -0.000022
vertex -460.061646 -40.475281 -0.000022
vertex -460.195312 -35.152771 -0.000023
endloop
endfacet
facet normal -0.000000 0.000000 1.000000
outer loop
vertex -460.195312 -35.152771 -0.000023
vertex -461.130371 0.295746 -0.000026
vertex -465.093262 0.235931 -0.000026
endloop
endfacet
facet normal -0.000000 0.000000 1.000000
outer loop
vertex -460.195312 -35.152771 -0.000023
vertex -465.093262 0.235931 -0.000026
vertex -498.979004 -0.362091 -0.000026
endloop
endfacet
facet normal -0.000000 0.000000 1.000000
outer loop
vertex -497.776733 -76.476837 -0.000020
vertex -463.479126 -40.535095 -0.000022
vertex -460.195312 -35.152771 -0.000023
endloop
endfacet
facet normal -0.000000 0.000000 1.000000
outer loop
vertex -497.776733 -76.476837 -0.000020
vertex -460.195312 -35.152771 -0.000023
vertex -498.979004 -0.362091 -0.000026
endloop
endfacet
facet normal -0.000000 0.000000 1.000000
outer loop
vertex -500.092163 366.465454 44.999947
vertex -498.990112 297.808472 44.999950
vertex -433.545410 298.870056 44.999950
endloop
endfacet
facet normal 0.000000 0.000000 1.000000
outer loop
vertex -500.092163 366.465454 44.999947
vertex -433.545410 298.870056 44.999950
vertex -434.647461 367.512024 44.999947
endloop
endfacet
facet normal -0.999871 -0.016050 0.000000
outer loop
vertex -498.990112 297.808472 -0.000048
vertex -498.990112 297.808472 44.999950
vertex -500.092163 366.465454 44.999947
endloop
endfacet
facet normal -0.999871 -0.016049 0.000000
outer loop
vertex -498.990112 297.808472 -0.000048
vertex -500.092163 366.465454 44.999947
vertex -500.092163 366.465454 -0.000053
endloop
endfacet
facet normal 0.016219 -0.999869 0.000000
outer loop
vertex -433.545410 298.870056 -0.000048
vertex -433.545410 298.870056 44.999950
vertex -498.990112 297.808472 44.999950
endloop
endfacet
facet normal 0.016219 -0.999869 0.000000
outer loop
vertex -433.545410 298.870056 -0.000048
vertex -498.990112 297.808472 44.999950
vertex -498.990112 297.808472 -0.000048
endloop
endfacet
facet normal 0.999871 0.016053 0.000000
outer loop
vertex -434.647461 367.512024 -0.000053
vertex -434.647461 367.512024 44.999947
vertex -433.545410 298.870056 44.999950
endloop
endfacet
facet normal 0.999871 0.016053 0.000000
outer loop
vertex -434.647461 367.512024 -0.000053
vertex -433.545410 298.870056 44.999950
vertex -433.545410 298.870056 -0.000048
endloop
endfacet
facet normal -0.015990 0.999872 0.000000
outer loop
vertex -500.092163 366.465454 -0.000053
vertex -500.092163 366.465454 44.999947
vertex -434.647461 367.512024 44.999947
endloop
endfacet
facet normal -0.015990 0.999872 0.000000
outer loop
vertex -500.092163 366.465454 -0.000053
vertex -434.647461 367.512024 44.999947
vertex -434.647461 367.512024 -0.000053
endloop
endfacet
facet normal 0.000000 0.000000 1.000000
outer loop
vertex -453.137573 272.989258 35.999954
vertex -494.192261 272.406128 35.999954
vertex -493.212646 204.048889 35.999958
endloop
endfacet
facet normal 0.000000 0.000000 1.000000
outer loop
vertex -493.212646 204.048889 35.999958
vertex -432.087036 204.916077 35.999958
vertex -433.155762 279.732300 35.999954
endloop
endfacet
facet normal 0.000000 0.000000 1.000000
outer loop
vertex -433.155762 279.732300 35.999954
vertex -453.237793 279.448242 35.999954
vertex -453.137573 272.989258 35.999954
endloop
endfacet
facet normal -0.000000 0.000000 1.000000
outer loop
vertex -493.212646 204.048889 35.999958
vertex -433.155762 279.732300 35.999954
vertex -453.137573 272.989258 35.999954
endloop
endfacet
facet normal -0.999897 -0.014329 0.000000
outer loop
vertex -493.212646 204.048889 -0.000041
vertex -493.212646 204.048889 35.999958
vertex -494.192261 272.406128 35.999954
endloop
endfacet
facet normal -0.999897 -0.014329 0.000000
outer loop
vertex -493.212646 204.048889 -0.000041
vertex -494.192261 272.406128 35.999954
vertex -494.192261 272.406128 -0.000046
endloop
endfacet
facet normal 0.014186 -0.999899 0.000000
outer loop
vertex -432.087036 204.916077 -0.000041
vertex -432.087036 204.916077 35.999958
vertex -493.212646 204.048889 35.999958
endloop
endfacet
facet normal 0.014186 -0.999899 0.000000
outer loop
vertex -432.087036 204.916077 -0.000041
vertex -493.212646 204.048889 35.999958
vertex -493.212646 204.048889 -0.000041
endloop
endfacet
facet normal 0.999898 0.014283 0.000000
outer loop
vertex -433.155762 279.732300 -0.000047
vertex -433.155762 279.732300 35.999954
vertex -432.087036 204.916077 35.999958
endloop
endfacet
facet normal 0.999898 0.014283 0.000000
outer loop
vertex -433.155762 279.732300 -0.000047
vertex -432.087036 204.916077 35.999958
vertex -432.087036 204.916077 -0.000041
endloop
endfacet
facet normal -0.014143 0.999900 0.000000
outer loop
vertex -453.237793 279.448242 -0.000047
vertex -453.237793 279.448242 35.999954
vertex -433.155762 279.732300 35.999954
endloop
endfacet
facet normal -0.014143 0.999900 0.000000
outer loop
vertex -453.237793 279.448242 -0.000047
vertex -433.155762 279.732300 35.999954
vertex -433.155762 279.732300 -0.000047
endloop
endfacet
facet normal -0.999880 -0.015512 0.000000
outer loop
vertex -453.137573 272.989258 -0.000046
vertex -453.137573 272.989258 35.999954
vertex -453.237793 279.448242 35.999954
endloop
endfacet
facet normal -0.999880 -0.015512 0.000000
outer loop
vertex -453.137573 272.989258 -0.000046
vertex -453.237793 279.448242 35.999954
vertex -453.237793 279.448242 -0.000047
endloop
endfacet
facet normal -0.014202 0.999899 0.000000
outer loop
vertex -494.192261 272.406128 -0.000046
vertex -494.192261 272.406128 35.999954
vertex -453.137573 272.989258 35.999954
endloop
endfacet
facet normal -0.014202 0.999899 0.000000
outer loop
vertex -494.192261 272.406128 -0.000046
vertex -453.137573 272.989258 35.999954
vertex -453.137573 272.989258 -0.000046
endloop
endfacet
facet normal 0.000013 0.000000 1.000000
outer loop
vertex -457.512451 -167.885529 -0.000013
vertex -457.779663 -156.074509 -0.000014
vertex -457.979980 -149.152344 -0.000014
endloop
endfacet
facet normal -0.000000 0.000000 1.000000
outer loop
vertex -457.512451 -167.885529 -0.000013
vertex -457.979980 -149.152344 -0.000014
vertex -461.853882 -149.286911 -0.000014
endloop
endfacet
facet normal -0.000000 0.000000 1.000000
outer loop
vertex -465.405029 -167.975235 -0.000013
vertex -457.512451 -167.885529 -0.000013
vertex -461.853882 -149.286911 -0.000014
endloop
endfacet
facet normal 0.000017 0.000000 1.000000
outer loop
vertex -450.588379 -46.007080 292.899963
vertex -448.061401 -45.962219 292.899963
vertex -448.250732 -34.853729 292.899963
endloop
endfacet
facet normal -0.000004 0.000000 1.000000
outer loop
vertex -448.250732 -34.853729 292.899963
vertex -460.195312 -35.152740 292.899963
vertex -460.061646 -40.475250 292.899963
endloop
endfacet
facet normal 0.000000 0.000000 1.000000
outer loop
vertex -460.061646 -40.475250 292.899963
vertex -463.479126 -40.535065 292.899963
vertex -495.728394 -76.431976 292.899963
endloop
endfacet
facet normal -0.000058 0.000000 1.000000
outer loop
vertex -460.061646 -40.475250 292.899963
vertex -495.728394 -76.431976 292.899963
vertex -500.181274 -81.395630 292.899963
endloop
endfacet
facet normal -0.000002 0.000000 1.000000
outer loop
vertex -450.588379 -46.007080 292.899963
vertex -448.250732 -34.853729 292.899963
vertex -460.061646 -40.475250 292.899963
endloop
endfacet
facet normal -0.000000 0.000000 1.000000
outer loop
vertex -424.484009 -141.183624 292.899994
vertex -426.454346 -48.593567 292.899963
vertex -450.488159 -49.146729 292.899963
endloop
endfacet
facet normal 0.000008 0.000000 1.000000
outer loop
vertex -450.488159 -49.146729 292.899963
vertex -450.588379 -46.007080 292.899963
vertex -460.061646 -40.475250 292.899963
endloop
endfacet
facet normal 0.000000 0.000000 1.000000
outer loop
vertex -450.488159 -49.146729 292.899963
vertex -460.061646 -40.475250 292.899963
vertex -500.181274 -81.395630 292.899963
endloop
endfacet
facet normal 0.000000 0.000000 1.000000
outer loop
vertex -448.562378 -141.527481 292.899994
vertex -424.484009 -141.183624 292.899994
vertex -450.488159 -49.146729 292.899963
endloop
endfacet
facet normal -0.000015 0.000000 1.000000
outer loop
vertex -445.545654 -155.880142 292.899994
vertex -445.846191 -145.489426 292.899994
vertex -448.484497 -145.579117 292.899994
endloop
endfacet
facet normal 0.000000 -0.000004 1.000000
outer loop
vertex -448.484497 -145.579117 292.899994
vertex -448.562378 -141.527481 292.899994
vertex -450.488159 -49.146729 292.899963
endloop
endfacet
facet normal 0.000000 0.000000 1.000000
outer loop
vertex -450.488159 -49.146729 292.899963
vertex -500.181274 -81.395630 292.899963
vertex -499.056885 -111.596176 292.899963
endloop
endfacet
facet normal 0.000000 -0.002165 0.999998
outer loop
vertex -499.056885 -111.596176 292.899963
vertex -488.214355 -122.584946 292.899963
vertex -461.853882 -149.286896 292.899994
endloop
endfacet
facet normal 0.000002 0.000000 1.000000
outer loop
vertex -457.979980 -149.152328 292.899994
vertex -457.779663 -156.074493 292.899994
vertex -445.545654 -155.880142 292.899994
endloop
endfacet
facet normal 0.000004 0.000001 1.000000
outer loop
vertex -499.056885 -111.596176 292.899963
vertex -461.853882 -149.286896 292.899994
vertex -457.979980 -149.152328 292.899994
endloop
endfacet
facet normal 0.000000 0.000000 1.000000
outer loop
vertex -448.484497 -145.579117 292.899994
vertex -450.488159 -49.146729 292.899963
vertex -499.056885 -111.596176 292.899963
endloop
endfacet
facet normal 0.000000 0.000000 1.000000
outer loop
vertex -457.979980 -149.152328 292.899994
vertex -445.545654 -155.880142 292.899994
vertex -448.484497 -145.579117 292.899994
endloop
endfacet
facet normal -0.000003 0.000001 1.000000
outer loop
vertex -499.056885 -111.596176 292.899963
vertex -457.979980 -149.152328 292.899994
vertex -448.484497 -145.579117 292.899994
endloop
endfacet
facet normal 0.999855 0.017046 -0.000000
outer loop
vertex -448.250732 -34.853760 -0.000023
vertex -448.250732 -34.853729 292.899963
vertex -448.061401 -45.962219 292.899963
endloop
endfacet
facet normal 0.999855 0.017036 -0.000000
outer loop
vertex -448.250732 -34.853760 -0.000023
vertex -448.061401 -45.962219 292.899963
vertex -448.061401 -45.962250 -0.000022
endloop
endfacet
facet normal -0.025025 0.999687 -0.000000
outer loop
vertex -460.195312 -35.152771 -0.000023
vertex -460.195312 -35.152740 292.899963
vertex -448.250732 -34.853729 292.899963
endloop
endfacet
facet normal -0.025025 0.999687 -0.000000
outer loop
vertex -460.195312 -35.152771 -0.000023
vertex -448.250732 -34.853729 292.899963
vertex -448.250732 -34.853760 -0.000023
endloop
endfacet
facet normal -0.999685 -0.025109 0.000000
outer loop
vertex -460.061646 -40.475281 -0.000022
vertex -460.061646 -40.475250 292.899963
vertex -460.195312 -35.152740 292.899963
endloop
endfacet
facet normal -0.999685 -0.025109 0.000000
outer loop
vertex -460.061646 -40.475281 -0.000022
vertex -460.195312 -35.152740 292.899963
vertex -460.195312 -35.152771 -0.000023
endloop
endfacet
facet normal -0.017500 0.999847 -0.000000
outer loop
vertex -463.479126 -40.535095 -0.000022
vertex -463.479126 -40.535065 292.899963
vertex -460.061646 -40.475250 292.899963
endloop
endfacet
facet normal -0.017499 0.999847 -0.000000
outer loop
vertex -463.479126 -40.535095 -0.000022
vertex -460.061646 -40.475250 292.899963
vertex -460.061646 -40.475281 -0.000022
endloop
endfacet
facet normal -0.743891 0.668301 -0.000000
outer loop
vertex -495.728394 -76.432007 -0.000020
vertex -495.728394 -76.431976 292.899963
vertex -463.479126 -40.535065 292.899963
endloop
endfacet
facet normal -0.743891 0.668301 -0.000000
outer loop
vertex -495.728394 -76.432007 -0.000020
vertex -463.479126 -40.535065 292.899963
vertex -463.479126 -40.535095 -0.000022
endloop
endfacet
facet normal -0.744367 0.667771 -0.000000
outer loop
vertex -500.181274 -81.395660 -0.000019
vertex -500.181274 -81.395630 292.899963
vertex -495.728394 -76.431976 292.899963
endloop
endfacet
facet normal -0.744367 0.667771 -0.000000
outer loop
vertex -500.181274 -81.395660 -0.000019
vertex -495.728394 -76.431976 292.899963
vertex -495.728394 -76.432007 -0.000020
endloop
endfacet
facet normal -0.711827 -0.702355 0.000000
outer loop
vertex -488.214355 -122.584961 -0.000016
vertex -488.214355 -122.584946 292.899963
vertex -499.056885 -111.596176 292.899963
endloop
endfacet
facet normal -0.711827 -0.702355 0.000000
outer loop
vertex -488.214355 -122.584961 -0.000016
vertex -499.056885 -111.596176 292.899963
vertex -499.056885 -111.596191 -0.000017
endloop
endfacet
facet normal -0.711643 -0.702541 0.000000
outer loop
vertex -461.853882 -149.286911 -0.000014
vertex -461.853882 -149.286896 292.899994
vertex -488.214355 -122.584946 292.899963
endloop
endfacet
facet normal -0.711640 -0.702544 0.000000
outer loop
vertex -461.853882 -149.286911 -0.000014
vertex -488.214355 -122.584946 292.899963
vertex -488.214355 -122.584961 -0.000016
endloop
endfacet
facet normal 0.034715 -0.999397 0.000000
outer loop
vertex -457.979980 -149.152344 -0.000014
vertex -457.979980 -149.152328 292.899994
vertex -461.853882 -149.286896 292.899994
endloop
endfacet
facet normal 0.034716 -0.999397 0.000000
outer loop
vertex -457.979980 -149.152344 -0.000014
vertex -461.853882 -149.286896 292.899994
vertex -461.853882 -149.286911 -0.000014
endloop
endfacet
facet normal -0.999581 -0.028934 0.000000
outer loop
vertex -457.779663 -156.074509 -0.000014
vertex -457.779663 -156.074493 292.899994
vertex -457.979980 -149.152328 292.899994
endloop
endfacet
facet normal -0.999582 -0.028918 0.000000
outer loop
vertex -457.779663 -156.074509 -0.000014
vertex -457.979980 -149.152328 292.899994
vertex -457.979980 -149.152344 -0.000014
endloop
endfacet
facet normal 0.015884 -0.999874 0.000000
outer loop
vertex -445.545654 -155.880157 -0.000014
vertex -445.545654 -155.880142 292.899994
vertex -457.779663 -156.074493 292.899994
endloop
endfacet
facet normal 0.015884 -0.999874 0.000000
outer loop
vertex -445.545654 -155.880157 -0.000014
vertex -457.779663 -156.074493 292.899994
vertex -457.779663 -156.074509 -0.000014
endloop
endfacet
facet normal 0.999582 0.028908 0.000000
outer loop
vertex -445.846191 -145.489441 -0.000015
vertex -445.846191 -145.489426 292.899994
vertex -445.545654 -155.880142 292.899994
endloop
endfacet
facet normal 0.999582 0.028913 -0.000000
outer loop
vertex -445.846191 -145.489441 -0.000015
vertex -445.545654 -155.880142 292.899994
vertex -445.545654 -155.880157 -0.000014
endloop
endfacet
facet normal -0.033976 0.999423 0.000000
outer loop
vertex -448.484497 -145.579132 -0.000015
vertex -448.484497 -145.579117 292.899994
vertex -445.846191 -145.489426 292.899994
endloop
endfacet
facet normal -0.033976 0.999423 -0.000000
outer loop
vertex -448.484497 -145.579132 -0.000015
vertex -445.846191 -145.489426 292.899994
vertex -445.846191 -145.489441 -0.000015
endloop
endfacet
facet normal 0.999815 0.019220 -0.000000
outer loop
vertex -448.562378 -141.527496 -0.000015
vertex -448.562378 -141.527481 292.899994
vertex -448.484497 -145.579117 292.899994
endloop
endfacet
facet normal 0.999815 0.019220 0.000000
outer loop
vertex -448.562378 -141.527496 -0.000015
vertex -448.484497 -145.579117 292.899994
vertex -448.484497 -145.579132 -0.000015
endloop
endfacet
facet normal 0.014279 -0.999898 0.000000
outer loop
vertex -424.484009 -141.183640 -0.000015
vertex -424.484009 -141.183624 292.899994
vertex -448.562378 -141.527481 292.899994
endloop
endfacet
facet normal 0.014279 -0.999898 0.000000
outer loop
vertex -424.484009 -141.183640 -0.000015
vertex -448.562378 -141.527481 292.899994
vertex -448.562378 -141.527496 -0.000015
endloop
endfacet
facet normal 0.999774 0.021276 -0.000000
outer loop
vertex -426.454346 -48.593597 -0.000022
vertex -426.454346 -48.593567 292.899963
vertex -424.484009 -141.183624 292.899994
endloop
endfacet
facet normal 0.999774 0.021276 -0.000000
outer loop
vertex -426.454346 -48.593597 -0.000022
vertex -424.484009 -141.183624 292.899994
vertex -424.484009 -141.183640 -0.000015
endloop
endfacet
facet normal -0.023010 0.999735 -0.000000
outer loop
vertex -450.488159 -49.146759 -0.000022
vertex -450.488159 -49.146729 292.899963
vertex -426.454346 -48.593567 292.899963
endloop
endfacet
facet normal -0.023010 0.999735 -0.000000
outer loop
vertex -450.488159 -49.146759 -0.000022
vertex -426.454346 -48.593567 292.899963
vertex -426.454346 -48.593597 -0.000022
endloop
endfacet
facet normal 0.999491 0.031893 -0.000000
outer loop
vertex -450.588379 -46.007111 -0.000022
vertex -450.588379 -46.007080 292.899963
vertex -450.488159 -49.146729 292.899963
endloop
endfacet
facet normal 0.999491 0.031893 -0.000000
outer loop
vertex -450.588379 -46.007111 -0.000022
vertex -450.488159 -49.146729 292.899963
vertex -450.488159 -49.146759 -0.000022
endloop
endfacet
facet normal 0.017751 -0.999842 0.000000
outer loop
vertex -448.061401 -45.962250 -0.000022
vertex -448.061401 -45.962219 292.899963
vertex -450.588379 -46.007080 292.899963
endloop
endfacet
facet normal 0.017750 -0.999843 0.000000
outer loop
vertex -448.061401 -45.962250 -0.000022
vertex -450.588379 -46.007080 292.899963
vertex -450.588379 -46.007111 -0.000022
endloop
endfacet
facet normal 0.000000 0.000000 1.000000
outer loop
vertex 159.776367 377.350098 8.999946
vertex 147.709351 377.095947 8.999946
vertex 149.301270 301.172546 8.999951
endloop
endfacet
facet normal 0.000000 0.000000 1.000000
outer loop
vertex 149.301270 301.172546 8.999951
vertex 161.379395 301.426697 8.999951
vertex 161.279175 306.121460 8.999951
endloop
endfacet
facet normal 0.000000 0.000000 1.000000
outer loop
vertex 149.301270 301.172546 8.999951
vertex 161.279175 306.121460 8.999951
vertex 159.776367 377.350098 8.999946
endloop
endfacet
facet normal -0.999780 -0.020963 0.000000
outer loop
vertex 149.301270 301.172546 -0.000048
vertex 149.301270 301.172546 8.999951
vertex 147.709351 377.095947 8.999946
endloop
endfacet
facet normal -0.999780 -0.020962 0.000000
outer loop
vertex 149.301270 301.172546 -0.000048
vertex 147.709351 377.095947 8.999946
vertex 147.709351 377.095947 -0.000054
endloop
endfacet
facet normal 0.021038 -0.999779 0.000000
outer loop
vertex 161.379395 301.426697 -0.000048
vertex 161.379395 301.426697 8.999951
vertex 149.301270 301.172546 8.999951
endloop
endfacet
facet normal 0.021038 -0.999779 0.000000
outer loop
vertex 161.379395 301.426697 -0.000048
vertex 149.301270 301.172546 8.999951
vertex 149.301270 301.172546 -0.000048
endloop
endfacet
facet normal 0.999772 0.021345 0.000000
outer loop
vertex 161.279175 306.121460 -0.000049
vertex 161.279175 306.121460 8.999951
vertex 161.379395 301.426697 8.999951
endloop
endfacet
facet normal 0.999772 0.021339 0.000000
outer loop
vertex 161.279175 306.121460 -0.000049
vertex 161.379395 301.426697 8.999951
vertex 161.379395 301.426697 -0.000048
endloop
endfacet
facet normal 0.999777 0.021094 0.000000
outer loop
vertex 159.776367 377.350098 -0.000054
vertex 159.776367 377.350098 8.999946
vertex 161.279175 306.121460 8.999951
endloop
endfacet
facet normal 0.999777 0.021093 0.000000
outer loop
vertex 159.776367 377.350098 -0.000054
vertex 161.279175 306.121460 8.999951
vertex 161.279175 306.121460 -0.000049
endloop
endfacet
facet normal -0.021057 0.999778 0.000000
outer loop
vertex 147.709351 377.095947 -0.000054
vertex 147.709351 377.095947 8.999946
vertex 159.776367 377.350098 8.999946
endloop
endfacet
facet normal -0.021057 0.999778 0.000000
outer loop
vertex 147.709351 377.095947 -0.000054
vertex 159.776367 377.350098 8.999946
vertex 159.776367 377.350098 -0.000054
endloop
endfacet
facet normal -0.000000 0.000000 1.000000
outer loop
vertex 60.991455 400.734314 65.999947
vertex 60.457153 435.720947 65.999939
vertex 29.076172 435.242493 65.999939
endloop
endfacet
facet normal 0.000001 -0.000000 1.000000
outer loop
vertex 60.991455 400.734314 65.999947
vertex 29.076172 435.242493 65.999939
vertex 29.220825 425.374451 65.999939
endloop
endfacet
facet normal 0.000000 0.000000 1.000000
outer loop
vertex 23.476807 400.166138 65.999947
vertex 26.682861 400.210999 65.999947
vertex 60.991455 400.734314 65.999947
endloop
endfacet
facet normal 0.000000 0.000000 1.000000
outer loop
vertex 26.326538 425.329590 65.999939
vertex 23.098267 425.284729 65.999939
vertex 23.476807 400.166138 65.999947
endloop
endfacet
facet normal -0.000000 0.000000 1.000000
outer loop
vertex 60.991455 400.734314 65.999947
vertex 29.220825 425.374451 65.999939
vertex 26.326538 425.329590 65.999939
endloop
endfacet
facet normal -0.000000 0.000000 1.000000
outer loop
vertex 26.326538 425.329590 65.999939
vertex 23.476807 400.166138 65.999947
vertex 60.991455 400.734314 65.999947
endloop
endfacet
facet normal -0.015245 0.999884 0.000000
outer loop
vertex 29.076172 435.242493 -0.000058
vertex 29.076172 435.242493 65.999939
vertex 60.457153 435.720947 65.999939
endloop
endfacet
facet normal -0.015245 0.999884 0.000000
outer loop
vertex 29.076172 435.242493 -0.000058
vertex 60.457153 435.720947 65.999939
vertex 60.457153 435.720947 -0.000058
endloop
endfacet
facet normal -0.999893 -0.014657 0.000000
outer loop
vertex 29.220825 425.374451 -0.000058
vertex 29.220825 425.374451 65.999939
vertex 29.076172 435.242493 65.999939
endloop
endfacet
facet normal -0.999893 -0.014657 0.000000
outer loop
vertex 29.220825 425.374451 -0.000058
vertex 29.076172 435.242493 65.999939
vertex 29.076172 435.242493 -0.000058
endloop
endfacet
facet normal -0.015498 0.999880 0.000000
outer loop
vertex 26.326538 425.329590 -0.000058
vertex 26.326538 425.329590 65.999939
vertex 29.220825 425.374451 65.999939
endloop
endfacet
facet normal -0.015498 0.999880 0.000000
outer loop
vertex 26.326538 425.329590 -0.000058
vertex 29.220825 425.374451 65.999939
vertex 29.220825 425.374451 -0.000058
endloop
endfacet
facet normal -0.013895 0.999904 0.000000
outer loop
vertex 23.098267 425.284729 -0.000058
vertex 23.098267 425.284729 65.999939
vertex 26.326538 425.329590 65.999939
endloop
endfacet
facet normal -0.013895 0.999904 0.000000
outer loop
vertex 23.098267 425.284729 -0.000058
vertex 26.326538 425.329590 65.999939
vertex 26.326538 425.329590 -0.000058
endloop
endfacet
facet normal -0.999886 -0.015068 0.000000
outer loop
vertex 23.476807 400.166138 -0.000056
vertex 23.476807 400.166138 65.999947
vertex 23.098267 425.284729 65.999939
endloop
endfacet
facet normal -0.999886 -0.015068 0.000000
outer loop
vertex 23.476807 400.166138 -0.000056
vertex 23.098267 425.284729 65.999939
vertex 23.098267 425.284729 -0.000058
endloop
endfacet
facet normal 0.013991 -0.999902 0.000000
outer loop
vertex 26.682861 400.210999 -0.000056
vertex 26.682861 400.210999 65.999947
vertex 23.476807 400.166138 65.999947
endloop
endfacet
facet normal 0.013991 -0.999902 0.000000
outer loop
vertex 26.682861 400.210999 -0.000056
vertex 23.476807 400.166138 65.999947
vertex 23.476807 400.166138 -0.000056
endloop
endfacet
facet normal 0.015251 -0.999884 0.000000
outer loop
vertex 60.991455 400.734314 -0.000056
vertex 60.991455 400.734314 65.999947
vertex 26.682861 400.210999 65.999947
endloop
endfacet
facet normal 0.015251 -0.999884 0.000000
outer loop
vertex 60.991455 400.734314 -0.000056
vertex 26.682861 400.210999 65.999947
vertex 26.682861 400.210999 -0.000056
endloop
endfacet
facet normal 0.999883 0.015270 0.000000
outer loop
vertex 60.457153 435.720947 -0.000058
vertex 60.457153 435.720947 65.999939
vertex 60.991455 400.734314 65.999947
endloop
endfacet
facet normal 0.999883 0.015269 0.000000
outer loop
vertex 60.457153 435.720947 -0.000058
vertex 60.991455 400.734314 65.999947
vertex 60.991455 400.734314 -0.000056
endloop
endfacet
facet normal -0.000000 0.000000 1.000000
outer loop
vertex 23.098267 425.284729 41.999943
vertex 22.975830 433.807129 41.999943
vertex -28.153198 433.029663 41.999943
endloop
endfacet
facet normal 0.000000 0.000000 1.000000
outer loop
vertex 23.098267 425.284729 41.999943
vertex -28.153198 433.029663 41.999943
vertex -27.963989 420.455383 41.999943
endloop
endfacet
facet normal 0.000000 0.000000 1.000000
outer loop
vertex -72.280273 398.715820 41.999943
vertex 23.476807 400.166138 41.999943
vertex 23.098267 425.284729 41.999943
endloop
endfacet
facet normal 0.000000 0.000000 1.000000
outer loop
vertex -54.157471 433.702454 41.999943
vertex -72.803467 433.433350 41.999943
vertex -72.280273 398.715820 41.999943
endloop
endfacet
facet normal -0.000000 0.000000 1.000000
outer loop
vertex -49.092407 420.141418 41.999943
vertex -49.303833 433.777222 41.999943
vertex -54.157471 433.702454 41.999943
endloop
endfacet
facet normal -0.000000 0.000000 1.000000
outer loop
vertex -72.280273 398.715820 41.999943
vertex 23.098267 425.284729 41.999943
vertex -27.963989 420.455383 41.999943
endloop
endfacet
facet normal 0.000001 0.000000 1.000000
outer loop
vertex -49.092407 420.141418 41.999943
vertex -54.157471 433.702454 41.999943
vertex -72.280273 398.715820 41.999943
endloop
endfacet
facet normal 0.000000 0.000000 1.000000
outer loop
vertex -27.963989 420.455383 41.999943
vertex -49.092407 420.141418 41.999943
vertex -72.280273 398.715820 41.999943
endloop
endfacet
facet normal 0.999897 0.014365 0.000000
outer loop
vertex 22.975830 433.807129 -0.000058
vertex 22.975830 433.807129 41.999943
vertex 23.098267 425.284729 41.999943
endloop
endfacet
facet normal 0.999897 0.014365 0.000000
outer loop
vertex 22.975830 433.807129 -0.000058
vertex 23.098267 425.284729 41.999943
vertex 23.098267 425.284729 -0.000058
endloop
endfacet
facet normal -0.015204 0.999884 0.000000
outer loop
vertex -28.153198 433.029663 -0.000058
vertex -28.153198 433.029663 41.999943
vertex 22.975830 433.807129 41.999943
endloop
endfacet
facet normal -0.015204 0.999884 0.000000
outer loop
vertex -28.153198 433.029663 -0.000058
vertex 22.975830 433.807129 41.999943
vertex 22.975830 433.807129 -0.000058
endloop
endfacet
facet normal -0.999887 -0.015046 0.000000
outer loop
vertex -27.963989 420.455383 -0.000057
vertex -27.963989 420.455383 41.999943
vertex -28.153198 433.029663 41.999943
endloop
endfacet
facet normal -0.999887 -0.015046 0.000000
outer loop
vertex -27.963989 420.455383 -0.000057
vertex -28.153198 433.029663 41.999943
vertex -28.153198 433.029663 -0.000058
endloop
endfacet
facet normal -0.014858 0.999890 0.000000
outer loop
vertex -49.092407 420.141418 -0.000057
vertex -49.092407 420.141418 41.999943
vertex -27.963989 420.455383 41.999943
endloop
endfacet
facet normal -0.014858 0.999890 0.000000
outer loop
vertex -49.092407 420.141418 -0.000057
vertex -27.963989 420.455383 41.999943
vertex -27.963989 420.455383 -0.000057
endloop
endfacet
facet normal 0.999880 0.015503 0.000000
outer loop
vertex -49.303833 433.777222 -0.000058
vertex -49.303833 433.777222 41.999943
vertex -49.092407 420.141418 41.999943
endloop
endfacet
facet normal 0.999880 0.015503 0.000000
outer loop
vertex -49.303833 433.777222 -0.000058
vertex -49.092407 420.141418 41.999943
vertex -49.092407 420.141418 -0.000057
endloop
endfacet
facet normal -0.015403 0.999881 0.000000
outer loop
vertex -54.157471 433.702454 -0.000058
vertex -54.157471 433.702454 41.999943
vertex -49.303833 433.777222 41.999943
endloop
endfacet
facet normal -0.015403 0.999881 0.000000
outer loop
vertex -54.157471 433.702454 -0.000058
vertex -49.303833 433.777222 41.999943
vertex -49.303833 433.777222 -0.000058
endloop
endfacet
facet normal -0.014431 0.999896 0.000000
outer loop
vertex -72.803467 433.433350 -0.000058
vertex -72.803467 433.433350 41.999943
vertex -54.157471 433.702454 41.999943
endloop
endfacet
facet normal -0.014431 0.999896 0.000000
outer loop
vertex -72.803467 433.433350 -0.000058
vertex -54.157471 433.702454 41.999943
vertex -54.157471 433.702454 -0.000058
endloop
endfacet
facet normal -0.999887 -0.015068 0.000000
outer loop
vertex -72.280273 398.715820 -0.000056
vertex -72.280273 398.715820 41.999943
vertex -72.803467 433.433350 41.999943
endloop
endfacet
facet normal -0.999887 -0.015068 0.000000
outer loop
vertex -72.280273 398.715820 -0.000056
vertex -72.803467 433.433350 41.999943
vertex -72.803467 433.433350 -0.000058
endloop
endfacet
facet normal 0.015144 -0.999885 0.000000
outer loop
vertex 23.476807 400.166138 -0.000056
vertex 23.476807 400.166138 41.999943
vertex -72.280273 398.715820 41.999943
endloop
endfacet
facet normal 0.015144 -0.999885 0.000000
outer loop
vertex 23.476807 400.166138 -0.000056
vertex -72.280273 398.715820 41.999943
vertex -72.280273 398.715820 -0.000056
endloop
endfacet
facet normal 0.999887 0.015068 0.000000
outer loop
vertex 23.098267 425.284729 -0.000058
vertex 23.098267 425.284729 41.999943
vertex 23.476807 400.166138 41.999943
endloop
endfacet
facet normal 0.999887 0.015069 0.000000
outer loop
vertex 23.098267 425.284729 -0.000058
vertex 23.476807 400.166138 41.999943
vertex 23.476807 400.166138 -0.000056
endloop
endfacet
facet normal -0.000000 0.000000 1.000000
outer loop
vertex 440.991699 387.068604 74.999947
vertex 443.051086 282.707581 74.999954
vertex 503.931702 283.664490 74.999954
endloop
endfacet
facet normal -0.999805 -0.019729 0.000000
outer loop
vertex 443.051086 282.707581 -0.000047
vertex 443.051086 282.707581 74.999954
vertex 440.991699 387.068604 74.999947
endloop
endfacet
facet normal -0.999805 -0.019729 0.000000
outer loop
vertex 443.051086 282.707581 -0.000047
vertex 440.991699 387.068604 74.999947
vertex 440.991699 387.068604 -0.000055
endloop
endfacet
facet normal 0.015716 -0.999877 0.000000
outer loop
vertex 503.931702 283.664490 -0.000047
vertex 503.931702 283.664490 74.999954
vertex 443.051086 282.707581 74.999954
endloop
endfacet
facet normal 0.015716 -0.999877 0.000000
outer loop
vertex 503.931702 283.664490 -0.000047
vertex 443.051086 282.707581 74.999954
vertex 443.051086 282.707581 -0.000047
endloop
endfacet
facet normal -0.999776 -0.021143 0.000000
outer loop
vertex 503.976257 281.556335 -0.000047
vertex 503.976257 281.556335 74.999954
vertex 503.931702 283.664490 74.999954
endloop
endfacet
facet normal -0.999778 -0.021094 0.000000
outer loop
vertex 503.976257 281.556335 -0.000047
vertex 503.931702 283.664490 74.999954
vertex 503.931702 283.664490 -0.000047
endloop
endfacet
facet normal -0.000000 0.000000 1.000000
outer loop
vertex 443.195801 254.913086 23.999956
vertex 443.574280 224.277893 23.999958
vertex 503.998535 225.189941 23.999958
endloop
endfacet
facet normal 0.000000 0.000000 1.000000
outer loop
vertex 443.195801 254.913086 23.999956
vertex 503.998535 225.189941 23.999958
vertex 503.141357 255.750366 23.999954
endloop
endfacet
facet normal -0.999924 -0.012354 0.000000
outer loop
vertex 443.574280 224.277893 -0.000042
vertex 443.574280 224.277893 23.999958
vertex 443.195801 254.913086 23.999956
endloop
endfacet
facet normal -0.999924 -0.012351 0.000000
outer loop
vertex 443.574280 224.277893 -0.000042
vertex 443.195801 254.913086 23.999956
vertex 443.195801 254.913086 -0.000045
endloop
endfacet
facet normal 0.015092 -0.999886 0.000000
outer loop
vertex 503.998535 225.189941 -0.000043
vertex 503.998535 225.189941 23.999958
vertex 443.574280 224.277893 23.999958
endloop
endfacet
facet normal 0.015092 -0.999886 0.000000
outer loop
vertex 503.998535 225.189941 -0.000043
vertex 443.574280 224.277893 23.999958
vertex 443.574280 224.277893 -0.000042
endloop
endfacet
facet normal 0.999607 0.028038 0.000000
outer loop
vertex 503.141357 255.750366 -0.000045
vertex 503.141357 255.750366 23.999954
vertex 503.998535 225.189941 23.999958
endloop
endfacet
facet normal 0.999607 0.028038 0.000000
outer loop
vertex 503.141357 255.750366 -0.000045
vertex 503.998535 225.189941 23.999958
vertex 503.998535 225.189941 -0.000043
endloop
endfacet
facet normal -0.013966 0.999902 0.000000
outer loop
vertex 443.195801 254.913086 -0.000045
vertex 443.195801 254.913086 23.999956
vertex 503.141357 255.750366 23.999954
endloop
endfacet
facet normal -0.013966 0.999902 0.000000
outer loop
vertex 443.195801 254.913086 -0.000045
vertex 503.141357 255.750366 23.999954
vertex 503.141357 255.750366 -0.000045
endloop
endfacet
facet normal 0.000000 0.000000 1.000000
outer loop
vertex 502.929871 271.180115 11.999954
vertex 442.984314 270.342834 11.999954
vertex 443.195801 254.913086 11.999955
endloop
endfacet
facet normal -0.000000 0.000000 1.000000
outer loop
vertex 502.929871 271.180115 11.999954
vertex 443.195801 254.913086 11.999955
vertex 503.141357 255.750366 11.999955
endloop
endfacet
facet normal -0.013966 0.999902 0.000000
outer loop
vertex 442.984314 270.342834 -0.000046
vertex 442.984314 270.342834 11.999954
vertex 502.929871 271.180115 11.999954
endloop
endfacet
facet normal -0.013966 0.999902 0.000000
outer loop
vertex 442.984314 270.342834 -0.000046
vertex 502.929871 271.180115 11.999954
vertex 502.929871 271.180115 -0.000046
endloop
endfacet
facet normal -0.999906 -0.013707 0.000000
outer loop
vertex 443.195801 254.913086 -0.000045
vertex 443.195801 254.913086 11.999955
vertex 442.984314 270.342834 11.999954
endloop
endfacet
facet normal -0.999906 -0.013706 0.000000
outer loop
vertex 443.195801 254.913086 -0.000045
vertex 442.984314 270.342834 11.999954
vertex 442.984314 270.342834 -0.000046
endloop
endfacet
facet normal 0.013966 -0.999902 0.000000
outer loop
vertex 503.141357 255.750366 -0.000045
vertex 503.141357 255.750366 11.999955
vertex 443.195801 254.913086 11.999955
endloop
endfacet
facet normal 0.013966 -0.999902 0.000000
outer loop
vertex 503.141357 255.750366 -0.000045
vertex 443.195801 254.913086 11.999955
vertex 443.195801 254.913086 -0.000045
endloop
endfacet
facet normal 0.999906 0.013707 0.000000
outer loop
vertex 502.929871 271.180115 -0.000046
vertex 502.929871 271.180115 11.999954
vertex 503.141357 255.750366 11.999955
endloop
endfacet
facet normal 0.999906 0.013706 0.000000
outer loop
vertex 502.929871 271.180115 -0.000046
vertex 503.141357 255.750366 11.999955
vertex 503.141357 255.750366 -0.000045
endloop
endfacet
facet normal 0.000000 0.000000 1.000000
outer loop
vertex 502.929871 271.180115 5.999954
vertex 503.931702 271.180115 5.999954
vertex 503.976257 281.556335 5.999953
endloop
endfacet
facet normal -0.000000 0.000000 1.000000
outer loop
vertex 503.976257 281.556335 5.999953
vertex 503.931702 283.664490 5.999953
vertex 443.051086 282.707581 5.999953
endloop
endfacet
facet normal 0.000000 0.000000 1.000000
outer loop
vertex 443.051086 282.707581 5.999953
vertex 442.984314 270.342834 5.999954
vertex 502.929871 271.180115 5.999954
endloop
endfacet
facet normal -0.000000 0.000000 1.000000
outer loop
vertex 502.929871 271.180115 5.999954
vertex 503.976257 281.556335 5.999953
vertex 443.051086 282.707581 5.999953
endloop
endfacet
facet normal 0.000000 -1.000000 0.000000
outer loop
vertex 503.931702 271.180115 -0.000046
vertex 503.931702 271.180115 5.999954
vertex 502.929871 271.180115 5.999954
endloop
endfacet
facet normal 0.000000 -1.000000 0.000000
outer loop
vertex 503.931702 271.180115 -0.000046
vertex 502.929871 271.180115 5.999954
vertex 502.929871 271.180115 -0.000046
endloop
endfacet
facet normal 0.999991 -0.004290 0.000000
outer loop
vertex 503.976257 281.556335 -0.000047
vertex 503.976257 281.556335 5.999953
vertex 503.931702 271.180115 5.999954
endloop
endfacet
facet normal 0.999991 -0.004298 0.000000
outer loop
vertex 503.976257 281.556335 -0.000047
vertex 503.931702 271.180115 5.999954
vertex 503.931702 271.180115 -0.000046
endloop
endfacet
facet normal 0.999777 0.021111 0.000000
outer loop
vertex 503.931702 283.664490 -0.000047
vertex 503.931702 283.664490 5.999953
vertex 503.976257 281.556335 5.999953
endloop
endfacet
facet normal 0.999777 0.021111 0.000000
outer loop
vertex 503.931702 283.664490 -0.000047
vertex 503.976257 281.556335 5.999953
vertex 503.976257 281.556335 -0.000047
endloop
endfacet
facet normal -0.015716 0.999877 0.000000
outer loop
vertex 443.051086 282.707581 -0.000047
vertex 443.051086 282.707581 5.999953
vertex 503.931702 283.664490 5.999953
endloop
endfacet
facet normal -0.015716 0.999876 0.000000
outer loop
vertex 443.051086 282.707581 -0.000047
vertex 503.931702 283.664490 5.999953
vertex 503.931702 283.664490 -0.000047
endloop
endfacet
facet normal -0.999985 0.005401 0.000000
outer loop
vertex 442.984314 270.342834 -0.000046
vertex 442.984314 270.342834 5.999954
vertex 443.051086 282.707581 5.999953
endloop
endfacet
facet normal -0.999985 0.005410 0.000000
outer loop
vertex 442.984314 270.342834 -0.000046
vertex 443.051086 282.707581 5.999953
vertex 443.051086 282.707581 -0.000047
endloop
endfacet
facet normal 0.013966 -0.999902 0.000000
outer loop
vertex 502.929871 271.180115 -0.000046
vertex 502.929871 271.180115 5.999954
vertex 442.984314 270.342834 5.999954
endloop
endfacet
facet normal 0.013966 -0.999902 0.000000
outer loop
vertex 502.929871 271.180115 -0.000046
vertex 442.984314 270.342834 5.999954
vertex 442.984314 270.342834 -0.000046
endloop
endfacet
facet normal 0.000000 0.000000 1.000000
outer loop
vertex 403.577209 95.548462 19.999968
vertex 365.695190 95.189636 19.999968
vertex 365.973511 77.816528 19.999969
endloop
endfacet
facet normal 0.000000 0.000000 1.000000
outer loop
vertex 365.973511 77.816528 19.999969
vertex 408.965088 78.519226 19.999969
vertex 408.953918 90.539856 19.999968
endloop
endfacet
facet normal -0.000003 0.000000 1.000000
outer loop
vertex 408.953918 90.539856 19.999968
vertex 408.697876 92.438629 19.999968
vertex 407.918640 93.814117 19.999968
endloop
endfacet
facet normal -0.000002 0.000000 1.000000
outer loop
vertex 407.918640 93.814117 19.999968
vertex 406.849976 94.830811 19.999968
vertex 405.291504 95.398956 19.999968
endloop
endfacet
facet normal 0.000000 0.000000 1.000000
outer loop
vertex 405.291504 95.398956 19.999968
vertex 403.577209 95.548462 19.999968
vertex 365.973511 77.816528 19.999969
endloop
endfacet
facet normal 0.000000 0.000000 1.000000
outer loop
vertex 365.973511 77.816528 19.999969
vertex 408.953918 90.539856 19.999968
vertex 407.918640 93.814117 19.999968
endloop
endfacet
facet normal -0.000000 0.000000 1.000000
outer loop
vertex 365.973511 77.816528 19.999969
vertex 407.918640 93.814117 19.999968
vertex 405.291504 95.398956 19.999968
endloop
endfacet
facet normal -0.999872 -0.016017 0.000000
outer loop
vertex 365.973511 77.816528 -0.000031
vertex 365.973511 77.816528 19.999969
vertex 365.695190 95.189636 19.999968
endloop
endfacet
facet normal -0.999872 -0.016018 0.000000
outer loop
vertex 365.973511 77.816528 -0.000031
vertex 365.695190 95.189636 19.999968
vertex 365.695190 95.189636 -0.000033
endloop
endfacet
facet normal 0.016343 -0.999866 0.000000
outer loop
vertex 408.965088 78.519226 -0.000031
vertex 408.965088 78.519226 19.999969
vertex 365.973511 77.816528 19.999969
endloop
endfacet
facet normal 0.016343 -0.999866 0.000000
outer loop
vertex 408.965088 78.519226 -0.000031
vertex 365.973511 77.816528 19.999969
vertex 365.973511 77.816528 -0.000031
endloop
endfacet
facet normal 1.000000 0.000932 0.000000
outer loop
vertex 408.953918 90.539856 -0.000032
vertex 408.953918 90.539856 19.999968
vertex 408.965088 78.519226 19.999969
endloop
endfacet
facet normal 1.000000 0.000926 0.000000
outer loop
vertex 408.953918 90.539856 -0.000032
vertex 408.965088 78.519226 19.999969
vertex 408.965088 78.519226 -0.000031
endloop
endfacet
facet normal 0.991029 0.133643 0.000000
outer loop
vertex 408.697876 92.438629 -0.000033
vertex 408.697876 92.438629 19.999968
vertex 408.953918 90.539856 19.999968
endloop
endfacet
facet normal 0.991029 0.133643 0.000000
outer loop
vertex 408.697876 92.438629 -0.000033
vertex 408.953918 90.539856 19.999968
vertex 408.953918 90.539856 -0.000032
endloop
endfacet
facet normal 0.870088 0.492896 0.000000
outer loop
vertex 407.918640 93.814117 -0.000033
vertex 407.918640 93.814117 19.999968
vertex 408.697876 92.438629 19.999968
endloop
endfacet
facet normal 0.870075 0.492919 0.000000
outer loop
vertex 407.918640 93.814117 -0.000033
vertex 408.697876 92.438629 19.999968
vertex 408.697876 92.438629 -0.000033
endloop
endfacet
facet normal 0.689274 0.724500 0.000000
outer loop
vertex 406.849976 94.830811 -0.000033
vertex 406.849976 94.830811 19.999968
vertex 407.918640 93.814117 19.999968
endloop
endfacet
facet normal 0.689258 0.724516 0.000000
outer loop
vertex 406.849976 94.830811 -0.000033
vertex 407.918640 93.814117 19.999968
vertex 407.918640 93.814117 -0.000033
endloop
endfacet
facet normal 0.342499 0.939518 0.000000
outer loop
vertex 405.291504 95.398956 -0.000033
vertex 405.291504 95.398956 19.999968
vertex 406.849976 94.830811 19.999968
endloop
endfacet
facet normal 0.342508 0.939515 0.000000
outer loop
vertex 405.291504 95.398956 -0.000033
vertex 406.849976 94.830811 19.999968
vertex 406.849976 94.830811 -0.000033
endloop
endfacet
facet normal 0.086881 0.996219 0.000000
outer loop
vertex 403.577209 95.548462 -0.000033
vertex 403.577209 95.548462 19.999968
vertex 405.291504 95.398956 19.999968
endloop
endfacet
facet normal 0.086881 0.996219 0.000000
outer loop
vertex 403.577209 95.548462 -0.000033
vertex 405.291504 95.398956 19.999968
vertex 405.291504 95.398956 -0.000033
endloop
endfacet
facet normal -0.009472 0.999955 0.000000
outer loop
vertex 365.695190 95.189636 -0.000033
vertex 365.695190 95.189636 19.999968
vertex 403.577209 95.548462 19.999968
endloop
endfacet
facet normal -0.009472 0.999955 0.000000
outer loop
vertex 365.695190 95.189636 -0.000033
vertex 403.577209 95.548462 19.999968
vertex 403.577209 95.548462 -0.000033
endloop
endfacet
facet normal -0.000000 0.000000 1.000000
outer loop
vertex 362.745239 148.131470 56.999962
vertex 362.633911 153.977356 56.999962
vertex 351.067749 153.738129 56.999962
endloop
endfacet
facet normal 0.000000 0.000000 1.000000
outer loop
vertex 351.067749 153.738129 56.999962
vertex 346.447998 148.669708 56.999962
vertex 347.049194 121.069946 56.999966
endloop
endfacet
facet normal 0.000000 0.000000 1.000000
outer loop
vertex 347.049194 121.069946 56.999966
vertex 405.558716 122.131470 56.999966
vertex 404.612488 148.938812 56.999962
endloop
endfacet
facet normal 0.000000 0.000000 1.000000
outer loop
vertex 362.745239 148.131470 56.999962
vertex 351.067749 153.738129 56.999962
vertex 347.049194 121.069946 56.999966
endloop
endfacet
facet normal 0.000000 0.000000 1.000000
outer loop
vertex 347.049194 121.069946 56.999966
vertex 404.612488 148.938812 56.999962
vertex 362.745239 148.131470 56.999962
endloop
endfacet
facet normal -0.020679 0.999786 0.000000
outer loop
vertex 351.067749 153.738129 -0.000037
vertex 351.067749 153.738129 56.999962
vertex 362.633911 153.977356 56.999962
endloop
endfacet
facet normal -0.020679 0.999786 0.000000
outer loop
vertex 351.067749 153.738129 -0.000037
vertex 362.633911 153.977356 56.999962
vertex 362.633911 153.977356 -0.000037
endloop
endfacet
facet normal -0.739059 0.673641 0.000000
outer loop
vertex 346.447998 148.669708 -0.000037
vertex 346.447998 148.669708 56.999962
vertex 351.067749 153.738129 56.999962
endloop
endfacet
facet normal -0.739064 0.673636 0.000000
outer loop
vertex 346.447998 148.669708 -0.000037
vertex 351.067749 153.738129 56.999962
vertex 351.067749 153.738129 -0.000037
endloop
endfacet
facet normal -0.999763 -0.021779 0.000000
outer loop
vertex 347.049194 121.069946 -0.000035
vertex 347.049194 121.069946 56.999966
vertex 346.447998 148.669708 56.999962
endloop
endfacet
facet normal -0.999763 -0.021776 0.000000
outer loop
vertex 347.049194 121.069946 -0.000035
vertex 346.447998 148.669708 56.999962
vertex 346.447998 148.669708 -0.000037
endloop
endfacet
facet normal 0.018140 -0.999835 0.000000
outer loop
vertex 405.558716 122.131470 -0.000035
vertex 405.558716 122.131470 56.999966
vertex 347.049194 121.069946 56.999966
endloop
endfacet
facet normal 0.018140 -0.999835 0.000000
outer loop
vertex 405.558716 122.131470 -0.000035
vertex 347.049194 121.069946 56.999966
vertex 347.049194 121.069946 -0.000035
endloop
endfacet
facet normal 0.999378 0.035275 0.000000
outer loop
vertex 404.612488 148.938812 -0.000037
vertex 404.612488 148.938812 56.999962
vertex 405.558716 122.131470 56.999966
endloop
endfacet
facet normal 0.999378 0.035274 0.000000
outer loop
vertex 404.612488 148.938812 -0.000037
vertex 405.558716 122.131470 56.999966
vertex 405.558716 122.131470 -0.000035
endloop
endfacet
facet normal -0.019280 0.999814 0.000000
outer loop
vertex 362.745239 148.131470 -0.000037
vertex 362.745239 148.131470 56.999962
vertex 404.612488 148.938812 56.999962
endloop
endfacet
facet normal -0.019280 0.999814 0.000000
outer loop
vertex 362.745239 148.131470 -0.000037
vertex 404.612488 148.938812 56.999962
vertex 404.612488 148.938812 -0.000037
endloop
endfacet
facet normal 0.999819 0.019046 0.000000
outer loop
vertex 362.633911 153.977356 -0.000037
vertex 362.633911 153.977356 56.999962
vertex 362.745239 148.131470 56.999962
endloop
endfacet
facet normal 0.999819 0.019035 0.000000
outer loop
vertex 362.633911 153.977356 -0.000037
vertex 362.745239 148.131470 56.999962
vertex 362.745239 148.131470 -0.000037
endloop
endfacet
facet normal -0.000000 0.000000 1.000000
outer loop
vertex 357.468628 60.293915 19.999969
vertex 366.251831 60.443451 19.999969
vertex 365.973511 77.816528 19.999969
endloop
endfacet
facet normal -0.000000 0.000000 1.000000
outer loop
vertex 365.973511 77.816528 19.999969
vertex 365.695190 95.189636 19.999968
vertex 344.288452 94.845764 19.999968
endloop
endfacet
facet normal 0.000000 0.000000 1.000000
outer loop
vertex 344.288452 94.845764 19.999968
vertex 344.778198 64.480225 19.999969
vertex 357.390747 64.674561 19.999969
endloop
endfacet
facet normal 0.000000 0.000000 1.000000
outer loop
vertex 357.390747 64.674561 19.999969
vertex 357.468628 60.293915 19.999969
vertex 365.973511 77.816528 19.999969
endloop
endfacet
facet normal 0.000000 0.000000 1.000000
outer loop
vertex 365.973511 77.816528 19.999969
vertex 344.288452 94.845764 19.999968
vertex 357.390747 64.674561 19.999969
endloop
endfacet
facet normal 0.999872 0.016018 0.000000
outer loop
vertex 365.973511 77.816528 -0.000031
vertex 365.973511 77.816528 19.999969
vertex 366.251831 60.443451 19.999969
endloop
endfacet
facet normal 0.999872 0.016021 0.000000
outer loop
vertex 365.973511 77.816528 -0.000031
vertex 366.251831 60.443451 19.999969
vertex 366.251831 60.443451 -0.000030
endloop
endfacet
facet normal 0.999872 0.016017 0.000000
outer loop
vertex 365.695190 95.189636 -0.000033
vertex 365.695190 95.189636 19.999968
vertex 365.973511 77.816528 19.999969
endloop
endfacet
facet normal 0.999872 0.016018 0.000000
outer loop
vertex 365.695190 95.189636 -0.000033
vertex 365.973511 77.816528 19.999969
vertex 365.973511 77.816528 -0.000031
endloop
endfacet
facet normal -0.016062 0.999871 0.000000
outer loop
vertex 344.288452 94.845764 -0.000033
vertex 344.288452 94.845764 19.999968
vertex 365.695190 95.189636 19.999968
endloop
endfacet
facet normal -0.016062 0.999871 0.000000
outer loop
vertex 344.288452 94.845764 -0.000033
vertex 365.695190 95.189636 19.999968
vertex 365.695190 95.189636 -0.000033
endloop
endfacet
facet normal -0.999870 -0.016126 0.000000
outer loop
vertex 344.778198 64.480225 -0.000030
vertex 344.778198 64.480225 19.999969
vertex 344.288452 94.845764 19.999968
endloop
endfacet
facet normal -0.999870 -0.016128 0.000000
outer loop
vertex 344.778198 64.480225 -0.000030
vertex 344.288452 94.845764 19.999968
vertex 344.288452 94.845764 -0.000033
endloop
endfacet
facet normal 0.015406 -0.999881 0.000000
outer loop
vertex 357.390747 64.674561 -0.000030
vertex 357.390747 64.674561 19.999969
vertex 344.778198 64.480225 19.999969
endloop
endfacet
facet normal 0.015406 -0.999881 0.000000
outer loop
vertex 357.390747 64.674561 -0.000030
vertex 344.778198 64.480225 19.999969
vertex 344.778198 64.480225 -0.000030
endloop
endfacet
facet normal -0.999842 -0.017776 0.000000
outer loop
vertex 357.468628 60.293915 -0.000030
vertex 357.468628 60.293915 19.999969
vertex 357.390747 64.674561 19.999969
endloop
endfacet
facet normal -0.999842 -0.017776 0.000000
outer loop
vertex 357.468628 60.293915 -0.000030
vertex 357.390747 64.674561 19.999969
vertex 357.390747 64.674561 -0.000030
endloop
endfacet
facet normal 0.017023 -0.999855 0.000000
outer loop
vertex 366.251831 60.443451 -0.000030
vertex 366.251831 60.443451 19.999969
vertex 357.468628 60.293915 19.999969
endloop
endfacet
facet normal 0.017023 -0.999855 0.000000
outer loop
vertex 366.251831 60.443451 -0.000030
vertex 357.468628 60.293915 19.999969
vertex 357.468628 60.293915 -0.000030
endloop
endfacet
facet normal 0.000000 0.000000 1.000000
outer loop
vertex 357.390747 64.674561 5.999969
vertex 344.778198 64.480225 5.999969
vertex 345.379395 27.162567 5.999972
endloop
endfacet
facet normal 0.000000 0.000000 1.000000
outer loop
vertex 345.379395 27.162567 5.999972
vertex 366.786133 27.506439 5.999972
vertex 366.251831 60.443451 5.999970
endloop
endfacet
facet normal -0.000001 0.000000 1.000000
outer loop
vertex 357.468628 60.293915 5.999970
vertex 357.390747 64.674561 5.999969
vertex 345.379395 27.162567 5.999972
endloop
endfacet
facet normal -0.000000 0.000000 1.000000
outer loop
vertex 345.379395 27.162567 5.999972
vertex 366.251831 60.443451 5.999970
vertex 357.468628 60.293915 5.999970
endloop
endfacet
facet normal -0.999870 -0.016109 0.000000
outer loop
vertex 345.379395 27.162567 -0.000028
vertex 345.379395 27.162567 5.999972
vertex 344.778198 64.480225 5.999969
endloop
endfacet
facet normal -0.999870 -0.016107 0.000000
outer loop
vertex 345.379395 27.162567 -0.000028
vertex 344.778198 64.480225 5.999969
vertex 344.778198 64.480225 -0.000030
endloop
endfacet
facet normal 0.016062 -0.999871 0.000000
outer loop
vertex 366.786133 27.506439 -0.000028
vertex 366.786133 27.506439 5.999972
vertex 345.379395 27.162567 5.999972
endloop
endfacet
facet normal 0.016062 -0.999871 0.000000
outer loop
vertex 366.786133 27.506439 -0.000028
vertex 345.379395 27.162567 5.999972
vertex 345.379395 27.162567 -0.000028
endloop
endfacet
facet normal 0.999868 0.016219 0.000000
outer loop
vertex 366.251831 60.443451 -0.000030
vertex 366.251831 60.443451 5.999970
vertex 366.786133 27.506439 5.999972
endloop
endfacet
facet normal 0.999868 0.016221 0.000000
outer loop
vertex 366.251831 60.443451 -0.000030
vertex 366.786133 27.506439 5.999972
vertex 366.786133 27.506439 -0.000028
endloop
endfacet
facet normal -0.017023 0.999855 0.000000
outer loop
vertex 357.468628 60.293915 -0.000030
vertex 357.468628 60.293915 5.999970
vertex 366.251831 60.443451 5.999970
endloop
endfacet
facet normal -0.017023 0.999855 0.000000
outer loop
vertex 357.468628 60.293915 -0.000030
vertex 366.251831 60.443451 5.999970
vertex 366.251831 60.443451 -0.000030
endloop
endfacet
facet normal 0.999842 0.017768 0.000000
outer loop
vertex 357.390747 64.674561 -0.000030
vertex 357.390747 64.674561 5.999969
vertex 357.468628 60.293915 5.999970
endloop
endfacet
facet normal 0.999842 0.017776 0.000000
outer loop
vertex 357.390747 64.674561 -0.000030
vertex 357.468628 60.293915 5.999970
vertex 357.468628 60.293915 -0.000030
endloop
endfacet
facet normal -0.015406 0.999881 0.000000
outer loop
vertex 344.778198 64.480225 -0.000030
vertex 344.778198 64.480225 5.999969
vertex 357.390747 64.674561 5.999969
endloop
endfacet
facet normal -0.015406 0.999881 0.000000
outer loop
vertex 344.778198 64.480225 -0.000030
vertex 357.390747 64.674561 5.999969
vertex 357.390747 64.674561 -0.000030
endloop
endfacet
facet normal -0.000000 0.000000 1.000000
outer loop
vertex 354.262695 330.043701 17.999950
vertex 354.574341 312.864502 17.999950
vertex 403.810974 313.791504 17.999950
endloop
endfacet
facet normal 0.000000 0.000000 1.000000
outer loop
vertex 354.262695 330.043701 17.999950
vertex 403.810974 313.791504 17.999950
vertex 403.499268 331.060425 17.999950
endloop
endfacet
facet normal -0.999835 -0.018137 0.000000
outer loop
vertex 354.574341 312.864502 -0.000049
vertex 354.574341 312.864502 17.999950
vertex 354.262695 330.043701 17.999950
endloop
endfacet
facet normal -0.999835 -0.018140 0.000000
outer loop
vertex 354.574341 312.864502 -0.000049
vertex 354.262695 330.043701 17.999950
vertex 354.262695 330.043701 -0.000050
endloop
endfacet
facet normal 0.018824 -0.999823 0.000000
outer loop
vertex 403.810974 313.791504 -0.000049
vertex 403.810974 313.791504 17.999950
vertex 354.574341 312.864502 17.999950
endloop
endfacet
facet normal 0.018824 -0.999823 0.000000
outer loop
vertex 403.810974 313.791504 -0.000049
vertex 354.574341 312.864502 17.999950
vertex 354.574341 312.864502 -0.000049
endloop
endfacet
facet normal 0.999837 0.018046 0.000000
outer loop
vertex 403.499268 331.060425 -0.000051
vertex 403.499268 331.060425 17.999950
vertex 403.810974 313.791504 17.999950
endloop
endfacet
facet normal 0.999837 0.018049 0.000000
outer loop
vertex 403.499268 331.060425 -0.000051
vertex 403.810974 313.791504 17.999950
vertex 403.810974 313.791504 -0.000049
endloop
endfacet
facet normal -0.020645 0.999787 0.000000
outer loop
vertex 354.262695 330.043701 -0.000050
vertex 354.262695 330.043701 17.999950
vertex 403.499268 331.060425 17.999950
endloop
endfacet
facet normal -0.020645 0.999787 0.000000
outer loop
vertex 354.262695 330.043701 -0.000050
vertex 403.499268 331.060425 17.999950
vertex 403.499268 331.060425 -0.000051
endloop
endfacet
facet normal 0.000000 0.000000 1.000000
outer loop
vertex 404.467773 156.818085 11.999963
vertex 362.589355 156.010712 11.999963
vertex 362.633911 153.977356 11.999963
endloop
endfacet
facet normal 0.000000 0.000000 1.000000
outer loop
vertex 362.633911 153.977356 11.999963
vertex 362.745239 148.131470 11.999964
vertex 404.612488 148.938812 11.999963
endloop
endfacet
facet normal 0.000000 0.000000 1.000000
outer loop
vertex 362.633911 153.977356 11.999963
vertex 404.612488 148.938812 11.999963
vertex 404.467773 156.818085 11.999963
endloop
endfacet
facet normal -0.999761 -0.021887 0.000000
outer loop
vertex 362.633911 153.977356 -0.000037
vertex 362.633911 153.977356 11.999963
vertex 362.589355 156.010712 11.999963
endloop
endfacet
facet normal -0.999760 -0.021927 0.000000
outer loop
vertex 362.633911 153.977356 -0.000037
vertex 362.589355 156.010712 11.999963
vertex 362.589355 156.010712 -0.000037
endloop
endfacet
facet normal -0.999819 -0.019044 0.000000
outer loop
vertex 362.745239 148.131470 -0.000037
vertex 362.745239 148.131470 11.999964
vertex 362.633911 153.977356 11.999963
endloop
endfacet
facet normal -0.999819 -0.019040 0.000000
outer loop
vertex 362.745239 148.131470 -0.000037
vertex 362.633911 153.977356 11.999963
vertex 362.633911 153.977356 -0.000037
endloop
endfacet
facet normal 0.019280 -0.999814 0.000000
outer loop
vertex 404.612488 148.938812 -0.000037
vertex 404.612488 148.938812 11.999963
vertex 362.745239 148.131470 11.999964
endloop
endfacet
facet normal 0.019280 -0.999814 0.000000
outer loop
vertex 404.612488 148.938812 -0.000037
vertex 362.745239 148.131470 11.999964
vertex 362.745239 148.131470 -0.000037
endloop
endfacet
facet normal 0.999831 0.018361 0.000000
outer loop
vertex 404.467773 156.818085 -0.000037
vertex 404.467773 156.818085 11.999963
vertex 404.612488 148.938812 11.999963
endloop
endfacet
facet normal 0.999831 0.018361 0.000000
outer loop
vertex 404.467773 156.818085 -0.000037
vertex 404.612488 148.938812 11.999963
vertex 404.612488 148.938812 -0.000037
endloop
endfacet
facet normal -0.019275 0.999814 0.000000
outer loop
vertex 362.589355 156.010712 -0.000037
vertex 362.589355 156.010712 11.999963
vertex 404.467773 156.818085 11.999963
endloop
endfacet
facet normal -0.019275 0.999814 0.000000
outer loop
vertex 362.589355 156.010712 -0.000037
vertex 404.467773 156.818085 11.999963
vertex 404.467773 156.818085 -0.000037
endloop
endfacet
facet normal -0.000000 0.000000 1.000000
outer loop
vertex 361.954834 188.768738 47.999962
vertex 362.288818 171.455261 47.999962
vertex 403.966797 172.247681 47.999962
endloop
endfacet
facet normal 0.000000 0.000000 1.000000
outer loop
vertex 361.954834 188.768738 47.999962
vertex 403.966797 172.247681 47.999962
vertex 403.643982 189.561157 47.999962
endloop
endfacet
facet normal -0.999814 -0.019287 0.000000
outer loop
vertex 362.288818 171.455261 -0.000038
vertex 362.288818 171.455261 47.999962
vertex 361.954834 188.768738 47.999962
endloop
endfacet
facet normal -0.999814 -0.019287 0.000000
outer loop
vertex 362.288818 171.455261 -0.000038
vertex 361.954834 188.768738 47.999962
vertex 361.954834 188.768738 -0.000040
endloop
endfacet
facet normal 0.019009 -0.999819 0.000000
outer loop
vertex 403.966797 172.247681 -0.000039
vertex 403.966797 172.247681 47.999962
vertex 362.288818 171.455261 47.999962
endloop
endfacet
facet normal 0.019009 -0.999819 0.000000
outer loop
vertex 403.966797 172.247681 -0.000039
vertex 362.288818 171.455261 47.999962
vertex 362.288818 171.455261 -0.000038
endloop
endfacet
facet normal 0.999826 0.018643 0.000000
outer loop
vertex 403.643982 189.561157 -0.000040
vertex 403.643982 189.561157 47.999962
vertex 403.966797 172.247681 47.999962
endloop
endfacet
facet normal 0.999826 0.018643 0.000000
outer loop
vertex 403.643982 189.561157 -0.000040
vertex 403.966797 172.247681 47.999962
vertex 403.966797 172.247681 -0.000039
endloop
endfacet
facet normal -0.019004 0.999819 0.000000
outer loop
vertex 361.954834 188.768738 -0.000040
vertex 361.954834 188.768738 47.999962
vertex 403.643982 189.561157 47.999962
endloop
endfacet
facet normal -0.019004 0.999819 0.000000
outer loop
vertex 361.954834 188.768738 -0.000040
vertex 403.643982 189.561157 47.999962
vertex 403.643982 189.561157 -0.000040
endloop
endfacet
facet normal -0.000000 0.000000 1.000000
outer loop
vertex 351.624390 488.141357 11.999938
vertex 351.702271 484.074524 11.999938
vertex 400.471375 484.986572 11.999938
endloop
endfacet
facet normal -0.999817 -0.019147 0.000000
outer loop
vertex 351.702271 484.074524 -0.000062
vertex 351.702271 484.074524 11.999938
vertex 351.624390 488.141357 11.999938
endloop
endfacet
facet normal -0.999817 -0.019147 0.000000
outer loop
vertex 351.702271 484.074524 -0.000062
vertex 351.624390 488.141357 11.999938
vertex 351.624390 488.141357 -0.000062
endloop
endfacet
facet normal 0.018698 -0.999825 0.000000
outer loop
vertex 400.471375 484.986572 -0.000062
vertex 400.471375 484.986572 11.999938
vertex 351.702271 484.074524 11.999938
endloop
endfacet
facet normal 0.018698 -0.999825 0.000000
outer loop
vertex 400.471375 484.986572 -0.000062
vertex 351.702271 484.074524 11.999938
vertex 351.702271 484.074524 -0.000062
endloop
endfacet
facet normal 0.000000 0.000000 1.000000
outer loop
vertex 361.954834 188.768738 19.999960
vertex 333.011719 188.245483 19.999960
vertex 333.601807 156.354584 19.999962
endloop
endfacet
facet normal 0.000000 0.000000 1.000000
outer loop
vertex 333.601807 156.354584 19.999962
vertex 362.533691 156.892822 19.999962
vertex 362.288818 171.455261 19.999962
endloop
endfacet
facet normal 0.000000 0.000000 1.000000
outer loop
vertex 333.601807 156.354584 19.999962
vertex 362.288818 171.455261 19.999962
vertex 361.954834 188.768738 19.999960
endloop
endfacet
facet normal -0.999829 -0.018501 0.000000
outer loop
vertex 333.601807 156.354584 -0.000037
vertex 333.601807 156.354584 19.999962
vertex 333.011719 188.245483 19.999960
endloop
endfacet
facet normal -0.999829 -0.018499 0.000000
outer loop
vertex 333.601807 156.354584 -0.000037
vertex 333.011719 188.245483 19.999960
vertex 333.011719 188.245483 -0.000040
endloop
endfacet
facet normal 0.018600 -0.999827 0.000000
outer loop
vertex 362.533691 156.892822 -0.000037
vertex 362.533691 156.892822 19.999962
vertex 333.601807 156.354584 19.999962
endloop
endfacet
facet normal 0.018600 -0.999827 0.000000
outer loop
vertex 362.533691 156.892822 -0.000037
vertex 333.601807 156.354584 19.999962
vertex 333.601807 156.354584 -0.000037
endloop
endfacet
facet normal 0.999859 0.016813 0.000000
outer loop
vertex 362.288818 171.455261 -0.000038
vertex 362.288818 171.455261 19.999962
vertex 362.533691 156.892822 19.999962
endloop
endfacet
facet normal 0.999859 0.016813 0.000000
outer loop
vertex 362.288818 171.455261 -0.000038
vertex 362.533691 156.892822 19.999962
vertex 362.533691 156.892822 -0.000037
endloop
endfacet
facet normal 0.999814 0.019286 0.000000
outer loop
vertex 361.954834 188.768738 -0.000040
vertex 361.954834 188.768738 19.999960
vertex 362.288818 171.455261 19.999962
endloop
endfacet
facet normal 0.999814 0.019287 0.000000
outer loop
vertex 361.954834 188.768738 -0.000040
vertex 362.288818 171.455261 19.999962
vertex 362.288818 171.455261 -0.000038
endloop
endfacet
facet normal -0.018076 0.999837 0.000000
outer loop
vertex 333.011719 188.245483 -0.000040
vertex 333.011719 188.245483 19.999960
vertex 361.954834 188.768738 19.999960
endloop
endfacet
facet normal -0.018076 0.999837 0.000000
outer loop
vertex 333.011719 188.245483 -0.000040
vertex 361.954834 188.768738 19.999960
vertex 361.954834 188.768738 -0.000040
endloop
endfacet
facet normal 0.000000 0.000000 1.000000
outer loop
vertex 353.884155 347.252808 11.999949
vertex 354.262695 330.043701 11.999949
vertex 403.499268 331.060425 11.999949
endloop
endfacet
facet normal 0.000000 0.000000 1.000000
outer loop
vertex 353.884155 347.252808 11.999949
vertex 403.499268 331.060425 11.999949
vertex 403.176453 348.299377 11.999949
endloop
endfacet
facet normal -0.999758 -0.021989 0.000000
outer loop
vertex 354.262695 330.043701 -0.000050
vertex 354.262695 330.043701 11.999949
vertex 353.884155 347.252808 11.999949
endloop
endfacet
facet normal -0.999758 -0.021989 0.000000
outer loop
vertex 354.262695 330.043701 -0.000050
vertex 353.884155 347.252808 11.999949
vertex 353.884155 347.252808 -0.000052
endloop
endfacet
facet normal 0.020645 -0.999787 0.000000
outer loop
vertex 403.499268 331.060425 -0.000051
vertex 403.499268 331.060425 11.999949
vertex 354.262695 330.043701 11.999949
endloop
endfacet
facet normal 0.020645 -0.999787 0.000000
outer loop
vertex 403.499268 331.060425 -0.000051
vertex 354.262695 330.043701 11.999949
vertex 354.262695 330.043701 -0.000050
endloop
endfacet
facet normal 0.999825 0.018724 0.000000
outer loop
vertex 403.176453 348.299377 -0.000052
vertex 403.176453 348.299377 11.999949
vertex 403.499268 331.060425 11.999949
endloop
endfacet
facet normal 0.999825 0.018719 0.000000
outer loop
vertex 403.176453 348.299377 -0.000052
vertex 403.499268 331.060425 11.999949
vertex 403.499268 331.060425 -0.000051
endloop
endfacet
facet normal -0.021227 0.999775 0.000000
outer loop
vertex 353.884155 347.252808 -0.000052
vertex 353.884155 347.252808 11.999949
vertex 403.176453 348.299377 11.999949
endloop
endfacet
facet normal -0.021227 0.999775 0.000000
outer loop
vertex 353.884155 347.252808 -0.000052
vertex 403.176453 348.299377 11.999949
vertex 403.176453 348.299377 -0.000052
endloop
endfacet
facet normal -0.000000 0.000000 1.000000
outer loop
vertex 352.058594 464.801819 26.999939
vertex 352.414795 445.050720 26.999941
vertex 401.194946 445.947815 26.999941
endloop
endfacet
facet normal 0.000000 0.000000 1.000000
outer loop
vertex 352.058594 464.801819 26.999939
vertex 401.194946 445.947815 26.999941
vertex 400.827637 465.698914 26.999939
endloop
endfacet
facet normal -0.999837 -0.018032 0.000000
outer loop
vertex 352.414795 445.050720 -0.000059
vertex 352.414795 445.050720 26.999941
vertex 352.058594 464.801819 26.999939
endloop
endfacet
facet normal -0.999837 -0.018031 0.000000
outer loop
vertex 352.414795 445.050720 -0.000059
vertex 352.058594 464.801819 26.999939
vertex 352.058594 464.801819 -0.000061
endloop
endfacet
facet normal 0.018387 -0.999831 0.000000
outer loop
vertex 401.194946 445.947815 -0.000059
vertex 401.194946 445.947815 26.999941
vertex 352.414795 445.050720 26.999941
endloop
endfacet
facet normal 0.018387 -0.999831 0.000000
outer loop
vertex 401.194946 445.947815 -0.000059
vertex 352.414795 445.050720 26.999941
vertex 352.414795 445.050720 -0.000059
endloop
endfacet
facet normal 0.999827 0.018596 0.000000
outer loop
vertex 400.827637 465.698914 -0.000061
vertex 400.827637 465.698914 26.999939
vertex 401.194946 445.947815 26.999941
endloop
endfacet
facet normal 0.999827 0.018595 0.000000
outer loop
vertex 400.827637 465.698914 -0.000061
vertex 401.194946 445.947815 26.999941
vertex 401.194946 445.947815 -0.000059
endloop
endfacet
facet normal -0.018392 0.999831 0.000000
outer loop
vertex 352.058594 464.801819 -0.000061
vertex 352.058594 464.801819 26.999939
vertex 400.827637 465.698914 26.999939
endloop
endfacet
facet normal -0.018392 0.999831 0.000000
outer loop
vertex 352.058594 464.801819 -0.000061
vertex 400.827637 465.698914 26.999939
vertex 400.827637 465.698914 -0.000061
endloop
endfacet
facet normal 0.000045 0.000000 1.000000
outer loop
vertex 362.288818 171.455261 11.999962
vertex 362.533691 156.892822 11.999963
vertex 362.589355 156.010712 11.999963
endloop
endfacet
facet normal 0.000000 0.000000 1.000000
outer loop
vertex 362.589355 156.010712 11.999963
vertex 404.467773 156.818085 11.999963
vertex 403.966797 172.247681 11.999962
endloop
endfacet
facet normal 0.000000 0.000000 1.000000
outer loop
vertex 362.589355 156.010712 11.999963
vertex 403.966797 172.247681 11.999962
vertex 362.288818 171.455261 11.999962
endloop
endfacet
facet normal -0.998015 -0.062978 0.000000
outer loop
vertex 362.589355 156.010712 -0.000037
vertex 362.589355 156.010712 11.999963
vertex 362.533691 156.892822 11.999963
endloop
endfacet
facet normal -0.998015 -0.062978 0.000000
outer loop
vertex 362.589355 156.010712 -0.000037
vertex 362.533691 156.892822 11.999963
vertex 362.533691 156.892822 -0.000037
endloop
endfacet
facet normal 0.019275 -0.999814 0.000000
outer loop
vertex 404.467773 156.818085 -0.000037
vertex 404.467773 156.818085 11.999963
vertex 362.589355 156.010712 11.999963
endloop
endfacet
facet normal 0.019275 -0.999814 0.000000
outer loop
vertex 404.467773 156.818085 -0.000037
vertex 362.589355 156.010712 11.999963
vertex 362.589355 156.010712 -0.000037
endloop
endfacet
facet normal 0.999473 0.032453 0.000000
outer loop
vertex 403.966797 172.247681 -0.000039
vertex 403.966797 172.247681 11.999962
vertex 404.467773 156.818085 11.999963
endloop
endfacet
facet normal 0.999473 0.032451 0.000000
outer loop
vertex 403.966797 172.247681 -0.000039
vertex 404.467773 156.818085 11.999963
vertex 404.467773 156.818085 -0.000037
endloop
endfacet
facet normal -0.019009 0.999819 0.000000
outer loop
vertex 362.288818 171.455261 -0.000038
vertex 362.288818 171.455261 11.999962
vertex 403.966797 172.247681 11.999962
endloop
endfacet
facet normal -0.019009 0.999819 0.000000
outer loop
vertex 362.288818 171.455261 -0.000038
vertex 403.966797 172.247681 11.999962
vertex 403.966797 172.247681 -0.000039
endloop
endfacet
facet normal -0.999859 -0.016815 0.000000
outer loop
vertex 362.533691 156.892822 -0.000037
vertex 362.533691 156.892822 11.999963
vertex 362.288818 171.455261 11.999962
endloop
endfacet
facet normal -0.999859 -0.016813 0.000000
outer loop
vertex 362.533691 156.892822 -0.000037
vertex 362.288818 171.455261 11.999962
vertex 362.288818 171.455261 -0.000038
endloop
endfacet
facet normal 0.000000 0.000000 1.000000
outer loop
vertex 354.574341 312.864502 26.999950
vertex 354.785889 302.144409 26.999952
vertex 404.011353 303.086304 26.999952
endloop
endfacet
facet normal -0.000000 0.000000 1.000000
outer loop
vertex 354.574341 312.864502 26.999950
vertex 404.011353 303.086304 26.999952
vertex 403.810974 313.791504 26.999950
endloop
endfacet
facet normal -0.999805 -0.019729 0.000000
outer loop
vertex 354.785889 302.144409 -0.000048
vertex 354.785889 302.144409 26.999952
vertex 354.574341 312.864502 26.999950
endloop
endfacet
facet normal -0.999805 -0.019727 0.000000
outer loop
vertex 354.785889 302.144409 -0.000048
vertex 354.574341 312.864502 26.999950
vertex 354.574341 312.864502 -0.000049
endloop
endfacet
facet normal 0.019131 -0.999817 0.000000
outer loop
vertex 404.011353 303.086304 -0.000048
vertex 404.011353 303.086304 26.999952
vertex 354.785889 302.144409 26.999952
endloop
endfacet
facet normal 0.019131 -0.999817 0.000000
outer loop
vertex 404.011353 303.086304 -0.000048
vertex 354.785889 302.144409 26.999952
vertex 354.785889 302.144409 -0.000048
endloop
endfacet
facet normal 0.999825 0.018716 0.000000
outer loop
vertex 403.810974 313.791504 -0.000049
vertex 403.810974 313.791504 26.999950
vertex 404.011353 303.086304 26.999952
endloop
endfacet
facet normal 0.999825 0.018708 0.000000
outer loop
vertex 403.810974 313.791504 -0.000049
vertex 404.011353 303.086304 26.999952
vertex 404.011353 303.086304 -0.000048
endloop
endfacet
facet normal -0.018824 0.999823 0.000000
outer loop
vertex 354.574341 312.864502 -0.000049
vertex 354.574341 312.864502 26.999950
vertex 403.810974 313.791504 26.999950
endloop
endfacet
facet normal -0.018824 0.999823 0.000000
outer loop
vertex 354.574341 312.864502 -0.000049
vertex 403.810974 313.791504 26.999950
vertex 403.810974 313.791504 -0.000049
endloop
endfacet
facet normal 0.000000 0.000000 1.000000
outer loop
vertex 333.011719 188.245483 11.999960
vertex 313.530884 187.781982 11.999960
vertex 314.488159 144.034851 11.999964
endloop
endfacet
facet normal 0.000000 0.000000 1.000000
outer loop
vertex 314.488159 144.034851 11.999964
vertex 334.013672 144.453491 11.999964
vertex 333.601807 156.354584 11.999963
endloop
endfacet
facet normal -0.000000 0.000000 1.000000
outer loop
vertex 314.488159 144.034851 11.999964
vertex 333.601807 156.354584 11.999963
vertex 333.011719 188.245483 11.999960
endloop
endfacet
facet normal -0.999761 -0.021877 0.000000
outer loop
vertex 314.488159 144.034851 -0.000036
vertex 314.488159 144.034851 11.999964
vertex 313.530884 187.781982 11.999960
endloop
endfacet
facet normal -0.999761 -0.021877 0.000000
outer loop
vertex 314.488159 144.034851 -0.000036
vertex 313.530884 187.781982 11.999960
vertex 313.530884 187.781982 -0.000040
endloop
endfacet
facet normal 0.021436 -0.999770 0.000000
outer loop
vertex 334.013672 144.453491 -0.000036
vertex 334.013672 144.453491 11.999964
vertex 314.488159 144.034851 11.999964
endloop
endfacet
facet normal 0.021436 -0.999770 0.000000
outer loop
vertex 334.013672 144.453491 -0.000036
vertex 314.488159 144.034851 11.999964
vertex 314.488159 144.034851 -0.000036
endloop
endfacet
facet normal 0.999402 0.034586 0.000000
outer loop
vertex 333.601807 156.354584 -0.000037
vertex 333.601807 156.354584 11.999963
vertex 334.013672 144.453491 11.999964
endloop
endfacet
facet normal 0.999402 0.034587 0.000000
outer loop
vertex 333.601807 156.354584 -0.000037
vertex 334.013672 144.453491 11.999964
vertex 334.013672 144.453491 -0.000036
endloop
endfacet
facet normal 0.999829 0.018500 0.000000
outer loop
vertex 333.011719 188.245483 -0.000040
vertex 333.011719 188.245483 11.999960
vertex 333.601807 156.354584 11.999963
endloop
endfacet
facet normal 0.999829 0.018500 0.000000
outer loop
vertex 333.011719 188.245483 -0.000040
vertex 333.601807 156.354584 11.999963
vertex 333.601807 156.354584 -0.000037
endloop
endfacet
facet normal -0.023786 0.999717 0.000000
outer loop
vertex 313.530884 187.781982 -0.000040
vertex 313.530884 187.781982 11.999960
vertex 333.011719 188.245483 11.999960
endloop
endfacet
facet normal -0.023786 0.999717 0.000000
outer loop
vertex 313.530884 187.781982 -0.000040
vertex 333.011719 188.245483 11.999960
vertex 333.011719 188.245483 -0.000040
endloop
endfacet
facet normal -0.000046 0.002242 0.999997
outer loop
vertex 401.194946 445.947815 59.999939
vertex 352.414795 445.050720 59.999939
vertex 337.063843 444.766663 59.999943
endloop
endfacet
facet normal 0.000000 0.000000 1.000000
outer loop
vertex 337.063843 444.766663 59.999943
vertex 337.609253 415.177490 59.999943
vertex 352.926880 415.461548 59.999943
endloop
endfacet
facet normal -0.000000 0.000000 1.000000
outer loop
vertex 352.926880 415.461548 59.999943
vertex 353.116089 404.860901 59.999943
vertex 401.929688 405.772949 59.999943
endloop
endfacet
facet normal 0.000000 0.000000 1.000000
outer loop
vertex 401.929688 405.772949 59.999943
vertex 401.194946 445.947815 59.999939
vertex 337.063843 444.766663 59.999943
endloop
endfacet
facet normal -0.000000 0.000000 1.000000
outer loop
vertex 337.063843 444.766663 59.999943
vertex 352.926880 415.461548 59.999943
vertex 401.929688 405.772949 59.999943
endloop
endfacet
facet normal -0.018501 0.999829 0.000000
outer loop
vertex 337.063843 444.766663 -0.000059
vertex 337.063843 444.766663 59.999943
vertex 352.414795 445.050720 59.999939
endloop
endfacet
facet normal -0.018501 0.999829 0.000000
outer loop
vertex 337.063843 444.766663 -0.000059
vertex 352.414795 445.050720 59.999939
vertex 352.414795 445.050720 -0.000059
endloop
endfacet
facet normal -0.999830 -0.018429 0.000000
outer loop
vertex 337.609253 415.177490 -0.000057
vertex 337.609253 415.177490 59.999943
vertex 337.063843 444.766663 59.999943
endloop
endfacet
facet normal -0.999830 -0.018431 0.000000
outer loop
vertex 337.609253 415.177490 -0.000057
vertex 337.063843 444.766663 59.999943
vertex 337.063843 444.766663 -0.000059
endloop
endfacet
facet normal 0.018541 -0.999828 0.000000
outer loop
vertex 352.926880 415.461548 -0.000057
vertex 352.926880 415.461548 59.999943
vertex 337.609253 415.177490 59.999943
endloop
endfacet
facet normal 0.018541 -0.999828 0.000000
outer loop
vertex 352.926880 415.461548 -0.000057
vertex 337.609253 415.177490 59.999943
vertex 337.609253 415.177490 -0.000057
endloop
endfacet
facet normal -0.999841 -0.017844 0.000000
outer loop
vertex 353.116089 404.860901 -0.000056
vertex 353.116089 404.860901 59.999943
vertex 352.926880 415.461548 59.999943
endloop
endfacet
facet normal -0.999841 -0.017844 0.000000
outer loop
vertex 353.116089 404.860901 -0.000056
vertex 352.926880 415.461548 59.999943
vertex 352.926880 415.461548 -0.000057
endloop
endfacet
facet normal 0.018681 -0.999825 0.000000
outer loop
vertex 401.929688 405.772949 -0.000056
vertex 401.929688 405.772949 59.999943
vertex 353.116089 404.860901 59.999943
endloop
endfacet
facet normal 0.018681 -0.999825 0.000000
outer loop
vertex 401.929688 405.772949 -0.000056
vertex 353.116089 404.860901 59.999943
vertex 353.116089 404.860901 -0.000056
endloop
endfacet
facet normal 0.999833 0.018285 0.000000
outer loop
vertex 401.194946 445.947815 -0.000059
vertex 401.194946 445.947815 59.999939
vertex 401.929688 405.772949 59.999943
endloop
endfacet
facet normal 0.999833 0.018288 0.000000
outer loop
vertex 401.194946 445.947815 -0.000059
vertex 401.929688 405.772949 59.999943
vertex 401.929688 405.772949 -0.000056
endloop
endfacet
facet normal -0.018387 0.999831 0.000000
outer loop
vertex 352.414795 445.050720 -0.000059
vertex 352.414795 445.050720 59.999939
vertex 401.194946 445.947815 59.999939
endloop
endfacet
facet normal -0.018387 0.999831 0.000000
outer loop
vertex 352.414795 445.050720 -0.000059
vertex 401.194946 445.947815 59.999939
vertex 401.194946 445.947815 -0.000059
endloop
endfacet
facet normal -0.000000 0.000000 1.000000
outer loop
vertex 351.702271 484.074524 23.999937
vertex 352.058594 464.801819 23.999939
vertex 400.827637 465.698914 23.999939
endloop
endfacet
facet normal 0.000000 0.000000 1.000000
outer loop
vertex 351.702271 484.074524 23.999937
vertex 400.827637 465.698914 23.999939
vertex 400.471375 484.986572 23.999937
endloop
endfacet
facet normal -0.999829 -0.018485 0.000000
outer loop
vertex 352.058594 464.801819 -0.000061
vertex 352.058594 464.801819 23.999939
vertex 351.702271 484.074524 23.999937
endloop
endfacet
facet normal -0.999829 -0.018483 0.000000
outer loop
vertex 352.058594 464.801819 -0.000061
vertex 351.702271 484.074524 23.999937
vertex 351.702271 484.074524 -0.000062
endloop
endfacet
facet normal 0.018392 -0.999831 0.000000
outer loop
vertex 400.827637 465.698914 -0.000061
vertex 400.827637 465.698914 23.999939
vertex 352.058594 464.801819 23.999939
endloop
endfacet
facet normal 0.018392 -0.999831 0.000000
outer loop
vertex 400.827637 465.698914 -0.000061
vertex 352.058594 464.801819 23.999939
vertex 352.058594 464.801819 -0.000061
endloop
endfacet
facet normal 0.999829 0.018470 0.000000
outer loop
vertex 400.471375 484.986572 -0.000062
vertex 400.471375 484.986572 23.999937
vertex 400.827637 465.698914 23.999939
endloop
endfacet
facet normal 0.999830 0.018465 0.000000
outer loop
vertex 400.471375 484.986572 -0.000062
vertex 400.827637 465.698914 23.999939
vertex 400.827637 465.698914 -0.000061
endloop
endfacet
facet normal -0.018698 0.999825 0.000000
outer loop
vertex 351.702271 484.074524 -0.000062
vertex 351.702271 484.074524 23.999937
vertex 400.471375 484.986572 23.999937
endloop
endfacet
facet normal -0.018698 0.999825 0.000000
outer loop
vertex 351.702271 484.074524 -0.000062
vertex 400.471375 484.986572 23.999937
vertex 400.471375 484.986572 -0.000062
endloop
endfacet
facet normal -0.000000 0.000000 1.000000
outer loop
vertex 353.171753 379.533020 17.999947
vertex 353.884155 347.252808 17.999949
vertex 403.176453 348.299377 17.999949
endloop
endfacet
facet normal 0.000000 0.000000 1.000000
outer loop
vertex 353.171753 379.533020 17.999947
vertex 403.176453 348.299377 17.999949
vertex 402.519653 380.564697 17.999947
endloop
endfacet
facet normal -0.999757 -0.022065 0.000000
outer loop
vertex 353.884155 347.252808 -0.000052
vertex 353.884155 347.252808 17.999949
vertex 353.171753 379.533020 17.999947
endloop
endfacet
facet normal -0.999757 -0.022062 0.000000
outer loop
vertex 353.884155 347.252808 -0.000052
vertex 353.171753 379.533020 17.999947
vertex 353.171753 379.533020 -0.000054
endloop
endfacet
facet normal 0.021227 -0.999775 0.000000
outer loop
vertex 403.176453 348.299377 -0.000052
vertex 403.176453 348.299377 17.999949
vertex 353.884155 347.252808 17.999949
endloop
endfacet
facet normal 0.021227 -0.999775 0.000000
outer loop
vertex 403.176453 348.299377 -0.000052
vertex 353.884155 347.252808 17.999949
vertex 353.884155 347.252808 -0.000052
endloop
endfacet
facet normal 0.999793 0.020352 0.000000
outer loop
vertex 402.519653 380.564697 -0.000054
vertex 402.519653 380.564697 17.999947
vertex 403.176453 348.299377 17.999949
endloop
endfacet
facet normal 0.999793 0.020353 0.000000
outer loop
vertex 402.519653 380.564697 -0.000054
vertex 403.176453 348.299377 17.999949
vertex 403.176453 348.299377 -0.000052
endloop
endfacet
facet normal -0.020902 0.999782 0.000000
outer loop
vertex 353.171753 379.533020 -0.000054
vertex 353.171753 379.533020 17.999947
vertex 402.519653 380.564697 17.999947
endloop
endfacet
facet normal -0.020902 0.999782 0.000000
outer loop
vertex 353.171753 379.533020 -0.000054
vertex 402.519653 380.564697 17.999947
vertex 402.519653 380.564697 -0.000054
endloop
endfacet
facet normal -0.000000 0.000000 1.000000
outer loop
vertex 447.392578 96.923950 20.999968
vertex 447.548401 82.137360 20.999968
vertex 507.226807 83.363342 20.999968
endloop
endfacet
facet normal 0.000000 0.000000 1.000000
outer loop
vertex 447.392578 96.923950 20.999968
vertex 507.226807 83.363342 20.999968
vertex 506.792664 98.105072 20.999968
endloop
endfacet
facet normal -0.999944 -0.010541 0.000000
outer loop
vertex 447.548401 82.137360 -0.000032
vertex 447.548401 82.137360 20.999968
vertex 447.392578 96.923950 20.999968
endloop
endfacet
facet normal -0.999944 -0.010535 0.000000
outer loop
vertex 447.548401 82.137360 -0.000032
vertex 447.392578 96.923950 20.999968
vertex 447.392578 96.923950 -0.000033
endloop
endfacet
facet normal 0.020539 -0.999789 0.000000
outer loop
vertex 507.226807 83.363342 -0.000032
vertex 507.226807 83.363342 20.999968
vertex 447.548401 82.137360 20.999968
endloop
endfacet
facet normal 0.020539 -0.999789 0.000000
outer loop
vertex 507.226807 83.363342 -0.000032
vertex 447.548401 82.137360 20.999968
vertex 447.548401 82.137360 -0.000032
endloop
endfacet
facet normal 0.999567 0.029438 0.000000
outer loop
vertex 506.792664 98.105072 -0.000033
vertex 506.792664 98.105072 20.999968
vertex 507.226807 83.363342 20.999968
endloop
endfacet
facet normal 0.999566 0.029444 0.000000
outer loop
vertex 506.792664 98.105072 -0.000033
vertex 507.226807 83.363342 20.999968
vertex 507.226807 83.363342 -0.000032
endloop
endfacet
facet normal -0.019880 0.999802 0.000000
outer loop
vertex 447.392578 96.923950 -0.000033
vertex 447.392578 96.923950 20.999968
vertex 506.792664 98.105072 20.999968
endloop
endfacet
facet normal -0.019880 0.999802 0.000000
outer loop
vertex 447.392578 96.923950 -0.000033
vertex 506.792664 98.105072 20.999968
vertex 506.792664 98.105072 -0.000033
endloop
endfacet
facet normal -0.999976 -0.006882 0.000000
outer loop
vertex 512.369751 133.374695 -0.000036
vertex 512.369751 133.374695 11.999965
vertex 512.280701 146.322388 11.999964
endloop
endfacet
facet normal -0.999976 -0.006870 0.000000
outer loop
vertex 512.369751 133.374695 -0.000036
vertex 512.280701 146.322388 11.999964
vertex 512.280701 146.322388 -0.000037
endloop
endfacet
facet normal 0.000000 0.000000 1.000000
outer loop
vertex 446.145752 156.279846 44.999962
vertex 505.679443 157.475922 44.999962
vertex 504.889099 197.036743 44.999958
endloop
endfacet
facet normal -0.000000 0.000000 1.000000
outer loop
vertex 446.145752 156.279846 44.999962
vertex 504.889099 197.036743 44.999958
vertex 445.355408 195.855591 44.999958
endloop
endfacet
facet normal 0.020087 -0.999798 0.000000
outer loop
vertex 505.679443 157.475922 -0.000037
vertex 505.679443 157.475922 44.999962
vertex 446.145752 156.279846 44.999962
endloop
endfacet
facet normal 0.020087 -0.999798 0.000000
outer loop
vertex 505.679443 157.475922 -0.000037
vertex 446.145752 156.279846 44.999962
vertex 446.145752 156.279846 -0.000037
endloop
endfacet
facet normal 0.999801 0.019975 0.000000
outer loop
vertex 504.889099 197.036743 -0.000040
vertex 504.889099 197.036743 44.999958
vertex 505.679443 157.475922 44.999962
endloop
endfacet
facet normal 0.999800 0.019974 0.000000
outer loop
vertex 504.889099 197.036743 -0.000040
vertex 505.679443 157.475922 44.999962
vertex 505.679443 157.475922 -0.000037
endloop
endfacet
facet normal -0.019836 0.999803 0.000000
outer loop
vertex 445.355408 195.855591 -0.000040
vertex 445.355408 195.855591 44.999958
vertex 504.889099 197.036743 44.999958
endloop
endfacet
facet normal -0.019836 0.999803 0.000000
outer loop
vertex 445.355408 195.855591 -0.000040
vertex 504.889099 197.036743 44.999958
vertex 504.889099 197.036743 -0.000040
endloop
endfacet
facet normal -0.999801 -0.019967 0.000000
outer loop
vertex 446.145752 156.279846 -0.000037
vertex 446.145752 156.279846 44.999962
vertex 445.355408 195.855591 44.999958
endloop
endfacet
facet normal -0.999801 -0.019967 0.000000
outer loop
vertex 446.145752 156.279846 -0.000037
vertex 445.355408 195.855591 44.999958
vertex 445.355408 195.855591 -0.000040
endloop
endfacet
facet normal 0.000000 0.000000 1.000000
outer loop
vertex 447.392578 96.923950 20.999968
vertex 506.792664 98.105072 20.999968
vertex 505.679443 157.475922 20.999962
endloop
endfacet
facet normal -0.000000 0.000000 1.000000
outer loop
vertex 447.392578 96.923950 20.999968
vertex 505.679443 157.475922 20.999962
vertex 446.145752 156.279846 20.999962
endloop
endfacet
facet normal 0.019880 -0.999802 0.000000
outer loop
vertex 506.792664 98.105072 -0.000033
vertex 506.792664 98.105072 20.999968
vertex 447.392578 96.923950 20.999968
endloop
endfacet
facet normal 0.019880 -0.999802 0.000000
outer loop
vertex 506.792664 98.105072 -0.000033
vertex 447.392578 96.923950 20.999968
vertex 447.392578 96.923950 -0.000033
endloop
endfacet
facet normal 0.999824 0.018747 0.000000
outer loop
vertex 505.679443 157.475922 -0.000037
vertex 505.679443 157.475922 20.999962
vertex 506.792664 98.105072 20.999968
endloop
endfacet
facet normal 0.999824 0.018746 0.000000
outer loop
vertex 505.679443 157.475922 -0.000037
vertex 506.792664 98.105072 20.999968
vertex 506.792664 98.105072 -0.000033
endloop
endfacet
facet normal -0.020087 0.999798 0.000000
outer loop
vertex 446.145752 156.279846 -0.000037
vertex 446.145752 156.279846 20.999962
vertex 505.679443 157.475922 20.999962
endloop
endfacet
facet normal -0.020087 0.999798 0.000000
outer loop
vertex 446.145752 156.279846 -0.000037
vertex 505.679443 157.475922 20.999962
vertex 505.679443 157.475922 -0.000037
endloop
endfacet
facet normal -0.999780 -0.021001 0.000000
outer loop
vertex 447.392578 96.923950 -0.000033
vertex 447.392578 96.923950 20.999968
vertex 446.145752 156.279846 20.999962
endloop
endfacet
facet normal -0.999779 -0.021003 0.000000
outer loop
vertex 447.392578 96.923950 -0.000033
vertex 446.145752 156.279846 20.999962
vertex 446.145752 156.279846 -0.000037
endloop
endfacet
facet normal -0.000000 0.000000 1.000000
outer loop
vertex 441.615051 433.149292 50.999943
vertex 441.937927 414.414978 50.999943
vertex 476.625061 414.998047 50.999943
endloop
endfacet
facet normal 0.000000 0.000000 1.000000
outer loop
vertex 441.615051 433.149292 50.999943
vertex 476.625061 414.998047 50.999943
vertex 476.313354 433.717407 50.999943
endloop
endfacet
facet normal -0.999852 -0.017230 0.000000
outer loop
vertex 441.937927 414.414978 -0.000057
vertex 441.937927 414.414978 50.999943
vertex 441.615051 433.149292 50.999943
endloop
endfacet
facet normal -0.999851 -0.017234 0.000000
outer loop
vertex 441.937927 414.414978 -0.000057
vertex 441.615051 433.149292 50.999943
vertex 441.615051 433.149292 -0.000058
endloop
endfacet
facet normal 0.016807 -0.999859 0.000000
outer loop
vertex 476.625061 414.998047 -0.000057
vertex 476.625061 414.998047 50.999943
vertex 441.937927 414.414978 50.999943
endloop
endfacet
facet normal 0.016807 -0.999859 0.000000
outer loop
vertex 476.625061 414.998047 -0.000057
vertex 441.937927 414.414978 50.999943
vertex 441.937927 414.414978 -0.000057
endloop
endfacet
facet normal 0.999861 0.016651 0.000000
outer loop
vertex 476.313354 433.717407 -0.000058
vertex 476.313354 433.717407 50.999943
vertex 476.625061 414.998047 50.999943
endloop
endfacet
facet normal 0.999861 0.016651 0.000000
outer loop
vertex 476.313354 433.717407 -0.000058
vertex 476.625061 414.998047 50.999943
vertex 476.625061 414.998047 -0.000057
endloop
endfacet
facet normal -0.016371 0.999866 0.000000
outer loop
vertex 441.615051 433.149292 -0.000058
vertex 441.615051 433.149292 50.999943
vertex 476.313354 433.717407 50.999943
endloop
endfacet
facet normal -0.016371 0.999866 0.000000
outer loop
vertex 441.615051 433.149292 -0.000058
vertex 476.313354 433.717407 50.999943
vertex 476.313354 433.717407 -0.000058
endloop
endfacet
facet normal -0.000000 0.000000 1.000000
outer loop
vertex 32.360107 -307.897278 -0.000002
vertex 32.604980 -329.724884 -0.000001
vertex 74.416626 -329.111908 -0.000001
endloop
endfacet
facet normal -0.000000 0.000000 1.000000
outer loop
vertex 32.360107 -307.897278 -0.000002
vertex 74.416626 -329.111908 -0.000001
vertex 73.971313 -307.224518 -0.000002
endloop
endfacet
facet normal 0.000000 0.000000 1.000000
outer loop
vertex 502.940979 463.515991 19.999939
vertex 475.823547 463.067444 19.999939
vertex 476.112976 445.529175 19.999941
endloop
endfacet
facet normal -0.016539 0.999863 0.000000
outer loop
vertex 475.823547 463.067444 -0.000060
vertex 475.823547 463.067444 19.999939
vertex 502.940979 463.515991 19.999939
endloop
endfacet
facet normal -0.016539 0.999863 0.000000
outer loop
vertex 475.823547 463.067444 -0.000060
vertex 502.940979 463.515991 19.999939
vertex 502.940979 463.515991 -0.000061
endloop
endfacet
facet normal -0.999864 -0.016502 0.000000
outer loop
vertex 476.112976 445.529175 -0.000059
vertex 476.112976 445.529175 19.999941
vertex 475.823547 463.067444 19.999939
endloop
endfacet
facet normal -0.999864 -0.016502 0.000000
outer loop
vertex 476.112976 445.529175 -0.000059
vertex 475.823547 463.067444 19.999939
vertex 475.823547 463.067444 -0.000060
endloop
endfacet
facet normal -0.000000 0.000000 1.000000
outer loop
vertex 31.413940 -235.791107 8.999992
vertex 31.480713 -245.658463 8.999993
vertex 72.813599 -244.985687 8.999993
endloop
endfacet
facet normal 0.000000 0.000000 1.000000
outer loop
vertex 31.413940 -235.791107 8.999992
vertex 72.813599 -244.985687 8.999993
vertex 72.646606 -235.193085 8.999992
endloop
endfacet
facet normal -0.999977 -0.006767 0.000000
outer loop
vertex 31.480713 -245.658463 -0.000007
vertex 31.480713 -245.658463 8.999993
vertex 31.413940 -235.791107 8.999992
endloop
endfacet
facet normal -0.999977 -0.006767 0.000000
outer loop
vertex 31.480713 -245.658463 -0.000007
vertex 31.413940 -235.791107 8.999992
vertex 31.413940 -235.791107 -0.000008
endloop
endfacet
facet normal 0.016275 -0.999868 0.000000
outer loop
vertex 72.813599 -244.985687 -0.000007
vertex 72.813599 -244.985687 8.999993
vertex 31.480713 -245.658463 8.999993
endloop
endfacet
facet normal 0.016275 -0.999868 0.000000
outer loop
vertex 72.813599 -244.985687 -0.000007
vertex 31.480713 -245.658463 8.999993
vertex 31.480713 -245.658463 -0.000007
endloop
endfacet
facet normal 0.999855 0.017050 0.000000
outer loop
vertex 72.646606 -235.193085 -0.000008
vertex 72.646606 -235.193085 8.999992
vertex 72.813599 -244.985687 8.999993
endloop
endfacet
facet normal 0.999855 0.017050 0.000000
outer loop
vertex 72.646606 -235.193085 -0.000008
vertex 72.813599 -244.985687 8.999993
vertex 72.813599 -244.985687 -0.000007
endloop
endfacet
facet normal -0.014502 0.999895 0.000000
outer loop
vertex 31.413940 -235.791107 -0.000008
vertex 31.413940 -235.791107 8.999992
vertex 72.646606 -235.193085 8.999992
endloop
endfacet
facet normal -0.014502 0.999895 0.000000
outer loop
vertex 31.413940 -235.791107 -0.000008
vertex 72.646606 -235.193085 8.999992
vertex 72.646606 -235.193085 -0.000008
endloop
endfacet
facet normal 0.000000 0.000000 1.000000
outer loop
vertex 441.615051 433.149292 35.999943
vertex 476.313354 433.717407 35.999943
vertex 476.112976 445.529175 35.999939
endloop
endfacet
facet normal -0.000000 0.000000 1.000000
outer loop
vertex 475.823547 463.067444 35.999939
vertex 502.940979 463.515991 35.999939
vertex 502.673828 479.693665 35.999939
endloop
endfacet
facet normal 0.000000 0.000000 1.000000
outer loop
vertex 441.615051 433.149292 35.999943
vertex 476.112976 445.529175 35.999939
vertex 475.823547 463.067444 35.999939
endloop
endfacet
facet normal 0.000000 0.000000 1.000000
outer loop
vertex 475.823547 463.067444 35.999939
vertex 502.673828 479.693665 35.999939
vertex 502.395508 495.796631 35.999935
endloop
endfacet
facet normal 0.016371 -0.999866 0.000000
outer loop
vertex 476.313354 433.717407 -0.000058
vertex 476.313354 433.717407 35.999943
vertex 441.615051 433.149292 35.999943
endloop
endfacet
facet normal 0.016371 -0.999866 0.000000
outer loop
vertex 476.313354 433.717407 -0.000058
vertex 441.615051 433.149292 35.999943
vertex 441.615051 433.149292 -0.000058
endloop
endfacet
facet normal 0.999856 0.016965 0.000000
outer loop
vertex 476.112976 445.529175 -0.000059
vertex 476.112976 445.529175 35.999939
vertex 476.313354 433.717407 35.999943
endloop
endfacet
facet normal 0.999856 0.016965 0.000000
outer loop
vertex 476.112976 445.529175 -0.000059
vertex 476.313354 433.717407 35.999943
vertex 476.313354 433.717407 -0.000058
endloop
endfacet
facet normal 0.999864 0.016498 0.000000
outer loop
vertex 475.823547 463.067444 -0.000060
vertex 475.823547 463.067444 35.999939
vertex 476.112976 445.529175 35.999939
endloop
endfacet
facet normal 0.999864 0.016492 0.000000
outer loop
vertex 475.823547 463.067444 -0.000060
vertex 476.112976 445.529175 35.999939
vertex 476.112976 445.529175 -0.000059
endloop
endfacet
facet normal 0.016539 -0.999863 0.000000
outer loop
vertex 502.940979 463.515991 -0.000061
vertex 502.940979 463.515991 35.999939
vertex 475.823547 463.067444 35.999939
endloop
endfacet
facet normal 0.016539 -0.999863 0.000000
outer loop
vertex 502.940979 463.515991 -0.000061
vertex 475.823547 463.067444 35.999939
vertex 475.823547 463.067444 -0.000060
endloop
endfacet
facet normal 0.999864 0.016511 0.000000
outer loop
vertex 502.673828 479.693665 -0.000062
vertex 502.673828 479.693665 35.999939
vertex 502.940979 463.515991 35.999939
endloop
endfacet
facet normal 0.999864 0.016511 0.000000
outer loop
vertex 502.673828 479.693665 -0.000062
vertex 502.940979 463.515991 35.999939
vertex 502.940979 463.515991 -0.000061
endloop
endfacet
facet normal 0.999851 0.017281 0.000000
outer loop
vertex 502.395508 495.796631 -0.000063
vertex 502.395508 495.796631 35.999935
vertex 502.673828 479.693665 35.999939
endloop
endfacet
facet normal 0.999851 0.017274 0.000000
outer loop
vertex 502.395508 495.796631 -0.000063
vertex 502.673828 479.693665 35.999939
vertex 502.673828 479.693665 -0.000062
endloop
endfacet
facet normal 0.999862 0.016587 0.000000
outer loop
vertex 502.128357 511.899597 -0.000064
vertex 502.395508 495.796631 35.999935
vertex 502.395508 495.796631 -0.000063
endloop
endfacet
facet normal -0.000000 0.000000 1.000000
outer loop
vertex 31.636475 -257.439453 11.999994
vertex 31.825806 -272.135803 11.999995
vertex 73.325684 -271.463013 11.999995
endloop
endfacet
facet normal 0.000000 0.000000 1.000000
outer loop
vertex 31.636475 -257.439453 11.999994
vertex 73.325684 -271.463013 11.999995
vertex 73.036255 -256.766693 11.999994
endloop
endfacet
facet normal -0.999917 -0.012882 0.000000
outer loop
vertex 31.825806 -272.135803 -0.000005
vertex 31.825806 -272.135803 11.999995
vertex 31.636475 -257.439453 11.999994
endloop
endfacet
facet normal -0.999917 -0.012882 0.000000
outer loop
vertex 31.825806 -272.135803 -0.000005
vertex 31.636475 -257.439453 11.999994
vertex 31.636475 -257.439453 -0.000006
endloop
endfacet
facet normal 0.016210 -0.999869 0.000000
outer loop
vertex 73.325684 -271.463013 -0.000005
vertex 73.325684 -271.463013 11.999995
vertex 31.825806 -272.135803 11.999995
endloop
endfacet
facet normal 0.016210 -0.999869 0.000000
outer loop
vertex 73.325684 -271.463013 -0.000005
vertex 31.825806 -272.135803 11.999995
vertex 31.825806 -272.135803 -0.000005
endloop
endfacet
facet normal 0.999806 0.019690 0.000000
outer loop
vertex 73.036255 -256.766693 -0.000006
vertex 73.036255 -256.766693 11.999994
vertex 73.325684 -271.463013 11.999995
endloop
endfacet
facet normal 0.999806 0.019690 0.000000
outer loop
vertex 73.036255 -256.766693 -0.000006
vertex 73.325684 -271.463013 11.999995
vertex 73.325684 -271.463013 -0.000005
endloop
endfacet
facet normal -0.016248 0.999868 0.000000
outer loop
vertex 31.636475 -257.439453 -0.000006
vertex 31.636475 -257.439453 11.999994
vertex 73.036255 -256.766693 11.999994
endloop
endfacet
facet normal -0.016248 0.999868 0.000000
outer loop
vertex 31.636475 -257.439453 -0.000006
vertex 73.036255 -256.766693 11.999994
vertex 73.036255 -256.766693 -0.000006
endloop
endfacet
facet normal 0.000000 0.000000 1.000000
outer loop
vertex 31.480713 -245.658463 14.999993
vertex 31.636475 -257.439453 14.999994
vertex 73.036255 -256.766693 14.999994
endloop
endfacet
facet normal 0.000000 0.000000 1.000000
outer loop
vertex 31.480713 -245.658463 14.999993
vertex 73.036255 -256.766693 14.999994
vertex 72.813599 -244.985687 14.999993
endloop
endfacet
facet normal -0.999913 -0.013220 0.000000
outer loop
vertex 31.636475 -257.439453 -0.000006
vertex 31.636475 -257.439453 14.999994
vertex 31.480713 -245.658463 14.999993
endloop
endfacet
facet normal -0.999913 -0.013220 0.000000
outer loop
vertex 31.636475 -257.439453 -0.000006
vertex 31.480713 -245.658463 14.999993
vertex 31.480713 -245.658463 -0.000007
endloop
endfacet
facet normal 0.016248 -0.999868 0.000000
outer loop
vertex 73.036255 -256.766693 -0.000006
vertex 73.036255 -256.766693 14.999994
vertex 31.636475 -257.439453 14.999994
endloop
endfacet
facet normal 0.016248 -0.999868 0.000000
outer loop
vertex 73.036255 -256.766693 -0.000006
vertex 31.636475 -257.439453 14.999994
vertex 31.636475 -257.439453 -0.000006
endloop
endfacet
facet normal 0.999821 0.018897 0.000000
outer loop
vertex 72.813599 -244.985687 -0.000007
vertex 72.813599 -244.985687 14.999993
vertex 73.036255 -256.766693 14.999994
endloop
endfacet
facet normal 0.999821 0.018896 0.000000
outer loop
vertex 72.813599 -244.985687 -0.000007
vertex 73.036255 -256.766693 14.999994
vertex 73.036255 -256.766693 -0.000006
endloop
endfacet
facet normal -0.016275 0.999868 0.000000
outer loop
vertex 31.480713 -245.658463 -0.000007
vertex 31.480713 -245.658463 14.999993
vertex 72.813599 -244.985687 14.999993
endloop
endfacet
facet normal -0.016275 0.999868 0.000000
outer loop
vertex 31.480713 -245.658463 -0.000007
vertex 72.813599 -244.985687 14.999993
vertex 72.813599 -244.985687 -0.000007
endloop
endfacet
facet normal -0.999856 -0.016967 0.000000
outer loop
vertex 476.313354 433.717407 -0.000058
vertex 476.313354 433.717407 44.999943
vertex 476.112976 445.529175 44.999939
endloop
endfacet
facet normal -0.999856 -0.016959 0.000000
outer loop
vertex 476.313354 433.717407 -0.000058
vertex 476.112976 445.529175 44.999939
vertex 476.112976 445.529175 -0.000059
endloop
endfacet
facet normal -0.999861 -0.016645 0.000000
outer loop
vertex 476.625061 414.998047 -0.000057
vertex 476.625061 414.998047 44.999943
vertex 476.313354 433.717407 44.999943
endloop
endfacet
facet normal -0.999861 -0.016650 0.000000
outer loop
vertex 476.625061 414.998047 -0.000057
vertex 476.313354 433.717407 44.999943
vertex 476.313354 433.717407 -0.000058
endloop
endfacet
facet normal -0.000000 0.000000 1.000000
outer loop
vertex 32.604980 -329.724884 -0.000001
vertex 32.783081 -344.555664 0.000000
vertex 74.672607 -344.017426 0.000000
endloop
endfacet
facet normal -0.000000 0.000000 1.000000
outer loop
vertex 32.604980 -329.724884 -0.000001
vertex 74.672607 -344.017426 0.000000
vertex 74.416626 -329.111908 -0.000001
endloop
endfacet
facet normal -0.999851 -0.017281 0.000000
outer loop
vertex 502.673828 479.693665 -0.000062
vertex 502.673828 479.693665 19.999939
vertex 502.395508 495.796631 19.999937
endloop
endfacet
facet normal -0.999851 -0.017287 0.000000
outer loop
vertex 502.673828 479.693665 -0.000062
vertex 502.395508 495.796631 19.999937
vertex 502.395508 495.796631 -0.000063
endloop
endfacet
facet normal 0.000000 0.000000 1.000000
outer loop
vertex 32.081787 -287.624481 11.999996
vertex 32.360107 -307.897278 11.999998
vertex 73.971313 -307.224518 11.999998
endloop
endfacet
facet normal 0.000000 0.000000 1.000000
outer loop
vertex 32.081787 -287.624481 11.999996
vertex 73.971313 -307.224518 11.999998
vertex 73.581665 -286.936768 11.999996
endloop
endfacet
facet normal -0.999906 -0.013727 0.000000
outer loop
vertex 32.360107 -307.897278 -0.000002
vertex 32.360107 -307.897278 11.999998
vertex 32.081787 -287.624481 11.999996
endloop
endfacet
facet normal -0.999906 -0.013727 0.000000
outer loop
vertex 32.360107 -307.897278 -0.000002
vertex 32.081787 -287.624481 11.999996
vertex 32.081787 -287.624481 -0.000004
endloop
endfacet
facet normal 0.016166 -0.999869 0.000000
outer loop
vertex 73.971313 -307.224518 -0.000002
vertex 73.971313 -307.224518 11.999998
vertex 32.360107 -307.897278 11.999998
endloop
endfacet
facet normal 0.016166 -0.999869 0.000000
outer loop
vertex 73.971313 -307.224518 -0.000002
vertex 32.360107 -307.897278 11.999998
vertex 32.360107 -307.897278 -0.000002
endloop
endfacet
facet normal 0.999816 0.019202 0.000000
outer loop
vertex 73.581665 -286.936768 -0.000004
vertex 73.581665 -286.936768 11.999996
vertex 73.971313 -307.224518 11.999998
endloop
endfacet
facet normal 0.999816 0.019203 0.000000
outer loop
vertex 73.581665 -286.936768 -0.000004
vertex 73.971313 -307.224518 11.999998
vertex 73.971313 -307.224518 -0.000002
endloop
endfacet
facet normal -0.016569 0.999863 0.000000
outer loop
vertex 32.081787 -287.624481 -0.000004
vertex 32.081787 -287.624481 11.999996
vertex 73.581665 -286.936768 11.999996
endloop
endfacet
facet normal -0.016569 0.999863 0.000000
outer loop
vertex 32.081787 -287.624481 -0.000004
vertex 73.581665 -286.936768 11.999996
vertex 73.581665 -286.936768 -0.000004
endloop
endfacet
facet normal -0.999864 -0.016508 0.000000
outer loop
vertex 502.940979 463.515991 -0.000061
vertex 502.940979 463.515991 19.999939
vertex 502.673828 479.693665 19.999939
endloop
endfacet
facet normal -0.999864 -0.016514 0.000000
outer loop
vertex 502.940979 463.515991 -0.000061
vertex 502.673828 479.693665 19.999939
vertex 502.673828 479.693665 -0.000062
endloop
endfacet
facet normal 0.000000 0.000000 1.000000
outer loop
vertex 30.812744 -194.004257 5.999989
vertex 31.413940 -235.791107 5.999992
vertex 72.646606 -235.193085 5.999992
endloop
endfacet
facet normal 0.000000 0.000000 1.000000
outer loop
vertex 30.812744 -194.004257 5.999989
vertex 72.646606 -235.193085 5.999992
vertex 72.045532 -193.421188 5.999989
endloop
endfacet
facet normal -0.999896 -0.014386 0.000000
outer loop
vertex 31.413940 -235.791107 -0.000008
vertex 31.413940 -235.791107 5.999992
vertex 30.812744 -194.004257 5.999989
endloop
endfacet
facet normal -0.999896 -0.014386 0.000000
outer loop
vertex 31.413940 -235.791107 -0.000008
vertex 30.812744 -194.004257 5.999989
vertex 30.812744 -194.004257 -0.000011
endloop
endfacet
facet normal 0.014502 -0.999895 0.000000
outer loop
vertex 72.646606 -235.193085 -0.000008
vertex 72.646606 -235.193085 5.999992
vertex 31.413940 -235.791107 5.999992
endloop
endfacet
facet normal 0.014502 -0.999895 0.000000
outer loop
vertex 72.646606 -235.193085 -0.000008
vertex 31.413940 -235.791107 5.999992
vertex 31.413940 -235.791107 -0.000008
endloop
endfacet
facet normal 0.999897 0.014388 0.000000
outer loop
vertex 72.045532 -193.421188 -0.000011
vertex 72.045532 -193.421188 5.999989
vertex 72.646606 -235.193085 5.999992
endloop
endfacet
facet normal 0.999897 0.014388 0.000000
outer loop
vertex 72.045532 -193.421188 -0.000011
vertex 72.646606 -235.193085 5.999992
vertex 72.646606 -235.193085 -0.000008
endloop
endfacet
facet normal -0.014139 0.999900 0.000000
outer loop
vertex 30.812744 -194.004257 -0.000011
vertex 30.812744 -194.004257 5.999989
vertex 72.045532 -193.421188 5.999989
endloop
endfacet
facet normal -0.014139 0.999900 0.000000
outer loop
vertex 30.812744 -194.004257 -0.000011
vertex 72.045532 -193.421188 5.999989
vertex 72.045532 -193.421188 -0.000011
endloop
endfacet
facet normal 0.000000 0.000000 1.000000
outer loop
vertex 31.825806 -272.135803 11.999995
vertex 32.081787 -287.624481 11.999996
vertex 73.581665 -286.936768 11.999996
endloop
endfacet
facet normal 0.000000 0.000000 1.000000
outer loop
vertex 31.825806 -272.135803 11.999995
vertex 73.581665 -286.936768 11.999996
vertex 73.325684 -271.463013 11.999995
endloop
endfacet
facet normal -0.999863 -0.016525 0.000000
outer loop
vertex 32.081787 -287.624481 -0.000004
vertex 32.081787 -287.624481 11.999996
vertex 31.825806 -272.135803 11.999995
endloop
endfacet
facet normal -0.999863 -0.016525 0.000000
outer loop
vertex 32.081787 -287.624481 -0.000004
vertex 31.825806 -272.135803 11.999995
vertex 31.825806 -272.135803 -0.000005
endloop
endfacet
facet normal 0.016569 -0.999863 0.000000
outer loop
vertex 73.581665 -286.936768 -0.000004
vertex 73.581665 -286.936768 11.999996
vertex 32.081787 -287.624481 11.999996
endloop
endfacet
facet normal 0.016569 -0.999863 0.000000
outer loop
vertex 73.581665 -286.936768 -0.000004
vertex 32.081787 -287.624481 11.999996
vertex 32.081787 -287.624481 -0.000004
endloop
endfacet
facet normal 0.999863 0.016541 0.000000
outer loop
vertex 73.325684 -271.463013 -0.000005
vertex 73.325684 -271.463013 11.999995
vertex 73.581665 -286.936768 11.999996
endloop
endfacet
facet normal 0.999863 0.016541 0.000000
outer loop
vertex 73.325684 -271.463013 -0.000005
vertex 73.581665 -286.936768 11.999996
vertex 73.581665 -286.936768 -0.000004
endloop
endfacet
facet normal -0.016210 0.999869 0.000000
outer loop
vertex 31.825806 -272.135803 -0.000005
vertex 31.825806 -272.135803 11.999995
vertex 73.325684 -271.463013 11.999995
endloop
endfacet
facet normal -0.016210 0.999869 0.000000
outer loop
vertex 31.825806 -272.135803 -0.000005
vertex 73.325684 -271.463013 11.999995
vertex 73.325684 -271.463013 -0.000005
endloop
endfacet
facet normal 0.000000 0.000000 1.000000
outer loop
vertex 274.235107 -397.584473 6.000004
vertex 274.557861 -416.362000 6.000006
vertex 301.808960 -415.958344 6.000006
endloop
endfacet
facet normal -0.000000 0.000000 1.000000
outer loop
vertex 274.235107 -397.584473 6.000004
vertex 301.808960 -415.958344 6.000006
vertex 301.397095 -397.135956 6.000004
endloop
endfacet
facet normal -0.999852 -0.017185 0.000000
outer loop
vertex 274.557861 -416.362000 0.000006
vertex 274.557861 -416.362000 6.000006
vertex 274.235107 -397.584473 6.000004
endloop
endfacet
facet normal -0.999852 -0.017184 0.000000
outer loop
vertex 274.557861 -416.362000 0.000006
vertex 274.235107 -397.584473 6.000004
vertex 274.235107 -397.584473 0.000004
endloop
endfacet
facet normal 0.014811 -0.999890 0.000000
outer loop
vertex 301.808960 -415.958344 0.000006
vertex 301.808960 -415.958344 6.000006
vertex 274.557861 -416.362000 6.000006
endloop
endfacet
facet normal 0.014811 -0.999890 0.000000
outer loop
vertex 301.808960 -415.958344 0.000006
vertex 274.557861 -416.362000 6.000006
vertex 274.557861 -416.362000 0.000006
endloop
endfacet
facet normal 0.999761 0.021877 0.000000
outer loop
vertex 301.397095 -397.135956 0.000004
vertex 301.397095 -397.135956 6.000004
vertex 301.808960 -415.958344 6.000006
endloop
endfacet
facet normal 0.999761 0.021874 0.000000
outer loop
vertex 301.397095 -397.135956 0.000004
vertex 301.808960 -415.958344 6.000006
vertex 301.808960 -415.958344 0.000006
endloop
endfacet
facet normal -0.016510 0.999864 0.000000
outer loop
vertex 274.235107 -397.584473 0.000004
vertex 274.235107 -397.584473 6.000004
vertex 301.397095 -397.135956 6.000004
endloop
endfacet
facet normal -0.016510 0.999864 0.000000
outer loop
vertex 274.235107 -397.584473 0.000004
vertex 301.397095 -397.135956 6.000004
vertex 301.397095 -397.135956 0.000004
endloop
endfacet
facet normal 0.000000 0.000000 1.000000
outer loop
vertex 274.557861 -416.362000 21.000006
vertex 275.537476 -467.745880 21.000010
vertex 302.810791 -467.207703 21.000010
endloop
endfacet
facet normal 0.000000 0.000000 1.000000
outer loop
vertex 274.557861 -416.362000 21.000006
vertex 302.810791 -467.207703 21.000010
vertex 301.808960 -415.958344 21.000006
endloop
endfacet
facet normal -0.999818 -0.019061 0.000000
outer loop
vertex 275.537476 -467.745880 0.000010
vertex 275.537476 -467.745880 21.000010
vertex 274.557861 -416.362000 21.000006
endloop
endfacet
facet normal -0.999818 -0.019062 0.000000
outer loop
vertex 275.537476 -467.745880 0.000010
vertex 274.557861 -416.362000 21.000006
vertex 274.557861 -416.362000 0.000006
endloop
endfacet
facet normal 0.019729 -0.999805 0.000000
outer loop
vertex 302.810791 -467.207703 0.000010
vertex 302.810791 -467.207703 21.000010
vertex 275.537476 -467.745880 21.000010
endloop
endfacet
facet normal 0.019729 -0.999805 0.000000
outer loop
vertex 302.810791 -467.207703 0.000010
vertex 275.537476 -467.745880 21.000010
vertex 275.537476 -467.745880 0.000010
endloop
endfacet
facet normal 0.999809 0.019544 0.000000
outer loop
vertex 301.808960 -415.958344 0.000006
vertex 301.808960 -415.958344 21.000006
vertex 302.810791 -467.207703 21.000010
endloop
endfacet
facet normal 0.999809 0.019544 0.000000
outer loop
vertex 301.808960 -415.958344 0.000006
vertex 302.810791 -467.207703 21.000010
vertex 302.810791 -467.207703 0.000010
endloop
endfacet
facet normal -0.014811 0.999890 0.000000
outer loop
vertex 274.557861 -416.362000 0.000006
vertex 274.557861 -416.362000 21.000006
vertex 301.808960 -415.958344 21.000006
endloop
endfacet
facet normal -0.014811 0.999890 0.000000
outer loop
vertex 274.557861 -416.362000 0.000006
vertex 301.808960 -415.958344 21.000006
vertex 301.808960 -415.958344 0.000006
endloop
endfacet
facet normal 0.000000 0.000000 1.000000
outer loop
vertex 275.537476 -467.745880 42.000011
vertex 276.083008 -498.348846 42.000011
vertex 303.545532 -497.735901 42.000011
endloop
endfacet
facet normal 0.000000 0.000000 1.000000
outer loop
vertex 275.537476 -467.745880 42.000011
vertex 303.545532 -497.735901 42.000011
vertex 302.810791 -467.207703 42.000011
endloop
endfacet
facet normal -0.999841 -0.017823 0.000000
outer loop
vertex 276.083008 -498.348846 0.000012
vertex 276.083008 -498.348846 42.000011
vertex 275.537476 -467.745880 42.000011
endloop
endfacet
facet normal -0.999841 -0.017825 0.000000
outer loop
vertex 276.083008 -498.348846 0.000012
vertex 275.537476 -467.745880 42.000011
vertex 275.537476 -467.745880 0.000010
endloop
endfacet
facet normal 0.022314 -0.999751 0.000000
outer loop
vertex 303.545532 -497.735901 0.000012
vertex 303.545532 -497.735901 42.000011
vertex 276.083008 -498.348846 42.000011
endloop
endfacet
facet normal 0.022314 -0.999751 0.000000
outer loop
vertex 303.545532 -497.735901 0.000012
vertex 276.083008 -498.348846 42.000011
vertex 276.083008 -498.348846 0.000012
endloop
endfacet
facet normal 0.999710 0.024061 0.000000
outer loop
vertex 302.810791 -467.207703 0.000010
vertex 302.810791 -467.207703 42.000011
vertex 303.545532 -497.735901 42.000011
endloop
endfacet
facet normal 0.999710 0.024062 0.000000
outer loop
vertex 302.810791 -467.207703 0.000010
vertex 303.545532 -497.735901 42.000011
vertex 303.545532 -497.735901 0.000012
endloop
endfacet
facet normal -0.019729 0.999805 0.000000
outer loop
vertex 275.537476 -467.745880 0.000010
vertex 275.537476 -467.745880 42.000011
vertex 302.810791 -467.207703 42.000011
endloop
endfacet
facet normal -0.019729 0.999805 0.000000
outer loop
vertex 275.537476 -467.745880 0.000010
vertex 302.810791 -467.207703 42.000011
vertex 302.810791 -467.207703 0.000010
endloop
endfacet
facet normal 0.000000 0.000000 1.000000
outer loop
vertex 213.476929 -459.672791 21.000010
vertex 240.304932 -459.343872 21.000010
vertex 239.982056 -429.891968 21.000008
endloop
endfacet
facet normal 0.000000 0.000000 1.000000
outer loop
vertex 213.476929 -459.672791 21.000010
vertex 239.982056 -429.891968 21.000008
vertex 213.131836 -430.176025 21.000008
endloop
endfacet
facet normal 0.012259 -0.999925 0.000000
outer loop
vertex 240.304932 -459.343872 0.000009
vertex 240.304932 -459.343872 21.000010
vertex 213.476929 -459.672791 21.000010
endloop
endfacet
facet normal 0.012259 -0.999925 0.000000
outer loop
vertex 240.304932 -459.343872 0.000009
vertex 213.476929 -459.672791 21.000010
vertex 213.476929 -459.672791 0.000009
endloop
endfacet
facet normal 0.999940 0.010962 0.000000
outer loop
vertex 239.982056 -429.891968 0.000007
vertex 239.982056 -429.891968 21.000008
vertex 240.304932 -459.343872 21.000010
endloop
endfacet
facet normal 0.999940 0.010962 0.000000
outer loop
vertex 239.982056 -429.891968 0.000007
vertex 240.304932 -459.343872 21.000010
vertex 240.304932 -459.343872 0.000009
endloop
endfacet
facet normal -0.010579 0.999944 0.000000
outer loop
vertex 213.131836 -430.176025 0.000007
vertex 213.131836 -430.176025 21.000008
vertex 239.982056 -429.891968 21.000008
endloop
endfacet
facet normal -0.010579 0.999944 0.000000
outer loop
vertex 213.131836 -430.176025 0.000007
vertex 239.982056 -429.891968 21.000008
vertex 239.982056 -429.891968 0.000007
endloop
endfacet
facet normal -0.999932 -0.011699 0.000000
outer loop
vertex 213.476929 -459.672791 0.000009
vertex 213.476929 -459.672791 21.000010
vertex 213.131836 -430.176025 21.000008
endloop
endfacet
facet normal -0.999932 -0.011699 0.000000
outer loop
vertex 213.476929 -459.672791 0.000009
vertex 213.131836 -430.176025 21.000008
vertex 213.131836 -430.176025 0.000007
endloop
endfacet
facet normal 0.000000 0.000000 1.000000
outer loop
vertex 239.648071 -397.599426 0.000004
vertex 212.786743 -397.898407 0.000005
vertex 213.131836 -430.176025 0.000007
endloop
endfacet
facet normal -0.000000 0.000000 1.000000
outer loop
vertex 213.476929 -459.672791 0.000009
vertex 213.721802 -480.752533 0.000011
vertex 240.572021 -480.423645 0.000011
endloop
endfacet
facet normal 0.000000 0.000000 1.000000
outer loop
vertex 239.648071 -397.599426 0.000004
vertex 213.131836 -430.176025 0.000007
vertex 213.476929 -459.672791 0.000009
endloop
endfacet
facet normal -0.000000 0.000000 1.000000
outer loop
vertex 239.982056 -429.891968 0.000007
vertex 239.648071 -397.599426 0.000004
vertex 213.476929 -459.672791 0.000009
endloop
endfacet
facet normal -0.000000 -0.000000 1.000000
outer loop
vertex 213.476929 -459.672791 0.000009
vertex 240.572021 -480.423645 0.000011
vertex 240.549805 -478.495056 0.000011
endloop
endfacet
facet normal -0.000000 0.000000 1.000000
outer loop
vertex 240.549805 -478.495056 0.000011
vertex 241.540527 -477.403687 0.000011
vertex 241.440308 -474.742554 0.000010
endloop
endfacet
facet normal 0.000000 0.000000 1.000000
outer loop
vertex 240.549805 -478.495056 0.000011
vertex 241.440308 -474.742554 0.000010
vertex 240.505249 -473.770813 0.000010
endloop
endfacet
facet normal -0.000000 0.000000 1.000000
outer loop
vertex 240.304932 -459.343872 0.000009
vertex 239.982056 -429.891968 0.000007
vertex 213.476929 -459.672791 0.000009
endloop
endfacet
facet normal 0.000000 0.000000 1.000000
outer loop
vertex 241.440308 -464.710999 0.000010
vertex 241.340210 -462.124634 0.000009
vertex 240.327148 -461.152863 0.000009
endloop
endfacet
facet normal -0.000000 0.000000 1.000000
outer loop
vertex 240.327148 -461.152863 0.000009
vertex 240.304932 -459.343872 0.000009
vertex 213.476929 -459.672791 0.000009
endloop
endfacet
facet normal 0.000000 0.000000 1.000000
outer loop
vertex 213.476929 -459.672791 0.000009
vertex 240.549805 -478.495056 0.000011
vertex 240.505249 -473.770813 0.000010
endloop
endfacet
facet normal -0.000000 0.000000 1.000000
outer loop
vertex 240.360596 -465.757507 0.000010
vertex 241.440308 -464.710999 0.000010
vertex 240.327148 -461.152863 0.000009
endloop
endfacet
facet normal -0.000000 -0.000000 1.000000
outer loop
vertex 213.476929 -459.672791 0.000009
vertex 240.505249 -473.770813 0.000010
vertex 240.360596 -465.757507 0.000010
endloop
endfacet
facet normal 0.000000 0.000000 1.000000
outer loop
vertex 213.476929 -459.672791 0.000009
vertex 240.360596 -465.757507 0.000010
vertex 240.327148 -461.152863 0.000009
endloop
endfacet
facet normal -0.000000 0.000000 1.000000
outer loop
vertex 213.476929 -459.672791 36.000008
vertex 213.721802 -480.752533 36.000011
vertex 240.572021 -480.423645 36.000011
endloop
endfacet
facet normal 0.000000 0.000000 1.000000
outer loop
vertex 240.549805 -478.495056 36.000011
vertex 241.540527 -477.403687 36.000011
vertex 241.440308 -474.742554 36.000011
endloop
endfacet
facet normal 0.000001 -0.000000 1.000000
outer loop
vertex 213.476929 -459.672791 36.000008
vertex 240.572021 -480.423645 36.000011
vertex 240.549805 -478.495056 36.000011
endloop
endfacet
facet normal -0.000000 0.000000 1.000000
outer loop
vertex 240.327148 -461.152863 36.000008
vertex 240.304932 -459.343872 36.000008
vertex 213.476929 -459.672791 36.000008
endloop
endfacet
facet normal 0.000000 0.000002 1.000000
outer loop
vertex 241.440308 -464.710999 36.000011
vertex 241.340210 -462.124634 36.000008
vertex 240.327148 -461.152863 36.000008
endloop
endfacet
facet normal -0.000006 0.000001 1.000000
outer loop
vertex 240.360596 -465.757507 36.000011
vertex 241.440308 -464.710999 36.000011
vertex 240.327148 -461.152863 36.000008
endloop
endfacet
facet normal -0.000001 0.000000 1.000000
outer loop
vertex 213.476929 -459.672791 36.000008
vertex 240.549805 -478.495056 36.000011
vertex 241.440308 -474.742554 36.000011
endloop
endfacet
facet normal -0.000002 -0.000000 1.000000
outer loop
vertex 213.476929 -459.672791 36.000008
vertex 241.440308 -474.742554 36.000011
vertex 240.505249 -473.770813 36.000011
endloop
endfacet
facet normal 0.000000 0.000001 1.000000
outer loop
vertex 240.360596 -465.757507 36.000011
vertex 240.327148 -461.152863 36.000008
vertex 213.476929 -459.672791 36.000008
endloop
endfacet
facet normal -0.000000 -0.000000 1.000000
outer loop
vertex 240.505249 -473.770813 36.000011
vertex 240.360596 -465.757507 36.000011
vertex 213.476929 -459.672791 36.000008
endloop
endfacet
facet normal 0.012248 -0.999925 0.000000
outer loop
vertex 240.572021 -480.423645 0.000011
vertex 240.572021 -480.423645 36.000011
vertex 213.721802 -480.752533 36.000011
endloop
endfacet
facet normal 0.012248 -0.999925 0.000000
outer loop
vertex 240.572021 -480.423645 0.000011
vertex 213.721802 -480.752533 36.000011
vertex 213.721802 -480.752533 0.000011
endloop
endfacet
facet normal 0.999933 0.011533 0.000000
outer loop
vertex 240.549805 -478.495056 0.000011
vertex 240.549805 -478.495056 36.000011
vertex 240.572021 -480.423645 36.000011
endloop
endfacet
facet normal 0.999934 0.011505 0.000000
outer loop
vertex 240.549805 -478.495056 0.000011
vertex 240.572021 -480.423645 36.000011
vertex 240.572021 -480.423645 0.000011
endloop
endfacet
facet normal 0.740423 -0.672141 0.000000
outer loop
vertex 241.540527 -477.403687 0.000011
vertex 241.540527 -477.403687 36.000011
vertex 240.549805 -478.495056 36.000011
endloop
endfacet
facet normal 0.740423 -0.672141 0.000000
outer loop
vertex 241.540527 -477.403687 0.000011
vertex 240.549805 -478.495056 36.000011
vertex 240.549805 -478.495056 0.000011
endloop
endfacet
facet normal 0.999292 0.037629 0.000000
outer loop
vertex 241.440308 -474.742554 0.000010
vertex 241.440308 -474.742554 36.000011
vertex 241.540527 -477.403687 36.000011
endloop
endfacet
facet normal 0.999292 0.037629 0.000000
outer loop
vertex 241.440308 -474.742554 0.000010
vertex 241.540527 -477.403687 36.000011
vertex 241.540527 -477.403687 0.000011
endloop
endfacet
facet normal 0.720597 0.693355 0.000000
outer loop
vertex 240.505249 -473.770813 0.000010
vertex 240.505249 -473.770813 36.000011
vertex 241.440308 -474.742554 36.000011
endloop
endfacet
facet normal 0.720556 0.693396 0.000000
outer loop
vertex 240.505249 -473.770813 0.000010
vertex 241.440308 -474.742554 36.000011
vertex 241.440308 -474.742554 0.000010
endloop
endfacet
facet normal 0.999837 0.018047 0.000000
outer loop
vertex 240.360596 -465.757507 0.000010
vertex 240.360596 -465.757507 36.000011
vertex 240.505249 -473.770813 36.000011
endloop
endfacet
facet normal 0.999837 0.018054 0.000000
outer loop
vertex 240.360596 -465.757507 0.000010
vertex 240.505249 -473.770813 36.000011
vertex 240.505249 -473.770813 0.000010
endloop
endfacet
facet normal 0.695966 -0.718075 0.000000
outer loop
vertex 241.440308 -464.710999 0.000010
vertex 241.440308 -464.710999 36.000011
vertex 240.360596 -465.757507 36.000011
endloop
endfacet
facet normal 0.695984 -0.718057 0.000000
outer loop
vertex 241.440308 -464.710999 0.000010
vertex 240.360596 -465.757507 36.000011
vertex 240.360596 -465.757507 0.000010
endloop
endfacet
facet normal 0.999253 0.038653 0.000000
outer loop
vertex 241.340210 -462.124634 0.000009
vertex 241.340210 -462.124634 36.000008
vertex 241.440308 -464.710999 36.000011
endloop
endfacet
facet normal 0.999252 0.038673 0.000000
outer loop
vertex 241.340210 -462.124634 0.000009
vertex 241.440308 -464.710999 36.000011
vertex 241.440308 -464.710999 0.000010
endloop
endfacet
facet normal 0.692242 0.721665 0.000000
outer loop
vertex 240.327148 -461.152863 0.000009
vertex 240.327148 -461.152863 36.000008
vertex 241.340210 -462.124634 36.000008
endloop
endfacet
facet normal 0.692242 0.721665 0.000000
outer loop
vertex 240.327148 -461.152863 0.000009
vertex 241.340210 -462.124634 36.000008
vertex 241.340210 -462.124634 0.000009
endloop
endfacet
facet normal 0.999925 0.012265 0.000000
outer loop
vertex 240.304932 -459.343872 0.000009
vertex 240.304932 -459.343872 36.000008
vertex 240.327148 -461.152863 36.000008
endloop
endfacet
facet normal 0.999924 0.012295 0.000000
outer loop
vertex 240.304932 -459.343872 0.000009
vertex 240.327148 -461.152863 36.000008
vertex 240.327148 -461.152863 0.000009
endloop
endfacet
facet normal -0.012259 0.999925 0.000000
outer loop
vertex 213.476929 -459.672791 0.000009
vertex 213.476929 -459.672791 36.000008
vertex 240.304932 -459.343872 36.000008
endloop
endfacet
facet normal -0.012259 0.999925 0.000000
outer loop
vertex 213.476929 -459.672791 0.000009
vertex 240.304932 -459.343872 36.000008
vertex 240.304932 -459.343872 0.000009
endloop
endfacet
facet normal -0.999933 -0.011616 0.000000
outer loop
vertex 213.721802 -480.752533 0.000011
vertex 213.721802 -480.752533 36.000011
vertex 213.476929 -459.672791 36.000008
endloop
endfacet
facet normal -0.999933 -0.011614 0.000000
outer loop
vertex 213.721802 -480.752533 0.000011
vertex 213.476929 -459.672791 36.000008
vertex 213.476929 -459.672791 0.000009
endloop
endfacet
facet normal 0.000000 0.000000 1.000000
outer loop
vertex 414.030090 -393.697388 48.000004
vertex 374.344727 -394.370148 48.000004
vertex 376.047913 -495.000000 48.000011
endloop
endfacet
facet normal 0.000000 0.000000 1.000000
outer loop
vertex 380.411621 -494.925262 48.000011
vertex 415.744446 -494.327271 48.000011
vertex 414.030090 -393.697388 48.000004
endloop
endfacet
facet normal 0.000000 0.000000 1.000000
outer loop
vertex 376.047913 -495.000000 48.000011
vertex 380.411621 -494.925262 48.000011
vertex 414.030090 -393.697388 48.000004
endloop
endfacet
facet normal -0.999857 -0.016923 0.000000
outer loop
vertex 376.047913 -495.000000 0.000012
vertex 376.047913 -495.000000 48.000011
vertex 374.344727 -394.370148 48.000004
endloop
endfacet
facet normal -0.999857 -0.016923 0.000000
outer loop
vertex 376.047913 -495.000000 0.000012
vertex 374.344727 -394.370148 48.000004
vertex 374.344727 -394.370148 0.000004
endloop
endfacet
facet normal 0.017125 -0.999853 0.000000
outer loop
vertex 380.411621 -494.925262 0.000012
vertex 380.411621 -494.925262 48.000011
vertex 376.047913 -495.000000 48.000011
endloop
endfacet
facet normal 0.017125 -0.999853 0.000000
outer loop
vertex 380.411621 -494.925262 0.000012
vertex 376.047913 -495.000000 48.000011
vertex 376.047913 -495.000000 0.000012
endloop
endfacet
facet normal 0.016922 -0.999857 0.000000
outer loop
vertex 415.744446 -494.327271 0.000012
vertex 415.744446 -494.327271 48.000011
vertex 380.411621 -494.925262 48.000011
endloop
endfacet
facet normal 0.016922 -0.999857 0.000000
outer loop
vertex 415.744446 -494.327271 0.000012
vertex 380.411621 -494.925262 48.000011
vertex 380.411621 -494.925262 0.000012
endloop
endfacet
facet normal 0.999855 0.017033 0.000000
outer loop
vertex 414.030090 -393.697388 0.000004
vertex 414.030090 -393.697388 48.000004
vertex 415.744446 -494.327271 48.000011
endloop
endfacet
facet normal 0.999855 0.017035 0.000000
outer loop
vertex 414.030090 -393.697388 0.000004
vertex 415.744446 -494.327271 48.000011
vertex 415.744446 -494.327271 0.000012
endloop
endfacet
facet normal -0.016950 0.999856 0.000000
outer loop
vertex 374.344727 -394.370148 0.000004
vertex 374.344727 -394.370148 48.000004
vertex 414.030090 -393.697388 48.000004
endloop
endfacet
facet normal -0.016950 0.999856 0.000000
outer loop
vertex 374.344727 -394.370148 0.000004
vertex 414.030090 -393.697388 48.000004
vertex 414.030090 -393.697388 0.000004
endloop
endfacet
facet normal 0.000000 0.000000 1.000000
outer loop
vertex 213.131836 -430.176025 21.000008
vertex 239.982056 -429.891968 21.000008
vertex 239.648071 -397.599426 21.000004
endloop
endfacet
facet normal 0.000000 0.000000 1.000000
outer loop
vertex 213.131836 -430.176025 21.000008
vertex 239.648071 -397.599426 21.000004
vertex 212.786743 -397.898407 21.000004
endloop
endfacet
facet normal 0.010579 -0.999944 0.000000
outer loop
vertex 239.982056 -429.891968 0.000007
vertex 239.982056 -429.891968 21.000008
vertex 213.131836 -430.176025 21.000008
endloop
endfacet
facet normal 0.010579 -0.999944 0.000000
outer loop
vertex 239.982056 -429.891968 0.000007
vertex 213.131836 -430.176025 21.000008
vertex 213.131836 -430.176025 0.000007
endloop
endfacet
facet normal 0.999947 0.010342 0.000000
outer loop
vertex 239.648071 -397.599426 0.000004
vertex 239.648071 -397.599426 21.000004
vertex 239.982056 -429.891968 21.000008
endloop
endfacet
facet normal 0.999947 0.010340 0.000000
outer loop
vertex 239.648071 -397.599426 0.000004
vertex 239.982056 -429.891968 21.000008
vertex 239.982056 -429.891968 0.000007
endloop
endfacet
facet normal -0.011130 0.999938 0.000000
outer loop
vertex 212.786743 -397.898407 0.000005
vertex 212.786743 -397.898407 21.000004
vertex 239.648071 -397.599426 21.000004
endloop
endfacet
facet normal -0.011130 0.999938 0.000000
outer loop
vertex 212.786743 -397.898407 0.000005
vertex 239.648071 -397.599426 21.000004
vertex 239.648071 -397.599426 0.000004
endloop
endfacet
facet normal -0.999943 -0.010691 0.000000
outer loop
vertex 213.131836 -430.176025 0.000007
vertex 213.131836 -430.176025 21.000008
vertex 212.786743 -397.898407 21.000004
endloop
endfacet
facet normal -0.999943 -0.010691 0.000000
outer loop
vertex 213.131836 -430.176025 0.000007
vertex 212.786743 -397.898407 21.000004
vertex 212.786743 -397.898407 0.000005
endloop
endfacet
facet normal -0.000000 0.000000 1.000000
outer loop
vertex 276.083008 -498.348846 9.000012
vertex 276.472656 -515.690979 9.000013
vertex 303.935181 -515.078003 9.000013
endloop
endfacet
facet normal 0.000000 0.000000 1.000000
outer loop
vertex 276.083008 -498.348846 9.000012
vertex 303.935181 -515.078003 9.000013
vertex 303.545532 -497.735901 9.000012
endloop
endfacet
facet normal -0.999748 -0.022462 0.000000
outer loop
vertex 276.472656 -515.690979 0.000013
vertex 276.472656 -515.690979 9.000013
vertex 276.083008 -498.348846 9.000012
endloop
endfacet
facet normal -0.999748 -0.022463 0.000000
outer loop
vertex 276.472656 -515.690979 0.000013
vertex 276.083008 -498.348846 9.000012
vertex 276.083008 -498.348846 0.000012
endloop
endfacet
facet normal 0.022315 -0.999751 0.000000
outer loop
vertex 303.935181 -515.078003 0.000013
vertex 303.935181 -515.078003 9.000013
vertex 276.472656 -515.690979 9.000013
endloop
endfacet
facet normal 0.022315 -0.999751 0.000000
outer loop
vertex 303.935181 -515.078003 0.000013
vertex 276.472656 -515.690979 9.000013
vertex 276.472656 -515.690979 0.000013
endloop
endfacet
facet normal 0.999748 0.022465 0.000000
outer loop
vertex 303.545532 -497.735901 0.000012
vertex 303.545532 -497.735901 9.000012
vertex 303.935181 -515.078003 9.000013
endloop
endfacet
facet normal 0.999748 0.022460 0.000000
outer loop
vertex 303.545532 -497.735901 0.000012
vertex 303.935181 -515.078003 9.000013
vertex 303.935181 -515.078003 0.000013
endloop
endfacet
facet normal -0.022314 0.999751 0.000000
outer loop
vertex 276.083008 -498.348846 0.000012
vertex 276.083008 -498.348846 9.000012
vertex 303.545532 -497.735901 9.000012
endloop
endfacet
facet normal -0.022314 0.999751 0.000000
outer loop
vertex 276.083008 -498.348846 0.000012
vertex 303.545532 -497.735901 9.000012
vertex 303.545532 -497.735901 0.000012
endloop
endfacet
facet normal -0.000000 0.000000 1.000000
outer loop
vertex 213.721802 -480.752533 42.000011
vertex 214.133667 -517.574707 42.000015
vertex 241.084106 -517.230835 42.000015
endloop
endfacet
facet normal 0.000000 0.000000 1.000000
outer loop
vertex 213.721802 -480.752533 42.000011
vertex 241.084106 -517.230835 42.000015
vertex 240.572021 -480.423645 42.000011
endloop
endfacet
facet normal -0.999937 -0.011185 0.000000
outer loop
vertex 214.133667 -517.574707 0.000014
vertex 214.133667 -517.574707 42.000015
vertex 213.721802 -480.752533 42.000011
endloop
endfacet
facet normal -0.999937 -0.011185 0.000000
outer loop
vertex 214.133667 -517.574707 0.000014
vertex 213.721802 -480.752533 42.000011
vertex 213.721802 -480.752533 0.000011
endloop
endfacet
facet normal 0.012758 -0.999919 0.000000
outer loop
vertex 241.084106 -517.230835 0.000014
vertex 241.084106 -517.230835 42.000015
vertex 214.133667 -517.574707 42.000015
endloop
endfacet
facet normal 0.012758 -0.999919 0.000000
outer loop
vertex 241.084106 -517.230835 0.000014
vertex 214.133667 -517.574707 42.000015
vertex 214.133667 -517.574707 0.000014
endloop
endfacet
facet normal 0.999903 0.013910 0.000000
outer loop
vertex 240.572021 -480.423645 0.000011
vertex 240.572021 -480.423645 42.000011
vertex 241.084106 -517.230835 42.000015
endloop
endfacet
facet normal 0.999903 0.013911 0.000000
outer loop
vertex 240.572021 -480.423645 0.000011
vertex 241.084106 -517.230835 42.000015
vertex 241.084106 -517.230835 0.000014
endloop
endfacet
facet normal -0.012248 0.999925 0.000000
outer loop
vertex 213.721802 -480.752533 0.000011
vertex 213.721802 -480.752533 42.000011
vertex 240.572021 -480.423645 42.000011
endloop
endfacet
facet normal -0.012248 0.999925 0.000000
outer loop
vertex 213.721802 -480.752533 0.000011
vertex 240.572021 -480.423645 42.000011
vertex 240.572021 -480.423645 0.000011
endloop
endfacet
facet normal 0.000000 0.000000 1.000000
outer loop
vertex -439.267212 423.924133 19.999943
vertex -436.317261 429.904785 19.999943
vertex -437.018555 471.216064 19.999939
endloop
endfacet
facet normal 0.000000 0.000000 1.000000
outer loop
vertex -442.951904 411.888123 19.999943
vertex -435.949829 418.795776 19.999943
vertex -439.267212 423.924133 19.999943
endloop
endfacet
facet normal -0.000003 0.000002 1.000000
outer loop
vertex -462.031982 400.196045 19.999945
vertex -452.258179 405.698181 19.999945
vertex -442.951904 411.888123 19.999943
endloop
endfacet
facet normal 0.000000 0.000000 1.000000
outer loop
vertex -485.932373 393.707092 19.999945
vertex -475.212280 395.546082 19.999945
vertex -462.031982 400.196045 19.999945
endloop
endfacet
facet normal 0.000000 0.000000 1.000000
outer loop
vertex -511.357666 392.839905 19.999945
vertex -498.210815 392.630554 19.999945
vertex -485.932373 393.707092 19.999945
endloop
endfacet
facet normal -0.000001 0.000000 1.000000
outer loop
vertex -442.951904 411.888123 19.999943
vertex -439.267212 423.924133 19.999943
vertex -437.018555 471.216064 19.999939
endloop
endfacet
facet normal 0.000000 0.000000 1.000000
outer loop
vertex -485.932373 393.707092 19.999945
vertex -462.031982 400.196045 19.999945
vertex -442.951904 411.888123 19.999943
endloop
endfacet
facet normal 0.000000 0.000000 1.000000
outer loop
vertex -485.932373 393.707092 19.999945
vertex -442.951904 411.888123 19.999943
vertex -437.018555 471.216064 19.999939
endloop
endfacet
facet normal -0.015922 -0.999873 0.000000
outer loop
vertex -498.210815 392.630554 -0.000055
vertex -498.210815 392.630554 19.999945
vertex -511.357666 392.839905 19.999945
endloop
endfacet
facet normal 0.087342 -0.996178 0.000000
outer loop
vertex -485.932373 393.707092 -0.000055
vertex -485.932373 393.707092 19.999945
vertex -498.210815 392.630554 19.999945
endloop
endfacet
facet normal 0.087342 -0.996178 0.000000
outer loop
vertex -485.932373 393.707092 -0.000055
vertex -498.210815 392.630554 19.999945
vertex -498.210815 392.630554 -0.000055
endloop
endfacet
facet normal 0.169077 -0.985603 0.000000
outer loop
vertex -475.212280 395.546082 -0.000055
vertex -475.212280 395.546082 19.999945
vertex -485.932373 393.707092 19.999945
endloop
endfacet
facet normal 0.169076 -0.985603 0.000000
outer loop
vertex -475.212280 395.546082 -0.000055
vertex -485.932373 393.707092 19.999945
vertex -485.932373 393.707092 -0.000055
endloop
endfacet
facet normal 0.332699 -0.943033 0.000000
outer loop
vertex -462.031982 400.196045 -0.000056
vertex -462.031982 400.196045 19.999945
vertex -475.212280 395.546082 19.999945
endloop
endfacet
facet normal 0.332697 -0.943034 0.000000
outer loop
vertex -462.031982 400.196045 -0.000056
vertex -475.212280 395.546082 19.999945
vertex -475.212280 395.546082 -0.000055
endloop
endfacet
facet normal 0.490560 -0.871407 0.000000
outer loop
vertex -452.258179 405.698181 -0.000056
vertex -452.258179 405.698181 19.999945
vertex -462.031982 400.196045 19.999945
endloop
endfacet
facet normal 0.490556 -0.871409 0.000000
outer loop
vertex -452.258179 405.698181 -0.000056
vertex -462.031982 400.196045 19.999945
vertex -462.031982 400.196045 -0.000056
endloop
endfacet
facet normal 0.553818 -0.832638 0.000000
outer loop
vertex -442.951904 411.888123 -0.000057
vertex -442.951904 411.888123 19.999943
vertex -452.258179 405.698181 19.999945
endloop
endfacet
facet normal 0.553819 -0.832637 0.000000
outer loop
vertex -442.951904 411.888123 -0.000057
vertex -452.258179 405.698181 19.999945
vertex -452.258179 405.698181 -0.000056
endloop
endfacet
facet normal 0.702287 -0.711894 0.000000
outer loop
vertex -435.949829 418.795776 -0.000057
vertex -435.949829 418.795776 19.999943
vertex -442.951904 411.888123 19.999943
endloop
endfacet
facet normal 0.702292 -0.711889 0.000000
outer loop
vertex -435.949829 418.795776 -0.000057
vertex -442.951904 411.888123 19.999943
vertex -442.951904 411.888123 -0.000057
endloop
endfacet
facet normal 0.839642 0.543140 0.000000
outer loop
vertex -439.267212 423.924133 -0.000058
vertex -439.267212 423.924133 19.999943
vertex -435.949829 418.795776 19.999943
endloop
endfacet
facet normal 0.839642 0.543140 0.000000
outer loop
vertex -439.267212 423.924133 -0.000058
vertex -435.949829 418.795776 19.999943
vertex -435.949829 418.795776 -0.000057
endloop
endfacet
facet normal 0.896839 -0.442358 0.000000
outer loop
vertex -436.317261 429.904785 -0.000058
vertex -436.317261 429.904785 19.999943
vertex -439.267212 423.924133 19.999943
endloop
endfacet
facet normal 0.896839 -0.442358 0.000000
outer loop
vertex -436.317261 429.904785 -0.000058
vertex -439.267212 423.924133 19.999943
vertex -439.267212 423.924133 -0.000058
endloop
endfacet
facet normal 0.999856 0.016974 0.000000
outer loop
vertex -437.018555 471.216064 -0.000061
vertex -437.018555 471.216064 19.999939
vertex -436.317261 429.904785 19.999943
endloop
endfacet
facet normal 0.999856 0.016973 0.000000
outer loop
vertex -437.018555 471.216064 -0.000061
vertex -436.317261 429.904785 19.999943
vertex -436.317261 429.904785 -0.000058
endloop
endfacet
facet normal 0.000000 0.000000 1.000000
outer loop
vertex -505.290771 -289.568054 19.999996
vertex -501.105225 -293.739227 19.999996
vertex -496.630127 -295.533264 19.999996
endloop
endfacet
facet normal 0.000000 0.000000 1.000000
outer loop
vertex -496.630127 -295.533264 19.999996
vertex -491.854492 -296.131287 19.999996
vertex -420.576660 -294.666138 19.999996
endloop
endfacet
facet normal 0.000000 0.000000 1.000000
outer loop
vertex -420.576660 -294.666138 19.999996
vertex -421.255737 -254.464310 19.999994
vertex -510.990356 -256.213531 19.999994
endloop
endfacet
facet normal -0.000000 0.000000 1.000000
outer loop
vertex -510.990356 -256.213531 19.999994
vertex -505.290771 -289.568054 19.999996
vertex -496.630127 -295.533264 19.999996
endloop
endfacet
facet normal 0.000000 0.000000 1.000000
outer loop
vertex -496.630127 -295.533264 19.999996
vertex -420.576660 -294.666138 19.999996
vertex -510.990356 -256.213531 19.999994
endloop
endfacet
facet normal -0.705889 -0.708322 0.000000
outer loop
vertex -501.105225 -293.739227 -0.000003
vertex -501.105225 -293.739227 19.999996
vertex -505.290771 -289.568054 19.999996
endloop
endfacet
facet normal -0.705898 -0.708314 0.000000
outer loop
vertex -501.105225 -293.739227 -0.000003
vertex -505.290771 -289.568054 19.999996
vertex -505.290771 -289.568054 -0.000004
endloop
endfacet
facet normal -0.372105 -0.928190 0.000000
outer loop
vertex -496.630127 -295.533264 -0.000003
vertex -496.630127 -295.533264 19.999996
vertex -501.105225 -293.739227 19.999996
endloop
endfacet
facet normal -0.372105 -0.928190 0.000000
outer loop
vertex -496.630127 -295.533264 -0.000003
vertex -501.105225 -293.739227 19.999996
vertex -501.105225 -293.739227 -0.000003
endloop
endfacet
facet normal -0.124255 -0.992250 0.000000
outer loop
vertex -491.854492 -296.131287 -0.000003
vertex -491.854492 -296.131287 19.999996
vertex -496.630127 -295.533264 19.999996
endloop
endfacet
facet normal -0.124252 -0.992251 0.000000
outer loop
vertex -491.854492 -296.131287 -0.000003
vertex -496.630127 -295.533264 19.999996
vertex -496.630127 -295.533264 -0.000003
endloop
endfacet
facet normal 0.020551 -0.999789 0.000000
outer loop
vertex -420.576660 -294.666138 -0.000003
vertex -420.576660 -294.666138 19.999996
vertex -491.854492 -296.131287 19.999996
endloop
endfacet
facet normal 0.020551 -0.999789 0.000000
outer loop
vertex -420.576660 -294.666138 -0.000003
vertex -491.854492 -296.131287 19.999996
vertex -491.854492 -296.131287 -0.000003
endloop
endfacet
facet normal 0.999857 0.016889 0.000000
outer loop
vertex -421.255737 -254.464310 -0.000006
vertex -421.255737 -254.464310 19.999994
vertex -420.576660 -294.666138 19.999996
endloop
endfacet
facet normal 0.999857 0.016890 0.000000
outer loop
vertex -421.255737 -254.464310 -0.000006
vertex -420.576660 -294.666138 19.999996
vertex -420.576660 -294.666138 -0.000003
endloop
endfacet
facet normal 0.000000 0.000000 1.000000
outer loop
vertex 34.363892 -407.915100 30.000006
vertex -11.477539 -408.767273 30.000006
vertex -9.373535 -522.029785 30.000013
endloop
endfacet
facet normal 0.000000 0.000000 1.000000
outer loop
vertex -9.373535 -522.029785 30.000013
vertex 75.819214 -520.430176 30.000013
vertex 73.537231 -398.511383 30.000004
endloop
endfacet
facet normal 0.000000 0.000000 1.000000
outer loop
vertex 73.537231 -398.511383 30.000004
vertex 34.208008 -399.243927 30.000004
vertex 34.363892 -407.915100 30.000006
endloop
endfacet
facet normal 0.000000 0.000000 1.000000
outer loop
vertex -9.373535 -522.029785 30.000013
vertex 73.537231 -398.511383 30.000004
vertex 34.363892 -407.915100 30.000006
endloop
endfacet
facet normal -0.999828 -0.018573 0.000000
outer loop
vertex -9.373535 -522.029785 0.000014
vertex -9.373535 -522.029785 30.000013
vertex -11.477539 -408.767273 30.000006
endloop
endfacet
facet normal -0.999828 -0.018573 0.000000
outer loop
vertex -9.373535 -522.029785 0.000014
vertex -11.477539 -408.767273 30.000006
vertex -11.477539 -408.767273 0.000005
endloop
endfacet
facet normal 0.018773 -0.999824 0.000000
outer loop
vertex 75.819214 -520.430176 0.000014
vertex 75.819214 -520.430176 30.000013
vertex -9.373535 -522.029785 30.000013
endloop
endfacet
facet normal 0.018773 -0.999824 0.000000
outer loop
vertex 75.819214 -520.430176 0.000014
vertex -9.373535 -522.029785 30.000013
vertex -9.373535 -522.029785 0.000014
endloop
endfacet
facet normal 0.999825 0.018714 0.000000
outer loop
vertex 73.537231 -398.511383 0.000005
vertex 73.537231 -398.511383 30.000004
vertex 75.819214 -520.430176 30.000013
endloop
endfacet
facet normal 0.999825 0.018714 0.000000
outer loop
vertex 73.537231 -398.511383 0.000005
vertex 75.819214 -520.430176 30.000013
vertex 75.819214 -520.430176 0.000014
endloop
endfacet
facet normal -0.018623 0.999827 -0.000002
outer loop
vertex 34.208008 -399.243958 0.000005
vertex 34.208008 -399.243927 30.000004
vertex 73.537231 -398.511383 30.000004
endloop
endfacet
facet normal -0.018623 0.999827 0.000000
outer loop
vertex 34.208008 -399.243958 0.000005
vertex 73.537231 -398.511383 30.000004
vertex 73.537231 -398.511383 0.000005
endloop
endfacet
facet normal -0.999838 -0.017975 0.000000
outer loop
vertex 34.363892 -407.915100 0.000005
vertex 34.363892 -407.915100 30.000006
vertex 34.208008 -399.243927 30.000004
endloop
endfacet
facet normal -0.999838 -0.017974 0.000000
outer loop
vertex 34.363892 -407.915100 0.000005
vertex 34.208008 -399.243927 30.000004
vertex 34.208008 -399.243958 0.000005
endloop
endfacet
facet normal -0.018586 0.999827 0.000000
outer loop
vertex -11.477539 -408.767273 0.000005
vertex -11.477539 -408.767273 30.000006
vertex 34.363892 -407.915100 30.000006
endloop
endfacet
facet normal -0.018586 0.999827 0.000000
outer loop
vertex -11.477539 -408.767273 0.000005
vertex 34.363892 -407.915100 30.000006
vertex 34.363892 -407.915100 0.000005
endloop
endfacet
facet normal -0.000000 0.000000 1.000000
outer loop
vertex -219.678345 -444.064789 0.000008
vertex -218.119873 -525.886963 0.000014
vertex -179.903931 -525.513184 0.000014
endloop
endfacet
facet normal -0.000000 0.000000 1.000000
outer loop
vertex -219.678345 -444.064789 0.000008
vertex -179.903931 -525.513184 0.000014
vertex -181.184082 -443.631226 0.000008
endloop
endfacet
facet normal -0.000000 0.000000 1.000000
outer loop
vertex -219.934448 -421.744080 24.000006
vertex -219.678345 -444.064789 24.000008
vertex -181.184082 -443.631226 24.000008
endloop
endfacet
facet normal 0.000000 0.000000 1.000000
outer loop
vertex -219.934448 -421.744080 24.000006
vertex -181.184082 -443.631226 24.000008
vertex -181.440063 -421.295593 24.000006
endloop
endfacet
facet normal -0.999934 -0.011473 0.000000
outer loop
vertex -219.678345 -444.064789 0.000008
vertex -219.678345 -444.064789 24.000008
vertex -219.934448 -421.744080 24.000006
endloop
endfacet
facet normal -0.999934 -0.011473 0.000000
outer loop
vertex -219.678345 -444.064789 0.000008
vertex -219.934448 -421.744080 24.000006
vertex -219.934448 -421.744080 0.000006
endloop
endfacet
facet normal 0.011262 -0.999937 0.000000
outer loop
vertex -181.184082 -443.631226 0.000008
vertex -181.184082 -443.631226 24.000008
vertex -219.678345 -444.064789 24.000008
endloop
endfacet
facet normal 0.011262 -0.999937 0.000000
outer loop
vertex -181.184082 -443.631226 0.000008
vertex -219.678345 -444.064789 24.000008
vertex -219.678345 -444.064789 0.000008
endloop
endfacet
facet normal 0.999934 0.011459 0.000000
outer loop
vertex -181.440063 -421.295593 0.000006
vertex -181.440063 -421.295593 24.000006
vertex -181.184082 -443.631226 24.000008
endloop
endfacet
facet normal 0.999934 0.011460 0.000000
outer loop
vertex -181.440063 -421.295593 0.000006
vertex -181.184082 -443.631226 24.000008
vertex -181.184082 -443.631226 0.000008
endloop
endfacet
facet normal -0.011650 0.999932 0.000000
outer loop
vertex -219.934448 -421.744080 0.000006
vertex -219.934448 -421.744080 24.000006
vertex -181.440063 -421.295593 24.000006
endloop
endfacet
facet normal -0.011650 0.999932 0.000000
outer loop
vertex -219.934448 -421.744080 0.000006
vertex -181.440063 -421.295593 24.000006
vertex -181.440063 -421.295593 0.000006
endloop
endfacet
facet normal -0.000000 0.000000 1.000000
outer loop
vertex -220.179321 -400.051270 0.000005
vertex -219.934448 -421.744080 0.000006
vertex -181.440063 -421.295593 0.000006
endloop
endfacet
facet normal -0.000000 0.000000 1.000000
outer loop
vertex -220.179321 -400.051270 0.000005
vertex -181.440063 -421.295593 0.000006
vertex -181.696167 -399.647583 0.000005
endloop
endfacet
facet normal -0.000000 0.000000 1.000000
outer loop
vertex -112.856201 -524.451721 0.000014
vertex -115.015747 -400.768860 0.000005
vertex -164.753296 -401.830322 0.000005
endloop
endfacet
facet normal -0.000000 0.000000 1.000000
outer loop
vertex -164.753296 -401.830322 0.000005
vertex -164.296875 -503.043182 0.000012
vertex -141.008911 -524.690918 0.000014
endloop
endfacet
facet normal -0.000000 0.000000 1.000000
outer loop
vertex -164.753296 -401.830322 0.000005
vertex -141.008911 -524.690918 0.000014
vertex -112.856201 -524.451721 0.000014
endloop
endfacet
facet normal -0.000000 0.000000 1.000000
outer loop
vertex -123.854492 -255.989258 14.999993
vertex -123.097534 -293.410309 14.999996
vertex -117.342407 -293.290710 14.999996
endloop
endfacet
facet normal 0.000000 0.000001 1.000000
outer loop
vertex -117.342407 -293.290710 14.999996
vertex -117.308960 -294.950195 14.999997
vertex -38.628296 -293.380402 14.999996
endloop
endfacet
facet normal 0.000000 0.000000 1.000000
outer loop
vertex -38.661743 -291.391998 14.999996
vertex -33.496460 -291.287354 14.999996
vertex -34.242310 -254.554016 14.999993
endloop
endfacet
facet normal 0.000000 0.000000 1.000000
outer loop
vertex -117.342407 -293.290710 14.999996
vertex -38.628296 -293.380402 14.999996
vertex -38.661743 -291.391998 14.999996
endloop
endfacet
facet normal 0.000000 0.000000 1.000000
outer loop
vertex -124.912109 -203.168976 14.999990
vertex -123.854492 -255.989258 14.999993
vertex -117.342407 -293.290710 14.999996
endloop
endfacet
facet normal 0.000000 0.000000 1.000000
outer loop
vertex -116.518555 -203.004517 14.999990
vertex -124.912109 -203.168976 14.999990
vertex -117.342407 -293.290710 14.999996
endloop
endfacet
facet normal 0.000000 0.000000 1.000000
outer loop
vertex -117.342407 -293.290710 14.999996
vertex -38.661743 -291.391998 14.999996
vertex -34.242310 -254.554016 14.999993
endloop
endfacet
facet normal -0.000000 0.000000 1.000000
outer loop
vertex -34.242310 -254.554016 14.999993
vertex -35.311035 -201.748672 14.999990
vertex -39.697021 -201.838379 14.999990
endloop
endfacet
facet normal 0.000000 0.000000 1.000000
outer loop
vertex -39.697021 -201.838379 14.999990
vertex -39.763794 -198.728653 14.999990
vertex -51.285400 -198.952911 14.999990
endloop
endfacet
facet normal -0.000000 0.000000 1.000000
outer loop
vertex -81.029907 -199.565887 14.999990
vertex -113.791260 -200.223709 14.999990
vertex -113.735596 -202.944717 14.999990
endloop
endfacet
facet normal -0.000000 0.000000 1.000000
outer loop
vertex -39.697021 -201.838379 14.999990
vertex -51.285400 -198.952911 14.999990
vertex -81.029907 -199.565887 14.999990
endloop
endfacet
facet normal 0.000000 0.000000 1.000000
outer loop
vertex -117.342407 -293.290710 14.999996
vertex -34.242310 -254.554016 14.999993
vertex -39.697021 -201.838379 14.999990
endloop
endfacet
facet normal 0.000000 0.000000 1.000000
outer loop
vertex -113.735596 -202.944717 14.999990
vertex -116.518555 -203.004517 14.999990
vertex -117.342407 -293.290710 14.999996
endloop
endfacet
facet normal 0.000000 0.000000 1.000000
outer loop
vertex -39.697021 -201.838379 14.999990
vertex -81.029907 -199.565887 14.999990
vertex -113.735596 -202.944717 14.999990
endloop
endfacet
facet normal 0.000000 0.000000 1.000000
outer loop
vertex -117.342407 -293.290710 14.999996
vertex -39.697021 -201.838379 14.999990
vertex -113.735596 -202.944717 14.999990
endloop
endfacet
facet normal 0.020777 -0.999784 0.000000
outer loop
vertex -117.342407 -293.290710 -0.000003
vertex -117.342407 -293.290710 14.999996
vertex -123.097534 -293.410309 14.999996
endloop
endfacet
facet normal 0.020777 -0.999784 0.000000
outer loop
vertex -117.342407 -293.290710 -0.000003
vertex -123.097534 -293.410309 14.999996
vertex -123.097534 -293.410309 -0.000003
endloop
endfacet
facet normal -0.999797 -0.020150 0.000000
outer loop
vertex -117.308960 -294.950195 -0.000003
vertex -117.308960 -294.950195 14.999997
vertex -117.342407 -293.290710 14.999996
endloop
endfacet
facet normal -0.999797 -0.020151 0.000000
outer loop
vertex -117.308960 -294.950195 -0.000003
vertex -117.342407 -293.290710 14.999996
vertex -117.342407 -293.290710 -0.000003
endloop
endfacet
facet normal 0.019947 -0.999801 0.000000
outer loop
vertex -38.628296 -293.380402 -0.000003
vertex -38.628296 -293.380402 14.999996
vertex -117.308960 -294.950195 14.999997
endloop
endfacet
facet normal 0.019947 -0.999801 0.000000
outer loop
vertex -38.628296 -293.380402 -0.000003
vertex -117.308960 -294.950195 14.999997
vertex -117.308960 -294.950195 -0.000003
endloop
endfacet
facet normal 0.999859 0.016819 0.000000
outer loop
vertex -38.661743 -291.391998 -0.000004
vertex -38.661743 -291.391998 14.999996
vertex -38.628296 -293.380402 14.999996
endloop
endfacet
facet normal 0.999858 0.016819 0.000000
outer loop
vertex -38.661743 -291.391998 -0.000004
vertex -38.628296 -293.380402 14.999996
vertex -38.628296 -293.380402 -0.000003
endloop
endfacet
facet normal 0.020255 -0.999795 0.000000
outer loop
vertex -33.496460 -291.287354 -0.000004
vertex -33.496460 -291.287354 14.999996
vertex -38.661743 -291.391998 14.999996
endloop
endfacet
facet normal 0.020255 -0.999795 0.000000
outer loop
vertex -33.496460 -291.287354 -0.000004
vertex -38.661743 -291.391998 14.999996
vertex -38.661743 -291.391998 -0.000004
endloop
endfacet
facet normal 0.999794 0.020300 0.000000
outer loop
vertex -34.242310 -254.554016 -0.000006
vertex -34.242310 -254.554016 14.999993
vertex -33.496460 -291.287354 14.999996
endloop
endfacet
facet normal 0.999794 0.020300 0.000000
outer loop
vertex -34.242310 -254.554016 -0.000006
vertex -33.496460 -291.287354 14.999996
vertex -33.496460 -291.287354 -0.000004
endloop
endfacet
facet normal 0.999795 0.020235 0.000000
outer loop
vertex -35.311035 -201.748672 -0.000010
vertex -35.311035 -201.748672 14.999990
vertex -34.242310 -254.554016 14.999993
endloop
endfacet
facet normal 0.999795 0.020235 0.000000
outer loop
vertex -35.311035 -201.748672 -0.000010
vertex -34.242310 -254.554016 14.999993
vertex -34.242310 -254.554016 -0.000006
endloop
endfacet
facet normal -0.020449 0.999791 0.000000
outer loop
vertex -39.697021 -201.838379 -0.000010
vertex -39.697021 -201.838379 14.999990
vertex -35.311035 -201.748672 14.999990
endloop
endfacet
facet normal -0.020449 0.999791 0.000000
outer loop
vertex -39.697021 -201.838379 -0.000010
vertex -35.311035 -201.748672 14.999990
vertex -35.311035 -201.748672 -0.000010
endloop
endfacet
facet normal 0.999770 0.021467 0.000000
outer loop
vertex -39.763794 -198.728653 -0.000011
vertex -39.763794 -198.728653 14.999990
vertex -39.697021 -201.838379 14.999990
endloop
endfacet
facet normal 0.999770 0.021467 0.000000
outer loop
vertex -39.763794 -198.728653 -0.000011
vertex -39.697021 -201.838379 14.999990
vertex -39.697021 -201.838379 -0.000010
endloop
endfacet
facet normal -0.019460 0.999811 0.000000
outer loop
vertex -51.285400 -198.952911 -0.000011
vertex -51.285400 -198.952911 14.999990
vertex -39.763794 -198.728653 14.999990
endloop
endfacet
facet normal -0.019460 0.999811 0.000000
outer loop
vertex -51.285400 -198.952911 -0.000011
vertex -39.763794 -198.728653 14.999990
vertex -39.763794 -198.728653 -0.000011
endloop
endfacet
facet normal -0.020604 0.999788 0.000000
outer loop
vertex -81.029907 -199.565887 -0.000010
vertex -81.029907 -199.565887 14.999990
vertex -51.285400 -198.952911 14.999990
endloop
endfacet
facet normal -0.020604 0.999788 0.000000
outer loop
vertex -81.029907 -199.565887 -0.000010
vertex -51.285400 -198.952911 14.999990
vertex -51.285400 -198.952911 -0.000011
endloop
endfacet
facet normal -0.020075 0.999798 0.000000
outer loop
vertex -113.791260 -200.223709 -0.000010
vertex -113.791260 -200.223709 14.999990
vertex -81.029907 -199.565887 14.999990
endloop
endfacet
facet normal -0.020075 0.999798 0.000000
outer loop
vertex -113.791260 -200.223709 -0.000010
vertex -81.029907 -199.565887 14.999990
vertex -81.029907 -199.565887 -0.000010
endloop
endfacet
facet normal -0.999791 -0.020453 0.000000
outer loop
vertex -113.735596 -202.944717 -0.000010
vertex -113.735596 -202.944717 14.999990
vertex -113.791260 -200.223709 14.999990
endloop
endfacet
facet normal -0.999791 -0.020453 0.000000
outer loop
vertex -113.735596 -202.944717 -0.000010
vertex -113.791260 -200.223709 14.999990
vertex -113.791260 -200.223709 -0.000010
endloop
endfacet
facet normal -0.021483 0.999769 0.000000
outer loop
vertex -116.518555 -203.004517 -0.000010
vertex -116.518555 -203.004517 14.999990
vertex -113.735596 -202.944717 14.999990
endloop
endfacet
facet normal -0.021483 0.999769 0.000000
outer loop
vertex -116.518555 -203.004517 -0.000010
vertex -113.735596 -202.944717 14.999990
vertex -113.735596 -202.944717 -0.000010
endloop
endfacet
facet normal -0.019590 0.999808 0.000000
outer loop
vertex -124.912109 -203.168976 -0.000010
vertex -124.912109 -203.168976 14.999990
vertex -116.518555 -203.004517 14.999990
endloop
endfacet
facet normal -0.019590 0.999808 0.000000
outer loop
vertex -124.912109 -203.168976 -0.000010
vertex -116.518555 -203.004517 14.999990
vertex -116.518555 -203.004517 -0.000010
endloop
endfacet
facet normal -0.999800 -0.020019 0.000000
outer loop
vertex -123.854492 -255.989258 -0.000006
vertex -123.854492 -255.989258 14.999993
vertex -124.912109 -203.168976 14.999990
endloop
endfacet
facet normal -0.999800 -0.020019 0.000000
outer loop
vertex -123.854492 -255.989258 -0.000006
vertex -124.912109 -203.168976 14.999990
vertex -124.912109 -203.168976 -0.000010
endloop
endfacet
facet normal -0.999795 -0.020224 0.000000
outer loop
vertex -123.097534 -293.410309 -0.000003
vertex -123.097534 -293.410309 14.999996
vertex -123.854492 -255.989258 14.999993
endloop
endfacet
facet normal -0.999796 -0.020224 0.000000
outer loop
vertex -123.097534 -293.410309 -0.000003
vertex -123.854492 -255.989258 14.999993
vertex -123.854492 -255.989258 -0.000006
endloop
endfacet
facet normal 0.000000 0.000000 1.000000
outer loop
vertex -30.301636 -395.102722 20.000004
vertex -116.373901 -396.762207 20.000004
vertex -112.856201 -524.451721 20.000013
endloop
endfacet
facet normal -0.000000 0.000000 1.000000
outer loop
vertex -27.863770 -529.041382 20.000015
vertex -30.301636 -395.102722 20.000004
vertex -112.856201 -524.451721 20.000013
endloop
endfacet
facet normal -0.999621 -0.027539 0.000000
outer loop
vertex -112.856201 -524.451721 0.000014
vertex -112.856201 -524.451721 20.000013
vertex -116.373901 -396.762207 20.000004
endloop
endfacet
facet normal -0.999621 -0.027538 0.000000
outer loop
vertex -112.856201 -524.451721 0.000014
vertex -116.373901 -396.762207 20.000004
vertex -116.373901 -396.762207 0.000004
endloop
endfacet
facet normal -0.999993 0.003831 0.000000
outer loop
vertex -112.878418 -530.252380 0.000015
vertex -112.878418 -530.252380 20.000015
vertex -112.856201 -524.451721 20.000013
endloop
endfacet
facet normal -0.999993 0.003826 0.000000
outer loop
vertex -112.878418 -530.252380 0.000015
vertex -112.856201 -524.451721 20.000013
vertex -112.856201 -524.451721 0.000014
endloop
endfacet
facet normal 0.999834 0.018198 0.000000
outer loop
vertex -30.301636 -395.102722 0.000004
vertex -30.301636 -395.102722 20.000004
vertex -27.863770 -529.041382 20.000015
endloop
endfacet
facet normal 0.999834 0.018198 0.000000
outer loop
vertex -30.301636 -395.102722 0.000004
vertex -27.863770 -529.041382 20.000015
vertex -27.863770 -529.041382 0.000014
endloop
endfacet
facet normal -0.019277 0.999814 0.000000
outer loop
vertex -116.373901 -396.762207 0.000004
vertex -116.373901 -396.762207 20.000004
vertex -30.301636 -395.102722 20.000004
endloop
endfacet
facet normal -0.019277 0.999814 0.000000
outer loop
vertex -116.373901 -396.762207 0.000004
vertex -30.301636 -395.102722 20.000004
vertex -30.301636 -395.102722 0.000004
endloop
endfacet
facet normal 0.000000 0.000000 1.000000
outer loop
vertex -121.360962 -338.590454 157.000000
vertex -116.006470 -343.553955 157.000000
vertex -37.982666 -342.073883 157.000000
endloop
endfacet
facet normal 0.000000 0.000000 1.000000
outer loop
vertex -37.982666 -342.073883 157.000000
vertex -32.617065 -337.827972 157.000000
vertex -33.285034 -298.463562 157.000000
endloop
endfacet
facet normal 0.000000 0.000000 1.000000
outer loop
vertex -33.285034 -298.463562 157.000000
vertex -38.628296 -293.380402 157.000000
vertex -117.308960 -294.950195 157.000000
endloop
endfacet
facet normal 0.000000 0.000000 1.000000
outer loop
vertex -117.308960 -294.950195 157.000000
vertex -121.694946 -299.824036 157.000000
vertex -121.360962 -338.590454 157.000000
endloop
endfacet
facet normal 0.000000 0.000000 1.000000
outer loop
vertex -121.360962 -338.590454 157.000000
vertex -37.982666 -342.073883 157.000000
vertex -33.285034 -298.463562 157.000000
endloop
endfacet
facet normal 0.000000 0.000000 1.000000
outer loop
vertex -33.285034 -298.463562 157.000000
vertex -117.308960 -294.950195 157.000000
vertex -121.360962 -338.590454 157.000000
endloop
endfacet
facet normal 0.018966 -0.999820 0.000000
outer loop
vertex -37.982666 -342.073883 0.000000
vertex -37.982666 -342.073883 157.000000
vertex -116.006470 -343.553955 157.000000
endloop
endfacet
facet normal 0.018966 -0.999820 0.000000
outer loop
vertex -37.982666 -342.073883 0.000000
vertex -116.006470 -343.553955 157.000000
vertex -116.006470 -343.553986 0.000000
endloop
endfacet
facet normal 0.620536 -0.784178 0.000000
outer loop
vertex -32.617065 -337.827972 0.000000
vertex -32.617065 -337.827972 157.000000
vertex -37.982666 -342.073883 157.000000
endloop
endfacet
facet normal 0.620537 -0.784178 0.000000
outer loop
vertex -32.617065 -337.827972 0.000000
vertex -37.982666 -342.073883 157.000000
vertex -37.982666 -342.073883 0.000000
endloop
endfacet
facet normal 0.999856 0.016966 0.000000
outer loop
vertex -33.285034 -298.463562 -0.000003
vertex -33.285034 -298.463562 157.000000
vertex -32.617065 -337.827972 157.000000
endloop
endfacet
facet normal 0.999856 0.016966 0.000000
outer loop
vertex -33.285034 -298.463562 -0.000003
vertex -32.617065 -337.827972 157.000000
vertex -32.617065 -337.827972 0.000000
endloop
endfacet
facet normal 0.689252 0.724521 0.000000
outer loop
vertex -38.628296 -293.380402 -0.000003
vertex -38.628296 -293.380402 157.000000
vertex -33.285034 -298.463562 157.000000
endloop
endfacet
facet normal 0.689253 0.724521 0.000000
outer loop
vertex -38.628296 -293.380402 -0.000003
vertex -33.285034 -298.463562 157.000000
vertex -33.285034 -298.463562 -0.000003
endloop
endfacet
facet normal -0.019947 0.999801 0.000000
outer loop
vertex -117.308960 -294.950195 -0.000003
vertex -117.308960 -294.950195 157.000000
vertex -38.628296 -293.380402 157.000000
endloop
endfacet
facet normal -0.019947 0.999801 0.000000
outer loop
vertex -117.308960 -294.950195 -0.000003
vertex -38.628296 -293.380402 157.000000
vertex -38.628296 -293.380402 -0.000003
endloop
endfacet
facet normal -0.743329 0.668926 0.000000
outer loop
vertex -121.694946 -299.824036 -0.000003
vertex -121.694946 -299.824036 157.000000
vertex -117.308960 -294.950195 157.000000
endloop
endfacet
facet normal -0.743329 0.668926 0.000000
outer loop
vertex -121.694946 -299.824036 -0.000003
vertex -117.308960 -294.950195 157.000000
vertex -117.308960 -294.950195 -0.000003
endloop
endfacet
facet normal -0.999963 -0.008615 0.000000
outer loop
vertex -121.360962 -338.590454 0.000000
vertex -121.360962 -338.590454 157.000000
vertex -121.694946 -299.824036 157.000000
endloop
endfacet
facet normal -0.999963 -0.008615 0.000000
outer loop
vertex -121.360962 -338.590454 0.000000
vertex -121.694946 -299.824036 157.000000
vertex -121.694946 -299.824036 -0.000003
endloop
endfacet
facet normal -0.679823 -0.733376 0.000000
outer loop
vertex -116.006470 -343.553986 0.000000
vertex -116.006470 -343.553955 157.000000
vertex -121.360962 -338.590454 157.000000
endloop
endfacet
facet normal -0.679825 -0.733374 0.000000
outer loop
vertex -116.006470 -343.553986 0.000000
vertex -121.360962 -338.590454 157.000000
vertex -121.360962 -338.590454 0.000000
endloop
endfacet
facet normal 0.000000 0.000000 1.000000
outer loop
vertex 371.127563 -465.877106 18.000010
vertex 330.473633 -466.460175 18.000010
vertex 330.930054 -498.468445 18.000011
endloop
endfacet
facet normal 0.000000 0.000000 1.000000
outer loop
vertex 330.930054 -498.468445 18.000011
vertex 340.414551 -498.333893 18.000011
vertex 371.628540 -497.840546 18.000011
endloop
endfacet
facet normal 0.000000 0.000000 1.000000
outer loop
vertex 330.930054 -498.468445 18.000011
vertex 371.628540 -497.840546 18.000011
vertex 371.127563 -465.877106 18.000010
endloop
endfacet
facet normal -0.999898 -0.014260 0.000000
outer loop
vertex 330.930054 -498.468445 0.000012
vertex 330.930054 -498.468445 18.000011
vertex 330.473633 -466.460175 18.000010
endloop
endfacet
facet normal -0.999898 -0.014257 0.000000
outer loop
vertex 330.930054 -498.468445 0.000012
vertex 330.473633 -466.460175 18.000010
vertex 330.473633 -466.460175 0.000010
endloop
endfacet
facet normal 0.014185 -0.999899 0.000000
outer loop
vertex 340.414551 -498.333893 0.000012
vertex 340.414551 -498.333893 18.000011
vertex 330.930054 -498.468445 18.000011
endloop
endfacet
facet normal 0.014185 -0.999899 0.000000
outer loop
vertex 340.414551 -498.333893 0.000012
vertex 330.930054 -498.468445 18.000011
vertex 330.930054 -498.468445 0.000012
endloop
endfacet
facet normal 0.015803 -0.999875 0.000000
outer loop
vertex 371.628540 -497.840546 0.000012
vertex 371.628540 -497.840546 18.000011
vertex 340.414551 -498.333893 18.000011
endloop
endfacet
facet normal 0.015803 -0.999875 0.000000
outer loop
vertex 371.628540 -497.840546 0.000012
vertex 340.414551 -498.333893 18.000011
vertex 340.414551 -498.333893 0.000012
endloop
endfacet
facet normal 0.999877 0.015672 0.000000
outer loop
vertex 371.127563 -465.877106 0.000010
vertex 371.127563 -465.877106 18.000010
vertex 371.628540 -497.840546 18.000011
endloop
endfacet
facet normal 0.999877 0.015672 0.000000
outer loop
vertex 371.127563 -465.877106 0.000010
vertex 371.628540 -497.840546 18.000011
vertex 371.628540 -497.840546 0.000012
endloop
endfacet
facet normal -0.014341 0.999897 0.000000
outer loop
vertex 330.473633 -466.460175 0.000010
vertex 330.473633 -466.460175 18.000010
vertex 371.127563 -465.877106 18.000010
endloop
endfacet
facet normal -0.014341 0.999897 0.000000
outer loop
vertex 330.473633 -466.460175 0.000010
vertex 371.127563 -465.877106 18.000010
vertex 371.127563 -465.877106 0.000010
endloop
endfacet
facet normal 0.000001 0.000000 1.000000
outer loop
vertex 468.097961 -391.335236 20.000004
vertex 464.903137 -390.871765 20.000004
vertex 462.309387 -390.677429 20.000004
endloop
endfacet
facet normal 0.000000 0.000000 1.000000
outer loop
vertex 462.309387 -390.677429 20.000004
vertex 459.415039 -391.170776 20.000004
vertex 457.110718 -392.665802 20.000004
endloop
endfacet
facet normal 0.000003 0.000000 1.000000
outer loop
vertex 457.110718 -392.665802 20.000004
vertex 455.418701 -394.564514 20.000004
vertex 454.216431 -397.270508 20.000004
endloop
endfacet
facet normal -0.000004 0.000000 1.000000
outer loop
vertex 454.216431 -397.270508 20.000004
vertex 454.027222 -400.454926 20.000004
vertex 454.517029 -402.951599 20.000006
endloop
endfacet
facet normal 0.000001 0.000000 1.000000
outer loop
vertex 454.216431 -397.270508 20.000004
vertex 454.517029 -402.951599 20.000006
vertex 456.019836 -404.954956 20.000006
endloop
endfacet
facet normal -0.000001 0.000000 1.000000
outer loop
vertex 462.309387 -390.677429 20.000004
vertex 457.110718 -392.665802 20.000004
vertex 454.216431 -397.270508 20.000004
endloop
endfacet
facet normal 0.000000 0.000000 1.000000
outer loop
vertex 471.404175 -392.426605 20.000004
vertex 468.097961 -391.335236 20.000004
vertex 462.309387 -390.677429 20.000004
endloop
endfacet
facet normal 0.000000 0.000000 1.000000
outer loop
vertex 511.490295 -419.067993 20.000006
vertex 511.011658 -391.335236 20.000004
vertex 471.404175 -392.426605 20.000004
endloop
endfacet
facet normal 0.000000 0.000000 1.000000
outer loop
vertex 471.404175 -392.426605 20.000004
vertex 462.309387 -390.677429 20.000004
vertex 454.216431 -397.270508 20.000004
endloop
endfacet
facet normal 0.000000 0.000000 1.000000
outer loop
vertex 471.404175 -392.426605 20.000004
vertex 454.216431 -397.270508 20.000004
vertex 456.019836 -404.954956 20.000006
endloop
endfacet
facet normal 0.000000 0.000000 1.000000
outer loop
vertex 471.404175 -392.426605 20.000004
vertex 456.019836 -404.954956 20.000006
vertex 458.312988 -530.192566 20.000015
endloop
endfacet
facet normal 0.000000 0.000000 1.000000
outer loop
vertex 458.312988 -530.192566 20.000015
vertex 456.821289 -532.988220 20.000015
vertex 456.520752 -536.187561 20.000015
endloop
endfacet
facet normal -0.000003 0.000000 1.000000
outer loop
vertex 456.520752 -536.187561 20.000015
vertex 457.210938 -539.282227 20.000015
vertex 458.613586 -541.464905 20.000015
endloop
endfacet
facet normal 0.074715 0.997205 0.000000
outer loop
vertex 462.309387 -390.677429 0.000004
vertex 462.309387 -390.677429 20.000004
vertex 464.903137 -390.871765 20.000004
endloop
endfacet
facet normal 0.074715 0.997205 0.000000
outer loop
vertex 462.309387 -390.677429 0.000004
vertex 464.903137 -390.871765 20.000004
vertex 464.903137 -390.871765 0.000004
endloop
endfacet
facet normal -0.168029 0.985782 0.000000
outer loop
vertex 459.415039 -391.170776 0.000004
vertex 459.415039 -391.170776 20.000004
vertex 462.309387 -390.677429 20.000004
endloop
endfacet
facet normal -0.168029 0.985782 0.000000
outer loop
vertex 459.415039 -391.170776 0.000004
vertex 462.309387 -390.677429 20.000004
vertex 462.309387 -390.677429 0.000004
endloop
endfacet
facet normal -0.544280 0.838904 0.000000
outer loop
vertex 457.110718 -392.665802 0.000004
vertex 457.110718 -392.665802 20.000004
vertex 459.415039 -391.170776 20.000004
endloop
endfacet
facet normal -0.544280 0.838904 0.000000
outer loop
vertex 457.110718 -392.665802 0.000004
vertex 459.415039 -391.170776 20.000004
vertex 459.415039 -391.170776 0.000004
endloop
endfacet
facet normal -0.746579 0.665296 0.000000
outer loop
vertex 455.418701 -394.564514 0.000004
vertex 455.418701 -394.564514 20.000004
vertex 457.110718 -392.665802 20.000004
endloop
endfacet
facet normal -0.746560 0.665318 0.000000
outer loop
vertex 455.418701 -394.564514 0.000004
vertex 457.110718 -392.665802 20.000004
vertex 457.110718 -392.665802 0.000004
endloop
endfacet
facet normal -0.913852 0.406048 0.000000
outer loop
vertex 454.216431 -397.270508 0.000004
vertex 454.216431 -397.270508 20.000004
vertex 455.418701 -394.564514 20.000004
endloop
endfacet
facet normal -0.913864 0.406021 0.000000
outer loop
vertex 454.216431 -397.270508 0.000004
vertex 455.418701 -394.564514 20.000004
vertex 455.418701 -394.564514 0.000004
endloop
endfacet
facet normal -0.998240 0.059297 0.000000
outer loop
vertex 454.027222 -400.454926 0.000005
vertex 454.027222 -400.454926 20.000004
vertex 454.216431 -397.270508 20.000004
endloop
endfacet
facet normal -0.998239 0.059328 0.000000
outer loop
vertex 454.027222 -400.454926 0.000005
vertex 454.216431 -397.270508 20.000004
vertex 454.216431 -397.270508 0.000004
endloop
endfacet
facet normal -0.981291 -0.192532 0.000000
outer loop
vertex 454.517029 -402.951599 0.000005
vertex 454.517029 -402.951599 20.000006
vertex 454.027222 -400.454926 20.000004
endloop
endfacet
facet normal -0.981299 -0.192491 0.000000
outer loop
vertex 454.517029 -402.951599 0.000005
vertex 454.027222 -400.454926 20.000004
vertex 454.027222 -400.454926 0.000005
endloop
endfacet
facet normal -0.799958 -0.600055 0.000000
outer loop
vertex 456.019836 -404.954956 0.000005
vertex 456.019836 -404.954956 20.000006
vertex 454.517029 -402.951599 20.000006
endloop
endfacet
facet normal -0.799940 -0.600080 0.000000
outer loop
vertex 456.019836 -404.954956 0.000005
vertex 454.517029 -402.951599 20.000006
vertex 454.517029 -402.951599 0.000005
endloop
endfacet
facet normal -0.999832 -0.018307 0.000000
outer loop
vertex 458.312988 -530.192566 0.000014
vertex 458.312988 -530.192566 20.000015
vertex 456.019836 -404.954956 20.000006
endloop
endfacet
facet normal -0.999832 -0.018308 0.000000
outer loop
vertex 458.312988 -530.192566 0.000014
vertex 456.019836 -404.954956 20.000006
vertex 456.019836 -404.954956 0.000005
endloop
endfacet
facet normal -0.882263 0.470756 0.000000
outer loop
vertex 456.821289 -532.988220 0.000015
vertex 456.821289 -532.988220 20.000015
vertex 458.312988 -530.192566 20.000015
endloop
endfacet
facet normal -0.882251 0.470780 0.000000
outer loop
vertex 456.821289 -532.988220 0.000015
vertex 458.312988 -530.192566 20.000015
vertex 458.312988 -530.192566 0.000014
endloop
endfacet
facet normal 0.999851 0.017255 0.000000
outer loop
vertex 511.011658 -391.335236 0.000004
vertex 511.011658 -391.335236 20.000004
vertex 511.490295 -419.067993 20.000006
endloop
endfacet
facet normal 0.999851 0.017255 0.000000
outer loop
vertex 511.011658 -391.335236 0.000004
vertex 511.490295 -419.067993 20.000006
vertex 511.490295 -419.067993 0.000006
endloop
endfacet
facet normal -0.027544 0.999621 0.000000
outer loop
vertex 471.404175 -392.426605 0.000004
vertex 471.404175 -392.426605 20.000004
vertex 511.011658 -391.335236 20.000004
endloop
endfacet
facet normal -0.027544 0.999621 0.000000
outer loop
vertex 471.404175 -392.426605 0.000004
vertex 511.011658 -391.335236 20.000004
vertex 511.011658 -391.335236 0.000004
endloop
endfacet
facet normal 0.313457 0.949602 0.000000
outer loop
vertex 468.097961 -391.335236 0.000004
vertex 468.097961 -391.335236 20.000004
vertex 471.404175 -392.426605 20.000004
endloop
endfacet
facet normal 0.313457 0.949602 0.000000
outer loop
vertex 468.097961 -391.335236 0.000004
vertex 471.404175 -392.426605 20.000004
vertex 471.404175 -392.426605 0.000004
endloop
endfacet
facet normal 0.143566 0.989641 0.000000
outer loop
vertex 464.903137 -390.871765 0.000004
vertex 464.903137 -390.871765 20.000004
vertex 468.097961 -391.335236 20.000004
endloop
endfacet
facet normal 0.143566 0.989641 0.000000
outer loop
vertex 464.903137 -390.871765 0.000004
vertex 468.097961 -391.335236 20.000004
vertex 468.097961 -391.335236 0.000004
endloop
endfacet
facet normal 0.000000 0.000000 1.000000
outer loop
vertex 329.627686 -414.194214 3.000006
vertex 330.028442 -436.410278 3.000007
vertex 370.570923 -435.662750 3.000007
endloop
endfacet
facet normal 0.000000 0.000000 1.000000
outer loop
vertex 329.627686 -414.194214 3.000006
vertex 370.570923 -435.662750 3.000007
vertex 370.159058 -413.461639 3.000006
endloop
endfacet
facet normal -0.999837 -0.018036 0.000000
outer loop
vertex 330.028442 -436.410278 0.000007
vertex 330.028442 -436.410278 3.000007
vertex 329.627686 -414.194214 3.000006
endloop
endfacet
facet normal -0.999837 -0.018036 0.000000
outer loop
vertex 330.028442 -436.410278 0.000007
vertex 329.627686 -414.194214 3.000006
vertex 329.627686 -414.194214 0.000006
endloop
endfacet
facet normal 0.018435 -0.999830 0.000000
outer loop
vertex 370.570923 -435.662750 0.000007
vertex 370.570923 -435.662750 3.000007
vertex 330.028442 -436.410278 3.000007
endloop
endfacet
facet normal 0.018435 -0.999830 0.000000
outer loop
vertex 370.570923 -435.662750 0.000007
vertex 330.028442 -436.410278 3.000007
vertex 330.028442 -436.410278 0.000007
endloop
endfacet
facet normal 0.999828 0.018549 0.000000
outer loop
vertex 370.159058 -413.461639 0.000006
vertex 370.159058 -413.461639 3.000006
vertex 370.570923 -435.662750 3.000007
endloop
endfacet
facet normal 0.999828 0.018548 0.000000
outer loop
vertex 370.159058 -413.461639 0.000006
vertex 370.570923 -435.662750 3.000007
vertex 370.570923 -435.662750 0.000007
endloop
endfacet
facet normal -0.018071 0.999837 0.000000
outer loop
vertex 329.627686 -414.194214 0.000006
vertex 329.627686 -414.194214 3.000006
vertex 370.159058 -413.461639 3.000006
endloop
endfacet
facet normal -0.018071 0.999837 0.000000
outer loop
vertex 329.627686 -414.194214 0.000006
vertex 370.159058 -413.461639 3.000006
vertex 370.159058 -413.461639 0.000006
endloop
endfacet
facet normal -0.000000 0.000000 1.000000
outer loop
vertex 330.028442 -436.410278 36.000008
vertex 330.473633 -466.460175 36.000011
vertex 371.127563 -465.877106 36.000011
endloop
endfacet
facet normal 0.000000 0.000000 1.000000
outer loop
vertex 330.028442 -436.410278 36.000008
vertex 371.127563 -465.877106 36.000011
vertex 370.570923 -435.662750 36.000008
endloop
endfacet
facet normal -0.999890 -0.014813 0.000000
outer loop
vertex 330.473633 -466.460175 0.000010
vertex 330.473633 -466.460175 36.000011
vertex 330.028442 -436.410278 36.000008
endloop
endfacet
facet normal -0.999890 -0.014814 0.000000
outer loop
vertex 330.473633 -466.460175 0.000010
vertex 330.028442 -436.410278 36.000008
vertex 330.028442 -436.410278 0.000007
endloop
endfacet
facet normal 0.014341 -0.999897 0.000000
outer loop
vertex 371.127563 -465.877106 0.000010
vertex 371.127563 -465.877106 36.000011
vertex 330.473633 -466.460175 36.000011
endloop
endfacet
facet normal 0.014341 -0.999897 0.000000
outer loop
vertex 371.127563 -465.877106 0.000010
vertex 330.473633 -466.460175 36.000011
vertex 330.473633 -466.460175 0.000010
endloop
endfacet
facet normal 0.999830 0.018421 0.000000
outer loop
vertex 370.570923 -435.662750 0.000007
vertex 370.570923 -435.662750 36.000008
vertex 371.127563 -465.877106 36.000011
endloop
endfacet
facet normal 0.999830 0.018418 0.000000
outer loop
vertex 370.570923 -435.662750 0.000007
vertex 371.127563 -465.877106 36.000011
vertex 371.127563 -465.877106 0.000010
endloop
endfacet
facet normal -0.018435 0.999830 0.000000
outer loop
vertex 330.028442 -436.410278 0.000007
vertex 330.028442 -436.410278 36.000008
vertex 370.570923 -435.662750 36.000008
endloop
endfacet
facet normal -0.018435 0.999830 0.000000
outer loop
vertex 330.028442 -436.410278 0.000007
vertex 370.570923 -435.662750 36.000008
vertex 370.570923 -435.662750 0.000007
endloop
endfacet
facet normal -0.000049 -0.000001 1.000000
outer loop
vertex 340.414551 -498.333893 0.000012
vertex 340.447876 -500.591370 0.000012
vertex 340.692871 -515.810547 0.000013
endloop
endfacet
facet normal -0.000000 0.000000 1.000000
outer loop
vertex 340.692871 -515.810547 0.000013
vertex 371.906860 -515.317261 0.000013
vertex 371.628540 -497.840546 0.000012
endloop
endfacet
facet normal -0.000000 0.000000 1.000000
outer loop
vertex 340.692871 -515.810547 0.000013
vertex 371.628540 -497.840546 0.000012
vertex 340.414551 -498.333893 0.000012
endloop
endfacet
facet normal 0.000000 0.000000 1.000000
outer loop
vertex -215.848999 420.440430 -0.000057
vertex -216.316528 454.694519 -0.000060
vertex -226.112671 461.931091 -0.000060
endloop
endfacet
facet normal -0.000000 0.000000 1.000000
outer loop
vertex -226.112671 461.931091 -0.000060
vertex -237.456055 461.766663 -0.000060
vertex -236.899536 429.755249 -0.000058
endloop
endfacet
facet normal -0.000000 0.000000 1.000000
outer loop
vertex -236.899536 429.755249 -0.000058
vertex -236.342896 397.429993 -0.000056
vertex -210.605835 398.192505 -0.000056
endloop
endfacet
facet normal 0.000000 0.000000 1.000000
outer loop
vertex -210.605835 398.192505 -0.000056
vertex -210.895264 413.577637 -0.000057
vertex -215.848999 420.440430 -0.000057
endloop
endfacet
facet normal -0.000000 0.000000 1.000000
outer loop
vertex -215.848999 420.440430 -0.000057
vertex -226.112671 461.931091 -0.000060
vertex -236.899536 429.755249 -0.000058
endloop
endfacet
facet normal -0.000000 0.000000 1.000000
outer loop
vertex -236.899536 429.755249 -0.000058
vertex -210.605835 398.192505 -0.000056
vertex -215.848999 420.440430 -0.000057
endloop
endfacet
facet normal -0.000000 0.000000 1.000000
outer loop
vertex 153.698364 -404.730682 30.000006
vertex 155.891357 -519.966675 30.000013
vertex 197.202026 -519.174316 30.000013
endloop
endfacet
facet normal 0.000000 0.000000 1.000000
outer loop
vertex 153.698364 -404.730682 30.000006
vertex 197.202026 -519.174316 30.000013
vertex 194.975586 -403.938324 30.000006
endloop
endfacet
facet normal -0.999819 -0.019027 0.000000
outer loop
vertex 155.891357 -519.966675 0.000014
vertex 155.891357 -519.966675 30.000013
vertex 153.698364 -404.730682 30.000006
endloop
endfacet
facet normal -0.999819 -0.019027 0.000000
outer loop
vertex 155.891357 -519.966675 0.000014
vertex 153.698364 -404.730682 30.000006
vertex 153.698364 -404.730682 0.000005
endloop
endfacet
facet normal 0.019177 -0.999816 0.000000
outer loop
vertex 197.202026 -519.174316 0.000014
vertex 197.202026 -519.174316 30.000013
vertex 155.891357 -519.966675 30.000013
endloop
endfacet
facet normal 0.019177 -0.999816 0.000000
outer loop
vertex 197.202026 -519.174316 0.000014
vertex 155.891357 -519.966675 30.000013
vertex 155.891357 -519.966675 0.000014
endloop
endfacet
facet normal 0.999813 0.019317 0.000000
outer loop
vertex 194.975586 -403.938324 0.000005
vertex 194.975586 -403.938324 30.000006
vertex 197.202026 -519.174316 30.000013
endloop
endfacet
facet normal 0.999813 0.019317 0.000000
outer loop
vertex 194.975586 -403.938324 0.000005
vertex 197.202026 -519.174316 30.000013
vertex 197.202026 -519.174316 0.000014
endloop
endfacet
facet normal -0.019192 0.999816 0.000000
outer loop
vertex 153.698364 -404.730682 0.000005
vertex 153.698364 -404.730682 30.000006
vertex 194.975586 -403.938324 30.000006
endloop
endfacet
facet normal -0.019192 0.999816 0.000000
outer loop
vertex 153.698364 -404.730682 0.000005
vertex 194.975586 -403.938324 30.000006
vertex 194.975586 -403.938324 0.000005
endloop
endfacet
facet normal 0.001058 -0.000009 0.999999
outer loop
vertex 365.973511 77.816528 17.999969
vertex 366.251831 60.443451 17.999969
vertex 366.786133 27.506439 17.999973
endloop
endfacet
facet normal 0.000000 0.000000 1.000000
outer loop
vertex 366.786133 27.506439 17.999973
vertex 409.766541 28.194183 17.999971
vertex 408.965088 78.519226 17.999969
endloop
endfacet
facet normal -0.000000 0.000000 1.000000
outer loop
vertex 366.786133 27.506439 17.999973
vertex 408.965088 78.519226 17.999969
vertex 365.973511 77.816528 17.999969
endloop
endfacet
facet normal -0.999868 -0.016220 0.000000
outer loop
vertex 366.786133 27.506439 -0.000028
vertex 366.786133 27.506439 17.999973
vertex 366.251831 60.443451 17.999969
endloop
endfacet
facet normal -0.999868 -0.016219 0.000000
outer loop
vertex 366.786133 27.506439 -0.000028
vertex 366.251831 60.443451 17.999969
vertex 366.251831 60.443451 -0.000030
endloop
endfacet
facet normal 0.015999 -0.999872 0.000000
outer loop
vertex 409.766541 28.194183 -0.000028
vertex 409.766541 28.194183 17.999971
vertex 366.786133 27.506439 17.999973
endloop
endfacet
facet normal 0.015999 -0.999872 0.000000
outer loop
vertex 409.766541 28.194183 -0.000028
vertex 366.786133 27.506439 17.999973
vertex 366.786133 27.506439 -0.000028
endloop
endfacet
facet normal 0.999873 0.015924 0.000000
outer loop
vertex 408.965088 78.519226 -0.000031
vertex 408.965088 78.519226 17.999969
vertex 409.766541 28.194183 17.999971
endloop
endfacet
facet normal 0.999873 0.015925 0.000000
outer loop
vertex 408.965088 78.519226 -0.000031
vertex 409.766541 28.194183 17.999971
vertex 409.766541 28.194183 -0.000028
endloop
endfacet
facet normal -0.016343 0.999866 0.000000
outer loop
vertex 365.973511 77.816528 -0.000031
vertex 365.973511 77.816528 17.999969
vertex 408.965088 78.519226 17.999969
endloop
endfacet
facet normal -0.016343 0.999867 0.000000
outer loop
vertex 365.973511 77.816528 -0.000031
vertex 408.965088 78.519226 17.999969
vertex 408.965088 78.519226 -0.000031
endloop
endfacet
facet normal -0.999872 -0.016018 0.000000
outer loop
vertex 366.251831 60.443451 -0.000030
vertex 366.251831 60.443451 17.999969
vertex 365.973511 77.816528 17.999969
endloop
endfacet
facet normal -0.999872 -0.016021 0.000000
outer loop
vertex 366.251831 60.443451 -0.000030
vertex 365.973511 77.816528 17.999969
vertex 365.973511 77.816528 -0.000031
endloop
endfacet
facet normal 0.000000 0.000000 1.000000
outer loop
vertex 259.630005 116.898590 19.999966
vertex 261.355469 116.898590 19.999966
vertex 261.355469 120.471893 19.999966
endloop
endfacet
facet normal 0.000000 0.000000 1.000000
outer loop
vertex 261.355469 120.471893 19.999966
vertex 257.069580 120.471893 19.999966
vertex 257.069580 116.898590 19.999966
endloop
endfacet
facet normal 0.000000 0.000000 1.000000
outer loop
vertex 258.694824 116.898590 19.999966
vertex 259.630005 116.898590 19.999966
vertex 261.355469 120.471893 19.999966
endloop
endfacet
facet normal 0.000000 0.000000 1.000000
outer loop
vertex 261.355469 120.471893 19.999966
vertex 257.069580 116.898590 19.999966
vertex 258.694824 116.898590 19.999966
endloop
endfacet
facet normal 0.000000 -1.000000 0.000000
outer loop
vertex 261.355469 116.898590 -0.000034
vertex 261.355469 116.898590 19.999966
vertex 259.630005 116.898590 19.999966
endloop
endfacet
facet normal 0.000000 -1.000000 0.000000
outer loop
vertex 261.355469 116.898590 -0.000034
vertex 259.630005 116.898590 19.999966
vertex 259.630005 116.898590 -0.000034
endloop
endfacet
facet normal 1.000000 0.000000 0.000000
outer loop
vertex 261.355469 120.471893 -0.000035
vertex 261.355469 120.471893 19.999966
vertex 261.355469 116.898590 19.999966
endloop
endfacet
facet normal 1.000000 0.000014 0.000000
outer loop
vertex 261.355469 120.471893 -0.000035
vertex 261.355469 116.898590 19.999966
vertex 261.355469 116.898590 -0.000034
endloop
endfacet
facet normal 0.000000 1.000000 0.000000
outer loop
vertex 257.069580 120.471893 -0.000035
vertex 257.069580 120.471893 19.999966
vertex 261.355469 120.471893 19.999966
endloop
endfacet
facet normal 0.000000 1.000000 0.000000
outer loop
vertex 257.069580 120.471893 -0.000035
vertex 261.355469 120.471893 19.999966
vertex 261.355469 120.471893 -0.000035
endloop
endfacet
facet normal -1.000000 0.000000 0.000000
outer loop
vertex 257.069580 116.898590 -0.000034
vertex 257.069580 116.898590 19.999966
vertex 257.069580 120.471893 19.999966
endloop
endfacet
facet normal -1.000000 -0.000014 0.000000
outer loop
vertex 257.069580 116.898590 -0.000034
vertex 257.069580 120.471893 19.999966
vertex 257.069580 120.471893 -0.000035
endloop
endfacet
facet normal 0.000000 -1.000000 0.000000
outer loop
vertex 258.694824 116.898590 -0.000034
vertex 258.694824 116.898590 19.999966
vertex 257.069580 116.898590 19.999966
endloop
endfacet
facet normal 0.000000 -1.000000 0.000000
outer loop
vertex 258.694824 116.898590 -0.000034
vertex 257.069580 116.898590 19.999966
vertex 257.069580 116.898590 -0.000034
endloop
endfacet
facet normal 0.000000 -1.000000 0.000000
outer loop
vertex 259.630005 116.898590 -0.000034
vertex 259.630005 116.898590 19.999966
vertex 258.694824 116.898590 19.999966
endloop
endfacet
facet normal 0.000000 -1.000000 0.000000
outer loop
vertex 259.630005 116.898590 -0.000034
vertex 258.694824 116.898590 19.999966
vertex 258.694824 116.898590 -0.000034
endloop
endfacet
facet normal -0.000000 0.000000 1.000000
outer loop
vertex 122.751465 406.759766 2.999944
vertex 122.116943 455.636475 2.999940
vertex 93.841797 455.457031 2.999940
endloop
endfacet
facet normal 0.000003 0.000000 1.000000
outer loop
vertex 93.841797 455.457031 2.999940
vertex 93.986572 434.195862 2.999942
vertex 94.442993 406.400940 2.999944
endloop
endfacet
facet normal 0.000000 0.000000 1.000000
outer loop
vertex 93.841797 455.457031 2.999940
vertex 94.442993 406.400940 2.999944
vertex 122.751465 406.759766 2.999944
endloop
endfacet
facet normal -0.006346 0.999980 0.000000
outer loop
vertex 93.841797 455.457031 -0.000060
vertex 93.841797 455.457031 2.999940
vertex 122.116943 455.636475 2.999940
endloop
endfacet
facet normal -0.006346 0.999980 0.000000
outer loop
vertex 93.841797 455.457031 -0.000060
vertex 122.116943 455.636475 2.999940
vertex 122.116943 455.636475 -0.000060
endloop
endfacet
facet normal -0.999977 -0.006810 0.000000
outer loop
vertex 93.986572 434.195862 -0.000058
vertex 93.986572 434.195862 2.999942
vertex 93.841797 455.457031 2.999940
endloop
endfacet
facet normal -0.999977 -0.006808 0.000000
outer loop
vertex 93.986572 434.195862 -0.000058
vertex 93.841797 455.457031 2.999940
vertex 93.841797 455.457031 -0.000060
endloop
endfacet
facet normal -0.999865 -0.016419 0.000000
outer loop
vertex 94.442993 406.400940 -0.000056
vertex 94.442993 406.400940 2.999944
vertex 93.986572 434.195862 2.999942
endloop
endfacet
facet normal -0.999865 -0.016419 0.000000
outer loop
vertex 94.442993 406.400940 -0.000056
vertex 93.986572 434.195862 2.999942
vertex 93.986572 434.195862 -0.000058
endloop
endfacet
facet normal 0.012675 -0.999920 0.000000
outer loop
vertex 122.751465 406.759766 -0.000056
vertex 122.751465 406.759766 2.999944
vertex 94.442993 406.400940 2.999944
endloop
endfacet
facet normal 0.012675 -0.999920 0.000000
outer loop
vertex 122.751465 406.759766 -0.000056
vertex 94.442993 406.400940 2.999944
vertex 94.442993 406.400940 -0.000056
endloop
endfacet
facet normal 0.999916 0.012981 0.000000
outer loop
vertex 122.116943 455.636475 -0.000060
vertex 122.116943 455.636475 2.999940
vertex 122.751465 406.759766 2.999944
endloop
endfacet
facet normal 0.999916 0.012981 0.000000
outer loop
vertex 122.116943 455.636475 -0.000060
vertex 122.751465 406.759766 2.999944
vertex 122.751465 406.759766 -0.000056
endloop
endfacet
facet normal 0.000000 0.000000 1.000000
outer loop
vertex 211.350708 487.722717 19.999937
vertex 215.681030 487.797485 19.999937
vertex 215.502930 499.564453 19.999937
endloop
endfacet
facet normal -0.000007 0.000000 1.000000
outer loop
vertex 195.064697 487.483459 19.999937
vertex 205.684570 487.632996 19.999937
vertex 211.350708 487.722717 19.999937
endloop
endfacet
facet normal 0.000044 0.000000 1.000000
outer loop
vertex 156.481323 486.885437 19.999937
vertex 181.594971 487.274170 19.999937
vertex 195.064697 487.483459 19.999937
endloop
endfacet
facet normal -0.000004 0.000000 1.000000
outer loop
vertex 131.601440 486.511597 19.999937
vertex 156.481323 486.885437 19.999937
vertex 195.064697 487.483459 19.999937
endloop
endfacet
facet normal -0.000003 0.000000 1.000000
outer loop
vertex 102.380005 486.063049 19.999937
vertex 107.901489 486.137817 19.999937
vertex 117.998169 486.302307 19.999937
endloop
endfacet
facet normal 0.000000 0.000000 1.000000
outer loop
vertex 102.380005 486.063049 19.999937
vertex 117.998169 486.302307 19.999937
vertex 131.601440 486.511597 19.999937
endloop
endfacet
facet normal 0.999885 0.015136 0.000000
outer loop
vertex 215.502930 499.564453 -0.000063
vertex 215.502930 499.564453 19.999937
vertex 215.681030 487.797485 19.999937
endloop
endfacet
facet normal 0.999885 0.015132 0.000000
outer loop
vertex 215.502930 499.564453 -0.000063
vertex 215.681030 487.797485 19.999937
vertex 215.681030 487.797485 -0.000062
endloop
endfacet
facet normal 0.999879 0.015583 0.000000
outer loop
vertex 215.402710 505.993652 -0.000064
vertex 215.502930 499.564453 19.999937
vertex 215.502930 499.564453 -0.000063
endloop
endfacet
facet normal -0.999875 -0.015796 0.000000
outer loop
vertex 98.205566 486.003296 -0.000062
vertex 98.205566 486.003296 19.999937
vertex 98.027466 497.276855 19.999937
endloop
endfacet
facet normal -0.999875 -0.015797 0.000000
outer loop
vertex 98.205566 486.003296 -0.000062
vertex 98.027466 497.276855 19.999937
vertex 98.027466 497.276855 -0.000063
endloop
endfacet
facet normal 0.014313 -0.999898 0.000000
outer loop
vertex 102.380005 486.063049 -0.000062
vertex 102.380005 486.063049 19.999937
vertex 98.205566 486.003296 19.999937
endloop
endfacet
facet normal 0.014313 -0.999898 0.000000
outer loop
vertex 102.380005 486.063049 -0.000062
vertex 98.205566 486.003296 19.999937
vertex 98.205566 486.003296 -0.000062
endloop
endfacet
facet normal 0.013540 -0.999908 0.000000
outer loop
vertex 107.901489 486.137817 -0.000062
vertex 107.901489 486.137817 19.999937
vertex 102.380005 486.063049 19.999937
endloop
endfacet
facet normal 0.013540 -0.999908 0.000000
outer loop
vertex 107.901489 486.137817 -0.000062
vertex 102.380005 486.063049 19.999937
vertex 102.380005 486.063049 -0.000062
endloop
endfacet
facet normal 0.016289 -0.999867 0.000000
outer loop
vertex 117.998169 486.302307 -0.000062
vertex 117.998169 486.302307 19.999937
vertex 107.901489 486.137817 19.999937
endloop
endfacet
facet normal 0.016289 -0.999867 0.000000
outer loop
vertex 117.998169 486.302307 -0.000062
vertex 107.901489 486.137817 19.999937
vertex 107.901489 486.137817 -0.000062
endloop
endfacet
facet normal 0.015383 -0.999882 0.000000
outer loop
vertex 131.601440 486.511597 -0.000062
vertex 131.601440 486.511597 19.999937
vertex 117.998169 486.302307 19.999937
endloop
endfacet
facet normal 0.015383 -0.999882 0.000000
outer loop
vertex 131.601440 486.511597 -0.000062
vertex 117.998169 486.302307 19.999937
vertex 117.998169 486.302307 -0.000062
endloop
endfacet
facet normal 0.015024 -0.999887 0.000000
outer loop
vertex 156.481323 486.885437 -0.000062
vertex 156.481323 486.885437 19.999937
vertex 131.601440 486.511597 19.999937
endloop
endfacet
facet normal 0.015024 -0.999887 0.000000
outer loop
vertex 156.481323 486.885437 -0.000062
vertex 131.601440 486.511597 19.999937
vertex 131.601440 486.511597 -0.000062
endloop
endfacet
facet normal 0.015477 -0.999880 0.000000
outer loop
vertex 181.594971 487.274170 -0.000062
vertex 181.594971 487.274170 19.999937
vertex 156.481323 486.885437 19.999937
endloop
endfacet
facet normal 0.015477 -0.999880 0.000000
outer loop
vertex 181.594971 487.274170 -0.000062
vertex 156.481323 486.885437 19.999937
vertex 156.481323 486.885437 -0.000062
endloop
endfacet
facet normal 0.015536 -0.999879 0.000000
outer loop
vertex 195.064697 487.483459 -0.000062
vertex 195.064697 487.483459 19.999937
vertex 181.594971 487.274170 19.999937
endloop
endfacet
facet normal 0.015536 -0.999879 0.000000
outer loop
vertex 195.064697 487.483459 -0.000062
vertex 181.594971 487.274170 19.999937
vertex 181.594971 487.274170 -0.000062
endloop
endfacet
facet normal 0.014079 -0.999901 0.000000
outer loop
vertex 205.684570 487.632996 -0.000062
vertex 205.684570 487.632996 19.999937
vertex 195.064697 487.483459 19.999937
endloop
endfacet
facet normal 0.014079 -0.999901 0.000000
outer loop
vertex 205.684570 487.632996 -0.000062
vertex 195.064697 487.483459 19.999937
vertex 195.064697 487.483459 -0.000062
endloop
endfacet
facet normal 0.015833 -0.999875 0.000000
outer loop
vertex 211.350708 487.722717 -0.000062
vertex 211.350708 487.722717 19.999937
vertex 205.684570 487.632996 19.999937
endloop
endfacet
facet normal 0.015833 -0.999875 0.000000
outer loop
vertex 211.350708 487.722717 -0.000062
vertex 205.684570 487.632996 19.999937
vertex 205.684570 487.632996 -0.000062
endloop
endfacet
facet normal 0.017264 -0.999851 0.000000
outer loop
vertex 215.681030 487.797485 -0.000062
vertex 215.681030 487.797485 19.999937
vertex 211.350708 487.722717 19.999937
endloop
endfacet
facet normal 0.017264 -0.999851 0.000000
outer loop
vertex 215.681030 487.797485 -0.000062
vertex 211.350708 487.722717 19.999937
vertex 211.350708 487.722717 -0.000062
endloop
endfacet
facet normal 0.000000 0.000000 1.000000
outer loop
vertex 102.713989 459.120178 -0.000060
vertex 93.741699 459.060425 -0.000060
vertex 93.841797 455.457031 -0.000060
endloop
endfacet
facet normal 0.000000 0.000000 1.000000
outer loop
vertex 122.116943 455.636475 -0.000060
vertex 122.751465 406.759766 -0.000056
vertex 125.334106 406.759766 -0.000056
endloop
endfacet
facet normal 0.000000 0.000000 1.000000
outer loop
vertex 102.713989 459.120178 -0.000060
vertex 93.841797 455.457031 -0.000060
vertex 122.116943 455.636475 -0.000060
endloop
endfacet
facet normal 0.000000 0.000000 1.000000
outer loop
vertex 124.721924 459.284668 -0.000060
vertex 108.313354 459.165039 -0.000060
vertex 102.713989 459.120178 -0.000060
endloop
endfacet
facet normal 0.000001 0.000000 1.000000
outer loop
vertex 122.116943 455.636475 -0.000060
vertex 125.334106 406.759766 -0.000056
vertex 125.256226 413.368347 -0.000057
endloop
endfacet
facet normal 0.000000 0.000000 1.000000
outer loop
vertex 124.721924 459.284668 -0.000060
vertex 102.713989 459.120178 -0.000060
vertex 122.116943 455.636475 -0.000060
endloop
endfacet
facet normal -0.000000 0.000000 1.000000
outer loop
vertex 122.116943 455.636475 -0.000060
vertex 125.256226 413.368347 -0.000057
vertex 124.721924 459.284668 -0.000060
endloop
endfacet
facet normal -0.000000 0.000000 1.000000
outer loop
vertex 164.140137 406.729858 -0.000056
vertex 190.144287 407.088684 -0.000056
vertex 189.743652 423.789612 -0.000058
endloop
endfacet
facet normal -0.000000 0.000000 1.000000
outer loop
vertex 189.743652 423.789612 -0.000058
vertex 164.028809 423.684937 -0.000058
vertex 164.095581 413.517883 -0.000057
endloop
endfacet
facet normal -0.000000 0.000000 1.000000
outer loop
vertex 189.743652 423.789612 -0.000058
vertex 164.095581 413.517883 -0.000057
vertex 164.140137 406.729858 -0.000056
endloop
endfacet
facet normal 0.000000 0.000000 1.000000
outer loop
vertex 201.309692 407.178406 19.999943
vertex 201.020264 423.759705 19.999943
vertex 189.743652 423.789612 19.999943
endloop
endfacet
facet normal 0.000000 0.000000 1.000000
outer loop
vertex 201.309692 407.178406 19.999943
vertex 189.743652 423.789612 19.999943
vertex 190.144287 407.088684 19.999945
endloop
endfacet
facet normal 0.999848 0.017452 0.000000
outer loop
vertex 201.020264 423.759705 -0.000058
vertex 201.020264 423.759705 19.999943
vertex 201.309692 407.178406 19.999943
endloop
endfacet
facet normal 0.999848 0.017452 0.000000
outer loop
vertex 201.020264 423.759705 -0.000058
vertex 201.309692 407.178406 19.999943
vertex 201.309692 407.178406 -0.000056
endloop
endfacet
facet normal 0.002652 0.999996 0.000000
outer loop
vertex 189.743652 423.789612 -0.000058
vertex 189.743652 423.789612 19.999943
vertex 201.020264 423.759705 19.999943
endloop
endfacet
facet normal 0.002652 0.999996 0.000000
outer loop
vertex 189.743652 423.789612 -0.000058
vertex 201.020264 423.759705 19.999943
vertex 201.020264 423.759705 -0.000058
endloop
endfacet
facet normal -0.999712 -0.023981 0.000000
outer loop
vertex 190.144287 407.088684 -0.000056
vertex 190.144287 407.088684 19.999945
vertex 189.743652 423.789612 19.999943
endloop
endfacet
facet normal -0.999712 -0.023983 0.000000
outer loop
vertex 190.144287 407.088684 -0.000056
vertex 189.743652 423.789612 19.999943
vertex 189.743652 423.789612 -0.000058
endloop
endfacet
facet normal 0.008035 -0.999968 0.000000
outer loop
vertex 201.309692 407.178406 -0.000056
vertex 201.309692 407.178406 19.999943
vertex 190.144287 407.088684 19.999945
endloop
endfacet
facet normal 0.008035 -0.999968 0.000000
outer loop
vertex 201.309692 407.178406 -0.000056
vertex 190.144287 407.088684 19.999945
vertex 190.144287 407.088684 -0.000056
endloop
endfacet
facet normal -0.000000 0.000000 1.000000
outer loop
vertex 201.309692 407.178406 -0.000056
vertex 221.614380 407.327942 -0.000056
vertex 221.169067 424.208252 -0.000058
endloop
endfacet
facet normal -0.000000 0.000000 1.000000
outer loop
vertex 201.309692 407.178406 -0.000056
vertex 221.169067 424.208252 -0.000058
vertex 211.951782 423.998901 -0.000058
endloop
endfacet
facet normal -0.000000 0.000000 1.000000
outer loop
vertex 206.575073 423.879272 -0.000058
vertex 201.020264 423.759705 -0.000058
vertex 201.309692 407.178406 -0.000056
endloop
endfacet
facet normal -0.000000 0.000000 1.000000
outer loop
vertex 211.951782 423.998901 -0.000058
vertex 206.575073 423.879272 -0.000058
vertex 201.309692 407.178406 -0.000056
endloop
endfacet
facet normal 0.000000 0.000000 1.000000
outer loop
vertex 150.425537 432.895081 -0.000058
vertex 150.547974 419.573242 -0.000057
vertex 153.464600 419.573242 -0.000057
endloop
endfacet
facet normal 0.000000 0.000000 1.000000
outer loop
vertex 150.425537 432.895081 -0.000058
vertex 153.464600 419.573242 -0.000057
vertex 153.564697 430.786926 -0.000058
endloop
endfacet
facet normal 0.000000 0.000000 1.000000
outer loop
vertex 182.351929 433.463257 -0.000058
vertex 150.425537 432.895081 -0.000058
vertex 153.564697 430.786926 -0.000058
endloop
endfacet
facet normal -0.000000 0.000000 1.000000
outer loop
vertex 184.166504 467.807129 -0.000061
vertex 195.487671 467.941650 -0.000061
vertex 195.276123 472.008545 -0.000061
endloop
endfacet
facet normal 0.000000 0.000000 1.000000
outer loop
vertex 182.351929 433.463257 -0.000058
vertex 153.564697 430.786926 -0.000058
vertex 184.144165 431.220520 -0.000058
endloop
endfacet
facet normal 0.000000 0.000000 1.000000
outer loop
vertex 184.166504 467.807129 -0.000061
vertex 195.276123 472.008545 -0.000061
vertex 181.928955 471.978638 -0.000061
endloop
endfacet
facet normal 0.000000 0.000000 1.000000
outer loop
vertex 182.351929 433.463257 -0.000058
vertex 184.144165 431.220520 -0.000058
vertex 184.166504 467.807129 -0.000061
endloop
endfacet
facet normal 0.000000 0.000000 1.000000
outer loop
vertex 184.166504 467.807129 -0.000061
vertex 181.928955 471.978638 -0.000061
vertex 182.351929 433.463257 -0.000058
endloop
endfacet
facet normal 0.000000 0.000000 1.000000
outer loop
vertex 129.820312 467.358582 -0.000061
vertex 130.621826 419.378845 -0.000057
vertex 132.358398 419.363892 -0.000057
endloop
endfacet
facet normal 0.000000 0.000000 1.000000
outer loop
vertex 131.679321 470.887146 -0.000061
vertex 118.154053 470.782471 -0.000061
vertex 118.309814 467.194092 -0.000061
endloop
endfacet
facet normal -0.000000 0.000000 1.000000
outer loop
vertex 129.820312 467.358582 -0.000061
vertex 132.358398 419.363892 -0.000057
vertex 131.679321 470.887146 -0.000061
endloop
endfacet
facet normal -0.000000 0.000000 1.000000
outer loop
vertex 131.679321 470.887146 -0.000061
vertex 118.309814 467.194092 -0.000061
vertex 129.820312 467.358582 -0.000061
endloop
endfacet
facet normal 0.000000 0.000000 1.000000
outer loop
vertex 206.152100 463.919678 -0.000061
vertex 206.263428 432.865173 -0.000058
vertex 211.907349 432.865173 -0.000058
endloop
endfacet
facet normal 0.000000 0.000000 1.000000
outer loop
vertex 206.152100 463.919678 -0.000061
vertex 211.907349 432.865173 -0.000058
vertex 211.606689 463.919678 -0.000061
endloop
endfacet
facet normal 0.000000 0.000000 1.000000
outer loop
vertex 233.959717 -320.425720 19.999998
vertex 216.449097 -320.709778 19.999998
vertex 216.716309 -343.135376 20.000000
endloop
endfacet
facet normal 0.000000 0.000000 1.000000
outer loop
vertex 233.959717 -320.425720 19.999998
vertex 216.716309 -343.135376 20.000000
vertex 234.226807 -342.926056 20.000000
endloop
endfacet
facet normal -0.016220 0.999868 0.000000
outer loop
vertex 216.449097 -320.709778 -0.000001
vertex 216.449097 -320.709778 19.999998
vertex 233.959717 -320.425720 19.999998
endloop
endfacet
facet normal -0.016220 0.999868 0.000000
outer loop
vertex 216.449097 -320.709778 -0.000001
vertex 233.959717 -320.425720 19.999998
vertex 233.959717 -320.425720 -0.000001
endloop
endfacet
facet normal -0.999929 -0.011914 0.000000
outer loop
vertex 216.716309 -343.135376 0.000000
vertex 216.716309 -343.135376 20.000000
vertex 216.449097 -320.709778 19.999998
endloop
endfacet
facet normal -0.999929 -0.011914 0.000000
outer loop
vertex 216.716309 -343.135376 0.000000
vertex 216.449097 -320.709778 19.999998
vertex 216.449097 -320.709778 -0.000001
endloop
endfacet
facet normal 0.011953 -0.999929 0.000000
outer loop
vertex 234.226807 -342.926056 0.000000
vertex 234.226807 -342.926056 20.000000
vertex 216.716309 -343.135376 20.000000
endloop
endfacet
facet normal 0.011953 -0.999929 0.000000
outer loop
vertex 234.226807 -342.926056 0.000000
vertex 216.716309 -343.135376 20.000000
vertex 216.716309 -343.135376 0.000000
endloop
endfacet
facet normal 0.999930 0.011870 0.000000
outer loop
vertex 233.959717 -320.425720 -0.000001
vertex 233.959717 -320.425720 19.999998
vertex 234.226807 -342.926056 20.000000
endloop
endfacet
facet normal 0.999930 0.011867 0.000000
outer loop
vertex 233.959717 -320.425720 -0.000001
vertex 234.226807 -342.926056 20.000000
vertex 234.226807 -342.926056 0.000000
endloop
endfacet
facet normal -0.000000 0.000000 1.000000
outer loop
vertex -430.205811 14.828033 35.999973
vertex -431.241089 91.137909 35.999969
vertex -439.912842 91.108002 35.999969
endloop
endfacet
facet normal 0.000001 -0.000000 1.000000
outer loop
vertex -430.205811 14.828033 35.999973
vertex -439.912842 91.108002 35.999969
vertex -439.601196 67.918945 35.999969
endloop
endfacet
facet normal -0.000001 0.000000 1.000000
outer loop
vertex -441.059448 146.397125 35.999962
vertex -432.332031 146.501801 35.999962
vertex -433.411743 176.822754 35.999962
endloop
endfacet
facet normal 0.000002 0.000000 1.000000
outer loop
vertex -441.304321 164.263763 35.999962
vertex -441.059448 146.397125 35.999962
vertex -433.411743 176.822754 35.999962
endloop
endfacet
facet normal -0.003449 0.999994 0.000000
outer loop
vertex -439.912842 91.108002 -0.000032
vertex -439.912842 91.108002 35.999969
vertex -431.241089 91.137909 35.999969
endloop
endfacet
facet normal -0.003449 0.999994 0.000000
outer loop
vertex -439.912842 91.108002 -0.000032
vertex -431.241089 91.137909 35.999969
vertex -431.241089 91.137909 -0.000032
endloop
endfacet
facet normal -0.999910 -0.013440 0.000000
outer loop
vertex -439.601196 67.918945 -0.000031
vertex -439.601196 67.918945 35.999969
vertex -439.912842 91.108002 35.999969
endloop
endfacet
facet normal -0.999910 -0.013438 0.000000
outer loop
vertex -439.601196 67.918945 -0.000031
vertex -439.912842 91.108002 35.999969
vertex -439.912842 91.108002 -0.000032
endloop
endfacet
facet normal -0.015709 0.999877 0.000000
outer loop
vertex -471.004395 67.425568 -0.000031
vertex -471.004395 67.425568 35.999969
vertex -439.601196 67.918945 35.999969
endloop
endfacet
facet normal -0.015709 0.999877 0.000000
outer loop
vertex -471.004395 67.425568 -0.000031
vertex -439.601196 67.918945 35.999969
vertex -439.601196 67.918945 -0.000031
endloop
endfacet
facet normal -0.015186 0.999885 0.000000
outer loop
vertex -502.507812 66.947113 -0.000031
vertex -502.507812 66.947113 35.999969
vertex -471.004395 67.425568 35.999969
endloop
endfacet
facet normal -0.015186 0.999885 0.000000
outer loop
vertex -502.507812 66.947113 -0.000031
vertex -471.004395 67.425568 35.999969
vertex -471.004395 67.425568 -0.000031
endloop
endfacet
facet normal 0.013757 -0.999905 0.000000
outer loop
vertex -472.106445 163.875031 -0.000038
vertex -472.106445 163.875031 35.999962
vertex -503.620972 163.441437 35.999962
endloop
endfacet
facet normal 0.013757 -0.999905 0.000000
outer loop
vertex -472.106445 163.875031 -0.000038
vertex -503.620972 163.441437 35.999962
vertex -503.620972 163.441437 -0.000038
endloop
endfacet
facet normal 0.012619 -0.999920 0.000000
outer loop
vertex -441.304321 164.263763 -0.000038
vertex -441.304321 164.263763 35.999962
vertex -472.106445 163.875031 35.999962
endloop
endfacet
facet normal 0.012619 -0.999920 0.000000
outer loop
vertex -441.304321 164.263763 -0.000038
vertex -472.106445 163.875031 35.999962
vertex -472.106445 163.875031 -0.000038
endloop
endfacet
facet normal -0.999906 -0.013703 0.000000
outer loop
vertex -441.059448 146.397125 -0.000037
vertex -441.059448 146.397125 35.999962
vertex -441.304321 164.263763 35.999962
endloop
endfacet
facet normal -0.999906 -0.013703 0.000000
outer loop
vertex -441.059448 146.397125 -0.000037
vertex -441.304321 164.263763 35.999962
vertex -441.304321 164.263763 -0.000038
endloop
endfacet
facet normal 0.011993 -0.999928 0.000000
outer loop
vertex -432.332031 146.501801 -0.000037
vertex -432.332031 146.501801 35.999962
vertex -441.059448 146.397125 35.999962
endloop
endfacet
facet normal 0.011993 -0.999928 0.000000
outer loop
vertex -432.332031 146.501801 -0.000037
vertex -441.059448 146.397125 35.999962
vertex -441.059448 146.397125 -0.000037
endloop
endfacet
facet normal 0.999367 0.035586 0.000000
outer loop
vertex -433.411743 176.822754 -0.000039
vertex -433.411743 176.822754 35.999962
vertex -432.332031 146.501801 35.999962
endloop
endfacet
facet normal 0.999367 0.035585 0.000000
outer loop
vertex -433.411743 176.822754 -0.000039
vertex -432.332031 146.501801 35.999962
vertex -432.332031 146.501801 -0.000037
endloop
endfacet
facet normal 0.999908 0.013566 0.000000
outer loop
vertex -431.241089 91.137909 -0.000032
vertex -431.241089 91.137909 35.999969
vertex -430.205811 14.828033 35.999973
endloop
endfacet
facet normal 0.999908 0.013565 0.000000
outer loop
vertex -431.241089 91.137909 -0.000032
vertex -430.205811 14.828033 35.999973
vertex -430.205811 14.828033 -0.000027
endloop
endfacet
facet normal 0.000000 0.000000 1.000000
outer loop
vertex -415.567261 -393.936584 0.000004
vertex -455.531006 -390.169128 0.000004
vertex -427.745605 -440.416931 0.000008
endloop
endfacet
facet normal 0.000000 0.000000 1.000000
outer loop
vertex -427.745605 -440.416931 0.000008
vertex -425.341064 -441.612946 0.000008
vertex -423.626831 -441.612946 0.000008
endloop
endfacet
facet normal -0.000000 0.000000 1.000000
outer loop
vertex -423.626831 -441.612946 0.000008
vertex -422.090576 -441.104645 0.000008
vertex -421.400391 -438.697662 0.000008
endloop
endfacet
facet normal 0.000004 -0.000000 1.000000
outer loop
vertex -421.400391 -438.697662 0.000008
vertex -420.710205 -434.750793 0.000007
vertex -415.567261 -393.936584 0.000004
endloop
endfacet
facet normal 0.000000 0.000000 1.000000
outer loop
vertex -415.567261 -393.936584 0.000004
vertex -427.745605 -440.416931 0.000008
vertex -423.626831 -441.612946 0.000008
endloop
endfacet
facet normal -0.000000 0.000000 1.000000
outer loop
vertex -423.626831 -441.612946 0.000008
vertex -421.400391 -438.697662 0.000008
vertex -415.567261 -393.936584 0.000004
endloop
endfacet
facet normal -0.000000 0.000000 1.000000
outer loop
vertex -499.880615 -389.346863 20.000004
vertex -499.925171 -387.821930 20.000004
vertex -510.044067 -388.135864 20.000004
endloop
endfacet
facet normal -0.000000 0.000000 1.000000
outer loop
vertex -510.044067 -388.135864 20.000004
vertex -509.810303 -395.880127 20.000004
vertex -499.691406 -395.566162 20.000004
endloop
endfacet
facet normal 0.000000 0.000000 1.000000
outer loop
vertex -510.044067 -388.135864 20.000004
vertex -499.691406 -395.566162 20.000004
vertex -499.880615 -389.346863 20.000004
endloop
endfacet
facet normal 0.031013 -0.999519 0.000000
outer loop
vertex -499.691406 -395.566162 0.000004
vertex -499.691406 -395.566162 20.000004
vertex -509.810303 -395.880127 20.000004
endloop
endfacet
facet normal 0.999538 0.030401 0.000000
outer loop
vertex -499.880615 -389.346863 0.000004
vertex -499.880615 -389.346863 20.000004
vertex -499.691406 -395.566162 20.000004
endloop
endfacet
facet normal 0.999537 0.030417 0.000000
outer loop
vertex -499.880615 -389.346863 0.000004
vertex -499.691406 -395.566162 20.000004
vertex -499.691406 -395.566162 0.000004
endloop
endfacet
facet normal 0.999572 0.029254 0.000000
outer loop
vertex -499.925171 -387.821930 0.000004
vertex -499.925171 -387.821930 20.000004
vertex -499.880615 -389.346863 20.000004
endloop
endfacet
facet normal 0.999574 0.029190 0.000000
outer loop
vertex -499.925171 -387.821930 0.000004
vertex -499.880615 -389.346863 20.000004
vertex -499.880615 -389.346863 0.000004
endloop
endfacet
facet normal -0.000000 0.000000 1.000000
outer loop
vertex 369.791748 -394.908356 0.000004
vertex 329.327148 -395.805359 0.000004
vertex 329.627686 -414.194214 0.000006
endloop
endfacet
facet normal -0.000000 0.000000 1.000000
outer loop
vertex 369.791748 -394.908356 0.000004
vertex 329.627686 -414.194214 0.000006
vertex 370.159058 -413.461639 0.000006
endloop
endfacet
facet normal -0.000000 0.000000 1.000000
outer loop
vertex 415.933655 -505.225891 0.000013
vertex 415.744446 -494.327271 0.000012
vertex 380.411621 -494.925262 0.000012
endloop
endfacet
facet normal -0.000000 0.000000 1.000000
outer loop
vertex 380.411621 -494.925262 0.000012
vertex 376.047913 -495.000000 0.000012
vertex 376.203735 -514.823853 0.000013
endloop
endfacet
facet normal 0.000000 0.000000 1.000000
outer loop
vertex 396.853516 -514.375366 0.000013
vertex 416.089539 -513.971680 0.000013
vertex 415.933655 -505.225891 0.000013
endloop
endfacet
facet normal -0.000000 0.000000 1.000000
outer loop
vertex 380.411621 -494.925262 0.000012
vertex 376.203735 -514.823853 0.000013
vertex 396.853516 -514.375366 0.000013
endloop
endfacet
facet normal -0.000000 0.000000 1.000000
outer loop
vertex 380.411621 -494.925262 0.000012
vertex 396.853516 -514.375366 0.000013
vertex 415.933655 -505.225891 0.000013
endloop
endfacet
facet normal 0.000000 0.000000 1.000000
outer loop
vertex -432.332031 146.501801 35.999962
vertex -441.059448 146.397125 35.999962
vertex -440.781128 132.911224 35.999966
endloop
endfacet
facet normal 0.000000 0.000000 1.000000
outer loop
vertex -440.113159 100.871033 35.999966
vertex -439.912842 91.108002 35.999969
vertex -431.241089 91.137909 35.999969
endloop
endfacet
facet normal 0.000001 0.000000 1.000000
outer loop
vertex -432.332031 146.501801 35.999962
vertex -440.781128 132.911224 35.999966
vertex -440.113159 100.871033 35.999966
endloop
endfacet
facet normal 0.000000 0.000000 1.000000
outer loop
vertex -423.949585 91.436920 35.999966
vertex -425.419067 146.501801 35.999962
vertex -432.332031 146.501801 35.999962
endloop
endfacet
facet normal 0.000001 0.000001 1.000000
outer loop
vertex -440.113159 100.871033 35.999966
vertex -431.241089 91.137909 35.999969
vertex -423.949585 91.436920 35.999966
endloop
endfacet
facet normal 0.000000 0.000000 1.000000
outer loop
vertex -440.113159 100.871033 35.999966
vertex -423.949585 91.436920 35.999966
vertex -432.332031 146.501801 35.999962
endloop
endfacet
facet normal -0.999787 -0.020632 0.000000
outer loop
vertex -440.781128 132.911224 -0.000036
vertex -440.781128 132.911224 35.999966
vertex -441.059448 146.397125 35.999962
endloop
endfacet
facet normal -0.999787 -0.020642 0.000000
outer loop
vertex -440.781128 132.911224 -0.000036
vertex -441.059448 146.397125 35.999962
vertex -441.059448 146.397125 -0.000037
endloop
endfacet
facet normal -0.999783 -0.020843 0.000000
outer loop
vertex -440.113159 100.871033 -0.000033
vertex -440.113159 100.871033 35.999966
vertex -440.781128 132.911224 35.999966
endloop
endfacet
facet normal -0.999783 -0.020842 0.000000
outer loop
vertex -440.113159 100.871033 -0.000033
vertex -440.781128 132.911224 35.999966
vertex -440.781128 132.911224 -0.000036
endloop
endfacet
facet normal -0.999789 -0.020516 0.000000
outer loop
vertex -439.912842 91.108002 -0.000032
vertex -439.912842 91.108002 35.999969
vertex -440.113159 100.871033 35.999966
endloop
endfacet
facet normal -0.999789 -0.020523 0.000000
outer loop
vertex -439.912842 91.108002 -0.000032
vertex -440.113159 100.871033 35.999966
vertex -440.113159 100.871033 -0.000033
endloop
endfacet
facet normal 0.003449 -0.999994 0.000000
outer loop
vertex -431.241089 91.137909 -0.000032
vertex -431.241089 91.137909 35.999969
vertex -439.912842 91.108002 35.999969
endloop
endfacet
facet normal 0.003449 -0.999994 0.000000
outer loop
vertex -431.241089 91.137909 -0.000032
vertex -439.912842 91.108002 35.999969
vertex -439.912842 91.108002 -0.000032
endloop
endfacet
facet normal 0.040974 -0.999160 0.000000
outer loop
vertex -423.949585 91.436920 -0.000032
vertex -423.949585 91.436920 35.999966
vertex -431.241089 91.137909 35.999969
endloop
endfacet
facet normal 0.040973 -0.999160 0.000000
outer loop
vertex -423.949585 91.436920 -0.000032
vertex -431.241089 91.137909 35.999969
vertex -431.241089 91.137909 -0.000032
endloop
endfacet
facet normal 0.999644 0.026676 0.000000
outer loop
vertex -425.419067 146.501801 -0.000037
vertex -425.419067 146.501801 35.999962
vertex -423.949585 91.436920 35.999966
endloop
endfacet
facet normal 0.999644 0.026678 0.000000
outer loop
vertex -425.419067 146.501801 -0.000037
vertex -423.949585 91.436920 35.999966
vertex -423.949585 91.436920 -0.000032
endloop
endfacet
facet normal 0.000000 1.000000 0.000000
outer loop
vertex -432.332031 146.501801 -0.000037
vertex -432.332031 146.501801 35.999962
vertex -425.419067 146.501801 35.999962
endloop
endfacet
facet normal 0.000000 1.000000 0.000000
outer loop
vertex -432.332031 146.501801 -0.000037
vertex -425.419067 146.501801 35.999962
vertex -425.419067 146.501801 -0.000037
endloop
endfacet
facet normal -0.011993 0.999928 0.000000
outer loop
vertex -441.059448 146.397125 -0.000037
vertex -441.059448 146.397125 35.999962
vertex -432.332031 146.501801 35.999962
endloop
endfacet
facet normal -0.011993 0.999928 0.000000
outer loop
vertex -441.059448 146.397125 -0.000037
vertex -432.332031 146.501801 35.999962
vertex -432.332031 146.501801 -0.000037
endloop
endfacet
facet normal 0.000000 0.000000 1.000000
outer loop
vertex -480.956299 -413.566284 0.000006
vertex -491.587402 -395.835266 0.000004
vertex -505.769409 -404.102783 0.000005
endloop
endfacet
facet normal 0.000000 0.000000 1.000000
outer loop
vertex -505.769409 -404.102783 0.000005
vertex -501.049561 -410.994873 0.000005
vertex -496.118042 -408.244019 0.000005
endloop
endfacet
facet normal -0.000000 0.000000 1.000000
outer loop
vertex -496.118042 -408.244019 0.000005
vertex -464.993164 -459.254181 0.000009
vertex -457.902100 -455.516632 0.000009
endloop
endfacet
facet normal 0.000001 0.000000 1.000000
outer loop
vertex -457.902100 -455.516632 0.000009
vertex -466.173096 -437.396973 0.000007
vertex -471.037720 -429.563049 0.000007
endloop
endfacet
facet normal -0.000000 -0.000001 1.000000
outer loop
vertex -480.956299 -413.566284 0.000006
vertex -505.769409 -404.102783 0.000005
vertex -496.118042 -408.244019 0.000005
endloop
endfacet
facet normal -0.000000 0.000000 1.000000
outer loop
vertex -496.118042 -408.244019 0.000005
vertex -457.902100 -455.516632 0.000009
vertex -471.037720 -429.563049 0.000007
endloop
endfacet
facet normal -0.000000 0.000000 1.000000
outer loop
vertex -496.118042 -408.244019 0.000005
vertex -471.037720 -429.563049 0.000007
vertex -480.956299 -413.566284 0.000006
endloop
endfacet
facet normal -0.000000 0.000000 1.000000
outer loop
vertex -349.799683 -398.481476 0.000005
vertex -368.612671 -396.836945 0.000004
vertex -298.370117 -452.885406 0.000009
endloop
endfacet
facet normal -0.000000 0.000000 1.000000
outer loop
vertex -298.370117 -452.885406 0.000009
vertex -299.405396 -439.519897 0.000008
vertex -304.203247 -427.335480 0.000007
endloop
endfacet
facet normal -0.000000 0.000000 1.000000
outer loop
vertex -304.203247 -427.335480 0.000007
vertex -310.993774 -417.737427 0.000006
vertex -320.500366 -409.679230 0.000005
endloop
endfacet
facet normal -0.000000 0.000000 1.000000
outer loop
vertex -320.500366 -409.679230 0.000005
vertex -333.680664 -402.652588 0.000005
vertex -349.799683 -398.481476 0.000005
endloop
endfacet
facet normal 0.000000 0.000000 1.000000
outer loop
vertex -349.799683 -398.481476 0.000005
vertex -298.370117 -452.885406 0.000009
vertex -304.203247 -427.335480 0.000007
endloop
endfacet
facet normal 0.000000 0.000000 1.000000
outer loop
vertex -304.203247 -427.335480 0.000007
vertex -320.500366 -409.679230 0.000005
vertex -349.799683 -398.481476 0.000005
endloop
endfacet
facet normal -0.000000 0.000000 1.000000
outer loop
vertex -286.525757 -434.870392 0.000007
vertex -284.410645 -445.141205 0.000008
vertex -265.319336 -444.752502 0.000008
endloop
endfacet
facet normal -0.000000 0.000000 1.000000
outer loop
vertex -291.145508 -422.072998 0.000006
vertex -286.525757 -434.870392 0.000007
vertex -265.319336 -444.752502 0.000008
endloop
endfacet
facet normal -0.000002 -0.000001 1.000000
outer loop
vertex -307.631836 -401.785492 0.000005
vertex -300.952759 -409.155975 0.000005
vertex -297.323730 -412.474915 0.000006
endloop
endfacet
facet normal -0.000000 -0.000000 1.000000
outer loop
vertex -297.323730 -412.474915 0.000006
vertex -291.145508 -422.072998 0.000006
vertex -265.319336 -444.752502 0.000008
endloop
endfacet
facet normal 0.000001 0.000001 1.000000
outer loop
vertex -307.631836 -401.785492 0.000005
vertex -297.323730 -412.474915 0.000006
vertex -265.319336 -444.752502 0.000008
endloop
endfacet
facet normal 0.000001 0.000000 1.000000
outer loop
vertex -306.607788 -397.330292 0.000004
vertex -308.155151 -399.214050 0.000005
vertex -307.631836 -401.785492 0.000005
endloop
endfacet
facet normal -0.000000 0.000000 1.000000
outer loop
vertex -274.714722 -397.674164 0.000004
vertex -303.969482 -396.836945 0.000004
vertex -306.607788 -397.330292 0.000004
endloop
endfacet
facet normal -0.000000 -0.000000 1.000000
outer loop
vertex -257.727417 -402.637665 0.000005
vertex -264.762817 -399.557892 0.000005
vertex -274.714722 -397.674164 0.000004
endloop
endfacet
facet normal 0.000001 0.000001 1.000000
outer loop
vertex -254.198486 -413.596191 0.000006
vertex -255.512085 -410.262299 0.000005
vertex -259.552979 -404.835327 0.000005
endloop
endfacet
facet normal -0.000000 0.000000 1.000000
outer loop
vertex -259.552979 -404.835327 0.000005
vertex -257.727417 -402.637665 0.000005
vertex -274.714722 -397.674164 0.000004
endloop
endfacet
facet normal 0.000000 0.000000 1.000000
outer loop
vertex -274.714722 -397.674164 0.000004
vertex -306.607788 -397.330292 0.000004
vertex -307.631836 -401.785492 0.000005
endloop
endfacet
facet normal 0.000000 0.000000 1.000000
outer loop
vertex -274.714722 -397.674164 0.000004
vertex -307.631836 -401.785492 0.000005
vertex -265.319336 -444.752502 0.000008
endloop
endfacet
facet normal -0.000000 0.000000 1.000000
outer loop
vertex -254.198486 -413.596191 0.000006
vertex -259.552979 -404.835327 0.000005
vertex -274.714722 -397.674164 0.000004
endloop
endfacet
facet normal 0.000000 0.000000 1.000000
outer loop
vertex -259.319214 -521.446777 0.000014
vertex -253.942505 -511.893646 0.000013
vertex -254.198486 -413.596191 0.000006
endloop
endfacet
facet normal 0.000000 0.000000 1.000000
outer loop
vertex -330.574829 -527.053040 0.000014
vertex -268.269287 -525.318848 0.000014
vertex -259.319214 -521.446777 0.000014
endloop
endfacet
facet normal 0.000000 0.000000 1.000000
outer loop
vertex -373.755615 -526.679321 0.000014
vertex -371.596069 -528.189270 0.000014
vertex -330.574829 -527.053040 0.000014
endloop
endfacet
facet normal 0.000000 0.000000 1.000000
outer loop
vertex -343.131714 -522.672668 0.000014
vertex -349.911011 -518.606262 0.000014
vertex -349.577026 -523.360352 0.000014
endloop
endfacet
facet normal -0.000000 0.000000 1.000000
outer loop
vertex -349.577026 -523.360352 0.000014
vertex -373.755615 -526.679321 0.000014
vertex -330.574829 -527.053040 0.000014
endloop
endfacet
facet normal -0.000000 0.000000 1.000000
outer loop
vertex -254.198486 -413.596191 0.000006
vertex -274.714722 -397.674164 0.000004
vertex -265.319336 -444.752502 0.000008
endloop
endfacet
facet normal -0.000000 0.000000 1.000000
outer loop
vertex -254.198486 -413.596191 0.000006
vertex -265.319336 -444.752502 0.000008
vertex -264.428833 -505.360474 0.000013
endloop
endfacet
facet normal 0.000000 0.000000 1.000000
outer loop
vertex -349.577026 -523.360352 0.000014
vertex -330.574829 -527.053040 0.000014
vertex -259.319214 -521.446777 0.000014
endloop
endfacet
facet normal 0.000000 0.000000 1.000000
outer loop
vertex -270.250854 -521.357056 0.000014
vertex -343.131714 -522.672668 0.000014
vertex -349.577026 -523.360352 0.000014
endloop
endfacet
facet normal 0.000001 -0.000000 1.000000
outer loop
vertex -254.198486 -413.596191 0.000006
vertex -264.428833 -505.360474 0.000013
vertex -264.606934 -514.405273 0.000013
endloop
endfacet
facet normal 0.000000 0.000000 1.000000
outer loop
vertex -270.250854 -521.357056 0.000014
vertex -349.577026 -523.360352 0.000014
vertex -259.319214 -521.446777 0.000014
endloop
endfacet
facet normal -0.000000 0.000000 1.000000
outer loop
vertex -259.319214 -521.446777 0.000014
vertex -254.198486 -413.596191 0.000006
vertex -264.606934 -514.405273 0.000013
endloop
endfacet
facet normal 0.000000 0.000000 1.000000
outer loop
vertex -264.606934 -514.405273 0.000013
vertex -270.250854 -521.357056 0.000014
vertex -259.319214 -521.446777 0.000014
endloop
endfacet
facet normal 0.000000 0.000000 1.000000
outer loop
vertex -357.725708 -513.478394 0.000013
vertex -361.543945 -518.621216 0.000014
vertex -355.176392 -519.009888 0.000014
endloop
endfacet
facet normal -0.000000 0.000000 1.000000
outer loop
vertex -355.176392 -519.009888 0.000014
vertex -349.844238 -517.709229 0.000014
vertex -337.632446 -511.340515 0.000013
endloop
endfacet
facet normal 0.000000 -0.000000 1.000000
outer loop
vertex -337.632446 -511.340515 0.000013
vertex -324.763916 -503.162781 0.000012
vertex -311.505859 -491.591370 0.000012
endloop
endfacet
facet normal 0.000000 0.000000 1.000000
outer loop
vertex -311.505859 -491.591370 0.000012
vertex -304.091919 -482.501709 0.000011
vertex -297.468384 -471.318970 0.000010
endloop
endfacet
facet normal 0.000000 0.000000 1.000000
outer loop
vertex -297.468384 -471.318970 0.000010
vertex -291.702026 -452.960144 0.000009
vertex -298.370117 -452.885406 0.000009
endloop
endfacet
facet normal 0.000000 0.000000 1.000000
outer loop
vertex -297.468384 -471.318970 0.000010
vertex -298.370117 -452.885406 0.000009
vertex -302.021362 -452.347198 0.000009
endloop
endfacet
facet normal 0.000000 -0.000000 1.000000
outer loop
vertex -355.176392 -519.009888 0.000014
vertex -337.632446 -511.340515 0.000013
vertex -311.505859 -491.591370 0.000012
endloop
endfacet
facet normal -0.000000 0.000000 1.000000
outer loop
vertex -346.148438 -509.531555 0.000013
vertex -357.725708 -513.478394 0.000013
vertex -355.176392 -519.009888 0.000014
endloop
endfacet
facet normal 0.000000 0.000000 1.000000
outer loop
vertex -336.007202 -506.167755 0.000013
vertex -336.652832 -505.061462 0.000013
vertex -346.148438 -509.531555 0.000013
endloop
endfacet
facet normal -0.000000 0.000001 1.000000
outer loop
vertex -326.867920 -498.812317 0.000012
vertex -333.313354 -503.073090 0.000012
vertex -332.689941 -504.284058 0.000013
endloop
endfacet
facet normal -0.000000 0.000000 1.000000
outer loop
vertex -336.007202 -506.167755 0.000013
vertex -346.148438 -509.531555 0.000013
vertex -355.176392 -519.009888 0.000014
endloop
endfacet
facet normal -0.000001 0.000001 1.000000
outer loop
vertex -317.149658 -490.380432 0.000011
vertex -326.867920 -498.812317 0.000012
vertex -332.689941 -504.284058 0.000013
endloop
endfacet
facet normal -0.000000 0.000001 1.000000
outer loop
vertex -332.689941 -504.284058 0.000013
vertex -336.007202 -506.167755 0.000013
vertex -355.176392 -519.009888 0.000014
endloop
endfacet
facet normal -0.000000 0.000000 1.000000
outer loop
vertex -297.468384 -471.318970 0.000010
vertex -302.021362 -452.347198 0.000009
vertex -375.447754 -415.958344 0.000006
endloop
endfacet
facet normal 0.000000 0.000000 1.000000
outer loop
vertex -376.627686 -468.523315 0.000010
vertex -385.611206 -468.508362 0.000010
vertex -384.720581 -512.342163 0.000013
endloop
endfacet
facet normal 0.000000 -0.000000 1.000000
outer loop
vertex -332.689941 -504.284058 0.000013
vertex -355.176392 -519.009888 0.000014
vertex -311.505859 -491.591370 0.000012
endloop
endfacet
facet normal 0.000000 0.000000 1.000000
outer loop
vertex -315.257324 -489.976776 0.000011
vertex -316.014282 -489.214294 0.000011
vertex -317.149658 -490.380432 0.000011
endloop
endfacet
facet normal -0.000000 0.000000 1.000000
outer loop
vertex -317.149658 -490.380432 0.000011
vertex -332.689941 -504.284058 0.000013
vertex -311.505859 -491.591370 0.000012
endloop
endfacet
facet normal 0.000000 0.000000 1.000000
outer loop
vertex -376.627686 -468.523315 0.000010
vertex -384.720581 -512.342163 0.000013
vertex -382.805908 -516.259094 0.000013
endloop
endfacet
facet normal -0.000000 0.000000 1.000000
outer loop
vertex -382.805908 -516.259094 0.000013
vertex -379.388428 -516.588013 0.000013
vertex -375.748291 -512.357117 0.000013
endloop
endfacet
facet normal 0.000000 0.000000 1.000000
outer loop
vertex -375.748291 -512.357117 0.000013
vertex -372.854004 -514.764038 0.000013
vertex -371.429077 -512.760742 0.000013
endloop
endfacet
facet normal 0.000000 0.000000 1.000000
outer loop
vertex -369.993042 -499.649506 0.000012
vertex -368.111816 -485.312317 0.000011
vertex -369.336304 -485.132935 0.000011
endloop
endfacet
facet normal 0.000000 0.000000 1.000000
outer loop
vertex -375.748291 -512.357117 0.000013
vertex -371.429077 -512.760742 0.000013
vertex -369.993042 -499.649506 0.000012
endloop
endfacet
facet normal -0.000000 0.000000 1.000000
outer loop
vertex -376.627686 -468.523315 0.000010
vertex -382.805908 -516.259094 0.000013
vertex -375.748291 -512.357117 0.000013
endloop
endfacet
facet normal -0.000000 0.000000 1.000000
outer loop
vertex -315.257324 -489.976776 0.000011
vertex -317.149658 -490.380432 0.000011
vertex -311.505859 -491.591370 0.000012
endloop
endfacet
facet normal 0.000000 0.000000 1.000000
outer loop
vertex -311.706177 -483.996704 0.000011
vertex -313.676514 -486.493408 0.000011
vertex -312.741455 -487.285767 0.000011
endloop
endfacet
facet normal -0.000000 0.000000 1.000000
outer loop
vertex -312.741455 -487.285767 0.000011
vertex -315.257324 -489.976776 0.000011
vertex -311.505859 -491.591370 0.000012
endloop
endfacet
facet normal 0.000000 0.000000 1.000000
outer loop
vertex -375.447754 -415.958344 0.000006
vertex -376.627686 -468.523315 0.000010
vertex -375.748291 -512.357117 0.000013
endloop
endfacet
facet normal 0.000000 0.000000 1.000000
outer loop
vertex -375.748291 -512.357117 0.000013
vertex -369.993042 -499.649506 0.000012
vertex -369.336304 -485.132935 0.000011
endloop
endfacet
facet normal 0.000000 0.000000 1.000000
outer loop
vertex -368.857666 -481.455200 0.000011
vertex -367.633057 -481.679443 0.000011
vertex -365.495728 -465.413666 0.000010
endloop
endfacet
facet normal 0.000001 -0.000000 1.000000
outer loop
vertex -375.748291 -512.357117 0.000013
vertex -369.336304 -485.132935 0.000011
vertex -368.857666 -481.455200 0.000011
endloop
endfacet
facet normal -0.000000 0.000000 1.000000
outer loop
vertex -312.741455 -487.285767 0.000011
vertex -311.505859 -491.591370 0.000012
vertex -297.468384 -471.318970 0.000010
endloop
endfacet
facet normal 0.000000 0.000000 1.000000
outer loop
vertex -308.433350 -480.139587 0.000011
vertex -311.706177 -483.996704 0.000011
vertex -312.741455 -487.285767 0.000011
endloop
endfacet
facet normal -0.000000 0.000000 1.000000
outer loop
vertex -322.760254 -461.945221 0.000009
vertex -323.528320 -462.931946 0.000009
vertex -305.817383 -476.656189 0.000010
endloop
endfacet
facet normal 0.000002 -0.000001 1.000000
outer loop
vertex -305.817383 -476.656189 0.000010
vertex -308.433350 -480.139587 0.000011
vertex -312.741455 -487.285767 0.000011
endloop
endfacet
facet normal -0.000000 0.000000 1.000000
outer loop
vertex -375.447754 -415.958344 0.000006
vertex -375.748291 -512.357117 0.000013
vertex -368.857666 -481.455200 0.000011
endloop
endfacet
facet normal 0.000000 0.000000 1.000000
outer loop
vertex -368.857666 -481.455200 0.000011
vertex -365.495728 -465.413666 0.000010
vertex -366.976318 -465.144562 0.000010
endloop
endfacet
facet normal 0.000000 0.000000 1.000000
outer loop
vertex -366.497681 -461.511658 0.000009
vertex -365.005981 -461.676117 0.000009
vertex -361.332397 -433.629517 0.000007
endloop
endfacet
facet normal -0.000000 0.000000 1.000000
outer loop
vertex -375.447754 -415.958344 0.000006
vertex -368.857666 -481.455200 0.000011
vertex -366.976318 -465.144562 0.000010
endloop
endfacet
facet normal 0.000001 0.000000 1.000000
outer loop
vertex -375.447754 -415.958344 0.000006
vertex -366.976318 -465.144562 0.000010
vertex -366.497681 -461.511658 0.000009
endloop
endfacet
facet normal -0.000000 0.000000 1.000000
outer loop
vertex -305.817383 -476.656189 0.000010
vertex -312.741455 -487.285767 0.000011
vertex -297.468384 -471.318970 0.000010
endloop
endfacet
facet normal -0.000000 0.000000 1.000000
outer loop
vertex -322.760254 -461.945221 0.000009
vertex -305.817383 -476.656189 0.000010
vertex -297.468384 -471.318970 0.000010
endloop
endfacet
facet normal 0.000000 0.000000 1.000000
outer loop
vertex -375.447754 -415.958344 0.000006
vertex -366.497681 -461.511658 0.000009
vertex -361.332397 -433.629517 0.000007
endloop
endfacet
facet normal -0.000000 0.000000 1.000000
outer loop
vertex -361.332397 -433.629517 0.000007
vertex -344.389648 -446.755829 0.000008
vertex -343.699463 -445.784058 0.000008
endloop
endfacet
facet normal -0.000000 0.000000 1.000000
outer loop
vertex -340.938721 -447.772430 0.000008
vertex -341.684570 -448.863800 0.000008
vertex -326.110962 -460.928589 0.000009
endloop
endfacet
facet normal -0.000000 0.000000 1.000000
outer loop
vertex -375.447754 -415.958344 0.000006
vertex -361.332397 -433.629517 0.000007
vertex -343.699463 -445.784058 0.000008
endloop
endfacet
facet normal -0.000000 0.000000 1.000000
outer loop
vertex -340.938721 -447.772430 0.000008
vertex -326.110962 -460.928589 0.000009
vertex -325.276001 -459.911987 0.000009
endloop
endfacet
facet normal 0.000000 0.000000 1.000000
outer loop
vertex -375.447754 -415.958344 0.000006
vertex -343.699463 -445.784058 0.000008
vertex -340.938721 -447.772430 0.000008
endloop
endfacet
facet normal -0.000000 0.000000 1.000000
outer loop
vertex -322.760254 -461.945221 0.000009
vertex -297.468384 -471.318970 0.000010
vertex -375.447754 -415.958344 0.000006
endloop
endfacet
facet normal -0.000000 -0.000000 1.000000
outer loop
vertex -375.447754 -415.958344 0.000006
vertex -340.938721 -447.772430 0.000008
vertex -325.276001 -459.911987 0.000009
endloop
endfacet
facet normal 0.000001 0.000001 1.000000
outer loop
vertex -375.447754 -415.958344 0.000006
vertex -325.276001 -459.911987 0.000009
vertex -322.760254 -461.945221 0.000009
endloop
endfacet
facet normal -0.000000 0.000000 1.000000
outer loop
vertex -421.589600 -387.298645 0.000004
vertex -424.851318 -339.024017 0.000000
vertex -453.783203 -342.178558 0.000000
endloop
endfacet
facet normal 0.000000 0.000000 1.000000
outer loop
vertex -463.200928 -342.671906 0.000000
vertex -468.343872 -342.836365 0.000000
vertex -484.173462 -343.553986 0.000000
endloop
endfacet
facet normal -0.000000 0.000000 1.000000
outer loop
vertex -421.589600 -387.298645 0.000004
vertex -453.783203 -342.178558 0.000000
vertex -463.200928 -342.671906 0.000000
endloop
endfacet
facet normal 0.000000 0.000000 1.000000
outer loop
vertex -456.488281 -388.674072 0.000004
vertex -421.266846 -392.157501 0.000004
vertex -421.589600 -387.298645 0.000004
endloop
endfacet
facet normal -0.000000 0.000000 1.000000
outer loop
vertex -463.200928 -342.671906 0.000000
vertex -484.173462 -343.553986 0.000000
vertex -456.488281 -388.674072 0.000004
endloop
endfacet
facet normal -0.000000 0.000000 1.000000
outer loop
vertex -463.200928 -342.671906 0.000000
vertex -456.488281 -388.674072 0.000004
vertex -421.589600 -387.298645 0.000004
endloop
endfacet
facet normal 0.000000 0.000000 1.000000
outer loop
vertex -304.481567 -308.884003 -0.000002
vertex -368.835327 -339.562225 0.000000
vertex -327.135010 -340.414398 0.000000
endloop
endfacet
facet normal 0.000000 0.000000 1.000000
outer loop
vertex -327.135010 -340.414398 0.000000
vertex -307.130981 -338.022339 0.000000
vertex -295.041626 -333.253174 0.000000
endloop
endfacet
facet normal 0.000000 -0.000000 1.000000
outer loop
vertex -295.041626 -333.253174 0.000000
vertex -288.017456 -328.020538 -0.000001
vertex -282.351196 -320.410767 -0.000001
endloop
endfacet
facet normal 0.000000 0.000000 1.000000
outer loop
vertex -288.440430 -317.241302 -0.000002
vertex -304.481567 -308.884003 -0.000002
vertex -327.135010 -340.414398 0.000000
endloop
endfacet
facet normal -0.000000 0.000000 1.000000
outer loop
vertex -295.041626 -333.253174 0.000000
vertex -282.351196 -320.410767 -0.000001
vertex -288.440430 -317.241302 -0.000002
endloop
endfacet
facet normal -0.000000 0.000000 1.000000
outer loop
vertex -327.135010 -340.414398 0.000000
vertex -295.041626 -333.253174 0.000000
vertex -288.440430 -317.241302 -0.000002
endloop
endfacet
facet normal 0.000000 0.000000 1.000000
outer loop
vertex -286.826294 -343.852997 0.000000
vertex -300.262573 -350.565704 0.000001
vertex -262.191284 -352.509247 0.000001
endloop
endfacet
facet normal 0.000000 0.000000 1.000000
outer loop
vertex -262.191284 -352.509247 0.000001
vertex -254.577026 -350.864716 0.000001
vertex -255.322876 -346.977600 0.000001
endloop
endfacet
facet normal 0.000000 0.000000 1.000000
outer loop
vertex -257.270996 -345.931091 0.000001
vertex -253.241211 -339.367859 0.000000
vertex -254.799683 -250.263214 -0.000007
endloop
endfacet
facet normal -0.000000 0.000000 1.000000
outer loop
vertex -262.191284 -352.509247 0.000001
vertex -255.322876 -346.977600 0.000001
vertex -257.270996 -345.931091 0.000001
endloop
endfacet
facet normal -0.000000 0.000000 1.000000
outer loop
vertex -277.119263 -336.228302 0.000000
vertex -286.826294 -343.852997 0.000000
vertex -262.191284 -352.509247 0.000001
endloop
endfacet
facet normal -0.000000 0.000000 1.000000
outer loop
vertex -259.619751 -332.774750 0.000000
vertex -270.551392 -326.973999 -0.000001
vertex -277.119263 -336.228302 0.000000
endloop
endfacet
facet normal -0.000000 0.000000 1.000000
outer loop
vertex -256.257935 -250.203415 -0.000007
vertex -261.634644 -250.233307 -0.000007
vertex -259.619751 -332.774750 0.000000
endloop
endfacet
facet normal 0.000000 0.000000 1.000000
outer loop
vertex -257.270996 -345.931091 0.000001
vertex -254.799683 -250.263214 -0.000007
vertex -256.257935 -250.203415 -0.000007
endloop
endfacet
facet normal -0.000000 0.000000 1.000000
outer loop
vertex -277.119263 -336.228302 0.000000
vertex -262.191284 -352.509247 0.000001
vertex -257.270996 -345.931091 0.000001
endloop
endfacet
facet normal 0.000000 0.000000 1.000000
outer loop
vertex -257.270996 -345.931091 0.000001
vertex -256.257935 -250.203415 -0.000007
vertex -259.619751 -332.774750 0.000000
endloop
endfacet
facet normal -0.000000 0.000000 1.000000
outer loop
vertex -257.270996 -345.931091 0.000001
vertex -259.619751 -332.774750 0.000000
vertex -277.119263 -336.228302 0.000000
endloop
endfacet
facet normal -0.000000 0.000000 1.000000
outer loop
vertex -288.440430 -317.241302 -0.000002
vertex -282.351196 -320.410767 -0.000001
vertex -284.388428 -312.068451 -0.000002
endloop
endfacet
facet normal 0.000000 0.000000 1.000000
outer loop
vertex -284.388428 -312.068451 -0.000002
vertex -288.340210 -301.767609 -0.000003
vertex -295.754150 -288.536469 -0.000004
endloop
endfacet
facet normal 0.000000 0.000000 1.000000
outer loop
vertex -295.754150 -288.536469 -0.000004
vertex -304.526123 -277.443207 -0.000005
vertex -313.119995 -268.966309 -0.000005
endloop
endfacet
facet normal 0.000000 0.000001 1.000000
outer loop
vertex -313.119995 -268.966309 -0.000005
vertex -326.467163 -260.922913 -0.000006
vertex -334.014648 -257.125488 -0.000006
endloop
endfacet
facet normal 0.000000 0.000000 1.000000
outer loop
vertex -334.014648 -257.125488 -0.000006
vertex -339.647339 -259.622253 -0.000006
vertex -340.393188 -260.818268 -0.000006
endloop
endfacet
facet normal 0.000000 0.000000 1.000000
outer loop
vertex -334.014648 -257.125488 -0.000006
vertex -340.393188 -260.818268 -0.000006
vertex -334.960815 -262.971130 -0.000006
endloop
endfacet
facet normal -0.000000 0.000000 1.000000
outer loop
vertex -295.754150 -288.536469 -0.000004
vertex -313.119995 -268.966309 -0.000005
vertex -334.014648 -257.125488 -0.000006
endloop
endfacet
facet normal -0.000000 0.000000 1.000000
outer loop
vertex -288.440430 -317.241302 -0.000002
vertex -284.388428 -312.068451 -0.000002
vertex -295.754150 -288.536469 -0.000004
endloop
endfacet
facet normal 0.000001 0.000000 1.000000
outer loop
vertex -290.266113 -311.276062 -0.000002
vertex -288.440430 -317.241302 -0.000002
vertex -295.754150 -288.536469 -0.000004
endloop
endfacet
facet normal -0.000000 0.000000 1.000000
outer loop
vertex -334.014648 -257.125488 -0.000006
vertex -334.960815 -262.971130 -0.000006
vertex -326.021851 -267.157288 -0.000005
endloop
endfacet
facet normal 0.000000 0.000000 1.000000
outer loop
vertex -334.014648 -257.125488 -0.000006
vertex -326.021851 -267.157288 -0.000005
vertex -314.700684 -275.066101 -0.000005
endloop
endfacet
facet normal -0.000000 0.000000 1.000000
outer loop
vertex -294.451660 -301.199493 -0.000003
vertex -290.266113 -311.276062 -0.000002
vertex -295.754150 -288.536469 -0.000004
endloop
endfacet
facet normal 0.000000 0.000000 1.000000
outer loop
vertex -303.847046 -287.056366 -0.000004
vertex -294.451660 -301.199493 -0.000003
vertex -295.754150 -288.536469 -0.000004
endloop
endfacet
facet normal -0.000000 -0.000000 1.000000
outer loop
vertex -295.754150 -288.536469 -0.000004
vertex -334.014648 -257.125488 -0.000006
vertex -314.700684 -275.066101 -0.000005
endloop
endfacet
facet normal 0.000000 0.000000 1.000000
outer loop
vertex -295.754150 -288.536469 -0.000004
vertex -314.700684 -275.066101 -0.000005
vertex -303.847046 -287.056366 -0.000004
endloop
endfacet
facet normal -0.000000 0.000000 1.000000
outer loop
vertex -313.231323 -308.898956 -0.000002
vertex -309.502075 -306.746094 -0.000002
vertex -360.508667 -288.117859 -0.000004
endloop
endfacet
facet normal -0.000000 0.000000 1.000000
outer loop
vertex -313.231323 -308.898956 -0.000002
vertex -360.508667 -288.117859 -0.000004
vertex -360.775879 -289.298950 -0.000004
endloop
endfacet
facet normal -0.000000 0.000000 1.000000
outer loop
vertex -374.212036 -309.691345 -0.000002
vertex -313.231323 -308.898956 -0.000002
vertex -360.775879 -289.298950 -0.000004
endloop
endfacet
facet normal -0.000000 0.000000 1.000000
outer loop
vertex -364.226685 -288.147736 -0.000004
vertex -363.837158 -286.906860 -0.000004
vertex -371.584961 -284.066284 -0.000004
endloop
endfacet
facet normal 0.000000 0.000000 1.000000
outer loop
vertex -374.212036 -309.691345 -0.000002
vertex -360.775879 -289.298950 -0.000004
vertex -364.226685 -288.147736 -0.000004
endloop
endfacet
facet normal 0.000000 0.000000 1.000000
outer loop
vertex -388.305176 -339.173523 0.000000
vertex -381.069336 -339.323029 0.000000
vertex -382.071289 -326.660034 -0.000001
endloop
endfacet
facet normal 0.000000 0.000000 1.000000
outer loop
vertex -374.212036 -309.691345 -0.000002
vertex -364.226685 -288.147736 -0.000004
vertex -371.584961 -284.066284 -0.000004
endloop
endfacet
facet normal 0.000001 -0.000000 1.000000
outer loop
vertex -388.305176 -339.173523 0.000000
vertex -382.071289 -326.660034 -0.000001
vertex -374.212036 -309.691345 -0.000002
endloop
endfacet
facet normal -0.000000 0.000000 1.000000
outer loop
vertex -377.985840 -283.243988 -0.000004
vertex -377.651855 -281.853607 -0.000004
vertex -388.783813 -277.787079 -0.000005
endloop
endfacet
facet normal -0.000000 0.000000 1.000000
outer loop
vertex -374.212036 -309.691345 -0.000002
vertex -371.584961 -284.066284 -0.000004
vertex -372.019043 -285.441711 -0.000004
endloop
endfacet
facet normal -0.000000 0.000000 1.000000
outer loop
vertex -377.985840 -283.243988 -0.000004
vertex -388.783813 -277.787079 -0.000005
vertex -388.305176 -339.173523 0.000000
endloop
endfacet
facet normal 0.000000 0.000000 1.000000
outer loop
vertex -374.212036 -309.691345 -0.000002
vertex -372.019043 -285.441711 -0.000004
vertex -377.985840 -283.243988 -0.000004
endloop
endfacet
facet normal -0.000000 0.000000 1.000000
outer loop
vertex -377.985840 -283.243988 -0.000004
vertex -388.305176 -339.173523 0.000000
vertex -374.212036 -309.691345 -0.000002
endloop
endfacet
facet normal -0.000000 0.000000 1.000000
outer loop
vertex -388.995361 -250.816391 -0.000007
vertex -388.950806 -255.944412 -0.000006
vertex -377.418091 -255.495895 -0.000006
endloop
endfacet
facet normal -0.000000 0.000000 1.000000
outer loop
vertex -388.995361 -250.816391 -0.000007
vertex -377.418091 -255.495895 -0.000006
vertex -377.418091 -254.643707 -0.000006
endloop
endfacet
facet normal 0.000000 0.000000 1.000000
outer loop
vertex -304.114258 -253.866302 -0.000006
vertex -298.069580 -255.645401 -0.000006
vertex -297.958252 -250.427673 -0.000007
endloop
endfacet
facet normal 0.000000 0.000000 1.000000
outer loop
vertex -312.774902 -252.909454 -0.000006
vertex -304.114258 -253.866302 -0.000006
vertex -297.958252 -250.427673 -0.000007
endloop
endfacet
facet normal -0.000000 0.000000 1.000000
outer loop
vertex -297.958252 -250.427673 -0.000007
vertex -388.995361 -250.816391 -0.000007
vertex -377.418091 -254.643707 -0.000006
endloop
endfacet
facet normal -0.000000 0.000000 1.000000
outer loop
vertex -373.855835 -254.703522 -0.000006
vertex -373.744507 -255.675293 -0.000006
vertex -365.028198 -255.944412 -0.000006
endloop
endfacet
facet normal 0.000000 0.000000 1.000000
outer loop
vertex -297.958252 -250.427673 -0.000007
vertex -377.418091 -254.643707 -0.000006
vertex -373.855835 -254.703522 -0.000006
endloop
endfacet
facet normal -0.000000 0.000001 1.000000
outer loop
vertex -322.103394 -253.492523 -0.000006
vertex -312.774902 -252.909454 -0.000006
vertex -297.958252 -250.427673 -0.000007
endloop
endfacet
facet normal 0.000000 0.000000 1.000000
outer loop
vertex -339.647339 -259.622253 -0.000006
vertex -334.014648 -257.125488 -0.000006
vertex -331.053467 -255.809860 -0.000006
endloop
endfacet
facet normal -0.000000 0.000000 1.000000
outer loop
vertex -322.103394 -253.492523 -0.000006
vertex -297.958252 -250.427673 -0.000007
vertex -373.855835 -254.703522 -0.000006
endloop
endfacet
facet normal 0.000000 0.000000 1.000000
outer loop
vertex -373.855835 -254.703522 -0.000006
vertex -365.028198 -255.944412 -0.000006
vertex -364.972534 -254.823120 -0.000006
endloop
endfacet
facet normal 0.000000 0.000000 1.000000
outer loop
vertex -361.132080 -255.047379 -0.000006
vertex -361.243408 -256.288269 -0.000006
vertex -351.736694 -257.708557 -0.000006
endloop
endfacet
facet normal 0.000000 0.000000 1.000000
outer loop
vertex -322.103394 -253.492523 -0.000006
vertex -373.855835 -254.703522 -0.000006
vertex -364.972534 -254.823120 -0.000006
endloop
endfacet
facet normal 0.000000 0.000000 1.000000
outer loop
vertex -361.132080 -255.047379 -0.000006
vertex -351.736694 -257.708557 -0.000006
vertex -351.458374 -256.348083 -0.000006
endloop
endfacet
facet normal 0.000000 0.000000 1.000000
outer loop
vertex -322.103394 -253.492523 -0.000006
vertex -364.972534 -254.823120 -0.000006
vertex -361.132080 -255.047379 -0.000006
endloop
endfacet
facet normal 0.000000 0.000000 1.000000
outer loop
vertex -331.053467 -255.809860 -0.000006
vertex -322.103394 -253.492523 -0.000006
vertex -361.132080 -255.047379 -0.000006
endloop
endfacet
facet normal 0.000000 0.000000 1.000000
outer loop
vertex -331.053467 -255.809860 -0.000006
vertex -361.132080 -255.047379 -0.000006
vertex -351.458374 -256.348083 -0.000006
endloop
endfacet
facet normal -0.000000 0.000000 1.000000
outer loop
vertex -348.118774 -258.381348 -0.000006
vertex -340.393188 -260.818268 -0.000006
vertex -339.647339 -259.622253 -0.000006
endloop
endfacet
facet normal -0.000000 0.000000 1.000000
outer loop
vertex -331.053467 -255.809860 -0.000006
vertex -351.458374 -256.348083 -0.000006
vertex -347.840454 -257.140442 -0.000006
endloop
endfacet
facet normal 0.000000 0.000000 1.000000
outer loop
vertex -347.840454 -257.140442 -0.000006
vertex -348.118774 -258.381348 -0.000006
vertex -339.647339 -259.622253 -0.000006
endloop
endfacet
facet normal 0.000000 0.000000 1.000000
outer loop
vertex -347.840454 -257.140442 -0.000006
vertex -339.647339 -259.622253 -0.000006
vertex -331.053467 -255.809860 -0.000006
endloop
endfacet
facet normal 0.000000 0.000001 1.000000
outer loop
vertex -424.172241 -306.058380 -0.000002
vertex -424.183350 -304.772644 -0.000003
vertex -438.499146 -305.804230 -0.000002
endloop
endfacet
facet normal 0.000000 0.000000 1.000000
outer loop
vertex -438.499146 -305.804230 -0.000002
vertex -447.927856 -307.344116 -0.000002
vertex -457.367798 -309.840820 -0.000002
endloop
endfacet
facet normal 0.000000 0.000000 1.000000
outer loop
vertex -424.172241 -306.058380 -0.000002
vertex -438.499146 -305.804230 -0.000002
vertex -457.367798 -309.840820 -0.000002
endloop
endfacet
facet normal 0.000000 0.000000 1.000000
outer loop
vertex -420.754761 -311.889038 -0.000002
vertex -420.810425 -306.058380 -0.000002
vertex -424.172241 -306.058380 -0.000002
endloop
endfacet
facet normal 0.000000 0.000000 1.000000
outer loop
vertex -424.105469 -313.264496 -0.000002
vertex -420.743652 -313.264496 -0.000002
vertex -420.754761 -311.889038 -0.000002
endloop
endfacet
facet normal -0.000000 0.000000 1.000000
outer loop
vertex -437.552856 -323.894226 -0.000001
vertex -424.005249 -323.804504 -0.000001
vertex -424.105469 -313.264496 -0.000002
endloop
endfacet
facet normal -0.000000 0.000000 1.000000
outer loop
vertex -447.849976 -325.179962 -0.000001
vertex -437.552856 -323.894226 -0.000001
vertex -424.105469 -313.264496 -0.000002
endloop
endfacet
facet normal 0.000000 0.000000 1.000000
outer loop
vertex -424.105469 -313.264496 -0.000002
vertex -420.754761 -311.889038 -0.000002
vertex -424.172241 -306.058380 -0.000002
endloop
endfacet
facet normal 0.000000 0.000000 1.000000
outer loop
vertex -424.172241 -306.058380 -0.000002
vertex -457.367798 -309.840820 -0.000002
vertex -463.534790 -310.947174 -0.000002
endloop
endfacet
facet normal 0.000000 0.000000 1.000000
outer loop
vertex -470.481201 -310.857452 -0.000002
vertex -471.538696 -310.678070 -0.000002
vertex -476.481323 -309.840820 -0.000002
endloop
endfacet
facet normal 0.000000 0.000000 1.000000
outer loop
vertex -424.105469 -313.264496 -0.000002
vertex -424.172241 -306.058380 -0.000002
vertex -463.534790 -310.947174 -0.000002
endloop
endfacet
facet normal 0.000000 0.000000 1.000000
outer loop
vertex -424.105469 -313.264496 -0.000002
vertex -463.534790 -310.947174 -0.000002
vertex -470.481201 -310.857452 -0.000002
endloop
endfacet
facet normal -0.000000 0.000000 1.000000
outer loop
vertex -455.653442 -327.751434 -0.000001
vertex -447.849976 -325.179962 -0.000001
vertex -424.105469 -313.264496 -0.000002
endloop
endfacet
facet normal -0.000000 0.000001 1.000000
outer loop
vertex -473.308716 -338.381134 0.000000
vertex -468.599854 -335.989075 0.000000
vertex -462.933716 -331.190002 -0.000001
endloop
endfacet
facet normal 0.000000 0.000000 1.000000
outer loop
vertex -455.653442 -327.751434 -0.000001
vertex -424.105469 -313.264496 -0.000002
vertex -470.481201 -310.857452 -0.000002
endloop
endfacet
facet normal 0.000000 0.000000 1.000000
outer loop
vertex -479.742920 -338.306396 0.000000
vertex -473.308716 -338.381134 0.000000
vertex -462.933716 -331.190002 -0.000001
endloop
endfacet
facet normal -0.000000 0.000000 1.000000
outer loop
vertex -462.933716 -331.190002 -0.000001
vertex -455.653442 -327.751434 -0.000001
vertex -470.481201 -310.857452 -0.000002
endloop
endfacet
facet normal 0.000000 0.000000 1.000000
outer loop
vertex -462.933716 -331.190002 -0.000001
vertex -470.481201 -310.857452 -0.000002
vertex -476.481323 -309.840820 -0.000002
endloop
endfacet
facet normal 0.000000 0.000000 1.000000
outer loop
vertex -484.462891 -335.899384 0.000000
vertex -479.742920 -338.306396 0.000000
vertex -462.933716 -331.190002 -0.000001
endloop
endfacet
facet normal 0.000000 0.000000 1.000000
outer loop
vertex -488.236694 -326.645081 -0.000001
vertex -487.034424 -331.788025 0.000000
vertex -484.462891 -335.899384 0.000000
endloop
endfacet
facet normal -0.000000 -0.000000 1.000000
outer loop
vertex -488.314575 -325.882629 -0.000001
vertex -488.236694 -326.645081 -0.000001
vertex -484.462891 -335.899384 0.000000
endloop
endfacet
facet normal 0.000000 0.000000 1.000000
outer loop
vertex -484.462891 -335.899384 0.000000
vertex -462.933716 -331.190002 -0.000001
vertex -476.481323 -309.840820 -0.000002
endloop
endfacet
facet normal -0.000000 0.000000 1.000000
outer loop
vertex -483.427612 -306.925507 -0.000002
vertex -487.112305 -304.862335 -0.000003
vertex -490.374023 -304.952057 -0.000003
endloop
endfacet
facet normal 0.000000 0.000000 1.000000
outer loop
vertex -484.462891 -335.899384 0.000000
vertex -476.481323 -309.840820 -0.000002
vertex -483.427612 -306.925507 -0.000002
endloop
endfacet
facet normal -0.000000 -0.000000 1.000000
outer loop
vertex -488.748657 -322.010468 -0.000001
vertex -488.314575 -325.882629 -0.000001
vertex -484.462891 -335.899384 0.000000
endloop
endfacet
facet normal 0.000000 0.000000 1.000000
outer loop
vertex -494.659790 -309.840820 -0.000002
vertex -493.891724 -313.174774 -0.000002
vertex -491.153198 -317.031982 -0.000002
endloop
endfacet
facet normal -0.000000 0.000000 1.000000
outer loop
vertex -488.748657 -322.010468 -0.000001
vertex -484.462891 -335.899384 0.000000
vertex -483.427612 -306.925507 -0.000002
endloop
endfacet
facet normal 0.000000 0.000000 1.000000
outer loop
vertex -493.290527 -306.656403 -0.000002
vertex -494.659790 -309.840820 -0.000002
vertex -491.153198 -317.031982 -0.000002
endloop
endfacet
facet normal -0.000000 0.000000 1.000000
outer loop
vertex -491.153198 -317.031982 -0.000002
vertex -488.748657 -322.010468 -0.000001
vertex -483.427612 -306.925507 -0.000002
endloop
endfacet
facet normal 0.000000 0.000001 1.000000
outer loop
vertex -483.427612 -306.925507 -0.000002
vertex -490.374023 -304.952057 -0.000003
vertex -493.290527 -306.656403 -0.000002
endloop
endfacet
facet normal 0.000000 0.000000 1.000000
outer loop
vertex -483.427612 -306.925507 -0.000002
vertex -493.290527 -306.656403 -0.000002
vertex -491.153198 -317.031982 -0.000002
endloop
endfacet
facet normal 0.000000 0.000000 1.000000
outer loop
vertex -223.530029 -242.743103 19.999992
vertex -222.873291 -261.655518 19.999994
vertex -181.673950 -261.057495 19.999994
endloop
endfacet
facet normal 0.000000 0.000000 1.000000
outer loop
vertex -223.530029 -242.743103 19.999992
vertex -181.673950 -261.057495 19.999994
vertex -182.475342 -242.294586 19.999992
endloop
endfacet
facet normal -0.999398 -0.034704 0.000000
outer loop
vertex -222.873291 -261.655518 -0.000006
vertex -222.873291 -261.655518 19.999994
vertex -223.530029 -242.743103 19.999992
endloop
endfacet
facet normal -0.999398 -0.034707 0.000000
outer loop
vertex -222.873291 -261.655518 -0.000006
vertex -223.530029 -242.743103 19.999992
vertex -223.530029 -242.743103 -0.000007
endloop
endfacet
facet normal 0.014514 -0.999895 0.000000
outer loop
vertex -181.673950 -261.057495 -0.000006
vertex -181.673950 -261.057495 19.999994
vertex -222.873291 -261.655518 19.999994
endloop
endfacet
facet normal 0.014514 -0.999895 0.000000
outer loop
vertex -181.673950 -261.057495 -0.000006
vertex -222.873291 -261.655518 19.999994
vertex -222.873291 -261.655518 -0.000006
endloop
endfacet
facet normal 0.999089 0.042673 0.000000
outer loop
vertex -182.475342 -242.294586 -0.000007
vertex -182.475342 -242.294586 19.999992
vertex -181.673950 -261.057495 19.999994
endloop
endfacet
facet normal 0.999089 0.042673 0.000000
outer loop
vertex -182.475342 -242.294586 -0.000007
vertex -181.673950 -261.057495 19.999994
vertex -181.673950 -261.057495 -0.000006
endloop
endfacet
facet normal -0.010924 0.999940 0.000000
outer loop
vertex -223.530029 -242.743103 -0.000007
vertex -223.530029 -242.743103 19.999992
vertex -182.475342 -242.294586 19.999992
endloop
endfacet
facet normal -0.010924 0.999940 0.000000
outer loop
vertex -223.530029 -242.743103 -0.000007
vertex -182.475342 -242.294586 19.999992
vertex -182.475342 -242.294586 -0.000007
endloop
endfacet
facet normal 0.000000 0.000000 1.000000
outer loop
vertex -6.958008 -373.200500 0.000003
vertex 0.901245 -374.904846 0.000003
vertex 0.801025 -369.193817 0.000002
endloop
endfacet
facet normal -0.000000 0.000000 1.000000
outer loop
vertex -6.958008 -373.200500 0.000003
vertex 0.801025 -369.193817 0.000002
vertex -6.946777 -369.238678 0.000002
endloop
endfacet
facet normal -0.000000 0.000000 1.000000
outer loop
vertex 1.279663 -369.104126 0.000002
vertex 1.357666 -374.815155 0.000003
vertex 12.912598 -374.650696 0.000003
endloop
endfacet
facet normal -0.000000 0.000000 1.000000
outer loop
vertex 1.279663 -369.104126 0.000002
vertex 12.912598 -374.650696 0.000003
vertex 12.834717 -368.939667 0.000002
endloop
endfacet
facet normal -0.000000 0.000000 1.000000
outer loop
vertex 13.313354 -374.620789 0.000003
vertex 26.048340 -374.381592 0.000003
vertex 25.948120 -368.565918 0.000002
endloop
endfacet
facet normal -0.000000 0.000000 1.000000
outer loop
vertex 13.313354 -374.620789 0.000003
vertex 25.948120 -368.565918 0.000002
vertex 13.202026 -368.805115 0.000002
endloop
endfacet
facet normal -0.000000 0.000000 1.000000
outer loop
vertex 39.740601 -368.610779 0.000002
vertex 26.794067 -368.820068 0.000002
vertex 26.883179 -374.486237 0.000003
endloop
endfacet
facet normal -0.000000 0.000000 1.000000
outer loop
vertex 39.740601 -368.610779 0.000002
vertex 26.883179 -374.486237 0.000003
vertex 39.840820 -374.276947 0.000003
endloop
endfacet
facet normal 0.000000 0.000000 1.000000
outer loop
vertex 40.430786 -374.067627 0.000003
vertex 45.874268 -373.903168 0.000003
vertex 45.807495 -371.526062 0.000003
endloop
endfacet
facet normal 0.000000 0.000000 1.000000
outer loop
vertex 45.807495 -371.526062 0.000003
vertex 65.466553 -370.928070 0.000002
vertex 65.377441 -367.967896 0.000002
endloop
endfacet
facet normal -0.000000 0.000000 1.000000
outer loop
vertex 40.274902 -368.730377 0.000002
vertex 40.430786 -374.067627 0.000003
vertex 45.807495 -371.526062 0.000003
endloop
endfacet
facet normal -0.000000 0.000000 1.000000
outer loop
vertex 45.807495 -371.526062 0.000003
vertex 65.377441 -367.967896 0.000002
vertex 40.274902 -368.730377 0.000002
endloop
endfacet
facet normal 0.000000 0.000000 1.000000
outer loop
vertex 177.843506 -367.339996 0.000002
vertex 177.687744 -369.208771 0.000002
vertex 213.343384 -367.474548 0.000002
endloop
endfacet
facet normal 0.000000 0.000000 1.000000
outer loop
vertex 213.343384 -367.474548 0.000002
vertex 218.853638 -366.697113 0.000002
vertex 218.931519 -365.246948 0.000002
endloop
endfacet
facet normal -0.000000 0.000000 1.000000
outer loop
vertex 218.931519 -365.246948 0.000002
vertex 186.047729 -365.844940 0.000002
vertex 177.843506 -367.339996 0.000002
endloop
endfacet
facet normal 0.000000 0.000000 1.000000
outer loop
vertex 213.343384 -367.474548 0.000002
vertex 218.931519 -365.246948 0.000002
vertex 177.843506 -367.339996 0.000002
endloop
endfacet
facet normal 0.000000 0.000000 1.000000
outer loop
vertex 217.194946 -347.022461 0.000001
vertex 217.217285 -349.952728 0.000001
vertex 235.039551 -349.803223 0.000001
endloop
endfacet
facet normal -0.000000 0.000000 1.000000
outer loop
vertex 217.194946 -347.022461 0.000001
vertex 235.039551 -349.803223 0.000001
vertex 235.006104 -346.858002 0.000001
endloop
endfacet
facet normal 0.000000 0.000000 1.000000
outer loop
vertex 172.555908 -349.519165 0.000001
vertex 186.192505 -349.354706 0.000001
vertex 186.170288 -347.590576 0.000001
endloop
endfacet
facet normal -0.000000 0.000000 1.000000
outer loop
vertex 172.555908 -349.519165 0.000001
vertex 186.170288 -347.590576 0.000001
vertex 172.533569 -347.755035 0.000001
endloop
endfacet
facet normal 0.000000 0.000000 1.000000
outer loop
vertex 152.128784 -349.728485 0.000001
vertex 165.798828 -349.414520 0.000001
vertex 165.754272 -347.650391 0.000001
endloop
endfacet
facet normal 0.000000 0.000000 1.000000
outer loop
vertex 152.128784 -349.728485 0.000001
vertex 165.754272 -347.650391 0.000001
vertex 153.063843 -347.934448 0.000001
endloop
endfacet
facet normal 0.000000 0.000000 1.000000
outer loop
vertex 487.300598 -381.408234 0.000003
vertex 489.092834 -382.125854 0.000003
vertex 502.707214 -380.032806 0.000003
endloop
endfacet
facet normal 0.000000 0.000000 1.000000
outer loop
vertex 502.707214 -380.032806 0.000003
vertex 502.161743 -377.386597 0.000003
vertex 485.029663 -380.301910 0.000003
endloop
endfacet
facet normal 0.000000 0.000000 1.000000
outer loop
vertex 485.029663 -380.301910 0.000003
vertex 485.051941 -380.855072 0.000003
vertex 487.300598 -381.408234 0.000003
endloop
endfacet
facet normal 0.000000 0.000000 1.000000
outer loop
vertex 502.707214 -380.032806 0.000003
vertex 485.029663 -380.301910 0.000003
vertex 487.300598 -381.408234 0.000003
endloop
endfacet
facet normal 0.000000 0.000000 1.000000
outer loop
vertex 456.754517 -385.205627 0.000004
vertex 457.021667 -387.298645 0.000004
vertex 472.495117 -384.727203 0.000004
endloop
endfacet
facet normal 0.000006 -0.000007 1.000000
outer loop
vertex 472.495117 -384.727203 0.000004
vertex 474.420898 -383.321869 0.000003
vertex 475.812439 -382.200592 0.000003
endloop
endfacet
facet normal 0.000000 0.000000 1.000000
outer loop
vertex 475.812439 -382.200592 0.000003
vertex 475.801270 -381.737152 0.000003
vertex 456.754517 -385.205627 0.000004
endloop
endfacet
facet normal -0.000000 0.000000 1.000000
outer loop
vertex 472.495117 -384.727203 0.000004
vertex 475.812439 -382.200592 0.000003
vertex 456.754517 -385.205627 0.000004
endloop
endfacet
facet normal 0.000000 0.000000 1.000000
outer loop
vertex 293.537842 -392.007996 0.000004
vertex 296.643677 -392.007996 0.000004
vertex 296.777222 -388.285370 0.000004
endloop
endfacet
facet normal 0.000000 0.000000 1.000000
outer loop
vertex 296.777222 -388.285370 0.000004
vertex 288.060913 -388.345184 0.000004
vertex 288.083252 -389.481384 0.000004
endloop
endfacet
facet normal 0.000000 0.000000 1.000000
outer loop
vertex 296.777222 -388.285370 0.000004
vertex 288.083252 -389.481384 0.000004
vertex 289.719604 -389.750519 0.000004
endloop
endfacet
facet normal 0.000000 0.000000 1.000000
outer loop
vertex 291.522949 -390.692383 0.000004
vertex 293.537842 -392.007996 0.000004
vertex 296.777222 -388.285370 0.000004
endloop
endfacet
facet normal -0.000000 0.000000 1.000000
outer loop
vertex 296.777222 -388.285370 0.000004
vertex 289.719604 -389.750519 0.000004
vertex 291.522949 -390.692383 0.000004
endloop
endfacet
facet normal 0.000000 0.000000 1.000000
outer loop
vertex 274.791626 -388.853485 0.000004
vertex 274.847290 -392.157501 0.000004
vertex 277.452271 -392.142548 0.000004
endloop
endfacet
facet normal -0.000000 0.000000 1.000000
outer loop
vertex 279.856689 -390.303680 0.000004
vertex 283.174072 -389.541199 0.000004
vertex 283.185181 -388.554474 0.000004
endloop
endfacet
facet normal 0.000000 0.000000 1.000000
outer loop
vertex 274.791626 -388.853485 0.000004
vertex 277.452271 -392.142548 0.000004
vertex 279.856689 -390.303680 0.000004
endloop
endfacet
facet normal 0.000000 0.000000 1.000000
outer loop
vertex 279.856689 -390.303680 0.000004
vertex 283.185181 -388.554474 0.000004
vertex 274.791626 -388.853485 0.000004
endloop
endfacet
facet normal 0.000000 0.000000 1.000000
outer loop
vertex 131.734985 -349.907898 0.000001
vertex 145.649902 -349.833130 0.000001
vertex 144.147095 -348.113831 0.000001
endloop
endfacet
facet normal -0.000000 0.000000 1.000000
outer loop
vertex 131.734985 -349.907898 0.000001
vertex 144.147095 -348.113831 0.000001
vertex 131.768433 -348.263336 0.000001
endloop
endfacet
facet normal 0.000000 0.000000 1.000000
outer loop
vertex 113.378418 -350.162048 0.000001
vertex 128.929810 -349.833130 0.000001
vertex 128.896362 -348.248383 0.000001
endloop
endfacet
facet normal 0.000000 0.000000 1.000000
outer loop
vertex 113.378418 -350.162048 0.000001
vertex 128.896362 -348.248383 0.000001
vertex 113.344971 -348.577301 0.000001
endloop
endfacet
facet normal 0.000000 0.000000 1.000000
outer loop
vertex 55.759399 -348.487610 0.000001
vertex 67.603882 -348.308197 0.000001
vertex 67.581543 -346.798218 0.000001
endloop
endfacet
facet normal -0.000000 0.000000 1.000000
outer loop
vertex 55.759399 -348.487610 0.000001
vertex 67.581543 -346.798218 0.000001
vertex 55.737183 -346.977600 0.000001
endloop
endfacet
facet normal 0.000000 0.000000 1.000000
outer loop
vertex 332.655518 -364.619019 0.000002
vertex 332.444092 -368.745331 0.000002
vertex 347.728271 -366.891479 0.000002
endloop
endfacet
facet normal -0.000000 0.000000 1.000000
outer loop
vertex 347.728271 -366.891479 0.000002
vertex 367.654419 -366.861572 0.000002
vertex 404.222839 -366.338318 0.000002
endloop
endfacet
facet normal -0.000000 0.000000 1.000000
outer loop
vertex 404.222839 -366.338318 0.000002
vertex 404.367554 -363.856567 0.000002
vertex 387.090759 -363.632294 0.000002
endloop
endfacet
facet normal 0.000000 0.000000 1.000000
outer loop
vertex 387.090759 -363.632294 0.000002
vertex 332.655518 -364.619019 0.000002
vertex 347.728271 -366.891479 0.000002
endloop
endfacet
facet normal 0.000000 0.000000 1.000000
outer loop
vertex 347.728271 -366.891479 0.000002
vertex 404.222839 -366.338318 0.000002
vertex 387.090759 -363.632294 0.000002
endloop
endfacet
facet normal -0.000000 0.000000 1.000000
outer loop
vertex 215.057617 -391.036224 0.000004
vertex 215.102173 -393.562836 0.000004
vertex 235.128540 -393.218964 0.000004
endloop
endfacet
facet normal 0.000000 0.000000 1.000000
outer loop
vertex 215.057617 -391.036224 0.000004
vertex 235.128540 -393.218964 0.000004
vertex 235.083984 -390.692383 0.000004
endloop
endfacet
facet normal 0.000000 0.000000 1.000000
outer loop
vertex 189.298340 -392.262146 0.000004
vertex 175.361084 -392.591064 0.000004
vertex 176.953003 -393.951538 0.000004
endloop
endfacet
facet normal -0.000000 0.000000 1.000000
outer loop
vertex 189.298340 -392.262146 0.000004
vertex 176.953003 -393.951538 0.000004
vertex 189.253784 -393.906677 0.000004
endloop
endfacet
facet normal 0.000000 0.000000 1.000000
outer loop
vertex 170.307251 -392.635925 0.000004
vertex 155.034180 -393.159180 0.000004
vertex 155.290161 -394.878448 0.000004
endloop
endfacet
facet normal -0.000000 0.000000 1.000000
outer loop
vertex 170.307251 -392.635925 0.000004
vertex 155.290161 -394.878448 0.000004
vertex 169.784058 -394.713989 0.000004
endloop
endfacet
facet normal 0.000000 0.000000 1.000000
outer loop
vertex -7.525635 -395.760529 0.000004
vertex 4.630371 -395.566162 0.000004
vertex 4.597046 -393.846893 0.000004
endloop
endfacet
facet normal 0.000000 0.000000 1.000000
outer loop
vertex -7.525635 -395.760529 0.000004
vertex 4.597046 -393.846893 0.000004
vertex -7.547974 -394.041229 0.000004
endloop
endfacet
facet normal 0.000000 0.000000 1.000000
outer loop
vertex 331.464478 -348.547394 0.000001
vertex 357.056763 -348.069000 0.000001
vertex 354.451904 -345.721771 0.000001
endloop
endfacet
facet normal 0.000000 0.000000 1.000000
outer loop
vertex 331.464478 -348.547394 0.000001
vertex 354.451904 -345.721771 0.000001
vertex 331.653687 -345.916138 0.000001
endloop
endfacet
facet normal 0.000000 0.000000 1.000000
outer loop
vertex 375.669434 -348.367981 0.000001
vertex 401.929688 -348.203552 0.000001
vertex 402.063232 -345.676941 0.000001
endloop
endfacet
facet normal 0.000000 0.000000 1.000000
outer loop
vertex 375.669434 -348.367981 0.000001
vertex 402.063232 -345.676941 0.000001
vertex 377.194458 -345.348022 0.000001
endloop
endfacet
facet normal -0.000000 0.000000 1.000000
outer loop
vertex -121.494629 -374.531097 0.000003
vertex -121.527954 -372.467957 0.000003
vertex -153.877441 -373.200500 0.000003
endloop
endfacet
facet normal 0.000000 0.000000 1.000000
outer loop
vertex -121.494629 -374.531097 0.000003
vertex -153.877441 -373.200500 0.000003
vertex -153.788330 -375.472961 0.000003
endloop
endfacet
facet normal 0.000000 0.000000 1.000000
outer loop
vertex -116.596558 -385.071075 12.000004
vertex -116.373901 -396.762207 12.000005
vertex -30.301636 -395.102722 12.000005
endloop
endfacet
facet normal -0.000410 0.000001 1.000000
outer loop
vertex -30.502075 -384.727203 12.000004
vertex -30.936157 -361.614014 12.000002
vertex -31.247803 -345.362976 12.000001
endloop
endfacet
facet normal 0.000000 0.000000 1.000000
outer loop
vertex -116.596558 -385.071075 12.000004
vertex -30.301636 -395.102722 12.000005
vertex -30.502075 -384.727203 12.000004
endloop
endfacet
facet normal 0.000214 -0.000000 1.000000
outer loop
vertex -117.331177 -346.379608 12.000001
vertex -117.052979 -361.419647 12.000002
vertex -116.596558 -385.071075 12.000004
endloop
endfacet
facet normal 0.000000 0.000000 1.000000
outer loop
vertex -37.982666 -342.073883 12.000000
vertex -116.006470 -343.553986 12.000000
vertex -115.950806 -346.349701 12.000001
endloop
endfacet
facet normal 0.000000 0.000000 1.000000
outer loop
vertex -115.950806 -346.349701 12.000001
vertex -117.331177 -346.379608 12.000001
vertex -116.596558 -385.071075 12.000004
endloop
endfacet
facet normal 0.000000 0.000000 1.000000
outer loop
vertex -116.596558 -385.071075 12.000004
vertex -30.502075 -384.727203 12.000004
vertex -31.247803 -345.362976 12.000001
endloop
endfacet
facet normal 0.000000 0.000000 1.000000
outer loop
vertex -37.915894 -345.497528 12.000001
vertex -37.982666 -342.073883 12.000000
vertex -115.950806 -346.349701 12.000001
endloop
endfacet
facet normal 0.000000 0.000000 1.000000
outer loop
vertex -116.596558 -385.071075 12.000004
vertex -31.247803 -345.362976 12.000001
vertex -37.915894 -345.497528 12.000001
endloop
endfacet
facet normal 0.000000 0.000000 1.000000
outer loop
vertex -37.915894 -345.497528 12.000001
vertex -115.950806 -346.349701 12.000001
vertex -116.596558 -385.071075 12.000004
endloop
endfacet
facet normal 0.019277 -0.999814 0.000000
outer loop
vertex -30.301636 -395.102722 0.000004
vertex -30.301636 -395.102722 12.000005
vertex -116.373901 -396.762207 12.000005
endloop
endfacet
facet normal 0.019277 -0.999814 0.000000
outer loop
vertex -30.301636 -395.102722 0.000004
vertex -116.373901 -396.762207 12.000005
vertex -116.373901 -396.762207 0.000004
endloop
endfacet
facet normal 0.999813 0.019315 0.000000
outer loop
vertex -30.502075 -384.727203 0.000004
vertex -30.502075 -384.727203 12.000004
vertex -30.301636 -395.102722 12.000005
endloop
endfacet
facet normal 0.999813 0.019315 0.000000
outer loop
vertex -30.502075 -384.727203 0.000004
vertex -30.301636 -395.102722 12.000005
vertex -30.301636 -395.102722 0.000004
endloop
endfacet
facet normal 0.999824 0.018777 0.000000
outer loop
vertex -30.936157 -361.614014 0.000002
vertex -30.936157 -361.614014 12.000002
vertex -30.502075 -384.727203 12.000004
endloop
endfacet
facet normal 0.999824 0.018777 0.000000
outer loop
vertex -30.936157 -361.614014 0.000002
vertex -30.502075 -384.727203 12.000004
vertex -30.502075 -384.727203 0.000004
endloop
endfacet
facet normal 0.999816 0.019173 0.000000
outer loop
vertex -31.247803 -345.362976 0.000001
vertex -31.247803 -345.362976 12.000001
vertex -30.936157 -361.614014 12.000002
endloop
endfacet
facet normal 0.999816 0.019173 0.000000
outer loop
vertex -31.247803 -345.362976 0.000001
vertex -30.936157 -361.614014 12.000002
vertex -30.936157 -361.614014 0.000002
endloop
endfacet
facet normal -0.020174 0.999796 0.000000
outer loop
vertex -37.915894 -345.497528 0.000001
vertex -37.915894 -345.497528 12.000001
vertex -31.247803 -345.362976 12.000001
endloop
endfacet
facet normal -0.020174 0.999796 0.000000
outer loop
vertex -37.915894 -345.497528 0.000001
vertex -31.247803 -345.362976 12.000001
vertex -31.247803 -345.362976 0.000001
endloop
endfacet
facet normal 0.999810 0.019500 0.000000
outer loop
vertex -37.982666 -342.073883 0.000000
vertex -37.982666 -342.073883 12.000000
vertex -37.915894 -345.497528 12.000001
endloop
endfacet
facet normal 0.999810 0.019500 0.000000
outer loop
vertex -37.982666 -342.073883 0.000000
vertex -37.915894 -345.497528 12.000001
vertex -37.915894 -345.497528 0.000001
endloop
endfacet
facet normal -0.018966 0.999820 0.000000
outer loop
vertex -116.006470 -343.553986 0.000000
vertex -116.006470 -343.553986 12.000000
vertex -37.982666 -342.073883 12.000000
endloop
endfacet
facet normal -0.018966 0.999820 0.000000
outer loop
vertex -116.006470 -343.553986 0.000000
vertex -37.982666 -342.073883 12.000000
vertex -37.982666 -342.073883 0.000000
endloop
endfacet
facet normal -0.999802 -0.019906 0.000000
outer loop
vertex -115.950806 -346.349701 0.000001
vertex -115.950806 -346.349701 12.000001
vertex -116.006470 -343.553986 12.000000
endloop
endfacet
facet normal -0.999802 -0.019907 0.000000
outer loop
vertex -115.950806 -346.349701 0.000001
vertex -116.006470 -343.553986 12.000000
vertex -116.006470 -343.553986 0.000000
endloop
endfacet
facet normal -0.021661 0.999765 0.000000
outer loop
vertex -117.331177 -346.379608 0.000001
vertex -117.331177 -346.379608 12.000001
vertex -115.950806 -346.349701 12.000001
endloop
endfacet
facet normal -0.021661 0.999765 0.000000
outer loop
vertex -117.331177 -346.379608 0.000001
vertex -115.950806 -346.349701 12.000001
vertex -115.950806 -346.349701 0.000001
endloop
endfacet
facet normal -0.999829 -0.018494 0.000000
outer loop
vertex -117.052979 -361.419647 0.000002
vertex -117.052979 -361.419647 12.000002
vertex -117.331177 -346.379608 12.000001
endloop
endfacet
facet normal -0.999829 -0.018494 0.000000
outer loop
vertex -117.052979 -361.419647 0.000002
vertex -117.331177 -346.379608 12.000001
vertex -117.331177 -346.379608 0.000001
endloop
endfacet
facet normal -0.999814 -0.019294 0.000000
outer loop
vertex -116.596558 -385.071075 0.000004
vertex -116.596558 -385.071075 12.000004
vertex -117.052979 -361.419647 12.000002
endloop
endfacet
facet normal -0.999814 -0.019294 0.000000
outer loop
vertex -116.596558 -385.071075 0.000004
vertex -117.052979 -361.419647 12.000002
vertex -117.052979 -361.419647 0.000002
endloop
endfacet
facet normal -0.999819 -0.019041 0.000000
outer loop
vertex -116.373901 -396.762207 0.000004
vertex -116.373901 -396.762207 12.000005
vertex -116.596558 -385.071075 12.000004
endloop
endfacet
facet normal -0.999819 -0.019041 0.000000
outer loop
vertex -116.373901 -396.762207 0.000004
vertex -116.596558 -385.071075 12.000004
vertex -116.596558 -385.071075 0.000004
endloop
endfacet
facet normal 0.000000 0.000000 1.000000
outer loop
vertex -166.144775 -341.565582 3.000000
vertex -160.044556 -341.431030 3.000000
vertex -160.100220 -338.904419 3.000000
endloop
endfacet
facet normal 0.000000 0.000000 1.000000
outer loop
vertex -166.144775 -341.565582 3.000000
vertex -160.100220 -338.904419 3.000000
vertex -166.200439 -339.038971 3.000000
endloop
endfacet
facet normal 0.022052 -0.999757 0.000000
outer loop
vertex -160.044556 -341.431030 0.000000
vertex -160.044556 -341.431030 3.000000
vertex -166.144775 -341.565582 3.000000
endloop
endfacet
facet normal 0.022052 -0.999757 0.000000
outer loop
vertex -160.044556 -341.431030 0.000000
vertex -166.144775 -341.565582 3.000000
vertex -166.144775 -341.565582 0.000000
endloop
endfacet
facet normal 0.999757 0.022026 0.000000
outer loop
vertex -160.100220 -338.904419 0.000000
vertex -160.100220 -338.904419 3.000000
vertex -160.044556 -341.431030 3.000000
endloop
endfacet
facet normal 0.999757 0.022026 0.000000
outer loop
vertex -160.100220 -338.904419 0.000000
vertex -160.044556 -341.431030 3.000000
vertex -160.044556 -341.431030 0.000000
endloop
endfacet
facet normal -0.022052 0.999757 0.000000
outer loop
vertex -166.200439 -339.038971 0.000000
vertex -166.200439 -339.038971 3.000000
vertex -160.100220 -338.904419 3.000000
endloop
endfacet
facet normal -0.022052 0.999757 0.000000
outer loop
vertex -166.200439 -339.038971 0.000000
vertex -160.100220 -338.904419 3.000000
vertex -160.100220 -338.904419 0.000000
endloop
endfacet
facet normal -0.999757 -0.022026 0.000000
outer loop
vertex -166.144775 -341.565582 0.000000
vertex -166.144775 -341.565582 3.000000
vertex -166.200439 -339.038971 3.000000
endloop
endfacet
facet normal -0.999757 -0.022026 0.000000
outer loop
vertex -166.144775 -341.565582 0.000000
vertex -166.200439 -339.038971 3.000000
vertex -166.200439 -339.038971 0.000000
endloop
endfacet
facet normal -0.000000 0.000000 1.000000
outer loop
vertex -147.253906 -328.588654 -0.000001
vertex -147.465454 -312.696350 -0.000002
vertex -155.302246 -312.801025 -0.000002
endloop
endfacet
facet normal -0.000000 0.000000 1.000000
outer loop
vertex -147.253906 -328.588654 -0.000001
vertex -155.302246 -312.801025 -0.000002
vertex -155.079712 -328.708252 -0.000001
endloop
endfacet
facet normal 0.000000 0.000000 1.000000
outer loop
vertex -129.253540 -324.297882 -0.000001
vertex -128.140381 -322.787903 -0.000001
vertex -127.583740 -320.993835 -0.000001
endloop
endfacet
facet normal -0.000002 -0.000000 1.000000
outer loop
vertex -127.583740 -320.993835 -0.000001
vertex -127.628296 -319.125031 -0.000001
vertex -128.273926 -317.360901 -0.000002
endloop
endfacet
facet normal 0.000000 0.000000 1.000000
outer loop
vertex -128.273926 -317.360901 -0.000002
vertex -129.476196 -315.880798 -0.000002
vertex -131.101440 -314.879120 -0.000002
endloop
endfacet
facet normal 0.000000 0.000000 1.000000
outer loop
vertex -131.101440 -314.879120 -0.000002
vertex -132.960449 -314.475464 -0.000002
vertex -134.864014 -314.684784 -0.000002
endloop
endfacet
facet normal 0.000000 0.000000 1.000000
outer loop
vertex -134.864014 -314.684784 -0.000002
vertex -136.578369 -315.522003 -0.000002
vertex -137.925293 -316.867523 -0.000002
endloop
endfacet
facet normal 0.000002 -0.000000 1.000000
outer loop
vertex -137.925293 -316.867523 -0.000002
vertex -138.760254 -318.571869 -0.000001
vertex -138.994019 -320.470581 -0.000001
endloop
endfacet
facet normal 0.000000 0.000000 1.000000
outer loop
vertex -138.994019 -320.470581 -0.000001
vertex -138.604370 -322.309479 -0.000001
vertex -137.635864 -323.909180 -0.000001
endloop
endfacet
facet normal 0.000000 0.000000 1.000000
outer loop
vertex -137.635864 -323.909180 -0.000001
vertex -136.199829 -325.120148 -0.000001
vertex -134.463257 -325.807861 -0.000001
endloop
endfacet
facet normal 0.000000 0.000000 1.000000
outer loop
vertex -134.463257 -325.807861 -0.000001
vertex -132.582031 -325.897583 -0.000001
vertex -130.789795 -325.374298 -0.000001
endloop
endfacet
facet normal 0.000000 0.000000 1.000000
outer loop
vertex -130.789795 -325.374298 -0.000001
vertex -129.253540 -324.297882 -0.000001
vertex -127.583740 -320.993835 -0.000001
endloop
endfacet
facet normal 0.000000 0.000000 1.000000
outer loop
vertex -127.583740 -320.993835 -0.000001
vertex -128.273926 -317.360901 -0.000002
vertex -131.101440 -314.879120 -0.000002
endloop
endfacet
facet normal -0.000000 0.000000 1.000000
outer loop
vertex -131.101440 -314.879120 -0.000002
vertex -134.864014 -314.684784 -0.000002
vertex -137.925293 -316.867523 -0.000002
endloop
endfacet
facet normal 0.000000 0.000000 1.000000
outer loop
vertex -137.925293 -316.867523 -0.000002
vertex -138.994019 -320.470581 -0.000001
vertex -137.635864 -323.909180 -0.000001
endloop
endfacet
facet normal 0.000000 0.000000 1.000000
outer loop
vertex -137.635864 -323.909180 -0.000001
vertex -134.463257 -325.807861 -0.000001
vertex -130.789795 -325.374298 -0.000001
endloop
endfacet
facet normal -0.000000 0.000000 1.000000
outer loop
vertex -130.789795 -325.374298 -0.000001
vertex -127.583740 -320.993835 -0.000001
vertex -131.101440 -314.879120 -0.000002
endloop
endfacet
facet normal -0.000000 0.000000 1.000000
outer loop
vertex -131.101440 -314.879120 -0.000002
vertex -137.925293 -316.867523 -0.000002
vertex -137.635864 -323.909180 -0.000001
endloop
endfacet
facet normal 0.000000 0.000000 1.000000
outer loop
vertex -131.101440 -314.879120 -0.000002
vertex -137.635864 -323.909180 -0.000001
vertex -130.789795 -325.374298 -0.000001
endloop
endfacet
facet normal -0.000000 0.000000 1.000000
outer loop
vertex -166.267212 -290.345459 -0.000004
vertex -166.144775 -302.141357 -0.000003
vertex -146.652832 -301.932068 -0.000003
endloop
endfacet
facet normal -0.000000 0.000000 1.000000
outer loop
vertex -146.652832 -301.932068 -0.000003
vertex -146.775269 -289.822205 -0.000004
vertex -148.467285 -289.837158 -0.000004
endloop
endfacet
facet normal -0.000000 0.000000 1.000000
outer loop
vertex -148.467285 -289.837158 -0.000004
vertex -148.500732 -286.712494 -0.000004
vertex -164.719971 -286.876953 -0.000004
endloop
endfacet
facet normal -0.000000 0.000000 1.000000
outer loop
vertex -164.686523 -290.330505 -0.000004
vertex -166.267212 -290.345459 -0.000004
vertex -146.652832 -301.932068 -0.000003
endloop
endfacet
facet normal 0.000000 0.000000 1.000000
outer loop
vertex -148.467285 -289.837158 -0.000004
vertex -164.719971 -286.876953 -0.000004
vertex -164.686523 -290.330505 -0.000004
endloop
endfacet
facet normal -0.000000 0.000000 1.000000
outer loop
vertex -146.652832 -301.932068 -0.000003
vertex -148.467285 -289.837158 -0.000004
vertex -164.686523 -290.330505 -0.000004
endloop
endfacet
facet normal 0.000000 0.000000 1.000000
outer loop
vertex -136.366821 -275.858459 -0.000005
vertex -136.422485 -272.270355 -0.000005
vertex -142.188843 -272.345093 -0.000005
endloop
endfacet
facet normal 0.000000 0.000000 1.000000
outer loop
vertex -136.366821 -275.858459 -0.000005
vertex -142.188843 -272.345093 -0.000005
vertex -142.133179 -275.933228 -0.000005
endloop
endfacet
facet normal -0.000000 0.000000 1.000000
outer loop
vertex -136.578369 -294.397034 -0.000003
vertex -136.634033 -290.808929 -0.000004
vertex -142.389282 -290.898621 -0.000004
endloop
endfacet
facet normal -0.000000 0.000000 1.000000
outer loop
vertex -136.578369 -294.397034 -0.000003
vertex -142.389282 -290.898621 -0.000004
vertex -142.344727 -294.471802 -0.000003
endloop
endfacet
facet normal -0.000000 0.000000 1.000000
outer loop
vertex -136.244385 -302.231079 -0.000003
vertex -136.300049 -298.642975 -0.000003
vertex -142.055298 -298.717712 -0.000003
endloop
endfacet
facet normal 0.000000 0.000000 1.000000
outer loop
vertex -136.244385 -302.231079 -0.000003
vertex -142.055298 -298.717712 -0.000003
vertex -142.010742 -302.305817 -0.000003
endloop
endfacet
facet normal -0.000000 0.000000 1.000000
outer loop
vertex -124.544678 -301.648010 -0.000003
vertex -124.600342 -298.059906 -0.000003
vertex -130.366699 -298.149597 -0.000003
endloop
endfacet
facet normal 0.000000 0.000000 1.000000
outer loop
vertex -124.544678 -301.648010 -0.000003
vertex -130.366699 -298.149597 -0.000003
vertex -130.311035 -301.722748 -0.000003
endloop
endfacet
facet normal -0.000000 0.000000 1.000000
outer loop
vertex -124.600342 -293.634552 -0.000003
vertex -124.656006 -290.061401 -0.000004
vertex -130.411255 -290.136169 -0.000004
endloop
endfacet
facet normal -0.000000 0.000000 1.000000
outer loop
vertex -124.600342 -293.634552 -0.000003
vertex -130.411255 -290.136169 -0.000004
vertex -130.366699 -293.724274 -0.000003
endloop
endfacet
facet normal 0.000000 0.000000 1.000000
outer loop
vertex -124.789673 -275.290344 -0.000005
vertex -124.845337 -271.717194 -0.000005
vertex -130.611694 -271.791931 -0.000005
endloop
endfacet
facet normal 0.000000 0.000000 1.000000
outer loop
vertex -124.789673 -275.290344 -0.000005
vertex -130.611694 -271.791931 -0.000005
vertex -130.556030 -275.380066 -0.000005
endloop
endfacet
facet normal -0.000000 0.000000 1.000000
outer loop
vertex -136.700806 -266.215393 -0.000005
vertex -136.756470 -262.642242 -0.000006
vertex -142.522827 -262.716980 -0.000006
endloop
endfacet
facet normal -0.000000 0.000000 1.000000
outer loop
vertex -136.700806 -266.215393 -0.000005
vertex -142.522827 -262.716980 -0.000006
vertex -142.467163 -266.305115 -0.000005
endloop
endfacet
facet normal -0.000000 0.000000 1.000000
outer loop
vertex -124.845337 -266.110748 -0.000005
vertex -124.901001 -262.522644 -0.000006
vertex -130.656128 -262.612335 -0.000006
endloop
endfacet
facet normal -0.000000 0.000000 1.000000
outer loop
vertex -124.845337 -266.110748 -0.000005
vertex -130.656128 -262.612335 -0.000006
vertex -130.600464 -266.200439 -0.000005
endloop
endfacet
facet normal 0.000000 0.000000 1.000000
outer loop
vertex -136.912354 -257.080658 -0.000006
vertex -136.968018 -253.492523 -0.000006
vertex -142.723145 -253.582230 -0.000006
endloop
endfacet
facet normal -0.000000 0.000000 1.000000
outer loop
vertex -136.912354 -257.080658 -0.000006
vertex -142.723145 -253.582230 -0.000006
vertex -142.667480 -257.155396 -0.000006
endloop
endfacet
facet normal -0.000000 0.000001 1.000000
outer loop
vertex -167.102173 -251.205109 -0.000007
vertex -167.091064 -252.849655 -0.000006
vertex -164.185547 -252.834717 -0.000006
endloop
endfacet
facet normal -0.000000 0.000000 1.000000
outer loop
vertex -164.185547 -252.834717 -0.000006
vertex -164.207886 -249.366180 -0.000007
vertex -165.721802 -249.381134 -0.000007
endloop
endfacet
facet normal -0.000000 0.000001 1.000000
outer loop
vertex -165.710693 -251.190155 -0.000007
vertex -167.102173 -251.205109 -0.000007
vertex -164.185547 -252.834717 -0.000006
endloop
endfacet
facet normal -0.000001 -0.000000 1.000000
outer loop
vertex -164.185547 -252.834717 -0.000006
vertex -165.721802 -249.381134 -0.000007
vertex -165.710693 -251.190155 -0.000007
endloop
endfacet
facet normal -0.000000 0.000000 1.000000
outer loop
vertex -160.834839 -252.789856 -0.000006
vertex -159.153931 -252.774902 -0.000006
vertex -159.176270 -249.261536 -0.000007
endloop
endfacet
facet normal -0.000000 0.000000 1.000000
outer loop
vertex -160.834839 -252.789856 -0.000006
vertex -159.176270 -249.261536 -0.000007
vertex -160.857178 -249.276489 -0.000007
endloop
endfacet
facet normal -0.000000 0.000000 1.000000
outer loop
vertex -155.502686 -249.515686 -0.000007
vertex -155.402466 -252.715103 -0.000006
vertex -152.953491 -252.640350 -0.000006
endloop
endfacet
facet normal 0.000000 0.000000 1.000000
outer loop
vertex -152.330078 -273.137482 -0.000005
vertex -155.391357 -273.227173 -0.000005
vertex -155.268921 -277.248871 -0.000005
endloop
endfacet
facet normal -0.000000 0.000000 1.000000
outer loop
vertex -151.294800 -249.381134 -0.000007
vertex -155.502686 -249.515686 -0.000007
vertex -152.953491 -252.640350 -0.000006
endloop
endfacet
facet normal -0.000000 0.000000 1.000000
outer loop
vertex -152.330078 -273.137482 -0.000005
vertex -155.268921 -277.248871 -0.000005
vertex -150.448730 -277.099365 -0.000005
endloop
endfacet
facet normal 0.000000 0.000000 1.000000
outer loop
vertex -151.294800 -249.381134 -0.000007
vertex -152.953491 -252.640350 -0.000006
vertex -152.330078 -273.137482 -0.000005
endloop
endfacet
facet normal 0.000000 0.000000 1.000000
outer loop
vertex -152.330078 -273.137482 -0.000005
vertex -150.448730 -277.099365 -0.000005
vertex -151.294800 -249.381134 -0.000007
endloop
endfacet
facet normal 0.000000 0.000000 1.000000
outer loop
vertex -158.708618 -273.152435 -0.000005
vertex -166.757080 -273.331848 -0.000005
vertex -166.679199 -277.159149 -0.000005
endloop
endfacet
facet normal -0.000000 0.000000 1.000000
outer loop
vertex -164.875732 -277.129272 -0.000005
vertex -164.808960 -280.732330 -0.000004
vertex -148.289185 -280.388458 -0.000004
endloop
endfacet
facet normal -0.000000 0.000000 1.000000
outer loop
vertex -158.708618 -273.152435 -0.000005
vertex -166.679199 -277.159149 -0.000005
vertex -164.875732 -277.129272 -0.000005
endloop
endfacet
facet normal -0.000000 0.000000 1.000000
outer loop
vertex -148.289185 -280.388458 -0.000004
vertex -148.344849 -277.712341 -0.000005
vertex -158.608521 -277.921631 -0.000005
endloop
endfacet
facet normal 0.000000 0.000000 1.000000
outer loop
vertex -158.608521 -277.921631 -0.000005
vertex -158.708618 -273.152435 -0.000005
vertex -164.875732 -277.129272 -0.000005
endloop
endfacet
facet normal 0.000000 0.000001 1.000000
outer loop
vertex -164.875732 -277.129272 -0.000005
vertex -148.289185 -280.388458 -0.000004
vertex -158.608521 -277.921631 -0.000005
endloop
endfacet
facet normal -0.000000 0.000000 1.000000
outer loop
vertex -146.519165 -276.695679 -0.000005
vertex -147.476562 -249.067169 -0.000007
vertex -150.638062 -249.186783 -0.000007
endloop
endfacet
facet normal -0.000000 0.000000 1.000000
outer loop
vertex -146.519165 -276.695679 -0.000005
vertex -150.638062 -249.186783 -0.000007
vertex -149.680664 -276.815308 -0.000005
endloop
endfacet
facet normal 0.000000 0.000000 1.000000
outer loop
vertex -165.989014 -245.538849 -0.000007
vertex -161.669800 -245.449158 -0.000007
vertex -161.680908 -244.716583 -0.000007
endloop
endfacet
facet normal 0.000000 0.000000 1.000000
outer loop
vertex -165.989014 -245.538849 -0.000007
vertex -161.680908 -244.716583 -0.000007
vertex -166.000122 -244.806274 -0.000007
endloop
endfacet
facet normal 0.000000 0.000000 1.000000
outer loop
vertex -161.057495 -245.419250 -0.000007
vertex -157.606567 -245.299652 -0.000007
vertex -157.628906 -244.641815 -0.000007
endloop
endfacet
facet normal -0.000000 0.000000 1.000000
outer loop
vertex -161.057495 -245.419250 -0.000007
vertex -157.628906 -244.641815 -0.000007
vertex -161.079834 -244.761429 -0.000007
endloop
endfacet
facet normal -0.000000 0.000000 1.000000
outer loop
vertex -151.472900 -245.389343 -0.000007
vertex -148.222412 -245.374390 -0.000007
vertex -148.222412 -244.671722 -0.000007
endloop
endfacet
facet normal 0.000000 0.000000 1.000000
outer loop
vertex -151.472900 -245.389343 -0.000007
vertex -148.222412 -244.671722 -0.000007
vertex -151.472900 -244.686676 -0.000007
endloop
endfacet
facet normal -0.000000 0.000000 1.000000
outer loop
vertex -124.912109 -241.128448 -0.000007
vertex -124.956665 -237.540314 -0.000008
vertex -130.722900 -237.630035 -0.000008
endloop
endfacet
facet normal -0.000000 0.000000 1.000000
outer loop
vertex -124.912109 -241.128448 -0.000007
vertex -130.722900 -237.630035 -0.000008
vertex -130.667358 -241.203201 -0.000007
endloop
endfacet
facet normal 0.000000 0.000000 1.000000
outer loop
vertex -125.346191 -233.129913 -0.000008
vertex -125.390747 -229.541779 -0.000008
vertex -131.157104 -229.631485 -0.000008
endloop
endfacet
facet normal 0.000000 0.000000 1.000000
outer loop
vertex -125.346191 -233.129913 -0.000008
vertex -131.157104 -229.631485 -0.000008
vertex -131.101440 -233.219620 -0.000008
endloop
endfacet
facet normal -0.000000 0.000000 1.000000
outer loop
vertex -125.179199 -226.461975 -0.000008
vertex -125.234863 -222.873840 -0.000009
vertex -130.990112 -222.963531 -0.000009
endloop
endfacet
facet normal -0.000000 0.000000 1.000000
outer loop
vertex -125.179199 -226.461975 -0.000008
vertex -130.990112 -222.963531 -0.000009
vertex -130.945557 -226.551666 -0.000008
endloop
endfacet
facet normal -0.000000 0.000000 1.000000
outer loop
vertex -139.795532 -197.951218 -0.000011
vertex -143.380005 -197.966171 -0.000011
vertex -143.357666 -203.737106 -0.000010
endloop
endfacet
facet normal -0.000000 0.000000 1.000000
outer loop
vertex -139.795532 -197.951218 -0.000011
vertex -143.357666 -203.737106 -0.000010
vertex -139.773193 -203.707199 -0.000010
endloop
endfacet
facet normal -0.000000 0.000000 1.000000
outer loop
vertex -125.802612 -197.622314 -0.000011
vertex -129.387085 -197.652206 -0.000011
vertex -129.364868 -203.408188 -0.000010
endloop
endfacet
facet normal -0.000000 0.000000 1.000000
outer loop
vertex -125.802612 -197.622314 -0.000011
vertex -129.364868 -203.408188 -0.000010
vertex -125.780396 -203.393234 -0.000010
endloop
endfacet
facet normal 0.000000 0.000000 1.000000
outer loop
vertex -146.842041 -340.474213 0.000000
vertex -146.842041 -339.158569 0.000000
vertex -159.577026 -339.248260 0.000000
endloop
endfacet
facet normal 0.000000 0.000000 1.000000
outer loop
vertex -146.842041 -340.474213 0.000000
vertex -159.577026 -339.248260 0.000000
vertex -159.565796 -340.563904 0.000000
endloop
endfacet
facet normal 0.000000 0.000000 1.000000
outer loop
vertex -145.995972 -340.504089 0.000000
vertex -123.698730 -340.100433 0.000000
vertex -123.720947 -338.844604 0.000000
endloop
endfacet
facet normal 0.000000 0.000000 1.000000
outer loop
vertex -145.995972 -340.504089 0.000000
vertex -123.720947 -338.844604 0.000000
vertex -146.018311 -339.248260 0.000000
endloop
endfacet
facet normal 0.000000 0.000000 1.000000
outer loop
vertex -471.950562 -492.114624 0.000012
vertex -462.633179 -528.413513 0.000014
vertex -461.085815 -528.667664 0.000014
endloop
endfacet
facet normal 0.000000 0.000000 1.000000
outer loop
vertex -461.085815 -528.667664 0.000014
vertex -440.781128 -528.174316 0.000014
vertex -436.161377 -527.920166 0.000014
endloop
endfacet
facet normal 0.000000 0.000000 1.000000
outer loop
vertex -436.161377 -527.920166 0.000014
vertex -432.020264 -527.516479 0.000014
vertex -428.380127 -523.375305 0.000014
endloop
endfacet
facet normal -0.000001 0.000000 1.000000
outer loop
vertex -428.380127 -523.375305 0.000014
vertex -426.999756 -519.637817 0.000014
vertex -426.999756 -516.393616 0.000013
endloop
endfacet
facet normal -0.000002 -0.000000 1.000000
outer loop
vertex -426.999756 -516.393616 0.000013
vertex -427.489624 -511.265747 0.000013
vertex -428.869995 -503.282410 0.000012
endloop
endfacet
facet normal 0.000000 0.000000 1.000000
outer loop
vertex -428.869995 -503.282410 0.000012
vertex -454.785156 -457.370453 0.000009
vertex -457.902100 -455.516632 0.000009
endloop
endfacet
facet normal -0.000000 0.000000 1.000000
outer loop
vertex -464.993164 -459.254181 0.000009
vertex -496.118042 -408.244019 0.000005
vertex -501.049561 -410.994873 0.000005
endloop
endfacet
facet normal -0.000000 0.000000 1.000000
outer loop
vertex -428.869995 -503.282410 0.000012
vertex -457.902100 -455.516632 0.000009
vertex -464.993164 -459.254181 0.000009
endloop
endfacet
facet normal 0.000000 0.000000 1.000000
outer loop
vertex -428.380127 -523.375305 0.000014
vertex -426.999756 -516.393616 0.000013
vertex -428.869995 -503.282410 0.000012
endloop
endfacet
facet normal 0.000000 0.000000 1.000000
outer loop
vertex -461.085815 -528.667664 0.000014
vertex -436.161377 -527.920166 0.000014
vertex -428.380127 -523.375305 0.000014
endloop
endfacet
facet normal -0.000000 0.000000 1.000000
outer loop
vertex -471.950562 -492.114624 0.000012
vertex -461.085815 -528.667664 0.000014
vertex -450.165344 -507.744965 0.000013
endloop
endfacet
facet normal -0.000000 0.000000 1.000000
outer loop
vertex -461.085815 -528.667664 0.000014
vertex -428.380127 -523.375305 0.000014
vertex -450.165344 -507.744965 0.000013
endloop
endfacet
facet normal 0.000000 0.000000 1.000000
outer loop
vertex -428.380127 -523.375305 0.000014
vertex -428.869995 -503.282410 0.000012
vertex -464.993164 -459.254181 0.000009
endloop
endfacet
facet normal -0.000000 0.000000 1.000000
outer loop
vertex -428.380127 -523.375305 0.000014
vertex -464.993164 -459.254181 0.000009
vertex -501.049561 -410.994873 0.000005
endloop
endfacet
facet normal 0.000000 0.000000 1.000000
outer loop
vertex -477.185364 -475.912415 0.000010
vertex -475.440430 -481.313141 0.000011
vertex -450.165344 -507.744965 0.000013
endloop
endfacet
facet normal 0.000000 0.000000 1.000000
outer loop
vertex -475.440430 -481.313141 0.000011
vertex -471.950562 -492.114624 0.000012
vertex -450.165344 -507.744965 0.000013
endloop
endfacet
facet normal -0.000000 0.000000 1.000000
outer loop
vertex -484.674438 -453.169464 0.000009
vertex -478.930298 -470.511658 0.000010
vertex -428.380127 -523.375305 0.000014
endloop
endfacet
facet normal 0.000002 0.000001 1.000000
outer loop
vertex -428.380127 -523.375305 0.000014
vertex -501.049561 -410.994873 0.000005
vertex -505.769409 -404.102783 0.000005
endloop
endfacet
facet normal 0.000000 0.000000 1.000000
outer loop
vertex -505.769409 -404.102783 0.000005
vertex -491.587402 -395.835266 0.000004
vertex -492.155029 -387.881714 0.000004
endloop
endfacet
facet normal 0.000000 0.000000 1.000000
outer loop
vertex -492.155029 -387.881714 0.000004
vertex -499.925171 -387.821930 0.000004
vertex -499.691406 -395.566162 0.000004
endloop
endfacet
facet normal -0.000000 0.000000 1.000000
outer loop
vertex -505.769409 -404.102783 0.000005
vertex -492.155029 -387.881714 0.000004
vertex -499.691406 -395.566162 0.000004
endloop
endfacet
facet normal 0.000000 0.000000 1.000000
outer loop
vertex -492.878662 -430.878693 0.000007
vertex -484.674438 -453.169464 0.000009
vertex -428.380127 -523.375305 0.000014
endloop
endfacet
facet normal 0.000000 0.000000 1.000000
outer loop
vertex -498.522583 -420.787262 0.000006
vertex -492.878662 -430.878693 0.000007
vertex -428.380127 -523.375305 0.000014
endloop
endfacet
facet normal -0.000000 0.000000 1.000000
outer loop
vertex -498.522583 -420.787262 0.000006
vertex -428.380127 -523.375305 0.000014
vertex -505.769409 -404.102783 0.000005
endloop
endfacet
facet normal 0.000000 0.000000 1.000000
outer loop
vertex -468.688965 72.464050 19.999969
vertex -501.539307 71.596893 19.999969
vertex -500.192383 20.554260 19.999973
endloop
endfacet
facet normal 0.000000 0.000000 1.000000
outer loop
vertex -468.688965 72.464050 19.999969
vertex -500.192383 20.554260 19.999973
vertex -467.341919 21.421417 19.999973
endloop
endfacet
facet normal -0.026388 0.999652 0.000000
outer loop
vertex -501.539307 71.596893 -0.000031
vertex -501.539307 71.596893 19.999969
vertex -468.688965 72.464050 19.999969
endloop
endfacet
facet normal -0.026388 0.999652 0.000000
outer loop
vertex -501.539307 71.596893 -0.000031
vertex -468.688965 72.464050 19.999969
vertex -468.688965 72.464050 -0.000031
endloop
endfacet
facet normal -0.999652 -0.026380 0.000000
outer loop
vertex -500.192383 20.554260 -0.000027
vertex -500.192383 20.554260 19.999973
vertex -501.539307 71.596893 19.999969
endloop
endfacet
facet normal -0.999652 -0.026378 0.000000
outer loop
vertex -500.192383 20.554260 -0.000027
vertex -501.539307 71.596893 19.999969
vertex -501.539307 71.596893 -0.000031
endloop
endfacet
facet normal 0.026388 -0.999652 0.000000
outer loop
vertex -467.341919 21.421417 -0.000027
vertex -467.341919 21.421417 19.999973
vertex -500.192383 20.554260 19.999973
endloop
endfacet
facet normal 0.026388 -0.999652 0.000000
outer loop
vertex -467.341919 21.421417 -0.000027
vertex -500.192383 20.554260 19.999973
vertex -500.192383 20.554260 -0.000027
endloop
endfacet
facet normal 0.999652 0.026382 0.000000
outer loop
vertex -468.688965 72.464050 -0.000031
vertex -468.688965 72.464050 19.999969
vertex -467.341919 21.421417 19.999973
endloop
endfacet
facet normal 0.999652 0.026382 0.000000
outer loop
vertex -468.688965 72.464050 -0.000031
vertex -467.341919 21.421417 19.999973
vertex -467.341919 21.421417 -0.000027
endloop
endfacet
facet normal -0.000000 0.000000 1.000000
outer loop
vertex -32.561401 -20.859772 -0.000024
vertex -34.965942 -20.964417 -0.000024
vertex -36.390869 -22.668823 -0.000024
endloop
endfacet
facet normal -0.000000 0.000000 1.000000
outer loop
vertex -36.390869 -22.668823 -0.000024
vertex -36.168213 -25.180573 -0.000024
vertex -34.587402 -26.600891 -0.000024
endloop
endfacet
facet normal 0.000000 0.000000 1.000000
outer loop
vertex -34.587402 -26.600891 -0.000024
vertex -32.394409 -26.541077 -0.000024
vertex -30.969604 -25.180573 -0.000024
endloop
endfacet
facet normal -0.000000 0.000000 1.000000
outer loop
vertex -30.969604 -25.180573 -0.000024
vertex -30.858276 -22.773468 -0.000024
vertex -32.561401 -20.859772 -0.000024
endloop
endfacet
facet normal 0.000000 0.000000 1.000000
outer loop
vertex -32.561401 -20.859772 -0.000024
vertex -36.390869 -22.668823 -0.000024
vertex -34.587402 -26.600891 -0.000024
endloop
endfacet
facet normal -0.000000 0.000000 1.000000
outer loop
vertex -34.587402 -26.600891 -0.000024
vertex -30.969604 -25.180573 -0.000024
vertex -32.561401 -20.859772 -0.000024
endloop
endfacet
facet normal -0.000000 0.000000 1.000000
outer loop
vertex -226.880737 -528.368652 0.000014
vertex -176.386230 -527.725830 0.000014
vertex -178.924316 -394.370148 0.000004
endloop
endfacet
facet normal 0.000000 0.000000 1.000000
outer loop
vertex -226.880737 -528.368652 0.000014
vertex -178.924316 -394.370148 0.000004
vertex -227.993896 -394.205688 0.000004
endloop
endfacet
facet normal -0.000000 0.000000 1.000000
outer loop
vertex -161.035278 -527.905212 0.000014
vertex 84.724731 -522.986633 0.000014
vertex 80.617065 -389.900024 0.000004
endloop
endfacet
facet normal -0.000000 0.000000 1.000000
outer loop
vertex -161.035278 -527.905212 0.000014
vertex 80.617065 -389.900024 0.000004
vertex -165.688354 -393.174133 0.000004
endloop
endfacet
facet normal -0.000000 0.000000 1.000000
outer loop
vertex -504.489258 -300.063263 -0.000003
vertex -503.286987 -302.619781 -0.000003
vertex -482.225342 -302.545044 -0.000003
endloop
endfacet
facet normal -0.000000 0.000000 1.000000
outer loop
vertex -482.225342 -302.545044 -0.000003
vertex -418.528320 -301.244324 -0.000003
vertex -416.669312 -301.199493 -0.000003
endloop
endfacet
facet normal 0.000000 0.000000 1.000000
outer loop
vertex -416.669312 -301.199493 -0.000003
vertex -418.183228 -196.471115 -0.000011
vertex -504.489258 -300.063263 -0.000003
endloop
endfacet
facet normal 0.000000 0.000000 1.000000
outer loop
vertex -504.489258 -300.063263 -0.000003
vertex -482.225342 -302.545044 -0.000003
vertex -416.669312 -301.199493 -0.000003
endloop
endfacet
facet normal 0.000000 0.000000 1.000000
outer loop
vertex -301.464844 -195.260117 -0.000011
vertex -301.320068 -210.778824 -0.000010
vertex -297.880249 -210.793777 -0.000010
endloop
endfacet
facet normal -0.000000 0.000000 1.000000
outer loop
vertex -257.126221 -210.061203 -0.000010
vertex -250.892334 -209.971497 -0.000010
vertex -251.293091 -194.662094 -0.000011
endloop
endfacet
facet normal -0.000000 0.000000 1.000000
outer loop
vertex -301.464844 -195.260117 -0.000011
vertex -297.880249 -210.793777 -0.000010
vertex -257.126221 -210.061203 -0.000010
endloop
endfacet
facet normal -0.000000 0.000000 1.000000
outer loop
vertex -257.126221 -210.061203 -0.000010
vertex -251.293091 -194.662094 -0.000011
vertex -301.464844 -195.260117 -0.000011
endloop
endfacet
facet normal -0.000000 0.000000 1.000000
outer loop
vertex -250.391357 -250.248260 -0.000007
vertex -250.892334 -209.971497 -0.000010
vertex -257.126221 -210.061203 -0.000010
endloop
endfacet
facet normal -0.000000 0.000000 1.000000
outer loop
vertex -250.391357 -250.248260 -0.000007
vertex -257.126221 -210.061203 -0.000010
vertex -297.880249 -210.793777 -0.000010
endloop
endfacet
facet normal -0.000000 0.000000 1.000000
outer loop
vertex -256.257935 -250.203415 -0.000007
vertex -254.799683 -250.263214 -0.000007
vertex -250.391357 -250.248260 -0.000007
endloop
endfacet
facet normal -0.000000 0.000000 1.000000
outer loop
vertex -297.958252 -250.427673 -0.000007
vertex -261.634644 -250.233307 -0.000007
vertex -256.257935 -250.203415 -0.000007
endloop
endfacet
facet normal 0.000000 0.000000 1.000000
outer loop
vertex -388.995361 -250.816391 -0.000007
vertex -387.859863 -250.816391 -0.000007
vertex -297.958252 -250.427673 -0.000007
endloop
endfacet
facet normal -0.000000 0.000000 1.000000
outer loop
vertex -395.440674 -196.306656 -0.000011
vertex -394.349731 -250.935989 -0.000007
vertex -388.995361 -250.816391 -0.000007
endloop
endfacet
facet normal -0.000000 0.000000 1.000000
outer loop
vertex -301.320068 -210.778824 -0.000010
vertex -301.464844 -195.260117 -0.000011
vertex -395.440674 -196.306656 -0.000011
endloop
endfacet
facet normal 0.000000 0.000000 1.000000
outer loop
vertex -250.391357 -250.248260 -0.000007
vertex -297.880249 -210.793777 -0.000010
vertex -301.320068 -210.778824 -0.000010
endloop
endfacet
facet normal -0.000000 0.000000 1.000000
outer loop
vertex -388.995361 -250.816391 -0.000007
vertex -297.958252 -250.427673 -0.000007
vertex -256.257935 -250.203415 -0.000007
endloop
endfacet
facet normal 0.000000 0.000000 1.000000
outer loop
vertex -256.257935 -250.203415 -0.000007
vertex -250.391357 -250.248260 -0.000007
vertex -301.320068 -210.778824 -0.000010
endloop
endfacet
facet normal 0.000000 0.000000 1.000000
outer loop
vertex -301.320068 -210.778824 -0.000010
vertex -395.440674 -196.306656 -0.000011
vertex -388.995361 -250.816391 -0.000007
endloop
endfacet
facet normal -0.000000 0.000000 1.000000
outer loop
vertex -301.320068 -210.778824 -0.000010
vertex -388.995361 -250.816391 -0.000007
vertex -256.257935 -250.203415 -0.000007
endloop
endfacet
facet normal -0.000000 0.000000 1.000000
outer loop
vertex -251.293091 -178.037003 -0.000012
vertex -255.912842 -4.922119 -0.000025
vertex -401.607788 -5.699554 -0.000025
endloop
endfacet
facet normal -0.000000 0.000000 1.000000
outer loop
vertex -251.293091 -178.037003 -0.000012
vertex -401.607788 -5.699554 -0.000025
vertex -398.535400 -179.576920 -0.000012
endloop
endfacet
facet normal 0.000000 0.000000 1.000000
outer loop
vertex -257.705078 12.510651 -0.000026
vertex -257.705078 186.346680 -0.000040
vertex -402.631958 184.298340 -0.000039
endloop
endfacet
facet normal -0.000000 0.000000 1.000000
outer loop
vertex -257.705078 12.510651 -0.000026
vertex -402.631958 184.298340 -0.000039
vertex -401.863892 11.239807 -0.000026
endloop
endfacet
facet normal -0.000000 0.000000 1.000000
outer loop
vertex -229.686035 -353.331512 0.000001
vertex -27.396240 -353.047455 0.000001
vertex -32.962158 -194.004257 -0.000011
endloop
endfacet
facet normal -0.000000 0.000000 1.000000
outer loop
vertex -229.686035 -353.331512 0.000001
vertex -32.962158 -194.004257 -0.000011
vertex -232.390991 -194.527542 -0.000011
endloop
endfacet
facet normal -0.000000 0.000000 1.000000
outer loop
vertex -232.903076 -175.854218 -0.000012
vertex 77.277466 -172.669724 -0.000012
vertex 73.236572 0.191101 -0.000026
endloop
endfacet
facet normal 0.000000 0.000000 1.000000
outer loop
vertex -232.903076 -175.854218 -0.000012
vertex 73.236572 0.191101 -0.000026
vertex -236.098022 -3.083160 -0.000025
endloop
endfacet
facet normal -0.000000 0.000000 1.000000
outer loop
vertex -16.631592 -351.432831 0.000001
vertex 78.468628 -349.369659 0.000001
vertex 78.390747 -189.055618 -0.000011
endloop
endfacet
facet normal -0.000000 0.000000 1.000000
outer loop
vertex -16.631592 -351.432831 0.000001
vertex 78.390747 -189.055618 -0.000011
vertex -21.863647 -191.537415 -0.000011
endloop
endfacet
facet normal 0.000000 0.000000 1.000000
outer loop
vertex -237.945923 11.538849 -0.000026
vertex -92.607178 14.947662 -0.000027
vertex -95.111816 187.781982 -0.000040
endloop
endfacet
facet normal -0.000000 0.000000 1.000000
outer loop
vertex -237.945923 11.538849 -0.000026
vertex -95.111816 187.781982 -0.000040
vertex -238.636108 185.509399 -0.000040
endloop
endfacet
facet normal -0.000000 0.000000 1.000000
outer loop
vertex -75.319214 188.469727 -0.000040
vertex -70.543701 14.469208 -0.000027
vertex 72.056641 14.932709 -0.000027
endloop
endfacet
facet normal -0.000000 0.000000 1.000000
outer loop
vertex -75.319214 188.469727 -0.000040
vertex 72.056641 14.932709 -0.000027
vertex 70.242065 192.342102 -0.000040
endloop
endfacet
facet normal -0.000000 0.000000 1.000000
outer loop
vertex -403.433472 199.623352 -0.000041
vertex -258.974121 200.909119 -0.000041
vertex -263.059570 376.991272 -0.000054
endloop
endfacet
facet normal -0.000000 0.000000 1.000000
outer loop
vertex -403.433472 199.623352 -0.000041
vertex -263.059570 376.991272 -0.000054
vertex -407.708130 373.492615 -0.000054
endloop
endfacet
facet normal -0.000000 0.000000 1.000000
outer loop
vertex 153.876465 -521.970032 0.000014
vertex 152.841187 -472.784088 0.000010
vertex 102.580444 -474.249207 0.000010
endloop
endfacet
facet normal -0.000000 0.000000 1.000000
outer loop
vertex 153.876465 -521.970032 0.000014
vertex 102.580444 -474.249207 0.000010
vertex 103.370850 -522.881958 0.000014
endloop
endfacet
facet normal -0.000000 0.000000 1.000000
outer loop
vertex 101.122192 -391.708984 0.000004
vertex 102.580444 -474.249207 0.000010
vertex 152.841187 -472.784088 0.000010
endloop
endfacet
facet normal -0.000000 0.000000 1.000000
outer loop
vertex 152.841187 -472.784088 0.000010
vertex 153.876465 -521.970032 0.000014
vertex 200.630615 -521.028198 0.000014
endloop
endfacet
facet normal -0.000000 0.000000 1.000000
outer loop
vertex 200.630615 -521.028198 0.000014
vertex 197.981201 -389.316956 0.000004
vertex 101.122192 -391.708984 0.000004
endloop
endfacet
facet normal -0.000000 0.000000 1.000000
outer loop
vertex 152.841187 -472.784088 0.000010
vertex 200.630615 -521.028198 0.000014
vertex 101.122192 -391.708984 0.000004
endloop
endfacet
facet normal 0.000000 0.000000 1.000000
outer loop
vertex 321.735107 -389.615967 0.000004
vertex 324.139648 -519.234131 0.000014
vertex 424.282654 -516.976685 0.000013
endloop
endfacet
facet normal -0.000000 0.000000 1.000000
outer loop
vertex 321.735107 -389.615967 0.000004
vertex 424.282654 -516.976685 0.000013
vertex 421.599854 -388.494690 0.000004
endloop
endfacet
facet normal -0.000000 0.000000 1.000000
outer loop
vertex 268.836060 -520.131165 0.000014
vertex 307.441650 -519.458374 0.000014
vertex 306.851685 -497.676086 0.000012
endloop
endfacet
facet normal -0.000000 0.000000 1.000000
outer loop
vertex 306.851685 -497.676086 0.000012
vertex 303.545532 -497.735901 0.000012
vertex 276.083008 -498.348846 0.000012
endloop
endfacet
facet normal -0.000000 0.000000 1.000000
outer loop
vertex 276.083008 -498.348846 0.000012
vertex 267.912109 -498.423584 0.000012
vertex 268.836060 -520.131165 0.000014
endloop
endfacet
facet normal -0.000000 0.000000 1.000000
outer loop
vertex 306.851685 -497.676086 0.000012
vertex 276.083008 -498.348846 0.000012
vertex 268.836060 -520.131165 0.000014
endloop
endfacet
facet normal -0.000000 0.000000 1.000000
outer loop
vertex 265.641235 -416.496552 0.000006
vertex 267.912109 -498.423584 0.000012
vertex 276.083008 -498.348846 0.000012
endloop
endfacet
facet normal -0.000000 0.000000 1.000000
outer loop
vertex 303.545532 -497.735901 0.000012
vertex 306.851685 -497.676086 0.000012
vertex 305.415649 -415.898529 0.000006
endloop
endfacet
facet normal -0.000000 0.000000 1.000000
outer loop
vertex 265.641235 -416.496552 0.000006
vertex 276.083008 -498.348846 0.000012
vertex 303.545532 -497.735901 0.000012
endloop
endfacet
facet normal 0.000000 0.000000 1.000000
outer loop
vertex 301.808960 -415.958344 0.000006
vertex 274.557861 -416.362000 0.000006
vertex 265.641235 -416.496552 0.000006
endloop
endfacet
facet normal -0.000000 0.000000 1.000000
outer loop
vertex 303.545532 -497.735901 0.000012
vertex 305.415649 -415.898529 0.000006
vertex 301.808960 -415.958344 0.000006
endloop
endfacet
facet normal -0.000000 0.000000 1.000000
outer loop
vertex 303.545532 -497.735901 0.000012
vertex 301.808960 -415.958344 0.000006
vertex 265.641235 -416.496552 0.000006
endloop
endfacet
facet normal -0.000000 0.000000 1.000000
outer loop
vertex 265.474243 -387.986359 0.000004
vertex 265.641235 -416.496552 0.000006
vertex 274.557861 -416.362000 0.000006
endloop
endfacet
facet normal -0.000000 0.000000 1.000000
outer loop
vertex 274.557861 -416.362000 0.000006
vertex 301.808960 -415.958344 0.000006
vertex 305.415649 -415.898529 0.000006
endloop
endfacet
facet normal -0.000000 0.000000 1.000000
outer loop
vertex 305.415649 -415.898529 0.000006
vertex 305.170776 -386.969757 0.000004
vertex 265.474243 -387.986359 0.000004
endloop
endfacet
facet normal -0.000000 0.000000 1.000000
outer loop
vertex 274.557861 -416.362000 0.000006
vertex 305.415649 -415.898529 0.000006
vertex 265.474243 -387.986359 0.000004
endloop
endfacet
facet normal -0.000000 0.000000 1.000000
outer loop
vertex 211.629028 -520.878662 0.000014
vertex 248.253174 -520.280640 0.000014
vertex 245.536865 -388.614288 0.000004
endloop
endfacet
facet normal -0.000000 0.000000 1.000000
outer loop
vertex 211.629028 -520.878662 0.000014
vertex 245.536865 -388.614288 0.000004
vertex 208.311646 -389.526245 0.000004
endloop
endfacet
facet normal -0.000000 0.000000 1.000000
outer loop
vertex 297.456299 -186.319656 -0.000011
vertex 260.587280 -187.321350 -0.000011
vertex 262.513184 -254.030746 -0.000006
endloop
endfacet
facet normal -0.000000 0.000000 1.000000
outer loop
vertex 297.456299 -186.319656 -0.000011
vertex 262.513184 -254.030746 -0.000006
vertex 270.260986 -253.881241 -0.000006
endloop
endfacet
facet normal -0.000000 0.000000 1.000000
outer loop
vertex 303.645752 -253.881241 -0.000006
vertex 302.677246 -189.773239 -0.000011
vertex 297.545410 -189.922745 -0.000011
endloop
endfacet
facet normal 0.000000 0.000000 1.000000
outer loop
vertex 297.545410 -189.922745 -0.000011
vertex 297.456299 -186.319656 -0.000011
vertex 270.260986 -253.881241 -0.000006
endloop
endfacet
facet normal 0.000000 0.000000 1.000000
outer loop
vertex 297.523071 -253.881241 -0.000006
vertex 303.645752 -253.881241 -0.000006
vertex 297.545410 -189.922745 -0.000011
endloop
endfacet
facet normal 0.000000 0.000000 1.000000
outer loop
vertex 270.260986 -253.881241 -0.000006
vertex 297.523071 -253.881241 -0.000006
vertex 297.545410 -189.922745 -0.000011
endloop
endfacet
facet normal -0.000000 0.000000 1.000000
outer loop
vertex 270.260986 -253.881241 -0.000006
vertex 262.513184 -254.030746 -0.000006
vertex 264.294312 -346.633759 0.000001
endloop
endfacet
facet normal 0.000000 0.000000 1.000000
outer loop
vertex 264.294312 -346.633759 0.000001
vertex 304.747803 -346.902863 0.000001
vertex 303.645752 -253.881241 -0.000006
endloop
endfacet
facet normal 0.000000 0.000000 1.000000
outer loop
vertex 297.523071 -253.881241 -0.000006
vertex 270.260986 -253.881241 -0.000006
vertex 264.294312 -346.633759 0.000001
endloop
endfacet
facet normal 0.000000 0.000000 1.000000
outer loop
vertex 264.294312 -346.633759 0.000001
vertex 303.645752 -253.881241 -0.000006
vertex 297.523071 -253.881241 -0.000006
endloop
endfacet
facet normal 0.000000 0.000000 1.000000
outer loop
vertex 271.006836 -333.896027 0.000000
vertex 271.262817 -341.296478 0.000000
vertex 298.246704 -341.356262 0.000000
endloop
endfacet
facet normal 0.000000 0.000000 1.000000
outer loop
vertex 271.006836 -333.896027 0.000000
vertex 298.246704 -341.356262 0.000000
vertex 298.035156 -333.402679 0.000000
endloop
endfacet
facet normal -0.000000 0.000000 1.000000
outer loop
vertex 208.701294 -350.909546 0.000001
vertex 245.080566 -350.580658 0.000001
vertex 244.646362 -315.088440 -0.000002
endloop
endfacet
facet normal 0.000000 0.000000 1.000000
outer loop
vertex 244.646362 -315.088440 -0.000002
vertex 237.889282 -315.088440 -0.000002
vertex 214.122559 -315.372498 -0.000002
endloop
endfacet
facet normal -0.000000 0.000000 1.000000
outer loop
vertex 214.122559 -315.372498 -0.000002
vertex 207.354370 -315.447235 -0.000002
vertex 208.701294 -350.909546 0.000001
endloop
endfacet
facet normal -0.000000 0.000000 1.000000
outer loop
vertex 244.646362 -315.088440 -0.000002
vertex 214.122559 -315.372498 -0.000002
vertex 208.701294 -350.909546 0.000001
endloop
endfacet
facet normal -0.000000 0.000000 1.000000
outer loop
vertex 206.029663 -234.624969 -0.000008
vertex 207.354370 -315.447235 -0.000002
vertex 214.122559 -315.372498 -0.000002
endloop
endfacet
facet normal 0.000000 0.000000 1.000000
outer loop
vertex 237.889282 -315.088440 -0.000002
vertex 244.646362 -315.088440 -0.000002
vertex 241.106445 -187.844620 -0.000011
endloop
endfacet
facet normal -0.000000 0.000000 1.000000
outer loop
vertex 206.029663 -234.624969 -0.000008
vertex 214.122559 -315.372498 -0.000002
vertex 237.889282 -315.088440 -0.000002
endloop
endfacet
facet normal -0.000000 0.000000 1.000000
outer loop
vertex 214.456543 -192.225143 -0.000011
vertex 204.838501 -192.374649 -0.000011
vertex 206.029663 -234.624969 -0.000008
endloop
endfacet
facet normal 0.000000 0.000000 1.000000
outer loop
vertex 241.106445 -187.844620 -0.000011
vertex 214.378540 -188.562241 -0.000011
vertex 214.456543 -192.225143 -0.000011
endloop
endfacet
facet normal -0.000000 0.000000 1.000000
outer loop
vertex 206.029663 -234.624969 -0.000008
vertex 237.889282 -315.088440 -0.000002
vertex 241.106445 -187.844620 -0.000011
endloop
endfacet
facet normal -0.000000 0.000000 1.000000
outer loop
vertex 241.106445 -187.844620 -0.000011
vertex 214.456543 -192.225143 -0.000011
vertex 206.029663 -234.624969 -0.000008
endloop
endfacet
facet normal -0.000000 0.000000 1.000000
outer loop
vertex 97.192627 -172.041809 -0.000013
vertex 194.296509 -169.873962 -0.000013
vertex 190.122070 3.270996 -0.000026
endloop
endfacet
facet normal -0.000000 0.000000 1.000000
outer loop
vertex 97.192627 -172.041809 -0.000013
vertex 190.122070 3.270996 -0.000026
vertex 93.942017 1.207764 -0.000026
endloop
endfacet
facet normal -0.000000 0.000000 1.000000
outer loop
vertex 93.641479 19.731964 -0.000027
vertex 236.820557 21.944702 -0.000027
vertex 233.347412 193.254089 -0.000040
endloop
endfacet
facet normal -0.000000 0.000000 1.000000
outer loop
vertex 93.641479 19.731964 -0.000027
vertex 233.347412 193.254089 -0.000040
vertex 90.479980 191.041321 -0.000040
endloop
endfacet
facet normal -0.000000 0.000000 1.000000
outer loop
vertex 201.677002 3.300873 -0.000026
vertex 204.838501 -169.739410 -0.000013
vertex 214.745972 -169.604843 -0.000013
endloop
endfacet
facet normal 0.000000 0.000000 1.000000
outer loop
vertex 214.745972 -169.604843 -0.000013
vertex 214.901855 -172.520218 -0.000013
vertex 241.874512 -172.071701 -0.000013
endloop
endfacet
facet normal -0.000000 0.000000 1.000000
outer loop
vertex 241.874512 -172.071701 -0.000013
vertex 238.134155 4.003571 -0.000026
vertex 201.677002 3.300873 -0.000026
endloop
endfacet
facet normal 0.000000 0.000000 1.000000
outer loop
vertex 214.745972 -169.604843 -0.000013
vertex 241.874512 -172.071701 -0.000013
vertex 201.677002 3.300873 -0.000026
endloop
endfacet
facet normal -0.000000 0.000000 1.000000
outer loop
vertex 86.995728 381.820618 -0.000054
vertex 88.899292 206.725159 -0.000041
vertex 233.981934 210.328430 -0.000041
endloop
endfacet
facet normal 0.000000 0.000000 1.000000
outer loop
vertex 86.995728 381.820618 -0.000054
vertex 233.981934 210.328430 -0.000041
vertex 226.779541 383.764343 -0.000055
endloop
endfacet
facet normal -0.000000 0.000000 1.000000
outer loop
vertex -78.057739 378.007996 -0.000054
vertex -75.408325 204.811401 -0.000041
vertex 69.674438 207.218567 -0.000041
endloop
endfacet
facet normal -0.000000 0.000000 1.000000
outer loop
vertex -78.057739 378.007996 -0.000054
vertex 69.674438 207.218567 -0.000041
vertex 65.110229 381.372070 -0.000054
endloop
endfacet
facet normal -0.000000 0.000000 1.000000
outer loop
vertex -241.641724 201.925842 -0.000041
vertex -95.345581 204.572205 -0.000041
vertex -101.111938 377.798645 -0.000054
endloop
endfacet
facet normal -0.000000 0.000000 1.000000
outer loop
vertex -241.641724 201.925842 -0.000041
vertex -101.111938 377.798645 -0.000054
vertex -243.322632 377.080994 -0.000054
endloop
endfacet
facet normal 0.000000 0.000000 1.000000
outer loop
vertex -478.930298 -470.511658 0.000010
vertex -477.185364 -475.912415 0.000010
vertex -450.165344 -507.744965 0.000013
endloop
endfacet
facet normal 0.000000 0.000000 1.000000
outer loop
vertex -478.930298 -470.511658 0.000010
vertex -450.165344 -507.744965 0.000013
vertex -428.380127 -523.375305 0.000014
endloop
endfacet
endsolid Chicago
