solid Exported from Blender-3.6.5
facet normal -0.000000 0.000000 1.000000
outer loop
vertex 100.651894 1.030760 -0.000006
vertex 101.270294 -35.205021 -0.000003
vertex 106.858337 -35.074409 -0.000003
endloop
endfacet
facet normal 0.000000 0.000000 1.000000
outer loop
vertex 73.547028 -76.731400 6.719973
vertex 92.824654 -76.480240 6.719973
vertex 92.388275 -42.870716 6.719970
endloop
endfacet
facet normal 0.000000 0.000000 1.000000
outer loop
vertex 73.547028 -76.731400 6.719973
vertex 92.388275 -42.870716 6.719970
vertex 73.110680 -43.121883 6.719970
endloop
endfacet
facet normal 0.013027 -0.999915 0.000000
outer loop
vertex 92.824654 -76.480240 0.000000
vertex 92.824654 -76.480240 6.719973
vertex 73.547028 -76.731400 6.719973
endloop
endfacet
facet normal 0.013027 -0.999915 0.000000
outer loop
vertex 92.824654 -76.480240 0.000000
vertex 73.547028 -76.731400 6.719973
vertex 73.547028 -76.731400 0.000000
endloop
endfacet
facet normal 0.999916 0.012983 0.000000
outer loop
vertex 92.388275 -42.870716 -0.000002
vertex 92.388275 -42.870716 6.719970
vertex 92.824654 -76.480240 6.719973
endloop
endfacet
facet normal 0.999916 0.012983 0.000000
outer loop
vertex 92.388275 -42.870716 -0.000002
vertex 92.824654 -76.480240 6.719973
vertex 92.824654 -76.480240 0.000000
endloop
endfacet
facet normal -0.013028 0.999915 0.000000
outer loop
vertex 73.110680 -43.121883 -0.000002
vertex 73.110680 -43.121883 6.719970
vertex 92.388275 -42.870716 6.719970
endloop
endfacet
facet normal -0.013028 0.999915 0.000000
outer loop
vertex 73.110680 -43.121883 -0.000002
vertex 92.388275 -42.870716 6.719970
vertex 92.388275 -42.870716 -0.000002
endloop
endfacet
facet normal -0.999916 -0.012982 0.000000
outer loop
vertex 73.547028 -76.731400 0.000000
vertex 73.547028 -76.731400 6.719973
vertex 73.110680 -43.121883 6.719970
endloop
endfacet
facet normal -0.999916 -0.012982 0.000000
outer loop
vertex 73.547028 -76.731400 0.000000
vertex 73.110680 -43.121883 6.719970
vertex 73.110680 -43.121883 -0.000002
endloop
endfacet
facet normal 0.000005 0.000000 1.000000
outer loop
vertex -11.687354 -38.165470 41.215828
vertex -10.198712 -38.135330 41.215828
vertex -10.266032 -35.861408 41.215828
endloop
endfacet
facet normal 0.000000 0.000000 1.000000
outer loop
vertex -3.712993 -35.727451 41.215828
vertex -3.645673 -38.068352 41.215828
vertex 15.816463 -37.733459 41.215828
endloop
endfacet
facet normal 0.000000 0.000000 1.000000
outer loop
vertex -26.134968 -38.456829 41.215828
vertex -11.687354 -38.165470 41.215828
vertex -10.266032 -35.861408 41.215828
endloop
endfacet
facet normal -0.000000 0.000000 1.000000
outer loop
vertex -3.712993 -35.727451 41.215828
vertex 15.816463 -37.733459 41.215828
vertex 15.584561 -24.665894 41.215828
endloop
endfacet
facet normal 0.000000 0.000000 1.000000
outer loop
vertex -26.853121 -38.470226 41.215828
vertex -26.134968 -38.456829 41.215828
vertex -10.266032 -35.861408 41.215828
endloop
endfacet
facet normal 0.000000 0.000000 1.000000
outer loop
vertex -10.266032 -35.861408 41.215828
vertex -3.712993 -35.727451 41.215828
vertex 15.584561 -24.665894 41.215828
endloop
endfacet
facet normal -0.000000 0.000000 1.000000
outer loop
vertex 15.584561 -24.665894 41.215828
vertex 15.415004 -15.061088 41.215828
vertex -4.047132 -15.459615 41.215828
endloop
endfacet
facet normal 0.000001 0.000000 1.000000
outer loop
vertex -10.600171 -15.596921 41.215828
vertex -10.802159 -1.685271 41.215824
vertex -15.784252 -1.902960 41.215824
endloop
endfacet
facet normal 0.000000 0.000000 1.000000
outer loop
vertex 15.584561 -24.665894 41.215828
vertex -4.047132 -15.459615 41.215828
vertex -10.600171 -15.596921 41.215828
endloop
endfacet
facet normal 0.000001 0.000000 1.000000
outer loop
vertex -26.853121 -38.470226 41.215828
vertex -10.266032 -35.861408 41.215828
vertex 15.584561 -24.665894 41.215828
endloop
endfacet
facet normal 0.000000 0.000000 1.000000
outer loop
vertex -22.870903 -1.949841 41.215824
vertex -27.321899 -1.953190 41.215824
vertex -26.853121 -38.470226 41.215828
endloop
endfacet
facet normal -0.000000 0.000000 1.000000
outer loop
vertex -10.600171 -15.596921 41.215828
vertex -15.784252 -1.902960 41.215824
vertex -22.870903 -1.949841 41.215824
endloop
endfacet
facet normal 0.000000 0.000000 1.000000
outer loop
vertex -26.853121 -38.470226 41.215828
vertex 15.584561 -24.665894 41.215828
vertex -10.600171 -15.596921 41.215828
endloop
endfacet
facet normal -0.000000 0.000000 1.000000
outer loop
vertex -10.600171 -15.596921 41.215828
vertex -22.870903 -1.949841 41.215824
vertex -26.853121 -38.470226 41.215828
endloop
endfacet
facet normal 0.999562 0.029592 -0.000000
outer loop
vertex -10.266032 -35.861412 -0.000003
vertex -10.266032 -35.861408 41.215828
vertex -10.198712 -38.135330 41.215828
endloop
endfacet
facet normal 0.999562 0.029592 -0.000000
outer loop
vertex -10.266032 -35.861412 -0.000003
vertex -10.198712 -38.135330 41.215828
vertex -10.198712 -38.135334 -0.000003
endloop
endfacet
facet normal 0.020438 -0.999791 0.000000
outer loop
vertex -3.712993 -35.727455 -0.000003
vertex -3.712993 -35.727451 41.215828
vertex -10.266032 -35.861408 41.215828
endloop
endfacet
facet normal 0.020438 -0.999791 0.000000
outer loop
vertex -3.712993 -35.727455 -0.000003
vertex -10.266032 -35.861408 41.215828
vertex -10.266032 -35.861412 -0.000003
endloop
endfacet
facet normal -0.999587 -0.028746 0.000000
outer loop
vertex -3.645673 -38.068356 -0.000003
vertex -3.645673 -38.068352 41.215828
vertex -3.712993 -35.727451 41.215828
endloop
endfacet
facet normal -0.999587 -0.028746 0.000000
outer loop
vertex -3.645673 -38.068356 -0.000003
vertex -3.712993 -35.727451 41.215828
vertex -3.712993 -35.727455 -0.000003
endloop
endfacet
facet normal 0.017205 -0.999852 0.000000
outer loop
vertex 15.816463 -37.733463 -0.000003
vertex 15.816463 -37.733459 41.215828
vertex -3.645673 -38.068352 41.215828
endloop
endfacet
facet normal 0.017205 -0.999852 0.000000
outer loop
vertex 15.816463 -37.733463 -0.000003
vertex -3.645673 -38.068352 41.215828
vertex -3.645673 -38.068356 -0.000003
endloop
endfacet
facet normal 0.999843 0.017743 0.000000
outer loop
vertex 15.584561 -24.665895 -0.000004
vertex 15.584561 -24.665894 41.215828
vertex 15.816463 -37.733459 41.215828
endloop
endfacet
facet normal 0.999843 0.017743 -0.000000
outer loop
vertex 15.584561 -24.665895 -0.000004
vertex 15.816463 -37.733459 41.215828
vertex 15.816463 -37.733463 -0.000003
endloop
endfacet
facet normal 0.999844 0.017651 0.000000
outer loop
vertex 15.415004 -15.061088 -0.000004
vertex 15.415004 -15.061088 41.215828
vertex 15.584561 -24.665894 41.215828
endloop
endfacet
facet normal 0.999844 0.017651 0.000000
outer loop
vertex 15.415004 -15.061088 -0.000004
vertex 15.584561 -24.665894 41.215828
vertex 15.584561 -24.665895 -0.000004
endloop
endfacet
facet normal -0.020473 0.999790 0.000000
outer loop
vertex -4.047132 -15.459615 -0.000004
vertex -4.047132 -15.459615 41.215828
vertex 15.415004 -15.061088 41.215828
endloop
endfacet
facet normal -0.020473 0.999790 0.000000
outer loop
vertex -4.047132 -15.459615 -0.000004
vertex 15.415004 -15.061088 41.215828
vertex 15.415004 -15.061088 -0.000004
endloop
endfacet
facet normal -0.020948 0.999781 0.000000
outer loop
vertex -10.600171 -15.596921 -0.000004
vertex -10.600171 -15.596921 41.215828
vertex -4.047132 -15.459615 41.215828
endloop
endfacet
facet normal -0.020948 0.999780 0.000000
outer loop
vertex -10.600171 -15.596921 -0.000004
vertex -4.047132 -15.459615 41.215828
vertex -4.047132 -15.459615 -0.000004
endloop
endfacet
facet normal 0.999895 0.014518 0.000000
outer loop
vertex -10.802159 -1.685271 -0.000006
vertex -10.802159 -1.685271 41.215824
vertex -10.600171 -15.596921 41.215828
endloop
endfacet
facet normal 0.999895 0.014518 0.000000
outer loop
vertex -10.802159 -1.685271 -0.000006
vertex -10.600171 -15.596921 41.215828
vertex -10.600171 -15.596921 -0.000004
endloop
endfacet
facet normal -0.043653 0.999047 0.000000
outer loop
vertex -15.784252 -1.902960 -0.000006
vertex -15.784252 -1.902960 41.215824
vertex -10.802159 -1.685271 41.215824
endloop
endfacet
facet normal -0.043653 0.999047 0.000000
outer loop
vertex -15.784252 -1.902960 -0.000006
vertex -10.802159 -1.685271 41.215824
vertex -10.802159 -1.685271 -0.000006
endloop
endfacet
facet normal -0.006615 0.999978 0.000000
outer loop
vertex -22.870903 -1.949841 -0.000006
vertex -22.870903 -1.949841 41.215824
vertex -15.784252 -1.902960 41.215824
endloop
endfacet
facet normal -0.006615 0.999978 0.000000
outer loop
vertex -22.870903 -1.949841 -0.000006
vertex -15.784252 -1.902960 41.215824
vertex -15.784252 -1.902960 -0.000006
endloop
endfacet
facet normal -0.000753 1.000000 0.000000
outer loop
vertex -27.321899 -1.953190 -0.000006
vertex -27.321899 -1.953190 41.215824
vertex -22.870903 -1.949841 41.215824
endloop
endfacet
facet normal -0.000753 1.000000 0.000000
outer loop
vertex -27.321899 -1.953190 -0.000006
vertex -22.870903 -1.949841 41.215824
vertex -22.870903 -1.949841 -0.000006
endloop
endfacet
facet normal -0.999918 -0.012836 0.000000
outer loop
vertex -26.853121 -38.470230 -0.000003
vertex -26.853121 -38.470226 41.215828
vertex -27.321899 -1.953190 41.215824
endloop
endfacet
facet normal -0.999918 -0.012836 0.000000
outer loop
vertex -26.853121 -38.470230 -0.000003
vertex -27.321899 -1.953190 41.215824
vertex -27.321899 -1.953190 -0.000006
endloop
endfacet
facet normal 0.018652 -0.999826 0.000000
outer loop
vertex -26.134968 -38.456829 -0.000003
vertex -26.134968 -38.456829 41.215828
vertex -26.853121 -38.470226 41.215828
endloop
endfacet
facet normal 0.018657 -0.999826 0.000000
outer loop
vertex -26.134968 -38.456829 -0.000003
vertex -26.853121 -38.470226 41.215828
vertex -26.853121 -38.470230 -0.000003
endloop
endfacet
facet normal 0.020162 -0.999797 0.000000
outer loop
vertex -11.687354 -38.165474 -0.000003
vertex -11.687354 -38.165470 41.215828
vertex -26.134968 -38.456829 41.215828
endloop
endfacet
facet normal 0.020162 -0.999797 0.000000
outer loop
vertex -11.687354 -38.165474 -0.000003
vertex -26.134968 -38.456829 41.215828
vertex -26.134968 -38.456829 -0.000003
endloop
endfacet
facet normal 0.020242 -0.999795 0.000000
outer loop
vertex -10.198712 -38.135334 -0.000003
vertex -10.198712 -38.135330 41.215828
vertex -11.687354 -38.165470 41.215828
endloop
endfacet
facet normal 0.020242 -0.999795 0.000000
outer loop
vertex -10.198712 -38.135334 -0.000003
vertex -11.687354 -38.165470 41.215828
vertex -11.687354 -38.165474 -0.000003
endloop
endfacet
facet normal 0.000000 0.000000 1.000000
outer loop
vertex 113.922554 -2.170873 7.391964
vertex 100.644409 -2.425401 7.391964
vertex 101.270294 -35.205021 7.391966
endloop
endfacet
facet normal -0.000000 0.000000 1.000000
outer loop
vertex 113.922554 -2.170873 7.391964
vertex 101.270294 -35.205021 7.391966
vertex 106.858337 -35.074409 7.391966
endloop
endfacet
facet normal 0.000000 0.000000 1.000000
outer loop
vertex 106.858337 -35.074409 7.391966
vertex 114.064682 -9.548678 7.391964
vertex 113.922554 -2.170873 7.391964
endloop
endfacet
facet normal -0.999818 -0.019090 0.000000
outer loop
vertex 101.270294 -35.205021 -0.000003
vertex 101.270294 -35.205021 7.391966
vertex 100.644409 -2.425401 7.391964
endloop
endfacet
facet normal -0.999818 -0.019091 0.000000
outer loop
vertex 101.270294 -35.205021 -0.000003
vertex 100.644409 -2.425401 7.391964
vertex 100.644409 -2.425401 -0.000006
endloop
endfacet
facet normal 0.023367 -0.999727 0.000000
outer loop
vertex 106.858337 -35.074409 -0.000003
vertex 106.858337 -35.074409 7.391966
vertex 101.270294 -35.205021 7.391966
endloop
endfacet
facet normal 0.023367 -0.999727 0.000000
outer loop
vertex 106.858337 -35.074409 -0.000003
vertex 101.270294 -35.205021 7.391966
vertex 101.270294 -35.205021 -0.000003
endloop
endfacet
facet normal 0.023164 -0.999732 0.000000
outer loop
vertex 114.518509 -34.896919 -0.000003
vertex 106.858337 -35.074409 7.391966
vertex 106.858337 -35.074409 -0.000003
endloop
endfacet
facet normal 0.999814 0.019262 0.000000
outer loop
vertex 113.922554 -2.170873 -0.000006
vertex 113.922554 -2.170873 7.391964
vertex 114.064682 -9.548678 7.391964
endloop
endfacet
facet normal 0.999815 0.019257 0.000000
outer loop
vertex 113.922554 -2.170873 -0.000006
vertex 114.064682 -9.548678 7.391964
vertex 114.064682 -9.548678 -0.000005
endloop
endfacet
facet normal -0.019165 0.999816 0.000000
outer loop
vertex 100.644409 -2.425401 -0.000006
vertex 100.644409 -2.425401 7.391964
vertex 113.922554 -2.170873 7.391964
endloop
endfacet
facet normal -0.019165 0.999816 0.000000
outer loop
vertex 100.644409 -2.425401 -0.000006
vertex 113.922554 -2.170873 7.391964
vertex 113.922554 -2.170873 -0.000006
endloop
endfacet
facet normal -0.000073 0.000000 1.000000
outer loop
vertex -112.561287 14.996099 99.007591
vertex -105.504555 15.103272 99.007591
vertex -98.470268 15.213788 99.007591
endloop
endfacet
facet normal 0.000000 0.000000 1.000000
outer loop
vertex -98.470268 15.213788 99.007591
vertex -98.540070 20.408115 99.007591
vertex -98.584946 22.595026 99.007591
endloop
endfacet
facet normal 0.000000 0.000000 1.000000
outer loop
vertex -98.470268 15.213788 99.007591
vertex -98.584946 22.595026 99.007591
vertex -98.734566 29.771999 99.007591
endloop
endfacet
facet normal 0.002793 0.000000 0.999996
outer loop
vertex -98.470268 15.213788 99.007591
vertex -98.734566 29.771999 99.007591
vertex -98.796913 32.792828 99.007591
endloop
endfacet
facet normal -0.000000 0.000000 1.000000
outer loop
vertex -98.796913 32.792828 99.007591
vertex -98.851761 36.794941 99.007591
vertex -105.751411 36.707863 99.007591
endloop
endfacet
facet normal 0.000001 0.000000 1.000000
outer loop
vertex -98.796913 32.792828 99.007591
vertex -105.751411 36.707863 99.007591
vertex -112.810638 36.610741 99.007591
endloop
endfacet
facet normal 0.015186 -0.999885 0.000000
outer loop
vertex -105.504555 15.103266 -0.000007
vertex -105.504555 15.103272 99.007591
vertex -112.561287 14.996099 99.007591
endloop
endfacet
facet normal 0.015186 -0.999885 0.000000
outer loop
vertex -105.504555 15.103266 -0.000007
vertex -112.561287 14.996099 99.007591
vertex -112.561287 14.996092 -0.000007
endloop
endfacet
facet normal 0.015709 -0.999877 0.000000
outer loop
vertex -98.470268 15.213781 -0.000007
vertex -98.470268 15.213788 99.007591
vertex -105.504555 15.103272 99.007591
endloop
endfacet
facet normal 0.015709 -0.999877 0.000000
outer loop
vertex -98.470268 15.213781 -0.000007
vertex -105.504555 15.103272 99.007591
vertex -105.504555 15.103266 -0.000007
endloop
endfacet
facet normal 0.999910 0.013435 -0.000000
outer loop
vertex -98.540070 20.408110 -0.000007
vertex -98.540070 20.408115 99.007591
vertex -98.470268 15.213788 99.007591
endloop
endfacet
facet normal 0.999910 0.013439 -0.000000
outer loop
vertex -98.540070 20.408110 -0.000007
vertex -98.470268 15.213788 99.007591
vertex -98.470268 15.213781 -0.000007
endloop
endfacet
facet normal 0.999790 0.020517 -0.000000
outer loop
vertex -98.584946 22.595018 -0.000007
vertex -98.584946 22.595026 99.007591
vertex -98.540070 20.408115 99.007591
endloop
endfacet
facet normal 0.999789 0.020517 -0.000000
outer loop
vertex -98.584946 22.595018 -0.000007
vertex -98.540070 20.408115 99.007591
vertex -98.540070 20.408110 -0.000007
endloop
endfacet
facet normal 0.999783 0.020844 -0.000000
outer loop
vertex -98.734566 29.771992 -0.000008
vertex -98.734566 29.771999 99.007591
vertex -98.584946 22.595026 99.007591
endloop
endfacet
facet normal 0.999783 0.020841 -0.000000
outer loop
vertex -98.734566 29.771992 -0.000008
vertex -98.584946 22.595026 99.007591
vertex -98.584946 22.595018 -0.000007
endloop
endfacet
facet normal 0.999787 0.020638 -0.000000
outer loop
vertex -98.796913 32.792820 -0.000008
vertex -98.796913 32.792828 99.007591
vertex -98.734566 29.771999 99.007591
endloop
endfacet
facet normal 0.999787 0.020631 -0.000000
outer loop
vertex -98.796913 32.792820 -0.000008
vertex -98.734566 29.771999 99.007591
vertex -98.734566 29.771992 -0.000008
endloop
endfacet
facet normal 0.999906 0.013702 -0.000000
outer loop
vertex -98.851761 36.794933 -0.000009
vertex -98.851761 36.794941 99.007591
vertex -98.796913 32.792828 99.007591
endloop
endfacet
facet normal 0.999906 0.013702 -0.000000
outer loop
vertex -98.851761 36.794933 -0.000009
vertex -98.796913 32.792828 99.007591
vertex -98.796913 32.792820 -0.000008
endloop
endfacet
facet normal -0.012620 0.999920 -0.000000
outer loop
vertex -105.751411 36.707855 -0.000009
vertex -105.751411 36.707863 99.007591
vertex -98.851761 36.794941 99.007591
endloop
endfacet
facet normal -0.012620 0.999920 0.000000
outer loop
vertex -105.751411 36.707855 -0.000009
vertex -98.851761 36.794941 99.007591
vertex -98.851761 36.794933 -0.000009
endloop
endfacet
facet normal -0.013757 0.999905 -0.000000
outer loop
vertex -112.810638 36.610733 -0.000009
vertex -112.810638 36.610741 99.007591
vertex -105.751411 36.707863 99.007591
endloop
endfacet
facet normal -0.013757 0.999905 -0.000000
outer loop
vertex -112.810638 36.610733 -0.000009
vertex -105.751411 36.707863 99.007591
vertex -105.751411 36.707855 -0.000009
endloop
endfacet
facet normal -0.000000 0.000000 1.000000
outer loop
vertex 30.109474 6.576692 37.183842
vertex 51.646225 6.924988 37.183842
vertex 51.466686 18.020258 37.183842
endloop
endfacet
facet normal 0.000000 0.000000 1.000000
outer loop
vertex 30.109474 6.576692 37.183842
vertex 51.466686 18.020258 37.183842
vertex 29.929935 17.671961 37.183842
endloop
endfacet
facet normal 0.016170 -0.999869 0.000000
outer loop
vertex 51.646225 6.924988 -0.000006
vertex 51.646225 6.924988 37.183842
vertex 30.109474 6.576692 37.183842
endloop
endfacet
facet normal 0.016170 -0.999869 0.000000
outer loop
vertex 51.646225 6.924988 -0.000006
vertex 30.109474 6.576692 37.183842
vertex 30.109474 6.576692 -0.000006
endloop
endfacet
facet normal 0.999869 0.016180 0.000000
outer loop
vertex 51.466686 18.020258 -0.000007
vertex 51.466686 18.020258 37.183842
vertex 51.646225 6.924988 37.183842
endloop
endfacet
facet normal 0.999869 0.016179 0.000000
outer loop
vertex 51.466686 18.020258 -0.000007
vertex 51.646225 6.924988 37.183842
vertex 51.646225 6.924988 -0.000006
endloop
endfacet
facet normal -0.016170 0.999869 0.000000
outer loop
vertex 29.929935 17.671961 -0.000007
vertex 29.929935 17.671961 37.183842
vertex 51.466686 18.020258 37.183842
endloop
endfacet
facet normal -0.016170 0.999869 0.000000
outer loop
vertex 29.929935 17.671961 -0.000007
vertex 51.466686 18.020258 37.183842
vertex 51.466686 18.020258 -0.000007
endloop
endfacet
facet normal -0.999869 -0.016180 0.000000
outer loop
vertex 30.109474 6.576692 -0.000006
vertex 30.109474 6.576692 37.183842
vertex 29.929935 17.671961 37.183842
endloop
endfacet
facet normal -0.999869 -0.016180 0.000000
outer loop
vertex 30.109474 6.576692 -0.000006
vertex 29.929935 17.671961 37.183842
vertex 29.929935 17.671961 -0.000007
endloop
endfacet
facet normal -0.000000 0.000000 1.000000
outer loop
vertex -34.957146 63.801811 39.199829
vertex -34.642941 46.677998 39.199829
vertex -22.671431 46.945908 39.199829
endloop
endfacet
facet normal 0.000000 0.000000 1.000000
outer loop
vertex -34.957146 63.801811 39.199829
vertex -22.671431 46.945908 39.199829
vertex -23.020527 63.969265 39.199829
endloop
endfacet
facet normal -0.999832 -0.018346 0.000000
outer loop
vertex -34.642941 46.677998 -0.000009
vertex -34.642941 46.677998 39.199829
vertex -34.957146 63.801811 39.199829
endloop
endfacet
facet normal -0.999832 -0.018347 0.000000
outer loop
vertex -34.642941 46.677998 -0.000009
vertex -34.957146 63.801811 39.199829
vertex -34.957146 63.801811 -0.000011
endloop
endfacet
facet normal 0.022373 -0.999750 0.000000
outer loop
vertex -22.671431 46.945908 -0.000009
vertex -22.671431 46.945908 39.199829
vertex -34.642941 46.677998 39.199829
endloop
endfacet
facet normal 0.022373 -0.999750 0.000000
outer loop
vertex -22.671431 46.945908 -0.000009
vertex -34.642941 46.677998 39.199829
vertex -34.642941 46.677998 -0.000009
endloop
endfacet
facet normal 0.999790 0.020503 0.000000
outer loop
vertex -23.020527 63.969265 -0.000011
vertex -23.020527 63.969265 39.199829
vertex -22.671431 46.945908 39.199829
endloop
endfacet
facet normal 0.999790 0.020503 0.000000
outer loop
vertex -23.020527 63.969265 -0.000011
vertex -22.671431 46.945908 39.199829
vertex -22.671431 46.945908 -0.000009
endloop
endfacet
facet normal -0.014027 0.999902 0.000000
outer loop
vertex -34.957146 63.801811 -0.000011
vertex -34.957146 63.801811 39.199829
vertex -23.020527 63.969265 39.199829
endloop
endfacet
facet normal -0.014027 0.999902 0.000000
outer loop
vertex -34.957146 63.801811 -0.000011
vertex -23.020527 63.969265 39.199829
vertex -23.020527 63.969265 -0.000011
endloop
endfacet
facet normal -0.000001 0.000000 1.000000
outer loop
vertex -70.136078 76.715942 68.745300
vertex -70.230850 82.811333 68.745300
vertex -78.175270 82.687408 68.745300
endloop
endfacet
facet normal 0.000000 0.000000 1.000000
outer loop
vertex -70.136078 76.715942 68.745300
vertex -78.175270 82.687408 68.745300
vertex -78.167809 82.201782 68.745300
endloop
endfacet
facet normal 0.000000 0.000000 1.000000
outer loop
vertex -70.592415 76.709244 68.745300
vertex -70.136078 76.715942 68.745300
vertex -78.167809 82.201782 68.745300
endloop
endfacet
facet normal -0.000000 0.000000 1.000000
outer loop
vertex -83.451637 82.121407 68.745300
vertex -83.461586 82.724251 68.745300
vertex -90.366241 82.613731 68.745300
endloop
endfacet
facet normal -0.000000 0.000000 1.000000
outer loop
vertex -70.592415 76.709244 68.745300
vertex -78.167809 82.201782 68.745300
vertex -83.451637 82.121407 68.745300
endloop
endfacet
facet normal -0.000005 0.000000 1.000000
outer loop
vertex -70.151062 68.333130 68.745300
vertex -70.133591 75.175362 68.745300
vertex -70.569962 75.168655 68.745300
endloop
endfacet
facet normal 0.000000 0.000000 1.000000
outer loop
vertex -70.569962 75.168655 68.745300
vertex -70.592415 76.709244 68.745300
vertex -83.451637 82.121407 68.745300
endloop
endfacet
facet normal 0.000000 0.000000 1.000000
outer loop
vertex -83.451637 82.121407 68.745300
vertex -90.366241 82.613731 68.745300
vertex -90.136826 67.924553 68.745300
endloop
endfacet
facet normal -0.000001 0.000000 1.000000
outer loop
vertex -90.136826 67.924553 68.745300
vertex -90.057037 63.945831 68.745300
vertex -78.132889 64.186958 68.745300
endloop
endfacet
facet normal -0.000002 0.000000 1.000000
outer loop
vertex -78.132889 64.186958 68.745300
vertex -72.066101 64.253937 68.745300
vertex -70.071243 64.351067 68.745300
endloop
endfacet
facet normal 0.000000 0.000000 1.000000
outer loop
vertex -70.071243 64.351067 68.745300
vertex -70.151062 68.333130 68.745300
vertex -70.569962 75.168655 68.745300
endloop
endfacet
facet normal 0.000001 0.000000 1.000000
outer loop
vertex -70.569962 75.168655 68.745300
vertex -83.451637 82.121407 68.745300
vertex -90.136826 67.924553 68.745300
endloop
endfacet
facet normal 0.000001 0.000000 1.000000
outer loop
vertex -90.136826 67.924553 68.745300
vertex -78.132889 64.186958 68.745300
vertex -70.071243 64.351067 68.745300
endloop
endfacet
facet normal 0.000000 0.000000 1.000000
outer loop
vertex -90.136826 67.924553 68.745300
vertex -70.071243 64.351067 68.745300
vertex -70.569962 75.168655 68.745300
endloop
endfacet
facet normal -0.015597 0.999878 0.000000
outer loop
vertex -78.175270 82.687408 -0.000012
vertex -78.175270 82.687408 68.745300
vertex -70.230850 82.811333 68.745300
endloop
endfacet
facet normal -0.015597 0.999878 0.000000
outer loop
vertex -78.175270 82.687408 -0.000012
vertex -70.230850 82.811333 68.745300
vertex -70.230850 82.811333 -0.000012
endloop
endfacet
facet normal -0.999882 -0.015355 0.000000
outer loop
vertex -78.167809 82.201782 -0.000012
vertex -78.167809 82.201782 68.745300
vertex -78.175270 82.687408 68.745300
endloop
endfacet
facet normal -0.999882 -0.015355 0.000000
outer loop
vertex -78.167809 82.201782 -0.000012
vertex -78.175270 82.687408 68.745300
vertex -78.175270 82.687408 -0.000012
endloop
endfacet
facet normal -0.015210 0.999884 0.000000
outer loop
vertex -83.451637 82.121407 -0.000012
vertex -83.451637 82.121407 68.745300
vertex -78.167809 82.201782 68.745300
endloop
endfacet
facet normal -0.015210 0.999884 0.000000
outer loop
vertex -83.451637 82.121407 -0.000012
vertex -78.167809 82.201782 68.745300
vertex -78.167809 82.201782 -0.000012
endloop
endfacet
facet normal 0.999864 0.016516 0.000000
outer loop
vertex -83.461586 82.724251 -0.000012
vertex -83.461586 82.724251 68.745300
vertex -83.451637 82.121407 68.745300
endloop
endfacet
facet normal 0.999864 0.016493 0.000000
outer loop
vertex -83.461586 82.724251 -0.000012
vertex -83.451637 82.121407 68.745300
vertex -83.451637 82.121407 -0.000012
endloop
endfacet
facet normal -0.016004 0.999872 0.000000
outer loop
vertex -90.366241 82.613731 -0.000012
vertex -90.366241 82.613731 68.745300
vertex -83.461586 82.724251 68.745300
endloop
endfacet
facet normal -0.016004 0.999872 0.000000
outer loop
vertex -90.366241 82.613731 -0.000012
vertex -83.461586 82.724251 68.745300
vertex -83.461586 82.724251 -0.000012
endloop
endfacet
facet normal -0.999878 -0.015616 0.000000
outer loop
vertex -90.136826 67.924553 -0.000011
vertex -90.136826 67.924553 68.745300
vertex -90.366241 82.613731 68.745300
endloop
endfacet
facet normal -0.999878 -0.015617 0.000000
outer loop
vertex -90.136826 67.924553 -0.000011
vertex -90.366241 82.613731 68.745300
vertex -90.366241 82.613731 -0.000012
endloop
endfacet
facet normal -0.999799 -0.020051 0.000000
outer loop
vertex -90.057037 63.945831 -0.000011
vertex -90.057037 63.945831 68.745300
vertex -90.136826 67.924553 68.745300
endloop
endfacet
facet normal -0.999799 -0.020051 0.000000
outer loop
vertex -90.057037 63.945831 -0.000011
vertex -90.136826 67.924553 68.745300
vertex -90.136826 67.924553 -0.000011
endloop
endfacet
facet normal 0.020218 -0.999796 0.000000
outer loop
vertex -78.132889 64.186958 -0.000011
vertex -78.132889 64.186958 68.745300
vertex -90.057037 63.945831 68.745300
endloop
endfacet
facet normal 0.020218 -0.999796 0.000000
outer loop
vertex -78.132889 64.186958 -0.000011
vertex -90.057037 63.945831 68.745300
vertex -90.057037 63.945831 -0.000011
endloop
endfacet
facet normal 0.011040 -0.999939 0.000000
outer loop
vertex -72.066101 64.253937 -0.000011
vertex -72.066101 64.253937 68.745300
vertex -78.132889 64.186958 68.745300
endloop
endfacet
facet normal 0.011040 -0.999939 0.000000
outer loop
vertex -72.066101 64.253937 -0.000011
vertex -78.132889 64.186958 68.745300
vertex -78.132889 64.186958 -0.000011
endloop
endfacet
facet normal 0.048633 -0.998817 0.000000
outer loop
vertex -70.071243 64.351067 -0.000011
vertex -70.071243 64.351067 68.745300
vertex -72.066101 64.253937 68.745300
endloop
endfacet
facet normal 0.048632 -0.998817 0.000000
outer loop
vertex -70.071243 64.351067 -0.000011
vertex -72.066101 64.253937 68.745300
vertex -72.066101 64.253937 -0.000011
endloop
endfacet
facet normal 0.999799 0.020037 0.000000
outer loop
vertex -70.151062 68.333130 -0.000011
vertex -70.151062 68.333130 68.745300
vertex -70.071243 64.351067 68.745300
endloop
endfacet
facet normal 0.999799 0.020041 0.000000
outer loop
vertex -70.151062 68.333130 -0.000011
vertex -70.071243 64.351067 68.745300
vertex -70.071243 64.351067 -0.000011
endloop
endfacet
facet normal 0.999997 -0.002554 0.000000
outer loop
vertex -70.133591 75.175362 -0.000011
vertex -70.133591 75.175362 68.745300
vertex -70.151062 68.333130 68.745300
endloop
endfacet
facet normal 0.999997 -0.002552 0.000000
outer loop
vertex -70.133591 75.175362 -0.000011
vertex -70.151062 68.333130 68.745300
vertex -70.151062 68.333130 -0.000011
endloop
endfacet
facet normal -0.015367 0.999882 0.000000
outer loop
vertex -70.569962 75.168655 -0.000011
vertex -70.569962 75.168655 68.745300
vertex -70.133591 75.175362 68.745300
endloop
endfacet
facet normal -0.015367 0.999882 0.000000
outer loop
vertex -70.569962 75.168655 -0.000011
vertex -70.133591 75.175362 68.745300
vertex -70.133591 75.175362 -0.000011
endloop
endfacet
facet normal 0.999894 0.014567 0.000000
outer loop
vertex -70.592415 76.709244 -0.000011
vertex -70.592415 76.709244 68.745300
vertex -70.569962 75.168655 68.745300
endloop
endfacet
facet normal 0.999894 0.014586 0.000000
outer loop
vertex -70.592415 76.709244 -0.000011
vertex -70.569962 75.168655 68.745300
vertex -70.569962 75.168655 -0.000011
endloop
endfacet
facet normal 0.014678 -0.999892 0.000000
outer loop
vertex -70.136078 76.715942 -0.000011
vertex -70.136078 76.715942 68.745300
vertex -70.592415 76.709244 68.745300
endloop
endfacet
facet normal 0.014677 -0.999892 0.000000
outer loop
vertex -70.136078 76.715942 -0.000011
vertex -70.592415 76.709244 68.745300
vertex -70.592415 76.709244 -0.000011
endloop
endfacet
facet normal 0.999879 0.015547 0.000000
outer loop
vertex -70.230850 82.811333 -0.000012
vertex -70.230850 82.811333 68.745300
vertex -70.136078 76.715942 68.745300
endloop
endfacet
facet normal 0.999879 0.015547 0.000000
outer loop
vertex -70.230850 82.811333 -0.000012
vertex -70.136078 76.715942 68.745300
vertex -70.136078 76.715942 -0.000011
endloop
endfacet
facet normal 0.999812 0.019377 0.000000
outer loop
vertex -112.563774 82.144852 -0.000012
vertex -112.563774 82.144852 46.591801
vertex -112.229637 64.903664 46.591801
endloop
endfacet
facet normal 0.999812 0.019377 0.000000
outer loop
vertex -112.563774 82.144852 -0.000012
vertex -112.229637 64.903664 46.591801
vertex -112.229637 64.903664 -0.000011
endloop
endfacet
facet normal 0.000000 0.000000 1.000000
outer loop
vertex -32.004772 -1.417358 20.383911
vertex -52.070354 -1.819234 20.383911
vertex -51.334755 -37.197632 20.383913
endloop
endfacet
facet normal 0.000000 0.000000 1.000000
outer loop
vertex -51.334755 -37.197632 20.383913
vertex -50.329849 -38.269291 20.383913
vertex -32.338909 -38.068356 20.383913
endloop
endfacet
facet normal 0.000004 0.000000 1.000000
outer loop
vertex -32.338909 -38.068356 20.383913
vertex -31.403841 -37.130653 20.383913
vertex -32.004772 -1.417358 20.383911
endloop
endfacet
facet normal 0.000000 0.000000 1.000000
outer loop
vertex -51.334755 -37.197632 20.383913
vertex -32.338909 -38.068356 20.383913
vertex -32.004772 -1.417358 20.383911
endloop
endfacet
facet normal -0.999784 -0.020788 0.000000
outer loop
vertex -51.334755 -37.197632 -0.000003
vertex -51.334755 -37.197632 20.383913
vertex -52.070354 -1.819234 20.383911
endloop
endfacet
facet normal -0.999784 -0.020788 0.000000
outer loop
vertex -51.334755 -37.197632 -0.000003
vertex -52.070354 -1.819234 20.383911
vertex -52.070354 -1.819234 -0.000006
endloop
endfacet
facet normal -0.729461 -0.684022 0.000000
outer loop
vertex -50.329849 -38.269291 -0.000003
vertex -50.329849 -38.269291 20.383913
vertex -51.334755 -37.197632 20.383913
endloop
endfacet
facet normal -0.729461 -0.684022 0.000000
outer loop
vertex -50.329849 -38.269291 -0.000003
vertex -51.334755 -37.197632 20.383913
vertex -51.334755 -37.197632 -0.000003
endloop
endfacet
facet normal 0.011168 -0.999938 0.000000
outer loop
vertex -32.338909 -38.068356 -0.000003
vertex -32.338909 -38.068356 20.383913
vertex -50.329849 -38.269291 20.383913
endloop
endfacet
facet normal 0.011168 -0.999938 0.000000
outer loop
vertex -32.338909 -38.068356 -0.000003
vertex -50.329849 -38.269291 20.383913
vertex -50.329849 -38.269291 -0.000003
endloop
endfacet
facet normal 0.708102 -0.706111 0.000000
outer loop
vertex -31.403841 -37.130653 -0.000003
vertex -31.403841 -37.130653 20.383913
vertex -32.338909 -38.068356 20.383913
endloop
endfacet
facet normal 0.708099 -0.706113 0.000000
outer loop
vertex -31.403841 -37.130653 -0.000003
vertex -32.338909 -38.068356 20.383913
vertex -32.338909 -38.068356 -0.000003
endloop
endfacet
facet normal 0.999858 0.016824 0.000000
outer loop
vertex -32.004772 -1.417358 -0.000006
vertex -32.004772 -1.417358 20.383911
vertex -31.403841 -37.130653 20.383913
endloop
endfacet
facet normal 0.999858 0.016824 0.000000
outer loop
vertex -32.004772 -1.417358 -0.000006
vertex -31.403841 -37.130653 20.383913
vertex -31.403841 -37.130653 -0.000003
endloop
endfacet
facet normal -0.020024 0.999799 0.000000
outer loop
vertex -52.070354 -1.819234 -0.000006
vertex -52.070354 -1.819234 20.383911
vertex -32.004772 -1.417358 20.383911
endloop
endfacet
facet normal -0.020024 0.999799 0.000000
outer loop
vertex -52.070354 -1.819234 -0.000006
vertex -32.004772 -1.417358 20.383911
vertex -32.004772 -1.417358 -0.000006
endloop
endfacet
facet normal 0.000000 0.000000 1.000000
outer loop
vertex -51.230030 3.606134 10.079953
vertex -22.429548 4.242441 10.079953
vertex -22.601622 19.657928 10.079952
endloop
endfacet
facet normal 0.000000 0.000000 1.000000
outer loop
vertex -51.230030 3.606134 10.079953
vertex -22.601622 19.657928 10.079952
vertex -51.631489 19.256046 10.079952
endloop
endfacet
facet normal 0.022088 -0.999756 0.000000
outer loop
vertex -22.429548 4.242441 -0.000006
vertex -22.429548 4.242441 10.079953
vertex -51.230030 3.606134 10.079953
endloop
endfacet
facet normal 0.022088 -0.999756 0.000000
outer loop
vertex -22.429548 4.242441 -0.000006
vertex -51.230030 3.606134 10.079953
vertex -51.230030 3.606134 -0.000006
endloop
endfacet
facet normal 0.999938 0.011162 0.000000
outer loop
vertex -22.601622 19.657928 -0.000007
vertex -22.601622 19.657928 10.079952
vertex -22.429548 4.242441 10.079953
endloop
endfacet
facet normal 0.999938 0.011162 0.000000
outer loop
vertex -22.601622 19.657928 -0.000007
vertex -22.429548 4.242441 10.079953
vertex -22.429548 4.242441 -0.000006
endloop
endfacet
facet normal -0.013842 0.999904 0.000000
outer loop
vertex -51.631489 19.256046 -0.000007
vertex -51.631489 19.256046 10.079952
vertex -22.601622 19.657928 10.079952
endloop
endfacet
facet normal -0.013842 0.999904 0.000000
outer loop
vertex -51.631489 19.256046 -0.000007
vertex -22.601622 19.657928 10.079952
vertex -22.601622 19.657928 -0.000007
endloop
endfacet
facet normal -0.999671 -0.025644 0.000000
outer loop
vertex -51.230030 3.606134 -0.000006
vertex -51.230030 3.606134 10.079953
vertex -51.631489 19.256046 10.079952
endloop
endfacet
facet normal -0.999671 -0.025644 0.000000
outer loop
vertex -51.230030 3.606134 -0.000006
vertex -51.631489 19.256046 10.079952
vertex -51.631489 19.256046 -0.000007
endloop
endfacet
facet normal 0.000000 0.000000 1.000000
outer loop
vertex -13.709636 4.476871 20.831907
vertex 15.317742 4.945733 20.831907
vertex 15.048434 21.530031 20.831907
endloop
endfacet
facet normal 0.000000 0.000000 1.000000
outer loop
vertex -13.709636 4.476871 20.831907
vertex 15.048434 21.530031 20.831907
vertex -14.043775 20.997536 20.831907
endloop
endfacet
facet normal 0.016150 -0.999870 0.000000
outer loop
vertex 15.317742 4.945733 -0.000006
vertex 15.317742 4.945733 20.831907
vertex -13.709636 4.476871 20.831907
endloop
endfacet
facet normal 0.016150 -0.999870 0.000000
outer loop
vertex 15.317742 4.945733 -0.000006
vertex -13.709636 4.476871 20.831907
vertex -13.709636 4.476871 -0.000006
endloop
endfacet
facet normal 0.999868 0.016237 0.000000
outer loop
vertex 15.048434 21.530031 -0.000007
vertex 15.048434 21.530031 20.831907
vertex 15.317742 4.945733 20.831907
endloop
endfacet
facet normal 0.999868 0.016236 0.000000
outer loop
vertex 15.048434 21.530031 -0.000007
vertex 15.317742 4.945733 20.831907
vertex 15.317742 4.945733 -0.000006
endloop
endfacet
facet normal -0.018301 0.999833 0.000000
outer loop
vertex -14.043775 20.997536 -0.000007
vertex -14.043775 20.997536 20.831907
vertex 15.048434 21.530031 20.831907
endloop
endfacet
facet normal -0.018301 0.999833 0.000000
outer loop
vertex -14.043775 20.997536 -0.000007
vertex 15.048434 21.530031 20.831907
vertex 15.048434 21.530031 -0.000007
endloop
endfacet
facet normal -0.999795 -0.020221 0.000000
outer loop
vertex -13.709636 4.476871 -0.000006
vertex -13.709636 4.476871 20.831907
vertex -14.043775 20.997536 20.831907
endloop
endfacet
facet normal -0.999795 -0.020221 0.000000
outer loop
vertex -13.709636 4.476871 -0.000006
vertex -14.043775 20.997536 20.831907
vertex -14.043775 20.997536 -0.000007
endloop
endfacet
facet normal 0.000000 0.000000 1.000000
outer loop
vertex -51.833447 24.942688 19.487913
vertex -22.003153 25.411551 19.487913
vertex -22.237541 40.686527 19.487911
endloop
endfacet
facet normal 0.000000 0.000000 1.000000
outer loop
vertex -51.833447 24.942688 19.487913
vertex -22.237541 40.686527 19.487911
vertex -52.067837 40.184170 19.487911
endloop
endfacet
facet normal 0.015716 -0.999876 0.000000
outer loop
vertex -22.003153 25.411551 -0.000008
vertex -22.003153 25.411551 19.487913
vertex -51.833447 24.942688 19.487913
endloop
endfacet
facet normal 0.015716 -0.999876 0.000000
outer loop
vertex -22.003153 25.411551 -0.000008
vertex -51.833447 24.942688 19.487913
vertex -51.833447 24.942688 -0.000008
endloop
endfacet
facet normal 0.999882 0.015343 0.000000
outer loop
vertex -22.237541 40.686527 -0.000009
vertex -22.237541 40.686527 19.487911
vertex -22.003153 25.411551 19.487913
endloop
endfacet
facet normal 0.999882 0.015343 0.000000
outer loop
vertex -22.237541 40.686527 -0.000009
vertex -22.003153 25.411551 19.487913
vertex -22.003153 25.411551 -0.000008
endloop
endfacet
facet normal -0.016838 0.999858 0.000000
outer loop
vertex -52.067837 40.184170 -0.000009
vertex -52.067837 40.184170 19.487911
vertex -22.237541 40.686527 19.487911
endloop
endfacet
facet normal -0.016838 0.999858 0.000000
outer loop
vertex -52.067837 40.184170 -0.000009
vertex -22.237541 40.686527 19.487911
vertex -22.237541 40.686527 -0.000009
endloop
endfacet
facet normal -0.999882 -0.015377 0.000000
outer loop
vertex -51.833447 24.942688 -0.000008
vertex -51.833447 24.942688 19.487913
vertex -52.067837 40.184170 19.487911
endloop
endfacet
facet normal -0.999882 -0.015377 0.000000
outer loop
vertex -51.833447 24.942688 -0.000008
vertex -52.067837 40.184170 19.487911
vertex -52.067837 40.184170 -0.000009
endloop
endfacet
facet normal 0.000000 0.000000 1.000000
outer loop
vertex -14.864139 51.671452 36.511841
vertex -14.779346 47.079880 36.511841
vertex -6.598020 47.193752 36.511841
endloop
endfacet
facet normal 0.000000 0.000000 1.000000
outer loop
vertex -6.598020 47.193752 36.511841
vertex 5.440810 47.357857 36.511841
vertex 14.447503 47.481762 36.511841
endloop
endfacet
facet normal -0.010631 0.000000 0.999943
outer loop
vertex 14.447503 47.481762 36.511841
vertex 14.362711 52.073334 36.511841
vertex 14.225582 59.431259 36.511841
endloop
endfacet
facet normal 0.000000 0.000000 1.000000
outer loop
vertex 14.225582 59.431259 36.511841
vertex 14.133325 64.371162 36.511841
vertex -15.093552 63.935783 36.511841
endloop
endfacet
facet normal 0.000000 0.000000 1.000000
outer loop
vertex -15.093552 63.935783 36.511841
vertex -14.998778 58.828430 36.511841
vertex -14.864139 51.671452 36.511841
endloop
endfacet
facet normal 0.000000 0.000000 1.000000
outer loop
vertex -14.864139 51.671452 36.511841
vertex -6.598020 47.193752 36.511841
vertex 14.447503 47.481762 36.511841
endloop
endfacet
facet normal 0.000000 0.000000 1.000000
outer loop
vertex 14.447503 47.481762 36.511841
vertex 14.225582 59.431259 36.511841
vertex -15.093552 63.935783 36.511841
endloop
endfacet
facet normal 0.000000 0.000000 1.000000
outer loop
vertex 14.447503 47.481762 36.511841
vertex -15.093552 63.935783 36.511841
vertex -14.864139 51.671452 36.511841
endloop
endfacet
facet normal 0.013917 -0.999903 0.000000
outer loop
vertex -6.598020 47.193752 -0.000009
vertex -6.598020 47.193752 36.511841
vertex -14.779346 47.079880 36.511841
endloop
endfacet
facet normal 0.013917 -0.999903 0.000000
outer loop
vertex -6.598020 47.193752 -0.000009
vertex -14.779346 47.079880 36.511841
vertex -14.779346 47.079880 -0.000009
endloop
endfacet
facet normal 0.013630 -0.999907 0.000000
outer loop
vertex 5.440810 47.357857 -0.000009
vertex 5.440810 47.357857 36.511841
vertex -6.598020 47.193752 36.511841
endloop
endfacet
facet normal 0.013630 -0.999907 0.000000
outer loop
vertex 5.440810 47.357857 -0.000009
vertex -6.598020 47.193752 36.511841
vertex -6.598020 47.193752 -0.000009
endloop
endfacet
facet normal 0.013756 -0.999905 0.000000
outer loop
vertex 14.447503 47.481762 -0.000009
vertex 14.447503 47.481762 36.511841
vertex 5.440810 47.357857 36.511841
endloop
endfacet
facet normal 0.013756 -0.999905 0.000000
outer loop
vertex 14.447503 47.481762 -0.000009
vertex 5.440810 47.357857 36.511841
vertex 5.440810 47.357857 -0.000009
endloop
endfacet
facet normal 0.999830 0.018464 0.000000
outer loop
vertex 14.362711 52.073334 -0.000010
vertex 14.362711 52.073334 36.511841
vertex 14.447503 47.481762 36.511841
endloop
endfacet
facet normal 0.999830 0.018463 0.000000
outer loop
vertex 14.362711 52.073334 -0.000010
vertex 14.447503 47.481762 36.511841
vertex 14.447503 47.481762 -0.000009
endloop
endfacet
facet normal 0.999826 0.018634 0.000000
outer loop
vertex 14.225582 59.431259 -0.000010
vertex 14.225582 59.431259 36.511841
vertex 14.362711 52.073334 36.511841
endloop
endfacet
facet normal 0.999826 0.018634 0.000000
outer loop
vertex 14.225582 59.431259 -0.000010
vertex 14.362711 52.073334 36.511841
vertex 14.362711 52.073334 -0.000010
endloop
endfacet
facet normal 0.999826 0.018672 0.000000
outer loop
vertex 14.133325 64.371162 -0.000011
vertex 14.133325 64.371162 36.511841
vertex 14.225582 59.431259 36.511841
endloop
endfacet
facet normal 0.999826 0.018673 0.000000
outer loop
vertex 14.133325 64.371162 -0.000011
vertex 14.225582 59.431259 36.511841
vertex 14.225582 59.431259 -0.000010
endloop
endfacet
facet normal -0.014895 0.999889 0.000000
outer loop
vertex -15.093552 63.935783 -0.000011
vertex -15.093552 63.935783 36.511841
vertex 14.133325 64.371162 36.511841
endloop
endfacet
facet normal -0.014895 0.999889 0.000000
outer loop
vertex -15.093552 63.935783 -0.000011
vertex 14.133325 64.371162 36.511841
vertex 14.133325 64.371162 -0.000011
endloop
endfacet
facet normal -0.999828 -0.018553 0.000000
outer loop
vertex -14.998778 58.828430 -0.000010
vertex -14.998778 58.828430 36.511841
vertex -15.093552 63.935783 36.511841
endloop
endfacet
facet normal -0.999828 -0.018553 0.000000
outer loop
vertex -14.998778 58.828430 -0.000010
vertex -15.093552 63.935783 36.511841
vertex -15.093552 63.935783 -0.000011
endloop
endfacet
facet normal -0.999823 -0.018809 0.000000
outer loop
vertex -14.864139 51.671452 -0.000010
vertex -14.864139 51.671452 36.511841
vertex -14.998778 58.828430 36.511841
endloop
endfacet
facet normal -0.999823 -0.018809 0.000000
outer loop
vertex -14.864139 51.671452 -0.000010
vertex -14.998778 58.828430 36.511841
vertex -14.998778 58.828430 -0.000010
endloop
endfacet
facet normal -0.999830 -0.018464 0.000000
outer loop
vertex -14.779346 47.079880 -0.000009
vertex -14.779346 47.079880 36.511841
vertex -14.864139 51.671452 36.511841
endloop
endfacet
facet normal -0.999830 -0.018465 0.000000
outer loop
vertex -14.779346 47.079880 -0.000009
vertex -14.864139 51.671452 36.511841
vertex -14.864139 51.671452 -0.000010
endloop
endfacet
facet normal -0.000000 0.000000 1.000000
outer loop
vertex 60.548195 -62.595776 10.751955
vertex 60.705284 -74.792404 10.751956
vertex 66.759605 -74.681892 10.751956
endloop
endfacet
facet normal 0.000000 0.000000 1.000000
outer loop
vertex 60.548195 -62.595776 10.751955
vertex 66.759605 -74.681892 10.751956
vertex 66.684814 -62.418285 10.751955
endloop
endfacet
facet normal -0.999917 -0.012879 0.000000
outer loop
vertex 60.705284 -74.792404 0.000000
vertex 60.705284 -74.792404 10.751956
vertex 60.548195 -62.595776 10.751955
endloop
endfacet
facet normal -0.999917 -0.012878 0.000000
outer loop
vertex 60.705284 -74.792404 0.000000
vertex 60.548195 -62.595776 10.751955
vertex 60.548195 -62.595779 -0.000001
endloop
endfacet
facet normal 0.018250 -0.999833 0.000000
outer loop
vertex 66.759605 -74.681892 0.000000
vertex 66.759605 -74.681892 10.751956
vertex 60.705284 -74.792404 10.751956
endloop
endfacet
facet normal 0.018250 -0.999833 0.000000
outer loop
vertex 66.759605 -74.681892 0.000000
vertex 60.705284 -74.792404 10.751956
vertex 60.705284 -74.792404 0.000000
endloop
endfacet
facet normal 0.999981 0.006099 0.000000
outer loop
vertex 66.684814 -62.418285 -0.000001
vertex 66.684814 -62.418285 10.751955
vertex 66.759605 -74.681892 10.751956
endloop
endfacet
facet normal 0.999981 0.006098 0.000000
outer loop
vertex 66.684814 -62.418285 -0.000001
vertex 66.759605 -74.681892 10.751956
vertex 66.759605 -74.681892 0.000000
endloop
endfacet
facet normal -0.028911 0.999582 0.000000
outer loop
vertex 60.548195 -62.595779 -0.000001
vertex 60.548195 -62.595776 10.751955
vertex 66.684814 -62.418285 10.751955
endloop
endfacet
facet normal -0.028912 0.999582 0.000000
outer loop
vertex 60.548195 -62.595779 -0.000001
vertex 66.684814 -62.418285 10.751955
vertex 66.684814 -62.418285 -0.000001
endloop
endfacet
facet normal 0.000002 0.000000 1.000000
outer loop
vertex 61.622910 -42.713314 14.783937
vertex 60.987061 -42.344936 14.783937
vertex 60.286350 -42.378426 14.783937
endloop
endfacet
facet normal 0.000006 0.000000 1.000000
outer loop
vertex 60.286350 -42.378426 14.783937
vertex 59.782654 -42.914249 14.783937
vertex 59.682930 -43.651016 14.783937
endloop
endfacet
facet normal 0.000000 0.000000 1.000000
outer loop
vertex 60.286350 -42.378426 14.783937
vertex 59.682930 -43.651016 14.783937
vertex 60.051960 -44.250473 14.783937
endloop
endfacet
facet normal 0.000000 0.000000 1.000000
outer loop
vertex 61.622910 -42.713314 14.783937
vertex 60.286350 -42.378426 14.783937
vertex 60.051960 -44.250473 14.783937
endloop
endfacet
facet normal -0.000011 0.000000 1.000000
outer loop
vertex 60.318779 -54.685680 14.783937
vertex 60.084393 -55.254993 14.783937
vertex 60.017071 -55.787468 14.783937
endloop
endfacet
facet normal 0.000000 0.000000 1.000000
outer loop
vertex 61.622910 -42.713314 14.783937
vertex 60.051960 -44.250473 14.783937
vertex 60.318779 -54.685680 14.783937
endloop
endfacet
facet normal 0.000000 0.000000 1.000000
outer loop
vertex 66.171143 -42.244469 14.783937
vertex 65.368217 -42.277958 14.783937
vertex 64.867012 -42.646339 14.783937
endloop
endfacet
facet normal 0.000000 0.000000 1.000000
outer loop
vertex 64.867012 -42.646339 14.783937
vertex 61.622910 -42.713314 14.783937
vertex 60.318779 -54.685680 14.783937
endloop
endfacet
facet normal 0.000000 0.000000 1.000000
outer loop
vertex 60.318779 -54.685680 14.783937
vertex 60.017071 -55.787468 14.783937
vertex 60.151711 -56.390270 14.783937
endloop
endfacet
facet normal 0.000000 0.000000 1.000000
outer loop
vertex 60.151711 -56.390270 14.783937
vertex 60.538212 -56.869164 14.783937
vertex 66.644897 -56.869164 14.783937
endloop
endfacet
facet normal 0.000000 0.000000 1.000000
outer loop
vertex 66.644897 -56.869164 14.783937
vertex 66.906738 -56.323296 14.783937
vertex 67.006462 -55.720490 14.783937
endloop
endfacet
facet normal -0.000013 0.000000 1.000000
outer loop
vertex 67.006462 -55.720490 14.783937
vertex 66.906738 -55.054058 14.783937
vertex 66.605003 -54.551723 14.783937
endloop
endfacet
facet normal -0.000005 0.000000 1.000000
outer loop
vertex 66.505280 -44.116516 14.783937
vertex 66.874306 -43.349613 14.783937
vertex 66.739670 -42.679829 14.783937
endloop
endfacet
facet normal 0.000000 0.000000 1.000000
outer loop
vertex 66.644897 -56.869164 14.783937
vertex 67.006462 -55.720490 14.783937
vertex 66.605003 -54.551723 14.783937
endloop
endfacet
facet normal 0.000001 0.000000 1.000000
outer loop
vertex 66.505280 -44.116516 14.783937
vertex 66.739670 -42.679829 14.783937
vertex 66.171143 -42.244469 14.783937
endloop
endfacet
facet normal 0.000000 0.000000 1.000000
outer loop
vertex 60.151711 -56.390270 14.783937
vertex 66.644897 -56.869164 14.783937
vertex 66.605003 -54.551723 14.783937
endloop
endfacet
facet normal 0.000005 0.000000 1.000000
outer loop
vertex 66.605003 -54.551723 14.783937
vertex 66.505280 -44.116516 14.783937
vertex 66.171143 -42.244469 14.783937
endloop
endfacet
facet normal 0.000000 0.000000 1.000000
outer loop
vertex 66.171143 -42.244469 14.783937
vertex 64.867012 -42.646339 14.783937
vertex 60.318779 -54.685680 14.783937
endloop
endfacet
facet normal 0.000000 0.000000 1.000000
outer loop
vertex 60.318779 -54.685680 14.783937
vertex 60.151711 -56.390270 14.783937
vertex 66.605003 -54.551723 14.783937
endloop
endfacet
facet normal 0.000000 0.000000 1.000000
outer loop
vertex 60.318779 -54.685680 14.783937
vertex 66.605003 -54.551723 14.783937
vertex 66.171143 -42.244469 14.783937
endloop
endfacet
facet normal 0.501299 0.865274 0.000000
outer loop
vertex 60.987061 -42.344936 -0.000002
vertex 60.987061 -42.344936 14.783937
vertex 61.622910 -42.713314 14.783937
endloop
endfacet
facet normal 0.501294 0.865277 0.000000
outer loop
vertex 60.987061 -42.344936 -0.000002
vertex 61.622910 -42.713314 14.783937
vertex 61.622910 -42.713314 -0.000002
endloop
endfacet
facet normal -0.047739 0.998860 0.000000
outer loop
vertex 60.286350 -42.378426 -0.000002
vertex 60.286350 -42.378426 14.783937
vertex 60.987061 -42.344936 14.783937
endloop
endfacet
facet normal -0.047738 0.998860 0.000000
outer loop
vertex 60.286350 -42.378426 -0.000002
vertex 60.987061 -42.344936 14.783937
vertex 60.987061 -42.344936 -0.000002
endloop
endfacet
facet normal -0.728617 0.684922 0.000000
outer loop
vertex 59.782654 -42.914249 -0.000002
vertex 59.782654 -42.914249 14.783937
vertex 60.286350 -42.378426 14.783937
endloop
endfacet
facet normal -0.728611 0.684928 0.000000
outer loop
vertex 59.782654 -42.914249 -0.000002
vertex 60.286350 -42.378426 14.783937
vertex 60.286350 -42.378426 -0.000002
endloop
endfacet
facet normal -0.990963 0.134135 0.000000
outer loop
vertex 59.682930 -43.651016 -0.000002
vertex 59.682930 -43.651016 14.783937
vertex 59.782654 -42.914249 14.783937
endloop
endfacet
facet normal -0.990964 0.134124 0.000000
outer loop
vertex 59.682930 -43.651016 -0.000002
vertex 59.782654 -42.914249 14.783937
vertex 59.782654 -42.914249 -0.000002
endloop
endfacet
facet normal -0.851580 -0.524224 0.000000
outer loop
vertex 60.051960 -44.250473 -0.000002
vertex 60.051960 -44.250473 14.783937
vertex 59.682930 -43.651016 14.783937
endloop
endfacet
facet normal -0.851570 -0.524242 0.000000
outer loop
vertex 60.051960 -44.250473 -0.000002
vertex 59.682930 -43.651016 14.783937
vertex 59.682930 -43.651016 -0.000002
endloop
endfacet
facet normal -0.999673 -0.025560 0.000000
outer loop
vertex 60.318779 -54.685684 -0.000002
vertex 60.318779 -54.685680 14.783937
vertex 60.051960 -44.250473 14.783937
endloop
endfacet
facet normal -0.999673 -0.025561 0.000000
outer loop
vertex 60.318779 -54.685684 -0.000002
vertex 60.051960 -44.250473 14.783937
vertex 60.051960 -44.250473 -0.000002
endloop
endfacet
facet normal -0.924702 0.380693 0.000000
outer loop
vertex 60.084393 -55.254993 -0.000002
vertex 60.084393 -55.254993 14.783937
vertex 60.318779 -54.685680 14.783937
endloop
endfacet
facet normal -0.924696 0.380706 0.000000
outer loop
vertex 60.084393 -55.254993 -0.000002
vertex 60.318779 -54.685680 14.783937
vertex 60.318779 -54.685684 -0.000002
endloop
endfacet
facet normal -0.992103 0.125428 0.000000
outer loop
vertex 60.017071 -55.787468 -0.000002
vertex 60.017071 -55.787468 14.783937
vertex 60.084393 -55.254993 14.783937
endloop
endfacet
facet normal -0.992103 0.125428 0.000000
outer loop
vertex 60.017071 -55.787468 -0.000002
vertex 60.084393 -55.254993 14.783937
vertex 60.084393 -55.254993 -0.000002
endloop
endfacet
facet normal -0.975950 -0.217995 0.000000
outer loop
vertex 60.151711 -56.390270 -0.000002
vertex 60.151711 -56.390270 14.783937
vertex 60.017071 -55.787468 14.783937
endloop
endfacet
facet normal -0.975956 -0.217970 0.000000
outer loop
vertex 60.151711 -56.390270 -0.000002
vertex 60.017071 -55.787468 14.783937
vertex 60.017071 -55.787468 -0.000002
endloop
endfacet
facet normal -0.778178 -0.628043 0.000000
outer loop
vertex 60.538212 -56.869164 -0.000001
vertex 60.538212 -56.869164 14.783937
vertex 60.151711 -56.390270 14.783937
endloop
endfacet
facet normal -0.778178 -0.628043 0.000000
outer loop
vertex 60.538212 -56.869164 -0.000001
vertex 60.151711 -56.390270 14.783937
vertex 60.151711 -56.390270 -0.000002
endloop
endfacet
facet normal 0.000000 -1.000000 0.000000
outer loop
vertex 66.644897 -56.869164 -0.000001
vertex 66.644897 -56.869164 14.783937
vertex 60.538212 -56.869164 14.783937
endloop
endfacet
facet normal 0.000000 -1.000000 0.000000
outer loop
vertex 66.644897 -56.869164 -0.000001
vertex 60.538212 -56.869164 14.783937
vertex 60.538212 -56.869164 -0.000001
endloop
endfacet
facet normal 0.901639 -0.432489 0.000000
outer loop
vertex 66.906738 -56.323296 -0.000002
vertex 66.906738 -56.323296 14.783937
vertex 66.644897 -56.869164 14.783937
endloop
endfacet
facet normal 0.901629 -0.432511 0.000000
outer loop
vertex 66.906738 -56.323296 -0.000002
vertex 66.644897 -56.869164 14.783937
vertex 66.644897 -56.869164 -0.000001
endloop
endfacet
facet normal 0.986594 -0.163194 0.000000
outer loop
vertex 67.006462 -55.720493 -0.000002
vertex 67.006462 -55.720490 14.783937
vertex 66.906738 -56.323296 14.783937
endloop
endfacet
facet normal 0.986587 -0.163234 0.000000
outer loop
vertex 67.006462 -55.720493 -0.000002
vertex 66.906738 -56.323296 14.783937
vertex 66.906738 -56.323296 -0.000002
endloop
endfacet
facet normal 0.988986 0.148008 0.000000
outer loop
vertex 66.906738 -55.054062 -0.000002
vertex 66.906738 -55.054058 14.783937
vertex 67.006462 -55.720490 14.783937
endloop
endfacet
facet normal 0.988992 0.147972 0.000000
outer loop
vertex 66.906738 -55.054062 -0.000002
vertex 67.006462 -55.720490 14.783937
vertex 67.006462 -55.720493 -0.000002
endloop
endfacet
facet normal 0.857236 0.514924 -0.000000
outer loop
vertex 66.605003 -54.551727 -0.000002
vertex 66.605003 -54.551723 14.783937
vertex 66.906738 -55.054058 14.783937
endloop
endfacet
facet normal 0.857248 0.514903 0.000000
outer loop
vertex 66.605003 -54.551727 -0.000002
vertex 66.906738 -55.054058 14.783937
vertex 66.906738 -55.054062 -0.000002
endloop
endfacet
facet normal 0.999954 0.009556 0.000000
outer loop
vertex 66.505280 -44.116516 -0.000002
vertex 66.505280 -44.116516 14.783937
vertex 66.605003 -54.551723 14.783937
endloop
endfacet
facet normal 0.999954 0.009556 0.000000
outer loop
vertex 66.505280 -44.116516 -0.000002
vertex 66.605003 -54.551723 14.783937
vertex 66.605003 -54.551727 -0.000002
endloop
endfacet
facet normal 0.901100 -0.433612 0.000000
outer loop
vertex 66.874306 -43.349613 -0.000002
vertex 66.874306 -43.349613 14.783937
vertex 66.505280 -44.116516 14.783937
endloop
endfacet
facet normal 0.901107 -0.433596 0.000000
outer loop
vertex 66.874306 -43.349613 -0.000002
vertex 66.505280 -44.116516 14.783937
vertex 66.505280 -44.116516 -0.000002
endloop
endfacet
facet normal 0.980386 0.197086 0.000000
outer loop
vertex 66.739670 -42.679829 -0.000002
vertex 66.739670 -42.679829 14.783937
vertex 66.874306 -43.349613 14.783937
endloop
endfacet
facet normal 0.980391 0.197063 0.000000
outer loop
vertex 66.739670 -42.679829 -0.000002
vertex 66.874306 -43.349613 14.783937
vertex 66.874306 -43.349613 -0.000002
endloop
endfacet
facet normal 0.607978 0.793953 0.000000
outer loop
vertex 66.171143 -42.244469 -0.000002
vertex 66.171143 -42.244469 14.783937
vertex 66.739670 -42.679829 14.783937
endloop
endfacet
facet normal 0.607984 0.793949 0.000000
outer loop
vertex 66.171143 -42.244469 -0.000002
vertex 66.739670 -42.679829 14.783937
vertex 66.739670 -42.679829 -0.000002
endloop
endfacet
facet normal -0.041672 0.999131 0.000000
outer loop
vertex 65.368217 -42.277958 -0.000002
vertex 65.368217 -42.277958 14.783937
vertex 66.171143 -42.244469 14.783937
endloop
endfacet
facet normal -0.041673 0.999131 0.000000
outer loop
vertex 65.368217 -42.277958 -0.000002
vertex 66.171143 -42.244469 14.783937
vertex 66.171143 -42.244469 -0.000002
endloop
endfacet
facet normal -0.592232 0.805768 0.000000
outer loop
vertex 64.867012 -42.646339 -0.000002
vertex 64.867012 -42.646339 14.783937
vertex 65.368217 -42.277958 14.783937
endloop
endfacet
facet normal -0.592232 0.805768 0.000000
outer loop
vertex 64.867012 -42.646339 -0.000002
vertex 65.368217 -42.277958 14.783937
vertex 65.368217 -42.277958 -0.000002
endloop
endfacet
facet normal -0.020641 0.999787 0.000000
outer loop
vertex 61.622910 -42.713314 -0.000002
vertex 61.622910 -42.713314 14.783937
vertex 64.867012 -42.646339 14.783937
endloop
endfacet
facet normal -0.020641 0.999787 0.000000
outer loop
vertex 61.622910 -42.713314 -0.000002
vertex 64.867012 -42.646339 14.783937
vertex 64.867012 -42.646339 -0.000002
endloop
endfacet
facet normal 0.000000 0.000000 1.000000
outer loop
vertex 66.684814 -62.418285 7.391969
vertex 66.644897 -56.869164 7.391968
vertex 60.538212 -56.869164 7.391968
endloop
endfacet
facet normal -0.000000 0.000000 1.000000
outer loop
vertex 66.684814 -62.418285 7.391969
vertex 60.538212 -56.869164 7.391968
vertex 60.548195 -62.595776 7.391969
endloop
endfacet
facet normal 0.999974 0.007194 0.000000
outer loop
vertex 66.644897 -56.869164 -0.000001
vertex 66.644897 -56.869164 7.391968
vertex 66.684814 -62.418285 7.391969
endloop
endfacet
facet normal 0.999974 0.007193 0.000000
outer loop
vertex 66.644897 -56.869164 -0.000001
vertex 66.684814 -62.418285 7.391969
vertex 66.684814 -62.418285 -0.000001
endloop
endfacet
facet normal 0.000000 1.000000 0.000000
outer loop
vertex 60.538212 -56.869164 -0.000001
vertex 60.538212 -56.869164 7.391968
vertex 66.644897 -56.869164 7.391968
endloop
endfacet
facet normal 0.000000 1.000000 0.000000
outer loop
vertex 60.538212 -56.869164 -0.000001
vertex 66.644897 -56.869164 7.391968
vertex 66.644897 -56.869164 -0.000001
endloop
endfacet
facet normal -0.999999 -0.001743 0.000000
outer loop
vertex 60.548195 -62.595779 -0.000001
vertex 60.548195 -62.595776 7.391969
vertex 60.538212 -56.869164 7.391968
endloop
endfacet
facet normal -0.999998 -0.001745 0.000000
outer loop
vertex 60.548195 -62.595779 -0.000001
vertex 60.538212 -56.869164 7.391968
vertex 60.538212 -56.869164 -0.000001
endloop
endfacet
facet normal 0.028911 -0.999582 0.000000
outer loop
vertex 66.684814 -62.418285 -0.000001
vertex 66.684814 -62.418285 7.391969
vertex 60.548195 -62.595776 7.391969
endloop
endfacet
facet normal 0.028912 -0.999582 0.000000
outer loop
vertex 66.684814 -62.418285 -0.000001
vertex 60.548195 -62.595776 7.391969
vertex 60.548195 -62.595779 -0.000001
endloop
endfacet
facet normal 0.000000 0.000000 1.000000
outer loop
vertex 52.067646 -0.640388 13.439939
vertex 45.379940 -0.740855 13.439939
vertex 46.150455 -37.458851 13.439942
endloop
endfacet
facet normal 0.000000 0.000000 1.000000
outer loop
vertex 52.067646 -0.640388 13.439939
vertex 46.150455 -37.458851 13.439942
vertex 52.838135 -37.358383 13.439942
endloop
endfacet
facet normal -0.015021 0.999887 0.000000
outer loop
vertex 45.379940 -0.740855 -0.000006
vertex 45.379940 -0.740855 13.439939
vertex 52.067646 -0.640388 13.439939
endloop
endfacet
facet normal -0.015021 0.999887 0.000000
outer loop
vertex 45.379940 -0.740855 -0.000006
vertex 52.067646 -0.640388 13.439939
vertex 52.067646 -0.640388 -0.000006
endloop
endfacet
facet normal -0.999780 -0.020980 0.000000
outer loop
vertex 46.150455 -37.458851 -0.000003
vertex 46.150455 -37.458851 13.439942
vertex 45.379940 -0.740855 13.439939
endloop
endfacet
facet normal -0.999780 -0.020980 0.000000
outer loop
vertex 46.150455 -37.458851 -0.000003
vertex 45.379940 -0.740855 13.439939
vertex 45.379940 -0.740855 -0.000006
endloop
endfacet
facet normal 0.015021 -0.999887 0.000000
outer loop
vertex 52.838135 -37.358383 -0.000003
vertex 52.838135 -37.358383 13.439942
vertex 46.150455 -37.458851 13.439942
endloop
endfacet
facet normal 0.015021 -0.999887 0.000000
outer loop
vertex 52.838135 -37.358383 -0.000003
vertex 46.150455 -37.458851 13.439942
vertex 46.150455 -37.458851 -0.000003
endloop
endfacet
facet normal 0.999780 0.020979 0.000000
outer loop
vertex 52.067646 -0.640388 -0.000006
vertex 52.067646 -0.640388 13.439939
vertex 52.838135 -37.358383 13.439942
endloop
endfacet
facet normal 0.999780 0.020979 0.000000
outer loop
vertex 52.067646 -0.640388 -0.000006
vertex 52.838135 -37.358383 13.439942
vertex 52.838135 -37.358383 -0.000003
endloop
endfacet
facet normal -0.000000 0.000000 1.000000
outer loop
vertex 66.580063 -36.621616 18.815920
vertex 66.245949 -23.145473 18.815920
vertex 59.323856 -23.245941 18.815920
endloop
endfacet
facet normal 0.000000 0.000000 1.000000
outer loop
vertex 66.580063 -36.621616 18.815920
vertex 59.323856 -23.245941 18.815920
vertex 59.590675 -36.755573 18.815920
endloop
endfacet
facet normal 0.999693 0.024785 0.000000
outer loop
vertex 66.245949 -23.145473 -0.000004
vertex 66.245949 -23.145473 18.815920
vertex 66.580063 -36.621616 18.815920
endloop
endfacet
facet normal 0.999693 0.024786 0.000000
outer loop
vertex 66.245949 -23.145473 -0.000004
vertex 66.580063 -36.621616 18.815920
vertex 66.580063 -36.621616 -0.000003
endloop
endfacet
facet normal -0.014513 0.999895 0.000000
outer loop
vertex 59.323856 -23.245941 -0.000004
vertex 59.323856 -23.245941 18.815920
vertex 66.245949 -23.145473 18.815920
endloop
endfacet
facet normal -0.014513 0.999895 0.000000
outer loop
vertex 59.323856 -23.245941 -0.000004
vertex 66.245949 -23.145473 18.815920
vertex 66.245949 -23.145473 -0.000004
endloop
endfacet
facet normal -0.999805 -0.019746 0.000000
outer loop
vertex 59.590675 -36.755573 -0.000003
vertex 59.590675 -36.755573 18.815920
vertex 59.323856 -23.245941 18.815920
endloop
endfacet
facet normal -0.999805 -0.019748 0.000000
outer loop
vertex 59.590675 -36.755573 -0.000003
vertex 59.323856 -23.245941 18.815920
vertex 59.323856 -23.245941 -0.000004
endloop
endfacet
facet normal 0.019162 -0.999816 0.000000
outer loop
vertex 66.580063 -36.621616 -0.000003
vertex 66.580063 -36.621616 18.815920
vertex 59.590675 -36.755573 18.815920
endloop
endfacet
facet normal 0.019162 -0.999816 0.000000
outer loop
vertex 66.580063 -36.621616 -0.000003
vertex 59.590675 -36.755573 18.815920
vertex 59.590675 -36.755573 -0.000003
endloop
endfacet
facet normal -0.000000 0.000000 1.000000
outer loop
vertex 72.467339 -13.178964 10.751951
vertex 72.567093 -19.434830 10.751952
vertex 81.162346 -19.367851 10.751952
endloop
endfacet
facet normal 0.000000 0.000000 1.000000
outer loop
vertex 72.467339 -13.178964 10.751951
vertex 81.162346 -19.367851 10.751952
vertex 81.062592 -13.078496 10.751951
endloop
endfacet
facet normal -0.999873 -0.015945 0.000000
outer loop
vertex 72.567093 -19.434830 -0.000004
vertex 72.567093 -19.434830 10.751952
vertex 72.467339 -13.178964 10.751951
endloop
endfacet
facet normal -0.999873 -0.015941 0.000000
outer loop
vertex 72.567093 -19.434830 -0.000004
vertex 72.467339 -13.178964 10.751951
vertex 72.467339 -13.178964 -0.000005
endloop
endfacet
facet normal 0.007792 -0.999970 0.000000
outer loop
vertex 81.162346 -19.367851 -0.000004
vertex 81.162346 -19.367851 10.751952
vertex 72.567093 -19.434830 10.751952
endloop
endfacet
facet normal 0.007792 -0.999970 0.000000
outer loop
vertex 81.162346 -19.367851 -0.000004
vertex 72.567093 -19.434830 10.751952
vertex 72.567093 -19.434830 -0.000004
endloop
endfacet
facet normal 0.999874 0.015859 0.000000
outer loop
vertex 81.062592 -13.078496 -0.000005
vertex 81.062592 -13.078496 10.751951
vertex 81.162346 -19.367851 10.751952
endloop
endfacet
facet normal 0.999874 0.015858 0.000000
outer loop
vertex 81.062592 -13.078496 -0.000005
vertex 81.162346 -19.367851 10.751952
vertex 81.162346 -19.367851 -0.000004
endloop
endfacet
facet normal -0.011688 0.999932 0.000000
outer loop
vertex 72.467339 -13.178964 -0.000005
vertex 72.467339 -13.178964 10.751951
vertex 81.062592 -13.078496 10.751951
endloop
endfacet
facet normal -0.011688 0.999932 0.000000
outer loop
vertex 72.467339 -13.178964 -0.000005
vertex 81.062592 -13.078496 10.751951
vertex 81.062592 -13.078496 -0.000005
endloop
endfacet
facet normal 0.000000 0.000000 1.000000
outer loop
vertex 65.911812 -4.685961 7.391964
vertex 58.954796 -4.752940 7.391964
vertex 59.323856 -23.245941 7.391965
endloop
endfacet
facet normal -0.000000 0.000000 1.000000
outer loop
vertex 65.911812 -4.685961 7.391964
vertex 59.323856 -23.245941 7.391965
vertex 66.245949 -23.145473 7.391965
endloop
endfacet
facet normal -0.009627 0.999954 0.000000
outer loop
vertex 58.954796 -4.752940 -0.000005
vertex 58.954796 -4.752940 7.391964
vertex 65.911812 -4.685961 7.391964
endloop
endfacet
facet normal -0.009627 0.999954 0.000000
outer loop
vertex 58.954796 -4.752940 -0.000005
vertex 65.911812 -4.685961 7.391964
vertex 65.911812 -4.685961 -0.000005
endloop
endfacet
facet normal -0.999801 -0.019952 0.000000
outer loop
vertex 59.323856 -23.245941 -0.000004
vertex 59.323856 -23.245941 7.391965
vertex 58.954796 -4.752940 7.391964
endloop
endfacet
facet normal -0.999801 -0.019953 0.000000
outer loop
vertex 59.323856 -23.245941 -0.000004
vertex 58.954796 -4.752940 7.391964
vertex 58.954796 -4.752940 -0.000005
endloop
endfacet
facet normal 0.014513 -0.999895 0.000000
outer loop
vertex 66.245949 -23.145473 -0.000004
vertex 66.245949 -23.145473 7.391965
vertex 59.323856 -23.245941 7.391965
endloop
endfacet
facet normal 0.014513 -0.999895 0.000000
outer loop
vertex 66.245949 -23.145473 -0.000004
vertex 59.323856 -23.245941 7.391965
vertex 59.323856 -23.245941 -0.000004
endloop
endfacet
facet normal 0.999836 0.018098 0.000000
outer loop
vertex 65.911812 -4.685961 -0.000005
vertex 65.911812 -4.685961 7.391964
vertex 66.245949 -23.145473 7.391965
endloop
endfacet
facet normal 0.999836 0.018098 0.000000
outer loop
vertex 65.911812 -4.685961 -0.000005
vertex 66.245949 -23.145473 7.391965
vertex 66.245949 -23.145473 -0.000004
endloop
endfacet
facet normal -0.000000 0.000000 1.000000
outer loop
vertex 91.762405 -10.104609 -0.000005
vertex 83.134720 -10.205076 -0.000005
vertex 83.336708 -30.168215 -0.000003
endloop
endfacet
facet normal -0.000000 0.000000 1.000000
outer loop
vertex 83.336708 -30.168215 -0.000003
vertex 72.836372 -30.369154 -0.000003
vertex 72.901199 -36.253235 -0.000003
endloop
endfacet
facet normal 0.000205 0.000002 1.000000
outer loop
vertex 92.031700 -35.985321 -0.000003
vertex 91.777359 -11.491082 -0.000005
vertex 91.762405 -10.104609 -0.000005
endloop
endfacet
facet normal -0.000000 0.000000 1.000000
outer loop
vertex 83.336708 -30.168215 -0.000003
vertex 72.901199 -36.253235 -0.000003
vertex 92.031700 -35.985321 -0.000003
endloop
endfacet
facet normal 0.000000 0.000000 1.000000
outer loop
vertex 83.336708 -30.168215 -0.000003
vertex 92.031700 -35.985321 -0.000003
vertex 91.762405 -10.104609 -0.000005
endloop
endfacet
facet normal 0.000000 0.000000 1.000000
outer loop
vertex 59.623077 6.710655 26.207886
vertex 69.958832 6.884800 26.207886
vertex 69.155914 41.463509 26.207884
endloop
endfacet
facet normal -0.000000 0.000000 1.000000
outer loop
vertex 59.623077 6.710655 26.207886
vertex 69.155914 41.463509 26.207884
vertex 58.855076 41.286007 26.207884
endloop
endfacet
facet normal 0.016846 -0.999858 0.000000
outer loop
vertex 69.958832 6.884800 -0.000006
vertex 69.958832 6.884800 26.207886
vertex 59.623077 6.710655 26.207886
endloop
endfacet
facet normal 0.016846 -0.999858 0.000000
outer loop
vertex 69.958832 6.884800 -0.000006
vertex 59.623077 6.710655 26.207886
vertex 59.623077 6.710655 -0.000006
endloop
endfacet
facet normal 0.999731 0.023214 0.000000
outer loop
vertex 69.155914 41.463509 -0.000009
vertex 69.155914 41.463509 26.207884
vertex 69.958832 6.884800 26.207886
endloop
endfacet
facet normal 0.999731 0.023214 0.000000
outer loop
vertex 69.155914 41.463509 -0.000009
vertex 69.958832 6.884800 26.207886
vertex 69.958832 6.884800 -0.000006
endloop
endfacet
facet normal -0.017229 0.999852 0.000000
outer loop
vertex 58.855076 41.286007 -0.000009
vertex 58.855076 41.286007 26.207884
vertex 69.155914 41.463509 26.207884
endloop
endfacet
facet normal -0.017229 0.999852 0.000000
outer loop
vertex 58.855076 41.286007 -0.000009
vertex 69.155914 41.463509 26.207884
vertex 69.155914 41.463509 -0.000009
endloop
endfacet
facet normal -0.999753 -0.022207 0.000000
outer loop
vertex 59.623077 6.710655 -0.000006
vertex 59.623077 6.710655 26.207886
vertex 58.855076 41.286007 26.207884
endloop
endfacet
facet normal -0.999753 -0.022207 0.000000
outer loop
vertex 59.623077 6.710655 -0.000006
vertex 58.855076 41.286007 26.207884
vertex 58.855076 41.286007 -0.000009
endloop
endfacet
facet normal -0.000001 0.000000 1.000000
outer loop
vertex 32.772579 -26.022219 27.103886
vertex 32.303776 -1.075760 27.103884
vertex 22.741047 -1.209717 27.103884
endloop
endfacet
facet normal -0.000000 0.000000 1.000000
outer loop
vertex 22.741047 -1.209717 27.103884
vertex 23.312065 -37.492336 27.103886
vertex 33.036884 -37.264610 27.103886
endloop
endfacet
facet normal 0.000001 -0.000000 1.000000
outer loop
vertex 32.772579 -26.022219 27.103886
vertex 22.741047 -1.209717 27.103884
vertex 33.036884 -37.264610 27.103886
endloop
endfacet
facet normal 0.999823 0.018789 0.000000
outer loop
vertex 32.303776 -1.075760 -0.000006
vertex 32.303776 -1.075760 27.103884
vertex 32.772579 -26.022219 27.103886
endloop
endfacet
facet normal 0.999823 0.018789 -0.000000
outer loop
vertex 32.303776 -1.075760 -0.000006
vertex 32.772579 -26.022219 27.103886
vertex 32.772579 -26.022223 -0.000004
endloop
endfacet
facet normal -0.014007 0.999902 0.000000
outer loop
vertex 22.741047 -1.209717 -0.000006
vertex 22.741047 -1.209717 27.103884
vertex 32.303776 -1.075760 27.103884
endloop
endfacet
facet normal -0.014007 0.999902 0.000000
outer loop
vertex 22.741047 -1.209717 -0.000006
vertex 32.303776 -1.075760 27.103884
vertex 32.303776 -1.075760 -0.000006
endloop
endfacet
facet normal -0.999876 -0.015736 0.000000
outer loop
vertex 23.312065 -37.492340 -0.000003
vertex 23.312065 -37.492336 27.103886
vertex 22.741047 -1.209717 27.103884
endloop
endfacet
facet normal -0.999876 -0.015736 0.000000
outer loop
vertex 23.312065 -37.492340 -0.000003
vertex 22.741047 -1.209717 27.103884
vertex 22.741047 -1.209717 -0.000006
endloop
endfacet
facet normal 0.023411 -0.999726 0.000000
outer loop
vertex 33.036884 -37.264614 -0.000003
vertex 33.036884 -37.264610 27.103886
vertex 23.312065 -37.492336 27.103886
endloop
endfacet
facet normal 0.023411 -0.999726 0.000000
outer loop
vertex 33.036884 -37.264614 -0.000003
vertex 23.312065 -37.492336 27.103886
vertex 23.312065 -37.492340 -0.000003
endloop
endfacet
facet normal 0.999724 0.023503 -0.000000
outer loop
vertex 32.772579 -26.022223 -0.000004
vertex 32.772579 -26.022219 27.103886
vertex 33.036884 -37.264610 27.103886
endloop
endfacet
facet normal 0.999724 0.023503 0.000000
outer loop
vertex 32.772579 -26.022223 -0.000004
vertex 33.036884 -37.264610 27.103886
vertex 33.036884 -37.264614 -0.000003
endloop
endfacet
facet normal 0.000000 0.000000 1.000000
outer loop
vertex -14.145985 23.462414 12.319942
vertex 0.600849 23.663355 12.319942
vertex 0.334030 40.987934 12.319941
endloop
endfacet
facet normal -0.000000 0.000000 1.000000
outer loop
vertex -14.145985 23.462414 12.319942
vertex 0.334030 40.987934 12.319941
vertex -14.547444 40.787003 12.319941
endloop
endfacet
facet normal 0.013625 -0.999907 0.000000
outer loop
vertex 0.600849 23.663355 -0.000008
vertex 0.600849 23.663355 12.319942
vertex -14.145985 23.462414 12.319942
endloop
endfacet
facet normal 0.013625 -0.999907 0.000000
outer loop
vertex 0.600849 23.663355 -0.000008
vertex -14.145985 23.462414 12.319942
vertex -14.145985 23.462414 -0.000007
endloop
endfacet
facet normal 0.999881 0.015399 0.000000
outer loop
vertex 0.334030 40.987934 -0.000009
vertex 0.334030 40.987934 12.319941
vertex 0.600849 23.663355 12.319942
endloop
endfacet
facet normal 0.999881 0.015399 0.000000
outer loop
vertex 0.334030 40.987934 -0.000009
vertex 0.600849 23.663355 12.319942
vertex 0.600849 23.663355 -0.000008
endloop
endfacet
facet normal -0.013501 0.999909 0.000000
outer loop
vertex -14.547444 40.787003 -0.000009
vertex -14.547444 40.787003 12.319941
vertex 0.334030 40.987934 12.319941
endloop
endfacet
facet normal -0.013501 0.999909 0.000000
outer loop
vertex -14.547444 40.787003 -0.000009
vertex 0.334030 40.987934 12.319941
vertex 0.334030 40.987934 -0.000009
endloop
endfacet
facet normal -0.999732 -0.023167 0.000000
outer loop
vertex -14.145985 23.462414 -0.000007
vertex -14.145985 23.462414 12.319942
vertex -14.547444 40.787003 12.319941
endloop
endfacet
facet normal -0.999732 -0.023167 0.000000
outer loop
vertex -14.145985 23.462414 -0.000007
vertex -14.547444 40.787003 12.319941
vertex -14.547444 40.787003 -0.000009
endloop
endfacet
facet normal -0.000000 0.000000 1.000000
outer loop
vertex 3.443466 40.920956 32.479858
vertex 3.712774 23.931282 32.479858
vertex 14.746725 24.065239 32.479858
endloop
endfacet
facet normal -0.008443 0.000000 0.999964
outer loop
vertex 14.746725 24.065239 32.479858
vertex 14.602104 33.321968 32.479858
vertex 14.479905 41.118557 32.479858
endloop
endfacet
facet normal 0.000000 0.000000 1.000000
outer loop
vertex 14.746725 24.065239 32.479858
vertex 14.479905 41.118557 32.479858
vertex 3.443466 40.920956 32.479858
endloop
endfacet
facet normal 0.012140 -0.999926 0.000000
outer loop
vertex 14.746725 24.065239 -0.000008
vertex 14.746725 24.065239 32.479858
vertex 3.712774 23.931282 32.479858
endloop
endfacet
facet normal 0.012140 -0.999926 0.000000
outer loop
vertex 14.746725 24.065239 -0.000008
vertex 3.712774 23.931282 32.479858
vertex 3.712774 23.931282 -0.000008
endloop
endfacet
facet normal 0.999878 0.015621 0.000000
outer loop
vertex 14.602104 33.321968 -0.000008
vertex 14.602104 33.321968 32.479858
vertex 14.746725 24.065239 32.479858
endloop
endfacet
facet normal 0.999878 0.015621 0.000000
outer loop
vertex 14.602104 33.321968 -0.000008
vertex 14.746725 24.065239 32.479858
vertex 14.746725 24.065239 -0.000008
endloop
endfacet
facet normal 0.999877 0.015671 0.000000
outer loop
vertex 14.479905 41.118557 -0.000009
vertex 14.479905 41.118557 32.479858
vertex 14.602104 33.321968 32.479858
endloop
endfacet
facet normal 0.999877 0.015672 0.000000
outer loop
vertex 14.479905 41.118557 -0.000009
vertex 14.602104 33.321968 32.479858
vertex 14.602104 33.321968 -0.000008
endloop
endfacet
facet normal -0.017902 0.999840 0.000000
outer loop
vertex 3.443466 40.920956 -0.000009
vertex 3.443466 40.920956 32.479858
vertex 14.479905 41.118557 32.479858
endloop
endfacet
facet normal -0.017902 0.999840 0.000000
outer loop
vertex 3.443466 40.920956 -0.000009
vertex 14.479905 41.118557 32.479858
vertex 14.479905 41.118557 -0.000009
endloop
endfacet
facet normal -0.999874 -0.015849 0.000000
outer loop
vertex 3.712774 23.931282 -0.000008
vertex 3.712774 23.931282 32.479858
vertex 3.443466 40.920956 32.479858
endloop
endfacet
facet normal -0.999874 -0.015849 0.000000
outer loop
vertex 3.712774 23.931282 -0.000008
vertex 3.443466 40.920956 32.479858
vertex 3.443466 40.920956 -0.000009
endloop
endfacet
facet normal 0.000000 0.000000 1.000000
outer loop
vertex 33.745056 -14.796517 14.783935
vertex 42.569725 -14.659211 14.783935
vertex 42.302906 -0.814540 14.783935
endloop
endfacet
facet normal 0.000000 0.000000 1.000000
outer loop
vertex 33.745056 -14.796517 14.783935
vertex 42.302906 -0.814540 14.783935
vertex 33.540581 -0.948496 14.783935
endloop
endfacet
facet normal 0.015557 -0.999879 0.000000
outer loop
vertex 42.569725 -14.659211 -0.000005
vertex 42.569725 -14.659211 14.783935
vertex 33.745056 -14.796517 14.783935
endloop
endfacet
facet normal 0.015557 -0.999879 0.000000
outer loop
vertex 42.569725 -14.659211 -0.000005
vertex 33.745056 -14.796517 14.783935
vertex 33.745056 -14.796517 -0.000005
endloop
endfacet
facet normal 0.999814 0.019269 0.000000
outer loop
vertex 42.302906 -0.814540 -0.000006
vertex 42.302906 -0.814540 14.783935
vertex 42.569725 -14.659211 14.783935
endloop
endfacet
facet normal 0.999814 0.019268 0.000000
outer loop
vertex 42.302906 -0.814540 -0.000006
vertex 42.569725 -14.659211 14.783935
vertex 42.569725 -14.659211 -0.000005
endloop
endfacet
facet normal -0.015286 0.999883 0.000000
outer loop
vertex 33.540581 -0.948496 -0.000006
vertex 33.540581 -0.948496 14.783935
vertex 42.302906 -0.814540 14.783935
endloop
endfacet
facet normal -0.015286 0.999883 0.000000
outer loop
vertex 33.540581 -0.948496 -0.000006
vertex 42.302906 -0.814540 14.783935
vertex 42.302906 -0.814540 -0.000006
endloop
endfacet
facet normal -0.999891 -0.014764 0.000000
outer loop
vertex 33.745056 -14.796517 -0.000005
vertex 33.745056 -14.796517 14.783935
vertex 33.540581 -0.948496 14.783935
endloop
endfacet
facet normal -0.999891 -0.014764 0.000000
outer loop
vertex 33.745056 -14.796517 -0.000005
vertex 33.540581 -0.948496 14.783935
vertex 33.540581 -0.948496 -0.000006
endloop
endfacet
facet normal 0.000000 0.000000 1.000000
outer loop
vertex 15.415004 -14.458270 22.847900
vertex 15.215504 -1.350372 22.847900
vertex -4.181772 -1.618292 22.847900
endloop
endfacet
facet normal 0.000000 0.000000 1.000000
outer loop
vertex 15.415004 -14.458270 22.847900
vertex -4.181772 -1.618292 22.847900
vertex -4.047132 -14.793168 22.847900
endloop
endfacet
facet normal 0.999884 0.015218 0.000000
outer loop
vertex 15.215504 -1.350372 -0.000006
vertex 15.215504 -1.350372 22.847900
vertex 15.415004 -14.458270 22.847900
endloop
endfacet
facet normal 0.999884 0.015218 0.000000
outer loop
vertex 15.215504 -1.350372 -0.000006
vertex 15.415004 -14.458270 22.847900
vertex 15.415004 -14.458270 -0.000005
endloop
endfacet
facet normal -0.013811 0.999905 0.000000
outer loop
vertex -4.181772 -1.618292 -0.000006
vertex -4.181772 -1.618292 22.847900
vertex 15.215504 -1.350372 22.847900
endloop
endfacet
facet normal -0.013811 0.999905 0.000000
outer loop
vertex -4.181772 -1.618292 -0.000006
vertex 15.215504 -1.350372 22.847900
vertex 15.215504 -1.350372 -0.000006
endloop
endfacet
facet normal -0.999948 -0.010219 0.000000
outer loop
vertex -4.047132 -14.793168 -0.000005
vertex -4.047132 -14.793168 22.847900
vertex -4.181772 -1.618292 22.847900
endloop
endfacet
facet normal -0.999948 -0.010219 0.000000
outer loop
vertex -4.047132 -14.793168 -0.000005
vertex -4.181772 -1.618292 22.847900
vertex -4.181772 -1.618292 -0.000006
endloop
endfacet
facet normal 0.017205 -0.999852 0.000000
outer loop
vertex 15.415004 -14.458270 -0.000005
vertex 15.415004 -14.458270 22.847900
vertex -4.047132 -14.793168 22.847900
endloop
endfacet
facet normal 0.017205 -0.999852 0.000000
outer loop
vertex 15.415004 -14.458270 -0.000005
vertex -4.047132 -14.793168 22.847900
vertex -4.047132 -14.793168 -0.000005
endloop
endfacet
facet normal 0.000001 0.000000 1.000000
outer loop
vertex 27.825378 -54.257019 18.143925
vertex 33.927082 -54.246975 18.143925
vertex 23.895550 -44.615505 18.143925
endloop
endfacet
facet normal -0.000000 0.000000 1.000000
outer loop
vertex 23.895550 -44.615505 18.143925
vertex 23.895550 -54.380932 18.143925
vertex 26.955139 -54.300556 18.143925
endloop
endfacet
facet normal 0.000002 0.000000 1.000000
outer loop
vertex 26.955139 -54.300556 18.143925
vertex 26.428993 -55.683651 18.143925
vertex 27.274294 -55.687000 18.143925
endloop
endfacet
facet normal 0.000000 0.000000 1.000000
outer loop
vertex 27.825378 -54.257019 18.143925
vertex 23.895550 -44.615505 18.143925
vertex 26.955139 -54.300556 18.143925
endloop
endfacet
facet normal -0.000003 0.000000 1.000000
outer loop
vertex 26.955139 -54.300556 18.143925
vertex 27.274294 -55.687000 18.143925
vertex 27.825378 -54.257019 18.143925
endloop
endfacet
facet normal 0.692577 0.721344 0.000000
outer loop
vertex 23.895550 -44.615505 -0.000002
vertex 23.895550 -44.615505 18.143925
vertex 33.927082 -54.246975 18.143925
endloop
endfacet
facet normal 0.692577 0.721344 0.000000
outer loop
vertex 23.895550 -44.615505 -0.000002
vertex 33.927082 -54.246975 18.143925
vertex 33.927082 -54.246975 -0.000002
endloop
endfacet
facet normal -1.000000 0.000000 0.000000
outer loop
vertex 23.895550 -54.380932 -0.000002
vertex 23.895550 -54.380932 18.143925
vertex 23.895550 -44.615505 18.143925
endloop
endfacet
facet normal -1.000000 -0.000000 0.000000
outer loop
vertex 23.895550 -54.380932 -0.000002
vertex 23.895550 -44.615505 18.143925
vertex 23.895550 -44.615505 -0.000002
endloop
endfacet
facet normal 0.026261 -0.999655 0.000000
outer loop
vertex 26.955139 -54.300556 -0.000002
vertex 26.955139 -54.300556 18.143925
vertex 23.895550 -54.380932 18.143925
endloop
endfacet
facet normal 0.026261 -0.999655 0.000000
outer loop
vertex 26.955139 -54.300556 -0.000002
vertex 23.895550 -54.380932 18.143925
vertex 23.895550 -54.380932 -0.000002
endloop
endfacet
facet normal -0.934656 0.355553 0.000000
outer loop
vertex 26.428993 -55.683655 -0.000002
vertex 26.428993 -55.683651 18.143925
vertex 26.955139 -54.300556 18.143925
endloop
endfacet
facet normal -0.934656 0.355553 0.000000
outer loop
vertex 26.428993 -55.683655 -0.000002
vertex 26.955139 -54.300556 18.143925
vertex 26.955139 -54.300556 -0.000002
endloop
endfacet
facet normal -0.003962 -0.999992 0.000000
outer loop
vertex 27.274294 -55.687004 -0.000002
vertex 27.274294 -55.687000 18.143925
vertex 26.428993 -55.683651 18.143925
endloop
endfacet
facet normal -0.003962 -0.999992 0.000000
outer loop
vertex 27.274294 -55.687004 -0.000002
vertex 26.428993 -55.683651 18.143925
vertex 26.428993 -55.683655 -0.000002
endloop
endfacet
facet normal 0.933106 -0.359602 0.000000
outer loop
vertex 27.825378 -54.257023 -0.000002
vertex 27.825378 -54.257019 18.143925
vertex 27.274294 -55.687000 18.143925
endloop
endfacet
facet normal 0.933107 -0.359598 0.000000
outer loop
vertex 27.825378 -54.257023 -0.000002
vertex 27.274294 -55.687000 18.143925
vertex 27.274294 -55.687004 -0.000002
endloop
endfacet
facet normal 0.001646 -0.999999 0.000000
outer loop
vertex 33.927082 -54.246975 -0.000002
vertex 33.927082 -54.246975 18.143925
vertex 27.825378 -54.257019 18.143925
endloop
endfacet
facet normal 0.001647 -0.999999 0.000000
outer loop
vertex 33.927082 -54.246975 -0.000002
vertex 27.825378 -54.257019 18.143925
vertex 27.825378 -54.257023 -0.000002
endloop
endfacet
facet normal 0.000001 0.000000 1.000000
outer loop
vertex 82.329315 -7.669904 13.887938
vertex 82.386658 -10.211776 13.887938
vertex 83.134720 -10.205076 13.887938
endloop
endfacet
facet normal 0.000000 0.000000 1.000000
outer loop
vertex 83.134720 -10.205076 13.887938
vertex 91.762405 -10.104609 13.887938
vertex 91.625252 -0.044269 13.887938
endloop
endfacet
facet normal 0.000000 0.000000 1.000000
outer loop
vertex 91.625252 -0.044269 13.887938
vertex 82.261993 -0.178226 13.887938
vertex 82.329315 -7.669904 13.887938
endloop
endfacet
facet normal -0.000001 0.000000 1.000000
outer loop
vertex 83.134720 -10.205076 13.887938
vertex 91.625252 -0.044269 13.887938
vertex 82.329315 -7.669904 13.887938
endloop
endfacet
facet normal 0.008956 -0.999960 0.000000
outer loop
vertex 83.134720 -10.205076 -0.000005
vertex 83.134720 -10.205076 13.887938
vertex 82.386658 -10.211776 13.887938
endloop
endfacet
facet normal 0.008955 -0.999960 0.000000
outer loop
vertex 83.134720 -10.205076 -0.000005
vertex 82.386658 -10.211776 13.887938
vertex 82.386658 -10.211776 -0.000005
endloop
endfacet
facet normal 0.011644 -0.999932 0.000000
outer loop
vertex 91.762405 -10.104609 -0.000005
vertex 91.762405 -10.104609 13.887938
vertex 83.134720 -10.205076 13.887938
endloop
endfacet
facet normal 0.011644 -0.999932 0.000000
outer loop
vertex 91.762405 -10.104609 -0.000005
vertex 83.134720 -10.205076 13.887938
vertex 83.134720 -10.205076 -0.000005
endloop
endfacet
facet normal 0.999907 0.013632 0.000000
outer loop
vertex 91.625252 -0.044269 -0.000006
vertex 91.625252 -0.044269 13.887938
vertex 91.762405 -10.104609 13.887938
endloop
endfacet
facet normal 0.999907 0.013632 0.000000
outer loop
vertex 91.625252 -0.044269 -0.000006
vertex 91.762405 -10.104609 13.887938
vertex 91.762405 -10.104609 -0.000005
endloop
endfacet
facet normal -0.014305 0.999898 0.000000
outer loop
vertex 82.261993 -0.178226 -0.000006
vertex 82.261993 -0.178226 13.887938
vertex 91.625252 -0.044269 13.887938
endloop
endfacet
facet normal -0.014305 0.999898 0.000000
outer loop
vertex 82.261993 -0.178226 -0.000006
vertex 91.625252 -0.044269 13.887938
vertex 91.625252 -0.044269 -0.000006
endloop
endfacet
facet normal -0.999960 -0.008984 0.000000
outer loop
vertex 82.329315 -7.669904 -0.000005
vertex 82.329315 -7.669904 13.887938
vertex 82.261993 -0.178226 13.887938
endloop
endfacet
facet normal -0.999960 -0.008984 0.000000
outer loop
vertex 82.329315 -7.669904 -0.000005
vertex 82.261993 -0.178226 13.887938
vertex 82.261993 -0.178226 -0.000006
endloop
endfacet
facet normal -0.999746 -0.022554 0.000000
outer loop
vertex 82.386658 -10.211776 -0.000005
vertex 82.386658 -10.211776 13.887938
vertex 82.329315 -7.669904 13.887938
endloop
endfacet
facet normal -0.999746 -0.022554 0.000000
outer loop
vertex 82.386658 -10.211776 -0.000005
vertex 82.329315 -7.669904 13.887938
vertex 82.329315 -7.669904 -0.000005
endloop
endfacet
facet normal 0.000000 0.000000 1.000000
outer loop
vertex 22.928051 22.822750 0.671990
vertex 41.053627 23.171053 0.671990
vertex 40.704533 41.262562 0.671988
endloop
endfacet
facet normal -0.000000 0.000000 1.000000
outer loop
vertex 22.928051 22.822750 0.671990
vertex 40.704533 41.262562 0.671988
vertex 22.578955 40.914257 0.671988
endloop
endfacet
facet normal 0.019213 -0.999815 0.000000
outer loop
vertex 41.053627 23.171053 -0.000007
vertex 41.053627 23.171053 0.671990
vertex 22.928051 22.822750 0.671990
endloop
endfacet
facet normal 0.019213 -0.999816 0.000000
outer loop
vertex 41.053627 23.171053 -0.000007
vertex 22.928051 22.822750 0.671990
vertex 22.928051 22.822750 -0.000007
endloop
endfacet
facet normal 0.999814 0.019292 0.000000
outer loop
vertex 40.704533 41.262562 -0.000009
vertex 40.704533 41.262562 0.671988
vertex 41.053627 23.171053 0.671990
endloop
endfacet
facet normal 0.999814 0.019292 0.000000
outer loop
vertex 40.704533 41.262562 -0.000009
vertex 41.053627 23.171053 0.671990
vertex 41.053627 23.171053 -0.000007
endloop
endfacet
facet normal -0.019213 0.999815 0.000000
outer loop
vertex 22.578955 40.914257 -0.000009
vertex 22.578955 40.914257 0.671988
vertex 40.704533 41.262562 0.671988
endloop
endfacet
facet normal -0.019213 0.999815 0.000000
outer loop
vertex 22.578955 40.914257 -0.000009
vertex 40.704533 41.262562 0.671988
vertex 40.704533 41.262562 -0.000009
endloop
endfacet
facet normal -0.999814 -0.019293 0.000000
outer loop
vertex 22.928051 22.822750 -0.000007
vertex 22.928051 22.822750 0.671990
vertex 22.578955 40.914257 0.671988
endloop
endfacet
facet normal -0.999814 -0.019292 0.000000
outer loop
vertex 22.928051 22.822750 -0.000007
vertex 22.578955 40.914257 0.671988
vertex 22.578955 40.914257 -0.000009
endloop
endfacet
facet normal 0.000000 0.000000 1.000000
outer loop
vertex 42.634556 -16.966646 4.703977
vertex 42.569725 -14.659211 4.703976
vertex 33.745056 -14.796517 4.703976
endloop
endfacet
facet normal -0.000000 0.000000 1.000000
outer loop
vertex 42.634556 -16.966646 4.703977
vertex 33.745056 -14.796517 4.703976
vertex 33.772484 -17.100601 4.703977
endloop
endfacet
facet normal 0.999605 0.028087 0.000000
outer loop
vertex 42.569725 -14.659211 -0.000005
vertex 42.569725 -14.659211 4.703976
vertex 42.634556 -16.966646 4.703977
endloop
endfacet
facet normal 0.999606 0.028083 0.000000
outer loop
vertex 42.569725 -14.659211 -0.000005
vertex 42.634556 -16.966646 4.703977
vertex 42.634556 -16.966646 -0.000004
endloop
endfacet
facet normal -0.015557 0.999879 0.000000
outer loop
vertex 33.745056 -14.796517 -0.000005
vertex 33.745056 -14.796517 4.703976
vertex 42.569725 -14.659211 4.703976
endloop
endfacet
facet normal -0.015557 0.999879 0.000000
outer loop
vertex 33.745056 -14.796517 -0.000005
vertex 42.569725 -14.659211 4.703976
vertex 42.569725 -14.659211 -0.000005
endloop
endfacet
facet normal -0.999929 -0.011901 0.000000
outer loop
vertex 33.772484 -17.100601 -0.000004
vertex 33.772484 -17.100601 4.703977
vertex 33.745056 -14.796517 4.703976
endloop
endfacet
facet normal -0.999929 -0.011901 0.000000
outer loop
vertex 33.772484 -17.100601 -0.000004
vertex 33.745056 -14.796517 4.703976
vertex 33.745056 -14.796517 -0.000005
endloop
endfacet
facet normal 0.015114 -0.999886 0.000000
outer loop
vertex 42.634556 -16.966646 -0.000004
vertex 42.634556 -16.966646 4.703977
vertex 33.772484 -17.100601 4.703977
endloop
endfacet
facet normal 0.015114 -0.999886 0.000000
outer loop
vertex 42.634556 -16.966646 -0.000004
vertex 33.772484 -17.100601 4.703977
vertex 33.772484 -17.100601 -0.000004
endloop
endfacet
facet normal -0.000000 0.000000 1.000000
outer loop
vertex 58.852589 -0.312189 3.359981
vertex 58.954796 -4.752940 3.359981
vertex 65.911812 -4.685961 3.359981
endloop
endfacet
facet normal 0.000000 0.000000 1.000000
outer loop
vertex 58.852589 -0.312189 3.359981
vertex 65.911812 -4.685961 3.359981
vertex 65.809578 -0.178226 3.359981
endloop
endfacet
facet normal -0.999735 -0.023010 0.000000
outer loop
vertex 58.954796 -4.752940 -0.000005
vertex 58.954796 -4.752940 3.359981
vertex 58.852589 -0.312189 3.359981
endloop
endfacet
facet normal -0.999735 -0.023012 0.000000
outer loop
vertex 58.954796 -4.752940 -0.000005
vertex 58.852589 -0.312189 3.359981
vertex 58.852589 -0.312189 -0.000006
endloop
endfacet
facet normal 0.009627 -0.999954 0.000000
outer loop
vertex 65.911812 -4.685961 -0.000005
vertex 65.911812 -4.685961 3.359981
vertex 58.954796 -4.752940 3.359981
endloop
endfacet
facet normal 0.009627 -0.999954 0.000000
outer loop
vertex 65.911812 -4.685961 -0.000005
vertex 58.954796 -4.752940 3.359981
vertex 58.954796 -4.752940 -0.000005
endloop
endfacet
facet normal 0.999743 0.022674 0.000000
outer loop
vertex 65.809578 -0.178226 -0.000006
vertex 65.809578 -0.178226 3.359981
vertex 65.911812 -4.685961 3.359981
endloop
endfacet
facet normal 0.999743 0.022676 0.000000
outer loop
vertex 65.809578 -0.178226 -0.000006
vertex 65.911812 -4.685961 3.359981
vertex 65.911812 -4.685961 -0.000005
endloop
endfacet
facet normal -0.019252 0.999815 0.000000
outer loop
vertex 58.852589 -0.312189 -0.000006
vertex 58.852589 -0.312189 3.359981
vertex 65.809578 -0.178226 3.359981
endloop
endfacet
facet normal -0.019252 0.999815 0.000000
outer loop
vertex 58.852589 -0.312189 -0.000006
vertex 65.809578 -0.178226 3.359981
vertex 65.809578 -0.178226 -0.000006
endloop
endfacet
facet normal 0.000000 0.000000 1.000000
outer loop
vertex 72.365105 -8.607620 6.047970
vertex 72.467339 -13.178964 6.047971
vertex 81.062592 -13.078496 6.047971
endloop
endfacet
facet normal 0.000000 0.000000 1.000000
outer loop
vertex 72.365105 -8.607620 6.047970
vertex 81.062592 -13.078496 6.047971
vertex 80.925438 -8.473657 6.047970
endloop
endfacet
facet normal -0.999750 -0.022360 0.000000
outer loop
vertex 72.467339 -13.178964 -0.000005
vertex 72.467339 -13.178964 6.047971
vertex 72.365105 -8.607620 6.047970
endloop
endfacet
facet normal -0.999750 -0.022358 0.000000
outer loop
vertex 72.467339 -13.178964 -0.000005
vertex 72.365105 -8.607620 6.047970
vertex 72.365105 -8.607620 -0.000005
endloop
endfacet
facet normal 0.011688 -0.999932 0.000000
outer loop
vertex 81.062592 -13.078496 -0.000005
vertex 81.062592 -13.078496 6.047971
vertex 72.467339 -13.178964 6.047971
endloop
endfacet
facet normal 0.011688 -0.999932 0.000000
outer loop
vertex 81.062592 -13.078496 -0.000005
vertex 72.467339 -13.178964 6.047971
vertex 72.467339 -13.178964 -0.000005
endloop
endfacet
facet normal 0.999557 0.029774 0.000000
outer loop
vertex 80.925438 -8.473657 -0.000005
vertex 80.925438 -8.473657 6.047970
vertex 81.062592 -13.078496 6.047971
endloop
endfacet
facet normal 0.999557 0.029768 0.000000
outer loop
vertex 80.925438 -8.473657 -0.000005
vertex 81.062592 -13.078496 6.047971
vertex 81.062592 -13.078496 -0.000005
endloop
endfacet
facet normal -0.015647 0.999878 0.000000
outer loop
vertex 72.365105 -8.607620 -0.000005
vertex 72.365105 -8.607620 6.047970
vertex 80.925438 -8.473657 6.047970
endloop
endfacet
facet normal -0.015647 0.999878 0.000000
outer loop
vertex 72.365105 -8.607620 -0.000005
vertex 80.925438 -8.473657 6.047970
vertex 80.925438 -8.473657 -0.000005
endloop
endfacet
facet normal 0.000000 0.000000 1.000000
outer loop
vertex 72.297783 -7.803861 2.015987
vertex 82.329315 -7.669904 2.015987
vertex 82.261993 -0.178226 2.015986
endloop
endfacet
facet normal 0.000000 0.000000 1.000000
outer loop
vertex 72.297783 -7.803861 2.015987
vertex 82.261993 -0.178226 2.015986
vertex 72.163116 -0.312189 2.015986
endloop
endfacet
facet normal 0.013352 -0.999911 0.000000
outer loop
vertex 82.329315 -7.669904 -0.000005
vertex 82.329315 -7.669904 2.015987
vertex 72.297783 -7.803861 2.015987
endloop
endfacet
facet normal 0.013352 -0.999911 0.000000
outer loop
vertex 82.329315 -7.669904 -0.000005
vertex 72.297783 -7.803861 2.015987
vertex 72.297783 -7.803861 -0.000005
endloop
endfacet
facet normal 0.999960 0.008986 0.000000
outer loop
vertex 82.261993 -0.178226 -0.000006
vertex 82.261993 -0.178226 2.015986
vertex 82.329315 -7.669904 2.015987
endloop
endfacet
facet normal 0.999960 0.008987 0.000000
outer loop
vertex 82.261993 -0.178226 -0.000006
vertex 82.329315 -7.669904 2.015987
vertex 82.329315 -7.669904 -0.000005
endloop
endfacet
facet normal -0.013264 0.999912 0.000000
outer loop
vertex 72.163116 -0.312189 -0.000006
vertex 72.163116 -0.312189 2.015986
vertex 82.261993 -0.178226 2.015986
endloop
endfacet
facet normal -0.013264 0.999912 0.000000
outer loop
vertex 72.163116 -0.312189 -0.000006
vertex 82.261993 -0.178226 2.015986
vertex 82.261993 -0.178226 -0.000006
endloop
endfacet
facet normal -0.999838 -0.017970 0.000000
outer loop
vertex 72.297783 -7.803861 -0.000005
vertex 72.297783 -7.803861 2.015987
vertex 72.163116 -0.312189 2.015986
endloop
endfacet
facet normal -0.999838 -0.017976 0.000000
outer loop
vertex 72.297783 -7.803861 -0.000005
vertex 72.163116 -0.312189 2.015986
vertex 72.163116 -0.312189 -0.000006
endloop
endfacet
facet normal 0.000000 0.000000 1.000000
outer loop
vertex 72.599495 -22.184324 2.015988
vertex 81.192261 -22.117342 2.015988
vertex 81.162346 -19.367851 2.015987
endloop
endfacet
facet normal -0.000000 0.000000 1.000000
outer loop
vertex 72.599495 -22.184324 2.015988
vertex 81.162346 -19.367851 2.015987
vertex 72.567093 -19.434830 2.015987
endloop
endfacet
facet normal 0.007795 -0.999970 0.000000
outer loop
vertex 81.192261 -22.117342 -0.000004
vertex 81.192261 -22.117342 2.015988
vertex 72.599495 -22.184324 2.015988
endloop
endfacet
facet normal 0.007795 -0.999970 0.000000
outer loop
vertex 81.192261 -22.117342 -0.000004
vertex 72.599495 -22.184324 2.015988
vertex 72.599495 -22.184324 -0.000004
endloop
endfacet
facet normal 0.999941 0.010883 0.000000
outer loop
vertex 81.162346 -19.367851 -0.000004
vertex 81.162346 -19.367851 2.015987
vertex 81.192261 -22.117342 2.015988
endloop
endfacet
facet normal 0.999941 0.010873 0.000000
outer loop
vertex 81.162346 -19.367851 -0.000004
vertex 81.192261 -22.117342 2.015988
vertex 81.192261 -22.117342 -0.000004
endloop
endfacet
facet normal -0.007792 0.999970 0.000000
outer loop
vertex 72.567093 -19.434830 -0.000004
vertex 72.567093 -19.434830 2.015987
vertex 81.162346 -19.367851 2.015987
endloop
endfacet
facet normal -0.007792 0.999970 0.000000
outer loop
vertex 72.567093 -19.434830 -0.000004
vertex 81.162346 -19.367851 2.015987
vertex 81.162346 -19.367851 -0.000004
endloop
endfacet
facet normal -0.999931 -0.011786 0.000000
outer loop
vertex 72.599495 -22.184324 -0.000004
vertex 72.599495 -22.184324 2.015988
vertex 72.567093 -19.434830 2.015987
endloop
endfacet
facet normal -0.999931 -0.011781 0.000000
outer loop
vertex 72.599495 -22.184324 -0.000004
vertex 72.567093 -19.434830 2.015987
vertex 72.567093 -19.434830 -0.000004
endloop
endfacet
facet normal 0.000000 0.000000 1.000000
outer loop
vertex 72.599495 -22.184324 2.015988
vertex 72.699242 -28.671236 2.015988
vertex 80.090118 -28.604258 2.015988
endloop
endfacet
facet normal 0.000000 0.000000 1.000000
outer loop
vertex 80.090118 -28.604258 2.015988
vertex 81.227173 -27.401989 2.015988
vertex 81.192261 -22.117342 2.015988
endloop
endfacet
facet normal -0.000000 0.000000 1.000000
outer loop
vertex 80.090118 -28.604258 2.015988
vertex 81.192261 -22.117342 2.015988
vertex 72.599495 -22.184324 2.015988
endloop
endfacet
facet normal 0.009062 -0.999959 0.000000
outer loop
vertex 80.090118 -28.604258 -0.000004
vertex 80.090118 -28.604258 2.015988
vertex 72.699242 -28.671236 2.015988
endloop
endfacet
facet normal 0.009062 -0.999959 0.000000
outer loop
vertex 80.090118 -28.604258 -0.000004
vertex 72.699242 -28.671236 2.015988
vertex 72.699242 -28.671236 -0.000004
endloop
endfacet
facet normal 0.726536 -0.687128 0.000000
outer loop
vertex 81.227173 -27.401989 -0.000004
vertex 81.227173 -27.401989 2.015988
vertex 80.090118 -28.604258 2.015988
endloop
endfacet
facet normal 0.726536 -0.687128 0.000000
outer loop
vertex 81.227173 -27.401989 -0.000004
vertex 80.090118 -28.604258 2.015988
vertex 80.090118 -28.604258 -0.000004
endloop
endfacet
facet normal 0.999978 0.006607 0.000000
outer loop
vertex 81.192261 -22.117342 -0.000004
vertex 81.192261 -22.117342 2.015988
vertex 81.227173 -27.401989 2.015988
endloop
endfacet
facet normal 0.999978 0.006605 0.000000
outer loop
vertex 81.192261 -22.117342 -0.000004
vertex 81.227173 -27.401989 2.015988
vertex 81.227173 -27.401989 -0.000004
endloop
endfacet
facet normal -0.007795 0.999970 0.000000
outer loop
vertex 72.599495 -22.184324 -0.000004
vertex 72.599495 -22.184324 2.015988
vertex 81.192261 -22.117342 2.015988
endloop
endfacet
facet normal -0.007795 0.999970 0.000000
outer loop
vertex 72.599495 -22.184324 -0.000004
vertex 81.192261 -22.117342 2.015988
vertex 81.192261 -22.117342 -0.000004
endloop
endfacet
facet normal -0.999882 -0.015374 0.000000
outer loop
vertex 72.699242 -28.671236 -0.000004
vertex 72.699242 -28.671236 2.015988
vertex 72.599495 -22.184324 2.015988
endloop
endfacet
facet normal -0.999882 -0.015374 0.000000
outer loop
vertex 72.699242 -28.671236 -0.000004
vertex 72.599495 -22.184324 2.015988
vertex 72.599495 -22.184324 -0.000004
endloop
endfacet
facet normal -0.000000 0.000000 1.000000
outer loop
vertex 43.103336 -37.532528 8.063965
vertex 42.634556 -16.966646 8.063963
vertex 33.772484 -17.100601 8.063963
endloop
endfacet
facet normal 0.000000 0.000000 1.000000
outer loop
vertex 43.103336 -37.532528 8.063965
vertex 33.772484 -17.100601 8.063963
vertex 34.141541 -37.733463 8.063965
endloop
endfacet
facet normal 0.999740 0.022788 0.000000
outer loop
vertex 42.634556 -16.966646 -0.000004
vertex 42.634556 -16.966646 8.063963
vertex 43.103336 -37.532528 8.063965
endloop
endfacet
facet normal 0.999740 0.022788 0.000000
outer loop
vertex 42.634556 -16.966646 -0.000004
vertex 43.103336 -37.532528 8.063965
vertex 43.103336 -37.532528 -0.000003
endloop
endfacet
facet normal -0.015114 0.999886 0.000000
outer loop
vertex 33.772484 -17.100601 -0.000004
vertex 33.772484 -17.100601 8.063963
vertex 42.634556 -16.966646 8.063963
endloop
endfacet
facet normal -0.015114 0.999886 0.000000
outer loop
vertex 33.772484 -17.100601 -0.000004
vertex 42.634556 -16.966646 8.063963
vertex 42.634556 -16.966646 -0.000004
endloop
endfacet
facet normal -0.999840 -0.017884 0.000000
outer loop
vertex 34.141541 -37.733463 -0.000003
vertex 34.141541 -37.733463 8.063965
vertex 33.772484 -17.100601 8.063963
endloop
endfacet
facet normal -0.999840 -0.017884 0.000000
outer loop
vertex 34.141541 -37.733463 -0.000003
vertex 33.772484 -17.100601 8.063963
vertex 33.772484 -17.100601 -0.000004
endloop
endfacet
facet normal 0.022416 -0.999749 0.000000
outer loop
vertex 43.103336 -37.532528 -0.000003
vertex 43.103336 -37.532528 8.063965
vertex 34.141541 -37.733463 8.063965
endloop
endfacet
facet normal 0.022416 -0.999749 0.000000
outer loop
vertex 43.103336 -37.532528 -0.000003
vertex 34.141541 -37.733463 8.063965
vertex 34.141541 -37.733463 -0.000003
endloop
endfacet
facet normal 0.000000 0.000000 1.000000
outer loop
vertex -78.833565 18.860863 9.407954
vertex -88.388855 18.706800 9.407954
vertex -88.159447 3.224348 9.407955
endloop
endfacet
facet normal 0.000000 0.000000 1.000000
outer loop
vertex -78.833565 18.860863 9.407954
vertex -88.159447 3.224348 9.407955
vertex -78.529373 3.431982 9.407955
endloop
endfacet
facet normal -0.016121 0.999870 0.000000
outer loop
vertex -88.388855 18.706800 -0.000007
vertex -88.388855 18.706800 9.407954
vertex -78.833565 18.860863 9.407954
endloop
endfacet
facet normal -0.016121 0.999870 0.000000
outer loop
vertex -88.388855 18.706800 -0.000007
vertex -78.833565 18.860863 9.407954
vertex -78.833565 18.860863 -0.000007
endloop
endfacet
facet normal -0.999890 -0.014816 0.000000
outer loop
vertex -88.159447 3.224348 -0.000006
vertex -88.159447 3.224348 9.407955
vertex -88.388855 18.706800 9.407954
endloop
endfacet
facet normal -0.999890 -0.014815 0.000000
outer loop
vertex -88.159447 3.224348 -0.000006
vertex -88.388855 18.706800 9.407954
vertex -88.388855 18.706800 -0.000007
endloop
endfacet
facet normal 0.021556 -0.999768 0.000000
outer loop
vertex -78.529373 3.431982 -0.000006
vertex -78.529373 3.431982 9.407955
vertex -88.159447 3.224348 9.407955
endloop
endfacet
facet normal 0.021556 -0.999768 0.000000
outer loop
vertex -78.529373 3.431982 -0.000006
vertex -88.159447 3.224348 9.407955
vertex -88.159447 3.224348 -0.000006
endloop
endfacet
facet normal 0.999806 0.019711 0.000000
outer loop
vertex -78.833565 18.860863 -0.000007
vertex -78.833565 18.860863 9.407954
vertex -78.529373 3.431982 9.407955
endloop
endfacet
facet normal 0.999806 0.019714 0.000000
outer loop
vertex -78.833565 18.860863 -0.000007
vertex -78.529373 3.431982 9.407955
vertex -78.529373 3.431982 -0.000006
endloop
endfacet
facet normal 0.000000 0.000000 1.000000
outer loop
vertex -68.774612 3.596085 6.719966
vertex -68.999016 19.004868 6.719965
vertex -78.833565 18.860863 6.719965
endloop
endfacet
facet normal -0.000000 0.000000 1.000000
outer loop
vertex -68.774612 3.596085 6.719966
vertex -78.833565 18.860863 6.719965
vertex -78.529373 3.431982 6.719966
endloop
endfacet
facet normal 0.999894 0.014563 0.000000
outer loop
vertex -68.999016 19.004868 -0.000007
vertex -68.999016 19.004868 6.719965
vertex -68.774612 3.596085 6.719966
endloop
endfacet
facet normal 0.999894 0.014561 0.000000
outer loop
vertex -68.999016 19.004868 -0.000007
vertex -68.774612 3.596085 6.719966
vertex -68.774612 3.596085 -0.000006
endloop
endfacet
facet normal -0.014641 0.999893 0.000000
outer loop
vertex -78.833565 18.860863 -0.000007
vertex -78.833565 18.860863 6.719965
vertex -68.999016 19.004868 6.719965
endloop
endfacet
facet normal -0.014641 0.999893 0.000000
outer loop
vertex -78.833565 18.860863 -0.000007
vertex -68.999016 19.004868 6.719965
vertex -68.999016 19.004868 -0.000007
endloop
endfacet
facet normal -0.999806 -0.019712 0.000000
outer loop
vertex -78.529373 3.431982 -0.000006
vertex -78.529373 3.431982 6.719966
vertex -78.833565 18.860863 6.719965
endloop
endfacet
facet normal -0.999806 -0.019712 0.000000
outer loop
vertex -78.529373 3.431982 -0.000006
vertex -78.833565 18.860863 6.719965
vertex -78.833565 18.860863 -0.000007
endloop
endfacet
facet normal 0.016820 -0.999858 0.000000
outer loop
vertex -68.774612 3.596085 -0.000006
vertex -68.774612 3.596085 6.719966
vertex -78.529373 3.431982 6.719966
endloop
endfacet
facet normal 0.016820 -0.999858 0.000000
outer loop
vertex -68.774612 3.596085 -0.000006
vertex -78.529373 3.431982 6.719966
vertex -78.529373 3.431982 -0.000006
endloop
endfacet
facet normal 0.000000 0.000000 1.000000
outer loop
vertex -68.774612 3.596085 18.143919
vertex -58.832844 3.743440 18.143919
vertex -59.059742 19.148872 18.143919
endloop
endfacet
facet normal 0.000000 0.000000 1.000000
outer loop
vertex -68.774612 3.596085 18.143919
vertex -59.059742 19.148872 18.143919
vertex -68.999016 19.004868 18.143919
endloop
endfacet
facet normal 0.014820 -0.999890 0.000000
outer loop
vertex -58.832844 3.743440 -0.000006
vertex -58.832844 3.743440 18.143919
vertex -68.774612 3.596085 18.143919
endloop
endfacet
facet normal 0.014820 -0.999890 0.000000
outer loop
vertex -58.832844 3.743440 -0.000006
vertex -68.774612 3.596085 18.143919
vertex -68.774612 3.596085 -0.000006
endloop
endfacet
facet normal 0.999892 0.014727 0.000000
outer loop
vertex -59.059742 19.148872 -0.000007
vertex -59.059742 19.148872 18.143919
vertex -58.832844 3.743440 18.143919
endloop
endfacet
facet normal 0.999892 0.014726 0.000000
outer loop
vertex -59.059742 19.148872 -0.000007
vertex -58.832844 3.743440 18.143919
vertex -58.832844 3.743440 -0.000006
endloop
endfacet
facet normal -0.014487 0.999895 0.000000
outer loop
vertex -68.999016 19.004868 -0.000007
vertex -68.999016 19.004868 18.143919
vertex -59.059742 19.148872 18.143919
endloop
endfacet
facet normal -0.014487 0.999895 0.000000
outer loop
vertex -68.999016 19.004868 -0.000007
vertex -59.059742 19.148872 18.143919
vertex -59.059742 19.148872 -0.000007
endloop
endfacet
facet normal -0.999894 -0.014561 0.000000
outer loop
vertex -68.774612 3.596085 -0.000006
vertex -68.774612 3.596085 18.143919
vertex -68.999016 19.004868 18.143919
endloop
endfacet
facet normal -0.999894 -0.014563 0.000000
outer loop
vertex -68.774612 3.596085 -0.000006
vertex -68.999016 19.004868 18.143919
vertex -68.999016 19.004868 -0.000007
endloop
endfacet
facet normal -0.000000 0.000000 1.000000
outer loop
vertex -88.603287 25.240747 2.687981
vertex -88.553413 22.025682 2.687982
vertex -59.191921 22.561529 2.687982
endloop
endfacet
facet normal 0.000000 0.000000 1.000000
outer loop
vertex -59.191921 22.561529 2.687982
vertex -59.393883 39.949738 2.687980
vertex -88.822716 39.346909 2.687980
endloop
endfacet
facet normal 0.000000 0.000000 1.000000
outer loop
vertex -59.191921 22.561529 2.687982
vertex -88.822716 39.346909 2.687980
vertex -88.603287 25.240747 2.687981
endloop
endfacet
facet normal 0.018247 -0.999833 0.000000
outer loop
vertex -59.191921 22.561529 -0.000007
vertex -59.191921 22.561529 2.687982
vertex -88.553413 22.025682 2.687982
endloop
endfacet
facet normal 0.018247 -0.999833 0.000000
outer loop
vertex -59.191921 22.561529 -0.000007
vertex -88.553413 22.025682 2.687982
vertex -88.553413 22.025682 -0.000007
endloop
endfacet
facet normal 0.999933 0.011614 0.000000
outer loop
vertex -59.393883 39.949738 -0.000009
vertex -59.393883 39.949738 2.687980
vertex -59.191921 22.561529 2.687982
endloop
endfacet
facet normal 0.999933 0.011614 0.000000
outer loop
vertex -59.393883 39.949738 -0.000009
vertex -59.191921 22.561529 2.687982
vertex -59.191921 22.561529 -0.000007
endloop
endfacet
facet normal -0.020480 0.999790 0.000000
outer loop
vertex -88.822716 39.346909 -0.000009
vertex -88.822716 39.346909 2.687980
vertex -59.393883 39.949738 2.687980
endloop
endfacet
facet normal -0.020480 0.999790 0.000000
outer loop
vertex -88.822716 39.346909 -0.000009
vertex -59.393883 39.949738 2.687980
vertex -59.393883 39.949738 -0.000009
endloop
endfacet
facet normal -0.999879 -0.015553 0.000000
outer loop
vertex -88.603287 25.240747 -0.000008
vertex -88.603287 25.240747 2.687981
vertex -88.822716 39.346909 2.687980
endloop
endfacet
facet normal -0.999879 -0.015554 0.000000
outer loop
vertex -88.603287 25.240747 -0.000008
vertex -88.822716 39.346909 2.687980
vertex -88.822716 39.346909 -0.000009
endloop
endfacet
facet normal -0.999880 -0.015516 0.000000
outer loop
vertex -88.553413 22.025682 -0.000007
vertex -88.553413 22.025682 2.687982
vertex -88.603287 25.240747 2.687981
endloop
endfacet
facet normal -0.999880 -0.015508 0.000000
outer loop
vertex -88.553413 22.025682 -0.000007
vertex -88.603287 25.240747 2.687981
vertex -88.603287 25.240747 -0.000008
endloop
endfacet
facet normal 0.000000 0.000000 1.000000
outer loop
vertex -61.306431 -11.457593 8.063962
vertex -58.259312 -11.414055 8.063962
vertex -58.386486 -2.850718 8.063962
endloop
endfacet
facet normal 0.000000 0.000000 1.000000
outer loop
vertex -58.386486 -2.850718 8.063962
vertex -72.365318 -3.058359 8.063962
vertex -72.238144 -11.618346 8.063962
endloop
endfacet
facet normal 0.000000 0.000000 1.000000
outer loop
vertex -58.386486 -2.850718 8.063962
vertex -72.238144 -11.618346 8.063962
vertex -61.306431 -11.457593 8.063962
endloop
endfacet
facet normal 0.999890 0.014850 0.000000
outer loop
vertex -58.386486 -2.850718 -0.000006
vertex -58.386486 -2.850718 8.063962
vertex -58.259312 -11.414055 8.063962
endloop
endfacet
facet normal 0.999890 0.014850 0.000000
outer loop
vertex -58.386486 -2.850718 -0.000006
vertex -58.259312 -11.414055 8.063962
vertex -58.259312 -11.414055 -0.000005
endloop
endfacet
facet normal -0.014852 0.999890 0.000000
outer loop
vertex -72.365318 -3.058359 -0.000006
vertex -72.365318 -3.058359 8.063962
vertex -58.386486 -2.850718 8.063962
endloop
endfacet
facet normal -0.014852 0.999890 0.000000
outer loop
vertex -72.365318 -3.058359 -0.000006
vertex -58.386486 -2.850718 8.063962
vertex -58.386486 -2.850718 -0.000006
endloop
endfacet
facet normal -0.999890 -0.014853 0.000000
outer loop
vertex -72.238144 -11.618346 -0.000005
vertex -72.238144 -11.618346 8.063962
vertex -72.365318 -3.058359 8.063962
endloop
endfacet
facet normal -0.999890 -0.014857 0.000000
outer loop
vertex -72.238144 -11.618346 -0.000005
vertex -72.365318 -3.058359 8.063962
vertex -72.365318 -3.058359 -0.000006
endloop
endfacet
facet normal 0.014704 -0.999892 0.000000
outer loop
vertex -61.306431 -11.457593 -0.000005
vertex -61.306431 -11.457593 8.063962
vertex -72.238144 -11.618346 8.063962
endloop
endfacet
facet normal 0.014704 -0.999892 0.000000
outer loop
vertex -61.306431 -11.457593 -0.000005
vertex -72.238144 -11.618346 8.063962
vertex -72.238144 -11.618346 -0.000005
endloop
endfacet
facet normal 0.014287 -0.999898 0.000000
outer loop
vertex -58.259312 -11.414055 -0.000005
vertex -58.259312 -11.414055 8.063962
vertex -61.306431 -11.457593 8.063962
endloop
endfacet
facet normal 0.014287 -0.999898 0.000000
outer loop
vertex -58.259312 -11.414055 -0.000005
vertex -61.306431 -11.457593 8.063962
vertex -61.306431 -11.457593 -0.000005
endloop
endfacet
facet normal 0.000000 0.000000 1.000000
outer loop
vertex -74.307785 -2.921046 8.063962
vertex -88.261681 -3.145427 8.063962
vertex -88.092125 -12.073802 8.063962
endloop
endfacet
facet normal -0.000000 0.000000 1.000000
outer loop
vertex -74.307785 -2.921046 8.063962
vertex -88.092125 -12.073802 8.063962
vertex -74.108315 -11.882916 8.063962
endloop
endfacet
facet normal -0.016078 0.999871 0.000000
outer loop
vertex -88.261681 -3.145427 -0.000005
vertex -88.261681 -3.145427 8.063962
vertex -74.307785 -2.921046 8.063962
endloop
endfacet
facet normal -0.016078 0.999871 0.000000
outer loop
vertex -88.261681 -3.145427 -0.000005
vertex -74.307785 -2.921046 8.063962
vertex -74.307785 -2.921046 -0.000006
endloop
endfacet
facet normal -0.999820 -0.018987 0.000000
outer loop
vertex -88.092125 -12.073802 -0.000005
vertex -88.092125 -12.073802 8.063962
vertex -88.261681 -3.145427 8.063962
endloop
endfacet
facet normal -0.999820 -0.018987 0.000000
outer loop
vertex -88.092125 -12.073802 -0.000005
vertex -88.261681 -3.145427 8.063962
vertex -88.261681 -3.145427 -0.000005
endloop
endfacet
facet normal 0.013649 -0.999907 0.000000
outer loop
vertex -74.108315 -11.882916 -0.000005
vertex -74.108315 -11.882916 8.063962
vertex -88.092125 -12.073802 8.063962
endloop
endfacet
facet normal 0.013649 -0.999907 0.000000
outer loop
vertex -74.108315 -11.882916 -0.000005
vertex -88.092125 -12.073802 8.063962
vertex -88.092125 -12.073802 -0.000005
endloop
endfacet
facet normal 0.999752 0.022250 0.000000
outer loop
vertex -74.307785 -2.921046 -0.000006
vertex -74.307785 -2.921046 8.063962
vertex -74.108315 -11.882916 8.063962
endloop
endfacet
facet normal 0.999752 0.022254 0.000000
outer loop
vertex -74.307785 -2.921046 -0.000006
vertex -74.108315 -11.882916 8.063962
vertex -74.108315 -11.882916 -0.000005
endloop
endfacet
facet normal 0.000000 0.000000 1.000000
outer loop
vertex -67.861961 -54.977036 33.599861
vertex -67.994141 -44.947044 33.599857
vertex -85.655914 -45.214958 33.599857
endloop
endfacet
facet normal -0.000004 0.000000 1.000000
outer loop
vertex -85.556168 -47.646271 33.599857
vertex -87.812836 -47.683109 33.599857
vertex -87.618340 -55.315273 33.599861
endloop
endfacet
facet normal -0.000001 -0.000000 1.000000
outer loop
vertex -67.861961 -54.977036 33.599861
vertex -85.655914 -45.214958 33.599857
vertex -85.556168 -47.646271 33.599857
endloop
endfacet
facet normal 0.000000 0.000000 1.000000
outer loop
vertex -85.556168 -47.646271 33.599857
vertex -87.618340 -55.315273 33.599861
vertex -67.861961 -54.977036 33.599861
endloop
endfacet
facet normal -0.015167 0.999885 0.000000
outer loop
vertex -85.655914 -45.214962 -0.000002
vertex -85.655914 -45.214958 33.599857
vertex -67.994141 -44.947044 33.599857
endloop
endfacet
facet normal -0.015167 0.999885 -0.000000
outer loop
vertex -85.655914 -45.214962 -0.000002
vertex -67.994141 -44.947044 33.599857
vertex -67.994141 -44.947048 -0.000002
endloop
endfacet
facet normal -0.999159 -0.040992 0.000000
outer loop
vertex -85.556168 -47.646275 -0.000002
vertex -85.556168 -47.646271 33.599857
vertex -85.655914 -45.214958 33.599857
endloop
endfacet
facet normal -0.999159 -0.040992 0.000000
outer loop
vertex -85.556168 -47.646275 -0.000002
vertex -85.655914 -45.214958 33.599857
vertex -85.655914 -45.214962 -0.000002
endloop
endfacet
facet normal -0.016322 0.999867 -0.000000
outer loop
vertex -87.812836 -47.683113 -0.000002
vertex -87.812836 -47.683109 33.599857
vertex -85.556168 -47.646271 33.599857
endloop
endfacet
facet normal -0.016322 0.999867 -0.000000
outer loop
vertex -87.812836 -47.683113 -0.000002
vertex -85.556168 -47.646271 33.599857
vertex -85.556168 -47.646275 -0.000002
endloop
endfacet
facet normal -0.999675 -0.025477 0.000000
outer loop
vertex -87.618340 -55.315277 -0.000002
vertex -87.618340 -55.315273 33.599861
vertex -87.812836 -47.683109 33.599857
endloop
endfacet
facet normal -0.999675 -0.025476 0.000000
outer loop
vertex -87.618340 -55.315277 -0.000002
vertex -87.812836 -47.683109 33.599857
vertex -87.812836 -47.683113 -0.000002
endloop
endfacet
facet normal 0.017118 -0.999853 0.000000
outer loop
vertex -67.861961 -54.977036 -0.000002
vertex -67.861961 -54.977036 33.599861
vertex -87.618340 -55.315273 33.599861
endloop
endfacet
facet normal 0.017118 -0.999853 0.000000
outer loop
vertex -67.861961 -54.977036 -0.000002
vertex -87.618340 -55.315273 33.599861
vertex -87.618340 -55.315277 -0.000002
endloop
endfacet
facet normal 0.999913 0.013176 -0.000000
outer loop
vertex -67.994141 -44.947048 -0.000002
vertex -67.994141 -44.947044 33.599857
vertex -67.861961 -54.977036 33.599861
endloop
endfacet
facet normal 0.999913 0.013179 0.000000
outer loop
vertex -67.994141 -44.947048 -0.000002
vertex -67.861961 -54.977036 33.599861
vertex -67.861961 -54.977036 -0.000002
endloop
endfacet
facet normal 0.000000 0.000000 1.000000
outer loop
vertex -86.588493 -39.428020 9.407959
vertex -73.547249 -39.126617 9.407959
vertex -73.871407 -20.781111 9.407957
endloop
endfacet
facet normal 0.000000 0.000000 1.000000
outer loop
vertex -73.871407 -20.781111 9.407957
vertex -73.881386 -20.231882 9.407957
vertex -77.858604 -20.298861 9.407957
endloop
endfacet
facet normal 0.000000 0.000000 1.000000
outer loop
vertex -77.858604 -20.298861 9.407957
vertex -87.959946 -20.432817 9.407957
vertex -87.590912 -38.389854 9.407959
endloop
endfacet
facet normal -0.000006 0.000000 1.000000
outer loop
vertex -87.590912 -38.389854 9.407959
vertex -87.458763 -38.925682 9.407959
vertex -87.089706 -39.294067 9.407959
endloop
endfacet
facet normal 0.000000 0.000000 1.000000
outer loop
vertex -87.089706 -39.294067 9.407959
vertex -86.588493 -39.428020 9.407959
vertex -73.871407 -20.781111 9.407957
endloop
endfacet
facet normal 0.000000 0.000000 1.000000
outer loop
vertex -73.871407 -20.781111 9.407957
vertex -77.858604 -20.298861 9.407957
vertex -87.590912 -38.389854 9.407959
endloop
endfacet
facet normal 0.000001 0.000000 1.000000
outer loop
vertex -73.871407 -20.781111 9.407957
vertex -87.590912 -38.389854 9.407959
vertex -87.089706 -39.294067 9.407959
endloop
endfacet
facet normal 0.999844 0.017667 0.000000
outer loop
vertex -73.871407 -20.781111 -0.000004
vertex -73.871407 -20.781111 9.407957
vertex -73.547249 -39.126617 9.407959
endloop
endfacet
facet normal 0.999844 0.017666 0.000000
outer loop
vertex -73.871407 -20.781111 -0.000004
vertex -73.547249 -39.126617 9.407959
vertex -73.547249 -39.126617 -0.000003
endloop
endfacet
facet normal 0.999835 0.018164 0.000000
outer loop
vertex -73.881386 -20.231882 -0.000004
vertex -73.881386 -20.231882 9.407957
vertex -73.871407 -20.781111 9.407957
endloop
endfacet
facet normal 0.999835 0.018164 0.000000
outer loop
vertex -73.881386 -20.231882 -0.000004
vertex -73.871407 -20.781111 9.407957
vertex -73.871407 -20.781111 -0.000004
endloop
endfacet
facet normal -0.016838 0.999858 0.000000
outer loop
vertex -77.858604 -20.298861 -0.000004
vertex -77.858604 -20.298861 9.407957
vertex -73.881386 -20.231882 9.407957
endloop
endfacet
facet normal -0.016838 0.999858 0.000000
outer loop
vertex -77.858604 -20.298861 -0.000004
vertex -73.881386 -20.231882 9.407957
vertex -73.881386 -20.231882 -0.000004
endloop
endfacet
facet normal -0.013260 0.999912 0.000000
outer loop
vertex -87.959946 -20.432817 -0.000004
vertex -87.959946 -20.432817 9.407957
vertex -77.858604 -20.298861 9.407957
endloop
endfacet
facet normal -0.013260 0.999912 0.000000
outer loop
vertex -87.959946 -20.432817 -0.000004
vertex -77.858604 -20.298861 9.407957
vertex -77.858604 -20.298861 -0.000004
endloop
endfacet
facet normal -0.999789 -0.020547 0.000000
outer loop
vertex -87.590912 -38.389854 -0.000003
vertex -87.590912 -38.389854 9.407959
vertex -87.959946 -20.432817 9.407957
endloop
endfacet
facet normal -0.999789 -0.020546 0.000000
outer loop
vertex -87.590912 -38.389854 -0.000003
vertex -87.959946 -20.432817 9.407957
vertex -87.959946 -20.432817 -0.000004
endloop
endfacet
facet normal -0.970907 -0.239457 0.000000
outer loop
vertex -87.458763 -38.925682 -0.000003
vertex -87.458763 -38.925682 9.407959
vertex -87.590912 -38.389854 9.407959
endloop
endfacet
facet normal -0.970912 -0.239435 0.000000
outer loop
vertex -87.458763 -38.925682 -0.000003
vertex -87.590912 -38.389854 9.407959
vertex -87.590912 -38.389854 -0.000003
endloop
endfacet
facet normal -0.706465 -0.707748 0.000000
outer loop
vertex -87.089706 -39.294067 -0.000003
vertex -87.089706 -39.294067 9.407959
vertex -87.458763 -38.925682 9.407959
endloop
endfacet
facet normal -0.706453 -0.707760 0.000000
outer loop
vertex -87.089706 -39.294067 -0.000003
vertex -87.458763 -38.925682 9.407959
vertex -87.458763 -38.925682 -0.000003
endloop
endfacet
facet normal -0.258199 -0.966092 0.000000
outer loop
vertex -86.588493 -39.428020 -0.000003
vertex -86.588493 -39.428020 9.407959
vertex -87.089706 -39.294067 9.407959
endloop
endfacet
facet normal -0.258193 -0.966093 0.000000
outer loop
vertex -86.588493 -39.428020 -0.000003
vertex -87.089706 -39.294067 9.407959
vertex -87.089706 -39.294067 -0.000003
endloop
endfacet
facet normal 0.023105 -0.999733 0.000000
outer loop
vertex -73.547249 -39.126617 -0.000003
vertex -73.547249 -39.126617 9.407959
vertex -86.588493 -39.428020 9.407959
endloop
endfacet
facet normal 0.023105 -0.999733 0.000000
outer loop
vertex -73.547249 -39.126617 -0.000003
vertex -86.588493 -39.428020 9.407959
vertex -86.588493 -39.428020 -0.000003
endloop
endfacet
facet normal -0.000000 0.000000 1.000000
outer loop
vertex -88.059692 -14.682652 0.671993
vertex -87.959946 -20.432817 0.671993
vertex -77.858604 -20.298861 0.671993
endloop
endfacet
facet normal 0.000000 0.000000 1.000000
outer loop
vertex -88.059692 -14.682652 0.671993
vertex -77.858604 -20.298861 0.671993
vertex -77.993240 -14.515206 0.671993
endloop
endfacet
facet normal -0.999850 -0.017344 0.000000
outer loop
vertex -87.959946 -20.432817 -0.000004
vertex -87.959946 -20.432817 0.671993
vertex -88.059692 -14.682652 0.671993
endloop
endfacet
facet normal -0.999850 -0.017347 0.000000
outer loop
vertex -87.959946 -20.432817 -0.000004
vertex -88.059692 -14.682652 0.671993
vertex -88.059692 -14.682652 -0.000005
endloop
endfacet
facet normal 0.013260 -0.999912 0.000000
outer loop
vertex -77.858604 -20.298861 -0.000004
vertex -77.858604 -20.298861 0.671993
vertex -87.959946 -20.432817 0.671993
endloop
endfacet
facet normal 0.013260 -0.999912 0.000000
outer loop
vertex -77.858604 -20.298861 -0.000004
vertex -87.959946 -20.432817 0.671993
vertex -87.959946 -20.432817 -0.000004
endloop
endfacet
facet normal 0.999729 0.023274 0.000000
outer loop
vertex -77.993240 -14.515206 -0.000005
vertex -77.993240 -14.515206 0.671993
vertex -77.858604 -20.298861 0.671993
endloop
endfacet
facet normal 0.999729 0.023273 0.000000
outer loop
vertex -77.993240 -14.515206 -0.000005
vertex -77.858604 -20.298861 0.671993
vertex -77.858604 -20.298861 -0.000004
endloop
endfacet
facet normal -0.016632 0.999862 0.000000
outer loop
vertex -88.059692 -14.682652 -0.000005
vertex -88.059692 -14.682652 0.671993
vertex -77.993240 -14.515206 0.671993
endloop
endfacet
facet normal -0.016632 0.999862 0.000000
outer loop
vertex -88.059692 -14.682652 -0.000005
vertex -77.993240 -14.515206 0.671993
vertex -77.993240 -14.515206 -0.000005
endloop
endfacet
facet normal 0.000000 0.000000 1.000000
outer loop
vertex -71.909012 -30.499760 6.719969
vertex -60.872570 -30.265337 6.719969
vertex -61.072044 -23.008163 6.719969
endloop
endfacet
facet normal 0.000002 0.000000 1.000000
outer loop
vertex -61.072044 -23.008163 6.719969
vertex -60.503513 -22.974674 6.719969
vertex -60.538433 -21.102610 6.719968
endloop
endfacet
facet normal 0.000000 0.000000 1.000000
outer loop
vertex -60.538433 -21.102610 6.719968
vertex -58.733097 -21.035631 6.719968
vertex -58.765526 -19.163563 6.719968
endloop
endfacet
facet normal -0.000000 0.000000 1.000000
outer loop
vertex -61.139362 -19.197052 6.719968
vertex -61.306431 -11.457593 6.719968
vertex -72.238144 -11.618346 6.719968
endloop
endfacet
facet normal 0.000000 0.000000 1.000000
outer loop
vertex -60.538433 -21.102610 6.719968
vertex -58.765526 -19.163563 6.719968
vertex -61.139362 -19.197052 6.719968
endloop
endfacet
facet normal 0.000000 0.000000 1.000000
outer loop
vertex -71.909012 -30.499760 6.719969
vertex -61.072044 -23.008163 6.719969
vertex -60.538433 -21.102610 6.719968
endloop
endfacet
facet normal 0.000000 0.000000 1.000000
outer loop
vertex -61.139362 -19.197052 6.719968
vertex -72.238144 -11.618346 6.719968
vertex -72.078568 -20.761017 6.719968
endloop
endfacet
facet normal -0.000000 0.000000 1.000000
outer loop
vertex -72.078568 -20.761017 6.719968
vertex -71.909012 -30.499760 6.719969
vertex -60.538433 -21.102610 6.719968
endloop
endfacet
facet normal 0.000000 0.000000 1.000000
outer loop
vertex -60.538433 -21.102610 6.719968
vertex -61.139362 -19.197052 6.719968
vertex -72.078568 -20.761017 6.719968
endloop
endfacet
facet normal 0.999623 0.027477 0.000000
outer loop
vertex -61.072044 -23.008163 -0.000004
vertex -61.072044 -23.008163 6.719969
vertex -60.872570 -30.265337 6.719969
endloop
endfacet
facet normal 0.999622 0.027475 0.000000
outer loop
vertex -61.072044 -23.008163 -0.000004
vertex -60.872570 -30.265337 6.719969
vertex -60.872570 -30.265337 -0.000003
endloop
endfacet
facet normal 0.058802 -0.998270 0.000000
outer loop
vertex -60.503513 -22.974674 -0.000004
vertex -60.503513 -22.974674 6.719969
vertex -61.072044 -23.008163 6.719969
endloop
endfacet
facet normal 0.058803 -0.998270 0.000000
outer loop
vertex -60.503513 -22.974674 -0.000004
vertex -61.072044 -23.008163 6.719969
vertex -61.072044 -23.008163 -0.000004
endloop
endfacet
facet normal 0.999826 0.018651 0.000000
outer loop
vertex -60.538433 -21.102610 -0.000004
vertex -60.538433 -21.102610 6.719968
vertex -60.503513 -22.974674 6.719969
endloop
endfacet
facet normal 0.999826 0.018651 0.000000
outer loop
vertex -60.538433 -21.102610 -0.000004
vertex -60.503513 -22.974674 6.719969
vertex -60.503513 -22.974674 -0.000004
endloop
endfacet
facet normal 0.037075 -0.999312 0.000000
outer loop
vertex -58.733097 -21.035631 -0.000004
vertex -58.733097 -21.035631 6.719968
vertex -60.538433 -21.102610 6.719968
endloop
endfacet
facet normal 0.037075 -0.999313 0.000000
outer loop
vertex -58.733097 -21.035631 -0.000004
vertex -60.538433 -21.102610 6.719968
vertex -60.538433 -21.102610 -0.000004
endloop
endfacet
facet normal 0.999850 0.017318 0.000000
outer loop
vertex -58.765526 -19.163563 -0.000004
vertex -58.765526 -19.163563 6.719968
vertex -58.733097 -21.035631 6.719968
endloop
endfacet
facet normal 0.999850 0.017323 0.000000
outer loop
vertex -58.765526 -19.163563 -0.000004
vertex -58.733097 -21.035631 6.719968
vertex -58.733097 -21.035631 -0.000004
endloop
endfacet
facet normal -0.014106 0.999901 0.000000
outer loop
vertex -61.139362 -19.197052 -0.000004
vertex -61.139362 -19.197052 6.719968
vertex -58.765526 -19.163563 6.719968
endloop
endfacet
facet normal -0.014106 0.999900 0.000000
outer loop
vertex -61.139362 -19.197052 -0.000004
vertex -58.765526 -19.163563 6.719968
vertex -58.765526 -19.163563 -0.000004
endloop
endfacet
facet normal 0.999767 0.021581 0.000000
outer loop
vertex -61.306431 -11.457593 -0.000005
vertex -61.306431 -11.457593 6.719968
vertex -61.139362 -19.197052 6.719968
endloop
endfacet
facet normal 0.999767 0.021582 0.000000
outer loop
vertex -61.306431 -11.457593 -0.000005
vertex -61.139362 -19.197052 6.719968
vertex -61.139362 -19.197052 -0.000004
endloop
endfacet
facet normal -0.014704 0.999892 0.000000
outer loop
vertex -72.238144 -11.618346 -0.000005
vertex -72.238144 -11.618346 6.719968
vertex -61.306431 -11.457593 6.719968
endloop
endfacet
facet normal -0.014704 0.999892 0.000000
outer loop
vertex -72.238144 -11.618346 -0.000005
vertex -61.306431 -11.457593 6.719968
vertex -61.306431 -11.457593 -0.000005
endloop
endfacet
facet normal -0.999848 -0.017451 0.000000
outer loop
vertex -72.078568 -20.761017 -0.000004
vertex -72.078568 -20.761017 6.719968
vertex -72.238144 -11.618346 6.719968
endloop
endfacet
facet normal -0.999848 -0.017451 0.000000
outer loop
vertex -72.078568 -20.761017 -0.000004
vertex -72.238144 -11.618346 6.719968
vertex -72.238144 -11.618346 -0.000005
endloop
endfacet
facet normal -0.999848 -0.017408 0.000000
outer loop
vertex -71.909012 -30.499760 -0.000003
vertex -71.909012 -30.499760 6.719969
vertex -72.078568 -20.761017 6.719968
endloop
endfacet
facet normal -0.999848 -0.017408 0.000000
outer loop
vertex -71.909012 -30.499760 -0.000003
vertex -72.078568 -20.761017 6.719968
vertex -72.078568 -20.761017 -0.000004
endloop
endfacet
facet normal 0.021236 -0.999775 0.000000
outer loop
vertex -60.872570 -30.265337 -0.000003
vertex -60.872570 -30.265337 6.719969
vertex -71.909012 -30.499760 6.719969
endloop
endfacet
facet normal 0.021236 -0.999775 0.000000
outer loop
vertex -60.872570 -30.265337 -0.000003
vertex -71.909012 -30.499760 6.719969
vertex -71.909012 -30.499760 -0.000003
endloop
endfacet
facet normal 0.000000 0.000000 1.000000
outer loop
vertex -66.390793 -39.093128 13.887940
vertex -57.561119 -38.959171 13.887940
vertex -57.728188 -31.166201 13.887939
endloop
endfacet
facet normal -0.000000 0.000000 1.000000
outer loop
vertex -57.728188 -31.166201 13.887939
vertex -65.186386 -31.233179 13.887939
vertex -65.086662 -34.612259 13.887939
endloop
endfacet
facet normal 0.000000 0.000000 1.000000
outer loop
vertex -65.086662 -34.612259 13.887939
vertex -66.490517 -34.645748 13.887939
vertex -66.390793 -39.093128 13.887940
endloop
endfacet
facet normal 0.000000 0.000000 1.000000
outer loop
vertex -57.728188 -31.166201 13.887939
vertex -65.086662 -34.612259 13.887939
vertex -66.390793 -39.093128 13.887940
endloop
endfacet
facet normal 0.999770 0.021433 0.000000
outer loop
vertex -57.728188 -31.166201 -0.000003
vertex -57.728188 -31.166201 13.887939
vertex -57.561119 -38.959171 13.887940
endloop
endfacet
facet normal 0.999770 0.021433 0.000000
outer loop
vertex -57.728188 -31.166201 -0.000003
vertex -57.561119 -38.959171 13.887940
vertex -57.561119 -38.959171 -0.000003
endloop
endfacet
facet normal -0.008980 0.999960 0.000000
outer loop
vertex -65.186386 -31.233179 -0.000003
vertex -65.186386 -31.233179 13.887939
vertex -57.728188 -31.166201 13.887939
endloop
endfacet
facet normal -0.008980 0.999960 0.000000
outer loop
vertex -65.186386 -31.233179 -0.000003
vertex -57.728188 -31.166201 13.887939
vertex -57.728188 -31.166201 -0.000003
endloop
endfacet
facet normal -0.999565 -0.029498 0.000000
outer loop
vertex -65.086662 -34.612259 -0.000003
vertex -65.086662 -34.612259 13.887939
vertex -65.186386 -31.233179 13.887939
endloop
endfacet
facet normal -0.999565 -0.029503 0.000000
outer loop
vertex -65.086662 -34.612259 -0.000003
vertex -65.186386 -31.233179 13.887939
vertex -65.186386 -31.233179 -0.000003
endloop
endfacet
facet normal -0.023848 0.999716 0.000000
outer loop
vertex -66.490517 -34.645748 -0.000003
vertex -66.490517 -34.645748 13.887939
vertex -65.086662 -34.612259 13.887939
endloop
endfacet
facet normal -0.023848 0.999716 0.000000
outer loop
vertex -66.490517 -34.645748 -0.000003
vertex -65.086662 -34.612259 13.887939
vertex -65.086662 -34.612259 -0.000003
endloop
endfacet
facet normal -0.999749 -0.022420 0.000000
outer loop
vertex -66.390793 -39.093128 -0.000003
vertex -66.390793 -39.093128 13.887940
vertex -66.490517 -34.645748 13.887939
endloop
endfacet
facet normal -0.999749 -0.022414 0.000000
outer loop
vertex -66.390793 -39.093128 -0.000003
vertex -66.490517 -34.645748 13.887939
vertex -66.490517 -34.645748 -0.000003
endloop
endfacet
facet normal 0.015169 -0.999885 0.000000
outer loop
vertex -57.561119 -38.959171 -0.000003
vertex -57.561119 -38.959171 13.887940
vertex -66.390793 -39.093128 13.887940
endloop
endfacet
facet normal 0.015169 -0.999885 0.000000
outer loop
vertex -57.561119 -38.959171 -0.000003
vertex -66.390793 -39.093128 13.887940
vertex -66.390793 -39.093128 -0.000003
endloop
endfacet
facet normal 0.000000 0.000000 1.000000
outer loop
vertex -66.557861 -31.835989 6.719969
vertex -71.841660 -31.902967 6.719969
vertex -71.674591 -39.193596 6.719970
endloop
endfacet
facet normal 0.000000 0.000000 1.000000
outer loop
vertex -71.674591 -39.193596 6.719970
vertex -66.390793 -39.093128 6.719970
vertex -66.490517 -34.645748 6.719969
endloop
endfacet
facet normal 0.000000 0.000000 1.000000
outer loop
vertex -71.674591 -39.193596 6.719970
vertex -66.490517 -34.645748 6.719969
vertex -66.557861 -31.835989 6.719969
endloop
endfacet
facet normal -0.999738 -0.022911 0.000000
outer loop
vertex -71.674591 -39.193596 -0.000003
vertex -71.674591 -39.193596 6.719970
vertex -71.841660 -31.902967 6.719969
endloop
endfacet
facet normal -0.999738 -0.022908 0.000000
outer loop
vertex -71.674591 -39.193596 -0.000003
vertex -71.841660 -31.902967 6.719969
vertex -71.841660 -31.902967 -0.000003
endloop
endfacet
facet normal 0.019011 -0.999819 0.000000
outer loop
vertex -66.390793 -39.093128 -0.000003
vertex -66.390793 -39.093128 6.719970
vertex -71.674591 -39.193596 6.719970
endloop
endfacet
facet normal 0.019011 -0.999819 0.000000
outer loop
vertex -66.390793 -39.093128 -0.000003
vertex -71.674591 -39.193596 6.719970
vertex -71.674591 -39.193596 -0.000003
endloop
endfacet
facet normal 0.999749 0.022416 0.000000
outer loop
vertex -66.490517 -34.645748 -0.000003
vertex -66.490517 -34.645748 6.719969
vertex -66.390793 -39.093128 6.719970
endloop
endfacet
facet normal 0.999749 0.022418 0.000000
outer loop
vertex -66.490517 -34.645748 -0.000003
vertex -66.390793 -39.093128 6.719970
vertex -66.390793 -39.093128 -0.000003
endloop
endfacet
facet normal 0.999713 0.023962 0.000000
outer loop
vertex -66.557861 -31.835989 -0.000003
vertex -66.557861 -31.835989 6.719969
vertex -66.490517 -34.645748 6.719969
endloop
endfacet
facet normal 0.999713 0.023959 0.000000
outer loop
vertex -66.557861 -31.835989 -0.000003
vertex -66.490517 -34.645748 6.719969
vertex -66.490517 -34.645748 -0.000003
endloop
endfacet
facet normal -0.012675 0.999920 0.000000
outer loop
vertex -71.841660 -31.902967 -0.000003
vertex -71.841660 -31.902967 6.719969
vertex -66.557861 -31.835989 6.719969
endloop
endfacet
facet normal -0.012675 0.999920 0.000000
outer loop
vertex -71.841660 -31.902967 -0.000003
vertex -66.557861 -31.835989 6.719969
vertex -66.557861 -31.835989 -0.000003
endloop
endfacet
facet normal 0.000000 0.000000 1.000000
outer loop
vertex -58.196995 -45.278591 0.671995
vertex -66.757332 -45.446037 0.671995
vertex -66.724899 -47.217613 0.671995
endloop
endfacet
facet normal 0.000000 0.000000 1.000000
outer loop
vertex -66.724899 -47.217613 0.671995
vertex -57.596039 -47.053516 0.671995
vertex -57.628468 -45.914883 0.671995
endloop
endfacet
facet normal 0.000000 0.000000 1.000000
outer loop
vertex -57.628468 -45.914883 0.671995
vertex -57.763107 -45.579990 0.671995
vertex -58.196995 -45.278591 0.671995
endloop
endfacet
facet normal 0.000000 0.000000 1.000000
outer loop
vertex -66.724899 -47.217613 0.671995
vertex -57.628468 -45.914883 0.671995
vertex -58.196995 -45.278591 0.671995
endloop
endfacet
facet normal -0.999832 -0.018313 0.000000
outer loop
vertex -66.724899 -47.217613 -0.000002
vertex -66.724899 -47.217613 0.671995
vertex -66.757332 -45.446037 0.671995
endloop
endfacet
facet normal -0.999832 -0.018300 0.000000
outer loop
vertex -66.724899 -47.217613 -0.000002
vertex -66.757332 -45.446037 0.671995
vertex -66.757332 -45.446037 -0.000002
endloop
endfacet
facet normal 0.017973 -0.999838 0.000000
outer loop
vertex -57.596039 -47.053516 -0.000002
vertex -57.596039 -47.053516 0.671995
vertex -66.724899 -47.217613 0.671995
endloop
endfacet
facet normal 0.017973 -0.999838 0.000000
outer loop
vertex -57.596039 -47.053516 -0.000002
vertex -66.724899 -47.217613 0.671995
vertex -66.724899 -47.217613 -0.000002
endloop
endfacet
facet normal 0.999594 0.028476 0.000000
outer loop
vertex -57.628468 -45.914883 -0.000002
vertex -57.628468 -45.914883 0.671995
vertex -57.596039 -47.053516 0.671995
endloop
endfacet
facet normal 0.999595 0.028466 0.000000
outer loop
vertex -57.628468 -45.914883 -0.000002
vertex -57.596039 -47.053516 0.671995
vertex -57.596039 -47.053516 -0.000002
endloop
endfacet
facet normal 0.927813 0.373046 0.000000
outer loop
vertex -57.763107 -45.579990 -0.000002
vertex -57.763107 -45.579990 0.671995
vertex -57.628468 -45.914883 0.671995
endloop
endfacet
facet normal 0.927835 0.372992 0.000000
outer loop
vertex -57.763107 -45.579990 -0.000002
vertex -57.628468 -45.914883 0.671995
vertex -57.628468 -45.914883 -0.000002
endloop
endfacet
facet normal 0.570507 0.821293 0.000000
outer loop
vertex -58.196995 -45.278591 -0.000002
vertex -58.196995 -45.278591 0.671995
vertex -57.763107 -45.579990 0.671995
endloop
endfacet
facet normal 0.570517 0.821286 0.000000
outer loop
vertex -58.196995 -45.278591 -0.000002
vertex -57.763107 -45.579990 0.671995
vertex -57.763107 -45.579990 -0.000002
endloop
endfacet
facet normal -0.019557 0.999809 0.000000
outer loop
vertex -66.757332 -45.446037 -0.000002
vertex -66.757332 -45.446037 0.671995
vertex -58.196995 -45.278591 0.671995
endloop
endfacet
facet normal -0.019557 0.999809 0.000000
outer loop
vertex -66.757332 -45.446037 -0.000002
vertex -58.196995 -45.278591 0.671995
vertex -58.196995 -45.278591 -0.000002
endloop
endfacet
facet normal 0.000000 0.000000 1.000000
outer loop
vertex -57.528717 -50.864582 4.031982
vertex -57.596039 -47.053516 4.031981
vertex -66.724899 -47.217613 4.031981
endloop
endfacet
facet normal 0.000000 0.000000 1.000000
outer loop
vertex -57.528717 -50.864582 4.031982
vertex -66.724899 -47.217613 4.031981
vertex -66.670052 -51.065517 4.031982
endloop
endfacet
facet normal 0.999844 0.017663 0.000000
outer loop
vertex -57.596039 -47.053516 -0.000002
vertex -57.596039 -47.053516 4.031981
vertex -57.528717 -50.864582 4.031982
endloop
endfacet
facet normal 0.999844 0.017661 0.000000
outer loop
vertex -57.596039 -47.053516 -0.000002
vertex -57.528717 -50.864582 4.031982
vertex -57.528717 -50.864582 -0.000002
endloop
endfacet
facet normal -0.017973 0.999838 0.000000
outer loop
vertex -66.724899 -47.217613 -0.000002
vertex -66.724899 -47.217613 4.031981
vertex -57.596039 -47.053516 4.031981
endloop
endfacet
facet normal -0.017973 0.999838 0.000000
outer loop
vertex -66.724899 -47.217613 -0.000002
vertex -57.596039 -47.053516 4.031981
vertex -57.596039 -47.053516 -0.000002
endloop
endfacet
facet normal -0.999898 -0.014256 0.000000
outer loop
vertex -66.670052 -51.065517 -0.000002
vertex -66.670052 -51.065517 4.031982
vertex -66.724899 -47.217613 4.031981
endloop
endfacet
facet normal -0.999898 -0.014252 0.000000
outer loop
vertex -66.670052 -51.065517 -0.000002
vertex -66.724899 -47.217613 4.031981
vertex -66.724899 -47.217613 -0.000002
endloop
endfacet
facet normal 0.021976 -0.999758 0.000000
outer loop
vertex -57.528717 -50.864582 -0.000002
vertex -57.528717 -50.864582 4.031982
vertex -66.670052 -51.065517 4.031982
endloop
endfacet
facet normal 0.021976 -0.999758 0.000000
outer loop
vertex -57.528717 -50.864582 -0.000002
vertex -66.670052 -51.065517 4.031982
vertex -66.670052 -51.065517 -0.000002
endloop
endfacet
facet normal 0.000001 0.000000 1.000000
outer loop
vertex -58.605919 -56.052032 6.719971
vertex -57.401543 -56.045334 6.719971
vertex -57.528717 -50.864582 6.719971
endloop
endfacet
facet normal 0.000000 0.000000 1.000000
outer loop
vertex -57.528717 -50.864582 6.719971
vertex -66.670052 -51.065517 6.719971
vertex -66.742378 -56.095570 6.719971
endloop
endfacet
facet normal -0.000000 0.000000 1.000000
outer loop
vertex -57.528717 -50.864582 6.719971
vertex -66.742378 -56.095570 6.719971
vertex -58.605919 -56.052032 6.719971
endloop
endfacet
facet normal 0.999699 0.024540 0.000000
outer loop
vertex -57.528717 -50.864582 -0.000002
vertex -57.528717 -50.864582 6.719971
vertex -57.401543 -56.045334 6.719971
endloop
endfacet
facet normal 0.999699 0.024542 0.000000
outer loop
vertex -57.528717 -50.864582 -0.000002
vertex -57.401543 -56.045334 6.719971
vertex -57.401543 -56.045334 -0.000002
endloop
endfacet
facet normal -0.021976 0.999758 0.000000
outer loop
vertex -66.670052 -51.065517 -0.000002
vertex -66.670052 -51.065517 6.719971
vertex -57.528717 -50.864582 6.719971
endloop
endfacet
facet normal -0.021976 0.999759 0.000000
outer loop
vertex -66.670052 -51.065517 -0.000002
vertex -57.528717 -50.864582 6.719971
vertex -57.528717 -50.864582 -0.000002
endloop
endfacet
facet normal -0.999897 0.014377 0.000000
outer loop
vertex -66.742378 -56.095570 -0.000002
vertex -66.742378 -56.095570 6.719971
vertex -66.670052 -51.065517 6.719971
endloop
endfacet
facet normal -0.999897 0.014375 0.000000
outer loop
vertex -66.742378 -56.095570 -0.000002
vertex -66.670052 -51.065517 6.719971
vertex -66.670052 -51.065517 -0.000002
endloop
endfacet
facet normal 0.005351 -0.999986 0.000000
outer loop
vertex -58.605919 -56.052032 -0.000002
vertex -58.605919 -56.052032 6.719971
vertex -66.742378 -56.095570 6.719971
endloop
endfacet
facet normal 0.005351 -0.999986 0.000000
outer loop
vertex -58.605919 -56.052032 -0.000002
vertex -66.742378 -56.095570 6.719971
vertex -66.742378 -56.095570 -0.000002
endloop
endfacet
facet normal 0.005562 -0.999985 0.000000
outer loop
vertex -57.401543 -56.045334 -0.000002
vertex -57.401543 -56.045334 6.719971
vertex -58.605919 -56.052032 6.719971
endloop
endfacet
facet normal 0.005562 -0.999985 0.000000
outer loop
vertex -57.401543 -56.045334 -0.000002
vertex -58.605919 -56.052032 6.719971
vertex -58.605919 -56.052032 -0.000002
endloop
endfacet
facet normal -0.000000 0.000000 1.000000
outer loop
vertex -49.985729 -59.394238 1.343993
vertex -49.886005 -64.745766 1.343994
vertex -40.689793 -64.578316 1.343994
endloop
endfacet
facet normal 0.000000 0.000000 1.000000
outer loop
vertex -49.985729 -59.394238 1.343993
vertex -40.689793 -64.578316 1.343994
vertex -40.789543 -59.260281 1.343993
endloop
endfacet
facet normal -0.999826 -0.018632 0.000000
outer loop
vertex -49.886005 -64.745766 -0.000001
vertex -49.886005 -64.745766 1.343994
vertex -49.985729 -59.394238 1.343993
endloop
endfacet
facet normal -0.999826 -0.018630 0.000000
outer loop
vertex -49.886005 -64.745766 -0.000001
vertex -49.985729 -59.394238 1.343993
vertex -49.985729 -59.394238 -0.000001
endloop
endfacet
facet normal 0.018206 -0.999834 0.000000
outer loop
vertex -40.689793 -64.578316 -0.000001
vertex -40.689793 -64.578316 1.343994
vertex -49.886005 -64.745766 1.343994
endloop
endfacet
facet normal 0.018206 -0.999834 0.000000
outer loop
vertex -40.689793 -64.578316 -0.000001
vertex -49.886005 -64.745766 1.343994
vertex -49.886005 -64.745766 -0.000001
endloop
endfacet
facet normal 0.999824 0.018753 0.000000
outer loop
vertex -40.789543 -59.260281 -0.000001
vertex -40.789543 -59.260281 1.343993
vertex -40.689793 -64.578316 1.343994
endloop
endfacet
facet normal 0.999824 0.018753 0.000000
outer loop
vertex -40.789543 -59.260281 -0.000001
vertex -40.689793 -64.578316 1.343994
vertex -40.689793 -64.578316 -0.000001
endloop
endfacet
facet normal -0.014565 0.999894 0.000000
outer loop
vertex -49.985729 -59.394238 -0.000001
vertex -49.985729 -59.394238 1.343993
vertex -40.789543 -59.260281 1.343993
endloop
endfacet
facet normal -0.014565 0.999894 0.000000
outer loop
vertex -49.985729 -59.394238 -0.000001
vertex -40.789543 -59.260281 1.343993
vertex -40.789543 -59.260281 -0.000001
endloop
endfacet
facet normal -0.000000 0.000000 1.000000
outer loop
vertex -50.205162 -45.178123 0.671995
vertex -50.070522 -54.374233 0.671996
vertex -40.874310 -54.273766 0.671996
endloop
endfacet
facet normal 0.000000 0.000000 1.000000
outer loop
vertex -50.205162 -45.178123 0.671995
vertex -40.874310 -54.273766 0.671996
vertex -41.041378 -45.010677 0.671995
endloop
endfacet
facet normal -0.999893 -0.014639 0.000000
outer loop
vertex -50.070522 -54.374233 -0.000002
vertex -50.070522 -54.374233 0.671996
vertex -50.205162 -45.178123 0.671995
endloop
endfacet
facet normal -0.999893 -0.014641 0.000000
outer loop
vertex -50.070522 -54.374233 -0.000002
vertex -50.205162 -45.178123 0.671995
vertex -50.205162 -45.178123 -0.000002
endloop
endfacet
facet normal 0.010924 -0.999940 0.000000
outer loop
vertex -40.874310 -54.273766 -0.000002
vertex -40.874310 -54.273766 0.671996
vertex -50.070522 -54.374233 0.671996
endloop
endfacet
facet normal 0.010924 -0.999940 0.000000
outer loop
vertex -40.874310 -54.273766 -0.000002
vertex -50.070522 -54.374233 0.671996
vertex -50.070522 -54.374233 -0.000002
endloop
endfacet
facet normal 0.999837 0.018033 0.000000
outer loop
vertex -41.041378 -45.010677 -0.000002
vertex -41.041378 -45.010677 0.671995
vertex -40.874310 -54.273766 0.671996
endloop
endfacet
facet normal 0.999837 0.018034 0.000000
outer loop
vertex -41.041378 -45.010677 -0.000002
vertex -40.874310 -54.273766 0.671996
vertex -40.874310 -54.273766 -0.000002
endloop
endfacet
facet normal -0.018270 0.999833 0.000000
outer loop
vertex -50.205162 -45.178123 -0.000002
vertex -50.205162 -45.178123 0.671995
vertex -41.041378 -45.010677 0.671995
endloop
endfacet
facet normal -0.018270 0.999833 0.000000
outer loop
vertex -50.205162 -45.178123 -0.000002
vertex -41.041378 -45.010677 0.671995
vertex -41.041378 -45.010677 -0.000002
endloop
endfacet
facet normal 0.000000 0.000000 1.000000
outer loop
vertex -49.601742 -74.976593 0.671997
vertex -40.405529 -74.842644 0.671997
vertex -40.689793 -64.578316 0.671996
endloop
endfacet
facet normal -0.000000 0.000000 1.000000
outer loop
vertex -49.601742 -74.976593 0.671997
vertex -40.689793 -64.578316 0.671996
vertex -49.886005 -64.745766 0.671996
endloop
endfacet
facet normal 0.014564 -0.999894 0.000000
outer loop
vertex -40.405529 -74.842644 0.000000
vertex -40.405529 -74.842644 0.671997
vertex -49.601742 -74.976593 0.671997
endloop
endfacet
facet normal 0.014564 -0.999894 0.000000
outer loop
vertex -40.405529 -74.842644 0.000000
vertex -49.601742 -74.976593 0.671997
vertex -49.601742 -74.976593 0.000000
endloop
endfacet
facet normal 0.999617 0.027684 0.000000
outer loop
vertex -40.689793 -64.578316 -0.000001
vertex -40.689793 -64.578316 0.671996
vertex -40.405529 -74.842644 0.671997
endloop
endfacet
facet normal 0.999617 0.027684 0.000000
outer loop
vertex -40.689793 -64.578316 -0.000001
vertex -40.405529 -74.842644 0.671997
vertex -40.405529 -74.842644 0.000000
endloop
endfacet
facet normal -0.018206 0.999834 0.000000
outer loop
vertex -49.886005 -64.745766 -0.000001
vertex -49.886005 -64.745766 0.671996
vertex -40.689793 -64.578316 0.671996
endloop
endfacet
facet normal -0.018206 0.999834 0.000000
outer loop
vertex -49.886005 -64.745766 -0.000001
vertex -40.689793 -64.578316 0.671996
vertex -40.689793 -64.578316 -0.000001
endloop
endfacet
facet normal -0.999614 -0.027774 0.000000
outer loop
vertex -49.601742 -74.976593 0.000000
vertex -49.601742 -74.976593 0.671997
vertex -49.886005 -64.745766 0.671996
endloop
endfacet
facet normal -0.999614 -0.027774 0.000000
outer loop
vertex -49.601742 -74.976593 0.000000
vertex -49.886005 -64.745766 0.671996
vertex -49.886005 -64.745766 -0.000001
endloop
endfacet
facet normal 0.000000 0.000000 1.000000
outer loop
vertex -48.297615 -77.950386 4.479981
vertex -40.405529 -77.796341 4.479981
vertex -40.405529 -74.842644 4.479981
endloop
endfacet
facet normal 0.000000 0.000000 1.000000
outer loop
vertex -40.405529 -74.842644 4.479981
vertex -49.601742 -74.976593 4.479981
vertex -49.569313 -77.216988 4.479981
endloop
endfacet
facet normal 0.000000 0.000000 1.000000
outer loop
vertex -48.766396 -77.183495 4.479981
vertex -48.766396 -77.715973 4.479981
vertex -48.297615 -77.715973 4.479981
endloop
endfacet
facet normal 0.000000 0.000000 1.000000
outer loop
vertex -40.405529 -74.842644 4.479981
vertex -49.569313 -77.216988 4.479981
vertex -48.766396 -77.183495 4.479981
endloop
endfacet
facet normal 0.000000 0.000000 1.000000
outer loop
vertex -48.297615 -77.715973 4.479981
vertex -48.297615 -77.950386 4.479981
vertex -40.405529 -74.842644 4.479981
endloop
endfacet
facet normal -0.000000 0.000000 1.000000
outer loop
vertex -40.405529 -74.842644 4.479981
vertex -48.766396 -77.183495 4.479981
vertex -48.297615 -77.715973 4.479981
endloop
endfacet
facet normal 1.000000 0.000000 0.000000
outer loop
vertex -40.405529 -74.842644 0.000000
vertex -40.405529 -74.842644 4.479981
vertex -40.405529 -77.796341 4.479981
endloop
endfacet
facet normal 1.000000 -0.000002 0.000000
outer loop
vertex -40.405529 -74.842644 0.000000
vertex -40.405529 -77.796341 4.479981
vertex -40.405529 -77.796341 0.000000
endloop
endfacet
facet normal -0.014564 0.999894 0.000000
outer loop
vertex -49.601742 -74.976593 0.000000
vertex -49.601742 -74.976593 4.479981
vertex -40.405529 -74.842644 4.479981
endloop
endfacet
facet normal -0.014564 0.999894 0.000000
outer loop
vertex -49.601742 -74.976593 0.000000
vertex -40.405529 -74.842644 4.479981
vertex -40.405529 -74.842644 0.000000
endloop
endfacet
facet normal -0.999895 -0.014471 0.000000
outer loop
vertex -49.569313 -77.216988 0.000000
vertex -49.569313 -77.216988 4.479981
vertex -49.601742 -74.976593 4.479981
endloop
endfacet
facet normal -0.999895 -0.014474 0.000000
outer loop
vertex -49.569313 -77.216988 0.000000
vertex -49.601742 -74.976593 4.479981
vertex -49.601742 -74.976593 0.000000
endloop
endfacet
facet normal 0.041678 -0.999131 0.000000
outer loop
vertex -48.766396 -77.183502 0.000000
vertex -48.766396 -77.183495 4.479981
vertex -49.569313 -77.216988 4.479981
endloop
endfacet
facet normal 0.041669 -0.999132 0.000000
outer loop
vertex -48.766396 -77.183502 0.000000
vertex -49.569313 -77.216988 4.479981
vertex -49.569313 -77.216988 0.000000
endloop
endfacet
facet normal -1.000000 0.000000 0.000000
outer loop
vertex -48.766396 -77.715973 0.000000
vertex -48.766396 -77.715973 4.479981
vertex -48.766396 -77.183495 4.479981
endloop
endfacet
facet normal -1.000000 0.000013 0.000000
outer loop
vertex -48.766396 -77.715973 0.000000
vertex -48.766396 -77.183495 4.479981
vertex -48.766396 -77.183502 0.000000
endloop
endfacet
facet normal 0.000000 -1.000000 0.000000
outer loop
vertex -48.297615 -77.715973 0.000000
vertex -48.297615 -77.715973 4.479981
vertex -48.766396 -77.715973 4.479981
endloop
endfacet
facet normal 0.000000 -1.000000 0.000000
outer loop
vertex -48.297615 -77.715973 0.000000
vertex -48.766396 -77.715973 4.479981
vertex -48.766396 -77.715973 0.000000
endloop
endfacet
facet normal -1.000000 0.000000 0.000000
outer loop
vertex -48.297615 -77.950386 0.000000
vertex -48.297615 -77.950386 4.479981
vertex -48.297615 -77.715973 4.479981
endloop
endfacet
facet normal -1.000000 0.000000 0.000000
outer loop
vertex -48.297615 -77.950386 0.000000
vertex -48.297615 -77.715973 4.479981
vertex -48.297615 -77.715973 0.000000
endloop
endfacet
facet normal 0.019515 -0.999810 0.000000
outer loop
vertex -40.405529 -77.796341 0.000000
vertex -40.405529 -77.796341 4.479981
vertex -48.297615 -77.950386 4.479981
endloop
endfacet
facet normal 0.019515 -0.999810 0.000000
outer loop
vertex -40.405529 -77.796341 0.000000
vertex -48.297615 -77.950386 4.479981
vertex -48.297615 -77.950386 0.000000
endloop
endfacet
facet normal 0.000000 0.000000 1.000000
outer loop
vertex 43.300320 -76.798378 5.375978
vertex 42.931290 -55.496113 5.375976
vertex 29.615730 -55.656860 5.375976
endloop
endfacet
facet normal -0.000021 0.000000 1.000000
outer loop
vertex 29.615730 -55.656860 5.375976
vertex 28.812811 -55.666908 5.375976
vertex 27.274294 -55.687004 5.375976
endloop
endfacet
facet normal 0.000000 0.000000 1.000000
outer loop
vertex 27.274294 -55.687004 5.375976
vertex 26.428993 -55.683655 5.375976
vertex 25.541283 -55.697048 5.375976
endloop
endfacet
facet normal 0.004350 0.000016 0.999991
outer loop
vertex 25.541283 -55.697048 5.375976
vertex 25.578688 -58.664177 5.375977
vertex 25.810589 -76.965820 5.375978
endloop
endfacet
facet normal 0.000000 0.000000 1.000000
outer loop
vertex 25.810589 -76.965820 5.375978
vertex 43.300320 -76.798378 5.375978
vertex 29.615730 -55.656860 5.375976
endloop
endfacet
facet normal 0.000000 0.000000 1.000000
outer loop
vertex 27.274294 -55.687004 5.375976
vertex 25.541283 -55.697048 5.375976
vertex 25.810589 -76.965820 5.375978
endloop
endfacet
facet normal -0.000000 0.000000 1.000000
outer loop
vertex 29.615730 -55.656860 5.375976
vertex 27.274294 -55.687004 5.375976
vertex 25.810589 -76.965820 5.375978
endloop
endfacet
facet normal -0.012071 0.999927 0.000000
outer loop
vertex 29.615730 -55.656860 -0.000002
vertex 29.615730 -55.656860 5.375976
vertex 42.931290 -55.496113 5.375976
endloop
endfacet
facet normal -0.012071 0.999927 0.000000
outer loop
vertex 29.615730 -55.656860 -0.000002
vertex 42.931290 -55.496113 5.375976
vertex 42.931290 -55.496113 -0.000002
endloop
endfacet
facet normal -0.012513 0.999922 0.000000
outer loop
vertex 28.812811 -55.666908 -0.000002
vertex 28.812811 -55.666908 5.375976
vertex 29.615730 -55.656860 5.375976
endloop
endfacet
facet normal -0.012513 0.999922 0.000000
outer loop
vertex 28.812811 -55.666908 -0.000002
vertex 29.615730 -55.656860 5.375976
vertex 29.615730 -55.656860 -0.000002
endloop
endfacet
facet normal -0.013061 0.999915 0.000000
outer loop
vertex 27.274294 -55.687004 -0.000002
vertex 27.274294 -55.687004 5.375976
vertex 28.812811 -55.666908 5.375976
endloop
endfacet
facet normal -0.013061 0.999915 0.000000
outer loop
vertex 27.274294 -55.687004 -0.000002
vertex 28.812811 -55.666908 5.375976
vertex 28.812811 -55.666908 -0.000002
endloop
endfacet
facet normal 0.003962 0.999992 0.000000
outer loop
vertex 26.428993 -55.683655 -0.000002
vertex 26.428993 -55.683655 5.375976
vertex 27.274294 -55.687004 5.375976
endloop
endfacet
facet normal 0.003962 0.999992 0.000000
outer loop
vertex 26.428993 -55.683655 -0.000002
vertex 27.274294 -55.687004 5.375976
vertex 27.274294 -55.687004 -0.000002
endloop
endfacet
facet normal -0.015086 0.999886 0.000000
outer loop
vertex 25.541283 -55.697048 -0.000002
vertex 25.541283 -55.697048 5.375976
vertex 26.428993 -55.683655 5.375976
endloop
endfacet
facet normal -0.015086 0.999886 0.000000
outer loop
vertex 25.541283 -55.697048 -0.000002
vertex 26.428993 -55.683655 5.375976
vertex 26.428993 -55.683655 -0.000002
endloop
endfacet
facet normal -0.999921 -0.012605 0.000000
outer loop
vertex 25.578688 -58.664177 -0.000001
vertex 25.578688 -58.664177 5.375977
vertex 25.541283 -55.697048 5.375976
endloop
endfacet
facet normal -0.999920 -0.012607 0.000000
outer loop
vertex 25.578688 -58.664177 -0.000001
vertex 25.541283 -55.697048 5.375976
vertex 25.541283 -55.697048 -0.000002
endloop
endfacet
facet normal -0.999920 -0.012670 0.000000
outer loop
vertex 25.810589 -76.965820 0.000000
vertex 25.810589 -76.965820 5.375978
vertex 25.578688 -58.664177 5.375977
endloop
endfacet
facet normal -0.999920 -0.012670 0.000000
outer loop
vertex 25.810589 -76.965820 0.000000
vertex 25.578688 -58.664177 5.375977
vertex 25.578688 -58.664177 -0.000001
endloop
endfacet
facet normal 0.009573 -0.999954 0.000000
outer loop
vertex 43.300320 -76.798378 0.000000
vertex 43.300320 -76.798378 5.375978
vertex 25.810589 -76.965820 5.375978
endloop
endfacet
facet normal 0.009573 -0.999954 0.000000
outer loop
vertex 43.300320 -76.798378 0.000000
vertex 25.810589 -76.965820 5.375978
vertex 25.810589 -76.965820 0.000000
endloop
endfacet
facet normal 0.999850 0.017321 0.000000
outer loop
vertex 42.931290 -55.496113 -0.000002
vertex 42.931290 -55.496113 5.375976
vertex 43.300320 -76.798378 5.375978
endloop
endfacet
facet normal 0.999850 0.017321 0.000000
outer loop
vertex 42.931290 -55.496113 -0.000002
vertex 43.300320 -76.798378 5.375978
vertex 43.300320 -76.798378 0.000000
endloop
endfacet
facet normal 0.000000 0.000000 1.000000
outer loop
vertex -35.947067 63.919037 14.783929
vertex -43.460114 63.821911 14.783929
vertex -43.245686 49.615128 14.783929
endloop
endfacet
facet normal 0.000000 0.000001 1.000000
outer loop
vertex -43.245686 49.615128 14.783929
vertex -43.203304 46.594269 14.783931
vertex -35.667809 46.718178 14.783931
endloop
endfacet
facet normal -0.000000 0.000000 1.000000
outer loop
vertex -43.245686 49.615128 14.783929
vertex -35.667809 46.718178 14.783931
vertex -35.947067 63.919037 14.783929
endloop
endfacet
facet normal -0.999886 -0.015091 0.000000
outer loop
vertex -43.245686 49.615128 -0.000009
vertex -43.245686 49.615128 14.783929
vertex -43.460114 63.821911 14.783929
endloop
endfacet
facet normal -0.999886 -0.015091 0.000000
outer loop
vertex -43.245686 49.615128 -0.000009
vertex -43.460114 63.821911 14.783929
vertex -43.460114 63.821911 -0.000011
endloop
endfacet
facet normal -0.999902 -0.014027 0.000000
outer loop
vertex -43.203304 46.594269 -0.000009
vertex -43.203304 46.594269 14.783931
vertex -43.245686 49.615128 14.783929
endloop
endfacet
facet normal -0.999902 -0.014029 0.000000
outer loop
vertex -43.203304 46.594269 -0.000009
vertex -43.245686 49.615128 14.783929
vertex -43.245686 49.615128 -0.000009
endloop
endfacet
facet normal 0.016441 -0.999865 0.000000
outer loop
vertex -35.667809 46.718178 -0.000009
vertex -35.667809 46.718178 14.783931
vertex -43.203304 46.594269 14.783931
endloop
endfacet
facet normal 0.016441 -0.999865 0.000000
outer loop
vertex -35.667809 46.718178 -0.000009
vertex -43.203304 46.594269 14.783931
vertex -43.203304 46.594269 -0.000009
endloop
endfacet
facet normal 0.999868 0.016233 0.000000
outer loop
vertex -35.947067 63.919037 -0.000011
vertex -35.947067 63.919037 14.783929
vertex -35.667809 46.718178 14.783931
endloop
endfacet
facet normal 0.999868 0.016233 0.000000
outer loop
vertex -35.947067 63.919037 -0.000011
vertex -35.667809 46.718178 14.783931
vertex -35.667809 46.718178 -0.000009
endloop
endfacet
facet normal -0.012927 0.999916 0.000000
outer loop
vertex -43.460114 63.821911 -0.000011
vertex -43.460114 63.821911 14.783929
vertex -35.947067 63.919037 14.783929
endloop
endfacet
facet normal -0.012927 0.999916 0.000000
outer loop
vertex -43.460114 63.821911 -0.000011
vertex -35.947067 63.919037 14.783929
vertex -35.947067 63.919037 -0.000011
endloop
endfacet
facet normal -0.000000 0.000000 1.000000
outer loop
vertex -52.022968 49.484505 5.375968
vertex -52.012985 46.446903 5.375968
vertex -43.203304 46.594269 5.375968
endloop
endfacet
facet normal 0.000000 0.000000 1.000000
outer loop
vertex -52.022968 49.484505 5.375968
vertex -43.203304 46.594269 5.375968
vertex -43.245686 49.615128 5.375968
endloop
endfacet
facet normal -0.999995 -0.003285 0.000000
outer loop
vertex -52.012985 46.446903 -0.000009
vertex -52.012985 46.446903 5.375968
vertex -52.022968 49.484505 5.375968
endloop
endfacet
facet normal -0.999995 -0.003293 0.000000
outer loop
vertex -52.012985 46.446903 -0.000009
vertex -52.022968 49.484505 5.375968
vertex -52.022968 49.484505 -0.000009
endloop
endfacet
facet normal 0.016725 -0.999860 0.000000
outer loop
vertex -43.203304 46.594269 -0.000009
vertex -43.203304 46.594269 5.375968
vertex -52.012985 46.446903 5.375968
endloop
endfacet
facet normal 0.016725 -0.999860 0.000000
outer loop
vertex -43.203304 46.594269 -0.000009
vertex -52.012985 46.446903 5.375968
vertex -52.012985 46.446903 -0.000009
endloop
endfacet
facet normal 0.999902 0.014028 0.000000
outer loop
vertex -43.245686 49.615128 -0.000009
vertex -43.245686 49.615128 5.375968
vertex -43.203304 46.594269 5.375968
endloop
endfacet
facet normal 0.999902 0.014028 0.000000
outer loop
vertex -43.245686 49.615128 -0.000009
vertex -43.203304 46.594269 5.375968
vertex -43.203304 46.594269 -0.000009
endloop
endfacet
facet normal -0.014880 0.999889 0.000000
outer loop
vertex -52.022968 49.484505 -0.000009
vertex -52.022968 49.484505 5.375968
vertex -43.245686 49.615128 5.375968
endloop
endfacet
facet normal -0.014880 0.999889 0.000000
outer loop
vertex -52.022968 49.484505 -0.000009
vertex -43.245686 49.615128 5.375968
vertex -43.245686 49.615128 -0.000009
endloop
endfacet
facet normal 0.000000 0.000000 1.000000
outer loop
vertex -52.237423 63.691292 13.439935
vertex -52.022968 49.484505 13.439936
vertex -43.245686 49.615128 13.439936
endloop
endfacet
facet normal 0.000000 0.000000 1.000000
outer loop
vertex -52.237423 63.691292 13.439935
vertex -43.245686 49.615128 13.439936
vertex -43.460114 63.821911 13.439935
endloop
endfacet
facet normal -0.999886 -0.015094 0.000000
outer loop
vertex -52.022968 49.484505 -0.000009
vertex -52.022968 49.484505 13.439936
vertex -52.237423 63.691292 13.439935
endloop
endfacet
facet normal -0.999886 -0.015093 0.000000
outer loop
vertex -52.022968 49.484505 -0.000009
vertex -52.237423 63.691292 13.439935
vertex -52.237423 63.691292 -0.000011
endloop
endfacet
facet normal 0.014880 -0.999889 0.000000
outer loop
vertex -43.245686 49.615128 -0.000009
vertex -43.245686 49.615128 13.439936
vertex -52.022968 49.484505 13.439936
endloop
endfacet
facet normal 0.014880 -0.999889 0.000000
outer loop
vertex -43.245686 49.615128 -0.000009
vertex -52.022968 49.484505 13.439936
vertex -52.022968 49.484505 -0.000009
endloop
endfacet
facet normal 0.999886 0.015092 0.000000
outer loop
vertex -43.460114 63.821911 -0.000011
vertex -43.460114 63.821911 13.439935
vertex -43.245686 49.615128 13.439936
endloop
endfacet
facet normal 0.999886 0.015091 0.000000
outer loop
vertex -43.460114 63.821911 -0.000011
vertex -43.245686 49.615128 13.439936
vertex -43.245686 49.615128 -0.000009
endloop
endfacet
facet normal -0.014880 0.999889 0.000000
outer loop
vertex -52.237423 63.691292 -0.000011
vertex -52.237423 63.691292 13.439935
vertex -43.460114 63.821911 13.439935
endloop
endfacet
facet normal -0.014880 0.999889 0.000000
outer loop
vertex -52.237423 63.691292 -0.000011
vertex -43.460114 63.821911 13.439935
vertex -43.460114 63.821911 -0.000011
endloop
endfacet
facet normal 0.000000 0.000000 1.000000
outer loop
vertex -76.275185 89.094284 21.503901
vertex -61.308922 89.204803 21.503901
vertex -61.436096 106.221802 21.503899
endloop
endfacet
facet normal 0.000000 0.000000 1.000000
outer loop
vertex -61.436096 106.221802 21.503899
vertex -76.399872 106.111282 21.503899
vertex -76.407364 102.651596 21.503899
endloop
endfacet
facet normal 0.000000 -0.000000 1.000000
outer loop
vertex -76.265236 91.354942 21.503901
vertex -76.275185 89.094284 21.503901
vertex -61.436096 106.221802 21.503899
endloop
endfacet
facet normal 0.000000 0.000000 1.000000
outer loop
vertex -61.436096 106.221802 21.503899
vertex -76.407364 102.651596 21.503899
vertex -76.265236 91.354942 21.503901
endloop
endfacet
facet normal 0.999972 0.007473 0.000000
outer loop
vertex -61.436096 106.221802 -0.000014
vertex -61.436096 106.221802 21.503899
vertex -61.308922 89.204803 21.503901
endloop
endfacet
facet normal 0.999972 0.007473 0.000000
outer loop
vertex -61.436096 106.221802 -0.000014
vertex -61.308922 89.204803 21.503901
vertex -61.308922 89.204803 -0.000013
endloop
endfacet
facet normal -0.007386 0.999973 0.000000
outer loop
vertex -76.399872 106.111282 -0.000014
vertex -76.399872 106.111282 21.503899
vertex -61.436096 106.221802 21.503899
endloop
endfacet
facet normal -0.007386 0.999973 0.000000
outer loop
vertex -76.399872 106.111282 -0.000014
vertex -61.436096 106.221802 21.503899
vertex -61.436096 106.221802 -0.000014
endloop
endfacet
facet normal -0.999998 0.002166 0.000000
outer loop
vertex -76.407364 102.651596 -0.000013
vertex -76.407364 102.651596 21.503899
vertex -76.399872 106.111282 21.503899
endloop
endfacet
facet normal -0.999998 0.002166 0.000000
outer loop
vertex -76.407364 102.651596 -0.000013
vertex -76.399872 106.111282 21.503899
vertex -76.399872 106.111282 -0.000014
endloop
endfacet
facet normal -0.999921 -0.012581 0.000000
outer loop
vertex -76.265236 91.354942 -0.000013
vertex -76.265236 91.354942 21.503901
vertex -76.407364 102.651596 21.503899
endloop
endfacet
facet normal -0.999921 -0.012579 0.000000
outer loop
vertex -76.265236 91.354942 -0.000013
vertex -76.407364 102.651596 21.503899
vertex -76.407364 102.651596 -0.000013
endloop
endfacet
facet normal -0.999990 0.004399 0.000000
outer loop
vertex -76.275185 89.094284 -0.000013
vertex -76.275185 89.094284 21.503901
vertex -76.265236 91.354942 21.503901
endloop
endfacet
facet normal -0.999990 0.004399 0.000000
outer loop
vertex -76.275185 89.094284 -0.000013
vertex -76.265236 91.354942 21.503901
vertex -76.265236 91.354942 -0.000013
endloop
endfacet
facet normal 0.007384 -0.999973 0.000000
outer loop
vertex -61.308922 89.204803 -0.000013
vertex -61.308922 89.204803 21.503901
vertex -76.275185 89.094284 21.503901
endloop
endfacet
facet normal 0.007384 -0.999973 0.000000
outer loop
vertex -61.308922 89.204803 -0.000013
vertex -76.275185 89.094284 21.503901
vertex -76.275185 89.094284 -0.000013
endloop
endfacet
facet normal 0.000000 0.000000 1.000000
outer loop
vertex -33.989647 110.632645 34.271847
vertex -33.969685 108.763802 34.271847
vertex -24.102734 108.874329 34.271847
endloop
endfacet
facet normal 0.000004 0.000000 1.000000
outer loop
vertex -35.124214 112.662239 34.271847
vertex -35.101765 110.619247 34.271847
vertex -33.989647 110.632645 34.271847
endloop
endfacet
facet normal 0.010521 -0.999945 0.000000
outer loop
vertex -35.124214 112.662239 -0.000014
vertex -35.124214 112.662239 34.271847
vertex -36.079220 112.652191 34.271847
endloop
endfacet
facet normal 0.010521 -0.999945 0.000000
outer loop
vertex -35.124214 112.662239 -0.000014
vertex -36.079220 112.652191 34.271847
vertex -36.079220 112.652191 -0.000014
endloop
endfacet
facet normal -0.999940 -0.010990 0.000000
outer loop
vertex -35.101765 110.619247 -0.000014
vertex -35.101765 110.619247 34.271847
vertex -35.124214 112.662239 34.271847
endloop
endfacet
facet normal -0.999940 -0.010986 0.000000
outer loop
vertex -35.101765 110.619247 -0.000014
vertex -35.124214 112.662239 34.271847
vertex -35.124214 112.662239 -0.000014
endloop
endfacet
facet normal 0.012046 -0.999927 0.000000
outer loop
vertex -33.989647 110.632645 -0.000014
vertex -33.989647 110.632645 34.271847
vertex -35.101765 110.619247 34.271847
endloop
endfacet
facet normal 0.012046 -0.999927 0.000000
outer loop
vertex -33.989647 110.632645 -0.000014
vertex -35.101765 110.619247 34.271847
vertex -35.101765 110.619247 -0.000014
endloop
endfacet
facet normal -0.999943 -0.010684 0.000000
outer loop
vertex -33.969685 108.763802 -0.000014
vertex -33.969685 108.763802 34.271847
vertex -33.989647 110.632645 34.271847
endloop
endfacet
facet normal -0.999943 -0.010680 0.000000
outer loop
vertex -33.969685 108.763802 -0.000014
vertex -33.989647 110.632645 34.271847
vertex -33.989647 110.632645 -0.000014
endloop
endfacet
facet normal 0.011201 -0.999937 0.000000
outer loop
vertex -24.102734 108.874329 -0.000014
vertex -24.102734 108.874329 34.271847
vertex -33.969685 108.763802 34.271847
endloop
endfacet
facet normal 0.011201 -0.999937 0.000000
outer loop
vertex -24.102734 108.874329 -0.000014
vertex -33.969685 108.763802 34.271847
vertex -33.969685 108.763802 -0.000014
endloop
endfacet
facet normal 0.000000 0.000000 1.000000
outer loop
vertex 20.474396 47.203800 13.439936
vertex 37.856911 47.374603 13.439936
vertex 37.679863 65.308914 13.439935
endloop
endfacet
facet normal -0.000000 0.000000 1.000000
outer loop
vertex 20.474396 47.203800 13.439936
vertex 37.679863 65.308914 13.439935
vertex 20.299862 65.138100 13.439935
endloop
endfacet
facet normal 0.009826 -0.999952 0.000000
outer loop
vertex 37.856911 47.374603 -0.000009
vertex 37.856911 47.374603 13.439936
vertex 20.474396 47.203800 13.439936
endloop
endfacet
facet normal 0.009826 -0.999952 0.000000
outer loop
vertex 37.856911 47.374603 -0.000009
vertex 20.474396 47.203800 13.439936
vertex 20.474396 47.203800 -0.000009
endloop
endfacet
facet normal 0.999951 0.009872 0.000000
outer loop
vertex 37.679863 65.308914 -0.000011
vertex 37.679863 65.308914 13.439935
vertex 37.856911 47.374603 13.439936
endloop
endfacet
facet normal 0.999951 0.009872 0.000000
outer loop
vertex 37.679863 65.308914 -0.000011
vertex 37.856911 47.374603 13.439936
vertex 37.856911 47.374603 -0.000009
endloop
endfacet
facet normal -0.009828 0.999952 0.000000
outer loop
vertex 20.299862 65.138100 -0.000011
vertex 20.299862 65.138100 13.439935
vertex 37.679863 65.308914 13.439935
endloop
endfacet
facet normal -0.009828 0.999952 0.000000
outer loop
vertex 20.299862 65.138100 -0.000011
vertex 37.679863 65.308914 13.439935
vertex 37.679863 65.308914 -0.000011
endloop
endfacet
facet normal -0.999953 -0.009731 0.000000
outer loop
vertex 20.474396 47.203800 -0.000009
vertex 20.474396 47.203800 13.439936
vertex 20.299862 65.138100 13.439935
endloop
endfacet
facet normal -0.999953 -0.009731 0.000000
outer loop
vertex 20.474396 47.203800 -0.000009
vertex 20.299862 65.138100 13.439935
vertex 20.299862 65.138100 -0.000011
endloop
endfacet
facet normal 0.000000 0.000000 1.000000
outer loop
vertex 37.856911 47.374603 11.423944
vertex 52.075111 47.511909 11.423944
vertex 51.900578 65.446220 11.423943
endloop
endfacet
facet normal 0.000000 0.000000 1.000000
outer loop
vertex 37.856911 47.374603 11.423944
vertex 51.900578 65.446220 11.423943
vertex 37.679863 65.308914 11.423943
endloop
endfacet
facet normal 0.009657 -0.999953 0.000000
outer loop
vertex 52.075111 47.511909 -0.000009
vertex 52.075111 47.511909 11.423944
vertex 37.856911 47.374603 11.423944
endloop
endfacet
facet normal 0.009657 -0.999953 0.000000
outer loop
vertex 52.075111 47.511909 -0.000009
vertex 37.856911 47.374603 11.423944
vertex 37.856911 47.374603 -0.000009
endloop
endfacet
facet normal 0.999953 0.009731 0.000000
outer loop
vertex 51.900578 65.446220 -0.000011
vertex 51.900578 65.446220 11.423943
vertex 52.075111 47.511909 11.423944
endloop
endfacet
facet normal 0.999953 0.009732 0.000000
outer loop
vertex 51.900578 65.446220 -0.000011
vertex 52.075111 47.511909 11.423944
vertex 52.075111 47.511909 -0.000009
endloop
endfacet
facet normal -0.009655 0.999953 0.000000
outer loop
vertex 37.679863 65.308914 -0.000011
vertex 37.679863 65.308914 11.423943
vertex 51.900578 65.446220 11.423943
endloop
endfacet
facet normal -0.009655 0.999953 0.000000
outer loop
vertex 37.679863 65.308914 -0.000011
vertex 51.900578 65.446220 11.423943
vertex 51.900578 65.446220 -0.000011
endloop
endfacet
facet normal -0.999951 -0.009872 0.000000
outer loop
vertex 37.856911 47.374603 -0.000009
vertex 37.856911 47.374603 11.423944
vertex 37.679863 65.308914 11.423943
endloop
endfacet
facet normal -0.999951 -0.009872 0.000000
outer loop
vertex 37.856911 47.374603 -0.000009
vertex 37.679863 65.308914 11.423943
vertex 37.679863 65.308914 -0.000011
endloop
endfacet
facet normal 0.000000 0.000000 1.000000
outer loop
vertex -51.801044 108.911171 46.367798
vertex -42.078716 109.085327 46.367798
vertex -42.086178 109.426941 46.367798
endloop
endfacet
facet normal 0.000000 0.000000 1.000000
outer loop
vertex -53.943008 111.453186 46.367798
vertex -53.903088 109.222641 46.367798
vertex -51.808510 109.262840 46.367798
endloop
endfacet
facet normal 0.000000 0.000000 1.000000
outer loop
vertex -51.808510 109.262840 46.367798
vertex -51.801044 108.911171 46.367798
vertex -42.086178 109.426941 46.367798
endloop
endfacet
facet normal 0.000000 0.000000 1.000000
outer loop
vertex -53.943008 111.453186 46.367798
vertex -51.808510 109.262840 46.367798
vertex -42.086178 109.426941 46.367798
endloop
endfacet
facet normal 0.017292 -0.999850 0.000000
outer loop
vertex -53.943008 111.453186 -0.000014
vertex -53.943008 111.453186 46.367798
vertex -54.523979 111.443138 46.367798
endloop
endfacet
facet normal 0.017292 -0.999850 0.000000
outer loop
vertex -53.943008 111.453186 -0.000014
vertex -54.523979 111.443138 46.367798
vertex -54.523979 111.443138 -0.000014
endloop
endfacet
facet normal -0.999840 -0.017895 0.000000
outer loop
vertex -53.903088 109.222641 -0.000014
vertex -53.903088 109.222641 46.367798
vertex -53.943008 111.453186 46.367798
endloop
endfacet
facet normal -0.999840 -0.017890 0.000000
outer loop
vertex -53.903088 109.222641 -0.000014
vertex -53.943008 111.453186 46.367798
vertex -53.943008 111.453186 -0.000014
endloop
endfacet
facet normal 0.019189 -0.999816 0.000000
outer loop
vertex -51.808510 109.262840 -0.000014
vertex -51.808510 109.262840 46.367798
vertex -53.903088 109.222641 46.367798
endloop
endfacet
facet normal 0.019188 -0.999816 0.000000
outer loop
vertex -51.808510 109.262840 -0.000014
vertex -53.903088 109.222641 46.367798
vertex -53.903088 109.222641 -0.000014
endloop
endfacet
facet normal -0.999775 -0.021226 0.000000
outer loop
vertex -51.801044 108.911171 -0.000014
vertex -51.801044 108.911171 46.367798
vertex -51.808510 109.262840 46.367798
endloop
endfacet
facet normal -0.999775 -0.021226 0.000000
outer loop
vertex -51.801044 108.911171 -0.000014
vertex -51.808510 109.262840 46.367798
vertex -51.808510 109.262840 -0.000014
endloop
endfacet
facet normal 0.017910 -0.999840 0.000000
outer loop
vertex -42.078716 109.085327 -0.000014
vertex -42.078716 109.085327 46.367798
vertex -51.801044 108.911171 46.367798
endloop
endfacet
facet normal 0.017910 -0.999840 0.000000
outer loop
vertex -42.078716 109.085327 -0.000014
vertex -51.801044 108.911171 46.367798
vertex -51.801044 108.911171 -0.000014
endloop
endfacet
facet normal 0.999762 0.021835 0.000000
outer loop
vertex -42.086178 109.426941 -0.000014
vertex -42.086178 109.426941 46.367798
vertex -42.078716 109.085327 46.367798
endloop
endfacet
facet normal 0.999762 0.021835 0.000000
outer loop
vertex -42.086178 109.426941 -0.000014
vertex -42.078716 109.085327 46.367798
vertex -42.078716 109.085327 -0.000014
endloop
endfacet
facet normal 0.017774 -0.999842 0.000000
outer loop
vertex -39.448009 109.473839 -0.000014
vertex -39.448009 109.473839 46.367798
vertex -42.086178 109.426941 46.367798
endloop
endfacet
facet normal 0.017774 -0.999842 0.000000
outer loop
vertex -39.448009 109.473839 -0.000014
vertex -42.086178 109.426941 46.367798
vertex -42.086178 109.426941 -0.000014
endloop
endfacet
facet normal -0.999882 -0.015385 0.000000
outer loop
vertex 4.560591 113.171310 -0.000014
vertex 4.780024 98.910606 -0.000013
vertex 4.780024 98.910606 27.775873
endloop
endfacet
facet normal 0.000000 0.000000 1.000000
outer loop
vertex 4.780024 98.910606 27.775873
vertex 13.597198 99.047928 27.775873
vertex 13.559793 101.432510 27.775873
endloop
endfacet
facet normal -0.999889 -0.014915 0.000175
outer loop
vertex 13.559793 101.432510 27.775873
vertex 13.539859 102.768822 27.775873
vertex 13.377766 113.308632 -0.000014
endloop
endfacet
facet normal -0.013853 0.889471 0.456782
outer loop
vertex 13.377766 113.308632 -0.000014
vertex 4.560591 113.171310 -0.000014
vertex 4.780024 98.910606 27.775873
endloop
endfacet
facet normal -0.255193 0.888429 0.381538
outer loop
vertex 4.780024 98.910606 27.775873
vertex 13.559793 101.432510 27.775873
vertex 13.377766 113.308632 -0.000014
endloop
endfacet
facet normal 0.015572 -0.999879 0.000000
outer loop
vertex 13.597198 99.047928 -0.000013
vertex 13.597198 99.047928 27.775873
vertex 4.780024 98.910606 27.775873
endloop
endfacet
facet normal 0.015572 -0.999879 0.000000
outer loop
vertex 13.597198 99.047928 -0.000013
vertex 4.780024 98.910606 27.775873
vertex 4.780024 98.910606 -0.000013
endloop
endfacet
facet normal 0.999877 0.015684 0.000000
outer loop
vertex 13.559793 101.432510 -0.000013
vertex 13.559793 101.432510 27.775873
vertex 13.597198 99.047928 27.775873
endloop
endfacet
facet normal 0.999877 0.015686 0.000000
outer loop
vertex 13.559793 101.432510 -0.000013
vertex 13.597198 99.047928 27.775873
vertex 13.597198 99.047928 -0.000013
endloop
endfacet
facet normal 0.999889 0.014916 0.000000
outer loop
vertex 13.539859 102.768822 -0.000013
vertex 13.539859 102.768822 27.775873
vertex 13.559793 101.432510 27.775873
endloop
endfacet
facet normal 0.999889 0.014915 0.000000
outer loop
vertex 13.539859 102.768822 -0.000013
vertex 13.559793 101.432510 27.775873
vertex 13.559793 101.432510 -0.000013
endloop
endfacet
facet normal 0.999882 0.015377 0.000000
outer loop
vertex 13.377766 113.308632 -0.000014
vertex 13.539859 102.768822 27.775873
vertex 13.539859 102.768822 -0.000013
endloop
endfacet
facet normal 0.000000 0.000000 1.000000
outer loop
vertex -41.161091 83.591675 14.783928
vertex -40.896759 65.409370 14.783929
vertex -23.489305 65.663918 14.783929
endloop
endfacet
facet normal -0.000000 0.000000 1.000000
outer loop
vertex -41.161091 83.591675 14.783928
vertex -23.489305 65.663918 14.783929
vertex -23.753637 83.846207 14.783928
endloop
endfacet
facet normal -0.999894 -0.014536 0.000000
outer loop
vertex -40.896759 65.409370 -0.000011
vertex -40.896759 65.409370 14.783929
vertex -41.161091 83.591675 14.783928
endloop
endfacet
facet normal -0.999894 -0.014537 0.000000
outer loop
vertex -40.896759 65.409370 -0.000011
vertex -41.161091 83.591675 14.783928
vertex -41.161091 83.591675 -0.000012
endloop
endfacet
facet normal 0.014621 -0.999893 0.000000
outer loop
vertex -23.489305 65.663918 -0.000011
vertex -23.489305 65.663918 14.783929
vertex -40.896759 65.409370 14.783929
endloop
endfacet
facet normal 0.014621 -0.999893 0.000000
outer loop
vertex -23.489305 65.663918 -0.000011
vertex -40.896759 65.409370 14.783929
vertex -40.896759 65.409370 -0.000011
endloop
endfacet
facet normal 0.999894 0.014536 0.000000
outer loop
vertex -23.753637 83.846207 -0.000012
vertex -23.753637 83.846207 14.783928
vertex -23.489305 65.663918 14.783929
endloop
endfacet
facet normal 0.999894 0.014536 0.000000
outer loop
vertex -23.753637 83.846207 -0.000012
vertex -23.489305 65.663918 14.783929
vertex -23.489305 65.663918 -0.000011
endloop
endfacet
facet normal -0.014620 0.999893 0.000000
outer loop
vertex -41.161091 83.591675 -0.000012
vertex -41.161091 83.591675 14.783928
vertex -23.753637 83.846207 14.783928
endloop
endfacet
facet normal -0.014620 0.999893 0.000000
outer loop
vertex -41.161091 83.591675 -0.000012
vertex -23.753637 83.846207 14.783928
vertex -23.753637 83.846207 -0.000012
endloop
endfacet
facet normal 0.000000 0.000000 1.000000
outer loop
vertex -16.108410 80.647804 34.719849
vertex -15.871532 67.355202 34.719849
vertex -2.790391 67.589645 34.719849
endloop
endfacet
facet normal -0.000000 0.000000 1.000000
outer loop
vertex -16.108410 80.647804 34.719849
vertex -2.790391 67.589645 34.719849
vertex -3.027269 80.882233 34.719849
endloop
endfacet
facet normal -0.999841 -0.017817 0.000000
outer loop
vertex -15.871532 67.355202 -0.000011
vertex -15.871532 67.355202 34.719849
vertex -16.108410 80.647804 34.719849
endloop
endfacet
facet normal -0.999841 -0.017817 0.000000
outer loop
vertex -15.871532 67.355202 -0.000011
vertex -16.108410 80.647804 34.719849
vertex -16.108410 80.647804 -0.000012
endloop
endfacet
facet normal 0.017919 -0.999839 0.000000
outer loop
vertex -2.790391 67.589645 -0.000011
vertex -2.790391 67.589645 34.719849
vertex -15.871532 67.355202 34.719849
endloop
endfacet
facet normal 0.017919 -0.999839 0.000000
outer loop
vertex -2.790391 67.589645 -0.000011
vertex -15.871532 67.355202 34.719849
vertex -15.871532 67.355202 -0.000011
endloop
endfacet
facet normal 0.999841 0.017817 0.000000
outer loop
vertex -3.027269 80.882233 -0.000012
vertex -3.027269 80.882233 34.719849
vertex -2.790391 67.589645 34.719849
endloop
endfacet
facet normal 0.999841 0.017817 0.000000
outer loop
vertex -3.027269 80.882233 -0.000012
vertex -2.790391 67.589645 34.719849
vertex -2.790391 67.589645 -0.000011
endloop
endfacet
facet normal -0.017918 0.999839 0.000000
outer loop
vertex -16.108410 80.647804 -0.000012
vertex -16.108410 80.647804 34.719849
vertex -3.027269 80.882233 34.719849
endloop
endfacet
facet normal -0.017918 0.999839 0.000000
outer loop
vertex -16.108410 80.647804 -0.000012
vertex -3.027269 80.882233 34.719849
vertex -3.027269 80.882233 -0.000012
endloop
endfacet
facet normal 0.000000 0.000000 1.000000
outer loop
vertex 29.014799 84.385422 3.359974
vertex 29.371387 67.375298 3.359975
vertex 33.443348 67.462372 3.359975
endloop
endfacet
facet normal 0.000000 0.000000 1.000000
outer loop
vertex 29.014799 84.385422 3.359974
vertex 33.443348 67.462372 3.359975
vertex 33.086758 84.469147 3.359974
endloop
endfacet
facet normal -0.999780 -0.020959 0.000000
outer loop
vertex 29.371387 67.375298 -0.000011
vertex 29.371387 67.375298 3.359975
vertex 29.014799 84.385422 3.359974
endloop
endfacet
facet normal -0.999780 -0.020958 0.000000
outer loop
vertex 29.371387 67.375298 -0.000011
vertex 29.014799 84.385422 3.359974
vertex 29.014799 84.385422 -0.000012
endloop
endfacet
facet normal 0.021379 -0.999771 0.000000
outer loop
vertex 33.443348 67.462372 -0.000011
vertex 33.443348 67.462372 3.359975
vertex 29.371387 67.375298 3.359975
endloop
endfacet
facet normal 0.021379 -0.999771 0.000000
outer loop
vertex 33.443348 67.462372 -0.000011
vertex 29.371387 67.375298 3.359975
vertex 29.371387 67.375298 -0.000011
endloop
endfacet
facet normal 0.999780 0.020963 0.000000
outer loop
vertex 33.086758 84.469147 -0.000012
vertex 33.086758 84.469147 3.359974
vertex 33.443348 67.462372 3.359975
endloop
endfacet
facet normal 0.999780 0.020963 0.000000
outer loop
vertex 33.086758 84.469147 -0.000012
vertex 33.443348 67.462372 3.359975
vertex 33.443348 67.462372 -0.000011
endloop
endfacet
facet normal -0.020557 0.999789 0.000000
outer loop
vertex 29.014799 84.385422 -0.000012
vertex 29.014799 84.385422 3.359974
vertex 33.086758 84.469147 3.359974
endloop
endfacet
facet normal -0.020557 0.999789 0.000000
outer loop
vertex 29.014799 84.385422 -0.000012
vertex 33.086758 84.469147 3.359974
vertex 33.086758 84.469147 -0.000012
endloop
endfacet
facet normal 0.019831 -0.999803 0.000000
outer loop
vertex 78.117714 110.210655 -0.000014
vertex 78.117714 110.210655 38.975826
vertex 64.271057 109.936012 38.975826
endloop
endfacet
facet normal 0.019831 -0.999803 0.000000
outer loop
vertex 78.117714 110.210655 -0.000014
vertex 64.271057 109.936012 38.975826
vertex 64.271057 109.936012 -0.000014
endloop
endfacet
facet normal -0.000000 0.000000 1.000000
outer loop
vertex 77.965599 67.559502 25.535885
vertex 77.666374 85.061943 25.535883
vertex 58.346375 84.730377 25.535883
endloop
endfacet
facet normal 0.000000 0.000000 1.000000
outer loop
vertex 77.965599 67.559502 25.535885
vertex 58.346375 84.730377 25.535883
vertex 58.648113 67.231277 25.535885
endloop
endfacet
facet normal 0.999854 0.017094 0.000000
outer loop
vertex 77.666374 85.061943 -0.000012
vertex 77.666374 85.061943 25.535883
vertex 77.965599 67.559502 25.535885
endloop
endfacet
facet normal 0.999854 0.017095 0.000000
outer loop
vertex 77.666374 85.061943 -0.000012
vertex 77.965599 67.559502 25.535885
vertex 77.965599 67.559502 -0.000011
endloop
endfacet
facet normal -0.017159 0.999853 0.000000
outer loop
vertex 58.346375 84.730377 -0.000012
vertex 58.346375 84.730377 25.535883
vertex 77.666374 85.061943 25.535883
endloop
endfacet
facet normal -0.017159 0.999853 0.000000
outer loop
vertex 58.346375 84.730377 -0.000012
vertex 77.666374 85.061943 25.535883
vertex 77.666374 85.061943 -0.000012
endloop
endfacet
facet normal -0.999851 -0.017240 0.000000
outer loop
vertex 58.648113 67.231277 -0.000011
vertex 58.648113 67.231277 25.535885
vertex 58.346375 84.730377 25.535883
endloop
endfacet
facet normal -0.999851 -0.017241 0.000000
outer loop
vertex 58.648113 67.231277 -0.000011
vertex 58.346375 84.730377 25.535883
vertex 58.346375 84.730377 -0.000012
endloop
endfacet
facet normal 0.016989 -0.999856 0.000000
outer loop
vertex 77.965599 67.559502 -0.000011
vertex 77.965599 67.559502 25.535885
vertex 58.648113 67.231277 25.535885
endloop
endfacet
facet normal 0.016989 -0.999856 0.000000
outer loop
vertex 77.965599 67.559502 -0.000011
vertex 58.648113 67.231277 25.535885
vertex 58.648113 67.231277 -0.000011
endloop
endfacet
facet normal -0.000000 0.000000 1.000000
outer loop
vertex -52.771034 82.998878 1.343983
vertex -52.571533 65.560089 1.343984
vertex -41.996410 65.680649 1.343984
endloop
endfacet
facet normal 0.000000 0.000000 1.000000
outer loop
vertex -52.771034 82.998878 1.343983
vertex -41.996410 65.680649 1.343984
vertex -42.195908 83.119453 1.343983
endloop
endfacet
facet normal -0.999935 -0.011439 0.000000
outer loop
vertex -52.571533 65.560089 -0.000011
vertex -52.571533 65.560089 1.343984
vertex -52.771034 82.998878 1.343983
endloop
endfacet
facet normal -0.999935 -0.011440 0.000000
outer loop
vertex -52.571533 65.560089 -0.000011
vertex -52.771034 82.998878 1.343983
vertex -52.771034 82.998878 -0.000012
endloop
endfacet
facet normal 0.011400 -0.999935 0.000000
outer loop
vertex -41.996410 65.680649 -0.000011
vertex -41.996410 65.680649 1.343984
vertex -52.571533 65.560089 1.343984
endloop
endfacet
facet normal 0.011400 -0.999935 0.000000
outer loop
vertex -41.996410 65.680649 -0.000011
vertex -52.571533 65.560089 1.343984
vertex -52.571533 65.560089 -0.000011
endloop
endfacet
facet normal 0.999935 0.011439 0.000000
outer loop
vertex -42.195908 83.119453 -0.000012
vertex -42.195908 83.119453 1.343983
vertex -41.996410 65.680649 1.343984
endloop
endfacet
facet normal 0.999935 0.011439 0.000000
outer loop
vertex -42.195908 83.119453 -0.000012
vertex -41.996410 65.680649 1.343984
vertex -41.996410 65.680649 -0.000011
endloop
endfacet
facet normal -0.011401 0.999935 0.000000
outer loop
vertex -52.771034 82.998878 -0.000012
vertex -52.771034 82.998878 1.343983
vertex -42.195908 83.119453 1.343983
endloop
endfacet
facet normal -0.011401 0.999935 0.000000
outer loop
vertex -52.771034 82.998878 -0.000012
vertex -42.195908 83.119453 1.343983
vertex -42.195908 83.119453 -0.000012
endloop
endfacet
facet normal 0.000000 0.000000 1.000000
outer loop
vertex -24.110199 106.446198 9.407948
vertex -30.755495 106.278732 9.407948
vertex -30.478724 89.419151 9.407948
endloop
endfacet
facet normal 0.000000 0.000000 1.000000
outer loop
vertex -24.110199 106.446198 9.407948
vertex -30.478724 89.419151 9.407948
vertex -23.830938 89.563171 9.407948
endloop
endfacet
facet normal -0.025193 0.999683 0.000000
outer loop
vertex -30.755495 106.278732 -0.000014
vertex -30.755495 106.278732 9.407948
vertex -24.110199 106.446198 9.407948
endloop
endfacet
facet normal -0.025193 0.999683 0.000000
outer loop
vertex -30.755495 106.278732 -0.000014
vertex -24.110199 106.446198 9.407948
vertex -24.110199 106.446198 -0.000014
endloop
endfacet
facet normal -0.999865 -0.016414 0.000000
outer loop
vertex -30.478724 89.419151 -0.000013
vertex -30.478724 89.419151 9.407948
vertex -30.755495 106.278732 9.407948
endloop
endfacet
facet normal -0.999865 -0.016414 0.000000
outer loop
vertex -30.478724 89.419151 -0.000013
vertex -30.755495 106.278732 9.407948
vertex -30.755495 106.278732 -0.000014
endloop
endfacet
facet normal 0.021659 -0.999765 0.000000
outer loop
vertex -23.830938 89.563171 -0.000013
vertex -23.830938 89.563171 9.407948
vertex -30.478724 89.419151 9.407948
endloop
endfacet
facet normal 0.021659 -0.999765 0.000000
outer loop
vertex -23.830938 89.563171 -0.000013
vertex -30.478724 89.419151 9.407948
vertex -30.478724 89.419151 -0.000013
endloop
endfacet
facet normal 0.999863 0.016538 0.000000
outer loop
vertex -24.110199 106.446198 -0.000014
vertex -24.110199 106.446198 9.407948
vertex -23.830938 89.563171 9.407948
endloop
endfacet
facet normal 0.999863 0.016539 0.000000
outer loop
vertex -24.110199 106.446198 -0.000014
vertex -23.830938 89.563171 9.407948
vertex -23.830938 89.563171 -0.000013
endloop
endfacet
facet normal 0.000000 0.000000 1.000000
outer loop
vertex 29.014799 84.385422 8.735952
vertex 20.065472 84.197868 8.735952
vertex 20.439478 66.397369 8.735953
endloop
endfacet
facet normal 0.000000 0.000000 1.000000
outer loop
vertex 20.439478 66.397369 8.735953
vertex 29.388832 66.584915 8.735953
vertex 29.371387 67.375298 8.735953
endloop
endfacet
facet normal -0.000000 0.000000 1.000000
outer loop
vertex 20.439478 66.397369 8.735953
vertex 29.371387 67.375298 8.735953
vertex 29.014799 84.385422 8.735952
endloop
endfacet
facet normal -0.999779 -0.021006 0.000000
outer loop
vertex 20.439478 66.397369 -0.000011
vertex 20.439478 66.397369 8.735953
vertex 20.065472 84.197868 8.735952
endloop
endfacet
facet normal -0.999779 -0.021006 0.000000
outer loop
vertex 20.439478 66.397369 -0.000011
vertex 20.065472 84.197868 8.735952
vertex 20.065472 84.197868 -0.000012
endloop
endfacet
facet normal 0.020952 -0.999780 0.000000
outer loop
vertex 29.388832 66.584915 -0.000011
vertex 29.388832 66.584915 8.735953
vertex 20.439478 66.397369 8.735953
endloop
endfacet
facet normal 0.020952 -0.999780 0.000000
outer loop
vertex 29.388832 66.584915 -0.000011
vertex 20.439478 66.397369 8.735953
vertex 20.439478 66.397369 -0.000011
endloop
endfacet
facet normal 0.999756 0.022067 0.000000
outer loop
vertex 29.371387 67.375298 -0.000011
vertex 29.371387 67.375298 8.735953
vertex 29.388832 66.584915 8.735953
endloop
endfacet
facet normal 0.999757 0.022067 0.000000
outer loop
vertex 29.371387 67.375298 -0.000011
vertex 29.388832 66.584915 8.735953
vertex 29.388832 66.584915 -0.000011
endloop
endfacet
facet normal 0.999780 0.020959 0.000000
outer loop
vertex 29.014799 84.385422 -0.000012
vertex 29.014799 84.385422 8.735952
vertex 29.371387 67.375298 8.735953
endloop
endfacet
facet normal 0.999780 0.020958 0.000000
outer loop
vertex 29.014799 84.385422 -0.000012
vertex 29.371387 67.375298 8.735953
vertex 29.371387 67.375298 -0.000011
endloop
endfacet
facet normal -0.020953 0.999780 0.000000
outer loop
vertex 20.065472 84.197868 -0.000012
vertex 20.065472 84.197868 8.735952
vertex 29.014799 84.385422 8.735952
endloop
endfacet
facet normal -0.020953 0.999781 0.000000
outer loop
vertex 20.065472 84.197868 -0.000012
vertex 29.014799 84.385422 8.735952
vertex 29.014799 84.385422 -0.000012
endloop
endfacet
facet normal 0.000000 0.000000 1.000000
outer loop
vertex -64.535576 109.792007 6.047961
vertex -64.518135 108.539421 6.047961
vertex -60.865078 108.589653 6.047961
endloop
endfacet
facet normal 0.013155 -0.999913 0.000000
outer loop
vertex -64.535576 109.792007 -0.000014
vertex -64.535576 109.792007 6.047961
vertex -81.591446 109.567612 6.047961
endloop
endfacet
facet normal 0.013155 -0.999913 0.000000
outer loop
vertex -64.535576 109.792007 -0.000014
vertex -81.591446 109.567612 6.047961
vertex -81.591446 109.567612 -0.000014
endloop
endfacet
facet normal -0.999903 -0.013921 0.000000
outer loop
vertex -64.518135 108.539421 -0.000014
vertex -64.518135 108.539421 6.047961
vertex -64.535576 109.792007 6.047961
endloop
endfacet
facet normal -0.999903 -0.013929 0.000000
outer loop
vertex -64.518135 108.539421 -0.000014
vertex -64.535576 109.792007 6.047961
vertex -64.535576 109.792007 -0.000014
endloop
endfacet
facet normal 0.013749 -0.999905 0.000000
outer loop
vertex -60.865078 108.589653 -0.000014
vertex -60.865078 108.589653 6.047961
vertex -64.518135 108.539421 6.047961
endloop
endfacet
facet normal 0.013749 -0.999905 0.000000
outer loop
vertex -60.865078 108.589653 -0.000014
vertex -64.518135 108.539421 6.047961
vertex -64.518135 108.539421 -0.000014
endloop
endfacet
facet normal -0.000000 0.000000 1.000000
outer loop
vertex -30.755495 106.278732 8.735950
vertex -45.796574 106.017502 8.735950
vertex -45.774124 104.530479 8.735950
endloop
endfacet
facet normal 0.000000 0.000000 1.000000
outer loop
vertex -45.774124 104.530479 8.735950
vertex -45.494865 89.157921 8.735951
vertex -30.478724 89.419151 8.735951
endloop
endfacet
facet normal -0.000000 0.000000 1.000000
outer loop
vertex -45.774124 104.530479 8.735950
vertex -30.478724 89.419151 8.735951
vertex -30.755495 106.278732 8.735950
endloop
endfacet
facet normal -0.999886 -0.015090 0.000000
outer loop
vertex -45.774124 104.530479 -0.000014
vertex -45.774124 104.530479 8.735950
vertex -45.796574 106.017502 8.735950
endloop
endfacet
facet normal -0.999886 -0.015099 0.000000
outer loop
vertex -45.774124 104.530479 -0.000014
vertex -45.796574 106.017502 8.735950
vertex -45.796574 106.017502 -0.000014
endloop
endfacet
facet normal -0.999835 -0.018163 0.000000
outer loop
vertex -45.494865 89.157921 -0.000013
vertex -45.494865 89.157921 8.735951
vertex -45.774124 104.530479 8.735950
endloop
endfacet
facet normal -0.999835 -0.018163 0.000000
outer loop
vertex -45.494865 89.157921 -0.000013
vertex -45.774124 104.530479 8.735950
vertex -45.774124 104.530479 -0.000014
endloop
endfacet
facet normal 0.017394 -0.999849 0.000000
outer loop
vertex -30.478724 89.419151 -0.000013
vertex -30.478724 89.419151 8.735951
vertex -45.494865 89.157921 8.735951
endloop
endfacet
facet normal 0.017394 -0.999849 0.000000
outer loop
vertex -30.478724 89.419151 -0.000013
vertex -45.494865 89.157921 8.735951
vertex -45.494865 89.157921 -0.000013
endloop
endfacet
facet normal 0.999865 0.016414 0.000000
outer loop
vertex -30.755495 106.278732 -0.000014
vertex -30.755495 106.278732 8.735950
vertex -30.478724 89.419151 8.735951
endloop
endfacet
facet normal 0.999865 0.016414 0.000000
outer loop
vertex -30.755495 106.278732 -0.000014
vertex -30.478724 89.419151 8.735951
vertex -30.478724 89.419151 -0.000013
endloop
endfacet
facet normal -0.017365 0.999849 0.000000
outer loop
vertex -45.796574 106.017502 -0.000014
vertex -45.796574 106.017502 8.735950
vertex -30.755495 106.278732 8.735950
endloop
endfacet
facet normal -0.017365 0.999849 0.000000
outer loop
vertex -45.796574 106.017502 -0.000014
vertex -30.755495 106.278732 8.735950
vertex -30.755495 106.278732 -0.000014
endloop
endfacet
facet normal 0.000000 0.000000 1.000000
outer loop
vertex 44.330162 84.649994 33.823849
vertex 35.789761 84.526077 33.823849
vertex 36.126389 68.570923 33.823853
endloop
endfacet
facet normal -0.000000 0.000000 1.000000
outer loop
vertex 36.126389 68.570923 33.823853
vertex 49.060421 68.684799 33.823853
vertex 48.746243 80.463608 33.823853
endloop
endfacet
facet normal 0.000016 -0.000001 1.000000
outer loop
vertex 48.746243 80.463608 33.823853
vertex 48.591640 81.665932 33.823853
vertex 48.038071 82.945297 33.823849
endloop
endfacet
facet normal 0.000000 0.000000 1.000000
outer loop
vertex 48.038071 82.945297 33.823849
vertex 46.843643 84.094048 33.823849
vertex 45.906086 84.479195 33.823849
endloop
endfacet
facet normal 0.000000 0.000000 1.000000
outer loop
vertex 45.906086 84.479195 33.823849
vertex 44.330162 84.649994 33.823849
vertex 36.126389 68.570923 33.823853
endloop
endfacet
facet normal 0.000000 0.000001 1.000000
outer loop
vertex 36.126389 68.570923 33.823853
vertex 48.746243 80.463608 33.823853
vertex 48.038071 82.945297 33.823849
endloop
endfacet
facet normal 0.000000 0.000000 1.000000
outer loop
vertex 36.126389 68.570923 33.823853
vertex 48.038071 82.945297 33.823849
vertex 45.906086 84.479195 33.823849
endloop
endfacet
facet normal -0.999778 -0.021093 0.000000
outer loop
vertex 36.126389 68.570923 -0.000011
vertex 36.126389 68.570923 33.823853
vertex 35.789761 84.526077 33.823849
endloop
endfacet
facet normal -0.999777 -0.021094 0.000000
outer loop
vertex 36.126389 68.570923 -0.000011
vertex 35.789761 84.526077 33.823849
vertex 35.789761 84.526077 -0.000012
endloop
endfacet
facet normal 0.008804 -0.999961 0.000000
outer loop
vertex 49.060421 68.684799 -0.000011
vertex 49.060421 68.684799 33.823853
vertex 36.126389 68.570923 33.823853
endloop
endfacet
facet normal 0.008804 -0.999961 0.000000
outer loop
vertex 49.060421 68.684799 -0.000011
vertex 36.126389 68.570923 33.823853
vertex 36.126389 68.570923 -0.000011
endloop
endfacet
facet normal 0.999645 0.026664 0.000000
outer loop
vertex 48.746243 80.463608 -0.000012
vertex 48.746243 80.463608 33.823853
vertex 49.060421 68.684799 33.823853
endloop
endfacet
facet normal 0.999644 0.026664 0.000000
outer loop
vertex 48.746243 80.463608 -0.000012
vertex 49.060421 68.684799 33.823853
vertex 49.060421 68.684799 -0.000011
endloop
endfacet
facet normal 0.991834 0.127536 0.000000
outer loop
vertex 48.591640 81.665932 -0.000012
vertex 48.591640 81.665932 33.823853
vertex 48.746243 80.463608 33.823853
endloop
endfacet
facet normal 0.991834 0.127536 0.000000
outer loop
vertex 48.591640 81.665932 -0.000012
vertex 48.746243 80.463608 33.823853
vertex 48.746243 80.463608 -0.000012
endloop
endfacet
facet normal 0.917770 0.397113 0.000000
outer loop
vertex 48.038071 82.945297 -0.000012
vertex 48.038071 82.945297 33.823849
vertex 48.591640 81.665932 33.823853
endloop
endfacet
facet normal 0.917772 0.397107 0.000000
outer loop
vertex 48.038071 82.945297 -0.000012
vertex 48.591640 81.665932 33.823853
vertex 48.591640 81.665932 -0.000012
endloop
endfacet
facet normal 0.693191 0.720754 0.000000
outer loop
vertex 46.843643 84.094048 -0.000012
vertex 46.843643 84.094048 33.823849
vertex 48.038071 82.945297 33.823849
endloop
endfacet
facet normal 0.693191 0.720754 0.000000
outer loop
vertex 46.843643 84.094048 -0.000012
vertex 48.038071 82.945297 33.823849
vertex 48.038071 82.945297 -0.000012
endloop
endfacet
facet normal 0.379987 0.924992 0.000000
outer loop
vertex 45.906086 84.479195 -0.000012
vertex 45.906086 84.479195 33.823849
vertex 46.843643 84.094048 33.823849
endloop
endfacet
facet normal 0.379984 0.924993 0.000000
outer loop
vertex 45.906086 84.479195 -0.000012
vertex 46.843643 84.094048 33.823849
vertex 46.843643 84.094048 -0.000012
endloop
endfacet
facet normal 0.107749 0.994178 0.000000
outer loop
vertex 44.330162 84.649994 -0.000012
vertex 44.330162 84.649994 33.823849
vertex 45.906086 84.479195 33.823849
endloop
endfacet
facet normal 0.107750 0.994178 0.000000
outer loop
vertex 44.330162 84.649994 -0.000012
vertex 45.906086 84.479195 33.823849
vertex 45.906086 84.479195 -0.000012
endloop
endfacet
facet normal -0.014508 0.999895 0.000000
outer loop
vertex 35.789761 84.526077 -0.000012
vertex 35.789761 84.526077 33.823849
vertex 44.330162 84.649994 33.823849
endloop
endfacet
facet normal -0.014508 0.999895 0.000000
outer loop
vertex 35.789761 84.526077 -0.000012
vertex 44.330162 84.649994 33.823849
vertex 44.330162 84.649994 -0.000012
endloop
endfacet
facet normal -0.999848 -0.017450 0.000000
outer loop
vertex 101.165565 -78.030769 0.000000
vertex 101.165565 -78.030762 5.375978
vertex 100.522224 -41.169464 5.375976
endloop
endfacet
facet normal -0.999848 -0.017451 0.000000
outer loop
vertex 101.165565 -78.030769 0.000000
vertex 100.522224 -41.169464 5.375976
vertex 100.522224 -41.169464 -0.000003
endloop
endfacet
facet normal 0.017449 -0.999848 0.000003
outer loop
vertex 114.598297 -77.796341 0.000000
vertex 101.165565 -78.030762 5.375978
vertex 101.165565 -78.030769 0.000000
endloop
endfacet
facet normal 0.000000 0.000000 1.000000
outer loop
vertex 28.014896 -106.485901 9.407964
vertex 24.346884 -106.566269 9.407964
vertex 24.663551 -116.790199 9.407965
endloop
endfacet
facet normal 0.000000 0.000000 1.000000
outer loop
vertex 24.663551 -116.790199 9.407965
vertex 33.760014 -116.525650 9.407965
vertex 33.575500 -106.057251 9.407964
endloop
endfacet
facet normal 0.000000 0.000000 1.000000
outer loop
vertex 33.575500 -106.057251 9.407964
vertex 33.393475 -106.060600 9.407964
vertex 29.830187 -106.184509 9.407964
endloop
endfacet
facet normal 0.000000 0.000000 1.000000
outer loop
vertex 33.575500 -106.057251 9.407964
vertex 29.830187 -106.184509 9.407964
vertex 29.815229 -106.877708 9.407964
endloop
endfacet
facet normal 0.000000 0.000000 1.000000
outer loop
vertex 28.074724 -106.911201 9.407964
vertex 28.014896 -106.485901 9.407964
vertex 24.663551 -116.790199 9.407965
endloop
endfacet
facet normal 0.000000 0.000000 1.000000
outer loop
vertex 24.663551 -116.790199 9.407965
vertex 33.575500 -106.057251 9.407964
vertex 29.815229 -106.877708 9.407964
endloop
endfacet
facet normal -0.000000 0.000000 1.000000
outer loop
vertex 24.663551 -116.790199 9.407965
vertex 29.815229 -106.877708 9.407964
vertex 28.074724 -106.911201 9.407964
endloop
endfacet
facet normal -0.999521 -0.030958 0.000000
outer loop
vertex 24.663551 -116.790199 0.000003
vertex 24.663551 -116.790199 9.407965
vertex 24.346884 -106.566269 9.407964
endloop
endfacet
facet normal -0.999521 -0.030959 0.000000
outer loop
vertex 24.663551 -116.790199 0.000003
vertex 24.346884 -106.566269 9.407964
vertex 24.346884 -106.566269 0.000002
endloop
endfacet
facet normal 0.029070 -0.999577 0.000000
outer loop
vertex 33.760014 -116.525650 0.000003
vertex 33.760014 -116.525650 9.407965
vertex 24.663551 -116.790199 9.407965
endloop
endfacet
facet normal 0.029070 -0.999577 0.000000
outer loop
vertex 33.760014 -116.525650 0.000003
vertex 24.663551 -116.790199 9.407965
vertex 24.663551 -116.790199 0.000003
endloop
endfacet
facet normal 0.999845 0.017623 0.000000
outer loop
vertex 33.575500 -106.057251 0.000002
vertex 33.575500 -106.057251 9.407964
vertex 33.760014 -116.525650 9.407965
endloop
endfacet
facet normal 0.999845 0.017623 0.000000
outer loop
vertex 33.575500 -106.057251 0.000002
vertex 33.760014 -116.525650 9.407965
vertex 33.760014 -116.525650 0.000003
endloop
endfacet
facet normal -0.018396 0.999831 0.000000
outer loop
vertex 33.393475 -106.060600 0.000002
vertex 33.393475 -106.060600 9.407964
vertex 33.575500 -106.057251 9.407964
endloop
endfacet
facet normal -0.018398 0.999831 0.000000
outer loop
vertex 33.393475 -106.060600 0.000002
vertex 33.575500 -106.057251 9.407964
vertex 33.575500 -106.057251 0.000002
endloop
endfacet
facet normal -0.034753 0.999396 0.000000
outer loop
vertex 29.830187 -106.184509 0.000002
vertex 29.830187 -106.184509 9.407964
vertex 33.393475 -106.060600 9.407964
endloop
endfacet
facet normal -0.034753 0.999396 0.000000
outer loop
vertex 29.830187 -106.184509 0.000002
vertex 33.393475 -106.060600 9.407964
vertex 33.393475 -106.060600 0.000002
endloop
endfacet
facet normal -0.999767 0.021567 0.000000
outer loop
vertex 29.815229 -106.877708 0.000002
vertex 29.815229 -106.877708 9.407964
vertex 29.830187 -106.184509 9.407964
endloop
endfacet
facet normal -0.999767 0.021577 0.000000
outer loop
vertex 29.815229 -106.877708 0.000002
vertex 29.830187 -106.184509 9.407964
vertex 29.830187 -106.184509 0.000002
endloop
endfacet
facet normal -0.019240 0.999815 0.000000
outer loop
vertex 28.074724 -106.911201 0.000002
vertex 28.074724 -106.911201 9.407964
vertex 29.815229 -106.877708 9.407964
endloop
endfacet
facet normal -0.019240 0.999815 0.000000
outer loop
vertex 28.074724 -106.911201 0.000002
vertex 29.815229 -106.877708 9.407964
vertex 29.815229 -106.877708 0.000002
endloop
endfacet
facet normal 0.990250 0.139302 0.000000
outer loop
vertex 28.014896 -106.485901 0.000002
vertex 28.014896 -106.485901 9.407964
vertex 28.074724 -106.911201 9.407964
endloop
endfacet
facet normal 0.990252 0.139288 0.000000
outer loop
vertex 28.014896 -106.485901 0.000002
vertex 28.074724 -106.911201 9.407964
vertex 28.074724 -106.911201 0.000002
endloop
endfacet
facet normal -0.021905 0.999760 0.000000
outer loop
vertex 24.346884 -106.566269 0.000002
vertex 24.346884 -106.566269 9.407964
vertex 28.014896 -106.485901 9.407964
endloop
endfacet
facet normal -0.021905 0.999760 0.000000
outer loop
vertex 24.346884 -106.566269 0.000002
vertex 28.014896 -106.485901 9.407964
vertex 28.014896 -106.485901 0.000002
endloop
endfacet
facet normal 0.000000 0.000000 1.000000
outer loop
vertex -3.481091 -44.086372 12.095948
vertex -3.264147 -52.917458 12.095949
vertex 5.642797 -52.699776 12.095949
endloop
endfacet
facet normal 0.000000 0.000000 1.000000
outer loop
vertex -3.481091 -44.086372 12.095948
vertex 5.642797 -52.699776 12.095949
vertex 5.423365 -43.865345 12.095948
endloop
endfacet
facet normal -0.999698 -0.024559 0.000000
outer loop
vertex -3.264147 -52.917458 -0.000002
vertex -3.264147 -52.917458 12.095949
vertex -3.481091 -44.086372 12.095948
endloop
endfacet
facet normal -0.999698 -0.024559 0.000000
outer loop
vertex -3.264147 -52.917458 -0.000002
vertex -3.481091 -44.086372 12.095948
vertex -3.481091 -44.086372 -0.000002
endloop
endfacet
facet normal 0.024432 -0.999701 0.000000
outer loop
vertex 5.642797 -52.699780 -0.000002
vertex 5.642797 -52.699776 12.095949
vertex -3.264147 -52.917458 12.095949
endloop
endfacet
facet normal 0.024432 -0.999701 0.000000
outer loop
vertex 5.642797 -52.699780 -0.000002
vertex -3.264147 -52.917458 12.095949
vertex -3.264147 -52.917458 -0.000002
endloop
endfacet
facet normal 0.999692 0.024831 0.000000
outer loop
vertex 5.423365 -43.865345 -0.000002
vertex 5.423365 -43.865345 12.095948
vertex 5.642797 -52.699776 12.095949
endloop
endfacet
facet normal 0.999692 0.024831 0.000000
outer loop
vertex 5.423365 -43.865345 -0.000002
vertex 5.642797 -52.699776 12.095949
vertex 5.642797 -52.699780 -0.000002
endloop
endfacet
facet normal -0.024814 0.999692 0.000000
outer loop
vertex -3.481091 -44.086372 -0.000002
vertex -3.481091 -44.086372 12.095948
vertex 5.423365 -43.865345 12.095948
endloop
endfacet
facet normal -0.024814 0.999692 0.000000
outer loop
vertex -3.481091 -44.086372 -0.000002
vertex 5.423365 -43.865345 12.095948
vertex 5.423365 -43.865345 -0.000002
endloop
endfacet
facet normal 0.000008 0.000000 1.000000
outer loop
vertex 104.875961 -87.913246 12.767948
vertex 104.494453 -87.688873 12.767948
vertex 104.137878 -87.554916 12.767948
endloop
endfacet
facet normal 0.000000 0.000000 1.000000
outer loop
vertex 104.137878 -87.554916 12.767948
vertex 103.556877 -87.511383 12.767948
vertex 102.908546 -87.621895 12.767948
endloop
endfacet
facet normal 0.000000 0.000000 1.000000
outer loop
vertex 102.908546 -87.621895 12.767948
vertex 102.392380 -87.956779 12.767948
vertex 102.013374 -88.382088 12.767948
endloop
endfacet
facet normal 0.000000 0.000000 1.000000
outer loop
vertex 102.013374 -88.382088 12.767948
vertex 101.744064 -88.988228 12.767948
vertex 101.701683 -89.701530 12.767948
endloop
endfacet
facet normal -0.000007 0.000000 1.000000
outer loop
vertex 101.701683 -89.701530 12.767948
vertex 101.811401 -90.260788 12.767948
vertex 102.148026 -90.709541 12.767948
endloop
endfacet
facet normal 0.000019 0.000000 1.000000
outer loop
vertex 102.661690 -118.762650 12.767951
vertex 102.327553 -119.388870 12.767951
vertex 102.260231 -120.105522 12.767951
endloop
endfacet
facet normal 0.000002 0.000000 1.000000
outer loop
vertex 102.013374 -88.382088 12.767948
vertex 101.701683 -89.701530 12.767948
vertex 102.148026 -90.709541 12.767948
endloop
endfacet
facet normal 0.000000 0.000000 1.000000
outer loop
vertex 102.661690 -118.762650 12.767951
vertex 102.260231 -120.105522 12.767951
vertex 102.414833 -120.798721 12.767951
endloop
endfacet
facet normal 0.000002 0.000000 1.000000
outer loop
vertex 102.908546 -87.621895 12.767948
vertex 102.013374 -88.382088 12.767948
vertex 102.148026 -90.709541 12.767948
endloop
endfacet
facet normal -0.000003 0.000000 1.000000
outer loop
vertex 102.661690 -118.762650 12.767951
vertex 102.414833 -120.798721 12.767951
vertex 102.729019 -121.287643 12.767951
endloop
endfacet
facet normal 0.000000 0.000000 1.000000
outer loop
vertex 102.908546 -87.621895 12.767948
vertex 102.148026 -90.709541 12.767948
vertex 102.661690 -118.762650 12.767951
endloop
endfacet
facet normal -0.000001 0.000000 1.000000
outer loop
vertex 104.875961 -87.913246 12.767948
vertex 104.137878 -87.554916 12.767948
vertex 102.908546 -87.621895 12.767948
endloop
endfacet
facet normal 0.000000 0.000000 1.000000
outer loop
vertex 104.875961 -87.913246 12.767948
vertex 102.908546 -87.621895 12.767948
vertex 102.661690 -118.762650 12.767951
endloop
endfacet
facet normal 0.000002 0.000000 1.000000
outer loop
vertex 102.661690 -118.762650 12.767951
vertex 102.729019 -121.287643 12.767951
vertex 103.175369 -121.692848 12.767951
endloop
endfacet
facet normal 0.000000 0.000000 1.000000
outer loop
vertex 103.175369 -121.692848 12.767951
vertex 103.756363 -121.913864 12.767951
vertex 104.494453 -121.913864 12.767951
endloop
endfacet
facet normal 0.000000 0.000000 1.000000
outer loop
vertex 104.494453 -121.913864 12.767951
vertex 105.142769 -121.736382 12.767951
vertex 105.524284 -121.491913 12.767951
endloop
endfacet
facet normal 0.000000 0.000000 1.000000
outer loop
vertex 103.175369 -121.692848 12.767951
vertex 104.494453 -121.913864 12.767951
vertex 105.524284 -121.491913 12.767951
endloop
endfacet
facet normal -0.000000 0.000000 1.000000
outer loop
vertex 102.661690 -118.762650 12.767951
vertex 103.175369 -121.692848 12.767951
vertex 105.524284 -121.491913 12.767951
endloop
endfacet
facet normal 0.000000 0.000000 1.000000
outer loop
vertex 107.873207 -93.556053 12.767949
vertex 111.952644 -93.525909 12.767949
vertex 104.875961 -87.913246 12.767948
endloop
endfacet
facet normal -0.000001 -0.000000 1.000000
outer loop
vertex 108.000374 -101.770752 12.767949
vertex 107.873207 -93.556053 12.767949
vertex 104.875961 -87.913246 12.767948
endloop
endfacet
facet normal -0.000000 0.000000 1.000000
outer loop
vertex 104.875961 -87.913246 12.767948
vertex 102.661690 -118.762650 12.767951
vertex 105.524284 -121.491913 12.767951
endloop
endfacet
facet normal -0.000001 0.000000 1.000000
outer loop
vertex 105.524284 -121.491913 12.767951
vertex 108.137512 -115.564537 12.767951
vertex 107.982925 -107.383385 12.767950
endloop
endfacet
facet normal 0.000001 0.000000 1.000000
outer loop
vertex 104.875961 -87.913246 12.767948
vertex 105.524284 -121.491913 12.767951
vertex 107.982925 -107.383385 12.767950
endloop
endfacet
facet normal 0.000002 0.000000 1.000000
outer loop
vertex 108.000374 -101.770752 12.767949
vertex 104.875961 -87.913246 12.767948
vertex 107.982925 -107.383385 12.767950
endloop
endfacet
facet normal -0.000000 0.000000 1.000000
outer loop
vertex 113.506119 -101.693726 12.767949
vertex 108.000374 -101.770752 12.767949
vertex 107.982925 -107.383385 12.767950
endloop
endfacet
facet normal 0.506945 0.861978 0.000000
outer loop
vertex 104.494453 -87.688873 0.000001
vertex 104.494453 -87.688873 12.767948
vertex 104.875961 -87.913246 12.767948
endloop
endfacet
facet normal 0.506945 0.861978 0.000000
outer loop
vertex 104.494453 -87.688873 0.000001
vertex 104.875961 -87.913246 12.767948
vertex 104.875961 -87.913246 0.000001
endloop
endfacet
facet normal 0.351695 0.936115 0.000000
outer loop
vertex 104.137878 -87.554916 0.000001
vertex 104.137878 -87.554916 12.767948
vertex 104.494453 -87.688873 12.767948
endloop
endfacet
facet normal 0.351662 0.936127 0.000000
outer loop
vertex 104.137878 -87.554916 0.000001
vertex 104.494453 -87.688873 12.767948
vertex 104.494453 -87.688873 0.000001
endloop
endfacet
facet normal 0.074718 0.997205 0.000000
outer loop
vertex 103.556877 -87.511383 0.000001
vertex 103.556877 -87.511383 12.767948
vertex 104.137878 -87.554916 12.767948
endloop
endfacet
facet normal 0.074718 0.997205 0.000000
outer loop
vertex 103.556877 -87.511383 0.000001
vertex 104.137878 -87.554916 12.767948
vertex 104.137878 -87.554916 0.000001
endloop
endfacet
facet normal -0.168033 0.985781 0.000000
outer loop
vertex 102.908546 -87.621895 0.000001
vertex 102.908546 -87.621895 12.767948
vertex 103.556877 -87.511383 12.767948
endloop
endfacet
facet normal -0.168033 0.985781 0.000000
outer loop
vertex 102.908546 -87.621895 0.000001
vertex 103.556877 -87.511383 12.767948
vertex 103.556877 -87.511383 0.000001
endloop
endfacet
facet normal -0.544265 0.838914 0.000000
outer loop
vertex 102.392380 -87.956779 0.000001
vertex 102.392380 -87.956779 12.767948
vertex 102.908546 -87.621895 12.767948
endloop
endfacet
facet normal -0.544279 0.838904 0.000000
outer loop
vertex 102.392380 -87.956779 0.000001
vertex 102.908546 -87.621895 12.767948
vertex 102.908546 -87.621895 0.000001
endloop
endfacet
facet normal -0.746561 0.665316 0.000000
outer loop
vertex 102.013374 -88.382088 0.000001
vertex 102.013374 -88.382088 12.767948
vertex 102.392380 -87.956779 12.767948
endloop
endfacet
facet normal -0.746595 0.665279 0.000000
outer loop
vertex 102.013374 -88.382088 0.000001
vertex 102.392380 -87.956779 12.767948
vertex 102.392380 -87.956779 0.000001
endloop
endfacet
facet normal -0.913862 0.406025 0.000000
outer loop
vertex 101.744064 -88.988228 0.000001
vertex 101.744064 -88.988228 12.767948
vertex 102.013374 -88.382088 12.767948
endloop
endfacet
facet normal -0.913862 0.406025 0.000000
outer loop
vertex 101.744064 -88.988228 0.000001
vertex 102.013374 -88.382088 12.767948
vertex 102.013374 -88.382088 0.000001
endloop
endfacet
facet normal -0.998240 0.059299 0.000000
outer loop
vertex 101.701683 -89.701538 0.000001
vertex 101.701683 -89.701530 12.767948
vertex 101.744064 -88.988228 12.767948
endloop
endfacet
facet normal -0.998239 0.059325 0.000000
outer loop
vertex 101.701683 -89.701538 0.000001
vertex 101.744064 -88.988228 12.767948
vertex 101.744064 -88.988228 0.000001
endloop
endfacet
facet normal -0.981294 -0.192516 0.000000
outer loop
vertex 101.811401 -90.260788 0.000001
vertex 101.811401 -90.260788 12.767948
vertex 101.701683 -89.701530 12.767948
endloop
endfacet
facet normal -0.981293 -0.192519 0.000000
outer loop
vertex 101.811401 -90.260788 0.000001
vertex 101.701683 -89.701530 12.767948
vertex 101.701683 -89.701538 0.000001
endloop
endfacet
facet normal -0.799959 -0.600054 0.000000
outer loop
vertex 102.148026 -90.709541 0.000001
vertex 102.148026 -90.709541 12.767948
vertex 101.811401 -90.260788 12.767948
endloop
endfacet
facet normal -0.799943 -0.600076 0.000000
outer loop
vertex 102.148026 -90.709541 0.000001
vertex 101.811401 -90.260788 12.767948
vertex 101.811401 -90.260788 0.000001
endloop
endfacet
facet normal -0.999832 -0.018308 0.000000
outer loop
vertex 102.661690 -118.762650 0.000003
vertex 102.661690 -118.762650 12.767951
vertex 102.148026 -90.709541 12.767948
endloop
endfacet
facet normal -0.999832 -0.018308 0.000000
outer loop
vertex 102.661690 -118.762650 0.000003
vertex 102.148026 -90.709541 12.767948
vertex 102.148026 -90.709541 0.000001
endloop
endfacet
facet normal -0.882270 0.470744 0.000000
outer loop
vertex 102.327553 -119.388870 0.000003
vertex 102.327553 -119.388870 12.767951
vertex 102.661690 -118.762650 12.767951
endloop
endfacet
facet normal -0.882247 0.470786 0.000000
outer loop
vertex 102.327553 -119.388870 0.000003
vertex 102.661690 -118.762650 12.767951
vertex 102.661690 -118.762650 0.000003
endloop
endfacet
facet normal 0.999821 0.018891 0.000000
outer loop
vertex 107.982925 -107.383385 0.000002
vertex 107.982925 -107.383385 12.767950
vertex 108.137512 -115.564537 12.767951
endloop
endfacet
facet normal 0.999822 0.018891 0.000000
outer loop
vertex 107.982925 -107.383385 0.000002
vertex 108.137512 -115.564537 12.767951
vertex 108.137512 -115.564537 0.000003
endloop
endfacet
facet normal 0.019460 -0.999811 0.000000
outer loop
vertex 113.660721 -107.272873 0.000002
vertex 107.982925 -107.383385 12.767950
vertex 107.982925 -107.383385 0.000002
endloop
endfacet
facet normal -1.000000 0.000000 0.000000
outer loop
vertex 113.506119 -101.693726 0.000002
vertex 113.506119 -101.693726 12.767949
vertex 113.506119 -101.305260 12.767949
endloop
endfacet
facet normal -1.000000 0.000000 0.000000
outer loop
vertex 113.506119 -101.693726 0.000002
vertex 113.506119 -101.305260 12.767949
vertex 113.506119 -101.305267 0.000002
endloop
endfacet
facet normal -0.013989 0.999902 0.000000
outer loop
vertex 108.000374 -101.770752 0.000002
vertex 108.000374 -101.770752 12.767949
vertex 113.506119 -101.693726 12.767949
endloop
endfacet
facet normal -0.013989 0.999902 0.000000
outer loop
vertex 108.000374 -101.770752 0.000002
vertex 113.506119 -101.693726 12.767949
vertex 113.506119 -101.693726 0.000002
endloop
endfacet
facet normal 0.999880 0.015480 0.000000
outer loop
vertex 107.873207 -93.556053 0.000001
vertex 107.873207 -93.556053 12.767949
vertex 108.000374 -101.770752 12.767949
endloop
endfacet
facet normal 0.999880 0.015480 0.000000
outer loop
vertex 107.873207 -93.556053 0.000001
vertex 108.000374 -101.770752 12.767949
vertex 108.000374 -101.770752 0.000002
endloop
endfacet
facet normal 0.007389 -0.999973 0.000000
outer loop
vertex 111.952644 -93.525909 0.000001
vertex 111.952644 -93.525909 12.767949
vertex 107.873207 -93.556053 12.767949
endloop
endfacet
facet normal 0.007389 -0.999973 0.000000
outer loop
vertex 111.952644 -93.525909 0.000001
vertex 107.873207 -93.556053 12.767949
vertex 107.873207 -93.556053 0.000001
endloop
endfacet
facet normal -1.000000 0.000000 0.000000
outer loop
vertex 111.952644 -93.897636 0.000001
vertex 111.952644 -93.897636 12.767949
vertex 111.952644 -93.525909 12.767949
endloop
endfacet
facet normal -1.000000 0.000000 0.000000
outer loop
vertex 111.952644 -93.897636 0.000001
vertex 111.952644 -93.525909 12.767949
vertex 111.952644 -93.525909 0.000001
endloop
endfacet
facet normal 0.010221 -0.999948 0.000000
outer loop
vertex 114.573357 -93.870850 0.000001
vertex 111.952644 -93.897636 12.767949
vertex 111.952644 -93.897636 0.000001
endloop
endfacet
facet normal -0.000000 0.000000 1.000000
outer loop
vertex -68.423027 82.777832 6.719961
vertex -68.288361 71.086105 6.719961
vertex -59.820278 71.183228 6.719961
endloop
endfacet
facet normal 0.000000 0.000000 1.000000
outer loop
vertex -68.423027 82.777832 6.719961
vertex -59.820278 71.183228 6.719961
vertex -59.954945 82.874954 6.719961
endloop
endfacet
facet normal -0.999934 -0.011518 0.000000
outer loop
vertex -68.288361 71.086105 -0.000011
vertex -68.288361 71.086105 6.719961
vertex -68.423027 82.777832 6.719961
endloop
endfacet
facet normal -0.999934 -0.011517 0.000000
outer loop
vertex -68.288361 71.086105 -0.000011
vertex -68.423027 82.777832 6.719961
vertex -68.423027 82.777832 -0.000012
endloop
endfacet
facet normal 0.011468 -0.999934 0.000000
outer loop
vertex -59.820278 71.183228 -0.000011
vertex -59.820278 71.183228 6.719961
vertex -68.288361 71.086105 6.719961
endloop
endfacet
facet normal 0.011468 -0.999934 0.000000
outer loop
vertex -59.820278 71.183228 -0.000011
vertex -68.288361 71.086105 6.719961
vertex -68.288361 71.086105 -0.000011
endloop
endfacet
facet normal 0.999934 0.011517 0.000000
outer loop
vertex -59.954945 82.874954 -0.000012
vertex -59.954945 82.874954 6.719961
vertex -59.820278 71.183228 6.719961
endloop
endfacet
facet normal 0.999934 0.011518 0.000000
outer loop
vertex -59.954945 82.874954 -0.000012
vertex -59.820278 71.183228 6.719961
vertex -59.820278 71.183228 -0.000011
endloop
endfacet
facet normal -0.011468 0.999934 0.000000
outer loop
vertex -68.423027 82.777832 -0.000012
vertex -68.423027 82.777832 6.719961
vertex -59.954945 82.874954 6.719961
endloop
endfacet
facet normal -0.011468 0.999934 0.000000
outer loop
vertex -68.423027 82.777832 -0.000012
vertex -59.954945 82.874954 6.719961
vertex -59.954945 82.874954 -0.000012
endloop
endfacet
facet normal 0.000000 0.000000 1.000000
outer loop
vertex 33.211445 -88.442368 7.391971
vertex 24.067596 -88.629898 7.391971
vertex 24.419182 -105.769249 7.391973
endloop
endfacet
facet normal 0.000003 0.000000 1.000000
outer loop
vertex 33.383492 -105.588417 7.391973
vertex 33.393475 -106.060600 7.391973
vertex 33.575500 -106.057251 7.391973
endloop
endfacet
facet normal 0.000000 0.000000 1.000000
outer loop
vertex 33.211445 -88.442368 7.391971
vertex 24.419182 -105.769249 7.391973
vertex 33.383492 -105.588417 7.391973
endloop
endfacet
facet normal 0.000000 0.000000 1.000000
outer loop
vertex 33.383492 -105.588417 7.391973
vertex 33.575500 -106.057251 7.391973
vertex 33.211445 -88.442368 7.391971
endloop
endfacet
facet normal -0.999790 -0.020509 0.000000
outer loop
vertex 24.419182 -105.769249 0.000002
vertex 24.419182 -105.769249 7.391973
vertex 24.067596 -88.629898 7.391971
endloop
endfacet
facet normal -0.999790 -0.020509 0.000000
outer loop
vertex 24.419182 -105.769249 0.000002
vertex 24.067596 -88.629898 7.391971
vertex 24.067596 -88.629906 0.000001
endloop
endfacet
facet normal 0.020168 -0.999797 0.000000
outer loop
vertex 33.383492 -105.588417 0.000002
vertex 33.383492 -105.588417 7.391973
vertex 24.419182 -105.769249 7.391973
endloop
endfacet
facet normal 0.020168 -0.999797 0.000000
outer loop
vertex 33.383492 -105.588417 0.000002
vertex 24.419182 -105.769249 7.391973
vertex 24.419182 -105.769249 0.000002
endloop
endfacet
facet normal -0.999776 -0.021146 0.000000
outer loop
vertex 33.393475 -106.060600 0.000002
vertex 33.393475 -106.060600 7.391973
vertex 33.383492 -105.588417 7.391973
endloop
endfacet
facet normal -0.999777 -0.021128 0.000000
outer loop
vertex 33.393475 -106.060600 0.000002
vertex 33.383492 -105.588417 7.391973
vertex 33.383492 -105.588417 0.000002
endloop
endfacet
facet normal 0.018397 -0.999831 0.000000
outer loop
vertex 33.575500 -106.057251 0.000002
vertex 33.575500 -106.057251 7.391973
vertex 33.393475 -106.060600 7.391973
endloop
endfacet
facet normal 0.018397 -0.999831 0.000000
outer loop
vertex 33.575500 -106.057251 0.000002
vertex 33.393475 -106.060600 7.391973
vertex 33.393475 -106.060600 0.000002
endloop
endfacet
facet normal 0.999786 0.020663 0.000000
outer loop
vertex 33.211445 -88.442368 0.000001
vertex 33.211445 -88.442368 7.391971
vertex 33.575500 -106.057251 7.391973
endloop
endfacet
facet normal 0.999786 0.020663 0.000000
outer loop
vertex 33.211445 -88.442368 0.000001
vertex 33.575500 -106.057251 7.391973
vertex 33.575500 -106.057251 0.000002
endloop
endfacet
facet normal -0.020505 0.999790 0.000000
outer loop
vertex 24.067596 -88.629906 0.000001
vertex 24.067596 -88.629898 7.391971
vertex 33.211445 -88.442368 7.391971
endloop
endfacet
facet normal -0.020505 0.999790 0.000000
outer loop
vertex 24.067596 -88.629906 0.000001
vertex 33.211445 -88.442368 7.391971
vertex 33.211445 -88.442368 0.000001
endloop
endfacet
facet normal -0.000000 0.000000 1.000000
outer loop
vertex 37.270939 104.430000 -0.000014
vertex 32.862350 104.329529 -0.000014
vertex 32.962070 99.932098 -0.000013
endloop
endfacet
facet normal -0.000000 0.000000 1.000000
outer loop
vertex 37.270939 104.430000 -0.000014
vertex 32.962070 99.932098 -0.000013
vertex 37.373177 100.032570 -0.000013
endloop
endfacet
facet normal 0.000000 0.000000 1.000000
outer loop
vertex 2.840047 105.679237 8.063953
vertex -16.432570 105.391212 8.063953
vertex -16.307909 97.088676 8.063954
endloop
endfacet
facet normal -0.000000 0.000000 1.000000
outer loop
vertex -16.307909 97.088676 8.063954
vertex -12.131224 97.148949 8.063954
vertex -12.151157 98.522110 8.063954
endloop
endfacet
facet normal 0.000000 0.000000 1.000000
outer loop
vertex -12.151157 98.522110 8.063954
vertex 2.944773 98.749855 8.063954
vertex 2.840047 105.679237 8.063953
endloop
endfacet
facet normal -0.000001 0.000000 1.000000
outer loop
vertex -16.307909 97.088676 8.063954
vertex -12.151157 98.522110 8.063954
vertex 2.840047 105.679237 8.063953
endloop
endfacet
facet normal -0.999887 -0.015013 0.000000
outer loop
vertex -16.307909 97.088676 -0.000013
vertex -16.307909 97.088676 8.063954
vertex -16.432570 105.391212 8.063953
endloop
endfacet
facet normal -0.999887 -0.015012 0.000000
outer loop
vertex -16.307909 97.088676 -0.000013
vertex -16.432570 105.391212 8.063953
vertex -16.432570 105.391212 -0.000014
endloop
endfacet
facet normal 0.014429 -0.999896 0.000000
outer loop
vertex -12.131224 97.148949 -0.000013
vertex -12.131224 97.148949 8.063954
vertex -16.307909 97.088676 8.063954
endloop
endfacet
facet normal 0.014429 -0.999896 0.000000
outer loop
vertex -12.131224 97.148949 -0.000013
vertex -16.307909 97.088676 8.063954
vertex -16.307909 97.088676 -0.000013
endloop
endfacet
facet normal 0.999895 0.014516 0.000000
outer loop
vertex -12.151157 98.522110 -0.000013
vertex -12.151157 98.522110 8.063954
vertex -12.131224 97.148949 8.063954
endloop
endfacet
facet normal 0.999895 0.014514 0.000000
outer loop
vertex -12.151157 98.522110 -0.000013
vertex -12.131224 97.148949 8.063954
vertex -12.131224 97.148949 -0.000013
endloop
endfacet
facet normal 0.015085 -0.999886 0.000000
outer loop
vertex 2.944773 98.749855 -0.000013
vertex 2.944773 98.749855 8.063954
vertex -12.151157 98.522110 8.063954
endloop
endfacet
facet normal 0.015085 -0.999886 0.000000
outer loop
vertex 2.944773 98.749855 -0.000013
vertex -12.151157 98.522110 8.063954
vertex -12.151157 98.522110 -0.000013
endloop
endfacet
facet normal 0.999886 0.015112 0.000000
outer loop
vertex 2.840047 105.679237 -0.000014
vertex 2.840047 105.679237 8.063953
vertex 2.944773 98.749855 8.063954
endloop
endfacet
facet normal 0.999886 0.015112 0.000000
outer loop
vertex 2.840047 105.679237 -0.000014
vertex 2.944773 98.749855 8.063954
vertex 2.944773 98.749855 -0.000013
endloop
endfacet
facet normal -0.014943 0.999888 0.000000
outer loop
vertex -16.432570 105.391212 -0.000014
vertex -16.432570 105.391212 8.063953
vertex 2.840047 105.679237 8.063953
endloop
endfacet
facet normal -0.014943 0.999888 0.000000
outer loop
vertex -16.432570 105.391212 -0.000014
vertex 2.840047 105.679237 8.063953
vertex 2.840047 105.679237 -0.000014
endloop
endfacet
facet normal -0.000000 0.000000 1.000000
outer loop
vertex -11.605078 113.412453 11.423939
vertex -16.592175 113.328712 11.423939
vertex -16.497400 107.980110 11.423940
endloop
endfacet
facet normal 0.000002 0.000000 1.000000
outer loop
vertex -11.590120 112.678978 11.423939
vertex -11.605078 113.412453 11.423939
vertex -16.497400 107.980110 11.423940
endloop
endfacet
facet normal -0.999843 -0.017717 0.000000
outer loop
vertex -16.497400 107.980110 -0.000014
vertex -16.497400 107.980110 11.423940
vertex -16.592175 113.328712 11.423939
endloop
endfacet
facet normal -0.999843 -0.017716 0.000000
outer loop
vertex -16.497400 107.980110 -0.000014
vertex -16.592175 113.328712 11.423939
vertex -16.592175 113.328712 -0.000014
endloop
endfacet
facet normal 0.017337 -0.999850 0.000000
outer loop
vertex 1.079609 108.284882 -0.000014
vertex 1.079609 108.284882 11.423940
vertex -16.497400 107.980110 11.423940
endloop
endfacet
facet normal 0.017337 -0.999850 0.000000
outer loop
vertex 1.079609 108.284882 -0.000014
vertex -16.497400 107.980110 11.423940
vertex -16.497400 107.980110 -0.000014
endloop
endfacet
facet normal 0.999792 0.020388 0.000000
outer loop
vertex -11.605078 113.412453 -0.000014
vertex -11.605078 113.412453 11.423939
vertex -11.590120 112.678978 11.423939
endloop
endfacet
facet normal 0.999792 0.020391 0.000000
outer loop
vertex -11.605078 113.412453 -0.000014
vertex -11.590120 112.678978 11.423939
vertex -11.590120 112.678978 -0.000014
endloop
endfacet
facet normal -0.016789 0.999859 0.000000
outer loop
vertex -16.592175 113.328712 -0.000014
vertex -16.592175 113.328712 11.423939
vertex -11.605078 113.412453 11.423939
endloop
endfacet
facet normal -0.016789 0.999859 0.000000
outer loop
vertex -16.592175 113.328712 -0.000014
vertex -11.605078 113.412453 11.423939
vertex -11.605078 113.412453 -0.000014
endloop
endfacet
facet normal 0.000000 0.000000 1.000000
outer loop
vertex 45.554501 41.366386 -0.000009
vertex 45.579437 40.478878 -0.000009
vertex 50.386997 40.606152 -0.000009
endloop
endfacet
facet normal 0.000000 0.000000 1.000000
outer loop
vertex 45.554501 41.366386 -0.000009
vertex 50.386997 40.606152 -0.000009
vertex 50.364548 41.493641 -0.000009
endloop
endfacet
facet normal -0.000000 0.000000 1.000000
outer loop
vertex 22.885668 14.339687 -0.000007
vertex 23.052738 8.854013 -0.000006
vertex 25.875422 8.937739 -0.000006
endloop
endfacet
facet normal -0.000000 0.000000 1.000000
outer loop
vertex 22.885668 14.339687 -0.000007
vertex 25.875422 8.937739 -0.000006
vertex 25.710840 14.423413 -0.000007
endloop
endfacet
facet normal -0.000000 0.000000 1.000000
outer loop
vertex 45.242809 38.734028 -0.000009
vertex 42.659492 38.670399 -0.000009
vertex 42.726814 35.950970 -0.000009
endloop
endfacet
facet normal -0.000000 0.000000 1.000000
outer loop
vertex 45.242809 38.734028 -0.000009
vertex 42.726814 35.950970 -0.000009
vertex 45.310131 36.014599 -0.000009
endloop
endfacet
facet normal -0.000000 0.000000 1.000000
outer loop
vertex 46.726448 -43.269238 4.479979
vertex 46.878563 -52.542381 4.479980
vertex 53.057568 -52.441914 4.479980
endloop
endfacet
facet normal 0.000000 0.000000 1.000000
outer loop
vertex 46.726448 -43.269238 4.479979
vertex 53.057568 -52.441914 4.479980
vertex 52.905457 -43.168770 4.479979
endloop
endfacet
facet normal -0.999866 -0.016401 0.000000
outer loop
vertex 46.878563 -52.542381 -0.000002
vertex 46.878563 -52.542381 4.479980
vertex 46.726448 -43.269238 4.479979
endloop
endfacet
facet normal -0.999865 -0.016402 0.000000
outer loop
vertex 46.878563 -52.542381 -0.000002
vertex 46.726448 -43.269238 4.479979
vertex 46.726448 -43.269238 -0.000002
endloop
endfacet
facet normal 0.016257 -0.999868 0.000000
outer loop
vertex 53.057568 -52.441914 -0.000002
vertex 53.057568 -52.441914 4.479980
vertex 46.878563 -52.542381 4.479980
endloop
endfacet
facet normal 0.016257 -0.999868 0.000000
outer loop
vertex 53.057568 -52.441914 -0.000002
vertex 46.878563 -52.542381 4.479980
vertex 46.878563 -52.542381 -0.000002
endloop
endfacet
facet normal 0.999865 0.016402 0.000000
outer loop
vertex 52.905457 -43.168770 -0.000002
vertex 52.905457 -43.168770 4.479979
vertex 53.057568 -52.441914 4.479980
endloop
endfacet
facet normal 0.999865 0.016401 0.000000
outer loop
vertex 52.905457 -43.168770 -0.000002
vertex 53.057568 -52.441914 4.479980
vertex 53.057568 -52.441914 -0.000002
endloop
endfacet
facet normal -0.016257 0.999868 0.000000
outer loop
vertex 46.726448 -43.269238 -0.000002
vertex 46.726448 -43.269238 4.479979
vertex 52.905457 -43.168770 4.479979
endloop
endfacet
facet normal -0.016257 0.999868 0.000000
outer loop
vertex 46.726448 -43.269238 -0.000002
vertex 52.905457 -43.168770 4.479979
vertex 52.905457 -43.168770 -0.000002
endloop
endfacet
facet normal -0.000000 0.000000 1.000000
outer loop
vertex 53.286980 -70.579521 -0.000000
vertex 53.057568 -52.441914 -0.000002
vertex 46.878563 -52.542381 -0.000002
endloop
endfacet
facet normal -0.000000 0.000000 1.000000
outer loop
vertex 46.878563 -52.542381 -0.000002
vertex 46.150455 -52.555779 -0.000002
vertex 46.447189 -70.659889 -0.000000
endloop
endfacet
facet normal 0.000000 0.000000 1.000000
outer loop
vertex 46.447189 -70.659889 -0.000000
vertex 47.963257 -70.643150 -0.000000
vertex 53.286980 -70.579521 -0.000000
endloop
endfacet
facet normal -0.000000 0.000000 1.000000
outer loop
vertex 46.878563 -52.542381 -0.000002
vertex 46.447189 -70.659889 -0.000000
vertex 53.286980 -70.579521 -0.000000
endloop
endfacet
facet normal -0.000000 0.000000 1.000000
outer loop
vertex -37.615250 -45.760834 0.671995
vertex -37.460648 -54.745964 0.671996
vertex -33.032127 -54.682335 0.671996
endloop
endfacet
facet normal 0.000000 0.000000 1.000000
outer loop
vertex -37.615250 -45.760834 0.671995
vertex -33.032127 -54.682335 0.671996
vertex -33.134365 -45.677109 0.671995
endloop
endfacet
facet normal -0.999852 -0.017203 0.000000
outer loop
vertex -37.460648 -54.745964 -0.000002
vertex -37.460648 -54.745964 0.671996
vertex -37.615250 -45.760834 0.671995
endloop
endfacet
facet normal -0.999852 -0.017205 0.000000
outer loop
vertex -37.460648 -54.745964 -0.000002
vertex -37.615250 -45.760834 0.671995
vertex -37.615250 -45.760834 -0.000002
endloop
endfacet
facet normal 0.014367 -0.999897 0.000000
outer loop
vertex -33.032127 -54.682335 -0.000002
vertex -33.032127 -54.682335 0.671996
vertex -37.460648 -54.745964 0.671996
endloop
endfacet
facet normal 0.014367 -0.999897 0.000000
outer loop
vertex -33.032127 -54.682335 -0.000002
vertex -37.460648 -54.745964 0.671996
vertex -37.460648 -54.745964 -0.000002
endloop
endfacet
facet normal 0.999936 0.011353 0.000000
outer loop
vertex -33.134365 -45.677109 -0.000002
vertex -33.134365 -45.677109 0.671995
vertex -33.032127 -54.682335 0.671996
endloop
endfacet
facet normal 0.999936 0.011352 0.000000
outer loop
vertex -33.134365 -45.677109 -0.000002
vertex -33.032127 -54.682335 0.671996
vertex -33.032127 -54.682335 -0.000002
endloop
endfacet
facet normal -0.018682 0.999826 0.000000
outer loop
vertex -37.615250 -45.760834 -0.000002
vertex -37.615250 -45.760834 0.671995
vertex -33.134365 -45.677109 0.671995
endloop
endfacet
facet normal -0.018682 0.999826 0.000000
outer loop
vertex -37.615250 -45.760834 -0.000002
vertex -33.134365 -45.677109 0.671995
vertex -33.134365 -45.677109 -0.000002
endloop
endfacet
facet normal 0.000002 0.000000 1.000000
outer loop
vertex -70.071243 64.351067 27.775875
vertex -72.066101 64.253937 27.775875
vertex -71.876579 46.232567 27.775877
endloop
endfacet
facet normal 0.000000 0.000000 1.000000
outer loop
vertex -71.876579 46.232567 27.775877
vertex -59.912537 46.366524 27.775877
vertex -60.196800 64.401306 27.775875
endloop
endfacet
facet normal -0.000000 0.000000 1.000000
outer loop
vertex -71.876579 46.232567 27.775877
vertex -60.196800 64.401306 27.775875
vertex -70.071243 64.351067 27.775875
endloop
endfacet
facet normal -0.999945 -0.010517 0.000000
outer loop
vertex -71.876579 46.232567 -0.000009
vertex -71.876579 46.232567 27.775877
vertex -72.066101 64.253937 27.775875
endloop
endfacet
facet normal -0.999945 -0.010515 0.000000
outer loop
vertex -71.876579 46.232567 -0.000009
vertex -72.066101 64.253937 27.775875
vertex -72.066101 64.253937 -0.000011
endloop
endfacet
facet normal 0.011196 -0.999937 0.000000
outer loop
vertex -59.912537 46.366524 -0.000009
vertex -59.912537 46.366524 27.775877
vertex -71.876579 46.232567 27.775877
endloop
endfacet
facet normal 0.011196 -0.999937 0.000000
outer loop
vertex -59.912537 46.366524 -0.000009
vertex -71.876579 46.232567 27.775877
vertex -71.876579 46.232567 -0.000009
endloop
endfacet
facet normal 0.999876 0.015760 0.000000
outer loop
vertex -60.196800 64.401306 -0.000011
vertex -60.196800 64.401306 27.775875
vertex -59.912537 46.366524 27.775877
endloop
endfacet
facet normal 0.999876 0.015760 0.000000
outer loop
vertex -60.196800 64.401306 -0.000011
vertex -59.912537 46.366524 27.775877
vertex -59.912537 46.366524 -0.000009
endloop
endfacet
facet normal -0.005088 0.999987 0.000000
outer loop
vertex -70.071243 64.351067 -0.000011
vertex -70.071243 64.351067 27.775875
vertex -60.196800 64.401306 27.775875
endloop
endfacet
facet normal -0.005088 0.999987 0.000000
outer loop
vertex -70.071243 64.351067 -0.000011
vertex -60.196800 64.401306 27.775875
vertex -60.196800 64.401306 -0.000011
endloop
endfacet
facet normal -0.048632 0.998817 0.000000
outer loop
vertex -72.066101 64.253937 -0.000011
vertex -72.066101 64.253937 27.775875
vertex -70.071243 64.351067 27.775875
endloop
endfacet
facet normal -0.048632 0.998817 0.000000
outer loop
vertex -72.066101 64.253937 -0.000011
vertex -70.071243 64.351067 27.775875
vertex -70.071243 64.351067 -0.000011
endloop
endfacet
facet normal 0.000000 0.000000 1.000000
outer loop
vertex -78.132889 64.186958 36.713440
vertex -90.057037 63.945831 36.713440
vertex -89.790222 45.897663 36.713440
endloop
endfacet
facet normal 0.000001 0.000000 1.000000
outer loop
vertex -77.943367 46.168941 36.713440
vertex -71.876579 46.232567 36.713440
vertex -72.066101 64.253937 36.713440
endloop
endfacet
facet normal 0.000000 0.000000 1.000000
outer loop
vertex -78.132889 64.186958 36.713440
vertex -89.790222 45.897663 36.713440
vertex -77.943367 46.168941 36.713440
endloop
endfacet
facet normal -0.000001 0.000000 1.000000
outer loop
vertex -77.943367 46.168941 36.713440
vertex -72.066101 64.253937 36.713440
vertex -78.132889 64.186958 36.713440
endloop
endfacet
facet normal -0.999891 -0.014782 0.000000
outer loop
vertex -89.790222 45.897663 -0.000009
vertex -89.790222 45.897663 36.713440
vertex -90.057037 63.945831 36.713440
endloop
endfacet
facet normal -0.999891 -0.014783 0.000000
outer loop
vertex -89.790222 45.897663 -0.000009
vertex -90.057037 63.945831 36.713440
vertex -90.057037 63.945831 -0.000011
endloop
endfacet
facet normal 0.022893 -0.999738 0.000000
outer loop
vertex -77.943367 46.168941 -0.000009
vertex -77.943367 46.168941 36.713440
vertex -89.790222 45.897663 36.713440
endloop
endfacet
facet normal 0.022893 -0.999738 0.000000
outer loop
vertex -77.943367 46.168941 -0.000009
vertex -89.790222 45.897663 36.713440
vertex -89.790222 45.897663 -0.000009
endloop
endfacet
facet normal 0.010487 -0.999945 0.000000
outer loop
vertex -71.876579 46.232567 -0.000009
vertex -71.876579 46.232567 36.713440
vertex -77.943367 46.168941 36.713440
endloop
endfacet
facet normal 0.010487 -0.999945 0.000000
outer loop
vertex -71.876579 46.232567 -0.000009
vertex -77.943367 46.168941 36.713440
vertex -77.943367 46.168941 -0.000009
endloop
endfacet
facet normal 0.999945 0.010516 0.000000
outer loop
vertex -72.066101 64.253937 -0.000011
vertex -72.066101 64.253937 36.713440
vertex -71.876579 46.232567 36.713440
endloop
endfacet
facet normal 0.999945 0.010517 0.000000
outer loop
vertex -72.066101 64.253937 -0.000011
vertex -71.876579 46.232567 36.713440
vertex -71.876579 46.232567 -0.000009
endloop
endfacet
facet normal -0.011040 0.999939 0.000000
outer loop
vertex -78.132889 64.186958 -0.000011
vertex -78.132889 64.186958 36.713440
vertex -72.066101 64.253937 36.713440
endloop
endfacet
facet normal -0.011040 0.999939 0.000000
outer loop
vertex -78.132889 64.186958 -0.000011
vertex -72.066101 64.253937 36.713440
vertex -72.066101 64.253937 -0.000011
endloop
endfacet
facet normal -0.020218 0.999796 0.000000
outer loop
vertex -90.057037 63.945831 -0.000011
vertex -90.057037 63.945831 36.713440
vertex -78.132889 64.186958 36.713440
endloop
endfacet
facet normal -0.020218 0.999796 0.000000
outer loop
vertex -90.057037 63.945831 -0.000011
vertex -78.132889 64.186958 36.713440
vertex -78.132889 64.186958 -0.000011
endloop
endfacet
facet normal -0.999770 -0.021429 0.000000
outer loop
vertex 100.487320 7.346962 -0.000006
vertex 100.487320 7.346962 12.767941
vertex 100.250435 18.398693 12.767941
endloop
endfacet
facet normal -0.999770 -0.021430 0.000000
outer loop
vertex 100.487320 7.346962 -0.000006
vertex 100.250435 18.398693 12.767941
vertex 100.250435 18.398693 -0.000007
endloop
endfacet
facet normal 0.021468 -0.999770 0.000000
outer loop
vertex 113.900101 7.634980 -0.000006
vertex 100.487320 7.346962 12.767941
vertex 100.487320 7.346962 -0.000006
endloop
endfacet
facet normal 0.000000 0.000000 1.000000
outer loop
vertex 67.028908 107.159569 16.127920
vertex 56.663239 106.961967 16.127920
vertex 57.239258 90.842537 16.127922
endloop
endfacet
facet normal 0.000000 0.000000 1.000000
outer loop
vertex 57.239258 90.842537 16.127922
vertex 62.971905 90.825790 16.127922
vertex 62.902100 92.795082 16.127922
endloop
endfacet
facet normal 0.000000 0.000000 1.000000
outer loop
vertex 62.902100 92.795082 16.127922
vertex 67.300705 92.878807 16.127922
vertex 67.028908 107.159569 16.127920
endloop
endfacet
facet normal 0.000000 0.000000 1.000000
outer loop
vertex 57.239258 90.842537 16.127922
vertex 62.902100 92.795082 16.127922
vertex 67.028908 107.159569 16.127920
endloop
endfacet
facet normal -0.999362 -0.035712 0.000000
outer loop
vertex 57.239258 90.842537 -0.000013
vertex 57.239258 90.842537 16.127922
vertex 56.663239 106.961967 16.127920
endloop
endfacet
facet normal -0.999362 -0.035712 0.000000
outer loop
vertex 57.239258 90.842537 -0.000013
vertex 56.663239 106.961967 16.127920
vertex 56.663239 106.961967 -0.000014
endloop
endfacet
facet normal -0.002921 -0.999996 0.000000
outer loop
vertex 62.971905 90.825790 -0.000013
vertex 62.971905 90.825790 16.127922
vertex 57.239258 90.842537 16.127922
endloop
endfacet
facet normal -0.002921 -0.999996 0.000000
outer loop
vertex 62.971905 90.825790 -0.000013
vertex 57.239258 90.842537 16.127922
vertex 57.239258 90.842537 -0.000013
endloop
endfacet
facet normal 0.999372 0.035426 0.000000
outer loop
vertex 62.902100 92.795082 -0.000013
vertex 62.902100 92.795082 16.127922
vertex 62.971905 90.825790 16.127922
endloop
endfacet
facet normal 0.999372 0.035422 0.000000
outer loop
vertex 62.902100 92.795082 -0.000013
vertex 62.971905 90.825790 16.127922
vertex 62.971905 90.825790 -0.000013
endloop
endfacet
facet normal 0.019031 -0.999819 0.000000
outer loop
vertex 67.300705 92.878807 -0.000013
vertex 67.300705 92.878807 16.127922
vertex 62.902100 92.795082 16.127922
endloop
endfacet
facet normal 0.019031 -0.999819 0.000000
outer loop
vertex 67.300705 92.878807 -0.000013
vertex 62.902100 92.795082 16.127922
vertex 62.902100 92.795082 -0.000013
endloop
endfacet
facet normal 0.999819 0.019030 0.000000
outer loop
vertex 67.028908 107.159569 -0.000014
vertex 67.028908 107.159569 16.127920
vertex 67.300705 92.878807 16.127922
endloop
endfacet
facet normal 0.999819 0.019029 0.000000
outer loop
vertex 67.028908 107.159569 -0.000014
vertex 67.300705 92.878807 16.127922
vertex 67.300705 92.878807 -0.000013
endloop
endfacet
facet normal -0.019060 0.999818 0.000000
outer loop
vertex 56.663239 106.961967 -0.000014
vertex 56.663239 106.961967 16.127920
vertex 67.028908 107.159569 16.127920
endloop
endfacet
facet normal -0.019060 0.999818 0.000000
outer loop
vertex 56.663239 106.961967 -0.000014
vertex 67.028908 107.159569 16.127920
vertex 67.028908 107.159569 -0.000014
endloop
endfacet
facet normal 0.000000 0.000000 1.000000
outer loop
vertex 75.417198 108.157608 14.111929
vertex 67.617401 108.080582 14.111929
vertex 67.789444 90.460739 14.111929
endloop
endfacet
facet normal 0.000000 0.000000 1.000000
outer loop
vertex 67.789444 90.460739 14.111929
vertex 75.589249 90.537766 14.111929
vertex 75.624161 92.999374 14.111929
endloop
endfacet
facet normal 0.000000 0.000000 1.000000
outer loop
vertex 75.501991 99.627327 14.111929
vertex 75.417198 108.157608 14.111929
vertex 67.789444 90.460739 14.111929
endloop
endfacet
facet normal -0.000000 0.000000 1.000000
outer loop
vertex 67.789444 90.460739 14.111929
vertex 75.624161 92.999374 14.111929
vertex 75.501991 99.627327 14.111929
endloop
endfacet
facet normal -0.999952 -0.009764 0.000000
outer loop
vertex 67.789444 90.460739 -0.000013
vertex 67.789444 90.460739 14.111929
vertex 67.617401 108.080582 14.111929
endloop
endfacet
facet normal -0.999952 -0.009763 0.000000
outer loop
vertex 67.789444 90.460739 -0.000013
vertex 67.617401 108.080582 14.111929
vertex 67.617401 108.080582 -0.000014
endloop
endfacet
facet normal 0.009875 -0.999951 0.000000
outer loop
vertex 75.589249 90.537766 -0.000013
vertex 75.589249 90.537766 14.111929
vertex 67.789444 90.460739 14.111929
endloop
endfacet
facet normal 0.009875 -0.999951 0.000000
outer loop
vertex 75.589249 90.537766 -0.000013
vertex 67.789444 90.460739 14.111929
vertex 67.789444 90.460739 -0.000013
endloop
endfacet
facet normal 0.999899 -0.014181 0.000000
outer loop
vertex 75.624161 92.999374 -0.000013
vertex 75.624161 92.999374 14.111929
vertex 75.589249 90.537766 14.111929
endloop
endfacet
facet normal 0.999899 -0.014181 0.000000
outer loop
vertex 75.624161 92.999374 -0.000013
vertex 75.589249 90.537766 14.111929
vertex 75.589249 90.537766 -0.000013
endloop
endfacet
facet normal 0.999830 0.018430 0.000000
outer loop
vertex 75.501991 99.627327 -0.000013
vertex 75.501991 99.627327 14.111929
vertex 75.624161 92.999374 14.111929
endloop
endfacet
facet normal 0.999830 0.018427 0.000000
outer loop
vertex 75.501991 99.627327 -0.000013
vertex 75.624161 92.999374 14.111929
vertex 75.624161 92.999374 -0.000013
endloop
endfacet
facet normal 0.999951 0.009939 0.000000
outer loop
vertex 75.417198 108.157608 -0.000014
vertex 75.417198 108.157608 14.111929
vertex 75.501991 99.627327 14.111929
endloop
endfacet
facet normal 0.999951 0.009939 0.000000
outer loop
vertex 75.417198 108.157608 -0.000014
vertex 75.501991 99.627327 14.111929
vertex 75.501991 99.627327 -0.000013
endloop
endfacet
facet normal -0.009875 0.999951 0.000000
outer loop
vertex 67.617401 108.080582 -0.000014
vertex 67.617401 108.080582 14.111929
vertex 75.417198 108.157608 14.111929
endloop
endfacet
facet normal -0.009875 0.999951 0.000000
outer loop
vertex 67.617401 108.080582 -0.000014
vertex 75.417198 108.157608 14.111929
vertex 75.417198 108.157608 -0.000014
endloop
endfacet
facet normal 0.000000 0.000000 1.000000
outer loop
vertex 59.847511 64.803192 39.871826
vertex 57.675606 64.829987 39.871826
vertex 57.678123 64.307533 39.871826
endloop
endfacet
facet normal 0.000001 0.000000 1.000000
outer loop
vertex 57.678123 64.307533 39.871826
vertex 57.720505 49.310356 39.871826
vertex 59.959705 49.236679 39.871826
endloop
endfacet
facet normal 0.000000 0.000000 1.000000
outer loop
vertex 59.959705 49.236679 39.871826
vertex 59.877426 47.803284 39.871826
vertex 72.631920 48.044415 39.871826
endloop
endfacet
facet normal 0.000000 0.000000 1.000000
outer loop
vertex 72.631920 48.044415 39.871826
vertex 90.291206 48.265446 39.871826
vertex 90.069290 65.998817 39.871826
endloop
endfacet
facet normal 0.000000 0.000000 1.000000
outer loop
vertex 90.069290 65.998817 39.871826
vertex 72.409973 65.777771 39.871826
vertex 59.977177 65.546692 39.871826
endloop
endfacet
facet normal 0.000000 0.000000 1.000000
outer loop
vertex 59.847511 64.803192 39.871826
vertex 57.678123 64.307533 39.871826
vertex 59.959705 49.236679 39.871826
endloop
endfacet
facet normal 0.000000 0.000000 1.000000
outer loop
vertex 90.069290 65.998817 39.871826
vertex 59.977177 65.546692 39.871826
vertex 59.847511 64.803192 39.871826
endloop
endfacet
facet normal 0.000000 0.000000 1.000000
outer loop
vertex 59.959705 49.236679 39.871826
vertex 72.631920 48.044415 39.871826
vertex 90.069290 65.998817 39.871826
endloop
endfacet
facet normal -0.000000 0.000000 1.000000
outer loop
vertex 59.959705 49.236679 39.871826
vertex 90.069290 65.998817 39.871826
vertex 59.847511 64.803192 39.871826
endloop
endfacet
facet normal -0.999988 -0.004805 0.000000
outer loop
vertex 57.678123 64.307533 -0.000011
vertex 57.678123 64.307533 39.871826
vertex 57.675606 64.829987 39.871826
endloop
endfacet
facet normal -0.999988 -0.004829 0.000000
outer loop
vertex 57.678123 64.307533 -0.000011
vertex 57.675606 64.829987 39.871826
vertex 57.675606 64.829987 -0.000011
endloop
endfacet
facet normal -0.999996 -0.002826 0.000000
outer loop
vertex 57.720505 49.310356 -0.000009
vertex 57.720505 49.310356 39.871826
vertex 57.678123 64.307533 39.871826
endloop
endfacet
facet normal -0.999996 -0.002825 0.000000
outer loop
vertex 57.720505 49.310356 -0.000009
vertex 57.678123 64.307533 39.871826
vertex 57.678123 64.307533 -0.000011
endloop
endfacet
facet normal -0.032885 -0.999459 0.000000
outer loop
vertex 59.959705 49.236679 -0.000009
vertex 59.959705 49.236679 39.871826
vertex 57.720505 49.310356 39.871826
endloop
endfacet
facet normal -0.032886 -0.999459 0.000000
outer loop
vertex 59.959705 49.236679 -0.000009
vertex 57.720505 49.310356 39.871826
vertex 57.720505 49.310356 -0.000009
endloop
endfacet
facet normal -0.998357 0.057301 0.000000
outer loop
vertex 59.877426 47.803284 -0.000009
vertex 59.877426 47.803284 39.871826
vertex 59.959705 49.236679 39.871826
endloop
endfacet
facet normal -0.998356 0.057310 0.000000
outer loop
vertex 59.877426 47.803284 -0.000009
vertex 59.959705 49.236679 39.871826
vertex 59.959705 49.236679 -0.000009
endloop
endfacet
facet normal 0.018902 -0.999821 0.000000
outer loop
vertex 72.631920 48.044415 -0.000009
vertex 72.631920 48.044415 39.871826
vertex 59.877426 47.803284 39.871826
endloop
endfacet
facet normal 0.018902 -0.999821 0.000000
outer loop
vertex 72.631920 48.044415 -0.000009
vertex 59.877426 47.803284 39.871826
vertex 59.877426 47.803284 -0.000009
endloop
endfacet
facet normal 0.012515 -0.999922 0.000000
outer loop
vertex 90.291206 48.265446 -0.000009
vertex 90.291206 48.265446 39.871826
vertex 72.631920 48.044415 39.871826
endloop
endfacet
facet normal 0.012515 -0.999922 0.000000
outer loop
vertex 90.291206 48.265446 -0.000009
vertex 72.631920 48.044415 39.871826
vertex 72.631920 48.044415 -0.000009
endloop
endfacet
facet normal 0.999922 0.012514 0.000000
outer loop
vertex 90.069290 65.998817 -0.000011
vertex 90.069290 65.998817 39.871826
vertex 90.291206 48.265446 39.871826
endloop
endfacet
facet normal 0.999922 0.012512 0.000000
outer loop
vertex 90.069290 65.998817 -0.000011
vertex 90.291206 48.265446 39.871826
vertex 90.291206 48.265446 -0.000009
endloop
endfacet
facet normal -0.012516 0.999922 0.000000
outer loop
vertex 72.409973 65.777771 -0.000011
vertex 72.409973 65.777771 39.871826
vertex 90.069290 65.998817 39.871826
endloop
endfacet
facet normal -0.012516 0.999922 0.000000
outer loop
vertex 72.409973 65.777771 -0.000011
vertex 90.069290 65.998817 39.871826
vertex 90.069290 65.998817 -0.000011
endloop
endfacet
facet normal -0.018583 0.999827 0.000000
outer loop
vertex 59.977177 65.546692 -0.000011
vertex 59.977177 65.546692 39.871826
vertex 72.409973 65.777771 39.871826
endloop
endfacet
facet normal -0.018583 0.999827 0.000000
outer loop
vertex 59.977177 65.546692 -0.000011
vertex 72.409973 65.777771 39.871826
vertex 72.409973 65.777771 -0.000011
endloop
endfacet
facet normal -0.985129 0.171819 0.000000
outer loop
vertex 59.847511 64.803192 -0.000011
vertex 59.847511 64.803192 39.871826
vertex 59.977177 65.546692 39.871826
endloop
endfacet
facet normal -0.985134 0.171787 0.000000
outer loop
vertex 59.847511 64.803192 -0.000011
vertex 59.977177 65.546692 39.871826
vertex 59.977177 65.546692 -0.000011
endloop
endfacet
facet normal 0.012336 0.999924 0.000000
outer loop
vertex 57.675606 64.829987 -0.000011
vertex 57.675606 64.829987 39.871826
vertex 59.847511 64.803192 39.871826
endloop
endfacet
facet normal 0.012336 0.999924 0.000000
outer loop
vertex 57.675606 64.829987 -0.000011
vertex 59.847511 64.803192 39.871826
vertex 59.847511 64.803192 -0.000011
endloop
endfacet
facet normal -0.000000 0.000000 1.000000
outer loop
vertex 42.524826 104.168777 -0.000014
vertex 42.627064 96.117424 -0.000013
vertex 45.143063 96.150909 -0.000013
endloop
endfacet
facet normal -0.000000 0.000000 1.000000
outer loop
vertex 42.524826 104.168777 -0.000014
vertex 45.143063 96.150909 -0.000013
vertex 45.040825 104.202255 -0.000014
endloop
endfacet
facet normal 0.017690 -0.999843 0.000000
outer loop
vertex -97.981522 107.313622 -0.000014
vertex -97.981522 107.313622 17.471914
vertex -104.796379 107.193047 17.471914
endloop
endfacet
facet normal 0.017690 -0.999843 0.000000
outer loop
vertex -97.981522 107.313622 -0.000014
vertex -104.796379 107.193047 17.471914
vertex -104.796379 107.193047 -0.000014
endloop
endfacet
facet normal 0.000000 0.000000 1.000000
outer loop
vertex -89.044640 89.040703 24.079889
vertex -78.237610 89.174675 24.079889
vertex -78.265038 91.328163 24.079889
endloop
endfacet
facet normal 0.000000 0.000000 1.000000
outer loop
vertex -78.265038 91.328163 24.079889
vertex -76.265236 91.354942 24.079889
vertex -76.407364 102.651596 24.079887
endloop
endfacet
facet normal -0.000000 0.000000 1.000000
outer loop
vertex -78.594200 102.621468 24.079887
vertex -78.634094 105.906982 24.079887
vertex -89.256607 105.769661 24.079887
endloop
endfacet
facet normal -0.000000 0.000000 1.000000
outer loop
vertex -78.265038 91.328163 24.079889
vertex -76.407364 102.651596 24.079887
vertex -78.594200 102.621468 24.079887
endloop
endfacet
facet normal -0.000000 0.000000 1.000000
outer loop
vertex -89.256607 105.769661 24.079887
vertex -89.044640 89.040703 24.079889
vertex -78.265038 91.328163 24.079889
endloop
endfacet
facet normal -0.000000 0.000000 1.000000
outer loop
vertex -78.265038 91.328163 24.079889
vertex -78.594200 102.621468 24.079887
vertex -89.256607 105.769661 24.079887
endloop
endfacet
facet normal 0.999919 0.012734 0.000000
outer loop
vertex -78.265038 91.328163 -0.000013
vertex -78.265038 91.328163 24.079889
vertex -78.237610 89.174675 24.079889
endloop
endfacet
facet normal 0.999919 0.012739 0.000000
outer loop
vertex -78.265038 91.328163 -0.000013
vertex -78.237610 89.174675 24.079889
vertex -78.237610 89.174675 -0.000013
endloop
endfacet
facet normal 0.013390 -0.999910 0.000000
outer loop
vertex -76.265236 91.354942 -0.000013
vertex -76.265236 91.354942 24.079889
vertex -78.265038 91.328163 24.079889
endloop
endfacet
facet normal 0.013390 -0.999910 0.000000
outer loop
vertex -76.265236 91.354942 -0.000013
vertex -78.265038 91.328163 24.079889
vertex -78.265038 91.328163 -0.000013
endloop
endfacet
facet normal 0.999921 0.012579 0.000000
outer loop
vertex -76.407364 102.651596 -0.000013
vertex -76.407364 102.651596 24.079887
vertex -76.265236 91.354942 24.079889
endloop
endfacet
facet normal 0.999921 0.012580 0.000000
outer loop
vertex -76.407364 102.651596 -0.000013
vertex -76.265236 91.354942 24.079889
vertex -76.265236 91.354942 -0.000013
endloop
endfacet
facet normal -0.013776 0.999905 0.000000
outer loop
vertex -78.594200 102.621468 -0.000013
vertex -78.594200 102.621468 24.079887
vertex -76.407364 102.651596 24.079887
endloop
endfacet
facet normal -0.013776 0.999905 0.000000
outer loop
vertex -78.594200 102.621468 -0.000013
vertex -76.407364 102.651596 24.079887
vertex -76.407364 102.651596 -0.000013
endloop
endfacet
facet normal 0.999926 0.012139 0.000000
outer loop
vertex -78.634094 105.906982 -0.000014
vertex -78.634094 105.906982 24.079887
vertex -78.594200 102.621468 24.079887
endloop
endfacet
facet normal 0.999926 0.012145 0.000000
outer loop
vertex -78.634094 105.906982 -0.000014
vertex -78.594200 102.621468 24.079887
vertex -78.594200 102.621468 -0.000013
endloop
endfacet
facet normal -0.012926 0.999917 0.000000
outer loop
vertex -89.256607 105.769661 -0.000014
vertex -89.256607 105.769661 24.079887
vertex -78.634094 105.906982 24.079887
endloop
endfacet
facet normal -0.012926 0.999917 0.000000
outer loop
vertex -89.256607 105.769661 -0.000014
vertex -78.634094 105.906982 24.079887
vertex -78.634094 105.906982 -0.000014
endloop
endfacet
facet normal -0.999920 -0.012669 0.000000
outer loop
vertex -89.044640 89.040703 -0.000013
vertex -89.044640 89.040703 24.079889
vertex -89.256607 105.769661 24.079887
endloop
endfacet
facet normal -0.999920 -0.012671 0.000000
outer loop
vertex -89.044640 89.040703 -0.000013
vertex -89.256607 105.769661 24.079887
vertex -89.256607 105.769661 -0.000014
endloop
endfacet
facet normal 0.012396 -0.999923 0.000000
outer loop
vertex -78.237610 89.174675 -0.000013
vertex -78.237610 89.174675 24.079889
vertex -89.044640 89.040703 24.079889
endloop
endfacet
facet normal 0.012396 -0.999923 0.000000
outer loop
vertex -78.237610 89.174675 -0.000013
vertex -89.044640 89.040703 24.079889
vertex -89.044640 89.040703 -0.000013
endloop
endfacet
facet normal 0.000000 0.000000 1.000000
outer loop
vertex 6.894562 82.372597 15.455925
vertex 5.874699 82.355850 15.455925
vertex 6.114065 68.912529 15.455927
endloop
endfacet
facet normal 0.000000 0.000000 1.000000
outer loop
vertex 7.079076 68.929276 15.455927
vertex 7.089057 68.413521 15.455927
vertex 13.539859 68.530731 15.455927
endloop
endfacet
facet normal 0.000000 0.000000 1.000000
outer loop
vertex 6.894562 82.372597 15.455925
vertex 6.114065 68.912529 15.455927
vertex 7.079076 68.929276 15.455927
endloop
endfacet
facet normal 0.000000 0.000000 1.000000
outer loop
vertex 13.265547 83.799324 15.455925
vertex 6.872112 83.682098 15.455925
vertex 6.894562 82.372597 15.455925
endloop
endfacet
facet normal 0.000000 0.000000 1.000000
outer loop
vertex 7.079076 68.929276 15.455927
vertex 13.539859 68.530731 15.455927
vertex 13.265547 83.799324 15.455925
endloop
endfacet
facet normal -0.000000 0.000000 1.000000
outer loop
vertex 7.079076 68.929276 15.455927
vertex 13.265547 83.799324 15.455925
vertex 6.894562 82.372597 15.455925
endloop
endfacet
facet normal -0.999842 -0.017803 0.000000
outer loop
vertex 6.114065 68.912529 -0.000011
vertex 6.114065 68.912529 15.455927
vertex 5.874699 82.355850 15.455925
endloop
endfacet
facet normal -0.999842 -0.017803 0.000000
outer loop
vertex 6.114065 68.912529 -0.000011
vertex 5.874699 82.355850 15.455925
vertex 5.874699 82.355850 -0.000012
endloop
endfacet
facet normal 0.017351 -0.999849 0.000000
outer loop
vertex 7.079076 68.929276 -0.000011
vertex 7.079076 68.929276 15.455927
vertex 6.114065 68.912529 15.455927
endloop
endfacet
facet normal 0.017351 -0.999849 0.000000
outer loop
vertex 7.079076 68.929276 -0.000011
vertex 6.114065 68.912529 15.455927
vertex 6.114065 68.912529 -0.000011
endloop
endfacet
facet normal -0.999813 -0.019349 0.000000
outer loop
vertex 7.089057 68.413521 -0.000011
vertex 7.089057 68.413521 15.455927
vertex 7.079076 68.929276 15.455927
endloop
endfacet
facet normal -0.999813 -0.019347 0.000000
outer loop
vertex 7.089057 68.413521 -0.000011
vertex 7.079076 68.929276 15.455927
vertex 7.079076 68.929276 -0.000011
endloop
endfacet
facet normal 0.018167 -0.999835 0.000000
outer loop
vertex 13.539859 68.530731 -0.000011
vertex 13.539859 68.530731 15.455927
vertex 7.089057 68.413521 15.455927
endloop
endfacet
facet normal 0.018167 -0.999835 0.000000
outer loop
vertex 13.539859 68.530731 -0.000011
vertex 7.089057 68.413521 15.455927
vertex 7.089057 68.413521 -0.000011
endloop
endfacet
facet normal 0.999839 0.017963 0.000000
outer loop
vertex 13.265547 83.799324 -0.000012
vertex 13.265547 83.799324 15.455925
vertex 13.539859 68.530731 15.455927
endloop
endfacet
facet normal 0.999839 0.017963 0.000000
outer loop
vertex 13.265547 83.799324 -0.000012
vertex 13.539859 68.530731 15.455927
vertex 13.539859 68.530731 -0.000011
endloop
endfacet
facet normal -0.018332 0.999832 0.000000
outer loop
vertex 6.872112 83.682098 -0.000012
vertex 6.872112 83.682098 15.455925
vertex 13.265547 83.799324 15.455925
endloop
endfacet
facet normal -0.018332 0.999832 0.000000
outer loop
vertex 6.872112 83.682098 -0.000012
vertex 13.265547 83.799324 15.455925
vertex 13.265547 83.799324 -0.000012
endloop
endfacet
facet normal -0.999853 -0.017141 0.000000
outer loop
vertex 6.894562 82.372597 -0.000012
vertex 6.894562 82.372597 15.455925
vertex 6.872112 83.682098 15.455925
endloop
endfacet
facet normal -0.999853 -0.017141 0.000000
outer loop
vertex 6.894562 82.372597 -0.000012
vertex 6.872112 83.682098 15.455925
vertex 6.872112 83.682098 -0.000012
endloop
endfacet
facet normal -0.016418 0.999865 0.000000
outer loop
vertex 5.874699 82.355850 -0.000012
vertex 5.874699 82.355850 15.455925
vertex 6.894562 82.372597 15.455925
endloop
endfacet
facet normal -0.016418 0.999865 0.000000
outer loop
vertex 5.874699 82.355850 -0.000012
vertex 6.894562 82.372597 15.455925
vertex 6.894562 82.372597 -0.000012
endloop
endfacet
facet normal -0.001158 0.000007 0.999999
outer loop
vertex -3.027269 80.882233 13.439933
vertex -2.790391 67.589645 13.439934
vertex -2.767942 66.343773 13.439934
endloop
endfacet
facet normal -0.000000 0.000000 1.000000
outer loop
vertex -2.767942 66.343773 13.439934
vertex 6.156447 66.504524 13.439934
vertex 6.114065 68.912529 13.439934
endloop
endfacet
facet normal -0.000278 0.000001 1.000000
outer loop
vertex 6.114065 68.912529 13.439934
vertex 5.874699 82.355850 13.439933
vertex 5.849761 83.641922 13.439933
endloop
endfacet
facet normal 0.000000 0.000000 1.000000
outer loop
vertex 5.849761 83.641922 13.439933
vertex -3.074655 83.484505 13.439933
vertex -3.027269 80.882233 13.439933
endloop
endfacet
facet normal 0.000000 0.000000 1.000000
outer loop
vertex -3.027269 80.882233 13.439933
vertex -2.767942 66.343773 13.439934
vertex 6.114065 68.912529 13.439934
endloop
endfacet
facet normal 0.000000 0.000000 1.000000
outer loop
vertex -3.027269 80.882233 13.439933
vertex 6.114065 68.912529 13.439934
vertex 5.849761 83.641922 13.439933
endloop
endfacet
facet normal -0.999841 -0.017817 0.000000
outer loop
vertex -2.790391 67.589645 -0.000011
vertex -2.790391 67.589645 13.439934
vertex -3.027269 80.882233 13.439933
endloop
endfacet
facet normal -0.999841 -0.017817 0.000000
outer loop
vertex -2.790391 67.589645 -0.000011
vertex -3.027269 80.882233 13.439933
vertex -3.027269 80.882233 -0.000012
endloop
endfacet
facet normal -0.999838 -0.018016 0.000000
outer loop
vertex -2.767942 66.343773 -0.000011
vertex -2.767942 66.343773 13.439934
vertex -2.790391 67.589645 13.439934
endloop
endfacet
facet normal -0.999838 -0.018016 0.000000
outer loop
vertex -2.767942 66.343773 -0.000011
vertex -2.790391 67.589645 13.439934
vertex -2.790391 67.589645 -0.000011
endloop
endfacet
facet normal 0.018010 -0.999838 0.000000
outer loop
vertex 6.156447 66.504524 -0.000011
vertex 6.156447 66.504524 13.439934
vertex -2.767942 66.343773 13.439934
endloop
endfacet
facet normal 0.018010 -0.999838 0.000000
outer loop
vertex 6.156447 66.504524 -0.000011
vertex -2.767942 66.343773 13.439934
vertex -2.767942 66.343773 -0.000011
endloop
endfacet
facet normal 0.999845 0.017598 0.000000
outer loop
vertex 6.114065 68.912529 -0.000011
vertex 6.114065 68.912529 13.439934
vertex 6.156447 66.504524 13.439934
endloop
endfacet
facet normal 0.999845 0.017598 0.000000
outer loop
vertex 6.114065 68.912529 -0.000011
vertex 6.156447 66.504524 13.439934
vertex 6.156447 66.504524 -0.000011
endloop
endfacet
facet normal 0.999842 0.017803 0.000000
outer loop
vertex 5.874699 82.355850 -0.000012
vertex 5.874699 82.355850 13.439933
vertex 6.114065 68.912529 13.439934
endloop
endfacet
facet normal 0.999842 0.017803 0.000000
outer loop
vertex 5.874699 82.355850 -0.000012
vertex 6.114065 68.912529 13.439934
vertex 6.114065 68.912529 -0.000011
endloop
endfacet
facet normal 0.999812 0.019387 0.000000
outer loop
vertex 5.849761 83.641922 -0.000012
vertex 5.849761 83.641922 13.439933
vertex 5.874699 82.355850 13.439933
endloop
endfacet
facet normal 0.999812 0.019386 0.000000
outer loop
vertex 5.849761 83.641922 -0.000012
vertex 5.874699 82.355850 13.439933
vertex 5.874699 82.355850 -0.000012
endloop
endfacet
facet normal -0.017636 0.999844 0.000000
outer loop
vertex -3.074655 83.484505 -0.000012
vertex -3.074655 83.484505 13.439933
vertex 5.849761 83.641922 13.439933
endloop
endfacet
facet normal -0.017636 0.999844 0.000000
outer loop
vertex -3.074655 83.484505 -0.000012
vertex 5.849761 83.641922 13.439933
vertex 5.849761 83.641922 -0.000012
endloop
endfacet
facet normal -0.999834 -0.018207 0.000000
outer loop
vertex -3.027269 80.882233 -0.000012
vertex -3.027269 80.882233 13.439933
vertex -3.074655 83.484505 13.439933
endloop
endfacet
facet normal -0.999834 -0.018207 0.000000
outer loop
vertex -3.027269 80.882233 -0.000012
vertex -3.074655 83.484505 13.439933
vertex -3.074655 83.484505 -0.000012
endloop
endfacet
facet normal -0.000001 0.000000 1.000000
outer loop
vertex 52.406761 -71.775070 4.479981
vertex 53.301937 -71.761673 4.479981
vertex 53.286980 -70.579521 4.479981
endloop
endfacet
facet normal 0.000000 0.000000 1.000000
outer loop
vertex 53.286980 -70.579521 4.479981
vertex 47.963257 -70.643150 4.479981
vertex 47.978214 -71.845398 4.479981
endloop
endfacet
facet normal 0.000000 0.000000 1.000000
outer loop
vertex 47.978214 -71.845398 4.479981
vertex 48.484398 -71.838699 4.479981
vertex 52.406761 -71.775070 4.479981
endloop
endfacet
facet normal 0.000000 0.000000 1.000000
outer loop
vertex 52.406761 -71.775070 4.479981
vertex 53.286980 -70.579521 4.479981
vertex 47.978214 -71.845398 4.479981
endloop
endfacet
facet normal 0.014964 -0.999888 0.000000
outer loop
vertex 53.301937 -71.761673 -0.000000
vertex 53.301937 -71.761673 4.479981
vertex 52.406761 -71.775070 4.479981
endloop
endfacet
facet normal 0.014964 -0.999888 0.000000
outer loop
vertex 53.301937 -71.761673 -0.000000
vertex 52.406761 -71.775070 4.479981
vertex 52.406761 -71.775070 -0.000000
endloop
endfacet
facet normal 0.999920 0.012647 0.000000
outer loop
vertex 53.286980 -70.579521 -0.000000
vertex 53.286980 -70.579521 4.479981
vertex 53.301937 -71.761673 4.479981
endloop
endfacet
facet normal 0.999920 0.012653 0.000000
outer loop
vertex 53.286980 -70.579521 -0.000000
vertex 53.301937 -71.761673 4.479981
vertex 53.301937 -71.761673 -0.000000
endloop
endfacet
facet normal -0.011951 0.999929 0.000000
outer loop
vertex 47.963257 -70.643150 -0.000000
vertex 47.963257 -70.643150 4.479981
vertex 53.286980 -70.579521 4.479981
endloop
endfacet
facet normal -0.011951 0.999929 0.000000
outer loop
vertex 47.963257 -70.643150 -0.000000
vertex 53.286980 -70.579521 4.479981
vertex 53.286980 -70.579521 -0.000000
endloop
endfacet
facet normal -0.999923 -0.012447 0.000000
outer loop
vertex 47.978214 -71.845398 -0.000000
vertex 47.978214 -71.845398 4.479981
vertex 47.963257 -70.643150 4.479981
endloop
endfacet
facet normal -0.999923 -0.012430 0.000000
outer loop
vertex 47.978214 -71.845398 -0.000000
vertex 47.963257 -70.643150 4.479981
vertex 47.963257 -70.643150 -0.000000
endloop
endfacet
facet normal 0.013233 -0.999912 0.000000
outer loop
vertex 48.484398 -71.838699 -0.000000
vertex 48.484398 -71.838699 4.479981
vertex 47.978214 -71.845398 4.479981
endloop
endfacet
facet normal 0.013232 -0.999912 0.000000
outer loop
vertex 48.484398 -71.838699 -0.000000
vertex 47.978214 -71.845398 4.479981
vertex 47.978214 -71.845398 -0.000000
endloop
endfacet
facet normal 0.016220 -0.999868 0.000000
outer loop
vertex 52.406761 -71.775070 -0.000000
vertex 52.406761 -71.775070 4.479981
vertex 48.484398 -71.838699 4.479981
endloop
endfacet
facet normal 0.016220 -0.999868 0.000000
outer loop
vertex 52.406761 -71.775070 -0.000000
vertex 48.484398 -71.838699 4.479981
vertex 48.484398 -71.838699 -0.000000
endloop
endfacet
facet normal 0.000000 0.000000 1.000000
outer loop
vertex -89.323929 107.745667 6.047962
vertex -81.569000 107.842789 6.047962
vertex -81.591446 109.567612 6.047961
endloop
endfacet
facet normal 0.012523 -0.999922 0.000000
outer loop
vertex -81.569000 107.842789 -0.000014
vertex -81.569000 107.842789 6.047962
vertex -89.323929 107.745667 6.047962
endloop
endfacet
facet normal 0.012523 -0.999922 0.000000
outer loop
vertex -81.569000 107.842789 -0.000014
vertex -89.323929 107.745667 6.047962
vertex -89.323929 107.745667 -0.000014
endloop
endfacet
facet normal 0.999915 0.013013 0.000000
outer loop
vertex -81.591446 109.567612 -0.000014
vertex -81.591446 109.567612 6.047961
vertex -81.569000 107.842789 6.047962
endloop
endfacet
facet normal 0.999915 0.013011 0.000000
outer loop
vertex -81.591446 109.567612 -0.000014
vertex -81.569000 107.842789 6.047962
vertex -81.569000 107.842789 -0.000014
endloop
endfacet
facet normal 0.999897 0.014329 0.000000
outer loop
vertex -110.698616 61.018723 -0.000010
vertex -110.698616 61.018723 12.767938
vertex -110.479179 45.706764 12.767939
endloop
endfacet
facet normal 0.999897 0.014330 0.000000
outer loop
vertex -110.698616 61.018723 -0.000010
vertex -110.479179 45.706764 12.767939
vertex -110.479179 45.706764 -0.000009
endloop
endfacet
facet normal -0.000000 0.000000 1.000000
outer loop
vertex -3.264147 -52.917458 4.703979
vertex -2.939988 -77.096428 4.703981
vertex 6.181385 -76.831871 4.703981
endloop
endfacet
facet normal 0.000000 0.000000 1.000000
outer loop
vertex -3.264147 -52.917458 4.703979
vertex 6.181385 -76.831871 4.703981
vertex 5.642797 -52.699780 4.703979
endloop
endfacet
facet normal -0.999910 -0.013405 0.000000
outer loop
vertex -2.939988 -77.096428 0.000000
vertex -2.939988 -77.096428 4.703981
vertex -3.264147 -52.917458 4.703979
endloop
endfacet
facet normal -0.999910 -0.013405 0.000000
outer loop
vertex -2.939988 -77.096428 0.000000
vertex -3.264147 -52.917458 4.703979
vertex -3.264147 -52.917458 -0.000002
endloop
endfacet
facet normal 0.028992 -0.999580 0.000000
outer loop
vertex 6.181385 -76.831871 0.000000
vertex 6.181385 -76.831871 4.703981
vertex -2.939988 -77.096428 4.703981
endloop
endfacet
facet normal 0.028992 -0.999580 0.000000
outer loop
vertex 6.181385 -76.831871 0.000000
vertex -2.939988 -77.096428 4.703981
vertex -2.939988 -77.096428 0.000000
endloop
endfacet
facet normal 0.999751 0.022313 0.000000
outer loop
vertex 5.642797 -52.699780 -0.000002
vertex 5.642797 -52.699780 4.703979
vertex 6.181385 -76.831871 4.703981
endloop
endfacet
facet normal 0.999751 0.022313 0.000000
outer loop
vertex 5.642797 -52.699780 -0.000002
vertex 6.181385 -76.831871 4.703981
vertex 6.181385 -76.831871 0.000000
endloop
endfacet
facet normal -0.024432 0.999701 0.000000
outer loop
vertex -3.264147 -52.917458 -0.000002
vertex -3.264147 -52.917458 4.703979
vertex 5.642797 -52.699780 4.703979
endloop
endfacet
facet normal -0.024432 0.999701 0.000000
outer loop
vertex -3.264147 -52.917458 -0.000002
vertex 5.642797 -52.699780 4.703979
vertex 5.642797 -52.699780 -0.000002
endloop
endfacet
facet normal -0.000000 0.000000 1.000000
outer loop
vertex -111.501534 -17.130741 -0.000004
vertex -111.042709 -17.120699 -0.000004
vertex -103.818901 -9.079824 -0.000005
endloop
endfacet
facet normal -0.000000 0.000000 1.000000
outer loop
vertex -103.818901 -9.079824 -0.000005
vertex -103.053391 -9.066425 -0.000005
vertex -103.083328 -7.874188 -0.000005
endloop
endfacet
facet normal -0.000000 0.000000 1.000000
outer loop
vertex -103.083328 -7.874188 -0.000005
vertex -103.292778 0.066247 -0.000006
vertex -104.180466 0.052848 -0.000006
endloop
endfacet
facet normal -0.000000 0.000000 1.000000
outer loop
vertex -103.083328 -7.874188 -0.000005
vertex -104.180466 0.052848 -0.000006
vertex -111.770836 -0.081108 -0.000006
endloop
endfacet
facet normal -0.000000 0.000000 1.000000
outer loop
vertex -111.501534 -17.130741 -0.000004
vertex -103.818901 -9.079824 -0.000005
vertex -103.083328 -7.874188 -0.000005
endloop
endfacet
facet normal -0.000000 0.000000 1.000000
outer loop
vertex -111.501534 -17.130741 -0.000004
vertex -103.083328 -7.874188 -0.000005
vertex -111.770836 -0.081108 -0.000006
endloop
endfacet
facet normal 0.000000 0.000000 1.000000
outer loop
vertex -112.020187 82.087929 10.079947
vertex -111.773331 66.708824 10.079947
vertex -97.113777 66.946617 10.079947
endloop
endfacet
facet normal 0.000000 0.000000 1.000000
outer loop
vertex -112.020187 82.087929 10.079947
vertex -97.113777 66.946617 10.079947
vertex -97.360634 82.322357 10.079947
endloop
endfacet
facet normal -0.999871 -0.016049 0.000000
outer loop
vertex -111.773331 66.708824 -0.000011
vertex -111.773331 66.708824 10.079947
vertex -112.020187 82.087929 10.079947
endloop
endfacet
facet normal -0.999871 -0.016049 0.000000
outer loop
vertex -111.773331 66.708824 -0.000011
vertex -112.020187 82.087929 10.079947
vertex -112.020187 82.087929 -0.000012
endloop
endfacet
facet normal 0.016219 -0.999869 0.000000
outer loop
vertex -97.113777 66.946617 -0.000011
vertex -97.113777 66.946617 10.079947
vertex -111.773331 66.708824 10.079947
endloop
endfacet
facet normal 0.016219 -0.999869 0.000000
outer loop
vertex -97.113777 66.946617 -0.000011
vertex -111.773331 66.708824 10.079947
vertex -111.773331 66.708824 -0.000011
endloop
endfacet
facet normal 0.999871 0.016053 0.000000
outer loop
vertex -97.360634 82.322357 -0.000012
vertex -97.360634 82.322357 10.079947
vertex -97.113777 66.946617 10.079947
endloop
endfacet
facet normal 0.999871 0.016053 0.000000
outer loop
vertex -97.360634 82.322357 -0.000012
vertex -97.113777 66.946617 10.079947
vertex -97.113777 66.946617 -0.000011
endloop
endfacet
facet normal -0.015989 0.999872 0.000000
outer loop
vertex -112.020187 82.087929 -0.000012
vertex -112.020187 82.087929 10.079947
vertex -97.360634 82.322357 10.079947
endloop
endfacet
facet normal -0.015989 0.999872 0.000000
outer loop
vertex -112.020187 82.087929 -0.000012
vertex -97.360634 82.322357 10.079947
vertex -97.360634 82.322357 -0.000012
endloop
endfacet
facet normal 0.000000 0.000000 1.000000
outer loop
vertex -101.502403 61.149342 8.063956
vertex -110.698616 61.018723 8.063956
vertex -110.479179 45.706764 8.063957
endloop
endfacet
facet normal 0.000000 0.000000 1.000000
outer loop
vertex -110.479179 45.706764 8.063957
vertex -96.787102 45.901012 8.063957
vertex -97.026497 62.659779 8.063956
endloop
endfacet
facet normal 0.000000 0.000000 1.000000
outer loop
vertex -97.026497 62.659779 8.063956
vertex -101.524849 62.596149 8.063956
vertex -101.502403 61.149342 8.063956
endloop
endfacet
facet normal -0.000000 0.000000 1.000000
outer loop
vertex -110.479179 45.706764 8.063957
vertex -97.026497 62.659779 8.063956
vertex -101.502403 61.149342 8.063956
endloop
endfacet
facet normal -0.999897 -0.014329 0.000000
outer loop
vertex -110.479179 45.706764 -0.000009
vertex -110.479179 45.706764 8.063957
vertex -110.698616 61.018723 8.063956
endloop
endfacet
facet normal -0.999897 -0.014330 0.000000
outer loop
vertex -110.479179 45.706764 -0.000009
vertex -110.698616 61.018723 8.063956
vertex -110.698616 61.018723 -0.000010
endloop
endfacet
facet normal 0.014185 -0.999899 0.000000
outer loop
vertex -96.787102 45.901012 -0.000009
vertex -96.787102 45.901012 8.063957
vertex -110.479179 45.706764 8.063957
endloop
endfacet
facet normal 0.014185 -0.999899 0.000000
outer loop
vertex -96.787102 45.901012 -0.000009
vertex -110.479179 45.706764 8.063957
vertex -110.479179 45.706764 -0.000009
endloop
endfacet
facet normal 0.999898 0.014283 0.000000
outer loop
vertex -97.026497 62.659779 -0.000011
vertex -97.026497 62.659779 8.063956
vertex -96.787102 45.901012 8.063957
endloop
endfacet
facet normal 0.999898 0.014283 0.000000
outer loop
vertex -97.026497 62.659779 -0.000011
vertex -96.787102 45.901012 8.063957
vertex -96.787102 45.901012 -0.000009
endloop
endfacet
facet normal -0.014144 0.999900 0.000000
outer loop
vertex -101.524849 62.596149 -0.000011
vertex -101.524849 62.596149 8.063956
vertex -97.026497 62.659779 8.063956
endloop
endfacet
facet normal -0.014144 0.999900 0.000000
outer loop
vertex -101.524849 62.596149 -0.000011
vertex -97.026497 62.659779 8.063956
vertex -97.026497 62.659779 -0.000011
endloop
endfacet
facet normal -0.999880 -0.015504 0.000000
outer loop
vertex -101.502403 61.149342 -0.000010
vertex -101.502403 61.149342 8.063956
vertex -101.524849 62.596149 8.063956
endloop
endfacet
facet normal -0.999880 -0.015515 0.000000
outer loop
vertex -101.502403 61.149342 -0.000010
vertex -101.524849 62.596149 8.063956
vertex -101.524849 62.596149 -0.000011
endloop
endfacet
facet normal -0.014202 0.999899 0.000000
outer loop
vertex -110.698616 61.018723 -0.000010
vertex -110.698616 61.018723 8.063956
vertex -101.502403 61.149342 8.063956
endloop
endfacet
facet normal -0.014202 0.999899 0.000000
outer loop
vertex -110.698616 61.018723 -0.000010
vertex -101.502403 61.149342 8.063956
vertex -101.502403 61.149342 -0.000010
endloop
endfacet
facet normal 0.000013 0.000000 1.000000
outer loop
vertex -102.482368 -37.606205 -0.000003
vertex -102.542221 -34.960548 -0.000003
vertex -102.587097 -33.409988 -0.000003
endloop
endfacet
facet normal -0.000000 0.000000 1.000000
outer loop
vertex -102.482368 -37.606205 -0.000003
vertex -102.587097 -33.409988 -0.000003
vertex -103.454849 -33.440132 -0.000003
endloop
endfacet
facet normal -0.000000 0.000000 1.000000
outer loop
vertex -104.250298 -37.626297 -0.000003
vertex -102.482368 -37.606205 -0.000003
vertex -103.454849 -33.440132 -0.000003
endloop
endfacet
facet normal 0.000000 0.000000 1.000000
outer loop
vertex -100.931381 -10.305544 65.609322
vertex -100.365341 -10.295495 65.609322
vertex -100.407753 -7.807203 65.609322
endloop
endfacet
facet normal 0.000000 0.000000 1.000000
outer loop
vertex -100.407753 -7.807203 65.609322
vertex -103.083328 -7.874182 65.609322
vertex -103.053391 -9.066419 65.609322
endloop
endfacet
facet normal 0.000000 0.000000 1.000000
outer loop
vertex -103.053391 -9.066419 65.609322
vertex -103.818901 -9.079818 65.609322
vertex -111.042709 -17.120693 65.609322
endloop
endfacet
facet normal 0.000054 0.000000 1.000000
outer loop
vertex -103.053391 -9.066419 65.609322
vertex -111.042709 -17.120693 65.609322
vertex -112.040146 -18.232546 65.609322
endloop
endfacet
facet normal 0.000000 0.000000 1.000000
outer loop
vertex -100.931381 -10.305544 65.609322
vertex -100.407753 -7.807203 65.609322
vertex -103.053391 -9.066419 65.609322
endloop
endfacet
facet normal 0.000000 0.000000 1.000000
outer loop
vertex -95.084030 -31.625002 65.609329
vertex -95.525383 -10.884914 65.609322
vertex -100.908936 -11.008822 65.609322
endloop
endfacet
facet normal 0.000010 0.000000 1.000000
outer loop
vertex -100.908936 -11.008822 65.609322
vertex -100.931381 -10.305544 65.609322
vertex -103.053391 -9.066419 65.609322
endloop
endfacet
facet normal -0.000003 0.000000 1.000000
outer loop
vertex -100.908936 -11.008822 65.609322
vertex -103.053391 -9.066419 65.609322
vertex -112.040146 -18.232546 65.609322
endloop
endfacet
facet normal -0.000002 0.000000 1.000000
outer loop
vertex -100.477562 -31.702026 65.609329
vertex -95.084030 -31.625002 65.609329
vertex -100.908936 -11.008822 65.609322
endloop
endfacet
facet normal 0.000002 0.000000 1.000000
outer loop
vertex -99.801819 -34.917007 65.609329
vertex -99.869141 -32.589497 65.609329
vertex -100.460114 -32.609589 65.609329
endloop
endfacet
facet normal 0.000000 -0.000004 1.000000
outer loop
vertex -100.460114 -32.609589 65.609329
vertex -100.477562 -31.702026 65.609329
vertex -100.908936 -11.008822 65.609322
endloop
endfacet
facet normal 0.000000 0.000000 1.000000
outer loop
vertex -100.908936 -11.008822 65.609322
vertex -112.040146 -18.232546 65.609322
vertex -111.788284 -24.997440 65.609322
endloop
endfacet
facet normal 0.000000 -0.002429 0.999997
outer loop
vertex -111.788284 -24.997440 65.609322
vertex -109.359566 -27.458916 65.609322
vertex -103.454849 -33.440128 65.609329
endloop
endfacet
facet normal 0.000001 0.000000 1.000000
outer loop
vertex -102.587097 -33.409985 65.609329
vertex -102.542221 -34.960545 65.609329
vertex -99.801819 -34.917007 65.609329
endloop
endfacet
facet normal -0.000013 0.000001 1.000000
outer loop
vertex -111.788284 -24.997440 65.609322
vertex -103.454849 -33.440128 65.609329
vertex -102.587097 -33.409985 65.609329
endloop
endfacet
facet normal 0.000001 0.000000 1.000000
outer loop
vertex -100.460114 -32.609589 65.609329
vertex -100.908936 -11.008822 65.609322
vertex -111.788284 -24.997440 65.609322
endloop
endfacet
facet normal 0.000000 0.000000 1.000000
outer loop
vertex -102.587097 -33.409985 65.609329
vertex -99.801819 -34.917007 65.609329
vertex -100.460114 -32.609589 65.609329
endloop
endfacet
facet normal 0.000001 0.000001 1.000000
outer loop
vertex -111.788284 -24.997440 65.609322
vertex -102.587097 -33.409985 65.609329
vertex -100.460114 -32.609589 65.609329
endloop
endfacet
facet normal 0.999855 0.017040 -0.000000
outer loop
vertex -100.407753 -7.807210 -0.000005
vertex -100.407753 -7.807203 65.609322
vertex -100.365341 -10.295495 65.609322
endloop
endfacet
facet normal 0.999855 0.017046 -0.000000
outer loop
vertex -100.407753 -7.807210 -0.000005
vertex -100.365341 -10.295495 65.609322
vertex -100.365341 -10.295502 -0.000005
endloop
endfacet
facet normal -0.025026 0.999687 -0.000000
outer loop
vertex -103.083328 -7.874188 -0.000005
vertex -103.083328 -7.874182 65.609322
vertex -100.407753 -7.807203 65.609322
endloop
endfacet
facet normal -0.025025 0.999687 -0.000000
outer loop
vertex -103.083328 -7.874188 -0.000005
vertex -100.407753 -7.807203 65.609322
vertex -100.407753 -7.807210 -0.000005
endloop
endfacet
facet normal -0.999685 -0.025111 0.000000
outer loop
vertex -103.053391 -9.066425 -0.000005
vertex -103.053391 -9.066419 65.609322
vertex -103.083328 -7.874182 65.609322
endloop
endfacet
facet normal -0.999685 -0.025098 0.000000
outer loop
vertex -103.053391 -9.066425 -0.000005
vertex -103.083328 -7.874182 65.609322
vertex -103.083328 -7.874188 -0.000005
endloop
endfacet
facet normal -0.017501 0.999847 -0.000000
outer loop
vertex -103.818901 -9.079824 -0.000005
vertex -103.818901 -9.079818 65.609322
vertex -103.053391 -9.066419 65.609322
endloop
endfacet
facet normal -0.017501 0.999847 -0.000000
outer loop
vertex -103.818901 -9.079824 -0.000005
vertex -103.053391 -9.066419 65.609322
vertex -103.053391 -9.066425 -0.000005
endloop
endfacet
facet normal -0.743891 0.668301 -0.000000
outer loop
vertex -111.042709 -17.120699 -0.000004
vertex -111.042709 -17.120693 65.609322
vertex -103.818901 -9.079818 65.609322
endloop
endfacet
facet normal -0.743891 0.668301 -0.000000
outer loop
vertex -111.042709 -17.120699 -0.000004
vertex -103.818901 -9.079818 65.609322
vertex -103.818901 -9.079824 -0.000005
endloop
endfacet
facet normal -0.744367 0.667770 -0.000000
outer loop
vertex -112.040146 -18.232553 -0.000004
vertex -112.040146 -18.232546 65.609322
vertex -111.042709 -17.120693 65.609322
endloop
endfacet
facet normal -0.744368 0.667770 -0.000000
outer loop
vertex -112.040146 -18.232553 -0.000004
vertex -111.042709 -17.120693 65.609322
vertex -111.042709 -17.120699 -0.000004
endloop
endfacet
facet normal -0.711825 -0.702357 0.000000
outer loop
vertex -109.359566 -27.458920 -0.000004
vertex -109.359566 -27.458916 65.609322
vertex -111.788284 -24.997440 65.609322
endloop
endfacet
facet normal -0.711829 -0.702353 0.000000
outer loop
vertex -109.359566 -27.458920 -0.000004
vertex -111.788284 -24.997440 65.609322
vertex -111.788284 -24.997444 -0.000004
endloop
endfacet
facet normal -0.711642 -0.702543 0.000000
outer loop
vertex -103.454849 -33.440132 -0.000003
vertex -103.454849 -33.440128 65.609329
vertex -109.359566 -27.458916 65.609322
endloop
endfacet
facet normal -0.711644 -0.702540 0.000000
outer loop
vertex -103.454849 -33.440132 -0.000003
vertex -109.359566 -27.458916 65.609322
vertex -109.359566 -27.458920 -0.000004
endloop
endfacet
facet normal 0.034717 -0.999397 0.000000
outer loop
vertex -102.587097 -33.409988 -0.000003
vertex -102.587097 -33.409985 65.609329
vertex -103.454849 -33.440128 65.609329
endloop
endfacet
facet normal 0.034717 -0.999397 0.000000
outer loop
vertex -102.587097 -33.409988 -0.000003
vertex -103.454849 -33.440128 65.609329
vertex -103.454849 -33.440132 -0.000003
endloop
endfacet
facet normal -0.999582 -0.028930 0.000000
outer loop
vertex -102.542221 -34.960548 -0.000003
vertex -102.542221 -34.960545 65.609329
vertex -102.587097 -33.409985 65.609329
endloop
endfacet
facet normal -0.999582 -0.028921 0.000000
outer loop
vertex -102.542221 -34.960548 -0.000003
vertex -102.587097 -33.409985 65.609329
vertex -102.587097 -33.409988 -0.000003
endloop
endfacet
facet normal 0.015885 -0.999874 0.000000
outer loop
vertex -99.801819 -34.917011 -0.000003
vertex -99.801819 -34.917007 65.609329
vertex -102.542221 -34.960545 65.609329
endloop
endfacet
facet normal 0.015885 -0.999874 0.000000
outer loop
vertex -99.801819 -34.917011 -0.000003
vertex -102.542221 -34.960545 65.609329
vertex -102.542221 -34.960548 -0.000003
endloop
endfacet
facet normal 0.999582 0.028913 -0.000000
outer loop
vertex -99.869141 -32.589500 -0.000003
vertex -99.869141 -32.589497 65.609329
vertex -99.801819 -34.917007 65.609329
endloop
endfacet
facet normal 0.999582 0.028913 -0.000000
outer loop
vertex -99.869141 -32.589500 -0.000003
vertex -99.801819 -34.917007 65.609329
vertex -99.801819 -34.917011 -0.000003
endloop
endfacet
facet normal -0.033978 0.999423 -0.000000
outer loop
vertex -100.460114 -32.609592 -0.000003
vertex -100.460114 -32.609589 65.609329
vertex -99.869141 -32.589497 65.609329
endloop
endfacet
facet normal -0.033978 0.999423 -0.000000
outer loop
vertex -100.460114 -32.609592 -0.000003
vertex -99.869141 -32.589497 65.609329
vertex -99.869141 -32.589500 -0.000003
endloop
endfacet
facet normal 0.999815 0.019218 0.000000
outer loop
vertex -100.477562 -31.702030 -0.000003
vertex -100.477562 -31.702026 65.609329
vertex -100.460114 -32.609589 65.609329
endloop
endfacet
facet normal 0.999815 0.019234 -0.000000
outer loop
vertex -100.477562 -31.702030 -0.000003
vertex -100.460114 -32.609589 65.609329
vertex -100.460114 -32.609592 -0.000003
endloop
endfacet
facet normal 0.014279 -0.999898 0.000000
outer loop
vertex -95.084030 -31.625006 -0.000003
vertex -95.084030 -31.625002 65.609329
vertex -100.477562 -31.702026 65.609329
endloop
endfacet
facet normal 0.014279 -0.999898 0.000000
outer loop
vertex -95.084030 -31.625006 -0.000003
vertex -100.477562 -31.702026 65.609329
vertex -100.477562 -31.702030 -0.000003
endloop
endfacet
facet normal 0.999774 0.021276 -0.000000
outer loop
vertex -95.525383 -10.884921 -0.000005
vertex -95.525383 -10.884914 65.609322
vertex -95.084030 -31.625002 65.609329
endloop
endfacet
facet normal 0.999774 0.021276 -0.000000
outer loop
vertex -95.525383 -10.884921 -0.000005
vertex -95.084030 -31.625002 65.609329
vertex -95.084030 -31.625006 -0.000003
endloop
endfacet
facet normal -0.023010 0.999735 -0.000000
outer loop
vertex -100.908936 -11.008829 -0.000005
vertex -100.908936 -11.008822 65.609322
vertex -95.525383 -10.884914 65.609322
endloop
endfacet
facet normal -0.023010 0.999735 -0.000000
outer loop
vertex -100.908936 -11.008829 -0.000005
vertex -95.525383 -10.884914 65.609322
vertex -95.525383 -10.884921 -0.000005
endloop
endfacet
facet normal 0.999491 0.031900 -0.000000
outer loop
vertex -100.931381 -10.305551 -0.000005
vertex -100.931381 -10.305544 65.609322
vertex -100.908936 -11.008822 65.609322
endloop
endfacet
facet normal 0.999491 0.031900 -0.000000
outer loop
vertex -100.931381 -10.305551 -0.000005
vertex -100.908936 -11.008822 65.609322
vertex -100.908936 -11.008829 -0.000005
endloop
endfacet
facet normal 0.017750 -0.999842 0.000000
outer loop
vertex -100.365341 -10.295502 -0.000005
vertex -100.365341 -10.295495 65.609322
vertex -100.931381 -10.305544 65.609322
endloop
endfacet
facet normal 0.017751 -0.999842 0.000000
outer loop
vertex -100.365341 -10.295502 -0.000005
vertex -100.931381 -10.305544 65.609322
vertex -100.931381 -10.305551 -0.000005
endloop
endfacet
facet normal 0.000000 0.000000 1.000000
outer loop
vertex 35.789761 84.526077 2.015980
vertex 33.086758 84.469147 2.015980
vertex 33.443348 67.462372 2.015981
endloop
endfacet
facet normal 0.000000 0.000000 1.000000
outer loop
vertex 33.443348 67.462372 2.015981
vertex 36.148838 67.519302 2.015981
vertex 36.126389 68.570923 2.015981
endloop
endfacet
facet normal 0.000000 0.000000 1.000000
outer loop
vertex 33.443348 67.462372 2.015981
vertex 36.126389 68.570923 2.015981
vertex 35.789761 84.526077 2.015980
endloop
endfacet
facet normal -0.999780 -0.020963 0.000000
outer loop
vertex 33.443348 67.462372 -0.000011
vertex 33.443348 67.462372 2.015981
vertex 33.086758 84.469147 2.015980
endloop
endfacet
facet normal -0.999780 -0.020963 0.000000
outer loop
vertex 33.443348 67.462372 -0.000011
vertex 33.086758 84.469147 2.015980
vertex 33.086758 84.469147 -0.000012
endloop
endfacet
facet normal 0.021038 -0.999779 0.000000
outer loop
vertex 36.148838 67.519302 -0.000011
vertex 36.148838 67.519302 2.015981
vertex 33.443348 67.462372 2.015981
endloop
endfacet
facet normal 0.021038 -0.999779 0.000000
outer loop
vertex 36.148838 67.519302 -0.000011
vertex 33.443348 67.462372 2.015981
vertex 33.443348 67.462372 -0.000011
endloop
endfacet
facet normal 0.999772 0.021342 0.000000
outer loop
vertex 36.126389 68.570923 -0.000011
vertex 36.126389 68.570923 2.015981
vertex 36.148838 67.519302 2.015981
endloop
endfacet
facet normal 0.999772 0.021342 0.000000
outer loop
vertex 36.126389 68.570923 -0.000011
vertex 36.148838 67.519302 2.015981
vertex 36.148838 67.519302 -0.000011
endloop
endfacet
facet normal 0.999778 0.021094 0.000000
outer loop
vertex 35.789761 84.526077 -0.000012
vertex 35.789761 84.526077 2.015980
vertex 36.126389 68.570923 2.015981
endloop
endfacet
facet normal 0.999778 0.021093 0.000000
outer loop
vertex 35.789761 84.526077 -0.000012
vertex 36.126389 68.570923 2.015981
vertex 36.126389 68.570923 -0.000011
endloop
endfacet
facet normal -0.021057 0.999778 0.000000
outer loop
vertex 33.086758 84.469147 -0.000012
vertex 33.086758 84.469147 2.015980
vertex 35.789761 84.526077 2.015980
endloop
endfacet
facet normal -0.021057 0.999778 0.000000
outer loop
vertex 33.086758 84.469147 -0.000012
vertex 35.789761 84.526077 2.015980
vertex 35.789761 84.526077 -0.000012
endloop
endfacet
facet normal -0.000000 0.000000 1.000000
outer loop
vertex 13.662030 89.764122 14.783928
vertex 13.542347 97.601089 14.783926
vertex 6.513036 97.493919 14.783926
endloop
endfacet
facet normal -0.000000 -0.000000 1.000000
outer loop
vertex 13.662030 89.764122 14.783928
vertex 6.513036 97.493919 14.783926
vertex 6.545438 95.283485 14.783926
endloop
endfacet
facet normal 0.000000 0.000000 1.000000
outer loop
vertex 5.258783 89.636848 14.783928
vertex 5.976936 89.646896 14.783928
vertex 13.662030 89.764122 14.783928
endloop
endfacet
facet normal 0.000000 0.000000 1.000000
outer loop
vertex 5.897120 95.273438 14.783926
vertex 5.173991 95.263390 14.783926
vertex 5.258783 89.636848 14.783928
endloop
endfacet
facet normal 0.000002 0.000000 1.000000
outer loop
vertex 13.662030 89.764122 14.783928
vertex 6.545438 95.283485 14.783926
vertex 5.897120 95.273438 14.783926
endloop
endfacet
facet normal -0.000000 0.000000 1.000000
outer loop
vertex 5.897120 95.273438 14.783926
vertex 5.258783 89.636848 14.783928
vertex 13.662030 89.764122 14.783928
endloop
endfacet
facet normal -0.015244 0.999884 0.000000
outer loop
vertex 6.513036 97.493919 -0.000013
vertex 6.513036 97.493919 14.783926
vertex 13.542347 97.601089 14.783926
endloop
endfacet
facet normal -0.015244 0.999884 0.000000
outer loop
vertex 6.513036 97.493919 -0.000013
vertex 13.542347 97.601089 14.783926
vertex 13.542347 97.601089 -0.000013
endloop
endfacet
facet normal -0.999893 -0.014657 0.000000
outer loop
vertex 6.545438 95.283485 -0.000013
vertex 6.545438 95.283485 14.783926
vertex 6.513036 97.493919 14.783926
endloop
endfacet
facet normal -0.999893 -0.014657 0.000000
outer loop
vertex 6.545438 95.283485 -0.000013
vertex 6.513036 97.493919 14.783926
vertex 6.513036 97.493919 -0.000013
endloop
endfacet
facet normal -0.015497 0.999880 0.000000
outer loop
vertex 5.897120 95.273438 -0.000013
vertex 5.897120 95.273438 14.783926
vertex 6.545438 95.283485 14.783926
endloop
endfacet
facet normal -0.015497 0.999880 0.000000
outer loop
vertex 5.897120 95.273438 -0.000013
vertex 6.545438 95.283485 14.783926
vertex 6.545438 95.283485 -0.000013
endloop
endfacet
facet normal -0.013894 0.999904 0.000000
outer loop
vertex 5.173991 95.263390 -0.000013
vertex 5.173991 95.263390 14.783926
vertex 5.897120 95.273438 14.783926
endloop
endfacet
facet normal -0.013894 0.999904 0.000000
outer loop
vertex 5.173991 95.263390 -0.000013
vertex 5.897120 95.273438 14.783926
vertex 5.897120 95.273438 -0.000013
endloop
endfacet
facet normal -0.999886 -0.015068 0.000000
outer loop
vertex 5.258783 89.636848 -0.000013
vertex 5.258783 89.636848 14.783928
vertex 5.173991 95.263390 14.783926
endloop
endfacet
facet normal -0.999886 -0.015068 0.000000
outer loop
vertex 5.258783 89.636848 -0.000013
vertex 5.173991 95.263390 14.783926
vertex 5.173991 95.263390 -0.000013
endloop
endfacet
facet normal 0.013990 -0.999902 0.000000
outer loop
vertex 5.976936 89.646896 -0.000013
vertex 5.976936 89.646896 14.783928
vertex 5.258783 89.636848 14.783928
endloop
endfacet
facet normal 0.013990 -0.999902 0.000000
outer loop
vertex 5.976936 89.646896 -0.000013
vertex 5.258783 89.636848 14.783928
vertex 5.258783 89.636848 -0.000013
endloop
endfacet
facet normal 0.015252 -0.999884 0.000000
outer loop
vertex 13.662030 89.764122 -0.000013
vertex 13.662030 89.764122 14.783928
vertex 5.976936 89.646896 14.783928
endloop
endfacet
facet normal 0.015252 -0.999884 0.000000
outer loop
vertex 13.662030 89.764122 -0.000013
vertex 5.976936 89.646896 14.783928
vertex 5.976936 89.646896 -0.000013
endloop
endfacet
facet normal 0.999883 0.015270 0.000000
outer loop
vertex 13.542347 97.601089 -0.000013
vertex 13.542347 97.601089 14.783926
vertex 13.662030 89.764122 14.783928
endloop
endfacet
facet normal 0.999883 0.015270 0.000000
outer loop
vertex 13.542347 97.601089 -0.000013
vertex 13.662030 89.764122 14.783928
vertex 13.662030 89.764122 -0.000013
endloop
endfacet
facet normal -0.000000 0.000000 1.000000
outer loop
vertex 5.173991 95.263390 9.407948
vertex 5.146565 97.172401 9.407948
vertex -6.306291 96.998245 9.407948
endloop
endfacet
facet normal 0.000000 0.000000 1.000000
outer loop
vertex 5.173991 95.263390 9.407948
vertex -6.306291 96.998245 9.407948
vertex -6.263908 94.181618 9.407948
endloop
endfacet
facet normal 0.000000 0.000000 1.000000
outer loop
vertex -16.190716 89.311981 9.407948
vertex 5.258783 89.636848 9.407948
vertex 5.173991 95.263390 9.407948
endloop
endfacet
facet normal 0.000000 0.000000 1.000000
outer loop
vertex -12.131224 97.148949 9.407948
vertex -16.307909 97.088676 9.407948
vertex -16.190716 89.311981 9.407948
endloop
endfacet
facet normal 0.000000 0.000000 1.000000
outer loop
vertex -10.996655 94.111290 9.407948
vertex -11.044013 97.165703 9.407948
vertex -12.131224 97.148949 9.407948
endloop
endfacet
facet normal 0.000000 0.000000 1.000000
outer loop
vertex -16.190716 89.311981 9.407948
vertex 5.173991 95.263390 9.407948
vertex -6.263908 94.181618 9.407948
endloop
endfacet
facet normal 0.000001 0.000000 1.000000
outer loop
vertex -10.996655 94.111290 9.407948
vertex -12.131224 97.148949 9.407948
vertex -16.190716 89.311981 9.407948
endloop
endfacet
facet normal 0.000000 0.000000 1.000000
outer loop
vertex -6.263908 94.181618 9.407948
vertex -10.996655 94.111290 9.407948
vertex -16.190716 89.311981 9.407948
endloop
endfacet
facet normal 0.999897 0.014365 0.000000
outer loop
vertex 5.146565 97.172401 -0.000013
vertex 5.146565 97.172401 9.407948
vertex 5.173991 95.263390 9.407948
endloop
endfacet
facet normal 0.999897 0.014365 0.000000
outer loop
vertex 5.146565 97.172401 -0.000013
vertex 5.173991 95.263390 9.407948
vertex 5.173991 95.263390 -0.000013
endloop
endfacet
facet normal -0.015205 0.999884 0.000000
outer loop
vertex -6.306291 96.998245 -0.000013
vertex -6.306291 96.998245 9.407948
vertex 5.146565 97.172401 9.407948
endloop
endfacet
facet normal -0.015205 0.999884 0.000000
outer loop
vertex -6.306291 96.998245 -0.000013
vertex 5.146565 97.172401 9.407948
vertex 5.146565 97.172401 -0.000013
endloop
endfacet
facet normal -0.999887 -0.015046 0.000000
outer loop
vertex -6.263908 94.181618 -0.000013
vertex -6.263908 94.181618 9.407948
vertex -6.306291 96.998245 9.407948
endloop
endfacet
facet normal -0.999887 -0.015046 0.000000
outer loop
vertex -6.263908 94.181618 -0.000013
vertex -6.306291 96.998245 9.407948
vertex -6.306291 96.998245 -0.000013
endloop
endfacet
facet normal -0.014858 0.999890 0.000000
outer loop
vertex -10.996655 94.111290 -0.000013
vertex -10.996655 94.111290 9.407948
vertex -6.263908 94.181618 9.407948
endloop
endfacet
facet normal -0.014858 0.999890 0.000000
outer loop
vertex -10.996655 94.111290 -0.000013
vertex -6.263908 94.181618 9.407948
vertex -6.263908 94.181618 -0.000013
endloop
endfacet
facet normal 0.999880 0.015502 0.000000
outer loop
vertex -11.044013 97.165703 -0.000013
vertex -11.044013 97.165703 9.407948
vertex -10.996655 94.111290 9.407948
endloop
endfacet
facet normal 0.999880 0.015504 0.000000
outer loop
vertex -11.044013 97.165703 -0.000013
vertex -10.996655 94.111290 9.407948
vertex -10.996655 94.111290 -0.000013
endloop
endfacet
facet normal -0.015408 0.999881 0.000000
outer loop
vertex -12.131224 97.148949 -0.000013
vertex -12.131224 97.148949 9.407948
vertex -11.044013 97.165703 9.407948
endloop
endfacet
facet normal -0.015408 0.999881 0.000000
outer loop
vertex -12.131224 97.148949 -0.000013
vertex -11.044013 97.165703 9.407948
vertex -11.044013 97.165703 -0.000013
endloop
endfacet
facet normal -0.014429 0.999896 0.000000
outer loop
vertex -16.307909 97.088676 -0.000013
vertex -16.307909 97.088676 9.407948
vertex -12.131224 97.148949 9.407948
endloop
endfacet
facet normal -0.014429 0.999896 0.000000
outer loop
vertex -16.307909 97.088676 -0.000013
vertex -12.131224 97.148949 9.407948
vertex -12.131224 97.148949 -0.000013
endloop
endfacet
facet normal -0.999886 -0.015068 0.000000
outer loop
vertex -16.190716 89.311981 -0.000013
vertex -16.190716 89.311981 9.407948
vertex -16.307909 97.088676 9.407948
endloop
endfacet
facet normal -0.999886 -0.015068 0.000000
outer loop
vertex -16.190716 89.311981 -0.000013
vertex -16.307909 97.088676 9.407948
vertex -16.307909 97.088676 -0.000013
endloop
endfacet
facet normal 0.015144 -0.999885 0.000000
outer loop
vertex 5.258783 89.636848 -0.000013
vertex 5.258783 89.636848 9.407948
vertex -16.190716 89.311981 9.407948
endloop
endfacet
facet normal 0.015144 -0.999885 0.000000
outer loop
vertex 5.258783 89.636848 -0.000013
vertex -16.190716 89.311981 9.407948
vertex -16.190716 89.311981 -0.000013
endloop
endfacet
facet normal 0.999886 0.015068 0.000000
outer loop
vertex 5.173991 95.263390 -0.000013
vertex 5.173991 95.263390 9.407948
vertex 5.258783 89.636848 9.407948
endloop
endfacet
facet normal 0.999886 0.015068 0.000000
outer loop
vertex 5.173991 95.263390 -0.000013
vertex 5.258783 89.636848 9.407948
vertex 5.258783 89.636848 -0.000013
endloop
endfacet
facet normal -0.000000 0.000000 1.000000
outer loop
vertex 98.781738 86.703011 16.799919
vertex 99.243034 63.326241 16.799921
vertex 112.880241 63.540585 16.799921
endloop
endfacet
facet normal -0.999805 -0.019729 0.000000
outer loop
vertex 99.243034 63.326241 -0.000011
vertex 99.243034 63.326241 16.799921
vertex 98.781738 86.703011 16.799919
endloop
endfacet
facet normal -0.999805 -0.019730 0.000000
outer loop
vertex 99.243034 63.326241 -0.000011
vertex 98.781738 86.703011 16.799919
vertex 98.781738 86.703011 -0.000012
endloop
endfacet
facet normal 0.015716 -0.999876 0.000000
outer loop
vertex 112.880241 63.540585 -0.000011
vertex 112.880241 63.540585 16.799921
vertex 99.243034 63.326241 16.799921
endloop
endfacet
facet normal 0.015716 -0.999876 0.000000
outer loop
vertex 112.880241 63.540585 -0.000011
vertex 99.243034 63.326241 16.799921
vertex 99.243034 63.326241 -0.000011
endloop
endfacet
facet normal -0.999777 -0.021137 0.000000
outer loop
vertex 112.890221 63.068359 -0.000011
vertex 112.890221 63.068359 16.799921
vertex 112.880241 63.540585 16.799921
endloop
endfacet
facet normal -0.999777 -0.021106 0.000000
outer loop
vertex 112.890221 63.068359 -0.000011
vertex 112.880241 63.540585 16.799921
vertex 112.880241 63.540585 -0.000011
endloop
endfacet
facet normal -0.000000 0.000000 1.000000
outer loop
vertex 99.275452 57.100296 5.375968
vertex 99.360229 50.238041 5.375968
vertex 112.895210 50.442341 5.375968
endloop
endfacet
facet normal 0.000000 0.000000 1.000000
outer loop
vertex 99.275452 57.100296 5.375968
vertex 112.895210 50.442341 5.375968
vertex 112.703201 57.287849 5.375968
endloop
endfacet
facet normal -0.999924 -0.012352 0.000000
outer loop
vertex 99.360229 50.238041 -0.000009
vertex 99.360229 50.238041 5.375968
vertex 99.275452 57.100296 5.375968
endloop
endfacet
facet normal -0.999924 -0.012355 0.000000
outer loop
vertex 99.360229 50.238041 -0.000009
vertex 99.275452 57.100296 5.375968
vertex 99.275452 57.100296 -0.000010
endloop
endfacet
facet normal 0.015092 -0.999886 0.000000
outer loop
vertex 112.895210 50.442341 -0.000010
vertex 112.895210 50.442341 5.375968
vertex 99.360229 50.238041 5.375968
endloop
endfacet
facet normal 0.015092 -0.999886 0.000000
outer loop
vertex 112.895210 50.442341 -0.000010
vertex 99.360229 50.238041 5.375968
vertex 99.360229 50.238041 -0.000009
endloop
endfacet
facet normal 0.999607 0.028038 0.000000
outer loop
vertex 112.703201 57.287849 -0.000010
vertex 112.703201 57.287849 5.375968
vertex 112.895210 50.442341 5.375968
endloop
endfacet
facet normal 0.999607 0.028038 0.000000
outer loop
vertex 112.703201 57.287849 -0.000010
vertex 112.895210 50.442341 5.375968
vertex 112.895210 50.442341 -0.000010
endloop
endfacet
facet normal -0.013966 0.999902 0.000000
outer loop
vertex 99.275452 57.100296 -0.000010
vertex 99.275452 57.100296 5.375968
vertex 112.703201 57.287849 5.375968
endloop
endfacet
facet normal -0.013966 0.999902 0.000000
outer loop
vertex 99.275452 57.100296 -0.000010
vertex 112.703201 57.287849 5.375968
vertex 112.703201 57.287849 -0.000010
endloop
endfacet
facet normal 0.000000 0.000000 1.000000
outer loop
vertex 112.655830 60.744099 2.687979
vertex 99.228081 60.556545 2.687979
vertex 99.275452 57.100296 2.687979
endloop
endfacet
facet normal 0.000000 0.000000 1.000000
outer loop
vertex 112.655830 60.744099 2.687979
vertex 99.275452 57.100296 2.687979
vertex 112.703201 57.287849 2.687979
endloop
endfacet
facet normal -0.013966 0.999902 0.000000
outer loop
vertex 99.228081 60.556545 -0.000010
vertex 99.228081 60.556545 2.687979
vertex 112.655830 60.744099 2.687979
endloop
endfacet
facet normal -0.013966 0.999902 0.000000
outer loop
vertex 99.228081 60.556545 -0.000010
vertex 112.655830 60.744099 2.687979
vertex 112.655830 60.744099 -0.000010
endloop
endfacet
facet normal -0.999906 -0.013705 0.000000
outer loop
vertex 99.275452 57.100296 -0.000010
vertex 99.275452 57.100296 2.687979
vertex 99.228081 60.556545 2.687979
endloop
endfacet
facet normal -0.999906 -0.013703 0.000000
outer loop
vertex 99.275452 57.100296 -0.000010
vertex 99.228081 60.556545 2.687979
vertex 99.228081 60.556545 -0.000010
endloop
endfacet
facet normal 0.013966 -0.999902 0.000000
outer loop
vertex 112.703201 57.287849 -0.000010
vertex 112.703201 57.287849 2.687979
vertex 99.275452 57.100296 2.687979
endloop
endfacet
facet normal 0.013966 -0.999902 0.000000
outer loop
vertex 112.703201 57.287849 -0.000010
vertex 99.275452 57.100296 2.687979
vertex 99.275452 57.100296 -0.000010
endloop
endfacet
facet normal 0.999906 0.013711 0.000000
outer loop
vertex 112.655830 60.744099 -0.000010
vertex 112.655830 60.744099 2.687979
vertex 112.703201 57.287849 2.687979
endloop
endfacet
facet normal 0.999906 0.013703 0.000000
outer loop
vertex 112.655830 60.744099 -0.000010
vertex 112.703201 57.287849 2.687979
vertex 112.703201 57.287849 -0.000010
endloop
endfacet
facet normal 0.000000 0.000000 1.000000
outer loop
vertex 112.655830 60.744099 1.343984
vertex 112.880241 60.744099 1.343984
vertex 112.890221 63.068359 1.343984
endloop
endfacet
facet normal 0.000000 0.000000 1.000000
outer loop
vertex 112.890221 63.068359 1.343984
vertex 112.880241 63.540585 1.343984
vertex 99.243034 63.326241 1.343984
endloop
endfacet
facet normal -0.000000 0.000000 1.000000
outer loop
vertex 99.243034 63.326241 1.343984
vertex 99.228081 60.556545 1.343984
vertex 112.655830 60.744099 1.343984
endloop
endfacet
facet normal 0.000000 0.000000 1.000000
outer loop
vertex 112.655830 60.744099 1.343984
vertex 112.890221 63.068359 1.343984
vertex 99.243034 63.326241 1.343984
endloop
endfacet
facet normal 0.000000 -1.000000 0.000000
outer loop
vertex 112.880241 60.744099 -0.000010
vertex 112.880241 60.744099 1.343984
vertex 112.655830 60.744099 1.343984
endloop
endfacet
facet normal 0.000000 -1.000000 0.000000
outer loop
vertex 112.880241 60.744099 -0.000010
vertex 112.655830 60.744099 1.343984
vertex 112.655830 60.744099 -0.000010
endloop
endfacet
facet normal 0.999991 -0.004285 0.000000
outer loop
vertex 112.890221 63.068359 -0.000011
vertex 112.890221 63.068359 1.343984
vertex 112.880241 60.744099 1.343984
endloop
endfacet
facet normal 0.999991 -0.004298 0.000000
outer loop
vertex 112.890221 63.068359 -0.000011
vertex 112.880241 60.744099 1.343984
vertex 112.880241 60.744099 -0.000010
endloop
endfacet
facet normal 0.999776 0.021152 0.000000
outer loop
vertex 112.880241 63.540585 -0.000011
vertex 112.880241 63.540585 1.343984
vertex 112.890221 63.068359 1.343984
endloop
endfacet
facet normal 0.999777 0.021104 0.000000
outer loop
vertex 112.880241 63.540585 -0.000011
vertex 112.890221 63.068359 1.343984
vertex 112.890221 63.068359 -0.000011
endloop
endfacet
facet normal -0.015716 0.999876 0.000000
outer loop
vertex 99.243034 63.326241 -0.000011
vertex 99.243034 63.326241 1.343984
vertex 112.880241 63.540585 1.343984
endloop
endfacet
facet normal -0.015716 0.999876 0.000000
outer loop
vertex 99.243034 63.326241 -0.000011
vertex 112.880241 63.540585 1.343984
vertex 112.880241 63.540585 -0.000011
endloop
endfacet
facet normal -0.999986 0.005397 0.000000
outer loop
vertex 99.228081 60.556545 -0.000010
vertex 99.228081 60.556545 1.343984
vertex 99.243034 63.326241 1.343984
endloop
endfacet
facet normal -0.999985 0.005403 0.000000
outer loop
vertex 99.228081 60.556545 -0.000010
vertex 99.243034 63.326241 1.343984
vertex 99.243034 63.326241 -0.000011
endloop
endfacet
facet normal 0.013966 -0.999902 0.000000
outer loop
vertex 112.655830 60.744099 -0.000010
vertex 112.655830 60.744099 1.343984
vertex 99.228081 60.556545 1.343984
endloop
endfacet
facet normal 0.013966 -0.999902 0.000000
outer loop
vertex 112.655830 60.744099 -0.000010
vertex 99.228081 60.556545 1.343984
vertex 99.228081 60.556545 -0.000010
endloop
endfacet
facet normal 0.000000 0.000000 1.000000
outer loop
vertex 90.400925 21.402767 4.479974
vertex 81.915390 21.322392 4.479974
vertex 81.977730 17.430832 4.479975
endloop
endfacet
facet normal -0.000000 0.000000 1.000000
outer loop
vertex 81.977730 17.430832 4.479975
vertex 91.607803 17.588234 4.479975
vertex 91.605301 20.280846 4.479974
endloop
endfacet
facet normal 0.000000 0.000000 1.000000
outer loop
vertex 91.605301 20.280846 4.479974
vertex 91.547951 20.706167 4.479974
vertex 91.373398 21.014277 4.479974
endloop
endfacet
facet normal 0.000000 0.000000 1.000000
outer loop
vertex 91.373398 21.014277 4.479974
vertex 91.134018 21.242014 4.479974
vertex 90.784927 21.369278 4.479974
endloop
endfacet
facet normal 0.000002 0.000000 1.000000
outer loop
vertex 90.784927 21.369278 4.479974
vertex 90.400925 21.402767 4.479974
vertex 81.977730 17.430832 4.479975
endloop
endfacet
facet normal 0.000000 0.000000 1.000000
outer loop
vertex 81.977730 17.430832 4.479975
vertex 91.605301 20.280846 4.479974
vertex 91.373398 21.014277 4.479974
endloop
endfacet
facet normal -0.000000 0.000000 1.000000
outer loop
vertex 81.977730 17.430832 4.479975
vertex 91.373398 21.014277 4.479974
vertex 90.784927 21.369278 4.479974
endloop
endfacet
facet normal -0.999872 -0.016017 0.000000
outer loop
vertex 81.977730 17.430832 -0.000007
vertex 81.977730 17.430832 4.479975
vertex 81.915390 21.322392 4.479974
endloop
endfacet
facet normal -0.999872 -0.016018 0.000000
outer loop
vertex 81.977730 17.430832 -0.000007
vertex 81.915390 21.322392 4.479974
vertex 81.915390 21.322392 -0.000007
endloop
endfacet
facet normal 0.016343 -0.999867 0.000000
outer loop
vertex 91.607803 17.588234 -0.000007
vertex 91.607803 17.588234 4.479975
vertex 81.977730 17.430832 4.479975
endloop
endfacet
facet normal 0.016343 -0.999866 0.000000
outer loop
vertex 91.607803 17.588234 -0.000007
vertex 81.977730 17.430832 4.479975
vertex 81.977730 17.430832 -0.000007
endloop
endfacet
facet normal 1.000000 0.000929 0.000000
outer loop
vertex 91.605301 20.280846 -0.000007
vertex 91.605301 20.280846 4.479974
vertex 91.607803 17.588234 4.479975
endloop
endfacet
facet normal 1.000000 0.000936 0.000000
outer loop
vertex 91.605301 20.280846 -0.000007
vertex 91.607803 17.588234 4.479975
vertex 91.607803 17.588234 -0.000007
endloop
endfacet
facet normal 0.991025 0.133677 0.000000
outer loop
vertex 91.547951 20.706167 -0.000007
vertex 91.547951 20.706167 4.479974
vertex 91.605301 20.280846 4.479974
endloop
endfacet
facet normal 0.991038 0.133583 0.000000
outer loop
vertex 91.547951 20.706167 -0.000007
vertex 91.605301 20.280846 4.479974
vertex 91.605301 20.280846 -0.000007
endloop
endfacet
facet normal 0.870060 0.492946 0.000000
outer loop
vertex 91.373398 21.014277 -0.000007
vertex 91.373398 21.014277 4.479974
vertex 91.547951 20.706167 4.479974
endloop
endfacet
facet normal 0.870093 0.492887 0.000000
outer loop
vertex 91.373398 21.014277 -0.000007
vertex 91.547951 20.706167 4.479974
vertex 91.547951 20.706167 -0.000007
endloop
endfacet
facet normal 0.689258 0.724516 0.000000
outer loop
vertex 91.134018 21.242014 -0.000007
vertex 91.134018 21.242014 4.479974
vertex 91.373398 21.014277 4.479974
endloop
endfacet
facet normal 0.689279 0.724496 0.000000
outer loop
vertex 91.134018 21.242014 -0.000007
vertex 91.373398 21.014277 4.479974
vertex 91.373398 21.014277 -0.000007
endloop
endfacet
facet normal 0.342511 0.939514 0.000000
outer loop
vertex 90.784927 21.369278 -0.000007
vertex 90.784927 21.369278 4.479974
vertex 91.134018 21.242014 4.479974
endloop
endfacet
facet normal 0.342511 0.939514 0.000000
outer loop
vertex 90.784927 21.369278 -0.000007
vertex 91.134018 21.242014 4.479974
vertex 91.134018 21.242014 -0.000007
endloop
endfacet
facet normal 0.086881 0.996219 0.000000
outer loop
vertex 90.400925 21.402767 -0.000007
vertex 90.400925 21.402767 4.479974
vertex 90.784927 21.369278 4.479974
endloop
endfacet
facet normal 0.086881 0.996219 0.000000
outer loop
vertex 90.400925 21.402767 -0.000007
vertex 90.784927 21.369278 4.479974
vertex 90.784927 21.369278 -0.000007
endloop
endfacet
facet normal -0.009472 0.999955 0.000000
outer loop
vertex 81.915390 21.322392 -0.000007
vertex 81.915390 21.322392 4.479974
vertex 90.400925 21.402767 4.479974
endloop
endfacet
facet normal -0.009472 0.999955 0.000000
outer loop
vertex 81.915390 21.322392 -0.000007
vertex 90.400925 21.402767 4.479974
vertex 90.400925 21.402767 -0.000007
endloop
endfacet
facet normal 0.000000 0.000000 1.000000
outer loop
vertex 81.254601 33.181313 12.767940
vertex 81.229660 34.490788 12.767940
vertex 78.638855 34.437199 12.767940
endloop
endfacet
facet normal 0.000000 0.000000 1.000000
outer loop
vertex 78.638855 34.437199 12.767940
vertex 77.604034 33.301880 12.767940
vertex 77.738701 27.119556 12.767940
endloop
endfacet
facet normal 0.000000 0.000000 1.000000
outer loop
vertex 77.738701 27.119556 12.767940
vertex 90.844780 27.357338 12.767940
vertex 90.632828 33.362156 12.767940
endloop
endfacet
facet normal 0.000000 0.000000 1.000000
outer loop
vertex 81.254601 33.181313 12.767940
vertex 78.638855 34.437199 12.767940
vertex 77.738701 27.119556 12.767940
endloop
endfacet
facet normal -0.000000 0.000000 1.000000
outer loop
vertex 77.738701 27.119556 12.767940
vertex 90.632828 33.362156 12.767940
vertex 81.254601 33.181313 12.767940
endloop
endfacet
facet normal -0.020680 0.999786 0.000000
outer loop
vertex 78.638855 34.437199 -0.000008
vertex 78.638855 34.437199 12.767940
vertex 81.229660 34.490788 12.767940
endloop
endfacet
facet normal -0.020680 0.999786 0.000000
outer loop
vertex 78.638855 34.437199 -0.000008
vertex 81.229660 34.490788 12.767940
vertex 81.229660 34.490788 -0.000008
endloop
endfacet
facet normal -0.739061 0.673639 0.000000
outer loop
vertex 77.604034 33.301880 -0.000008
vertex 77.604034 33.301880 12.767940
vertex 78.638855 34.437199 12.767940
endloop
endfacet
facet normal -0.739061 0.673639 0.000000
outer loop
vertex 77.604034 33.301880 -0.000008
vertex 78.638855 34.437199 12.767940
vertex 78.638855 34.437199 -0.000008
endloop
endfacet
facet normal -0.999763 -0.021775 0.000000
outer loop
vertex 77.738701 27.119556 -0.000008
vertex 77.738701 27.119556 12.767940
vertex 77.604034 33.301880 12.767940
endloop
endfacet
facet normal -0.999763 -0.021778 0.000000
outer loop
vertex 77.738701 27.119556 -0.000008
vertex 77.604034 33.301880 12.767940
vertex 77.604034 33.301880 -0.000008
endloop
endfacet
facet normal 0.018140 -0.999835 0.000000
outer loop
vertex 90.844780 27.357338 -0.000008
vertex 90.844780 27.357338 12.767940
vertex 77.738701 27.119556 12.767940
endloop
endfacet
facet normal 0.018140 -0.999835 0.000000
outer loop
vertex 90.844780 27.357338 -0.000008
vertex 77.738701 27.119556 12.767940
vertex 77.738701 27.119556 -0.000008
endloop
endfacet
facet normal 0.999378 0.035276 0.000000
outer loop
vertex 90.632828 33.362156 -0.000008
vertex 90.632828 33.362156 12.767940
vertex 90.844780 27.357338 12.767940
endloop
endfacet
facet normal 0.999378 0.035273 0.000000
outer loop
vertex 90.632828 33.362156 -0.000008
vertex 90.844780 27.357338 12.767940
vertex 90.844780 27.357338 -0.000008
endloop
endfacet
facet normal -0.019280 0.999814 0.000000
outer loop
vertex 81.254601 33.181313 -0.000008
vertex 81.254601 33.181313 12.767940
vertex 90.632828 33.362156 12.767940
endloop
endfacet
facet normal -0.019280 0.999814 0.000000
outer loop
vertex 81.254601 33.181313 -0.000008
vertex 90.632828 33.362156 12.767940
vertex 90.632828 33.362156 -0.000008
endloop
endfacet
facet normal 0.999819 0.019038 0.000000
outer loop
vertex 81.229660 34.490788 -0.000008
vertex 81.229660 34.490788 12.767940
vertex 81.254601 33.181313 12.767940
endloop
endfacet
facet normal 0.999819 0.019038 0.000000
outer loop
vertex 81.229660 34.490788 -0.000008
vertex 81.254601 33.181313 12.767940
vertex 81.254601 33.181313 -0.000008
endloop
endfacet
facet normal 0.000000 0.000000 1.000000
outer loop
vertex 80.072647 13.505781 4.479975
vertex 82.040077 13.539278 4.479975
vertex 81.977730 17.430832 4.479975
endloop
endfacet
facet normal -0.000000 0.000000 1.000000
outer loop
vertex 81.977730 17.430832 4.479975
vertex 81.915390 21.322392 4.479974
vertex 77.120300 21.245365 4.479974
endloop
endfacet
facet normal 0.000000 0.000000 1.000000
outer loop
vertex 77.120300 21.245365 4.479974
vertex 77.230003 14.443511 4.479975
vertex 80.055199 14.487042 4.479975
endloop
endfacet
facet normal 0.000002 0.000000 1.000000
outer loop
vertex 80.055199 14.487042 4.479975
vertex 80.072647 13.505781 4.479975
vertex 81.977730 17.430832 4.479975
endloop
endfacet
facet normal 0.000000 0.000000 1.000000
outer loop
vertex 81.977730 17.430832 4.479975
vertex 77.120300 21.245365 4.479974
vertex 80.055199 14.487042 4.479975
endloop
endfacet
facet normal 0.999872 0.016018 0.000000
outer loop
vertex 81.977730 17.430832 -0.000007
vertex 81.977730 17.430832 4.479975
vertex 82.040077 13.539278 4.479975
endloop
endfacet
facet normal 0.999872 0.016018 0.000000
outer loop
vertex 81.977730 17.430832 -0.000007
vertex 82.040077 13.539278 4.479975
vertex 82.040077 13.539278 -0.000007
endloop
endfacet
facet normal 0.999872 0.016021 0.000000
outer loop
vertex 81.915390 21.322392 -0.000007
vertex 81.915390 21.322392 4.479974
vertex 81.977730 17.430832 4.479975
endloop
endfacet
facet normal 0.999872 0.016015 0.000000
outer loop
vertex 81.915390 21.322392 -0.000007
vertex 81.977730 17.430832 4.479975
vertex 81.977730 17.430832 -0.000007
endloop
endfacet
facet normal -0.016062 0.999871 0.000000
outer loop
vertex 77.120300 21.245365 -0.000007
vertex 77.120300 21.245365 4.479974
vertex 81.915390 21.322392 4.479974
endloop
endfacet
facet normal -0.016062 0.999871 0.000000
outer loop
vertex 77.120300 21.245365 -0.000007
vertex 81.915390 21.322392 4.479974
vertex 81.915390 21.322392 -0.000007
endloop
endfacet
facet normal -0.999870 -0.016125 0.000000
outer loop
vertex 77.230003 14.443511 -0.000007
vertex 77.230003 14.443511 4.479975
vertex 77.120300 21.245365 4.479974
endloop
endfacet
facet normal -0.999870 -0.016126 0.000000
outer loop
vertex 77.230003 14.443511 -0.000007
vertex 77.120300 21.245365 4.479974
vertex 77.120300 21.245365 -0.000007
endloop
endfacet
facet normal 0.015406 -0.999881 0.000000
outer loop
vertex 80.055199 14.487042 -0.000007
vertex 80.055199 14.487042 4.479975
vertex 77.230003 14.443511 4.479975
endloop
endfacet
facet normal 0.015406 -0.999881 0.000000
outer loop
vertex 80.055199 14.487042 -0.000007
vertex 77.230003 14.443511 4.479975
vertex 77.230003 14.443511 -0.000007
endloop
endfacet
facet normal -0.999842 -0.017783 0.000000
outer loop
vertex 80.072647 13.505781 -0.000007
vertex 80.072647 13.505781 4.479975
vertex 80.055199 14.487042 4.479975
endloop
endfacet
facet normal -0.999842 -0.017769 0.000000
outer loop
vertex 80.072647 13.505781 -0.000007
vertex 80.055199 14.487042 4.479975
vertex 80.055199 14.487042 -0.000007
endloop
endfacet
facet normal 0.017023 -0.999855 0.000000
outer loop
vertex 82.040077 13.539278 -0.000007
vertex 82.040077 13.539278 4.479975
vertex 80.072647 13.505781 4.479975
endloop
endfacet
facet normal 0.017023 -0.999855 0.000000
outer loop
vertex 82.040077 13.539278 -0.000007
vertex 80.072647 13.505781 4.479975
vertex 80.072647 13.505781 -0.000007
endloop
endfacet
facet normal 0.000000 0.000000 1.000000
outer loop
vertex 80.055199 14.487042 1.343988
vertex 77.230003 14.443511 1.343988
vertex 77.364670 6.084390 1.343988
endloop
endfacet
facet normal 0.000000 0.000000 1.000000
outer loop
vertex 77.364670 6.084390 1.343988
vertex 82.159760 6.161417 1.343988
vertex 82.040077 13.539278 1.343988
endloop
endfacet
facet normal 0.000001 0.000000 1.000000
outer loop
vertex 80.072647 13.505781 1.343988
vertex 80.055199 14.487042 1.343988
vertex 77.364670 6.084390 1.343988
endloop
endfacet
facet normal 0.000000 0.000000 1.000000
outer loop
vertex 77.364670 6.084390 1.343988
vertex 82.040077 13.539278 1.343988
vertex 80.072647 13.505781 1.343988
endloop
endfacet
facet normal -0.999870 -0.016109 0.000000
outer loop
vertex 77.364670 6.084390 -0.000006
vertex 77.364670 6.084390 1.343988
vertex 77.230003 14.443511 1.343988
endloop
endfacet
facet normal -0.999870 -0.016109 0.000000
outer loop
vertex 77.364670 6.084390 -0.000006
vertex 77.230003 14.443511 1.343988
vertex 77.230003 14.443511 -0.000007
endloop
endfacet
facet normal 0.016062 -0.999871 0.000000
outer loop
vertex 82.159760 6.161417 -0.000006
vertex 82.159760 6.161417 1.343988
vertex 77.364670 6.084390 1.343988
endloop
endfacet
facet normal 0.016062 -0.999871 0.000000
outer loop
vertex 82.159760 6.161417 -0.000006
vertex 77.364670 6.084390 1.343988
vertex 77.364670 6.084390 -0.000006
endloop
endfacet
facet normal 0.999868 0.016219 0.000000
outer loop
vertex 82.040077 13.539278 -0.000007
vertex 82.040077 13.539278 1.343988
vertex 82.159760 6.161417 1.343988
endloop
endfacet
facet normal 0.999868 0.016222 0.000000
outer loop
vertex 82.040077 13.539278 -0.000007
vertex 82.159760 6.161417 1.343988
vertex 82.159760 6.161417 -0.000006
endloop
endfacet
facet normal -0.017023 0.999855 0.000000
outer loop
vertex 80.072647 13.505781 -0.000007
vertex 80.072647 13.505781 1.343988
vertex 82.040077 13.539278 1.343988
endloop
endfacet
facet normal -0.017023 0.999855 0.000000
outer loop
vertex 80.072647 13.505781 -0.000007
vertex 82.040077 13.539278 1.343988
vertex 82.040077 13.539278 -0.000007
endloop
endfacet
facet normal 0.999842 0.017775 0.000000
outer loop
vertex 80.055199 14.487042 -0.000007
vertex 80.055199 14.487042 1.343988
vertex 80.072647 13.505781 1.343988
endloop
endfacet
facet normal 0.999842 0.017780 0.000000
outer loop
vertex 80.055199 14.487042 -0.000007
vertex 80.072647 13.505781 1.343988
vertex 80.072647 13.505781 -0.000007
endloop
endfacet
facet normal -0.015406 0.999881 0.000000
outer loop
vertex 77.230003 14.443511 -0.000007
vertex 77.230003 14.443511 1.343988
vertex 80.055199 14.487042 1.343988
endloop
endfacet
facet normal -0.015406 0.999881 0.000000
outer loop
vertex 77.230003 14.443511 -0.000007
vertex 80.055199 14.487042 1.343988
vertex 80.055199 14.487042 -0.000007
endloop
endfacet
facet normal -0.000000 0.000000 1.000000
outer loop
vertex 79.354523 73.929489 4.031972
vertex 79.424324 70.081360 4.031972
vertex 90.453285 70.289009 4.031972
endloop
endfacet
facet normal 0.000000 0.000000 1.000000
outer loop
vertex 79.354523 73.929489 4.031972
vertex 90.453285 70.289009 4.031972
vertex 90.383469 74.157234 4.031972
endloop
endfacet
facet normal -0.999835 -0.018136 0.000000
outer loop
vertex 79.424324 70.081360 -0.000011
vertex 79.424324 70.081360 4.031972
vertex 79.354523 73.929489 4.031972
endloop
endfacet
facet normal -0.999835 -0.018140 0.000000
outer loop
vertex 79.424324 70.081360 -0.000011
vertex 79.354523 73.929489 4.031972
vertex 79.354523 73.929489 -0.000011
endloop
endfacet
facet normal 0.018824 -0.999823 0.000000
outer loop
vertex 90.453285 70.289009 -0.000011
vertex 90.453285 70.289009 4.031972
vertex 79.424324 70.081360 4.031972
endloop
endfacet
facet normal 0.018824 -0.999823 0.000000
outer loop
vertex 90.453285 70.289009 -0.000011
vertex 79.424324 70.081360 4.031972
vertex 79.424324 70.081360 -0.000011
endloop
endfacet
facet normal 0.999837 0.018049 0.000000
outer loop
vertex 90.383469 74.157234 -0.000011
vertex 90.383469 74.157234 4.031972
vertex 90.453285 70.289009 4.031972
endloop
endfacet
facet normal 0.999837 0.018042 0.000000
outer loop
vertex 90.383469 74.157234 -0.000011
vertex 90.453285 70.289009 4.031972
vertex 90.453285 70.289009 -0.000011
endloop
endfacet
facet normal -0.020645 0.999787 0.000000
outer loop
vertex 79.354523 73.929489 -0.000011
vertex 79.354523 73.929489 4.031972
vertex 90.383469 74.157234 4.031972
endloop
endfacet
facet normal -0.020645 0.999787 0.000000
outer loop
vertex 79.354523 73.929489 -0.000011
vertex 90.383469 74.157234 4.031972
vertex 90.383469 74.157234 -0.000011
endloop
endfacet
facet normal -0.000000 0.000000 1.000000
outer loop
vertex 90.600410 35.127106 2.687981
vertex 81.219681 34.946255 2.687981
vertex 81.229660 34.490788 2.687981
endloop
endfacet
facet normal 0.000000 0.000000 1.000000
outer loop
vertex 81.229660 34.490788 2.687981
vertex 81.254601 33.181313 2.687981
vertex 90.632828 33.362156 2.687981
endloop
endfacet
facet normal 0.000000 0.000000 1.000000
outer loop
vertex 81.229660 34.490788 2.687981
vertex 90.632828 33.362156 2.687981
vertex 90.600410 35.127106 2.687981
endloop
endfacet
facet normal -0.999760 -0.021905 0.000000
outer loop
vertex 81.229660 34.490788 -0.000008
vertex 81.229660 34.490788 2.687981
vertex 81.219681 34.946255 2.687981
endloop
endfacet
facet normal -0.999760 -0.021905 0.000000
outer loop
vertex 81.229660 34.490788 -0.000008
vertex 81.219681 34.946255 2.687981
vertex 81.219681 34.946255 -0.000008
endloop
endfacet
facet normal -0.999818 -0.019051 0.000000
outer loop
vertex 81.254601 33.181313 -0.000008
vertex 81.254601 33.181313 2.687981
vertex 81.229660 34.490788 2.687981
endloop
endfacet
facet normal -0.999819 -0.019036 0.000000
outer loop
vertex 81.254601 33.181313 -0.000008
vertex 81.229660 34.490788 2.687981
vertex 81.229660 34.490788 -0.000008
endloop
endfacet
facet normal 0.019280 -0.999814 0.000000
outer loop
vertex 90.632828 33.362156 -0.000008
vertex 90.632828 33.362156 2.687981
vertex 81.254601 33.181313 2.687981
endloop
endfacet
facet normal 0.019280 -0.999814 0.000000
outer loop
vertex 90.632828 33.362156 -0.000008
vertex 81.254601 33.181313 2.687981
vertex 81.254601 33.181313 -0.000008
endloop
endfacet
facet normal 0.999831 0.018369 0.000000
outer loop
vertex 90.600410 35.127106 -0.000008
vertex 90.600410 35.127106 2.687981
vertex 90.632828 33.362156 2.687981
endloop
endfacet
facet normal 0.999832 0.018356 0.000000
outer loop
vertex 90.600410 35.127106 -0.000008
vertex 90.632828 33.362156 2.687981
vertex 90.632828 33.362156 -0.000008
endloop
endfacet
facet normal -0.019275 0.999814 0.000000
outer loop
vertex 81.219681 34.946255 -0.000008
vertex 81.219681 34.946255 2.687981
vertex 90.600410 35.127106 2.687981
endloop
endfacet
facet normal -0.019275 0.999814 0.000000
outer loop
vertex 81.219681 34.946255 -0.000008
vertex 90.600410 35.127106 2.687981
vertex 90.600410 35.127106 -0.000008
endloop
endfacet
facet normal -0.000000 0.000000 1.000000
outer loop
vertex 81.077553 42.284023 10.751947
vertex 81.152367 38.405823 10.751947
vertex 90.488190 38.583321 10.751947
endloop
endfacet
facet normal 0.000000 0.000000 1.000000
outer loop
vertex 81.077553 42.284023 10.751947
vertex 90.488190 38.583321 10.751947
vertex 90.415878 42.461525 10.751947
endloop
endfacet
facet normal -0.999814 -0.019288 0.000000
outer loop
vertex 81.152367 38.405823 -0.000009
vertex 81.152367 38.405823 10.751947
vertex 81.077553 42.284023 10.751947
endloop
endfacet
facet normal -0.999814 -0.019288 0.000000
outer loop
vertex 81.152367 38.405823 -0.000009
vertex 81.077553 42.284023 10.751947
vertex 81.077553 42.284023 -0.000009
endloop
endfacet
facet normal 0.019009 -0.999819 0.000000
outer loop
vertex 90.488190 38.583321 -0.000009
vertex 90.488190 38.583321 10.751947
vertex 81.152367 38.405823 10.751947
endloop
endfacet
facet normal 0.019009 -0.999819 0.000000
outer loop
vertex 90.488190 38.583321 -0.000009
vertex 81.152367 38.405823 10.751947
vertex 81.152367 38.405823 -0.000009
endloop
endfacet
facet normal 0.999826 0.018645 0.000000
outer loop
vertex 90.415878 42.461525 -0.000009
vertex 90.415878 42.461525 10.751947
vertex 90.488190 38.583321 10.751947
endloop
endfacet
facet normal 0.999826 0.018642 0.000000
outer loop
vertex 90.415878 42.461525 -0.000009
vertex 90.488190 38.583321 10.751947
vertex 90.488190 38.583321 -0.000009
endloop
endfacet
facet normal -0.019004 0.999819 0.000000
outer loop
vertex 81.077553 42.284023 -0.000009
vertex 81.077553 42.284023 10.751947
vertex 90.415878 42.461525 10.751947
endloop
endfacet
facet normal -0.019004 0.999819 0.000000
outer loop
vertex 81.077553 42.284023 -0.000009
vertex 90.415878 42.461525 10.751947
vertex 90.415878 42.461525 -0.000009
endloop
endfacet
facet normal 0.000000 0.000000 1.000000
outer loop
vertex 78.763542 109.343216 2.687975
vertex 78.780983 108.432251 2.687975
vertex 89.705223 108.636551 2.687975
endloop
endfacet
facet normal -0.999817 -0.019152 0.000000
outer loop
vertex 78.780983 108.432251 -0.000014
vertex 78.780983 108.432251 2.687975
vertex 78.763542 109.343216 2.687975
endloop
endfacet
facet normal -0.999817 -0.019140 0.000000
outer loop
vertex 78.780983 108.432251 -0.000014
vertex 78.763542 109.343216 2.687975
vertex 78.763542 109.343216 -0.000014
endloop
endfacet
facet normal 0.018698 -0.999825 0.000000
outer loop
vertex 89.705223 108.636551 -0.000014
vertex 89.705223 108.636551 2.687975
vertex 78.780983 108.432251 2.687975
endloop
endfacet
facet normal 0.018698 -0.999825 0.000000
outer loop
vertex 89.705223 108.636551 -0.000014
vertex 78.780983 108.432251 2.687975
vertex 78.780983 108.432251 -0.000014
endloop
endfacet
facet normal -0.000000 0.000000 1.000000
outer loop
vertex 81.077553 42.284023 4.479973
vertex 74.594322 42.166817 4.479973
vertex 74.726501 35.023285 4.479973
endloop
endfacet
facet normal 0.000000 0.000000 1.000000
outer loop
vertex 74.726501 35.023285 4.479973
vertex 81.207214 35.143848 4.479973
vertex 81.152367 38.405823 4.479973
endloop
endfacet
facet normal 0.000000 0.000000 1.000000
outer loop
vertex 74.726501 35.023285 4.479973
vertex 81.152367 38.405823 4.479973
vertex 81.077553 42.284023 4.479973
endloop
endfacet
facet normal -0.999829 -0.018500 0.000000
outer loop
vertex 74.726501 35.023285 -0.000008
vertex 74.726501 35.023285 4.479973
vertex 74.594322 42.166817 4.479973
endloop
endfacet
facet normal -0.999829 -0.018500 0.000000
outer loop
vertex 74.726501 35.023285 -0.000008
vertex 74.594322 42.166817 4.479973
vertex 74.594322 42.166817 -0.000009
endloop
endfacet
facet normal 0.018600 -0.999827 0.000000
outer loop
vertex 81.207214 35.143848 -0.000008
vertex 81.207214 35.143848 4.479973
vertex 74.726501 35.023285 4.479973
endloop
endfacet
facet normal 0.018600 -0.999827 0.000000
outer loop
vertex 81.207214 35.143848 -0.000008
vertex 74.726501 35.023285 4.479973
vertex 74.726501 35.023285 -0.000008
endloop
endfacet
facet normal 0.999859 0.016817 0.000000
outer loop
vertex 81.152367 38.405823 -0.000009
vertex 81.152367 38.405823 4.479973
vertex 81.207214 35.143848 4.479973
endloop
endfacet
facet normal 0.999859 0.016808 0.000000
outer loop
vertex 81.152367 38.405823 -0.000009
vertex 81.207214 35.143848 4.479973
vertex 81.207214 35.143848 -0.000008
endloop
endfacet
facet normal 0.999814 0.019285 0.000000
outer loop
vertex 81.077553 42.284023 -0.000009
vertex 81.077553 42.284023 4.479973
vertex 81.152367 38.405823 4.479973
endloop
endfacet
facet normal 0.999814 0.019286 0.000000
outer loop
vertex 81.077553 42.284023 -0.000009
vertex 81.152367 38.405823 4.479973
vertex 81.152367 38.405823 -0.000009
endloop
endfacet
facet normal -0.018075 0.999837 0.000000
outer loop
vertex 74.594322 42.166817 -0.000009
vertex 74.594322 42.166817 4.479973
vertex 81.077553 42.284023 4.479973
endloop
endfacet
facet normal -0.018075 0.999837 0.000000
outer loop
vertex 74.594322 42.166817 -0.000009
vertex 81.077553 42.284023 4.479973
vertex 81.077553 42.284023 -0.000009
endloop
endfacet
facet normal 0.000000 0.000000 1.000000
outer loop
vertex 79.269730 77.784309 2.687978
vertex 79.354523 73.929489 2.687978
vertex 90.383469 74.157234 2.687978
endloop
endfacet
facet normal 0.000000 0.000000 1.000000
outer loop
vertex 79.269730 77.784309 2.687978
vertex 90.383469 74.157234 2.687978
vertex 90.311157 78.018738 2.687978
endloop
endfacet
facet normal -0.999758 -0.021990 0.000000
outer loop
vertex 79.354523 73.929489 -0.000011
vertex 79.354523 73.929489 2.687978
vertex 79.269730 77.784309 2.687978
endloop
endfacet
facet normal -0.999758 -0.021990 0.000000
outer loop
vertex 79.354523 73.929489 -0.000011
vertex 79.269730 77.784309 2.687978
vertex 79.269730 77.784309 -0.000012
endloop
endfacet
facet normal 0.020645 -0.999787 0.000000
outer loop
vertex 90.383469 74.157234 -0.000011
vertex 90.383469 74.157234 2.687978
vertex 79.354523 73.929489 2.687978
endloop
endfacet
facet normal 0.020645 -0.999787 0.000000
outer loop
vertex 90.383469 74.157234 -0.000011
vertex 79.354523 73.929489 2.687978
vertex 79.354523 73.929489 -0.000011
endloop
endfacet
facet normal 0.999825 0.018722 0.000000
outer loop
vertex 90.311157 78.018738 -0.000012
vertex 90.311157 78.018738 2.687978
vertex 90.383469 74.157234 2.687978
endloop
endfacet
facet normal 0.999825 0.018719 0.000000
outer loop
vertex 90.311157 78.018738 -0.000012
vertex 90.383469 74.157234 2.687978
vertex 90.383469 74.157234 -0.000011
endloop
endfacet
facet normal -0.021227 0.999775 0.000000
outer loop
vertex 79.269730 77.784309 -0.000012
vertex 79.269730 77.784309 2.687978
vertex 90.311157 78.018738 2.687978
endloop
endfacet
facet normal -0.021227 0.999775 0.000000
outer loop
vertex 79.269730 77.784309 -0.000012
vertex 90.311157 78.018738 2.687978
vertex 90.311157 78.018738 -0.000012
endloop
endfacet
facet normal 0.000000 0.000000 1.000000
outer loop
vertex 78.860802 104.115181 6.047962
vertex 78.940590 99.690956 6.047962
vertex 89.867302 99.891899 6.047962
endloop
endfacet
facet normal 0.000000 0.000000 1.000000
outer loop
vertex 78.860802 104.115181 6.047962
vertex 89.867302 99.891899 6.047962
vertex 89.785027 104.316132 6.047962
endloop
endfacet
facet normal -0.999837 -0.018030 0.000000
outer loop
vertex 78.940590 99.690956 -0.000013
vertex 78.940590 99.690956 6.047962
vertex 78.860802 104.115181 6.047962
endloop
endfacet
facet normal -0.999837 -0.018031 0.000000
outer loop
vertex 78.940590 99.690956 -0.000013
vertex 78.860802 104.115181 6.047962
vertex 78.860802 104.115181 -0.000014
endloop
endfacet
facet normal 0.018387 -0.999831 0.000000
outer loop
vertex 89.867302 99.891899 -0.000013
vertex 89.867302 99.891899 6.047962
vertex 78.940590 99.690956 6.047962
endloop
endfacet
facet normal 0.018387 -0.999831 0.000000
outer loop
vertex 89.867302 99.891899 -0.000013
vertex 78.940590 99.690956 6.047962
vertex 78.940590 99.690956 -0.000013
endloop
endfacet
facet normal 0.999827 0.018593 0.000000
outer loop
vertex 89.785027 104.316132 -0.000014
vertex 89.785027 104.316132 6.047962
vertex 89.867302 99.891899 6.047962
endloop
endfacet
facet normal 0.999827 0.018596 0.000000
outer loop
vertex 89.785027 104.316132 -0.000014
vertex 89.867302 99.891899 6.047962
vertex 89.867302 99.891899 -0.000013
endloop
endfacet
facet normal -0.018392 0.999831 0.000000
outer loop
vertex 78.860802 104.115181 -0.000014
vertex 78.860802 104.115181 6.047962
vertex 89.785027 104.316132 6.047962
endloop
endfacet
facet normal -0.018392 0.999831 0.000000
outer loop
vertex 78.860802 104.115181 -0.000014
vertex 89.785027 104.316132 6.047962
vertex 89.785027 104.316132 -0.000014
endloop
endfacet
facet normal 0.000004 0.000000 1.000000
outer loop
vertex 81.152367 38.405823 2.687980
vertex 81.207214 35.143848 2.687981
vertex 81.219681 34.946255 2.687981
endloop
endfacet
facet normal 0.000000 0.000000 1.000000
outer loop
vertex 81.219681 34.946255 2.687981
vertex 90.600410 35.127106 2.687981
vertex 90.488190 38.583321 2.687980
endloop
endfacet
facet normal -0.000000 0.000000 1.000000
outer loop
vertex 81.219681 34.946255 2.687981
vertex 90.488190 38.583321 2.687980
vertex 81.152367 38.405823 2.687980
endloop
endfacet
facet normal -0.998016 -0.062964 0.000000
outer loop
vertex 81.219681 34.946255 -0.000008
vertex 81.219681 34.946255 2.687981
vertex 81.207214 35.143848 2.687981
endloop
endfacet
facet normal -0.998016 -0.062964 0.000000
outer loop
vertex 81.219681 34.946255 -0.000008
vertex 81.207214 35.143848 2.687981
vertex 81.207214 35.143848 -0.000008
endloop
endfacet
facet normal 0.019275 -0.999814 0.000000
outer loop
vertex 90.600410 35.127106 -0.000008
vertex 90.600410 35.127106 2.687981
vertex 81.219681 34.946255 2.687981
endloop
endfacet
facet normal 0.019275 -0.999814 0.000000
outer loop
vertex 90.600410 35.127106 -0.000008
vertex 81.219681 34.946255 2.687981
vertex 81.219681 34.946255 -0.000008
endloop
endfacet
facet normal 0.999473 0.032449 0.000000
outer loop
vertex 90.488190 38.583321 -0.000009
vertex 90.488190 38.583321 2.687980
vertex 90.600410 35.127106 2.687981
endloop
endfacet
facet normal 0.999473 0.032457 0.000000
outer loop
vertex 90.488190 38.583321 -0.000009
vertex 90.600410 35.127106 2.687981
vertex 90.600410 35.127106 -0.000008
endloop
endfacet
facet normal -0.019009 0.999819 0.000000
outer loop
vertex 81.152367 38.405823 -0.000009
vertex 81.152367 38.405823 2.687980
vertex 90.488190 38.583321 2.687980
endloop
endfacet
facet normal -0.019009 0.999819 0.000000
outer loop
vertex 81.152367 38.405823 -0.000009
vertex 90.488190 38.583321 2.687980
vertex 90.488190 38.583321 -0.000009
endloop
endfacet
facet normal -0.999859 -0.016811 0.000000
outer loop
vertex 81.207214 35.143848 -0.000008
vertex 81.207214 35.143848 2.687981
vertex 81.152367 38.405823 2.687980
endloop
endfacet
facet normal -0.999859 -0.016812 0.000000
outer loop
vertex 81.207214 35.143848 -0.000008
vertex 81.152367 38.405823 2.687980
vertex 81.152367 38.405823 -0.000009
endloop
endfacet
facet normal 0.000000 0.000000 1.000000
outer loop
vertex 79.424324 70.081360 6.047964
vertex 79.471710 67.680069 6.047965
vertex 90.498169 67.891052 6.047965
endloop
endfacet
facet normal -0.000000 0.000000 1.000000
outer loop
vertex 79.424324 70.081360 6.047964
vertex 90.498169 67.891052 6.047965
vertex 90.453285 70.289009 6.047964
endloop
endfacet
facet normal -0.999805 -0.019731 0.000000
outer loop
vertex 79.471710 67.680069 -0.000011
vertex 79.471710 67.680069 6.047965
vertex 79.424324 70.081360 6.047964
endloop
endfacet
facet normal -0.999805 -0.019732 0.000000
outer loop
vertex 79.471710 67.680069 -0.000011
vertex 79.424324 70.081360 6.047964
vertex 79.424324 70.081360 -0.000011
endloop
endfacet
facet normal 0.019131 -0.999817 0.000000
outer loop
vertex 90.498169 67.891052 -0.000011
vertex 90.498169 67.891052 6.047965
vertex 79.471710 67.680069 6.047965
endloop
endfacet
facet normal 0.019131 -0.999817 0.000000
outer loop
vertex 90.498169 67.891052 -0.000011
vertex 79.471710 67.680069 6.047965
vertex 79.471710 67.680069 -0.000011
endloop
endfacet
facet normal 0.999825 0.018710 0.000000
outer loop
vertex 90.453285 70.289009 -0.000011
vertex 90.453285 70.289009 6.047964
vertex 90.498169 67.891052 6.047965
endloop
endfacet
facet normal 0.999825 0.018716 0.000000
outer loop
vertex 90.453285 70.289009 -0.000011
vertex 90.498169 67.891052 6.047965
vertex 90.498169 67.891052 -0.000011
endloop
endfacet
facet normal -0.018824 0.999823 0.000000
outer loop
vertex 79.424324 70.081360 -0.000011
vertex 79.424324 70.081360 6.047964
vertex 90.453285 70.289009 6.047964
endloop
endfacet
facet normal -0.018824 0.999823 0.000000
outer loop
vertex 79.424324 70.081360 -0.000011
vertex 90.453285 70.289009 6.047964
vertex 90.453285 70.289009 -0.000011
endloop
endfacet
facet normal 0.000000 0.000000 1.000000
outer loop
vertex 74.594322 42.166817 2.687980
vertex 70.230629 42.062992 2.687980
vertex 70.445061 32.263676 2.687981
endloop
endfacet
facet normal -0.000000 0.000000 1.000000
outer loop
vertex 70.445061 32.263676 2.687981
vertex 74.818756 32.357449 2.687981
vertex 74.726501 35.023285 2.687981
endloop
endfacet
facet normal 0.000000 0.000000 1.000000
outer loop
vertex 70.445061 32.263676 2.687981
vertex 74.726501 35.023285 2.687981
vertex 74.594322 42.166817 2.687980
endloop
endfacet
facet normal -0.999761 -0.021876 0.000000
outer loop
vertex 70.445061 32.263676 -0.000008
vertex 70.445061 32.263676 2.687981
vertex 70.230629 42.062992 2.687980
endloop
endfacet
facet normal -0.999761 -0.021877 0.000000
outer loop
vertex 70.445061 32.263676 -0.000008
vertex 70.230629 42.062992 2.687980
vertex 70.230629 42.062992 -0.000009
endloop
endfacet
facet normal 0.021435 -0.999770 0.000000
outer loop
vertex 74.818756 32.357449 -0.000008
vertex 74.818756 32.357449 2.687981
vertex 70.445061 32.263676 2.687981
endloop
endfacet
facet normal 0.021435 -0.999770 0.000000
outer loop
vertex 74.818756 32.357449 -0.000008
vertex 70.445061 32.263676 2.687981
vertex 70.445061 32.263676 -0.000008
endloop
endfacet
facet normal 0.999402 0.034586 0.000000
outer loop
vertex 74.726501 35.023285 -0.000008
vertex 74.726501 35.023285 2.687981
vertex 74.818756 32.357449 2.687981
endloop
endfacet
facet normal 0.999402 0.034586 0.000000
outer loop
vertex 74.726501 35.023285 -0.000008
vertex 74.818756 32.357449 2.687981
vertex 74.818756 32.357449 -0.000008
endloop
endfacet
facet normal 0.999829 0.018502 0.000000
outer loop
vertex 74.594322 42.166817 -0.000009
vertex 74.594322 42.166817 2.687980
vertex 74.726501 35.023285 2.687981
endloop
endfacet
facet normal 0.999829 0.018498 0.000000
outer loop
vertex 74.594322 42.166817 -0.000009
vertex 74.726501 35.023285 2.687981
vertex 74.726501 35.023285 -0.000008
endloop
endfacet
facet normal -0.023786 0.999717 0.000000
outer loop
vertex 70.230629 42.062992 -0.000009
vertex 70.230629 42.062992 2.687980
vertex 74.594322 42.166817 2.687980
endloop
endfacet
facet normal -0.023786 0.999717 0.000000
outer loop
vertex 70.230629 42.062992 -0.000009
vertex 74.594322 42.166817 2.687980
vertex 74.594322 42.166817 -0.000009
endloop
endfacet
facet normal -0.000113 0.002474 0.999997
outer loop
vertex 89.867302 99.891899 13.439931
vertex 78.940590 99.690956 13.439931
vertex 75.501991 99.627327 13.439932
endloop
endfacet
facet normal -0.000000 0.000000 1.000000
outer loop
vertex 75.501991 99.627327 13.439932
vertex 75.624161 92.999374 13.439932
vertex 79.055298 93.063004 13.439932
endloop
endfacet
facet normal 0.000000 0.000000 1.000000
outer loop
vertex 79.055298 93.063004 13.439932
vertex 79.097679 90.688469 13.439932
vertex 90.031883 90.892769 13.439932
endloop
endfacet
facet normal -0.000000 0.000000 1.000000
outer loop
vertex 90.031883 90.892769 13.439932
vertex 89.867302 99.891899 13.439931
vertex 75.501991 99.627327 13.439932
endloop
endfacet
facet normal -0.000000 0.000000 1.000000
outer loop
vertex 75.501991 99.627327 13.439932
vertex 79.055298 93.063004 13.439932
vertex 90.031883 90.892769 13.439932
endloop
endfacet
facet normal -0.018501 0.999829 0.000000
outer loop
vertex 75.501991 99.627327 -0.000013
vertex 75.501991 99.627327 13.439932
vertex 78.940590 99.690956 13.439931
endloop
endfacet
facet normal -0.018501 0.999829 0.000000
outer loop
vertex 75.501991 99.627327 -0.000013
vertex 78.940590 99.690956 13.439931
vertex 78.940590 99.690956 -0.000013
endloop
endfacet
facet normal -0.999830 -0.018428 0.000000
outer loop
vertex 75.624161 92.999374 -0.000013
vertex 75.624161 92.999374 13.439932
vertex 75.501991 99.627327 13.439932
endloop
endfacet
facet normal -0.999830 -0.018431 0.000000
outer loop
vertex 75.624161 92.999374 -0.000013
vertex 75.501991 99.627327 13.439932
vertex 75.501991 99.627327 -0.000013
endloop
endfacet
facet normal 0.018541 -0.999828 0.000000
outer loop
vertex 79.055298 93.063004 -0.000013
vertex 79.055298 93.063004 13.439932
vertex 75.624161 92.999374 13.439932
endloop
endfacet
facet normal 0.018541 -0.999828 0.000000
outer loop
vertex 79.055298 93.063004 -0.000013
vertex 75.624161 92.999374 13.439932
vertex 75.624161 92.999374 -0.000013
endloop
endfacet
facet normal -0.999841 -0.017837 0.000000
outer loop
vertex 79.097679 90.688469 -0.000013
vertex 79.097679 90.688469 13.439932
vertex 79.055298 93.063004 13.439932
endloop
endfacet
facet normal -0.999841 -0.017852 0.000000
outer loop
vertex 79.097679 90.688469 -0.000013
vertex 79.055298 93.063004 13.439932
vertex 79.055298 93.063004 -0.000013
endloop
endfacet
facet normal 0.018681 -0.999825 0.000000
outer loop
vertex 90.031883 90.892769 -0.000013
vertex 90.031883 90.892769 13.439932
vertex 79.097679 90.688469 13.439932
endloop
endfacet
facet normal 0.018681 -0.999825 0.000000
outer loop
vertex 90.031883 90.892769 -0.000013
vertex 79.097679 90.688469 13.439932
vertex 79.097679 90.688469 -0.000013
endloop
endfacet
facet normal 0.999833 0.018286 0.000000
outer loop
vertex 89.867302 99.891899 -0.000013
vertex 89.867302 99.891899 13.439931
vertex 90.031883 90.892769 13.439932
endloop
endfacet
facet normal 0.999833 0.018283 0.000000
outer loop
vertex 89.867302 99.891899 -0.000013
vertex 90.031883 90.892769 13.439932
vertex 90.031883 90.892769 -0.000013
endloop
endfacet
facet normal -0.018387 0.999831 0.000000
outer loop
vertex 78.940590 99.690956 -0.000013
vertex 78.940590 99.690956 13.439931
vertex 89.867302 99.891899 13.439931
endloop
endfacet
facet normal -0.018387 0.999831 0.000000
outer loop
vertex 78.940590 99.690956 -0.000013
vertex 89.867302 99.891899 13.439931
vertex 89.867302 99.891899 -0.000013
endloop
endfacet
facet normal -0.000000 0.000000 1.000000
outer loop
vertex 78.780983 108.432251 5.375964
vertex 78.860802 104.115181 5.375964
vertex 89.785027 104.316132 5.375964
endloop
endfacet
facet normal 0.000000 0.000000 1.000000
outer loop
vertex 78.780983 108.432251 5.375964
vertex 89.785027 104.316132 5.375964
vertex 89.705223 108.636551 5.375964
endloop
endfacet
facet normal -0.999829 -0.018487 0.000000
outer loop
vertex 78.860802 104.115181 -0.000014
vertex 78.860802 104.115181 5.375964
vertex 78.780983 108.432251 5.375964
endloop
endfacet
facet normal -0.999829 -0.018490 0.000000
outer loop
vertex 78.860802 104.115181 -0.000014
vertex 78.780983 108.432251 5.375964
vertex 78.780983 108.432251 -0.000014
endloop
endfacet
facet normal 0.018392 -0.999831 0.000000
outer loop
vertex 89.785027 104.316132 -0.000014
vertex 89.785027 104.316132 5.375964
vertex 78.860802 104.115181 5.375964
endloop
endfacet
facet normal 0.018392 -0.999831 0.000000
outer loop
vertex 89.785027 104.316132 -0.000014
vertex 78.860802 104.115181 5.375964
vertex 78.860802 104.115181 -0.000014
endloop
endfacet
facet normal 0.999829 0.018467 0.000000
outer loop
vertex 89.705223 108.636551 -0.000014
vertex 89.705223 108.636551 5.375964
vertex 89.785027 104.316132 5.375964
endloop
endfacet
facet normal 0.999829 0.018470 0.000000
outer loop
vertex 89.705223 108.636551 -0.000014
vertex 89.785027 104.316132 5.375964
vertex 89.785027 104.316132 -0.000014
endloop
endfacet
facet normal -0.018698 0.999825 0.000000
outer loop
vertex 78.780983 108.432251 -0.000014
vertex 78.780983 108.432251 5.375964
vertex 89.705223 108.636551 5.375964
endloop
endfacet
facet normal -0.018698 0.999825 0.000000
outer loop
vertex 78.780983 108.432251 -0.000014
vertex 89.705223 108.636551 5.375964
vertex 89.705223 108.636551 -0.000014
endloop
endfacet
facet normal -0.000000 0.000000 1.000000
outer loop
vertex 79.110146 85.015045 4.031971
vertex 79.269730 77.784309 4.031972
vertex 90.311157 78.018738 4.031972
endloop
endfacet
facet normal 0.000000 0.000000 1.000000
outer loop
vertex 79.110146 85.015045 4.031971
vertex 90.311157 78.018738 4.031972
vertex 90.164032 85.246140 4.031971
endloop
endfacet
facet normal -0.999757 -0.022064 0.000000
outer loop
vertex 79.269730 77.784309 -0.000012
vertex 79.269730 77.784309 4.031972
vertex 79.110146 85.015045 4.031971
endloop
endfacet
facet normal -0.999757 -0.022065 0.000000
outer loop
vertex 79.269730 77.784309 -0.000012
vertex 79.110146 85.015045 4.031971
vertex 79.110146 85.015045 -0.000012
endloop
endfacet
facet normal 0.021227 -0.999775 0.000000
outer loop
vertex 90.311157 78.018738 -0.000012
vertex 90.311157 78.018738 4.031972
vertex 79.269730 77.784309 4.031972
endloop
endfacet
facet normal 0.021227 -0.999775 0.000000
outer loop
vertex 90.311157 78.018738 -0.000012
vertex 79.269730 77.784309 4.031972
vertex 79.269730 77.784309 -0.000012
endloop
endfacet
facet normal 0.999793 0.020351 0.000000
outer loop
vertex 90.164032 85.246140 -0.000012
vertex 90.164032 85.246140 4.031971
vertex 90.311157 78.018738 4.031972
endloop
endfacet
facet normal 0.999793 0.020352 0.000000
outer loop
vertex 90.164032 85.246140 -0.000012
vertex 90.311157 78.018738 4.031972
vertex 90.311157 78.018738 -0.000012
endloop
endfacet
facet normal -0.020902 0.999782 0.000000
outer loop
vertex 79.110146 85.015045 -0.000012
vertex 79.110146 85.015045 4.031971
vertex 90.164032 85.246140 4.031971
endloop
endfacet
facet normal -0.020902 0.999782 0.000000
outer loop
vertex 79.110146 85.015045 -0.000012
vertex 90.164032 85.246140 4.031971
vertex 90.164032 85.246140 -0.000012
endloop
endfacet
facet normal -0.000000 0.000000 1.000000
outer loop
vertex 100.215530 21.710876 4.703973
vertex 100.250435 18.398693 4.703973
vertex 113.618340 18.673313 4.703973
endloop
endfacet
facet normal 0.000000 0.000000 1.000000
outer loop
vertex 100.215530 21.710876 4.703973
vertex 113.618340 18.673313 4.703973
vertex 113.521095 21.975447 4.703973
endloop
endfacet
facet normal -0.999945 -0.010533 0.000000
outer loop
vertex 100.250435 18.398693 -0.000007
vertex 100.250435 18.398693 4.703973
vertex 100.215530 21.710876 4.703973
endloop
endfacet
facet normal -0.999945 -0.010537 0.000000
outer loop
vertex 100.250435 18.398693 -0.000007
vertex 100.215530 21.710876 4.703973
vertex 100.215530 21.710876 -0.000007
endloop
endfacet
facet normal 0.020539 -0.999789 0.000000
outer loop
vertex 113.618340 18.673313 -0.000007
vertex 113.618340 18.673313 4.703973
vertex 100.250435 18.398693 4.703973
endloop
endfacet
facet normal 0.020539 -0.999789 0.000000
outer loop
vertex 113.618340 18.673313 -0.000007
vertex 100.250435 18.398693 4.703973
vertex 100.250435 18.398693 -0.000007
endloop
endfacet
facet normal 0.999566 0.029442 0.000000
outer loop
vertex 113.521095 21.975447 -0.000007
vertex 113.521095 21.975447 4.703973
vertex 113.618340 18.673313 4.703973
endloop
endfacet
facet normal 0.999567 0.029426 0.000000
outer loop
vertex 113.521095 21.975447 -0.000007
vertex 113.618340 18.673313 4.703973
vertex 113.618340 18.673313 -0.000007
endloop
endfacet
facet normal -0.019880 0.999802 0.000000
outer loop
vertex 100.215530 21.710876 -0.000007
vertex 100.215530 21.710876 4.703973
vertex 113.521095 21.975447 4.703973
endloop
endfacet
facet normal -0.019880 0.999802 0.000000
outer loop
vertex 100.215530 21.710876 -0.000007
vertex 113.521095 21.975447 4.703973
vertex 113.521095 21.975447 -0.000007
endloop
endfacet
facet normal -0.999976 -0.006875 0.000000
outer loop
vertex 114.770355 29.875809 -0.000008
vertex 114.770355 29.875809 2.687981
vertex 114.750404 32.776081 2.687981
endloop
endfacet
facet normal -0.999976 -0.006882 0.000000
outer loop
vertex 114.770355 29.875809 -0.000008
vertex 114.750404 32.776081 2.687981
vertex 114.750404 32.776081 -0.000008
endloop
endfacet
facet normal -0.000000 0.000000 1.000000
outer loop
vertex 99.936241 35.006542 10.079950
vertex 113.271729 35.274464 10.079950
vertex 113.094696 44.136051 10.079949
endloop
endfacet
facet normal 0.000000 0.000000 1.000000
outer loop
vertex 99.936241 35.006542 10.079950
vertex 113.094696 44.136051 10.079949
vertex 99.759201 43.871471 10.079949
endloop
endfacet
facet normal 0.020087 -0.999798 0.000000
outer loop
vertex 113.271729 35.274464 -0.000008
vertex 113.271729 35.274464 10.079950
vertex 99.936241 35.006542 10.079950
endloop
endfacet
facet normal 0.020087 -0.999798 0.000000
outer loop
vertex 113.271729 35.274464 -0.000008
vertex 99.936241 35.006542 10.079950
vertex 99.936241 35.006542 -0.000008
endloop
endfacet
facet normal 0.999801 0.019973 0.000000
outer loop
vertex 113.094696 44.136051 -0.000009
vertex 113.094696 44.136051 10.079949
vertex 113.271729 35.274464 10.079950
endloop
endfacet
facet normal 0.999800 0.019978 0.000000
outer loop
vertex 113.094696 44.136051 -0.000009
vertex 113.271729 35.274464 10.079950
vertex 113.271729 35.274464 -0.000008
endloop
endfacet
facet normal -0.019836 0.999803 0.000000
outer loop
vertex 99.759201 43.871471 -0.000009
vertex 99.759201 43.871471 10.079949
vertex 113.094696 44.136051 10.079949
endloop
endfacet
facet normal -0.019836 0.999803 0.000000
outer loop
vertex 99.759201 43.871471 -0.000009
vertex 113.094696 44.136051 10.079949
vertex 113.094696 44.136051 -0.000009
endloop
endfacet
facet normal -0.999801 -0.019967 0.000000
outer loop
vertex 99.936241 35.006542 -0.000008
vertex 99.936241 35.006542 10.079950
vertex 99.759201 43.871471 10.079949
endloop
endfacet
facet normal -0.999801 -0.019968 0.000000
outer loop
vertex 99.936241 35.006542 -0.000008
vertex 99.759201 43.871471 10.079949
vertex 99.759201 43.871471 -0.000009
endloop
endfacet
facet normal 0.000000 0.000000 1.000000
outer loop
vertex 100.215530 21.710876 4.703973
vertex 113.521095 21.975447 4.703973
vertex 113.271729 35.274464 4.703972
endloop
endfacet
facet normal -0.000000 0.000000 1.000000
outer loop
vertex 100.215530 21.710876 4.703973
vertex 113.271729 35.274464 4.703972
vertex 99.936241 35.006542 4.703972
endloop
endfacet
facet normal 0.019880 -0.999802 0.000000
outer loop
vertex 113.521095 21.975447 -0.000007
vertex 113.521095 21.975447 4.703973
vertex 100.215530 21.710876 4.703973
endloop
endfacet
facet normal 0.019880 -0.999802 0.000000
outer loop
vertex 113.521095 21.975447 -0.000007
vertex 100.215530 21.710876 4.703973
vertex 100.215530 21.710876 -0.000007
endloop
endfacet
facet normal 0.999824 0.018747 0.000000
outer loop
vertex 113.271729 35.274464 -0.000008
vertex 113.271729 35.274464 4.703972
vertex 113.521095 21.975447 4.703973
endloop
endfacet
facet normal 0.999824 0.018749 0.000000
outer loop
vertex 113.271729 35.274464 -0.000008
vertex 113.521095 21.975447 4.703973
vertex 113.521095 21.975447 -0.000007
endloop
endfacet
facet normal -0.020087 0.999798 0.000000
outer loop
vertex 99.936241 35.006542 -0.000008
vertex 99.936241 35.006542 4.703972
vertex 113.271729 35.274464 4.703972
endloop
endfacet
facet normal -0.020087 0.999798 0.000000
outer loop
vertex 99.936241 35.006542 -0.000008
vertex 113.271729 35.274464 4.703972
vertex 113.271729 35.274464 -0.000008
endloop
endfacet
facet normal -0.999779 -0.021002 0.000000
outer loop
vertex 100.215530 21.710876 -0.000007
vertex 100.215530 21.710876 4.703973
vertex 99.936241 35.006542 4.703972
endloop
endfacet
facet normal -0.999779 -0.021003 0.000000
outer loop
vertex 100.215530 21.710876 -0.000007
vertex 99.936241 35.006542 4.703972
vertex 99.936241 35.006542 -0.000008
endloop
endfacet
facet normal 0.000000 0.000000 1.000000
outer loop
vertex 98.921364 97.025047 11.423941
vertex 98.993690 92.828575 11.423941
vertex 106.763580 92.959183 11.423941
endloop
endfacet
facet normal 0.000000 0.000000 1.000000
outer loop
vertex 98.921364 97.025047 11.423941
vertex 106.763580 92.959183 11.423941
vertex 106.693756 97.152298 11.423941
endloop
endfacet
facet normal -0.999851 -0.017236 0.000000
outer loop
vertex 98.993690 92.828575 -0.000013
vertex 98.993690 92.828575 11.423941
vertex 98.921364 97.025047 11.423941
endloop
endfacet
facet normal -0.999852 -0.017226 0.000000
outer loop
vertex 98.993690 92.828575 -0.000013
vertex 98.921364 97.025047 11.423941
vertex 98.921364 97.025047 -0.000013
endloop
endfacet
facet normal 0.016807 -0.999859 0.000000
outer loop
vertex 106.763580 92.959183 -0.000013
vertex 106.763580 92.959183 11.423941
vertex 98.993690 92.828575 11.423941
endloop
endfacet
facet normal 0.016807 -0.999859 0.000000
outer loop
vertex 106.763580 92.959183 -0.000013
vertex 98.993690 92.828575 11.423941
vertex 98.993690 92.828575 -0.000013
endloop
endfacet
facet normal 0.999861 0.016654 0.000000
outer loop
vertex 106.693756 97.152298 -0.000013
vertex 106.693756 97.152298 11.423941
vertex 106.763580 92.959183 11.423941
endloop
endfacet
facet normal 0.999861 0.016643 0.000000
outer loop
vertex 106.693756 97.152298 -0.000013
vertex 106.763580 92.959183 11.423941
vertex 106.763580 92.959183 -0.000013
endloop
endfacet
facet normal -0.016370 0.999866 0.000000
outer loop
vertex 98.921364 97.025047 -0.000013
vertex 98.921364 97.025047 11.423941
vertex 106.693756 97.152298 11.423941
endloop
endfacet
facet normal -0.016370 0.999866 0.000000
outer loop
vertex 98.921364 97.025047 -0.000013
vertex 106.693756 97.152298 11.423941
vertex 106.693756 97.152298 -0.000013
endloop
endfacet
facet normal -0.000000 0.000000 1.000000
outer loop
vertex 7.248634 -68.968704 -0.000000
vertex 7.303486 -73.858070 -0.000000
vertex 16.669256 -73.720764 -0.000000
endloop
endfacet
facet normal -0.000000 0.000000 1.000000
outer loop
vertex 7.248634 -68.968704 -0.000000
vertex 16.669256 -73.720764 -0.000000
vertex 16.569506 -68.818008 -0.000000
endloop
endfacet
facet normal 0.000000 0.000000 1.000000
outer loop
vertex 112.658318 103.827156 4.479968
vertex 106.584038 103.726685 4.479968
vertex 106.648872 99.798126 4.479969
endloop
endfacet
facet normal -0.016538 0.999863 0.000000
outer loop
vertex 106.584038 103.726685 -0.000013
vertex 106.584038 103.726685 4.479968
vertex 112.658318 103.827156 4.479968
endloop
endfacet
facet normal -0.016538 0.999863 0.000000
outer loop
vertex 106.584038 103.726685 -0.000013
vertex 112.658318 103.827156 4.479968
vertex 112.658318 103.827156 -0.000014
endloop
endfacet
facet normal -0.999864 -0.016499 0.000000
outer loop
vertex 106.648872 99.798126 -0.000013
vertex 106.648872 99.798126 4.479969
vertex 106.584038 103.726685 4.479968
endloop
endfacet
facet normal -0.999864 -0.016505 0.000000
outer loop
vertex 106.648872 99.798126 -0.000013
vertex 106.584038 103.726685 4.479968
vertex 106.584038 103.726685 -0.000013
endloop
endfacet
facet normal 0.000000 0.000000 1.000000
outer loop
vertex 7.036694 -52.816990 2.015990
vertex 7.051651 -55.027271 2.015990
vertex 16.310179 -54.876568 2.015990
endloop
endfacet
facet normal 0.000000 0.000000 1.000000
outer loop
vertex 7.036694 -52.816990 2.015990
vertex 16.310179 -54.876568 2.015990
vertex 16.272774 -52.683037 2.015990
endloop
endfacet
facet normal -0.999977 -0.006767 0.000000
outer loop
vertex 7.051651 -55.027271 -0.000002
vertex 7.051651 -55.027271 2.015990
vertex 7.036694 -52.816990 2.015990
endloop
endfacet
facet normal -0.999977 -0.006766 0.000000
outer loop
vertex 7.051651 -55.027271 -0.000002
vertex 7.036694 -52.816990 2.015990
vertex 7.036694 -52.816990 -0.000002
endloop
endfacet
facet normal 0.016275 -0.999867 0.000000
outer loop
vertex 16.310179 -54.876568 -0.000002
vertex 16.310179 -54.876568 2.015990
vertex 7.051651 -55.027271 2.015990
endloop
endfacet
facet normal 0.016275 -0.999868 0.000000
outer loop
vertex 16.310179 -54.876568 -0.000002
vertex 7.051651 -55.027271 2.015990
vertex 7.051651 -55.027271 -0.000002
endloop
endfacet
facet normal 0.999855 0.017050 0.000000
outer loop
vertex 16.272774 -52.683037 -0.000002
vertex 16.272774 -52.683037 2.015990
vertex 16.310179 -54.876568 2.015990
endloop
endfacet
facet normal 0.999855 0.017048 0.000000
outer loop
vertex 16.272774 -52.683037 -0.000002
vertex 16.310179 -54.876568 2.015990
vertex 16.310179 -54.876568 -0.000002
endloop
endfacet
facet normal -0.014502 0.999895 0.000000
outer loop
vertex 7.036694 -52.816990 -0.000002
vertex 7.036694 -52.816990 2.015990
vertex 16.272774 -52.683037 2.015990
endloop
endfacet
facet normal -0.014502 0.999895 0.000000
outer loop
vertex 7.036694 -52.816990 -0.000002
vertex 16.272774 -52.683037 2.015990
vertex 16.272774 -52.683037 -0.000002
endloop
endfacet
facet normal -0.000000 0.000000 1.000000
outer loop
vertex 98.921364 97.025047 8.063954
vertex 106.693756 97.152298 8.063954
vertex 106.648872 99.798126 8.063953
endloop
endfacet
facet normal -0.000000 0.000000 1.000000
outer loop
vertex 106.584038 103.726685 8.063953
vertex 112.658318 103.827156 8.063953
vertex 112.598480 107.450943 8.063953
endloop
endfacet
facet normal 0.000000 0.000000 1.000000
outer loop
vertex 98.921364 97.025047 8.063954
vertex 106.648872 99.798126 8.063953
vertex 106.584038 103.726685 8.063953
endloop
endfacet
facet normal 0.000000 0.000000 1.000000
outer loop
vertex 106.584038 103.726685 8.063953
vertex 112.598480 107.450943 8.063953
vertex 112.536133 111.057991 8.063952
endloop
endfacet
facet normal 0.016370 -0.999866 0.000000
outer loop
vertex 106.693756 97.152298 -0.000013
vertex 106.693756 97.152298 8.063954
vertex 98.921364 97.025047 8.063954
endloop
endfacet
facet normal 0.016370 -0.999866 0.000000
outer loop
vertex 106.693756 97.152298 -0.000013
vertex 98.921364 97.025047 8.063954
vertex 98.921364 97.025047 -0.000013
endloop
endfacet
facet normal 0.999856 0.016963 0.000000
outer loop
vertex 106.648872 99.798126 -0.000013
vertex 106.648872 99.798126 8.063953
vertex 106.693756 97.152298 8.063954
endloop
endfacet
facet normal 0.999856 0.016961 0.000000
outer loop
vertex 106.648872 99.798126 -0.000013
vertex 106.693756 97.152298 8.063954
vertex 106.693756 97.152298 -0.000013
endloop
endfacet
facet normal 0.999864 0.016501 0.000000
outer loop
vertex 106.584038 103.726685 -0.000013
vertex 106.584038 103.726685 8.063953
vertex 106.648872 99.798126 8.063953
endloop
endfacet
facet normal 0.999864 0.016501 0.000000
outer loop
vertex 106.584038 103.726685 -0.000013
vertex 106.648872 99.798126 8.063953
vertex 106.648872 99.798126 -0.000013
endloop
endfacet
facet normal 0.016538 -0.999863 0.000000
outer loop
vertex 112.658318 103.827156 -0.000014
vertex 112.658318 103.827156 8.063953
vertex 106.584038 103.726685 8.063953
endloop
endfacet
facet normal 0.016538 -0.999863 0.000000
outer loop
vertex 112.658318 103.827156 -0.000014
vertex 106.584038 103.726685 8.063953
vertex 106.584038 103.726685 -0.000013
endloop
endfacet
facet normal 0.999864 0.016515 0.000000
outer loop
vertex 112.598480 107.450943 -0.000014
vertex 112.598480 107.450943 8.063953
vertex 112.658318 103.827156 8.063953
endloop
endfacet
facet normal 0.999864 0.016498 0.000000
outer loop
vertex 112.598480 107.450943 -0.000014
vertex 112.658318 103.827156 8.063953
vertex 112.658318 103.827156 -0.000014
endloop
endfacet
facet normal 0.999851 0.017285 0.000000
outer loop
vertex 112.536133 111.057991 -0.000014
vertex 112.536133 111.057991 8.063952
vertex 112.598480 107.450943 8.063953
endloop
endfacet
facet normal 0.999851 0.017279 0.000000
outer loop
vertex 112.536133 111.057991 -0.000014
vertex 112.598480 107.450943 8.063953
vertex 112.598480 107.450943 -0.000014
endloop
endfacet
facet normal 0.999862 0.016587 0.000000
outer loop
vertex 112.476288 114.665039 -0.000014
vertex 112.536133 111.057991 8.063952
vertex 112.536133 111.057991 -0.000014
endloop
endfacet
facet normal -0.000000 0.000000 1.000000
outer loop
vertex 7.086541 -57.666203 2.687988
vertex 7.128951 -60.958172 2.687988
vertex 16.424887 -60.807465 2.687988
endloop
endfacet
facet normal 0.000000 0.000000 1.000000
outer loop
vertex 7.086541 -57.666203 2.687988
vertex 16.424887 -60.807465 2.687988
vertex 16.360054 -57.515503 2.687988
endloop
endfacet
facet normal -0.999917 -0.012882 0.000000
outer loop
vertex 7.128951 -60.958172 -0.000001
vertex 7.128951 -60.958172 2.687988
vertex 7.086541 -57.666203 2.687988
endloop
endfacet
facet normal -0.999917 -0.012882 0.000000
outer loop
vertex 7.128951 -60.958172 -0.000001
vertex 7.086541 -57.666203 2.687988
vertex 7.086541 -57.666203 -0.000001
endloop
endfacet
facet normal 0.016210 -0.999869 0.000000
outer loop
vertex 16.424887 -60.807465 -0.000001
vertex 16.424887 -60.807465 2.687988
vertex 7.128951 -60.958172 2.687988
endloop
endfacet
facet normal 0.016210 -0.999869 0.000000
outer loop
vertex 16.424887 -60.807465 -0.000001
vertex 7.128951 -60.958172 2.687988
vertex 7.128951 -60.958172 -0.000001
endloop
endfacet
facet normal 0.999806 0.019691 0.000000
outer loop
vertex 16.360054 -57.515503 -0.000001
vertex 16.360054 -57.515503 2.687988
vertex 16.424887 -60.807465 2.687988
endloop
endfacet
facet normal 0.999806 0.019690 0.000000
outer loop
vertex 16.360054 -57.515503 -0.000001
vertex 16.424887 -60.807465 2.687988
vertex 16.424887 -60.807465 -0.000001
endloop
endfacet
facet normal -0.016248 0.999868 0.000000
outer loop
vertex 7.086541 -57.666203 -0.000001
vertex 7.086541 -57.666203 2.687988
vertex 16.360054 -57.515503 2.687988
endloop
endfacet
facet normal -0.016248 0.999868 0.000000
outer loop
vertex 7.086541 -57.666203 -0.000001
vertex 16.360054 -57.515503 2.687988
vertex 16.360054 -57.515503 -0.000001
endloop
endfacet
facet normal -0.000000 0.000000 1.000000
outer loop
vertex 7.051651 -55.027271 3.359985
vertex 7.086541 -57.666203 3.359985
vertex 16.360054 -57.515503 3.359985
endloop
endfacet
facet normal 0.000000 0.000000 1.000000
outer loop
vertex 7.051651 -55.027271 3.359985
vertex 16.360054 -57.515503 3.359985
vertex 16.310179 -54.876568 3.359985
endloop
endfacet
facet normal -0.999913 -0.013220 0.000000
outer loop
vertex 7.086541 -57.666203 -0.000001
vertex 7.086541 -57.666203 3.359985
vertex 7.051651 -55.027271 3.359985
endloop
endfacet
facet normal -0.999913 -0.013220 0.000000
outer loop
vertex 7.086541 -57.666203 -0.000001
vertex 7.051651 -55.027271 3.359985
vertex 7.051651 -55.027271 -0.000002
endloop
endfacet
facet normal 0.016248 -0.999868 0.000000
outer loop
vertex 16.360054 -57.515503 -0.000001
vertex 16.360054 -57.515503 3.359985
vertex 7.086541 -57.666203 3.359985
endloop
endfacet
facet normal 0.016248 -0.999868 0.000000
outer loop
vertex 16.360054 -57.515503 -0.000001
vertex 7.086541 -57.666203 3.359985
vertex 7.086541 -57.666203 -0.000001
endloop
endfacet
facet normal 0.999821 0.018896 0.000000
outer loop
vertex 16.310179 -54.876568 -0.000002
vertex 16.310179 -54.876568 3.359985
vertex 16.360054 -57.515503 3.359985
endloop
endfacet
facet normal 0.999821 0.018896 0.000000
outer loop
vertex 16.310179 -54.876568 -0.000002
vertex 16.360054 -57.515503 3.359985
vertex 16.360054 -57.515503 -0.000001
endloop
endfacet
facet normal -0.016275 0.999868 0.000000
outer loop
vertex 7.051651 -55.027271 -0.000002
vertex 7.051651 -55.027271 3.359985
vertex 16.310179 -54.876568 3.359985
endloop
endfacet
facet normal -0.016275 0.999868 0.000000
outer loop
vertex 7.051651 -55.027271 -0.000002
vertex 16.310179 -54.876568 3.359985
vertex 16.310179 -54.876568 -0.000002
endloop
endfacet
facet normal -0.999856 -0.016962 0.000000
outer loop
vertex 106.693756 97.152298 -0.000013
vertex 106.693756 97.152298 10.079946
vertex 106.648872 99.798126 10.079945
endloop
endfacet
facet normal -0.999856 -0.016960 0.000000
outer loop
vertex 106.693756 97.152298 -0.000013
vertex 106.648872 99.798126 10.079945
vertex 106.648872 99.798126 -0.000013
endloop
endfacet
facet normal -0.999861 -0.016651 0.000000
outer loop
vertex 106.763580 92.959183 -0.000013
vertex 106.763580 92.959183 10.079946
vertex 106.693756 97.152298 10.079946
endloop
endfacet
facet normal -0.999861 -0.016645 0.000000
outer loop
vertex 106.763580 92.959183 -0.000013
vertex 106.693756 97.152298 10.079946
vertex 106.693756 97.152298 -0.000013
endloop
endfacet
facet normal -0.000000 0.000000 1.000000
outer loop
vertex 7.303486 -73.858070 -0.000000
vertex 7.343380 -77.180153 0.000000
vertex 16.726595 -77.059586 0.000000
endloop
endfacet
facet normal -0.000000 0.000000 1.000000
outer loop
vertex 7.303486 -73.858070 -0.000000
vertex 16.726595 -77.059586 0.000000
vertex 16.669256 -73.720764 -0.000000
endloop
endfacet
facet normal -0.999851 -0.017282 0.000000
outer loop
vertex 112.598480 107.450943 -0.000014
vertex 112.598480 107.450943 4.479968
vertex 112.536133 111.057991 4.479968
endloop
endfacet
facet normal -0.999851 -0.017277 0.000000
outer loop
vertex 112.598480 107.450943 -0.000014
vertex 112.536133 111.057991 4.479968
vertex 112.536133 111.057991 -0.000014
endloop
endfacet
facet normal 0.000000 0.000000 1.000000
outer loop
vertex 7.186291 -64.427620 2.687988
vertex 7.248634 -68.968704 2.687989
vertex 16.569506 -68.818008 2.687989
endloop
endfacet
facet normal -0.000000 0.000000 1.000000
outer loop
vertex 7.186291 -64.427620 2.687988
vertex 16.569506 -68.818008 2.687989
vertex 16.482225 -64.273575 2.687988
endloop
endfacet
facet normal -0.999906 -0.013727 0.000000
outer loop
vertex 7.248634 -68.968704 -0.000000
vertex 7.248634 -68.968704 2.687989
vertex 7.186291 -64.427620 2.687988
endloop
endfacet
facet normal -0.999906 -0.013728 0.000000
outer loop
vertex 7.248634 -68.968704 -0.000000
vertex 7.186291 -64.427620 2.687988
vertex 7.186291 -64.427620 -0.000001
endloop
endfacet
facet normal 0.016165 -0.999869 0.000000
outer loop
vertex 16.569506 -68.818008 -0.000000
vertex 16.569506 -68.818008 2.687989
vertex 7.248634 -68.968704 2.687989
endloop
endfacet
facet normal 0.016165 -0.999869 0.000000
outer loop
vertex 16.569506 -68.818008 -0.000000
vertex 7.248634 -68.968704 2.687989
vertex 7.248634 -68.968704 -0.000000
endloop
endfacet
facet normal 0.999816 0.019203 0.000000
outer loop
vertex 16.482225 -64.273575 -0.000001
vertex 16.482225 -64.273575 2.687988
vertex 16.569506 -68.818008 2.687989
endloop
endfacet
facet normal 0.999816 0.019203 0.000000
outer loop
vertex 16.482225 -64.273575 -0.000001
vertex 16.569506 -68.818008 2.687989
vertex 16.569506 -68.818008 -0.000000
endloop
endfacet
facet normal -0.016569 0.999863 0.000000
outer loop
vertex 7.186291 -64.427620 -0.000001
vertex 7.186291 -64.427620 2.687988
vertex 16.482225 -64.273575 2.687988
endloop
endfacet
facet normal -0.016569 0.999863 0.000000
outer loop
vertex 7.186291 -64.427620 -0.000001
vertex 16.482225 -64.273575 2.687988
vertex 16.482225 -64.273575 -0.000001
endloop
endfacet
facet normal -0.999864 -0.016506 0.000000
outer loop
vertex 112.658318 103.827156 -0.000014
vertex 112.658318 103.827156 4.479968
vertex 112.598480 107.450943 4.479968
endloop
endfacet
facet normal -0.999864 -0.016517 0.000000
outer loop
vertex 112.658318 103.827156 -0.000014
vertex 112.598480 107.450943 4.479968
vertex 112.598480 107.450943 -0.000014
endloop
endfacet
facet normal -0.000000 0.000000 1.000000
outer loop
vertex 6.902027 -43.456776 1.343992
vertex 7.036694 -52.816990 1.343993
vertex 16.272774 -52.683037 1.343993
endloop
endfacet
facet normal 0.000000 0.000000 1.000000
outer loop
vertex 6.902027 -43.456776 1.343992
vertex 16.272774 -52.683037 1.343993
vertex 16.138134 -43.326168 1.343992
endloop
endfacet
facet normal -0.999897 -0.014386 0.000000
outer loop
vertex 7.036694 -52.816990 -0.000002
vertex 7.036694 -52.816990 1.343993
vertex 6.902027 -43.456776 1.343992
endloop
endfacet
facet normal -0.999897 -0.014386 0.000000
outer loop
vertex 7.036694 -52.816990 -0.000002
vertex 6.902027 -43.456776 1.343992
vertex 6.902027 -43.456776 -0.000002
endloop
endfacet
facet normal 0.014502 -0.999895 0.000000
outer loop
vertex 16.272774 -52.683037 -0.000002
vertex 16.272774 -52.683037 1.343993
vertex 7.036694 -52.816990 1.343993
endloop
endfacet
facet normal 0.014502 -0.999895 0.000000
outer loop
vertex 16.272774 -52.683037 -0.000002
vertex 7.036694 -52.816990 1.343993
vertex 7.036694 -52.816990 -0.000002
endloop
endfacet
facet normal 0.999896 0.014388 0.000000
outer loop
vertex 16.138134 -43.326168 -0.000002
vertex 16.138134 -43.326168 1.343992
vertex 16.272774 -52.683037 1.343993
endloop
endfacet
facet normal 0.999896 0.014388 0.000000
outer loop
vertex 16.138134 -43.326168 -0.000002
vertex 16.272774 -52.683037 1.343993
vertex 16.272774 -52.683037 -0.000002
endloop
endfacet
facet normal -0.014140 0.999900 0.000000
outer loop
vertex 6.902027 -43.456776 -0.000002
vertex 6.902027 -43.456776 1.343992
vertex 16.138134 -43.326168 1.343992
endloop
endfacet
facet normal -0.014140 0.999900 0.000000
outer loop
vertex 6.902027 -43.456776 -0.000002
vertex 16.138134 -43.326168 1.343992
vertex 16.138134 -43.326168 -0.000002
endloop
endfacet
facet normal 0.000000 0.000000 1.000000
outer loop
vertex 7.128951 -60.958172 2.687988
vertex 7.186291 -64.427620 2.687988
vertex 16.482225 -64.273575 2.687988
endloop
endfacet
facet normal -0.000000 0.000000 1.000000
outer loop
vertex 7.128951 -60.958172 2.687988
vertex 16.482225 -64.273575 2.687988
vertex 16.424887 -60.807465 2.687988
endloop
endfacet
facet normal -0.999863 -0.016525 0.000000
outer loop
vertex 7.186291 -64.427620 -0.000001
vertex 7.186291 -64.427620 2.687988
vertex 7.128951 -60.958172 2.687988
endloop
endfacet
facet normal -0.999864 -0.016525 0.000000
outer loop
vertex 7.186291 -64.427620 -0.000001
vertex 7.128951 -60.958172 2.687988
vertex 7.128951 -60.958172 -0.000001
endloop
endfacet
facet normal 0.016569 -0.999863 0.000000
outer loop
vertex 16.482225 -64.273575 -0.000001
vertex 16.482225 -64.273575 2.687988
vertex 7.186291 -64.427620 2.687988
endloop
endfacet
facet normal 0.016569 -0.999863 0.000000
outer loop
vertex 16.482225 -64.273575 -0.000001
vertex 7.186291 -64.427620 2.687988
vertex 7.186291 -64.427620 -0.000001
endloop
endfacet
facet normal 0.999863 0.016541 0.000000
outer loop
vertex 16.424887 -60.807465 -0.000001
vertex 16.424887 -60.807465 2.687988
vertex 16.482225 -64.273575 2.687988
endloop
endfacet
facet normal 0.999863 0.016540 0.000000
outer loop
vertex 16.424887 -60.807465 -0.000001
vertex 16.482225 -64.273575 2.687988
vertex 16.482225 -64.273575 -0.000001
endloop
endfacet
facet normal -0.016210 0.999869 0.000000
outer loop
vertex 7.128951 -60.958172 -0.000001
vertex 7.128951 -60.958172 2.687988
vertex 16.424887 -60.807465 2.687988
endloop
endfacet
facet normal -0.016210 0.999869 0.000000
outer loop
vertex 7.128951 -60.958172 -0.000001
vertex 16.424887 -60.807465 2.687988
vertex 16.424887 -60.807465 -0.000001
endloop
endfacet
facet normal 0.000000 0.000000 1.000000
outer loop
vertex 61.428413 -89.058556 1.343995
vertex 61.500710 -93.264709 1.343996
vertex 67.604927 -93.174286 1.343996
endloop
endfacet
facet normal 0.000000 0.000000 1.000000
outer loop
vertex 61.428413 -89.058556 1.343995
vertex 67.604927 -93.174286 1.343996
vertex 67.512672 -88.958092 1.343995
endloop
endfacet
facet normal -0.999852 -0.017187 0.000000
outer loop
vertex 61.500710 -93.264709 0.000001
vertex 61.500710 -93.264709 1.343996
vertex 61.428413 -89.058556 1.343995
endloop
endfacet
facet normal -0.999852 -0.017189 0.000000
outer loop
vertex 61.500710 -93.264709 0.000001
vertex 61.428413 -89.058556 1.343995
vertex 61.428413 -89.058556 0.000001
endloop
endfacet
facet normal 0.014812 -0.999890 0.000000
outer loop
vertex 67.604927 -93.174286 0.000001
vertex 67.604927 -93.174286 1.343996
vertex 61.500710 -93.264709 1.343996
endloop
endfacet
facet normal 0.014812 -0.999890 0.000000
outer loop
vertex 67.604927 -93.174286 0.000001
vertex 61.500710 -93.264709 1.343996
vertex 61.500710 -93.264709 0.000001
endloop
endfacet
facet normal 0.999761 0.021878 0.000000
outer loop
vertex 67.512672 -88.958092 0.000001
vertex 67.512672 -88.958092 1.343995
vertex 67.604927 -93.174286 1.343996
endloop
endfacet
facet normal 0.999761 0.021876 0.000000
outer loop
vertex 67.512672 -88.958092 0.000001
vertex 67.604927 -93.174286 1.343996
vertex 67.604927 -93.174286 0.000001
endloop
endfacet
facet normal -0.016510 0.999864 0.000000
outer loop
vertex 61.428413 -89.058556 0.000001
vertex 61.428413 -89.058556 1.343995
vertex 67.512672 -88.958092 1.343995
endloop
endfacet
facet normal -0.016510 0.999864 0.000000
outer loop
vertex 61.428413 -89.058556 0.000001
vertex 67.512672 -88.958092 1.343995
vertex 67.512672 -88.958092 0.000001
endloop
endfacet
facet normal -0.000000 0.000000 1.000000
outer loop
vertex 61.500710 -93.264709 4.703982
vertex 61.720142 -104.774651 4.703983
vertex 67.829338 -104.654099 4.703983
endloop
endfacet
facet normal 0.000000 0.000000 1.000000
outer loop
vertex 61.500710 -93.264709 4.703982
vertex 67.829338 -104.654099 4.703983
vertex 67.604927 -93.174286 4.703982
endloop
endfacet
facet normal -0.999818 -0.019062 0.000000
outer loop
vertex 61.720142 -104.774651 0.000002
vertex 61.720142 -104.774651 4.703983
vertex 61.500710 -93.264709 4.703982
endloop
endfacet
facet normal -0.999818 -0.019062 0.000000
outer loop
vertex 61.720142 -104.774651 0.000002
vertex 61.500710 -93.264709 4.703982
vertex 61.500710 -93.264709 0.000001
endloop
endfacet
facet normal 0.019729 -0.999805 0.000000
outer loop
vertex 67.829338 -104.654099 0.000002
vertex 67.829338 -104.654099 4.703983
vertex 61.720142 -104.774651 4.703983
endloop
endfacet
facet normal 0.019729 -0.999805 0.000000
outer loop
vertex 67.829338 -104.654099 0.000002
vertex 61.720142 -104.774651 4.703983
vertex 61.720142 -104.774651 0.000002
endloop
endfacet
facet normal 0.999809 0.019544 0.000000
outer loop
vertex 67.604927 -93.174286 0.000001
vertex 67.604927 -93.174286 4.703982
vertex 67.829338 -104.654099 4.703983
endloop
endfacet
facet normal 0.999809 0.019544 0.000000
outer loop
vertex 67.604927 -93.174286 0.000001
vertex 67.829338 -104.654099 4.703983
vertex 67.829338 -104.654099 0.000002
endloop
endfacet
facet normal -0.014812 0.999890 0.000000
outer loop
vertex 61.500710 -93.264709 0.000001
vertex 61.500710 -93.264709 4.703982
vertex 67.604927 -93.174286 4.703982
endloop
endfacet
facet normal -0.014812 0.999890 0.000000
outer loop
vertex 61.500710 -93.264709 0.000001
vertex 67.604927 -93.174286 4.703982
vertex 67.604927 -93.174286 0.000001
endloop
endfacet
facet normal 0.000000 0.000000 1.000000
outer loop
vertex 61.720142 -104.774651 9.407964
vertex 61.842342 -111.629684 9.407964
vertex 67.993919 -111.492386 9.407964
endloop
endfacet
facet normal 0.000000 0.000000 1.000000
outer loop
vertex 61.720142 -104.774651 9.407964
vertex 67.993919 -111.492386 9.407964
vertex 67.829338 -104.654099 9.407964
endloop
endfacet
facet normal -0.999841 -0.017824 0.000000
outer loop
vertex 61.842342 -111.629684 0.000003
vertex 61.842342 -111.629684 9.407964
vertex 61.720142 -104.774651 9.407964
endloop
endfacet
facet normal -0.999841 -0.017822 0.000000
outer loop
vertex 61.842342 -111.629684 0.000003
vertex 61.720142 -104.774651 9.407964
vertex 61.720142 -104.774651 0.000002
endloop
endfacet
facet normal 0.022314 -0.999751 0.000000
outer loop
vertex 67.993919 -111.492386 0.000003
vertex 67.993919 -111.492386 9.407964
vertex 61.842342 -111.629684 9.407964
endloop
endfacet
facet normal 0.022314 -0.999751 0.000000
outer loop
vertex 67.993919 -111.492386 0.000003
vertex 61.842342 -111.629684 9.407964
vertex 61.842342 -111.629684 0.000003
endloop
endfacet
facet normal 0.999711 0.024062 0.000000
outer loop
vertex 67.829338 -104.654099 0.000002
vertex 67.829338 -104.654099 9.407964
vertex 67.993919 -111.492386 9.407964
endloop
endfacet
facet normal 0.999711 0.024058 0.000000
outer loop
vertex 67.829338 -104.654099 0.000002
vertex 67.993919 -111.492386 9.407964
vertex 67.993919 -111.492386 0.000003
endloop
endfacet
facet normal -0.019729 0.999805 0.000000
outer loop
vertex 61.720142 -104.774651 0.000002
vertex 61.720142 -104.774651 9.407964
vertex 67.829338 -104.654099 9.407964
endloop
endfacet
facet normal -0.019729 0.999805 0.000000
outer loop
vertex 61.720142 -104.774651 0.000002
vertex 67.829338 -104.654099 9.407964
vertex 67.829338 -104.654099 0.000002
endloop
endfacet
facet normal 0.000000 0.000000 1.000000
outer loop
vertex 47.818638 -102.966286 4.703983
vertex 53.828083 -102.892609 4.703983
vertex 53.755760 -96.295410 4.703982
endloop
endfacet
facet normal 0.000000 0.000000 1.000000
outer loop
vertex 47.818638 -102.966286 4.703983
vertex 53.755760 -96.295410 4.703982
vertex 47.741337 -96.359032 4.703982
endloop
endfacet
facet normal 0.012259 -0.999925 0.000000
outer loop
vertex 53.828083 -102.892609 0.000002
vertex 53.828083 -102.892609 4.703983
vertex 47.818638 -102.966286 4.703983
endloop
endfacet
facet normal 0.012259 -0.999925 0.000000
outer loop
vertex 53.828083 -102.892609 0.000002
vertex 47.818638 -102.966286 4.703983
vertex 47.818638 -102.966286 0.000002
endloop
endfacet
facet normal 0.999940 0.010962 0.000000
outer loop
vertex 53.755760 -96.295410 0.000002
vertex 53.755760 -96.295410 4.703982
vertex 53.828083 -102.892609 4.703983
endloop
endfacet
facet normal 0.999940 0.010961 0.000000
outer loop
vertex 53.755760 -96.295410 0.000002
vertex 53.828083 -102.892609 4.703983
vertex 53.828083 -102.892609 0.000002
endloop
endfacet
facet normal -0.010578 0.999944 0.000000
outer loop
vertex 47.741337 -96.359032 0.000002
vertex 47.741337 -96.359032 4.703982
vertex 53.755760 -96.295410 4.703982
endloop
endfacet
facet normal -0.010578 0.999944 0.000000
outer loop
vertex 47.741337 -96.359032 0.000002
vertex 53.755760 -96.295410 4.703982
vertex 53.755760 -96.295410 0.000002
endloop
endfacet
facet normal -0.999932 -0.011699 0.000000
outer loop
vertex 47.818638 -102.966286 0.000002
vertex 47.818638 -102.966286 4.703983
vertex 47.741337 -96.359032 4.703982
endloop
endfacet
facet normal -0.999932 -0.011697 0.000000
outer loop
vertex 47.818638 -102.966286 0.000002
vertex 47.741337 -96.359032 4.703982
vertex 47.741337 -96.359032 0.000002
endloop
endfacet
facet normal 0.000000 0.000000 1.000000
outer loop
vertex 53.680946 -89.061905 0.000001
vertex 47.664036 -89.128876 0.000001
vertex 47.741337 -96.359032 0.000002
endloop
endfacet
facet normal -0.000000 0.000000 1.000000
outer loop
vertex 47.818638 -102.966286 0.000002
vertex 47.873489 -107.688126 0.000002
vertex 53.887913 -107.614456 0.000002
endloop
endfacet
facet normal 0.000000 0.000000 1.000000
outer loop
vertex 53.680946 -89.061905 0.000001
vertex 47.741337 -96.359032 0.000002
vertex 47.818638 -102.966286 0.000002
endloop
endfacet
facet normal -0.000000 0.000000 1.000000
outer loop
vertex 53.755760 -96.295410 0.000002
vertex 53.680946 -89.061905 0.000001
vertex 47.818638 -102.966286 0.000002
endloop
endfacet
facet normal -0.000000 -0.000000 1.000000
outer loop
vertex 47.818638 -102.966286 0.000002
vertex 53.887913 -107.614456 0.000002
vertex 53.882935 -107.182457 0.000002
endloop
endfacet
facet normal -0.000000 0.000000 1.000000
outer loop
vertex 53.882935 -107.182457 0.000002
vertex 54.104858 -106.937988 0.000002
vertex 54.082409 -106.341896 0.000002
endloop
endfacet
facet normal 0.000000 0.000000 1.000000
outer loop
vertex 53.882935 -107.182457 0.000002
vertex 54.082409 -106.341896 0.000002
vertex 53.872955 -106.124229 0.000002
endloop
endfacet
facet normal -0.000000 0.000000 1.000000
outer loop
vertex 53.828083 -102.892609 0.000002
vertex 53.755760 -96.295410 0.000002
vertex 47.818638 -102.966286 0.000002
endloop
endfacet
facet normal 0.000000 0.000000 1.000000
outer loop
vertex 54.082409 -104.094841 0.000002
vertex 54.059986 -103.515495 0.000002
vertex 53.833061 -103.297821 0.000002
endloop
endfacet
facet normal 0.000000 0.000000 1.000000
outer loop
vertex 53.833061 -103.297821 0.000002
vertex 53.828083 -102.892609 0.000002
vertex 47.818638 -102.966286 0.000002
endloop
endfacet
facet normal 0.000000 0.000000 1.000000
outer loop
vertex 47.818638 -102.966286 0.000002
vertex 53.882935 -107.182457 0.000002
vertex 53.872955 -106.124229 0.000002
endloop
endfacet
facet normal -0.000000 0.000000 1.000000
outer loop
vertex 53.840553 -104.329254 0.000002
vertex 54.082409 -104.094841 0.000002
vertex 53.833061 -103.297821 0.000002
endloop
endfacet
facet normal -0.000000 -0.000000 1.000000
outer loop
vertex 47.818638 -102.966286 0.000002
vertex 53.872955 -106.124229 0.000002
vertex 53.840553 -104.329254 0.000002
endloop
endfacet
facet normal 0.000000 0.000000 1.000000
outer loop
vertex 47.818638 -102.966286 0.000002
vertex 53.840553 -104.329254 0.000002
vertex 53.833061 -103.297821 0.000002
endloop
endfacet
facet normal 0.000000 0.000000 1.000000
outer loop
vertex 47.818638 -102.966286 8.063969
vertex 47.873489 -107.688126 8.063970
vertex 53.887913 -107.614456 8.063970
endloop
endfacet
facet normal 0.000000 0.000000 1.000000
outer loop
vertex 53.882935 -107.182457 8.063970
vertex 54.104858 -106.937988 8.063970
vertex 54.082409 -106.341896 8.063970
endloop
endfacet
facet normal -0.000001 -0.000000 1.000000
outer loop
vertex 47.818638 -102.966286 8.063969
vertex 53.887913 -107.614456 8.063970
vertex 53.882935 -107.182457 8.063970
endloop
endfacet
facet normal -0.000000 0.000000 1.000000
outer loop
vertex 53.833061 -103.297821 8.063969
vertex 53.828083 -102.892609 8.063969
vertex 47.818638 -102.966286 8.063969
endloop
endfacet
facet normal 0.000004 0.000002 1.000000
outer loop
vertex 54.082409 -104.094841 8.063970
vertex 54.059986 -103.515495 8.063969
vertex 53.833061 -103.297821 8.063969
endloop
endfacet
facet normal -0.000008 0.000001 1.000000
outer loop
vertex 53.840553 -104.329254 8.063970
vertex 54.082409 -104.094841 8.063970
vertex 53.833061 -103.297821 8.063969
endloop
endfacet
facet normal -0.000000 0.000000 1.000000
outer loop
vertex 47.818638 -102.966286 8.063969
vertex 53.882935 -107.182457 8.063970
vertex 54.082409 -106.341896 8.063970
endloop
endfacet
facet normal -0.000001 -0.000000 1.000000
outer loop
vertex 47.818638 -102.966286 8.063969
vertex 54.082409 -106.341896 8.063970
vertex 53.872955 -106.124229 8.063970
endloop
endfacet
facet normal 0.000000 0.000001 1.000000
outer loop
vertex 53.840553 -104.329254 8.063970
vertex 53.833061 -103.297821 8.063969
vertex 47.818638 -102.966286 8.063969
endloop
endfacet
facet normal -0.000000 -0.000000 1.000000
outer loop
vertex 53.872955 -106.124229 8.063970
vertex 53.840553 -104.329254 8.063970
vertex 47.818638 -102.966286 8.063969
endloop
endfacet
facet normal 0.012248 -0.999925 0.000000
outer loop
vertex 53.887913 -107.614456 0.000002
vertex 53.887913 -107.614456 8.063970
vertex 47.873489 -107.688126 8.063970
endloop
endfacet
facet normal 0.012248 -0.999925 0.000000
outer loop
vertex 53.887913 -107.614456 0.000002
vertex 47.873489 -107.688126 8.063970
vertex 47.873489 -107.688126 0.000002
endloop
endfacet
facet normal 0.999934 0.011510 0.000000
outer loop
vertex 53.882935 -107.182457 0.000002
vertex 53.882935 -107.182457 8.063970
vertex 53.887913 -107.614456 8.063970
endloop
endfacet
facet normal 0.999934 0.011528 0.000000
outer loop
vertex 53.882935 -107.182457 0.000002
vertex 53.887913 -107.614456 8.063970
vertex 53.887913 -107.614456 0.000002
endloop
endfacet
facet normal 0.740430 -0.672134 0.000000
outer loop
vertex 54.104858 -106.937988 0.000002
vertex 54.104858 -106.937988 8.063970
vertex 53.882935 -107.182457 8.063970
endloop
endfacet
facet normal 0.740418 -0.672146 0.000000
outer loop
vertex 54.104858 -106.937988 0.000002
vertex 53.882935 -107.182457 8.063970
vertex 53.882935 -107.182457 0.000002
endloop
endfacet
facet normal 0.999292 0.037634 0.000000
outer loop
vertex 54.082409 -106.341896 0.000002
vertex 54.082409 -106.341896 8.063970
vertex 54.104858 -106.937988 8.063970
endloop
endfacet
facet normal 0.999292 0.037609 0.000000
outer loop
vertex 54.082409 -106.341896 0.000002
vertex 54.104858 -106.937988 8.063970
vertex 54.104858 -106.937988 0.000002
endloop
endfacet
facet normal 0.720571 0.693381 0.000000
outer loop
vertex 53.872955 -106.124229 0.000002
vertex 53.872955 -106.124229 8.063970
vertex 54.082409 -106.341896 8.063970
endloop
endfacet
facet normal 0.720571 0.693381 0.000000
outer loop
vertex 53.872955 -106.124229 0.000002
vertex 54.082409 -106.341896 8.063970
vertex 54.082409 -106.341896 0.000002
endloop
endfacet
facet normal 0.999837 0.018049 0.000000
outer loop
vertex 53.840553 -104.329254 0.000002
vertex 53.840553 -104.329254 8.063970
vertex 53.872955 -106.124229 8.063970
endloop
endfacet
facet normal 0.999837 0.018049 0.000000
outer loop
vertex 53.840553 -104.329254 0.000002
vertex 53.872955 -106.124229 8.063970
vertex 53.872955 -106.124229 0.000002
endloop
endfacet
facet normal 0.695961 -0.718080 0.000000
outer loop
vertex 54.082409 -104.094841 0.000002
vertex 54.082409 -104.094841 8.063970
vertex 53.840553 -104.329254 8.063970
endloop
endfacet
facet normal 0.695983 -0.718058 0.000000
outer loop
vertex 54.082409 -104.094841 0.000002
vertex 53.840553 -104.329254 8.063970
vertex 53.840553 -104.329254 0.000002
endloop
endfacet
facet normal 0.999252 0.038672 0.000000
outer loop
vertex 54.059986 -103.515495 0.000002
vertex 54.059986 -103.515495 8.063969
vertex 54.082409 -104.094841 8.063970
endloop
endfacet
facet normal 0.999252 0.038681 0.000000
outer loop
vertex 54.059986 -103.515495 0.000002
vertex 54.082409 -104.094841 8.063970
vertex 54.082409 -104.094841 0.000002
endloop
endfacet
facet normal 0.692236 0.721671 0.000000
outer loop
vertex 53.833061 -103.297821 0.000002
vertex 53.833061 -103.297821 8.063969
vertex 54.059986 -103.515495 8.063969
endloop
endfacet
facet normal 0.692248 0.721659 0.000000
outer loop
vertex 53.833061 -103.297821 0.000002
vertex 54.059986 -103.515495 8.063969
vertex 54.059986 -103.515495 0.000002
endloop
endfacet
facet normal 0.999925 0.012290 0.000000
outer loop
vertex 53.828083 -102.892609 0.000002
vertex 53.828083 -102.892609 8.063969
vertex 53.833061 -103.297821 8.063969
endloop
endfacet
facet normal 0.999925 0.012271 0.000000
outer loop
vertex 53.828083 -102.892609 0.000002
vertex 53.833061 -103.297821 8.063969
vertex 53.833061 -103.297821 0.000002
endloop
endfacet
facet normal -0.012259 0.999925 0.000000
outer loop
vertex 47.818638 -102.966286 0.000002
vertex 47.818638 -102.966286 8.063969
vertex 53.828083 -102.892609 8.063969
endloop
endfacet
facet normal -0.012259 0.999925 0.000000
outer loop
vertex 47.818638 -102.966286 0.000002
vertex 53.828083 -102.892609 8.063969
vertex 53.828083 -102.892609 0.000002
endloop
endfacet
facet normal -0.999933 -0.011617 0.000000
outer loop
vertex 47.873489 -107.688126 0.000002
vertex 47.873489 -107.688126 8.063970
vertex 47.818638 -102.966286 8.063969
endloop
endfacet
facet normal -0.999933 -0.011614 0.000000
outer loop
vertex 47.873489 -107.688126 0.000002
vertex 47.818638 -102.966286 8.063969
vertex 47.818638 -102.966286 0.000002
endloop
endfacet
facet normal 0.000000 0.000000 1.000000
outer loop
vertex 92.742363 -88.187851 10.751957
vertex 83.852875 -88.338554 10.751957
vertex 84.234390 -110.879547 10.751959
endloop
endfacet
facet normal 0.000000 0.000000 1.000000
outer loop
vertex 85.211853 -110.862808 10.751959
vertex 93.126373 -110.728859 10.751959
vertex 92.742363 -88.187851 10.751957
endloop
endfacet
facet normal 0.000000 0.000000 1.000000
outer loop
vertex 84.234390 -110.879547 10.751959
vertex 85.211853 -110.862808 10.751959
vertex 92.742363 -88.187851 10.751957
endloop
endfacet
facet normal -0.999857 -0.016923 0.000000
outer loop
vertex 84.234390 -110.879547 0.000003
vertex 84.234390 -110.879547 10.751959
vertex 83.852875 -88.338554 10.751957
endloop
endfacet
facet normal -0.999857 -0.016923 0.000000
outer loop
vertex 84.234390 -110.879547 0.000003
vertex 83.852875 -88.338554 10.751957
vertex 83.852875 -88.338554 0.000001
endloop
endfacet
facet normal 0.017122 -0.999853 0.000000
outer loop
vertex 85.211853 -110.862808 0.000003
vertex 85.211853 -110.862808 10.751959
vertex 84.234390 -110.879547 10.751959
endloop
endfacet
facet normal 0.017122 -0.999853 0.000000
outer loop
vertex 85.211853 -110.862808 0.000003
vertex 84.234390 -110.879547 10.751959
vertex 84.234390 -110.879547 0.000003
endloop
endfacet
facet normal 0.016922 -0.999857 0.000000
outer loop
vertex 93.126373 -110.728859 0.000003
vertex 93.126373 -110.728859 10.751959
vertex 85.211853 -110.862808 10.751959
endloop
endfacet
facet normal 0.016922 -0.999857 0.000000
outer loop
vertex 93.126373 -110.728859 0.000003
vertex 85.211853 -110.862808 10.751959
vertex 85.211853 -110.862808 0.000003
endloop
endfacet
facet normal 0.999855 0.017034 0.000000
outer loop
vertex 92.742363 -88.187851 0.000001
vertex 92.742363 -88.187851 10.751957
vertex 93.126373 -110.728859 10.751959
endloop
endfacet
facet normal 0.999855 0.017033 0.000000
outer loop
vertex 92.742363 -88.187851 0.000001
vertex 93.126373 -110.728859 10.751959
vertex 93.126373 -110.728859 0.000003
endloop
endfacet
facet normal -0.016951 0.999856 0.000000
outer loop
vertex 83.852875 -88.338554 0.000001
vertex 83.852875 -88.338554 10.751957
vertex 92.742363 -88.187851 10.751957
endloop
endfacet
facet normal -0.016951 0.999856 0.000000
outer loop
vertex 83.852875 -88.338554 0.000001
vertex 92.742363 -88.187851 10.751957
vertex 92.742363 -88.187851 0.000001
endloop
endfacet
facet normal 0.000000 0.000000 1.000000
outer loop
vertex 47.741337 -96.359032 4.703982
vertex 53.755760 -96.295410 4.703982
vertex 53.680946 -89.061905 4.703981
endloop
endfacet
facet normal -0.000000 0.000000 1.000000
outer loop
vertex 47.741337 -96.359032 4.703982
vertex 53.680946 -89.061905 4.703981
vertex 47.664036 -89.128876 4.703981
endloop
endfacet
facet normal 0.010578 -0.999944 0.000000
outer loop
vertex 53.755760 -96.295410 0.000002
vertex 53.755760 -96.295410 4.703982
vertex 47.741337 -96.359032 4.703982
endloop
endfacet
facet normal 0.010578 -0.999944 0.000000
outer loop
vertex 53.755760 -96.295410 0.000002
vertex 47.741337 -96.359032 4.703982
vertex 47.741337 -96.359032 0.000002
endloop
endfacet
facet normal 0.999946 0.010343 0.000000
outer loop
vertex 53.680946 -89.061905 0.000001
vertex 53.680946 -89.061905 4.703981
vertex 53.755760 -96.295410 4.703982
endloop
endfacet
facet normal 0.999947 0.010342 0.000000
outer loop
vertex 53.680946 -89.061905 0.000001
vertex 53.755760 -96.295410 4.703982
vertex 53.755760 -96.295410 0.000002
endloop
endfacet
facet normal -0.011130 0.999938 0.000000
outer loop
vertex 47.664036 -89.128876 0.000001
vertex 47.664036 -89.128876 4.703981
vertex 53.680946 -89.061905 4.703981
endloop
endfacet
facet normal -0.011130 0.999938 0.000000
outer loop
vertex 47.664036 -89.128876 0.000001
vertex 53.680946 -89.061905 4.703981
vertex 53.680946 -89.061905 0.000001
endloop
endfacet
facet normal -0.999943 -0.010691 0.000000
outer loop
vertex 47.741337 -96.359032 0.000002
vertex 47.741337 -96.359032 4.703982
vertex 47.664036 -89.128876 4.703981
endloop
endfacet
facet normal -0.999943 -0.010691 0.000000
outer loop
vertex 47.741337 -96.359032 0.000002
vertex 47.664036 -89.128876 4.703981
vertex 47.664036 -89.128876 0.000001
endloop
endfacet
facet normal 0.000000 0.000000 1.000000
outer loop
vertex 61.842342 -111.629684 2.015995
vertex 61.929623 -115.514305 2.015995
vertex 68.081200 -115.376999 2.015995
endloop
endfacet
facet normal -0.000000 0.000000 1.000000
outer loop
vertex 61.842342 -111.629684 2.015995
vertex 68.081200 -115.376999 2.015995
vertex 67.993919 -111.492386 2.015995
endloop
endfacet
facet normal -0.999748 -0.022462 0.000000
outer loop
vertex 61.929623 -115.514305 0.000003
vertex 61.929623 -115.514305 2.015995
vertex 61.842342 -111.629684 2.015995
endloop
endfacet
facet normal -0.999748 -0.022464 0.000000
outer loop
vertex 61.929623 -115.514305 0.000003
vertex 61.842342 -111.629684 2.015995
vertex 61.842342 -111.629684 0.000003
endloop
endfacet
facet normal 0.022315 -0.999751 0.000000
outer loop
vertex 68.081200 -115.376999 0.000003
vertex 68.081200 -115.376999 2.015995
vertex 61.929623 -115.514305 2.015995
endloop
endfacet
facet normal 0.022315 -0.999751 0.000000
outer loop
vertex 68.081200 -115.376999 0.000003
vertex 61.929623 -115.514305 2.015995
vertex 61.929623 -115.514305 0.000003
endloop
endfacet
facet normal 0.999748 0.022463 0.000000
outer loop
vertex 67.993919 -111.492386 0.000003
vertex 67.993919 -111.492386 2.015995
vertex 68.081200 -115.376999 2.015995
endloop
endfacet
facet normal 0.999748 0.022460 0.000000
outer loop
vertex 67.993919 -111.492386 0.000003
vertex 68.081200 -115.376999 2.015995
vertex 68.081200 -115.376999 0.000003
endloop
endfacet
facet normal -0.022314 0.999751 0.000000
outer loop
vertex 61.842342 -111.629684 0.000003
vertex 61.842342 -111.629684 2.015995
vertex 67.993919 -111.492386 2.015995
endloop
endfacet
facet normal -0.022314 0.999751 0.000000
outer loop
vertex 61.842342 -111.629684 0.000003
vertex 67.993919 -111.492386 2.015995
vertex 67.993919 -111.492386 0.000003
endloop
endfacet
facet normal 0.000000 0.000000 1.000000
outer loop
vertex 47.873489 -107.688126 9.407964
vertex 47.965744 -115.936256 9.407965
vertex 54.002617 -115.859230 9.407965
endloop
endfacet
facet normal -0.000000 0.000000 1.000000
outer loop
vertex 47.873489 -107.688126 9.407964
vertex 54.002617 -115.859230 9.407965
vertex 53.887913 -107.614456 9.407964
endloop
endfacet
facet normal -0.999937 -0.011185 0.000000
outer loop
vertex 47.965744 -115.936256 0.000003
vertex 47.965744 -115.936256 9.407965
vertex 47.873489 -107.688126 9.407964
endloop
endfacet
facet normal -0.999937 -0.011185 0.000000
outer loop
vertex 47.965744 -115.936256 0.000003
vertex 47.873489 -107.688126 9.407964
vertex 47.873489 -107.688126 0.000002
endloop
endfacet
facet normal 0.012758 -0.999919 0.000000
outer loop
vertex 54.002617 -115.859230 0.000003
vertex 54.002617 -115.859230 9.407965
vertex 47.965744 -115.936256 9.407965
endloop
endfacet
facet normal 0.012758 -0.999919 0.000000
outer loop
vertex 54.002617 -115.859230 0.000003
vertex 47.965744 -115.936256 9.407965
vertex 47.965744 -115.936256 0.000003
endloop
endfacet
facet normal 0.999903 0.013912 0.000000
outer loop
vertex 53.887913 -107.614456 0.000002
vertex 53.887913 -107.614456 9.407964
vertex 54.002617 -115.859230 9.407965
endloop
endfacet
facet normal 0.999903 0.013911 0.000000
outer loop
vertex 53.887913 -107.614456 0.000002
vertex 54.002617 -115.859230 9.407965
vertex 54.002617 -115.859230 0.000003
endloop
endfacet
facet normal -0.012248 0.999925 0.000000
outer loop
vertex 47.873489 -107.688126 0.000002
vertex 47.873489 -107.688126 9.407964
vertex 53.887913 -107.614456 9.407964
endloop
endfacet
facet normal -0.012248 0.999925 0.000000
outer loop
vertex 47.873489 -107.688126 0.000002
vertex 53.887913 -107.614456 9.407964
vertex 53.887913 -107.614456 0.000002
endloop
endfacet
facet normal -0.000001 0.000000 1.000000
outer loop
vertex -98.395454 94.958618 4.479969
vertex -97.734665 96.298279 4.479969
vertex -97.891754 105.551964 4.479968
endloop
endfacet
facet normal 0.000000 0.000000 1.000000
outer loop
vertex -99.220818 92.262558 4.479969
vertex -97.652359 93.809868 4.479969
vertex -98.395454 94.958618 4.479969
endloop
endfacet
facet normal -0.000002 0.000002 1.000000
outer loop
vertex -103.494743 89.643547 4.479970
vertex -101.305420 90.876022 4.479970
vertex -99.220818 92.262558 4.479969
endloop
endfacet
facet normal 0.000000 0.000000 1.000000
outer loop
vertex -108.848404 88.190025 4.479970
vertex -106.447113 88.601959 4.479970
vertex -103.494743 89.643547 4.479970
endloop
endfacet
facet normal 0.000000 0.000000 1.000000
outer loop
vertex -114.543648 87.995781 4.479970
vertex -111.598763 87.948883 4.479970
vertex -108.848404 88.190025 4.479970
endloop
endfacet
facet normal 0.000000 0.000000 1.000000
outer loop
vertex -99.220818 92.262558 4.479969
vertex -98.395454 94.958618 4.479969
vertex -97.891754 105.551964 4.479968
endloop
endfacet
facet normal -0.000000 0.000000 1.000000
outer loop
vertex -108.848404 88.190025 4.479970
vertex -103.494743 89.643547 4.479970
vertex -99.220818 92.262558 4.479969
endloop
endfacet
facet normal 0.000000 0.000000 1.000000
outer loop
vertex -108.848404 88.190025 4.479970
vertex -99.220818 92.262558 4.479969
vertex -97.891754 105.551964 4.479968
endloop
endfacet
facet normal -0.015923 -0.999873 0.000000
outer loop
vertex -111.598763 87.948883 -0.000012
vertex -111.598763 87.948883 4.479970
vertex -114.543648 87.995781 4.479970
endloop
endfacet
facet normal 0.087341 -0.996178 0.000000
outer loop
vertex -108.848404 88.190025 -0.000012
vertex -108.848404 88.190025 4.479970
vertex -111.598763 87.948883 4.479970
endloop
endfacet
facet normal 0.087342 -0.996179 0.000000
outer loop
vertex -108.848404 88.190025 -0.000012
vertex -111.598763 87.948883 4.479970
vertex -111.598763 87.948883 -0.000012
endloop
endfacet
facet normal 0.169077 -0.985603 0.000000
outer loop
vertex -106.447113 88.601959 -0.000012
vertex -106.447113 88.601959 4.479970
vertex -108.848404 88.190025 4.479970
endloop
endfacet
facet normal 0.169077 -0.985603 0.000000
outer loop
vertex -106.447113 88.601959 -0.000012
vertex -108.848404 88.190025 4.479970
vertex -108.848404 88.190025 -0.000012
endloop
endfacet
facet normal 0.332698 -0.943033 0.000000
outer loop
vertex -103.494743 89.643547 -0.000013
vertex -103.494743 89.643547 4.479970
vertex -106.447113 88.601959 4.479970
endloop
endfacet
facet normal 0.332699 -0.943033 0.000000
outer loop
vertex -103.494743 89.643547 -0.000013
vertex -106.447113 88.601959 4.479970
vertex -106.447113 88.601959 -0.000012
endloop
endfacet
facet normal 0.490556 -0.871409 0.000000
outer loop
vertex -101.305420 90.876022 -0.000013
vertex -101.305420 90.876022 4.479970
vertex -103.494743 89.643547 4.479970
endloop
endfacet
facet normal 0.490559 -0.871408 0.000000
outer loop
vertex -101.305420 90.876022 -0.000013
vertex -103.494743 89.643547 4.479970
vertex -103.494743 89.643547 -0.000013
endloop
endfacet
facet normal 0.553814 -0.832641 0.000000
outer loop
vertex -99.220818 92.262558 -0.000013
vertex -99.220818 92.262558 4.479969
vertex -101.305420 90.876022 4.479970
endloop
endfacet
facet normal 0.553820 -0.832637 0.000000
outer loop
vertex -99.220818 92.262558 -0.000013
vertex -101.305420 90.876022 4.479970
vertex -101.305420 90.876022 -0.000013
endloop
endfacet
facet normal 0.702294 -0.711887 0.000000
outer loop
vertex -97.652359 93.809868 -0.000013
vertex -97.652359 93.809868 4.479969
vertex -99.220818 92.262558 4.479969
endloop
endfacet
facet normal 0.702288 -0.711893 0.000000
outer loop
vertex -97.652359 93.809868 -0.000013
vertex -99.220818 92.262558 4.479969
vertex -99.220818 92.262558 -0.000013
endloop
endfacet
facet normal 0.839647 0.543133 0.000000
outer loop
vertex -98.395454 94.958618 -0.000013
vertex -98.395454 94.958618 4.479969
vertex -97.652359 93.809868 4.479969
endloop
endfacet
facet normal 0.839642 0.543140 0.000000
outer loop
vertex -98.395454 94.958618 -0.000013
vertex -97.652359 93.809868 4.479969
vertex -97.652359 93.809868 -0.000013
endloop
endfacet
facet normal 0.896831 -0.442373 0.000000
outer loop
vertex -97.734665 96.298279 -0.000013
vertex -97.734665 96.298279 4.479969
vertex -98.395454 94.958618 4.479969
endloop
endfacet
facet normal 0.896839 -0.442358 0.000000
outer loop
vertex -97.734665 96.298279 -0.000013
vertex -98.395454 94.958618 4.479969
vertex -98.395454 94.958618 -0.000013
endloop
endfacet
facet normal 0.999856 0.016973 0.000000
outer loop
vertex -97.891754 105.551964 -0.000014
vertex -97.891754 105.551964 4.479968
vertex -97.734665 96.298279 4.479969
endloop
endfacet
facet normal 0.999856 0.016976 0.000000
outer loop
vertex -97.891754 105.551964 -0.000014
vertex -97.734665 96.298279 4.479969
vertex -97.734665 96.298279 -0.000013
endloop
endfacet
facet normal 0.000001 0.000000 1.000000
outer loop
vertex -113.184669 -64.862976 4.479981
vertex -112.247108 -65.797318 4.479981
vertex -111.244690 -66.199181 4.479981
endloop
endfacet
facet normal 0.000000 0.000000 1.000000
outer loop
vertex -111.244690 -66.199181 4.479981
vertex -110.174957 -66.333138 4.479981
vertex -94.208786 -66.004944 4.479981
endloop
endfacet
facet normal 0.000000 0.000000 1.000000
outer loop
vertex -94.208786 -66.004944 4.479981
vertex -94.360901 -56.999771 4.479980
vertex -114.461372 -57.391598 4.479980
endloop
endfacet
facet normal 0.000000 0.000000 1.000000
outer loop
vertex -114.461372 -57.391598 4.479980
vertex -113.184669 -64.862976 4.479981
vertex -111.244690 -66.199181 4.479981
endloop
endfacet
facet normal -0.000000 0.000000 1.000000
outer loop
vertex -111.244690 -66.199181 4.479981
vertex -94.208786 -66.004944 4.479981
vertex -114.461372 -57.391598 4.479980
endloop
endfacet
facet normal -0.705890 -0.708322 0.000000
outer loop
vertex -112.247108 -65.797318 -0.000001
vertex -112.247108 -65.797318 4.479981
vertex -113.184669 -64.862976 4.479981
endloop
endfacet
facet normal -0.705884 -0.708327 0.000000
outer loop
vertex -112.247108 -65.797318 -0.000001
vertex -113.184669 -64.862976 4.479981
vertex -113.184669 -64.862976 -0.000001
endloop
endfacet
facet normal -0.372108 -0.928190 0.000000
outer loop
vertex -111.244690 -66.199181 -0.000001
vertex -111.244690 -66.199181 4.479981
vertex -112.247108 -65.797318 4.479981
endloop
endfacet
facet normal -0.372104 -0.928191 0.000000
outer loop
vertex -111.244690 -66.199181 -0.000001
vertex -112.247108 -65.797318 4.479981
vertex -112.247108 -65.797318 -0.000001
endloop
endfacet
facet normal -0.124253 -0.992251 0.000000
outer loop
vertex -110.174957 -66.333138 -0.000001
vertex -110.174957 -66.333138 4.479981
vertex -111.244690 -66.199181 4.479981
endloop
endfacet
facet normal -0.124255 -0.992250 0.000000
outer loop
vertex -110.174957 -66.333138 -0.000001
vertex -111.244690 -66.199181 4.479981
vertex -111.244690 -66.199181 -0.000001
endloop
endfacet
facet normal 0.020551 -0.999789 0.000000
outer loop
vertex -94.208786 -66.004944 -0.000001
vertex -94.208786 -66.004944 4.479981
vertex -110.174957 -66.333138 4.479981
endloop
endfacet
facet normal 0.020551 -0.999789 0.000000
outer loop
vertex -94.208786 -66.004944 -0.000001
vertex -110.174957 -66.333138 4.479981
vertex -110.174957 -66.333138 -0.000001
endloop
endfacet
facet normal 0.999857 0.016890 0.000000
outer loop
vertex -94.360901 -56.999771 -0.000001
vertex -94.360901 -56.999771 4.479980
vertex -94.208786 -66.004944 4.479981
endloop
endfacet
facet normal 0.999857 0.016891 0.000000
outer loop
vertex -94.360901 -56.999771 -0.000001
vertex -94.208786 -66.004944 4.479981
vertex -94.208786 -66.004944 -0.000001
endloop
endfacet
facet normal 0.000000 0.000000 1.000000
outer loop
vertex 7.697480 -91.372612 6.719974
vertex -2.570958 -91.563492 6.719974
vertex -2.099663 -116.934196 6.719975
endloop
endfacet
facet normal 0.000000 0.000000 1.000000
outer loop
vertex -2.099663 -116.934196 6.719975
vertex 16.983435 -116.575882 6.719975
vertex 16.472273 -89.266182 6.719974
endloop
endfacet
facet normal 0.000000 0.000000 1.000000
outer loop
vertex 16.472273 -89.266182 6.719974
vertex 7.662562 -89.430275 6.719974
vertex 7.697480 -91.372612 6.719974
endloop
endfacet
facet normal -0.000000 0.000000 1.000000
outer loop
vertex -2.099663 -116.934196 6.719975
vertex 16.472273 -89.266182 6.719974
vertex 7.697480 -91.372612 6.719974
endloop
endfacet
facet normal -0.999828 -0.018573 0.000000
outer loop
vertex -2.099663 -116.934196 0.000003
vertex -2.099663 -116.934196 6.719975
vertex -2.570958 -91.563492 6.719974
endloop
endfacet
facet normal -0.999828 -0.018573 0.000000
outer loop
vertex -2.099663 -116.934196 0.000003
vertex -2.570958 -91.563492 6.719974
vertex -2.570958 -91.563492 0.000001
endloop
endfacet
facet normal 0.018773 -0.999824 0.000000
outer loop
vertex 16.983435 -116.575882 0.000003
vertex 16.983435 -116.575882 6.719975
vertex -2.099663 -116.934196 6.719975
endloop
endfacet
facet normal 0.018773 -0.999824 0.000000
outer loop
vertex 16.983435 -116.575882 0.000003
vertex -2.099663 -116.934196 6.719975
vertex -2.099663 -116.934196 0.000003
endloop
endfacet
facet normal 0.999825 0.018714 0.000000
outer loop
vertex 16.472273 -89.266182 0.000001
vertex 16.472273 -89.266182 6.719974
vertex 16.983435 -116.575882 6.719975
endloop
endfacet
facet normal 0.999825 0.018714 0.000000
outer loop
vertex 16.472273 -89.266182 0.000001
vertex 16.983435 -116.575882 6.719975
vertex 16.983435 -116.575882 0.000003
endloop
endfacet
facet normal -0.018623 0.999827 -0.000002
outer loop
vertex 7.662562 -89.430283 0.000001
vertex 7.662562 -89.430275 6.719974
vertex 16.472273 -89.266182 6.719974
endloop
endfacet
facet normal -0.018624 0.999826 0.000000
outer loop
vertex 7.662562 -89.430283 0.000001
vertex 16.472273 -89.266182 6.719974
vertex 16.472273 -89.266182 0.000001
endloop
endfacet
facet normal -0.999839 -0.017975 0.000000
outer loop
vertex 7.697480 -91.372612 0.000001
vertex 7.697480 -91.372612 6.719974
vertex 7.662562 -89.430275 6.719974
endloop
endfacet
facet normal -0.999838 -0.017974 0.000000
outer loop
vertex 7.697480 -91.372612 0.000001
vertex 7.662562 -89.430275 6.719974
vertex 7.662562 -89.430283 0.000001
endloop
endfacet
facet normal -0.018586 0.999827 0.000000
outer loop
vertex -2.570958 -91.563492 0.000001
vertex -2.570958 -91.563492 6.719974
vertex 7.697480 -91.372612 6.719974
endloop
endfacet
facet normal -0.018586 0.999827 0.000000
outer loop
vertex -2.570958 -91.563492 0.000001
vertex 7.697480 -91.372612 6.719974
vertex 7.697480 -91.372612 0.000001
endloop
endfacet
facet normal -0.000000 0.000000 1.000000
outer loop
vertex -49.207748 -99.470108 0.000002
vertex -48.858650 -117.798195 0.000003
vertex -40.298317 -117.714470 0.000003
endloop
endfacet
facet normal -0.000000 0.000000 1.000000
outer loop
vertex -49.207748 -99.470108 0.000002
vertex -40.298317 -117.714470 0.000003
vertex -40.585068 -99.372986 0.000002
endloop
endfacet
facet normal 0.000000 0.000000 1.000000
outer loop
vertex -49.265114 -94.470284 5.375979
vertex -49.207748 -99.470108 5.375980
vertex -40.585068 -99.372986 5.375980
endloop
endfacet
facet normal 0.000000 0.000000 1.000000
outer loop
vertex -49.265114 -94.470284 5.375979
vertex -40.585068 -99.372986 5.375980
vertex -40.642406 -94.369827 5.375979
endloop
endfacet
facet normal -0.999934 -0.011473 0.000000
outer loop
vertex -49.207748 -99.470108 0.000002
vertex -49.207748 -99.470108 5.375980
vertex -49.265114 -94.470284 5.375979
endloop
endfacet
facet normal -0.999934 -0.011473 0.000000
outer loop
vertex -49.207748 -99.470108 0.000002
vertex -49.265114 -94.470284 5.375979
vertex -49.265114 -94.470284 0.000001
endloop
endfacet
facet normal 0.011263 -0.999937 0.000000
outer loop
vertex -40.585068 -99.372986 0.000002
vertex -40.585068 -99.372986 5.375980
vertex -49.207748 -99.470108 5.375980
endloop
endfacet
facet normal 0.011263 -0.999937 0.000000
outer loop
vertex -40.585068 -99.372986 0.000002
vertex -49.207748 -99.470108 5.375980
vertex -49.207748 -99.470108 0.000002
endloop
endfacet
facet normal 0.999934 0.011458 0.000000
outer loop
vertex -40.642406 -94.369827 0.000001
vertex -40.642406 -94.369827 5.375979
vertex -40.585068 -99.372986 5.375980
endloop
endfacet
facet normal 0.999934 0.011461 0.000000
outer loop
vertex -40.642406 -94.369827 0.000001
vertex -40.585068 -99.372986 5.375980
vertex -40.585068 -99.372986 0.000002
endloop
endfacet
facet normal -0.011649 0.999932 0.000000
outer loop
vertex -49.265114 -94.470284 0.000001
vertex -49.265114 -94.470284 5.375979
vertex -40.642406 -94.369827 5.375979
endloop
endfacet
facet normal -0.011649 0.999932 0.000000
outer loop
vertex -49.265114 -94.470284 0.000001
vertex -40.642406 -94.369827 5.375979
vertex -40.642406 -94.369827 0.000001
endloop
endfacet
facet normal -0.000000 0.000000 1.000000
outer loop
vertex -49.319965 -89.611115 0.000001
vertex -49.265114 -94.470284 0.000001
vertex -40.642406 -94.369827 0.000001
endloop
endfacet
facet normal -0.000000 0.000000 1.000000
outer loop
vertex -49.319965 -89.611115 0.000001
vertex -40.642406 -94.369827 0.000001
vertex -40.699776 -89.520691 0.000001
endloop
endfacet
facet normal -0.000000 0.000000 1.000000
outer loop
vertex -25.279686 -117.476707 0.000003
vertex -25.763422 -89.771858 0.000001
vertex -36.904587 -90.009621 0.000001
endloop
endfacet
facet normal -0.000000 0.000000 1.000000
outer loop
vertex -36.904587 -90.009621 0.000001
vertex -36.802349 -112.681213 0.000003
vertex -31.585867 -117.530281 0.000003
endloop
endfacet
facet normal -0.000000 0.000000 1.000000
outer loop
vertex -36.904587 -90.009621 0.000001
vertex -31.585867 -117.530281 0.000003
vertex -25.279686 -117.476707 0.000003
endloop
endfacet
facet normal -0.000000 0.000000 1.000000
outer loop
vertex -27.743292 -57.341358 3.359985
vertex -27.573734 -65.723640 3.359985
vertex -26.284592 -65.696854 3.359985
endloop
endfacet
facet normal 0.000000 0.000001 1.000000
outer loop
vertex -26.284592 -65.696854 3.359985
vertex -26.277100 -66.068573 3.359986
vertex -8.652703 -65.716942 3.359985
endloop
endfacet
facet normal 0.000000 0.000000 1.000000
outer loop
vertex -8.660195 -65.271538 3.359985
vertex -7.503176 -65.248100 3.359985
vertex -7.670246 -57.019867 3.359985
endloop
endfacet
facet normal 0.000000 0.000000 1.000000
outer loop
vertex -26.284592 -65.696854 3.359985
vertex -8.652703 -65.716942 3.359985
vertex -8.660195 -65.271538 3.359985
endloop
endfacet
facet normal -0.000001 0.000000 1.000000
outer loop
vertex -27.980198 -45.509663 3.359984
vertex -27.743292 -57.341358 3.359985
vertex -26.284592 -65.696854 3.359985
endloop
endfacet
facet normal 0.000000 0.000000 1.000000
outer loop
vertex -26.100050 -45.472824 3.359984
vertex -27.980198 -45.509663 3.359984
vertex -26.284592 -65.696854 3.359985
endloop
endfacet
facet normal 0.000000 0.000000 1.000000
outer loop
vertex -26.284592 -65.696854 3.359985
vertex -8.660195 -65.271538 3.359985
vertex -7.670246 -57.019867 3.359985
endloop
endfacet
facet normal -0.000000 0.000000 1.000000
outer loop
vertex -7.670246 -57.019867 3.359985
vertex -7.909639 -45.191517 3.359984
vertex -8.892097 -45.211613 3.359984
endloop
endfacet
facet normal 0.000000 0.000000 1.000000
outer loop
vertex -8.892097 -45.211613 3.359984
vertex -8.907053 -44.515038 3.359984
vertex -11.487883 -44.565269 3.359984
endloop
endfacet
facet normal 0.000000 0.000000 1.000000
outer loop
vertex -18.150625 -44.702576 3.359984
vertex -25.489138 -44.849926 3.359984
vertex -25.476669 -45.459431 3.359984
endloop
endfacet
facet normal -0.000000 0.000000 1.000000
outer loop
vertex -8.892097 -45.211613 3.359984
vertex -11.487883 -44.565269 3.359984
vertex -18.150625 -44.702576 3.359984
endloop
endfacet
facet normal 0.000000 0.000000 1.000000
outer loop
vertex -26.284592 -65.696854 3.359985
vertex -7.670246 -57.019867 3.359985
vertex -8.892097 -45.211613 3.359984
endloop
endfacet
facet normal -0.000001 0.000000 1.000000
outer loop
vertex -25.476669 -45.459431 3.359984
vertex -26.100050 -45.472824 3.359984
vertex -26.284592 -65.696854 3.359985
endloop
endfacet
facet normal 0.000000 0.000000 1.000000
outer loop
vertex -8.892097 -45.211613 3.359984
vertex -18.150625 -44.702576 3.359984
vertex -25.476669 -45.459431 3.359984
endloop
endfacet
facet normal 0.000000 0.000000 1.000000
outer loop
vertex -26.284592 -65.696854 3.359985
vertex -8.892097 -45.211613 3.359984
vertex -25.476669 -45.459431 3.359984
endloop
endfacet
facet normal 0.020774 -0.999784 0.000000
outer loop
vertex -26.284592 -65.696854 -0.000001
vertex -26.284592 -65.696854 3.359985
vertex -27.573734 -65.723640 3.359985
endloop
endfacet
facet normal 0.020774 -0.999784 0.000000
outer loop
vertex -26.284592 -65.696854 -0.000001
vertex -27.573734 -65.723640 3.359985
vertex -27.573734 -65.723640 -0.000001
endloop
endfacet
facet normal -0.999797 -0.020152 0.000000
outer loop
vertex -26.277100 -66.068573 -0.000001
vertex -26.277100 -66.068573 3.359986
vertex -26.284592 -65.696854 3.359985
endloop
endfacet
facet normal -0.999797 -0.020154 0.000000
outer loop
vertex -26.277100 -66.068573 -0.000001
vertex -26.284592 -65.696854 3.359985
vertex -26.284592 -65.696854 -0.000001
endloop
endfacet
facet normal 0.019947 -0.999801 0.000000
outer loop
vertex -8.652703 -65.716942 -0.000001
vertex -8.652703 -65.716942 3.359985
vertex -26.277100 -66.068573 3.359986
endloop
endfacet
facet normal 0.019947 -0.999801 0.000000
outer loop
vertex -8.652703 -65.716942 -0.000001
vertex -26.277100 -66.068573 3.359986
vertex -26.277100 -66.068573 -0.000001
endloop
endfacet
facet normal 0.999859 0.016818 0.000000
outer loop
vertex -8.660195 -65.271538 -0.000001
vertex -8.660195 -65.271538 3.359985
vertex -8.652703 -65.716942 3.359985
endloop
endfacet
facet normal 0.999859 0.016818 0.000000
outer loop
vertex -8.660195 -65.271538 -0.000001
vertex -8.652703 -65.716942 3.359985
vertex -8.652703 -65.716942 -0.000001
endloop
endfacet
facet normal 0.020253 -0.999795 0.000000
outer loop
vertex -7.503176 -65.248100 -0.000001
vertex -7.503176 -65.248100 3.359985
vertex -8.660195 -65.271538 3.359985
endloop
endfacet
facet normal 0.020253 -0.999795 0.000000
outer loop
vertex -7.503176 -65.248100 -0.000001
vertex -8.660195 -65.271538 3.359985
vertex -8.660195 -65.271538 -0.000001
endloop
endfacet
facet normal 0.999794 0.020300 0.000000
outer loop
vertex -7.670246 -57.019867 -0.000001
vertex -7.670246 -57.019867 3.359985
vertex -7.503176 -65.248100 3.359985
endloop
endfacet
facet normal 0.999794 0.020300 0.000000
outer loop
vertex -7.670246 -57.019867 -0.000001
vertex -7.503176 -65.248100 3.359985
vertex -7.503176 -65.248100 -0.000001
endloop
endfacet
facet normal 0.999795 0.020235 0.000000
outer loop
vertex -7.909639 -45.191517 -0.000002
vertex -7.909639 -45.191517 3.359984
vertex -7.670246 -57.019867 3.359985
endloop
endfacet
facet normal 0.999795 0.020235 0.000000
outer loop
vertex -7.909639 -45.191517 -0.000002
vertex -7.670246 -57.019867 3.359985
vertex -7.670246 -57.019867 -0.000001
endloop
endfacet
facet normal -0.020450 0.999791 0.000000
outer loop
vertex -8.892097 -45.211613 -0.000002
vertex -8.892097 -45.211613 3.359984
vertex -7.909639 -45.191517 3.359984
endloop
endfacet
facet normal -0.020450 0.999791 0.000000
outer loop
vertex -8.892097 -45.211613 -0.000002
vertex -7.909639 -45.191517 3.359984
vertex -7.909639 -45.191517 -0.000002
endloop
endfacet
facet normal 0.999770 0.021467 0.000000
outer loop
vertex -8.907053 -44.515038 -0.000002
vertex -8.907053 -44.515038 3.359984
vertex -8.892097 -45.211613 3.359984
endloop
endfacet
facet normal 0.999770 0.021465 0.000000
outer loop
vertex -8.907053 -44.515038 -0.000002
vertex -8.892097 -45.211613 3.359984
vertex -8.892097 -45.211613 -0.000002
endloop
endfacet
facet normal -0.019460 0.999811 0.000000
outer loop
vertex -11.487883 -44.565269 -0.000002
vertex -11.487883 -44.565269 3.359984
vertex -8.907053 -44.515038 3.359984
endloop
endfacet
facet normal -0.019460 0.999811 0.000000
outer loop
vertex -11.487883 -44.565269 -0.000002
vertex -8.907053 -44.515038 3.359984
vertex -8.907053 -44.515038 -0.000002
endloop
endfacet
facet normal -0.020604 0.999788 0.000000
outer loop
vertex -18.150625 -44.702576 -0.000002
vertex -18.150625 -44.702576 3.359984
vertex -11.487883 -44.565269 3.359984
endloop
endfacet
facet normal -0.020604 0.999788 0.000000
outer loop
vertex -18.150625 -44.702576 -0.000002
vertex -11.487883 -44.565269 3.359984
vertex -11.487883 -44.565269 -0.000002
endloop
endfacet
facet normal -0.020075 0.999799 0.000000
outer loop
vertex -25.489138 -44.849926 -0.000002
vertex -25.489138 -44.849926 3.359984
vertex -18.150625 -44.702576 3.359984
endloop
endfacet
facet normal -0.020075 0.999798 0.000000
outer loop
vertex -25.489138 -44.849926 -0.000002
vertex -18.150625 -44.702576 3.359984
vertex -18.150625 -44.702576 -0.000002
endloop
endfacet
facet normal -0.999791 -0.020448 0.000000
outer loop
vertex -25.476669 -45.459431 -0.000002
vertex -25.476669 -45.459431 3.359984
vertex -25.489138 -44.849926 3.359984
endloop
endfacet
facet normal -0.999791 -0.020456 0.000000
outer loop
vertex -25.476669 -45.459431 -0.000002
vertex -25.489138 -44.849926 3.359984
vertex -25.489138 -44.849926 -0.000002
endloop
endfacet
facet normal -0.021480 0.999769 0.000000
outer loop
vertex -26.100050 -45.472824 -0.000002
vertex -26.100050 -45.472824 3.359984
vertex -25.476669 -45.459431 3.359984
endloop
endfacet
facet normal -0.021480 0.999769 0.000000
outer loop
vertex -26.100050 -45.472824 -0.000002
vertex -25.476669 -45.459431 3.359984
vertex -25.476669 -45.459431 -0.000002
endloop
endfacet
facet normal -0.019590 0.999808 0.000000
outer loop
vertex -27.980198 -45.509663 -0.000002
vertex -27.980198 -45.509663 3.359984
vertex -26.100050 -45.472824 3.359984
endloop
endfacet
facet normal -0.019590 0.999808 0.000000
outer loop
vertex -27.980198 -45.509663 -0.000002
vertex -26.100050 -45.472824 3.359984
vertex -26.100050 -45.472824 -0.000002
endloop
endfacet
facet normal -0.999800 -0.020019 0.000000
outer loop
vertex -27.743292 -57.341358 -0.000001
vertex -27.743292 -57.341358 3.359985
vertex -27.980198 -45.509663 3.359984
endloop
endfacet
facet normal -0.999800 -0.020019 0.000000
outer loop
vertex -27.743292 -57.341358 -0.000001
vertex -27.980198 -45.509663 3.359984
vertex -27.980198 -45.509663 -0.000002
endloop
endfacet
facet normal -0.999795 -0.020224 0.000000
outer loop
vertex -27.573734 -65.723640 -0.000001
vertex -27.573734 -65.723640 3.359985
vertex -27.743292 -57.341358 3.359985
endloop
endfacet
facet normal -0.999795 -0.020224 0.000000
outer loop
vertex -27.573734 -65.723640 -0.000001
vertex -27.743292 -57.341358 3.359985
vertex -27.743292 -57.341358 -0.000001
endloop
endfacet
facet normal 0.000000 0.000000 1.000000
outer loop
vertex -6.787539 -88.502647 4.479982
vertex -26.067648 -88.874367 4.479982
vertex -25.279686 -117.476707 4.479985
endloop
endfacet
facet normal -0.000000 0.000000 1.000000
outer loop
vertex -6.241459 -118.504784 4.479985
vertex -6.787539 -88.502647 4.479982
vertex -25.279686 -117.476707 4.479985
endloop
endfacet
facet normal -0.999621 -0.027538 0.000000
outer loop
vertex -25.279686 -117.476707 0.000003
vertex -25.279686 -117.476707 4.479985
vertex -26.067648 -88.874367 4.479982
endloop
endfacet
facet normal -0.999621 -0.027538 0.000000
outer loop
vertex -25.279686 -117.476707 0.000003
vertex -26.067648 -88.874367 4.479982
vertex -26.067648 -88.874367 0.000001
endloop
endfacet
facet normal -0.999993 0.003831 0.000000
outer loop
vertex -25.284662 -118.776047 0.000003
vertex -25.284662 -118.776047 4.479985
vertex -25.279686 -117.476707 4.479985
endloop
endfacet
facet normal -0.999993 0.003830 0.000000
outer loop
vertex -25.284662 -118.776047 0.000003
vertex -25.279686 -117.476707 4.479985
vertex -25.279686 -117.476707 0.000003
endloop
endfacet
facet normal 0.999834 0.018198 0.000000
outer loop
vertex -6.787539 -88.502647 0.000001
vertex -6.787539 -88.502647 4.479982
vertex -6.241459 -118.504784 4.479985
endloop
endfacet
facet normal 0.999834 0.018198 0.000000
outer loop
vertex -6.787539 -88.502647 0.000001
vertex -6.241459 -118.504784 4.479985
vertex -6.241459 -118.504784 0.000003
endloop
endfacet
facet normal -0.019276 0.999814 0.000000
outer loop
vertex -26.067648 -88.874367 0.000001
vertex -26.067648 -88.874367 4.479982
vertex -6.787539 -88.502647 4.479982
endloop
endfacet
facet normal -0.019276 0.999814 0.000000
outer loop
vertex -26.067648 -88.874367 0.000001
vertex -6.787539 -88.502647 4.479982
vertex -6.787539 -88.502647 0.000001
endloop
endfacet
facet normal -0.000000 0.000000 1.000000
outer loop
vertex -27.184744 -75.843948 35.167854
vertex -25.985342 -76.955772 35.167854
vertex -8.508082 -76.624237 35.167854
endloop
endfacet
facet normal 0.000000 0.000000 1.000000
outer loop
vertex -8.508082 -76.624237 35.167854
vertex -7.306193 -75.673157 35.167854
vertex -7.455817 -66.855568 35.167854
endloop
endfacet
facet normal 0.000000 0.000000 1.000000
outer loop
vertex -7.455817 -66.855568 35.167854
vertex -8.652703 -65.716942 35.167854
vertex -26.277100 -66.068573 35.167854
endloop
endfacet
facet normal 0.000000 0.000000 1.000000
outer loop
vertex -26.277100 -66.068573 35.167854
vertex -27.259556 -67.160309 35.167854
vertex -27.184744 -75.843948 35.167854
endloop
endfacet
facet normal 0.000000 0.000000 1.000000
outer loop
vertex -27.184744 -75.843948 35.167854
vertex -8.508082 -76.624237 35.167854
vertex -7.455817 -66.855568 35.167854
endloop
endfacet
facet normal 0.000000 0.000000 1.000000
outer loop
vertex -7.455817 -66.855568 35.167854
vertex -26.277100 -66.068573 35.167854
vertex -27.184744 -75.843948 35.167854
endloop
endfacet
facet normal 0.018966 -0.999820 0.000000
outer loop
vertex -8.508082 -76.624237 0.000000
vertex -8.508082 -76.624237 35.167854
vertex -25.985342 -76.955772 35.167854
endloop
endfacet
facet normal 0.018967 -0.999820 0.000000
outer loop
vertex -8.508082 -76.624237 0.000000
vertex -25.985342 -76.955772 35.167854
vertex -25.985342 -76.955780 0.000000
endloop
endfacet
facet normal 0.620536 -0.784178 0.000000
outer loop
vertex -7.306193 -75.673157 0.000000
vertex -7.306193 -75.673157 35.167854
vertex -8.508082 -76.624237 35.167854
endloop
endfacet
facet normal 0.620537 -0.784177 0.000000
outer loop
vertex -7.306193 -75.673157 0.000000
vertex -8.508082 -76.624237 35.167854
vertex -8.508082 -76.624237 0.000000
endloop
endfacet
facet normal 0.999856 0.016966 0.000000
outer loop
vertex -7.455817 -66.855568 -0.000001
vertex -7.455817 -66.855568 35.167854
vertex -7.306193 -75.673157 35.167854
endloop
endfacet
facet normal 0.999856 0.016967 0.000000
outer loop
vertex -7.455817 -66.855568 -0.000001
vertex -7.306193 -75.673157 35.167854
vertex -7.306193 -75.673157 0.000000
endloop
endfacet
facet normal 0.689253 0.724520 0.000000
outer loop
vertex -8.652703 -65.716942 -0.000001
vertex -8.652703 -65.716942 35.167854
vertex -7.455817 -66.855568 35.167854
endloop
endfacet
facet normal 0.689254 0.724520 0.000000
outer loop
vertex -8.652703 -65.716942 -0.000001
vertex -7.455817 -66.855568 35.167854
vertex -7.455817 -66.855568 -0.000001
endloop
endfacet
facet normal -0.019947 0.999801 0.000000
outer loop
vertex -26.277100 -66.068573 -0.000001
vertex -26.277100 -66.068573 35.167854
vertex -8.652703 -65.716942 35.167854
endloop
endfacet
facet normal -0.019947 0.999801 0.000000
outer loop
vertex -26.277100 -66.068573 -0.000001
vertex -8.652703 -65.716942 35.167854
vertex -8.652703 -65.716942 -0.000001
endloop
endfacet
facet normal -0.743330 0.668925 0.000000
outer loop
vertex -27.259556 -67.160309 -0.000001
vertex -27.259556 -67.160309 35.167854
vertex -26.277100 -66.068573 35.167854
endloop
endfacet
facet normal -0.743330 0.668925 0.000000
outer loop
vertex -27.259556 -67.160309 -0.000001
vertex -26.277100 -66.068573 35.167854
vertex -26.277100 -66.068573 -0.000001
endloop
endfacet
facet normal -0.999963 -0.008615 0.000000
outer loop
vertex -27.184744 -75.843948 0.000000
vertex -27.184744 -75.843948 35.167854
vertex -27.259556 -67.160309 35.167854
endloop
endfacet
facet normal -0.999963 -0.008615 0.000000
outer loop
vertex -27.184744 -75.843948 0.000000
vertex -27.259556 -67.160309 35.167854
vertex -27.259556 -67.160309 -0.000001
endloop
endfacet
facet normal -0.679825 -0.733375 0.000000
outer loop
vertex -25.985342 -76.955780 0.000000
vertex -25.985342 -76.955772 35.167854
vertex -27.184744 -75.843948 35.167854
endloop
endfacet
facet normal -0.679827 -0.733372 0.000000
outer loop
vertex -25.985342 -76.955780 0.000000
vertex -27.184744 -75.843948 35.167854
vertex -27.184744 -75.843948 0.000000
endloop
endfacet
facet normal 0.000000 0.000000 1.000000
outer loop
vertex 83.132233 -104.356041 4.031986
vertex 74.025787 -104.486649 4.031986
vertex 74.128029 -111.656471 4.031986
endloop
endfacet
facet normal 0.000000 0.000000 1.000000
outer loop
vertex 74.128029 -111.656471 4.031986
vertex 76.252548 -111.626335 4.031986
vertex 83.244453 -111.515823 4.031986
endloop
endfacet
facet normal -0.000000 0.000000 1.000000
outer loop
vertex 74.128029 -111.656471 4.031986
vertex 83.244453 -111.515823 4.031986
vertex 83.132233 -104.356041 4.031986
endloop
endfacet
facet normal -0.999898 -0.014258 0.000000
outer loop
vertex 74.128029 -111.656471 0.000003
vertex 74.128029 -111.656471 4.031986
vertex 74.025787 -104.486649 4.031986
endloop
endfacet
facet normal -0.999898 -0.014258 0.000000
outer loop
vertex 74.128029 -111.656471 0.000003
vertex 74.025787 -104.486649 4.031986
vertex 74.025787 -104.486649 0.000002
endloop
endfacet
facet normal 0.014184 -0.999899 0.000000
outer loop
vertex 76.252548 -111.626335 0.000003
vertex 76.252548 -111.626335 4.031986
vertex 74.128029 -111.656471 4.031986
endloop
endfacet
facet normal 0.014183 -0.999899 0.000000
outer loop
vertex 76.252548 -111.626335 0.000003
vertex 74.128029 -111.656471 4.031986
vertex 74.128029 -111.656471 0.000003
endloop
endfacet
facet normal 0.015804 -0.999875 0.000000
outer loop
vertex 83.244453 -111.515823 0.000003
vertex 83.244453 -111.515823 4.031986
vertex 76.252548 -111.626335 4.031986
endloop
endfacet
facet normal 0.015804 -0.999875 0.000000
outer loop
vertex 83.244453 -111.515823 0.000003
vertex 76.252548 -111.626335 4.031986
vertex 76.252548 -111.626335 0.000003
endloop
endfacet
facet normal 0.999877 0.015671 0.000000
outer loop
vertex 83.132233 -104.356041 0.000002
vertex 83.132233 -104.356041 4.031986
vertex 83.244453 -111.515823 4.031986
endloop
endfacet
facet normal 0.999877 0.015673 0.000000
outer loop
vertex 83.132233 -104.356041 0.000002
vertex 83.244453 -111.515823 4.031986
vertex 83.244453 -111.515823 0.000003
endloop
endfacet
facet normal -0.014341 0.999897 0.000000
outer loop
vertex 74.025787 -104.486649 0.000002
vertex 74.025787 -104.486649 4.031986
vertex 83.132233 -104.356041 4.031986
endloop
endfacet
facet normal -0.014341 0.999897 0.000000
outer loop
vertex 74.025787 -104.486649 0.000002
vertex 83.132233 -104.356041 4.031986
vertex 83.132233 -104.356041 0.000002
endloop
endfacet
facet normal 0.000001 0.000000 1.000000
outer loop
vertex 104.853516 -87.658737 4.479982
vertex 104.137878 -87.554916 4.479982
vertex 103.556877 -87.511383 4.479982
endloop
endfacet
facet normal 0.000000 0.000000 1.000000
outer loop
vertex 103.556877 -87.511383 4.479982
vertex 102.908546 -87.621895 4.479982
vertex 102.392380 -87.956779 4.479982
endloop
endfacet
facet normal -0.000004 0.000000 1.000000
outer loop
vertex 102.392380 -87.956779 4.479982
vertex 102.013374 -88.382088 4.479982
vertex 101.744064 -88.988228 4.479982
endloop
endfacet
facet normal -0.000005 0.000000 1.000000
outer loop
vertex 101.744064 -88.988228 4.479982
vertex 101.701683 -89.701538 4.479982
vertex 101.811401 -90.260788 4.479983
endloop
endfacet
facet normal 0.000002 0.000000 1.000000
outer loop
vertex 101.744064 -88.988228 4.479982
vertex 101.811401 -90.260788 4.479983
vertex 102.148026 -90.709541 4.479983
endloop
endfacet
facet normal 0.000000 0.000000 1.000000
outer loop
vertex 103.556877 -87.511383 4.479982
vertex 102.392380 -87.956779 4.479982
vertex 101.744064 -88.988228 4.479982
endloop
endfacet
facet normal -0.000001 0.000000 1.000000
outer loop
vertex 105.594101 -87.903198 4.479982
vertex 104.853516 -87.658737 4.479982
vertex 103.556877 -87.511383 4.479982
endloop
endfacet
facet normal -0.000000 0.000000 1.000000
outer loop
vertex 114.573357 -93.870850 4.479983
vertex 114.466141 -87.658737 4.479982
vertex 105.594101 -87.903198 4.479982
endloop
endfacet
facet normal 0.000000 0.000000 1.000000
outer loop
vertex 105.594101 -87.903198 4.479982
vertex 103.556877 -87.511383 4.479982
vertex 101.744064 -88.988228 4.479982
endloop
endfacet
facet normal -0.000000 0.000000 1.000000
outer loop
vertex 105.594101 -87.903198 4.479982
vertex 101.744064 -88.988228 4.479982
vertex 102.148026 -90.709541 4.479983
endloop
endfacet
facet normal 0.000000 0.000000 1.000000
outer loop
vertex 105.594101 -87.903198 4.479982
vertex 102.148026 -90.709541 4.479983
vertex 102.661690 -118.762650 4.479985
endloop
endfacet
facet normal 0.000002 0.000000 1.000000
outer loop
vertex 102.661690 -118.762650 4.479985
vertex 102.327553 -119.388870 4.479985
vertex 102.260231 -120.105522 4.479985
endloop
endfacet
facet normal -0.000003 0.000000 1.000000
outer loop
vertex 102.260231 -120.105522 4.479985
vertex 102.414833 -120.798721 4.479985
vertex 102.729019 -121.287643 4.479985
endloop
endfacet
facet normal 0.074718 0.997205 0.000000
outer loop
vertex 103.556877 -87.511383 0.000001
vertex 103.556877 -87.511383 4.479982
vertex 104.137878 -87.554916 4.479982
endloop
endfacet
facet normal 0.074720 0.997205 0.000000
outer loop
vertex 103.556877 -87.511383 0.000001
vertex 104.137878 -87.554916 4.479982
vertex 104.137878 -87.554916 0.000001
endloop
endfacet
facet normal -0.168034 0.985781 0.000000
outer loop
vertex 102.908546 -87.621895 0.000001
vertex 102.908546 -87.621895 4.479982
vertex 103.556877 -87.511383 4.479982
endloop
endfacet
facet normal -0.168030 0.985782 0.000000
outer loop
vertex 102.908546 -87.621895 0.000001
vertex 103.556877 -87.511383 4.479982
vertex 103.556877 -87.511383 0.000001
endloop
endfacet
facet normal -0.544272 0.838909 0.000000
outer loop
vertex 102.392380 -87.956779 0.000001
vertex 102.392380 -87.956779 4.479982
vertex 102.908546 -87.621895 4.479982
endloop
endfacet
facet normal -0.544282 0.838902 0.000000
outer loop
vertex 102.392380 -87.956779 0.000001
vertex 102.908546 -87.621895 4.479982
vertex 102.908546 -87.621895 0.000001
endloop
endfacet
facet normal -0.746578 0.665298 0.000000
outer loop
vertex 102.013374 -88.382088 0.000001
vertex 102.013374 -88.382088 4.479982
vertex 102.392380 -87.956779 4.479982
endloop
endfacet
facet normal -0.746578 0.665298 0.000000
outer loop
vertex 102.013374 -88.382088 0.000001
vertex 102.392380 -87.956779 4.479982
vertex 102.392380 -87.956779 0.000001
endloop
endfacet
facet normal -0.913855 0.406042 0.000000
outer loop
vertex 101.744064 -88.988228 0.000001
vertex 101.744064 -88.988228 4.479982
vertex 102.013374 -88.382088 4.479982
endloop
endfacet
facet normal -0.913862 0.406025 0.000000
outer loop
vertex 101.744064 -88.988228 0.000001
vertex 102.013374 -88.382088 4.479982
vertex 102.013374 -88.382088 0.000001
endloop
endfacet
facet normal -0.998240 0.059295 0.000000
outer loop
vertex 101.701683 -89.701538 0.000001
vertex 101.701683 -89.701538 4.479982
vertex 101.744064 -88.988228 4.479982
endloop
endfacet
facet normal -0.998239 0.059314 0.000000
outer loop
vertex 101.701683 -89.701538 0.000001
vertex 101.744064 -88.988228 4.479982
vertex 101.744064 -88.988228 0.000001
endloop
endfacet
facet normal -0.981297 -0.192497 0.000000
outer loop
vertex 101.811401 -90.260788 0.000001
vertex 101.811401 -90.260788 4.479983
vertex 101.701683 -89.701538 4.479982
endloop
endfacet
facet normal -0.981290 -0.192534 0.000000
outer loop
vertex 101.811401 -90.260788 0.000001
vertex 101.701683 -89.701538 4.479982
vertex 101.701683 -89.701538 0.000001
endloop
endfacet
facet normal -0.799952 -0.600064 0.000000
outer loop
vertex 102.148026 -90.709541 0.000001
vertex 102.148026 -90.709541 4.479983
vertex 101.811401 -90.260788 4.479983
endloop
endfacet
facet normal -0.799940 -0.600080 0.000000
outer loop
vertex 102.148026 -90.709541 0.000001
vertex 101.811401 -90.260788 4.479983
vertex 101.811401 -90.260788 0.000001
endloop
endfacet
facet normal -0.999832 -0.018307 0.000000
outer loop
vertex 102.661690 -118.762650 0.000003
vertex 102.661690 -118.762650 4.479985
vertex 102.148026 -90.709541 4.479983
endloop
endfacet
facet normal -0.999832 -0.018307 0.000000
outer loop
vertex 102.661690 -118.762650 0.000003
vertex 102.148026 -90.709541 4.479983
vertex 102.148026 -90.709541 0.000001
endloop
endfacet
facet normal -0.882269 0.470746 0.000000
outer loop
vertex 102.327553 -119.388870 0.000003
vertex 102.327553 -119.388870 4.479985
vertex 102.661690 -118.762650 4.479985
endloop
endfacet
facet normal -0.882269 0.470746 0.000000
outer loop
vertex 102.327553 -119.388870 0.000003
vertex 102.661690 -118.762650 4.479985
vertex 102.661690 -118.762650 0.000003
endloop
endfacet
facet normal 0.999851 0.017253 0.000000
outer loop
vertex 114.466141 -87.658737 0.000001
vertex 114.466141 -87.658737 4.479982
vertex 114.573357 -93.870850 4.479983
endloop
endfacet
facet normal 0.999851 0.017257 0.000000
outer loop
vertex 114.466141 -87.658737 0.000001
vertex 114.573357 -93.870850 4.479983
vertex 114.573357 -93.870850 0.000001
endloop
endfacet
facet normal -0.027544 0.999621 0.000000
outer loop
vertex 105.594101 -87.903198 0.000001
vertex 105.594101 -87.903198 4.479982
vertex 114.466141 -87.658737 4.479982
endloop
endfacet
facet normal -0.027544 0.999621 0.000000
outer loop
vertex 105.594101 -87.903198 0.000001
vertex 114.466141 -87.658737 4.479982
vertex 114.466141 -87.658737 0.000001
endloop
endfacet
facet normal 0.313456 0.949603 0.000000
outer loop
vertex 104.853516 -87.658737 0.000001
vertex 104.853516 -87.658737 4.479982
vertex 105.594101 -87.903198 4.479982
endloop
endfacet
facet normal 0.313456 0.949603 0.000000
outer loop
vertex 104.853516 -87.658737 0.000001
vertex 105.594101 -87.903198 4.479982
vertex 105.594101 -87.903198 0.000001
endloop
endfacet
facet normal 0.143571 0.989640 0.000000
outer loop
vertex 104.137878 -87.554916 0.000001
vertex 104.137878 -87.554916 4.479982
vertex 104.853516 -87.658737 4.479982
endloop
endfacet
facet normal 0.143574 0.989640 0.000000
outer loop
vertex 104.137878 -87.554916 0.000001
vertex 104.853516 -87.658737 4.479982
vertex 104.853516 -87.658737 0.000001
endloop
endfacet
facet normal -0.000000 0.000000 1.000000
outer loop
vertex 73.836296 -92.779121 0.671999
vertex 73.926071 -97.755501 0.671999
vertex 83.007545 -97.588058 0.671999
endloop
endfacet
facet normal 0.000000 0.000000 1.000000
outer loop
vertex 73.836296 -92.779121 0.671999
vertex 83.007545 -97.588058 0.671999
vertex 82.915291 -92.615028 0.671999
endloop
endfacet
facet normal -0.999837 -0.018040 0.000000
outer loop
vertex 73.926071 -97.755501 0.000002
vertex 73.926071 -97.755501 0.671999
vertex 73.836296 -92.779121 0.671999
endloop
endfacet
facet normal -0.999837 -0.018036 0.000000
outer loop
vertex 73.926071 -97.755501 0.000002
vertex 73.836296 -92.779121 0.671999
vertex 73.836296 -92.779121 0.000001
endloop
endfacet
facet normal 0.018435 -0.999830 0.000000
outer loop
vertex 83.007545 -97.588058 0.000002
vertex 83.007545 -97.588058 0.671999
vertex 73.926071 -97.755501 0.671999
endloop
endfacet
facet normal 0.018435 -0.999830 0.000000
outer loop
vertex 83.007545 -97.588058 0.000002
vertex 73.926071 -97.755501 0.671999
vertex 73.926071 -97.755501 0.000002
endloop
endfacet
facet normal 0.999828 0.018548 0.000000
outer loop
vertex 82.915291 -92.615028 0.000001
vertex 82.915291 -92.615028 0.671999
vertex 83.007545 -97.588058 0.671999
endloop
endfacet
facet normal 0.999828 0.018551 0.000000
outer loop
vertex 82.915291 -92.615028 0.000001
vertex 83.007545 -97.588058 0.671999
vertex 83.007545 -97.588058 0.000002
endloop
endfacet
facet normal -0.018071 0.999837 0.000000
outer loop
vertex 73.836296 -92.779121 0.000001
vertex 73.836296 -92.779121 0.671999
vertex 82.915291 -92.615028 0.671999
endloop
endfacet
facet normal -0.018071 0.999837 0.000000
outer loop
vertex 73.836296 -92.779121 0.000001
vertex 82.915291 -92.615028 0.671999
vertex 82.915291 -92.615028 0.000001
endloop
endfacet
facet normal 0.000000 0.000000 1.000000
outer loop
vertex 73.926071 -97.755501 8.063969
vertex 74.025787 -104.486649 8.063970
vertex 83.132233 -104.356041 8.063970
endloop
endfacet
facet normal 0.000000 0.000000 1.000000
outer loop
vertex 73.926071 -97.755501 8.063969
vertex 83.132233 -104.356041 8.063970
vertex 83.007545 -97.588058 8.063969
endloop
endfacet
facet normal -0.999890 -0.014812 0.000000
outer loop
vertex 74.025787 -104.486649 0.000002
vertex 74.025787 -104.486649 8.063970
vertex 73.926071 -97.755501 8.063969
endloop
endfacet
facet normal -0.999890 -0.014814 0.000000
outer loop
vertex 74.025787 -104.486649 0.000002
vertex 73.926071 -97.755501 8.063969
vertex 73.926071 -97.755501 0.000002
endloop
endfacet
facet normal 0.014341 -0.999897 0.000000
outer loop
vertex 83.132233 -104.356041 0.000002
vertex 83.132233 -104.356041 8.063970
vertex 74.025787 -104.486649 8.063970
endloop
endfacet
facet normal 0.014341 -0.999897 0.000000
outer loop
vertex 83.132233 -104.356041 0.000002
vertex 74.025787 -104.486649 8.063970
vertex 74.025787 -104.486649 0.000002
endloop
endfacet
facet normal 0.999830 0.018417 0.000000
outer loop
vertex 83.007545 -97.588058 0.000002
vertex 83.007545 -97.588058 8.063969
vertex 83.132233 -104.356041 8.063970
endloop
endfacet
facet normal 0.999830 0.018423 0.000000
outer loop
vertex 83.007545 -97.588058 0.000002
vertex 83.132233 -104.356041 8.063970
vertex 83.132233 -104.356041 0.000002
endloop
endfacet
facet normal -0.018435 0.999830 0.000000
outer loop
vertex 73.926071 -97.755501 0.000002
vertex 73.926071 -97.755501 8.063969
vertex 83.007545 -97.588058 8.063969
endloop
endfacet
facet normal -0.018435 0.999830 0.000000
outer loop
vertex 73.926071 -97.755501 0.000002
vertex 83.007545 -97.588058 8.063969
vertex 83.007545 -97.588058 0.000002
endloop
endfacet
facet normal -0.000049 -0.000001 1.000000
outer loop
vertex 76.252548 -111.626335 0.000003
vertex 76.260010 -112.132011 0.000003
vertex 76.314888 -115.541092 0.000003
endloop
endfacet
facet normal -0.000000 0.000000 1.000000
outer loop
vertex 76.314888 -115.541092 0.000003
vertex 83.306793 -115.430595 0.000003
vertex 83.244453 -111.515823 0.000003
endloop
endfacet
facet normal -0.000000 0.000000 1.000000
outer loop
vertex 76.314888 -115.541092 0.000003
vertex 83.244453 -111.515823 0.000003
vertex 76.252548 -111.626335 0.000003
endloop
endfacet
facet normal 0.000000 0.000000 1.000000
outer loop
vertex -48.349979 94.178268 -0.000013
vertex -48.454704 101.851158 -0.000013
vertex -50.649033 103.472137 -0.000013
endloop
endfacet
facet normal -0.000000 0.000000 1.000000
outer loop
vertex -50.649033 103.472137 -0.000013
vertex -53.189938 103.435310 -0.000013
vertex -53.065277 96.264778 -0.000013
endloop
endfacet
facet normal -0.000000 0.000000 1.000000
outer loop
vertex -53.065277 96.264778 -0.000013
vertex -52.940594 89.023956 -0.000013
vertex -47.175514 89.194756 -0.000013
endloop
endfacet
facet normal 0.000000 0.000000 1.000000
outer loop
vertex -47.175514 89.194756 -0.000013
vertex -47.240345 92.641014 -0.000013
vertex -48.349979 94.178268 -0.000013
endloop
endfacet
facet normal -0.000000 0.000000 1.000000
outer loop
vertex -48.349979 94.178268 -0.000013
vertex -50.649033 103.472137 -0.000013
vertex -53.065277 96.264778 -0.000013
endloop
endfacet
facet normal -0.000000 0.000000 1.000000
outer loop
vertex -53.065277 96.264778 -0.000013
vertex -47.175514 89.194756 -0.000013
vertex -48.349979 94.178268 -0.000013
endloop
endfacet
facet normal 0.000000 0.000000 1.000000
outer loop
vertex 34.428291 -90.659302 6.719974
vertex 34.919521 -116.472061 6.719975
vertex 44.173073 -116.294571 6.719975
endloop
endfacet
facet normal 0.000000 0.000000 1.000000
outer loop
vertex 34.428291 -90.659302 6.719974
vertex 44.173073 -116.294571 6.719975
vertex 43.674351 -90.481812 6.719974
endloop
endfacet
facet normal -0.999819 -0.019027 0.000000
outer loop
vertex 34.919521 -116.472061 0.000003
vertex 34.919521 -116.472061 6.719975
vertex 34.428291 -90.659302 6.719974
endloop
endfacet
facet normal -0.999819 -0.019027 0.000000
outer loop
vertex 34.919521 -116.472061 0.000003
vertex 34.428291 -90.659302 6.719974
vertex 34.428291 -90.659302 0.000001
endloop
endfacet
facet normal 0.019177 -0.999816 0.000000
outer loop
vertex 44.173073 -116.294571 0.000003
vertex 44.173073 -116.294571 6.719975
vertex 34.919521 -116.472061 6.719975
endloop
endfacet
facet normal 0.019177 -0.999816 0.000000
outer loop
vertex 44.173073 -116.294571 0.000003
vertex 34.919521 -116.472061 6.719975
vertex 34.919521 -116.472061 0.000003
endloop
endfacet
facet normal 0.999813 0.019317 0.000000
outer loop
vertex 43.674351 -90.481812 0.000001
vertex 43.674351 -90.481812 6.719974
vertex 44.173073 -116.294571 6.719975
endloop
endfacet
facet normal 0.999813 0.019317 0.000000
outer loop
vertex 43.674351 -90.481812 0.000001
vertex 44.173073 -116.294571 6.719975
vertex 44.173073 -116.294571 0.000003
endloop
endfacet
facet normal -0.019193 0.999816 0.000000
outer loop
vertex 34.428291 -90.659302 0.000001
vertex 34.428291 -90.659302 6.719974
vertex 43.674351 -90.481812 6.719974
endloop
endfacet
facet normal -0.019193 0.999816 0.000000
outer loop
vertex 34.428291 -90.659302 0.000001
vertex 43.674351 -90.481812 6.719974
vertex 43.674351 -90.481812 0.000001
endloop
endfacet
facet normal 0.000000 -0.000010 1.000000
outer loop
vertex 81.977730 17.430832 4.031977
vertex 82.040077 13.539278 4.031977
vertex 82.159760 6.161417 4.031978
endloop
endfacet
facet normal 0.000000 0.000000 1.000000
outer loop
vertex 82.159760 6.161417 4.031978
vertex 91.787331 6.315471 4.031977
vertex 91.607803 17.588234 4.031977
endloop
endfacet
facet normal -0.000000 0.000000 1.000000
outer loop
vertex 82.159760 6.161417 4.031978
vertex 91.607803 17.588234 4.031977
vertex 81.977730 17.430832 4.031977
endloop
endfacet
facet normal -0.999868 -0.016220 0.000000
outer loop
vertex 82.159760 6.161417 -0.000006
vertex 82.159760 6.161417 4.031978
vertex 82.040077 13.539278 4.031977
endloop
endfacet
facet normal -0.999869 -0.016217 0.000000
outer loop
vertex 82.159760 6.161417 -0.000006
vertex 82.040077 13.539278 4.031977
vertex 82.040077 13.539278 -0.000007
endloop
endfacet
facet normal 0.015999 -0.999872 0.000000
outer loop
vertex 91.787331 6.315471 -0.000006
vertex 91.787331 6.315471 4.031977
vertex 82.159760 6.161417 4.031978
endloop
endfacet
facet normal 0.015999 -0.999872 0.000000
outer loop
vertex 91.787331 6.315471 -0.000006
vertex 82.159760 6.161417 4.031978
vertex 82.159760 6.161417 -0.000006
endloop
endfacet
facet normal 0.999873 0.015925 0.000000
outer loop
vertex 91.607803 17.588234 -0.000007
vertex 91.607803 17.588234 4.031977
vertex 91.787331 6.315471 4.031977
endloop
endfacet
facet normal 0.999873 0.015922 0.000000
outer loop
vertex 91.607803 17.588234 -0.000007
vertex 91.787331 6.315471 4.031977
vertex 91.787331 6.315471 -0.000006
endloop
endfacet
facet normal -0.016343 0.999866 0.000000
outer loop
vertex 81.977730 17.430832 -0.000007
vertex 81.977730 17.430832 4.031977
vertex 91.607803 17.588234 4.031977
endloop
endfacet
facet normal -0.016343 0.999866 0.000000
outer loop
vertex 81.977730 17.430832 -0.000007
vertex 91.607803 17.588234 4.031977
vertex 91.607803 17.588234 -0.000007
endloop
endfacet
facet normal -0.999872 -0.016020 0.000000
outer loop
vertex 82.040077 13.539278 -0.000007
vertex 82.040077 13.539278 4.031977
vertex 81.977730 17.430832 4.031977
endloop
endfacet
facet normal -0.999872 -0.016017 0.000000
outer loop
vertex 82.040077 13.539278 -0.000007
vertex 81.977730 17.430832 4.031977
vertex 81.977730 17.430832 -0.000007
endloop
endfacet
facet normal 0.000000 0.000000 1.000000
outer loop
vertex 58.156883 26.185177 4.479974
vertex 58.543385 26.185177 4.479974
vertex 58.543385 26.985594 4.479974
endloop
endfacet
facet normal 0.000000 0.000000 1.000000
outer loop
vertex 58.543385 26.985594 4.479974
vertex 57.583351 26.985594 4.479974
vertex 57.583351 26.185177 4.479974
endloop
endfacet
facet normal 0.000000 0.000000 1.000000
outer loop
vertex 57.947403 26.185177 4.479974
vertex 58.156883 26.185177 4.479974
vertex 58.543385 26.985594 4.479974
endloop
endfacet
facet normal 0.000000 0.000000 1.000000
outer loop
vertex 58.543385 26.985594 4.479974
vertex 57.583351 26.185177 4.479974
vertex 57.947403 26.185177 4.479974
endloop
endfacet
facet normal 0.000000 -1.000000 0.000000
outer loop
vertex 58.543385 26.185177 -0.000008
vertex 58.543385 26.185177 4.479974
vertex 58.156883 26.185177 4.479974
endloop
endfacet
facet normal 0.000000 -1.000000 0.000000
outer loop
vertex 58.543385 26.185177 -0.000008
vertex 58.156883 26.185177 4.479974
vertex 58.156883 26.185177 -0.000008
endloop
endfacet
facet normal 1.000000 0.000000 0.000000
outer loop
vertex 58.543385 26.985594 -0.000008
vertex 58.543385 26.985594 4.479974
vertex 58.543385 26.185177 4.479974
endloop
endfacet
facet normal 1.000000 0.000000 0.000000
outer loop
vertex 58.543385 26.985594 -0.000008
vertex 58.543385 26.185177 4.479974
vertex 58.543385 26.185177 -0.000008
endloop
endfacet
facet normal 0.000000 1.000000 0.000000
outer loop
vertex 57.583351 26.985594 -0.000008
vertex 57.583351 26.985594 4.479974
vertex 58.543385 26.985594 4.479974
endloop
endfacet
facet normal 0.000000 1.000000 0.000000
outer loop
vertex 57.583351 26.985594 -0.000008
vertex 58.543385 26.985594 4.479974
vertex 58.543385 26.985594 -0.000008
endloop
endfacet
facet normal -1.000000 0.000000 0.000000
outer loop
vertex 57.583351 26.185177 -0.000008
vertex 57.583351 26.185177 4.479974
vertex 57.583351 26.985594 4.479974
endloop
endfacet
facet normal -1.000000 0.000000 0.000000
outer loop
vertex 57.583351 26.185177 -0.000008
vertex 57.583351 26.985594 4.479974
vertex 57.583351 26.985594 -0.000008
endloop
endfacet
facet normal 0.000000 -1.000000 0.000000
outer loop
vertex 57.947403 26.185177 -0.000008
vertex 57.947403 26.185177 4.479974
vertex 57.583351 26.185177 4.479974
endloop
endfacet
facet normal 0.000000 -1.000000 0.000000
outer loop
vertex 57.947403 26.185177 -0.000008
vertex 57.583351 26.185177 4.479974
vertex 57.583351 26.185177 -0.000008
endloop
endfacet
facet normal 0.000000 -1.000000 0.000000
outer loop
vertex 58.156883 26.185177 -0.000008
vertex 58.156883 26.185177 4.479974
vertex 57.947403 26.185177 4.479974
endloop
endfacet
facet normal 0.000000 -1.000000 0.000000
outer loop
vertex 58.156883 26.185177 -0.000008
vertex 57.947403 26.185177 4.479974
vertex 57.947403 26.185177 -0.000008
endloop
endfacet
facet normal 0.000000 0.000000 1.000000
outer loop
vertex 27.496216 91.113815 0.671985
vertex 27.354084 102.062149 0.671984
vertex 21.020477 102.021957 0.671984
endloop
endfacet
facet normal 0.000003 0.000000 1.000000
outer loop
vertex 21.020477 102.021957 0.671984
vertex 21.052906 97.259476 0.671984
vertex 21.155144 91.033440 0.671985
endloop
endfacet
facet normal 0.000000 0.000000 1.000000
outer loop
vertex 21.020477 102.021957 0.671984
vertex 21.155144 91.033440 0.671985
vertex 27.496216 91.113815 0.671985
endloop
endfacet
facet normal -0.006346 0.999980 0.000000
outer loop
vertex 21.020477 102.021957 -0.000013
vertex 21.020477 102.021957 0.671984
vertex 27.354084 102.062149 0.671984
endloop
endfacet
facet normal -0.006346 0.999980 0.000000
outer loop
vertex 21.020477 102.021957 -0.000013
vertex 27.354084 102.062149 0.671984
vertex 27.354084 102.062149 -0.000013
endloop
endfacet
facet normal -0.999977 -0.006809 0.000000
outer loop
vertex 21.052906 97.259476 -0.000013
vertex 21.052906 97.259476 0.671984
vertex 21.020477 102.021957 0.671984
endloop
endfacet
facet normal -0.999977 -0.006809 0.000000
outer loop
vertex 21.052906 97.259476 -0.000013
vertex 21.020477 102.021957 0.671984
vertex 21.020477 102.021957 -0.000013
endloop
endfacet
facet normal -0.999865 -0.016418 0.000000
outer loop
vertex 21.155144 91.033440 -0.000013
vertex 21.155144 91.033440 0.671985
vertex 21.052906 97.259476 0.671984
endloop
endfacet
facet normal -0.999865 -0.016419 0.000000
outer loop
vertex 21.155144 91.033440 -0.000013
vertex 21.052906 97.259476 0.671984
vertex 21.052906 97.259476 -0.000013
endloop
endfacet
facet normal 0.012674 -0.999920 0.000000
outer loop
vertex 27.496216 91.113815 -0.000013
vertex 27.496216 91.113815 0.671985
vertex 21.155144 91.033440 0.671985
endloop
endfacet
facet normal 0.012674 -0.999920 0.000000
outer loop
vertex 27.496216 91.113815 -0.000013
vertex 21.155144 91.033440 0.671985
vertex 21.155144 91.033440 -0.000013
endloop
endfacet
facet normal 0.999916 0.012981 0.000000
outer loop
vertex 27.354084 102.062149 -0.000013
vertex 27.354084 102.062149 0.671984
vertex 27.496216 91.113815 0.671985
endloop
endfacet
facet normal 0.999916 0.012981 0.000000
outer loop
vertex 27.354084 102.062149 -0.000013
vertex 27.496216 91.113815 0.671985
vertex 27.496216 91.113815 -0.000013
endloop
endfacet
facet normal 0.000000 0.000000 1.000000
outer loop
vertex 47.342365 109.249443 4.479968
vertex 48.312351 109.266190 4.479968
vertex 48.272457 111.901978 4.479968
endloop
endfacet
facet normal 0.000000 0.000000 1.000000
outer loop
vertex 43.694313 109.195847 4.479968
vertex 46.073154 109.229347 4.479968
vertex 47.342365 109.249443 4.479968
endloop
endfacet
facet normal 0.000027 0.000000 1.000000
outer loop
vertex 35.051674 109.061890 4.479968
vertex 40.677109 109.148964 4.479968
vertex 43.694313 109.195847 4.479968
endloop
endfacet
facet normal 0.000000 0.000000 1.000000
outer loop
vertex 29.478601 108.978149 4.479968
vertex 35.051674 109.061890 4.479968
vertex 43.694313 109.195847 4.479968
endloop
endfacet
facet normal -0.000004 0.000000 1.000000
outer loop
vertex 22.933027 108.877678 4.479968
vertex 24.169834 108.894424 4.479968
vertex 26.431482 108.931274 4.479968
endloop
endfacet
facet normal -0.000041 0.000000 1.000000
outer loop
vertex 22.933027 108.877678 4.479968
vertex 26.431482 108.931274 4.479968
vertex 29.478601 108.978149 4.479968
endloop
endfacet
facet normal 0.999885 0.015133 0.000000
outer loop
vertex 48.272457 111.901978 -0.000014
vertex 48.272457 111.901978 4.479968
vertex 48.312351 109.266190 4.479968
endloop
endfacet
facet normal 0.999885 0.015133 0.000000
outer loop
vertex 48.272457 111.901978 -0.000014
vertex 48.312351 109.266190 4.479968
vertex 48.312351 109.266190 -0.000014
endloop
endfacet
facet normal 0.999878 0.015593 0.000000
outer loop
vertex 48.250008 113.342117 -0.000014
vertex 48.272457 111.901978 4.479968
vertex 48.272457 111.901978 -0.000014
endloop
endfacet
facet normal -0.999875 -0.015796 0.000000
outer loop
vertex 21.997957 108.864296 -0.000014
vertex 21.997957 108.864296 4.479968
vertex 21.958063 111.389557 4.479968
endloop
endfacet
facet normal -0.999875 -0.015795 0.000000
outer loop
vertex 21.997957 108.864296 -0.000014
vertex 21.958063 111.389557 4.479968
vertex 21.958063 111.389557 -0.000014
endloop
endfacet
facet normal 0.014310 -0.999898 0.000000
outer loop
vertex 22.933027 108.877678 -0.000014
vertex 22.933027 108.877678 4.479968
vertex 21.997957 108.864296 4.479968
endloop
endfacet
facet normal 0.014310 -0.999898 0.000000
outer loop
vertex 22.933027 108.877678 -0.000014
vertex 21.997957 108.864296 4.479968
vertex 21.997957 108.864296 -0.000014
endloop
endfacet
facet normal 0.013539 -0.999908 0.000000
outer loop
vertex 24.169834 108.894424 -0.000014
vertex 24.169834 108.894424 4.479968
vertex 22.933027 108.877678 4.479968
endloop
endfacet
facet normal 0.013539 -0.999908 0.000000
outer loop
vertex 24.169834 108.894424 -0.000014
vertex 22.933027 108.877678 4.479968
vertex 22.933027 108.877678 -0.000014
endloop
endfacet
facet normal 0.016291 -0.999867 0.000000
outer loop
vertex 26.431482 108.931274 -0.000014
vertex 26.431482 108.931274 4.479968
vertex 24.169834 108.894424 4.479968
endloop
endfacet
facet normal 0.016291 -0.999867 0.000000
outer loop
vertex 26.431482 108.931274 -0.000014
vertex 24.169834 108.894424 4.479968
vertex 24.169834 108.894424 -0.000014
endloop
endfacet
facet normal 0.015382 -0.999882 0.000000
outer loop
vertex 29.478601 108.978149 -0.000014
vertex 29.478601 108.978149 4.479968
vertex 26.431482 108.931274 4.479968
endloop
endfacet
facet normal 0.015382 -0.999882 0.000000
outer loop
vertex 29.478601 108.978149 -0.000014
vertex 26.431482 108.931274 4.479968
vertex 26.431482 108.931274 -0.000014
endloop
endfacet
facet normal 0.015024 -0.999887 0.000000
outer loop
vertex 35.051674 109.061890 -0.000014
vertex 35.051674 109.061890 4.479968
vertex 29.478601 108.978149 4.479968
endloop
endfacet
facet normal 0.015024 -0.999887 0.000000
outer loop
vertex 35.051674 109.061890 -0.000014
vertex 29.478601 108.978149 4.479968
vertex 29.478601 108.978149 -0.000014
endloop
endfacet
facet normal 0.015477 -0.999880 0.000000
outer loop
vertex 40.677109 109.148964 -0.000014
vertex 40.677109 109.148964 4.479968
vertex 35.051674 109.061890 4.479968
endloop
endfacet
facet normal 0.015477 -0.999880 0.000000
outer loop
vertex 40.677109 109.148964 -0.000014
vertex 35.051674 109.061890 4.479968
vertex 35.051674 109.061890 -0.000014
endloop
endfacet
facet normal 0.015537 -0.999879 0.000000
outer loop
vertex 43.694313 109.195847 -0.000014
vertex 43.694313 109.195847 4.479968
vertex 40.677109 109.148964 4.479968
endloop
endfacet
facet normal 0.015537 -0.999879 0.000000
outer loop
vertex 43.694313 109.195847 -0.000014
vertex 40.677109 109.148964 4.479968
vertex 40.677109 109.148964 -0.000014
endloop
endfacet
facet normal 0.014081 -0.999901 0.000000
outer loop
vertex 46.073154 109.229347 -0.000014
vertex 46.073154 109.229347 4.479968
vertex 43.694313 109.195847 4.479968
endloop
endfacet
facet normal 0.014081 -0.999901 0.000000
outer loop
vertex 46.073154 109.229347 -0.000014
vertex 43.694313 109.195847 4.479968
vertex 43.694313 109.195847 -0.000014
endloop
endfacet
facet normal 0.015831 -0.999875 0.000000
outer loop
vertex 47.342365 109.249443 -0.000014
vertex 47.342365 109.249443 4.479968
vertex 46.073154 109.229347 4.479968
endloop
endfacet
facet normal 0.015831 -0.999875 0.000000
outer loop
vertex 47.342365 109.249443 -0.000014
vertex 46.073154 109.229347 4.479968
vertex 46.073154 109.229347 -0.000014
endloop
endfacet
facet normal 0.017262 -0.999851 0.000000
outer loop
vertex 48.312351 109.266190 -0.000014
vertex 48.312351 109.266190 4.479968
vertex 47.342365 109.249443 4.479968
endloop
endfacet
facet normal 0.017262 -0.999851 0.000000
outer loop
vertex 48.312351 109.266190 -0.000014
vertex 47.342365 109.249443 4.479968
vertex 47.342365 109.249443 -0.000014
endloop
endfacet
facet normal 0.000000 0.000000 1.000000
outer loop
vertex 23.007839 102.842499 -0.000013
vertex 20.998055 102.829117 -0.000013
vertex 21.020477 102.021957 -0.000013
endloop
endfacet
facet normal 0.000000 0.000000 1.000000
outer loop
vertex 27.354084 102.062149 -0.000013
vertex 27.496216 91.113815 -0.000013
vertex 28.074724 91.113815 -0.000013
endloop
endfacet
facet normal 0.000000 0.000000 1.000000
outer loop
vertex 23.007839 102.842499 -0.000013
vertex 21.020477 102.021957 -0.000013
vertex 27.354084 102.062149 -0.000013
endloop
endfacet
facet normal 0.000000 0.000000 1.000000
outer loop
vertex 27.937597 102.879341 -0.000013
vertex 24.262093 102.852547 -0.000013
vertex 23.007839 102.842499 -0.000013
endloop
endfacet
facet normal 0.000001 0.000000 1.000000
outer loop
vertex 27.354084 102.062149 -0.000013
vertex 28.074724 91.113815 -0.000013
vertex 28.057280 92.594131 -0.000013
endloop
endfacet
facet normal 0.000000 0.000000 1.000000
outer loop
vertex 27.937597 102.879341 -0.000013
vertex 23.007839 102.842499 -0.000013
vertex 27.354084 102.062149 -0.000013
endloop
endfacet
facet normal -0.000000 0.000000 1.000000
outer loop
vertex 27.354084 102.062149 -0.000013
vertex 28.057280 92.594131 -0.000013
vertex 27.937597 102.879341 -0.000013
endloop
endfacet
facet normal -0.000000 0.000000 1.000000
outer loop
vertex 36.767239 91.107117 -0.000013
vertex 42.592148 91.187492 -0.000013
vertex 42.502403 94.928482 -0.000013
endloop
endfacet
facet normal -0.000000 0.000000 1.000000
outer loop
vertex 42.502403 94.928482 -0.000013
vertex 36.742302 94.905037 -0.000013
vertex 36.757259 92.627625 -0.000013
endloop
endfacet
facet normal -0.000000 0.000000 1.000000
outer loop
vertex 42.502403 94.928482 -0.000013
vertex 36.757259 92.627625 -0.000013
vertex 36.767239 91.107117 -0.000013
endloop
endfacet
facet normal -0.000000 0.000000 1.000000
outer loop
vertex 45.093185 91.207588 4.479969
vertex 45.028355 94.921783 4.479969
vertex 42.502403 94.928482 4.479969
endloop
endfacet
facet normal 0.000000 0.000000 1.000000
outer loop
vertex 45.093185 91.207588 4.479969
vertex 42.502403 94.928482 4.479969
vertex 42.592148 91.187492 4.479970
endloop
endfacet
facet normal 0.999848 0.017452 0.000000
outer loop
vertex 45.028355 94.921783 -0.000013
vertex 45.028355 94.921783 4.479969
vertex 45.093185 91.207588 4.479969
endloop
endfacet
facet normal 0.999848 0.017452 0.000000
outer loop
vertex 45.028355 94.921783 -0.000013
vertex 45.093185 91.207588 4.479969
vertex 45.093185 91.207588 -0.000013
endloop
endfacet
facet normal 0.002652 0.999997 0.000000
outer loop
vertex 42.502403 94.928482 -0.000013
vertex 42.502403 94.928482 4.479969
vertex 45.028355 94.921783 4.479969
endloop
endfacet
facet normal 0.002652 0.999996 0.000000
outer loop
vertex 42.502403 94.928482 -0.000013
vertex 45.028355 94.921783 4.479969
vertex 45.028355 94.921783 -0.000013
endloop
endfacet
facet normal -0.999712 -0.023983 0.000000
outer loop
vertex 42.592148 91.187492 -0.000013
vertex 42.592148 91.187492 4.479970
vertex 42.502403 94.928482 4.479969
endloop
endfacet
facet normal -0.999712 -0.023982 0.000000
outer loop
vertex 42.592148 91.187492 -0.000013
vertex 42.502403 94.928482 4.479969
vertex 42.502403 94.928482 -0.000013
endloop
endfacet
facet normal 0.008035 -0.999968 0.000000
outer loop
vertex 45.093185 91.207588 -0.000013
vertex 45.093185 91.207588 4.479969
vertex 42.592148 91.187492 4.479970
endloop
endfacet
facet normal 0.008035 -0.999968 0.000000
outer loop
vertex 45.093185 91.207588 -0.000013
vertex 42.592148 91.187492 4.479970
vertex 42.592148 91.187492 -0.000013
endloop
endfacet
facet normal -0.000000 0.000000 1.000000
outer loop
vertex 45.093185 91.207588 -0.000013
vertex 49.641418 91.241089 -0.000013
vertex 49.541668 95.022263 -0.000013
endloop
endfacet
facet normal -0.000000 0.000000 1.000000
outer loop
vertex 45.093185 91.207588 -0.000013
vertex 49.541668 95.022263 -0.000013
vertex 47.477005 94.975365 -0.000013
endloop
endfacet
facet normal -0.000000 0.000000 1.000000
outer loop
vertex 46.272629 94.948570 -0.000013
vertex 45.028355 94.921783 -0.000013
vertex 45.093185 91.207588 -0.000013
endloop
endfacet
facet normal -0.000000 0.000000 1.000000
outer loop
vertex 47.477005 94.975365 -0.000013
vertex 46.272629 94.948570 -0.000013
vertex 45.093185 91.207588 -0.000013
endloop
endfacet
facet normal 0.000000 0.000000 1.000000
outer loop
vertex 33.695183 96.968102 -0.000013
vertex 33.722607 93.984024 -0.000013
vertex 34.375931 93.984024 -0.000013
endloop
endfacet
facet normal 0.000000 0.000000 1.000000
outer loop
vertex 33.695183 96.968102 -0.000013
vertex 34.375931 93.984024 -0.000013
vertex 34.398350 96.495880 -0.000013
endloop
endfacet
facet normal -0.000000 0.000000 1.000000
outer loop
vertex 40.846664 97.095375 -0.000013
vertex 33.695183 96.968102 -0.000013
vertex 34.398350 96.495880 -0.000013
endloop
endfacet
facet normal 0.000000 0.000000 1.000000
outer loop
vertex 41.253128 104.788368 -0.000014
vertex 43.789059 104.818504 -0.000014
vertex 43.741673 105.729485 -0.000014
endloop
endfacet
facet normal 0.000000 0.000000 1.000000
outer loop
vertex 40.846664 97.095375 -0.000013
vertex 34.398350 96.495880 -0.000013
vertex 41.248123 96.593002 -0.000013
endloop
endfacet
facet normal 0.000000 0.000000 1.000000
outer loop
vertex 41.253128 104.788368 -0.000014
vertex 43.741673 105.729485 -0.000014
vertex 40.751919 105.722778 -0.000014
endloop
endfacet
facet normal 0.000000 0.000000 1.000000
outer loop
vertex 40.846664 97.095375 -0.000013
vertex 41.248123 96.593002 -0.000013
vertex 41.253128 104.788368 -0.000014
endloop
endfacet
facet normal 0.000000 0.000000 1.000000
outer loop
vertex 41.253128 104.788368 -0.000014
vertex 40.751919 105.722778 -0.000014
vertex 40.846664 97.095375 -0.000013
endloop
endfacet
facet normal 0.000000 0.000000 1.000000
outer loop
vertex 29.079632 104.687897 -0.000014
vertex 29.259169 93.940475 -0.000013
vertex 29.648159 93.937126 -0.000013
endloop
endfacet
facet normal -0.000000 0.000000 1.000000
outer loop
vertex 29.496048 105.478287 -0.000014
vertex 26.466400 105.454842 -0.000014
vertex 26.501289 104.651047 -0.000014
endloop
endfacet
facet normal -0.000000 0.000000 1.000000
outer loop
vertex 29.079632 104.687897 -0.000014
vertex 29.648159 93.937126 -0.000013
vertex 29.496048 105.478287 -0.000014
endloop
endfacet
facet normal 0.000000 0.000000 1.000000
outer loop
vertex 29.496048 105.478287 -0.000014
vertex 26.501289 104.651047 -0.000014
vertex 29.079632 104.687897 -0.000014
endloop
endfacet
facet normal 0.000000 0.000000 1.000000
outer loop
vertex 46.177883 103.917580 -0.000014
vertex 46.202820 96.961403 -0.000013
vertex 47.467052 96.961403 -0.000013
endloop
endfacet
facet normal 0.000000 0.000000 1.000000
outer loop
vertex 46.177883 103.917580 -0.000014
vertex 47.467052 96.961403 -0.000013
vertex 47.399704 103.917580 -0.000014
endloop
endfacet
facet normal 0.000000 0.000000 1.000000
outer loop
vertex 52.406761 -71.775070 4.479981
vertex 48.484398 -71.838699 4.479981
vertex 48.544254 -76.862007 4.479981
endloop
endfacet
facet normal 0.000000 0.000000 1.000000
outer loop
vertex 52.406761 -71.775070 4.479981
vertex 48.544254 -76.862007 4.479981
vertex 52.466591 -76.815125 4.479981
endloop
endfacet
facet normal -0.016220 0.999868 0.000000
outer loop
vertex 48.484398 -71.838699 -0.000000
vertex 48.484398 -71.838699 4.479981
vertex 52.406761 -71.775070 4.479981
endloop
endfacet
facet normal -0.016220 0.999868 0.000000
outer loop
vertex 48.484398 -71.838699 -0.000000
vertex 52.406761 -71.775070 4.479981
vertex 52.406761 -71.775070 -0.000000
endloop
endfacet
facet normal -0.999929 -0.011914 0.000000
outer loop
vertex 48.544254 -76.862007 0.000000
vertex 48.544254 -76.862007 4.479981
vertex 48.484398 -71.838699 4.479981
endloop
endfacet
facet normal -0.999929 -0.011918 0.000000
outer loop
vertex 48.544254 -76.862007 0.000000
vertex 48.484398 -71.838699 4.479981
vertex 48.484398 -71.838699 -0.000000
endloop
endfacet
facet normal 0.011952 -0.999929 0.000000
outer loop
vertex 52.466591 -76.815125 0.000000
vertex 52.466591 -76.815125 4.479981
vertex 48.544254 -76.862007 4.479981
endloop
endfacet
facet normal 0.011952 -0.999929 0.000000
outer loop
vertex 52.466591 -76.815125 0.000000
vertex 48.544254 -76.862007 4.479981
vertex 48.544254 -76.862007 0.000000
endloop
endfacet
facet normal 0.999930 0.011870 0.000000
outer loop
vertex 52.406761 -71.775070 -0.000000
vertex 52.406761 -71.775070 4.479981
vertex 52.466591 -76.815125 4.479981
endloop
endfacet
facet normal 0.999930 0.011871 0.000000
outer loop
vertex 52.406761 -71.775070 -0.000000
vertex 52.466591 -76.815125 4.479981
vertex 52.466591 -76.815125 0.000000
endloop
endfacet
facet normal 0.000000 0.000000 1.000000
outer loop
vertex -96.365707 3.321466 8.063961
vertex -96.597610 20.414808 8.063960
vertex -98.540070 20.408110 8.063960
endloop
endfacet
facet normal -0.000002 -0.000000 1.000000
outer loop
vertex -96.365707 3.321466 8.063961
vertex -98.540070 20.408110 8.063960
vertex -98.470268 15.213781 8.063960
endloop
endfacet
facet normal 0.000000 0.000000 1.000000
outer loop
vertex -98.796913 32.792820 8.063958
vertex -96.841980 32.816269 8.063958
vertex -97.083832 39.608135 8.063958
endloop
endfacet
facet normal 0.000000 0.000000 1.000000
outer loop
vertex -98.851761 36.794933 8.063958
vertex -98.796913 32.792820 8.063958
vertex -97.083832 39.608135 8.063958
endloop
endfacet
facet normal -0.003448 0.999994 0.000000
outer loop
vertex -98.540070 20.408110 -0.000007
vertex -98.540070 20.408110 8.063960
vertex -96.597610 20.414808 8.063960
endloop
endfacet
facet normal -0.003448 0.999994 0.000000
outer loop
vertex -98.540070 20.408110 -0.000007
vertex -96.597610 20.414808 8.063960
vertex -96.597610 20.414808 -0.000007
endloop
endfacet
facet normal -0.999910 -0.013437 0.000000
outer loop
vertex -98.470268 15.213781 -0.000007
vertex -98.470268 15.213781 8.063960
vertex -98.540070 20.408110 8.063960
endloop
endfacet
facet normal -0.999910 -0.013442 0.000000
outer loop
vertex -98.470268 15.213781 -0.000007
vertex -98.540070 20.408110 8.063960
vertex -98.540070 20.408110 -0.000007
endloop
endfacet
facet normal -0.015709 0.999877 0.000000
outer loop
vertex -105.504555 15.103266 -0.000007
vertex -105.504555 15.103266 8.063960
vertex -98.470268 15.213781 8.063960
endloop
endfacet
facet normal -0.015709 0.999877 0.000000
outer loop
vertex -105.504555 15.103266 -0.000007
vertex -98.470268 15.213781 8.063960
vertex -98.470268 15.213781 -0.000007
endloop
endfacet
facet normal -0.015186 0.999885 0.000000
outer loop
vertex -112.561287 14.996092 -0.000007
vertex -112.561287 14.996092 8.063960
vertex -105.504555 15.103266 8.063960
endloop
endfacet
facet normal -0.015186 0.999885 0.000000
outer loop
vertex -112.561287 14.996092 -0.000007
vertex -105.504555 15.103266 8.063960
vertex -105.504555 15.103266 -0.000007
endloop
endfacet
facet normal 0.013757 -0.999905 0.000000
outer loop
vertex -105.751411 36.707855 -0.000009
vertex -105.751411 36.707855 8.063958
vertex -112.810638 36.610733 8.063958
endloop
endfacet
facet normal 0.013757 -0.999905 0.000000
outer loop
vertex -105.751411 36.707855 -0.000009
vertex -112.810638 36.610733 8.063958
vertex -112.810638 36.610733 -0.000009
endloop
endfacet
facet normal 0.012620 -0.999920 0.000000
outer loop
vertex -98.851761 36.794933 -0.000009
vertex -98.851761 36.794933 8.063958
vertex -105.751411 36.707855 8.063958
endloop
endfacet
facet normal 0.012620 -0.999920 0.000000
outer loop
vertex -98.851761 36.794933 -0.000009
vertex -105.751411 36.707855 8.063958
vertex -105.751411 36.707855 -0.000009
endloop
endfacet
facet normal -0.999906 -0.013706 0.000000
outer loop
vertex -98.796913 32.792820 -0.000008
vertex -98.796913 32.792820 8.063958
vertex -98.851761 36.794933 8.063958
endloop
endfacet
facet normal -0.999906 -0.013702 0.000000
outer loop
vertex -98.796913 32.792820 -0.000008
vertex -98.851761 36.794933 8.063958
vertex -98.851761 36.794933 -0.000009
endloop
endfacet
facet normal 0.011994 -0.999928 0.000000
outer loop
vertex -96.841980 32.816269 -0.000008
vertex -96.841980 32.816269 8.063958
vertex -98.796913 32.792820 8.063958
endloop
endfacet
facet normal 0.011994 -0.999928 0.000000
outer loop
vertex -96.841980 32.816269 -0.000008
vertex -98.796913 32.792820 8.063958
vertex -98.796913 32.792820 -0.000008
endloop
endfacet
facet normal 0.999367 0.035587 0.000000
outer loop
vertex -97.083832 39.608135 -0.000009
vertex -97.083832 39.608135 8.063958
vertex -96.841980 32.816269 8.063958
endloop
endfacet
facet normal 0.999367 0.035585 0.000000
outer loop
vertex -97.083832 39.608135 -0.000009
vertex -96.841980 32.816269 8.063958
vertex -96.841980 32.816269 -0.000008
endloop
endfacet
facet normal 0.999908 0.013566 0.000000
outer loop
vertex -96.597610 20.414808 -0.000007
vertex -96.597610 20.414808 8.063960
vertex -96.365707 3.321466 8.063961
endloop
endfacet
facet normal 0.999908 0.013567 0.000000
outer loop
vertex -96.597610 20.414808 -0.000007
vertex -96.365707 3.321466 8.063961
vertex -96.365707 3.321466 -0.000006
endloop
endfacet
facet normal 0.000000 0.000000 1.000000
outer loop
vertex -93.086685 -88.241432 0.000001
vertex -102.038528 -87.397530 0.000001
vertex -95.814621 -98.652992 0.000002
endloop
endfacet
facet normal 0.000000 0.000000 1.000000
outer loop
vertex -95.814621 -98.652992 0.000002
vertex -95.276009 -98.920898 0.000002
vertex -94.892021 -98.920898 0.000002
endloop
endfacet
facet normal 0.000000 0.000000 1.000000
outer loop
vertex -94.892021 -98.920898 0.000002
vertex -94.547905 -98.807037 0.000002
vertex -94.393303 -98.267876 0.000002
endloop
endfacet
facet normal 0.000004 -0.000000 1.000000
outer loop
vertex -94.393303 -98.267876 0.000002
vertex -94.238701 -97.383781 0.000002
vertex -93.086685 -88.241432 0.000001
endloop
endfacet
facet normal 0.000000 0.000000 1.000000
outer loop
vertex -93.086685 -88.241432 0.000001
vertex -95.814621 -98.652992 0.000002
vertex -94.892021 -98.920898 0.000002
endloop
endfacet
facet normal -0.000000 0.000000 1.000000
outer loop
vertex -94.892021 -98.920898 0.000002
vertex -94.393303 -98.267876 0.000002
vertex -93.086685 -88.241432 0.000001
endloop
endfacet
facet normal -0.000000 0.000000 1.000000
outer loop
vertex -111.972801 -87.213341 4.479982
vertex -111.982780 -86.871758 4.479982
vertex -114.249405 -86.942078 4.479982
endloop
endfacet
facet normal 0.000000 0.000000 1.000000
outer loop
vertex -114.249405 -86.942078 4.479982
vertex -114.197037 -88.676788 4.479982
vertex -111.930420 -88.606461 4.479982
endloop
endfacet
facet normal 0.000000 0.000000 1.000000
outer loop
vertex -114.249405 -86.942078 4.479982
vertex -111.930420 -88.606461 4.479982
vertex -111.972801 -87.213341 4.479982
endloop
endfacet
facet normal 0.031013 -0.999519 0.000000
outer loop
vertex -111.930420 -88.606461 0.000001
vertex -111.930420 -88.606461 4.479982
vertex -114.197037 -88.676788 4.479982
endloop
endfacet
facet normal 0.999538 0.030410 0.000000
outer loop
vertex -111.972801 -87.213341 0.000001
vertex -111.972801 -87.213341 4.479982
vertex -111.930420 -88.606461 4.479982
endloop
endfacet
facet normal 0.999538 0.030410 0.000000
outer loop
vertex -111.972801 -87.213341 0.000001
vertex -111.930420 -88.606461 4.479982
vertex -111.930420 -88.606461 0.000001
endloop
endfacet
facet normal 0.999573 0.029223 0.000000
outer loop
vertex -111.982780 -86.871758 0.000001
vertex -111.982780 -86.871758 4.479982
vertex -111.972801 -87.213341 4.479982
endloop
endfacet
facet normal 0.999574 0.029183 0.000000
outer loop
vertex -111.982780 -86.871758 0.000001
vertex -111.972801 -87.213341 4.479982
vertex -111.972801 -87.213341 0.000001
endloop
endfacet
facet normal -0.000000 0.000000 1.000000
outer loop
vertex 82.833015 -88.459106 0.000001
vertex 73.768982 -88.660034 0.000001
vertex 73.836296 -92.779121 0.000001
endloop
endfacet
facet normal -0.000000 0.000000 1.000000
outer loop
vertex 82.833015 -88.459106 0.000001
vertex 73.836296 -92.779121 0.000001
vertex 82.915291 -92.615028 0.000001
endloop
endfacet
facet normal -0.000000 0.000000 1.000000
outer loop
vertex 93.168755 -113.170135 0.000003
vertex 93.126373 -110.728859 0.000003
vertex 85.211853 -110.862808 0.000003
endloop
endfacet
facet normal -0.000000 0.000000 1.000000
outer loop
vertex 85.211853 -110.862808 0.000003
vertex 84.234390 -110.879547 0.000003
vertex 84.269295 -115.320068 0.000003
endloop
endfacet
facet normal 0.000000 0.000000 1.000000
outer loop
vertex 88.894821 -115.219612 0.000003
vertex 93.203674 -115.129189 0.000003
vertex 93.168755 -113.170135 0.000003
endloop
endfacet
facet normal -0.000000 0.000000 1.000000
outer loop
vertex 85.211853 -110.862808 0.000003
vertex 84.269295 -115.320068 0.000003
vertex 88.894821 -115.219612 0.000003
endloop
endfacet
facet normal -0.000000 0.000000 1.000000
outer loop
vertex 85.211853 -110.862808 0.000003
vertex 88.894821 -115.219612 0.000003
vertex 93.168755 -113.170135 0.000003
endloop
endfacet
facet normal -0.000001 0.000000 1.000000
outer loop
vertex -96.841980 32.816269 8.063958
vertex -98.796913 32.792820 8.063958
vertex -98.734566 29.771992 8.063959
endloop
endfacet
facet normal 0.000000 0.000000 1.000000
outer loop
vertex -98.584946 22.595018 8.063959
vertex -98.540070 20.408110 8.063960
vertex -96.597610 20.414808 8.063960
endloop
endfacet
facet normal 0.000001 0.000000 1.000000
outer loop
vertex -96.841980 32.816269 8.063958
vertex -98.734566 29.771992 8.063959
vertex -98.584946 22.595018 8.063959
endloop
endfacet
facet normal 0.000000 0.000000 1.000000
outer loop
vertex -94.964317 20.481787 8.063959
vertex -95.293480 32.816269 8.063958
vertex -96.841980 32.816269 8.063958
endloop
endfacet
facet normal 0.000000 0.000001 1.000000
outer loop
vertex -98.584946 22.595018 8.063959
vertex -96.597610 20.414808 8.063960
vertex -94.964317 20.481787 8.063959
endloop
endfacet
facet normal 0.000000 0.000000 1.000000
outer loop
vertex -98.584946 22.595018 8.063959
vertex -94.964317 20.481787 8.063959
vertex -96.841980 32.816269 8.063958
endloop
endfacet
facet normal -0.999787 -0.020634 0.000000
outer loop
vertex -98.734566 29.771992 -0.000008
vertex -98.734566 29.771992 8.063959
vertex -98.796913 32.792820 8.063958
endloop
endfacet
facet normal -0.999787 -0.020641 0.000000
outer loop
vertex -98.734566 29.771992 -0.000008
vertex -98.796913 32.792820 8.063958
vertex -98.796913 32.792820 -0.000008
endloop
endfacet
facet normal -0.999783 -0.020845 0.000000
outer loop
vertex -98.584946 22.595018 -0.000007
vertex -98.584946 22.595018 8.063959
vertex -98.734566 29.771992 8.063959
endloop
endfacet
facet normal -0.999783 -0.020839 0.000000
outer loop
vertex -98.584946 22.595018 -0.000007
vertex -98.734566 29.771992 8.063959
vertex -98.734566 29.771992 -0.000008
endloop
endfacet
facet normal -0.999790 -0.020516 0.000000
outer loop
vertex -98.540070 20.408110 -0.000007
vertex -98.540070 20.408110 8.063960
vertex -98.584946 22.595018 8.063959
endloop
endfacet
facet normal -0.999790 -0.020512 0.000000
outer loop
vertex -98.540070 20.408110 -0.000007
vertex -98.584946 22.595018 8.063959
vertex -98.584946 22.595018 -0.000007
endloop
endfacet
facet normal 0.003448 -0.999994 0.000000
outer loop
vertex -96.597610 20.414808 -0.000007
vertex -96.597610 20.414808 8.063960
vertex -98.540070 20.408110 8.063960
endloop
endfacet
facet normal 0.003448 -0.999994 0.000000
outer loop
vertex -96.597610 20.414808 -0.000007
vertex -98.540070 20.408110 8.063960
vertex -98.540070 20.408110 -0.000007
endloop
endfacet
facet normal 0.040974 -0.999160 0.000000
outer loop
vertex -94.964317 20.481787 -0.000007
vertex -94.964317 20.481787 8.063959
vertex -96.597610 20.414808 8.063960
endloop
endfacet
facet normal 0.040974 -0.999160 0.000000
outer loop
vertex -94.964317 20.481787 -0.000007
vertex -96.597610 20.414808 8.063960
vertex -96.597610 20.414808 -0.000007
endloop
endfacet
facet normal 0.999644 0.026677 0.000000
outer loop
vertex -95.293480 32.816269 -0.000008
vertex -95.293480 32.816269 8.063958
vertex -94.964317 20.481787 8.063959
endloop
endfacet
facet normal 0.999644 0.026676 0.000000
outer loop
vertex -95.293480 32.816269 -0.000008
vertex -94.964317 20.481787 8.063959
vertex -94.964317 20.481787 -0.000007
endloop
endfacet
facet normal 0.000000 1.000000 0.000000
outer loop
vertex -96.841980 32.816269 -0.000008
vertex -96.841980 32.816269 8.063958
vertex -95.293480 32.816269 8.063958
endloop
endfacet
facet normal 0.000000 1.000000 0.000000
outer loop
vertex -96.841980 32.816269 -0.000008
vertex -95.293480 32.816269 8.063958
vertex -95.293480 32.816269 -0.000008
endloop
endfacet
facet normal -0.011994 0.999928 0.000000
outer loop
vertex -98.796913 32.792820 -0.000008
vertex -98.796913 32.792820 8.063958
vertex -96.841980 32.816269 8.063958
endloop
endfacet
facet normal -0.011994 0.999928 0.000000
outer loop
vertex -98.796913 32.792820 -0.000008
vertex -96.841980 32.816269 8.063958
vertex -96.841980 32.816269 -0.000008
endloop
endfacet
facet normal 0.000000 0.000000 1.000000
outer loop
vertex -107.733772 -92.638466 0.000001
vertex -110.115128 -88.666740 0.000001
vertex -113.291885 -90.518654 0.000001
endloop
endfacet
facet normal -0.000000 0.000000 1.000000
outer loop
vertex -113.291885 -90.518654 0.000001
vertex -112.234642 -92.062477 0.000001
vertex -111.129990 -91.446289 0.000001
endloop
endfacet
facet normal -0.000000 0.000000 1.000000
outer loop
vertex -111.129990 -91.446289 0.000001
vertex -104.158043 -102.872513 0.000002
vertex -102.569649 -102.035309 0.000002
endloop
endfacet
facet normal 0.000001 0.000000 1.000000
outer loop
vertex -102.569649 -102.035309 0.000002
vertex -104.422348 -97.976524 0.000002
vertex -105.512016 -96.221725 0.000002
endloop
endfacet
facet normal -0.000000 -0.000001 1.000000
outer loop
vertex -107.733772 -92.638466 0.000001
vertex -113.291885 -90.518654 0.000001
vertex -111.129990 -91.446289 0.000001
endloop
endfacet
facet normal -0.000000 0.000000 1.000000
outer loop
vertex -111.129990 -91.446289 0.000001
vertex -102.569649 -102.035309 0.000002
vertex -105.512016 -96.221725 0.000002
endloop
endfacet
facet normal -0.000000 0.000000 1.000000
outer loop
vertex -111.129990 -91.446289 0.000001
vertex -105.512016 -96.221725 0.000002
vertex -107.733772 -92.638466 0.000001
endloop
endfacet
facet normal -0.000000 0.000000 1.000000
outer loop
vertex -78.354805 -89.259483 0.000001
vertex -82.568901 -88.891113 0.000001
vertex -66.834633 -101.445915 0.000002
endloop
endfacet
facet normal -0.000000 0.000000 1.000000
outer loop
vertex -66.834633 -101.445915 0.000002
vertex -67.066536 -98.452057 0.000002
vertex -68.141251 -95.722755 0.000002
endloop
endfacet
facet normal -0.000000 0.000000 1.000000
outer loop
vertex -68.141251 -95.722755 0.000002
vertex -69.662323 -93.572800 0.000001
vertex -71.791786 -91.767769 0.000001
endloop
endfacet
facet normal 0.000000 0.000000 1.000000
outer loop
vertex -71.791786 -91.767769 0.000001
vertex -74.744164 -90.193810 0.000001
vertex -78.354805 -89.259483 0.000001
endloop
endfacet
facet normal 0.000000 0.000000 1.000000
outer loop
vertex -78.354805 -89.259483 0.000001
vertex -66.834633 -101.445915 0.000002
vertex -68.141251 -95.722755 0.000002
endloop
endfacet
facet normal 0.000000 0.000000 1.000000
outer loop
vertex -68.141251 -95.722755 0.000002
vertex -71.791786 -91.767769 0.000001
vertex -78.354805 -89.259483 0.000001
endloop
endfacet
facet normal -0.000000 0.000000 1.000000
outer loop
vertex -64.181503 -97.410568 0.000002
vertex -63.707722 -99.711220 0.000002
vertex -59.431290 -99.624153 0.000002
endloop
endfacet
facet normal -0.000000 0.000000 1.000000
outer loop
vertex -65.216324 -94.543968 0.000001
vertex -64.181503 -97.410568 0.000002
vertex -59.431290 -99.624153 0.000002
endloop
endfacet
facet normal -0.000002 -0.000001 1.000000
outer loop
vertex -68.909248 -89.999580 0.000001
vertex -67.413139 -91.650566 0.000001
vertex -66.600243 -92.394005 0.000001
endloop
endfacet
facet normal -0.000000 -0.000000 1.000000
outer loop
vertex -66.600243 -92.394005 0.000001
vertex -65.216324 -94.543968 0.000001
vertex -59.431290 -99.624153 0.000002
endloop
endfacet
facet normal 0.000001 0.000001 1.000000
outer loop
vertex -68.909248 -89.999580 0.000001
vertex -66.600243 -92.394005 0.000001
vertex -59.431290 -99.624153 0.000002
endloop
endfacet
facet normal 0.000001 0.000000 1.000000
outer loop
vertex -68.679863 -89.001617 0.000001
vertex -69.026474 -89.423584 0.000001
vertex -68.909248 -89.999580 0.000001
endloop
endfacet
facet normal -0.000000 0.000000 1.000000
outer loop
vertex -61.535847 -89.078651 0.000001
vertex -68.088882 -88.891113 0.000001
vertex -68.679863 -89.001617 0.000001
endloop
endfacet
facet normal -0.000000 -0.000000 1.000000
outer loop
vertex -57.730705 -90.190468 0.000001
vertex -59.306629 -89.500603 0.000001
vertex -61.535847 -89.078651 0.000001
endloop
endfacet
facet normal 0.000001 0.000001 1.000000
outer loop
vertex -56.940228 -92.645164 0.000001
vertex -57.234474 -91.898376 0.000001
vertex -58.139629 -90.682739 0.000001
endloop
endfacet
facet normal -0.000000 0.000000 1.000000
outer loop
vertex -58.139629 -90.682739 0.000001
vertex -57.730705 -90.190468 0.000001
vertex -61.535847 -89.078651 0.000001
endloop
endfacet
facet normal 0.000000 0.000000 1.000000
outer loop
vertex -61.535847 -89.078651 0.000001
vertex -68.679863 -89.001617 0.000001
vertex -68.909248 -89.999580 0.000001
endloop
endfacet
facet normal 0.000000 0.000000 1.000000
outer loop
vertex -61.535847 -89.078651 0.000001
vertex -68.909248 -89.999580 0.000001
vertex -59.431290 -99.624153 0.000002
endloop
endfacet
facet normal -0.000000 0.000000 1.000000
outer loop
vertex -56.940228 -92.645164 0.000001
vertex -58.139629 -90.682739 0.000001
vertex -61.535847 -89.078651 0.000001
endloop
endfacet
facet normal 0.000000 0.000000 1.000000
outer loop
vertex -58.087265 -116.803596 0.000003
vertex -56.882889 -114.663704 0.000003
vertex -56.940228 -92.645164 0.000001
endloop
endfacet
facet normal -0.000000 0.000000 1.000000
outer loop
vertex -74.048462 -118.059395 0.000003
vertex -60.092075 -117.670937 0.000003
vertex -58.087265 -116.803596 0.000003
endloop
endfacet
facet normal 0.000000 0.000000 1.000000
outer loop
vertex -83.720917 -117.975685 0.000003
vertex -83.237175 -118.313911 0.000003
vertex -74.048462 -118.059395 0.000003
endloop
endfacet
facet normal -0.000000 0.000000 1.000000
outer loop
vertex -76.861191 -117.078201 0.000003
vertex -78.379745 -116.167328 0.000003
vertex -78.304932 -117.232239 0.000003
endloop
endfacet
facet normal -0.000000 0.000000 1.000000
outer loop
vertex -78.304932 -117.232239 0.000003
vertex -83.720917 -117.975685 0.000003
vertex -74.048462 -118.059395 0.000003
endloop
endfacet
facet normal -0.000000 0.000000 1.000000
outer loop
vertex -56.940228 -92.645164 0.000001
vertex -61.535847 -89.078651 0.000001
vertex -59.431290 -99.624153 0.000002
endloop
endfacet
facet normal -0.000000 0.000000 1.000000
outer loop
vertex -56.940228 -92.645164 0.000001
vertex -59.431290 -99.624153 0.000002
vertex -59.231815 -113.200279 0.000003
endloop
endfacet
facet normal 0.000000 0.000000 1.000000
outer loop
vertex -78.304932 -117.232239 0.000003
vertex -74.048462 -118.059395 0.000003
vertex -58.087265 -116.803596 0.000003
endloop
endfacet
facet normal 0.000000 0.000000 1.000000
outer loop
vertex -60.535942 -116.783501 0.000003
vertex -76.861191 -117.078201 0.000003
vertex -78.304932 -117.232239 0.000003
endloop
endfacet
facet normal 0.000001 -0.000000 1.000000
outer loop
vertex -56.940228 -92.645164 0.000001
vertex -59.231815 -113.200279 0.000003
vertex -59.271709 -115.226311 0.000003
endloop
endfacet
facet normal 0.000000 0.000000 1.000000
outer loop
vertex -60.535942 -116.783501 0.000003
vertex -78.304932 -117.232239 0.000003
vertex -58.087265 -116.803596 0.000003
endloop
endfacet
facet normal -0.000000 0.000000 1.000000
outer loop
vertex -58.087265 -116.803596 0.000003
vertex -56.940228 -92.645164 0.000001
vertex -59.271709 -115.226311 0.000003
endloop
endfacet
facet normal 0.000000 0.000000 1.000000
outer loop
vertex -59.271709 -115.226311 0.000003
vertex -60.535942 -116.783501 0.000003
vertex -58.087265 -116.803596 0.000003
endloop
endfacet
facet normal 0.000000 0.000000 1.000000
outer loop
vertex -80.130234 -115.018692 0.000003
vertex -80.985512 -116.170677 0.000003
vertex -79.559189 -116.257736 0.000003
endloop
endfacet
facet normal -0.000000 0.000000 1.000000
outer loop
vertex -79.559189 -116.257736 0.000003
vertex -78.364792 -115.966393 0.000003
vertex -75.629356 -114.539810 0.000003
endloop
endfacet
facet normal 0.000000 -0.000000 1.000000
outer loop
vertex -75.629356 -114.539810 0.000003
vertex -72.746819 -112.708000 0.000003
vertex -69.777023 -110.116013 0.000003
endloop
endfacet
facet normal 0.000000 0.000000 1.000000
outer loop
vertex -69.777023 -110.116013 0.000003
vertex -68.116310 -108.079941 0.000002
vertex -66.632645 -105.575020 0.000002
endloop
endfacet
facet normal 0.000000 0.000000 1.000000
outer loop
vertex -66.632645 -105.575020 0.000002
vertex -65.340988 -101.462654 0.000002
vertex -66.834633 -101.445915 0.000002
endloop
endfacet
facet normal 0.000000 0.000000 1.000000
outer loop
vertex -66.632645 -105.575020 0.000002
vertex -66.834633 -101.445915 0.000002
vertex -67.652512 -101.325356 0.000002
endloop
endfacet
facet normal 0.000000 -0.000000 1.000000
outer loop
vertex -79.559189 -116.257736 0.000003
vertex -75.629356 -114.539810 0.000003
vertex -69.777023 -110.116013 0.000003
endloop
endfacet
facet normal -0.000000 0.000000 1.000000
outer loop
vertex -77.536934 -114.134598 0.000003
vertex -80.130234 -115.018692 0.000003
vertex -79.559189 -116.257736 0.000003
endloop
endfacet
facet normal 0.000000 0.000000 1.000000
outer loop
vertex -75.265305 -113.381111 0.000003
vertex -75.409927 -113.133301 0.000003
vertex -77.536934 -114.134598 0.000003
endloop
endfacet
facet normal -0.000000 0.000001 1.000000
outer loop
vertex -73.218117 -111.733505 0.000003
vertex -74.661888 -112.687912 0.000003
vertex -74.522240 -112.959167 0.000003
endloop
endfacet
facet normal -0.000000 0.000000 1.000000
outer loop
vertex -75.265305 -113.381111 0.000003
vertex -77.536934 -114.134598 0.000003
vertex -79.559189 -116.257736 0.000003
endloop
endfacet
facet normal -0.000001 0.000001 1.000000
outer loop
vertex -71.041229 -109.844765 0.000002
vertex -73.218117 -111.733505 0.000003
vertex -74.522240 -112.959167 0.000003
endloop
endfacet
facet normal -0.000000 0.000001 1.000000
outer loop
vertex -74.522240 -112.959167 0.000003
vertex -75.265305 -113.381111 0.000003
vertex -79.559189 -116.257736 0.000003
endloop
endfacet
facet normal -0.000000 0.000000 1.000000
outer loop
vertex -66.632645 -105.575020 0.000002
vertex -67.652512 -101.325356 0.000002
vertex -84.099953 -93.174286 0.000001
endloop
endfacet
facet normal 0.000000 0.000000 1.000000
outer loop
vertex -84.364258 -104.948792 0.000002
vertex -86.376556 -104.945442 0.000002
vertex -86.177055 -114.764175 0.000003
endloop
endfacet
facet normal 0.000000 -0.000000 1.000000
outer loop
vertex -74.522240 -112.959167 0.000003
vertex -79.559189 -116.257736 0.000003
vertex -69.777023 -110.116013 0.000003
endloop
endfacet
facet normal 0.000000 0.000000 1.000000
outer loop
vertex -70.617355 -109.754349 0.000002
vertex -70.786911 -109.583557 0.000002
vertex -71.041229 -109.844765 0.000002
endloop
endfacet
facet normal -0.000000 0.000000 1.000000
outer loop
vertex -71.041229 -109.844765 0.000002
vertex -74.522240 -112.959167 0.000003
vertex -69.777023 -110.116013 0.000003
endloop
endfacet
facet normal 0.000000 0.000000 1.000000
outer loop
vertex -84.364258 -104.948792 0.000002
vertex -86.177055 -114.764175 0.000003
vertex -85.748169 -115.641563 0.000003
endloop
endfacet
facet normal 0.000000 0.000000 1.000000
outer loop
vertex -85.748169 -115.641563 0.000003
vertex -84.982658 -115.715240 0.000003
vertex -84.167274 -114.767525 0.000003
endloop
endfacet
facet normal -0.000000 0.000000 1.000000
outer loop
vertex -84.167274 -114.767525 0.000003
vertex -83.518951 -115.306671 0.000003
vertex -83.199776 -114.857933 0.000003
endloop
endfacet
facet normal 0.000000 0.000000 1.000000
outer loop
vertex -82.878105 -111.921028 0.000003
vertex -82.456711 -108.709511 0.000002
vertex -82.730995 -108.669334 0.000002
endloop
endfacet
facet normal 0.000000 0.000000 1.000000
outer loop
vertex -84.167274 -114.767525 0.000003
vertex -83.199776 -114.857933 0.000003
vertex -82.878105 -111.921028 0.000003
endloop
endfacet
facet normal -0.000000 0.000000 1.000000
outer loop
vertex -84.364258 -104.948792 0.000002
vertex -85.748169 -115.641563 0.000003
vertex -84.167274 -114.767525 0.000003
endloop
endfacet
facet normal -0.000000 0.000000 1.000000
outer loop
vertex -70.617355 -109.754349 0.000002
vertex -71.041229 -109.844765 0.000002
vertex -69.777023 -110.116013 0.000003
endloop
endfacet
facet normal 0.000000 0.000000 1.000000
outer loop
vertex -69.821899 -108.414818 0.000002
vertex -70.263252 -108.974075 0.000002
vertex -70.053802 -109.151566 0.000002
endloop
endfacet
facet normal -0.000000 0.000000 1.000000
outer loop
vertex -70.053802 -109.151566 0.000002
vertex -70.617355 -109.754349 0.000002
vertex -69.777023 -110.116013 0.000003
endloop
endfacet
facet normal 0.000000 0.000000 1.000000
outer loop
vertex -84.099953 -93.174286 0.000001
vertex -84.364258 -104.948792 0.000002
vertex -84.167274 -114.767525 0.000003
endloop
endfacet
facet normal 0.000000 0.000000 1.000000
outer loop
vertex -84.167274 -114.767525 0.000003
vertex -82.878105 -111.921028 0.000003
vertex -82.730995 -108.669334 0.000002
endloop
endfacet
facet normal 0.000000 0.000000 1.000000
outer loop
vertex -82.623779 -107.845520 0.000002
vertex -82.349464 -107.895752 0.000002
vertex -81.870705 -104.252235 0.000002
endloop
endfacet
facet normal 0.000001 -0.000000 1.000000
outer loop
vertex -84.167274 -114.767525 0.000003
vertex -82.730995 -108.669334 0.000002
vertex -82.623779 -107.845520 0.000002
endloop
endfacet
facet normal -0.000000 0.000000 1.000000
outer loop
vertex -70.053802 -109.151566 0.000002
vertex -69.777023 -110.116013 0.000003
vertex -66.632645 -105.575020 0.000002
endloop
endfacet
facet normal 0.000000 0.000000 1.000000
outer loop
vertex -69.088791 -107.550827 0.000002
vertex -69.821899 -108.414818 0.000002
vertex -70.053802 -109.151566 0.000002
endloop
endfacet
facet normal -0.000000 0.000000 1.000000
outer loop
vertex -72.298004 -103.475304 0.000002
vertex -72.470047 -103.696335 0.000002
vertex -68.502815 -106.770546 0.000002
endloop
endfacet
facet normal 0.000002 -0.000001 1.000000
outer loop
vertex -68.502815 -106.770546 0.000002
vertex -69.088791 -107.550827 0.000002
vertex -70.053802 -109.151566 0.000002
endloop
endfacet
facet normal -0.000000 0.000000 1.000000
outer loop
vertex -84.099953 -93.174286 0.000001
vertex -84.167274 -114.767525 0.000003
vertex -82.623779 -107.845520 0.000002
endloop
endfacet
facet normal 0.000000 0.000000 1.000000
outer loop
vertex -82.623779 -107.845520 0.000002
vertex -81.870705 -104.252235 0.000002
vertex -82.202362 -104.191956 0.000002
endloop
endfacet
facet normal 0.000000 0.000000 1.000000
outer loop
vertex -82.095146 -103.378189 0.000002
vertex -81.761002 -103.415024 0.000002
vertex -80.938126 -97.132614 0.000002
endloop
endfacet
facet normal -0.000000 0.000000 1.000000
outer loop
vertex -84.099953 -93.174286 0.000001
vertex -82.623779 -107.845520 0.000002
vertex -82.202362 -104.191956 0.000002
endloop
endfacet
facet normal 0.000001 0.000000 1.000000
outer loop
vertex -84.099953 -93.174286 0.000001
vertex -82.202362 -104.191956 0.000002
vertex -82.095146 -103.378189 0.000002
endloop
endfacet
facet normal -0.000000 0.000000 1.000000
outer loop
vertex -68.502815 -106.770546 0.000002
vertex -70.053802 -109.151566 0.000002
vertex -66.632645 -105.575020 0.000002
endloop
endfacet
facet normal -0.000000 0.000000 1.000000
outer loop
vertex -72.298004 -103.475304 0.000002
vertex -68.502815 -106.770546 0.000002
vertex -66.632645 -105.575020 0.000002
endloop
endfacet
facet normal 0.000000 0.000000 1.000000
outer loop
vertex -84.099953 -93.174286 0.000001
vertex -82.095146 -103.378189 0.000002
vertex -80.938126 -97.132614 0.000002
endloop
endfacet
facet normal -0.000000 0.000000 1.000000
outer loop
vertex -80.938126 -97.132614 0.000002
vertex -77.142967 -100.072899 0.000002
vertex -76.988365 -99.855217 0.000002
endloop
endfacet
facet normal -0.000000 0.000000 1.000000
outer loop
vertex -76.369965 -100.300613 0.000002
vertex -76.537033 -100.545082 0.000002
vertex -73.048553 -103.247581 0.000002
endloop
endfacet
facet normal -0.000000 0.000000 1.000000
outer loop
vertex -84.099953 -93.174286 0.000001
vertex -80.938126 -97.132614 0.000002
vertex -76.988365 -99.855217 0.000002
endloop
endfacet
facet normal -0.000000 0.000000 1.000000
outer loop
vertex -76.369965 -100.300613 0.000002
vertex -73.048553 -103.247581 0.000002
vertex -72.861526 -103.019867 0.000002
endloop
endfacet
facet normal 0.000000 0.000000 1.000000
outer loop
vertex -84.099953 -93.174286 0.000001
vertex -76.988365 -99.855217 0.000002
vertex -76.369965 -100.300613 0.000002
endloop
endfacet
facet normal -0.000000 0.000000 1.000000
outer loop
vertex -72.298004 -103.475304 0.000002
vertex -66.632645 -105.575020 0.000002
vertex -84.099953 -93.174286 0.000001
endloop
endfacet
facet normal -0.000000 -0.000000 1.000000
outer loop
vertex -84.099953 -93.174286 0.000001
vertex -76.369965 -100.300613 0.000002
vertex -72.861526 -103.019867 0.000002
endloop
endfacet
facet normal 0.000001 0.000001 1.000000
outer loop
vertex -84.099953 -93.174286 0.000001
vertex -72.861526 -103.019867 0.000002
vertex -72.298004 -103.475304 0.000002
endloop
endfacet
facet normal -0.000000 0.000000 1.000000
outer loop
vertex -94.435684 -86.754539 0.000001
vertex -95.166306 -75.941071 0.000000
vertex -101.647018 -76.647682 0.000000
endloop
endfacet
facet normal 0.000000 0.000000 1.000000
outer loop
vertex -103.756584 -76.758194 0.000000
vertex -104.908600 -76.795029 0.000000
vertex -108.454414 -76.955780 0.000000
endloop
endfacet
facet normal -0.000000 0.000000 1.000000
outer loop
vertex -94.435684 -86.754539 0.000001
vertex -101.647018 -76.647682 0.000000
vertex -103.756584 -76.758194 0.000000
endloop
endfacet
facet normal 0.000000 0.000000 1.000000
outer loop
vertex -102.252960 -87.062637 0.000001
vertex -94.363388 -87.842918 0.000001
vertex -94.435684 -86.754539 0.000001
endloop
endfacet
facet normal -0.000000 0.000000 1.000000
outer loop
vertex -103.756584 -76.758194 0.000000
vertex -108.454414 -76.955780 0.000000
vertex -102.252960 -87.062637 0.000001
endloop
endfacet
facet normal -0.000000 0.000000 1.000000
outer loop
vertex -103.756584 -76.758194 0.000000
vertex -102.252960 -87.062637 0.000001
vertex -94.435684 -86.754539 0.000001
endloop
endfacet
facet normal 0.000000 0.000000 1.000000
outer loop
vertex -68.203590 -69.189735 -0.000000
vertex -82.618774 -76.061630 0.000000
vertex -73.277939 -76.252510 0.000000
endloop
endfacet
facet normal 0.000000 0.000000 1.000000
outer loop
vertex -73.277939 -76.252510 0.000000
vertex -68.797058 -75.716698 0.000000
vertex -66.089050 -74.648407 0.000000
endloop
endfacet
facet normal 0.000000 -0.000000 1.000000
outer loop
vertex -66.089050 -74.648407 0.000000
vertex -64.515648 -73.476303 -0.000000
vertex -63.246410 -71.771721 -0.000000
endloop
endfacet
facet normal 0.000000 0.000000 1.000000
outer loop
vertex -64.610390 -71.061760 -0.000000
vertex -68.203590 -69.189735 -0.000000
vertex -73.277939 -76.252510 0.000000
endloop
endfacet
facet normal -0.000000 0.000000 1.000000
outer loop
vertex -66.089050 -74.648407 0.000000
vertex -63.246410 -71.771721 -0.000000
vertex -64.610390 -71.061760 -0.000000
endloop
endfacet
facet normal -0.000000 0.000000 1.000000
outer loop
vertex -73.277939 -76.252510 0.000000
vertex -66.089050 -74.648407 0.000000
vertex -64.610390 -71.061760 -0.000000
endloop
endfacet
facet normal 0.000000 0.000000 1.000000
outer loop
vertex -64.248825 -77.022758 0.000000
vertex -67.258537 -78.526398 0.000000
vertex -58.730606 -78.961746 0.000000
endloop
endfacet
facet normal 0.000000 0.000000 1.000000
outer loop
vertex -58.730606 -78.961746 0.000000
vertex -57.025021 -78.593376 0.000000
vertex -57.192089 -77.722664 0.000000
endloop
endfacet
facet normal 0.000000 0.000000 1.000000
outer loop
vertex -57.628468 -77.488251 0.000000
vertex -56.725800 -76.018089 0.000000
vertex -57.074894 -56.058731 -0.000002
endloop
endfacet
facet normal -0.000000 0.000000 1.000000
outer loop
vertex -58.730606 -78.961746 0.000000
vertex -57.192089 -77.722664 0.000000
vertex -57.628468 -77.488251 0.000000
endloop
endfacet
facet normal -0.000000 0.000000 1.000000
outer loop
vertex -62.074459 -75.314835 0.000000
vertex -64.248825 -77.022758 0.000000
vertex -58.730606 -78.961746 0.000000
endloop
endfacet
facet normal -0.000000 0.000000 1.000000
outer loop
vertex -58.154587 -74.541237 0.000000
vertex -60.603264 -73.241875 -0.000000
vertex -62.074459 -75.314835 0.000000
endloop
endfacet
facet normal -0.000000 0.000000 1.000000
outer loop
vertex -57.401543 -56.045334 -0.000002
vertex -58.605919 -56.052032 -0.000002
vertex -58.154587 -74.541237 0.000000
endloop
endfacet
facet normal 0.000000 0.000000 1.000000
outer loop
vertex -57.628468 -77.488251 0.000000
vertex -57.074894 -56.058731 -0.000002
vertex -57.401543 -56.045334 -0.000002
endloop
endfacet
facet normal -0.000000 0.000000 1.000000
outer loop
vertex -62.074459 -75.314835 0.000000
vertex -58.730606 -78.961746 0.000000
vertex -57.628468 -77.488251 0.000000
endloop
endfacet
facet normal 0.000000 0.000000 1.000000
outer loop
vertex -57.628468 -77.488251 0.000000
vertex -57.401543 -56.045334 -0.000002
vertex -58.154587 -74.541237 0.000000
endloop
endfacet
facet normal -0.000000 0.000000 1.000000
outer loop
vertex -57.628468 -77.488251 0.000000
vertex -58.154587 -74.541237 0.000000
vertex -62.074459 -75.314835 0.000000
endloop
endfacet
facet normal -0.000000 0.000000 1.000000
outer loop
vertex -64.610390 -71.061760 -0.000000
vertex -63.246410 -71.771721 -0.000000
vertex -63.702747 -69.903046 -0.000000
endloop
endfacet
facet normal 0.000000 0.000000 1.000000
outer loop
vertex -63.702747 -69.903046 -0.000000
vertex -64.587944 -67.595665 -0.000001
vertex -66.248657 -64.631905 -0.000001
endloop
endfacet
facet normal 0.000000 0.000000 1.000000
outer loop
vertex -66.248657 -64.631905 -0.000001
vertex -68.213570 -62.147022 -0.000001
vertex -70.138596 -60.248207 -0.000001
endloop
endfacet
facet normal 0.000000 0.000001 1.000000
outer loop
vertex -70.138596 -60.248207 -0.000001
vertex -73.128342 -58.446495 -0.000001
vertex -74.818977 -57.595875 -0.000001
endloop
endfacet
facet normal 0.000000 0.000000 1.000000
outer loop
vertex -74.818977 -57.595875 -0.000001
vertex -76.080696 -58.155148 -0.000001
vertex -76.247765 -58.423054 -0.000001
endloop
endfacet
facet normal 0.000000 0.000000 1.000000
outer loop
vertex -74.818977 -57.595875 -0.000001
vertex -76.247765 -58.423054 -0.000001
vertex -75.030914 -58.905293 -0.000001
endloop
endfacet
facet normal -0.000000 0.000000 1.000000
outer loop
vertex -66.248657 -64.631905 -0.000001
vertex -70.138596 -60.248207 -0.000001
vertex -74.818977 -57.595875 -0.000001
endloop
endfacet
facet normal -0.000000 0.000000 1.000000
outer loop
vertex -64.610390 -71.061760 -0.000000
vertex -63.702747 -69.903046 -0.000000
vertex -66.248657 -64.631905 -0.000001
endloop
endfacet
facet normal 0.000001 0.000000 1.000000
outer loop
vertex -65.019341 -69.725555 -0.000000
vertex -64.610390 -71.061760 -0.000000
vertex -66.248657 -64.631905 -0.000001
endloop
endfacet
facet normal -0.000000 0.000000 1.000000
outer loop
vertex -74.818977 -57.595875 -0.000001
vertex -75.030914 -58.905293 -0.000001
vertex -73.028595 -59.842987 -0.000001
endloop
endfacet
facet normal 0.000000 0.000000 1.000000
outer loop
vertex -74.818977 -57.595875 -0.000001
vertex -73.028595 -59.842987 -0.000001
vertex -70.492668 -61.614555 -0.000001
endloop
endfacet
facet normal -0.000000 0.000000 1.000000
outer loop
vertex -65.956902 -67.468407 -0.000001
vertex -65.019341 -69.725555 -0.000000
vertex -66.248657 -64.631905 -0.000001
endloop
endfacet
facet normal 0.000000 0.000000 1.000000
outer loop
vertex -68.061462 -64.300362 -0.000001
vertex -65.956902 -67.468407 -0.000001
vertex -66.248657 -64.631905 -0.000001
endloop
endfacet
facet normal -0.000000 -0.000000 1.000000
outer loop
vertex -66.248657 -64.631905 -0.000001
vertex -74.818977 -57.595875 -0.000001
vertex -70.492668 -61.614555 -0.000001
endloop
endfacet
facet normal 0.000000 0.000000 1.000000
outer loop
vertex -66.248657 -64.631905 -0.000001
vertex -70.492668 -61.614555 -0.000001
vertex -68.061462 -64.300362 -0.000001
endloop
endfacet
facet normal -0.000000 0.000000 1.000000
outer loop
vertex -70.163528 -69.193085 -0.000000
vertex -69.328178 -68.710846 -0.000000
vertex -80.753609 -64.538139 -0.000001
endloop
endfacet
facet normal -0.000000 0.000000 1.000000
outer loop
vertex -70.163528 -69.193085 -0.000000
vertex -80.753609 -64.538139 -0.000001
vertex -80.813469 -64.802696 -0.000001
endloop
endfacet
facet normal -0.000000 0.000000 1.000000
outer loop
vertex -83.823151 -69.370575 -0.000000
vertex -70.163528 -69.193085 -0.000000
vertex -80.813469 -64.802696 -0.000001
endloop
endfacet
facet normal 0.000000 0.000000 1.000000
outer loop
vertex -81.586441 -64.544830 -0.000001
vertex -81.499191 -64.266876 -0.000001
vertex -83.234688 -63.630589 -0.000001
endloop
endfacet
facet normal 0.000000 0.000000 1.000000
outer loop
vertex -83.823151 -69.370575 -0.000000
vertex -80.813469 -64.802696 -0.000001
vertex -81.586441 -64.544830 -0.000001
endloop
endfacet
facet normal 0.000000 0.000000 1.000000
outer loop
vertex -86.980003 -75.974556 0.000000
vertex -85.359184 -76.008049 0.000000
vertex -85.583618 -73.171547 -0.000000
endloop
endfacet
facet normal 0.000000 0.000000 1.000000
outer loop
vertex -83.823151 -69.370575 -0.000000
vertex -81.586441 -64.544830 -0.000001
vertex -83.234688 -63.630589 -0.000001
endloop
endfacet
facet normal 0.000001 -0.000000 1.000000
outer loop
vertex -86.980003 -75.974556 0.000000
vertex -85.583618 -73.171547 -0.000000
vertex -83.823151 -69.370575 -0.000000
endloop
endfacet
facet normal -0.000000 0.000000 1.000000
outer loop
vertex -84.668480 -63.446392 -0.000001
vertex -84.593666 -63.134949 -0.000001
vertex -87.087219 -62.224052 -0.000001
endloop
endfacet
facet normal -0.000000 0.000000 1.000000
outer loop
vertex -83.823151 -69.370575 -0.000000
vertex -83.234688 -63.630589 -0.000001
vertex -83.331924 -63.938683 -0.000001
endloop
endfacet
facet normal -0.000000 0.000000 1.000000
outer loop
vertex -84.668480 -63.446392 -0.000001
vertex -87.087219 -62.224052 -0.000001
vertex -86.980003 -75.974556 0.000000
endloop
endfacet
facet normal 0.000000 0.000000 1.000000
outer loop
vertex -83.823151 -69.370575 -0.000000
vertex -83.331924 -63.938683 -0.000001
vertex -84.668480 -63.446392 -0.000001
endloop
endfacet
facet normal -0.000000 0.000000 1.000000
outer loop
vertex -84.668480 -63.446392 -0.000001
vertex -86.980003 -75.974556 0.000000
vertex -83.823151 -69.370575 -0.000000
endloop
endfacet
facet normal -0.000000 0.000000 1.000000
outer loop
vertex -87.134605 -56.182640 -0.000002
vertex -87.124626 -57.331314 -0.000001
vertex -84.541306 -57.230846 -0.000001
endloop
endfacet
facet normal -0.000000 0.000000 1.000000
outer loop
vertex -87.134605 -56.182640 -0.000002
vertex -84.541306 -57.230846 -0.000001
vertex -84.541306 -57.039955 -0.000001
endloop
endfacet
facet normal 0.000000 0.000000 1.000000
outer loop
vertex -68.121315 -56.865818 -0.000001
vertex -66.767311 -57.264336 -0.000001
vertex -66.742378 -56.095570 -0.000002
endloop
endfacet
facet normal 0.000000 0.000000 1.000000
outer loop
vertex -70.061295 -56.651485 -0.000001
vertex -68.121315 -56.865818 -0.000001
vertex -66.742378 -56.095570 -0.000002
endloop
endfacet
facet normal -0.000000 0.000000 1.000000
outer loop
vertex -66.742378 -56.095570 -0.000002
vertex -87.134605 -56.182640 -0.000002
vertex -84.541306 -57.039955 -0.000001
endloop
endfacet
facet normal 0.000000 0.000000 1.000000
outer loop
vertex -83.743362 -57.053356 -0.000001
vertex -83.718430 -57.271030 -0.000001
vertex -81.765984 -57.331314 -0.000001
endloop
endfacet
facet normal 0.000000 0.000000 1.000000
outer loop
vertex -66.742378 -56.095570 -0.000002
vertex -84.541306 -57.039955 -0.000001
vertex -83.743362 -57.053356 -0.000001
endloop
endfacet
facet normal -0.000000 0.000001 1.000000
outer loop
vertex -72.150864 -56.782093 -0.000001
vertex -70.061295 -56.651485 -0.000001
vertex -66.742378 -56.095570 -0.000002
endloop
endfacet
facet normal 0.000000 0.000000 1.000000
outer loop
vertex -76.080696 -58.155148 -0.000001
vertex -74.818977 -57.595875 -0.000001
vertex -74.155670 -57.301174 -0.000001
endloop
endfacet
facet normal -0.000000 0.000000 1.000000
outer loop
vertex -72.150864 -56.782093 -0.000001
vertex -66.742378 -56.095570 -0.000002
vertex -83.743362 -57.053356 -0.000001
endloop
endfacet
facet normal 0.000000 0.000000 1.000000
outer loop
vertex -83.743362 -57.053356 -0.000001
vertex -81.765984 -57.331314 -0.000001
vertex -81.753510 -57.080147 -0.000001
endloop
endfacet
facet normal 0.000000 0.000000 1.000000
outer loop
vertex -80.893257 -57.130379 -0.000001
vertex -80.918190 -57.408337 -0.000001
vertex -78.788696 -57.726482 -0.000001
endloop
endfacet
facet normal -0.000000 0.000000 1.000000
outer loop
vertex -72.150864 -56.782093 -0.000001
vertex -83.743362 -57.053356 -0.000001
vertex -81.753510 -57.080147 -0.000001
endloop
endfacet
facet normal 0.000000 0.000000 1.000000
outer loop
vertex -80.893257 -57.130379 -0.000001
vertex -78.788696 -57.726482 -0.000001
vertex -78.726357 -57.421734 -0.000001
endloop
endfacet
facet normal 0.000000 0.000000 1.000000
outer loop
vertex -72.150864 -56.782093 -0.000001
vertex -81.753510 -57.080147 -0.000001
vertex -80.893257 -57.130379 -0.000001
endloop
endfacet
facet normal 0.000000 0.000000 1.000000
outer loop
vertex -74.155670 -57.301174 -0.000001
vertex -72.150864 -56.782093 -0.000001
vertex -80.893257 -57.130379 -0.000001
endloop
endfacet
facet normal 0.000000 0.000000 1.000000
outer loop
vertex -74.155670 -57.301174 -0.000001
vertex -80.893257 -57.130379 -0.000001
vertex -78.726357 -57.421734 -0.000001
endloop
endfacet
facet normal 0.000000 0.000000 1.000000
outer loop
vertex -77.978287 -57.877186 -0.000001
vertex -76.247765 -58.423054 -0.000001
vertex -76.080696 -58.155148 -0.000001
endloop
endfacet
facet normal 0.000000 0.000000 1.000000
outer loop
vertex -74.155670 -57.301174 -0.000001
vertex -78.726357 -57.421734 -0.000001
vertex -77.915939 -57.599224 -0.000001
endloop
endfacet
facet normal 0.000000 0.000000 1.000000
outer loop
vertex -77.915939 -57.599224 -0.000001
vertex -77.978287 -57.877186 -0.000001
vertex -76.080696 -58.155148 -0.000001
endloop
endfacet
facet normal 0.000000 0.000000 1.000000
outer loop
vertex -77.915939 -57.599224 -0.000001
vertex -76.080696 -58.155148 -0.000001
vertex -74.155670 -57.301174 -0.000001
endloop
endfacet
facet normal 0.000000 0.000001 1.000000
outer loop
vertex -95.014191 -68.556793 -0.000000
vertex -95.016678 -68.268791 -0.000001
vertex -98.223404 -68.499870 -0.000000
endloop
endfacet
facet normal 0.000000 0.000000 1.000000
outer loop
vertex -98.223404 -68.499870 -0.000000
vertex -100.335426 -68.844803 -0.000000
vertex -102.449966 -69.404060 -0.000000
endloop
endfacet
facet normal -0.000000 0.000000 1.000000
outer loop
vertex -95.014191 -68.556793 -0.000000
vertex -98.223404 -68.499870 -0.000000
vertex -102.449966 -69.404060 -0.000000
endloop
endfacet
facet normal 0.000000 0.000000 1.000000
outer loop
vertex -94.248680 -69.862862 -0.000000
vertex -94.261147 -68.556793 -0.000000
vertex -95.014191 -68.556793 -0.000000
endloop
endfacet
facet normal 0.000000 0.000000 1.000000
outer loop
vertex -94.999237 -70.170959 -0.000000
vertex -94.246193 -70.170959 -0.000000
vertex -94.248680 -69.862862 -0.000000
endloop
endfacet
facet normal -0.000000 0.000000 1.000000
outer loop
vertex -98.011436 -72.552010 -0.000000
vertex -94.976784 -72.531914 -0.000000
vertex -94.999237 -70.170959 -0.000000
endloop
endfacet
facet normal -0.000000 0.000000 1.000000
outer loop
vertex -100.317986 -72.840012 -0.000000
vertex -98.011436 -72.552010 -0.000000
vertex -94.999237 -70.170959 -0.000000
endloop
endfacet
facet normal 0.000000 0.000000 1.000000
outer loop
vertex -94.999237 -70.170959 -0.000000
vertex -94.248680 -69.862862 -0.000000
vertex -95.014191 -68.556793 -0.000000
endloop
endfacet
facet normal -0.000000 0.000000 1.000000
outer loop
vertex -95.014191 -68.556793 -0.000000
vertex -102.449966 -69.404060 -0.000000
vertex -103.831367 -69.651878 -0.000000
endloop
endfacet
facet normal 0.000000 0.000000 1.000000
outer loop
vertex -105.387360 -69.631783 -0.000000
vertex -105.624237 -69.591606 -0.000000
vertex -106.731377 -69.404060 -0.000000
endloop
endfacet
facet normal 0.000000 0.000000 1.000000
outer loop
vertex -94.999237 -70.170959 -0.000000
vertex -95.014191 -68.556793 -0.000000
vertex -103.831367 -69.651878 -0.000000
endloop
endfacet
facet normal -0.000000 0.000000 1.000000
outer loop
vertex -94.999237 -70.170959 -0.000000
vertex -103.831367 -69.651878 -0.000000
vertex -105.387360 -69.631783 -0.000000
endloop
endfacet
facet normal -0.000000 0.000000 1.000000
outer loop
vertex -102.065956 -73.416023 -0.000000
vertex -100.317986 -72.840012 -0.000000
vertex -94.999237 -70.170959 -0.000000
endloop
endfacet
facet normal -0.000000 0.000001 1.000000
outer loop
vertex -106.020721 -75.797066 0.000000
vertex -104.965935 -75.261246 0.000000
vertex -103.696732 -74.186256 -0.000000
endloop
endfacet
facet normal 0.000000 0.000000 1.000000
outer loop
vertex -102.065956 -73.416023 -0.000000
vertex -94.999237 -70.170959 -0.000000
vertex -105.387360 -69.631783 -0.000000
endloop
endfacet
facet normal 0.000000 0.000000 1.000000
outer loop
vertex -107.461975 -75.780319 0.000000
vertex -106.020721 -75.797066 0.000000
vertex -103.696732 -74.186256 -0.000000
endloop
endfacet
facet normal -0.000000 0.000000 1.000000
outer loop
vertex -103.696732 -74.186256 -0.000000
vertex -102.065956 -73.416023 -0.000000
vertex -105.387360 -69.631783 -0.000000
endloop
endfacet
facet normal 0.000000 0.000000 1.000000
outer loop
vertex -103.696732 -74.186256 -0.000000
vertex -105.387360 -69.631783 -0.000000
vertex -106.731377 -69.404060 -0.000000
endloop
endfacet
facet normal 0.000000 0.000000 1.000000
outer loop
vertex -108.519241 -75.241158 0.000000
vertex -107.461975 -75.780319 0.000000
vertex -103.696732 -74.186256 -0.000000
endloop
endfacet
facet normal 0.000000 0.000000 1.000000
outer loop
vertex -109.364571 -73.168198 -0.000000
vertex -109.095261 -74.320213 0.000000
vertex -108.519241 -75.241158 0.000000
endloop
endfacet
facet normal -0.000000 -0.000000 1.000000
outer loop
vertex -109.382019 -72.997414 -0.000000
vertex -109.364571 -73.168198 -0.000000
vertex -108.519241 -75.241158 0.000000
endloop
endfacet
facet normal 0.000000 0.000000 1.000000
outer loop
vertex -108.519241 -75.241158 0.000000
vertex -103.696732 -74.186256 -0.000000
vertex -106.731377 -69.404060 -0.000000
endloop
endfacet
facet normal -0.000000 0.000000 1.000000
outer loop
vertex -108.287338 -68.751030 -0.000000
vertex -109.112709 -68.288887 -0.000001
vertex -109.843330 -68.308983 -0.000001
endloop
endfacet
facet normal 0.000000 0.000000 1.000000
outer loop
vertex -108.519241 -75.241158 0.000000
vertex -106.731377 -69.404060 -0.000000
vertex -108.287338 -68.751030 -0.000000
endloop
endfacet
facet normal -0.000000 -0.000000 1.000000
outer loop
vertex -109.479248 -72.130051 -0.000000
vertex -109.382019 -72.997414 -0.000000
vertex -108.519241 -75.241158 0.000000
endloop
endfacet
facet normal -0.000000 0.000000 1.000000
outer loop
vertex -110.803337 -69.404060 -0.000000
vertex -110.631294 -70.150864 -0.000000
vertex -110.017868 -71.014870 -0.000000
endloop
endfacet
facet normal -0.000000 0.000000 1.000000
outer loop
vertex -109.479248 -72.130051 -0.000000
vertex -108.519241 -75.241158 0.000000
vertex -108.287338 -68.751030 -0.000000
endloop
endfacet
facet normal 0.000000 0.000000 1.000000
outer loop
vertex -110.496628 -68.690750 -0.000000
vertex -110.803337 -69.404060 -0.000000
vertex -110.017868 -71.014870 -0.000000
endloop
endfacet
facet normal -0.000000 0.000000 1.000000
outer loop
vertex -110.017868 -71.014870 -0.000000
vertex -109.479248 -72.130051 -0.000000
vertex -108.287338 -68.751030 -0.000000
endloop
endfacet
facet normal 0.000000 0.000001 1.000000
outer loop
vertex -108.287338 -68.751030 -0.000000
vertex -109.843330 -68.308983 -0.000001
vertex -110.496628 -68.690750 -0.000000
endloop
endfacet
facet normal 0.000000 0.000000 1.000000
outer loop
vertex -108.287338 -68.751030 -0.000000
vertex -110.496628 -68.690750 -0.000000
vertex -110.017868 -71.014870 -0.000000
endloop
endfacet
facet normal 0.000000 0.000000 1.000000
outer loop
vertex -50.070522 -54.374233 4.479980
vertex -49.923412 -58.610596 4.479980
vertex -40.694798 -58.476639 4.479980
endloop
endfacet
facet normal -0.000000 0.000000 1.000000
outer loop
vertex -50.070522 -54.374233 4.479980
vertex -40.694798 -58.476639 4.479980
vertex -40.874310 -54.273766 4.479980
endloop
endfacet
facet normal -0.999398 -0.034704 0.000000
outer loop
vertex -49.923412 -58.610596 -0.000001
vertex -49.923412 -58.610596 4.479980
vertex -50.070522 -54.374233 4.479980
endloop
endfacet
facet normal -0.999398 -0.034702 0.000000
outer loop
vertex -49.923412 -58.610596 -0.000001
vertex -50.070522 -54.374233 4.479980
vertex -50.070522 -54.374233 -0.000002
endloop
endfacet
facet normal 0.014514 -0.999895 0.000000
outer loop
vertex -40.694798 -58.476639 -0.000001
vertex -40.694798 -58.476639 4.479980
vertex -49.923412 -58.610596 4.479980
endloop
endfacet
facet normal 0.014514 -0.999895 0.000000
outer loop
vertex -40.694798 -58.476639 -0.000001
vertex -49.923412 -58.610596 4.479980
vertex -49.923412 -58.610596 -0.000001
endloop
endfacet
facet normal 0.999089 0.042673 0.000000
outer loop
vertex -40.874310 -54.273766 -0.000002
vertex -40.874310 -54.273766 4.479980
vertex -40.694798 -58.476639 4.479980
endloop
endfacet
facet normal 0.999089 0.042672 0.000000
outer loop
vertex -40.874310 -54.273766 -0.000002
vertex -40.694798 -58.476639 4.479980
vertex -40.694798 -58.476639 -0.000001
endloop
endfacet
facet normal -0.010924 0.999940 0.000000
outer loop
vertex -50.070522 -54.374233 -0.000002
vertex -50.070522 -54.374233 4.479980
vertex -40.874310 -54.273766 4.479980
endloop
endfacet
facet normal -0.010924 0.999940 0.000000
outer loop
vertex -50.070522 -54.374233 -0.000002
vertex -40.874310 -54.273766 4.479980
vertex -40.874310 -54.273766 -0.000002
endloop
endfacet
facet normal 0.000000 0.000000 1.000000
outer loop
vertex -1.558587 -83.596573 0.000001
vertex 0.201878 -83.978340 0.000001
vertex 0.179429 -82.699074 0.000000
endloop
endfacet
facet normal -0.000000 0.000000 1.000000
outer loop
vertex -1.558587 -83.596573 0.000001
vertex 0.179429 -82.699074 0.000000
vertex -1.556072 -82.709122 0.000000
endloop
endfacet
facet normal -0.000000 0.000000 1.000000
outer loop
vertex 0.286643 -82.678986 0.000000
vertex 0.304116 -83.958252 0.000001
vertex 2.892410 -83.921410 0.000001
endloop
endfacet
facet normal -0.000000 0.000000 1.000000
outer loop
vertex 0.286643 -82.678986 0.000000
vertex 2.892410 -83.921410 0.000001
vertex 2.874965 -82.642143 0.000000
endloop
endfacet
facet normal -0.000000 0.000000 1.000000
outer loop
vertex 2.982179 -83.914711 0.000001
vertex 5.834804 -83.861130 0.000001
vertex 5.812355 -82.558426 0.000000
endloop
endfacet
facet normal -0.000000 0.000000 1.000000
outer loop
vertex 2.982179 -83.914711 0.000001
vertex 5.812355 -82.558426 0.000000
vertex 2.957242 -82.612007 0.000000
endloop
endfacet
facet normal -0.000000 0.000000 1.000000
outer loop
vertex 8.901858 -82.568474 0.000000
vertex 6.001846 -82.615356 0.000000
vertex 6.021807 -83.884575 0.000001
endloop
endfacet
facet normal -0.000000 0.000000 1.000000
outer loop
vertex 8.901858 -82.568474 0.000000
vertex 6.021807 -83.884575 0.000001
vertex 8.924307 -83.837692 0.000001
endloop
endfacet
facet normal 0.000000 0.000000 1.000000
outer loop
vertex 9.056459 -83.790802 0.000001
vertex 10.275794 -83.753967 0.000001
vertex 10.260837 -83.221497 0.000001
endloop
endfacet
facet normal 0.000000 0.000000 1.000000
outer loop
vertex 10.260837 -83.221497 0.000001
vertex 14.664448 -83.087547 0.000000
vertex 14.644487 -82.424469 0.000000
endloop
endfacet
facet normal -0.000000 0.000000 1.000000
outer loop
vertex 9.021542 -82.595268 0.000000
vertex 9.056459 -83.790802 0.000001
vertex 10.260837 -83.221497 0.000001
endloop
endfacet
facet normal -0.000000 0.000000 1.000000
outer loop
vertex 10.260837 -83.221497 0.000001
vertex 14.644487 -82.424469 0.000000
vertex 9.021542 -82.595268 0.000000
endloop
endfacet
facet normal 0.000000 0.000000 1.000000
outer loop
vertex 39.836781 -82.283821 0.000000
vertex 39.801891 -82.702423 0.000000
vertex 47.788723 -82.313965 0.000000
endloop
endfacet
facet normal 0.000000 0.000000 1.000000
outer loop
vertex 47.788723 -82.313965 0.000000
vertex 49.023014 -82.139816 0.000000
vertex 49.040459 -81.814980 0.000000
endloop
endfacet
facet normal 0.000000 0.000000 1.000000
outer loop
vertex 49.040459 -81.814980 0.000000
vertex 41.674522 -81.948929 0.000000
vertex 39.836781 -82.283821 0.000000
endloop
endfacet
facet normal 0.000000 0.000000 1.000000
outer loop
vertex 47.788723 -82.313965 0.000000
vertex 49.040459 -81.814980 0.000000
vertex 39.836781 -82.283821 0.000000
endloop
endfacet
facet normal -0.000000 0.000000 1.000000
outer loop
vertex 48.651470 -77.732712 0.000000
vertex 48.656471 -78.389091 0.000000
vertex 52.648643 -78.355598 0.000000
endloop
endfacet
facet normal -0.000000 0.000000 1.000000
outer loop
vertex 48.651470 -77.732712 0.000000
vertex 52.648643 -78.355598 0.000000
vertex 52.641151 -77.695877 0.000000
endloop
endfacet
facet normal 0.000000 0.000000 1.000000
outer loop
vertex 38.652367 -78.291969 0.000000
vertex 41.706951 -78.255135 0.000000
vertex 41.701973 -77.859970 0.000000
endloop
endfacet
facet normal 0.000000 0.000000 1.000000
outer loop
vertex 38.652367 -78.291969 0.000000
vertex 41.701973 -77.859970 0.000000
vertex 38.647362 -77.896812 0.000000
endloop
endfacet
facet normal 0.000000 0.000000 1.000000
outer loop
vertex 34.076710 -78.338860 0.000000
vertex 37.138786 -78.268532 0.000000
vertex 37.128803 -77.873367 0.000000
endloop
endfacet
facet normal -0.000000 0.000000 1.000000
outer loop
vertex 34.076710 -78.338860 0.000000
vertex 37.128803 -77.873367 0.000000
vertex 34.286160 -77.936996 0.000000
endloop
endfacet
facet normal 0.000000 0.000000 1.000000
outer loop
vertex 109.154884 -85.435097 0.000001
vertex 109.556343 -85.595840 0.000001
vertex 112.605957 -85.126999 0.000001
endloop
endfacet
facet normal -0.000000 0.000000 1.000000
outer loop
vertex 112.605957 -85.126999 0.000001
vertex 112.483772 -84.534248 0.000001
vertex 108.646202 -85.187279 0.000001
endloop
endfacet
facet normal 0.000000 0.000000 1.000000
outer loop
vertex 108.646202 -85.187279 0.000001
vertex 108.651192 -85.311188 0.000001
vertex 109.154884 -85.435097 0.000001
endloop
endfacet
facet normal -0.000000 0.000000 1.000000
outer loop
vertex 112.605957 -85.126999 0.000001
vertex 108.646202 -85.187279 0.000001
vertex 109.154884 -85.435097 0.000001
endloop
endfacet
facet normal 0.000000 0.000000 1.000000
outer loop
vertex 102.312592 -86.285706 0.000001
vertex 102.372437 -86.754539 0.000001
vertex 105.838470 -86.178543 0.000001
endloop
endfacet
facet normal 0.000006 -0.000007 1.000000
outer loop
vertex 105.838470 -86.178543 0.000001
vertex 106.269844 -85.863747 0.000001
vertex 106.581551 -85.612579 0.000001
endloop
endfacet
facet normal 0.000000 0.000000 1.000000
outer loop
vertex 106.581551 -85.612579 0.000001
vertex 106.579048 -85.508774 0.000001
vertex 102.312592 -86.285706 0.000001
endloop
endfacet
facet normal -0.000000 0.000000 1.000000
outer loop
vertex 105.838470 -86.178543 0.000001
vertex 106.581551 -85.612579 0.000001
vertex 102.312592 -86.285706 0.000001
endloop
endfacet
facet normal 0.000000 0.000000 1.000000
outer loop
vertex 65.752205 -87.809433 0.000001
vertex 66.447914 -87.809433 0.000001
vertex 66.477829 -86.975563 0.000001
endloop
endfacet
facet normal -0.000000 0.000000 1.000000
outer loop
vertex 66.477829 -86.975563 0.000001
vertex 64.525383 -86.988968 0.000001
vertex 64.530388 -87.243469 0.000001
endloop
endfacet
facet normal -0.000000 0.000000 1.000000
outer loop
vertex 66.477829 -86.975563 0.000001
vertex 64.530388 -87.243469 0.000001
vertex 64.896927 -87.303757 0.000001
endloop
endfacet
facet normal 0.000000 0.000000 1.000000
outer loop
vertex 65.300873 -87.514732 0.000001
vertex 65.752205 -87.809433 0.000001
vertex 66.477829 -86.975563 0.000001
endloop
endfacet
facet normal -0.000000 0.000000 1.000000
outer loop
vertex 66.477829 -86.975563 0.000001
vertex 64.896927 -87.303757 0.000001
vertex 65.300873 -87.514732 0.000001
endloop
endfacet
facet normal 0.000000 0.000000 1.000000
outer loop
vertex 61.553074 -87.102821 0.000001
vertex 61.565540 -87.842918 0.000001
vertex 62.149055 -87.839569 0.000001
endloop
endfacet
facet normal 0.000000 0.000000 1.000000
outer loop
vertex 62.687641 -87.427666 0.000001
vertex 63.430733 -87.256874 0.000001
vertex 63.433220 -87.035843 0.000001
endloop
endfacet
facet normal -0.000000 0.000000 1.000000
outer loop
vertex 61.553074 -87.102821 0.000001
vertex 62.149055 -87.839569 0.000001
vertex 62.687641 -87.427666 0.000001
endloop
endfacet
facet normal 0.000000 0.000000 1.000000
outer loop
vertex 62.687641 -87.427666 0.000001
vertex 63.433220 -87.035843 0.000001
vertex 61.553074 -87.102821 0.000001
endloop
endfacet
facet normal 0.000000 0.000000 1.000000
outer loop
vertex 29.508516 -78.379051 0.000000
vertex 32.625446 -78.362297 0.000000
vertex 32.288818 -77.977180 0.000000
endloop
endfacet
facet normal -0.000000 0.000000 1.000000
outer loop
vertex 29.508516 -78.379051 0.000000
vertex 32.288818 -77.977180 0.000000
vertex 29.516008 -78.010666 0.000000
endloop
endfacet
facet normal 0.000000 0.000000 1.000000
outer loop
vertex 25.396662 -78.435974 0.000000
vertex 28.880159 -78.362297 0.000000
vertex 28.872667 -78.007317 0.000000
endloop
endfacet
facet normal -0.000000 0.000000 1.000000
outer loop
vertex 25.396662 -78.435974 0.000000
vertex 28.872667 -78.007317 0.000000
vertex 25.389170 -78.080994 0.000000
endloop
endfacet
facet normal 0.000000 0.000000 1.000000
outer loop
vertex 12.490054 -78.060905 0.000000
vertex 15.143208 -78.020714 0.000000
vertex 15.138204 -77.682480 0.000000
endloop
endfacet
facet normal 0.000000 0.000000 1.000000
outer loop
vertex 12.490054 -78.060905 0.000000
vertex 15.138204 -77.682480 0.000000
vertex 12.485078 -77.722664 0.000000
endloop
endfacet
facet normal 0.000000 0.000000 1.000000
outer loop
vertex 74.514534 -81.674324 0.000000
vertex 74.467171 -82.598618 0.000000
vertex 77.890816 -82.183357 0.000000
endloop
endfacet
facet normal 0.000000 0.000000 1.000000
outer loop
vertex 77.890816 -82.183357 0.000000
vertex 82.354256 -82.176659 0.000000
vertex 90.545547 -82.059448 0.000000
endloop
endfacet
facet normal 0.000000 0.000000 1.000000
outer loop
vertex 90.545547 -82.059448 0.000000
vertex 90.577965 -81.503540 0.000000
vertex 86.707977 -81.453300 0.000000
endloop
endfacet
facet normal -0.000000 0.000000 1.000000
outer loop
vertex 86.707977 -81.453300 0.000000
vertex 74.514534 -81.674324 0.000000
vertex 77.890816 -82.183357 0.000000
endloop
endfacet
facet normal 0.000000 0.000000 1.000000
outer loop
vertex 77.890816 -82.183357 0.000000
vertex 90.545547 -82.059448 0.000000
vertex 86.707977 -81.453300 0.000000
endloop
endfacet
facet normal 0.000000 0.000000 1.000000
outer loop
vertex 48.172710 -87.591759 0.000001
vertex 48.182690 -88.157715 0.000001
vertex 52.668579 -88.080688 0.000001
endloop
endfacet
facet normal 0.000000 0.000000 1.000000
outer loop
vertex 48.172710 -87.591759 0.000001
vertex 52.668579 -88.080688 0.000001
vertex 52.658596 -87.514732 0.000001
endloop
endfacet
facet normal 0.000000 0.000000 1.000000
outer loop
vertex 42.402653 -87.866364 0.000001
vertex 39.280724 -87.940041 0.000001
vertex 39.637310 -88.244781 0.000001
endloop
endfacet
facet normal -0.000000 0.000000 1.000000
outer loop
vertex 42.402653 -87.866364 0.000001
vertex 39.637310 -88.244781 0.000001
vertex 42.392673 -88.234734 0.000001
endloop
endfacet
facet normal 0.000000 0.000000 1.000000
outer loop
vertex 38.148666 -87.950089 0.000001
vertex 34.727512 -88.067299 0.000001
vertex 34.784855 -88.452408 0.000001
endloop
endfacet
facet normal 0.000000 0.000000 1.000000
outer loop
vertex 38.148666 -87.950089 0.000001
vertex 34.784855 -88.452408 0.000001
vertex 38.031475 -88.415573 0.000001
endloop
endfacet
facet normal 0.000000 0.000000 1.000000
outer loop
vertex -1.685735 -88.649994 0.000001
vertex 1.037199 -88.606461 0.000001
vertex 1.029734 -88.221344 0.000001
endloop
endfacet
facet normal 0.000000 0.000000 1.000000
outer loop
vertex -1.685735 -88.649994 0.000001
vertex 1.029734 -88.221344 0.000001
vertex -1.690739 -88.264877 0.000001
endloop
endfacet
facet normal 0.000000 0.000000 1.000000
outer loop
vertex 74.247742 -78.074295 0.000000
vertex 79.980385 -77.967140 0.000000
vertex 79.396904 -77.441360 0.000000
endloop
endfacet
facet normal -0.000000 0.000000 1.000000
outer loop
vertex 74.247742 -78.074295 0.000000
vertex 79.396904 -77.441360 0.000000
vertex 74.290123 -77.484901 0.000000
endloop
endfacet
facet normal -0.000000 0.000000 1.000000
outer loop
vertex 84.149612 -78.034111 0.000000
vertex 90.031883 -77.997276 0.000000
vertex 90.061798 -77.431320 0.000000
endloop
endfacet
facet normal -0.000000 0.000000 1.000000
outer loop
vertex 84.149612 -78.034111 0.000000
vertex 90.061798 -77.431320 0.000000
vertex 84.491211 -77.357643 0.000000
endloop
endfacet
facet normal 0.000000 0.000000 1.000000
outer loop
vertex -27.214685 -83.894623 0.000001
vertex -27.222151 -83.432480 0.000001
vertex -34.468407 -83.596573 0.000001
endloop
endfacet
facet normal 0.000000 0.000000 1.000000
outer loop
vertex -27.214685 -83.894623 0.000001
vertex -34.468407 -83.596573 0.000001
vertex -34.448444 -84.105598 0.000001
endloop
endfacet
facet normal 0.000000 0.000000 1.000000
outer loop
vertex -26.117521 -86.255569 2.687990
vertex -26.067648 -88.874367 2.687990
vertex -6.787539 -88.502647 2.687990
endloop
endfacet
facet normal 0.000255 0.000001 1.000000
outer loop
vertex -6.832437 -86.178543 2.687990
vertex -6.929671 -81.001205 2.687989
vertex -6.999479 -77.360992 2.687989
endloop
endfacet
facet normal 0.000000 0.000000 1.000000
outer loop
vertex -26.117521 -86.255569 2.687990
vertex -6.787539 -88.502647 2.687990
vertex -6.832437 -86.178543 2.687990
endloop
endfacet
facet normal -0.000401 -0.000000 1.000000
outer loop
vertex -26.282076 -77.588715 2.687989
vertex -26.219759 -80.957672 2.687989
vertex -26.117521 -86.255569 2.687990
endloop
endfacet
facet normal 0.000000 0.000000 1.000000
outer loop
vertex -8.508082 -76.624237 2.687989
vertex -25.985342 -76.955780 2.687989
vertex -25.972874 -77.582016 2.687989
endloop
endfacet
facet normal 0.000000 0.000000 1.000000
outer loop
vertex -25.972874 -77.582016 2.687989
vertex -26.282076 -77.588715 2.687989
vertex -26.117521 -86.255569 2.687990
endloop
endfacet
facet normal 0.000000 0.000000 1.000000
outer loop
vertex -26.117521 -86.255569 2.687990
vertex -6.832437 -86.178543 2.687990
vertex -6.999479 -77.360992 2.687989
endloop
endfacet
facet normal -0.000000 0.000000 1.000000
outer loop
vertex -8.493125 -77.391129 2.687989
vertex -8.508082 -76.624237 2.687989
vertex -25.972874 -77.582016 2.687989
endloop
endfacet
facet normal 0.000000 0.000000 1.000000
outer loop
vertex -26.117521 -86.255569 2.687990
vertex -6.999479 -77.360992 2.687989
vertex -8.493125 -77.391129 2.687989
endloop
endfacet
facet normal 0.000000 0.000000 1.000000
outer loop
vertex -8.493125 -77.391129 2.687989
vertex -25.972874 -77.582016 2.687989
vertex -26.117521 -86.255569 2.687990
endloop
endfacet
facet normal 0.019276 -0.999814 0.000000
outer loop
vertex -6.787539 -88.502647 0.000001
vertex -6.787539 -88.502647 2.687990
vertex -26.067648 -88.874367 2.687990
endloop
endfacet
facet normal 0.019276 -0.999814 0.000000
outer loop
vertex -6.787539 -88.502647 0.000001
vertex -26.067648 -88.874367 2.687990
vertex -26.067648 -88.874367 0.000001
endloop
endfacet
facet normal 0.999813 0.019315 0.000000
outer loop
vertex -6.832437 -86.178543 0.000001
vertex -6.832437 -86.178543 2.687990
vertex -6.787539 -88.502647 2.687990
endloop
endfacet
facet normal 0.999813 0.019315 0.000000
outer loop
vertex -6.832437 -86.178543 0.000001
vertex -6.787539 -88.502647 2.687990
vertex -6.787539 -88.502647 0.000001
endloop
endfacet
facet normal 0.999824 0.018777 0.000000
outer loop
vertex -6.929671 -81.001205 0.000000
vertex -6.929671 -81.001205 2.687989
vertex -6.832437 -86.178543 2.687990
endloop
endfacet
facet normal 0.999824 0.018777 0.000000
outer loop
vertex -6.929671 -81.001205 0.000000
vertex -6.832437 -86.178543 2.687990
vertex -6.832437 -86.178543 0.000001
endloop
endfacet
facet normal 0.999816 0.019174 0.000000
outer loop
vertex -6.999479 -77.360992 0.000000
vertex -6.999479 -77.360992 2.687989
vertex -6.929671 -81.001205 2.687989
endloop
endfacet
facet normal 0.999816 0.019173 0.000000
outer loop
vertex -6.999479 -77.360992 0.000000
vertex -6.929671 -81.001205 2.687989
vertex -6.929671 -81.001205 0.000000
endloop
endfacet
facet normal -0.020172 0.999797 0.000000
outer loop
vertex -8.493125 -77.391129 0.000000
vertex -8.493125 -77.391129 2.687989
vertex -6.999479 -77.360992 2.687989
endloop
endfacet
facet normal -0.020172 0.999797 0.000000
outer loop
vertex -8.493125 -77.391129 0.000000
vertex -6.999479 -77.360992 2.687989
vertex -6.999479 -77.360992 0.000000
endloop
endfacet
facet normal 0.999810 0.019501 0.000000
outer loop
vertex -8.508082 -76.624237 0.000000
vertex -8.508082 -76.624237 2.687989
vertex -8.493125 -77.391129 2.687989
endloop
endfacet
facet normal 0.999810 0.019501 0.000000
outer loop
vertex -8.508082 -76.624237 0.000000
vertex -8.493125 -77.391129 2.687989
vertex -8.493125 -77.391129 0.000000
endloop
endfacet
facet normal -0.018967 0.999820 0.000000
outer loop
vertex -25.985342 -76.955780 0.000000
vertex -25.985342 -76.955780 2.687989
vertex -8.508082 -76.624237 2.687989
endloop
endfacet
facet normal -0.018967 0.999820 0.000000
outer loop
vertex -25.985342 -76.955780 0.000000
vertex -8.508082 -76.624237 2.687989
vertex -8.508082 -76.624237 0.000000
endloop
endfacet
facet normal -0.999802 -0.019910 0.000000
outer loop
vertex -25.972874 -77.582016 0.000000
vertex -25.972874 -77.582016 2.687989
vertex -25.985342 -76.955780 2.687989
endloop
endfacet
facet normal -0.999802 -0.019902 0.000000
outer loop
vertex -25.972874 -77.582016 0.000000
vertex -25.985342 -76.955780 2.687989
vertex -25.985342 -76.955780 0.000000
endloop
endfacet
facet normal -0.021660 0.999765 0.000000
outer loop
vertex -26.282076 -77.588715 0.000000
vertex -26.282076 -77.588715 2.687989
vertex -25.972874 -77.582016 2.687989
endloop
endfacet
facet normal -0.021659 0.999765 0.000000
outer loop
vertex -26.282076 -77.588715 0.000000
vertex -25.972874 -77.582016 2.687989
vertex -25.972874 -77.582016 0.000000
endloop
endfacet
facet normal -0.999829 -0.018494 0.000000
outer loop
vertex -26.219759 -80.957672 0.000000
vertex -26.219759 -80.957672 2.687989
vertex -26.282076 -77.588715 2.687989
endloop
endfacet
facet normal -0.999829 -0.018493 0.000000
outer loop
vertex -26.219759 -80.957672 0.000000
vertex -26.282076 -77.588715 2.687989
vertex -26.282076 -77.588715 0.000000
endloop
endfacet
facet normal -0.999814 -0.019294 0.000000
outer loop
vertex -26.117521 -86.255569 0.000001
vertex -26.117521 -86.255569 2.687990
vertex -26.219759 -80.957672 2.687989
endloop
endfacet
facet normal -0.999814 -0.019294 0.000000
outer loop
vertex -26.117521 -86.255569 0.000001
vertex -26.219759 -80.957672 2.687989
vertex -26.219759 -80.957672 0.000000
endloop
endfacet
facet normal -0.999819 -0.019042 0.000000
outer loop
vertex -26.067648 -88.874367 0.000001
vertex -26.067648 -88.874367 2.687990
vertex -26.117521 -86.255569 2.687990
endloop
endfacet
facet normal -0.999819 -0.019042 0.000000
outer loop
vertex -26.067648 -88.874367 0.000001
vertex -26.117521 -86.255569 2.687990
vertex -26.117521 -86.255569 0.000001
endloop
endfacet
facet normal -0.000000 0.000000 1.000000
outer loop
vertex -37.216278 -76.510376 0.671997
vertex -35.849834 -76.480240 0.671997
vertex -35.862301 -75.914276 0.671997
endloop
endfacet
facet normal 0.000000 0.000000 1.000000
outer loop
vertex -37.216278 -76.510376 0.671997
vertex -35.862301 -75.914276 0.671997
vertex -37.228745 -75.944420 0.671997
endloop
endfacet
facet normal 0.022049 -0.999757 0.000000
outer loop
vertex -35.849834 -76.480240 0.000000
vertex -35.849834 -76.480240 0.671997
vertex -37.216278 -76.510376 0.671997
endloop
endfacet
facet normal 0.022049 -0.999757 0.000000
outer loop
vertex -35.849834 -76.480240 0.000000
vertex -37.216278 -76.510376 0.671997
vertex -37.216278 -76.510376 0.000000
endloop
endfacet
facet normal 0.999757 0.022021 0.000000
outer loop
vertex -35.862301 -75.914276 0.000000
vertex -35.862301 -75.914276 0.671997
vertex -35.849834 -76.480240 0.671997
endloop
endfacet
facet normal 0.999757 0.022021 0.000000
outer loop
vertex -35.862301 -75.914276 0.000000
vertex -35.849834 -76.480240 0.671997
vertex -35.849834 -76.480240 0.000000
endloop
endfacet
facet normal -0.022055 0.999757 0.000000
outer loop
vertex -37.228745 -75.944420 0.000000
vertex -37.228745 -75.944420 0.671997
vertex -35.862301 -75.914276 0.671997
endloop
endfacet
facet normal -0.022055 0.999757 0.000000
outer loop
vertex -37.228745 -75.944420 0.000000
vertex -35.862301 -75.914276 0.671997
vertex -35.862301 -75.914276 0.000000
endloop
endfacet
facet normal -0.999758 -0.022021 0.000000
outer loop
vertex -37.216278 -76.510376 0.000000
vertex -37.216278 -76.510376 0.671997
vertex -37.228745 -75.944420 0.671997
endloop
endfacet
facet normal -0.999758 -0.022021 0.000000
outer loop
vertex -37.216278 -76.510376 0.000000
vertex -37.228745 -75.944420 0.671997
vertex -37.228745 -75.944420 0.000000
endloop
endfacet
facet normal -0.000000 0.000000 1.000000
outer loop
vertex -32.984741 -73.603554 -0.000000
vertex -33.032127 -70.043694 -0.000000
vertex -34.787560 -70.067146 -0.000000
endloop
endfacet
facet normal -0.000000 0.000000 1.000000
outer loop
vertex -32.984741 -73.603554 -0.000000
vertex -34.787560 -70.067146 -0.000000
vertex -34.737713 -73.630348 -0.000000
endloop
endfacet
facet normal -0.000000 0.000000 1.000000
outer loop
vertex -28.952675 -72.642426 -0.000000
vertex -28.703327 -72.304192 -0.000000
vertex -28.578640 -71.902328 -0.000000
endloop
endfacet
facet normal -0.000002 -0.000000 1.000000
outer loop
vertex -28.578640 -71.902328 -0.000000
vertex -28.588621 -71.483711 -0.000000
vertex -28.733242 -71.088554 -0.000000
endloop
endfacet
facet normal 0.000000 0.000000 1.000000
outer loop
vertex -28.733242 -71.088554 -0.000000
vertex -29.002550 -70.757011 -0.000000
vertex -29.366602 -70.532631 -0.000000
endloop
endfacet
facet normal -0.000000 0.000000 1.000000
outer loop
vertex -29.366602 -70.532631 -0.000000
vertex -29.783018 -70.442215 -0.000000
vertex -30.209415 -70.489105 -0.000000
endloop
endfacet
facet normal 0.000000 0.000000 1.000000
outer loop
vertex -30.209415 -70.489105 -0.000000
vertex -30.593430 -70.676636 -0.000000
vertex -30.895140 -70.978035 -0.000000
endloop
endfacet
facet normal 0.000002 -0.000000 1.000000
outer loop
vertex -30.895140 -70.978035 -0.000000
vertex -31.082170 -71.359810 -0.000000
vertex -31.134533 -71.785118 -0.000000
endloop
endfacet
facet normal 0.000000 0.000000 1.000000
outer loop
vertex -31.134533 -71.785118 -0.000000
vertex -31.047253 -72.197029 -0.000000
vertex -30.830307 -72.555359 -0.000000
endloop
endfacet
facet normal -0.000000 0.000000 1.000000
outer loop
vertex -30.830307 -72.555359 -0.000000
vertex -30.508636 -72.826614 -0.000000
vertex -30.119646 -72.980659 -0.000000
endloop
endfacet
facet normal 0.000000 0.000000 1.000000
outer loop
vertex -30.119646 -72.980659 -0.000000
vertex -29.698254 -73.000763 -0.000000
vertex -29.296795 -72.883545 -0.000000
endloop
endfacet
facet normal 0.000000 0.000000 1.000000
outer loop
vertex -29.296795 -72.883545 -0.000000
vertex -28.952675 -72.642426 -0.000000
vertex -28.578640 -71.902328 -0.000000
endloop
endfacet
facet normal 0.000000 0.000000 1.000000
outer loop
vertex -28.578640 -71.902328 -0.000000
vertex -28.733242 -71.088554 -0.000000
vertex -29.366602 -70.532631 -0.000000
endloop
endfacet
facet normal 0.000000 0.000000 1.000000
outer loop
vertex -29.366602 -70.532631 -0.000000
vertex -30.209415 -70.489105 -0.000000
vertex -30.895140 -70.978035 -0.000000
endloop
endfacet
facet normal 0.000000 0.000000 1.000000
outer loop
vertex -30.895140 -70.978035 -0.000000
vertex -31.134533 -71.785118 -0.000000
vertex -30.830307 -72.555359 -0.000000
endloop
endfacet
facet normal 0.000000 0.000000 1.000000
outer loop
vertex -30.830307 -72.555359 -0.000000
vertex -30.119646 -72.980659 -0.000000
vertex -29.296795 -72.883545 -0.000000
endloop
endfacet
facet normal -0.000000 0.000000 1.000000
outer loop
vertex -29.296795 -72.883545 -0.000000
vertex -28.578640 -71.902328 -0.000000
vertex -29.366602 -70.532631 -0.000000
endloop
endfacet
facet normal -0.000000 0.000000 1.000000
outer loop
vertex -29.366602 -70.532631 -0.000000
vertex -30.895140 -70.978035 -0.000000
vertex -30.830307 -72.555359 -0.000000
endloop
endfacet
facet normal 0.000000 0.000000 1.000000
outer loop
vertex -29.366602 -70.532631 -0.000000
vertex -30.830307 -72.555359 -0.000000
vertex -29.296795 -72.883545 -0.000000
endloop
endfacet
facet normal -0.000000 0.000000 1.000000
outer loop
vertex -37.243702 -65.037117 -0.000001
vertex -37.216278 -67.679390 -0.000001
vertex -32.850101 -67.632507 -0.000001
endloop
endfacet
facet normal -0.000000 0.000000 1.000000
outer loop
vertex -32.850101 -67.632507 -0.000001
vertex -32.877525 -64.919907 -0.000001
vertex -33.256535 -64.923256 -0.000001
endloop
endfacet
facet normal 0.000000 0.000000 1.000000
outer loop
vertex -33.256535 -64.923256 -0.000001
vertex -33.264027 -64.223335 -0.000001
vertex -36.897121 -64.260178 -0.000001
endloop
endfacet
facet normal -0.000000 0.000000 1.000000
outer loop
vertex -36.889629 -65.033768 -0.000001
vertex -37.243702 -65.037117 -0.000001
vertex -32.850101 -67.632507 -0.000001
endloop
endfacet
facet normal 0.000000 0.000000 1.000000
outer loop
vertex -33.256535 -64.923256 -0.000001
vertex -36.897121 -64.260178 -0.000001
vertex -36.889629 -65.033768 -0.000001
endloop
endfacet
facet normal -0.000000 0.000000 1.000000
outer loop
vertex -32.850101 -67.632507 -0.000001
vertex -33.256535 -64.923256 -0.000001
vertex -36.889629 -65.033768 -0.000001
endloop
endfacet
facet normal -0.000000 0.000000 1.000000
outer loop
vertex -30.546043 -61.792042 -0.000001
vertex -30.558512 -60.988312 -0.000001
vertex -31.850170 -61.005051 -0.000001
endloop
endfacet
facet normal 0.000000 0.000000 1.000000
outer loop
vertex -30.546043 -61.792042 -0.000001
vertex -31.850170 -61.005051 -0.000001
vertex -31.837702 -61.808788 -0.000001
endloop
endfacet
facet normal -0.000000 0.000000 1.000000
outer loop
vertex -30.593430 -65.944664 -0.000001
vertex -30.605898 -65.140930 -0.000001
vertex -31.895069 -65.161026 -0.000001
endloop
endfacet
facet normal -0.000000 0.000000 1.000000
outer loop
vertex -30.593430 -65.944664 -0.000001
vertex -31.895069 -65.161026 -0.000001
vertex -31.885088 -65.961411 -0.000001
endloop
endfacet
facet normal 0.000000 0.000000 1.000000
outer loop
vertex -30.518618 -67.699486 -0.000001
vertex -30.531086 -66.895752 -0.000001
vertex -31.820257 -66.912491 -0.000001
endloop
endfacet
facet normal 0.000000 0.000000 1.000000
outer loop
vertex -30.518618 -67.699486 -0.000001
vertex -31.820257 -66.912491 -0.000001
vertex -31.810276 -67.716225 -0.000001
endloop
endfacet
facet normal 0.000000 0.000000 1.000000
outer loop
vertex -27.897894 -67.568878 -0.000001
vertex -27.910362 -66.765144 -0.000001
vertex -29.202021 -66.785240 -0.000001
endloop
endfacet
facet normal 0.000000 0.000000 1.000000
outer loop
vertex -27.897894 -67.568878 -0.000001
vertex -29.202021 -66.785240 -0.000001
vertex -29.189552 -67.585617 -0.000001
endloop
endfacet
facet normal -0.000000 0.000000 1.000000
outer loop
vertex -27.910362 -65.773872 -0.000001
vertex -27.922831 -64.973488 -0.000001
vertex -29.212002 -64.990234 -0.000001
endloop
endfacet
facet normal -0.000000 0.000000 1.000000
outer loop
vertex -27.910362 -65.773872 -0.000001
vertex -29.212002 -64.990234 -0.000001
vertex -29.202021 -65.793968 -0.000001
endloop
endfacet
facet normal 0.000000 0.000000 1.000000
outer loop
vertex -27.952772 -61.664783 -0.000001
vertex -27.965240 -60.864403 -0.000001
vertex -29.256899 -60.881142 -0.000001
endloop
endfacet
facet normal 0.000000 0.000000 1.000000
outer loop
vertex -27.952772 -61.664783 -0.000001
vertex -29.256899 -60.881142 -0.000001
vertex -29.244431 -61.684883 -0.000001
endloop
endfacet
facet normal -0.000000 0.000000 1.000000
outer loop
vertex -30.620855 -59.632004 -0.000001
vertex -30.633324 -58.831623 -0.000001
vertex -31.924982 -58.848362 -0.000001
endloop
endfacet
facet normal -0.000000 0.000000 1.000000
outer loop
vertex -30.620855 -59.632004 -0.000001
vertex -31.924982 -58.848362 -0.000001
vertex -31.912514 -59.652100 -0.000001
endloop
endfacet
facet normal -0.000000 0.000000 1.000000
outer loop
vertex -27.965240 -59.608562 -0.000001
vertex -27.977709 -58.804832 -0.000001
vertex -29.266853 -58.824921 -0.000001
endloop
endfacet
facet normal -0.000000 0.000000 1.000000
outer loop
vertex -27.965240 -59.608562 -0.000001
vertex -29.266853 -58.824921 -0.000001
vertex -29.254385 -59.628654 -0.000001
endloop
endfacet
facet normal 0.000000 0.000000 1.000000
outer loop
vertex -30.668242 -57.585831 -0.000001
vertex -30.680710 -56.782093 -0.000001
vertex -31.969854 -56.802185 -0.000001
endloop
endfacet
facet normal 0.000000 0.000000 1.000000
outer loop
vertex -30.668242 -57.585831 -0.000001
vertex -31.969854 -56.802185 -0.000001
vertex -31.957384 -57.602573 -0.000001
endloop
endfacet
facet normal -0.000000 0.000001 1.000000
outer loop
vertex -37.430733 -56.269714 -0.000002
vertex -37.428246 -56.638092 -0.000001
vertex -36.777412 -56.634747 -0.000001
endloop
endfacet
facet normal -0.000000 0.000000 1.000000
outer loop
vertex -36.777412 -56.634747 -0.000001
vertex -36.782417 -55.857796 -0.000002
vertex -37.121532 -55.861145 -0.000002
endloop
endfacet
facet normal -0.000000 0.000001 1.000000
outer loop
vertex -37.119045 -56.266365 -0.000002
vertex -37.430733 -56.269714 -0.000002
vertex -36.777412 -56.634747 -0.000001
endloop
endfacet
facet normal -0.000001 -0.000000 1.000000
outer loop
vertex -36.777412 -56.634747 -0.000001
vertex -37.121532 -55.861145 -0.000002
vertex -37.119045 -56.266365 -0.000002
endloop
endfacet
facet normal -0.000000 0.000000 1.000000
outer loop
vertex -36.026855 -56.624695 -0.000001
vertex -35.650333 -56.621346 -0.000001
vertex -35.655338 -55.834354 -0.000002
endloop
endfacet
facet normal -0.000000 0.000000 1.000000
outer loop
vertex -36.026855 -56.624695 -0.000001
vertex -35.655338 -55.834354 -0.000002
vertex -36.031860 -55.837704 -0.000002
endloop
endfacet
facet normal -0.000000 0.000000 1.000000
outer loop
vertex -34.832458 -55.891285 -0.000002
vertex -34.810009 -56.607952 -0.000001
vertex -34.261440 -56.591206 -0.000001
endloop
endfacet
facet normal 0.000000 0.000000 1.000000
outer loop
vertex -34.121799 -61.182545 -0.000001
vertex -34.807522 -61.202637 -0.000001
vertex -34.780094 -62.103493 -0.000001
endloop
endfacet
facet normal -0.000000 0.000000 1.000000
outer loop
vertex -33.889896 -55.861145 -0.000002
vertex -34.832458 -55.891285 -0.000002
vertex -34.261440 -56.591206 -0.000001
endloop
endfacet
facet normal -0.000000 0.000000 1.000000
outer loop
vertex -34.121799 -61.182545 -0.000001
vertex -34.780094 -62.103493 -0.000001
vertex -33.700378 -62.070004 -0.000001
endloop
endfacet
facet normal 0.000000 0.000000 1.000000
outer loop
vertex -33.889896 -55.861145 -0.000002
vertex -34.261440 -56.591206 -0.000001
vertex -34.121799 -61.182545 -0.000001
endloop
endfacet
facet normal 0.000000 0.000000 1.000000
outer loop
vertex -34.121799 -61.182545 -0.000001
vertex -33.700378 -62.070004 -0.000001
vertex -33.889896 -55.861145 -0.000002
endloop
endfacet
facet normal 0.000000 0.000000 1.000000
outer loop
vertex -35.550587 -61.185894 -0.000001
vertex -37.353432 -61.226082 -0.000001
vertex -37.335987 -62.083397 -0.000001
endloop
endfacet
facet normal -0.000000 0.000000 1.000000
outer loop
vertex -36.932014 -62.076702 -0.000001
vertex -36.917057 -62.883785 -0.000001
vertex -33.216640 -62.806759 -0.000001
endloop
endfacet
facet normal 0.000000 0.000000 1.000000
outer loop
vertex -35.550587 -61.185894 -0.000001
vertex -37.335987 -62.083397 -0.000001
vertex -36.932014 -62.076702 -0.000001
endloop
endfacet
facet normal -0.000000 0.000000 1.000000
outer loop
vertex -33.216640 -62.806759 -0.000001
vertex -33.229111 -62.207310 -0.000001
vertex -35.528164 -62.254192 -0.000001
endloop
endfacet
facet normal 0.000000 0.000000 1.000000
outer loop
vertex -35.528164 -62.254192 -0.000001
vertex -35.550587 -61.185894 -0.000001
vertex -36.932014 -62.076702 -0.000001
endloop
endfacet
facet normal 0.000000 0.000001 1.000000
outer loop
vertex -36.932014 -62.076702 -0.000001
vertex -33.216640 -62.806759 -0.000001
vertex -35.528164 -62.254192 -0.000001
endloop
endfacet
facet normal -0.000000 0.000000 1.000000
outer loop
vertex -32.820160 -61.979580 -0.000001
vertex -33.034615 -55.790817 -0.000002
vertex -33.742786 -55.817612 -0.000002
endloop
endfacet
facet normal -0.000000 0.000000 1.000000
outer loop
vertex -32.820160 -61.979580 -0.000001
vertex -33.742786 -55.817612 -0.000002
vertex -33.528332 -62.006374 -0.000001
endloop
endfacet
facet normal 0.000000 0.000000 1.000000
outer loop
vertex -37.181385 -55.000477 -0.000002
vertex -36.213886 -54.980385 -0.000002
vertex -36.216373 -54.816292 -0.000002
endloop
endfacet
facet normal -0.000000 0.000000 1.000000
outer loop
vertex -37.181385 -55.000477 -0.000002
vertex -36.216373 -54.816292 -0.000002
vertex -37.183876 -54.836380 -0.000002
endloop
endfacet
facet normal 0.000000 0.000000 1.000000
outer loop
vertex -36.076733 -54.973686 -0.000002
vertex -35.303726 -54.946896 -0.000002
vertex -35.308731 -54.799541 -0.000002
endloop
endfacet
facet normal -0.000000 0.000000 1.000000
outer loop
vertex -36.076733 -54.973686 -0.000002
vertex -35.308731 -54.799541 -0.000002
vertex -36.081734 -54.826336 -0.000002
endloop
endfacet
facet normal -0.000000 0.000000 1.000000
outer loop
vertex -33.929790 -54.966988 -0.000002
vertex -33.201683 -54.963638 -0.000002
vertex -33.201683 -54.806240 -0.000002
endloop
endfacet
facet normal 0.000000 0.000000 1.000000
outer loop
vertex -33.929790 -54.966988 -0.000002
vertex -33.201683 -54.806240 -0.000002
vertex -33.929790 -54.809589 -0.000002
endloop
endfacet
facet normal -0.000000 0.000000 1.000000
outer loop
vertex -27.980198 -54.012550 -0.000002
vertex -27.990179 -53.208813 -0.000002
vertex -29.281811 -53.228909 -0.000002
endloop
endfacet
facet normal -0.000000 0.000000 1.000000
outer loop
vertex -27.980198 -54.012550 -0.000002
vertex -29.281811 -53.228909 -0.000002
vertex -29.269369 -54.029297 -0.000002
endloop
endfacet
facet normal 0.000000 0.000000 1.000000
outer loop
vertex -28.077433 -52.220886 -0.000002
vertex -28.087412 -51.417149 -0.000002
vertex -29.379070 -51.437241 -0.000002
endloop
endfacet
facet normal 0.000000 0.000000 1.000000
outer loop
vertex -28.077433 -52.220886 -0.000002
vertex -29.379070 -51.437241 -0.000002
vertex -29.366602 -52.240982 -0.000002
endloop
endfacet
facet normal -0.000000 0.000000 1.000000
outer loop
vertex -28.040026 -50.727276 -0.000002
vertex -28.052494 -49.923534 -0.000002
vertex -29.341665 -49.943626 -0.000002
endloop
endfacet
facet normal -0.000000 0.000000 1.000000
outer loop
vertex -28.040026 -50.727276 -0.000002
vertex -29.341665 -49.943626 -0.000002
vertex -29.331684 -50.747364 -0.000002
endloop
endfacet
facet normal -0.000000 0.000000 1.000000
outer loop
vertex -31.314072 -44.340893 -0.000002
vertex -32.116989 -44.344242 -0.000002
vertex -32.111984 -45.636925 -0.000002
endloop
endfacet
facet normal -0.000000 0.000000 1.000000
outer loop
vertex -31.314072 -44.340893 -0.000002
vertex -32.111984 -45.636925 -0.000002
vertex -31.309067 -45.630226 -0.000002
endloop
endfacet
facet normal -0.000000 0.000000 1.000000
outer loop
vertex -28.179670 -44.267216 -0.000002
vertex -28.982588 -44.273914 -0.000002
vertex -28.977612 -45.563248 -0.000002
endloop
endfacet
facet normal -0.000000 0.000000 1.000000
outer loop
vertex -28.179670 -44.267216 -0.000002
vertex -28.977612 -45.563248 -0.000002
vertex -28.174694 -45.559898 -0.000002
endloop
endfacet
facet normal 0.000000 0.000000 1.000000
outer loop
vertex -32.892483 -76.265915 0.000000
vertex -32.892483 -75.971207 0.000000
vertex -35.745106 -75.991302 0.000000
endloop
endfacet
facet normal 0.000000 0.000000 1.000000
outer loop
vertex -32.892483 -76.265915 0.000000
vertex -35.745106 -75.991302 0.000000
vertex -35.742592 -76.286003 0.000000
endloop
endfacet
facet normal 0.000000 0.000000 1.000000
outer loop
vertex -32.702965 -76.272606 0.000000
vertex -27.708403 -76.182182 0.000000
vertex -27.713379 -75.900879 0.000000
endloop
endfacet
facet normal 0.000000 0.000000 1.000000
outer loop
vertex -32.702965 -76.272606 0.000000
vertex -27.713379 -75.900879 0.000000
vertex -32.707966 -75.991302 0.000000
endloop
endfacet
facet normal 0.000000 0.000000 1.000000
outer loop
vertex -105.716492 -110.233223 0.000003
vertex -103.629410 -118.364143 0.000003
vertex -103.282799 -118.421074 0.000003
endloop
endfacet
facet normal 0.000000 0.000000 1.000000
outer loop
vertex -103.282799 -118.421074 0.000003
vertex -98.734566 -118.310562 0.000003
vertex -97.699745 -118.253632 0.000003
endloop
endfacet
facet normal 0.000000 0.000000 1.000000
outer loop
vertex -97.699745 -118.253632 0.000003
vertex -96.772141 -118.163208 0.000003
vertex -95.956757 -117.235588 0.000003
endloop
endfacet
facet normal -0.000001 0.000000 1.000000
outer loop
vertex -95.956757 -117.235588 0.000003
vertex -95.647552 -116.398392 0.000003
vertex -95.647552 -115.671700 0.000003
endloop
endfacet
facet normal -0.000002 -0.000000 1.000000
outer loop
vertex -95.647552 -115.671700 0.000003
vertex -95.757286 -114.523056 0.000003
vertex -96.066483 -112.734795 0.000003
endloop
endfacet
facet normal 0.000000 0.000000 1.000000
outer loop
vertex -96.066483 -112.734795 0.000003
vertex -101.871460 -102.450562 0.000002
vertex -102.569649 -102.035309 0.000002
endloop
endfacet
facet normal -0.000000 0.000000 1.000000
outer loop
vertex -104.158043 -102.872513 0.000002
vertex -111.129990 -91.446289 0.000001
vertex -112.234642 -92.062477 0.000001
endloop
endfacet
facet normal -0.000000 0.000000 1.000000
outer loop
vertex -96.066483 -112.734795 0.000003
vertex -102.569649 -102.035309 0.000002
vertex -104.158043 -102.872513 0.000002
endloop
endfacet
facet normal 0.000000 0.000000 1.000000
outer loop
vertex -95.956757 -117.235588 0.000003
vertex -95.647552 -115.671700 0.000003
vertex -96.066483 -112.734795 0.000003
endloop
endfacet
facet normal 0.000000 0.000000 1.000000
outer loop
vertex -103.282799 -118.421074 0.000003
vertex -97.699745 -118.253632 0.000003
vertex -95.956757 -117.235588 0.000003
endloop
endfacet
facet normal -0.000000 0.000000 1.000000
outer loop
vertex -105.716492 -110.233223 0.000003
vertex -103.282799 -118.421074 0.000003
vertex -100.836624 -113.734406 0.000003
endloop
endfacet
facet normal -0.000000 0.000000 1.000000
outer loop
vertex -103.282799 -118.421074 0.000003
vertex -95.956757 -117.235588 0.000003
vertex -100.836624 -113.734406 0.000003
endloop
endfacet
facet normal 0.000000 0.000000 1.000000
outer loop
vertex -95.956757 -117.235588 0.000003
vertex -96.066483 -112.734795 0.000003
vertex -104.158043 -102.872513 0.000002
endloop
endfacet
facet normal -0.000000 0.000000 1.000000
outer loop
vertex -95.956757 -117.235588 0.000003
vertex -104.158043 -102.872513 0.000002
vertex -112.234642 -92.062477 0.000001
endloop
endfacet
facet normal -0.000000 0.000000 1.000000
outer loop
vertex -106.889084 -106.603943 0.000002
vertex -106.498222 -107.813705 0.000002
vertex -105.716492 -110.233223 0.000003
endloop
endfacet
facet normal 0.000000 0.000000 1.000000
outer loop
vertex -106.889084 -106.603943 0.000002
vertex -105.716492 -110.233223 0.000003
vertex -100.836624 -113.734406 0.000003
endloop
endfacet
facet normal -0.000000 0.000000 1.000000
outer loop
vertex -108.566628 -101.509544 0.000002
vertex -107.279945 -105.394180 0.000002
vertex -95.956757 -117.235588 0.000003
endloop
endfacet
facet normal 0.000002 0.000001 1.000000
outer loop
vertex -95.956757 -117.235588 0.000003
vertex -112.234642 -92.062477 0.000001
vertex -113.291885 -90.518654 0.000001
endloop
endfacet
facet normal 0.000000 0.000000 1.000000
outer loop
vertex -113.291885 -90.518654 0.000001
vertex -110.115128 -88.666740 0.000001
vertex -110.242279 -86.885147 0.000001
endloop
endfacet
facet normal 0.000000 0.000000 1.000000
outer loop
vertex -110.242279 -86.885147 0.000001
vertex -111.982780 -86.871758 0.000001
vertex -111.930420 -88.606461 0.000001
endloop
endfacet
facet normal -0.000000 0.000000 1.000000
outer loop
vertex -113.291885 -90.518654 0.000001
vertex -110.242279 -86.885147 0.000001
vertex -111.930420 -88.606461 0.000001
endloop
endfacet
facet normal 0.000000 0.000000 1.000000
outer loop
vertex -110.404366 -96.516434 0.000002
vertex -108.566628 -101.509544 0.000002
vertex -95.956757 -117.235588 0.000003
endloop
endfacet
facet normal 0.000000 0.000000 1.000000
outer loop
vertex -111.668602 -94.255959 0.000001
vertex -110.404366 -96.516434 0.000002
vertex -95.956757 -117.235588 0.000003
endloop
endfacet
facet normal -0.000000 0.000000 1.000000
outer loop
vertex -111.668602 -94.255959 0.000001
vertex -95.956757 -117.235588 0.000003
vertex -113.291885 -90.518654 0.000001
endloop
endfacet
facet normal 0.000000 0.000000 1.000000
outer loop
vertex -104.985901 16.231880 4.479975
vertex -112.344345 16.037638 4.479975
vertex -112.042633 4.604136 4.479976
endloop
endfacet
facet normal -0.000000 0.000000 1.000000
outer loop
vertex -104.985901 16.231880 4.479975
vertex -112.042633 4.604136 4.479976
vertex -104.684158 4.798378 4.479976
endloop
endfacet
facet normal -0.026388 0.999652 0.000000
outer loop
vertex -112.344345 16.037638 -0.000007
vertex -112.344345 16.037638 4.479975
vertex -104.985901 16.231880 4.479975
endloop
endfacet
facet normal -0.026388 0.999652 0.000000
outer loop
vertex -112.344345 16.037638 -0.000007
vertex -104.985901 16.231880 4.479975
vertex -104.985901 16.231880 -0.000007
endloop
endfacet
facet normal -0.999652 -0.026379 0.000000
outer loop
vertex -112.042633 4.604136 -0.000006
vertex -112.042633 4.604136 4.479976
vertex -112.344345 16.037638 4.479975
endloop
endfacet
facet normal -0.999652 -0.026380 0.000000
outer loop
vertex -112.042633 4.604136 -0.000006
vertex -112.344345 16.037638 4.479975
vertex -112.344345 16.037638 -0.000007
endloop
endfacet
facet normal 0.026388 -0.999652 0.000000
outer loop
vertex -104.684158 4.798378 -0.000006
vertex -104.684158 4.798378 4.479976
vertex -112.042633 4.604136 4.479976
endloop
endfacet
facet normal 0.026388 -0.999652 0.000000
outer loop
vertex -104.684158 4.798378 -0.000006
vertex -112.042633 4.604136 4.479976
vertex -112.042633 4.604136 -0.000006
endloop
endfacet
facet normal 0.999652 0.026381 0.000000
outer loop
vertex -104.985901 16.231880 -0.000007
vertex -104.985901 16.231880 4.479975
vertex -104.684158 4.798378 4.479976
endloop
endfacet
facet normal 0.999652 0.026383 0.000000
outer loop
vertex -104.985901 16.231880 -0.000007
vertex -104.684158 4.798378 4.479976
vertex -104.684158 4.798378 -0.000006
endloop
endfacet
facet normal 0.000000 0.000000 1.000000
outer loop
vertex -7.293724 -4.672570 -0.000005
vertex -7.832339 -4.696010 -0.000005
vertex -8.151522 -5.077796 -0.000005
endloop
endfacet
facet normal 0.000000 0.000000 1.000000
outer loop
vertex -8.151522 -5.077796 -0.000005
vertex -8.101646 -5.640425 -0.000005
vertex -7.747546 -5.958575 -0.000005
endloop
endfacet
facet normal 0.000000 0.000000 1.000000
outer loop
vertex -7.747546 -5.958575 -0.000005
vertex -7.256318 -5.945177 -0.000005
vertex -6.937163 -5.640425 -0.000005
endloop
endfacet
facet normal 0.000000 0.000000 1.000000
outer loop
vertex -6.937163 -5.640425 -0.000005
vertex -6.912226 -5.101236 -0.000005
vertex -7.293724 -4.672570 -0.000005
endloop
endfacet
facet normal 0.000000 0.000000 1.000000
outer loop
vertex -7.293724 -4.672570 -0.000005
vertex -8.151522 -5.077796 -0.000005
vertex -7.747546 -5.958575 -0.000005
endloop
endfacet
facet normal -0.000000 0.000000 1.000000
outer loop
vertex -7.747546 -5.958575 -0.000005
vertex -6.937163 -5.640425 -0.000005
vertex -7.293724 -4.672570 -0.000005
endloop
endfacet
facet normal 0.000000 0.000000 0.000000
outer loop
vertex -50.821075 -118.354095 0.000003
vertex -45.165714 -118.282097 0.000003
vertex -39.510353 -118.210098 0.000003
endloop
endfacet
facet normal -0.000000 0.000000 1.000000
outer loop
vertex -50.821075 -118.354095 0.000003
vertex -39.510353 -118.210098 0.000003
vertex -40.078884 -88.338554 0.000001
endloop
endfacet
facet normal 0.000000 0.000000 1.000000
outer loop
vertex -50.821075 -118.354095 0.000003
vertex -40.078884 -88.338554 0.000001
vertex -51.070423 -88.301712 0.000001
endloop
endfacet
facet normal -0.000000 0.000000 1.000000
outer loop
vertex -36.071754 -118.250282 0.000003
vertex 18.978262 -117.148529 0.000003
vertex 18.058149 -87.337250 0.000001
endloop
endfacet
facet normal -0.000000 0.000000 1.000000
outer loop
vertex -36.071754 -118.250282 0.000003
vertex 18.058149 -87.337250 0.000001
vertex -37.114040 -88.070648 0.000001
endloop
endfacet
facet normal 0.000000 0.000000 1.000000
outer loop
vertex -113.005135 -67.213898 -0.000001
vertex -112.735825 -67.786552 -0.000001
vertex -108.018036 -67.769814 -0.000001
endloop
endfacet
facet normal 0.000000 0.000000 1.000000
outer loop
vertex -108.018036 -67.769814 -0.000001
vertex -93.749962 -67.478455 -0.000001
vertex -93.333542 -67.468407 -0.000001
endloop
endfacet
facet normal 0.000000 0.000000 1.000000
outer loop
vertex -93.333542 -67.468407 -0.000001
vertex -93.672661 -44.009350 -0.000002
vertex -113.005135 -67.213898 -0.000001
endloop
endfacet
facet normal -0.000000 0.000000 1.000000
outer loop
vertex -113.005135 -67.213898 -0.000001
vertex -108.018036 -67.769814 -0.000001
vertex -93.333542 -67.468407 -0.000001
endloop
endfacet
facet normal 0.000000 0.000000 1.000000
outer loop
vertex -67.527847 -43.738087 -0.000002
vertex -67.495422 -47.214264 -0.000002
vertex -66.724899 -47.217613 -0.000002
endloop
endfacet
facet normal -0.000000 0.000000 1.000000
outer loop
vertex -57.596039 -47.053516 -0.000002
vertex -56.199654 -47.033424 -0.000002
vertex -56.289421 -43.604130 -0.000002
endloop
endfacet
facet normal -0.000000 0.000000 1.000000
outer loop
vertex -67.527847 -43.738087 -0.000002
vertex -66.724899 -47.217613 -0.000002
vertex -57.596039 -47.053516 -0.000002
endloop
endfacet
facet normal -0.000000 0.000000 1.000000
outer loop
vertex -57.596039 -47.053516 -0.000002
vertex -56.289421 -43.604130 -0.000002
vertex -67.527847 -43.738087 -0.000002
endloop
endfacet
facet normal -0.000000 0.000000 1.000000
outer loop
vertex -56.087433 -56.055382 -0.000002
vertex -56.199654 -47.033424 -0.000002
vertex -57.596039 -47.053516 -0.000002
endloop
endfacet
facet normal -0.000000 0.000000 1.000000
outer loop
vertex -56.087433 -56.055382 -0.000002
vertex -57.596039 -47.053516 -0.000002
vertex -66.724899 -47.217613 -0.000002
endloop
endfacet
facet normal 0.000000 0.000000 1.000000
outer loop
vertex -57.401543 -56.045334 -0.000002
vertex -57.074894 -56.058731 -0.000002
vertex -56.087433 -56.055382 -0.000002
endloop
endfacet
facet normal 0.000000 0.000000 1.000000
outer loop
vertex -66.742378 -56.095570 -0.000002
vertex -58.605919 -56.052032 -0.000002
vertex -57.401543 -56.045334 -0.000002
endloop
endfacet
facet normal 0.000000 0.000000 1.000000
outer loop
vertex -87.134605 -56.182640 -0.000002
vertex -86.880257 -56.182640 -0.000002
vertex -66.742378 -56.095570 -0.000002
endloop
endfacet
facet normal -0.000000 0.000000 1.000000
outer loop
vertex -88.578346 -43.972511 -0.000002
vertex -88.333977 -56.209431 -0.000002
vertex -87.134605 -56.182640 -0.000002
endloop
endfacet
facet normal -0.000000 0.000000 1.000000
outer loop
vertex -67.495422 -47.214264 -0.000002
vertex -67.527847 -43.738087 -0.000002
vertex -88.578346 -43.972511 -0.000002
endloop
endfacet
facet normal 0.000000 0.000000 1.000000
outer loop
vertex -56.087433 -56.055382 -0.000002
vertex -66.724899 -47.217613 -0.000002
vertex -67.495422 -47.214264 -0.000002
endloop
endfacet
facet normal 0.000000 0.000000 1.000000
outer loop
vertex -87.134605 -56.182640 -0.000002
vertex -66.742378 -56.095570 -0.000002
vertex -57.401543 -56.045334 -0.000002
endloop
endfacet
facet normal 0.000000 0.000000 1.000000
outer loop
vertex -57.401543 -56.045334 -0.000002
vertex -56.087433 -56.055382 -0.000002
vertex -67.495422 -47.214264 -0.000002
endloop
endfacet
facet normal 0.000000 0.000000 1.000000
outer loop
vertex -67.495422 -47.214264 -0.000002
vertex -88.578346 -43.972511 -0.000002
vertex -87.134605 -56.182640 -0.000002
endloop
endfacet
facet normal -0.000000 0.000000 1.000000
outer loop
vertex -67.495422 -47.214264 -0.000002
vertex -87.134605 -56.182640 -0.000002
vertex -57.401543 -56.045334 -0.000002
endloop
endfacet
facet normal -0.000000 0.000000 1.000000
outer loop
vertex -56.289421 -39.880127 -0.000003
vertex -57.324242 -1.102550 -0.000006
vertex -89.959778 -1.276695 -0.000006
endloop
endfacet
facet normal -0.000000 0.000000 1.000000
outer loop
vertex -56.289421 -39.880127 -0.000003
vertex -89.959778 -1.276695 -0.000006
vertex -89.271561 -40.225067 -0.000003
endloop
endfacet
facet normal 0.000000 0.000000 1.000000
outer loop
vertex -57.725700 2.802374 -0.000006
vertex -57.725700 41.741486 -0.000009
vertex -90.189186 41.282658 -0.000009
endloop
endfacet
facet normal -0.000000 0.000000 1.000000
outer loop
vertex -57.725700 2.802374 -0.000006
vertex -90.189186 41.282658 -0.000009
vertex -90.017143 2.517706 -0.000006
endloop
endfacet
facet normal -0.000000 0.000000 1.000000
outer loop
vertex -51.449463 -79.145935 0.000000
vertex -6.136733 -79.082306 0.000000
vertex -7.383493 -43.456776 -0.000002
endloop
endfacet
facet normal -0.000000 0.000000 1.000000
outer loop
vertex -51.449463 -79.145935 0.000000
vertex -7.383493 -43.456776 -0.000002
vertex -52.055370 -43.573990 -0.000002
endloop
endfacet
facet normal -0.000000 0.000000 1.000000
outer loop
vertex -52.170074 -39.391182 -0.000003
vertex 17.310081 -38.677860 -0.000003
vertex 16.404924 0.042806 -0.000006
endloop
endfacet
facet normal 0.000000 0.000000 1.000000
outer loop
vertex -52.170074 -39.391182 -0.000003
vertex 16.404924 0.042806 -0.000006
vertex -52.885742 -0.690625 -0.000006
endloop
endfacet
facet normal -0.000000 0.000000 1.000000
outer loop
vertex -3.725461 -78.720634 0.000000
vertex 17.576900 -78.258484 0.000000
vertex 17.559456 -42.348286 -0.000002
endloop
endfacet
facet normal -0.000000 0.000000 1.000000
outer loop
vertex -3.725461 -78.720634 0.000000
vertex 17.559456 -42.348286 -0.000002
vertex -4.897437 -42.904205 -0.000002
endloop
endfacet
facet normal 0.000000 0.000000 1.000000
outer loop
vertex -53.299667 2.584692 -0.000006
vertex -20.743923 3.348263 -0.000006
vertex -21.304960 42.062992 -0.000009
endloop
endfacet
facet normal -0.000000 0.000000 1.000000
outer loop
vertex -53.299667 2.584692 -0.000006
vertex -21.304960 42.062992 -0.000009
vertex -53.454269 41.553936 -0.000009
endloop
endfacet
facet normal -0.000000 0.000000 1.000000
outer loop
vertex -16.871435 42.217045 -0.000009
vertex -15.801724 3.241089 -0.000006
vertex 16.140621 3.344913 -0.000006
endloop
endfacet
facet normal -0.000000 0.000000 1.000000
outer loop
vertex -16.871435 42.217045 -0.000009
vertex 16.140621 3.344913 -0.000006
vertex 15.734159 43.084454 -0.000009
endloop
endfacet
facet normal -0.000000 0.000000 1.000000
outer loop
vertex -90.368729 44.715446 -0.000009
vertex -58.009964 45.003460 -0.000009
vertex -58.925102 84.445702 -0.000012
endloop
endfacet
facet normal -0.000000 0.000000 1.000000
outer loop
vertex -90.368729 44.715446 -0.000009
vertex -58.925102 84.445702 -0.000012
vertex -91.326248 83.662003 -0.000012
endloop
endfacet
facet normal -0.000000 0.000000 1.000000
outer loop
vertex 34.468185 -116.920807 0.000003
vertex 34.236286 -105.903206 0.000002
vertex 22.977926 -106.231384 0.000002
endloop
endfacet
facet normal -0.000000 0.000000 1.000000
outer loop
vertex 34.468185 -116.920807 0.000003
vertex 22.977926 -106.231384 0.000002
vertex 23.154976 -117.125076 0.000003
endloop
endfacet
facet normal -0.000000 0.000000 1.000000
outer loop
vertex 22.651278 -87.742455 0.000001
vertex 22.977926 -106.231384 0.000002
vertex 34.236286 -105.903206 0.000002
endloop
endfacet
facet normal -0.000000 0.000000 1.000000
outer loop
vertex 34.236286 -105.903206 0.000002
vertex 34.468185 -116.920807 0.000003
vertex 44.941074 -116.709839 0.000003
endloop
endfacet
facet normal -0.000000 0.000000 1.000000
outer loop
vertex 44.941074 -116.709839 0.000003
vertex 44.347607 -87.206642 0.000001
vertex 22.651278 -87.742455 0.000001
endloop
endfacet
facet normal -0.000000 0.000000 1.000000
outer loop
vertex 34.236286 -105.903206 0.000002
vertex 44.941074 -116.709839 0.000003
vertex 22.651278 -87.742455 0.000001
endloop
endfacet
facet normal 0.000000 0.000000 1.000000
outer loop
vertex 72.068367 -87.273621 0.000001
vertex 72.606987 -116.307968 0.000003
vertex 95.038925 -115.802299 0.000003
endloop
endfacet
facet normal -0.000000 0.000000 1.000000
outer loop
vertex 72.068367 -87.273621 0.000001
vertex 95.038925 -115.802299 0.000003
vertex 94.437981 -87.022453 0.000001
endloop
endfacet
facet normal -0.000000 0.000000 1.000000
outer loop
vertex 60.219032 -116.508904 0.000003
vertex 68.866646 -116.358200 0.000003
vertex 68.734497 -111.478989 0.000003
endloop
endfacet
facet normal 0.000000 0.000000 1.000000
outer loop
vertex 68.734497 -111.478989 0.000003
vertex 67.993919 -111.492386 0.000003
vertex 61.842342 -111.629684 0.000003
endloop
endfacet
facet normal -0.000000 0.000000 1.000000
outer loop
vertex 61.842342 -111.629684 0.000003
vertex 60.012066 -111.646423 0.000003
vertex 60.219032 -116.508904 0.000003
endloop
endfacet
facet normal -0.000000 0.000000 1.000000
outer loop
vertex 68.734497 -111.478989 0.000003
vertex 61.842342 -111.629684 0.000003
vertex 60.219032 -116.508904 0.000003
endloop
endfacet
facet normal -0.000000 0.000000 1.000000
outer loop
vertex 59.503391 -93.294846 0.000001
vertex 60.012066 -111.646423 0.000003
vertex 61.842342 -111.629684 0.000003
endloop
endfacet
facet normal -0.000000 0.000000 1.000000
outer loop
vertex 67.993919 -111.492386 0.000003
vertex 68.734497 -111.478989 0.000003
vertex 68.412827 -93.160889 0.000001
endloop
endfacet
facet normal -0.000000 0.000000 1.000000
outer loop
vertex 59.503391 -93.294846 0.000001
vertex 61.842342 -111.629684 0.000003
vertex 67.993919 -111.492386 0.000003
endloop
endfacet
facet normal -0.000000 0.000000 1.000000
outer loop
vertex 67.604927 -93.174286 0.000001
vertex 61.500710 -93.264709 0.000001
vertex 59.503391 -93.294846 0.000001
endloop
endfacet
facet normal -0.000000 0.000000 1.000000
outer loop
vertex 67.993919 -111.492386 0.000003
vertex 68.412827 -93.160889 0.000001
vertex 67.604927 -93.174286 0.000001
endloop
endfacet
facet normal -0.000000 0.000000 1.000000
outer loop
vertex 67.993919 -111.492386 0.000003
vertex 67.604927 -93.174286 0.000001
vertex 59.503391 -93.294846 0.000001
endloop
endfacet
facet normal -0.000000 0.000000 1.000000
outer loop
vertex 59.465988 -86.908592 0.000001
vertex 59.503391 -93.294846 0.000001
vertex 61.500710 -93.264709 0.000001
endloop
endfacet
facet normal 0.000000 0.000000 1.000000
outer loop
vertex 61.500710 -93.264709 0.000001
vertex 67.604927 -93.174286 0.000001
vertex 68.412827 -93.160889 0.000001
endloop
endfacet
facet normal -0.000000 0.000000 1.000000
outer loop
vertex 68.412827 -93.160889 0.000001
vertex 68.357971 -86.680870 0.000001
vertex 59.465988 -86.908592 0.000001
endloop
endfacet
facet normal -0.000000 0.000000 1.000000
outer loop
vertex 61.500710 -93.264709 0.000001
vertex 68.412827 -93.160889 0.000001
vertex 59.465988 -86.908592 0.000001
endloop
endfacet
facet normal -0.000000 0.000000 1.000000
outer loop
vertex 47.404709 -116.676346 0.000003
vertex 55.608482 -116.542389 0.000003
vertex 55.000034 -87.049248 0.000001
endloop
endfacet
facet normal -0.000000 0.000000 1.000000
outer loop
vertex 47.404709 -116.676346 0.000003
vertex 55.000034 -87.049248 0.000001
vertex 46.661617 -87.253525 0.000001
endloop
endfacet
facet normal -0.000000 0.000000 1.000000
outer loop
vertex 66.629936 -41.735432 -0.000002
vertex 58.371311 -41.959812 -0.000002
vertex 58.802711 -56.902653 -0.000001
endloop
endfacet
facet normal -0.000000 0.000000 1.000000
outer loop
vertex 66.629936 -41.735432 -0.000002
vertex 58.802711 -56.902653 -0.000001
vertex 60.538212 -56.869164 -0.000001
endloop
endfacet
facet normal -0.000000 0.000000 1.000000
outer loop
vertex 68.016373 -56.869164 -0.000001
vertex 67.799423 -42.509033 -0.000002
vertex 66.649902 -42.542522 -0.000002
endloop
endfacet
facet normal 0.000000 0.000000 1.000000
outer loop
vertex 66.649902 -42.542522 -0.000002
vertex 66.629936 -41.735432 -0.000002
vertex 60.538212 -56.869164 -0.000001
endloop
endfacet
facet normal 0.000000 0.000000 1.000000
outer loop
vertex 66.644897 -56.869164 -0.000001
vertex 68.016373 -56.869164 -0.000001
vertex 66.649902 -42.542522 -0.000002
endloop
endfacet
facet normal 0.000000 0.000000 1.000000
outer loop
vertex 60.538212 -56.869164 -0.000001
vertex 66.644897 -56.869164 -0.000001
vertex 66.649902 -42.542522 -0.000002
endloop
endfacet
facet normal -0.000000 0.000000 1.000000
outer loop
vertex 60.538212 -56.869164 -0.000001
vertex 58.802711 -56.902653 -0.000001
vertex 59.201683 -77.645645 0.000000
endloop
endfacet
facet normal 0.000000 0.000000 1.000000
outer loop
vertex 59.201683 -77.645645 0.000000
vertex 68.263229 -77.705925 0.000000
vertex 68.016373 -56.869164 -0.000001
endloop
endfacet
facet normal 0.000000 0.000000 1.000000
outer loop
vertex 66.644897 -56.869164 -0.000001
vertex 60.538212 -56.869164 -0.000001
vertex 59.201683 -77.645645 0.000000
endloop
endfacet
facet normal 0.000000 0.000000 1.000000
outer loop
vertex 59.201683 -77.645645 0.000000
vertex 68.016373 -56.869164 -0.000001
vertex 66.644897 -56.869164 -0.000001
endloop
endfacet
facet normal 0.000000 0.000000 1.000000
outer loop
vertex 60.705284 -74.792404 0.000000
vertex 60.762623 -76.450096 0.000000
vertex 66.806992 -76.463493 0.000000
endloop
endfacet
facet normal 0.000000 0.000000 1.000000
outer loop
vertex 60.705284 -74.792404 0.000000
vertex 66.806992 -76.463493 0.000000
vertex 66.759605 -74.681892 0.000000
endloop
endfacet
facet normal -0.000000 0.000000 1.000000
outer loop
vertex 46.748898 -78.603416 0.000000
vertex 54.897823 -78.529747 0.000000
vertex 54.800560 -70.579521 -0.000000
endloop
endfacet
facet normal 0.000000 0.000000 1.000000
outer loop
vertex 54.800560 -70.579521 -0.000000
vertex 53.286980 -70.579521 -0.000000
vertex 47.963257 -70.643150 -0.000000
endloop
endfacet
facet normal -0.000000 0.000000 1.000000
outer loop
vertex 47.963257 -70.643150 -0.000000
vertex 46.447189 -70.659889 -0.000000
vertex 46.748898 -78.603416 0.000000
endloop
endfacet
facet normal -0.000000 0.000000 1.000000
outer loop
vertex 54.800560 -70.579521 -0.000000
vertex 47.963257 -70.643150 -0.000000
vertex 46.748898 -78.603416 0.000000
endloop
endfacet
facet normal -0.000000 0.000000 1.000000
outer loop
vertex 46.150455 -52.555779 -0.000002
vertex 46.447189 -70.659889 -0.000000
vertex 47.963257 -70.643150 -0.000000
endloop
endfacet
facet normal 0.000000 0.000000 1.000000
outer loop
vertex 53.286980 -70.579521 -0.000000
vertex 54.800560 -70.579521 -0.000000
vertex 54.007622 -42.077023 -0.000002
endloop
endfacet
facet normal -0.000000 0.000000 1.000000
outer loop
vertex 46.150455 -52.555779 -0.000002
vertex 47.963257 -70.643150 -0.000000
vertex 53.286980 -70.579521 -0.000000
endloop
endfacet
facet normal -0.000000 0.000000 1.000000
outer loop
vertex 48.038071 -43.058254 -0.000002
vertex 45.883636 -43.091743 -0.000002
vertex 46.150455 -52.555779 -0.000002
endloop
endfacet
facet normal 0.000000 0.000000 1.000000
outer loop
vertex 54.007622 -42.077023 -0.000002
vertex 48.020596 -42.237770 -0.000002
vertex 48.038071 -43.058254 -0.000002
endloop
endfacet
facet normal -0.000000 0.000000 1.000000
outer loop
vertex 46.150455 -52.555779 -0.000002
vertex 53.286980 -70.579521 -0.000000
vertex 54.007622 -42.077023 -0.000002
endloop
endfacet
facet normal -0.000000 0.000000 1.000000
outer loop
vertex 54.007622 -42.077023 -0.000002
vertex 48.038071 -43.058254 -0.000002
vertex 46.150455 -52.555779 -0.000002
endloop
endfacet
facet normal -0.000000 0.000000 1.000000
outer loop
vertex 21.771059 -38.537209 -0.000003
vertex 43.522240 -38.051613 -0.000003
vertex 42.587170 0.732700 -0.000006
endloop
endfacet
facet normal -0.000000 0.000000 1.000000
outer loop
vertex 21.771059 -38.537209 -0.000003
vertex 42.587170 0.732700 -0.000006
vertex 21.042925 0.270538 -0.000006
endloop
endfacet
facet normal -0.000000 0.000000 1.000000
outer loop
vertex 20.975605 4.419942 -0.000006
vertex 53.047588 4.915593 -0.000006
vertex 52.269608 43.288738 -0.000009
endloop
endfacet
facet normal -0.000000 0.000000 1.000000
outer loop
vertex 20.975605 4.419942 -0.000006
vertex 52.269608 43.288738 -0.000009
vertex 20.267433 42.793079 -0.000009
endloop
endfacet
facet normal -0.000000 0.000000 1.000000
outer loop
vertex 45.175465 0.739393 -0.000006
vertex 45.883636 -38.021473 -0.000003
vertex 48.102901 -37.991329 -0.000003
endloop
endfacet
facet normal 0.000000 0.000000 1.000000
outer loop
vertex 48.102901 -37.991329 -0.000003
vertex 48.137817 -38.644371 -0.000003
vertex 54.179668 -38.543903 -0.000003
endloop
endfacet
facet normal -0.000000 0.000000 1.000000
outer loop
vertex 54.179668 -38.543903 -0.000003
vertex 53.341831 0.896796 -0.000006
vertex 45.175465 0.739393 -0.000006
endloop
endfacet
facet normal 0.000000 0.000000 1.000000
outer loop
vertex 48.102901 -37.991329 -0.000003
vertex 54.179668 -38.543903 -0.000003
vertex 45.175465 0.739393 -0.000006
endloop
endfacet
facet normal -0.000000 0.000000 1.000000
outer loop
vertex 19.486963 85.527466 -0.000012
vertex 19.913361 46.306248 -0.000009
vertex 52.411739 47.113377 -0.000009
endloop
endfacet
facet normal 0.000000 0.000000 1.000000
outer loop
vertex 19.486963 85.527466 -0.000012
vertex 52.411739 47.113377 -0.000009
vertex 50.798409 85.962860 -0.000012
endloop
endfacet
facet normal -0.000000 0.000000 1.000000
outer loop
vertex -17.484861 84.673447 -0.000012
vertex -16.891396 45.877567 -0.000009
vertex 15.607010 46.416767 -0.000009
endloop
endfacet
facet normal -0.000000 0.000000 1.000000
outer loop
vertex -17.484861 84.673447 -0.000012
vertex 15.607010 46.416767 -0.000009
vertex 14.584632 85.426994 -0.000012
endloop
endfacet
facet normal -0.000000 0.000000 1.000000
outer loop
vertex -54.127525 45.231205 -0.000009
vertex -21.357323 45.823986 -0.000009
vertex -22.648981 84.626549 -0.000012
endloop
endfacet
facet normal -0.000000 0.000000 1.000000
outer loop
vertex -54.127525 45.231205 -0.000009
vertex -22.648981 84.626549 -0.000012
vertex -54.504047 84.465797 -0.000012
endloop
endfacet
facet normal 0.000000 0.000000 1.000000
outer loop
vertex -107.279945 -105.394180 0.000002
vertex -106.889084 -106.603943 0.000002
vertex -100.836624 -113.734406 0.000003
endloop
endfacet
facet normal 0.000000 0.000000 1.000000
outer loop
vertex -107.279945 -105.394180 0.000002
vertex -100.836624 -113.734406 0.000003
vertex -95.956757 -117.235588 0.000003
endloop
endfacet
endsolid Exported from Blender-3.6.5
