# vtk DataFile Version 2.0
tracks
ASCII
DATASET POLYDATA
POINTS 2520 float
-1.001 -0.05 0.0011 -1.6008 -0.05 0.0011 -2.2006 -0.05 0.0011 -2.8004 -0.05
0.0011 -3.4002 -0.05 0.0011 -4 -0.05 0.0011 -4.8 -0.05 0.0011
-5.6 -0.05 0.0011 -6.4 -0.05 0.0011 -7.2 -0.05 0.0011 -8
-0.05 0.0011 -8.8 -0.05 0.0011 -9.6 -0.05 0.0011 -10.4 -0.05
0.0011 -11.2 -0.05 0.0011 -12 -0.05 0.0011 -12.8 -0.05 0.0011
-13.6 -0.05 0.0011 -14.4 -0.05 0.0011 -15.2 -0.05 0.0011 -16
-0.05 0.0011 -16.8 -0.05 0.0011 -17.6 -0.05 0.0011 -18.4 -0.05
0.0011 -19.2 -0.05 0.0011 -20 -0.05 0.0011 -20.8 -0.05 0.0011
-21.6 -0.05 0.0011 -22.4 -0.05 0.0011 -23.2 -0.05 0.0011 -24
-0.05 0.0011 -24.8 -0.05 0.0011 -25.6 -0.05 0.0011 -26.4 -0.05
0.0011 -27.2 -0.05 0.0011 -28 -0.05 0.0011 -28.8 -0.05 0.0011
-29.6 -0.05 0.0011 -30.4 -0.05 0.0011 -31.2 -0.05 0.0011 -32
-0.05 0.0011 -32.8 -0.05 0.0011 -33.6 -0.05 0.0011 -34.4 -0.05
0.0011 -35.2 -0.05 0.0011 -36 -0.05 0.0011 -36.8 -0.05 0.0011
-37.6 -0.05 0.0011 -38.4 -0.05 0.0011 -39.2 -0.05 0.0011 -40
-0.05 0.0011 -40.8 -0.05 0.0011 -41.6 -0.05 0.0011 -42.4 -0.05
0.0011 -43.2 -0.05 0.0011 -44 -0.05 0.0011 -44.8 -0.05 0.0011
-45.6 -0.05 0.0011 -46.4 -0.05 0.0011 -47.2 -0.05 0.0011 -48
-0.05 0.0011 -48.8 -0.05 0.0011 -49.6 -0.05 0.0011 -50.4 -0.05
0.0011 -51.2 -0.05 0.0011 -52 -0.05 0.0011 -52.8 -0.05 0.0011
-53.6 -0.05 0.0011 -54.4 -0.05 0.0011 -55.2 -0.05 0.0011 -56
-0.05 0.0011 -56.8 -0.05 0.0011 -57.6 -0.05 0.0011 -58.4 -0.05
0.0011 -59.2 -0.05 0.0011 -60 -0.05 0.0011 -60.8 -0.05 0.0011
-61.6 -0.05 0.0011 -62.4 -0.05 0.0011 -63.2 -0.05 0.0011 -64
-0.05 0.0011 -64.8 -0.05 0.0011 -65.6 -0.05 0.0011 -66.4 -0.05
0.0011 -67.2 -0.05 0.0011 -68 -0.05 0.0011 -68.8 -0.05 0.0011
-69.6 -0.05 0.0011 -70.4 -0.05 0.0011 -71.2 -0.05 0.0011 -72
-0.05 0.0011 -72.8 -0.05 0.0011 -73.6 -0.05 0.0011 -74.4 -0.05
0.0011 -75.2 -0.05 0.0011 -76 -0.05 0.0011 -76.8 -0.05 0.0011
-77.6 -0.05 0.0011 -78.4 -0.05 0.0011 -79.2 -0.05 0.0011 -80
-0.05 0.0011 -80.8 -0.05 0.0011 -81.6 -0.05 0.0011 -82.4 -0.05
0.0011 -83.2 -0.05 0.0011 -84 -0.05 0.0011 -84.8 -0.05 0.0011
-85.6 -0.05 0.0011 -86.4 -0.05 0.0011 -87.2 -0.05 0.0011 -88
-0.05 0.0011 -88.8 -0.05 0.0011 -89.6 -0.05 0.0011 -90.4 -0.05
0.0011 -91.2 -0.05 0.0011 -92 -0.05 0.0011 -92.8 -0.05 0.0011
-93.6 -0.05 0.0011 -94.4 -0.05 0.0011 -95.2 -0.05 0.0011 -96
-0.05 0.0011 -96.8 -0.05 0.0011 -97.6 -0.05 0.0011 -98.4 -0.05
0.00110001 -99.2 -0.0499999 0.00110001 -100 -0.0499999 0.00110002 -1.001 -0.05 0.0537316
-1.6008 -0.05 0.0537316 -2.2006 -0.05 0.0537316 -2.8004 -0.05 0.0537316 -3.4002
-0.05 0.0537316 -4 -0.05 0.0537316 -4.8 -0.05 0.0537316 -5.6 -0.05
0.0537316 -6.4 -0.05 0.0537316 -7.2 -0.05 0.0537316 -8 -0.05 0.0537316
-8.8 -0.05 0.0537316 -9.6 -0.05 0.0537316 -10.4 -0.05 0.0537316 -11.2
-0.05 0.0537316 -12 -0.0499999 0.0537316 -12.8 -0.0499999 0.0537316 -13.6 -0.0499999
0.0537316 -14.4 -0.0499999 0.0537316 -15.2 -0.0499999 0.0537316 -16 -0.0499999 0.0537316
-16.8 -0.0499999 0.0537316 -17.6 -0.0499999 0.0537316 -18.4 -0.0499999 0.0537316 -19.2
-0.0499999 0.0537316 -20 -0.0499999 0.0537316 -20.8 -0.0499999 0.0537316 -21.6 -0.0499999
0.0537316 -22.4 -0.0499999 0.0537316 -23.2 -0.0499999 0.0537316 -24 -0.0499999 0.0537316
-24.8 -0.0499999 0.0537316 -25.6 -0.0499999 0.0537316 -26.4 -0.0499999 0.0537316 -27.2
-0.0499999 0.0537316 -28 -0.0499999 0.0537316 -28.8 -0.0499999 0.0537316 -29.6 -0.0499999
0.0537316 -30.4 -0.0499999 0.0537316 -31.2 -0.0499999 0.0537316 -32 -0.0499999 0.0537316
-32.8 -0.0499999 0.0537316 -33.6 -0.0499999 0.0537316 -34.4 -0.0499999 0.0537316 -35.2
-0.0499998 0.0537316 -36 -0.0499998 0.0537316 -36.8 -0.0499998 0.0537316 -37.6 -0.0499998
0.0537316 -38.4 -0.0499998 0.0537316 -39.2 -0.0499998 0.0537316 -40 -0.0499998 0.0537316
-40.8 -0.0499998 0.0537316 -41.6 -0.0499998 0.0537316 -42.4 -0.0499998 0.0537316 -43.2
-0.0499998 0.0537316 -44 -0.0499998 0.0537316 -44.8 -0.0499998 0.0537316 -45.6 -0.0499998
0.0537316 -46.4 -0.0499998 0.0537316 -47.2 -0.0499998 0.0537316 -48 -0.0499998 0.0537316
-48.8 -0.0499998 0.0537316 -49.6 -0.0499998 0.0537316 -50.4 -0.0499998 0.0537316 -51.2
-0.0499998 0.0537316 -52 -0.0499998 0.0537316 -52.8 -0.0499998 0.0537316 -53.6 -0.0499998
0.0537316 -54.4 -0.0499998 0.0537316 -55.2 -0.0499998 0.0537316 -56 -0.0499998 0.0537316
-56.8 -0.0499998 0.0537316 -57.6 -0.0499998 0.0537316 -58.4 -0.0499998 0.0537316 -59.2
-0.0499997 0.0537316 -60 -0.0499997 0.0537316 -60.8 -0.0499997 0.0537316 -61.6 -0.0499997
0.0537316 -62.4 -0.0499997 0.0537316 -63.2 -0.0499997 0.0537316 -64 -0.0499997 0.0537316
-64.8 -0.0499997 0.0537316 -65.6 -0.0499997 0.0537316 -66.4 -0.0499997 0.0537316 -67.2
-0.0499997 0.0537316 -68 -0.0499997 0.0537316 -68.8 -0.0499997 0.0537316 -69.6 -0.0499997
0.0537316 -70.4 -0.0499997 0.0537316 -71.2 -0.0499997 0.0537316 -72 -0.0499997 0.0537316
-72.8 -0.0499997 0.0537316 -73.6 -0.0499997 0.0537316 -74.4 -0.0499997 0.0537316 -75.2
-0.0499997 0.0537316 -76 -0.0499997 0.0537316 -76.8 -0.0499997 0.0537316 -77.6 -0.0499997
0.0537316 -78.4 -0.0499997 0.0537316 -79.2 -0.0499997 0.0537316 -80 -0.0499997 0.0537316
-80.8 -0.0499997 0.0537316 -81.6 -0.0499996 0.0537316 -82.4 -0.0499996 0.0537316 -83.2
-0.0499996 0.0537316 -84 -0.0499996 0.0537316 -84.8 -0.0499996 0.0537316 -85.6 -0.0499996
0.0537316 -86.4 -0.0499996 0.0537316 -87.2 -0.0499996 0.0537316 -88 -0.0499996 0.0537316
-88.8 -0.0499996 0.0537316 -89.6 -0.0499996 0.0537316 -90.4 -0.0499996 0.0537316 -91.2
-0.0499996 0.0537316 -92 -0.0499996 0.0537316 -92.8 -0.0499996 0.0537316 -93.6 -0.0499996
0.0537316 -94.4 -0.0499996 0.0537316 -95.2 -0.0499996 0.0537316 -96 -0.0499996 0.0537316
-96.8 -0.0499996 0.0537316 -97.6 -0.0499996 0.0537316 -98.4 -0.0499996 0.0537316 -99.2
-0.0499995 0.0537316 -100 -0.0499995 0.0537316 -1.001 -0.05 0.106363 -1.6008 -0.05
0.106363 -2.2006 -0.05 0.106363 -2.8004 -0.05 0.106363 -3.4002 -0.05 0.106363
-4 -0.05 0.106363 -4.8 -0.05 0.106363 -5.6 -0.05 0.106363 -6.4
-0.05 0.106363 -7.2 -0.05 0.106363 -8 -0.0499999 0.106363 -8.8 -0.0499999
0.106363 -9.6 -0.0499999 0.106363 -10.4 -0.0499999 0.106363 -11.2 -0.0499999 0.106363
-12 -0.0499999 0.106363 -12.8 -0.0499999 0.106363 -13.6 -0.0499999 0.106363 -14.4
-0.0499999 0.106363 -15.2 -0.0499999 0.106363 -16 -0.0499999 0.106363 -16.8 -0.0499999
0.106363 -17.6 -0.0499999 0.106363 -18.4 -0.0499999 0.106363 -19.2 -0.0499999 0.106363
-20 -0.0499999 0.106363 -20.8 -0.0499999 0.106363 -21.6 -0.0499998 0.106363 -22.4
-0.0499998 0.106363 -23.2 -0.0499998 0.106363 -24 -0.0499998 0.106363 -24.8 -0.0499998
0.106363 -25.6 -0.0499998 0.106363 -26.4 -0.0499998 0.106363 -27.2 -0.0499998 0.106363
-28 -0.0499998 0.106363 -28.8 -0.0499998 0.106363 -29.6 -0.0499998 0.106363 -30.4
-0.0499998 0.106363 -31.2 -0.0499998 0.106363 -32 -0.0499998 0.106363 -32.8 -0.0499998
0.106363 -33.6 -0.0499998 0.106363 -34.4 -0.0499998 0.106363 -35.2 -0.0499998 0.106363
-36 -0.0499997 0.106363 -36.8 -0.0499997 0.106363 -37.6 -0.0499997 0.106363 -38.4
-0.0499997 0.106363 -39.2 -0.0499997 0.106363 -40 -0.0499997 0.106363 -40.8 -0.0499997
0.106363 -41.6 -0.0499997 0.106363 -42.4 -0.0499997 0.106363 -43.2 -0.0499997 0.106363
-44 -0.0499997 0.106363 -44.8 -0.0499997 0.106363 -45.6 -0.0499997 0.106363 -46.4
-0.0499997 0.106363 -47.2 -0.0499997 0.106363 -48 -0.0499997 0.106363 -48.8 -0.0499997
0.106363 -49.6 -0.0499997 0.106363 -50.4 -0.0499997 0.106363 -51.2 -0.0499996 0.106363
-52 -0.0499996 0.106363 -52.8 -0.0499996 0.106363 -53.6 -0.0499996 0.106363 -54.4
-0.0499996 0.106363 -55.2 -0.0499996 0.106363 -56 -0.0499996 0.106363 -56.8 -0.0499996
0.106363 -57.6 -0.0499996 0.106363 -58.4 -0.0499996 0.106363 -59.2 -0.0499996 0.106363
-60 -0.0499996 0.106363 -60.8 -0.0499996 0.106363 -61.6 -0.0499996 0.106363 -62.4
-0.0499996 0.106363 -63.2 -0.0499996 0.106363 -64 -0.0499996 0.106363 -64.8 -0.0499995
0.106363 -65.6 -0.0499995 0.106363 -66.4 -0.0499995 0.106363 -67.2 -0.0499995 0.106363
-68 -0.0499995 0.106363 -68.8 -0.0499995 0.106363 -69.6 -0.0499995 0.106363 -70.4
-0.0499995 0.106363 -71.2 -0.0499995 0.106363 -72 -0.0499995 0.106363 -72.8 -0.0499995
0.106363 -73.6 -0.0499995 0.106363 -74.4 -0.0499995 0.106363 -75.2 -0.0499995 0.106363
-76 -0.0499995 0.106363 -76.8 -0.0499995 0.106363 -77.6 -0.0499995 0.106363 -78.4
-0.0499994 0.106363 -79.2 -0.0499994 0.106363 -80 -0.0499994 0.106363 -80.8 -0.0499994
0.106363 -81.6 -0.0499994 0.106363 -82.4 -0.0499994 0.106363 -83.2 -0.0499994 0.106363
-84 -0.0499994 0.106363 -84.8 -0.0499994 0.106363 -85.6 -0.0499994 0.106363 -86.4
-0.0499994 0.106363 -87.2 -0.0499994 0.106363 -88 -0.0499994 0.106363 -88.8 -0.0499994
0.106363 -89.6 -0.0499994 0.106363 -90.4 -0.0499994 0.106363 -91.2 -0.0499994 0.106363
-92 -0.0499993 0.106363 -92.8 -0.0499993 0.106363 -93.6 -0.0499993 0.106363 -94.4
-0.0499993 0.106363 -95.2 -0.0499993 0.106363 -96 -0.0499993 0.106363 -96.8 -0.0499993
0.106363 -97.6 -0.0499993 0.106363 -98.4 -0.0499993 0.106363 -99.2 -0.0499993 0.106363
-100 -0.0499992 0.106363 -1.001 -0.05 0.158995 -1.6008 -0.05 0.158995 -2.2006
-0.05 0.158995 -2.8004 -0.05 0.158995 -3.4002 -0.05 0.158995 -4 -0.05
0.158995 -4.8 -0.05 0.158995 -5.6 -0.05 0.158995 -6.4 -0.0499999 0.158995
-7.2 -0.0499999 0.158995 -8 -0.0499999 0.158995 -8.8 -0.0499999 0.158995 -9.6
-0.0499999 0.158995 -10.4 -0.0499999 0.158995 -11.2 -0.0499999 0.158995 -12 -0.0499999
0.158995 -12.8 -0.0499999 0.158995 -13.6 -0.0499999 0.158995 -14.4 -0.0499999 0.158995
-15.2 -0.0499999 0.158995 -16 -0.0499998 0.158995 -16.8 -0.0499998 0.158995 -17.6
-0.0499998 0.158995 -18.4 -0.0499998 0.158995 -19.2 -0.0499998 0.158995 -20 -0.0499998
0.158995 -20.8 -0.0499998 0.158995 -21.6 -0.0499998 0.158995 -22.4 -0.0499998 0.158995
-23.2 -0.0499998 0.158995 -24 -0.0499998 0.158995 -24.8 -0.0499998 0.158995 -25.6
-0.0499998 0.158995 -26.4 -0.0499997 0.158995 -27.2 -0.0499997 0.158995 -28 -0.0499997
0.158995 -28.8 -0.0499997 0.158995 -29.6 -0.0499997 0.158995 -30.4 -0.0499997 0.158995
-31.2 -0.0499997 0.158995 -32 -0.0499997 0.158995 -32.8 -0.0499997 0.158995 -33.6
-0.0499997 0.158995 -34.4 -0.0499997 0.158995 -35.2 -0.0499997 0.158995 -36 -0.0499997
0.158995 -36.8 -0.0499997 0.158995 -37.6 -0.0499996 0.158995 -38.4 -0.0499996 0.158995
-39.2 -0.0499996 0.158995 -40 -0.0499996 0.158995 -40.8 -0.0499996 0.158995 -41.6
-0.0499996 0.158995 -42.4 -0.0499996 0.158995 -43.2 -0.0499996 0.158995 -44 -0.0499996
0.158995 -44.8 -0.0499996 0.158995 -45.6 -0.0499996 0.158995 -46.4 -0.0499996 0.158995
-47.2 -0.0499996 0.158995 -48 -0.0499995 0.158995 -48.8 -0.0499995 0.158995 -49.6
-0.0499995 0.158995 -50.4 -0.0499995 0.158995 -51.2 -0.0499995 0.158995 -52 -0.0499995
0.158995 -52.8 -0.0499995 0.158995 -53.6 -0.0499995 0.158995 -54.4 -0.0499995 0.158995
-55.2 -0.0499995 0.158995 -56 -0.0499995 0.158995 -56.8 -0.0499995 0.158995 -57.6
-0.0499995 0.158995 -58.4 -0.0499995 0.158995 -59.2 -0.0499994 0.158995 -60 -0.0499994
0.158995 -60.8 -0.0499994 0.158995 -61.6 -0.0499994 0.158995 -62.4 -0.0499994 0.158995
-63.2 -0.0499994 0.158995 -64 -0.0499994 0.158995 -64.8 -0.0499994 0.158995 -65.6
-0.0499994 0.158995 -66.4 -0.0499994 0.158995 -67.2 -0.0499994 0.158995 -68 -0.0499994
0.158995 -68.8 -0.0499994 0.158995 -69.6 -0.0499993 0.158995 -70.4 -0.0499993 0.158995
-71.2 -0.0499993 0.158995 -72 -0.0499993 0.158995 -72.8 -0.0499993 0.158995 -73.6
-0.0499993 0.158995 -74.4 -0.0499993 0.158995 -75.2 -0.0499993 0.158995 -76 -0.0499993
0.158995 -76.8 -0.0499993 0.158995 -77.6 -0.0499993 0.158995 -78.4 -0.0499993 0.158995
-79.2 -0.0499992 0.158995 -80 -0.0499992 0.158995 -80.8 -0.0499992 0.158995 -81.6
-0.0499992 0.158995 -82.4 -0.0499992 0.158995 -83.2 -0.0499992 0.158995 -84 -0.0499992
0.158995 -84.8 -0.0499992 0.158995 -85.6 -0.0499992 0.158995 -86.4 -0.0499992 0.158995
-87.2 -0.0499992 0.158995 -88 -0.0499992 0.158995 -88.8 -0.0499992 0.158995 -89.6
-0.0499991 0.158995 -90.4 -0.0499991 0.158995 -91.2 -0.0499991 0.158995 -92 -0.0499991
0.158995 -92.8 -0.0499991 0.158995 -93.6 -0.0499991 0.158995 -94.4 -0.0499991 0.158995
-95.2 -0.0499991 0.158995 -96 -0.0499991 0.158995 -96.8 -0.0499991 0.158995 -97.6
-0.0499991 0.158995 -98.4 -0.049999 0.158995 -99.2 -0.049999 0.158995 -100 -0.049999
0.158995 -1.001 -0.05 0.211626 -1.6008 -0.05 0.211626 -2.2006 -0.05 0.211626
-2.8004 -0.05 0.211626 -3.4002 -0.05 0.211626 -4 -0.05 0.211626 -4.8
-0.05 0.211626 -5.6 -0.0499999 0.211626 -6.4 -0.0499999 0.211626 -7.2 -0.0499999
0.211626 -8 -0.0499999 0.211626 -8.8 -0.0499999 0.211626 -9.6 -0.0499999 0.211626
-10.4 -0.0499999 0.211626 -11.2 -0.0499999 0.211626 -12 -0.0499999 0.211626 -12.8
-0.0499998 0.211626 -13.6 -0.0499998 0.211626 -14.4 -0.0499998 0.211626 -15.2 -0.0499998
0.211626 -16 -0.0499998 0.211626 -16.8 -0.0499998 0.211626 -17.6 -0.0499998 0.211626
-18.4 -0.0499998 0.211626 -19.2 -0.0499998 0.211626 -20 -0.0499998 0.211626 -20.8
-0.0499998 0.211626 -21.6 -0.0499997 0.211626 -22.4 -0.0499997 0.211626 -23.2 -0.0499997
0.211626 -24 -0.0499997 0.211626 -24.8 -0.0499997 0.211626 -25.6 -0.0499997 0.211626
-26.4 -0.0499997 0.211626 -27.2 -0.0499997 0.211626 -28 -0.0499997 0.211626 -28.8
-0.0499997 0.211626 -29.6 -0.0499996 0.211626 -30.4 -0.0499996 0.211626 -31.2 -0.0499996
0.211626 -32 -0.0499996 0.211626 -32.8 -0.0499996 0.211626 -33.6 -0.0499996 0.211626
-34.4 -0.0499996 0.211626 -35.2 -0.0499996 0.211626 -36 -0.0499996 0.211626 -36.8
-0.0499996 0.211626 -37.6 -0.0499995 0.211626 -38.4 -0.0499995 0.211626 -39.2 -0.0499995
0.211626 -40 -0.0499995 0.211626 -40.8 -0.0499995 0.211626 -41.6 -0.0499995 0.211626
-42.4 -0.0499995 0.211626 -43.2 -0.0499995 0.211626 -44 -0.0499995 0.211626 -44.8
-0.0499995 0.211626 -45.6 -0.0499995 0.211626 -46.4 -0.0499995 0.211626 -47.2 -0.0499994
0.211626 -48 -0.0499994 0.211626 -48.8 -0.0499994 0.211626 -49.6 -0.0499994 0.211626
-50.4 -0.0499994 0.211626 -51.2 -0.0499994 0.211626 -52 -0.0499994 0.211626 -52.8
-0.0499994 0.211626 -53.6 -0.0499994 0.211626 -54.4 -0.0499994 0.211626 -55.2 -0.0499993
0.211626 -56 -0.0499993 0.211626 -56.8 -0.0499993 0.211626 -57.6 -0.0499993 0.211626
-58.4 -0.0499993 0.211626 -59.2 -0.0499993 0.211626 -60 -0.0499993 0.211626 -60.8
-0.0499993 0.211626 -61.6 -0.0499993 0.211626 -62.4 -0.0499993 0.211626 -63.2 -0.0499993
0.211626 -64 -0.0499992 0.211626 -64.8 -0.0499992 0.211626 -65.6 -0.0499992 0.211626
-66.4 -0.0499992 0.211626 -67.2 -0.0499992 0.211626 -68 -0.0499992 0.211626 -68.8
-0.0499992 0.211626 -69.6 -0.0499992 0.211626 -70.4 -0.0499992 0.211626 -71.2 -0.0499992
0.211626 -72 -0.0499991 0.211626 -72.8 -0.0499991 0.211626 -73.6 -0.0499991 0.211626
-74.4 -0.0499991 0.211626 -75.2 -0.0499991 0.211626 -76 -0.0499991 0.211626 -76.8
-0.0499991 0.211626 -77.6 -0.0499991 0.211626 -78.4 -0.0499991 0.211626 -79.2 -0.049999
0.211626 -80 -0.049999 0.211626 -80.8 -0.049999 0.211626 -81.6 -0.049999 0.211626
-82.4 -0.049999 0.211626 -83.2 -0.049999 0.211626 -84 -0.049999 0.211626 -84.8
-0.049999 0.211626 -85.6 -0.049999 0.211626 -86.4 -0.049999 0.211626 -87.2 -0.0499989
0.211626 -88 -0.0499989 0.211626 -88.8 -0.0499989 0.211626 -89.6 -0.0499989 0.211626
-90.4 -0.0499989 0.211626 -91.2 -0.0499989 0.211626 -92 -0.0499989 0.211626 -92.8
-0.0499989 0.211626 -93.6 -0.0499989 0.211626 -94.4 -0.0499989 0.211626 -95.2 -0.0499989
0.211626 -96 -0.0499989 0.211626 -96.8 -0.0499988 0.211626 -97.6 -0.0499988 0.211626
-98.4 -0.0499988 0.211626 -99.2 -0.0499988 0.211626 -100 -0.0499987 0.211626 -1.001
-0.05 0.264258 -1.6008 -0.05 0.264258 -2.2006 -0.05 0.264258 -2.8004 -0.05
0.264258 -3.4002 -0.05 0.264258 -4 -0.05 0.264258 -4.8 -0.0499999 0.264258
-5.6 -0.0499999 0.264258 -6.4 -0.0499999 0.264258 -7.2 -0.0499999 0.264258 -8
-0.0499999 0.264258 -8.8 -0.0499999 0.264258 -9.6 -0.0499999 0.264258 -10.4 -0.0499999
0.264258 -11.2 -0.0499998 0.264258 -12 -0.0499998 0.264258 -12.8 -0.0499998 0.264258
-13.6 -0.0499998 0.264258 -14.4 -0.0499998 0.264258 -15.2 -0.0499998 0.264258 -16
-0.0499998 0.264258 -16.8 -0.0499998 0.264258 -17.6 -0.0499997 0.264258 -18.4 -0.0499997
0.264258 -19.2 -0.0499997 0.264258 -20 -0.0499997 0.264258 -20.8 -0.0499997 0.264258
-21.6 -0.0499997 0.264258 -22.4 -0.0499997 0.264258 -23.2 -0.0499997 0.264258 -24
-0.0499997 0.264258 -24.8 -0.0499996 0.264258 -25.6 -0.0499996 0.264258 -26.4 -0.0499996
0.264258 -27.2 -0.0499996 0.264258 -28 -0.0499996 0.264258 -28.8 -0.0499996 0.264258
-29.6 -0.0499996 0.264258 -30.4 -0.0499996 0.264258 -31.2 -0.0499995 0.264258 -32
-0.0499995 0.264258 -32.8 -0.0499995 0.264258 -33.6 -0.0499995 0.264258 -34.4 -0.0499995
0.264258 -35.2 -0.0499995 0.264258 -36 -0.0499995 0.264258 -36.8 -0.0499995 0.264258
-37.6 -0.0499995 0.264258 -38.4 -0.0499994 0.264258 -39.2 -0.0499994 0.264258 -40
-0.0499994 0.264258 -40.8 -0.0499994 0.264258 -41.6 -0.0499994 0.264258 -42.4 -0.0499994
0.264258 -43.2 -0.0499994 0.264258 -44 -0.0499994 0.264258 -44.8 -0.0499994 0.264258
-45.6 -0.0499993 0.264258 -46.4 -0.0499993 0.264258 -47.2 -0.0499993 0.264258 -48
-0.0499993 0.264258 -48.8 -0.0499993 0.264258 -49.6 -0.0499993 0.264258 -50.4 -0.0499993
0.264258 -51.2 -0.0499993 0.264258 -52 -0.0499993 0.264258 -52.8 -0.0499992 0.264258
-53.6 -0.0499992 0.264258 -54.4 -0.0499992 0.264258 -55.2 -0.0499992 0.264258 -56
-0.0499992 0.264258 -56.8 -0.0499992 0.264258 -57.6 -0.0499992 0.264258 -58.4 -0.0499992
0.264258 -59.2 -0.0499992 0.264258 -60 -0.0499991 0.264258 -60.8 -0.0499991 0.264258
-61.6 -0.0499991 0.264258 -62.4 -0.0499991 0.264258 -63.2 -0.0499991 0.264258 -64
-0.0499991 0.264258 -64.8 -0.0499991 0.264258 -65.6 -0.0499991 0.264258 -66.4 -0.0499991
0.264258 -67.2 -0.049999 0.264258 -68 -0.049999 0.264258 -68.8 -0.049999 0.264258
-69.6 -0.049999 0.264258 -70.4 -0.049999 0.264258 -71.2 -0.049999 0.264258 -72
-0.049999 0.264258 -72.8 -0.049999 0.264258 -73.6 -0.0499989 0.264258 -74.4 -0.0499989
0.264258 -75.2 -0.0499989 0.264258 -76 -0.0499989 0.264258 -76.8 -0.0499989 0.264258
-77.6 -0.0499989 0.264258 -78.4 -0.0499989 0.264258 -79.2 -0.0499989 0.264258 -80
-0.0499988 0.264258 -80.8 -0.0499988 0.264258 -81.6 -0.0499988 0.264258 -82.4 -0.0499988
0.264258 -83.2 -0.0499988 0.264258 -84 -0.0499988 0.264258 -84.8 -0.0499988 0.264258
-85.6 -0.0499988 0.264258 -86.4 -0.0499987 0.264258 -87.2 -0.0499987 0.264258 -88
-0.0499987 0.264258 -88.8 -0.0499987 0.264258 -89.6 -0.0499987 0.264258 -90.4 -0.0499987
0.264258 -91.2 -0.0499987 0.264258 -92 -0.0499987 0.264258 -92.8 -0.0499987 0.264258
-93.6 -0.0499986 0.264258 -94.4 -0.0499986 0.264258 -95.2 -0.0499986 0.264258 -96
-0.0499986 0.264258 -96.8 -0.0499986 0.264258 -97.6 -0.0499986 0.264258 -98.4 -0.0499986
0.264258 -99.2 -0.0499985 0.264258 -100 -0.0499985 0.264258 -1.001 -0.05 0.316889
-1.6008 -0.05 0.316889 -2.2006 -0.05 0.316889 -2.8004 -0.05 0.316889 -3.4002
-0.05 0.316889 -4 -0.0499999 0.316889 -4.8 -0.0499999 0.316889 -5.6 -0.0499999
0.316889 -6.4 -0.0499999 0.316889 -7.2 -0.0499999 0.316889 -8 -0.0499999 0.316889
-8.8 -0.0499999 0.316889 -9.6 -0.0499998 0.316889 -10.4 -0.0499998 0.316889 -11.2
-0.0499998 0.316889 -12 -0.0499998 0.316889 -12.8 -0.0499998 0.316889 -13.6 -0.0499998
0.316889 -14.4 -0.0499998 0.316889 -15.2 -0.0499997 0.316889 -16 -0.0499997 0.316889
-16.8 -0.0499997 0.316889 -17.6 -0.0499997 0.316889 -18.4 -0.0499997 0.316889 -19.2
-0.0499997 0.316889 -20 -0.0499997 0.316889 -20.8 -0.0499996 0.316889 -21.6 -0.0499996
0.316889 -22.4 -0.0499996 0.316889 -23.2 -0.0499996 0.316889 -24 -0.0499996 0.316889
-24.8 -0.0499996 0.316889 -25.6 -0.0499996 0.316889 -26.4 -0.0499995 0.316889 -27.2
-0.0499995 0.316889 -28 -0.0499995 0.316889 -28.8 -0.0499995 0.316889 -29.6 -0.0499995
0.316889 -30.4 -0.0499995 0.316889 -31.2 -0.0499995 0.316889 -32 -0.0499995 0.316889
-32.8 -0.0499994 0.316889 -33.6 -0.0499994 0.316889 -34.4 -0.0499994 0.316889 -35.2
-0.0499994 0.316889 -36 -0.0499994 0.316889 -36.8 -0.0499994 0.316889 -37.6 -0.0499994
0.316889 -38.4 -0.0499994 0.316889 -39.2 -0.0499993 0.316889 -40 -0.0499993 0.316889
-40.8 -0.0499993 0.316889 -41.6 -0.0499993 0.316889 -42.4 -0.0499993 0.316889 -43.2
-0.0499993 0.31689 -44 -0.0499993 0.31689 -44.8 -0.0499993 0.31689 -45.6 -0.0499992
0.31689 -46.4 -0.0499992 0.31689 -47.2 -0.0499992 0.31689 -48 -0.0499992 0.31689
-48.8 -0.0499992 0.31689 -49.6 -0.0499992 0.31689 -50.4 -0.0499992 0.31689 -51.2
-0.0499991 0.31689 -52 -0.0499991 0.31689 -52.8 -0.0499991 0.31689 -53.6 -0.0499991
0.31689 -54.4 -0.0499991 0.31689 -55.2 -0.0499991 0.31689 -56 -0.0499991 0.31689
-56.8 -0.0499991 0.31689 -57.6 -0.049999 0.31689 -58.4 -0.049999 0.31689 -59.2
-0.049999 0.31689 -60 -0.049999 0.31689 -60.8 -0.049999 0.31689 -61.6 -0.049999
0.31689 -62.4 -0.049999 0.31689 -63.2 -0.0499989 0.31689 -64 -0.0499989 0.31689
-64.8 -0.0499989 0.31689 -65.6 -0.0499989 0.31689 -66.4 -0.0499989 0.31689 -67.2
-0.0499989 0.31689 -68 -0.0499989 0.31689 -68.8 -0.0499988 0.31689 -69.6 -0.0499988
0.31689 -70.4 -0.0499988 0.31689 -71.2 -0.0499988 0.31689 -72 -0.0499988 0.31689
-72.8 -0.0499988 0.31689 -73.6 -0.0499988 0.31689 -74.4 -0.0499987 0.31689 -75.2
-0.0499987 0.31689 -76 -0.0499987 0.31689 -76.8 -0.0499987 0.31689 -77.6 -0.0499987
0.31689 -78.4 -0.0499987 0.31689 -79.2 -0.0499987 0.31689 -80 -0.0499986 0.31689
-80.8 -0.0499986 0.31689 -81.6 -0.0499986 0.31689 -82.4 -0.0499986 0.31689 -83.2
-0.0499986 0.31689 -84 -0.0499986 0.31689 -84.8 -0.0499986 0.31689 -85.6 -0.0499985
0.31689 -86.4 -0.0499985 0.31689 -87.2 -0.0499985 0.31689 -88 -0.0499985 0.31689
-88.8 -0.0499985 0.31689 -89.6 -0.0499985 0.31689 -90.4 -0.0499985 0.31689 -91.2
-0.0499985 0.31689 -92 -0.0499984 0.31689 -92.8 -0.0499984 0.31689 -93.6 -0.0499984
0.31689 -94.4 -0.0499984 0.31689 -95.2 -0.0499984 0.31689 -96 -0.0499984 0.31689
-96.8 -0.0499984 0.31689 -97.6 -0.0499984 0.31689 -98.4 -0.0499983 0.31689 -99.2
-0.0499983 0.31689 -100 -0.0499982 0.31689 -1.001 -0.05 0.369521 -1.6008 -0.05
0.369521 -2.2006 -0.05 0.369521 -2.8004 -0.05 0.369521 -3.4002 -0.0499999 0.369521
-4 -0.0499999 0.369521 -4.8 -0.0499999 0.369521 -5.6 -0.0499999 0.369521 -6.4
-0.0499999 0.369521 -7.2 -0.0499999 0.369521 -8 -0.0499999 0.369521 -8.8 -0.0499998
0.369521 -9.6 -0.0499998 0.369521 -10.4 -0.0499998 0.369521 -11.2 -0.0499998 0.369521
-12 -0.0499998 0.369521 -12.8 -0.0499998 0.369521 -13.6 -0.0499997 0.369521 -14.4
-0.0499997 0.369521 -15.2 -0.0499997 0.369521 -16 -0.0499997 0.369521 -16.8 -0.0499997
0.369521 -17.6 -0.0499997 0.369521 -18.4 -0.0499996 0.369521 -19.2 -0.0499996 0.369521
-20 -0.0499996 0.369521 -20.8 -0.0499996 0.369521 -21.6 -0.0499996 0.369521 -22.4
-0.0499996 0.369521 -23.2 -0.0499995 0.369521 -24 -0.0499995 0.369521 -24.8 -0.0499995
0.369521 -25.6 -0.0499995 0.369521 -26.4 -0.0499995 0.369521 -27.2 -0.0499995 0.369521
-28 -0.0499995 0.369521 -28.8 -0.0499994 0.369521 -29.6 -0.0499994 0.369521 -30.4
-0.0499994 0.369521 -31.2 -0.0499994 0.369521 -32 -0.0499994 0.369521 -32.8 -0.0499994
0.369521 -33.6 -0.0499993 0.369521 -34.4 -0.0499993 0.369521 -35.2 -0.0499993 0.369521
-36 -0.0499993 0.369521 -36.8 -0.0499993 0.369521 -37.6 -0.0499993 0.369521 -38.4
-0.0499993 0.369521 -39.2 -0.0499992 0.369521 -40 -0.0499992 0.369521 -40.8 -0.0499992
0.369521 -41.6 -0.0499992 0.369521 -42.4 -0.0499992 0.369521 -43.2 -0.0499992 0.369521
-44 -0.0499992 0.369521 -44.8 -0.0499991 0.369521 -45.6 -0.0499991 0.369521 -46.4
-0.0499991 0.369521 -47.2 -0.0499991 0.369521 -48 -0.0499991 0.369521 -48.8 -0.0499991
0.369521 -49.6 -0.0499991 0.369521 -50.4 -0.049999 0.369521 -51.2 -0.049999 0.369521
-52 -0.049999 0.369521 -52.8 -0.049999 0.369521 -53.6 -0.049999 0.369521 -54.4
-0.049999 0.369521 -55.2 -0.0499989 0.369521 -56 -0.0499989 0.369521 -56.8 -0.0499989
0.369521 -57.6 -0.0499989 0.369521 -58.4 -0.0499989 0.369521 -59.2 -0.0499989 0.369521
-60 -0.0499989 0.369521 -60.8 -0.0499988 0.369521 -61.6 -0.0499988 0.369521 -62.4
-0.0499988 0.369521 -63.2 -0.0499988 0.369521 -64 -0.0499988 0.369521 -64.8 -0.0499988
0.369521 -65.6 -0.0499987 0.369521 -66.4 -0.0499987 0.369521 -67.2 -0.0499987 0.369521
-68 -0.0499987 0.369521 -68.8 -0.0499987 0.369521 -69.6 -0.0499987 0.369521 -70.4
-0.0499986 0.369521 -71.2 -0.0499986 0.369521 -72 -0.0499986 0.369521 -72.8 -0.0499986
0.369521 -73.6 -0.0499986 0.369521 -74.4 -0.0499986 0.369521 -75.2 -0.0499985 0.369521
-76 -0.0499985 0.369521 -76.8 -0.0499985 0.369521 -77.6 -0.0499985 0.369521 -78.4
-0.0499985 0.369521 -79.2 -0.0499985 0.369521 -80 -0.0499984 0.369521 -80.8 -0.0499984
0.369521 -81.6 -0.0499984 0.369521 -82.4 -0.0499984 0.369521 -83.2 -0.0499984 0.369521
-84 -0.0499984 0.369521 -84.8 -0.0499984 0.369521 -85.6 -0.0499983 0.369521 -86.4
-0.0499983 0.369521 -87.2 -0.0499983 0.369521 -88 -0.0499983 0.369521 -88.8 -0.0499983
0.369521 -89.6 -0.0499983 0.369521 -90.4 -0.0499982 0.369521 -91.2 -0.0499982 0.369521
-92 -0.0499982 0.369521 -92.8 -0.0499982 0.369521 -93.6 -0.0499982 0.369521 -94.4
-0.0499982 0.369521 -95.2 -0.0499982 0.369521 -96 -0.0499982 0.369521 -96.8 -0.0499981
0.369521 -97.6 -0.0499981 0.369521 -98.4 -0.0499981 0.369521 -99.2 -0.0499981 0.369521
-100 -0.049998 0.369521 -1.001 -0.05 0.422153 -1.6008 -0.05 0.422153 -2.2006
-0.05 0.422153 -2.8004 -0.05 0.422153 -3.4002 -0.0499999 0.422153 -4 -0.0499999
0.422153 -4.8 -0.0499999 0.422153 -5.6 -0.0499999 0.422153 -6.4 -0.0499999 0.422153
-7.2 -0.0499999 0.422153 -8 -0.0499998 0.422153 -8.8 -0.0499998 0.422153 -9.6
-0.0499998 0.422153 -10.4 -0.0499998 0.422153 -11.2 -0.0499998 0.422153 -12 -0.0499997
0.422153 -12.8 -0.0499997 0.422153 -13.6 -0.0499997 0.422153 -14.4 -0.0499997 0.422153
-15.2 -0.0499997 0.422153 -16 -0.0499997 0.422153 -16.8 -0.0499996 0.422153 -17.6
-0.0499996 0.422153 -18.4 -0.0499996 0.422153 -19.2 -0.0499996 0.422153 -20 -0.0499996
0.422153 -20.8 -0.0499995 0.422153 -21.6 -0.0499995 0.422153 -22.4 -0.0499995 0.422153
-23.2 -0.0499995 0.422153 -24 -0.0499995 0.422153 -24.8 -0.0499995 0.422153 -25.6
-0.0499994 0.422153 -26.4 -0.0499994 0.422153 -27.2 -0.0499994 0.422153 -28 -0.0499994
0.422153 -28.8 -0.0499994 0.422153 -29.6 -0.0499993 0.422153 -30.4 -0.0499993 0.422153
-31.2 -0.0499993 0.422153 -32 -0.0499993 0.422153 -32.8 -0.0499993 0.422153 -33.6
-0.0499993 0.422153 -34.4 -0.0499992 0.422153 -35.2 -0.0499992 0.422153 -36 -0.0499992
0.422153 -36.8 -0.0499992 0.422153 -37.6 -0.0499992 0.422153 -38.4 -0.0499992 0.422153
-39.2 -0.0499991 0.422153 -40 -0.0499991 0.422153 -40.8 -0.0499991 0.422153 -41.6
-0.0499991 0.422153 -42.4 -0.0499991 0.422153 -43.2 -0.0499991 0.422153 -44 -0.049999
0.422153 -44.8 -0.049999 0.422153 -45.6 -0.049999 0.422153 -46.4 -0.049999 0.422153
-47.2 -0.049999 0.422153 -48 -0.049999 0.422153 -48.8 -0.049999 0.422153 -49.6
-0.0499989 0.422153 -50.4 -0.0499989 0.422153 -51.2 -0.0499989 0.422153 -52 -0.0499989
0.422153 -52.8 -0.0499989 0.422153 -53.6 -0.0499988 0.422153 -54.4 -0.0499988 0.422153
-55.2 -0.0499988 0.422153 -56 -0.0499988 0.422153 -56.8 -0.0499988 0.422153 -57.6
-0.0499988 0.422153 -58.4 -0.0499987 0.422153 -59.2 -0.0499987 0.422153 -60 -0.0499987
0.422153 -60.8 -0.0499987 0.422153 -61.6 -0.0499987 0.422153 -62.4 -0.0499987 0.422153
-63.2 -0.0499986 0.422153 -64 -0.0499986 0.422153 -64.8 -0.0499986 0.422153 -65.6
-0.0499986 0.422153 -66.4 -0.0499986 0.422153 -67.2 -0.0499985 0.422153 -68 -0.0499985
0.422153 -68.8 -0.0499985 0.422153 -69.6 -0.0499985 0.422153 -70.4 -0.0499985 0.422153
-71.2 -0.0499985 0.422153 -72 -0.0499984 0.422153 -72.8 -0.0499984 0.422153 -73.6
-0.0499984 0.422153 -74.4 -0.0499984 0.422153 -75.2 -0.0499984 0.422153 -76 -0.0499983
0.422153 -76.8 -0.0499983 0.422153 -77.6 -0.0499983 0.422153 -78.4 -0.0499983 0.422153
-79.2 -0.0499983 0.422153 -80 -0.0499982 0.422153 -80.8 -0.0499982 0.422153 -81.6
-0.0499982 0.422153 -82.4 -0.0499982 0.422153 -83.2 -0.0499982 0.422153 -84 -0.0499982
0.422153 -84.8 -0.0499981 0.422153 -85.6 -0.0499981 0.422153 -86.4 -0.0499981 0.422153
-87.2 -0.0499981 0.422153 -88 -0.0499981 0.422153 -88.8 -0.0499981 0.422153 -89.6
-0.049998 0.422153 -90.4 -0.049998 0.422153 -91.2 -0.049998 0.422153 -92 -0.049998
0.422153 -92.8 -0.049998 0.422153 -93.6 -0.049998 0.422153 -94.4 -0.0499979 0.422153
-95.2 -0.0499979 0.422153 -96 -0.0499979 0.422153 -96.8 -0.0499979 0.422153 -97.6
-0.0499979 0.422153 -98.4 -0.0499979 0.422153 -99.2 -0.0499978 0.422153 -100 -0.0499978
0.422153 -1.001 -0.05 0.474784 -1.6008 -0.05 0.474784 -2.2006 -0.05 0.474784
-2.8004 -0.05 0.474784 -3.4002 -0.0499999 0.474784 -4 -0.0499999 0.474784 -4.8
-0.0499999 0.474784 -5.6 -0.0499999 0.474784 -6.4 -0.0499999 0.474784 -7.2 -0.0499998
0.474784 -8 -0.0499998 0.474784 -8.8 -0.0499998 0.474784 -9.6 -0.0499998 0.474784
-10.4 -0.0499998 0.474784 -11.2 -0.0499997 0.474784 -12 -0.0499997 0.474784 -12.8
-0.0499997 0.474784 -13.6 -0.0499997 0.474784 -14.4 -0.0499997 0.474784 -15.2 -0.0499996
0.474784 -16 -0.0499996 0.474784 -16.8 -0.0499996 0.474784 -17.6 -0.0499996 0.474784
-18.4 -0.0499995 0.474784 -19.2 -0.0499995 0.474784 -20 -0.0499995 0.474784 -20.8
-0.0499995 0.474784 -21.6 -0.0499995 0.474784 -22.4 -0.0499994 0.474784 -23.2 -0.0499994
0.474784 -24 -0.0499994 0.474784 -24.8 -0.0499994 0.474784 -25.6 -0.0499994 0.474784
-26.4 -0.0499994 0.474784 -27.2 -0.0499993 0.474784 -28 -0.0499993 0.474784 -28.8
-0.0499993 0.474784 -29.6 -0.0499993 0.474784 -30.4 -0.0499993 0.474784 -31.2 -0.0499992
0.474784 -32 -0.0499992 0.474784 -32.8 -0.0499992 0.474784 -33.6 -0.0499992 0.474784
-34.4 -0.0499992 0.474784 -35.2 -0.0499991 0.474784 -36 -0.0499991 0.474784 -36.8
-0.0499991 0.474784 -37.6 -0.0499991 0.474784 -38.4 -0.0499991 0.474784 -39.2 -0.0499991
0.474784 -40 -0.049999 0.474784 -40.8 -0.049999 0.474784 -41.6 -0.049999 0.474784
-42.4 -0.049999 0.474784 -43.2 -0.049999 0.474784 -44 -0.0499989 0.474784 -44.8
-0.0499989 0.474784 -45.6 -0.0499989 0.474784 -46.4 -0.0499989 0.474784 -47.2 -0.0499989
0.474784 -48 -0.0499988 0.474784 -48.8 -0.0499988 0.474784 -49.6 -0.0499988 0.474784
-50.4 -0.0499988 0.474784 -51.2 -0.0499988 0.474784 -52 -0.0499988 0.474784 -52.8
-0.0499987 0.474784 -53.6 -0.0499987 0.474784 -54.4 -0.0499987 0.474784 -55.2 -0.0499987
0.474784 -56 -0.0499987 0.474784 -56.8 -0.0499986 0.474784 -57.6 -0.0499986 0.474784
-58.4 -0.0499986 0.474784 -59.2 -0.0499986 0.474784 -60 -0.0499986 0.474784 -60.8
-0.0499985 0.474784 -61.6 -0.0499985 0.474784 -62.4 -0.0499985 0.474784 -63.2 -0.0499985
0.474784 -64 -0.0499985 0.474784 -64.8 -0.0499984 0.474784 -65.6 -0.0499984 0.474784
-66.4 -0.0499984 0.474784 -67.2 -0.0499984 0.474784 -68 -0.0499984 0.474784 -68.8
-0.0499983 0.474784 -69.6 -0.0499983 0.474784 -70.4 -0.0499983 0.474784 -71.2 -0.0499983
0.474784 -72 -0.0499983 0.474784 -72.8 -0.0499982 0.474784 -73.6 -0.0499982 0.474784
-74.4 -0.0499982 0.474784 -75.2 -0.0499982 0.474784 -76 -0.0499982 0.474784 -76.8
-0.0499981 0.474784 -77.6 -0.0499981 0.474784 -78.4 -0.0499981 0.474784 -79.2 -0.0499981
0.474784 -80 -0.0499981 0.474784 -80.8 -0.049998 0.474784 -81.6 -0.049998 0.474784
-82.4 -0.049998 0.474784 -83.2 -0.049998 0.474784 -84 -0.049998 0.474784 -84.8
-0.0499979 0.474784 -85.6 -0.0499979 0.474784 -86.4 -0.0499979 0.474784 -87.2 -0.0499979
0.474784 -88 -0.0499979 0.474784 -88.8 -0.0499978 0.474784 -89.6 -0.0499978 0.474784
-90.4 -0.0499978 0.474784 -91.2 -0.0499978 0.474784 -92 -0.0499978 0.474784 -92.8
-0.0499977 0.474784 -93.6 -0.0499977 0.474784 -94.4 -0.0499977 0.474784 -95.2 -0.0499977
0.474784 -96 -0.0499977 0.474784 -96.8 -0.0499977 0.474784 -97.6 -0.0499976 0.474784
-98.4 -0.0499976 0.474784 -99.2 -0.0499976 0.474784 -100 -0.0499975 0.474784 -1.001
-0.05 0.527416 -1.6008 -0.05 0.527416 -2.2006 -0.05 0.527416 -2.8004 -0.0499999
0.527416 -3.4002 -0.0499999 0.527416 -4 -0.0499999 0.527416 -4.8 -0.0499999 0.527416
-5.6 -0.0499999 0.527416 -6.4 -0.0499998 0.527416 -7.2 -0.0499998 0.527416 -8
-0.0499998 0.527416 -8.8 -0.0499998 0.527416 -9.6 -0.0499998 0.527416 -10.4 -0.0499997
0.527416 -11.2 -0.0499997 0.527416 -12 -0.0499997 0.527416 -12.8 -0.0499997 0.527416
-13.6 -0.0499996 0.527416 -14.4 -0.0499996 0.527416 -15.2 -0.0499996 0.527416 -16
-0.0499996 0.527416 -16.8 -0.0499995 0.527416 -17.6 -0.0499995 0.527416 -18.4 -0.0499995
0.527416 -19.2 -0.0499995 0.527416 -20 -0.0499995 0.527416 -20.8 -0.0499994 0.527416
-21.6 -0.0499994 0.527416 -22.4 -0.0499994 0.527416 -23.2 -0.0499994 0.527416 -24
-0.0499993 0.527416 -24.8 -0.0499993 0.527416 -25.6 -0.0499993 0.527416 -26.4 -0.0499993
0.527416 -27.2 -0.0499993 0.527416 -28 -0.0499992 0.527416 -28.8 -0.0499992 0.527416
-29.6 -0.0499992 0.527416 -30.4 -0.0499992 0.527416 -31.2 -0.0499992 0.527416 -32
-0.0499991 0.527416 -32.8 -0.0499991 0.527416 -33.6 -0.0499991 0.527416 -34.4 -0.0499991
0.527416 -35.2 -0.0499991 0.527416 -36 -0.049999 0.527416 -36.8 -0.049999 0.527416
-37.6 -0.049999 0.527416 -38.4 -0.049999 0.527416 -39.2 -0.049999 0.527416 -40
-0.0499989 0.527416 -40.8 -0.0499989 0.527416 -41.6 -0.0499989 0.527416 -42.4 -0.0499989
0.527416 -43.2 -0.0499989 0.527416 -44 -0.0499988 0.527416 -44.8 -0.0499988 0.527416
-45.6 -0.0499988 0.527416 -46.4 -0.0499988 0.527416 -47.2 -0.0499987 0.527416 -48
-0.0499987 0.527416 -48.8 -0.0499987 0.527416 -49.6 -0.0499987 0.527416 -50.4 -0.0499987
0.527416 -51.2 -0.0499986 0.527416 -52 -0.0499986 0.527416 -52.8 -0.0499986 0.527416
-53.6 -0.0499986 0.527416 -54.4 -0.0499986 0.527416 -55.2 -0.0499985 0.527416 -56
-0.0499985 0.527416 -56.8 -0.0499985 0.527416 -57.6 -0.0499985 0.527416 -58.4 -0.0499985
0.527416 -59.2 -0.0499984 0.527416 -60 -0.0499984 0.527416 -60.8 -0.0499984 0.527416
-61.6 -0.0499984 0.527416 -62.4 -0.0499984 0.527416 -63.2 -0.0499983 0.527416 -64
-0.0499983 0.527416 -64.8 -0.0499983 0.527416 -65.6 -0.0499983 0.527416 -66.4 -0.0499982
0.527416 -67.2 -0.0499982 0.527416 -68 -0.0499982 0.527416 -68.8 -0.0499982 0.527416
-69.6 -0.0499982 0.527416 -70.4 -0.0499981 0.527416 -71.2 -0.0499981 0.527416 -72
-0.0499981 0.527416 -72.8 -0.0499981 0.527416 -73.6 -0.049998 0.527416 -74.4 -0.049998
0.527416 -75.2 -0.049998 0.527416 -76 -0.049998 0.527416 -76.8 -0.049998 0.527416
-77.6 -0.0499979 0.527416 -78.4 -0.0499979 0.527416 -79.2 -0.0499979 0.527416 -80
-0.0499979 0.527416 -80.8 -0.0499978 0.527416 -81.6 -0.0499978 0.527416 -82.4 -0.0499978
0.527416 -83.2 -0.0499978 0.527416 -84 -0.0499977 0.527416 -84.8 -0.0499977 0.527416
-85.6 -0.0499977 0.527416 -86.4 -0.0499977 0.527416 -87.2 -0.0499977 0.527416 -88
-0.0499976 0.527416 -88.8 -0.0499976 0.527416 -89.6 -0.0499976 0.527416 -90.4 -0.0499976
0.527416 -91.2 -0.0499976 0.527416 -92 -0.0499975 0.527416 -92.8 -0.0499975 0.527416
-93.6 -0.0499975 0.527416 -94.4 -0.0499975 0.527416 -95.2 -0.0499975 0.527416 -96
-0.0499974 0.527416 -96.8 -0.0499974 0.527416 -97.6 -0.0499974 0.527416 -98.4 -0.0499974
0.527416 -99.2 -0.0499973 0.527416 -100 -0.0499973 0.527416 -1.001 -0.05 0.580047
-1.6008 -0.05 0.580047 -2.2006 -0.05 0.580047 -2.8004 -0.0499999 0.580047 -3.4002
-0.0499999 0.580047 -4 -0.0499999 0.580047 -4.8 -0.0499999 0.580047 -5.6 -0.0499999
0.580047 -6.4 -0.0499998 0.580047 -7.2 -0.0499998 0.580047 -8 -0.0499998 0.580047
-8.8 -0.0499998 0.580047 -9.6 -0.0499997 0.580047 -10.4 -0.0499997 0.580047 -11.2
-0.0499997 0.580047 -12 -0.0499997 0.580047 -12.8 -0.0499996 0.580047 -13.6 -0.0499996
0.580047 -14.4 -0.0499996 0.580047 -15.2 -0.0499996 0.580047 -16 -0.0499995 0.580047
-16.8 -0.0499995 0.580047 -17.6 -0.0499995 0.580047 -18.4 -0.0499995 0.580047 -19.2
-0.0499994 0.580047 -20 -0.0499994 0.580047 -20.8 -0.0499994 0.580047 -21.6 -0.0499994
0.580047 -22.4 -0.0499993 0.580047 -23.2 -0.0499993 0.580047 -24 -0.0499993 0.580047
-24.8 -0.0499993 0.580047 -25.6 -0.0499992 0.580047 -26.4 -0.0499992 0.580047 -27.2
-0.0499992 0.580047 -28 -0.0499992 0.580047 -28.8 -0.0499992 0.580047 -29.6 -0.0499991
0.580047 -30.4 -0.0499991 0.580047 -31.2 -0.0499991 0.580047 -32 -0.0499991 0.580047
-32.8 -0.049999 0.580047 -33.6 -0.049999 0.580047 -34.4 -0.049999 0.580047 -35.2
-0.049999 0.580047 -36 -0.0499989 0.580047 -36.8 -0.0499989 0.580047 -37.6 -0.0499989
0.580047 -38.4 -0.0499989 0.580047 -39.2 -0.0499989 0.580047 -40 -0.0499988 0.580047
-40.8 -0.0499988 0.580047 -41.6 -0.0499988 0.580047 -42.4 -0.0499988 0.580047 -43.2
-0.0499987 0.580047 -44 -0.0499987 0.580047 -44.8 -0.0499987 0.580047 -45.6 -0.0499987
0.580047 -46.4 -0.0499987 0.580047 -47.2 -0.0499986 0.580047 -48 -0.0499986 0.580047
-48.8 -0.0499986 0.580047 -49.6 -0.0499986 0.580047 -50.4 -0.0499985 0.580047 -51.2
-0.0499985 0.580047 -52 -0.0499985 0.580047 -52.8 -0.0499985 0.580047 -53.6 -0.0499985
0.580047 -54.4 -0.0499984 0.580047 -55.2 -0.0499984 0.580047 -56 -0.0499984 0.580047
-56.8 -0.0499984 0.580047 -57.6 -0.0499983 0.580047 -58.4 -0.0499983 0.580047 -59.2
-0.0499983 0.580047 -60 -0.0499983 0.580047 -60.8 -0.0499982 0.580047 -61.6 -0.0499982
0.580047 -62.4 -0.0499982 0.580047 -63.2 -0.0499982 0.580047 -64 -0.0499981 0.580047
-64.8 -0.0499981 0.580047 -65.6 -0.0499981 0.580047 -66.4 -0.0499981 0.580047 -67.2
-0.0499981 0.580047 -68 -0.049998 0.580047 -68.8 -0.049998 0.580047 -69.6 -0.049998
0.580047 -70.4 -0.049998 0.580047 -71.2 -0.0499979 0.580047 -72 -0.0499979 0.580047
-72.8 -0.0499979 0.580047 -73.6 -0.0499979 0.580047 -74.4 -0.0499978 0.580047 -75.2
-0.0499978 0.580047 -76 -0.0499978 0.580047 -76.8 -0.0499978 0.580047 -77.6 -0.0499977
0.580047 -78.4 -0.0499977 0.580047 -79.2 -0.0499977 0.580047 -80 -0.0499977 0.580047
-80.8 -0.0499976 0.580047 -81.6 -0.0499976 0.580047 -82.4 -0.0499976 0.580047 -83.2
-0.0499976 0.580047 -84 -0.0499975 0.580047 -84.8 -0.0499975 0.580047 -85.6 -0.0499975
0.580047 -86.4 -0.0499975 0.580047 -87.2 -0.0499974 0.580047 -88 -0.0499974 0.580047
-88.8 -0.0499974 0.580047 -89.6 -0.0499974 0.580047 -90.4 -0.0499974 0.580047 -91.2
-0.0499973 0.580047 -92 -0.0499973 0.580047 -92.8 -0.0499973 0.580047 -93.6 -0.0499973
0.580047 -94.4 -0.0499973 0.580047 -95.2 -0.0499972 0.580047 -96 -0.0499972 0.580047
-96.8 -0.0499972 0.580047 -97.6 -0.0499972 0.580047 -98.4 -0.0499971 0.580047 -99.2
-0.0499971 0.580048 -100 -0.049997 0.580048 -1.001 -0.05 0.632679 -1.6008 -0.05
0.632679 -2.2006 -0.05 0.632679 -2.8004 -0.0499999 0.632679 -3.4002 -0.0499999 0.632679
-4 -0.0499999 0.632679 -4.8 -0.0499999 0.632679 -5.6 -0.0499998 0.632679 -6.4
-0.0499998 0.632679 -7.2 -0.0499998 0.632679 -8 -0.0499998 0.632679 -8.8 -0.0499997
0.632679 -9.6 -0.0499997 0.632679 -10.4 -0.0499997 0.632679 -11.2 -0.0499997 0.632679
-12 -0.0499996 0.632679 -12.8 -0.0499996 0.632679 -13.6 -0.0499996 0.632679 -14.4
-0.0499995 0.632679 -15.2 -0.0499995 0.632679 -16 -0.0499995 0.632679 -16.8 -0.0499995
0.632679 -17.6 -0.0499994 0.632679 -18.4 -0.0499994 0.632679 -19.2 -0.0499994 0.632679
-20 -0.0499994 0.632679 -20.8 -0.0499993 0.632679 -21.6 -0.0499993 0.632679 -22.4
-0.0499993 0.632679 -23.2 -0.0499993 0.632679 -24 -0.0499992 0.632679 -24.8 -0.0499992
0.632679 -25.6 -0.0499992 0.632679 -26.4 -0.0499992 0.632679 -27.2 -0.0499991 0.632679
-28 -0.0499991 0.632679 -28.8 -0.0499991 0.632679 -29.6 -0.0499991 0.632679 -30.4
-0.049999 0.632679 -31.2 -0.049999 0.632679 -32 -0.049999 0.632679 -32.8 -0.049999
0.632679 -33.6 -0.0499989 0.632679 -34.4 -0.0499989 0.632679 -35.2 -0.0499989 0.632679
-36 -0.0499989 0.632679 -36.8 -0.0499988 0.632679 -37.6 -0.0499988 0.632679 -38.4
-0.0499988 0.632679 -39.2 -0.0499988 0.632679 -40 -0.0499987 0.632679 -40.8 -0.0499987
0.632679 -41.6 -0.0499987 0.632679 -42.4 -0.0499987 0.632679 -43.2 -0.0499986 0.632679
-44 -0.0499986 0.632679 -44.8 -0.0499986 0.632679 -45.6 -0.0499986 0.632679 -46.4
-0.0499985 0.632679 -47.2 -0.0499985 0.632679 -48 -0.0499985 0.632679 -48.8 -0.0499985
0.632679 -49.6 -0.0499984 0.632679 -50.4 -0.0499984 0.632679 -51.2 -0.0499984 0.632679
-52 -0.0499984 0.632679 -52.8 -0.0499984 0.632679 -53.6 -0.0499983 0.632679 -54.4
-0.0499983 0.632679 -55.2 -0.0499983 0.632679 -56 -0.0499982 0.632679 -56.8 -0.0499982
0.632679 -57.6 -0.0499982 0.632679 -58.4 -0.0499982 0.632679 -59.2 -0.0499981 0.632679
-60 -0.0499981 0.632679 -60.8 -0.0499981 0.632679 -61.6 -0.0499981 0.632679 -62.4
-0.049998 0.632679 -63.2 -0.049998 0.632679 -64 -0.049998 0.632679 -64.8 -0.049998
0.632679 -65.6 -0.0499979 0.632679 -66.4 -0.0499979 0.632679 -67.2 -0.0499979 0.632679
-68 -0.0499979 0.632679 -68.8 -0.0499978 0.632679 -69.6 -0.0499978 0.632679 -70.4
-0.0499978 0.632679 -71.2 -0.0499978 0.632679 -72 -0.0499977 0.632679 -72.8 -0.0499977
0.632679 -73.6 -0.0499977 0.632679 -74.4 -0.0499977 0.632679 -75.2 -0.0499976 0.632679
-76 -0.0499976 0.632679 -76.8 -0.0499976 0.632679 -77.6 -0.0499975 0.632679 -78.4
-0.0499975 0.632679 -79.2 -0.0499975 0.632679 -80 -0.0499975 0.632679 -80.8 -0.0499974
0.632679 -81.6 -0.0499974 0.632679 -82.4 -0.0499974 0.632679 -83.2 -0.0499974 0.632679
-84 -0.0499973 0.632679 -84.8 -0.0499973 0.632679 -85.6 -0.0499973 0.632679 -86.4
-0.0499973 0.632679 -87.2 -0.0499972 0.632679 -88 -0.0499972 0.632679 -88.8 -0.0499972
0.632679 -89.6 -0.0499972 0.632679 -90.4 -0.0499971 0.632679 -91.2 -0.0499971 0.632679
-92 -0.0499971 0.632679 -92.8 -0.0499971 0.632679 -93.6 -0.049997 0.632679 -94.4
-0.049997 0.632679 -95.2 -0.049997 0.632679 -96 -0.049997 0.632679 -96.8 -0.049997
0.632679 -97.6 -0.0499969 0.632679 -98.4 -0.0499969 0.632679 -99.2 -0.0499969 0.632679
-100 -0.0499968 0.632679 -1.001 -0.05 0.685311 -1.6008 -0.05 0.685311 -2.2006
-0.05 0.685311 -2.8004 -0.0499999 0.685311 -3.4002 -0.0499999 0.685311 -4 -0.0499999
0.685311 -4.8 -0.0499999 0.685311 -5.6 -0.0499998 0.685311 -6.4 -0.0499998 0.685311
-7.2 -0.0499998 0.685311 -8 -0.0499997 0.685311 -8.8 -0.0499997 0.685311 -9.6
-0.0499997 0.685311 -10.4 -0.0499997 0.685311 -11.2 -0.0499996 0.685311 -12 -0.0499996
0.685311 -12.8 -0.0499996 0.685311 -13.6 -0.0499995 0.685311 -14.4 -0.0499995 0.685311
-15.2 -0.0499995 0.685311 -16 -0.0499994 0.685311 -16.8 -0.0499994 0.685311 -17.6
-0.0499994 0.685311 -18.4 -0.0499994 0.685311 -19.2 -0.0499993 0.685311 -20 -0.0499993
0.685311 -20.8 -0.0499993 0.685311 -21.6 -0.0499993 0.685311 -22.4 -0.0499992 0.685311
-23.2 -0.0499992 0.685311 -24 -0.0499992 0.685311 -24.8 -0.0499991 0.685311 -25.6
-0.0499991 0.685311 -26.4 -0.0499991 0.685311 -27.2 -0.0499991 0.685311 -28 -0.049999
0.685311 -28.8 -0.049999 0.685311 -29.6 -0.049999 0.685311 -30.4 -0.049999 0.685311
-31.2 -0.0499989 0.685311 -32 -0.0499989 0.685311 -32.8 -0.0499989 0.685311 -33.6
-0.0499988 0.685311 -34.4 -0.0499988 0.685311 -35.2 -0.0499988 0.685311 -36 -0.0499988
0.685311 -36.8 -0.0499987 0.685311 -37.6 -0.0499987 0.685311 -38.4 -0.0499987 0.685311
-39.2 -0.0499987 0.685311 -40 -0.0499986 0.685311 -40.8 -0.0499986 0.685311 -41.6
-0.0499986 0.685311 -42.4 -0.0499986 0.685311 -43.2 -0.0499985 0.685311 -44 -0.0499985
0.685311 -44.8 -0.0499985 0.685311 -45.6 -0.0499985 0.685311 -46.4 -0.0499984 0.685311
-47.2 -0.0499984 0.685311 -48 -0.0499984 0.685311 -48.8 -0.0499984 0.685311 -49.6
-0.0499983 0.685311 -50.4 -0.0499983 0.685311 -51.2 -0.0499983 0.685311 -52 -0.0499982
0.685311 -52.8 -0.0499982 0.685311 -53.6 -0.0499982 0.685311 -54.4 -0.0499982 0.685311
-55.2 -0.0499981 0.685311 -56 -0.0499981 0.685311 -56.8 -0.0499981 0.685311 -57.6
-0.0499981 0.685311 -58.4 -0.049998 0.685311 -59.2 -0.049998 0.685311 -60 -0.049998
0.685311 -60.8 -0.049998 0.685311 -61.6 -0.0499979 0.685311 -62.4 -0.0499979 0.685311
-63.2 -0.0499979 0.685311 -64 -0.0499978 0.685311 -64.8 -0.0499978 0.685311 -65.6
-0.0499978 0.685311 -66.4 -0.0499978 0.685311 -67.2 -0.0499977 0.685311 -68 -0.0499977
0.685311 -68.8 -0.0499977 0.685311 -69.6 -0.0499976 0.685311 -70.4 -0.0499976 0.685311
-71.2 -0.0499976 0.685311 -72 -0.0499976 0.685311 -72.8 -0.0499975 0.685311 -73.6
-0.0499975 0.685311 -74.4 -0.0499975 0.685311 -75.2 -0.0499974 0.685311 -76 -0.0499974
0.685311 -76.8 -0.0499974 0.685311 -77.6 -0.0499974 0.685311 -78.4 -0.0499973 0.685311
-79.2 -0.0499973 0.685311 -80 -0.0499973 0.685311 -80.8 -0.0499972 0.685311 -81.6
-0.0499972 0.685311 -82.4 -0.0499972 0.685311 -83.2 -0.0499972 0.685311 -84 -0.0499971
0.685311 -84.8 -0.0499971 0.685311 -85.6 -0.0499971 0.685311 -86.4 -0.049997 0.685311
-87.2 -0.049997 0.685311 -88 -0.049997 0.685311 -88.8 -0.049997 0.685311 -89.6
-0.0499969 0.685311 -90.4 -0.0499969 0.685311 -91.2 -0.0499969 0.685311 -92 -0.0499969
0.685311 -92.8 -0.0499968 0.685311 -93.6 -0.0499968 0.685311 -94.4 -0.0499968 0.685311
-95.2 -0.0499968 0.685311 -96 -0.0499967 0.685311 -96.8 -0.0499967 0.685311 -97.6
-0.0499967 0.685311 -98.4 -0.0499967 0.685311 -99.2 -0.0499966 0.685311 -100 -0.0499966
0.685311 -1.001 -0.05 0.737942 -1.6008 -0.05 0.737942 -2.2006 -0.05 0.737942
-2.8004 -0.0499999 0.737942 -3.4002 -0.0499999 0.737942 -4 -0.0499999 0.737942 -4.8
-0.0499998 0.737942 -5.6 -0.0499998 0.737942 -6.4 -0.0499998 0.737942 -7.2 -0.0499998
0.737942 -8 -0.0499997 0.737942 -8.8 -0.0499997 0.737942 -9.6 -0.0499997 0.737942
-10.4 -0.0499996 0.737942 -11.2 -0.0499996 0.737942 -12 -0.0499996 0.737942 -12.8
-0.0499995 0.737942 -13.6 -0.0499995 0.737942 -14.4 -0.0499995 0.737942 -15.2 -0.0499994
0.737942 -16 -0.0499994 0.737942 -16.8 -0.0499994 0.737942 -17.6 -0.0499994 0.737942
-18.4 -0.0499993 0.737942 -19.2 -0.0499993 0.737942 -20 -0.0499993 0.737942 -20.8
-0.0499992 0.737942 -21.6 -0.0499992 0.737942 -22.4 -0.0499992 0.737942 -23.2 -0.0499991
0.737942 -24 -0.0499991 0.737942 -24.8 -0.0499991 0.737942 -25.6 -0.0499991 0.737942
-26.4 -0.049999 0.737942 -27.2 -0.049999 0.737942 -28 -0.049999 0.737942 -28.8
-0.0499989 0.737942 -29.6 -0.0499989 0.737942 -30.4 -0.0499989 0.737942 -31.2 -0.0499988
0.737942 -32 -0.0499988 0.737942 -32.8 -0.0499988 0.737942 -33.6 -0.0499988 0.737942
-34.4 -0.0499987 0.737942 -35.2 -0.0499987 0.737942 -36 -0.0499987 0.737942 -36.8
-0.0499987 0.737942 -37.6 -0.0499986 0.737942 -38.4 -0.0499986 0.737942 -39.2 -0.0499986
0.737942 -40 -0.0499985 0.737942 -40.8 -0.0499985 0.737942 -41.6 -0.0499985 0.737942
-42.4 -0.0499985 0.737942 -43.2 -0.0499984 0.737942 -44 -0.0499984 0.737942 -44.8
-0.0499984 0.737942 -45.6 -0.0499983 0.737942 -46.4 -0.0499983 0.737942 -47.2 -0.0499983
0.737942 -48 -0.0499983 0.737942 -48.8 -0.0499982 0.737942 -49.6 -0.0499982 0.737942
-50.4 -0.0499982 0.737942 -51.2 -0.0499981 0.737942 -52 -0.0499981 0.737942 -52.8
-0.0499981 0.737942 -53.6 -0.0499981 0.737942 -54.4 -0.049998 0.737942 -55.2 -0.049998
0.737942 -56 -0.049998 0.737942 -56.8 -0.0499979 0.737942 -57.6 -0.0499979 0.737942
-58.4 -0.0499979 0.737942 -59.2 -0.0499979 0.737942 -60 -0.0499978 0.737942 -60.8
-0.0499978 0.737942 -61.6 -0.0499978 0.737942 -62.4 -0.0499977 0.737942 -63.2 -0.0499977
0.737942 -64 -0.0499977 0.737942 -64.8 -0.0499977 0.737942 -65.6 -0.0499976 0.737942
-66.4 -0.0499976 0.737942 -67.2 -0.0499976 0.737942 -68 -0.0499975 0.737942 -68.8
-0.0499975 0.737942 -69.6 -0.0499975 0.737942 -70.4 -0.0499974 0.737942 -71.2 -0.0499974
0.737942 -72 -0.0499974 0.737942 -72.8 -0.0499974 0.737942 -73.6 -0.0499973 0.737942
-74.4 -0.0499973 0.737942 -75.2 -0.0499973 0.737942 -76 -0.0499972 0.737942 -76.8
-0.0499972 0.737942 -77.6 -0.0499972 0.737942 -78.4 -0.0499971 0.737942 -79.2 -0.0499971
0.737942 -80 -0.0499971 0.737942 -80.8 -0.049997 0.737942 -81.6 -0.049997 0.737942
-82.4 -0.049997 0.737942 -83.2 -0.0499969 0.737942 -84 -0.0499969 0.737942 -84.8
-0.0499969 0.737942 -85.6 -0.0499969 0.737942 -86.4 -0.0499968 0.737942 -87.2 -0.0499968
0.737942 -88 -0.0499968 0.737942 -88.8 -0.0499967 0.737942 -89.6 -0.0499967 0.737942
-90.4 -0.0499967 0.737942 -91.2 -0.0499967 0.737942 -92 -0.0499966 0.737942 -92.8
-0.0499966 0.737942 -93.6 -0.0499966 0.737942 -94.4 -0.0499966 0.737942 -95.2 -0.0499965
0.737942 -96 -0.0499965 0.737942 -96.8 -0.0499965 0.737942 -97.6 -0.0499965 0.737942
-98.4 -0.0499964 0.737942 -99.2 -0.0499964 0.737942 -100 -0.0499963 0.737942 -1.001
-0.05 0.790574 -1.6008 -0.05 0.790574 -2.2006 -0.0499999 0.790574 -2.8004 -0.0499999
0.790574 -3.4002 -0.0499999 0.790574 -4 -0.0499999 0.790574 -4.8 -0.0499998 0.790574
-5.6 -0.0499998 0.790574 -6.4 -0.0499998 0.790574 -7.2 -0.0499997 0.790574 -8
-0.0499997 0.790574 -8.8 -0.0499997 0.790574 -9.6 -0.0499996 0.790574 -10.4 -0.0499996
0.790574 -11.2 -0.0499996 0.790574 -12 -0.0499995 0.790574 -12.8 -0.0499995 0.790574
-13.6 -0.0499995 0.790574 -14.4 -0.0499994 0.790574 -15.2 -0.0499994 0.790574 -16
-0.0499994 0.790574 -16.8 -0.0499993 0.790574 -17.6 -0.0499993 0.790574 -18.4 -0.0499993
0.790574 -19.2 -0.0499992 0.790574 -20 -0.0499992 0.790574 -20.8 -0.0499992 0.790574
-21.6 -0.0499991 0.790574 -22.4 -0.0499991 0.790574 -23.2 -0.0499991 0.790574 -24
-0.0499991 0.790574 -24.8 -0.049999 0.790574 -25.6 -0.049999 0.790574 -26.4 -0.049999
0.790574 -27.2 -0.0499989 0.790574 -28 -0.0499989 0.790574 -28.8 -0.0499989 0.790574
-29.6 -0.0499988 0.790574 -30.4 -0.0499988 0.790574 -31.2 -0.0499988 0.790574 -32
-0.0499987 0.790574 -32.8 -0.0499987 0.790574 -33.6 -0.0499987 0.790574 -34.4 -0.0499986
0.790574 -35.2 -0.0499986 0.790574 -36 -0.0499986 0.790574 -36.8 -0.0499986 0.790574
-37.6 -0.0499985 0.790574 -38.4 -0.0499985 0.790574 -39.2 -0.0499985 0.790574 -40
-0.0499984 0.790574 -40.8 -0.0499984 0.790574 -41.6 -0.0499984 0.790574 -42.4 -0.0499984
0.790574 -43.2 -0.0499983 0.790574 -44 -0.0499983 0.790574 -44.8 -0.0499983 0.790574
-45.6 -0.0499982 0.790574 -46.4 -0.0499982 0.790574 -47.2 -0.0499982 0.790574 -48
-0.0499981 0.790574 -48.8 -0.0499981 0.790574 -49.6 -0.0499981 0.790574 -50.4 -0.0499981
0.790574 -51.2 -0.049998 0.790574 -52 -0.049998 0.790574 -52.8 -0.049998 0.790574
-53.6 -0.0499979 0.790574 -54.4 -0.0499979 0.790574 -55.2 -0.0499979 0.790574 -56
-0.0499978 0.790574 -56.8 -0.0499978 0.790574 -57.6 -0.0499978 0.790574 -58.4 -0.0499977
0.790574 -59.2 -0.0499977 0.790574 -60 -0.0499977 0.790574 -60.8 -0.0499977 0.790574
-61.6 -0.0499976 0.790574 -62.4 -0.0499976 0.790574 -63.2 -0.0499976 0.790574 -64
-0.0499975 0.790574 -64.8 -0.0499975 0.790574 -65.6 -0.0499975 0.790574 -66.4 -0.0499974
0.790574 -67.2 -0.0499974 0.790574 -68 -0.0499974 0.790574 -68.8 -0.0499973 0.790574
-69.6 -0.0499973 0.790574 -70.4 -0.0499973 0.790574 -71.2 -0.0499972 0.790574 -72
-0.0499972 0.790574 -72.8 -0.0499972 0.790574 -73.6 -0.0499971 0.790574 -74.4 -0.0499971
0.790574 -75.2 -0.0499971 0.790574 -76 -0.049997 0.790574 -76.8 -0.049997 0.790574
-77.6 -0.049997 0.790574 -78.4 -0.0499969 0.790574 -79.2 -0.0499969 0.790574 -80
-0.0499969 0.790574 -80.8 -0.0499968 0.790574 -81.6 -0.0499968 0.790574 -82.4 -0.0499968
0.790574 -83.2 -0.0499967 0.790574 -84 -0.0499967 0.790574 -84.8 -0.0499967 0.790574
-85.6 -0.0499966 0.790574 -86.4 -0.0499966 0.790574 -87.2 -0.0499966 0.790574 -88
-0.0499965 0.790574 -88.8 -0.0499965 0.790574 -89.6 -0.0499965 0.790574 -90.4 -0.0499965
0.790574 -91.2 -0.0499964 0.790574 -92 -0.0499964 0.790574 -92.8 -0.0499964 0.790574
-93.6 -0.0499963 0.790574 -94.4 -0.0499963 0.790574 -95.2 -0.0499963 0.790574 -96
-0.0499963 0.790574 -96.8 -0.0499963 0.790574 -97.6 -0.0499962 0.790574 -98.4 -0.0499962
0.790574 -99.2 -0.0499961 0.790574 -100 -0.0499961 0.790574 -1.001 -0.05 0.843205
-1.6008 -0.05 0.843205 -2.2006 -0.0499999 0.843205 -2.8004 -0.0499999 0.843205 -3.4002
-0.0499999 0.843205 -4 -0.0499999 0.843205 -4.8 -0.0499998 0.843205 -5.6 -0.0499998
0.843205 -6.4 -0.0499998 0.843205 -7.2 -0.0499997 0.843205 -8 -0.0499997 0.843205
-8.8 -0.0499996 0.843205 -9.6 -0.0499996 0.843205 -10.4 -0.0499996 0.843205 -11.2
-0.0499995 0.843205 -12 -0.0499995 0.843205 -12.8 -0.0499995 0.843205 -13.6 -0.0499994
0.843205 -14.4 -0.0499994 0.843205 -15.2 -0.0499994 0.843205 -16 -0.0499993 0.843205
-16.8 -0.0499993 0.843205 -17.6 -0.0499993 0.843205 -18.4 -0.0499992 0.843205 -19.2
-0.0499992 0.843205 -20 -0.0499992 0.843205 -20.8 -0.0499991 0.843205 -21.6 -0.0499991
0.843205 -22.4 -0.0499991 0.843205 -23.2 -0.049999 0.843205 -24 -0.049999 0.843205
-24.8 -0.049999 0.843205 -25.6 -0.0499989 0.843205 -26.4 -0.0499989 0.843205 -27.2
-0.0499989 0.843205 -28 -0.0499988 0.843205 -28.8 -0.0499988 0.843205 -29.6 -0.0499988
0.843205 -30.4 -0.0499987 0.843205 -31.2 -0.0499987 0.843205 -32 -0.0499987 0.843205
-32.8 -0.0499986 0.843205 -33.6 -0.0499986 0.843205 -34.4 -0.0499986 0.843205 -35.2
-0.0499985 0.843205 -36 -0.0499985 0.843205 -36.8 -0.0499985 0.843205 -37.6 -0.0499984
0.843205 -38.4 -0.0499984 0.843205 -39.2 -0.0499984 0.843205 -40 -0.0499983 0.843205
-40.8 -0.0499983 0.843205 -41.6 -0.0499983 0.843205 -42.4 -0.0499982 0.843205 -43.2
-0.0499982 0.843205 -44 -0.0499982 0.843205 -44.8 -0.0499982 0.843205 -45.6 -0.0499981
0.843205 -46.4 -0.0499981 0.843205 -47.2 -0.0499981 0.843205 -48 -0.049998 0.843205
-48.8 -0.049998 0.843205 -49.6 -0.049998 0.843205 -50.4 -0.0499979 0.843205 -51.2
-0.0499979 0.843205 -52 -0.0499979 0.843205 -52.8 -0.0499978 0.843205 -53.6 -0.0499978
0.843205 -54.4 -0.0499978 0.843205 -55.2 -0.0499977 0.843205 -56 -0.0499977 0.843205
-56.8 -0.0499977 0.843205 -57.6 -0.0499976 0.843205 -58.4 -0.0499976 0.843205 -59.2
-0.0499976 0.843205 -60 -0.0499975 0.843205 -60.8 -0.0499975 0.843205 -61.6 -0.0499975
0.843205 -62.4 -0.0499974 0.843205 -63.2 -0.0499974 0.843205 -64 -0.0499974 0.843205
-64.8 -0.0499973 0.843205 -65.6 -0.0499973 0.843205 -66.4 -0.0499973 0.843205 -67.2
-0.0499972 0.843205 -68 -0.0499972 0.843205 -68.8 -0.0499972 0.843205 -69.6 -0.0499971
0.843205 -70.4 -0.0499971 0.843205 -71.2 -0.0499971 0.843205 -72 -0.049997 0.843205
-72.8 -0.049997 0.843205 -73.6 -0.049997 0.843205 -74.4 -0.0499969 0.843205 -75.2
-0.0499969 0.843205 -76 -0.0499969 0.843205 -76.8 -0.0499968 0.843205 -77.6 -0.0499968
0.843205 -78.4 -0.0499967 0.843205 -79.2 -0.0499967 0.843205 -80 -0.0499967 0.843205
-80.8 -0.0499966 0.843205 -81.6 -0.0499966 0.843205 -82.4 -0.0499966 0.843205 -83.2
-0.0499965 0.843205 -84 -0.0499965 0.843205 -84.8 -0.0499965 0.843205 -85.6 -0.0499964
0.843205 -86.4 -0.0499964 0.843205 -87.2 -0.0499964 0.843205 -88 -0.0499963 0.843205
-88.8 -0.0499963 0.843205 -89.6 -0.0499963 0.843205 -90.4 -0.0499962 0.843205 -91.2
-0.0499962 0.843205 -92 -0.0499962 0.843205 -92.8 -0.0499961 0.843205 -93.6 -0.0499961
0.843205 -94.4 -0.0499961 0.843205 -95.2 -0.0499961 0.843205 -96 -0.049996 0.843205
-96.8 -0.049996 0.843205 -97.6 -0.049996 0.843205 -98.4 -0.0499959 0.843205 -99.2
-0.0499959 0.843206 -100 -0.0499958 0.843206 -1.001 -0.05 0.895837 -1.6008 -0.05
0.895837 -2.2006 -0.0499999 0.895837 -2.8004 -0.0499999 0.895837 -3.4002 -0.0499999 0.895837
-4 -0.0499999 0.895837 -4.8 -0.0499998 0.895837 -5.6 -0.0499998 0.895837 -6.4
-0.0499997 0.895837 -7.2 -0.0499997 0.895837 -8 -0.0499997 0.895837 -8.8 -0.0499996
0.895837 -9.6 -0.0499996 0.895837 -10.4 -0.0499995 0.895837 -11.2 -0.0499995 0.895837
-12 -0.0499995 0.895837 -12.8 -0.0499994 0.895837 -13.6 -0.0499994 0.895837 -14.4
-0.0499994 0.895837 -15.2 -0.0499993 0.895837 -16 -0.0499993 0.895837 -16.8 -0.0499993
0.895837 -17.6 -0.0499992 0.895837 -18.4 -0.0499992 0.895837 -19.2 -0.0499991 0.895837
-20 -0.0499991 0.895837 -20.8 -0.0499991 0.895837 -21.6 -0.049999 0.895837 -22.4
-0.049999 0.895837 -23.2 -0.049999 0.895837 -24 -0.0499989 0.895837 -24.8 -0.0499989
0.895837 -25.6 -0.0499989 0.895837 -26.4 -0.0499988 0.895837 -27.2 -0.0499988 0.895837
-28 -0.0499988 0.895837 -28.8 -0.0499987 0.895837 -29.6 -0.0499987 0.895837 -30.4
-0.0499986 0.895837 -31.2 -0.0499986 0.895837 -32 -0.0499986 0.895837 -32.8 -0.0499985
0.895837 -33.6 -0.0499985 0.895837 -34.4 -0.0499985 0.895837 -35.2 -0.0499984 0.895837
-36 -0.0499984 0.895837 -36.8 -0.0499984 0.895837 -37.6 -0.0499983 0.895837 -38.4
-0.0499983 0.895837 -39.2 -0.0499983 0.895837 -40 -0.0499982 0.895837 -40.8 -0.0499982
0.895837 -41.6 -0.0499982 0.895837 -42.4 -0.0499981 0.895837 -43.2 -0.0499981 0.895837
-44 -0.0499981 0.895837 -44.8 -0.049998 0.895837 -45.6 -0.049998 0.895837 -46.4
-0.049998 0.895837 -47.2 -0.0499979 0.895837 -48 -0.0499979 0.895837 -48.8 -0.0499979
0.895837 -49.6 -0.0499978 0.895837 -50.4 -0.0499978 0.895837 -51.2 -0.0499978 0.895837
-52 -0.0499977 0.895837 -52.8 -0.0499977 0.895837 -53.6 -0.0499977 0.895837 -54.4
-0.0499976 0.895837 -55.2 -0.0499976 0.895837 -56 -0.0499976 0.895837 -56.8 -0.0499975
0.895837 -57.6 -0.0499975 0.895837 -58.4 -0.0499975 0.895837 -59.2 -0.0499974 0.895837
-60 -0.0499974 0.895837 -60.8 -0.0499974 0.895837 -61.6 -0.0499973 0.895837 -62.4
-0.0499973 0.895837 -63.2 -0.0499973 0.895837 -64 -0.0499972 0.895837 -64.8 -0.0499972
0.895837 -65.6 -0.0499971 0.895837 -66.4 -0.0499971 0.895837 -67.2 -0.0499971 0.895837
-68 -0.049997 0.895837 -68.8 -0.049997 0.895837 -69.6 -0.049997 0.895837 -70.4
-0.0499969 0.895837 -71.2 -0.0499969 0.895837 -72 -0.0499969 0.895837 -72.8 -0.0499968
0.895837 -73.6 -0.0499968 0.895837 -74.4 -0.0499967 0.895837 -75.2 -0.0499967 0.895837
-76 -0.0499967 0.895837 -76.8 -0.0499966 0.895837 -77.6 -0.0499966 0.895837 -78.4
-0.0499966 0.895837 -79.2 -0.0499965 0.895837 -80 -0.0499965 0.895837 -80.8 -0.0499964
0.895837 -81.6 -0.0499964 0.895837 -82.4 -0.0499964 0.895837 -83.2 -0.0499963 0.895837
-84 -0.0499963 0.895837 -84.8 -0.0499963 0.895837 -85.6 -0.0499962 0.895837 -86.4
-0.0499962 0.895837 -87.2 -0.0499961 0.895837 -88 -0.0499961 0.895837 -88.8 -0.0499961
0.895837 -89.6 -0.049996 0.895837 -90.4 -0.049996 0.895837 -91.2 -0.049996 0.895837
-92 -0.0499959 0.895837 -92.8 -0.0499959 0.895837 -93.6 -0.0499959 0.895837 -94.4
-0.0499959 0.895837 -95.2 -0.0499958 0.895837 -96 -0.0499958 0.895837 -96.8 -0.0499958
0.895837 -97.6 -0.0499957 0.895837 -98.4 -0.0499957 0.895837 -99.2 -0.0499956 0.895837
-100 -0.0499956 0.895837 -1.001 -0.05 0.948468 -1.6008 -0.05 0.948468 -2.2006
-0.0499999 0.948468 -2.8004 -0.0499999 0.948468 -3.4002 -0.0499999 0.948468 -4 -0.0499998
0.948468 -4.8 -0.0499998 0.948468 -5.6 -0.0499998 0.948468 -6.4 -0.0499997 0.948468
-7.2 -0.0499997 0.948468 -8 -0.0499996 0.948468 -8.8 -0.0499996 0.948468 -9.6
-0.0499996 0.948468 -10.4 -0.0499995 0.948468 -11.2 -0.0499995 0.948468 -12 -0.0499994
0.948468 -12.8 -0.0499994 0.948468 -13.6 -0.0499994 0.948468 -14.4 -0.0499993 0.948468
-15.2 -0.0499993 0.948468 -16 -0.0499993 0.948468 -16.8 -0.0499992 0.948468 -17.6
-0.0499992 0.948468 -18.4 -0.0499991 0.948468 -19.2 -0.0499991 0.948468 -20 -0.0499991
0.948468 -20.8 -0.049999 0.948468 -21.6 -0.049999 0.948468 -22.4 -0.0499989 0.948468
-23.2 -0.0499989 0.948469 -24 -0.0499989 0.948469 -24.8 -0.0499988 0.948469 -25.6
-0.0499988 0.948469 -26.4 -0.0499988 0.948469 -27.2 -0.0499987 0.948469 -28 -0.0499987
0.948469 -28.8 -0.0499986 0.948469 -29.6 -0.0499986 0.948469 -30.4 -0.0499986 0.948469
-31.2 -0.0499985 0.948469 -32 -0.0499985 0.948469 -32.8 -0.0499985 0.948469 -33.6
-0.0499984 0.948469 -34.4 -0.0499984 0.948469 -35.2 -0.0499984 0.948469 -36 -0.0499983
0.948469 -36.8 -0.0499983 0.948469 -37.6 -0.0499983 0.948469 -38.4 -0.0499982 0.948469
-39.2 -0.0499982 0.948469 -40 -0.0499981 0.948469 -40.8 -0.0499981 0.948469 -41.6
-0.0499981 0.948469 -42.4 -0.049998 0.948469 -43.2 -0.049998 0.948469 -44 -0.049998
0.948469 -44.8 -0.0499979 0.948469 -45.6 -0.0499979 0.948469 -46.4 -0.0499979 0.948469
-47.2 -0.0499978 0.948469 -48 -0.0499978 0.948469 -48.8 -0.0499978 0.948469 -49.6
-0.0499977 0.948469 -50.4 -0.0499977 0.948469 -51.2 -0.0499977 0.948469 -52 -0.0499976
0.948469 -52.8 -0.0499976 0.948469 -53.6 -0.0499975 0.948469 -54.4 -0.0499975 0.948469
-55.2 -0.0499975 0.948469 -56 -0.0499974 0.948469 -56.8 -0.0499974 0.948469 -57.6
-0.0499974 0.948469 -58.4 -0.0499973 0.948469 -59.2 -0.0499973 0.948469 -60 -0.0499972
0.948469 -60.8 -0.0499972 0.948469 -61.6 -0.0499972 0.948469 -62.4 -0.0499971 0.948469
-63.2 -0.0499971 0.948469 -64 -0.0499971 0.948469 -64.8 -0.049997 0.948469 -65.6
-0.049997 0.948469 -66.4 -0.0499969 0.948469 -67.2 -0.0499969 0.948469 -68 -0.0499969
0.948469 -68.8 -0.0499968 0.948469 -69.6 -0.0499968 0.948469 -70.4 -0.0499968 0.948469
-71.2 -0.0499967 0.948469 -72 -0.0499967 0.948469 -72.8 -0.0499966 0.948469 -73.6
-0.0499966 0.948469 -74.4 -0.0499966 0.948469 -75.2 -0.0499965 0.948469 -76 -0.0499965
0.948469 -76.8 -0.0499964 0.948469 -77.6 -0.0499964 0.948469 -78.4 -0.0499964 0.948469
-79.2 -0.0499963 0.948469 -80 -0.0499963 0.948469 -80.8 -0.0499962 0.948469 -81.6
-0.0499962 0.948469 -82.4 -0.0499962 0.948469 -83.2 -0.0499961 0.948469 -84 -0.0499961
0.948469 -84.8 -0.049996 0.948469 -85.6 -0.049996 0.948469 -86.4 -0.049996 0.948469
-87.2 -0.0499959 0.948469 -88 -0.0499959 0.948469 -88.8 -0.0499959 0.948469 -89.6
-0.0499958 0.948469 -90.4 -0.0499958 0.948469 -91.2 -0.0499958 0.948469 -92 -0.0499957
0.948469 -92.8 -0.0499957 0.948469 -93.6 -0.0499957 0.948469 -94.4 -0.0499956 0.948469
-95.2 -0.0499956 0.948469 -96 -0.0499956 0.948469 -96.8 -0.0499955 0.948469 -97.6
-0.0499955 0.948469 -98.4 -0.0499955 0.948469 -99.2 -0.0499954 0.948469 -100 -0.0499953
0.948469 -1.001 -0.05 1.0011 -1.6008 -0.05 1.0011 -2.2006 -0.0499999 1.0011
-2.8004 -0.0499999 1.0011 -3.4002 -0.0499999 1.0011 -4 -0.0499998 1.0011 -4.8
-0.0499998 1.0011 -5.6 -0.0499998 1.0011 -6.4 -0.0499997 1.0011 -7.2 -0.0499997
1.0011 -8 -0.0499996 1.0011 -8.8 -0.0499996 1.0011 -9.6 -0.0499995 1.0011
-10.4 -0.0499995 1.0011 -11.2 -0.0499995 1.0011 -12 -0.0499994 1.0011 -12.8
-0.0499994 1.0011 -13.6 -0.0499993 1.0011 -14.4 -0.0499993 1.0011 -15.2 -0.0499993
1.0011 -16 -0.0499992 1.0011 -16.8 -0.0499992 1.0011 -17.6 -0.0499991 1.0011
-18.4 -0.0499991 1.0011 -19.2 -0.0499991 1.0011 -20 -0.049999 1.0011 -20.8
-0.049999 1.0011 -21.6 -0.0499989 1.0011 -22.4 -0.0499989 1.0011 -23.2 -0.0499989
1.0011 -24 -0.0499988 1.0011 -24.8 -0.0499988 1.0011 -25.6 -0.0499987 1.0011
-26.4 -0.0499987 1.0011 -27.2 -0.0499987 1.0011 -28 -0.0499986 1.0011 -28.8
-0.0499986 1.0011 -29.6 -0.0499985 1.0011 -30.4 -0.0499985 1.0011 -31.2 -0.0499985
1.0011 -32 -0.0499984 1.0011 -32.8 -0.0499984 1.0011 -33.6 -0.0499983 1.0011
-34.4 -0.0499983 1.0011 -35.2 -0.0499983 1.0011 -36 -0.0499982 1.0011 -36.8
-0.0499982 1.0011 -37.6 -0.0499982 1.0011 -38.4 -0.0499981 1.0011 -39.2 -0.0499981
1.0011 -40 -0.049998 1.0011 -40.8 -0.049998 1.0011 -41.6 -0.049998 1.0011
-42.4 -0.0499979 1.0011 -43.2 -0.0499979 1.0011 -44 -0.0499979 1.0011 -44.8
-0.0499978 1.0011 -45.6 -0.0499978 1.0011 -46.4 -0.0499978 1.0011 -47.2 -0.0499977
1.0011 -48 -0.0499977 1.0011 -48.8 -0.0499976 1.0011 -49.6 -0.0499976 1.0011
-50.4 -0.0499976 1.0011 -51.2 -0.0499975 1.0011 -52 -0.0499975 1.0011 -52.8
-0.0499974 1.0011 -53.6 -0.0499974 1.0011 -54.4 -0.0499974 1.0011 -55.2 -0.0499973
1.0011 -56 -0.0499973 1.0011 -56.8 -0.0499973 1.0011 -57.6 -0.0499972 1.0011
-58.4 -0.0499972 1.0011 -59.2 -0.0499971 1.0011 -60 -0.0499971 1.0011 -60.8
-0.0499971 1.0011 -61.6 -0.049997 1.0011 -62.4 -0.049997 1.0011 -63.2 -0.0499969
1.0011 -64 -0.0499969 1.0011 -64.8 -0.0499969 1.0011 -65.6 -0.0499968 1.0011
-66.4 -0.0499968 1.0011 -67.2 -0.0499967 1.0011 -68 -0.0499967 1.0011 -68.8
-0.0499967 1.0011 -69.6 -0.0499966 1.0011 -70.4 -0.0499966 1.0011 -71.2 -0.0499965
1.0011 -72 -0.0499965 1.0011 -72.8 -0.0499965 1.0011 -73.6 -0.0499964 1.0011
-74.4 -0.0499964 1.0011 -75.2 -0.0499963 1.0011 -76 -0.0499963 1.0011 -76.8
-0.0499963 1.0011 -77.6 -0.0499962 1.0011 -78.4 -0.0499962 1.0011 -79.2 -0.0499961
1.0011 -80 -0.0499961 1.0011 -80.8 -0.049996 1.0011 -81.6 -0.049996 1.0011
-82.4 -0.049996 1.0011 -83.2 -0.0499959 1.0011 -84 -0.0499959 1.0011 -84.8
-0.0499958 1.0011 -85.6 -0.0499958 1.0011 -86.4 -0.0499958 1.0011 -87.2 -0.0499957
1.0011 -88 -0.0499957 1.0011 -88.8 -0.0499956 1.0011 -89.6 -0.0499956 1.0011
-90.4 -0.0499956 1.0011 -91.2 -0.0499955 1.0011 -92 -0.0499955 1.0011 -92.8
-0.0499955 1.0011 -93.6 -0.0499954 1.0011 -94.4 -0.0499954 1.0011 -95.2 -0.0499954
1.0011 -96 -0.0499953 1.0011 -96.8 -0.0499953 1.0011 -97.6 -0.0499953 1.0011
-98.4 -0.0499952 1.0011 -99.2 -0.0499952 1.0011 -100 -0.0499951 1.0011 
LINES 20 2540
126 0 1 2 3 4 5 6 7 8 9
10 11 12 13 14 15 16 17 18 19
20 21 22 23 24 25 26 27 28 29
30 31 32 33 34 35 36 37 38 39
40 41 42 43 44 45 46 47 48 49
50 51 52 53 54 55 56 57 58 59
60 61 62 63 64 65 66 67 68 69
70 71 72 73 74 75 76 77 78 79
80 81 82 83 84 85 86 87 88 89
90 91 92 93 94 95 96 97 98 99
100 101 102 103 104 105 106 107 108 109
110 111 112 113 114 115 116 117 118 119
120 121 122 123 124 125 126 126 127 128
129 130 131 132 133 134 135 136 137 138
139 140 141 142 143 144 145 146 147 148
149 150 151 152 153 154 155 156 157 158
159 160 161 162 163 164 165 166 167 168
169 170 171 172 173 174 175 176 177 178
179 180 181 182 183 184 185 186 187 188
189 190 191 192 193 194 195 196 197 198
199 200 201 202 203 204 205 206 207 208
209 210 211 212 213 214 215 216 217 218
219 220 221 222 223 224 225 226 227 228
229 230 231 232 233 234 235 236 237 238
239 240 241 242 243 244 245 246 247 248
249 250 251 126 252 253 254 255 256 257
258 259 260 261 262 263 264 265 266 267
268 269 270 271 272 273 274 275 276 277
278 279 280 281 282 283 284 285 286 287
288 289 290 291 292 293 294 295 296 297
298 299 300 301 302 303 304 305 306 307
308 309 310 311 312 313 314 315 316 317
318 319 320 321 322 323 324 325 326 327
328 329 330 331 332 333 334 335 336 337
338 339 340 341 342 343 344 345 346 347
348 349 350 351 352 353 354 355 356 357
358 359 360 361 362 363 364 365 366 367
368 369 370 371 372 373 374 375 376 377
126 378 379 380 381 382 383 384 385 386
387 388 389 390 391 392 393 394 395 396
397 398 399 400 401 402 403 404 405 406
407 408 409 410 411 412 413 414 415 416
417 418 419 420 421 422 423 424 425 426
427 428 429 430 431 432 433 434 435 436
437 438 439 440 441 442 443 444 445 446
447 448 449 450 451 452 453 454 455 456
457 458 459 460 461 462 463 464 465 466
467 468 469 470 471 472 473 474 475 476
477 478 479 480 481 482 483 484 485 486
487 488 489 490 491 492 493 494 495 496
497 498 499 500 501 502 503 126 504 505
506 507 508 509 510 511 512 513 514 515
516 517 518 519 520 521 522 523 524 525
526 527 528 529 530 531 532 533 534 535
536 537 538 539 540 541 542 543 544 545
546 547 548 549 550 551 552 553 554 555
556 557 558 559 560 561 562 563 564 565
566 567 568 569 570 571 572 573 574 575
576 577 578 579 580 581 582 583 584 585
586 587 588 589 590 591 592 593 594 595
596 597 598 599 600 601 602 603 604 605
606 607 608 609 610 611 612 613 614 615
616 617 618 619 620 621 622 623 624 625
626 627 628 629 126 630 631 632 633 634
635 636 637 638 639 640 641 642 643 644
645 646 647 648 649 650 651 652 653 654
655 656 657 658 659 660 661 662 663 664
665 666 667 668 669 670 671 672 673 674
675 676 677 678 679 680 681 682 683 684
685 686 687 688 689 690 691 692 693 694
695 696 697 698 699 700 701 702 703 704
705 706 707 708 709 710 711 712 713 714
715 716 717 718 719 720 721 722 723 724
725 726 727 728 729 730 731 732 733 734
735 736 737 738 739 740 741 742 743 744
745 746 747 748 749 750 751 752 753 754
755 126 756 757 758 759 760 761 762 763
764 765 766 767 768 769 770 771 772 773
774 775 776 777 778 779 780 781 782 783
784 785 786 787 788 789 790 791 792 793
794 795 796 797 798 799 800 801 802 803
804 805 806 807 808 809 810 811 812 813
814 815 816 817 818 819 820 821 822 823
824 825 826 827 828 829 830 831 832 833
834 835 836 837 838 839 840 841 842 843
844 845 846 847 848 849 850 851 852 853
854 855 856 857 858 859 860 861 862 863
864 865 866 867 868 869 870 871 872 873
874 875 876 877 878 879 880 881 126 882
883 884 885 886 887 888 889 890 891 892
893 894 895 896 897 898 899 900 901 902
903 904 905 906 907 908 909 910 911 912
913 914 915 916 917 918 919 920 921 922
923 924 925 926 927 928 929 930 931 932
933 934 935 936 937 938 939 940 941 942
943 944 945 946 947 948 949 950 951 952
953 954 955 956 957 958 959 960 961 962
963 964 965 966 967 968 969 970 971 972
973 974 975 976 977 978 979 980 981 982
983 984 985 986 987 988 989 990 991 992
993 994 995 996 997 998 999 1000 1001 1002
1003 1004 1005 1006 1007 126 1008 1009 1010 1011
1012 1013 1014 1015 1016 1017 1018 1019 1020 1021
1022 1023 1024 1025 1026 1027 1028 1029 1030 1031
1032 1033 1034 1035 1036 1037 1038 1039 1040 1041
1042 1043 1044 1045 1046 1047 1048 1049 1050 1051
1052 1053 1054 1055 1056 1057 1058 1059 1060 1061
1062 1063 1064 1065 1066 1067 1068 1069 1070 1071
1072 1073 1074 1075 1076 1077 1078 1079 1080 1081
1082 1083 1084 1085 1086 1087 1088 1089 1090 1091
1092 1093 1094 1095 1096 1097 1098 1099 1100 1101
1102 1103 1104 1105 1106 1107 1108 1109 1110 1111
1112 1113 1114 1115 1116 1117 1118 1119 1120 1121
1122 1123 1124 1125 1126 1127 1128 1129 1130 1131
1132 1133 126 1134 1135 1136 1137 1138 1139 1140
1141 1142 1143 1144 1145 1146 1147 1148 1149 1150
1151 1152 1153 1154 1155 1156 1157 1158 1159 1160
1161 1162 1163 1164 1165 1166 1167 1168 1169 1170
1171 1172 1173 1174 1175 1176 1177 1178 1179 1180
1181 1182 1183 1184 1185 1186 1187 1188 1189 1190
1191 1192 1193 1194 1195 1196 1197 1198 1199 1200
1201 1202 1203 1204 1205 1206 1207 1208 1209 1210
1211 1212 1213 1214 1215 1216 1217 1218 1219 1220
1221 1222 1223 1224 1225 1226 1227 1228 1229 1230
1231 1232 1233 1234 1235 1236 1237 1238 1239 1240
1241 1242 1243 1244 1245 1246 1247 1248 1249 1250
1251 1252 1253 1254 1255 1256 1257 1258 1259 126
1260 1261 1262 1263 1264 1265 1266 1267 1268 1269
1270 1271 1272 1273 1274 1275 1276 1277 1278 1279
1280 1281 1282 1283 1284 1285 1286 1287 1288 1289
1290 1291 1292 1293 1294 1295 1296 1297 1298 1299
1300 1301 1302 1303 1304 1305 1306 1307 1308 1309
1310 1311 1312 1313 1314 1315 1316 1317 1318 1319
1320 1321 1322 1323 1324 1325 1326 1327 1328 1329
1330 1331 1332 1333 1334 1335 1336 1337 1338 1339
1340 1341 1342 1343 1344 1345 1346 1347 1348 1349
1350 1351 1352 1353 1354 1355 1356 1357 1358 1359
1360 1361 1362 1363 1364 1365 1366 1367 1368 1369
1370 1371 1372 1373 1374 1375 1376 1377 1378 1379
1380 1381 1382 1383 1384 1385 126 1386 1387 1388
1389 1390 1391 1392 1393 1394 1395 1396 1397 1398
1399 1400 1401 1402 1403 1404 1405 1406 1407 1408
1409 1410 1411 1412 1413 1414 1415 1416 1417 1418
1419 1420 1421 1422 1423 1424 1425 1426 1427 1428
1429 1430 1431 1432 1433 1434 1435 1436 1437 1438
1439 1440 1441 1442 1443 1444 1445 1446 1447 1448
1449 1450 1451 1452 1453 1454 1455 1456 1457 1458
1459 1460 1461 1462 1463 1464 1465 1466 1467 1468
1469 1470 1471 1472 1473 1474 1475 1476 1477 1478
1479 1480 1481 1482 1483 1484 1485 1486 1487 1488
1489 1490 1491 1492 1493 1494 1495 1496 1497 1498
1499 1500 1501 1502 1503 1504 1505 1506 1507 1508
1509 1510 1511 126 1512 1513 1514 1515 1516 1517
1518 1519 1520 1521 1522 1523 1524 1525 1526 1527
1528 1529 1530 1531 1532 1533 1534 1535 1536 1537
1538 1539 1540 1541 1542 1543 1544 1545 1546 1547
1548 1549 1550 1551 1552 1553 1554 1555 1556 1557
1558 1559 1560 1561 1562 1563 1564 1565 1566 1567
1568 1569 1570 1571 1572 1573 1574 1575 1576 1577
1578 1579 1580 1581 1582 1583 1584 1585 1586 1587
1588 1589 1590 1591 1592 1593 1594 1595 1596 1597
1598 1599 1600 1601 1602 1603 1604 1605 1606 1607
1608 1609 1610 1611 1612 1613 1614 1615 1616 1617
1618 1619 1620 1621 1622 1623 1624 1625 1626 1627
1628 1629 1630 1631 1632 1633 1634 1635 1636 1637
126 1638 1639 1640 1641 1642 1643 1644 1645 1646
1647 1648 1649 1650 1651 1652 1653 1654 1655 1656
1657 1658 1659 1660 1661 1662 1663 1664 1665 1666
1667 1668 1669 1670 1671 1672 1673 1674 1675 1676
1677 1678 1679 1680 1681 1682 1683 1684 1685 1686
1687 1688 1689 1690 1691 1692 1693 1694 1695 1696
1697 1698 1699 1700 1701 1702 1703 1704 1705 1706
1707 1708 1709 1710 1711 1712 1713 1714 1715 1716
1717 1718 1719 1720 1721 1722 1723 1724 1725 1726
1727 1728 1729 1730 1731 1732 1733 1734 1735 1736
1737 1738 1739 1740 1741 1742 1743 1744 1745 1746
1747 1748 1749 1750 1751 1752 1753 1754 1755 1756
1757 1758 1759 1760 1761 1762 1763 126 1764 1765
1766 1767 1768 1769 1770 1771 1772 1773 1774 1775
1776 1777 1778 1779 1780 1781 1782 1783 1784 1785
1786 1787 1788 1789 1790 1791 1792 1793 1794 1795
1796 1797 1798 1799 1800 1801 1802 1803 1804 1805
1806 1807 1808 1809 1810 1811 1812 1813 1814 1815
1816 1817 1818 1819 1820 1821 1822 1823 1824 1825
1826 1827 1828 1829 1830 1831 1832 1833 1834 1835
1836 1837 1838 1839 1840 1841 1842 1843 1844 1845
1846 1847 1848 1849 1850 1851 1852 1853 1854 1855
1856 1857 1858 1859 1860 1861 1862 1863 1864 1865
1866 1867 1868 1869 1870 1871 1872 1873 1874 1875
1876 1877 1878 1879 1880 1881 1882 1883 1884 1885
1886 1887 1888 1889 126 1890 1891 1892 1893 1894
1895 1896 1897 1898 1899 1900 1901 1902 1903 1904
1905 1906 1907 1908 1909 1910 1911 1912 1913 1914
1915 1916 1917 1918 1919 1920 1921 1922 1923 1924
1925 1926 1927 1928 1929 1930 1931 1932 1933 1934
1935 1936 1937 1938 1939 1940 1941 1942 1943 1944
1945 1946 1947 1948 1949 1950 1951 1952 1953 1954
1955 1956 1957 1958 1959 1960 1961 1962 1963 1964
1965 1966 1967 1968 1969 1970 1971 1972 1973 1974
1975 1976 1977 1978 1979 1980 1981 1982 1983 1984
1985 1986 1987 1988 1989 1990 1991 1992 1993 1994
1995 1996 1997 1998 1999 2000 2001 2002 2003 2004
2005 2006 2007 2008 2009 2010 2011 2012 2013 2014
2015 126 2016 2017 2018 2019 2020 2021 2022 2023
2024 2025 2026 2027 2028 2029 2030 2031 2032 2033
2034 2035 2036 2037 2038 2039 2040 2041 2042 2043
2044 2045 2046 2047 2048 2049 2050 2051 2052 2053
2054 2055 2056 2057 2058 2059 2060 2061 2062 2063
2064 2065 2066 2067 2068 2069 2070 2071 2072 2073
2074 2075 2076 2077 2078 2079 2080 2081 2082 2083
2084 2085 2086 2087 2088 2089 2090 2091 2092 2093
2094 2095 2096 2097 2098 2099 2100 2101 2102 2103
2104 2105 2106 2107 2108 2109 2110 2111 2112 2113
2114 2115 2116 2117 2118 2119 2120 2121 2122 2123
2124 2125 2126 2127 2128 2129 2130 2131 2132 2133
2134 2135 2136 2137 2138 2139 2140 2141 126 2142
2143 2144 2145 2146 2147 2148 2149 2150 2151 2152
2153 2154 2155 2156 2157 2158 2159 2160 2161 2162
2163 2164 2165 2166 2167 2168 2169 2170 2171 2172
2173 2174 2175 2176 2177 2178 2179 2180 2181 2182
2183 2184 2185 2186 2187 2188 2189 2190 2191 2192
2193 2194 2195 2196 2197 2198 2199 2200 2201 2202
2203 2204 2205 2206 2207 2208 2209 2210 2211 2212
2213 2214 2215 2216 2217 2218 2219 2220 2221 2222
2223 2224 2225 2226 2227 2228 2229 2230 2231 2232
2233 2234 2235 2236 2237 2238 2239 2240 2241 2242
2243 2244 2245 2246 2247 2248 2249 2250 2251 2252
2253 2254 2255 2256 2257 2258 2259 2260 2261 2262
2263 2264 2265 2266 2267 126 2268 2269 2270 2271
2272 2273 2274 2275 2276 2277 2278 2279 2280 2281
2282 2283 2284 2285 2286 2287 2288 2289 2290 2291
2292 2293 2294 2295 2296 2297 2298 2299 2300 2301
2302 2303 2304 2305 2306 2307 2308 2309 2310 2311
2312 2313 2314 2315 2316 2317 2318 2319 2320 2321
2322 2323 2324 2325 2326 2327 2328 2329 2330 2331
2332 2333 2334 2335 2336 2337 2338 2339 2340 2341
2342 2343 2344 2345 2346 2347 2348 2349 2350 2351
2352 2353 2354 2355 2356 2357 2358 2359 2360 2361
2362 2363 2364 2365 2366 2367 2368 2369 2370 2371
2372 2373 2374 2375 2376 2377 2378 2379 2380 2381
2382 2383 2384 2385 2386 2387 2388 2389 2390 2391
2392 2393 126 2394 2395 2396 2397 2398 2399 2400
2401 2402 2403 2404 2405 2406 2407 2408 2409 2410
2411 2412 2413 2414 2415 2416 2417 2418 2419 2420
2421 2422 2423 2424 2425 2426 2427 2428 2429 2430
2431 2432 2433 2434 2435 2436 2437 2438 2439 2440
2441 2442 2443 2444 2445 2446 2447 2448 2449 2450
2451 2452 2453 2454 2455 2456 2457 2458 2459 2460
2461 2462 2463 2464 2465 2466 2467 2468 2469 2470
2471 2472 2473 2474 2475 2476 2477 2478 2479 2480
2481 2482 2483 2484 2485 2486 2487 2488 2489 2490
2491 2492 2493 2494 2495 2496 2497 2498 2499 2500
2501 2502 2503 2504 2505 2506 2507 2508 2509 2510
2511 2512 2513 2514 2515 2516 2517 2518 2519 
POINT_DATA 2520
FIELD attributes 4
age 1 2520 float
0 0.05998 0.11996 0.17994 0.23992 0.2999 0.3799 0.4599 0.5399 0.6199 0.6999
0.7799 0.8599 0.9399 1.0199 1.0999 1.1799 1.2599 1.3399 1.4199 1.4999
1.5799 1.6599 1.7399 1.8199 1.8999 1.9799 2.0599 2.1399 2.2199 2.2999
2.3799 2.4599 2.5399 2.6199 2.6999 2.7799 2.8599 2.9399 3.0199 3.0999
3.1799 3.2599 3.3399 3.4199 3.4999 3.5799 3.6599 3.7399 3.8199 3.8999
3.9799 4.0599 4.1399 4.2199 4.2999 4.3799 4.4599 4.5399 4.6199 4.6999
4.7799 4.8599 4.9399 5.0199 5.0999 5.1799 5.2599 5.3399 5.4199 5.4999
5.5799 5.6599 5.7399 5.8199 5.8999 5.9799 6.0599 6.1399 6.2199 6.2999
6.3799 6.4599 6.5399 6.6199 6.6999 6.7799 6.8599 6.9399 7.0199 7.0999
7.1799 7.2599 7.3399 7.4199 7.4999 7.5799 7.6599 7.7399 7.8199 7.8999
7.9799 8.0599 8.1399 8.2199 8.2999 8.3799 8.4599 8.5399 8.6199 8.6999
8.7799 8.8599 8.9399 9.0199 9.0999 9.1799 9.2599 9.3399 9.4199 9.4999
9.5799 9.6599 9.7399 9.8199 9.8999 0 0.05998 0.11996 0.17994 0.23992
0.2999 0.3799 0.4599 0.5399 0.6199 0.6999 0.7799 0.8599 0.9399 1.0199
1.0999 1.1799 1.2599 1.3399 1.4199 1.4999 1.5799 1.6599 1.7399 1.8199
1.8999 1.9799 2.0599 2.1399 2.2199 2.2999 2.3799 2.4599 2.5399 2.6199
2.6999 2.7799 2.8599 2.9399 3.0199 3.0999 3.1799 3.2599 3.3399 3.4199
3.4999 3.5799 3.6599 3.7399 3.8199 3.8999 3.9799 4.0599 4.1399 4.2199
4.2999 4.3799 4.4599 4.5399 4.6199 4.6999 4.7799 4.8599 4.9399 5.0199
5.0999 5.1799 5.2599 5.3399 5.4199 5.4999 5.5799 5.6599 5.7399 5.8199
5.8999 5.9799 6.0599 6.1399 6.2199 6.2999 6.3799 6.4599 6.5399 6.6199
6.6999 6.7799 6.8599 6.9399 7.0199 7.0999 7.1799 7.2599 7.3399 7.4199
7.4999 7.5799 7.6599 7.7399 7.8199 7.8999 7.9799 8.0599 8.1399 8.2199
8.2999 8.3799 8.4599 8.5399 8.6199 8.6999 8.7799 8.8599 8.9399 9.0199
9.0999 9.1799 9.2599 9.3399 9.4199 9.4999 9.5799 9.6599 9.7399 9.8199
9.8999 0 0.05998 0.11996 0.17994 0.23992 0.2999 0.3799 0.4599 0.5399
0.6199 0.6999 0.7799 0.8599 0.9399 1.0199 1.0999 1.1799 1.2599 1.3399
1.4199 1.4999 1.5799 1.6599 1.7399 1.8199 1.8999 1.9799 2.0599 2.1399
2.2199 2.2999 2.3799 2.4599 2.5399 2.6199 2.6999 2.7799 2.8599 2.9399
3.0199 3.0999 3.1799 3.2599 3.3399 3.4199 3.4999 3.5799 3.6599 3.7399
3.8199 3.8999 3.9799 4.0599 4.1399 4.2199 4.2999 4.3799 4.4599 4.5399
4.6199 4.6999 4.7799 4.8599 4.9399 5.0199 5.0999 5.1799 5.2599 5.3399
5.4199 5.4999 5.5799 5.6599 5.7399 5.8199 5.8999 5.9799 6.0599 6.1399
6.2199 6.2999 6.3799 6.4599 6.5399 6.6199 6.6999 6.7799 6.8599 6.9399
7.0199 7.0999 7.1799 7.2599 7.3399 7.4199 7.4999 7.5799 7.6599 7.7399
7.8199 7.8999 7.9799 8.0599 8.1399 8.2199 8.2999 8.3799 8.4599 8.5399
8.6199 8.6999 8.7799 8.8599 8.9399 9.0199 9.0999 9.1799 9.2599 9.3399
9.4199 9.4999 9.5799 9.6599 9.7399 9.8199 9.8999 0 0.05998 0.11996
0.17994 0.23992 0.2999 0.3799 0.4599 0.5399 0.6199 0.6999 0.7799 0.8599
0.9399 1.0199 1.0999 1.1799 1.2599 1.3399 1.4199 1.4999 1.5799 1.6599
1.7399 1.8199 1.8999 1.9799 2.0599 2.1399 2.2199 2.2999 2.3799 2.4599
2.5399 2.6199 2.6999 2.7799 2.8599 2.9399 3.0199 3.0999 3.1799 3.2599
3.3399 3.4199 3.4999 3.5799 3.6599 3.7399 3.8199 3.8999 3.9799 4.0599
4.1399 4.2199 4.2999 4.3799 4.4599 4.5399 4.6199 4.6999 4.7799 4.8599
4.9399 5.0199 5.0999 5.1799 5.2599 5.3399 5.4199 5.4999 5.5799 5.6599
5.7399 5.8199 5.8999 5.9799 6.0599 6.1399 6.2199 6.2999 6.3799 6.4599
6.5399 6.6199 6.6999 6.7799 6.8599 6.9399 7.0199 7.0999 7.1799 7.2599
7.3399 7.4199 7.4999 7.5799 7.6599 7.7399 7.8199 7.8999 7.9799 8.0599
8.1399 8.2199 8.2999 8.3799 8.4599 8.5399 8.6199 8.6999 8.7799 8.8599
8.9399 9.0199 9.0999 9.1799 9.2599 9.3399 9.4199 9.4999 9.5799 9.6599
9.7399 9.8199 9.8999 0 0.05998 0.11996 0.17994 0.23992 0.2999 0.3799
0.4599 0.5399 0.6199 0.6999 0.7799 0.8599 0.9399 1.0199 1.0999 1.1799
1.2599 1.3399 1.4199 1.4999 1.5799 1.6599 1.7399 1.8199 1.8999 1.9799
2.0599 2.1399 2.2199 2.2999 2.3799 2.4599 2.5399 2.6199 2.6999 2.7799
2.8599 2.9399 3.0199 3.0999 3.1799 3.2599 3.3399 3.4199 3.4999 3.5799
3.6599 3.7399 3.8199 3.8999 3.9799 4.0599 4.1399 4.2199 4.2999 4.3799
4.4599 4.5399 4.6199 4.6999 4.7799 4.8599 4.9399 5.0199 5.0999 5.1799
5.2599 5.3399 5.4199 5.4999 5.5799 5.6599 5.7399 5.8199 5.8999 5.9799
6.0599 6.1399 6.2199 6.2999 6.3799 6.4599 6.5399 6.6199 6.6999 6.7799
6.8599 6.9399 7.0199 7.0999 7.1799 7.2599 7.3399 7.4199 7.4999 7.5799
7.6599 7.7399 7.8199 7.8999 7.9799 8.0599 8.1399 8.2199 8.2999 8.3799
8.4599 8.5399 8.6199 8.6999 8.7799 8.8599 8.9399 9.0199 9.0999 9.1799
9.2599 9.3399 9.4199 9.4999 9.5799 9.6599 9.7399 9.8199 9.8999 0
0.05998 0.11996 0.17994 0.23992 0.2999 0.3799 0.4599 0.5399 0.6199 0.6999
0.7799 0.8599 0.9399 1.0199 1.0999 1.1799 1.2599 1.3399 1.4199 1.4999
1.5799 1.6599 1.7399 1.8199 1.8999 1.9799 2.0599 2.1399 2.2199 2.2999
2.3799 2.4599 2.5399 2.6199 2.6999 2.7799 2.8599 2.9399 3.0199 3.0999
3.1799 3.2599 3.3399 3.4199 3.4999 3.5799 3.6599 3.7399 3.8199 3.8999
3.9799 4.0599 4.1399 4.2199 4.2999 4.3799 4.4599 4.5399 4.6199 4.6999
4.7799 4.8599 4.9399 5.0199 5.0999 5.1799 5.2599 5.3399 5.4199 5.4999
5.5799 5.6599 5.7399 5.8199 5.8999 5.9799 6.0599 6.1399 6.2199 6.2999
6.3799 6.4599 6.5399 6.6199 6.6999 6.7799 6.8599 6.9399 7.0199 7.0999
7.1799 7.2599 7.3399 7.4199 7.4999 7.5799 7.6599 7.7399 7.8199 7.8999
7.9799 8.0599 8.1399 8.2199 8.2999 8.3799 8.4599 8.5399 8.6199 8.6999
8.7799 8.8599 8.9399 9.0199 9.0999 9.1799 9.2599 9.3399 9.4199 9.4999
9.5799 9.6599 9.7399 9.8199 9.8999 0 0.05998 0.11996 0.17994 0.23992
0.2999 0.3799 0.4599 0.5399 0.6199 0.6999 0.7799 0.8599 0.9399 1.0199
1.0999 1.1799 1.2599 1.3399 1.4199 1.4999 1.5799 1.6599 1.7399 1.8199
1.8999 1.9799 2.0599 2.1399 2.2199 2.2999 2.3799 2.4599 2.5399 2.6199
2.6999 2.7799 2.8599 2.9399 3.0199 3.0999 3.1799 3.2599 3.3399 3.4199
3.4999 3.5799 3.6599 3.7399 3.8199 3.8999 3.9799 4.0599 4.1399 4.2199
4.2999 4.3799 4.4599 4.5399 4.6199 4.6999 4.7799 4.8599 4.9399 5.0199
5.0999 5.1799 5.2599 5.3399 5.4199 5.4999 5.5799 5.6599 5.7399 5.8199
5.8999 5.9799 6.0599 6.1399 6.2199 6.2999 6.3799 6.4599 6.5399 6.6199
6.6999 6.7799 6.8599 6.9399 7.0199 7.0999 7.1799 7.2599 7.3399 7.4199
7.4999 7.5799 7.6599 7.7399 7.8199 7.8999 7.9799 8.0599 8.1399 8.2199
8.2999 8.3799 8.4599 8.5399 8.6199 8.6999 8.7799 8.8599 8.9399 9.0199
9.0999 9.1799 9.2599 9.3399 9.4199 9.4999 9.5799 9.6599 9.7399 9.8199
9.8999 0 0.05998 0.11996 0.17994 0.23992 0.2999 0.3799 0.4599 0.5399
0.6199 0.6999 0.7799 0.8599 0.9399 1.0199 1.0999 1.1799 1.2599 1.3399
1.4199 1.4999 1.5799 1.6599 1.7399 1.8199 1.8999 1.9799 2.0599 2.1399
2.2199 2.2999 2.3799 2.4599 2.5399 2.6199 2.6999 2.7799 2.8599 2.9399
3.0199 3.0999 3.1799 3.2599 3.3399 3.4199 3.4999 3.5799 3.6599 3.7399
3.8199 3.8999 3.9799 4.0599 4.1399 4.2199 4.2999 4.3799 4.4599 4.5399
4.6199 4.6999 4.7799 4.8599 4.9399 5.0199 5.0999 5.1799 5.2599 5.3399
5.4199 5.4999 5.5799 5.6599 5.7399 5.8199 5.8999 5.9799 6.0599 6.1399
6.2199 6.2999 6.3799 6.4599 6.5399 6.6199 6.6999 6.7799 6.8599 6.9399
7.0199 7.0999 7.1799 7.2599 7.3399 7.4199 7.4999 7.5799 7.6599 7.7399
7.8199 7.8999 7.9799 8.0599 8.1399 8.2199 8.2999 8.3799 8.4599 8.5399
8.6199 8.6999 8.7799 8.8599 8.9399 9.0199 9.0999 9.1799 9.2599 9.3399
9.4199 9.4999 9.5799 9.6599 9.7399 9.8199 9.8999 0 0.05998 0.11996
0.17994 0.23992 0.2999 0.3799 0.4599 0.5399 0.6199 0.6999 0.7799 0.8599
0.9399 1.0199 1.0999 1.1799 1.2599 1.3399 1.4199 1.4999 1.5799 1.6599
1.7399 1.8199 1.8999 1.9799 2.0599 2.1399 2.2199 2.2999 2.3799 2.4599
2.5399 2.6199 2.6999 2.7799 2.8599 2.9399 3.0199 3.0999 3.1799 3.2599
3.3399 3.4199 3.4999 3.5799 3.6599 3.7399 3.8199 3.8999 3.9799 4.0599
4.1399 4.2199 4.2999 4.3799 4.4599 4.5399 4.6199 4.6999 4.7799 4.8599
4.9399 5.0199 5.0999 5.1799 5.2599 5.3399 5.4199 5.4999 5.5799 5.6599
5.7399 5.8199 5.8999 5.9799 6.0599 6.1399 6.2199 6.2999 6.3799 6.4599
6.5399 6.6199 6.6999 6.7799 6.8599 6.9399 7.0199 7.0999 7.1799 7.2599
7.3399 7.4199 7.4999 7.5799 7.6599 7.7399 7.8199 7.8999 7.9799 8.0599
8.1399 8.2199 8.2999 8.3799 8.4599 8.5399 8.6199 8.6999 8.7799 8.8599
8.9399 9.0199 9.0999 9.1799 9.2599 9.3399 9.4199 9.4999 9.5799 9.6599
9.7399 9.8199 9.8999 0 0.05998 0.11996 0.17994 0.23992 0.2999 0.3799
0.4599 0.5399 0.6199 0.6999 0.7799 0.8599 0.9399 1.0199 1.0999 1.1799
1.2599 1.3399 1.4199 1.4999 1.5799 1.6599 1.7399 1.8199 1.8999 1.9799
2.0599 2.1399 2.2199 2.2999 2.3799 2.4599 2.5399 2.6199 2.6999 2.7799
2.8599 2.9399 3.0199 3.0999 3.1799 3.2599 3.3399 3.4199 3.4999 3.5799
3.6599 3.7399 3.8199 3.8999 3.9799 4.0599 4.1399 4.2199 4.2999 4.3799
4.4599 4.5399 4.6199 4.6999 4.7799 4.8599 4.9399 5.0199 5.0999 5.1799
5.2599 5.3399 5.4199 5.4999 5.5799 5.6599 5.7399 5.8199 5.8999 5.9799
6.0599 6.1399 6.2199 6.2999 6.3799 6.4599 6.5399 6.6199 6.6999 6.7799
6.8599 6.9399 7.0199 7.0999 7.1799 7.2599 7.3399 7.4199 7.4999 7.5799
7.6599 7.7399 7.8199 7.8999 7.9799 8.0599 8.1399 8.2199 8.2999 8.3799
8.4599 8.5399 8.6199 8.6999 8.7799 8.8599 8.9399 9.0199 9.0999 9.1799
9.2599 9.3399 9.4199 9.4999 9.5799 9.6599 9.7399 9.8199 9.8999 0
0.05998 0.11996 0.17994 0.23992 0.2999 0.3799 0.4599 0.5399 0.6199 0.6999
0.7799 0.8599 0.9399 1.0199 1.0999 1.1799 1.2599 1.3399 1.4199 1.4999
1.5799 1.6599 1.7399 1.8199 1.8999 1.9799 2.0599 2.1399 2.2199 2.2999
2.3799 2.4599 2.5399 2.6199 2.6999 2.7799 2.8599 2.9399 3.0199 3.0999
3.1799 3.2599 3.3399 3.4199 3.4999 3.5799 3.6599 3.7399 3.8199 3.8999
3.9799 4.0599 4.1399 4.2199 4.2999 4.3799 4.4599 4.5399 4.6199 4.6999
4.7799 4.8599 4.9399 5.0199 5.0999 5.1799 5.2599 5.3399 5.4199 5.4999
5.5799 5.6599 5.7399 5.8199 5.8999 5.9799 6.0599 6.1399 6.2199 6.2999
6.3799 6.4599 6.5399 6.6199 6.6999 6.7799 6.8599 6.9399 7.0199 7.0999
7.1799 7.2599 7.3399 7.4199 7.4999 7.5799 7.6599 7.7399 7.8199 7.8999
7.9799 8.0599 8.1399 8.2199 8.2999 8.3799 8.4599 8.5399 8.6199 8.6999
8.7799 8.8599 8.9399 9.0199 9.0999 9.1799 9.2599 9.3399 9.4199 9.4999
9.5799 9.6599 9.7399 9.8199 9.8999 0 0.05998 0.11996 0.17994 0.23992
0.2999 0.3799 0.4599 0.5399 0.6199 0.6999 0.7799 0.8599 0.9399 1.0199
1.0999 1.1799 1.2599 1.3399 1.4199 1.4999 1.5799 1.6599 1.7399 1.8199
1.8999 1.9799 2.0599 2.1399 2.2199 2.2999 2.3799 2.4599 2.5399 2.6199
2.6999 2.7799 2.8599 2.9399 3.0199 3.0999 3.1799 3.2599 3.3399 3.4199
3.4999 3.5799 3.6599 3.7399 3.8199 3.8999 3.9799 4.0599 4.1399 4.2199
4.2999 4.3799 4.4599 4.5399 4.6199 4.6999 4.7799 4.8599 4.9399 5.0199
5.0999 5.1799 5.2599 5.3399 5.4199 5.4999 5.5799 5.6599 5.7399 5.8199
5.8999 5.9799 6.0599 6.1399 6.2199 6.2999 6.3799 6.4599 6.5399 6.6199
6.6999 6.7799 6.8599 6.9399 7.0199 7.0999 7.1799 7.2599 7.3399 7.4199
7.4999 7.5799 7.6599 7.7399 7.8199 7.8999 7.9799 8.0599 8.1399 8.2199
8.2999 8.3799 8.4599 8.5399 8.6199 8.6999 8.7799 8.8599 8.9399 9.0199
9.0999 9.1799 9.2599 9.3399 9.4199 9.4999 9.5799 9.6599 9.7399 9.8199
9.8999 0 0.05998 0.11996 0.17994 0.23992 0.2999 0.3799 0.4599 0.5399
0.6199 0.6999 0.7799 0.8599 0.9399 1.0199 1.0999 1.1799 1.2599 1.3399
1.4199 1.4999 1.5799 1.6599 1.7399 1.8199 1.8999 1.9799 2.0599 2.1399
2.2199 2.2999 2.3799 2.4599 2.5399 2.6199 2.6999 2.7799 2.8599 2.9399
3.0199 3.0999 3.1799 3.2599 3.3399 3.4199 3.4999 3.5799 3.6599 3.7399
3.8199 3.8999 3.9799 4.0599 4.1399 4.2199 4.2999 4.3799 4.4599 4.5399
4.6199 4.6999 4.7799 4.8599 4.9399 5.0199 5.0999 5.1799 5.2599 5.3399
5.4199 5.4999 5.5799 5.6599 5.7399 5.8199 5.8999 5.9799 6.0599 6.1399
6.2199 6.2999 6.3799 6.4599 6.5399 6.6199 6.6999 6.7799 6.8599 6.9399
7.0199 7.0999 7.1799 7.2599 7.3399 7.4199 7.4999 7.5799 7.6599 7.7399
7.8199 7.8999 7.9799 8.0599 8.1399 8.2199 8.2999 8.3799 8.4599 8.5399
8.6199 8.6999 8.7799 8.8599 8.9399 9.0199 9.0999 9.1799 9.2599 9.3399
9.4199 9.4999 9.5799 9.6599 9.7399 9.8199 9.8999 0 0.05998 0.11996
0.17994 0.23992 0.2999 0.3799 0.4599 0.5399 0.6199 0.6999 0.7799 0.8599
0.9399 1.0199 1.0999 1.1799 1.2599 1.3399 1.4199 1.4999 1.5799 1.6599
1.7399 1.8199 1.8999 1.9799 2.0599 2.1399 2.2199 2.2999 2.3799 2.4599
2.5399 2.6199 2.6999 2.7799 2.8599 2.9399 3.0199 3.0999 3.1799 3.2599
3.3399 3.4199 3.4999 3.5799 3.6599 3.7399 3.8199 3.8999 3.9799 4.0599
4.1399 4.2199 4.2999 4.3799 4.4599 4.5399 4.6199 4.6999 4.7799 4.8599
4.9399 5.0199 5.0999 5.1799 5.2599 5.3399 5.4199 5.4999 5.5799 5.6599
5.7399 5.8199 5.8999 5.9799 6.0599 6.1399 6.2199 6.2999 6.3799 6.4599
6.5399 6.6199 6.6999 6.7799 6.8599 6.9399 7.0199 7.0999 7.1799 7.2599
7.3399 7.4199 7.4999 7.5799 7.6599 7.7399 7.8199 7.8999 7.9799 8.0599
8.1399 8.2199 8.2999 8.3799 8.4599 8.5399 8.6199 8.6999 8.7799 8.8599
8.9399 9.0199 9.0999 9.1799 9.2599 9.3399 9.4199 9.4999 9.5799 9.6599
9.7399 9.8199 9.8999 0 0.05998 0.11996 0.17994 0.23992 0.2999 0.3799
0.4599 0.5399 0.6199 0.6999 0.7799 0.8599 0.9399 1.0199 1.0999 1.1799
1.2599 1.3399 1.4199 1.4999 1.5799 1.6599 1.7399 1.8199 1.8999 1.9799
2.0599 2.1399 2.2199 2.2999 2.3799 2.4599 2.5399 2.6199 2.6999 2.7799
2.8599 2.9399 3.0199 3.0999 3.1799 3.2599 3.3399 3.4199 3.4999 3.5799
3.6599 3.7399 3.8199 3.8999 3.9799 4.0599 4.1399 4.2199 4.2999 4.3799
4.4599 4.5399 4.6199 4.6999 4.7799 4.8599 4.9399 5.0199 5.0999 5.1799
5.2599 5.3399 5.4199 5.4999 5.5799 5.6599 5.7399 5.8199 5.8999 5.9799
6.0599 6.1399 6.2199 6.2999 6.3799 6.4599 6.5399 6.6199 6.6999 6.7799
6.8599 6.9399 7.0199 7.0999 7.1799 7.2599 7.3399 7.4199 7.4999 7.5799
7.6599 7.7399 7.8199 7.8999 7.9799 8.0599 8.1399 8.2199 8.2999 8.3799
8.4599 8.5399 8.6199 8.6999 8.7799 8.8599 8.9399 9.0199 9.0999 9.1799
9.2599 9.3399 9.4199 9.4999 9.5799 9.6599 9.7399 9.8199 9.8999 0
0.05998 0.11996 0.17994 0.23992 0.2999 0.3799 0.4599 0.5399 0.6199 0.6999
0.7799 0.8599 0.9399 1.0199 1.0999 1.1799 1.2599 1.3399 1.4199 1.4999
1.5799 1.6599 1.7399 1.8199 1.8999 1.9799 2.0599 2.1399 2.2199 2.2999
2.3799 2.4599 2.5399 2.6199 2.6999 2.7799 2.8599 2.9399 3.0199 3.0999
3.1799 3.2599 3.3399 3.4199 3.4999 3.5799 3.6599 3.7399 3.8199 3.8999
3.9799 4.0599 4.1399 4.2199 4.2999 4.3799 4.4599 4.5399 4.6199 4.6999
4.7799 4.8599 4.9399 5.0199 5.0999 5.1799 5.2599 5.3399 5.4199 5.4999
5.5799 5.6599 5.7399 5.8199 5.8999 5.9799 6.0599 6.1399 6.2199 6.2999
6.3799 6.4599 6.5399 6.6199 6.6999 6.7799 6.8599 6.9399 7.0199 7.0999
7.1799 7.2599 7.3399 7.4199 7.4999 7.5799 7.6599 7.7399 7.8199 7.8999
7.9799 8.0599 8.1399 8.2199 8.2999 8.3799 8.4599 8.5399 8.6199 8.6999
8.7799 8.8599 8.9399 9.0199 9.0999 9.1799 9.2599 9.3399 9.4199 9.4999
9.5799 9.6599 9.7399 9.8199 9.8999 0 0.05998 0.11996 0.17994 0.23992
0.2999 0.3799 0.4599 0.5399 0.6199 0.6999 0.7799 0.8599 0.9399 1.0199
1.0999 1.1799 1.2599 1.3399 1.4199 1.4999 1.5799 1.6599 1.7399 1.8199
1.8999 1.9799 2.0599 2.1399 2.2199 2.2999 2.3799 2.4599 2.5399 2.6199
2.6999 2.7799 2.8599 2.9399 3.0199 3.0999 3.1799 3.2599 3.3399 3.4199
3.4999 3.5799 3.6599 3.7399 3.8199 3.8999 3.9799 4.0599 4.1399 4.2199
4.2999 4.3799 4.4599 4.5399 4.6199 4.6999 4.7799 4.8599 4.9399 5.0199
5.0999 5.1799 5.2599 5.3399 5.4199 5.4999 5.5799 5.6599 5.7399 5.8199
5.8999 5.9799 6.0599 6.1399 6.2199 6.2999 6.3799 6.4599 6.5399 6.6199
6.6999 6.7799 6.8599 6.9399 7.0199 7.0999 7.1799 7.2599 7.3399 7.4199
7.4999 7.5799 7.6599 7.7399 7.8199 7.8999 7.9799 8.0599 8.1399 8.2199
8.2999 8.3799 8.4599 8.5399 8.6199 8.6999 8.7799 8.8599 8.9399 9.0199
9.0999 9.1799 9.2599 9.3399 9.4199 9.4999 9.5799 9.6599 9.7399 9.8199
9.8999 0 0.05998 0.11996 0.17994 0.23992 0.2999 0.3799 0.4599 0.5399
0.6199 0.6999 0.7799 0.8599 0.9399 1.0199 1.0999 1.1799 1.2599 1.3399
1.4199 1.4999 1.5799 1.6599 1.7399 1.8199 1.8999 1.9799 2.0599 2.1399
2.2199 2.2999 2.3799 2.4599 2.5399 2.6199 2.6999 2.7799 2.8599 2.9399
3.0199 3.0999 3.1799 3.2599 3.3399 3.4199 3.4999 3.5799 3.6599 3.7399
3.8199 3.8999 3.9799 4.0599 4.1399 4.2199 4.2999 4.3799 4.4599 4.5399
4.6199 4.6999 4.7799 4.8599 4.9399 5.0199 5.0999 5.1799 5.2599 5.3399
5.4199 5.4999 5.5799 5.6599 5.7399 5.8199 5.8999 5.9799 6.0599 6.1399
6.2199 6.2999 6.3799 6.4599 6.5399 6.6199 6.6999 6.7799 6.8599 6.9399
7.0199 7.0999 7.1799 7.2599 7.3399 7.4199 7.4999 7.5799 7.6599 7.7399
7.8199 7.8999 7.9799 8.0599 8.1399 8.2199 8.2999 8.3799 8.4599 8.5399
8.6199 8.6999 8.7799 8.8599 8.9399 9.0199 9.0999 9.1799 9.2599 9.3399
9.4199 9.4999 9.5799 9.6599 9.7399 9.8199 9.8999 0 0.05998 0.11996
0.17994 0.23992 0.2999 0.3799 0.4599 0.5399 0.6199 0.6999 0.7799 0.8599
0.9399 1.0199 1.0999 1.1799 1.2599 1.3399 1.4199 1.4999 1.5799 1.6599
1.7399 1.8199 1.8999 1.9799 2.0599 2.1399 2.2199 2.2999 2.3799 2.4599
2.5399 2.6199 2.6999 2.7799 2.8599 2.9399 3.0199 3.0999 3.1799 3.2599
3.3399 3.4199 3.4999 3.5799 3.6599 3.7399 3.8199 3.8999 3.9799 4.0599
4.1399 4.2199 4.2999 4.3799 4.4599 4.5399 4.6199 4.6999 4.7799 4.8599
4.9399 5.0199 5.0999 5.1799 5.2599 5.3399 5.4199 5.4999 5.5799 5.6599
5.7399 5.8199 5.8999 5.9799 6.0599 6.1399 6.2199 6.2999 6.3799 6.4599
6.5399 6.6199 6.6999 6.7799 6.8599 6.9399 7.0199 7.0999 7.1799 7.2599
7.3399 7.4199 7.4999 7.5799 7.6599 7.7399 7.8199 7.8999 7.9799 8.0599
8.1399 8.2199 8.2999 8.3799 8.4599 8.5399 8.6199 8.6999 8.7799 8.8599
8.9399 9.0199 9.0999 9.1799 9.2599 9.3399 9.4199 9.4999 9.5799 9.6599
9.7399 9.8199 9.8999 0 0.05998 0.11996 0.17994 0.23992 0.2999 0.3799
0.4599 0.5399 0.6199 0.6999 0.7799 0.8599 0.9399 1.0199 1.0999 1.1799
1.2599 1.3399 1.4199 1.4999 1.5799 1.6599 1.7399 1.8199 1.8999 1.9799
2.0599 2.1399 2.2199 2.2999 2.3799 2.4599 2.5399 2.6199 2.6999 2.7799
2.8599 2.9399 3.0199 3.0999 3.1799 3.2599 3.3399 3.4199 3.4999 3.5799
3.6599 3.7399 3.8199 3.8999 3.9799 4.0599 4.1399 4.2199 4.2999 4.3799
4.4599 4.5399 4.6199 4.6999 4.7799 4.8599 4.9399 5.0199 5.0999 5.1799
5.2599 5.3399 5.4199 5.4999 5.5799 5.6599 5.7399 5.8199 5.8999 5.9799
6.0599 6.1399 6.2199 6.2999 6.3799 6.4599 6.5399 6.6199 6.6999 6.7799
6.8599 6.9399 7.0199 7.0999 7.1799 7.2599 7.3399 7.4199 7.4999 7.5799
7.6599 7.7399 7.8199 7.8999 7.9799 8.0599 8.1399 8.2199 8.2999 8.3799
8.4599 8.5399 8.6199 8.6999 8.7799 8.8599 8.9399 9.0199 9.0999 9.1799
9.2599 9.3399 9.4199 9.4999 9.5799 9.6599 9.7399 9.8199 9.8999 
p 1 2520 float
3.58388e-05 3.57583e-05 3.56777e-05 3.55972e-05 3.55166e-05 3.54363e-05 3.53251e-05 3.52102e-05 3.50953e-05 3.49804e-05 3.48658e-05
3.47483e-05 3.46271e-05 3.45059e-05 3.43847e-05 3.42638e-05 3.41411e-05 3.40146e-05 3.38882e-05 3.37617e-05 3.36356e-05
3.35084e-05 3.33775e-05 3.32466e-05 3.31157e-05 3.29851e-05 3.28529e-05 3.2717e-05 3.25811e-05 3.24452e-05 3.23096e-05
3.21711e-05 3.20288e-05 3.18864e-05 3.17441e-05 3.1602e-05 3.14582e-05 3.13104e-05 3.11626e-05 3.10148e-05 3.08672e-05
3.07175e-05 3.05639e-05 3.04104e-05 3.02569e-05 3.01036e-05 2.99409e-05 2.97746e-05 2.96083e-05 2.9442e-05 2.92759e-05
2.9091e-05 2.89025e-05 2.87141e-05 2.85257e-05 2.83375e-05 2.81228e-05 2.79047e-05 2.76866e-05 2.74685e-05 2.72505e-05
2.69994e-05 2.67447e-05 2.64899e-05 2.62352e-05 2.59806e-05 2.56888e-05 2.53932e-05 2.50976e-05 2.4802e-05 2.45066e-05
2.41706e-05 2.38307e-05 2.34908e-05 2.31509e-05 2.28111e-05 2.24256e-05 2.20359e-05 2.16463e-05 2.12566e-05 2.08671e-05
2.04287e-05 1.99858e-05 1.95429e-05 1.91e-05 1.86572e-05 1.8169e-05 1.76758e-05 1.71826e-05 1.66894e-05 1.61963e-05
1.56705e-05 1.51399e-05 1.46092e-05 1.40786e-05 1.3548e-05 1.30033e-05 1.24542e-05 1.19051e-05 1.1356e-05 1.08071e-05
1.02605e-05 9.71019e-06 9.15993e-06 8.60968e-06 8.05954e-06 7.53828e-06 7.01473e-06 6.49119e-06 5.96764e-06 5.44423e-06
4.98249e-06 4.52057e-06 4.05865e-06 3.59672e-06 3.13492e-06 2.76415e-06 2.39612e-06 2.02809e-06 1.66006e-06 1.2921e-06
1.0841e-06 8.80633e-07 6.77171e-07 4.73709e-07 2.70268e-07 3.58297e-05 3.57491e-05 3.56686e-05 3.5588e-05 3.55075e-05
3.54413e-05 3.53164e-05 3.52015e-05 3.50866e-05 3.49717e-05 3.48708e-05 3.474e-05 3.46188e-05 3.44976e-05 3.43764e-05
3.4269e-05 3.4133e-05 3.40066e-05 3.38801e-05 3.37537e-05 3.36409e-05 3.35008e-05 3.33699e-05 3.3239e-05 3.31081e-05
3.29905e-05 3.28458e-05 3.27099e-05 3.2574e-05 3.24381e-05 3.23149e-05 3.21643e-05 3.20219e-05 3.18796e-05 3.17372e-05
3.16073e-05 3.14516e-05 3.13038e-05 3.1156e-05 3.10082e-05 3.08724e-05 3.07118e-05 3.05583e-05 3.04048e-05 3.02513e-05
3.01086e-05 2.99361e-05 2.97697e-05 2.96034e-05 2.94371e-05 2.92805e-05 2.9087e-05 2.88986e-05 2.87102e-05 2.85218e-05
2.83417e-05 2.81196e-05 2.79015e-05 2.76834e-05 2.74653e-05 2.72542e-05 2.69967e-05 2.6742e-05 2.64873e-05 2.62326e-05
2.59839e-05 2.56864e-05 2.53909e-05 2.50953e-05 2.47997e-05 2.45094e-05 2.41686e-05 2.38287e-05 2.34888e-05 2.31489e-05
2.28136e-05 2.24238e-05 2.20341e-05 2.16445e-05 2.12548e-05 2.08694e-05 2.04269e-05 1.9984e-05 1.95412e-05 1.90983e-05
1.86596e-05 1.81671e-05 1.76739e-05 1.71807e-05 1.66875e-05 1.6199e-05 1.56687e-05 1.5138e-05 1.46074e-05 1.40767e-05
1.35512e-05 1.30014e-05 1.24523e-05 1.19032e-05 1.13541e-05 1.08107e-05 1.02587e-05 9.70839e-06 9.15814e-06 8.60788e-06
8.06371e-06 7.5362e-06 7.01265e-06 6.48911e-06 5.96556e-06 5.44862e-06 4.98092e-06 4.519e-06 4.05707e-06 3.59515e-06
3.13882e-06 2.76314e-06 2.39511e-06 2.02708e-06 1.65905e-06 1.29458e-06 1.08023e-06 8.76763e-07 6.73301e-07 4.69838e-07
2.67449e-07 3.58322e-05 3.57517e-05 3.56711e-05 3.55906e-05 3.551e-05 3.54462e-05 3.5319e-05 3.52041e-05 3.50892e-05
3.49743e-05 3.48758e-05 3.47428e-05 3.46216e-05 3.45004e-05 3.43792e-05 3.42742e-05 3.4136e-05 3.40096e-05 3.38831e-05
3.37567e-05 3.36462e-05 3.35039e-05 3.3373e-05 3.32422e-05 3.31113e-05 3.29959e-05 3.28491e-05 3.27132e-05 3.25773e-05
3.24414e-05 3.23203e-05 3.21676e-05 3.20252e-05 3.18829e-05 3.17406e-05 3.16127e-05 3.1455e-05 3.13072e-05 3.11594e-05
3.10116e-05 3.08776e-05 3.07152e-05 3.05617e-05 3.04082e-05 3.02547e-05 3.01136e-05 2.99394e-05 2.97731e-05 2.96068e-05
2.94405e-05 2.92851e-05 2.90902e-05 2.89018e-05 2.87134e-05 2.8525e-05 2.83459e-05 2.81226e-05 2.79045e-05 2.76863e-05
2.74682e-05 2.72579e-05 2.69994e-05 2.67447e-05 2.64899e-05 2.62352e-05 2.59871e-05 2.56888e-05 2.53932e-05 2.50976e-05
2.4802e-05 2.45123e-05 2.41707e-05 2.38308e-05 2.34909e-05 2.3151e-05 2.28162e-05 2.24256e-05 2.20359e-05 2.16463e-05
2.12566e-05 2.08718e-05 2.04286e-05 1.99857e-05 1.95428e-05 1.91e-05 1.86621e-05 1.81688e-05 1.76756e-05 1.71824e-05
1.66892e-05 1.62017e-05 1.56706e-05 1.51399e-05 1.46093e-05 1.40786e-05 1.35543e-05 1.30037e-05 1.24546e-05 1.19055e-05
1.13564e-05 1.08144e-05 1.02614e-05 9.71115e-06 9.16089e-06 8.61063e-06 8.06789e-06 7.53933e-06 7.01578e-06 6.49224e-06
5.96869e-06 5.453e-06 4.98431e-06 4.52239e-06 4.06046e-06 3.59854e-06 3.14273e-06 2.76623e-06 2.3982e-06 2.03017e-06
1.66214e-06 1.29705e-06 1.08164e-06 8.7818e-07 6.74718e-07 4.71256e-07 2.6463e-07 3.58371e-05 3.57566e-05 3.5676e-05
3.55954e-05 3.55149e-05 3.54511e-05 3.5324e-05 3.52091e-05 3.50942e-05 3.49793e-05 3.48809e-05 3.47478e-05 3.46266e-05
3.45055e-05 3.43843e-05 3.42794e-05 3.41412e-05 3.40148e-05 3.38883e-05 3.37619e-05 3.36515e-05 3.35093e-05 3.33784e-05
3.32475e-05 3.31166e-05 3.30013e-05 3.28545e-05 3.27186e-05 3.25827e-05 3.24468e-05 3.23257e-05 3.2173e-05 3.20306e-05
3.18883e-05 3.17459e-05 3.1618e-05 3.14603e-05 3.13125e-05 3.11647e-05 3.10169e-05 3.08829e-05 3.07205e-05 3.05669e-05
3.04134e-05 3.02599e-05 3.01186e-05 2.99444e-05 2.97781e-05 2.96118e-05 2.94455e-05 2.92898e-05 2.90949e-05 2.89065e-05
2.87181e-05 2.85297e-05 2.83501e-05 2.81268e-05 2.79086e-05 2.76905e-05 2.74724e-05 2.72616e-05 2.70031e-05 2.67484e-05
2.64937e-05 2.62389e-05 2.59904e-05 2.5692e-05 2.53964e-05 2.51008e-05 2.48053e-05 2.45152e-05 2.41736e-05 2.38337e-05
2.34938e-05 2.31539e-05 2.28187e-05 2.24281e-05 2.20385e-05 2.16488e-05 2.12592e-05 2.08742e-05 2.0431e-05 1.99881e-05
1.95452e-05 1.91023e-05 1.86645e-05 1.81712e-05 1.7678e-05 1.71848e-05 1.66916e-05 1.62043e-05 1.56733e-05 1.51426e-05
1.4612e-05 1.40813e-05 1.35575e-05 1.30068e-05 1.24577e-05 1.19086e-05 1.13595e-05 1.0818e-05 1.02651e-05 9.7148e-06
9.16454e-06 8.61429e-06 8.07206e-06 7.5435e-06 7.01996e-06 6.49641e-06 5.97287e-06 5.45738e-06 4.98869e-06 4.52677e-06
4.06485e-06 3.60292e-06 3.14663e-06 2.77013e-06 2.4021e-06 2.03407e-06 1.66604e-06 1.29953e-06 1.08412e-06 8.80655e-07
6.77192e-07 4.7373e-07 2.61811e-07 3.5842e-05 3.57614e-05 3.56809e-05 3.56003e-05 3.55198e-05 3.5456e-05 3.53289e-05
3.5214e-05 3.50991e-05 3.49842e-05 3.48859e-05 3.47529e-05 3.46317e-05 3.45105e-05 3.43893e-05 3.42845e-05 3.41464e-05
3.40199e-05 3.38935e-05 3.37671e-05 3.36569e-05 3.35146e-05 3.33837e-05 3.32528e-05 3.31219e-05 3.30067e-05 3.28599e-05
3.2724e-05 3.25881e-05 3.24522e-05 3.23311e-05 3.21783e-05 3.2036e-05 3.18937e-05 3.17513e-05 3.16233e-05 3.14656e-05
3.13178e-05 3.117e-05 3.10222e-05 3.08881e-05 3.07257e-05 3.05722e-05 3.04187e-05 3.02651e-05 3.01236e-05 2.99494e-05
2.97831e-05 2.96168e-05 2.94505e-05 2.92944e-05 2.90995e-05 2.89111e-05 2.87227e-05 2.85343e-05 2.83542e-05 2.8131e-05
2.79128e-05 2.76947e-05 2.74766e-05 2.72653e-05 2.70068e-05 2.67521e-05 2.64974e-05 2.62426e-05 2.59936e-05 2.56953e-05
2.53997e-05 2.51041e-05 2.48085e-05 2.4518e-05 2.41764e-05 2.38365e-05 2.34966e-05 2.31567e-05 2.28213e-05 2.24307e-05
2.2041e-05 2.16514e-05 2.12617e-05 2.08765e-05 2.04334e-05 1.99905e-05 1.95476e-05 1.91047e-05 1.86669e-05 1.81736e-05
1.76804e-05 1.71872e-05 1.6694e-05 1.6207e-05 1.5676e-05 1.51453e-05 1.46147e-05 1.4084e-05 1.35606e-05 1.301e-05
1.24609e-05 1.19118e-05 1.13627e-05 1.08217e-05 1.02687e-05 9.71846e-06 9.1682e-06 8.61794e-06 8.07623e-06 7.54767e-06
7.02413e-06 6.50058e-06 5.97704e-06 5.46176e-06 4.99307e-06 4.53115e-06 4.06923e-06 3.60731e-06 3.15054e-06 2.77404e-06
2.40601e-06 2.03798e-06 1.66995e-06 1.302e-06 1.08659e-06 8.83129e-07 6.79667e-07 4.76205e-07 2.58992e-07 3.58469e-05
3.57663e-05 3.56858e-05 3.56052e-05 3.55246e-05 3.5461e-05 3.53338e-05 3.52189e-05 3.5104e-05 3.49891e-05 3.48909e-05
3.47579e-05 3.46367e-05 3.45155e-05 3.43943e-05 3.42897e-05 3.41516e-05 3.40251e-05 3.38987e-05 3.37722e-05 3.36622e-05
3.35199e-05 3.3389e-05 3.32582e-05 3.31273e-05 3.30121e-05 3.28653e-05 3.27294e-05 3.25935e-05 3.24576e-05 3.23365e-05
3.21837e-05 3.20414e-05 3.1899e-05 3.17567e-05 3.16287e-05 3.1471e-05 3.13232e-05 3.11754e-05 3.10275e-05 3.08933e-05
3.07309e-05 3.05774e-05 3.04239e-05 3.02704e-05 3.01286e-05 2.99544e-05 2.97881e-05 2.96218e-05 2.94555e-05 2.92991e-05
2.91042e-05 2.89158e-05 2.87273e-05 2.85389e-05 2.83584e-05 2.81351e-05 2.7917e-05 2.76989e-05 2.74808e-05 2.7269e-05
2.70105e-05 2.67558e-05 2.65011e-05 2.62463e-05 2.59969e-05 2.56985e-05 2.54029e-05 2.51074e-05 2.48118e-05 2.45209e-05
2.41793e-05 2.38394e-05 2.34995e-05 2.31596e-05 2.28238e-05 2.24332e-05 2.20436e-05 2.16539e-05 2.12643e-05 2.08789e-05
2.04357e-05 1.99928e-05 1.955e-05 1.91071e-05 1.86693e-05 1.8176e-05 1.76828e-05 1.71896e-05 1.66964e-05 1.62097e-05
1.56786e-05 1.5148e-05 1.46173e-05 1.40867e-05 1.35637e-05 1.30131e-05 1.2464e-05 1.19149e-05 1.13658e-05 1.08254e-05
1.02724e-05 9.72212e-06 9.17186e-06 8.6216e-06 8.08041e-06 7.55185e-06 7.0283e-06 6.50476e-06 5.98121e-06 5.46615e-06
4.99746e-06 4.53553e-06 4.07361e-06 3.61169e-06 3.15444e-06 2.77794e-06 2.40991e-06 2.04188e-06 1.67385e-06 1.30448e-06
1.08907e-06 8.85603e-07 6.82141e-07 4.78679e-07 2.56173e-07 3.58517e-05 3.57712e-05 3.56906e-05 3.56101e-05 3.55295e-05
3.54659e-05 3.53387e-05 3.52238e-05 3.51089e-05 3.4994e-05 3.4896e-05 3.47629e-05 3.46418e-05 3.45206e-05 3.43994e-05
3.42949e-05 3.41568e-05 3.40303e-05 3.39039e-05 3.37774e-05 3.36675e-05 3.35253e-05 3.33944e-05 3.32635e-05 3.31326e-05
3.30174e-05 3.28707e-05 3.27348e-05 3.25989e-05 3.2463e-05 3.23418e-05 3.21891e-05 3.20468e-05 3.19044e-05 3.17621e-05
3.1634e-05 3.14763e-05 3.13285e-05 3.11807e-05 3.10329e-05 3.08985e-05 3.07361e-05 3.05826e-05 3.04291e-05 3.02756e-05
3.01336e-05 2.99594e-05 2.97931e-05 2.96268e-05 2.94605e-05 2.93037e-05 2.91088e-05 2.89204e-05 2.8732e-05 2.85436e-05
2.83626e-05 2.81393e-05 2.79212e-05 2.77031e-05 2.7485e-05 2.72727e-05 2.70142e-05 2.67595e-05 2.65048e-05 2.625e-05
2.60002e-05 2.57018e-05 2.54062e-05 2.51106e-05 2.4815e-05 2.45238e-05 2.41822e-05 2.38423e-05 2.35024e-05 2.31625e-05
2.28264e-05 2.24358e-05 2.20461e-05 2.16565e-05 2.12668e-05 2.08813e-05 2.04381e-05 1.99952e-05 1.95523e-05 1.91094e-05
1.86717e-05 1.81784e-05 1.76852e-05 1.7192e-05 1.66988e-05 1.62124e-05 1.56813e-05 1.51507e-05 1.462e-05 1.40894e-05
1.35669e-05 1.30162e-05 1.24671e-05 1.1918e-05 1.13689e-05 1.0829e-05 1.0276e-05 9.72578e-06 9.17552e-06 8.62526e-06
8.08458e-06 7.55602e-06 7.03247e-06 6.50893e-06 5.98539e-06 5.47053e-06 5.00184e-06 4.53992e-06 4.07799e-06 3.61607e-06
3.15835e-06 2.78185e-06 2.41382e-06 2.04579e-06 1.67776e-06 1.30695e-06 1.09154e-06 8.88078e-07 6.84615e-07 4.81153e-07
2.53354e-07 3.58566e-05 3.57761e-05 3.56955e-05 3.5615e-05 3.55344e-05 3.54708e-05 3.53437e-05 3.52288e-05 3.51139e-05
3.4999e-05 3.4901e-05 3.4768e-05 3.46468e-05 3.45256e-05 3.44044e-05 3.43001e-05 3.41619e-05 3.40355e-05 3.39091e-05
3.37826e-05 3.36729e-05 3.35306e-05 3.33997e-05 3.32688e-05 3.31379e-05 3.30228e-05 3.28761e-05 3.27402e-05 3.26043e-05
3.24683e-05 3.23472e-05 3.21945e-05 3.20521e-05 3.19098e-05 3.17675e-05 3.16393e-05 3.14816e-05 3.13338e-05 3.1186e-05
3.10382e-05 3.09038e-05 3.07414e-05 3.05879e-05 3.04343e-05 3.02808e-05 3.01386e-05 2.99644e-05 2.97981e-05 2.96318e-05
2.94655e-05 2.93083e-05 2.91134e-05 2.8925e-05 2.87366e-05 2.85482e-05 2.83668e-05 2.81435e-05 2.79254e-05 2.77073e-05
2.74892e-05 2.72764e-05 2.70179e-05 2.67632e-05 2.65085e-05 2.62537e-05 2.60034e-05 2.5705e-05 2.54095e-05 2.51139e-05
2.48183e-05 2.45266e-05 2.4185e-05 2.38451e-05 2.35052e-05 2.31653e-05 2.28289e-05 2.24383e-05 2.20487e-05 2.1659e-05
2.12694e-05 2.08836e-05 2.04405e-05 1.99976e-05 1.95547e-05 1.91118e-05 1.86741e-05 1.81808e-05 1.76876e-05 1.71944e-05
1.67012e-05 1.62151e-05 1.5684e-05 1.51534e-05 1.46227e-05 1.40921e-05 1.357e-05 1.30194e-05 1.24703e-05 1.19212e-05
1.13721e-05 1.08327e-05 1.02797e-05 9.72944e-06 9.17918e-06 8.62892e-06 8.08875e-06 7.56019e-06 7.03665e-06 6.5131e-06
5.98956e-06 5.47491e-06 5.00622e-06 4.5443e-06 4.08238e-06 3.62045e-06 3.16225e-06 2.78576e-06 2.41773e-06 2.0497e-06
1.68167e-06 1.30942e-06 1.09401e-06 8.90552e-07 6.8709e-07 4.83628e-07 2.50535e-07 3.58615e-05 3.5781e-05 3.57004e-05
3.56198e-05 3.55393e-05 3.54758e-05 3.53486e-05 3.52337e-05 3.51188e-05 3.50039e-05 3.4906e-05 3.4773e-05 3.46518e-05
3.45306e-05 3.44094e-05 3.43053e-05 3.41671e-05 3.40407e-05 3.39142e-05 3.37878e-05 3.36782e-05 3.35359e-05 3.3405e-05
3.32741e-05 3.31433e-05 3.30282e-05 3.28815e-05 3.27455e-05 3.26096e-05 3.24737e-05 3.23526e-05 3.21998e-05 3.20575e-05
3.19152e-05 3.17728e-05 3.16446e-05 3.1487e-05 3.13392e-05 3.11913e-05 3.10435e-05 3.0909e-05 3.07466e-05 3.05931e-05
3.04396e-05 3.0286e-05 3.01436e-05 2.99694e-05 2.98031e-05 2.96368e-05 2.94705e-05 2.9313e-05 2.91181e-05 2.89297e-05
2.87413e-05 2.85529e-05 2.8371e-05 2.81477e-05 2.79296e-05 2.77115e-05 2.74933e-05 2.72801e-05 2.70216e-05 2.67669e-05
2.65122e-05 2.62574e-05 2.60067e-05 2.57083e-05 2.54127e-05 2.51171e-05 2.48215e-05 2.45295e-05 2.41879e-05 2.3848e-05
2.35081e-05 2.31682e-05 2.28315e-05 2.24409e-05 2.20512e-05 2.16616e-05 2.12719e-05 2.0886e-05 2.04428e-05 2e-05
1.95571e-05 1.91142e-05 1.86765e-05 1.81832e-05 1.769e-05 1.71968e-05 1.67036e-05 1.62178e-05 1.56867e-05 1.5156e-05
1.46254e-05 1.40947e-05 1.35731e-05 1.30225e-05 1.24734e-05 1.19243e-05 1.13752e-05 1.08363e-05 1.02834e-05 9.7331e-06
9.18284e-06 8.63258e-06 8.09292e-06 7.56437e-06 7.04082e-06 6.51728e-06 5.99373e-06 5.47929e-06 5.0106e-06 4.54868e-06
4.08676e-06 3.62484e-06 3.16616e-06 2.78966e-06 2.42163e-06 2.0536e-06 1.68557e-06 1.3119e-06 1.09649e-06 8.93026e-07
6.89564e-07 4.86102e-07 2.47716e-07 3.58664e-05 3.57858e-05 3.57053e-05 3.56247e-05 3.55442e-05 3.54807e-05 3.53535e-05
3.52386e-05 3.51237e-05 3.50088e-05 3.49111e-05 3.4778e-05 3.46569e-05 3.45357e-05 3.44145e-05 3.43105e-05 3.41723e-05
3.40459e-05 3.39194e-05 3.3793e-05 3.36835e-05 3.35413e-05 3.34104e-05 3.32795e-05 3.31486e-05 3.30336e-05 3.28868e-05
3.27509e-05 3.2615e-05 3.24791e-05 3.2358e-05 3.22052e-05 3.20629e-05 3.19205e-05 3.17782e-05 3.165e-05 3.14923e-05
3.13445e-05 3.11967e-05 3.10489e-05 3.09142e-05 3.07518e-05 3.05983e-05 3.04448e-05 3.02913e-05 3.01486e-05 2.99744e-05
2.98081e-05 2.96418e-05 2.94755e-05 2.93176e-05 2.91227e-05 2.89343e-05 2.87459e-05 2.85575e-05 2.83752e-05 2.81519e-05
2.79338e-05 2.77157e-05 2.74975e-05 2.72838e-05 2.70253e-05 2.67706e-05 2.65159e-05 2.62611e-05 2.60099e-05 2.57116e-05
2.5416e-05 2.51204e-05 2.48248e-05 2.45324e-05 2.41908e-05 2.38509e-05 2.3511e-05 2.31711e-05 2.2834e-05 2.24434e-05
2.20538e-05 2.16641e-05 2.12745e-05 2.08884e-05 2.04452e-05 2.00023e-05 1.95594e-05 1.91166e-05 1.86789e-05 1.81856e-05
1.76924e-05 1.71992e-05 1.6706e-05 1.62205e-05 1.56894e-05 1.51587e-05 1.46281e-05 1.40974e-05 1.35763e-05 1.30257e-05
1.24766e-05 1.19275e-05 1.13784e-05 1.084e-05 1.0287e-05 9.73676e-06 9.1865e-06 8.63624e-06 8.0971e-06 7.56854e-06
7.04499e-06 6.52145e-06 5.9979e-06 5.48368e-06 5.01499e-06 4.55306e-06 4.09114e-06 3.62922e-06 3.17006e-06 2.79357e-06
2.42554e-06 2.05751e-06 1.68948e-06 1.31437e-06 1.09896e-06 8.95501e-07 6.92038e-07 4.88576e-07 2.44897e-07 3.58713e-05
3.57907e-05 3.57102e-05 3.56296e-05 3.5549e-05 3.54856e-05 3.53585e-05 3.52435e-05 3.51286e-05 3.50137e-05 3.49161e-05
3.47831e-05 3.46619e-05 3.45407e-05 3.44195e-05 3.43156e-05 3.41775e-05 3.40511e-05 3.39246e-05 3.37982e-05 3.36889e-05
3.35466e-05 3.34157e-05 3.32848e-05 3.31539e-05 3.3039e-05 3.28922e-05 3.27563e-05 3.26204e-05 3.24845e-05 3.23633e-05
3.22106e-05 3.20683e-05 3.19259e-05 3.17836e-05 3.16553e-05 3.14976e-05 3.13498e-05 3.1202e-05 3.10542e-05 3.09195e-05
3.07571e-05 3.06035e-05 3.045e-05 3.02965e-05 3.01536e-05 2.99794e-05 2.98131e-05 2.96468e-05 2.94805e-05 2.93223e-05
2.91274e-05 2.8939e-05 2.87505e-05 2.85621e-05 2.83794e-05 2.81561e-05 2.7938e-05 2.77198e-05 2.75017e-05 2.72875e-05
2.7029e-05 2.67743e-05 2.65196e-05 2.62648e-05 2.60132e-05 2.57148e-05 2.54192e-05 2.51236e-05 2.4828e-05 2.45352e-05
2.41936e-05 2.38537e-05 2.35138e-05 2.31739e-05 2.28366e-05 2.2446e-05 2.20563e-05 2.16667e-05 2.1277e-05 2.08908e-05
2.04476e-05 2.00047e-05 1.95618e-05 1.91189e-05 1.86813e-05 1.8188e-05 1.76948e-05 1.72016e-05 1.67084e-05 1.62232e-05
1.56921e-05 1.51614e-05 1.46308e-05 1.41001e-05 1.35794e-05 1.30288e-05 1.24797e-05 1.19306e-05 1.13815e-05 1.08436e-05
1.02907e-05 9.74041e-06 9.19016e-06 8.6399e-06 8.10127e-06 7.57271e-06 7.04917e-06 6.52562e-06 6.00208e-06 5.48806e-06
5.01937e-06 4.55745e-06 4.09552e-06 3.6336e-06 3.17397e-06 2.79747e-06 2.42944e-06 2.06141e-06 1.69338e-06 1.31685e-06
1.10144e-06 8.97975e-07 6.94513e-07 4.91051e-07 2.42078e-07 3.58761e-05 3.57956e-05 3.5715e-05 3.56345e-05 3.55539e-05
3.54905e-05 3.53634e-05 3.52485e-05 3.51336e-05 3.50187e-05 3.49212e-05 3.47881e-05 3.46669e-05 3.45457e-05 3.44245e-05
3.43208e-05 3.41827e-05 3.40562e-05 3.39298e-05 3.38034e-05 3.36942e-05 3.35519e-05 3.3421e-05 3.32901e-05 3.31592e-05
3.30444e-05 3.28976e-05 3.27617e-05 3.26258e-05 3.24899e-05 3.23687e-05 3.2216e-05 3.20736e-05 3.19313e-05 3.1789e-05
3.16606e-05 3.1503e-05 3.13551e-05 3.12073e-05 3.10595e-05 3.09247e-05 3.07623e-05 3.06088e-05 3.04552e-05 3.03017e-05
3.01586e-05 2.99844e-05 2.98181e-05 2.96518e-05 2.94855e-05 2.93269e-05 2.9132e-05 2.89436e-05 2.87552e-05 2.85668e-05
2.83836e-05 2.81603e-05 2.79422e-05 2.7724e-05 2.75059e-05 2.72912e-05 2.70327e-05 2.6778e-05 2.65233e-05 2.62685e-05
2.60164e-05 2.57181e-05 2.54225e-05 2.51269e-05 2.48313e-05 2.45381e-05 2.41965e-05 2.38566e-05 2.35167e-05 2.31768e-05
2.28391e-05 2.24485e-05 2.20589e-05 2.16692e-05 2.12796e-05 2.08931e-05 2.04499e-05 2.00071e-05 1.95642e-05 1.91213e-05
1.86837e-05 1.81904e-05 1.76972e-05 1.7204e-05 1.67108e-05 1.62258e-05 1.56948e-05 1.51641e-05 1.46335e-05 1.41028e-05
1.35826e-05 1.30319e-05 1.24828e-05 1.19337e-05 1.13846e-05 1.08473e-05 1.02943e-05 9.74407e-06 9.19381e-06 8.64356e-06
8.10544e-06 7.57688e-06 7.05334e-06 6.5298e-06 6.00625e-06 5.49244e-06 5.02375e-06 4.56183e-06 4.09991e-06 3.63798e-06
3.17787e-06 2.80138e-06 2.43335e-06 2.06532e-06 1.69729e-06 1.31932e-06 1.10391e-06 9.00449e-07 6.96987e-07 4.93525e-07
2.39258e-07 3.5881e-05 3.58005e-05 3.57199e-05 3.56394e-05 3.55588e-05 3.54955e-05 3.53683e-05 3.52534e-05 3.51385e-05
3.50236e-05 3.49262e-05 3.47931e-05 3.4672e-05 3.45508e-05 3.44296e-05 3.4326e-05 3.41879e-05 3.40614e-05 3.3935e-05
3.38085e-05 3.36995e-05 3.35572e-05 3.34263e-05 3.32955e-05 3.31646e-05 3.30498e-05 3.2903e-05 3.27671e-05 3.26312e-05
3.24953e-05 3.23741e-05 3.22214e-05 3.2079e-05 3.19367e-05 3.17943e-05 3.1666e-05 3.15083e-05 3.13605e-05 3.12127e-05
3.10649e-05 3.09299e-05 3.07675e-05 3.0614e-05 3.04605e-05 3.0307e-05 3.01636e-05 2.99894e-05 2.98231e-05 2.96568e-05
2.94905e-05 2.93315e-05 2.91366e-05 2.89482e-05 2.87598e-05 2.85714e-05 2.83878e-05 2.81645e-05 2.79463e-05 2.77282e-05
2.75101e-05 2.72949e-05 2.70364e-05 2.67817e-05 2.6527e-05 2.62722e-05 2.60197e-05 2.57213e-05 2.54257e-05 2.51301e-05
2.48346e-05 2.4541e-05 2.41994e-05 2.38595e-05 2.35196e-05 2.31797e-05 2.28417e-05 2.24511e-05 2.20614e-05 2.16718e-05
2.12821e-05 2.08955e-05 2.04523e-05 2.00094e-05 1.95666e-05 1.91237e-05 1.86861e-05 1.81928e-05 1.76996e-05 1.72064e-05
1.67132e-05 1.62285e-05 1.56974e-05 1.51668e-05 1.46361e-05 1.41055e-05 1.35857e-05 1.30351e-05 1.2486e-05 1.19369e-05
1.13878e-05 1.0851e-05 1.0298e-05 9.74773e-06 9.19747e-06 8.64721e-06 8.10962e-06 7.58106e-06 7.05751e-06 6.53397e-06
6.01042e-06 5.49682e-06 5.02813e-06 4.56621e-06 4.10429e-06 3.64237e-06 3.18178e-06 2.80528e-06 2.43725e-06 2.06922e-06
1.70119e-06 1.3218e-06 1.10639e-06 9.02924e-07 6.99461e-07 4.95999e-07 2.36439e-07 3.58859e-05 3.58054e-05 3.57248e-05
3.56442e-05 3.55637e-05 3.55004e-05 3.53732e-05 3.52583e-05 3.51434e-05 3.50285e-05 3.49312e-05 3.47982e-05 3.4677e-05
3.45558e-05 3.44346e-05 3.43312e-05 3.41931e-05 3.40666e-05 3.39402e-05 3.38137e-05 3.37048e-05 3.35626e-05 3.34317e-05
3.33008e-05 3.31699e-05 3.30552e-05 3.29084e-05 3.27725e-05 3.26366e-05 3.25007e-05 3.23795e-05 3.22267e-05 3.20844e-05
3.19421e-05 3.17997e-05 3.16713e-05 3.15136e-05 3.13658e-05 3.1218e-05 3.10702e-05 3.09351e-05 3.07727e-05 3.06192e-05
3.04657e-05 3.03122e-05 3.01686e-05 2.99944e-05 2.98281e-05 2.96618e-05 2.94955e-05 2.93362e-05 2.91413e-05 2.89529e-05
2.87645e-05 2.85761e-05 2.83919e-05 2.81687e-05 2.79505e-05 2.77324e-05 2.75143e-05 2.72986e-05 2.70401e-05 2.67854e-05
2.65307e-05 2.6276e-05 2.60229e-05 2.57246e-05 2.5429e-05 2.51334e-05 2.48378e-05 2.45438e-05 2.42022e-05 2.38623e-05
2.35224e-05 2.31825e-05 2.28442e-05 2.24536e-05 2.2064e-05 2.16743e-05 2.12847e-05 2.08979e-05 2.04547e-05 2.00118e-05
1.95689e-05 1.9126e-05 1.86885e-05 1.81952e-05 1.7702e-05 1.72088e-05 1.67156e-05 1.62312e-05 1.57001e-05 1.51695e-05
1.46388e-05 1.41082e-05 1.35888e-05 1.30382e-05 1.24891e-05 1.194e-05 1.13909e-05 1.08546e-05 1.03016e-05 9.75139e-06
9.20113e-06 8.65087e-06 8.11379e-06 7.58523e-06 7.06169e-06 6.53814e-06 6.0146e-06 5.50121e-06 5.03252e-06 4.57059e-06
4.10867e-06 3.64675e-06 3.18568e-06 2.80919e-06 2.44116e-06 2.07313e-06 1.7051e-06 1.32427e-06 1.10886e-06 9.05398e-07
7.01936e-07 4.98474e-07 2.3362e-07 3.58908e-05 3.58102e-05 3.57297e-05 3.56491e-05 3.55686e-05 3.55053e-05 3.53782e-05
3.52633e-05 3.51483e-05 3.50334e-05 3.49363e-05 3.48032e-05 3.4682e-05 3.45608e-05 3.44397e-05 3.43364e-05 3.41982e-05
3.40718e-05 3.39454e-05 3.38189e-05 3.37102e-05 3.35679e-05 3.3437e-05 3.33061e-05 3.31752e-05 3.30606e-05 3.29138e-05
3.27779e-05 3.2642e-05 3.25061e-05 3.23848e-05 3.22321e-05 3.20898e-05 3.19474e-05 3.18051e-05 3.16766e-05 3.15189e-05
3.13711e-05 3.12233e-05 3.10755e-05 3.09404e-05 3.0778e-05 3.06244e-05 3.04709e-05 3.03174e-05 3.01736e-05 2.99994e-05
2.98331e-05 2.96668e-05 2.95005e-05 2.93408e-05 2.91459e-05 2.89575e-05 2.87691e-05 2.85807e-05 2.83961e-05 2.81728e-05
2.79547e-05 2.77366e-05 2.75185e-05 2.73023e-05 2.70438e-05 2.67891e-05 2.65344e-05 2.62797e-05 2.60262e-05 2.57278e-05
2.54322e-05 2.51367e-05 2.48411e-05 2.45467e-05 2.42051e-05 2.38652e-05 2.35253e-05 2.31854e-05 2.28468e-05 2.24562e-05
2.20665e-05 2.16769e-05 2.12872e-05 2.09002e-05 2.04571e-05 2.00142e-05 1.95713e-05 1.91284e-05 1.86909e-05 1.81976e-05
1.77044e-05 1.72112e-05 1.6718e-05 1.62339e-05 1.57028e-05 1.51722e-05 1.46415e-05 1.41109e-05 1.3592e-05 1.30413e-05
1.24922e-05 1.19431e-05 1.1394e-05 1.08583e-05 1.03053e-05 9.75505e-06 9.20479e-06 8.65453e-06 8.11796e-06 7.5894e-06
7.06586e-06 6.54231e-06 6.01877e-06 5.50559e-06 5.0369e-06 4.57498e-06 4.11305e-06 3.65113e-06 3.18959e-06 2.81309e-06
2.44506e-06 2.07703e-06 1.709e-06 1.32674e-06 1.11133e-06 9.07872e-07 7.0441e-07 5.00948e-07 2.30801e-07 3.58957e-05
3.58151e-05 3.57346e-05 3.5654e-05 3.55735e-05 3.55102e-05 3.53831e-05 3.52682e-05 3.51533e-05 3.50384e-05 3.49413e-05
3.48083e-05 3.46871e-05 3.45659e-05 3.44447e-05 3.43416e-05 3.42034e-05 3.4077e-05 3.39505e-05 3.38241e-05 3.37155e-05
3.35732e-05 3.34423e-05 3.33115e-05 3.31806e-05 3.3066e-05 3.29192e-05 3.27833e-05 3.26474e-05 3.25115e-05 3.23902e-05
3.22375e-05 3.20951e-05 3.19528e-05 3.18105e-05 3.1682e-05 3.15243e-05 3.13765e-05 3.12287e-05 3.10808e-05 3.09456e-05
3.07832e-05 3.06297e-05 3.04761e-05 3.03226e-05 3.01786e-05 3.00044e-05 2.98381e-05 2.96718e-05 2.95055e-05 2.93455e-05
2.91506e-05 2.89622e-05 2.87737e-05 2.85853e-05 2.84003e-05 2.8177e-05 2.79589e-05 2.77408e-05 2.75227e-05 2.7306e-05
2.70475e-05 2.67928e-05 2.65381e-05 2.62834e-05 2.60295e-05 2.57311e-05 2.54355e-05 2.51399e-05 2.48443e-05 2.45496e-05
2.4208e-05 2.38681e-05 2.35282e-05 2.31883e-05 2.28493e-05 2.24587e-05 2.20691e-05 2.16794e-05 2.12898e-05 2.09026e-05
2.04594e-05 2.00165e-05 1.95737e-05 1.91308e-05 1.86933e-05 1.82e-05 1.77068e-05 1.72136e-05 1.67204e-05 1.62366e-05
1.57055e-05 1.51748e-05 1.46442e-05 1.41136e-05 1.35951e-05 1.30445e-05 1.24954e-05 1.19463e-05 1.13972e-05 1.08619e-05
1.0309e-05 9.75871e-06 9.20845e-06 8.65819e-06 8.12214e-06 7.59358e-06 7.07003e-06 6.54649e-06 6.02294e-06 5.50997e-06
5.04128e-06 4.57936e-06 4.11744e-06 3.65552e-06 3.19349e-06 2.817e-06 2.44897e-06 2.08094e-06 1.71291e-06 1.32922e-06
1.11381e-06 9.10347e-07 7.06884e-07 5.03422e-07 2.27982e-07 3.59005e-05 3.582e-05 3.57394e-05 3.56589e-05 3.55784e-05
3.55152e-05 3.5388e-05 3.52731e-05 3.51582e-05 3.50433e-05 3.49463e-05 3.48133e-05 3.46921e-05 3.45709e-05 3.44497e-05
3.43468e-05 3.42086e-05 3.40822e-05 3.39557e-05 3.38293e-05 3.37208e-05 3.35786e-05 3.34477e-05 3.33168e-05 3.31859e-05
3.30714e-05 3.29246e-05 3.27887e-05 3.26528e-05 3.25169e-05 3.23956e-05 3.22429e-05 3.21005e-05 3.19582e-05 3.18158e-05
3.16873e-05 3.15296e-05 3.13818e-05 3.1234e-05 3.10862e-05 3.09508e-05 3.07884e-05 3.06349e-05 3.04814e-05 3.03279e-05
3.01836e-05 3.00094e-05 2.98431e-05 2.96768e-05 2.95105e-05 2.93501e-05 2.91552e-05 2.89668e-05 2.87784e-05 2.859e-05
2.84045e-05 2.81812e-05 2.79631e-05 2.7745e-05 2.75269e-05 2.73097e-05 2.70512e-05 2.67965e-05 2.65418e-05 2.62871e-05
2.60327e-05 2.57343e-05 2.54388e-05 2.51432e-05 2.48476e-05 2.45524e-05 2.42108e-05 2.38709e-05 2.3531e-05 2.31911e-05
2.28519e-05 2.24613e-05 2.20716e-05 2.1682e-05 2.12923e-05 2.0905e-05 2.04618e-05 2.00189e-05 1.9576e-05 1.91331e-05
1.86957e-05 1.82024e-05 1.77092e-05 1.7216e-05 1.67228e-05 1.62393e-05 1.57082e-05 1.51775e-05 1.46469e-05 1.41162e-05
1.35982e-05 1.30476e-05 1.24985e-05 1.19494e-05 1.14003e-05 1.08656e-05 1.03126e-05 9.76237e-06 9.21211e-06 8.66185e-06
8.12631e-06 7.59775e-06 7.0742e-06 6.55066e-06 6.02712e-06 5.51435e-06 5.04566e-06 4.58374e-06 4.12182e-06 3.6599e-06
3.1974e-06 2.8209e-06 2.45287e-06 2.08484e-06 1.71681e-06 1.33169e-06 1.11628e-06 9.12821e-07 7.09359e-07 5.05897e-07
2.25163e-07 3.59054e-05 3.58249e-05 3.57443e-05 3.56638e-05 3.55833e-05 3.55201e-05 3.53929e-05 3.5278e-05 3.51631e-05
3.50482e-05 3.49514e-05 3.48183e-05 3.46971e-05 3.45759e-05 3.44548e-05 3.43519e-05 3.42138e-05 3.40874e-05 3.39609e-05
3.38345e-05 3.37262e-05 3.35839e-05 3.3453e-05 3.33221e-05 3.31912e-05 3.30768e-05 3.293e-05 3.27941e-05 3.26582e-05
3.25223e-05 3.2401e-05 3.22482e-05 3.21059e-05 3.19636e-05 3.18212e-05 3.16926e-05 3.15349e-05 3.13871e-05 3.12393e-05
3.10915e-05 3.0956e-05 3.07936e-05 3.06401e-05 3.04866e-05 3.03331e-05 3.01886e-05 3.00144e-05 2.98481e-05 2.96818e-05
2.95155e-05 2.93547e-05 2.91598e-05 2.89714e-05 2.8783e-05 2.85946e-05 2.84087e-05 2.81854e-05 2.79673e-05 2.77492e-05
2.75311e-05 2.73134e-05 2.70549e-05 2.68002e-05 2.65455e-05 2.62908e-05 2.6036e-05 2.57376e-05 2.5442e-05 2.51464e-05
2.48508e-05 2.45553e-05 2.42137e-05 2.38738e-05 2.35339e-05 2.3194e-05 2.28544e-05 2.24638e-05 2.20742e-05 2.16845e-05
2.12949e-05 2.09073e-05 2.04642e-05 2.00213e-05 1.95784e-05 1.91355e-05 1.86981e-05 1.82048e-05 1.77116e-05 1.72184e-05
1.67252e-05 1.6242e-05 1.57109e-05 1.51802e-05 1.46496e-05 1.41189e-05 1.36014e-05 1.30508e-05 1.25017e-05 1.19526e-05
1.14035e-05 1.08693e-05 1.03163e-05 9.76602e-06 9.21577e-06 8.66551e-06 8.13048e-06 7.60192e-06 7.07838e-06 6.55483e-06
6.03129e-06 5.51874e-06 5.05005e-06 4.58813e-06 4.1262e-06 3.66428e-06 3.2013e-06 2.82481e-06 2.45678e-06 2.08875e-06
1.72072e-06 1.33417e-06 1.11876e-06 9.15295e-07 7.11833e-07 5.08371e-07 2.22344e-07 3.59103e-05 3.58298e-05 3.57492e-05
3.56686e-05 3.55883e-05 3.5525e-05 3.53979e-05 3.5283e-05 3.51681e-05 3.50531e-05 3.49564e-05 3.48234e-05 3.47022e-05
3.4581e-05 3.44598e-05 3.43571e-05 3.4219e-05 3.40925e-05 3.39661e-05 3.38397e-05 3.37315e-05 3.35892e-05 3.34583e-05
3.33274e-05 3.31966e-05 3.30821e-05 3.29354e-05 3.27995e-05 3.26636e-05 3.25277e-05 3.24064e-05 3.22536e-05 3.21113e-05
3.19689e-05 3.18266e-05 3.16979e-05 3.15403e-05 3.13925e-05 3.12446e-05 3.10968e-05 3.09613e-05 3.07989e-05 3.06453e-05
3.04918e-05 3.03383e-05 3.01936e-05 3.00194e-05 2.98531e-05 2.96868e-05 2.95205e-05 2.93594e-05 2.91645e-05 2.89761e-05
2.87877e-05 2.85992e-05 2.84129e-05 2.81896e-05 2.79715e-05 2.77534e-05 2.75352e-05 2.73171e-05 2.70586e-05 2.68039e-05
2.65492e-05 2.62945e-05 2.60392e-05 2.57408e-05 2.54453e-05 2.51497e-05 2.48541e-05 2.45582e-05 2.42166e-05 2.38767e-05
2.35368e-05 2.31969e-05 2.2857e-05 2.24664e-05 2.20767e-05 2.16871e-05 2.12974e-05 2.09097e-05 2.04665e-05 2.00237e-05
1.95808e-05 1.91379e-05 1.87005e-05 1.82072e-05 1.7714e-05 1.72208e-05 1.67276e-05 1.62446e-05 1.57136e-05 1.51829e-05
1.46523e-05 1.41216e-05 1.36045e-05 1.30539e-05 1.25048e-05 1.19557e-05 1.14066e-05 1.08729e-05 1.03199e-05 9.76968e-06
9.21943e-06 8.66917e-06 8.13466e-06 7.6061e-06 7.08255e-06 6.55901e-06 6.03546e-06 5.52312e-06 5.05443e-06 4.59251e-06
4.13059e-06 3.66866e-06 3.20521e-06 2.82871e-06 2.46068e-06 2.09265e-06 1.72462e-06 1.33664e-06 1.12123e-06 9.1777e-07
7.14307e-07 5.10845e-07 2.19525e-07 3.59152e-05 3.58346e-05 3.57541e-05 3.56735e-05 3.55932e-05 3.55299e-05 3.54028e-05
3.52879e-05 3.5173e-05 3.50581e-05 3.49614e-05 3.48284e-05 3.47072e-05 3.4586e-05 3.44648e-05 3.43623e-05 3.42242e-05
3.40977e-05 3.39713e-05 3.38448e-05 3.37368e-05 3.35946e-05 3.34637e-05 3.33328e-05 3.32019e-05 3.30875e-05 3.29408e-05
3.28049e-05 3.2669e-05 3.25331e-05 3.24117e-05 3.2259e-05 3.21167e-05 3.19743e-05 3.1832e-05 3.17033e-05 3.15456e-05
3.13978e-05 3.125e-05 3.11022e-05 3.09665e-05 3.08041e-05 3.06506e-05 3.04971e-05 3.03435e-05 3.01986e-05 3.00244e-05
2.98581e-05 2.96918e-05 2.95255e-05 2.9364e-05 2.91691e-05 2.89807e-05 2.87923e-05 2.86039e-05 2.84171e-05 2.81938e-05
2.79757e-05 2.77576e-05 2.75394e-05 2.73209e-05 2.70623e-05 2.68076e-05 2.65529e-05 2.62982e-05 2.60425e-05 2.57441e-05
2.54485e-05 2.51529e-05 2.48573e-05 2.4561e-05 2.42194e-05 2.38795e-05 2.35396e-05 2.31997e-05 2.28595e-05 2.24689e-05
2.20793e-05 2.16896e-05 2.13e-05 2.09121e-05 2.04689e-05 2.0026e-05 1.95831e-05 1.91403e-05 1.87029e-05 1.82096e-05
1.77164e-05 1.72232e-05 1.673e-05 1.62473e-05 1.57162e-05 1.51856e-05 1.46549e-05 1.41243e-05 1.36077e-05 1.3057e-05
1.25079e-05 1.19588e-05 1.14097e-05 1.08766e-05 1.03236e-05 9.77334e-06 9.22308e-06 8.67284e-06 8.13883e-06 7.61027e-06
7.08672e-06 6.56318e-06 6.03964e-06 5.5275e-06 5.05881e-06 4.59689e-06 4.13497e-06 3.67304e-06 3.20911e-06 2.83262e-06
2.46459e-06 2.09656e-06 1.7285e-06 1.33912e-06 1.12371e-06 9.20244e-07 7.16782e-07 5.13209e-07 2.16706e-07 
k 1 2520 float
0.233783 0.233783 0.233783 0.233783 0.233783 0.233782 0.233783 0.233783 0.233783 0.233783 0.233782
0.233783 0.233783 0.233783 0.233783 0.233782 0.233783 0.233783 0.233783 0.233783 0.233782
0.233783 0.233783 0.233783 0.233783 0.233782 0.233783 0.233783 0.233783 0.233783 0.233782
0.233783 0.233783 0.233783 0.233783 0.233783 0.233784 0.233784 0.233784 0.233784 0.233783
0.233784 0.233784 0.233784 0.233784 0.233783 0.233784 0.233784 0.233784 0.233784 0.233783
0.233783 0.233783 0.233783 0.233783 0.233782 0.233783 0.233783 0.233783 0.233783 0.233782
0.233783 0.233783 0.233783 0.233783 0.233782 0.233783 0.233783 0.233783 0.233783 0.233782
0.233783 0.233783 0.233783 0.233783 0.233782 0.233783 0.233783 0.233783 0.233783 0.233782
0.233783 0.233783 0.233783 0.233783 0.233782 0.233783 0.233783 0.233783 0.233783 0.233782
0.233783 0.233783 0.233783 0.233783 0.233782 0.233783 0.233783 0.233783 0.233783 0.233782
0.233783 0.233783 0.233783 0.233783 0.233783 0.233783 0.233783 0.233783 0.233783 0.233783
0.233783 0.233783 0.233783 0.233783 0.233782 0.233782 0.23378 0.233779 0.233778 0.233777
0.233776 0.233775 0.233774 0.233773 0.233772 0.233783 0.233783 0.233783 0.233783 0.233783
0.233754 0.233783 0.233783 0.233783 0.233783 0.233754 0.233783 0.233783 0.233783 0.233783
0.233754 0.233783 0.233783 0.233783 0.233783 0.233754 0.233783 0.233783 0.233783 0.233783
0.233754 0.233783 0.233783 0.233783 0.233783 0.233754 0.233783 0.233783 0.233783 0.233783
0.233755 0.233784 0.233784 0.233784 0.233784 0.233756 0.233784 0.233784 0.233784 0.233784
0.233756 0.233784 0.233784 0.233784 0.233784 0.233755 0.233783 0.233783 0.233783 0.233783
0.233754 0.233783 0.233783 0.233783 0.233783 0.233754 0.233783 0.233783 0.233783 0.233783
0.233754 0.233783 0.233783 0.233783 0.233783 0.233754 0.233783 0.233783 0.233783 0.233783
0.233754 0.233783 0.233783 0.233783 0.233783 0.233754 0.233783 0.233783 0.233783 0.233783
0.233754 0.233783 0.233783 0.233783 0.233783 0.233754 0.233783 0.233783 0.233783 0.233783
0.233754 0.233783 0.233783 0.233783 0.233783 0.233754 0.233783 0.233783 0.233783 0.233783
0.233755 0.233783 0.233783 0.233783 0.233783 0.233755 0.233783 0.233783 0.233783 0.233783
0.233754 0.233782 0.233781 0.233779 0.233778 0.233749 0.233776 0.233775 0.233774 0.233773
0.233744 0.23376 0.23376 0.23376 0.23376 0.23376 0.233726 0.23376 0.23376 0.23376
0.23376 0.233726 0.23376 0.23376 0.23376 0.23376 0.233726 0.23376 0.23376 0.23376
0.23376 0.233726 0.23376 0.23376 0.23376 0.23376 0.233726 0.23376 0.23376 0.23376
0.23376 0.233726 0.23376 0.23376 0.23376 0.23376 0.233727 0.23376 0.23376 0.233761
0.233761 0.233728 0.233761 0.233761 0.233761 0.233761 0.233728 0.233761 0.233761 0.23376
0.23376 0.233727 0.23376 0.23376 0.23376 0.23376 0.233726 0.23376 0.23376 0.23376
0.23376 0.233726 0.23376 0.23376 0.23376 0.23376 0.233726 0.23376 0.23376 0.23376
0.23376 0.233726 0.23376 0.23376 0.23376 0.23376 0.233726 0.23376 0.23376 0.23376
0.23376 0.233726 0.23376 0.23376 0.23376 0.23376 0.233726 0.23376 0.23376 0.23376
0.23376 0.233726 0.23376 0.23376 0.23376 0.23376 0.233726 0.23376 0.23376 0.23376
0.23376 0.233726 0.23376 0.23376 0.23376 0.23376 0.233727 0.23376 0.23376 0.23376
0.23376 0.233727 0.23376 0.23376 0.233759 0.233759 0.233726 0.233758 0.233757 0.233756
0.233755 0.233721 0.233753 0.233752 0.233751 0.23375 0.233716 0.233732 0.233732 0.233732
0.233732 0.233732 0.233699 0.233732 0.233732 0.233732 0.233732 0.233699 0.233732 0.233732
0.233732 0.233732 0.233699 0.233732 0.233732 0.233732 0.233732 0.233699 0.233732 0.233732
0.233732 0.233732 0.233699 0.233732 0.233732 0.233732 0.233732 0.233699 0.233732 0.233732
0.233732 0.233732 0.233699 0.233732 0.233733 0.233733 0.233733 0.2337 0.233733 0.233733
0.233733 0.233733 0.2337 0.233733 0.233733 0.233733 0.233732 0.233699 0.233732 0.233732
0.233732 0.233732 0.233699 0.233732 0.233732 0.233732 0.233732 0.233699 0.233732 0.233732
0.233732 0.233732 0.233699 0.233732 0.233732 0.233732 0.233732 0.233699 0.233732 0.233732
0.233732 0.233732 0.233699 0.233732 0.233732 0.233732 0.233732 0.233699 0.233732 0.233732
0.233732 0.233732 0.233699 0.233732 0.233732 0.233732 0.233732 0.233699 0.233732 0.233732
0.233732 0.233732 0.233699 0.233732 0.233732 0.233732 0.233732 0.233699 0.233732 0.233732
0.233732 0.233732 0.233699 0.233732 0.233732 0.233732 0.233732 0.233699 0.233732 0.233732
0.233732 0.233731 0.233698 0.23373 0.233729 0.233728 0.233727 0.233693 0.233725 0.233724
0.233723 0.233722 0.233688 0.233704 0.233704 0.233704 0.233704 0.233704 0.233671 0.233704
0.233704 0.233704 0.233704 0.233671 0.233704 0.233704 0.233704 0.233704 0.233671 0.233704
0.233704 0.233704 0.233704 0.233671 0.233704 0.233704 0.233704 0.233704 0.233671 0.233704
0.233704 0.233704 0.233704 0.233671 0.233704 0.233704 0.233704 0.233704 0.233671 0.233705
0.233705 0.233705 0.233705 0.233672 0.233705 0.233705 0.233705 0.233705 0.233672 0.233705
0.233705 0.233705 0.233705 0.233671 0.233704 0.233704 0.233704 0.233704 0.233671 0.233704
0.233704 0.233704 0.233704 0.233671 0.233704 0.233704 0.233704 0.233704 0.233671 0.233704
0.233704 0.233704 0.233704 0.233671 0.233704 0.233704 0.233704 0.233704 0.233671 0.233704
0.233704 0.233704 0.233704 0.233671 0.233704 0.233704 0.233704 0.233704 0.233671 0.233704
0.233704 0.233704 0.233704 0.233671 0.233704 0.233704 0.233704 0.233704 0.233671 0.233704
0.233704 0.233704 0.233704 0.233671 0.233704 0.233704 0.233704 0.233704 0.233671 0.233704
0.233704 0.233704 0.233704 0.233671 0.233704 0.233704 0.233704 0.233704 0.23367 0.233702
0.233701 0.2337 0.233699 0.233665 0.233697 0.233696 0.233695 0.233694 0.23366 0.233676
0.233676 0.233676 0.233676 0.233676 0.233643 0.233676 0.233676 0.233676 0.233676 0.233643
0.233676 0.233676 0.233676 0.233676 0.233643 0.233676 0.233676 0.233676 0.233676 0.233643
0.233676 0.233676 0.233676 0.233676 0.233643 0.233676 0.233676 0.233676 0.233676 0.233643
0.233676 0.233676 0.233676 0.233676 0.233643 0.233677 0.233677 0.233677 0.233677 0.233644
0.233677 0.233677 0.233677 0.233677 0.233644 0.233677 0.233677 0.233677 0.233677 0.233643
0.233676 0.233676 0.233676 0.233676 0.233643 0.233676 0.233676 0.233676 0.233676 0.233643
0.233676 0.233676 0.233676 0.233676 0.233643 0.233676 0.233676 0.233676 0.233676 0.233643
0.233676 0.233676 0.233676 0.233676 0.233643 0.233676 0.233676 0.233676 0.233676 0.233643
0.233676 0.233676 0.233676 0.233676 0.233643 0.233676 0.233676 0.233676 0.233676 0.233643
0.233676 0.233676 0.233676 0.233676 0.233643 0.233676 0.233676 0.233676 0.233676 0.233643
0.233676 0.233676 0.233676 0.233676 0.233643 0.233676 0.233676 0.233676 0.233676 0.233643
0.233676 0.233676 0.233676 0.233676 0.233642 0.233675 0.233674 0.233672 0.233671 0.233637
0.233669 0.233668 0.233667 0.233666 0.233632 0.233648 0.233648 0.233648 0.233648 0.233648
0.233615 0.233648 0.233648 0.233648 0.233648 0.233615 0.233648 0.233648 0.233648 0.233648
0.233615 0.233648 0.233648 0.233648 0.233648 0.233615 0.233648 0.233648 0.233648 0.233648
0.233615 0.233648 0.233648 0.233648 0.233648 0.233615 0.233648 0.233648 0.233648 0.233648
0.233616 0.233649 0.233649 0.233649 0.233649 0.233616 0.233649 0.233649 0.233649 0.233649
0.233616 0.233649 0.233649 0.233649 0.233649 0.233616 0.233648 0.233648 0.233648 0.233648
0.233615 0.233648 0.233648 0.233648 0.233648 0.233615 0.233648 0.233648 0.233648 0.233648
0.233615 0.233648 0.233648 0.233648 0.233648 0.233615 0.233648 0.233648 0.233648 0.233648
0.233615 0.233648 0.233648 0.233648 0.233648 0.233615 0.233648 0.233648 0.233648 0.233648
0.233615 0.233648 0.233648 0.233648 0.233648 0.233615 0.233648 0.233648 0.233648 0.233648
0.233615 0.233648 0.233648 0.233648 0.233648 0.233615 0.233648 0.233648 0.233648 0.233648
0.233615 0.233648 0.233648 0.233648 0.233648 0.233615 0.233648 0.233648 0.233648 0.233648
0.233615 0.233647 0.233646 0.233645 0.233644 0.233609 0.233641 0.23364 0.233639 0.233638
0.233604 0.23362 0.23362 0.23362 0.23362 0.23362 0.233587 0.23362 0.23362 0.23362
0.23362 0.233587 0.23362 0.23362 0.23362 0.23362 0.233587 0.23362 0.23362 0.23362
0.23362 0.233587 0.23362 0.23362 0.23362 0.23362 0.233587 0.23362 0.23362 0.23362
0.23362 0.233587 0.23362 0.23362 0.23362 0.233621 0.233588 0.233621 0.233621 0.233621
0.233621 0.233588 0.233621 0.233621 0.233621 0.233621 0.233588 0.233621 0.233621 0.233621
0.233621 0.233588 0.233621 0.23362 0.23362 0.23362 0.233587 0.23362 0.23362 0.23362
0.23362 0.233587 0.23362 0.23362 0.23362 0.23362 0.233587 0.23362 0.23362 0.23362
0.23362 0.233587 0.23362 0.23362 0.23362 0.23362 0.233587 0.23362 0.23362 0.23362
0.23362 0.233587 0.23362 0.23362 0.23362 0.23362 0.233587 0.23362 0.23362 0.23362
0.23362 0.233587 0.23362 0.23362 0.23362 0.23362 0.233587 0.23362 0.23362 0.23362
0.23362 0.233587 0.23362 0.23362 0.23362 0.23362 0.233587 0.23362 0.23362 0.23362
0.23362 0.233587 0.23362 0.23362 0.23362 0.23362 0.233587 0.233619 0.233618 0.233617
0.233616 0.233581 0.233613 0.233612 0.233611 0.233611 0.233576 0.233592 0.233592 0.233592
0.233592 0.233592 0.233559 0.233592 0.233592 0.233592 0.233592 0.233559 0.233592 0.233592
0.233592 0.233592 0.233559 0.233592 0.233592 0.233592 0.233592 0.233559 0.233592 0.233592
0.233592 0.233592 0.233559 0.233592 0.233592 0.233592 0.233592 0.233559 0.233592 0.233592
0.233593 0.233593 0.23356 0.233593 0.233593 0.233593 0.233593 0.23356 0.233593 0.233593
0.233593 0.233593 0.23356 0.233593 0.233593 0.233593 0.233593 0.23356 0.233593 0.233593
0.233592 0.233592 0.233559 0.233592 0.233592 0.233592 0.233592 0.233559 0.233592 0.233592
0.233592 0.233592 0.233559 0.233592 0.233592 0.233592 0.233592 0.233559 0.233592 0.233592
0.233592 0.233592 0.233559 0.233592 0.233592 0.233592 0.233592 0.233559 0.233592 0.233592
0.233592 0.233592 0.233559 0.233592 0.233592 0.233592 0.233592 0.233559 0.233592 0.233592
0.233592 0.233592 0.233559 0.233592 0.233592 0.233592 0.233592 0.233559 0.233592 0.233592
0.233592 0.233592 0.233559 0.233592 0.233592 0.233592 0.233592 0.233559 0.233592 0.233592
0.233592 0.233592 0.233559 0.233591 0.23359 0.233589 0.233588 0.233553 0.233586 0.233585
0.233584 0.233583 0.233548 0.233564 0.233564 0.233564 0.233564 0.233564 0.233531 0.233564
0.233564 0.233564 0.233564 0.233531 0.233564 0.233564 0.233564 0.233564 0.233531 0.233564
0.233564 0.233564 0.233564 0.233531 0.233564 0.233564 0.233564 0.233564 0.233531 0.233564
0.233564 0.233564 0.233564 0.233531 0.233564 0.233565 0.233565 0.233565 0.233532 0.233565
0.233565 0.233565 0.233565 0.233532 0.233566 0.233566 0.233566 0.233566 0.233532 0.233565
0.233565 0.233565 0.233565 0.233532 0.233565 0.233565 0.233565 0.233564 0.233531 0.233564
0.233564 0.233564 0.233564 0.233531 0.233564 0.233564 0.233564 0.233564 0.233531 0.233564
0.233564 0.233564 0.233564 0.233531 0.233564 0.233564 0.233564 0.233564 0.233531 0.233564
0.233564 0.233564 0.233564 0.233531 0.233564 0.233564 0.233564 0.233564 0.233531 0.233564
0.233564 0.233564 0.233564 0.233531 0.233564 0.233564 0.233564 0.233564 0.233531 0.233564
0.233564 0.233564 0.233564 0.233531 0.233564 0.233564 0.233564 0.233565 0.233531 0.233565
0.233565 0.233565 0.233565 0.233531 0.233564 0.233564 0.233564 0.233564 0.233531 0.233563
0.233562 0.233561 0.23356 0.233525 0.233558 0.233557 0.233556 0.233555 0.23352 0.233536
0.233536 0.233536 0.233536 0.233536 0.233503 0.233536 0.233536 0.233536 0.233536 0.233503
0.233536 0.233536 0.233536 0.233536 0.233503 0.233536 0.233536 0.233536 0.233536 0.233503
0.233536 0.233536 0.233536 0.233536 0.233503 0.233536 0.233536 0.233536 0.233536 0.233503
0.233537 0.233537 0.233537 0.233537 0.233504 0.233537 0.233537 0.233537 0.233538 0.233505
0.233538 0.233538 0.233538 0.233538 0.233505 0.233538 0.233537 0.233537 0.233537 0.233504
0.233537 0.233537 0.233537 0.233537 0.233503 0.233536 0.233536 0.233536 0.233536 0.233503
0.233536 0.233536 0.233536 0.233536 0.233503 0.233536 0.233536 0.233536 0.233536 0.233503
0.233536 0.233536 0.233536 0.233536 0.233503 0.233536 0.233536 0.233536 0.233536 0.233503
0.233536 0.233536 0.233536 0.233536 0.233503 0.233536 0.233536 0.233536 0.233536 0.233503
0.233536 0.233536 0.233536 0.233536 0.233503 0.233536 0.233536 0.233536 0.233536 0.233503
0.233536 0.233537 0.233537 0.233537 0.233504 0.233537 0.233537 0.233537 0.233537 0.233503
0.233536 0.233536 0.233536 0.233536 0.233503 0.233535 0.233534 0.233533 0.233532 0.233498
0.23353 0.233529 0.233528 0.233527 0.233492 0.233509 0.233509 0.233509 0.233509 0.233509
0.233475 0.233509 0.233509 0.233509 0.233509 0.233475 0.233509 0.233509 0.233509 0.233509
0.233475 0.233509 0.233509 0.233509 0.233509 0.233475 0.233509 0.233509 0.233509 0.233509
0.233475 0.233509 0.233509 0.233509 0.233509 0.233475 0.233509 0.233509 0.233509 0.233509
0.233476 0.233509 0.233509 0.23351 0.23351 0.233477 0.23351 0.23351 0.23351 0.23351
0.233477 0.23351 0.23351 0.233509 0.233509 0.233476 0.233509 0.233509 0.233509 0.233509
0.233475 0.233509 0.233509 0.233509 0.233509 0.233475 0.233509 0.233509 0.233509 0.233509
0.233475 0.233509 0.233509 0.233509 0.233509 0.233475 0.233509 0.233509 0.233509 0.233509
0.233475 0.233509 0.233509 0.233509 0.233509 0.233475 0.233509 0.233509 0.233509 0.233509
0.233475 0.233509 0.233509 0.233509 0.233509 0.233475 0.233509 0.233509 0.233509 0.233509
0.233475 0.233509 0.233509 0.233509 0.233509 0.233475 0.233509 0.233509 0.233509 0.233509
0.233476 0.233509 0.233509 0.233509 0.233509 0.233476 0.233509 0.233508 0.233508 0.233508
0.233475 0.233507 0.233506 0.233505 0.233504 0.23347 0.233502 0.233501 0.2335 0.233499
0.233464 0.233481 0.233481 0.233481 0.233481 0.233481 0.233448 0.233481 0.233481 0.233481
0.233481 0.233448 0.233481 0.233481 0.233481 0.233481 0.233448 0.233481 0.233481 0.233481
0.233481 0.233448 0.233481 0.233481 0.233481 0.233481 0.233448 0.233481 0.233481 0.233481
0.233481 0.233448 0.233481 0.233481 0.233481 0.233481 0.233448 0.233481 0.233482 0.233482
0.233482 0.233449 0.233482 0.233482 0.233482 0.233482 0.233449 0.233482 0.233482 0.233482
0.233481 0.233448 0.233481 0.233481 0.233481 0.233481 0.233448 0.233481 0.233481 0.233481
0.233481 0.233448 0.233481 0.233481 0.233481 0.233481 0.233448 0.233481 0.233481 0.233481
0.233481 0.233448 0.233481 0.233481 0.233481 0.233481 0.233448 0.233481 0.233481 0.233481
0.233481 0.233448 0.233481 0.233481 0.233481 0.233481 0.233448 0.233481 0.233481 0.233481
0.233481 0.233448 0.233481 0.233481 0.233481 0.233481 0.233448 0.233481 0.233481 0.233481
0.233481 0.233448 0.233481 0.233481 0.233481 0.233481 0.233448 0.233481 0.233481 0.233481
0.233481 0.233448 0.233481 0.233481 0.23348 0.23348 0.233447 0.233479 0.233478 0.233477
0.233476 0.233442 0.233474 0.233473 0.233472 0.233471 0.233437 0.233453 0.233453 0.233453
0.233453 0.233453 0.23342 0.233453 0.233453 0.233453 0.233453 0.23342 0.233453 0.233453
0.233453 0.233453 0.23342 0.233453 0.233453 0.233453 0.233453 0.23342 0.233453 0.233453
0.233453 0.233453 0.23342 0.233453 0.233453 0.233453 0.233453 0.23342 0.233453 0.233453
0.233453 0.233453 0.23342 0.233454 0.233454 0.233454 0.233454 0.233421 0.233454 0.233454
0.233454 0.233454 0.233421 0.233454 0.233454 0.233454 0.233454 0.23342 0.233453 0.233453
0.233453 0.233453 0.23342 0.233453 0.233453 0.233453 0.233453 0.23342 0.233453 0.233453
0.233453 0.233453 0.23342 0.233453 0.233453 0.233453 0.233453 0.23342 0.233453 0.233453
0.233453 0.233453 0.23342 0.233453 0.233453 0.233453 0.233453 0.23342 0.233453 0.233453
0.233453 0.233453 0.23342 0.233453 0.233453 0.233453 0.233453 0.23342 0.233453 0.233453
0.233453 0.233453 0.23342 0.233453 0.233453 0.233453 0.233453 0.23342 0.233453 0.233453
0.233453 0.233453 0.23342 0.233453 0.233453 0.233453 0.233453 0.23342 0.233453 0.233453
0.233452 0.233452 0.233419 0.233451 0.23345 0.233449 0.233448 0.233414 0.233446 0.233445
0.233444 0.233443 0.233409 0.233425 0.233425 0.233425 0.233425 0.233425 0.233392 0.233425
0.233425 0.233425 0.233425 0.233392 0.233425 0.233425 0.233425 0.233425 0.233392 0.233425
0.233425 0.233425 0.233425 0.233392 0.233425 0.233425 0.233425 0.233425 0.233392 0.233425
0.233425 0.233425 0.233425 0.233392 0.233425 0.233425 0.233425 0.233425 0.233392 0.233426
0.233426 0.233426 0.233426 0.233393 0.233426 0.233426 0.233426 0.233426 0.233393 0.233426
0.233426 0.233426 0.233426 0.233392 0.233425 0.233425 0.233425 0.233425 0.233392 0.233425
0.233425 0.233425 0.233425 0.233392 0.233425 0.233425 0.233425 0.233425 0.233392 0.233425
0.233425 0.233425 0.233425 0.233392 0.233425 0.233425 0.233425 0.233425 0.233392 0.233425
0.233425 0.233425 0.233425 0.233392 0.233425 0.233425 0.233425 0.233425 0.233392 0.233425
0.233425 0.233425 0.233425 0.233392 0.233425 0.233425 0.233425 0.233425 0.233392 0.233425
0.233425 0.233425 0.233425 0.233392 0.233425 0.233425 0.233425 0.233425 0.233392 0.233425
0.233425 0.233425 0.233425 0.233392 0.233425 0.233425 0.233425 0.233424 0.233391 0.233423
0.233422 0.233421 0.23342 0.233386 0.233418 0.233417 0.233416 0.233415 0.233381 0.233397
0.233397 0.233397 0.233397 0.233397 0.233364 0.233397 0.233397 0.233397 0.233397 0.233364
0.233397 0.233397 0.233397 0.233397 0.233364 0.233397 0.233397 0.233397 0.233397 0.233364
0.233397 0.233397 0.233397 0.233397 0.233364 0.233397 0.233397 0.233397 0.233397 0.233364
0.233397 0.233397 0.233397 0.233397 0.233364 0.233398 0.233398 0.233398 0.233398 0.233365
0.233398 0.233398 0.233398 0.233398 0.233365 0.233398 0.233398 0.233398 0.233398 0.233364
0.233397 0.233397 0.233397 0.233397 0.233364 0.233397 0.233397 0.233397 0.233397 0.233364
0.233397 0.233397 0.233397 0.233397 0.233364 0.233397 0.233397 0.233397 0.233397 0.233364
0.233397 0.233397 0.233397 0.233397 0.233364 0.233397 0.233397 0.233397 0.233397 0.233364
0.233397 0.233397 0.233397 0.233397 0.233364 0.233397 0.233397 0.233397 0.233397 0.233364
0.233397 0.233397 0.233397 0.233397 0.233364 0.233397 0.233397 0.233397 0.233397 0.233364
0.233397 0.233397 0.233397 0.233397 0.233364 0.233397 0.233397 0.233397 0.233397 0.233364
0.233397 0.233397 0.233397 0.233397 0.233363 0.233396 0.233394 0.233393 0.233392 0.233358
0.23339 0.233389 0.233388 0.233387 0.233353 0.233369 0.233369 0.233369 0.233369 0.233369
0.233336 0.233369 0.233369 0.233369 0.233369 0.233336 0.233369 0.233369 0.233369 0.233369
0.233336 0.233369 0.233369 0.233369 0.233369 0.233336 0.233369 0.233369 0.233369 0.233369
0.233336 0.233369 0.233369 0.233369 0.233369 0.233336 0.233369 0.233369 0.233369 0.23337
0.233337 0.23337 0.23337 0.23337 0.23337 0.233337 0.23337 0.23337 0.23337 0.23337
0.233337 0.23337 0.23337 0.23337 0.23337 0.233337 0.23337 0.233369 0.233369 0.233369
0.233336 0.233369 0.233369 0.233369 0.233369 0.233336 0.233369 0.233369 0.233369 0.233369
0.233336 0.233369 0.233369 0.233369 0.233369 0.233336 0.233369 0.233369 0.233369 0.233369
0.233336 0.233369 0.233369 0.233369 0.233369 0.233336 0.233369 0.233369 0.233369 0.233369
0.233336 0.233369 0.233369 0.233369 0.233369 0.233336 0.233369 0.233369 0.233369 0.233369
0.233336 0.233369 0.233369 0.233369 0.233369 0.233336 0.233369 0.233369 0.233369 0.233369
0.233336 0.233369 0.233369 0.233369 0.233369 0.233336 0.233369 0.233369 0.233369 0.233369
0.233335 0.233368 0.233367 0.233366 0.233364 0.23333 0.233362 0.233361 0.23336 0.233359
0.233325 0.233341 0.233341 0.233341 0.233341 0.233341 0.233308 0.233341 0.233341 0.233341
0.233341 0.233308 0.233341 0.233341 0.233341 0.233341 0.233308 0.233341 0.233341 0.233341
0.233341 0.233308 0.233341 0.233341 0.233341 0.233341 0.233308 0.233341 0.233341 0.233341
0.233341 0.233308 0.233341 0.233341 0.233342 0.233342 0.233309 0.233342 0.233342 0.233342
0.233342 0.233309 0.233342 0.233342 0.233342 0.233342 0.233309 0.233342 0.233342 0.233342
0.233342 0.233309 0.233342 0.233342 0.233341 0.233341 0.233308 0.233341 0.233341 0.233341
0.233341 0.233308 0.233341 0.233341 0.233341 0.233341 0.233308 0.233341 0.233341 0.233341
0.233341 0.233308 0.233341 0.233341 0.233341 0.233341 0.233308 0.233341 0.233341 0.233341
0.233341 0.233308 0.233341 0.233341 0.233341 0.233341 0.233308 0.233341 0.233341 0.233341
0.233341 0.233308 0.233341 0.233341 0.233341 0.233341 0.233308 0.233341 0.233341 0.233341
0.233341 0.233308 0.233341 0.233341 0.233341 0.233341 0.233308 0.233341 0.233341 0.233341
0.233341 0.233308 0.233341 0.233341 0.233341 0.233341 0.233308 0.23334 0.233339 0.233338
0.233337 0.233302 0.233334 0.233333 0.233332 0.233331 0.233297 0.233313 0.233313 0.233313
0.233313 0.233313 0.23328 0.233313 0.233313 0.233313 0.233313 0.23328 0.233313 0.233313
0.233313 0.233313 0.23328 0.233313 0.233313 0.233313 0.233313 0.23328 0.233313 0.233313
0.233313 0.233313 0.23328 0.233313 0.233313 0.233313 0.233313 0.23328 0.233313 0.233314
0.233314 0.233314 0.233281 0.233314 0.233314 0.233314 0.233314 0.233281 0.233315 0.233315
0.233315 0.233315 0.233281 0.233314 0.233314 0.233314 0.233314 0.233281 0.233314 0.233314
0.233314 0.233313 0.23328 0.233313 0.233313 0.233313 0.233313 0.23328 0.233313 0.233313
0.233313 0.233313 0.23328 0.233313 0.233313 0.233313 0.233313 0.23328 0.233313 0.233313
0.233313 0.233313 0.23328 0.233313 0.233313 0.233313 0.233313 0.23328 0.233313 0.233313
0.233313 0.233313 0.23328 0.233313 0.233313 0.233313 0.233313 0.23328 0.233313 0.233313
0.233313 0.233313 0.23328 0.233313 0.233313 0.233313 0.233313 0.23328 0.233313 0.233313
0.233313 0.233314 0.23328 0.233313 0.233313 0.233313 0.233313 0.23328 0.233313 0.233313
0.233313 0.233313 0.23328 0.233312 0.233311 0.23331 0.233309 0.233274 0.233306 0.233305
0.233304 0.233303 0.233269 0.233285 0.233285 0.233285 0.233285 0.233285 0.233252 0.233285
0.233285 0.233285 0.233285 0.233252 0.233285 0.233285 0.233285 0.233285 0.233252 0.233285
0.233285 0.233285 0.233285 0.233252 0.233285 0.233285 0.233285 0.233285 0.233252 0.233285
0.233285 0.233285 0.233285 0.233252 0.233285 0.233286 0.233286 0.233286 0.233253 0.233286
0.233286 0.233286 0.233287 0.233254 0.233287 0.233287 0.233287 0.233287 0.233254 0.233287
0.233286 0.233286 0.233286 0.233253 0.233286 0.233286 0.233286 0.233286 0.233252 0.233285
0.233285 0.233285 0.233285 0.233252 0.233285 0.233285 0.233285 0.233285 0.233252 0.233285
0.233285 0.233285 0.233285 0.233252 0.233285 0.233285 0.233285 0.233285 0.233252 0.233285
0.233285 0.233285 0.233285 0.233252 0.233285 0.233285 0.233285 0.233285 0.233252 0.233285
0.233285 0.233285 0.233285 0.233252 0.233285 0.233285 0.233285 0.233285 0.233252 0.233285
0.233285 0.233285 0.233285 0.233252 0.233285 0.233285 0.233286 0.233286 0.233252 0.233286
0.233286 0.233286 0.233286 0.233252 0.233285 0.233285 0.233285 0.233285 0.233252 0.233284
0.233283 0.233282 0.233281 0.233246 0.233278 0.233277 0.233276 0.233275 0.233241 
U 3 2520 float
-10 1.04324e-09 2.27472e-11 -10 1.04324e-09 2.27472e-11 -10 1.04324e-09 2.27472e-11 -10 1.04324e-09
2.27472e-11 -10 1.04324e-09 2.27472e-11 -10 5.57962e-10 1.94036e-11 -10 1.02685e-09 2.63713e-11
-10 1.02685e-09 2.63713e-11 -10 1.02685e-09 2.63713e-11 -10 1.02685e-09 2.63713e-11 -10
5.47203e-10 2.64646e-11 -10 1.01149e-09 2.01121e-11 -10 1.01149e-09 2.01121e-11 -10 1.01149e-09
2.01121e-11 -10 1.01149e-09 2.01121e-11 -10 5.37738e-10 3.31823e-11 -10 9.99805e-10 6.01788e-11
-10 9.99805e-10 6.01788e-11 -10 9.99805e-10 6.01788e-11 -10 9.99805e-10 6.01788e-11 -10
5.3087e-10 3.839e-11 -10 9.87978e-10 6.0384e-11 -10 9.87978e-10 6.0384e-11 -10 9.87978e-10
6.0384e-11 -10 9.87978e-10 6.0384e-11 -10 5.26649e-10 3.84796e-11 -10 9.78e-10 4.07017e-11
-10 9.78e-10 4.07017e-11 -10 9.78e-10 4.07017e-11 -10 9.78e-10 4.07017e-11 -10
5.22961e-10 3.46025e-11 -10 9.62663e-10 4.69697e-11 -10 9.62663e-10 4.69697e-11 -10 9.62663e-10
4.69697e-11 -10 9.62663e-10 4.69697e-11 -10 5.09916e-10 3.21973e-11 -10 9.36163e-10 4.67314e-11
-10 9.36163e-10 4.67314e-11 -10 9.36163e-10 4.67314e-11 -10 9.36163e-10 4.67314e-11 -10
4.93973e-10 2.96953e-11 -10 9.05944e-10 2.28667e-11 -10 9.05944e-10 2.28667e-11 -10 9.05944e-10
2.28667e-11 -10 9.05944e-10 2.28667e-11 -10 4.87429e-10 2.36152e-11 -10 9.09585e-10 3.61717e-11
-10 9.09585e-10 3.61717e-11 -10 9.09585e-10 3.61717e-11 -10 9.09585e-10 3.61717e-11 -10
4.85955e-10 1.68034e-11 -10 9.2503e-10 1.38913e-11 -10 9.2503e-10 1.38913e-11 -10 9.2503e-10
1.38913e-11 -10 9.2503e-10 1.38913e-11 -10 4.88996e-10 9.81717e-12 -10 9.39878e-10 5.88586e-12
-10 9.39878e-10 5.88586e-12 -10 9.39878e-10 5.88586e-12 -10 9.39878e-10 5.88586e-12 -10
4.96024e-10 5.0901e-12 -10 9.63248e-10 4.62546e-12 -10 9.63248e-10 4.62546e-12 -10 9.63248e-10
4.62546e-12 -10 9.63248e-10 4.62546e-12 -10 5.04073e-10 3.75308e-12 -10 9.88539e-10 -2.70565e-12
-10 9.88539e-10 -2.70565e-12 -10 9.88539e-10 -2.70565e-12 -10 9.88539e-10 -2.70565e-12 -10
5.09216e-10 3.22967e-12 -10 9.95689e-10 -1.16434e-12 -10 9.95689e-10 -1.16434e-12 -10 9.95689e-10
-1.16434e-12 -10 9.95689e-10 -1.16434e-12 -10 5.1393e-10 3.50991e-12 -10 1.02346e-09 -5.28554e-13
-10 1.02346e-09 -5.28554e-13 -10 1.02346e-09 -5.28554e-13 -10 1.02346e-09 -5.28554e-13 -10
5.20322e-10 3.94647e-12 -10 1.04838e-09 3.15188e-12 -10 1.04838e-09 3.15188e-12 -10 1.04838e-09
3.15188e-12 -10 1.04838e-09 3.15188e-12 -10 5.2976e-10 4.26664e-12 -10 1.06794e-09 1.17922e-12
-10 1.06794e-09 1.17922e-12 -10 1.06794e-09 1.17922e-12 -10 1.06794e-09 1.17922e-12 -10
5.41641e-10 5.73128e-12 -10 1.06627e-09 -9.63014e-12 -10 1.06627e-09 -9.63014e-12 -10 1.06627e-09
-9.63014e-12 -10 1.06627e-09 -9.63014e-12 -10 5.49506e-10 1.0656e-11 -10 1.08081e-09 8.80082e-12
-10 1.08081e-09 8.80082e-12 -10 1.08081e-09 8.80082e-12 -10 1.08081e-09 8.80082e-12 -10
5.47128e-10 2.07676e-11 -10 1.05634e-09 2.75544e-11 -10 1.05634e-09 2.75544e-11 -10 1.05634e-09
2.75544e-11 -10 1.05634e-09 2.75544e-11 -10 5.27497e-10 4.1176e-11 -10 9.49543e-10 5.59814e-11
-10 9.49543e-10 5.59814e-11 -10 9.49543e-10 5.59814e-11 -10 9.49543e-10 5.59814e-11 -10
4.87168e-10 7.44223e-11 -10 8.71334e-10 9.05423e-11 -10 8.71334e-10 9.05423e-11 -10 8.71334e-10
9.05423e-11 -10 8.71334e-10 9.05423e-11 -10 4.23589e-10 1.10135e-10 -10 7.01644e-10 1.26412e-10
-10 7.01644e-10 1.26412e-10 -10 7.01644e-10 1.26412e-10 -10 7.01644e-10 1.26412e-10 -10
3.48185e-10 1.20217e-10 -10 1.27948e-07 2.6284e-08 -10 2.5524e-07 5.28299e-08 -10 3.82532e-07
7.93757e-08 -10 5.09825e-07 1.05922e-07 -10 6.3687e-07 1.32465e-07 -10 5.09588e-08 1.11113e-09
-10 5.09588e-08 1.11113e-09 -10 5.09588e-08 1.11113e-09 -10 5.09588e-08 1.11113e-09 -10
5.09588e-08 1.11113e-09 -10 2.72547e-08 9.47804e-10 -10 5.01586e-08 1.28816e-09 -10 5.01586e-08
1.28816e-09 -10 5.01586e-08 1.28816e-09 -10 5.01586e-08 1.28816e-09 -10 2.67292e-08 1.29271e-09
-10 4.94081e-08 9.82412e-10 -10 4.94081e-08 9.82412e-10 -10 4.94081e-08 9.82412e-10 -10
4.94081e-08 9.82412e-10 -10 2.62668e-08 1.62085e-09 -10 4.88374e-08 2.93955e-09 -10 4.88374e-08
2.93955e-09 -10 4.88374e-08 2.93955e-09 -10 4.88374e-08 2.93955e-09 -10 2.59313e-08 1.87523e-09
-10 4.82597e-08 2.94957e-09 -10 4.82597e-08 2.94957e-09 -10 4.82597e-08 2.94957e-09 -10
4.82597e-08 2.94957e-09 -10 2.57252e-08 1.87961e-09 -10 4.77723e-08 1.98815e-09 -10 4.77723e-08
1.98815e-09 -10 4.77723e-08 1.98815e-09 -10 4.77723e-08 1.98815e-09 -10 2.5545e-08 1.69022e-09
-10 4.70231e-08 2.29432e-09 -10 4.70231e-08 2.29432e-09 -10 4.70231e-08 2.29432e-09 -10
4.70231e-08 2.29432e-09 -10 2.49078e-08 1.57274e-09 -10 4.57286e-08 2.28268e-09 -10 4.57286e-08
2.28268e-09 -10 4.57286e-08 2.28268e-09 -10 4.57286e-08 2.28268e-09 -10 2.41291e-08 1.45052e-09
-10 4.42525e-08 1.11697e-09 -10 4.42525e-08 1.11697e-09 -10 4.42525e-08 1.11697e-09 -10
4.42525e-08 1.11697e-09 -10 2.38094e-08 1.15353e-09 -10 4.44304e-08 1.76688e-09 -10 4.44304e-08
1.76688e-09 -10 4.44304e-08 1.76688e-09 -10 4.44304e-08 1.76688e-09 -10 2.37374e-08 8.20792e-10
-10 4.51848e-08 6.78549e-10 -10 4.51848e-08 6.78549e-10 -10 4.51848e-08 6.78549e-10 -10
4.51848e-08 6.78549e-10 -10 2.3886e-08 4.79538e-10 -10 4.59101e-08 2.87506e-10 -10 4.59101e-08
2.87506e-10 -10 4.59101e-08 2.87506e-10 -10 4.59101e-08 2.87506e-10 -10 2.42292e-08 2.48636e-10
-10 4.70517e-08 2.2594e-10 -10 4.70517e-08 2.2594e-10 -10 4.70517e-08 2.2594e-10 -10
4.70517e-08 2.2594e-10 -10 2.46224e-08 1.83327e-10 -10 4.82871e-08 -1.32163e-10 -10 4.82871e-08
-1.32163e-10 -10 4.82871e-08 -1.32163e-10 -10 4.82871e-08 -1.32163e-10 -10 2.48736e-08 1.57759e-10
-10 4.86363e-08 -5.68744e-11 -10 4.86363e-08 -5.68744e-11 -10 4.86363e-08 -5.68744e-11 -10
4.86363e-08 -5.68744e-11 -10 2.51039e-08 1.71448e-10 -10 4.9993e-08 -2.58182e-11 -10 4.9993e-08
-2.58182e-11 -10 4.9993e-08 -2.58182e-11 -10 4.9993e-08 -2.58182e-11 -10 2.54161e-08 1.92773e-10
-10 5.12103e-08 1.5396e-10 -10 5.12103e-08 1.5396e-10 -10 5.12103e-08 1.5396e-10 -10
5.12103e-08 1.5396e-10 -10 2.58772e-08 2.08412e-10 -10 5.21653e-08 5.76014e-11 -10 5.21653e-08
5.76014e-11 -10 5.21653e-08 5.76014e-11 -10 5.21653e-08 5.76014e-11 -10 2.64575e-08 2.79955e-10
-10 5.2084e-08 -4.70402e-10 -10 5.2084e-08 -4.70402e-10 -10 5.2084e-08 -4.70402e-10 -10
5.2084e-08 -4.70402e-10 -10 2.68417e-08 5.20511e-10 -10 5.27944e-08 4.29893e-10 -10 5.27944e-08
4.29893e-10 -10 5.27944e-08 4.29893e-10 -10 5.27944e-08 4.29893e-10 -10 2.67255e-08 1.01443e-09
-10 5.15988e-08 1.34595e-09 -10 5.15988e-08 1.34595e-09 -10 5.15988e-08 1.34595e-09 -10
5.15988e-08 1.34595e-09 -10 2.57666e-08 2.01132e-09 -10 4.63822e-08 2.73452e-09 -10 4.63822e-08
2.73452e-09 -10 4.63822e-08 2.73452e-09 -10 4.63822e-08 2.73452e-09 -10 2.37966e-08 3.6353e-09
-10 4.2562e-08 4.42271e-09 -10 4.2562e-08 4.42271e-09 -10 4.2562e-08 4.42271e-09 -10
4.2562e-08 4.42271e-09 -10 2.0691e-08 5.37977e-09 -10 3.42731e-08 6.17484e-09 -10 3.42731e-08
6.17484e-09 -10 3.42731e-08 6.17484e-09 -10 3.42731e-08 6.17484e-09 -10 1.70078e-08 5.87223e-09
-10 1.47922e-07 3.04728e-08 -10 2.75214e-07 5.70187e-08 -10 4.02507e-07 8.35645e-08 -10
5.29799e-07 1.1011e-07 -10 6.45048e-07 1.3652e-07 -10 8.19941e-08 1.79483e-09 -10 8.19941e-08
1.79483e-09 -10 8.19941e-08 1.79483e-09 -10 8.19941e-08 1.79483e-09 -10 8.19941e-08 1.79483e-09
-10 5.39515e-08 1.87621e-09 -10 8.0593e-08 2.2721e-09 -10 8.0593e-08 2.2721e-09 -10
8.0593e-08 2.2721e-09 -10 8.0593e-08 2.2721e-09 -10 5.29111e-08 2.55896e-09 -10 7.9291e-08
2.19802e-09 -10 7.9291e-08 2.19802e-09 -10 7.92909e-08 2.19802e-09 -10 7.92909e-08 2.19802e-09
-10 5.19959e-08 3.20852e-09 -10 7.82497e-08 4.74241e-09 -10 7.82497e-08 4.74241e-09 -10
7.82497e-08 4.74241e-09 -10 7.82497e-08 4.74241e-09 -10 5.13318e-08 3.71208e-09 -10 7.73038e-08
4.96173e-09 -10 7.73038e-08 4.96173e-09 -10 7.73038e-08 4.96173e-09 -10 7.73038e-08 4.96173e-09
-10 5.09237e-08 3.72074e-09 -10 7.65685e-08 3.84699e-09 -10 7.65685e-08 3.84699e-09 -10
7.65685e-08 3.84699e-09 -10 7.65685e-08 3.84699e-09 -10 5.0567e-08 3.34584e-09 -10 7.555e-08
4.04853e-09 -10 7.555e-08 4.04853e-09 -10 7.555e-08 4.04853e-09 -10 7.555e-08 4.04853e-09
-10 4.93057e-08 3.11328e-09 -10 7.35242e-08 3.93907e-09 -10 7.35242e-08 3.93907e-09 -10
7.35242e-08 3.93907e-09 -10 7.35242e-08 3.93907e-09 -10 4.77642e-08 2.87135e-09 -10 7.11715e-08
2.48336e-09 -10 7.11715e-08 2.48336e-09 -10 7.11715e-08 2.48336e-09 -10 7.11714e-08 2.48336e-09
-10 4.71313e-08 2.28345e-09 -10 7.11174e-08 2.99688e-09 -10 7.11174e-08 2.99688e-09 -10
7.11174e-08 2.99688e-09 -10 7.11174e-08 2.99688e-09 -10 4.69888e-08 1.62478e-09 -10 7.19361e-08
1.45933e-09 -10 7.19361e-08 1.45933e-09 -10 7.19361e-08 1.45933e-09 -10 7.19361e-08 1.45933e-09
-10 4.72829e-08 9.49259e-10 -10 7.2901e-08 7.25891e-10 -10 7.2901e-08 7.25891e-10 -10
7.2901e-08 7.25891e-10 -10 7.2901e-08 7.25891e-10 -10 4.79624e-08 4.92181e-10 -10 7.45091e-08
4.65782e-10 -10 7.45091e-08 4.65782e-10 -10 7.45091e-08 4.65782e-10 -10 7.45091e-08 4.65782e-10
-10 4.87407e-08 3.629e-10 -10 7.6267e-08 -4.07089e-12 -10 7.6267e-08 -4.07085e-12 -10
7.6267e-08 -4.0708e-12 -10 7.6267e-08 -4.07076e-12 -10 4.9238e-08 3.12289e-10 -10 7.68783e-08
6.26312e-11 -10 7.68783e-08 6.26312e-11 -10 7.68783e-08 6.26313e-11 -10 7.68783e-08 6.26313e-11
-10 4.96938e-08 3.39386e-10 -10 7.86443e-08 1.0993e-10 -10 7.86443e-08 1.0993e-10 -10
7.86443e-08 1.0993e-10 -10 7.86443e-08 1.0993e-10 -10 5.03119e-08 3.81599e-10 -10 8.03151e-08
3.36452e-10 -10 8.03151e-08 3.36452e-10 -10 8.03151e-08 3.36452e-10 -10 8.03151e-08 3.36452e-10
-10 5.12245e-08 4.12558e-10 -10 8.18024e-08 2.37138e-10 -10 8.18024e-08 2.37138e-10 -10
8.18024e-08 2.37138e-10 -10 8.18024e-08 2.37138e-10 -10 5.23733e-08 5.54179e-10 -10 8.21815e-08
-3.1862e-10 -10 8.21815e-08 -3.1862e-10 -10 8.21815e-08 -3.1862e-10 -10 8.21815e-08 -3.1862e-10
-10 5.31338e-08 1.03037e-09 -10 8.33214e-08 9.24961e-10 -10 8.33214e-08 9.24961e-10 -10
8.33214e-08 9.24961e-10 -10 8.33214e-08 9.24961e-10 -10 5.29038e-08 2.0081e-09 -10 8.18359e-08
2.39371e-09 -10 8.18359e-08 2.39371e-09 -10 8.18359e-08 2.39371e-09 -10 8.18359e-08 2.39371e-09
-10 5.10057e-08 3.98147e-09 -10 7.49853e-08 4.82267e-09 -10 7.49853e-08 4.82267e-09 -10
7.49853e-08 4.82267e-09 -10 7.49853e-08 4.82267e-09 -10 4.71061e-08 7.19617e-09 -10 6.89335e-08
8.11207e-09 -10 6.89335e-08 8.11207e-09 -10 6.89334e-08 8.11207e-09 -10 6.89334e-08 8.11207e-09
-10 4.09585e-08 1.06494e-08 -10 5.67568e-08 1.15742e-08 -10 5.67568e-08 1.15742e-08 -10
5.67568e-08 1.15742e-08 -10 5.67568e-08 1.15742e-08 -10 3.36673e-08 1.16242e-08 -10 1.65134e-07
3.59644e-08 -10 2.92426e-07 6.25103e-08 -10 4.19718e-07 8.90561e-08 -10 5.47011e-07 1.15602e-07
-10 6.53225e-07 1.40575e-07 -10 1.09255e-07 2.39764e-09 -10 1.09255e-07 2.39764e-09 -10
1.09255e-07 2.39764e-09 -10 1.09255e-07 2.39764e-09 -10 1.09255e-07 2.39764e-09 -10 8.06483e-08
2.80461e-09 -10 1.0729e-07 3.2005e-09 -10 1.0729e-07 3.2005e-09 -10 1.0729e-07 3.2005e-09
-10 1.0729e-07 3.2005e-09 -10 7.90931e-08 3.82521e-09 -10 1.05473e-07 3.46427e-09 -10
1.05473e-07 3.46427e-09 -10 1.05473e-07 3.46427e-09 -10 1.05473e-07 3.46427e-09 -10 7.7725e-08
4.79619e-09 -10 1.03979e-07 6.33008e-09 -10 1.03979e-07 6.33008e-09 -10 1.03979e-07 6.33008e-09
-10 1.03979e-07 6.33008e-09 -10 7.67323e-08 5.54892e-09 -10 1.02704e-07 6.79857e-09 -10
1.02704e-07 6.79857e-09 -10 1.02704e-07 6.79857e-09 -10 1.02704e-07 6.79857e-09 -10 7.61222e-08
5.56187e-09 -10 1.01767e-07 5.68812e-09 -10 1.01767e-07 5.68812e-09 -10 1.01767e-07 5.68812e-09
-10 1.01767e-07 5.68812e-09 -10 7.55891e-08 5.00147e-09 -10 1.00572e-07 5.70415e-09 -10
1.00572e-07 5.70415e-09 -10 1.00572e-07 5.70415e-09 -10 1.00572e-07 5.70415e-09 -10 7.37036e-08
4.65382e-09 -10 9.7922e-08 5.47961e-09 -10 9.7922e-08 5.47961e-09 -10 9.7922e-08 5.47961e-09
-10 9.7922e-08 5.47961e-09 -10 7.13992e-08 4.29218e-09 -10 9.48065e-08 3.90419e-09 -10
9.48065e-08 3.90419e-09 -10 9.48065e-08 3.90419e-09 -10 9.48065e-08 3.90419e-09 -10 7.04533e-08
3.41336e-09 -10 9.44393e-08 4.1268e-09 -10 9.44393e-08 4.1268e-09 -10 9.44393e-08 4.1268e-09
-10 9.44393e-08 4.12679e-09 -10 7.02403e-08 2.42877e-09 -10 9.51875e-08 2.26332e-09 -10
9.51875e-08 2.26332e-09 -10 9.51875e-08 2.26332e-09 -10 9.51875e-08 2.26332e-09 -10 7.06799e-08
1.41898e-09 -10 9.62979e-08 1.19561e-09 -10 9.62979e-08 1.19561e-09 -10 9.62979e-08 1.19561e-09
-10 9.62979e-08 1.19561e-09 -10 7.16956e-08 7.35727e-10 -10 9.82422e-08 7.09327e-10 -10
9.82422e-08 7.09327e-10 -10 9.82422e-08 7.09327e-10 -10 9.82422e-08 7.09327e-10 -10 7.2859e-08
5.42473e-10 -10 1.00385e-07 1.75503e-10 -10 1.00385e-07 1.75504e-10 -10 1.00385e-07 1.75504e-10
-10 1.00385e-07 1.75504e-10 -10 7.36024e-08 4.66818e-10 -10 1.01243e-07 2.17161e-10 -10
1.01243e-07 2.17161e-10 -10 1.01243e-07 2.17161e-10 -10 1.01243e-07 2.17161e-10 -10 7.42838e-08
5.07325e-10 -10 1.03234e-07 2.77869e-10 -10 1.03234e-07 2.77869e-10 -10 1.03234e-07 2.77869e-10
-10 1.03234e-07 2.77869e-10 -10 7.52076e-08 5.70425e-10 -10 1.05211e-07 5.25279e-10 -10
1.05211e-07 5.25279e-10 -10 1.05211e-07 5.25279e-10 -10 1.05211e-07 5.25279e-10 -10 7.65719e-08
6.16704e-10 -10 1.0715e-07 4.41284e-10 -10 1.0715e-07 4.41284e-10 -10 1.0715e-07 4.41284e-10
-10 1.0715e-07 4.41284e-10 -10 7.82891e-08 8.28403e-10 -10 1.08097e-07 -4.4393e-11 -10
1.08097e-07 -4.43928e-11 -10 1.08097e-07 -4.43927e-11 -10 1.08097e-07 -4.43925e-11 -10 7.9426e-08
1.54022e-09 -10 1.09613e-07 1.43482e-09 -10 1.09613e-07 1.43482e-09 -10 1.09613e-07 1.43482e-09
-10 1.09613e-07 1.43482e-09 -10 7.90822e-08 3.00177e-09 -10 1.08014e-07 3.38737e-09 -10
1.08014e-07 3.38737e-09 -10 1.08014e-07 3.38737e-09 -10 1.08014e-07 3.38737e-09 -10 7.62447e-08
5.95161e-09 -10 1.00224e-07 6.79281e-09 -10 1.00224e-07 6.79281e-09 -10 1.00224e-07 6.79281e-09
-10 1.00224e-07 6.79281e-09 -10 7.04155e-08 1.0757e-08 -10 9.22428e-08 1.16729e-08 -10
9.22428e-08 1.16729e-08 -10 9.22428e-08 1.16729e-08 -10 9.22428e-08 1.16729e-08 -10 6.12259e-08
1.5919e-08 -10 7.70242e-08 1.68438e-08 -10 7.70241e-08 1.68438e-08 -10 7.70241e-08 1.68438e-08
-10 7.70241e-08 1.68438e-08 -10 5.03269e-08 1.73762e-08 -10 1.81793e-07 4.17164e-08 -10
3.09086e-07 6.82623e-08 -10 4.36378e-07 9.48082e-08 -10 5.6367e-07 1.21354e-07 -10 6.61402e-07
1.4463e-07 -10 1.36516e-07 3.00045e-09 -10 1.36516e-07 3.00045e-09 -10 1.36516e-07 3.00045e-09
-10 1.36516e-07 3.00045e-09 -10 1.36516e-07 3.00045e-09 -10 1.07345e-07 3.73301e-09 -10
1.33987e-07 4.1289e-09 -10 1.33987e-07 4.1289e-09 -10 1.33987e-07 4.1289e-09 -10 1.33987e-07
4.1289e-09 -10 1.05275e-07 5.09146e-09 -10 1.31655e-07 4.73052e-09 -10 1.31655e-07 4.73052e-09
-10 1.31655e-07 4.73052e-09 -10 1.31655e-07 4.73052e-09 -10 1.03454e-07 6.38386e-09 -10
1.29708e-07 7.91775e-09 -10 1.29708e-07 7.91775e-09 -10 1.29708e-07 7.91775e-09 -10 1.29708e-07
7.91775e-09 -10 1.02133e-07 7.38576e-09 -10 1.28105e-07 8.63542e-09 -10 1.28105e-07 8.63542e-09
-10 1.28105e-07 8.63542e-09 -10 1.28105e-07 8.63541e-09 -10 1.01321e-07 7.403e-09 -10
1.26966e-07 7.52925e-09 -10 1.26966e-07 7.52925e-09 -10 1.26965e-07 7.52925e-09 -10 1.26965e-07
7.52925e-09 -10 1.00611e-07 6.65709e-09 -10 1.25594e-07 7.35977e-09 -10 1.25594e-07 7.35977e-09
-10 1.25594e-07 7.35976e-09 -10 1.25594e-07 7.35976e-09 -10 9.81015e-08 6.19436e-09 -10
1.2232e-07 7.02015e-09 -10 1.2232e-07 7.02015e-09 -10 1.2232e-07 7.02015e-09 -10 1.2232e-07
7.02015e-09 -10 9.50343e-08 5.71301e-09 -10 1.18442e-07 5.32502e-09 -10 1.18442e-07 5.32502e-09
-10 1.18442e-07 5.32502e-09 -10 1.18442e-07 5.32502e-09 -10 9.37752e-08 4.54328e-09 -10
1.17761e-07 5.25671e-09 -10 1.17761e-07 5.25671e-09 -10 1.17761e-07 5.25671e-09 -10 1.17761e-07
5.25671e-09 -10 9.34917e-08 3.23276e-09 -10 1.18439e-07 3.06731e-09 -10 1.18439e-07 3.06731e-09
-10 1.18439e-07 3.06731e-09 -10 1.18439e-07 3.06731e-09 -10 9.40768e-08 1.8887e-09 -10
1.19695e-07 1.66533e-09 -10 1.19695e-07 1.66533e-09 -10 1.19695e-07 1.66533e-09 -10 1.19695e-07
1.66533e-09 -10 9.54288e-08 9.79272e-10 -10 1.21975e-07 9.52873e-10 -10 1.21975e-07 9.52873e-10
-10 1.21975e-07 9.52873e-10 -10 1.21975e-07 9.52873e-10 -10 9.69774e-08 7.22047e-10 -10
1.24504e-07 3.55078e-10 -10 1.24504e-07 3.55078e-10 -10 1.24503e-07 3.55078e-10 -10 1.24503e-07
3.55078e-10 -10 9.79668e-08 6.21348e-10 -10 1.25607e-07 3.71692e-10 -10 1.25607e-07 3.71692e-10
-10 1.25607e-07 3.71692e-10 -10 1.25607e-07 3.71692e-10 -10 9.88738e-08 6.75263e-10 -10
1.27824e-07 4.45808e-10 -10 1.27824e-07 4.45808e-10 -10 1.27824e-07 4.45808e-10 -10 1.27824e-07
4.45808e-10 -10 1.00103e-07 7.59251e-10 -10 1.30106e-07 7.14105e-10 -10 1.30106e-07 7.14105e-10
-10 1.30106e-07 7.14105e-10 -10 1.30106e-07 7.14105e-10 -10 1.01919e-07 8.20849e-10 -10
1.32497e-07 6.4543e-10 -10 1.32497e-07 6.4543e-10 -10 1.32497e-07 6.45431e-10 -10 1.32497e-07
6.45431e-10 -10 1.04205e-07 1.10263e-09 -10 1.34013e-07 2.29834e-10 -10 1.34013e-07 2.29834e-10
-10 1.34013e-07 2.29834e-10 -10 1.34013e-07 2.29835e-10 -10 1.05718e-07 2.05008e-09 -10
1.35905e-07 1.94467e-09 -10 1.35905e-07 1.94467e-09 -10 1.35905e-07 1.94467e-09 -10 1.35905e-07
1.94467e-09 -10 1.05261e-07 3.99543e-09 -10 1.34192e-07 4.38104e-09 -10 1.34192e-07 4.38104e-09
-10 1.34192e-07 4.38104e-09 -10 1.34192e-07 4.38104e-09 -10 1.01484e-07 7.92176e-09 -10
1.25463e-07 8.76295e-09 -10 1.25463e-07 8.76295e-09 -10 1.25463e-07 8.76295e-09 -10 1.25463e-07
8.76295e-09 -10 9.3725e-08 1.43179e-08 -10 1.15552e-07 1.52338e-08 -10 1.15552e-07 1.52338e-08
-10 1.15552e-07 1.52338e-08 -10 1.15552e-07 1.52338e-08 -10 8.14933e-08 2.11887e-08 -10
9.72915e-08 2.21135e-08 -10 9.72915e-08 2.21135e-08 -10 9.72915e-08 2.21135e-08 -10 9.72915e-08
2.21135e-08 -10 6.69865e-08 2.31283e-08 -10 1.98453e-07 4.74684e-08 -10 3.25745e-07 7.40143e-08
-10 4.53038e-07 1.0056e-07 -10 5.8033e-07 1.27106e-07 -10 6.69579e-07 1.48685e-07 -10
1.63777e-07 3.60326e-09 -10 1.63777e-07 3.60326e-09 -10 1.63777e-07 3.60326e-09 -10 1.63777e-07
3.60326e-09 -10 1.63777e-07 3.60326e-09 -10 1.34042e-07 4.66141e-09 -10 1.60683e-07 5.0573e-09
-10 1.60683e-07 5.0573e-09 -10 1.60683e-07 5.0573e-09 -10 1.60683e-07 5.0573e-09 -10
1.31457e-07 6.35771e-09 -10 1.57837e-07 5.99677e-09 -10 1.57837e-07 5.99677e-09 -10 1.57837e-07
5.99677e-09 -10 1.57837e-07 5.99677e-09 -10 1.29183e-07 7.97153e-09 -10 1.55437e-07 9.50542e-09
-10 1.55437e-07 9.50542e-09 -10 1.55437e-07 9.50542e-09 -10 1.55437e-07 9.50542e-09 -10
1.27533e-07 9.22261e-09 -10 1.53505e-07 1.04723e-08 -10 1.53505e-07 1.04723e-08 -10 1.53505e-07
1.04723e-08 -10 1.53505e-07 1.04723e-08 -10 1.26519e-07 9.24413e-09 -10 1.52164e-07 9.37038e-09
-10 1.52164e-07 9.37038e-09 -10 1.52164e-07 9.37038e-09 -10 1.52164e-07 9.37038e-09 -10
1.25633e-07 8.31271e-09 -10 1.50616e-07 9.01538e-09 -10 1.50616e-07 9.01538e-09 -10 1.50616e-07
9.01538e-09 -10 1.50616e-07 9.01538e-09 -10 1.22499e-07 7.73489e-09 -10 1.46718e-07 8.56069e-09
-10 1.46718e-07 8.56069e-09 -10 1.46718e-07 8.56069e-09 -10 1.46718e-07 8.56069e-09 -10
1.18669e-07 7.13384e-09 -10 1.42077e-07 6.74585e-09 -10 1.42077e-07 6.74585e-09 -10 1.42077e-07
6.74585e-09 -10 1.42077e-07 6.74585e-09 -10 1.17097e-07 5.67319e-09 -10 1.41083e-07 6.38662e-09
-10 1.41083e-07 6.38662e-09 -10 1.41083e-07 6.38662e-09 -10 1.41083e-07 6.38662e-09 -10
1.16743e-07 4.03675e-09 -10 1.4169e-07 3.87129e-09 -10 1.4169e-07 3.87129e-09 -10 1.4169e-07
3.87129e-09 -10 1.4169e-07 3.87129e-09 -10 1.17474e-07 2.35842e-09 -10 1.43092e-07 2.13506e-09
-10 1.43092e-07 2.13506e-09 -10 1.43092e-07 2.13506e-09 -10 1.43092e-07 2.13506e-09 -10
1.19162e-07 1.22282e-09 -10 1.45708e-07 1.19642e-09 -10 1.45708e-07 1.19642e-09 -10 1.45708e-07
1.19642e-09 -10 1.45708e-07 1.19642e-09 -10 1.21096e-07 9.0162e-10 -10 1.48622e-07 5.34652e-10
-10 1.48622e-07 5.34652e-10 -10 1.48622e-07 5.34652e-10 -10 1.48622e-07 5.34652e-10 -10
1.22331e-07 7.75877e-10 -10 1.49971e-07 5.26222e-10 -10 1.49971e-07 5.26222e-10 -10 1.49971e-07
5.26222e-10 -10 1.49971e-07 5.26222e-10 -10 1.23464e-07 8.43201e-10 -10 1.52414e-07 6.13747e-10
-10 1.52414e-07 6.13747e-10 -10 1.52414e-07 6.13747e-10 -10 1.52414e-07 6.13747e-10 -10
1.24999e-07 9.48077e-10 -10 1.55002e-07 9.02931e-10 -10 1.55002e-07 9.02931e-10 -10 1.55002e-07
9.02931e-10 -10 1.55002e-07 9.02931e-10 -10 1.27267e-07 1.02499e-09 -10 1.57844e-07 8.49577e-10
-10 1.57844e-07 8.49577e-10 -10 1.57844e-07 8.49577e-10 -10 1.57844e-07 8.49577e-10 -10
1.30121e-07 1.37685e-09 -10 1.59929e-07 5.04061e-10 -10 1.59929e-07 5.04061e-10 -10 1.59929e-07
5.04061e-10 -10 1.59929e-07 5.04062e-10 -10 1.3201e-07 2.55993e-09 -10 1.62198e-07 2.45453e-09
-10 1.62198e-07 2.45453e-09 -10 1.62198e-07 2.45453e-09 -10 1.62198e-07 2.45453e-09 -10
1.31439e-07 4.9891e-09 -10 1.60371e-07 5.3747e-09 -10 1.60371e-07 5.3747e-09 -10 1.60371e-07
5.3747e-09 -10 1.60371e-07 5.3747e-09 -10 1.26723e-07 9.8919e-09 -10 1.50702e-07 1.07331e-08
-10 1.50702e-07 1.07331e-08 -10 1.50702e-07 1.07331e-08 -10 1.50702e-07 1.07331e-08 -10
1.17034e-07 1.78788e-08 -10 1.38862e-07 1.87947e-08 -10 1.38862e-07 1.87947e-08 -10 1.38862e-07
1.87947e-08 -10 1.38862e-07 1.87947e-08 -10 1.01761e-07 2.64583e-08 -10 1.17559e-07 2.73831e-08
-10 1.17559e-07 2.73831e-08 -10 1.17559e-07 2.73831e-08 -10 1.17559e-07 2.73831e-08 -10
8.36461e-08 2.88803e-08 -10 2.15112e-07 5.32205e-08 -10 3.42405e-07 7.97663e-08 -10 4.69697e-07
1.06312e-07 -10 5.96989e-07 1.32858e-07 -10 6.77757e-07 1.52741e-07 -10 1.91038e-07 4.20606e-09
-10 1.91038e-07 4.20606e-09 -10 1.91038e-07 4.20606e-09 -10 1.91038e-07 4.20606e-09 -10
1.91038e-07 4.20606e-09 -10 1.60739e-07 5.58981e-09 -10 1.8738e-07 5.9857e-09 -10 1.8738e-07
5.9857e-09 -10 1.8738e-07 5.9857e-09 -10 1.8738e-07 5.9857e-09 -10 1.57639e-07 7.62396e-09
-10 1.84019e-07 7.26302e-09 -10 1.84019e-07 7.26302e-09 -10 1.84019e-07 7.26302e-09 -10
1.84019e-07 7.26302e-09 -10 1.54912e-07 9.5592e-09 -10 1.81166e-07 1.10931e-08 -10 1.81166e-07
1.10931e-08 -10 1.81166e-07 1.10931e-08 -10 1.81166e-07 1.10931e-08 -10 1.52934e-07 1.10594e-08
-10 1.78906e-07 1.23091e-08 -10 1.78906e-07 1.23091e-08 -10 1.78906e-07 1.23091e-08 -10
1.78906e-07 1.23091e-08 -10 1.51718e-07 1.10853e-08 -10 1.77362e-07 1.12115e-08 -10 1.77362e-07
1.12115e-08 -10 1.77362e-07 1.12115e-08 -10 1.77362e-07 1.12115e-08 -10 1.50655e-07 9.96833e-09
-10 1.75638e-07 1.0671e-08 -10 1.75638e-07 1.0671e-08 -10 1.75638e-07 1.0671e-08 -10
1.75638e-07 1.0671e-08 -10 1.46897e-07 9.27543e-09 -10 1.71116e-07 1.01012e-08 -10 1.71116e-07
1.01012e-08 -10 1.71116e-07 1.01012e-08 -10 1.71116e-07 1.01012e-08 -10 1.42305e-07 8.55467e-09
-10 1.65712e-07 8.16668e-09 -10 1.65712e-07 8.16668e-09 -10 1.65712e-07 8.16668e-09 -10
1.65712e-07 8.16668e-09 -10 1.40419e-07 6.80311e-09 -10 1.64405e-07 7.51654e-09 -10 1.64405e-07
7.51654e-09 -10 1.64405e-07 7.51654e-09 -10 1.64405e-07 7.51654e-09 -10 1.39995e-07 4.84074e-09
-10 1.64942e-07 4.67528e-09 -10 1.64942e-07 4.67528e-09 -10 1.64942e-07 4.67528e-09 -10
1.64942e-07 4.67528e-09 -10 1.40871e-07 2.82814e-09 -10 1.66489e-07 2.60478e-09 -10 1.66489e-07
2.60478e-09 -10 1.66489e-07 2.60478e-09 -10 1.66489e-07 2.60478e-09 -10 1.42895e-07 1.46636e-09
-10 1.69442e-07 1.43996e-09 -10 1.69442e-07 1.43996e-09 -10 1.69442e-07 1.43996e-09 -10
1.69442e-07 1.43996e-09 -10 1.45214e-07 1.08119e-09 -10 1.7274e-07 7.14227e-10 -10 1.7274e-07
7.14227e-10 -10 1.7274e-07 7.14227e-10 -10 1.7274e-07 7.14227e-10 -10 1.46696e-07 9.30407e-10
-10 1.74336e-07 6.80752e-10 -10 1.74336e-07 6.80752e-10 -10 1.74336e-07 6.80752e-10 -10
1.74336e-07 6.80752e-10 -10 1.48054e-07 1.01114e-09 -10 1.77004e-07 7.81686e-10 -10 1.77004e-07
7.81686e-10 -10 1.77004e-07 7.81686e-10 -10 1.77004e-07 7.81686e-10 -10 1.49895e-07 1.1369e-09
-10 1.79898e-07 1.09176e-09 -10 1.79898e-07 1.09176e-09 -10 1.79898e-07 1.09176e-09 -10
1.79898e-07 1.09176e-09 -10 1.52614e-07 1.22914e-09 -10 1.83192e-07 1.05372e-09 -10 1.83192e-07
1.05372e-09 -10 1.83192e-07 1.05372e-09 -10 1.83191e-07 1.05372e-09 -10 1.56037e-07 1.65107e-09
-10 1.85844e-07 7.78288e-10 -10 1.85844e-07 7.78288e-10 -10 1.85844e-07 7.78288e-10 -10
1.85844e-07 7.78289e-10 -10 1.58302e-07 3.06979e-09 -10 1.8849e-07 2.96438e-09 -10 1.8849e-07
2.96438e-09 -10 1.8849e-07 2.96438e-09 -10 1.8849e-07 2.96438e-09 -10 1.57617e-07 5.98276e-09
-10 1.86549e-07 6.36837e-09 -10 1.86549e-07 6.36837e-09 -10 1.86549e-07 6.36837e-09 -10
1.86549e-07 6.36837e-09 -10 1.51962e-07 1.1862e-08 -10 1.75941e-07 1.27032e-08 -10 1.75941e-07
1.27032e-08 -10 1.75941e-07 1.27032e-08 -10 1.75941e-07 1.27032e-08 -10 1.40344e-07 2.14397e-08
-10 1.62171e-07 2.23556e-08 -10 1.62171e-07 2.23556e-08 -10 1.62171e-07 2.23556e-08 -10
1.62171e-07 2.23556e-08 -10 1.22028e-07 3.17279e-08 -10 1.37826e-07 3.26527e-08 -10 1.37826e-07
3.26527e-08 -10 1.37826e-07 3.26527e-08 -10 1.37826e-07 3.26527e-08 -10 1.00306e-07 3.46323e-08
-10 2.31772e-07 5.89725e-08 -10 3.59064e-07 8.55184e-08 -10 4.86357e-07 1.12064e-07 -10
6.13649e-07 1.3861e-07 -10 6.85934e-07 1.56796e-07 -10 2.18299e-07 4.80887e-09 -10 2.18299e-07
4.80887e-09 -10 2.18299e-07 4.80887e-09 -10 2.18299e-07 4.80887e-09 -10 2.18299e-07 4.80887e-09
-10 1.87435e-07 6.51821e-09 -10 2.14077e-07 6.9141e-09 -10 2.14077e-07 6.9141e-09 -10
2.14077e-07 6.9141e-09 -10 2.14077e-07 6.9141e-09 -10 1.83821e-07 8.89021e-09 -10 2.10201e-07
8.52927e-09 -10 2.10201e-07 8.52927e-09 -10 2.10201e-07 8.52927e-09 -10 2.10201e-07 8.52927e-09
-10 1.80641e-07 1.11469e-08 -10 2.06895e-07 1.26808e-08 -10 2.06895e-07 1.26808e-08 -10
2.06895e-07 1.26808e-08 -10 2.06895e-07 1.26808e-08 -10 1.78334e-07 1.28963e-08 -10 2.04306e-07
1.41459e-08 -10 2.04306e-07 1.41459e-08 -10 2.04306e-07 1.41459e-08 -10 2.04306e-07 1.41459e-08
-10 1.76916e-07 1.29264e-08 -10 2.02561e-07 1.30526e-08 -10 2.02561e-07 1.30526e-08 -10
2.02561e-07 1.30526e-08 -10 2.02561e-07 1.30526e-08 -10 1.75677e-07 1.16239e-08 -10 2.0066e-07
1.23266e-08 -10 2.0066e-07 1.23266e-08 -10 2.0066e-07 1.23266e-08 -10 2.0066e-07 1.23266e-08
-10 1.71295e-07 1.0816e-08 -10 1.95513e-07 1.16418e-08 -10 1.95513e-07 1.16418e-08 -10
1.95513e-07 1.16418e-08 -10 1.95513e-07 1.16418e-08 -10 1.6594e-07 9.9755e-09 -10 1.89347e-07
9.58751e-09 -10 1.89347e-07 9.58751e-09 -10 1.89347e-07 9.58751e-09 -10 1.89347e-07 9.58751e-09
-10 1.63741e-07 7.93302e-09 -10 1.87727e-07 8.64645e-09 -10 1.87727e-07 8.64645e-09 -10
1.87727e-07 8.64645e-09 -10 1.87727e-07 8.64645e-09 -10 1.63246e-07 5.64473e-09 -10 1.88193e-07
5.47927e-09 -10 1.88193e-07 5.47927e-09 -10 1.88193e-07 5.47927e-09 -10 1.88193e-07 5.47927e-09
-10 1.64268e-07 3.29786e-09 -10 1.89886e-07 3.0745e-09 -10 1.89886e-07 3.0745e-09 -10
1.89886e-07 3.0745e-09 -10 1.89885e-07 3.0745e-09 -10 1.66628e-07 1.70991e-09 -10 1.93175e-07
1.68351e-09 -10 1.93175e-07 1.68351e-09 -10 1.93175e-07 1.68351e-09 -10 1.93175e-07 1.68351e-09
-10 1.69332e-07 1.26077e-09 -10 1.96858e-07 8.93801e-10 -10 1.96858e-07 8.93801e-10 -10
1.96858e-07 8.93801e-10 -10 1.96858e-07 8.93801e-10 -10 1.7106e-07 1.08494e-09 -10 1.987e-07
8.35282e-10 -10 1.987e-07 8.35282e-10 -10 1.987e-07 8.35282e-10 -10 1.987e-07 8.35282e-10
-10 1.72644e-07 1.17908e-09 -10 2.01594e-07 9.49625e-10 -10 2.01594e-07 9.49625e-10 -10
2.01594e-07 9.49625e-10 -10 2.01594e-07 9.49625e-10 -10 1.74791e-07 1.32573e-09 -10 2.04793e-07
1.28058e-09 -10 2.04793e-07 1.28058e-09 -10 2.04793e-07 1.28058e-09 -10 2.04793e-07 1.28058e-09
-10 1.77961e-07 1.43329e-09 -10 2.08539e-07 1.25787e-09 -10 2.08539e-07 1.25787e-09 -10
2.08539e-07 1.25787e-09 -10 2.08539e-07 1.25787e-09 -10 1.81952e-07 1.9253e-09 -10 2.1176e-07
1.05251e-09 -10 2.1176e-07 1.05252e-09 -10 2.1176e-07 1.05252e-09 -10 2.1176e-07 1.05252e-09
-10 1.84595e-07 3.57964e-09 -10 2.14782e-07 3.47424e-09 -10 2.14782e-07 3.47424e-09 -10
2.14782e-07 3.47424e-09 -10 2.14782e-07 3.47424e-09 -10 1.83796e-07 6.97643e-09 -10 2.12727e-07
7.36203e-09 -10 2.12727e-07 7.36203e-09 -10 2.12727e-07 7.36203e-09 -10 2.12727e-07 7.36203e-09
-10 1.77201e-07 1.38322e-08 -10 2.0118e-07 1.46734e-08 -10 2.0118e-07 1.46734e-08 -10
2.0118e-07 1.46734e-08 -10 2.0118e-07 1.46734e-08 -10 1.63653e-07 2.50005e-08 -10 1.8548e-07
2.59164e-08 -10 1.8548e-07 2.59164e-08 -10 1.8548e-07 2.59164e-08 -10 1.8548e-07 2.59164e-08
-10 1.42296e-07 3.69976e-08 -10 1.58094e-07 3.79224e-08 -10 1.58094e-07 3.79224e-08 -10
1.58094e-07 3.79224e-08 -10 1.58094e-07 3.79224e-08 -10 1.16965e-07 4.03843e-08 -10 2.48432e-07
6.47245e-08 -10 3.75724e-07 9.12704e-08 -10 5.03016e-07 1.17816e-07 -10 6.30309e-07 1.44362e-07
-10 6.94111e-07 1.60851e-07 -10 2.4556e-07 5.41168e-09 -10 2.4556e-07 5.41168e-09 -10
2.4556e-07 5.41168e-09 -10 2.4556e-07 5.41168e-09 -10 2.4556e-07 5.41168e-09 -10 2.14132e-07
7.44661e-09 -10 2.40774e-07 7.8425e-09 -10 2.40774e-07 7.8425e-09 -10 2.40774e-07 7.8425e-09
-10 2.40774e-07 7.8425e-09 -10 2.10003e-07 1.01565e-08 -10 2.36383e-07 9.79552e-09 -10
2.36383e-07 9.79552e-09 -10 2.36383e-07 9.79552e-09 -10 2.36383e-07 9.79552e-09 -10 2.0637e-07
1.27345e-08 -10 2.32624e-07 1.42684e-08 -10 2.32624e-07 1.42684e-08 -10 2.32624e-07 1.42684e-08
-10 2.32624e-07 1.42684e-08 -10 2.03735e-07 1.47331e-08 -10 2.29707e-07 1.59828e-08 -10
2.29706e-07 1.59828e-08 -10 2.29706e-07 1.59828e-08 -10 2.29706e-07 1.59828e-08 -10 2.02115e-07
1.47675e-08 -10 2.27759e-07 1.48938e-08 -10 2.27759e-07 1.48938e-08 -10 2.27759e-07 1.48938e-08
-10 2.27759e-07 1.48938e-08 -10 2.00699e-07 1.32796e-08 -10 2.25682e-07 1.39822e-08 -10
2.25682e-07 1.39822e-08 -10 2.25682e-07 1.39822e-08 -10 2.25682e-07 1.39822e-08 -10 1.95693e-07
1.23565e-08 -10 2.19911e-07 1.31823e-08 -10 2.19911e-07 1.31823e-08 -10 2.19911e-07 1.31823e-08
-10 2.19911e-07 1.31823e-08 -10 1.89575e-07 1.13963e-08 -10 2.12982e-07 1.10083e-08 -10
2.12982e-07 1.10083e-08 -10 2.12982e-07 1.10083e-08 -10 2.12982e-07 1.10083e-08 -10 1.87063e-07
9.06294e-09 -10 2.11049e-07 9.77637e-09 -10 2.11049e-07 9.77637e-09 -10 2.11049e-07 9.77637e-09
-10 2.11049e-07 9.77637e-09 -10 1.86497e-07 6.44871e-09 -10 2.11444e-07 6.28326e-09 -10
2.11444e-07 6.28326e-09 -10 2.11444e-07 6.28326e-09 -10 2.11444e-07 6.28326e-09 -10 1.87665e-07
3.76759e-09 -10 2.13282e-07 3.54422e-09 -10 2.13282e-07 3.54422e-09 -10 2.13282e-07 3.54422e-09
-10 2.13282e-07 3.54422e-09 -10 1.90362e-07 1.95345e-09 -10 2.16908e-07 1.92705e-09 -10
2.16908e-07 1.92705e-09 -10 2.16908e-07 1.92705e-09 -10 2.16908e-07 1.92705e-09 -10 1.93451e-07
1.44034e-09 -10 2.20977e-07 1.07338e-09 -10 2.20977e-07 1.07338e-09 -10 2.20976e-07 1.07338e-09
-10 2.20976e-07 1.07338e-09 -10 1.95424e-07 1.23947e-09 -10 2.23064e-07 9.89812e-10 -10
2.23064e-07 9.89812e-10 -10 2.23064e-07 9.89812e-10 -10 2.23064e-07 9.89812e-10 -10 1.97234e-07
1.34702e-09 -10 2.26184e-07 1.11756e-09 -10 2.26184e-07 1.11756e-09 -10 2.26184e-07 1.11756e-09
-10 2.26184e-07 1.11756e-09 -10 1.99686e-07 1.51456e-09 -10 2.29689e-07 1.46941e-09 -10
2.29689e-07 1.46941e-09 -10 2.29689e-07 1.46941e-09 -10 2.29689e-07 1.46941e-09 -10 2.03309e-07
1.63743e-09 -10 2.33886e-07 1.46202e-09 -10 2.33886e-07 1.46202e-09 -10 2.33886e-07 1.46202e-09
-10 2.33886e-07 1.46202e-09 -10 2.07868e-07 2.19952e-09 -10 2.37676e-07 1.32674e-09 -10
2.37676e-07 1.32674e-09 -10 2.37676e-07 1.32674e-09 -10 2.37676e-07 1.32674e-09 -10 2.10887e-07
4.0895e-09 -10 2.41074e-07 3.98409e-09 -10 2.41074e-07 3.98409e-09 -10 2.41074e-07 3.98409e-09
-10 2.41074e-07 3.98409e-09 -10 2.09974e-07 7.9701e-09 -10 2.38905e-07 8.3557e-09 -10
2.38905e-07 8.3557e-09 -10 2.38905e-07 8.3557e-09 -10 2.38905e-07 8.3557e-09 -10 2.0244e-07
1.58023e-08 -10 2.26419e-07 1.66435e-08 -10 2.26419e-07 1.66435e-08 -10 2.26419e-07 1.66435e-08
-10 2.26419e-07 1.66435e-08 -10 1.86963e-07 2.85614e-08 -10 2.0879e-07 2.94773e-08 -10
2.0879e-07 2.94773e-08 -10 2.0879e-07 2.94773e-08 -10 2.0879e-07 2.94773e-08 -10 1.62563e-07
4.22672e-08 -10 1.78361e-07 4.3192e-08 -10 1.78361e-07 4.3192e-08 -10 1.78361e-07 4.3192e-08
-10 1.78361e-07 4.3192e-08 -10 1.33625e-07 4.61363e-08 -10 2.65091e-07 7.04765e-08 -10
3.92383e-07 9.70224e-08 -10 5.19676e-07 1.23568e-07 -10 6.46968e-07 1.50114e-07 -10 7.02288e-07
1.64906e-07 -10 2.72821e-07 6.01449e-09 -10 2.72821e-07 6.01449e-09 -10 2.72821e-07 6.01449e-09
-10 2.72821e-07 6.01449e-09 -10 2.72821e-07 6.01449e-09 -10 2.40829e-07 8.37501e-09 -10
2.6747e-07 8.7709e-09 -10 2.6747e-07 8.7709e-09 -10 2.6747e-07 8.7709e-09 -10 2.6747e-07
8.7709e-09 -10 2.36185e-07 1.14227e-08 -10 2.62565e-07 1.10618e-08 -10 2.62565e-07 1.10618e-08
-10 2.62565e-07 1.10618e-08 -10 2.62565e-07 1.10618e-08 -10 2.32099e-07 1.43222e-08 -10
2.58353e-07 1.58561e-08 -10 2.58353e-07 1.58561e-08 -10 2.58353e-07 1.58561e-08 -10 2.58353e-07
1.58561e-08 -10 2.29135e-07 1.657e-08 -10 2.55107e-07 1.78196e-08 -10 2.55107e-07 1.78196e-08
-10 2.55107e-07 1.78196e-08 -10 2.55107e-07 1.78196e-08 -10 2.27313e-07 1.66087e-08 -10
2.52958e-07 1.67349e-08 -10 2.52958e-07 1.67349e-08 -10 2.52958e-07 1.67349e-08 -10 2.52958e-07
1.67349e-08 -10 2.25721e-07 1.49352e-08 -10 2.50704e-07 1.56379e-08 -10 2.50704e-07 1.56379e-08
-10 2.50704e-07 1.56379e-08 -10 2.50704e-07 1.56379e-08 -10 2.20091e-07 1.38971e-08 -10
2.44309e-07 1.47228e-08 -10 2.44309e-07 1.47228e-08 -10 2.44309e-07 1.47228e-08 -10 2.44309e-07
1.47228e-08 -10 2.1321e-07 1.28172e-08 -10 2.36617e-07 1.24292e-08 -10 2.36617e-07 1.24292e-08
-10 2.36617e-07 1.24292e-08 -10 2.36617e-07 1.24292e-08 -10 2.10385e-07 1.01929e-08 -10
2.34371e-07 1.09063e-08 -10 2.34371e-07 1.09063e-08 -10 2.34371e-07 1.09063e-08 -10 2.34371e-07
1.09063e-08 -10 2.09749e-07 7.2527e-09 -10 2.34696e-07 7.08725e-09 -10 2.34696e-07 7.08725e-09
-10 2.34696e-07 7.08725e-09 -10 2.34696e-07 7.08725e-09 -10 2.11062e-07 4.23731e-09 -10
2.36679e-07 4.01394e-09 -10 2.36679e-07 4.01394e-09 -10 2.36679e-07 4.01394e-09 -10 2.36679e-07
4.01394e-09 -10 2.14095e-07 2.197e-09 -10 2.40641e-07 2.1706e-09 -10 2.40641e-07 2.1706e-09
-10 2.40641e-07 2.1706e-09 -10 2.40641e-07 2.1706e-09 -10 2.17569e-07 1.61991e-09 -10
2.45095e-07 1.25295e-09 -10 2.45095e-07 1.25295e-09 -10 2.45095e-07 1.25295e-09 -10 2.45095e-07
1.25295e-09 -10 2.19789e-07 1.394e-09 -10 2.47429e-07 1.14434e-09 -10 2.47429e-07 1.14434e-09
-10 2.47429e-07 1.14434e-09 -10 2.47429e-07 1.14434e-09 -10 2.21824e-07 1.51495e-09 -10
2.50773e-07 1.2855e-09 -10 2.50773e-07 1.2855e-09 -10 2.50773e-07 1.2855e-09 -10 2.50773e-07
1.2855e-09 -10 2.24582e-07 1.70338e-09 -10 2.54585e-07 1.65824e-09 -10 2.54585e-07 1.65824e-09
-10 2.54585e-07 1.65824e-09 -10 2.54585e-07 1.65824e-09 -10 2.28656e-07 1.84158e-09 -10
2.59233e-07 1.66616e-09 -10 2.59233e-07 1.66616e-09 -10 2.59233e-07 1.66616e-09 -10 2.59233e-07
1.66616e-09 -10 2.33784e-07 2.47375e-09 -10 2.63592e-07 1.60097e-09 -10 2.63592e-07 1.60097e-09
-10 2.63592e-07 1.60097e-09 -10 2.63592e-07 1.60097e-09 -10 2.37179e-07 4.59935e-09 -10
2.67366e-07 4.49395e-09 -10 2.67366e-07 4.49395e-09 -10 2.67366e-07 4.49395e-09 -10 2.67366e-07
4.49395e-09 -10 2.36152e-07 8.96376e-09 -10 2.65084e-07 9.34936e-09 -10 2.65084e-07 9.34936e-09
-10 2.65083e-07 9.34936e-09 -10 2.65083e-07 9.34936e-09 -10 2.27679e-07 1.77725e-08 -10
2.51658e-07 1.86137e-08 -10 2.51658e-07 1.86137e-08 -10 2.51658e-07 1.86137e-08 -10 2.51658e-07
1.86137e-08 -10 2.10272e-07 3.21223e-08 -10 2.32099e-07 3.30382e-08 -10 2.32099e-07 3.30382e-08
-10 2.32099e-07 3.30382e-08 -10 2.32099e-07 3.30382e-08 -10 1.8283e-07 4.75368e-08 -10
1.98628e-07 4.84616e-08 -10 1.98628e-07 4.84616e-08 -10 1.98628e-07 4.84616e-08 -10 1.98628e-07
4.84616e-08 -10 1.50284e-07 5.18883e-08 -10 2.81751e-07 7.62285e-08 -10 4.09043e-07 1.02774e-07
-10 5.36335e-07 1.2932e-07 -10 6.63628e-07 1.55866e-07 -10 7.10465e-07 1.68961e-07 -10
3.00082e-07 6.61729e-09 -10 3.00082e-07 6.61729e-09 -10 3.00082e-07 6.61729e-09 -10 3.00082e-07
6.61729e-09 -10 3.00082e-07 6.61729e-09 -10 2.67526e-07 9.30341e-09 -10 2.94167e-07 9.6993e-09
-10 2.94167e-07 9.6993e-09 -10 2.94167e-07 9.6993e-09 -10 2.94167e-07 9.6993e-09 -10
2.62367e-07 1.2689e-08 -10 2.88747e-07 1.2328e-08 -10 2.88747e-07 1.2328e-08 -10 2.88747e-07
1.2328e-08 -10 2.88747e-07 1.2328e-08 -10 2.57828e-07 1.59099e-08 -10 2.84082e-07 1.74438e-08
-10 2.84082e-07 1.74438e-08 -10 2.84082e-07 1.74438e-08 -10 2.84082e-07 1.74438e-08 -10
2.54536e-07 1.84068e-08 -10 2.80507e-07 1.96565e-08 -10 2.80507e-07 1.96565e-08 -10 2.80507e-07
1.96565e-08 -10 2.80507e-07 1.96565e-08 -10 2.52512e-07 1.84498e-08 -10 2.78156e-07 1.8576e-08
-10 2.78156e-07 1.8576e-08 -10 2.78156e-07 1.8576e-08 -10 2.78156e-07 1.8576e-08 -10
2.50743e-07 1.65908e-08 -10 2.75726e-07 1.72935e-08 -10 2.75726e-07 1.72935e-08 -10 2.75726e-07
1.72935e-08 -10 2.75726e-07 1.72935e-08 -10 2.44489e-07 1.54376e-08 -10 2.68707e-07 1.62634e-08
-10 2.68707e-07 1.62634e-08 -10 2.68707e-07 1.62634e-08 -10 2.68707e-07 1.62634e-08 -10
2.36845e-07 1.4238e-08 -10 2.60252e-07 1.385e-08 -10 2.60252e-07 1.385e-08 -10 2.60252e-07
1.385e-08 -10 2.60252e-07 1.385e-08 -10 2.33707e-07 1.13228e-08 -10 2.57693e-07 1.20362e-08
-10 2.57693e-07 1.20362e-08 -10 2.57693e-07 1.20362e-08 -10 2.57693e-07 1.20362e-08 -10
2.33e-07 8.05669e-09 -10 2.57947e-07 7.89124e-09 -10 2.57947e-07 7.89124e-09 -10 2.57947e-07
7.89124e-09 -10 2.57947e-07 7.89124e-09 -10 2.34459e-07 4.70703e-09 -10 2.60076e-07 4.48366e-09
-10 2.60076e-07 4.48366e-09 -10 2.60076e-07 4.48366e-09 -10 2.60076e-07 4.48366e-09 -10
2.37828e-07 2.44054e-09 -10 2.64374e-07 2.41415e-09 -10 2.64374e-07 2.41415e-09 -10 2.64374e-07
2.41415e-09 -10 2.64374e-07 2.41415e-09 -10 2.41687e-07 1.79949e-09 -10 2.69213e-07 1.43252e-09
-10 2.69213e-07 1.43252e-09 -10 2.69213e-07 1.43252e-09 -10 2.69213e-07 1.43252e-09 -10
2.44153e-07 1.54852e-09 -10 2.71793e-07 1.29887e-09 -10 2.71793e-07 1.29887e-09 -10 2.71793e-07
1.29887e-09 -10 2.71793e-07 1.29887e-09 -10 2.46413e-07 1.68289e-09 -10 2.75363e-07 1.45344e-09
-10 2.75363e-07 1.45344e-09 -10 2.75363e-07 1.45344e-09 -10 2.75363e-07 1.45344e-09 -10
2.49478e-07 1.89221e-09 -10 2.7948e-07 1.84706e-09 -10 2.7948e-07 1.84706e-09 -10 2.7948e-07
1.84706e-09 -10 2.7948e-07 1.84706e-09 -10 2.54004e-07 2.04572e-09 -10 2.84581e-07 1.87031e-09
-10 2.84581e-07 1.87031e-09 -10 2.84581e-07 1.87031e-09 -10 2.84581e-07 1.87031e-09 -10
2.597e-07 2.74797e-09 -10 2.89507e-07 1.8752e-09 -10 2.89507e-07 1.8752e-09 -10 2.89507e-07
1.8752e-09 -10 2.89507e-07 1.8752e-09 -10 2.63471e-07 5.10921e-09 -10 2.93658e-07 5.0038e-09
-10 2.93658e-07 5.0038e-09 -10 2.93658e-07 5.0038e-09 -10 2.93658e-07 5.0038e-09 -10
2.62331e-07 9.95743e-09 -10 2.91262e-07 1.0343e-08 -10 2.91262e-07 1.0343e-08 -10 2.91262e-07
1.0343e-08 -10 2.91262e-07 1.0343e-08 -10 2.52918e-07 1.97426e-08 -10 2.76897e-07 2.05838e-08
-10 2.76897e-07 2.05838e-08 -10 2.76897e-07 2.05838e-08 -10 2.76897e-07 2.05838e-08 -10
2.33582e-07 3.56832e-08 -10 2.55408e-07 3.6599e-08 -10 2.55408e-07 3.6599e-08 -10 2.55408e-07
3.6599e-08 -10 2.55408e-07 3.6599e-08 -10 2.03098e-07 5.28065e-08 -10 2.18896e-07 5.37312e-08
-10 2.18896e-07 5.37312e-08 -10 2.18896e-07 5.37312e-08 -10 2.18896e-07 5.37312e-08 -10
1.66944e-07 5.76403e-08 -10 2.9841e-07 8.19806e-08 -10 4.25703e-07 1.08526e-07 -10 5.52995e-07
1.35072e-07 -10 6.80287e-07 1.61618e-07 -10 7.18643e-07 1.73017e-07 -10 3.27343e-07 7.2201e-09
-10 3.27343e-07 7.2201e-09 -10 3.27343e-07 7.2201e-09 -10 3.27343e-07 7.2201e-09 -10
3.27343e-07 7.2201e-09 -10 2.94222e-07 1.02318e-08 -10 3.20864e-07 1.06277e-08 -10 3.20864e-07
1.06277e-08 -10 3.20864e-07 1.06277e-08 -10 3.20864e-07 1.06277e-08 -10 2.88549e-07 1.39552e-08
-10 3.14929e-07 1.35943e-08 -10 3.14929e-07 1.35943e-08 -10 3.14929e-07 1.35943e-08 -10
3.14929e-07 1.35943e-08 -10 2.83558e-07 1.74975e-08 -10 3.09811e-07 1.90314e-08 -10 3.09811e-07
1.90314e-08 -10 3.09811e-07 1.90314e-08 -10 3.09811e-07 1.90314e-08 -10 2.79936e-07 2.02437e-08
-10 3.05908e-07 2.14933e-08 -10 3.05908e-07 2.14933e-08 -10 3.05908e-07 2.14933e-08 -10
3.05908e-07 2.14933e-08 -10 2.7771e-07 2.02909e-08 -10 3.03355e-07 2.04172e-08 -10 3.03355e-07
2.04172e-08 -10 3.03355e-07 2.04172e-08 -10 3.03355e-07 2.04172e-08 -10 2.75765e-07 1.82464e-08
-10 3.00748e-07 1.89491e-08 -10 3.00748e-07 1.89491e-08 -10 3.00748e-07 1.89491e-08 -10
3.00748e-07 1.89491e-08 -10 2.68887e-07 1.69781e-08 -10 2.93105e-07 1.78039e-08 -10 2.93105e-07
1.78039e-08 -10 2.93105e-07 1.78039e-08 -10 2.93105e-07 1.78039e-08 -10 2.6048e-07 1.56588e-08
-10 2.83887e-07 1.52708e-08 -10 2.83887e-07 1.52708e-08 -10 2.83887e-07 1.52708e-08 -10
2.83887e-07 1.52708e-08 -10 2.57029e-07 1.24527e-08 -10 2.81014e-07 1.31661e-08 -10 2.81014e-07
1.31661e-08 -10 2.81014e-07 1.31661e-08 -10 2.81014e-07 1.31661e-08 -10 2.56252e-07 8.86068e-09
-10 2.81199e-07 8.69523e-09 -10 2.81199e-07 8.69523e-09 -10 2.81199e-07 8.69523e-09 -10
2.81199e-07 8.69523e-09 -10 2.57856e-07 5.17675e-09 -10 2.83473e-07 4.95338e-09 -10 2.83473e-07
4.95338e-09 -10 2.83473e-07 4.95338e-09 -10 2.83473e-07 4.95338e-09 -10 2.61561e-07 2.68409e-09
-10 2.88107e-07 2.65769e-09 -10 2.88107e-07 2.65769e-09 -10 2.88107e-07 2.65769e-09 -10
2.88107e-07 2.65769e-09 -10 2.65806e-07 1.97906e-09 -10 2.93331e-07 1.6121e-09 -10 2.93331e-07
1.6121e-09 -10 2.93331e-07 1.6121e-09 -10 2.93331e-07 1.6121e-09 -10 2.68518e-07 1.70305e-09
-10 2.96157e-07 1.4534e-09 -10 2.96157e-07 1.4534e-09 -10 2.96157e-07 1.4534e-09 -10
2.96157e-07 1.4534e-09 -10 2.71003e-07 1.85083e-09 -10 2.99953e-07 1.62138e-09 -10 2.99953e-07
1.62138e-09 -10 2.99953e-07 1.62138e-09 -10 2.99953e-07 1.62138e-09 -10 2.74374e-07 2.08103e-09
-10 3.04376e-07 2.03589e-09 -10 3.04376e-07 2.03589e-09 -10 3.04376e-07 2.03589e-09 -10
3.04376e-07 2.03589e-09 -10 2.79351e-07 2.24987e-09 -10 3.09928e-07 2.07445e-09 -10 3.09928e-07
2.07445e-09 -10 3.09928e-07 2.07445e-09 -10 3.09928e-07 2.07445e-09 -10 2.85616e-07 3.02219e-09
-10 3.15423e-07 2.14942e-09 -10 3.15423e-07 2.14942e-09 -10 3.15423e-07 2.14942e-09 -10
3.15423e-07 2.14942e-09 -10 2.89763e-07 5.61906e-09 -10 3.1995e-07 5.51366e-09 -10 3.1995e-07
5.51366e-09 -10 3.1995e-07 5.51366e-09 -10 3.1995e-07 5.51366e-09 -10 2.88509e-07 1.09511e-08
-10 3.1744e-07 1.13367e-08 -10 3.1744e-07 1.13367e-08 -10 3.1744e-07 1.13367e-08 -10
3.1744e-07 1.13367e-08 -10 2.78157e-07 2.17128e-08 -10 3.02136e-07 2.25539e-08 -10 3.02136e-07
2.25539e-08 -10 3.02136e-07 2.25539e-08 -10 3.02136e-07 2.25539e-08 -10 2.56891e-07 3.9244e-08
-10 2.78718e-07 4.01599e-08 -10 2.78718e-07 4.01599e-08 -10 2.78718e-07 4.01599e-08 -10
2.78718e-07 4.01599e-08 -10 2.23365e-07 5.80761e-08 -10 2.39163e-07 5.90009e-08 -10 2.39163e-07
5.90009e-08 -10 2.39163e-07 5.90009e-08 -10 2.39163e-07 5.90009e-08 -10 1.83604e-07 6.33923e-08
-10 3.1507e-07 8.77326e-08 -10 4.42362e-07 1.14278e-07 -10 5.69654e-07 1.40824e-07 -10
6.96947e-07 1.6737e-07 -10 7.2682e-07 1.77072e-07 -10 3.54604e-07 7.82291e-09 -10 3.54604e-07
7.82291e-09 -10 3.54604e-07 7.82291e-09 -10 3.54604e-07 7.82291e-09 -10 3.54604e-07 7.82291e-09
-10 3.20919e-07 1.11602e-08 -10 3.47561e-07 1.15561e-08 -10 3.47561e-07 1.15561e-08 -10
3.47561e-07 1.15561e-08 -10 3.47561e-07 1.15561e-08 -10 3.14731e-07 1.52215e-08 -10 3.41111e-07
1.48605e-08 -10 3.41111e-07 1.48605e-08 -10 3.4111e-07 1.48605e-08 -10 3.4111e-07 1.48605e-08
-10 3.09287e-07 1.90852e-08 -10 3.3554e-07 2.06191e-08 -10 3.3554e-07 2.06191e-08 -10
3.3554e-07 2.06191e-08 -10 3.3554e-07 2.06191e-08 -10 3.05336e-07 2.20805e-08 -10 3.31308e-07
2.33302e-08 -10 3.31308e-07 2.33302e-08 -10 3.31308e-07 2.33302e-08 -10 3.31308e-07 2.33302e-08
-10 3.02909e-07 2.2132e-08 -10 3.28553e-07 2.22583e-08 -10 3.28553e-07 2.22583e-08 -10
3.28553e-07 2.22583e-08 -10 3.28553e-07 2.22583e-08 -10 3.00787e-07 1.99021e-08 -10 3.2577e-07
2.06047e-08 -10 3.2577e-07 2.06047e-08 -10 3.2577e-07 2.06047e-08 -10 3.2577e-07 2.06047e-08
-10 2.93285e-07 1.85187e-08 -10 3.17503e-07 1.93445e-08 -10 3.17503e-07 1.93445e-08 -10
3.17503e-07 1.93445e-08 -10 3.17503e-07 1.93445e-08 -10 2.84115e-07 1.70796e-08 -10 3.07522e-07
1.66917e-08 -10 3.07522e-07 1.66917e-08 -10 3.07522e-07 1.66917e-08 -10 3.07522e-07 1.66917e-08
-10 2.80351e-07 1.35826e-08 -10 3.04336e-07 1.4296e-08 -10 3.04336e-07 1.4296e-08 -10
3.04336e-07 1.4296e-08 -10 3.04336e-07 1.4296e-08 -10 2.79503e-07 9.66467e-09 -10 3.0445e-07
9.49922e-09 -10 3.0445e-07 9.49922e-09 -10 3.0445e-07 9.49922e-09 -10 3.0445e-07 9.49922e-09
-10 2.81252e-07 5.64647e-09 -10 3.0687e-07 5.42311e-09 -10 3.0687e-07 5.42311e-09 -10
3.0687e-07 5.42311e-09 -10 3.0687e-07 5.42311e-09 -10 2.85294e-07 2.92764e-09 -10 3.1184e-07
2.90124e-09 -10 3.1184e-07 2.90124e-09 -10 3.1184e-07 2.90124e-09 -10 3.1184e-07 2.90124e-09
-10 2.89924e-07 2.15863e-09 -10 3.1745e-07 1.79167e-09 -10 3.1745e-07 1.79167e-09 -10
3.17449e-07 1.79167e-09 -10 3.17449e-07 1.79167e-09 -10 2.92882e-07 1.85758e-09 -10 3.20522e-07
1.60793e-09 -10 3.20522e-07 1.60793e-09 -10 3.20521e-07 1.60793e-09 -10 3.20521e-07 1.60793e-09
-10 2.95593e-07 2.01877e-09 -10 3.24543e-07 1.78932e-09 -10 3.24543e-07 1.78932e-09 -10
3.24543e-07 1.78932e-09 -10 3.24543e-07 1.78932e-09 -10 2.99269e-07 2.26986e-09 -10 3.29272e-07
2.22472e-09 -10 3.29272e-07 2.22472e-09 -10 3.29272e-07 2.22472e-09 -10 3.29272e-07 2.22472e-09
-10 3.04698e-07 2.45401e-09 -10 3.35275e-07 2.2786e-09 -10 3.35275e-07 2.2786e-09 -10
3.35275e-07 2.2786e-09 -10 3.35275e-07 2.2786e-09 -10 3.11532e-07 3.29642e-09 -10 3.41339e-07
2.42365e-09 -10 3.41339e-07 2.42365e-09 -10 3.41339e-07 2.42365e-09 -10 3.41339e-07 2.42365e-09
-10 3.16055e-07 6.12892e-09 -10 3.46242e-07 6.02351e-09 -10 3.46242e-07 6.02351e-09 -10
3.46242e-07 6.02351e-09 -10 3.46242e-07 6.02351e-09 -10 3.14687e-07 1.19448e-08 -10 3.43618e-07
1.23304e-08 -10 3.43618e-07 1.23304e-08 -10 3.43618e-07 1.23304e-08 -10 3.43618e-07 1.23304e-08
-10 3.03396e-07 2.36829e-08 -10 3.27375e-07 2.45241e-08 -10 3.27375e-07 2.45241e-08 -10
3.27375e-07 2.45241e-08 -10 3.27375e-07 2.45241e-08 -10 2.80201e-07 4.28049e-08 -10 3.02027e-07
4.37208e-08 -10 3.02027e-07 4.37208e-08 -10 3.02027e-07 4.37208e-08 -10 3.02027e-07 4.37208e-08
-10 2.43633e-07 6.33457e-08 -10 2.5943e-07 6.42705e-08 -10 2.5943e-07 6.42705e-08 -10
2.5943e-07 6.42705e-08 -10 2.5943e-07 6.42705e-08 -10 2.00263e-07 6.91443e-08 -10 3.31729e-07
9.34846e-08 -10 4.59022e-07 1.2003e-07 -10 5.86314e-07 1.46576e-07 -10 7.13606e-07 1.73122e-07
-10 7.34997e-07 1.81127e-07 -10 3.81865e-07 8.42572e-09 -10 3.81865e-07 8.42572e-09 -10
3.81865e-07 8.42572e-09 -10 3.81865e-07 8.42572e-09 -10 3.81865e-07 8.42572e-09 -10 3.47616e-07
1.20886e-08 -10 3.74257e-07 1.24845e-08 -10 3.74257e-07 1.24845e-08 -10 3.74257e-07 1.24845e-08
-10 3.74257e-07 1.24845e-08 -10 3.40913e-07 1.64877e-08 -10 3.67292e-07 1.61268e-08 -10
3.67292e-07 1.61268e-08 -10 3.67292e-07 1.61268e-08 -10 3.67292e-07 1.61268e-08 -10 3.35016e-07
2.06729e-08 -10 3.61269e-07 2.22068e-08 -10 3.61269e-07 2.22068e-08 -10 3.61269e-07 2.22068e-08
-10 3.61269e-07 2.22068e-08 -10 3.30737e-07 2.39174e-08 -10 3.56709e-07 2.5167e-08 -10
3.56709e-07 2.5167e-08 -10 3.56709e-07 2.5167e-08 -10 3.56709e-07 2.5167e-08 -10 3.28107e-07
2.39732e-08 -10 3.53752e-07 2.40994e-08 -10 3.53752e-07 2.40994e-08 -10 3.53752e-07 2.40994e-08
-10 3.53752e-07 2.40994e-08 -10 3.25809e-07 2.15577e-08 -10 3.50792e-07 2.22603e-08 -10
3.50792e-07 2.22603e-08 -10 3.50792e-07 2.22603e-08 -10 3.50792e-07 2.22603e-08 -10 3.17682e-07
2.00592e-08 -10 3.41901e-07 2.0885e-08 -10 3.41901e-07 2.0885e-08 -10 3.41901e-07 2.0885e-08
-10 3.41901e-07 2.0885e-08 -10 3.0775e-07 1.85005e-08 -10 3.31157e-07 1.81125e-08 -10
3.31157e-07 1.81125e-08 -10 3.31157e-07 1.81125e-08 -10 3.31157e-07 1.81125e-08 -10 3.03673e-07
1.47125e-08 -10 3.27658e-07 1.54259e-08 -10 3.27658e-07 1.54259e-08 -10 3.27658e-07 1.54259e-08
-10 3.27658e-07 1.54259e-08 -10 3.02755e-07 1.04687e-08 -10 3.27701e-07 1.03032e-08 -10
3.27701e-07 1.03032e-08 -10 3.27701e-07 1.03032e-08 -10 3.27701e-07 1.03032e-08 -10 3.04649e-07
6.11619e-09 -10 3.30267e-07 5.89283e-09 -10 3.30267e-07 5.89283e-09 -10 3.30267e-07 5.89283e-09
-10 3.30267e-07 5.89283e-09 -10 3.09028e-07 3.17118e-09 -10 3.35574e-07 3.14478e-09 -10
3.35574e-07 3.14478e-09 -10 3.35574e-07 3.14478e-09 -10 3.35574e-07 3.14478e-09 -10 3.14042e-07
2.33821e-09 -10 3.41568e-07 1.97125e-09 -10 3.41568e-07 1.97125e-09 -10 3.41568e-07 1.97125e-09
-10 3.41568e-07 1.97125e-09 -10 3.17246e-07 2.01211e-09 -10 3.44886e-07 1.76246e-09 -10
3.44886e-07 1.76246e-09 -10 3.44886e-07 1.76246e-09 -10 3.44886e-07 1.76246e-09 -10 3.20183e-07
2.18671e-09 -10 3.49133e-07 1.95726e-09 -10 3.49133e-07 1.95726e-09 -10 3.49133e-07 1.95726e-09
-10 3.49133e-07 1.95726e-09 -10 3.24165e-07 2.45869e-09 -10 3.54167e-07 2.41354e-09 -10
3.54167e-07 2.41354e-09 -10 3.54167e-07 2.41354e-09 -10 3.54167e-07 2.41354e-09 -10 3.30046e-07
2.65816e-09 -10 3.60623e-07 2.48275e-09 -10 3.60623e-07 2.48275e-09 -10 3.60622e-07 2.48275e-09
-10 3.60622e-07 2.48275e-09 -10 3.37447e-07 3.57064e-09 -10 3.67254e-07 2.69788e-09 -10
3.67254e-07 2.69788e-09 -10 3.67254e-07 2.69788e-09 -10 3.67254e-07 2.69788e-09 -10 3.42348e-07
6.63877e-09 -10 3.72534e-07 6.53337e-09 -10 3.72534e-07 6.53337e-09 -10 3.72534e-07 6.53337e-09
-10 3.72534e-07 6.53337e-09 -10 3.40866e-07 1.29384e-08 -10 3.69796e-07 1.3324e-08 -10
3.69796e-07 1.3324e-08 -10 3.69796e-07 1.3324e-08 -10 3.69796e-07 1.3324e-08 -10 3.28636e-07
2.56531e-08 -10 3.52614e-07 2.64942e-08 -10 3.52614e-07 2.64942e-08 -10 3.52614e-07 2.64942e-08
-10 3.52614e-07 2.64942e-08 -10 3.0351e-07 4.63658e-08 -10 3.25336e-07 4.72816e-08 -10
3.25336e-07 4.72816e-08 -10 3.25336e-07 4.72816e-08 -10 3.25336e-07 4.72816e-08 -10 2.639e-07
6.86154e-08 -10 2.79698e-07 6.95401e-08 -10 2.79698e-07 6.95401e-08 -10 2.79698e-07 6.95401e-08
-10 2.79698e-07 6.95401e-08 -10 2.16923e-07 7.48964e-08 -10 3.48389e-07 9.92366e-08 -10
4.75681e-07 1.25783e-07 -10 6.02974e-07 1.52328e-07 -10 7.30266e-07 1.78874e-07 -10 7.43174e-07
1.85182e-07 -10 4.09126e-07 9.02852e-09 -10 4.09126e-07 9.02852e-09 -10 4.09126e-07 9.02852e-09
-10 4.09126e-07 9.02852e-09 -10 4.09126e-07 9.02852e-09 -10 3.74313e-07 1.3017e-08 -10
4.00954e-07 1.34129e-08 -10 4.00954e-07 1.34129e-08 -10 4.00954e-07 1.34129e-08 -10 4.00954e-07
1.34129e-08 -10 3.67095e-07 1.77539e-08 -10 3.93474e-07 1.7393e-08 -10 3.93474e-07 1.7393e-08
-10 3.93474e-07 1.7393e-08 -10 3.93474e-07 1.7393e-08 -10 3.60745e-07 2.22606e-08 -10
3.86998e-07 2.37944e-08 -10 3.86998e-07 2.37944e-08 -10 3.86998e-07 2.37944e-08 -10 3.86998e-07
2.37944e-08 -10 3.56137e-07 2.57542e-08 -10 3.82109e-07 2.70038e-08 -10 3.82109e-07 2.70038e-08
-10 3.82109e-07 2.70038e-08 -10 3.82109e-07 2.70038e-08 -10 3.53306e-07 2.58143e-08 -10
3.7895e-07 2.59406e-08 -10 3.7895e-07 2.59406e-08 -10 3.7895e-07 2.59406e-08 -10 3.7895e-07
2.59406e-08 -10 3.50831e-07 2.32133e-08 -10 3.75814e-07 2.3916e-08 -10 3.75814e-07 2.3916e-08
-10 3.75814e-07 2.3916e-08 -10 3.75814e-07 2.3916e-08 -10 3.4208e-07 2.15998e-08 -10
3.66298e-07 2.24255e-08 -10 3.66298e-07 2.24255e-08 -10 3.66298e-07 2.24255e-08 -10 3.66298e-07
2.24255e-08 -10 3.31385e-07 1.99213e-08 -10 3.54792e-07 1.95333e-08 -10 3.54792e-07 1.95333e-08
-10 3.54792e-07 1.95333e-08 -10 3.54792e-07 1.95333e-08 -10 3.26995e-07 1.58424e-08 -10
3.5098e-07 1.65559e-08 -10 3.5098e-07 1.65559e-08 -10 3.5098e-07 1.65559e-08 -10 3.5098e-07
1.65559e-08 -10 3.26006e-07 1.12726e-08 -10 3.50953e-07 1.11072e-08 -10 3.50953e-07 1.11072e-08
-10 3.50953e-07 1.11072e-08 -10 3.50953e-07 1.11072e-08 -10 3.28046e-07 6.58591e-09 -10
3.53664e-07 6.36255e-09 -10 3.53664e-07 6.36255e-09 -10 3.53664e-07 6.36255e-09 -10 3.53664e-07
6.36255e-09 -10 3.32761e-07 3.41473e-09 -10 3.59307e-07 3.38833e-09 -10 3.59307e-07 3.38833e-09
-10 3.59307e-07 3.38833e-09 -10 3.59307e-07 3.38833e-09 -10 3.38161e-07 2.51778e-09 -10
3.65686e-07 2.15082e-09 -10 3.65686e-07 2.15082e-09 -10 3.65686e-07 2.15082e-09 -10 3.65686e-07
2.15082e-09 -10 3.41611e-07 2.16664e-09 -10 3.6925e-07 1.91699e-09 -10 3.6925e-07 1.91699e-09
-10 3.6925e-07 1.91699e-09 -10 3.6925e-07 1.91699e-09 -10 3.44773e-07 2.35465e-09 -10
3.73723e-07 2.1252e-09 -10 3.73723e-07 2.1252e-09 -10 3.73723e-07 2.1252e-09 -10 3.73723e-07
2.1252e-09 -10 3.49061e-07 2.64751e-09 -10 3.79063e-07 2.60237e-09 -10 3.79063e-07 2.60237e-09
-10 3.79063e-07 2.60237e-09 -10 3.79063e-07 2.60237e-09 -10 3.55393e-07 2.86231e-09 -10
3.8597e-07 2.68689e-09 -10 3.8597e-07 2.68689e-09 -10 3.8597e-07 2.68689e-09 -10 3.8597e-07
2.68689e-09 -10 3.63363e-07 3.84487e-09 -10 3.9317e-07 2.9721e-09 -10 3.9317e-07 2.9721e-09
-10 3.9317e-07 2.9721e-09 -10 3.9317e-07 2.97211e-09 -10 3.6864e-07 7.14863e-09 -10
3.98826e-07 7.04323e-09 -10 3.98826e-07 7.04323e-09 -10 3.98826e-07 7.04323e-09 -10 3.98826e-07
7.04323e-09 -10 3.67044e-07 1.39321e-08 -10 3.95975e-07 1.43177e-08 -10 3.95975e-07 1.43177e-08
-10 3.95975e-07 1.43177e-08 -10 3.95975e-07 1.43177e-08 -10 3.53875e-07 2.76232e-08 -10
3.77853e-07 2.84644e-08 -10 3.77853e-07 2.84644e-08 -10 3.77853e-07 2.84644e-08 -10 3.77853e-07
2.84644e-08 -10 3.26819e-07 4.99267e-08 -10 3.48646e-07 5.08425e-08 -10 3.48646e-07 5.08425e-08
-10 3.48646e-07 5.08425e-08 -10 3.48646e-07 5.08425e-08 -10 2.84168e-07 7.3885e-08 -10
2.99965e-07 7.48098e-08 -10 2.99965e-07 7.48098e-08 -10 2.99965e-07 7.48098e-08 -10 2.99965e-07
7.48098e-08 -10 2.33582e-07 8.06484e-08 -10 3.65048e-07 1.04989e-07 -10 4.92341e-07 1.31535e-07
-10 6.19633e-07 1.5808e-07 -10 7.46925e-07 1.84626e-07 -10 7.51352e-07 1.89237e-07 -10
4.36387e-07 9.63133e-09 -10 4.36387e-07 9.63133e-09 -10 4.36387e-07 9.63133e-09 -10 4.36387e-07
9.63133e-09 -10 4.35949e-07 9.88388e-09 -10 4.01009e-07 1.39454e-08 -10 4.27651e-07 1.43413e-08
-10 4.27651e-07 1.43413e-08 -10 4.27651e-07 1.43413e-08 -10 4.27651e-07 1.43413e-08 -10
3.93277e-07 1.90202e-08 -10 4.19656e-07 1.86593e-08 -10 4.19656e-07 1.86593e-08 -10 4.19656e-07
1.86593e-08 -10 4.19656e-07 1.86593e-08 -10 3.86474e-07 2.38482e-08 -10 4.12727e-07 2.53821e-08
-10 4.12727e-07 2.53821e-08 -10 4.12727e-07 2.53821e-08 -10 4.12727e-07 2.53821e-08 -10
3.81538e-07 2.7591e-08 -10 4.0751e-07 2.88407e-08 -10 4.0751e-07 2.88407e-08 -10 4.0751e-07
2.88407e-08 -10 4.0751e-07 2.88407e-08 -10 3.78504e-07 2.76554e-08 -10 4.04149e-07 2.77817e-08
-10 4.04149e-07 2.77817e-08 -10 4.04149e-07 2.77817e-08 -10 4.04149e-07 2.77817e-08 -10
3.75854e-07 2.48689e-08 -10 4.00836e-07 2.55716e-08 -10 4.00836e-07 2.55716e-08 -10 4.00836e-07
2.55716e-08 -10 4.00836e-07 2.55716e-08 -10 3.66478e-07 2.31403e-08 -10 3.90696e-07 2.39661e-08
-10 3.90696e-07 2.39661e-08 -10 3.90696e-07 2.39661e-08 -10 3.90696e-07 2.39661e-08 -10
3.5502e-07 2.13421e-08 -10 3.78427e-07 2.09542e-08 -10 3.78427e-07 2.09542e-08 -10 3.78427e-07
2.09542e-08 -10 3.78427e-07 2.09542e-08 -10 3.50317e-07 1.69724e-08 -10 3.74302e-07 1.76858e-08
-10 3.74302e-07 1.76858e-08 -10 3.74302e-07 1.76858e-08 -10 3.74302e-07 1.76858e-08 -10
3.49257e-07 1.20766e-08 -10 3.74204e-07 1.19112e-08 -10 3.74204e-07 1.19112e-08 -10 3.74204e-07
1.19112e-08 -10 3.74204e-07 1.19112e-08 -10 3.51443e-07 7.05563e-09 -10 3.77061e-07 6.83227e-09
-10 3.77061e-07 6.83227e-09 -10 3.77061e-07 6.83227e-09 -10 3.77061e-07 6.83227e-09 -10
3.56494e-07 3.65827e-09 -10 3.8304e-07 3.63187e-09 -10 3.8304e-07 3.63187e-09 -10 3.8304e-07
3.63187e-09 -10 3.8304e-07 3.63187e-09 -10 3.62279e-07 2.69735e-09 -10 3.89804e-07 2.3304e-09
-10 3.89804e-07 2.3304e-09 -10 3.89804e-07 2.3304e-09 -10 3.89804e-07 2.3304e-09 -10
3.65975e-07 2.32117e-09 -10 3.93614e-07 2.07152e-09 -10 3.93614e-07 2.07152e-09 -10 3.93614e-07
2.07152e-09 -10 3.93614e-07 2.07152e-09 -10 3.69363e-07 2.52258e-09 -10 3.98313e-07 2.29314e-09
-10 3.98313e-07 2.29314e-09 -10 3.98313e-07 2.29314e-09 -10 3.98313e-07 2.29314e-09 -10
3.73957e-07 2.83634e-09 -10 4.03959e-07 2.79119e-09 -10 4.03959e-07 2.79119e-09 -10 4.03959e-07
2.79119e-09 -10 4.03959e-07 2.79119e-09 -10 3.80741e-07 3.06645e-09 -10 4.11317e-07 2.89104e-09
-10 4.11317e-07 2.89104e-09 -10 4.11317e-07 2.89104e-09 -10 4.11317e-07 2.89104e-09 -10
3.89279e-07 4.11909e-09 -10 4.19086e-07 3.24633e-09 -10 4.19086e-07 3.24633e-09 -10 4.19086e-07
3.24633e-09 -10 4.19086e-07 3.24633e-09 -10 3.94932e-07 7.65848e-09 -10 4.25118e-07 7.55308e-09
-10 4.25118e-07 7.55308e-09 -10 4.25118e-07 7.55308e-09 -10 4.25118e-07 7.55308e-09 -10
3.93222e-07 1.49258e-08 -10 4.22153e-07 1.53114e-08 -10 4.22153e-07 1.53114e-08 -10 4.22153e-07
1.53114e-08 -10 4.22153e-07 1.53114e-08 -10 3.79114e-07 2.95934e-08 -10 4.03092e-07 3.04345e-08
-10 4.03092e-07 3.04345e-08 -10 4.03092e-07 3.04345e-08 -10 4.03092e-07 3.04345e-08 -10
3.50129e-07 5.34875e-08 -10 3.71955e-07 5.44034e-08 -10 3.71955e-07 5.44034e-08 -10 3.71955e-07
5.44034e-08 -10 3.71955e-07 5.44034e-08 -10 3.04435e-07 7.91546e-08 -10 3.20232e-07 8.00794e-08
-10 3.20232e-07 8.00794e-08 -10 3.20232e-07 8.00794e-08 -10 3.20232e-07 8.00794e-08 -10
2.50242e-07 8.64004e-08 -10 3.81708e-07 1.10741e-07 -10 5.09e-07 1.37287e-07 -10 6.36293e-07
1.63832e-07 -10 7.63585e-07 1.90378e-07 -10 7.59529e-07 1.93293e-07 -10 4.63648e-07 1.02341e-08
-10 4.63648e-07 1.02341e-08 -10 4.63648e-07 1.02341e-08 -10 4.63648e-07 1.02341e-08 -10
4.62646e-07 1.08123e-08 -10 4.27706e-07 1.48738e-08 -10 4.54348e-07 1.52697e-08 -10 4.54348e-07
1.52697e-08 -10 4.54348e-07 1.52697e-08 -10 4.54348e-07 1.52697e-08 -10 4.19459e-07 2.02864e-08
-10 4.45838e-07 1.99255e-08 -10 4.45838e-07 1.99255e-08 -10 4.45838e-07 1.99255e-08 -10
4.45838e-07 1.99255e-08 -10 4.12203e-07 2.54359e-08 -10 4.38456e-07 2.69698e-08 -10 4.38456e-07
2.69698e-08 -10 4.38456e-07 2.69698e-08 -10 4.38456e-07 2.69698e-08 -10 4.06938e-07 2.94279e-08
-10 4.3291e-07 3.06775e-08 -10 4.3291e-07 3.06775e-08 -10 4.3291e-07 3.06775e-08 -10
4.3291e-07 3.06775e-08 -10 4.03703e-07 2.94966e-08 -10 4.29347e-07 2.96228e-08 -10 4.29347e-07
2.96228e-08 -10 4.29347e-07 2.96228e-08 -10 4.29347e-07 2.96228e-08 -10 4.00876e-07 2.65245e-08
-10 4.25858e-07 2.72272e-08 -10 4.25858e-07 2.72272e-08 -10 4.25858e-07 2.72272e-08 -10
4.25858e-07 2.72272e-08 -10 3.90876e-07 2.46808e-08 -10 4.15094e-07 2.55066e-08 -10 4.15094e-07
2.55066e-08 -10 4.15094e-07 2.55066e-08 -10 4.15094e-07 2.55066e-08 -10 3.78655e-07 2.2763e-08
-10 4.02062e-07 2.2375e-08 -10 4.02062e-07 2.2375e-08 -10 4.02062e-07 2.2375e-08 -10
4.02062e-07 2.2375e-08 -10 3.73639e-07 1.81023e-08 -10 3.97624e-07 1.88157e-08 -10 3.97624e-07
1.88157e-08 -10 3.97624e-07 1.88157e-08 -10 3.97624e-07 1.88157e-08 -10 3.72509e-07 1.28806e-08
-10 3.97455e-07 1.27152e-08 -10 3.97455e-07 1.27152e-08 -10 3.97455e-07 1.27152e-08 -10
3.97455e-07 1.27152e-08 -10 3.7484e-07 7.52535e-09 -10 4.00458e-07 7.30199e-09 -10 4.00458e-07
7.30199e-09 -10 4.00458e-07 7.30199e-09 -10 4.00458e-07 7.30199e-09 -10 3.80227e-07 3.90182e-09
-10 4.06773e-07 3.87542e-09 -10 4.06773e-07 3.87542e-09 -10 4.06773e-07 3.87542e-09 -10
4.06773e-07 3.87542e-09 -10 3.86397e-07 2.87693e-09 -10 4.13923e-07 2.50997e-09 -10 4.13923e-07
2.50997e-09 -10 4.13922e-07 2.50997e-09 -10 4.13922e-07 2.50997e-09 -10 3.9034e-07 2.4757e-09
-10 4.17979e-07 2.22605e-09 -10 4.17979e-07 2.22605e-09 -10 4.17979e-07 2.22605e-09 -10
4.17979e-07 2.22605e-09 -10 3.93953e-07 2.69052e-09 -10 4.22903e-07 2.46108e-09 -10 4.22902e-07
2.46108e-09 -10 4.22902e-07 2.46108e-09 -10 4.22902e-07 2.46108e-09 -10 3.98853e-07 3.02517e-09
-10 4.28854e-07 2.98002e-09 -10 4.28854e-07 2.98002e-09 -10 4.28854e-07 2.98002e-09 -10
4.28854e-07 2.98002e-09 -10 4.06088e-07 3.2706e-09 -10 4.36664e-07 3.09519e-09 -10 4.36664e-07
3.09519e-09 -10 4.36664e-07 3.09519e-09 -10 4.36664e-07 3.09519e-09 -10 4.15195e-07 4.39331e-09
-10 4.45002e-07 3.52056e-09 -10 4.45002e-07 3.52056e-09 -10 4.45002e-07 3.52056e-09 -10
4.45002e-07 3.52056e-09 -10 4.21224e-07 8.16834e-09 -10 4.5141e-07 8.06294e-09 -10 4.5141e-07
8.06294e-09 -10 4.5141e-07 8.06294e-09 -10 4.5141e-07 8.06294e-09 -10 4.19401e-07 1.59194e-08
-10 4.48331e-07 1.6305e-08 -10 4.48331e-07 1.6305e-08 -10 4.48331e-07 1.6305e-08 -10
4.48331e-07 1.6305e-08 -10 4.04353e-07 3.15635e-08 -10 4.28331e-07 3.24046e-08 -10 4.28331e-07
3.24046e-08 -10 4.28331e-07 3.24046e-08 -10 4.28331e-07 3.24046e-08 -10 3.73438e-07 5.70484e-08
-10 3.95264e-07 5.79643e-08 -10 3.95264e-07 5.79643e-08 -10 3.95264e-07 5.79643e-08 -10
3.95264e-07 5.79643e-08 -10 3.24703e-07 8.44243e-08 -10 3.405e-07 8.5349e-08 -10 3.405e-07
8.5349e-08 -10 3.405e-07 8.5349e-08 -10 3.405e-07 8.5349e-08 -10 2.66901e-07 9.21524e-08
-10 3.98368e-07 1.16493e-07 -10 5.2566e-07 1.43039e-07 -10 6.52952e-07 1.69584e-07 -10
7.80245e-07 1.9613e-07 -10 7.67706e-07 1.97348e-07 -10 4.90909e-07 1.08369e-08 -10 4.90909e-07
1.08369e-08 -10 4.90909e-07 1.08369e-08 -10 4.90909e-07 1.08369e-08 -10 4.89343e-07 1.17407e-08
-10 4.54403e-07 1.58022e-08 -10 4.81044e-07 1.61981e-08 -10 4.81044e-07 1.61981e-08 -10
4.81044e-07 1.61981e-08 -10 4.81044e-07 1.61981e-08 -10 4.45641e-07 2.15527e-08 -10 4.7202e-07
2.11918e-08 -10 4.7202e-07 2.11918e-08 -10 4.7202e-07 2.11918e-08 -10 4.7202e-07 2.11918e-08
-10 4.37932e-07 2.70236e-08 -10 4.64186e-07 2.85574e-08 -10 4.64186e-07 2.85574e-08 -10
4.64186e-07 2.85574e-08 -10 4.64185e-07 2.85574e-08 -10 4.32339e-07 3.12647e-08 -10 4.58311e-07
3.25144e-08 -10 4.5831e-07 3.25144e-08 -10 4.5831e-07 3.25144e-08 -10 4.5831e-07 3.25144e-08
-10 4.28901e-07 3.13377e-08 -10 4.54546e-07 3.14639e-08 -10 4.54546e-07 3.14639e-08 -10
4.54546e-07 3.14639e-08 -10 4.54546e-07 3.14639e-08 -10 4.25898e-07 2.81802e-08 -10 4.5088e-07
2.88828e-08 -10 4.5088e-07 2.88828e-08 -10 4.5088e-07 2.88828e-08 -10 4.5088e-07 2.88828e-08
-10 4.15274e-07 2.62214e-08 -10 4.39492e-07 2.70471e-08 -10 4.39492e-07 2.70471e-08 -10
4.39492e-07 2.70471e-08 -10 4.39492e-07 2.70471e-08 -10 4.02291e-07 2.41838e-08 -10 4.25697e-07
2.37958e-08 -10 4.25697e-07 2.37958e-08 -10 4.25697e-07 2.37958e-08 -10 4.25697e-07 2.37958e-08
-10 3.9696e-07 1.92322e-08 -10 4.20946e-07 1.99456e-08 -10 4.20946e-07 1.99456e-08 -10
4.20946e-07 1.99456e-08 -10 4.20946e-07 1.99456e-08 -10 3.9576e-07 1.36846e-08 -10 4.20707e-07
1.35192e-08 -10 4.20707e-07 1.35192e-08 -10 4.20707e-07 1.35192e-08 -10 4.20707e-07 1.35192e-08
-10 3.98237e-07 7.99507e-09 -10 4.23855e-07 7.77171e-09 -10 4.23855e-07 7.77171e-09 -10
4.23855e-07 7.77171e-09 -10 4.23854e-07 7.77171e-09 -10 4.03961e-07 4.14536e-09 -10 4.30506e-07
4.11896e-09 -10 4.30506e-07 4.11896e-09 -10 4.30506e-07 4.11896e-09 -10 4.30506e-07 4.11896e-09
-10 4.10516e-07 3.0565e-09 -10 4.38041e-07 2.68954e-09 -10 4.38041e-07 2.68954e-09 -10
4.38041e-07 2.68955e-09 -10 4.38041e-07 2.68955e-09 -10 4.14704e-07 2.63023e-09 -10 4.42343e-07
2.38058e-09 -10 4.42343e-07 2.38058e-09 -10 4.42343e-07 2.38058e-09 -10 4.42343e-07 2.38058e-09
-10 4.18543e-07 2.85846e-09 -10 4.47492e-07 2.62901e-09 -10 4.47492e-07 2.62901e-09 -10
4.47492e-07 2.62901e-09 -10 4.47492e-07 2.62901e-09 -10 4.23748e-07 3.21399e-09 -10 4.5375e-07
3.16885e-09 -10 4.5375e-07 3.16885e-09 -10 4.5375e-07 3.16885e-09 -10 4.5375e-07 3.16885e-09
-10 4.31435e-07 3.47474e-09 -10 4.62012e-07 3.29933e-09 -10 4.62012e-07 3.29933e-09 -10
4.62012e-07 3.29933e-09 -10 4.62012e-07 3.29933e-09 -10 4.41111e-07 4.66754e-09 -10 4.70917e-07
3.79478e-09 -10 4.70917e-07 3.79478e-09 -10 4.70917e-07 3.79479e-09 -10 4.70917e-07 3.79479e-09
-10 4.47516e-07 8.67819e-09 -10 4.77702e-07 8.57279e-09 -10 4.77702e-07 8.57279e-09 -10
4.77702e-07 8.57279e-09 -10 4.77702e-07 8.57279e-09 -10 4.45579e-07 1.69131e-08 -10 4.74509e-07
1.72987e-08 -10 4.74509e-07 1.72987e-08 -10 4.74509e-07 1.72987e-08 -10 4.74509e-07 1.72987e-08
-10 4.29592e-07 3.35336e-08 -10 4.5357e-07 3.43748e-08 -10 4.5357e-07 3.43748e-08 -10
4.5357e-07 3.43748e-08 -10 4.5357e-07 3.43748e-08 -10 3.96748e-07 6.06093e-08 -10 4.18574e-07
6.15251e-08 -10 4.18574e-07 6.15251e-08 -10 4.18574e-07 6.15251e-08 -10 4.18574e-07 6.15251e-08
-10 3.4497e-07 8.96939e-08 -10 3.60767e-07 9.06186e-08 -10 3.60767e-07 9.06186e-08 -10
3.60767e-07 9.06186e-08 -10 3.60767e-07 9.06186e-08 -10 2.83561e-07 9.79044e-08 -10 4.15027e-07
1.22245e-07 -10 5.42319e-07 1.48791e-07 -10 6.69612e-07 1.75336e-07 -10 7.96904e-07 2.01882e-07
-10 7.75883e-07 2.01403e-07 -10 5.1817e-07 1.14398e-08 -10 5.1817e-07 1.14398e-08 -10
5.1817e-07 1.14398e-08 -10 5.1817e-07 1.14398e-08 -10 5.1604e-07 1.26691e-08 -10 4.811e-07
1.67306e-08 -10 5.07741e-07 1.71265e-08 -10 5.07741e-07 1.71265e-08 -10 5.07741e-07 1.71265e-08
-10 5.07741e-07 1.71265e-08 -10 4.71823e-07 2.28189e-08 -10 4.98202e-07 2.2458e-08 -10
4.98202e-07 2.2458e-08 -10 4.98202e-07 2.2458e-08 -10 4.98202e-07 2.2458e-08 -10 4.63661e-07
2.86112e-08 -10 4.89915e-07 3.01451e-08 -10 4.89915e-07 3.01451e-08 -10 4.89915e-07 3.01451e-08
-10 4.89915e-07 3.01451e-08 -10 4.57739e-07 3.31016e-08 -10 4.83711e-07 3.43512e-08 -10
4.83711e-07 3.43512e-08 -10 4.83711e-07 3.43512e-08 -10 4.83711e-07 3.43512e-08 -10 4.541e-07
3.31788e-08 -10 4.79744e-07 3.33051e-08 -10 4.79744e-07 3.33051e-08 -10 4.79744e-07 3.33051e-08
-10 4.79744e-07 3.33051e-08 -10 4.5092e-07 2.98358e-08 -10 4.75902e-07 3.05384e-08 -10
4.75902e-07 3.05384e-08 -10 4.75902e-07 3.05384e-08 -10 4.75902e-07 3.05384e-08 -10 4.39672e-07
2.77619e-08 -10 4.6389e-07 2.85877e-08 -10 4.6389e-07 2.85877e-08 -10 4.6389e-07 2.85877e-08
-10 4.6389e-07 2.85877e-08 -10 4.25926e-07 2.56046e-08 -10 4.49332e-07 2.52166e-08 -10
4.49332e-07 2.52166e-08 -10 4.49332e-07 2.52166e-08 -10 4.49332e-07 2.52166e-08 -10 4.20282e-07
2.03621e-08 -10 4.44268e-07 2.10755e-08 -10 4.44268e-07 2.10755e-08 -10 4.44268e-07 2.10755e-08
-10 4.44268e-07 2.10755e-08 -10 4.19012e-07 1.44886e-08 -10 4.43958e-07 1.43232e-08 -10
4.43958e-07 1.43232e-08 -10 4.43958e-07 1.43232e-08 -10 4.43958e-07 1.43232e-08 -10 4.21634e-07
8.4648e-09 -10 4.47251e-07 8.24144e-09 -10 4.47251e-07 8.24144e-09 -10 4.47251e-07 8.24144e-09
-10 4.47251e-07 8.24144e-09 -10 4.27694e-07 4.38891e-09 -10 4.54239e-07 4.36251e-09 -10
4.54239e-07 4.36251e-09 -10 4.54239e-07 4.36251e-09 -10 4.54239e-07 4.36251e-09 -10 4.34634e-07
3.23607e-09 -10 4.62159e-07 2.86912e-09 -10 4.62159e-07 2.86912e-09 -10 4.62159e-07 2.86912e-09
-10 4.62159e-07 2.86912e-09 -10 4.39068e-07 2.78476e-09 -10 4.66707e-07 2.53511e-09 -10
4.66707e-07 2.53511e-09 -10 4.66707e-07 2.53511e-09 -10 4.66707e-07 2.53511e-09 -10 4.43133e-07
3.0264e-09 -10 4.72082e-07 2.79695e-09 -10 4.72082e-07 2.79695e-09 -10 4.72082e-07 2.79695e-09
-10 4.72082e-07 2.79695e-09 -10 4.48644e-07 3.40282e-09 -10 4.78646e-07 3.35767e-09 -10
4.78646e-07 3.35767e-09 -10 4.78646e-07 3.35767e-09 -10 4.78646e-07 3.35767e-09 -10 4.56783e-07
3.67889e-09 -10 4.87359e-07 3.50348e-09 -10 4.87359e-07 3.50348e-09 -10 4.87359e-07 3.50348e-09
-10 4.87359e-07 3.50348e-09 -10 4.67026e-07 4.94176e-09 -10 4.96833e-07 4.06901e-09 -10
4.96833e-07 4.06901e-09 -10 4.96833e-07 4.06901e-09 -10 4.96833e-07 4.06901e-09 -10 4.73808e-07
9.18805e-09 -10 5.03994e-07 9.08265e-09 -10 5.03994e-07 9.08265e-09 -10 5.03994e-07 9.08265e-09
-10 5.03994e-07 9.08265e-09 -10 4.71757e-07 1.79068e-08 -10 5.00688e-07 1.82923e-08 -10
5.00688e-07 1.82923e-08 -10 5.00688e-07 1.82923e-08 -10 5.00688e-07 1.82923e-08 -10 4.54831e-07
3.55038e-08 -10 4.78809e-07 3.63449e-08 -10 4.78809e-07 3.63449e-08 -10 4.78809e-07 3.63449e-08
-10 4.78809e-07 3.63449e-08 -10 4.20057e-07 6.41702e-08 -10 4.41883e-07 6.5086e-08 -10
4.41883e-07 6.5086e-08 -10 4.41883e-07 6.5086e-08 -10 4.41883e-07 6.5086e-08 -10 3.65237e-07
9.49635e-08 -10 3.81035e-07 9.58883e-08 -10 3.81035e-07 9.58883e-08 -10 3.81035e-07 9.58883e-08
-10 3.81035e-07 9.58883e-08 -10 3.00221e-07 1.03656e-07 -10 4.31687e-07 1.27997e-07 -10
5.58979e-07 1.54543e-07 -10 6.86271e-07 1.81088e-07 -10 8.13564e-07 2.07634e-07 -10 7.84061e-07
2.05458e-07 -10 5.45431e-07 1.20426e-08 -10 5.45431e-07 1.20426e-08 -10 5.45431e-07 1.20426e-08
-10 5.45431e-07 1.20426e-08 -10 5.42736e-07 1.35975e-08 -10 5.07797e-07 1.7659e-08 -10
5.34438e-07 1.80549e-08 -10 5.34438e-07 1.80549e-08 -10 5.34438e-07 1.80549e-08 -10 5.34427e-07
1.8062e-08 -10 4.98005e-07 2.40852e-08 -10 5.24384e-07 2.37243e-08 -10 5.24384e-07 2.37243e-08
-10 5.24384e-07 2.37243e-08 -10 5.24375e-07 2.3731e-08 -10 4.8939e-07 3.01989e-08 -10
5.15644e-07 3.17328e-08 -10 5.15644e-07 3.17328e-08 -10 5.15644e-07 3.17328e-08 -10 5.15637e-07
3.1738e-08 -10 4.8314e-07 3.49384e-08 -10 5.09111e-07 3.6188e-08 -10 5.09111e-07 3.6188e-08
-10 5.09111e-07 3.6188e-08 -10 5.09107e-07 3.61881e-08 -10 4.79298e-07 3.502e-08 -10
5.04943e-07 3.51462e-08 -10 5.04943e-07 3.51462e-08 -10 5.04943e-07 3.51462e-08 -10 5.04939e-07
3.51423e-08 -10 4.75942e-07 3.14914e-08 -10 5.00924e-07 3.21941e-08 -10 5.00924e-07 3.21941e-08
-10 5.00924e-07 3.21941e-08 -10 5.00911e-07 3.21917e-08 -10 4.6407e-07 2.93024e-08 -10
4.88288e-07 3.01282e-08 -10 4.88288e-07 3.01282e-08 -10 4.88288e-07 3.01282e-08 -10 4.88272e-07
3.01257e-08 -10 4.49561e-07 2.70254e-08 -10 4.72967e-07 2.66375e-08 -10 4.72967e-07 2.66375e-08
-10 4.72967e-07 2.66375e-08 -10 4.72961e-07 2.66314e-08 -10 4.43604e-07 2.1492e-08 -10
4.6759e-07 2.22054e-08 -10 4.6759e-07 2.22054e-08 -10 4.6759e-07 2.22054e-08 -10 4.67588e-07
2.21986e-08 -10 4.42263e-07 1.52926e-08 -10 4.6721e-07 1.51271e-08 -10 4.6721e-07 1.51271e-08
-10 4.6721e-07 1.51271e-08 -10 4.67213e-07 1.51202e-08 -10 4.45031e-07 8.93452e-09 -10
4.70648e-07 8.71116e-09 -10 4.70648e-07 8.71116e-09 -10 4.70648e-07 8.71116e-09 -10 4.70655e-07
8.70643e-09 -10 4.51427e-07 4.63245e-09 -10 4.77972e-07 4.60606e-09 -10 4.77972e-07 4.60606e-09
-10 4.77972e-07 4.60606e-09 -10 4.7798e-07 4.60472e-09 -10 4.58752e-07 3.41565e-09 -10
4.86277e-07 3.04869e-09 -10 4.86277e-07 3.04869e-09 -10 4.86277e-07 3.04869e-09 -10 4.86282e-07
3.04817e-09 -10 4.63433e-07 2.93929e-09 -10 4.91072e-07 2.68964e-09 -10 4.91072e-07 2.68964e-09
-10 4.91072e-07 2.68964e-09 -10 4.91076e-07 2.68992e-09 -10 4.67723e-07 3.19434e-09 -10
4.96672e-07 2.96489e-09 -10 4.96672e-07 2.96489e-09 -10 4.96672e-07 2.96489e-09 -10 4.96678e-07
2.96533e-09 -10 4.7354e-07 3.59164e-09 -10 5.03541e-07 3.5465e-09 -10 5.03541e-07 3.5465e-09
-10 5.03541e-07 3.5465e-09 -10 5.03551e-07 3.54682e-09 -10 4.8213e-07 3.88303e-09 -10
5.12706e-07 3.70762e-09 -10 5.12706e-07 3.70762e-09 -10 5.12706e-07 3.70762e-09 -10 5.12718e-07
3.70909e-09 -10 4.92942e-07 5.21598e-09 -10 5.22749e-07 4.34324e-09 -10 5.22749e-07 4.34324e-09
-10 5.22749e-07 4.34324e-09 -10 5.22757e-07 4.34817e-09 -10 5.001e-07 9.6979e-09 -10
5.30286e-07 9.5925e-09 -10 5.30286e-07 9.5925e-09 -10 5.30286e-07 9.5925e-09 -10 5.30284e-07
9.60262e-09 -10 4.97936e-07 1.89004e-08 -10 5.26866e-07 1.9286e-08 -10 5.26866e-07 1.9286e-08
-10 5.26866e-07 1.9286e-08 -10 5.26846e-07 1.93064e-08 -10 4.8007e-07 3.74739e-08 -10
5.04048e-07 3.83151e-08 -10 5.04048e-07 3.83151e-08 -10 5.04048e-07 3.83151e-08 -10 5.04008e-07
3.83483e-08 -10 4.43367e-07 6.7731e-08 -10 4.65192e-07 6.86469e-08 -10 4.65192e-07 6.86469e-08
-10 4.65192e-07 6.86469e-08 -10 4.65129e-07 6.86826e-08 -10 3.85505e-07 1.00233e-07 -10
4.01302e-07 1.01158e-07 -10 4.01302e-07 1.01158e-07 -10 4.01302e-07 1.01158e-07 -10 4.01226e-07
1.01168e-07 -10 3.1688e-07 1.09408e-07 -10 4.48346e-07 1.33749e-07 -10 5.75639e-07 1.60295e-07
-10 7.02931e-07 1.86841e-07 -10 8.30046e-07 2.13351e-07 -10 7.92238e-07 2.09513e-07 
