/*--------------------------------*- C++ -*----------------------------------*\
  =========                 |
  \\      /  F ield         | OpenFOAM: The Open Source CFD Toolbox
   \\    /   O peration     | Website:  https://openfoam.org
    \\  /    A nd           | Version:  10
     \\/     M anipulation  |
\*---------------------------------------------------------------------------*/
FoamFile
{
    format      ascii;
    class       faceList;
    location    "constant/polyMesh";
    object      faces;
}
// * * * * * * * * * * * * * * * * * * * * * * * * * * * * * * * * * * * * * //


6884
(
4(1 19 474 456)
4(18 473 474 19)
4(455 456 474 473)
4(2 20 475 457)
4(19 474 475 20)
4(456 457 475 474)
4(3 21 476 458)
4(20 475 476 21)
4(457 458 476 475)
4(4 22 477 459)
4(21 476 477 22)
4(458 459 477 476)
4(5 23 478 460)
4(22 477 478 23)
4(459 460 478 477)
4(6 24 479 461)
4(23 478 479 24)
4(460 461 479 478)
4(7 25 480 462)
4(24 479 480 25)
4(461 462 480 479)
4(8 26 481 463)
4(25 480 481 26)
4(462 463 481 480)
4(9 27 482 464)
4(26 481 482 27)
4(463 464 482 481)
4(10 28 483 465)
4(27 482 483 28)
4(464 465 483 482)
4(11 29 484 466)
4(28 483 484 29)
4(465 466 484 483)
4(12 30 485 467)
4(29 484 485 30)
4(466 467 485 484)
4(13 31 486 468)
4(30 485 486 31)
4(467 468 486 485)
4(14 32 487 469)
4(31 486 487 32)
4(468 469 487 486)
4(15 33 488 470)
4(32 487 488 33)
4(469 470 488 487)
4(16 34 489 471)
4(33 488 489 34)
4(470 471 489 488)
4(34 489 490 35)
4(471 472 490 489)
4(19 37 492 474)
4(36 491 492 37)
4(473 474 492 491)
4(20 38 493 475)
4(37 492 493 38)
4(474 475 493 492)
4(21 39 494 476)
4(38 493 494 39)
4(475 476 494 493)
4(22 40 495 477)
4(39 494 495 40)
4(476 477 495 494)
4(23 41 496 478)
4(40 495 496 41)
4(477 478 496 495)
4(24 42 497 479)
4(41 496 497 42)
4(478 479 497 496)
4(25 43 498 480)
4(42 497 498 43)
4(479 480 498 497)
4(26 44 499 481)
4(43 498 499 44)
4(480 481 499 498)
4(27 45 500 482)
4(44 499 500 45)
4(481 482 500 499)
4(28 46 501 483)
4(45 500 501 46)
4(482 483 501 500)
4(29 47 502 484)
4(46 501 502 47)
4(483 484 502 501)
4(30 48 503 485)
4(47 502 503 48)
4(484 485 503 502)
4(31 49 504 486)
4(48 503 504 49)
4(485 486 504 503)
4(32 50 505 487)
4(49 504 505 50)
4(486 487 505 504)
4(33 51 506 488)
4(50 505 506 51)
4(487 488 506 505)
4(34 52 507 489)
4(51 506 507 52)
4(488 489 507 506)
4(52 507 508 53)
4(489 490 508 507)
4(37 55 510 492)
4(54 509 510 55)
4(491 492 510 509)
4(38 56 511 493)
4(55 510 511 56)
4(492 493 511 510)
4(39 57 512 494)
4(56 511 512 57)
4(493 494 512 511)
4(40 58 513 495)
4(57 512 513 58)
4(494 495 513 512)
4(41 59 514 496)
4(58 513 514 59)
4(495 496 514 513)
4(42 60 515 497)
4(59 514 515 60)
4(496 497 515 514)
4(43 61 516 498)
4(60 515 516 61)
4(497 498 516 515)
4(44 62 517 499)
4(61 516 517 62)
4(498 499 517 516)
4(45 63 518 500)
4(62 517 518 63)
4(499 500 518 517)
4(46 64 519 501)
4(63 518 519 64)
4(500 501 519 518)
4(47 65 520 502)
4(64 519 520 65)
4(501 502 520 519)
4(48 66 521 503)
4(65 520 521 66)
4(502 503 521 520)
4(49 67 522 504)
4(66 521 522 67)
4(503 504 522 521)
4(50 68 523 505)
4(67 522 523 68)
4(504 505 523 522)
4(51 69 524 506)
4(68 523 524 69)
4(505 506 524 523)
4(52 70 525 507)
4(69 524 525 70)
4(506 507 525 524)
4(70 525 526 71)
4(507 508 526 525)
4(55 73 528 510)
4(72 527 528 73)
4(509 510 528 527)
4(56 74 529 511)
4(73 528 529 74)
4(510 511 529 528)
4(57 75 530 512)
4(74 529 530 75)
4(511 512 530 529)
4(58 76 531 513)
4(75 530 531 76)
4(512 513 531 530)
4(59 77 532 514)
4(76 531 532 77)
4(513 514 532 531)
4(60 78 533 515)
4(77 532 533 78)
4(514 515 533 532)
4(61 79 534 516)
4(78 533 534 79)
4(515 516 534 533)
4(62 80 535 517)
4(79 534 535 80)
4(516 517 535 534)
4(63 81 536 518)
4(80 535 536 81)
4(517 518 536 535)
4(64 82 537 519)
4(81 536 537 82)
4(518 519 537 536)
4(65 83 538 520)
4(82 537 538 83)
4(519 520 538 537)
4(66 84 539 521)
4(83 538 539 84)
4(520 521 539 538)
4(67 85 540 522)
4(84 539 540 85)
4(521 522 540 539)
4(68 86 541 523)
4(85 540 541 86)
4(522 523 541 540)
4(69 87 542 524)
4(86 541 542 87)
4(523 524 542 541)
4(70 88 543 525)
4(87 542 543 88)
4(524 525 543 542)
4(88 543 544 89)
4(525 526 544 543)
4(73 91 546 528)
4(90 545 546 91)
4(527 528 546 545)
4(74 92 547 529)
4(91 546 547 92)
4(528 529 547 546)
4(75 93 548 530)
4(92 547 548 93)
4(529 530 548 547)
4(76 94 549 531)
4(93 548 549 94)
4(530 531 549 548)
4(77 95 550 532)
4(94 549 550 95)
4(531 532 550 549)
4(78 96 551 533)
4(95 550 551 96)
4(532 533 551 550)
4(79 97 552 534)
4(96 551 552 97)
4(533 534 552 551)
4(80 98 553 535)
4(97 552 553 98)
4(534 535 553 552)
4(81 99 554 536)
4(98 553 554 99)
4(535 536 554 553)
4(82 100 555 537)
4(99 554 555 100)
4(536 537 555 554)
4(83 101 556 538)
4(100 555 556 101)
4(537 538 556 555)
4(84 102 557 539)
4(101 556 557 102)
4(538 539 557 556)
4(85 103 558 540)
4(102 557 558 103)
4(539 540 558 557)
4(86 104 559 541)
4(103 558 559 104)
4(540 541 559 558)
4(87 105 560 542)
4(104 559 560 105)
4(541 542 560 559)
4(88 106 561 543)
4(105 560 561 106)
4(542 543 561 560)
4(106 561 562 107)
4(543 544 562 561)
4(91 109 564 546)
4(108 563 564 109)
4(545 546 564 563)
4(92 110 565 547)
4(109 564 565 110)
4(546 547 565 564)
4(93 111 566 548)
4(110 565 566 111)
4(547 548 566 565)
4(94 112 567 549)
4(111 566 567 112)
4(548 549 567 566)
4(95 113 568 550)
4(112 567 568 113)
4(549 550 568 567)
4(96 114 569 551)
4(113 568 569 114)
4(550 551 569 568)
4(97 115 570 552)
4(114 569 570 115)
4(551 552 570 569)
4(98 116 571 553)
4(115 570 571 116)
4(552 553 571 570)
4(99 117 572 554)
4(116 571 572 117)
4(553 554 572 571)
4(100 118 573 555)
4(117 572 573 118)
4(554 555 573 572)
4(101 119 574 556)
4(118 573 574 119)
4(555 556 574 573)
4(102 120 575 557)
4(119 574 575 120)
4(556 557 575 574)
4(103 121 576 558)
4(120 575 576 121)
4(557 558 576 575)
4(104 122 577 559)
4(121 576 577 122)
4(558 559 577 576)
4(105 123 578 560)
4(122 577 578 123)
4(559 560 578 577)
4(106 124 579 561)
4(123 578 579 124)
4(560 561 579 578)
4(124 579 580 125)
4(561 562 580 579)
4(109 127 582 564)
4(126 581 582 127)
4(563 564 582 581)
4(110 128 583 565)
4(127 582 583 128)
4(564 565 583 582)
4(111 129 584 566)
4(128 583 584 129)
4(565 566 584 583)
4(112 130 585 567)
4(129 584 585 130)
4(566 567 585 584)
4(113 131 586 568)
4(130 585 586 131)
4(567 568 586 585)
4(114 132 587 569)
4(131 586 587 132)
4(568 569 587 586)
4(115 133 588 570)
4(132 587 588 133)
4(569 570 588 587)
4(116 134 589 571)
4(133 588 589 134)
4(570 571 589 588)
4(117 135 590 572)
4(134 589 590 135)
4(571 572 590 589)
4(118 136 591 573)
4(135 590 591 136)
4(572 573 591 590)
4(119 137 592 574)
4(136 591 592 137)
4(573 574 592 591)
4(120 138 593 575)
4(137 592 593 138)
4(574 575 593 592)
4(121 139 594 576)
4(138 593 594 139)
4(575 576 594 593)
4(122 140 595 577)
4(139 594 595 140)
4(576 577 595 594)
4(123 141 596 578)
4(140 595 596 141)
4(577 578 596 595)
4(124 142 597 579)
4(141 596 597 142)
4(578 579 597 596)
4(142 597 598 143)
4(579 580 598 597)
4(127 145 600 582)
4(144 599 600 145)
4(581 582 600 599)
4(128 146 601 583)
4(145 600 601 146)
4(582 583 601 600)
4(129 147 602 584)
4(146 601 602 147)
4(583 584 602 601)
4(130 148 603 585)
4(147 602 603 148)
4(584 585 603 602)
4(131 149 604 586)
4(148 603 604 149)
4(585 586 604 603)
4(132 150 605 587)
4(149 604 605 150)
4(586 587 605 604)
4(133 151 606 588)
4(150 605 606 151)
4(587 588 606 605)
4(134 152 607 589)
4(151 606 607 152)
4(588 589 607 606)
4(135 153 608 590)
4(152 607 608 153)
4(589 590 608 607)
4(136 154 609 591)
4(153 608 609 154)
4(590 591 609 608)
4(137 155 610 592)
4(154 609 610 155)
4(591 592 610 609)
4(138 156 611 593)
4(155 610 611 156)
4(592 593 611 610)
4(139 157 612 594)
4(156 611 612 157)
4(593 594 612 611)
4(140 158 613 595)
4(157 612 613 158)
4(594 595 613 612)
4(141 159 614 596)
4(158 613 614 159)
4(595 596 614 613)
4(142 160 615 597)
4(159 614 615 160)
4(596 597 615 614)
4(160 615 616 161)
4(597 598 616 615)
4(145 163 618 600)
4(162 617 618 163)
4(599 600 618 617)
4(146 164 619 601)
4(163 618 619 164)
4(600 601 619 618)
4(147 165 620 602)
4(164 619 620 165)
4(601 602 620 619)
4(148 166 621 603)
4(165 620 621 166)
4(602 603 621 620)
4(149 167 622 604)
4(166 621 622 167)
4(603 604 622 621)
4(150 168 623 605)
4(167 622 623 168)
4(604 605 623 622)
4(151 169 624 606)
4(168 623 624 169)
4(605 606 624 623)
4(152 170 625 607)
4(169 624 625 170)
4(606 607 625 624)
4(153 171 626 608)
4(170 625 626 171)
4(607 608 626 625)
4(154 172 627 609)
4(171 626 627 172)
4(608 609 627 626)
4(155 173 628 610)
4(172 627 628 173)
4(609 610 628 627)
4(156 174 629 611)
4(173 628 629 174)
4(610 611 629 628)
4(157 175 630 612)
4(174 629 630 175)
4(611 612 630 629)
4(158 176 631 613)
4(175 630 631 176)
4(612 613 631 630)
4(159 177 632 614)
4(176 631 632 177)
4(613 614 632 631)
4(160 178 633 615)
4(177 632 633 178)
4(614 615 633 632)
4(178 633 634 179)
4(615 616 634 633)
4(163 181 636 618)
4(180 635 636 181)
4(617 618 636 635)
4(164 182 637 619)
4(181 636 637 182)
4(618 619 637 636)
4(165 183 638 620)
4(182 637 638 183)
4(619 620 638 637)
4(166 184 639 621)
4(183 638 639 184)
4(620 621 639 638)
4(167 185 640 622)
4(184 639 640 185)
4(621 622 640 639)
4(168 186 641 623)
4(185 640 641 186)
4(622 623 641 640)
4(169 187 642 624)
4(186 641 642 187)
4(623 624 642 641)
4(170 188 643 625)
4(187 642 643 188)
4(624 625 643 642)
4(171 189 644 626)
4(188 643 644 189)
4(625 626 644 643)
4(172 190 645 627)
4(189 644 645 190)
4(626 627 645 644)
4(173 191 646 628)
4(190 645 646 191)
4(627 628 646 645)
4(174 192 647 629)
4(191 646 647 192)
4(628 629 647 646)
4(175 193 648 630)
4(192 647 648 193)
4(629 630 648 647)
4(176 194 649 631)
4(193 648 649 194)
4(630 631 649 648)
4(177 195 650 632)
4(194 649 650 195)
4(631 632 650 649)
4(178 196 651 633)
4(195 650 651 196)
4(632 633 651 650)
4(196 651 652 197)
4(633 634 652 651)
4(181 199 654 636)
4(198 653 654 199)
4(635 636 654 653)
4(182 200 655 637)
4(199 654 655 200)
4(636 637 655 654)
4(183 201 656 638)
4(200 655 656 201)
4(637 638 656 655)
4(184 202 657 639)
4(201 656 657 202)
4(638 639 657 656)
4(185 203 658 640)
4(202 657 658 203)
4(639 640 658 657)
4(186 204 659 641)
4(203 658 659 204)
4(640 641 659 658)
4(187 205 660 642)
4(204 659 660 205)
4(641 642 660 659)
4(188 206 661 643)
4(205 660 661 206)
4(642 643 661 660)
4(189 207 662 644)
4(206 661 662 207)
4(643 644 662 661)
4(190 208 663 645)
4(207 662 663 208)
4(644 645 663 662)
4(191 209 664 646)
4(208 663 664 209)
4(645 646 664 663)
4(192 210 665 647)
4(209 664 665 210)
4(646 647 665 664)
4(193 211 666 648)
4(210 665 666 211)
4(647 648 666 665)
4(194 212 667 649)
4(211 666 667 212)
4(648 649 667 666)
4(195 213 668 650)
4(212 667 668 213)
4(649 650 668 667)
4(196 214 669 651)
4(213 668 669 214)
4(650 651 669 668)
4(214 669 670 215)
4(651 652 670 669)
4(199 217 672 654)
4(216 671 672 217)
4(653 654 672 671)
4(200 218 673 655)
4(217 672 673 218)
4(654 655 673 672)
4(201 219 674 656)
4(218 673 674 219)
4(655 656 674 673)
4(202 220 675 657)
4(219 674 675 220)
4(656 657 675 674)
4(203 221 676 658)
4(220 675 676 221)
4(657 658 676 675)
4(204 222 677 659)
4(221 676 677 222)
4(658 659 677 676)
4(205 223 678 660)
4(222 677 678 223)
4(659 660 678 677)
4(206 224 679 661)
4(223 678 679 224)
4(660 661 679 678)
4(207 225 680 662)
4(224 679 680 225)
4(661 662 680 679)
4(208 226 681 663)
4(225 680 681 226)
4(662 663 681 680)
4(209 227 682 664)
4(226 681 682 227)
4(663 664 682 681)
4(210 228 683 665)
4(227 682 683 228)
4(664 665 683 682)
4(211 229 684 666)
4(228 683 684 229)
4(665 666 684 683)
4(212 230 685 667)
4(229 684 685 230)
4(666 667 685 684)
4(213 231 686 668)
4(230 685 686 231)
4(667 668 686 685)
4(214 232 687 669)
4(231 686 687 232)
4(668 669 687 686)
4(232 687 688 233)
4(669 670 688 687)
4(217 235 690 672)
4(234 689 690 235)
4(671 672 690 689)
4(218 236 691 673)
4(235 690 691 236)
4(672 673 691 690)
4(219 237 692 674)
4(236 691 692 237)
4(673 674 692 691)
4(220 238 693 675)
4(237 692 693 238)
4(674 675 693 692)
4(221 239 694 676)
4(238 693 694 239)
4(675 676 694 693)
4(222 240 695 677)
4(239 694 695 240)
4(676 677 695 694)
4(223 241 696 678)
4(240 695 696 241)
4(677 678 696 695)
4(224 242 697 679)
4(241 696 697 242)
4(678 679 697 696)
4(225 243 698 680)
4(242 697 698 243)
4(679 680 698 697)
4(226 244 699 681)
4(243 698 699 244)
4(680 681 699 698)
4(227 245 700 682)
4(244 699 700 245)
4(681 682 700 699)
4(228 246 701 683)
4(245 700 701 246)
4(682 683 701 700)
4(229 247 702 684)
4(246 701 702 247)
4(683 684 702 701)
4(230 248 703 685)
4(247 702 703 248)
4(684 685 703 702)
4(231 249 704 686)
4(248 703 704 249)
4(685 686 704 703)
4(232 250 705 687)
4(249 704 705 250)
4(686 687 705 704)
4(250 705 706 251)
4(687 688 706 705)
4(235 253 708 690)
4(252 707 708 253)
4(689 690 708 707)
4(236 254 709 691)
4(253 708 709 254)
4(690 691 709 708)
4(237 255 710 692)
4(254 709 710 255)
4(691 692 710 709)
4(238 256 711 693)
4(255 710 711 256)
4(692 693 711 710)
4(239 257 712 694)
4(256 711 712 257)
4(693 694 712 711)
4(240 258 713 695)
4(257 712 713 258)
4(694 695 713 712)
4(241 259 714 696)
4(258 713 714 259)
4(695 696 714 713)
4(242 260 715 697)
4(259 714 715 260)
4(696 697 715 714)
4(243 261 716 698)
4(260 715 716 261)
4(697 698 716 715)
4(244 262 717 699)
4(261 716 717 262)
4(698 699 717 716)
4(245 263 718 700)
4(262 717 718 263)
4(699 700 718 717)
4(246 264 719 701)
4(263 718 719 264)
4(700 701 719 718)
4(247 265 720 702)
4(264 719 720 265)
4(701 702 720 719)
4(248 266 721 703)
4(265 720 721 266)
4(702 703 721 720)
4(249 267 722 704)
4(266 721 722 267)
4(703 704 722 721)
4(250 268 723 705)
4(267 722 723 268)
4(704 705 723 722)
4(268 723 724 269)
4(705 706 724 723)
4(253 271 726 708)
4(270 725 726 271)
4(707 708 726 725)
4(254 272 727 709)
4(271 726 727 272)
4(708 709 727 726)
4(255 273 728 710)
4(272 727 728 273)
4(709 710 728 727)
4(256 274 729 711)
4(273 728 729 274)
4(710 711 729 728)
4(257 275 730 712)
4(274 729 730 275)
4(711 712 730 729)
4(258 276 731 713)
4(275 730 731 276)
4(712 713 731 730)
4(259 277 732 714)
4(276 731 732 277)
4(713 714 732 731)
4(260 278 733 715)
4(277 732 733 278)
4(714 715 733 732)
4(261 279 734 716)
4(278 733 734 279)
4(715 716 734 733)
4(262 280 735 717)
4(279 734 735 280)
4(716 717 735 734)
4(263 281 736 718)
4(280 735 736 281)
4(717 718 736 735)
4(264 282 737 719)
4(281 736 737 282)
4(718 719 737 736)
4(265 283 738 720)
4(282 737 738 283)
4(719 720 738 737)
4(266 284 739 721)
4(283 738 739 284)
4(720 721 739 738)
4(267 285 740 722)
4(284 739 740 285)
4(721 722 740 739)
4(268 286 741 723)
4(285 740 741 286)
4(722 723 741 740)
4(286 741 742 287)
4(723 724 742 741)
4(271 289 744 726)
4(288 743 744 289)
4(725 726 744 743)
4(272 290 745 727)
4(289 744 745 290)
4(726 727 745 744)
4(273 291 746 728)
4(290 745 746 291)
4(727 728 746 745)
4(274 292 747 729)
4(291 746 747 292)
4(728 729 747 746)
4(275 293 748 730)
4(292 747 748 293)
4(729 730 748 747)
4(276 294 749 731)
4(293 748 749 294)
4(730 731 749 748)
4(277 295 750 732)
4(294 749 750 295)
4(731 732 750 749)
4(278 296 751 733)
4(295 750 751 296)
4(732 733 751 750)
4(279 297 752 734)
4(296 751 752 297)
4(733 734 752 751)
4(280 298 753 735)
4(297 752 753 298)
4(734 735 753 752)
4(281 299 754 736)
4(298 753 754 299)
4(735 736 754 753)
4(282 300 755 737)
4(299 754 755 300)
4(736 737 755 754)
4(283 301 756 738)
4(300 755 756 301)
4(737 738 756 755)
4(284 302 757 739)
4(301 756 757 302)
4(738 739 757 756)
4(285 303 758 740)
4(302 757 758 303)
4(739 740 758 757)
4(286 304 759 741)
4(303 758 759 304)
4(740 741 759 758)
4(304 759 760 305)
4(741 742 760 759)
4(289 307 762 744)
4(306 761 762 307)
4(743 744 762 761)
4(290 308 763 745)
4(307 762 763 308)
4(744 745 763 762)
4(291 309 764 746)
4(308 763 764 309)
4(745 746 764 763)
4(292 310 765 747)
4(309 764 765 310)
4(746 747 765 764)
4(293 311 766 748)
4(310 765 766 311)
4(747 748 766 765)
4(294 312 767 749)
4(311 766 767 312)
4(748 749 767 766)
4(295 313 768 750)
4(312 767 768 313)
4(749 750 768 767)
4(296 314 769 751)
4(313 768 769 314)
4(750 751 769 768)
4(297 315 770 752)
4(314 769 770 315)
4(751 752 770 769)
4(298 316 771 753)
4(315 770 771 316)
4(752 753 771 770)
4(299 317 772 754)
4(316 771 772 317)
4(753 754 772 771)
4(300 318 773 755)
4(317 772 773 318)
4(754 755 773 772)
4(301 319 774 756)
4(318 773 774 319)
4(755 756 774 773)
4(302 320 775 757)
4(319 774 775 320)
4(756 757 775 774)
4(303 321 776 758)
4(320 775 776 321)
4(757 758 776 775)
4(304 322 777 759)
4(321 776 777 322)
4(758 759 777 776)
4(322 777 778 323)
4(759 760 778 777)
4(307 325 780 762)
4(324 779 780 325)
4(761 762 780 779)
4(308 326 781 763)
4(325 780 781 326)
4(762 763 781 780)
4(309 327 782 764)
4(326 781 782 327)
4(763 764 782 781)
4(310 328 783 765)
4(327 782 783 328)
4(764 765 783 782)
4(311 329 784 766)
4(328 783 784 329)
4(765 766 784 783)
4(312 330 785 767)
4(329 784 785 330)
4(766 767 785 784)
4(313 331 786 768)
4(330 785 786 331)
4(767 768 786 785)
4(314 332 787 769)
4(331 786 787 332)
4(768 769 787 786)
4(315 333 788 770)
4(332 787 788 333)
4(769 770 788 787)
4(316 334 789 771)
4(333 788 789 334)
4(770 771 789 788)
4(317 335 790 772)
4(334 789 790 335)
4(771 772 790 789)
4(318 336 791 773)
4(335 790 791 336)
4(772 773 791 790)
4(319 337 792 774)
4(336 791 792 337)
4(773 774 792 791)
4(320 338 793 775)
4(337 792 793 338)
4(774 775 793 792)
4(321 339 794 776)
4(338 793 794 339)
4(775 776 794 793)
4(322 340 795 777)
4(339 794 795 340)
4(776 777 795 794)
4(340 795 796 341)
4(777 778 796 795)
4(325 343 798 780)
4(342 797 798 343)
4(779 780 798 797)
4(326 344 799 781)
4(343 798 799 344)
4(780 781 799 798)
4(327 345 800 782)
4(344 799 800 345)
4(781 782 800 799)
4(328 346 801 783)
4(345 800 801 346)
4(782 783 801 800)
4(329 347 802 784)
4(346 801 802 347)
4(783 784 802 801)
4(330 348 803 785)
4(347 802 803 348)
4(784 785 803 802)
4(331 349 804 786)
4(348 803 804 349)
4(785 786 804 803)
4(332 350 805 787)
4(349 804 805 350)
4(786 787 805 804)
4(333 351 806 788)
4(350 805 806 351)
4(787 788 806 805)
4(334 352 807 789)
4(351 806 807 352)
4(788 789 807 806)
4(335 353 808 790)
4(352 807 808 353)
4(789 790 808 807)
4(336 354 809 791)
4(353 808 809 354)
4(790 791 809 808)
4(337 355 810 792)
4(354 809 810 355)
4(791 792 810 809)
4(338 356 811 793)
4(355 810 811 356)
4(792 793 811 810)
4(339 357 812 794)
4(356 811 812 357)
4(793 794 812 811)
4(340 358 813 795)
4(357 812 813 358)
4(794 795 813 812)
4(358 813 814 359)
4(795 796 814 813)
4(343 361 816 798)
4(360 815 816 361)
4(797 798 816 815)
4(344 362 817 799)
4(361 816 817 362)
4(798 799 817 816)
4(345 363 818 800)
4(362 817 818 363)
4(799 800 818 817)
4(346 364 819 801)
4(363 818 819 364)
4(800 801 819 818)
4(347 365 820 802)
4(364 819 820 365)
4(801 802 820 819)
4(348 366 821 803)
4(365 820 821 366)
4(802 803 821 820)
4(349 367 822 804)
4(366 821 822 367)
4(803 804 822 821)
4(350 368 823 805)
4(367 822 823 368)
4(804 805 823 822)
4(351 369 824 806)
4(368 823 824 369)
4(805 806 824 823)
4(352 370 825 807)
4(369 824 825 370)
4(806 807 825 824)
4(353 371 826 808)
4(370 825 826 371)
4(807 808 826 825)
4(354 372 827 809)
4(371 826 827 372)
4(808 809 827 826)
4(355 373 828 810)
4(372 827 828 373)
4(809 810 828 827)
4(356 374 829 811)
4(373 828 829 374)
4(810 811 829 828)
4(357 375 830 812)
4(374 829 830 375)
4(811 812 830 829)
4(358 376 831 813)
4(375 830 831 376)
4(812 813 831 830)
4(376 831 832 377)
4(813 814 832 831)
4(361 379 834 816)
4(378 833 834 379)
4(815 816 834 833)
4(362 380 835 817)
4(379 834 835 380)
4(816 817 835 834)
4(363 381 836 818)
4(380 835 836 381)
4(817 818 836 835)
4(364 382 837 819)
4(381 836 837 382)
4(818 819 837 836)
4(365 383 838 820)
4(382 837 838 383)
4(819 820 838 837)
4(366 384 839 821)
4(383 838 839 384)
4(820 821 839 838)
4(367 385 840 822)
4(384 839 840 385)
4(821 822 840 839)
4(368 386 841 823)
4(385 840 841 386)
4(822 823 841 840)
4(369 387 842 824)
4(386 841 842 387)
4(823 824 842 841)
4(370 388 843 825)
4(387 842 843 388)
4(824 825 843 842)
4(371 389 844 826)
4(388 843 844 389)
4(825 826 844 843)
4(372 390 845 827)
4(389 844 845 390)
4(826 827 845 844)
4(373 391 846 828)
4(390 845 846 391)
4(827 828 846 845)
4(374 392 847 829)
4(391 846 847 392)
4(828 829 847 846)
4(375 393 848 830)
4(392 847 848 393)
4(829 830 848 847)
4(376 394 849 831)
4(393 848 849 394)
4(830 831 849 848)
4(394 849 850 395)
4(831 832 850 849)
4(379 397 852 834)
4(396 851 852 397)
4(833 834 852 851)
4(380 398 853 835)
4(397 852 853 398)
4(834 835 853 852)
4(381 399 854 836)
4(398 853 854 399)
4(835 836 854 853)
4(382 400 855 837)
4(399 854 855 400)
4(836 837 855 854)
4(383 401 856 838)
4(400 855 856 401)
4(837 838 856 855)
4(384 402 857 839)
4(401 856 857 402)
4(838 839 857 856)
4(385 403 858 840)
4(402 857 858 403)
4(839 840 858 857)
4(386 404 859 841)
4(403 858 859 404)
4(840 841 859 858)
4(387 405 860 842)
4(404 859 860 405)
4(841 842 860 859)
4(388 406 861 843)
4(405 860 861 406)
4(842 843 861 860)
4(389 407 862 844)
4(406 861 862 407)
4(843 844 862 861)
4(390 408 863 845)
4(407 862 863 408)
4(844 845 863 862)
4(391 409 864 846)
4(408 863 864 409)
4(845 846 864 863)
4(392 410 865 847)
4(409 864 865 410)
4(846 847 865 864)
4(393 411 866 848)
4(410 865 866 411)
4(847 848 866 865)
4(394 412 867 849)
4(411 866 867 412)
4(848 849 867 866)
4(412 867 868 413)
4(849 850 868 867)
4(397 415 870 852)
4(414 869 870 415)
4(851 852 870 869)
4(398 416 871 853)
4(415 870 871 416)
4(852 853 871 870)
4(399 417 872 854)
4(416 871 872 417)
4(853 854 872 871)
4(400 418 873 855)
4(417 872 873 418)
4(854 855 873 872)
4(401 419 874 856)
4(418 873 874 419)
4(855 856 874 873)
4(402 420 875 857)
4(419 874 875 420)
4(856 857 875 874)
4(403 421 876 858)
4(420 875 876 421)
4(857 858 876 875)
4(404 422 877 859)
4(421 876 877 422)
4(858 859 877 876)
4(405 423 878 860)
4(422 877 878 423)
4(859 860 878 877)
4(406 424 879 861)
4(423 878 879 424)
4(860 861 879 878)
4(407 425 880 862)
4(424 879 880 425)
4(861 862 880 879)
4(408 426 881 863)
4(425 880 881 426)
4(862 863 881 880)
4(409 427 882 864)
4(426 881 882 427)
4(863 864 882 881)
4(410 428 883 865)
4(427 882 883 428)
4(864 865 883 882)
4(411 429 884 866)
4(428 883 884 429)
4(865 866 884 883)
4(412 430 885 867)
4(429 884 885 430)
4(866 867 885 884)
4(430 885 886 431)
4(867 868 886 885)
4(415 433 888 870)
4(432 887 888 433)
4(869 870 888 887)
4(416 434 889 871)
4(433 888 889 434)
4(870 871 889 888)
4(417 435 890 872)
4(434 889 890 435)
4(871 872 890 889)
4(418 436 891 873)
4(435 890 891 436)
4(872 873 891 890)
4(419 437 892 874)
4(873 874 892 891)
4(420 438 893 875)
4(874 875 893 892)
4(421 439 894 876)
4(875 876 894 893)
4(422 440 895 877)
4(876 877 895 894)
4(423 441 896 878)
4(877 878 896 895)
4(424 442 897 879)
4(878 879 897 896)
4(425 443 898 880)
4(879 880 898 897)
4(426 444 899 881)
4(880 881 899 898)
4(427 445 900 882)
4(881 882 900 899)
4(428 446 901 883)
4(882 883 901 900)
4(429 447 902 884)
4(883 884 902 901)
4(430 448 903 885)
4(884 885 903 902)
4(885 886 904 903)
4(433 451 906 888)
4(887 888 906 905)
4(434 452 907 889)
4(888 889 907 906)
4(435 453 908 890)
4(889 890 908 907)
4(890 891 909 908)
4(456 474 931 913)
4(473 930 931 474)
4(912 913 931 930)
4(457 475 932 914)
4(474 931 932 475)
4(913 914 932 931)
4(458 476 933 915)
4(475 932 933 476)
4(914 915 933 932)
4(459 477 934 916)
4(476 933 934 477)
4(915 916 934 933)
4(460 478 935 917)
4(477 934 935 478)
4(916 917 935 934)
4(461 479 936 918)
4(478 935 936 479)
4(917 918 936 935)
4(462 480 937 919)
4(479 936 937 480)
4(918 919 937 936)
4(463 481 938 920)
4(480 937 938 481)
4(919 920 938 937)
4(464 482 939 921)
4(481 938 939 482)
4(920 921 939 938)
4(465 483 940 922)
4(482 939 940 483)
4(921 922 940 939)
4(466 484 941 923)
4(483 940 941 484)
4(922 923 941 940)
4(467 485 942 924)
4(484 941 942 485)
4(923 924 942 941)
4(468 486 943 925)
4(485 942 943 486)
4(924 925 943 942)
4(469 487 944 926)
4(486 943 944 487)
4(925 926 944 943)
4(470 488 945 927)
4(487 944 945 488)
4(926 927 945 944)
4(471 489 946 928)
4(488 945 946 489)
4(927 928 946 945)
4(489 946 947 490)
4(928 929 947 946)
4(474 492 949 931)
4(491 948 949 492)
4(930 931 949 948)
4(475 493 950 932)
4(492 949 950 493)
4(931 932 950 949)
4(476 494 951 933)
4(493 950 951 494)
4(932 933 951 950)
4(477 495 952 934)
4(494 951 952 495)
4(933 934 952 951)
4(478 496 953 935)
4(495 952 953 496)
4(934 935 953 952)
4(479 497 954 936)
4(496 953 954 497)
4(935 936 954 953)
4(480 498 955 937)
4(497 954 955 498)
4(936 937 955 954)
4(481 499 956 938)
4(498 955 956 499)
4(937 938 956 955)
4(482 500 957 939)
4(499 956 957 500)
4(938 939 957 956)
4(483 501 958 940)
4(500 957 958 501)
4(939 940 958 957)
4(484 502 959 941)
4(501 958 959 502)
4(940 941 959 958)
4(485 503 960 942)
4(502 959 960 503)
4(941 942 960 959)
4(486 504 961 943)
4(503 960 961 504)
4(942 943 961 960)
4(487 505 962 944)
4(504 961 962 505)
4(943 944 962 961)
4(488 506 963 945)
4(505 962 963 506)
4(944 945 963 962)
4(489 507 964 946)
4(506 963 964 507)
4(945 946 964 963)
4(507 964 965 508)
4(946 947 965 964)
4(492 510 967 949)
4(509 966 967 510)
4(948 949 967 966)
4(493 511 968 950)
4(510 967 968 511)
4(949 950 968 967)
4(494 512 969 951)
4(511 968 969 512)
4(950 951 969 968)
4(495 513 970 952)
4(512 969 970 513)
4(951 952 970 969)
4(496 514 971 953)
4(513 970 971 514)
4(952 953 971 970)
4(497 515 972 954)
4(514 971 972 515)
4(953 954 972 971)
4(498 516 973 955)
4(515 972 973 516)
4(954 955 973 972)
4(499 517 974 956)
4(516 973 974 517)
4(955 956 974 973)
4(500 518 975 957)
4(517 974 975 518)
4(956 957 975 974)
4(501 519 976 958)
4(518 975 976 519)
4(957 958 976 975)
4(502 520 977 959)
4(519 976 977 520)
4(958 959 977 976)
4(503 521 978 960)
4(520 977 978 521)
4(959 960 978 977)
4(504 522 979 961)
4(521 978 979 522)
4(960 961 979 978)
4(505 523 980 962)
4(522 979 980 523)
4(961 962 980 979)
4(506 524 981 963)
4(523 980 981 524)
4(962 963 981 980)
4(507 525 982 964)
4(524 981 982 525)
4(963 964 982 981)
4(525 982 983 526)
4(964 965 983 982)
4(510 528 985 967)
4(527 984 985 528)
4(966 967 985 984)
4(511 529 986 968)
4(528 985 986 529)
4(967 968 986 985)
4(512 530 987 969)
4(529 986 987 530)
4(968 969 987 986)
4(513 531 988 970)
4(530 987 988 531)
4(969 970 988 987)
4(514 532 989 971)
4(531 988 989 532)
4(970 971 989 988)
4(515 533 990 972)
4(532 989 990 533)
4(971 972 990 989)
4(516 534 991 973)
4(533 990 991 534)
4(972 973 991 990)
4(517 535 992 974)
4(534 991 992 535)
4(973 974 992 991)
4(518 536 993 975)
4(535 992 993 536)
4(974 975 993 992)
4(519 537 994 976)
4(536 993 994 537)
4(975 976 994 993)
4(520 538 995 977)
4(537 994 995 538)
4(976 977 995 994)
4(521 539 996 978)
4(538 995 996 539)
4(977 978 996 995)
4(522 540 997 979)
4(539 996 997 540)
4(978 979 997 996)
4(523 541 998 980)
4(540 997 998 541)
4(979 980 998 997)
4(524 542 999 981)
4(541 998 999 542)
4(980 981 999 998)
4(525 543 1000 982)
4(542 999 1000 543)
4(981 982 1000 999)
4(543 1000 1001 544)
4(982 983 1001 1000)
4(528 546 1003 985)
4(545 1002 1003 546)
4(984 985 1003 1002)
4(529 547 1004 986)
4(546 1003 1004 547)
4(985 986 1004 1003)
4(530 548 1005 987)
4(547 1004 1005 548)
4(986 987 1005 1004)
4(531 549 1006 988)
4(548 1005 1006 549)
4(987 988 1006 1005)
4(532 550 1007 989)
4(549 1006 1007 550)
4(988 989 1007 1006)
4(533 551 1008 990)
4(550 1007 1008 551)
4(989 990 1008 1007)
4(534 552 1009 991)
4(551 1008 1009 552)
4(990 991 1009 1008)
4(535 553 1010 992)
4(552 1009 1010 553)
4(991 992 1010 1009)
4(536 554 1011 993)
4(553 1010 1011 554)
4(992 993 1011 1010)
4(537 555 1012 994)
4(554 1011 1012 555)
4(993 994 1012 1011)
4(538 556 1013 995)
4(555 1012 1013 556)
4(994 995 1013 1012)
4(539 557 1014 996)
4(556 1013 1014 557)
4(995 996 1014 1013)
4(540 558 1015 997)
4(557 1014 1015 558)
4(996 997 1015 1014)
4(541 559 1016 998)
4(558 1015 1016 559)
4(997 998 1016 1015)
4(542 560 1017 999)
4(559 1016 1017 560)
4(998 999 1017 1016)
4(543 561 1018 1000)
4(560 1017 1018 561)
4(999 1000 1018 1017)
4(561 1018 1019 562)
4(1000 1001 1019 1018)
4(546 564 1021 1003)
4(563 1020 1021 564)
4(1002 1003 1021 1020)
4(547 565 1022 1004)
4(564 1021 1022 565)
4(1003 1004 1022 1021)
4(548 566 1023 1005)
4(565 1022 1023 566)
4(1004 1005 1023 1022)
4(549 567 1024 1006)
4(566 1023 1024 567)
4(1005 1006 1024 1023)
4(550 568 1025 1007)
4(567 1024 1025 568)
4(1006 1007 1025 1024)
4(551 569 1026 1008)
4(568 1025 1026 569)
4(1007 1008 1026 1025)
4(552 570 1027 1009)
4(569 1026 1027 570)
4(1008 1009 1027 1026)
4(553 571 1028 1010)
4(570 1027 1028 571)
4(1009 1010 1028 1027)
4(554 572 1029 1011)
4(571 1028 1029 572)
4(1010 1011 1029 1028)
4(555 573 1030 1012)
4(572 1029 1030 573)
4(1011 1012 1030 1029)
4(556 574 1031 1013)
4(573 1030 1031 574)
4(1012 1013 1031 1030)
4(557 575 1032 1014)
4(574 1031 1032 575)
4(1013 1014 1032 1031)
4(558 576 1033 1015)
4(575 1032 1033 576)
4(1014 1015 1033 1032)
4(559 577 1034 1016)
4(576 1033 1034 577)
4(1015 1016 1034 1033)
4(560 578 1035 1017)
4(577 1034 1035 578)
4(1016 1017 1035 1034)
4(561 579 1036 1018)
4(578 1035 1036 579)
4(1017 1018 1036 1035)
4(579 1036 1037 580)
4(1018 1019 1037 1036)
4(564 582 1039 1021)
4(581 1038 1039 582)
4(1020 1021 1039 1038)
4(565 583 1040 1022)
4(582 1039 1040 583)
4(1021 1022 1040 1039)
4(566 584 1041 1023)
4(583 1040 1041 584)
4(1022 1023 1041 1040)
4(567 585 1042 1024)
4(584 1041 1042 585)
4(1023 1024 1042 1041)
4(568 586 1043 1025)
4(585 1042 1043 586)
4(1024 1025 1043 1042)
4(569 587 1044 1026)
4(586 1043 1044 587)
4(1025 1026 1044 1043)
4(570 588 1045 1027)
4(587 1044 1045 588)
4(1026 1027 1045 1044)
4(571 589 1046 1028)
4(588 1045 1046 589)
4(1027 1028 1046 1045)
4(572 590 1047 1029)
4(589 1046 1047 590)
4(1028 1029 1047 1046)
4(573 591 1048 1030)
4(590 1047 1048 591)
4(1029 1030 1048 1047)
4(574 592 1049 1031)
4(591 1048 1049 592)
4(1030 1031 1049 1048)
4(575 593 1050 1032)
4(592 1049 1050 593)
4(1031 1032 1050 1049)
4(576 594 1051 1033)
4(593 1050 1051 594)
4(1032 1033 1051 1050)
4(577 595 1052 1034)
4(594 1051 1052 595)
4(1033 1034 1052 1051)
4(578 596 1053 1035)
4(595 1052 1053 596)
4(1034 1035 1053 1052)
4(579 597 1054 1036)
4(596 1053 1054 597)
4(1035 1036 1054 1053)
4(597 1054 1055 598)
4(1036 1037 1055 1054)
4(582 600 1057 1039)
4(599 1056 1057 600)
4(1038 1039 1057 1056)
4(583 601 1058 1040)
4(600 1057 1058 601)
4(1039 1040 1058 1057)
4(584 602 1059 1041)
4(601 1058 1059 602)
4(1040 1041 1059 1058)
4(585 603 1060 1042)
4(602 1059 1060 603)
4(1041 1042 1060 1059)
4(586 604 1061 1043)
4(603 1060 1061 604)
4(1042 1043 1061 1060)
4(587 605 1062 1044)
4(604 1061 1062 605)
4(1043 1044 1062 1061)
4(588 606 1063 1045)
4(605 1062 1063 606)
4(1044 1045 1063 1062)
4(589 607 1064 1046)
4(606 1063 1064 607)
4(1045 1046 1064 1063)
4(590 608 1065 1047)
4(607 1064 1065 608)
4(1046 1047 1065 1064)
4(591 609 1066 1048)
4(608 1065 1066 609)
4(1047 1048 1066 1065)
4(592 610 1067 1049)
4(609 1066 1067 610)
4(1048 1049 1067 1066)
4(593 611 1068 1050)
4(610 1067 1068 611)
4(1049 1050 1068 1067)
4(594 612 1069 1051)
4(611 1068 1069 612)
4(1050 1051 1069 1068)
4(595 613 1070 1052)
4(612 1069 1070 613)
4(1051 1052 1070 1069)
4(596 614 1071 1053)
4(613 1070 1071 614)
4(1052 1053 1071 1070)
4(597 615 1072 1054)
4(614 1071 1072 615)
4(1053 1054 1072 1071)
4(615 1072 1073 616)
4(1054 1055 1073 1072)
4(600 618 1075 1057)
4(617 1074 1075 618)
4(1056 1057 1075 1074)
4(601 619 1076 1058)
4(618 1075 1076 619)
4(1057 1058 1076 1075)
4(602 620 1077 1059)
4(619 1076 1077 620)
4(1058 1059 1077 1076)
4(603 621 1078 1060)
4(620 1077 1078 621)
4(1059 1060 1078 1077)
4(604 622 1079 1061)
4(621 1078 1079 622)
4(1060 1061 1079 1078)
4(605 623 1080 1062)
4(622 1079 1080 623)
4(1061 1062 1080 1079)
4(606 624 1081 1063)
4(623 1080 1081 624)
4(1062 1063 1081 1080)
4(607 625 1082 1064)
4(624 1081 1082 625)
4(1063 1064 1082 1081)
4(608 626 1083 1065)
4(625 1082 1083 626)
4(1064 1065 1083 1082)
4(609 627 1084 1066)
4(626 1083 1084 627)
4(1065 1066 1084 1083)
4(610 628 1085 1067)
4(627 1084 1085 628)
4(1066 1067 1085 1084)
4(611 629 1086 1068)
4(628 1085 1086 629)
4(1067 1068 1086 1085)
4(612 630 1087 1069)
4(629 1086 1087 630)
4(1068 1069 1087 1086)
4(613 631 1088 1070)
4(630 1087 1088 631)
4(1069 1070 1088 1087)
4(614 632 1089 1071)
4(631 1088 1089 632)
4(1070 1071 1089 1088)
4(615 633 1090 1072)
4(632 1089 1090 633)
4(1071 1072 1090 1089)
4(633 1090 1091 634)
4(1072 1073 1091 1090)
4(618 636 1093 1075)
4(635 1092 1093 636)
4(1074 1075 1093 1092)
4(619 637 1094 1076)
4(636 1093 1094 637)
4(1075 1076 1094 1093)
4(620 638 1095 1077)
4(637 1094 1095 638)
4(1076 1077 1095 1094)
4(621 639 1096 1078)
4(638 1095 1096 639)
4(1077 1078 1096 1095)
4(622 640 1097 1079)
4(639 1096 1097 640)
4(1078 1079 1097 1096)
4(623 641 1098 1080)
4(640 1097 1098 641)
4(1079 1080 1098 1097)
4(624 642 1099 1081)
4(641 1098 1099 642)
4(1080 1081 1099 1098)
4(625 643 1100 1082)
4(642 1099 1100 643)
4(1081 1082 1100 1099)
4(626 644 1101 1083)
4(643 1100 1101 644)
4(1082 1083 1101 1100)
4(627 645 1102 1084)
4(644 1101 1102 645)
4(1083 1084 1102 1101)
4(628 646 1103 1085)
4(645 1102 1103 646)
4(1084 1085 1103 1102)
4(629 647 1104 1086)
4(646 1103 1104 647)
4(1085 1086 1104 1103)
4(630 648 1105 1087)
4(647 1104 1105 648)
4(1086 1087 1105 1104)
4(631 649 1106 1088)
4(648 1105 1106 649)
4(1087 1088 1106 1105)
4(632 650 1107 1089)
4(649 1106 1107 650)
4(1088 1089 1107 1106)
4(633 651 1108 1090)
4(650 1107 1108 651)
4(1089 1090 1108 1107)
4(651 1108 1109 652)
4(1090 1091 1109 1108)
4(636 654 1111 1093)
4(653 1110 1111 654)
4(1092 1093 1111 1110)
4(637 655 1112 1094)
4(654 1111 1112 655)
4(1093 1094 1112 1111)
4(638 656 1113 1095)
4(655 1112 1113 656)
4(1094 1095 1113 1112)
4(639 657 1114 1096)
4(656 1113 1114 657)
4(1095 1096 1114 1113)
4(640 658 1115 1097)
4(657 1114 1115 658)
4(1096 1097 1115 1114)
4(641 659 1116 1098)
4(658 1115 1116 659)
4(1097 1098 1116 1115)
4(642 660 1117 1099)
4(659 1116 1117 660)
4(1098 1099 1117 1116)
4(643 661 1118 1100)
4(660 1117 1118 661)
4(1099 1100 1118 1117)
4(644 662 1119 1101)
4(661 1118 1119 662)
4(1100 1101 1119 1118)
4(645 663 1120 1102)
4(662 1119 1120 663)
4(1101 1102 1120 1119)
4(646 664 1121 1103)
4(663 1120 1121 664)
4(1102 1103 1121 1120)
4(647 665 1122 1104)
4(664 1121 1122 665)
4(1103 1104 1122 1121)
4(648 666 1123 1105)
4(665 1122 1123 666)
4(1104 1105 1123 1122)
4(649 667 1124 1106)
4(666 1123 1124 667)
4(1105 1106 1124 1123)
4(650 668 1125 1107)
4(667 1124 1125 668)
4(1106 1107 1125 1124)
4(651 669 1126 1108)
4(668 1125 1126 669)
4(1107 1108 1126 1125)
4(669 1126 1127 670)
4(1108 1109 1127 1126)
4(654 672 1129 1111)
4(671 1128 1129 672)
4(1110 1111 1129 1128)
4(655 673 1130 1112)
4(672 1129 1130 673)
4(1111 1112 1130 1129)
4(656 674 1131 1113)
4(673 1130 1131 674)
4(1112 1113 1131 1130)
4(657 675 1132 1114)
4(674 1131 1132 675)
4(1113 1114 1132 1131)
4(658 676 1133 1115)
4(675 1132 1133 676)
4(1114 1115 1133 1132)
4(659 677 1134 1116)
4(676 1133 1134 677)
4(1115 1116 1134 1133)
4(660 678 1135 1117)
4(677 1134 1135 678)
4(1116 1117 1135 1134)
4(661 679 1136 1118)
4(678 1135 1136 679)
4(1117 1118 1136 1135)
4(662 680 1137 1119)
4(679 1136 1137 680)
4(1118 1119 1137 1136)
4(663 681 1138 1120)
4(680 1137 1138 681)
4(1119 1120 1138 1137)
4(664 682 1139 1121)
4(681 1138 1139 682)
4(1120 1121 1139 1138)
4(665 683 1140 1122)
4(682 1139 1140 683)
4(1121 1122 1140 1139)
4(666 684 1141 1123)
4(683 1140 1141 684)
4(1122 1123 1141 1140)
4(667 685 1142 1124)
4(684 1141 1142 685)
4(1123 1124 1142 1141)
4(668 686 1143 1125)
4(685 1142 1143 686)
4(1124 1125 1143 1142)
4(669 687 1144 1126)
4(686 1143 1144 687)
4(1125 1126 1144 1143)
4(687 1144 1145 688)
4(1126 1127 1145 1144)
4(672 690 1147 1129)
4(689 1146 1147 690)
4(1128 1129 1147 1146)
4(673 691 1148 1130)
4(690 1147 1148 691)
4(1129 1130 1148 1147)
4(674 692 1149 1131)
4(691 1148 1149 692)
4(1130 1131 1149 1148)
4(675 693 1150 1132)
4(692 1149 1150 693)
4(1131 1132 1150 1149)
4(676 694 1151 1133)
4(693 1150 1151 694)
4(1132 1133 1151 1150)
4(677 695 1152 1134)
4(694 1151 1152 695)
4(1133 1134 1152 1151)
4(678 696 1153 1135)
4(695 1152 1153 696)
4(1134 1135 1153 1152)
4(679 697 1154 1136)
4(696 1153 1154 697)
4(1135 1136 1154 1153)
4(680 698 1155 1137)
4(697 1154 1155 698)
4(1136 1137 1155 1154)
4(681 699 1156 1138)
4(698 1155 1156 699)
4(1137 1138 1156 1155)
4(682 700 1157 1139)
4(699 1156 1157 700)
4(1138 1139 1157 1156)
4(683 701 1158 1140)
4(700 1157 1158 701)
4(1139 1140 1158 1157)
4(684 702 1159 1141)
4(701 1158 1159 702)
4(1140 1141 1159 1158)
4(685 703 1160 1142)
4(702 1159 1160 703)
4(1141 1142 1160 1159)
4(686 704 1161 1143)
4(703 1160 1161 704)
4(1142 1143 1161 1160)
4(687 705 1162 1144)
4(704 1161 1162 705)
4(1143 1144 1162 1161)
4(705 1162 1163 706)
4(1144 1145 1163 1162)
4(690 708 1165 1147)
4(707 1164 1165 708)
4(1146 1147 1165 1164)
4(691 709 1166 1148)
4(708 1165 1166 709)
4(1147 1148 1166 1165)
4(692 710 1167 1149)
4(709 1166 1167 710)
4(1148 1149 1167 1166)
4(693 711 1168 1150)
4(710 1167 1168 711)
4(1149 1150 1168 1167)
4(694 712 1169 1151)
4(711 1168 1169 712)
4(1150 1151 1169 1168)
4(695 713 1170 1152)
4(712 1169 1170 713)
4(1151 1152 1170 1169)
4(696 714 1171 1153)
4(713 1170 1171 714)
4(1152 1153 1171 1170)
4(697 715 1172 1154)
4(714 1171 1172 715)
4(1153 1154 1172 1171)
4(698 716 1173 1155)
4(715 1172 1173 716)
4(1154 1155 1173 1172)
4(699 717 1174 1156)
4(716 1173 1174 717)
4(1155 1156 1174 1173)
4(700 718 1175 1157)
4(717 1174 1175 718)
4(1156 1157 1175 1174)
4(701 719 1176 1158)
4(718 1175 1176 719)
4(1157 1158 1176 1175)
4(702 720 1177 1159)
4(719 1176 1177 720)
4(1158 1159 1177 1176)
4(703 721 1178 1160)
4(720 1177 1178 721)
4(1159 1160 1178 1177)
4(704 722 1179 1161)
4(721 1178 1179 722)
4(1160 1161 1179 1178)
4(705 723 1180 1162)
4(722 1179 1180 723)
4(1161 1162 1180 1179)
4(723 1180 1181 724)
4(1162 1163 1181 1180)
4(708 726 1183 1165)
4(725 1182 1183 726)
4(1164 1165 1183 1182)
4(709 727 1184 1166)
4(726 1183 1184 727)
4(1165 1166 1184 1183)
4(710 728 1185 1167)
4(727 1184 1185 728)
4(1166 1167 1185 1184)
4(711 729 1186 1168)
4(728 1185 1186 729)
4(1167 1168 1186 1185)
4(712 730 1187 1169)
4(729 1186 1187 730)
4(1168 1169 1187 1186)
4(713 731 1188 1170)
4(730 1187 1188 731)
4(1169 1170 1188 1187)
4(714 732 1189 1171)
4(731 1188 1189 732)
4(1170 1171 1189 1188)
4(715 733 1190 1172)
4(732 1189 1190 733)
4(1171 1172 1190 1189)
4(716 734 1191 1173)
4(733 1190 1191 734)
4(1172 1173 1191 1190)
4(717 735 1192 1174)
4(734 1191 1192 735)
4(1173 1174 1192 1191)
4(718 736 1193 1175)
4(735 1192 1193 736)
4(1174 1175 1193 1192)
4(719 737 1194 1176)
4(736 1193 1194 737)
4(1175 1176 1194 1193)
4(720 738 1195 1177)
4(737 1194 1195 738)
4(1176 1177 1195 1194)
4(721 739 1196 1178)
4(738 1195 1196 739)
4(1177 1178 1196 1195)
4(722 740 1197 1179)
4(739 1196 1197 740)
4(1178 1179 1197 1196)
4(723 741 1198 1180)
4(740 1197 1198 741)
4(1179 1180 1198 1197)
4(741 1198 1199 742)
4(1180 1181 1199 1198)
4(726 744 1201 1183)
4(743 1200 1201 744)
4(1182 1183 1201 1200)
4(727 745 1202 1184)
4(744 1201 1202 745)
4(1183 1184 1202 1201)
4(728 746 1203 1185)
4(745 1202 1203 746)
4(1184 1185 1203 1202)
4(729 747 1204 1186)
4(746 1203 1204 747)
4(1185 1186 1204 1203)
4(730 748 1205 1187)
4(747 1204 1205 748)
4(1186 1187 1205 1204)
4(731 749 1206 1188)
4(748 1205 1206 749)
4(1187 1188 1206 1205)
4(732 750 1207 1189)
4(749 1206 1207 750)
4(1188 1189 1207 1206)
4(733 751 1208 1190)
4(750 1207 1208 751)
4(1189 1190 1208 1207)
4(734 752 1209 1191)
4(751 1208 1209 752)
4(1190 1191 1209 1208)
4(735 753 1210 1192)
4(752 1209 1210 753)
4(1191 1192 1210 1209)
4(736 754 1211 1193)
4(753 1210 1211 754)
4(1192 1193 1211 1210)
4(737 755 1212 1194)
4(754 1211 1212 755)
4(1193 1194 1212 1211)
4(738 756 1213 1195)
4(755 1212 1213 756)
4(1194 1195 1213 1212)
4(739 757 1214 1196)
4(756 1213 1214 757)
4(1195 1196 1214 1213)
4(740 758 1215 1197)
4(757 1214 1215 758)
4(1196 1197 1215 1214)
4(741 759 1216 1198)
4(758 1215 1216 759)
4(1197 1198 1216 1215)
4(759 1216 1217 760)
4(1198 1199 1217 1216)
4(744 762 1219 1201)
4(761 1218 1219 762)
4(1200 1201 1219 1218)
4(745 763 1220 1202)
4(762 1219 1220 763)
4(1201 1202 1220 1219)
4(746 764 1221 1203)
4(763 1220 1221 764)
4(1202 1203 1221 1220)
4(747 765 1222 1204)
4(764 1221 1222 765)
4(1203 1204 1222 1221)
4(748 766 1223 1205)
4(765 1222 1223 766)
4(1204 1205 1223 1222)
4(749 767 1224 1206)
4(766 1223 1224 767)
4(1205 1206 1224 1223)
4(750 768 1225 1207)
4(767 1224 1225 768)
4(1206 1207 1225 1224)
4(751 769 1226 1208)
4(768 1225 1226 769)
4(1207 1208 1226 1225)
4(752 770 1227 1209)
4(769 1226 1227 770)
4(1208 1209 1227 1226)
4(753 771 1228 1210)
4(770 1227 1228 771)
4(1209 1210 1228 1227)
4(754 772 1229 1211)
4(771 1228 1229 772)
4(1210 1211 1229 1228)
4(755 773 1230 1212)
4(772 1229 1230 773)
4(1211 1212 1230 1229)
4(756 774 1231 1213)
4(773 1230 1231 774)
4(1212 1213 1231 1230)
4(757 775 1232 1214)
4(774 1231 1232 775)
4(1213 1214 1232 1231)
4(758 776 1233 1215)
4(775 1232 1233 776)
4(1214 1215 1233 1232)
4(759 777 1234 1216)
4(776 1233 1234 777)
4(1215 1216 1234 1233)
4(777 1234 1235 778)
4(1216 1217 1235 1234)
4(762 780 1237 1219)
4(779 1236 1237 780)
4(1218 1219 1237 1236)
4(763 781 1238 1220)
4(780 1237 1238 781)
4(1219 1220 1238 1237)
4(764 782 1239 1221)
4(781 1238 1239 782)
4(1220 1221 1239 1238)
4(765 783 1240 1222)
4(782 1239 1240 783)
4(1221 1222 1240 1239)
4(766 784 1241 1223)
4(783 1240 1241 784)
4(1222 1223 1241 1240)
4(767 785 1242 1224)
4(784 1241 1242 785)
4(1223 1224 1242 1241)
4(768 786 1243 1225)
4(785 1242 1243 786)
4(1224 1225 1243 1242)
4(769 787 1244 1226)
4(786 1243 1244 787)
4(1225 1226 1244 1243)
4(770 788 1245 1227)
4(787 1244 1245 788)
4(1226 1227 1245 1244)
4(771 789 1246 1228)
4(788 1245 1246 789)
4(1227 1228 1246 1245)
4(772 790 1247 1229)
4(789 1246 1247 790)
4(1228 1229 1247 1246)
4(773 791 1248 1230)
4(790 1247 1248 791)
4(1229 1230 1248 1247)
4(774 792 1249 1231)
4(791 1248 1249 792)
4(1230 1231 1249 1248)
4(775 793 1250 1232)
4(792 1249 1250 793)
4(1231 1232 1250 1249)
4(776 794 1251 1233)
4(793 1250 1251 794)
4(1232 1233 1251 1250)
4(777 795 1252 1234)
4(794 1251 1252 795)
4(1233 1234 1252 1251)
4(795 1252 1253 796)
4(1234 1235 1253 1252)
4(780 798 1255 1237)
4(797 1254 1255 798)
4(1236 1237 1255 1254)
4(781 799 1256 1238)
4(798 1255 1256 799)
4(1237 1238 1256 1255)
4(782 800 1257 1239)
4(799 1256 1257 800)
4(1238 1239 1257 1256)
4(783 801 1258 1240)
4(800 1257 1258 801)
4(1239 1240 1258 1257)
4(784 802 1259 1241)
4(801 1258 1259 802)
4(1240 1241 1259 1258)
4(785 803 1260 1242)
4(802 1259 1260 803)
4(1241 1242 1260 1259)
4(786 804 1261 1243)
4(803 1260 1261 804)
4(1242 1243 1261 1260)
4(787 805 1262 1244)
4(804 1261 1262 805)
4(1243 1244 1262 1261)
4(788 806 1263 1245)
4(805 1262 1263 806)
4(1244 1245 1263 1262)
4(789 807 1264 1246)
4(806 1263 1264 807)
4(1245 1246 1264 1263)
4(790 808 1265 1247)
4(807 1264 1265 808)
4(1246 1247 1265 1264)
4(791 809 1266 1248)
4(808 1265 1266 809)
4(1247 1248 1266 1265)
4(792 810 1267 1249)
4(809 1266 1267 810)
4(1248 1249 1267 1266)
4(793 811 1268 1250)
4(810 1267 1268 811)
4(1249 1250 1268 1267)
4(794 812 1269 1251)
4(811 1268 1269 812)
4(1250 1251 1269 1268)
4(795 813 1270 1252)
4(812 1269 1270 813)
4(1251 1252 1270 1269)
4(813 1270 1271 814)
4(1252 1253 1271 1270)
4(798 816 1273 1255)
4(815 1272 1273 816)
4(1254 1255 1273 1272)
4(799 817 1274 1256)
4(816 1273 1274 817)
4(1255 1256 1274 1273)
4(800 818 1275 1257)
4(817 1274 1275 818)
4(1256 1257 1275 1274)
4(801 819 1276 1258)
4(818 1275 1276 819)
4(1257 1258 1276 1275)
4(802 820 1277 1259)
4(819 1276 1277 820)
4(1258 1259 1277 1276)
4(803 821 1278 1260)
4(820 1277 1278 821)
4(1259 1260 1278 1277)
4(804 822 1279 1261)
4(821 1278 1279 822)
4(1260 1261 1279 1278)
4(805 823 1280 1262)
4(822 1279 1280 823)
4(1261 1262 1280 1279)
4(806 824 1281 1263)
4(823 1280 1281 824)
4(1262 1263 1281 1280)
4(807 825 1282 1264)
4(824 1281 1282 825)
4(1263 1264 1282 1281)
4(808 826 1283 1265)
4(825 1282 1283 826)
4(1264 1265 1283 1282)
4(809 827 1284 1266)
4(826 1283 1284 827)
4(1265 1266 1284 1283)
4(810 828 1285 1267)
4(827 1284 1285 828)
4(1266 1267 1285 1284)
4(811 829 1286 1268)
4(828 1285 1286 829)
4(1267 1268 1286 1285)
4(812 830 1287 1269)
4(829 1286 1287 830)
4(1268 1269 1287 1286)
4(813 831 1288 1270)
4(830 1287 1288 831)
4(1269 1270 1288 1287)
4(831 1288 1289 832)
4(1270 1271 1289 1288)
4(816 834 1291 1273)
4(833 1290 1291 834)
4(1272 1273 1291 1290)
4(817 835 1292 1274)
4(834 1291 1292 835)
4(1273 1274 1292 1291)
4(818 836 1293 1275)
4(835 1292 1293 836)
4(1274 1275 1293 1292)
4(819 837 1294 1276)
4(836 1293 1294 837)
4(1275 1276 1294 1293)
4(820 838 1295 1277)
4(837 1294 1295 838)
4(1276 1277 1295 1294)
4(821 839 1296 1278)
4(838 1295 1296 839)
4(1277 1278 1296 1295)
4(822 840 1297 1279)
4(839 1296 1297 840)
4(1278 1279 1297 1296)
4(823 841 1298 1280)
4(840 1297 1298 841)
4(1279 1280 1298 1297)
4(824 842 1299 1281)
4(841 1298 1299 842)
4(1280 1281 1299 1298)
4(825 843 1300 1282)
4(842 1299 1300 843)
4(1281 1282 1300 1299)
4(826 844 1301 1283)
4(843 1300 1301 844)
4(1282 1283 1301 1300)
4(827 845 1302 1284)
4(844 1301 1302 845)
4(1283 1284 1302 1301)
4(828 846 1303 1285)
4(845 1302 1303 846)
4(1284 1285 1303 1302)
4(829 847 1304 1286)
4(846 1303 1304 847)
4(1285 1286 1304 1303)
4(830 848 1305 1287)
4(847 1304 1305 848)
4(1286 1287 1305 1304)
4(831 849 1306 1288)
4(848 1305 1306 849)
4(1287 1288 1306 1305)
4(849 1306 1307 850)
4(1288 1289 1307 1306)
4(834 852 1309 1291)
4(851 1308 1309 852)
4(1290 1291 1309 1308)
4(835 853 1310 1292)
4(852 1309 1310 853)
4(1291 1292 1310 1309)
4(836 854 1311 1293)
4(853 1310 1311 854)
4(1292 1293 1311 1310)
4(837 855 1312 1294)
4(854 1311 1312 855)
4(1293 1294 1312 1311)
4(838 856 1313 1295)
4(855 1312 1313 856)
4(1294 1295 1313 1312)
4(839 857 1314 1296)
4(856 1313 1314 857)
4(1295 1296 1314 1313)
4(840 858 1315 1297)
4(857 1314 1315 858)
4(1296 1297 1315 1314)
4(841 859 1316 1298)
4(858 1315 1316 859)
4(1297 1298 1316 1315)
4(842 860 1317 1299)
4(859 1316 1317 860)
4(1298 1299 1317 1316)
4(843 861 1318 1300)
4(860 1317 1318 861)
4(1299 1300 1318 1317)
4(844 862 1319 1301)
4(861 1318 1319 862)
4(1300 1301 1319 1318)
4(845 863 1320 1302)
4(862 1319 1320 863)
4(1301 1302 1320 1319)
4(846 864 1321 1303)
4(863 1320 1321 864)
4(1302 1303 1321 1320)
4(847 865 1322 1304)
4(864 1321 1322 865)
4(1303 1304 1322 1321)
4(848 866 1323 1305)
4(865 1322 1323 866)
4(1304 1305 1323 1322)
4(849 867 1324 1306)
4(866 1323 1324 867)
4(1305 1306 1324 1323)
4(867 1324 1325 868)
4(1306 1307 1325 1324)
4(852 870 1327 1309)
4(869 1326 1327 870)
4(1308 1309 1327 1326)
4(853 871 1328 1310)
4(870 1327 1328 871)
4(1309 1310 1328 1327)
4(854 872 1329 1311)
4(871 1328 1329 872)
4(1310 1311 1329 1328)
4(855 873 1330 1312)
4(872 1329 1330 873)
4(1311 1312 1330 1329)
4(856 874 1331 1313)
4(873 1330 1331 874)
4(1312 1313 1331 1330)
4(857 875 1332 1314)
4(874 1331 1332 875)
4(1313 1314 1332 1331)
4(858 876 1333 1315)
4(875 1332 1333 876)
4(1314 1315 1333 1332)
4(859 877 1334 1316)
4(876 1333 1334 877)
4(1315 1316 1334 1333)
4(860 878 1335 1317)
4(877 1334 1335 878)
4(1316 1317 1335 1334)
4(861 879 1336 1318)
4(878 1335 1336 879)
4(1317 1318 1336 1335)
4(862 880 1337 1319)
4(879 1336 1337 880)
4(1318 1319 1337 1336)
4(863 881 1338 1320)
4(880 1337 1338 881)
4(1319 1320 1338 1337)
4(864 882 1339 1321)
4(881 1338 1339 882)
4(1320 1321 1339 1338)
4(865 883 1340 1322)
4(882 1339 1340 883)
4(1321 1322 1340 1339)
4(866 884 1341 1323)
4(883 1340 1341 884)
4(1322 1323 1341 1340)
4(867 885 1342 1324)
4(884 1341 1342 885)
4(1323 1324 1342 1341)
4(885 1342 1343 886)
4(1324 1325 1343 1342)
4(870 888 1345 1327)
4(887 1344 1345 888)
4(1326 1327 1345 1344)
4(871 889 1346 1328)
4(888 1345 1346 889)
4(1327 1328 1346 1345)
4(872 890 1347 1329)
4(889 1346 1347 890)
4(1328 1329 1347 1346)
4(873 891 1348 1330)
4(890 1347 1348 891)
4(1329 1330 1348 1347)
4(874 892 1349 1331)
4(891 1348 1349 892)
4(1330 1331 1349 1348)
4(875 893 1350 1332)
4(892 1349 1350 893)
4(1331 1332 1350 1349)
4(876 894 1351 1333)
4(1332 1333 1351 1350)
4(877 895 1352 1334)
4(1333 1334 1352 1351)
4(878 896 1353 1335)
4(1334 1335 1353 1352)
4(879 897 1354 1336)
4(1335 1336 1354 1353)
4(880 898 1355 1337)
4(1336 1337 1355 1354)
4(881 899 1356 1338)
4(1337 1338 1356 1355)
4(882 900 1357 1339)
4(1338 1339 1357 1356)
4(883 901 1358 1340)
4(1339 1340 1358 1357)
4(884 902 1359 1341)
4(1340 1341 1359 1358)
4(885 903 1360 1342)
4(1341 1342 1360 1359)
4(1342 1343 1361 1360)
4(888 906 1363 1345)
4(1344 1345 1363 1362)
4(889 907 1364 1346)
4(1345 1346 1364 1363)
4(890 908 1365 1347)
4(1346 1347 1365 1364)
4(891 909 1366 1348)
4(1347 1348 1366 1365)
4(892 910 1367 1349)
4(1348 1349 1367 1366)
4(1349 1350 1368 1367)
4(913 931 1391 1373)
4(930 1390 1391 931)
4(1372 1373 1391 1390)
4(914 932 1392 1374)
4(931 1391 1392 932)
4(1373 1374 1392 1391)
4(915 933 1393 1375)
4(932 1392 1393 933)
4(1374 1375 1393 1392)
4(916 934 1394 1376)
4(933 1393 1394 934)
4(1375 1376 1394 1393)
4(917 935 1395 1377)
4(934 1394 1395 935)
4(1376 1377 1395 1394)
4(918 936 1396 1378)
4(935 1395 1396 936)
4(1377 1378 1396 1395)
4(919 937 1397 1379)
4(936 1396 1397 937)
4(1378 1379 1397 1396)
4(920 938 1398 1380)
4(937 1397 1398 938)
4(1379 1380 1398 1397)
4(921 939 1399 1381)
4(938 1398 1399 939)
4(1380 1381 1399 1398)
4(922 940 1400 1382)
4(939 1399 1400 940)
4(1381 1382 1400 1399)
4(923 941 1401 1383)
4(940 1400 1401 941)
4(1382 1383 1401 1400)
4(924 942 1402 1384)
4(941 1401 1402 942)
4(1383 1384 1402 1401)
4(925 943 1403 1385)
4(942 1402 1403 943)
4(1384 1385 1403 1402)
4(926 944 1404 1386)
4(943 1403 1404 944)
4(1385 1386 1404 1403)
4(927 945 1405 1387)
4(944 1404 1405 945)
4(1386 1387 1405 1404)
4(928 946 1406 1388)
4(945 1405 1406 946)
4(1387 1388 1406 1405)
4(946 1406 1407 947)
4(1388 1389 1407 1406)
4(931 949 1409 1391)
4(948 1408 1409 949)
4(1390 1391 1409 1408)
4(932 950 1410 1392)
4(949 1409 1410 950)
4(1391 1392 1410 1409)
4(933 951 1411 1393)
4(950 1410 1411 951)
4(1392 1393 1411 1410)
4(934 952 1412 1394)
4(951 1411 1412 952)
4(1393 1394 1412 1411)
4(935 953 1413 1395)
4(952 1412 1413 953)
4(1394 1395 1413 1412)
4(936 954 1414 1396)
4(953 1413 1414 954)
4(1395 1396 1414 1413)
4(937 955 1415 1397)
4(954 1414 1415 955)
4(1396 1397 1415 1414)
4(938 956 1416 1398)
4(955 1415 1416 956)
4(1397 1398 1416 1415)
4(939 957 1417 1399)
4(956 1416 1417 957)
4(1398 1399 1417 1416)
4(940 958 1418 1400)
4(957 1417 1418 958)
4(1399 1400 1418 1417)
4(941 959 1419 1401)
4(958 1418 1419 959)
4(1400 1401 1419 1418)
4(942 960 1420 1402)
4(959 1419 1420 960)
4(1401 1402 1420 1419)
4(943 961 1421 1403)
4(960 1420 1421 961)
4(1402 1403 1421 1420)
4(944 962 1422 1404)
4(961 1421 1422 962)
4(1403 1404 1422 1421)
4(945 963 1423 1405)
4(962 1422 1423 963)
4(1404 1405 1423 1422)
4(946 964 1424 1406)
4(963 1423 1424 964)
4(1405 1406 1424 1423)
4(964 1424 1425 965)
4(1406 1407 1425 1424)
4(949 967 1427 1409)
4(966 1426 1427 967)
4(1408 1409 1427 1426)
4(950 968 1428 1410)
4(967 1427 1428 968)
4(1409 1410 1428 1427)
4(951 969 1429 1411)
4(968 1428 1429 969)
4(1410 1411 1429 1428)
4(952 970 1430 1412)
4(969 1429 1430 970)
4(1411 1412 1430 1429)
4(953 971 1431 1413)
4(970 1430 1431 971)
4(1412 1413 1431 1430)
4(954 972 1432 1414)
4(971 1431 1432 972)
4(1413 1414 1432 1431)
4(955 973 1433 1415)
4(972 1432 1433 973)
4(1414 1415 1433 1432)
4(956 974 1434 1416)
4(973 1433 1434 974)
4(1415 1416 1434 1433)
4(957 975 1435 1417)
4(974 1434 1435 975)
4(1416 1417 1435 1434)
4(958 976 1436 1418)
4(975 1435 1436 976)
4(1417 1418 1436 1435)
4(959 977 1437 1419)
4(976 1436 1437 977)
4(1418 1419 1437 1436)
4(960 978 1438 1420)
4(977 1437 1438 978)
4(1419 1420 1438 1437)
4(961 979 1439 1421)
4(978 1438 1439 979)
4(1420 1421 1439 1438)
4(962 980 1440 1422)
4(979 1439 1440 980)
4(1421 1422 1440 1439)
4(963 981 1441 1423)
4(980 1440 1441 981)
4(1422 1423 1441 1440)
4(964 982 1442 1424)
4(981 1441 1442 982)
4(1423 1424 1442 1441)
4(982 1442 1443 983)
4(1424 1425 1443 1442)
4(967 985 1445 1427)
4(984 1444 1445 985)
4(1426 1427 1445 1444)
4(968 986 1446 1428)
4(985 1445 1446 986)
4(1427 1428 1446 1445)
4(969 987 1447 1429)
4(986 1446 1447 987)
4(1428 1429 1447 1446)
4(970 988 1448 1430)
4(987 1447 1448 988)
4(1429 1430 1448 1447)
4(971 989 1449 1431)
4(988 1448 1449 989)
4(1430 1431 1449 1448)
4(972 990 1450 1432)
4(989 1449 1450 990)
4(1431 1432 1450 1449)
4(973 991 1451 1433)
4(990 1450 1451 991)
4(1432 1433 1451 1450)
4(974 992 1452 1434)
4(991 1451 1452 992)
4(1433 1434 1452 1451)
4(975 993 1453 1435)
4(992 1452 1453 993)
4(1434 1435 1453 1452)
4(976 994 1454 1436)
4(993 1453 1454 994)
4(1435 1436 1454 1453)
4(977 995 1455 1437)
4(994 1454 1455 995)
4(1436 1437 1455 1454)
4(978 996 1456 1438)
4(995 1455 1456 996)
4(1437 1438 1456 1455)
4(979 997 1457 1439)
4(996 1456 1457 997)
4(1438 1439 1457 1456)
4(980 998 1458 1440)
4(997 1457 1458 998)
4(1439 1440 1458 1457)
4(981 999 1459 1441)
4(998 1458 1459 999)
4(1440 1441 1459 1458)
4(982 1000 1460 1442)
4(999 1459 1460 1000)
4(1441 1442 1460 1459)
4(1000 1460 1461 1001)
4(1442 1443 1461 1460)
4(985 1003 1463 1445)
4(1002 1462 1463 1003)
4(1444 1445 1463 1462)
4(986 1004 1464 1446)
4(1003 1463 1464 1004)
4(1445 1446 1464 1463)
4(987 1005 1465 1447)
4(1004 1464 1465 1005)
4(1446 1447 1465 1464)
4(988 1006 1466 1448)
4(1005 1465 1466 1006)
4(1447 1448 1466 1465)
4(989 1007 1467 1449)
4(1006 1466 1467 1007)
4(1448 1449 1467 1466)
4(990 1008 1468 1450)
4(1007 1467 1468 1008)
4(1449 1450 1468 1467)
4(991 1009 1469 1451)
4(1008 1468 1469 1009)
4(1450 1451 1469 1468)
4(992 1010 1470 1452)
4(1009 1469 1470 1010)
4(1451 1452 1470 1469)
4(993 1011 1471 1453)
4(1010 1470 1471 1011)
4(1452 1453 1471 1470)
4(994 1012 1472 1454)
4(1011 1471 1472 1012)
4(1453 1454 1472 1471)
4(995 1013 1473 1455)
4(1012 1472 1473 1013)
4(1454 1455 1473 1472)
4(996 1014 1474 1456)
4(1013 1473 1474 1014)
4(1455 1456 1474 1473)
4(997 1015 1475 1457)
4(1014 1474 1475 1015)
4(1456 1457 1475 1474)
4(998 1016 1476 1458)
4(1015 1475 1476 1016)
4(1457 1458 1476 1475)
4(999 1017 1477 1459)
4(1016 1476 1477 1017)
4(1458 1459 1477 1476)
4(1000 1018 1478 1460)
4(1017 1477 1478 1018)
4(1459 1460 1478 1477)
4(1018 1478 1479 1019)
4(1460 1461 1479 1478)
4(1003 1021 1481 1463)
4(1020 1480 1481 1021)
4(1462 1463 1481 1480)
4(1004 1022 1482 1464)
4(1021 1481 1482 1022)
4(1463 1464 1482 1481)
4(1005 1023 1483 1465)
4(1022 1482 1483 1023)
4(1464 1465 1483 1482)
4(1006 1024 1484 1466)
4(1023 1483 1484 1024)
4(1465 1466 1484 1483)
4(1007 1025 1485 1467)
4(1024 1484 1485 1025)
4(1466 1467 1485 1484)
4(1008 1026 1486 1468)
4(1025 1485 1486 1026)
4(1467 1468 1486 1485)
4(1009 1027 1487 1469)
4(1026 1486 1487 1027)
4(1468 1469 1487 1486)
4(1010 1028 1488 1470)
4(1027 1487 1488 1028)
4(1469 1470 1488 1487)
4(1011 1029 1489 1471)
4(1028 1488 1489 1029)
4(1470 1471 1489 1488)
4(1012 1030 1490 1472)
4(1029 1489 1490 1030)
4(1471 1472 1490 1489)
4(1013 1031 1491 1473)
4(1030 1490 1491 1031)
4(1472 1473 1491 1490)
4(1014 1032 1492 1474)
4(1031 1491 1492 1032)
4(1473 1474 1492 1491)
4(1015 1033 1493 1475)
4(1032 1492 1493 1033)
4(1474 1475 1493 1492)
4(1016 1034 1494 1476)
4(1033 1493 1494 1034)
4(1475 1476 1494 1493)
4(1017 1035 1495 1477)
4(1034 1494 1495 1035)
4(1476 1477 1495 1494)
4(1018 1036 1496 1478)
4(1035 1495 1496 1036)
4(1477 1478 1496 1495)
4(1036 1496 1497 1037)
4(1478 1479 1497 1496)
4(1021 1039 1499 1481)
4(1038 1498 1499 1039)
4(1480 1481 1499 1498)
4(1022 1040 1500 1482)
4(1039 1499 1500 1040)
4(1481 1482 1500 1499)
4(1023 1041 1501 1483)
4(1040 1500 1501 1041)
4(1482 1483 1501 1500)
4(1024 1042 1502 1484)
4(1041 1501 1502 1042)
4(1483 1484 1502 1501)
4(1025 1043 1503 1485)
4(1042 1502 1503 1043)
4(1484 1485 1503 1502)
4(1026 1044 1504 1486)
4(1043 1503 1504 1044)
4(1485 1486 1504 1503)
4(1027 1045 1505 1487)
4(1044 1504 1505 1045)
4(1486 1487 1505 1504)
4(1028 1046 1506 1488)
4(1045 1505 1506 1046)
4(1487 1488 1506 1505)
4(1029 1047 1507 1489)
4(1046 1506 1507 1047)
4(1488 1489 1507 1506)
4(1030 1048 1508 1490)
4(1047 1507 1508 1048)
4(1489 1490 1508 1507)
4(1031 1049 1509 1491)
4(1048 1508 1509 1049)
4(1490 1491 1509 1508)
4(1032 1050 1510 1492)
4(1049 1509 1510 1050)
4(1491 1492 1510 1509)
4(1033 1051 1511 1493)
4(1050 1510 1511 1051)
4(1492 1493 1511 1510)
4(1034 1052 1512 1494)
4(1051 1511 1512 1052)
4(1493 1494 1512 1511)
4(1035 1053 1513 1495)
4(1052 1512 1513 1053)
4(1494 1495 1513 1512)
4(1036 1054 1514 1496)
4(1053 1513 1514 1054)
4(1495 1496 1514 1513)
4(1054 1514 1515 1055)
4(1496 1497 1515 1514)
4(1039 1057 1517 1499)
4(1056 1516 1517 1057)
4(1498 1499 1517 1516)
4(1040 1058 1518 1500)
4(1057 1517 1518 1058)
4(1499 1500 1518 1517)
4(1041 1059 1519 1501)
4(1058 1518 1519 1059)
4(1500 1501 1519 1518)
4(1042 1060 1520 1502)
4(1059 1519 1520 1060)
4(1501 1502 1520 1519)
4(1043 1061 1521 1503)
4(1060 1520 1521 1061)
4(1502 1503 1521 1520)
4(1044 1062 1522 1504)
4(1061 1521 1522 1062)
4(1503 1504 1522 1521)
4(1045 1063 1523 1505)
4(1062 1522 1523 1063)
4(1504 1505 1523 1522)
4(1046 1064 1524 1506)
4(1063 1523 1524 1064)
4(1505 1506 1524 1523)
4(1047 1065 1525 1507)
4(1064 1524 1525 1065)
4(1506 1507 1525 1524)
4(1048 1066 1526 1508)
4(1065 1525 1526 1066)
4(1507 1508 1526 1525)
4(1049 1067 1527 1509)
4(1066 1526 1527 1067)
4(1508 1509 1527 1526)
4(1050 1068 1528 1510)
4(1067 1527 1528 1068)
4(1509 1510 1528 1527)
4(1051 1069 1529 1511)
4(1068 1528 1529 1069)
4(1510 1511 1529 1528)
4(1052 1070 1530 1512)
4(1069 1529 1530 1070)
4(1511 1512 1530 1529)
4(1053 1071 1531 1513)
4(1070 1530 1531 1071)
4(1512 1513 1531 1530)
4(1054 1072 1532 1514)
4(1071 1531 1532 1072)
4(1513 1514 1532 1531)
4(1072 1532 1533 1073)
4(1514 1515 1533 1532)
4(1057 1075 1535 1517)
4(1074 1534 1535 1075)
4(1516 1517 1535 1534)
4(1058 1076 1536 1518)
4(1075 1535 1536 1076)
4(1517 1518 1536 1535)
4(1059 1077 1537 1519)
4(1076 1536 1537 1077)
4(1518 1519 1537 1536)
4(1060 1078 1538 1520)
4(1077 1537 1538 1078)
4(1519 1520 1538 1537)
4(1061 1079 1539 1521)
4(1078 1538 1539 1079)
4(1520 1521 1539 1538)
4(1062 1080 1540 1522)
4(1079 1539 1540 1080)
4(1521 1522 1540 1539)
4(1063 1081 1541 1523)
4(1080 1540 1541 1081)
4(1522 1523 1541 1540)
4(1064 1082 1542 1524)
4(1081 1541 1542 1082)
4(1523 1524 1542 1541)
4(1065 1083 1543 1525)
4(1082 1542 1543 1083)
4(1524 1525 1543 1542)
4(1066 1084 1544 1526)
4(1083 1543 1544 1084)
4(1525 1526 1544 1543)
4(1067 1085 1545 1527)
4(1084 1544 1545 1085)
4(1526 1527 1545 1544)
4(1068 1086 1546 1528)
4(1085 1545 1546 1086)
4(1527 1528 1546 1545)
4(1069 1087 1547 1529)
4(1086 1546 1547 1087)
4(1528 1529 1547 1546)
4(1070 1088 1548 1530)
4(1087 1547 1548 1088)
4(1529 1530 1548 1547)
4(1071 1089 1549 1531)
4(1088 1548 1549 1089)
4(1530 1531 1549 1548)
4(1072 1090 1550 1532)
4(1089 1549 1550 1090)
4(1531 1532 1550 1549)
4(1090 1550 1551 1091)
4(1532 1533 1551 1550)
4(1075 1093 1553 1535)
4(1092 1552 1553 1093)
4(1534 1535 1553 1552)
4(1076 1094 1554 1536)
4(1093 1553 1554 1094)
4(1535 1536 1554 1553)
4(1077 1095 1555 1537)
4(1094 1554 1555 1095)
4(1536 1537 1555 1554)
4(1078 1096 1556 1538)
4(1095 1555 1556 1096)
4(1537 1538 1556 1555)
4(1079 1097 1557 1539)
4(1096 1556 1557 1097)
4(1538 1539 1557 1556)
4(1080 1098 1558 1540)
4(1097 1557 1558 1098)
4(1539 1540 1558 1557)
4(1081 1099 1559 1541)
4(1098 1558 1559 1099)
4(1540 1541 1559 1558)
4(1082 1100 1560 1542)
4(1099 1559 1560 1100)
4(1541 1542 1560 1559)
4(1083 1101 1561 1543)
4(1100 1560 1561 1101)
4(1542 1543 1561 1560)
4(1084 1102 1562 1544)
4(1101 1561 1562 1102)
4(1543 1544 1562 1561)
4(1085 1103 1563 1545)
4(1102 1562 1563 1103)
4(1544 1545 1563 1562)
4(1086 1104 1564 1546)
4(1103 1563 1564 1104)
4(1545 1546 1564 1563)
4(1087 1105 1565 1547)
4(1104 1564 1565 1105)
4(1546 1547 1565 1564)
4(1088 1106 1566 1548)
4(1105 1565 1566 1106)
4(1547 1548 1566 1565)
4(1089 1107 1567 1549)
4(1106 1566 1567 1107)
4(1548 1549 1567 1566)
4(1090 1108 1568 1550)
4(1107 1567 1568 1108)
4(1549 1550 1568 1567)
4(1108 1568 1569 1109)
4(1550 1551 1569 1568)
4(1093 1111 1571 1553)
4(1110 1570 1571 1111)
4(1552 1553 1571 1570)
4(1094 1112 1572 1554)
4(1111 1571 1572 1112)
4(1553 1554 1572 1571)
4(1095 1113 1573 1555)
4(1112 1572 1573 1113)
4(1554 1555 1573 1572)
4(1096 1114 1574 1556)
4(1113 1573 1574 1114)
4(1555 1556 1574 1573)
4(1097 1115 1575 1557)
4(1114 1574 1575 1115)
4(1556 1557 1575 1574)
4(1098 1116 1576 1558)
4(1115 1575 1576 1116)
4(1557 1558 1576 1575)
4(1099 1117 1577 1559)
4(1116 1576 1577 1117)
4(1558 1559 1577 1576)
4(1100 1118 1578 1560)
4(1117 1577 1578 1118)
4(1559 1560 1578 1577)
4(1101 1119 1579 1561)
4(1118 1578 1579 1119)
4(1560 1561 1579 1578)
4(1102 1120 1580 1562)
4(1119 1579 1580 1120)
4(1561 1562 1580 1579)
4(1103 1121 1581 1563)
4(1120 1580 1581 1121)
4(1562 1563 1581 1580)
4(1104 1122 1582 1564)
4(1121 1581 1582 1122)
4(1563 1564 1582 1581)
4(1105 1123 1583 1565)
4(1122 1582 1583 1123)
4(1564 1565 1583 1582)
4(1106 1124 1584 1566)
4(1123 1583 1584 1124)
4(1565 1566 1584 1583)
4(1107 1125 1585 1567)
4(1124 1584 1585 1125)
4(1566 1567 1585 1584)
4(1108 1126 1586 1568)
4(1125 1585 1586 1126)
4(1567 1568 1586 1585)
4(1126 1586 1587 1127)
4(1568 1569 1587 1586)
4(1111 1129 1589 1571)
4(1128 1588 1589 1129)
4(1570 1571 1589 1588)
4(1112 1130 1590 1572)
4(1129 1589 1590 1130)
4(1571 1572 1590 1589)
4(1113 1131 1591 1573)
4(1130 1590 1591 1131)
4(1572 1573 1591 1590)
4(1114 1132 1592 1574)
4(1131 1591 1592 1132)
4(1573 1574 1592 1591)
4(1115 1133 1593 1575)
4(1132 1592 1593 1133)
4(1574 1575 1593 1592)
4(1116 1134 1594 1576)
4(1133 1593 1594 1134)
4(1575 1576 1594 1593)
4(1117 1135 1595 1577)
4(1134 1594 1595 1135)
4(1576 1577 1595 1594)
4(1118 1136 1596 1578)
4(1135 1595 1596 1136)
4(1577 1578 1596 1595)
4(1119 1137 1597 1579)
4(1136 1596 1597 1137)
4(1578 1579 1597 1596)
4(1120 1138 1598 1580)
4(1137 1597 1598 1138)
4(1579 1580 1598 1597)
4(1121 1139 1599 1581)
4(1138 1598 1599 1139)
4(1580 1581 1599 1598)
4(1122 1140 1600 1582)
4(1139 1599 1600 1140)
4(1581 1582 1600 1599)
4(1123 1141 1601 1583)
4(1140 1600 1601 1141)
4(1582 1583 1601 1600)
4(1124 1142 1602 1584)
4(1141 1601 1602 1142)
4(1583 1584 1602 1601)
4(1125 1143 1603 1585)
4(1142 1602 1603 1143)
4(1584 1585 1603 1602)
4(1126 1144 1604 1586)
4(1143 1603 1604 1144)
4(1585 1586 1604 1603)
4(1144 1604 1605 1145)
4(1586 1587 1605 1604)
4(1129 1147 1607 1589)
4(1146 1606 1607 1147)
4(1588 1589 1607 1606)
4(1130 1148 1608 1590)
4(1147 1607 1608 1148)
4(1589 1590 1608 1607)
4(1131 1149 1609 1591)
4(1148 1608 1609 1149)
4(1590 1591 1609 1608)
4(1132 1150 1610 1592)
4(1149 1609 1610 1150)
4(1591 1592 1610 1609)
4(1133 1151 1611 1593)
4(1150 1610 1611 1151)
4(1592 1593 1611 1610)
4(1134 1152 1612 1594)
4(1151 1611 1612 1152)
4(1593 1594 1612 1611)
4(1135 1153 1613 1595)
4(1152 1612 1613 1153)
4(1594 1595 1613 1612)
4(1136 1154 1614 1596)
4(1153 1613 1614 1154)
4(1595 1596 1614 1613)
4(1137 1155 1615 1597)
4(1154 1614 1615 1155)
4(1596 1597 1615 1614)
4(1138 1156 1616 1598)
4(1155 1615 1616 1156)
4(1597 1598 1616 1615)
4(1139 1157 1617 1599)
4(1156 1616 1617 1157)
4(1598 1599 1617 1616)
4(1140 1158 1618 1600)
4(1157 1617 1618 1158)
4(1599 1600 1618 1617)
4(1141 1159 1619 1601)
4(1158 1618 1619 1159)
4(1600 1601 1619 1618)
4(1142 1160 1620 1602)
4(1159 1619 1620 1160)
4(1601 1602 1620 1619)
4(1143 1161 1621 1603)
4(1160 1620 1621 1161)
4(1602 1603 1621 1620)
4(1144 1162 1622 1604)
4(1161 1621 1622 1162)
4(1603 1604 1622 1621)
4(1162 1622 1623 1163)
4(1604 1605 1623 1622)
4(1147 1165 1625 1607)
4(1164 1624 1625 1165)
4(1606 1607 1625 1624)
4(1148 1166 1626 1608)
4(1165 1625 1626 1166)
4(1607 1608 1626 1625)
4(1149 1167 1627 1609)
4(1166 1626 1627 1167)
4(1608 1609 1627 1626)
4(1150 1168 1628 1610)
4(1167 1627 1628 1168)
4(1609 1610 1628 1627)
4(1151 1169 1629 1611)
4(1168 1628 1629 1169)
4(1610 1611 1629 1628)
4(1152 1170 1630 1612)
4(1169 1629 1630 1170)
4(1611 1612 1630 1629)
4(1153 1171 1631 1613)
4(1170 1630 1631 1171)
4(1612 1613 1631 1630)
4(1154 1172 1632 1614)
4(1171 1631 1632 1172)
4(1613 1614 1632 1631)
4(1155 1173 1633 1615)
4(1172 1632 1633 1173)
4(1614 1615 1633 1632)
4(1156 1174 1634 1616)
4(1173 1633 1634 1174)
4(1615 1616 1634 1633)
4(1157 1175 1635 1617)
4(1174 1634 1635 1175)
4(1616 1617 1635 1634)
4(1158 1176 1636 1618)
4(1175 1635 1636 1176)
4(1617 1618 1636 1635)
4(1159 1177 1637 1619)
4(1176 1636 1637 1177)
4(1618 1619 1637 1636)
4(1160 1178 1638 1620)
4(1177 1637 1638 1178)
4(1619 1620 1638 1637)
4(1161 1179 1639 1621)
4(1178 1638 1639 1179)
4(1620 1621 1639 1638)
4(1162 1180 1640 1622)
4(1179 1639 1640 1180)
4(1621 1622 1640 1639)
4(1180 1640 1641 1181)
4(1622 1623 1641 1640)
4(1165 1183 1643 1625)
4(1182 1642 1643 1183)
4(1624 1625 1643 1642)
4(1166 1184 1644 1626)
4(1183 1643 1644 1184)
4(1625 1626 1644 1643)
4(1167 1185 1645 1627)
4(1184 1644 1645 1185)
4(1626 1627 1645 1644)
4(1168 1186 1646 1628)
4(1185 1645 1646 1186)
4(1627 1628 1646 1645)
4(1169 1187 1647 1629)
4(1186 1646 1647 1187)
4(1628 1629 1647 1646)
4(1170 1188 1648 1630)
4(1187 1647 1648 1188)
4(1629 1630 1648 1647)
4(1171 1189 1649 1631)
4(1188 1648 1649 1189)
4(1630 1631 1649 1648)
4(1172 1190 1650 1632)
4(1189 1649 1650 1190)
4(1631 1632 1650 1649)
4(1173 1191 1651 1633)
4(1190 1650 1651 1191)
4(1632 1633 1651 1650)
4(1174 1192 1652 1634)
4(1191 1651 1652 1192)
4(1633 1634 1652 1651)
4(1175 1193 1653 1635)
4(1192 1652 1653 1193)
4(1634 1635 1653 1652)
4(1176 1194 1654 1636)
4(1193 1653 1654 1194)
4(1635 1636 1654 1653)
4(1177 1195 1655 1637)
4(1194 1654 1655 1195)
4(1636 1637 1655 1654)
4(1178 1196 1656 1638)
4(1195 1655 1656 1196)
4(1637 1638 1656 1655)
4(1179 1197 1657 1639)
4(1196 1656 1657 1197)
4(1638 1639 1657 1656)
4(1180 1198 1658 1640)
4(1197 1657 1658 1198)
4(1639 1640 1658 1657)
4(1198 1658 1659 1199)
4(1640 1641 1659 1658)
4(1183 1201 1661 1643)
4(1200 1660 1661 1201)
4(1642 1643 1661 1660)
4(1184 1202 1662 1644)
4(1201 1661 1662 1202)
4(1643 1644 1662 1661)
4(1185 1203 1663 1645)
4(1202 1662 1663 1203)
4(1644 1645 1663 1662)
4(1186 1204 1664 1646)
4(1203 1663 1664 1204)
4(1645 1646 1664 1663)
4(1187 1205 1665 1647)
4(1204 1664 1665 1205)
4(1646 1647 1665 1664)
4(1188 1206 1666 1648)
4(1205 1665 1666 1206)
4(1647 1648 1666 1665)
4(1189 1207 1667 1649)
4(1206 1666 1667 1207)
4(1648 1649 1667 1666)
4(1190 1208 1668 1650)
4(1207 1667 1668 1208)
4(1649 1650 1668 1667)
4(1191 1209 1669 1651)
4(1208 1668 1669 1209)
4(1650 1651 1669 1668)
4(1192 1210 1670 1652)
4(1209 1669 1670 1210)
4(1651 1652 1670 1669)
4(1193 1211 1671 1653)
4(1210 1670 1671 1211)
4(1652 1653 1671 1670)
4(1194 1212 1672 1654)
4(1211 1671 1672 1212)
4(1653 1654 1672 1671)
4(1195 1213 1673 1655)
4(1212 1672 1673 1213)
4(1654 1655 1673 1672)
4(1196 1214 1674 1656)
4(1213 1673 1674 1214)
4(1655 1656 1674 1673)
4(1197 1215 1675 1657)
4(1214 1674 1675 1215)
4(1656 1657 1675 1674)
4(1198 1216 1676 1658)
4(1215 1675 1676 1216)
4(1657 1658 1676 1675)
4(1216 1676 1677 1217)
4(1658 1659 1677 1676)
4(1201 1219 1679 1661)
4(1218 1678 1679 1219)
4(1660 1661 1679 1678)
4(1202 1220 1680 1662)
4(1219 1679 1680 1220)
4(1661 1662 1680 1679)
4(1203 1221 1681 1663)
4(1220 1680 1681 1221)
4(1662 1663 1681 1680)
4(1204 1222 1682 1664)
4(1221 1681 1682 1222)
4(1663 1664 1682 1681)
4(1205 1223 1683 1665)
4(1222 1682 1683 1223)
4(1664 1665 1683 1682)
4(1206 1224 1684 1666)
4(1223 1683 1684 1224)
4(1665 1666 1684 1683)
4(1207 1225 1685 1667)
4(1224 1684 1685 1225)
4(1666 1667 1685 1684)
4(1208 1226 1686 1668)
4(1225 1685 1686 1226)
4(1667 1668 1686 1685)
4(1209 1227 1687 1669)
4(1226 1686 1687 1227)
4(1668 1669 1687 1686)
4(1210 1228 1688 1670)
4(1227 1687 1688 1228)
4(1669 1670 1688 1687)
4(1211 1229 1689 1671)
4(1228 1688 1689 1229)
4(1670 1671 1689 1688)
4(1212 1230 1690 1672)
4(1229 1689 1690 1230)
4(1671 1672 1690 1689)
4(1213 1231 1691 1673)
4(1230 1690 1691 1231)
4(1672 1673 1691 1690)
4(1214 1232 1692 1674)
4(1231 1691 1692 1232)
4(1673 1674 1692 1691)
4(1215 1233 1693 1675)
4(1232 1692 1693 1233)
4(1674 1675 1693 1692)
4(1216 1234 1694 1676)
4(1233 1693 1694 1234)
4(1675 1676 1694 1693)
4(1234 1694 1695 1235)
4(1676 1677 1695 1694)
4(1219 1237 1697 1679)
4(1236 1696 1697 1237)
4(1678 1679 1697 1696)
4(1220 1238 1698 1680)
4(1237 1697 1698 1238)
4(1679 1680 1698 1697)
4(1221 1239 1699 1681)
4(1238 1698 1699 1239)
4(1680 1681 1699 1698)
4(1222 1240 1700 1682)
4(1239 1699 1700 1240)
4(1681 1682 1700 1699)
4(1223 1241 1701 1683)
4(1240 1700 1701 1241)
4(1682 1683 1701 1700)
4(1224 1242 1702 1684)
4(1241 1701 1702 1242)
4(1683 1684 1702 1701)
4(1225 1243 1703 1685)
4(1242 1702 1703 1243)
4(1684 1685 1703 1702)
4(1226 1244 1704 1686)
4(1243 1703 1704 1244)
4(1685 1686 1704 1703)
4(1227 1245 1705 1687)
4(1244 1704 1705 1245)
4(1686 1687 1705 1704)
4(1228 1246 1706 1688)
4(1245 1705 1706 1246)
4(1687 1688 1706 1705)
4(1229 1247 1707 1689)
4(1246 1706 1707 1247)
4(1688 1689 1707 1706)
4(1230 1248 1708 1690)
4(1247 1707 1708 1248)
4(1689 1690 1708 1707)
4(1231 1249 1709 1691)
4(1248 1708 1709 1249)
4(1690 1691 1709 1708)
4(1232 1250 1710 1692)
4(1249 1709 1710 1250)
4(1691 1692 1710 1709)
4(1233 1251 1711 1693)
4(1250 1710 1711 1251)
4(1692 1693 1711 1710)
4(1234 1252 1712 1694)
4(1251 1711 1712 1252)
4(1693 1694 1712 1711)
4(1252 1712 1713 1253)
4(1694 1695 1713 1712)
4(1237 1255 1715 1697)
4(1254 1714 1715 1255)
4(1696 1697 1715 1714)
4(1238 1256 1716 1698)
4(1255 1715 1716 1256)
4(1697 1698 1716 1715)
4(1239 1257 1717 1699)
4(1256 1716 1717 1257)
4(1698 1699 1717 1716)
4(1240 1258 1718 1700)
4(1257 1717 1718 1258)
4(1699 1700 1718 1717)
4(1241 1259 1719 1701)
4(1258 1718 1719 1259)
4(1700 1701 1719 1718)
4(1242 1260 1720 1702)
4(1259 1719 1720 1260)
4(1701 1702 1720 1719)
4(1243 1261 1721 1703)
4(1260 1720 1721 1261)
4(1702 1703 1721 1720)
4(1244 1262 1722 1704)
4(1261 1721 1722 1262)
4(1703 1704 1722 1721)
4(1245 1263 1723 1705)
4(1262 1722 1723 1263)
4(1704 1705 1723 1722)
4(1246 1264 1724 1706)
4(1263 1723 1724 1264)
4(1705 1706 1724 1723)
4(1247 1265 1725 1707)
4(1264 1724 1725 1265)
4(1706 1707 1725 1724)
4(1248 1266 1726 1708)
4(1265 1725 1726 1266)
4(1707 1708 1726 1725)
4(1249 1267 1727 1709)
4(1266 1726 1727 1267)
4(1708 1709 1727 1726)
4(1250 1268 1728 1710)
4(1267 1727 1728 1268)
4(1709 1710 1728 1727)
4(1251 1269 1729 1711)
4(1268 1728 1729 1269)
4(1710 1711 1729 1728)
4(1252 1270 1730 1712)
4(1269 1729 1730 1270)
4(1711 1712 1730 1729)
4(1270 1730 1731 1271)
4(1712 1713 1731 1730)
4(1255 1273 1733 1715)
4(1272 1732 1733 1273)
4(1714 1715 1733 1732)
4(1256 1274 1734 1716)
4(1273 1733 1734 1274)
4(1715 1716 1734 1733)
4(1257 1275 1735 1717)
4(1274 1734 1735 1275)
4(1716 1717 1735 1734)
4(1258 1276 1736 1718)
4(1275 1735 1736 1276)
4(1717 1718 1736 1735)
4(1259 1277 1737 1719)
4(1276 1736 1737 1277)
4(1718 1719 1737 1736)
4(1260 1278 1738 1720)
4(1277 1737 1738 1278)
4(1719 1720 1738 1737)
4(1261 1279 1739 1721)
4(1278 1738 1739 1279)
4(1720 1721 1739 1738)
4(1262 1280 1740 1722)
4(1279 1739 1740 1280)
4(1721 1722 1740 1739)
4(1263 1281 1741 1723)
4(1280 1740 1741 1281)
4(1722 1723 1741 1740)
4(1264 1282 1742 1724)
4(1281 1741 1742 1282)
4(1723 1724 1742 1741)
4(1265 1283 1743 1725)
4(1282 1742 1743 1283)
4(1724 1725 1743 1742)
4(1266 1284 1744 1726)
4(1283 1743 1744 1284)
4(1725 1726 1744 1743)
4(1267 1285 1745 1727)
4(1284 1744 1745 1285)
4(1726 1727 1745 1744)
4(1268 1286 1746 1728)
4(1285 1745 1746 1286)
4(1727 1728 1746 1745)
4(1269 1287 1747 1729)
4(1286 1746 1747 1287)
4(1728 1729 1747 1746)
4(1270 1288 1748 1730)
4(1287 1747 1748 1288)
4(1729 1730 1748 1747)
4(1288 1748 1749 1289)
4(1730 1731 1749 1748)
4(1273 1291 1751 1733)
4(1290 1750 1751 1291)
4(1732 1733 1751 1750)
4(1274 1292 1752 1734)
4(1291 1751 1752 1292)
4(1733 1734 1752 1751)
4(1275 1293 1753 1735)
4(1292 1752 1753 1293)
4(1734 1735 1753 1752)
4(1276 1294 1754 1736)
4(1293 1753 1754 1294)
4(1735 1736 1754 1753)
4(1277 1295 1755 1737)
4(1294 1754 1755 1295)
4(1736 1737 1755 1754)
4(1278 1296 1756 1738)
4(1295 1755 1756 1296)
4(1737 1738 1756 1755)
4(1279 1297 1757 1739)
4(1296 1756 1757 1297)
4(1738 1739 1757 1756)
4(1280 1298 1758 1740)
4(1297 1757 1758 1298)
4(1739 1740 1758 1757)
4(1281 1299 1759 1741)
4(1298 1758 1759 1299)
4(1740 1741 1759 1758)
4(1282 1300 1760 1742)
4(1299 1759 1760 1300)
4(1741 1742 1760 1759)
4(1283 1301 1761 1743)
4(1300 1760 1761 1301)
4(1742 1743 1761 1760)
4(1284 1302 1762 1744)
4(1301 1761 1762 1302)
4(1743 1744 1762 1761)
4(1285 1303 1763 1745)
4(1302 1762 1763 1303)
4(1744 1745 1763 1762)
4(1286 1304 1764 1746)
4(1303 1763 1764 1304)
4(1745 1746 1764 1763)
4(1287 1305 1765 1747)
4(1304 1764 1765 1305)
4(1746 1747 1765 1764)
4(1288 1306 1766 1748)
4(1305 1765 1766 1306)
4(1747 1748 1766 1765)
4(1306 1766 1767 1307)
4(1748 1749 1767 1766)
4(1291 1309 1769 1751)
4(1308 1768 1769 1309)
4(1750 1751 1769 1768)
4(1292 1310 1770 1752)
4(1309 1769 1770 1310)
4(1751 1752 1770 1769)
4(1293 1311 1771 1753)
4(1310 1770 1771 1311)
4(1752 1753 1771 1770)
4(1294 1312 1772 1754)
4(1311 1771 1772 1312)
4(1753 1754 1772 1771)
4(1295 1313 1773 1755)
4(1312 1772 1773 1313)
4(1754 1755 1773 1772)
4(1296 1314 1774 1756)
4(1313 1773 1774 1314)
4(1755 1756 1774 1773)
4(1297 1315 1775 1757)
4(1314 1774 1775 1315)
4(1756 1757 1775 1774)
4(1298 1316 1776 1758)
4(1315 1775 1776 1316)
4(1757 1758 1776 1775)
4(1299 1317 1777 1759)
4(1316 1776 1777 1317)
4(1758 1759 1777 1776)
4(1300 1318 1778 1760)
4(1317 1777 1778 1318)
4(1759 1760 1778 1777)
4(1301 1319 1779 1761)
4(1318 1778 1779 1319)
4(1760 1761 1779 1778)
4(1302 1320 1780 1762)
4(1319 1779 1780 1320)
4(1761 1762 1780 1779)
4(1303 1321 1781 1763)
4(1320 1780 1781 1321)
4(1762 1763 1781 1780)
4(1304 1322 1782 1764)
4(1321 1781 1782 1322)
4(1763 1764 1782 1781)
4(1305 1323 1783 1765)
4(1322 1782 1783 1323)
4(1764 1765 1783 1782)
4(1306 1324 1784 1766)
4(1323 1783 1784 1324)
4(1765 1766 1784 1783)
4(1324 1784 1785 1325)
4(1766 1767 1785 1784)
4(1309 1327 1787 1769)
4(1326 1786 1787 1327)
4(1768 1769 1787 1786)
4(1310 1328 1788 1770)
4(1327 1787 1788 1328)
4(1769 1770 1788 1787)
4(1311 1329 1789 1771)
4(1328 1788 1789 1329)
4(1770 1771 1789 1788)
4(1312 1330 1790 1772)
4(1329 1789 1790 1330)
4(1771 1772 1790 1789)
4(1313 1331 1791 1773)
4(1330 1790 1791 1331)
4(1772 1773 1791 1790)
4(1314 1332 1792 1774)
4(1331 1791 1792 1332)
4(1773 1774 1792 1791)
4(1315 1333 1793 1775)
4(1332 1792 1793 1333)
4(1774 1775 1793 1792)
4(1316 1334 1794 1776)
4(1333 1793 1794 1334)
4(1775 1776 1794 1793)
4(1317 1335 1795 1777)
4(1334 1794 1795 1335)
4(1776 1777 1795 1794)
4(1318 1336 1796 1778)
4(1335 1795 1796 1336)
4(1777 1778 1796 1795)
4(1319 1337 1797 1779)
4(1336 1796 1797 1337)
4(1778 1779 1797 1796)
4(1320 1338 1798 1780)
4(1337 1797 1798 1338)
4(1779 1780 1798 1797)
4(1321 1339 1799 1781)
4(1338 1798 1799 1339)
4(1780 1781 1799 1798)
4(1322 1340 1800 1782)
4(1339 1799 1800 1340)
4(1781 1782 1800 1799)
4(1323 1341 1801 1783)
4(1340 1800 1801 1341)
4(1782 1783 1801 1800)
4(1324 1342 1802 1784)
4(1341 1801 1802 1342)
4(1783 1784 1802 1801)
4(1342 1802 1803 1343)
4(1784 1785 1803 1802)
4(1327 1345 1805 1787)
4(1344 1804 1805 1345)
4(1786 1787 1805 1804)
4(1328 1346 1806 1788)
4(1345 1805 1806 1346)
4(1787 1788 1806 1805)
4(1329 1347 1807 1789)
4(1346 1806 1807 1347)
4(1788 1789 1807 1806)
4(1330 1348 1808 1790)
4(1347 1807 1808 1348)
4(1789 1790 1808 1807)
4(1331 1349 1809 1791)
4(1348 1808 1809 1349)
4(1790 1791 1809 1808)
4(1332 1350 1810 1792)
4(1349 1809 1810 1350)
4(1791 1792 1810 1809)
4(1333 1351 1811 1793)
4(1350 1810 1811 1351)
4(1792 1793 1811 1810)
4(1334 1352 1812 1794)
4(1351 1811 1812 1352)
4(1793 1794 1812 1811)
4(1335 1353 1813 1795)
4(1352 1812 1813 1353)
4(1794 1795 1813 1812)
4(1336 1354 1814 1796)
4(1795 1796 1814 1813)
4(1337 1355 1815 1797)
4(1796 1797 1815 1814)
4(1338 1356 1816 1798)
4(1797 1798 1816 1815)
4(1339 1357 1817 1799)
4(1798 1799 1817 1816)
4(1340 1358 1818 1800)
4(1799 1800 1818 1817)
4(1341 1359 1819 1801)
4(1800 1801 1819 1818)
4(1342 1360 1820 1802)
4(1801 1802 1820 1819)
4(1802 1803 1821 1820)
4(1345 1363 1823 1805)
4(1804 1805 1823 1822)
4(1346 1364 1824 1806)
4(1805 1806 1824 1823)
4(1347 1365 1825 1807)
4(1806 1807 1825 1824)
4(1348 1366 1826 1808)
4(1807 1808 1826 1825)
4(1349 1367 1827 1809)
4(1808 1809 1827 1826)
4(1350 1368 1828 1810)
4(1809 1810 1828 1827)
4(1351 1369 1829 1811)
4(1810 1811 1829 1828)
4(1352 1370 1830 1812)
4(1811 1812 1830 1829)
4(1812 1813 1831 1830)
4(1373 1391 1853 1835)
4(1390 1852 1853 1391)
4(1834 1835 1853 1852)
4(1374 1392 1854 1836)
4(1391 1853 1854 1392)
4(1835 1836 1854 1853)
4(1375 1393 1855 1837)
4(1392 1854 1855 1393)
4(1836 1837 1855 1854)
4(1376 1394 1856 1838)
4(1393 1855 1856 1394)
4(1837 1838 1856 1855)
4(1377 1395 1857 1839)
4(1394 1856 1857 1395)
4(1838 1839 1857 1856)
4(1378 1396 1858 1840)
4(1395 1857 1858 1396)
4(1839 1840 1858 1857)
4(1379 1397 1859 1841)
4(1396 1858 1859 1397)
4(1840 1841 1859 1858)
4(1380 1398 1860 1842)
4(1397 1859 1860 1398)
4(1841 1842 1860 1859)
4(1381 1399 1861 1843)
4(1398 1860 1861 1399)
4(1842 1843 1861 1860)
4(1382 1400 1862 1844)
4(1399 1861 1862 1400)
4(1843 1844 1862 1861)
4(1383 1401 1863 1845)
4(1400 1862 1863 1401)
4(1844 1845 1863 1862)
4(1384 1402 1864 1846)
4(1401 1863 1864 1402)
4(1845 1846 1864 1863)
4(1385 1403 1865 1847)
4(1402 1864 1865 1403)
4(1846 1847 1865 1864)
4(1386 1404 1866 1848)
4(1403 1865 1866 1404)
4(1847 1848 1866 1865)
4(1387 1405 1867 1849)
4(1404 1866 1867 1405)
4(1848 1849 1867 1866)
4(1388 1406 1868 1850)
4(1405 1867 1868 1406)
4(1849 1850 1868 1867)
4(1406 1868 1869 1407)
4(1850 1851 1869 1868)
4(1391 1409 1871 1853)
4(1408 1870 1871 1409)
4(1852 1853 1871 1870)
4(1392 1410 1872 1854)
4(1409 1871 1872 1410)
4(1853 1854 1872 1871)
4(1393 1411 1873 1855)
4(1410 1872 1873 1411)
4(1854 1855 1873 1872)
4(1394 1412 1874 1856)
4(1411 1873 1874 1412)
4(1855 1856 1874 1873)
4(1395 1413 1875 1857)
4(1412 1874 1875 1413)
4(1856 1857 1875 1874)
4(1396 1414 1876 1858)
4(1413 1875 1876 1414)
4(1857 1858 1876 1875)
4(1397 1415 1877 1859)
4(1414 1876 1877 1415)
4(1858 1859 1877 1876)
4(1398 1416 1878 1860)
4(1415 1877 1878 1416)
4(1859 1860 1878 1877)
4(1399 1417 1879 1861)
4(1416 1878 1879 1417)
4(1860 1861 1879 1878)
4(1400 1418 1880 1862)
4(1417 1879 1880 1418)
4(1861 1862 1880 1879)
4(1401 1419 1881 1863)
4(1418 1880 1881 1419)
4(1862 1863 1881 1880)
4(1402 1420 1882 1864)
4(1419 1881 1882 1420)
4(1863 1864 1882 1881)
4(1403 1421 1883 1865)
4(1420 1882 1883 1421)
4(1864 1865 1883 1882)
4(1404 1422 1884 1866)
4(1421 1883 1884 1422)
4(1865 1866 1884 1883)
4(1405 1423 1885 1867)
4(1422 1884 1885 1423)
4(1866 1867 1885 1884)
4(1406 1424 1886 1868)
4(1423 1885 1886 1424)
4(1867 1868 1886 1885)
4(1424 1886 1887 1425)
4(1868 1869 1887 1886)
4(1409 1427 1889 1871)
4(1426 1888 1889 1427)
4(1870 1871 1889 1888)
4(1410 1428 1890 1872)
4(1427 1889 1890 1428)
4(1871 1872 1890 1889)
4(1411 1429 1891 1873)
4(1428 1890 1891 1429)
4(1872 1873 1891 1890)
4(1412 1430 1892 1874)
4(1429 1891 1892 1430)
4(1873 1874 1892 1891)
4(1413 1431 1893 1875)
4(1430 1892 1893 1431)
4(1874 1875 1893 1892)
4(1414 1432 1894 1876)
4(1431 1893 1894 1432)
4(1875 1876 1894 1893)
4(1415 1433 1895 1877)
4(1432 1894 1895 1433)
4(1876 1877 1895 1894)
4(1416 1434 1896 1878)
4(1433 1895 1896 1434)
4(1877 1878 1896 1895)
4(1417 1435 1897 1879)
4(1434 1896 1897 1435)
4(1878 1879 1897 1896)
4(1418 1436 1898 1880)
4(1435 1897 1898 1436)
4(1879 1880 1898 1897)
4(1419 1437 1899 1881)
4(1436 1898 1899 1437)
4(1880 1881 1899 1898)
4(1420 1438 1900 1882)
4(1437 1899 1900 1438)
4(1881 1882 1900 1899)
4(1421 1439 1901 1883)
4(1438 1900 1901 1439)
4(1882 1883 1901 1900)
4(1422 1440 1902 1884)
4(1439 1901 1902 1440)
4(1883 1884 1902 1901)
4(1423 1441 1903 1885)
4(1440 1902 1903 1441)
4(1884 1885 1903 1902)
4(1424 1442 1904 1886)
4(1441 1903 1904 1442)
4(1885 1886 1904 1903)
4(1442 1904 1905 1443)
4(1886 1887 1905 1904)
4(1427 1445 1907 1889)
4(1444 1906 1907 1445)
4(1888 1889 1907 1906)
4(1428 1446 1908 1890)
4(1445 1907 1908 1446)
4(1889 1890 1908 1907)
4(1429 1447 1909 1891)
4(1446 1908 1909 1447)
4(1890 1891 1909 1908)
4(1430 1448 1910 1892)
4(1447 1909 1910 1448)
4(1891 1892 1910 1909)
4(1431 1449 1911 1893)
4(1448 1910 1911 1449)
4(1892 1893 1911 1910)
4(1432 1450 1912 1894)
4(1449 1911 1912 1450)
4(1893 1894 1912 1911)
4(1433 1451 1913 1895)
4(1450 1912 1913 1451)
4(1894 1895 1913 1912)
4(1434 1452 1914 1896)
4(1451 1913 1914 1452)
4(1895 1896 1914 1913)
4(1435 1453 1915 1897)
4(1452 1914 1915 1453)
4(1896 1897 1915 1914)
4(1436 1454 1916 1898)
4(1453 1915 1916 1454)
4(1897 1898 1916 1915)
4(1437 1455 1917 1899)
4(1454 1916 1917 1455)
4(1898 1899 1917 1916)
4(1438 1456 1918 1900)
4(1455 1917 1918 1456)
4(1899 1900 1918 1917)
4(1439 1457 1919 1901)
4(1456 1918 1919 1457)
4(1900 1901 1919 1918)
4(1440 1458 1920 1902)
4(1457 1919 1920 1458)
4(1901 1902 1920 1919)
4(1441 1459 1921 1903)
4(1458 1920 1921 1459)
4(1902 1903 1921 1920)
4(1442 1460 1922 1904)
4(1459 1921 1922 1460)
4(1903 1904 1922 1921)
4(1460 1922 1923 1461)
4(1904 1905 1923 1922)
4(1445 1463 1925 1907)
4(1462 1924 1925 1463)
4(1906 1907 1925 1924)
4(1446 1464 1926 1908)
4(1463 1925 1926 1464)
4(1907 1908 1926 1925)
4(1447 1465 1927 1909)
4(1464 1926 1927 1465)
4(1908 1909 1927 1926)
4(1448 1466 1928 1910)
4(1465 1927 1928 1466)
4(1909 1910 1928 1927)
4(1449 1467 1929 1911)
4(1466 1928 1929 1467)
4(1910 1911 1929 1928)
4(1450 1468 1930 1912)
4(1467 1929 1930 1468)
4(1911 1912 1930 1929)
4(1451 1469 1931 1913)
4(1468 1930 1931 1469)
4(1912 1913 1931 1930)
4(1452 1470 1932 1914)
4(1469 1931 1932 1470)
4(1913 1914 1932 1931)
4(1453 1471 1933 1915)
4(1470 1932 1933 1471)
4(1914 1915 1933 1932)
4(1454 1472 1934 1916)
4(1471 1933 1934 1472)
4(1915 1916 1934 1933)
4(1455 1473 1935 1917)
4(1472 1934 1935 1473)
4(1916 1917 1935 1934)
4(1456 1474 1936 1918)
4(1473 1935 1936 1474)
4(1917 1918 1936 1935)
4(1457 1475 1937 1919)
4(1474 1936 1937 1475)
4(1918 1919 1937 1936)
4(1458 1476 1938 1920)
4(1475 1937 1938 1476)
4(1919 1920 1938 1937)
4(1459 1477 1939 1921)
4(1476 1938 1939 1477)
4(1920 1921 1939 1938)
4(1460 1478 1940 1922)
4(1477 1939 1940 1478)
4(1921 1922 1940 1939)
4(1478 1940 1941 1479)
4(1922 1923 1941 1940)
4(1463 1481 1943 1925)
4(1480 1942 1943 1481)
4(1924 1925 1943 1942)
4(1464 1482 1944 1926)
4(1481 1943 1944 1482)
4(1925 1926 1944 1943)
4(1465 1483 1945 1927)
4(1482 1944 1945 1483)
4(1926 1927 1945 1944)
4(1466 1484 1946 1928)
4(1483 1945 1946 1484)
4(1927 1928 1946 1945)
4(1467 1485 1947 1929)
4(1484 1946 1947 1485)
4(1928 1929 1947 1946)
4(1468 1486 1948 1930)
4(1485 1947 1948 1486)
4(1929 1930 1948 1947)
4(1469 1487 1949 1931)
4(1486 1948 1949 1487)
4(1930 1931 1949 1948)
4(1470 1488 1950 1932)
4(1487 1949 1950 1488)
4(1931 1932 1950 1949)
4(1471 1489 1951 1933)
4(1488 1950 1951 1489)
4(1932 1933 1951 1950)
4(1472 1490 1952 1934)
4(1489 1951 1952 1490)
4(1933 1934 1952 1951)
4(1473 1491 1953 1935)
4(1490 1952 1953 1491)
4(1934 1935 1953 1952)
4(1474 1492 1954 1936)
4(1491 1953 1954 1492)
4(1935 1936 1954 1953)
4(1475 1493 1955 1937)
4(1492 1954 1955 1493)
4(1936 1937 1955 1954)
4(1476 1494 1956 1938)
4(1493 1955 1956 1494)
4(1937 1938 1956 1955)
4(1477 1495 1957 1939)
4(1494 1956 1957 1495)
4(1938 1939 1957 1956)
4(1478 1496 1958 1940)
4(1495 1957 1958 1496)
4(1939 1940 1958 1957)
4(1496 1958 1959 1497)
4(1940 1941 1959 1958)
4(1481 1499 1961 1943)
4(1498 1960 1961 1499)
4(1942 1943 1961 1960)
4(1482 1500 1962 1944)
4(1499 1961 1962 1500)
4(1943 1944 1962 1961)
4(1483 1501 1963 1945)
4(1500 1962 1963 1501)
4(1944 1945 1963 1962)
4(1484 1502 1964 1946)
4(1501 1963 1964 1502)
4(1945 1946 1964 1963)
4(1485 1503 1965 1947)
4(1502 1964 1965 1503)
4(1946 1947 1965 1964)
4(1486 1504 1966 1948)
4(1503 1965 1966 1504)
4(1947 1948 1966 1965)
4(1487 1505 1967 1949)
4(1504 1966 1967 1505)
4(1948 1949 1967 1966)
4(1488 1506 1968 1950)
4(1505 1967 1968 1506)
4(1949 1950 1968 1967)
4(1489 1507 1969 1951)
4(1506 1968 1969 1507)
4(1950 1951 1969 1968)
4(1490 1508 1970 1952)
4(1507 1969 1970 1508)
4(1951 1952 1970 1969)
4(1491 1509 1971 1953)
4(1508 1970 1971 1509)
4(1952 1953 1971 1970)
4(1492 1510 1972 1954)
4(1509 1971 1972 1510)
4(1953 1954 1972 1971)
4(1493 1511 1973 1955)
4(1510 1972 1973 1511)
4(1954 1955 1973 1972)
4(1494 1512 1974 1956)
4(1511 1973 1974 1512)
4(1955 1956 1974 1973)
4(1495 1513 1975 1957)
4(1512 1974 1975 1513)
4(1956 1957 1975 1974)
4(1496 1514 1976 1958)
4(1513 1975 1976 1514)
4(1957 1958 1976 1975)
4(1514 1976 1977 1515)
4(1958 1959 1977 1976)
4(1499 1517 1979 1961)
4(1516 1978 1979 1517)
4(1960 1961 1979 1978)
4(1500 1518 1980 1962)
4(1517 1979 1980 1518)
4(1961 1962 1980 1979)
4(1501 1519 1981 1963)
4(1518 1980 1981 1519)
4(1962 1963 1981 1980)
4(1502 1520 1982 1964)
4(1519 1981 1982 1520)
4(1963 1964 1982 1981)
4(1503 1521 1983 1965)
4(1520 1982 1983 1521)
4(1964 1965 1983 1982)
4(1504 1522 1984 1966)
4(1521 1983 1984 1522)
4(1965 1966 1984 1983)
4(1505 1523 1985 1967)
4(1522 1984 1985 1523)
4(1966 1967 1985 1984)
4(1506 1524 1986 1968)
4(1523 1985 1986 1524)
4(1967 1968 1986 1985)
4(1507 1525 1987 1969)
4(1524 1986 1987 1525)
4(1968 1969 1987 1986)
4(1508 1526 1988 1970)
4(1525 1987 1988 1526)
4(1969 1970 1988 1987)
4(1509 1527 1989 1971)
4(1526 1988 1989 1527)
4(1970 1971 1989 1988)
4(1510 1528 1990 1972)
4(1527 1989 1990 1528)
4(1971 1972 1990 1989)
4(1511 1529 1991 1973)
4(1528 1990 1991 1529)
4(1972 1973 1991 1990)
4(1512 1530 1992 1974)
4(1529 1991 1992 1530)
4(1973 1974 1992 1991)
4(1513 1531 1993 1975)
4(1530 1992 1993 1531)
4(1974 1975 1993 1992)
4(1514 1532 1994 1976)
4(1531 1993 1994 1532)
4(1975 1976 1994 1993)
4(1532 1994 1995 1533)
4(1976 1977 1995 1994)
4(1517 1535 1997 1979)
4(1534 1996 1997 1535)
4(1978 1979 1997 1996)
4(1518 1536 1998 1980)
4(1535 1997 1998 1536)
4(1979 1980 1998 1997)
4(1519 1537 1999 1981)
4(1536 1998 1999 1537)
4(1980 1981 1999 1998)
4(1520 1538 2000 1982)
4(1537 1999 2000 1538)
4(1981 1982 2000 1999)
4(1521 1539 2001 1983)
4(1538 2000 2001 1539)
4(1982 1983 2001 2000)
4(1522 1540 2002 1984)
4(1539 2001 2002 1540)
4(1983 1984 2002 2001)
4(1523 1541 2003 1985)
4(1540 2002 2003 1541)
4(1984 1985 2003 2002)
4(1524 1542 2004 1986)
4(1541 2003 2004 1542)
4(1985 1986 2004 2003)
4(1525 1543 2005 1987)
4(1542 2004 2005 1543)
4(1986 1987 2005 2004)
4(1526 1544 2006 1988)
4(1543 2005 2006 1544)
4(1987 1988 2006 2005)
4(1527 1545 2007 1989)
4(1544 2006 2007 1545)
4(1988 1989 2007 2006)
4(1528 1546 2008 1990)
4(1545 2007 2008 1546)
4(1989 1990 2008 2007)
4(1529 1547 2009 1991)
4(1546 2008 2009 1547)
4(1990 1991 2009 2008)
4(1530 1548 2010 1992)
4(1547 2009 2010 1548)
4(1991 1992 2010 2009)
4(1531 1549 2011 1993)
4(1548 2010 2011 1549)
4(1992 1993 2011 2010)
4(1532 1550 2012 1994)
4(1549 2011 2012 1550)
4(1993 1994 2012 2011)
4(1550 2012 2013 1551)
4(1994 1995 2013 2012)
4(1535 1553 2015 1997)
4(1552 2014 2015 1553)
4(1996 1997 2015 2014)
4(1536 1554 2016 1998)
4(1553 2015 2016 1554)
4(1997 1998 2016 2015)
4(1537 1555 2017 1999)
4(1554 2016 2017 1555)
4(1998 1999 2017 2016)
4(1538 1556 2018 2000)
4(1555 2017 2018 1556)
4(1999 2000 2018 2017)
4(1539 1557 2019 2001)
4(1556 2018 2019 1557)
4(2000 2001 2019 2018)
4(1540 1558 2020 2002)
4(1557 2019 2020 1558)
4(2001 2002 2020 2019)
4(1541 1559 2021 2003)
4(1558 2020 2021 1559)
4(2002 2003 2021 2020)
4(1542 1560 2022 2004)
4(1559 2021 2022 1560)
4(2003 2004 2022 2021)
4(1543 1561 2023 2005)
4(1560 2022 2023 1561)
4(2004 2005 2023 2022)
4(1544 1562 2024 2006)
4(1561 2023 2024 1562)
4(2005 2006 2024 2023)
4(1545 1563 2025 2007)
4(1562 2024 2025 1563)
4(2006 2007 2025 2024)
4(1546 1564 2026 2008)
4(1563 2025 2026 1564)
4(2007 2008 2026 2025)
4(1547 1565 2027 2009)
4(1564 2026 2027 1565)
4(2008 2009 2027 2026)
4(1548 1566 2028 2010)
4(1565 2027 2028 1566)
4(2009 2010 2028 2027)
4(1549 1567 2029 2011)
4(1566 2028 2029 1567)
4(2010 2011 2029 2028)
4(1550 1568 2030 2012)
4(1567 2029 2030 1568)
4(2011 2012 2030 2029)
4(1568 2030 2031 1569)
4(2012 2013 2031 2030)
4(1553 1571 2033 2015)
4(1570 2032 2033 1571)
4(2014 2015 2033 2032)
4(1554 1572 2034 2016)
4(1571 2033 2034 1572)
4(2015 2016 2034 2033)
4(1555 1573 2035 2017)
4(1572 2034 2035 1573)
4(2016 2017 2035 2034)
4(1556 1574 2036 2018)
4(1573 2035 2036 1574)
4(2017 2018 2036 2035)
4(1557 1575 2037 2019)
4(1574 2036 2037 1575)
4(2018 2019 2037 2036)
4(1558 1576 2038 2020)
4(1575 2037 2038 1576)
4(2019 2020 2038 2037)
4(1559 1577 2039 2021)
4(1576 2038 2039 1577)
4(2020 2021 2039 2038)
4(1560 1578 2040 2022)
4(1577 2039 2040 1578)
4(2021 2022 2040 2039)
4(1561 1579 2041 2023)
4(1578 2040 2041 1579)
4(2022 2023 2041 2040)
4(1562 1580 2042 2024)
4(1579 2041 2042 1580)
4(2023 2024 2042 2041)
4(1563 1581 2043 2025)
4(1580 2042 2043 1581)
4(2024 2025 2043 2042)
4(1564 1582 2044 2026)
4(1581 2043 2044 1582)
4(2025 2026 2044 2043)
4(1565 1583 2045 2027)
4(1582 2044 2045 1583)
4(2026 2027 2045 2044)
4(1566 1584 2046 2028)
4(1583 2045 2046 1584)
4(2027 2028 2046 2045)
4(1567 1585 2047 2029)
4(1584 2046 2047 1585)
4(2028 2029 2047 2046)
4(1568 1586 2048 2030)
4(1585 2047 2048 1586)
4(2029 2030 2048 2047)
4(1586 2048 2049 1587)
4(2030 2031 2049 2048)
4(1571 1589 2051 2033)
4(1588 2050 2051 1589)
4(2032 2033 2051 2050)
4(1572 1590 2052 2034)
4(1589 2051 2052 1590)
4(2033 2034 2052 2051)
4(1573 1591 2053 2035)
4(1590 2052 2053 1591)
4(2034 2035 2053 2052)
4(1574 1592 2054 2036)
4(1591 2053 2054 1592)
4(2035 2036 2054 2053)
4(1575 1593 2055 2037)
4(1592 2054 2055 1593)
4(2036 2037 2055 2054)
4(1576 1594 2056 2038)
4(1593 2055 2056 1594)
4(2037 2038 2056 2055)
4(1577 1595 2057 2039)
4(1594 2056 2057 1595)
4(2038 2039 2057 2056)
4(1578 1596 2058 2040)
4(1595 2057 2058 1596)
4(2039 2040 2058 2057)
4(1579 1597 2059 2041)
4(1596 2058 2059 1597)
4(2040 2041 2059 2058)
4(1580 1598 2060 2042)
4(1597 2059 2060 1598)
4(2041 2042 2060 2059)
4(1581 1599 2061 2043)
4(1598 2060 2061 1599)
4(2042 2043 2061 2060)
4(1582 1600 2062 2044)
4(1599 2061 2062 1600)
4(2043 2044 2062 2061)
4(1583 1601 2063 2045)
4(1600 2062 2063 1601)
4(2044 2045 2063 2062)
4(1584 1602 2064 2046)
4(1601 2063 2064 1602)
4(2045 2046 2064 2063)
4(1585 1603 2065 2047)
4(1602 2064 2065 1603)
4(2046 2047 2065 2064)
4(1586 1604 2066 2048)
4(1603 2065 2066 1604)
4(2047 2048 2066 2065)
4(1604 2066 2067 1605)
4(2048 2049 2067 2066)
4(1589 1607 2069 2051)
4(1606 2068 2069 1607)
4(2050 2051 2069 2068)
4(1590 1608 2070 2052)
4(1607 2069 2070 1608)
4(2051 2052 2070 2069)
4(1591 1609 2071 2053)
4(1608 2070 2071 1609)
4(2052 2053 2071 2070)
4(1592 1610 2072 2054)
4(1609 2071 2072 1610)
4(2053 2054 2072 2071)
4(1593 1611 2073 2055)
4(1610 2072 2073 1611)
4(2054 2055 2073 2072)
4(1594 1612 2074 2056)
4(1611 2073 2074 1612)
4(2055 2056 2074 2073)
4(1595 1613 2075 2057)
4(1612 2074 2075 1613)
4(2056 2057 2075 2074)
4(1596 1614 2076 2058)
4(1613 2075 2076 1614)
4(2057 2058 2076 2075)
4(1597 1615 2077 2059)
4(1614 2076 2077 1615)
4(2058 2059 2077 2076)
4(1598 1616 2078 2060)
4(1615 2077 2078 1616)
4(2059 2060 2078 2077)
4(1599 1617 2079 2061)
4(1616 2078 2079 1617)
4(2060 2061 2079 2078)
4(1600 1618 2080 2062)
4(1617 2079 2080 1618)
4(2061 2062 2080 2079)
4(1601 1619 2081 2063)
4(1618 2080 2081 1619)
4(2062 2063 2081 2080)
4(1602 1620 2082 2064)
4(1619 2081 2082 1620)
4(2063 2064 2082 2081)
4(1603 1621 2083 2065)
4(1620 2082 2083 1621)
4(2064 2065 2083 2082)
4(1604 1622 2084 2066)
4(1621 2083 2084 1622)
4(2065 2066 2084 2083)
4(1622 2084 2085 1623)
4(2066 2067 2085 2084)
4(1607 1625 2087 2069)
4(1624 2086 2087 1625)
4(2068 2069 2087 2086)
4(1608 1626 2088 2070)
4(1625 2087 2088 1626)
4(2069 2070 2088 2087)
4(1609 1627 2089 2071)
4(1626 2088 2089 1627)
4(2070 2071 2089 2088)
4(1610 1628 2090 2072)
4(1627 2089 2090 1628)
4(2071 2072 2090 2089)
4(1611 1629 2091 2073)
4(1628 2090 2091 1629)
4(2072 2073 2091 2090)
4(1612 1630 2092 2074)
4(1629 2091 2092 1630)
4(2073 2074 2092 2091)
4(1613 1631 2093 2075)
4(1630 2092 2093 1631)
4(2074 2075 2093 2092)
4(1614 1632 2094 2076)
4(1631 2093 2094 1632)
4(2075 2076 2094 2093)
4(1615 1633 2095 2077)
4(1632 2094 2095 1633)
4(2076 2077 2095 2094)
4(1616 1634 2096 2078)
4(1633 2095 2096 1634)
4(2077 2078 2096 2095)
4(1617 1635 2097 2079)
4(1634 2096 2097 1635)
4(2078 2079 2097 2096)
4(1618 1636 2098 2080)
4(1635 2097 2098 1636)
4(2079 2080 2098 2097)
4(1619 1637 2099 2081)
4(1636 2098 2099 1637)
4(2080 2081 2099 2098)
4(1620 1638 2100 2082)
4(1637 2099 2100 1638)
4(2081 2082 2100 2099)
4(1621 1639 2101 2083)
4(1638 2100 2101 1639)
4(2082 2083 2101 2100)
4(1622 1640 2102 2084)
4(1639 2101 2102 1640)
4(2083 2084 2102 2101)
4(1640 2102 2103 1641)
4(2084 2085 2103 2102)
4(1625 1643 2105 2087)
4(1642 2104 2105 1643)
4(2086 2087 2105 2104)
4(1626 1644 2106 2088)
4(1643 2105 2106 1644)
4(2087 2088 2106 2105)
4(1627 1645 2107 2089)
4(1644 2106 2107 1645)
4(2088 2089 2107 2106)
4(1628 1646 2108 2090)
4(1645 2107 2108 1646)
4(2089 2090 2108 2107)
4(1629 1647 2109 2091)
4(1646 2108 2109 1647)
4(2090 2091 2109 2108)
4(1630 1648 2110 2092)
4(1647 2109 2110 1648)
4(2091 2092 2110 2109)
4(1631 1649 2111 2093)
4(1648 2110 2111 1649)
4(2092 2093 2111 2110)
4(1632 1650 2112 2094)
4(1649 2111 2112 1650)
4(2093 2094 2112 2111)
4(1633 1651 2113 2095)
4(1650 2112 2113 1651)
4(2094 2095 2113 2112)
4(1634 1652 2114 2096)
4(1651 2113 2114 1652)
4(2095 2096 2114 2113)
4(1635 1653 2115 2097)
4(1652 2114 2115 1653)
4(2096 2097 2115 2114)
4(1636 1654 2116 2098)
4(1653 2115 2116 1654)
4(2097 2098 2116 2115)
4(1637 1655 2117 2099)
4(1654 2116 2117 1655)
4(2098 2099 2117 2116)
4(1638 1656 2118 2100)
4(1655 2117 2118 1656)
4(2099 2100 2118 2117)
4(1639 1657 2119 2101)
4(1656 2118 2119 1657)
4(2100 2101 2119 2118)
4(1640 1658 2120 2102)
4(1657 2119 2120 1658)
4(2101 2102 2120 2119)
4(1658 2120 2121 1659)
4(2102 2103 2121 2120)
4(1643 1661 2123 2105)
4(1660 2122 2123 1661)
4(2104 2105 2123 2122)
4(1644 1662 2124 2106)
4(1661 2123 2124 1662)
4(2105 2106 2124 2123)
4(1645 1663 2125 2107)
4(1662 2124 2125 1663)
4(2106 2107 2125 2124)
4(1646 1664 2126 2108)
4(1663 2125 2126 1664)
4(2107 2108 2126 2125)
4(1647 1665 2127 2109)
4(1664 2126 2127 1665)
4(2108 2109 2127 2126)
4(1648 1666 2128 2110)
4(1665 2127 2128 1666)
4(2109 2110 2128 2127)
4(1649 1667 2129 2111)
4(1666 2128 2129 1667)
4(2110 2111 2129 2128)
4(1650 1668 2130 2112)
4(1667 2129 2130 1668)
4(2111 2112 2130 2129)
4(1651 1669 2131 2113)
4(1668 2130 2131 1669)
4(2112 2113 2131 2130)
4(1652 1670 2132 2114)
4(1669 2131 2132 1670)
4(2113 2114 2132 2131)
4(1653 1671 2133 2115)
4(1670 2132 2133 1671)
4(2114 2115 2133 2132)
4(1654 1672 2134 2116)
4(1671 2133 2134 1672)
4(2115 2116 2134 2133)
4(1655 1673 2135 2117)
4(1672 2134 2135 1673)
4(2116 2117 2135 2134)
4(1656 1674 2136 2118)
4(1673 2135 2136 1674)
4(2117 2118 2136 2135)
4(1657 1675 2137 2119)
4(1674 2136 2137 1675)
4(2118 2119 2137 2136)
4(1658 1676 2138 2120)
4(1675 2137 2138 1676)
4(2119 2120 2138 2137)
4(1676 2138 2139 1677)
4(2120 2121 2139 2138)
4(1661 1679 2141 2123)
4(1678 2140 2141 1679)
4(2122 2123 2141 2140)
4(1662 1680 2142 2124)
4(1679 2141 2142 1680)
4(2123 2124 2142 2141)
4(1663 1681 2143 2125)
4(1680 2142 2143 1681)
4(2124 2125 2143 2142)
4(1664 1682 2144 2126)
4(1681 2143 2144 1682)
4(2125 2126 2144 2143)
4(1665 1683 2145 2127)
4(1682 2144 2145 1683)
4(2126 2127 2145 2144)
4(1666 1684 2146 2128)
4(1683 2145 2146 1684)
4(2127 2128 2146 2145)
4(1667 1685 2147 2129)
4(1684 2146 2147 1685)
4(2128 2129 2147 2146)
4(1668 1686 2148 2130)
4(1685 2147 2148 1686)
4(2129 2130 2148 2147)
4(1669 1687 2149 2131)
4(1686 2148 2149 1687)
4(2130 2131 2149 2148)
4(1670 1688 2150 2132)
4(1687 2149 2150 1688)
4(2131 2132 2150 2149)
4(1671 1689 2151 2133)
4(1688 2150 2151 1689)
4(2132 2133 2151 2150)
4(1672 1690 2152 2134)
4(1689 2151 2152 1690)
4(2133 2134 2152 2151)
4(1673 1691 2153 2135)
4(1690 2152 2153 1691)
4(2134 2135 2153 2152)
4(1674 1692 2154 2136)
4(1691 2153 2154 1692)
4(2135 2136 2154 2153)
4(1675 1693 2155 2137)
4(1692 2154 2155 1693)
4(2136 2137 2155 2154)
4(1676 1694 2156 2138)
4(1693 2155 2156 1694)
4(2137 2138 2156 2155)
4(1694 2156 2157 1695)
4(2138 2139 2157 2156)
4(1679 1697 2159 2141)
4(1696 2158 2159 1697)
4(2140 2141 2159 2158)
4(1680 1698 2160 2142)
4(1697 2159 2160 1698)
4(2141 2142 2160 2159)
4(1681 1699 2161 2143)
4(1698 2160 2161 1699)
4(2142 2143 2161 2160)
4(1682 1700 2162 2144)
4(1699 2161 2162 1700)
4(2143 2144 2162 2161)
4(1683 1701 2163 2145)
4(1700 2162 2163 1701)
4(2144 2145 2163 2162)
4(1684 1702 2164 2146)
4(1701 2163 2164 1702)
4(2145 2146 2164 2163)
4(1685 1703 2165 2147)
4(1702 2164 2165 1703)
4(2146 2147 2165 2164)
4(1686 1704 2166 2148)
4(1703 2165 2166 1704)
4(2147 2148 2166 2165)
4(1687 1705 2167 2149)
4(1704 2166 2167 1705)
4(2148 2149 2167 2166)
4(1688 1706 2168 2150)
4(1705 2167 2168 1706)
4(2149 2150 2168 2167)
4(1689 1707 2169 2151)
4(1706 2168 2169 1707)
4(2150 2151 2169 2168)
4(1690 1708 2170 2152)
4(1707 2169 2170 1708)
4(2151 2152 2170 2169)
4(1691 1709 2171 2153)
4(1708 2170 2171 1709)
4(2152 2153 2171 2170)
4(1692 1710 2172 2154)
4(1709 2171 2172 1710)
4(2153 2154 2172 2171)
4(1693 1711 2173 2155)
4(1710 2172 2173 1711)
4(2154 2155 2173 2172)
4(1694 1712 2174 2156)
4(1711 2173 2174 1712)
4(2155 2156 2174 2173)
4(1712 2174 2175 1713)
4(2156 2157 2175 2174)
4(1697 1715 2177 2159)
4(1714 2176 2177 1715)
4(2158 2159 2177 2176)
4(1698 1716 2178 2160)
4(1715 2177 2178 1716)
4(2159 2160 2178 2177)
4(1699 1717 2179 2161)
4(1716 2178 2179 1717)
4(2160 2161 2179 2178)
4(1700 1718 2180 2162)
4(1717 2179 2180 1718)
4(2161 2162 2180 2179)
4(1701 1719 2181 2163)
4(1718 2180 2181 1719)
4(2162 2163 2181 2180)
4(1702 1720 2182 2164)
4(1719 2181 2182 1720)
4(2163 2164 2182 2181)
4(1703 1721 2183 2165)
4(1720 2182 2183 1721)
4(2164 2165 2183 2182)
4(1704 1722 2184 2166)
4(1721 2183 2184 1722)
4(2165 2166 2184 2183)
4(1705 1723 2185 2167)
4(1722 2184 2185 1723)
4(2166 2167 2185 2184)
4(1706 1724 2186 2168)
4(1723 2185 2186 1724)
4(2167 2168 2186 2185)
4(1707 1725 2187 2169)
4(1724 2186 2187 1725)
4(2168 2169 2187 2186)
4(1708 1726 2188 2170)
4(1725 2187 2188 1726)
4(2169 2170 2188 2187)
4(1709 1727 2189 2171)
4(1726 2188 2189 1727)
4(2170 2171 2189 2188)
4(1710 1728 2190 2172)
4(1727 2189 2190 1728)
4(2171 2172 2190 2189)
4(1711 1729 2191 2173)
4(1728 2190 2191 1729)
4(2172 2173 2191 2190)
4(1712 1730 2192 2174)
4(1729 2191 2192 1730)
4(2173 2174 2192 2191)
4(1730 2192 2193 1731)
4(2174 2175 2193 2192)
4(1715 1733 2195 2177)
4(1732 2194 2195 1733)
4(2176 2177 2195 2194)
4(1716 1734 2196 2178)
4(1733 2195 2196 1734)
4(2177 2178 2196 2195)
4(1717 1735 2197 2179)
4(1734 2196 2197 1735)
4(2178 2179 2197 2196)
4(1718 1736 2198 2180)
4(1735 2197 2198 1736)
4(2179 2180 2198 2197)
4(1719 1737 2199 2181)
4(1736 2198 2199 1737)
4(2180 2181 2199 2198)
4(1720 1738 2200 2182)
4(1737 2199 2200 1738)
4(2181 2182 2200 2199)
4(1721 1739 2201 2183)
4(1738 2200 2201 1739)
4(2182 2183 2201 2200)
4(1722 1740 2202 2184)
4(1739 2201 2202 1740)
4(2183 2184 2202 2201)
4(1723 1741 2203 2185)
4(1740 2202 2203 1741)
4(2184 2185 2203 2202)
4(1724 1742 2204 2186)
4(1741 2203 2204 1742)
4(2185 2186 2204 2203)
4(1725 1743 2205 2187)
4(1742 2204 2205 1743)
4(2186 2187 2205 2204)
4(1726 1744 2206 2188)
4(1743 2205 2206 1744)
4(2187 2188 2206 2205)
4(1727 1745 2207 2189)
4(1744 2206 2207 1745)
4(2188 2189 2207 2206)
4(1728 1746 2208 2190)
4(1745 2207 2208 1746)
4(2189 2190 2208 2207)
4(1729 1747 2209 2191)
4(1746 2208 2209 1747)
4(2190 2191 2209 2208)
4(1730 1748 2210 2192)
4(1747 2209 2210 1748)
4(2191 2192 2210 2209)
4(1748 2210 2211 1749)
4(2192 2193 2211 2210)
4(1733 1751 2213 2195)
4(1750 2212 2213 1751)
4(2194 2195 2213 2212)
4(1734 1752 2214 2196)
4(1751 2213 2214 1752)
4(2195 2196 2214 2213)
4(1735 1753 2215 2197)
4(1752 2214 2215 1753)
4(2196 2197 2215 2214)
4(1736 1754 2216 2198)
4(1753 2215 2216 1754)
4(2197 2198 2216 2215)
4(1737 1755 2217 2199)
4(1754 2216 2217 1755)
4(2198 2199 2217 2216)
4(1738 1756 2218 2200)
4(1755 2217 2218 1756)
4(2199 2200 2218 2217)
4(1739 1757 2219 2201)
4(1756 2218 2219 1757)
4(2200 2201 2219 2218)
4(1740 1758 2220 2202)
4(1757 2219 2220 1758)
4(2201 2202 2220 2219)
4(1741 1759 2221 2203)
4(1758 2220 2221 1759)
4(2202 2203 2221 2220)
4(1742 1760 2222 2204)
4(1759 2221 2222 1760)
4(2203 2204 2222 2221)
4(1743 1761 2223 2205)
4(1760 2222 2223 1761)
4(2204 2205 2223 2222)
4(1744 1762 2224 2206)
4(1761 2223 2224 1762)
4(2205 2206 2224 2223)
4(1745 1763 2225 2207)
4(1762 2224 2225 1763)
4(2206 2207 2225 2224)
4(1746 1764 2226 2208)
4(1763 2225 2226 1764)
4(2207 2208 2226 2225)
4(1747 1765 2227 2209)
4(1764 2226 2227 1765)
4(2208 2209 2227 2226)
4(1748 1766 2228 2210)
4(1765 2227 2228 1766)
4(2209 2210 2228 2227)
4(1766 2228 2229 1767)
4(2210 2211 2229 2228)
4(1751 1769 2231 2213)
4(1768 2230 2231 1769)
4(2212 2213 2231 2230)
4(1752 1770 2232 2214)
4(1769 2231 2232 1770)
4(2213 2214 2232 2231)
4(1753 1771 2233 2215)
4(1770 2232 2233 1771)
4(2214 2215 2233 2232)
4(1754 1772 2234 2216)
4(1771 2233 2234 1772)
4(2215 2216 2234 2233)
4(1755 1773 2235 2217)
4(1772 2234 2235 1773)
4(2216 2217 2235 2234)
4(1756 1774 2236 2218)
4(1773 2235 2236 1774)
4(2217 2218 2236 2235)
4(1757 1775 2237 2219)
4(1774 2236 2237 1775)
4(2218 2219 2237 2236)
4(1758 1776 2238 2220)
4(1775 2237 2238 1776)
4(2219 2220 2238 2237)
4(1759 1777 2239 2221)
4(1776 2238 2239 1777)
4(2220 2221 2239 2238)
4(1760 1778 2240 2222)
4(1777 2239 2240 1778)
4(2221 2222 2240 2239)
4(1761 1779 2241 2223)
4(1778 2240 2241 1779)
4(2222 2223 2241 2240)
4(1762 1780 2242 2224)
4(1779 2241 2242 1780)
4(2223 2224 2242 2241)
4(1763 1781 2243 2225)
4(1780 2242 2243 1781)
4(2224 2225 2243 2242)
4(1764 1782 2244 2226)
4(1781 2243 2244 1782)
4(2225 2226 2244 2243)
4(1765 1783 2245 2227)
4(1782 2244 2245 1783)
4(2226 2227 2245 2244)
4(1766 1784 2246 2228)
4(1783 2245 2246 1784)
4(2227 2228 2246 2245)
4(1784 2246 2247 1785)
4(2228 2229 2247 2246)
4(1769 1787 2249 2231)
4(1786 2248 2249 1787)
4(2230 2231 2249 2248)
4(1770 1788 2250 2232)
4(1787 2249 2250 1788)
4(2231 2232 2250 2249)
4(1771 1789 2251 2233)
4(1788 2250 2251 1789)
4(2232 2233 2251 2250)
4(1772 1790 2252 2234)
4(1789 2251 2252 1790)
4(2233 2234 2252 2251)
4(1773 1791 2253 2235)
4(1790 2252 2253 1791)
4(2234 2235 2253 2252)
4(1774 1792 2254 2236)
4(1791 2253 2254 1792)
4(2235 2236 2254 2253)
4(1775 1793 2255 2237)
4(1792 2254 2255 1793)
4(2236 2237 2255 2254)
4(1776 1794 2256 2238)
4(1793 2255 2256 1794)
4(2237 2238 2256 2255)
4(1777 1795 2257 2239)
4(1794 2256 2257 1795)
4(2238 2239 2257 2256)
4(1778 1796 2258 2240)
4(1795 2257 2258 1796)
4(2239 2240 2258 2257)
4(1779 1797 2259 2241)
4(1796 2258 2259 1797)
4(2240 2241 2259 2258)
4(1780 1798 2260 2242)
4(1797 2259 2260 1798)
4(2241 2242 2260 2259)
4(1781 1799 2261 2243)
4(1798 2260 2261 1799)
4(2242 2243 2261 2260)
4(1782 1800 2262 2244)
4(1799 2261 2262 1800)
4(2243 2244 2262 2261)
4(1783 1801 2263 2245)
4(1800 2262 2263 1801)
4(2244 2245 2263 2262)
4(1784 1802 2264 2246)
4(1801 2263 2264 1802)
4(2245 2246 2264 2263)
4(1802 2264 2265 1803)
4(2246 2247 2265 2264)
4(1787 1805 2267 2249)
4(1804 2266 2267 1805)
4(2248 2249 2267 2266)
4(1788 1806 2268 2250)
4(1805 2267 2268 1806)
4(2249 2250 2268 2267)
4(1789 1807 2269 2251)
4(1806 2268 2269 1807)
4(2250 2251 2269 2268)
4(1790 1808 2270 2252)
4(1807 2269 2270 1808)
4(2251 2252 2270 2269)
4(1791 1809 2271 2253)
4(1808 2270 2271 1809)
4(2252 2253 2271 2270)
4(1792 1810 2272 2254)
4(1809 2271 2272 1810)
4(2253 2254 2272 2271)
4(1793 1811 2273 2255)
4(1810 2272 2273 1811)
4(2254 2255 2273 2272)
4(1794 1812 2274 2256)
4(1811 2273 2274 1812)
4(2255 2256 2274 2273)
4(1795 1813 2275 2257)
4(1812 2274 2275 1813)
4(2256 2257 2275 2274)
4(1796 1814 2276 2258)
4(1813 2275 2276 1814)
4(2257 2258 2276 2275)
4(1797 1815 2277 2259)
4(1814 2276 2277 1815)
4(2258 2259 2277 2276)
4(1798 1816 2278 2260)
4(2259 2260 2278 2277)
4(1799 1817 2279 2261)
4(2260 2261 2279 2278)
4(1800 1818 2280 2262)
4(2261 2262 2280 2279)
4(1801 1819 2281 2263)
4(2262 2263 2281 2280)
4(1802 1820 2282 2264)
4(2263 2264 2282 2281)
4(2264 2265 2283 2282)
4(1805 1823 2285 2267)
4(2266 2267 2285 2284)
4(1806 1824 2286 2268)
4(2267 2268 2286 2285)
4(1807 1825 2287 2269)
4(2268 2269 2287 2286)
4(1808 1826 2288 2270)
4(2269 2270 2288 2287)
4(1809 1827 2289 2271)
4(2270 2271 2289 2288)
4(1810 1828 2290 2272)
4(2271 2272 2290 2289)
4(1811 1829 2291 2273)
4(2272 2273 2291 2290)
4(1812 1830 2292 2274)
4(2273 2274 2292 2291)
4(1813 1831 2293 2275)
4(2274 2275 2293 2292)
4(1814 1832 2294 2276)
4(2275 2276 2294 2293)
4(2276 2277 2295 2294)
4(1835 1853 2318 2300)
4(1852 2317 2318 1853)
4(1836 1854 2319 2301)
4(1853 2318 2319 1854)
4(1837 1855 2320 2302)
4(1854 2319 2320 1855)
4(1838 1856 2321 2303)
4(1855 2320 2321 1856)
4(1839 1857 2322 2304)
4(1856 2321 2322 1857)
4(1840 1858 2323 2305)
4(1857 2322 2323 1858)
4(1841 1859 2324 2306)
4(1858 2323 2324 1859)
4(1842 1860 2325 2307)
4(1859 2324 2325 1860)
4(1843 1861 2326 2308)
4(1860 2325 2326 1861)
4(1844 1862 2327 2309)
4(1861 2326 2327 1862)
4(1845 1863 2328 2310)
4(1862 2327 2328 1863)
4(1846 1864 2329 2311)
4(1863 2328 2329 1864)
4(1847 1865 2330 2312)
4(1864 2329 2330 1865)
4(1848 1866 2331 2313)
4(1865 2330 2331 1866)
4(1849 1867 2332 2314)
4(1866 2331 2332 1867)
4(1850 1868 2333 2315)
4(1867 2332 2333 1868)
4(1868 2333 2334 1869)
4(1853 1871 2336 2318)
4(1870 2335 2336 1871)
4(1854 1872 2337 2319)
4(1871 2336 2337 1872)
4(1855 1873 2338 2320)
4(1872 2337 2338 1873)
4(1856 1874 2339 2321)
4(1873 2338 2339 1874)
4(1857 1875 2340 2322)
4(1874 2339 2340 1875)
4(1858 1876 2341 2323)
4(1875 2340 2341 1876)
4(1859 1877 2342 2324)
4(1876 2341 2342 1877)
4(1860 1878 2343 2325)
4(1877 2342 2343 1878)
4(1861 1879 2344 2326)
4(1878 2343 2344 1879)
4(1862 1880 2345 2327)
4(1879 2344 2345 1880)
4(1863 1881 2346 2328)
4(1880 2345 2346 1881)
4(1864 1882 2347 2329)
4(1881 2346 2347 1882)
4(1865 1883 2348 2330)
4(1882 2347 2348 1883)
4(1866 1884 2349 2331)
4(1883 2348 2349 1884)
4(1867 1885 2350 2332)
4(1884 2349 2350 1885)
4(1868 1886 2351 2333)
4(1885 2350 2351 1886)
4(1886 2351 2352 1887)
4(1871 1889 2354 2336)
4(1888 2353 2354 1889)
4(1872 1890 2355 2337)
4(1889 2354 2355 1890)
4(1873 1891 2356 2338)
4(1890 2355 2356 1891)
4(1874 1892 2357 2339)
4(1891 2356 2357 1892)
4(1875 1893 2358 2340)
4(1892 2357 2358 1893)
4(1876 1894 2359 2341)
4(1893 2358 2359 1894)
4(1877 1895 2360 2342)
4(1894 2359 2360 1895)
4(1878 1896 2361 2343)
4(1895 2360 2361 1896)
4(1879 1897 2362 2344)
4(1896 2361 2362 1897)
4(1880 1898 2363 2345)
4(1897 2362 2363 1898)
4(1881 1899 2364 2346)
4(1898 2363 2364 1899)
4(1882 1900 2365 2347)
4(1899 2364 2365 1900)
4(1883 1901 2366 2348)
4(1900 2365 2366 1901)
4(1884 1902 2367 2349)
4(1901 2366 2367 1902)
4(1885 1903 2368 2350)
4(1902 2367 2368 1903)
4(1886 1904 2369 2351)
4(1903 2368 2369 1904)
4(1904 2369 2370 1905)
4(1889 1907 2372 2354)
4(1906 2371 2372 1907)
4(1890 1908 2373 2355)
4(1907 2372 2373 1908)
4(1891 1909 2374 2356)
4(1908 2373 2374 1909)
4(1892 1910 2375 2357)
4(1909 2374 2375 1910)
4(1893 1911 2376 2358)
4(1910 2375 2376 1911)
4(1894 1912 2377 2359)
4(1911 2376 2377 1912)
4(1895 1913 2378 2360)
4(1912 2377 2378 1913)
4(1896 1914 2379 2361)
4(1913 2378 2379 1914)
4(1897 1915 2380 2362)
4(1914 2379 2380 1915)
4(1898 1916 2381 2363)
4(1915 2380 2381 1916)
4(1899 1917 2382 2364)
4(1916 2381 2382 1917)
4(1900 1918 2383 2365)
4(1917 2382 2383 1918)
4(1901 1919 2384 2366)
4(1918 2383 2384 1919)
4(1902 1920 2385 2367)
4(1919 2384 2385 1920)
4(1903 1921 2386 2368)
4(1920 2385 2386 1921)
4(1904 1922 2387 2369)
4(1921 2386 2387 1922)
4(1922 2387 2388 1923)
4(1907 1925 2390 2372)
4(1924 2389 2390 1925)
4(1908 1926 2391 2373)
4(1925 2390 2391 1926)
4(1909 1927 2392 2374)
4(1926 2391 2392 1927)
4(1910 1928 2393 2375)
4(1927 2392 2393 1928)
4(1911 1929 2394 2376)
4(1928 2393 2394 1929)
4(1912 1930 2395 2377)
4(1929 2394 2395 1930)
4(1913 1931 2396 2378)
4(1930 2395 2396 1931)
4(1914 1932 2397 2379)
4(1931 2396 2397 1932)
4(1915 1933 2398 2380)
4(1932 2397 2398 1933)
4(1916 1934 2399 2381)
4(1933 2398 2399 1934)
4(1917 1935 2400 2382)
4(1934 2399 2400 1935)
4(1918 1936 2401 2383)
4(1935 2400 2401 1936)
4(1919 1937 2402 2384)
4(1936 2401 2402 1937)
4(1920 1938 2403 2385)
4(1937 2402 2403 1938)
4(1921 1939 2404 2386)
4(1938 2403 2404 1939)
4(1922 1940 2405 2387)
4(1939 2404 2405 1940)
4(1940 2405 2406 1941)
4(1925 1943 2408 2390)
4(1942 2407 2408 1943)
4(1926 1944 2409 2391)
4(1943 2408 2409 1944)
4(1927 1945 2410 2392)
4(1944 2409 2410 1945)
4(1928 1946 2411 2393)
4(1945 2410 2411 1946)
4(1929 1947 2412 2394)
4(1946 2411 2412 1947)
4(1930 1948 2413 2395)
4(1947 2412 2413 1948)
4(1931 1949 2414 2396)
4(1948 2413 2414 1949)
4(1932 1950 2415 2397)
4(1949 2414 2415 1950)
4(1933 1951 2416 2398)
4(1950 2415 2416 1951)
4(1934 1952 2417 2399)
4(1951 2416 2417 1952)
4(1935 1953 2418 2400)
4(1952 2417 2418 1953)
4(1936 1954 2419 2401)
4(1953 2418 2419 1954)
4(1937 1955 2420 2402)
4(1954 2419 2420 1955)
4(1938 1956 2421 2403)
4(1955 2420 2421 1956)
4(1939 1957 2422 2404)
4(1956 2421 2422 1957)
4(1940 1958 2423 2405)
4(1957 2422 2423 1958)
4(1958 2423 2424 1959)
4(1943 1961 2426 2408)
4(1960 2425 2426 1961)
4(1944 1962 2427 2409)
4(1961 2426 2427 1962)
4(1945 1963 2428 2410)
4(1962 2427 2428 1963)
4(1946 1964 2429 2411)
4(1963 2428 2429 1964)
4(1947 1965 2430 2412)
4(1964 2429 2430 1965)
4(1948 1966 2431 2413)
4(1965 2430 2431 1966)
4(1949 1967 2432 2414)
4(1966 2431 2432 1967)
4(1950 1968 2433 2415)
4(1967 2432 2433 1968)
4(1951 1969 2434 2416)
4(1968 2433 2434 1969)
4(1952 1970 2435 2417)
4(1969 2434 2435 1970)
4(1953 1971 2436 2418)
4(1970 2435 2436 1971)
4(1954 1972 2437 2419)
4(1971 2436 2437 1972)
4(1955 1973 2438 2420)
4(1972 2437 2438 1973)
4(1956 1974 2439 2421)
4(1973 2438 2439 1974)
4(1957 1975 2440 2422)
4(1974 2439 2440 1975)
4(1958 1976 2441 2423)
4(1975 2440 2441 1976)
4(1976 2441 2442 1977)
4(1961 1979 2444 2426)
4(1978 2443 2444 1979)
4(1962 1980 2445 2427)
4(1979 2444 2445 1980)
4(1963 1981 2446 2428)
4(1980 2445 2446 1981)
4(1964 1982 2447 2429)
4(1981 2446 2447 1982)
4(1965 1983 2448 2430)
4(1982 2447 2448 1983)
4(1966 1984 2449 2431)
4(1983 2448 2449 1984)
4(1967 1985 2450 2432)
4(1984 2449 2450 1985)
4(1968 1986 2451 2433)
4(1985 2450 2451 1986)
4(1969 1987 2452 2434)
4(1986 2451 2452 1987)
4(1970 1988 2453 2435)
4(1987 2452 2453 1988)
4(1971 1989 2454 2436)
4(1988 2453 2454 1989)
4(1972 1990 2455 2437)
4(1989 2454 2455 1990)
4(1973 1991 2456 2438)
4(1990 2455 2456 1991)
4(1974 1992 2457 2439)
4(1991 2456 2457 1992)
4(1975 1993 2458 2440)
4(1992 2457 2458 1993)
4(1976 1994 2459 2441)
4(1993 2458 2459 1994)
4(1994 2459 2460 1995)
4(1979 1997 2462 2444)
4(1996 2461 2462 1997)
4(1980 1998 2463 2445)
4(1997 2462 2463 1998)
4(1981 1999 2464 2446)
4(1998 2463 2464 1999)
4(1982 2000 2465 2447)
4(1999 2464 2465 2000)
4(1983 2001 2466 2448)
4(2000 2465 2466 2001)
4(1984 2002 2467 2449)
4(2001 2466 2467 2002)
4(1985 2003 2468 2450)
4(2002 2467 2468 2003)
4(1986 2004 2469 2451)
4(2003 2468 2469 2004)
4(1987 2005 2470 2452)
4(2004 2469 2470 2005)
4(1988 2006 2471 2453)
4(2005 2470 2471 2006)
4(1989 2007 2472 2454)
4(2006 2471 2472 2007)
4(1990 2008 2473 2455)
4(2007 2472 2473 2008)
4(1991 2009 2474 2456)
4(2008 2473 2474 2009)
4(1992 2010 2475 2457)
4(2009 2474 2475 2010)
4(1993 2011 2476 2458)
4(2010 2475 2476 2011)
4(1994 2012 2477 2459)
4(2011 2476 2477 2012)
4(2012 2477 2478 2013)
4(1997 2015 2480 2462)
4(2014 2479 2480 2015)
4(1998 2016 2481 2463)
4(2015 2480 2481 2016)
4(1999 2017 2482 2464)
4(2016 2481 2482 2017)
4(2000 2018 2483 2465)
4(2017 2482 2483 2018)
4(2001 2019 2484 2466)
4(2018 2483 2484 2019)
4(2002 2020 2485 2467)
4(2019 2484 2485 2020)
4(2003 2021 2486 2468)
4(2020 2485 2486 2021)
4(2004 2022 2487 2469)
4(2021 2486 2487 2022)
4(2005 2023 2488 2470)
4(2022 2487 2488 2023)
4(2006 2024 2489 2471)
4(2023 2488 2489 2024)
4(2007 2025 2490 2472)
4(2024 2489 2490 2025)
4(2008 2026 2491 2473)
4(2025 2490 2491 2026)
4(2009 2027 2492 2474)
4(2026 2491 2492 2027)
4(2010 2028 2493 2475)
4(2027 2492 2493 2028)
4(2011 2029 2494 2476)
4(2028 2493 2494 2029)
4(2012 2030 2495 2477)
4(2029 2494 2495 2030)
4(2030 2495 2496 2031)
4(2015 2033 2498 2480)
4(2032 2497 2498 2033)
4(2016 2034 2499 2481)
4(2033 2498 2499 2034)
4(2017 2035 2500 2482)
4(2034 2499 2500 2035)
4(2018 2036 2501 2483)
4(2035 2500 2501 2036)
4(2019 2037 2502 2484)
4(2036 2501 2502 2037)
4(2020 2038 2503 2485)
4(2037 2502 2503 2038)
4(2021 2039 2504 2486)
4(2038 2503 2504 2039)
4(2022 2040 2505 2487)
4(2039 2504 2505 2040)
4(2023 2041 2506 2488)
4(2040 2505 2506 2041)
4(2024 2042 2507 2489)
4(2041 2506 2507 2042)
4(2025 2043 2508 2490)
4(2042 2507 2508 2043)
4(2026 2044 2509 2491)
4(2043 2508 2509 2044)
4(2027 2045 2510 2492)
4(2044 2509 2510 2045)
4(2028 2046 2511 2493)
4(2045 2510 2511 2046)
4(2029 2047 2512 2494)
4(2046 2511 2512 2047)
4(2030 2048 2513 2495)
4(2047 2512 2513 2048)
4(2048 2513 2514 2049)
4(2033 2051 2516 2498)
4(2050 2515 2516 2051)
4(2034 2052 2517 2499)
4(2051 2516 2517 2052)
4(2035 2053 2518 2500)
4(2052 2517 2518 2053)
4(2036 2054 2519 2501)
4(2053 2518 2519 2054)
4(2037 2055 2520 2502)
4(2054 2519 2520 2055)
4(2038 2056 2521 2503)
4(2055 2520 2521 2056)
4(2039 2057 2522 2504)
4(2056 2521 2522 2057)
4(2040 2058 2523 2505)
4(2057 2522 2523 2058)
4(2041 2059 2524 2506)
4(2058 2523 2524 2059)
4(2042 2060 2525 2507)
4(2059 2524 2525 2060)
4(2043 2061 2526 2508)
4(2060 2525 2526 2061)
4(2044 2062 2527 2509)
4(2061 2526 2527 2062)
4(2045 2063 2528 2510)
4(2062 2527 2528 2063)
4(2046 2064 2529 2511)
4(2063 2528 2529 2064)
4(2047 2065 2530 2512)
4(2064 2529 2530 2065)
4(2048 2066 2531 2513)
4(2065 2530 2531 2066)
4(2066 2531 2532 2067)
4(2051 2069 2534 2516)
4(2068 2533 2534 2069)
4(2052 2070 2535 2517)
4(2069 2534 2535 2070)
4(2053 2071 2536 2518)
4(2070 2535 2536 2071)
4(2054 2072 2537 2519)
4(2071 2536 2537 2072)
4(2055 2073 2538 2520)
4(2072 2537 2538 2073)
4(2056 2074 2539 2521)
4(2073 2538 2539 2074)
4(2057 2075 2540 2522)
4(2074 2539 2540 2075)
4(2058 2076 2541 2523)
4(2075 2540 2541 2076)
4(2059 2077 2542 2524)
4(2076 2541 2542 2077)
4(2060 2078 2543 2525)
4(2077 2542 2543 2078)
4(2061 2079 2544 2526)
4(2078 2543 2544 2079)
4(2062 2080 2545 2527)
4(2079 2544 2545 2080)
4(2063 2081 2546 2528)
4(2080 2545 2546 2081)
4(2064 2082 2547 2529)
4(2081 2546 2547 2082)
4(2065 2083 2548 2530)
4(2082 2547 2548 2083)
4(2066 2084 2549 2531)
4(2083 2548 2549 2084)
4(2084 2549 2550 2085)
4(2069 2087 2552 2534)
4(2086 2551 2552 2087)
4(2070 2088 2553 2535)
4(2087 2552 2553 2088)
4(2071 2089 2554 2536)
4(2088 2553 2554 2089)
4(2072 2090 2555 2537)
4(2089 2554 2555 2090)
4(2073 2091 2556 2538)
4(2090 2555 2556 2091)
4(2074 2092 2557 2539)
4(2091 2556 2557 2092)
4(2075 2093 2558 2540)
4(2092 2557 2558 2093)
4(2076 2094 2559 2541)
4(2093 2558 2559 2094)
4(2077 2095 2560 2542)
4(2094 2559 2560 2095)
4(2078 2096 2561 2543)
4(2095 2560 2561 2096)
4(2079 2097 2562 2544)
4(2096 2561 2562 2097)
4(2080 2098 2563 2545)
4(2097 2562 2563 2098)
4(2081 2099 2564 2546)
4(2098 2563 2564 2099)
4(2082 2100 2565 2547)
4(2099 2564 2565 2100)
4(2083 2101 2566 2548)
4(2100 2565 2566 2101)
4(2084 2102 2567 2549)
4(2101 2566 2567 2102)
4(2102 2567 2568 2103)
4(2087 2105 2570 2552)
4(2104 2569 2570 2105)
4(2088 2106 2571 2553)
4(2105 2570 2571 2106)
4(2089 2107 2572 2554)
4(2106 2571 2572 2107)
4(2090 2108 2573 2555)
4(2107 2572 2573 2108)
4(2091 2109 2574 2556)
4(2108 2573 2574 2109)
4(2092 2110 2575 2557)
4(2109 2574 2575 2110)
4(2093 2111 2576 2558)
4(2110 2575 2576 2111)
4(2094 2112 2577 2559)
4(2111 2576 2577 2112)
4(2095 2113 2578 2560)
4(2112 2577 2578 2113)
4(2096 2114 2579 2561)
4(2113 2578 2579 2114)
4(2097 2115 2580 2562)
4(2114 2579 2580 2115)
4(2098 2116 2581 2563)
4(2115 2580 2581 2116)
4(2099 2117 2582 2564)
4(2116 2581 2582 2117)
4(2100 2118 2583 2565)
4(2117 2582 2583 2118)
4(2101 2119 2584 2566)
4(2118 2583 2584 2119)
4(2102 2120 2585 2567)
4(2119 2584 2585 2120)
4(2120 2585 2586 2121)
4(2105 2123 2588 2570)
4(2122 2587 2588 2123)
4(2106 2124 2589 2571)
4(2123 2588 2589 2124)
4(2107 2125 2590 2572)
4(2124 2589 2590 2125)
4(2108 2126 2591 2573)
4(2125 2590 2591 2126)
4(2109 2127 2592 2574)
4(2126 2591 2592 2127)
4(2110 2128 2593 2575)
4(2127 2592 2593 2128)
4(2111 2129 2594 2576)
4(2128 2593 2594 2129)
4(2112 2130 2595 2577)
4(2129 2594 2595 2130)
4(2113 2131 2596 2578)
4(2130 2595 2596 2131)
4(2114 2132 2597 2579)
4(2131 2596 2597 2132)
4(2115 2133 2598 2580)
4(2132 2597 2598 2133)
4(2116 2134 2599 2581)
4(2133 2598 2599 2134)
4(2117 2135 2600 2582)
4(2134 2599 2600 2135)
4(2118 2136 2601 2583)
4(2135 2600 2601 2136)
4(2119 2137 2602 2584)
4(2136 2601 2602 2137)
4(2120 2138 2603 2585)
4(2137 2602 2603 2138)
4(2138 2603 2604 2139)
4(2123 2141 2606 2588)
4(2140 2605 2606 2141)
4(2124 2142 2607 2589)
4(2141 2606 2607 2142)
4(2125 2143 2608 2590)
4(2142 2607 2608 2143)
4(2126 2144 2609 2591)
4(2143 2608 2609 2144)
4(2127 2145 2610 2592)
4(2144 2609 2610 2145)
4(2128 2146 2611 2593)
4(2145 2610 2611 2146)
4(2129 2147 2612 2594)
4(2146 2611 2612 2147)
4(2130 2148 2613 2595)
4(2147 2612 2613 2148)
4(2131 2149 2614 2596)
4(2148 2613 2614 2149)
4(2132 2150 2615 2597)
4(2149 2614 2615 2150)
4(2133 2151 2616 2598)
4(2150 2615 2616 2151)
4(2134 2152 2617 2599)
4(2151 2616 2617 2152)
4(2135 2153 2618 2600)
4(2152 2617 2618 2153)
4(2136 2154 2619 2601)
4(2153 2618 2619 2154)
4(2137 2155 2620 2602)
4(2154 2619 2620 2155)
4(2138 2156 2621 2603)
4(2155 2620 2621 2156)
4(2156 2621 2622 2157)
4(2141 2159 2624 2606)
4(2158 2623 2624 2159)
4(2142 2160 2625 2607)
4(2159 2624 2625 2160)
4(2143 2161 2626 2608)
4(2160 2625 2626 2161)
4(2144 2162 2627 2609)
4(2161 2626 2627 2162)
4(2145 2163 2628 2610)
4(2162 2627 2628 2163)
4(2146 2164 2629 2611)
4(2163 2628 2629 2164)
4(2147 2165 2630 2612)
4(2164 2629 2630 2165)
4(2148 2166 2631 2613)
4(2165 2630 2631 2166)
4(2149 2167 2632 2614)
4(2166 2631 2632 2167)
4(2150 2168 2633 2615)
4(2167 2632 2633 2168)
4(2151 2169 2634 2616)
4(2168 2633 2634 2169)
4(2152 2170 2635 2617)
4(2169 2634 2635 2170)
4(2153 2171 2636 2618)
4(2170 2635 2636 2171)
4(2154 2172 2637 2619)
4(2171 2636 2637 2172)
4(2155 2173 2638 2620)
4(2172 2637 2638 2173)
4(2156 2174 2639 2621)
4(2173 2638 2639 2174)
4(2174 2639 2640 2175)
4(2159 2177 2642 2624)
4(2176 2641 2642 2177)
4(2160 2178 2643 2625)
4(2177 2642 2643 2178)
4(2161 2179 2644 2626)
4(2178 2643 2644 2179)
4(2162 2180 2645 2627)
4(2179 2644 2645 2180)
4(2163 2181 2646 2628)
4(2180 2645 2646 2181)
4(2164 2182 2647 2629)
4(2181 2646 2647 2182)
4(2165 2183 2648 2630)
4(2182 2647 2648 2183)
4(2166 2184 2649 2631)
4(2183 2648 2649 2184)
4(2167 2185 2650 2632)
4(2184 2649 2650 2185)
4(2168 2186 2651 2633)
4(2185 2650 2651 2186)
4(2169 2187 2652 2634)
4(2186 2651 2652 2187)
4(2170 2188 2653 2635)
4(2187 2652 2653 2188)
4(2171 2189 2654 2636)
4(2188 2653 2654 2189)
4(2172 2190 2655 2637)
4(2189 2654 2655 2190)
4(2173 2191 2656 2638)
4(2190 2655 2656 2191)
4(2174 2192 2657 2639)
4(2191 2656 2657 2192)
4(2192 2657 2658 2193)
4(2177 2195 2660 2642)
4(2194 2659 2660 2195)
4(2178 2196 2661 2643)
4(2195 2660 2661 2196)
4(2179 2197 2662 2644)
4(2196 2661 2662 2197)
4(2180 2198 2663 2645)
4(2197 2662 2663 2198)
4(2181 2199 2664 2646)
4(2198 2663 2664 2199)
4(2182 2200 2665 2647)
4(2199 2664 2665 2200)
4(2183 2201 2666 2648)
4(2200 2665 2666 2201)
4(2184 2202 2667 2649)
4(2201 2666 2667 2202)
4(2185 2203 2668 2650)
4(2202 2667 2668 2203)
4(2186 2204 2669 2651)
4(2203 2668 2669 2204)
4(2187 2205 2670 2652)
4(2204 2669 2670 2205)
4(2188 2206 2671 2653)
4(2205 2670 2671 2206)
4(2189 2207 2672 2654)
4(2206 2671 2672 2207)
4(2190 2208 2673 2655)
4(2207 2672 2673 2208)
4(2191 2209 2674 2656)
4(2208 2673 2674 2209)
4(2192 2210 2675 2657)
4(2209 2674 2675 2210)
4(2210 2675 2676 2211)
4(2195 2213 2678 2660)
4(2212 2677 2678 2213)
4(2196 2214 2679 2661)
4(2213 2678 2679 2214)
4(2197 2215 2680 2662)
4(2214 2679 2680 2215)
4(2198 2216 2681 2663)
4(2215 2680 2681 2216)
4(2199 2217 2682 2664)
4(2216 2681 2682 2217)
4(2200 2218 2683 2665)
4(2217 2682 2683 2218)
4(2201 2219 2684 2666)
4(2218 2683 2684 2219)
4(2202 2220 2685 2667)
4(2219 2684 2685 2220)
4(2203 2221 2686 2668)
4(2220 2685 2686 2221)
4(2204 2222 2687 2669)
4(2221 2686 2687 2222)
4(2205 2223 2688 2670)
4(2222 2687 2688 2223)
4(2206 2224 2689 2671)
4(2223 2688 2689 2224)
4(2207 2225 2690 2672)
4(2224 2689 2690 2225)
4(2208 2226 2691 2673)
4(2225 2690 2691 2226)
4(2209 2227 2692 2674)
4(2226 2691 2692 2227)
4(2210 2228 2693 2675)
4(2227 2692 2693 2228)
4(2228 2693 2694 2229)
4(2213 2231 2696 2678)
4(2230 2695 2696 2231)
4(2214 2232 2697 2679)
4(2231 2696 2697 2232)
4(2215 2233 2698 2680)
4(2232 2697 2698 2233)
4(2216 2234 2699 2681)
4(2233 2698 2699 2234)
4(2217 2235 2700 2682)
4(2234 2699 2700 2235)
4(2218 2236 2701 2683)
4(2235 2700 2701 2236)
4(2219 2237 2702 2684)
4(2236 2701 2702 2237)
4(2220 2238 2703 2685)
4(2237 2702 2703 2238)
4(2221 2239 2704 2686)
4(2238 2703 2704 2239)
4(2222 2240 2705 2687)
4(2239 2704 2705 2240)
4(2223 2241 2706 2688)
4(2240 2705 2706 2241)
4(2224 2242 2707 2689)
4(2241 2706 2707 2242)
4(2225 2243 2708 2690)
4(2242 2707 2708 2243)
4(2226 2244 2709 2691)
4(2243 2708 2709 2244)
4(2227 2245 2710 2692)
4(2244 2709 2710 2245)
4(2228 2246 2711 2693)
4(2245 2710 2711 2246)
4(2246 2711 2712 2247)
4(2231 2249 2714 2696)
4(2248 2713 2714 2249)
4(2232 2250 2715 2697)
4(2249 2714 2715 2250)
4(2233 2251 2716 2698)
4(2250 2715 2716 2251)
4(2234 2252 2717 2699)
4(2251 2716 2717 2252)
4(2235 2253 2718 2700)
4(2252 2717 2718 2253)
4(2236 2254 2719 2701)
4(2253 2718 2719 2254)
4(2237 2255 2720 2702)
4(2254 2719 2720 2255)
4(2238 2256 2721 2703)
4(2255 2720 2721 2256)
4(2239 2257 2722 2704)
4(2256 2721 2722 2257)
4(2240 2258 2723 2705)
4(2257 2722 2723 2258)
4(2241 2259 2724 2706)
4(2258 2723 2724 2259)
4(2242 2260 2725 2707)
4(2259 2724 2725 2260)
4(2243 2261 2726 2708)
4(2260 2725 2726 2261)
4(2244 2262 2727 2709)
4(2261 2726 2727 2262)
4(2245 2263 2728 2710)
4(2262 2727 2728 2263)
4(2246 2264 2729 2711)
4(2263 2728 2729 2264)
4(2264 2729 2730 2265)
4(2249 2267 2732 2714)
4(2266 2731 2732 2267)
4(2250 2268 2733 2715)
4(2267 2732 2733 2268)
4(2251 2269 2734 2716)
4(2268 2733 2734 2269)
4(2252 2270 2735 2717)
4(2269 2734 2735 2270)
4(2253 2271 2736 2718)
4(2270 2735 2736 2271)
4(2254 2272 2737 2719)
4(2271 2736 2737 2272)
4(2255 2273 2738 2720)
4(2272 2737 2738 2273)
4(2256 2274 2739 2721)
4(2273 2738 2739 2274)
4(2257 2275 2740 2722)
4(2274 2739 2740 2275)
4(2258 2276 2741 2723)
4(2275 2740 2741 2276)
4(2259 2277 2742 2724)
4(2276 2741 2742 2277)
4(2260 2278 2743 2725)
4(2277 2742 2743 2278)
4(2261 2279 2744 2726)
4(2278 2743 2744 2279)
4(2262 2280 2745 2727)
4(2279 2744 2745 2280)
4(2263 2281 2746 2728)
4(2264 2282 2747 2729)
4(2267 2285 2750 2732)
4(2268 2286 2751 2733)
4(2269 2287 2752 2734)
4(2270 2288 2753 2735)
4(2271 2289 2754 2736)
4(2272 2290 2755 2737)
4(2273 2291 2756 2738)
4(2274 2292 2757 2739)
4(2275 2293 2758 2740)
4(2276 2294 2759 2741)
4(2277 2295 2760 2742)
4(2278 2296 2761 2743)
4(2279 2297 2762 2744)
4(0 1 456 455)
4(455 456 913 912)
4(912 913 1373 1372)
4(1372 1373 1835 1834)
4(1834 1835 2300 2299)
4(1 2 457 456)
4(456 457 914 913)
4(913 914 1374 1373)
4(1373 1374 1836 1835)
4(1835 1836 2301 2300)
4(2 3 458 457)
4(457 458 915 914)
4(914 915 1375 1374)
4(1374 1375 1837 1836)
4(1836 1837 2302 2301)
4(3 4 459 458)
4(458 459 916 915)
4(915 916 1376 1375)
4(1375 1376 1838 1837)
4(1837 1838 2303 2302)
4(4 5 460 459)
4(459 460 917 916)
4(916 917 1377 1376)
4(1376 1377 1839 1838)
4(1838 1839 2304 2303)
4(5 6 461 460)
4(460 461 918 917)
4(917 918 1378 1377)
4(1377 1378 1840 1839)
4(1839 1840 2305 2304)
4(6 7 462 461)
4(461 462 919 918)
4(918 919 1379 1378)
4(1378 1379 1841 1840)
4(1840 1841 2306 2305)
4(7 8 463 462)
4(462 463 920 919)
4(919 920 1380 1379)
4(1379 1380 1842 1841)
4(1841 1842 2307 2306)
4(8 9 464 463)
4(463 464 921 920)
4(920 921 1381 1380)
4(1380 1381 1843 1842)
4(1842 1843 2308 2307)
4(9 10 465 464)
4(464 465 922 921)
4(921 922 1382 1381)
4(1381 1382 1844 1843)
4(1843 1844 2309 2308)
4(10 11 466 465)
4(465 466 923 922)
4(922 923 1383 1382)
4(1382 1383 1845 1844)
4(1844 1845 2310 2309)
4(11 12 467 466)
4(466 467 924 923)
4(923 924 1384 1383)
4(1383 1384 1846 1845)
4(1845 1846 2311 2310)
4(12 13 468 467)
4(467 468 925 924)
4(924 925 1385 1384)
4(1384 1385 1847 1846)
4(1846 1847 2312 2311)
4(13 14 469 468)
4(468 469 926 925)
4(925 926 1386 1385)
4(1385 1386 1848 1847)
4(1847 1848 2313 2312)
4(14 15 470 469)
4(469 470 927 926)
4(926 927 1387 1386)
4(1386 1387 1849 1848)
4(1848 1849 2314 2313)
4(15 16 471 470)
4(470 471 928 927)
4(927 928 1388 1387)
4(1387 1388 1850 1849)
4(1849 1850 2315 2314)
4(16 17 472 471)
4(471 472 929 928)
4(928 929 1389 1388)
4(1388 1389 1851 1850)
4(1850 1851 2316 2315)
4(17 35 490 472)
4(35 53 508 490)
4(53 71 526 508)
4(71 89 544 526)
4(89 107 562 544)
4(107 125 580 562)
4(125 143 598 580)
4(143 161 616 598)
4(161 179 634 616)
4(179 197 652 634)
4(197 215 670 652)
4(215 233 688 670)
4(233 251 706 688)
4(251 269 724 706)
4(269 287 742 724)
4(287 305 760 742)
4(305 323 778 760)
4(323 341 796 778)
4(341 359 814 796)
4(359 377 832 814)
4(377 395 850 832)
4(395 413 868 850)
4(413 431 886 868)
4(431 449 904 886)
4(472 490 947 929)
4(490 508 965 947)
4(508 526 983 965)
4(526 544 1001 983)
4(544 562 1019 1001)
4(562 580 1037 1019)
4(580 598 1055 1037)
4(598 616 1073 1055)
4(616 634 1091 1073)
4(634 652 1109 1091)
4(652 670 1127 1109)
4(670 688 1145 1127)
4(688 706 1163 1145)
4(706 724 1181 1163)
4(724 742 1199 1181)
4(742 760 1217 1199)
4(760 778 1235 1217)
4(778 796 1253 1235)
4(796 814 1271 1253)
4(814 832 1289 1271)
4(832 850 1307 1289)
4(850 868 1325 1307)
4(868 886 1343 1325)
4(886 904 1361 1343)
4(929 947 1407 1389)
4(947 965 1425 1407)
4(965 983 1443 1425)
4(983 1001 1461 1443)
4(1001 1019 1479 1461)
4(1019 1037 1497 1479)
4(1037 1055 1515 1497)
4(1055 1073 1533 1515)
4(1073 1091 1551 1533)
4(1091 1109 1569 1551)
4(1109 1127 1587 1569)
4(1127 1145 1605 1587)
4(1145 1163 1623 1605)
4(1163 1181 1641 1623)
4(1181 1199 1659 1641)
4(1199 1217 1677 1659)
4(1217 1235 1695 1677)
4(1235 1253 1713 1695)
4(1253 1271 1731 1713)
4(1271 1289 1749 1731)
4(1289 1307 1767 1749)
4(1307 1325 1785 1767)
4(1325 1343 1803 1785)
4(1343 1361 1821 1803)
4(1389 1407 1869 1851)
4(1407 1425 1887 1869)
4(1425 1443 1905 1887)
4(1443 1461 1923 1905)
4(1461 1479 1941 1923)
4(1479 1497 1959 1941)
4(1497 1515 1977 1959)
4(1515 1533 1995 1977)
4(1533 1551 2013 1995)
4(1551 1569 2031 2013)
4(1569 1587 2049 2031)
4(1587 1605 2067 2049)
4(1605 1623 2085 2067)
4(1623 1641 2103 2085)
4(1641 1659 2121 2103)
4(1659 1677 2139 2121)
4(1677 1695 2157 2139)
4(1695 1713 2175 2157)
4(1713 1731 2193 2175)
4(1731 1749 2211 2193)
4(1749 1767 2229 2211)
4(1767 1785 2247 2229)
4(1785 1803 2265 2247)
4(1803 1821 2283 2265)
4(1851 1869 2334 2316)
4(1869 1887 2352 2334)
4(1887 1905 2370 2352)
4(1905 1923 2388 2370)
4(1923 1941 2406 2388)
4(1941 1959 2424 2406)
4(1959 1977 2442 2424)
4(1977 1995 2460 2442)
4(1995 2013 2478 2460)
4(2013 2031 2496 2478)
4(2031 2049 2514 2496)
4(2049 2067 2532 2514)
4(2067 2085 2550 2532)
4(2085 2103 2568 2550)
4(2103 2121 2586 2568)
4(2121 2139 2604 2586)
4(2139 2157 2622 2604)
4(2157 2175 2640 2622)
4(2175 2193 2658 2640)
4(2193 2211 2676 2658)
4(2211 2229 2694 2676)
4(2229 2247 2712 2694)
4(2247 2265 2730 2712)
4(2265 2283 2748 2730)
4(0 18 19 1)
4(18 36 37 19)
4(36 54 55 37)
4(54 72 73 55)
4(72 90 91 73)
4(90 108 109 91)
4(108 126 127 109)
4(126 144 145 127)
4(144 162 163 145)
4(162 180 181 163)
4(180 198 199 181)
4(198 216 217 199)
4(216 234 235 217)
4(234 252 253 235)
4(252 270 271 253)
4(270 288 289 271)
4(288 306 307 289)
4(306 324 325 307)
4(324 342 343 325)
4(342 360 361 343)
4(360 378 379 361)
4(378 396 397 379)
4(396 414 415 397)
4(414 432 433 415)
4(432 450 451 433)
4(1 19 20 2)
4(19 37 38 20)
4(37 55 56 38)
4(55 73 74 56)
4(73 91 92 74)
4(91 109 110 92)
4(109 127 128 110)
4(127 145 146 128)
4(145 163 164 146)
4(163 181 182 164)
4(181 199 200 182)
4(199 217 218 200)
4(217 235 236 218)
4(235 253 254 236)
4(253 271 272 254)
4(271 289 290 272)
4(289 307 308 290)
4(307 325 326 308)
4(325 343 344 326)
4(343 361 362 344)
4(361 379 380 362)
4(379 397 398 380)
4(397 415 416 398)
4(415 433 434 416)
4(433 451 452 434)
4(2 20 21 3)
4(20 38 39 21)
4(38 56 57 39)
4(56 74 75 57)
4(74 92 93 75)
4(92 110 111 93)
4(110 128 129 111)
4(128 146 147 129)
4(146 164 165 147)
4(164 182 183 165)
4(182 200 201 183)
4(200 218 219 201)
4(218 236 237 219)
4(236 254 255 237)
4(254 272 273 255)
4(272 290 291 273)
4(290 308 309 291)
4(308 326 327 309)
4(326 344 345 327)
4(344 362 363 345)
4(362 380 381 363)
4(380 398 399 381)
4(398 416 417 399)
4(416 434 435 417)
4(434 452 453 435)
4(3 21 22 4)
4(21 39 40 22)
4(39 57 58 40)
4(57 75 76 58)
4(75 93 94 76)
4(93 111 112 94)
4(111 129 130 112)
4(129 147 148 130)
4(147 165 166 148)
4(165 183 184 166)
4(183 201 202 184)
4(201 219 220 202)
4(219 237 238 220)
4(237 255 256 238)
4(255 273 274 256)
4(273 291 292 274)
4(291 309 310 292)
4(309 327 328 310)
4(327 345 346 328)
4(345 363 364 346)
4(363 381 382 364)
4(381 399 400 382)
4(399 417 418 400)
4(417 435 436 418)
4(435 453 454 436)
4(4 22 23 5)
4(22 40 41 23)
4(40 58 59 41)
4(58 76 77 59)
4(76 94 95 77)
4(94 112 113 95)
4(112 130 131 113)
4(130 148 149 131)
4(148 166 167 149)
4(166 184 185 167)
4(184 202 203 185)
4(202 220 221 203)
4(220 238 239 221)
4(238 256 257 239)
4(256 274 275 257)
4(274 292 293 275)
4(292 310 311 293)
4(310 328 329 311)
4(328 346 347 329)
4(346 364 365 347)
4(364 382 383 365)
4(382 400 401 383)
4(400 418 419 401)
4(418 436 437 419)
4(5 23 24 6)
4(23 41 42 24)
4(41 59 60 42)
4(59 77 78 60)
4(77 95 96 78)
4(95 113 114 96)
4(113 131 132 114)
4(131 149 150 132)
4(149 167 168 150)
4(167 185 186 168)
4(185 203 204 186)
4(203 221 222 204)
4(221 239 240 222)
4(239 257 258 240)
4(257 275 276 258)
4(275 293 294 276)
4(293 311 312 294)
4(311 329 330 312)
4(329 347 348 330)
4(347 365 366 348)
4(365 383 384 366)
4(383 401 402 384)
4(401 419 420 402)
4(419 437 438 420)
4(6 24 25 7)
4(24 42 43 25)
4(42 60 61 43)
4(60 78 79 61)
4(78 96 97 79)
4(96 114 115 97)
4(114 132 133 115)
4(132 150 151 133)
4(150 168 169 151)
4(168 186 187 169)
4(186 204 205 187)
4(204 222 223 205)
4(222 240 241 223)
4(240 258 259 241)
4(258 276 277 259)
4(276 294 295 277)
4(294 312 313 295)
4(312 330 331 313)
4(330 348 349 331)
4(348 366 367 349)
4(366 384 385 367)
4(384 402 403 385)
4(402 420 421 403)
4(420 438 439 421)
4(7 25 26 8)
4(25 43 44 26)
4(43 61 62 44)
4(61 79 80 62)
4(79 97 98 80)
4(97 115 116 98)
4(115 133 134 116)
4(133 151 152 134)
4(151 169 170 152)
4(169 187 188 170)
4(187 205 206 188)
4(205 223 224 206)
4(223 241 242 224)
4(241 259 260 242)
4(259 277 278 260)
4(277 295 296 278)
4(295 313 314 296)
4(313 331 332 314)
4(331 349 350 332)
4(349 367 368 350)
4(367 385 386 368)
4(385 403 404 386)
4(403 421 422 404)
4(421 439 440 422)
4(8 26 27 9)
4(26 44 45 27)
4(44 62 63 45)
4(62 80 81 63)
4(80 98 99 81)
4(98 116 117 99)
4(116 134 135 117)
4(134 152 153 135)
4(152 170 171 153)
4(170 188 189 171)
4(188 206 207 189)
4(206 224 225 207)
4(224 242 243 225)
4(242 260 261 243)
4(260 278 279 261)
4(278 296 297 279)
4(296 314 315 297)
4(314 332 333 315)
4(332 350 351 333)
4(350 368 369 351)
4(368 386 387 369)
4(386 404 405 387)
4(404 422 423 405)
4(422 440 441 423)
4(9 27 28 10)
4(27 45 46 28)
4(45 63 64 46)
4(63 81 82 64)
4(81 99 100 82)
4(99 117 118 100)
4(117 135 136 118)
4(135 153 154 136)
4(153 171 172 154)
4(171 189 190 172)
4(189 207 208 190)
4(207 225 226 208)
4(225 243 244 226)
4(243 261 262 244)
4(261 279 280 262)
4(279 297 298 280)
4(297 315 316 298)
4(315 333 334 316)
4(333 351 352 334)
4(351 369 370 352)
4(369 387 388 370)
4(387 405 406 388)
4(405 423 424 406)
4(423 441 442 424)
4(10 28 29 11)
4(28 46 47 29)
4(46 64 65 47)
4(64 82 83 65)
4(82 100 101 83)
4(100 118 119 101)
4(118 136 137 119)
4(136 154 155 137)
4(154 172 173 155)
4(172 190 191 173)
4(190 208 209 191)
4(208 226 227 209)
4(226 244 245 227)
4(244 262 263 245)
4(262 280 281 263)
4(280 298 299 281)
4(298 316 317 299)
4(316 334 335 317)
4(334 352 353 335)
4(352 370 371 353)
4(370 388 389 371)
4(388 406 407 389)
4(406 424 425 407)
4(424 442 443 425)
4(11 29 30 12)
4(29 47 48 30)
4(47 65 66 48)
4(65 83 84 66)
4(83 101 102 84)
4(101 119 120 102)
4(119 137 138 120)
4(137 155 156 138)
4(155 173 174 156)
4(173 191 192 174)
4(191 209 210 192)
4(209 227 228 210)
4(227 245 246 228)
4(245 263 264 246)
4(263 281 282 264)
4(281 299 300 282)
4(299 317 318 300)
4(317 335 336 318)
4(335 353 354 336)
4(353 371 372 354)
4(371 389 390 372)
4(389 407 408 390)
4(407 425 426 408)
4(425 443 444 426)
4(12 30 31 13)
4(30 48 49 31)
4(48 66 67 49)
4(66 84 85 67)
4(84 102 103 85)
4(102 120 121 103)
4(120 138 139 121)
4(138 156 157 139)
4(156 174 175 157)
4(174 192 193 175)
4(192 210 211 193)
4(210 228 229 211)
4(228 246 247 229)
4(246 264 265 247)
4(264 282 283 265)
4(282 300 301 283)
4(300 318 319 301)
4(318 336 337 319)
4(336 354 355 337)
4(354 372 373 355)
4(372 390 391 373)
4(390 408 409 391)
4(408 426 427 409)
4(426 444 445 427)
4(13 31 32 14)
4(31 49 50 32)
4(49 67 68 50)
4(67 85 86 68)
4(85 103 104 86)
4(103 121 122 104)
4(121 139 140 122)
4(139 157 158 140)
4(157 175 176 158)
4(175 193 194 176)
4(193 211 212 194)
4(211 229 230 212)
4(229 247 248 230)
4(247 265 266 248)
4(265 283 284 266)
4(283 301 302 284)
4(301 319 320 302)
4(319 337 338 320)
4(337 355 356 338)
4(355 373 374 356)
4(373 391 392 374)
4(391 409 410 392)
4(409 427 428 410)
4(427 445 446 428)
4(14 32 33 15)
4(32 50 51 33)
4(50 68 69 51)
4(68 86 87 69)
4(86 104 105 87)
4(104 122 123 105)
4(122 140 141 123)
4(140 158 159 141)
4(158 176 177 159)
4(176 194 195 177)
4(194 212 213 195)
4(212 230 231 213)
4(230 248 249 231)
4(248 266 267 249)
4(266 284 285 267)
4(284 302 303 285)
4(302 320 321 303)
4(320 338 339 321)
4(338 356 357 339)
4(356 374 375 357)
4(374 392 393 375)
4(392 410 411 393)
4(410 428 429 411)
4(428 446 447 429)
4(15 33 34 16)
4(33 51 52 34)
4(51 69 70 52)
4(69 87 88 70)
4(87 105 106 88)
4(105 123 124 106)
4(123 141 142 124)
4(141 159 160 142)
4(159 177 178 160)
4(177 195 196 178)
4(195 213 214 196)
4(213 231 232 214)
4(231 249 250 232)
4(249 267 268 250)
4(267 285 286 268)
4(285 303 304 286)
4(303 321 322 304)
4(321 339 340 322)
4(339 357 358 340)
4(357 375 376 358)
4(375 393 394 376)
4(393 411 412 394)
4(411 429 430 412)
4(429 447 448 430)
4(16 34 35 17)
4(34 52 53 35)
4(52 70 71 53)
4(70 88 89 71)
4(88 106 107 89)
4(106 124 125 107)
4(124 142 143 125)
4(142 160 161 143)
4(160 178 179 161)
4(178 196 197 179)
4(196 214 215 197)
4(214 232 233 215)
4(232 250 251 233)
4(250 268 269 251)
4(268 286 287 269)
4(286 304 305 287)
4(304 322 323 305)
4(322 340 341 323)
4(340 358 359 341)
4(358 376 377 359)
4(376 394 395 377)
4(394 412 413 395)
4(412 430 431 413)
4(430 448 449 431)
4(2299 2300 2318 2317)
4(2317 2318 2336 2335)
4(2335 2336 2354 2353)
4(2353 2354 2372 2371)
4(2371 2372 2390 2389)
4(2389 2390 2408 2407)
4(2407 2408 2426 2425)
4(2425 2426 2444 2443)
4(2443 2444 2462 2461)
4(2461 2462 2480 2479)
4(2479 2480 2498 2497)
4(2497 2498 2516 2515)
4(2515 2516 2534 2533)
4(2533 2534 2552 2551)
4(2551 2552 2570 2569)
4(2569 2570 2588 2587)
4(2587 2588 2606 2605)
4(2605 2606 2624 2623)
4(2623 2624 2642 2641)
4(2641 2642 2660 2659)
4(2659 2660 2678 2677)
4(2677 2678 2696 2695)
4(2695 2696 2714 2713)
4(2713 2714 2732 2731)
4(2731 2732 2750 2749)
4(2300 2301 2319 2318)
4(2318 2319 2337 2336)
4(2336 2337 2355 2354)
4(2354 2355 2373 2372)
4(2372 2373 2391 2390)
4(2390 2391 2409 2408)
4(2408 2409 2427 2426)
4(2426 2427 2445 2444)
4(2444 2445 2463 2462)
4(2462 2463 2481 2480)
4(2480 2481 2499 2498)
4(2498 2499 2517 2516)
4(2516 2517 2535 2534)
4(2534 2535 2553 2552)
4(2552 2553 2571 2570)
4(2570 2571 2589 2588)
4(2588 2589 2607 2606)
4(2606 2607 2625 2624)
4(2624 2625 2643 2642)
4(2642 2643 2661 2660)
4(2660 2661 2679 2678)
4(2678 2679 2697 2696)
4(2696 2697 2715 2714)
4(2714 2715 2733 2732)
4(2732 2733 2751 2750)
4(2301 2302 2320 2319)
4(2319 2320 2338 2337)
4(2337 2338 2356 2355)
4(2355 2356 2374 2373)
4(2373 2374 2392 2391)
4(2391 2392 2410 2409)
4(2409 2410 2428 2427)
4(2427 2428 2446 2445)
4(2445 2446 2464 2463)
4(2463 2464 2482 2481)
4(2481 2482 2500 2499)
4(2499 2500 2518 2517)
4(2517 2518 2536 2535)
4(2535 2536 2554 2553)
4(2553 2554 2572 2571)
4(2571 2572 2590 2589)
4(2589 2590 2608 2607)
4(2607 2608 2626 2625)
4(2625 2626 2644 2643)
4(2643 2644 2662 2661)
4(2661 2662 2680 2679)
4(2679 2680 2698 2697)
4(2697 2698 2716 2715)
4(2715 2716 2734 2733)
4(2733 2734 2752 2751)
4(2302 2303 2321 2320)
4(2320 2321 2339 2338)
4(2338 2339 2357 2356)
4(2356 2357 2375 2374)
4(2374 2375 2393 2392)
4(2392 2393 2411 2410)
4(2410 2411 2429 2428)
4(2428 2429 2447 2446)
4(2446 2447 2465 2464)
4(2464 2465 2483 2482)
4(2482 2483 2501 2500)
4(2500 2501 2519 2518)
4(2518 2519 2537 2536)
4(2536 2537 2555 2554)
4(2554 2555 2573 2572)
4(2572 2573 2591 2590)
4(2590 2591 2609 2608)
4(2608 2609 2627 2626)
4(2626 2627 2645 2644)
4(2644 2645 2663 2662)
4(2662 2663 2681 2680)
4(2680 2681 2699 2698)
4(2698 2699 2717 2716)
4(2716 2717 2735 2734)
4(2734 2735 2753 2752)
4(2303 2304 2322 2321)
4(2321 2322 2340 2339)
4(2339 2340 2358 2357)
4(2357 2358 2376 2375)
4(2375 2376 2394 2393)
4(2393 2394 2412 2411)
4(2411 2412 2430 2429)
4(2429 2430 2448 2447)
4(2447 2448 2466 2465)
4(2465 2466 2484 2483)
4(2483 2484 2502 2501)
4(2501 2502 2520 2519)
4(2519 2520 2538 2537)
4(2537 2538 2556 2555)
4(2555 2556 2574 2573)
4(2573 2574 2592 2591)
4(2591 2592 2610 2609)
4(2609 2610 2628 2627)
4(2627 2628 2646 2645)
4(2645 2646 2664 2663)
4(2663 2664 2682 2681)
4(2681 2682 2700 2699)
4(2699 2700 2718 2717)
4(2717 2718 2736 2735)
4(2735 2736 2754 2753)
4(2304 2305 2323 2322)
4(2322 2323 2341 2340)
4(2340 2341 2359 2358)
4(2358 2359 2377 2376)
4(2376 2377 2395 2394)
4(2394 2395 2413 2412)
4(2412 2413 2431 2430)
4(2430 2431 2449 2448)
4(2448 2449 2467 2466)
4(2466 2467 2485 2484)
4(2484 2485 2503 2502)
4(2502 2503 2521 2520)
4(2520 2521 2539 2538)
4(2538 2539 2557 2556)
4(2556 2557 2575 2574)
4(2574 2575 2593 2592)
4(2592 2593 2611 2610)
4(2610 2611 2629 2628)
4(2628 2629 2647 2646)
4(2646 2647 2665 2664)
4(2664 2665 2683 2682)
4(2682 2683 2701 2700)
4(2700 2701 2719 2718)
4(2718 2719 2737 2736)
4(2736 2737 2755 2754)
4(2305 2306 2324 2323)
4(2323 2324 2342 2341)
4(2341 2342 2360 2359)
4(2359 2360 2378 2377)
4(2377 2378 2396 2395)
4(2395 2396 2414 2413)
4(2413 2414 2432 2431)
4(2431 2432 2450 2449)
4(2449 2450 2468 2467)
4(2467 2468 2486 2485)
4(2485 2486 2504 2503)
4(2503 2504 2522 2521)
4(2521 2522 2540 2539)
4(2539 2540 2558 2557)
4(2557 2558 2576 2575)
4(2575 2576 2594 2593)
4(2593 2594 2612 2611)
4(2611 2612 2630 2629)
4(2629 2630 2648 2647)
4(2647 2648 2666 2665)
4(2665 2666 2684 2683)
4(2683 2684 2702 2701)
4(2701 2702 2720 2719)
4(2719 2720 2738 2737)
4(2737 2738 2756 2755)
4(2306 2307 2325 2324)
4(2324 2325 2343 2342)
4(2342 2343 2361 2360)
4(2360 2361 2379 2378)
4(2378 2379 2397 2396)
4(2396 2397 2415 2414)
4(2414 2415 2433 2432)
4(2432 2433 2451 2450)
4(2450 2451 2469 2468)
4(2468 2469 2487 2486)
4(2486 2487 2505 2504)
4(2504 2505 2523 2522)
4(2522 2523 2541 2540)
4(2540 2541 2559 2558)
4(2558 2559 2577 2576)
4(2576 2577 2595 2594)
4(2594 2595 2613 2612)
4(2612 2613 2631 2630)
4(2630 2631 2649 2648)
4(2648 2649 2667 2666)
4(2666 2667 2685 2684)
4(2684 2685 2703 2702)
4(2702 2703 2721 2720)
4(2720 2721 2739 2738)
4(2738 2739 2757 2756)
4(2307 2308 2326 2325)
4(2325 2326 2344 2343)
4(2343 2344 2362 2361)
4(2361 2362 2380 2379)
4(2379 2380 2398 2397)
4(2397 2398 2416 2415)
4(2415 2416 2434 2433)
4(2433 2434 2452 2451)
4(2451 2452 2470 2469)
4(2469 2470 2488 2487)
4(2487 2488 2506 2505)
4(2505 2506 2524 2523)
4(2523 2524 2542 2541)
4(2541 2542 2560 2559)
4(2559 2560 2578 2577)
4(2577 2578 2596 2595)
4(2595 2596 2614 2613)
4(2613 2614 2632 2631)
4(2631 2632 2650 2649)
4(2649 2650 2668 2667)
4(2667 2668 2686 2685)
4(2685 2686 2704 2703)
4(2703 2704 2722 2721)
4(2721 2722 2740 2739)
4(2739 2740 2758 2757)
4(2308 2309 2327 2326)
4(2326 2327 2345 2344)
4(2344 2345 2363 2362)
4(2362 2363 2381 2380)
4(2380 2381 2399 2398)
4(2398 2399 2417 2416)
4(2416 2417 2435 2434)
4(2434 2435 2453 2452)
4(2452 2453 2471 2470)
4(2470 2471 2489 2488)
4(2488 2489 2507 2506)
4(2506 2507 2525 2524)
4(2524 2525 2543 2542)
4(2542 2543 2561 2560)
4(2560 2561 2579 2578)
4(2578 2579 2597 2596)
4(2596 2597 2615 2614)
4(2614 2615 2633 2632)
4(2632 2633 2651 2650)
4(2650 2651 2669 2668)
4(2668 2669 2687 2686)
4(2686 2687 2705 2704)
4(2704 2705 2723 2722)
4(2722 2723 2741 2740)
4(2740 2741 2759 2758)
4(2309 2310 2328 2327)
4(2327 2328 2346 2345)
4(2345 2346 2364 2363)
4(2363 2364 2382 2381)
4(2381 2382 2400 2399)
4(2399 2400 2418 2417)
4(2417 2418 2436 2435)
4(2435 2436 2454 2453)
4(2453 2454 2472 2471)
4(2471 2472 2490 2489)
4(2489 2490 2508 2507)
4(2507 2508 2526 2525)
4(2525 2526 2544 2543)
4(2543 2544 2562 2561)
4(2561 2562 2580 2579)
4(2579 2580 2598 2597)
4(2597 2598 2616 2615)
4(2615 2616 2634 2633)
4(2633 2634 2652 2651)
4(2651 2652 2670 2669)
4(2669 2670 2688 2687)
4(2687 2688 2706 2705)
4(2705 2706 2724 2723)
4(2723 2724 2742 2741)
4(2741 2742 2760 2759)
4(2310 2311 2329 2328)
4(2328 2329 2347 2346)
4(2346 2347 2365 2364)
4(2364 2365 2383 2382)
4(2382 2383 2401 2400)
4(2400 2401 2419 2418)
4(2418 2419 2437 2436)
4(2436 2437 2455 2454)
4(2454 2455 2473 2472)
4(2472 2473 2491 2490)
4(2490 2491 2509 2508)
4(2508 2509 2527 2526)
4(2526 2527 2545 2544)
4(2544 2545 2563 2562)
4(2562 2563 2581 2580)
4(2580 2581 2599 2598)
4(2598 2599 2617 2616)
4(2616 2617 2635 2634)
4(2634 2635 2653 2652)
4(2652 2653 2671 2670)
4(2670 2671 2689 2688)
4(2688 2689 2707 2706)
4(2706 2707 2725 2724)
4(2724 2725 2743 2742)
4(2742 2743 2761 2760)
4(2311 2312 2330 2329)
4(2329 2330 2348 2347)
4(2347 2348 2366 2365)
4(2365 2366 2384 2383)
4(2383 2384 2402 2401)
4(2401 2402 2420 2419)
4(2419 2420 2438 2437)
4(2437 2438 2456 2455)
4(2455 2456 2474 2473)
4(2473 2474 2492 2491)
4(2491 2492 2510 2509)
4(2509 2510 2528 2527)
4(2527 2528 2546 2545)
4(2545 2546 2564 2563)
4(2563 2564 2582 2581)
4(2581 2582 2600 2599)
4(2599 2600 2618 2617)
4(2617 2618 2636 2635)
4(2635 2636 2654 2653)
4(2653 2654 2672 2671)
4(2671 2672 2690 2689)
4(2689 2690 2708 2707)
4(2707 2708 2726 2725)
4(2725 2726 2744 2743)
4(2743 2744 2762 2761)
4(2312 2313 2331 2330)
4(2330 2331 2349 2348)
4(2348 2349 2367 2366)
4(2366 2367 2385 2384)
4(2384 2385 2403 2402)
4(2402 2403 2421 2420)
4(2420 2421 2439 2438)
4(2438 2439 2457 2456)
4(2456 2457 2475 2474)
4(2474 2475 2493 2492)
4(2492 2493 2511 2510)
4(2510 2511 2529 2528)
4(2528 2529 2547 2546)
4(2546 2547 2565 2564)
4(2564 2565 2583 2582)
4(2582 2583 2601 2600)
4(2600 2601 2619 2618)
4(2618 2619 2637 2636)
4(2636 2637 2655 2654)
4(2654 2655 2673 2672)
4(2672 2673 2691 2690)
4(2690 2691 2709 2708)
4(2708 2709 2727 2726)
4(2726 2727 2745 2744)
4(2744 2745 2763 2762)
4(2313 2314 2332 2331)
4(2331 2332 2350 2349)
4(2349 2350 2368 2367)
4(2367 2368 2386 2385)
4(2385 2386 2404 2403)
4(2403 2404 2422 2421)
4(2421 2422 2440 2439)
4(2439 2440 2458 2457)
4(2457 2458 2476 2475)
4(2475 2476 2494 2493)
4(2493 2494 2512 2511)
4(2511 2512 2530 2529)
4(2529 2530 2548 2547)
4(2547 2548 2566 2565)
4(2565 2566 2584 2583)
4(2583 2584 2602 2601)
4(2601 2602 2620 2619)
4(2619 2620 2638 2637)
4(2637 2638 2656 2655)
4(2655 2656 2674 2673)
4(2673 2674 2692 2691)
4(2691 2692 2710 2709)
4(2709 2710 2728 2727)
4(2727 2728 2746 2745)
4(2314 2315 2333 2332)
4(2332 2333 2351 2350)
4(2350 2351 2369 2368)
4(2368 2369 2387 2386)
4(2386 2387 2405 2404)
4(2404 2405 2423 2422)
4(2422 2423 2441 2440)
4(2440 2441 2459 2458)
4(2458 2459 2477 2476)
4(2476 2477 2495 2494)
4(2494 2495 2513 2512)
4(2512 2513 2531 2530)
4(2530 2531 2549 2548)
4(2548 2549 2567 2566)
4(2566 2567 2585 2584)
4(2584 2585 2603 2602)
4(2602 2603 2621 2620)
4(2620 2621 2639 2638)
4(2638 2639 2657 2656)
4(2656 2657 2675 2674)
4(2674 2675 2693 2692)
4(2692 2693 2711 2710)
4(2710 2711 2729 2728)
4(2728 2729 2747 2746)
4(2315 2316 2334 2333)
4(2333 2334 2352 2351)
4(2351 2352 2370 2369)
4(2369 2370 2388 2387)
4(2387 2388 2406 2405)
4(2405 2406 2424 2423)
4(2423 2424 2442 2441)
4(2441 2442 2460 2459)
4(2459 2460 2478 2477)
4(2477 2478 2496 2495)
4(2495 2496 2514 2513)
4(2513 2514 2532 2531)
4(2531 2532 2550 2549)
4(2549 2550 2568 2567)
4(2567 2568 2586 2585)
4(2585 2586 2604 2603)
4(2603 2604 2622 2621)
4(2621 2622 2640 2639)
4(2639 2640 2658 2657)
4(2657 2658 2676 2675)
4(2675 2676 2694 2693)
4(2693 2694 2712 2711)
4(2711 2712 2730 2729)
4(2729 2730 2748 2747)
4(0 455 473 18)
4(18 473 491 36)
4(36 491 509 54)
4(54 509 527 72)
4(72 527 545 90)
4(90 545 563 108)
4(108 563 581 126)
4(126 581 599 144)
4(144 599 617 162)
4(162 617 635 180)
4(180 635 653 198)
4(198 653 671 216)
4(216 671 689 234)
4(234 689 707 252)
4(252 707 725 270)
4(270 725 743 288)
4(288 743 761 306)
4(306 761 779 324)
4(324 779 797 342)
4(342 797 815 360)
4(360 815 833 378)
4(378 833 851 396)
4(396 851 869 414)
4(414 869 887 432)
4(455 912 930 473)
4(473 930 948 491)
4(491 948 966 509)
4(509 966 984 527)
4(527 984 1002 545)
4(545 1002 1020 563)
4(563 1020 1038 581)
4(581 1038 1056 599)
4(599 1056 1074 617)
4(617 1074 1092 635)
4(635 1092 1110 653)
4(653 1110 1128 671)
4(671 1128 1146 689)
4(689 1146 1164 707)
4(707 1164 1182 725)
4(725 1182 1200 743)
4(743 1200 1218 761)
4(761 1218 1236 779)
4(779 1236 1254 797)
4(797 1254 1272 815)
4(815 1272 1290 833)
4(833 1290 1308 851)
4(851 1308 1326 869)
4(869 1326 1344 887)
4(887 1344 1362 905)
4(912 1372 1390 930)
4(930 1390 1408 948)
4(948 1408 1426 966)
4(966 1426 1444 984)
4(984 1444 1462 1002)
4(1002 1462 1480 1020)
4(1020 1480 1498 1038)
4(1038 1498 1516 1056)
4(1056 1516 1534 1074)
4(1074 1534 1552 1092)
4(1092 1552 1570 1110)
4(1110 1570 1588 1128)
4(1128 1588 1606 1146)
4(1146 1606 1624 1164)
4(1164 1624 1642 1182)
4(1182 1642 1660 1200)
4(1200 1660 1678 1218)
4(1218 1678 1696 1236)
4(1236 1696 1714 1254)
4(1254 1714 1732 1272)
4(1272 1732 1750 1290)
4(1290 1750 1768 1308)
4(1308 1768 1786 1326)
4(1326 1786 1804 1344)
4(1344 1804 1822 1362)
4(1372 1834 1852 1390)
4(1390 1852 1870 1408)
4(1408 1870 1888 1426)
4(1426 1888 1906 1444)
4(1444 1906 1924 1462)
4(1462 1924 1942 1480)
4(1480 1942 1960 1498)
4(1498 1960 1978 1516)
4(1516 1978 1996 1534)
4(1534 1996 2014 1552)
4(1552 2014 2032 1570)
4(1570 2032 2050 1588)
4(1588 2050 2068 1606)
4(1606 2068 2086 1624)
4(1624 2086 2104 1642)
4(1642 2104 2122 1660)
4(1660 2122 2140 1678)
4(1678 2140 2158 1696)
4(1696 2158 2176 1714)
4(1714 2176 2194 1732)
4(1732 2194 2212 1750)
4(1750 2212 2230 1768)
4(1768 2230 2248 1786)
4(1786 2248 2266 1804)
4(1804 2266 2284 1822)
4(1834 2299 2317 1852)
4(1852 2317 2335 1870)
4(1870 2335 2353 1888)
4(1888 2353 2371 1906)
4(1906 2371 2389 1924)
4(1924 2389 2407 1942)
4(1942 2407 2425 1960)
4(1960 2425 2443 1978)
4(1978 2443 2461 1996)
4(1996 2461 2479 2014)
4(2014 2479 2497 2032)
4(2032 2497 2515 2050)
4(2050 2515 2533 2068)
4(2068 2533 2551 2086)
4(2086 2551 2569 2104)
4(2104 2569 2587 2122)
4(2122 2587 2605 2140)
4(2140 2605 2623 2158)
4(2158 2623 2641 2176)
4(2176 2641 2659 2194)
4(2194 2659 2677 2212)
4(2212 2677 2695 2230)
4(2230 2695 2713 2248)
4(2248 2713 2731 2266)
4(2266 2731 2749 2284)
4(432 887 905 450)
4(436 891 892 437)
4(437 892 893 438)
4(438 893 894 439)
4(439 894 895 440)
4(440 895 896 441)
4(441 896 897 442)
4(442 897 898 443)
4(443 898 899 444)
4(444 899 900 445)
4(445 900 901 446)
4(446 901 902 447)
4(447 902 903 448)
4(448 903 904 449)
4(450 905 906 451)
4(451 906 907 452)
4(452 907 908 453)
4(436 454 909 891)
4(453 908 909 454)
4(891 909 910 892)
4(892 910 911 893)
4(893 1350 1351 894)
4(894 1351 1352 895)
4(895 1352 1353 896)
4(896 1353 1354 897)
4(897 1354 1355 898)
4(898 1355 1356 899)
4(899 1356 1357 900)
4(900 1357 1358 901)
4(901 1358 1359 902)
4(902 1359 1360 903)
4(903 1360 1361 904)
4(905 1362 1363 906)
4(906 1363 1364 907)
4(907 1364 1365 908)
4(908 1365 1366 909)
4(909 1366 1367 910)
4(893 911 1368 1350)
4(910 1367 1368 911)
4(1350 1368 1369 1351)
4(1351 1369 1370 1352)
4(1352 1370 1371 1353)
4(1353 1813 1814 1354)
4(1354 1814 1815 1355)
4(1355 1815 1816 1356)
4(1356 1816 1817 1357)
4(1357 1817 1818 1358)
4(1358 1818 1819 1359)
4(1359 1819 1820 1360)
4(1360 1820 1821 1361)
4(1362 1822 1823 1363)
4(1363 1823 1824 1364)
4(1364 1824 1825 1365)
4(1365 1825 1826 1366)
4(1366 1826 1827 1367)
4(1367 1827 1828 1368)
4(1368 1828 1829 1369)
4(1369 1829 1830 1370)
4(1353 1371 1831 1813)
4(1370 1830 1831 1371)
4(1813 1831 1832 1814)
4(1814 1832 1833 1815)
4(1815 2277 2278 1816)
4(1816 2278 2279 1817)
4(1817 2279 2280 1818)
4(1818 2280 2281 1819)
4(1819 2281 2282 1820)
4(1820 2282 2283 1821)
4(1822 2284 2285 1823)
4(1823 2285 2286 1824)
4(1824 2286 2287 1825)
4(1825 2287 2288 1826)
4(1826 2288 2289 1827)
4(1827 2289 2290 1828)
4(1828 2290 2291 1829)
4(1829 2291 2292 1830)
4(1830 2292 2293 1831)
4(1831 2293 2294 1832)
4(1815 1833 2295 2277)
4(1832 2294 2295 1833)
4(2277 2295 2296 2278)
4(2278 2296 2297 2279)
4(2279 2297 2298 2280)
4(2280 2745 2746 2281)
4(2281 2746 2747 2282)
4(2282 2747 2748 2283)
4(2284 2749 2750 2285)
4(2285 2750 2751 2286)
4(2286 2751 2752 2287)
4(2287 2752 2753 2288)
4(2288 2753 2754 2289)
4(2289 2754 2755 2290)
4(2290 2755 2756 2291)
4(2291 2756 2757 2292)
4(2292 2757 2758 2293)
4(2293 2758 2759 2294)
4(2294 2759 2760 2295)
4(2295 2760 2761 2296)
4(2296 2761 2762 2297)
4(2280 2298 2763 2745)
4(2297 2762 2763 2298)
)


// ************************************************************************* //
