/*--------------------------------*- C++ -*----------------------------------*\
  =========                 |
  \\      /  F ield         | OpenFOAM: The Open Source CFD Toolbox
   \\    /   O peration     | Website:  https://openfoam.org
    \\  /    A nd           | Version:  10
     \\/     M anipulation  |
\*---------------------------------------------------------------------------*/
FoamFile
{
    format      ascii;
    class       volScalarField;
    location    "20";
    object      p;
}
// * * * * * * * * * * * * * * * * * * * * * * * * * * * * * * * * * * * * * //

dimensions      [0 2 -2 0 0 0 0];

internalField   nonuniform List<scalar> 
12500
(
3.96126e-08
3.0142e-07
3.93385e-07
3.49555e-07
1.75558e-07
-1.3294e-07
-5.78625e-07
-1.15359e-06
-1.85449e-06
-2.65472e-06
-3.52722e-06
-4.43878e-06
-5.35358e-06
-6.25939e-06
-7.13032e-06
-7.95481e-06
2.77474e-08
2.77138e-07
3.70091e-07
3.24648e-07
1.41709e-07
-1.77129e-07
-6.30389e-07
-1.21e-06
-1.90169e-06
-2.68539e-06
-3.52757e-06
-4.39779e-06
-5.27366e-06
-6.13669e-06
-6.979e-06
-7.77591e-06
2.30337e-08
2.67254e-07
3.58703e-07
3.081e-07
1.17689e-07
-2.10373e-07
-6.68196e-07
-1.24395e-06
-1.91552e-06
-2.66153e-06
-3.44649e-06
-4.24667e-06
-5.05285e-06
-5.85297e-06
-6.64275e-06
-7.39378e-06
2.64357e-08
2.69937e-07
3.56404e-07
2.99714e-07
1.08289e-07
-2.17506e-07
-6.66215e-07
-1.21776e-06
-1.84909e-06
-2.53085e-06
-3.23355e-06
-3.94568e-06
-4.66347e-06
-5.38988e-06
-6.10583e-06
-6.79669e-06
2.42633e-08
2.62487e-07
3.44601e-07
2.87778e-07
1.01558e-07
-2.07946e-07
-6.27692e-07
-1.13338e-06
-1.69917e-06
-2.29377e-06
-2.89896e-06
-3.50942e-06
-4.13181e-06
-4.76515e-06
-5.39421e-06
-6.00977e-06
2.03076e-08
2.47502e-07
3.27937e-07
2.79911e-07
1.11907e-07
-1.65249e-07
-5.34309e-07
-9.72021e-07
-1.44634e-06
-1.93474e-06
-2.42465e-06
-2.92256e-06
-3.43717e-06
-3.96259e-06
-4.49905e-06
-5.02715e-06
1.29996e-08
2.28011e-07
3.13381e-07
2.84207e-07
1.50851e-07
-7.4775e-08
-3.71479e-07
-7.1657e-07
-1.07768e-06
-1.44373e-06
-1.80811e-06
-2.18559e-06
-2.58026e-06
-2.99487e-06
-3.43284e-06
-3.87322e-06
7.33573e-09
2.15922e-07
3.14507e-07
3.17782e-07
2.34606e-07
8.17182e-08
-1.22741e-07
-3.49266e-07
-5.82048e-07
-8.10012e-07
-1.04489e-06
-1.29455e-06
-1.56541e-06
-1.87094e-06
-2.20447e-06
-2.56012e-06
6.62101e-09
2.15468e-07
3.36515e-07
3.85883e-07
3.69131e-07
3.06118e-07
2.14126e-07
1.22534e-07
3.14662e-08
-5.29083e-08
-1.49444e-07
-2.6388e-07
-4.11187e-07
-6.02955e-07
-8.35438e-07
-1.10874e-06
1.63088e-08
2.36239e-07
3.93167e-07
4.97647e-07
5.63349e-07
6.02184e-07
6.42062e-07
6.89835e-07
7.51607e-07
8.11462e-07
8.61383e-07
8.86167e-07
8.65138e-07
7.91262e-07
6.51439e-07
4.592e-07
3.17668e-08
2.75924e-07
4.81347e-07
6.51611e-07
8.08848e-07
9.63466e-07
1.14158e-06
1.33488e-06
1.54743e-06
1.75467e-06
1.95129e-06
2.11481e-06
2.22075e-06
2.25685e-06
2.20805e-06
2.0856e-06
5.61187e-08
3.38636e-07
6.05457e-07
8.55139e-07
1.10903e-06
1.39365e-06
1.70568e-06
2.04982e-06
2.40471e-06
2.75986e-06
3.09729e-06
3.39068e-06
3.61897e-06
3.75483e-06
3.79485e-06
3.7343e-06
8.73169e-08
4.20468e-07
7.6024e-07
1.10069e-06
1.46289e-06
1.87682e-06
2.32568e-06
2.81097e-06
3.30276e-06
3.79352e-06
4.259e-06
4.67329e-06
5.01057e-06
5.24432e-06
5.36745e-06
5.37015e-06
1.29101e-07
5.28258e-07
9.49504e-07
1.39538e-06
1.87972e-06
2.41899e-06
3.0083e-06
3.61972e-06
4.24044e-06
4.84963e-06
5.42508e-06
5.94443e-06
6.37657e-06
6.7043e-06
6.90509e-06
6.97722e-06
1.74096e-07
6.56219e-07
1.17334e-06
1.73861e-06
2.35559e-06
3.02991e-06
3.75045e-06
4.48136e-06
5.21335e-06
5.92234e-06
6.59057e-06
7.19411e-06
7.7081e-06
8.11411e-06
8.38964e-06
8.52925e-06
8.53145e-06
2.27845e-07
8.04974e-07
1.44301e-06
2.14209e-06
2.90723e-06
3.72997e-06
4.57312e-06
5.42101e-06
6.2503e-06
7.04568e-06
7.78929e-06
8.4594e-06
9.03912e-06
9.50493e-06
9.84849e-06
1.00588e-05
1.01284e-05
2.90109e-07
9.76791e-07
1.75655e-06
2.61422e-06
3.54593e-06
4.51902e-06
5.49157e-06
6.45203e-06
7.37554e-06
8.25143e-06
9.06123e-06
9.78886e-06
1.04196e-05
1.09388e-05
1.1339e-05
1.16103e-05
1.17448e-05
3.59485e-07
1.1833e-06
2.12394e-06
3.16822e-06
4.27953e-06
5.40337e-06
6.51792e-06
7.59534e-06
8.62169e-06
9.58053e-06
1.04599e-05
1.12462e-05
1.19258e-05
1.24933e-05
1.29415e-05
1.32718e-05
1.34712e-05
4.34631e-07
1.41214e-06
2.53889e-06
3.77902e-06
5.07274e-06
6.36225e-06
7.62772e-06
8.83684e-06
9.97817e-06
1.10329e-05
1.19938e-05
1.28465e-05
1.35831e-05
1.42032e-05
1.47031e-05
1.50826e-05
1.53337e-05
5.10645e-07
1.64559e-06
2.97801e-06
4.40734e-06
5.88196e-06
7.35265e-06
8.77449e-06
1.01302e-05
1.13962e-05
1.25617e-05
1.36157e-05
1.45474e-05
1.53524e-05
1.6027e-05
1.65808e-05
1.7012e-05
1.73096e-05
5.83683e-07
1.88153e-06
3.41285e-06
5.03717e-06
6.69394e-06
8.33505e-06
9.91639e-06
1.14182e-05
1.28163e-05
1.40997e-05
1.52572e-05
1.62767e-05
1.71576e-05
1.7903e-05
1.85142e-05
1.89919e-05
1.93339e-05
6.80061e-07
2.14193e-06
3.85256e-06
5.66821e-06
7.49587e-06
9.2869e-06
1.10164e-05
1.26558e-05
1.41869e-05
1.55876e-05
1.68491e-05
1.79576e-05
1.89228e-05
1.97358e-05
2.04046e-05
2.09327e-05
2.13079e-05
7.7841e-07
2.36558e-06
4.21193e-06
6.17055e-06
8.13291e-06
1.00671e-05
1.1932e-05
1.3698e-05
1.53439e-05
1.68465e-05
1.81981e-05
1.93899e-05
2.04181e-05
2.1295e-05
2.20058e-05
2.25547e-05
2.29508e-05
7.87027e-07
2.39936e-06
4.2578e-06
6.26121e-06
8.30852e-06
1.03478e-05
1.23326e-05
1.421e-05
1.59515e-05
1.75374e-05
1.89551e-05
2.01958e-05
2.12629e-05
2.21552e-05
2.28692e-05
2.34156e-05
2.38138e-05
6.72405e-07
2.16585e-06
3.9246e-06
5.88963e-06
7.99237e-06
1.00983e-05
1.21776e-05
1.41501e-05
1.59731e-05
1.76102e-05
1.90569e-05
2.03095e-05
2.13828e-05
2.22574e-05
2.29538e-05
2.34922e-05
2.39009e-05
5.68452e-07
1.91435e-06
3.55049e-06
1.41851e-07
4.75936e-07
5.75867e-07
5.51116e-07
3.97176e-07
1.14524e-07
-2.98601e-07
-8.3814e-07
-1.49523e-06
-2.2509e-06
-3.07686e-06
-3.94622e-06
-4.82996e-06
-5.70676e-06
-6.55957e-06
-7.37235e-06
1.35109e-07
4.63538e-07
5.62956e-07
5.36175e-07
3.78733e-07
9.03691e-08
-3.26693e-07
-8.66376e-07
-1.5168e-06
-2.2569e-06
-3.05815e-06
-3.89511e-06
-4.74539e-06
-5.59004e-06
-6.41442e-06
-7.20317e-06
1.29389e-07
4.53055e-07
5.5188e-07
5.22782e-07
3.61192e-07
6.85688e-08
-3.4917e-07
-8.81617e-07
-1.513e-06
-2.21996e-06
-2.97421e-06
-3.75495e-06
-4.54639e-06
-5.33588e-06
-6.11125e-06
-6.85705e-06
1.30306e-07
4.51702e-07
5.51375e-07
5.22492e-07
3.62714e-07
7.55757e-08
-3.29617e-07
-8.3847e-07
-1.43107e-06
-2.0833e-06
-2.76847e-06
-3.47188e-06
-4.18472e-06
-4.90084e-06
-5.61007e-06
-6.29627e-06
1.25435e-07
4.40142e-07
5.4149e-07
5.17722e-07
3.68528e-07
1.00436e-07
-2.75462e-07
-7.41415e-07
-1.27421e-06
-1.85009e-06
-2.44719e-06
-3.05712e-06
-3.67675e-06
-4.3062e-06
-4.93576e-06
-5.54984e-06
1.17396e-07
4.22146e-07
5.27848e-07
5.17242e-07
3.9087e-07
1.57531e-07
-1.7013e-07
-5.7128e-07
-1.02275e-06
-1.50197e-06
-1.99389e-06
-2.49666e-06
-3.01339e-06
-3.54561e-06
-4.08543e-06
-4.62051e-06
1.07163e-07
4.01236e-07
5.17192e-07
5.30024e-07
4.40739e-07
2.5868e-07
-9.03365e-10
-3.16033e-07
-6.65082e-07
-1.03011e-06
-1.40342e-06
-1.79074e-06
-2.19671e-06
-2.62491e-06
-3.07149e-06
-3.52439e-06
1.00818e-07
3.89095e-07
5.24941e-07
5.7323e-07
5.35379e-07
4.21511e-07
2.49189e-07
3.94822e-08
-1.88649e-07
-4.24925e-07
-6.71187e-07
-9.35664e-07
-1.22531e-06
-1.54779e-06
-1.90043e-06
-2.27093e-06
9.71392e-08
3.87093e-07
5.5335e-07
6.48723e-07
6.75354e-07
6.4494e-07
5.75988e-07
4.87595e-07
3.92795e-07
2.93919e-07
1.80516e-07
4.42325e-08
-1.27076e-07
-3.42783e-07
-6.0162e-07
-8.92255e-07
1.01452e-07
4.04812e-07
6.12258e-07
7.65674e-07
8.68503e-07
9.34604e-07
9.81776e-07
1.02585e-06
1.07202e-06
1.11285e-06
1.13754e-06
1.1302e-06
1.07865e-06
9.70279e-07
8.04434e-07
5.88977e-07
1.11298e-07
4.38795e-07
6.98202e-07
9.18996e-07
1.10792e-06
1.28042e-06
1.45248e-06
1.63384e-06
1.82173e-06
2.00233e-06
2.16332e-06
2.2845e-06
2.35131e-06
2.34831e-06
2.27185e-06
2.12743e-06
1.31865e-07
4.96637e-07
8.19574e-07
1.11672e-06
1.40114e-06
1.68751e-06
1.98878e-06
2.30773e-06
2.63333e-06
2.95109e-06
3.24104e-06
3.48557e-06
3.66547e-06
3.76403e-06
3.77363e-06
3.69826e-06
1.57228e-07
5.72205e-07
9.67025e-07
1.35135e-06
1.73904e-06
2.14436e-06
2.57471e-06
3.02547e-06
3.48076e-06
3.92252e-06
4.33177e-06
4.68869e-06
4.97351e-06
5.16845e-06
5.26302e-06
5.25607e-06
1.92705e-07
6.74007e-07
1.15181e-06
1.63652e-06
2.13636e-06
2.66525e-06
3.22261e-06
3.79569e-06
4.36807e-06
4.91915e-06
5.43153e-06
5.88605e-06
6.26447e-06
6.54807e-06
6.72543e-06
6.7885e-06
2.36961e-07
7.97496e-07
1.37512e-06
1.97285e-06
2.59819e-06
3.25484e-06
3.9355e-06
4.62269e-06
5.29667e-06
5.94085e-06
6.53842e-06
7.07324e-06
7.52816e-06
7.88779e-06
8.14203e-06
8.27923e-06
2.90786e-07
9.48e-07
1.64599e-06
2.37509e-06
3.14105e-06
3.93207e-06
4.73445e-06
5.52666e-06
6.29283e-06
7.0169e-06
7.685e-06
8.2826e-06
8.79536e-06
9.21386e-06
9.52705e-06
9.73205e-06
3.49463e-07
1.12651e-06
1.96152e-06
2.84591e-06
3.76383e-06
4.69606e-06
5.62223e-06
6.51974e-06
7.3756e-06
8.17492e-06
8.90711e-06
9.55826e-06
1.01176e-05
1.05768e-05
1.09354e-05
1.12039e-05
1.13835e-05
4.24407e-07
1.34174e-06
2.34057e-06
3.39756e-06
4.47977e-06
5.56294e-06
6.62092e-06
7.634e-06
8.58819e-06
9.47207e-06
1.02764e-05
1.09892e-05
1.16022e-05
1.21092e-05
1.25172e-05
1.28462e-05
1.30919e-05
5.06124e-07
1.58045e-06
2.76172e-06
3.99883e-06
5.25713e-06
6.50013e-06
7.70311e-06
8.84707e-06
9.91654e-06
1.09028e-05
1.17976e-05
1.25918e-05
1.32784e-05
1.3853e-05
1.43183e-05
1.46966e-05
1.49861e-05
5.8537e-07
1.8177e-06
3.18617e-06
4.61118e-06
6.0496e-06
7.46214e-06
8.82094e-06
1.01089e-05
1.13102e-05
1.2416e-05
1.34211e-05
1.43155e-05
1.50925e-05
1.57483e-05
1.62917e-05
1.67149e-05
1.70186e-05
6.52566e-07
2.0349e-06
3.58705e-06
5.20379e-06
6.82252e-06
8.40629e-06
9.928e-06
1.13669e-05
1.27093e-05
1.39473e-05
1.50743e-05
1.60816e-05
1.69623e-05
1.77141e-05
1.8329e-05
1.88093e-05
1.91319e-05
7.32418e-07
2.26905e-06
3.99878e-06
5.79212e-06
7.58085e-06
9.33137e-06
1.10101e-05
1.25993e-05
1.40832e-05
1.54522e-05
1.67028e-05
1.78233e-05
1.88098e-05
1.96592e-05
2.03559e-05
2.0882e-05
2.12225e-05
8.2623e-07
2.49816e-06
4.36021e-06
6.28644e-06
8.21219e-06
1.01022e-05
1.19217e-05
1.3644e-05
1.52541e-05
1.67418e-05
1.80988e-05
1.93193e-05
2.03999e-05
2.13204e-05
2.20699e-05
2.26259e-05
2.3013e-05
8.64442e-07
2.59026e-06
4.49336e-06
6.46394e-06
8.4597e-06
1.04415e-05
1.23568e-05
1.41855e-05
1.58963e-05
1.74732e-05
1.89081e-05
2.01909e-05
2.1319e-05
2.22726e-05
2.30324e-05
2.36155e-05
2.40415e-05
8.08046e-07
2.48327e-06
4.31595e-06
6.26313e-06
8.28405e-06
1.03029e-05
1.22907e-05
1.42032e-05
1.5986e-05
1.7612e-05
1.90788e-05
2.03799e-05
2.15068e-05
2.24532e-05
2.32169e-05
2.38133e-05
2.42585e-05
7.48056e-07
2.33662e-06
4.08942e-06
6.01362e-06
8.05555e-06
1.01287e-05
2.04817e-07
6.20771e-07
7.86086e-07
8.03875e-07
6.85216e-07
4.36222e-07
6.36264e-08
-4.26232e-07
-1.02296e-06
-1.71217e-06
-2.46951e-06
-3.2748e-06
-4.10522e-06
-4.93824e-06
-5.75716e-06
-6.55021e-06
1.96536e-07
6.04981e-07
7.68691e-07
7.86099e-07
6.66012e-07
4.16212e-07
4.41467e-08
-4.42982e-07
-1.0325e-06
-1.70801e-06
-2.44644e-06
-3.22911e-06
-4.03464e-06
-4.84284e-06
-5.63795e-06
-6.41185e-06
1.91924e-07
5.94946e-07
7.5848e-07
7.77506e-07
6.58766e-07
4.12383e-07
4.69364e-08
-4.28003e-07
-9.98038e-07
-1.64475e-06
-2.34614e-06
-3.08582e-06
-3.84473e-06
-4.60709e-06
-5.36076e-06
-6.0963e-06
1.91679e-07
5.91357e-07
7.58261e-07
7.82709e-07
6.72564e-07
4.39129e-07
9.21989e-08
-3.56257e-07
-8.89491e-07
-1.48894e-06
-2.13434e-06
-2.81094e-06
-3.50303e-06
-4.2018e-06
-4.89747e-06
-5.57895e-06
1.87359e-07
5.81301e-07
7.54076e-07
7.89465e-07
6.96895e-07
4.88119e-07
1.73885e-07
-2.31525e-07
-7.10216e-07
-1.24414e-06
-1.81597e-06
-2.41202e-06
-3.02242e-06
-3.6443e-06
-4.2692e-06
-4.88599e-06
1.80797e-07
5.67824e-07
7.50083e-07
8.04242e-07
7.39867e-07
5.68771e-07
3.02795e-07
-4.18028e-08
-4.47985e-07
-8.99649e-07
-1.38059e-06
-1.88131e-06
-2.39912e-06
-2.93434e-06
-3.47916e-06
-4.02484e-06
1.74248e-07
5.56101e-07
7.54605e-07
8.3709e-07
8.12574e-07
6.9302e-07
4.91389e-07
2.2454e-07
-9.23628e-08
-4.44776e-07
-8.19647e-07
-1.21497e-06
-1.63251e-06
-2.07491e-06
-2.53572e-06
-3.00685e-06
1.72027e-07
5.54382e-07
7.78657e-07
8.99229e-07
9.26719e-07
8.72199e-07
7.50271e-07
5.76068e-07
3.63453e-07
1.25117e-07
-1.33139e-07
-4.16086e-07
-7.28727e-07
-1.07496e-06
-1.45043e-06
-1.84581e-06
1.73519e-07
5.65447e-07
8.2549e-07
9.94363e-07
1.08465e-06
1.1075e-06
1.07751e-06
1.0077e-06
9.12321e-07
7.98042e-07
6.61745e-07
4.94042e-07
2.8819e-07
3.90589e-08
-2.50911e-07
-5.71388e-07
1.82078e-07
5.94912e-07
8.99793e-07
1.12704e-06
1.28927e-06
1.39956e-06
1.4704e-06
1.51574e-06
1.54531e-06
1.55821e-06
1.54462e-06
1.49166e-06
1.39335e-06
1.24156e-06
1.039e-06
7.9083e-07
1.96597e-07
6.41775e-07
1.00065e-06
1.29424e-06
1.53688e-06
1.74133e-06
1.91981e-06
2.08625e-06
2.24253e-06
2.3806e-06
2.48654e-06
2.54631e-06
2.55517e-06
2.50057e-06
2.38327e-06
2.20697e-06
2.20482e-07
7.10541e-07
1.1324e-06
1.5002e-06
1.82994e-06
2.13372e-06
2.42551e-06
2.71307e-06
2.99184e-06
3.24863e-06
3.46743e-06
3.63852e-06
3.74997e-06
3.79125e-06
3.7585e-06
3.6549e-06
2.50396e-07
7.9837e-07
1.29217e-06
1.7434e-06
2.16625e-06
2.57495e-06
2.98077e-06
3.38481e-06
3.77727e-06
4.14351e-06
4.46735e-06
4.7401e-06
4.94857e-06
5.08223e-06
5.13458e-06
5.10578e-06
2.90946e-07
9.12018e-07
1.49076e-06
2.03544e-06
2.55995e-06
3.07804e-06
3.59648e-06
4.10953e-06
4.60457e-06
5.06646e-06
5.48496e-06
5.84673e-06
6.14254e-06
6.36221e-06
6.50065e-06
6.54686e-06
3.39805e-07
1.05036e-06
1.72948e-06
2.3809e-06
3.01807e-06
3.64991e-06
4.27779e-06
4.89147e-06
5.47794e-06
6.02376e-06
6.52003e-06
6.95503e-06
7.32189e-06
7.61526e-06
7.82497e-06
7.94373e-06
3.98389e-07
1.22028e-06
2.0154e-06
2.79186e-06
3.55307e-06
4.30486e-06
5.04035e-06
5.7489e-06
6.41779e-06
7.03834e-06
7.59911e-06
8.09185e-06
8.51176e-06
8.8534e-06
9.11404e-06
9.30275e-06
4.66536e-07
1.42079e-06
2.35264e-06
3.27051e-06
4.16825e-06
5.04545e-06
5.8917e-06
6.69674e-06
7.44912e-06
8.14046e-06
8.76215e-06
9.3067e-06
9.76843e-06
1.01443e-05
1.04486e-05
1.07044e-05
5.53133e-07
1.65751e-06
2.74825e-06
3.8207e-06
4.86902e-06
5.88077e-06
6.84856e-06
7.76052e-06
8.60789e-06
9.38236e-06
1.00788e-05
1.06894e-05
1.12089e-05
1.16375e-05
1.19884e-05
1.23036e-05
1.26044e-05
6.49754e-07
1.90996e-06
3.16963e-06
4.41248e-06
5.62053e-06
6.78002e-06
7.88291e-06
8.91911e-06
9.8805e-06
1.07616e-05
1.15587e-05
1.22651e-05
1.28748e-05
1.33809e-05
1.37995e-05
1.41672e-05
1.44795e-05
7.31184e-07
2.14975e-06
3.58274e-06
5.0016e-06
6.37406e-06
7.69244e-06
8.94293e-06
1.01198e-05
1.12161e-05
1.22287e-05
1.3154e-05
1.39855e-05
1.4715e-05
1.53337e-05
1.58374e-05
1.62519e-05
1.65675e-05
7.98754e-07
2.36819e-06
3.98154e-06
5.57172e-06
7.1121e-06
8.59243e-06
1.00013e-05
1.13327e-05
1.25814e-05
1.37435e-05
1.4818e-05
1.57973e-05
1.66662e-05
1.74173e-05
1.80341e-05
1.84984e-05
1.87907e-05
8.75309e-07
2.59381e-06
4.37838e-06
6.12813e-06
7.82788e-06
9.46433e-06
1.10317e-05
1.25201e-05
1.3923e-05
1.5238e-05
1.64632e-05
1.75886e-05
1.85983e-05
1.94778e-05
2.01992e-05
2.07119e-05
2.10278e-05
9.66149e-07
2.82369e-06
4.74429e-06
6.62031e-06
8.44805e-06
1.02179e-05
1.19213e-05
1.3546e-05
1.50848e-05
1.65323e-05
1.7886e-05
1.91307e-05
2.02561e-05
2.12297e-05
2.20224e-05
2.26018e-05
2.29822e-05
1.02437e-06
2.97705e-06
4.95642e-06
6.89388e-06
8.79341e-06
1.06445e-05
1.24362e-05
1.41507e-05
1.5783e-05
1.73238e-05
1.87628e-05
2.00836e-05
2.12689e-05
2.22916e-05
2.31161e-05
2.37579e-05
2.42152e-05
1.02077e-06
2.99133e-06
4.96044e-06
6.89994e-06
8.82e-06
1.07058e-05
1.25352e-05
1.43051e-05
1.59927e-05
1.75802e-05
1.90486e-05
2.03949e-05
2.15878e-05
2.26073e-05
2.34553e-05
2.41249e-05
2.46396e-05
1.01273e-06
2.97496e-06
4.93309e-06
6.87083e-06
8.80566e-06
1.07211e-05
1.25986e-05
1.44246e-05
2.32142e-07
7.00626e-07
9.28719e-07
9.89658e-07
9.04613e-07
6.86903e-07
3.49744e-07
-9.80672e-08
-6.44253e-07
-1.27488e-06
-1.97029e-06
-2.71489e-06
-3.49067e-06
-4.27878e-06
-5.06581e-06
-5.84379e-06
2.2325e-07
6.83053e-07
9.09374e-07
9.71419e-07
8.86952e-07
6.71982e-07
3.3862e-07
-1.03513e-07
-6.41462e-07
-1.26031e-06
-1.94112e-06
-2.66864e-06
-3.42571e-06
-4.19478e-06
-4.963e-06
-5.7241e-06
2.19391e-07
6.73597e-07
9.00541e-07
9.6628e-07
8.87823e-07
6.81808e-07
3.60463e-07
-6.57151e-08
-5.83021e-07
-1.17612e-06
-1.82658e-06
-2.51992e-06
-3.23992e-06
-3.97228e-06
-4.70531e-06
-5.43239e-06
2.18906e-07
6.703e-07
9.02117e-07
9.7697e-07
9.12344e-07
7.2497e-07
4.26941e-07
3.01883e-08
-4.51287e-07
-1.00217e-06
-1.6051e-06
-2.24637e-06
-2.91162e-06
-3.59032e-06
-4.27261e-06
-4.95157e-06
2.16925e-07
6.65087e-07
9.05679e-07
9.95994e-07
9.54061e-07
7.95828e-07
5.33696e-07
1.8052e-07
-2.49842e-07
-7.42625e-07
-1.28172e-06
-1.85543e-06
-2.45158e-06
-3.06281e-06
-3.68213e-06
-4.3027e-06
2.13514e-07
6.58881e-07
9.13126e-07
1.02655e-06
1.01682e-06
8.98985e-07
6.85841e-07
3.90422e-07
2.60854e-08
-3.93549e-07
-8.54254e-07
-1.34671e-06
-1.86051e-06
-2.3945e-06
-2.94268e-06
-3.49844e-06
2.13049e-07
6.60108e-07
9.35412e-07
1.08074e-06
1.1134e-06
1.04786e-06
8.96639e-07
6.72745e-07
3.88533e-07
5.59524e-08
-3.13373e-07
-7.10927e-07
-1.13457e-06
-1.58545e-06
-2.05755e-06
-2.54501e-06
2.15925e-07
6.71588e-07
9.76432e-07
1.16265e-06
1.24785e-06
1.2454e-06
1.16786e-06
1.02735e-06
8.3529e-07
6.01732e-07
3.36165e-07
3.96121e-08
-2.89504e-07
-6.52698e-07
-1.04628e-06
-1.46424e-06
2.25831e-07
7.00419e-07
1.0441e-06
1.28063e-06
1.42774e-06
1.49793e-06
1.50371e-06
1.45646e-06
1.3664e-06
1.24115e-06
1.08605e-06
8.92501e-07
6.61174e-07
3.87042e-07
7.27894e-08
-2.75217e-07
2.41543e-07
7.4579e-07
1.13679e-06
1.43201e-06
1.64849e-06
1.79861e-06
1.89456e-06
1.94733e-06
1.96529e-06
1.95379e-06
1.90657e-06
1.81841e-06
1.68549e-06
1.50078e-06
1.26685e-06
9.88825e-07
2.65898e-07
8.12878e-07
1.25909e-06
1.62064e-06
1.9128e-06
2.14822e-06
2.33914e-06
2.49591e-06
2.62487e-06
2.72463e-06
2.78375e-06
2.79881e-06
2.76266e-06
2.66733e-06
2.51401e-06
2.307e-06
2.96633e-07
8.97374e-07
1.40824e-06
1.84276e-06
2.21548e-06
2.53972e-06
2.82815e-06
3.08947e-06
3.32599e-06
3.52882e-06
3.6918e-06
3.80583e-06
3.86344e-06
3.85665e-06
3.78503e-06
3.65085e-06
3.36163e-07
1.00568e-06
1.59251e-06
2.10631e-06
2.56445e-06
2.98075e-06
3.36771e-06
3.73073e-06
4.06652e-06
4.36766e-06
4.62557e-06
4.83126e-06
4.9778e-06
5.05785e-06
5.06856e-06
5.01044e-06
3.84741e-07
1.14037e-06
1.81399e-06
2.41603e-06
2.96491e-06
3.47699e-06
3.9617e-06
4.42096e-06
4.84782e-06
5.23709e-06
5.5791e-06
5.86617e-06
6.09357e-06
6.25457e-06
6.34691e-06
6.36739e-06
4.46056e-07
1.3081e-06
2.08358e-06
2.78663e-06
3.4347e-06
4.04673e-06
4.62792e-06
5.17618e-06
5.68762e-06
6.15395e-06
6.56752e-06
6.92286e-06
7.21736e-06
7.44845e-06
7.61461e-06
7.71021e-06
5.19489e-07
1.51083e-06
2.40508e-06
3.22221e-06
3.98165e-06
4.69763e-06
5.3748e-06
6.01088e-06
6.60005e-06
7.13511e-06
7.61007e-06
8.0207e-06
8.36745e-06
8.65158e-06
8.8751e-06
9.04697e-06
6.10392e-07
1.75313e-06
2.78264e-06
3.72886e-06
4.61159e-06
5.44015e-06
6.21753e-06
6.943e-06
7.61014e-06
8.21266e-06
8.74645e-06
9.20789e-06
9.59811e-06
9.92017e-06
1.01934e-05
1.04365e-05
7.05602e-07
2.00736e-06
3.18681e-06
4.28066e-06
5.29562e-06
6.24683e-06
7.13433e-06
7.95741e-06
8.71116e-06
9.39171e-06
9.99613e-06
1.05203e-05
1.09623e-05
1.13295e-05
1.16434e-05
1.19381e-05
7.99301e-07
2.26118e-06
3.60271e-06
4.85317e-06
6.01341e-06
7.09752e-06
8.10738e-06
9.04384e-06
9.90459e-06
1.06879e-05
1.13927e-05
1.20138e-05
1.2544e-05
1.29817e-05
1.33429e-05
1.37065e-05
1.40594e-05
8.83197e-07
2.50091e-06
4.01573e-06
5.42498e-06
6.7397e-06
7.96675e-06
9.11564e-06
1.01872e-05
1.11831e-05
1.21045e-05
1.29508e-05
1.37136e-05
1.43816e-05
1.4938e-05
1.54037e-05
1.58158e-05
1.61529e-05
9.61631e-07
2.73959e-06
4.42407e-06
5.99504e-06
7.4634e-06
8.84231e-06
1.01421e-05
1.13675e-05
1.25217e-05
1.3608e-05
1.4626e-05
1.55631e-05
1.64052e-05
1.71317e-05
1.77335e-05
1.81661e-05
1.84699e-05
1.04305e-06
2.96251e-06
4.81495e-06
6.53668e-06
8.14808e-06
9.67205e-06
1.11196e-05
1.24985e-05
1.38131e-05
1.50651e-05
1.6253e-05
1.73615e-05
1.83734e-05
1.92635e-05
1.99885e-05
2.05019e-05
2.08009e-05
1.13398e-06
3.20451e-06
5.19122e-06
7.0339e-06
8.76443e-06
1.04084e-05
1.19812e-05
1.34906e-05
1.4941e-05
1.63312e-05
1.76587e-05
1.89049e-05
2.00492e-05
2.10588e-05
2.1877e-05
2.24771e-05
2.28673e-05
1.20421e-06
3.38796e-06
5.4564e-06
7.3705e-06
9.17392e-06
1.08942e-05
1.25471e-05
1.41397e-05
1.5674e-05
1.71482e-05
1.85561e-05
1.98817e-05
2.10984e-05
2.21598e-05
2.30325e-05
2.37114e-05
2.42045e-05
1.23712e-06
3.49216e-06
5.5856e-06
7.52916e-06
9.36503e-06
1.11222e-05
1.28159e-05
1.44467e-05
1.60151e-05
1.75201e-05
1.89537e-05
2.02965e-05
2.15218e-05
2.25891e-05
2.34894e-05
2.42252e-05
2.47928e-05
1.27869e-06
3.59169e-06
5.70749e-06
7.67179e-06
9.53467e-06
1.13211e-05
1.30434e-05
1.47043e-05
1.63e-05
1.78158e-05
1.92538e-05
2.42179e-07
7.35458e-07
1.00014e-06
1.09019e-06
1.026e-06
8.28103e-07
5.11783e-07
8.87457e-08
-4.28391e-07
-1.02536e-06
-1.68479e-06
-2.39337e-06
-3.13631e-06
-3.89848e-06
-4.6692e-06
-5.44044e-06
2.35318e-07
7.20804e-07
9.84006e-07
1.07538e-06
1.01416e-06
8.20807e-07
5.10388e-07
9.46218e-08
-4.13361e-07
-9.99582e-07
-1.6462e-06
-2.34059e-06
-3.06775e-06
-3.81373e-06
-4.56821e-06
-5.32366e-06
2.32007e-07
7.12117e-07
9.76303e-07
1.07252e-06
1.01964e-06
8.37912e-07
5.41969e-07
1.44092e-07
-3.42779e-07
-9.04619e-07
-1.52425e-06
-2.18889e-06
-2.88395e-06
-3.5978e-06
-4.32069e-06
-5.04489e-06
2.31987e-07
7.10111e-07
9.80275e-07
1.08754e-06
1.05112e-06
8.90704e-07
6.20551e-07
2.53412e-07
-1.98169e-07
-7.20237e-07
-1.2967e-06
-1.9148e-06
-2.5611e-06
-3.22679e-06
-3.90351e-06
-4.58336e-06
2.31305e-07
7.07877e-07
9.88324e-07
1.11316e-06
1.1017e-06
9.72529e-07
7.39879e-07
4.16233e-07
1.38478e-08
-4.53911e-07
-9.71984e-07
-1.52854e-06
-2.11192e-06
-2.71628e-06
-3.33467e-06
-3.95974e-06
2.2983e-07
7.06909e-07
1.0034e-06
1.15344e-06
1.17603e-06
1.08872e-06
9.05374e-07
6.37937e-07
2.98164e-07
-1.01378e-07
-5.47078e-07
-1.02872e-06
-1.53743e-06
-2.07038e-06
-2.62245e-06
-3.18652e-06
2.32953e-07
7.16139e-07
1.03586e-06
1.21944e-06
1.28564e-06
1.25085e-06
1.12813e-06
9.28927e-07
6.64342e-07
3.45794e-07
-1.51702e-08
-4.10698e-07
-8.3582e-07
-1.29043e-06
-1.77028e-06
-2.26903e-06
2.389e-07
7.35974e-07
1.08727e-06
1.31327e-06
1.43235e-06
1.45957e-06
1.4074e-06
1.28678e-06
1.10809e-06
8.81233e-07
6.15019e-07
3.12983e-07
-2.28624e-08
-3.94916e-07
-8.00214e-07
-1.2326e-06
2.5403e-07
7.76002e-07
1.16743e-06
1.44458e-06
1.62484e-06
1.72213e-06
1.74864e-06
1.71498e-06
1.63054e-06
1.50322e-06
1.3378e-06
1.13335e-06
8.89836e-07
6.02374e-07
2.73585e-07
-9.08062e-08
2.741e-07
8.30909e-07
1.2709e-06
1.60753e-06
1.85555e-06
2.02873e-06
2.13955e-06
2.19831e-06
2.21307e-06
2.18887e-06
2.12552e-06
2.01985e-06
1.86923e-06
1.66701e-06
1.41505e-06
1.11882e-06
3.04838e-07
9.08449e-07
1.40691e-06
1.8098e-06
2.13075e-06
2.38405e-06
2.58284e-06
2.73688e-06
2.85246e-06
2.9305e-06
2.96769e-06
2.95916e-06
2.90006e-06
2.78319e-06
2.60967e-06
2.3838e-06
3.39589e-07
1.00362e-06
1.56947e-06
2.04362e-06
2.44129e-06
2.77741e-06
3.06565e-06
3.3148e-06
3.52831e-06
3.70399e-06
3.83734e-06
3.92165e-06
3.95127e-06
3.91895e-06
3.82443e-06
3.67067e-06
3.86976e-07
1.12747e-06
1.77064e-06
2.32214e-06
2.80028e-06
3.22219e-06
3.60036e-06
3.94209e-06
4.24813e-06
4.51526e-06
4.73757e-06
4.90833e-06
5.02231e-06
5.07281e-06
5.05874e-06
4.98091e-06
4.42011e-07
1.27738e-06
2.0098e-06
2.64548e-06
3.20852e-06
3.71828e-06
4.18597e-06
4.61606e-06
5.00784e-06
5.35736e-06
5.65884e-06
5.90693e-06
6.09777e-06
6.22674e-06
6.29192e-06
6.29229e-06
5.14525e-07
1.46758e-06
2.30429e-06
3.03553e-06
3.69148e-06
4.29201e-06
4.8486e-06
5.3633e-06
5.83428e-06
6.25698e-06
6.62726e-06
6.94161e-06
7.19937e-06
7.39885e-06
7.54002e-06
7.62222e-06
6.00306e-07
1.6941e-06
2.65072e-06
3.49165e-06
4.24927e-06
4.94663e-06
5.59294e-06
6.19055e-06
6.73523e-06
7.22435e-06
7.65425e-06
8.02344e-06
8.3348e-06
8.59152e-06
8.80499e-06
8.96443e-06
7.03179e-07
1.95977e-06
3.04984e-06
4.01536e-06
4.88625e-06
5.68865e-06
6.42916e-06
7.11103e-06
7.72986e-06
8.28372e-06
8.76991e-06
9.18748e-06
9.54034e-06
9.84513e-06
1.01069e-05
1.03277e-05
8.02645e-07
2.22833e-06
3.4659e-06
4.5681e-06
5.56606e-06
6.48112e-06
7.3234e-06
8.09533e-06
8.79617e-06
9.4233e-06
9.97516e-06
1.04481e-05
1.08471e-05
1.11809e-05
1.14627e-05
1.17553e-05
8.91658e-07
2.48285e-06
3.88346e-06
5.13306e-06
6.26759e-06
7.30645e-06
8.26288e-06
9.14097e-06
9.94398e-06
1.06705e-05
1.13203e-05
1.18861e-05
1.23618e-05
1.27444e-05
1.30835e-05
1.34414e-05
9.80057e-07
2.73385e-06
4.29923e-06
5.70577e-06
6.9848e-06
8.16259e-06
9.2528e-06
1.02637e-05
1.12014e-05
1.20695e-05
1.28679e-05
1.35847e-05
1.42035e-05
1.47216e-05
1.51673e-05
1.55515e-05
1.59352e-05
1.07193e-06
2.97312e-06
4.70925e-06
6.27369e-06
7.70123e-06
9.02451e-06
1.0262e-05
1.14253e-05
1.25232e-05
1.35631e-05
1.4544e-05
1.54497e-05
1.62657e-05
1.69708e-05
1.7553e-05
1.79886e-05
1.82779e-05
1.14784e-06
3.20299e-06
5.09462e-06
6.80257e-06
8.36823e-06
9.82839e-06
1.1207e-05
1.25193e-05
1.37763e-05
1.4985e-05
1.61422e-05
1.72357e-05
1.8246e-05
1.91347e-05
1.9854e-05
2.03625e-05
2.06605e-05
1.23719e-06
3.43493e-06
5.46096e-06
7.28723e-06
8.9642e-06
1.05365e-05
1.20299e-05
1.34641e-05
1.48507e-05
1.61933e-05
1.74906e-05
1.87302e-05
1.98783e-05
2.08947e-05
2.17176e-05
2.23268e-05
2.27357e-05
1.30777e-06
3.62664e-06
5.73912e-06
7.64073e-06
9.38965e-06
1.10354e-05
1.26058e-05
1.41176e-05
1.55808e-05
1.7001e-05
1.83782e-05
1.96889e-05
2.09027e-05
2.19731e-05
2.28541e-05
2.35586e-05
2.40815e-05
1.36558e-06
3.78149e-06
5.94536e-06
7.88818e-06
9.67997e-06
1.13721e-05
1.29865e-05
1.45401e-05
1.60367e-05
1.74811e-05
1.88741e-05
2.01951e-05
2.14135e-05
2.24906e-05
2.34183e-05
2.41978e-05
2.47913e-05
1.43852e-06
3.95036e-06
6.15294e-06
8.12833e-06
9.95056e-06
1.16757e-05
1.33259e-05
1.49069e-05
1.64135e-05
1.78637e-05
1.92439e-05
2.05413e-05
2.17429e-05
2.2833e-05
-8.71222e-06
-9.4046e-06
-1.00428e-05
-1.06281e-05
-1.11697e-05
-1.16577e-05
-1.21123e-05
-1.25547e-05
-1.30069e-05
-1.34797e-05
-1.39918e-05
-1.45384e-05
-1.51023e-05
-1.56572e-05
-1.61509e-05
-1.66075e-05
-1.69914e-05
-8.51233e-06
-9.19055e-06
-9.81168e-06
-1.03875e-05
-1.09181e-05
-1.14039e-05
-1.1856e-05
-1.23032e-05
-1.27598e-05
-1.32384e-05
-1.37539e-05
-1.43021e-05
-1.48663e-05
-1.54216e-05
-1.59102e-05
-1.63674e-05
-1.67508e-05
-8.09376e-06
-8.73781e-06
-9.33153e-06
-9.88507e-06
-1.0399e-05
-1.08774e-05
-1.13264e-05
-1.17785e-05
-1.2242e-05
-1.27294e-05
-1.32509e-05
-1.38027e-05
-1.437e-05
-1.49265e-05
-1.54122e-05
-1.58725e-05
-1.62603e-05
-7.4407e-06
-8.03594e-06
-8.59321e-06
-9.11446e-06
-9.6095e-06
-1.00763e-05
-1.05265e-05
-1.09825e-05
-1.14574e-05
-1.19568e-05
-1.24878e-05
-1.30463e-05
-1.36182e-05
-1.41767e-05
-1.46644e-05
-1.51298e-05
-1.55235e-05
-6.58557e-06
-7.1271e-06
-7.63933e-06
-8.12537e-06
-8.59635e-06
-9.05262e-06
-9.50477e-06
-9.96727e-06
-1.04571e-05
-1.09735e-05
-1.15182e-05
-1.20856e-05
-1.26617e-05
-1.32217e-05
-1.37112e-05
-1.4177e-05
-1.4574e-05
-5.53373e-06
-6.0188e-06
-6.48379e-06
-6.93491e-06
-7.38142e-06
-7.83212e-06
-8.28696e-06
-8.7643e-06
-9.27433e-06
-9.81414e-06
-1.03763e-05
-1.09534e-05
-1.15313e-05
-1.20887e-05
-1.25734e-05
-1.30334e-05
-1.3429e-05
-4.30856e-06
-4.73275e-06
-5.1533e-06
-5.57225e-06
-5.99917e-06
-6.44698e-06
-6.91424e-06
-7.41472e-06
-7.95084e-06
-8.51857e-06
-9.10178e-06
-9.68665e-06
-1.02616e-05
-1.08091e-05
-1.12828e-05
-1.17337e-05
-1.21241e-05
-2.92206e-06
-3.28889e-06
-3.66988e-06
-4.0621e-06
-4.47754e-06
-4.92691e-06
-5.41814e-06
-5.94896e-06
-6.5184e-06
-7.11607e-06
-7.71898e-06
-8.30664e-06
-8.87111e-06
-9.40091e-06
-9.85937e-06
-1.02975e-05
-1.06773e-05
-1.40271e-06
-1.72276e-06
-2.07066e-06
-2.44578e-06
-2.85981e-06
-3.31972e-06
-3.83773e-06
-4.40587e-06
-5.01214e-06
-5.63446e-06
-6.24718e-06
-6.82709e-06
-7.3711e-06
-7.87632e-06
-8.31429e-06
-8.7332e-06
-9.10139e-06
2.19436e-07
-6.48914e-08
-3.88483e-07
-7.56464e-07
-1.17544e-06
-1.65617e-06
-2.2019e-06
-2.80706e-06
-3.44274e-06
-4.07669e-06
-4.68283e-06
-5.24331e-06
-5.75721e-06
-6.23242e-06
-6.64596e-06
-7.04314e-06
-7.39783e-06
1.89211e-06
1.63948e-06
1.33187e-06
9.6554e-07
5.35593e-07
3.28478e-08
-5.39448e-07
-1.16996e-06
-1.81763e-06
-2.4446e-06
-3.02788e-06
-3.55684e-06
-4.03702e-06
-4.47978e-06
-4.86803e-06
-5.24677e-06
-5.5927e-06
3.58584e-06
3.36101e-06
3.06601e-06
2.70081e-06
2.25761e-06
1.73869e-06
1.14751e-06
5.09851e-07
-1.28739e-07
-7.29387e-07
-1.27721e-06
-1.76663e-06
-2.21189e-06
-2.62469e-06
-2.99332e-06
-3.36031e-06
-3.70068e-06
5.26391e-06
5.06535e-06
4.78583e-06
4.42454e-06
3.97668e-06
3.44954e-06
2.85462e-06
2.22959e-06
1.621e-06
1.06039e-06
5.58961e-07
1.09477e-07
-3.01962e-07
-6.87955e-07
-1.04195e-06
-1.40043e-06
-1.74333e-06
6.9165e-06
6.74599e-06
6.49007e-06
6.13984e-06
5.70039e-06
5.17661e-06
4.59685e-06
4.00086e-06
3.436e-06
2.92235e-06
2.46739e-06
2.0543e-06
1.67293e-06
1.30762e-06
9.6432e-07
6.10665e-07
2.59251e-07
8.40712e-06
8.17874e-06
7.85127e-06
7.42948e-06
6.92855e-06
6.38063e-06
5.82736e-06
5.31036e-06
4.84195e-06
4.42278e-06
4.03617e-06
3.67278e-06
3.31725e-06
2.97832e-06
2.61984e-06
2.25121e-06
1.00686e-05
9.88355e-06
9.59188e-06
9.19983e-06
8.7355e-06
8.22849e-06
7.72337e-06
7.2498e-06
6.81305e-06
6.40871e-06
6.03075e-06
5.66441e-06
5.30176e-06
4.95402e-06
4.5786e-06
4.18479e-06
1.17556e-05
1.16298e-05
1.13845e-05
1.10342e-05
1.06121e-05
1.01511e-05
9.68697e-06
9.24148e-06
8.81252e-06
8.39785e-06
7.99752e-06
7.60278e-06
7.21291e-06
6.84141e-06
6.43897e-06
6.00919e-06
1.35391e-05
1.34674e-05
1.32692e-05
1.29633e-05
1.2584e-05
1.21639e-05
1.17271e-05
1.12867e-05
1.08366e-05
1.03817e-05
9.92403e-06
9.47105e-06
9.02864e-06
8.61653e-06
8.17526e-06
7.70114e-06
1.54442e-05
1.5415e-05
1.52566e-05
1.49948e-05
1.46582e-05
1.42698e-05
1.38434e-05
1.3383e-05
1.28865e-05
1.23609e-05
1.18141e-05
1.12702e-05
1.07456e-05
1.02725e-05
9.77125e-06
9.24045e-06
1.74562e-05
1.74633e-05
1.73484e-05
1.71285e-05
1.68315e-05
1.64681e-05
1.60375e-05
1.55392e-05
1.49777e-05
1.43614e-05
1.37046e-05
1.30386e-05
1.23994e-05
1.1837e-05
1.12542e-05
1.06606e-05
1.95242e-05
1.95716e-05
1.94969e-05
1.93235e-05
1.9065e-05
1.87203e-05
1.82787e-05
1.77373e-05
1.71031e-05
1.63899e-05
1.5618e-05
1.48149e-05
1.40344e-05
1.33583e-05
1.26768e-05
1.20123e-05
2.15336e-05
2.16223e-05
2.15925e-05
2.14665e-05
2.12459e-05
2.09165e-05
2.04651e-05
1.98852e-05
1.91859e-05
1.83825e-05
1.74983e-05
1.65649e-05
1.56378e-05
1.48247e-05
1.40402e-05
1.33134e-05
2.31992e-05
2.33182e-05
2.33392e-05
2.3262e-05
2.30805e-05
2.27717e-05
2.23204e-05
2.17215e-05
2.09804e-05
2.01068e-05
1.91283e-05
1.80867e-05
1.70304e-05
1.60955e-05
1.52285e-05
1.44482e-05
2.40802e-05
2.42425e-05
2.43148e-05
2.42893e-05
2.41416e-05
2.38671e-05
2.34519e-05
2.28768e-05
2.21388e-05
2.12448e-05
2.02173e-05
1.91008e-05
1.79768e-05
1.69705e-05
1.60544e-05
1.5277e-05
2.4199e-05
2.44298e-05
2.45614e-05
2.4582e-05
2.44978e-05
2.42989e-05
2.39543e-05
2.34587e-05
2.27977e-05
2.1961e-05
2.09656e-05
1.98607e-05
1.87499e-05
1.77749e-05
1.68823e-05
-8.13198e-06
-8.84862e-06
-9.51647e-06
-1.01382e-05
-1.07182e-05
-1.12611e-05
-1.17764e-05
-1.22793e-05
-1.2782e-05
-1.3298e-05
-1.38349e-05
-1.43907e-05
-1.4954e-05
-1.55085e-05
-1.59979e-05
-1.64545e-05
-1.68464e-05
-7.94313e-06
-8.63996e-06
-9.2929e-06
-9.90352e-06
-1.04747e-05
-1.10118e-05
-1.15248e-05
-1.20272e-05
-1.25316e-05
-1.30499e-05
-1.35893e-05
-1.41475e-05
-1.47131e-05
-1.52674e-05
-1.57555e-05
-1.62154e-05
-1.66085e-05
-7.56028e-06
-8.22361e-06
-8.84811e-06
-9.43629e-06
-9.99083e-06
-1.05171e-05
-1.1024e-05
-1.15239e-05
-1.20295e-05
-1.2551e-05
-1.30944e-05
-1.36569e-05
-1.42279e-05
-1.47834e-05
-1.52704e-05
-1.57341e-05
-1.61308e-05
-6.94835e-06
-7.56552e-06
-8.15225e-06
-8.71034e-06
-9.2435e-06
-9.75635e-06
-1.02557e-05
-1.07537e-05
-1.12621e-05
-1.17887e-05
-1.23388e-05
-1.2908e-05
-1.34858e-05
-1.40447e-05
-1.4532e-05
-1.50007e-05
-1.54026e-05
-6.13911e-06
-6.70276e-06
-7.24606e-06
-7.76977e-06
-8.27836e-06
-8.77588e-06
-9.26829e-06
-9.76662e-06
-1.02803e-05
-1.08159e-05
-1.13759e-05
-1.19537e-05
-1.25383e-05
-1.30988e-05
-1.35876e-05
-1.40578e-05
-1.44618e-05
-5.14154e-06
-5.64847e-06
-6.14612e-06
-6.6345e-06
-7.11835e-06
-7.60173e-06
-8.09073e-06
-8.59366e-06
-9.11752e-06
-9.66753e-06
-1.02409e-05
-1.0828e-05
-1.14171e-05
-1.19753e-05
-1.24605e-05
-1.29266e-05
-1.33291e-05
-3.97528e-06
-4.42513e-06
-4.87752e-06
-5.33237e-06
-5.79362e-06
-6.26698e-06
-6.75847e-06
-7.27206e-06
-7.81359e-06
-8.38364e-06
-8.97192e-06
-9.56572e-06
-1.01538e-05
-1.07031e-05
-1.11766e-05
-1.16362e-05
-1.2034e-05
-2.65364e-06
-3.04855e-06
-3.4591e-06
-3.88454e-06
-4.32833e-06
-4.79886e-06
-5.29908e-06
-5.83065e-06
-6.3965e-06
-6.98882e-06
-7.58933e-06
-8.18369e-06
-8.76252e-06
-9.29557e-06
-9.75281e-06
-1.0201e-05
-1.05919e-05
-1.21047e-06
-1.55599e-06
-1.93088e-06
-2.33246e-06
-2.76593e-06
-3.23989e-06
-3.7534e-06
-4.30917e-06
-4.90139e-06
-5.51074e-06
-6.11531e-06
-6.70024e-06
-7.26017e-06
-7.77036e-06
-8.20963e-06
-8.64249e-06
-9.02166e-06
3.28746e-07
2.50542e-08
-3.20539e-07
-7.04559e-07
-1.1349e-06
-1.61597e-06
-2.14576e-06
-2.72555e-06
-3.33718e-06
-3.9517e-06
-4.54758e-06
-5.112e-06
-5.64519e-06
-6.12841e-06
-6.54757e-06
-6.96199e-06
-7.32909e-06
1.91997e-06
1.65268e-06
1.33164e-06
9.60666e-07
5.30446e-07
4.26781e-08
-5.01608e-07
-1.09645e-06
-1.71142e-06
-2.31529e-06
-2.88807e-06
-3.42227e-06
-3.92391e-06
-4.37971e-06
-4.77877e-06
-5.17632e-06
-5.53572e-06
3.53933e-06
3.30498e-06
3.0072e-06
2.64748e-06
2.22006e-06
1.73076e-06
1.17967e-06
5.85842e-07
-1.42332e-08
-5.9077e-07
-1.12871e-06
-1.62737e-06
-2.09525e-06
-2.52529e-06
-2.90864e-06
-3.29414e-06
-3.65049e-06
5.14642e-06
4.95008e-06
4.678e-06
4.33391e-06
3.91746e-06
3.43343e-06
2.88717e-06
2.31267e-06
1.74414e-06
1.20798e-06
7.11982e-07
2.51435e-07
-1.84141e-07
-5.91796e-07
-9.64816e-07
-1.34395e-06
-1.70187e-06
6.73802e-06
6.58624e-06
6.3423e-06
6.02526e-06
5.62876e-06
5.15917e-06
4.63438e-06
4.09354e-06
3.5689e-06
3.07886e-06
2.62473e-06
2.19771e-06
1.79088e-06
1.40024e-06
1.03309e-06
6.54754e-07
2.88809e-07
8.29297e-06
8.18803e-06
8.00212e-06
7.72349e-06
7.35502e-06
6.91354e-06
6.42461e-06
5.92756e-06
5.45019e-06
5.00255e-06
4.5826e-06
4.18023e-06
3.79073e-06
3.40729e-06
3.03942e-06
2.65328e-06
2.2687e-06
9.81841e-06
9.79546e-06
9.69295e-06
9.46568e-06
9.13301e-06
8.72791e-06
8.28144e-06
7.82892e-06
7.39136e-06
6.97238e-06
6.56857e-06
6.17683e-06
5.78655e-06
5.39533e-06
5.01643e-06
4.6115e-06
4.19831e-06
1.14687e-05
1.14312e-05
1.12599e-05
1.09702e-05
1.06048e-05
1.01994e-05
9.78214e-06
9.36759e-06
8.95628e-06
8.54458e-06
8.13793e-06
7.72447e-06
7.30793e-06
6.90642e-06
6.47272e-06
6.02413e-06
1.32546e-05
1.32683e-05
1.31344e-05
1.2888e-05
1.25628e-05
1.219e-05
1.17926e-05
1.13793e-05
1.09492e-05
1.05032e-05
1.00508e-05
9.58667e-06
9.12427e-06
8.68731e-06
8.21493e-06
7.72229e-06
1.516e-05
1.51957e-05
1.50987e-05
1.48913e-05
1.46016e-05
1.42504e-05
1.38564e-05
1.34223e-05
1.29485e-05
1.24439e-05
1.19152e-05
1.13735e-05
1.08416e-05
1.03537e-05
9.82831e-06
9.2826e-06
1.71953e-05
1.7241e-05
1.71652e-05
1.69908e-05
1.673e-05
1.63952e-05
1.59914e-05
1.55198e-05
1.49844e-05
1.44027e-05
1.3776e-05
1.31349e-05
1.25104e-05
1.19515e-05
1.13573e-05
1.07506e-05
1.93064e-05
1.93646e-05
1.93121e-05
1.91694e-05
1.89369e-05
1.86164e-05
1.8196e-05
1.76809e-05
1.70778e-05
1.64075e-05
1.56772e-05
1.49239e-05
1.41895e-05
1.35385e-05
1.28608e-05
1.21911e-05
2.14154e-05
2.14866e-05
2.14663e-05
2.13608e-05
2.11621e-05
2.0849e-05
2.04145e-05
1.98578e-05
1.91931e-05
1.84356e-05
1.76105e-05
1.67428e-05
1.58867e-05
1.5125e-05
1.43567e-05
1.36298e-05
2.32418e-05
2.33395e-05
2.33643e-05
2.32982e-05
2.31257e-05
2.28248e-05
2.23862e-05
2.18076e-05
2.10998e-05
2.02776e-05
1.93721e-05
1.84034e-05
1.74347e-05
1.65659e-05
1.57172e-05
1.49471e-05
2.43131e-05
2.4459e-05
2.45331e-05
2.45086e-05
2.43688e-05
2.4094e-05
2.36727e-05
2.31107e-05
2.24037e-05
2.15659e-05
2.06136e-05
1.95882e-05
1.85565e-05
1.76188e-05
1.67263e-05
1.59397e-05
2.45916e-05
2.48137e-05
2.49458e-05
2.49749e-05
2.48779e-05
2.46451e-05
2.42972e-05
2.38048e-05
2.31639e-05
2.23752e-05
2.14549e-05
2.04352e-05
1.94113e-05
1.84926e-05
1.76122e-05
1.68905e-05
-7.31685e-06
-8.05037e-06
-8.75185e-06
-9.42377e-06
-1.00681e-05
-1.06893e-05
-1.1292e-05
-1.18801e-05
-1.24555e-05
-1.30264e-05
-1.35969e-05
-1.41672e-05
-1.47318e-05
-1.52814e-05
-1.57637e-05
-1.62194e-05
-1.66233e-05
-7.15762e-06
-7.87235e-06
-8.5596e-06
-9.219e-06
-9.85324e-06
-1.04663e-05
-1.10633e-05
-1.1646e-05
-1.22187e-05
-1.27886e-05
-1.33595e-05
-1.39316e-05
-1.4499e-05
-1.50486e-05
-1.5531e-05
-1.59912e-05
-1.63975e-05
-6.80647e-06
-7.49122e-06
-8.15197e-06
-8.78949e-06
-9.40593e-06
-1.00051e-05
-1.05916e-05
-1.11657e-05
-1.17339e-05
-1.23022e-05
-1.28742e-05
-1.34496e-05
-1.40228e-05
-1.45742e-05
-1.50565e-05
-1.55218e-05
-1.59307e-05
-6.24252e-06
-6.88563e-06
-7.51071e-06
-8.11924e-06
-8.71215e-06
-9.29344e-06
-9.86511e-06
-1.04297e-05
-1.09926e-05
-1.15595e-05
-1.21336e-05
-1.27138e-05
-1.32935e-05
-1.38487e-05
-1.43315e-05
-1.48013e-05
-1.52138e-05
-5.49216e-06
-6.08593e-06
-6.66978e-06
-7.24416e-06
-7.81038e-06
-8.37076e-06
-8.92605e-06
-9.48127e-06
-1.00395e-05
-1.06064e-05
-1.11843e-05
-1.17701e-05
-1.23561e-05
-1.29139e-05
-1.33992e-05
-1.38704e-05
-1.42847e-05
-4.56851e-06
-5.10948e-06
-5.6493e-06
-6.18754e-06
-6.72615e-06
-7.26444e-06
-7.80568e-06
-8.35241e-06
-8.90883e-06
-9.47867e-06
-1.00621e-05
-1.06534e-05
-1.12438e-05
-1.18005e-05
-1.22842e-05
-1.27538e-05
-1.31683e-05
-3.48566e-06
-3.9728e-06
-4.4681e-06
-4.97101e-06
-5.4821e-06
-6.00114e-06
-6.53161e-06
-7.07382e-06
-7.63232e-06
-8.20829e-06
-8.79806e-06
-9.39302e-06
-9.98307e-06
-1.05331e-05
-1.10082e-05
-1.14742e-05
-1.1885e-05
-2.26186e-06
-2.69642e-06
-3.14872e-06
-3.6186e-06
-4.10474e-06
-4.60903e-06
-5.1314e-06
-5.67374e-06
-6.23747e-06
-6.82087e-06
-7.415e-06
-8.00838e-06
-8.59133e-06
-9.12901e-06
-9.59229e-06
-1.00496e-05
-1.04542e-05
-9.2492e-07
-1.30866e-06
-1.72173e-06
-2.16108e-06
-2.62557e-06
-3.11822e-06
-3.63604e-06
-4.1806e-06
-4.75002e-06
-5.33768e-06
-5.93011e-06
-6.51533e-06
-7.08391e-06
-7.60376e-06
-8.05322e-06
-8.49879e-06
-8.8934e-06
4.97449e-07
1.61184e-07
-2.1523e-07
-6.26345e-07
-1.07235e-06
-1.55395e-06
-2.06795e-06
-2.61292e-06
-3.18389e-06
-3.76823e-06
-4.35046e-06
-4.91878e-06
-5.46642e-06
-5.96473e-06
-6.39897e-06
-6.83093e-06
-7.21633e-06
1.97314e-06
1.68269e-06
1.34227e-06
9.5866e-07
5.31388e-07
6.19016e-08
-4.43256e-07
-9.82691e-07
-1.54604e-06
-2.11602e-06
-2.67823e-06
-3.22228e-06
-3.74288e-06
-4.21911e-06
-4.63938e-06
-5.05832e-06
-5.43619e-06
3.47855e-06
3.23466e-06
2.93164e-06
2.57676e-06
2.17294e-06
1.72173e-06
1.23232e-06
7.07486e-07
1.63734e-07
-3.80477e-07
-9.13273e-07
-1.42661e-06
-1.91782e-06
-2.37383e-06
-2.78232e-06
-3.19115e-06
-3.56643e-06
4.99157e-06
4.7967e-06
4.53271e-06
4.21301e-06
3.83906e-06
3.41688e-06
2.94984e-06
2.4506e-06
1.93778e-06
1.42833e-06
9.29605e-07
4.5137e-07
-1.10574e-08
-4.49625e-07
-8.50859e-07
-1.25574e-06
-1.63375e-06
6.49528e-06
6.3552e-06
6.14313e-06
5.86755e-06
5.53086e-06
5.14451e-06
4.70993e-06
4.2464e-06
3.77314e-06
3.30264e-06
2.84038e-06
2.39367e-06
1.95552e-06
1.52997e-06
1.13082e-06
7.22764e-07
3.33196e-07
7.97005e-06
7.89901e-06
7.76093e-06
7.54742e-06
7.25988e-06
6.91112e-06
6.51536e-06
6.09163e-06
5.65914e-06
5.22528e-06
4.79482e-06
4.37167e-06
3.94886e-06
3.52805e-06
3.12275e-06
2.70244e-06
2.29196e-06
9.42511e-06
9.46248e-06
9.41314e-06
9.27521e-06
9.04017e-06
8.7317e-06
8.3748e-06
7.98845e-06
7.58835e-06
7.18086e-06
6.76931e-06
6.35558e-06
5.93422e-06
5.50696e-06
5.08771e-06
4.6455e-06
4.20434e-06
1.09292e-05
1.10971e-05
1.11381e-05
1.10596e-05
1.08712e-05
1.06018e-05
1.02776e-05
9.91837e-06
9.53625e-06
9.13715e-06
8.72317e-06
8.30148e-06
7.86376e-06
7.41496e-06
6.97384e-06
6.50123e-06
6.02266e-06
1.28384e-05
1.29546e-05
1.29153e-05
1.27641e-05
1.25265e-05
1.22241e-05
1.18761e-05
1.14936e-05
1.10818e-05
1.06439e-05
1.01905e-05
9.71549e-06
9.22914e-06
8.75849e-06
8.24886e-06
7.72589e-06
1.47246e-05
1.48696e-05
1.48531e-05
1.47246e-05
1.45064e-05
1.42131e-05
1.38611e-05
1.34602e-05
1.30152e-05
1.25335e-05
1.20251e-05
1.14925e-05
1.09533e-05
1.04432e-05
9.89043e-06
9.32033e-06
1.67835e-05
1.68973e-05
1.68834e-05
1.67667e-05
1.65583e-05
1.62664e-05
1.59005e-05
1.54681e-05
1.49753e-05
1.44341e-05
1.38531e-05
1.32464e-05
1.26414e-05
1.20841e-05
1.14786e-05
1.08574e-05
1.89673e-05
1.90382e-05
1.90194e-05
1.89121e-05
1.87155e-05
1.84237e-05
1.80412e-05
1.7572e-05
1.70257e-05
1.64137e-05
1.57502e-05
1.50605e-05
1.43763e-05
1.3757e-05
1.30895e-05
1.2423e-05
2.1187e-05
2.1239e-05
2.12333e-05
2.11462e-05
2.09641e-05
2.06771e-05
2.02765e-05
1.97699e-05
1.9164e-05
1.84833e-05
1.7745e-05
1.69671e-05
1.6195e-05
1.5494e-05
1.47616e-05
1.40563e-05
2.31843e-05
2.32768e-05
2.32994e-05
2.32392e-05
2.30763e-05
2.27931e-05
2.238e-05
2.18478e-05
2.12015e-05
2.04675e-05
1.96624e-05
1.88058e-05
1.79516e-05
1.71716e-05
1.63798e-05
1.56409e-05
2.45033e-05
2.46419e-05
2.47133e-05
2.46853e-05
2.45482e-05
2.42778e-05
2.38771e-05
2.33467e-05
2.27003e-05
2.19463e-05
2.11105e-05
2.02207e-05
1.93195e-05
1.84973e-05
1.76676e-05
1.68967e-05
2.50013e-05
2.52324e-05
2.53612e-05
2.53898e-05
2.52919e-05
2.50657e-05
2.47126e-05
2.42318e-05
2.36279e-05
2.29236e-05
2.21254e-05
2.12488e-05
2.03707e-05
1.9571e-05
1.87413e-05
1.80123e-05
-6.61594e-06
-7.36433e-06
-8.09315e-06
-8.80644e-06
-9.50551e-06
-1.01898e-05
-1.08589e-05
-1.15109e-05
-1.21438e-05
-1.27586e-05
-1.33575e-05
-1.39413e-05
-1.45082e-05
-1.5054e-05
-1.55318e-05
-1.59874e-05
-1.64008e-05
-6.47573e-06
-7.20689e-06
-7.92259e-06
-8.62336e-06
-9.31101e-06
-9.98489e-06
-1.06451e-05
-1.12895e-05
-1.19166e-05
-1.25284e-05
-1.31262e-05
-1.37111e-05
-1.42809e-05
-1.48276e-05
-1.53058e-05
-1.57659e-05
-1.61817e-05
-6.15138e-06
-6.85517e-06
-7.54645e-06
-8.22599e-06
-8.89438e-06
-9.55133e-06
-1.01975e-05
-1.08302e-05
-1.14489e-05
-1.20555e-05
-1.26518e-05
-1.32388e-05
-1.38142e-05
-1.4363e-05
-1.4841e-05
-1.53066e-05
-1.57247e-05
-5.62664e-06
-6.29298e-06
-6.95038e-06
-7.60067e-06
-8.24352e-06
-8.87863e-06
-9.50632e-06
-1.01242e-05
-1.07321e-05
-1.13327e-05
-1.19274e-05
-1.25169e-05
-1.30979e-05
-1.36502e-05
-1.41288e-05
-1.45992e-05
-1.50208e-05
-4.92521e-06
-5.54585e-06
-6.16321e-06
-6.77901e-06
-7.39248e-06
-8.00283e-06
-8.60938e-06
-9.21053e-06
-9.80698e-06
-1.04008e-05
-1.09942e-05
-1.1586e-05
-1.21719e-05
-1.27265e-05
-1.32076e-05
-1.36796e-05
-1.41035e-05
-4.06328e-06
-4.63349e-06
-5.20775e-06
-5.7867e-06
-6.36919e-06
-6.95349e-06
-7.53814e-06
-8.12215e-06
-8.70731e-06
-9.2953e-06
-9.88749e-06
-1.04809e-05
-1.10694e-05
-1.16231e-05
-1.21037e-05
-1.25759e-05
-1.30004e-05
-3.04956e-06
-3.56816e-06
-4.09853e-06
-4.64053e-06
-5.19205e-06
-5.75072e-06
-6.31432e-06
-6.88261e-06
-7.45746e-06
-8.04061e-06
-8.63128e-06
-9.22431e-06
-9.81195e-06
-1.03604e-05
-1.08356e-05
-1.13066e-05
-1.17285e-05
-1.90875e-06
-2.37594e-06
-2.86312e-06
-3.36891e-06
-3.89007e-06
-4.42399e-06
-4.96762e-06
-5.52135e-06
-6.08675e-06
-6.66481e-06
-7.25195e-06
-7.84092e-06
-8.42271e-06
-8.96192e-06
-9.42962e-06
-9.89479e-06
-1.03112e-05
-6.59282e-07
-1.07604e-06
-1.52091e-06
-1.99111e-06
-2.48252e-06
-2.99223e-06
-3.51651e-06
-4.05571e-06
-4.61098e-06
-5.18165e-06
-5.76128e-06
-6.34129e-06
-6.91189e-06
-7.43795e-06
-7.89612e-06
-8.35216e-06
-8.76071e-06
6.64826e-07
2.98973e-07
-1.03421e-07
-5.37296e-07
-9.9818e-07
-1.48247e-06
-1.98574e-06
-2.50797e-06
-3.04968e-06
-3.60804e-06
-4.17453e-06
-4.73959e-06
-5.29358e-06
-5.80326e-06
-6.25034e-06
-6.69599e-06
-7.09663e-06
2.04475e-06
1.73115e-06
1.37345e-06
9.78176e-07
5.50521e-07
9.55318e-08
-3.82195e-07
-8.82881e-07
-1.40542e-06
-1.94469e-06
-2.49146e-06
-3.0358e-06
-3.56821e-06
-4.06037e-06
-4.49713e-06
-4.9332e-06
-5.32739e-06
3.45228e-06
3.19433e-06
2.88531e-06
2.5332e-06
2.1445e-06
1.72599e-06
1.27922e-06
8.0625e-07
3.0984e-07
-2.0309e-07
-7.23493e-07
-1.24173e-06
-1.75052e-06
-2.22499e-06
-2.65323e-06
-3.08255e-06
-3.47509e-06
4.88028e-06
4.68198e-06
4.42697e-06
4.12491e-06
3.7825e-06
3.40555e-06
2.99758e-06
2.55896e-06
2.09517e-06
1.61419e-06
1.12408e-06
6.34155e-07
1.5031e-07
-3.09431e-07
-7.33447e-07
-1.16156e-06
-1.55875e-06
6.30929e-06
6.17699e-06
5.98499e-06
5.74331e-06
5.45548e-06
5.12565e-06
4.76123e-06
4.36227e-06
3.93508e-06
3.48828e-06
3.02929e-06
2.56731e-06
2.10456e-06
1.65475e-06
1.2301e-06
7.95806e-07
3.85093e-07
7.73224e-06
7.68001e-06
7.56958e-06
7.40083e-06
7.17561e-06
6.89752e-06
6.57622e-06
6.21575e-06
5.82396e-06
5.40877e-06
4.97671e-06
4.53631e-06
4.08743e-06
3.64003e-06
3.20738e-06
2.75818e-06
2.32462e-06
9.16751e-06
9.20752e-06
9.18865e-06
9.10099e-06
8.94101e-06
8.71306e-06
8.43079e-06
8.10271e-06
7.73866e-06
7.34653e-06
6.93216e-06
6.50183e-06
6.05557e-06
5.60119e-06
5.15376e-06
4.68138e-06
4.21583e-06
1.06506e-05
1.08101e-05
1.08786e-05
1.08652e-05
1.07591e-05
1.05718e-05
1.03182e-05
1.00107e-05
9.66105e-06
9.27691e-06
8.86385e-06
8.43073e-06
7.97357e-06
7.50129e-06
7.03317e-06
6.53138e-06
6.02714e-06
1.22398e-05
1.25121e-05
1.26678e-05
1.27034e-05
1.26318e-05
1.24666e-05
1.2225e-05
1.19223e-05
1.15708e-05
1.11778e-05
1.07495e-05
1.02965e-05
9.81353e-06
9.313e-06
8.82102e-06
8.28524e-06
7.73805e-06
1.43625e-05
1.45767e-05
1.46316e-05
1.45664e-05
1.44034e-05
1.41589e-05
1.3846e-05
1.34775e-05
1.306e-05
1.26012e-05
1.21106e-05
1.15877e-05
1.10497e-05
1.05297e-05
9.95811e-06
9.3681e-06
1.642e-05
1.66039e-05
1.66396e-05
1.65666e-05
1.63991e-05
1.61445e-05
1.58143e-05
1.54189e-05
1.49656e-05
1.44632e-05
1.39212e-05
1.33459e-05
1.27596e-05
1.22061e-05
1.15947e-05
1.09667e-05
1.86693e-05
1.87545e-05
1.87675e-05
1.86887e-05
1.85174e-05
1.82556e-05
1.79076e-05
1.74806e-05
1.69836e-05
1.64292e-05
1.58238e-05
1.51836e-05
1.45374e-05
1.39351e-05
1.32788e-05
1.26301e-05
2.09549e-05
2.10189e-05
2.10176e-05
2.09411e-05
2.07753e-05
2.05102e-05
2.01456e-05
1.96878e-05
1.91434e-05
1.85316e-05
1.78628e-05
1.71506e-05
1.64322e-05
1.57722e-05
1.50764e-05
1.44165e-05
2.30823e-05
2.31599e-05
2.31871e-05
2.31277e-05
2.29766e-05
2.27154e-05
2.23415e-05
2.18574e-05
2.12782e-05
2.06166e-05
1.98963e-05
1.91279e-05
1.83536e-05
1.76529e-05
1.69229e-05
1.62334e-05
2.45208e-05
2.46671e-05
2.47385e-05
2.47153e-05
2.45853e-05
2.43385e-05
2.39667e-05
2.3479e-05
2.28936e-05
2.2225e-05
2.14927e-05
2.07067e-05
1.99246e-05
1.92127e-05
1.84624e-05
1.77235e-05
2.51887e-05
2.54361e-05
2.55754e-05
2.56075e-05
2.55246e-05
2.53136e-05
2.49753e-05
2.45286e-05
2.3982e-05
2.33544e-05
2.26547e-05
2.19166e-05
2.11699e-05
2.0495e-05
1.97531e-05
1.90255e-05
-6.21081e-06
-6.97084e-06
-7.71675e-06
-8.45266e-06
-9.17962e-06
-9.89651e-06
-1.06003e-05
-1.1286e-05
-1.1949e-05
-1.25875e-05
-1.32022e-05
-1.37939e-05
-1.43621e-05
-1.49049e-05
-1.53804e-05
-1.58375e-05
-1.62574e-05
-6.07567e-06
-6.8176e-06
-7.54989e-06
-8.27355e-06
-8.98876e-06
-9.69447e-06
-1.03882e-05
-1.10656e-05
-1.17222e-05
-1.23564e-05
-1.29694e-05
-1.35619e-05
-1.41332e-05
-1.46782e-05
-1.51536e-05
-1.56153e-05
-1.60368e-05
-5.76706e-06
-6.48213e-06
-7.19031e-06
-7.89265e-06
-8.58853e-06
-9.27654e-06
-9.95436e-06
-1.06183e-05
-1.12646e-05
-1.18922e-05
-1.25023e-05
-1.3096e-05
-1.36724e-05
-1.42196e-05
-1.46947e-05
-1.51618e-05
-1.55855e-05
-5.26414e-06
-5.9423e-06
-6.61744e-06
-7.29051e-06
-7.96039e-06
-8.625e-06
-9.28231e-06
-9.92889e-06
-1.0562e-05
-1.11811e-05
-1.17877e-05
-1.23824e-05
-1.29637e-05
-1.35139e-05
-1.39896e-05
-1.44616e-05
-1.48887e-05
-4.5915e-06
-5.22602e-06
-5.86205e-06
-6.50064e-06
-7.14009e-06
-7.77764e-06
-8.41121e-06
-9.03772e-06
-9.65554e-06
-1.02649e-05
-1.08672e-05
-1.1462e-05
-1.20471e-05
-1.25986e-05
-1.3075e-05
-1.35504e-05
-1.398e-05
-3.76286e-06
-4.34862e-06
-4.94231e-06
-5.54371e-06
-6.15056e-06
-6.75932e-06
-7.36755e-06
-7.97289e-06
-8.5746e-06
-9.17354e-06
-9.7707e-06
-1.03645e-05
-1.09512e-05
-1.15016e-05
-1.19778e-05
-1.24543e-05
-1.28848e-05
-2.78855e-06
-3.32469e-06
-3.8749e-06
-4.4385e-06
-5.01217e-06
-5.5916e-06
-6.17413e-06
-6.75803e-06
-7.34328e-06
-7.93127e-06
-8.52212e-06
-9.11291e-06
-9.69783e-06
-1.02441e-05
-1.07179e-05
-1.11927e-05
-1.16212e-05
-1.69302e-06
-2.17823e-06
-2.68502e-06
-3.21059e-06
-3.75083e-06
-4.30059e-06
-4.85733e-06
-5.41943e-06
-5.98762e-06
-6.56363e-06
-7.14623e-06
-7.73099e-06
-8.31029e-06
-8.84911e-06
-9.31845e-06
-9.78843e-06
-1.0212e-05
-4.92918e-07
-9.28373e-07
-1.39136e-06
-1.87846e-06
-2.38444e-06
-2.90353e-06
-3.43352e-06
-3.97255e-06
-4.52201e-06
-5.08385e-06
-5.65517e-06
-6.22989e-06
-6.79921e-06
-7.32726e-06
-7.78995e-06
-8.25222e-06
-8.66911e-06
7.77354e-07
3.94499e-07
-2.30176e-08
-4.69561e-07
-9.38798e-07
-1.42437e-06
-1.92505e-06
-2.43814e-06
-2.96584e-06
-3.50977e-06
-4.0656e-06
-4.62568e-06
-5.18029e-06
-5.6946e-06
-6.14958e-06
-6.60321e-06
-7.01265e-06
2.10371e-06
1.77511e-06
1.40687e-06
1.00469e-06
5.76563e-07
1.29284e-07
-3.38051e-07
-8.20758e-07
-1.32245e-06
-1.84374e-06
-2.37902e-06
-2.91954e-06
-3.45529e-06
-3.95454e-06
-4.40198e-06
-4.84713e-06
-5.2512e-06
3.45678e-06
3.18841e-06
2.87467e-06
2.52303e-06
2.14181e-06
1.73783e-06
1.31109e-06
8.63736e-07
3.93037e-07
-1.00572e-07
-6.10466e-07
-1.12731e-06
-1.6416e-06
-2.12617e-06
-2.56773e-06
-3.00721e-06
-3.40978e-06
4.83607e-06
4.63172e-06
4.37911e-06
4.08518e-06
3.75795e-06
3.40261e-06
3.02286e-06
2.61588e-06
2.18e-06
1.71774e-06
1.23635e-06
7.45079e-07
2.52773e-07
-2.19405e-07
-6.58079e-07
-1.09704e-06
-1.50525e-06
6.2234e-06
6.08812e-06
5.90474e-06
5.67763e-06
5.41337e-06
5.11461e-06
4.78344e-06
4.41844e-06
4.01853e-06
3.58855e-06
3.13586e-06
2.66916e-06
2.1965e-06
1.73217e-06
1.29099e-06
8.45017e-07
4.23177e-07
7.63555e-06
7.5729e-06
7.46226e-06
7.31371e-06
7.11903e-06
6.8795e-06
6.59625e-06
6.27022e-06
5.90364e-06
5.50261e-06
5.07436e-06
4.62767e-06
4.16838e-06
3.70525e-06
3.25557e-06
2.79422e-06
2.34834e-06
9.05183e-06
9.07937e-06
9.06164e-06
8.99201e-06
8.86815e-06
8.6834e-06
8.44115e-06
8.14646e-06
7.80544e-06
7.42489e-06
7.01187e-06
6.57712e-06
6.12113e-06
5.65194e-06
5.18815e-06
4.70309e-06
4.22555e-06
1.05154e-05
1.06419e-05
1.07274e-05
1.07413e-05
1.06759e-05
1.05306e-05
1.03153e-05
1.00387e-05
9.71027e-06
9.33733e-06
8.92737e-06
8.49261e-06
8.02891e-06
7.54512e-06
7.06363e-06
6.5493e-06
6.03191e-06
1.2064e-05
1.23172e-05
1.24935e-05
1.25724e-05
1.2538e-05
1.24113e-05
1.22035e-05
1.19276e-05
1.15964e-05
1.12167e-05
1.07966e-05
1.03473e-05
9.86456e-06
9.35845e-06
8.85678e-06
8.31027e-06
7.75133e-06
1.38377e-05
1.41979e-05
1.44104e-05
1.44949e-05
1.4463e-05
1.43319e-05
1.41169e-05
1.38282e-05
1.34806e-05
1.30808e-05
1.26371e-05
1.21597e-05
1.16469e-05
1.11107e-05
1.05867e-05
1.00075e-05
9.40792e-06
1.62495e-05
1.6452e-05
1.65097e-05
1.64622e-05
1.63176e-05
1.60859e-05
1.57783e-05
1.54058e-05
1.4976e-05
1.44972e-05
1.39785e-05
1.34219e-05
1.28443e-05
1.22895e-05
1.16724e-05
1.10502e-05
1.84836e-05
1.86301e-05
1.8653e-05
1.85889e-05
1.84312e-05
1.81851e-05
1.78573e-05
1.74553e-05
1.69894e-05
1.64646e-05
1.58906e-05
1.52761e-05
1.46416e-05
1.40404e-05
1.33901e-05
1.27673e-05
2.08422e-05
2.09008e-05
2.0921e-05
2.08526e-05
2.06913e-05
2.04401e-05
2.00973e-05
1.96689e-05
1.9163e-05
1.85891e-05
1.7958e-05
1.72769e-05
1.6578e-05
1.59354e-05
1.52741e-05
1.46399e-05
2.2971e-05
2.30609e-05
2.30887e-05
2.30311e-05
2.28815e-05
2.26334e-05
2.22828e-05
2.18377e-05
2.13017e-05
2.06947e-05
2.00205e-05
1.92956e-05
1.8553e-05
1.78939e-05
1.72148e-05
1.65532e-05
2.44057e-05
2.45746e-05
2.46485e-05
2.46257e-05
2.45025e-05
2.42688e-05
2.39227e-05
2.34728e-05
2.2935e-05
2.23221e-05
2.1644e-05
2.09248e-05
2.01939e-05
1.95531e-05
1.8833e-05
1.81354e-05
2.52119e-05
2.5474e-05
2.56233e-05
2.56638e-05
2.55891e-05
2.53955e-05
2.50843e-05
2.46633e-05
2.41611e-05
2.35853e-05
2.29594e-05
2.22858e-05
2.16177e-05
2.09977e-05
2.03096e-05
1.95879e-05
-1.72784e-05
-1.74873e-05
-1.76496e-05
-1.77665e-05
-1.78449e-05
-1.78817e-05
-1.78746e-05
-1.78197e-05
-1.77152e-05
-1.75635e-05
-1.73695e-05
-1.71415e-05
-1.68921e-05
-1.66356e-05
-1.6387e-05
-1.622e-05
-1.61678e-05
-1.70401e-05
-1.72574e-05
-1.7422e-05
-1.75433e-05
-1.76252e-05
-1.76649e-05
-1.76602e-05
-1.7609e-05
-1.7509e-05
-1.73617e-05
-1.71715e-05
-1.69468e-05
-1.66995e-05
-1.6442e-05
-1.6183e-05
-1.60084e-05
-1.59719e-05
-1.65552e-05
-1.67828e-05
-1.69531e-05
-1.70829e-05
-1.71722e-05
-1.72195e-05
-1.72221e-05
-1.71791e-05
-1.70889e-05
-1.69513e-05
-1.67705e-05
-1.65544e-05
-1.63145e-05
-1.60611e-05
-1.57977e-05
-1.56211e-05
-1.56093e-05
-1.58277e-05
-1.60602e-05
-1.62416e-05
-1.63824e-05
-1.64833e-05
-1.65424e-05
-1.65577e-05
-1.65275e-05
-1.64508e-05
-1.63275e-05
-1.61615e-05
-1.59601e-05
-1.57339e-05
-1.54924e-05
-1.52356e-05
-1.50686e-05
-1.50674e-05
-1.48829e-05
-1.51228e-05
-1.53173e-05
-1.54703e-05
-1.55848e-05
-1.56585e-05
-1.56893e-05
-1.56755e-05
-1.56155e-05
-1.55096e-05
-1.53618e-05
-1.51786e-05
-1.49698e-05
-1.47447e-05
-1.45031e-05
-1.43513e-05
-1.43575e-05
-1.37411e-05
-1.39946e-05
-1.41988e-05
-1.43647e-05
-1.44938e-05
-1.45838e-05
-1.46326e-05
-1.4638e-05
-1.45984e-05
-1.45141e-05
-1.43881e-05
-1.42267e-05
-1.40391e-05
-1.3834e-05
-1.36113e-05
-1.34758e-05
-1.34811e-05
-1.24369e-05
-1.26962e-05
-1.29088e-05
-1.30874e-05
-1.32314e-05
-1.33389e-05
-1.34073e-05
-1.34344e-05
-1.3418e-05
-1.33583e-05
-1.32578e-05
-1.3122e-05
-1.29591e-05
-1.27772e-05
-1.25766e-05
-1.24544e-05
-1.24594e-05
-1.09885e-05
-1.12446e-05
-1.14659e-05
-1.16566e-05
-1.1816e-05
-1.19419e-05
-1.20316e-05
-1.20825e-05
-1.20919e-05
-1.20598e-05
-1.19879e-05
-1.18809e-05
-1.1746e-05
-1.15897e-05
-1.14119e-05
-1.13041e-05
-1.13078e-05
-9.40561e-06
-9.66189e-06
-9.89182e-06
-1.00947e-05
-1.02704e-05
-1.0416e-05
-1.05285e-05
-1.06051e-05
-1.06425e-05
-1.06402e-05
-1.05994e-05
-1.05235e-05
-1.04183e-05
-1.02896e-05
-1.01369e-05
-1.00427e-05
-1.00461e-05
-7.69666e-06
-7.96323e-06
-8.20213e-06
-8.41968e-06
-8.61366e-06
-8.78124e-06
-8.91885e-06
-9.0234e-06
-9.09104e-06
-9.12078e-06
-9.11293e-06
-9.06964e-06
-8.99558e-06
-8.89504e-06
-8.76677e-06
-8.68767e-06
-8.69039e-06
-5.89325e-06
-6.16717e-06
-6.41953e-06
-6.65592e-06
-6.87226e-06
-7.06528e-06
-7.23101e-06
-7.36602e-06
-7.4659e-06
-7.529e-06
-7.55463e-06
-7.54391e-06
-7.50024e-06
-7.42712e-06
-7.32348e-06
-7.25754e-06
-7.26075e-06
-4.00983e-06
-4.29177e-06
-4.56468e-06
-4.82606e-06
-5.07088e-06
-5.2948e-06
-5.49306e-06
-5.66164e-06
-5.79553e-06
-5.89221e-06
-5.9502e-06
-5.96996e-06
-5.95422e-06
-5.90559e-06
-5.82254e-06
-5.76973e-06
-5.7732e-06
-2.06337e-06
-2.36631e-06
-2.66963e-06
-2.96487e-06
-3.24651e-06
-3.50829e-06
-3.7442e-06
-3.94912e-06
-4.11722e-06
-4.24502e-06
-4.33091e-06
-4.37539e-06
-4.38128e-06
-4.35136e-06
-4.28478e-06
-4.24012e-06
-4.24344e-06
-7.8589e-08
-4.21905e-07
-7.66165e-07
-1.10681e-06
-1.43533e-06
-1.74288e-06
-2.02131e-06
-2.26394e-06
-2.46368e-06
-2.61676e-06
-2.72225e-06
-2.78197e-06
-2.79998e-06
-2.77964e-06
-2.72028e-06
-2.68055e-06
-2.68353e-06
1.88115e-06
1.49463e-06
1.09858e-06
7.01709e-07
3.17267e-07
-4.21144e-08
-3.65237e-07
-6.42586e-07
-8.66548e-07
-1.03417e-06
-1.14662e-06
-1.20768e-06
-1.22412e-06
-1.20144e-06
-1.1401e-06
-1.09789e-06
-1.09915e-06
3.77351e-06
3.33941e-06
2.8834e-06
2.42382e-06
1.9789e-06
1.56675e-06
1.20226e-06
8.98916e-07
6.62784e-07
4.95864e-07
3.93404e-07
3.47041e-07
3.46554e-07
3.84744e-07
4.60813e-07
5.09488e-07
5.06625e-07
5.5546e-06
5.06464e-06
4.54632e-06
4.0264e-06
3.52645e-06
3.07009e-06
2.67672e-06
2.36241e-06
2.13123e-06
1.98268e-06
1.90795e-06
1.89278e-06
1.92274e-06
1.98903e-06
2.08951e-06
2.15256e-06
2.14208e-06
7.19795e-06
6.64776e-06
6.07629e-06
5.50866e-06
4.96998e-06
4.48794e-06
4.08547e-06
3.78031e-06
3.57388e-06
3.46103e-06
3.42922e-06
3.45759e-06
3.52989e-06
3.63556e-06
3.77263e-06
3.85388e-06
3.83442e-06
8.68586e-06
8.09208e-06
7.48511e-06
6.8936e-06
6.34204e-06
5.85969e-06
5.47169e-06
5.19848e-06
5.03773e-06
4.97622e-06
4.99646e-06
5.07733e-06
5.20193e-06
5.35716e-06
5.53947e-06
5.64756e-06
5.61949e-06
1.00587e-05
9.44155e-06
8.82175e-06
8.23277e-06
7.69461e-06
7.23956e-06
6.8956e-06
6.67744e-06
6.57967e-06
6.57892e-06
6.6584e-06
6.8001e-06
6.98598e-06
7.20052e-06
7.43913e-06
7.57705e-06
7.53982e-06
1.13767e-05
1.07483e-05
1.01365e-05
9.57001e-06
9.07073e-06
8.67657e-06
8.4075e-06
8.26637e-06
8.24659e-06
8.31836e-06
8.468e-06
8.68066e-06
8.93803e-06
9.22058e-06
9.52045e-06
9.69547e-06
9.6518e-06
1.26476e-05
1.20215e-05
1.14354e-05
1.09142e-05
1.04945e-05
1.01994e-05
1.00439e-05
1.00151e-05
1.00956e-05
1.02591e-05
1.04944e-05
1.079e-05
1.11272e-05
1.14835e-05
1.185e-05
1.20614e-05
1.20136e-05
1.37838e-05
1.31701e-05
1.2655e-05
1.22374e-05
1.19478e-05
1.18454e-05
1.18643e-05
1.19958e-05
1.22053e-05
1.24834e-05
1.28227e-05
1.32103e-05
1.36303e-05
1.40584e-05
1.44858e-05
1.47339e-05
1.46807e-05
1.46572e-05
1.41517e-05
1.37914e-05
1.35636e-05
1.3577e-05
1.37574e-05
1.40083e-05
1.43212e-05
1.46813e-05
1.50906e-05
1.55348e-05
1.60147e-05
1.65127e-05
1.70047e-05
1.74827e-05
1.77569e-05
1.77163e-05
1.56468e-05
1.53849e-05
1.52689e-05
1.53946e-05
-1.7154e-05
-1.73949e-05
-1.75857e-05
-1.77303e-05
-1.783e-05
-1.78833e-05
-1.78879e-05
-1.78405e-05
-1.77406e-05
-1.75902e-05
-1.73938e-05
-1.71591e-05
-1.68982e-05
-1.66286e-05
-1.63778e-05
-1.62169e-05
-1.61705e-05
-1.69171e-05
-1.71595e-05
-1.73543e-05
-1.75033e-05
-1.76064e-05
-1.76628e-05
-1.76701e-05
-1.76261e-05
-1.75302e-05
-1.73838e-05
-1.71914e-05
-1.69604e-05
-1.6702e-05
-1.64317e-05
-1.61707e-05
-1.6002e-05
-1.59703e-05
-1.64431e-05
-1.66926e-05
-1.68941e-05
-1.70497e-05
-1.71595e-05
-1.72225e-05
-1.72365e-05
-1.72e-05
-1.71122e-05
-1.69743e-05
-1.67902e-05
-1.65671e-05
-1.63153e-05
-1.60482e-05
-1.57826e-05
-1.56172e-05
-1.56157e-05
-1.57209e-05
-1.59796e-05
-1.61899e-05
-1.63549e-05
-1.6475e-05
-1.65487e-05
-1.65742e-05
-1.65499e-05
-1.64751e-05
-1.63508e-05
-1.61808e-05
-1.59715e-05
-1.57325e-05
-1.54764e-05
-1.52195e-05
-1.50686e-05
-1.50764e-05
-1.47854e-05
-1.50521e-05
-1.52715e-05
-1.54474e-05
-1.55795e-05
-1.56666e-05
-1.57067e-05
-1.56981e-05
-1.564e-05
-1.55333e-05
-1.53815e-05
-1.51905e-05
-1.49694e-05
-1.47301e-05
-1.44888e-05
-1.43521e-05
-1.43603e-05
-1.36567e-05
-1.39299e-05
-1.41584e-05
-1.43454e-05
-1.44906e-05
-1.45928e-05
-1.46499e-05
-1.466e-05
-1.46221e-05
-1.4537e-05
-1.44075e-05
-1.42391e-05
-1.40401e-05
-1.38219e-05
-1.36001e-05
-1.34758e-05
-1.3483e-05
-1.2361e-05
-1.26371e-05
-1.28736e-05
-1.3071e-05
-1.32297e-05
-1.3348e-05
-1.34238e-05
-1.3455e-05
-1.34402e-05
-1.33798e-05
-1.32761e-05
-1.31339e-05
-1.29607e-05
-1.27668e-05
-1.25663e-05
-1.24542e-05
-1.24606e-05
-1.09164e-05
-1.11931e-05
-1.14347e-05
-1.16419e-05
-1.18142e-05
-1.19497e-05
-1.20459e-05
-1.21004e-05
-1.21114e-05
-1.20789e-05
-1.20045e-05
-1.1892e-05
-1.17476e-05
-1.15806e-05
-1.14037e-05
-1.13047e-05
-1.13095e-05
-9.3406e-06
-9.6177e-06
-9.86408e-06
-1.0081e-05
-1.02677e-05
-1.04215e-05
-1.05397e-05
-1.06195e-05
-1.06588e-05
-1.06567e-05
-1.0614e-05
-1.05335e-05
-1.04202e-05
-1.02818e-05
-1.01294e-05
-1.00436e-05
-1.00479e-05
-7.6446e-06
-7.92318e-06
-8.17638e-06
-8.4053e-06
-8.60819e-06
-8.78262e-06
-8.92529e-06
-9.03304e-06
-9.10315e-06
-9.1341e-06
-9.12558e-06
-9.07903e-06
-8.99818e-06
-8.88911e-06
-8.76188e-06
-8.69008e-06
-8.69332e-06
-5.85063e-06
-6.13158e-06
-6.39602e-06
-6.64063e-06
-6.86357e-06
-7.06204e-06
-7.23222e-06
-7.37053e-06
-7.47371e-06
-7.53932e-06
-7.56586e-06
-7.55336e-06
-7.50428e-06
-7.4237e-06
-7.32032e-06
-7.26156e-06
-7.26523e-06
-3.96991e-06
-4.26173e-06
-4.54289e-06
-4.80913e-06
-5.05812e-06
-5.28599e-06
-5.48811e-06
-5.66032e-06
-5.79867e-06
-5.89963e-06
-5.96043e-06
-5.9801e-06
-5.96022e-06
-5.90513e-06
-5.82291e-06
-5.77616e-06
-5.77977e-06
-2.02895e-06
-2.34408e-06
-2.6509e-06
-2.94779e-06
-3.23078e-06
-3.49471e-06
-3.73346e-06
-3.94222e-06
-4.11605e-06
-4.24991e-06
-4.34049e-06
-4.38659e-06
-4.38969e-06
-4.35392e-06
-4.28702e-06
-4.24819e-06
-4.25194e-06
-6.04402e-08
-4.06959e-07
-7.51177e-07
-1.08987e-06
-1.41665e-06
-1.72406e-06
-2.00419e-06
-2.25083e-06
-2.45744e-06
-2.61817e-06
-2.72999e-06
-2.79291e-06
-2.80976e-06
-2.78442e-06
-2.72565e-06
-2.69123e-06
-2.6942e-06
1.8863e-06
1.50208e-06
1.10877e-06
7.17369e-07
3.37634e-07
-1.87889e-08
-3.42156e-07
-6.23876e-07
-8.55446e-07
-1.03109e-06
-1.15086e-06
-1.2179e-06
-1.23439e-06
-1.20733e-06
-1.14651e-06
-1.11062e-06
-1.1129e-06
3.77736e-06
3.34095e-06
2.89064e-06
2.4393e-06
2.00162e-06
1.59489e-06
1.23128e-06
9.22986e-07
6.79277e-07
5.03874e-07
3.90755e-07
3.37286e-07
3.36681e-07
3.78656e-07
4.52508e-07
4.94613e-07
4.91741e-07
5.55941e-06
5.06388e-06
4.55368e-06
4.04203e-06
3.55088e-06
3.10046e-06
2.70775e-06
2.38821e-06
2.15021e-06
1.98967e-06
1.90342e-06
1.88161e-06
1.91178e-06
1.98248e-06
2.08172e-06
2.13679e-06
2.12542e-06
7.20671e-06
6.65557e-06
6.0903e-06
5.52931e-06
4.99715e-06
4.5185e-06
4.11507e-06
3.80202e-06
3.58569e-06
3.4602e-06
3.4178e-06
3.44087e-06
3.51509e-06
3.62775e-06
3.76364e-06
3.83702e-06
3.8166e-06
8.71655e-06
8.12251e-06
7.51762e-06
6.92618e-06
6.37555e-06
5.88951e-06
5.49441e-06
5.20758e-06
5.03224e-06
4.95926e-06
4.97034e-06
5.04933e-06
5.18001e-06
5.3471e-06
5.5314e-06
5.63036e-06
5.5998e-06
1.01412e-05
9.51868e-06
8.8948e-06
8.29875e-06
7.74937e-06
7.27663e-06
6.91396e-06
6.67305e-06
6.55545e-06
6.54067e-06
6.61348e-06
6.75778e-06
6.95593e-06
7.18818e-06
7.43016e-06
7.55946e-06
7.51944e-06
1.15468e-05
1.09096e-05
1.02875e-05
9.70564e-06
9.17702e-06
8.74846e-06
8.43747e-06
8.26292e-06
8.21196e-06
8.26294e-06
8.40558e-06
8.62572e-06
8.90135e-06
9.20693e-06
9.51348e-06
9.67794e-06
9.62899e-06
1.29563e-05
1.23166e-05
1.17152e-05
1.11644e-05
1.0698e-05
1.03386e-05
1.01217e-05
1.00317e-05
1.00592e-05
1.01901e-05
1.04205e-05
1.07272e-05
1.10858e-05
1.14686e-05
1.18417e-05
1.20432e-05
1.19928e-05
1.42549e-05
1.36287e-05
1.30829e-05
1.26159e-05
1.22797e-05
1.2064e-05
1.19785e-05
1.20235e-05
1.21694e-05
1.24123e-05
1.27376e-05
1.31389e-05
1.35871e-05
1.40458e-05
1.44828e-05
1.47189e-05
1.46635e-05
1.52858e-05
1.47321e-05
1.43087e-05
1.40219e-05
1.39056e-05
1.39214e-05
1.4072e-05
1.43258e-05
1.46306e-05
1.50075e-05
1.54539e-05
1.59529e-05
1.64778e-05
1.70003e-05
1.74841e-05
1.77434e-05
1.7694e-05
1.6373e-05
1.59726e-05
1.57574e-05
1.57179e-05
1.58606e-05
1.62025e-05
-1.696e-05
-1.72386e-05
-1.74705e-05
-1.76542e-05
-1.77864e-05
-1.78655e-05
-1.78889e-05
-1.78545e-05
-1.77627e-05
-1.76161e-05
-1.74196e-05
-1.71816e-05
-1.69149e-05
-1.6639e-05
-1.63848e-05
-1.62243e-05
-1.61783e-05
-1.67318e-05
-1.70094e-05
-1.72436e-05
-1.74301e-05
-1.7565e-05
-1.76459e-05
-1.76713e-05
-1.76398e-05
-1.75514e-05
-1.74085e-05
-1.72158e-05
-1.69814e-05
-1.67171e-05
-1.64406e-05
-1.61768e-05
-1.60085e-05
-1.59764e-05
-1.62674e-05
-1.6549e-05
-1.67887e-05
-1.69804e-05
-1.71209e-05
-1.72075e-05
-1.72387e-05
-1.72138e-05
-1.71329e-05
-1.69979e-05
-1.68132e-05
-1.65866e-05
-1.63287e-05
-1.60553e-05
-1.5787e-05
-1.56229e-05
-1.56221e-05
-1.55562e-05
-1.58453e-05
-1.60923e-05
-1.62918e-05
-1.64408e-05
-1.65369e-05
-1.65783e-05
-1.65646e-05
-1.6496e-05
-1.6374e-05
-1.6203e-05
-1.59899e-05
-1.57447e-05
-1.54823e-05
-1.52234e-05
-1.50747e-05
-1.50836e-05
-1.46319e-05
-1.49272e-05
-1.51814e-05
-1.53897e-05
-1.55489e-05
-1.56566e-05
-1.57114e-05
-1.57124e-05
-1.56599e-05
-1.55553e-05
-1.54024e-05
-1.52076e-05
-1.49806e-05
-1.47353e-05
-1.44921e-05
-1.43579e-05
-1.43668e-05
-1.3517e-05
-1.38165e-05
-1.40773e-05
-1.42942e-05
-1.44642e-05
-1.45853e-05
-1.46556e-05
-1.46743e-05
-1.46414e-05
-1.4558e-05
-1.44274e-05
-1.42555e-05
-1.4051e-05
-1.38273e-05
-1.36041e-05
-1.34817e-05
-1.34898e-05
-1.22323e-05
-1.2534e-05
-1.27998e-05
-1.30245e-05
-1.32056e-05
-1.33408e-05
-1.34284e-05
-1.34673e-05
-1.34569e-05
-1.33982e-05
-1.32937e-05
-1.31485e-05
-1.29705e-05
-1.27716e-05
-1.25696e-05
-1.24595e-05
-1.24668e-05
-1.07989e-05
-1.11011e-05
-1.13694e-05
-1.16008e-05
-1.17928e-05
-1.19431e-05
-1.20496e-05
-1.21109e-05
-1.2126e-05
-1.20952e-05
-1.20203e-05
-1.19052e-05
-1.17567e-05
-1.15854e-05
-1.14079e-05
-1.13105e-05
-1.13163e-05
-9.23388e-06
-9.53432e-06
-9.8045e-06
-1.00426e-05
-1.02462e-05
-1.04126e-05
-1.05399e-05
-1.06259e-05
-1.06693e-05
-1.06693e-05
-1.06268e-05
-1.05445e-05
-1.0428e-05
-1.02861e-05
-1.01329e-05
-1.00491e-05
-1.00543e-05
-7.55237e-06
-7.84996e-06
-8.12383e-06
-8.37027e-06
-8.58728e-06
-8.77228e-06
-8.92281e-06
-9.03631e-06
-9.11059e-06
-9.14411e-06
-9.1365e-06
-9.08907e-06
-9.00563e-06
-8.89404e-06
-8.76705e-06
-8.6967e-06
-8.70087e-06
-5.76917e-06
-6.06788e-06
-6.34896e-06
-6.60731e-06
-6.84128e-06
-7.0483e-06
-7.22538e-06
-7.36924e-06
-7.4769e-06
-7.54579e-06
-7.57415e-06
-7.56185e-06
-7.51144e-06
-7.42907e-06
-7.32552e-06
-7.2685e-06
-7.27317e-06
-3.90132e-06
-4.21086e-06
-4.50428e-06
-4.78045e-06
-5.0371e-06
-5.2713e-06
-5.47902e-06
-5.65623e-06
-5.79909e-06
-5.9039e-06
-5.96755e-06
-5.98861e-06
-5.9684e-06
-5.91245e-06
-5.83115e-06
-5.78564e-06
-5.7902e-06
-1.97866e-06
-2.30533e-06
-2.6207e-06
-2.92331e-06
-3.21029e-06
-3.47783e-06
-3.72036e-06
-3.93312e-06
-4.11128e-06
-4.24988e-06
-4.34481e-06
-4.394e-06
-4.39841e-06
-4.36265e-06
-4.29624e-06
-4.25952e-06
-4.26489e-06
-3.33287e-08
-3.85824e-07
-7.33622e-07
-1.07287e-06
-1.39913e-06
-1.70621e-06
-1.98718e-06
-2.23606e-06
-2.44679e-06
-2.61345e-06
-2.7318e-06
-2.80001e-06
-2.81995e-06
-2.79608e-06
-2.73891e-06
-2.70606e-06
-2.71007e-06
1.8958e-06
1.50602e-06
1.11448e-06
7.28342e-07
3.54919e-07
3.73803e-09
-3.16705e-07
-5.9873e-07
-8.34786e-07
-1.01864e-06
-1.14721e-06
-1.22309e-06
-1.24577e-06
-1.22138e-06
-1.16191e-06
-1.12845e-06
-1.13129e-06
3.76909e-06
3.32785e-06
2.8848e-06
2.44455e-06
2.0198e-06
1.62337e-06
1.26631e-06
9.58676e-07
7.09147e-07
5.22995e-07
3.96607e-07
3.30607e-07
3.21473e-07
3.60077e-07
4.31693e-07
4.72552e-07
4.67644e-07
5.54065e-06
5.04454e-06
4.54548e-06
4.04916e-06
3.57488e-06
3.13761e-06
2.75246e-06
2.43209e-06
2.18513e-06
2.01037e-06
1.90581e-06
1.86922e-06
1.89082e-06
1.9594e-06
2.05855e-06
2.11185e-06
2.09939e-06
7.19336e-06
6.64449e-06
6.09133e-06
5.54573e-06
5.02973e-06
4.56169e-06
4.16237e-06
3.84361e-06
3.61391e-06
3.46886e-06
3.4066e-06
3.41598e-06
3.48515e-06
3.59853e-06
3.73555e-06
3.80889e-06
3.7866e-06
8.74036e-06
8.14749e-06
7.551e-06
6.96942e-06
6.42589e-06
5.94184e-06
5.54255e-06
5.2415e-06
5.04494e-06
4.94794e-06
4.94124e-06
5.01128e-06
5.14242e-06
5.31448e-06
5.50329e-06
5.60163e-06
5.56867e-06
1.02384e-05
9.61553e-06
8.99269e-06
8.39476e-06
7.83858e-06
7.35625e-06
6.97252e-06
6.70474e-06
6.55518e-06
6.51354e-06
6.57005e-06
6.71114e-06
6.91433e-06
7.15434e-06
7.3997e-06
7.52883e-06
7.48769e-06
1.17776e-05
1.11393e-05
1.05099e-05
9.91276e-06
9.36329e-06
8.90448e-06
8.55211e-06
8.33034e-06
8.22827e-06
8.2414e-06
8.36795e-06
8.58379e-06
8.86277e-06
9.17466e-06
9.48415e-06
9.646e-06
9.59474e-06
1.33941e-05
1.27502e-05
1.21324e-05
1.15533e-05
1.10447e-05
1.06293e-05
1.03367e-05
1.01656e-05
1.01165e-05
1.01973e-05
1.03904e-05
1.0686e-05
1.10491e-05
1.14349e-05
1.18062e-05
1.20053e-05
1.1954e-05
1.49562e-05
1.43132e-05
1.37318e-05
1.3211e-05
1.27888e-05
1.24732e-05
1.22879e-05
1.21977e-05
1.22458e-05
1.24037e-05
1.27079e-05
1.30975e-05
1.35427e-05
1.40032e-05
1.44388e-05
1.46753e-05
1.4619e-05
1.62151e-05
1.56104e-05
1.51137e-05
1.47226e-05
1.44599e-05
1.43157e-05
1.4294e-05
1.43935e-05
1.45913e-05
1.49285e-05
1.53741e-05
1.58705e-05
1.6406e-05
1.69438e-05
1.74381e-05
1.76987e-05
1.76395e-05
1.74156e-05
1.69295e-05
1.65853e-05
1.63844e-05
1.6316e-05
1.63971e-05
1.66028e-05
1.69322e-05
1.73556e-05
-1.67613e-05
-1.70707e-05
-1.73378e-05
-1.75565e-05
-1.77191e-05
-1.78225e-05
-1.78647e-05
-1.7845e-05
-1.77634e-05
-1.7623e-05
-1.74295e-05
-1.71921e-05
-1.69247e-05
-1.66478e-05
-1.6393e-05
-1.62327e-05
-1.61891e-05
-1.65385e-05
-1.68459e-05
-1.71142e-05
-1.73341e-05
-1.74984e-05
-1.76031e-05
-1.76473e-05
-1.76298e-05
-1.75508e-05
-1.74138e-05
-1.7224e-05
-1.69901e-05
-1.67252e-05
-1.64478e-05
-1.61833e-05
-1.60148e-05
-1.59832e-05
-1.6083e-05
-1.63931e-05
-1.66649e-05
-1.68887e-05
-1.70575e-05
-1.71672e-05
-1.72163e-05
-1.72042e-05
-1.71321e-05
-1.70027e-05
-1.68207e-05
-1.65945e-05
-1.63359e-05
-1.60616e-05
-1.57927e-05
-1.56284e-05
-1.56288e-05
-1.53829e-05
-1.56987e-05
-1.59761e-05
-1.6206e-05
-1.63819e-05
-1.64997e-05
-1.65577e-05
-1.6556e-05
-1.64955e-05
-1.63787e-05
-1.62099e-05
-1.5997e-05
-1.5751e-05
-1.54877e-05
-1.52281e-05
-1.50793e-05
-1.50897e-05
-1.44696e-05
-1.47905e-05
-1.50735e-05
-1.53102e-05
-1.54945e-05
-1.56224e-05
-1.56924e-05
-1.57044e-05
-1.56594e-05
-1.55594e-05
-1.54087e-05
-1.52141e-05
-1.49862e-05
-1.474e-05
-1.44965e-05
-1.43626e-05
-1.43725e-05
-1.33677e-05
-1.36913e-05
-1.39789e-05
-1.42222e-05
-1.44153e-05
-1.45546e-05
-1.46387e-05
-1.46674e-05
-1.46411e-05
-1.45617e-05
-1.4433e-05
-1.42612e-05
-1.4056e-05
-1.38314e-05
-1.36077e-05
-1.34857e-05
-1.34972e-05
-1.20947e-05
-1.24195e-05
-1.27097e-05
-1.29585e-05
-1.31604e-05
-1.33121e-05
-1.34121e-05
-1.34598e-05
-1.34555e-05
-1.34007e-05
-1.32981e-05
-1.31533e-05
-1.29746e-05
-1.27752e-05
-1.25733e-05
-1.24641e-05
-1.24753e-05
-1.06734e-05
-1.0997e-05
-1.12884e-05
-1.15415e-05
-1.1752e-05
-1.19169e-05
-1.20343e-05
-1.21035e-05
-1.21241e-05
-1.20969e-05
-1.20238e-05
-1.19092e-05
-1.17603e-05
-1.15886e-05
-1.1411e-05
-1.13143e-05
-1.13259e-05
-9.11743e-06
-9.43908e-06
-9.73061e-06
-9.98788e-06
-1.02076e-05
-1.03868e-05
-1.05237e-05
-1.06169e-05
-1.06655e-05
-1.06692e-05
-1.0629e-05
-1.05476e-05
-1.0431e-05
-1.0289e-05
-1.01363e-05
-1.00538e-05
-1.00635e-05
-7.44844e-06
-7.7664e-06
-8.05888e-06
-8.32183e-06
-8.55262e-06
-8.74851e-06
-8.90744e-06
-9.02748e-06
-9.10678e-06
-9.14391e-06
-9.13858e-06
-9.0922e-06
-9.00897e-06
-8.89745e-06
-8.77067e-06
-8.70103e-06
-8.71031e-06
-5.67653e-06
-5.99446e-06
-6.29139e-06
-6.56376e-06
-6.80928e-06
-7.02554e-06
-7.21007e-06
-7.35999e-06
-7.47247e-06
-7.54498e-06
-7.57583e-06
-7.56498e-06
-7.51517e-06
-7.43308e-06
-7.3303e-06
-7.27438e-06
-7.28272e-06
-3.82649e-06
-4.15099e-06
-4.45817e-06
-4.74573e-06
-5.01149e-06
-5.253e-06
-5.4668e-06
-5.64911e-06
-5.79612e-06
-5.9042e-06
-5.97027e-06
-5.99293e-06
-5.97366e-06
-5.9183e-06
-5.83748e-06
-5.79233e-06
-5.80072e-06
-1.92062e-06
-2.26012e-06
-2.58634e-06
-2.89729e-06
-3.19068e-06
-3.4631e-06
-3.7099e-06
-3.92639e-06
-4.10777e-06
-4.24955e-06
-4.34734e-06
-4.39883e-06
-4.40496e-06
-4.37031e-06
-4.3049e-06
-4.26921e-06
-4.27756e-06
3.16471e-09
-3.61241e-07
-7.16497e-07
-1.06025e-06
-1.38902e-06
-1.69744e-06
-1.97968e-06
-2.23006e-06
-2.4429e-06
-2.61267e-06
-2.73459e-06
-2.80611e-06
-2.82879e-06
-2.80678e-06
-2.74997e-06
-2.71811e-06
-2.72527e-06
1.91244e-06
1.51144e-06
1.11625e-06
7.30212e-07
3.59221e-07
1.0917e-08
-3.07406e-07
-5.88739e-07
-8.26532e-07
-1.01475e-06
-1.14893e-06
-1.2298e-06
-1.25703e-06
-1.23554e-06
-1.17745e-06
-1.1446e-06
-1.1486e-06
3.76442e-06
3.31556e-06
2.87211e-06
2.43666e-06
2.01962e-06
1.63029e-06
1.27841e-06
9.72582e-07
7.206e-07
5.28217e-07
3.94008e-07
3.20181e-07
3.05064e-07
3.40998e-07
4.12495e-07
4.53571e-07
4.46718e-07
5.52789e-06
5.02645e-06
4.52969e-06
4.04272e-06
3.57877e-06
3.1506e-06
2.7709e-06
2.45058e-06
2.1984e-06
2.01396e-06
1.8987e-06
1.85223e-06
1.86821e-06
1.93536e-06
2.03509e-06
2.089e-06
2.07763e-06
7.19034e-06
6.63671e-06
6.08836e-06
5.55208e-06
5.04587e-06
4.58497e-06
4.18692e-06
3.8642e-06
3.62326e-06
3.46517e-06
3.38997e-06
3.39091e-06
3.45622e-06
3.57037e-06
3.71024e-06
3.78541e-06
3.76588e-06
8.77453e-06
8.17948e-06
7.58757e-06
7.01183e-06
6.47242e-06
5.98873e-06
5.58177e-06
5.26871e-06
5.05378e-06
4.94039e-06
4.91994e-06
4.98408e-06
5.113e-06
5.28693e-06
5.47772e-06
5.57717e-06
5.54925e-06
1.03451e-05
9.72322e-06
9.10357e-06
8.5046e-06
7.94456e-06
7.45069e-06
7.05002e-06
6.758e-06
6.58297e-06
6.52054e-06
6.56394e-06
6.69629e-06
6.89579e-06
7.13271e-06
7.37743e-06
7.50553e-06
7.46849e-06
1.20035e-05
1.13768e-05
1.07485e-05
1.01434e-05
9.57965e-06
9.09532e-06
8.7135e-06
8.45363e-06
8.31817e-06
8.30588e-06
8.40804e-06
8.59969e-06
8.86523e-06
9.16359e-06
9.46179e-06
9.6186e-06
9.57131e-06
1.37916e-05
1.31816e-05
1.25535e-05
1.19598e-05
1.14188e-05
1.0967e-05
1.06214e-05
1.0399e-05
1.03039e-05
1.03371e-05
1.04867e-05
1.07458e-05
1.1065e-05
1.14228e-05
1.17745e-05
1.19694e-05
1.19221e-05
1.5583e-05
1.49555e-05
1.43509e-05
1.37958e-05
1.33184e-05
1.2934e-05
1.26622e-05
1.25023e-05
1.24755e-05
1.25771e-05
1.28038e-05
1.31265e-05
1.35367e-05
1.39699e-05
1.43963e-05
1.46268e-05
1.45696e-05
1.70415e-05
1.63991e-05
1.58579e-05
1.53926e-05
1.50341e-05
1.47795e-05
1.46399e-05
1.46121e-05
1.47151e-05
1.495e-05
1.53099e-05
1.57779e-05
1.63246e-05
1.68681e-05
1.73738e-05
1.76465e-05
1.75701e-05
1.83682e-05
1.78231e-05
1.73844e-05
1.7071e-05
1.68794e-05
1.68017e-05
1.68404e-05
1.70086e-05
1.72839e-05
1.76967e-05
1.82442e-05
-1.66285e-05
-1.69564e-05
-1.72459e-05
-1.74867e-05
-1.76689e-05
-1.77874e-05
-1.78421e-05
-1.78317e-05
-1.7757e-05
-1.76214e-05
-1.74312e-05
-1.71959e-05
-1.69296e-05
-1.66535e-05
-1.63992e-05
-1.6239e-05
-1.62025e-05
-1.64053e-05
-1.67313e-05
-1.70211e-05
-1.72625e-05
-1.74457e-05
-1.75661e-05
-1.76221e-05
-1.76136e-05
-1.75414e-05
-1.74092e-05
-1.72228e-05
-1.69911e-05
-1.67277e-05
-1.64515e-05
-1.61874e-05
-1.60199e-05
-1.59921e-05
-1.59551e-05
-1.62837e-05
-1.65759e-05
-1.68202e-05
-1.7007e-05
-1.71316e-05
-1.7192e-05
-1.71888e-05
-1.7123e-05
-1.69981e-05
-1.68193e-05
-1.65951e-05
-1.63379e-05
-1.60648e-05
-1.57964e-05
-1.56319e-05
-1.56353e-05
-1.52616e-05
-1.55945e-05
-1.58914e-05
-1.61408e-05
-1.63338e-05
-1.64656e-05
-1.65345e-05
-1.65409e-05
-1.64863e-05
-1.63737e-05
-1.62079e-05
-1.59968e-05
-1.57522e-05
-1.549e-05
-1.52299e-05
-1.50812e-05
-1.50943e-05
-1.43562e-05
-1.46943e-05
-1.49955e-05
-1.52503e-05
-1.54504e-05
-1.55914e-05
-1.56716e-05
-1.5691e-05
-1.56513e-05
-1.55551e-05
-1.5407e-05
-1.52141e-05
-1.49874e-05
-1.47423e-05
-1.44992e-05
-1.43643e-05
-1.43768e-05
-1.32621e-05
-1.36018e-05
-1.39065e-05
-1.41664e-05
-1.43741e-05
-1.45254e-05
-1.46188e-05
-1.46542e-05
-1.46328e-05
-1.4557e-05
-1.44308e-05
-1.42605e-05
-1.40564e-05
-1.38328e-05
-1.36084e-05
-1.34862e-05
-1.34976e-05
-1.19976e-05
-1.23382e-05
-1.26441e-05
-1.2908e-05
-1.31231e-05
-1.32856e-05
-1.33939e-05
-1.34478e-05
-1.3448e-05
-1.33963e-05
-1.32961e-05
-1.31527e-05
-1.29751e-05
-1.27766e-05
-1.25752e-05
-1.24646e-05
-1.24744e-05
-1.05842e-05
-1.0922e-05
-1.1228e-05
-1.1495e-05
-1.17173e-05
-1.18917e-05
-1.20166e-05
-1.20913e-05
-1.2116e-05
-1.20919e-05
-1.2021e-05
-1.19078e-05
-1.176e-05
-1.15892e-05
-1.14106e-05
-1.13138e-05
-1.13222e-05
-9.0359e-06
-9.37153e-06
-9.67627e-06
-9.94615e-06
-1.01763e-05
-1.0364e-05
-1.05075e-05
-1.06057e-05
-1.06582e-05
-1.06647e-05
-1.06266e-05
-1.05467e-05
-1.04311e-05
-1.02899e-05
-1.01377e-05
-1.00539e-05
-1.00607e-05
-7.37466e-06
-7.70501e-06
-8.01014e-06
-8.28441e-06
-8.52441e-06
-8.72766e-06
-8.89235e-06
-9.01688e-06
-9.09967e-06
-9.13944e-06
-9.136e-06
-9.091e-06
-9.00895e-06
-8.89801e-06
-8.77005e-06
-8.70064e-06
-8.70697e-06
-5.61039e-06
-5.9419e-06
-6.24993e-06
-6.53211e-06
-6.78567e-06
-7.0083e-06
-7.19783e-06
-7.35171e-06
-7.46727e-06
-7.54211e-06
-7.57467e-06
-7.56503e-06
-7.51611e-06
-7.43463e-06
-7.33252e-06
-7.27573e-06
-7.2814e-06
-3.77177e-06
-4.10728e-06
-4.42487e-06
-4.72097e-06
-4.99351e-06
-5.24021e-06
-5.45801e-06
-5.64344e-06
-5.79285e-06
-5.90273e-06
-5.97009e-06
-5.99375e-06
-5.97548e-06
-5.92036e-06
-5.8383e-06
-5.79408e-06
-5.80077e-06
-1.87717e-06
-2.22876e-06
-2.56374e-06
-2.88163e-06
-3.18019e-06
-3.4563e-06
-3.70574e-06
-3.92425e-06
-4.10724e-06
-4.25019e-06
-4.34899e-06
-4.40144e-06
-4.40846e-06
-4.37463e-06
-4.31018e-06
-4.2735e-06
-4.2804e-06
3.09377e-08
-3.43522e-07
-7.06491e-07
-1.05528e-06
-1.38709e-06
-1.69703e-06
-1.9801e-06
-2.23105e-06
-2.44444e-06
-2.61489e-06
-2.73762e-06
-2.80999e-06
-2.83414e-06
-2.81303e-06
-2.75607e-06
-2.72367e-06
-2.72973e-06
1.92584e-06
1.51394e-06
1.11327e-06
7.24729e-07
3.53446e-07
5.95139e-09
-3.11386e-07
-5.92104e-07
-8.29934e-07
-1.01915e-06
-1.15436e-06
-1.23682e-06
-1.26555e-06
-1.24533e-06
-1.18827e-06
-1.15408e-06
-1.16012e-06
3.76338e-06
3.30596e-06
2.85861e-06
2.42347e-06
2.00849e-06
1.62195e-06
1.27238e-06
9.677e-07
7.1535e-07
5.2119e-07
3.85076e-07
3.08694e-07
2.92235e-07
3.28195e-07
4.01343e-07
4.41597e-07
4.30532e-07
5.52241e-06
5.01267e-06
4.51442e-06
4.02949e-06
3.56889e-06
3.14375e-06
2.76603e-06
2.44537e-06
2.19098e-06
2.00396e-06
1.8843e-06
1.83565e-06
1.85046e-06
1.9182e-06
2.01821e-06
2.07351e-06
2.05204e-06
7.19272e-06
6.63518e-06
6.08591e-06
5.55237e-06
5.04807e-06
4.58868e-06
4.1903e-06
3.86368e-06
3.61772e-06
3.45333e-06
3.37331e-06
3.37123e-06
3.43645e-06
3.55249e-06
3.69548e-06
3.76968e-06
3.73772e-06
8.80809e-06
8.20927e-06
7.61817e-06
7.04386e-06
6.50424e-06
6.01751e-06
5.60551e-06
5.28358e-06
5.05939e-06
4.93543e-06
4.90974e-06
4.96869e-06
5.09754e-06
5.27073e-06
5.46072e-06
5.56104e-06
5.52099e-06
1.04353e-05
9.81499e-06
9.19815e-06
8.5978e-06
8.03285e-06
7.5325e-06
7.11946e-06
6.81453e-06
6.62418e-06
6.54886e-06
6.58163e-06
6.70569e-06
6.89657e-06
7.12741e-06
7.36842e-06
7.49227e-06
7.44517e-06
1.2164e-05
1.15627e-05
1.0935e-05
1.03258e-05
9.75281e-06
9.25729e-06
8.85809e-06
8.58059e-06
8.42656e-06
8.3968e-06
8.47955e-06
8.65558e-06
8.89674e-06
9.17156e-06
9.44746e-06
9.60158e-06
9.55412e-06
1.40606e-05
1.34713e-05
1.28429e-05
1.22419e-05
1.16902e-05
1.12184e-05
1.08538e-05
1.06108e-05
1.0495e-05
1.05016e-05
1.0623e-05
1.08401e-05
1.11212e-05
1.14312e-05
1.17694e-05
1.19466e-05
1.18967e-05
1.59386e-05
1.53054e-05
1.46983e-05
1.4128e-05
1.36341e-05
1.32224e-05
1.29223e-05
1.27405e-05
1.26828e-05
1.27371e-05
1.29169e-05
1.32038e-05
1.35475e-05
1.3954e-05
1.43487e-05
1.45924e-05
1.45249e-05
1.74505e-05
1.68095e-05
1.62425e-05
1.57467e-05
1.53495e-05
1.5054e-05
1.48654e-05
1.47882e-05
1.4834e-05
1.50038e-05
1.52961e-05
1.57171e-05
1.62303e-05
1.67607e-05
1.73e-05
1.76053e-05
1.7536e-05
1.89329e-05
1.83326e-05
1.78536e-05
1.74835e-05
1.72296e-05
1.70917e-05
1.70601e-05
1.71327e-05
1.73272e-05
1.76392e-05
1.8086e-05
1.86479e-05
1.935e-05
2.0034e-05
5.49619e-06
7.62335e-06
9.7891e-06
1.19542e-05
1.40406e-05
1.59293e-05
1.75964e-05
1.90479e-05
2.03104e-05
2.1381e-05
2.22581e-05
2.29705e-05
2.35389e-05
2.39872e-05
5.29726e-07
1.78585e-06
3.31601e-06
5.18642e-06
7.27421e-06
9.5364e-06
1.18815e-05
1.41134e-05
1.60982e-05
1.78031e-05
1.92559e-05
2.05227e-05
2.16109e-05
2.25375e-05
2.33086e-05
2.39472e-05
2.44917e-05
4.3267e-07
1.52467e-06
2.8967e-06
4.64842e-06
6.74782e-06
9.2041e-06
1.1919e-05
1.44574e-05
1.65591e-05
1.82215e-05
1.95806e-05
2.08172e-05
2.19203e-05
2.28985e-05
2.37482e-05
2.44913e-05
2.51236e-05
2.75027e-07
1.13275e-06
2.32166e-06
3.98429e-06
6.17438e-06
8.96852e-06
1.18883e-05
1.44712e-05
1.67514e-05
1.86075e-05
2.00074e-05
2.11619e-05
2.22611e-05
2.32789e-05
2.42113e-05
2.50369e-05
2.5775e-05
1.11081e-07
7.34598e-07
1.75558e-06
3.35278e-06
5.63806e-06
8.57493e-06
1.15719e-05
1.42526e-05
1.6662e-05
1.87131e-05
2.03478e-05
2.15814e-05
2.26455e-05
2.36953e-05
2.46995e-05
2.56202e-05
2.6442e-05
-1.25429e-08
4.34186e-07
1.27994e-06
2.81944e-06
5.28552e-06
8.23682e-06
1.11052e-05
1.38331e-05
1.63248e-05
1.85052e-05
2.0352e-05
2.18576e-05
2.30254e-05
2.40982e-05
2.51914e-05
2.61904e-05
2.71272e-05
7.54034e-08
3.80843e-07
8.90389e-07
2.31071e-06
4.73166e-06
7.6497e-06
1.05132e-05
1.32879e-05
1.58054e-05
1.80306e-05
1.99795e-05
2.16784e-05
2.31571e-05
2.45022e-05
2.57406e-05
2.68152e-05
2.77754e-05
-2.28139e-07
1.14626e-07
7.24918e-07
1.84931e-06
4.22766e-06
7.10836e-06
9.93122e-06
1.27479e-05
1.53126e-05
1.75049e-05
1.94438e-05
2.11829e-05
2.27922e-05
2.43277e-05
2.58208e-05
2.72172e-05
2.84548e-05
-4.45742e-07
-5.85556e-07
6.93285e-09
1.47357e-06
3.86948e-06
6.61832e-06
9.40499e-06
1.24218e-05
1.50068e-05
1.69649e-05
1.8803e-05
2.05011e-05
2.21432e-05
2.37503e-05
2.54102e-05
2.71743e-05
2.89168e-05
-5.22033e-07
-8.66138e-07
-2.75775e-07
1.40913e-06
3.8061e-06
6.34916e-06
8.9842e-06
1.17103e-05
1.44892e-05
1.66878e-05
1.83097e-05
1.9886e-05
2.14791e-05
2.29986e-05
2.48388e-05
2.70518e-05
2.92452e-05
-5.02021e-07
-8.97957e-07
-3.06949e-07
1.45415e-06
3.82985e-06
6.25012e-06
8.74224e-06
1.12674e-05
1.37865e-05
1.62332e-05
1.80682e-05
1.93377e-05
2.10638e-05
2.3128e-05
2.52014e-05
2.75107e-05
2.99529e-05
-4.6296e-07
-8.36771e-07
-1.66691e-07
1.64963e-06
4.0001e-06
6.37489e-06
8.79931e-06
1.11994e-05
1.35474e-05
1.5809e-05
1.78115e-05
1.95953e-05
2.15181e-05
2.36464e-05
2.59415e-05
2.84336e-05
3.11717e-05
-4.38843e-07
-7.45971e-07
6.90056e-08
1.98116e-06
4.35163e-06
6.73995e-06
9.15763e-06
1.15322e-05
1.38291e-05
1.60376e-05
1.81366e-05
2.01834e-05
2.23244e-05
2.46325e-05
2.71431e-05
2.99033e-05
3.29015e-05
-4.31699e-07
-6.34083e-07
4.5864e-07
2.47419e-06
4.83849e-06
7.33556e-06
9.85149e-06
1.22496e-05
1.45461e-05
1.67856e-05
1.89812e-05
2.11994e-05
2.35295e-05
2.60465e-05
2.87966e-05
3.1798e-05
3.51191e-05
-4.46991e-07
-6.16252e-07
6.3715e-07
2.85087e-06
5.43389e-06
8.14035e-06
1.08775e-05
1.33504e-05
1.56235e-05
1.79177e-05
2.02073e-05
2.25702e-05
2.50737e-05
2.779e-05
3.07689e-05
3.40554e-05
3.7652e-05
-4.80734e-07
-6.60033e-07
7.30616e-07
3.13583e-06
5.93708e-06
9.21604e-06
1.26086e-05
1.49121e-05
1.68949e-05
1.93784e-05
2.17373e-05
2.42185e-05
2.68786e-05
2.97897e-05
3.29985e-05
3.65308e-05
4.0451e-05
-5.24585e-07
-7.01662e-07
7.94523e-07
3.3988e-06
6.57428e-06
1.01778e-05
1.36583e-05
1.68559e-05
1.89982e-05
2.09802e-05
2.35173e-05
2.60644e-05
2.88565e-05
3.19364e-05
3.53534e-05
3.91478e-05
4.33361e-05
-5.31836e-07
-5.51668e-07
1.05614e-06
3.65216e-06
7.11917e-06
1.09331e-05
1.46038e-05
1.80506e-05
2.11982e-05
2.33322e-05
2.5329e-05
2.80559e-05
3.09492e-05
3.4176e-05
3.77784e-05
4.17794e-05
4.62497e-05
-5.55079e-07
-5.53419e-07
1.18596e-06
3.88137e-06
7.56137e-06
1.15296e-05
1.53819e-05
1.90749e-05
2.2548e-05
2.5696e-05
2.77239e-05
2.98535e-05
3.30508e-05
3.63845e-05
4.01465e-05
4.43599e-05
4.90419e-05
-6.05573e-07
-6.52017e-07
1.17704e-06
4.14692e-06
7.97013e-06
1.1973e-05
1.60017e-05
1.99321e-05
2.37109e-05
2.7349e-05
2.97263e-05
3.18699e-05
3.5028e-05
3.8474e-05
4.23727e-05
4.67521e-05
5.16696e-05
-6.80559e-07
-8.13277e-07
9.84204e-07
4.11533e-06
8.05683e-06
1.21782e-05
1.63917e-05
2.05492e-05
2.45827e-05
2.84292e-05
3.18499e-05
3.40985e-05
3.66316e-05
4.03878e-05
4.43867e-05
4.89423e-05
5.40806e-05
-7.74736e-07
-1.0446e-06
7.15044e-07
3.90696e-06
7.93806e-06
1.22074e-05
1.65914e-05
2.10075e-05
2.5281e-05
2.94191e-05
3.33056e-05
3.57595e-05
3.82488e-05
4.20739e-05
4.61549e-05
5.08253e-05
5.61348e-05
-8.98057e-07
-1.34743e-06
3.51824e-07
3.53898e-06
7.63147e-06
1.20306e-05
1.66099e-05
2.12466e-05
2.57675e-05
3.01361e-05
3.43396e-05
3.71575e-05
3.97472e-05
4.34678e-05
4.76105e-05
5.23536e-05
5.7745e-05
-1.01996e-06
-1.65337e-06
-6.3302e-08
3.04287e-06
7.15876e-06
1.15905e-05
1.63346e-05
2.10789e-05
2.58218e-05
3.03246e-05
3.46278e-05
3.84294e-05
4.10615e-05
4.40679e-05
4.84552e-05
5.31903e-05
5.86556e-05
-1.14118e-06
-1.92761e-06
-4.4461e-07
2.59441e-06
6.64783e-06
1.11078e-05
1.58458e-05
2.07061e-05
2.55046e-05
3.01408e-05
3.45266e-05
3.86684e-05
4.13048e-05
4.41793e-05
4.85519e-05
5.33131e-05
5.88279e-05
1.22072e-05
1.41798e-05
1.60143e-05
1.76763e-05
1.9156e-05
2.04559e-05
2.15784e-05
2.25229e-05
2.3303e-05
2.39255e-05
2.44311e-05
7.11143e-07
2.21701e-06
3.91549e-06
5.8136e-06
7.87157e-06
1.00445e-05
1.22101e-05
1.42839e-05
1.61929e-05
1.78873e-05
1.93759e-05
2.06817e-05
2.18177e-05
2.27873e-05
2.3609e-05
2.43133e-05
2.49061e-05
6.43928e-07
2.0229e-06
3.59825e-06
5.43018e-06
7.51635e-06
9.83458e-06
1.22061e-05
1.44321e-05
1.64398e-05
1.81659e-05
1.96413e-05
2.09356e-05
2.20817e-05
2.30927e-05
2.39828e-05
2.47685e-05
2.54689e-05
4.76809e-07
1.63134e-06
3.04162e-06
4.80428e-06
6.97097e-06
9.60672e-06
1.23072e-05
1.47138e-05
1.68409e-05
1.8548e-05
1.99578e-05
2.12326e-05
2.23896e-05
2.34376e-05
2.43918e-05
2.52666e-05
2.6055e-05
2.99218e-07
1.20992e-06
2.44388e-06
4.13148e-06
6.38139e-06
9.20083e-06
1.20509e-05
1.45931e-05
1.68868e-05
1.88168e-05
2.03175e-05
2.15743e-05
2.27407e-05
2.38191e-05
2.4837e-05
2.57789e-05
2.66648e-05
1.45015e-07
8.27785e-07
1.89238e-06
3.53746e-06
5.97896e-06
8.84452e-06
1.15914e-05
1.42091e-05
1.66035e-05
1.87093e-05
2.05007e-05
2.19727e-05
2.31454e-05
2.42157e-05
2.52867e-05
2.63065e-05
2.72825e-05
3.90655e-08
5.64314e-07
1.48974e-06
3.02475e-06
5.43634e-06
8.27313e-06
1.1019e-05
1.36714e-05
1.61131e-05
1.82936e-05
2.02178e-05
2.19006e-05
2.33676e-05
2.46392e-05
2.57545e-05
2.68184e-05
2.79064e-05
-8.28114e-08
4.57996e-07
1.29375e-06
2.57967e-06
4.93613e-06
7.70659e-06
1.0405e-05
1.31159e-05
1.56219e-05
1.77772e-05
1.97039e-05
2.14575e-05
2.30654e-05
2.4568e-05
2.59889e-05
2.73257e-05
2.85397e-05
-2.59967e-07
-1.57906e-07
6.49087e-07
2.32758e-06
4.66915e-06
7.20195e-06
9.8735e-06
1.27823e-05
1.5288e-05
1.72408e-05
1.91056e-05
2.08221e-05
2.24726e-05
2.40843e-05
2.56732e-05
2.73176e-05
2.9044e-05
-3.12818e-07
-3.84397e-07
3.95777e-07
2.1619e-06
4.50373e-06
6.93924e-06
9.45199e-06
1.20765e-05
1.47258e-05
1.69148e-05
1.86206e-05
2.02704e-05
2.19276e-05
2.35854e-05
2.51446e-05
2.70832e-05
2.93343e-05
-3.08126e-07
-4.19349e-07
3.94852e-07
2.21386e-06
4.50719e-06
6.82404e-06
9.22459e-06
1.16388e-05
1.40226e-05
1.62345e-05
1.81501e-05
1.98724e-05
2.16447e-05
2.35114e-05
2.54502e-05
2.75912e-05
2.99698e-05
-2.88853e-07
-3.59713e-07
5.70567e-07
2.44442e-06
4.70222e-06
6.97236e-06
9.28674e-06
1.1602e-05
1.38662e-05
1.60155e-05
1.8016e-05
1.99208e-05
2.18629e-05
2.39104e-05
2.61052e-05
2.8515e-05
3.11368e-05
-2.83034e-07
-2.72195e-07
8.98679e-07
2.84661e-06
5.03168e-06
7.3039e-06
9.61824e-06
1.19014e-05
1.41242e-05
1.62767e-05
1.83538e-05
2.04064e-05
2.25233e-05
2.47762e-05
2.72188e-05
2.9876e-05
3.28064e-05
-2.67869e-07
-1.90305e-07
1.12783e-06
3.18913e-06
5.46497e-06
7.83915e-06
1.02179e-05
1.25429e-05
1.47906e-05
1.69752e-05
1.91339e-05
2.13291e-05
2.36294e-05
2.60917e-05
2.87716e-05
3.17124e-05
3.49333e-05
-2.66716e-07
-1.4963e-07
1.28673e-06
3.49556e-06
5.95802e-06
8.54632e-06
1.11153e-05
1.35239e-05
1.58035e-05
1.80429e-05
2.02918e-05
2.26131e-05
2.50764e-05
2.77457e-05
3.06754e-05
3.38804e-05
3.74227e-05
-2.96915e-07
-1.70679e-07
1.36942e-06
3.73666e-06
6.49249e-06
9.5352e-06
1.23798e-05
1.4844e-05
1.7174e-05
1.94472e-05
2.1755e-05
2.41922e-05
2.68158e-05
2.96823e-05
3.2841e-05
3.63276e-05
4.01715e-05
-3.73796e-07
-2.52317e-07
1.41762e-06
3.97028e-06
7.09382e-06
1.04855e-05
1.37092e-05
1.65836e-05
1.8948e-05
2.11309e-05
2.34803e-05
2.59911e-05
2.87429e-05
3.17901e-05
3.51737e-05
3.89057e-05
4.30628e-05
-4.11259e-07
-2.02245e-07
1.57689e-06
4.2217e-06
7.6212e-06
1.12807e-05
1.47567e-05
1.79861e-05
2.08228e-05
2.3132e-05
2.53703e-05
2.79419e-05
3.07997e-05
3.39962e-05
3.75653e-05
4.15374e-05
4.59526e-05
-4.74838e-07
-2.92292e-07
1.63022e-06
4.56787e-06
8.16622e-06
1.19066e-05
1.56066e-05
1.91218e-05
2.23273e-05
2.50205e-05
2.7364e-05
2.99214e-05
3.28615e-05
3.61734e-05
3.99067e-05
4.40722e-05
4.87333e-05
-5.41348e-07
-4.25239e-07
1.56365e-06
4.67262e-06
8.43836e-06
1.23182e-05
1.62108e-05
1.99923e-05
2.35596e-05
2.67596e-05
2.93782e-05
3.18989e-05
3.48601e-05
3.82513e-05
4.21088e-05
4.64585e-05
5.13286e-05
-6.12147e-07
-5.85766e-07
1.40098e-06
4.58702e-06
8.47145e-06
1.24844e-05
1.65812e-05
2.06152e-05
2.44845e-05
2.80801e-05
3.12198e-05
3.38517e-05
3.66721e-05
4.01391e-05
4.40962e-05
4.85938e-05
5.36653e-05
-6.82159e-07
-7.51601e-07
1.16439e-06
4.33955e-06
8.31138e-06
1.24638e-05
1.67645e-05
2.10368e-05
2.51937e-05
2.91097e-05
3.26185e-05
3.54571e-05
3.83093e-05
4.18273e-05
4.58538e-05
5.04699e-05
5.57111e-05
-7.84189e-07
-1.00313e-06
8.34295e-07
3.97042e-06
7.99378e-06
1.22774e-05
1.67559e-05
2.12636e-05
2.56684e-05
2.98583e-05
3.36636e-05
3.67738e-05
3.97417e-05
4.32434e-05
4.73072e-05
5.1966e-05
5.73223e-05
-8.78126e-07
-1.24855e-06
4.62804e-07
3.53047e-06
7.54023e-06
1.18883e-05
1.64715e-05
2.1146e-05
2.57286e-05
3.0117e-05
3.41701e-05
3.77413e-05
4.07907e-05
4.40916e-05
4.81579e-05
5.28513e-05
5.82687e-05
-9.3534e-07
-1.41918e-06
1.69908e-07
3.16271e-06
7.1233e-06
1.14659e-05
1.61086e-05
2.08131e-05
2.54979e-05
2.9982e-05
3.41677e-05
3.79354e-05
4.10251e-05
4.42921e-05
4.83472e-05
5.30849e-05
5.85337e-05
1.61621e-05
1.77622e-05
1.92401e-05
2.05715e-05
2.17545e-05
2.27734e-05
2.36325e-05
2.43518e-05
2.49289e-05
1.00005e-06
2.92593e-06
4.86206e-06
6.81079e-06
8.78724e-06
1.07707e-05
1.27299e-05
1.46232e-05
1.63964e-05
1.80228e-05
1.95042e-05
2.08298e-05
2.20009e-05
2.30248e-05
2.39178e-05
2.47039e-05
2.53768e-05
9.58899e-07
2.79963e-06
4.64581e-06
6.55731e-06
8.57153e-06
1.06699e-05
1.27657e-05
1.47548e-05
1.66035e-05
1.82706e-05
1.97514e-05
2.10649e-05
2.22391e-05
2.32851e-05
2.42243e-05
2.50728e-05
2.58517e-05
8.40022e-07
2.50484e-06
4.21309e-06
6.07008e-06
8.13966e-06
1.04159e-05
1.27047e-05
1.48458e-05
1.68149e-05
1.8551e-05
2.00315e-05
2.13308e-05
2.25046e-05
2.3577e-05
2.45656e-05
2.549e-05
2.63512e-05
6.42114e-07
2.04672e-06
3.58612e-06
5.37284e-06
7.5365e-06
1.01133e-05
1.26893e-05
1.50132e-05
1.71379e-05
1.89723e-05
2.04113e-05
2.16298e-05
2.28054e-05
2.39053e-05
2.49447e-05
2.59332e-05
2.68834e-05
4.62817e-07
1.61244e-06
2.98275e-06
4.72707e-06
7.09628e-06
9.7763e-06
1.23416e-05
1.47804e-05
1.70214e-05
1.9009e-05
2.06699e-05
2.19868e-05
2.31483e-05
2.42712e-05
2.53501e-05
2.64115e-05
2.7442e-05
3.47258e-07
1.29171e-06
2.49125e-06
4.15305e-06
6.54586e-06
9.23347e-06
1.18027e-05
1.42973e-05
1.66165e-05
1.87064e-05
2.05564e-05
2.21537e-05
2.35233e-05
2.46756e-05
2.57712e-05
2.68911e-05
2.80236e-05
4.18711e-07
1.18724e-06
2.08087e-06
3.69395e-06
6.03424e-06
8.64606e-06
1.1198e-05
1.37597e-05
1.61446e-05
1.82325e-05
2.01235e-05
2.18423e-05
2.34078e-05
2.48411e-05
2.61582e-05
2.73681e-05
2.85907e-05
1.0192e-07
6.22117e-07
1.65771e-06
3.43372e-06
5.71865e-06
8.14759e-06
1.06681e-05
1.34085e-05
1.57639e-05
1.7659e-05
1.95595e-05
2.12532e-05
2.28688e-05
2.44516e-05
2.60156e-05
2.75841e-05
2.92182e-05
3.75691e-08
4.36559e-07
1.47475e-06
3.29631e-06
5.56542e-06
7.87484e-06
1.0258e-05
1.27059e-05
1.50543e-05
1.7365e-05
1.92678e-05
2.07878e-05
2.24213e-05
2.40927e-05
2.58012e-05
2.76286e-05
2.95754e-05
4.38786e-08
4.31141e-07
1.54393e-06
3.39758e-06
5.59239e-06
7.80079e-06
1.00539e-05
1.22957e-05
1.45098e-05
1.66598e-05
1.86059e-05
2.03653e-05
2.21357e-05
2.39651e-05
2.58726e-05
2.792e-05
3.01653e-05
5.70395e-08
5.19077e-07
1.86784e-06
3.76867e-06
5.83939e-06
7.97084e-06
1.01168e-05
1.22754e-05
1.44062e-05
1.64786e-05
1.84483e-05
2.03552e-05
2.22721e-05
2.4269e-05
2.63933e-05
2.87011e-05
3.12018e-05
7.13072e-08
6.07581e-07
2.08949e-06
4.08514e-06
6.15732e-06
8.26237e-06
1.03941e-05
1.25272e-05
1.46405e-05
1.67133e-05
1.87384e-05
2.07551e-05
2.28329e-05
2.50295e-05
2.73875e-05
2.99495e-05
3.2765e-05
9.35634e-08
6.98157e-07
2.28442e-06
4.37518e-06
6.52948e-06
8.70401e-06
1.08968e-05
1.30737e-05
1.52115e-05
1.73198e-05
1.94236e-05
2.15755e-05
2.38158e-05
2.62091e-05
2.88058e-05
3.16538e-05
3.47764e-05
1.10365e-07
7.95815e-07
2.48391e-06
4.66407e-06
6.95697e-06
9.30095e-06
1.16411e-05
1.39054e-05
1.61081e-05
1.82806e-05
2.04709e-05
2.27359e-05
2.51447e-05
2.77534e-05
3.05973e-05
3.37222e-05
3.71844e-05
1.16823e-07
9.3635e-07
2.7168e-06
4.92655e-06
7.41585e-06
1.00471e-05
1.26452e-05
1.50534e-05
1.73245e-05
1.9555e-05
2.18248e-05
2.42197e-05
2.6785e-05
2.95888e-05
3.26782e-05
3.60922e-05
3.98741e-05
4.92325e-08
8.47295e-07
2.74293e-06
5.10234e-06
7.88872e-06
1.10009e-05
1.40118e-05
1.65476e-05
1.88274e-05
2.11043e-05
2.34373e-05
2.59189e-05
2.86287e-05
3.16325e-05
3.49504e-05
3.86257e-05
4.27349e-05
-3.42946e-08
6.93732e-07
2.67511e-06
5.2733e-06
8.47486e-06
1.18907e-05
1.51403e-05
1.80982e-05
2.05892e-05
2.28486e-05
2.52256e-05
2.77904e-05
3.0616e-05
3.377e-05
3.72904e-05
4.12113e-05
4.55883e-05
-1.2807e-07
5.06148e-07
2.60608e-06
5.52228e-06
8.95649e-06
1.2516e-05
1.60119e-05
1.93024e-05
2.22605e-05
2.47472e-05
2.70911e-05
2.97039e-05
3.26202e-05
3.59042e-05
3.95927e-05
4.37149e-05
4.83408e-05
-2.15952e-07
3.26336e-07
2.47852e-06
5.58173e-06
9.22104e-06
1.29246e-05
1.66355e-05
2.02199e-05
2.35553e-05
2.65107e-05
2.90284e-05
3.15962e-05
3.45696e-05
3.79422e-05
4.17644e-05
4.60686e-05
5.08919e-05
-2.66374e-07
1.85793e-07
2.32456e-06
5.50899e-06
9.26259e-06
1.31116e-05
1.70286e-05
2.08673e-05
2.45282e-05
2.78741e-05
3.07012e-05
3.33592e-05
3.6361e-05
3.98043e-05
4.37267e-05
4.81715e-05
5.31742e-05
-2.14207e-07
1.39227e-07
2.10365e-06
5.27824e-06
9.0978e-06
1.30716e-05
1.71683e-05
2.12486e-05
2.52004e-05
2.88992e-05
3.21807e-05
3.50117e-05
3.79559e-05
4.144e-05
4.54405e-05
4.99927e-05
5.51412e-05
-2.6561e-07
-2.00753e-09
1.84654e-06
4.94657e-06
8.81671e-06
1.2888e-05
1.71472e-05
2.14319e-05
2.56383e-05
2.96196e-05
3.32204e-05
3.62867e-05
3.93133e-05
4.28262e-05
4.68718e-05
5.14937e-05
5.67779e-05
-3.31136e-07
-1.8877e-07
1.53252e-06
4.55236e-06
8.40061e-06
1.25282e-05
1.68822e-05
2.13158e-05
2.56829e-05
2.98934e-05
3.37533e-05
3.7177e-05
4.02675e-05
4.36884e-05
4.77359e-05
5.24179e-05
5.77697e-05
-3.72595e-07
-3.27001e-07
1.28341e-06
4.21505e-06
8.02043e-06
1.21537e-05
1.65448e-05
2.10197e-05
2.5486e-05
2.97962e-05
3.37987e-05
3.73573e-05
4.0503e-05
4.38961e-05
4.79769e-05
5.26764e-05
5.8095e-05
2.05883e-05
2.17853e-05
2.28471e-05
2.37687e-05
2.45617e-05
2.51985e-05
1.30853e-06
3.65009e-06
5.76201e-06
7.74263e-06
9.64109e-06
1.14721e-05
1.32534e-05
1.49693e-05
1.65977e-05
1.81352e-05
1.95699e-05
2.08764e-05
2.20532e-05
2.31137e-05
2.40681e-05
2.49119e-05
2.56483e-05
1.28537e-06
3.57599e-06
5.62632e-06
7.58205e-06
9.51282e-06
1.14324e-05
1.33111e-05
1.51157e-05
1.68143e-05
1.83842e-05
1.98208e-05
2.11217e-05
2.2301e-05
2.33685e-05
2.43443e-05
2.52515e-05
2.60829e-05
1.2029e-06
3.35612e-06
5.29615e-06
7.20547e-06
9.17656e-06
1.12125e-05
1.3238e-05
1.5166e-05
1.69622e-05
1.8596e-05
2.00579e-05
2.13635e-05
2.25465e-05
2.36333e-05
2.46529e-05
2.5617e-05
2.65318e-05
1.0545e-06
2.98635e-06
4.777e-06
6.62594e-06
8.65745e-06
1.08699e-05
1.30935e-05
1.51824e-05
1.71094e-05
1.88327e-05
2.03263e-05
2.16327e-05
2.2827e-05
2.39372e-05
2.49962e-05
2.60264e-05
2.70217e-05
8.49518e-07
2.49551e-06
4.1053e-06
5.8917e-06
8.03862e-06
1.05397e-05
1.30325e-05
1.52889e-05
1.73532e-05
1.91571e-05
2.06435e-05
2.19361e-05
2.31456e-05
2.42735e-05
2.53804e-05
2.64693e-05
2.75477e-05
6.86821e-07
2.0785e-06
3.50701e-06
5.25327e-06
7.57279e-06
1.01259e-05
1.25507e-05
1.48986e-05
1.70817e-05
1.90525e-05
2.07964e-05
2.22937e-05
2.35231e-05
2.46475e-05
2.57915e-05
2.69444e-05
2.81122e-05
5.85417e-07
1.76334e-06
3.04547e-06
4.76686e-06
7.07294e-06
9.56122e-06
1.19736e-05
1.43879e-05
1.66468e-05
1.86445e-05
2.04743e-05
2.21338e-05
2.3628e-05
2.4984e-05
2.61985e-05
2.73916e-05
2.86965e-05
4.35893e-07
1.39916e-06
2.68011e-06
4.52248e-06
6.75859e-06
9.07595e-06
1.14447e-05
1.40433e-05
1.62666e-05
1.80758e-05
1.9947e-05
2.16161e-05
2.32026e-05
2.47607e-05
2.6295e-05
2.78458e-05
2.94431e-05
4.18938e-07
1.30373e-06
2.56965e-06
4.43456e-06
6.62282e-06
8.79731e-06
1.10462e-05
1.33622e-05
1.55506e-05
1.77934e-05
1.97107e-05
2.12096e-05
2.28098e-05
2.44705e-05
2.62105e-05
2.8021e-05
2.99271e-05
4.56836e-07
1.37246e-06
2.67656e-06
4.56111e-06
6.69196e-06
8.75045e-06
1.08639e-05
1.29906e-05
1.50626e-05
1.71316e-05
1.90439e-05
2.07936e-05
2.25454e-05
2.43522e-05
2.62782e-05
2.83456e-05
3.06856e-05
4.66038e-07
1.46539e-06
3.03164e-06
4.97306e-06
6.94417e-06
8.93948e-06
1.09556e-05
1.2962e-05
1.49651e-05
1.69572e-05
1.88807e-05
2.07429e-05
2.26235e-05
2.45816e-05
2.66853e-05
2.8963e-05
3.14712e-05
4.84823e-07
1.56097e-06
3.26769e-06
5.27829e-06
7.25932e-06
9.23452e-06
1.11958e-05
1.31787e-05
1.51729e-05
1.71591e-05
1.91281e-05
2.11068e-05
2.31405e-05
2.52828e-05
2.75838e-05
3.01076e-05
3.28494e-05
5.13015e-07
1.70155e-06
3.51179e-06
5.58771e-06
7.60981e-06
9.60239e-06
1.16134e-05
1.36365e-05
1.5662e-05
1.76951e-05
1.97437e-05
2.18408e-05
2.40322e-05
2.63721e-05
2.89151e-05
3.1697e-05
3.47622e-05
5.54815e-07
1.93051e-06
3.82671e-06
5.87059e-06
7.98545e-06
1.00987e-05
1.22304e-05
1.43522e-05
1.64535e-05
1.85494e-05
2.06848e-05
2.29121e-05
2.52754e-05
2.78225e-05
3.06015e-05
3.36778e-05
3.70749e-05
5.79009e-07
2.00871e-06
4.00193e-06
6.12657e-06
8.37743e-06
1.07158e-05
1.30666e-05
1.53404e-05
1.75328e-05
1.97119e-05
2.19438e-05
2.42917e-05
2.68107e-05
2.95649e-05
3.26022e-05
3.59615e-05
3.97141e-05
5.55392e-07
1.9575e-06
4.00875e-06
6.27879e-06
8.78528e-06
1.14639e-05
1.41291e-05
1.66212e-05
1.89138e-05
2.11428e-05
2.34465e-05
2.59067e-05
2.85805e-05
3.15294e-05
3.47944e-05
3.84367e-05
4.25081e-05
5.59034e-07
1.85405e-06
3.83664e-06
6.34263e-06
9.29594e-06
1.24462e-05
1.54748e-05
1.824e-05
2.05896e-05
2.27821e-05
2.51414e-05
2.76848e-05
3.04776e-05
3.35929e-05
3.70778e-05
4.09587e-05
4.53239e-05
4.60513e-07
1.63586e-06
3.65728e-06
6.37845e-06
9.64222e-06
1.30962e-05
1.64115e-05
1.95162e-05
2.22773e-05
2.46121e-05
2.692e-05
2.95342e-05
3.24289e-05
3.56805e-05
3.93332e-05
4.34348e-05
4.80336e-05
3.51596e-07
1.40267e-06
3.50214e-06
6.5253e-06
9.98344e-06
1.35266e-05
1.70732e-05
2.04804e-05
2.36054e-05
2.62546e-05
2.86962e-05
3.13628e-05
3.43204e-05
3.76706e-05
4.14698e-05
4.57406e-05
5.05439e-05
2.63071e-07
1.1914e-06
3.29937e-06
6.44046e-06
1.00377e-05
1.37157e-05
1.74619e-05
2.11308e-05
2.46069e-05
2.77436e-05
3.04295e-05
3.30663e-05
3.60703e-05
3.94935e-05
4.33956e-05
4.78146e-05
5.27837e-05
1.98922e-07
1.01618e-06
3.07609e-06
6.22475e-06
9.89953e-06
1.36886e-05
1.75994e-05
2.14884e-05
2.52499e-05
2.87598e-05
3.18818e-05
3.46511e-05
3.75838e-05
4.10701e-05
4.50528e-05
4.95918e-05
5.46993e-05
1.47582e-07
8.95826e-07
2.87011e-06
5.95815e-06
9.67038e-06
1.35472e-05
1.75817e-05
2.16516e-05
2.56428e-05
2.94328e-05
3.28766e-05
3.58213e-05
3.88273e-05
4.23781e-05
4.64432e-05
5.10798e-05
5.63185e-05
9.14584e-08
7.3921e-07
2.60446e-06
5.62121e-06
9.31925e-06
1.32312e-05
1.73464e-05
2.15316e-05
2.56786e-05
2.96755e-05
3.33378e-05
3.64615e-05
3.95592e-05
4.31589e-05
4.72875e-05
5.19613e-05
5.73171e-05
3.00509e-08
5.75463e-07
2.34623e-06
5.29141e-06
8.97117e-06
1.28805e-05
1.70242e-05
2.1261e-05
2.54949e-05
2.9598e-05
3.33657e-05
3.65664e-05
3.97026e-05
4.33644e-05
4.74946e-05
5.22366e-05
5.76483e-05
2.3806e-05
2.46078e-05
2.52862e-05
1.49782e-06
4.07118e-06
6.2832e-06
8.27315e-06
1.01235e-05
1.18861e-05
1.35807e-05
1.52e-05
1.6744e-05
1.82026e-05
1.95808e-05
2.08558e-05
2.2041e-05
2.31335e-05
2.41044e-05
2.49736e-05
2.5744e-05
1.48511e-06
4.02773e-06
6.19242e-06
8.16478e-06
1.00451e-05
1.18765e-05
1.36531e-05
1.53511e-05
1.69561e-05
1.84554e-05
1.98488e-05
2.11283e-05
2.22997e-05
2.33758e-05
2.43741e-05
2.53084e-05
2.6168e-05
1.41977e-06
3.84582e-06
5.90855e-06
7.83968e-06
9.75547e-06
1.16879e-05
1.35886e-05
1.5401e-05
1.70975e-05
1.86537e-05
2.00736e-05
2.13661e-05
2.25492e-05
2.36432e-05
2.46708e-05
2.56593e-05
2.65989e-05
1.29894e-06
3.52376e-06
5.43532e-06
7.31211e-06
9.28108e-06
1.13667e-05
1.34638e-05
1.54367e-05
1.72532e-05
1.88755e-05
2.03217e-05
2.16326e-05
2.28257e-05
2.39408e-05
2.50165e-05
2.60602e-05
2.7078e-05
1.08712e-06
3.02608e-06
4.76086e-06
6.57021e-06
8.64913e-06
1.10947e-05
1.35054e-05
1.56468e-05
1.75681e-05
1.91687e-05
2.05915e-05
2.19414e-05
2.31614e-05
2.42898e-05
2.53938e-05
2.64988e-05
2.75956e-05
9.08273e-07
2.56712e-06
4.10766e-06
5.88406e-06
8.17827e-06
1.06815e-05
1.30252e-05
1.52836e-05
1.73734e-05
1.9253e-05
2.09411e-05
2.24215e-05
2.3591e-05
2.4671e-05
2.58332e-05
2.69845e-05
2.81654e-05
7.79598e-07
2.21577e-06
3.6208e-06
5.37891e-06
7.6717e-06
1.01159e-05
1.24448e-05
1.47829e-05
1.69619e-05
1.88931e-05
2.06768e-05
2.23109e-05
2.37878e-05
2.5122e-05
2.62918e-05
2.74623e-05
2.87653e-05
6.48482e-07
1.888e-06
3.29646e-06
5.17045e-06
7.37164e-06
9.64218e-06
1.19322e-05
1.44432e-05
1.65834e-05
1.83475e-05
2.01799e-05
2.18251e-05
2.33999e-05
2.49561e-05
2.64951e-05
2.80207e-05
2.95806e-05
6.36317e-07
1.82638e-06
3.22525e-06
5.13017e-06
7.28741e-06
9.38869e-06
1.15404e-05
1.37648e-05
1.58878e-05
1.81102e-05
1.99754e-05
2.14183e-05
2.30351e-05
2.47096e-05
2.64979e-05
2.83098e-05
3.00875e-05
6.69903e-07
1.93087e-06
3.5139e-06
5.4124e-06
7.38631e-06
9.35947e-06
1.13836e-05
1.34283e-05
1.54241e-05
1.74452e-05
1.93466e-05
2.1075e-05
2.28068e-05
2.46221e-05
2.68067e-05
2.88503e-05
3.07652e-05
7.30894e-07
2.06716e-06
3.7749e-06
5.72761e-06
7.6317e-06
9.53093e-06
1.14677e-05
1.3414e-05
1.53408e-05
1.72795e-05
1.91684e-05
2.10077e-05
2.28771e-05
2.48418e-05
2.69946e-05
2.92985e-05
3.18609e-05
7.49927e-07
2.17965e-06
4.03355e-06
6.04042e-06
7.92503e-06
9.81547e-06
1.1709e-05
1.36015e-05
1.55182e-05
1.74572e-05
1.93942e-05
2.13468e-05
2.3361e-05
2.54926e-05
2.77914e-05
3.02839e-05
3.30241e-05
8.04928e-07
2.45543e-06
4.3949e-06
6.34833e-06
8.26679e-06
1.01524e-05
1.206e-05
1.39933e-05
1.59542e-05
1.79392e-05
1.99538e-05
2.20218e-05
2.42022e-05
2.65295e-05
2.90385e-05
3.18012e-05
3.48291e-05
8.53175e-07
2.61529e-06
4.62879e-06
6.61163e-06
8.60797e-06
1.05895e-05
1.26046e-05
1.46315e-05
1.66642e-05
1.87248e-05
2.08355e-05
2.30397e-05
2.53778e-05
2.78936e-05
3.06516e-05
3.36904e-05
3.7064e-05
1.01326e-06
2.82698e-06
4.76328e-06
6.82299e-06
8.95675e-06
1.11367e-05
1.33443e-05
1.55161e-05
1.76548e-05
1.9803e-05
2.20127e-05
2.43355e-05
2.68388e-05
2.95659e-05
3.25659e-05
3.59048e-05
3.96217e-05
1.00233e-06
2.78956e-06
4.77894e-06
6.9596e-06
9.29653e-06
1.17995e-05
1.43214e-05
1.66929e-05
1.89304e-05
2.11589e-05
2.34586e-05
2.59063e-05
2.85588e-05
3.14738e-05
3.47219e-05
3.83344e-05
4.23947e-05
9.00396e-07
2.56238e-06
4.58695e-06
6.95963e-06
9.66932e-06
1.26995e-05
1.56627e-05
1.81712e-05
2.0424e-05
2.27119e-05
2.50778e-05
2.76134e-05
3.03977e-05
3.3491e-05
3.69437e-05
4.08166e-05
4.51631e-05
7.53699e-07
2.25513e-06
4.33113e-06
6.97265e-06
1.00812e-05
1.34061e-05
1.66413e-05
1.95975e-05
2.20988e-05
2.43925e-05
2.68151e-05
2.94288e-05
3.23123e-05
3.55375e-05
3.91747e-05
4.32553e-05
4.78485e-05
6.08928e-07
1.95087e-06
4.11989e-06
7.05964e-06
1.03932e-05
1.38497e-05
1.72997e-05
2.0593e-05
2.35901e-05
2.61327e-05
2.85425e-05
3.12027e-05
3.41604e-05
3.74953e-05
4.12694e-05
4.55334e-05
5.0322e-05
5.01291e-07
1.69798e-06
3.85694e-06
6.94533e-06
1.04582e-05
1.40462e-05
1.76905e-05
2.12564e-05
2.46238e-05
2.76688e-05
3.02573e-05
3.28525e-05
3.58602e-05
3.92684e-05
4.31634e-05
4.75756e-05
5.25327e-05
4.24175e-07
1.50772e-06
3.62998e-06
6.75582e-06
1.03493e-05
1.40434e-05
1.78458e-05
2.16293e-05
2.52839e-05
2.86714e-05
3.15522e-05
3.42635e-05
3.73117e-05
4.07892e-05
4.47863e-05
4.93209e-05
5.44181e-05
3.70082e-07
1.38465e-06
3.43822e-06
6.51196e-06
1.01448e-05
1.3917e-05
1.78354e-05
2.17853e-05
2.56553e-05
2.93332e-05
3.2635e-05
3.551e-05
3.84913e-05
4.20657e-05
4.6151e-05
5.0782e-05
5.60395e-05
3.08334e-07
1.21603e-06
3.1813e-06
6.18644e-06
9.81961e-06
1.36129e-05
1.75989e-05
2.16443e-05
2.56673e-05
2.95353e-05
3.30765e-05
3.60746e-05
3.91374e-05
4.27903e-05
4.69243e-05
5.16503e-05
5.70036e-05
2.18611e-07
1.01907e-06
2.89418e-06
5.84221e-06
9.44807e-06
1.32525e-05
1.72574e-05
2.13547e-05
2.54457e-05
2.94183e-05
3.30569e-05
3.61186e-05
3.9244e-05
4.29193e-05
4.71048e-05
5.1888e-05
5.72903e-05
1.61585e-05
2.43729e-05
2.46736e-05
2.48705e-05
2.49762e-05
2.49769e-05
2.48687e-05
2.46503e-05
2.4293e-05
2.37682e-05
2.30704e-05
2.22151e-05
2.12374e-05
2.02371e-05
1.94023e-05
1.86203e-05
1.80338e-05
2.49494e-05
2.5336e-05
2.5625e-05
2.58171e-05
2.59302e-05
2.59618e-05
2.58888e-05
2.56929e-05
2.53494e-05
2.48514e-05
2.42122e-05
2.34733e-05
2.27146e-05
2.20846e-05
2.15332e-05
2.11745e-05
2.5682e-05
2.61536e-05
2.65442e-05
2.68775e-05
2.71369e-05
2.73214e-05
2.74242e-05
2.74061e-05
2.7253e-05
2.69719e-05
2.65912e-05
2.61415e-05
2.56936e-05
2.53752e-05
2.51193e-05
2.506e-05
2.64165e-05
2.70095e-05
2.75419e-05
2.80213e-05
2.84644e-05
2.88517e-05
2.91228e-05
2.9271e-05
2.93024e-05
2.92438e-05
2.91219e-05
2.89819e-05
2.88793e-05
2.88872e-05
2.89989e-05
2.92715e-05
2.72158e-05
2.79342e-05
2.86177e-05
2.9294e-05
2.9951e-05
3.05501e-05
3.10168e-05
3.13331e-05
3.15463e-05
3.17107e-05
3.18737e-05
3.20594e-05
3.23099e-05
3.27081e-05
3.32e-05
3.38475e-05
2.80079e-05
2.88822e-05
2.97646e-05
3.06244e-05
3.15411e-05
3.24631e-05
3.31444e-05
3.36016e-05
3.39972e-05
3.44117e-05
3.48852e-05
3.54392e-05
3.60801e-05
3.68512e-05
3.77366e-05
3.87418e-05
2.88135e-05
2.98734e-05
3.09582e-05
3.19608e-05
3.32936e-05
3.48475e-05
3.56956e-05
3.61602e-05
3.6776e-05
3.74927e-05
3.8347e-05
3.93212e-05
4.03863e-05
4.15753e-05
4.28474e-05
4.42089e-05
4.5652e-05
2.96752e-05
3.10191e-05
3.23747e-05
3.426e-05
3.60984e-05
3.72645e-05
3.82199e-05
3.90672e-05
4.00268e-05
4.11606e-05
4.24784e-05
4.39688e-05
4.55545e-05
4.71896e-05
4.88798e-05
5.05962e-05
5.22824e-05
3.06761e-05
3.23943e-05
3.46681e-05
3.7169e-05
3.8979e-05
4.02077e-05
4.12133e-05
4.2337e-05
4.368e-05
4.52859e-05
4.71505e-05
4.92278e-05
5.1389e-05
5.35406e-05
5.5666e-05
5.76997e-05
5.96601e-05
3.15038e-05
3.38914e-05
3.66413e-05
3.95872e-05
4.17542e-05
4.31852e-05
4.44887e-05
4.58569e-05
4.76358e-05
4.97951e-05
5.22919e-05
5.50919e-05
5.7979e-05
6.06592e-05
6.31927e-05
6.54905e-05
6.7378e-05
3.25984e-05
3.55218e-05
3.89153e-05
4.19155e-05
4.41138e-05
4.61535e-05
4.81011e-05
5.00171e-05
5.22873e-05
5.51451e-05
5.82813e-05
6.14787e-05
6.47113e-05
6.77876e-05
7.06003e-05
7.30313e-05
7.49183e-05
3.41554e-05
3.7496e-05
4.13015e-05
4.45218e-05
4.69398e-05
4.94157e-05
5.19446e-05
5.46243e-05
5.75782e-05
6.08564e-05
6.43484e-05
6.79347e-05
7.14918e-05
7.48032e-05
7.78275e-05
8.03959e-05
8.2241e-05
3.62317e-05
3.99312e-05
4.40552e-05
4.75569e-05
5.02828e-05
5.31597e-05
5.6198e-05
5.94449e-05
6.29356e-05
6.66485e-05
7.05052e-05
7.43946e-05
7.81824e-05
8.16913e-05
8.48475e-05
8.74488e-05
8.931e-05
3.87639e-05
4.27874e-05
4.72115e-05
5.09775e-05
5.40442e-05
5.73394e-05
6.0828e-05
6.45451e-05
6.84688e-05
7.25447e-05
7.66954e-05
8.08234e-05
8.47899e-05
8.83875e-05
9.15985e-05
9.4221e-05
9.59861e-05
4.16353e-05
4.60194e-05
5.06691e-05
5.46687e-05
5.80976e-05
6.18016e-05
6.57201e-05
6.9843e-05
7.41169e-05
7.84797e-05
8.2862e-05
8.71556e-05
9.12262e-05
9.48731e-05
9.80842e-05
0.000100595
0.000102259
4.47899e-05
4.96697e-05
5.43262e-05
5.83543e-05
6.23316e-05
6.64544e-05
7.07571e-05
7.52188e-05
7.97779e-05
8.43703e-05
8.89145e-05
9.33238e-05
9.74569e-05
0.000101093
0.000104226
0.000106607
0.000107943
4.80149e-05
5.32512e-05
5.80605e-05
6.22606e-05
6.66191e-05
7.11066e-05
7.57503e-05
8.04995e-05
8.52876e-05
9.00495e-05
9.47129e-05
9.91838e-05
0.000103327
0.000106926
0.000109971
0.000112168
0.000113342
5.12067e-05
5.67078e-05
6.17397e-05
6.61675e-05
7.08287e-05
7.56365e-05
8.05586e-05
8.55388e-05
9.05108e-05
9.54046e-05
0.000100147
0.000104652
0.000108792
0.000112332
0.00011527
0.000117362
0.000118374
5.42566e-05
5.99796e-05
6.52156e-05
6.9895e-05
7.48223e-05
7.98831e-05
8.50462e-05
9.02229e-05
9.53407e-05
0.000100333
0.00010514
0.000109667
0.000113793
0.000117279
0.000120132
0.000122088
0.000123026
5.71426e-05
6.30223e-05
6.83818e-05
7.32861e-05
7.84623e-05
8.37514e-05
8.91081e-05
9.44455e-05
9.96823e-05
0.000104764
0.000109621
0.000114178
0.000118309
0.000121751
0.000124508
0.000126361
0.000127177
5.99268e-05
6.57073e-05
7.09692e-05
7.625e-05
8.16387e-05
8.71176e-05
9.26363e-05
9.811e-05
0.000103453
0.000108615
0.000113529
0.00011812
0.000122257
0.000125688
0.000128364
0.00012994
0.000130672
6.21755e-05
6.79611e-05
7.3231e-05
7.86789e-05
8.42346e-05
8.98614e-05
9.55017e-05
0.000101082
0.000106529
0.000111766
0.000116742
0.000121373
0.000125539
0.000128941
0.000131541
0.000133004
0.000133624
6.38754e-05
6.96966e-05
7.50093e-05
8.05475e-05
8.62015e-05
9.19214e-05
9.76491e-05
0.000103315
0.000108842
0.00011415
0.000119196
0.00012387
0.000128054
0.000131427
0.00013396
0.000135308
0.000135868
6.48269e-05
7.06765e-05
7.59805e-05
8.15545e-05
8.72344e-05
9.30101e-05
9.87841e-05
0.000104511
0.000110106
0.000115502
0.000120603
0.000125327
0.000129502
0.000132851
0.000135314
0.000136595
0.000137143
6.50519e-05
7.08386e-05
7.61202e-05
8.16918e-05
8.7381e-05
9.31731e-05
9.89756e-05
0.000104729
0.00011037
0.000115828
0.000120995
0.000125753
0.000129934
0.000133275
0.000135713
0.000136993
0.000137548
2.48318e-05
2.51674e-05
2.53808e-05
2.54766e-05
2.54535e-05
2.53285e-05
2.50826e-05
2.47117e-05
2.41953e-05
2.35407e-05
2.27425e-05
2.18317e-05
2.09195e-05
2.01e-05
1.93425e-05
1.87596e-05
2.54186e-05
2.58533e-05
2.61624e-05
2.63631e-05
2.6458e-05
2.64561e-05
2.63606e-05
2.61533e-05
2.58176e-05
2.53449e-05
2.4758e-05
2.40769e-05
2.33823e-05
2.278e-05
2.22413e-05
2.18626e-05
2.60847e-05
2.66155e-05
2.70418e-05
2.73717e-05
2.76181e-05
2.77886e-05
2.78626e-05
2.78329e-05
2.76876e-05
2.74367e-05
2.70851e-05
2.66821e-05
2.62828e-05
2.59811e-05
2.5744e-05
2.56503e-05
2.67752e-05
2.74129e-05
2.79707e-05
2.8465e-05
2.88968e-05
2.92489e-05
2.95123e-05
2.96658e-05
2.97155e-05
2.96726e-05
2.95767e-05
2.94609e-05
2.93845e-05
2.94226e-05
2.95382e-05
2.98014e-05
2.74826e-05
2.82467e-05
2.89692e-05
2.96508e-05
3.02931e-05
3.08653e-05
3.1319e-05
3.16552e-05
3.18933e-05
3.20795e-05
3.22491e-05
3.24415e-05
3.27094e-05
3.3109e-05
3.36038e-05
3.42298e-05
2.82252e-05
2.91398e-05
3.00462e-05
3.09653e-05
3.18594e-05
3.26669e-05
3.33365e-05
3.38593e-05
3.43075e-05
3.47326e-05
3.52029e-05
3.57387e-05
3.63647e-05
3.71337e-05
3.79974e-05
3.9008e-05
2.89786e-05
3.00871e-05
3.12156e-05
3.24279e-05
3.36857e-05
3.47923e-05
3.56503e-05
3.63577e-05
3.70352e-05
3.77697e-05
3.85927e-05
3.95259e-05
4.05589e-05
4.17093e-05
4.29635e-05
4.4315e-05
2.97947e-05
3.11662e-05
3.2498e-05
3.43403e-05
3.6135e-05
3.7279e-05
3.83162e-05
3.92518e-05
4.0234e-05
4.13334e-05
4.25897e-05
4.39867e-05
4.54861e-05
4.70939e-05
4.87273e-05
5.04042e-05
5.21446e-05
3.07899e-05
3.25937e-05
3.45509e-05
3.67878e-05
3.88459e-05
4.02571e-05
4.13572e-05
4.25269e-05
4.38575e-05
4.53997e-05
4.71487e-05
4.90786e-05
5.11296e-05
5.32153e-05
5.52607e-05
5.72425e-05
5.90985e-05
3.15068e-05
3.37976e-05
3.63339e-05
3.92037e-05
4.15525e-05
4.32074e-05
4.46434e-05
4.60776e-05
4.78373e-05
4.98677e-05
5.21667e-05
5.46944e-05
5.74165e-05
6.00805e-05
6.25491e-05
6.47936e-05
6.67788e-05
3.2502e-05
3.5264e-05
3.84913e-05
4.14576e-05
4.38556e-05
4.60956e-05
4.81564e-05
5.02632e-05
5.25966e-05
5.52206e-05
5.80706e-05
6.10658e-05
6.41562e-05
6.7151e-05
6.9897e-05
7.23238e-05
7.4257e-05
3.40113e-05
3.72104e-05
4.0896e-05
4.41508e-05
4.67386e-05
4.93276e-05
5.19161e-05
5.46357e-05
5.75663e-05
6.0718e-05
6.40533e-05
6.7483e-05
7.09201e-05
7.41974e-05
7.71692e-05
7.97045e-05
8.16397e-05
3.60301e-05
3.96289e-05
4.37112e-05
4.72433e-05
5.00788e-05
5.30478e-05
5.61102e-05
5.9357e-05
6.28048e-05
6.64339e-05
7.01797e-05
7.39623e-05
7.76739e-05
8.11306e-05
8.42439e-05
8.68728e-05
8.87474e-05
3.85052e-05
4.24753e-05
4.6886e-05
5.07038e-05
5.38461e-05
5.71859e-05
6.06934e-05
6.43992e-05
6.82894e-05
7.23028e-05
7.63847e-05
8.04431e-05
8.43552e-05
8.79364e-05
9.11197e-05
9.3709e-05
9.55495e-05
4.13393e-05
4.56604e-05
5.03488e-05
5.44229e-05
5.78948e-05
6.16271e-05
6.5541e-05
6.96495e-05
7.38972e-05
7.82344e-05
8.25764e-05
8.68408e-05
9.08833e-05
9.44987e-05
9.76825e-05
0.000100238
0.000101926
4.44407e-05
4.91533e-05
5.40226e-05
5.8274e-05
6.21088e-05
6.62239e-05
7.05216e-05
7.49777e-05
7.95324e-05
8.41153e-05
8.86582e-05
9.30634e-05
9.7178e-05
0.000100804
0.000103932
0.000106319
0.000107824
4.76965e-05
5.28881e-05
5.77563e-05
6.20197e-05
6.63465e-05
7.08323e-05
7.54697e-05
8.02198e-05
8.50194e-05
8.9805e-05
9.44899e-05
9.89825e-05
0.000103126
0.000106727
0.000109779
0.000112003
0.00011316
5.08875e-05
5.63848e-05
6.14298e-05
6.58688e-05
7.05102e-05
7.52933e-05
8.02117e-05
8.52016e-05
9.02004e-05
9.51306e-05
9.99199e-05
0.000104472
0.000108625
0.000112172
0.000115139
0.000117214
0.000118227
5.3918e-05
5.96297e-05
6.48778e-05
6.95388e-05
7.44353e-05
7.94723e-05
8.46127e-05
8.97951e-05
9.49456e-05
9.99961e-05
0.000104861
0.000109457
0.000113617
0.000117114
0.000120008
0.000121988
0.000122882
5.67391e-05
6.26182e-05
6.80251e-05
7.28935e-05
7.80152e-05
8.32514e-05
8.85796e-05
9.39202e-05
9.9201e-05
0.000104341
0.000109271
0.000113901
0.00011807
0.000121543
0.000124363
0.000126242
0.000127065
5.93115e-05
6.52797e-05
7.07161e-05
7.57838e-05
8.10941e-05
8.65147e-05
9.19964e-05
9.74706e-05
0.000102857
0.000108086
0.000113073
0.00011774
0.000121929
0.000125399
0.000128153
0.000129911
0.000130634
6.16566e-05
6.74859e-05
7.27946e-05
7.81527e-05
8.36191e-05
8.91872e-05
9.47968e-05
0.000100383
0.000105866
0.000111171
0.00011622
0.000120935
0.00012515
0.000128612
0.000131285
0.000132786
0.000133438
6.33966e-05
6.91969e-05
7.44793e-05
7.99367e-05
8.55213e-05
9.1191e-05
9.68983e-05
0.000102569
0.000108133
0.000113511
0.000118626
0.000123384
0.000127623
0.00013105
0.000133629
0.000134991
0.000135569
6.43986e-05
7.01782e-05
7.54347e-05
8.09292e-05
8.65572e-05
9.22802e-05
9.80446e-05
0.000103773
0.000109406
0.000114856
0.000120031
0.000124821
0.000129059
0.000132452
0.000134949
0.000136234
0.000136803
6.46977e-05
7.04328e-05
7.56496e-05
8.11488e-05
8.67805e-05
9.25224e-05
9.83153e-05
0.000104082
0.000109755
0.00011526
0.00012049
0.000125303
0.000129538
0.000132924
0.000135382
0.000136643
0.000137233
2.53866e-05
2.57333e-05
2.59586e-05
2.60605e-05
2.60466e-05
2.59104e-05
2.56495e-05
2.52683e-05
2.47842e-05
2.41861e-05
2.34887e-05
2.27241e-05
2.19406e-05
2.12271e-05
2.05215e-05
1.99172e-05
2.59626e-05
2.64268e-05
2.67739e-05
2.69976e-05
2.71015e-05
2.70908e-05
2.69756e-05
2.6752e-05
2.64227e-05
2.59976e-05
2.54856e-05
2.49086e-05
2.43174e-05
2.38056e-05
2.33117e-05
2.2928e-05
2.65338e-05
2.71369e-05
2.7616e-05
2.79739e-05
2.82295e-05
2.8388e-05
2.84407e-05
2.83964e-05
2.82623e-05
2.80395e-05
2.77453e-05
2.74093e-05
2.70888e-05
2.68399e-05
2.66378e-05
2.65299e-05
2.71456e-05
2.7857e-05
2.84692e-05
2.89935e-05
2.94254e-05
2.97642e-05
3.00124e-05
3.01661e-05
3.02263e-05
3.022e-05
3.01685e-05
3.00923e-05
3.0058e-05
3.01359e-05
3.02569e-05
3.04965e-05
2.77729e-05
2.8607e-05
2.93772e-05
3.0083e-05
3.07242e-05
3.12781e-05
3.17283e-05
3.20809e-05
3.23583e-05
3.25765e-05
3.2772e-05
3.29909e-05
3.32779e-05
3.36827e-05
3.41712e-05
3.47615e-05
2.84509e-05
2.94217e-05
3.03675e-05
3.13069e-05
3.21975e-05
3.29917e-05
3.36669e-05
3.42375e-05
3.47314e-05
3.52022e-05
3.56884e-05
3.62189e-05
3.68409e-05
3.76115e-05
3.84691e-05
3.94461e-05
2.91531e-05
3.03007e-05
3.14694e-05
3.26935e-05
3.39242e-05
3.50209e-05
3.59187e-05
3.67061e-05
3.74533e-05
3.82105e-05
3.90199e-05
3.99206e-05
4.09205e-05
4.20548e-05
4.32886e-05
4.46168e-05
2.99108e-05
3.12745e-05
3.26841e-05
3.43237e-05
3.60465e-05
3.74738e-05
3.85815e-05
3.95816e-05
4.05886e-05
4.16758e-05
4.28714e-05
4.41706e-05
4.55694e-05
4.70956e-05
4.86852e-05
5.03265e-05
3.08589e-05
3.24756e-05
3.41074e-05
3.62779e-05
3.88752e-05
4.05681e-05
4.16244e-05
4.28295e-05
4.41209e-05
4.55728e-05
4.71827e-05
4.89416e-05
5.07682e-05
5.26518e-05
5.46024e-05
5.65607e-05
3.15446e-05
3.34037e-05
3.56402e-05
3.84258e-05
4.13346e-05
4.35658e-05
4.50652e-05
4.65205e-05
4.8101e-05
4.99879e-05
5.20751e-05
5.43111e-05
5.65982e-05
5.89152e-05
6.12071e-05
6.34638e-05
6.57583e-05
3.24913e-05
3.489e-05
3.76141e-05
4.06424e-05
4.37385e-05
4.63201e-05
4.83299e-05
5.04264e-05
5.26699e-05
5.51175e-05
5.77299e-05
6.04596e-05
6.32378e-05
6.59437e-05
6.85452e-05
7.09628e-05
7.31529e-05
3.39013e-05
3.68042e-05
4.00831e-05
4.35677e-05
4.66596e-05
4.93238e-05
5.19499e-05
5.46238e-05
5.74483e-05
6.04389e-05
6.35608e-05
6.67415e-05
6.99352e-05
7.30089e-05
7.58561e-05
7.84203e-05
8.05719e-05
3.58333e-05
3.92396e-05
4.31572e-05
4.6784e-05
4.98883e-05
5.29538e-05
5.60434e-05
5.92475e-05
6.26022e-05
6.60846e-05
6.96529e-05
7.32452e-05
7.67831e-05
8.01035e-05
8.31474e-05
8.57643e-05
8.77831e-05
3.82385e-05
4.20983e-05
4.64607e-05
5.03422e-05
5.36058e-05
5.70227e-05
6.05456e-05
6.4217e-05
6.8021e-05
7.19328e-05
7.58917e-05
7.98133e-05
8.36037e-05
8.71091e-05
9.02502e-05
9.28606e-05
9.47707e-05
4.10243e-05
4.52929e-05
4.99792e-05
5.41026e-05
5.76395e-05
6.14087e-05
6.53218e-05
6.93957e-05
7.35968e-05
7.78666e-05
8.21351e-05
8.63253e-05
9.0306e-05
9.3893e-05
9.70536e-05
9.95894e-05
0.000101332
4.40995e-05
4.87842e-05
5.36722e-05
5.79568e-05
6.1811e-05
6.59402e-05
7.02245e-05
7.46575e-05
7.91844e-05
8.37478e-05
8.82691e-05
9.26478e-05
9.67403e-05
0.000100354
0.000103482
0.000105886
0.000107418
4.73362e-05
5.25171e-05
5.73954e-05
6.167e-05
6.59946e-05
7.04635e-05
7.50801e-05
7.98156e-05
8.46202e-05
8.9416e-05
9.41199e-05
9.86359e-05
0.000102798
0.000106402
0.000109468
0.00011171
0.00011287
5.05061e-05
5.59914e-05
6.10354e-05
6.54593e-05
7.00694e-05
7.48177e-05
7.97102e-05
8.46968e-05
8.9713e-05
9.46887e-05
9.95325e-05
0.000104138
0.000108333
0.00011191
0.000114909
0.000117008
0.000118014
5.35005e-05
5.92025e-05
6.44344e-05
6.9052e-05
7.38938e-05
7.88752e-05
8.39847e-05
8.91675e-05
9.4358e-05
9.94703e-05
0.000104412
0.000109086
0.000113309
0.000116855
0.000119791
0.000121802
0.000122679
5.62569e-05
6.21299e-05
6.75159e-05
7.2316e-05
7.73506e-05
8.25185e-05
8.78079e-05
9.31529e-05
9.84765e-05
0.000103696
0.00010872
0.000113441
0.000117686
0.00012122
0.000124105
0.000126034
0.000126844
5.87149e-05
6.47036e-05
7.01739e-05
7.5123e-05
8.03132e-05
8.56454e-05
9.10817e-05
9.656e-05
0.000101996
0.000107306
0.000112389
0.000117158
0.000121432
0.000124962
0.000127793
0.00012965
0.000130391
6.08706e-05
6.68777e-05
7.23097e-05
7.73865e-05
8.27234e-05
8.8193e-05
9.37583e-05
9.93512e-05
0.000104878
0.000110262
0.00011541
0.000120223
0.000124519
0.000128047
0.000130815
0.000132535
0.000133217
6.27657e-05
6.85433e-05
7.37863e-05
7.9103e-05
8.45687e-05
9.01513e-05
9.58204e-05
0.000101497
0.000107106
0.000112557
0.000117767
0.000122616
0.000126925
0.00013042
0.000133072
0.000134514
0.00013514
6.38476e-05
6.95516e-05
7.47204e-05
8.00983e-05
8.56257e-05
9.12724e-05
9.70036e-05
0.000102742
0.000108411
0.000113923
0.000119184
0.000124049
0.000128358
0.000131811
0.000134363
0.000135697
0.000136315
6.41833e-05
6.98596e-05
7.49801e-05
8.03771e-05
8.59101e-05
9.15849e-05
9.73457e-05
0.000103117
0.000108823
0.000114383
0.000119679
0.000124561
0.000128862
0.0001323
0.000134803
0.000136109
0.000136746
2.56978e-05
2.60683e-05
2.63089e-05
2.64317e-05
2.64295e-05
2.6298e-05
2.60527e-05
2.56994e-05
2.52488e-05
2.47091e-05
2.41155e-05
2.34667e-05
2.28194e-05
2.22373e-05
2.16014e-05
2.09895e-05
2.62697e-05
2.67848e-05
2.71604e-05
2.74098e-05
2.75317e-05
2.75364e-05
2.74263e-05
2.72116e-05
2.69067e-05
2.65265e-05
2.60859e-05
2.55982e-05
2.51165e-05
2.47151e-05
2.42687e-05
2.38849e-05
2.68275e-05
2.74709e-05
2.79922e-05
2.83855e-05
2.86619e-05
2.88247e-05
2.88824e-05
2.88439e-05
2.87248e-05
2.85341e-05
2.82961e-05
2.80254e-05
2.77714e-05
2.7596e-05
2.74268e-05
2.73298e-05
2.73787e-05
2.81422e-05
2.88025e-05
2.93562e-05
2.98037e-05
3.01514e-05
3.03992e-05
3.05586e-05
3.064e-05
3.06687e-05
3.06516e-05
3.0627e-05
3.06355e-05
3.07498e-05
3.08904e-05
3.11161e-05
2.79661e-05
2.88491e-05
2.96573e-05
3.03904e-05
3.10426e-05
3.15977e-05
3.20572e-05
3.24286e-05
3.27336e-05
3.29878e-05
3.32235e-05
3.34704e-05
3.37779e-05
3.41963e-05
3.46838e-05
3.52578e-05
2.85972e-05
2.96066e-05
3.05846e-05
3.15334e-05
3.24343e-05
3.32409e-05
3.39328e-05
3.45347e-05
3.50731e-05
3.55834e-05
3.60917e-05
3.66386e-05
3.72693e-05
3.80377e-05
3.88859e-05
3.98307e-05
2.92857e-05
3.04444e-05
3.16146e-05
3.28373e-05
3.40731e-05
3.51936e-05
3.61428e-05
3.69822e-05
3.77706e-05
3.85522e-05
3.93737e-05
4.02574e-05
4.12402e-05
4.23566e-05
4.35751e-05
4.48789e-05
3.00263e-05
3.13619e-05
3.27349e-05
3.43184e-05
3.60491e-05
3.75841e-05
3.87886e-05
3.98353e-05
4.08657e-05
4.19531e-05
4.31052e-05
4.43542e-05
4.56886e-05
4.71565e-05
4.87191e-05
5.03505e-05
3.1023e-05
3.25312e-05
3.39739e-05
3.60567e-05
3.87417e-05
4.06507e-05
4.18941e-05
4.31197e-05
4.43762e-05
4.57706e-05
4.72926e-05
4.89284e-05
5.06104e-05
5.23728e-05
5.42521e-05
5.61917e-05
3.17815e-05
3.34622e-05
3.52602e-05
3.78153e-05
4.08692e-05
4.36212e-05
4.5545e-05
4.68174e-05
4.83067e-05
5.00751e-05
5.20062e-05
5.40453e-05
5.60967e-05
5.8181e-05
6.03008e-05
6.24818e-05
3.28124e-05
3.45615e-05
3.69493e-05
4.00316e-05
4.32202e-05
4.63643e-05
4.87499e-05
5.06312e-05
5.27583e-05
5.50461e-05
5.74722e-05
5.99482e-05
6.24334e-05
6.483e-05
6.70553e-05
6.93551e-05
7.19181e-05
3.40057e-05
3.65493e-05
3.94805e-05
4.28547e-05
4.63459e-05
4.94731e-05
5.20716e-05
5.4657e-05
5.73578e-05
6.01859e-05
6.31032e-05
6.60572e-05
6.89789e-05
7.17633e-05
7.44024e-05
7.69352e-05
7.93354e-05
3.57924e-05
3.8972e-05
4.25423e-05
4.63361e-05
4.98105e-05
5.2936e-05
5.60372e-05
5.91697e-05
6.24149e-05
6.57532e-05
6.91551e-05
7.25485e-05
7.58757e-05
7.89894e-05
8.18881e-05
8.45197e-05
8.67884e-05
3.81251e-05
4.18533e-05
4.60989e-05
5.00067e-05
5.34319e-05
5.69192e-05
6.04458e-05
6.40694e-05
6.77961e-05
7.16012e-05
7.5429e-05
7.92147e-05
8.28735e-05
8.62446e-05
8.9315e-05
9.19522e-05
9.39697e-05
4.08606e-05
4.50896e-05
4.97055e-05
5.38204e-05
5.74234e-05
6.12291e-05
6.51429e-05
6.91856e-05
7.33306e-05
7.75283e-05
8.17234e-05
8.58292e-05
8.97369e-05
9.32649e-05
9.6394e-05
9.89323e-05
0.000100748
4.39242e-05
4.87138e-05
5.33933e-05
5.75308e-05
6.15553e-05
6.56948e-05
6.99705e-05
7.43756e-05
7.88719e-05
8.34045e-05
8.78903e-05
9.22404e-05
9.63125e-05
9.99165e-05
0.000103051
0.00010545
0.000106874
4.71017e-05
5.22988e-05
5.71238e-05
6.13405e-05
6.56774e-05
7.01296e-05
7.47272e-05
7.94442e-05
8.4235e-05
8.90266e-05
9.37393e-05
9.82657e-05
0.000102444
0.000106066
0.000109149
0.000111387
0.000112559
5.02249e-05
5.56946e-05
6.07097e-05
6.50951e-05
6.96732e-05
7.43881e-05
7.92495e-05
8.42204e-05
8.92411e-05
9.42389e-05
9.91153e-05
0.000103767
0.000108009
0.000111618
0.000114654
0.000116785
0.000117767
5.3179e-05
5.88656e-05
6.40553e-05
6.86246e-05
7.34084e-05
7.83353e-05
8.34094e-05
8.85811e-05
9.37847e-05
9.89341e-05
0.000103936
0.000108675
0.000112963
0.000116563
0.000119549
0.000121576
0.000122456
5.58827e-05
6.17313e-05
6.707e-05
7.17963e-05
7.6753e-05
8.18545e-05
8.71007e-05
9.24324e-05
9.77778e-05
0.00010305
0.000108143
0.000112947
0.000117271
0.000120875
0.000123813
0.000125778
0.000126576
5.82793e-05
6.42393e-05
6.96575e-05
7.45141e-05
7.9609e-05
8.48594e-05
9.02454e-05
9.57101e-05
0.000101171
0.000106537
0.000111701
0.000116556
0.000120909
0.000124508
0.000127402
0.000129302
0.000130065
6.0362e-05
6.63413e-05
7.17266e-05
7.66862e-05
8.19119e-05
8.7295e-05
9.2804e-05
9.83789e-05
0.000103936
0.000109386
0.00011461
0.000119505
0.000123873
0.000127462
0.000130299
0.000132096
0.000132807
6.22571e-05
6.79692e-05
7.31332e-05
7.8343e-05
8.36969e-05
8.91934e-05
9.48056e-05
0.000100468
0.000106106
0.000111613
0.000116902
0.000121813
0.000126193
0.000129748
0.000132459
0.000133958
0.000134634
6.3331e-05
6.89761e-05
7.40562e-05
7.93247e-05
8.47488e-05
9.03139e-05
9.59937e-05
0.000101717
0.000107404
0.000112959
0.000118284
0.000123206
0.00012758
0.000131086
0.000133694
0.000135088
0.000135759
6.36952e-05
6.92912e-05
7.43215e-05
7.96162e-05
8.5052e-05
9.0649e-05
9.63523e-05
0.000102109
0.000107829
0.000113422
0.000118756
0.0001237
0.000128048
0.000131542
0.000134106
0.000135468
0.00013616
2.58149e-05
2.61927e-05
2.64511e-05
2.6587e-05
2.65992e-05
2.64858e-05
2.62572e-05
2.5927e-05
2.5504e-05
2.50208e-05
2.44844e-05
2.3905e-05
2.33255e-05
2.28195e-05
2.22031e-05
2.16122e-05
2.64e-05
2.69235e-05
2.73241e-05
2.7592e-05
2.77305e-05
2.7746e-05
2.76489e-05
2.74557e-05
2.71792e-05
2.68332e-05
2.64341e-05
2.60081e-05
2.5584e-05
2.52429e-05
2.48195e-05
2.44461e-05
2.69342e-05
2.76085e-05
2.81528e-05
2.85682e-05
2.88589e-05
2.90321e-05
2.91001e-05
2.90783e-05
2.89768e-05
2.88133e-05
2.8605e-05
2.83745e-05
2.81616e-05
2.8045e-05
2.7894e-05
2.77925e-05
2.74688e-05
2.82625e-05
2.89474e-05
2.95199e-05
2.99812e-05
3.03359e-05
3.05922e-05
3.07627e-05
3.08662e-05
3.09112e-05
3.09227e-05
3.0931e-05
3.0976e-05
3.11121e-05
3.12657e-05
3.14779e-05
2.80459e-05
2.8952e-05
2.97823e-05
3.05296e-05
3.11908e-05
3.17541e-05
3.22224e-05
3.26094e-05
3.29321e-05
3.32111e-05
3.3471e-05
3.37414e-05
3.40676e-05
3.45113e-05
3.49927e-05
3.5551e-05
2.86612e-05
2.96899e-05
3.06811e-05
3.16401e-05
3.25477e-05
3.33607e-05
3.40667e-05
3.4687e-05
3.52527e-05
3.57825e-05
3.63132e-05
3.68812e-05
3.75259e-05
3.82888e-05
3.91331e-05
4.00519e-05
2.93434e-05
3.0508e-05
3.16812e-05
3.2909e-05
3.41498e-05
3.52758e-05
3.62486e-05
3.7115e-05
3.79234e-05
3.87288e-05
3.95555e-05
4.04443e-05
4.14177e-05
4.25382e-05
4.37462e-05
4.50349e-05
3.00944e-05
3.14079e-05
3.27719e-05
3.4346e-05
3.60846e-05
3.76479e-05
3.88824e-05
3.99524e-05
4.10023e-05
4.20829e-05
4.32272e-05
4.44519e-05
4.57701e-05
4.72127e-05
4.87829e-05
5.04161e-05
3.11174e-05
3.25406e-05
3.39644e-05
3.60693e-05
3.87495e-05
4.07075e-05
4.20002e-05
4.32356e-05
4.44817e-05
4.58481e-05
4.73232e-05
4.88937e-05
5.05053e-05
5.22344e-05
5.40935e-05
5.6035e-05
3.18029e-05
3.32673e-05
3.51765e-05
3.78764e-05
4.07722e-05
4.36844e-05
4.57018e-05
4.69214e-05
4.83624e-05
5.00604e-05
5.19059e-05
5.38497e-05
5.57393e-05
5.76662e-05
5.97346e-05
6.1968e-05
3.27728e-05
3.44338e-05
3.67351e-05
3.98573e-05
4.30513e-05
4.63864e-05
4.89333e-05
5.07829e-05
5.2845e-05
5.50347e-05
5.73353e-05
5.96331e-05
6.17345e-05
6.38278e-05
6.60472e-05
6.84326e-05
3.42703e-05
3.63032e-05
3.90585e-05
4.24909e-05
4.59699e-05
4.95112e-05
5.23623e-05
5.47334e-05
5.73623e-05
6.00799e-05
6.28789e-05
6.56672e-05
6.83821e-05
7.09332e-05
7.32729e-05
7.56826e-05
7.84413e-05
3.58884e-05
3.88677e-05
4.22646e-05
4.59066e-05
4.96507e-05
5.30988e-05
5.60907e-05
5.91502e-05
6.2317e-05
6.55692e-05
6.88607e-05
7.21263e-05
7.53063e-05
7.82916e-05
8.11055e-05
8.37409e-05
8.61128e-05
3.8127e-05
4.17645e-05
4.59387e-05
4.98149e-05
5.33033e-05
5.68953e-05
6.04085e-05
6.3995e-05
6.76691e-05
7.14046e-05
7.51552e-05
7.88534e-05
8.24364e-05
8.5738e-05
8.87674e-05
9.13995e-05
9.35021e-05
4.08038e-05
4.49567e-05
4.95739e-05
5.37066e-05
5.73114e-05
6.11286e-05
6.50358e-05
6.90566e-05
7.31628e-05
7.73193e-05
8.14638e-05
8.55188e-05
8.93856e-05
9.288e-05
9.60124e-05
9.85941e-05
0.00010045
4.37842e-05
4.84175e-05
5.32611e-05
5.75368e-05
6.1404e-05
6.55318e-05
6.97912e-05
7.41789e-05
7.86526e-05
8.3157e-05
8.76207e-05
9.19512e-05
9.6019e-05
9.96218e-05
0.000102756
0.000105196
0.000106789
4.69609e-05
5.21143e-05
5.6941e-05
6.11756e-05
6.54836e-05
6.99184e-05
7.44976e-05
7.92001e-05
8.39759e-05
8.87643e-05
9.34769e-05
9.80094e-05
0.0001022
0.00010584
0.000108942
0.000111226
0.000112414
5.00496e-05
5.55107e-05
6.04998e-05
6.48551e-05
6.94155e-05
7.41086e-05
7.89518e-05
8.39097e-05
8.89297e-05
9.3934e-05
9.88314e-05
0.00010351
0.000107786
0.000111429
0.00011449
0.000116637
0.000117629
5.29824e-05
5.86504e-05
6.38072e-05
6.83356e-05
7.30932e-05
7.79904e-05
8.30417e-05
8.82025e-05
9.34072e-05
9.85767e-05
0.00010361
0.000108391
0.000112722
0.000116359
0.000119378
0.000121442
0.000122314
5.56475e-05
6.14791e-05
6.67711e-05
7.14491e-05
7.63691e-05
8.14336e-05
8.6653e-05
9.19728e-05
9.73248e-05
0.000102619
0.000107754
0.000112608
0.000116983
0.000120618
0.000123611
0.000125591
0.000126404
5.8015e-05
6.39547e-05
6.93118e-05
7.41152e-05
7.9161e-05
8.43712e-05
8.9722e-05
9.51764e-05
0.000100638
0.000106036
0.00011124
0.000116149
0.000120548
0.000124188
0.000127133
0.000129073
0.000129845
6.00631e-05
6.59997e-05
7.13357e-05
7.62301e-05
8.14112e-05
8.6741e-05
9.22175e-05
9.77726e-05
0.000103339
0.000108808
0.000114082
0.000119022
0.000123448
0.000127081
0.000129961
0.000131783
0.000132517
6.19454e-05
6.7597e-05
7.2709e-05
7.78612e-05
8.31613e-05
8.86005e-05
9.4181e-05
9.98198e-05
0.00010547
0.000110999
0.00011633
0.000121282
0.000125714
0.000129301
0.00013205
0.000133576
0.000134275
6.29904e-05
6.85855e-05
7.35907e-05
7.88116e-05
8.4162e-05
8.96837e-05
9.53144e-05
0.000101025
0.000106714
0.000112301
0.000117642
0.000122612
0.000127007
0.000130563
0.000133212
0.000134635
0.000135341
6.33143e-05
6.88472e-05
7.38185e-05
7.90447e-05
8.44231e-05
8.99588e-05
9.56243e-05
0.000101355
0.000107075
0.000112681
0.000118038
0.000123
0.000127385
0.000130926
0.000133541
0.000134951
0.000135682
1.57719e-05
1.61737e-05
1.66367e-05
1.7135e-05
1.76375e-05
1.81659e-05
1.87109e-05
1.92705e-05
1.98295e-05
2.03666e-05
2.0875e-05
2.11742e-05
2.11559e-05
1.77252e-05
1.76618e-05
1.78361e-05
1.82693e-05
1.87667e-05
1.9342e-05
1.99599e-05
2.05576e-05
2.11633e-05
2.17823e-05
2.23967e-05
2.30116e-05
2.36102e-05
2.41758e-05
2.47025e-05
2.50076e-05
2.49977e-05
2.10809e-05
2.12259e-05
2.15571e-05
2.20508e-05
2.2665e-05
2.33073e-05
2.39648e-05
2.46348e-05
2.53035e-05
2.59615e-05
2.66086e-05
2.7251e-05
2.78605e-05
2.84279e-05
2.89452e-05
2.92491e-05
2.9246e-05
2.52182e-05
2.55412e-05
2.60354e-05
2.66243e-05
2.72507e-05
2.79344e-05
2.86439e-05
2.93227e-05
2.99999e-05
3.06674e-05
3.13197e-05
3.19546e-05
3.25493e-05
3.30951e-05
3.35895e-05
3.38732e-05
3.38745e-05
2.97326e-05
3.03473e-05
3.09948e-05
3.16856e-05
3.24112e-05
3.31197e-05
3.38213e-05
3.45115e-05
3.51923e-05
3.58423e-05
3.64725e-05
3.70797e-05
3.76373e-05
3.81406e-05
3.85885e-05
3.88488e-05
3.88539e-05
3.46543e-05
3.55011e-05
3.63834e-05
3.72367e-05
3.7993e-05
3.87314e-05
3.94612e-05
4.01301e-05
4.07815e-05
4.14051e-05
4.20008e-05
4.25582e-05
4.30647e-05
4.35136e-05
4.39082e-05
4.41311e-05
4.41399e-05
3.98624e-05
4.10555e-05
4.21825e-05
4.31729e-05
4.40179e-05
4.475e-05
4.54352e-05
4.60921e-05
4.67113e-05
4.72922e-05
4.78329e-05
4.83307e-05
4.87743e-05
4.91561e-05
4.94794e-05
4.96655e-05
4.96789e-05
4.7108e-05
4.85824e-05
4.97522e-05
5.04625e-05
5.10791e-05
5.17392e-05
5.23439e-05
5.29093e-05
5.34326e-05
5.39119e-05
5.43337e-05
5.47007e-05
5.50093e-05
5.52608e-05
5.53973e-05
5.54116e-05
5.39582e-05
5.52479e-05
5.61511e-05
5.69435e-05
5.76211e-05
5.82356e-05
5.88113e-05
5.93225e-05
5.97757e-05
6.01712e-05
6.051e-05
6.07881e-05
6.10084e-05
6.11733e-05
6.12646e-05
6.12797e-05
6.11544e-05
6.21787e-05
6.30395e-05
6.37303e-05
6.43578e-05
6.49366e-05
6.54383e-05
6.5869e-05
6.6238e-05
6.6549e-05
6.67892e-05
6.69686e-05
6.70951e-05
6.71753e-05
6.7213e-05
6.72215e-05
6.87427e-05
6.95168e-05
7.00702e-05
7.06928e-05
7.12356e-05
7.1709e-05
7.21404e-05
7.24882e-05
7.27621e-05
7.29665e-05
7.31041e-05
7.31799e-05
7.32044e-05
7.31898e-05
7.31794e-05
7.31919e-05
7.59953e-05
7.66079e-05
7.71832e-05
7.76627e-05
7.81119e-05
7.85134e-05
7.88398e-05
7.90839e-05
7.92535e-05
7.93558e-05
7.93831e-05
7.93505e-05
7.92755e-05
7.9172e-05
7.91057e-05
7.91142e-05
8.32133e-05
8.37006e-05
8.41334e-05
8.45587e-05
8.49128e-05
8.51936e-05
8.54312e-05
8.55774e-05
8.56405e-05
8.56299e-05
8.55487e-05
8.54125e-05
8.52417e-05
8.50455e-05
8.49279e-05
8.4938e-05
9.01862e-05
9.05678e-05
9.09521e-05
9.1248e-05
9.15135e-05
9.17149e-05
9.18357e-05
9.1876e-05
9.18385e-05
9.17225e-05
9.15353e-05
9.13012e-05
9.10417e-05
9.07615e-05
9.05903e-05
9.06032e-05
9.68065e-05
9.71341e-05
9.74057e-05
9.766e-05
9.78356e-05
9.79292e-05
9.79666e-05
9.7914e-05
9.77775e-05
9.7562e-05
9.72819e-05
9.69585e-05
9.66144e-05
9.625e-05
9.60361e-05
9.60526e-05
0.000102965
0.000103259
0.000103525
0.000103694
0.000103801
0.00010383
0.000103766
0.000103623
0.000103401
0.000103101
0.000102735
0.000102331
0.000101912
0.000101478
0.00010122
0.000101241
0.000108566
0.000108929
0.000109171
0.000109338
0.000109382
0.00010932
0.000109188
0.000108976
0.000108674
0.000108296
0.000107857
0.000107382
0.000106892
0.000106391
0.0001061
0.000106122
0.000113847
0.000114218
0.000114452
0.000114548
0.000114542
0.000114439
0.000114233
0.000113944
0.000113574
0.000113129
0.000112619
0.000112076
0.000111525
0.000110967
0.000110639
0.000110664
0.000118818
0.000119129
0.000119311
0.000119381
0.000119314
0.000119136
0.000118874
0.000118526
0.000118084
0.000117568
0.000116994
0.000116387
0.000115774
0.000115159
0.000114801
0.000114826
0.000123391
0.000123661
0.0001238
0.000123793
0.00012367
0.000123445
0.000123113
0.000122687
0.000122178
0.000121593
0.000120949
0.00012028
0.000119609
0.000118942
0.000118548
0.000118572
0.000127509
0.00012773
0.000127816
0.000127774
0.00012759
0.000127288
0.000126892
0.0001264
0.000125813
0.000125153
0.000124445
0.000123715
0.000122988
0.000122266
0.000121839
0.000121861
0.000131058
0.000131275
0.000131328
0.000131223
0.000130985
0.00013063
0.000130161
0.00012959
0.000128932
0.000128207
0.000127435
0.000126649
0.000125872
0.000125102
0.000124632
0.00012465
0.000134002
0.000134183
0.000134198
0.000134065
0.000133773
0.000133353
0.000132824
0.000132194
0.000131471
0.000130686
0.000129864
0.000129031
0.000128211
0.000127401
0.000126891
0.000126894
0.000136217
0.000136361
0.000136354
0.000136172
0.000135839
0.00013538
0.000134805
0.000134123
0.000133357
0.000132531
0.000131669
0.000130803
0.000129954
0.00012913
0.000128596
0.000128565
0.000137489
0.00013763
0.000137604
0.000137402
0.000137061
0.000136585
0.000135993
0.000135293
0.000134509
0.000133664
0.000132791
0.000131916
0.000131068
0.000130268
0.000129743
0.000129648
0.000137919
0.000138069
0.000138044
0.000137868
0.000137532
0.000137067
0.00013648
0.000135783
0.000134999
0.000134159
0.000133291
0.000132424
0.000131593
0.000130832
0.000130331
0.000130168
1.66282e-05
1.70557e-05
1.75292e-05
1.80552e-05
1.86188e-05
1.92027e-05
1.97952e-05
2.03696e-05
2.08881e-05
2.11638e-05
2.11375e-05
1.83883e-05
1.82332e-05
1.82328e-05
1.84452e-05
1.88324e-05
1.935e-05
1.98767e-05
2.04421e-05
2.10525e-05
2.1674e-05
2.23076e-05
2.29462e-05
2.35768e-05
2.41781e-05
2.47088e-05
2.50007e-05
2.49945e-05
2.16877e-05
2.1728e-05
2.19399e-05
2.23126e-05
2.27928e-05
2.33445e-05
2.39455e-05
2.45802e-05
2.52347e-05
2.58819e-05
2.65508e-05
2.72048e-05
2.78335e-05
2.8428e-05
2.89548e-05
2.92451e-05
2.92374e-05
2.57423e-05
2.60027e-05
2.63775e-05
2.68619e-05
2.74233e-05
2.80276e-05
2.86554e-05
2.93144e-05
2.99765e-05
3.06353e-05
3.12886e-05
3.1931e-05
3.25404e-05
3.3104e-05
3.35954e-05
3.38693e-05
3.3867e-05
3.01999e-05
3.06975e-05
3.1285e-05
3.19135e-05
3.25554e-05
3.32053e-05
3.38826e-05
3.45474e-05
3.51978e-05
3.58362e-05
3.64739e-05
3.70775e-05
3.76426e-05
3.8157e-05
3.86045e-05
3.88495e-05
3.88508e-05
3.49883e-05
3.5772e-05
3.65831e-05
3.73661e-05
3.81171e-05
3.88248e-05
3.95038e-05
4.01662e-05
4.08085e-05
4.14286e-05
4.20182e-05
4.25723e-05
4.30819e-05
4.35363e-05
4.39214e-05
4.41344e-05
4.4141e-05
4.01489e-05
4.12579e-05
4.23006e-05
4.3254e-05
4.40669e-05
4.48007e-05
4.54935e-05
4.61373e-05
4.6753e-05
4.73256e-05
4.78678e-05
4.83575e-05
4.87967e-05
4.91798e-05
4.95004e-05
4.96742e-05
4.96881e-05
4.5769e-05
4.72755e-05
4.85101e-05
4.95252e-05
5.03704e-05
5.11036e-05
5.17663e-05
5.23884e-05
5.29573e-05
5.34862e-05
5.39511e-05
5.43679e-05
5.47301e-05
5.50338e-05
5.52753e-05
5.54072e-05
5.54204e-05
5.38785e-05
5.51976e-05
5.61209e-05
5.69455e-05
5.76549e-05
5.82955e-05
5.8868e-05
5.93795e-05
5.98289e-05
6.02228e-05
6.05508e-05
6.082e-05
6.1034e-05
6.11946e-05
6.12795e-05
6.12888e-05
6.07629e-05
6.20732e-05
6.30121e-05
6.37732e-05
6.44211e-05
6.49899e-05
6.54988e-05
6.59359e-05
6.63101e-05
6.66022e-05
6.68323e-05
6.70049e-05
6.71224e-05
6.71929e-05
6.72283e-05
6.72322e-05
6.83201e-05
6.93393e-05
7.00774e-05
7.07283e-05
7.12895e-05
7.1792e-05
7.22154e-05
7.25638e-05
7.28313e-05
7.30282e-05
7.31522e-05
7.32158e-05
7.3231e-05
7.32118e-05
7.31966e-05
7.32043e-05
7.55425e-05
7.64108e-05
7.71221e-05
7.76946e-05
7.81702e-05
7.85762e-05
7.89091e-05
7.91621e-05
7.93341e-05
7.94146e-05
7.94275e-05
7.93852e-05
7.92976e-05
7.91839e-05
7.91189e-05
7.91283e-05
8.27689e-05
8.34487e-05
8.40679e-05
8.45448e-05
8.49447e-05
8.52732e-05
8.5506e-05
8.56542e-05
8.57096e-05
8.56878e-05
8.55918e-05
8.54402e-05
8.52526e-05
8.50515e-05
8.49368e-05
8.49461e-05
8.97667e-05
9.03077e-05
9.08107e-05
9.12168e-05
9.15321e-05
9.17527e-05
9.18888e-05
9.19382e-05
9.18966e-05
9.17652e-05
9.15647e-05
9.13169e-05
9.10372e-05
9.07495e-05
9.05907e-05
9.0606e-05
9.64503e-05
9.68737e-05
9.72935e-05
9.75951e-05
9.78225e-05
9.79641e-05
9.80049e-05
9.7954e-05
9.78087e-05
9.75873e-05
9.72936e-05
9.6955e-05
9.65922e-05
9.62317e-05
9.60312e-05
9.60484e-05
0.000102715
0.000103054
0.000103379
0.00010362
0.000103771
0.000103811
0.000103768
0.000103635
0.000103413
0.000103099
0.000102726
0.000102312
0.000101877
0.000101446
0.00010121
0.000101233
0.000108489
0.000108787
0.000109069
0.000109237
0.00010931
0.000109292
0.000109176
0.000108965
0.000108659
0.000108282
0.000107836
0.000107351
0.00010685
0.000106361
0.000106091
0.000106116
0.000113704
0.000114079
0.000114314
0.000114444
0.000114461
0.000114371
0.000114192
0.00011392
0.000113557
0.000113104
0.000112594
0.000112047
0.000111484
0.000110934
0.000110634
0.000110662
0.000118658
0.00011899
0.000119184
0.000119248
0.000119211
0.000119076
0.000118839
0.000118503
0.000118067
0.000117558
0.000116981
0.000116366
0.00011574
0.000115135
0.000114803
0.000114832
0.000123233
0.000123506
0.000123637
0.000123664
0.000123577
0.000123377
0.000123081
0.000122681
0.000122187
0.000121601
0.000120959
0.000120279
0.000119587
0.000118922
0.000118558
0.000118587
0.000127351
0.000127576
0.000127665
0.000127636
0.000127499
0.000127255
0.000126893
0.00012642
0.000125848
0.000125199
0.000124485
0.000123734
0.000122977
0.000122256
0.000121858
0.000121885
0.000130909
0.000131096
0.000131155
0.000131102
0.000130923
0.000130616
0.000130187
0.000129648
0.000129008
0.000128282
0.000127502
0.000126688
0.000125869
0.000125092
0.00012466
0.000124686
0.000133807
0.000133985
0.000134033
0.00013395
0.00013373
0.000133374
0.00013289
0.000132282
0.000131577
0.000130794
0.000129954
0.000129083
0.000128214
0.000127395
0.000126923
0.000126948
0.00013596
0.000136141
0.00013618
0.000136073
0.000135818
0.000135419
0.000134887
0.000134238
0.000133487
0.000132658
0.000131778
0.000130873
0.000129973
0.000129133
0.000128623
0.000128623
0.000137213
0.000137401
0.000137439
0.000137316
0.00013704
0.000136627
0.000136079
0.000135412
0.000134642
0.000133798
0.000132904
0.000131991
0.000131095
0.000130281
0.000129767
0.000129685
0.000137664
0.000137872
0.000137916
0.000137796
0.000137529
0.000137117
0.000136574
0.000135907
0.000135143
0.000134301
0.000133411
0.000132507
0.00013163
0.000130853
0.000130363
0.000130215
1.79006e-05
1.84496e-05
1.90585e-05
1.96951e-05
2.02992e-05
2.08379e-05
2.11251e-05
2.10896e-05
1.9467e-05
1.91808e-05
1.90218e-05
1.90084e-05
1.91576e-05
1.94324e-05
1.98084e-05
2.02973e-05
2.08813e-05
2.14791e-05
2.21276e-05
2.28079e-05
2.34599e-05
2.40946e-05
2.46618e-05
2.49637e-05
2.49525e-05
2.26772e-05
2.25948e-05
2.26467e-05
2.28312e-05
2.31049e-05
2.35027e-05
2.39798e-05
2.45177e-05
2.51115e-05
2.57604e-05
2.64302e-05
2.70894e-05
2.77381e-05
2.83631e-05
2.89148e-05
2.9214e-05
2.91987e-05
2.65668e-05
2.67275e-05
2.69844e-05
2.73284e-05
2.77528e-05
2.82288e-05
2.87607e-05
2.93448e-05
2.99611e-05
3.05866e-05
3.12358e-05
3.18782e-05
3.24902e-05
3.30605e-05
3.35656e-05
3.38411e-05
3.38324e-05
3.08447e-05
3.12602e-05
3.17615e-05
3.22944e-05
3.28363e-05
3.34091e-05
3.40091e-05
3.46164e-05
3.5223e-05
3.58568e-05
3.64657e-05
3.70573e-05
3.76247e-05
3.8144e-05
3.85897e-05
3.88325e-05
3.88292e-05
3.54637e-05
3.61987e-05
3.69342e-05
3.7647e-05
3.83352e-05
3.89905e-05
3.9618e-05
4.02479e-05
4.08706e-05
4.14632e-05
4.20399e-05
4.25908e-05
4.30901e-05
4.35381e-05
4.39186e-05
4.41258e-05
4.41303e-05
4.04988e-05
4.15439e-05
4.25314e-05
4.34171e-05
4.41984e-05
4.49156e-05
4.55878e-05
4.621e-05
4.68062e-05
4.73798e-05
4.79032e-05
4.83794e-05
4.88178e-05
4.91987e-05
4.95089e-05
4.96773e-05
4.9688e-05
4.60118e-05
4.73878e-05
4.85748e-05
4.95753e-05
5.04364e-05
5.11737e-05
5.1836e-05
5.24511e-05
5.30262e-05
5.35356e-05
5.3998e-05
5.44145e-05
5.47625e-05
5.5056e-05
5.52902e-05
5.54175e-05
5.54324e-05
5.20378e-05
5.36911e-05
5.50813e-05
5.61611e-05
5.70005e-05
5.7719e-05
5.83652e-05
5.89327e-05
5.94388e-05
5.98937e-05
6.02741e-05
6.0591e-05
6.08587e-05
6.1068e-05
6.12179e-05
6.12977e-05
6.13003e-05
5.85723e-05
6.06047e-05
6.22197e-05
6.31659e-05
6.38453e-05
6.44998e-05
6.50663e-05
6.55787e-05
6.60155e-05
6.63722e-05
6.66641e-05
6.68944e-05
6.70513e-05
6.71562e-05
6.72176e-05
6.72487e-05
6.72552e-05
6.78198e-05
6.93472e-05
7.02588e-05
7.08292e-05
7.13857e-05
7.18845e-05
7.2299e-05
7.26383e-05
7.29091e-05
7.30934e-05
7.32047e-05
7.3264e-05
7.32712e-05
7.32397e-05
7.32205e-05
7.32246e-05
7.50143e-05
7.64387e-05
7.7247e-05
7.77808e-05
7.82634e-05
7.86662e-05
7.89956e-05
7.92468e-05
7.93994e-05
7.94777e-05
7.94902e-05
7.94305e-05
7.93286e-05
7.9206e-05
7.91371e-05
7.91479e-05
8.21884e-05
8.32771e-05
8.40144e-05
8.45616e-05
8.50007e-05
8.53412e-05
8.55741e-05
8.5716e-05
8.57742e-05
8.57386e-05
8.56277e-05
8.54701e-05
8.52757e-05
8.50668e-05
8.49509e-05
8.49595e-05
8.9103e-05
8.9962e-05
9.06357e-05
9.11503e-05
9.1524e-05
9.17761e-05
9.19301e-05
9.19826e-05
9.1925e-05
9.17887e-05
9.15883e-05
9.13261e-05
9.10368e-05
9.0752e-05
9.05945e-05
9.06117e-05
9.58572e-05
9.64784e-05
9.70562e-05
9.74627e-05
9.77589e-05
9.79383e-05
9.79947e-05
9.79452e-05
9.78086e-05
9.75747e-05
9.72721e-05
9.69347e-05
9.65747e-05
9.62218e-05
9.60282e-05
9.60452e-05
0.000102247
0.000102698
0.000103122
0.000103444
0.000103645
0.00010373
0.000103715
0.000103593
0.000103359
0.00010305
0.000102685
0.000102271
0.000101839
0.000101427
0.000101201
0.000101226
0.000108129
0.000108478
0.000108812
0.000109023
0.000109142
0.000109165
0.000109073
0.000108872
0.000108584
0.000108206
0.000107766
0.000107296
0.00010681
0.00010634
0.000106084
0.00010611
0.000113428
0.000113809
0.000114061
0.000114214
0.000114263
0.000114212
0.000114066
0.000113815
0.000113456
0.000113022
0.000112536
0.000112001
0.000111447
0.00011092
0.000110632
0.000110664
0.000118415
0.000118733
0.000118919
0.000119001
0.000119
0.000118906
0.000118702
0.000118391
0.000117989
0.000117503
0.000116943
0.000116346
0.00011573
0.000115137
0.000114815
0.000114848
0.000122995
0.000123238
0.00012336
0.000123402
0.000123357
0.000123211
0.000122965
0.00012261
0.000122139
0.000121589
0.000120975
0.000120303
0.000119605
0.000118944
0.000118585
0.000118619
0.00012709
0.000127283
0.000127365
0.000127368
0.00012729
0.00012711
0.000126812
0.000126391
0.000125869
0.000125253
0.000124555
0.000123806
0.000123033
0.000122301
0.000121903
0.000121937
0.00013061
0.000130769
0.000130836
0.000130827
0.000130724
0.0001305
0.000130154
0.000129682
0.000129093
0.000128405
0.000127635
0.000126804
0.000125953
0.000125155
0.000124719
0.00012475
0.000133447
0.000133618
0.000133696
0.00013368
0.000133553
0.000133299
0.000132902
0.000132371
0.000131728
0.000130974
0.00013013
0.000129232
0.000128324
0.000127474
0.000126993
0.00012702
0.000135536
0.000135753
0.000135849
0.000135826
0.000135675
0.000135382
0.000134943
0.000134374
0.000133676
0.000132872
0.000131982
0.00013104
0.000130097
0.000129223
0.000128699
0.000128698
0.00013677
0.000137028
0.000137142
0.000137112
0.000136943
0.000136625
0.000136167
0.000135567
0.000134845
0.000134019
0.00013311
0.00013216
0.000131224
0.000130377
0.00012985
0.000129758
0.000137232
0.000137521
0.00013765
0.000137624
0.000137452
0.000137131
0.000136666
0.000136067
0.000135344
0.000134513
0.000133608
0.000132671
0.000131759
0.000130953
0.000130452
0.000130298
1.889e-05
1.95246e-05
2.01762e-05
2.07499e-05
2.10631e-05
2.10219e-05
2.04776e-05
2.00696e-05
1.9797e-05
1.96549e-05
1.96396e-05
1.9741e-05
1.9959e-05
2.02866e-05
2.0719e-05
2.1273e-05
2.19188e-05
2.25924e-05
2.32758e-05
2.39704e-05
2.45986e-05
2.49161e-05
2.48908e-05
2.35949e-05
2.34027e-05
2.33382e-05
2.33813e-05
2.35302e-05
2.37786e-05
2.41141e-05
2.45422e-05
2.50657e-05
2.56527e-05
2.62722e-05
2.69367e-05
2.76161e-05
2.82785e-05
2.88589e-05
2.91699e-05
2.91392e-05
2.73171e-05
2.73993e-05
2.75662e-05
2.78082e-05
2.81175e-05
2.849e-05
2.89307e-05
2.94343e-05
2.99894e-05
3.05738e-05
3.11787e-05
3.17977e-05
3.24209e-05
3.30055e-05
3.35301e-05
3.3809e-05
3.37812e-05
3.14221e-05
3.17966e-05
3.22181e-05
3.26659e-05
3.31406e-05
3.3641e-05
3.4163e-05
3.47198e-05
3.53022e-05
3.58853e-05
3.64595e-05
3.70404e-05
3.76024e-05
3.81173e-05
3.85628e-05
3.88074e-05
3.87871e-05
3.59121e-05
3.66025e-05
3.72803e-05
3.79364e-05
3.85632e-05
3.91682e-05
3.97635e-05
4.03578e-05
4.09441e-05
4.15118e-05
4.20657e-05
4.25936e-05
4.30924e-05
4.35297e-05
4.39129e-05
4.41152e-05
4.41012e-05
4.08317e-05
4.18315e-05
4.27615e-05
4.36005e-05
4.43614e-05
4.50514e-05
4.56913e-05
4.6302e-05
4.68824e-05
4.7425e-05
4.79327e-05
4.84059e-05
4.88343e-05
4.92058e-05
4.95076e-05
4.96727e-05
4.96679e-05
4.62191e-05
4.75145e-05
4.86775e-05
4.96795e-05
5.05308e-05
5.1266e-05
5.19243e-05
5.25276e-05
5.30814e-05
5.35836e-05
5.40425e-05
5.44409e-05
5.47876e-05
5.50711e-05
5.53028e-05
5.54238e-05
5.54278e-05
5.20141e-05
5.36432e-05
5.50747e-05
5.61986e-05
5.70669e-05
5.77886e-05
5.84198e-05
5.89887e-05
5.94949e-05
5.99394e-05
6.03129e-05
6.06351e-05
6.08908e-05
6.10911e-05
6.12308e-05
6.13074e-05
6.13144e-05
5.82263e-05
6.03413e-05
6.21303e-05
6.32119e-05
6.39281e-05
6.45634e-05
6.51295e-05
6.56291e-05
6.60575e-05
6.64182e-05
6.6711e-05
6.69329e-05
6.70855e-05
6.71823e-05
6.72391e-05
6.72646e-05
6.72724e-05
6.47965e-05
6.71678e-05
6.91561e-05
7.04087e-05
7.10461e-05
7.14727e-05
7.19371e-05
7.234e-05
7.26809e-05
7.29482e-05
7.3133e-05
7.32527e-05
7.32992e-05
7.32976e-05
7.32537e-05
7.32332e-05
7.32457e-05
7.42962e-05
7.61819e-05
7.74065e-05
7.79789e-05
7.83303e-05
7.87149e-05
7.90271e-05
7.92642e-05
7.94287e-05
7.95122e-05
7.95186e-05
7.94539e-05
7.93464e-05
7.92213e-05
7.915e-05
7.91691e-05
8.14609e-05
8.31279e-05
8.40783e-05
8.46066e-05
8.5012e-05
8.5335e-05
8.5565e-05
8.57121e-05
8.57723e-05
8.57407e-05
8.56399e-05
8.54769e-05
8.52805e-05
8.50674e-05
8.49543e-05
8.49757e-05
8.85386e-05
8.97548e-05
9.05234e-05
9.10645e-05
9.14505e-05
9.17223e-05
9.18801e-05
9.19292e-05
9.18898e-05
9.17614e-05
9.15597e-05
9.13042e-05
9.10221e-05
9.07462e-05
9.05925e-05
9.06187e-05
9.52789e-05
9.61338e-05
9.68078e-05
9.72839e-05
9.76118e-05
9.78097e-05
9.7886e-05
9.78536e-05
9.77221e-05
9.74984e-05
9.72164e-05
9.68895e-05
9.65435e-05
9.61986e-05
9.60164e-05
9.60455e-05
0.000101762
0.000102326
0.000102838
0.000103198
0.000103435
0.00010356
0.000103561
0.000103445
0.000103235
0.000102948
0.000102595
0.000102202
0.000101792
0.000101403
0.000101188
0.000101225
0.000107636
0.000108141
0.000108503
0.000108754
0.000108905
0.000108946
0.000108875
0.000108698
0.000108429
0.000108076
0.000107673
0.000107226
0.000106763
0.00010631
0.00010607
0.00010611
0.000113105
0.000113501
0.000113768
0.00011393
0.000114
0.000113978
0.000113851
0.000113619
0.0001133
0.000112909
0.00011245
0.000111942
0.000111411
0.000110905
0.000110628
0.000110671
0.000118158
0.00011845
0.000118618
0.000118714
0.000118729
0.000118655
0.000118483
0.000118213
0.000117854
0.000117407
0.000116897
0.000116324
0.000115722
0.000115136
0.000114822
0.000114866
0.000122739
0.000122942
0.000123053
0.000123098
0.000123075
0.00012297
0.000122767
0.000122458
0.000122052
0.000121561
0.000120979
0.000120323
0.000119632
0.00011897
0.000118611
0.00011865
0.000126796
0.000126954
0.000127024
0.000127048
0.000127005
0.000126873
0.000126639
0.000126295
0.000125846
0.000125284
0.000124624
0.00012388
0.000123097
0.000122349
0.000121946
0.000121988
0.000130256
0.000130395
0.000130468
0.000130486
0.000130432
0.000130282
0.000130021
0.000129638
0.000129134
0.000128509
0.000127758
0.00012692
0.000126049
0.000125228
0.00012478
0.000124819
0.000133029
0.0001332
0.000133297
0.000133328
0.000133267
0.000133097
0.000132802
0.00013238
0.000131822
0.000131118
0.000130292
0.000129383
0.000128444
0.000127562
0.000127065
0.000127102
0.00013506
0.000135308
0.000135446
0.000135485
0.00013541
0.000135216
0.000134885
0.000134418
0.000133801
0.000133043
0.00013216
0.000131198
0.000130225
0.000129321
0.000128779
0.000128782
0.000136262
0.000136578
0.000136753
0.000136797
0.000136716
0.000136494
0.000136137
0.000135631
0.000134979
0.000134183
0.000133277
0.000132308
0.000131348
0.000130474
0.000129932
0.000129842
0.000136707
0.000137065
0.000137266
0.000137323
0.000137236
0.000137013
0.000136641
0.000136122
0.000135452
0.000134653
0.000133751
0.0001328
0.000131866
0.000131042
0.00013053
0.000130381
2.07054e-05
2.10201e-05
2.09843e-05
2.10616e-05
2.061e-05
2.02774e-05
2.00699e-05
1.99821e-05
2.00069e-05
2.01375e-05
2.03686e-05
2.06966e-05
2.1155e-05
2.17152e-05
2.23637e-05
2.31129e-05
2.39092e-05
2.45373e-05
2.48723e-05
2.48446e-05
2.41237e-05
2.39022e-05
2.37716e-05
2.37487e-05
2.38271e-05
2.40015e-05
2.42655e-05
2.46213e-05
2.50587e-05
2.55763e-05
2.61805e-05
2.68329e-05
2.75125e-05
2.82108e-05
2.881e-05
2.91337e-05
2.91091e-05
2.77663e-05
2.78066e-05
2.79225e-05
2.81059e-05
2.83569e-05
2.86736e-05
2.9059e-05
2.95082e-05
3.00089e-05
3.05652e-05
3.11512e-05
3.17526e-05
3.23746e-05
3.29592e-05
3.34904e-05
3.37841e-05
3.37699e-05
3.17706e-05
3.21133e-05
3.24949e-05
3.2898e-05
3.33252e-05
3.37808e-05
3.42666e-05
3.47913e-05
3.53366e-05
3.58943e-05
3.64669e-05
3.70275e-05
3.7585e-05
3.80826e-05
3.85412e-05
3.8791e-05
3.8784e-05
3.61792e-05
3.68404e-05
3.74872e-05
3.8105e-05
3.86969e-05
3.92729e-05
3.98462e-05
4.04188e-05
4.09797e-05
4.15358e-05
4.20769e-05
4.25873e-05
4.30829e-05
4.35248e-05
4.38993e-05
4.41089e-05
4.41107e-05
4.10295e-05
4.20104e-05
4.29075e-05
4.37179e-05
4.44511e-05
4.51238e-05
4.57519e-05
4.63526e-05
4.69149e-05
4.74487e-05
4.79561e-05
4.84187e-05
4.88382e-05
4.91957e-05
4.95051e-05
4.96718e-05
4.96835e-05
4.63556e-05
4.76244e-05
4.8759e-05
4.9745e-05
5.0579e-05
5.13109e-05
5.19666e-05
5.25605e-05
5.31034e-05
5.36085e-05
5.40556e-05
5.44498e-05
5.47928e-05
5.50825e-05
5.53054e-05
5.54276e-05
5.54411e-05
5.20543e-05
5.36559e-05
5.50909e-05
5.62175e-05
5.70905e-05
5.7816e-05
5.84461e-05
5.90119e-05
5.95141e-05
5.99536e-05
6.03365e-05
6.06561e-05
6.09037e-05
6.10933e-05
6.124e-05
6.13126e-05
6.13253e-05
5.80983e-05
6.0233e-05
6.20771e-05
6.32104e-05
6.39529e-05
6.45831e-05
6.5141e-05
6.5637e-05
6.60697e-05
6.64336e-05
6.6721e-05
6.69389e-05
6.7098e-05
6.71997e-05
6.72482e-05
6.72717e-05
6.72716e-05
6.45155e-05
6.70137e-05
6.90115e-05
7.0412e-05
7.10911e-05
7.14916e-05
7.19421e-05
7.23377e-05
7.26786e-05
7.29478e-05
7.31456e-05
7.32673e-05
7.33089e-05
7.32998e-05
7.32651e-05
7.32368e-05
7.32395e-05
7.12113e-05
7.39429e-05
7.60153e-05
7.74081e-05
7.80332e-05
7.8344e-05
7.87017e-05
7.90002e-05
7.92478e-05
7.94196e-05
7.9505e-05
7.95074e-05
7.94535e-05
7.93546e-05
7.92247e-05
7.91521e-05
7.91563e-05
8.09818e-05
8.29749e-05
8.41989e-05
8.47269e-05
8.49936e-05
8.52892e-05
8.55116e-05
8.5667e-05
8.57343e-05
8.57203e-05
8.56271e-05
8.54648e-05
8.52669e-05
8.50654e-05
8.49498e-05
8.49618e-05
8.81166e-05
8.96927e-05
9.05556e-05
9.10223e-05
9.13761e-05
9.16333e-05
9.17882e-05
9.18547e-05
9.18278e-05
9.17093e-05
9.1514e-05
9.12741e-05
9.10097e-05
9.07331e-05
9.05834e-05
9.05949e-05
9.49252e-05
9.59121e-05
9.66706e-05
9.71498e-05
9.74776e-05
9.76783e-05
9.77634e-05
9.7748e-05
9.76275e-05
9.74316e-05
9.71676e-05
9.68485e-05
9.65108e-05
9.61851e-05
9.60017e-05
9.60225e-05
0.000101504
0.000102107
0.000102644
0.00010302
0.00010327
0.000103399
0.000103408
0.000103313
0.000103124
0.000102855
0.00010252
0.000102154
0.000101768
0.000101379
0.000101172
0.000101193
0.000107549
0.00010793
0.000108308
0.000108565
0.000108721
0.00010877
0.00010871
0.000108553
0.000108305
0.000107988
0.000107612
0.000107183
0.000106729
0.000106295
0.000106055
0.000106088
0.000112955
0.000113322
0.000113576
0.000113738
0.000113813
0.000113795
0.00011368
0.000113475
0.000113187
0.000112823
0.000112393
0.000111905
0.0001114
0.000110893
0.00011062
0.000110657
0.000118004
0.000118268
0.000118434
0.000118523
0.00011854
0.000118474
0.000118323
0.000118083
0.000117758
0.000117351
0.00011687
0.000116319
0.000115718
0.00011514
0.000114825
0.000114868
0.000122577
0.000122764
0.00012286
0.000122903
0.000122885
0.000122793
0.000122614
0.000122347
0.000121992
0.000121538
0.000120982
0.000120338
0.000119657
0.000118989
0.000118627
0.000118672
0.000126609
0.000126746
0.000126815
0.000126839
0.000126806
0.000126698
0.000126501
0.000126213
0.000125817
0.000125303
0.000124665
0.000123924
0.00012314
0.000122385
0.000121975
0.000122021
0.000130027
0.000130161
0.000130231
0.000130259
0.000130223
0.000130109
0.000129896
0.000129578
0.000129136
0.000128548
0.000127822
0.000126988
0.000126115
0.00012528
0.000124823
0.000124868
0.000132745
0.00013293
0.000133038
0.000133082
0.000133052
0.000132924
0.000132694
0.000132339
0.000131839
0.000131183
0.000130379
0.000129466
0.000128518
0.000127624
0.000127116
0.000127164
0.000134734
0.000135011
0.000135173
0.000135239
0.000135202
0.000135058
0.000134795
0.000134392
0.000133837
0.00013311
0.000132246
0.000131283
0.000130305
0.000129386
0.000128834
0.000128846
0.000135893
0.000136245
0.000136459
0.000136546
0.000136504
0.000136347
0.000136049
0.000135609
0.000134998
0.00013424
0.000133346
0.000132382
0.000131411
0.000130531
0.000129983
0.000129905
0.000136276
0.000136682
0.000136934
0.000137038
0.000137008
0.00013684
0.000136533
0.000136066
0.000135442
0.000134671
0.000133785
0.000132839
0.000131907
0.00013108
0.000130567
0.00013044
)
;

boundaryField
{
    frontAndBack
    {
        type            slip;
    }
    inlet
    {
        type            zeroGradient;
    }
    outlet
    {
        type            fixedValue;
        value           uniform 0;
    }
    lowerWall
    {
        type            zeroGradient;
    }
    upperWall
    {
        type            slip;
    }
}


// ************************************************************************* //
