/*--------------------------------*- C++ -*----------------------------------*\
  =========                 |
  \\      /  F ield         | OpenFOAM: The Open Source CFD Toolbox
   \\    /   O peration     | Website:  https://openfoam.org
    \\  /    A nd           | Version:  10
     \\/     M anipulation  |
\*---------------------------------------------------------------------------*/
FoamFile
{
    format      ascii;
    class       volVectorField;
    location    "20";
    object      U;
}
// * * * * * * * * * * * * * * * * * * * * * * * * * * * * * * * * * * * * * //

dimensions      [0 1 -1 0 0 0 0];

internalField   nonuniform List<vector> 
12500
(
(-10 1.85426e-08 -3.38448e-08)
(-10 3.2645e-08 -2.70892e-08)
(-10 3.65941e-08 -9.34856e-09)
(-10 4.08389e-08 3.5116e-09)
(-10 4.34066e-08 1.19007e-08)
(-10 4.68628e-08 1.71151e-08)
(-10 4.9022e-08 2.09495e-08)
(-10 5.19266e-08 2.13411e-08)
(-10 5.60964e-08 2.12734e-08)
(-10 6.04175e-08 2.10067e-08)
(-10 6.37174e-08 2.08245e-08)
(-10 6.26988e-08 1.95868e-08)
(-10 6.04903e-08 1.97948e-08)
(-10 5.71778e-08 2.15275e-08)
(-10 5.04246e-08 2.27435e-08)
(-10 4.70831e-08 2.26822e-08)
(-10 3.67242e-08 -5.206e-08)
(-10 7.66299e-08 -4.57723e-08)
(-10 9.39735e-08 -2.43081e-08)
(-10 1.11114e-07 -8.34922e-09)
(-10 1.2412e-07 -2.02218e-10)
(-10 1.37956e-07 5.70114e-09)
(-10 1.49331e-07 9.57873e-09)
(-10 1.626e-07 8.93252e-09)
(-10 1.77115e-07 7.64487e-09)
(-10 1.89301e-07 5.68836e-09)
(-10 1.96765e-07 5.6852e-09)
(-10 1.92869e-07 6.30287e-09)
(-10 1.84712e-07 6.15882e-09)
(-10 1.75267e-07 9.52404e-09)
(-10 1.56298e-07 1.25788e-08)
(-10 1.43422e-07 1.11046e-08)
(-10 9.77204e-08 -5.94803e-08)
(-10 1.4807e-07 -5.46274e-08)
(-10 1.71778e-07 -3.29732e-08)
(-10 2.04366e-07 -1.73102e-08)
(-10 2.33921e-07 -8.71382e-09)
(-10 2.56067e-07 -2.87091e-09)
(-10 2.77456e-07 1.7804e-10)
(-10 2.99175e-07 1.853e-09)
(-10 3.19797e-07 2.41266e-10)
(-10 3.4414e-07 -2.7992e-10)
(-10 3.47535e-07 -3.5452e-10)
(-10 3.39816e-07 -3.72026e-10)
(-10 3.23563e-07 -4.47628e-10)
(-10 2.99895e-07 2.04755e-09)
(-10 2.77475e-07 5.65248e-09)
(-10 2.50883e-07 3.73854e-09)
(-10 1.40313e-07 -6.16778e-08)
(-10 2.04709e-07 -5.88458e-08)
(-10 2.40763e-07 -3.72796e-08)
(-10 2.82502e-07 -2.10682e-08)
(-10 3.20823e-07 -1.04169e-08)
(-10 3.52568e-07 -3.89747e-09)
(-10 3.81674e-07 -1.97739e-10)
(-10 4.09558e-07 9.01075e-10)
(-10 4.36358e-07 -3.01007e-10)
(-10 4.59665e-07 -1.92679e-09)
(-10 4.56967e-07 -2.90243e-09)
(-10 4.41876e-07 -4.83616e-09)
(-10 4.20092e-07 -4.65406e-09)
(-10 3.94989e-07 -1.94426e-09)
(-10 3.6599e-07 9.88386e-10)
(-10 3.3212e-07 7.19854e-10)
(-10 1.95036e-07 -5.78903e-08)
(-10 2.75116e-07 -5.622e-08)
(-10 3.24917e-07 -3.43784e-08)
(-10 3.77397e-07 -1.79173e-08)
(-10 4.22828e-07 -6.75171e-09)
(-10 4.62934e-07 -4.56535e-10)
(-10 4.99057e-07 3.92189e-09)
(-10 5.32219e-07 4.12164e-09)
(-10 5.61608e-07 2.68321e-09)
(-10 5.84325e-07 -5.30102e-11)
(-10 5.77839e-07 -2.53012e-09)
(-10 5.56491e-07 -5.34349e-09)
(-10 5.31056e-07 -4.56589e-09)
(-10 5.01813e-07 -2.0791e-09)
(-10 4.64993e-07 2.51132e-09)
(-10 4.24475e-07 2.43517e-09)
(-10 2.45733e-07 -5.65329e-08)
(-10 3.41004e-07 -5.37206e-08)
(-10 4.0324e-07 -3.21963e-08)
(-10 4.64108e-07 -1.60173e-08)
(-10 5.16757e-07 -5.97642e-09)
(-10 5.63092e-07 9.30096e-10)
(-10 6.03864e-07 3.45717e-09)
(-10 6.41168e-07 2.95613e-09)
(-10 6.7169e-07 7.08209e-10)
(-10 6.94089e-07 -1.61318e-09)
(-10 6.82563e-07 -5.2455e-09)
(-10 6.53889e-07 -7.01012e-09)
(-10 6.25105e-07 -6.25194e-09)
(-10 5.90481e-07 -3.00807e-09)
(-10 5.48266e-07 5.58253e-10)
(-10 5.01921e-07 -2.15877e-09)
(-10 3.07945e-07 -5.18042e-08)
(-10 4.18256e-07 -4.9717e-08)
(-10 4.92515e-07 -2.9305e-08)
(-10 5.59778e-07 -1.36789e-08)
(-10 6.19181e-07 -5.26567e-09)
(-10 6.69993e-07 1.25804e-09)
(-10 7.15083e-07 1.90712e-09)
(-10 7.53457e-07 8.04304e-10)
(-10 7.8236e-07 -1.71582e-09)
(-10 8.02485e-07 -4.31171e-09)
(-10 7.8321e-07 -7.30407e-09)
(-10 7.49778e-07 -7.11525e-09)
(-10 7.1674e-07 -6.58862e-09)
(-10 6.76987e-07 -3.56563e-09)
(-10 6.31574e-07 -1.07303e-10)
(-10 5.79093e-07 -2.21677e-09)
(-10 3.71939e-07 -4.69292e-08)
(-10 4.9422e-07 -4.59309e-08)
(-10 5.77424e-07 -2.68107e-08)
(-10 6.49852e-07 -1.3333e-08)
(-10 7.12658e-07 -5.46445e-09)
(-10 7.66658e-07 -2.27047e-09)
(-10 8.13485e-07 -2.18828e-09)
(-10 8.51703e-07 -3.99359e-09)
(-10 8.78517e-07 -5.89922e-09)
(-10 8.95556e-07 -8.19668e-09)
(-10 8.7007e-07 -9.32648e-09)
(-10 8.30564e-07 -9.09783e-09)
(-10 7.91985e-07 -7.56745e-09)
(-10 7.49228e-07 -4.86642e-09)
(-10 7.00535e-07 -2.32191e-09)
(-10 6.43507e-07 -2.18888e-09)
(-10 4.5261e-07 -4.05151e-08)
(-10 5.83432e-07 -4.02444e-08)
(-10 6.73224e-07 -2.35585e-08)
(-10 7.48524e-07 -1.22809e-08)
(-10 8.12005e-07 -5.42838e-09)
(-10 8.67131e-07 -4.47412e-09)
(-10 9.13742e-07 -5.39206e-09)
(-10 9.49158e-07 -7.01733e-09)
(-10 9.72876e-07 -8.85098e-09)
(-10 9.84013e-07 -1.01146e-08)
(-10 9.54095e-07 -9.086e-09)
(-10 9.08729e-07 -8.90729e-09)
(-10 8.66416e-07 -7.39269e-09)
(-10 8.20743e-07 -6.03012e-09)
(-10 7.66537e-07 -2.15702e-09)
(-10 7.06545e-07 -1.4607e-09)
(-10 5.42058e-07 -3.59519e-08)
(-10 6.75266e-07 -3.38887e-08)
(-10 7.66799e-07 -2.14788e-08)
(-10 8.40589e-07 -1.12061e-08)
(-10 9.04093e-07 -7.64829e-09)
(-10 9.5745e-07 -7.77521e-09)
(-10 1.0019e-06 -9.39419e-09)
(-10 1.03282e-06 -1.08544e-08)
(-10 1.05083e-06 -1.16396e-08)
(-10 1.05666e-06 -1.09572e-08)
(-10 1.02172e-06 -1.00743e-08)
(-10 9.71176e-07 -8.91248e-09)
(-10 9.26197e-07 -9.51893e-09)
(-10 8.77567e-07 -8.26974e-09)
(-10 8.20077e-07 -5.58721e-09)
(-10 7.56636e-07 -5.84028e-09)
(-10 6.49002e-07 -2.79984e-08)
(-10 7.76818e-07 -2.62721e-08)
(-10 8.66255e-07 -1.82236e-08)
(-10 9.37856e-07 -9.32536e-09)
(-10 9.9809e-07 -7.91581e-09)
(-10 1.0488e-06 -9.12743e-09)
(-10 1.08721e-06 -1.09211e-08)
(-10 1.11264e-06 -1.23885e-08)
(-10 1.12282e-06 -1.14474e-08)
(-10 1.12428e-06 -9.38728e-09)
(-10 1.0837e-06 -7.82492e-09)
(-10 1.02933e-06 -8.33859e-09)
(-10 9.80871e-07 -1.07579e-08)
(-10 9.28179e-07 -9.50761e-09)
(-10 8.69676e-07 -6.19544e-09)
(-10 8.03278e-07 -4.00649e-09)
(-10 7.62647e-07 -2.05805e-08)
(-10 8.77393e-07 -1.97341e-08)
(-10 9.61761e-07 -1.43087e-08)
(-10 1.02943e-06 -1.00669e-08)
(-10 1.08459e-06 -9.17273e-09)
(-10 1.12993e-06 -1.09769e-08)
(-10 1.16031e-06 -1.30077e-08)
(-10 1.17803e-06 -1.31582e-08)
(-10 1.18126e-06 -1.10999e-08)
(-10 1.17785e-06 -8.59784e-09)
(-10 1.13226e-06 -8.34655e-09)
(-10 1.07384e-06 -1.13557e-08)
(-10 1.02151e-06 -1.37408e-08)
(-10 9.6675e-07 -1.12347e-08)
(-10 9.0672e-07 -8.33722e-09)
(-10 8.39296e-07 -2.4548e-09)
(-10 8.81449e-07 -1.221e-08)
(-10 9.78976e-07 -1.24982e-08)
(-10 1.05499e-06 -9.93591e-09)
(-10 1.1193e-06 -7.90312e-09)
(-10 1.16892e-06 -8.3854e-09)
(-10 1.20413e-06 -1.05315e-08)
(-10 1.2271e-06 -1.21382e-08)
(-10 1.23522e-06 -1.05121e-08)
(-10 1.23322e-06 -8.2206e-09)
(-10 1.22417e-06 -7.10399e-09)
(-10 1.17524e-06 -7.78258e-09)
(-10 1.11238e-06 -1.31924e-08)
(-10 1.05735e-06 -1.41998e-08)
(-10 1.00202e-06 -1.24274e-08)
(-10 9.39666e-07 -7.63049e-09)
(-10 8.72136e-07 -2.5206e-10)
(-10 9.90626e-07 -8.58084e-09)
(-10 1.06907e-06 -4.67674e-09)
(-10 1.13787e-06 -7.32498e-09)
(-10 1.198e-06 -6.78187e-09)
(-10 1.24114e-06 -1.01356e-08)
(-10 1.26643e-06 -1.14103e-08)
(-10 1.28038e-06 -1.16375e-08)
(-10 1.28041e-06 -9.24273e-09)
(-10 1.2728e-06 -6.86311e-09)
(-10 1.2588e-06 -6.45254e-09)
(-10 1.20637e-06 -1.12514e-08)
(-10 1.13961e-06 -1.50583e-08)
(-10 1.08247e-06 -1.64113e-08)
(-10 1.02594e-06 -1.48231e-08)
(-10 9.63287e-07 -1.19178e-08)
(-10 8.94992e-07 -7.3852e-09)
(-10 1.07799e-06 3.57866e-09)
(-10 1.1423e-06 -7.44504e-10)
(-10 1.20885e-06 -4.7728e-09)
(-10 1.2645e-06 -4.41671e-09)
(-10 1.30144e-06 -7.84325e-09)
(-10 1.31704e-06 -9.2754e-09)
(-10 1.32071e-06 -7.85951e-09)
(-10 1.31552e-06 -4.87041e-09)
(-10 1.30233e-06 -2.36765e-09)
(-10 1.28555e-06 -3.57428e-09)
(-10 1.22954e-06 -9.01218e-09)
(-10 1.15986e-06 -1.15878e-08)
(-10 1.10152e-06 -1.49104e-08)
(-10 1.04373e-06 -1.49094e-08)
(-10 9.82397e-07 -6.94348e-09)
(-10 9.14997e-07 2.38112e-10)
(-10 8.38656e-07 1.57696e-09)
(-10 1.12937e-06 8.86146e-09)
(-10 1.19314e-06 -2.5043e-09)
(-10 1.26157e-06 -2.15555e-09)
(-10 1.31346e-06 -4.85116e-09)
(-10 1.3426e-06 -7.2183e-09)
(-10 1.34949e-06 -8.5249e-09)
(-10 1.34573e-06 -5.4689e-09)
(-10 1.33628e-06 -1.36871e-09)
(-10 1.31945e-06 5.92766e-10)
(-10 1.30067e-06 -2.61898e-09)
(-10 1.24183e-06 -6.05262e-09)
(-10 1.1701e-06 -9.95454e-09)
(-10 1.11062e-06 -1.09317e-08)
(-10 1.05298e-06 -7.45132e-09)
(-10 9.92834e-07 -5.63461e-09)
(-10 9.27245e-07 -6.59538e-09)
(-10 8.52262e-07 -5.91357e-09)
(-10 1.14294e-06 1.65333e-08)
(-10 1.21797e-06 6.30714e-09)
(-10 1.28863e-06 -4.68742e-09)
(-10 1.33766e-06 -5.28734e-09)
(-10 1.35755e-06 -6.1583e-09)
(-10 1.35645e-06 -6.02492e-09)
(-10 1.35053e-06 -3.1289e-09)
(-10 1.33692e-06 1.42138e-09)
(-10 1.31948e-06 1.24466e-09)
(-10 1.29924e-06 -1.77151e-09)
(-10 1.23929e-06 -3.16993e-09)
(-10 1.16677e-06 -4.82356e-09)
(-10 1.10714e-06 -4.36239e-09)
(-10 1.05205e-06 -7.57976e-09)
(-10 9.93801e-07 -8.41132e-09)
(-10 9.30125e-07 -1.43866e-09)
(-10 8.57126e-07 -6.5574e-10)
(-10 1.12466e-06 1.87809e-08)
(-10 1.21801e-06 9.32185e-09)
(-10 1.2904e-06 -3.12762e-10)
(-10 1.3359e-06 -6.54442e-09)
(-10 1.35052e-06 -1.09244e-08)
(-10 1.34638e-06 -9.07012e-09)
(-10 1.33902e-06 -2.49396e-09)
(-10 1.32386e-06 -2.01384e-09)
(-10 1.30647e-06 -3.06363e-09)
(-10 1.28682e-06 -2.57465e-09)
(-10 1.22635e-06 -2.928e-09)
(-10 1.15342e-06 -1.8174e-09)
(-10 1.09483e-06 -2.2278e-09)
(-10 1.04096e-06 1.92043e-09)
(-10 9.85366e-07 6.91109e-09)
(-10 9.24341e-07 -1.06431e-08)
(-10 8.56135e-07 -1.18248e-08)
(-10 1.08941e-06 3.20336e-08)
(-10 1.20071e-06 1.78661e-08)
(-10 1.27239e-06 -6.68544e-09)
(-10 1.3101e-06 -9.96643e-09)
(-10 1.32072e-06 -1.17286e-08)
(-10 1.31594e-06 -1.23151e-08)
(-10 1.30512e-06 -7.28331e-09)
(-10 1.29116e-06 -9.31936e-09)
(-10 1.2736e-06 -8.82989e-09)
(-10 1.25595e-06 -7.23354e-09)
(-10 1.19487e-06 -5.5217e-09)
(-10 1.12131e-06 5.83321e-10)
(-10 1.06457e-06 3.31513e-09)
(-10 1.01325e-06 -2.15638e-09)
(-10 9.62037e-07 -8.66995e-09)
(-10 9.07477e-07 -2.14369e-09)
(-10 8.46271e-07 -1.18257e-09)
(-10 1.06206e-06 3.46766e-08)
(-10 1.17671e-06 1.793e-08)
(-10 1.23906e-06 -1.60321e-09)
(-10 1.26626e-06 -1.60697e-08)
(-10 1.27107e-06 -1.88445e-08)
(-10 1.263e-06 -1.83126e-08)
(-10 1.25104e-06 -1.84184e-08)
(-10 1.23889e-06 -1.86461e-08)
(-10 1.22309e-06 -1.71538e-08)
(-10 1.20843e-06 -1.56774e-08)
(-10 1.14654e-06 -8.81207e-09)
(-10 1.07327e-06 -3.29726e-09)
(-10 1.0183e-06 -4.77234e-10)
(-10 9.71738e-07 9.10475e-10)
(-10 9.26696e-07 1.94495e-09)
(-10 8.77708e-07 -1.26223e-08)
(-10 8.22551e-07 -1.12501e-08)
(-10 1.08114e-06 4.72231e-08)
(-10 1.16657e-06 3.17131e-08)
(-10 1.20696e-06 -7.1526e-09)
(-10 1.22259e-06 -1.68208e-08)
(-10 1.21539e-06 -2.38884e-08)
(-10 1.19892e-06 -2.5798e-08)
(-10 1.18762e-06 -2.55802e-08)
(-10 1.1749e-06 -2.69557e-08)
(-10 1.16237e-06 -2.53283e-08)
(-10 1.15167e-06 -2.03519e-08)
(-10 1.09024e-06 -1.32608e-08)
(-10 1.01738e-06 -5.43675e-09)
(-10 9.64779e-07 3.20466e-09)
(-10 9.24931e-07 -1.08948e-10)
(-10 8.85475e-07 -3.185e-09)
(-10 8.43226e-07 -7.20002e-10)
(-10 7.97615e-07 5.11099e-09)
(-10 1.17812e-06 5.17746e-08)
(-10 1.19358e-06 3.33828e-08)
(-10 1.19258e-06 3.79109e-09)
(-10 1.18499e-06 -1.42986e-08)
(-10 1.16759e-06 -2.35375e-08)
(-10 1.14628e-06 -2.54197e-08)
(-10 1.13253e-06 -2.56899e-08)
(-10 1.12184e-06 -2.80188e-08)
(-10 1.11431e-06 -2.76899e-08)
(-10 1.10839e-06 -2.06428e-08)
(-10 1.04835e-06 -1.33958e-08)
(-10 9.76901e-07 -7.18499e-09)
(-10 9.31294e-07 -1.17703e-09)
(-10 8.96561e-07 3.5886e-09)
(-10 8.67647e-07 7.31977e-09)
(-10 8.34012e-07 4.62056e-09)
(-10 7.97209e-07 2.55082e-09)
(-10 1.34014e-06 4.87605e-08)
(-10 1.2743e-06 4.23574e-08)
(-10 1.22107e-06 1.5709e-10)
(-10 1.19245e-06 -4.82554e-09)
(-10 1.16636e-06 -1.31562e-08)
(-10 1.14395e-06 -1.77961e-08)
(-10 1.12923e-06 -1.55256e-08)
(-10 1.11847e-06 -1.26818e-08)
(-10 1.11138e-06 -1.35159e-08)
(-10 1.11133e-06 -8.69559e-09)
(-10 1.05621e-06 -6.11794e-09)
(-10 9.92048e-07 3.01101e-09)
(-10 9.51998e-07 1.14574e-08)
(-10 9.33845e-07 1.19997e-08)
(-10 9.11295e-07 2.00426e-08)
(-10 8.88369e-07 3.10811e-08)
(-10 8.6316e-07 3.74972e-08)
(-10 1.41975e-06 1.49117e-08)
(-10 1.28455e-06 1.30011e-08)
(-10 1.17197e-06 -2.11469e-08)
(-10 1.11798e-06 -3.07354e-08)
(-10 1.08311e-06 -2.94432e-08)
(-10 1.05204e-06 -1.74541e-08)
(-10 1.03755e-06 -1.81929e-08)
(-10 1.03078e-06 -2.74697e-08)
(-10 1.03477e-06 -2.31501e-08)
(-10 1.05012e-06 -2.15861e-08)
(-10 9.96864e-07 -1.39499e-08)
(-10 9.31916e-07 -8.94836e-09)
(-10 9.01884e-07 -2.0671e-09)
(-10 8.74933e-07 1.27514e-08)
(-10 8.78634e-07 2.12456e-08)
(-10 8.66871e-07 3.86854e-08)
(-10 8.39456e-07 3.71151e-08)
(-10 1.36216e-06 -1.2853e-08)
(-10 1.20263e-06 -1.29272e-09)
(-10 1.05889e-06 -3.2207e-08)
(-10 9.90965e-07 -4.11179e-08)
(-10 9.34206e-07 -3.96895e-08)
(-10 8.96626e-07 -4.05681e-08)
(-10 8.77065e-07 -3.48062e-08)
(-10 8.78315e-07 -2.74771e-08)
(-10 8.88051e-07 -3.69666e-08)
(-10 9.09399e-07 -3.83863e-08)
(-10 8.62013e-07 -4.13899e-08)
(-10 8.09579e-07 -3.54861e-08)
(-10 7.80438e-07 -2.47342e-08)
(-10 7.75946e-07 -1.46562e-08)
(-10 7.7951e-07 1.09298e-08)
(-10 7.70016e-07 1.14132e-08)
(-10 7.84949e-07 8.53811e-09)
(-10 1.19423e-06 -1.03615e-08)
(-10 1.03462e-06 7.22379e-09)
(-10 9.30746e-07 -2.96636e-08)
(-10 1.51965e-08 -1.26598e-07)
(-10 2.8827e-08 -9.53247e-08)
(-10 3.44157e-08 -5.55812e-08)
(-10 3.98106e-08 -1.92337e-08)
(-10 4.40049e-08 4.06507e-09)
(-10 4.82877e-08 1.80407e-08)
(-10 5.32419e-08 2.54228e-08)
(-10 5.8083e-08 3.05441e-08)
(-10 6.24638e-08 3.35369e-08)
(-10 6.8116e-08 3.28238e-08)
(-10 7.03899e-08 2.84245e-08)
(-10 7.0443e-08 2.70359e-08)
(-10 6.80538e-08 2.77329e-08)
(-10 6.41737e-08 3.0872e-08)
(-10 5.927e-08 4.04467e-08)
(-10 5.36439e-08 3.98582e-08)
(-10 4.39599e-08 -1.72805e-07)
(-10 8.01761e-08 -1.44565e-07)
(-10 9.68864e-08 -9.78522e-08)
(-10 1.15171e-07 -5.85525e-08)
(-10 1.29739e-07 -3.55326e-08)
(-10 1.43966e-07 -2.01496e-08)
(-10 1.5868e-07 -1.29976e-08)
(-10 1.7381e-07 -1.15222e-08)
(-10 1.88818e-07 -1.04586e-08)
(-10 2.04759e-07 -1.13727e-08)
(-10 2.08062e-07 -1.45122e-08)
(-10 2.04259e-07 -1.85454e-08)
(-10 1.94368e-07 -1.74484e-08)
(-10 1.81418e-07 -7.49226e-09)
(-10 1.65595e-07 2.65114e-09)
(-10 1.5004e-07 4.90966e-09)
(-10 1.13605e-07 -1.67105e-07)
(-10 1.6543e-07 -1.43297e-07)
(-10 1.90964e-07 -9.66194e-08)
(-10 2.21988e-07 -5.55823e-08)
(-10 2.47715e-07 -3.33874e-08)
(-10 2.71627e-07 -1.60914e-08)
(-10 2.97104e-07 -9.86488e-09)
(-10 3.24005e-07 -6.52008e-09)
(-10 3.48858e-07 -7.38809e-09)
(-10 3.73953e-07 -1.03016e-08)
(-10 3.77069e-07 -1.15657e-08)
(-10 3.6911e-07 -1.75641e-08)
(-10 3.52535e-07 -1.33272e-08)
(-10 3.30491e-07 -3.19699e-09)
(-10 3.03226e-07 3.23975e-09)
(-10 2.73552e-07 5.14246e-09)
(-10 1.57963e-07 -1.61615e-07)
(-10 2.21522e-07 -1.41804e-07)
(-10 2.56135e-07 -9.51337e-08)
(-10 2.98829e-07 -5.42571e-08)
(-10 3.35285e-07 -3.02045e-08)
(-10 3.69047e-07 -1.34898e-08)
(-10 4.03121e-07 -7.47528e-09)
(-10 4.39095e-07 -4.07824e-09)
(-10 4.72549e-07 -5.92884e-09)
(-10 5.03767e-07 -9.08094e-09)
(-10 5.04037e-07 -1.19383e-08)
(-10 4.88866e-07 -1.68254e-08)
(-10 4.64984e-07 -9.46192e-09)
(-10 4.34874e-07 -3.54626e-09)
(-10 3.98686e-07 3.47384e-09)
(-10 3.59177e-07 5.09243e-09)
(-10 2.15943e-07 -1.51298e-07)
(-10 2.92419e-07 -1.33969e-07)
(-10 3.38335e-07 -8.78068e-08)
(-10 3.93282e-07 -4.75425e-08)
(-10 4.41125e-07 -2.28491e-08)
(-10 4.84611e-07 -8.89655e-09)
(-10 5.28143e-07 -1.10232e-09)
(-10 5.72421e-07 5.24848e-10)
(-10 6.12652e-07 -3.02443e-09)
(-10 6.47495e-07 -4.74212e-09)
(-10 6.40899e-07 -1.46009e-08)
(-10 6.18761e-07 -1.23605e-08)
(-10 5.89856e-07 -5.58333e-09)
(-10 5.52423e-07 -1.07673e-09)
(-10 5.07488e-07 6.66099e-09)
(-10 4.55739e-07 6.53136e-09)
(-10 2.7042e-07 -1.4366e-07)
(-10 3.58287e-07 -1.27394e-07)
(-10 4.15984e-07 -8.39351e-08)
(-10 4.8269e-07 -4.44464e-08)
(-10 5.40136e-07 -2.28535e-08)
(-10 5.91902e-07 -9.9318e-09)
(-10 6.43986e-07 -3.61629e-09)
(-10 6.94906e-07 -3.49577e-09)
(-10 7.38868e-07 -6.12275e-09)
(-10 7.72862e-07 -1.58558e-08)
(-10 7.58498e-07 -1.76257e-08)
(-10 7.29908e-07 -1.12049e-08)
(-10 6.94206e-07 -9.65385e-09)
(-10 6.50615e-07 -4.20355e-09)
(-10 5.98367e-07 6.74102e-10)
(-10 5.38101e-07 1.23821e-09)
(-10 3.38243e-07 -1.28717e-07)
(-10 4.3673e-07 -1.15257e-07)
(-10 5.0573e-07 -7.4716e-08)
(-10 5.82681e-07 -3.77483e-08)
(-10 6.48067e-07 -1.88124e-08)
(-10 7.07797e-07 -7.10813e-09)
(-10 7.66625e-07 -4.312e-09)
(-10 8.22054e-07 -4.95544e-09)
(-10 8.66885e-07 -8.63628e-09)
(-10 8.97519e-07 -1.44073e-08)
(-10 8.75223e-07 -1.1154e-08)
(-10 8.38852e-07 -7.77196e-09)
(-10 7.9798e-07 -7.07409e-09)
(-10 7.48724e-07 -2.97085e-09)
(-10 6.89514e-07 2.405e-09)
(-10 6.19622e-07 1.98624e-09)
(-10 4.07673e-07 -1.16919e-07)
(-10 5.13366e-07 -1.06676e-07)
(-10 5.91949e-07 -7.02273e-08)
(-10 6.76115e-07 -3.79468e-08)
(-10 7.47017e-07 -2.00959e-08)
(-10 8.13003e-07 -1.33114e-08)
(-10 8.76547e-07 -1.13702e-08)
(-10 9.33199e-07 -1.44516e-08)
(-10 9.74937e-07 -2.13481e-08)
(-10 1.00117e-06 -1.81532e-08)
(-10 9.68987e-07 -1.25561e-08)
(-10 9.25456e-07 -1.20431e-08)
(-10 8.81417e-07 -1.19887e-08)
(-10 8.27228e-07 -9.62551e-09)
(-10 7.62797e-07 -4.37412e-09)
(-10 6.86909e-07 -3.97867e-09)
(-10 4.93738e-07 -9.71943e-08)
(-10 6.0386e-07 -8.84213e-08)
(-10 6.8842e-07 -5.80323e-08)
(-10 7.77083e-07 -3.22025e-08)
(-10 8.52734e-07 -1.70517e-08)
(-10 9.2284e-07 -1.30894e-08)
(-10 9.88558e-07 -1.24925e-08)
(-10 1.04294e-06 -2.09707e-08)
(-10 1.07858e-06 -1.79179e-08)
(-10 1.0963e-06 -1.11548e-08)
(-10 1.05552e-06 -7.20016e-09)
(-10 1.00815e-06 -9.04391e-09)
(-10 9.61008e-07 -1.16148e-08)
(-10 9.03075e-07 -1.08761e-08)
(-10 8.34652e-07 -3.13416e-09)
(-10 7.52396e-07 -1.2761e-10)
(-10 5.85349e-07 -8.35074e-08)
(-10 6.9564e-07 -7.47874e-08)
(-10 7.82221e-07 -5.29204e-08)
(-10 8.72444e-07 -3.15068e-08)
(-10 9.50298e-07 -2.42968e-08)
(-10 1.02246e-06 -2.05075e-08)
(-10 1.08613e-06 -2.69355e-08)
(-10 1.13393e-06 -2.80833e-08)
(-10 1.16094e-06 -2.01461e-08)
(-10 1.16909e-06 -1.20239e-08)
(-10 1.12115e-06 -1.23701e-08)
(-10 1.071e-06 -1.80564e-08)
(-10 1.02038e-06 -2.25645e-08)
(-10 9.59771e-07 -1.83006e-08)
(-10 8.88506e-07 -9.94421e-09)
(-10 8.0346e-07 -8.85244e-09)
(-10 6.92558e-07 -6.0163e-08)
(-10 7.99789e-07 -4.94282e-08)
(-10 8.8473e-07 -4.02684e-08)
(-10 9.73958e-07 -2.44369e-08)
(-10 1.05234e-06 -2.01498e-08)
(-10 1.12315e-06 -2.19922e-08)
(-10 1.1815e-06 -2.70902e-08)
(-10 1.2195e-06 -1.97108e-08)
(-10 1.23412e-06 -1.14071e-08)
(-10 1.23331e-06 -4.58601e-09)
(-10 1.18239e-06 -9.27525e-09)
(-10 1.12652e-06 -2.06157e-08)
(-10 1.07275e-06 -1.88359e-08)
(-10 1.01022e-06 -1.57636e-08)
(-10 9.37637e-07 -8.06917e-09)
(-10 8.51762e-07 -4.47123e-09)
(-10 8.03969e-07 -4.35046e-08)
(-10 9.04564e-07 -3.67525e-08)
(-10 9.84045e-07 -3.51441e-08)
(-10 1.07049e-06 -2.66085e-08)
(-10 1.14706e-06 -2.59306e-08)
(-10 1.21269e-06 -3.02115e-08)
(-10 1.26072e-06 -2.83111e-08)
(-10 1.28511e-06 -2.02939e-08)
(-10 1.28812e-06 -1.06212e-08)
(-10 1.28104e-06 -1.3144e-08)
(-10 1.22437e-06 -2.00333e-08)
(-10 1.16268e-06 -2.55815e-08)
(-10 1.10665e-06 -2.66603e-08)
(-10 1.04439e-06 -2.27868e-08)
(-10 9.72923e-07 -1.68163e-08)
(-10 8.89106e-07 -8.24863e-09)
(-10 9.18619e-07 -1.95834e-08)
(-10 1.00973e-06 -1.64068e-08)
(-10 1.08392e-06 -2.196e-08)
(-10 1.1663e-06 -1.8387e-08)
(-10 1.23765e-06 -2.10884e-08)
(-10 1.2952e-06 -2.35333e-08)
(-10 1.32979e-06 -1.78929e-08)
(-10 1.33995e-06 -9.87002e-09)
(-10 1.33258e-06 -1.07725e-09)
(-10 1.31911e-06 -5.36649e-09)
(-10 1.25467e-06 -1.98324e-08)
(-10 1.18872e-06 -2.38584e-08)
(-10 1.13196e-06 -2.38698e-08)
(-10 1.07151e-06 -2.12548e-08)
(-10 1.00187e-06 -1.34336e-08)
(-10 9.21787e-07 -3.44467e-09)
(-10 1.02387e-06 -5.37627e-09)
(-10 1.10526e-06 -4.95405e-10)
(-10 1.17793e-06 -1.84662e-08)
(-10 1.2551e-06 -1.88768e-08)
(-10 1.32026e-06 -2.45814e-08)
(-10 1.36596e-06 -2.30001e-08)
(-10 1.38472e-06 -1.7615e-08)
(-10 1.38231e-06 -6.73013e-09)
(-10 1.3671e-06 -8.63593e-09)
(-10 1.34532e-06 -1.28854e-08)
(-10 1.27444e-06 -2.12378e-08)
(-10 1.20446e-06 -2.87699e-08)
(-10 1.14682e-06 -2.89451e-08)
(-10 1.08647e-06 -2.59935e-08)
(-10 1.01953e-06 -1.94918e-08)
(-10 9.47156e-07 -1.22566e-08)
(-10 1.10907e-06 1.64394e-08)
(-10 1.18684e-06 1.11022e-08)
(-10 1.25982e-06 -9.69864e-09)
(-10 1.33357e-06 -1.34296e-08)
(-10 1.39119e-06 -1.78008e-08)
(-10 1.42208e-06 -1.43461e-08)
(-10 1.42811e-06 -8.41575e-09)
(-10 1.41662e-06 1.22344e-09)
(-10 1.3943e-06 -1.96973e-09)
(-10 1.36494e-06 -8.4313e-09)
(-10 1.28941e-06 -1.70053e-08)
(-10 1.21487e-06 -2.36154e-08)
(-10 1.15467e-06 -2.55831e-08)
(-10 1.09714e-06 -2.20312e-08)
(-10 1.03465e-06 -1.57979e-08)
(-10 9.62552e-07 -9.33719e-09)
(-10 1.15774e-06 3.1294e-08)
(-10 1.23856e-06 1.91512e-08)
(-10 1.31721e-06 -1.44699e-08)
(-10 1.39165e-06 -1.85679e-08)
(-10 1.44016e-06 -1.88168e-08)
(-10 1.45843e-06 -1.65017e-08)
(-10 1.45331e-06 -7.81014e-09)
(-10 1.43594e-06 -5.60298e-09)
(-10 1.40814e-06 -7.20295e-09)
(-10 1.37607e-06 -1.02897e-08)
(-10 1.2954e-06 -1.75745e-08)
(-10 1.2169e-06 -2.41434e-08)
(-10 1.15567e-06 -2.55078e-08)
(-10 1.09552e-06 -2.3542e-08)
(-10 1.02869e-06 -2.57357e-08)
(-10 9.6842e-07 -1.76248e-08)
(-10 1.16093e-06 5.38106e-08)
(-10 1.25219e-06 3.77454e-08)
(-10 1.34055e-06 -8.83248e-09)
(-10 1.41684e-06 -1.47876e-08)
(-10 1.45762e-06 -1.67758e-08)
(-10 1.46881e-06 -1.41312e-08)
(-10 1.45677e-06 -6.47505e-09)
(-10 1.4377e-06 -1.51046e-09)
(-10 1.40689e-06 -4.69249e-09)
(-10 1.37221e-06 -7.4691e-09)
(-10 1.28852e-06 -1.22292e-08)
(-10 1.2072e-06 -1.526e-08)
(-10 1.14407e-06 -1.71903e-08)
(-10 1.08572e-06 -1.9487e-08)
(-10 1.03045e-06 -1.50051e-08)
(-10 9.6432e-07 -5.85488e-09)
(-10 8.96728e-07 2.85826e-09)
(-10 1.12557e-06 7.80426e-08)
(-10 1.23443e-06 5.15124e-08)
(-10 1.33502e-06 -1.10597e-08)
(-10 1.41254e-06 -2.0275e-08)
(-10 1.45096e-06 -2.43175e-08)
(-10 1.45594e-06 -2.03928e-08)
(-10 1.43943e-06 -1.57305e-08)
(-10 1.42396e-06 -1.34172e-08)
(-10 1.39207e-06 -1.25777e-08)
(-10 1.35814e-06 -1.24381e-08)
(-10 1.27329e-06 -1.37835e-08)
(-10 1.19377e-06 -1.15985e-08)
(-10 1.13644e-06 -7.5514e-09)
(-10 1.08181e-06 -8.89778e-09)
(-10 1.0181e-06 -1.97869e-08)
(-10 9.54894e-07 -1.42698e-08)
(-10 8.80146e-07 -1.39674e-08)
(-10 1.07339e-06 9.30419e-08)
(-10 1.198e-06 6.30788e-08)
(-10 1.3066e-06 -3.91866e-09)
(-10 1.38196e-06 -1.89592e-08)
(-10 1.41797e-06 -2.60866e-08)
(-10 1.41824e-06 -2.60519e-08)
(-10 1.40408e-06 -2.22102e-08)
(-10 1.38681e-06 -2.10626e-08)
(-10 1.35566e-06 -2.01359e-08)
(-10 1.3244e-06 -1.61209e-08)
(-10 1.24061e-06 -1.17087e-08)
(-10 1.16259e-06 -2.37609e-09)
(-10 1.10355e-06 -5.31093e-10)
(-10 1.05734e-06 -2.67222e-09)
(-10 1.01178e-06 -3.25842e-09)
(-10 9.34872e-07 -1.16736e-08)
(-10 8.35924e-07 -1.13218e-08)
(-10 1.02674e-06 1.03163e-07)
(-10 1.15716e-06 7.71064e-08)
(-10 1.26174e-06 -1.50861e-08)
(-10 1.32996e-06 -3.3503e-08)
(-10 1.35697e-06 -4.25862e-08)
(-10 1.35578e-06 -4.46935e-08)
(-10 1.34171e-06 -4.40982e-08)
(-10 1.32278e-06 -4.37843e-08)
(-10 1.29706e-06 -4.05948e-08)
(-10 1.26933e-06 -3.0564e-08)
(-10 1.1869e-06 -2.41652e-08)
(-10 1.11041e-06 -1.26417e-08)
(-10 1.05717e-06 4.89752e-09)
(-10 1.0138e-06 -2.2362e-09)
(-10 9.61567e-07 -1.68302e-08)
(-10 8.80988e-07 -1.10441e-08)
(-10 7.88198e-07 -4.93885e-11)
(-10 1.02347e-06 1.20872e-07)
(-10 1.13161e-06 8.03332e-08)
(-10 1.21812e-06 -1.42853e-08)
(-10 1.26617e-06 -4.05339e-08)
(-10 1.27968e-06 -5.25147e-08)
(-10 1.27324e-06 -5.81407e-08)
(-10 1.25917e-06 -6.04786e-08)
(-10 1.23951e-06 -5.86518e-08)
(-10 1.21773e-06 -5.32357e-08)
(-10 1.19588e-06 -4.10555e-08)
(-10 1.11468e-06 -3.08168e-08)
(-10 1.03644e-06 -9.34842e-09)
(-10 9.90643e-07 7.25338e-11)
(-10 9.51964e-07 1.31949e-09)
(-10 8.9605e-07 6.45691e-09)
(-10 8.26686e-07 5.20859e-10)
(-10 7.39654e-07 -1.30313e-08)
(-10 1.1031e-06 1.1397e-07)
(-10 1.16857e-06 8.58783e-08)
(-10 1.21057e-06 -3.59951e-08)
(-10 1.21835e-06 -6.2122e-08)
(-10 1.21783e-06 -7.59262e-08)
(-10 1.20201e-06 -8.33341e-08)
(-10 1.18121e-06 -8.45077e-08)
(-10 1.1686e-06 -8.11674e-08)
(-10 1.15091e-06 -6.89214e-08)
(-10 1.13426e-06 -5.96407e-08)
(-10 1.05385e-06 -4.68094e-08)
(-10 9.77753e-07 -2.78346e-08)
(-10 9.34131e-07 -1.51855e-08)
(-10 9.02416e-07 2.89064e-09)
(-10 8.61082e-07 -7.75385e-09)
(-10 7.89392e-07 -1.11148e-08)
(-10 7.34785e-07 -1.57879e-09)
(-10 1.25948e-06 8.70517e-08)
(-10 1.25795e-06 6.45675e-08)
(-10 1.25025e-06 -4.01585e-08)
(-10 1.22175e-06 -6.6706e-08)
(-10 1.19506e-06 -8.11598e-08)
(-10 1.16916e-06 -9.08477e-08)
(-10 1.15879e-06 -9.24861e-08)
(-10 1.14066e-06 -8.75294e-08)
(-10 1.13342e-06 -7.58496e-08)
(-10 1.13255e-06 -6.95767e-08)
(-10 1.05027e-06 -5.80003e-08)
(-10 9.84607e-07 -3.45762e-08)
(-10 9.47793e-07 -2.48912e-08)
(-10 9.14155e-07 -1.3022e-08)
(-10 8.74197e-07 5.80449e-10)
(-10 8.53495e-07 -4.18758e-10)
(-10 8.31246e-07 -1.62583e-09)
(-10 1.33298e-06 4.50282e-08)
(-10 1.2783e-06 4.87843e-08)
(-10 1.21939e-06 -6.17856e-08)
(-10 1.14318e-06 -7.72435e-08)
(-10 1.09977e-06 -8.66461e-08)
(-10 1.05994e-06 -8.64562e-08)
(-10 1.03932e-06 -8.10442e-08)
(-10 1.04312e-06 -8.05327e-08)
(-10 1.04071e-06 -7.69803e-08)
(-10 1.04971e-06 -7.1169e-08)
(-10 9.76562e-07 -6.32189e-08)
(-10 9.08145e-07 -5.59487e-08)
(-10 8.69858e-07 -3.16761e-08)
(-10 8.56376e-07 -1.06249e-08)
(-10 8.54966e-07 2.8532e-09)
(-10 8.46535e-07 2.42774e-08)
(-10 8.16556e-07 9.63329e-09)
(-10 1.27906e-06 -7.7076e-09)
(-10 1.19807e-06 1.93751e-08)
(-10 1.09827e-06 -7.00233e-08)
(-10 1.01462e-06 -8.20412e-08)
(-10 9.37767e-07 -6.75219e-08)
(-10 8.81489e-07 -5.88364e-08)
(-10 8.82388e-07 -7.20272e-08)
(-10 8.66787e-07 -6.15608e-08)
(-10 8.89329e-07 -6.0736e-08)
(-10 9.09175e-07 -6.91771e-08)
(-10 8.40746e-07 -6.64963e-08)
(-10 7.81541e-07 -5.14748e-08)
(-10 7.53935e-07 -4.09607e-08)
(-10 7.50844e-07 -1.07555e-08)
(-10 7.70687e-07 3.37379e-08)
(-10 7.74478e-07 1.21044e-08)
(-10 7.76216e-07 2.91096e-08)
(-10 1.11919e-06 -1.87865e-08)
(-10 1.06643e-06 2.07473e-08)
(-10 9.82238e-07 -8.64279e-08)
(-10 8.56036e-07 -9.09202e-08)
(-10 7.76811e-07 -7.29523e-08)
(-10 7.17869e-07 -5.25264e-08)
(-10 2.44665e-08 -1.49029e-07)
(-10 3.69878e-08 -1.04359e-07)
(-10 4.25843e-08 -7.27445e-08)
(-10 4.87664e-08 -3.53988e-08)
(-10 5.39858e-08 -8.2211e-09)
(-10 5.87601e-08 6.73293e-09)
(-10 6.31713e-08 1.65095e-08)
(-10 6.81894e-08 2.13944e-08)
(-10 7.32049e-08 2.52491e-08)
(-10 7.77137e-08 2.58059e-08)
(-10 7.88802e-08 2.53488e-08)
(-10 7.80018e-08 2.36012e-08)
(-10 7.501e-08 2.36684e-08)
(-10 7.0673e-08 2.60864e-08)
(-10 6.56929e-08 3.05818e-08)
(-10 5.85795e-08 2.78175e-08)
(-10 6.2377e-08 -1.99503e-07)
(-10 9.53981e-08 -1.55266e-07)
(-10 1.12053e-07 -1.14846e-07)
(-10 1.31543e-07 -7.52189e-08)
(-10 1.48081e-07 -4.93243e-08)
(-10 1.62924e-07 -3.1545e-08)
(-10 1.76985e-07 -2.21837e-08)
(-10 1.91546e-07 -1.93958e-08)
(-10 2.05941e-07 -1.8756e-08)
(-10 2.19437e-07 -1.87983e-08)
(-10 2.19449e-07 -2.02318e-08)
(-10 2.13976e-07 -2.08244e-08)
(-10 2.03942e-07 -1.82974e-08)
(-10 1.90594e-07 -1.12531e-08)
(-10 1.75691e-07 -3.59463e-09)
(-10 1.59366e-07 -8.13934e-09)
(-10 1.28481e-07 -1.91395e-07)
(-10 1.76657e-07 -1.51025e-07)
(-10 2.02703e-07 -1.11459e-07)
(-10 2.35006e-07 -7.2796e-08)
(-10 2.62689e-07 -4.64092e-08)
(-10 2.8773e-07 -2.82075e-08)
(-10 3.11688e-07 -1.86273e-08)
(-10 3.35735e-07 -1.55293e-08)
(-10 3.58375e-07 -1.60326e-08)
(-10 3.79378e-07 -1.76727e-08)
(-10 3.77795e-07 -2.01444e-08)
(-10 3.67494e-07 -2.11635e-08)
(-10 3.51096e-07 -1.84582e-08)
(-10 3.29657e-07 -1.10855e-08)
(-10 3.04192e-07 -2.94796e-09)
(-10 2.74863e-07 -5.20574e-09)
(-10 1.76647e-07 -1.84365e-07)
(-10 2.37569e-07 -1.47677e-07)
(-10 2.7323e-07 -1.09283e-07)
(-10 3.176e-07 -7.11456e-08)
(-10 3.55838e-07 -4.44634e-08)
(-10 3.9027e-07 -2.66097e-08)
(-10 4.22594e-07 -1.74756e-08)
(-10 4.5472e-07 -1.47797e-08)
(-10 4.83384e-07 -1.68225e-08)
(-10 5.08836e-07 -1.9789e-08)
(-10 5.03489e-07 -2.36629e-08)
(-10 4.86137e-07 -2.5161e-08)
(-10 4.63113e-07 -2.21585e-08)
(-10 4.34207e-07 -1.43114e-08)
(-10 3.99855e-07 -6.51964e-09)
(-10 3.61502e-07 -7.00198e-09)
(-10 2.37745e-07 -1.70847e-07)
(-10 3.12224e-07 -1.37754e-07)
(-10 3.58861e-07 -9.99505e-08)
(-10 4.15363e-07 -6.18514e-08)
(-10 4.64092e-07 -3.55373e-08)
(-10 5.0765e-07 -1.88272e-08)
(-10 5.48573e-07 -1.08115e-08)
(-10 5.87516e-07 -9.14505e-09)
(-10 6.20711e-07 -1.20233e-08)
(-10 6.48554e-07 -1.70641e-08)
(-10 6.37282e-07 -2.15329e-08)
(-10 6.13091e-07 -2.44603e-08)
(-10 5.85002e-07 -2.07101e-08)
(-10 5.49009e-07 -1.00926e-08)
(-10 5.06152e-07 -1.98739e-09)
(-10 4.56258e-07 -2.99611e-09)
(-10 2.9794e-07 -1.64063e-07)
(-10 3.84214e-07 -1.3386e-07)
(-10 4.41504e-07 -9.76547e-08)
(-10 5.09078e-07 -6.06602e-08)
(-10 5.66846e-07 -3.62259e-08)
(-10 6.17878e-07 -2.16981e-08)
(-10 6.65941e-07 -1.58487e-08)
(-10 7.09654e-07 -1.59596e-08)
(-10 7.45072e-07 -1.99093e-08)
(-10 7.72053e-07 -2.55406e-08)
(-10 7.52487e-07 -3.27846e-08)
(-10 7.2282e-07 -3.26336e-08)
(-10 6.88836e-07 -2.36513e-08)
(-10 6.46929e-07 -1.61364e-08)
(-10 5.96822e-07 -9.89814e-09)
(-10 5.3901e-07 -1.00878e-08)
(-10 3.7088e-07 -1.44476e-07)
(-10 4.67771e-07 -1.17615e-07)
(-10 5.34524e-07 -8.4191e-08)
(-10 6.11143e-07 -4.89842e-08)
(-10 6.76132e-07 -2.72881e-08)
(-10 7.33911e-07 -1.52468e-08)
(-10 7.86829e-07 -1.21776e-08)
(-10 8.33211e-07 -1.32309e-08)
(-10 8.68539e-07 -1.69022e-08)
(-10 8.91912e-07 -2.50021e-08)
(-10 8.65098e-07 -2.70069e-08)
(-10 8.30038e-07 -1.97489e-08)
(-10 7.90863e-07 -1.6817e-08)
(-10 7.43235e-07 -1.22207e-08)
(-10 6.86099e-07 -4.26038e-09)
(-10 6.19119e-07 -4.90418e-09)
(-10 4.47196e-07 -1.33571e-07)
(-10 5.51754e-07 -1.0975e-07)
(-10 6.24732e-07 -8.14242e-08)
(-10 7.07908e-07 -5.01417e-08)
(-10 7.78249e-07 -3.25493e-08)
(-10 8.40133e-07 -2.49364e-08)
(-10 8.95584e-07 -2.29158e-08)
(-10 9.41986e-07 -2.60425e-08)
(-10 9.74213e-07 -3.16146e-08)
(-10 9.9294e-07 -3.46741e-08)
(-10 9.59462e-07 -2.96429e-08)
(-10 9.18329e-07 -2.73682e-08)
(-10 8.74762e-07 -2.621e-08)
(-10 8.22059e-07 -2.01172e-08)
(-10 7.59655e-07 -1.39649e-08)
(-10 6.86923e-07 -1.36838e-08)
(-10 5.3902e-07 -1.06844e-07)
(-10 6.48333e-07 -8.63319e-08)
(-10 7.24381e-07 -6.4876e-08)
(-10 8.11312e-07 -3.79319e-08)
(-10 8.8457e-07 -2.49234e-08)
(-10 9.48233e-07 -2.09e-08)
(-10 1.00379e-06 -2.03125e-08)
(-10 1.04704e-06 -2.33429e-08)
(-10 1.07357e-06 -2.82943e-08)
(-10 1.08701e-06 -2.27995e-08)
(-10 1.04786e-06 -1.30572e-08)
(-10 1.00106e-06 -2.06612e-08)
(-10 9.53861e-07 -1.75414e-08)
(-10 8.97084e-07 -1.32159e-08)
(-10 8.30513e-07 -7.02742e-09)
(-10 7.51833e-07 -6.19199e-09)
(-10 6.36147e-07 -9.24723e-08)
(-10 7.4657e-07 -7.46229e-08)
(-10 8.22065e-07 -6.22401e-08)
(-10 9.08951e-07 -4.1349e-08)
(-10 9.82078e-07 -3.40739e-08)
(-10 1.0451e-06 -3.27728e-08)
(-10 1.09742e-06 -3.44323e-08)
(-10 1.13454e-06 -3.83941e-08)
(-10 1.155e-06 -3.37425e-08)
(-10 1.16204e-06 -2.6106e-08)
(-10 1.11645e-06 -2.74296e-08)
(-10 1.06529e-06 -2.71766e-08)
(-10 1.01397e-06 -2.56371e-08)
(-10 9.54316e-07 -2.35663e-08)
(-10 8.85059e-07 -1.83989e-08)
(-10 8.04126e-07 -1.57572e-08)
(-10 7.45688e-07 -6.16529e-08)
(-10 8.5396e-07 -4.7085e-08)
(-10 9.26122e-07 -4.44785e-08)
(-10 1.01008e-06 -2.91005e-08)
(-10 1.08028e-06 -2.60273e-08)
(-10 1.13975e-06 -2.65571e-08)
(-10 1.18595e-06 -2.90829e-08)
(-10 1.21539e-06 -2.89679e-08)
(-10 1.22743e-06 -1.81297e-08)
(-10 1.22898e-06 -8.09068e-09)
(-10 1.17753e-06 -1.64791e-08)
(-10 1.12055e-06 -1.64258e-08)
(-10 1.06626e-06 -1.74106e-08)
(-10 1.00517e-06 -1.55678e-08)
(-10 9.34802e-07 -9.68902e-09)
(-10 8.52062e-07 -6.07426e-09)
(-10 8.56993e-07 -4.70401e-08)
(-10 9.59134e-07 -3.38579e-08)
(-10 1.02559e-06 -4.33839e-08)
(-10 1.10359e-06 -3.42838e-08)
(-10 1.16863e-06 -3.38397e-08)
(-10 1.22168e-06 -3.6344e-08)
(-10 1.25952e-06 -3.94071e-08)
(-10 1.27946e-06 -3.16456e-08)
(-10 1.28306e-06 -2.41769e-08)
(-10 1.27818e-06 -2.45026e-08)
(-10 1.22038e-06 -2.24063e-08)
(-10 1.15778e-06 -2.67467e-08)
(-10 1.10159e-06 -2.89734e-08)
(-10 1.04008e-06 -2.70114e-08)
(-10 9.69713e-07 -2.18022e-08)
(-10 8.88213e-07 -1.66132e-08)
(-10 9.70543e-07 -1.58014e-08)
(-10 1.06246e-06 -4.03332e-09)
(-10 1.12366e-06 -2.69796e-08)
(-10 1.194e-06 -2.22342e-08)
(-10 1.25266e-06 -2.30939e-08)
(-10 1.29779e-06 -2.73544e-08)
(-10 1.32566e-06 -2.613e-08)
(-10 1.33496e-06 -1.78513e-08)
(-10 1.3313e-06 -1.15879e-08)
(-10 1.31881e-06 -9.47655e-09)
(-10 1.25424e-06 -1.10899e-08)
(-10 1.18749e-06 -1.89836e-08)
(-10 1.12962e-06 -2.06374e-08)
(-10 1.06833e-06 -1.85601e-08)
(-10 9.99451e-07 -1.28097e-08)
(-10 9.22628e-07 -5.46289e-09)
(-10 1.07457e-06 -1.49825e-09)
(-10 1.15743e-06 3.14236e-09)
(-10 1.21122e-06 -3.03551e-08)
(-10 1.2743e-06 -3.02897e-08)
(-10 1.32617e-06 -3.21431e-08)
(-10 1.36148e-06 -3.58086e-08)
(-10 1.37878e-06 -2.89505e-08)
(-10 1.37863e-06 -2.14636e-08)
(-10 1.36753e-06 -1.92548e-08)
(-10 1.34776e-06 -1.55828e-08)
(-10 1.2766e-06 -2.20579e-08)
(-10 1.20514e-06 -2.93745e-08)
(-10 1.14515e-06 -3.09693e-08)
(-10 1.08449e-06 -2.93085e-08)
(-10 1.01729e-06 -2.43107e-08)
(-10 9.41612e-07 -1.48881e-08)
(-10 1.15796e-06 2.81132e-08)
(-10 1.23559e-06 2.42872e-08)
(-10 1.28459e-06 -1.83571e-08)
(-10 1.34398e-06 -2.27352e-08)
(-10 1.38844e-06 -2.45231e-08)
(-10 1.41448e-06 -2.08544e-08)
(-10 1.42022e-06 -1.67474e-08)
(-10 1.41423e-06 -1.09954e-08)
(-10 1.39587e-06 -4.03016e-09)
(-10 1.37029e-06 -4.65965e-09)
(-10 1.29488e-06 -1.26473e-08)
(-10 1.21882e-06 -1.86066e-08)
(-10 1.15668e-06 -2.01271e-08)
(-10 1.09264e-06 -1.79933e-08)
(-10 1.02173e-06 -1.27656e-08)
(-10 9.61897e-07 -5.70561e-09)
(-10 1.2049e-06 4.45436e-08)
(-10 1.27572e-06 3.33631e-08)
(-10 1.3334e-06 -2.72837e-08)
(-10 1.39171e-06 -3.59136e-08)
(-10 1.43002e-06 -3.79903e-08)
(-10 1.44881e-06 -3.4136e-08)
(-10 1.44746e-06 -2.60292e-08)
(-10 1.4354e-06 -1.84503e-08)
(-10 1.41313e-06 -1.57819e-08)
(-10 1.38362e-06 -1.85446e-08)
(-10 1.30384e-06 -2.35451e-08)
(-10 1.22422e-06 -2.79009e-08)
(-10 1.15716e-06 -2.82175e-08)
(-10 1.08741e-06 -2.85233e-08)
(-10 1.02619e-06 -2.92336e-08)
(-10 9.54668e-07 -1.58794e-08)
(-10 1.20332e-06 8.16406e-08)
(-10 1.28917e-06 6.34352e-08)
(-10 1.34887e-06 -1.39311e-08)
(-10 1.40993e-06 -2.76931e-08)
(-10 1.44779e-06 -2.63845e-08)
(-10 1.45896e-06 -2.27288e-08)
(-10 1.45485e-06 -1.75045e-08)
(-10 1.44031e-06 -8.99326e-09)
(-10 1.4171e-06 -8.20078e-09)
(-10 1.38595e-06 -1.02932e-08)
(-10 1.30409e-06 -1.331e-08)
(-10 1.22219e-06 -1.42418e-08)
(-10 1.15474e-06 -1.47466e-08)
(-10 1.0942e-06 -1.32612e-08)
(-10 1.0195e-06 -9.22533e-09)
(-10 9.78877e-07 -5.08003e-09)
(-10 1.16314e-06 9.56001e-08)
(-10 1.2495e-06 7.80455e-08)
(-10 1.33845e-06 -2.1758e-08)
(-10 1.40355e-06 -3.62425e-08)
(-10 1.44126e-06 -3.85327e-08)
(-10 1.45106e-06 -3.4296e-08)
(-10 1.44645e-06 -2.81382e-08)
(-10 1.43174e-06 -2.44579e-08)
(-10 1.40937e-06 -2.3791e-08)
(-10 1.37973e-06 -2.34895e-08)
(-10 1.29865e-06 -2.3046e-08)
(-10 1.21817e-06 -2.02154e-08)
(-10 1.15518e-06 -1.59089e-08)
(-10 1.094e-06 -1.36149e-08)
(-10 1.03656e-06 -2.05172e-08)
(-10 9.58783e-07 -1.65817e-08)
(-10 8.46831e-07 -2.73727e-09)
(-10 1.08923e-06 1.20604e-07)
(-10 1.20276e-06 9.35694e-08)
(-10 1.29671e-06 -7.49074e-09)
(-10 1.36231e-06 -2.209e-08)
(-10 1.39739e-06 -2.87946e-08)
(-10 1.40906e-06 -2.95436e-08)
(-10 1.40346e-06 -2.69621e-08)
(-10 1.39003e-06 -2.56699e-08)
(-10 1.36821e-06 -2.47669e-08)
(-10 1.34279e-06 -2.02846e-08)
(-10 1.26339e-06 -1.49883e-08)
(-10 1.18503e-06 -7.51552e-09)
(-10 1.12671e-06 -2.15816e-09)
(-10 1.07522e-06 -5.02433e-09)
(-10 1.01306e-06 -5.6684e-09)
(-10 9.23993e-07 -4.32555e-09)
(-10 8.25682e-07 6.10208e-09)
(-10 1.01833e-06 1.2876e-07)
(-10 1.14393e-06 8.55585e-08)
(-10 1.23416e-06 -1.98189e-08)
(-10 1.29482e-06 -4.1075e-08)
(-10 1.32746e-06 -4.98818e-08)
(-10 1.33566e-06 -5.46252e-08)
(-10 1.32977e-06 -5.57412e-08)
(-10 1.3179e-06 -5.50584e-08)
(-10 1.29952e-06 -5.20679e-08)
(-10 1.27908e-06 -3.93713e-08)
(-10 1.20176e-06 -3.32147e-08)
(-10 1.12539e-06 -2.13848e-08)
(-10 1.07331e-06 -1.16628e-08)
(-10 1.02699e-06 -1.23261e-08)
(-10 9.67751e-07 -9.06891e-09)
(-10 8.82766e-07 -1.07348e-08)
(-10 7.61428e-07 -1.27944e-08)
(-10 9.94128e-07 1.56031e-07)
(-10 1.10777e-06 1.14501e-07)
(-10 1.1801e-06 -2.04974e-08)
(-10 1.22432e-06 -4.08646e-08)
(-10 1.24607e-06 -5.26172e-08)
(-10 1.24671e-06 -5.81813e-08)
(-10 1.24072e-06 -6.06019e-08)
(-10 1.22909e-06 -5.85159e-08)
(-10 1.2141e-06 -5.24287e-08)
(-10 1.19829e-06 -3.86605e-08)
(-10 1.12182e-06 -2.23157e-08)
(-10 1.04624e-06 -5.34175e-09)
(-10 9.98748e-07 7.33513e-09)
(-10 9.5829e-07 1.69143e-08)
(-10 8.97426e-07 9.59883e-09)
(-10 8.0696e-07 -3.17825e-09)
(-10 7.06376e-07 1.05645e-08)
(-10 1.04844e-06 1.4672e-07)
(-10 1.12187e-06 9.3745e-08)
(-10 1.15752e-06 -4.12743e-08)
(-10 1.17007e-06 -6.51296e-08)
(-10 1.17283e-06 -7.62516e-08)
(-10 1.16263e-06 -8.52534e-08)
(-10 1.15144e-06 -8.84809e-08)
(-10 1.14085e-06 -8.4945e-08)
(-10 1.12911e-06 -7.53682e-08)
(-10 1.12262e-06 -6.08821e-08)
(-10 1.04137e-06 -4.55523e-08)
(-10 9.71399e-07 -2.39672e-08)
(-10 9.2697e-07 -8.09097e-09)
(-10 8.83686e-07 -8.84873e-09)
(-10 8.32535e-07 -1.09759e-08)
(-10 7.68478e-07 -1.7896e-08)
(-10 7.08623e-07 -2.30035e-08)
(-10 1.17782e-06 1.25246e-07)
(-10 1.20094e-06 1.00605e-07)
(-10 1.18767e-06 -4.21756e-08)
(-10 1.16281e-06 -6.4454e-08)
(-10 1.14528e-06 -7.44701e-08)
(-10 1.1267e-06 -8.14707e-08)
(-10 1.11164e-06 -8.10128e-08)
(-10 1.10779e-06 -7.89458e-08)
(-10 1.10633e-06 -6.75221e-08)
(-10 1.10364e-06 -5.32027e-08)
(-10 1.03085e-06 -3.37442e-08)
(-10 9.58823e-07 -1.80748e-08)
(-10 9.25223e-07 -2.5185e-09)
(-10 8.91155e-07 1.19262e-08)
(-10 8.56715e-07 8.21402e-09)
(-10 8.28794e-07 1.13686e-08)
(-10 7.84178e-07 1.74511e-08)
(-10 1.24156e-06 6.9123e-08)
(-10 1.20738e-06 7.16648e-08)
(-10 1.15429e-06 -6.87515e-08)
(-10 1.09506e-06 -8.6333e-08)
(-10 1.04959e-06 -8.77659e-08)
(-10 1.01525e-06 -9.07115e-08)
(-10 1.0013e-06 -9.37067e-08)
(-10 9.96903e-07 -8.55689e-08)
(-10 1.00316e-06 -8.03352e-08)
(-10 1.01859e-06 -6.91793e-08)
(-10 9.4672e-07 -5.70516e-08)
(-10 8.88665e-07 -3.92911e-08)
(-10 8.51675e-07 -2.74663e-08)
(-10 8.28516e-07 -6.10519e-09)
(-10 8.18811e-07 1.10311e-08)
(-10 8.09006e-07 2.21307e-08)
(-10 8.03943e-07 2.64143e-08)
(-10 1.21066e-06 2.94332e-08)
(-10 1.12881e-06 5.13445e-08)
(-10 1.06481e-06 -8.63725e-08)
(-10 9.75524e-07 -8.93103e-08)
(-10 9.12779e-07 -8.51215e-08)
(-10 8.68111e-07 -7.50258e-08)
(-10 8.47646e-07 -6.03939e-08)
(-10 8.62005e-07 -6.94248e-08)
(-10 8.74081e-07 -7.49422e-08)
(-10 8.86726e-07 -6.87769e-08)
(-10 8.18405e-07 -6.3474e-08)
(-10 7.69537e-07 -5.90526e-08)
(-10 7.43768e-07 -3.96062e-08)
(-10 7.42236e-07 -4.91656e-09)
(-10 7.61458e-07 2.39865e-08)
(-10 7.65875e-07 5.59326e-08)
(-10 7.56591e-07 3.42545e-08)
(-10 1.0843e-06 -1.42201e-08)
(-10 1.00556e-06 4.20036e-08)
(-10 9.53227e-07 -9.64809e-08)
(-10 8.47886e-07 -9.57919e-08)
(-10 7.61036e-07 -7.12374e-08)
(-10 7.10465e-07 -5.55815e-08)
(-10 7.01173e-07 -6.05943e-08)
(-10 7.07744e-07 -4.455e-08)
(-10 3.22038e-08 -1.05805e-07)
(-10 4.39974e-08 -6.5046e-08)
(-10 4.95907e-08 -3.84347e-08)
(-10 5.61767e-08 -1.16989e-08)
(-10 6.19807e-08 8.03001e-09)
(-10 6.68144e-08 2.25511e-08)
(-10 7.13667e-08 3.14662e-08)
(-10 7.6154e-08 3.59543e-08)
(-10 8.06612e-08 3.88381e-08)
(-10 8.46725e-08 4.00883e-08)
(-10 8.49616e-08 4.00386e-08)
(-10 8.3433e-08 3.97394e-08)
(-10 7.99766e-08 4.07681e-08)
(-10 7.56722e-08 4.23405e-08)
(-10 7.04193e-08 4.3699e-08)
(-10 6.3973e-08 4.18606e-08)
(-10 7.86095e-08 -1.43021e-07)
(-10 1.09443e-07 -1.01596e-07)
(-10 1.26105e-07 -6.99092e-08)
(-10 1.46276e-07 -4.03854e-08)
(-10 1.63752e-07 -1.91578e-08)
(-10 1.79045e-07 -4.16423e-09)
(-10 1.92989e-07 4.48503e-09)
(-10 2.06179e-07 7.90846e-09)
(-10 2.18415e-07 8.88626e-09)
(-10 2.29752e-07 8.94576e-09)
(-10 2.27709e-07 8.52981e-09)
(-10 2.21022e-07 8.61688e-09)
(-10 2.11327e-07 1.13082e-08)
(-10 1.98342e-07 1.49646e-08)
(-10 1.83502e-07 1.80741e-08)
(-10 1.66975e-07 1.83158e-08)
(-10 1.43194e-07 -1.388e-07)
(-10 1.88647e-07 -1.00419e-07)
(-10 2.15171e-07 -6.91247e-08)
(-10 2.48071e-07 -3.95348e-08)
(-10 2.76619e-07 -1.8564e-08)
(-10 3.02076e-07 -3.74501e-09)
(-10 3.25138e-07 4.56043e-09)
(-10 3.46578e-07 7.76529e-09)
(-10 3.6556e-07 7.92595e-09)
(-10 3.83165e-07 6.85853e-09)
(-10 3.78573e-07 5.64134e-09)
(-10 3.67433e-07 5.41274e-09)
(-10 3.52015e-07 8.30828e-09)
(-10 3.31209e-07 1.23488e-08)
(-10 3.06555e-07 1.6049e-08)
(-10 2.77623e-07 1.6224e-08)
(-10 1.96219e-07 -1.33747e-07)
(-10 2.55175e-07 -9.71596e-08)
(-10 2.91447e-07 -6.64235e-08)
(-10 3.36295e-07 -3.69659e-08)
(-10 3.7528e-07 -1.63872e-08)
(-10 4.09789e-07 -2.24578e-09)
(-10 4.40945e-07 5.40591e-09)
(-10 4.69278e-07 8.03868e-09)
(-10 4.93279e-07 7.28508e-09)
(-10 5.14436e-07 5.05387e-09)
(-10 5.05859e-07 3.06441e-09)
(-10 4.88391e-07 2.77314e-09)
(-10 4.66237e-07 6.14396e-09)
(-10 4.38032e-07 1.02176e-08)
(-10 4.04668e-07 1.3235e-08)
(-10 3.66876e-07 1.35483e-08)
(-10 2.59762e-07 -1.24535e-07)
(-10 3.32805e-07 -9.10593e-08)
(-10 3.79328e-07 -6.1467e-08)
(-10 4.35998e-07 -3.22845e-08)
(-10 4.84949e-07 -1.23704e-08)
(-10 5.27973e-07 6.13355e-10)
(-10 5.66642e-07 7.28838e-09)
(-10 6.00668e-07 8.95098e-09)
(-10 6.28278e-07 7.22927e-09)
(-10 6.51102e-07 4.10317e-09)
(-10 6.37599e-07 1.64237e-09)
(-10 6.13444e-07 2.2346e-09)
(-10 5.85181e-07 5.61262e-09)
(-10 5.50183e-07 9.90508e-09)
(-10 5.08468e-07 1.3723e-08)
(-10 4.59847e-07 1.38638e-08)
(-10 3.26153e-07 -1.20023e-07)
(-10 4.11313e-07 -8.80859e-08)
(-10 4.67238e-07 -6.04924e-08)
(-10 5.34201e-07 -3.24872e-08)
(-10 5.91734e-07 -1.41266e-08)
(-10 6.41905e-07 -2.88666e-09)
(-10 6.86154e-07 2.29558e-09)
(-10 7.23979e-07 2.69801e-09)
(-10 7.5326e-07 7.1143e-11)
(-10 7.75527e-07 -3.50727e-09)
(-10 7.54143e-07 -5.13061e-09)
(-10 7.23768e-07 -3.76216e-09)
(-10 6.90007e-07 -2.59572e-10)
(-10 6.49369e-07 3.83499e-09)
(-10 6.00652e-07 6.68061e-09)
(-10 5.4455e-07 7.30739e-09)
(-10 4.0355e-07 -1.05593e-07)
(-10 4.99102e-07 -7.70646e-08)
(-10 5.62293e-07 -5.26383e-08)
(-10 6.37672e-07 -2.61608e-08)
(-10 7.02051e-07 -9.91709e-09)
(-10 7.5743e-07 -7.82599e-10)
(-10 8.05234e-07 2.686e-09)
(-10 8.448e-07 1.9787e-09)
(-10 8.73727e-07 -8.52118e-10)
(-10 8.93143e-07 -3.36562e-09)
(-10 8.6427e-07 -3.62901e-09)
(-10 8.28671e-07 -1.67995e-09)
(-10 7.90319e-07 1.60976e-09)
(-10 7.43842e-07 5.54474e-09)
(-10 6.88552e-07 9.35263e-09)
(-10 6.23792e-07 9.08458e-09)
(-10 4.86614e-07 -9.91732e-08)
(-10 5.89701e-07 -7.20852e-08)
(-10 6.57012e-07 -5.26255e-08)
(-10 7.38352e-07 -2.92081e-08)
(-10 8.06832e-07 -1.60583e-08)
(-10 8.64878e-07 -9.70867e-09)
(-10 9.13919e-07 -8.09122e-09)
(-10 9.52904e-07 -9.63889e-09)
(-10 9.7934e-07 -1.17827e-08)
(-10 9.94374e-07 -1.23041e-08)
(-10 9.59209e-07 -1.1124e-08)
(-10 9.18251e-07 -8.93104e-09)
(-10 8.7504e-07 -6.01114e-09)
(-10 8.23654e-07 -3.0016e-09)
(-10 7.63607e-07 -4.06063e-10)
(-10 6.9364e-07 4.63975e-10)
(-10 5.82297e-07 -7.92062e-08)
(-10 6.90223e-07 -5.54321e-08)
(-10 7.58657e-07 -4.2305e-08)
(-10 8.42528e-07 -2.22119e-08)
(-10 9.12097e-07 -1.24299e-08)
(-10 9.70356e-07 -8.63462e-09)
(-10 1.01842e-06 -8.41285e-09)
(-10 1.05456e-06 -9.82834e-09)
(-10 1.07614e-06 -9.85552e-09)
(-10 1.08645e-06 -8.03152e-09)
(-10 1.04596e-06 -5.86928e-09)
(-10 9.99355e-07 -4.03467e-09)
(-10 9.52017e-07 -1.72455e-09)
(-10 8.97233e-07 3.01397e-10)
(-10 8.33186e-07 3.84443e-09)
(-10 7.57683e-07 4.30801e-09)
(-10 6.84139e-07 -7.13842e-08)
(-10 7.93052e-07 -4.81168e-08)
(-10 8.59487e-07 -4.33956e-08)
(-10 9.42106e-07 -2.80543e-08)
(-10 1.00967e-06 -2.2361e-08)
(-10 1.06562e-06 -2.0935e-08)
(-10 1.11021e-06 -2.16631e-08)
(-10 1.14121e-06 -2.19515e-08)
(-10 1.15705e-06 -1.97595e-08)
(-10 1.16245e-06 -1.622e-08)
(-10 1.11666e-06 -1.38479e-08)
(-10 1.06442e-06 -1.29862e-08)
(-10 1.01405e-06 -1.07833e-08)
(-10 9.56166e-07 -1.013e-08)
(-10 8.89351e-07 -7.47814e-09)
(-10 8.11863e-07 -5.88544e-09)
(-10 7.9576e-07 -4.76038e-08)
(-10 9.01567e-07 -2.67343e-08)
(-10 9.63481e-07 -3.20611e-08)
(-10 1.04172e-06 -2.03461e-08)
(-10 1.1047e-06 -1.78364e-08)
(-10 1.15611e-06 -1.7803e-08)
(-10 1.19506e-06 -1.82594e-08)
(-10 1.21926e-06 -1.6769e-08)
(-10 1.22924e-06 -1.24147e-08)
(-10 1.22935e-06 -8.03905e-09)
(-10 1.17728e-06 -6.50669e-09)
(-10 1.12063e-06 -6.91839e-09)
(-10 1.06713e-06 -6.72056e-09)
(-10 1.00759e-06 -4.99388e-09)
(-10 9.39085e-07 -1.44403e-09)
(-10 8.59988e-07 -2.80805e-10)
(-10 9.08408e-07 -3.83462e-08)
(-10 1.00601e-06 -2.44996e-08)
(-10 1.06235e-06 -3.50421e-08)
(-10 1.13314e-06 -2.75227e-08)
(-10 1.18995e-06 -2.76907e-08)
(-10 1.23496e-06 -2.84312e-08)
(-10 1.2665e-06 -2.87035e-08)
(-10 1.28283e-06 -2.57466e-08)
(-10 1.28614e-06 -1.98325e-08)
(-10 1.28053e-06 -1.61308e-08)
(-10 1.22271e-06 -1.60177e-08)
(-10 1.16107e-06 -1.7511e-08)
(-10 1.10515e-06 -1.80421e-08)
(-10 1.04446e-06 -1.69269e-08)
(-10 9.75729e-07 -1.39735e-08)
(-10 8.97863e-07 -9.43832e-09)
(-10 1.0203e-06 -1.16603e-08)
(-10 1.11014e-06 -1.37183e-08)
(-10 1.15618e-06 -2.38986e-08)
(-10 1.21862e-06 -1.86525e-08)
(-10 1.26886e-06 -1.95619e-08)
(-10 1.30639e-06 -2.14272e-08)
(-10 1.32912e-06 -2.04949e-08)
(-10 1.3376e-06 -1.52705e-08)
(-10 1.33445e-06 -8.90567e-09)
(-10 1.32225e-06 -6.4274e-09)
(-10 1.25942e-06 -7.99677e-09)
(-10 1.19279e-06 -1.0453e-08)
(-10 1.13448e-06 -1.14256e-08)
(-10 1.07323e-06 -1.04748e-08)
(-10 1.00506e-06 -6.01302e-09)
(-10 9.29626e-07 -1.60143e-09)
(-10 1.121e-06 -4.44133e-09)
(-10 1.203e-06 -9.87217e-09)
(-10 1.23954e-06 -2.95788e-08)
(-10 1.2938e-06 -2.83315e-08)
(-10 1.33679e-06 -2.99468e-08)
(-10 1.36646e-06 -2.99766e-08)
(-10 1.38068e-06 -2.74958e-08)
(-10 1.3818e-06 -2.14472e-08)
(-10 1.372e-06 -1.65115e-08)
(-10 1.35415e-06 -1.55013e-08)
(-10 1.28575e-06 -1.79426e-08)
(-10 1.21445e-06 -2.11433e-08)
(-10 1.15296e-06 -2.2247e-08)
(-10 1.09029e-06 -2.15829e-08)
(-10 1.02454e-06 -1.87544e-08)
(-10 9.52998e-07 -1.39462e-08)
(-10 1.20093e-06 2.36655e-08)
(-10 1.27102e-06 1.12542e-08)
(-10 1.30621e-06 -2.20835e-08)
(-10 1.35579e-06 -2.43852e-08)
(-10 1.39237e-06 -2.46999e-08)
(-10 1.41388e-06 -2.21364e-08)
(-10 1.42101e-06 -1.7033e-08)
(-10 1.41615e-06 -1.05464e-08)
(-10 1.40105e-06 -6.98232e-09)
(-10 1.37859e-06 -6.9743e-09)
(-10 1.30555e-06 -9.32237e-09)
(-10 1.22943e-06 -1.22535e-08)
(-10 1.16427e-06 -1.25443e-08)
(-10 1.10057e-06 -1.29749e-08)
(-10 1.03277e-06 -8.79828e-09)
(-10 9.60387e-07 -1.38583e-09)
(-10 1.24732e-06 3.54968e-08)
(-10 1.31821e-06 1.56946e-08)
(-10 1.35063e-06 -2.84602e-08)
(-10 1.39829e-06 -3.69041e-08)
(-10 1.4314e-06 -3.68377e-08)
(-10 1.44661e-06 -3.24272e-08)
(-10 1.44916e-06 -2.59513e-08)
(-10 1.44055e-06 -2.05303e-08)
(-10 1.42272e-06 -1.79605e-08)
(-10 1.39695e-06 -1.81662e-08)
(-10 1.32023e-06 -1.96626e-08)
(-10 1.24064e-06 -2.18854e-08)
(-10 1.17336e-06 -2.26824e-08)
(-10 1.10335e-06 -1.9479e-08)
(-10 1.0319e-06 -1.19588e-08)
(-10 9.87693e-07 -1.40985e-08)
(-10 1.25116e-06 7.17641e-08)
(-10 1.31697e-06 4.3996e-08)
(-10 1.36414e-06 -2.49573e-08)
(-10 1.4146e-06 -3.07958e-08)
(-10 1.44499e-06 -2.92462e-08)
(-10 1.459e-06 -2.41405e-08)
(-10 1.45848e-06 -1.76569e-08)
(-10 1.44951e-06 -1.24972e-08)
(-10 1.43047e-06 -1.09982e-08)
(-10 1.40362e-06 -1.03153e-08)
(-10 1.32479e-06 -1.02307e-08)
(-10 1.24351e-06 -9.77513e-09)
(-10 1.17368e-06 -7.5223e-09)
(-10 1.10454e-06 -4.85099e-09)
(-10 1.0368e-06 -3.00886e-09)
(-10 9.53234e-07 2.73531e-09)
(-10 1.20404e-06 8.07073e-08)
(-10 1.27811e-06 5.48574e-08)
(-10 1.34327e-06 -2.79797e-08)
(-10 1.39876e-06 -3.28146e-08)
(-10 1.43023e-06 -3.22395e-08)
(-10 1.44463e-06 -2.84718e-08)
(-10 1.44401e-06 -2.3416e-08)
(-10 1.43547e-06 -1.95189e-08)
(-10 1.41794e-06 -1.78142e-08)
(-10 1.39305e-06 -1.5901e-08)
(-10 1.31417e-06 -1.47117e-08)
(-10 1.23319e-06 -1.15896e-08)
(-10 1.16757e-06 -8.58595e-09)
(-10 1.10272e-06 -6.90726e-09)
(-10 1.01761e-06 -3.17132e-09)
(-10 9.47503e-07 -5.60355e-09)
(-10 1.11492e-06 9.3689e-08)
(-10 1.21992e-06 6.96574e-08)
(-10 1.28502e-06 -1.4738e-08)
(-10 1.34673e-06 -2.41511e-08)
(-10 1.38278e-06 -2.59377e-08)
(-10 1.39436e-06 -2.46868e-08)
(-10 1.39645e-06 -2.2192e-08)
(-10 1.38874e-06 -1.99752e-08)
(-10 1.37275e-06 -1.81402e-08)
(-10 1.35151e-06 -1.42518e-08)
(-10 1.2755e-06 -1.04868e-08)
(-10 1.20141e-06 -5.18981e-09)
(-10 1.13819e-06 -3.14637e-09)
(-10 1.0768e-06 -3.63758e-09)
(-10 1.01057e-06 -3.60511e-09)
(-10 9.27575e-07 3.96939e-09)
(-10 8.06956e-07 1.58581e-08)
(-10 1.02491e-06 9.63096e-08)
(-10 1.14321e-06 6.5249e-08)
(-10 1.2161e-06 -2.36264e-08)
(-10 1.27687e-06 -3.74413e-08)
(-10 1.31182e-06 -4.09298e-08)
(-10 1.32239e-06 -4.20757e-08)
(-10 1.32389e-06 -4.18251e-08)
(-10 1.31805e-06 -3.95615e-08)
(-10 1.30634e-06 -3.57815e-08)
(-10 1.29441e-06 -2.79885e-08)
(-10 1.22132e-06 -1.92972e-08)
(-10 1.14652e-06 -1.05355e-08)
(-10 1.09303e-06 -4.45979e-09)
(-10 1.04416e-06 1.41752e-09)
(-10 9.81099e-07 6.0615e-10)
(-10 8.49051e-07 -9.17772e-09)
(-10 7.71671e-07 4.66639e-09)
(-10 9.77047e-07 1.10163e-07)
(-10 1.08857e-06 6.46893e-08)
(-10 1.15272e-06 -3.0561e-08)
(-10 1.19918e-06 -4.12416e-08)
(-10 1.22319e-06 -4.81144e-08)
(-10 1.22986e-06 -5.17461e-08)
(-10 1.22617e-06 -5.18507e-08)
(-10 1.22065e-06 -4.94223e-08)
(-10 1.21182e-06 -4.34391e-08)
(-10 1.20117e-06 -3.15191e-08)
(-10 1.12938e-06 -1.87199e-08)
(-10 1.05641e-06 -5.90916e-09)
(-10 1.0105e-06 8.67531e-09)
(-10 9.72495e-07 7.49792e-09)
(-10 9.01575e-07 -8.73516e-10)
(-10 8.00431e-07 4.63025e-09)
(-10 6.89689e-07 1.30447e-08)
(-10 1.01322e-06 9.10621e-08)
(-10 1.09468e-06 5.12438e-08)
(-10 1.12525e-06 -5.44994e-08)
(-10 1.14481e-06 -6.51013e-08)
(-10 1.1527e-06 -7.21647e-08)
(-10 1.1483e-06 -7.55962e-08)
(-10 1.13929e-06 -7.66514e-08)
(-10 1.13337e-06 -7.55453e-08)
(-10 1.12875e-06 -6.87307e-08)
(-10 1.12446e-06 -5.53266e-08)
(-10 1.05024e-06 -4.04745e-08)
(-10 9.78699e-07 -2.47166e-08)
(-10 9.42123e-07 -1.39842e-08)
(-10 8.9944e-07 -1.05442e-08)
(-10 8.418e-07 -1.98907e-08)
(-10 7.68934e-07 -1.61236e-08)
(-10 6.88601e-07 -8.9871e-09)
(-10 1.12527e-06 7.90121e-08)
(-10 1.15979e-06 5.82949e-08)
(-10 1.14816e-06 -5.32162e-08)
(-10 1.13687e-06 -5.83183e-08)
(-10 1.12681e-06 -6.22347e-08)
(-10 1.10968e-06 -6.62709e-08)
(-10 1.0984e-06 -7.03049e-08)
(-10 1.09529e-06 -6.52562e-08)
(-10 1.09552e-06 -5.87468e-08)
(-10 1.10083e-06 -4.67064e-08)
(-10 1.03142e-06 -3.23437e-08)
(-10 9.77153e-07 -1.71872e-08)
(-10 9.35889e-07 -1.67628e-09)
(-10 8.99848e-07 1.54681e-09)
(-10 8.53102e-07 6.32731e-09)
(-10 8.08448e-07 2.02204e-08)
(-10 7.86948e-07 2.85794e-08)
(-10 1.16512e-06 3.75197e-08)
(-10 1.15905e-06 2.44363e-08)
(-10 1.10277e-06 -8.09811e-08)
(-10 1.0549e-06 -8.20199e-08)
(-10 1.02178e-06 -8.30229e-08)
(-10 9.92035e-07 -8.12204e-08)
(-10 9.75948e-07 -7.95135e-08)
(-10 9.7146e-07 -8.23415e-08)
(-10 9.77196e-07 -7.52226e-08)
(-10 9.93995e-07 -6.46015e-08)
(-10 9.2728e-07 -5.61518e-08)
(-10 8.72356e-07 -4.31493e-08)
(-10 8.4172e-07 -3.29286e-08)
(-10 8.10072e-07 -1.09922e-08)
(-10 7.93531e-07 3.77209e-09)
(-10 7.84095e-07 5.13519e-09)
(-10 7.55216e-07 1.25866e-08)
(-10 1.14043e-06 1.5012e-08)
(-10 1.10007e-06 2.18816e-08)
(-10 1.0188e-06 -8.66325e-08)
(-10 9.47596e-07 -7.6381e-08)
(-10 8.99866e-07 -6.37038e-08)
(-10 8.60719e-07 -5.47907e-08)
(-10 8.39157e-07 -5.23346e-08)
(-10 8.37958e-07 -4.54926e-08)
(-10 8.5265e-07 -4.35151e-08)
(-10 8.74675e-07 -4.20364e-08)
(-10 8.20857e-07 -3.75492e-08)
(-10 7.69558e-07 -3.13861e-08)
(-10 7.3576e-07 -8.80342e-09)
(-10 7.27389e-07 1.36032e-08)
(-10 7.56057e-07 3.45915e-08)
(-10 7.60534e-07 5.2844e-08)
(-10 7.52643e-07 5.48243e-08)
(-10 1.04229e-06 -1.65343e-08)
(-10 9.8325e-07 6.86795e-09)
(-10 9.15164e-07 -1.03283e-07)
(-10 8.2642e-07 -8.28433e-08)
(-10 7.62849e-07 -5.98872e-08)
(-10 7.17925e-07 -3.83993e-08)
(-10 6.9767e-07 -2.30836e-08)
(-10 7.03652e-07 -2.62916e-08)
(-10 7.20817e-07 -4.15914e-08)
(-10 7.65828e-07 -3.43094e-08)
(-10 7.10315e-07 -3.22361e-08)
(-10 4.60911e-08 -2.28937e-08)
(-10 5.80657e-08 -5.99393e-09)
(-10 6.40755e-08 4.58983e-09)
(-10 7.09386e-08 1.45081e-08)
(-10 7.71566e-08 2.23617e-08)
(-10 8.29002e-08 2.83811e-08)
(-10 8.80457e-08 3.26862e-08)
(-10 9.28114e-08 3.5307e-08)
(-10 9.73377e-08 3.70611e-08)
(-10 1.01131e-07 3.81962e-08)
(-10 1.01602e-07 3.89899e-08)
(-10 1.00308e-07 3.94657e-08)
(-10 9.72679e-08 3.96588e-08)
(-10 9.31641e-08 3.92408e-08)
(-10 8.77617e-08 3.82022e-08)
(-10 8.10387e-08 3.62303e-08)
(-10 1.16532e-07 -3.38794e-08)
(-10 1.47982e-07 -1.67793e-08)
(-10 1.65244e-07 -4.53422e-09)
(-10 1.85706e-07 6.24918e-09)
(-10 2.03992e-07 1.41688e-08)
(-10 2.20507e-07 2.00667e-08)
(-10 2.3546e-07 2.41942e-08)
(-10 2.49013e-07 2.66232e-08)
(-10 2.60594e-07 2.77465e-08)
(-10 2.713e-07 2.83157e-08)
(-10 2.69304e-07 2.86937e-08)
(-10 2.63703e-07 2.92433e-08)
(-10 2.55301e-07 2.98423e-08)
(-10 2.43143e-07 3.00191e-08)
(-10 2.28526e-07 2.99578e-08)
(-10 2.1226e-07 2.91775e-08)
(-10 1.99564e-07 -3.3348e-08)
(-10 2.46955e-07 -1.73788e-08)
(-10 2.74708e-07 -5.41712e-09)
(-10 3.08308e-07 5.24219e-09)
(-10 3.38422e-07 1.31692e-08)
(-10 3.65342e-07 1.88067e-08)
(-10 3.89679e-07 2.26888e-08)
(-10 4.11408e-07 2.49314e-08)
(-10 4.29692e-07 2.5843e-08)
(-10 4.46302e-07 2.59964e-08)
(-10 4.42063e-07 2.60336e-08)
(-10 4.32971e-07 2.63636e-08)
(-10 4.19155e-07 2.68622e-08)
(-10 3.9993e-07 2.72458e-08)
(-10 3.76137e-07 2.73685e-08)
(-10 3.48198e-07 2.6522e-08)
(-10 2.73931e-07 -3.13792e-08)
(-10 3.36494e-07 -1.5863e-08)
(-10 3.74622e-07 -4.16837e-09)
(-10 4.20582e-07 6.36263e-09)
(-10 4.61493e-07 1.42081e-08)
(-10 4.9796e-07 1.95458e-08)
(-10 5.30528e-07 2.3226e-08)
(-10 5.59094e-07 2.51452e-08)
(-10 5.82461e-07 2.55644e-08)
(-10 6.0253e-07 2.52504e-08)
(-10 5.94883e-07 2.48753e-08)
(-10 5.80232e-07 2.50084e-08)
(-10 5.60549e-07 2.561e-08)
(-10 5.34371e-07 2.5994e-08)
(-10 5.02085e-07 2.59678e-08)
(-10 4.65019e-07 2.55282e-08)
(-10 3.55536e-07 -2.93823e-08)
(-10 4.33456e-07 -1.50745e-08)
(-10 4.82315e-07 -4.03851e-09)
(-10 5.40195e-07 6.24907e-09)
(-10 5.913e-07 1.37279e-08)
(-10 6.3645e-07 1.86753e-08)
(-10 6.76382e-07 2.19264e-08)
(-10 7.10531e-07 2.32229e-08)
(-10 7.37622e-07 2.30494e-08)
(-10 7.59408e-07 2.22513e-08)
(-10 7.474e-07 2.1655e-08)
(-10 7.27212e-07 2.17101e-08)
(-10 7.01706e-07 2.23971e-08)
(-10 6.68774e-07 2.31818e-08)
(-10 6.28316e-07 2.35542e-08)
(-10 5.80864e-07 2.2864e-08)
(-10 4.40824e-07 -2.8241e-08)
(-10 5.32218e-07 -1.41975e-08)
(-10 5.90606e-07 -4.03557e-09)
(-10 6.58734e-07 5.7152e-09)
(-10 7.18606e-07 1.24299e-08)
(-10 7.70998e-07 1.70274e-08)
(-10 8.16418e-07 1.9607e-08)
(-10 8.54386e-07 2.01748e-08)
(-10 8.83227e-07 1.94899e-08)
(-10 9.04702e-07 1.83934e-08)
(-10 8.8745e-07 1.77594e-08)
(-10 8.60888e-07 1.81012e-08)
(-10 8.29942e-07 1.91594e-08)
(-10 7.91148e-07 1.97449e-08)
(-10 7.43872e-07 1.97988e-08)
(-10 6.88944e-07 1.965e-08)
(-10 5.33593e-07 -2.47347e-08)
(-10 6.36215e-07 -1.18879e-08)
(-10 7.02066e-07 -3.3149e-09)
(-10 7.78552e-07 5.6984e-09)
(-10 8.45125e-07 1.14085e-08)
(-10 9.02534e-07 1.54507e-08)
(-10 9.51475e-07 1.71507e-08)
(-10 9.91107e-07 1.70368e-08)
(-10 1.0198e-06 1.61124e-08)
(-10 1.03927e-06 1.49981e-08)
(-10 1.01596e-06 1.47517e-08)
(-10 9.83759e-07 1.56426e-08)
(-10 9.48106e-07 1.6543e-08)
(-10 9.03775e-07 1.72406e-08)
(-10 8.50386e-07 1.78616e-08)
(-10 7.87445e-07 1.73841e-08)
(-10 6.31444e-07 -2.36486e-08)
(-10 7.42468e-07 -1.06226e-08)
(-10 8.13133e-07 -4.31009e-09)
(-10 8.94899e-07 3.37239e-09)
(-10 9.65352e-07 7.88991e-09)
(-10 1.02541e-06 1.10256e-08)
(-10 1.07554e-06 1.18938e-08)
(-10 1.11474e-06 1.12859e-08)
(-10 1.14141e-06 1.03322e-08)
(-10 1.15763e-06 9.81795e-09)
(-10 1.12818e-06 1.04038e-08)
(-10 1.09034e-06 1.12588e-08)
(-10 1.05063e-06 1.20734e-08)
(-10 1.00194e-06 1.26044e-08)
(-10 9.43965e-07 1.28797e-08)
(-10 8.75824e-07 1.30841e-08)
(-10 7.37293e-07 -1.85132e-08)
(-10 8.54116e-07 -5.67262e-09)
(-10 9.26566e-07 -2.97111e-09)
(-10 1.00991e-06 3.25004e-09)
(-10 1.08119e-06 6.41676e-09)
(-10 1.14135e-06 8.56019e-09)
(-10 1.19039e-06 8.74465e-09)
(-10 1.22704e-06 8.01767e-09)
(-10 1.25019e-06 7.3747e-09)
(-10 1.26194e-06 7.78058e-09)
(-10 1.22674e-06 8.77648e-09)
(-10 1.18444e-06 9.40299e-09)
(-10 1.14101e-06 1.01384e-08)
(-10 1.08881e-06 1.07689e-08)
(-10 1.0272e-06 1.16251e-08)
(-10 9.54406e-07 1.17062e-08)
(-10 8.47934e-07 -1.74643e-08)
(-10 9.64849e-07 -3.87764e-09)
(-10 1.03737e-06 -4.41229e-09)
(-10 1.11864e-06 -2.68326e-10)
(-10 1.18782e-06 1.23031e-09)
(-10 1.24562e-06 2.39026e-09)
(-10 1.29138e-06 2.08876e-09)
(-10 1.32379e-06 1.47319e-09)
(-10 1.34208e-06 1.76596e-09)
(-10 1.34898e-06 3.12548e-09)
(-10 1.30855e-06 3.97768e-09)
(-10 1.26179e-06 4.2445e-09)
(-10 1.21552e-06 4.82679e-09)
(-10 1.16087e-06 5.30842e-09)
(-10 1.09684e-06 5.91156e-09)
(-10 1.02204e-06 7.0122e-09)
(-10 9.6367e-07 -9.79201e-09)
(-10 1.07906e-06 -6.52603e-09)
(-10 1.14595e-06 -2.0107e-09)
(-10 1.22244e-06 1.5357e-11)
(-10 1.28731e-06 1.10443e-10)
(-10 1.34072e-06 7.88554e-10)
(-10 1.38138e-06 1.43094e-10)
(-10 1.40807e-06 -1.02154e-10)
(-10 1.42055e-06 1.15385e-09)
(-10 1.42262e-06 2.50269e-09)
(-10 1.37711e-06 3.04741e-09)
(-10 1.32627e-06 3.7694e-09)
(-10 1.27752e-06 4.07514e-09)
(-10 1.22119e-06 4.4341e-09)
(-10 1.15587e-06 5.76305e-09)
(-10 1.08013e-06 6.53086e-09)
(-10 1.078e-06 -7.82985e-09)
(-10 1.18934e-06 -5.81381e-09)
(-10 1.24563e-06 -4.40989e-09)
(-10 1.31599e-06 -3.52282e-09)
(-10 1.37573e-06 -4.57524e-09)
(-10 1.42311e-06 -5.0543e-09)
(-10 1.4572e-06 -5.79861e-09)
(-10 1.47688e-06 -5.16105e-09)
(-10 1.4832e-06 -3.17823e-09)
(-10 1.48053e-06 -2.50848e-09)
(-10 1.42963e-06 -2.10693e-09)
(-10 1.37471e-06 -2.17093e-09)
(-10 1.32374e-06 -1.96415e-09)
(-10 1.26675e-06 -1.49491e-09)
(-10 1.20134e-06 -4.80097e-10)
(-10 1.12682e-06 1.41614e-09)
(-10 1.18686e-06 2.91749e-10)
(-10 1.29269e-06 -3.10695e-10)
(-10 1.33874e-06 -5.08444e-09)
(-10 1.40004e-06 -2.25428e-09)
(-10 1.45466e-06 -4.09563e-09)
(-10 1.49533e-06 -4.51812e-09)
(-10 1.52143e-06 -5.10289e-09)
(-10 1.53385e-06 -4.17258e-09)
(-10 1.53466e-06 -2.42244e-09)
(-10 1.52673e-06 -1.46872e-09)
(-10 1.47059e-06 -1.11433e-09)
(-10 1.41137e-06 -1.87118e-09)
(-10 1.35816e-06 -1.77535e-09)
(-10 1.30065e-06 -1.11759e-09)
(-10 1.23636e-06 4.24706e-10)
(-10 1.16451e-06 1.73918e-09)
(-10 1.28204e-06 2.74061e-09)
(-10 1.38061e-06 6.67462e-10)
(-10 1.41855e-06 -7.90541e-09)
(-10 1.47345e-06 -7.52263e-09)
(-10 1.52029e-06 -8.82406e-09)
(-10 1.55327e-06 -9.44622e-09)
(-10 1.57227e-06 -8.59425e-09)
(-10 1.57826e-06 -6.86795e-09)
(-10 1.57351e-06 -6.10395e-09)
(-10 1.56043e-06 -5.52502e-09)
(-10 1.49907e-06 -5.99855e-09)
(-10 1.43548e-06 -6.73525e-09)
(-10 1.37947e-06 -6.80809e-09)
(-10 1.32148e-06 -6.09984e-09)
(-10 1.25821e-06 -4.857e-09)
(-10 1.18899e-06 -2.45807e-09)
(-10 1.35719e-06 1.15113e-08)
(-10 1.44855e-06 5.95476e-09)
(-10 1.48151e-06 -6.5942e-09)
(-10 1.5337e-06 -8.6036e-09)
(-10 1.57354e-06 -9.30647e-09)
(-10 1.59922e-06 -8.65489e-09)
(-10 1.61166e-06 -7.40963e-09)
(-10 1.61287e-06 -5.89091e-09)
(-10 1.60379e-06 -4.60577e-09)
(-10 1.58629e-06 -4.33468e-09)
(-10 1.52041e-06 -4.76079e-09)
(-10 1.45307e-06 -5.68004e-09)
(-10 1.39416e-06 -5.32347e-09)
(-10 1.33309e-06 -3.88781e-09)
(-10 1.26982e-06 -2.11169e-09)
(-10 1.20671e-06 -1.88335e-09)
(-10 1.4053e-06 1.71592e-08)
(-10 1.49119e-06 9.79654e-09)
(-10 1.52357e-06 -1.00872e-08)
(-10 1.57367e-06 -1.35149e-08)
(-10 1.60888e-06 -1.39608e-08)
(-10 1.63104e-06 -1.27538e-08)
(-10 1.63963e-06 -1.07491e-08)
(-10 1.63749e-06 -8.95781e-09)
(-10 1.62537e-06 -7.98076e-09)
(-10 1.60671e-06 -7.70806e-09)
(-10 1.53861e-06 -8.52769e-09)
(-10 1.46674e-06 -8.50245e-09)
(-10 1.40318e-06 -7.43951e-09)
(-10 1.33957e-06 -7.24438e-09)
(-10 1.27907e-06 -5.01954e-09)
(-10 1.20915e-06 -1.21701e-09)
(-10 1.41714e-06 2.22237e-08)
(-10 1.50421e-06 1.11359e-08)
(-10 1.54173e-06 -7.90464e-09)
(-10 1.59354e-06 -1.31161e-08)
(-10 1.62856e-06 -1.33532e-08)
(-10 1.64796e-06 -1.21767e-08)
(-10 1.65624e-06 -1.03702e-08)
(-10 1.65039e-06 -8.71644e-09)
(-10 1.64291e-06 -7.94872e-09)
(-10 1.62366e-06 -7.57117e-09)
(-10 1.55239e-06 -7.90827e-09)
(-10 1.47898e-06 -7.81788e-09)
(-10 1.41517e-06 -7.17198e-09)
(-10 1.34969e-06 -4.39243e-09)
(-10 1.26887e-06 -2.78105e-09)
(-10 1.21609e-06 -4.37017e-09)
(-10 1.37678e-06 3.5001e-08)
(-10 1.47371e-06 1.82743e-08)
(-10 1.52237e-06 -1.34333e-08)
(-10 1.57963e-06 -1.26876e-08)
(-10 1.61796e-06 -1.18983e-08)
(-10 1.63707e-06 -1.04299e-08)
(-10 1.6466e-06 -8.81352e-09)
(-10 1.6422e-06 -7.4237e-09)
(-10 1.63467e-06 -6.11582e-09)
(-10 1.618e-06 -5.16083e-09)
(-10 1.54748e-06 -4.91797e-09)
(-10 1.47567e-06 -3.37538e-09)
(-10 1.41212e-06 8.05079e-10)
(-10 1.3338e-06 4.24037e-10)
(-10 1.27137e-06 -4.25718e-09)
(-10 1.20131e-06 -7.52722e-10)
(-10 1.28454e-06 3.16891e-08)
(-10 1.39797e-06 2.39779e-08)
(-10 1.46288e-06 -2.63221e-09)
(-10 1.52853e-06 -1.12283e-08)
(-10 1.56836e-06 -1.23557e-08)
(-10 1.59078e-06 -1.1507e-08)
(-10 1.60167e-06 -1.0473e-08)
(-10 1.60002e-06 -8.97264e-09)
(-10 1.59519e-06 -7.99339e-09)
(-10 1.58242e-06 -6.40813e-09)
(-10 1.51482e-06 -4.63322e-09)
(-10 1.44828e-06 -1.95779e-09)
(-10 1.39387e-06 -2.63179e-09)
(-10 1.3429e-06 1.42696e-09)
(-10 1.27227e-06 5.89029e-09)
(-10 1.16328e-06 -3.5064e-11)
(-10 1.18358e-06 3.47297e-08)
(-10 1.31418e-06 3.38984e-08)
(-10 1.38858e-06 -1.46413e-08)
(-10 1.45706e-06 -1.58074e-08)
(-10 1.49647e-06 -1.56075e-08)
(-10 1.51854e-06 -1.62296e-08)
(-10 1.52958e-06 -1.52568e-08)
(-10 1.53188e-06 -1.32884e-08)
(-10 1.52655e-06 -1.14011e-08)
(-10 1.51941e-06 -7.73056e-09)
(-10 1.45677e-06 -5.25329e-09)
(-10 1.39366e-06 -2.36687e-09)
(-10 1.34933e-06 5.68008e-09)
(-10 1.30765e-06 3.43674e-09)
(-10 1.23866e-06 1.93422e-09)
(-10 1.12693e-06 -5.85963e-10)
(-10 9.79929e-07 2.10028e-08)
(-10 1.11388e-06 3.72772e-08)
(-10 1.2413e-06 4.62504e-09)
(-10 1.30978e-06 -1.08743e-08)
(-10 1.3689e-06 -2.05225e-08)
(-10 1.40122e-06 -2.28803e-08)
(-10 1.41572e-06 -2.51159e-08)
(-10 1.42413e-06 -2.44086e-08)
(-10 1.42819e-06 -2.27506e-08)
(-10 1.42837e-06 -1.9713e-08)
(-10 1.42643e-06 -1.46108e-08)
(-10 1.35944e-06 -9.09208e-09)
(-10 1.30543e-06 -3.48716e-09)
(-10 1.27817e-06 8.4879e-10)
(-10 1.2329e-06 -1.11643e-09)
(-10 1.1698e-06 2.72209e-09)
(-10 1.07327e-06 5.74935e-09)
(-10 9.47816e-07 -3.91268e-10)
(-10 1.1292e-06 2.70901e-08)
(-10 1.22832e-06 2.30612e-08)
(-10 1.27296e-06 -3.33124e-08)
(-10 1.31053e-06 -3.28107e-08)
(-10 1.32747e-06 -3.09983e-08)
(-10 1.33271e-06 -3.27936e-08)
(-10 1.33574e-06 -3.29518e-08)
(-10 1.34022e-06 -3.19338e-08)
(-10 1.34355e-06 -2.92674e-08)
(-10 1.34628e-06 -2.44756e-08)
(-10 1.28693e-06 -1.79217e-08)
(-10 1.24046e-06 -1.4261e-08)
(-10 1.20768e-06 -8.87522e-09)
(-10 1.17552e-06 -6.57364e-09)
(-10 1.11231e-06 -1.88255e-08)
(-10 1.03594e-06 -1.10155e-08)
(-10 9.71541e-07 1.10129e-08)
(-10 1.20092e-06 2.02368e-08)
(-10 1.2631e-06 4.65223e-09)
(-10 1.26669e-06 -2.67428e-08)
(-10 1.27766e-06 -3.08262e-08)
(-10 1.27646e-06 -3.18012e-08)
(-10 1.27129e-06 -3.39157e-08)
(-10 1.27085e-06 -3.33911e-08)
(-10 1.27555e-06 -3.32507e-08)
(-10 1.28347e-06 -3.06124e-08)
(-10 1.29836e-06 -2.71108e-08)
(-10 1.24893e-06 -2.05997e-08)
(-10 1.19737e-06 -1.07174e-08)
(-10 1.16909e-06 -8.89699e-09)
(-10 1.14103e-06 -8.23873e-09)
(-10 1.09632e-06 -4.61868e-09)
(-10 1.06952e-06 1.30804e-08)
(-10 1.03004e-06 5.61094e-09)
(-10 1.22452e-06 7.42635e-09)
(-10 1.24728e-06 2.71014e-09)
(-10 1.21144e-06 -4.37391e-08)
(-10 1.192e-06 -4.19677e-08)
(-10 1.16975e-06 -3.70711e-08)
(-10 1.1513e-06 -3.94656e-08)
(-10 1.14455e-06 -3.92155e-08)
(-10 1.14929e-06 -3.84133e-08)
(-10 1.16245e-06 -3.78668e-08)
(-10 1.18718e-06 -3.48979e-08)
(-10 1.13798e-06 -3.18722e-08)
(-10 1.09265e-06 -3.09347e-08)
(-10 1.07409e-06 -1.82327e-08)
(-10 1.04945e-06 -1.02921e-08)
(-10 1.05035e-06 -5.14502e-09)
(-10 1.05129e-06 -1.19343e-08)
(-10 1.0317e-06 5.33651e-09)
(-10 1.19877e-06 7.78465e-09)
(-10 1.19224e-06 5.47532e-09)
(-10 1.12813e-06 -3.35817e-08)
(-10 1.08491e-06 -3.02491e-08)
(-10 1.04945e-06 -2.38286e-08)
(-10 1.0232e-06 -1.89993e-08)
(-10 1.0133e-06 -1.57209e-08)
(-10 1.02194e-06 -1.50503e-08)
(-10 1.04227e-06 -1.42961e-08)
(-10 1.07308e-06 -1.33268e-08)
(-10 1.02056e-06 -8.39338e-09)
(-10 9.81424e-07 1.60022e-09)
(-10 9.66072e-07 7.10219e-09)
(-10 9.94405e-07 1.26073e-08)
(-10 1.02164e-06 1.57412e-08)
(-10 1.01701e-06 3.09964e-08)
(-10 1.02738e-06 2.49355e-08)
(-10 1.11172e-06 3.89335e-09)
(-10 1.10081e-06 7.22729e-09)
(-10 1.02538e-06 -3.93758e-08)
(-10 9.66536e-07 -2.93651e-08)
(-10 9.18119e-07 -2.06441e-08)
(-10 8.77685e-07 -1.2567e-08)
(-10 8.8019e-07 -7.69582e-09)
(-10 8.87386e-07 -6.61698e-09)
(-10 9.13171e-07 -5.77091e-09)
(-10 9.53204e-07 -3.43717e-09)
(-10 9.128e-07 -9.46511e-09)
(-10 8.67378e-07 -1.55047e-09)
(-10 8.97485e-07 1.09423e-08)
(-10 9.29201e-07 2.18373e-08)
(-10 4.17039e-08 1.87267e-08)
(-10 3.65532e-08 1.62454e-08)
(-10 3.37093e-08 1.39779e-08)
(-10 2.71215e-08 7.41367e-09)
(-10 2.22401e-08 -2.43717e-09)
(-10 1.694e-08 -6.80843e-09)
(-10 1.13725e-08 -9.30581e-09)
(-10 5.45447e-09 -1.24173e-08)
(-10 3.19715e-10 -9.15255e-09)
(-10 -4.61817e-09 -3.63698e-09)
(-10 -9.67853e-09 1.75479e-09)
(-10 -1.4769e-08 6.14265e-09)
(-10 -2.23433e-08 9.14945e-09)
(-10 -2.8721e-08 1.18576e-08)
(-10 -3.44683e-08 1.32273e-08)
(-10 -3.29629e-08 1.10936e-08)
(-10 -3.49503e-08 5.58802e-09)
(-10 1.25449e-07 7.92044e-09)
(-10 1.09872e-07 7.12492e-09)
(-10 9.42981e-08 6.49754e-09)
(-10 7.60727e-08 -6.23638e-10)
(-10 5.97901e-08 -7.93072e-09)
(-10 3.99537e-08 -1.13721e-08)
(-10 2.19543e-08 -1.49635e-08)
(-10 2.89692e-09 -1.59973e-08)
(-10 -1.42607e-08 -1.34497e-08)
(-10 -3.07377e-08 -8.01575e-09)
(-10 -4.69506e-08 -2.03816e-09)
(-10 -6.57431e-08 2.46937e-09)
(-10 -9.47053e-08 6.31514e-09)
(-10 -9.97048e-08 9.47831e-09)
(-10 -1.20027e-07 8.95298e-09)
(-10 -1.12393e-07 7.5188e-09)
(-10 -1.15683e-07 4.06629e-09)
(-10 2.24518e-07 -7.50718e-10)
(-10 1.98046e-07 -1.99468e-09)
(-10 1.68896e-07 -2.51012e-09)
(-10 1.3767e-07 -8.88442e-09)
(-10 1.05199e-07 -1.46174e-08)
(-10 7.41884e-08 -1.9617e-08)
(-10 4.29895e-08 -2.24921e-08)
(-10 1.08539e-08 -2.23872e-08)
(-10 -1.92122e-08 -1.98098e-08)
(-10 -4.73279e-08 -1.33586e-08)
(-10 -7.7665e-08 -8.14592e-09)
(-10 -1.12252e-07 -2.20204e-09)
(-10 -1.59561e-07 2.53675e-09)
(-10 -1.64985e-07 5.14084e-09)
(-10 -2.06995e-07 5.45857e-09)
(-10 -1.8968e-07 5.0332e-09)
(-10 -2.00204e-07 6.42607e-10)
(-10 2.96984e-07 -6.09128e-09)
(-10 2.5883e-07 -6.58674e-09)
(-10 2.20028e-07 -6.8501e-09)
(-10 1.7792e-07 -1.27482e-08)
(-10 1.34956e-07 -1.99651e-08)
(-10 9.26631e-08 -2.44778e-08)
(-10 4.88328e-08 -2.54939e-08)
(-10 4.9953e-09 -2.54004e-08)
(-10 -3.71298e-08 -2.05768e-08)
(-10 -7.77751e-08 -1.61501e-08)
(-10 -1.2237e-07 -1.05757e-08)
(-10 -1.73574e-07 -4.4776e-09)
(-10 -2.39955e-07 4.46643e-10)
(-10 -2.35496e-07 2.11973e-09)
(-10 -3.05656e-07 4.03719e-09)
(-10 -2.79605e-07 1.47429e-09)
(-10 -2.9119e-07 -1.97828e-09)
(-10 3.79035e-07 -5.65804e-09)
(-10 3.32077e-07 -5.25575e-09)
(-10 2.84813e-07 -6.5683e-09)
(-10 2.33203e-07 -1.1293e-08)
(-10 1.79726e-07 -1.76832e-08)
(-10 1.26306e-07 -2.09177e-08)
(-10 7.18202e-08 -2.22691e-08)
(-10 1.55657e-08 -2.19803e-08)
(-10 -3.85761e-08 -1.77698e-08)
(-10 -9.22264e-08 -1.35016e-08)
(-10 -1.51792e-07 -7.95809e-09)
(-10 -2.20381e-07 -2.98129e-09)
(-10 -3.05994e-07 1.38744e-09)
(-10 -2.95231e-07 4.277e-09)
(-10 -3.90822e-07 4.47143e-09)
(-10 -3.5354e-07 1.09587e-09)
(-10 -3.68828e-07 -1.57358e-09)
(-10 4.48696e-07 -4.49038e-09)
(-10 3.94576e-07 -5.78287e-09)
(-10 3.38811e-07 -6.96137e-09)
(-10 2.79168e-07 -1.04221e-08)
(-10 2.15701e-07 -1.49411e-08)
(-10 1.5099e-07 -1.93172e-08)
(-10 8.65451e-08 -2.05323e-08)
(-10 2.02856e-08 -1.69879e-08)
(-10 -4.60522e-08 -1.38264e-08)
(-10 -1.12562e-07 -1.0155e-08)
(-10 -1.85114e-07 -5.90403e-09)
(-10 -2.69626e-07 -2.53507e-09)
(-10 -3.73997e-07 2.57642e-09)
(-10 -3.55325e-07 4.03761e-09)
(-10 -4.76445e-07 2.95346e-09)
(-10 -4.31573e-07 1.85775e-09)
(-10 -4.48113e-07 -1.98928e-09)
(-10 5.2059e-07 -5.07813e-09)
(-10 4.59877e-07 -7.18159e-09)
(-10 3.96261e-07 -6.04798e-09)
(-10 3.29408e-07 -9.84584e-09)
(-10 2.56727e-07 -1.17945e-08)
(-10 1.82217e-07 -1.52006e-08)
(-10 1.08421e-07 -1.4196e-08)
(-10 3.26303e-08 -1.06385e-08)
(-10 -4.56053e-08 -7.17968e-09)
(-10 -1.25575e-07 -4.79222e-09)
(-10 -2.11709e-07 -3.16076e-09)
(-10 -3.11995e-07 -1.1065e-09)
(-10 -4.35369e-07 2.89689e-09)
(-10 -4.07791e-07 2.93574e-09)
(-10 -5.56196e-07 1.10192e-10)
(-10 -5.04112e-07 1.74804e-09)
(-10 -5.20681e-07 -4.15514e-10)
(-10 5.80358e-07 -6.88359e-09)
(-10 5.1284e-07 -6.59903e-09)
(-10 4.42506e-07 -6.9664e-09)
(-10 3.69032e-07 -9.64324e-09)
(-10 2.89456e-07 -1.10018e-08)
(-10 2.06039e-07 -1.20423e-08)
(-10 1.22424e-07 -8.11714e-09)
(-10 3.81273e-08 -3.67991e-09)
(-10 -5.04191e-08 2.0776e-10)
(-10 -1.4336e-07 3.38184e-10)
(-10 -2.43048e-07 -1.67578e-09)
(-10 -3.57675e-07 -1.92909e-09)
(-10 -4.98855e-07 8.36631e-10)
(-10 -4.64876e-07 8.79218e-10)
(-10 -6.35723e-07 2.28237e-10)
(-10 -5.77065e-07 1.34293e-10)
(-10 -5.96799e-07 -1.2089e-09)
(-10 6.38514e-07 -6.14775e-09)
(-10 5.65206e-07 -5.10078e-09)
(-10 4.89243e-07 -7.46841e-09)
(-10 4.09724e-07 -7.91703e-09)
(-10 3.24879e-07 -8.26141e-09)
(-10 2.34161e-07 -6.3608e-09)
(-10 1.41102e-07 3.21988e-10)
(-10 4.74989e-08 4.90117e-09)
(-10 -5.07225e-08 7.25519e-09)
(-10 -1.55295e-07 4.7567e-09)
(-10 -2.68802e-07 -1.03051e-09)
(-10 -3.98709e-07 -3.86548e-09)
(-10 -5.57145e-07 -1.39377e-09)
(-10 -5.15266e-07 -1.22879e-09)
(-10 -7.09657e-07 -2.76768e-09)
(-10 -6.44814e-07 -1.33855e-09)
(-10 -6.66898e-07 -1.58364e-09)
(-10 6.84183e-07 -3.933e-09)
(-10 6.07237e-07 -5.76153e-09)
(-10 5.26253e-07 -6.92887e-09)
(-10 4.40984e-07 -8.08825e-09)
(-10 3.50244e-07 -6.92973e-09)
(-10 2.54093e-07 5.04281e-11)
(-10 1.53281e-07 7.33096e-09)
(-10 5.01858e-08 1.18143e-08)
(-10 -5.64233e-08 1.1528e-08)
(-10 -1.7194e-07 5.55843e-09)
(-10 -2.98925e-07 -2.88441e-09)
(-10 -4.43768e-07 -7.78032e-09)
(-10 -6.18096e-07 -5.62719e-09)
(-10 -5.69864e-07 -4.60623e-09)
(-10 -7.84976e-07 -4.87197e-09)
(-10 -7.14231e-07 -3.42993e-09)
(-10 -7.37174e-07 -5.33768e-09)
(-10 7.28912e-07 -1.96347e-09)
(-10 6.48477e-07 -4.55317e-09)
(-10 5.62978e-07 -3.15491e-09)
(-10 4.72905e-07 -4.36685e-09)
(-10 3.76537e-07 -2.58756e-09)
(-10 2.74585e-07 7.43418e-09)
(-10 1.6786e-07 1.49114e-08)
(-10 5.72071e-08 1.79269e-08)
(-10 -5.86978e-08 1.44113e-08)
(-10 -1.84473e-07 4.74371e-09)
(-10 -3.25729e-07 -5.18198e-09)
(-10 -4.85629e-07 -9.86853e-09)
(-10 -6.75214e-07 -8.15839e-09)
(-10 -6.19368e-07 -7.34255e-09)
(-10 -8.55857e-07 -6.85035e-09)
(-10 -7.79306e-07 -3.94249e-09)
(-10 -8.0296e-07 -4.39646e-09)
(-10 7.6324e-07 -1.3503e-09)
(-10 6.80776e-07 -1.42442e-09)
(-10 5.91428e-07 -3.07265e-09)
(-10 4.97054e-07 -2.5858e-09)
(-10 3.95531e-07 3.57995e-09)
(-10 2.8826e-07 1.28382e-08)
(-10 1.76619e-07 2.07313e-08)
(-10 5.95648e-08 2.089e-08)
(-10 -6.57895e-08 1.31961e-08)
(-10 -2.02299e-07 1.82836e-09)
(-10 -3.56605e-07 -8.84783e-09)
(-10 -5.30569e-07 -1.33122e-08)
(-10 -7.34387e-07 -9.30145e-09)
(-10 -6.7256e-07 -8.37027e-09)
(-10 -9.26968e-07 -6.3746e-09)
(-10 -8.45502e-07 -4.39538e-09)
(-10 -8.6938e-07 -4.14253e-09)
(-10 7.94597e-07 1.07345e-09)
(-10 7.10268e-07 2.56885e-09)
(-10 6.18865e-07 -2.36581e-11)
(-10 5.21131e-07 2.04414e-09)
(-10 4.15364e-07 9.82219e-09)
(-10 3.04338e-07 1.93603e-08)
(-10 1.8796e-07 2.55134e-08)
(-10 6.4312e-08 2.16644e-08)
(-10 -7.01245e-08 1.08161e-08)
(-10 -2.18363e-07 -1.27413e-09)
(-10 -3.84966e-07 -1.11744e-08)
(-10 -5.72356e-07 -1.38956e-08)
(-10 -7.89288e-07 -1.00664e-08)
(-10 -7.20433e-07 -8.60191e-09)
(-10 -9.9288e-07 -5.6386e-09)
(-10 -9.06815e-07 -3.55964e-09)
(-10 -9.31402e-07 -2.05839e-09)
(-10 8.1745e-07 6.69156e-09)
(-10 7.33029e-07 4.66022e-09)
(-10 6.41251e-07 -1.09931e-10)
(-10 5.41495e-07 4.48276e-09)
(-10 4.32987e-07 1.39879e-08)
(-10 3.17784e-07 2.42138e-08)
(-10 1.96066e-07 2.59534e-08)
(-10 6.53471e-08 1.90847e-08)
(-10 -7.81574e-08 6.54183e-09)
(-10 -2.37575e-07 -5.90909e-09)
(-10 -4.16153e-07 -1.24721e-08)
(-10 -6.15985e-07 -1.36399e-08)
(-10 -8.4453e-07 -1.24475e-08)
(-10 -7.69455e-07 -7.82598e-09)
(-10 -1.05816e-06 -7.44479e-09)
(-10 -9.67832e-07 -5.03667e-09)
(-10 -9.91545e-07 -4.59339e-09)
(-10 7.54e-07 2.77946e-09)
(-10 6.61144e-07 5.99726e-09)
(-10 5.61959e-07 8.15591e-09)
(-10 4.52093e-07 1.60338e-08)
(-10 3.33463e-07 2.64398e-08)
(-10 2.06804e-07 2.45723e-08)
(-10 6.84453e-08 1.62972e-08)
(-10 -8.47502e-08 3.06557e-09)
(-10 -2.54951e-07 -8.00369e-09)
(-10 -4.45355e-07 -1.21954e-08)
(-10 -6.56496e-07 -1.30188e-08)
(-10 -8.95959e-07 -1.08188e-08)
(-10 -8.14827e-07 -9.07043e-09)
(-10 -1.11899e-06 -9.33465e-09)
(-10 -1.02466e-06 -6.02803e-09)
(-10 -1.04626e-06 -4.40753e-09)
(-10 7.6772e-07 7.21235e-09)
(-10 6.77453e-07 6.51361e-09)
(-10 5.79417e-07 7.30306e-09)
(-10 4.6949e-07 1.79892e-08)
(-10 3.49239e-07 2.60497e-08)
(-10 2.17967e-07 2.26844e-08)
(-10 7.24204e-08 1.11414e-08)
(-10 -9.04499e-08 1.20293e-10)
(-10 -2.72047e-07 -7.46515e-09)
(-10 -4.73386e-07 -1.09366e-08)
(-10 -6.94879e-07 -1.16469e-08)
(-10 -9.45506e-07 -1.03356e-08)
(-10 -8.59837e-07 -9.87827e-09)
(-10 -1.17629e-06 -9.06814e-09)
(-10 -1.07791e-06 -8.2914e-09)
(-10 -1.09805e-06 -4.62751e-09)
(-10 7.7542e-07 -1.63212e-09)
(-10 6.88646e-07 4.1772e-09)
(-10 5.93568e-07 1.26491e-08)
(-10 4.85502e-07 1.97598e-08)
(-10 3.65122e-07 2.26834e-08)
(-10 2.29974e-07 1.79602e-08)
(-10 7.70558e-08 8.21669e-09)
(-10 -9.53948e-08 3.53234e-10)
(-10 -2.88626e-07 -3.38593e-09)
(-10 -5.00867e-07 -6.40618e-09)
(-10 -7.32537e-07 -7.79506e-09)
(-10 -9.95009e-07 -7.72989e-09)
(-10 -9.04843e-07 -8.86327e-09)
(-10 -1.23243e-06 -9.57278e-09)
(-10 -1.1298e-06 -6.65339e-09)
(-10 -1.14882e-06 -2.59574e-09)
(-10 7.81699e-07 6.45153e-09)
(-10 6.98982e-07 8.98868e-10)
(-10 6.07424e-07 4.88523e-09)
(-10 5.02533e-07 1.64273e-08)
(-10 3.83175e-07 1.805e-08)
(-10 2.44347e-07 1.17593e-08)
(-10 8.43609e-08 4.79862e-09)
(-10 -9.75586e-08 1.95313e-09)
(-10 -3.01429e-07 -4.96972e-10)
(-10 -5.24888e-07 -1.75686e-09)
(-10 -7.68215e-07 -3.04788e-09)
(-10 -1.04258e-06 -5.88446e-09)
(-10 -9.47064e-07 -8.20628e-09)
(-10 -1.28836e-06 -9.67566e-09)
(-10 -1.18002e-06 -8.64003e-09)
(-10 -1.19624e-06 -5.56565e-09)
(-10 7.77864e-07 -1.243e-08)
(-10 7.00446e-07 -4.8181e-09)
(-10 6.13763e-07 1.3807e-08)
(-10 5.14552e-07 1.18931e-08)
(-10 3.96174e-07 1.12734e-08)
(-10 2.54454e-07 7.79996e-09)
(-10 8.74633e-08 4.97248e-09)
(-10 -1.02239e-07 5.92359e-09)
(-10 -3.15702e-07 5.98759e-09)
(-10 -5.51436e-07 6.16255e-09)
(-10 -8.07283e-07 3.21124e-09)
(-10 -1.09417e-06 -7.78367e-10)
(-10 -9.92211e-07 -4.18726e-09)
(-10 -1.3499e-06 -8.34199e-09)
(-10 -1.23674e-06 -4.6787e-09)
(-10 -1.24631e-06 -1.76784e-09)
(-10 7.60162e-07 8.18406e-09)
(-10 6.9103e-07 1.16153e-09)
(-10 6.11848e-07 -4.18973e-10)
(-10 5.18389e-07 7.94994e-09)
(-10 4.02237e-07 4.75774e-09)
(-10 2.58874e-07 3.32667e-09)
(-10 8.70845e-08 4.86884e-09)
(-10 -1.08833e-07 6.19417e-09)
(-10 -3.29721e-07 9.29358e-09)
(-10 -5.76266e-07 1.25671e-08)
(-10 -8.47814e-07 9.32542e-09)
(-10 -1.15097e-06 6.15755e-09)
(-10 -1.04402e-06 1.43555e-09)
(-10 -1.41814e-06 -1.47802e-09)
(-10 -1.29721e-06 -1.6362e-09)
(-10 -1.30045e-06 1.08523e-09)
(-10 7.44186e-07 -8.56493e-10)
(-10 6.84044e-07 -1.07466e-10)
(-10 6.12076e-07 7.92976e-09)
(-10 5.21222e-07 4.89521e-09)
(-10 4.07472e-07 2.10316e-09)
(-10 2.63475e-07 2.27111e-09)
(-10 9.02979e-08 6.68741e-09)
(-10 -1.09903e-07 9.15163e-09)
(-10 -3.37114e-07 1.27417e-08)
(-10 -5.93218e-07 1.58381e-08)
(-10 -8.80091e-07 1.62361e-08)
(-10 -1.20563e-06 1.61878e-08)
(-10 -1.08795e-06 9.42353e-09)
(-10 -1.48786e-06 5.70437e-09)
(-10 -1.35247e-06 6.23752e-09)
(-10 -1.35102e-06 4.94475e-09)
(-10 7.56001e-07 1.42068e-08)
(-10 7.03381e-07 1.01614e-08)
(-10 6.34272e-07 4.36489e-09)
(-10 5.45096e-07 6.14408e-09)
(-10 4.32102e-07 4.24921e-09)
(-10 2.87964e-07 3.13772e-09)
(-10 1.15081e-07 4.9673e-09)
(-10 -8.79479e-08 1.08132e-08)
(-10 -3.22032e-07 1.58176e-08)
(-10 -5.88822e-07 1.63273e-08)
(-10 -8.90961e-07 2.07038e-08)
(-10 -1.24187e-06 2.39953e-08)
(-10 -1.10067e-06 1.95883e-08)
(-10 -1.55005e-06 1.56616e-08)
(-10 -1.39667e-06 9.67605e-09)
(-10 -1.38825e-06 4.11164e-09)
(-10 8.25987e-07 2.93573e-08)
(-10 7.82839e-07 2.20778e-08)
(-10 7.19054e-07 3.08979e-08)
(-10 6.30387e-07 2.66089e-08)
(-10 5.1702e-07 1.47869e-08)
(-10 3.72642e-07 1.55089e-08)
(-10 1.96649e-07 2.18533e-08)
(-10 -9.55659e-09 2.39646e-08)
(-10 -2.51577e-07 2.36255e-08)
(-10 -5.3091e-07 2.8569e-08)
(-10 -8.50678e-07 3.49054e-08)
(-10 -1.2285e-06 4.16756e-08)
(-10 -1.0782e-06 4.27522e-08)
(-10 -1.55902e-06 3.06513e-08)
(-10 -1.40377e-06 2.40596e-08)
(-10 -1.40501e-06 1.73485e-08)
(-10 8.3307e-07 3.00572e-08)
(-10 7.92619e-07 4.11103e-08)
(-10 7.22086e-07 3.02381e-08)
(-10 6.34569e-07 3.07518e-08)
(-10 5.22597e-07 3.98936e-08)
(-10 3.79482e-07 2.43847e-08)
(-10 2.04022e-07 1.25751e-08)
(-10 -5.91377e-09 2.12512e-08)
(-10 -2.52917e-07 3.03017e-08)
(-10 -5.41047e-07 4.30485e-08)
(-10 -8.76002e-07 4.35326e-08)
(-10 -1.27675e-06 5.92727e-08)
(-10 -1.1285e-06 5.98024e-08)
(-10 -1.65547e-06 5.60053e-08)
(-10 -1.49175e-06 4.69574e-08)
(-10 -1.47415e-06 2.65604e-08)
(-10 7.74942e-07 3.58267e-08)
(-10 7.3246e-07 1.80758e-09)
(-10 6.67218e-07 1.16334e-08)
(-10 5.8392e-07 1.60805e-08)
(-10 4.77013e-07 -2.72384e-08)
(-10 3.43315e-07 -3.31283e-08)
(-10 1.74591e-07 -5.20937e-09)
(-10 -3.10443e-08 -2.69469e-09)
(-10 -2.76453e-07 -2.76756e-10)
(-10 -5.69464e-07 5.58021e-10)
(-10 -9.13569e-07 2.32707e-08)
(-10 -1.33101e-06 3.84494e-08)
(-10 -1.20138e-06 3.10412e-08)
(-10 -1.71546e-06 2.52951e-08)
(-10 -1.56129e-06 8.59669e-09)
(-10 4.97826e-08 3.25609e-08)
(-10 4.42167e-08 3.50637e-08)
(-10 3.77737e-08 3.01885e-08)
(-10 3.21538e-08 1.85446e-08)
(-10 2.60526e-08 1.84966e-09)
(-10 1.99227e-08 -1.29962e-08)
(-10 1.38632e-08 -2.51201e-08)
(-10 7.75938e-09 -2.83209e-08)
(-10 2.26272e-09 -1.91158e-08)
(-10 -2.91929e-09 -6.79195e-09)
(-10 -8.20777e-09 4.85171e-09)
(-10 -1.36239e-08 1.46727e-08)
(-10 -2.20598e-08 2.04675e-08)
(-10 -2.41238e-08 2.58843e-08)
(-10 -3.14693e-08 2.92562e-08)
(-10 -3.0155e-08 2.33378e-08)
(-10 -3.33964e-08 1.7063e-08)
(-10 1.33027e-07 2.23123e-09)
(-10 1.14067e-07 1.38668e-09)
(-10 9.59228e-08 6.53648e-10)
(-10 7.72387e-08 -7.26363e-09)
(-10 5.76439e-08 -1.96695e-08)
(-10 3.7836e-08 -3.35429e-08)
(-10 1.83179e-08 -4.28469e-08)
(-10 -1.02179e-09 -4.24731e-08)
(-10 -1.88259e-08 -3.22283e-08)
(-10 -3.52105e-08 -1.99e-08)
(-10 -5.17771e-08 -7.74724e-09)
(-10 -7.0206e-08 2.40667e-09)
(-10 -9.98518e-08 9.74916e-09)
(-10 -9.62995e-08 1.5621e-08)
(-10 -1.22853e-07 1.83718e-08)
(-10 -1.1432e-07 1.24762e-08)
(-10 -1.19765e-07 5.01447e-09)
(-10 2.42287e-07 6.06518e-09)
(-10 2.1174e-07 1.88752e-09)
(-10 1.80633e-07 3.18195e-09)
(-10 1.47161e-07 -6.70156e-09)
(-10 1.12921e-07 -1.88914e-08)
(-10 7.81495e-08 -3.42104e-08)
(-10 4.39595e-08 -4.23334e-08)
(-10 1.04329e-08 -3.98092e-08)
(-10 -2.05536e-08 -2.98072e-08)
(-10 -4.82121e-08 -1.88323e-08)
(-10 -7.68298e-08 -6.96993e-09)
(-10 -1.09121e-07 3.20241e-09)
(-10 -1.55664e-07 1.15471e-08)
(-10 -1.50075e-07 1.49505e-08)
(-10 -1.99075e-07 1.71003e-08)
(-10 -1.86218e-07 1.26719e-08)
(-10 -1.95747e-07 6.03074e-09)
(-10 3.16073e-07 2.05798e-09)
(-10 2.7286e-07 1.94005e-09)
(-10 2.29599e-07 7.30232e-10)
(-10 1.83197e-07 -1.01573e-08)
(-10 1.35484e-07 -2.23427e-08)
(-10 8.70403e-08 -3.56e-08)
(-10 3.94947e-08 -4.03208e-08)
(-10 -6.68748e-09 -3.83513e-08)
(-10 -4.94399e-08 -2.97388e-08)
(-10 -8.74333e-08 -1.93108e-08)
(-10 -1.26726e-07 -7.69038e-09)
(-10 -1.7191e-07 2.19276e-09)
(-10 -2.35594e-07 1.02393e-08)
(-10 -2.20576e-07 1.20421e-08)
(-10 -2.95107e-07 1.62483e-08)
(-10 -2.77375e-07 1.12832e-08)
(-10 -2.87443e-07 7.2569e-09)
(-10 3.99597e-07 4.18279e-09)
(-10 3.46409e-07 2.86145e-09)
(-10 2.92297e-07 -1.13854e-09)
(-10 2.33309e-07 -1.00014e-08)
(-10 1.72348e-07 -2.18532e-08)
(-10 1.11121e-07 -2.98804e-08)
(-10 5.01839e-08 -3.24174e-08)
(-10 -8.77788e-09 -3.13152e-08)
(-10 -6.27467e-08 -2.35558e-08)
(-10 -1.11435e-07 -1.42212e-08)
(-10 -1.61159e-07 -4.1687e-09)
(-10 -2.19486e-07 4.34933e-09)
(-10 -3.02084e-07 1.20594e-08)
(-10 -2.74944e-07 1.31402e-08)
(-10 -3.76126e-07 1.37499e-08)
(-10 -3.53312e-07 1.28587e-08)
(-10 -3.68033e-07 8.82989e-09)
(-10 4.71406e-07 -2.79326e-09)
(-10 4.07538e-07 -6.48005e-09)
(-10 3.43215e-07 -7.66401e-09)
(-10 2.73376e-07 -1.52823e-08)
(-10 2.00511e-07 -2.34145e-08)
(-10 1.27028e-07 -2.73757e-08)
(-10 5.40235e-08 -2.87258e-08)
(-10 -1.68825e-08 -2.44915e-08)
(-10 -8.17203e-08 -1.86869e-08)
(-10 -1.39621e-07 -1.17235e-08)
(-10 -1.98429e-07 -3.34059e-09)
(-10 -2.69556e-07 2.4564e-09)
(-10 -3.71378e-07 8.43528e-09)
(-10 -3.30856e-07 8.85798e-09)
(-10 -4.45984e-07 1.10542e-08)
(-10 -4.31902e-07 8.30253e-09)
(-10 -4.48602e-07 3.34612e-09)
(-10 5.43009e-07 -3.50976e-09)
(-10 4.71021e-07 -7.09053e-09)
(-10 3.98215e-07 -6.77434e-09)
(-10 3.18165e-07 -1.31893e-08)
(-10 2.34521e-07 -1.6487e-08)
(-10 1.48968e-07 -1.89927e-08)
(-10 6.47447e-08 -1.89475e-08)
(-10 -1.64821e-08 -1.17712e-08)
(-10 -9.1058e-08 -6.30971e-09)
(-10 -1.564e-07 -1.49354e-09)
(-10 -2.24998e-07 1.00467e-09)
(-10 -3.0992e-07 3.27449e-09)
(-10 -4.31145e-07 8.52756e-09)
(-10 -3.77506e-07 8.70683e-09)
(-10 -5.1871e-07 7.91621e-09)
(-10 -5.04411e-07 9.21711e-09)
(-10 -5.23968e-07 5.60167e-09)
(-10 6.01827e-07 -1.07464e-08)
(-10 5.21504e-07 -1.08242e-08)
(-10 4.4129e-07 -1.13328e-08)
(-10 3.52133e-07 -1.67674e-08)
(-10 2.58675e-07 -1.806e-08)
(-10 1.64351e-07 -1.5666e-08)
(-10 6.99765e-08 -1.03366e-08)
(-10 -2.09337e-08 -3.4547e-09)
(-10 -1.0104e-07 2.9426e-09)
(-10 -1.73462e-07 2.14481e-09)
(-10 -2.53569e-07 -1.18438e-09)
(-10 -3.53485e-07 -1.02939e-09)
(-10 -4.95064e-07 2.07513e-09)
(-10 -4.27509e-07 3.27178e-09)
(-10 -5.91001e-07 2.57892e-09)
(-10 -5.77729e-07 4.40483e-09)
(-10 -6.0028e-07 2.46076e-09)
(-10 6.58323e-07 -6.73212e-09)
(-10 5.71765e-07 -6.06631e-09)
(-10 4.85464e-07 -9.78964e-09)
(-10 3.87844e-07 -1.23717e-08)
(-10 2.85973e-07 -1.05142e-08)
(-10 1.83941e-07 -4.18808e-09)
(-10 8.2104e-08 5.63164e-09)
(-10 -1.5544e-08 1.35919e-08)
(-10 -9.90727e-08 1.78409e-08)
(-10 -1.79825e-07 1.24593e-08)
(-10 -2.74896e-07 2.03638e-09)
(-10 -3.92152e-07 -3.31247e-09)
(-10 -5.54805e-07 3.01149e-10)
(-10 -4.73977e-07 3.53376e-09)
(-10 -6.65892e-07 1.87687e-09)
(-10 -6.47428e-07 4.91783e-09)
(-10 -6.7099e-07 4.55438e-09)
(-10 7.04648e-07 -7.52103e-09)
(-10 6.12009e-07 -1.07093e-08)
(-10 5.19201e-07 -1.38336e-08)
(-10 4.14361e-07 -1.47651e-08)
(-10 3.06424e-07 -6.5461e-09)
(-10 1.98682e-07 4.05513e-09)
(-10 8.95277e-08 1.4581e-08)
(-10 -8.59463e-09 2.41976e-08)
(-10 -9.64436e-08 2.3659e-08)
(-10 -1.89335e-07 1.16669e-08)
(-10 -3.01338e-07 -3.41389e-09)
(-10 -4.37598e-07 -1.15541e-08)
(-10 -6.20844e-07 -7.80878e-09)
(-10 -5.26781e-07 -2.31262e-09)
(-10 -7.38326e-07 -4.47106e-09)
(-10 -7.19753e-07 -2.92061e-09)
(-10 -7.46196e-07 -4.87765e-09)
(-10 7.50373e-07 -1.35588e-09)
(-10 6.52507e-07 -4.47926e-09)
(-10 5.54684e-07 -6.32591e-09)
(-10 4.43014e-07 -5.56633e-09)
(-10 3.29719e-07 2.95738e-09)
(-10 2.19218e-07 1.80447e-08)
(-10 1.06596e-07 3.12449e-08)
(-10 9.00343e-09 3.88812e-08)
(-10 -8.57514e-08 3.13825e-08)
(-10 -1.94266e-07 1.36065e-08)
(-10 -3.25214e-07 -7.16481e-09)
(-10 -4.81388e-07 -1.35289e-08)
(-10 -6.83641e-07 -7.31646e-09)
(-10 -5.79762e-07 -3.67882e-09)
(-10 -8.1467e-07 -8.03242e-09)
(-10 -7.89758e-07 -2.47105e-09)
(-10 -8.16662e-07 -1.63629e-09)
(-10 7.88214e-07 -4.97887e-09)
(-10 6.8529e-07 -3.73258e-09)
(-10 5.83059e-07 -6.65699e-09)
(-10 4.66323e-07 -1.91624e-09)
(-10 3.4995e-07 9.15491e-09)
(-10 2.34524e-07 2.1854e-08)
(-10 1.25118e-07 3.83071e-08)
(-10 2.56297e-08 4.09651e-08)
(-10 -8.10552e-08 2.61555e-08)
(-10 -2.06872e-07 5.4357e-09)
(-10 -3.57758e-07 -1.59954e-08)
(-10 -5.3206e-07 -2.08773e-08)
(-10 -7.50835e-07 -1.53244e-08)
(-10 -6.36779e-07 -1.17899e-08)
(-10 -8.91669e-07 -1.13701e-08)
(-10 -8.60296e-07 -8.23434e-09)
(-10 -8.86663e-07 -4.6044e-09)
(-10 8.2426e-07 1.97288e-09)
(-10 7.21953e-07 5.20043e-09)
(-10 6.14616e-07 8.84104e-10)
(-10 4.92662e-07 7.05572e-09)
(-10 3.77591e-07 1.94691e-08)
(-10 2.56524e-07 3.59352e-08)
(-10 1.50055e-07 4.98757e-08)
(-10 4.43342e-08 4.42335e-08)
(-10 -7.70143e-08 2.07735e-08)
(-10 -2.22197e-07 -7.7505e-10)
(-10 -3.92088e-07 -1.92498e-08)
(-10 -5.82674e-07 -1.55726e-08)
(-10 -8.16362e-07 -1.66752e-08)
(-10 -6.93449e-07 -1.28238e-08)
(-10 -9.6057e-07 -1.19406e-08)
(-10 -9.25341e-07 -6.41588e-09)
(-10 -9.5203e-07 -1.1746e-09)
(-10 8.6049e-07 3.24472e-09)
(-10 7.49667e-07 1.33381e-09)
(-10 6.378e-07 -2.14942e-09)
(-10 5.15762e-07 6.07871e-09)
(-10 3.97762e-07 1.36018e-08)
(-10 2.84225e-07 4.25106e-08)
(-10 1.74748e-07 4.90602e-08)
(-10 5.69717e-08 3.18428e-08)
(-10 -8.07684e-08 1.3916e-08)
(-10 -2.45615e-07 -1.41608e-08)
(-10 -4.32289e-07 -2.51871e-08)
(-10 -6.36845e-07 -1.97846e-08)
(-10 -8.84311e-07 -2.34814e-08)
(-10 -7.5126e-07 -1.9304e-08)
(-10 -1.03089e-06 -1.70957e-08)
(-10 -9.89026e-07 -1.27999e-08)
(-10 -1.01353e-06 -1.09015e-08)
(-10 8.76319e-07 9.39109e-10)
(-10 7.76842e-07 1.1094e-08)
(-10 6.77327e-07 7.9277e-09)
(-10 5.36242e-07 1.45574e-08)
(-10 4.24294e-07 3.15531e-08)
(-10 3.16274e-07 4.78877e-08)
(-10 2.01919e-07 4.86487e-08)
(-10 7.10122e-08 2.54454e-08)
(-10 -8.68503e-08 1.29553e-08)
(-10 -2.70041e-07 -1.4223e-08)
(-10 -4.69966e-07 -2.10697e-08)
(-10 -6.88962e-07 -1.67164e-08)
(-10 -9.51376e-07 -1.98789e-08)
(-10 -8.07487e-07 -1.74948e-08)
(-10 -1.09845e-06 -1.91647e-08)
(-10 -1.05093e-06 -1.30576e-08)
(-10 -1.07488e-06 -8.03508e-09)
(-10 8.98304e-07 -3.14992e-09)
(-10 8.08182e-07 -3.22007e-09)
(-10 6.83005e-07 6.03461e-09)
(-10 5.67141e-07 1.50122e-08)
(-10 4.54201e-07 3.0927e-08)
(-10 3.49525e-07 4.12865e-08)
(-10 2.27328e-07 3.499e-08)
(-10 7.97315e-08 1.82967e-08)
(-10 -9.69494e-08 -4.61917e-10)
(-10 -2.97281e-07 -1.45051e-08)
(-10 -5.10132e-07 -2.08969e-08)
(-10 -7.41504e-07 -2.16943e-08)
(-10 -1.01695e-06 -2.00103e-08)
(-10 -8.62558e-07 -1.91831e-08)
(-10 -1.16502e-06 -2.36812e-08)
(-10 -1.10938e-06 -1.985e-08)
(-10 -1.13026e-06 -9.04178e-09)
(-10 8.2644e-07 -2.81982e-09)
(-10 6.88798e-07 1.05102e-08)
(-10 5.85233e-07 1.67167e-08)
(-10 4.87377e-07 3.14828e-08)
(-10 3.82357e-07 3.81951e-08)
(-10 2.50479e-07 2.7537e-08)
(-10 8.53722e-08 1.51415e-08)
(-10 -1.08334e-07 1.67701e-09)
(-10 -3.2193e-07 -8.54481e-09)
(-10 -5.49154e-07 -1.23813e-08)
(-10 -7.96273e-07 -1.14425e-08)
(-10 -1.08182e-06 -1.35988e-08)
(-10 -9.17661e-07 -1.3526e-08)
(-10 -1.23107e-06 -2.03855e-08)
(-10 -1.16708e-06 -1.66348e-08)
(-10 -1.18301e-06 -7.68732e-09)
(-10 7.90198e-07 -1.91191e-08)
(-10 6.95742e-07 3.60898e-10)
(-10 6.1062e-07 1.28886e-08)
(-10 5.23195e-07 2.11717e-08)
(-10 4.12989e-07 2.56451e-08)
(-10 2.70697e-07 1.81983e-08)
(-10 9.26213e-08 7.96662e-09)
(-10 -1.15748e-07 1.78966e-09)
(-10 -3.41413e-07 -4.80443e-09)
(-10 -5.78747e-07 -6.37172e-09)
(-10 -8.4485e-07 -6.12845e-09)
(-10 -1.14382e-06 -1.11875e-08)
(-10 -9.69904e-07 -1.10958e-08)
(-10 -1.29797e-06 -1.84066e-08)
(-10 -1.22391e-06 -2.0357e-08)
(-10 -1.23427e-06 -1.2013e-08)
(-10 7.51816e-07 1.00541e-08)
(-10 6.90364e-07 8.06858e-09)
(-10 6.26079e-07 1.11089e-08)
(-10 5.41681e-07 1.57851e-08)
(-10 4.33321e-07 2.30262e-08)
(-10 2.8244e-07 1.63374e-08)
(-10 9.27842e-08 1.07536e-08)
(-10 -1.24509e-07 1.0667e-08)
(-10 -3.61157e-07 8.5221e-09)
(-10 -6.09226e-07 7.73662e-09)
(-10 -8.91608e-07 6.89448e-09)
(-10 -1.2075e-06 2.04213e-09)
(-10 -1.02592e-06 -2.24666e-09)
(-10 -1.37699e-06 -1.20951e-08)
(-10 -1.28944e-06 -6.80717e-09)
(-10 -1.28816e-06 -1.7521e-09)
(-10 7.11818e-07 4.98195e-10)
(-10 6.8106e-07 6.35505e-10)
(-10 6.23251e-07 2.39209e-09)
(-10 5.45239e-07 7.89843e-09)
(-10 4.38242e-07 9.68518e-09)
(-10 2.82165e-07 7.40486e-09)
(-10 8.66768e-08 8.15351e-09)
(-10 -1.33853e-07 1.219e-08)
(-10 -3.78526e-07 1.26239e-08)
(-10 -6.37564e-07 1.34069e-08)
(-10 -9.31173e-07 1.72073e-08)
(-10 -1.27338e-06 1.39423e-08)
(-10 -1.08292e-06 7.50083e-09)
(-10 -1.46068e-06 -3.51609e-10)
(-10 -1.35741e-06 -2.1276e-09)
(-10 -1.34284e-06 1.71579e-09)
(-10 6.75066e-07 -5.17001e-11)
(-10 6.52429e-07 5.25526e-09)
(-10 6.07274e-07 4.51373e-09)
(-10 5.36284e-07 9.02459e-09)
(-10 4.32172e-07 7.57557e-09)
(-10 2.72426e-07 1.11323e-08)
(-10 7.99674e-08 1.51205e-08)
(-10 -1.38925e-07 1.77e-08)
(-10 -3.88357e-07 2.17692e-08)
(-10 -6.59916e-07 2.63587e-08)
(-10 -9.636e-07 3.26715e-08)
(-10 -1.33473e-06 3.4557e-08)
(-10 -1.13098e-06 2.29298e-08)
(-10 -1.54305e-06 1.63462e-08)
(-10 -1.42084e-06 1.31238e-08)
(-10 -1.39288e-06 1.02481e-08)
(-10 6.90168e-07 -9.44682e-09)
(-10 6.60293e-07 -6.06368e-09)
(-10 6.22308e-07 3.95928e-09)
(-10 5.51582e-07 2.54323e-10)
(-10 4.41591e-07 1.1937e-09)
(-10 2.77153e-07 2.94039e-09)
(-10 1.00757e-07 5.32977e-09)
(-10 -1.16933e-07 1.26209e-08)
(-10 -3.6788e-07 1.43535e-08)
(-10 -6.5045e-07 2.40643e-08)
(-10 -9.66199e-07 3.43871e-08)
(-10 -1.36787e-06 4.07163e-08)
(-10 -1.15683e-06 3.24947e-08)
(-10 -1.60751e-06 2.70161e-08)
(-10 -1.46774e-06 1.50339e-08)
(-10 -1.43172e-06 4.47681e-09)
(-10 7.86876e-07 5.95194e-09)
(-10 7.55926e-07 6.4505e-09)
(-10 7.07164e-07 3.34994e-09)
(-10 6.20677e-07 6.07006e-09)
(-10 5.14691e-07 8.56268e-10)
(-10 3.71492e-07 -1.00303e-10)
(-10 1.91673e-07 1.01264e-08)
(-10 -2.16813e-08 8.09221e-09)
(-10 -2.70471e-07 1.24538e-08)
(-10 -5.7125e-07 3.22676e-08)
(-10 -9.10448e-07 4.01689e-08)
(-10 -1.32833e-06 4.67637e-08)
(-10 -1.10533e-06 5.46517e-08)
(-10 -1.58708e-06 4.38329e-08)
(-10 -1.4554e-06 2.33112e-08)
(-10 -1.42985e-06 1.67239e-08)
(-10 8.07925e-07 -1.08329e-08)
(-10 7.76576e-07 -8.10015e-10)
(-10 7.1513e-07 5.53074e-09)
(-10 6.42211e-07 1.60443e-09)
(-10 5.38526e-07 9.64776e-09)
(-10 3.91154e-07 -3.55136e-09)
(-10 2.19929e-07 -2.89843e-08)
(-10 1.15452e-08 -2.19921e-08)
(-10 -2.45805e-07 -7.41474e-09)
(-10 -5.44424e-07 1.76781e-09)
(-10 -8.90599e-07 3.11655e-08)
(-10 -1.33282e-06 5.94674e-08)
(-10 -1.08957e-06 4.69318e-08)
(-10 -1.62036e-06 4.09026e-08)
(-10 -1.50363e-06 1.95373e-08)
(-10 -1.45751e-06 -4.10783e-09)
(-10 7.67411e-07 2.92231e-08)
(-10 7.62303e-07 1.24128e-08)
(-10 6.78037e-07 1.9192e-08)
(-10 6.00195e-07 3.71071e-08)
(-10 4.94477e-07 5.33771e-09)
(-10 3.69795e-07 -4.15783e-08)
(-10 2.09708e-07 -3.6554e-08)
(-10 1.64172e-09 -4.43785e-08)
(-10 -2.46784e-07 -2.21276e-08)
(-10 -5.5167e-07 2.02041e-08)
(-10 -9.04838e-07 4.21089e-08)
(-10 -1.36865e-06 5.17457e-08)
(-10 -1.10579e-06 4.13084e-08)
(-10 -1.65958e-06 3.42355e-08)
(-10 -1.53519e-06 1.36384e-08)
(-10 -1.51753e-06 2.27569e-08)
(-10 5.45421e-08 1.59783e-08)
(-10 5.00395e-08 2.13238e-08)
(-10 4.20138e-08 1.37098e-08)
(-10 3.5478e-08 -2.90599e-09)
(-10 2.87611e-08 -1.81839e-08)
(-10 2.21939e-08 -2.82597e-08)
(-10 1.56157e-08 -3.38427e-08)
(-10 9.11008e-09 -3.3502e-08)
(-10 3.33984e-09 -2.53859e-08)
(-10 -1.98374e-09 -1.30867e-08)
(-10 -7.50809e-09 -1.33034e-09)
(-10 -1.33179e-08 9.03986e-09)
(-10 -2.21454e-08 1.56628e-08)
(-10 -2.40138e-08 2.00044e-08)
(-10 -3.15541e-08 2.31015e-08)
(-10 -3.03644e-08 1.68866e-08)
(-10 -3.36258e-08 1.13188e-08)
(-10 1.41358e-07 -1.24988e-08)
(-10 1.22545e-07 -8.61502e-09)
(-10 1.02767e-07 -1.31656e-08)
(-10 8.29279e-08 -2.50774e-08)
(-10 6.24637e-08 -3.7766e-08)
(-10 4.23508e-08 -4.40318e-08)
(-10 2.21217e-08 -4.73278e-08)
(-10 2.14953e-09 -4.49798e-08)
(-10 -1.59069e-08 -3.24613e-08)
(-10 -3.29515e-08 -2.36506e-08)
(-10 -5.03568e-08 -1.12864e-08)
(-10 -6.95162e-08 -5.85235e-10)
(-10 -1.00203e-07 7.36594e-09)
(-10 -9.65073e-08 1.17209e-08)
(-10 -1.2305e-07 1.3457e-08)
(-10 -1.14729e-07 1.10182e-08)
(-10 -1.19778e-07 1.98899e-09)
(-10 2.443e-07 -1.15845e-08)
(-10 2.14313e-07 -1.08445e-08)
(-10 1.82532e-07 -1.5415e-08)
(-10 1.48668e-07 -2.52633e-08)
(-10 1.14365e-07 -3.52238e-08)
(-10 8.03277e-08 -4.18331e-08)
(-10 4.59144e-08 -4.48777e-08)
(-10 1.25831e-08 -4.21162e-08)
(-10 -1.8034e-08 -3.12286e-08)
(-10 -4.70531e-08 -2.09341e-08)
(-10 -7.71678e-08 -9.59356e-09)
(-10 -1.10682e-07 1.73818e-10)
(-10 -1.581e-07 8.04476e-09)
(-10 -1.52312e-07 1.12076e-08)
(-10 -2.01693e-07 1.28821e-08)
(-10 -1.88553e-07 1.08084e-08)
(-10 -1.98305e-07 2.03019e-09)
(-10 3.19503e-07 -1.42005e-08)
(-10 2.76819e-07 -1.63713e-08)
(-10 2.33431e-07 -1.87913e-08)
(-10 1.86932e-07 -2.74727e-08)
(-10 1.39557e-07 -3.57998e-08)
(-10 9.20023e-08 -4.18042e-08)
(-10 4.45084e-08 -4.39841e-08)
(-10 -1.11253e-09 -4.05787e-08)
(-10 -4.33578e-08 -2.82175e-08)
(-10 -8.35095e-08 -2.15899e-08)
(-10 -1.25197e-07 -1.02402e-08)
(-10 -1.72305e-07 -1.58067e-09)
(-10 -2.37364e-07 5.54611e-09)
(-10 -2.22147e-07 7.56593e-09)
(-10 -2.96957e-07 1.0108e-08)
(-10 -2.78552e-07 7.48886e-09)
(-10 -2.88652e-07 3.3998e-10)
(-10 4.02471e-07 -1.05503e-08)
(-10 3.50103e-07 -1.25395e-08)
(-10 2.95598e-07 -1.46964e-08)
(-10 2.36779e-07 -2.28116e-08)
(-10 1.76548e-07 -2.9958e-08)
(-10 1.16104e-07 -3.44572e-08)
(-10 5.62162e-08 -3.52892e-08)
(-10 -1.64109e-09 -3.09341e-08)
(-10 -5.5238e-08 -2.24219e-08)
(-10 -1.06232e-07 -1.28733e-08)
(-10 -1.59616e-07 -4.83913e-09)
(-10 -2.20786e-07 1.87583e-09)
(-10 -3.05348e-07 7.65329e-09)
(-10 -2.76908e-07 8.66608e-09)
(-10 -3.7941e-07 1.17664e-08)
(-10 -3.55722e-07 9.31036e-09)
(-10 -3.69589e-07 1.19882e-09)
(-10 4.75512e-07 -1.62766e-08)
(-10 4.1218e-07 -1.79511e-08)
(-10 3.4709e-07 -1.92831e-08)
(-10 2.77359e-07 -2.60671e-08)
(-10 2.05497e-07 -3.16296e-08)
(-10 1.33582e-07 -3.41774e-08)
(-10 6.22084e-08 -3.29865e-08)
(-10 -6.93852e-09 -2.58438e-08)
(-10 -7.12519e-08 -1.97855e-08)
(-10 -1.32381e-07 -1.209e-08)
(-10 -1.96413e-07 -6.29262e-09)
(-10 -2.71161e-07 -1.77967e-09)
(-10 -3.75468e-07 2.63461e-09)
(-10 -3.33198e-07 3.41599e-09)
(-10 -4.49291e-07 6.45008e-09)
(-10 -4.35217e-07 3.60006e-09)
(-10 -4.4947e-07 -1.88325e-09)
(-10 5.45757e-07 -1.09856e-08)
(-10 4.74071e-07 -1.21549e-08)
(-10 4.00564e-07 -1.29618e-08)
(-10 3.20689e-07 -1.91813e-08)
(-10 2.38459e-07 -2.25369e-08)
(-10 1.55789e-07 -2.26481e-08)
(-10 7.36983e-08 -1.91755e-08)
(-10 -5.4472e-09 -1.22066e-08)
(-10 -7.96063e-08 -5.43177e-09)
(-10 -1.49952e-07 -1.09861e-09)
(-10 -2.24951e-07 7.83678e-10)
(-10 -3.14251e-07 2.12814e-09)
(-10 -4.38394e-07 4.55865e-09)
(-10 -3.8193e-07 5.14975e-09)
(-10 -5.22657e-07 6.51637e-09)
(-10 -5.08695e-07 6.13959e-09)
(-10 -5.2634e-07 1.06506e-09)
(-10 6.05733e-07 -1.82085e-08)
(-10 5.25677e-07 -1.81743e-08)
(-10 4.44489e-07 -1.90533e-08)
(-10 3.55819e-07 -2.39711e-08)
(-10 2.64323e-07 -2.52574e-08)
(-10 1.72386e-07 -2.11216e-08)
(-10 8.12665e-08 -1.50278e-08)
(-10 -6.50456e-09 -7.04659e-09)
(-10 -8.87885e-08 -1.61716e-09)
(-10 -1.68031e-07 -1.04854e-09)
(-10 -2.5463e-07 -3.69335e-09)
(-10 -3.58807e-07 -5.05626e-09)
(-10 -5.02978e-07 -4.32176e-09)
(-10 -4.32277e-07 -2.27996e-09)
(-10 -6.00948e-07 -1.45869e-09)
(-10 -5.83459e-07 -1.66841e-09)
(-10 -6.02978e-07 -2.38283e-09)
(-10 6.62989e-07 -9.57448e-09)
(-10 5.7698e-07 -9.56645e-09)
(-10 4.89331e-07 -1.04715e-08)
(-10 3.92369e-07 -1.51505e-08)
(-10 2.92138e-07 -1.32932e-08)
(-10 1.92668e-07 -6.08324e-09)
(-10 9.45383e-08 2.87197e-09)
(-10 -6.21295e-10 1.0755e-08)
(-10 -8.98252e-08 1.35244e-08)
(-10 -1.78506e-07 9.36775e-09)
(-10 -2.78985e-07 2.53622e-09)
(-10 -3.99766e-07 -2.8036e-09)
(-10 -5.6411e-07 -3.25843e-09)
(-10 -4.79883e-07 6.3562e-11)
(-10 -6.7413e-07 5.77247e-10)
(-10 -6.53267e-07 2.05341e-09)
(-10 -6.74854e-07 2.68895e-10)
(-10 7.11372e-07 -1.61895e-08)
(-10 6.19177e-07 -1.56601e-08)
(-10 5.25157e-07 -1.76795e-08)
(-10 4.21128e-07 -1.95257e-08)
(-10 3.14235e-07 -1.2499e-08)
(-10 2.09156e-07 -4.47224e-09)
(-10 1.05291e-07 7.19148e-09)
(-10 4.54257e-09 1.44846e-08)
(-10 -9.11524e-08 1.37518e-08)
(-10 -1.90685e-07 4.57841e-09)
(-10 -3.06758e-07 -6.53145e-09)
(-10 -4.45092e-07 -1.33756e-08)
(-10 -6.28987e-07 -1.40706e-08)
(-10 -5.31905e-07 -8.42408e-09)
(-10 -7.48151e-07 -7.43629e-09)
(-10 -7.25618e-07 -7.06457e-09)
(-10 -7.49866e-07 -5.54795e-09)
(-10 7.5726e-07 -5.51851e-09)
(-10 6.6046e-07 -4.39866e-09)
(-10 5.61201e-07 -6.24516e-09)
(-10 4.50822e-07 -6.42285e-09)
(-10 3.38944e-07 2.39659e-09)
(-10 2.30363e-07 1.52176e-08)
(-10 1.2143e-07 2.52326e-08)
(-10 1.63266e-08 3.11161e-08)
(-10 -8.69326e-08 2.48039e-08)
(-10 -2.00185e-07 1.10718e-08)
(-10 -3.33414e-07 -3.92221e-09)
(-10 -4.89572e-07 -1.03395e-08)
(-10 -6.91452e-07 -9.44362e-09)
(-10 -5.84302e-07 -5.1514e-09)
(-10 -8.21467e-07 -6.32489e-09)
(-10 -7.94552e-07 -3.17273e-09)
(-10 -8.20157e-07 -1.59955e-09)
(-10 7.94499e-07 -1.10838e-08)
(-10 6.95761e-07 -9.94467e-09)
(-10 5.9129e-07 -1.17379e-08)
(-10 4.7545e-07 -8.12117e-09)
(-10 3.60808e-07 -2.13578e-09)
(-10 2.4985e-07 1.5398e-08)
(-10 1.35458e-07 2.61173e-08)
(-10 2.68056e-08 2.94307e-08)
(-10 -8.64252e-08 1.85519e-08)
(-10 -2.1528e-07 8.88252e-10)
(-10 -3.66082e-07 -1.35235e-08)
(-10 -5.3836e-07 -1.94708e-08)
(-10 -7.56593e-07 -1.90135e-08)
(-10 -6.40699e-07 -1.44178e-08)
(-10 -8.96986e-07 -1.54085e-08)
(-10 -8.64629e-07 -1.24e-08)
(-10 -8.90645e-07 -8.26661e-09)
(-10 8.32008e-07 9.70416e-10)
(-10 7.29963e-07 2.9153e-09)
(-10 6.22052e-07 1.21163e-09)
(-10 5.03789e-07 7.01019e-09)
(-10 3.86014e-07 1.62366e-08)
(-10 2.72535e-07 2.8778e-08)
(-10 1.54818e-07 4.30116e-08)
(-10 4.01846e-08 4.00456e-08)
(-10 -8.62627e-08 2.39573e-08)
(-10 -2.31672e-07 5.73431e-09)
(-10 -3.99293e-07 -1.04762e-08)
(-10 -5.87697e-07 -1.30886e-08)
(-10 -8.20825e-07 -1.09707e-08)
(-10 -6.9469e-07 -1.02845e-08)
(-10 -9.66602e-07 -1.20212e-08)
(-10 -9.29621e-07 -7.02375e-09)
(-10 -9.55542e-07 -3.69789e-09)
(-10 8.56047e-07 -4.89231e-09)
(-10 7.63394e-07 -4.81106e-09)
(-10 6.53403e-07 -5.63007e-09)
(-10 5.24873e-07 5.48952e-09)
(-10 4.05318e-07 1.60644e-08)
(-10 2.90929e-07 2.76882e-08)
(-10 1.74249e-07 3.81953e-08)
(-10 4.91878e-08 2.98489e-08)
(-10 -9.24983e-08 1.11398e-08)
(-10 -2.5485e-07 -7.77113e-09)
(-10 -4.37491e-07 -1.86963e-08)
(-10 -6.38873e-07 -1.88554e-08)
(-10 -8.86808e-07 -1.94695e-08)
(-10 -7.51072e-07 -1.85468e-08)
(-10 -1.03606e-06 -2.00377e-08)
(-10 -9.9373e-07 -1.69447e-08)
(-10 -1.01924e-06 -9.30058e-09)
(-10 8.91328e-07 2.76104e-09)
(-10 7.90072e-07 6.75818e-09)
(-10 6.716e-07 8.9081e-09)
(-10 5.5335e-07 1.94613e-08)
(-10 4.28249e-07 3.2223e-08)
(-10 3.14637e-07 4.11221e-08)
(-10 1.94687e-07 4.51353e-08)
(-10 5.80765e-08 3.26802e-08)
(-10 -9.91293e-08 1.65894e-08)
(-10 -2.78256e-07 -1.66915e-09)
(-10 -4.74153e-07 -9.21349e-09)
(-10 -6.88596e-07 -8.25229e-09)
(-10 -9.50776e-07 -1.10581e-08)
(-10 -8.04602e-07 -1.17287e-08)
(-10 -1.10321e-06 -1.50859e-08)
(-10 -1.05378e-06 -1.10967e-08)
(-10 -1.07779e-06 -5.99449e-09)
(-10 9.02587e-07 8.97829e-10)
(-10 8.2373e-07 -8.29179e-09)
(-10 6.96901e-07 -5.99142e-09)
(-10 5.65931e-07 7.97218e-09)
(-10 4.54047e-07 2.87945e-08)
(-10 3.40792e-07 3.30662e-08)
(-10 2.14603e-07 3.18197e-08)
(-10 6.55169e-08 1.90017e-08)
(-10 -1.07242e-07 5.44058e-09)
(-10 -3.01417e-07 -5.12082e-09)
(-10 -5.1017e-07 -1.16547e-08)
(-10 -7.37523e-07 -1.39245e-08)
(-10 -1.01242e-06 -1.59368e-08)
(-10 -8.56777e-07 -1.69272e-08)
(-10 -1.16659e-06 -2.16696e-08)
(-10 -1.1101e-06 -2.03718e-08)
(-10 -1.13197e-06 -1.19811e-08)
(-10 9.01707e-07 1.81372e-09)
(-10 8.04596e-07 4.11298e-09)
(-10 7.05817e-07 4.5952e-09)
(-10 5.82407e-07 1.79522e-08)
(-10 4.79488e-07 3.39847e-08)
(-10 3.68565e-07 3.86606e-08)
(-10 2.3346e-07 3.34367e-08)
(-10 7.12832e-08 2.21018e-08)
(-10 -1.15118e-07 1.41043e-08)
(-10 -3.21696e-07 5.41956e-09)
(-10 -5.43856e-07 1.33442e-09)
(-10 -7.85053e-07 4.71208e-12)
(-10 -1.07245e-06 -4.32056e-09)
(-10 -9.06749e-07 -7.35943e-09)
(-10 -1.2292e-06 -1.45506e-08)
(-10 -1.16461e-06 -1.25223e-08)
(-10 -1.18149e-06 -7.62329e-09)
(-10 7.83318e-07 -8.15418e-09)
(-10 7.11173e-07 -9.53189e-09)
(-10 5.99256e-07 1.12673e-08)
(-10 5.07764e-07 1.99388e-08)
(-10 3.94228e-07 2.2127e-08)
(-10 2.52116e-07 1.73911e-08)
(-10 8.00773e-08 1.06163e-08)
(-10 -1.18108e-07 6.88319e-09)
(-10 -3.35675e-07 1.85845e-09)
(-10 -5.69134e-07 1.32581e-10)
(-10 -8.26968e-07 3.29862e-10)
(-10 -1.12854e-06 -4.79527e-09)
(-10 -9.53203e-07 -8.54805e-09)
(-10 -1.29149e-06 -1.67472e-08)
(-10 -1.21779e-06 -1.83127e-08)
(-10 -1.22859e-06 -1.0933e-08)
(-10 7.3229e-07 1.5669e-08)
(-10 6.73673e-07 1.40903e-08)
(-10 6.10087e-07 1.58908e-08)
(-10 5.2129e-07 1.94789e-08)
(-10 4.06607e-07 2.19051e-08)
(-10 2.59937e-07 1.99328e-08)
(-10 8.05935e-08 1.68638e-08)
(-10 -1.2578e-07 1.69979e-08)
(-10 -3.53164e-07 1.49759e-08)
(-10 -5.97334e-07 1.44509e-08)
(-10 -8.69949e-07 1.60965e-08)
(-10 -1.18948e-06 1.02516e-08)
(-10 -1.00323e-06 6.32775e-09)
(-10 -1.36276e-06 -4.50496e-09)
(-10 -1.27827e-06 -2.82619e-09)
(-10 -1.27922e-06 -4.93168e-10)
(-10 6.799e-07 9.4971e-09)
(-10 6.58152e-07 8.0423e-09)
(-10 6.00349e-07 5.22707e-09)
(-10 5.1621e-07 6.21354e-09)
(-10 4.02517e-07 5.1114e-09)
(-10 2.5418e-07 6.55962e-09)
(-10 7.16705e-08 7.18924e-09)
(-10 -1.38658e-07 8.60541e-09)
(-10 -3.73176e-07 1.00801e-08)
(-10 -6.27217e-07 7.49247e-09)
(-10 -9.1366e-07 1.76738e-08)
(-10 -1.25543e-06 1.70639e-08)
(-10 -1.05807e-06 9.93688e-09)
(-10 -1.44479e-06 4.17869e-10)
(-10 -1.34487e-06 -4.71114e-09)
(-10 -1.33526e-06 1.78677e-09)
(-10 6.32597e-07 7.16738e-09)
(-10 6.0743e-07 5.38065e-09)
(-10 5.74687e-07 1.67136e-08)
(-10 4.91944e-07 1.42135e-08)
(-10 3.84766e-07 1.76963e-08)
(-10 2.36182e-07 1.75559e-08)
(-10 5.62124e-08 1.88895e-08)
(-10 -1.52833e-07 2.2004e-08)
(-10 -3.91871e-07 2.37569e-08)
(-10 -6.58409e-07 2.48052e-08)
(-10 -9.56766e-07 3.76873e-08)
(-10 -1.32286e-06 4.10171e-08)
(-10 -1.11164e-06 2.92177e-08)
(-10 -1.53058e-06 1.89627e-08)
(-10 -1.41285e-06 1.2036e-08)
(-10 -1.39115e-06 1.08158e-08)
(-10 6.3784e-07 -1.02375e-08)
(-10 6.07103e-07 1.04026e-08)
(-10 5.67204e-07 4.42433e-09)
(-10 4.95486e-07 2.49146e-09)
(-10 3.84031e-07 4.24116e-09)
(-10 2.4703e-07 5.21173e-09)
(-10 6.81953e-08 5.73182e-09)
(-10 -1.41768e-07 9.10217e-09)
(-10 -3.88696e-07 5.93334e-09)
(-10 -6.53816e-07 2.30126e-08)
(-10 -9.65759e-07 3.17866e-08)
(-10 -1.36409e-06 3.78038e-08)
(-10 -1.13688e-06 2.57064e-08)
(-10 -1.58637e-06 1.50919e-08)
(-10 -1.45957e-06 3.39711e-09)
(-10 -1.43486e-06 1.9502e-09)
(-10 7.47205e-07 1.29777e-08)
(-10 7.09824e-07 1.80652e-08)
(-10 6.49596e-07 2.36757e-08)
(-10 5.72024e-07 2.1521e-08)
(-10 4.67704e-07 2.42436e-08)
(-10 3.31939e-07 2.4134e-08)
(-10 1.65167e-07 1.97811e-08)
(-10 -3.64988e-08 2.04357e-08)
(-10 -2.79254e-07 2.89583e-08)
(-10 -5.77929e-07 4.0092e-08)
(-10 -9.06483e-07 4.39157e-08)
(-10 -1.32229e-06 6.13661e-08)
(-10 -1.08803e-06 4.18442e-08)
(-10 -1.57702e-06 3.19218e-08)
(-10 -1.44497e-06 2.33205e-08)
(-10 -1.42928e-06 4.66379e-09)
(-10 7.77584e-07 1.98647e-08)
(-10 7.27764e-07 7.85119e-09)
(-10 6.68321e-07 9.89593e-09)
(-10 5.96171e-07 1.60845e-08)
(-10 4.9042e-07 1.21467e-08)
(-10 3.74989e-07 -5.16782e-12)
(-10 2.19275e-07 -2.59449e-09)
(-10 1.83552e-09 -8.31291e-09)
(-10 -2.4985e-07 -5.87751e-09)
(-10 -5.39599e-07 5.39757e-09)
(-10 -8.80934e-07 2.61627e-08)
(-10 -1.32176e-06 3.71696e-08)
(-10 -1.06318e-06 3.41009e-08)
(-10 -1.58132e-06 3.39815e-08)
(-10 -1.47301e-06 1.9155e-08)
(-10 -1.46905e-06 9.75649e-09)
(-10 7.58403e-07 2.03494e-08)
(-10 7.43048e-07 2.09752e-08)
(-10 6.55486e-07 2.50025e-08)
(-10 5.81222e-07 2.92178e-08)
(-10 4.99756e-07 2.71296e-08)
(-10 3.78002e-07 9.30675e-09)
(-10 2.05792e-07 -3.87533e-08)
(-10 1.79664e-09 -4.49082e-08)
(-10 -2.50451e-07 -3.15934e-08)
(-10 -5.50929e-07 -1.99987e-08)
(-10 -9.04098e-07 2.77274e-09)
(-10 -1.36663e-06 4.33098e-08)
(-10 -1.07532e-06 2.60287e-08)
(-10 -1.64042e-06 5.75914e-08)
(-10 -1.53441e-06 2.17133e-08)
(-10 -1.4979e-06 -1.7009e-08)
(-10 5.98074e-08 3.51601e-08)
(-10 5.38222e-08 3.18573e-08)
(-10 4.5382e-08 2.79035e-08)
(-10 3.87926e-08 1.8921e-08)
(-10 3.19511e-08 8.50381e-09)
(-10 2.49234e-08 -1.3154e-11)
(-10 1.81038e-08 -4.9388e-09)
(-10 1.15141e-08 -4.43823e-09)
(-10 5.43439e-09 1.47099e-09)
(-10 2.2272e-11 9.95943e-09)
(-10 -5.79393e-09 1.8102e-08)
(-10 -1.19054e-08 2.54777e-08)
(-10 -2.10687e-08 2.95014e-08)
(-10 -2.28226e-08 3.07744e-08)
(-10 -3.06195e-08 3.17369e-08)
(-10 -2.99774e-08 2.51556e-08)
(-10 -3.30369e-08 2.2172e-08)
(-10 1.49091e-07 1.50051e-08)
(-10 1.30289e-07 1.31967e-08)
(-10 1.09976e-07 1.04631e-08)
(-10 8.90801e-08 3.79991e-09)
(-10 6.80896e-08 -3.88512e-09)
(-10 4.77554e-08 -1.08545e-08)
(-10 2.73885e-08 -1.39199e-08)
(-10 7.5421e-09 -1.19411e-08)
(-10 -1.10605e-08 -5.20419e-09)
(-10 -2.87384e-08 3.50322e-09)
(-10 -4.69253e-08 1.16825e-08)
(-10 -6.68913e-08 1.91621e-08)
(-10 -9.88924e-08 2.35687e-08)
(-10 -9.57061e-08 2.46573e-08)
(-10 -1.21587e-07 2.49948e-08)
(-10 -1.13377e-07 2.16542e-08)
(-10 -1.18104e-07 1.54852e-08)
(-10 2.48254e-07 1.19775e-08)
(-10 2.18885e-07 1.10213e-08)
(-10 1.86688e-07 7.93122e-09)
(-10 1.52501e-07 1.05268e-09)
(-10 1.17985e-07 -5.6924e-09)
(-10 8.43212e-08 -1.16056e-08)
(-10 5.07218e-08 -1.41385e-08)
(-10 1.78545e-08 -1.18423e-08)
(-10 -1.31819e-08 -5.15267e-09)
(-10 -4.31983e-08 3.28034e-09)
(-10 -7.45798e-08 1.09925e-08)
(-10 -1.09384e-07 1.79298e-08)
(-10 -1.57544e-07 2.21125e-08)
(-10 -1.51702e-07 2.28491e-08)
(-10 -2.02019e-07 2.36995e-08)
(-10 -1.87926e-07 1.85039e-08)
(-10 -1.97231e-07 1.54516e-08)
(-10 3.25594e-07 1.09635e-08)
(-10 2.83703e-07 9.60129e-09)
(-10 2.40114e-07 6.67687e-09)
(-10 1.93873e-07 -1.17479e-10)
(-10 1.46695e-07 -6.24114e-09)
(-10 9.99264e-08 -1.07253e-08)
(-10 5.36979e-08 -1.24929e-08)
(-10 8.46736e-09 -9.92597e-09)
(-10 -3.42973e-08 -3.51404e-09)
(-10 -7.60607e-08 4.28974e-09)
(-10 -1.19625e-07 1.09762e-08)
(-10 -1.68468e-07 1.72428e-08)
(-10 -2.35092e-07 2.07102e-08)
(-10 -2.20569e-07 2.04213e-08)
(-10 -2.96033e-07 2.12769e-08)
(-10 -2.76604e-07 1.85855e-08)
(-10 -2.85608e-07 1.39662e-08)
(-10 4.07607e-07 9.37985e-09)
(-10 3.55666e-07 8.72759e-09)
(-10 3.01207e-07 6.16347e-09)
(-10 2.43161e-07 -3.21403e-10)
(-10 1.83887e-07 -5.33598e-09)
(-10 1.24768e-07 -8.2156e-09)
(-10 6.63148e-08 -8.8928e-09)
(-10 9.17608e-09 -5.7834e-09)
(-10 -4.50498e-08 3.10981e-10)
(-10 -9.82565e-08 6.95486e-09)
(-10 -1.54175e-07 1.32281e-08)
(-10 -2.17837e-07 1.74769e-08)
(-10 -3.0404e-07 1.9865e-08)
(-10 -2.75038e-07 1.92845e-08)
(-10 -3.79488e-07 2.00852e-08)
(-10 -3.55114e-07 1.57805e-08)
(-10 -3.67977e-07 1.36797e-08)
(-10 4.82395e-07 5.02996e-09)
(-10 4.19826e-07 3.67853e-09)
(-10 3.55369e-07 1.72549e-09)
(-10 2.86539e-07 -3.50799e-09)
(-10 2.16062e-07 -7.22415e-09)
(-10 1.45625e-07 -8.56657e-09)
(-10 7.58352e-08 -7.9825e-09)
(-10 7.62879e-09 -4.04965e-09)
(-10 -5.76543e-08 1.69429e-09)
(-10 -1.21563e-07 7.28694e-09)
(-10 -1.89117e-07 1.1597e-08)
(-10 -2.66908e-07 1.41205e-08)
(-10 -3.73458e-07 1.56897e-08)
(-10 -3.30979e-07 1.50959e-08)
(-10 -4.47727e-07 1.50521e-08)
(-10 -4.33465e-07 1.35776e-08)
(-10 -4.46872e-07 1.05019e-08)
(-10 5.52655e-07 4.50543e-09)
(-10 4.82107e-07 4.35958e-09)
(-10 4.08937e-07 3.08295e-09)
(-10 3.30059e-07 -1.52723e-09)
(-10 2.49284e-07 -3.57136e-09)
(-10 1.68535e-07 -3.2034e-09)
(-10 8.84368e-08 -1.17871e-09)
(-10 1.00954e-08 3.64527e-09)
(-10 -6.52987e-08 8.86672e-09)
(-10 -1.3937e-07 1.25595e-08)
(-10 -2.18827e-07 1.41529e-08)
(-10 -3.11504e-07 1.46516e-08)
(-10 -4.37524e-07 1.52604e-08)
(-10 -3.79797e-07 1.4643e-08)
(-10 -5.22095e-07 1.53045e-08)
(-10 -5.07392e-07 1.25149e-08)
(-10 -5.241e-07 1.09512e-08)
(-10 6.15151e-07 -1.12733e-09)
(-10 5.36408e-07 -1.29033e-09)
(-10 4.55364e-07 -2.32767e-09)
(-10 3.67694e-07 -5.60526e-09)
(-10 2.77768e-07 -6.11626e-09)
(-10 1.88144e-07 -3.61624e-09)
(-10 9.90512e-08 2.80897e-10)
(-10 1.16743e-08 5.86095e-09)
(-10 -7.25879e-08 1.03038e-08)
(-10 -1.56592e-07 1.14887e-08)
(-10 -2.48188e-07 1.02462e-08)
(-10 -3.55612e-07 8.7105e-09)
(-10 -5.01382e-07 8.32466e-09)
(-10 -4.30006e-07 8.87762e-09)
(-10 -5.98923e-07 8.8836e-09)
(-10 -5.81107e-07 8.04809e-09)
(-10 -5.99353e-07 7.40189e-09)
(-10 6.73067e-07 1.95948e-09)
(-10 5.88177e-07 2.02988e-09)
(-10 5.00385e-07 1.63303e-09)
(-10 4.04634e-07 -1.17716e-09)
(-10 3.06314e-07 2.9872e-10)
(-10 2.09282e-07 4.99212e-09)
(-10 1.12536e-07 1.05843e-08)
(-10 1.71494e-08 1.63905e-08)
(-10 -7.53981e-08 1.90572e-08)
(-10 -1.69653e-07 1.63714e-08)
(-10 -2.74713e-07 1.24197e-08)
(-10 -3.98093e-07 9.44407e-09)
(-10 -5.62926e-07 7.44488e-09)
(-10 -4.77777e-07 8.70257e-09)
(-10 -6.71371e-07 8.76453e-09)
(-10 -6.51365e-07 7.72878e-09)
(-10 -6.72194e-07 6.77084e-09)
(-10 7.2389e-07 -4.1088e-09)
(-10 6.33071e-07 -3.90164e-09)
(-10 5.38938e-07 -4.42283e-09)
(-10 4.36348e-07 -5.20973e-09)
(-10 3.31238e-07 -1.6908e-09)
(-10 2.28103e-07 5.12128e-09)
(-10 1.25066e-07 1.18138e-08)
(-10 2.26471e-08 1.72957e-08)
(-10 -7.79824e-08 1.76047e-08)
(-10 -1.83351e-07 1.22507e-08)
(-10 -3.02729e-07 5.23287e-09)
(-10 -4.42295e-07 3.86712e-10)
(-10 -6.26023e-07 -1.11577e-09)
(-10 -5.28797e-07 1.61196e-09)
(-10 -7.46652e-07 5.02272e-10)
(-10 -7.2254e-07 1.38266e-09)
(-10 -7.45805e-07 2.09314e-09)
(-10 7.70254e-07 8.68441e-10)
(-10 6.75692e-07 2.26886e-09)
(-10 5.76162e-07 2.77701e-09)
(-10 4.67529e-07 2.28262e-09)
(-10 3.56789e-07 7.82258e-09)
(-10 2.49025e-07 1.58399e-08)
(-10 1.40593e-07 2.28256e-08)
(-10 3.13291e-08 2.71827e-08)
(-10 -7.79192e-08 2.42276e-08)
(-10 -1.95769e-07 1.53492e-08)
(-10 -3.30825e-07 6.29495e-09)
(-10 -4.86803e-07 8.34228e-10)
(-10 -6.87915e-07 -7.38475e-10)
(-10 -5.78876e-07 2.22469e-09)
(-10 -8.19003e-07 1.51495e-09)
(-10 -7.91274e-07 2.20436e-09)
(-10 -8.15425e-07 2.36279e-09)
(-10 8.09276e-07 -5.10597e-09)
(-10 7.12722e-07 -3.53371e-09)
(-10 6.0838e-07 -3.27465e-09)
(-10 4.94864e-07 -6.42762e-10)
(-10 3.8109e-07 6.09071e-09)
(-10 2.68764e-07 1.36474e-08)
(-10 1.53213e-07 2.09161e-08)
(-10 3.85534e-08 2.43149e-08)
(-10 -8.03042e-08 1.76782e-08)
(-10 -2.12039e-07 6.36846e-09)
(-10 -3.62774e-07 -3.10499e-09)
(-10 -5.34482e-07 -8.15955e-09)
(-10 -7.51703e-07 -9.05637e-09)
(-10 -6.32006e-07 -5.5702e-09)
(-10 -8.92735e-07 -7.43945e-09)
(-10 -8.59995e-07 -5.32146e-09)
(-10 -8.85775e-07 -2.24479e-09)
(-10 8.44892e-07 1.0929e-09)
(-10 7.4804e-07 4.21952e-09)
(-10 6.39542e-07 4.89649e-09)
(-10 5.22159e-07 9.09405e-09)
(-10 4.02096e-07 1.50818e-08)
(-10 2.87009e-07 2.30406e-08)
(-10 1.70591e-07 3.14333e-08)
(-10 4.79914e-08 3.09669e-08)
(-10 -8.26753e-08 2.09128e-08)
(-10 -2.29267e-07 8.41199e-09)
(-10 -3.95557e-07 -5.79669e-10)
(-10 -5.81552e-07 -4.5306e-09)
(-10 -8.13775e-07 -5.86369e-09)
(-10 -6.85115e-07 -3.0024e-09)
(-10 -9.63328e-07 -4.68089e-09)
(-10 -9.2532e-07 -3.01296e-09)
(-10 -9.50559e-07 -1.87818e-10)
(-10 8.72183e-07 -5.92782e-09)
(-10 7.77706e-07 -2.49139e-09)
(-10 6.64614e-07 -1.1882e-09)
(-10 5.44825e-07 4.92625e-09)
(-10 4.22821e-07 1.40707e-08)
(-10 3.04205e-07 2.10753e-08)
(-10 1.83839e-07 2.46107e-08)
(-10 5.39375e-08 2.14481e-08)
(-10 -9.0007e-08 1.02873e-08)
(-10 -2.51395e-07 -1.25837e-09)
(-10 -4.32392e-07 -8.87821e-09)
(-10 -6.3146e-07 -1.17705e-08)
(-10 -8.77224e-07 -1.30105e-08)
(-10 -7.40307e-07 -1.02098e-08)
(-10 -1.03214e-06 -1.30078e-08)
(-10 -9.88847e-07 -1.05367e-08)
(-10 -1.01436e-06 -5.6286e-09)
(-10 8.96613e-07 -8.70991e-10)
(-10 8.05503e-07 -3.83387e-10)
(-10 6.92145e-07 5.91912e-09)
(-10 5.67124e-07 1.53955e-08)
(-10 4.43925e-07 2.45578e-08)
(-10 3.23968e-07 3.02495e-08)
(-10 1.98797e-07 3.08005e-08)
(-10 5.96498e-08 2.4481e-08)
(-10 -9.74482e-08 1.36831e-08)
(-10 -2.73515e-07 4.15511e-09)
(-10 -4.67276e-07 -2.58419e-09)
(-10 -6.79074e-07 -5.54762e-09)
(-10 -9.38582e-07 -6.76157e-09)
(-10 -7.92464e-07 -5.16626e-09)
(-10 -1.09835e-06 -8.06499e-09)
(-10 -1.04848e-06 -7.33572e-09)
(-10 -1.07156e-06 -3.12906e-09)
(-10 9.09595e-07 -1.46051e-08)
(-10 8.19039e-07 -7.71891e-09)
(-10 7.00301e-07 -2.58613e-09)
(-10 5.83777e-07 8.29467e-09)
(-10 4.64543e-07 1.86809e-08)
(-10 3.43681e-07 2.28404e-08)
(-10 2.1314e-07 2.14089e-08)
(-10 6.41808e-08 1.41399e-08)
(-10 -1.05784e-07 5.76612e-09)
(-10 -2.94985e-07 -1.00339e-09)
(-10 -5.00805e-07 -6.46084e-09)
(-10 -7.25462e-07 -8.95955e-09)
(-10 -9.98585e-07 -1.03924e-08)
(-10 -8.43118e-07 -9.51643e-09)
(-10 -1.16004e-06 -1.44286e-08)
(-10 -1.10375e-06 -1.22336e-08)
(-10 -1.12587e-06 -5.62129e-09)
(-10 9.10323e-07 3.28706e-09)
(-10 8.30355e-07 -9.57751e-09)
(-10 7.07459e-07 4.36863e-09)
(-10 5.89012e-07 1.74864e-08)
(-10 4.8358e-07 2.43845e-08)
(-10 3.6548e-07 2.75186e-08)
(-10 2.27607e-07 2.50701e-08)
(-10 6.82407e-08 1.87467e-08)
(-10 -1.12713e-07 1.29722e-08)
(-10 -3.13157e-07 7.52511e-09)
(-10 -5.31695e-07 4.05837e-09)
(-10 -7.70278e-07 2.55003e-09)
(-10 -1.0559e-06 -3.94146e-10)
(-10 -8.90314e-07 -9.61876e-10)
(-10 -1.22125e-06 -5.714e-09)
(-10 -1.15733e-06 -6.43269e-09)
(-10 -1.1746e-06 -1.85382e-09)
(-10 8.72039e-07 -9.76687e-09)
(-10 8.0341e-07 -8.56989e-09)
(-10 7.14331e-07 -1.31066e-09)
(-10 5.99182e-07 1.12761e-08)
(-10 5.05631e-07 1.53356e-08)
(-10 3.8514e-07 1.8182e-08)
(-10 2.42225e-07 1.60419e-08)
(-10 7.55706e-08 1.2527e-08)
(-10 -1.15349e-07 9.67256e-09)
(-10 -3.2617e-07 5.99695e-09)
(-10 -5.55662e-07 4.33329e-09)
(-10 -8.09664e-07 4.6609e-09)
(-10 -1.11029e-06 1.75695e-09)
(-10 -9.33927e-07 1.12588e-10)
(-10 -1.28e-06 -7.21193e-09)
(-10 -1.20845e-06 -6.79981e-09)
(-10 -1.21974e-06 3.52019e-10)
(-10 7.52165e-07 8.11941e-09)
(-10 6.79346e-07 6.63129e-09)
(-10 6.02253e-07 1.66469e-08)
(-10 5.09648e-07 1.96903e-08)
(-10 3.91141e-07 2.10878e-08)
(-10 2.46822e-07 2.08716e-08)
(-10 7.38246e-08 1.89207e-08)
(-10 -1.24628e-07 1.86361e-08)
(-10 -3.44771e-07 1.6747e-08)
(-10 -5.84485e-07 1.65302e-08)
(-10 -8.53631e-07 1.88961e-08)
(-10 -1.17012e-06 1.6695e-08)
(-10 -9.81465e-07 1.26933e-08)
(-10 -1.34965e-06 5.86142e-09)
(-10 -1.26671e-06 4.05941e-09)
(-10 -1.26945e-06 8.23937e-09)
(-10 6.74749e-07 1.04922e-08)
(-10 6.53516e-07 8.24619e-09)
(-10 5.86064e-07 1.01434e-08)
(-10 4.97417e-07 1.232e-08)
(-10 3.84336e-07 1.25888e-08)
(-10 2.40287e-07 1.43447e-08)
(-10 6.63189e-08 1.50737e-08)
(-10 -1.3701e-07 1.69646e-08)
(-10 -3.64901e-07 1.69504e-08)
(-10 -6.15373e-07 1.92855e-08)
(-10 -8.9662e-07 2.50085e-08)
(-10 -1.23538e-06 2.44392e-08)
(-10 -1.03334e-06 1.80789e-08)
(-10 -1.42869e-06 1.00422e-08)
(-10 -1.33161e-06 7.82782e-09)
(-10 -1.32187e-06 1.45297e-08)
(-10 6.24801e-07 1.77254e-08)
(-10 5.85668e-07 2.06793e-08)
(-10 5.50396e-07 1.86175e-08)
(-10 4.7124e-07 1.85635e-08)
(-10 3.56061e-07 2.02288e-08)
(-10 2.18584e-07 2.15279e-08)
(-10 4.40206e-08 2.2993e-08)
(-10 -1.61435e-07 2.70212e-08)
(-10 -3.95043e-07 2.80843e-08)
(-10 -6.55766e-07 3.39772e-08)
(-10 -9.47605e-07 4.29601e-08)
(-10 -1.30741e-06 4.35803e-08)
(-10 -1.08864e-06 3.12664e-08)
(-10 -1.52061e-06 2.13048e-08)
(-10 -1.40506e-06 1.87516e-08)
(-10 -1.38244e-06 1.93592e-08)
(-10 6.26402e-07 -3.45408e-09)
(-10 5.95083e-07 7.8185e-09)
(-10 5.4836e-07 9.61742e-09)
(-10 4.70225e-07 6.97691e-09)
(-10 3.72508e-07 7.7754e-09)
(-10 2.30364e-07 8.02519e-09)
(-10 5.81655e-08 9.85353e-09)
(-10 -1.43538e-07 1.31536e-08)
(-10 -3.81772e-07 2.07415e-08)
(-10 -6.55589e-07 3.3586e-08)
(-10 -9.56073e-07 4.21879e-08)
(-10 -1.34466e-06 4.1197e-08)
(-10 -1.11275e-06 2.63041e-08)
(-10 -1.56031e-06 1.46424e-08)
(-10 -1.44115e-06 1.13811e-08)
(-10 -1.42792e-06 1.12531e-08)
(-10 7.38491e-07 2.34895e-08)
(-10 6.73838e-07 2.25795e-08)
(-10 6.36768e-07 2.61972e-08)
(-10 5.62187e-07 2.6208e-08)
(-10 4.5542e-07 2.5868e-08)
(-10 3.29601e-07 2.5444e-08)
(-10 1.6275e-07 2.47488e-08)
(-10 -4.38944e-08 3.04386e-08)
(-10 -2.8618e-07 4.59312e-08)
(-10 -5.66878e-07 5.54134e-08)
(-10 -8.86731e-07 6.36564e-08)
(-10 -1.29296e-06 6.34646e-08)
(-10 -1.03687e-06 4.41443e-08)
(-10 -1.51143e-06 3.76126e-08)
(-10 -1.42072e-06 2.79169e-08)
(-10 -1.41315e-06 1.58083e-08)
(-10 7.40245e-07 5.14552e-09)
(-10 7.19086e-07 8.79981e-09)
(-10 6.41756e-07 5.79986e-09)
(-10 5.7142e-07 7.13391e-09)
(-10 4.76416e-07 6.965e-09)
(-10 3.4819e-07 3.0411e-09)
(-10 1.80033e-07 4.1914e-09)
(-10 -1.29214e-08 7.3177e-09)
(-10 -2.4973e-07 8.52631e-09)
(-10 -5.31618e-07 3.28862e-08)
(-10 -8.67366e-07 3.90832e-08)
(-10 -1.3e-06 2.7354e-08)
(-10 -1.0198e-06 2.30092e-08)
(-10 -1.55952e-06 2.7089e-08)
(-10 -1.45917e-06 1.27502e-08)
(-10 -1.47116e-06 1.32453e-08)
(-10 7.57693e-07 4.86442e-08)
(-10 7.27134e-07 4.15758e-08)
(-10 6.54767e-07 4.43695e-08)
(-10 5.82545e-07 4.58427e-08)
(-10 4.83786e-07 4.01142e-08)
(-10 3.57482e-07 3.61251e-08)
(-10 2.09497e-07 3.38003e-08)
(-10 1.03567e-08 3.30224e-08)
(-10 -2.43017e-07 4.43644e-08)
(-10 -5.45304e-07 3.11454e-08)
(-10 -8.87708e-07 3.27854e-08)
(-10 -1.34402e-06 5.43846e-08)
(-10 -1.03805e-06 3.75336e-08)
(-10 -1.62082e-06 4.84112e-08)
(-10 -1.51528e-06 5.96863e-08)
(-10 -1.47912e-06 3.81172e-08)
(-10 7.72638e-08 3.41872e-08)
(-10 7.14508e-08 3.35654e-08)
(-10 6.27505e-08 3.05853e-08)
(-10 5.54612e-08 2.62083e-08)
(-10 4.82151e-08 2.17652e-08)
(-10 4.09345e-08 1.83007e-08)
(-10 3.39617e-08 1.70673e-08)
(-10 2.744e-08 1.79005e-08)
(-10 2.13368e-08 1.89702e-08)
(-10 1.55363e-08 2.07727e-08)
(-10 9.44649e-09 2.25264e-08)
(-10 3.55392e-09 2.42428e-08)
(-10 -5.89652e-09 2.57769e-08)
(-10 -9.5936e-09 2.57943e-08)
(-10 -1.67539e-08 2.51112e-08)
(-10 -1.70319e-08 2.25924e-08)
(-10 -2.04757e-08 1.97693e-08)
(-10 1.93702e-07 2.80405e-08)
(-10 1.73922e-07 2.73618e-08)
(-10 1.54013e-07 2.50311e-08)
(-10 1.33123e-07 2.15013e-08)
(-10 1.11623e-07 1.83635e-08)
(-10 9.05084e-08 1.67973e-08)
(-10 7.01832e-08 1.58164e-08)
(-10 5.05658e-08 1.563e-08)
(-10 3.18115e-08 1.69623e-08)
(-10 1.37192e-08 1.8844e-08)
(-10 -4.7313e-09 2.08111e-08)
(-10 -2.49303e-08 2.24045e-08)
(-10 -5.60974e-08 2.34188e-08)
(-10 -5.67196e-08 2.37486e-08)
(-10 -8.50552e-08 2.27859e-08)
(-10 -7.79956e-08 2.1054e-08)
(-10 -8.49919e-08 1.85622e-08)
(-10 3.19165e-07 2.48872e-08)
(-10 2.89011e-07 2.44856e-08)
(-10 2.56539e-07 2.21065e-08)
(-10 2.2271e-07 1.87737e-08)
(-10 1.88186e-07 1.59365e-08)
(-10 1.53964e-07 1.46323e-08)
(-10 1.2062e-07 1.45773e-08)
(-10 8.80552e-08 1.42525e-08)
(-10 5.65702e-08 1.5479e-08)
(-10 2.60085e-08 1.72885e-08)
(-10 -5.57273e-09 1.92466e-08)
(-10 -4.01764e-08 2.07833e-08)
(-10 -8.74837e-08 2.18621e-08)
(-10 -8.8898e-08 2.20839e-08)
(-10 -1.41444e-07 2.14753e-08)
(-10 -1.29855e-07 1.92844e-08)
(-10 -1.42172e-07 1.70197e-08)
(-10 4.23636e-07 2.45978e-08)
(-10 3.81555e-07 2.35552e-08)
(-10 3.38108e-07 2.15828e-08)
(-10 2.91831e-07 1.85911e-08)
(-10 2.44611e-07 1.61864e-08)
(-10 1.97977e-07 1.5256e-08)
(-10 1.52307e-07 1.53217e-08)
(-10 1.07235e-07 1.48009e-08)
(-10 6.37037e-08 1.61385e-08)
(-10 2.12032e-08 1.77229e-08)
(-10 -2.25557e-08 1.94844e-08)
(-10 -7.15198e-08 2.07973e-08)
(-10 -1.37642e-07 2.17054e-08)
(-10 -1.30914e-07 2.15652e-08)
(-10 -2.11489e-07 2.06202e-08)
(-10 -1.9463e-07 1.93609e-08)
(-10 -2.08469e-07 1.69806e-08)
(-10 5.29551e-07 2.09706e-08)
(-10 4.7757e-07 2.0589e-08)
(-10 4.22852e-07 1.87687e-08)
(-10 3.64787e-07 1.60437e-08)
(-10 3.0556e-07 1.42786e-08)
(-10 2.47382e-07 1.38458e-08)
(-10 1.89899e-07 1.38568e-08)
(-10 1.3259e-07 1.37122e-08)
(-10 7.75922e-08 1.51121e-08)
(-10 2.36641e-08 1.66751e-08)
(-10 -3.26363e-08 1.81594e-08)
(-10 -9.58816e-08 1.92724e-08)
(-10 -1.81157e-07 2.01341e-08)
(-10 -1.63846e-07 1.95577e-08)
(-10 -2.73137e-07 1.84725e-08)
(-10 -2.52429e-07 1.69339e-08)
(-10 -2.71393e-07 1.52593e-08)
(-10 6.27374e-07 1.91052e-08)
(-10 5.65191e-07 1.82222e-08)
(-10 5.01027e-07 1.68565e-08)
(-10 4.32226e-07 1.47917e-08)
(-10 3.62158e-07 1.39436e-08)
(-10 2.9325e-07 1.38159e-08)
(-10 2.2445e-07 1.32696e-08)
(-10 1.55923e-07 1.36412e-08)
(-10 9.02849e-08 1.50337e-08)
(-10 2.56383e-08 1.63623e-08)
(-10 -4.21975e-08 1.74652e-08)
(-10 -1.19813e-07 1.81919e-08)
(-10 -2.25024e-07 1.85685e-08)
(-10 -1.94473e-07 1.79028e-08)
(-10 -3.33986e-07 1.62326e-08)
(-10 -3.09152e-07 1.60734e-08)
(-10 -3.30572e-07 1.43243e-08)
(-10 7.17713e-07 1.55176e-08)
(-10 6.47569e-07 1.55981e-08)
(-10 5.74415e-07 1.44579e-08)
(-10 4.95815e-07 1.27111e-08)
(-10 4.16255e-07 1.27165e-08)
(-10 3.37381e-07 1.28376e-08)
(-10 2.57851e-07 1.24558e-08)
(-10 1.79356e-07 1.35785e-08)
(-10 1.03884e-07 1.47591e-08)
(-10 2.91246e-08 1.58631e-08)
(-10 -5.06558e-08 1.66952e-08)
(-10 -1.42534e-07 1.68998e-08)
(-10 -2.66521e-07 1.67284e-08)
(-10 -2.23855e-07 1.59556e-08)
(-10 -3.92023e-07 1.53583e-08)
(-10 -3.64479e-07 1.36483e-08)
(-10 -3.90815e-07 1.25045e-08)
(-10 7.98775e-07 1.31472e-08)
(-10 7.20806e-07 1.28848e-08)
(-10 6.40235e-07 1.22185e-08)
(-10 5.53132e-07 1.11939e-08)
(-10 4.65e-07 1.12807e-08)
(-10 3.77261e-07 1.1798e-08)
(-10 2.88209e-07 1.18597e-08)
(-10 2.01015e-07 1.33232e-08)
(-10 1.1669e-07 1.44729e-08)
(-10 3.20629e-08 1.52093e-08)
(-10 -5.96096e-08 1.51283e-08)
(-10 -1.66079e-07 1.45758e-08)
(-10 -3.09162e-07 1.40111e-08)
(-10 -2.53968e-07 1.35071e-08)
(-10 -4.50022e-07 1.2506e-08)
(-10 -4.1984e-07 1.22545e-08)
(-10 -4.48705e-07 1.11162e-08)
(-10 8.72234e-07 1.03869e-08)
(-10 7.88233e-07 1.11631e-08)
(-10 7.00971e-07 1.06328e-08)
(-10 6.06335e-07 1.00294e-08)
(-10 5.10494e-07 1.09083e-08)
(-10 4.1514e-07 1.20113e-08)
(-10 3.18054e-07 1.26437e-08)
(-10 2.23128e-07 1.4304e-08)
(-10 1.30596e-07 1.60896e-08)
(-10 3.5872e-08 1.59015e-08)
(-10 -6.87733e-08 1.42984e-08)
(-10 -1.90098e-07 1.2745e-08)
(-10 -3.51505e-07 1.18371e-08)
(-10 -2.85587e-07 1.16142e-08)
(-10 -5.06701e-07 1.12353e-08)
(-10 -4.74904e-07 9.74062e-09)
(-10 -5.07883e-07 9.24482e-09)
(-10 9.36805e-07 7.96296e-09)
(-10 8.47712e-07 8.11624e-09)
(-10 7.54534e-07 7.68688e-09)
(-10 6.53552e-07 7.34175e-09)
(-10 5.51088e-07 9.59893e-09)
(-10 4.49573e-07 1.14368e-08)
(-10 3.45967e-07 1.23078e-08)
(-10 2.43983e-07 1.40863e-08)
(-10 1.434e-07 1.53231e-08)
(-10 3.79095e-08 1.36704e-08)
(-10 -8.02644e-08 1.10752e-08)
(-10 -2.16973e-07 9.16665e-09)
(-10 -3.96596e-07 8.32354e-09)
(-10 -3.20095e-07 8.31539e-09)
(-10 -5.64454e-07 7.54825e-09)
(-10 -5.31178e-07 7.63308e-09)
(-10 -5.66544e-07 7.23909e-09)
(-10 9.94005e-07 6.4213e-09)
(-10 9.01742e-07 7.43877e-09)
(-10 8.03615e-07 7.60087e-09)
(-10 6.97379e-07 7.67083e-09)
(-10 5.89488e-07 1.05331e-08)
(-10 4.82786e-07 1.17361e-08)
(-10 3.73559e-07 1.40021e-08)
(-10 2.64977e-07 1.68248e-08)
(-10 1.55828e-07 1.58969e-08)
(-10 3.85701e-08 1.28637e-08)
(-10 -9.41218e-08 9.48693e-09)
(-10 -2.46178e-07 7.06616e-09)
(-10 -4.42727e-07 5.95867e-09)
(-10 -3.58621e-07 6.43219e-09)
(-10 -6.21605e-07 6.45257e-09)
(-10 -5.87437e-07 5.33816e-09)
(-10 -6.25765e-07 5.41441e-09)
(-10 1.04238e-06 3.56053e-09)
(-10 9.48841e-07 4.28422e-09)
(-10 8.46438e-07 4.6646e-09)
(-10 7.35935e-07 5.74828e-09)
(-10 6.22368e-07 8.03896e-09)
(-10 5.12106e-07 1.06496e-08)
(-10 3.99685e-07 1.35542e-08)
(-10 2.83393e-07 1.52396e-08)
(-10 1.64676e-07 1.28388e-08)
(-10 3.46216e-08 8.83341e-09)
(-10 -1.12523e-07 5.19795e-09)
(-10 -2.79677e-07 2.89409e-09)
(-10 -4.92328e-07 2.39578e-09)
(-10 -4.00655e-07 2.63103e-09)
(-10 -6.80086e-07 1.78103e-09)
(-10 -6.45101e-07 2.73279e-09)
(-10 -6.85185e-07 3.09778e-09)
(-10 1.08346e-06 2.72301e-09)
(-10 9.90387e-07 4.83909e-09)
(-10 8.8477e-07 5.50865e-09)
(-10 7.71123e-07 6.89307e-09)
(-10 6.54117e-07 1.01656e-08)
(-10 5.38673e-07 1.1483e-08)
(-10 4.22205e-07 1.3972e-08)
(-10 3.00851e-07 1.54069e-08)
(-10 1.70686e-07 1.20333e-08)
(-10 2.69801e-08 7.41575e-09)
(-10 -1.3456e-07 3.79846e-09)
(-10 -3.15902e-07 1.62675e-09)
(-10 -5.42747e-07 2.36986e-10)
(-10 -4.44562e-07 1.3301e-09)
(-10 -7.38314e-07 1.83747e-09)
(-10 -7.01901e-07 1.30278e-09)
(-10 -7.42747e-07 1.47366e-09)
(-10 1.11499e-06 -3.27499e-10)
(-10 1.02444e-06 5.55086e-10)
(-10 9.17302e-07 1.87538e-09)
(-10 8.00412e-07 4.70408e-09)
(-10 6.80965e-07 8.2726e-09)
(-10 5.62555e-07 1.15716e-08)
(-10 4.41517e-07 1.24615e-08)
(-10 3.12867e-07 1.05712e-08)
(-10 1.71604e-07 7.21158e-09)
(-10 1.42035e-08 2.98311e-09)
(-10 -1.60612e-07 -2.27122e-10)
(-10 -3.55164e-07 -1.81097e-09)
(-10 -5.96194e-07 -2.95753e-09)
(-10 -4.89907e-07 -2.10642e-09)
(-10 -7.96534e-07 -2.30965e-09)
(-10 -7.58108e-07 -1.80901e-09)
(-10 -7.99669e-07 -5.60586e-10)
(-10 1.14316e-06 -2.7459e-09)
(-10 1.05987e-06 2.71287e-10)
(-10 9.41287e-07 3.29221e-09)
(-10 8.2711e-07 5.92093e-09)
(-10 7.06617e-07 9.87516e-09)
(-10 5.86301e-07 1.24391e-08)
(-10 4.60523e-07 1.27389e-08)
(-10 3.23362e-07 1.02601e-08)
(-10 1.70528e-07 6.57952e-09)
(-10 2.94173e-10 3.01291e-09)
(-10 -1.87292e-07 3.54536e-10)
(-10 -3.94389e-07 -1.1452e-09)
(-10 -6.48165e-07 -2.2494e-09)
(-10 -5.34526e-07 -1.85741e-09)
(-10 -8.5318e-07 -1.35799e-09)
(-10 -8.1183e-07 -2.32353e-09)
(-10 -8.51822e-07 -7.54369e-10)
(-10 1.14495e-06 -1.87057e-09)
(-10 1.07674e-06 -5.31136e-09)
(-10 9.72465e-07 -3.55222e-09)
(-10 8.40443e-07 4.02556e-09)
(-10 7.26918e-07 7.80934e-09)
(-10 6.06781e-07 9.41476e-09)
(-10 4.76816e-07 8.93421e-09)
(-10 3.31536e-07 6.55872e-09)
(-10 1.6734e-07 3.36211e-09)
(-10 -1.41138e-08 2.33587e-10)
(-10 -2.13732e-07 -1.18922e-09)
(-10 -4.34264e-07 -1.9975e-09)
(-10 -6.99864e-07 -3.4553e-09)
(-10 -5.77952e-07 -3.27166e-09)
(-10 -9.08048e-07 -4.25014e-09)
(-10 -8.61883e-07 -2.43284e-09)
(-10 -9.00564e-07 -9.48292e-10)
(-10 1.1668e-06 -1.5071e-09)
(-10 1.08307e-06 5.16905e-09)
(-10 9.61104e-07 1.58515e-09)
(-10 8.57306e-07 3.23066e-09)
(-10 7.43304e-07 8.82563e-09)
(-10 6.25943e-07 1.06456e-08)
(-10 4.94123e-07 9.77349e-09)
(-10 3.40242e-07 8.03519e-09)
(-10 1.66422e-07 5.77346e-09)
(-10 -2.55373e-08 3.15261e-09)
(-10 -2.3598e-07 2.63044e-09)
(-10 -4.71127e-07 2.40563e-09)
(-10 -7.48645e-07 6.78404e-10)
(-10 -6.185e-07 5.03504e-10)
(-10 -9.60442e-07 1.69367e-10)
(-10 -9.08823e-07 -1.3004e-09)
(-10 -9.43243e-07 9.6202e-10)
(-10 1.13395e-06 2.11132e-09)
(-10 1.07296e-06 -1.03747e-08)
(-10 9.61901e-07 -3.07311e-10)
(-10 8.54551e-07 8.02849e-09)
(-10 7.58495e-07 7.96168e-09)
(-10 6.49379e-07 9.3503e-09)
(-10 5.11718e-07 9.16095e-09)
(-10 3.50514e-07 8.34293e-09)
(-10 1.68129e-07 7.32488e-09)
(-10 -3.39371e-08 5.60072e-09)
(-10 -2.54707e-07 5.2169e-09)
(-10 -5.03937e-07 5.65714e-09)
(-10 -7.9476e-07 4.21423e-09)
(-10 -6.54837e-07 3.50379e-09)
(-10 -1.01254e-06 1.2701e-09)
(-10 -9.51949e-07 3.26221e-09)
(-10 -9.80475e-07 5.07765e-09)
(-10 1.09161e-06 -9.2649e-10)
(-10 1.03508e-06 1.78416e-08)
(-10 9.18961e-07 2.66911e-09)
(-10 8.50518e-07 4.94718e-09)
(-10 7.70451e-07 1.03669e-08)
(-10 6.56298e-07 1.03605e-08)
(-10 5.20379e-07 1.26267e-08)
(-10 3.57234e-07 1.21169e-08)
(-10 1.67478e-07 1.19226e-08)
(-10 -4.32463e-08 1.14158e-08)
(-10 -2.74554e-07 1.16555e-08)
(-10 -5.36137e-07 1.31415e-08)
(-10 -8.424e-07 1.16137e-08)
(-10 -6.9254e-07 1.01768e-08)
(-10 -1.07027e-06 8.8423e-09)
(-10 -9.98367e-07 7.14683e-09)
(-10 -1.01754e-06 9.97661e-09)
(-10 9.42105e-07 6.54809e-09)
(-10 9.06827e-07 5.82321e-09)
(-10 8.46329e-07 1.45803e-08)
(-10 7.64161e-07 1.12423e-08)
(-10 6.56151e-07 1.22043e-08)
(-10 5.2102e-07 1.42285e-08)
(-10 3.58147e-07 1.47766e-08)
(-10 1.63939e-07 1.56269e-08)
(-10 -5.41133e-08 1.60117e-08)
(-10 -2.94413e-07 1.8058e-08)
(-10 -5.67541e-07 2.00857e-08)
(-10 -8.92528e-07 1.993e-08)
(-10 -7.2975e-07 1.72611e-08)
(-10 -1.13814e-06 1.37807e-08)
(-10 -1.05061e-06 1.48172e-08)
(-10 -1.0555e-06 1.7882e-08)
(-10 9.0694e-07 7.69302e-09)
(-10 8.33119e-07 1.49044e-08)
(-10 8.21256e-07 4.31503e-09)
(-10 7.40968e-07 1.18144e-08)
(-10 6.34823e-07 1.35928e-08)
(-10 5.079e-07 1.46394e-08)
(-10 3.43529e-07 1.60514e-08)
(-10 1.47634e-07 1.80616e-08)
(-10 -7.56093e-08 1.91758e-08)
(-10 -3.25045e-07 2.30075e-08)
(-10 -6.06918e-07 2.88723e-08)
(-10 -9.5028e-07 2.77683e-08)
(-10 -7.73899e-07 2.16811e-08)
(-10 -1.19358e-06 1.80662e-08)
(-10 -1.09999e-06 1.8103e-08)
(-10 -1.10685e-06 1.82263e-08)
(-10 9.1618e-07 -5.15691e-09)
(-10 8.6299e-07 2.41463e-09)
(-10 8.36308e-07 1.51174e-08)
(-10 7.6278e-07 8.73473e-09)
(-10 6.69169e-07 9.85025e-09)
(-10 5.38981e-07 1.07388e-08)
(-10 3.82808e-07 1.2273e-08)
(-10 1.9449e-07 1.50487e-08)
(-10 -3.65438e-08 2.09941e-08)
(-10 -2.88989e-07 2.31446e-08)
(-10 -5.74121e-07 2.92093e-08)
(-10 -9.44406e-07 3.01282e-08)
(-10 -7.50379e-07 2.24891e-08)
(-10 -1.21087e-06 2.00802e-08)
(-10 -1.10684e-06 1.89822e-08)
(-10 -1.12238e-06 1.6085e-08)
(-10 9.81798e-07 2.44778e-08)
(-10 9.527e-07 1.50336e-08)
(-10 9.00471e-07 9.89691e-09)
(-10 8.3627e-07 1.54523e-08)
(-10 7.47359e-07 1.69104e-08)
(-10 6.2652e-07 1.81007e-08)
(-10 4.7204e-07 1.86194e-08)
(-10 2.82722e-07 2.22988e-08)
(-10 5.93011e-08 2.94431e-08)
(-10 -1.95829e-07 3.89342e-08)
(-10 -4.9539e-07 3.85142e-08)
(-10 -8.67311e-07 2.99196e-08)
(-10 -6.63782e-07 2.88804e-08)
(-10 -1.19351e-06 2.7193e-08)
(-10 -1.07795e-06 2.83604e-08)
(-10 -1.08719e-06 2.1862e-08)
(-10 1.01523e-06 -4.60621e-09)
(-10 9.77106e-07 2.09246e-10)
(-10 9.31997e-07 4.08139e-09)
(-10 8.70375e-07 4.74443e-09)
(-10 7.86167e-07 5.18461e-09)
(-10 6.71908e-07 5.88929e-09)
(-10 5.20667e-07 6.13044e-09)
(-10 3.32506e-07 7.72377e-09)
(-10 1.17877e-07 1.74372e-08)
(-10 -1.46181e-07 1.81823e-08)
(-10 -4.40131e-07 1.54788e-08)
(-10 -8.41566e-07 2.49962e-08)
(-10 -6.10422e-07 1.60945e-08)
(-10 -1.19905e-06 1.80716e-08)
(-10 -1.08447e-06 1.23471e-08)
(-10 -1.12021e-06 2.16234e-08)
(-10 1.03941e-06 4.33722e-08)
(-10 1.02676e-06 3.87281e-08)
(-10 9.64025e-07 3.6952e-08)
(-10 9.06272e-07 4.00018e-08)
(-10 8.26726e-07 4.0046e-08)
(-10 7.1731e-07 3.93835e-08)
(-10 5.73267e-07 3.90338e-08)
(-10 3.91786e-07 4.44218e-08)
(-10 1.61342e-07 4.70236e-08)
(-10 -9.34401e-08 6.05134e-08)
(-10 -4.09076e-07 5.41456e-08)
(-10 -8.50035e-07 3.65008e-08)
(-10 -6.00425e-07 4.026e-08)
(-10 -1.23548e-06 4.31936e-08)
(-10 -1.09141e-06 5.0286e-08)
(-10 -1.10933e-06 4.56382e-08)
(-10 -3.91966e-08 -5.94793e-10)
(-10 -4.10359e-08 -1.54987e-09)
(-10 -4.215e-08 -1.1904e-09)
(-10 -4.54404e-08 -1.32983e-09)
(-10 -4.76917e-08 4.32688e-10)
(-10 -4.7923e-08 1.20873e-09)
(-10 -4.71446e-08 1.83787e-09)
(-10 -4.61752e-08 1.97576e-09)
(-10 -4.38296e-08 1.89711e-09)
(-10 -3.99517e-08 1.45487e-09)
(-10 -3.43208e-08 4.53386e-10)
(-10 -2.65001e-08 -1.16984e-09)
(-10 -1.63663e-08 -3.60744e-09)
(-10 -3.24029e-09 -6.21377e-09)
(-10 1.21969e-08 -5.69754e-09)
(-10 7.2471e-08 -5.11437e-09)
(-10 1.2424e-08 -8.66413e-12)
(-10 -1.26718e-07 -2.13397e-09)
(-10 -1.34401e-07 -2.72985e-09)
(-10 -1.35662e-07 -2.02223e-09)
(-10 -1.41078e-07 -2.09532e-09)
(-10 -1.41851e-07 -7.06674e-10)
(-10 -1.41308e-07 4.46454e-10)
(-10 -1.35595e-07 1.26817e-09)
(-10 -1.26433e-07 1.37825e-09)
(-10 -1.1554e-07 1.19394e-09)
(-10 -9.90869e-08 6.17659e-10)
(-10 -7.60033e-08 -5.35832e-10)
(-10 -4.60227e-08 -2.48375e-09)
(-10 -8.14578e-09 -5.52227e-09)
(-10 3.78123e-08 -8.78021e-09)
(-10 9.31401e-08 -7.99834e-09)
(-10 2.56805e-07 -6.69105e-09)
(-10 -7.89779e-09 -5.69494e-10)
(-10 -2.13096e-07 -5.14254e-09)
(-10 -2.23492e-07 -5.30717e-09)
(-10 -2.29889e-07 -4.41624e-09)
(-10 -2.37309e-07 -2.36055e-09)
(-10 -2.38992e-07 -6.59309e-10)
(-10 -2.37019e-07 4.51595e-10)
(-10 -2.30441e-07 1.43087e-09)
(-10 -2.13416e-07 1.96597e-09)
(-10 -1.91965e-07 1.90427e-09)
(-10 -1.62273e-07 1.43994e-09)
(-10 -1.22467e-07 3.57241e-10)
(-10 -7.05886e-08 -1.61967e-09)
(-10 -4.53382e-09 -4.77269e-09)
(-10 7.86443e-08 -8.02269e-09)
(-10 1.81996e-07 -7.80199e-09)
(-10 3.94178e-07 -5.08419e-09)
(-10 -1.76826e-08 4.38171e-10)
(-10 -3.06865e-07 -4.9717e-09)
(-10 -3.16679e-07 -7.27325e-09)
(-10 -3.32626e-07 -5.66285e-09)
(-10 -3.39324e-07 -2.65635e-09)
(-10 -3.40963e-07 -9.72617e-10)
(-10 -3.36985e-07 2.71171e-11)
(-10 -3.2657e-07 1.0105e-09)
(-10 -3.02331e-07 1.62579e-09)
(-10 -2.67372e-07 1.6694e-09)
(-10 -2.21236e-07 1.28273e-09)
(-10 -1.63023e-07 2.57443e-10)
(-10 -8.74879e-08 -1.73338e-09)
(-10 9.22332e-09 -4.78104e-09)
(-10 1.31491e-07 -8.6189e-09)
(-10 2.84633e-07 -7.58631e-09)
(-10 5.43682e-07 -2.91377e-09)
(-10 -3.8129e-08 3.97367e-10)
(-10 -3.85479e-07 -5.9808e-09)
(-10 -4.04259e-07 -6.11999e-09)
(-10 -4.20053e-07 -4.52533e-09)
(-10 -4.31229e-07 -2.53546e-09)
(-10 -4.32879e-07 -1.00462e-09)
(-10 -4.27405e-07 -5.33644e-11)
(-10 -4.13721e-07 7.77796e-10)
(-10 -3.83014e-07 1.25822e-09)
(-10 -3.38067e-07 1.10018e-09)
(-10 -2.79181e-07 8.05414e-10)
(-10 -2.02107e-07 -1.69592e-10)
(-10 -1.02557e-07 -2.05698e-09)
(-10 2.42959e-08 -5.0831e-09)
(-10 1.83719e-07 -8.07162e-09)
(-10 3.84624e-07 -6.83516e-09)
(-10 6.85132e-07 -2.68119e-09)
(-10 -4.83183e-08 4.17053e-10)
(-10 -4.6718e-07 -4.55953e-09)
(-10 -4.89745e-07 -4.78341e-09)
(-10 -5.09662e-07 -4.72259e-09)
(-10 -5.2222e-07 -2.35719e-09)
(-10 -5.23098e-07 -9.9584e-10)
(-10 -5.15594e-07 -8.12861e-11)
(-10 -4.97951e-07 6.14381e-10)
(-10 -4.59227e-07 9.64262e-10)
(-10 -4.0368e-07 8.91755e-10)
(-10 -3.31246e-07 4.86312e-10)
(-10 -2.3704e-07 -3.96797e-10)
(-10 -1.15766e-07 -2.08209e-09)
(-10 3.86545e-08 -4.61062e-09)
(-10 2.334e-07 -7.86631e-09)
(-10 4.78248e-07 -6.65848e-09)
(-10 8.33715e-07 -2.64925e-09)
(-10 -6.68405e-08 5.07194e-11)
(-10 -5.45127e-07 -2.83902e-09)
(-10 -5.67111e-07 -3.99595e-09)
(-10 -5.93606e-07 -5.0658e-09)
(-10 -6.06788e-07 -1.99084e-09)
(-10 -6.07327e-07 -6.44362e-10)
(-10 -5.97783e-07 1.37566e-10)
(-10 -5.76308e-07 8.22089e-10)
(-10 -5.30308e-07 1.19277e-09)
(-10 -4.64448e-07 9.12116e-10)
(-10 -3.78942e-07 4.88236e-10)
(-10 -2.67969e-07 -3.85013e-10)
(-10 -1.25586e-07 -1.97722e-09)
(-10 5.50672e-08 -4.50513e-09)
(-10 2.82306e-07 -6.82711e-09)
(-10 5.66828e-07 -5.62954e-09)
(-10 9.76345e-07 -2.79451e-09)
(-10 -7.5995e-08 3.30717e-10)
(-10 -6.23039e-07 -4.23816e-09)
(-10 -6.4725e-07 -5.56248e-09)
(-10 -6.76705e-07 -3.86776e-09)
(-10 -6.90183e-07 -1.48319e-09)
(-10 -6.89769e-07 -6.19428e-10)
(-10 -6.77551e-07 2.12266e-10)
(-10 -6.51633e-07 8.74329e-10)
(-10 -5.96953e-07 1.18694e-09)
(-10 -5.20725e-07 1.09147e-09)
(-10 -4.22105e-07 7.00185e-10)
(-10 -2.94588e-07 -1.29427e-10)
(-10 -1.31581e-07 -1.59285e-09)
(-10 7.45796e-08 -3.75726e-09)
(-10 3.32903e-07 -6.687e-09)
(-10 6.551e-07 -5.71236e-09)
(-10 1.11636e-06 -2.31249e-09)
(-10 -9.08971e-08 -4.77927e-11)
(-10 -6.93414e-07 -6.24194e-09)
(-10 -7.23879e-07 -3.85474e-09)
(-10 -7.54367e-07 -2.69696e-09)
(-10 -7.68013e-07 -1.36412e-09)
(-10 -7.66215e-07 -5.27663e-10)
(-10 -7.51156e-07 2.64986e-10)
(-10 -7.20722e-07 1.0159e-09)
(-10 -6.57914e-07 1.40132e-09)
(-10 -5.71455e-07 1.19874e-09)
(-10 -4.60124e-07 8.84777e-10)
(-10 -3.16769e-07 1.30319e-10)
(-10 -1.34174e-07 -1.32382e-09)
(-10 9.59517e-08 -3.54256e-09)
(-10 3.83557e-07 -5.69306e-09)
(-10 7.41202e-07 -4.68875e-09)
(-10 1.25052e-06 -2.41745e-09)
(-10 -9.84294e-08 2.72367e-10)
(-10 -7.66454e-07 -3.77806e-09)
(-10 -7.98965e-07 -3.36781e-09)
(-10 -8.32078e-07 -3.61841e-09)
(-10 -8.44234e-07 -1.63935e-09)
(-10 -8.40228e-07 -7.51327e-10)
(-10 -8.21751e-07 1.25328e-10)
(-10 -7.86228e-07 9.13314e-10)
(-10 -7.14075e-07 1.30104e-09)
(-10 -6.17311e-07 1.47218e-09)
(-10 -4.93237e-07 1.14605e-09)
(-10 -3.34221e-07 4.57924e-10)
(-10 -1.32475e-07 -8.16336e-10)
(-10 1.20892e-07 -2.7175e-09)
(-10 4.36391e-07 -5.51716e-09)
(-10 8.27266e-07 -4.73793e-09)
(-10 1.38082e-06 -1.9336e-09)
(-10 -1.09373e-07 -1.71617e-10)
(-10 -8.35789e-07 -3.68581e-09)
(-10 -8.67834e-07 -3.87151e-09)
(-10 -9.0383e-07 -2.58747e-09)
(-10 -9.14266e-07 -1.52489e-09)
(-10 -9.08072e-07 -5.65874e-10)
(-10 -8.85942e-07 4.86783e-10)
(-10 -8.45273e-07 1.37233e-09)
(-10 -7.64311e-07 1.86389e-09)
(-10 -6.57506e-07 2.05884e-09)
(-10 -5.21056e-07 1.76775e-09)
(-10 -3.46983e-07 1.03571e-09)
(-10 -1.2696e-07 -2.21905e-10)
(-10 1.48402e-07 -2.39558e-09)
(-10 4.90213e-07 -4.48616e-09)
(-10 9.12182e-07 -3.76479e-09)
(-10 1.50601e-06 -2.05185e-09)
(-10 -1.14591e-07 1.89561e-10)
(-10 -9.0338e-07 -4.40643e-09)
(-10 -9.36157e-07 -4.48839e-09)
(-10 -9.74357e-07 -1.79678e-09)
(-10 -9.81397e-07 -7.94541e-10)
(-10 -9.72537e-07 2.36082e-10)
(-10 -9.46576e-07 1.33546e-09)
(-10 -9.00424e-07 2.09201e-09)
(-10 -8.09912e-07 2.52375e-09)
(-10 -6.92992e-07 2.76564e-09)
(-10 -5.44263e-07 2.50818e-09)
(-10 -3.5543e-07 1.77752e-09)
(-10 -1.17514e-07 5.53333e-10)
(-10 1.79271e-07 -1.46269e-09)
(-10 5.4632e-07 -4.27679e-09)
(-10 9.97572e-07 -3.81144e-09)
(-10 1.62827e-06 -1.62821e-09)
(-10 -1.2164e-07 -3.62332e-10)
(-10 -9.65099e-07 -5.14654e-09)
(-10 -9.9975e-07 -3.63662e-09)
(-10 -1.03863e-06 3.61487e-10)
(-10 -1.04322e-06 8.76362e-10)
(-10 -1.03142e-06 1.75788e-09)
(-10 -1.00109e-06 2.57802e-09)
(-10 -9.49513e-07 3.31422e-09)
(-10 -8.50271e-07 3.77927e-09)
(-10 -7.23737e-07 3.85004e-09)
(-10 -5.63312e-07 3.38014e-09)
(-10 -3.60107e-07 2.49086e-09)
(-10 -1.05003e-07 1.01463e-09)
(-10 2.12301e-07 -1.24875e-09)
(-10 6.03518e-07 -3.09649e-09)
(-10 1.08252e-06 -2.72379e-09)
(-10 1.74759e-06 -1.75316e-09)
(-10 -1.24359e-07 -2.28096e-10)
(-10 -1.02519e-06 -4.19311e-09)
(-10 -1.06052e-06 5.29676e-10)
(-10 -1.09797e-06 7.9187e-10)
(-10 -1.10034e-06 2.04568e-09)
(-10 -1.08527e-06 3.07697e-09)
(-10 -1.05093e-06 3.9935e-09)
(-10 -9.94143e-07 4.84796e-09)
(-10 -8.86399e-07 5.19796e-09)
(-10 -7.51019e-07 4.90528e-09)
(-10 -5.79118e-07 4.11418e-09)
(-10 -3.62163e-07 3.04338e-09)
(-10 -9.01388e-08 1.49676e-09)
(-10 2.47506e-07 -8.00244e-10)
(-10 6.62421e-07 -3.39149e-09)
(-10 1.16839e-06 -2.83619e-09)
(-10 1.86615e-06 -1.68973e-09)
(-10 -1.28801e-07 -4.81769e-10)
(-10 -1.08076e-06 -2.11809e-09)
(-10 -1.1145e-06 2.09344e-09)
(-10 -1.15127e-06 3.04835e-09)
(-10 -1.15162e-06 4.67863e-09)
(-10 -1.13378e-06 5.58152e-09)
(-10 -1.09572e-06 6.38427e-09)
(-10 -1.03466e-06 7.0561e-09)
(-10 -9.19917e-07 6.87439e-09)
(-10 -7.76209e-07 5.9305e-09)
(-10 -5.93956e-07 4.53058e-09)
(-10 -3.63548e-07 2.83109e-09)
(-10 -7.47013e-08 9.99309e-10)
(-10 2.83126e-07 -1.15503e-09)
(-10 7.21783e-07 -2.90661e-09)
(-10 1.25459e-06 -2.81943e-09)
(-10 1.98439e-06 -2.05384e-09)
(-10 -1.28755e-07 -1.57601e-10)
(-10 -1.13219e-06 -5.10211e-10)
(-10 -1.16454e-06 3.15743e-09)
(-10 -1.19931e-06 6.37889e-09)
(-10 -1.19785e-06 7.77144e-09)
(-10 -1.17785e-06 8.50507e-09)
(-10 -1.13697e-06 8.98035e-09)
(-10 -1.07241e-06 8.9454e-09)
(-10 -9.53336e-07 8.32203e-09)
(-10 -8.01966e-07 6.65016e-09)
(-10 -6.09627e-07 4.84003e-09)
(-10 -3.657e-07 2.2929e-09)
(-10 -6.01648e-08 7.29723e-10)
(-10 3.18203e-07 -1.40369e-09)
(-10 7.81331e-07 -3.95782e-09)
(-10 1.34222e-06 -3.0003e-09)
(-10 2.10602e-06 -2.03672e-09)
(-10 -1.32416e-07 -5.0618e-10)
(-10 -1.17995e-06 -4.10675e-10)
(-10 -1.21352e-06 5.4927e-09)
(-10 -1.24587e-06 1.02078e-08)
(-10 -1.24254e-06 1.13795e-08)
(-10 -1.22012e-06 1.17079e-08)
(-10 -1.17749e-06 1.18185e-08)
(-10 -1.10937e-06 1.10734e-08)
(-10 -9.89764e-07 9.65208e-09)
(-10 -8.31427e-07 6.44691e-09)
(-10 -6.28746e-07 3.59199e-09)
(-10 -3.7192e-07 1.72811e-09)
(-10 -4.95405e-08 -1.43191e-10)
(-10 3.49905e-07 -2.11966e-09)
(-10 8.38979e-07 -3.60528e-09)
(-10 1.43e-06 -3.75223e-09)
(-10 2.23178e-06 -2.75918e-09)
(-10 -1.33673e-07 9.53081e-11)
(-10 -1.22764e-06 3.12173e-09)
(-10 -1.25818e-06 9.998e-09)
(-10 -1.28903e-06 1.15946e-08)
(-10 -1.28411e-06 1.31435e-08)
(-10 -1.26168e-06 1.36002e-08)
(-10 -1.21758e-06 1.30371e-08)
(-10 -1.14799e-06 1.18171e-08)
(-10 -1.03069e-06 9.83532e-09)
(-10 -8.66805e-07 6.97934e-09)
(-10 -6.55077e-07 2.86305e-09)
(-10 -3.84675e-07 1.10427e-09)
(-10 -4.461e-08 9.86581e-11)
(-10 3.77169e-07 -1.71256e-09)
(-10 8.93914e-07 -5.17693e-09)
(-10 1.51793e-06 -3.81583e-09)
(-10 2.36343e-06 -2.76053e-09)
(-10 -1.34967e-07 -4.29374e-10)
(-10 -1.27721e-06 3.44491e-09)
(-10 -1.30163e-06 1.09305e-08)
(-10 -1.33242e-06 1.24703e-08)
(-10 -1.32755e-06 1.32216e-08)
(-10 -1.3044e-06 1.39275e-08)
(-10 -1.26058e-06 1.38509e-08)
(-10 -1.19062e-06 1.12747e-08)
(-10 -1.08147e-06 8.3395e-09)
(-10 -9.12982e-07 5.08991e-09)
(-10 -6.91549e-07 2.62449e-09)
(-10 -4.0692e-07 1.50607e-09)
(-10 -4.82778e-08 9.34506e-10)
(-10 3.97444e-07 -1.67781e-09)
(-10 9.44421e-07 -4.38304e-09)
(-10 1.60532e-06 -5.01209e-09)
(-10 2.50254e-06 -3.64433e-09)
(-10 -1.36205e-07 3.05954e-10)
(-10 -1.32645e-06 4.95796e-09)
(-10 -1.34567e-06 8.89145e-09)
(-10 -1.37097e-06 9.72877e-09)
(-10 -1.37293e-06 1.09672e-08)
(-10 -1.34848e-06 1.2256e-08)
(-10 -1.30756e-06 1.1621e-08)
(-10 -1.23757e-06 9.00895e-09)
(-10 -1.13541e-06 6.02119e-09)
(-10 -9.70726e-07 4.11223e-09)
(-10 -7.38643e-07 3.35814e-09)
(-10 -4.39477e-07 3.92439e-09)
(-10 -6.14744e-08 2.65052e-09)
(-10 4.09713e-07 -9.28134e-10)
(-10 9.8959e-07 -6.22384e-09)
(-10 1.69225e-06 -5.72391e-09)
(-10 2.6508e-06 -3.53036e-09)
(-10 -1.41189e-07 -4.39328e-10)
(-10 -1.36917e-06 3.80847e-09)
(-10 -1.39041e-06 7.02629e-09)
(-10 -1.40493e-06 7.27346e-09)
(-10 -1.41649e-06 6.84865e-09)
(-10 -1.39641e-06 7.78002e-09)
(-10 -1.35679e-06 7.84058e-09)
(-10 -1.29422e-06 5.82671e-09)
(-10 -1.19536e-06 2.86025e-09)
(-10 -1.04215e-06 3.50032e-09)
(-10 -7.98431e-07 4.92729e-09)
(-10 -4.84887e-07 5.31123e-09)
(-10 -8.69777e-08 3.38321e-09)
(-10 4.11115e-07 -1.18517e-09)
(-10 1.02718e-06 -5.78867e-09)
(-10 1.77643e-06 -7.0764e-09)
(-10 2.80787e-06 -4.48506e-09)
(-10 -1.47353e-07 5.30251e-10)
(-10 -1.41162e-06 1.09485e-09)
(-10 -1.42289e-06 3.67392e-09)
(-10 -1.44328e-06 4.31609e-09)
(-10 -1.45516e-06 1.25418e-09)
(-10 -1.43514e-06 -1.47608e-09)
(-10 -1.42158e-06 -2.68836e-09)
(-10 -1.3663e-06 9.6432e-10)
(-10 -1.26406e-06 2.48147e-09)
(-10 -1.12418e-06 3.39298e-09)
(-10 -8.70877e-07 5.88558e-09)
(-10 -5.43633e-07 7.71746e-09)
(-10 -1.25081e-07 4.03528e-09)
(-10 4.01987e-07 -1.48853e-09)
(-10 1.05666e-06 -8.1043e-09)
(-10 1.85797e-06 -8.45451e-09)
(-10 2.97426e-06 -4.22707e-09)
(-10 -1.62724e-07 -4.48814e-10)
(-10 -1.41884e-06 3.10482e-09)
(-10 -1.45754e-06 -7.84956e-10)
(-10 -1.46905e-06 -2.07617e-09)
(-10 -1.48137e-06 -2.21556e-08)
(-10 -1.50791e-06 -1.20829e-08)
(-10 -1.4761e-06 -2.08068e-11)
(-10 -1.44034e-06 1.55833e-09)
(-10 -1.35285e-06 -9.06286e-09)
(-10 -1.21173e-06 -3.74051e-09)
(-10 -9.5806e-07 6.03308e-09)
(-10 -6.15428e-07 8.10536e-09)
(-10 -1.76777e-07 2.80505e-09)
(-10 3.80623e-07 -3.63671e-09)
(-10 1.07778e-06 -8.13053e-09)
(-10 1.9346e-06 -8.61444e-09)
(-10 3.1464e-06 -5.25736e-09)
(-10 -1.78911e-07 8.33691e-10)
(-10 -1.5036e-06 1.00454e-08)
(-10 -1.50159e-06 9.889e-09)
(-10 -1.55831e-06 -1.2685e-08)
(-10 -1.54527e-06 -7.26306e-09)
(-10 -1.51512e-06 -1.09775e-08)
(-10 -1.6011e-06 -3.65369e-08)
(-10 -1.55443e-06 -1.33123e-08)
(-10 -1.45815e-06 5.85545e-09)
(-10 -1.31242e-06 5.87439e-09)
(-10 -1.06087e-06 2.86128e-09)
(-10 -7.0593e-07 -3.33011e-09)
(-10 -2.4338e-07 1.20088e-09)
(-10 3.47652e-07 -1.05907e-09)
(-10 1.08771e-06 -9.67728e-09)
(-10 2.00524e-06 -1.00857e-08)
(-10 3.32251e-06 -4.58981e-09)
(-10 -2.02156e-07 6.51141e-11)
(-10 -1.57355e-06 1.17109e-09)
(-10 -1.61783e-06 -2.92293e-08)
(-10 -1.60128e-06 -8.02036e-09)
(-10 -1.61133e-06 -4.02392e-08)
(-10 -3.59337e-08 3.70043e-09)
(-10 -3.74661e-08 -5.58465e-10)
(-10 -3.94562e-08 -3.59548e-09)
(-10 -4.23003e-08 -1.31104e-09)
(-10 -4.26081e-08 2.78852e-09)
(-10 -4.20344e-08 4.99299e-09)
(-10 -4.093e-08 6.3893e-09)
(-10 -3.95275e-08 7.02584e-09)
(-10 -3.66692e-08 6.9886e-09)
(-10 -3.21474e-08 5.95949e-09)
(-10 -2.57135e-08 3.67824e-09)
(-10 -1.70494e-08 1.74386e-10)
(-10 -6.09489e-09 -4.59591e-09)
(-10 7.50658e-09 -9.55013e-09)
(-10 2.25539e-08 -1.05393e-08)
(-10 8.52786e-08 -1.24954e-08)
(-10 9.24455e-09 7.73571e-11)
(-10 -1.28571e-07 -2.8715e-10)
(-10 -1.33959e-07 -4.54727e-09)
(-10 -1.38529e-07 -6.79875e-09)
(-10 -1.41477e-07 -3.12095e-09)
(-10 -1.41183e-07 2.2897e-09)
(-10 -1.39932e-07 3.68442e-09)
(-10 -1.34204e-07 5.84282e-09)
(-10 -1.26053e-07 6.43114e-09)
(-10 -1.1341e-07 6.1042e-09)
(-10 -9.57008e-08 4.82958e-09)
(-10 -7.20448e-08 2.47389e-09)
(-10 -4.13563e-08 -1.2136e-09)
(-10 -2.71336e-09 -6.34661e-09)
(-10 4.39877e-08 -1.19909e-08)
(-10 9.72722e-08 -1.30682e-08)
(-10 2.64719e-07 -1.37244e-08)
(-10 -5.71789e-09 -5.80016e-10)
(-10 -2.11377e-07 -6.38024e-10)
(-10 -2.2133e-07 -4.53246e-09)
(-10 -2.26778e-07 -5.94732e-09)
(-10 -2.32564e-07 -2.09483e-09)
(-10 -2.32676e-07 2.38964e-09)
(-10 -2.28526e-07 5.33494e-09)
(-10 -2.20356e-07 7.22974e-09)
(-10 -2.0639e-07 7.70022e-09)
(-10 -1.85354e-07 6.90031e-09)
(-10 -1.55865e-07 5.18361e-09)
(-10 -1.16274e-07 2.57644e-09)
(-10 -6.46521e-08 -1.39759e-09)
(-10 9.34599e-10 -6.86838e-09)
(-10 8.29169e-08 -1.26076e-08)
(-10 1.84179e-07 -1.36174e-08)
(-10 3.9969e-07 -1.15851e-08)
(-10 -1.91787e-08 1.79964e-10)
(-10 -3.05856e-07 -2.15855e-09)
(-10 -3.19421e-07 -5.33475e-09)
(-10 -3.27755e-07 -6.53539e-09)
(-10 -3.34002e-07 -2.32958e-09)
(-10 -3.33024e-07 3.18557e-09)
(-10 -3.26201e-07 4.93876e-09)
(-10 -3.1301e-07 7.17411e-09)
(-10 -2.91919e-07 7.71284e-09)
(-10 -2.61112e-07 6.94257e-09)
(-10 -2.18542e-07 5.21886e-09)
(-10 -1.61748e-07 2.43757e-09)
(-10 -8.78817e-08 -1.62656e-09)
(-10 6.50541e-09 -7.1915e-09)
(-10 1.25495e-07 -1.36863e-08)
(-10 2.74949e-07 -1.37776e-08)
(-10 5.49872e-07 -9.03716e-09)
(-10 -3.54333e-08 -2.86058e-10)
(-10 -3.91126e-07 -3.10456e-09)
(-10 -4.07654e-07 -4.5973e-09)
(-10 -4.18001e-07 -4.48347e-09)
(-10 -4.25483e-07 -1.23829e-09)
(-10 -4.23936e-07 2.97531e-09)
(-10 -4.1487e-07 5.95848e-09)
(-10 -3.97511e-07 7.62819e-09)
(-10 -3.69913e-07 8.02213e-09)
(-10 -3.29941e-07 7.33298e-09)
(-10 -2.74953e-07 5.72067e-09)
(-10 -2.01852e-07 3.00442e-09)
(-10 -1.06892e-07 -1.08854e-09)
(-10 1.4363e-08 -6.74461e-09)
(-10 1.67582e-07 -1.22639e-08)
(-10 3.60791e-07 -1.1998e-08)
(-10 7.06682e-07 -8.13786e-09)
(-10 -4.96429e-08 7.52042e-11)
(-10 -4.73485e-07 1.04525e-10)
(-10 -4.94671e-07 -3.70156e-09)
(-10 -5.07877e-07 -5.14024e-09)
(-10 -5.15701e-07 -2.03696e-09)
(-10 -5.13147e-07 3.29603e-09)
(-10 -5.01323e-07 4.92847e-09)
(-10 -4.79354e-07 6.84768e-09)
(-10 -4.44871e-07 7.24621e-09)
(-10 -3.95341e-07 6.67055e-09)
(-10 -3.27655e-07 5.23783e-09)
(-10 -2.381e-07 2.84289e-09)
(-10 -1.22173e-07 -6.55809e-10)
(-10 2.56336e-08 -5.56186e-09)
(-10 2.11876e-07 -1.15212e-08)
(-10 4.44644e-07 -1.10023e-08)
(-10 8.58474e-07 -7.8282e-09)
(-10 -6.40947e-08 -6.38577e-10)
(-10 -5.52651e-07 6.61132e-10)
(-10 -5.75198e-07 -2.12218e-09)
(-10 -5.91171e-07 -3.51562e-09)
(-10 -5.99434e-07 -6.79783e-11)
(-10 -5.96542e-07 3.35955e-09)
(-10 -5.81919e-07 6.10014e-09)
(-10 -5.55412e-07 7.44224e-09)
(-10 -5.14208e-07 7.64109e-09)
(-10 -4.55394e-07 6.9709e-09)
(-10 -3.75395e-07 5.49007e-09)
(-10 -2.69913e-07 3.1645e-09)
(-10 -1.33823e-07 -3.26181e-10)
(-10 3.8996e-08 -5.17904e-09)
(-10 2.56037e-07 -9.64543e-09)
(-10 5.26961e-07 -9.74558e-09)
(-10 1.00635e-06 -7.44255e-09)
(-10 -7.63678e-08 2.86928e-11)
(-10 -6.30407e-07 -2.11459e-09)
(-10 -6.57194e-07 -4.85261e-09)
(-10 -6.73967e-07 -3.77092e-09)
(-10 -6.82176e-07 -8.07931e-10)
(-10 -6.7773e-07 2.96651e-09)
(-10 -6.60011e-07 4.9447e-09)
(-10 -6.28224e-07 6.3052e-09)
(-10 -5.79775e-07 6.53023e-09)
(-10 -5.11287e-07 6.01909e-09)
(-10 -4.1875e-07 4.74391e-09)
(-10 -2.97394e-07 2.6336e-09)
(-10 -1.4155e-07 -4.23269e-10)
(-10 5.56807e-08 -4.55286e-09)
(-10 3.02662e-07 -9.69345e-09)
(-10 6.09066e-07 -9.18108e-09)
(-10 1.14985e-06 -6.70095e-09)
(-10 -8.82137e-08 -6.00534e-10)
(-10 -7.05852e-07 -4.54545e-09)
(-10 -7.35365e-07 -5.18163e-09)
(-10 -7.51344e-07 -3.61953e-10)
(-10 -7.59547e-07 9.81926e-10)
(-10 -7.53096e-07 3.8557e-09)
(-10 -7.32038e-07 5.93193e-09)
(-10 -6.94844e-07 7.03794e-09)
(-10 -6.39111e-07 7.07389e-09)
(-10 -5.61044e-07 6.50751e-09)
(-10 -4.56229e-07 5.21296e-09)
(-10 -3.19538e-07 3.1396e-09)
(-10 -1.44818e-07 6.26677e-11)
(-10 7.53603e-08 -4.19809e-09)
(-10 3.49931e-07 -7.83205e-09)
(-10 6.90133e-07 -8.58246e-09)
(-10 1.28825e-06 -6.3433e-09)
(-10 -9.80814e-08 8.93765e-11)
(-10 -7.81678e-07 -5.02499e-09)
(-10 -8.10685e-07 -1.58618e-09)
(-10 -8.29409e-07 -3.1281e-09)
(-10 -8.36052e-07 -2.58486e-11)
(-10 -8.2665e-07 2.30195e-09)
(-10 -8.01227e-07 4.47455e-09)
(-10 -7.57871e-07 5.65155e-09)
(-10 -6.94204e-07 5.82487e-09)
(-10 -6.06002e-07 5.50238e-09)
(-10 -4.88545e-07 4.49616e-09)
(-10 -3.36462e-07 2.66454e-09)
(-10 -1.43315e-07 4.29128e-12)
(-10 9.89717e-08 -3.54623e-09)
(-10 4.00112e-07 -8.09742e-09)
(-10 7.71364e-07 -7.59143e-09)
(-10 1.42183e-06 -5.64243e-09)
(-10 -1.06775e-07 -7.04621e-10)
(-10 -8.53567e-07 -3.3316e-09)
(-10 -8.83618e-07 -1.04803e-09)
(-10 -9.02083e-07 -9.40647e-10)
(-10 -9.07048e-07 1.73675e-09)
(-10 -8.94769e-07 4.07051e-09)
(-10 -8.64362e-07 5.88034e-09)
(-10 -8.14637e-07 6.84505e-09)
(-10 -7.42813e-07 6.91462e-09)
(-10 -6.44331e-07 6.54138e-09)
(-10 -5.1435e-07 5.47997e-09)
(-10 -3.47316e-07 3.64379e-09)
(-10 -1.36574e-07 8.67576e-10)
(-10 1.26333e-07 -2.98283e-09)
(-10 4.51789e-07 -6.06521e-09)
(-10 8.52125e-07 -7.28765e-09)
(-10 1.55084e-06 -5.45243e-09)
(-10 -1.1385e-07 -5.04457e-11)
(-10 -9.22324e-07 -4.18232e-09)
(-10 -9.58696e-07 -6.91606e-09)
(-10 -9.73061e-07 -1.4352e-09)
(-10 -9.75941e-07 1.06599e-09)
(-10 -9.59936e-07 3.22581e-09)
(-10 -9.23882e-07 4.94158e-09)
(-10 -8.67255e-07 5.99723e-09)
(-10 -7.86691e-07 6.28627e-09)
(-10 -6.77383e-07 6.10912e-09)
(-10 -5.34539e-07 5.1408e-09)
(-10 -3.52687e-07 3.39222e-09)
(-10 -1.24932e-07 9.3978e-10)
(-10 1.57685e-07 -2.36938e-09)
(-10 5.06237e-07 -6.56192e-09)
(-10 9.33194e-07 -5.98702e-09)
(-10 1.67607e-06 -4.94391e-09)
(-10 -1.1878e-07 -5.36935e-10)
(-10 -9.86463e-07 -2.914e-09)
(-10 -1.02827e-06 -4.26719e-09)
(-10 -1.03794e-06 2.64748e-09)
(-10 -1.03872e-06 4.3547e-09)
(-10 -1.01855e-06 6.20257e-09)
(-10 -9.76827e-07 7.54777e-09)
(-10 -9.13232e-07 8.41343e-09)
(-10 -8.23959e-07 8.56395e-09)
(-10 -7.03873e-07 7.95242e-09)
(-10 -5.48364e-07 6.54802e-09)
(-10 -3.52438e-07 4.50943e-09)
(-10 -1.08657e-07 1.77147e-09)
(-10 1.92542e-07 -1.86253e-09)
(-10 5.62457e-07 -4.59137e-09)
(-10 1.01483e-06 -5.26828e-09)
(-10 1.79931e-06 -5.01062e-09)
(-10 -1.23098e-07 -1.98078e-10)
(-10 -1.0577e-06 -7.33747e-09)
(-10 -1.08687e-06 8.25874e-10)
(-10 -1.09961e-06 1.9515e-09)
(-10 -1.09703e-06 4.69347e-09)
(-10 -1.07217e-06 6.68963e-09)
(-10 -1.0245e-06 8.03835e-09)
(-10 -9.5404e-07 9.03949e-09)
(-10 -8.55924e-07 9.04762e-09)
(-10 -7.25089e-07 7.88827e-09)
(-10 -5.5766e-07 5.96953e-09)
(-10 -3.48118e-07 3.70015e-09)
(-10 -8.8807e-08 1.23342e-09)
(-10 2.29756e-07 -1.67281e-09)
(-10 6.20474e-07 -5.61891e-09)
(-10 1.09656e-06 -5.04533e-09)
(-10 1.92101e-06 -5.14726e-09)
(-10 -1.26477e-07 -2.48707e-10)
(-10 -1.11223e-06 -2.91862e-09)
(-10 -1.14352e-06 4.07883e-09)
(-10 -1.15315e-06 6.85904e-09)
(-10 -1.14775e-06 9.90747e-09)
(-10 -1.11854e-06 1.14849e-08)
(-10 -1.06516e-06 1.24552e-08)
(-10 -9.8859e-07 1.30426e-08)
(-10 -8.82172e-07 1.2053e-08)
(-10 -7.41668e-07 9.69793e-09)
(-10 -5.63741e-07 7.75042e-09)
(-10 -3.42233e-07 4.9588e-09)
(-10 -6.95083e-08 8.49591e-10)
(-10 2.68478e-07 -2.35253e-09)
(-10 6.79011e-07 -4.28359e-09)
(-10 1.17949e-06 -4.67536e-09)
(-10 2.04305e-06 -5.63659e-09)
(-10 -1.27143e-07 -1.69452e-10)
(-10 -1.16278e-06 -3.86245e-09)
(-10 -1.1942e-06 3.84596e-09)
(-10 -1.19907e-06 9.85339e-09)
(-10 -1.18997e-06 1.27158e-08)
(-10 -1.1566e-06 1.39747e-08)
(-10 -1.09962e-06 1.46549e-08)
(-10 -1.01753e-06 1.43186e-08)
(-10 -9.0449e-07 1.22941e-08)
(-10 -7.56901e-07 8.64653e-09)
(-10 -5.71244e-07 5.3958e-09)
(-10 -3.39756e-07 2.57646e-09)
(-10 -4.85731e-08 -3.61011e-10)
(-10 3.05006e-07 -2.44259e-09)
(-10 7.36995e-07 -5.70049e-09)
(-10 1.26262e-06 -6.25035e-09)
(-10 2.16807e-06 -5.98727e-09)
(-10 -1.29741e-07 -3.61518e-10)
(-10 -1.20966e-06 -1.87536e-09)
(-10 -1.23702e-06 9.49402e-09)
(-10 -1.23885e-06 1.70946e-08)
(-10 -1.22523e-06 1.71586e-08)
(-10 -1.1878e-06 1.96902e-08)
(-10 -1.12884e-06 1.91347e-08)
(-10 -1.04286e-06 1.71076e-08)
(-10 -9.25558e-07 1.53637e-08)
(-10 -7.73467e-07 8.69812e-09)
(-10 -5.85776e-07 4.47331e-09)
(-10 -3.37623e-07 1.69381e-09)
(-10 -3.52975e-08 -3.16537e-10)
(-10 3.36797e-07 -2.4083e-09)
(-10 7.928e-07 -5.08598e-09)
(-10 1.34648e-06 -4.77412e-09)
(-10 2.29773e-06 -6.9432e-09)
(-10 -1.31611e-07 -1.8781e-10)
(-10 -1.25656e-06 -3.07047e-09)
(-10 -1.26943e-06 1.47616e-08)
(-10 -1.27155e-06 1.70471e-08)
(-10 -1.25262e-06 1.89324e-08)
(-10 -1.21495e-06 2.13087e-08)
(-10 -1.15353e-06 1.93892e-08)
(-10 -1.06594e-06 1.62017e-08)
(-10 -9.49541e-07 1.11832e-08)
(-10 -8.01276e-07 7.03261e-09)
(-10 -5.99265e-07 3.43303e-09)
(-10 -3.48334e-07 -1.68351e-11)
(-10 -3.00892e-08 4.30172e-10)
(-10 3.63353e-07 -2.4073e-09)
(-10 8.45839e-07 -6.0378e-09)
(-10 1.42951e-06 -6.12339e-09)
(-10 2.43327e-06 -7.64031e-09)
(-10 -1.3208e-07 -3.95154e-10)
(-10 -1.29731e-06 6.55471e-09)
(-10 -1.30219e-06 1.82992e-08)
(-10 -1.3017e-06 2.13195e-08)
(-10 -1.28116e-06 2.28223e-08)
(-10 -1.24038e-06 1.84595e-08)
(-10 -1.17988e-06 1.83682e-08)
(-10 -1.09728e-06 1.69586e-08)
(-10 -9.80145e-07 1.17472e-08)
(-10 -8.28987e-07 6.80485e-09)
(-10 -6.31651e-07 2.45006e-09)
(-10 -3.69034e-07 3.05697e-09)
(-10 -3.42011e-08 3.0672e-09)
(-10 3.83219e-07 -5.24008e-10)
(-10 8.93146e-07 -4.85459e-09)
(-10 1.51212e-06 -6.06789e-09)
(-10 2.57692e-06 -8.96619e-09)
(-10 -1.33492e-07 2.93109e-10)
(-10 -1.34113e-06 7.49832e-09)
(-10 -1.3382e-06 1.48957e-08)
(-10 -1.33459e-06 1.64637e-08)
(-10 -1.31068e-06 1.56994e-08)
(-10 -1.27364e-06 1.54762e-08)
(-10 -1.21043e-06 1.44609e-08)
(-10 -1.12546e-06 9.63772e-09)
(-10 -1.02039e-06 4.52475e-09)
(-10 -8.7722e-07 3.06959e-09)
(-10 -6.73643e-07 3.95839e-09)
(-10 -3.99969e-07 6.23169e-09)
(-10 -4.71999e-08 5.06424e-09)
(-10 3.94213e-07 1.77673e-09)
(-10 9.35019e-07 -6.74816e-09)
(-10 1.59226e-06 -9.89989e-09)
(-10 2.7298e-06 -9.79887e-09)
(-10 -1.37278e-07 -1.09991e-10)
(-10 -1.385e-06 7.19714e-09)
(-10 -1.37841e-06 1.33084e-08)
(-10 -1.36815e-06 1.27276e-08)
(-10 -1.34977e-06 1.07402e-08)
(-10 -1.30226e-06 9.26434e-09)
(-10 -1.23798e-06 6.45087e-09)
(-10 -1.17673e-06 9.07771e-10)
(-10 -1.06759e-06 -2.02452e-09)
(-10 -9.31064e-07 1.74236e-09)
(-10 -7.25451e-07 6.10659e-09)
(-10 -4.41547e-07 9.09989e-09)
(-10 -7.11781e-08 7.8924e-09)
(-10 3.93561e-07 1.49597e-09)
(-10 9.67516e-07 -6.59752e-09)
(-10 1.66917e-06 -8.58648e-09)
(-10 2.89244e-06 -1.08144e-08)
(-10 -1.44492e-07 1.23703e-09)
(-10 -1.4201e-06 -2.46707e-09)
(-10 -1.411e-06 1.53064e-09)
(-10 -1.40388e-06 1.14476e-09)
(-10 -1.38588e-06 -4.30678e-09)
(-10 -1.33806e-06 -9.13661e-09)
(-10 -1.29469e-06 -1.55348e-08)
(-10 -1.20793e-06 -1.30592e-08)
(-10 -1.13826e-06 -1.15243e-08)
(-10 -1.00802e-06 -4.74297e-09)
(-10 -7.90896e-07 4.68551e-09)
(-10 -4.89347e-07 1.32201e-08)
(-10 -1.0855e-07 1.03272e-08)
(-10 3.80096e-07 1.99091e-09)
(-10 9.90668e-07 -9.16862e-09)
(-10 1.74028e-06 -1.05982e-08)
(-10 3.06362e-06 -1.09543e-08)
(-10 -1.55901e-07 -5.53628e-10)
(-10 -1.42903e-06 -1.12115e-08)
(-10 -1.429e-06 -1.3978e-08)
(-10 -1.41978e-06 -1.27546e-08)
(-10 -1.40398e-06 -2.94797e-08)
(-10 -1.37005e-06 -4.23963e-08)
(-10 -1.31113e-06 -2.40987e-08)
(-10 -1.30847e-06 -3.09489e-08)
(-10 -1.20106e-06 -2.53709e-08)
(-10 -1.07021e-06 -3.01343e-09)
(-10 -8.49138e-07 8.64823e-09)
(-10 -5.68292e-07 2.66403e-09)
(-10 -1.62909e-07 8.59138e-09)
(-10 3.58286e-07 4.32597e-09)
(-10 1.00599e-06 -6.19242e-09)
(-10 1.80999e-06 -1.01246e-08)
(-10 3.24334e-06 -1.18095e-08)
(-10 -1.78519e-07 1.30663e-09)
(-10 -1.45339e-06 -6.1627e-10)
(-10 -1.47287e-06 -3.78568e-09)
(-10 -1.4821e-06 -2.94773e-08)
(-10 -1.48327e-06 -2.92024e-08)
(-10 -1.48773e-06 -1.97834e-08)
(-10 -1.42411e-06 -7.03422e-08)
(-10 -1.32277e-06 -3.58726e-08)
(-10 -1.30553e-06 -1.29507e-08)
(-10 -1.17743e-06 -7.93106e-09)
(-10 -9.63196e-07 -8.2853e-10)
(-10 -6.18671e-07 2.31612e-08)
(-10 -2.22776e-07 8.08347e-09)
(-10 3.12724e-07 -3.91595e-10)
(-10 1.00867e-06 -1.11854e-08)
(-10 1.86329e-06 -1.25843e-08)
(-10 3.42302e-06 -1.06621e-08)
(-10 -1.99018e-07 -2.66e-09)
(-10 -1.50775e-06 -1.09449e-08)
(-10 -1.52821e-06 -1.14921e-08)
(-10 -1.57084e-06 1.33532e-09)
(-10 -1.58148e-06 -1.20102e-08)
(-10 -1.57623e-06 -1.01047e-07)
(-10 -1.50447e-06 -3.4587e-08)
(-10 -3.63691e-08 -4.11716e-09)
(-10 -3.82795e-08 -6.98118e-09)
(-10 -4.03618e-08 -9.67375e-09)
(-10 -4.30946e-08 -7.13914e-09)
(-10 -4.40075e-08 -2.01342e-09)
(-10 -4.27085e-08 7.28543e-10)
(-10 -4.14819e-08 2.20531e-09)
(-10 -4.00955e-08 3.44112e-09)
(-10 -3.72355e-08 3.72628e-09)
(-10 -3.26824e-08 3.21775e-09)
(-10 -2.61996e-08 2.01569e-09)
(-10 -1.74523e-08 -1.34642e-10)
(-10 -6.39424e-09 -2.776e-09)
(-10 7.1408e-09 -5.15477e-09)
(-10 2.21863e-08 -6.18267e-09)
(-10 8.55646e-08 -1.05891e-08)
(-10 8.98253e-09 1.27e-10)
(-10 -1.28322e-07 -7.14204e-09)
(-10 -1.3476e-07 -9.63113e-09)
(-10 -1.39889e-07 -1.09042e-08)
(-10 -1.42215e-07 -5.52177e-09)
(-10 -1.42388e-07 -1.68849e-09)
(-10 -1.38874e-07 6.29744e-10)
(-10 -1.34098e-07 2.54505e-09)
(-10 -1.26029e-07 3.77923e-09)
(-10 -1.13533e-07 3.88729e-09)
(-10 -9.589e-08 3.25143e-09)
(-10 -7.2254e-08 1.88657e-09)
(-10 -4.15753e-08 -5.61467e-10)
(-10 -2.87886e-09 -3.55716e-09)
(-10 4.38759e-08 -6.19967e-09)
(-10 9.73214e-08 -7.07188e-09)
(-10 2.65977e-07 -1.07264e-08)
(-10 -5.53687e-09 -5.91775e-10)
(-10 -2.11334e-07 -8.17704e-09)
(-10 -2.20285e-07 -1.01074e-08)
(-10 -2.28012e-07 -1.02168e-08)
(-10 -2.32778e-07 -5.45014e-09)
(-10 -2.33365e-07 -1.49538e-09)
(-10 -2.28632e-07 1.16802e-09)
(-10 -2.20032e-07 3.12672e-09)
(-10 -2.06082e-07 4.02166e-09)
(-10 -1.85125e-07 3.94674e-09)
(-10 -1.55672e-07 3.05349e-09)
(-10 -1.16108e-07 1.47477e-09)
(-10 -6.44888e-08 -9.65494e-10)
(-10 1.1976e-09 -3.97077e-09)
(-10 8.32448e-08 -6.59828e-09)
(-10 1.84806e-07 -7.84235e-09)
(-10 4.02e-07 -9.66126e-09)
(-10 -1.93534e-08 -1.87734e-10)
(-10 -3.04188e-07 -7.99445e-09)
(-10 -3.17994e-07 -1.0684e-08)
(-10 -3.28099e-07 -1.11497e-08)
(-10 -3.33293e-07 -5.90418e-09)
(-10 -3.32765e-07 -1.87976e-09)
(-10 -3.2572e-07 8.20304e-10)
(-10 -3.12455e-07 2.69117e-09)
(-10 -2.91367e-07 3.61529e-09)
(-10 -2.60575e-07 3.5913e-09)
(-10 -2.17959e-07 2.85236e-09)
(-10 -1.61129e-07 1.38385e-09)
(-10 -8.71878e-08 -1.11484e-09)
(-10 7.39124e-09 -4.10665e-09)
(-10 1.26592e-07 -6.72934e-09)
(-10 2.7652e-07 -7.17662e-09)
(-10 5.52003e-07 -8.41471e-09)
(-10 -3.50964e-08 -5.39155e-10)
(-10 -3.90184e-07 -7.67509e-09)
(-10 -4.06496e-07 -9.02429e-09)
(-10 -4.1839e-07 -8.83983e-09)
(-10 -4.24904e-07 -4.29681e-09)
(-10 -4.2377e-07 -6.67913e-10)
(-10 -4.1472e-07 2.08831e-09)
(-10 -3.9732e-07 3.80692e-09)
(-10 -3.69688e-07 4.48185e-09)
(-10 -3.29636e-07 4.17944e-09)
(-10 -2.74499e-07 3.05892e-09)
(-10 -2.01172e-07 1.33518e-09)
(-10 -1.05913e-07 -1.02877e-09)
(-10 1.57692e-08 -3.90432e-09)
(-10 1.6944e-07 -6.32373e-09)
(-10 3.62956e-07 -7.42924e-09)
(-10 7.08969e-07 -8.07108e-09)
(-10 -4.99429e-08 -1.27786e-10)
(-10 -4.72101e-07 -7.21554e-09)
(-10 -4.93908e-07 -9.61545e-09)
(-10 -5.07479e-07 -1.0127e-08)
(-10 -5.14642e-07 -5.30851e-09)
(-10 -5.12435e-07 -1.53861e-09)
(-10 -5.00831e-07 9.08247e-10)
(-10 -4.78925e-07 2.58386e-09)
(-10 -4.44449e-07 3.35612e-09)
(-10 -3.94858e-07 3.28956e-09)
(-10 -3.27018e-07 2.58026e-09)
(-10 -2.37203e-07 1.16923e-09)
(-10 -1.20907e-07 -1.03281e-09)
(-10 2.73719e-08 -3.68788e-09)
(-10 2.14057e-07 -6.03504e-09)
(-10 4.47162e-07 -6.05146e-09)
(-10 8.60888e-07 -7.01036e-09)
(-10 -6.39001e-08 -7.95964e-10)
(-10 -5.51803e-07 -5.82249e-09)
(-10 -5.75942e-07 -7.16834e-09)
(-10 -5.90656e-07 -6.657e-09)
(-10 -5.98783e-07 -3.78881e-09)
(-10 -5.95936e-07 2.302e-10)
(-10 -5.81655e-07 2.81334e-09)
(-10 -5.55236e-07 4.22081e-09)
(-10 -5.14015e-07 4.60589e-09)
(-10 -4.5509e-07 4.10674e-09)
(-10 -3.74869e-07 2.92859e-09)
(-10 -2.69079e-07 1.21278e-09)
(-10 -1.3258e-07 -9.45929e-10)
(-10 4.07915e-08 -3.32215e-09)
(-10 2.58397e-07 -5.30954e-09)
(-10 5.29587e-07 -6.46125e-09)
(-10 1.00907e-06 -6.85561e-09)
(-10 -7.65987e-08 1.19793e-10)
(-10 -6.3016e-07 -6.60295e-09)
(-10 -6.55825e-07 -9.53411e-09)
(-10 -6.73884e-07 -8.77519e-09)
(-10 -6.81268e-07 -3.93417e-09)
(-10 -6.76839e-07 -1.22588e-09)
(-10 -6.59426e-07 9.1244e-10)
(-10 -6.27825e-07 2.31986e-09)
(-10 -5.79388e-07 2.89598e-09)
(-10 -5.10782e-07 2.73117e-09)
(-10 -4.1802e-07 2.03943e-09)
(-10 -2.96369e-07 8.75825e-10)
(-10 -1.40125e-07 -9.21991e-10)
(-10 5.76682e-08 -3.14998e-09)
(-10 3.05111e-07 -5.26729e-09)
(-10 6.11904e-07 -5.13841e-09)
(-10 1.15275e-06 -5.71764e-09)
(-10 -8.81925e-08 -9.23787e-10)
(-10 -7.05908e-07 -5.59388e-09)
(-10 -7.35152e-07 -7.20855e-09)
(-10 -7.51404e-07 -4.12971e-09)
(-10 -7.58625e-07 -1.58841e-09)
(-10 -7.52351e-07 1.35636e-09)
(-10 -7.31565e-07 3.44417e-09)
(-10 -6.94619e-07 4.42099e-09)
(-10 -6.38826e-07 4.46604e-09)
(-10 -5.6058e-07 3.82895e-09)
(-10 -4.55516e-07 2.67256e-09)
(-10 -3.18479e-07 1.0974e-09)
(-10 -1.43323e-07 -8.702e-10)
(-10 7.73751e-08 -2.89183e-09)
(-10 3.52574e-07 -4.40092e-09)
(-10 6.93112e-07 -5.60738e-09)
(-10 1.29128e-06 -5.86737e-09)
(-10 -9.82881e-08 3.14807e-10)
(-10 -7.81574e-07 -7.40197e-09)
(-10 -8.11335e-07 -8.57552e-09)
(-10 -8.28549e-07 -6.4386e-09)
(-10 -8.34425e-07 -2.74555e-09)
(-10 -8.25377e-07 -7.06904e-10)
(-10 -8.00274e-07 1.08686e-09)
(-10 -7.57294e-07 2.17643e-09)
(-10 -6.93509e-07 2.5396e-09)
(-10 -6.05155e-07 2.29114e-09)
(-10 -4.87532e-07 1.53287e-09)
(-10 -3.35168e-07 3.75671e-10)
(-10 -1.41567e-07 -1.01054e-09)
(-10 1.01226e-07 -2.67054e-09)
(-10 4.0283e-07 -4.68179e-09)
(-10 7.74472e-07 -4.71007e-09)
(-10 1.42494e-06 -4.87421e-09)
(-10 -1.06849e-07 -9.65607e-10)
(-10 -8.52898e-07 -5.32099e-09)
(-10 -8.86458e-07 -5.45335e-09)
(-10 -9.0043e-07 -1.27919e-09)
(-10 -9.05089e-07 8.49734e-10)
(-10 -8.93003e-07 2.95854e-09)
(-10 -8.63169e-07 4.30413e-09)
(-10 -8.13704e-07 4.83011e-09)
(-10 -7.41783e-07 4.57678e-09)
(-10 -6.4325e-07 3.75645e-09)
(-10 -5.13175e-07 2.51895e-09)
(-10 -3.45941e-07 1.01535e-09)
(-10 -1.34802e-07 -7.30426e-10)
(-10 1.28673e-07 -2.43353e-09)
(-10 4.54707e-07 -3.53091e-09)
(-10 8.5537e-07 -4.30224e-09)
(-10 1.55401e-06 -5.17478e-09)
(-10 -1.14031e-07 4.08293e-10)
(-10 -9.24922e-07 -7.64312e-09)
(-10 -9.57041e-07 -5.88699e-09)
(-10 -9.71557e-07 -3.40724e-09)
(-10 -9.73352e-07 -1.17581e-09)
(-10 -9.57317e-07 1.33566e-09)
(-10 -9.21965e-07 2.66389e-09)
(-10 -8.65422e-07 3.2396e-09)
(-10 -7.84912e-07 3.00039e-09)
(-10 -6.75787e-07 2.39287e-09)
(-10 -5.33101e-07 1.3804e-09)
(-10 -3.51228e-07 2.6288e-10)
(-10 -1.23133e-07 -1.06196e-09)
(-10 1.60111e-07 -2.53906e-09)
(-10 5.09173e-07 -3.75646e-09)
(-10 9.36588e-07 -3.96554e-09)
(-10 1.67927e-06 -4.59215e-09)
(-10 -1.18875e-07 -8.68424e-10)
(-10 -9.89028e-07 -4.32047e-09)
(-10 -1.0268e-06 -2.08051e-09)
(-10 -1.03611e-06 2.87615e-09)
(-10 -1.03547e-06 4.85998e-09)
(-10 -1.01536e-06 6.36902e-09)
(-10 -9.74123e-07 6.95934e-09)
(-10 -9.10677e-07 6.20597e-09)
(-10 -8.2152e-07 5.72198e-09)
(-10 -7.01908e-07 4.84646e-09)
(-10 -5.47006e-07 2.33037e-09)
(-10 -3.51186e-07 5.93781e-10)
(-10 -1.07064e-07 -8.91652e-10)
(-10 1.94838e-07 -2.13959e-09)
(-10 5.65497e-07 -2.80283e-09)
(-10 1.01827e-06 -3.67941e-09)
(-10 1.80231e-06 -5.24528e-09)
(-10 -1.23249e-07 6.31267e-10)
(-10 -1.05473e-06 -5.91965e-09)
(-10 -1.0881e-06 -2.17352e-09)
(-10 -1.09697e-06 1.37105e-09)
(-10 -1.09299e-06 3.86836e-09)
(-10 -1.06831e-06 5.25752e-09)
(-10 -1.02091e-06 5.7535e-09)
(-10 -9.50713e-07 5.68101e-09)
(-10 -8.53013e-07 4.60123e-09)
(-10 -7.23204e-07 2.75296e-09)
(-10 -5.56716e-07 7.41133e-10)
(-10 -3.47628e-07 -7.66873e-10)
(-10 -8.74713e-08 -1.12955e-09)
(-10 2.32086e-07 -2.56384e-09)
(-10 6.23496e-07 -3.15673e-09)
(-10 1.10041e-06 -2.7188e-09)
(-10 1.92383e-06 -4.877e-09)
(-10 -1.25075e-07 -9.83831e-10)
(-10 -1.11045e-06 -3.20234e-09)
(-10 -1.14474e-06 3.68997e-09)
(-10 -1.14982e-06 8.52809e-09)
(-10 -1.14279e-06 1.03495e-08)
(-10 -1.11356e-06 1.09062e-08)
(-10 -1.06106e-06 1.03021e-08)
(-10 -9.8461e-07 9.31098e-09)
(-10 -8.79169e-07 7.57485e-09)
(-10 -7.40266e-07 4.21383e-09)
(-10 -5.63352e-07 1.5979e-09)
(-10 -3.40867e-07 1.03951e-10)
(-10 -6.80448e-08 -1.49341e-09)
(-10 2.70631e-07 -2.60324e-09)
(-10 6.82569e-07 -2.30833e-09)
(-10 1.18343e-06 -3.33574e-09)
(-10 2.04626e-06 -6.17676e-09)
(-10 -1.27599e-07 8.68246e-10)
(-10 -1.16317e-06 -6.23474e-09)
(-10 -1.19227e-06 4.36066e-09)
(-10 -1.19589e-06 7.76152e-09)
(-10 -1.18469e-06 9.22901e-09)
(-10 -1.1514e-06 1.0568e-08)
(-10 -1.09506e-06 9.87553e-09)
(-10 -1.01358e-06 8.41239e-09)
(-10 -9.01984e-07 5.37128e-09)
(-10 -7.5604e-07 2.10504e-09)
(-10 -5.69338e-07 -3.69738e-11)
(-10 -3.39183e-07 -2.23122e-09)
(-10 -4.68751e-08 -2.44455e-09)
(-10 3.08268e-07 -2.65162e-09)
(-10 7.4072e-07 -2.58533e-09)
(-10 1.26659e-06 -1.07715e-09)
(-10 2.17111e-06 -5.77505e-09)
(-10 -1.29277e-07 -1.04778e-09)
(-10 -1.20837e-06 -1.24917e-09)
(-10 -1.23312e-06 1.02203e-08)
(-10 -1.23511e-06 1.5069e-08)
(-10 -1.2199e-06 1.59072e-08)
(-10 -1.18368e-06 1.52586e-08)
(-10 -1.12463e-06 1.38424e-08)
(-10 -1.04008e-06 1.08622e-08)
(-10 -9.2441e-07 6.32333e-09)
(-10 -7.73375e-07 2.25722e-09)
(-10 -5.84977e-07 -7.97167e-10)
(-10 -3.35414e-07 -2.19547e-09)
(-10 -3.23584e-08 -2.07105e-09)
(-10 3.41681e-07 -1.58978e-09)
(-10 7.97113e-07 -1.53675e-09)
(-10 1.35046e-06 -3.05377e-09)
(-10 2.30075e-06 -7.68225e-09)
(-10 -1.31466e-07 1.11049e-09)
(-10 -1.25025e-06 -5.22786e-10)
(-10 -1.26556e-06 1.03186e-08)
(-10 -1.26742e-06 1.16597e-08)
(-10 -1.24916e-06 1.2751e-08)
(-10 -1.21147e-06 1.4305e-08)
(-10 -1.15078e-06 1.10318e-08)
(-10 -1.06545e-06 7.04026e-09)
(-10 -9.49683e-07 1.99682e-09)
(-10 -8.01107e-07 -1.60683e-09)
(-10 -5.99367e-07 -3.17766e-09)
(-10 -3.44173e-07 -2.89472e-09)
(-10 -2.5299e-08 -8.0343e-10)
(-10 3.69823e-07 -1.2725e-09)
(-10 8.50178e-07 -2.0059e-09)
(-10 1.43359e-06 -1.33335e-09)
(-10 2.43635e-06 -7.81986e-09)
(-10 -1.31766e-07 -1.0094e-09)
(-10 -1.29219e-06 4.83953e-09)
(-10 -1.29964e-06 1.54526e-08)
(-10 -1.30025e-06 1.79574e-08)
(-10 -1.28056e-06 1.76007e-08)
(-10 -1.23967e-06 1.47102e-08)
(-10 -1.18021e-06 1.03835e-08)
(-10 -1.09975e-06 5.6816e-09)
(-10 -9.84249e-07 1.8121e-09)
(-10 -8.34387e-07 -1.74685e-09)
(-10 -6.28911e-07 -2.38585e-09)
(-10 -3.63948e-07 -3.72231e-10)
(-10 -2.71672e-08 6.60753e-10)
(-10 3.89356e-07 -2.54664e-10)
(-10 8.97732e-07 -1.24747e-09)
(-10 1.51612e-06 -3.67123e-09)
(-10 2.58026e-06 -9.74764e-09)
(-10 -1.32923e-07 1.03501e-09)
(-10 -1.33861e-06 5.19958e-09)
(-10 -1.33983e-06 1.08306e-08)
(-10 -1.33754e-06 1.0085e-08)
(-10 -1.31534e-06 7.75704e-09)
(-10 -1.27868e-06 5.30401e-09)
(-10 -1.21684e-06 2.37762e-09)
(-10 -1.13721e-06 -3.31113e-09)
(-10 -1.02876e-06 -7.38378e-09)
(-10 -8.80439e-07 -7.61303e-09)
(-10 -6.71286e-07 -2.23802e-09)
(-10 -3.95583e-07 -8.1776e-10)
(-10 -3.9945e-08 7.86617e-10)
(-10 4.001e-07 1.1475e-09)
(-10 9.3952e-07 -2.4351e-09)
(-10 1.59609e-06 -2.70358e-09)
(-10 2.73373e-06 -9.59954e-09)
(-10 -1.3665e-07 -6.75629e-10)
(-10 -1.39077e-06 7.20311e-09)
(-10 -1.38906e-06 9.70325e-09)
(-10 -1.37867e-06 7.21329e-09)
(-10 -1.36108e-06 3.75908e-09)
(-10 -1.31352e-06 2.22337e-10)
(-10 -1.25894e-06 -5.96832e-09)
(-10 -1.18834e-06 -1.21435e-08)
(-10 -1.08435e-06 -1.33282e-08)
(-10 -9.41631e-07 -1.01926e-08)
(-10 -7.25534e-07 -4.76036e-09)
(-10 -4.31326e-07 -6.65837e-10)
(-10 -6.54655e-08 2.39161e-09)
(-10 3.99695e-07 -1.15672e-09)
(-10 9.71026e-07 -3.31841e-09)
(-10 1.67392e-06 -4.86583e-09)
(-10 2.89721e-06 -1.06871e-08)
(-10 -1.44589e-07 9.11006e-10)
(-10 -1.43138e-06 -2.70817e-09)
(-10 -1.42669e-06 -8.42164e-09)
(-10 -1.41608e-06 -1.41002e-08)
(-10 -1.40112e-06 -1.76793e-08)
(-10 -1.35684e-06 -2.15423e-08)
(-10 -1.31846e-06 -2.93697e-08)
(-10 -1.24308e-06 -3.05817e-08)
(-10 -1.16112e-06 -3.04466e-08)
(-10 -1.00731e-06 -2.10573e-08)
(-10 -7.73653e-07 -1.22147e-08)
(-10 -4.99966e-07 -6.2531e-09)
(-10 -1.08348e-07 -1.56312e-09)
(-10 3.908e-07 9.05236e-10)
(-10 9.98541e-07 -3.25657e-09)
(-10 1.74653e-06 -1.93924e-09)
(-10 3.06924e-06 -8.70819e-09)
(-10 -1.55823e-07 -1.58971e-09)
(-10 -1.43806e-06 -6.63644e-09)
(-10 -1.43263e-06 -3.91444e-09)
(-10 -1.42725e-06 -1.67288e-08)
(-10 -1.4153e-06 -1.42069e-08)
(-10 -1.39325e-06 -2.86553e-08)
(-10 -1.34759e-06 -4.042e-08)
(-10 -1.30544e-06 -4.28892e-08)
(-10 -1.21772e-06 -3.09909e-08)
(-10 -1.06478e-06 -2.13118e-08)
(-10 -8.70065e-07 -1.40016e-08)
(-10 -5.30963e-07 -1.47051e-09)
(-10 -1.41843e-07 6.44468e-09)
(-10 3.56727e-07 -2.92322e-09)
(-10 1.00843e-06 -5.16978e-09)
(-10 1.8145e-06 -5.74131e-09)
(-10 3.24928e-06 -1.05501e-08)
(-10 -1.7933e-07 1.69567e-09)
(-10 -1.46768e-06 -1.92254e-08)
(-10 -1.47652e-06 -2.47956e-08)
(-10 -1.49503e-06 -2.29616e-08)
(-10 -1.48839e-06 -3.69148e-08)
(-10 -1.48038e-06 -5.1136e-08)
(-10 -1.45527e-06 -4.54124e-08)
(-10 -1.42755e-06 -3.94316e-08)
(-10 -1.30144e-06 -3.93292e-08)
(-10 -1.16693e-06 -2.50121e-08)
(-10 -8.55397e-07 -7.66771e-09)
(-10 -6.55312e-07 2.59442e-09)
(-10 -2.37891e-07 2.14225e-09)
(-10 3.40326e-07 8.41951e-09)
(-10 1.02522e-06 7.42093e-09)
(-10 1.87844e-06 5.06068e-09)
(-10 3.42835e-06 -8.40945e-09)
(-10 -1.99051e-07 -5.22337e-09)
(-10 -1.50493e-06 -4.31598e-09)
(-10 -1.53352e-06 -7.1367e-09)
(-10 -1.57243e-06 -1.51858e-08)
(-10 -1.58399e-06 -2.38773e-08)
(-10 -1.59328e-06 -4.27436e-08)
(-10 -1.58262e-06 -7.50999e-08)
(-10 -1.52416e-06 -2.87638e-08)
(-10 -1.42545e-06 -2.14033e-08)
(-10 -1.218e-06 -1.06984e-08)
(-10 -3.51779e-08 1.18569e-08)
(-10 -3.75537e-08 6.11198e-09)
(-10 -4.10842e-08 2.98751e-09)
(-10 -4.28184e-08 4.31452e-09)
(-10 -4.37557e-08 7.12781e-09)
(-10 -4.23256e-08 8.84096e-09)
(-10 -4.21608e-08 9.00905e-09)
(-10 -4.00757e-08 8.8984e-09)
(-10 -3.70415e-08 8.21836e-09)
(-10 -3.25631e-08 6.85735e-09)
(-10 -2.609e-08 5.06021e-09)
(-10 -1.72986e-08 2.84137e-09)
(-10 -6.30166e-09 1.00993e-10)
(-10 7.06666e-09 -2.56564e-09)
(-10 2.20541e-08 -3.36618e-09)
(-10 8.5949e-08 -6.49441e-09)
(-10 7.83883e-09 -2.58309e-09)
(-10 -1.26538e-07 8.91938e-09)
(-10 -1.33433e-07 4.01107e-09)
(-10 -1.39023e-07 1.94397e-09)
(-10 -1.41417e-07 3.64619e-09)
(-10 -1.41787e-07 7.18013e-09)
(-10 -1.38962e-07 8.46758e-09)
(-10 -1.35157e-07 8.81999e-09)
(-10 -1.25629e-07 8.65017e-09)
(-10 -1.13447e-07 7.87155e-09)
(-10 -9.59896e-08 6.53902e-09)
(-10 -7.24573e-08 4.73838e-09)
(-10 -4.18671e-08 2.71695e-09)
(-10 -3.29176e-09 -2.31633e-10)
(-10 4.33182e-08 -2.85104e-09)
(-10 9.67022e-08 -3.29331e-09)
(-10 2.65809e-07 -4.71437e-09)
(-10 -3.30448e-09 -3.16295e-09)
(-10 -2.09877e-07 6.78651e-09)
(-10 -2.1905e-07 2.17159e-09)
(-10 -2.26954e-07 1.74147e-09)
(-10 -2.31643e-07 3.15145e-09)
(-10 -2.32483e-07 6.53683e-09)
(-10 -2.28059e-07 7.97267e-09)
(-10 -2.19243e-07 8.35233e-09)
(-10 -2.0542e-07 8.15643e-09)
(-10 -1.84536e-07 7.33258e-09)
(-10 -1.55193e-07 5.95068e-09)
(-10 -1.1566e-07 4.18806e-09)
(-10 -6.40317e-08 2.04354e-09)
(-10 1.59911e-09 -5.77155e-10)
(-10 8.35482e-08 -3.66541e-09)
(-10 1.85582e-07 -4.07912e-09)
(-10 4.03548e-07 -5.07422e-09)
(-10 -2.28077e-08 -3.28729e-09)
(-10 -3.01492e-07 7.58043e-09)
(-10 -3.16044e-07 3.17372e-09)
(-10 -3.25354e-07 1.91821e-09)
(-10 -3.3078e-07 3.35373e-09)
(-10 -3.31164e-07 6.84602e-09)
(-10 -3.24369e-07 8.23233e-09)
(-10 -3.11289e-07 8.63145e-09)
(-10 -2.90355e-07 8.366e-09)
(-10 -2.59819e-07 7.56928e-09)
(-10 -2.17426e-07 6.23662e-09)
(-10 -1.60751e-07 4.48239e-09)
(-10 -8.69825e-08 2.52644e-09)
(-10 7.43547e-09 -4.00873e-10)
(-10 1.26636e-07 -2.71416e-09)
(-10 2.76469e-07 -3.12247e-09)
(-10 5.52106e-07 -4.37742e-09)
(-10 -3.22603e-08 -3.05047e-09)
(-10 -3.87209e-07 5.88208e-09)
(-10 -4.04064e-07 2.12045e-09)
(-10 -4.15449e-07 2.06013e-09)
(-10 -4.22403e-07 3.37176e-09)
(-10 -4.22056e-07 6.46261e-09)
(-10 -4.13314e-07 7.83007e-09)
(-10 -3.96107e-07 8.17761e-09)
(-10 -3.68661e-07 7.8991e-09)
(-10 -3.28795e-07 7.01335e-09)
(-10 -2.7378e-07 5.61712e-09)
(-10 -2.00474e-07 3.87255e-09)
(-10 -1.05185e-07 1.73242e-09)
(-10 1.65232e-08 -7.33139e-10)
(-10 1.70233e-07 -3.69896e-09)
(-10 3.6414e-07 -4.28752e-09)
(-10 7.10315e-07 -4.4974e-09)
(-10 -5.261e-08 -2.70393e-09)
(-10 -4.68317e-07 6.2979e-09)
(-10 -4.90079e-07 2.65202e-09)
(-10 -5.03568e-07 1.29636e-09)
(-10 -5.10697e-07 2.76024e-09)
(-10 -5.09802e-07 5.96838e-09)
(-10 -4.98793e-07 7.32612e-09)
(-10 -4.77264e-07 7.77014e-09)
(-10 -4.43185e-07 7.55909e-09)
(-10 -3.93943e-07 6.74823e-09)
(-10 -3.2635e-07 5.49301e-09)
(-10 -2.36685e-07 3.98086e-09)
(-10 -1.20513e-07 2.14119e-09)
(-10 2.76452e-08 -4.90367e-10)
(-10 2.14376e-07 -2.21312e-09)
(-10 4.47419e-07 -2.57879e-09)
(-10 8.61239e-07 -3.81462e-09)
(-10 -6.14074e-08 -2.59088e-09)
(-10 -5.48145e-07 4.76986e-09)
(-10 -5.72897e-07 1.58301e-09)
(-10 -5.8694e-07 1.99744e-09)
(-10 -5.94992e-07 3.26241e-09)
(-10 -5.93125e-07 5.95608e-09)
(-10 -5.79725e-07 7.05864e-09)
(-10 -5.53692e-07 7.35107e-09)
(-10 -5.12873e-07 7.06451e-09)
(-10 -4.54248e-07 6.24063e-09)
(-10 -3.74199e-07 4.95401e-09)
(-10 -2.685e-07 3.28226e-09)
(-10 -1.32024e-07 1.33005e-09)
(-10 4.13516e-08 -7.19023e-10)
(-10 2.58985e-07 -3.30168e-09)
(-10 5.30376e-07 -4.1443e-09)
(-10 1.00995e-06 -4.08576e-09)
(-10 -7.56862e-08 -2.09877e-09)
(-10 -6.25459e-07 4.22529e-09)
(-10 -6.52331e-07 8.16747e-10)
(-10 -6.69337e-07 3.71681e-10)
(-10 -6.76611e-07 1.97955e-09)
(-10 -6.73279e-07 4.70435e-09)
(-10 -6.56803e-07 6.01119e-09)
(-10 -6.25902e-07 6.51926e-09)
(-10 -5.7806e-07 6.30639e-09)
(-10 -5.09951e-07 5.53453e-09)
(-10 -4.17463e-07 4.38307e-09)
(-10 -2.96008e-07 3.14169e-09)
(-10 -1.39922e-07 1.64773e-09)
(-10 5.76763e-08 -4.26868e-10)
(-10 3.05076e-07 -1.65167e-09)
(-10 6.11753e-07 -2.00527e-09)
(-10 1.15242e-06 -3.24976e-09)
(-10 -8.12297e-08 -2.05047e-09)
(-10 -7.00578e-07 5.09537e-09)
(-10 -7.31759e-07 -5.10263e-10)
(-10 -7.46833e-07 1.82219e-09)
(-10 -7.5416e-07 3.04265e-09)
(-10 -7.48851e-07 5.16608e-09)
(-10 -7.28946e-07 5.96343e-09)
(-10 -6.92789e-07 6.17154e-09)
(-10 -6.37619e-07 5.86638e-09)
(-10 -5.59868e-07 5.17291e-09)
(-10 -4.55001e-07 4.00097e-09)
(-10 -3.18145e-07 2.44472e-09)
(-10 -1.43122e-07 6.57127e-10)
(-10 7.74859e-08 -8.00228e-10)
(-10 3.52612e-07 -2.50409e-09)
(-10 6.93072e-07 -3.90997e-09)
(-10 1.29098e-06 -3.75914e-09)
(-10 -9.04614e-08 -1.49675e-09)
(-10 -7.76978e-07 4.54998e-10)
(-10 -8.05286e-07 -7.59568e-10)
(-10 -8.23388e-07 -7.15495e-10)
(-10 -8.29433e-07 1.4174e-09)
(-10 -8.21199e-07 3.3902e-09)
(-10 -7.97093e-07 4.6476e-09)
(-10 -7.55014e-07 5.09944e-09)
(-10 -6.92054e-07 4.91674e-09)
(-10 -6.0424e-07 4.26062e-09)
(-10 -4.87033e-07 3.28223e-09)
(-10 -3.35058e-07 2.15775e-09)
(-10 -1.41739e-07 8.33281e-10)
(-10 1.00855e-07 -9.62411e-10)
(-10 4.02338e-07 -1.04988e-09)
(-10 7.73754e-07 -1.14666e-09)
(-10 1.42367e-06 -2.90712e-09)
(-10 -9.4166e-08 -1.29508e-09)
(-10 -8.46918e-07 2.26791e-09)
(-10 -8.81886e-07 -1.77881e-09)
(-10 -8.95e-07 1.92415e-09)
(-10 -8.99789e-07 3.25018e-09)
(-10 -8.88571e-07 4.43975e-09)
(-10 -8.59793e-07 5.1839e-09)
(-10 -8.11408e-07 5.3041e-09)
(-10 -7.40143e-07 4.91837e-09)
(-10 -6.42238e-07 4.2947e-09)
(-10 -5.12745e-07 3.13888e-09)
(-10 -3.45995e-07 1.69058e-09)
(-10 -1.35118e-07 3.18414e-10)
(-10 1.28244e-07 -7.71868e-10)
(-10 4.54134e-07 -1.89118e-09)
(-10 8.54692e-07 -3.54405e-09)
(-10 1.55263e-06 -3.59771e-09)
(-10 -9.99796e-08 -1.00348e-09)
(-10 -9.1926e-07 -2.12375e-09)
(-10 -9.5136e-07 -2.20706e-09)
(-10 -9.65459e-07 -7.09569e-10)
(-10 -9.67435e-07 1.42193e-09)
(-10 -9.52218e-07 3.0612e-09)
(-10 -9.18076e-07 4.02935e-09)
(-10 -8.62488e-07 4.36087e-09)
(-10 -7.82837e-07 4.11158e-09)
(-10 -6.7461e-07 3.42268e-09)
(-10 -5.32764e-07 2.48444e-09)
(-10 -3.51558e-07 1.52801e-09)
(-10 -1.23838e-07 4.34599e-10)
(-10 1.59254e-07 -8.93619e-10)
(-10 5.08297e-07 -4.68305e-10)
(-10 9.35486e-07 -8.99194e-11)
(-10 1.67725e-06 -2.85678e-09)
(-10 -1.01531e-07 -5.0205e-10)
(-10 -9.83515e-07 2.35206e-10)
(-10 -1.02043e-06 -1.77342e-09)
(-10 -1.02963e-06 2.8446e-09)
(-10 -1.02916e-06 4.49997e-09)
(-10 -1.00977e-06 5.60467e-09)
(-10 -9.69737e-07 6.07276e-09)
(-10 -9.07397e-07 5.63696e-09)
(-10 -8.1923e-07 4.97782e-09)
(-10 -7.00785e-07 4.02642e-09)
(-10 -5.47005e-07 2.49798e-09)
(-10 -3.51931e-07 1.14522e-09)
(-10 -1.08173e-07 9.14333e-11)
(-10 1.93751e-07 -6.83558e-10)
(-10 5.64458e-07 -1.80883e-09)
(-10 1.01752e-06 -2.78704e-09)
(-10 1.79992e-06 -3.50018e-09)
(-10 -1.04947e-07 -9.61891e-10)
(-10 -1.04872e-06 -2.9208e-09)
(-10 -1.08205e-06 -3.81228e-10)
(-10 -1.09063e-06 1.5792e-09)
(-10 -1.08637e-06 3.82851e-09)
(-10 -1.06225e-06 5.13766e-09)
(-10 -1.01633e-06 5.54754e-09)
(-10 -9.47272e-07 5.3999e-09)
(-10 -8.50832e-07 4.62405e-09)
(-10 -7.22487e-07 3.25194e-09)
(-10 -5.57257e-07 1.817e-09)
(-10 -3.48954e-07 7.45244e-10)
(-10 -8.91246e-08 -2.40523e-12)
(-10 2.30766e-07 -6.92597e-10)
(-10 6.22418e-07 -9.67464e-11)
(-10 1.09845e-06 5.13082e-10)
(-10 1.92115e-06 -3.07496e-09)
(-10 -1.04849e-07 -7.26527e-10)
(-10 -1.10304e-06 -1.52611e-09)
(-10 -1.13922e-06 2.27501e-09)
(-10 -1.14336e-06 6.96502e-09)
(-10 -1.13597e-06 8.39758e-09)
(-10 -1.10735e-06 8.90522e-09)
(-10 -1.05659e-06 8.65675e-09)
(-10 -9.81374e-07 7.76054e-09)
(-10 -8.77519e-07 6.06683e-09)
(-10 -7.404e-07 3.82073e-09)
(-10 -5.64786e-07 1.76983e-09)
(-10 -3.42917e-07 8.48712e-10)
(-10 -6.94119e-08 2.98478e-10)
(-10 2.69321e-07 -8.785e-10)
(-10 6.81654e-07 -1.87555e-09)
(-10 1.18156e-06 -1.8587e-09)
(-10 2.04342e-06 -3.88292e-09)
(-10 -1.07273e-07 -6.73486e-10)
(-10 -1.15725e-06 -8.38379e-10)
(-10 -1.18644e-06 4.73619e-09)
(-10 -1.19006e-06 7.35042e-09)
(-10 -1.17892e-06 9.29545e-09)
(-10 -1.14627e-06 9.69101e-09)
(-10 -1.09153e-06 9.21666e-09)
(-10 -1.01151e-06 7.92527e-09)
(-10 -9.01662e-07 5.73138e-09)
(-10 -7.57333e-07 3.0582e-09)
(-10 -5.71393e-07 1.74413e-09)
(-10 -3.41134e-07 7.64704e-10)
(-10 -4.8631e-08 -2.29962e-10)
(-10 3.0727e-07 -4.69362e-10)
(-10 7.40267e-07 8.59053e-10)
(-10 1.26498e-06 1.42815e-09)
(-10 2.16788e-06 -3.53903e-09)
(-10 -1.08761e-07 -9.27191e-11)
(-10 -1.2015e-06 2.54338e-09)
(-10 -1.22802e-06 9.69575e-09)
(-10 -1.22979e-06 1.39068e-08)
(-10 -1.21519e-06 1.45193e-08)
(-10 -1.1803e-06 1.39794e-08)
(-10 -1.12276e-06 1.24851e-08)
(-10 -1.0397e-06 1.00509e-08)
(-10 -9.25993e-07 6.71366e-09)
(-10 -7.7564e-07 3.57684e-09)
(-10 -5.87093e-07 1.40157e-09)
(-10 -3.37478e-07 3.63826e-10)
(-10 -3.32767e-08 6.91865e-11)
(-10 3.41867e-07 2.13429e-10)
(-10 7.9642e-07 -1.78253e-09)
(-10 1.34884e-06 -1.69947e-09)
(-10 2.29743e-06 -4.57784e-09)
(-10 -1.11679e-07 -5.63046e-10)
(-10 -1.24225e-06 7.03393e-09)
(-10 -1.26009e-06 1.36277e-08)
(-10 -1.26314e-06 1.50927e-08)
(-10 -1.24655e-06 1.52776e-08)
(-10 -1.20978e-06 1.46853e-08)
(-10 -1.15132e-06 1.32548e-08)
(-10 -1.06713e-06 9.63377e-09)
(-10 -9.5275e-07 6.00855e-09)
(-10 -8.05062e-07 3.09928e-09)
(-10 -6.0062e-07 1.51098e-09)
(-10 -3.46402e-07 1.14824e-09)
(-10 -2.41964e-08 1.15294e-09)
(-10 3.69764e-07 4.68987e-10)
(-10 8.4959e-07 1.42818e-09)
(-10 1.43183e-06 1.81693e-09)
(-10 2.43332e-06 -4.29103e-09)
(-10 -1.15811e-07 -1.01284e-09)
(-10 -1.28469e-06 1.31718e-08)
(-10 -1.29492e-06 1.85444e-08)
(-10 -1.29973e-06 2.03206e-08)
(-10 -1.28098e-06 1.96222e-08)
(-10 -1.24239e-06 1.71672e-08)
(-10 -1.18396e-06 1.33708e-08)
(-10 -1.10383e-06 9.43315e-09)
(-10 -9.91961e-07 6.05236e-09)
(-10 -8.36937e-07 3.12616e-09)
(-10 -6.33241e-07 1.87745e-09)
(-10 -3.64369e-07 1.65825e-09)
(-10 -2.75993e-08 1.21109e-09)
(-10 3.90435e-07 -1.10092e-11)
(-10 8.96404e-07 -2.10376e-09)
(-10 1.51458e-06 -2.94551e-09)
(-10 2.57847e-06 -5.86268e-09)
(-10 -1.22556e-07 -9.97762e-10)
(-10 -1.32865e-06 1.75357e-08)
(-10 -1.33979e-06 1.83854e-08)
(-10 -1.33998e-06 1.76082e-08)
(-10 -1.31898e-06 1.56985e-08)
(-10 -1.28262e-06 1.27052e-08)
(-10 -1.22618e-06 1.02891e-08)
(-10 -1.14362e-06 6.10766e-09)
(-10 -1.03883e-06 2.47638e-09)
(-10 -8.85442e-07 1.55026e-09)
(-10 -6.76753e-07 1.81501e-09)
(-10 -3.94996e-07 1.61411e-09)
(-10 -4.18509e-08 9.08611e-10)
(-10 4.00279e-07 -1.52691e-09)
(-10 9.36394e-07 -4.7065e-10)
(-10 1.59523e-06 1.12208e-09)
(-10 2.733e-06 -4.82032e-09)
(-10 -1.31573e-07 -3.60086e-09)
(-10 -1.38693e-06 1.79267e-08)
(-10 -1.39056e-06 1.40536e-08)
(-10 -1.38914e-06 1.18455e-08)
(-10 -1.37047e-06 1.01057e-08)
(-10 -1.32983e-06 7.26371e-09)
(-10 -1.27125e-06 3.05228e-09)
(-10 -1.20406e-06 -1.2196e-09)
(-10 -1.09718e-06 -2.88078e-09)
(-10 -9.48724e-07 -2.65964e-09)
(-10 -7.30249e-07 -2.49256e-09)
(-10 -4.40633e-07 -1.80561e-09)
(-10 -7.08952e-08 -2.82719e-09)
(-10 4.00972e-07 -4.86432e-09)
(-10 9.72829e-07 -5.94177e-09)
(-10 1.67462e-06 -4.24388e-09)
(-10 2.8984e-06 -5.93838e-09)
(-10 -1.46138e-07 -1.95567e-09)
(-10 -1.41434e-06 1.04267e-08)
(-10 -1.41633e-06 2.75085e-09)
(-10 -1.41826e-06 -5.42474e-09)
(-10 -1.40486e-06 -7.52308e-09)
(-10 -1.36483e-06 -8.7458e-09)
(-10 -1.32059e-06 -1.31692e-08)
(-10 -1.25355e-06 -1.48026e-08)
(-10 -1.16519e-06 -1.25207e-08)
(-10 -1.0146e-06 -9.06395e-09)
(-10 -7.9851e-07 -6.56276e-09)
(-10 -4.99734e-07 -6.48859e-09)
(-10 -8.49709e-08 -9.1656e-09)
(-10 3.83025e-07 -7.26136e-09)
(-10 9.92485e-07 -2.37032e-09)
(-10 1.74401e-06 3.22345e-09)
(-10 3.06959e-06 -3.39534e-09)
(-10 -1.55606e-07 -4.39836e-09)
(-10 -1.42122e-06 7.58162e-09)
(-10 -1.445e-06 4.58125e-09)
(-10 -1.41318e-06 5.79421e-10)
(-10 -1.41945e-06 -4.86892e-09)
(-10 -1.38757e-06 -7.93649e-09)
(-10 -1.35861e-06 -1.37579e-08)
(-10 -1.3058e-06 -1.24759e-08)
(-10 -1.22209e-06 -6.05614e-09)
(-10 -1.07895e-06 -5.99483e-09)
(-10 -8.57578e-07 -1.87973e-08)
(-10 -5.37301e-07 -3.60608e-09)
(-10 -1.69134e-07 -1.40187e-09)
(-10 3.87161e-07 -2.98163e-09)
(-10 1.01662e-06 1.855e-09)
(-10 1.83526e-06 2.7086e-09)
(-10 3.25024e-06 -4.79614e-09)
(-10 -1.85829e-07 -2.52556e-09)
(-10 -1.46126e-06 1.60792e-09)
(-10 -1.47491e-06 -1.91406e-09)
(-10 -1.48268e-06 -7.75076e-09)
(-10 -1.48308e-06 -1.09442e-08)
(-10 -1.47521e-06 -1.91057e-08)
(-10 -1.44891e-06 -2.01499e-08)
(-10 -1.40883e-06 -1.71057e-08)
(-10 -1.31806e-06 -1.65788e-08)
(-10 -1.17826e-06 -7.23884e-09)
(-10 -9.60043e-07 -3.58236e-09)
(-10 -6.27111e-07 -1.50677e-08)
(-10 -1.35493e-07 2.3817e-10)
(-10 3.31127e-07 1.69605e-08)
(-10 1.03601e-06 1.15979e-08)
(-10 1.86128e-06 1.30678e-08)
(-10 3.42635e-06 -3.26956e-09)
(-10 -1.94172e-07 -1.53958e-09)
(-10 -1.50251e-06 2.36982e-08)
(-10 -1.53667e-06 2.1645e-08)
(-10 -1.56692e-06 2.16318e-08)
(-10 -1.58249e-06 8.69798e-09)
(-10 -1.58688e-06 1.82902e-09)
(-10 -1.56761e-06 7.63701e-09)
(-10 -1.52382e-06 1.04908e-08)
(-10 -1.43373e-06 1.04261e-08)
(-10 -1.2939e-06 1.42311e-08)
(-10 -1.04525e-06 -2.96184e-08)
(-10 -6.81367e-07 7.58199e-09)
(-10 -2.3245e-08 1.6833e-08)
(-10 -2.64231e-08 1.30701e-08)
(-10 -3.08414e-08 1.20686e-08)
(-10 -3.35777e-08 1.1351e-08)
(-10 -3.40621e-08 1.13795e-08)
(-10 -3.61186e-08 1.08722e-08)
(-10 -3.57259e-08 1.03419e-08)
(-10 -3.58849e-08 9.49041e-09)
(-10 -3.25807e-08 8.62106e-09)
(-10 -2.92159e-08 7.36107e-09)
(-10 -2.42397e-08 5.8146e-09)
(-10 -1.70077e-08 4.14821e-09)
(-10 -7.5428e-09 2.49224e-09)
(-10 4.95789e-09 1.16751e-09)
(-10 1.91217e-08 2.96603e-10)
(-10 7.67752e-08 -1.29816e-09)
(-10 1.32507e-08 -2.34081e-09)
(-10 -9.57153e-08 1.52999e-08)
(-10 -1.04657e-07 1.24061e-08)
(-10 -1.11963e-07 1.1961e-08)
(-10 -1.17328e-07 1.12586e-08)
(-10 -1.20524e-07 1.11698e-08)
(-10 -1.20664e-07 1.09626e-08)
(-10 -1.177e-07 1.02618e-08)
(-10 -1.13028e-07 9.48085e-09)
(-10 -1.04412e-07 8.5206e-09)
(-10 -9.06307e-08 7.24733e-09)
(-10 -7.08149e-08 5.71066e-09)
(-10 -4.40246e-08 3.98904e-09)
(-10 -9.34952e-09 2.21406e-09)
(-10 3.3519e-08 8.12366e-10)
(-10 8.36929e-08 -2.3643e-10)
(-10 2.46663e-07 -1.88133e-09)
(-10 -4.48744e-09 -2.27843e-09)
(-10 -1.58083e-07 1.40691e-08)
(-10 -1.71136e-07 1.1158e-08)
(-10 -1.82082e-07 1.09206e-08)
(-10 -1.91143e-07 1.04451e-08)
(-10 -1.96601e-07 1.03329e-08)
(-10 -1.97407e-07 1.00906e-08)
(-10 -1.93466e-07 9.46858e-09)
(-10 -1.8489e-07 8.79227e-09)
(-10 -1.69753e-07 7.85576e-09)
(-10 -1.46479e-07 6.62841e-09)
(-10 -1.13258e-07 5.19334e-09)
(-10 -6.81628e-08 3.58288e-09)
(-10 -9.2707e-09 1.93172e-09)
(-10 6.64161e-08 3.52195e-10)
(-10 1.62798e-07 -8.9308e-10)
(-10 3.73745e-07 -9.23516e-10)
(-10 -1.56744e-08 -2.37574e-09)
(-10 -2.29099e-07 1.43183e-08)
(-10 -2.49219e-07 1.19099e-08)
(-10 -2.62016e-07 1.12096e-08)
(-10 -2.73831e-07 1.08513e-08)
(-10 -2.80566e-07 1.07148e-08)
(-10 -2.80966e-07 1.04257e-08)
(-10 -2.74836e-07 9.89246e-09)
(-10 -2.61449e-07 9.15947e-09)
(-10 -2.3891e-07 8.16248e-09)
(-10 -2.0495e-07 6.89563e-09)
(-10 -1.57031e-07 5.39036e-09)
(-10 -9.22485e-08 3.77806e-09)
(-10 -7.06191e-09 2.08972e-09)
(-10 1.02808e-07 7.23678e-10)
(-10 2.43529e-07 -2.60421e-10)
(-10 5.13293e-07 -8.55535e-10)
(-10 -3.33667e-08 -2.234e-09)
(-10 -2.95651e-07 1.28004e-08)
(-10 -3.19271e-07 1.00849e-08)
(-10 -3.35957e-07 1.00615e-08)
(-10 -3.50445e-07 9.70616e-09)
(-10 -3.58343e-07 9.59807e-09)
(-10 -3.58634e-07 9.32423e-09)
(-10 -3.50561e-07 8.85334e-09)
(-10 -3.32796e-07 8.158e-09)
(-10 -3.03082e-07 7.21915e-09)
(-10 -2.58794e-07 6.02896e-09)
(-10 -1.96659e-07 4.6686e-09)
(-10 -1.12886e-07 3.20096e-09)
(-10 -3.0259e-09 1.69091e-09)
(-10 1.38936e-07 1.47433e-10)
(-10 3.21657e-07 -8.59665e-10)
(-10 6.59342e-07 -7.09058e-10)
(-10 -4.58836e-08 -2.40846e-09)
(-10 -3.58612e-07 1.22758e-08)
(-10 -3.88539e-07 1.04297e-08)
(-10 -4.07555e-07 9.74188e-09)
(-10 -4.24242e-07 9.49707e-09)
(-10 -4.33065e-07 9.46584e-09)
(-10 -4.32836e-07 9.26506e-09)
(-10 -4.22416e-07 8.83632e-09)
(-10 -4.00038e-07 8.19415e-09)
(-10 -3.63088e-07 7.28332e-09)
(-10 -3.08327e-07 6.14083e-09)
(-10 -2.32068e-07 4.79521e-09)
(-10 -1.29717e-07 3.36563e-09)
(-10 4.31174e-09 1.86663e-09)
(-10 1.76845e-07 7.43822e-10)
(-10 3.95599e-07 -1.10341e-10)
(-10 8.00607e-07 -9.44987e-10)
(-10 -6.14852e-08 -1.95884e-09)
(-10 -4.22302e-07 1.05926e-08)
(-10 -4.54648e-07 8.24721e-09)
(-10 -4.77245e-07 8.44474e-09)
(-10 -4.9573e-07 8.17472e-09)
(-10 -5.0508e-07 8.1014e-09)
(-10 -5.03949e-07 7.94666e-09)
(-10 -4.9086e-07 7.57341e-09)
(-10 -4.63615e-07 6.97292e-09)
(-10 -4.19299e-07 6.14508e-09)
(-10 -3.54178e-07 5.09581e-09)
(-10 -2.64002e-07 3.9255e-09)
(-10 -1.4359e-07 2.65911e-09)
(-10 1.33452e-08 1.40169e-09)
(-10 2.14515e-07 -5.31533e-11)
(-10 4.70033e-07 -8.19437e-10)
(-10 9.38469e-07 -8.10942e-10)
(-10 -7.25218e-08 -2.25754e-09)
(-10 -4.83548e-07 9.40711e-09)
(-10 -5.21016e-07 8.19053e-09)
(-10 -5.45351e-07 7.56704e-09)
(-10 -5.65071e-07 7.54135e-09)
(-10 -5.74329e-07 7.60551e-09)
(-10 -5.71673e-07 7.48611e-09)
(-10 -5.55323e-07 7.20267e-09)
(-10 -5.22774e-07 6.71546e-09)
(-10 -4.70746e-07 5.99081e-09)
(-10 -3.95134e-07 5.08954e-09)
(-10 -2.91162e-07 4.02611e-09)
(-10 -1.53166e-07 2.83893e-09)
(-10 2.59718e-08 1.56794e-09)
(-10 2.54921e-07 7.83417e-10)
(-10 5.43004e-07 -1.01548e-11)
(-10 1.07218e-06 -1.02619e-09)
(-10 -8.52621e-08 -1.54505e-09)
(-10 -5.45685e-07 7.62018e-09)
(-10 -5.85207e-07 5.4597e-09)
(-10 -6.11967e-07 6.14395e-09)
(-10 -6.32294e-07 6.13898e-09)
(-10 -6.40831e-07 6.19536e-09)
(-10 -6.36053e-07 6.16128e-09)
(-10 -6.15886e-07 5.8999e-09)
(-10 -5.7756e-07 5.415e-09)
(-10 -5.17566e-07 4.76343e-09)
(-10 -4.31332e-07 3.96617e-09)
(-10 -3.13826e-07 3.0439e-09)
(-10 -1.58766e-07 2.04035e-09)
(-10 4.14681e-08 1.02686e-09)
(-10 2.96055e-07 -2.68823e-10)
(-10 6.16681e-07 -8.17643e-10)
(-10 1.20109e-06 -8.79458e-10)
(-10 -9.4156e-08 -1.90262e-09)
(-10 -6.0699e-07 5.91451e-09)
(-10 -6.50049e-07 5.35664e-09)
(-10 -6.77534e-07 4.919e-09)
(-10 -6.97624e-07 5.11266e-09)
(-10 -7.04657e-07 5.33166e-09)
(-10 -6.9693e-07 5.41821e-09)
(-10 -6.72188e-07 5.28009e-09)
(-10 -6.27523e-07 4.96106e-09)
(-10 -5.59012e-07 4.47667e-09)
(-10 -4.61974e-07 3.82945e-09)
(-10 -3.31075e-07 3.05731e-09)
(-10 -1.59498e-07 2.17958e-09)
(-10 6.09962e-08 1.16507e-09)
(-10 3.40487e-07 9.59145e-10)
(-10 6.89832e-07 5.19653e-12)
(-10 1.32565e-06 -1.03024e-09)
(-10 -1.03644e-07 -9.58024e-10)
(-10 -6.68642e-07 4.46054e-09)
(-10 -7.14442e-07 2.13818e-09)
(-10 -7.4121e-07 3.64209e-09)
(-10 -7.6051e-07 3.92079e-09)
(-10 -7.65375e-07 4.23531e-09)
(-10 -7.53988e-07 4.34764e-09)
(-10 -7.24108e-07 4.23161e-09)
(-10 -6.72443e-07 3.92163e-09)
(-10 -5.95105e-07 3.43105e-09)
(-10 -4.87341e-07 2.82398e-09)
(-10 -3.43222e-07 2.15565e-09)
(-10 -1.55661e-07 1.43435e-09)
(-10 8.40404e-08 7.00846e-10)
(-10 3.86206e-07 -4.25856e-10)
(-10 7.63746e-07 -7.26011e-10)
(-10 1.44586e-06 -9.21083e-10)
(-10 -1.09225e-07 -1.4433e-09)
(-10 -7.29361e-07 2.4068e-09)
(-10 -7.77613e-07 1.99468e-09)
(-10 -8.03418e-07 2.22796e-09)
(-10 -8.20983e-07 2.88586e-09)
(-10 -8.22808e-07 3.43315e-09)
(-10 -8.07072e-07 3.72717e-09)
(-10 -7.71099e-07 3.76522e-09)
(-10 -7.12087e-07 3.52971e-09)
(-10 -6.25794e-07 3.14037e-09)
(-10 -5.07063e-07 2.6593e-09)
(-10 -3.49904e-07 2.121e-09)
(-10 -1.46895e-07 1.4517e-09)
(-10 1.11182e-07 6.4129e-10)
(-10 4.35376e-07 1.34395e-09)
(-10 8.37711e-07 -3.06257e-11)
(-10 1.56289e-06 -1.03109e-09)
(-10 -1.15859e-07 -4.10372e-10)
(-10 -7.88178e-07 1.34364e-09)
(-10 -8.38566e-07 2.1e-10)
(-10 -8.62303e-07 2.09322e-09)
(-10 -8.77627e-07 2.6285e-09)
(-10 -8.75939e-07 3.10873e-09)
(-10 -8.5509e-07 3.3387e-09)
(-10 -8.13171e-07 3.3072e-09)
(-10 -7.46781e-07 3.0519e-09)
(-10 -6.51442e-07 2.59944e-09)
(-10 -5.22014e-07 2.00039e-09)
(-10 -3.52277e-07 1.42169e-09)
(-10 -1.34454e-07 9.32701e-10)
(-10 1.41293e-07 5.17754e-10)
(-10 4.85797e-07 -3.01636e-10)
(-10 9.12861e-07 -7.31396e-10)
(-10 1.67743e-06 -1.11068e-09)
(-10 -1.17379e-07 -8.59261e-10)
(-10 -8.45693e-07 -1.8286e-10)
(-10 -8.95117e-07 8.84302e-10)
(-10 -9.17612e-07 1.48829e-09)
(-10 -9.29979e-07 2.44084e-09)
(-10 -9.24107e-07 3.07424e-09)
(-10 -8.98189e-07 3.35905e-09)
(-10 -8.50379e-07 3.362e-09)
(-10 -7.76636e-07 3.06152e-09)
(-10 -6.72525e-07 2.58163e-09)
(-10 -5.32767e-07 2.06405e-09)
(-10 -3.50976e-07 1.53386e-09)
(-10 -1.18155e-07 9.82447e-10)
(-10 1.74385e-07 3.79042e-10)
(-10 5.38567e-07 3.7973e-10)
(-10 9.87823e-07 -3.26299e-11)
(-10 1.79143e-06 -1.13085e-09)
(-10 -1.22679e-07 4.84527e-11)
(-10 -8.96712e-07 1.20506e-10)
(-10 -9.46285e-07 4.50937e-10)
(-10 -9.66238e-07 2.76294e-09)
(-10 -9.75679e-07 3.52838e-09)
(-10 -9.65611e-07 3.94153e-09)
(-10 -9.35588e-07 3.78215e-09)
(-10 -8.82459e-07 3.65626e-09)
(-10 -8.0219e-07 3.07646e-09)
(-10 -6.9037e-07 2.3912e-09)
(-10 -5.41297e-07 1.88719e-09)
(-10 -3.47015e-07 1.40305e-09)
(-10 -1.02471e-07 8.89819e-10)
(-10 2.08709e-07 2.87844e-10)
(-10 5.92022e-07 -4.33356e-10)
(-10 1.06402e-06 -8.66213e-10)
(-10 1.90543e-06 -9.93573e-10)
(-10 -1.22956e-07 -7.18157e-10)
(-10 -9.4465e-07 3.47221e-10)
(-10 -9.89299e-07 3.02868e-09)
(-10 -1.00855e-06 3.83938e-09)
(-10 -1.01463e-06 4.82609e-09)
(-10 -1.00142e-06 5.24807e-09)
(-10 -9.67844e-07 5.10058e-09)
(-10 -9.1044e-07 4.75981e-09)
(-10 -8.25046e-07 3.92379e-09)
(-10 -7.06984e-07 2.98425e-09)
(-10 -5.47905e-07 2.43725e-09)
(-10 -3.47318e-07 1.8541e-09)
(-10 -8.30559e-08 1.27463e-09)
(-10 2.42352e-07 7.65052e-10)
(-10 6.45359e-07 2.08284e-09)
(-10 1.1401e-06 1.39073e-10)
(-10 2.02201e-06 -9.76443e-10)
(-10 -1.2586e-07 -2.27887e-10)
(-10 -9.83682e-07 2.99898e-09)
(-10 -1.02283e-06 4.8741e-09)
(-10 -1.04306e-06 6.96707e-09)
(-10 -1.0461e-06 7.49978e-09)
(-10 -1.03087e-06 7.43238e-09)
(-10 -9.95185e-07 6.9178e-09)
(-10 -9.35615e-07 5.97935e-09)
(-10 -8.4726e-07 4.59034e-09)
(-10 -7.24106e-07 3.47087e-09)
(-10 -5.63013e-07 2.55112e-09)
(-10 -3.44603e-07 1.7293e-09)
(-10 -7.03354e-08 1.19411e-09)
(-10 2.72247e-07 9.52725e-10)
(-10 6.94831e-07 -3.88772e-10)
(-10 1.21658e-06 -7.78898e-10)
(-10 2.14242e-06 -7.7574e-10)
(-10 -1.25124e-07 -7.25348e-10)
(-10 -1.01673e-06 7.05003e-09)
(-10 -1.04784e-06 9.85199e-09)
(-10 -1.07064e-06 1.02727e-08)
(-10 -1.07185e-06 1.07819e-08)
(-10 -1.05577e-06 1.04554e-08)
(-10 -1.01896e-06 9.44707e-09)
(-10 -9.59502e-07 8.02958e-09)
(-10 -8.70666e-07 6.4462e-09)
(-10 -7.50454e-07 5.04232e-09)
(-10 -5.78053e-07 3.83194e-09)
(-10 -3.52133e-07 2.99911e-09)
(-10 -6.5535e-08 2.13414e-09)
(-10 2.95787e-07 1.07487e-09)
(-10 7.40587e-07 2.35128e-09)
(-10 1.29013e-06 3.2021e-10)
(-10 2.26844e-06 -8.7067e-10)
(-10 -1.24468e-07 -3.52666e-10)
(-10 -1.04569e-06 1.2565e-08)
(-10 -1.076e-06 1.29938e-08)
(-10 -1.09776e-06 1.40145e-08)
(-10 -1.09797e-06 1.36446e-08)
(-10 -1.08022e-06 1.2673e-08)
(-10 -1.04526e-06 1.07665e-08)
(-10 -9.91173e-07 8.84397e-09)
(-10 -9.0378e-07 7.88258e-09)
(-10 -7.79945e-07 5.70548e-09)
(-10 -6.05272e-07 4.49421e-09)
(-10 -3.72111e-07 2.89929e-09)
(-10 -7.02702e-08 1.96586e-09)
(-10 3.09143e-07 6.67255e-10)
(-10 7.78796e-07 -8.23458e-10)
(-10 1.36421e-06 -7.88968e-10)
(-10 2.4028e-06 -7.08163e-10)
(-10 -1.25254e-07 -1.43141e-09)
(-10 -1.07721e-06 1.68787e-08)
(-10 -1.10798e-06 1.68327e-08)
(-10 -1.12978e-06 1.6388e-08)
(-10 -1.12783e-06 1.5423e-08)
(-10 -1.1133e-06 1.45097e-08)
(-10 -1.07747e-06 1.31853e-08)
(-10 -1.02636e-06 1.14672e-08)
(-10 -9.43427e-07 9.50887e-09)
(-10 -8.24585e-07 7.89483e-09)
(-10 -6.44945e-07 6.15469e-09)
(-10 -4.05548e-07 4.12789e-09)
(-10 -8.77927e-08 2.70212e-09)
(-10 3.0994e-07 -3.88791e-10)
(-10 8.12337e-07 1.24073e-09)
(-10 1.43573e-06 2.81346e-10)
(-10 2.54648e-06 -7.40446e-10)
(-10 -1.29765e-07 -5.25056e-10)
(-10 -1.126e-06 1.90731e-08)
(-10 -1.13905e-06 1.55554e-08)
(-10 -1.16559e-06 1.41728e-08)
(-10 -1.16476e-06 1.38678e-08)
(-10 -1.14608e-06 1.27344e-08)
(-10 -1.11604e-06 1.05011e-08)
(-10 -1.07077e-06 9.35216e-09)
(-10 -9.96822e-07 8.04035e-09)
(-10 -8.77445e-07 6.71515e-09)
(-10 -6.96365e-07 4.80588e-09)
(-10 -4.48342e-07 2.10087e-09)
(-10 -1.19142e-07 -2.2122e-09)
(-10 3.05055e-07 -2.08067e-09)
(-10 8.37947e-07 -2.10952e-09)
(-10 1.50118e-06 8.46486e-10)
(-10 2.70005e-06 -4.43543e-10)
(-10 -1.38971e-07 -2.68083e-09)
(-10 -1.13104e-06 1.44337e-08)
(-10 -1.16976e-06 1.58972e-08)
(-10 -1.16745e-06 1.02529e-08)
(-10 -1.17765e-06 9.57428e-09)
(-10 -1.15937e-06 8.74204e-09)
(-10 -1.14651e-06 7.35234e-09)
(-10 -1.10556e-06 6.45467e-09)
(-10 -1.04673e-06 6.51128e-09)
(-10 -9.33102e-07 6.44171e-09)
(-10 -7.53144e-07 5.30938e-09)
(-10 -5.01376e-07 3.78546e-09)
(-10 -1.60581e-07 2.18992e-09)
(-10 2.86907e-07 -3.26392e-10)
(-10 8.54247e-07 1.58201e-09)
(-10 1.59323e-06 3.26081e-10)
(-10 2.86009e-06 6.25867e-10)
(-10 -1.53592e-07 -2.1448e-09)
(-10 -1.15654e-06 1.82844e-08)
(-10 -1.1581e-06 7.65772e-09)
(-10 -1.14864e-06 1.26525e-08)
(-10 -1.17713e-06 1.01858e-08)
(-10 -1.17219e-06 6.65217e-09)
(-10 -1.16117e-06 4.73343e-09)
(-10 -1.14555e-06 4.78756e-09)
(-10 -1.08925e-06 5.67718e-09)
(-10 -9.82017e-07 6.37009e-09)
(-10 -8.05545e-07 5.47582e-09)
(-10 -5.48352e-07 -5.61082e-09)
(-10 -1.9665e-07 -3.48246e-09)
(-10 2.69445e-07 2.24385e-09)
(-10 9.18047e-07 3.112e-09)
(-10 1.61049e-06 6.05588e-09)
(-10 3.02639e-06 6.11587e-10)
(-10 -1.72163e-07 -3.80136e-09)
(-10 -1.14491e-06 1.4845e-08)
(-10 -1.15768e-06 1.98788e-08)
(-10 -1.18987e-06 8.3007e-09)
(-10 -1.21335e-06 8.26558e-09)
(-10 -1.23574e-06 3.99831e-09)
(-10 -1.2343e-06 3.86304e-09)
(-10 -1.22479e-06 6.41496e-09)
(-10 -1.18113e-06 8.02751e-09)
(-10 -1.07727e-06 3.35599e-09)
(-10 -8.85395e-07 -9.03316e-10)
(-10 -6.35137e-07 1.08174e-08)
(-10 -2.74079e-07 8.52362e-09)
(-10 2.70399e-07 8.78577e-09)
(-10 8.64563e-07 7.28226e-09)
(-10 1.75977e-06 -2.52714e-10)
(-10 3.18362e-06 -5.89555e-10)
(-10 -1.78463e-07 2.30888e-10)
(-10 -1.14372e-06 4.59667e-08)
(-10 -1.18672e-06 2.87764e-08)
(-10 -1.23558e-06 3.09344e-08)
(-10 -1.27449e-06 2.50392e-08)
(-10 -1.30795e-06 2.02391e-08)
(-10 -1.32381e-06 1.58849e-08)
(-10 -1.31512e-06 1.48287e-08)
(-10 -1.26711e-06 1.88429e-08)
(-10 -1.16098e-06 2.08863e-08)
(-10 -9.9065e-07 1.88767e-08)
(-10 -7.13586e-07 1.09337e-08)
(-10 -3.38902e-07 7.93962e-09)
(-10 1.91727e-07 1.81483e-08)
(-10 9.57865e-07 7.42333e-09)
(-10 8.35263e-07 -4.62902e-08)
(-10 7.64575e-07 -2.35857e-08)
(-10 7.21622e-07 -1.11196e-08)
(-10 6.99206e-07 -7.99932e-09)
(-10 7.05945e-07 -2.83644e-08)
(-10 7.3874e-07 -2.63026e-08)
(-10 7.88984e-07 -3.59168e-08)
(-10 7.60695e-07 -3.9319e-08)
(-10 7.11299e-07 -3.9973e-08)
(-10 6.98315e-07 -3.95105e-08)
(-10 7.05837e-07 -1.6465e-08)
(-10 7.19817e-07 -1.52691e-08)
(-10 7.35206e-07 -7.43582e-09)
(-10 7.37934e-07 1.09405e-08)
(-10 8.43881e-07 -2.14717e-08)
(-10 7.26963e-07 -1.94171e-08)
(-10 6.05022e-07 -4.02266e-08)
(-10 5.18571e-07 -1.36347e-08)
(-10 4.39813e-07 3.23991e-09)
(-10 3.73428e-07 5.66418e-09)
(-10 3.1448e-07 -3.63798e-10)
(-10 3.34613e-07 1.16842e-08)
(-10 4.36172e-07 -7.55698e-09)
(-10 5.36636e-07 -2.58914e-08)
(-10 5.19386e-07 -3.53205e-08)
(-10 4.80393e-07 -3.6661e-08)
(-10 4.89646e-07 -2.81541e-08)
(-10 5.13902e-07 -2.44076e-08)
(-10 5.39447e-07 9.97263e-10)
(-10 5.58876e-07 1.01334e-08)
(-10 5.67821e-07 1.4368e-08)
(-10 5.18012e-07 -6.57727e-09)
(-10 4.41187e-07 5.81828e-09)
(-10 3.45743e-07 -1.71507e-08)
(-10 2.65731e-07 5.19482e-09)
(-10 1.81051e-07 3.29525e-08)
(-10 1.03399e-07 6.09796e-08)
(-10 8.39454e-08 8.65181e-08)
(-10 1.13947e-07 9.1872e-08)
(-10 1.95988e-07 3.85631e-08)
(-10 3.22808e-07 -1.38652e-08)
(-10 3.45436e-07 -2.80167e-08)
(-10 3.28918e-07 -2.23022e-08)
(-10 3.49192e-07 -2.39377e-08)
(-10 3.85861e-07 -5.57752e-09)
(-10 4.2512e-07 -1.01969e-08)
(-10 4.54744e-07 8.6926e-09)
(-10 4.70873e-07 2.55388e-08)
(-10 2.76435e-07 -4.16983e-09)
(-10 2.61564e-07 5.39258e-09)
(-10 1.97484e-07 -1.41778e-08)
(-10 1.33156e-07 -2.89553e-10)
(-10 6.34593e-08 2.22842e-08)
(-10 1.58986e-08 4.58721e-08)
(-10 1.3525e-08 4.59343e-08)
(-10 5.31609e-08 6.00836e-08)
(-10 7.32305e-08 6.44498e-08)
(-10 1.50556e-07 4.94017e-08)
(-10 1.87568e-07 2.33184e-10)
(-10 2.09126e-07 -1.7341e-08)
(-10 2.48508e-07 -6.33524e-09)
(-10 2.97989e-07 -9.7332e-09)
(-10 3.47291e-07 1.76263e-08)
(-10 3.85192e-07 2.18631e-08)
(-10 4.1023e-07 2.49874e-08)
(-10 1.12072e-07 8.77788e-09)
(-10 1.19081e-07 1.66482e-08)
(-10 8.5506e-08 -1.32742e-08)
(-10 3.40326e-08 -7.03219e-09)
(-10 -2.26436e-08 2.31601e-09)
(-10 4.81666e-09 2.11387e-08)
(-10 2.66957e-08 3.02757e-08)
(-10 1.91834e-08 2.24494e-08)
(-10 4.07776e-08 3.77419e-08)
(-10 8.09816e-08 6.20424e-08)
(-10 4.38922e-08 5.54598e-08)
(-10 7.70288e-08 9.82636e-09)
(-10 1.55332e-07 -1.05302e-08)
(-10 2.12787e-07 1.29306e-08)
(-10 2.67001e-07 -3.5762e-10)
(-10 3.11246e-07 1.52452e-08)
(-10 3.40994e-07 3.40458e-08)
(-10 -2.31819e-08 1.26799e-08)
(-10 3.10052e-08 1.58167e-08)
(-10 3.41725e-08 -1.23427e-08)
(-10 -4.46268e-09 -1.04746e-08)
(-10 -1.9883e-08 2.42246e-09)
(-10 1.05289e-08 -2.40347e-08)
(-10 2.82128e-08 -2.15848e-08)
(-10 1.11158e-08 7.79511e-09)
(-10 3.61263e-08 1.9339e-08)
(-10 6.8216e-08 3.25933e-08)
(-10 -1.69128e-08 3.52093e-08)
(-10 -8.62644e-08 3.03886e-08)
(-10 -4.56698e-08 2.51842e-08)
(-10 4.47033e-08 3.38e-09)
(-10 1.37626e-07 1.38038e-08)
(-10 2.04658e-07 6.20275e-09)
(-10 2.38875e-07 -6.26449e-09)
(-10 -3.49643e-08 6.55383e-08)
(-10 -3.87986e-08 2.81981e-08)
(-10 -6.58406e-09 -4.71503e-08)
(-10 3.90117e-08 -4.34806e-08)
(-10 4.09844e-08 -5.81339e-08)
(-10 4.47089e-08 -5.70898e-08)
(-10 4.76368e-08 -1.87707e-08)
(-10 5.98796e-08 -1.42927e-08)
(-10 9.43711e-08 3.33479e-09)
(-10 1.41312e-07 1.71473e-08)
(-10 5.6274e-08 2.87458e-08)
(-10 -5.19766e-08 2.83372e-08)
(-10 -8.24771e-08 2.27012e-08)
(-10 -6.79269e-08 4.73716e-08)
(-10 -3.71151e-08 -9.03307e-10)
(-10 2.85403e-08 -3.21141e-08)
(-10 8.47342e-08 -2.46398e-08)
(-10 2.65459e-08 1.41952e-08)
(-10 2.30237e-08 2.41552e-08)
(-10 -1.64969e-08 -3.53068e-08)
(-10 2.58461e-09 -5.65513e-08)
(-10 1.36191e-08 -3.69345e-08)
(-10 4.34895e-08 -5.63192e-08)
(-10 6.81275e-08 -2.90284e-08)
(-10 9.55777e-08 -7.12605e-09)
(-10 1.8327e-07 1.15743e-09)
(-10 2.8124e-07 9.68451e-09)
(-10 2.04745e-07 1.34955e-08)
(-10 1.00729e-07 1.31888e-08)
(-10 2.69065e-08 1.27382e-08)
(-10 -5.32487e-08 -1.22618e-08)
(-10 -1.45043e-07 6.63566e-09)
(-10 -2.02153e-07 -1.03563e-09)
(-10 -1.95836e-07 -1.7541e-08)
(-10 -6.61725e-08 -1.45355e-09)
(-10 2.565e-08 1.90971e-09)
(-10 7.8307e-09 -7.33276e-08)
(-10 -3.49668e-08 -8.96612e-08)
(-10 6.09739e-08 -4.28025e-08)
(-10 1.64153e-07 -1.50897e-08)
(-10 2.21351e-07 -8.4295e-09)
(-10 2.84829e-07 -1.05565e-08)
(-10 3.06914e-07 -4.25969e-09)
(-10 4.1362e-07 4.1824e-09)
(-10 3.94132e-07 4.88606e-09)
(-10 2.98616e-07 -9.3475e-10)
(-10 2.20741e-07 -1.39813e-08)
(-10 1.39866e-07 4.12354e-10)
(-10 7.19877e-09 -1.6919e-09)
(-10 -1.55571e-07 -1.86547e-08)
(-10 -2.36608e-07 8.28119e-09)
(-10 -3.3068e-07 1.56003e-08)
(-10 -1.94275e-07 -4.692e-10)
(-10 -1.10397e-07 -4.47087e-08)
(-10 -4.20538e-08 -3.59926e-08)
(-10 1.12624e-07 -1.79231e-08)
(-10 2.60989e-07 -3.43432e-08)
(-10 3.63971e-07 -1.61291e-08)
(-10 4.45249e-07 -5.78741e-09)
(-10 4.57837e-07 6.61883e-09)
(-10 4.44873e-07 3.13368e-11)
(-10 4.34572e-07 -2.7062e-08)
(-10 3.78512e-07 -3.48782e-08)
(-10 2.78131e-07 -2.80995e-08)
(-10 1.96437e-07 -1.61603e-08)
(-10 1.28769e-07 5.50004e-08)
(-10 6.0294e-08 3.41423e-08)
(-10 2.01563e-09 -6.08854e-08)
(-10 -6.65314e-07 2.42106e-08)
(-10 -4.60122e-07 2.41081e-08)
(-10 -3.03098e-07 -1.90845e-08)
(-10 -1.68436e-07 -7.39463e-09)
(-10 -6.1003e-09 -1.59297e-08)
(-10 1.59205e-07 1.73946e-08)
(-10 2.8831e-07 2.75625e-08)
(-10 3.92078e-07 2.4528e-08)
(-10 4.60976e-07 4.40965e-08)
(-10 4.63474e-07 2.57769e-08)
(-10 3.32799e-07 -3.11064e-08)
(-10 2.58967e-07 -3.9828e-08)
(-10 1.97949e-07 -1.5582e-08)
(-10 1.56694e-07 2.88221e-08)
(-10 1.7248e-07 1.79651e-08)
(-10 1.86115e-07 -6.38977e-09)
(-10 1.49395e-07 1.61503e-08)
(-10 -1.07251e-06 2.20565e-08)
(-10 -8.09997e-07 6.17589e-09)
(-10 -6.287e-07 -4.34973e-08)
(-10 -4.38562e-07 -2.82885e-08)
(-10 -2.4358e-07 -1.61473e-08)
(-10 -7.00969e-08 -2.15709e-08)
(-10 8.46592e-08 -6.96535e-09)
(-10 2.20511e-07 1.83992e-08)
(-10 3.31051e-07 2.97627e-08)
(-10 4.09903e-07 3.29912e-08)
(-10 3.06122e-07 1.00607e-08)
(-10 1.91743e-07 3.38935e-10)
(-10 2.29908e-07 1.5303e-08)
(-10 2.73313e-07 -3.97982e-09)
(-10 2.79751e-07 1.65197e-08)
(-10 2.85871e-07 2.05481e-08)
(-10 2.7394e-07 -3.86744e-08)
(-10 -1.49592e-06 1.9894e-08)
(-10 -1.18764e-06 -3.77286e-09)
(-10 -9.85892e-07 -6.05725e-08)
(-10 -7.26306e-07 -3.29314e-08)
(-10 -4.86107e-07 -2.37513e-08)
(-10 -3.0123e-07 -2.88758e-09)
(-10 -1.18555e-07 1.14737e-08)
(-10 4.01067e-08 1.26681e-09)
(-10 1.77766e-07 1.70466e-08)
(-10 2.998e-07 3.30138e-08)
(-10 2.86941e-07 3.08293e-08)
(-10 2.5458e-07 2.13359e-08)
(-10 2.80075e-07 8.80489e-09)
(-10 3.18854e-07 1.71071e-08)
(-10 3.46845e-07 -6.89313e-10)
(-10 3.68218e-07 -2.19889e-08)
(-10 3.76763e-07 1.02668e-08)
(-10 -1.85681e-06 3.66673e-08)
(-10 -1.48761e-06 1.74401e-08)
(-10 -1.26211e-06 -2.34523e-08)
(-10 -1.00076e-06 -1.38034e-08)
(-10 -7.43579e-07 -4.35242e-09)
(-10 -5.25107e-07 -1.36927e-08)
(-10 -3.04556e-07 5.26439e-09)
(-10 -1.1098e-07 2.41045e-08)
(-10 5.48231e-08 1.88132e-08)
(-10 2.01471e-07 2.46145e-08)
(-10 2.32678e-07 2.53148e-08)
(-10 2.37758e-07 2.33506e-08)
(-10 2.85741e-07 2.63256e-08)
(-10 3.38925e-07 5.02177e-09)
(-10 3.86873e-07 1.35178e-08)
(-10 4.25594e-07 1.87789e-08)
(-10 4.46464e-07 -3.94838e-08)
(-10 -2.14944e-06 3.97649e-08)
(-10 -1.73163e-06 3.17204e-08)
(-10 -1.49459e-06 3.03853e-09)
(-10 -1.26037e-06 3.61784e-09)
(-10 -1.02091e-06 -8.56892e-09)
(-10 -8.32415e-07 3.60326e-09)
(-10 -5.6528e-07 1.21552e-08)
(-10 -2.16375e-07 -1.23172e-08)
(-10 -2.84381e-08 3.5681e-09)
(-10 9.57478e-08 2.20777e-08)
(-10 1.66134e-07 2.74717e-08)
(-10 1.97403e-07 2.33398e-08)
(-10 2.58954e-07 1.53954e-08)
(-10 3.32557e-07 1.54721e-08)
(-10 3.93447e-07 1.20038e-08)
(-10 4.43655e-07 -1.81165e-08)
(-10 4.72493e-07 1.70089e-08)
(-10 -2.37511e-06 5.01178e-08)
(-10 -1.93925e-06 3.47134e-08)
(-10 -1.69726e-06 3.49208e-08)
(-10 -1.48922e-06 4.0607e-08)
(-10 -1.29658e-06 2.987e-08)
(-10 -9.86744e-07 6.66377e-08)
(-10 -7.0911e-07 4.13894e-08)
(-10 -4.87529e-07 -6.55762e-08)
(-10 -1.20812e-07 -1.88375e-08)
(-10 6.06073e-08 2.99397e-08)
(-10 8.76121e-08 1.75575e-08)
(-10 1.52838e-07 2.41409e-08)
(-10 2.34121e-07 2.60763e-08)
(-10 3.17704e-07 1.49161e-08)
(-10 3.88e-07 2.40611e-08)
(-10 4.46623e-07 2.99768e-08)
(-10 4.80944e-07 -2.67353e-09)
(-10 -2.47831e-06 5.1578e-08)
(-10 -2.04056e-06 3.8539e-08)
(-10 -1.76849e-06 8.03554e-09)
(-10 -1.55305e-06 2.28396e-08)
(-10 -1.21322e-06 2.44191e-08)
(-10 -1.01217e-06 3.85416e-08)
(-10 -7.99306e-07 6.25739e-08)
(-10 -6.09799e-07 9.37747e-09)
(-10 -4.06825e-07 -1.02239e-07)
(-10 5.36138e-08 -2.16967e-08)
(-10 1.03158e-07 3.13671e-08)
(-10 1.12777e-07 9.66827e-09)
(-10 2.11696e-07 8.84858e-09)
(-10 3.07632e-07 1.2801e-08)
(-10 3.89057e-07 -4.99119e-09)
(-10 4.54644e-07 -1.24583e-08)
(-10 4.99341e-07 2.69072e-08)
(-10 -2.4276e-06 6.01595e-08)
(-10 -2.0087e-06 4.73927e-08)
(-10 -1.72739e-06 7.70743e-09)
(-10 -1.47457e-06 1.58649e-08)
(-10 -1.1503e-06 3.32174e-08)
(-10 -9.57123e-07 2.6472e-08)
(-10 -7.69623e-07 2.11646e-08)
(-10 -6.33846e-07 4.51219e-08)
(-10 -4.52197e-07 -2.23144e-09)
(-10 -2.3194e-07 -9.79623e-08)
(-10 1.34894e-07 -3.60992e-08)
(-10 1.36578e-07 2.81288e-08)
(-10 1.62727e-07 2.23854e-08)
(-10 2.75851e-07 6.18294e-09)
(-10 3.62777e-07 1.03094e-08)
(-10 4.32471e-07 1.37792e-08)
(-10 4.81278e-07 -1.03283e-08)
(-10 -2.25742e-06 5.30194e-08)
(-10 -1.87208e-06 5.3981e-08)
(-10 -1.63975e-06 -2.58744e-08)
(-10 -1.43301e-06 -2.48842e-08)
(-10 -1.07953e-06 2.03341e-08)
(-10 -8.77526e-07 3.01969e-08)
(-10 -7.11213e-07 3.85051e-08)
(-10 -5.61816e-07 2.98674e-08)
(-10 -4.58965e-07 4.9564e-08)
(-10 -2.6224e-07 1.38497e-08)
(-10 -1.40211e-08 -9.90686e-08)
(-10 1.34303e-07 -4.05622e-08)
(-10 1.25075e-07 4.07261e-08)
(-10 2.24429e-07 1.94853e-08)
(-10 3.03974e-07 -9.80642e-11)
(-10 3.73044e-07 -1.06004e-08)
(-10 4.28717e-07 2.21511e-08)
(-10 -2.00735e-06 7.12089e-08)
(-10 -1.72328e-06 5.56459e-08)
(-10 -1.50146e-06 2.50997e-08)
(-10 -1.17604e-06 1.04683e-08)
(-10 -9.75382e-07 8.07952e-09)
(-10 -7.74081e-07 6.00706e-09)
(-10 -6.33457e-07 2.91438e-09)
(-10 -5.07762e-07 1.68379e-08)
(-10 -3.87662e-07 3.05916e-08)
(-10 -2.45016e-07 -4.4091e-09)
(-10 -2.99803e-07 -1.15911e-07)
(-10 9.88978e-08 -4.73838e-08)
(-10 1.6387e-07 4.44586e-08)
(-10 1.47587e-07 2.28429e-08)
(-10 2.34139e-07 2.04324e-08)
(-10 2.89276e-07 2.02405e-08)
(-10 3.31288e-07 1.10552e-09)
(-10 -1.68121e-06 7.96074e-08)
(-10 -1.47285e-06 7.90312e-08)
(-10 -1.23703e-06 4.47804e-08)
(-10 -9.79403e-07 1.97796e-08)
(-10 -8.01839e-07 -4.34518e-09)
(-10 -6.64745e-07 4.49261e-09)
(-10 -5.43296e-07 5.20808e-09)
(-10 -4.46254e-07 1.01976e-09)
(-10 -3.47531e-07 5.39961e-09)
(-10 -2.81487e-07 2.28566e-08)
(-10 -2.27521e-07 -1.8156e-08)
(-10 -1.22799e-08 -7.81995e-08)
(-10 1.32723e-07 -1.30686e-08)
(-10 9.08658e-08 7.43081e-08)
(-10 1.58015e-07 3.24689e-08)
(-10 1.99354e-07 2.23648e-08)
(-10 2.45461e-07 4.45342e-08)
(-10 -1.30665e-06 8.47474e-08)
(-10 -1.17247e-06 6.86362e-08)
(-10 -9.71047e-07 3.85177e-08)
(-10 -7.78643e-07 2.86975e-08)
(-10 -6.54761e-07 -8.39782e-10)
(-10 -5.12792e-07 1.03839e-08)
(-10 -4.2602e-07 -4.87801e-09)
(-10 -3.24651e-07 -8.44183e-09)
(-10 -2.67679e-07 -2.83698e-09)
(-10 -2.05462e-07 1.79712e-08)
(-10 -1.38742e-07 -1.92824e-08)
(-10 -6.66629e-08 -4.96581e-08)
(-10 6.65596e-08 -2.21546e-08)
(-10 8.67745e-08 6.34035e-08)
(-10 1.09524e-07 3.24353e-08)
(-10 1.46599e-07 3.41006e-08)
(-10 1.84673e-07 1.34267e-08)
(-10 -8.76472e-07 7.84997e-08)
(-10 -7.83496e-07 5.62626e-08)
(-10 -6.59819e-07 1.52496e-08)
(-10 -5.31066e-07 1.26051e-09)
(-10 -4.18669e-07 1.7952e-09)
(-10 -3.12862e-07 -3.05705e-09)
(-10 -2.34132e-07 -1.97026e-08)
(-10 -1.98261e-07 -1.22527e-08)
(-10 -1.30835e-07 -1.26503e-08)
(-10 -1.06635e-07 1.82039e-08)
(-10 -7.05893e-08 -1.79271e-08)
(-10 -1.92698e-07 -1.23526e-07)
(-10 1.20712e-07 -5.64595e-08)
(-10 2.06593e-07 3.41484e-08)
(-10 1.14195e-07 1.48344e-08)
(-10 1.43046e-07 -4.63345e-09)
(-10 1.91701e-07 -3.57963e-09)
(-10 -4.83006e-07 6.14344e-08)
(-10 -4.29297e-07 3.29998e-08)
(-10 -3.84466e-07 -7.93391e-09)
(-10 -3.25157e-07 -2.42417e-08)
(-10 -2.60441e-07 -2.20174e-08)
(-10 -1.81814e-07 -3.78645e-08)
(-10 -1.50834e-07 -4.89952e-08)
(-10 -1.1551e-07 -2.78768e-08)
(-10 -9.10953e-08 -2.726e-08)
(-10 -6.17108e-08 -2.76248e-08)
(-10 -1.27369e-07 -2.20217e-08)
(-10 -1.08997e-07 -4.55709e-08)
(-10 7.22764e-08 -1.40789e-07)
(-10 1.98559e-07 -4.67937e-08)
(-10 4.64659e-08 1.33776e-08)
(-10 9.50836e-08 -1.4912e-08)
(-10 1.28572e-07 -2.65311e-08)
(-10 -1.14449e-07 6.46956e-08)
(-10 -1.16432e-07 2.62851e-08)
(-10 -1.10734e-07 -2.1269e-08)
(-10 -1.33219e-07 -4.60545e-08)
(-10 -1.08761e-07 -5.3863e-08)
(-10 -9.83192e-08 -3.75119e-08)
(-10 -8.94705e-08 -4.42178e-08)
(-10 -9.55347e-08 -5.30451e-08)
(-10 -8.24515e-08 -3.82803e-08)
(-10 -9.18926e-08 -2.43712e-08)
(-10 -7.91764e-08 -1.78767e-10)
(-10 -7.9982e-08 -3.65509e-08)
(-10 -4.48758e-08 -1.49337e-07)
(-10 -5.2917e-09 -7.61805e-08)
(-10 -2.60022e-08 -1.45786e-08)
(-10 -1.6148e-08 -3.25211e-08)
(-10 -1.62231e-08 -4.80609e-08)
(-10 6.81439e-07 -3.46999e-08)
(-10 6.93203e-07 -3.31529e-08)
(-10 7.32812e-07 -4.78255e-08)
(-10 7.86239e-07 -6.14121e-08)
(-10 7.41989e-07 -6.47546e-08)
(-10 6.93328e-07 -6.34509e-08)
(-10 6.91193e-07 -4.30413e-08)
(-10 6.91488e-07 1.37945e-09)
(-10 7.2413e-07 -4.1545e-09)
(-10 7.50945e-07 3.04489e-08)
(-10 7.5978e-07 2.73889e-08)
(-10 7.87468e-07 -5.33699e-08)
(-10 7.79238e-07 -2.25666e-08)
(-10 6.8301e-07 -1.06532e-07)
(-10 5.4352e-07 -7.21099e-08)
(-10 4.36021e-07 -4.53391e-08)
(-10 3.66887e-07 -1.96158e-08)
(-10 3.30823e-07 2.4056e-09)
(-10 3.62857e-07 3.14653e-10)
(-10 4.28889e-07 -3.03783e-08)
(-10 5.17325e-07 -5.09759e-08)
(-10 4.71717e-07 -5.72047e-08)
(-10 4.49392e-07 -5.14698e-08)
(-10 4.58772e-07 -4.4697e-08)
(-10 4.90651e-07 -3.20646e-08)
(-10 5.36361e-07 1.73405e-08)
(-10 5.79284e-07 9.18403e-09)
(-10 5.98319e-07 4.61332e-08)
(-10 4.69401e-07 -2.26575e-08)
(-10 4.94519e-07 -4.52705e-09)
(-10 3.83636e-07 -7.72734e-08)
(-10 2.61411e-07 -3.76106e-08)
(-10 1.17762e-07 1.19115e-08)
(-10 1.68182e-08 7.70365e-08)
(-10 -3.07131e-09 1.26151e-07)
(-10 6.90275e-08 1.01679e-07)
(-10 1.83851e-07 3.75571e-08)
(-10 3.37011e-07 -2.69215e-08)
(-10 3.23155e-07 -4.08977e-08)
(-10 2.9272e-07 -3.83297e-08)
(-10 3.2965e-07 -3.10982e-08)
(-10 3.85027e-07 1.23959e-09)
(-10 4.40012e-07 -4.40255e-09)
(-10 4.80426e-07 2.86223e-08)
(-10 5.14819e-07 2.17107e-08)
(-10 2.08676e-07 -9.75919e-09)
(-10 2.73215e-07 1.69645e-08)
(-10 1.9131e-07 -4.19523e-08)
(-10 7.67687e-08 -3.04314e-09)
(-10 -6.63747e-08 6.79416e-08)
(-10 -1.1782e-07 1.34014e-07)
(-10 -1.48856e-07 1.53462e-07)
(-10 -1.02263e-07 1.19864e-07)
(-10 -2.07447e-08 8.56581e-08)
(-10 1.50616e-07 3.73606e-08)
(-10 1.53246e-07 -1.20146e-08)
(-10 1.83244e-07 -1.59555e-08)
(-10 2.32985e-07 -5.32804e-09)
(-10 2.98462e-07 -9.35749e-09)
(-10 3.68267e-07 2.3907e-08)
(-10 4.27051e-07 2.13512e-08)
(-10 4.55332e-07 4.77234e-08)
(-10 3.8777e-08 1.96038e-08)
(-10 1.19092e-07 3.11255e-08)
(-10 6.24762e-08 -5.94047e-08)
(-10 -4.69595e-08 -3.47388e-08)
(-10 -1.38302e-07 3.15166e-09)
(-10 -6.83544e-08 5.42811e-08)
(-10 -8.95659e-08 4.62409e-08)
(-10 -9.77603e-08 4.40418e-08)
(-10 -9.99953e-08 5.37101e-08)
(-10 -3.76322e-08 7.22458e-08)
(-10 -6.66812e-08 5.7789e-08)
(-10 4.50003e-08 1.54772e-08)
(-10 1.28691e-07 -1.07838e-08)
(-10 2.26456e-07 1.1651e-08)
(-10 2.97637e-07 1.34584e-08)
(-10 3.53384e-07 2.8599e-08)
(-10 3.98434e-07 2.83874e-08)
(-10 -6.04542e-08 2.58667e-08)
(-10 2.48419e-08 3.82188e-08)
(-10 -1.30593e-08 -5.70922e-08)
(-10 -8.87941e-08 -5.27441e-08)
(-10 -1.2968e-07 -2.64257e-08)
(-10 -7.60409e-08 -3.98859e-08)
(-10 -4.86191e-08 -3.37561e-08)
(-10 -8.9098e-08 -3.6456e-09)
(-10 -7.82438e-08 2.70426e-08)
(-10 -4.7975e-08 5.61233e-08)
(-10 -1.64908e-07 9.06177e-08)
(-10 -1.58683e-07 7.63405e-08)
(-10 -7.24275e-08 3.23272e-08)
(-10 6.98525e-08 -4.71868e-09)
(-10 1.75245e-07 2.37819e-08)
(-10 2.59835e-07 2.07385e-08)
(-10 2.91774e-07 1.91931e-08)
(-10 -1.17085e-07 8.78035e-08)
(-10 -8.28488e-08 6.94467e-08)
(-10 -5.2894e-08 -9.23745e-08)
(-10 -2.78272e-08 -9.71274e-08)
(-10 -2.05288e-08 -6.7993e-08)
(-10 -1.43953e-08 -1.10021e-07)
(-10 -2.49239e-08 -7.03621e-08)
(-10 -2.0554e-08 -6.68159e-09)
(-10 7.73613e-09 1.09373e-08)
(-10 7.78447e-08 4.79426e-08)
(-10 -4.33716e-08 6.76508e-08)
(-10 -1.26048e-07 6.76705e-08)
(-10 -1.51862e-07 8.01717e-08)
(-10 -9.34329e-08 8.10087e-08)
(-10 -3.37647e-09 2.87048e-08)
(-10 1.04434e-07 -3.45052e-09)
(-10 1.58401e-07 9.99595e-09)
(-10 -9.9506e-08 3.91295e-08)
(-10 -5.01253e-08 1.2162e-07)
(-10 -1.09239e-07 -4.61702e-08)
(-10 -1.19787e-07 -1.46663e-07)
(-10 -2.79628e-08 -7.64848e-08)
(-10 3.08772e-08 -8.78253e-08)
(-10 8.53453e-09 -7.11441e-08)
(-10 4.97064e-09 -4.01981e-08)
(-10 1.31459e-07 -1.02126e-08)
(-10 2.59725e-07 1.99493e-08)
(-10 1.46131e-07 4.53561e-08)
(-10 4.44344e-08 4.87406e-08)
(-10 -5.56855e-09 4.32246e-08)
(-10 -6.92864e-08 1.31294e-08)
(-10 -1.73813e-07 4.95865e-08)
(-10 -1.83704e-07 4.03554e-08)
(-10 -1.62273e-07 -3.40161e-08)
(-10 -1.4344e-07 2.55935e-08)
(-10 -3.72996e-09 4.41303e-08)
(-10 -1.30785e-07 -1.30675e-07)
(-10 -1.49609e-07 -1.28302e-07)
(-10 2.33979e-08 -4.52134e-08)
(-10 1.52265e-07 -4.2407e-08)
(-10 1.81057e-07 -7.00877e-08)
(-10 2.89988e-07 -3.19785e-08)
(-10 2.67798e-07 -2.91817e-09)
(-10 3.95543e-07 1.85235e-08)
(-10 3.38393e-07 1.87701e-08)
(-10 2.65364e-07 2.07912e-08)
(-10 2.16486e-07 1.26942e-08)
(-10 1.52185e-07 2.14502e-08)
(-10 4.58842e-08 2.69718e-08)
(-10 -1.34482e-07 3.57549e-08)
(-10 -2.44857e-07 5.99931e-08)
(-10 -3.63744e-07 1.50297e-08)
(-10 -2.25731e-07 1.35835e-08)
(-10 -1.8957e-07 -9.79725e-08)
(-10 -5.16565e-08 -4.07231e-08)
(-10 9.42249e-08 -2.75956e-08)
(-10 2.6361e-07 -3.61743e-08)
(-10 4.14825e-07 -6.05119e-08)
(-10 5.05992e-07 -4.37295e-08)
(-10 5.38061e-07 -3.20222e-08)
(-10 4.67655e-07 -7.7711e-08)
(-10 4.1368e-07 -6.88068e-08)
(-10 3.33122e-07 -4.62869e-08)
(-10 2.74561e-07 -6.41821e-08)
(-10 2.20125e-07 -8.6972e-08)
(-10 1.62244e-07 1.5479e-08)
(-10 8.12946e-08 6.0192e-08)
(-10 3.56144e-08 3.64472e-08)
(-10 -7.1654e-07 4.94618e-08)
(-10 -5.50411e-07 4.68244e-08)
(-10 -4.461e-07 -8.72886e-08)
(-10 -2.43369e-07 -2.79052e-08)
(-10 -3.88815e-08 8.83299e-09)
(-10 1.53547e-07 -1.14465e-08)
(-10 3.13077e-07 -2.09477e-08)
(-10 4.54147e-07 1.6793e-08)
(-10 5.20726e-07 7.85797e-08)
(-10 4.96882e-07 6.37954e-08)
(-10 3.24416e-07 9.14579e-09)
(-10 2.70696e-07 -4.03828e-08)
(-10 2.33421e-07 6.20701e-09)
(-10 1.93716e-07 5.35721e-08)
(-10 1.52977e-07 3.58942e-08)
(-10 1.9153e-07 7.09656e-08)
(-10 1.9619e-07 9.50761e-08)
(-10 -1.15801e-06 3.45274e-08)
(-10 -9.92126e-07 5.35557e-09)
(-10 -8.49901e-07 -1.3936e-07)
(-10 -5.42766e-07 -5.93687e-08)
(-10 -2.97529e-07 -2.93078e-08)
(-10 -1.0963e-07 -6.60363e-08)
(-10 7.94589e-08 -3.46392e-08)
(-10 2.32345e-07 2.78013e-09)
(-10 3.44349e-07 3.75773e-08)
(-10 4.20238e-07 5.3569e-08)
(-10 3.44171e-07 4.19938e-08)
(-10 2.70687e-07 3.3302e-08)
(-10 2.89257e-07 2.945e-08)
(-10 3.06822e-07 1.317e-08)
(-10 3.08582e-07 3.18329e-08)
(-10 3.173e-07 2.58484e-08)
(-10 3.12166e-07 -3.46922e-09)
(-10 -1.55513e-06 6.15843e-08)
(-10 -1.33667e-06 3.72499e-08)
(-10 -1.15651e-06 -1.31495e-07)
(-10 -8.05938e-07 -7.91884e-08)
(-10 -5.31476e-07 -4.80146e-08)
(-10 -3.177e-07 -4.49663e-08)
(-10 -1.13441e-07 -2.7015e-08)
(-10 6.87622e-08 1.05921e-08)
(-10 2.20979e-07 4.54726e-08)
(-10 3.51066e-07 6.40015e-08)
(-10 2.93039e-07 5.65918e-08)
(-10 3.02096e-07 4.56621e-08)
(-10 3.35199e-07 3.48846e-08)
(-10 3.66829e-07 3.5709e-08)
(-10 3.99809e-07 1.70655e-08)
(-10 4.20691e-07 1.48312e-08)
(-10 4.22047e-07 3.91416e-08)
(-10 -1.89518e-06 7.06481e-08)
(-10 -1.6085e-06 5.55825e-08)
(-10 -1.38567e-06 -7.90909e-08)
(-10 -1.05539e-06 -6.77508e-08)
(-10 -7.88618e-07 -5.9543e-08)
(-10 -5.46137e-07 -4.82206e-08)
(-10 -3.03629e-07 -1.98409e-08)
(-10 -8.04403e-08 3.95537e-09)
(-10 1.0886e-07 1.87879e-08)
(-10 2.69547e-07 2.8808e-08)
(-10 2.81471e-07 4.32798e-08)
(-10 2.93018e-07 4.25791e-08)
(-10 3.50804e-07 2.51891e-08)
(-10 4.08177e-07 -1.22211e-08)
(-10 4.57079e-07 -1.71457e-09)
(-10 4.9603e-07 -1.43645e-08)
(-10 5.05511e-07 -1.73435e-08)
(-10 -2.1915e-06 9.4285e-08)
(-10 -1.85609e-06 8.24991e-08)
(-10 -1.6247e-06 -4.28719e-08)
(-10 -1.30702e-06 -2.20697e-08)
(-10 -1.05146e-06 -5.1188e-09)
(-10 -8.14824e-07 5.64695e-09)
(-10 -4.94331e-07 -2.51796e-09)
(-10 -1.99321e-07 -1.15559e-08)
(-10 1.62609e-08 1.18929e-08)
(-10 2.04934e-07 3.2725e-08)
(-10 2.29235e-07 3.25961e-08)
(-10 2.79254e-07 2.96403e-08)
(-10 3.51517e-07 2.24956e-08)
(-10 4.16638e-07 1.70474e-08)
(-10 4.84658e-07 -1.80164e-09)
(-10 5.28899e-07 -5.61729e-10)
(-10 5.47228e-07 2.90927e-08)
(-10 -2.40676e-06 8.85521e-08)
(-10 -2.06371e-06 6.18761e-08)
(-10 -1.84628e-06 2.04731e-08)
(-10 -1.54673e-06 5.94052e-08)
(-10 -1.28796e-06 6.24415e-08)
(-10 -1.0444e-06 1.10811e-07)
(-10 -7.48597e-07 5.93661e-08)
(-10 -4.17237e-07 -8.81951e-08)
(-10 -8.44105e-08 -3.4861e-08)
(-10 1.4855e-07 1.68151e-08)
(-10 1.81006e-07 1.64213e-08)
(-10 2.47514e-07 3.07551e-08)
(-10 3.25834e-07 1.94308e-08)
(-10 4.03457e-07 -1.14367e-08)
(-10 4.78828e-07 4.55505e-09)
(-10 5.23264e-07 2.11487e-09)
(-10 5.46367e-07 4.72106e-10)
(-10 -2.51222e-06 1.19755e-07)
(-10 -2.19653e-06 9.11614e-08)
(-10 -1.91756e-06 2.72535e-08)
(-10 -1.56432e-06 8.62015e-08)
(-10 -1.35299e-06 7.64467e-08)
(-10 -1.07296e-06 8.01432e-08)
(-10 -8.48757e-07 8.80908e-08)
(-10 -6.16686e-07 4.68314e-08)
(-10 -2.34577e-07 -4.637e-08)
(-10 7.64123e-08 -5.59443e-08)
(-10 1.79628e-07 1.05625e-08)
(-10 2.23685e-07 6.23413e-09)
(-10 3.01339e-07 8.02259e-09)
(-10 3.83616e-07 8.08145e-09)
(-10 4.65508e-07 -1.68292e-08)
(-10 5.15029e-07 -6.28532e-09)
(-10 5.43763e-07 4.15576e-08)
(-10 -2.461e-06 1.32312e-07)
(-10 -2.2062e-06 1.05115e-07)
(-10 -1.88236e-06 2.82623e-09)
(-10 -1.52893e-06 1.45898e-08)
(-10 -1.23932e-06 1.9309e-08)
(-10 -9.60094e-07 3.2554e-08)
(-10 -7.70748e-07 5.13359e-08)
(-10 -5.90933e-07 7.00052e-08)
(-10 -3.82008e-07 1.17171e-08)
(-10 -3.47648e-08 -7.13491e-08)
(-10 1.40827e-07 -4.19361e-08)
(-10 2.15444e-07 1.39738e-08)
(-10 2.87321e-07 7.48577e-09)
(-10 3.6671e-07 -2.0245e-08)
(-10 4.48635e-07 -1.53551e-08)
(-10 5.03695e-07 -8.14364e-09)
(-10 5.45957e-07 -1.43778e-08)
(-10 -2.26782e-06 1.4824e-07)
(-10 -2.02334e-06 1.376e-07)
(-10 -1.7253e-06 -4.60743e-09)
(-10 -1.45566e-06 -4.56079e-08)
(-10 -1.13211e-06 3.60207e-09)
(-10 -8.73347e-07 3.28511e-08)
(-10 -6.93778e-07 2.77694e-08)
(-10 -5.34958e-07 2.99815e-08)
(-10 -3.95776e-07 5.56126e-08)
(-10 -1.89309e-07 3.54331e-09)
(-10 3.64008e-08 -1.36231e-07)
(-10 1.87255e-07 -4.03633e-08)
(-10 2.47786e-07 3.00859e-08)
(-10 3.21031e-07 1.44835e-08)
(-10 3.93152e-07 -1.03856e-08)
(-10 4.48848e-07 -1.41906e-08)
(-10 4.99877e-07 3.51257e-08)
(-10 -2.00021e-06 1.70909e-07)
(-10 -1.7833e-06 1.62091e-07)
(-10 -1.48352e-06 3.11288e-08)
(-10 -1.25592e-06 -3.57619e-08)
(-10 -9.9789e-07 -2.43133e-08)
(-10 -7.82952e-07 -1.87592e-08)
(-10 -6.25934e-07 -4.73348e-09)
(-10 -4.83263e-07 -1.99497e-09)
(-10 -3.60006e-07 3.91846e-09)
(-10 -2.74129e-07 -3.81849e-08)
(-10 -9.71283e-08 -1.05637e-07)
(-10 1.17792e-07 -4.91678e-08)
(-10 2.27161e-07 2.75645e-08)
(-10 2.63057e-07 1.15905e-08)
(-10 3.26278e-07 -6.03605e-09)
(-10 3.68307e-07 1.46201e-08)
(-10 4.25036e-07 -1.67948e-08)
(-10 -1.67963e-06 1.90401e-07)
(-10 -1.52147e-06 2.04097e-07)
(-10 -1.25044e-06 6.70217e-08)
(-10 -1.05103e-06 -3.13599e-08)
(-10 -8.3026e-07 -2.68055e-08)
(-10 -6.70517e-07 -1.89659e-08)
(-10 -5.09568e-07 -2.13949e-08)
(-10 -4.00956e-07 -1.5748e-08)
(-10 -3.17431e-07 4.11238e-09)
(-10 -2.35279e-07 4.03281e-08)
(-10 -1.8218e-07 -1.94008e-09)
(-10 1.62219e-08 -9.0357e-08)
(-10 1.57785e-07 -2.56756e-08)
(-10 1.86744e-07 7.37904e-08)
(-10 2.28153e-07 4.21499e-08)
(-10 2.59574e-07 1.24921e-08)
(-10 2.96774e-07 4.32133e-08)
(-10 -1.31094e-06 1.80209e-07)
(-10 -1.20404e-06 2.06252e-07)
(-10 -9.86239e-07 7.93562e-08)
(-10 -8.35925e-07 -4.7078e-08)
(-10 -6.64129e-07 -3.66027e-08)
(-10 -5.08969e-07 -5.46197e-08)
(-10 -4.04346e-07 -3.09374e-08)
(-10 -3.09959e-07 -3.95213e-08)
(-10 -2.27197e-07 -3.20053e-08)
(-10 -1.6495e-07 1.03626e-08)
(-10 -1.31763e-07 -2.96493e-08)
(-10 -2.13997e-08 -9.22278e-08)
(-10 8.90476e-08 -1.66854e-08)
(-10 1.40917e-07 6.7468e-08)
(-10 1.59332e-07 4.33586e-08)
(-10 1.69132e-07 4.05983e-08)
(-10 2.2622e-07 5.72488e-10)
(-10 -8.85023e-07 1.84234e-07)
(-10 -8.01268e-07 1.7957e-07)
(-10 -6.56895e-07 4.53838e-08)
(-10 -5.59152e-07 -2.92317e-08)
(-10 -4.01888e-07 -4.25812e-08)
(-10 -3.04708e-07 -2.73974e-08)
(-10 -2.12498e-07 -6.05072e-08)
(-10 -1.41102e-07 -4.08105e-08)
(-10 -1.13005e-07 -4.06397e-09)
(-10 -5.02188e-08 1.58123e-08)
(-10 -8.76237e-08 -1.73874e-08)
(-10 -1.55065e-08 -9.07274e-08)
(-10 1.28127e-07 -5.98716e-08)
(-10 1.9769e-07 5.13412e-08)
(-10 1.75588e-07 2.94731e-08)
(-10 1.95885e-07 -3.91473e-09)
(-10 2.48798e-07 -1.11919e-08)
(-10 -4.98755e-07 1.80001e-07)
(-10 -4.46357e-07 1.73656e-07)
(-10 -4.27436e-07 -7.36665e-09)
(-10 -3.57339e-07 -8.28042e-08)
(-10 -2.77368e-07 -2.82607e-08)
(-10 -2.01015e-07 -4.92533e-08)
(-10 -1.65523e-07 -5.08176e-08)
(-10 -1.28048e-07 -4.89061e-08)
(-10 -8.5809e-08 -3.37321e-08)
(-10 -8.6742e-08 3.131e-08)
(-10 -1.03419e-07 1.71924e-08)
(-10 -8.31934e-08 -5.15075e-08)
(-10 3.32111e-08 -7.0732e-08)
(-10 1.24926e-07 -3.50427e-08)
(-10 9.52487e-08 4.87772e-08)
(-10 1.17087e-07 3.49849e-09)
(-10 1.37915e-07 -2.34025e-08)
(-10 -1.52384e-07 1.81708e-07)
(-10 -1.43883e-07 1.44393e-07)
(-10 -1.55729e-07 -5.91708e-09)
(-10 -1.48594e-07 -8.03554e-08)
(-10 -1.15654e-07 -9.0368e-08)
(-10 -1.10651e-07 -8.40144e-08)
(-10 -9.68537e-08 -1.27697e-07)
(-10 -8.50794e-08 -9.01358e-08)
(-10 -7.79567e-08 -4.8817e-08)
(-10 -7.15431e-08 -2.97489e-08)
(-10 -6.90339e-08 1.08716e-08)
(-10 -6.47872e-08 -4.96246e-08)
(-10 -3.10812e-08 -1.53289e-07)
(-10 -4.71017e-10 -7.54786e-08)
(-10 -4.19258e-09 -2.52594e-09)
(-10 4.55777e-09 -6.19789e-08)
(-10 9.06189e-09 -7.99673e-08)
(-10 7.25443e-07 -5.49541e-08)
(-10 7.64032e-07 -6.2935e-08)
(-10 7.21252e-07 -6.23307e-08)
(-10 6.68503e-07 -5.48414e-08)
(-10 6.70933e-07 -4.35866e-08)
(-10 6.82964e-07 -1.38605e-08)
(-10 7.1709e-07 1.87281e-08)
(-10 7.41852e-07 5.23159e-08)
(-10 7.67993e-07 6.05043e-08)
(-10 7.95528e-07 -3.5192e-08)
(-10 7.80006e-07 7.51002e-08)
(-10 6.83876e-07 -1.19846e-07)
(-10 5.73377e-07 -7.91571e-08)
(-10 4.85618e-07 -5.73942e-08)
(-10 4.32978e-07 -5.13997e-08)
(-10 4.15139e-07 -1.70424e-08)
(-10 4.07921e-07 -3.32729e-08)
(-10 4.53602e-07 -4.37367e-08)
(-10 5.30763e-07 -5.15098e-08)
(-10 4.6808e-07 -5.89083e-08)
(-10 4.41679e-07 -6.32106e-08)
(-10 4.50739e-07 -5.41699e-08)
(-10 4.94208e-07 -2.79082e-08)
(-10 5.38962e-07 3.16005e-09)
(-10 5.84639e-07 2.47132e-08)
(-10 6.15606e-07 4.53907e-08)
(-10 5.13824e-07 -1.97138e-08)
(-10 5.32897e-07 9.19778e-08)
(-10 4.33668e-07 -1.07505e-07)
(-10 3.30497e-07 -6.45787e-08)
(-10 2.33451e-07 -9.37834e-09)
(-10 1.72835e-07 2.30571e-08)
(-10 1.68557e-07 3.36402e-08)
(-10 1.94704e-07 3.14799e-08)
(-10 2.53797e-07 1.43812e-09)
(-10 3.48572e-07 -2.31715e-08)
(-10 3.10947e-07 -2.99934e-08)
(-10 3.00704e-07 -2.71087e-08)
(-10 3.32507e-07 -2.57755e-08)
(-10 3.90323e-07 -1.07137e-08)
(-10 4.50117e-07 6.73985e-09)
(-10 4.99373e-07 3.44013e-08)
(-10 5.39554e-07 5.04215e-08)
(-10 2.53673e-07 1.62501e-08)
(-10 3.11562e-07 9.65806e-08)
(-10 2.17331e-07 -6.90279e-08)
(-10 1.00503e-07 -6.2919e-09)
(-10 -2.91321e-08 7.04854e-08)
(-10 -1.11248e-07 1.36464e-07)
(-10 -1.23005e-07 1.46651e-07)
(-10 -6.94783e-08 9.85401e-08)
(-10 1.82123e-08 5.19845e-08)
(-10 1.82315e-07 -5.82818e-09)
(-10 1.85651e-07 -2.07799e-08)
(-10 2.00828e-07 -2.50314e-08)
(-10 2.43725e-07 -2.38609e-08)
(-10 3.14424e-07 -8.60001e-09)
(-10 3.85007e-07 6.40652e-09)
(-10 4.435e-07 2.15737e-08)
(-10 4.87366e-07 3.62744e-08)
(-10 6.74599e-08 5.19551e-08)
(-10 1.31031e-07 9.29338e-08)
(-10 4.61199e-08 -5.02494e-08)
(-10 -8.42597e-08 3.65497e-09)
(-10 -2.0971e-07 8.92886e-08)
(-10 -2.35932e-07 1.50903e-07)
(-10 -1.97185e-07 1.41815e-07)
(-10 -1.71828e-07 1.26551e-07)
(-10 -1.1069e-07 1.06807e-07)
(-10 1.56401e-08 7.41377e-08)
(-10 3.65071e-08 2.32963e-08)
(-10 8.50012e-08 1.78953e-08)
(-10 1.58352e-07 1.34048e-08)
(-10 2.35159e-07 1.0147e-08)
(-10 3.14788e-07 1.70175e-08)
(-10 3.74652e-07 3.33579e-08)
(-10 4.19963e-07 4.35493e-08)
(-10 -4.09549e-08 6.52434e-08)
(-10 1.49459e-08 9.9649e-08)
(-10 -2.04007e-08 -6.48802e-08)
(-10 -1.18112e-07 -1.13968e-08)
(-10 -1.4239e-07 5.66314e-08)
(-10 -1.34036e-07 -1.10076e-08)
(-10 -1.06392e-07 -5.19403e-09)
(-10 -1.18185e-07 1.6251e-08)
(-10 -9.00657e-08 5.41725e-08)
(-10 -4.86481e-08 1.07587e-07)
(-10 -1.4744e-07 1.23414e-07)
(-10 -1.32709e-07 7.05794e-08)
(-10 2.7915e-08 1.01491e-08)
(-10 1.33945e-07 6.32613e-09)
(-10 2.1923e-07 1.12117e-08)
(-10 2.78022e-07 2.12689e-08)
(-10 3.17591e-07 3.65448e-08)
(-10 -1.21267e-07 8.02802e-08)
(-10 -4.20827e-08 1.28905e-07)
(-10 -1.16956e-08 -8.63693e-08)
(-10 -7.22604e-08 -9.0341e-08)
(-10 -4.60142e-08 -1.81994e-08)
(-10 -4.15026e-08 -6.56013e-08)
(-10 -4.50321e-08 -5.38495e-08)
(-10 -5.28113e-08 -2.71501e-09)
(-10 -3.16779e-08 2.79155e-08)
(-10 3.03286e-08 6.45955e-08)
(-10 -1.04582e-07 9.25857e-08)
(-10 -1.71494e-07 1.31143e-07)
(-10 -1.3166e-07 1.31236e-07)
(-10 -3.77306e-08 7.62982e-08)
(-10 9.92889e-08 3.31496e-08)
(-10 1.62241e-07 3.93413e-08)
(-10 2.02751e-07 5.96805e-08)
(-10 -8.25318e-08 1.07994e-07)
(-10 -1.53265e-08 1.90676e-07)
(-10 -1.06838e-07 -9.2797e-08)
(-10 -1.09368e-07 -1.40706e-07)
(-10 9.88951e-09 -5.28774e-08)
(-10 4.04413e-08 -1.01443e-07)
(-10 -1.06436e-08 -7.65098e-08)
(-10 -1.09929e-08 -6.53719e-08)
(-10 1.10761e-07 -1.96712e-08)
(-10 2.22115e-07 2.2211e-08)
(-10 8.38656e-08 4.90625e-08)
(-10 -1.47267e-09 5.48466e-08)
(-10 -6.6189e-08 5.45528e-08)
(-10 -1.16497e-07 6.42854e-08)
(-10 -1.08132e-07 7.95041e-08)
(-10 -7.8107e-08 3.96701e-08)
(-10 -4.96676e-08 2.49338e-08)
(-10 -9.6359e-08 7.36075e-08)
(-10 -6.52284e-08 1.31093e-07)
(-10 -1.61014e-07 -1.27578e-07)
(-10 -9.44792e-08 -9.62874e-08)
(-10 6.09161e-08 -3.14216e-08)
(-10 1.54727e-07 -7.37933e-08)
(-10 1.78433e-07 -8.8651e-08)
(-10 2.65592e-07 -4.08627e-08)
(-10 2.26897e-07 -1.74331e-08)
(-10 2.83503e-07 1.16743e-08)
(-10 2.58406e-07 3.01219e-08)
(-10 2.19673e-07 4.88717e-08)
(-10 1.39792e-07 4.39439e-08)
(-10 7.86126e-08 4.00746e-08)
(-10 -1.13951e-08 2.85104e-08)
(-10 -8.19903e-08 6.2944e-08)
(-10 -8.11246e-08 7.2392e-08)
(-10 -3.49561e-07 4.23822e-08)
(-10 -2.06804e-07 9.61145e-08)
(-10 -1.80269e-07 -1.40606e-07)
(-10 -3.64239e-08 -8.3068e-08)
(-10 1.27371e-07 -2.68805e-08)
(-10 2.75669e-07 -6.42938e-08)
(-10 4.10372e-07 -6.26914e-08)
(-10 5.05257e-07 -8.21405e-08)
(-10 4.98392e-07 -7.56677e-08)
(-10 5.37485e-07 -7.3038e-08)
(-10 3.89044e-07 -5.49059e-08)
(-10 3.27451e-07 -3.85779e-08)
(-10 2.79032e-07 -6.6916e-08)
(-10 2.18593e-07 -7.55139e-08)
(-10 1.55255e-07 -6.74852e-08)
(-10 1.21089e-07 1.50124e-08)
(-10 9.52646e-08 9.01441e-08)
(-10 -7.25644e-07 3.86407e-08)
(-10 -5.60549e-07 7.54775e-08)
(-10 -4.83901e-07 -1.5735e-07)
(-10 -2.23502e-07 -6.04034e-08)
(-10 -4.31597e-09 -5.64761e-09)
(-10 1.60756e-07 -2.71475e-08)
(-10 3.31579e-07 -5.3268e-08)
(-10 4.70257e-07 -4.17848e-08)
(-10 5.51796e-07 -1.55931e-08)
(-10 6.04691e-07 3.20762e-09)
(-10 4.32485e-07 1.12864e-08)
(-10 3.09602e-07 1.60809e-08)
(-10 2.89013e-07 1.07213e-08)
(-10 2.61373e-07 1.25437e-08)
(-10 2.23798e-07 -2.96835e-08)
(-10 1.9935e-07 -2.02936e-09)
(-10 1.78079e-07 5.12905e-08)
(-10 -1.16784e-06 5.156e-08)
(-10 -9.54007e-07 6.81043e-08)
(-10 -8.39084e-07 -1.92122e-07)
(-10 -5.40035e-07 -6.15174e-08)
(-10 -2.88176e-07 -1.23999e-08)
(-10 -1.04583e-07 -5.93712e-08)
(-10 8.30379e-08 -6.03218e-08)
(-10 2.32293e-07 -4.16565e-08)
(-10 3.48431e-07 -5.97897e-09)
(-10 4.46265e-07 3.67428e-08)
(-10 3.52577e-07 4.08367e-08)
(-10 3.10808e-07 3.11832e-08)
(-10 3.16441e-07 1.97424e-08)
(-10 3.07151e-07 8.9333e-09)
(-10 3.06018e-07 -1.48102e-08)
(-10 2.95313e-07 -2.47984e-08)
(-10 2.83631e-07 9.98695e-09)
(-10 -1.54787e-06 9.94034e-08)
(-10 -1.26924e-06 1.12915e-07)
(-10 -1.09344e-06 -1.35173e-07)
(-10 -8.00695e-07 -8.1146e-08)
(-10 -5.46644e-07 -4.32117e-08)
(-10 -3.16437e-07 -7.07418e-08)
(-10 -1.1311e-07 -4.11042e-08)
(-10 6.63428e-08 3.70296e-09)
(-10 2.16513e-07 2.51786e-08)
(-10 3.49285e-07 4.49958e-08)
(-10 3.14793e-07 5.85709e-08)
(-10 3.05215e-07 6.61185e-08)
(-10 3.36168e-07 5.82054e-08)
(-10 3.56231e-07 4.05597e-08)
(-10 3.73027e-07 1.56743e-08)
(-10 3.8456e-07 9.19173e-09)
(-10 3.75442e-07 -1.56093e-08)
(-10 -1.89235e-06 1.07359e-07)
(-10 -1.57556e-06 9.99675e-08)
(-10 -1.35751e-06 -1.20181e-07)
(-10 -1.03485e-06 -8.57587e-08)
(-10 -7.68086e-07 -7.60746e-08)
(-10 -5.25445e-07 -5.37148e-08)
(-10 -2.94966e-07 -2.75685e-08)
(-10 -8.05215e-08 -2.02937e-08)
(-10 1.07244e-07 8.67354e-09)
(-10 2.74215e-07 3.22747e-08)
(-10 2.74084e-07 3.20463e-08)
(-10 2.98497e-07 1.77023e-08)
(-10 3.50862e-07 2.86684e-09)
(-10 3.94606e-07 2.62932e-09)
(-10 4.34409e-07 -1.37511e-08)
(-10 4.53969e-07 -3.4284e-08)
(-10 4.5704e-07 -2.27018e-08)
(-10 -2.20017e-06 1.16623e-07)
(-10 -1.87939e-06 7.01801e-08)
(-10 -1.59761e-06 -9.23749e-08)
(-10 -1.24809e-06 -5.22964e-08)
(-10 -9.80784e-07 -3.11769e-08)
(-10 -7.29923e-07 -1.41185e-08)
(-10 -4.68245e-07 -7.17145e-09)
(-10 -2.06981e-07 1.45262e-08)
(-10 1.51357e-08 2.5655e-08)
(-10 2.06605e-07 1.76337e-08)
(-10 2.4154e-07 2.83536e-08)
(-10 2.86567e-07 3.49045e-08)
(-10 3.54943e-07 2.85793e-08)
(-10 4.144e-07 1.36969e-08)
(-10 4.68023e-07 -1.28534e-08)
(-10 4.96429e-07 -5.22588e-09)
(-10 5.11096e-07 -2.29908e-08)
(-10 -2.39969e-06 1.27322e-07)
(-10 -2.09375e-06 8.49154e-08)
(-10 -1.81311e-06 -7.44381e-08)
(-10 -1.47861e-06 -4.4218e-09)
(-10 -1.2284e-06 4.00707e-08)
(-10 -9.83539e-07 6.74159e-08)
(-10 -6.85084e-07 2.73124e-08)
(-10 -3.42434e-07 -3.15963e-08)
(-10 -6.84647e-08 -2.31602e-08)
(-10 1.40611e-07 -2.64216e-09)
(-10 1.92186e-07 8.18524e-10)
(-10 2.51008e-07 -1.41991e-08)
(-10 3.27038e-07 -2.32198e-08)
(-10 4.03228e-07 -1.85117e-08)
(-10 4.69948e-07 -3.67531e-08)
(-10 4.97989e-07 -2.42824e-08)
(-10 5.13097e-07 -2.75086e-09)
(-10 -2.46904e-06 1.68491e-07)
(-10 -2.19665e-06 1.37465e-07)
(-10 -1.92656e-06 1.19701e-09)
(-10 -1.63769e-06 9.06242e-08)
(-10 -1.37607e-06 1.35896e-07)
(-10 -1.11123e-06 1.38024e-07)
(-10 -8.15666e-07 1.05561e-07)
(-10 -5.09195e-07 6.41666e-08)
(-10 -1.75385e-07 -9.29045e-09)
(-10 9.44648e-08 -2.93011e-08)
(-10 1.57765e-07 -3.94793e-09)
(-10 2.30695e-07 1.21696e-08)
(-10 3.14145e-07 1.64701e-08)
(-10 3.91606e-07 1.06623e-08)
(-10 4.59728e-07 -5.75676e-09)
(-10 4.98e-07 1.36436e-08)
(-10 5.18794e-07 1.43799e-08)
(-10 -2.43313e-06 1.62933e-07)
(-10 -2.16764e-06 1.85011e-07)
(-10 -1.92608e-06 -6.84138e-09)
(-10 -1.64204e-06 2.77696e-08)
(-10 -1.32944e-06 2.32862e-08)
(-10 -1.00298e-06 4.70395e-08)
(-10 -7.77583e-07 6.25e-08)
(-10 -6.04208e-07 5.57842e-08)
(-10 -3.32573e-07 3.54048e-08)
(-10 6.35129e-09 -1.64575e-08)
(-10 1.49525e-07 -3.60191e-08)
(-10 2.24307e-07 -2.1716e-08)
(-10 3.00352e-07 -1.85124e-08)
(-10 3.78911e-07 -4.70042e-09)
(-10 4.54308e-07 -5.07592e-09)
(-10 4.97655e-07 -3.8195e-09)
(-10 5.3224e-07 3.36288e-08)
(-10 -2.25776e-06 1.94833e-07)
(-10 -2.01852e-06 2.05749e-07)
(-10 -1.76589e-06 4.9136e-08)
(-10 -1.50474e-06 5.07815e-08)
(-10 -1.17143e-06 7.08241e-09)
(-10 -8.99995e-07 6.81053e-09)
(-10 -7.17612e-07 1.94253e-08)
(-10 -5.62755e-07 3.75871e-08)
(-10 -4.07455e-07 3.33396e-08)
(-10 -9.70396e-08 2.12444e-08)
(-10 7.09516e-08 -2.44459e-08)
(-10 1.94349e-07 -4.68788e-09)
(-10 2.71666e-07 1.79267e-08)
(-10 3.42527e-07 1.51775e-08)
(-10 4.08004e-07 1.91435e-08)
(-10 4.57636e-07 3.52492e-08)
(-10 5.03551e-07 3.67821e-08)
(-10 -1.98788e-06 1.93741e-07)
(-10 -1.77738e-06 1.97681e-07)
(-10 -1.51526e-06 1.56373e-08)
(-10 -1.27876e-06 6.36814e-09)
(-10 -1.02022e-06 -2.5509e-08)
(-10 -7.83726e-07 -1.38717e-08)
(-10 -6.09129e-07 3.96758e-09)
(-10 -4.67656e-07 4.55055e-09)
(-10 -3.56027e-07 2.48765e-08)
(-10 -2.02324e-07 3.58318e-08)
(-10 -1.64569e-08 1.07296e-08)
(-10 1.46939e-07 -3.83185e-08)
(-10 2.23493e-07 -8.18828e-09)
(-10 2.86738e-07 1.26549e-08)
(-10 3.50952e-07 2.10875e-08)
(-10 3.93208e-07 1.84094e-08)
(-10 4.45161e-07 4.09454e-08)
(-10 -1.69303e-06 2.21782e-07)
(-10 -1.50371e-06 2.30051e-07)
(-10 -1.25314e-06 5.47493e-08)
(-10 -1.06222e-06 9.29806e-09)
(-10 -8.52175e-07 -3.3221e-08)
(-10 -6.57613e-07 -2.16695e-08)
(-10 -5.11415e-07 -1.77343e-08)
(-10 -3.92817e-07 -3.29104e-09)
(-10 -2.93605e-07 1.21482e-08)
(-10 -2.07386e-07 4.23595e-08)
(-10 -1.35072e-07 4.79397e-08)
(-10 4.70064e-08 2.50638e-09)
(-10 1.82358e-07 8.67908e-09)
(-10 2.24352e-07 4.02687e-08)
(-10 2.67735e-07 3.92856e-08)
(-10 3.03932e-07 5.61359e-08)
(-10 3.53965e-07 4.40248e-08)
(-10 -1.32419e-06 2.37114e-07)
(-10 -1.19897e-06 2.51867e-07)
(-10 -1.01246e-06 4.99857e-08)
(-10 -8.47031e-07 -2.79939e-08)
(-10 -6.63573e-07 -4.24715e-08)
(-10 -5.31909e-07 -5.30055e-08)
(-10 -4.15222e-07 -4.35336e-08)
(-10 -3.19704e-07 -4.09783e-08)
(-10 -2.59556e-07 -2.86696e-08)
(-10 -1.98967e-07 8.9166e-09)
(-10 -1.72573e-07 2.49108e-08)
(-10 -2.62352e-08 2.59954e-08)
(-10 1.08717e-07 1.83915e-08)
(-10 1.49558e-07 5.19361e-08)
(-10 1.78091e-07 5.58799e-08)
(-10 1.89209e-07 5.38001e-08)
(-10 2.29687e-07 5.48005e-08)
(-10 -8.72215e-07 2.50103e-07)
(-10 -8.07901e-07 2.48093e-07)
(-10 -6.99729e-07 4.47204e-08)
(-10 -5.6285e-07 -7.68921e-09)
(-10 -4.26605e-07 -4.12198e-08)
(-10 -3.1923e-07 -6.8733e-08)
(-10 -2.32142e-07 -6.58498e-08)
(-10 -1.78149e-07 -4.72673e-08)
(-10 -1.30637e-07 -3.26291e-08)
(-10 -8.61839e-08 2.58196e-08)
(-10 -8.05422e-08 4.26928e-08)
(-10 -4.33015e-08 3.19469e-08)
(-10 1.05204e-07 4.25237e-08)
(-10 1.83687e-07 4.64015e-08)
(-10 1.65113e-07 5.33431e-08)
(-10 1.80922e-07 2.87281e-08)
(-10 2.15167e-07 1.87784e-08)
(-10 -5.13002e-07 2.52216e-07)
(-10 -4.75658e-07 2.35462e-07)
(-10 -4.46209e-07 1.17929e-08)
(-10 -3.71602e-07 -2.42304e-08)
(-10 -2.82171e-07 -9.49055e-08)
(-10 -2.20259e-07 -9.14803e-08)
(-10 -1.70369e-07 -8.7323e-08)
(-10 -1.3939e-07 -7.71238e-08)
(-10 -1.09601e-07 -3.08483e-08)
(-10 -7.44847e-08 1.14002e-08)
(-10 -8.29693e-08 7.8622e-08)
(-10 -5.87276e-08 8.60081e-08)
(-10 2.44007e-08 4.58545e-08)
(-10 1.05333e-07 2.36508e-08)
(-10 9.48496e-08 2.69337e-08)
(-10 1.1143e-07 1.01845e-08)
(-10 1.32883e-07 1.25552e-09)
(-10 -1.55667e-07 2.76151e-07)
(-10 -1.50705e-07 2.40475e-07)
(-10 -1.67409e-07 2.78695e-08)
(-10 -1.55576e-07 -7.1876e-08)
(-10 -1.20816e-07 -9.09893e-08)
(-10 -1.11208e-07 -1.24437e-07)
(-10 -9.67374e-08 -1.25357e-07)
(-10 -8.61233e-08 -9.44042e-08)
(-10 -7.90087e-08 -5.52571e-08)
(-10 -5.97756e-08 -1.32878e-08)
(-10 -6.88509e-08 5.70252e-08)
(-10 -4.54269e-08 6.6936e-08)
(-10 -2.61994e-08 1.60775e-08)
(-10 -1.43885e-08 -3.14549e-08)
(-10 6.82246e-09 -2.41632e-08)
(-10 3.5924e-09 -3.2276e-08)
(-10 1.41435e-08 -4.32429e-08)
(-10 6.56169e-07 -2.11448e-08)
(-10 6.44083e-07 -1.48327e-08)
(-10 6.81393e-07 1.62232e-08)
(-10 7.11647e-07 3.63915e-08)
(-10 7.38784e-07 4.78985e-08)
(-10 7.54709e-07 6.61548e-08)
(-10 8.05994e-07 -2.2272e-08)
(-10 7.45015e-07 1.05831e-08)
(-10 6.81444e-07 -1.16938e-07)
(-10 5.88794e-07 -7.58534e-08)
(-10 5.22071e-07 -4.52615e-08)
(-10 4.76502e-07 -2.4237e-08)
(-10 4.52226e-07 -2.02652e-08)
(-10 4.67915e-07 -1.5818e-08)
(-10 4.93873e-07 -1.94784e-08)
(-10 5.44019e-07 -2.48195e-08)
(-10 4.74946e-07 -3.01559e-08)
(-10 4.40881e-07 -2.09161e-08)
(-10 4.65784e-07 -7.46437e-09)
(-10 4.94754e-07 9.7355e-09)
(-10 5.50853e-07 2.17537e-08)
(-10 6.04799e-07 4.43335e-08)
(-10 6.42645e-07 5.3515e-08)
(-10 5.56249e-07 -9.78811e-09)
(-10 5.23091e-07 2.95053e-08)
(-10 4.60631e-07 -1.02563e-07)
(-10 3.75734e-07 -5.1985e-08)
(-10 3.05515e-07 -1.53992e-08)
(-10 2.58792e-07 1.15202e-08)
(-10 2.55276e-07 2.69498e-08)
(-10 2.68069e-07 1.89458e-08)
(-10 3.14658e-07 1.1375e-08)
(-10 3.86817e-07 4.65485e-09)
(-10 3.3417e-07 4.72048e-09)
(-10 3.10923e-07 2.86409e-09)
(-10 3.47277e-07 2.38135e-09)
(-10 4.02231e-07 2.19078e-08)
(-10 4.64976e-07 4.0107e-08)
(-10 5.20999e-07 4.93808e-08)
(-10 5.67949e-07 6.31794e-08)
(-10 3.16334e-07 1.51307e-08)
(-10 3.25493e-07 4.76843e-08)
(-10 2.7123e-07 -8.6467e-08)
(-10 1.78916e-07 -2.94237e-08)
(-10 9.71471e-08 1.72975e-08)
(-10 4.36308e-08 5.35934e-08)
(-10 3.40364e-08 5.61051e-08)
(-10 7.90434e-08 4.81229e-08)
(-10 1.39647e-07 3.80652e-08)
(-10 2.39848e-07 2.51645e-08)
(-10 2.01954e-07 6.38425e-09)
(-10 2.00683e-07 -4.94105e-10)
(-10 2.5617e-07 1.40259e-08)
(-10 3.23807e-07 2.16407e-08)
(-10 3.99364e-07 2.96919e-08)
(-10 4.64829e-07 4.44686e-08)
(-10 5.14217e-07 5.042e-08)
(-10 1.1436e-07 4.79703e-08)
(-10 1.48147e-07 7.18597e-08)
(-10 7.64385e-08 -4.8565e-08)
(-10 -3.83116e-08 1.78524e-08)
(-10 -1.56772e-07 8.31343e-08)
(-10 -2.29272e-07 1.45475e-07)
(-10 -2.18071e-07 1.51397e-07)
(-10 -1.57608e-07 1.29232e-07)
(-10 -6.39587e-08 1.17056e-07)
(-10 9.11165e-08 7.92376e-08)
(-10 9.90789e-08 3.31159e-08)
(-10 1.09097e-07 2.35732e-08)
(-10 1.70851e-07 2.21397e-08)
(-10 2.51183e-07 3.25275e-08)
(-10 3.28322e-07 4.48699e-08)
(-10 3.89901e-07 5.24635e-08)
(-10 4.41745e-07 6.05428e-08)
(-10 -1.72645e-08 5.96693e-08)
(-10 2.48653e-08 7.61293e-08)
(-10 -4.96819e-08 -6.28028e-08)
(-10 -1.78629e-07 -2.62523e-09)
(-10 -2.66993e-07 4.34778e-08)
(-10 -2.457e-07 3.01249e-08)
(-10 -2.4499e-07 2.62213e-09)
(-10 -2.13319e-07 5.01811e-08)
(-10 -1.64443e-07 1.02882e-07)
(-10 -6.13166e-08 1.30781e-07)
(-10 -1.07626e-07 7.69723e-08)
(-10 -2.60132e-08 2.40155e-08)
(-10 9.22394e-08 3.20063e-08)
(-10 1.70782e-07 3.37664e-08)
(-10 2.36826e-07 3.26477e-08)
(-10 2.92362e-07 4.61461e-08)
(-10 3.3885e-07 4.83759e-08)
(-10 -6.13378e-08 7.28394e-08)
(-10 -1.77103e-08 9.71946e-08)
(-10 -6.50933e-08 -7.97072e-08)
(-10 -1.45886e-07 -5.58619e-08)
(-10 -1.08016e-07 4.17485e-09)
(-10 -8.88936e-08 -3.8648e-08)
(-10 -7.20616e-08 -1.66736e-08)
(-10 -9.63509e-08 2.3515e-09)
(-10 -7.82018e-08 3.40537e-08)
(-10 -3.55076e-08 5.60361e-08)
(-10 -1.55838e-07 7.47506e-08)
(-10 -1.54475e-07 1.04127e-07)
(-10 -8.25763e-08 9.10271e-08)
(-10 6.57994e-08 5.55079e-08)
(-10 1.50407e-07 5.18477e-08)
(-10 1.94608e-07 5.50229e-08)
(-10 2.28239e-07 6.38052e-08)
(-10 -5.00364e-08 1.09005e-07)
(-10 -3.27959e-08 1.37258e-07)
(-10 -1.04164e-07 -1.20114e-07)
(-10 -1.11651e-07 -9.03446e-08)
(-10 1.16772e-08 -4.63552e-08)
(-10 3.89767e-08 -6.77624e-08)
(-10 -1.43386e-08 -5.95537e-08)
(-10 -1.99416e-08 -2.45519e-08)
(-10 8.9762e-08 -2.96437e-09)
(-10 1.92607e-07 2.54756e-08)
(-10 5.23667e-08 3.48479e-08)
(-10 -5.28091e-08 3.6493e-08)
(-10 -1.04733e-07 6.13751e-08)
(-10 -8.25968e-08 7.62887e-08)
(-10 -4.33647e-08 6.24895e-08)
(-10 -2.2618e-08 3.74439e-08)
(-10 3.03568e-08 4.94976e-08)
(-10 -1.16918e-07 8.41432e-08)
(-10 -5.7939e-08 8.41223e-08)
(-10 -1.27867e-07 -1.05659e-07)
(-10 -6.88844e-08 -7.11552e-08)
(-10 8.96286e-08 -5.668e-08)
(-10 1.83584e-07 -5.81663e-08)
(-10 1.89984e-07 -4.1041e-08)
(-10 2.59518e-07 -1.64783e-08)
(-10 2.19441e-07 -5.49709e-09)
(-10 2.74365e-07 1.3652e-08)
(-10 2.26974e-07 3.98038e-08)
(-10 1.88288e-07 3.71557e-08)
(-10 1.19741e-07 2.98341e-08)
(-10 4.24367e-08 2.79998e-08)
(-10 -1.19084e-08 3.68644e-08)
(-10 -1.0599e-08 5.25311e-08)
(-10 1.07872e-08 8.16247e-08)
(-10 -3.46325e-07 5.46587e-08)
(-10 -2.13258e-07 7.55705e-08)
(-10 -1.6459e-07 -1.25126e-07)
(-10 -1.667e-08 -7.38585e-08)
(-10 1.43216e-07 -5.63885e-08)
(-10 2.95788e-07 -3.78501e-08)
(-10 4.12628e-07 -4.93634e-08)
(-10 4.87597e-07 -4.01308e-08)
(-10 4.96611e-07 -3.06135e-08)
(-10 5.536e-07 -1.73425e-08)
(-10 3.80786e-07 -4.11671e-09)
(-10 3.06486e-07 -2.57178e-09)
(-10 2.45081e-07 -1.91619e-09)
(-10 2.04649e-07 -1.11892e-08)
(-10 1.65626e-07 -1.43311e-08)
(-10 1.54064e-07 2.73481e-08)
(-10 1.51249e-07 7.90641e-08)
(-10 -7.0084e-07 2.83698e-08)
(-10 -5.33858e-07 1.77821e-08)
(-10 -4.66341e-07 -1.64361e-07)
(-10 -1.82478e-07 -5.78798e-08)
(-10 3.25101e-08 -3.80687e-08)
(-10 1.81986e-07 -2.31592e-08)
(-10 3.44519e-07 -1.93708e-08)
(-10 4.94347e-07 -5.33598e-08)
(-10 5.83947e-07 -3.39559e-08)
(-10 6.37261e-07 -1.11709e-08)
(-10 4.69549e-07 -1.37733e-10)
(-10 3.34408e-07 -1.71037e-08)
(-10 3.21716e-07 -2.73293e-08)
(-10 2.89382e-07 -6.65229e-08)
(-10 2.71101e-07 -6.68303e-08)
(-10 2.65176e-07 2.41121e-08)
(-10 2.38271e-07 9.79479e-08)
(-10 -1.12644e-06 3.79367e-08)
(-10 -9.33544e-07 1.22301e-08)
(-10 -8.22437e-07 -1.52141e-07)
(-10 -5.07328e-07 -5.98751e-08)
(-10 -2.61896e-07 -3.03794e-08)
(-10 -8.86681e-08 -1.38105e-08)
(-10 1.04223e-07 -4.76988e-08)
(-10 2.73543e-07 -4.53547e-08)
(-10 3.91635e-07 -1.41735e-08)
(-10 4.92371e-07 1.34803e-08)
(-10 4.12741e-07 7.1968e-09)
(-10 3.58741e-07 4.23957e-10)
(-10 3.42286e-07 4.33743e-09)
(-10 3.43459e-07 -1.06921e-08)
(-10 3.61501e-07 -4.83832e-08)
(-10 3.79587e-07 -3.06402e-08)
(-10 3.47229e-07 3.55844e-08)
(-10 -1.51907e-06 8.04513e-08)
(-10 -1.27375e-06 5.19898e-08)
(-10 -1.06792e-06 -1.24673e-07)
(-10 -7.7164e-07 -4.63929e-08)
(-10 -5.27349e-07 -2.45205e-08)
(-10 -2.94193e-07 -2.53286e-08)
(-10 -8.12198e-08 -2.68222e-08)
(-10 9.8194e-08 -1.15262e-08)
(-10 2.4747e-07 1.74333e-08)
(-10 3.78988e-07 3.81164e-08)
(-10 3.40798e-07 6.10136e-08)
(-10 3.28998e-07 6.68211e-08)
(-10 3.52632e-07 4.39564e-08)
(-10 3.66436e-07 2.48067e-08)
(-10 3.88691e-07 1.2564e-08)
(-10 3.93501e-07 -2.73757e-10)
(-10 3.85161e-07 3.26739e-08)
(-10 -1.89653e-06 6.38914e-08)
(-10 -1.62798e-06 4.82832e-09)
(-10 -1.33442e-06 -1.25408e-07)
(-10 -9.98966e-07 -6.43015e-08)
(-10 -7.37959e-07 -6.03607e-08)
(-10 -4.82186e-07 -4.73431e-08)
(-10 -2.58375e-07 -4.24289e-08)
(-10 -5.33079e-08 -1.36971e-08)
(-10 1.29546e-07 4.28782e-09)
(-10 2.91835e-07 1.81587e-08)
(-10 2.91598e-07 1.13094e-08)
(-10 3.12432e-07 5.11883e-09)
(-10 3.55136e-07 1.06369e-08)
(-10 3.88283e-07 -9.9682e-09)
(-10 4.23265e-07 -1.70587e-08)
(-10 4.39239e-07 -1.77173e-08)
(-10 4.34382e-07 -2.15404e-08)
(-10 -2.15639e-06 8.17057e-08)
(-10 -1.91834e-06 3.54917e-09)
(-10 -1.56781e-06 -1.04341e-07)
(-10 -1.20769e-06 -4.76187e-08)
(-10 -9.21962e-07 -5.11593e-08)
(-10 -6.65094e-07 -2.5698e-08)
(-10 -4.17973e-07 -4.00142e-09)
(-10 -1.78776e-07 -5.11908e-10)
(-10 3.87304e-08 1.12835e-09)
(-10 2.30073e-07 1.03997e-08)
(-10 2.64297e-07 1.87625e-08)
(-10 3.02129e-07 3.0128e-08)
(-10 3.60598e-07 6.44117e-09)
(-10 4.24362e-07 -1.33146e-08)
(-10 4.74234e-07 -1.48663e-08)
(-10 4.84832e-07 -2.95645e-08)
(-10 4.87458e-07 -1.73783e-08)
(-10 -2.32773e-06 8.02229e-08)
(-10 -2.05371e-06 3.63143e-08)
(-10 -1.75099e-06 -8.05897e-08)
(-10 -1.42381e-06 -4.73346e-08)
(-10 -1.12266e-06 -3.45432e-08)
(-10 -8.53081e-07 -1.05981e-08)
(-10 -5.81806e-07 -1.57102e-08)
(-10 -3.07572e-07 -2.07982e-08)
(-10 -4.96921e-08 -1.87327e-08)
(-10 1.67723e-07 -1.66776e-08)
(-10 2.19932e-07 -1.74047e-08)
(-10 2.76796e-07 -2.50137e-08)
(-10 3.52449e-07 -2.16951e-08)
(-10 4.23501e-07 -4.04245e-08)
(-10 4.81624e-07 -3.61468e-08)
(-10 4.97021e-07 -3.01265e-08)
(-10 5.02603e-07 -2.65602e-08)
(-10 -2.45563e-06 1.0791e-07)
(-10 -2.15931e-06 7.28983e-08)
(-10 -1.86977e-06 -3.52449e-08)
(-10 -1.62064e-06 9.04375e-09)
(-10 -1.37005e-06 4.13576e-08)
(-10 -1.0795e-06 8.26891e-08)
(-10 -7.65605e-07 6.63021e-08)
(-10 -4.40234e-07 -1.85357e-09)
(-10 -1.15405e-07 -3.20627e-08)
(-10 1.39676e-07 -2.89213e-08)
(-10 2.07541e-07 -1.23586e-08)
(-10 2.70399e-07 -6.64025e-09)
(-10 3.51502e-07 -1.74519e-08)
(-10 4.22955e-07 -4.45449e-08)
(-10 4.91489e-07 -2.79349e-08)
(-10 5.18276e-07 -3.1049e-08)
(-10 5.36782e-07 -1.72694e-08)
(-10 -2.42867e-06 1.13589e-07)
(-10 -2.12247e-06 7.57136e-08)
(-10 -1.8749e-06 -3.72065e-08)
(-10 -1.63052e-06 6.34302e-09)
(-10 -1.39675e-06 2.90912e-09)
(-10 -1.10645e-06 -6.47538e-09)
(-10 -8.19753e-07 1.08976e-08)
(-10 -5.45565e-07 3.49136e-08)
(-10 -2.09054e-07 -5.00665e-09)
(-10 7.17492e-08 -5.75169e-08)
(-10 1.83465e-07 -6.62916e-08)
(-10 2.48493e-07 -5.27676e-08)
(-10 3.41378e-07 -4.74705e-08)
(-10 4.14335e-07 -5.51056e-08)
(-10 4.78655e-07 -5.02269e-08)
(-10 5.15361e-07 -3.28137e-08)
(-10 5.44744e-07 -3.07291e-08)
(-10 -2.23679e-06 1.32251e-07)
(-10 -1.99185e-06 9.57537e-08)
(-10 -1.78553e-06 -1.23139e-08)
(-10 -1.49484e-06 -5.59596e-09)
(-10 -1.1768e-06 -5.37241e-08)
(-10 -9.02906e-07 -3.9034e-08)
(-10 -7.0001e-07 -4.86437e-09)
(-10 -5.22387e-07 2.12232e-08)
(-10 -3.27631e-07 2.72287e-08)
(-10 -2.17935e-08 -1.15613e-08)
(-10 1.25616e-07 -4.41599e-08)
(-10 2.19698e-07 -3.47603e-08)
(-10 3.00789e-07 -5.40028e-08)
(-10 3.70658e-07 -4.69765e-08)
(-10 4.38448e-07 -3.31319e-08)
(-10 4.79194e-07 -3.11164e-08)
(-10 5.19792e-07 -2.26568e-08)
(-10 -1.96884e-06 1.20751e-07)
(-10 -1.76942e-06 7.46937e-08)
(-10 -1.57137e-06 -6.73647e-08)
(-10 -1.32521e-06 -7.58315e-08)
(-10 -1.00912e-06 -8.1033e-08)
(-10 -7.63241e-07 -7.03807e-08)
(-10 -5.99611e-07 -5.74379e-08)
(-10 -4.51391e-07 -3.99037e-08)
(-10 -3.27219e-07 -6.75051e-09)
(-10 -1.47142e-07 3.08935e-09)
(-10 2.54198e-08 -5.98746e-08)
(-10 1.78114e-07 -7.17885e-08)
(-10 2.60017e-07 -5.76581e-08)
(-10 3.27018e-07 -5.73756e-08)
(-10 3.8462e-07 -5.19043e-08)
(-10 4.21431e-07 -3.43038e-08)
(-10 4.67962e-07 -3.69487e-08)
(-10 -1.6313e-06 1.43555e-07)
(-10 -1.47309e-06 1.04912e-07)
(-10 -1.28322e-06 -5.12145e-08)
(-10 -1.06537e-06 -7.67785e-08)
(-10 -8.4409e-07 -9.50155e-08)
(-10 -6.57313e-07 -8.58045e-08)
(-10 -5.11848e-07 -7.47601e-08)
(-10 -3.98314e-07 -6.35946e-08)
(-10 -3.1604e-07 -4.81623e-08)
(-10 -2.27299e-07 -2.74149e-08)
(-10 -6.88503e-08 -2.97212e-08)
(-10 1.1634e-07 -4.27619e-08)
(-10 2.14428e-07 -5.43257e-08)
(-10 2.57553e-07 -3.84064e-08)
(-10 3.07147e-07 -3.03046e-08)
(-10 3.41752e-07 -3.46454e-08)
(-10 3.84693e-07 -3.49177e-08)
(-10 -1.26452e-06 1.65969e-07)
(-10 -1.17421e-06 1.24997e-07)
(-10 -1.02812e-06 -7.45916e-08)
(-10 -8.36771e-07 -1.04251e-07)
(-10 -6.5865e-07 -1.12223e-07)
(-10 -5.23688e-07 -1.13734e-07)
(-10 -4.08184e-07 -1.05586e-07)
(-10 -3.17477e-07 -9.49194e-08)
(-10 -2.52437e-07 -6.91993e-08)
(-10 -1.88399e-07 -2.30769e-08)
(-10 -1.33786e-07 -2.19603e-09)
(-10 3.75317e-09 -3.87729e-08)
(-10 1.40229e-07 -6.16881e-08)
(-10 1.72439e-07 -4.20937e-08)
(-10 2.04213e-07 -4.33418e-08)
(-10 2.20623e-07 -4.45652e-08)
(-10 2.38787e-07 -5.31721e-08)
(-10 -8.432e-07 1.90111e-07)
(-10 -7.94095e-07 1.42839e-07)
(-10 -6.99165e-07 -6.74973e-08)
(-10 -5.47762e-07 -9.82532e-08)
(-10 -4.20672e-07 -1.1621e-07)
(-10 -3.13972e-07 -1.14282e-07)
(-10 -2.36532e-07 -1.09509e-07)
(-10 -1.64727e-07 -1.02842e-07)
(-10 -1.16323e-07 -7.69716e-08)
(-10 -4.5065e-08 -3.57704e-08)
(-10 -1.77638e-08 -1.24946e-08)
(-10 5.57177e-08 -2.70552e-08)
(-10 1.34193e-07 -3.26482e-08)
(-10 1.86448e-07 -2.49924e-08)
(-10 2.08358e-07 -3.52707e-08)
(-10 1.93752e-07 -4.33984e-08)
(-10 2.345e-07 -5.5758e-08)
(-10 -5.04869e-07 1.9531e-07)
(-10 -4.71018e-07 1.24019e-07)
(-10 -4.38967e-07 -7.62329e-08)
(-10 -3.60831e-07 -1.08173e-07)
(-10 -2.79483e-07 -1.17883e-07)
(-10 -2.12298e-07 -1.29002e-07)
(-10 -1.52064e-07 -1.25008e-07)
(-10 -1.19934e-07 -8.78996e-08)
(-10 -7.5008e-08 -7.08367e-08)
(-10 -2.86966e-08 -3.24628e-08)
(-10 -1.25061e-08 1.99597e-08)
(-10 3.07955e-08 2.40261e-08)
(-10 8.90091e-08 -2.27317e-08)
(-10 1.11804e-07 -5.66005e-08)
(-10 9.53751e-08 -6.29487e-08)
(-10 1.25954e-07 -6.38619e-08)
(-10 1.54077e-07 -6.48414e-08)
(-10 -1.62763e-07 2.12215e-07)
(-10 -1.57203e-07 1.52099e-07)
(-10 -1.65028e-07 -5.81496e-08)
(-10 -1.43784e-07 -1.05903e-07)
(-10 -1.19886e-07 -1.29066e-07)
(-10 -9.74175e-08 -1.51525e-07)
(-10 -8.19582e-08 -1.39493e-07)
(-10 -7.02829e-08 -1.21593e-07)
(-10 -5.50576e-08 -8.02573e-08)
(-10 -4.49394e-08 -3.94732e-08)
(-10 -3.30232e-08 1.35822e-08)
(-10 -2.04e-08 -5.23072e-09)
(-10 -7.4078e-09 -3.14905e-08)
(-10 1.3634e-08 -9.94527e-08)
(-10 1.41967e-08 -7.16212e-08)
(-10 2.92561e-08 -7.85223e-08)
(-10 2.72386e-08 -9.33279e-08)
(-10 9.59882e-07 2.7313e-08)
(-10 1.00441e-06 2.40352e-08)
(-10 1.04422e-06 4.40695e-08)
(-10 9.16029e-07 7.49064e-09)
(-10 9.14969e-07 9.22477e-09)
(-10 8.30436e-07 -3.82682e-08)
(-10 7.63745e-07 -2.50804e-08)
(-10 7.13903e-07 -1.22581e-08)
(-10 6.79591e-07 -2.64806e-09)
(-10 6.73167e-07 3.19338e-09)
(-10 6.8747e-07 6.22906e-09)
(-10 7.20632e-07 2.88799e-09)
(-10 7.75661e-07 -1.46184e-09)
(-10 7.28933e-07 -6.41005e-10)
(-10 7.12741e-07 1.15766e-08)
(-10 7.29047e-07 2.07818e-08)
(-10 7.71513e-07 2.43312e-08)
(-10 8.49565e-07 2.10637e-08)
(-10 9.26823e-07 3.75911e-08)
(-10 9.59826e-07 3.94214e-08)
(-10 7.0459e-07 1.31045e-08)
(-10 7.28696e-07 1.37885e-08)
(-10 6.45327e-07 -3.08635e-08)
(-10 5.79057e-07 -1.6287e-08)
(-10 5.2691e-07 -8.1562e-10)
(-10 4.99433e-07 1.26598e-08)
(-10 4.95953e-07 1.58648e-08)
(-10 5.2097e-07 1.6017e-08)
(-10 5.68256e-07 1.68697e-08)
(-10 6.4275e-07 1.70271e-08)
(-10 6.05458e-07 1.57616e-08)
(-10 5.98877e-07 8.93438e-09)
(-10 6.40981e-07 1.9934e-08)
(-10 7.08723e-07 2.50689e-08)
(-10 7.86105e-07 3.3954e-08)
(-10 8.56647e-07 3.40415e-08)
(-10 9.20144e-07 4.45645e-08)
(-10 5.04653e-07 2.31323e-08)
(-10 5.676e-07 1.8672e-08)
(-10 4.90317e-07 -2.47227e-08)
(-10 4.15031e-07 -9.76845e-09)
(-10 3.51199e-07 7.60285e-09)
(-10 3.1404e-07 1.88076e-08)
(-10 3.15006e-07 2.35639e-08)
(-10 3.57617e-07 2.51033e-08)
(-10 4.24615e-07 2.2647e-08)
(-10 5.23483e-07 1.81528e-08)
(-10 4.99326e-07 1.45793e-08)
(-10 5.10014e-07 2.2844e-08)
(-10 5.71951e-07 2.67223e-08)
(-10 6.55409e-07 2.99419e-08)
(-10 7.44215e-07 2.44874e-08)
(-10 8.22913e-07 3.79954e-08)
(-10 8.90832e-07 3.87459e-08)
(-10 3.35973e-07 3.3596e-08)
(-10 4.21389e-07 2.67384e-08)
(-10 3.18995e-07 -1.52781e-08)
(-10 2.19799e-07 -6.50712e-10)
(-10 1.11911e-07 1.70611e-08)
(-10 2.75787e-08 3.21032e-08)
(-10 5.13882e-08 3.66028e-08)
(-10 1.42959e-07 3.62863e-08)
(-10 2.73158e-07 3.89409e-08)
(-10 4.31127e-07 3.84973e-08)
(-10 4.14583e-07 3.00837e-08)
(-10 4.30118e-07 1.90157e-08)
(-10 5.15693e-07 2.26574e-08)
(-10 6.05297e-07 3.51338e-08)
(-10 6.95302e-07 4.1002e-08)
(-10 7.78209e-07 3.61102e-08)
(-10 8.44324e-07 4.43342e-08)
(-10 2.28634e-07 3.86436e-08)
(-10 3.26252e-07 2.8256e-08)
(-10 2.10955e-07 -2.14398e-08)
(-10 1.07313e-07 5.12914e-09)
(-10 4.85776e-09 8.8785e-09)
(-10 5.95325e-08 1.70233e-08)
(-10 2.56239e-08 1.23113e-08)
(-10 6.65628e-08 3.36659e-08)
(-10 1.37802e-07 6.33829e-08)
(-10 2.41815e-07 6.33193e-08)
(-10 2.40508e-07 2.63719e-08)
(-10 3.19438e-07 2.70197e-08)
(-10 4.62404e-07 3.738e-08)
(-10 5.60963e-07 2.87714e-08)
(-10 6.37385e-07 2.71847e-08)
(-10 7.10887e-07 4.35505e-08)
(-10 7.73967e-07 4.04893e-08)
(-10 2.19203e-07 4.75527e-08)
(-10 3.23073e-07 3.76123e-08)
(-10 2.33985e-07 -2.02081e-08)
(-10 1.68327e-07 -1.19436e-08)
(-10 1.98906e-07 1.135e-08)
(-10 2.23465e-07 -9.97575e-09)
(-10 2.42846e-07 -2.30704e-10)
(-10 2.08293e-07 8.57003e-09)
(-10 2.00863e-07 2.32758e-08)
(-10 2.46651e-07 3.40476e-08)
(-10 2.05229e-07 3.39524e-08)
(-10 2.35929e-07 2.6361e-08)
(-10 3.2129e-07 3.61879e-08)
(-10 4.61351e-07 4.85104e-08)
(-10 5.79538e-07 4.77509e-08)
(-10 6.43716e-07 4.12309e-08)
(-10 6.90304e-07 4.85865e-08)
(-10 2.53324e-07 5.32722e-08)
(-10 3.4075e-07 3.86914e-08)
(-10 2.20117e-07 -2.49685e-08)
(-10 2.38712e-07 -2.30574e-08)
(-10 3.6875e-07 9.88641e-09)
(-10 4.01044e-07 -1.77253e-08)
(-10 3.49011e-07 -9.74466e-09)
(-10 3.41853e-07 -1.6078e-09)
(-10 4.49927e-07 8.49731e-09)
(-10 5.45042e-07 1.22795e-08)
(-10 4.43258e-07 1.86831e-08)
(-10 3.65704e-07 3.11603e-08)
(-10 3.17568e-07 3.3703e-08)
(-10 3.44997e-07 3.31327e-08)
(-10 4.07345e-07 3.04161e-08)
(-10 4.635e-07 4.52729e-08)
(-10 5.28092e-07 4.39011e-08)
(-10 2.07523e-07 5.81203e-08)
(-10 2.95957e-07 4.49296e-08)
(-10 2.447e-07 -2.17177e-08)
(-10 3.14839e-07 -1.87643e-08)
(-10 4.83495e-07 -1.16961e-08)
(-10 5.79495e-07 -1.46909e-08)
(-10 5.96261e-07 -4.77889e-09)
(-10 6.20121e-07 1.35084e-09)
(-10 6.18431e-07 1.20678e-08)
(-10 6.60336e-07 1.95573e-08)
(-10 6.57255e-07 2.60989e-08)
(-10 6.46054e-07 2.01003e-08)
(-10 5.66661e-07 1.80316e-08)
(-10 5.15734e-07 2.69515e-08)
(-10 4.79866e-07 2.81662e-08)
(-10 5.2595e-07 3.7013e-08)
(-10 5.99453e-07 5.34369e-08)
(-10 7.61826e-09 4.76428e-08)
(-10 1.06931e-07 2.94632e-08)
(-10 1.90273e-07 -1.27943e-08)
(-10 3.87455e-07 -1.24086e-08)
(-10 5.64556e-07 -2.28567e-08)
(-10 7.11335e-07 -1.33142e-08)
(-10 8.15026e-07 1.47286e-09)
(-10 8.93264e-07 2.83202e-09)
(-10 9.16693e-07 4.67096e-09)
(-10 8.81974e-07 -8.85205e-10)
(-10 8.15133e-07 1.30472e-08)
(-10 7.64535e-07 3.05541e-08)
(-10 7.17653e-07 2.08122e-08)
(-10 6.72325e-07 2.60827e-08)
(-10 6.76529e-07 1.41089e-08)
(-10 7.8098e-07 4.1448e-08)
(-10 8.48602e-07 5.62921e-08)
(-10 -2.99652e-07 4.1264e-08)
(-10 -1.78828e-07 3.34804e-09)
(-10 -4.20666e-08 -7.62063e-08)
(-10 2.41352e-07 -2.13361e-08)
(-10 4.69608e-07 -2.55627e-09)
(-10 6.24984e-07 -5.80186e-09)
(-10 7.80126e-07 -5.42175e-09)
(-10 9.14176e-07 -9.0088e-09)
(-10 1.01772e-06 -2.24773e-09)
(-10 1.11057e-06 9.90686e-09)
(-10 9.43877e-07 8.66584e-10)
(-10 8.20908e-07 -1.34379e-08)
(-10 8.16024e-07 -1.69123e-08)
(-10 8.17467e-07 -1.27708e-08)
(-10 8.19768e-07 -3.12069e-08)
(-10 8.12004e-07 5.14029e-08)
(-10 8.08947e-07 9.73769e-08)
(-10 -6.63901e-07 2.99301e-08)
(-10 -4.82472e-07 -7.78184e-09)
(-10 -3.09044e-07 -5.0704e-08)
(-10 -2.89734e-08 -1.80918e-08)
(-10 2.0867e-07 -1.03209e-08)
(-10 3.94225e-07 5.42678e-09)
(-10 5.85211e-07 -7.22754e-10)
(-10 7.63377e-07 -1.76287e-08)
(-10 8.92354e-07 -7.60972e-09)
(-10 9.98149e-07 -3.77541e-09)
(-10 9.43662e-07 -1.7558e-09)
(-10 9.00155e-07 4.44448e-09)
(-10 9.24996e-07 -5.51607e-09)
(-10 9.63077e-07 -1.14463e-08)
(-10 9.82035e-07 -1.75307e-08)
(-10 9.40188e-07 2.70558e-09)
(-10 8.36171e-07 -9.42263e-09)
(-10 -1.07208e-06 4.76425e-08)
(-10 -8.56698e-07 2.6315e-08)
(-10 -5.76529e-07 -4.55508e-08)
(-10 -2.65387e-07 -2.30497e-08)
(-10 -3.95156e-08 6.52556e-09)
(-10 1.84844e-07 9.64821e-09)
(-10 4.04005e-07 -6.79476e-09)
(-10 5.96008e-07 -3.0066e-09)
(-10 7.46598e-07 9.67884e-09)
(-10 8.79794e-07 2.7339e-08)
(-10 8.68643e-07 2.78014e-08)
(-10 8.66277e-07 1.52185e-08)
(-10 9.06546e-07 1.42151e-08)
(-10 9.36888e-07 2.54556e-08)
(-10 9.60513e-07 9.11389e-09)
(-10 9.76514e-07 1.33579e-08)
(-10 9.80511e-07 4.5199e-08)
(-10 -1.41262e-06 2.447e-08)
(-10 -1.1716e-06 -1.26593e-08)
(-10 -8.15966e-07 -4.40414e-08)
(-10 -4.9058e-07 -2.32764e-08)
(-10 -2.50051e-07 -1.91153e-08)
(-10 5.21342e-09 -1.01249e-08)
(-10 2.38294e-07 -1.13059e-08)
(-10 4.40569e-07 -2.77789e-09)
(-10 6.20696e-07 8.8011e-10)
(-10 7.82795e-07 3.55466e-09)
(-10 8.08631e-07 4.78534e-09)
(-10 8.36842e-07 9.06685e-09)
(-10 8.83761e-07 1.35518e-08)
(-10 9.2956e-07 5.2042e-11)
(-10 9.6956e-07 -2.33936e-09)
(-10 9.86941e-07 1.64672e-09)
(-10 9.92104e-07 -2.78201e-08)
(-10 -1.655e-06 4.25331e-08)
(-10 -1.35951e-06 2.1165e-08)
(-10 -1.01727e-06 -4.25951e-08)
(-10 -6.98763e-07 -3.06118e-08)
(-10 -4.21326e-07 -2.07193e-08)
(-10 -1.63964e-07 -1.36077e-08)
(-10 8.50239e-08 -5.60161e-09)
(-10 3.20786e-07 -5.86624e-09)
(-10 5.34399e-07 3.50083e-10)
(-10 7.24548e-07 7.90233e-09)
(-10 7.78616e-07 6.88029e-09)
(-10 8.31941e-07 -8.59667e-09)
(-10 9.03067e-07 -5.84886e-09)
(-10 9.6806e-07 1.33688e-09)
(-10 1.02254e-06 -1.58189e-08)
(-10 1.04216e-06 -1.76634e-08)
(-10 1.06022e-06 1.93775e-10)
(-10 -1.82897e-06 1.49124e-08)
(-10 -1.51248e-06 8.02842e-09)
(-10 -1.20781e-06 -1.89741e-08)
(-10 -9.00666e-07 -2.81009e-08)
(-10 -6.07802e-07 -3.34647e-08)
(-10 -3.47131e-07 -1.88351e-08)
(-10 -7.74848e-08 -1.36037e-08)
(-10 1.91544e-07 -1.02871e-08)
(-10 4.34278e-07 -1.36873e-08)
(-10 6.44565e-07 -1.31483e-08)
(-10 7.22471e-07 -1.75865e-08)
(-10 7.92929e-07 -1.45529e-08)
(-10 8.69096e-07 -1.10479e-08)
(-10 9.45481e-07 -2.65892e-08)
(-10 1.01394e-06 -1.73217e-08)
(-10 1.03437e-06 -1.48375e-08)
(-10 1.05192e-06 -3.69794e-08)
(-10 -1.90371e-06 1.90811e-08)
(-10 -1.61636e-06 1.46237e-08)
(-10 -1.37255e-06 -2.97583e-08)
(-10 -1.09804e-06 -2.4932e-08)
(-10 -8.41891e-07 -1.4132e-08)
(-10 -6.01797e-07 -9.96279e-09)
(-10 -2.72899e-07 -7.49457e-09)
(-10 8.03966e-08 -8.97045e-09)
(-10 3.61513e-07 -1.43667e-08)
(-10 5.76982e-07 -1.95579e-08)
(-10 6.68434e-07 -2.51254e-08)
(-10 7.4479e-07 -3.62003e-08)
(-10 8.29739e-07 -3.30799e-08)
(-10 9.15699e-07 -2.20468e-08)
(-10 9.85303e-07 -3.8787e-08)
(-10 1.01191e-06 -4.37774e-08)
(-10 1.03401e-06 -1.80494e-08)
(-10 -1.91129e-06 3.80286e-08)
(-10 -1.64315e-06 1.4672e-08)
(-10 -1.42896e-06 -3.94383e-08)
(-10 -1.21002e-06 -3.59456e-09)
(-10 -9.5547e-07 -8.55018e-09)
(-10 -6.74968e-07 -3.18737e-08)
(-10 -3.80121e-07 -1.07773e-08)
(-10 -7.51031e-08 1.72605e-08)
(-10 2.46502e-07 -2.43706e-08)
(-10 5.12255e-07 -4.40758e-08)
(-10 6.11119e-07 -5.41586e-08)
(-10 7.01065e-07 -5.34456e-08)
(-10 7.92434e-07 -4.40546e-08)
(-10 8.68334e-07 -6.35598e-08)
(-10 9.42765e-07 -5.688e-08)
(-10 9.82132e-07 -4.74839e-08)
(-10 1.01632e-06 -6.51297e-08)
(-10 -1.80188e-06 3.81999e-08)
(-10 -1.56709e-06 1.39236e-08)
(-10 -1.40161e-06 -6.14157e-08)
(-10 -1.16173e-06 -5.2413e-08)
(-10 -8.37485e-07 -5.14779e-08)
(-10 -5.37401e-07 -3.83489e-08)
(-10 -3.35344e-07 -2.57199e-08)
(-10 -1.85844e-07 -3.07858e-09)
(-10 6.73021e-08 1.20712e-08)
(-10 3.88141e-07 -2.69761e-08)
(-10 5.39273e-07 -6.60735e-08)
(-10 6.26108e-07 -5.4149e-08)
(-10 7.13617e-07 -5.65523e-08)
(-10 7.9397e-07 -5.40843e-08)
(-10 8.62624e-07 -6.1561e-08)
(-10 9.04747e-07 -6.4613e-08)
(-10 9.49879e-07 -4.50079e-08)
(-10 -1.58746e-06 3.10463e-08)
(-10 -1.38416e-06 2.32971e-09)
(-10 -1.21893e-06 -8.39554e-08)
(-10 -9.79678e-07 -8.41918e-08)
(-10 -6.85814e-07 -7.43669e-08)
(-10 -4.56615e-07 -6.41265e-08)
(-10 -2.96005e-07 -6.08632e-08)
(-10 -1.61936e-07 -5.22413e-08)
(-10 -3.96782e-08 -4.81316e-08)
(-10 2.31815e-07 -5.63306e-08)
(-10 4.16037e-07 -6.61398e-08)
(-10 5.5368e-07 -6.77811e-08)
(-10 6.26361e-07 -6.17193e-08)
(-10 6.93789e-07 -7.36996e-08)
(-10 7.55603e-07 -7.21317e-08)
(-10 7.98955e-07 -6.59259e-08)
(-10 8.44896e-07 -8.07601e-08)
(-10 -1.30616e-06 3.50348e-08)
(-10 -1.14647e-06 8.06968e-09)
(-10 -9.65772e-07 -7.97642e-08)
(-10 -7.67181e-07 -8.71355e-08)
(-10 -5.57595e-07 -8.5546e-08)
(-10 -3.74626e-07 -7.50622e-08)
(-10 -2.29371e-07 -7.4098e-08)
(-10 -1.16227e-07 -7.17592e-08)
(-10 -2.94896e-08 -6.45323e-08)
(-10 9.85687e-08 -5.20877e-08)
(-10 2.68508e-07 -5.98894e-08)
(-10 4.2917e-07 -6.57542e-08)
(-10 5.06479e-07 -7.00438e-08)
(-10 5.73429e-07 -6.47199e-08)
(-10 6.264e-07 -6.96365e-08)
(-10 6.59751e-07 -7.58977e-08)
(-10 7.02621e-07 -6.76918e-08)
(-10 -1.0063e-06 3.07353e-08)
(-10 -9.10667e-07 -4.57049e-11)
(-10 -7.83646e-07 -8.82191e-08)
(-10 -5.93677e-07 -1.03559e-07)
(-10 -4.31087e-07 -9.6451e-08)
(-10 -2.94239e-07 -9.09332e-08)
(-10 -1.88238e-07 -8.53927e-08)
(-10 -9.87516e-08 -8.23966e-08)
(-10 -3.48415e-08 -7.26705e-08)
(-10 3.60314e-08 -5.05226e-08)
(-10 1.03116e-07 -2.99425e-08)
(-10 2.70736e-07 -6.58881e-08)
(-10 3.90126e-07 -8.1554e-08)
(-10 4.39241e-07 -8.00677e-08)
(-10 4.62037e-07 -7.72515e-08)
(-10 4.67952e-07 -7.86869e-08)
(-10 4.99172e-07 -9.30917e-08)
(-10 -6.54396e-07 4.04697e-08)
(-10 -6.07717e-07 5.64009e-09)
(-10 -5.17231e-07 -8.47127e-08)
(-10 -3.78796e-07 -9.69662e-08)
(-10 -2.52622e-07 -9.98783e-08)
(-10 -1.63633e-07 -9.76724e-08)
(-10 -8.04365e-08 -9.8478e-08)
(-10 -2.04192e-08 -9.75462e-08)
(-10 3.00401e-08 -9.25264e-08)
(-10 7.35558e-08 -7.41519e-08)
(-10 1.09301e-07 -6.59639e-08)
(-10 2.12256e-07 -6.87995e-08)
(-10 3.5087e-07 -7.46572e-08)
(-10 3.83067e-07 -6.96733e-08)
(-10 3.78338e-07 -8.13024e-08)
(-10 3.89165e-07 -8.57885e-08)
(-10 4.09644e-07 -8.16832e-08)
(-10 -4.00771e-07 4.10598e-08)
(-10 -3.63983e-07 1.04693e-08)
(-10 -3.39631e-07 -8.26166e-08)
(-10 -2.63336e-07 -1.01751e-07)
(-10 -1.7788e-07 -1.06272e-07)
(-10 -1.20899e-07 -9.52846e-08)
(-10 -6.12567e-08 -1.08014e-07)
(-10 -2.26635e-08 -1.07466e-07)
(-10 1.60379e-08 -9.31061e-08)
(-10 6.14595e-08 -7.63792e-08)
(-10 8.11545e-08 -6.37425e-08)
(-10 1.33135e-07 -7.31397e-08)
(-10 2.1399e-07 -6.67426e-08)
(-10 2.1856e-07 -9.52675e-08)
(-10 2.29984e-07 -8.54971e-08)
(-10 2.4761e-07 -7.71514e-08)
(-10 2.55913e-07 -9.6739e-08)
(-10 -1.36134e-07 5.11198e-08)
(-10 -1.26995e-07 1.83442e-08)
(-10 -1.33532e-07 -7.60791e-08)
(-10 -1.11836e-07 -9.89066e-08)
(-10 -8.39281e-08 -1.09334e-07)
(-10 -6.52109e-08 -1.14116e-07)
(-10 -5.08839e-08 -1.14864e-07)
(-10 -3.25011e-08 -1.11983e-07)
(-10 -1.8512e-08 -1.03299e-07)
(-10 -1.99267e-09 -8.148e-08)
(-10 9.25981e-09 -7.17494e-08)
(-10 2.39417e-08 -7.72879e-08)
(-10 4.21299e-08 -9.03477e-08)
(-10 4.71717e-08 -9.05994e-08)
(-10 5.44013e-08 -9.21312e-08)
(-10 5.50928e-08 -1.01385e-07)
(-10 6.60343e-08 -1.04327e-07)
(-10 -1.56579e-06 2.73191e-08)
(-10 7.2732e-07 -8.92858e-09)
(-10 6.93805e-07 1.02896e-08)
(-10 6.38493e-07 -7.36818e-10)
(-10 5.63708e-07 -4.74543e-08)
(-10 4.66418e-07 -3.60017e-08)
(-10 3.37558e-07 -3.33871e-08)
(-10 1.71363e-07 -5.24724e-08)
(-10 -3.46417e-08 -5.6579e-08)
(-10 -2.85034e-07 -3.55722e-08)
(-10 -5.86384e-07 -7.75522e-09)
(-10 -9.4621e-07 -5.33562e-10)
(-10 -1.39227e-06 2.15982e-08)
(-10 -1.21469e-06 1.28856e-08)
(-10 -1.78624e-06 7.36371e-09)
(-10 -1.57153e-06 2.55421e-08)
(-10 -1.59322e-06 -6.83518e-11)
(-10 5.61573e-07 3.75726e-08)
(-10 5.40274e-07 8.37352e-10)
(-10 4.99767e-07 2.43731e-09)
(-10 4.38798e-07 9.33405e-09)
(-10 3.52814e-07 -1.78843e-08)
(-10 2.34465e-07 -3.9065e-08)
(-10 7.5505e-08 -2.37149e-08)
(-10 -1.25109e-07 -1.80574e-08)
(-10 -3.7345e-07 -6.1241e-09)
(-10 -6.76872e-07 -8.69515e-09)
(-10 -1.04598e-06 1.23642e-08)
(-10 -1.51675e-06 2.94604e-08)
(-10 -1.28952e-06 4.21251e-08)
(-10 -1.90959e-06 5.37345e-08)
(-10 -1.67321e-06 2.85057e-08)
(-10 -1.70803e-06 3.30575e-08)
(-10 4.783e-07 -3.97753e-09)
(-10 4.65674e-07 2.62764e-08)
(-10 4.34554e-07 1.62412e-08)
(-10 3.8211e-07 -2.45902e-08)
(-10 3.02643e-07 -8.76391e-09)
(-10 1.87922e-07 -5.6588e-09)
(-10 3.49577e-08 -3.016e-08)
(-10 -1.62638e-07 -3.16409e-08)
(-10 -4.12368e-07 -1.73098e-08)
(-10 -7.22127e-07 7.64e-09)
(-10 -1.10403e-06 9.98512e-09)
(-10 -1.59725e-06 2.04867e-08)
(-10 -1.35561e-06 1.33518e-08)
(-10 -2.01329e-06 1.91065e-08)
(-10 -1.76276e-06 3.26281e-08)
(-10 -1.81294e-06 -9.70068e-09)
(-10 4.23381e-07 5.74422e-08)
(-10 4.1873e-07 7.65723e-09)
(-10 3.97975e-07 5.56647e-09)
(-10 3.52566e-07 2.46472e-08)
(-10 2.77802e-07 9.2961e-10)
(-10 1.65893e-07 -1.44145e-08)
(-10 1.99118e-08 5.69138e-09)
(-10 -1.73612e-07 1.17166e-08)
(-10 -4.23744e-07 1.71204e-08)
(-10 -7.39592e-07 8.24885e-09)
(-10 -1.13373e-06 2.09147e-08)
(-10 -1.64687e-06 2.29623e-08)
(-10 -1.3837e-06 2.16486e-08)
(-10 -2.0801e-06 4.12081e-08)
(-10 -1.82871e-06 1.04863e-08)
(-10 -1.88718e-06 2.86444e-08)
(-10 3.62105e-07 -8.01249e-09)
(-10 3.64682e-07 1.91882e-08)
(-10 3.47878e-07 1.65347e-08)
(-10 3.094e-07 -2.23802e-08)
(-10 2.35188e-07 4.08106e-09)
(-10 1.21459e-07 1.87401e-08)
(-10 -1.56225e-08 -3.47488e-09)
(-10 -2.01381e-07 -1.70213e-09)
(-10 -4.51571e-07 3.51193e-09)
(-10 -7.72879e-07 2.34912e-08)
(-10 -1.17965e-06 1.2179e-08)
(-10 -1.71197e-06 1.4344e-08)
(-10 -1.43842e-06 7.19902e-09)
(-10 -2.1575e-06 -3.38261e-09)
(-10 -1.90818e-06 1.64932e-08)
(-10 -1.98059e-06 -1.77848e-08)
(-10 2.59914e-07 4.44895e-08)
(-10 2.7202e-07 -2.62474e-09)
(-10 2.5753e-07 -1.93455e-08)
(-10 2.26885e-07 1.01819e-08)
(-10 1.08494e-07 1.10527e-08)
(-10 -3.34914e-08 1.87134e-08)
(-10 -1.11163e-07 3.32223e-08)
(-10 -2.74674e-07 2.73552e-08)
(-10 -5.31977e-07 2.4609e-08)
(-10 -8.59501e-07 8.92834e-09)
(-10 -1.27835e-06 1.15096e-08)
(-10 -1.83005e-06 6.71767e-09)
(-10 -1.54526e-06 1.15443e-08)
(-10 -2.29727e-06 1.45055e-08)
(-10 -2.05744e-06 -1.89486e-08)
(-10 -2.12741e-06 1.98008e-08)
(-10 1.09414e-07 -3.38718e-08)
(-10 1.14126e-07 -6.66878e-10)
(-10 9.58666e-08 -2.42756e-08)
(-10 1.38813e-08 -6.1903e-08)
(-10 -5.65653e-09 1.83229e-08)
(-10 -6.82017e-08 6.90345e-08)
(-10 -1.71675e-07 1.55005e-08)
(-10 -3.59815e-07 -1.8224e-08)
(-10 -6.18097e-07 -2.83124e-09)
(-10 -9.55972e-07 1.05341e-08)
(-10 -1.3842e-06 -2.75396e-09)
(-10 -1.94741e-06 -1.61947e-10)
(-10 -1.661e-06 4.82614e-10)
(-10 -2.42541e-06 -5.27713e-09)
(-10 -2.16028e-06 4.33441e-08)
(-10 -2.24394e-06 1.83767e-08)
(-10 -2.35705e-06 2.62254e-08)
(-10 -1.65907e-07 -7.91857e-09)
(-10 -1.78089e-07 -2.45733e-08)
(-10 -2.70198e-07 -2.25356e-08)
(-10 -2.85744e-07 1.6187e-08)
(-10 -9.86624e-08 2.10497e-08)
(-10 -7.15323e-08 1.94076e-08)
(-10 -2.65527e-07 2.56192e-08)
(-10 -4.80136e-07 1.99069e-08)
(-10 -7.43505e-07 1.81687e-08)
(-10 -1.09418e-06 -2.23293e-09)
(-10 -1.53455e-06 6.77575e-10)
(-10 -2.10178e-06 -1.45846e-08)
(-10 -1.8002e-06 5.59417e-11)
(-10 -2.58448e-06 1.68603e-08)
(-10 -2.32043e-06 -2.99377e-09)
(-10 -2.40741e-06 8.71033e-09)
(-10 -2.46452e-06 -1.45055e-09)
(-10 -2.6708e-07 -3.73256e-08)
(-10 -2.63733e-07 1.11651e-09)
(-10 -3.04245e-07 3.69837e-08)
(-10 -3.09397e-07 7.9852e-09)
(-10 -2.30724e-07 9.58159e-09)
(-10 -2.66601e-07 1.79284e-08)
(-10 -3.77159e-07 9.55002e-09)
(-10 -5.8216e-07 8.74623e-09)
(-10 -8.82785e-07 4.93969e-09)
(-10 -1.26283e-06 2.08381e-08)
(-10 -1.7367e-06 6.90023e-09)
(-10 -2.32468e-06 5.5481e-09)
(-10 -2.0364e-06 6.71341e-09)
(-10 -2.81713e-06 -1.87316e-08)
(-10 -2.54835e-06 7.26957e-09)
(-10 -2.55079e-06 2.20585e-08)
(-10 -2.54499e-06 1.40672e-08)
(-10 -6.82962e-08 -1.37104e-08)
(-10 -1.37764e-07 7.66561e-09)
(-10 -1.56835e-07 8.75165e-09)
(-10 -1.44108e-07 3.38713e-08)
(-10 -2.06062e-07 -5.69148e-10)
(-10 -3.70435e-07 -1.28785e-08)
(-10 -5.24918e-07 6.66535e-09)
(-10 -7.12981e-07 1.37937e-08)
(-10 -1.01956e-06 1.02622e-08)
(-10 -1.4022e-06 7.29692e-09)
(-10 -1.83181e-06 2.73449e-08)
(-10 -2.36767e-06 1.35709e-08)
(-10 -2.05962e-06 -5.40873e-09)
(-10 -2.83323e-06 2.13669e-08)
(-10 -2.53937e-06 -1.07883e-08)
(-10 -2.51191e-06 -1.8132e-08)
(-10 -2.49037e-06 3.8138e-08)
(-10 9.9312e-08 -8.79638e-09)
(-10 3.75248e-08 1.34996e-08)
(-10 8.64385e-09 1.50537e-08)
(-10 2.47015e-08 -1.30649e-08)
(-10 -8.8991e-08 -1.13256e-08)
(-10 -3.06913e-07 -1.95485e-08)
(-10 -5.14389e-07 -4.278e-08)
(-10 -7.40872e-07 -5.58938e-08)
(-10 -9.91836e-07 -4.48378e-08)
(-10 -1.30162e-06 1.46994e-08)
(-10 -1.6774e-06 1.03657e-08)
(-10 -2.19044e-06 -1.49041e-09)
(-10 -1.88621e-06 -8.58673e-09)
(-10 -2.63129e-06 -4.12833e-08)
(-10 -2.35307e-06 -1.90465e-08)
(-10 -2.37313e-06 -7.57151e-09)
(-10 -2.39505e-06 -2.43235e-08)
(-10 2.44716e-07 -1.10921e-08)
(-10 2.09048e-07 2.5142e-09)
(-10 1.88572e-07 -2.23069e-10)
(-10 1.5317e-07 3.62274e-08)
(-10 5.13522e-08 7.14394e-09)
(-10 -1.06532e-07 -8.77122e-10)
(-10 -3.11297e-07 1.09931e-08)
(-10 -5.58161e-07 2.04752e-09)
(-10 -7.97525e-07 -6.71642e-09)
(-10 -1.09033e-06 -2.53166e-08)
(-10 -1.50193e-06 -2.11081e-08)
(-10 -2.0496e-06 -3.90096e-08)
(-10 -1.76451e-06 -2.84211e-08)
(-10 -2.50483e-06 -6.5735e-09)
(-10 -2.25294e-06 -3.65897e-08)
(-10 -2.29416e-06 -3.07742e-08)
(-10 -2.35575e-06 2.36653e-08)
(-10 3.62508e-07 -1.95098e-08)
(-10 3.46799e-07 -1.62388e-09)
(-10 3.3333e-07 1.27755e-08)
(-10 2.97921e-07 5.31812e-09)
(-10 1.99951e-07 2.26911e-08)
(-10 5.85563e-08 1.11026e-08)
(-10 -1.2193e-07 -8.32059e-10)
(-10 -3.45896e-07 -6.8354e-09)
(-10 -6.1629e-07 -1.68069e-08)
(-10 -9.50658e-07 -1.13111e-08)
(-10 -1.3695e-06 -2.30797e-08)
(-10 -1.90776e-06 -2.04575e-08)
(-10 -1.64194e-06 -2.15516e-08)
(-10 -2.37159e-06 -4.82806e-08)
(-10 -2.12826e-06 -2.86983e-08)
(-10 -2.18409e-06 -1.14991e-08)
(-10 -2.25816e-06 -2.14335e-08)
(-10 4.49736e-07 -9.44398e-09)
(-10 4.4968e-07 -1.14883e-09)
(-10 4.46871e-07 -1.4254e-09)
(-10 4.0562e-07 4.42419e-08)
(-10 3.04956e-07 1.07604e-08)
(-10 1.72206e-07 -6.89743e-10)
(-10 -1.24889e-09 5.39472e-09)
(-10 -2.20662e-07 2.18076e-10)
(-10 -4.92012e-07 -4.06205e-09)
(-10 -8.24187e-07 -2.77119e-08)
(-10 -1.23524e-06 -2.56613e-08)
(-10 -1.76069e-06 -3.01374e-08)
(-10 -1.51447e-06 -2.93019e-08)
(-10 -2.22899e-06 -2.10524e-08)
(-10 -1.99995e-06 -6.06783e-08)
(-10 -2.05542e-06 -3.16444e-08)
(-10 -2.14413e-06 2.52597e-08)
(-10 4.90375e-07 -4.35353e-09)
(-10 5.24219e-07 3.89231e-09)
(-10 5.65413e-07 8.4497e-09)
(-10 5.03726e-07 -3.43397e-09)
(-10 3.70051e-07 1.32482e-08)
(-10 2.47092e-07 6.02711e-09)
(-10 8.22393e-08 -1.00433e-08)
(-10 -1.29263e-07 -1.70253e-08)
(-10 -3.90643e-07 -2.04983e-08)
(-10 -7.13393e-07 -1.1779e-08)
(-10 -1.10752e-06 -2.22476e-08)
(-10 -1.60937e-06 -2.70775e-08)
(-10 -1.38213e-06 -2.4538e-08)
(-10 -2.0657e-06 -4.54782e-08)
(-10 -1.8432e-06 -2.03297e-08)
(-10 -1.89305e-06 -1.15066e-08)
(-10 -1.97396e-06 -1.74866e-08)
(-10 5.11669e-07 2.49632e-08)
(-10 5.55709e-07 -4.26316e-09)
(-10 6.47087e-07 -4.95806e-08)
(-10 5.5628e-07 9.37754e-09)
(-10 4.15283e-07 1.6471e-08)
(-10 3.00534e-07 -1.05335e-08)
(-10 1.44041e-07 -4.03349e-09)
(-10 -5.81346e-08 -2.16379e-09)
(-10 -3.07877e-07 -4.56885e-09)
(-10 -6.14776e-07 -2.1161e-08)
(-10 -9.87311e-07 -1.8969e-08)
(-10 -1.46034e-06 -2.53844e-08)
(-10 -1.26693e-06 -3.06976e-08)
(-10 -1.90153e-06 -3.14715e-08)
(-10 -1.69361e-06 -5.72235e-08)
(-10 -1.7407e-06 -4.06826e-08)
(-10 -1.82531e-06 -2.81314e-08)
(-10 5.28664e-07 6.27328e-09)
(-10 5.61679e-07 4.0722e-09)
(-10 5.98187e-07 -1.01129e-09)
(-10 5.50203e-07 -2.45575e-08)
(-10 4.48665e-07 2.94302e-09)
(-10 3.33821e-07 8.71917e-10)
(-10 1.81214e-07 -1.77592e-08)
(-10 -9.54517e-09 -1.96085e-08)
(-10 -2.45722e-07 -1.64888e-08)
(-10 -5.33765e-07 -9.4187e-10)
(-10 -8.83871e-07 -9.03646e-09)
(-10 -1.32462e-06 -1.96844e-08)
(-10 -1.16586e-06 -1.90717e-08)
(-10 -1.74641e-06 -3.20218e-08)
(-10 -1.56867e-06 1.49188e-09)
(-10 -1.62921e-06 -4.26306e-09)
(-10 -1.70857e-06 -1.08893e-09)
(-10 5.16698e-07 1.26835e-08)
(-10 5.46351e-07 7.57605e-11)
(-10 5.58832e-07 -1.05826e-08)
(-10 5.18563e-07 2.63898e-09)
(-10 4.45158e-07 -1.52168e-08)
(-10 3.42658e-07 -2.85704e-08)
(-10 1.99998e-07 -1.17165e-08)
(-10 2.28204e-08 6.25128e-10)
(-10 -1.94833e-07 6.10664e-09)
(-10 -4.59269e-07 -2.42785e-09)
(-10 -7.79091e-07 1.2802e-09)
(-10 -1.18076e-06 -1.03628e-08)
(-10 -1.04918e-06 -1.77616e-08)
(-10 -1.57318e-06 -7.1745e-09)
(-10 -1.41367e-06 -2.47426e-08)
(-10 -1.46842e-06 -1.19712e-08)
(-10 -1.57619e-06 9.60998e-09)
(-10 4.72497e-07 7.39051e-09)
(-10 5.17257e-07 5.04082e-09)
(-10 5.18146e-07 -1.11147e-08)
(-10 4.76491e-07 -4.00522e-08)
(-10 4.14713e-07 -2.4917e-08)
(-10 3.24117e-07 -1.56993e-08)
(-10 1.96718e-07 -1.50752e-08)
(-10 3.5243e-08 -7.44419e-09)
(-10 -1.57067e-07 1.87135e-09)
(-10 -3.91554e-07 1.62367e-08)
(-10 -6.7474e-07 8.81203e-09)
(-10 -1.03212e-06 -3.10884e-09)
(-10 -9.2413e-07 -1.03478e-08)
(-10 -1.37881e-06 -1.78512e-08)
(-10 -1.24299e-06 1.1687e-08)
(-10 -1.30467e-06 1.78328e-09)
(-10 -1.39567e-06 -8.38642e-09)
(-10 4.20443e-07 6.42293e-09)
(-10 5.32765e-07 -1.40185e-08)
(-10 4.79108e-07 -3.1374e-08)
(-10 4.09984e-07 -1.66286e-08)
(-10 3.67304e-07 -2.90354e-08)
(-10 2.90447e-07 -2.86593e-08)
(-10 1.83122e-07 -4.17842e-09)
(-10 4.46974e-08 1.55725e-08)
(-10 -1.19936e-07 2.16854e-08)
(-10 -3.17647e-07 1.58094e-08)
(-10 -5.56437e-07 1.66972e-08)
(-10 -8.58455e-07 -9.65863e-10)
(-10 -7.67639e-07 -9.93175e-09)
(-10 -1.15583e-06 2.55125e-10)
(-10 -1.02452e-06 -8.20014e-09)
(-10 -1.08265e-06 -8.086e-09)
(-10 -1.18977e-06 1.2007e-08)
(-10 3.32932e-07 -6.80373e-09)
(-10 4.8407e-07 -7.48363e-08)
(-10 4.21347e-07 -4.99648e-08)
(-10 3.37663e-07 -2.2014e-08)
(-10 3.05921e-07 -2.42461e-08)
(-10 2.41501e-07 -7.92369e-09)
(-10 1.54013e-07 2.82341e-09)
(-10 4.02957e-08 1.47712e-08)
(-10 -9.85657e-08 2.21492e-08)
(-10 -2.59768e-07 3.24427e-08)
(-10 -4.52053e-07 1.79816e-08)
(-10 -6.98479e-07 3.37167e-09)
(-10 -6.48589e-07 -9.48446e-09)
(-10 -9.32758e-07 -3.25093e-08)
(-10 -8.33327e-07 -2.54147e-08)
(-10 -8.85974e-07 -2.22173e-08)
(-10 -9.69888e-07 -7.30259e-09)
(-10 2.48654e-07 -3.00661e-09)
(-10 3.31284e-07 -3.56011e-08)
(-10 3.31863e-07 -4.20639e-08)
(-10 2.75615e-07 -1.86988e-08)
(-10 2.38117e-07 -1.97235e-08)
(-10 1.87135e-07 -1.29554e-08)
(-10 1.17633e-07 9.287e-09)
(-10 2.92988e-08 2.95931e-08)
(-10 -8.17428e-08 3.52638e-08)
(-10 -2.04625e-07 3.52719e-08)
(-10 -3.5059e-07 3.05916e-08)
(-10 -5.46484e-07 1.38963e-08)
(-10 -5.03079e-07 3.32513e-09)
(-10 -7.48588e-07 4.42636e-09)
(-10 -6.5787e-07 -1.95176e-09)
(-10 -6.97128e-07 3.75435e-09)
(-10 -7.93875e-07 1.10324e-08)
(-10 2.36442e-07 -1.55784e-08)
(-10 3.00806e-07 -3.51419e-08)
(-10 3.03077e-07 -4.44067e-08)
(-10 2.76518e-07 -4.35494e-08)
(-10 2.44538e-07 -3.56793e-08)
(-10 2.03736e-07 -1.93678e-08)
(-10 1.55513e-07 -4.38478e-09)
(-10 9.01002e-08 1.02266e-08)
(-10 1.89748e-08 2.05295e-08)
(-10 -6.83204e-08 2.37247e-08)
(-10 -1.74038e-07 1.98212e-08)
(-10 -3.2209e-07 1.24891e-08)
(-10 -3.35793e-07 -1.4905e-09)
(-10 -4.72436e-07 -1.80133e-08)
(-10 -4.39768e-07 -1.21347e-08)
(-10 -4.84079e-07 9.73875e-10)
(-10 -5.11363e-07 -8.76847e-10)
(-10 1.58589e-07 -4.3166e-08)
(-10 1.82876e-07 -4.69214e-08)
(-10 1.8475e-07 -5.47382e-08)
(-10 1.6343e-07 -4.69784e-08)
(-10 1.39709e-07 -4.12377e-08)
(-10 1.16127e-07 -3.87613e-08)
(-10 8.94733e-08 -2.00531e-08)
(-10 5.95688e-08 -1.13226e-08)
(-10 2.82207e-08 6.61115e-09)
(-10 -1.87919e-08 5.19092e-09)
(-10 -8.26274e-08 2.73533e-09)
(-10 -1.79916e-07 -1.81695e-09)
(-10 -2.07729e-07 -1.87892e-08)
(-10 -3.00522e-07 -2.60431e-08)
(-10 -2.45595e-07 -2.18839e-08)
(-10 -2.59095e-07 -1.46343e-08)
(-10 -2.82542e-07 -7.2047e-09)
(-10 -5.09965e-09 -5.57074e-08)
(-10 -2.16637e-09 -6.71686e-08)
(-10 -4.41251e-10 -7.2703e-08)
(-10 -6.96103e-09 -6.67066e-08)
(-10 -1.2566e-08 -6.46215e-08)
(-10 -1.95081e-08 -5.4038e-08)
(-10 -2.53106e-08 -3.84397e-08)
(-10 -2.79387e-08 -2.86912e-08)
(-10 -3.31945e-08 -2.187e-08)
(-10 -4.698e-08 -1.53891e-08)
(-10 -5.71145e-08 -1.00717e-08)
(-10 -8.96039e-08 -1.89763e-08)
(-10 -9.70558e-08 -3.0795e-08)
(-10 -9.51473e-08 -3.74053e-08)
(-10 -9.43339e-08 -3.18126e-08)
(-10 -9.84325e-08 -2.12377e-08)
(-10 -9.35167e-08 -1.47255e-08)
(-10 7.67779e-07 2.04187e-08)
(-10 7.25025e-07 4.25614e-08)
(-10 6.61224e-07 3.10607e-08)
(-10 5.84974e-07 -2.50447e-09)
(-10 4.98299e-07 -1.27472e-08)
(-10 3.72139e-07 -3.20466e-08)
(-10 2.10753e-07 -7.04736e-08)
(-10 1.92305e-08 -5.1031e-08)
(-10 -2.33961e-07 -1.20005e-08)
(-10 -5.2568e-07 -4.99266e-09)
(-10 -8.85887e-07 3.1461e-08)
(-10 -1.36461e-06 6.88444e-08)
(-10 -1.05791e-06 4.59774e-08)
(-10 -1.71518e-06 4.72887e-08)
(-10 -1.54549e-06 4.04417e-08)
(-10 -1.54739e-06 1.70607e-08)
(-10 6.06857e-07 3.47495e-08)
(-10 5.65251e-07 2.01431e-08)
(-10 5.10553e-07 2.0175e-08)
(-10 4.50055e-07 3.21368e-08)
(-10 3.67202e-07 -8.47634e-09)
(-10 2.52606e-07 -3.53949e-08)
(-10 1.00369e-07 -2.95177e-08)
(-10 -9.86249e-08 -2.47734e-08)
(-10 -3.32257e-07 -2.02678e-08)
(-10 -6.22867e-07 1.98927e-08)
(-10 -9.8159e-07 4.77849e-08)
(-10 -1.44738e-06 6.14168e-08)
(-10 -1.14307e-06 7.29603e-08)
(-10 -1.68478e-06 6.16958e-08)
(-10 -1.63089e-06 5.62449e-08)
(-10 -1.62918e-06 4.45562e-08)
(-10 5.21376e-07 9.34731e-09)
(-10 5.00394e-07 3.83696e-08)
(-10 4.67985e-07 2.14874e-08)
(-10 4.16847e-07 -1.78361e-08)
(-10 3.4068e-07 -3.65811e-09)
(-10 2.22893e-07 -3.2589e-09)
(-10 6.71669e-08 -4.53895e-08)
(-10 -1.21724e-07 -3.44383e-08)
(-10 -3.61439e-07 4.01443e-10)
(-10 -6.50188e-07 -2.14191e-09)
(-10 -1.00609e-06 1.49952e-08)
(-10 -1.50039e-06 5.38493e-08)
(-10 -1.17088e-06 3.078e-08)
(-10 -1.81862e-06 4.11952e-08)
(-10 -1.64924e-06 3.07007e-08)
(-10 -1.66525e-06 -1.04093e-08)
(-10 4.73529e-07 4.71612e-08)
(-10 4.69384e-07 1.92429e-08)
(-10 4.50741e-07 1.42927e-08)
(-10 4.04203e-07 2.39837e-08)
(-10 3.28877e-07 -1.35896e-08)
(-10 2.15597e-07 -2.74092e-08)
(-10 6.59413e-08 2.9131e-10)
(-10 -1.24182e-07 1.02709e-08)
(-10 -3.58856e-07 3.19298e-09)
(-10 -6.51407e-07 2.64501e-08)
(-10 -1.00797e-06 4.26915e-08)
(-10 -1.52644e-06 2.91571e-08)
(-10 -1.19386e-06 2.93507e-08)
(-10 -1.73257e-06 3.44433e-08)
(-10 -1.71349e-06 2.95474e-08)
(-10 -1.74761e-06 2.07867e-08)
(-10 4.15511e-07 1.93016e-09)
(-10 4.20066e-07 2.30957e-08)
(-10 4.13428e-07 1.52028e-08)
(-10 3.69949e-07 -2.77283e-08)
(-10 2.94843e-07 -3.84082e-09)
(-10 1.86955e-07 9.14232e-09)
(-10 4.76733e-08 -1.45497e-08)
(-10 -1.31888e-07 5.57223e-09)
(-10 -3.61859e-07 3.05063e-08)
(-10 -6.56351e-07 1.30359e-08)
(-10 -1.0224e-06 1.07756e-08)
(-10 -1.56251e-06 4.18369e-08)
(-10 -1.22548e-06 2.62504e-08)
(-10 -1.84261e-06 2.57109e-08)
(-10 -1.80462e-06 1.71463e-08)
(-10 -1.83051e-06 -3.49108e-08)
(-10 3.17298e-07 5.11312e-08)
(-10 3.31283e-07 4.24926e-09)
(-10 3.21006e-07 -2.1332e-08)
(-10 2.67825e-07 4.33279e-09)
(-10 1.90073e-07 -8.845e-09)
(-10 1.0299e-07 1.33752e-08)
(-10 -8.73598e-09 4.1177e-08)
(-10 -1.76623e-07 3.58422e-08)
(-10 -4.09286e-07 2.38182e-08)
(-10 -7.01198e-07 3.46111e-08)
(-10 -1.08589e-06 3.07469e-08)
(-10 -1.64649e-06 1.6473e-08)
(-10 -1.31079e-06 2.1933e-08)
(-10 -1.98386e-06 2.10602e-08)
(-10 -1.93817e-06 -1.18772e-09)
(-10 -1.98962e-06 3.29645e-09)
(-10 1.98511e-07 -1.83634e-08)
(-10 2.12035e-07 2.64504e-09)
(-10 1.70412e-07 -1.52127e-08)
(-10 6.15688e-08 -5.92144e-08)
(-10 6.45186e-08 6.34435e-08)
(-10 6.20302e-08 1.21125e-07)
(-10 -6.07098e-08 3.70119e-08)
(-10 -2.24137e-07 1.52953e-08)
(-10 -4.55357e-07 4.38679e-08)
(-10 -7.54237e-07 2.82971e-08)
(-10 -1.15032e-06 1.37472e-08)
(-10 -1.73629e-06 4.18439e-08)
(-10 -1.39943e-06 3.36872e-08)
(-10 -2.05744e-06 3.13978e-08)
(-10 -2.05918e-06 2.84263e-08)
(-10 -2.14932e-06 4.05999e-09)
(-10 -9.96072e-08 6.77377e-09)
(-10 -6.22165e-08 1.20362e-08)
(-10 -8.03246e-08 9.74978e-09)
(-10 -1.25338e-07 5.39592e-08)
(-10 -7.82253e-08 2.42121e-08)
(-10 -3.42147e-08 3.30075e-09)
(-10 -1.22041e-07 5.37269e-08)
(-10 -2.92595e-07 4.59323e-08)
(-10 -5.24385e-07 2.94853e-08)
(-10 -8.4535e-07 3.30582e-08)
(-10 -1.25943e-06 3.33004e-08)
(-10 -1.86794e-06 1.71335e-09)
(-10 -1.5167e-06 2.97421e-08)
(-10 -2.2558e-06 4.58182e-08)
(-10 -2.18232e-06 1.4673e-08)
(-10 -2.24484e-06 2.28459e-08)
(-10 -2.39929e-06 2.92646e-08)
(-10 -2.06517e-07 7.29785e-09)
(-10 -2.10853e-07 9.63687e-08)
(-10 -2.46476e-07 1.32758e-07)
(-10 -2.07428e-07 -4.44832e-09)
(-10 -1.81355e-07 -1.03689e-07)
(-10 -2.05436e-07 -3.11293e-10)
(-10 -2.23764e-07 4.07412e-08)
(-10 -3.78033e-07 4.04624e-08)
(-10 -6.42957e-07 5.81711e-08)
(-10 -9.923e-07 3.12665e-08)
(-10 -1.4428e-06 1.87611e-08)
(-10 -2.09111e-06 3.36563e-08)
(-10 -1.73252e-06 3.04873e-08)
(-10 -2.48947e-06 3.79837e-08)
(-10 -2.37734e-06 1.99145e-08)
(-10 -2.46744e-06 -2.9123e-08)
(-10 -2.54933e-06 -2.9388e-08)
(-10 1.15891e-08 9.25959e-08)
(-10 -5.4835e-08 1.4438e-07)
(-10 -1.19129e-07 7.73839e-08)
(-10 -8.46196e-08 3.30292e-08)
(-10 -1.08773e-07 -1.38648e-07)
(-10 -3.00457e-07 -6.1477e-08)
(-10 -4.2889e-07 2.58866e-08)
(-10 -5.84292e-07 5.07471e-08)
(-10 -8.42387e-07 4.9742e-08)
(-10 -1.18138e-06 6.6283e-08)
(-10 -1.60204e-06 9.92086e-08)
(-10 -2.18447e-06 9.2328e-08)
(-10 -1.80499e-06 9.08107e-08)
(-10 -2.60544e-06 8.99295e-08)
(-10 -2.45449e-06 4.55945e-08)
(-10 -2.45841e-06 3.83746e-08)
(-10 -2.52658e-06 -2.40358e-08)
(-10 1.40716e-07 7.10784e-08)
(-10 1.0773e-07 9.71141e-08)
(-10 9.61457e-08 1.00995e-07)
(-10 1.83257e-07 -7.16642e-08)
(-10 1.83294e-08 -1.03587e-07)
(-10 -1.89634e-07 -2.69192e-08)
(-10 -3.80467e-07 -1.12118e-08)
(-10 -5.86573e-07 -4.12681e-08)
(-10 -8.1547e-07 -1.00737e-08)
(-10 -1.13121e-06 1.09362e-08)
(-10 -1.525e-06 1.00083e-08)
(-10 -2.06173e-06 1.36101e-08)
(-10 -1.68613e-06 3.42863e-09)
(-10 -2.25888e-06 -6.02816e-09)
(-10 -2.26486e-06 -1.23918e-08)
(-10 -2.33629e-06 -9.4573e-08)
(-10 -2.37962e-06 -9.67643e-08)
(-10 2.88453e-07 5.41635e-08)
(-10 2.96934e-07 4.61803e-08)
(-10 2.97286e-07 2.23654e-08)
(-10 3.17738e-07 -2.73224e-08)
(-10 2.64402e-07 -3.93618e-08)
(-10 1.11556e-07 6.09072e-09)
(-10 -8.15564e-08 3.56994e-08)
(-10 -2.91058e-07 7.75666e-09)
(-10 -5.51949e-07 -2.06205e-08)
(-10 -8.95912e-07 -4.03996e-09)
(-10 -1.32394e-06 -1.46292e-08)
(-10 -1.92196e-06 -5.23287e-08)
(-10 -1.55647e-06 -2.83436e-08)
(-10 -2.40119e-06 -1.65622e-08)
(-10 -2.20793e-06 -4.60378e-08)
(-10 -2.20034e-06 -3.2558e-08)
(-10 -2.32144e-06 -6.92855e-08)
(-10 4.06907e-07 -2.45312e-08)
(-10 4.30728e-07 7.74093e-09)
(-10 4.32963e-07 4.00981e-08)
(-10 4.57945e-07 -2.41495e-09)
(-10 3.99198e-07 1.88154e-08)
(-10 2.7014e-07 4.21274e-08)
(-10 9.43995e-08 1.01214e-08)
(-10 -1.34868e-07 -7.05007e-09)
(-10 -4.24581e-07 -9.15401e-09)
(-10 -7.90318e-07 -3.39878e-08)
(-10 -1.22958e-06 -5.12313e-08)
(-10 -1.82575e-06 -4.06651e-08)
(-10 -1.47596e-06 -4.75624e-08)
(-10 -2.05628e-06 -4.9526e-08)
(-10 -2.10189e-06 -2.27981e-08)
(-10 -2.18087e-06 -8.53782e-08)
(-10 -2.22344e-06 -4.09891e-08)
(-10 5.05929e-07 2.96101e-09)
(-10 5.42801e-07 2.0392e-09)
(-10 5.54943e-07 -3.05628e-09)
(-10 5.85472e-07 3.86548e-08)
(-10 5.20593e-07 1.24242e-08)
(-10 4.00859e-07 2.05557e-09)
(-10 2.29842e-07 1.8167e-08)
(-10 -5.60347e-09 -1.12861e-08)
(-10 -3.11668e-07 -4.54307e-08)
(-10 -6.73638e-07 -2.84495e-08)
(-10 -1.10932e-06 -4.21531e-08)
(-10 -1.69882e-06 -7.31788e-08)
(-10 -1.35097e-06 -5.26095e-08)
(-10 -2.09998e-06 -1.68791e-08)
(-10 -1.9924e-06 -4.59549e-08)
(-10 -2.0467e-06 -3.05799e-08)
(-10 -2.14697e-06 -1.60623e-08)
(-10 5.63135e-07 -2.07976e-08)
(-10 6.24134e-07 -9.92251e-10)
(-10 6.4725e-07 1.74421e-08)
(-10 6.91902e-07 -3.84134e-09)
(-10 5.94702e-07 2.92982e-08)
(-10 4.79037e-07 1.72791e-08)
(-10 3.03025e-07 -1.97657e-08)
(-10 6.13117e-08 -3.1909e-08)
(-10 -2.44272e-07 -2.094e-08)
(-10 -6.00552e-07 -3.91423e-08)
(-10 -1.01758e-06 -5.54613e-08)
(-10 -1.57851e-06 -4.30697e-08)
(-10 -1.26538e-06 -4.2248e-08)
(-10 -1.86843e-06 -5.54971e-08)
(-10 -1.8721e-06 -4.05939e-08)
(-10 -1.93682e-06 -6.26505e-08)
(-10 -2.0038e-06 -3.35417e-08)
(-10 5.69078e-07 4.30788e-08)
(-10 6.68832e-07 -7.8715e-09)
(-10 7.97123e-07 -5.78111e-08)
(-10 7.74397e-07 -1.09523e-08)
(-10 6.20243e-07 1.78304e-08)
(-10 5.14803e-07 -2.46273e-08)
(-10 3.43792e-07 -1.65826e-08)
(-10 1.09624e-07 -2.6217e-08)
(-10 -1.73963e-07 -4.33437e-08)
(-10 -5.10458e-07 -3.47991e-08)
(-10 -9.08202e-07 -3.94871e-08)
(-10 -1.43867e-06 -7.0971e-08)
(-10 -1.15794e-06 -5.81295e-08)
(-10 -1.71358e-06 -4.09348e-08)
(-10 -1.71263e-06 -5.37423e-08)
(-10 -1.77511e-06 -4.25551e-08)
(-10 -1.84242e-06 -3.78195e-08)
(-10 5.81602e-07 1.30497e-09)
(-10 6.56808e-07 1.10668e-09)
(-10 8.5702e-07 -1.12245e-08)
(-10 7.82346e-07 -3.05899e-08)
(-10 6.32834e-07 -1.45012e-08)
(-10 5.29348e-07 -2.29508e-08)
(-10 3.5537e-07 -4.74375e-08)
(-10 1.32754e-07 -4.17986e-08)
(-10 -1.34296e-07 -2.09054e-08)
(-10 -4.49105e-07 -2.89762e-08)
(-10 -8.18745e-07 -3.98624e-08)
(-10 -1.30484e-06 -4.19329e-08)
(-10 -1.04493e-06 -4.09004e-08)
(-10 -1.64531e-06 -4.96075e-08)
(-10 -1.60114e-06 -3.77471e-08)
(-10 -1.62601e-06 -3.93703e-08)
(-10 -1.66911e-06 -2.26179e-08)
(-10 5.92924e-07 1.76401e-08)
(-10 6.37451e-07 -1.57774e-08)
(-10 7.55343e-07 -2.90908e-08)
(-10 7.31309e-07 -2.76743e-08)
(-10 6.38151e-07 -5.74815e-08)
(-10 5.15497e-07 -6.74818e-08)
(-10 3.4515e-07 -3.90259e-08)
(-10 1.40112e-07 -3.00921e-08)
(-10 -1.04889e-07 -3.09993e-08)
(-10 -3.93457e-07 -1.25452e-08)
(-10 -7.31858e-07 -1.48254e-08)
(-10 -1.17377e-06 -4.82788e-08)
(-10 -9.6164e-07 -4.54624e-08)
(-10 -1.46316e-06 -3.66404e-08)
(-10 -1.45087e-06 -3.87511e-08)
(-10 -1.50351e-06 -2.74551e-08)
(-10 -1.57493e-06 -7.69911e-09)
(-10 5.57096e-07 -4.29508e-09)
(-10 6.02595e-07 -1.61723e-08)
(-10 6.93171e-07 -4.22853e-08)
(-10 6.6167e-07 -7.24854e-08)
(-10 5.83686e-07 -7.15138e-08)
(-10 4.68377e-07 -5.91488e-08)
(-10 3.16765e-07 -5.3206e-08)
(-10 1.33509e-07 -3.18248e-08)
(-10 -8.22985e-08 -2.74122e-09)
(-10 -3.35708e-07 -2.50886e-09)
(-10 -6.32511e-07 -1.05298e-08)
(-10 -1.02232e-06 -1.91049e-08)
(-10 -8.53464e-07 -3.47129e-08)
(-10 -1.32874e-06 -4.94992e-08)
(-10 -1.29474e-06 -3.89638e-08)
(-10 -1.32658e-06 -2.87387e-08)
(-10 -1.40294e-06 -2.26138e-08)
(-10 4.95792e-07 -7.87022e-09)
(-10 6.06749e-07 -5.38239e-08)
(-10 6.33826e-07 -7.97754e-08)
(-10 5.75833e-07 -7.56416e-08)
(-10 5.09665e-07 -9.13031e-08)
(-10 4.04463e-07 -8.18583e-08)
(-10 2.75177e-07 -4.1383e-08)
(-10 1.20348e-07 -1.83561e-08)
(-10 -6.33652e-08 -6.82778e-09)
(-10 -2.77681e-07 1.26344e-08)
(-10 -5.29457e-07 1.33891e-08)
(-10 -8.6249e-07 -1.8683e-08)
(-10 -7.45084e-07 -3.68971e-08)
(-10 -1.09025e-06 -3.61492e-08)
(-10 -1.07534e-06 -4.60304e-08)
(-10 -1.09865e-06 -3.72341e-08)
(-10 -1.22472e-06 -1.00627e-08)
(-10 4.1753e-07 -3.23932e-08)
(-10 6.03987e-07 -1.32291e-07)
(-10 5.61306e-07 -1.19457e-07)
(-10 4.47312e-07 -7.73653e-08)
(-10 4.0033e-07 -8.41867e-08)
(-10 3.29645e-07 -6.57732e-08)
(-10 2.23487e-07 -3.99113e-08)
(-10 9.89376e-08 -1.65561e-08)
(-10 -4.73326e-08 1.07725e-08)
(-10 -2.1755e-07 1.20992e-08)
(-10 -4.16808e-07 4.50525e-09)
(-10 -6.82828e-07 -5.94853e-09)
(-10 -6.12373e-07 -3.92549e-08)
(-10 -9.01988e-07 -7.78644e-08)
(-10 -8.39208e-07 -6.40152e-08)
(-10 -8.62741e-07 -6.17018e-08)
(-10 -9.90957e-07 -4.11251e-08)
(-10 3.1642e-07 -4.45483e-08)
(-10 4.77752e-07 -1.39092e-07)
(-10 4.56856e-07 -8.76832e-08)
(-10 3.35105e-07 -7.0287e-08)
(-10 3.14205e-07 -8.03821e-08)
(-10 2.48383e-07 -5.9127e-08)
(-10 1.74336e-07 -3.01049e-08)
(-10 8.05792e-08 8.46445e-09)
(-10 -3.16204e-08 5.95256e-09)
(-10 -1.55859e-07 1.21943e-08)
(-10 -3.04516e-07 2.25623e-08)
(-10 -5.11693e-07 -2.24099e-09)
(-10 -4.6369e-07 -3.75792e-08)
(-10 -7.06056e-07 -5.27248e-08)
(-10 -6.25242e-07 -8.89823e-08)
(-10 -6.46103e-07 -6.55976e-08)
(-10 -7.69942e-07 -2.083e-08)
(-10 2.97052e-07 -3.79768e-08)
(-10 3.88317e-07 -7.75789e-08)
(-10 3.88513e-07 -9.39324e-08)
(-10 3.29431e-07 -9.46886e-08)
(-10 3.01449e-07 -7.17155e-08)
(-10 2.57589e-07 -5.26405e-08)
(-10 2.0567e-07 -2.41055e-08)
(-10 1.384e-07 -2.61132e-09)
(-10 5.61057e-08 1.68882e-08)
(-10 -3.23496e-08 2.08409e-08)
(-10 -1.35192e-07 2.18922e-08)
(-10 -2.91438e-07 6.49546e-09)
(-10 -2.96552e-07 -2.12784e-08)
(-10 -4.72789e-07 -4.83931e-08)
(-10 -4.21038e-07 -4.96968e-08)
(-10 -4.29364e-07 -3.77773e-08)
(-10 -4.92836e-07 -3.28798e-08)
(-10 1.73061e-07 -4.114e-08)
(-10 1.98713e-07 -7.10542e-08)
(-10 2.02607e-07 -9.01442e-08)
(-10 1.77467e-07 -6.69403e-08)
(-10 1.56345e-07 -6.75115e-08)
(-10 1.30684e-07 -5.47133e-08)
(-10 1.00863e-07 -2.55686e-08)
(-10 6.1144e-08 9.46493e-09)
(-10 2.16364e-08 1.91415e-08)
(-10 -2.11419e-08 2.56673e-08)
(-10 -8.68148e-08 2.64802e-08)
(-10 -1.98335e-07 7.92682e-09)
(-10 -2.10553e-07 -2.12814e-08)
(-10 -2.9587e-07 -4.16191e-08)
(-10 -2.4782e-07 -4.47525e-08)
(-10 -2.56252e-07 -3.37643e-08)
(-10 -2.76595e-07 -1.70891e-08)
(-10 1.49468e-08 -9.00384e-08)
(-10 1.90634e-08 -1.19407e-07)
(-10 1.99789e-08 -1.36773e-07)
(-10 1.17208e-08 -1.40058e-07)
(-10 7.82068e-09 -1.18224e-07)
(-10 1.89868e-09 -9.38099e-08)
(-10 -4.94395e-09 -6.50443e-08)
(-10 -1.28971e-08 -5.25537e-08)
(-10 -2.31588e-08 -3.61886e-08)
(-10 -3.69784e-08 -2.09648e-08)
(-10 -5.46227e-08 -1.91507e-08)
(-10 -8.5622e-08 -3.4081e-08)
(-10 -9.14262e-08 -5.90686e-08)
(-10 -9.315e-08 -7.5542e-08)
(-10 -8.24635e-08 -6.74018e-08)
(-10 -8.5282e-08 -5.3049e-08)
(-10 -8.55421e-08 -4.14911e-08)
(-10 7.83301e-07 3.73331e-08)
(-10 7.42088e-07 3.11912e-08)
(-10 6.77266e-07 3.41794e-08)
(-10 6.05607e-07 2.34343e-08)
(-10 4.99035e-07 5.92531e-09)
(-10 3.74404e-07 -4.16345e-08)
(-10 2.17562e-07 -5.75271e-08)
(-10 1.35355e-08 -5.34677e-08)
(-10 -2.32738e-07 -3.89027e-08)
(-10 -5.41475e-07 -1.5511e-08)
(-10 -8.88603e-07 1.85839e-08)
(-10 -1.36327e-06 4.08462e-08)
(-10 -1.06307e-06 2.46491e-08)
(-10 -1.69792e-06 5.06822e-08)
(-10 -1.54197e-06 4.33322e-08)
(-10 -1.54557e-06 2.18201e-08)
(-10 6.14575e-07 3.47317e-08)
(-10 6.09282e-07 2.34523e-08)
(-10 5.50837e-07 1.82292e-08)
(-10 4.82752e-07 1.62008e-10)
(-10 3.89186e-07 -1.61673e-08)
(-10 2.65065e-07 -2.47026e-08)
(-10 1.05143e-07 -4.30414e-08)
(-10 -8.85744e-08 -5.09086e-08)
(-10 -3.33789e-07 -2.95897e-08)
(-10 -6.28666e-07 1.61384e-09)
(-10 -9.77801e-07 9.97929e-09)
(-10 -1.48831e-06 3.07438e-08)
(-10 -1.1501e-06 3.66217e-08)
(-10 -1.69613e-06 5.99413e-08)
(-10 -1.62876e-06 4.0478e-08)
(-10 -1.6265e-06 7.85129e-09)
(-10 5.53584e-07 4.08365e-08)
(-10 5.49634e-07 3.00389e-08)
(-10 5.06474e-07 1.42065e-08)
(-10 4.48811e-07 5.48596e-11)
(-10 3.6035e-07 -6.73145e-09)
(-10 2.4171e-07 -3.06882e-08)
(-10 8.59476e-08 -3.31773e-08)
(-10 -1.10722e-07 -2.20032e-08)
(-10 -3.56014e-07 -9.30121e-09)
(-10 -6.53755e-07 3.02758e-09)
(-10 -1.01254e-06 3.11025e-08)
(-10 -1.52972e-06 3.88071e-08)
(-10 -1.18202e-06 2.71212e-08)
(-10 -1.75744e-06 4.2746e-08)
(-10 -1.67604e-06 3.92303e-08)
(-10 -1.69575e-06 2.53325e-09)
(-10 5.11562e-07 3.27329e-08)
(-10 5.16447e-07 1.75354e-08)
(-10 4.89811e-07 9.62016e-09)
(-10 4.38344e-07 -1.33472e-08)
(-10 3.59176e-07 -2.65615e-08)
(-10 2.45096e-07 -2.03363e-08)
(-10 9.27107e-08 -2.39926e-08)
(-10 -1.00136e-07 -1.92721e-08)
(-10 -3.39806e-07 -5.52218e-09)
(-10 -6.37813e-07 1.98361e-08)
(-10 -1.00932e-06 1.45522e-08)
(-10 -1.54415e-06 2.34843e-08)
(-10 -1.19289e-06 2.07463e-08)
(-10 -1.77424e-06 4.50849e-08)
(-10 -1.70674e-06 2.1029e-08)
(-10 -1.74579e-06 -6.01631e-09)
(-10 4.48183e-07 4.33036e-08)
(-10 4.60705e-07 2.33178e-08)
(-10 4.44609e-07 2.697e-09)
(-10 3.97186e-07 -4.54059e-09)
(-10 3.18417e-07 -7.35584e-09)
(-10 2.13769e-07 -1.26115e-08)
(-10 7.42523e-08 -6.40983e-10)
(-10 -1.11552e-07 5.6221e-09)
(-10 -3.49846e-07 2.1582e-08)
(-10 -6.53813e-07 1.81622e-08)
(-10 -1.03125e-06 2.63592e-08)
(-10 -1.58559e-06 2.91808e-08)
(-10 -1.23333e-06 2.51565e-08)
(-10 -1.85109e-06 3.33522e-08)
(-10 -1.77764e-06 2.8741e-08)
(-10 -1.83868e-06 6.34662e-09)
(-10 3.49112e-07 2.67707e-08)
(-10 3.66803e-07 6.36491e-09)
(-10 3.52212e-07 -5.98829e-09)
(-10 2.9639e-07 -2.67372e-08)
(-10 2.25436e-07 -1.25204e-08)
(-10 1.36731e-07 -4.98278e-09)
(-10 1.78022e-08 -6.67217e-09)
(-10 -1.55729e-07 8.99149e-09)
(-10 -3.91838e-07 7.00036e-09)
(-10 -6.95754e-07 2.10389e-08)
(-10 -1.08629e-06 -1.99029e-09)
(-10 -1.6618e-06 1.59869e-09)
(-10 -1.3072e-06 9.88371e-09)
(-10 -1.96256e-06 3.16186e-08)
(-10 -1.90388e-06 1.20454e-08)
(-10 -1.96403e-06 -1.05259e-08)
(-10 2.32449e-07 5.73181e-08)
(-10 2.54898e-07 3.22371e-08)
(-10 2.25767e-07 -8.91118e-09)
(-10 1.51619e-07 -3.00996e-10)
(-10 9.13186e-08 9.08935e-09)
(-10 4.53099e-08 6.27217e-09)
(-10 -4.47696e-08 2.40226e-08)
(-10 -2.0771e-07 3.82263e-08)
(-10 -4.40818e-07 2.46548e-08)
(-10 -7.53447e-07 1.28301e-08)
(-10 -1.1547e-06 2.07924e-08)
(-10 -1.74882e-06 2.26031e-08)
(-10 -1.39448e-06 2.09849e-08)
(-10 -2.07315e-06 1.98836e-08)
(-10 -2.05921e-06 3.08481e-08)
(-10 -2.13826e-06 1.57466e-08)
(-10 1.37657e-08 2.09095e-08)
(-10 4.825e-08 2.10348e-08)
(-10 1.10875e-08 1.99963e-08)
(-10 -1.17747e-07 2.36349e-08)
(-10 -1.46267e-07 -1.20534e-08)
(-10 -1.14616e-07 -3.58921e-08)
(-10 -9.27894e-08 5.03182e-09)
(-10 -2.79311e-07 1.80066e-08)
(-10 -5.19355e-07 1.56025e-08)
(-10 -8.44204e-07 1.68021e-08)
(-10 -1.26425e-06 -5.93241e-09)
(-10 -1.87534e-06 -8.36017e-10)
(-10 -1.51942e-06 9.32956e-09)
(-10 -2.23758e-06 3.1907e-08)
(-10 -2.218e-06 3.05851e-08)
(-10 -2.30984e-06 2.38831e-09)
(-10 -2.88334e-08 1.12426e-07)
(-10 -3.18221e-08 1.59738e-07)
(-10 -1.03933e-07 6.5921e-08)
(-10 -2.77894e-07 -4.39673e-08)
(-10 -2.65137e-07 -5.52912e-08)
(-10 -2.95696e-07 -5.33666e-08)
(-10 -2.28822e-07 3.10227e-08)
(-10 -3.62826e-07 5.70385e-08)
(-10 -6.13447e-07 2.95359e-08)
(-10 -9.63717e-07 2.61965e-08)
(-10 -1.40409e-06 2.59611e-08)
(-10 -2.02288e-06 2.04839e-08)
(-10 -1.65428e-06 2.13222e-08)
(-10 -2.41164e-06 2.81663e-08)
(-10 -2.37944e-06 1.78057e-09)
(-10 -2.469e-06 -1.4647e-08)
(-10 7.5786e-08 1.3519e-07)
(-10 6.40711e-08 1.14171e-07)
(-10 -7.25009e-08 1.68158e-07)
(-10 -4.73804e-08 2.88285e-08)
(-10 -1.31502e-07 -5.51191e-08)
(-10 -2.91282e-07 -1.84982e-07)
(-10 -4.32e-07 -4.69959e-08)
(-10 -5.84501e-07 5.86083e-08)
(-10 -8.39143e-07 6.45825e-08)
(-10 -1.17732e-06 6.05691e-08)
(-10 -1.59743e-06 5.88217e-08)
(-10 -2.18557e-06 9.6071e-08)
(-10 -1.81584e-06 1.02708e-07)
(-10 -2.52077e-06 1.20299e-07)
(-10 -2.44584e-06 8.37281e-08)
(-10 -2.4915e-06 3.61035e-08)
(-10 -2.55581e-06 -6.81069e-08)
(-10 1.29937e-07 1.18687e-07)
(-10 6.67738e-08 2.68549e-07)
(-10 9.82366e-08 1.15923e-07)
(-10 1.36322e-07 -4.23801e-09)
(-10 1.77509e-07 -1.47493e-07)
(-10 -4.66313e-08 -1.00011e-07)
(-10 -3.35439e-07 -9.04343e-09)
(-10 -5.82519e-07 8.30534e-08)
(-10 -8.42573e-07 3.55116e-08)
(-10 -1.16745e-06 3.33262e-08)
(-10 -1.58196e-06 3.45411e-08)
(-10 -2.16055e-06 3.88619e-08)
(-10 -1.78143e-06 3.95844e-08)
(-10 -2.51058e-06 4.69338e-08)
(-10 -2.39452e-06 4.37672e-08)
(-10 -2.37327e-06 9.40083e-09)
(-10 -2.38611e-06 -7.77053e-08)
(-10 2.5407e-07 6.06485e-08)
(-10 2.15892e-07 1.02809e-07)
(-10 2.56416e-07 1.04104e-07)
(-10 3.04535e-07 1.68962e-09)
(-10 4.07245e-07 -1.32984e-07)
(-10 1.33862e-07 -1.89425e-08)
(-10 -9.3933e-08 3.09403e-08)
(-10 -3.17281e-07 3.55431e-08)
(-10 -5.87513e-07 1.87429e-08)
(-10 -9.28401e-07 9.06218e-09)
(-10 -1.35733e-06 -1.44321e-08)
(-10 -1.95878e-06 -2.32707e-08)
(-10 -1.5872e-06 -1.7973e-08)
(-10 -2.26056e-06 -2.73063e-08)
(-10 -2.20923e-06 -2.40971e-08)
(-10 -2.25706e-06 -5.18428e-08)
(-10 -2.27651e-06 -1.18256e-07)
(-10 3.49989e-07 3.33002e-08)
(-10 3.55788e-07 6.72487e-08)
(-10 4.04992e-07 3.95367e-08)
(-10 5.50978e-07 -3.00507e-08)
(-10 4.9149e-07 -1.96022e-08)
(-10 2.79111e-07 1.54187e-08)
(-10 8.63535e-08 2.90696e-08)
(-10 -1.51186e-07 3.36126e-08)
(-10 -4.3362e-07 1.1806e-08)
(-10 -7.8987e-07 -1.22513e-08)
(-10 -1.22416e-06 -2.40297e-08)
(-10 -1.81936e-06 -3.97818e-08)
(-10 -1.45618e-06 -3.49341e-08)
(-10 -2.16832e-06 -6.37801e-08)
(-10 -2.09725e-06 -6.99322e-08)
(-10 -2.14039e-06 -4.34566e-08)
(-10 -2.20187e-06 -2.49588e-08)
(-10 4.54214e-07 -1.46822e-08)
(-10 4.95829e-07 5.75804e-10)
(-10 5.18591e-07 2.4488e-08)
(-10 5.96155e-07 6.7482e-09)
(-10 5.43615e-07 -3.31077e-09)
(-10 3.92582e-07 1.42654e-08)
(-10 2.08079e-07 8.32907e-09)
(-10 -2.83829e-08 -5.18992e-09)
(-10 -3.22766e-07 -1.25669e-08)
(-10 -6.81962e-07 -1.9777e-08)
(-10 -1.11268e-06 -4.10396e-08)
(-10 -1.70205e-06 -4.85132e-08)
(-10 -1.35559e-06 -5.80079e-08)
(-10 -2.01214e-06 -5.80994e-08)
(-10 -1.99241e-06 -2.96625e-08)
(-10 -2.06683e-06 -1.05454e-08)
(-10 -2.1297e-06 -6.01258e-09)
(-10 5.21291e-07 1.10296e-09)
(-10 5.86798e-07 2.34743e-08)
(-10 6.19619e-07 2.5457e-08)
(-10 6.87329e-07 3.20131e-08)
(-10 5.97417e-07 1.36161e-08)
(-10 4.68077e-07 -3.68963e-09)
(-10 2.92178e-07 -5.70728e-09)
(-10 5.97848e-08 -1.54951e-09)
(-10 -2.29887e-07 -6.96614e-09)
(-10 -5.79113e-07 -3.12945e-08)
(-10 -1.00015e-06 -2.76911e-08)
(-10 -1.56406e-06 -4.07807e-08)
(-10 -1.23725e-06 -3.38449e-08)
(-10 -1.9067e-06 -5.16688e-08)
(-10 -1.86907e-06 -4.42409e-08)
(-10 -1.93251e-06 -1.33881e-08)
(-10 -2.0193e-06 2.4226e-08)
(-10 5.3359e-07 -1.13275e-08)
(-10 6.38541e-07 5.90059e-09)
(-10 7.58178e-07 5.06402e-08)
(-10 7.50716e-07 1.50315e-08)
(-10 6.02637e-07 -3.11393e-08)
(-10 4.9946e-07 -1.8594e-08)
(-10 3.34079e-07 -2.17663e-08)
(-10 1.06681e-07 -2.53049e-08)
(-10 -1.69491e-07 -2.33516e-08)
(-10 -5.02943e-07 -1.91305e-08)
(-10 -8.9881e-07 -3.33544e-08)
(-10 -1.42715e-06 -3.73745e-08)
(-10 -1.13775e-06 -2.6813e-08)
(-10 -1.73395e-06 -1.7801e-08)
(-10 -1.71155e-06 7.96492e-09)
(-10 -1.75876e-06 2.15865e-09)
(-10 -1.82619e-06 1.60622e-08)
(-10 5.57376e-07 2.58677e-08)
(-10 6.35175e-07 2.24391e-08)
(-10 8.33539e-07 1.2362e-08)
(-10 7.57325e-07 5.68292e-09)
(-10 6.12453e-07 -8.76832e-09)
(-10 5.13829e-07 -2.60306e-08)
(-10 3.47897e-07 -2.25658e-08)
(-10 1.35692e-07 -1.3698e-08)
(-10 -1.26156e-07 -1.33016e-08)
(-10 -4.39866e-07 -2.26936e-08)
(-10 -8.11165e-07 -1.67859e-08)
(-10 -1.30248e-06 -2.41314e-08)
(-10 -1.03678e-06 -2.34448e-08)
(-10 -1.58505e-06 -2.47961e-08)
(-10 -1.57533e-06 -1.60696e-08)
(-10 -1.62907e-06 -1.62831e-08)
(-10 -1.69352e-06 -9.75432e-11)
(-10 5.76945e-07 1.93577e-08)
(-10 6.2202e-07 6.55817e-09)
(-10 7.31917e-07 -5.00734e-09)
(-10 7.07953e-07 -3.36692e-08)
(-10 6.16945e-07 -4.41824e-08)
(-10 5.05764e-07 -3.76558e-08)
(-10 3.4779e-07 -3.32867e-08)
(-10 1.46732e-07 -2.72308e-08)
(-10 -9.48009e-08 -2.10634e-08)
(-10 -3.83104e-07 -5.39355e-09)
(-10 -7.2455e-07 -1.34385e-08)
(-10 -1.17558e-06 -1.99852e-08)
(-10 -9.62065e-07 -2.13989e-08)
(-10 -1.45066e-06 -2.58164e-08)
(-10 -1.45977e-06 -8.96579e-09)
(-10 -1.52909e-06 -1.86245e-08)
(-10 -1.55489e-06 -1.58339e-08)
(-10 5.52216e-07 3.72542e-08)
(-10 5.97377e-07 2.04314e-08)
(-10 6.70839e-07 -2.02491e-08)
(-10 6.45001e-07 -3.89195e-08)
(-10 5.72723e-07 -4.8978e-08)
(-10 4.64968e-07 -4.85966e-08)
(-10 3.20089e-07 -3.32306e-08)
(-10 1.43824e-07 -1.3301e-08)
(-10 -7.29058e-08 2.28947e-10)
(-10 -3.3076e-07 1.81884e-09)
(-10 -6.33906e-07 1.27946e-08)
(-10 -1.03201e-06 3.23174e-09)
(-10 -8.65071e-07 -9.47307e-09)
(-10 -1.30666e-06 -2.71344e-08)
(-10 -1.28128e-06 -3.43941e-08)
(-10 -1.32157e-06 -2.18513e-08)
(-10 -1.43389e-06 -1.27752e-08)
(-10 5.01523e-07 1.71101e-08)
(-10 5.78987e-07 -1.46251e-08)
(-10 6.06717e-07 -4.77841e-08)
(-10 5.69503e-07 -6.94424e-08)
(-10 5.03023e-07 -7.18828e-08)
(-10 4.10328e-07 -5.65221e-08)
(-10 2.86357e-07 -3.8016e-08)
(-10 1.30939e-07 -1.89994e-08)
(-10 -5.44393e-08 -1.73431e-09)
(-10 -2.73728e-07 2.40629e-08)
(-10 -5.31231e-07 2.17075e-08)
(-10 -8.71495e-07 1.00473e-08)
(-10 -7.58459e-07 -3.32487e-09)
(-10 -1.10458e-06 -2.19744e-08)
(-10 -1.10129e-06 -1.81799e-08)
(-10 -1.15413e-06 -2.58142e-08)
(-10 -1.1974e-06 -2.35063e-08)
(-10 4.28662e-07 1.99049e-08)
(-10 5.2877e-07 -2.5257e-08)
(-10 5.32143e-07 -6.89992e-08)
(-10 4.74415e-07 -6.51121e-08)
(-10 4.15916e-07 -6.56186e-08)
(-10 3.39673e-07 -5.8238e-08)
(-10 2.36248e-07 -3.34601e-08)
(-10 1.11802e-07 -3.48425e-09)
(-10 -3.78484e-08 2.19912e-08)
(-10 -2.17349e-07 2.91722e-08)
(-10 -4.26275e-07 4.08335e-08)
(-10 -6.9928e-07 3.11928e-08)
(-10 -6.34294e-07 4.00333e-09)
(-10 -9.42335e-07 -1.34651e-08)
(-10 -8.74035e-07 -4.10819e-08)
(-10 -9.01184e-07 -3.51005e-08)
(-10 -1.0113e-06 -2.1837e-08)
(-10 3.33662e-07 -4.58767e-09)
(-10 5.04214e-07 -1.04752e-07)
(-10 4.62554e-07 -9.00106e-08)
(-10 3.33806e-07 -5.50684e-08)
(-10 3.10098e-07 -7.25585e-08)
(-10 2.53075e-07 -5.0306e-08)
(-10 1.80092e-07 -2.84976e-08)
(-10 8.34338e-08 1.14489e-10)
(-10 -3.26846e-08 2.29821e-08)
(-10 -1.60536e-07 5.0571e-08)
(-10 -3.10382e-07 4.92986e-08)
(-10 -5.20528e-07 2.29405e-08)
(-10 -4.88592e-07 1.55028e-09)
(-10 -7.10603e-07 -2.38548e-08)
(-10 -6.31647e-07 -4.92013e-08)
(-10 -6.52892e-07 -5.85718e-08)
(-10 -7.42554e-07 -3.85156e-08)
(-10 2.96467e-07 -5.14906e-10)
(-10 4.5718e-07 -4.77164e-08)
(-10 4.13831e-07 -6.67215e-08)
(-10 3.01325e-07 -7.12806e-08)
(-10 2.90446e-07 -6.7878e-08)
(-10 2.47865e-07 -4.89723e-08)
(-10 1.93689e-07 -2.30841e-08)
(-10 1.30726e-07 1.12569e-08)
(-10 4.94205e-08 3.66183e-08)
(-10 -4.26423e-08 4.59436e-08)
(-10 -1.45857e-07 5.96893e-08)
(-10 -2.97515e-07 3.51422e-08)
(-10 -2.95269e-07 8.08273e-09)
(-10 -4.5795e-07 -1.71842e-08)
(-10 -3.88241e-07 -1.88093e-08)
(-10 -3.97254e-07 -2.73305e-08)
(-10 -4.87348e-07 -1.66206e-08)
(-10 1.70103e-07 -1.80957e-08)
(-10 2.19918e-07 -4.43801e-08)
(-10 2.07427e-07 -7.16404e-08)
(-10 1.69482e-07 -7.18433e-08)
(-10 1.47751e-07 -6.40464e-08)
(-10 1.27077e-07 -4.65745e-08)
(-10 9.58247e-08 -6.39493e-09)
(-10 5.51969e-08 2.05329e-08)
(-10 1.07055e-08 2.88728e-08)
(-10 -3.88271e-08 5.41583e-08)
(-10 -1.01759e-07 5.95695e-08)
(-10 -2.09931e-07 2.86058e-08)
(-10 -2.15539e-07 7.80045e-09)
(-10 -2.97594e-07 -1.64669e-08)
(-10 -2.50223e-07 -1.07526e-08)
(-10 -2.54327e-07 -1.91152e-08)
(-10 -2.69585e-07 -8.69413e-09)
(-10 1.93849e-08 -6.48336e-08)
(-10 3.70244e-08 -9.58752e-08)
(-10 2.68074e-08 -1.06809e-07)
(-10 1.82463e-08 -1.14794e-07)
(-10 1.49644e-08 -9.60215e-08)
(-10 8.22876e-09 -8.08282e-08)
(-10 -8.58091e-10 -5.50434e-08)
(-10 -9.67998e-09 -2.52654e-08)
(-10 -2.24484e-08 1.99533e-09)
(-10 -3.76722e-08 1.38494e-08)
(-10 -5.45464e-08 1.34098e-08)
(-10 -8.49675e-08 -2.32605e-10)
(-10 -8.14613e-08 -2.91878e-08)
(-10 -1.05914e-07 -3.6102e-08)
(-10 -8.07224e-08 -3.43282e-08)
(-10 -8.33657e-08 -3.58449e-08)
(-10 -9.01323e-08 -2.80145e-08)
(-10 7.58079e-07 5.24474e-08)
(-10 7.6065e-07 5.11444e-08)
(-10 6.81238e-07 4.75877e-08)
(-10 6.09775e-07 4.18133e-08)
(-10 5.18441e-07 3.40113e-08)
(-10 4.02068e-07 2.19549e-08)
(-10 2.33779e-07 2.01454e-08)
(-10 2.1464e-08 2.30897e-08)
(-10 -2.28324e-07 3.3443e-09)
(-10 -5.24175e-07 2.30186e-08)
(-10 -8.77185e-07 3.56258e-08)
(-10 -1.35917e-06 3.00842e-08)
(-10 -1.05479e-06 3.1748e-08)
(-10 -1.65057e-06 6.75996e-08)
(-10 -1.53697e-06 5.19689e-08)
(-10 -1.52558e-06 3.61894e-08)
(-10 6.64978e-07 5.4156e-08)
(-10 6.44603e-07 4.80693e-08)
(-10 5.90262e-07 4.40818e-08)
(-10 5.18626e-07 3.68363e-08)
(-10 4.28599e-07 2.44069e-08)
(-10 3.0425e-07 1.74142e-08)
(-10 1.37986e-07 7.16578e-09)
(-10 -7.01734e-08 1.52279e-08)
(-10 -3.16949e-07 3.4124e-08)
(-10 -6.10642e-07 2.01422e-08)
(-10 -9.80177e-07 2.36125e-08)
(-10 -1.47523e-06 6.35723e-08)
(-10 -1.13602e-06 5.04312e-08)
(-10 -1.72973e-06 4.90455e-08)
(-10 -1.60862e-06 4.98688e-08)
(-10 -1.61103e-06 3.34021e-08)
(-10 5.92343e-07 5.98521e-08)
(-10 5.8966e-07 5.16591e-08)
(-10 5.45021e-07 4.49179e-08)
(-10 4.83462e-07 3.33397e-08)
(-10 3.98877e-07 2.47225e-08)
(-10 2.80907e-07 1.42058e-08)
(-10 1.21807e-07 1.73685e-08)
(-10 -8.24131e-08 2.56134e-08)
(-10 -3.34756e-07 1.59815e-08)
(-10 -6.33867e-07 3.62835e-08)
(-10 -1.00854e-06 5.52125e-08)
(-10 -1.5271e-06 3.87923e-08)
(-10 -1.18046e-06 3.76648e-08)
(-10 -1.78379e-06 5.91158e-08)
(-10 -1.63336e-06 4.16505e-08)
(-10 -1.67709e-06 2.70642e-08)
(-10 5.47775e-07 5.08802e-08)
(-10 5.55516e-07 4.31674e-08)
(-10 5.25959e-07 3.44731e-08)
(-10 4.72894e-07 2.45818e-08)
(-10 3.92819e-07 1.33919e-08)
(-10 2.80341e-07 1.33793e-08)
(-10 1.29417e-07 8.36024e-09)
(-10 -7.10866e-08 1.87173e-08)
(-10 -3.18002e-07 4.47307e-08)
(-10 -6.19104e-07 2.56474e-08)
(-10 -1.00332e-06 3.29009e-08)
(-10 -1.54506e-06 5.89562e-08)
(-10 -1.19012e-06 4.43302e-08)
(-10 -1.79726e-06 4.16682e-08)
(-10 -1.66691e-06 3.3241e-08)
(-10 -1.72673e-06 1.47602e-08)
(-10 4.78588e-07 5.70218e-08)
(-10 4.95647e-07 4.50552e-08)
(-10 4.755e-07 3.40374e-08)
(-10 4.2543e-07 2.2879e-08)
(-10 3.49055e-07 1.84138e-08)
(-10 2.45674e-07 1.58441e-08)
(-10 1.06018e-07 2.70775e-08)
(-10 -9.00562e-08 3.42185e-08)
(-10 -3.27898e-07 2.87154e-08)
(-10 -6.38638e-07 4.56704e-08)
(-10 -1.02653e-06 4.62336e-08)
(-10 -1.58974e-06 3.00733e-08)
(-10 -1.23423e-06 3.09305e-08)
(-10 -1.84444e-06 5.19159e-08)
(-10 -1.74973e-06 3.24711e-08)
(-10 -1.81679e-06 1.98065e-08)
(-10 3.82664e-07 4.81444e-08)
(-10 3.99472e-07 3.61422e-08)
(-10 3.82051e-07 2.16651e-08)
(-10 3.29999e-07 1.17664e-08)
(-10 2.58717e-07 5.58417e-09)
(-10 1.68876e-07 1.70838e-08)
(-10 4.98097e-08 1.70798e-08)
(-10 -1.29909e-07 2.36384e-08)
(-10 -3.66053e-07 4.54001e-08)
(-10 -6.81738e-07 2.22703e-08)
(-10 -1.07831e-06 2.32727e-08)
(-10 -1.66196e-06 4.37677e-08)
(-10 -1.30495e-06 3.40887e-08)
(-10 -1.93975e-06 2.98109e-08)
(-10 -1.85762e-06 2.30437e-08)
(-10 -1.93238e-06 3.47122e-09)
(-10 2.68025e-07 6.62523e-08)
(-10 2.94408e-07 4.48657e-08)
(-10 2.65968e-07 2.18867e-08)
(-10 1.99276e-07 1.69676e-08)
(-10 1.22166e-07 1.49635e-08)
(-10 6.79229e-08 2.1018e-08)
(-10 -2.26494e-08 3.71773e-08)
(-10 -1.84143e-07 3.74498e-08)
(-10 -4.21801e-07 3.2034e-08)
(-10 -7.37226e-07 4.20561e-08)
(-10 -1.14939e-06 3.50057e-08)
(-10 -1.73941e-06 1.622e-08)
(-10 -1.39027e-06 2.13363e-08)
(-10 -2.05658e-06 4.05795e-08)
(-10 -2.00104e-06 2.47478e-08)
(-10 -2.10003e-06 1.05886e-08)
(-10 7.07759e-08 5.33991e-08)
(-10 1.18436e-07 3.5101e-08)
(-10 9.58519e-08 2.19367e-08)
(-10 -3.6209e-08 1.58416e-08)
(-10 -1.22687e-07 -2.86321e-09)
(-10 -1.10205e-07 2.2083e-09)
(-10 -7.51971e-08 1.34084e-08)
(-10 -2.4312e-07 2.20912e-08)
(-10 -4.85427e-07 3.35003e-08)
(-10 -8.15742e-07 7.37984e-09)
(-10 -1.24065e-06 4.68574e-09)
(-10 -1.84921e-06 2.57005e-08)
(-10 -1.50158e-06 1.87391e-08)
(-10 -2.22558e-06 1.59207e-08)
(-10 -2.14671e-06 2.03554e-08)
(-10 -2.26752e-06 -9.98358e-09)
(-10 5.91978e-08 9.66881e-08)
(-10 9.23137e-08 7.53779e-08)
(-10 1.90242e-08 4.2704e-08)
(-10 -1.7535e-07 4.15983e-09)
(-10 -2.3187e-07 2.50651e-08)
(-10 -2.86744e-07 2.89625e-10)
(-10 -2.79197e-07 1.85257e-08)
(-10 -2.97744e-07 3.53832e-08)
(-10 -5.64782e-07 3.19631e-08)
(-10 -9.22048e-07 4.15052e-08)
(-10 -1.34923e-06 2.93708e-08)
(-10 -1.97064e-06 1.09363e-08)
(-10 -1.60843e-06 1.41154e-08)
(-10 -2.32159e-06 4.4496e-08)
(-10 -2.29853e-06 2.45406e-08)
(-10 -2.41512e-06 9.59797e-09)
(-10 2.16906e-07 9.57336e-08)
(-10 1.74103e-07 9.98722e-08)
(-10 7.57978e-08 6.23645e-08)
(-10 -2.51754e-09 3.11281e-08)
(-10 -1.0485e-07 7.7841e-09)
(-10 -3.04002e-07 -3.18756e-08)
(-10 -4.32815e-07 -4.21339e-08)
(-10 -5.37714e-07 6.24643e-08)
(-10 -8.14193e-07 6.05988e-08)
(-10 -1.15201e-06 3.28743e-08)
(-10 -1.56554e-06 2.68286e-08)
(-10 -2.14539e-06 5.66144e-08)
(-10 -1.77912e-06 4.13982e-08)
(-10 -2.49199e-06 3.84935e-08)
(-10 -2.35878e-06 2.78799e-08)
(-10 -2.43302e-06 -8.1434e-09)
(-10 2.09937e-07 1.60525e-07)
(-10 2.07835e-07 1.3273e-07)
(-10 9.97131e-08 1.15729e-07)
(-10 1.32264e-07 3.94706e-08)
(-10 1.33868e-07 -4.04458e-11)
(-10 4.14239e-08 -1.11775e-07)
(-10 -2.39243e-07 -1.73618e-08)
(-10 -5.71493e-07 6.12565e-08)
(-10 -8.34584e-07 3.49446e-08)
(-10 -1.18205e-06 5.76135e-08)
(-10 -1.60672e-06 7.41818e-08)
(-10 -2.19004e-06 8.35713e-08)
(-10 -1.80846e-06 1.01018e-07)
(-10 -2.52372e-06 1.31679e-07)
(-10 -2.35898e-06 7.78985e-08)
(-10 -2.40095e-06 2.56401e-08)
(-10 -2.39181e-06 -3.02125e-08)
(-10 2.50548e-07 8.02466e-08)
(-10 1.33914e-07 1.83856e-07)
(-10 2.49649e-07 1.06158e-07)
(-10 2.89835e-07 4.23559e-08)
(-10 3.82575e-07 -7.57592e-08)
(-10 3.24798e-07 -1.03439e-07)
(-10 -1.09581e-08 -1.10327e-08)
(-10 -3.19028e-07 5.03944e-08)
(-10 -5.8344e-07 3.19764e-08)
(-10 -9.27781e-07 1.15196e-08)
(-10 -1.36549e-06 3.25816e-09)
(-10 -1.98786e-06 3.05192e-08)
(-10 -1.62137e-06 3.37732e-08)
(-10 -2.42809e-06 5.12033e-08)
(-10 -2.33952e-06 5.9447e-08)
(-10 -2.25809e-06 -1.1411e-08)
(-10 -2.25575e-06 -9.91583e-08)
(-10 3.44734e-07 7.58169e-08)
(-10 2.86871e-07 1.0231e-07)
(-10 4.04523e-07 5.58854e-08)
(-10 4.50673e-07 -1.09555e-09)
(-10 6.04971e-07 -1.06261e-07)
(-10 3.77752e-07 -4.35566e-08)
(-10 8.81634e-08 2.83348e-08)
(-10 -1.51977e-07 8.32473e-09)
(-10 -4.31364e-07 -1.17368e-08)
(-10 -7.89873e-07 -5.73461e-09)
(-10 -1.2305e-06 -1.13998e-08)
(-10 -1.83661e-06 -4.45702e-08)
(-10 -1.44853e-06 -3.5446e-08)
(-10 -2.15006e-06 -4.16282e-08)
(-10 -2.07786e-06 -3.68277e-08)
(-10 -2.12076e-06 -3.91166e-08)
(-10 -2.14137e-06 -9.17478e-08)
(-10 4.18508e-07 -6.1233e-09)
(-10 4.48341e-07 9.89584e-09)
(-10 5.2099e-07 2.87582e-09)
(-10 6.95311e-07 -1.88167e-08)
(-10 6.26383e-07 -4.56682e-08)
(-10 4.01517e-07 -3.30922e-08)
(-10 1.99406e-07 -2.25453e-08)
(-10 -3.74304e-08 -3.10955e-08)
(-10 -3.24322e-07 -2.5075e-08)
(-10 -6.77829e-07 -4.99882e-08)
(-10 -1.11041e-06 -6.27651e-08)
(-10 -1.69982e-06 -4.47819e-08)
(-10 -1.33299e-06 -4.05072e-08)
(-10 -2.00571e-06 -5.1197e-08)
(-10 -1.93937e-06 -4.89221e-08)
(-10 -1.99532e-06 -3.82009e-08)
(-10 -2.058e-06 -2.57479e-08)
(-10 4.91248e-07 -6.48359e-09)
(-10 5.83293e-07 -6.69001e-09)
(-10 6.53417e-07 -8.35372e-09)
(-10 7.35894e-07 -2.09322e-08)
(-10 6.05618e-07 -3.22014e-08)
(-10 4.70581e-07 -3.47226e-08)
(-10 2.89443e-07 -3.08602e-08)
(-10 5.88979e-08 -3.55756e-08)
(-10 -2.22452e-07 -5.72087e-08)
(-10 -5.68382e-07 -5.03372e-08)
(-10 -9.8567e-07 -5.12073e-08)
(-10 -1.55023e-06 -7.15555e-08)
(-10 -1.21157e-06 -6.1816e-08)
(-10 -1.87341e-06 -6.88128e-08)
(-10 -1.78942e-06 -4.67541e-08)
(-10 -1.84434e-06 -1.67464e-08)
(-10 -1.93701e-06 -2.30597e-08)
(-10 5.37566e-07 -2.84829e-08)
(-10 6.24087e-07 -3.0329e-08)
(-10 8.29579e-07 -3.14719e-08)
(-10 7.82247e-07 -4.27616e-08)
(-10 6.07452e-07 -5.1259e-08)
(-10 5.02163e-07 -5.23262e-08)
(-10 3.35545e-07 -5.89133e-08)
(-10 1.19773e-07 -5.70585e-08)
(-10 -1.50408e-07 -5.22419e-08)
(-10 -4.80465e-07 -6.75854e-08)
(-10 -8.78619e-07 -7.47808e-08)
(-10 -1.4113e-06 -5.62093e-08)
(-10 -1.10638e-06 -4.93152e-08)
(-10 -1.71495e-06 -5.46798e-08)
(-10 -1.6437e-06 -4.46556e-08)
(-10 -1.71116e-06 -4.30893e-08)
(-10 -1.82111e-06 -3.92963e-08)
(-10 5.85663e-07 -1.67286e-08)
(-10 6.40345e-07 -2.5617e-08)
(-10 7.68572e-07 -3.66322e-08)
(-10 7.50525e-07 -4.62623e-08)
(-10 6.42755e-07 -5.64785e-08)
(-10 5.29345e-07 -6.16979e-08)
(-10 3.71585e-07 -6.0908e-08)
(-10 1.60019e-07 -6.60451e-08)
(-10 -1.01265e-07 -7.14803e-08)
(-10 -4.17717e-07 -6.1923e-08)
(-10 -7.92575e-07 -5.57917e-08)
(-10 -1.29074e-06 -6.69292e-08)
(-10 -1.01662e-06 -6.15429e-08)
(-10 -1.60997e-06 -6.13542e-08)
(-10 -1.54098e-06 -4.62275e-08)
(-10 -1.62388e-06 -2.16838e-08)
(-10 -1.68786e-06 -3.4874e-08)
(-10 5.89498e-07 -3.70677e-08)
(-10 6.32323e-07 -4.2621e-08)
(-10 7.18962e-07 -6.13738e-08)
(-10 7.0208e-07 -7.35538e-08)
(-10 6.27427e-07 -8.47667e-08)
(-10 5.19138e-07 -8.38487e-08)
(-10 3.65713e-07 -8.43765e-08)
(-10 1.71933e-07 -7.80877e-08)
(-10 -7.05205e-08 -6.37129e-08)
(-10 -3.60853e-07 -6.59598e-08)
(-10 -7.06539e-07 -6.76172e-08)
(-10 -1.16239e-06 -5.35576e-08)
(-10 -9.4536e-07 -4.99742e-08)
(-10 -1.44785e-06 -4.67827e-08)
(-10 -1.39521e-06 -4.83718e-08)
(-10 -1.4941e-06 -5.02414e-08)
(-10 -1.59299e-06 -3.48698e-08)
(-10 5.64033e-07 -2.79375e-08)
(-10 6.25088e-07 -4.34062e-08)
(-10 6.69069e-07 -6.93706e-08)
(-10 6.46814e-07 -8.67304e-08)
(-10 5.80715e-07 -9.38023e-08)
(-10 4.82796e-07 -9.37904e-08)
(-10 3.46287e-07 -8.51592e-08)
(-10 1.67841e-07 -7.81503e-08)
(-10 -5.01717e-08 -7.64374e-08)
(-10 -3.12309e-07 -5.68967e-08)
(-10 -6.19093e-07 -4.34491e-08)
(-10 -1.02036e-06 -5.256e-08)
(-10 -8.57093e-07 -5.64792e-08)
(-10 -1.28169e-06 -5.64403e-08)
(-10 -1.27614e-06 -5.23233e-08)
(-10 -1.33895e-06 -3.43455e-08)
(-10 -1.38629e-06 -3.91534e-08)
(-10 5.17473e-07 -5.09136e-08)
(-10 5.84724e-07 -7.16317e-08)
(-10 6.09175e-07 -9.50003e-08)
(-10 5.7785e-07 -1.10299e-07)
(-10 5.22346e-07 -1.1703e-07)
(-10 4.30837e-07 -1.0897e-07)
(-10 3.10178e-07 -9.96945e-08)
(-10 1.57103e-07 -8.84465e-08)
(-10 -3.22228e-08 -6.54026e-08)
(-10 -2.55153e-07 -5.33281e-08)
(-10 -5.18577e-07 -4.77757e-08)
(-10 -8.62194e-07 -3.63835e-08)
(-10 -7.53221e-07 -4.9259e-08)
(-10 -1.09767e-06 -4.7401e-08)
(-10 -1.08143e-06 -5.35991e-08)
(-10 -1.13691e-06 -5.48766e-08)
(-10 -1.21662e-06 -4.44667e-08)
(-10 4.47914e-07 -4.98279e-08)
(-10 5.34108e-07 -7.86818e-08)
(-10 5.40625e-07 -1.03069e-07)
(-10 4.91017e-07 -1.12757e-07)
(-10 4.33635e-07 -1.16466e-07)
(-10 3.65615e-07 -1.1176e-07)
(-10 2.63028e-07 -9.69567e-08)
(-10 1.34824e-07 -8.0479e-08)
(-10 -2.1943e-08 -6.5578e-08)
(-10 -2.05908e-07 -4.54133e-08)
(-10 -4.16416e-07 -2.94566e-08)
(-10 -6.905e-07 -3.70968e-08)
(-10 -6.27816e-07 -4.95464e-08)
(-10 -9.42461e-07 -5.42633e-08)
(-10 -8.86712e-07 -5.10777e-08)
(-10 -9.04763e-07 -5.03889e-08)
(-10 -9.67346e-07 -4.70161e-08)
(-10 3.52158e-07 -7.23326e-08)
(-10 5.36725e-07 -1.07051e-07)
(-10 4.77898e-07 -1.16147e-07)
(-10 3.49002e-07 -1.24839e-07)
(-10 3.30335e-07 -1.27907e-07)
(-10 2.71211e-07 -1.11795e-07)
(-10 1.96169e-07 -9.8899e-08)
(-10 9.84652e-08 -8.89244e-08)
(-10 -1.68152e-08 -5.68907e-08)
(-10 -1.50337e-07 -4.02365e-08)
(-10 -3.05794e-07 -3.42828e-08)
(-10 -5.14773e-07 -3.72513e-08)
(-10 -4.89049e-07 -4.96636e-08)
(-10 -6.92171e-07 -5.2656e-08)
(-10 -6.14754e-07 -5.41476e-08)
(-10 -6.38518e-07 -6.02233e-08)
(-10 -7.47943e-07 -4.75046e-08)
(-10 3.11465e-07 -6.64314e-08)
(-10 4.75333e-07 -9.05061e-08)
(-10 4.40769e-07 -1.08028e-07)
(-10 3.12549e-07 -1.20383e-07)
(-10 3.04566e-07 -1.19723e-07)
(-10 2.64123e-07 -1.02191e-07)
(-10 2.07817e-07 -9.14955e-08)
(-10 1.41525e-07 -7.42406e-08)
(-10 4.95394e-08 -5.35567e-08)
(-10 -3.76565e-08 -3.43965e-08)
(-10 -1.38328e-07 -3.15576e-08)
(-10 -2.9252e-07 -4.4943e-08)
(-10 -2.74238e-07 -5.03537e-08)
(-10 -4.4548e-07 -5.29344e-08)
(-10 -3.79882e-07 -5.21107e-08)
(-10 -3.81753e-07 -5.4635e-08)
(-10 -4.63351e-07 -4.11622e-08)
(-10 1.88241e-07 -7.60627e-08)
(-10 2.49421e-07 -8.59857e-08)
(-10 2.28481e-07 -1.07024e-07)
(-10 1.88723e-07 -1.23735e-07)
(-10 1.72291e-07 -1.1561e-07)
(-10 1.43758e-07 -1.039e-07)
(-10 1.11773e-07 -8.81481e-08)
(-10 6.93658e-08 -6.332e-08)
(-10 2.48449e-08 -4.09415e-08)
(-10 -3.60298e-08 -3.43542e-08)
(-10 -9.3466e-08 -2.89322e-08)
(-10 -1.89613e-07 -3.51731e-08)
(-10 -2.08359e-07 -5.34307e-08)
(-10 -2.90006e-07 -4.95256e-08)
(-10 -2.29245e-07 -4.40655e-08)
(-10 -2.39709e-07 -5.08891e-08)
(-10 -2.65736e-07 -3.97068e-08)
(-10 4.11738e-08 -1.06646e-07)
(-10 4.22192e-08 -1.29465e-07)
(-10 4.39106e-08 -1.45829e-07)
(-10 3.19928e-08 -1.56346e-07)
(-10 2.70669e-08 -1.4525e-07)
(-10 1.82313e-08 -1.23914e-07)
(-10 1.05426e-08 -1.10082e-07)
(-10 -2.09811e-09 -9.06781e-08)
(-10 -1.61789e-08 -6.76472e-08)
(-10 -3.19337e-08 -6.13335e-08)
(-10 -4.88434e-08 -5.92946e-08)
(-10 -8.20987e-08 -6.53322e-08)
(-10 -7.89643e-08 -7.16553e-08)
(-10 -8.04354e-08 -7.0607e-08)
(-10 -7.42986e-08 -6.63994e-08)
(-10 -7.84079e-08 -6.7511e-08)
(-10 -7.78206e-08 -4.8137e-08)
(-10 1.07483e-06 2.99219e-08)
(-10 1.06039e-06 3.64342e-08)
(-10 1.00562e-06 4.05894e-08)
(-10 9.49157e-07 3.81667e-08)
(-10 8.74353e-07 3.61504e-08)
(-10 7.70215e-07 3.26244e-08)
(-10 6.30355e-07 3.32073e-08)
(-10 4.55867e-07 3.47677e-08)
(-10 2.28786e-07 4.34047e-08)
(-10 -5.0128e-08 4.32703e-08)
(-10 -3.91019e-07 4.4441e-08)
(-10 -8.42637e-07 3.80956e-08)
(-10 -6.07555e-07 4.09159e-08)
(-10 -1.25641e-06 5.20113e-08)
(-10 -1.09457e-06 4.20049e-08)
(-10 -1.08734e-06 4.4878e-08)
(-10 9.88046e-07 3.8822e-08)
(-10 1.0209e-06 4.39825e-08)
(-10 9.64418e-07 4.31991e-08)
(-10 9.13504e-07 4.06967e-08)
(-10 8.44214e-07 3.79821e-08)
(-10 7.44561e-07 3.66634e-08)
(-10 6.08654e-07 3.67398e-08)
(-10 4.30893e-07 3.86342e-08)
(-10 2.07511e-07 3.78551e-08)
(-10 -8.04235e-08 4.62377e-08)
(-10 -4.23318e-07 5.19657e-08)
(-10 -9.01914e-07 5.89205e-08)
(-10 -6.19005e-07 5.26382e-08)
(-10 -1.30999e-06 4.4826e-08)
(-10 -1.11878e-06 4.9364e-08)
(-10 -1.13718e-06 3.8565e-08)
(-10 9.57988e-07 4.22803e-08)
(-10 9.84071e-07 4.08448e-08)
(-10 9.50143e-07 3.97797e-08)
(-10 9.07198e-07 3.60192e-08)
(-10 8.4263e-07 3.35441e-08)
(-10 7.50386e-07 3.14787e-08)
(-10 6.1981e-07 3.10758e-08)
(-10 4.45739e-07 3.11028e-08)
(-10 2.23842e-07 4.17411e-08)
(-10 -6.0459e-08 4.2111e-08)
(-10 -4.12663e-07 4.57037e-08)
(-10 -9.09353e-07 5.09585e-08)
(-10 -6.21805e-07 4.42665e-08)
(-10 -1.3535e-06 5.37106e-08)
(-10 -1.14434e-06 3.43538e-08)
(-10 -1.17266e-06 3.22401e-08)
(-10 9.43141e-07 4.07685e-08)
(-10 9.76697e-07 3.91171e-08)
(-10 9.60863e-07 3.5901e-08)
(-10 9.25433e-07 3.20032e-08)
(-10 8.67675e-07 2.91148e-08)
(-10 7.83845e-07 2.95433e-08)
(-10 6.62835e-07 3.12271e-08)
(-10 4.94922e-07 3.50429e-08)
(-10 2.74383e-07 3.07195e-08)
(-10 -1.06669e-08 4.10534e-08)
(-10 -3.6592e-07 4.1712e-08)
(-10 -8.81657e-07 4.90405e-08)
(-10 -5.89616e-07 4.13023e-08)
(-10 -1.35258e-06 3.31151e-08)
(-10 -1.14094e-06 3.8668e-08)
(-10 -1.18438e-06 2.59599e-08)
(-10 9.01424e-07 4.31353e-08)
(-10 9.42581e-07 3.78225e-08)
(-10 9.32135e-07 3.36624e-08)
(-10 9.03046e-07 3.01491e-08)
(-10 8.49313e-07 2.85527e-08)
(-10 7.77773e-07 2.93276e-08)
(-10 6.66802e-07 3.05743e-08)
(-10 5.06611e-07 3.17686e-08)
(-10 2.9124e-07 4.13579e-08)
(-10 3.87384e-09 3.85438e-08)
(-10 -3.59421e-07 3.62505e-08)
(-10 -8.92167e-07 3.87046e-08)
(-10 -6.01814e-07 3.49118e-08)
(-10 -1.39716e-06 4.27923e-08)
(-10 -1.18641e-06 2.75869e-08)
(-10 -1.24592e-06 2.48577e-08)
(-10 8.38009e-07 4.07619e-08)
(-10 8.76125e-07 3.68837e-08)
(-10 8.69199e-07 3.05156e-08)
(-10 8.38107e-07 2.61588e-08)
(-10 7.90844e-07 2.68276e-08)
(-10 7.35097e-07 2.8556e-08)
(-10 6.40817e-07 3.03179e-08)
(-10 4.91038e-07 3.40996e-08)
(-10 2.7693e-07 3.15363e-08)
(-10 -7.83122e-09 3.62907e-08)
(-10 -3.8229e-07 3.40839e-08)
(-10 -9.27486e-07 3.74927e-08)
(-10 -6.43645e-07 3.24216e-08)
(-10 -1.46687e-06 2.50151e-08)
(-10 -1.26638e-06 3.014e-08)
(-10 -1.33771e-06 1.6732e-08)
(-10 7.56046e-07 4.55478e-08)
(-10 8.02521e-07 3.82139e-08)
(-10 7.8051e-07 3.00265e-08)
(-10 7.34556e-07 2.65069e-08)
(-10 6.87636e-07 2.60603e-08)
(-10 6.54107e-07 3.12404e-08)
(-10 5.91643e-07 3.15573e-08)
(-10 4.60222e-07 3.45093e-08)
(-10 2.52078e-07 3.67292e-08)
(-10 -4.06312e-08 3.14081e-08)
(-10 -4.20583e-07 2.69144e-08)
(-10 -9.84689e-07 2.42217e-08)
(-10 -7.06394e-07 2.41606e-08)
(-10 -1.55819e-06 3.45618e-08)
(-10 -1.38048e-06 1.72218e-08)
(-10 -1.46259e-06 9.04091e-09)
(-10 5.99809e-07 4.83555e-08)
(-10 6.70075e-07 3.89871e-08)
(-10 6.40831e-07 2.2142e-08)
(-10 5.21962e-07 2.04563e-08)
(-10 4.28936e-07 1.95284e-08)
(-10 5.5174e-07 2.16989e-08)
(-10 5.5875e-07 2.7321e-08)
(-10 4.25722e-07 3.00131e-08)
(-10 2.11108e-07 2.21975e-08)
(-10 -9.36636e-08 2.4422e-08)
(-10 -4.83949e-07 2.20818e-08)
(-10 -1.07252e-06 2.22947e-08)
(-10 -7.96988e-07 1.79342e-08)
(-10 -1.67491e-06 6.24275e-09)
(-10 -1.51479e-06 1.74247e-08)
(-10 -1.63859e-06 8.17289e-09)
(-10 6.77719e-07 3.04395e-08)
(-10 6.90318e-07 2.45557e-08)
(-10 5.4918e-07 1.23462e-08)
(-10 4.10585e-07 2.59805e-09)
(-10 3.88794e-07 1.86176e-08)
(-10 3.08289e-07 1.50235e-08)
(-10 4.04325e-07 1.83686e-08)
(-10 4.01128e-07 2.00759e-08)
(-10 1.62607e-07 2.68595e-08)
(-10 -1.62274e-07 1.71843e-08)
(-10 -5.69844e-07 8.9534e-09)
(-10 -1.15745e-06 3.21543e-09)
(-10 -8.85174e-07 3.22255e-09)
(-10 -1.78522e-06 2.20488e-08)
(-10 -1.67008e-06 -2.48649e-09)
(-10 -1.80808e-06 -3.33106e-08)
(-10 8.45157e-07 7.15868e-08)
(-10 7.84863e-07 3.35442e-08)
(-10 6.75838e-07 -3.92786e-08)
(-10 6.41264e-07 -2.62967e-09)
(-10 5.39846e-07 2.42834e-08)
(-10 3.55401e-07 2.76632e-09)
(-10 2.50218e-07 7.08823e-09)
(-10 1.81553e-07 3.32041e-08)
(-10 -7.04599e-08 2.19275e-08)
(-10 -3.72982e-07 2.24726e-08)
(-10 -7.53179e-07 1.99693e-08)
(-10 -1.27506e-06 1.45989e-08)
(-10 -9.723e-07 9.08867e-09)
(-10 -1.87215e-06 -5.17121e-09)
(-10 -1.68773e-06 -2.69433e-08)
(-10 -1.79397e-06 -3.21121e-08)
(-10 8.62376e-07 4.41145e-08)
(-10 8.6457e-07 3.11512e-08)
(-10 8.37305e-07 3.19368e-08)
(-10 8.10858e-07 1.40062e-08)
(-10 7.58734e-07 -5.11226e-09)
(-10 5.99387e-07 1.62719e-09)
(-10 4.33195e-07 -2.85255e-09)
(-10 1.52765e-07 1.05063e-08)
(-10 -1.04276e-07 1.97644e-08)
(-10 -4.02924e-07 2.07889e-08)
(-10 -7.94306e-07 2.76176e-08)
(-10 -1.35936e-06 4.64497e-08)
(-10 -1.04834e-06 5.48199e-08)
(-10 -1.91054e-06 6.70646e-08)
(-10 -1.66456e-06 1.25983e-08)
(-10 -1.71642e-06 -3.1416e-08)
(-10 8.14083e-07 1.01396e-07)
(-10 8.31994e-07 9.73141e-08)
(-10 9.09606e-07 4.16975e-08)
(-10 9.80243e-07 2.17872e-08)
(-10 9.98242e-07 -1.81588e-09)
(-10 9.97138e-07 -7.52171e-08)
(-10 7.13496e-07 -2.69133e-08)
(-10 4.10203e-07 4.80935e-09)
(-10 1.49814e-07 -2.61877e-09)
(-10 -2.04673e-07 1.83885e-09)
(-10 -6.5047e-07 4.73475e-09)
(-10 -1.28242e-06 1.28126e-08)
(-10 -1.01042e-06 2.29592e-08)
(-10 -1.90685e-06 4.03935e-08)
(-10 -1.66152e-06 2.16566e-08)
(-10 -1.64578e-06 2.99218e-09)
(-10 -1.71035e-06 -2.22634e-08)
(-10 8.79371e-07 2.83257e-08)
(-10 7.96734e-07 4.21097e-08)
(-10 9.65382e-07 4.856e-08)
(-10 1.16021e-06 -4.11046e-10)
(-10 1.26887e-06 -7.12382e-08)
(-10 1.13592e-06 -5.13896e-08)
(-10 7.90033e-07 3.46782e-09)
(-10 5.34811e-07 -3.48838e-09)
(-10 2.75838e-07 -4.59501e-09)
(-10 -6.94369e-08 -1.37791e-08)
(-10 -4.97598e-07 -2.22646e-08)
(-10 -1.0964e-06 -2.56532e-08)
(-10 -7.92848e-07 -3.77756e-08)
(-10 -1.68666e-06 -2.45765e-08)
(-10 -1.53872e-06 3.39816e-09)
(-10 -1.56846e-06 -3.19034e-08)
(-10 -1.55101e-06 -5.10467e-08)
(-10 9.77795e-07 2.09891e-09)
(-10 9.98532e-07 -2.85018e-09)
(-10 1.08967e-06 -1.4564e-08)
(-10 1.31417e-06 -2.43183e-08)
(-10 1.34683e-06 -3.67494e-08)
(-10 1.07939e-06 -3.73923e-08)
(-10 8.64122e-07 -2.65618e-08)
(-10 6.44015e-07 -2.78e-08)
(-10 3.76948e-07 -4.10232e-08)
(-10 4.03145e-08 -3.99875e-08)
(-10 -3.75764e-07 -4.23781e-08)
(-10 -9.47657e-07 -4.24269e-08)
(-10 -6.56598e-07 -3.96851e-08)
(-10 -1.49333e-06 -4.64759e-08)
(-10 -1.35936e-06 -7.74088e-08)
(-10 -1.42202e-06 -4.83392e-08)
(-10 -1.4819e-06 -1.36727e-08)
(-10 1.08435e-06 -2.00035e-08)
(-10 1.14801e-06 -2.44564e-08)
(-10 1.20322e-06 -2.33278e-08)
(-10 1.32973e-06 -3.77224e-08)
(-10 1.2806e-06 -3.8359e-08)
(-10 1.12869e-06 -3.88571e-08)
(-10 9.44966e-07 -4.04703e-08)
(-10 7.27122e-07 -4.61288e-08)
(-10 4.60872e-07 -4.40659e-08)
(-10 1.27337e-07 -5.45077e-08)
(-10 -2.80839e-07 -5.42258e-08)
(-10 -8.34485e-07 -5.89517e-08)
(-10 -5.64167e-07 -5.33176e-08)
(-10 -1.36855e-06 -4.96415e-08)
(-10 -1.25545e-06 -1.95908e-08)
(-10 -1.33973e-06 -4.41266e-08)
(-10 -1.45502e-06 -4.34006e-08)
(-10 1.08239e-06 -1.28817e-08)
(-10 1.18567e-06 -4.00631e-08)
(-10 1.32025e-06 -8.21004e-08)
(-10 1.34191e-06 -5.95969e-08)
(-10 1.21638e-06 -3.36126e-08)
(-10 1.11502e-06 -4.79853e-08)
(-10 9.57932e-07 -5.10637e-08)
(-10 7.55516e-07 -5.51428e-08)
(-10 4.95922e-07 -6.45368e-08)
(-10 1.7658e-07 -6.20732e-08)
(-10 -2.09288e-07 -6.03503e-08)
(-10 -7.28245e-07 -6.10847e-08)
(-10 -4.85813e-07 -6.06397e-08)
(-10 -1.24195e-06 -6.81866e-08)
(-10 -1.14583e-06 -9.08787e-08)
(-10 -1.211e-06 -6.80118e-08)
(-10 -1.30116e-06 -5.02665e-08)
(-10 1.08047e-06 -4.43037e-08)
(-10 1.15835e-06 -4.84322e-08)
(-10 1.37084e-06 -5.2048e-08)
(-10 1.28147e-06 -5.98835e-08)
(-10 1.17052e-06 -5.96954e-08)
(-10 1.09067e-06 -6.27175e-08)
(-10 9.47041e-07 -6.40677e-08)
(-10 7.4934e-07 -6.73138e-08)
(-10 5.02639e-07 -6.32882e-08)
(-10 1.99217e-07 -6.74824e-08)
(-10 -1.66938e-07 -6.7161e-08)
(-10 -6.52053e-07 -6.49236e-08)
(-10 -4.37045e-07 -6.19165e-08)
(-10 -1.15116e-06 -5.84029e-08)
(-10 -1.0529e-06 -2.73961e-08)
(-10 -1.09566e-06 -4.4333e-08)
(-10 -1.2265e-06 -4.7145e-08)
(-10 1.06094e-06 -5.50652e-08)
(-10 1.10965e-06 -5.80988e-08)
(-10 1.22125e-06 -7.32259e-08)
(-10 1.20577e-06 -7.03971e-08)
(-10 1.13366e-06 -7.42154e-08)
(-10 1.03995e-06 -7.67275e-08)
(-10 8.99259e-07 -7.72558e-08)
(-10 7.1437e-07 -7.5907e-08)
(-10 4.81697e-07 -7.8945e-08)
(-10 1.95732e-07 -7.37445e-08)
(-10 -1.41954e-07 -6.47016e-08)
(-10 -5.89466e-07 -6.26874e-08)
(-10 -4.09247e-07 -6.05848e-08)
(-10 -1.0505e-06 -6.14044e-08)
(-10 -9.79187e-07 -5.88599e-08)
(-10 -1.06945e-06 -4.96791e-08)
(-10 -1.14151e-06 -3.65967e-08)
(-10 9.91773e-07 -6.59226e-08)
(-10 1.04065e-06 -6.82982e-08)
(-10 1.11233e-06 -7.1464e-08)
(-10 1.09367e-06 -8.01268e-08)
(-10 1.03746e-06 -8.34432e-08)
(-10 9.49884e-07 -8.42323e-08)
(-10 8.21677e-07 -8.36696e-08)
(-10 6.5214e-07 -8.17246e-08)
(-10 4.39674e-07 -7.45076e-08)
(-10 1.86005e-07 -7.09412e-08)
(-10 -1.14909e-07 -6.91592e-08)
(-10 -5.09183e-07 -6.48661e-08)
(-10 -3.77762e-07 -6.35435e-08)
(-10 -9.34339e-07 -5.80313e-08)
(-10 -8.62346e-07 -4.36405e-08)
(-10 -9.43316e-07 -4.36455e-08)
(-10 -1.0424e-06 -4.70572e-08)
(-10 8.88135e-07 -7.57833e-08)
(-10 9.5772e-07 -7.97103e-08)
(-10 9.91887e-07 -9.03024e-08)
(-10 9.67554e-07 -9.38648e-08)
(-10 9.17022e-07 -9.83201e-08)
(-10 8.38732e-07 -9.78192e-08)
(-10 7.24459e-07 -9.44621e-08)
(-10 5.75572e-07 -8.91008e-08)
(-10 3.92295e-07 -8.53872e-08)
(-10 1.7171e-07 -7.90665e-08)
(-10 -8.43999e-08 -7.04374e-08)
(-10 -4.24144e-07 -6.97185e-08)
(-10 -3.37227e-07 -6.83847e-08)
(-10 -7.87988e-07 -6.54736e-08)
(-10 -7.36028e-07 -6.35384e-08)
(-10 -8.10998e-07 -5.60344e-08)
(-10 -8.83273e-07 -4.062e-08)
(-10 7.59052e-07 -8.50774e-08)
(-10 8.43547e-07 -9.1237e-08)
(-10 8.59357e-07 -9.11665e-08)
(-10 8.15794e-07 -9.91687e-08)
(-10 7.67412e-07 -1.03029e-07)
(-10 7.02415e-07 -1.02456e-07)
(-10 6.04508e-07 -9.76655e-08)
(-10 4.81326e-07 -9.15655e-08)
(-10 3.28582e-07 -8.16819e-08)
(-10 1.5143e-07 -7.44744e-08)
(-10 -5.83529e-08 -7.48771e-08)
(-10 -3.30912e-07 -7.17756e-08)
(-10 -2.91617e-07 -7.11247e-08)
(-10 -6.48281e-07 -6.09111e-08)
(-10 -5.85141e-07 -5.09002e-08)
(-10 -6.17994e-07 -5.27753e-08)
(-10 -7.26624e-07 -5.2803e-08)
(-10 5.93421e-07 -9.41481e-08)
(-10 7.27443e-07 -9.53743e-08)
(-10 7.22412e-07 -1.00906e-07)
(-10 6.01766e-07 -1.0867e-07)
(-10 5.86831e-07 -1.11572e-07)
(-10 5.3116e-07 -1.07609e-07)
(-10 4.6143e-07 -1.03715e-07)
(-10 3.64258e-07 -9.3352e-08)
(-10 2.54675e-07 -8.88869e-08)
(-10 1.19533e-07 -8.18068e-08)
(-10 -2.47956e-08 -7.90432e-08)
(-10 -2.35814e-07 -7.7575e-08)
(-10 -2.1196e-07 -7.4561e-08)
(-10 -4.58586e-07 -7.31214e-08)
(-10 -3.84921e-07 -6.94749e-08)
(-10 -4.15839e-07 -6.26039e-08)
(-10 -5.4708e-07 -3.75037e-08)
(-10 4.90033e-07 -9.01987e-08)
(-10 6.67787e-07 -9.09498e-08)
(-10 6.06954e-07 -1.01554e-07)
(-10 4.98037e-07 -1.04307e-07)
(-10 4.88099e-07 -1.08421e-07)
(-10 4.54408e-07 -1.05863e-07)
(-10 3.97425e-07 -9.87728e-08)
(-10 3.32723e-07 -9.34621e-08)
(-10 2.51936e-07 -8.41118e-08)
(-10 1.69268e-07 -7.87804e-08)
(-10 5.72121e-08 -7.86927e-08)
(-10 -8.94133e-08 -7.55799e-08)
(-10 -1.00893e-07 -7.80462e-08)
(-10 -2.74285e-07 -7.12654e-08)
(-10 -2.01554e-07 -5.91669e-08)
(-10 -2.04165e-07 -5.20082e-08)
(-10 -3.20908e-07 -5.29838e-08)
(-10 2.95251e-07 -9.92616e-08)
(-10 3.55742e-07 -1.01368e-07)
(-10 3.39436e-07 -1.03962e-07)
(-10 3.02198e-07 -1.11874e-07)
(-10 2.86881e-07 -1.10345e-07)
(-10 2.58533e-07 -1.07524e-07)
(-10 2.27776e-07 -1.00818e-07)
(-10 1.80274e-07 -9.07784e-08)
(-10 1.37679e-07 -8.37569e-08)
(-10 8.22145e-08 -8.41142e-08)
(-10 2.09324e-08 -7.68954e-08)
(-10 -8.02855e-08 -7.87123e-08)
(-10 -9.57333e-08 -7.49765e-08)
(-10 -1.66169e-07 -6.78724e-08)
(-10 -1.30904e-07 -6.142e-08)
(-10 -1.47282e-07 -5.8749e-08)
(-10 -1.71841e-07 -4.49719e-08)
(-10 7.61974e-08 -1.06046e-07)
(-10 8.1995e-08 -1.07544e-07)
(-10 8.31144e-08 -1.19929e-07)
(-10 7.14077e-08 -1.21738e-07)
(-10 6.50403e-08 -1.22412e-07)
(-10 5.78839e-08 -1.20333e-07)
(-10 4.70756e-08 -1.10785e-07)
(-10 3.71401e-08 -1.05174e-07)
(-10 2.10923e-08 -9.62867e-08)
(-10 8.15327e-09 -9.135e-08)
(-10 -1.11707e-08 -9.09399e-08)
(-10 -4.51547e-08 -8.97098e-08)
(-10 -3.77779e-08 -8.55615e-08)
(-10 -5.60409e-08 -7.71216e-08)
(-10 -4.35514e-08 -6.9637e-08)
(-10 -3.42545e-08 -5.80583e-08)
(-10 -5.94792e-08 -5.42394e-08)
(-10 -1.73265e-06 -1.96758e-08)
(-10 -1.72177e-06 2.60004e-08)
(-10 -1.6669e-06 -9.1775e-09)
(-10 -1.58699e-06 -1.87189e-08)
(-10 -1.44012e-06 -2.13929e-08)
(-10 -1.17761e-06 -7.81769e-09)
(-10 -8.04286e-07 1.47025e-08)
(-10 -3.19415e-07 -1.25583e-09)
(-10 3.03375e-07 -7.48962e-09)
(-10 1.09072e-06 -1.09378e-08)
(-10 2.07539e-06 -9.56306e-09)
(-10 3.50346e-06 -6.40309e-09)
(-10 -2.40445e-07 1.5563e-09)
(-10 -1.64325e-06 -5.3359e-09)
(-10 -1.6817e-06 -1.74143e-08)
(-10 -1.72292e-06 -7.74199e-08)
(-10 -1.77754e-06 -2.18059e-08)
(-10 -1.84185e-06 -1.18978e-08)
(-10 -1.85528e-06 -3.34745e-08)
(-10 -1.81453e-06 -4.50687e-08)
(-10 -1.72633e-06 -1.80747e-08)
(-10 -1.57637e-06 1.82432e-08)
(-10 -1.3022e-06 -3.51426e-09)
(-10 -9.13014e-07 -1.332e-08)
(-10 -4.04739e-07 -6.82044e-09)
(-10 2.52221e-07 -1.50888e-09)
(-10 1.08843e-06 -8.96115e-09)
(-10 2.13779e-06 -8.15938e-09)
(-10 3.67742e-06 -5.27629e-09)
(-10 -2.79971e-07 -7.2426e-10)
(-10 -1.7688e-06 -7.55399e-09)
(-10 -1.82441e-06 -2.23447e-08)
(-10 -1.87447e-06 1.19304e-09)
(-10 -1.92143e-06 -3.86247e-08)
(-10 -2.00574e-06 -3.32498e-08)
(-10 -1.99191e-06 -1.24966e-08)
(-10 -1.9604e-06 -4.49299e-09)
(-10 -1.86489e-06 -9.66964e-09)
(-10 -1.71171e-06 -1.27742e-08)
(-10 -1.42775e-06 -1.3094e-08)
(-10 -1.02244e-06 1.32718e-08)
(-10 -4.90584e-07 -3.28972e-09)
(-10 1.98731e-07 -9.43509e-09)
(-10 1.08014e-06 -1.21573e-08)
(-10 2.19229e-06 -9.36569e-09)
(-10 3.83648e-06 -5.30935e-09)
(-10 -3.12279e-07 1.12208e-09)
(-10 -1.87939e-06 -2.347e-09)
(-10 -1.94058e-06 -6.31128e-10)
(-10 -1.99548e-06 -6.33303e-08)
(-10 -2.05289e-06 -1.98102e-08)
(-10 -2.13161e-06 4.42145e-09)
(-10 -2.14002e-06 -1.61385e-08)
(-10 -2.1001e-06 -3.34096e-08)
(-10 -2.0061e-06 1.28791e-10)
(-10 -1.84438e-06 9.86567e-09)
(-10 -1.54522e-06 -3.39396e-09)
(-10 -1.12609e-06 -1.96521e-08)
(-10 -5.71732e-07 -8.93664e-09)
(-10 1.48641e-07 -1.88146e-09)
(-10 1.07166e-06 -8.96068e-09)
(-10 2.24086e-06 -7.47556e-09)
(-10 3.98047e-06 -3.30542e-09)
(-10 -3.51895e-07 -1.27951e-10)
(-10 -1.96851e-06 -4.91455e-10)
(-10 -2.04981e-06 -9.42049e-09)
(-10 -2.117e-06 2.19453e-08)
(-10 -2.18464e-06 -9.12919e-09)
(-10 -2.26689e-06 -3.9158e-08)
(-10 -2.25827e-06 -6.90111e-09)
(-10 -2.22634e-06 -6.72097e-09)
(-10 -2.13311e-06 -7.09384e-09)
(-10 -1.97028e-06 -8.36739e-09)
(-10 -1.65321e-06 -1.04762e-08)
(-10 -1.22108e-06 6.28286e-09)
(-10 -6.48828e-07 -3.65057e-09)
(-10 9.7574e-08 -8.02893e-09)
(-10 1.05787e-06 -1.03756e-08)
(-10 2.2782e-06 -6.47217e-09)
(-10 4.10195e-06 -3.23321e-09)
(-10 -3.7985e-07 6.40386e-11)
(-10 -2.08506e-06 -1.31471e-08)
(-10 -2.17493e-06 1.4699e-08)
(-10 -2.24258e-06 -4.7484e-08)
(-10 -2.31602e-06 -1.47399e-08)
(-10 -2.38308e-06 1.67295e-08)
(-10 -2.37599e-06 -3.36409e-08)
(-10 -2.34911e-06 -2.28692e-08)
(-10 -2.25434e-06 1.84838e-09)
(-10 -2.07938e-06 -8.33751e-10)
(-10 -1.74968e-06 -2.512e-09)
(-10 -1.30596e-06 -2.08876e-08)
(-10 -7.18336e-07 -7.91695e-09)
(-10 5.05659e-08 -1.7061e-09)
(-10 1.04281e-06 -7.31916e-09)
(-10 2.30691e-06 -4.91401e-09)
(-10 4.20149e-06 -1.7886e-09)
(-10 -4.11737e-07 -5.32565e-11)
(-10 -2.22407e-06 -1.09618e-09)
(-10 -2.34161e-06 -1.09154e-08)
(-10 -2.43659e-06 4.1512e-08)
(-10 -2.506e-06 5.18966e-09)
(-10 -2.4845e-06 -3.2367e-08)
(-10 -2.46668e-06 -2.21951e-09)
(-10 -2.44719e-06 -3.10564e-09)
(-10 -2.35565e-06 -1.1766e-08)
(-10 -2.16519e-06 -1.06965e-08)
(-10 -1.83295e-06 -1.09513e-08)
(-10 -1.38124e-06 7.22132e-09)
(-10 -7.79249e-07 -2.49935e-09)
(-10 8.25609e-09 -8.66015e-09)
(-10 1.02476e-06 -7.12566e-09)
(-10 2.32334e-06 -4.31859e-09)
(-10 4.27388e-06 -2.06758e-09)
(-10 -4.35519e-07 1.45206e-09)
(-10 -2.44887e-06 3.78888e-08)
(-10 -2.47045e-06 9.48486e-09)
(-10 -2.48812e-06 1.53189e-08)
(-10 -2.58714e-06 9.79644e-10)
(-10 -2.58283e-06 -2.67341e-08)
(-10 -2.54407e-06 -1.57486e-08)
(-10 -2.44745e-06 -1.86038e-09)
(-10 -2.2381e-06 -5.08559e-09)
(-10 -1.90297e-06 -2.71504e-09)
(-10 -1.4449e-06 -2.15007e-08)
(-10 -8.32408e-07 -7.20586e-09)
(-10 -2.97038e-08 -3.88413e-10)
(-10 1.00593e-06 -3.24647e-09)
(-10 2.32901e-06 -2.20562e-09)
(-10 4.31781e-06 -5.3261e-10)
(-10 -4.5587e-07 1.57797e-10)
(-10 -2.41361e-06 -6.10971e-09)
(-10 -2.42277e-06 2.00116e-08)
(-10 -2.51274e-06 1.06334e-08)
(-10 -2.66245e-06 -3.05372e-08)
(-10 -2.68105e-06 -7.02237e-09)
(-10 -2.61706e-06 5.72554e-10)
(-10 -2.51375e-06 -8.5857e-09)
(-10 -2.29167e-06 -8.4701e-09)
(-10 -1.95514e-06 -8.42001e-09)
(-10 -1.4937e-06 7.91509e-09)
(-10 -8.75131e-07 -7.15074e-10)
(-10 -6.35623e-08 -6.89586e-09)
(-10 9.84324e-07 -2.61148e-09)
(-10 2.32157e-06 -2.99714e-10)
(-10 4.32975e-06 -3.82534e-10)
(-10 -4.69225e-07 1.33068e-10)
(-10 -2.52681e-06 -1.80376e-09)
(-10 -2.54686e-06 -3.53908e-08)
(-10 -2.63068e-06 -1.34941e-08)
(-10 -2.70189e-06 1.06853e-08)
(-10 -2.70639e-06 -1.64627e-08)
(-10 -2.66027e-06 -1.2312e-08)
(-10 -2.55786e-06 -4.95971e-09)
(-10 -2.32468e-06 -3.61148e-09)
(-10 -1.98802e-06 -7.02502e-10)
(-10 -1.52566e-06 -2.12014e-08)
(-10 -9.06126e-07 -5.65079e-09)
(-10 -9.29526e-08 2.01861e-09)
(-10 9.57369e-07 -8.39556e-10)
(-10 2.29652e-06 -5.45477e-10)
(-10 4.30589e-06 1.38457e-10)
(-10 -4.6849e-07 -3.29992e-11)
(-10 -2.51395e-06 -1.5809e-08)
(-10 -2.56799e-06 2.59474e-08)
(-10 -2.67224e-06 3.84478e-09)
(-10 -2.71831e-06 -4.17709e-08)
(-10 -2.72277e-06 4.90357e-09)
(-10 -2.68126e-06 5.08343e-09)
(-10 -2.57516e-06 -8.57704e-09)
(-10 -2.334e-06 -7.4595e-09)
(-10 -1.99895e-06 -6.42979e-09)
(-10 -1.53958e-06 8.67231e-09)
(-10 -9.23695e-07 8.72811e-10)
(-10 -1.16123e-07 -4.67313e-09)
(-10 9.26289e-07 -6.67141e-10)
(-10 2.25558e-06 -6.44447e-10)
(-10 4.24831e-06 -8.84319e-11)
(-10 -4.66333e-07 2.93156e-10)
(-10 -2.43566e-06 -7.83898e-09)
(-10 -2.54584e-06 -1.2831e-08)
(-10 -2.68742e-06 -9.93332e-09)
(-10 -2.71319e-06 2.55168e-09)
(-10 -2.71674e-06 -1.69423e-08)
(-10 -2.67045e-06 -8.66468e-09)
(-10 -2.55713e-06 -3.15801e-09)
(-10 -2.31922e-06 -2.03385e-09)
(-10 -1.98861e-06 1.52915e-09)
(-10 -1.53582e-06 -1.93387e-08)
(-10 -9.2949e-07 -3.82259e-09)
(-10 -1.35182e-07 3.95324e-09)
(-10 8.88355e-07 1.68635e-09)
(-10 2.19598e-06 1.06583e-09)
(-10 4.15654e-06 1.1755e-09)
(-10 -4.54521e-07 -1.37812e-09)
(-10 -2.41146e-06 -8.91168e-10)
(-10 -2.52216e-06 4.96004e-08)
(-10 -2.63127e-06 1.18536e-08)
(-10 -2.67569e-06 -2.43773e-08)
(-10 -2.67296e-06 -8.56928e-10)
(-10 -2.63927e-06 1.37864e-08)
(-10 -2.5123e-06 -1.04768e-08)
(-10 -2.2805e-06 -1.4761e-08)
(-10 -1.95642e-06 -4.04651e-09)
(-10 -1.51323e-06 9.11568e-09)
(-10 -9.22751e-07 2.33739e-09)
(-10 -1.49192e-07 -2.57987e-09)
(-10 8.47588e-07 3.47772e-09)
(-10 2.12295e-06 2.70952e-09)
(-10 4.03351e-06 1.1002e-09)
(-10 -4.43301e-07 -3.94644e-10)
(-10 -2.35151e-06 1.96727e-08)
(-10 -2.47729e-06 1.68891e-09)
(-10 -2.55858e-06 1.83447e-09)
(-10 -2.6039e-06 1.49646e-08)
(-10 -2.61444e-06 -1.31924e-08)
(-10 -2.56735e-06 -6.99285e-09)
(-10 -2.44067e-06 -5.14142e-09)
(-10 -2.21832e-06 -2.75549e-09)
(-10 -1.90518e-06 7.30434e-11)
(-10 -1.47745e-06 -1.25294e-08)
(-10 -9.06907e-07 -2.00604e-09)
(-10 -1.61103e-07 6.9551e-09)
(-10 8.02428e-07 8.44146e-09)
(-10 2.0357e-06 6.33183e-09)
(-10 3.87784e-06 2.73369e-09)
(-10 -4.18615e-07 -3.81487e-10)
(-10 -2.25046e-06 1.30346e-09)
(-10 -2.38857e-06 5.30382e-08)
(-10 -2.47663e-06 1.25602e-08)
(-10 -2.51331e-06 -5.41644e-09)
(-10 -2.51514e-06 1.44211e-08)
(-10 -2.47911e-06 1.37153e-08)
(-10 -2.34587e-06 -8.79813e-09)
(-10 -2.13221e-06 -1.97825e-08)
(-10 -1.8335e-06 -5.08346e-09)
(-10 -1.42536e-06 1.01731e-08)
(-10 -8.80424e-07 3.25582e-09)
(-10 -1.6676e-07 3.72855e-09)
(-10 7.56322e-07 1.06352e-08)
(-10 1.93597e-06 8.25359e-09)
(-10 3.69483e-06 3.02013e-09)
(-10 -4.04321e-07 -9.3017e-10)
(-10 -2.11182e-06 2.20031e-08)
(-10 -2.29667e-06 -8.61795e-09)
(-10 -2.35277e-06 8.52068e-09)
(-10 -2.39222e-06 9.47829e-09)
(-10 -2.40181e-06 -9.53161e-09)
(-10 -2.35453e-06 -8.81546e-09)
(-10 -2.22739e-06 -2.77818e-09)
(-10 -2.02808e-06 -6.73601e-10)
(-10 -1.74587e-06 1.70005e-09)
(-10 -1.36008e-06 -1.04639e-08)
(-10 -8.46027e-07 8.24321e-10)
(-10 -1.7107e-07 1.16803e-08)
(-10 7.02673e-07 1.42451e-08)
(-10 1.81801e-06 1.01902e-08)
(-10 3.47923e-06 4.26929e-09)
(-10 -3.68963e-07 -1.69093e-09)
(-10 -1.97214e-06 -2.83151e-09)
(-10 -2.16281e-06 4.86123e-08)
(-10 -2.21806e-06 5.44309e-09)
(-10 -2.25059e-06 -2.16396e-08)
(-10 -2.24909e-06 2.24739e-08)
(-10 -2.21845e-06 1.35593e-08)
(-10 -2.08893e-06 3.77652e-09)
(-10 -1.90212e-06 -2.02804e-08)
(-10 -1.64027e-06 -4.04944e-09)
(-10 -1.28167e-06 1.09183e-08)
(-10 -8.01347e-07 5.46431e-09)
(-10 -1.70133e-07 6.38462e-09)
(-10 6.45991e-07 1.50634e-08)
(-10 1.68839e-06 1.14361e-08)
(-10 3.23932e-06 4.08716e-09)
(-10 -3.50756e-07 -6.41333e-10)
(-10 -1.84283e-06 7.47565e-09)
(-10 -1.99545e-06 -2.46516e-08)
(-10 -2.05091e-06 -4.53023e-09)
(-10 -2.08466e-06 5.87909e-09)
(-10 -2.08376e-06 -8.39353e-09)
(-10 -2.04892e-06 -1.08011e-08)
(-10 -1.93281e-06 -1.12474e-09)
(-10 -1.76296e-06 5.4829e-09)
(-10 -1.52236e-06 2.52168e-09)
(-10 -1.19269e-06 -1.02291e-08)
(-10 -7.51217e-07 2.87015e-09)
(-10 -1.70629e-07 1.31553e-08)
(-10 5.80385e-07 1.72947e-08)
(-10 1.54082e-06 1.21801e-08)
(-10 2.96832e-06 5.19459e-09)
(-10 -3.06846e-07 -4.34272e-10)
(-10 -1.68941e-06 -2.5516e-09)
(-10 -1.81756e-06 2.14006e-08)
(-10 -1.87099e-06 2.72191e-09)
(-10 -1.89484e-06 -1.68532e-08)
(-10 -1.89336e-06 1.76182e-08)
(-10 -1.86979e-06 1.22032e-08)
(-10 -1.76041e-06 3.431e-09)
(-10 -1.60605e-06 -1.70958e-08)
(-10 -1.38931e-06 -2.56537e-09)
(-10 -1.09194e-06 9.15671e-09)
(-10 -6.92394e-07 6.63905e-09)
(-10 -1.66704e-07 8.28629e-09)
(-10 5.13421e-07 1.73485e-08)
(-10 1.38359e-06 1.30292e-08)
(-10 2.67686e-06 5.60825e-09)
(-10 -2.84411e-07 -6.17602e-10)
(-10 -1.5185e-06 4.63525e-09)
(-10 -1.61689e-06 -2.38596e-08)
(-10 -1.65917e-06 2.73271e-09)
(-10 -1.69492e-06 1.47314e-08)
(-10 -1.69192e-06 1.2419e-09)
(-10 -1.66168e-06 -8.24009e-09)
(-10 -1.57216e-06 -9.75771e-10)
(-10 -1.43621e-06 7.07144e-09)
(-10 -1.24435e-06 2.44358e-09)
(-10 -9.8124e-07 -7.3467e-09)
(-10 -6.28846e-07 4.37886e-09)
(-10 -1.64433e-07 1.27359e-08)
(-10 4.38436e-07 1.95544e-08)
(-10 1.21064e-06 1.37143e-08)
(-10 2.35812e-06 6.81764e-09)
(-10 -2.32968e-07 -7.94275e-10)
(-10 -1.32515e-06 -1.44526e-09)
(-10 -1.40866e-06 1.55728e-08)
(-10 -1.44461e-06 4.12693e-09)
(-10 -1.46023e-06 -6.64755e-09)
(-10 -1.46484e-06 1.75928e-08)
(-10 -1.45012e-06 1.10203e-08)
(-10 -1.36664e-06 4.50055e-09)
(-10 -1.24899e-06 -1.06939e-08)
(-10 -1.0846e-06 1.28394e-09)
(-10 -8.59153e-07 1.04567e-08)
(-10 -5.55889e-07 8.62147e-09)
(-10 -1.55529e-07 9.38019e-09)
(-10 3.63744e-07 1.81278e-08)
(-10 1.03087e-06 1.43466e-08)
(-10 2.02579e-06 7.39465e-09)
(-10 -2.06238e-07 -4.83426e-10)
(-10 -1.12144e-06 6.16156e-09)
(-10 -1.17011e-06 -1.13606e-08)
(-10 -1.19427e-06 7.82823e-09)
(-10 -1.23017e-06 2.70856e-08)
(-10 -1.22692e-06 4.37032e-09)
(-10 -1.20436e-06 -3.34197e-09)
(-10 -1.14744e-06 1.30389e-09)
(-10 -1.05037e-06 1.02447e-08)
(-10 -9.13481e-07 4.30413e-09)
(-10 -7.2683e-07 -5.1476e-09)
(-10 -4.76292e-07 4.57224e-09)
(-10 -1.45182e-07 1.21076e-08)
(-10 2.85852e-07 1.93637e-08)
(-10 8.36058e-07 1.53789e-08)
(-10 1.67033e-06 7.64447e-09)
(-10 -1.46777e-07 -5.28414e-10)
(-10 -8.49596e-07 1.47731e-09)
(-10 -9.31648e-07 1.38538e-08)
(-10 -9.50845e-07 4.61729e-09)
(-10 -9.54037e-07 3.24562e-09)
(-10 -9.65849e-07 1.29916e-08)
(-10 -9.59066e-07 8.48325e-09)
(-10 -9.048e-07 3.40201e-09)
(-10 -8.27761e-07 -6.52371e-09)
(-10 -7.21381e-07 2.17494e-09)
(-10 -5.77578e-07 4.92108e-09)
(-10 -3.85475e-07 5.43606e-09)
(-10 -1.31419e-07 8.06992e-09)
(-10 1.96492e-07 1.82483e-08)
(-10 6.13105e-07 1.68566e-08)
(-10 1.32291e-06 9.3907e-09)
(-10 -1.10932e-07 -9.48516e-10)
(-10 -5.85901e-07 -4.10961e-09)
(-10 -6.2479e-07 -4.77491e-09)
(-10 -6.36364e-07 -6.84521e-10)
(-10 -6.81762e-07 1.37809e-08)
(-10 -6.72346e-07 -3.20893e-10)
(-10 -6.60945e-07 -4.37198e-09)
(-10 -6.32922e-07 -2.74363e-09)
(-10 -5.85318e-07 3.63169e-09)
(-10 -5.16414e-07 5.44006e-10)
(-10 -4.20336e-07 -3.69902e-09)
(-10 -2.89657e-07 3.60584e-10)
(-10 -1.16434e-07 8.06491e-09)
(-10 1.0578e-07 1.68979e-08)
(-10 3.84241e-07 1.66458e-08)
(-10 9.62229e-07 1.41474e-08)
(-10 -4.80907e-08 1.30416e-10)
(-10 -3.20596e-07 -1.33031e-08)
(-10 -3.60081e-07 -8.90874e-09)
(-10 -3.81911e-07 1.31014e-09)
(-10 -3.78885e-07 -4.56476e-09)
(-10 -3.89046e-07 -4.35927e-09)
(-10 -3.83173e-07 4.98368e-09)
(-10 -3.64333e-07 1.46157e-09)
(-10 -3.3797e-07 -5.52592e-10)
(-10 -3.04051e-07 -1.17908e-09)
(-10 -2.53191e-07 2.61138e-09)
(-10 -1.80054e-07 3.35419e-09)
(-10 -7.87178e-08 8.54987e-09)
(-10 4.46438e-08 1.74374e-08)
(-10 1.90631e-07 1.72793e-08)
(-10 6.30208e-07 1.91936e-08)
(-10 -1.00676e-08 2.34833e-09)
(-10 -1.11767e-07 -1.46024e-08)
(-10 -1.18831e-07 -9.26646e-09)
(-10 -1.25925e-07 -1.01151e-08)
(-10 -1.32233e-07 -8.1293e-09)
(-10 -1.36482e-07 -7.50218e-10)
(-10 -1.35829e-07 -3.79161e-09)
(-10 -1.35742e-07 -1.48004e-09)
(-10 -1.30643e-07 3.89048e-10)
(-10 -1.21789e-07 1.19832e-11)
(-10 -1.07053e-07 -6.90165e-10)
(-10 -8.68282e-08 -5.75598e-10)
(-10 -5.86349e-08 4.09551e-09)
(-10 -2.40923e-08 1.0593e-08)
(-10 1.60413e-08 9.59839e-09)
(-10 1.82558e-07 1.45387e-08)
(-10 1.93106e-08 1.16575e-09)
(-10 -1.5375e-06 -3.28447e-08)
(-10 -1.45926e-06 -2.15443e-08)
(-10 -1.28226e-06 2.7189e-08)
(-10 -1.03048e-06 -1.00333e-09)
(-10 -7.47586e-07 -3.07672e-10)
(-10 -3.11268e-07 1.08252e-08)
(-10 2.68485e-07 8.64182e-09)
(-10 1.00195e-06 2.44088e-09)
(-10 1.92207e-06 -1.32538e-08)
(-10 3.60824e-06 -1.35309e-08)
(-10 -2.2714e-07 -1.93253e-09)
(-10 -1.58679e-06 1.52868e-08)
(-10 -1.59763e-06 9.3872e-09)
(-10 -1.65203e-06 -1.87345e-08)
(-10 -1.68365e-06 -7.32749e-08)
(-10 -1.71254e-06 -3.47587e-08)
(-10 -1.76665e-06 -6.9881e-08)
(-10 -1.70267e-06 -2.51117e-08)
(-10 -1.57675e-06 -5.96792e-09)
(-10 -1.40851e-06 -2.04911e-08)
(-10 -1.19329e-06 -6.12094e-09)
(-10 -8.56806e-07 2.85745e-08)
(-10 -3.90302e-07 1.47184e-08)
(-10 2.09998e-07 4.34523e-09)
(-10 9.87254e-07 -1.26089e-08)
(-10 1.97898e-06 -1.53526e-08)
(-10 3.7928e-06 -1.32442e-08)
(-10 -2.77887e-07 -2.35988e-09)
(-10 -1.64621e-06 -1.48662e-08)
(-10 -1.74522e-06 -1.80071e-08)
(-10 -1.80008e-06 -7.05468e-10)
(-10 -1.86996e-06 -1.2672e-08)
(-10 -1.92912e-06 -5.73187e-08)
(-10 -1.91228e-06 -2.71681e-08)
(-10 -1.84894e-06 -1.67534e-08)
(-10 -1.74473e-06 -3.52071e-08)
(-10 -1.56042e-06 -1.23359e-08)
(-10 -1.3189e-06 1.44817e-08)
(-10 -9.71244e-07 -1.94262e-09)
(-10 -4.87894e-07 -4.3788e-09)
(-10 1.56221e-07 2.89068e-09)
(-10 9.72727e-07 -7.05254e-09)
(-10 2.01627e-06 -1.31224e-08)
(-10 3.95748e-06 -1.16033e-08)
(-10 -3.13583e-07 -2.15819e-09)
(-10 -1.75075e-06 1.46715e-08)
(-10 -1.84455e-06 5.34782e-09)
(-10 -1.92589e-06 -5.69154e-08)
(-10 -1.99967e-06 -4.19973e-08)
(-10 -2.04499e-06 -2.19788e-08)
(-10 -2.05938e-06 -6.84128e-08)
(-10 -1.98514e-06 -3.15013e-08)
(-10 -1.87892e-06 6.17646e-09)
(-10 -1.70658e-06 -8.8336e-09)
(-10 -1.45107e-06 -7.89115e-09)
(-10 -1.07374e-06 1.52295e-08)
(-10 -5.73786e-07 -4.41874e-10)
(-10 9.59343e-08 -6.21743e-09)
(-10 9.54097e-07 -1.34838e-08)
(-10 2.05539e-06 -1.43818e-08)
(-10 4.10352e-06 -9.15124e-09)
(-10 -3.44091e-07 -1.57837e-09)
(-10 -1.80695e-06 -2.70295e-08)
(-10 -1.93007e-06 -4.17715e-08)
(-10 -2.01989e-06 2.65738e-09)
(-10 -2.12501e-06 -1.70554e-08)
(-10 -2.17376e-06 -3.63418e-08)
(-10 -2.17559e-06 -2.37969e-08)
(-10 -2.12937e-06 -1.35219e-08)
(-10 -2.01798e-06 -2.18589e-08)
(-10 -1.83194e-06 -1.58678e-08)
(-10 -1.56338e-06 7.03728e-09)
(-10 -1.17818e-06 -6.99842e-09)
(-10 -6.59655e-07 -9.53422e-09)
(-10 4.05219e-08 -7.20328e-10)
(-10 9.36956e-07 -1.92527e-09)
(-10 2.08494e-06 -1.00933e-08)
(-10 4.22981e-06 -8.07965e-09)
(-10 -3.76845e-07 -1.11306e-09)
(-10 -1.89362e-06 -1.04511e-08)
(-10 -2.04798e-06 -4.79539e-10)
(-10 -2.15397e-06 -4.14086e-08)
(-10 -2.23164e-06 -1.94526e-08)
(-10 -2.29609e-06 -1.51088e-08)
(-10 -2.30133e-06 -2.64085e-08)
(-10 -2.24407e-06 -2.46779e-08)
(-10 -2.13299e-06 9.68718e-09)
(-10 -1.94345e-06 -1.48586e-08)
(-10 -1.67047e-06 -1.202e-08)
(-10 -1.27591e-06 6.95184e-09)
(-10 -7.31317e-07 -4.06048e-09)
(-10 -1.1809e-08 -8.91651e-09)
(-10 9.17653e-07 -1.25688e-08)
(-10 2.10772e-06 -1.18554e-08)
(-10 4.33252e-06 -6.11168e-09)
(-10 -4.06033e-07 -3.53245e-10)
(-10 -2.05897e-06 -2.99406e-08)
(-10 -2.1293e-06 -3.36314e-08)
(-10 -2.29061e-06 1.96059e-08)
(-10 -2.37156e-06 -1.19112e-08)
(-10 -2.40312e-06 -2.11282e-08)
(-10 -2.39954e-06 -7.19373e-09)
(-10 -2.35277e-06 -6.70276e-09)
(-10 -2.23258e-06 -2.77407e-08)
(-10 -2.05475e-06 -1.63029e-08)
(-10 -1.75502e-06 1.36505e-09)
(-10 -1.35579e-06 -1.00795e-08)
(-10 -7.9935e-07 -9.97596e-09)
(-10 -5.89304e-08 -4.34871e-09)
(-10 8.96753e-07 2.45609e-10)
(-10 2.11933e-06 -5.72287e-09)
(-10 4.40789e-06 -3.97881e-09)
(-10 -4.29519e-07 -1.09127e-09)
(-10 -2.26166e-06 3.10297e-08)
(-10 -2.36223e-06 3.96409e-08)
(-10 -2.40724e-06 1.5245e-08)
(-10 -2.464e-06 2.03839e-08)
(-10 -2.5006e-06 -2.41124e-10)
(-10 -2.49078e-06 -5.39521e-08)
(-10 -2.43984e-06 -1.69046e-08)
(-10 -2.32786e-06 9.76394e-09)
(-10 -2.13603e-06 -1.08711e-08)
(-10 -1.83856e-06 -1.29107e-08)
(-10 -1.42309e-06 -3.01911e-09)
(-10 -8.54216e-07 -5.56137e-09)
(-10 -1.01318e-07 -9.25544e-09)
(-10 8.75153e-07 -9.78411e-09)
(-10 2.12196e-06 -6.89081e-09)
(-10 4.45377e-06 -2.36766e-09)
(-10 -4.53566e-07 2.99194e-10)
(-10 -2.48661e-06 -1.0453e-08)
(-10 -2.48467e-06 5.50939e-10)
(-10 -2.53852e-06 -9.37572e-09)
(-10 -2.56369e-06 -1.2559e-08)
(-10 -2.57199e-06 -7.57411e-09)
(-10 -2.51663e-06 -6.12423e-09)
(-10 -2.39689e-06 -3.91483e-08)
(-10 -2.20356e-06 -1.7953e-08)
(-10 -1.89886e-06 -7.12775e-09)
(-10 -1.47734e-06 -1.16467e-08)
(-10 -8.99643e-07 -1.13251e-08)
(-10 -1.38435e-07 -1.7002e-09)
(-10 8.49459e-07 3.36319e-09)
(-10 2.10944e-06 -1.34094e-09)
(-10 4.46416e-06 -1.3063e-09)
(-10 -4.59997e-07 -1.91126e-09)
(-10 -2.54511e-06 -6.60358e-08)
(-10 -2.56206e-06 -9.77067e-08)
(-10 -2.60342e-06 -1.32255e-08)
(-10 -2.62891e-06 -5.65086e-10)
(-10 -2.62622e-06 -1.9228e-08)
(-10 -2.5646e-06 -2.25493e-08)
(-10 -2.44725e-06 8.92215e-09)
(-10 -2.24597e-06 -9.19461e-09)
(-10 -1.94033e-06 -1.43717e-08)
(-10 -1.51465e-06 -8.04227e-09)
(-10 -9.34001e-07 -5.01023e-09)
(-10 -1.68609e-07 -5.87783e-09)
(-10 8.22399e-07 -8.46164e-09)
(-10 2.08571e-06 -3.6503e-09)
(-10 4.44146e-06 -4.42552e-10)
(-10 -4.68838e-07 1.10037e-09)
(-10 -2.52928e-06 -1.08592e-07)
(-10 -2.58018e-06 -5.02059e-08)
(-10 -2.64133e-06 9.10481e-09)
(-10 -2.66139e-06 -2.58333e-08)
(-10 -2.6491e-06 -2.79905e-09)
(-10 -2.59349e-06 -9.54447e-09)
(-10 -2.47162e-06 -4.16224e-08)
(-10 -2.26763e-06 -1.58473e-08)
(-10 -1.96275e-06 -9.84449e-09)
(-10 -1.53166e-06 -1.31417e-08)
(-10 -9.54316e-07 -8.69429e-09)
(-10 -1.94131e-07 4.66747e-10)
(-10 7.91118e-07 6.45569e-09)
(-10 2.04545e-06 2.33591e-09)
(-10 4.38044e-06 1.30857e-09)
(-10 -4.54858e-07 -1.83603e-09)
(-10 -2.42411e-06 -6.97855e-08)
(-10 -2.58225e-06 -6.49921e-08)
(-10 -2.64548e-06 -2.33223e-08)
(-10 -2.67733e-06 1.20818e-08)
(-10 -2.65784e-06 -1.69048e-08)
(-10 -2.5973e-06 -2.28344e-08)
(-10 -2.46753e-06 -1.12239e-08)
(-10 -2.261e-06 -9.72445e-09)
(-10 -1.95487e-06 -1.84914e-08)
(-10 -1.53435e-06 -7.32854e-09)
(-10 -9.62006e-07 1.35798e-09)
(-10 -2.1012e-07 -3.37296e-10)
(-10 7.59361e-07 -3.44183e-09)
(-10 1.99444e-06 1.51542e-09)
(-10 4.28886e-06 3.18043e-09)
(-10 -4.52956e-07 -4.05229e-10)
(-10 -2.42386e-06 -6.94916e-08)
(-10 -2.55072e-06 -1.23142e-08)
(-10 -2.61572e-06 4.2238e-08)
(-10 -2.63911e-06 -2.08027e-08)
(-10 -2.61596e-06 2.31537e-08)
(-10 -2.56722e-06 -6.35407e-09)
(-10 -2.436e-06 -4.01501e-08)
(-10 -2.23026e-06 -3.99349e-09)
(-10 -1.93267e-06 -5.9703e-09)
(-10 -1.51189e-06 -1.77549e-08)
(-10 -9.54153e-07 -5.99475e-09)
(-10 -2.22749e-07 3.91098e-09)
(-10 7.238e-07 1.31353e-08)
(-10 1.92773e-06 9.40441e-09)
(-10 4.16147e-06 5.44855e-09)
(-10 -4.33973e-07 -1.2624e-09)
(-10 -2.33742e-06 2.22751e-08)
(-10 -2.507e-06 1.35577e-08)
(-10 -2.53215e-06 -2.03826e-09)
(-10 -2.57703e-06 6.99776e-09)
(-10 -2.56641e-06 -7.55267e-09)
(-10 -2.50352e-06 -1.31682e-08)
(-10 -2.37225e-06 1.04782e-08)
(-10 -2.17282e-06 -5.45648e-09)
(-10 -1.87664e-06 -2.14745e-08)
(-10 -1.47913e-06 -5.67025e-10)
(-10 -9.36825e-07 1.03774e-09)
(-10 -2.27355e-07 1.16419e-09)
(-10 6.86147e-07 5.12849e-09)
(-10 1.8491e-06 1.02086e-08)
(-10 4.00309e-06 7.19736e-09)
(-10 -4.1773e-07 1.05765e-11)
(-10 -2.28342e-06 -1.60813e-08)
(-10 -2.41077e-06 -2.6288e-10)
(-10 -2.46288e-06 3.73144e-08)
(-10 -2.48688e-06 -1.9627e-09)
(-10 -2.47216e-06 2.17859e-08)
(-10 -2.40894e-06 -1.95693e-09)
(-10 -2.28513e-06 -1.67298e-08)
(-10 -2.09109e-06 2.4414e-09)
(-10 -1.81418e-06 -3.13773e-09)
(-10 -1.42039e-06 -1.54286e-08)
(-10 -9.05349e-07 -2.17396e-09)
(-10 -2.29457e-07 1.00022e-08)
(-10 6.44386e-07 1.98813e-08)
(-10 1.75609e-06 1.69153e-08)
(-10 3.81289e-06 8.87378e-09)
(-10 -3.94672e-07 -2.67703e-10)
(-10 -2.16738e-06 4.20876e-08)
(-10 -2.30785e-06 1.05457e-10)
(-10 -2.33816e-06 -4.2773e-09)
(-10 -2.36688e-06 7.0905e-09)
(-10 -2.35362e-06 -1.37999e-09)
(-10 -2.29458e-06 -7.16716e-09)
(-10 -2.17338e-06 1.5025e-08)
(-10 -1.98853e-06 -2.65238e-09)
(-10 -1.71872e-06 -2.0678e-08)
(-10 -1.35945e-06 -1.66718e-09)
(-10 -8.68259e-07 4.78559e-09)
(-10 -2.26691e-07 8.04547e-09)
(-10 5.97601e-07 1.42505e-08)
(-10 1.64923e-06 1.74656e-08)
(-10 3.5926e-06 1.09006e-08)
(-10 -3.68869e-07 -2.50465e-10)
(-10 -2.04213e-06 -2.59479e-08)
(-10 -2.18085e-06 3.98806e-08)
(-10 -2.20575e-06 1.62452e-08)
(-10 -2.2273e-06 -1.91333e-08)
(-10 -2.21557e-06 1.07929e-09)
(-10 -2.14891e-06 4.73072e-09)
(-10 -2.03954e-06 -1.94976e-08)
(-10 -1.86877e-06 -3.84255e-09)
(-10 -1.62489e-06 -1.52848e-09)
(-10 -1.27421e-06 -1.26626e-08)
(-10 -8.19328e-07 1.86718e-09)
(-10 -2.25278e-07 1.56876e-08)
(-10 5.45598e-07 2.82216e-08)
(-10 1.52783e-06 2.20716e-08)
(-10 3.34329e-06 1.16044e-08)
(-10 -3.41226e-07 1.32699e-09)
(-10 -1.90055e-06 1.45967e-08)
(-10 -2.02357e-06 -1.7891e-08)
(-10 -2.04537e-06 -1.11162e-08)
(-10 -2.06058e-06 1.63624e-08)
(-10 -2.04275e-06 -7.52737e-09)
(-10 -1.99336e-06 -7.92532e-09)
(-10 -1.8875e-06 1.41619e-08)
(-10 -1.73458e-06 -2.76255e-09)
(-10 -1.50006e-06 -1.80523e-08)
(-10 -1.19151e-06 -3.09652e-10)
(-10 -7.70146e-07 6.97097e-09)
(-10 -2.20407e-07 1.23319e-08)
(-10 4.87038e-07 1.8769e-08)
(-10 1.39397e-06 2.22501e-08)
(-10 3.06607e-06 1.43461e-08)
(-10 -3.08085e-07 7.51153e-10)
(-10 -1.7469e-06 -1.33874e-08)
(-10 -1.83777e-06 4.94126e-09)
(-10 -1.86197e-06 -1.28235e-08)
(-10 -1.8758e-06 -1.27417e-08)
(-10 -1.86179e-06 2.41975e-08)
(-10 -1.80728e-06 3.58031e-10)
(-10 -1.72017e-06 -1.54402e-08)
(-10 -1.58015e-06 -3.90811e-09)
(-10 -1.38321e-06 -2.06069e-09)
(-10 -1.08709e-06 -9.66912e-09)
(-10 -7.09957e-07 3.72378e-09)
(-10 -2.16834e-07 1.73266e-08)
(-10 4.25858e-07 2.89298e-08)
(-10 1.24867e-06 2.62794e-08)
(-10 2.76332e-06 1.62183e-08)
(-10 -2.74815e-07 1.47232e-09)
(-10 -1.56654e-06 -1.21398e-08)
(-10 -1.63323e-06 -3.05444e-08)
(-10 -1.66244e-06 -1.72631e-08)
(-10 -1.66721e-06 9.45659e-09)
(-10 -1.65398e-06 -2.93447e-09)
(-10 -1.61769e-06 -6.50213e-09)
(-10 -1.53317e-06 1.00483e-08)
(-10 -1.42017e-06 -4.26955e-09)
(-10 -1.2291e-06 -1.39245e-08)
(-10 -9.84001e-07 -6.52132e-10)
(-10 -6.50085e-07 7.64463e-09)
(-10 -2.07736e-07 1.1754e-08)
(-10 3.62046e-07 2.04027e-08)
(-10 1.09375e-06 2.15335e-08)
(-10 2.43697e-06 1.88517e-08)
(-10 -2.36238e-07 2.4812e-09)
(-10 -1.35557e-06 -2.30033e-08)
(-10 -1.42251e-06 -9.35091e-09)
(-10 -1.43306e-06 -1.84824e-08)
(-10 -1.44548e-06 -1.35103e-08)
(-10 -1.43832e-06 1.72112e-08)
(-10 -1.39611e-06 5.09416e-09)
(-10 -1.33912e-06 -1.03284e-08)
(-10 -1.229e-06 -2.40106e-09)
(-10 -1.08644e-06 -2.20853e-10)
(-10 -8.57576e-07 -2.47108e-09)
(-10 -5.7241e-07 -1.99234e-09)
(-10 -1.96311e-07 1.22647e-08)
(-10 2.97177e-07 2.6546e-08)
(-10 9.30873e-07 2.43775e-08)
(-10 2.09051e-06 2.16581e-08)
(-10 -1.96944e-07 1.37758e-09)
(-10 -1.14232e-06 -1.61219e-08)
(-10 -1.18053e-06 -2.90662e-08)
(-10 -1.1944e-06 -1.32145e-08)
(-10 -1.20074e-06 3.78941e-09)
(-10 -1.19402e-06 9.70175e-10)
(-10 -1.17754e-06 -4.97075e-09)
(-10 -1.11361e-06 5.15835e-09)
(-10 -1.03859e-06 -4.83641e-09)
(-10 -8.99773e-07 -1.06666e-08)
(-10 -7.29391e-07 -2.42548e-10)
(-10 -4.93685e-07 4.52988e-09)
(-10 -1.76243e-07 8.65386e-09)
(-10 2.33127e-07 2.14626e-08)
(-10 7.61258e-07 2.41058e-08)
(-10 1.72754e-06 2.36856e-08)
(-10 -1.52609e-07 8.74552e-10)
(-10 -8.82968e-07 -2.6649e-08)
(-10 -9.213e-07 -1.45149e-08)
(-10 -9.31907e-07 -1.02072e-08)
(-10 -9.43225e-07 -4.2514e-09)
(-10 -9.47485e-07 1.07851e-08)
(-10 -9.19567e-07 3.26216e-09)
(-10 -8.80326e-07 -6.44134e-09)
(-10 -8.14843e-07 -2.69092e-09)
(-10 -7.22729e-07 3.62255e-09)
(-10 -5.7535e-07 -1.59337e-09)
(-10 -3.92473e-07 -4.40602e-09)
(-10 -1.48511e-07 7.98855e-09)
(-10 1.72014e-07 2.57533e-08)
(-10 5.80183e-07 2.84968e-08)
(-10 1.34374e-06 2.78802e-08)
(-10 -1.0333e-07 -1.18182e-09)
(-10 -5.65988e-07 -3.33196e-08)
(-10 -6.10737e-07 -2.67928e-08)
(-10 -6.36096e-07 -1.93817e-08)
(-10 -6.51055e-07 1.33995e-09)
(-10 -6.50678e-07 9.76933e-10)
(-10 -6.40298e-07 -6.89315e-09)
(-10 -6.13672e-07 5.39175e-11)
(-10 -5.69528e-07 -6.56633e-09)
(-10 -4.98918e-07 -6.3517e-09)
(-10 -4.10157e-07 -3.8841e-09)
(-10 -2.8013e-07 -1.63345e-09)
(-10 -1.06467e-07 4.92431e-09)
(-10 1.13196e-07 1.87781e-08)
(-10 3.85902e-07 2.51984e-08)
(-10 9.76728e-07 3.44989e-08)
(-10 -5.09135e-08 -6.2132e-10)
(-10 -3.25633e-07 -2.79491e-08)
(-10 -3.6343e-07 -1.95806e-08)
(-10 -3.78114e-07 -9.94316e-09)
(-10 -3.90153e-07 -1.38208e-09)
(-10 -3.92252e-07 4.7627e-09)
(-10 -3.81249e-07 3.37739e-09)
(-10 -3.65931e-07 -5.52068e-10)
(-10 -3.4259e-07 -1.28348e-09)
(-10 -3.03449e-07 -3.69678e-10)
(-10 -2.43465e-07 -6.27001e-09)
(-10 -1.67962e-07 -7.92352e-09)
(-10 -6.64076e-08 3.21368e-09)
(-10 5.86143e-08 1.7634e-08)
(-10 2.00609e-07 2.34014e-08)
(-10 6.52743e-07 4.18114e-08)
(-10 -5.4897e-09 -2.64967e-10)
(-10 -1.01354e-07 -4.05808e-08)
(-10 -1.09415e-07 -1.99018e-08)
(-10 -1.17883e-07 -1.82637e-08)
(-10 -1.18662e-07 -9.07823e-09)
(-10 -1.21776e-07 9.31986e-10)
(-10 -1.21511e-07 -9.00756e-10)
(-10 -1.19531e-07 2.62189e-09)
(-10 -1.11032e-07 2.10487e-09)
(-10 -9.87783e-08 1.35357e-10)
(-10 -8.6089e-08 -8.2323e-09)
(-10 -6.37706e-08 -8.55049e-09)
(-10 -3.29811e-08 3.06935e-09)
(-10 2.92065e-09 1.40712e-08)
(-10 4.14489e-08 1.59999e-08)
(-10 2.09023e-07 3.8497e-08)
(-10 1.78662e-08 -2.63648e-09)
(-10 -1.08613e-06 -3.80445e-10)
(-10 -7.51806e-07 1.08968e-08)
(-10 -2.70944e-07 4.64524e-09)
(-10 2.82485e-07 1.10281e-08)
(-10 1.00986e-06 -2.69281e-09)
(-10 1.92334e-06 -9.42769e-09)
(-10 3.61337e-06 -1.29064e-08)
(-10 -2.24459e-07 2.25152e-09)
(-10 -1.57258e-06 -2.39527e-08)
(-10 -1.59872e-06 -1.31218e-08)
(-10 -1.65586e-06 -3.0841e-08)
(-10 -1.69956e-06 -4.67224e-08)
(-10 -1.72803e-06 -7.41259e-08)
(-10 -1.70417e-06 -4.04072e-08)
(-10 -1.67386e-06 -2.67029e-08)
(-10 -1.58274e-06 -1.57619e-08)
(-10 -1.45012e-06 -2.42125e-09)
(-10 -1.18397e-06 1.06951e-08)
(-10 -8.24793e-07 2.53508e-09)
(-10 -3.93608e-07 9.46411e-09)
(-10 2.00616e-07 4.094e-09)
(-10 9.96781e-07 -4.25059e-11)
(-10 1.98739e-06 -3.29253e-09)
(-10 3.80187e-06 -1.11256e-08)
(-10 -2.8278e-07 -3.72307e-09)
(-10 -1.65892e-06 -2.74276e-08)
(-10 -1.74376e-06 -3.18886e-08)
(-10 -1.7976e-06 -3.75001e-08)
(-10 -1.86472e-06 -4.5995e-08)
(-10 -1.89809e-06 -3.89367e-08)
(-10 -1.90327e-06 -5.57376e-08)
(-10 -1.83605e-06 -5.65694e-08)
(-10 -1.7501e-06 -2.84812e-08)
(-10 -1.57488e-06 1.63273e-09)
(-10 -1.33439e-06 -7.24925e-09)
(-10 -9.57088e-07 -6.63453e-09)
(-10 -4.83719e-07 1.55239e-08)
(-10 1.58925e-07 7.03253e-09)
(-10 9.66744e-07 -2.13482e-09)
(-10 2.02012e-06 -1.59951e-09)
(-10 3.96699e-06 -1.10637e-08)
(-10 -3.14178e-07 2.19497e-09)
(-10 -1.75357e-06 -2.63418e-08)
(-10 -1.83969e-06 -3.79255e-08)
(-10 -1.92216e-06 -3.66721e-08)
(-10 -1.98962e-06 -3.36065e-08)
(-10 -2.03195e-06 -5.85277e-08)
(-10 -2.03475e-06 -3.3347e-08)
(-10 -1.98721e-06 -2.37575e-08)
(-10 -1.88039e-06 -1.15133e-08)
(-10 -1.72093e-06 2.39066e-09)
(-10 -1.43659e-06 4.80561e-09)
(-10 -1.07641e-06 -4.21911e-09)
(-10 -5.80754e-07 -2.43325e-09)
(-10 9.40404e-08 3.81562e-09)
(-10 9.54456e-07 -1.55464e-09)
(-10 2.06462e-06 -3.16357e-09)
(-10 4.11314e-06 -7.27778e-09)
(-10 -3.4401e-07 -3.53252e-09)
(-10 -1.81494e-06 -2.85731e-08)
(-10 -1.91449e-06 -3.07558e-08)
(-10 -2.02137e-06 -3.63573e-08)
(-10 -2.10576e-06 -3.73238e-08)
(-10 -2.15448e-06 -2.62007e-08)
(-10 -2.16187e-06 -2.68415e-08)
(-10 -2.11503e-06 -3.12561e-08)
(-10 -2.01556e-06 -1.99894e-08)
(-10 -1.82243e-06 1.7405e-09)
(-10 -1.56787e-06 -8.63684e-09)
(-10 -1.17882e-06 -7.5226e-09)
(-10 -6.47348e-07 3.8188e-09)
(-10 3.61411e-08 4.15174e-09)
(-10 9.39139e-07 -5.64416e-09)
(-10 2.08954e-06 -7.80677e-09)
(-10 4.23952e-06 -7.22557e-09)
(-10 -3.76566e-07 1.65966e-09)
(-10 -1.92739e-06 -1.9522e-08)
(-10 -2.02863e-06 -3.575e-08)
(-10 -2.14611e-06 -1.79363e-08)
(-10 -2.22183e-06 -1.44564e-08)
(-10 -2.27332e-06 -2.69177e-08)
(-10 -2.28159e-06 -2.99066e-08)
(-10 -2.23414e-06 -1.85037e-08)
(-10 -2.12294e-06 -4.21741e-09)
(-10 -1.94754e-06 -7.0638e-09)
(-10 -1.6587e-06 -7.2509e-09)
(-10 -1.26833e-06 -6.48705e-09)
(-10 -7.35528e-07 -6.72476e-09)
(-10 -8.36335e-09 -2.89109e-09)
(-10 9.21399e-07 -3.27683e-09)
(-10 2.11562e-06 -3.16732e-09)
(-10 4.34314e-06 -4.33045e-09)
(-10 -4.06122e-07 -1.25465e-09)
(-10 -2.07953e-06 -3.4915e-08)
(-10 -2.15657e-06 -2.03676e-08)
(-10 -2.27355e-06 -1.75724e-08)
(-10 -2.35358e-06 -1.72913e-08)
(-10 -2.38423e-06 -1.16997e-08)
(-10 -2.3827e-06 -2.025e-08)
(-10 -2.34005e-06 -1.65286e-08)
(-10 -2.23041e-06 -8.85944e-09)
(-10 -2.03277e-06 -6.3695e-09)
(-10 -1.75923e-06 -1.17254e-08)
(-10 -1.35495e-06 -1.29752e-08)
(-10 -7.87024e-07 3.1985e-09)
(-10 -5.84979e-08 9.43466e-10)
(-10 9.02769e-07 -6.21435e-09)
(-10 2.12675e-06 -6.47072e-09)
(-10 4.41865e-06 -3.60752e-09)
(-10 -4.30355e-07 4.93314e-10)
(-10 -2.22161e-06 -2.6508e-08)
(-10 -2.33416e-06 -2.88108e-08)
(-10 -2.41546e-06 -1.22655e-08)
(-10 -2.44835e-06 -4.07339e-09)
(-10 -2.48003e-06 -1.58601e-08)
(-10 -2.47901e-06 -6.64695e-09)
(-10 -2.43366e-06 -5.2974e-09)
(-10 -2.30375e-06 -6.34871e-09)
(-10 -2.13152e-06 -1.04398e-08)
(-10 -1.83385e-06 -2.47475e-09)
(-10 -1.4186e-06 -5.17301e-09)
(-10 -8.47973e-07 -1.04826e-08)
(-10 -9.6446e-08 -6.752e-09)
(-10 8.82486e-07 -3.15356e-09)
(-10 2.1306e-06 -1.77373e-09)
(-10 4.46469e-06 -1.22097e-09)
(-10 -4.5434e-07 1.61517e-10)
(-10 -2.46569e-06 -1.13999e-08)
(-10 -2.55161e-06 -5.83072e-09)
(-10 -2.56299e-06 -2.40882e-08)
(-10 -2.53424e-06 -2.66228e-08)
(-10 -2.54261e-06 -4.96526e-09)
(-10 -2.55247e-06 -1.14754e-08)
(-10 -2.49711e-06 -1.4597e-08)
(-10 -2.37741e-06 -1.34361e-08)
(-10 -2.20075e-06 -5.30765e-09)
(-10 -1.89179e-06 -1.14323e-08)
(-10 -1.47414e-06 -1.10049e-08)
(-10 -8.93034e-07 1.02881e-09)
(-10 -1.32211e-07 3.32323e-10)
(-10 8.57919e-07 -4.01797e-09)
(-10 2.11862e-06 -3.33638e-09)
(-10 4.47503e-06 -1.67773e-09)
(-10 -4.63534e-07 1.61073e-09)
(-10 -2.571e-06 -4.07121e-08)
(-10 -2.65623e-06 -1.426e-07)
(-10 -2.62344e-06 -6.63835e-08)
(-10 -2.60599e-06 -1.55604e-08)
(-10 -2.60296e-06 5.17654e-10)
(-10 -2.59225e-06 1.90258e-09)
(-10 -2.56593e-06 3.91976e-09)
(-10 -2.42186e-06 -6.88485e-09)
(-10 -2.24447e-06 -1.62158e-08)
(-10 -1.93928e-06 -7.61347e-09)
(-10 -1.50786e-06 -2.80776e-09)
(-10 -9.26046e-07 -4.97702e-09)
(-10 -1.62872e-07 -7.35861e-09)
(-10 8.3031e-07 -1.96119e-09)
(-10 2.09433e-06 -5.36791e-10)
(-10 4.45102e-06 9.84797e-10)
(-10 -4.66403e-07 -7.99349e-10)
(-10 -2.52516e-06 -1.21433e-07)
(-10 -2.55153e-06 -1.13854e-07)
(-10 -2.63765e-06 -6.85437e-08)
(-10 -2.65355e-06 -6.19525e-10)
(-10 -2.6556e-06 1.2998e-08)
(-10 -2.57858e-06 -1.12878e-08)
(-10 -2.46504e-06 -1.62729e-08)
(-10 -2.26278e-06 -5.14506e-09)
(-10 -1.95127e-06 -1.01933e-08)
(-10 -1.52837e-06 -8.81087e-09)
(-10 -9.50627e-07 9.18878e-10)
(-10 -1.85192e-07 1.17196e-09)
(-10 8.01804e-07 -1.94561e-09)
(-10 2.05646e-06 -1.59716e-09)
(-10 4.39149e-06 8.3331e-10)
(-10 -4.57811e-07 2.73147e-10)
(-10 -2.41736e-06 -1.59339e-07)
(-10 -2.48243e-06 -9.62723e-08)
(-10 -2.62378e-06 -5.73262e-08)
(-10 -2.6824e-06 -2.53838e-08)
(-10 -2.64463e-06 2.16941e-08)
(-10 -2.60107e-06 1.58746e-08)
(-10 -2.45317e-06 -7.45244e-09)
(-10 -2.25819e-06 -2.0148e-08)
(-10 -1.95918e-06 -7.65414e-09)
(-10 -1.52596e-06 1.52467e-09)
(-10 -9.52466e-07 -2.06437e-09)
(-10 -2.02398e-07 -4.79853e-09)
(-10 7.69625e-07 1.48307e-09)
(-10 2.00459e-06 2.90824e-09)
(-10 4.29959e-06 3.42756e-09)
(-10 -4.5282e-07 -8.09975e-10)
(-10 -2.30124e-06 -8.12675e-08)
(-10 -2.46477e-06 -2.983e-08)
(-10 -2.59447e-06 -1.71964e-08)
(-10 -2.646e-06 2.29734e-08)
(-10 -2.63947e-06 -2.47929e-09)
(-10 -2.55828e-06 -1.22323e-08)
(-10 -2.43529e-06 -1.74493e-08)
(-10 -2.22813e-06 -8.76876e-09)
(-10 -1.92049e-06 -5.52406e-09)
(-10 -1.51053e-06 -4.77575e-09)
(-10 -9.50985e-07 3.40907e-09)
(-10 -2.10827e-07 4.77215e-09)
(-10 7.37714e-07 2.56036e-09)
(-10 1.94037e-06 2.76676e-09)
(-10 4.17245e-06 3.68065e-09)
(-10 -4.34059e-07 8.8548e-10)
(-10 -2.26693e-06 -3.536e-08)
(-10 -2.46785e-06 1.87559e-08)
(-10 -2.55303e-06 -1.25411e-09)
(-10 -2.58159e-06 -5.04707e-09)
(-10 -2.55747e-06 1.26189e-08)
(-10 -2.5026e-06 1.72777e-08)
(-10 -2.36649e-06 -1.86932e-09)
(-10 -2.16632e-06 -1.89808e-08)
(-10 -1.88238e-06 -4.42082e-09)
(-10 -1.46954e-06 4.53981e-09)
(-10 -9.23856e-07 2.64151e-09)
(-10 -2.15413e-07 5.37072e-10)
(-10 6.98521e-07 7.96058e-09)
(-10 1.86003e-06 9.05479e-09)
(-10 4.01393e-06 6.24764e-09)
(-10 -4.17641e-07 -6.18988e-10)
(-10 -2.24003e-06 1.91032e-08)
(-10 -2.43079e-06 1.12196e-08)
(-10 -2.45373e-06 8.32386e-09)
(-10 -2.47753e-06 2.08702e-08)
(-10 -2.47669e-06 2.69686e-09)
(-10 -2.40345e-06 -6.66404e-09)
(-10 -2.28378e-06 -1.33712e-08)
(-10 -2.08824e-06 -6.36864e-09)
(-10 -1.79953e-06 -2.83479e-09)
(-10 -1.41828e-06 -2.30556e-10)
(-10 -8.99122e-07 8.57518e-09)
(-10 -2.15721e-07 9.66522e-09)
(-10 6.5882e-07 8.872e-09)
(-10 1.76764e-06 8.28218e-09)
(-10 3.82337e-06 6.98601e-09)
(-10 -3.94154e-07 7.04067e-10)
(-10 -2.18822e-06 1.55993e-08)
(-10 -2.3253e-06 2.44323e-08)
(-10 -2.3523e-06 7.9574e-09)
(-10 -2.36956e-06 -8.45272e-09)
(-10 -2.34862e-06 2.66714e-09)
(-10 -2.29013e-06 2.79134e-08)
(-10 -2.16483e-06 5.49131e-09)
(-10 -1.98069e-06 -1.15038e-08)
(-10 -1.72437e-06 2.98788e-09)
(-10 -1.34687e-06 7.19544e-09)
(-10 -8.53047e-07 2.64437e-09)
(-10 -2.17043e-07 4.55881e-09)
(-10 6.06785e-07 1.33759e-08)
(-10 1.6567e-06 1.393e-08)
(-10 3.60249e-06 9.41074e-09)
(-10 -3.68679e-07 -7.64757e-10)
(-10 -2.05768e-06 2.34495e-08)
(-10 -2.217e-06 -2.67174e-09)
(-10 -2.21631e-06 -1.2203e-08)
(-10 -2.22834e-06 3.88045e-09)
(-10 -2.21101e-06 1.29433e-08)
(-10 -2.14459e-06 2.75255e-09)
(-10 -2.03781e-06 -4.6275e-09)
(-10 -1.86595e-06 5.72098e-10)
(-10 -1.60689e-06 4.95842e-09)
(-10 -1.27101e-06 4.29534e-10)
(-10 -8.16554e-07 1.32626e-08)
(-10 -2.16363e-07 1.10287e-08)
(-10 5.53336e-07 1.33707e-08)
(-10 1.53765e-06 1.40661e-08)
(-10 3.35266e-06 1.05149e-08)
(-10 -3.40348e-07 1.02992e-09)
(-10 -1.92552e-06 -5.01701e-09)
(-10 -2.04212e-06 -4.92335e-09)
(-10 -2.05866e-06 -2.06066e-09)
(-10 -2.06634e-06 -3.22403e-09)
(-10 -2.04276e-06 8.25613e-09)
(-10 -1.98819e-06 1.7309e-08)
(-10 -1.88109e-06 5.04148e-09)
(-10 -1.72527e-06 -3.23029e-09)
(-10 -1.50411e-06 9.77029e-09)
(-10 -1.18064e-06 9.40236e-09)
(-10 -7.5842e-07 6.90049e-09)
(-10 -2.19415e-07 3.92019e-09)
(-10 4.89689e-07 1.51889e-08)
(-10 1.39682e-06 1.69238e-08)
(-10 3.075e-06 1.32368e-08)
(-10 -3.08808e-07 2.47292e-10)
(-10 -1.77242e-06 -1.03149e-08)
(-10 -1.85524e-06 -1.38815e-08)
(-10 -1.86719e-06 -1.15016e-08)
(-10 -1.8778e-06 1.64945e-08)
(-10 -1.86008e-06 7.29586e-09)
(-10 -1.80562e-06 1.97778e-09)
(-10 -1.72295e-06 -2.31686e-09)
(-10 -1.5791e-06 2.70628e-09)
(-10 -1.36053e-06 1.14345e-08)
(-10 -1.08368e-06 5.67741e-09)
(-10 -7.16118e-07 1.82589e-08)
(-10 -2.08333e-07 1.44699e-08)
(-10 4.22681e-07 7.70842e-09)
(-10 1.25377e-06 1.30559e-08)
(-10 2.77172e-06 1.50784e-08)
(-10 -2.74282e-07 2.61576e-09)
(-10 -1.57309e-06 -3.28153e-08)
(-10 -1.64117e-06 -2.51452e-08)
(-10 -1.66655e-06 -5.9972e-09)
(-10 -1.66995e-06 -1.0943e-09)
(-10 -1.6526e-06 1.14706e-08)
(-10 -1.61626e-06 1.69373e-08)
(-10 -1.53347e-06 1.00695e-08)
(-10 -1.40717e-06 2.71845e-09)
(-10 -1.2325e-06 6.56442e-09)
(-10 -9.78357e-07 1.00066e-08)
(-10 -6.41072e-07 6.11228e-09)
(-10 -2.14398e-07 -9.65444e-10)
(-10 3.61306e-07 1.38284e-08)
(-10 1.09452e-06 1.79477e-08)
(-10 2.44504e-06 1.81752e-08)
(-10 -2.38337e-07 1.28131e-09)
(-10 -1.36552e-06 -2.58494e-08)
(-10 -1.42552e-06 -2.60923e-08)
(-10 -1.43301e-06 -1.75582e-08)
(-10 -1.44464e-06 1.24808e-08)
(-10 -1.43724e-06 1.10673e-08)
(-10 -1.40038e-06 7.62885e-09)
(-10 -1.33769e-06 7.28179e-09)
(-10 -1.23226e-06 2.25223e-08)
(-10 -1.0639e-06 9.73434e-09)
(-10 -8.58421e-07 5.83877e-09)
(-10 -5.83904e-07 1.26639e-08)
(-10 -1.94729e-07 1.16829e-08)
(-10 2.95393e-07 2.99317e-09)
(-10 9.35311e-07 6.00709e-09)
(-10 2.09783e-06 2.04598e-08)
(-10 -1.96624e-07 3.25038e-09)
(-10 -1.11985e-06 -3.55467e-08)
(-10 -1.16662e-06 -2.79004e-08)
(-10 -1.19523e-06 -8.13141e-09)
(-10 -1.20521e-06 -3.35879e-10)
(-10 -1.19749e-06 1.09755e-08)
(-10 -1.17264e-06 2.12813e-08)
(-10 -1.11444e-06 1.92847e-08)
(-10 -1.02886e-06 1.08519e-08)
(-10 -9.03901e-07 1.71314e-08)
(-10 -7.29407e-07 1.0191e-08)
(-10 -4.88398e-07 -6.2845e-10)
(-10 -1.80798e-07 -6.56254e-09)
(-10 2.30138e-07 4.1877e-09)
(-10 7.62844e-07 1.03135e-08)
(-10 1.73522e-06 2.38933e-08)
(-10 -1.55792e-07 -5.86954e-10)
(-10 -8.8466e-07 -1.68368e-08)
(-10 -9.16698e-07 -1.69077e-08)
(-10 -9.3003e-07 -9.7685e-09)
(-10 -9.4525e-07 1.03221e-08)
(-10 -9.4854e-07 1.81855e-08)
(-10 -9.19027e-07 1.37594e-08)
(-10 -8.87105e-07 1.93294e-08)
(-10 -8.11967e-07 2.72016e-08)
(-10 -7.11386e-07 1.13593e-08)
(-10 -5.81622e-07 4.0219e-09)
(-10 -4.00343e-07 1.0025e-09)
(-10 -1.48915e-07 -2.25494e-09)
(-10 1.71922e-07 -1.86102e-09)
(-10 5.83171e-07 5.61022e-09)
(-10 1.34994e-06 2.73073e-08)
(-10 -1.03317e-07 -1.96805e-09)
(-10 -5.72385e-07 -2.70082e-08)
(-10 -6.04755e-07 -2.31384e-08)
(-10 -6.34481e-07 -9.45262e-09)
(-10 -6.558e-07 5.00027e-10)
(-10 -6.50221e-07 8.5013e-09)
(-10 -6.44284e-07 2.12405e-08)
(-10 -6.10244e-07 2.28392e-08)
(-10 -5.70326e-07 9.87283e-09)
(-10 -5.06707e-07 1.35577e-08)
(-10 -4.08454e-07 6.98506e-09)
(-10 -2.77787e-07 -1.35098e-08)
(-10 -1.10529e-07 -1.33996e-08)
(-10 1.09149e-07 2.12787e-09)
(-10 3.85058e-07 6.36744e-09)
(-10 9.87806e-07 3.00872e-08)
(-10 -5.25983e-08 -3.62206e-09)
(-10 -3.2986e-07 -1.7255e-08)
(-10 -3.64968e-07 -1.18564e-08)
(-10 -3.82236e-07 -1.08789e-08)
(-10 -3.87628e-07 4.96329e-09)
(-10 -3.96669e-07 1.72374e-08)
(-10 -3.82168e-07 1.77166e-08)
(-10 -3.75689e-07 1.66346e-08)
(-10 -3.40117e-07 2.23874e-08)
(-10 -3.01997e-07 1.07213e-08)
(-10 -2.50194e-07 3.46266e-09)
(-10 -1.72785e-07 -1.04588e-08)
(-10 -6.77597e-08 -6.23392e-09)
(-10 5.90592e-08 4.04628e-10)
(-10 2.00468e-07 1.60108e-09)
(-10 6.59215e-07 3.0139e-08)
(-10 -6.40195e-09 -3.27468e-09)
(-10 -1.02072e-07 -2.36063e-08)
(-10 -1.12886e-07 -1.20125e-08)
(-10 -1.20315e-07 -3.12665e-09)
(-10 -1.25664e-07 5.90727e-09)
(-10 -1.25054e-07 9.4322e-09)
(-10 -1.27589e-07 1.89242e-08)
(-10 -1.2e-07 2.57971e-08)
(-10 -1.145e-07 2.5702e-08)
(-10 -1.06861e-07 1.42987e-08)
(-10 -8.86064e-08 9.0088e-09)
(-10 -6.36598e-08 -7.52222e-09)
(-10 -3.48041e-08 -9.6351e-09)
(-10 1.71914e-09 -3.4091e-09)
(-10 4.05093e-08 6.50692e-10)
(-10 2.06902e-07 3.28133e-08)
(-10 2.00355e-08 -1.81033e-09)
(-10 -3.10983e-07 1.15411e-08)
(-10 2.58022e-07 1.91082e-09)
(-10 1.00031e-06 2.9305e-08)
(-10 1.96426e-06 -3.39421e-09)
(-10 3.6109e-06 -1.28369e-08)
(-10 -2.1648e-07 1.83538e-10)
(-10 -1.54993e-06 1.40667e-08)
(-10 -1.61278e-06 8.84859e-09)
(-10 -1.65253e-06 2.97393e-09)
(-10 -1.69194e-06 -6.50019e-09)
(-10 -1.71805e-06 -1.01568e-08)
(-10 -1.71151e-06 -7.88968e-09)
(-10 -1.66901e-06 -6.70252e-09)
(-10 -1.57868e-06 -8.40532e-09)
(-10 -1.3939e-06 -1.57293e-08)
(-10 -1.17355e-06 1.53974e-08)
(-10 -8.80729e-07 -6.01436e-09)
(-10 -4.11245e-07 9.46823e-09)
(-10 2.29993e-07 5.37678e-08)
(-10 1.00298e-06 8.85712e-09)
(-10 1.97835e-06 -2.45837e-09)
(-10 3.80301e-06 -6.72635e-09)
(-10 -2.81724e-07 -1.62312e-09)
(-10 -1.66271e-06 1.00251e-08)
(-10 -1.70087e-06 9.9967e-09)
(-10 -1.79781e-06 2.59339e-09)
(-10 -1.85378e-06 -6.06874e-09)
(-10 -1.88663e-06 -1.21598e-08)
(-10 -1.88396e-06 -1.51493e-08)
(-10 -1.83581e-06 -1.17189e-08)
(-10 -1.72374e-06 1.83481e-09)
(-10 -1.5659e-06 -1.34274e-09)
(-10 -1.33159e-06 -4.47644e-09)
(-10 -9.8561e-07 2.56042e-08)
(-10 -4.87343e-07 1.57165e-08)
(-10 1.55009e-07 9.48134e-09)
(-10 9.52441e-07 5.60451e-09)
(-10 2.01992e-06 -8.48949e-10)
(-10 3.96782e-06 -9.3295e-09)
(-10 -3.02687e-07 -2.63876e-09)
(-10 -1.73518e-06 -3.17606e-09)
(-10 -1.8139e-06 -6.15103e-09)
(-10 -1.91026e-06 -1.27688e-08)
(-10 -1.9799e-06 -1.65382e-08)
(-10 -2.02135e-06 -2.15403e-08)
(-10 -2.02467e-06 -2.00317e-08)
(-10 -1.97552e-06 -1.10364e-08)
(-10 -1.87147e-06 -1.51693e-08)
(-10 -1.69388e-06 -1.26459e-08)
(-10 -1.44807e-06 1.44103e-08)
(-10 -1.09027e-06 1.50002e-10)
(-10 -5.79224e-07 -2.08168e-09)
(-10 8.78607e-08 3.40536e-08)
(-10 9.49962e-07 8.32621e-09)
(-10 2.0546e-06 1.65728e-10)
(-10 4.11237e-06 -4.54491e-09)
(-10 -3.2159e-07 -1.33175e-09)
(-10 -1.79767e-06 -2.74702e-10)
(-10 -1.88315e-06 -2.85127e-09)
(-10 -2.00627e-06 -9.31371e-09)
(-10 -2.08509e-06 -1.42078e-08)
(-10 -2.134e-06 -1.54411e-08)
(-10 -2.14108e-06 -1.91792e-08)
(-10 -2.09754e-06 -1.41577e-08)
(-10 -1.99074e-06 7.16682e-09)
(-10 -1.81811e-06 -3.77392e-09)
(-10 -1.55663e-06 -6.28661e-09)
(-10 -1.17788e-06 2.04357e-08)
(-10 -6.49616e-07 4.51268e-09)
(-10 4.53053e-08 -7.22749e-09)
(-10 9.15825e-07 -1.17965e-09)
(-10 2.08861e-06 1.99064e-09)
(-10 4.23815e-06 -5.89213e-09)
(-10 -3.46473e-07 -2.5554e-09)
(-10 -1.90332e-06 -8.14321e-09)
(-10 -2.00971e-06 -1.21599e-08)
(-10 -2.12728e-06 -1.32814e-08)
(-10 -2.20372e-06 -1.15017e-08)
(-10 -2.25207e-06 -1.32637e-08)
(-10 -2.25898e-06 -1.00795e-08)
(-10 -2.21626e-06 -1.94972e-09)
(-10 -2.11077e-06 -7.82398e-09)
(-10 -1.92889e-06 -9.89066e-09)
(-10 -1.66274e-06 -4.54236e-10)
(-10 -1.26551e-06 -4.85377e-09)
(-10 -7.2966e-07 -6.74632e-09)
(-10 -1.80777e-08 2.0802e-08)
(-10 9.15974e-07 3.11934e-09)
(-10 2.10744e-06 -1.20748e-09)
(-10 4.34011e-06 -2.27282e-09)
(-10 -3.63526e-07 -1.22483e-09)
(-10 -2.03705e-06 -6.86479e-09)
(-10 -2.16044e-06 -1.27777e-08)
(-10 -2.2616e-06 -1.15451e-08)
(-10 -2.32465e-06 -1.04838e-08)
(-10 -2.363e-06 -6.68691e-09)
(-10 -2.36763e-06 -1.15985e-08)
(-10 -2.32576e-06 -7.3356e-09)
(-10 -2.2127e-06 5.15121e-09)
(-10 -2.03169e-06 -3.10591e-09)
(-10 -1.74689e-06 -5.20389e-09)
(-10 -1.34462e-06 1.77847e-08)
(-10 -7.90006e-07 2.37837e-09)
(-10 -5.59527e-08 -1.93027e-08)
(-10 8.90851e-07 -4.64057e-09)
(-10 2.12252e-06 3.10253e-09)
(-10 4.41481e-06 -3.47644e-09)
(-10 -3.80198e-07 -6.81585e-10)
(-10 -2.21585e-06 -1.90559e-08)
(-10 -2.31765e-06 -2.84665e-08)
(-10 -2.39546e-06 -1.25311e-08)
(-10 -2.43773e-06 -2.29622e-09)
(-10 -2.46406e-06 -3.75758e-09)
(-10 -2.46211e-06 -2.04728e-09)
(-10 -2.41539e-06 -1.33074e-09)
(-10 -2.30523e-06 -1.00792e-08)
(-10 -2.11692e-06 -3.22092e-09)
(-10 -1.81851e-06 -3.94418e-09)
(-10 -1.41929e-06 -1.88518e-08)
(-10 -8.46037e-07 -9.87563e-09)
(-10 -1.0342e-07 1.79243e-08)
(-10 8.77374e-07 9.2779e-10)
(-10 2.12385e-06 -2.75911e-09)
(-10 4.45856e-06 -1.24191e-09)
(-10 -3.91657e-07 -4.19452e-10)
(-10 -2.42627e-06 -2.52271e-08)
(-10 -2.58642e-06 -1.85314e-08)
(-10 -2.55887e-06 -9.52513e-09)
(-10 -2.50218e-06 -1.31111e-08)
(-10 -2.53166e-06 -2.06653e-09)
(-10 -2.53327e-06 -3.72412e-09)
(-10 -2.48679e-06 -5.94094e-09)
(-10 -2.37306e-06 -3.71133e-09)
(-10 -2.18181e-06 -6.86056e-09)
(-10 -1.88283e-06 -7.77922e-09)
(-10 -1.47209e-06 1.90425e-08)
(-10 -8.88428e-07 1.64742e-09)
(-10 -1.38678e-07 -2.27502e-08)
(-10 8.52072e-07 -5.76595e-09)
(-10 2.11218e-06 1.03365e-09)
(-10 4.469e-06 -2.51356e-09)
(-10 -3.98763e-07 1.26096e-09)
(-10 -2.55663e-06 -3.95848e-08)
(-10 -2.6673e-06 -6.63566e-08)
(-10 -2.68349e-06 -4.13363e-08)
(-10 -2.63149e-06 -1.26463e-08)
(-10 -2.60247e-06 -3.72969e-09)
(-10 -2.56489e-06 -3.24959e-09)
(-10 -2.52705e-06 -6.69184e-09)
(-10 -2.4308e-06 -1.06873e-08)
(-10 -2.22912e-06 -6.48736e-09)
(-10 -1.92518e-06 -3.49228e-09)
(-10 -1.50678e-06 -2.88109e-08)
(-10 -9.2712e-07 -1.04114e-08)
(-10 -1.66663e-07 1.79292e-08)
(-10 8.27114e-07 1.11614e-09)
(-10 2.09116e-06 -3.18575e-09)
(-10 4.44556e-06 5.84395e-10)
(-10 -4.04461e-07 -1.42562e-09)
(-10 -2.51287e-06 -5.31186e-08)
(-10 -2.5082e-06 -7.30659e-08)
(-10 -2.57724e-06 -7.04099e-08)
(-10 -2.64238e-06 -6.34519e-08)
(-10 -2.66067e-06 -1.33706e-08)
(-10 -2.61042e-06 1.05296e-09)
(-10 -2.57093e-06 -1.46885e-08)
(-10 -2.45095e-06 -5.70429e-09)
(-10 -2.25119e-06 -1.10396e-08)
(-10 -1.94506e-06 -9.79474e-09)
(-10 -1.53023e-06 2.00156e-08)
(-10 -9.4155e-07 1.88634e-09)
(-10 -1.89259e-07 -2.22022e-08)
(-10 7.9934e-07 -4.64493e-09)
(-10 2.05132e-06 1.58453e-09)
(-10 4.38659e-06 2.76566e-10)
(-10 -4.01662e-07 -3.36023e-11)
(-10 -2.40104e-06 -8.74027e-08)
(-10 -2.44845e-06 -1.02358e-07)
(-10 -2.52846e-06 -7.37231e-08)
(-10 -2.65708e-06 -1.91149e-08)
(-10 -2.66093e-06 1.29893e-08)
(-10 -2.57352e-06 -1.0718e-08)
(-10 -2.45904e-06 -1.96811e-08)
(-10 -2.25013e-06 -5.77103e-09)
(-10 -1.94664e-06 -3.68341e-09)
(-10 -1.52532e-06 -1.88777e-08)
(-10 -9.56003e-07 -9.78117e-09)
(-10 -2.02124e-07 2.00248e-08)
(-10 7.7038e-07 3.14492e-09)
(-10 2.00513e-06 3.04759e-10)
(-10 4.29527e-06 3.96136e-09)
(-10 -4.00018e-07 9.69197e-11)
(-10 -2.29686e-06 -1.03058e-07)
(-10 -2.36503e-06 -9.65169e-08)
(-10 -2.46391e-06 -6.8559e-08)
(-10 -2.63485e-06 -7.6535e-10)
(-10 -2.64003e-06 8.9428e-09)
(-10 -2.55512e-06 -1.63406e-08)
(-10 -2.42553e-06 -1.3541e-08)
(-10 -2.21904e-06 -8.81286e-09)
(-10 -1.92097e-06 -9.14916e-09)
(-10 -1.50968e-06 1.70164e-08)
(-10 -9.40789e-07 4.27209e-09)
(-10 -2.07187e-07 -1.63178e-08)
(-10 7.38255e-07 -1.40604e-09)
(-10 1.93601e-06 4.96921e-09)
(-10 4.16883e-06 1.6319e-09)
(-10 -3.87352e-07 3.83957e-09)
(-10 -2.21587e-06 -8.79524e-08)
(-10 -2.39861e-06 -6.18786e-08)
(-10 -2.51278e-06 -1.71613e-08)
(-10 -2.5809e-06 4.42487e-09)
(-10 -2.56267e-06 3.02186e-09)
(-10 -2.49107e-06 -4.98158e-09)
(-10 -2.36456e-06 -1.84196e-08)
(-10 -2.16594e-06 -8.18739e-09)
(-10 -1.87121e-06 -3.55531e-09)
(-10 -1.46565e-06 -1.22915e-08)
(-10 -9.23455e-07 -7.29962e-09)
(-10 -2.11532e-07 2.21209e-08)
(-10 7.02982e-07 5.98038e-09)
(-10 1.86348e-06 3.46172e-09)
(-10 4.01207e-06 5.21321e-09)
(-10 -3.79808e-07 1.28133e-09)
(-10 -2.14728e-06 -2.01045e-08)
(-10 -2.40417e-06 -8.77896e-09)
(-10 -2.45708e-06 -1.67648e-08)
(-10 -2.48137e-06 -5.29505e-09)
(-10 -2.46452e-06 -6.68286e-09)
(-10 -2.39947e-06 -1.32529e-08)
(-10 -2.27622e-06 -7.45131e-09)
(-10 -2.08161e-06 -3.90726e-09)
(-10 -1.80443e-06 -7.01017e-09)
(-10 -1.41262e-06 2.1259e-08)
(-10 -8.83775e-07 8.14026e-09)
(-10 -2.08885e-07 -7.38892e-09)
(-10 6.59722e-07 1.94181e-09)
(-10 1.76218e-06 6.91655e-09)
(-10 3.82113e-06 2.86344e-09)
(-10 -3.58676e-07 6.20878e-09)
(-10 -2.15734e-06 -1.29289e-08)
(-10 -2.34852e-06 -7.52611e-09)
(-10 -2.34378e-06 -1.08328e-08)
(-10 -2.36411e-06 -6.7964e-09)
(-10 -2.3454e-06 -3.25747e-09)
(-10 -2.28117e-06 -6.14143e-09)
(-10 -2.16303e-06 -1.28608e-08)
(-10 -1.98273e-06 -5.90833e-09)
(-10 -1.71027e-06 7.41733e-09)
(-10 -1.33923e-06 -1.02048e-08)
(-10 -8.53431e-07 -2.25041e-09)
(-10 -2.12516e-07 2.21819e-08)
(-10 6.08629e-07 9.71553e-09)
(-10 1.66038e-06 3.62343e-09)
(-10 3.60289e-06 6.83352e-09)
(-10 -3.47424e-07 2.23794e-09)
(-10 -2.07531e-06 -5.57383e-09)
(-10 -2.21918e-06 -7.83832e-09)
(-10 -2.2201e-06 -1.26176e-08)
(-10 -2.22837e-06 -1.0785e-08)
(-10 -2.20442e-06 -1.0045e-08)
(-10 -2.13963e-06 -9.23293e-09)
(-10 -2.02931e-06 -1.50102e-09)
(-10 -1.85569e-06 -2.86476e-09)
(-10 -1.60828e-06 -4.78246e-09)
(-10 -1.2626e-06 1.79431e-08)
(-10 -8.01059e-07 1.00898e-08)
(-10 -2.14687e-07 -2.73664e-09)
(-10 5.56668e-07 2.4004e-09)
(-10 1.5241e-06 8.28273e-09)
(-10 3.35247e-06 4.9203e-09)
(-10 -3.20161e-07 7.48663e-09)
(-10 -1.94074e-06 -2.51555e-08)
(-10 -2.05068e-06 -2.32198e-08)
(-10 -2.05374e-06 -1.58551e-08)
(-10 -2.06425e-06 -1.19039e-08)
(-10 -2.03786e-06 -9.51615e-09)
(-10 -1.97894e-06 -9.36475e-09)
(-10 -1.87784e-06 -9.68968e-09)
(-10 -1.71968e-06 -5.11189e-09)
(-10 -1.48532e-06 1.34646e-08)
(-10 -1.17419e-06 -6.77087e-10)
(-10 -7.64411e-07 -1.6383e-09)
(-10 -2.17127e-07 6.30371e-09)
(-10 4.84036e-07 1.0857e-08)
(-10 1.40143e-06 4.09782e-09)
(-10 3.07804e-06 9.01933e-09)
(-10 -3.06265e-07 3.84491e-09)
(-10 -1.76977e-06 -2.64227e-08)
(-10 -1.85508e-06 -2.6239e-08)
(-10 -1.87159e-06 -2.1353e-08)
(-10 -1.87425e-06 -1.42602e-08)
(-10 -1.85345e-06 -9.67364e-09)
(-10 -1.80138e-06 -1.14703e-08)
(-10 -1.70995e-06 3.85921e-09)
(-10 -1.56299e-06 -2.43055e-09)
(-10 -1.36231e-06 -6.31918e-09)
(-10 -1.08113e-06 2.00122e-09)
(-10 -7.02579e-07 9.08925e-09)
(-10 -2.21227e-07 -4.2529e-09)
(-10 4.29497e-07 -6.58904e-10)
(-10 1.23806e-06 5.82748e-09)
(-10 2.77314e-06 8.49148e-09)
(-10 -2.68206e-07 5.44671e-09)
(-10 -1.57715e-06 -4.47938e-08)
(-10 -1.64641e-06 -3.87046e-08)
(-10 -1.657e-06 -2.5702e-08)
(-10 -1.66489e-06 -1.91798e-08)
(-10 -1.64785e-06 -1.34536e-08)
(-10 -1.60584e-06 -9.38629e-09)
(-10 -1.52529e-06 -1.28305e-08)
(-10 -1.40225e-06 -7.8728e-09)
(-10 -1.21577e-06 1.7695e-08)
(-10 -9.737e-07 -3.05102e-09)
(-10 -6.54338e-07 -3.646e-09)
(-10 -2.09157e-07 4.78208e-09)
(-10 3.46907e-07 7.12767e-09)
(-10 1.09934e-06 1.55935e-09)
(-10 2.44891e-06 1.14828e-08)
(-10 -2.45734e-07 5.68104e-09)
(-10 -1.3517e-06 -4.35777e-08)
(-10 -1.40939e-06 -4.13118e-08)
(-10 -1.43198e-06 -3.41565e-08)
(-10 -1.43772e-06 -2.25497e-08)
(-10 -1.42833e-06 -1.62422e-08)
(-10 -1.39411e-06 -1.6238e-08)
(-10 -1.32673e-06 -9.03205e-09)
(-10 -1.21859e-06 8.47982e-09)
(-10 -1.06931e-06 -5.28434e-09)
(-10 -8.58566e-07 1.03402e-08)
(-10 -5.76751e-07 -1.56396e-09)
(-10 -2.04179e-07 -9.32749e-09)
(-10 2.9537e-07 -1.45645e-10)
(-10 9.23494e-07 1.14551e-09)
(-10 2.09901e-06 1.14313e-08)
(-10 -1.92149e-07 6.5149e-09)
(-10 -1.11157e-06 -5.39034e-08)
(-10 -1.16075e-06 -4.63496e-08)
(-10 -1.17978e-06 -3.40235e-08)
(-10 -1.19557e-06 -2.60332e-08)
(-10 -1.19074e-06 -1.90716e-08)
(-10 -1.16407e-06 -1.01613e-08)
(-10 -1.11018e-06 -6.13501e-09)
(-10 -1.02052e-06 -5.89647e-09)
(-10 -8.97372e-07 1.44359e-08)
(-10 -7.29821e-07 -4.23919e-09)
(-10 -4.9818e-07 -1.47275e-08)
(-10 -1.80621e-07 -4.47896e-09)
(-10 2.24687e-07 -2.17983e-09)
(-10 7.67961e-07 -8.452e-10)
(-10 1.73935e-06 1.39204e-08)
(-10 -1.64921e-07 8.55098e-09)
(-10 -8.65467e-07 -4.77881e-08)
(-10 -8.97603e-07 -4.84259e-08)
(-10 -9.29387e-07 -3.69285e-08)
(-10 -9.3981e-07 -2.71364e-08)
(-10 -9.43255e-07 -2.12204e-08)
(-10 -9.18462e-07 -1.66604e-08)
(-10 -8.76367e-07 6.17247e-09)
(-10 -8.11443e-07 9.58907e-09)
(-10 -7.19579e-07 -9.5278e-10)
(-10 -5.83838e-07 1.26967e-09)
(-10 -3.95855e-07 -5.43422e-09)
(-10 -1.49688e-07 -1.50143e-08)
(-10 1.68478e-07 -1.02958e-08)
(-10 5.76892e-07 -1.68884e-09)
(-10 1.35062e-06 1.42593e-08)
(-10 -9.72574e-08 9.72149e-09)
(-10 -5.63966e-07 -4.75598e-08)
(-10 -5.94852e-07 -4.67596e-08)
(-10 -6.20864e-07 -4.24456e-08)
(-10 -6.45627e-07 -2.82247e-08)
(-10 -6.43606e-07 -2.47352e-08)
(-10 -6.39321e-07 -1.66942e-08)
(-10 -6.1006e-07 2.73201e-11)
(-10 -5.68332e-07 -4.01303e-09)
(-10 -5.04604e-07 5.43712e-09)
(-10 -4.10846e-07 -9.7286e-09)
(-10 -2.84214e-07 -1.7411e-08)
(-10 -1.12083e-07 -1.1482e-08)
(-10 1.11847e-07 -6.93154e-09)
(-10 3.8761e-07 -2.5205e-09)
(-10 9.95567e-07 1.49827e-08)
(-10 -6.07933e-08 1.04771e-08)
(-10 -3.11105e-07 -3.84484e-08)
(-10 -3.48967e-07 -3.82101e-08)
(-10 -3.74597e-07 -3.09194e-08)
(-10 -3.88512e-07 -2.47059e-08)
(-10 -3.89801e-07 -2.19846e-08)
(-10 -3.83553e-07 -1.91913e-09)
(-10 -3.67816e-07 8.97768e-10)
(-10 -3.48093e-07 9.66792e-09)
(-10 -3.09975e-07 7.05621e-10)
(-10 -2.51625e-07 -5.82661e-09)
(-10 -1.68923e-07 -1.03633e-08)
(-10 -6.47903e-08 -1.31757e-08)
(-10 5.78484e-08 -8.35895e-09)
(-10 1.98259e-07 -6.86089e-10)
(-10 6.61782e-07 1.5167e-08)
(-10 3.70134e-09 1.16004e-08)
(-10 -9.72923e-08 -5.21615e-08)
(-10 -1.09313e-07 -4.0539e-08)
(-10 -1.18298e-07 -3.41676e-08)
(-10 -1.26007e-07 -2.18612e-08)
(-10 -1.25135e-07 -1.39046e-08)
(-10 -1.26627e-07 -2.93667e-09)
(-10 -1.24899e-07 6.10141e-09)
(-10 -1.19441e-07 8.19024e-09)
(-10 -1.05962e-07 3.24625e-09)
(-10 -8.88789e-08 -6.11278e-09)
(-10 -6.66339e-08 -1.2404e-08)
(-10 -3.53399e-08 -1.1155e-08)
(-10 3.3108e-09 -6.49853e-09)
(-10 4.37379e-08 -2.62019e-09)
(-10 2.06277e-07 1.35129e-08)
(-10 1.37423e-08 1.13858e-08)
(-10 1.69205e-06 4.1375e-09)
(-10 3.35672e-06 -3.50154e-09)
(-10 -2.2309e-07 -4.12089e-09)
(-10 -1.15034e-06 3.17153e-08)
(-10 -1.19119e-06 3.55609e-08)
(-10 -1.28798e-06 2.51274e-08)
(-10 -1.3499e-06 2.1498e-08)
(-10 -1.40285e-06 1.86545e-08)
(-10 -1.42898e-06 1.57356e-08)
(-10 -1.42546e-06 1.85835e-08)
(-10 -1.37915e-06 2.29963e-08)
(-10 -1.27318e-06 2.54971e-08)
(-10 -1.09344e-06 1.43488e-08)
(-10 -8.05455e-07 -6.08533e-09)
(-10 -4.17425e-07 8.20262e-09)
(-10 9.04338e-08 1.46071e-08)
(-10 8.36048e-07 -4.8769e-09)
(-10 1.7459e-06 5.69344e-10)
(-10 3.53616e-06 -2.14042e-09)
(-10 -2.70521e-07 -2.86993e-09)
(-10 -1.18453e-06 3.60325e-08)
(-10 -1.26408e-06 2.59758e-08)
(-10 -1.36911e-06 2.3614e-08)
(-10 -1.46335e-06 1.97156e-08)
(-10 -1.53088e-06 1.76563e-08)
(-10 -1.56762e-06 1.50683e-08)
(-10 -1.56638e-06 1.31928e-08)
(-10 -1.5161e-06 9.63994e-09)
(-10 -1.40412e-06 9.74267e-09)
(-10 -1.22006e-06 2.14585e-08)
(-10 -9.39149e-07 1.07912e-08)
(-10 -5.26435e-07 2.98095e-09)
(-10 4.05154e-08 6.05924e-09)
(-10 7.66771e-07 2.96421e-09)
(-10 1.79062e-06 8.87965e-09)
(-10 3.6887e-06 -1.96136e-09)
(-10 -2.99608e-07 -4.71705e-09)
(-10 -1.24488e-06 1.8844e-08)
(-10 -1.33106e-06 1.72335e-08)
(-10 -1.46227e-06 1.40875e-08)
(-10 -1.56543e-06 1.27375e-08)
(-10 -1.64331e-06 9.70028e-09)
(-10 -1.68849e-06 5.84965e-09)
(-10 -1.6907e-06 5.67126e-09)
(-10 -1.64089e-06 1.29924e-08)
(-10 -1.52675e-06 1.19959e-08)
(-10 -1.33162e-06 6.97395e-09)
(-10 -1.03545e-06 3.76633e-09)
(-10 -6.02361e-07 6.91247e-09)
(-10 -5.73683e-09 9.99842e-09)
(-10 7.51496e-07 7.08393e-10)
(-10 1.81587e-06 -2.45451e-09)
(-10 3.82427e-06 -2.64033e-09)
(-10 -3.33309e-07 -2.70636e-10)
(-10 -1.26801e-06 2.3166e-08)
(-10 -1.37149e-06 1.46707e-08)
(-10 -1.52831e-06 1.13776e-08)
(-10 -1.642e-06 1.00558e-08)
(-10 -1.72967e-06 9.56791e-09)
(-10 -1.78362e-06 8.38433e-09)
(-10 -1.79257e-06 5.28364e-09)
(-10 -1.74596e-06 1.10283e-09)
(-10 -1.63322e-06 4.70387e-09)
(-10 -1.43014e-06 1.50204e-08)
(-10 -1.1264e-06 5.20566e-09)
(-10 -6.78716e-07 3.00663e-09)
(-10 -7.21647e-08 3.08415e-10)
(-10 7.5048e-07 2.74303e-09)
(-10 1.82891e-06 2.85211e-09)
(-10 3.94114e-06 -2.23719e-09)
(-10 -3.6407e-07 -3.14958e-09)
(-10 -1.35048e-06 9.48161e-09)
(-10 -1.46447e-06 7.74797e-09)
(-10 -1.63074e-06 7.38635e-09)
(-10 -1.74308e-06 6.87215e-09)
(-10 -1.83176e-06 5.77971e-09)
(-10 -1.88783e-06 2.91173e-09)
(-10 -1.89912e-06 2.11709e-09)
(-10 -1.85274e-06 8.16534e-09)
(-10 -1.73463e-06 7.42572e-09)
(-10 -1.52984e-06 -2.19569e-09)
(-10 -1.20972e-06 3.05939e-09)
(-10 -7.39675e-07 4.24174e-09)
(-10 -1.1894e-07 7.29799e-09)
(-10 7.24671e-07 6.26274e-10)
(-10 1.85264e-06 -7.74849e-10)
(-10 4.03652e-06 -1.74155e-09)
(-10 -3.9438e-07 -7.3493e-10)
(-10 -1.46288e-06 1.28447e-08)
(-10 -1.59613e-06 5.1329e-09)
(-10 -1.7476e-06 4.05624e-09)
(-10 -1.8504e-06 5.4301e-09)
(-10 -1.93e-06 6.06466e-09)
(-10 -1.98545e-06 5.81309e-09)
(-10 -1.99633e-06 4.3641e-09)
(-10 -1.94836e-06 4.12026e-09)
(-10 -1.83474e-06 2.284e-09)
(-10 -1.60982e-06 6.04944e-09)
(-10 -1.28679e-06 2.19031e-09)
(-10 -8.05177e-07 7.72913e-10)
(-10 -1.68164e-07 -3.25888e-09)
(-10 7.15542e-07 2.09252e-10)
(-10 1.86009e-06 -1.05893e-10)
(-10 4.10659e-06 -1.97317e-09)
(-10 -4.19939e-07 -1.38293e-10)
(-10 -1.60568e-06 -6.89726e-09)
(-10 -1.77007e-06 -4.02418e-09)
(-10 -1.87801e-06 -1.93862e-09)
(-10 -1.94936e-06 -5.688e-10)
(-10 -2.02336e-06 1.51931e-09)
(-10 -2.07267e-06 -8.87934e-10)
(-10 -2.0819e-06 -4.23249e-10)
(-10 -2.03314e-06 6.45263e-10)
(-10 -1.9015e-06 1.03191e-09)
(-10 -1.69411e-06 -4.23806e-09)
(-10 -1.35239e-06 -3.26047e-09)
(-10 -8.52023e-07 -1.91522e-10)
(-10 -2.09872e-07 8.7579e-09)
(-10 6.91992e-07 9.02194e-10)
(-10 1.86134e-06 -3.58479e-10)
(-10 4.14764e-06 -5.4273e-10)
(-10 -4.40007e-07 -8.92408e-10)
(-10 -1.8687e-06 5.39913e-09)
(-10 -2.00845e-06 -1.72981e-08)
(-10 -2.04546e-06 -6.20103e-09)
(-10 -2.04748e-06 -1.27217e-09)
(-10 -2.06108e-06 8.75069e-10)
(-10 -2.14e-06 -1.06325e-10)
(-10 -2.15254e-06 -1.59602e-09)
(-10 -2.09632e-06 -2.33915e-09)
(-10 -1.97043e-06 -3.05145e-09)
(-10 -1.75541e-06 3.63009e-09)
(-10 -1.40509e-06 -1.79891e-09)
(-10 -9.1153e-07 -2.10614e-09)
(-10 -2.35209e-07 -4.9313e-09)
(-10 6.70572e-07 3.06881e-09)
(-10 1.85176e-06 1.10067e-09)
(-10 4.15766e-06 -7.07121e-10)
(-10 -4.53621e-07 -1.37975e-10)
(-10 -1.95308e-06 -1.73221e-08)
(-10 -2.12489e-06 -8.1307e-09)
(-10 -2.16302e-06 -8.59935e-09)
(-10 -2.15e-06 -1.12754e-08)
(-10 -2.14214e-06 -4.60185e-09)
(-10 -2.17102e-06 -4.34424e-09)
(-10 -2.19352e-06 -5.8543e-09)
(-10 -2.15242e-06 -2.21815e-09)
(-10 -2.0163e-06 -3.56221e-09)
(-10 -1.79705e-06 -1.11558e-08)
(-10 -1.44343e-06 -7.2545e-09)
(-10 -9.35102e-07 -2.63199e-09)
(-10 -2.6879e-07 7.57408e-09)
(-10 6.47086e-07 6.41267e-10)
(-10 1.82756e-06 1.78828e-10)
(-10 4.13439e-06 1.0811e-09)
(-10 -4.54662e-07 -1.26742e-10)
(-10 -1.93207e-06 -5.19581e-08)
(-10 -1.91886e-06 -4.79684e-08)
(-10 -2.05285e-06 -1.66215e-08)
(-10 -2.2034e-06 -7.99234e-09)
(-10 -2.22136e-06 -1.03763e-08)
(-10 -2.20903e-06 -5.88159e-09)
(-10 -2.23803e-06 -5.64922e-09)
(-10 -2.18085e-06 -1.36106e-08)
(-10 -2.04403e-06 -9.50497e-09)
(-10 -1.81957e-06 2.24664e-09)
(-10 -1.46603e-06 -3.83589e-09)
(-10 -9.64082e-07 -3.26518e-09)
(-10 -2.84277e-07 -5.38678e-09)
(-10 6.21306e-07 2.47048e-09)
(-10 1.7966e-06 1.88351e-09)
(-10 4.07837e-06 5.17523e-10)
(-10 -4.49509e-07 2.91259e-10)
(-10 -1.77586e-06 -3.18471e-08)
(-10 -1.85593e-06 -1.86297e-08)
(-10 -1.94402e-06 -3.3367e-08)
(-10 -2.10144e-06 -4.28263e-08)
(-10 -2.2241e-06 -1.15252e-08)
(-10 -2.26235e-06 -7.40599e-09)
(-10 -2.2521e-06 -1.16877e-08)
(-10 -2.18781e-06 -3.51474e-09)
(-10 -2.0472e-06 -7.44391e-09)
(-10 -1.8199e-06 -1.58074e-08)
(-10 -1.46659e-06 -8.61901e-09)
(-10 -9.67109e-07 -3.71456e-09)
(-10 -2.95043e-07 6.37213e-09)
(-10 5.97658e-07 5.68059e-10)
(-10 1.74805e-06 -2.19026e-10)
(-10 3.99091e-06 1.83107e-09)
(-10 -4.36366e-07 -8.68705e-11)
(-10 -1.7847e-06 -8.5218e-08)
(-10 -1.85007e-06 -6.75771e-08)
(-10 -1.98704e-06 -5.46163e-08)
(-10 -2.2002e-06 -1.80631e-08)
(-10 -2.26713e-06 2.36881e-09)
(-10 -2.23859e-06 -7.79247e-09)
(-10 -2.16794e-06 -1.67937e-08)
(-10 -2.02659e-06 -1.33772e-08)
(-10 -1.79591e-06 1.89763e-09)
(-10 -1.44982e-06 -2.03912e-09)
(-10 -9.56941e-07 -5.15523e-09)
(-10 -3.00311e-07 -7.43158e-09)
(-10 5.68516e-07 -1.33293e-09)
(-10 1.69521e-06 3.97377e-09)
(-10 3.87323e-06 6.30168e-10)
(-10 -4.22731e-07 1.8914e-09)
(-10 -1.63004e-06 -4.8253e-08)
(-10 -1.83525e-06 -6.1692e-08)
(-10 -1.95576e-06 -3.96234e-08)
(-10 -2.16422e-06 -1.05039e-08)
(-10 -2.22294e-06 -1.43506e-08)
(-10 -2.1925e-06 -1.48444e-08)
(-10 -2.12019e-06 -1.03625e-08)
(-10 -1.98085e-06 -1.01449e-08)
(-10 -1.75263e-06 -1.43427e-08)
(-10 -1.41149e-06 -9.15869e-09)
(-10 -9.37614e-07 -3.34895e-09)
(-10 -2.95639e-07 3.37905e-09)
(-10 5.39593e-07 5.46725e-10)
(-10 1.61888e-06 -2.124e-10)
(-10 3.72541e-06 2.02653e-09)
(-10 -4.01996e-07 2.56993e-11)
(-10 -1.5914e-06 -3.64151e-08)
(-10 -1.8763e-06 -3.24128e-08)
(-10 -1.99458e-06 -1.7025e-08)
(-10 -2.10643e-06 -1.86668e-08)
(-10 -2.13291e-06 -1.6152e-08)
(-10 -2.11305e-06 -1.2157e-08)
(-10 -2.04356e-06 -1.73404e-08)
(-10 -1.90793e-06 -1.27136e-08)
(-10 -1.68469e-06 4.18819e-09)
(-10 -1.35771e-06 5.63428e-09)
(-10 -9.00025e-07 -2.82505e-09)
(-10 -2.98247e-07 -9.6854e-09)
(-10 4.99489e-07 2.66388e-10)
(-10 1.54104e-06 2.6247e-09)
(-10 3.54874e-06 3.25077e-10)
(-10 -3.82225e-07 4.86347e-09)
(-10 -1.69381e-06 -1.71862e-08)
(-10 -1.88086e-06 -1.7522e-08)
(-10 -1.92611e-06 -2.90554e-08)
(-10 -2.00118e-06 -2.03016e-08)
(-10 -2.02852e-06 -1.74469e-08)
(-10 -2.0114e-06 -1.56222e-08)
(-10 -1.94474e-06 -1.13485e-08)
(-10 -1.81312e-06 -1.03901e-08)
(-10 -1.6007e-06 -1.27072e-08)
(-10 -1.28886e-06 -7.98352e-09)
(-10 -8.65725e-07 1.83523e-09)
(-10 -2.84997e-07 5.08965e-09)
(-10 4.59005e-07 -4.72963e-09)
(-10 1.43331e-06 -3.52107e-10)
(-10 3.34321e-06 2.55684e-09)
(-10 -3.53911e-07 1.60502e-10)
(-10 -1.60744e-06 -4.31438e-08)
(-10 -1.81602e-06 -2.63502e-08)
(-10 -1.83522e-06 -1.14849e-08)
(-10 -1.88981e-06 -1.90812e-08)
(-10 -1.90766e-06 -1.5579e-08)
(-10 -1.888e-06 -1.36012e-08)
(-10 -1.8249e-06 -1.70527e-08)
(-10 -1.69849e-06 -1.24954e-08)
(-10 -1.50036e-06 7.23028e-09)
(-10 -1.21541e-06 8.24579e-10)
(-10 -8.08307e-07 -5.499e-09)
(-10 -2.9827e-07 -8.77577e-09)
(-10 4.01932e-07 2.37265e-10)
(-10 1.33177e-06 2.62547e-09)
(-10 3.11108e-06 8.52993e-10)
(-10 -3.29958e-07 5.7369e-09)
(-10 -1.51918e-06 -2.31986e-08)
(-10 -1.68215e-06 -2.20313e-08)
(-10 -1.71251e-06 -2.98348e-08)
(-10 -1.75317e-06 -2.12055e-08)
(-10 -1.76573e-06 -1.89572e-08)
(-10 -1.74713e-06 -1.74646e-08)
(-10 -1.68638e-06 -1.2368e-08)
(-10 -1.57167e-06 -8.84173e-09)
(-10 -1.39129e-06 -1.2578e-08)
(-10 -1.12975e-06 -8.70982e-09)
(-10 -7.78473e-07 -9.71497e-10)
(-10 -2.80636e-07 1.81768e-09)
(-10 3.57851e-07 -4.14189e-09)
(-10 1.19618e-06 -2.59676e-10)
(-10 2.85273e-06 2.48894e-09)
(-10 -2.94656e-07 3.84324e-09)
(-10 -1.39814e-06 -4.16731e-08)
(-10 -1.51877e-06 -3.37276e-08)
(-10 -1.55091e-06 -1.87231e-08)
(-10 -1.59127e-06 -2.18765e-08)
(-10 -1.60339e-06 -1.94048e-08)
(-10 -1.58777e-06 -1.62454e-08)
(-10 -1.53273e-06 -1.72869e-08)
(-10 -1.43006e-06 -1.36753e-08)
(-10 -1.26903e-06 5.93517e-09)
(-10 -1.04135e-06 -3.18173e-09)
(-10 -7.12199e-07 -9.33465e-09)
(-10 -2.86626e-07 -9.97524e-09)
(-10 2.86656e-07 -1.03595e-09)
(-10 1.08063e-06 5.05087e-09)
(-10 2.5716e-06 2.11248e-09)
(-10 -2.68087e-07 4.43912e-09)
(-10 -1.23725e-06 -3.09261e-08)
(-10 -1.33202e-06 -3.07323e-08)
(-10 -1.37928e-06 -3.44212e-08)
(-10 -1.41124e-06 -2.56721e-08)
(-10 -1.42487e-06 -2.29772e-08)
(-10 -1.41276e-06 -2.07896e-08)
(-10 -1.36667e-06 -1.47512e-08)
(-10 -1.27874e-06 -9.34808e-09)
(-10 -1.14132e-06 -1.55007e-08)
(-10 -9.42021e-07 -1.23978e-08)
(-10 -6.64645e-07 -8.4452e-09)
(-10 -2.78289e-07 -6.05971e-09)
(-10 2.55965e-07 -4.98608e-10)
(-10 9.31943e-07 -6.37337e-11)
(-10 2.2677e-06 2.61112e-09)
(-10 -2.25602e-07 5.13461e-09)
(-10 -1.06062e-06 -4.66401e-08)
(-10 -1.14458e-06 -4.03452e-08)
(-10 -1.17881e-06 -2.72573e-08)
(-10 -1.21594e-06 -2.8554e-08)
(-10 -1.23173e-06 -2.4841e-08)
(-10 -1.22448e-06 -2.03897e-08)
(-10 -1.18749e-06 -1.82394e-08)
(-10 -1.1123e-06 -1.72474e-08)
(-10 -9.92513e-07 -4.46049e-09)
(-10 -8.38744e-07 -5.44019e-09)
(-10 -5.84146e-07 -1.21415e-08)
(-10 -2.55753e-07 -1.03354e-08)
(-10 1.88637e-07 -3.84203e-09)
(-10 8.06152e-07 3.70919e-09)
(-10 1.94655e-06 2.91347e-09)
(-10 -1.94151e-07 2.92963e-09)
(-10 -8.59816e-07 -3.91221e-08)
(-10 -9.2371e-07 -3.89204e-08)
(-10 -9.78868e-07 -3.88726e-08)
(-10 -1.0094e-06 -3.21668e-08)
(-10 -1.02679e-06 -2.80892e-08)
(-10 -1.02316e-06 -2.42605e-08)
(-10 -9.94862e-07 -2.09191e-08)
(-10 -9.34505e-07 -1.45638e-08)
(-10 -8.50107e-07 -2.04087e-08)
(-10 -7.03594e-07 -1.63566e-08)
(-10 -5.12598e-07 -9.66021e-09)
(-10 -2.2833e-07 -8.08543e-09)
(-10 1.5694e-07 5.91976e-10)
(-10 6.52368e-07 -3.92234e-09)
(-10 1.60939e-06 3.22066e-09)
(-10 -1.44145e-07 3.80414e-09)
(-10 -6.72327e-07 -4.84275e-08)
(-10 -7.16453e-07 -4.75288e-08)
(-10 -7.57852e-07 -3.75024e-08)
(-10 -7.95933e-07 -3.42945e-08)
(-10 -8.06848e-07 -2.98842e-08)
(-10 -8.10795e-07 -2.35655e-08)
(-10 -7.86135e-07 -2.18055e-08)
(-10 -7.47583e-07 -1.97398e-08)
(-10 -6.69859e-07 -1.71854e-08)
(-10 -5.72142e-07 -6.33082e-09)
(-10 -4.01251e-07 -1.25291e-08)
(-10 -1.87594e-07 -1.30382e-08)
(-10 1.0864e-07 -6.02845e-09)
(-10 4.99904e-07 8.31377e-10)
(-10 1.25061e-06 3.07118e-09)
(-10 -9.8261e-08 3.68648e-09)
(-10 -4.17441e-07 -4.4928e-08)
(-10 -4.62732e-07 -4.36567e-08)
(-10 -5.06201e-07 -4.39175e-08)
(-10 -5.30519e-07 -3.78167e-08)
(-10 -5.57081e-07 -3.18415e-08)
(-10 -5.52768e-07 -2.71554e-08)
(-10 -5.48721e-07 -2.43668e-08)
(-10 -5.16689e-07 -2.20148e-08)
(-10 -4.81965e-07 -1.80466e-08)
(-10 -3.98027e-07 -1.8087e-08)
(-10 -2.93061e-07 -1.45037e-08)
(-10 -1.30556e-07 -1.07812e-08)
(-10 7.01113e-08 -1.83257e-09)
(-10 3.25917e-07 -3.92745e-09)
(-10 9.21464e-07 3.72484e-09)
(-10 -4.14354e-08 5.14858e-09)
(-10 -2.30016e-07 -4.51812e-08)
(-10 -2.6883e-07 -4.38955e-08)
(-10 -3.00112e-07 -3.83776e-08)
(-10 -3.21642e-07 -3.74551e-08)
(-10 -3.28993e-07 -3.0939e-08)
(-10 -3.40338e-07 -2.58798e-08)
(-10 -3.30963e-07 -2.42077e-08)
(-10 -3.23367e-07 -2.03454e-08)
(-10 -2.9015e-07 -1.9576e-08)
(-10 -2.43452e-07 -9.06719e-09)
(-10 -1.71221e-07 -1.29015e-08)
(-10 -8.06733e-08 -9.3487e-09)
(-10 3.67026e-08 -6.06387e-09)
(-10 1.69585e-07 -1.83705e-09)
(-10 6.11088e-07 5.78524e-09)
(-10 -3.14252e-10 4.43501e-09)
(-10 -7.04948e-08 -4.7714e-08)
(-10 -8.08111e-08 -4.41471e-08)
(-10 -9.68362e-08 -4.17547e-08)
(-10 -1.0665e-07 -3.6906e-08)
(-10 -1.09924e-07 -3.18628e-08)
(-10 -1.12721e-07 -2.86236e-08)
(-10 -1.15369e-07 -2.07753e-08)
(-10 -1.10217e-07 -1.95741e-08)
(-10 -1.03743e-07 -1.33484e-08)
(-10 -8.91194e-08 -1.48736e-08)
(-10 -6.83281e-08 -1.37495e-08)
(-10 -3.6484e-08 -1.09886e-08)
(-10 -8.77466e-10 -5.55116e-09)
(-10 3.3549e-08 -4.09241e-09)
(-10 1.93605e-07 6.94769e-09)
(-10 2.04466e-08 6.17149e-09)
)
;

boundaryField
{
    frontAndBack
    {
        type            slip;
    }
    inlet
    {
        type            fixedValue;
        value           uniform (-10 0 0);
    }
    outlet
    {
        type            inletOutlet;
        inletValue      uniform (0 0 0);
        value           nonuniform List<vector> 
250
(
(-10 1.85426e-08 -3.38448e-08)
(-10 3.67242e-08 -5.206e-08)
(-10 9.77204e-08 -5.94803e-08)
(-10 1.40313e-07 -6.16778e-08)
(-10 1.95036e-07 -5.78903e-08)
(-10 2.45733e-07 -5.65329e-08)
(-10 3.07945e-07 -5.18042e-08)
(-10 3.71939e-07 -4.69292e-08)
(-10 4.5261e-07 -4.05151e-08)
(-10 5.42058e-07 -3.59519e-08)
(-10 6.49002e-07 -2.79984e-08)
(-10 7.62647e-07 -2.05805e-08)
(-10 8.81449e-07 -1.221e-08)
(-10 9.90626e-07 -8.58084e-09)
(-10 1.07799e-06 3.57866e-09)
(-10 1.12937e-06 8.86146e-09)
(-10 1.14294e-06 1.65333e-08)
(-10 1.12466e-06 1.87809e-08)
(-10 1.08941e-06 3.20336e-08)
(-10 1.06206e-06 3.46766e-08)
(-10 1.08114e-06 4.72231e-08)
(-10 1.17812e-06 5.17746e-08)
(-10 1.34014e-06 4.87605e-08)
(-10 1.41975e-06 1.49117e-08)
(-10 1.36216e-06 -1.2853e-08)
(-10 1.19423e-06 -1.03615e-08)
(-10 1.51965e-08 -1.26598e-07)
(-10 4.39599e-08 -1.72805e-07)
(-10 1.13605e-07 -1.67105e-07)
(-10 1.57963e-07 -1.61615e-07)
(-10 2.15943e-07 -1.51298e-07)
(-10 2.7042e-07 -1.4366e-07)
(-10 3.38243e-07 -1.28717e-07)
(-10 4.07673e-07 -1.16919e-07)
(-10 4.93738e-07 -9.71943e-08)
(-10 5.85349e-07 -8.35074e-08)
(-10 6.92558e-07 -6.0163e-08)
(-10 8.03969e-07 -4.35046e-08)
(-10 9.18619e-07 -1.95834e-08)
(-10 1.02387e-06 -5.37627e-09)
(-10 1.10907e-06 1.64394e-08)
(-10 1.15774e-06 3.1294e-08)
(-10 1.16093e-06 5.38106e-08)
(-10 1.12557e-06 7.80426e-08)
(-10 1.07339e-06 9.30419e-08)
(-10 1.02674e-06 1.03163e-07)
(-10 1.02347e-06 1.20872e-07)
(-10 1.1031e-06 1.1397e-07)
(-10 1.25948e-06 8.70517e-08)
(-10 1.33298e-06 4.50282e-08)
(-10 1.27906e-06 -7.7076e-09)
(-10 1.11919e-06 -1.87865e-08)
(-10 2.44665e-08 -1.49029e-07)
(-10 6.2377e-08 -1.99503e-07)
(-10 1.28481e-07 -1.91395e-07)
(-10 1.76647e-07 -1.84365e-07)
(-10 2.37745e-07 -1.70847e-07)
(-10 2.9794e-07 -1.64063e-07)
(-10 3.7088e-07 -1.44476e-07)
(-10 4.47196e-07 -1.33571e-07)
(-10 5.3902e-07 -1.06844e-07)
(-10 6.36147e-07 -9.24723e-08)
(-10 7.45688e-07 -6.16529e-08)
(-10 8.56993e-07 -4.70401e-08)
(-10 9.70543e-07 -1.58014e-08)
(-10 1.07457e-06 -1.49825e-09)
(-10 1.15796e-06 2.81132e-08)
(-10 1.2049e-06 4.45436e-08)
(-10 1.20332e-06 8.16406e-08)
(-10 1.16314e-06 9.56001e-08)
(-10 1.08923e-06 1.20604e-07)
(-10 1.01833e-06 1.2876e-07)
(-10 9.94128e-07 1.56031e-07)
(-10 1.04844e-06 1.4672e-07)
(-10 1.17782e-06 1.25246e-07)
(-10 1.24156e-06 6.9123e-08)
(-10 1.21066e-06 2.94332e-08)
(-10 1.0843e-06 -1.42201e-08)
(-10 3.22038e-08 -1.05805e-07)
(-10 7.86095e-08 -1.43021e-07)
(-10 1.43194e-07 -1.388e-07)
(-10 1.96219e-07 -1.33747e-07)
(-10 2.59762e-07 -1.24535e-07)
(-10 3.26153e-07 -1.20023e-07)
(-10 4.0355e-07 -1.05593e-07)
(-10 4.86614e-07 -9.91732e-08)
(-10 5.82297e-07 -7.92062e-08)
(-10 6.84139e-07 -7.13842e-08)
(-10 7.9576e-07 -4.76038e-08)
(-10 9.08408e-07 -3.83462e-08)
(-10 1.0203e-06 -1.16603e-08)
(-10 1.121e-06 -4.44133e-09)
(-10 1.20093e-06 2.36655e-08)
(-10 1.24732e-06 3.54968e-08)
(-10 1.25116e-06 7.17641e-08)
(-10 1.20404e-06 8.07073e-08)
(-10 1.11492e-06 9.3689e-08)
(-10 1.02491e-06 9.63096e-08)
(-10 9.77047e-07 1.10163e-07)
(-10 1.01322e-06 9.10621e-08)
(-10 1.12527e-06 7.90121e-08)
(-10 1.16512e-06 3.75197e-08)
(-10 1.14043e-06 1.5012e-08)
(-10 1.04229e-06 -1.65343e-08)
(-10 4.60911e-08 -2.28937e-08)
(-10 1.16532e-07 -3.38794e-08)
(-10 1.99564e-07 -3.3348e-08)
(-10 2.73931e-07 -3.13792e-08)
(-10 3.55536e-07 -2.93823e-08)
(-10 4.40824e-07 -2.8241e-08)
(-10 5.33593e-07 -2.47347e-08)
(-10 6.31444e-07 -2.36486e-08)
(-10 7.37293e-07 -1.85132e-08)
(-10 8.47934e-07 -1.74643e-08)
(-10 9.6367e-07 -9.79201e-09)
(-10 1.078e-06 -7.82985e-09)
(-10 1.18686e-06 2.91749e-10)
(-10 1.28204e-06 2.74061e-09)
(-10 1.35719e-06 1.15113e-08)
(-10 1.4053e-06 1.71592e-08)
(-10 1.41714e-06 2.22237e-08)
(-10 1.37678e-06 3.5001e-08)
(-10 1.28454e-06 3.16891e-08)
(-10 1.18358e-06 3.47297e-08)
(-10 1.11388e-06 3.72772e-08)
(-10 1.1292e-06 2.70901e-08)
(-10 1.20092e-06 2.02368e-08)
(-10 1.22452e-06 7.42635e-09)
(-10 1.19877e-06 7.78465e-09)
(-10 1.11172e-06 3.89335e-09)
(-10 8.43881e-07 -2.14717e-08)
(-10 5.18012e-07 -6.57727e-09)
(-10 2.76435e-07 -4.16983e-09)
(-10 1.12072e-07 8.77788e-09)
(-10 -2.31819e-08 1.26799e-08)
(-10 -3.49643e-08 6.55383e-08)
(-10 2.65459e-08 1.41952e-08)
(-10 -6.61725e-08 -1.45355e-09)
(-10 -3.3068e-07 1.56003e-08)
(-10 -6.65314e-07 2.42106e-08)
(-10 -1.07251e-06 2.20565e-08)
(-10 -1.49592e-06 1.9894e-08)
(-10 -1.85681e-06 3.66673e-08)
(-10 -2.14944e-06 3.97649e-08)
(-10 -2.37511e-06 5.01178e-08)
(-10 -2.47831e-06 5.1578e-08)
(-10 -2.4276e-06 6.01595e-08)
(-10 -2.25742e-06 5.30194e-08)
(-10 -2.00735e-06 7.12089e-08)
(-10 -1.68121e-06 7.96074e-08)
(-10 -1.30665e-06 8.47474e-08)
(-10 -8.76472e-07 7.84997e-08)
(-10 -4.83006e-07 6.14344e-08)
(-10 -1.14449e-07 6.46956e-08)
(-10 7.87468e-07 -5.33699e-08)
(-10 4.69401e-07 -2.26575e-08)
(-10 2.08676e-07 -9.75919e-09)
(-10 3.8777e-08 1.96038e-08)
(-10 -6.04542e-08 2.58667e-08)
(-10 -1.17085e-07 8.78035e-08)
(-10 -9.9506e-08 3.91295e-08)
(-10 -1.4344e-07 2.55935e-08)
(-10 -3.63744e-07 1.50297e-08)
(-10 -7.1654e-07 4.94618e-08)
(-10 -1.15801e-06 3.45274e-08)
(-10 -1.55513e-06 6.15843e-08)
(-10 -1.89518e-06 7.06481e-08)
(-10 -2.1915e-06 9.4285e-08)
(-10 -2.40676e-06 8.85521e-08)
(-10 -2.51222e-06 1.19755e-07)
(-10 -2.461e-06 1.32312e-07)
(-10 -2.26782e-06 1.4824e-07)
(-10 -2.00021e-06 1.70909e-07)
(-10 -1.67963e-06 1.90401e-07)
(-10 -1.31094e-06 1.80209e-07)
(-10 -8.85023e-07 1.84234e-07)
(-10 -4.98755e-07 1.80001e-07)
(-10 -1.52384e-07 1.81708e-07)
(-10 7.95528e-07 -3.5192e-08)
(-10 5.13824e-07 -1.97138e-08)
(-10 2.53673e-07 1.62501e-08)
(-10 6.74599e-08 5.19551e-08)
(-10 -4.09549e-08 6.52434e-08)
(-10 -1.21267e-07 8.02802e-08)
(-10 -8.25318e-08 1.07994e-07)
(-10 -9.6359e-08 7.36075e-08)
(-10 -3.49561e-07 4.23822e-08)
(-10 -7.25644e-07 3.86407e-08)
(-10 -1.16784e-06 5.156e-08)
(-10 -1.54787e-06 9.94034e-08)
(-10 -1.89235e-06 1.07359e-07)
(-10 -2.20017e-06 1.16623e-07)
(-10 -2.39969e-06 1.27322e-07)
(-10 -2.46904e-06 1.68491e-07)
(-10 -2.43313e-06 1.62933e-07)
(-10 -2.25776e-06 1.94833e-07)
(-10 -1.98788e-06 1.93741e-07)
(-10 -1.69303e-06 2.21782e-07)
(-10 -1.32419e-06 2.37114e-07)
(-10 -8.72215e-07 2.50103e-07)
(-10 -5.13002e-07 2.52216e-07)
(-10 -1.55667e-07 2.76151e-07)
(-10 8.05994e-07 -2.2272e-08)
(-10 5.56249e-07 -9.78811e-09)
(-10 3.16334e-07 1.51307e-08)
(-10 1.1436e-07 4.79703e-08)
(-10 -1.72645e-08 5.96693e-08)
(-10 -6.13378e-08 7.28394e-08)
(-10 -5.00364e-08 1.09005e-07)
(-10 -1.16918e-07 8.41432e-08)
(-10 -3.46325e-07 5.46587e-08)
(-10 -7.0084e-07 2.83698e-08)
(-10 -1.12644e-06 3.79367e-08)
(-10 -1.51907e-06 8.04513e-08)
(-10 -1.89653e-06 6.38914e-08)
(-10 -2.15639e-06 8.17057e-08)
(-10 -2.32773e-06 8.02229e-08)
(-10 -2.45563e-06 1.0791e-07)
(-10 -2.42867e-06 1.13589e-07)
(-10 -2.23679e-06 1.32251e-07)
(-10 -1.96884e-06 1.20751e-07)
(-10 -1.6313e-06 1.43555e-07)
(-10 -1.26452e-06 1.65969e-07)
(-10 -8.432e-07 1.90111e-07)
(-10 -5.04869e-07 1.9531e-07)
(-10 -1.62763e-07 2.12215e-07)
(-10 9.16029e-07 7.49064e-09)
(-10 7.0459e-07 1.31045e-08)
(-10 5.04653e-07 2.31323e-08)
(-10 3.35973e-07 3.3596e-08)
(-10 2.28634e-07 3.86436e-08)
(-10 2.19203e-07 4.75527e-08)
(-10 2.53324e-07 5.32722e-08)
(-10 2.07523e-07 5.81203e-08)
(-10 7.61826e-09 4.76428e-08)
(-10 -2.99652e-07 4.1264e-08)
(-10 -6.63901e-07 2.99301e-08)
(-10 -1.07208e-06 4.76425e-08)
(-10 -1.41262e-06 2.447e-08)
(-10 -1.655e-06 4.25331e-08)
(-10 -1.82897e-06 1.49124e-08)
(-10 -1.90371e-06 1.90811e-08)
(-10 -1.91129e-06 3.80286e-08)
(-10 -1.80188e-06 3.81999e-08)
(-10 -1.58746e-06 3.10463e-08)
(-10 -1.30616e-06 3.50348e-08)
(-10 -1.0063e-06 3.07353e-08)
(-10 -6.54396e-07 4.04697e-08)
(-10 -4.00771e-07 4.10598e-08)
(-10 -1.36134e-07 5.11198e-08)
)
;
    }
    lowerWall
    {
        type            fixedValue;
        value           uniform (-10 0 0);
    }
    upperWall
    {
        type            slip;
    }
}


// ************************************************************************* //
